
Mon Mar  9 03:32:34 CET 2026
cd /out/sourcedata/freesurfer/sub-v1s16x0051183_ses-1
setenv SUBJECTS_DIR /out/sourcedata/freesurfer
/opt/freesurfer/bin/recon-all -autorecon-hemi rh -noparcstats -noparcstats2 -noparcstats3 -nohyporelabel -nobalabels -rh-only -openmp 16 -subjid sub-v1s16x0051183_ses-1 -sd /out/sourcedata/freesurfer

subjid sub-v1s16x0051183_ses-1
setenv SUBJECTS_DIR /out/sourcedata/freesurfer
FREESURFER_HOME /opt/freesurfer
Actual FREESURFER_HOME /opt/freesurfer
build-stamp.txt: freesurfer-linux-ubuntu22_x86_64-7.3.2-20220804-6354275
Linux dna080 5.14.0-427.37.1.el9_4.x86_64 #1 SMP PREEMPT_DYNAMIC Fri Sep 13 12:41:50 EDT 2024 x86_64 x86_64 x86_64 GNU/Linux
cputime      unlimited
filesize     unlimited
datasize     unlimited
stacksize    8192 kbytes
coredumpsize 0 kbytes
memoryuse    67108864 kbytes
vmemoryuse   unlimited
descriptors  1024 
memorylocked unlimited
maxproc      2061970 
maxlocks     unlimited
maxsignal    2062029 
maxmessage   819200 
maxnice      0 
maxrtprio    0 
maxrttime    unlimited

               total        used        free      shared  buff/cache   available
Mem:           503Gi        67Gi       386Gi        15Gi        49Gi       417Gi
Swap:             0B          0B          0B

########################################
program versions used
7.3.2 (freesurfer-linux-ubuntu22_x86_64-7.3.2-20220804-6354275)
7.3.2

ProgramName: lta_convert  ProgramArguments: lta_convert -all-info  ProgramVersion: 7.3.2  TimeStamp: 2026/03/09-02:32:34-GMT  BuildTime: Aug  4 2022 06:17:15  BuildStamp: freesurfer-linux-ubuntu22_x86_64-7.3.2-20220804-6354275  User: oesteban  Machine: dna080  Platform: Linux  PlatformVersion: 5.14.0-427.37.1.el9_4.x86_64  CompilerName: GCC  CompilerVersion: 8.4.0
ProgramName: mri_and  ProgramArguments: mri_and -all-info  ProgramVersion: 7.3.2  TimeStamp: 2026/03/09-02:32:34-GMT  BuildTime: Aug  4 2022 06:17:15  BuildStamp: freesurfer-linux-ubuntu22_x86_64-7.3.2-20220804-6354275  User: oesteban  Machine: dna080  Platform: Linux  PlatformVersion: 5.14.0-427.37.1.el9_4.x86_64  CompilerName: GCC  CompilerVersion: 8.4.0
ProgramName: mri_annotation2label  ProgramArguments: mri_annotation2label -all-info  ProgramVersion: 7.3.2  TimeStamp: 2026/03/09-02:32:34-GMT  BuildTime: Aug  4 2022 06:17:15  BuildStamp: freesurfer-linux-ubuntu22_x86_64-7.3.2-20220804-6354275  User: oesteban  Machine: dna080  Platform: Linux  PlatformVersion: 5.14.0-427.37.1.el9_4.x86_64  CompilerName: GCC  CompilerVersion: 8.4.0
ProgramName: mri_aparc2aseg  ProgramArguments: mri_aparc2aseg -all-info  ProgramVersion: 7.3.2  TimeStamp: 2026/03/09-02:32:34-GMT  BuildTime: Aug  4 2022 06:17:15  BuildStamp: freesurfer-linux-ubuntu22_x86_64-7.3.2-20220804-6354275  User: oesteban  Machine: dna080  Platform: Linux  PlatformVersion: 5.14.0-427.37.1.el9_4.x86_64  CompilerName: GCC  CompilerVersion: 8.4.0
ProgramName: mri_surf2volseg  ProgramArguments: mri_surf2volseg -all-info  ProgramVersion: 7.3.2  TimeStamp: 2026/03/09-02:32:34-GMT  BuildTime: Aug  4 2022 06:17:15  BuildStamp: freesurfer-linux-ubuntu22_x86_64-7.3.2-20220804-6354275  User: oesteban  Machine: dna080  Platform: Linux  PlatformVersion: 5.14.0-427.37.1.el9_4.x86_64  CompilerName: GCC  CompilerVersion: 8.4.0
ProgramName: mri_binarize  ProgramArguments: mri_binarize -all-info  ProgramVersion: 7.3.2  TimeStamp: 2026/03/09-02:32:34-GMT  BuildTime: Aug  4 2022 06:17:15  BuildStamp: freesurfer-linux-ubuntu22_x86_64-7.3.2-20220804-6354275  User: oesteban  Machine: dna080  Platform: Linux  PlatformVersion: 5.14.0-427.37.1.el9_4.x86_64  CompilerName: GCC  CompilerVersion: 8.4.0
ProgramName: mri_ca_label  ProgramArguments: mri_ca_label -all-info  ProgramVersion: 7.3.2  TimeStamp: 2026/03/09-02:32:34-GMT  BuildTime: Aug  4 2022 06:17:15  BuildStamp: freesurfer-linux-ubuntu22_x86_64-7.3.2-20220804-6354275  User: oesteban  Machine: dna080  Platform: Linux  PlatformVersion: 5.14.0-427.37.1.el9_4.x86_64  CompilerName: GCC  CompilerVersion: 8.4.0
ProgramName: mri_ca_normalize  ProgramArguments: mri_ca_normalize -all-info  ProgramVersion: 7.3.2  TimeStamp: 2026/03/09-02:32:34-GMT  BuildTime: Aug  4 2022 06:17:15  BuildStamp: freesurfer-linux-ubuntu22_x86_64-7.3.2-20220804-6354275  User: oesteban  Machine: dna080  Platform: Linux  PlatformVersion: 5.14.0-427.37.1.el9_4.x86_64  CompilerName: GCC  CompilerVersion: 8.4.0
ProgramName: mri_ca_register  ProgramArguments: mri_ca_register -all-info  ProgramVersion: 7.3.2  TimeStamp: 2026/03/09-02:32:34-GMT  BuildTime: Aug  4 2022 06:17:15  BuildStamp: freesurfer-linux-ubuntu22_x86_64-7.3.2-20220804-6354275  User: oesteban  Machine: dna080  Platform: Linux  PlatformVersion: 5.14.0-427.37.1.el9_4.x86_64  CompilerName: GCC  CompilerVersion: 8.4.0
ProgramName: mri_cc  ProgramArguments: mri_cc -all-info  ProgramVersion: 7.3.2  TimeStamp: 2026/03/09-02:32:34-GMT  BuildTime: Aug  4 2022 06:17:15  BuildStamp: freesurfer-linux-ubuntu22_x86_64-7.3.2-20220804-6354275  User: oesteban  Machine: dna080  Platform: Linux  PlatformVersion: 5.14.0-427.37.1.el9_4.x86_64  CompilerName: GCC  CompilerVersion: 8.4.0
ProgramName: mri_compute_overlap  ProgramArguments: mri_compute_overlap -all-info  ProgramVersion: 7.3.2  TimeStamp: 2026/03/09-02:32:34-GMT  BuildTime: Aug  4 2022 06:17:15  BuildStamp: freesurfer-linux-ubuntu22_x86_64-7.3.2-20220804-6354275  User: oesteban  Machine: dna080  Platform: Linux  PlatformVersion: 5.14.0-427.37.1.el9_4.x86_64  CompilerName: GCC  CompilerVersion: 8.4.0
ProgramName: mri_compute_seg_overlap  ProgramArguments: mri_compute_seg_overlap -all-info  ProgramVersion: 7.3.2  TimeStamp: 2026/03/09-02:32:34-GMT  BuildTime: Aug  4 2022 06:17:15  BuildStamp: freesurfer-linux-ubuntu22_x86_64-7.3.2-20220804-6354275  User: oesteban  Machine: dna080  Platform: Linux  PlatformVersion: 5.14.0-427.37.1.el9_4.x86_64  CompilerName: GCC  CompilerVersion: 8.4.0
ProgramName: mri_concat  ProgramArguments: mri_concat -all-info  ProgramVersion: 7.3.2  TimeStamp: 2026/03/09-02:32:34-GMT  BuildTime: Aug  4 2022 06:17:15  BuildStamp: freesurfer-linux-ubuntu22_x86_64-7.3.2-20220804-6354275  User: oesteban  Machine: dna080  Platform: Linux  PlatformVersion: 5.14.0-427.37.1.el9_4.x86_64  CompilerName: GCC  CompilerVersion: 8.4.0
ProgramName: mri_concatenate_lta  ProgramArguments: mri_concatenate_lta -all-info  ProgramVersion: 7.3.2  TimeStamp: 2026/03/09-02:32:34-GMT  BuildTime: Aug  4 2022 06:17:15  BuildStamp: freesurfer-linux-ubuntu22_x86_64-7.3.2-20220804-6354275  User: oesteban  Machine: dna080  Platform: Linux  PlatformVersion: 5.14.0-427.37.1.el9_4.x86_64  CompilerName: GCC  CompilerVersion: 8.4.0
mri_convert -all-info 
ProgramName: mri_convert  ProgramArguments: mri_convert -all-info  ProgramVersion: 7.3.2  TimeStamp: 2026/03/09-02:32:34-GMT  BuildTime: Aug  4 2022 06:17:15  BuildStamp: freesurfer-linux-ubuntu22_x86_64-7.3.2-20220804-6354275  User: oesteban  Machine: dna080  Platform: Linux  PlatformVersion: 5.14.0-427.37.1.el9_4.x86_64  CompilerName: GCC  CompilerVersion: 8.4.0
ProgramName: mri_diff  ProgramArguments: mri_diff -all-info  ProgramVersion: 7.3.2  TimeStamp: 2026/03/09-02:32:34-GMT  BuildTime: Aug  4 2022 06:17:15  BuildStamp: freesurfer-linux-ubuntu22_x86_64-7.3.2-20220804-6354275  User: oesteban  Machine: dna080  Platform: Linux  PlatformVersion: 5.14.0-427.37.1.el9_4.x86_64  CompilerName: GCC  CompilerVersion: 8.4.0
ProgramName: mri_edit_wm_with_aseg  ProgramArguments: mri_edit_wm_with_aseg -all-info  ProgramVersion: 7.3.2  TimeStamp: 2026/03/09-02:32:34-GMT  BuildTime: Aug  4 2022 06:17:15  BuildStamp: freesurfer-linux-ubuntu22_x86_64-7.3.2-20220804-6354275  User: oesteban  Machine: dna080  Platform: Linux  PlatformVersion: 5.14.0-427.37.1.el9_4.x86_64  CompilerName: GCC  CompilerVersion: 8.4.0
ProgramName: mri_em_register  ProgramArguments: mri_em_register -all-info  ProgramVersion: 7.3.2  TimeStamp: 2026/03/09-02:32:34-GMT  BuildTime: Aug  4 2022 06:17:15  BuildStamp: freesurfer-linux-ubuntu22_x86_64-7.3.2-20220804-6354275  User: oesteban  Machine: dna080  Platform: Linux  PlatformVersion: 5.14.0-427.37.1.el9_4.x86_64  CompilerName: GCC  CompilerVersion: 8.4.0
ProgramName: mri_fill  ProgramArguments: mri_fill -all-info  ProgramVersion: 7.3.2  TimeStamp: 2026/03/09-02:32:34-GMT  BuildTime: Aug  4 2022 06:17:15  BuildStamp: freesurfer-linux-ubuntu22_x86_64-7.3.2-20220804-6354275  User: oesteban  Machine: dna080  Platform: Linux  PlatformVersion: 5.14.0-427.37.1.el9_4.x86_64  CompilerName: GCC  CompilerVersion: 8.4.0
ProgramName: mri_fuse_segmentations  ProgramArguments: mri_fuse_segmentations -all-info  ProgramVersion: 7.3.2  TimeStamp: 2026/03/09-02:32:34-GMT  BuildTime: Aug  4 2022 06:17:15  BuildStamp: freesurfer-linux-ubuntu22_x86_64-7.3.2-20220804-6354275  User: oesteban  Machine: dna080  Platform: Linux  PlatformVersion: 5.14.0-427.37.1.el9_4.x86_64  CompilerName: GCC  CompilerVersion: 8.4.0
ProgramName: mri_fwhm  ProgramArguments: mri_fwhm -all-info  ProgramVersion: 7.3.2  TimeStamp: 2026/03/09-02:32:34-GMT  BuildTime: Aug  4 2022 06:17:15  BuildStamp: freesurfer-linux-ubuntu22_x86_64-7.3.2-20220804-6354275  User: oesteban  Machine: dna080  Platform: Linux  PlatformVersion: 5.14.0-427.37.1.el9_4.x86_64  CompilerName: GCC  CompilerVersion: 8.4.0
ProgramName: mri_gcut  ProgramArguments: mri_gcut -all-info  ProgramVersion: 7.3.2  TimeStamp: 2026/03/09-02:32:34-GMT  BuildTime: Aug  4 2022 06:17:15  BuildStamp: freesurfer-linux-ubuntu22_x86_64-7.3.2-20220804-6354275  User: oesteban  Machine: dna080  Platform: Linux  PlatformVersion: 5.14.0-427.37.1.el9_4.x86_64  CompilerName: GCC  CompilerVersion: 8.4.0
ProgramName: mri_info  ProgramArguments: mri_info -all-info  ProgramVersion: 7.3.2  TimeStamp: 2026/03/09-02:32:34-GMT  BuildTime: Aug  4 2022 06:17:15  BuildStamp: freesurfer-linux-ubuntu22_x86_64-7.3.2-20220804-6354275  User: oesteban  Machine: dna080  Platform: Linux  PlatformVersion: 5.14.0-427.37.1.el9_4.x86_64  CompilerName: GCC  CompilerVersion: 8.4.0
ProgramName: mri_label2label  ProgramArguments: mri_label2label -all-info  ProgramVersion: 7.3.2  TimeStamp: 2026/03/09-02:32:34-GMT  BuildTime: Aug  4 2022 06:17:15  BuildStamp: freesurfer-linux-ubuntu22_x86_64-7.3.2-20220804-6354275  User: oesteban  Machine: dna080  Platform: Linux  PlatformVersion: 5.14.0-427.37.1.el9_4.x86_64  CompilerName: GCC  CompilerVersion: 8.4.0
ProgramName: mri_label2vol  ProgramArguments: mri_label2vol -all-info  ProgramVersion: 7.3.2  TimeStamp: 2026/03/09-02:32:34-GMT  BuildTime: Aug  4 2022 06:17:15  BuildStamp: freesurfer-linux-ubuntu22_x86_64-7.3.2-20220804-6354275  User: oesteban  Machine: dna080  Platform: Linux  PlatformVersion: 5.14.0-427.37.1.el9_4.x86_64  CompilerName: GCC  CompilerVersion: 8.4.0
ProgramName: mri_log_likelihood  ProgramArguments: mri_log_likelihood -all-info  ProgramVersion: 7.3.2  TimeStamp: 2026/03/09-02:32:34-GMT  BuildTime: Aug  4 2022 06:17:15  BuildStamp: freesurfer-linux-ubuntu22_x86_64-7.3.2-20220804-6354275  User: oesteban  Machine: dna080  Platform: Linux  PlatformVersion: 5.14.0-427.37.1.el9_4.x86_64  CompilerName: GCC  CompilerVersion: 8.4.0
ProgramName: mri_mask  ProgramArguments: mri_mask -all-info  ProgramVersion: 7.3.2  TimeStamp: 2026/03/09-02:32:34-GMT  BuildTime: Aug  4 2022 06:17:15  BuildStamp: freesurfer-linux-ubuntu22_x86_64-7.3.2-20220804-6354275  User: oesteban  Machine: dna080  Platform: Linux  PlatformVersion: 5.14.0-427.37.1.el9_4.x86_64  CompilerName: GCC  CompilerVersion: 8.4.0
ProgramName: mri_matrix_multiply  ProgramArguments: mri_matrix_multiply -all-info  ProgramVersion: 7.3.2  TimeStamp: 2026/03/09-02:32:34-GMT  BuildTime: Aug  4 2022 06:17:15  BuildStamp: freesurfer-linux-ubuntu22_x86_64-7.3.2-20220804-6354275  User: oesteban  Machine: dna080  Platform: Linux  PlatformVersion: 5.14.0-427.37.1.el9_4.x86_64  CompilerName: GCC  CompilerVersion: 8.4.0
ProgramName: mri_normalize  ProgramArguments: mri_normalize -all-info  ProgramVersion: 7.3.2  TimeStamp: 2026/03/09-02:32:34-GMT  BuildTime: Aug  4 2022 06:17:15  BuildStamp: freesurfer-linux-ubuntu22_x86_64-7.3.2-20220804-6354275  User: oesteban  Machine: dna080  Platform: Linux  PlatformVersion: 5.14.0-427.37.1.el9_4.x86_64  CompilerName: GCC  CompilerVersion: 8.4.0
ProgramName: mri_normalize_tp2  ProgramArguments: mri_normalize_tp2 -all-info  ProgramVersion: 7.3.2  TimeStamp: 2026/03/09-02:32:34-GMT  BuildTime: Aug  4 2022 06:17:15  BuildStamp: freesurfer-linux-ubuntu22_x86_64-7.3.2-20220804-6354275  User: oesteban  Machine: dna080  Platform: Linux  PlatformVersion: 5.14.0-427.37.1.el9_4.x86_64  CompilerName: GCC  CompilerVersion: 8.4.0
ProgramName: mri_or  ProgramArguments: mri_or -all-info  ProgramVersion: 7.3.2  TimeStamp: 2026/03/09-02:32:34-GMT  BuildTime: Aug  4 2022 06:17:15  BuildStamp: freesurfer-linux-ubuntu22_x86_64-7.3.2-20220804-6354275  User: oesteban  Machine: dna080  Platform: Linux  PlatformVersion: 5.14.0-427.37.1.el9_4.x86_64  CompilerName: GCC  CompilerVersion: 8.4.0
ProgramName: mri_relabel_hypointensities  ProgramArguments: mri_relabel_hypointensities -all-info  ProgramVersion: 7.3.2  TimeStamp: 2026/03/09-02:32:34-GMT  BuildTime: Aug  4 2022 06:17:15  BuildStamp: freesurfer-linux-ubuntu22_x86_64-7.3.2-20220804-6354275  User: oesteban  Machine: dna080  Platform: Linux  PlatformVersion: 5.14.0-427.37.1.el9_4.x86_64  CompilerName: GCC  CompilerVersion: 8.4.0
ProgramName: mri_relabel_nonwm_hypos  ProgramArguments: mri_relabel_nonwm_hypos -all-info  ProgramVersion: 7.3.2  TimeStamp: 2026/03/09-02:32:34-GMT  BuildTime: Aug  4 2022 06:17:15  BuildStamp: freesurfer-linux-ubuntu22_x86_64-7.3.2-20220804-6354275  User: oesteban  Machine: dna080  Platform: Linux  PlatformVersion: 5.14.0-427.37.1.el9_4.x86_64  CompilerName: GCC  CompilerVersion: 8.4.0
ProgramName: mri_remove_neck  ProgramArguments: mri_remove_neck -all-info  ProgramVersion: 7.3.2  TimeStamp: 2026/03/09-02:32:34-GMT  BuildTime: Aug  4 2022 06:17:15  BuildStamp: freesurfer-linux-ubuntu22_x86_64-7.3.2-20220804-6354275  User: oesteban  Machine: dna080  Platform: Linux  PlatformVersion: 5.14.0-427.37.1.el9_4.x86_64  CompilerName: GCC  CompilerVersion: 8.4.0
7.3.2

ProgramName: mri_robust_register  ProgramArguments: mri_robust_register -all-info  ProgramVersion: 7.3.2  TimeStamp: 2026/03/09-02:32:34-GMT  BuildTime: Aug  4 2022 06:17:15  BuildStamp: freesurfer-linux-ubuntu22_x86_64-7.3.2-20220804-6354275  User: oesteban  Machine: dna080  Platform: Linux  PlatformVersion: 5.14.0-427.37.1.el9_4.x86_64  CompilerName: GCC  CompilerVersion: 8.4.0
7.3.2

ProgramName: mri_robust_template  ProgramArguments: mri_robust_template -all-info  ProgramVersion: 7.3.2  TimeStamp: 2026/03/09-02:32:34-GMT  BuildTime: Aug  4 2022 06:17:15  BuildStamp: freesurfer-linux-ubuntu22_x86_64-7.3.2-20220804-6354275  User: oesteban  Machine: dna080  Platform: Linux  PlatformVersion: 5.14.0-427.37.1.el9_4.x86_64  CompilerName: GCC  CompilerVersion: 8.4.0
ProgramName: mris_anatomical_stats  ProgramArguments: mris_anatomical_stats -all-info  ProgramVersion: 7.3.2  TimeStamp: 2026/03/09-02:32:34-GMT  BuildTime: Aug  4 2022 06:17:15  BuildStamp: freesurfer-linux-ubuntu22_x86_64-7.3.2-20220804-6354275  User: oesteban  Machine: dna080  Platform: Linux  PlatformVersion: 5.14.0-427.37.1.el9_4.x86_64  CompilerName: GCC  CompilerVersion: 8.4.0
ProgramName: mris_ca_label  ProgramArguments: mris_ca_label -all-info  ProgramVersion: 7.3.2  TimeStamp: 2026/03/09-02:32:34-GMT  BuildTime: Aug  4 2022 06:17:15  BuildStamp: freesurfer-linux-ubuntu22_x86_64-7.3.2-20220804-6354275  User: oesteban  Machine: dna080  Platform: Linux  PlatformVersion: 5.14.0-427.37.1.el9_4.x86_64  CompilerName: GCC  CompilerVersion: 8.4.0
ProgramName: mris_calc  ProgramArguments: mris_calc -all-info  ProgramVersion: 7.3.2  TimeStamp: 2026/03/09-02:32:34-GMT  BuildTime: Aug  4 2022 06:17:15  BuildStamp: freesurfer-linux-ubuntu22_x86_64-7.3.2-20220804-6354275  User: oesteban  Machine: dna080  Platform: Linux  PlatformVersion: 5.14.0-427.37.1.el9_4.x86_64  CompilerName: GCC  CompilerVersion: 8.4.0
ProgramName: mris_convert  ProgramArguments: mris_convert -all-info  ProgramVersion: 7.3.2  TimeStamp: 2026/03/09-02:32:34-GMT  BuildTime: Aug  4 2022 06:17:15  BuildStamp: freesurfer-linux-ubuntu22_x86_64-7.3.2-20220804-6354275  User: oesteban  Machine: dna080  Platform: Linux  PlatformVersion: 5.14.0-427.37.1.el9_4.x86_64  CompilerName: GCC  CompilerVersion: 8.4.0
ProgramName: mris_curvature  ProgramArguments: mris_curvature -all-info  ProgramVersion: 7.3.2  TimeStamp: 2026/03/09-02:32:34-GMT  BuildTime: Aug  4 2022 06:17:15  BuildStamp: freesurfer-linux-ubuntu22_x86_64-7.3.2-20220804-6354275  User: oesteban  Machine: dna080  Platform: Linux  PlatformVersion: 5.14.0-427.37.1.el9_4.x86_64  CompilerName: GCC  CompilerVersion: 8.4.0
ProgramName: mris_curvature_stats  ProgramArguments: mris_curvature_stats -all-info  ProgramVersion: 7.3.2  TimeStamp: 2026/03/09-02:32:34-GMT  BuildTime: Aug  4 2022 06:17:15  BuildStamp: freesurfer-linux-ubuntu22_x86_64-7.3.2-20220804-6354275  User: oesteban  Machine: dna080  Platform: Linux  PlatformVersion: 5.14.0-427.37.1.el9_4.x86_64  CompilerName: GCC  CompilerVersion: 8.4.0
ProgramName: mris_diff  ProgramArguments: mris_diff -all-info  ProgramVersion: 7.3.2  TimeStamp: 2026/03/09-02:32:34-GMT  BuildTime: Aug  4 2022 06:17:15  BuildStamp: freesurfer-linux-ubuntu22_x86_64-7.3.2-20220804-6354275  User: oesteban  Machine: dna080  Platform: Linux  PlatformVersion: 5.14.0-427.37.1.el9_4.x86_64  CompilerName: GCC  CompilerVersion: 8.4.0
ProgramName: mris_divide_parcellation  ProgramArguments: mris_divide_parcellation -all-info  ProgramVersion: 7.3.2  TimeStamp: 2026/03/09-02:32:34-GMT  BuildTime: Aug  4 2022 06:17:15  BuildStamp: freesurfer-linux-ubuntu22_x86_64-7.3.2-20220804-6354275  User: oesteban  Machine: dna080  Platform: Linux  PlatformVersion: 5.14.0-427.37.1.el9_4.x86_64  CompilerName: GCC  CompilerVersion: 8.4.0
ProgramName: mri_segment  ProgramArguments: mri_segment -all-info  ProgramVersion: 7.3.2  TimeStamp: 2026/03/09-02:32:34-GMT  BuildTime: Aug  4 2022 06:17:15  BuildStamp: freesurfer-linux-ubuntu22_x86_64-7.3.2-20220804-6354275  User: oesteban  Machine: dna080  Platform: Linux  PlatformVersion: 5.14.0-427.37.1.el9_4.x86_64  CompilerName: GCC  CompilerVersion: 8.4.0
ProgramName: mri_segstats  ProgramArguments: mri_segstats -all-info  ProgramVersion: 7.3.2  TimeStamp: 2026/03/09-02:32:34-GMT  BuildTime: Aug  4 2022 06:17:15  BuildStamp: freesurfer-linux-ubuntu22_x86_64-7.3.2-20220804-6354275  User: oesteban  Machine: dna080  Platform: Linux  PlatformVersion: 5.14.0-427.37.1.el9_4.x86_64  CompilerName: GCC  CompilerVersion: 8.4.0
ProgramName: mris_euler_number  ProgramArguments: mris_euler_number -all-info  ProgramVersion: 7.3.2  TimeStamp: 2026/03/09-02:32:34-GMT  BuildTime: Aug  4 2022 06:17:15  BuildStamp: freesurfer-linux-ubuntu22_x86_64-7.3.2-20220804-6354275  User: oesteban  Machine: dna080  Platform: Linux  PlatformVersion: 5.14.0-427.37.1.el9_4.x86_64  CompilerName: GCC  CompilerVersion: 8.4.0
ProgramName: mris_fix_topology  ProgramArguments: mris_fix_topology -all-info  ProgramVersion: 7.3.2  TimeStamp: 2026/03/09-02:32:34-GMT  BuildTime: Aug  4 2022 06:17:15  BuildStamp: freesurfer-linux-ubuntu22_x86_64-7.3.2-20220804-6354275  User: oesteban  Machine: dna080  Platform: Linux  PlatformVersion: 5.14.0-427.37.1.el9_4.x86_64  CompilerName: GCC  CompilerVersion: 8.4.0
ProgramName: mris_topo_fixer  ProgramArguments: mris_topo_fixer -all-info  ProgramVersion: 7.3.2  TimeStamp: 2026/03/09-02:32:34-GMT  BuildTime: Aug  4 2022 06:17:15  BuildStamp: freesurfer-linux-ubuntu22_x86_64-7.3.2-20220804-6354275  User: oesteban  Machine: dna080  Platform: Linux  PlatformVersion: 5.14.0-427.37.1.el9_4.x86_64  CompilerName: GCC  CompilerVersion: 8.4.0
ProgramName: mris_jacobian  ProgramArguments: mris_jacobian -all-info  ProgramVersion: 7.3.2  TimeStamp: 2026/03/09-02:32:34-GMT  BuildTime: Aug  4 2022 06:17:15  BuildStamp: freesurfer-linux-ubuntu22_x86_64-7.3.2-20220804-6354275  User: oesteban  Machine: dna080  Platform: Linux  PlatformVersion: 5.14.0-427.37.1.el9_4.x86_64  CompilerName: GCC  CompilerVersion: 8.4.0
ProgramName: mris_label2annot  ProgramArguments: mris_label2annot -all-info  ProgramVersion: 7.3.2  TimeStamp: 2026/03/09-02:32:34-GMT  BuildTime: Aug  4 2022 06:17:15  BuildStamp: freesurfer-linux-ubuntu22_x86_64-7.3.2-20220804-6354275  User: oesteban  Machine: dna080  Platform: Linux  PlatformVersion: 5.14.0-427.37.1.el9_4.x86_64  CompilerName: GCC  CompilerVersion: 8.4.0
ProgramName: mris_left_right_register  ProgramArguments: mris_left_right_register -all-info  ProgramVersion: 7.3.2  TimeStamp: 2026/03/09-02:32:34-GMT  BuildTime: Aug  4 2022 06:17:15  BuildStamp: freesurfer-linux-ubuntu22_x86_64-7.3.2-20220804-6354275  User: oesteban  Machine: dna080  Platform: Linux  PlatformVersion: 5.14.0-427.37.1.el9_4.x86_64  CompilerName: GCC  CompilerVersion: 8.4.0
ProgramName: mris_place_surface  ProgramArguments: mris_place_surface -all-info  ProgramVersion: 7.3.2  TimeStamp: 2026/03/09-02:32:34-GMT  BuildTime: Aug  4 2022 06:17:15  BuildStamp: freesurfer-linux-ubuntu22_x86_64-7.3.2-20220804-6354275  User: oesteban  Machine: dna080  Platform: Linux  PlatformVersion: 5.14.0-427.37.1.el9_4.x86_64  CompilerName: GCC  CompilerVersion: 8.4.0
ProgramName: mrisp_paint  ProgramArguments: mrisp_paint -all-info  ProgramVersion: 7.3.2  TimeStamp: 2026/03/09-02:32:34-GMT  BuildTime: Aug  4 2022 06:17:15  BuildStamp: freesurfer-linux-ubuntu22_x86_64-7.3.2-20220804-6354275  User: oesteban  Machine: dna080  Platform: Linux  PlatformVersion: 5.14.0-427.37.1.el9_4.x86_64  CompilerName: GCC  CompilerVersion: 8.4.0
ProgramName: mris_register  ProgramArguments: mris_register -all-info  ProgramVersion: 7.3.2  TimeStamp: 2026/03/09-02:32:34-GMT  BuildTime: Aug  4 2022 06:17:15  BuildStamp: freesurfer-linux-ubuntu22_x86_64-7.3.2-20220804-6354275  User: oesteban  Machine: dna080  Platform: Linux  PlatformVersion: 5.14.0-427.37.1.el9_4.x86_64  CompilerName: GCC  CompilerVersion: 8.4.0
ProgramName: mris_smooth  ProgramArguments: mris_smooth -all-info  ProgramVersion: 7.3.2  TimeStamp: 2026/03/09-02:32:34-GMT  BuildTime: Aug  4 2022 06:17:15  BuildStamp: freesurfer-linux-ubuntu22_x86_64-7.3.2-20220804-6354275  User: oesteban  Machine: dna080  Platform: Linux  PlatformVersion: 5.14.0-427.37.1.el9_4.x86_64  CompilerName: GCC  CompilerVersion: 8.4.0
ProgramName: mris_sphere  ProgramArguments: mris_sphere -all-info  ProgramVersion: 7.3.2  TimeStamp: 2026/03/09-02:32:34-GMT  BuildTime: Aug  4 2022 06:17:15  BuildStamp: freesurfer-linux-ubuntu22_x86_64-7.3.2-20220804-6354275  User: oesteban  Machine: dna080  Platform: Linux  PlatformVersion: 5.14.0-427.37.1.el9_4.x86_64  CompilerName: GCC  CompilerVersion: 8.4.0
ProgramName: mris_surface_stats  ProgramArguments: mris_surface_stats -all-info  ProgramVersion: 7.3.2  TimeStamp: 2026/03/09-02:32:34-GMT  BuildTime: Aug  4 2022 06:17:15  BuildStamp: freesurfer-linux-ubuntu22_x86_64-7.3.2-20220804-6354275  User: oesteban  Machine: dna080  Platform: Linux  PlatformVersion: 5.14.0-427.37.1.el9_4.x86_64  CompilerName: GCC  CompilerVersion: 8.4.0
ProgramName: mri_stats2seg  ProgramArguments: mri_stats2seg -all-info  ProgramVersion: 7.3.2  TimeStamp: 2026/03/09-02:32:34-GMT  BuildTime: Aug  4 2022 06:17:15  BuildStamp: freesurfer-linux-ubuntu22_x86_64-7.3.2-20220804-6354275  User: oesteban  Machine: dna080  Platform: Linux  PlatformVersion: 5.14.0-427.37.1.el9_4.x86_64  CompilerName: GCC  CompilerVersion: 8.4.0
ProgramName: mris_thickness  ProgramArguments: mris_thickness -all-info  ProgramVersion: 7.3.2  TimeStamp: 2026/03/09-02:32:34-GMT  BuildTime: Aug  4 2022 06:17:15  BuildStamp: freesurfer-linux-ubuntu22_x86_64-7.3.2-20220804-6354275  User: oesteban  Machine: dna080  Platform: Linux  PlatformVersion: 5.14.0-427.37.1.el9_4.x86_64  CompilerName: GCC  CompilerVersion: 8.4.0
ProgramName: mris_thickness_diff  ProgramArguments: mris_thickness_diff -all-info  ProgramVersion: 7.3.2  TimeStamp: 2026/03/09-02:32:34-GMT  BuildTime: Aug  4 2022 06:17:15  BuildStamp: freesurfer-linux-ubuntu22_x86_64-7.3.2-20220804-6354275  User: oesteban  Machine: dna080  Platform: Linux  PlatformVersion: 5.14.0-427.37.1.el9_4.x86_64  CompilerName: GCC  CompilerVersion: 8.4.0
ProgramName: mris_topo_fixer  ProgramArguments: mris_topo_fixer -all-info  ProgramVersion: 7.3.2  TimeStamp: 2026/03/09-02:32:34-GMT  BuildTime: Aug  4 2022 06:17:15  BuildStamp: freesurfer-linux-ubuntu22_x86_64-7.3.2-20220804-6354275  User: oesteban  Machine: dna080  Platform: Linux  PlatformVersion: 5.14.0-427.37.1.el9_4.x86_64  CompilerName: GCC  CompilerVersion: 8.4.0
ProgramName: mri_surf2surf  ProgramArguments: mri_surf2surf -all-info  ProgramVersion: 7.3.2  TimeStamp: 2026/03/09-02:32:34-GMT  BuildTime: Aug  4 2022 06:17:15  BuildStamp: freesurfer-linux-ubuntu22_x86_64-7.3.2-20220804-6354275  User: oesteban  Machine: dna080  Platform: Linux  PlatformVersion: 5.14.0-427.37.1.el9_4.x86_64  CompilerName: GCC  CompilerVersion: 8.4.0
ProgramName: mri_surf2vol  ProgramArguments: mri_surf2vol -all-info  ProgramVersion: 7.3.2  TimeStamp: 2026/03/09-02:32:34-GMT  BuildTime: Aug  4 2022 06:17:15  BuildStamp: freesurfer-linux-ubuntu22_x86_64-7.3.2-20220804-6354275  User: oesteban  Machine: dna080  Platform: Linux  PlatformVersion: 5.14.0-427.37.1.el9_4.x86_64  CompilerName: GCC  CompilerVersion: 8.4.0
ProgramName: mri_surfcluster  ProgramArguments: mri_surfcluster -all-info  ProgramVersion: 7.3.2  TimeStamp: 2026/03/09-02:32:34-GMT  BuildTime: Aug  4 2022 06:17:15  BuildStamp: freesurfer-linux-ubuntu22_x86_64-7.3.2-20220804-6354275  User: oesteban  Machine: dna080  Platform: Linux  PlatformVersion: 5.14.0-427.37.1.el9_4.x86_64  CompilerName: GCC  CompilerVersion: 8.4.0
ProgramName: mris_volmask  ProgramArguments: mris_volmask -all-info  ProgramVersion: 7.3.2  TimeStamp: 2026/03/09-02:32:34-GMT  BuildTime: Aug  4 2022 06:17:15  BuildStamp: freesurfer-linux-ubuntu22_x86_64-7.3.2-20220804-6354275  User: oesteban  Machine: dna080  Platform: Linux  PlatformVersion: 5.14.0-427.37.1.el9_4.x86_64  CompilerName: GCC  CompilerVersion: 8.4.0
ProgramName: mri_tessellate  ProgramArguments: mri_tessellate -all-info  ProgramVersion: 7.3.2  TimeStamp: 2026/03/09-02:32:34-GMT  BuildTime: Aug  4 2022 06:17:15  BuildStamp: freesurfer-linux-ubuntu22_x86_64-7.3.2-20220804-6354275  User: oesteban  Machine: dna080  Platform: Linux  PlatformVersion: 5.14.0-427.37.1.el9_4.x86_64  CompilerName: GCC  CompilerVersion: 8.4.0
ProgramName: mri_vol2surf  ProgramArguments: mri_vol2surf -all-info  ProgramVersion: 7.3.2  TimeStamp: 2026/03/09-02:32:34-GMT  BuildTime: Aug  4 2022 06:17:15  BuildStamp: freesurfer-linux-ubuntu22_x86_64-7.3.2-20220804-6354275  User: oesteban  Machine: dna080  Platform: Linux  PlatformVersion: 5.14.0-427.37.1.el9_4.x86_64  CompilerName: GCC  CompilerVersion: 8.4.0
ProgramName: mri_vol2vol  ProgramArguments: mri_vol2vol -all-info  ProgramVersion: 7.3.2  TimeStamp: 2026/03/09-02:32:34-GMT  BuildTime: Aug  4 2022 06:17:15  BuildStamp: freesurfer-linux-ubuntu22_x86_64-7.3.2-20220804-6354275  User: oesteban  Machine: dna080  Platform: Linux  PlatformVersion: 5.14.0-427.37.1.el9_4.x86_64  CompilerName: GCC  CompilerVersion: 8.4.0
ProgramName: mri_voldiff  ProgramArguments: mri_voldiff -all-info  ProgramVersion: 7.3.2  TimeStamp: 2026/03/09-02:32:34-GMT  BuildTime: Aug  4 2022 06:17:15  BuildStamp: freesurfer-linux-ubuntu22_x86_64-7.3.2-20220804-6354275  User: oesteban  Machine: dna080  Platform: Linux  PlatformVersion: 5.14.0-427.37.1.el9_4.x86_64  CompilerName: GCC  CompilerVersion: 8.4.0
ProgramName: mri_watershed  ProgramArguments: mri_watershed -all-info  ProgramVersion: 7.3.2  TimeStamp: 2026/03/09-02:32:34-GMT  BuildTime: Aug  4 2022 06:17:15  BuildStamp: freesurfer-linux-ubuntu22_x86_64-7.3.2-20220804-6354275  User: oesteban  Machine: dna080  Platform: Linux  PlatformVersion: 5.14.0-427.37.1.el9_4.x86_64  CompilerName: GCC  CompilerVersion: 8.4.0
ProgramName: tkregister2  ProgramArguments: tkregister2_cmdl -all-info  ProgramVersion: 7.3.2  TimeStamp: 2026/03/09-02:32:34-GMT  BuildTime: Aug  4 2022 06:17:15  BuildStamp: freesurfer-linux-ubuntu22_x86_64-7.3.2-20220804-6354275  User: oesteban  Machine: dna080  Platform: Linux  PlatformVersion: 5.14.0-427.37.1.el9_4.x86_64  CompilerName: GCC  CompilerVersion: 8.4.0
mri_motion_correct.fsl 7.3.2
mri_convert -all-info 
ProgramName: mri_convert  ProgramArguments: mri_convert -all-info  ProgramVersion: 7.3.2  TimeStamp: 2026/03/09-02:32:34-GMT  BuildTime: Aug  4 2022 06:17:15  BuildStamp: freesurfer-linux-ubuntu22_x86_64-7.3.2-20220804-6354275  User: oesteban  Machine: dna080  Platform: Linux  PlatformVersion: 5.14.0-427.37.1.el9_4.x86_64  CompilerName: GCC  CompilerVersion: 8.4.0
Program nu_correct, built from:
Package MNI N3, version 1.12.0, compiled by nicks@terrier (x86_64-unknown-linux-gnu) on 2015-06-19 at 01:25:34
#######################################
GCADIR /opt/freesurfer/average
GCA RB_all_2020-01-02.gca
GCASkull RB_all_withskull_2020_01_02.gca
AvgCurvTif folding.atlas.acfb40.noaparc.i12.2016-08-02.tif
GCSDIR /opt/freesurfer/average
GCS DKaparc.atlas.acfb40.noaparc.i12.2016-08-02.gcs
#######################################
#--------------------------------------------
#@# Tessellate rh Mon Mar  9 03:32:34 CET 2026
/out/sourcedata/freesurfer/sub-v1s16x0051183_ses-1/scripts

 mri_pretess ../mri/filled.mgz 127 ../mri/norm.mgz ../mri/filled-pretess127.mgz 


Iteration Number : 1
pass   1 (xy+):   1 found -   1 modified     |    TOTAL:   1
pass   2 (xy+):   0 found -   1 modified     |    TOTAL:   1
pass   1 (xy-):   2 found -   2 modified     |    TOTAL:   3
pass   2 (xy-):   0 found -   2 modified     |    TOTAL:   3
pass   1 (yz+):  10 found -  10 modified     |    TOTAL:  13
pass   2 (yz+):   0 found -  10 modified     |    TOTAL:  13
pass   1 (yz-):   2 found -   2 modified     |    TOTAL:  15
pass   2 (yz-):   0 found -   2 modified     |    TOTAL:  15
pass   1 (xz+):   0 found -   0 modified     |    TOTAL:  15
pass   1 (xz-):   2 found -   2 modified     |    TOTAL:  17
pass   2 (xz-):   0 found -   2 modified     |    TOTAL:  17
Iteration Number : 1
pass   1 (+++):   0 found -   0 modified     |    TOTAL:   0
pass   1 (+++):   0 found -   0 modified     |    TOTAL:   0
pass   1 (+++):   0 found -   0 modified     |    TOTAL:   0
pass   1 (+++):   0 found -   0 modified     |    TOTAL:   0
Iteration Number : 1
pass   1 (++):   1 found -   1 modified     |    TOTAL:   1
pass   2 (++):   0 found -   1 modified     |    TOTAL:   1
pass   1 (+-):   0 found -   0 modified     |    TOTAL:   1
pass   1 (--):   0 found -   0 modified     |    TOTAL:   1
pass   1 (-+):   0 found -   0 modified     |    TOTAL:   1
Iteration Number : 2
pass   1 (xy+):   0 found -   0 modified     |    TOTAL:   0
pass   1 (xy-):   0 found -   0 modified     |    TOTAL:   0
pass   1 (yz+):   0 found -   0 modified     |    TOTAL:   0
pass   1 (yz-):   0 found -   0 modified     |    TOTAL:   0
pass   1 (xz+):   0 found -   0 modified     |    TOTAL:   0
pass   1 (xz-):   0 found -   0 modified     |    TOTAL:   0
Iteration Number : 2
pass   1 (+++):   0 found -   0 modified     |    TOTAL:   0
pass   1 (+++):   0 found -   0 modified     |    TOTAL:   0
pass   1 (+++):   0 found -   0 modified     |    TOTAL:   0
pass   1 (+++):   0 found -   0 modified     |    TOTAL:   0
Iteration Number : 2
pass   1 (++):   0 found -   0 modified     |    TOTAL:   0
pass   1 (+-):   0 found -   0 modified     |    TOTAL:   0
pass   1 (--):   0 found -   0 modified     |    TOTAL:   0
pass   1 (-+):   0 found -   0 modified     |    TOTAL:   0

Total Number of Modified Voxels = 18 (out of 209293: 0.008600)
Ambiguous edge configurations... 

mri_pretess done


 mri_tessellate ../mri/filled-pretess127.mgz 127 ../surf/rh.orig.nofix 

7.3.2
  7.3.2
slice 50: 20 vertices, 27 faces
slice 60: 1127 vertices, 1231 faces
slice 70: 6046 vertices, 6238 faces
slice 80: 12285 vertices, 12516 faces
slice 90: 20101 vertices, 20420 faces
slice 100: 29195 vertices, 29461 faces
slice 110: 38329 vertices, 38641 faces
slice 120: 49120 vertices, 49499 faces
slice 130: 60273 vertices, 60647 faces
slice 140: 70469 vertices, 70816 faces
slice 150: 79183 vertices, 79453 faces
slice 160: 85595 vertices, 85855 faces
slice 170: 92162 vertices, 92431 faces
slice 180: 98241 vertices, 98471 faces
slice 190: 103280 vertices, 103495 faces
slice 200: 106650 vertices, 106756 faces
slice 210: 107314 vertices, 107346 faces
slice 220: 107314 vertices, 107346 faces
slice 230: 107314 vertices, 107346 faces
slice 240: 107314 vertices, 107346 faces
slice 250: 107314 vertices, 107346 faces
using the conformed surface RAS to save vertex points...
writing ../surf/rh.orig.nofix
using vox2ras matrix:
-1.00000   0.00000   0.00000   128.00000;
 0.00000   0.00000   1.00000  -128.00000;
 0.00000  -1.00000   0.00000   128.00000;
 0.00000   0.00000   0.00000   1.00000;

 rm -f ../mri/filled-pretess127.mgz 


 mris_extract_main_component ../surf/rh.orig.nofix ../surf/rh.orig.nofix 


counting number of connected components...
   107314 voxel in cpt #1: X=-32 [v=107314,e=322038,f=214692] located at (23.037302, -3.399780, 26.577353)
For the whole surface: X=-32 [v=107314,e=322038,f=214692]
One single component has been found
nothing to do
done

#--------------------------------------------
#@# Smooth1 rh Mon Mar  9 03:32:37 CET 2026
/out/sourcedata/freesurfer/sub-v1s16x0051183_ses-1/scripts

 mris_smooth -nw -seed 1234 ../surf/rh.orig.nofix ../surf/rh.smoothwm.nofix 

setting seed for random number generator to 1234
smoothing surface tessellation for 10 iterations...
smoothing complete - recomputing first and second fundamental forms...
#--------------------------------------------
#@# Inflation1 rh Mon Mar  9 03:32:39 CET 2026
/out/sourcedata/freesurfer/sub-v1s16x0051183_ses-1/scripts

 mris_inflate -no-save-sulc ../surf/rh.smoothwm.nofix ../surf/rh.inflated.nofix 

Not saving sulc
Reading ../surf/rh.smoothwm.nofix
avg radius = 43.1 mm, total surface area = 58074 mm^2
step 000: RMS=0.155 (target=0.015)   step 005: RMS=0.121 (target=0.015)   step 010: RMS=0.093 (target=0.015)   step 015: RMS=0.080 (target=0.015)   step 020: RMS=0.071 (target=0.015)   step 025: RMS=0.062 (target=0.015)   step 030: RMS=0.057 (target=0.015)   step 035: RMS=0.054 (target=0.015)   step 040: RMS=0.051 (target=0.015)   step 045: RMS=0.050 (target=0.015)   step 050: RMS=0.048 (target=0.015)   step 055: RMS=0.048 (target=0.015)   step 060: RMS=0.047 (target=0.015)   writing inflated surface to ../surf/rh.inflated.nofix
inflation took 0.2 minutes

inflation complete.
Not saving sulc
mris_inflate utimesec    52.857897
mris_inflate stimesec    1.181393
mris_inflate ru_maxrss   171536
mris_inflate ru_ixrss    0
mris_inflate ru_idrss    0
mris_inflate ru_isrss    0
mris_inflate ru_minflt   225015
mris_inflate ru_majflt   1
mris_inflate ru_nswap    0
mris_inflate ru_inblock  0
mris_inflate ru_oublock  7552
mris_inflate ru_msgsnd   0
mris_inflate ru_msgrcv   0
mris_inflate ru_nsignals 0
mris_inflate ru_nvcsw    6478
mris_inflate ru_nivcsw   247
#--------------------------------------------
#@# QSphere rh Mon Mar  9 03:32:50 CET 2026
/out/sourcedata/freesurfer/sub-v1s16x0051183_ses-1/scripts

 mris_sphere -q -p 6 -a 128 -seed 1234 ../surf/rh.inflated.nofix ../surf/rh.qsphere.nofix 

doing quick spherical unfolding.
limitting unfolding to 6 passes
using n_averages = 128
setting seed for random number genererator to 1234
version: 7.3.2
available threads: 16
scaling brain by 0.342...
inflating...
projecting onto sphere...
surface projected - minimizing metric distortion...
vertex spacing 1.10 +- 0.63 (0.00-->6.74) (max @ vno 67536 --> 67537)
face area 0.03 +- 0.04 (-0.14-->0.57)
Entering MRISinflateToSphere()
inflating to sphere (rms error < 2.00)
000: dt: 0.0000, rms radial error=177.027, avgs=0
005/300: dt: 0.9000, rms radial error=176.768, avgs=0
010/300: dt: 0.9000, rms radial error=176.213, avgs=0
015/300: dt: 0.9000, rms radial error=175.482, avgs=0
020/300: dt: 0.9000, rms radial error=174.650, avgs=0
025/300: dt: 0.9000, rms radial error=173.760, avgs=0
030/300: dt: 0.9000, rms radial error=172.837, avgs=0
035/300: dt: 0.9000, rms radial error=171.898, avgs=0
040/300: dt: 0.9000, rms radial error=170.951, avgs=0
045/300: dt: 0.9000, rms radial error=170.002, avgs=0
050/300: dt: 0.9000, rms radial error=169.054, avgs=0
055/300: dt: 0.9000, rms radial error=168.108, avgs=0
060/300: dt: 0.9000, rms radial error=167.165, avgs=0
065/300: dt: 0.9000, rms radial error=166.227, avgs=0
070/300: dt: 0.9000, rms radial error=165.293, avgs=0
075/300: dt: 0.9000, rms radial error=164.364, avgs=0
080/300: dt: 0.9000, rms radial error=163.439, avgs=0
085/300: dt: 0.9000, rms radial error=162.520, avgs=0
090/300: dt: 0.9000, rms radial error=161.607, avgs=0
095/300: dt: 0.9000, rms radial error=160.698, avgs=0
100/300: dt: 0.9000, rms radial error=159.795, avgs=0
105/300: dt: 0.9000, rms radial error=158.896, avgs=0
110/300: dt: 0.9000, rms radial error=158.002, avgs=0
115/300: dt: 0.9000, rms radial error=157.112, avgs=0
120/300: dt: 0.9000, rms radial error=156.228, avgs=0
125/300: dt: 0.9000, rms radial error=155.349, avgs=0
130/300: dt: 0.9000, rms radial error=154.474, avgs=0
135/300: dt: 0.9000, rms radial error=153.604, avgs=0
140/300: dt: 0.9000, rms radial error=152.740, avgs=0
145/300: dt: 0.9000, rms radial error=151.879, avgs=0
150/300: dt: 0.9000, rms radial error=151.024, avgs=0
155/300: dt: 0.9000, rms radial error=150.173, avgs=0
160/300: dt: 0.9000, rms radial error=149.327, avgs=0
165/300: dt: 0.9000, rms radial error=148.485, avgs=0
170/300: dt: 0.9000, rms radial error=147.648, avgs=0
175/300: dt: 0.9000, rms radial error=146.816, avgs=0
180/300: dt: 0.9000, rms radial error=145.988, avgs=0
185/300: dt: 0.9000, rms radial error=145.166, avgs=0
190/300: dt: 0.9000, rms radial error=144.348, avgs=0
195/300: dt: 0.9000, rms radial error=143.536, avgs=0
200/300: dt: 0.9000, rms radial error=142.727, avgs=0
205/300: dt: 0.9000, rms radial error=141.923, avgs=0
210/300: dt: 0.9000, rms radial error=141.124, avgs=0
215/300: dt: 0.9000, rms radial error=140.329, avgs=0
220/300: dt: 0.9000, rms radial error=139.538, avgs=0
225/300: dt: 0.9000, rms radial error=138.752, avgs=0
230/300: dt: 0.9000, rms radial error=137.970, avgs=0
235/300: dt: 0.9000, rms radial error=137.192, avgs=0
240/300: dt: 0.9000, rms radial error=136.419, avgs=0
245/300: dt: 0.9000, rms radial error=135.650, avgs=0
250/300: dt: 0.9000, rms radial error=134.885, avgs=0
255/300: dt: 0.9000, rms radial error=134.125, avgs=0
260/300: dt: 0.9000, rms radial error=133.368, avgs=0
265/300: dt: 0.9000, rms radial error=132.616, avgs=0
270/300: dt: 0.9000, rms radial error=131.868, avgs=0
275/300: dt: 0.9000, rms radial error=131.125, avgs=0
280/300: dt: 0.9000, rms radial error=130.385, avgs=0
285/300: dt: 0.9000, rms radial error=129.650, avgs=0
290/300: dt: 0.9000, rms radial error=128.918, avgs=0
295/300: dt: 0.9000, rms radial error=128.191, avgs=0
300/300: dt: 0.9000, rms radial error=127.468, avgs=0

spherical inflation complete.
epoch 1 (K=10.0), pass 1, starting sse = 12075.17
taking momentum steps...
taking momentum steps...
taking momentum steps...
taking momentum steps...
pass 1 complete, delta sse/iter = 0.01/13 = 0.00052
epoch 2 (K=40.0), pass 1, starting sse = 1817.16
taking momentum steps...
taking momentum steps...
taking momentum steps...
taking momentum steps...
pass 1 complete, delta sse/iter = 0.00/13 = 0.00031
epoch 3 (K=160.0), pass 1, starting sse = 168.47
taking momentum steps...
taking momentum steps...
taking momentum steps...
taking momentum steps...
pass 1 complete, delta sse/iter = 0.10/16 = 0.00617
epoch 4 (K=640.0), pass 1, starting sse = 12.60
taking momentum steps...
taking momentum steps...
taking momentum steps...
taking momentum steps...
pass 1 complete, delta sse/iter = 0.09/19 = 0.00490
final distance error %100000.00
writing spherical brain to ../surf/rh.qsphere.nofix
spherical transformation took 0.0351 hours
FSRUNTIME@ mris_sphere  0.0351 hours 16 threads
#VMPC# mris_sphere VmPeak  1632864
mris_sphere done
#@# Fix Topology rh Mon Mar  9 03:34:56 CET 2026

 mris_fix_topology -mgz -sphere qsphere.nofix -inflated inflated.nofix -orig orig.nofix -out orig.premesh -ga -seed 1234 sub-v1s16x0051183_ses-1 rh 

reading spherical homeomorphism from 'qsphere.nofix'
reading inflated coordinates from 'inflated.nofix'
reading original coordinates from 'orig.nofix'
using genetic algorithm with optimized parameters
setting seed for random number genererator to 1234

*************************************************************
Topology Correction Parameters
retessellation mode:           genetic search
number of patches/generation : 10
number of generations :        10
surface mri loglikelihood coefficient :         1.0
volume mri loglikelihood coefficient :          10.0
normal dot loglikelihood coefficient :          1.0
quadratic curvature loglikelihood coefficient : 1.0
volume resolution :                             2
eliminate vertices during search :              1
initial patch selection :                       1
select all defect vertices :                    0
ordering dependant retessellation:              0
use precomputed edge table :                    0
smooth retessellated patch :                    2
match retessellated patch :                     1
verbose mode :                                  0

*************************************************************
INFO: assuming .mgz format
writing corrected surface to 'orig.premesh'
7.3.2
  7.3.2
before topology correction, eno=-32 (nv=107314, nf=214692, ne=322038, g=17)
using quasi-homeomorphic spherical map to tessellate cortical surface...

Correction of the Topology
Finding true center and radius of Spherical Surface...done
Surface centered at (0,0,0) with radius 100.0 in 9 iterations
marking ambiguous vertices...
3316 ambiguous faces found in tessellation
segmenting defects...
38 defects found, arbitrating ambiguous regions...
analyzing neighboring defects...
      -merging segment 17 into 14
37 defects to be corrected 
0 vertices coincident
reading input surface /out/sourcedata/freesurfer/sub-v1s16x0051183_ses-1/surf/rh.qsphere.nofix...
reading brain volume from brain...
reading wm segmentation from wm...
Reading original properties of orig.nofix
Reading vertex positions of inflated.nofix
Computing Initial Surface Statistics
      -face       loglikelihood: -9.0482  (-4.5241)
      -vertex     loglikelihood: -6.2107  (-3.1053)
      -normal dot loglikelihood: -3.5479  (-3.5479)
      -quad curv  loglikelihood: -6.1344  (-3.0672)
      Total Loglikelihood : -24.9412
CORRECTING DEFECT 0 (vertices=141, convex hull=28, v0=0)
After retessellation of defect 0 (v0=0), euler #=-35 (105272,314971,209664) : difference with theory (-34) = 1 
CORRECTING DEFECT 1 (vertices=35, convex hull=35, v0=51)
After retessellation of defect 1 (v0=51), euler #=-34 (105275,314995,209686) : difference with theory (-33) = 1 
CORRECTING DEFECT 2 (vertices=45, convex hull=32, v0=7637)
After retessellation of defect 2 (v0=7637), euler #=-33 (105282,315027,209712) : difference with theory (-32) = 1 
CORRECTING DEFECT 3 (vertices=23, convex hull=27, v0=9593)
After retessellation of defect 3 (v0=9593), euler #=-32 (105286,315047,209729) : difference with theory (-31) = 1 
CORRECTING DEFECT 4 (vertices=30, convex hull=55, v0=10015)
After retessellation of defect 4 (v0=10015), euler #=-31 (105300,315110,209779) : difference with theory (-30) = 1 
CORRECTING DEFECT 5 (vertices=41, convex hull=91, v0=15929)
After retessellation of defect 5 (v0=15929), euler #=-30 (105318,315201,209853) : difference with theory (-29) = 1 
CORRECTING DEFECT 6 (vertices=35, convex hull=53, v0=20573)
After retessellation of defect 6 (v0=20573), euler #=-29 (105334,315269,209906) : difference with theory (-28) = 1 
CORRECTING DEFECT 7 (vertices=40, convex hull=73, v0=20952)
After retessellation of defect 7 (v0=20952), euler #=-28 (105359,315374,209987) : difference with theory (-27) = 1 
CORRECTING DEFECT 8 (vertices=21, convex hull=53, v0=30104)
After retessellation of defect 8 (v0=30104), euler #=-27 (105368,315422,210027) : difference with theory (-26) = 1 
CORRECTING DEFECT 9 (vertices=90, convex hull=145, v0=31671)
After retessellation of defect 9 (v0=31671), euler #=-26 (105398,315578,210154) : difference with theory (-25) = 1 
CORRECTING DEFECT 10 (vertices=25, convex hull=21, v0=31812)
After retessellation of defect 10 (v0=31812), euler #=-25 (105401,315594,210168) : difference with theory (-24) = 1 
CORRECTING DEFECT 11 (vertices=568, convex hull=263, v0=32269)
After retessellation of defect 11 (v0=32269), euler #=-24 (105442,315851,210385) : difference with theory (-23) = 1 
CORRECTING DEFECT 12 (vertices=12, convex hull=29, v0=41672)
After retessellation of defect 12 (v0=41672), euler #=-23 (105445,315873,210405) : difference with theory (-22) = 1 
CORRECTING DEFECT 13 (vertices=19, convex hull=62, v0=43864)
After retessellation of defect 13 (v0=43864), euler #=-22 (105454,315924,210448) : difference with theory (-21) = 1 
CORRECTING DEFECT 14 (vertices=63, convex hull=103, v0=44800)
After retessellation of defect 14 (v0=44800), euler #=-20 (105488,316076,210568) : difference with theory (-20) = 0 
CORRECTING DEFECT 15 (vertices=15, convex hull=21, v0=45193)
After retessellation of defect 15 (v0=45193), euler #=-19 (105489,316085,210577) : difference with theory (-19) = 0 
CORRECTING DEFECT 16 (vertices=115, convex hull=50, v0=45954)
After retessellation of defect 16 (v0=45954), euler #=-18 (105504,316150,210628) : difference with theory (-18) = 0 
CORRECTING DEFECT 17 (vertices=36, convex hull=64, v0=50766)
After retessellation of defect 17 (v0=50766), euler #=-17 (105526,316240,210697) : difference with theory (-17) = 0 
CORRECTING DEFECT 18 (vertices=55, convex hull=105, v0=55941)
After retessellation of defect 18 (v0=55941), euler #=-16 (105561,316388,210811) : difference with theory (-16) = 0 
CORRECTING DEFECT 19 (vertices=12, convex hull=32, v0=60946)
After retessellation of defect 19 (v0=60946), euler #=-15 (105568,316421,210838) : difference with theory (-15) = 0 
CORRECTING DEFECT 20 (vertices=21, convex hull=45, v0=69474)
After retessellation of defect 20 (v0=69474), euler #=-14 (105574,316458,210870) : difference with theory (-14) = 0 
CORRECTING DEFECT 21 (vertices=36, convex hull=56, v0=70346)
After retessellation of defect 21 (v0=70346), euler #=-13 (105587,316518,210918) : difference with theory (-13) = 0 
CORRECTING DEFECT 22 (vertices=28, convex hull=23, v0=73329)
After retessellation of defect 22 (v0=73329), euler #=-12 (105594,316546,210940) : difference with theory (-12) = 0 
CORRECTING DEFECT 23 (vertices=54, convex hull=35, v0=76170)
After retessellation of defect 23 (v0=76170), euler #=-11 (105603,316586,210972) : difference with theory (-11) = 0 
CORRECTING DEFECT 24 (vertices=75, convex hull=84, v0=76176)
After retessellation of defect 24 (v0=76176), euler #=-10 (105605,316634,211019) : difference with theory (-10) = 0 
CORRECTING DEFECT 25 (vertices=5, convex hull=22, v0=78371)
After retessellation of defect 25 (v0=78371), euler #=-9 (105606,316640,211025) : difference with theory (-9) = 0 
CORRECTING DEFECT 26 (vertices=114, convex hull=71, v0=79155)
After retessellation of defect 26 (v0=79155), euler #=-8 (105633,316751,211110) : difference with theory (-8) = 0 
CORRECTING DEFECT 27 (vertices=6, convex hull=29, v0=80371)
After retessellation of defect 27 (v0=80371), euler #=-7 (105634,316764,211123) : difference with theory (-7) = 0 
CORRECTING DEFECT 28 (vertices=120, convex hull=33, v0=85577)
After retessellation of defect 28 (v0=85577), euler #=-6 (105641,316800,211153) : difference with theory (-6) = 0 
CORRECTING DEFECT 29 (vertices=26, convex hull=31, v0=87387)
After retessellation of defect 29 (v0=87387), euler #=-5 (105648,316834,211181) : difference with theory (-5) = 0 
CORRECTING DEFECT 30 (vertices=6, convex hull=27, v0=93448)
After retessellation of defect 30 (v0=93448), euler #=-4 (105649,316845,211192) : difference with theory (-4) = 0 
CORRECTING DEFECT 31 (vertices=35, convex hull=42, v0=99862)
After retessellation of defect 31 (v0=99862), euler #=-3 (105658,316888,211227) : difference with theory (-3) = 0 
CORRECTING DEFECT 32 (vertices=26, convex hull=76, v0=101971)
After retessellation of defect 32 (v0=101971), euler #=-2 (105675,316970,211293) : difference with theory (-2) = 0 
CORRECTING DEFECT 33 (vertices=8, convex hull=22, v0=102231)
After retessellation of defect 33 (v0=102231), euler #=-1 (105675,316976,211300) : difference with theory (-1) = 0 
CORRECTING DEFECT 34 (vertices=26, convex hull=53, v0=105437)
After retessellation of defect 34 (v0=105437), euler #=0 (105690,317040,211350) : difference with theory (0) = 0 
CORRECTING DEFECT 35 (vertices=13, convex hull=34, v0=105504)
After retessellation of defect 35 (v0=105504), euler #=1 (105692,317058,211367) : difference with theory (1) = 0 
CORRECTING DEFECT 36 (vertices=25, convex hull=30, v0=106333)
After retessellation of defect 36 (v0=106333), euler #=2 (105697,317085,211390) : difference with theory (2) = 0 
computing original vertex metric properties...
storing new metric properties...
computing tessellation statistics...
vertex spacing 0.89 +- 0.24 (0.08-->13.91) (max @ vno 35209 --> 35307)
face area -nan +- -nan (1000.00-->-1.00)
performing soap bubble on retessellated vertices for 0 iterations...
vertex spacing 0.89 +- 0.24 (0.08-->13.91) (max @ vno 35209 --> 35307)
face area -nan +- -nan (1000.00-->-1.00)
tessellation finished, orienting corrected surface...
124 mutations (36.7%), 214 crossovers (63.3%), 146 vertices were eliminated
building final representation...
1617 vertices and 0 faces have been removed from triangulation
after topology correction, eno=2 (nv=105697, nf=211390, ne=317085, g=0)
writing corrected surface to /out/sourcedata/freesurfer/sub-v1s16x0051183_ses-1/surf/rh.orig.premesh...

0.000 % of the vertices (0 vertices) exhibit an orientation change
removing intersecting faces
000: 208 intersecting
001: 18 intersecting
002: 3 intersecting
terminating search with 0 intersecting
topology fixing took 20.5 minutes
FSRUNTIME@ mris_fix_topology rh  0.3416 hours 16 threads
#VMPC# mris_fix_topology VmPeak  1822492

 mris_euler_number ../surf/rh.orig.premesh 

euler # = v-e+f = 2g-2: 105697 - 317085 + 211390 = 2 --> 0 holes
      F =2V-4:          211390 = 211394-4 (0)
      2E=3F:            634170 = 634170 (0)

total defect index = 0
Mon Mar  9 03:55:26 CET 2026

setenv SUBJECTS_DIR /out/sourcedata/freesurfer
cd /out/sourcedata/freesurfer/sub-v1s16x0051183_ses-1/scripts
/opt/freesurfer/bin/defect2seg --s sub-v1s16x0051183_ses-1 --rh-only --cortex

freesurfer-linux-ubuntu22_x86_64-7.3.2-20220804-6354275
defect2seg 7.3.2
Linux dna080 5.14.0-427.37.1.el9_4.x86_64 #1 SMP PREEMPT_DYNAMIC Fri Sep 13 12:41:50 EDT 2024 x86_64 x86_64 x86_64 GNU/Linux
pid 3210339
mri_label2label --label-cortex /out/sourcedata/freesurfer/sub-v1s16x0051183_ses-1/surf/rh.orig.nofix /out/sourcedata/freesurfer/sub-v1s16x0051183_ses-1/mri/aseg.presurf.mgz 0 /out/sourcedata/freesurfer/sub-v1s16x0051183_ses-1/label/rh.nofix.cortex.label

 Generating cortex label... RemoveHipAmgy=0
 NucAccIsMedialWall=0
 mris->useRealRAS=0
11 non-cortical segments detected
only using segment with 6598 vertices
erasing segment 1 (vno[0] = 43720)
erasing segment 2 (vno[0] = 46831)
erasing segment 3 (vno[0] = 50077)
erasing segment 4 (vno[0] = 50091)
erasing segment 5 (vno[0] = 51253)
erasing segment 6 (vno[0] = 61304)
erasing segment 7 (vno[0] = 66651)
erasing segment 8 (vno[0] = 72195)
erasing segment 9 (vno[0] = 73249)
erasing segment 10 (vno[0] = 76945)
mri_label2vol --defects /out/sourcedata/freesurfer/sub-v1s16x0051183_ses-1/surf/rh.orig.nofix /out/sourcedata/freesurfer/sub-v1s16x0051183_ses-1/surf/rh.defect_labels /out/sourcedata/freesurfer/sub-v1s16x0051183_ses-1/mri/orig.mgz 2000 0 /out/sourcedata/freesurfer/sub-v1s16x0051183_ses-1/mri/rh.surface.defects.mgz /out/sourcedata/freesurfer/sub-v1s16x0051183_ses-1/label/rh.nofix.cortex.label
mri_label2vol supposed to be reproducible but seed not set
Contraining to label /out/sourcedata/freesurfer/sub-v1s16x0051183_ses-1/label/rh.nofix.cortex.label
Changing input type 0 to MRI_INT
Converting defects to volume: offset=2000, merge=0
Writing to /out/sourcedata/freesurfer/sub-v1s16x0051183_ses-1/mri/rh.surface.defects.mgz
mris_defects_pointset -s /out/sourcedata/freesurfer/sub-v1s16x0051183_ses-1/surf/rh.orig.nofix -d /out/sourcedata/freesurfer/sub-v1s16x0051183_ses-1/surf/rh.defect_labels -o /out/sourcedata/freesurfer/sub-v1s16x0051183_ses-1/surf/rh.defects.pointset --label /out/sourcedata/freesurfer/sub-v1s16x0051183_ses-1/label/rh.nofix.cortex.label
Reading in surface /out/sourcedata/freesurfer/sub-v1s16x0051183_ses-1/surf/rh.orig.nofix
Reading in defect segmentation /out/sourcedata/freesurfer/sub-v1s16x0051183_ses-1/surf/rh.defect_labels
Reading in label /out/sourcedata/freesurfer/sub-v1s16x0051183_ses-1/label/rh.nofix.cortex.label
#VMPC# mris_defects_pointset 1365892
mris_defects_pointset done
 
Started at Mon Mar 9 03:55:26 CET 2026 
Ended   at Mon Mar  9 03:55:35 CET 2026
Defect2seg-Run-Time-Sec 9
Defect2seg-Run-Time-Min 0.18
Defect2seg-Run-Time-Hours 0.00
 
tkmeditfv sub-v1s16x0051183_ses-1 brain.finalsurfs.mgz -defect
defect2seg Done

 mris_remesh --remesh --iters 3 --input /out/sourcedata/freesurfer/sub-v1s16x0051183_ses-1/surf/rh.orig.premesh --output /out/sourcedata/freesurfer/sub-v1s16x0051183_ses-1/surf/rh.orig 

iters = 3
standard remeshing without target
   adjusted l: 0.713274
remeshing to edge length 0.713274 with 3 iterations

avg qual before   : 0.889792  after: 0.971387

Removing intersections
removing intersecting faces
000: 24 intersecting
terminating search with 0 intersecting
Remeshed surface quality stats nv0 = 105697  nv = 110111  1.04176
Area    220218  0.30493  0.03386 0.079469   0.4753
Corner  660654 60.00000  8.77405 18.728290 141.6791
Edge    330327  0.84711  0.08241 0.482725   1.2701
Hinge   330327  9.67613 10.39360 0.000000 132.2187
mris_remesh done
/out/sourcedata/freesurfer/sub-v1s16x0051183_ses-1/scripts

 mris_remove_intersection ../surf/rh.orig ../surf/rh.orig 

intersection removal took 0.00 hours
writing corrected surface to ../surf/rh.orig

 rm -f ../surf/rh.inflated 

#--------------------------------------------
#@# AutoDetGWStats rh Mon Mar  9 03:55:58 CET 2026
cd /out/sourcedata/freesurfer/sub-v1s16x0051183_ses-1/mri
mris_autodet_gwstats --o ../surf/autodet.gw.stats.rh.dat --i brain.finalsurfs.mgz --wm wm.mgz --surf ../surf/rh.orig.premesh
7.3.2

cd /out/sourcedata/freesurfer/sub-v1s16x0051183_ses-1/mri
setenv SUBJECTS_DIR /out/sourcedata/freesurfer
mris_autodet_gwstats --o ../surf/autodet.gw.stats.rh.dat --i brain.finalsurfs.mgz --wm wm.mgz --surf ../surf/rh.orig.premesh 

border white:    197563 voxels (1.18%)
border gray      227748 voxels (1.36%)
Reading in intensity volume brain.finalsurfs.mgz
Reading in wm volume wm.mgz
Reading in surf ../surf/rh.orig.premesh
Auto detecting stats
MRIclipBrightWM(): nthresh=11599, wmmin=5, clip=110 
Binarizing thresholding at 5
computing class statistics... low=30, hi=110.000000
CCS WM (97.0): 97.7 +- 7.5 [70.0 --> 110.0]
CCS GM (77.0) : 75.7 +- 9.9 [30.0 --> 110.0]
white_mean = 97.7215 +/- 7.47576, gray_mean = 75.6618 +/- 9.91925
using class modes intead of means, discounting robust sigmas....
MRIScomputeClassModes(): min=0 max=202 nbins=203
intensity peaks found at WM=101+-6.1,    GM=72+-7.0
white_mode = 101, gray_mode = 72
std_scale = 1
Applying sanity checks, max_scale_down = 0.2
setting MIN_GRAY_AT_WHITE_BORDER to 62.1 (was 70.000000)
setting MAX_BORDER_WHITE to 108.5 (was 105.000000)
setting MIN_BORDER_WHITE to 72.0 (was 85.000000)
setting MAX_CSF to 52.2 (was 40.000000)
setting MAX_GRAY to 93.5 (was 95.000000)
setting MAX_GRAY_AT_CSF_BORDER to 62.1 (was 75.000000)
setting MIN_GRAY_AT_CSF_BORDER to 42.2 (was 40.000000)
When placing the white surface
  white_border_hi   = 108.476;
  white_border_low  = 72;
  white_outside_low = 62.0808;
  white_inside_hi   = 120;
  white_outside_hi  = 108.476;
When placing the pial surface
  pial_border_hi   = 62.0808;
  pial_border_low  = 42.2423;
  pial_outside_low = 10;
  pial_inside_hi   = 93.5242;
  pial_outside_hi  = 57.1211;
#VMPC# mris_autodet_gwstats VmPeak  1795900
mris_autodet_gwstats done
#--------------------------------------------
#@# WhitePreAparc rh Mon Mar  9 03:56:00 CET 2026
cd /out/sourcedata/freesurfer/sub-v1s16x0051183_ses-1/mri
mris_place_surface --adgws-in ../surf/autodet.gw.stats.rh.dat --wm wm.mgz --threads 16 --invol brain.finalsurfs.mgz --rh --i ../surf/rh.orig --o ../surf/rh.white.preaparc --white --seg aseg.presurf.mgz --nsmooth 5
7.3.2
7.3.2

cd /out/sourcedata/freesurfer/sub-v1s16x0051183_ses-1/mri
setenv SUBJECTS_DIR /out/sourcedata/freesurfer
mris_place_surface --adgws-in ../surf/autodet.gw.stats.rh.dat --wm wm.mgz --threads 16 --invol brain.finalsurfs.mgz --rh --i ../surf/rh.orig --o ../surf/rh.white.preaparc --white --seg aseg.presurf.mgz --nsmooth 5 

Reading in input surface ../surf/rh.orig
Smoothing surface before ripping with 5 iterations
Area    220218  0.26942  0.06557 0.003055   0.5872
Corner  660654 60.00000  9.49176 10.448188 138.2135
Edge    330327  0.79186  0.11861 0.055037   1.3084
Hinge   330327  6.50320  6.83867 0.000008 144.4311
Not reading in aparc
Reading in input volume brain.finalsurfs.mgz
Reading in wm volume wm.mgz
MRIclipBrightWM(): nthresh=11599, wmmin=5, clip=110 
MRIfindBrightNonWM(): 102 bright non-wm voxels segmented.
Masking bright non-wm for white surface
MRImask(): AllowDiffGeom = 1
MRImask(): AllowDiffGeom = 1
Reading in seg volume aseg.presurf.mgz
Ripping frozen voxels
INFO: rip surface needed but not specified, so using input surface
Freezing midline and others
Entering: MRISripMidline(): inhibiting deformation at non-cortical midline structures...
  which=1, fix_mtl=0, using annot = 0
#FML0# MRISripMidline(): nripped=0
removing 4 vertices from ripped group in thread:0
#FML# MRISripMidline(): nmarked=5732, nmarked2=53, nripped=5732
Ripping segs (eg, WMSA, BG, frozen)
Starting MRISripSegs() d = (-2 2 0.5) segnos: 247 
MRISripSegs(): -2 2 0.5 ripped 0
vertex 55056: xyz = (28.9145,6.00844,56.8956) oxyz = (28.9145,6.00844,56.8956) wxzy = (28.9145,6.00844,56.8956) pxyz = (0,0,0) 
CBVO Creating mask 110111
n_averages 4
Iteration 0 =========================================
n_averages=4, current_sigma=2
Freezing midline and others
Ripping frozen voxels
INFO: rip surface needed but not specified, so using input surface
Freezing midline and others
Entering: MRISripMidline(): inhibiting deformation at non-cortical midline structures...
  which=1, fix_mtl=0, using annot = 0
#FML0# MRISripMidline(): nripped=5732
removing 4 vertices from ripped group in thread:0
#FML# MRISripMidline(): nmarked=5732, nmarked2=53, nripped=5732
Ripping segs (eg, WMSA, BG, frozen)
Starting MRISripSegs() d = (-2 2 0.5) segnos: 247 247 
MRISripSegs(): -2 2 0.5 ripped 0
Computing target border values 
Entering MRIScomputeBorderValues_new(): 
  inside_hi   = 120.0000000;
  border_hi   = 108.4757610;
  border_low  =  72.0000000;
  outside_low =  62.0807530;
  outside_hi  = 108.4757610;
  sigma = 2;
  max_thickness = 10;
  step_size=0.5;
  STEP_SIZE=0.1;
  which = 1
  thresh = 0
  flags = 0
  CBVfindFirstPeakD1=0
  CBVfindFirstPeakD2=0
  nvertices=110111
  Gdiag_no=-1
  vno start=0, stop=110111
Replacing 255s with 0s
#SI# sigma=2 had to be increased for 112 vertices, nripped=5732
mean border=83.1, 31 (31) missing vertices, mean dist 0.3 [0.6 (%37.9)->0.8 (%62.1))]
%65 local maxima, %30 large gradients and % 0 min vals, 0 gradients ignored
nFirstPeakD1 0
MRIScomputeBorderValues_new() finished in 0.0088 min


Finding expansion regions
mean absolute distance = 0.70 +- 0.87
3812 vertices more than 2 sigmas from mean.
Averaging target values for 5 iterations...
Positioning Surface: tspring = 0.3, nspring = 0.3, spring = 0, niters = 100 l_repulse = 5, l_surf_repulse = 0, checktol = 0
Positioning pial surface
Entering MRISpositionSurface()
  max_mm = 0.3
  MAX_REDUCTIONS = 2, REDUCTION_PCT = 0.5
  parms->check_tol = 0, niterations = 100
tol=1.0e-04, sigma=2.0, host=dna08, nav=4, nbrs=2, l_repulse=5.000, l_tspring=0.300, l_nspring=0.300, l_intensity=0.200, l_curv=1.000
mom=0.00, dt=0.50
complete_dist_mat 0
rms 0
smooth_averages 0
remove_neg 0
ico_order 0
which_surface 0
target_radius 0.000000
nfields 0
scale 0.000000
desired_rms_height 0.000000
momentum 0.000000
nbhd_size 0
max_nbrs 0
niterations 100
nsurfaces 0
SURFACES 3
flags 0 (0)
use curv 0
no sulc 0
no rigid align 0
mris->nsize 2
mris->hemisphere 1
randomSeed 0

000: dt: 0.0000, sse=1741313.2, rms=8.803
001: dt: 0.5000, sse=952711.1, rms=6.321 (28.198%)
002: dt: 0.5000, sse=607711.6, rms=4.842 (23.393%)
003: dt: 0.5000, sse=450387.2, rms=3.950 (18.423%)
004: dt: 0.5000, sse=364628.3, rms=3.408 (13.720%)
005: dt: 0.5000, sse=325105.3, rms=3.092 (9.271%)
006: dt: 0.5000, sse=304797.5, rms=2.900 (6.202%)
007: dt: 0.5000, sse=293441.5, rms=2.795 (3.631%)
008: dt: 0.5000, sse=290709.2, rms=2.734 (2.177%)
rms = 2.6992/2.7343, sse=293938.5/290709.2, time step reduction 1 of 3 to 0.250  0 1 1
009: dt: 0.5000, sse=293938.5, rms=2.699 (1.284%)
010: dt: 0.2500, sse=190548.1, rms=1.643 (39.120%)
011: dt: 0.2500, sse=185926.4, rms=1.467 (10.700%)
rms = 1.4175/1.4674, sse=177987.3/185926.4, time step reduction 2 of 3 to 0.125  0 0 1
012: dt: 0.2500, sse=177987.3, rms=1.418 (3.403%)
rms = 1.3727/1.4175, sse=182902.0/177987.3, time step reduction 3 of 3 to 0.062  0 1 1
013: dt: 0.1250, sse=182902.0, rms=1.373 (3.160%)
  maximum number of reductions reached, breaking from loop
positioning took 0.8 minutes
Iteration 1 =========================================
n_averages=2, current_sigma=1
Freezing midline and others
Ripping frozen voxels
INFO: rip surface needed but not specified, so using input surface
Freezing midline and others
Entering: MRISripMidline(): inhibiting deformation at non-cortical midline structures...
  which=1, fix_mtl=0, using annot = 0
#FML0# MRISripMidline(): nripped=5732
removing 2 vertices from ripped group in thread:0
removing 4 vertices from ripped group in thread:0
removing 4 vertices from ripped group in thread:0
removing 4 vertices from ripped group in thread:0
removing 2 vertices from ripped group in thread:0
#FML# MRISripMidline(): nmarked=5918, nmarked2=55, nripped=5918
Ripping segs (eg, WMSA, BG, frozen)
Starting MRISripSegs() d = (-2 2 0.5) segnos: 247 247 247 
MRISripSegs(): -2 2 0.5 ripped 0
Computing target border values 
Entering MRIScomputeBorderValues_new(): 
  inside_hi   = 120.0000000;
  border_hi   = 108.4757610;
  border_low  =  72.0000000;
  outside_low =  62.0807530;
  outside_hi  = 108.4757610;
  sigma = 1;
  max_thickness = 10;
  step_size=0.5;
  STEP_SIZE=0.1;
  which = 1
  thresh = 0
  flags = 0
  CBVfindFirstPeakD1=0
  CBVfindFirstPeakD2=0
  nvertices=110111
  Gdiag_no=-1
  vno start=0, stop=110111
Replacing 255s with 0s
#SI# sigma=1 had to be increased for 178 vertices, nripped=5918
mean border=84.8, 74 (11) missing vertices, mean dist -0.1 [0.3 (%67.4)->0.3 (%32.6))]
%70 local maxima, %24 large gradients and % 0 min vals, 0 gradients ignored
nFirstPeakD1 0
MRIScomputeBorderValues_new() finished in 0.0085 min


Finding expansion regions
mean absolute distance = 0.33 +- 0.62
2547 vertices more than 2 sigmas from mean.
Averaging target values for 5 iterations...
Positioning Surface: tspring = 0.3, nspring = 0.3, spring = 0, niters = 100 l_repulse = 5, l_surf_repulse = 0, checktol = 0
Positioning pial surface
Entering MRISpositionSurface()
  max_mm = 0.3
  MAX_REDUCTIONS = 2, REDUCTION_PCT = 0.5
  parms->check_tol = 0, niterations = 100
tol=1.0e-04, sigma=1.0, host=dna08, nav=2, nbrs=2, l_repulse=5.000, l_tspring=0.300, l_nspring=0.300, l_intensity=0.200, l_curv=1.000
mom=0.00, dt=0.50
000: dt: 0.0000, sse=401311.5, rms=3.245
014: dt: 0.5000, sse=283466.8, rms=2.151 (33.711%)
015: dt: 0.5000, sse=277268.3, rms=2.063 (4.113%)
rms = 2.0579/2.0627, sse=273471.9/277268.3, time step reduction 1 of 3 to 0.250  0 0 1
016: dt: 0.5000, sse=273471.9, rms=2.058 (0.232%)
017: dt: 0.2500, sse=220053.0, rms=1.318 (35.962%)
rms = 1.2035/1.3179, sse=220272.2/220053.0, time step reduction 2 of 3 to 0.125  0 1 0
018: dt: 0.2500, sse=220272.2, rms=1.203 (8.679%)
019: dt: 0.1250, sse=211909.5, rms=1.152 (4.275%)
rms = 1.1420/1.1520, sse=211262.6/211909.5, time step reduction 3 of 3 to 0.062  0 0 1
020: dt: 0.1250, sse=211262.6, rms=1.142 (0.871%)
  maximum number of reductions reached, breaking from loop
positioning took 0.4 minutes
Iteration 2 =========================================
n_averages=1, current_sigma=0.5
Freezing midline and others
Ripping frozen voxels
INFO: rip surface needed but not specified, so using input surface
Freezing midline and others
Entering: MRISripMidline(): inhibiting deformation at non-cortical midline structures...
  which=1, fix_mtl=0, using annot = 0
#FML0# MRISripMidline(): nripped=5918
removing 4 vertices from ripped group in thread:0
removing 4 vertices from ripped group in thread:0
removing 4 vertices from ripped group in thread:0
removing 2 vertices from ripped group in thread:0
removing 4 vertices from ripped group in thread:0
removing 4 vertices from ripped group in thread:0
#FML# MRISripMidline(): nmarked=6006, nmarked2=54, nripped=6006
Ripping segs (eg, WMSA, BG, frozen)
Starting MRISripSegs() d = (-2 2 0.5) segnos: 247 247 247 247 
MRISripSegs(): -2 2 0.5 ripped 0
Computing target border values 
Entering MRIScomputeBorderValues_new(): 
  inside_hi   = 120.0000000;
  border_hi   = 108.4757610;
  border_low  =  72.0000000;
  outside_low =  62.0807530;
  outside_hi  = 108.4757610;
  sigma = 0.5;
  max_thickness = 10;
  step_size=0.5;
  STEP_SIZE=0.1;
  which = 1
  thresh = 0
  flags = 0
  CBVfindFirstPeakD1=0
  CBVfindFirstPeakD2=0
  nvertices=110111
  Gdiag_no=-1
  vno start=0, stop=110111
Replacing 255s with 0s
#SI# sigma=0.5 had to be increased for 181 vertices, nripped=6006
mean border=86.0, 85 (10) missing vertices, mean dist -0.1 [0.3 (%61.1)->0.2 (%38.9))]
%76 local maxima, %18 large gradients and % 0 min vals, 0 gradients ignored
nFirstPeakD1 0
MRIScomputeBorderValues_new() finished in 0.0047 min


Finding expansion regions
mean absolute distance = 0.28 +- 0.49
2587 vertices more than 2 sigmas from mean.
Averaging target values for 5 iterations...
Positioning Surface: tspring = 0.3, nspring = 0.3, spring = 0, niters = 100 l_repulse = 5, l_surf_repulse = 0, checktol = 0
Positioning pial surface
Entering MRISpositionSurface()
  max_mm = 0.3
  MAX_REDUCTIONS = 2, REDUCTION_PCT = 0.5
  parms->check_tol = 0, niterations = 100
tol=1.0e-04, sigma=0.5, host=dna08, nav=1, nbrs=2, l_repulse=5.000, l_tspring=0.300, l_nspring=0.300, l_intensity=0.200, l_curv=1.000
mom=0.00, dt=0.50
000: dt: 0.0000, sse=283922.4, rms=2.183
021: dt: 0.5000, sse=235061.0, rms=1.710 (21.680%)
rms = 1.7595/1.7096, sse=240415.2/235061.0, time step reduction 1 of 3 to 0.250  0 1 1
   RMS increased, rejecting step
022: dt: 0.2500, sse=209734.0, rms=1.315 (23.108%)
rms = 1.1120/1.3145, sse=221208.0/209734.0, time step reduction 2 of 3 to 0.125  0 1 0
023: dt: 0.2500, sse=221208.0, rms=1.112 (15.406%)
024: dt: 0.1250, sse=211133.6, rms=1.059 (4.780%)
rms = 1.0403/1.0588, sse=197870.2/211133.6, time step reduction 3 of 3 to 0.062  0 0 1
025: dt: 0.1250, sse=197870.2, rms=1.040 (1.753%)
  maximum number of reductions reached, breaking from loop
positioning took 0.3 minutes
Iteration 3 =========================================
n_averages=0, current_sigma=0.25
Freezing midline and others
Ripping frozen voxels
INFO: rip surface needed but not specified, so using input surface
Freezing midline and others
Entering: MRISripMidline(): inhibiting deformation at non-cortical midline structures...
  which=1, fix_mtl=0, using annot = 0
#FML0# MRISripMidline(): nripped=6006
removing 4 vertices from ripped group in thread:0
removing 4 vertices from ripped group in thread:0
removing 3 vertices from ripped group in thread:0
removing 3 vertices from ripped group in thread:0
removing 3 vertices from ripped group in thread:0
removing 4 vertices from ripped group in thread:0
removing 2 vertices from ripped group in thread:0
removing 4 vertices from ripped group in thread:0
removing 3 vertices from ripped group in thread:0
removing 3 vertices from ripped group in thread:0
removing 4 vertices from ripped group in thread:0
#FML# MRISripMidline(): nmarked=6035, nmarked2=54, nripped=6035
Ripping segs (eg, WMSA, BG, frozen)
Starting MRISripSegs() d = (-2 2 0.5) segnos: 247 247 247 247 247 
MRISripSegs(): -2 2 0.5 ripped 0
Computing target border values 
Entering MRIScomputeBorderValues_new(): 
  inside_hi   = 120.0000000;
  border_hi   = 108.4757610;
  border_low  =  72.0000000;
  outside_low =  62.0807530;
  outside_hi  = 108.4757610;
  sigma = 0.25;
  max_thickness = 10;
  step_size=0.5;
  STEP_SIZE=0.1;
  which = 1
  thresh = 0
  flags = 0
  CBVfindFirstPeakD1=0
  CBVfindFirstPeakD2=0
  nvertices=110111
  Gdiag_no=-1
  vno start=0, stop=110111
Replacing 255s with 0s
#SI# sigma=0.25 had to be increased for 198 vertices, nripped=6035
mean border=86.6, 115 (10) missing vertices, mean dist -0.0 [0.3 (%53.2)->0.2 (%46.8))]
%79 local maxima, %15 large gradients and % 0 min vals, 0 gradients ignored
nFirstPeakD1 0
MRIScomputeBorderValues_new() finished in 0.0035 min


Finding expansion regions
mean absolute distance = 0.27 +- 0.42
2725 vertices more than 2 sigmas from mean.
Averaging target values for 5 iterations...
Positioning Surface: tspring = 0.3, nspring = 0.3, spring = 0, niters = 100 l_repulse = 5, l_surf_repulse = 0, checktol = 0
Positioning pial surface
Entering MRISpositionSurface()
  max_mm = 0.3
  MAX_REDUCTIONS = 2, REDUCTION_PCT = 0.5
  parms->check_tol = 0, niterations = 100
tol=1.0e-04, sigma=0.2, host=dna08, nav=0, nbrs=2, l_repulse=5.000, l_tspring=0.300, l_nspring=0.300, l_intensity=0.200, l_curv=1.000
mom=0.00, dt=0.50
000: dt: 0.0000, sse=216523.8, rms=1.420
026: dt: 0.5000, sse=210560.7, rms=1.269 (10.611%)
rms = 1.4709/1.2691, sse=220370.8/210560.7, time step reduction 1 of 3 to 0.250  0 1 1
   RMS increased, rejecting step
027: dt: 0.2500, sse=194186.2, rms=0.959 (24.408%)
rms = 0.9199/0.9593, sse=193130.8/194186.2, time step reduction 2 of 3 to 0.125  0 0 1
028: dt: 0.2500, sse=193130.8, rms=0.920 (4.111%)
029: dt: 0.1250, sse=189357.0, rms=0.835 (9.244%)
rms = 0.8098/0.8349, sse=187728.2/189357.0, time step reduction 3 of 3 to 0.062  0 0 1
030: dt: 0.1250, sse=187728.2, rms=0.810 (3.002%)
  maximum number of reductions reached, breaking from loop
positioning took 0.3 minutes


Writing output to ../surf/rh.white.preaparc
#ET# mris_place_surface  1.89 minutes
#VMPC# mris_place_surfaces VmPeak  2887104
mris_place_surface done
#--------------------------------------------
#@# CortexLabel rh Mon Mar  9 03:57:58 CET 2026
cd /out/sourcedata/freesurfer/sub-v1s16x0051183_ses-1/mri
mri_label2label --label-cortex ../surf/rh.white.preaparc aseg.presurf.mgz 0 ../label/rh.cortex.label

 Generating cortex label... RemoveHipAmgy=0
 NucAccIsMedialWall=0
 mris->useRealRAS=0
5 non-cortical segments detected
only using segment with 7077 vertices
erasing segment 1 (vno[0] = 49393)
erasing segment 2 (vno[0] = 61325)
erasing segment 3 (vno[0] = 63762)
erasing segment 4 (vno[0] = 64493)
#--------------------------------------------
#@# CortexLabel+HipAmyg rh Mon Mar  9 03:58:06 CET 2026
cd /out/sourcedata/freesurfer/sub-v1s16x0051183_ses-1/mri
mri_label2label --label-cortex ../surf/rh.white.preaparc aseg.presurf.mgz 1 ../label/rh.cortex+hipamyg.label

 Generating cortex label... RemoveHipAmgy=1
 NucAccIsMedialWall=0
 mris->useRealRAS=0
6 non-cortical segments detected
only using segment with 4890 vertices
erasing segment 1 (vno[0] = 30728)
erasing segment 2 (vno[0] = 38854)
erasing segment 3 (vno[0] = 61325)
erasing segment 4 (vno[0] = 63762)
erasing segment 5 (vno[0] = 64493)
#--------------------------------------------
#@# Smooth2 rh Mon Mar  9 03:58:14 CET 2026
/out/sourcedata/freesurfer/sub-v1s16x0051183_ses-1/scripts

 mris_smooth -n 3 -nw -seed 1234 ../surf/rh.white.preaparc ../surf/rh.smoothwm 

smoothing for 3 iterations
setting seed for random number generator to 1234
smoothing surface tessellation for 3 iterations...
smoothing complete - recomputing first and second fundamental forms...
#--------------------------------------------
#@# Inflation2 rh Mon Mar  9 03:58:15 CET 2026
/out/sourcedata/freesurfer/sub-v1s16x0051183_ses-1/scripts

 mris_inflate ../surf/rh.smoothwm ../surf/rh.inflated 

Reading ../surf/rh.smoothwm
avg radius = 42.9 mm, total surface area = 69722 mm^2
step 000: RMS=0.175 (target=0.015)   step 005: RMS=0.119 (target=0.015)   step 010: RMS=0.092 (target=0.015)   step 015: RMS=0.078 (target=0.015)   step 020: RMS=0.066 (target=0.015)   step 025: RMS=0.056 (target=0.015)   step 030: RMS=0.048 (target=0.015)   step 035: RMS=0.041 (target=0.015)   step 040: RMS=0.037 (target=0.015)   step 045: RMS=0.035 (target=0.015)   step 050: RMS=0.032 (target=0.015)   step 055: RMS=0.031 (target=0.015)   step 060: RMS=0.030 (target=0.015)   writing inflated surface to ../surf/rh.inflated
writing sulcal depths to ../surf/rh.sulc

inflation complete.
inflation took 0.2 minutes
mris_inflate utimesec    57.762954
mris_inflate stimesec    0.541830
mris_inflate ru_maxrss   173840
mris_inflate ru_ixrss    0
mris_inflate ru_idrss    0
mris_inflate ru_isrss    0
mris_inflate ru_minflt   103425
mris_inflate ru_majflt   14
mris_inflate ru_nswap    0
mris_inflate ru_inblock  0
mris_inflate ru_oublock  8616
mris_inflate ru_msgsnd   0
mris_inflate ru_msgrcv   0
mris_inflate ru_nsignals 0
mris_inflate ru_nvcsw    8980
mris_inflate ru_nivcsw   218
#--------------------------------------------
#@# Curv .H and .K rh Mon Mar  9 03:58:27 CET 2026
/out/sourcedata/freesurfer/sub-v1s16x0051183_ses-1/surf

 mris_curvature -w -seed 1234 rh.white.preaparc 

setting seed for random number generator to 1234
total integrated curvature = 27.233*4pi (342.216) --> -26 handles
ICI = 150.3, FI = 1297.5, variation=20958.828
writing Gaussian curvature to ./rh.white.preaparc.K...done.
writing mean curvature to ./rh.white.preaparc.H...done.
rm -f rh.white.H
ln -s rh.white.preaparc.H rh.white.H
rm -f rh.white.K
ln -s rh.white.preaparc.K rh.white.K

 mris_curvature -seed 1234 -thresh .999 -n -a 5 -w -distances 10 10 rh.inflated 

setting seed for random number generator to 1234
normalizing curvature values.
averaging curvature patterns 5 times.
sampling 10 neighbors out to a distance of 10 mm
138 vertices thresholded to be in k1 ~ [-3.45 0.46], k2 ~ [-0.68 0.25]
total integrated curvature = -0.156*4pi (-1.955) --> 1 handles
ICI = 1.3, FI = 10.5, variation=179.649
139 vertices thresholded to be in [-0.14 0.51]
writing Gaussian curvature to ./rh.inflated.K...thresholding curvature at 99.90% level
curvature mean = 0.000, std = 0.010
97 vertices thresholded to be in [-1.41 0.20]
done.
writing mean curvature to ./rh.inflated.H...curvature mean = -0.020, std = 0.049
done.
#--------------------------------------------
#@# Sphere rh Mon Mar  9 03:58:57 CET 2026
/out/sourcedata/freesurfer/sub-v1s16x0051183_ses-1/scripts

 mris_sphere -seed 1234 ../surf/rh.inflated ../surf/rh.sphere 

setting seed for random number genererator to 1234
version: 7.3.2
available threads: 16
reading original vertex positions...
projecting onto sphere...
surface projected - minimizing metric distortion...
scaling brain by 0.316...
MRISunfold() max_passes = 1 -------
tol=5.0e-01, sigma=0.0, host=dna08, nav=1024, nbrs=2, l_area=1.000, l_dist=1.000
using quadratic fit line minimization
complete_dist_mat 0
rms 0
smooth_averages 0
remove_neg 0
ico_order 0
which_surface 0
target_radius 0.000000
nfields 0
scale 1.000000
desired_rms_height -1.000000
momentum 0.900000
nbhd_size 7
max_nbrs 8
niterations 25
nsurfaces 0
SURFACES 3
flags 0 (0)
use curv 0
no sulc 0
no rigid align 0
mris->nsize 2
mris->hemisphere 1
randomSeed 1234

singular matrix in quadratic form
--------------------
  mrisRemoveNegativeArea()
pass 1: epoch 1 of 3 starting distance error %21.92
pass 1: epoch 2 of 3 starting distance error %21.81
unfolding complete - removing small folds...
starting distance error %21.60
removing remaining folds...
final distance error %21.64
MRISunfold() return, current seed 1234
-01: dt=0.0000,  22 negative triangles  VmPeak 1583644
221: dt=0.9900,  22 negative triangles
writing spherical brain to ../surf/rh.sphere
spherical transformation took 0.1391 hours
FSRUNTIME@ mris_sphere  0.1391 hours 16 threads
#VMPC# mris_sphere VmPeak  1583644
mris_sphere done
#--------------------------------------------
#@# Surf Reg rh Mon Mar  9 04:07:18 CET 2026
/out/sourcedata/freesurfer/sub-v1s16x0051183_ses-1/scripts

 mris_register -curv ../surf/rh.sphere /opt/freesurfer/average/rh.folding.atlas.acfb40.noaparc.i12.2016-08-02.tif ../surf/rh.sphere.reg 

using smoothwm curvature for final alignment

cwd /out/sourcedata/freesurfer/sub-v1s16x0051183_ses-1/scripts
cmdline mris_register -curv ../surf/rh.sphere /opt/freesurfer/average/rh.folding.atlas.acfb40.noaparc.i12.2016-08-02.tif ../surf/rh.sphere.reg 

0 inflated.H
1 sulc
2 smoothwm (computed)
7.3.2
  7.3.2
reading surface from ../surf/rh.sphere...
reading template parameterization from /opt/freesurfer/average/rh.folding.atlas.acfb40.noaparc.i12.2016-08-02.tif...
MRISregister() -------
max_passes = 4 
min_degrees = 0.500000 
max_degrees = 64.000000 
nangles = 8 
tol=5.0e-01, sigma=0.0, host=dna08, nav=1024, nbrs=1, l_extern=10000.000, l_parea=0.200, l_nlarea=1.000, l_corr=1.000, l_dist=5.000
using quadratic fit line minimization
complete_dist_mat 0
rms 0
smooth_averages 0
remove_neg 0
ico_order 0
which_surface 0
target_radius 0.000000
nfields 0
scale 0.000000
desired_rms_height -1.000000
momentum 0.950000
nbhd_size -10
max_nbrs 10
niterations 25
nsurfaces 0
SURFACES 3
flags 16 (10)
use curv 16
no sulc 0
no rigid align 0
mris->nsize 1
mris->hemisphere 1
randomSeed 0

tol=5.0e-01, sigma=0.0, host=dna08, nav=1024, nbrs=1, l_extern=10000.000, l_parea=0.200, l_nlarea=1.000, l_corr=1.000, l_dist=5.000
using quadratic fit line minimization
--------------------
1 Reading rh.sulc
tol=1.0e+00, sigma=0.5, host=dna08, nav=1024, nbrs=1, l_extern=10000.000, l_parea=0.200, l_nlarea=1.000, l_corr=0.050, l_spring=0.500, l_dist=5.000
using quadratic fit line minimization
curvature mean = -0.000, std = 5.639
curvature mean = 0.057, std = 0.822
curvature mean = 0.006, std = 0.884
Starting MRISrigidBodyAlignGlobal()
Starting new MRISrigidBodyAlignGlobal_findMinSSE()
  new MRISrigidBodyAlignGlobal_findMinSSE min @ (1.50, -7.00, 31.00) sse = 146865.3, elapsed since starting=0.0408 min
MRISrigidBodyAlignGlobal() done   0.04 min
curvature mean = 0.045, std = 0.839
curvature mean = 0.003, std = 0.959
curvature mean = 0.043, std = 0.851
curvature mean = 0.001, std = 0.984
curvature mean = 0.043, std = 0.854
curvature mean = 0.000, std = 0.994
2 Reading smoothwm
curvature mean = -0.028, std = 0.275
curvature mean = 0.044, std = 0.244
curvature mean = 0.051, std = 0.404
curvature mean = 0.032, std = 0.306
curvature mean = 0.038, std = 0.574
curvature mean = 0.031, std = 0.334
curvature mean = 0.019, std = 0.707
curvature mean = 0.031, std = 0.346
curvature mean = 0.005, std = 0.811
MRISregister() return, current seed 0
-01: dt=0.0000,   3 negative triangles  VmPeak 1562024
113: dt=0.9900,   3 negative triangles
expanding nbhd size to 1
114: dt=0.9900,   7 negative triangles
115: dt=0.9900,   3 negative triangles
116: dt=0.9900,   3 negative triangles
117: dt=0.9900,   8 negative triangles
118: dt=0.9900,   5 negative triangles
119: dt=0.9900,   7 negative triangles
120: dt=0.9900,   2 negative triangles
121: dt=0.9900,   1 negative triangles
122: dt=0.9900,   1 negative triangles
123: dt=0.9900,   1 negative triangles
124: dt=0.9900,   1 negative triangles
125: dt=0.9900,   1 negative triangles
126: dt=0.9900,   1 negative triangles
127: dt=0.9900,   1 negative triangles
128: dt=0.9900,   1 negative triangles
writing registered surface to ../surf/rh.sphere.reg...
registration took 0.10 hours
#VMPC# mris_register VmPeak  1562024
FSRUNTIME@ mris_register  0.0965 hours 16 threads

 ln -sf rh.sphere.reg rh.fsaverage.sphere.reg 

#--------------------------------------------
#@# Jacobian white rh Mon Mar  9 04:13:05 CET 2026
/out/sourcedata/freesurfer/sub-v1s16x0051183_ses-1/scripts

 mris_jacobian ../surf/rh.white.preaparc ../surf/rh.sphere.reg ../surf/rh.jacobian_white 

reading surface from ../surf/rh.white.preaparc...
writing curvature file ../surf/rh.jacobian_white
#--------------------------------------------
#@# AvgCurv rh Mon Mar  9 04:13:06 CET 2026
/out/sourcedata/freesurfer/sub-v1s16x0051183_ses-1/scripts

 mrisp_paint -a 5 /opt/freesurfer/average/rh.folding.atlas.acfb40.noaparc.i12.2016-08-02.tif#6 ../surf/rh.sphere.reg ../surf/rh.avg_curv 

averaging curvature patterns 5 times...
reading surface from ../surf/rh.sphere.reg...
reading template parameterization from /opt/freesurfer/average/rh.folding.atlas.acfb40.noaparc.i12.2016-08-02.tif...
writing curvature file to ../surf/rh.avg_curv...
#-----------------------------------------
#@# Cortical Parc rh Mon Mar  9 04:13:06 CET 2026
/out/sourcedata/freesurfer/sub-v1s16x0051183_ses-1/scripts

 mris_ca_label -l ../label/rh.cortex.label -aseg ../mri/aseg.presurf.mgz -seed 1234 sub-v1s16x0051183_ses-1 rh ../surf/rh.sphere.reg /opt/freesurfer/average/rh.DKaparc.atlas.acfb40.noaparc.i12.2016-08-02.gcs ../label/rh.aparc.annot 

setting seed for random number generator to 1234
using ../mri/aseg.presurf.mgz aseg volume to correct midline
7.3.2
  7.3.2
reading atlas from /opt/freesurfer/average/rh.DKaparc.atlas.acfb40.noaparc.i12.2016-08-02.gcs...
reading color table from GCSA file....
average std = 0.7   using min determinant for regularization = 0.004
0 singular and 309 ill-conditioned covariance matrices regularized
input 0: MEAN CURVATURE, flags 0, avgs 5, name mean_curvature
labeling surface...
1261 labels changed using aseg
relabeling using gibbs priors...
000:   2295 changed, 110111 examined...
001:    497 changed, 10107 examined...
002:    114 changed, 2865 examined...
003:     33 changed, 702 examined...
004:     14 changed, 215 examined...
005:      5 changed, 95 examined...
006:      0 changed, 31 examined...
134 labels changed using aseg
000: 87 total segments, 49 labels (170 vertices) changed
001: 40 total segments, 2 labels (14 vertices) changed
002: 38 total segments, 0 labels (0 vertices) changed
10 filter iterations complete (10 requested, 1 changed)
rationalizing unknown annotations with cortex label
relabeling unknown label...
relabeling corpuscallosum label...
1628 vertices marked for relabeling...
1628 labels changed in reclassification.
writing output to ../label/rh.aparc.annot...
classification took 0 minutes and 7 seconds.
#--------------------------------------------
#@# WhiteSurfs rh Mon Mar  9 04:13:13 CET 2026
cd /out/sourcedata/freesurfer/sub-v1s16x0051183_ses-1/mri
mris_place_surface --adgws-in ../surf/autodet.gw.stats.rh.dat --seg aseg.presurf.mgz --threads 16 --wm wm.mgz --invol brain.finalsurfs.mgz --rh --i ../surf/rh.white.preaparc --o ../surf/rh.white --white --nsmooth 0 --rip-label ../label/rh.cortex.label --rip-bg --rip-surf ../surf/rh.white.preaparc --aparc ../label/rh.aparc.annot
7.3.2
7.3.2

cd /out/sourcedata/freesurfer/sub-v1s16x0051183_ses-1/mri
setenv SUBJECTS_DIR /out/sourcedata/freesurfer
mris_place_surface --adgws-in ../surf/autodet.gw.stats.rh.dat --seg aseg.presurf.mgz --threads 16 --wm wm.mgz --invol brain.finalsurfs.mgz --rh --i ../surf/rh.white.preaparc --o ../surf/rh.white --white --nsmooth 0 --rip-label ../label/rh.cortex.label --rip-bg --rip-surf ../surf/rh.white.preaparc --aparc ../label/rh.aparc.annot 

Reading in input surface ../surf/rh.white.preaparc
Not smoothing input surface
Area    220218  0.35110  0.12512 0.000609   2.4157
Corner  660654 60.00000 13.82294 0.816017 177.3391
Edge    330327  0.91190  0.20421 0.010922   3.2711
Hinge   330327 10.31444 12.03468 0.000009 179.9057
Reading in aparc ../label/rh.aparc.annot
Reading in input volume brain.finalsurfs.mgz
Reading in wm volume wm.mgz
MRIclipBrightWM(): nthresh=11599, wmmin=5, clip=110 
MRIfindBrightNonWM(): 102 bright non-wm voxels segmented.
Masking bright non-wm for white surface
MRImask(): AllowDiffGeom = 1
MRImask(): AllowDiffGeom = 1
Reading in seg volume aseg.presurf.mgz
Ripping frozen voxels
Ripping vertices not in label ../label/rh.cortex.label
MRISripNotLabel() ripped 7271/110111 vertices (102840 unripped)
Reading in ripping surface ../surf/rh.white.preaparc
Reading in aparc ../label/rh.aparc.annot for ripsurf
Ripping BG
MRISripBasalGanglia(): 1 -2 2 0.5 ripped 372
Ripping segs (eg, WMSA, BG, frozen)
Starting MRISripSegs() d = (-2 2 0.5) segnos: 247 
MRISripSegs(): -2 2 0.5 ripped 0
vertex 55056: xyz = (28.6865,6.10949,57.1394) oxyz = (28.6865,6.10949,57.1394) wxzy = (28.6865,6.10949,57.1394) pxyz = (0,0,0) 
CBVO Creating mask 110111
n_averages 4
Iteration 0 =========================================
n_averages=4, current_sigma=2
Computing target border values 
Entering MRIScomputeBorderValues_new(): 
  inside_hi   = 120.0000000;
  border_hi   = 108.4757610;
  border_low  =  72.0000000;
  outside_low =  62.0807530;
  outside_hi  = 108.4757610;
  sigma = 2;
  max_thickness = 10;
  step_size=0.5;
  STEP_SIZE=0.1;
  which = 1
  thresh = 0
  flags = 0
  CBVfindFirstPeakD1=0
  CBVfindFirstPeakD2=0
  nvertices=110111
  Gdiag_no=-1
  vno start=0, stop=110111
Replacing 255s with 0s
#SI# sigma=2 had to be increased for 184 vertices, nripped=7643
mean border=82.8, 95 (95) missing vertices, mean dist 0.2 [0.7 (%20.7)->0.5 (%79.3))]
%60 local maxima, %33 large gradients and % 0 min vals, 0 gradients ignored
nFirstPeakD1 0
MRIScomputeBorderValues_new() finished in 0.0094 min


Finding expansion regions
mean absolute distance = 0.53 +- 0.89
2429 vertices more than 2 sigmas from mean.
Averaging target values for 5 iterations...
Positioning Surface: tspring = 0.3, nspring = 0.3, spring = 0, niters = 100 l_repulse = 5, l_surf_repulse = 0, checktol = 0
Positioning pial surface
Entering MRISpositionSurface()
  max_mm = 0.3
  MAX_REDUCTIONS = 2, REDUCTION_PCT = 0.5
  parms->check_tol = 0, niterations = 100
tol=1.0e-04, sigma=2.0, host=dna08, nav=4, nbrs=2, l_repulse=5.000, l_tspring=0.300, l_nspring=0.300, l_intensity=0.200, l_curv=1.000
mom=0.00, dt=0.50
complete_dist_mat 0
rms 0
smooth_averages 0
remove_neg 0
ico_order 0
which_surface 0
target_radius 0.000000
nfields 0
scale 0.000000
desired_rms_height 0.000000
momentum 0.000000
nbhd_size 0
max_nbrs 0
niterations 100
nsurfaces 0
SURFACES 3
flags 0 (0)
use curv 0
no sulc 0
no rigid align 0
mris->nsize 2
mris->hemisphere 1
randomSeed 0

000: dt: 0.0000, sse=755502.2, rms=5.365
001: dt: 0.5000, sse=388179.2, rms=3.308 (38.346%)
002: dt: 0.5000, sse=304390.1, rms=2.610 (21.093%)
003: dt: 0.5000, sse=293820.2, rms=2.466 (5.527%)
004: dt: 0.5000, sse=287416.4, rms=2.384 (3.323%)
rms = 2.4103/2.3839, sse=288278.5/287416.5, time step reduction 1 of 3 to 0.250  0 1 1
   RMS increased, rejecting step
005: dt: 0.2500, sse=236736.6, rms=1.834 (23.049%)
006: dt: 0.2500, sse=217956.5, rms=1.573 (14.252%)
007: dt: 0.2500, sse=214350.5, rms=1.509 (4.098%)
rms = 1.4766/1.5085, sse=213855.0/214350.5, time step reduction 2 of 3 to 0.125  0 0 1
008: dt: 0.2500, sse=213855.0, rms=1.477 (2.119%)
rms = 1.4418/1.4766, sse=213813.2/213855.0, time step reduction 3 of 3 to 0.062  0 0 1
009: dt: 0.1250, sse=213813.2, rms=1.442 (2.353%)
  maximum number of reductions reached, breaking from loop
positioning took 0.6 minutes
Iteration 1 =========================================
n_averages=2, current_sigma=1
Computing target border values 
Entering MRIScomputeBorderValues_new(): 
  inside_hi   = 120.0000000;
  border_hi   = 108.4757610;
  border_low  =  72.0000000;
  outside_low =  62.0807530;
  outside_hi  = 108.4757610;
  sigma = 1;
  max_thickness = 10;
  step_size=0.5;
  STEP_SIZE=0.1;
  which = 1
  thresh = 0
  flags = 0
  CBVfindFirstPeakD1=0
  CBVfindFirstPeakD2=0
  nvertices=110111
  Gdiag_no=-1
  vno start=0, stop=110111
Replacing 255s with 0s
#SI# sigma=1 had to be increased for 270 vertices, nripped=7643
mean border=84.6, 104 (18) missing vertices, mean dist -0.2 [0.4 (%67.5)->0.3 (%32.5))]
%68 local maxima, %25 large gradients and % 0 min vals, 0 gradients ignored
nFirstPeakD1 0
MRIScomputeBorderValues_new() finished in 0.0082 min


Finding expansion regions
mean absolute distance = 0.35 +- 0.68
2414 vertices more than 2 sigmas from mean.
Averaging target values for 5 iterations...
Positioning Surface: tspring = 0.3, nspring = 0.3, spring = 0, niters = 100 l_repulse = 5, l_surf_repulse = 0, checktol = 0
Positioning pial surface
Entering MRISpositionSurface()
  max_mm = 0.3
  MAX_REDUCTIONS = 2, REDUCTION_PCT = 0.5
  parms->check_tol = 0, niterations = 100
tol=1.0e-04, sigma=1.0, host=dna08, nav=2, nbrs=2, l_repulse=5.000, l_tspring=0.300, l_nspring=0.300, l_intensity=0.200, l_curv=1.000
mom=0.00, dt=0.50
000: dt: 0.0000, sse=374571.7, rms=3.099
010: dt: 0.5000, sse=265066.1, rms=2.042 (34.103%)
011: dt: 0.5000, sse=258442.5, rms=1.971 (3.499%)
rms = 1.9856/1.9707, sse=260590.0/258442.5, time step reduction 1 of 3 to 0.250  0 1 1
   RMS increased, rejecting step
012: dt: 0.2500, sse=224473.2, rms=1.506 (23.590%)
013: dt: 0.2500, sse=210528.1, rms=1.265 (15.972%)
rms = 1.2304/1.2653, sse=209748.5/210528.1, time step reduction 2 of 3 to 0.125  0 0 1
014: dt: 0.2500, sse=209748.5, rms=1.230 (2.756%)
rms = 1.1899/1.2304, sse=206689.2/209748.5, time step reduction 3 of 3 to 0.062  0 0 1
015: dt: 0.1250, sse=206689.2, rms=1.190 (3.294%)
  maximum number of reductions reached, breaking from loop
positioning took 0.4 minutes
Iteration 2 =========================================
n_averages=1, current_sigma=0.5
Computing target border values 
Entering MRIScomputeBorderValues_new(): 
  inside_hi   = 120.0000000;
  border_hi   = 108.4757610;
  border_low  =  72.0000000;
  outside_low =  62.0807530;
  outside_hi  = 108.4757610;
  sigma = 0.5;
  max_thickness = 10;
  step_size=0.5;
  STEP_SIZE=0.1;
  which = 1
  thresh = 0
  flags = 0
  CBVfindFirstPeakD1=0
  CBVfindFirstPeakD2=0
  nvertices=110111
  Gdiag_no=-1
  vno start=0, stop=110111
Replacing 255s with 0s
#SI# sigma=0.5 had to be increased for 249 vertices, nripped=7643
mean border=85.9, 138 (7) missing vertices, mean dist -0.1 [0.3 (%61.4)->0.2 (%38.6))]
%75 local maxima, %18 large gradients and % 0 min vals, 0 gradients ignored
nFirstPeakD1 0
MRIScomputeBorderValues_new() finished in 0.0049 min


Finding expansion regions
mean absolute distance = 0.29 +- 0.52
2774 vertices more than 2 sigmas from mean.
Averaging target values for 5 iterations...
Positioning Surface: tspring = 0.3, nspring = 0.3, spring = 0, niters = 100 l_repulse = 5, l_surf_repulse = 0, checktol = 0
Positioning pial surface
Entering MRISpositionSurface()
  max_mm = 0.3
  MAX_REDUCTIONS = 2, REDUCTION_PCT = 0.5
  parms->check_tol = 0, niterations = 100
tol=1.0e-04, sigma=0.5, host=dna08, nav=1, nbrs=2, l_repulse=5.000, l_tspring=0.300, l_nspring=0.300, l_intensity=0.200, l_curv=1.000
mom=0.00, dt=0.50
000: dt: 0.0000, sse=279348.5, rms=2.246
016: dt: 0.5000, sse=251478.3, rms=1.763 (21.475%)
rms = 1.7868/1.7634, sse=246494.5/251478.3, time step reduction 1 of 3 to 0.250  0 0 1
   RMS increased, rejecting step
017: dt: 0.2500, sse=219220.7, rms=1.369 (22.381%)
018: dt: 0.2500, sse=208254.2, rms=1.157 (15.456%)
019: dt: 0.2500, sse=206535.5, rms=1.105 (4.491%)
rms = 1.0921/1.1052, sse=202096.2/206535.5, time step reduction 2 of 3 to 0.125  0 0 1
020: dt: 0.2500, sse=202096.2, rms=1.092 (1.189%)
rms = 1.0543/1.0921, sse=199689.9/202096.2, time step reduction 3 of 3 to 0.062  0 0 1
021: dt: 0.1250, sse=199689.9, rms=1.054 (3.461%)
  maximum number of reductions reached, breaking from loop
positioning took 0.4 minutes
Iteration 3 =========================================
n_averages=0, current_sigma=0.25
Computing target border values 
Entering MRIScomputeBorderValues_new(): 
  inside_hi   = 120.0000000;
  border_hi   = 108.4757610;
  border_low  =  72.0000000;
  outside_low =  62.0807530;
  outside_hi  = 108.4757610;
  sigma = 0.25;
  max_thickness = 10;
  step_size=0.5;
  STEP_SIZE=0.1;
  which = 1
  thresh = 0
  flags = 0
  CBVfindFirstPeakD1=0
  CBVfindFirstPeakD2=0
  nvertices=110111
  Gdiag_no=-1
  vno start=0, stop=110111
Replacing 255s with 0s
#SI# sigma=0.25 had to be increased for 193 vertices, nripped=7643
mean border=86.4, 203 (5) missing vertices, mean dist -0.0 [0.3 (%53.5)->0.2 (%46.5))]
%78 local maxima, %15 large gradients and % 0 min vals, 0 gradients ignored
nFirstPeakD1 0
MRIScomputeBorderValues_new() finished in 0.0032 min


Finding expansion regions
mean absolute distance = 0.27 +- 0.43
2725 vertices more than 2 sigmas from mean.
Averaging target values for 5 iterations...
Positioning Surface: tspring = 0.3, nspring = 0.3, spring = 0, niters = 100 l_repulse = 5, l_surf_repulse = 0, checktol = 0
Positioning pial surface
Entering MRISpositionSurface()
  max_mm = 0.3
  MAX_REDUCTIONS = 2, REDUCTION_PCT = 0.5
  parms->check_tol = 0, niterations = 100
tol=1.0e-04, sigma=0.2, host=dna08, nav=0, nbrs=2, l_repulse=5.000, l_tspring=0.300, l_nspring=0.300, l_intensity=0.200, l_curv=1.000
mom=0.00, dt=0.50
000: dt: 0.0000, sse=217140.0, rms=1.422
022: dt: 0.5000, sse=215986.3, rms=1.305 (8.214%)
rms = 1.4690/1.3054, sse=216792.0/215986.3, time step reduction 1 of 3 to 0.250  0 1 1
   RMS increased, rejecting step
023: dt: 0.2500, sse=195940.9, rms=0.985 (24.551%)
rms = 0.9373/0.9849, sse=193368.7/195940.9, time step reduction 2 of 3 to 0.125  0 0 1
024: dt: 0.2500, sse=193368.7, rms=0.937 (4.832%)
025: dt: 0.1250, sse=188004.3, rms=0.846 (9.710%)
rms = 0.8188/0.8463, sse=186871.8/188004.3, time step reduction 3 of 3 to 0.062  0 0 1
026: dt: 0.1250, sse=186871.8, rms=0.819 (3.248%)
  maximum number of reductions reached, breaking from loop
positioning took 0.3 minutes


Writing output to ../surf/rh.white
#ET# mris_place_surface  1.67 minutes
#VMPC# mris_place_surfaces VmPeak  2840912
mris_place_surface done
#--------------------------------------------
#@# T1PialSurf rh Mon Mar  9 04:14:58 CET 2026
cd /out/sourcedata/freesurfer/sub-v1s16x0051183_ses-1/mri
mris_place_surface --adgws-in ../surf/autodet.gw.stats.rh.dat --seg aseg.presurf.mgz --threads 16 --wm wm.mgz --invol brain.finalsurfs.mgz --rh --i ../surf/rh.white --o ../surf/rh.pial.T1 --pial --nsmooth 0 --rip-label ../label/rh.cortex+hipamyg.label --pin-medial-wall ../label/rh.cortex.label --aparc ../label/rh.aparc.annot --repulse-surf ../surf/rh.white --white-surf ../surf/rh.white
7.3.2
7.3.2

cd /out/sourcedata/freesurfer/sub-v1s16x0051183_ses-1/mri
setenv SUBJECTS_DIR /out/sourcedata/freesurfer
mris_place_surface --adgws-in ../surf/autodet.gw.stats.rh.dat --seg aseg.presurf.mgz --threads 16 --wm wm.mgz --invol brain.finalsurfs.mgz --rh --i ../surf/rh.white --o ../surf/rh.pial.T1 --pial --nsmooth 0 --rip-label ../label/rh.cortex+hipamyg.label --pin-medial-wall ../label/rh.cortex.label --aparc ../label/rh.aparc.annot --repulse-surf ../surf/rh.white --white-surf ../surf/rh.white 

Reading in input surface ../surf/rh.white
Not smoothing input surface
Area    220218  0.35671  0.14324 0.000225   2.4157
Corner  660654 60.00000 15.40675 0.101923 179.7295
Edge    330327  0.92146  0.22992 0.013471   3.7906
Hinge   330327 10.54150 12.49984 0.000081 179.9284
Reading white surface coordinates from ../surf/rh.white
Reading repulsion surface coordinates from ../surf/rh.white
Reading in aparc ../label/rh.aparc.annot
Reading in input volume brain.finalsurfs.mgz
Reading in wm volume wm.mgz
MRIclipBrightWM(): nthresh=11599, wmmin=5, clip=110 
MRIfindBrightNonWM(): 102 bright non-wm voxels segmented.
Masking bright non-wm for pial surface mid_gray = 67.8833
MRImask(): AllowDiffGeom = 1
MRImask(): AllowDiffGeom = 1
MRImask(): AllowDiffGeom = 1
Reading in seg volume aseg.presurf.mgz
Ripping frozen voxels
Ripping vertices not in label ../label/rh.cortex+hipamyg.label
MRISripNotLabel() ripped 5210/110111 vertices (104901 unripped)
INFO: rip surface needed but not specified, so using input surface
Ripping segs (eg, WMSA, BG, frozen)
Starting MRISripSegs() d = (-2 2 0.5) segnos: 247 
MRISripSegs(): -2 2 0.5 ripped 0
vertex 55056: xyz = (28.6054,6.14584,57.2865) oxyz = (28.6054,6.14584,57.2865) wxzy = (28.6054,6.14584,57.2865) pxyz = (28.6054,6.14584,57.2865) 
CBVO Creating mask 110111
n_averages 16
Iteration 0 =========================================
n_averages=16, current_sigma=2
Computing target border values 
Entering MRIScomputeBorderValues_new(): 
  inside_hi   =  93.5242390;
  border_hi   =  62.0807530;
  border_low  =  42.2422640;
  outside_low =  10.0000000;
  outside_hi  =  57.1211320;
  sigma = 2;
  max_thickness = 10;
  step_size=0.5;
  STEP_SIZE=0.1;
  which = 2
  thresh = 0
  flags = 0
  CBVfindFirstPeakD1=0
  CBVfindFirstPeakD2=0
  nvertices=110111
  Gdiag_no=-1
  vno start=0, stop=110111
Replacing 255s with 0s
#SI# sigma=2 had to be increased for 260 vertices, nripped=5210
mean border=60.5, 143 (143) missing vertices, mean dist 1.7 [3.2 (%0.0)->2.9 (%100.0))]
%16 local maxima, %41 large gradients and %39 min vals, 0 gradients ignored
nFirstPeakD1 0
MRIScomputeBorderValues_new() finished in 0.0099 min


Averaging target values for 5 iterations...
Positioning Surface: tspring = 0.3, nspring = 0.3, spring = 0, niters = 100 l_repulse = 0, l_surf_repulse = 5, checktol = 0
Positioning pial surface
Entering MRISpositionSurface()
  max_mm = 0.3
  MAX_REDUCTIONS = 2, REDUCTION_PCT = 0.5
  parms->check_tol = 0, niterations = 100
tol=1.0e-04, sigma=2.0, host=dna08, nav=16, nbrs=2, l_surf_repulse=5.000, l_tspring=0.300, l_nspring=0.300, l_intensity=0.200, l_curv=1.000
mom=0.00, dt=0.50
complete_dist_mat 0
rms 0
smooth_averages 0
remove_neg 0
ico_order 0
which_surface 0
target_radius 0.000000
nfields 0
scale 0.000000
desired_rms_height 0.000000
momentum 0.000000
nbhd_size 0
max_nbrs 0
niterations 100
nsurfaces 0
SURFACES 3
flags 0 (0)
use curv 0
no sulc 0
no rigid align 0
mris->nsize 2
mris->hemisphere 1
randomSeed 0

000: dt: 0.0000, sse=15007857.0, rms=26.614
001: dt: 0.5000, sse=10553470.0, rms=22.263 (16.347%)
002: dt: 0.5000, sse=7290818.0, rms=18.435 (17.195%)
003: dt: 0.5000, sse=5124578.5, rms=15.374 (16.607%)
004: dt: 0.5000, sse=3766846.0, rms=13.093 (14.837%)
005: dt: 0.5000, sse=2916115.0, rms=11.432 (12.683%)
006: dt: 0.5000, sse=2342235.0, rms=10.157 (11.149%)
007: dt: 0.5000, sse=1945950.4, rms=9.172 (9.704%)
008: dt: 0.5000, sse=1658970.5, rms=8.383 (8.597%)
009: dt: 0.5000, sse=1445578.9, rms=7.743 (7.641%)
010: dt: 0.5000, sse=1280816.5, rms=7.208 (6.910%)
011: dt: 0.5000, sse=1149288.4, rms=6.748 (6.372%)
012: dt: 0.5000, sse=1038134.6, rms=6.334 (6.144%)
013: dt: 0.5000, sse=948221.1, rms=5.976 (5.645%)
014: dt: 0.5000, sse=875332.2, rms=5.669 (5.145%)
015: dt: 0.5000, sse=817073.9, rms=5.410 (4.574%)
016: dt: 0.5000, sse=772692.0, rms=5.202 (3.836%)
017: dt: 0.5000, sse=742770.8, rms=5.055 (2.822%)
018: dt: 0.5000, sse=717926.1, rms=4.930 (2.480%)
019: dt: 0.5000, sse=695981.8, rms=4.816 (2.318%)
020: dt: 0.5000, sse=680328.4, rms=4.731 (1.751%)
021: dt: 0.5000, sse=667716.9, rms=4.662 (1.470%)
022: dt: 0.5000, sse=656536.3, rms=4.599 (1.344%)
023: dt: 0.5000, sse=647600.9, rms=4.547 (1.122%)
024: dt: 0.5000, sse=637336.2, rms=4.489 (1.286%)
rms = 4.4579/4.4890, sse=632276.4/637336.2, time step reduction 1 of 3 to 0.250  0 0 1
025: dt: 0.5000, sse=632276.4, rms=4.458 (0.691%)
026: dt: 0.2500, sse=567344.8, rms=4.080 (8.487%)
027: dt: 0.2500, sse=549765.6, rms=3.972 (2.638%)
rms = 3.9690/3.9720, sse=549621.1/549765.6, time step reduction 2 of 3 to 0.125  0 0 1
028: dt: 0.2500, sse=549621.1, rms=3.969 (0.075%)
029: dt: 0.1250, sse=529486.1, rms=3.842 (3.188%)
rms = 3.8059/3.8425, sse=523817.4/529486.1, time step reduction 3 of 3 to 0.062  0 0 1
030: dt: 0.1250, sse=523817.4, rms=3.806 (0.952%)
  maximum number of reductions reached, breaking from loop
positioning took 1.9 minutes
Iteration 1 =========================================
n_averages=8, current_sigma=1
Computing target border values 
Entering MRIScomputeBorderValues_new(): 
  inside_hi   =  93.5242390;
  border_hi   =  62.0807530;
  border_low  =  42.2422640;
  outside_low =  10.0000000;
  outside_hi  =  57.1211320;
  sigma = 1;
  max_thickness = 10;
  step_size=0.5;
  STEP_SIZE=0.1;
  which = 2
  thresh = 0
  flags = 0
  CBVfindFirstPeakD1=0
  CBVfindFirstPeakD2=0
  nvertices=110111
  Gdiag_no=-1
  vno start=0, stop=110111
Replacing 255s with 0s
#SI# sigma=1 had to be increased for 8705 vertices, nripped=5210
mean border=58.6, 1552 (19) missing vertices, mean dist 0.3 [0.2 (%41.6)->0.9 (%58.4))]
%27 local maxima, %33 large gradients and %34 min vals, 0 gradients ignored
nFirstPeakD1 0
MRIScomputeBorderValues_new() finished in 0.0045 min


Averaging target values for 5 iterations...
Positioning Surface: tspring = 0.3, nspring = 0.3, spring = 0, niters = 100 l_repulse = 0, l_surf_repulse = 5, checktol = 0
Positioning pial surface
Entering MRISpositionSurface()
  max_mm = 0.3
  MAX_REDUCTIONS = 2, REDUCTION_PCT = 0.5
  parms->check_tol = 0, niterations = 100
tol=1.0e-04, sigma=1.0, host=dna08, nav=8, nbrs=2, l_surf_repulse=5.000, l_tspring=0.300, l_nspring=0.300, l_intensity=0.200, l_curv=1.000
mom=0.00, dt=0.50
000: dt: 0.0000, sse=838863.1, rms=5.168
031: dt: 0.5000, sse=768416.5, rms=4.836 (6.422%)
032: dt: 0.5000, sse=703567.9, rms=4.517 (6.597%)
rms = 4.5711/4.5170, sse=714147.4/703567.9, time step reduction 1 of 3 to 0.250  0 1 1
   RMS increased, rejecting step
033: dt: 0.2500, sse=634811.8, rms=4.128 (8.609%)
034: dt: 0.2500, sse=612699.7, rms=3.992 (3.290%)
rms = 4.0153/3.9923, sse=616797.1/612699.7, time step reduction 2 of 3 to 0.125  0 1 1
   RMS increased, rejecting step
035: dt: 0.1250, sse=602094.6, rms=3.927 (1.633%)
036: dt: 0.1250, sse=590186.8, rms=3.851 (1.937%)
037: dt: 0.1250, sse=580765.4, rms=3.791 (1.560%)
rms = 3.7660/3.7910, sse=576918.2/580765.4, time step reduction 3 of 3 to 0.062  0 0 1
038: dt: 0.1250, sse=576918.2, rms=3.766 (0.658%)
  maximum number of reductions reached, breaking from loop
positioning took 0.6 minutes
Iteration 2 =========================================
n_averages=4, current_sigma=0.5
Computing target border values 
Entering MRIScomputeBorderValues_new(): 
  inside_hi   =  93.5242390;
  border_hi   =  62.0807530;
  border_low  =  42.2422640;
  outside_low =  10.0000000;
  outside_hi  =  57.1211320;
  sigma = 0.5;
  max_thickness = 10;
  step_size=0.5;
  STEP_SIZE=0.1;
  which = 2
  thresh = 0
  flags = 0
  CBVfindFirstPeakD1=0
  CBVfindFirstPeakD2=0
  nvertices=110111
  Gdiag_no=-1
  vno start=0, stop=110111
Replacing 255s with 0s
#SI# sigma=0.5 had to be increased for 10079 vertices, nripped=5210
mean border=57.9, 2130 (11) missing vertices, mean dist 0.2 [0.2 (%42.3)->0.7 (%57.7))]
%34 local maxima, %25 large gradients and %35 min vals, 0 gradients ignored
nFirstPeakD1 0
MRIScomputeBorderValues_new() finished in 0.0025 min


Averaging target values for 5 iterations...
Positioning Surface: tspring = 0.3, nspring = 0.3, spring = 0, niters = 100 l_repulse = 0, l_surf_repulse = 5, checktol = 0
Positioning pial surface
Entering MRISpositionSurface()
  max_mm = 0.3
  MAX_REDUCTIONS = 2, REDUCTION_PCT = 0.5
  parms->check_tol = 0, niterations = 100
tol=1.0e-04, sigma=0.5, host=dna08, nav=4, nbrs=2, l_surf_repulse=5.000, l_tspring=0.300, l_nspring=0.300, l_intensity=0.200, l_curv=1.000
mom=0.00, dt=0.50
000: dt: 0.0000, sse=632034.1, rms=4.053
rms = 4.3637/4.0533, sse=685202.5/632034.1, time step reduction 1 of 3 to 0.250  0 1 1
   RMS increased, rejecting step
039: dt: 0.2500, sse=604681.5, rms=3.888 (4.073%)
040: dt: 0.2500, sse=590070.9, rms=3.801 (2.252%)
rms = 3.8673/3.8006, sse=600217.8/590071.0, time step reduction 2 of 3 to 0.125  0 1 1
   RMS increased, rejecting step
041: dt: 0.1250, sse=582156.6, rms=3.750 (1.332%)
rms = 3.7121/3.7500, sse=576261.0/582156.7, time step reduction 3 of 3 to 0.062  0 0 1
042: dt: 0.1250, sse=576261.0, rms=3.712 (1.009%)
  maximum number of reductions reached, breaking from loop
positioning took 0.3 minutes
Iteration 3 =========================================
n_averages=2, current_sigma=0.25
Computing target border values 
Entering MRIScomputeBorderValues_new(): 
  inside_hi   =  93.5242390;
  border_hi   =  62.0807530;
  border_low  =  42.2422640;
  outside_low =  10.0000000;
  outside_hi  =  57.1211320;
  sigma = 0.25;
  max_thickness = 10;
  step_size=0.5;
  STEP_SIZE=0.1;
  which = 2
  thresh = 0
  flags = 0
  CBVfindFirstPeakD1=0
  CBVfindFirstPeakD2=0
  nvertices=110111
  Gdiag_no=-1
  vno start=0, stop=110111
Replacing 255s with 0s
#SI# sigma=0.25 had to be increased for 8642 vertices, nripped=5210
mean border=57.5, 4501 (8) missing vertices, mean dist 0.2 [0.3 (%42.9)->0.6 (%57.1))]
%38 local maxima, %20 large gradients and %33 min vals, 0 gradients ignored
nFirstPeakD1 0
MRIScomputeBorderValues_new() finished in 0.0018 min


Averaging target values for 5 iterations...
Positioning Surface: tspring = 0.3, nspring = 0.3, spring = 0, niters = 100 l_repulse = 0, l_surf_repulse = 5, checktol = 0
Positioning pial surface
Entering MRISpositionSurface()
  max_mm = 0.3
  MAX_REDUCTIONS = 2, REDUCTION_PCT = 0.5
  parms->check_tol = 0, niterations = 100
tol=1.0e-04, sigma=0.2, host=dna08, nav=2, nbrs=2, l_surf_repulse=5.000, l_tspring=0.300, l_nspring=0.300, l_intensity=0.200, l_curv=1.000
mom=0.00, dt=0.50
000: dt: 0.0000, sse=593153.9, rms=3.811
rms = 4.0584/3.8111, sse=630526.3/593154.0, time step reduction 1 of 3 to 0.250  0 1 1
   RMS increased, rejecting step
043: dt: 0.2500, sse=571498.9, rms=3.674 (3.584%)
044: dt: 0.2500, sse=558769.2, rms=3.600 (2.033%)
rms = 3.6896/3.5998, sse=571493.4/558769.3, time step reduction 2 of 3 to 0.125  0 1 1
   RMS increased, rejecting step
045: dt: 0.1250, sse=551071.2, rms=3.548 (1.438%)
rms = 3.5156/3.5480, sse=546086.1/551071.3, time step reduction 3 of 3 to 0.062  0 0 1
046: dt: 0.1250, sse=546086.1, rms=3.516 (0.912%)
  maximum number of reductions reached, breaking from loop
positioning took 0.4 minutes
Pinning medial wall to white surface
removing intersecting faces
000: 32 intersecting
step 1 with no progress (num=40, old_num=32)
001: 40 intersecting
002: 16 intersecting
terminating search with 0 intersecting


Writing output to ../surf/rh.pial.T1
#ET# mris_place_surface  3.23 minutes
#VMPC# mris_place_surfaces VmPeak  2316960
mris_place_surface done
#@# white curv rh Mon Mar  9 04:18:16 CET 2026
cd /out/sourcedata/freesurfer/sub-v1s16x0051183_ses-1/mri
mris_place_surface --curv-map ../surf/rh.white 2 10 ../surf/rh.curv
insurf  ../surf/rh.white, nbrs 2, curvature_avgs 10
writing curvature file ../surf/rh.curv
#@# white area rh Mon Mar  9 04:18:17 CET 2026
cd /out/sourcedata/freesurfer/sub-v1s16x0051183_ses-1/mri
mris_place_surface --area-map ../surf/rh.white ../surf/rh.area
writing curvature file ../surf/rh.area
#@# pial curv rh Mon Mar  9 04:18:17 CET 2026
cd /out/sourcedata/freesurfer/sub-v1s16x0051183_ses-1/mri
mris_place_surface --curv-map ../surf/rh.pial 2 10 ../surf/rh.curv.pial
insurf  ../surf/rh.pial, nbrs 2, curvature_avgs 10
writing curvature file ../surf/rh.curv.pial
#@# pial area rh Mon Mar  9 04:18:19 CET 2026
cd /out/sourcedata/freesurfer/sub-v1s16x0051183_ses-1/mri
mris_place_surface --area-map ../surf/rh.pial ../surf/rh.area.pial
writing curvature file ../surf/rh.area.pial
#@# thickness rh Mon Mar  9 04:18:19 CET 2026
cd /out/sourcedata/freesurfer/sub-v1s16x0051183_ses-1/mri
mris_place_surface --thickness ../surf/rh.white ../surf/rh.pial 20 5 ../surf/rh.thickness
0 of 110111 vertices processed
25000 of 110111 vertices processed
50000 of 110111 vertices processed
75000 of 110111 vertices processed
100000 of 110111 vertices processed
0 of 110111 vertices processed
25000 of 110111 vertices processed
50000 of 110111 vertices processed
75000 of 110111 vertices processed
100000 of 110111 vertices processed
thickness calculation complete, 495:3068 truncations.
41398 vertices at 0 distance
75647 vertices at 1 distance
58803 vertices at 2 distance
25563 vertices at 3 distance
10060 vertices at 4 distance
4318 vertices at 5 distance
2057 vertices at 6 distance
1022 vertices at 7 distance
524 vertices at 8 distance
261 vertices at 9 distance
149 vertices at 10 distance
88 vertices at 11 distance
57 vertices at 12 distance
56 vertices at 13 distance
47 vertices at 14 distance
43 vertices at 15 distance
30 vertices at 16 distance
21 vertices at 17 distance
20 vertices at 18 distance
21 vertices at 19 distance
37 vertices at 20 distance
writing curvature file ../surf/rh.thickness
#@# area and vertex vol rh Mon Mar  9 04:18:35 CET 2026
cd /out/sourcedata/freesurfer/sub-v1s16x0051183_ses-1/mri
mris_place_surface --thickness ../surf/rh.white ../surf/rh.pial 20 5 ../surf/rh.thickness
/out/sourcedata/freesurfer/sub-v1s16x0051183_ses-1/surf
mris_calc -o rh.area.mid rh.area add rh.area.pial
Saving result to 'rh.area.mid' (type = MRI_CURV_FILE)                       [ ok ]
mris_calc -o rh.area.mid rh.area.mid div 2
Saving result to 'rh.area.mid' (type = MRI_CURV_FILE)                       [ ok ]
mris_convert --volume sub-v1s16x0051183_ses-1 rh /out/sourcedata/freesurfer/sub-v1s16x0051183_ses-1/surf/rh.volume
masking with /out/sourcedata/freesurfer/sub-v1s16x0051183_ses-1/label/rh.cortex.label
Total face volume 225064
Total vertex volume 224859 (mask=0)
#@# sub-v1s16x0051183_ses-1 rh 224859
 
vertexvol Done

#-----------------------------------------
#@# Curvature Stats rh Mon Mar  9 04:18:36 CET 2026
/out/sourcedata/freesurfer/sub-v1s16x0051183_ses-1/surf

 mris_curvature_stats -m --writeCurvatureFiles -G -o ../stats/rh.curv.stats -F smoothwm sub-v1s16x0051183_ses-1 rh curv sulc 

             Toggling save flag on curvature files                       [ ok ]
                 Outputting results using filestem   [ ../stats/rh.curv.stats ]
             Toggling save flag on curvature files                       [ ok ]
                                   Setting surface [ sub-v1s16x0051183_ses-1/rh.smoothwm ]
                                Reading surface...                       [ ok ]
                                   Setting texture                     [ curv ]
                                Reading texture...                       [ ok ]
                                   Setting texture                     [ sulc ]
                                Reading texture...Gb_filter = 0
                       [ ok ]
      Calculating Discrete Principal Curvatures...
      Determining geometric order for vno faces... [####################] [ ok ]
                      Determining KH curvatures... [####################] [ ok ]
                    Determining k1k2 curvatures... [####################] [ ok ]
                                   deltaViolations                      [ 213 ]
Gb_filter = 0

WARN:   k2 lookup   min:                          -22.043455
WARN:   k2 explicit min:                          -9.739498	vertex = 58975

WARN:    S lookup   min:                          -4.972361
WARN:    S explicit min:                          0.000000	vertex = 970

WARN:    C lookup   max:                          291.422272
WARN:    C explicit max:                          44.294315	vertex = 85666
#-----------------------------------------
#@# Cortical Parc 2 rh Mon Mar  9 04:18:37 CET 2026
/out/sourcedata/freesurfer/sub-v1s16x0051183_ses-1/scripts

 mris_ca_label -l ../label/rh.cortex.label -aseg ../mri/aseg.presurf.mgz -seed 1234 sub-v1s16x0051183_ses-1 rh ../surf/rh.sphere.reg /opt/freesurfer/average/rh.CDaparc.atlas.acfb40.noaparc.i12.2016-08-02.gcs ../label/rh.aparc.a2009s.annot 

setting seed for random number generator to 1234
using ../mri/aseg.presurf.mgz aseg volume to correct midline
7.3.2
  7.3.2
reading atlas from /opt/freesurfer/average/rh.CDaparc.atlas.acfb40.noaparc.i12.2016-08-02.gcs...
reading color table from GCSA file....
average std = 1.4   using min determinant for regularization = 0.021
0 singular and 0 ill-conditioned covariance matrices regularized
input 0: MEAN CURVATURE, flags 0, avgs 5, name mean_curvature
labeling surface...
1 labels changed using aseg
relabeling using gibbs priors...
000:   7230 changed, 110111 examined...
001:   1645 changed, 28652 examined...
002:    458 changed, 8799 examined...
003:    200 changed, 2657 examined...
004:     95 changed, 1169 examined...
005:     45 changed, 552 examined...
006:     23 changed, 273 examined...
007:     11 changed, 136 examined...
008:      7 changed, 61 examined...
009:      4 changed, 43 examined...
010:      3 changed, 20 examined...
011:      3 changed, 20 examined...
012:      0 changed, 16 examined...
0 labels changed using aseg
000: 203 total segments, 118 labels (1689 vertices) changed
001: 89 total segments, 4 labels (17 vertices) changed
002: 85 total segments, 0 labels (0 vertices) changed
10 filter iterations complete (10 requested, 37 changed)
rationalizing unknown annotations with cortex label
relabeling Medial_wall label...
1260 vertices marked for relabeling...
1260 labels changed in reclassification.
writing output to ../label/rh.aparc.a2009s.annot...
classification took 0 minutes and 9 seconds.
#-----------------------------------------
#@# Cortical Parc 3 rh Mon Mar  9 04:18:46 CET 2026
/out/sourcedata/freesurfer/sub-v1s16x0051183_ses-1/scripts

 mris_ca_label -l ../label/rh.cortex.label -aseg ../mri/aseg.presurf.mgz -seed 1234 sub-v1s16x0051183_ses-1 rh ../surf/rh.sphere.reg /opt/freesurfer/average/rh.DKTaparc.atlas.acfb40.noaparc.i12.2016-08-02.gcs ../label/rh.aparc.DKTatlas.annot 

setting seed for random number generator to 1234
using ../mri/aseg.presurf.mgz aseg volume to correct midline
7.3.2
  7.3.2
reading atlas from /opt/freesurfer/average/rh.DKTaparc.atlas.acfb40.noaparc.i12.2016-08-02.gcs...
reading color table from GCSA file....
average std = 0.9   using min determinant for regularization = 0.009
0 singular and 325 ill-conditioned covariance matrices regularized
input 0: MEAN CURVATURE, flags 0, avgs 5, name mean_curvature
labeling surface...
1540 labels changed using aseg
relabeling using gibbs priors...
000:   1691 changed, 110111 examined...
001:    354 changed, 7990 examined...
002:     97 changed, 2087 examined...
003:     48 changed, 581 examined...
004:     21 changed, 283 examined...
005:     12 changed, 136 examined...
006:      4 changed, 75 examined...
007:      2 changed, 25 examined...
008:      1 changed, 11 examined...
009:      0 changed, 7 examined...
133 labels changed using aseg
000: 45 total segments, 12 labels (62 vertices) changed
001: 33 total segments, 0 labels (0 vertices) changed
7 filter iterations complete (10 requested, 0 changed)
rationalizing unknown annotations with cortex label
relabeling unknown label...
relabeling corpuscallosum label...
1151 vertices marked for relabeling...
1151 labels changed in reclassification.
writing output to ../label/rh.aparc.DKTatlas.annot...
classification took 0 minutes and 7 seconds.
#-----------------------------------------
#@# WM/GM Contrast rh Mon Mar  9 04:18:53 CET 2026
/out/sourcedata/freesurfer/sub-v1s16x0051183_ses-1/scripts

 pctsurfcon --s sub-v1s16x0051183_ses-1 --rh-only 

Log file is /out/sourcedata/freesurfer/sub-v1s16x0051183_ses-1/scripts/pctsurfcon.log
Mon Mar  9 04:18:53 CET 2026
setenv SUBJECTS_DIR /out/sourcedata/freesurfer
cd /out/sourcedata/freesurfer/sub-v1s16x0051183_ses-1/scripts
/opt/freesurfer/bin/pctsurfcon
pctsurfcon 7.3.2
Linux dna080 5.14.0-427.37.1.el9_4.x86_64 #1 SMP PREEMPT_DYNAMIC Fri Sep 13 12:41:50 EDT 2024 x86_64 x86_64 x86_64 GNU/Linux
FREESURFER_HOME /opt/freesurfer
mri_vol2surf --mov /out/sourcedata/freesurfer/sub-v1s16x0051183_ses-1/mri/rawavg.mgz --hemi rh --noreshape --interp trilinear --projdist -1 --o /out/sourcedata/freesurfer/sub-v1s16x0051183_ses-1/surf/tmp.pctsurfcon.3214783/rh.wm.mgh --regheader sub-v1s16x0051183_ses-1 --cortex
srcvol = /out/sourcedata/freesurfer/sub-v1s16x0051183_ses-1/mri/rawavg.mgz
srcreg unspecified
srcregold = 0
srcwarp unspecified
surf = white
hemi = rh
ProjDist = -1
reshape = 0
interp = trilinear
float2int = round
GetProjMax = 0
INFO: float2int code = 0
Done loading volume
Computing registration from header.
  Using /out/sourcedata/freesurfer/sub-v1s16x0051183_ses-1/mri/orig.mgz as target reference.
-------- original matrix -----------
-1.00000   0.00000   0.00000   0.00000;
 0.00000   0.00000   1.00000   0.00000;
 0.00000  -1.00000   0.00000  -0.00002;
 0.00000   0.00000   0.00000   1.00000;
-------- original matrix -----------
Loading label /out/sourcedata/freesurfer/sub-v1s16x0051183_ses-1/label/rh.cortex.label
Reading surface /out/sourcedata/freesurfer/sub-v1s16x0051183_ses-1/surf/rh.white
Done reading source surface
Mapping Source Volume onto Source Subject Surface
Projecting -1 -1 1
 1 -1 -1 -1
using old
Done mapping volume to surface
Number of source voxels hit = 63969
Masking with /out/sourcedata/freesurfer/sub-v1s16x0051183_ses-1/label/rh.cortex.label
Writing to /out/sourcedata/freesurfer/sub-v1s16x0051183_ses-1/surf/tmp.pctsurfcon.3214783/rh.wm.mgh
Dim: 110111 1 1
mri_vol2surf --mov /out/sourcedata/freesurfer/sub-v1s16x0051183_ses-1/mri/rawavg.mgz --hemi rh --noreshape --interp trilinear --o /out/sourcedata/freesurfer/sub-v1s16x0051183_ses-1/surf/tmp.pctsurfcon.3214783/rh.gm.mgh --projfrac 0.3 --regheader sub-v1s16x0051183_ses-1 --cortex
srcvol = /out/sourcedata/freesurfer/sub-v1s16x0051183_ses-1/mri/rawavg.mgz
srcreg unspecified
srcregold = 0
srcwarp unspecified
surf = white
hemi = rh
ProjFrac = 0.3
thickness = thickness
reshape = 0
interp = trilinear
float2int = round
GetProjMax = 0
INFO: float2int code = 0
Done loading volume
Computing registration from header.
  Using /out/sourcedata/freesurfer/sub-v1s16x0051183_ses-1/mri/orig.mgz as target reference.
-------- original matrix -----------
-1.00000   0.00000   0.00000   0.00000;
 0.00000   0.00000   1.00000   0.00000;
 0.00000  -1.00000   0.00000  -0.00002;
 0.00000   0.00000   0.00000   1.00000;
-------- original matrix -----------
Loading label /out/sourcedata/freesurfer/sub-v1s16x0051183_ses-1/label/rh.cortex.label
Reading surface /out/sourcedata/freesurfer/sub-v1s16x0051183_ses-1/surf/rh.white
Done reading source surface
Reading thickness /out/sourcedata/freesurfer/sub-v1s16x0051183_ses-1/surf/rh.thickness
Done
Mapping Source Volume onto Source Subject Surface
Projecting 0.3 0.3 1
 1 0.3 0.3 0.3
using old
Done mapping volume to surface
Number of source voxels hit = 73120
Masking with /out/sourcedata/freesurfer/sub-v1s16x0051183_ses-1/label/rh.cortex.label
Writing to /out/sourcedata/freesurfer/sub-v1s16x0051183_ses-1/surf/tmp.pctsurfcon.3214783/rh.gm.mgh
Dim: 110111 1 1
mri_concat /out/sourcedata/freesurfer/sub-v1s16x0051183_ses-1/surf/tmp.pctsurfcon.3214783/rh.wm.mgh /out/sourcedata/freesurfer/sub-v1s16x0051183_ses-1/surf/tmp.pctsurfcon.3214783/rh.gm.mgh --paired-diff-norm --mul 100 --o /out/sourcedata/freesurfer/sub-v1s16x0051183_ses-1/surf/rh.w-g.pct.mgh
ninputs = 2
Checking inputs
nframestot = 2
Allocing output
Done allocing
Combining pairs
nframes = 1
Multiplying by 100.000000
Writing to /out/sourcedata/freesurfer/sub-v1s16x0051183_ses-1/surf/rh.w-g.pct.mgh
mri_segstats --in /out/sourcedata/freesurfer/sub-v1s16x0051183_ses-1/surf/rh.w-g.pct.mgh --annot sub-v1s16x0051183_ses-1 rh aparc --sum /out/sourcedata/freesurfer/sub-v1s16x0051183_ses-1/stats/rh.w-g.pct.stats --snr

7.3.2
cwd 
cmdline mri_segstats --in /out/sourcedata/freesurfer/sub-v1s16x0051183_ses-1/surf/rh.w-g.pct.mgh --annot sub-v1s16x0051183_ses-1 rh aparc --sum /out/sourcedata/freesurfer/sub-v1s16x0051183_ses-1/stats/rh.w-g.pct.stats --snr 
sysname  Linux
hostname dna080
machine  x86_64
user     oesteban
whitesurfname  white
UseRobust  0
Constructing seg from annotation

Reading annotation /out/sourcedata/freesurfer/sub-v1s16x0051183_ses-1/label/rh.aparc.annot
Seg base 2000
Loading /out/sourcedata/freesurfer/sub-v1s16x0051183_ses-1/surf/rh.w-g.pct.mgh
Vertex Area is 0.713406 mm^3
Generating list of segmentation ids
Found  36 segmentations
Computing statistics for each segmentation

Reporting on  35 segmentations
Using PrintSegStat
mri_segstats done
Cleaning up

Started at Mon Mar 9 03:32:34 CET 2026 
Ended   at Mon Mar 9 04:18:56 CET 2026
#@#%# recon-all-run-time-hours 0.773
recon-all -s sub-v1s16x0051183_ses-1 finished without error at Mon Mar  9 04:18:56 CET 2026



#New# invocation of recon-all 




Mon Mar  9 04:25:07 CET 2026
cd /out/sourcedata/freesurfer/sub-v1s16x0051183_ses-1
setenv SUBJECTS_DIR /out/sourcedata/freesurfer
/opt/freesurfer/bin/recon-all -autorecon-hemi rh -nohyporelabel -rh-only -openmp 16 -subjid sub-v1s16x0051183_ses-1 -sd /out/sourcedata/freesurfer -notessellate -nosmooth1 -noinflate1 -noqsphere -nofix -nowhite -nosmooth2 -noinflate2 -nocurvHK -nocurvstats -nosphere -nosurfreg -nojacobian_white -noavgcurv -nocortparc -nopial -nocortparc2 -nocortparc3 -nopctsurfcon

subjid sub-v1s16x0051183_ses-1
setenv SUBJECTS_DIR /out/sourcedata/freesurfer
FREESURFER_HOME /opt/freesurfer
Actual FREESURFER_HOME /opt/freesurfer
build-stamp.txt: freesurfer-linux-ubuntu22_x86_64-7.3.2-20220804-6354275
Linux dna080 5.14.0-427.37.1.el9_4.x86_64 #1 SMP PREEMPT_DYNAMIC Fri Sep 13 12:41:50 EDT 2024 x86_64 x86_64 x86_64 GNU/Linux
cputime      unlimited
filesize     unlimited
datasize     unlimited
stacksize    8192 kbytes
coredumpsize 0 kbytes
memoryuse    67108864 kbytes
vmemoryuse   unlimited
descriptors  1024 
memorylocked unlimited
maxproc      2061970 
maxlocks     unlimited
maxsignal    2062029 
maxmessage   819200 
maxnice      0 
maxrtprio    0 
maxrttime    unlimited

               total        used        free      shared  buff/cache   available
Mem:           503Gi        69Gi       384Gi        15Gi        49Gi       415Gi
Swap:             0B          0B          0B

########################################
program versions used
7.3.2 (freesurfer-linux-ubuntu22_x86_64-7.3.2-20220804-6354275)
7.3.2

ProgramName: lta_convert  ProgramArguments: lta_convert -all-info  ProgramVersion: 7.3.2  TimeStamp: 2026/03/09-03:25:07-GMT  BuildTime: Aug  4 2022 06:17:15  BuildStamp: freesurfer-linux-ubuntu22_x86_64-7.3.2-20220804-6354275  User: oesteban  Machine: dna080  Platform: Linux  PlatformVersion: 5.14.0-427.37.1.el9_4.x86_64  CompilerName: GCC  CompilerVersion: 8.4.0
ProgramName: mri_and  ProgramArguments: mri_and -all-info  ProgramVersion: 7.3.2  TimeStamp: 2026/03/09-03:25:07-GMT  BuildTime: Aug  4 2022 06:17:15  BuildStamp: freesurfer-linux-ubuntu22_x86_64-7.3.2-20220804-6354275  User: oesteban  Machine: dna080  Platform: Linux  PlatformVersion: 5.14.0-427.37.1.el9_4.x86_64  CompilerName: GCC  CompilerVersion: 8.4.0
ProgramName: mri_annotation2label  ProgramArguments: mri_annotation2label -all-info  ProgramVersion: 7.3.2  TimeStamp: 2026/03/09-03:25:07-GMT  BuildTime: Aug  4 2022 06:17:15  BuildStamp: freesurfer-linux-ubuntu22_x86_64-7.3.2-20220804-6354275  User: oesteban  Machine: dna080  Platform: Linux  PlatformVersion: 5.14.0-427.37.1.el9_4.x86_64  CompilerName: GCC  CompilerVersion: 8.4.0
ProgramName: mri_aparc2aseg  ProgramArguments: mri_aparc2aseg -all-info  ProgramVersion: 7.3.2  TimeStamp: 2026/03/09-03:25:07-GMT  BuildTime: Aug  4 2022 06:17:15  BuildStamp: freesurfer-linux-ubuntu22_x86_64-7.3.2-20220804-6354275  User: oesteban  Machine: dna080  Platform: Linux  PlatformVersion: 5.14.0-427.37.1.el9_4.x86_64  CompilerName: GCC  CompilerVersion: 8.4.0
ProgramName: mri_surf2volseg  ProgramArguments: mri_surf2volseg -all-info  ProgramVersion: 7.3.2  TimeStamp: 2026/03/09-03:25:07-GMT  BuildTime: Aug  4 2022 06:17:15  BuildStamp: freesurfer-linux-ubuntu22_x86_64-7.3.2-20220804-6354275  User: oesteban  Machine: dna080  Platform: Linux  PlatformVersion: 5.14.0-427.37.1.el9_4.x86_64  CompilerName: GCC  CompilerVersion: 8.4.0
ProgramName: mri_binarize  ProgramArguments: mri_binarize -all-info  ProgramVersion: 7.3.2  TimeStamp: 2026/03/09-03:25:07-GMT  BuildTime: Aug  4 2022 06:17:15  BuildStamp: freesurfer-linux-ubuntu22_x86_64-7.3.2-20220804-6354275  User: oesteban  Machine: dna080  Platform: Linux  PlatformVersion: 5.14.0-427.37.1.el9_4.x86_64  CompilerName: GCC  CompilerVersion: 8.4.0
ProgramName: mri_ca_label  ProgramArguments: mri_ca_label -all-info  ProgramVersion: 7.3.2  TimeStamp: 2026/03/09-03:25:07-GMT  BuildTime: Aug  4 2022 06:17:15  BuildStamp: freesurfer-linux-ubuntu22_x86_64-7.3.2-20220804-6354275  User: oesteban  Machine: dna080  Platform: Linux  PlatformVersion: 5.14.0-427.37.1.el9_4.x86_64  CompilerName: GCC  CompilerVersion: 8.4.0
ProgramName: mri_ca_normalize  ProgramArguments: mri_ca_normalize -all-info  ProgramVersion: 7.3.2  TimeStamp: 2026/03/09-03:25:07-GMT  BuildTime: Aug  4 2022 06:17:15  BuildStamp: freesurfer-linux-ubuntu22_x86_64-7.3.2-20220804-6354275  User: oesteban  Machine: dna080  Platform: Linux  PlatformVersion: 5.14.0-427.37.1.el9_4.x86_64  CompilerName: GCC  CompilerVersion: 8.4.0
ProgramName: mri_ca_register  ProgramArguments: mri_ca_register -all-info  ProgramVersion: 7.3.2  TimeStamp: 2026/03/09-03:25:07-GMT  BuildTime: Aug  4 2022 06:17:15  BuildStamp: freesurfer-linux-ubuntu22_x86_64-7.3.2-20220804-6354275  User: oesteban  Machine: dna080  Platform: Linux  PlatformVersion: 5.14.0-427.37.1.el9_4.x86_64  CompilerName: GCC  CompilerVersion: 8.4.0
ProgramName: mri_cc  ProgramArguments: mri_cc -all-info  ProgramVersion: 7.3.2  TimeStamp: 2026/03/09-03:25:07-GMT  BuildTime: Aug  4 2022 06:17:15  BuildStamp: freesurfer-linux-ubuntu22_x86_64-7.3.2-20220804-6354275  User: oesteban  Machine: dna080  Platform: Linux  PlatformVersion: 5.14.0-427.37.1.el9_4.x86_64  CompilerName: GCC  CompilerVersion: 8.4.0
ProgramName: mri_compute_overlap  ProgramArguments: mri_compute_overlap -all-info  ProgramVersion: 7.3.2  TimeStamp: 2026/03/09-03:25:07-GMT  BuildTime: Aug  4 2022 06:17:15  BuildStamp: freesurfer-linux-ubuntu22_x86_64-7.3.2-20220804-6354275  User: oesteban  Machine: dna080  Platform: Linux  PlatformVersion: 5.14.0-427.37.1.el9_4.x86_64  CompilerName: GCC  CompilerVersion: 8.4.0
ProgramName: mri_compute_seg_overlap  ProgramArguments: mri_compute_seg_overlap -all-info  ProgramVersion: 7.3.2  TimeStamp: 2026/03/09-03:25:07-GMT  BuildTime: Aug  4 2022 06:17:15  BuildStamp: freesurfer-linux-ubuntu22_x86_64-7.3.2-20220804-6354275  User: oesteban  Machine: dna080  Platform: Linux  PlatformVersion: 5.14.0-427.37.1.el9_4.x86_64  CompilerName: GCC  CompilerVersion: 8.4.0
ProgramName: mri_concat  ProgramArguments: mri_concat -all-info  ProgramVersion: 7.3.2  TimeStamp: 2026/03/09-03:25:07-GMT  BuildTime: Aug  4 2022 06:17:15  BuildStamp: freesurfer-linux-ubuntu22_x86_64-7.3.2-20220804-6354275  User: oesteban  Machine: dna080  Platform: Linux  PlatformVersion: 5.14.0-427.37.1.el9_4.x86_64  CompilerName: GCC  CompilerVersion: 8.4.0
ProgramName: mri_concatenate_lta  ProgramArguments: mri_concatenate_lta -all-info  ProgramVersion: 7.3.2  TimeStamp: 2026/03/09-03:25:07-GMT  BuildTime: Aug  4 2022 06:17:15  BuildStamp: freesurfer-linux-ubuntu22_x86_64-7.3.2-20220804-6354275  User: oesteban  Machine: dna080  Platform: Linux  PlatformVersion: 5.14.0-427.37.1.el9_4.x86_64  CompilerName: GCC  CompilerVersion: 8.4.0
mri_convert -all-info 
ProgramName: mri_convert  ProgramArguments: mri_convert -all-info  ProgramVersion: 7.3.2  TimeStamp: 2026/03/09-03:25:07-GMT  BuildTime: Aug  4 2022 06:17:15  BuildStamp: freesurfer-linux-ubuntu22_x86_64-7.3.2-20220804-6354275  User: oesteban  Machine: dna080  Platform: Linux  PlatformVersion: 5.14.0-427.37.1.el9_4.x86_64  CompilerName: GCC  CompilerVersion: 8.4.0
ProgramName: mri_diff  ProgramArguments: mri_diff -all-info  ProgramVersion: 7.3.2  TimeStamp: 2026/03/09-03:25:07-GMT  BuildTime: Aug  4 2022 06:17:15  BuildStamp: freesurfer-linux-ubuntu22_x86_64-7.3.2-20220804-6354275  User: oesteban  Machine: dna080  Platform: Linux  PlatformVersion: 5.14.0-427.37.1.el9_4.x86_64  CompilerName: GCC  CompilerVersion: 8.4.0
ProgramName: mri_edit_wm_with_aseg  ProgramArguments: mri_edit_wm_with_aseg -all-info  ProgramVersion: 7.3.2  TimeStamp: 2026/03/09-03:25:07-GMT  BuildTime: Aug  4 2022 06:17:15  BuildStamp: freesurfer-linux-ubuntu22_x86_64-7.3.2-20220804-6354275  User: oesteban  Machine: dna080  Platform: Linux  PlatformVersion: 5.14.0-427.37.1.el9_4.x86_64  CompilerName: GCC  CompilerVersion: 8.4.0
ProgramName: mri_em_register  ProgramArguments: mri_em_register -all-info  ProgramVersion: 7.3.2  TimeStamp: 2026/03/09-03:25:07-GMT  BuildTime: Aug  4 2022 06:17:15  BuildStamp: freesurfer-linux-ubuntu22_x86_64-7.3.2-20220804-6354275  User: oesteban  Machine: dna080  Platform: Linux  PlatformVersion: 5.14.0-427.37.1.el9_4.x86_64  CompilerName: GCC  CompilerVersion: 8.4.0
ProgramName: mri_fill  ProgramArguments: mri_fill -all-info  ProgramVersion: 7.3.2  TimeStamp: 2026/03/09-03:25:07-GMT  BuildTime: Aug  4 2022 06:17:15  BuildStamp: freesurfer-linux-ubuntu22_x86_64-7.3.2-20220804-6354275  User: oesteban  Machine: dna080  Platform: Linux  PlatformVersion: 5.14.0-427.37.1.el9_4.x86_64  CompilerName: GCC  CompilerVersion: 8.4.0
ProgramName: mri_fuse_segmentations  ProgramArguments: mri_fuse_segmentations -all-info  ProgramVersion: 7.3.2  TimeStamp: 2026/03/09-03:25:07-GMT  BuildTime: Aug  4 2022 06:17:15  BuildStamp: freesurfer-linux-ubuntu22_x86_64-7.3.2-20220804-6354275  User: oesteban  Machine: dna080  Platform: Linux  PlatformVersion: 5.14.0-427.37.1.el9_4.x86_64  CompilerName: GCC  CompilerVersion: 8.4.0
ProgramName: mri_fwhm  ProgramArguments: mri_fwhm -all-info  ProgramVersion: 7.3.2  TimeStamp: 2026/03/09-03:25:07-GMT  BuildTime: Aug  4 2022 06:17:15  BuildStamp: freesurfer-linux-ubuntu22_x86_64-7.3.2-20220804-6354275  User: oesteban  Machine: dna080  Platform: Linux  PlatformVersion: 5.14.0-427.37.1.el9_4.x86_64  CompilerName: GCC  CompilerVersion: 8.4.0
ProgramName: mri_gcut  ProgramArguments: mri_gcut -all-info  ProgramVersion: 7.3.2  TimeStamp: 2026/03/09-03:25:07-GMT  BuildTime: Aug  4 2022 06:17:15  BuildStamp: freesurfer-linux-ubuntu22_x86_64-7.3.2-20220804-6354275  User: oesteban  Machine: dna080  Platform: Linux  PlatformVersion: 5.14.0-427.37.1.el9_4.x86_64  CompilerName: GCC  CompilerVersion: 8.4.0
ProgramName: mri_info  ProgramArguments: mri_info -all-info  ProgramVersion: 7.3.2  TimeStamp: 2026/03/09-03:25:07-GMT  BuildTime: Aug  4 2022 06:17:15  BuildStamp: freesurfer-linux-ubuntu22_x86_64-7.3.2-20220804-6354275  User: oesteban  Machine: dna080  Platform: Linux  PlatformVersion: 5.14.0-427.37.1.el9_4.x86_64  CompilerName: GCC  CompilerVersion: 8.4.0
ProgramName: mri_label2label  ProgramArguments: mri_label2label -all-info  ProgramVersion: 7.3.2  TimeStamp: 2026/03/09-03:25:07-GMT  BuildTime: Aug  4 2022 06:17:15  BuildStamp: freesurfer-linux-ubuntu22_x86_64-7.3.2-20220804-6354275  User: oesteban  Machine: dna080  Platform: Linux  PlatformVersion: 5.14.0-427.37.1.el9_4.x86_64  CompilerName: GCC  CompilerVersion: 8.4.0
ProgramName: mri_label2vol  ProgramArguments: mri_label2vol -all-info  ProgramVersion: 7.3.2  TimeStamp: 2026/03/09-03:25:07-GMT  BuildTime: Aug  4 2022 06:17:15  BuildStamp: freesurfer-linux-ubuntu22_x86_64-7.3.2-20220804-6354275  User: oesteban  Machine: dna080  Platform: Linux  PlatformVersion: 5.14.0-427.37.1.el9_4.x86_64  CompilerName: GCC  CompilerVersion: 8.4.0
ProgramName: mri_log_likelihood  ProgramArguments: mri_log_likelihood -all-info  ProgramVersion: 7.3.2  TimeStamp: 2026/03/09-03:25:07-GMT  BuildTime: Aug  4 2022 06:17:15  BuildStamp: freesurfer-linux-ubuntu22_x86_64-7.3.2-20220804-6354275  User: oesteban  Machine: dna080  Platform: Linux  PlatformVersion: 5.14.0-427.37.1.el9_4.x86_64  CompilerName: GCC  CompilerVersion: 8.4.0
ProgramName: mri_mask  ProgramArguments: mri_mask -all-info  ProgramVersion: 7.3.2  TimeStamp: 2026/03/09-03:25:07-GMT  BuildTime: Aug  4 2022 06:17:15  BuildStamp: freesurfer-linux-ubuntu22_x86_64-7.3.2-20220804-6354275  User: oesteban  Machine: dna080  Platform: Linux  PlatformVersion: 5.14.0-427.37.1.el9_4.x86_64  CompilerName: GCC  CompilerVersion: 8.4.0
ProgramName: mri_matrix_multiply  ProgramArguments: mri_matrix_multiply -all-info  ProgramVersion: 7.3.2  TimeStamp: 2026/03/09-03:25:07-GMT  BuildTime: Aug  4 2022 06:17:15  BuildStamp: freesurfer-linux-ubuntu22_x86_64-7.3.2-20220804-6354275  User: oesteban  Machine: dna080  Platform: Linux  PlatformVersion: 5.14.0-427.37.1.el9_4.x86_64  CompilerName: GCC  CompilerVersion: 8.4.0
ProgramName: mri_normalize  ProgramArguments: mri_normalize -all-info  ProgramVersion: 7.3.2  TimeStamp: 2026/03/09-03:25:07-GMT  BuildTime: Aug  4 2022 06:17:15  BuildStamp: freesurfer-linux-ubuntu22_x86_64-7.3.2-20220804-6354275  User: oesteban  Machine: dna080  Platform: Linux  PlatformVersion: 5.14.0-427.37.1.el9_4.x86_64  CompilerName: GCC  CompilerVersion: 8.4.0
ProgramName: mri_normalize_tp2  ProgramArguments: mri_normalize_tp2 -all-info  ProgramVersion: 7.3.2  TimeStamp: 2026/03/09-03:25:07-GMT  BuildTime: Aug  4 2022 06:17:15  BuildStamp: freesurfer-linux-ubuntu22_x86_64-7.3.2-20220804-6354275  User: oesteban  Machine: dna080  Platform: Linux  PlatformVersion: 5.14.0-427.37.1.el9_4.x86_64  CompilerName: GCC  CompilerVersion: 8.4.0
ProgramName: mri_or  ProgramArguments: mri_or -all-info  ProgramVersion: 7.3.2  TimeStamp: 2026/03/09-03:25:07-GMT  BuildTime: Aug  4 2022 06:17:15  BuildStamp: freesurfer-linux-ubuntu22_x86_64-7.3.2-20220804-6354275  User: oesteban  Machine: dna080  Platform: Linux  PlatformVersion: 5.14.0-427.37.1.el9_4.x86_64  CompilerName: GCC  CompilerVersion: 8.4.0
ProgramName: mri_relabel_hypointensities  ProgramArguments: mri_relabel_hypointensities -all-info  ProgramVersion: 7.3.2  TimeStamp: 2026/03/09-03:25:07-GMT  BuildTime: Aug  4 2022 06:17:15  BuildStamp: freesurfer-linux-ubuntu22_x86_64-7.3.2-20220804-6354275  User: oesteban  Machine: dna080  Platform: Linux  PlatformVersion: 5.14.0-427.37.1.el9_4.x86_64  CompilerName: GCC  CompilerVersion: 8.4.0
ProgramName: mri_relabel_nonwm_hypos  ProgramArguments: mri_relabel_nonwm_hypos -all-info  ProgramVersion: 7.3.2  TimeStamp: 2026/03/09-03:25:07-GMT  BuildTime: Aug  4 2022 06:17:15  BuildStamp: freesurfer-linux-ubuntu22_x86_64-7.3.2-20220804-6354275  User: oesteban  Machine: dna080  Platform: Linux  PlatformVersion: 5.14.0-427.37.1.el9_4.x86_64  CompilerName: GCC  CompilerVersion: 8.4.0
ProgramName: mri_remove_neck  ProgramArguments: mri_remove_neck -all-info  ProgramVersion: 7.3.2  TimeStamp: 2026/03/09-03:25:07-GMT  BuildTime: Aug  4 2022 06:17:15  BuildStamp: freesurfer-linux-ubuntu22_x86_64-7.3.2-20220804-6354275  User: oesteban  Machine: dna080  Platform: Linux  PlatformVersion: 5.14.0-427.37.1.el9_4.x86_64  CompilerName: GCC  CompilerVersion: 8.4.0
7.3.2

ProgramName: mri_robust_register  ProgramArguments: mri_robust_register -all-info  ProgramVersion: 7.3.2  TimeStamp: 2026/03/09-03:25:07-GMT  BuildTime: Aug  4 2022 06:17:15  BuildStamp: freesurfer-linux-ubuntu22_x86_64-7.3.2-20220804-6354275  User: oesteban  Machine: dna080  Platform: Linux  PlatformVersion: 5.14.0-427.37.1.el9_4.x86_64  CompilerName: GCC  CompilerVersion: 8.4.0
7.3.2

ProgramName: mri_robust_template  ProgramArguments: mri_robust_template -all-info  ProgramVersion: 7.3.2  TimeStamp: 2026/03/09-03:25:07-GMT  BuildTime: Aug  4 2022 06:17:15  BuildStamp: freesurfer-linux-ubuntu22_x86_64-7.3.2-20220804-6354275  User: oesteban  Machine: dna080  Platform: Linux  PlatformVersion: 5.14.0-427.37.1.el9_4.x86_64  CompilerName: GCC  CompilerVersion: 8.4.0
ProgramName: mris_anatomical_stats  ProgramArguments: mris_anatomical_stats -all-info  ProgramVersion: 7.3.2  TimeStamp: 2026/03/09-03:25:07-GMT  BuildTime: Aug  4 2022 06:17:15  BuildStamp: freesurfer-linux-ubuntu22_x86_64-7.3.2-20220804-6354275  User: oesteban  Machine: dna080  Platform: Linux  PlatformVersion: 5.14.0-427.37.1.el9_4.x86_64  CompilerName: GCC  CompilerVersion: 8.4.0
ProgramName: mris_ca_label  ProgramArguments: mris_ca_label -all-info  ProgramVersion: 7.3.2  TimeStamp: 2026/03/09-03:25:07-GMT  BuildTime: Aug  4 2022 06:17:15  BuildStamp: freesurfer-linux-ubuntu22_x86_64-7.3.2-20220804-6354275  User: oesteban  Machine: dna080  Platform: Linux  PlatformVersion: 5.14.0-427.37.1.el9_4.x86_64  CompilerName: GCC  CompilerVersion: 8.4.0
ProgramName: mris_calc  ProgramArguments: mris_calc -all-info  ProgramVersion: 7.3.2  TimeStamp: 2026/03/09-03:25:07-GMT  BuildTime: Aug  4 2022 06:17:15  BuildStamp: freesurfer-linux-ubuntu22_x86_64-7.3.2-20220804-6354275  User: oesteban  Machine: dna080  Platform: Linux  PlatformVersion: 5.14.0-427.37.1.el9_4.x86_64  CompilerName: GCC  CompilerVersion: 8.4.0
ProgramName: mris_convert  ProgramArguments: mris_convert -all-info  ProgramVersion: 7.3.2  TimeStamp: 2026/03/09-03:25:07-GMT  BuildTime: Aug  4 2022 06:17:15  BuildStamp: freesurfer-linux-ubuntu22_x86_64-7.3.2-20220804-6354275  User: oesteban  Machine: dna080  Platform: Linux  PlatformVersion: 5.14.0-427.37.1.el9_4.x86_64  CompilerName: GCC  CompilerVersion: 8.4.0
ProgramName: mris_curvature  ProgramArguments: mris_curvature -all-info  ProgramVersion: 7.3.2  TimeStamp: 2026/03/09-03:25:07-GMT  BuildTime: Aug  4 2022 06:17:15  BuildStamp: freesurfer-linux-ubuntu22_x86_64-7.3.2-20220804-6354275  User: oesteban  Machine: dna080  Platform: Linux  PlatformVersion: 5.14.0-427.37.1.el9_4.x86_64  CompilerName: GCC  CompilerVersion: 8.4.0
ProgramName: mris_curvature_stats  ProgramArguments: mris_curvature_stats -all-info  ProgramVersion: 7.3.2  TimeStamp: 2026/03/09-03:25:07-GMT  BuildTime: Aug  4 2022 06:17:15  BuildStamp: freesurfer-linux-ubuntu22_x86_64-7.3.2-20220804-6354275  User: oesteban  Machine: dna080  Platform: Linux  PlatformVersion: 5.14.0-427.37.1.el9_4.x86_64  CompilerName: GCC  CompilerVersion: 8.4.0
ProgramName: mris_diff  ProgramArguments: mris_diff -all-info  ProgramVersion: 7.3.2  TimeStamp: 2026/03/09-03:25:07-GMT  BuildTime: Aug  4 2022 06:17:15  BuildStamp: freesurfer-linux-ubuntu22_x86_64-7.3.2-20220804-6354275  User: oesteban  Machine: dna080  Platform: Linux  PlatformVersion: 5.14.0-427.37.1.el9_4.x86_64  CompilerName: GCC  CompilerVersion: 8.4.0
ProgramName: mris_divide_parcellation  ProgramArguments: mris_divide_parcellation -all-info  ProgramVersion: 7.3.2  TimeStamp: 2026/03/09-03:25:07-GMT  BuildTime: Aug  4 2022 06:17:15  BuildStamp: freesurfer-linux-ubuntu22_x86_64-7.3.2-20220804-6354275  User: oesteban  Machine: dna080  Platform: Linux  PlatformVersion: 5.14.0-427.37.1.el9_4.x86_64  CompilerName: GCC  CompilerVersion: 8.4.0
ProgramName: mri_segment  ProgramArguments: mri_segment -all-info  ProgramVersion: 7.3.2  TimeStamp: 2026/03/09-03:25:07-GMT  BuildTime: Aug  4 2022 06:17:15  BuildStamp: freesurfer-linux-ubuntu22_x86_64-7.3.2-20220804-6354275  User: oesteban  Machine: dna080  Platform: Linux  PlatformVersion: 5.14.0-427.37.1.el9_4.x86_64  CompilerName: GCC  CompilerVersion: 8.4.0
ProgramName: mri_segstats  ProgramArguments: mri_segstats -all-info  ProgramVersion: 7.3.2  TimeStamp: 2026/03/09-03:25:07-GMT  BuildTime: Aug  4 2022 06:17:15  BuildStamp: freesurfer-linux-ubuntu22_x86_64-7.3.2-20220804-6354275  User: oesteban  Machine: dna080  Platform: Linux  PlatformVersion: 5.14.0-427.37.1.el9_4.x86_64  CompilerName: GCC  CompilerVersion: 8.4.0
ProgramName: mris_euler_number  ProgramArguments: mris_euler_number -all-info  ProgramVersion: 7.3.2  TimeStamp: 2026/03/09-03:25:07-GMT  BuildTime: Aug  4 2022 06:17:15  BuildStamp: freesurfer-linux-ubuntu22_x86_64-7.3.2-20220804-6354275  User: oesteban  Machine: dna080  Platform: Linux  PlatformVersion: 5.14.0-427.37.1.el9_4.x86_64  CompilerName: GCC  CompilerVersion: 8.4.0
ProgramName: mris_fix_topology  ProgramArguments: mris_fix_topology -all-info  ProgramVersion: 7.3.2  TimeStamp: 2026/03/09-03:25:07-GMT  BuildTime: Aug  4 2022 06:17:15  BuildStamp: freesurfer-linux-ubuntu22_x86_64-7.3.2-20220804-6354275  User: oesteban  Machine: dna080  Platform: Linux  PlatformVersion: 5.14.0-427.37.1.el9_4.x86_64  CompilerName: GCC  CompilerVersion: 8.4.0
ProgramName: mris_topo_fixer  ProgramArguments: mris_topo_fixer -all-info  ProgramVersion: 7.3.2  TimeStamp: 2026/03/09-03:25:07-GMT  BuildTime: Aug  4 2022 06:17:15  BuildStamp: freesurfer-linux-ubuntu22_x86_64-7.3.2-20220804-6354275  User: oesteban  Machine: dna080  Platform: Linux  PlatformVersion: 5.14.0-427.37.1.el9_4.x86_64  CompilerName: GCC  CompilerVersion: 8.4.0
ProgramName: mris_jacobian  ProgramArguments: mris_jacobian -all-info  ProgramVersion: 7.3.2  TimeStamp: 2026/03/09-03:25:07-GMT  BuildTime: Aug  4 2022 06:17:15  BuildStamp: freesurfer-linux-ubuntu22_x86_64-7.3.2-20220804-6354275  User: oesteban  Machine: dna080  Platform: Linux  PlatformVersion: 5.14.0-427.37.1.el9_4.x86_64  CompilerName: GCC  CompilerVersion: 8.4.0
ProgramName: mris_label2annot  ProgramArguments: mris_label2annot -all-info  ProgramVersion: 7.3.2  TimeStamp: 2026/03/09-03:25:07-GMT  BuildTime: Aug  4 2022 06:17:15  BuildStamp: freesurfer-linux-ubuntu22_x86_64-7.3.2-20220804-6354275  User: oesteban  Machine: dna080  Platform: Linux  PlatformVersion: 5.14.0-427.37.1.el9_4.x86_64  CompilerName: GCC  CompilerVersion: 8.4.0
ProgramName: mris_left_right_register  ProgramArguments: mris_left_right_register -all-info  ProgramVersion: 7.3.2  TimeStamp: 2026/03/09-03:25:07-GMT  BuildTime: Aug  4 2022 06:17:15  BuildStamp: freesurfer-linux-ubuntu22_x86_64-7.3.2-20220804-6354275  User: oesteban  Machine: dna080  Platform: Linux  PlatformVersion: 5.14.0-427.37.1.el9_4.x86_64  CompilerName: GCC  CompilerVersion: 8.4.0
ProgramName: mris_place_surface  ProgramArguments: mris_place_surface -all-info  ProgramVersion: 7.3.2  TimeStamp: 2026/03/09-03:25:07-GMT  BuildTime: Aug  4 2022 06:17:15  BuildStamp: freesurfer-linux-ubuntu22_x86_64-7.3.2-20220804-6354275  User: oesteban  Machine: dna080  Platform: Linux  PlatformVersion: 5.14.0-427.37.1.el9_4.x86_64  CompilerName: GCC  CompilerVersion: 8.4.0
ProgramName: mrisp_paint  ProgramArguments: mrisp_paint -all-info  ProgramVersion: 7.3.2  TimeStamp: 2026/03/09-03:25:07-GMT  BuildTime: Aug  4 2022 06:17:15  BuildStamp: freesurfer-linux-ubuntu22_x86_64-7.3.2-20220804-6354275  User: oesteban  Machine: dna080  Platform: Linux  PlatformVersion: 5.14.0-427.37.1.el9_4.x86_64  CompilerName: GCC  CompilerVersion: 8.4.0
ProgramName: mris_register  ProgramArguments: mris_register -all-info  ProgramVersion: 7.3.2  TimeStamp: 2026/03/09-03:25:07-GMT  BuildTime: Aug  4 2022 06:17:15  BuildStamp: freesurfer-linux-ubuntu22_x86_64-7.3.2-20220804-6354275  User: oesteban  Machine: dna080  Platform: Linux  PlatformVersion: 5.14.0-427.37.1.el9_4.x86_64  CompilerName: GCC  CompilerVersion: 8.4.0
ProgramName: mris_smooth  ProgramArguments: mris_smooth -all-info  ProgramVersion: 7.3.2  TimeStamp: 2026/03/09-03:25:07-GMT  BuildTime: Aug  4 2022 06:17:15  BuildStamp: freesurfer-linux-ubuntu22_x86_64-7.3.2-20220804-6354275  User: oesteban  Machine: dna080  Platform: Linux  PlatformVersion: 5.14.0-427.37.1.el9_4.x86_64  CompilerName: GCC  CompilerVersion: 8.4.0
ProgramName: mris_sphere  ProgramArguments: mris_sphere -all-info  ProgramVersion: 7.3.2  TimeStamp: 2026/03/09-03:25:07-GMT  BuildTime: Aug  4 2022 06:17:15  BuildStamp: freesurfer-linux-ubuntu22_x86_64-7.3.2-20220804-6354275  User: oesteban  Machine: dna080  Platform: Linux  PlatformVersion: 5.14.0-427.37.1.el9_4.x86_64  CompilerName: GCC  CompilerVersion: 8.4.0
ProgramName: mris_surface_stats  ProgramArguments: mris_surface_stats -all-info  ProgramVersion: 7.3.2  TimeStamp: 2026/03/09-03:25:07-GMT  BuildTime: Aug  4 2022 06:17:15  BuildStamp: freesurfer-linux-ubuntu22_x86_64-7.3.2-20220804-6354275  User: oesteban  Machine: dna080  Platform: Linux  PlatformVersion: 5.14.0-427.37.1.el9_4.x86_64  CompilerName: GCC  CompilerVersion: 8.4.0
ProgramName: mri_stats2seg  ProgramArguments: mri_stats2seg -all-info  ProgramVersion: 7.3.2  TimeStamp: 2026/03/09-03:25:07-GMT  BuildTime: Aug  4 2022 06:17:15  BuildStamp: freesurfer-linux-ubuntu22_x86_64-7.3.2-20220804-6354275  User: oesteban  Machine: dna080  Platform: Linux  PlatformVersion: 5.14.0-427.37.1.el9_4.x86_64  CompilerName: GCC  CompilerVersion: 8.4.0
ProgramName: mris_thickness  ProgramArguments: mris_thickness -all-info  ProgramVersion: 7.3.2  TimeStamp: 2026/03/09-03:25:07-GMT  BuildTime: Aug  4 2022 06:17:15  BuildStamp: freesurfer-linux-ubuntu22_x86_64-7.3.2-20220804-6354275  User: oesteban  Machine: dna080  Platform: Linux  PlatformVersion: 5.14.0-427.37.1.el9_4.x86_64  CompilerName: GCC  CompilerVersion: 8.4.0
ProgramName: mris_thickness_diff  ProgramArguments: mris_thickness_diff -all-info  ProgramVersion: 7.3.2  TimeStamp: 2026/03/09-03:25:07-GMT  BuildTime: Aug  4 2022 06:17:15  BuildStamp: freesurfer-linux-ubuntu22_x86_64-7.3.2-20220804-6354275  User: oesteban  Machine: dna080  Platform: Linux  PlatformVersion: 5.14.0-427.37.1.el9_4.x86_64  CompilerName: GCC  CompilerVersion: 8.4.0
ProgramName: mris_topo_fixer  ProgramArguments: mris_topo_fixer -all-info  ProgramVersion: 7.3.2  TimeStamp: 2026/03/09-03:25:07-GMT  BuildTime: Aug  4 2022 06:17:15  BuildStamp: freesurfer-linux-ubuntu22_x86_64-7.3.2-20220804-6354275  User: oesteban  Machine: dna080  Platform: Linux  PlatformVersion: 5.14.0-427.37.1.el9_4.x86_64  CompilerName: GCC  CompilerVersion: 8.4.0
ProgramName: mri_surf2surf  ProgramArguments: mri_surf2surf -all-info  ProgramVersion: 7.3.2  TimeStamp: 2026/03/09-03:25:07-GMT  BuildTime: Aug  4 2022 06:17:15  BuildStamp: freesurfer-linux-ubuntu22_x86_64-7.3.2-20220804-6354275  User: oesteban  Machine: dna080  Platform: Linux  PlatformVersion: 5.14.0-427.37.1.el9_4.x86_64  CompilerName: GCC  CompilerVersion: 8.4.0
ProgramName: mri_surf2vol  ProgramArguments: mri_surf2vol -all-info  ProgramVersion: 7.3.2  TimeStamp: 2026/03/09-03:25:07-GMT  BuildTime: Aug  4 2022 06:17:15  BuildStamp: freesurfer-linux-ubuntu22_x86_64-7.3.2-20220804-6354275  User: oesteban  Machine: dna080  Platform: Linux  PlatformVersion: 5.14.0-427.37.1.el9_4.x86_64  CompilerName: GCC  CompilerVersion: 8.4.0
ProgramName: mri_surfcluster  ProgramArguments: mri_surfcluster -all-info  ProgramVersion: 7.3.2  TimeStamp: 2026/03/09-03:25:07-GMT  BuildTime: Aug  4 2022 06:17:15  BuildStamp: freesurfer-linux-ubuntu22_x86_64-7.3.2-20220804-6354275  User: oesteban  Machine: dna080  Platform: Linux  PlatformVersion: 5.14.0-427.37.1.el9_4.x86_64  CompilerName: GCC  CompilerVersion: 8.4.0
ProgramName: mris_volmask  ProgramArguments: mris_volmask -all-info  ProgramVersion: 7.3.2  TimeStamp: 2026/03/09-03:25:07-GMT  BuildTime: Aug  4 2022 06:17:15  BuildStamp: freesurfer-linux-ubuntu22_x86_64-7.3.2-20220804-6354275  User: oesteban  Machine: dna080  Platform: Linux  PlatformVersion: 5.14.0-427.37.1.el9_4.x86_64  CompilerName: GCC  CompilerVersion: 8.4.0
ProgramName: mri_tessellate  ProgramArguments: mri_tessellate -all-info  ProgramVersion: 7.3.2  TimeStamp: 2026/03/09-03:25:07-GMT  BuildTime: Aug  4 2022 06:17:15  BuildStamp: freesurfer-linux-ubuntu22_x86_64-7.3.2-20220804-6354275  User: oesteban  Machine: dna080  Platform: Linux  PlatformVersion: 5.14.0-427.37.1.el9_4.x86_64  CompilerName: GCC  CompilerVersion: 8.4.0
ProgramName: mri_vol2surf  ProgramArguments: mri_vol2surf -all-info  ProgramVersion: 7.3.2  TimeStamp: 2026/03/09-03:25:07-GMT  BuildTime: Aug  4 2022 06:17:15  BuildStamp: freesurfer-linux-ubuntu22_x86_64-7.3.2-20220804-6354275  User: oesteban  Machine: dna080  Platform: Linux  PlatformVersion: 5.14.0-427.37.1.el9_4.x86_64  CompilerName: GCC  CompilerVersion: 8.4.0
ProgramName: mri_vol2vol  ProgramArguments: mri_vol2vol -all-info  ProgramVersion: 7.3.2  TimeStamp: 2026/03/09-03:25:07-GMT  BuildTime: Aug  4 2022 06:17:15  BuildStamp: freesurfer-linux-ubuntu22_x86_64-7.3.2-20220804-6354275  User: oesteban  Machine: dna080  Platform: Linux  PlatformVersion: 5.14.0-427.37.1.el9_4.x86_64  CompilerName: GCC  CompilerVersion: 8.4.0
ProgramName: mri_voldiff  ProgramArguments: mri_voldiff -all-info  ProgramVersion: 7.3.2  TimeStamp: 2026/03/09-03:25:07-GMT  BuildTime: Aug  4 2022 06:17:15  BuildStamp: freesurfer-linux-ubuntu22_x86_64-7.3.2-20220804-6354275  User: oesteban  Machine: dna080  Platform: Linux  PlatformVersion: 5.14.0-427.37.1.el9_4.x86_64  CompilerName: GCC  CompilerVersion: 8.4.0
ProgramName: mri_watershed  ProgramArguments: mri_watershed -all-info  ProgramVersion: 7.3.2  TimeStamp: 2026/03/09-03:25:07-GMT  BuildTime: Aug  4 2022 06:17:15  BuildStamp: freesurfer-linux-ubuntu22_x86_64-7.3.2-20220804-6354275  User: oesteban  Machine: dna080  Platform: Linux  PlatformVersion: 5.14.0-427.37.1.el9_4.x86_64  CompilerName: GCC  CompilerVersion: 8.4.0
ProgramName: tkregister2  ProgramArguments: tkregister2_cmdl -all-info  ProgramVersion: 7.3.2  TimeStamp: 2026/03/09-03:25:07-GMT  BuildTime: Aug  4 2022 06:17:15  BuildStamp: freesurfer-linux-ubuntu22_x86_64-7.3.2-20220804-6354275  User: oesteban  Machine: dna080  Platform: Linux  PlatformVersion: 5.14.0-427.37.1.el9_4.x86_64  CompilerName: GCC  CompilerVersion: 8.4.0
mri_motion_correct.fsl 7.3.2
mri_convert -all-info 
ProgramName: mri_convert  ProgramArguments: mri_convert -all-info  ProgramVersion: 7.3.2  TimeStamp: 2026/03/09-03:25:07-GMT  BuildTime: Aug  4 2022 06:17:15  BuildStamp: freesurfer-linux-ubuntu22_x86_64-7.3.2-20220804-6354275  User: oesteban  Machine: dna080  Platform: Linux  PlatformVersion: 5.14.0-427.37.1.el9_4.x86_64  CompilerName: GCC  CompilerVersion: 8.4.0
Program nu_correct, built from:
Package MNI N3, version 1.12.0, compiled by nicks@terrier (x86_64-unknown-linux-gnu) on 2015-06-19 at 01:25:34
#######################################
GCADIR /opt/freesurfer/average
GCA RB_all_2020-01-02.gca
GCASkull RB_all_withskull_2020_01_02.gca
AvgCurvTif folding.atlas.acfb40.noaparc.i12.2016-08-02.tif
GCSDIR /opt/freesurfer/average
GCS DKaparc.atlas.acfb40.noaparc.i12.2016-08-02.gcs
#######################################
#--------------------------------------------
#@# AutoDetGWStats rh Mon Mar  9 04:25:07 CET 2026
cd /out/sourcedata/freesurfer/sub-v1s16x0051183_ses-1/mri
mris_autodet_gwstats --o ../surf/autodet.gw.stats.rh.dat --i brain.finalsurfs.mgz --wm wm.mgz --surf ../surf/rh.orig.premesh
  Update not needed
#--------------------------------------------
#@# WhitePreAparc rh Mon Mar  9 04:25:07 CET 2026
cd /out/sourcedata/freesurfer/sub-v1s16x0051183_ses-1/mri
mris_place_surface --adgws-in ../surf/autodet.gw.stats.rh.dat --wm wm.mgz --threads 16 --invol brain.finalsurfs.mgz --rh --i ../surf/rh.orig --o ../surf/rh.white.preaparc --white --seg aseg.presurf.mgz --nsmooth 5
   Update not needed
#--------------------------------------------
#@# CortexLabel rh Mon Mar  9 04:25:07 CET 2026
cd /out/sourcedata/freesurfer/sub-v1s16x0051183_ses-1/mri
mri_label2label --label-cortex ../surf/rh.white.preaparc aseg.presurf.mgz 0 ../label/rh.cortex.label
   Update not needed
#--------------------------------------------
#@# CortexLabel+HipAmyg rh Mon Mar  9 04:25:07 CET 2026
cd /out/sourcedata/freesurfer/sub-v1s16x0051183_ses-1/mri
mri_label2label --label-cortex ../surf/rh.white.preaparc aseg.presurf.mgz 1 ../label/rh.cortex+hipamyg.label
   Update not needed
#@# white curv rh Mon Mar  9 04:25:07 CET 2026
cd /out/sourcedata/freesurfer/sub-v1s16x0051183_ses-1/mri
mris_place_surface --curv-map ../surf/rh.white 2 10 ../surf/rh.curv
   Update not needed
#@# white area rh Mon Mar  9 04:25:07 CET 2026
cd /out/sourcedata/freesurfer/sub-v1s16x0051183_ses-1/mri
mris_place_surface --area-map ../surf/rh.white ../surf/rh.area
   Update not needed
#@# pial curv rh Mon Mar  9 04:25:07 CET 2026
cd /out/sourcedata/freesurfer/sub-v1s16x0051183_ses-1/mri
mris_place_surface --curv-map ../surf/rh.pial 2 10 ../surf/rh.curv.pial
   Update not needed
#@# pial area rh Mon Mar  9 04:25:07 CET 2026
cd /out/sourcedata/freesurfer/sub-v1s16x0051183_ses-1/mri
mris_place_surface --area-map ../surf/rh.pial ../surf/rh.area.pial
   Update not needed
#@# thickness rh Mon Mar  9 04:25:07 CET 2026
cd /out/sourcedata/freesurfer/sub-v1s16x0051183_ses-1/mri
mris_place_surface --thickness ../surf/rh.white ../surf/rh.pial 20 5 ../surf/rh.thickness
   Update not needed
#@# area and vertex vol rh Mon Mar  9 04:25:07 CET 2026
cd /out/sourcedata/freesurfer/sub-v1s16x0051183_ses-1/mri
mris_place_surface --thickness ../surf/rh.white ../surf/rh.pial 20 5 ../surf/rh.thickness
   Update not needed
#-----------------------------------------
#@# Parcellation Stats rh Mon Mar  9 04:25:07 CET 2026
/out/sourcedata/freesurfer/sub-v1s16x0051183_ses-1/scripts

 mris_anatomical_stats -th3 -mgz -noglobal -cortex ../label/rh.cortex.label -f ../stats/rh.aparc.stats -b -a ../label/rh.aparc.annot -c ../label/aparc.annot.ctab sub-v1s16x0051183_ses-1 rh white 

computing statistics for each annotation in ../label/rh.aparc.annot.
reading volume /out/sourcedata/freesurfer/sub-v1s16x0051183_ses-1/mri/wm.mgz...
reading input surface /out/sourcedata/freesurfer/sub-v1s16x0051183_ses-1/surf/rh.white...
reading input pial surface /out/sourcedata/freesurfer/sub-v1s16x0051183_ses-1/surf/rh.pial...
reading input white surface /out/sourcedata/freesurfer/sub-v1s16x0051183_ses-1/surf/rh.white...
INFO: using TH3 volume calc
INFO: assuming MGZ format for volumes.
INFO: not computing global stats
INFO: using ../label/rh.cortex.label as mask to calc cortex NumVert, SurfArea and MeanThickness.
Using TH3 vertex volume calc
Total face volume 225064
Total vertex volume 224859 (mask=0)
Saving annotation colortable ../label/aparc.annot.ctab

table columns are:
    number of vertices
    total surface area (mm^2)
    total gray matter volume (mm^3)
    average cortical thickness +- standard deviation (mm)
    integrated rectified mean curvature
    integrated rectified Gaussian curvature
    folding index
    intrinsic curvature index
    structure name

 1057    726   2036  2.942 0.554     0.100     0.019        8     0.8  bankssts
  925    619   1889  2.841 0.915     0.116     0.020       10     0.8  caudalanteriorcingulate
 2340   1716   5555  2.766 0.670     0.117     0.030       24     2.8  caudalmiddlefrontal
 2105   1601   3550  2.067 0.624     0.157     0.038       27     3.7  cuneus
  448    352   1492  2.982 0.993     0.131     0.044        4     0.9  entorhinal
 3697   2705   8092  2.701 0.680     0.130     0.031       51     5.0  fusiform
 6146   4532  13822  2.578 0.689     0.124     0.030       85     7.3  inferiorparietal
 3163   2224   5501  2.142 0.704     0.131     0.038       55     5.0  inferiortemporal
 1433   1030   3235  2.515 0.984     0.118     0.032       17     1.8  isthmuscingulate
 6078   4512  13730  2.417 0.764     0.136     0.034       82     8.8  lateraloccipital
 3101   2248   7159  2.926 0.874     0.140     0.039       37     5.9  lateralorbitofrontal
 4098   3035   7298  2.218 0.711     0.141     0.035       52     6.1  lingual
 2686   1778   4764  2.382 0.869     0.123     0.034       42     3.5  medialorbitofrontal
 3098   2250   6252  2.495 0.709     0.116     0.028       39     3.7  middletemporal
  971    610   2090  2.830 0.716     0.087     0.019        6     0.6  parahippocampal
 1967   1312   3824  2.752 0.734     0.119     0.027       16     2.2  paracentral
 1743   1299   4706  2.990 0.608     0.117     0.027       20     1.9  parsopercularis
  736    580   1963  2.470 0.790     0.132     0.033       11     0.9  parsorbitalis
 1541   1087   3711  2.681 0.790     0.103     0.022       13     1.4  parstriangularis
 1827   1371   2297  1.733 0.606     0.138     0.032       18     2.5  pericalcarine
 5354   3687   8074  1.975 0.776     0.114     0.027       58     6.1  postcentral
 1685   1155   3920  2.843 0.923     0.117     0.024       19     1.6  posteriorcingulate
 5990   4224  12253  2.536 0.659     0.115     0.026       53     6.6  precentral
 5327   3734  11452  2.827 0.677     0.118     0.025       52     6.3  precuneus
  776    573   1678  2.541 0.840     0.147     0.040       12     1.4  rostralanteriorcingulate
 6506   5019  19732  3.057 0.748     0.141     0.037       94    10.1  rostralmiddlefrontal
 8258   6066  23749  3.339 0.704     0.134     0.036       89    12.7  superiorfrontal
 6760   4720  12309  2.335 0.636     0.124     0.031       83     8.5  superiorparietal
 4520   3131   8908  2.507 0.753     0.111     0.027       54     5.2  superiortemporal
 4077   2971   8510  2.616 0.647     0.122     0.026       48     4.5  supramarginal
  385    335   1665  3.115 0.842     0.194     0.066       10     1.2  frontalpole
  687    519   2123  2.607 0.764     0.167     0.063       14     1.9  temporalpole
  484    354   1010  2.477 0.631     0.136     0.041        5     0.7  transversetemporal
 2871   1946   6512  3.244 0.846     0.108     0.026       20     3.0  insula

 mris_anatomical_stats -th3 -mgz -noglobal -cortex ../label/rh.cortex.label -f ../stats/rh.aparc.pial.stats -b -a ../label/rh.aparc.annot -c ../label/aparc.annot.ctab sub-v1s16x0051183_ses-1 rh pial 

computing statistics for each annotation in ../label/rh.aparc.annot.
reading volume /out/sourcedata/freesurfer/sub-v1s16x0051183_ses-1/mri/wm.mgz...
reading input surface /out/sourcedata/freesurfer/sub-v1s16x0051183_ses-1/surf/rh.pial...
reading input pial surface /out/sourcedata/freesurfer/sub-v1s16x0051183_ses-1/surf/rh.pial...
reading input white surface /out/sourcedata/freesurfer/sub-v1s16x0051183_ses-1/surf/rh.white...
INFO: using TH3 volume calc
INFO: assuming MGZ format for volumes.
INFO: not computing global stats
INFO: using ../label/rh.cortex.label as mask to calc cortex NumVert, SurfArea and MeanThickness.
Using TH3 vertex volume calc
Total face volume 225064
Total vertex volume 224859 (mask=0)
Saving annotation colortable ../label/aparc.annot.ctab

table columns are:
    number of vertices
    total surface area (mm^2)
    total gray matter volume (mm^3)
    average cortical thickness +- standard deviation (mm)
    integrated rectified mean curvature
    integrated rectified Gaussian curvature
    folding index
    intrinsic curvature index
    structure name

 1057    682   2036  2.942 0.554     0.128     0.034       25     1.3  bankssts
  925    768   1889  2.841 0.915     0.161     0.043       28     1.6  caudalanteriorcingulate
 2340   2162   5555  2.766 0.670     0.145     0.035       39     3.1  caudalmiddlefrontal
 2105   2043   3550  2.067 0.624     0.173     0.046       67     3.8  cuneus
  448    725   1492  2.982 0.993     0.299     0.078       37     2.0  entorhinal
 3697   3395   8092  2.701 0.680     0.150     0.039      598     5.0  fusiform
 6146   6238  13822  2.578 0.689     0.164     0.036       95     9.4  inferiorparietal
 3163   3329   5501  2.142 0.704     0.172     0.040       61     5.3  inferiortemporal
 1433   1481   3235  2.515 0.984     0.181     0.048       36     2.6  isthmuscingulate
 6078   6542  13730  2.417 0.764     0.170     0.037      120     9.5  lateraloccipital
 3101   2798   7159  2.926 0.874     0.167     0.050       63     6.4  lateralorbitofrontal
 4098   3833   7298  2.218 0.711     0.158     0.045       91     6.8  lingual
 2686   2361   4764  2.382 0.869     0.168     0.045      450     4.5  medialorbitofrontal
 3098   3165   6252  2.495 0.709     0.160     0.037       77     4.8  middletemporal
  971    888   2090  2.830 0.716     0.173     0.045       17     1.9  parahippocampal
 1967   1520   3824  2.752 0.734     0.133     0.034       43     2.6  paracentral
 1743   1915   4706  2.990 0.608     0.174     0.037       26     2.9  parsopercularis
  736   1004   1963  2.470 0.790     0.211     0.044       13     1.1  parsorbitalis
 1541   1597   3711  2.681 0.790     0.163     0.033       62     2.3  parstriangularis
 1827   1335   2297  1.733 0.606     0.141     0.037       34     2.8  pericalcarine
 5354   4733   8074  1.975 0.776     0.136     0.028       62     6.8  postcentral
 1685   1527   3920  2.843 0.923     0.165     0.048      111     3.9  posteriorcingulate
 5990   5151  12253  2.536 0.659     0.133     0.028       76     7.0  precentral
 5327   4499  11452  2.827 0.677     0.149     0.038      149     7.8  precuneus
  776    769   1678  2.541 0.840     0.171     0.038       51     1.1  rostralanteriorcingulate
 6506   7623  19732  3.057 0.748     0.192     0.069      185    12.1  rostralmiddlefrontal
 8258   7900  23749  3.339 0.704     0.171     0.045      242    14.3  superiorfrontal
 6760   6022  12309  2.335 0.636     0.155     0.035      127    10.2  superiorparietal
 4520   4268   8908  2.507 0.753     0.158     0.037       87     7.0  superiortemporal
 4077   3760   8510  2.616 0.647     0.162     0.041       93     6.6  supramarginal
  385    699   1665  3.115 0.842     0.266     0.051        7     0.9  frontalpole
  687   1119   2123  2.607 0.764     0.245     0.053       11     1.7  temporalpole
  484    488   1010  2.477 0.631     0.184     0.053        7     0.9  transversetemporal
 2871   2022   6512  3.244 0.846     0.143     0.042      127     5.2  insula
#-----------------------------------------
#@# Parcellation Stats 2 rh Mon Mar  9 04:25:19 CET 2026
/out/sourcedata/freesurfer/sub-v1s16x0051183_ses-1/scripts

 mris_anatomical_stats -th3 -mgz -noglobal -cortex ../label/rh.cortex.label -f ../stats/rh.aparc.a2009s.stats -b -a ../label/rh.aparc.a2009s.annot -c ../label/aparc.annot.a2009s.ctab sub-v1s16x0051183_ses-1 rh white 

computing statistics for each annotation in ../label/rh.aparc.a2009s.annot.
reading volume /out/sourcedata/freesurfer/sub-v1s16x0051183_ses-1/mri/wm.mgz...
reading input surface /out/sourcedata/freesurfer/sub-v1s16x0051183_ses-1/surf/rh.white...
reading input pial surface /out/sourcedata/freesurfer/sub-v1s16x0051183_ses-1/surf/rh.pial...
reading input white surface /out/sourcedata/freesurfer/sub-v1s16x0051183_ses-1/surf/rh.white...
INFO: using TH3 volume calc
INFO: assuming MGZ format for volumes.
INFO: not computing global stats
INFO: using ../label/rh.cortex.label as mask to calc cortex NumVert, SurfArea and MeanThickness.
Using TH3 vertex volume calc
Total face volume 225064
Total vertex volume 224859 (mask=0)
Saving annotation colortable ../label/aparc.annot.a2009s.ctab

table columns are:
    number of vertices
    total surface area (mm^2)
    total gray matter volume (mm^3)
    average cortical thickness +- standard deviation (mm)
    integrated rectified mean curvature
    integrated rectified Gaussian curvature
    folding index
    intrinsic curvature index
    structure name

  692    528   1881  2.771 0.692     0.142     0.039       12     0.9  G_and_S_frontomargin
 1033    779   2466  2.450 0.776     0.138     0.038       17     1.7  G_and_S_occipital_inf
 1524    987   2872  2.309 0.655     0.140     0.042       19     2.8  G_and_S_paracentral
 1420   1055   3409  2.850 0.779     0.132     0.029       20     1.6  G_and_S_subcentral
  858    699   3412  3.244 0.780     0.154     0.043       16     1.7  G_and_S_transv_frontopol
 2489   1695   5377  2.926 0.777     0.118     0.030       29     3.1  G_and_S_cingul-Ant
 1008    721   2352  3.225 0.562     0.108     0.021        7     0.8  G_and_S_cingul-Mid-Ant
 1285    863   2915  3.335 0.551     0.107     0.021        8     1.1  G_and_S_cingul-Mid-Post
  431    308   1547  3.605 0.816     0.139     0.040        6     0.6  G_cingul-Post-dorsal
  268    194    811  2.777 0.907     0.142     0.045        5     0.4  G_cingul-Post-ventral
 1861   1495   3012  1.832 0.623     0.165     0.040       25     3.4  G_cuneus
 1348   1045   4112  2.984 0.620     0.135     0.036       22     2.0  G_front_inf-Opercular
  285    237   1159  3.074 0.593     0.136     0.038        4     0.5  G_front_inf-Orbital
  666    477   1967  2.844 0.827     0.120     0.028        8     0.8  G_front_inf-Triangul
 3013   2529  11922  3.145 0.816     0.167     0.053       62     6.3  G_front_middle
 5209   3933  17510  3.377 0.805     0.148     0.043       68     9.5  G_front_sup
  525    348   1473  3.557 1.126     0.123     0.037        6     0.8  G_Ins_lg_and_S_cent_ins
  648    480   2133  3.511 0.888     0.132     0.038        7     1.1  G_insular_short
 1599   1235   4502  2.613 0.800     0.147     0.036       30     2.4  G_occipital_middle
 1249    971   3011  2.404 0.692     0.152     0.042       21     2.3  G_occipital_sup
 1645   1258   4642  2.959 0.612     0.150     0.039       35     2.8  G_oc-temp_lat-fusifor
 2471   1871   4581  2.101 0.745     0.156     0.041       39     4.3  G_oc-temp_med-Lingual
  979    667   2749  2.892 0.936     0.104     0.031        8     1.1  G_oc-temp_med-Parahip
 2018   1537   5790  2.799 0.860     0.149     0.046       34     4.0  G_orbital
 2135   1765   6872  2.734 0.717     0.158     0.047       53     4.0  G_pariet_inf-Angular
 1793   1384   4834  2.672 0.701     0.140     0.036       30     2.8  G_pariet_inf-Supramar
 2320   1640   4768  2.312 0.681     0.150     0.044       44     4.3  G_parietal_sup
 1745   1269   2722  1.741 0.607     0.134     0.038       26     2.7  G_postcentral
 1898   1421   5674  2.817 0.663     0.129     0.034       23     2.6  G_precentral
 2025   1520   5892  2.824 0.731     0.142     0.036       30     3.5  G_precuneus
  972    623   1568  1.975 0.812     0.144     0.047       22     1.8  G_rectus
  580    450   1044  2.584 0.830     0.197     0.074       13     2.2  G_subcallosal
  430    312    990  2.653 0.704     0.169     0.051        7     0.9  G_temp_sup-G_T_transv
 1696   1222   4242  2.482 0.761     0.138     0.041       35     2.8  G_temp_sup-Lateral
  635    439   1130  2.264 0.703     0.108     0.032        5     0.7  G_temp_sup-Plan_polar
  742    500   1407  2.415 0.655     0.072     0.011        3     0.3  G_temp_sup-Plan_tempo
 1790   1256   3270  2.066 0.740     0.138     0.044       41     3.3  G_temporal_inf
 1841   1433   4468  2.408 0.640     0.132     0.037       34     2.9  G_temporal_middle
  256    170    274  1.946 0.447     0.088     0.012        1     0.1  Lat_Fis-ant-Horizont
  102     74    249  2.766 0.677     0.084     0.012        0     0.1  Lat_Fis-ant-Vertical
 1406    958   2164  2.836 0.623     0.106     0.020        8     1.1  Lat_Fis-post
 2557   2137   7577  2.488 0.818     0.169     0.049       47     5.4  Pole_occipital
 1182    916   3573  2.671 0.749     0.171     0.064       24     3.2  Pole_temporal
 2181   1500   2806  2.071 0.702     0.112     0.023       16     2.1  S_calcarine
 2454   1624   2573  1.819 0.513     0.094     0.017       12     1.7  S_central
 1309    887   2454  2.828 0.736     0.107     0.020        9     1.0  S_cingul-Marginalis
  510    350    830  2.613 0.740     0.101     0.021        2     0.5  S_circular_insula_ant
  967    631   1251  2.380 0.884     0.075     0.014        3     0.5  S_circular_insula_inf
 1374    894   2215  3.052 0.581     0.093     0.018        5     1.1  S_circular_insula_sup
  577    430   1015  2.184 0.800     0.110     0.021        4     0.5  S_collat_transv_ant
  423    291    605  2.237 0.576     0.124     0.032        3     0.5  S_collat_transv_post
 1347    979   2653  2.673 0.586     0.113     0.023       10     1.2  S_front_inf
 2207   1586   5186  3.046 0.703     0.120     0.026       20     2.6  S_front_middle
 1841   1315   3697  3.093 0.538     0.111     0.022       11     1.8  S_front_sup
  357    243    522  2.743 0.460     0.115     0.024        2     0.4  S_interm_prim-Jensen
 2814   1926   4470  2.374 0.567     0.102     0.021       19     2.4  S_intrapariet_and_P_trans
 1021    672   1206  2.196 0.596     0.103     0.021        6     0.8  S_oc_middle_and_Lunatus
 1072    697   1533  2.376 0.645     0.092     0.013        5     0.6  S_oc_sup_and_transversal
  748    491    957  2.242 0.652     0.098     0.015        5     0.5  S_occipital_ant
 1029    707   1425  2.330 0.622     0.113     0.023        8     1.0  S_oc-temp_lat
 2121   1433   3311  2.597 0.534     0.106     0.021       13     1.9  S_oc-temp_med_and_Lingual
  284    190    357  2.327 0.455     0.103     0.015        1     0.2  S_orbital_lateral
  502    329    749  2.318 0.710     0.093     0.017        3     0.3  S_orbital_med-olfact
  949    639   2198  3.240 0.888     0.109     0.020        6     0.9  S_orbital-H_Shaped
 2311   1513   3529  2.697 0.717     0.103     0.017       14     1.8  S_parieto_occipital
 1602   1063   1644  1.922 0.750     0.109     0.018       17     1.4  S_pericallosal
 2245   1480   2727  2.146 0.590     0.097     0.017       13     1.6  S_postcentral
 1318    905   2438  2.507 0.638     0.095     0.017        8     1.0  S_precentral-inf-part
 1405    956   2288  2.707 0.568     0.096     0.018        7     1.2  S_precentral-sup-part
  342    227    539  2.946 0.772     0.099     0.013        2     0.2  S_suborbital
 1207    854   2355  2.689 0.507     0.111     0.020       11     0.9  S_subparietal
  782    522    891  2.012 0.450     0.102     0.018        4     0.6  S_temporal_inf
 4685   3114   7689  2.770 0.636     0.095     0.016       32     3.2  S_temporal_sup
  227    169    419  2.831 0.479     0.116     0.017        1     0.2  S_temporal_transverse
#-----------------------------------------
#@# Parcellation Stats 3 rh Mon Mar  9 04:25:25 CET 2026
/out/sourcedata/freesurfer/sub-v1s16x0051183_ses-1/scripts

 mris_anatomical_stats -th3 -mgz -noglobal -cortex ../label/rh.cortex.label -f ../stats/rh.aparc.DKTatlas.stats -b -a ../label/rh.aparc.DKTatlas.annot -c ../label/aparc.annot.DKTatlas.ctab sub-v1s16x0051183_ses-1 rh white 

computing statistics for each annotation in ../label/rh.aparc.DKTatlas.annot.
reading volume /out/sourcedata/freesurfer/sub-v1s16x0051183_ses-1/mri/wm.mgz...
reading input surface /out/sourcedata/freesurfer/sub-v1s16x0051183_ses-1/surf/rh.white...
reading input pial surface /out/sourcedata/freesurfer/sub-v1s16x0051183_ses-1/surf/rh.pial...
reading input white surface /out/sourcedata/freesurfer/sub-v1s16x0051183_ses-1/surf/rh.white...
INFO: using TH3 volume calc
INFO: assuming MGZ format for volumes.
INFO: not computing global stats
INFO: using ../label/rh.cortex.label as mask to calc cortex NumVert, SurfArea and MeanThickness.
Using TH3 vertex volume calc
Total face volume 225064
Total vertex volume 224859 (mask=0)
Saving annotation colortable ../label/aparc.annot.DKTatlas.ctab

table columns are:
    number of vertices
    total surface area (mm^2)
    total gray matter volume (mm^3)
    average cortical thickness +- standard deviation (mm)
    integrated rectified mean curvature
    integrated rectified Gaussian curvature
    folding index
    intrinsic curvature index
    structure name

  975    650   1967  2.843 0.920     0.113     0.019        9     0.8  caudalanteriorcingulate
 2523   1849   6013  2.801 0.667     0.121     0.031       27     3.3  caudalmiddlefrontal
 2617   1975   4605  2.114 0.670     0.149     0.033       32     4.1  cuneus
  406    311   1279  2.939 1.010     0.122     0.039        4     0.7  entorhinal
 3487   2556   7733  2.714 0.685     0.129     0.030       48     4.5  fusiform
 6112   4498  13531  2.563 0.675     0.124     0.029       86     7.2  inferiorparietal
 3397   2397   6065  2.169 0.712     0.128     0.036       54     4.8  inferiortemporal
 1435   1029   3223  2.537 0.967     0.127     0.034       20     2.0  isthmuscingulate
 6160   4580  13844  2.407 0.756     0.139     0.036       88     9.4  lateraloccipital
 3143   2254   8033  2.965 0.867     0.132     0.036       39     4.7  lateralorbitofrontal
 4038   2992   7194  2.213 0.708     0.141     0.035       51     6.0  lingual
 2032   1397   3745  2.420 0.911     0.139     0.044       36     3.8  medialorbitofrontal
 3792   2734   7538  2.561 0.702     0.117     0.029       48     4.6  middletemporal
 1039    657   2238  2.842 0.720     0.088     0.019        6     0.7  parahippocampal
 2042   1369   4129  2.782 0.742     0.119     0.027       16     2.3  paracentral
 1945   1463   5462  3.002 0.632     0.120     0.027       23     2.1  parsopercularis
  754    582   1589  2.306 0.744     0.141     0.034       10     1.3  parsorbitalis
 1449   1011   3078  2.619 0.743     0.104     0.022       11     1.4  parstriangularis
 1782   1333   2285  1.740 0.587     0.137     0.034       18     2.5  pericalcarine
 5971   4130   9061  1.997 0.742     0.116     0.027       64     6.8  postcentral
 1695   1162   3924  2.853 0.931     0.111     0.022       16     1.4  posteriorcingulate
 5677   4005  11922  2.542 0.676     0.115     0.026       52     6.4  precentral
 5375   3769  11515  2.800 0.700     0.116     0.024       52     5.9  precuneus
 1063    791   1990  2.365 0.839     0.154     0.042       17     2.2  rostralanteriorcingulate
 4663   3612  14017  3.026 0.758     0.142     0.038       68     7.3  rostralmiddlefrontal
10723   7903  30870  3.255 0.728     0.133     0.035      123    15.9  superiorfrontal
 5568   3886  10314  2.378 0.651     0.126     0.032       72     7.8  superiorparietal
 5931   4146  12456  2.566 0.752     0.116     0.030       72     7.5  superiortemporal
 3921   2854   8144  2.608 0.666     0.122     0.028       48     4.6  supramarginal
  480    350   1001  2.447 0.618     0.145     0.045        6     0.9  transversetemporal
 2645   1783   6093  3.309 0.827     0.101     0.023       16     2.4  insula
/out/sourcedata/freesurfer/sub-v1s16x0051183_ses-1/label
#--------------------------------------------
#@# BA_exvivo Labels rh Mon Mar  9 04:25:30 CET 2026

 mri_label2label --srcsubject fsaverage --srclabel /out/sourcedata/freesurfer/fsaverage/label/rh.BA1_exvivo.label --trgsubject sub-v1s16x0051183_ses-1 --trglabel ./rh.BA1_exvivo.label --hemi rh --regmethod surface 


srclabel = /out/sourcedata/freesurfer/fsaverage/label/rh.BA1_exvivo.label
srcsubject = fsaverage
trgsubject = sub-v1s16x0051183_ses-1
trglabel = ./rh.BA1_exvivo.label
regmethod = surface

srchemi = rh
trghemi = rh
trgsurface = white
srcsurfreg = sphere.reg
trgsurfreg = sphere.reg
usehash = 1
Use ProjAbs  = 0, 0
Use ProjFrac = 0, 0
DoPaint 0

SUBJECTS_DIR    /out/sourcedata/freesurfer
FREESURFER_HOME /opt/freesurfer
Loading source label.
Found 3962 points in source label.
Starting surface-based mapping
Reading source registration 
 /out/sourcedata/freesurfer/fsaverage/surf/rh.sphere.reg
Rescaling ...  original radius = 100
Reading target surface 
 /out/sourcedata/freesurfer/sub-v1s16x0051183_ses-1/surf/rh.white
Reading target registration 
 /out/sourcedata/freesurfer/sub-v1s16x0051183_ses-1/surf/rh.sphere.reg
Rescaling ...  original radius = 100
Building target registration hash (res=16).
Building source registration hash (res=16).
INFO: found  3962 nlabel points
Performing mapping from target back to the source label 110111
Number of reverse mapping hits = 259
Checking for and removing duplicates
Writing label file ./rh.BA1_exvivo.label 4221
mri_label2label: Done


 mri_label2label --srcsubject fsaverage --srclabel /out/sourcedata/freesurfer/fsaverage/label/rh.BA2_exvivo.label --trgsubject sub-v1s16x0051183_ses-1 --trglabel ./rh.BA2_exvivo.label --hemi rh --regmethod surface 


srclabel = /out/sourcedata/freesurfer/fsaverage/label/rh.BA2_exvivo.label
srcsubject = fsaverage
trgsubject = sub-v1s16x0051183_ses-1
trglabel = ./rh.BA2_exvivo.label
regmethod = surface

srchemi = rh
trghemi = rh
trgsurface = white
srcsurfreg = sphere.reg
trgsurfreg = sphere.reg
usehash = 1
Use ProjAbs  = 0, 0
Use ProjFrac = 0, 0
DoPaint 0

SUBJECTS_DIR    /out/sourcedata/freesurfer
FREESURFER_HOME /opt/freesurfer
Loading source label.
Found 6687 points in source label.
Starting surface-based mapping
Reading source registration 
 /out/sourcedata/freesurfer/fsaverage/surf/rh.sphere.reg
Rescaling ...  original radius = 100
Reading target surface 
 /out/sourcedata/freesurfer/sub-v1s16x0051183_ses-1/surf/rh.white
Reading target registration 
 /out/sourcedata/freesurfer/sub-v1s16x0051183_ses-1/surf/rh.sphere.reg
Rescaling ...  original radius = 100
Building target registration hash (res=16).
Building source registration hash (res=16).
INFO: found  6687 nlabel points
Performing mapping from target back to the source label 110111
Number of reverse mapping hits = 201
Checking for and removing duplicates
Writing label file ./rh.BA2_exvivo.label 6888
mri_label2label: Done


 mri_label2label --srcsubject fsaverage --srclabel /out/sourcedata/freesurfer/fsaverage/label/rh.BA3a_exvivo.label --trgsubject sub-v1s16x0051183_ses-1 --trglabel ./rh.BA3a_exvivo.label --hemi rh --regmethod surface 


srclabel = /out/sourcedata/freesurfer/fsaverage/label/rh.BA3a_exvivo.label
srcsubject = fsaverage
trgsubject = sub-v1s16x0051183_ses-1
trglabel = ./rh.BA3a_exvivo.label
regmethod = surface

srchemi = rh
trghemi = rh
trgsurface = white
srcsurfreg = sphere.reg
trgsurfreg = sphere.reg
usehash = 1
Use ProjAbs  = 0, 0
Use ProjFrac = 0, 0
DoPaint 0

SUBJECTS_DIR    /out/sourcedata/freesurfer
FREESURFER_HOME /opt/freesurfer
Loading source label.
Found 3980 points in source label.
Starting surface-based mapping
Reading source registration 
 /out/sourcedata/freesurfer/fsaverage/surf/rh.sphere.reg
Rescaling ...  original radius = 100
Reading target surface 
 /out/sourcedata/freesurfer/sub-v1s16x0051183_ses-1/surf/rh.white
Reading target registration 
 /out/sourcedata/freesurfer/sub-v1s16x0051183_ses-1/surf/rh.sphere.reg
Rescaling ...  original radius = 100
Building target registration hash (res=16).
Building source registration hash (res=16).
INFO: found  3980 nlabel points
Performing mapping from target back to the source label 110111
Number of reverse mapping hits = 26
Checking for and removing duplicates
Writing label file ./rh.BA3a_exvivo.label 4006
mri_label2label: Done


 mri_label2label --srcsubject fsaverage --srclabel /out/sourcedata/freesurfer/fsaverage/label/rh.BA3b_exvivo.label --trgsubject sub-v1s16x0051183_ses-1 --trglabel ./rh.BA3b_exvivo.label --hemi rh --regmethod surface 


srclabel = /out/sourcedata/freesurfer/fsaverage/label/rh.BA3b_exvivo.label
srcsubject = fsaverage
trgsubject = sub-v1s16x0051183_ses-1
trglabel = ./rh.BA3b_exvivo.label
regmethod = surface

srchemi = rh
trghemi = rh
trgsurface = white
srcsurfreg = sphere.reg
trgsurfreg = sphere.reg
usehash = 1
Use ProjAbs  = 0, 0
Use ProjFrac = 0, 0
DoPaint 0

SUBJECTS_DIR    /out/sourcedata/freesurfer
FREESURFER_HOME /opt/freesurfer
Loading source label.
Found 4522 points in source label.
Starting surface-based mapping
Reading source registration 
 /out/sourcedata/freesurfer/fsaverage/surf/rh.sphere.reg
Rescaling ...  original radius = 100
Reading target surface 
 /out/sourcedata/freesurfer/sub-v1s16x0051183_ses-1/surf/rh.white
Reading target registration 
 /out/sourcedata/freesurfer/sub-v1s16x0051183_ses-1/surf/rh.sphere.reg
Rescaling ...  original radius = 100
Building target registration hash (res=16).
Building source registration hash (res=16).
INFO: found  4522 nlabel points
Performing mapping from target back to the source label 110111
Number of reverse mapping hits = 161
Checking for and removing duplicates
Writing label file ./rh.BA3b_exvivo.label 4683
mri_label2label: Done


 mri_label2label --srcsubject fsaverage --srclabel /out/sourcedata/freesurfer/fsaverage/label/rh.BA4a_exvivo.label --trgsubject sub-v1s16x0051183_ses-1 --trglabel ./rh.BA4a_exvivo.label --hemi rh --regmethod surface 


srclabel = /out/sourcedata/freesurfer/fsaverage/label/rh.BA4a_exvivo.label
srcsubject = fsaverage
trgsubject = sub-v1s16x0051183_ses-1
trglabel = ./rh.BA4a_exvivo.label
regmethod = surface

srchemi = rh
trghemi = rh
trgsurface = white
srcsurfreg = sphere.reg
trgsurfreg = sphere.reg
usehash = 1
Use ProjAbs  = 0, 0
Use ProjFrac = 0, 0
DoPaint 0

SUBJECTS_DIR    /out/sourcedata/freesurfer
FREESURFER_HOME /opt/freesurfer
Loading source label.
Found 5747 points in source label.
Starting surface-based mapping
Reading source registration 
 /out/sourcedata/freesurfer/fsaverage/surf/rh.sphere.reg
Rescaling ...  original radius = 100
Reading target surface 
 /out/sourcedata/freesurfer/sub-v1s16x0051183_ses-1/surf/rh.white
Reading target registration 
 /out/sourcedata/freesurfer/sub-v1s16x0051183_ses-1/surf/rh.sphere.reg
Rescaling ...  original radius = 100
Building target registration hash (res=16).
Building source registration hash (res=16).
INFO: found  5747 nlabel points
Performing mapping from target back to the source label 110111
Number of reverse mapping hits = 53
Checking for and removing duplicates
Writing label file ./rh.BA4a_exvivo.label 5800
mri_label2label: Done


 mri_label2label --srcsubject fsaverage --srclabel /out/sourcedata/freesurfer/fsaverage/label/rh.BA4p_exvivo.label --trgsubject sub-v1s16x0051183_ses-1 --trglabel ./rh.BA4p_exvivo.label --hemi rh --regmethod surface 


srclabel = /out/sourcedata/freesurfer/fsaverage/label/rh.BA4p_exvivo.label
srcsubject = fsaverage
trgsubject = sub-v1s16x0051183_ses-1
trglabel = ./rh.BA4p_exvivo.label
regmethod = surface

srchemi = rh
trghemi = rh
trgsurface = white
srcsurfreg = sphere.reg
trgsurfreg = sphere.reg
usehash = 1
Use ProjAbs  = 0, 0
Use ProjFrac = 0, 0
DoPaint 0

SUBJECTS_DIR    /out/sourcedata/freesurfer
FREESURFER_HOME /opt/freesurfer
Loading source label.
Found 4473 points in source label.
Starting surface-based mapping
Reading source registration 
 /out/sourcedata/freesurfer/fsaverage/surf/rh.sphere.reg
Rescaling ...  original radius = 100
Reading target surface 
 /out/sourcedata/freesurfer/sub-v1s16x0051183_ses-1/surf/rh.white
Reading target registration 
 /out/sourcedata/freesurfer/sub-v1s16x0051183_ses-1/surf/rh.sphere.reg
Rescaling ...  original radius = 100
Building target registration hash (res=16).
Building source registration hash (res=16).
INFO: found  4473 nlabel points
Performing mapping from target back to the source label 110111
Number of reverse mapping hits = 26
Checking for and removing duplicates
Writing label file ./rh.BA4p_exvivo.label 4499
mri_label2label: Done


 mri_label2label --srcsubject fsaverage --srclabel /out/sourcedata/freesurfer/fsaverage/label/rh.BA6_exvivo.label --trgsubject sub-v1s16x0051183_ses-1 --trglabel ./rh.BA6_exvivo.label --hemi rh --regmethod surface 


srclabel = /out/sourcedata/freesurfer/fsaverage/label/rh.BA6_exvivo.label
srcsubject = fsaverage
trgsubject = sub-v1s16x0051183_ses-1
trglabel = ./rh.BA6_exvivo.label
regmethod = surface

srchemi = rh
trghemi = rh
trgsurface = white
srcsurfreg = sphere.reg
trgsurfreg = sphere.reg
usehash = 1
Use ProjAbs  = 0, 0
Use ProjFrac = 0, 0
DoPaint 0

SUBJECTS_DIR    /out/sourcedata/freesurfer
FREESURFER_HOME /opt/freesurfer
Loading source label.
Found 12256 points in source label.
Starting surface-based mapping
Reading source registration 
 /out/sourcedata/freesurfer/fsaverage/surf/rh.sphere.reg
Rescaling ...  original radius = 100
Reading target surface 
 /out/sourcedata/freesurfer/sub-v1s16x0051183_ses-1/surf/rh.white
Reading target registration 
 /out/sourcedata/freesurfer/sub-v1s16x0051183_ses-1/surf/rh.sphere.reg
Rescaling ...  original radius = 100
Building target registration hash (res=16).
Building source registration hash (res=16).
INFO: found  12256 nlabel points
Performing mapping from target back to the source label 110111
Number of reverse mapping hits = 117
Checking for and removing duplicates
Writing label file ./rh.BA6_exvivo.label 12373
mri_label2label: Done


 mri_label2label --srcsubject fsaverage --srclabel /out/sourcedata/freesurfer/fsaverage/label/rh.BA44_exvivo.label --trgsubject sub-v1s16x0051183_ses-1 --trglabel ./rh.BA44_exvivo.label --hemi rh --regmethod surface 


srclabel = /out/sourcedata/freesurfer/fsaverage/label/rh.BA44_exvivo.label
srcsubject = fsaverage
trgsubject = sub-v1s16x0051183_ses-1
trglabel = ./rh.BA44_exvivo.label
regmethod = surface

srchemi = rh
trghemi = rh
trgsurface = white
srcsurfreg = sphere.reg
trgsurfreg = sphere.reg
usehash = 1
Use ProjAbs  = 0, 0
Use ProjFrac = 0, 0
DoPaint 0

SUBJECTS_DIR    /out/sourcedata/freesurfer
FREESURFER_HOME /opt/freesurfer
Loading source label.
Found 6912 points in source label.
Starting surface-based mapping
Reading source registration 
 /out/sourcedata/freesurfer/fsaverage/surf/rh.sphere.reg
Rescaling ...  original radius = 100
Reading target surface 
 /out/sourcedata/freesurfer/sub-v1s16x0051183_ses-1/surf/rh.white
Reading target registration 
 /out/sourcedata/freesurfer/sub-v1s16x0051183_ses-1/surf/rh.sphere.reg
Rescaling ...  original radius = 100
Building target registration hash (res=16).
Building source registration hash (res=16).
INFO: found  6912 nlabel points
Performing mapping from target back to the source label 110111
Number of reverse mapping hits = 136
Checking for and removing duplicates
Writing label file ./rh.BA44_exvivo.label 7048
mri_label2label: Done


 mri_label2label --srcsubject fsaverage --srclabel /out/sourcedata/freesurfer/fsaverage/label/rh.BA45_exvivo.label --trgsubject sub-v1s16x0051183_ses-1 --trglabel ./rh.BA45_exvivo.label --hemi rh --regmethod surface 


srclabel = /out/sourcedata/freesurfer/fsaverage/label/rh.BA45_exvivo.label
srcsubject = fsaverage
trgsubject = sub-v1s16x0051183_ses-1
trglabel = ./rh.BA45_exvivo.label
regmethod = surface

srchemi = rh
trghemi = rh
trgsurface = white
srcsurfreg = sphere.reg
trgsurfreg = sphere.reg
usehash = 1
Use ProjAbs  = 0, 0
Use ProjFrac = 0, 0
DoPaint 0

SUBJECTS_DIR    /out/sourcedata/freesurfer
FREESURFER_HOME /opt/freesurfer
Loading source label.
Found 5355 points in source label.
Starting surface-based mapping
Reading source registration 
 /out/sourcedata/freesurfer/fsaverage/surf/rh.sphere.reg
Rescaling ...  original radius = 100
Reading target surface 
 /out/sourcedata/freesurfer/sub-v1s16x0051183_ses-1/surf/rh.white
Reading target registration 
 /out/sourcedata/freesurfer/sub-v1s16x0051183_ses-1/surf/rh.sphere.reg
Rescaling ...  original radius = 100
Building target registration hash (res=16).
Building source registration hash (res=16).
INFO: found  5355 nlabel points
Performing mapping from target back to the source label 110111
Number of reverse mapping hits = 157
Checking for and removing duplicates
Writing label file ./rh.BA45_exvivo.label 5512
mri_label2label: Done


 mri_label2label --srcsubject fsaverage --srclabel /out/sourcedata/freesurfer/fsaverage/label/rh.V1_exvivo.label --trgsubject sub-v1s16x0051183_ses-1 --trglabel ./rh.V1_exvivo.label --hemi rh --regmethod surface 


srclabel = /out/sourcedata/freesurfer/fsaverage/label/rh.V1_exvivo.label
srcsubject = fsaverage
trgsubject = sub-v1s16x0051183_ses-1
trglabel = ./rh.V1_exvivo.label
regmethod = surface

srchemi = rh
trghemi = rh
trgsurface = white
srcsurfreg = sphere.reg
trgsurfreg = sphere.reg
usehash = 1
Use ProjAbs  = 0, 0
Use ProjFrac = 0, 0
DoPaint 0

SUBJECTS_DIR    /out/sourcedata/freesurfer
FREESURFER_HOME /opt/freesurfer
Loading source label.
Found 4727 points in source label.
Starting surface-based mapping
Reading source registration 
 /out/sourcedata/freesurfer/fsaverage/surf/rh.sphere.reg
Rescaling ...  original radius = 100
Reading target surface 
 /out/sourcedata/freesurfer/sub-v1s16x0051183_ses-1/surf/rh.white
Reading target registration 
 /out/sourcedata/freesurfer/sub-v1s16x0051183_ses-1/surf/rh.sphere.reg
Rescaling ...  original radius = 100
Building target registration hash (res=16).
Building source registration hash (res=16).
INFO: found  4727 nlabel points
Performing mapping from target back to the source label 110111
Number of reverse mapping hits = 652
Checking for and removing duplicates
Writing label file ./rh.V1_exvivo.label 5379
mri_label2label: Done


 mri_label2label --srcsubject fsaverage --srclabel /out/sourcedata/freesurfer/fsaverage/label/rh.V2_exvivo.label --trgsubject sub-v1s16x0051183_ses-1 --trglabel ./rh.V2_exvivo.label --hemi rh --regmethod surface 


srclabel = /out/sourcedata/freesurfer/fsaverage/label/rh.V2_exvivo.label
srcsubject = fsaverage
trgsubject = sub-v1s16x0051183_ses-1
trglabel = ./rh.V2_exvivo.label
regmethod = surface

srchemi = rh
trghemi = rh
trgsurface = white
srcsurfreg = sphere.reg
trgsurfreg = sphere.reg
usehash = 1
Use ProjAbs  = 0, 0
Use ProjFrac = 0, 0
DoPaint 0

SUBJECTS_DIR    /out/sourcedata/freesurfer
FREESURFER_HOME /opt/freesurfer
Loading source label.
Found 8016 points in source label.
Starting surface-based mapping
Reading source registration 
 /out/sourcedata/freesurfer/fsaverage/surf/rh.sphere.reg
Rescaling ...  original radius = 100
Reading target surface 
 /out/sourcedata/freesurfer/sub-v1s16x0051183_ses-1/surf/rh.white
Reading target registration 
 /out/sourcedata/freesurfer/sub-v1s16x0051183_ses-1/surf/rh.sphere.reg
Rescaling ...  original radius = 100
Building target registration hash (res=16).
Building source registration hash (res=16).
INFO: found  8016 nlabel points
Performing mapping from target back to the source label 110111
Number of reverse mapping hits = 1172
Checking for and removing duplicates
Writing label file ./rh.V2_exvivo.label 9188
mri_label2label: Done


 mri_label2label --srcsubject fsaverage --srclabel /out/sourcedata/freesurfer/fsaverage/label/rh.MT_exvivo.label --trgsubject sub-v1s16x0051183_ses-1 --trglabel ./rh.MT_exvivo.label --hemi rh --regmethod surface 


srclabel = /out/sourcedata/freesurfer/fsaverage/label/rh.MT_exvivo.label
srcsubject = fsaverage
trgsubject = sub-v1s16x0051183_ses-1
trglabel = ./rh.MT_exvivo.label
regmethod = surface

srchemi = rh
trghemi = rh
trgsurface = white
srcsurfreg = sphere.reg
trgsurfreg = sphere.reg
usehash = 1
Use ProjAbs  = 0, 0
Use ProjFrac = 0, 0
DoPaint 0

SUBJECTS_DIR    /out/sourcedata/freesurfer
FREESURFER_HOME /opt/freesurfer
Loading source label.
Found 1932 points in source label.
Starting surface-based mapping
Reading source registration 
 /out/sourcedata/freesurfer/fsaverage/surf/rh.sphere.reg
Rescaling ...  original radius = 100
Reading target surface 
 /out/sourcedata/freesurfer/sub-v1s16x0051183_ses-1/surf/rh.white
Reading target registration 
 /out/sourcedata/freesurfer/sub-v1s16x0051183_ses-1/surf/rh.sphere.reg
Rescaling ...  original radius = 100
Building target registration hash (res=16).
Building source registration hash (res=16).
INFO: found  1932 nlabel points
Performing mapping from target back to the source label 110111
Number of reverse mapping hits = 256
Checking for and removing duplicates
Writing label file ./rh.MT_exvivo.label 2188
mri_label2label: Done


 mri_label2label --srcsubject fsaverage --srclabel /out/sourcedata/freesurfer/fsaverage/label/rh.entorhinal_exvivo.label --trgsubject sub-v1s16x0051183_ses-1 --trglabel ./rh.entorhinal_exvivo.label --hemi rh --regmethod surface 


srclabel = /out/sourcedata/freesurfer/fsaverage/label/rh.entorhinal_exvivo.label
srcsubject = fsaverage
trgsubject = sub-v1s16x0051183_ses-1
trglabel = ./rh.entorhinal_exvivo.label
regmethod = surface

srchemi = rh
trghemi = rh
trgsurface = white
srcsurfreg = sphere.reg
trgsurfreg = sphere.reg
usehash = 1
Use ProjAbs  = 0, 0
Use ProjFrac = 0, 0
DoPaint 0

SUBJECTS_DIR    /out/sourcedata/freesurfer
FREESURFER_HOME /opt/freesurfer
Loading source label.
Found 1038 points in source label.
Starting surface-based mapping
Reading source registration 
 /out/sourcedata/freesurfer/fsaverage/surf/rh.sphere.reg
Rescaling ...  original radius = 100
Reading target surface 
 /out/sourcedata/freesurfer/sub-v1s16x0051183_ses-1/surf/rh.white
Reading target registration 
 /out/sourcedata/freesurfer/sub-v1s16x0051183_ses-1/surf/rh.sphere.reg
Rescaling ...  original radius = 100
Building target registration hash (res=16).
Building source registration hash (res=16).
INFO: found  1038 nlabel points
Performing mapping from target back to the source label 110111
Number of reverse mapping hits = 21
Checking for and removing duplicates
Writing label file ./rh.entorhinal_exvivo.label 1059
mri_label2label: Done


 mri_label2label --srcsubject fsaverage --srclabel /out/sourcedata/freesurfer/fsaverage/label/rh.perirhinal_exvivo.label --trgsubject sub-v1s16x0051183_ses-1 --trglabel ./rh.perirhinal_exvivo.label --hemi rh --regmethod surface 


srclabel = /out/sourcedata/freesurfer/fsaverage/label/rh.perirhinal_exvivo.label
srcsubject = fsaverage
trgsubject = sub-v1s16x0051183_ses-1
trglabel = ./rh.perirhinal_exvivo.label
regmethod = surface

srchemi = rh
trghemi = rh
trgsurface = white
srcsurfreg = sphere.reg
trgsurfreg = sphere.reg
usehash = 1
Use ProjAbs  = 0, 0
Use ProjFrac = 0, 0
DoPaint 0

SUBJECTS_DIR    /out/sourcedata/freesurfer
FREESURFER_HOME /opt/freesurfer
Loading source label.
Found 752 points in source label.
Starting surface-based mapping
Reading source registration 
 /out/sourcedata/freesurfer/fsaverage/surf/rh.sphere.reg
Rescaling ...  original radius = 100
Reading target surface 
 /out/sourcedata/freesurfer/sub-v1s16x0051183_ses-1/surf/rh.white
Reading target registration 
 /out/sourcedata/freesurfer/sub-v1s16x0051183_ses-1/surf/rh.sphere.reg
Rescaling ...  original radius = 100
Building target registration hash (res=16).
Building source registration hash (res=16).
INFO: found  752 nlabel points
Performing mapping from target back to the source label 110111
Number of reverse mapping hits = 14
Checking for and removing duplicates
Writing label file ./rh.perirhinal_exvivo.label 766
mri_label2label: Done


 mri_label2label --srcsubject fsaverage --srclabel /out/sourcedata/freesurfer/fsaverage/label/rh.FG1.mpm.vpnl.label --trgsubject sub-v1s16x0051183_ses-1 --trglabel ./rh.FG1.mpm.vpnl.label --hemi rh --regmethod surface 


srclabel = /out/sourcedata/freesurfer/fsaverage/label/rh.FG1.mpm.vpnl.label
srcsubject = fsaverage
trgsubject = sub-v1s16x0051183_ses-1
trglabel = ./rh.FG1.mpm.vpnl.label
regmethod = surface

srchemi = rh
trghemi = rh
trgsurface = white
srcsurfreg = sphere.reg
trgsurfreg = sphere.reg
usehash = 1
Use ProjAbs  = 0, 0
Use ProjFrac = 0, 0
DoPaint 0

SUBJECTS_DIR    /out/sourcedata/freesurfer
FREESURFER_HOME /opt/freesurfer
Loading source label.
Found 541 points in source label.
Starting surface-based mapping
Reading source registration 
 /out/sourcedata/freesurfer/fsaverage/surf/rh.sphere.reg
Rescaling ...  original radius = 100
Reading target surface 
 /out/sourcedata/freesurfer/sub-v1s16x0051183_ses-1/surf/rh.white
Reading target registration 
 /out/sourcedata/freesurfer/sub-v1s16x0051183_ses-1/surf/rh.sphere.reg
Rescaling ...  original radius = 100
Building target registration hash (res=16).
Building source registration hash (res=16).
INFO: found  541 nlabel points
Performing mapping from target back to the source label 110111
Number of reverse mapping hits = 118
Checking for and removing duplicates
Writing label file ./rh.FG1.mpm.vpnl.label 659
mri_label2label: Done


 mri_label2label --srcsubject fsaverage --srclabel /out/sourcedata/freesurfer/fsaverage/label/rh.FG2.mpm.vpnl.label --trgsubject sub-v1s16x0051183_ses-1 --trglabel ./rh.FG2.mpm.vpnl.label --hemi rh --regmethod surface 


srclabel = /out/sourcedata/freesurfer/fsaverage/label/rh.FG2.mpm.vpnl.label
srcsubject = fsaverage
trgsubject = sub-v1s16x0051183_ses-1
trglabel = ./rh.FG2.mpm.vpnl.label
regmethod = surface

srchemi = rh
trghemi = rh
trgsurface = white
srcsurfreg = sphere.reg
trgsurfreg = sphere.reg
usehash = 1
Use ProjAbs  = 0, 0
Use ProjFrac = 0, 0
DoPaint 0

SUBJECTS_DIR    /out/sourcedata/freesurfer
FREESURFER_HOME /opt/freesurfer
Loading source label.
Found 721 points in source label.
Starting surface-based mapping
Reading source registration 
 /out/sourcedata/freesurfer/fsaverage/surf/rh.sphere.reg
Rescaling ...  original radius = 100
Reading target surface 
 /out/sourcedata/freesurfer/sub-v1s16x0051183_ses-1/surf/rh.white
Reading target registration 
 /out/sourcedata/freesurfer/sub-v1s16x0051183_ses-1/surf/rh.sphere.reg
Rescaling ...  original radius = 100
Building target registration hash (res=16).
Building source registration hash (res=16).
INFO: found  721 nlabel points
Performing mapping from target back to the source label 110111
Number of reverse mapping hits = 139
Checking for and removing duplicates
Writing label file ./rh.FG2.mpm.vpnl.label 860
mri_label2label: Done


 mri_label2label --srcsubject fsaverage --srclabel /out/sourcedata/freesurfer/fsaverage/label/rh.FG3.mpm.vpnl.label --trgsubject sub-v1s16x0051183_ses-1 --trglabel ./rh.FG3.mpm.vpnl.label --hemi rh --regmethod surface 


srclabel = /out/sourcedata/freesurfer/fsaverage/label/rh.FG3.mpm.vpnl.label
srcsubject = fsaverage
trgsubject = sub-v1s16x0051183_ses-1
trglabel = ./rh.FG3.mpm.vpnl.label
regmethod = surface

srchemi = rh
trghemi = rh
trgsurface = white
srcsurfreg = sphere.reg
trgsurfreg = sphere.reg
usehash = 1
Use ProjAbs  = 0, 0
Use ProjFrac = 0, 0
DoPaint 0

SUBJECTS_DIR    /out/sourcedata/freesurfer
FREESURFER_HOME /opt/freesurfer
Loading source label.
Found 1523 points in source label.
Starting surface-based mapping
Reading source registration 
 /out/sourcedata/freesurfer/fsaverage/surf/rh.sphere.reg
Rescaling ...  original radius = 100
Reading target surface 
 /out/sourcedata/freesurfer/sub-v1s16x0051183_ses-1/surf/rh.white
Reading target registration 
 /out/sourcedata/freesurfer/sub-v1s16x0051183_ses-1/surf/rh.sphere.reg
Rescaling ...  original radius = 100
Building target registration hash (res=16).
Building source registration hash (res=16).
INFO: found  1523 nlabel points
Performing mapping from target back to the source label 110111
Number of reverse mapping hits = 174
Checking for and removing duplicates
Writing label file ./rh.FG3.mpm.vpnl.label 1697
mri_label2label: Done


 mri_label2label --srcsubject fsaverage --srclabel /out/sourcedata/freesurfer/fsaverage/label/rh.FG4.mpm.vpnl.label --trgsubject sub-v1s16x0051183_ses-1 --trglabel ./rh.FG4.mpm.vpnl.label --hemi rh --regmethod surface 


srclabel = /out/sourcedata/freesurfer/fsaverage/label/rh.FG4.mpm.vpnl.label
srcsubject = fsaverage
trgsubject = sub-v1s16x0051183_ses-1
trglabel = ./rh.FG4.mpm.vpnl.label
regmethod = surface

srchemi = rh
trghemi = rh
trgsurface = white
srcsurfreg = sphere.reg
trgsurfreg = sphere.reg
usehash = 1
Use ProjAbs  = 0, 0
Use ProjFrac = 0, 0
DoPaint 0

SUBJECTS_DIR    /out/sourcedata/freesurfer
FREESURFER_HOME /opt/freesurfer
Loading source label.
Found 1586 points in source label.
Starting surface-based mapping
Reading source registration 
 /out/sourcedata/freesurfer/fsaverage/surf/rh.sphere.reg
Rescaling ...  original radius = 100
Reading target surface 
 /out/sourcedata/freesurfer/sub-v1s16x0051183_ses-1/surf/rh.white
Reading target registration 
 /out/sourcedata/freesurfer/sub-v1s16x0051183_ses-1/surf/rh.sphere.reg
Rescaling ...  original radius = 100
Building target registration hash (res=16).
Building source registration hash (res=16).
INFO: found  1586 nlabel points
Performing mapping from target back to the source label 110111
Number of reverse mapping hits = 182
Checking for and removing duplicates
Writing label file ./rh.FG4.mpm.vpnl.label 1768
mri_label2label: Done


 mri_label2label --srcsubject fsaverage --srclabel /out/sourcedata/freesurfer/fsaverage/label/rh.hOc1.mpm.vpnl.label --trgsubject sub-v1s16x0051183_ses-1 --trglabel ./rh.hOc1.mpm.vpnl.label --hemi rh --regmethod surface 


srclabel = /out/sourcedata/freesurfer/fsaverage/label/rh.hOc1.mpm.vpnl.label
srcsubject = fsaverage
trgsubject = sub-v1s16x0051183_ses-1
trglabel = ./rh.hOc1.mpm.vpnl.label
regmethod = surface

srchemi = rh
trghemi = rh
trgsurface = white
srcsurfreg = sphere.reg
trgsurfreg = sphere.reg
usehash = 1
Use ProjAbs  = 0, 0
Use ProjFrac = 0, 0
DoPaint 0

SUBJECTS_DIR    /out/sourcedata/freesurfer
FREESURFER_HOME /opt/freesurfer
Loading source label.
Found 3667 points in source label.
Starting surface-based mapping
Reading source registration 
 /out/sourcedata/freesurfer/fsaverage/surf/rh.sphere.reg
Rescaling ...  original radius = 100
Reading target surface 
 /out/sourcedata/freesurfer/sub-v1s16x0051183_ses-1/surf/rh.white
Reading target registration 
 /out/sourcedata/freesurfer/sub-v1s16x0051183_ses-1/surf/rh.sphere.reg
Rescaling ...  original radius = 100
Building target registration hash (res=16).
Building source registration hash (res=16).
INFO: found  3667 nlabel points
Performing mapping from target back to the source label 110111
Number of reverse mapping hits = 475
Checking for and removing duplicates
Writing label file ./rh.hOc1.mpm.vpnl.label 4142
mri_label2label: Done


 mri_label2label --srcsubject fsaverage --srclabel /out/sourcedata/freesurfer/fsaverage/label/rh.hOc2.mpm.vpnl.label --trgsubject sub-v1s16x0051183_ses-1 --trglabel ./rh.hOc2.mpm.vpnl.label --hemi rh --regmethod surface 


srclabel = /out/sourcedata/freesurfer/fsaverage/label/rh.hOc2.mpm.vpnl.label
srcsubject = fsaverage
trgsubject = sub-v1s16x0051183_ses-1
trglabel = ./rh.hOc2.mpm.vpnl.label
regmethod = surface

srchemi = rh
trghemi = rh
trgsurface = white
srcsurfreg = sphere.reg
trgsurfreg = sphere.reg
usehash = 1
Use ProjAbs  = 0, 0
Use ProjFrac = 0, 0
DoPaint 0

SUBJECTS_DIR    /out/sourcedata/freesurfer
FREESURFER_HOME /opt/freesurfer
Loading source label.
Found 2719 points in source label.
Starting surface-based mapping
Reading source registration 
 /out/sourcedata/freesurfer/fsaverage/surf/rh.sphere.reg
Rescaling ...  original radius = 100
Reading target surface 
 /out/sourcedata/freesurfer/sub-v1s16x0051183_ses-1/surf/rh.white
Reading target registration 
 /out/sourcedata/freesurfer/sub-v1s16x0051183_ses-1/surf/rh.sphere.reg
Rescaling ...  original radius = 100
Building target registration hash (res=16).
Building source registration hash (res=16).
INFO: found  2719 nlabel points
Performing mapping from target back to the source label 110111
Number of reverse mapping hits = 480
Checking for and removing duplicates
Writing label file ./rh.hOc2.mpm.vpnl.label 3199
mri_label2label: Done


 mri_label2label --srcsubject fsaverage --srclabel /out/sourcedata/freesurfer/fsaverage/label/rh.hOc3v.mpm.vpnl.label --trgsubject sub-v1s16x0051183_ses-1 --trglabel ./rh.hOc3v.mpm.vpnl.label --hemi rh --regmethod surface 


srclabel = /out/sourcedata/freesurfer/fsaverage/label/rh.hOc3v.mpm.vpnl.label
srcsubject = fsaverage
trgsubject = sub-v1s16x0051183_ses-1
trglabel = ./rh.hOc3v.mpm.vpnl.label
regmethod = surface

srchemi = rh
trghemi = rh
trgsurface = white
srcsurfreg = sphere.reg
trgsurfreg = sphere.reg
usehash = 1
Use ProjAbs  = 0, 0
Use ProjFrac = 0, 0
DoPaint 0

SUBJECTS_DIR    /out/sourcedata/freesurfer
FREESURFER_HOME /opt/freesurfer
Loading source label.
Found 1228 points in source label.
Starting surface-based mapping
Reading source registration 
 /out/sourcedata/freesurfer/fsaverage/surf/rh.sphere.reg
Rescaling ...  original radius = 100
Reading target surface 
 /out/sourcedata/freesurfer/sub-v1s16x0051183_ses-1/surf/rh.white
Reading target registration 
 /out/sourcedata/freesurfer/sub-v1s16x0051183_ses-1/surf/rh.sphere.reg
Rescaling ...  original radius = 100
Building target registration hash (res=16).
Building source registration hash (res=16).
INFO: found  1228 nlabel points
Performing mapping from target back to the source label 110111
Number of reverse mapping hits = 230
Checking for and removing duplicates
Writing label file ./rh.hOc3v.mpm.vpnl.label 1458
mri_label2label: Done


 mri_label2label --srcsubject fsaverage --srclabel /out/sourcedata/freesurfer/fsaverage/label/rh.hOc4v.mpm.vpnl.label --trgsubject sub-v1s16x0051183_ses-1 --trglabel ./rh.hOc4v.mpm.vpnl.label --hemi rh --regmethod surface 


srclabel = /out/sourcedata/freesurfer/fsaverage/label/rh.hOc4v.mpm.vpnl.label
srcsubject = fsaverage
trgsubject = sub-v1s16x0051183_ses-1
trglabel = ./rh.hOc4v.mpm.vpnl.label
regmethod = surface

srchemi = rh
trghemi = rh
trgsurface = white
srcsurfreg = sphere.reg
trgsurfreg = sphere.reg
usehash = 1
Use ProjAbs  = 0, 0
Use ProjFrac = 0, 0
DoPaint 0

SUBJECTS_DIR    /out/sourcedata/freesurfer
FREESURFER_HOME /opt/freesurfer
Loading source label.
Found 1025 points in source label.
Starting surface-based mapping
Reading source registration 
 /out/sourcedata/freesurfer/fsaverage/surf/rh.sphere.reg
Rescaling ...  original radius = 100
Reading target surface 
 /out/sourcedata/freesurfer/sub-v1s16x0051183_ses-1/surf/rh.white
Reading target registration 
 /out/sourcedata/freesurfer/sub-v1s16x0051183_ses-1/surf/rh.sphere.reg
Rescaling ...  original radius = 100
Building target registration hash (res=16).
Building source registration hash (res=16).
INFO: found  1025 nlabel points
Performing mapping from target back to the source label 110111
Number of reverse mapping hits = 183
Checking for and removing duplicates
Writing label file ./rh.hOc4v.mpm.vpnl.label 1208
mri_label2label: Done


 mris_label2annot --s sub-v1s16x0051183_ses-1 --ctab /opt/freesurfer/average/colortable_vpnl.txt --hemi rh --a mpm.vpnl --maxstatwinner --noverbose --l rh.FG1.mpm.vpnl.label --l rh.FG2.mpm.vpnl.label --l rh.FG3.mpm.vpnl.label --l rh.FG4.mpm.vpnl.label --l rh.hOc1.mpm.vpnl.label --l rh.hOc2.mpm.vpnl.label --l rh.hOc3v.mpm.vpnl.label --l rh.hOc4v.mpm.vpnl.label 

Reading ctab /opt/freesurfer/average/colortable_vpnl.txt
Number of ctab entries 9

7.3.2
cwd /out/sourcedata/freesurfer/sub-v1s16x0051183_ses-1/label
cmdline mris_label2annot --s sub-v1s16x0051183_ses-1 --ctab /opt/freesurfer/average/colortable_vpnl.txt --hemi rh --a mpm.vpnl --maxstatwinner --noverbose --l rh.FG1.mpm.vpnl.label --l rh.FG2.mpm.vpnl.label --l rh.FG3.mpm.vpnl.label --l rh.FG4.mpm.vpnl.label --l rh.hOc1.mpm.vpnl.label --l rh.hOc2.mpm.vpnl.label --l rh.hOc3v.mpm.vpnl.label --l rh.hOc4v.mpm.vpnl.label 
sysname  Linux
hostname dna080
machine  x86_64
user     oesteban

subject sub-v1s16x0051183_ses-1
hemi    rh
SUBJECTS_DIR /out/sourcedata/freesurfer
ColorTable /opt/freesurfer/average/colortable_vpnl.txt
AnnotName  mpm.vpnl
nlables 8
LabelThresh 0 0.000000
Loading /out/sourcedata/freesurfer/sub-v1s16x0051183_ses-1/surf/rh.orig
 1 1376057 FG1
 2 16711935 FG2
 3 16711680 FG3
 4 1705837 FG4
 5 25600 hOc1
 6 255 hOc2
 7 16776960 hOc3v
 8 65535 hOc4v
Mapping unhit to unknown
Found 97233 unhit vertices
Writing annot to /out/sourcedata/freesurfer/sub-v1s16x0051183_ses-1/label/rh.mpm.vpnl.annot

 mri_label2label --srcsubject fsaverage --srclabel /out/sourcedata/freesurfer/fsaverage/label/rh.BA1_exvivo.thresh.label --trgsubject sub-v1s16x0051183_ses-1 --trglabel ./rh.BA1_exvivo.thresh.label --hemi rh --regmethod surface 


srclabel = /out/sourcedata/freesurfer/fsaverage/label/rh.BA1_exvivo.thresh.label
srcsubject = fsaverage
trgsubject = sub-v1s16x0051183_ses-1
trglabel = ./rh.BA1_exvivo.thresh.label
regmethod = surface

srchemi = rh
trghemi = rh
trgsurface = white
srcsurfreg = sphere.reg
trgsurfreg = sphere.reg
usehash = 1
Use ProjAbs  = 0, 0
Use ProjFrac = 0, 0
DoPaint 0

SUBJECTS_DIR    /out/sourcedata/freesurfer
FREESURFER_HOME /opt/freesurfer
Loading source label.
Found 876 points in source label.
Starting surface-based mapping
Reading source registration 
 /out/sourcedata/freesurfer/fsaverage/surf/rh.sphere.reg
Rescaling ...  original radius = 100
Reading target surface 
 /out/sourcedata/freesurfer/sub-v1s16x0051183_ses-1/surf/rh.white
Reading target registration 
 /out/sourcedata/freesurfer/sub-v1s16x0051183_ses-1/surf/rh.sphere.reg
Rescaling ...  original radius = 100
Building target registration hash (res=16).
Building source registration hash (res=16).
INFO: found  876 nlabel points
Performing mapping from target back to the source label 110111
Number of reverse mapping hits = 37
Checking for and removing duplicates
Writing label file ./rh.BA1_exvivo.thresh.label 913
mri_label2label: Done


 mri_label2label --srcsubject fsaverage --srclabel /out/sourcedata/freesurfer/fsaverage/label/rh.BA2_exvivo.thresh.label --trgsubject sub-v1s16x0051183_ses-1 --trglabel ./rh.BA2_exvivo.thresh.label --hemi rh --regmethod surface 


srclabel = /out/sourcedata/freesurfer/fsaverage/label/rh.BA2_exvivo.thresh.label
srcsubject = fsaverage
trgsubject = sub-v1s16x0051183_ses-1
trglabel = ./rh.BA2_exvivo.thresh.label
regmethod = surface

srchemi = rh
trghemi = rh
trgsurface = white
srcsurfreg = sphere.reg
trgsurfreg = sphere.reg
usehash = 1
Use ProjAbs  = 0, 0
Use ProjFrac = 0, 0
DoPaint 0

SUBJECTS_DIR    /out/sourcedata/freesurfer
FREESURFER_HOME /opt/freesurfer
Loading source label.
Found 2688 points in source label.
Starting surface-based mapping
Reading source registration 
 /out/sourcedata/freesurfer/fsaverage/surf/rh.sphere.reg
Rescaling ...  original radius = 100
Reading target surface 
 /out/sourcedata/freesurfer/sub-v1s16x0051183_ses-1/surf/rh.white
Reading target registration 
 /out/sourcedata/freesurfer/sub-v1s16x0051183_ses-1/surf/rh.sphere.reg
Rescaling ...  original radius = 100
Building target registration hash (res=16).
Building source registration hash (res=16).
INFO: found  2688 nlabel points
Performing mapping from target back to the source label 110111
Number of reverse mapping hits = 22
Checking for and removing duplicates
Writing label file ./rh.BA2_exvivo.thresh.label 2710
mri_label2label: Done


 mri_label2label --srcsubject fsaverage --srclabel /out/sourcedata/freesurfer/fsaverage/label/rh.BA3a_exvivo.thresh.label --trgsubject sub-v1s16x0051183_ses-1 --trglabel ./rh.BA3a_exvivo.thresh.label --hemi rh --regmethod surface 


srclabel = /out/sourcedata/freesurfer/fsaverage/label/rh.BA3a_exvivo.thresh.label
srcsubject = fsaverage
trgsubject = sub-v1s16x0051183_ses-1
trglabel = ./rh.BA3a_exvivo.thresh.label
regmethod = surface

srchemi = rh
trghemi = rh
trgsurface = white
srcsurfreg = sphere.reg
trgsurfreg = sphere.reg
usehash = 1
Use ProjAbs  = 0, 0
Use ProjFrac = 0, 0
DoPaint 0

SUBJECTS_DIR    /out/sourcedata/freesurfer
FREESURFER_HOME /opt/freesurfer
Loading source label.
Found 1698 points in source label.
Starting surface-based mapping
Reading source registration 
 /out/sourcedata/freesurfer/fsaverage/surf/rh.sphere.reg
Rescaling ...  original radius = 100
Reading target surface 
 /out/sourcedata/freesurfer/sub-v1s16x0051183_ses-1/surf/rh.white
Reading target registration 
 /out/sourcedata/freesurfer/sub-v1s16x0051183_ses-1/surf/rh.sphere.reg
Rescaling ...  original radius = 100
Building target registration hash (res=16).
Building source registration hash (res=16).
INFO: found  1698 nlabel points
Performing mapping from target back to the source label 110111
Number of reverse mapping hits = 7
Checking for and removing duplicates
Writing label file ./rh.BA3a_exvivo.thresh.label 1705
mri_label2label: Done


 mri_label2label --srcsubject fsaverage --srclabel /out/sourcedata/freesurfer/fsaverage/label/rh.BA3b_exvivo.thresh.label --trgsubject sub-v1s16x0051183_ses-1 --trglabel ./rh.BA3b_exvivo.thresh.label --hemi rh --regmethod surface 


srclabel = /out/sourcedata/freesurfer/fsaverage/label/rh.BA3b_exvivo.thresh.label
srcsubject = fsaverage
trgsubject = sub-v1s16x0051183_ses-1
trglabel = ./rh.BA3b_exvivo.thresh.label
regmethod = surface

srchemi = rh
trghemi = rh
trgsurface = white
srcsurfreg = sphere.reg
trgsurfreg = sphere.reg
usehash = 1
Use ProjAbs  = 0, 0
Use ProjFrac = 0, 0
DoPaint 0

SUBJECTS_DIR    /out/sourcedata/freesurfer
FREESURFER_HOME /opt/freesurfer
Loading source label.
Found 2183 points in source label.
Starting surface-based mapping
Reading source registration 
 /out/sourcedata/freesurfer/fsaverage/surf/rh.sphere.reg
Rescaling ...  original radius = 100
Reading target surface 
 /out/sourcedata/freesurfer/sub-v1s16x0051183_ses-1/surf/rh.white
Reading target registration 
 /out/sourcedata/freesurfer/sub-v1s16x0051183_ses-1/surf/rh.sphere.reg
Rescaling ...  original radius = 100
Building target registration hash (res=16).
Building source registration hash (res=16).
INFO: found  2183 nlabel points
Performing mapping from target back to the source label 110111
Number of reverse mapping hits = 27
Checking for and removing duplicates
Writing label file ./rh.BA3b_exvivo.thresh.label 2210
mri_label2label: Done


 mri_label2label --srcsubject fsaverage --srclabel /out/sourcedata/freesurfer/fsaverage/label/rh.BA4a_exvivo.thresh.label --trgsubject sub-v1s16x0051183_ses-1 --trglabel ./rh.BA4a_exvivo.thresh.label --hemi rh --regmethod surface 


srclabel = /out/sourcedata/freesurfer/fsaverage/label/rh.BA4a_exvivo.thresh.label
srcsubject = fsaverage
trgsubject = sub-v1s16x0051183_ses-1
trglabel = ./rh.BA4a_exvivo.thresh.label
regmethod = surface

srchemi = rh
trghemi = rh
trgsurface = white
srcsurfreg = sphere.reg
trgsurfreg = sphere.reg
usehash = 1
Use ProjAbs  = 0, 0
Use ProjFrac = 0, 0
DoPaint 0

SUBJECTS_DIR    /out/sourcedata/freesurfer
FREESURFER_HOME /opt/freesurfer
Loading source label.
Found 1388 points in source label.
Starting surface-based mapping
Reading source registration 
 /out/sourcedata/freesurfer/fsaverage/surf/rh.sphere.reg
Rescaling ...  original radius = 100
Reading target surface 
 /out/sourcedata/freesurfer/sub-v1s16x0051183_ses-1/surf/rh.white
Reading target registration 
 /out/sourcedata/freesurfer/sub-v1s16x0051183_ses-1/surf/rh.sphere.reg
Rescaling ...  original radius = 100
Building target registration hash (res=16).
Building source registration hash (res=16).
INFO: found  1388 nlabel points
Performing mapping from target back to the source label 110111
Number of reverse mapping hits = 22
Checking for and removing duplicates
Writing label file ./rh.BA4a_exvivo.thresh.label 1410
mri_label2label: Done


 mri_label2label --srcsubject fsaverage --srclabel /out/sourcedata/freesurfer/fsaverage/label/rh.BA4p_exvivo.thresh.label --trgsubject sub-v1s16x0051183_ses-1 --trglabel ./rh.BA4p_exvivo.thresh.label --hemi rh --regmethod surface 


srclabel = /out/sourcedata/freesurfer/fsaverage/label/rh.BA4p_exvivo.thresh.label
srcsubject = fsaverage
trgsubject = sub-v1s16x0051183_ses-1
trglabel = ./rh.BA4p_exvivo.thresh.label
regmethod = surface

srchemi = rh
trghemi = rh
trgsurface = white
srcsurfreg = sphere.reg
trgsurfreg = sphere.reg
usehash = 1
Use ProjAbs  = 0, 0
Use ProjFrac = 0, 0
DoPaint 0

SUBJECTS_DIR    /out/sourcedata/freesurfer
FREESURFER_HOME /opt/freesurfer
Loading source label.
Found 1489 points in source label.
Starting surface-based mapping
Reading source registration 
 /out/sourcedata/freesurfer/fsaverage/surf/rh.sphere.reg
Rescaling ...  original radius = 100
Reading target surface 
 /out/sourcedata/freesurfer/sub-v1s16x0051183_ses-1/surf/rh.white
Reading target registration 
 /out/sourcedata/freesurfer/sub-v1s16x0051183_ses-1/surf/rh.sphere.reg
Rescaling ...  original radius = 100
Building target registration hash (res=16).
Building source registration hash (res=16).
INFO: found  1489 nlabel points
Performing mapping from target back to the source label 110111
Number of reverse mapping hits = 4
Checking for and removing duplicates
Writing label file ./rh.BA4p_exvivo.thresh.label 1493
mri_label2label: Done


 mri_label2label --srcsubject fsaverage --srclabel /out/sourcedata/freesurfer/fsaverage/label/rh.BA6_exvivo.thresh.label --trgsubject sub-v1s16x0051183_ses-1 --trglabel ./rh.BA6_exvivo.thresh.label --hemi rh --regmethod surface 


srclabel = /out/sourcedata/freesurfer/fsaverage/label/rh.BA6_exvivo.thresh.label
srcsubject = fsaverage
trgsubject = sub-v1s16x0051183_ses-1
trglabel = ./rh.BA6_exvivo.thresh.label
regmethod = surface

srchemi = rh
trghemi = rh
trgsurface = white
srcsurfreg = sphere.reg
trgsurfreg = sphere.reg
usehash = 1
Use ProjAbs  = 0, 0
Use ProjFrac = 0, 0
DoPaint 0

SUBJECTS_DIR    /out/sourcedata/freesurfer
FREESURFER_HOME /opt/freesurfer
Loading source label.
Found 6959 points in source label.
Starting surface-based mapping
Reading source registration 
 /out/sourcedata/freesurfer/fsaverage/surf/rh.sphere.reg
Rescaling ...  original radius = 100
Reading target surface 
 /out/sourcedata/freesurfer/sub-v1s16x0051183_ses-1/surf/rh.white
Reading target registration 
 /out/sourcedata/freesurfer/sub-v1s16x0051183_ses-1/surf/rh.sphere.reg
Rescaling ...  original radius = 100
Building target registration hash (res=16).
Building source registration hash (res=16).
INFO: found  6959 nlabel points
Performing mapping from target back to the source label 110111
Number of reverse mapping hits = 77
Checking for and removing duplicates
Writing label file ./rh.BA6_exvivo.thresh.label 7036
mri_label2label: Done


 mri_label2label --srcsubject fsaverage --srclabel /out/sourcedata/freesurfer/fsaverage/label/rh.BA44_exvivo.thresh.label --trgsubject sub-v1s16x0051183_ses-1 --trglabel ./rh.BA44_exvivo.thresh.label --hemi rh --regmethod surface 


srclabel = /out/sourcedata/freesurfer/fsaverage/label/rh.BA44_exvivo.thresh.label
srcsubject = fsaverage
trgsubject = sub-v1s16x0051183_ses-1
trglabel = ./rh.BA44_exvivo.thresh.label
regmethod = surface

srchemi = rh
trghemi = rh
trgsurface = white
srcsurfreg = sphere.reg
trgsurfreg = sphere.reg
usehash = 1
Use ProjAbs  = 0, 0
Use ProjFrac = 0, 0
DoPaint 0

SUBJECTS_DIR    /out/sourcedata/freesurfer
FREESURFER_HOME /opt/freesurfer
Loading source label.
Found 1012 points in source label.
Starting surface-based mapping
Reading source registration 
 /out/sourcedata/freesurfer/fsaverage/surf/rh.sphere.reg
Rescaling ...  original radius = 100
Reading target surface 
 /out/sourcedata/freesurfer/sub-v1s16x0051183_ses-1/surf/rh.white
Reading target registration 
 /out/sourcedata/freesurfer/sub-v1s16x0051183_ses-1/surf/rh.sphere.reg
Rescaling ...  original radius = 100
Building target registration hash (res=16).
Building source registration hash (res=16).
INFO: found  1012 nlabel points
Performing mapping from target back to the source label 110111
Number of reverse mapping hits = 48
Checking for and removing duplicates
Writing label file ./rh.BA44_exvivo.thresh.label 1060
mri_label2label: Done


 mri_label2label --srcsubject fsaverage --srclabel /out/sourcedata/freesurfer/fsaverage/label/rh.BA45_exvivo.thresh.label --trgsubject sub-v1s16x0051183_ses-1 --trglabel ./rh.BA45_exvivo.thresh.label --hemi rh --regmethod surface 


srclabel = /out/sourcedata/freesurfer/fsaverage/label/rh.BA45_exvivo.thresh.label
srcsubject = fsaverage
trgsubject = sub-v1s16x0051183_ses-1
trglabel = ./rh.BA45_exvivo.thresh.label
regmethod = surface

srchemi = rh
trghemi = rh
trgsurface = white
srcsurfreg = sphere.reg
trgsurfreg = sphere.reg
usehash = 1
Use ProjAbs  = 0, 0
Use ProjFrac = 0, 0
DoPaint 0

SUBJECTS_DIR    /out/sourcedata/freesurfer
FREESURFER_HOME /opt/freesurfer
Loading source label.
Found 1178 points in source label.
Starting surface-based mapping
Reading source registration 
 /out/sourcedata/freesurfer/fsaverage/surf/rh.sphere.reg
Rescaling ...  original radius = 100
Reading target surface 
 /out/sourcedata/freesurfer/sub-v1s16x0051183_ses-1/surf/rh.white
Reading target registration 
 /out/sourcedata/freesurfer/sub-v1s16x0051183_ses-1/surf/rh.sphere.reg
Rescaling ...  original radius = 100
Building target registration hash (res=16).
Building source registration hash (res=16).
INFO: found  1178 nlabel points
Performing mapping from target back to the source label 110111
Number of reverse mapping hits = 25
Checking for and removing duplicates
Writing label file ./rh.BA45_exvivo.thresh.label 1203
mri_label2label: Done


 mri_label2label --srcsubject fsaverage --srclabel /out/sourcedata/freesurfer/fsaverage/label/rh.V1_exvivo.thresh.label --trgsubject sub-v1s16x0051183_ses-1 --trglabel ./rh.V1_exvivo.thresh.label --hemi rh --regmethod surface 


srclabel = /out/sourcedata/freesurfer/fsaverage/label/rh.V1_exvivo.thresh.label
srcsubject = fsaverage
trgsubject = sub-v1s16x0051183_ses-1
trglabel = ./rh.V1_exvivo.thresh.label
regmethod = surface

srchemi = rh
trghemi = rh
trgsurface = white
srcsurfreg = sphere.reg
trgsurfreg = sphere.reg
usehash = 1
Use ProjAbs  = 0, 0
Use ProjFrac = 0, 0
DoPaint 0

SUBJECTS_DIR    /out/sourcedata/freesurfer
FREESURFER_HOME /opt/freesurfer
Loading source label.
Found 3232 points in source label.
Starting surface-based mapping
Reading source registration 
 /out/sourcedata/freesurfer/fsaverage/surf/rh.sphere.reg
Rescaling ...  original radius = 100
Reading target surface 
 /out/sourcedata/freesurfer/sub-v1s16x0051183_ses-1/surf/rh.white
Reading target registration 
 /out/sourcedata/freesurfer/sub-v1s16x0051183_ses-1/surf/rh.sphere.reg
Rescaling ...  original radius = 100
Building target registration hash (res=16).
Building source registration hash (res=16).
INFO: found  3232 nlabel points
Performing mapping from target back to the source label 110111
Number of reverse mapping hits = 421
Checking for and removing duplicates
Writing label file ./rh.V1_exvivo.thresh.label 3653
mri_label2label: Done


 mri_label2label --srcsubject fsaverage --srclabel /out/sourcedata/freesurfer/fsaverage/label/rh.V2_exvivo.thresh.label --trgsubject sub-v1s16x0051183_ses-1 --trglabel ./rh.V2_exvivo.thresh.label --hemi rh --regmethod surface 


srclabel = /out/sourcedata/freesurfer/fsaverage/label/rh.V2_exvivo.thresh.label
srcsubject = fsaverage
trgsubject = sub-v1s16x0051183_ses-1
trglabel = ./rh.V2_exvivo.thresh.label
regmethod = surface

srchemi = rh
trghemi = rh
trgsurface = white
srcsurfreg = sphere.reg
trgsurfreg = sphere.reg
usehash = 1
Use ProjAbs  = 0, 0
Use ProjFrac = 0, 0
DoPaint 0

SUBJECTS_DIR    /out/sourcedata/freesurfer
FREESURFER_HOME /opt/freesurfer
Loading source label.
Found 3437 points in source label.
Starting surface-based mapping
Reading source registration 
 /out/sourcedata/freesurfer/fsaverage/surf/rh.sphere.reg
Rescaling ...  original radius = 100
Reading target surface 
 /out/sourcedata/freesurfer/sub-v1s16x0051183_ses-1/surf/rh.white
Reading target registration 
 /out/sourcedata/freesurfer/sub-v1s16x0051183_ses-1/surf/rh.sphere.reg
Rescaling ...  original radius = 100
Building target registration hash (res=16).
Building source registration hash (res=16).
INFO: found  3437 nlabel points
Performing mapping from target back to the source label 110111
Number of reverse mapping hits = 599
Checking for and removing duplicates
Writing label file ./rh.V2_exvivo.thresh.label 4036
mri_label2label: Done


 mri_label2label --srcsubject fsaverage --srclabel /out/sourcedata/freesurfer/fsaverage/label/rh.MT_exvivo.thresh.label --trgsubject sub-v1s16x0051183_ses-1 --trglabel ./rh.MT_exvivo.thresh.label --hemi rh --regmethod surface 


srclabel = /out/sourcedata/freesurfer/fsaverage/label/rh.MT_exvivo.thresh.label
srcsubject = fsaverage
trgsubject = sub-v1s16x0051183_ses-1
trglabel = ./rh.MT_exvivo.thresh.label
regmethod = surface

srchemi = rh
trghemi = rh
trgsurface = white
srcsurfreg = sphere.reg
trgsurfreg = sphere.reg
usehash = 1
Use ProjAbs  = 0, 0
Use ProjFrac = 0, 0
DoPaint 0

SUBJECTS_DIR    /out/sourcedata/freesurfer
FREESURFER_HOME /opt/freesurfer
Loading source label.
Found 268 points in source label.
Starting surface-based mapping
Reading source registration 
 /out/sourcedata/freesurfer/fsaverage/surf/rh.sphere.reg
Rescaling ...  original radius = 100
Reading target surface 
 /out/sourcedata/freesurfer/sub-v1s16x0051183_ses-1/surf/rh.white
Reading target registration 
 /out/sourcedata/freesurfer/sub-v1s16x0051183_ses-1/surf/rh.sphere.reg
Rescaling ...  original radius = 100
Building target registration hash (res=16).
Building source registration hash (res=16).
INFO: found  268 nlabel points
Performing mapping from target back to the source label 110111
Number of reverse mapping hits = 39
Checking for and removing duplicates
Writing label file ./rh.MT_exvivo.thresh.label 307
mri_label2label: Done


 mri_label2label --srcsubject fsaverage --srclabel /out/sourcedata/freesurfer/fsaverage/label/rh.entorhinal_exvivo.thresh.label --trgsubject sub-v1s16x0051183_ses-1 --trglabel ./rh.entorhinal_exvivo.thresh.label --hemi rh --regmethod surface 


srclabel = /out/sourcedata/freesurfer/fsaverage/label/rh.entorhinal_exvivo.thresh.label
srcsubject = fsaverage
trgsubject = sub-v1s16x0051183_ses-1
trglabel = ./rh.entorhinal_exvivo.thresh.label
regmethod = surface

srchemi = rh
trghemi = rh
trgsurface = white
srcsurfreg = sphere.reg
trgsurfreg = sphere.reg
usehash = 1
Use ProjAbs  = 0, 0
Use ProjFrac = 0, 0
DoPaint 0

SUBJECTS_DIR    /out/sourcedata/freesurfer
FREESURFER_HOME /opt/freesurfer
Loading source label.
Found 694 points in source label.
Starting surface-based mapping
Reading source registration 
 /out/sourcedata/freesurfer/fsaverage/surf/rh.sphere.reg
Rescaling ...  original radius = 100
Reading target surface 
 /out/sourcedata/freesurfer/sub-v1s16x0051183_ses-1/surf/rh.white
Reading target registration 
 /out/sourcedata/freesurfer/sub-v1s16x0051183_ses-1/surf/rh.sphere.reg
Rescaling ...  original radius = 100
Building target registration hash (res=16).
Building source registration hash (res=16).
INFO: found  694 nlabel points
Performing mapping from target back to the source label 110111
Number of reverse mapping hits = 6
Checking for and removing duplicates
Writing label file ./rh.entorhinal_exvivo.thresh.label 700
mri_label2label: Done


 mri_label2label --srcsubject fsaverage --srclabel /out/sourcedata/freesurfer/fsaverage/label/rh.perirhinal_exvivo.thresh.label --trgsubject sub-v1s16x0051183_ses-1 --trglabel ./rh.perirhinal_exvivo.thresh.label --hemi rh --regmethod surface 


srclabel = /out/sourcedata/freesurfer/fsaverage/label/rh.perirhinal_exvivo.thresh.label
srcsubject = fsaverage
trgsubject = sub-v1s16x0051183_ses-1
trglabel = ./rh.perirhinal_exvivo.thresh.label
regmethod = surface

srchemi = rh
trghemi = rh
trgsurface = white
srcsurfreg = sphere.reg
trgsurfreg = sphere.reg
usehash = 1
Use ProjAbs  = 0, 0
Use ProjFrac = 0, 0
DoPaint 0

SUBJECTS_DIR    /out/sourcedata/freesurfer
FREESURFER_HOME /opt/freesurfer
Loading source label.
Found 291 points in source label.
Starting surface-based mapping
Reading source registration 
 /out/sourcedata/freesurfer/fsaverage/surf/rh.sphere.reg
Rescaling ...  original radius = 100
Reading target surface 
 /out/sourcedata/freesurfer/sub-v1s16x0051183_ses-1/surf/rh.white
Reading target registration 
 /out/sourcedata/freesurfer/sub-v1s16x0051183_ses-1/surf/rh.sphere.reg
Rescaling ...  original radius = 100
Building target registration hash (res=16).
Building source registration hash (res=16).
INFO: found  291 nlabel points
Performing mapping from target back to the source label 110111
Number of reverse mapping hits = 0
Checking for and removing duplicates
Writing label file ./rh.perirhinal_exvivo.thresh.label 291
mri_label2label: Done


 mris_label2annot --s sub-v1s16x0051183_ses-1 --hemi rh --ctab /opt/freesurfer/average/colortable_BA.txt --l rh.BA1_exvivo.label --l rh.BA2_exvivo.label --l rh.BA3a_exvivo.label --l rh.BA3b_exvivo.label --l rh.BA4a_exvivo.label --l rh.BA4p_exvivo.label --l rh.BA6_exvivo.label --l rh.BA44_exvivo.label --l rh.BA45_exvivo.label --l rh.V1_exvivo.label --l rh.V2_exvivo.label --l rh.MT_exvivo.label --l rh.perirhinal_exvivo.label --l rh.entorhinal_exvivo.label --a BA_exvivo --maxstatwinner --noverbose 

Reading ctab /opt/freesurfer/average/colortable_BA.txt
Number of ctab entries 15

7.3.2
cwd /out/sourcedata/freesurfer/sub-v1s16x0051183_ses-1/label
cmdline mris_label2annot --s sub-v1s16x0051183_ses-1 --hemi rh --ctab /opt/freesurfer/average/colortable_BA.txt --l rh.BA1_exvivo.label --l rh.BA2_exvivo.label --l rh.BA3a_exvivo.label --l rh.BA3b_exvivo.label --l rh.BA4a_exvivo.label --l rh.BA4p_exvivo.label --l rh.BA6_exvivo.label --l rh.BA44_exvivo.label --l rh.BA45_exvivo.label --l rh.V1_exvivo.label --l rh.V2_exvivo.label --l rh.MT_exvivo.label --l rh.perirhinal_exvivo.label --l rh.entorhinal_exvivo.label --a BA_exvivo --maxstatwinner --noverbose 
sysname  Linux
hostname dna080
machine  x86_64
user     oesteban

subject sub-v1s16x0051183_ses-1
hemi    rh
SUBJECTS_DIR /out/sourcedata/freesurfer
ColorTable /opt/freesurfer/average/colortable_BA.txt
AnnotName  BA_exvivo
nlables 14
LabelThresh 0 0.000000
Loading /out/sourcedata/freesurfer/sub-v1s16x0051183_ses-1/surf/rh.orig
 1 1530880 BA1_exvivo
 2 16749699 BA2_exvivo
 3 16711680 BA3a_exvivo
 4 3368703 BA3b_exvivo
 5 1376196 BA4a_exvivo
 6 13382655 BA4p_exvivo
 7 10036737 BA6_exvivo
 8 2490521 BA44_exvivo
 9 39283 BA45_exvivo
10 3993 V1_exvivo
11 8508928 V2_exvivo
12 10027163 MT_exvivo
13 16422433 perirhinal_exvivo
14 16392598 entorhinal_exvivo
Mapping unhit to unknown
Found 77297 unhit vertices
Writing annot to /out/sourcedata/freesurfer/sub-v1s16x0051183_ses-1/label/rh.BA_exvivo.annot

 mris_label2annot --s sub-v1s16x0051183_ses-1 --hemi rh --ctab /opt/freesurfer/average/colortable_BA.txt --l rh.BA1_exvivo.thresh.label --l rh.BA2_exvivo.thresh.label --l rh.BA3a_exvivo.thresh.label --l rh.BA3b_exvivo.thresh.label --l rh.BA4a_exvivo.thresh.label --l rh.BA4p_exvivo.thresh.label --l rh.BA6_exvivo.thresh.label --l rh.BA44_exvivo.thresh.label --l rh.BA45_exvivo.thresh.label --l rh.V1_exvivo.thresh.label --l rh.V2_exvivo.thresh.label --l rh.MT_exvivo.thresh.label --l rh.perirhinal_exvivo.thresh.label --l rh.entorhinal_exvivo.thresh.label --a BA_exvivo.thresh --maxstatwinner --noverbose 

Reading ctab /opt/freesurfer/average/colortable_BA.txt
Number of ctab entries 15

7.3.2
cwd /out/sourcedata/freesurfer/sub-v1s16x0051183_ses-1/label
cmdline mris_label2annot --s sub-v1s16x0051183_ses-1 --hemi rh --ctab /opt/freesurfer/average/colortable_BA.txt --l rh.BA1_exvivo.thresh.label --l rh.BA2_exvivo.thresh.label --l rh.BA3a_exvivo.thresh.label --l rh.BA3b_exvivo.thresh.label --l rh.BA4a_exvivo.thresh.label --l rh.BA4p_exvivo.thresh.label --l rh.BA6_exvivo.thresh.label --l rh.BA44_exvivo.thresh.label --l rh.BA45_exvivo.thresh.label --l rh.V1_exvivo.thresh.label --l rh.V2_exvivo.thresh.label --l rh.MT_exvivo.thresh.label --l rh.perirhinal_exvivo.thresh.label --l rh.entorhinal_exvivo.thresh.label --a BA_exvivo.thresh --maxstatwinner --noverbose 
sysname  Linux
hostname dna080
machine  x86_64
user     oesteban

subject sub-v1s16x0051183_ses-1
hemi    rh
SUBJECTS_DIR /out/sourcedata/freesurfer
ColorTable /opt/freesurfer/average/colortable_BA.txt
AnnotName  BA_exvivo.thresh
nlables 14
LabelThresh 0 0.000000
Loading /out/sourcedata/freesurfer/sub-v1s16x0051183_ses-1/surf/rh.orig
 1 1530880 BA1_exvivo
 2 16749699 BA2_exvivo
 3 16711680 BA3a_exvivo
 4 3368703 BA3b_exvivo
 5 1376196 BA4a_exvivo
 6 13382655 BA4p_exvivo
 7 10036737 BA6_exvivo
 8 2490521 BA44_exvivo
 9 39283 BA45_exvivo
10 3993 V1_exvivo
11 8508928 V2_exvivo
12 10027163 MT_exvivo
13 16422433 perirhinal_exvivo
14 16392598 entorhinal_exvivo
Mapping unhit to unknown
Found 91426 unhit vertices
Writing annot to /out/sourcedata/freesurfer/sub-v1s16x0051183_ses-1/label/rh.BA_exvivo.thresh.annot

 mris_anatomical_stats -th3 -mgz -noglobal -f ../stats/rh.BA_exvivo.stats -b -a ./rh.BA_exvivo.annot -c ./BA_exvivo.ctab sub-v1s16x0051183_ses-1 rh white 

computing statistics for each annotation in ./rh.BA_exvivo.annot.
reading volume /out/sourcedata/freesurfer/sub-v1s16x0051183_ses-1/mri/wm.mgz...
reading input surface /out/sourcedata/freesurfer/sub-v1s16x0051183_ses-1/surf/rh.white...
reading input pial surface /out/sourcedata/freesurfer/sub-v1s16x0051183_ses-1/surf/rh.pial...
reading input white surface /out/sourcedata/freesurfer/sub-v1s16x0051183_ses-1/surf/rh.white...
INFO: using TH3 volume calc
INFO: assuming MGZ format for volumes.
INFO: not computing global stats
Using TH3 vertex volume calc
Total face volume 225064
Total vertex volume 224859 (mask=0)
Saving annotation colortable ./BA_exvivo.ctab

table columns are:
    number of vertices
    total surface area (mm^2)
    total gray matter volume (mm^3)
    average cortical thickness +- standard deviation (mm)
    integrated rectified mean curvature
    integrated rectified Gaussian curvature
    folding index
    intrinsic curvature index
    structure name

  968    646   1547  1.881 0.742     0.159     0.048       21     1.9  BA1_exvivo
 2522   1754   3509  2.058 0.597     0.110     0.024       22     2.5  BA2_exvivo
  936    620    881  1.790 0.435     0.128     0.026        9     1.0  BA3a_exvivo
 1636   1128   2265  1.678 0.645     0.101     0.023       14     1.6  BA3b_exvivo
 1250    833   2425  2.454 0.577     0.115     0.033       11     1.6  BA4a_exvivo
  976    649   1466  2.249 0.445     0.094     0.021        4     0.8  BA4p_exvivo
 6314   4677  17138  3.032 0.732     0.129     0.034       67     8.7  BA6_exvivo
 2955   2182   7265  2.821 0.680     0.113     0.024       31     3.1  BA44_exvivo
 2819   2121   7135  2.647 0.751     0.130     0.032       35     3.8  BA45_exvivo
 3239   2487   5203  1.829 0.700     0.146     0.040       42     5.7  V1_exvivo
 6594   5053  13666  2.299 0.717     0.153     0.039       89    11.0  V2_exvivo
 1825   1267   3195  2.296 0.740     0.113     0.025       22     1.6  MT_exvivo
  306    215    869  3.177 0.742     0.098     0.023        2     0.3  perirhinal_exvivo
  474    364   1560  2.888 1.023     0.132     0.047        5     0.9  entorhinal_exvivo

 mris_anatomical_stats -th3 -mgz -f ../stats/rh.BA_exvivo.thresh.stats -noglobal -b -a ./rh.BA_exvivo.thresh.annot -c ./BA_exvivo.thresh.ctab sub-v1s16x0051183_ses-1 rh white 

computing statistics for each annotation in ./rh.BA_exvivo.thresh.annot.
reading volume /out/sourcedata/freesurfer/sub-v1s16x0051183_ses-1/mri/wm.mgz...
reading input surface /out/sourcedata/freesurfer/sub-v1s16x0051183_ses-1/surf/rh.white...
reading input pial surface /out/sourcedata/freesurfer/sub-v1s16x0051183_ses-1/surf/rh.pial...
reading input white surface /out/sourcedata/freesurfer/sub-v1s16x0051183_ses-1/surf/rh.white...
INFO: using TH3 volume calc
INFO: assuming MGZ format for volumes.
INFO: not computing global stats
Using TH3 vertex volume calc
Total face volume 225064
Total vertex volume 224859 (mask=0)
Saving annotation colortable ./BA_exvivo.thresh.ctab

table columns are:
    number of vertices
    total surface area (mm^2)
    total gray matter volume (mm^3)
    average cortical thickness +- standard deviation (mm)
    integrated rectified mean curvature
    integrated rectified Gaussian curvature
    folding index
    intrinsic curvature index
    structure name

  568    395    780  1.605 0.608     0.146     0.040       11     1.0  BA1_exvivo
 1473   1020   1988  1.870 0.548     0.097     0.022       11     1.4  BA2_exvivo
  809    541    691  1.782 0.409     0.140     0.028        7     1.0  BA3a_exvivo
 1211    831   1334  1.517 0.428     0.076     0.011        5     0.5  BA3b_exvivo
  812    543   1698  2.459 0.635     0.134     0.041        9     1.3  BA4a_exvivo
  797    539   1145  2.204 0.453     0.089     0.020        3     0.6  BA4p_exvivo
 4178   3078  10937  2.953 0.720     0.126     0.032       43     5.5  BA6_exvivo
  799    628   2423  3.039 0.576     0.131     0.033       11     1.2  BA44_exvivo
  734    549   2437  2.942 0.798     0.120     0.030       10     0.7  BA45_exvivo
 3068   2336   4745  1.820 0.682     0.143     0.038       38     5.2  V1_exvivo
 3489   2818   7406  2.181 0.717     0.164     0.043       54     6.3  V2_exvivo
  270    202    533  2.221 0.593     0.107     0.019        3     0.1  MT_exvivo
   27     19     75  3.233 0.545     0.041     0.008        0     0.0  perirhinal_exvivo
  450    334   1465  3.102 0.858     0.119     0.035        3     0.7  entorhinal_exvivo

Started at Mon Mar 9 04:25:07 CET 2026 
Ended   at Mon Mar 9 04:27:25 CET 2026
#@#%# recon-all-run-time-hours 0.038
recon-all -s sub-v1s16x0051183_ses-1 finished without error at Mon Mar  9 04:27:25 CET 2026
