#!ascii label  , from subject sub-v1s16x0051172_ses-1 vox2ras=TkReg
3858
61264  26.845  1.238  75.731 0.0000000000
80013  11.555  25.556  72.510 0.0000000000
70616  16.196  12.310  75.325 0.0000000000
64932  9.643  4.310  80.661 0.0000000000
58448  35.913  -2.536  76.149 0.0000000000
68880  12.374  9.803  69.830 0.0000000000
71795  48.453  12.684  59.413 0.0000000000
73483  61.842  15.485  46.238 0.0000000000
64967  18.130  4.385  74.190 0.0000000000
62265  22.192  2.113  66.805 0.0000000000
58435  19.368  -2.499  77.158 0.0000000000
63069  16.626  2.646  81.915 0.0000000000
55355  28.243  -5.290  74.074 0.0000000000
60421  29.805  -0.299  65.824 0.0000000000
82637  11.992  29.963  68.748 0.0000000000
87486  13.615  39.159  68.551 0.0000000000
113064  7.700  14.715  76.266 0.0000000000
65775  5.705  5.354  73.935 0.0000000000
76115  6.285  18.798  70.102 0.0000000000
123287  12.964  20.747  66.277 0.0000000000
65813  40.603  5.250  67.424 0.0000000000
104002  40.126  12.565  66.542 0.0000000000
68152  45.224  9.146  63.921 0.0000000000
61191  8.176  0.552  82.448 0.0000000000
68025  13.230  8.373  78.990 0.0000000000
62211  36.976  1.250  69.949 0.0000000000
64143  34.601  3.748  69.509 0.0000000000
74074  57.571  15.567  55.533 0.0000000000
63126  21.863  2.677  74.394 0.0000000000
64137  19.515  3.364  70.464 0.0000000000
61293  24.247  1.084  70.647 0.0000000000
106038  24.351  0.282  77.293 0.0000000000
64069  22.461  3.247  79.660 0.0000000000
123672  26.880  -2.197  79.567 0.0000000000
58401  21.984  -3.152  79.823 0.0000000000
57428  25.736  -3.439  74.942 0.0000000000
55298  27.265  -5.374  77.887 0.0000000000
58526  25.239  -2.714  69.998 0.0000000000
118283  9.758  29.556  72.716 0.0000000000
85030  9.086  34.560  69.750 0.0000000000
107075  13.100  31.337  69.895 0.0000000000
76677  10.448  19.627  74.892 0.0000000000
75431  5.586  17.210  73.191 0.0000000000
78422  7.872  22.809  71.858 0.0000000000
79018  9.440  24.275  70.387 0.0000000000
105728  42.715  1.998  67.252 0.0000000000
66577  45.645  6.461  66.714 0.0000000000
57373  7.806  -2.862  80.781 0.0000000000
66519  14.534  6.800  77.721 0.0000000000
66501  14.633  5.523  80.671 0.0000000000
70588  15.587  11.543  79.112 0.0000000000
111462  13.161  14.002  77.360 0.0000000000
60358  37.407  -0.745  74.300 0.0000000000
59483  32.677  -1.682  71.458 0.0000000000
62245  32.098  1.551  68.168 0.0000000000
61274  35.324  1.587  73.732 0.0000000000
64109  38.489  3.636  73.892 0.0000000000
68068  9.289  8.507  72.380 0.0000000000
63142  9.799  2.830  73.177 0.0000000000
64994  10.154  4.604  70.063 0.0000000000
69731  12.726  10.494  66.410 0.0000000000
74946  63.923  16.564  42.060 0.0000000000
67274  14.711  7.967  73.906 0.0000000000
70651  17.201  11.648  70.778 0.0000000000
66555  16.886  7.029  70.021 0.0000000000
65833  18.467  5.761  66.107 0.0000000000
65893  21.522  5.795  62.423 0.0000000000
56378  14.856  -4.284  78.609 0.0000000000
59405  12.448  -1.234  78.757 0.0000000000
61230  17.230  0.911  77.775 0.0000000000
64944  17.744  4.085  78.001 0.0000000000
57353  18.139  -4.117  81.155 0.0000000000
56397  32.524  -4.412  75.560 0.0000000000
52164  34.036  -8.252  77.286 0.0000000000
113967  30.280  -8.025  78.019 0.0000000000
65889  25.511  5.243  62.657 0.0000000000
60436  25.463  0.177  65.057 0.0000000000
124260  29.467  -3.327  70.273 0.0000000000
84441  7.998  33.476  64.526 0.0000000000
68032  8.336  8.768  77.584 0.0000000000
65753  7.802  5.594  77.261 0.0000000000
117581  4.044  9.958  76.319 0.0000000000
71616  7.670  12.437  74.431 0.0000000000
73980  10.845  15.066  71.428 0.0000000000
74002  12.305  15.623  67.557 0.0000000000
77326  8.798  20.092  67.292 0.0000000000
80049  13.636  25.690  68.151 0.0000000000
108556  36.866  8.090  67.463 0.0000000000
70656  38.087  12.318  69.968 0.0000000000
69736  41.155  10.246  66.087 0.0000000000
104017  44.472  11.814  66.306 0.0000000000
71775  52.547  12.719  61.803 0.0000000000
68964  47.453  9.718  60.305 0.0000000000
63061  8.760  2.644  82.117 0.0000000000
62111  12.576  1.515  81.359 0.0000000000
64921  12.070  4.117  81.789 0.0000000000
67247  9.172  7.731  80.862 0.0000000000
70595  10.702  11.364  77.001 0.0000000000
75405  11.381  16.973  76.452 0.0000000000
122785  29.324  4.803  64.598 0.0000000000
65817  30.944  4.911  68.361 0.0000000000
102207  30.466  5.632  63.419 0.0000000000
66560  37.133  6.581  68.886 0.0000000000
64133  41.108  3.367  70.472 0.0000000000
63108  11.396  2.711  76.169 0.0000000000
74766  11.995  16.492  63.493 0.0000000000
74862  60.342  17.048  50.893 0.0000000000
70872  54.712  11.700  57.277 0.0000000000
62181  24.187  2.059  74.488 0.0000000000
109800  22.999  2.098  72.425 0.0000000000
61276  24.471  0.867  73.250 0.0000000000
62154  26.556  2.048  77.678 0.0000000000
63104  24.379  3.076  76.876 0.0000000000
124129  27.383  -0.236  77.800 0.0000000000
59413  25.972  -1.106  78.323 0.0000000000
102631  26.159  -0.955  75.028 0.0000000000
102994  26.329  -2.265  76.836 0.0000000000
115899  24.923  -1.030  72.195 0.0000000000
124233  10.422  27.237  73.294 0.0000000000
82040  11.659  29.998  71.151 0.0000000000
81523  12.709  28.343  70.399 0.0000000000
77875  10.559  22.327  73.513 0.0000000000
77877  9.942  21.970  73.218 0.0000000000
79528  9.028  25.056  73.686 0.0000000000
80014  8.361  26.182  73.248 0.0000000000
72489  17.002  13.832  75.104 0.0000000000
56363  9.214  -4.215  80.699 0.0000000000
68826  14.508  9.382  76.499 0.0000000000
112963  14.744  9.276  78.151 0.0000000000
70604  15.856  11.525  77.240 0.0000000000
72463  16.158  12.833  77.031 0.0000000000
59458  37.441  -1.799  75.856 0.0000000000
120766  37.114  -3.065  73.479 0.0000000000
56395  37.114  -4.282  75.241 0.0000000000
59466  34.287  -1.531  74.252 0.0000000000
60368  34.400  -0.091  72.587 0.0000000000
60340  35.862  -0.277  75.677 0.0000000000
62164  36.602  1.219  76.054 0.0000000000
63083  8.801  2.224  81.275 0.0000000000
63091  9.922  1.995  80.172 0.0000000000
68871  11.038  9.530  71.530 0.0000000000
67302  9.850  7.123  70.809 0.0000000000
67311  10.929  7.002  69.488 0.0000000000
65820  10.780  4.931  67.758 0.0000000000
67319  11.905  7.510  68.148 0.0000000000
108195  12.855  9.967  68.022 0.0000000000
74177  64.023  16.732  44.166 0.0000000000
65773  16.522  5.902  73.701 0.0000000000
67290  15.941  8.022  71.735 0.0000000000
65783  16.811  5.852  71.868 0.0000000000
63199  20.733  2.694  68.547 0.0000000000
104795  18.538  4.708  67.702 0.0000000000
64189  19.755  4.151  65.779 0.0000000000
122111  19.826  5.390  64.104 0.0000000000
64218  21.454  3.807  63.896 0.0000000000
57399  17.238  -3.269  77.666 0.0000000000
58439  15.356  -2.071  77.143 0.0000000000
60346  18.138  -0.625  76.471 0.0000000000
64091  19.714  3.447  75.975 0.0000000000
64942  19.837  3.808  78.473 0.0000000000
64955  17.690  4.551  75.796 0.0000000000
65769  16.074  5.760  75.271 0.0000000000
58423  20.799  -2.748  78.508 0.0000000000
108712  19.985  -3.802  80.134 0.0000000000
57385  19.163  -3.228  78.949 0.0000000000
57370  16.915  -3.896  80.237 0.0000000000
56405  30.405  -4.699  74.157 0.0000000000
54201  31.484  -6.439  76.655 0.0000000000
55314  29.514  -5.922  75.981 0.0000000000
55273  26.091  -5.544  79.245 0.0000000000
54173  25.436  -6.268  78.890 0.0000000000
63286  23.494  2.781  63.671 0.0000000000
62262  24.314  1.169  66.077 0.0000000000
56434  26.687  -4.415  72.277 0.0000000000
111127  27.112  -3.763  69.910 0.0000000000
56453  28.961  -4.334  71.972 0.0000000000
57460  30.605  -3.661  72.478 0.0000000000
82649  11.578  30.587  66.605 0.0000000000
82660  5.940  29.979  64.771 0.0000000000
83798  8.049  31.828  67.000 0.0000000000
86256  12.299  36.075  69.316 0.0000000000
117978  11.420  35.228  66.386 0.0000000000
104807  7.691  11.052  77.212 0.0000000000
68036  6.579  9.221  76.675 0.0000000000
71601  5.386  12.453  77.261 0.0000000000
76104  5.998  17.566  71.842 0.0000000000
73268  6.020  14.976  73.902 0.0000000000
74704  7.686  16.606  72.253 0.0000000000
73275  9.611  14.276  72.852 0.0000000000
74720  9.338  16.974  70.593 0.0000000000
75462  9.725  17.249  69.087 0.0000000000
76726  7.418  19.650  68.328 0.0000000000
80508  11.160  26.831  70.411 0.0000000000
79559  11.834  24.976  69.336 0.0000000000
81008  12.896  27.784  68.594 0.0000000000
81551  13.309  28.778  66.176 0.0000000000
66581  38.660  6.884  66.762 0.0000000000
68910  38.319  9.314  66.751 0.0000000000
67355  40.607  7.411  65.587 0.0000000000
106987  45.944  7.965  65.428 0.0000000000
68907  45.599  8.959  66.338 0.0000000000
69732  46.225  10.474  65.651 0.0000000000
70740  46.973  11.638  64.459 0.0000000000
70770  48.980  11.814  62.555 0.0000000000
69809  45.917  10.098  61.825 0.0000000000
60279  5.072  0.439  83.249 0.0000000000
103934  6.166  1.871  83.073 0.0000000000
62092  8.030  1.686  83.066 0.0000000000
62139  14.929  1.313  79.716 0.0000000000
61206  12.529  0.495  80.339 0.0000000000
62097  14.792  2.455  81.879 0.0000000000
67243  14.032  7.646  80.147 0.0000000000
65728  13.857  4.990  81.650 0.0000000000
66504  12.680  6.153  80.367 0.0000000000
65737  11.152  5.414  81.091 0.0000000000
68018  11.396  7.764  78.757 0.0000000000
68813  10.214  9.230  78.204 0.0000000000
68818  12.062  9.642  77.722 0.0000000000
73927  12.493  15.459  77.118 0.0000000000
76087  11.817  18.736  73.807 0.0000000000
63283  28.006  2.284  63.064 0.0000000000
65080  27.837  4.634  62.942 0.0000000000
63264  29.618  2.411  64.436 0.0000000000
63184  33.402  2.915  69.523 0.0000000000
64150  31.730  3.736  68.290 0.0000000000
65009  32.630  4.463  68.668 0.0000000000
102559  33.084  5.870  68.444 0.0000000000
102202  33.855  4.670  67.131 0.0000000000
65061  34.895  4.385  63.623 0.0000000000
109409  36.092  5.461  68.872 0.0000000000
63144  38.872  2.694  72.802 0.0000000000
64116  39.679  4.066  71.948 0.0000000000
114316  39.439  2.858  70.982 0.0000000000
65764  5.587  5.098  75.476 0.0000000000
64957  9.193  4.358  76.455 0.0000000000
64101  8.334  3.858  75.095 0.0000000000
62200  11.480  1.779  72.033 0.0000000000
75494  10.332  17.993  65.273 0.0000000000
74753  11.806  16.192  65.042 0.0000000000
76171  12.220  18.554  63.848 0.0000000000
71670  38.963  12.660  68.347 0.0000000000
70688  35.564  12.310  68.447 0.0000000000
120192  37.234  12.129  66.071 0.0000000000
117874  54.245  14.237  53.213 0.0000000000
74838  55.247  17.694  52.725 0.0000000000
75600  57.349  18.442  51.648 0.0000000000
74824  58.391  16.311  53.590 0.0000000000
69838  51.603  10.382  59.202 0.0000000000
71791  54.130  12.674  59.917 0.0000000000
63128  20.112  3.221  74.158 0.0000000000
64121  18.740  3.838  72.248 0.0000000000
63149  20.774  2.822  72.179 0.0000000000
62216  22.090  2.186  70.406 0.0000000000
62236  22.938  1.638  68.759 0.0000000000
59448  21.797  -1.189  76.737 0.0000000000
61241  20.909  0.777  76.897 0.0000000000
113194  23.431  2.031  77.876 0.0000000000
102716  22.248  3.461  77.122 0.0000000000
57362  25.832  -3.859  79.994 0.0000000000
116993  22.816  -3.935  79.719 0.0000000000
58409  24.586  -2.792  79.694 0.0000000000
59415  23.778  -1.924  77.977 0.0000000000
55346  26.888  -5.023  74.363 0.0000000000
118808  27.431  -5.318  75.730 0.0000000000
56392  26.648  -4.587  76.501 0.0000000000
56376  26.621  -3.915  78.575 0.0000000000
61320  24.449  0.269  68.133 0.0000000000
60384  24.723  -0.102  70.381 0.0000000000
57463  24.898  -3.033  72.506 0.0000000000
116890  10.674  29.892  70.878 0.0000000000
83787  10.113  32.990  68.753 0.0000000000
83207  10.857  31.635  70.617 0.0000000000
84402  11.068  33.064  70.710 0.0000000000
85018  13.745  35.416  70.776 0.0000000000
75409  9.306  17.501  75.854 0.0000000000
74675  5.782  16.273  76.011 0.0000000000
76076  8.880  18.348  75.063 0.0000000000
76699  8.655  19.371  72.072 0.0000000000
77291  6.246  20.882  70.115 0.0000000000
78456  6.877  21.763  69.639 0.0000000000
79554  7.775  24.297  71.734 0.0000000000
114504  9.538  27.218  72.350 0.0000000000
64158  43.512  3.115  69.167 0.0000000000
65825  42.782  5.236  66.590 0.0000000000
64172  45.240  3.201  66.936 0.0000000000
65059  45.051  4.746  65.056 0.0000000000
60293  8.030  -1.049  81.386 0.0000000000
65743  15.672  4.775  79.825 0.0000000000
64918  15.647  3.818  81.586 0.0000000000
66509  14.620  6.161  79.726 0.0000000000
68016  14.759  8.597  80.141 0.0000000000
69636  14.560  10.805  80.615 0.0000000000
104175  13.935  11.572  78.864 0.0000000000
71595  14.812  12.398  78.967 0.0000000000
60373  37.073  -0.013  71.929 0.0000000000
60381  36.039  -0.933  69.942 0.0000000000
59477  36.588  -1.669  71.654 0.0000000000
59507  31.037  -1.556  68.546 0.0000000000
60412  31.020  0.275  67.035 0.0000000000
60391  32.565  -0.377  69.474 0.0000000000
123363  33.759  1.069  71.020 0.0000000000
63160  34.824  2.773  71.510 0.0000000000
64127  36.285  3.638  71.198 0.0000000000
63133  36.398  2.818  74.057 0.0000000000
62167  38.143  2.378  74.908 0.0000000000
67276  7.089  7.636  73.292 0.0000000000
64974  7.969  4.003  73.683 0.0000000000
66539  8.009  6.151  71.891 0.0000000000
64132  9.933  3.448  71.334 0.0000000000
62220  10.601  1.486  70.301 0.0000000000
70748  12.454  11.220  64.668 0.0000000000
79586  15.236  24.016  65.803 0.0000000000
77954  14.899  21.224  64.728 0.0000000000
79602  15.670  24.281  63.752 0.0000000000
73388  55.443  14.383  56.344 0.0000000000
68834  14.689  9.694  74.331 0.0000000000
70629  16.257  11.453  72.869 0.0000000000
68869  15.740  9.362  72.155 0.0000000000
68890  16.665  9.461  70.021 0.0000000000
68898  17.450  9.563  68.284 0.0000000000
106311  17.820  5.120  69.881 0.0000000000
66575  17.627  6.839  67.624 0.0000000000
110096  17.869  8.895  66.685 0.0000000000
113840  18.906  8.534  64.328 0.0000000000
68163  20.387  8.038  62.662 0.0000000000
68161  21.969  7.958  62.324 0.0000000000
57380  11.661  -3.615  78.982 0.0000000000
58426  13.761  -2.739  77.793 0.0000000000
60317  15.280  -0.157  77.807 0.0000000000
62121  17.400  2.024  80.420 0.0000000000
62147  19.898  1.788  78.327 0.0000000000
63079  19.389  2.721  80.400 0.0000000000
64067  17.812  3.629  80.874 0.0000000000
65751  16.161  5.158  77.488 0.0000000000
67266  14.405  7.777  75.397 0.0000000000
56340  21.615  -4.100  79.732 0.0000000000
57408  34.052  -3.436  76.276 0.0000000000
55294  35.534  -5.334  77.042 0.0000000000
55296  33.669  -6.005  77.024 0.0000000000
53159  32.668  -7.918  77.995 0.0000000000
54188  28.469  -6.596  77.973 0.0000000000
116930  23.836  7.309  63.076 0.0000000000
65097  23.944  4.873  62.491 0.0000000000
63285  25.693  2.302  63.214 0.0000000000
60434  27.415  -0.373  64.530 0.0000000000
59522  25.312  -1.250  67.343 0.0000000000
58550  27.533  -2.458  67.138 0.0000000000
58549  29.119  -2.361  67.482 0.0000000000
58514  31.402  -2.488  70.798 0.0000000000
58484  32.759  -2.690  73.453 0.0000000000
85053  7.578  34.531  67.362 0.0000000000
66513  7.907  7.226  79.778 0.0000000000
65745  9.144  5.292  79.399 0.0000000000
66520  6.923  6.634  77.465 0.0000000000
66521  5.139  6.700  76.614 0.0000000000
67271  3.229  6.992  75.139 0.0000000000
73252  4.265  14.351  75.495 0.0000000000
70612  4.856  11.849  75.376 0.0000000000
68836  6.248  9.470  74.463 0.0000000000
112301  8.705  10.366  73.598 0.0000000000
70654  10.851  11.485  72.192 0.0000000000
109952  12.002  12.694  70.952 0.0000000000
71655  12.960  12.956  69.570 0.0000000000
107798  11.800  15.677  68.938 0.0000000000
75477  9.741  17.433  67.065 0.0000000000
77337  11.105  20.225  66.430 0.0000000000
78466  9.457  22.166  68.763 0.0000000000
78463  12.195  22.761  68.338 0.0000000000
78475  13.271  22.713  67.347 0.0000000000
80535  14.586  26.115  66.436 0.0000000000
68111  34.946  8.317  67.819 0.0000000000
118153  35.716  10.871  70.747 0.0000000000
68893  37.102  10.085  68.293 0.0000000000
70700  39.552  11.649  68.877 0.0000000000
70684  41.197  12.015  68.173 0.0000000000
68133  42.729  8.375  65.605 0.0000000000
69721  42.720  11.215  66.499 0.0000000000
71699  41.948  12.618  66.350 0.0000000000
72553  43.497  13.072  64.251 0.0000000000
72587  51.319  14.197  61.589 0.0000000000
72571  51.096  13.451  63.279 0.0000000000
70813  49.976  11.137  60.894 0.0000000000
68986  48.821  9.149  58.783 0.0000000000
75647  62.458  18.113  46.695 0.0000000000
79008  12.503  23.324  71.435 0.0000000000
80506  13.528  26.190  70.288 0.0000000000
63074  6.286  1.797  81.963 0.0000000000
64062  9.385  3.061  81.381 0.0000000000
59407  10.478  -2.367  79.539 0.0000000000
60291  10.570  -0.260  80.739 0.0000000000
61189  10.109  0.943  81.921 0.0000000000
64050  14.470  3.376  82.197 0.0000000000
63043  12.181  2.903  82.987 0.0000000000
62090  10.369  2.137  82.569 0.0000000000
64057  10.609  3.129  82.228 0.0000000000
65732  9.813  5.161  81.444 0.0000000000
66499  8.631  6.456  81.083 0.0000000000
68021  8.244  8.272  80.430 0.0000000000
68821  9.140  9.907  77.849 0.0000000000
71607  9.261  12.694  76.469 0.0000000000
72475  12.373  13.349  76.902 0.0000000000
73244  10.898  14.706  76.493 0.0000000000
73930  9.695  16.291  76.549 0.0000000000
76063  10.268  17.945  75.539 0.0000000000
77275  11.536  20.791  73.098 0.0000000000
108511  35.205  -6.792  75.455 0.0000000000
66618  25.506  7.088  64.175 0.0000000000
67360  28.078  7.161  66.132 0.0000000000
122965  30.604  3.081  66.168 0.0000000000
65847  29.993  5.328  66.038 0.0000000000
67325  29.317  7.023  67.885 0.0000000000
67314  30.078  6.658  69.294 0.0000000000
66551  32.030  6.475  69.548 0.0000000000
67323  34.161  7.589  68.295 0.0000000000
67391  34.190  7.143  62.893 0.0000000000
109168  36.855  6.671  67.185 0.0000000000
65801  39.457  6.255  68.704 0.0000000000
103260  38.160  4.652  71.178 0.0000000000
65787  39.701  5.667  70.541 0.0000000000
64997  41.199  4.640  69.918 0.0000000000
63191  42.520  2.152  69.437 0.0000000000
63227  40.031  2.408  66.182 0.0000000000
81533  14.120  28.384  69.321 0.0000000000
107722  15.038  32.473  70.035 0.0000000000
64080  10.681  3.509  78.335 0.0000000000
63130  10.655  2.895  74.219 0.0000000000
120825  13.413  13.443  67.565 0.0000000000
115872  13.431  13.683  65.174 0.0000000000
72568  13.368  13.520  63.225 0.0000000000
76169  13.882  18.864  62.906 0.0000000000
74780  13.408  16.491  61.973 0.0000000000
70673  34.461  12.065  70.339 0.0000000000
75627  60.108  18.523  48.999 0.0000000000
74136  61.184  15.955  48.614 0.0000000000
73357  53.343  14.547  60.202 0.0000000000
73368  55.311  14.702  58.461 0.0000000000
72640  57.671  14.766  57.736 0.0000000000
70901  55.272  11.835  54.447 0.0000000000
72666  57.783  14.164  54.396 0.0000000000
73429  58.279  14.346  51.847 0.0000000000
73449  59.056  14.154  49.288 0.0000000000
62180  25.327  1.597  74.808 0.0000000000
62188  24.589  1.384  74.024 0.0000000000
61271  25.378  0.829  73.999 0.0000000000
62172  26.860  2.059  76.499 0.0000000000
62173  25.742  2.143  75.880 0.0000000000
60342  27.519  0.536  77.057 0.0000000000
61253  27.607  1.103  77.603 0.0000000000
60355  26.497  0.294  74.962 0.0000000000
113875  27.064  -0.323  76.510 0.0000000000
112974  25.941  0.304  73.997 0.0000000000
80490  10.930  26.519  73.075 0.0000000000
80974  11.266  27.826  72.279 0.0000000000
80496  12.438  26.449  71.263 0.0000000000
78999  11.250  23.491  72.978 0.0000000000
78411  10.466  23.223  73.439 0.0000000000
79533  10.966  24.965  73.287 0.0000000000
79527  9.775  25.412  73.705 0.0000000000
71614  16.550  13.010  74.937 0.0000000000
72497  17.340  14.280  74.296 0.0000000000
71622  16.562  12.732  73.872 0.0000000000
69656  14.965  10.361  75.674 0.0000000000
69653  15.399  10.974  76.464 0.0000000000
70610  16.261  12.376  76.322 0.0000000000
71611  16.523  12.887  75.951 0.0000000000
107575  36.787  -2.372  75.967 0.0000000000
58462  37.214  -2.768  75.681 0.0000000000
57404  36.911  -3.681  76.046 0.0000000000
58463  34.686  -2.363  75.786 0.0000000000
60353  34.804  -1.284  74.869 0.0000000000
59446  35.451  -1.875  75.923 0.0000000000
104492  36.853  -0.882  76.091 0.0000000000
64068  9.607  3.437  80.984 0.0000000000
62126  9.282  1.718  80.601 0.0000000000
64075  10.198  3.460  80.228 0.0000000000
68870  11.732  9.493  70.709 0.0000000000
68086  11.419  8.571  70.397 0.0000000000
68096  11.701  8.246  69.611 0.0000000000
66556  11.448  7.060  68.705 0.0000000000
68106  12.306  8.826  69.001 0.0000000000
68118  12.475  8.643  68.024 0.0000000000
68891  12.702  9.820  68.884 0.0000000000
70839  47.095  12.085  59.037 0.0000000000
70861  48.204  11.945  58.170 0.0000000000
71794  49.280  12.847  59.243 0.0000000000
73493  62.780  15.552  45.122 0.0000000000
64968  17.522  4.883  74.112 0.0000000000
65778  16.589  5.990  72.765 0.0000000000
64973  17.718  4.712  73.272 0.0000000000
63214  21.529  2.353  67.316 0.0000000000
63215  20.465  3.125  67.182 0.0000000000
124046  21.106  2.856  66.081 0.0000000000
121346  20.971  3.351  65.238 0.0000000000
63246  21.469  2.778  65.570 0.0000000000
58436  17.922  -2.801  77.289 0.0000000000
58452  17.978  -2.125  76.721 0.0000000000
59451  18.540  -1.438  76.514 0.0000000000
117066  19.097  3.657  75.495 0.0000000000
64086  18.974  3.735  76.295 0.0000000000
64960  18.024  4.401  75.003 0.0000000000
64961  17.425  4.890  74.898 0.0000000000
105453  20.115  -2.659  77.766 0.0000000000
58414  19.955  -2.940  78.753 0.0000000000
120405  18.707  -3.180  78.343 0.0000000000
57398  18.043  -3.332  77.996 0.0000000000
56406  29.587  -5.148  74.310 0.0000000000
55328  30.230  -5.678  75.539 0.0000000000
55329  29.412  -5.517  75.148 0.0000000000
55274  25.429  -5.490  79.517 0.0000000000
54159  25.775  -6.083  79.211 0.0000000000
63268  22.563  2.546  64.662 0.0000000000
62264  22.962  1.890  66.199 0.0000000000
56433  27.492  -4.712  72.543 0.0000000000
56454  28.100  -4.434  71.696 0.0000000000
119868  28.861  -4.891  73.164 0.0000000000
114628  29.676  -4.725  73.526 0.0000000000
82644  11.745  30.961  67.474 0.0000000000
83225  9.786  31.138  66.461 0.0000000000
83219  11.235  31.549  67.631 0.0000000000
86866  13.141  37.399  69.340 0.0000000000
86273  12.948  36.994  67.985 0.0000000000
86277  13.447  37.463  67.278 0.0000000000
71599  7.696  12.373  76.924 0.0000000000
70599  6.284  11.849  77.225 0.0000000000
72469  6.220  13.647  77.013 0.0000000000
111696  6.143  18.305  70.873 0.0000000000
120496  6.526  16.994  72.280 0.0000000000
75450  7.085  17.568  71.324 0.0000000000
74703  8.799  16.188  72.135 0.0000000000
76114  7.461  18.273  70.056 0.0000000000
75463  8.302  17.986  69.578 0.0000000000
76123  6.395  19.368  69.287 0.0000000000
82064  11.992  29.240  69.251 0.0000000000
81534  12.302  28.239  69.238 0.0000000000
123147  12.421  29.317  68.412 0.0000000000
82648  12.220  30.262  67.257 0.0000000000
66580  39.518  6.281  66.574 0.0000000000
111736  39.310  7.039  66.146 0.0000000000
66579  40.377  6.082  66.196 0.0000000000
68147  45.187  8.229  64.433 0.0000000000
68917  46.098  9.118  65.802 0.0000000000
68933  45.895  9.499  64.889 0.0000000000
69753  46.393  10.935  65.213 0.0000000000
69773  45.881  10.359  63.640 0.0000000000
69789  46.372  10.880  63.128 0.0000000000
68947  45.316  9.756  62.282 0.0000000000
60286  6.189  -0.549  82.367 0.0000000000
60280  4.371  -0.365  83.141 0.0000000000
61193  6.691  0.213  82.704 0.0000000000
122028  6.848  0.859  83.084 0.0000000000
61183  8.287  1.347  83.064 0.0000000000
62107  16.215  2.296  81.435 0.0000000000
62124  14.583  1.655  80.527 0.0000000000
63070  15.737  2.531  81.841 0.0000000000
68017  13.655  8.072  79.593 0.0000000000
67244  13.393  6.769  80.192 0.0000000000
67251  13.037  7.289  79.589 0.0000000000
67245  11.210  6.855  79.618 0.0000000000
67257  12.519  7.829  78.887 0.0000000000
68027  11.795  8.321  78.347 0.0000000000
68811  12.350  8.979  78.132 0.0000000000
62221  37.253  1.819  69.538 0.0000000000
61297  36.600  0.687  69.465 0.0000000000
62293  28.719  1.236  63.887 0.0000000000
62311  28.681  2.137  63.512 0.0000000000
62276  29.619  1.036  64.783 0.0000000000
64144  33.826  3.606  69.306 0.0000000000
64148  33.045  3.428  69.019 0.0000000000
65001  34.251  4.169  69.034 0.0000000000
102203  33.558  5.336  68.215 0.0000000000
65007  34.222  4.811  68.502 0.0000000000
65006  35.378  5.195  68.573 0.0000000000
65798  35.880  4.686  69.255 0.0000000000
62201  37.531  1.890  71.346 0.0000000000
63157  39.021  2.766  71.850 0.0000000000
63158  38.187  2.475  70.974 0.0000000000
63170  37.825  2.355  69.885 0.0000000000
65770  5.325  5.140  74.795 0.0000000000
64964  7.097  4.419  75.155 0.0000000000
64970  7.000  4.364  74.736 0.0000000000
76751  11.131  19.053  65.288 0.0000000000
76760  11.534  18.837  64.737 0.0000000000
105814  12.867  19.615  64.752 0.0000000000
71686  39.534  12.603  67.393 0.0000000000
71688  37.741  12.384  66.937 0.0000000000
70730  38.148  12.274  66.159 0.0000000000
73410  55.671  14.822  54.037 0.0000000000
74832  56.596  16.243  53.591 0.0000000000
75578  56.799  17.867  53.192 0.0000000000
120687  57.983  16.140  54.317 0.0000000000
69004  50.677  8.921  57.594 0.0000000000
69855  52.451  10.301  58.191 0.0000000000
63127  20.993  2.829  74.288 0.0000000000
63138  20.027  3.172  73.230 0.0000000000
63136  21.536  2.638  73.636 0.0000000000
110353  23.586  1.487  72.017 0.0000000000
62205  22.136  2.230  71.223 0.0000000000
62204  22.890  1.900  70.798 0.0000000000
62215  22.795  1.820  70.004 0.0000000000
62214  23.627  1.518  70.340 0.0000000000
59447  22.597  -0.751  76.824 0.0000000000
61239  22.353  0.096  76.645 0.0000000000
62156  23.792  1.032  77.359 0.0000000000
63115  22.870  2.807  75.535 0.0000000000
64088  23.975  3.310  77.334 0.0000000000
63116  21.918  2.996  75.661 0.0000000000
64096  21.054  3.159  75.665 0.0000000000
57361  26.316  -3.004  80.006 0.0000000000
58399  25.008  -2.992  80.003 0.0000000000
59404  25.959  -2.240  79.562 0.0000000000
60329  25.321  0.109  77.503 0.0000000000
59414  24.862  -1.646  78.240 0.0000000000
104928  23.782  -0.548  77.206 0.0000000000
59431  22.342  -1.659  77.113 0.0000000000
56407  26.087  -4.149  74.378 0.0000000000
106268  26.583  -4.620  75.633 0.0000000000
57415  25.924  -3.481  75.625 0.0000000000
58419  27.036  -1.895  78.512 0.0000000000
58432  26.526  -2.601  77.727 0.0000000000
57383  26.963  -2.318  79.159 0.0000000000
107642  26.057  -3.971  79.778 0.0000000000
120554  24.440  0.653  69.565 0.0000000000
61292  24.598  0.460  70.907 0.0000000000
58485  25.273  -2.453  73.827 0.0000000000
58493  24.844  -2.106  72.113 0.0000000000
57443  25.069  -3.135  73.273 0.0000000000
56417  25.851  -3.998  73.554 0.0000000000
81515  9.804  30.022  72.261 0.0000000000
82048  10.680  30.504  70.893 0.0000000000
82615  10.192  30.912  72.183 0.0000000000
82622  12.549  30.702  70.185 0.0000000000
104575  11.709  31.332  70.550 0.0000000000
83205  12.229  31.993  70.303 0.0000000000
85026  12.531  34.248  70.707 0.0000000000
84400  13.268  33.607  70.418 0.0000000000
76068  10.019  18.496  75.409 0.0000000000
76069  8.896  17.946  75.648 0.0000000000
76075  9.808  18.925  75.281 0.0000000000
77886  9.027  21.725  72.251 0.0000000000
77276  9.841  20.981  72.658 0.0000000000
77277  8.904  20.456  71.879 0.0000000000
76708  7.628  19.822  71.415 0.0000000000
78435  7.154  22.529  71.074 0.0000000000
110536  7.143  22.822  70.920 0.0000000000
109815  7.464  23.412  71.514 0.0000000000
80491  9.235  27.740  73.289 0.0000000000
80497  8.939  27.393  73.146 0.0000000000
80975  9.523  28.124  72.598 0.0000000000
80988  10.379  27.689  71.531 0.0000000000
63189  43.777  2.775  68.776 0.0000000000
64156  44.512  3.050  68.068 0.0000000000
57357  7.341  -3.319  81.232 0.0000000000
58395  7.232  -2.449  81.268 0.0000000000
58394  8.028  -1.999  80.924 0.0000000000
65748  15.223  5.629  78.673 0.0000000000
116453  15.011  5.694  79.409 0.0000000000
66515  14.426  6.879  78.727 0.0000000000
68809  15.425  9.989  79.041 0.0000000000
68023  15.198  9.239  79.593 0.0000000000
69635  15.510  10.176  80.066 0.0000000000
68805  14.877  9.702  81.159 0.0000000000
70585  15.202  11.331  80.002 0.0000000000
71593  14.701  12.049  79.458 0.0000000000
108243  15.103  12.001  79.459 0.0000000000
115571  37.323  -0.023  73.403 0.0000000000
60367  36.964  -0.893  72.182 0.0000000000
59470  37.009  -1.714  72.600 0.0000000000
114586  36.928  -4.449  73.720 0.0000000000
57457  36.249  -3.787  72.234 0.0000000000
106898  32.130  -1.533  70.029 0.0000000000
59500  32.106  -0.963  69.354 0.0000000000
59493  32.671  -1.305  70.757 0.0000000000
61275  34.750  0.413  73.209 0.0000000000
60375  34.163  0.301  71.854 0.0000000000
62195  34.587  1.531  72.295 0.0000000000
62212  34.402  2.059  71.544 0.0000000000
63147  34.920  2.350  72.243 0.0000000000
63146  35.471  2.614  72.877 0.0000000000
63134  35.708  2.320  73.733 0.0000000000
60351  37.691  -0.170  75.697 0.0000000000
62168  37.388  1.706  75.247 0.0000000000
61267  37.550  0.397  74.518 0.0000000000
61273  37.547  0.985  73.611 0.0000000000
112527  8.669  8.218  72.697 0.0000000000
105821  7.940  6.732  72.249 0.0000000000
67293  8.578  6.886  71.768 0.0000000000
65791  10.092  5.556  70.044 0.0000000000
65792  9.617  5.039  70.765 0.0000000000
64995  9.960  4.094  70.702 0.0000000000
64131  10.381  2.500  71.040 0.0000000000
64139  10.220  2.591  70.140 0.0000000000
63175  10.309  1.758  70.193 0.0000000000
64146  10.069  3.109  69.465 0.0000000000
65836  10.878  5.097  67.018 0.0000000000
64164  9.992  3.560  68.072 0.0000000000
69748  12.443  10.867  65.647 0.0000000000
80074  15.080  25.406  65.473 0.0000000000
112215  15.553  24.049  65.066 0.0000000000
72655  53.559  13.471  56.346 0.0000000000
68057  14.548  8.856  73.919 0.0000000000
68850  14.962  9.594  73.563 0.0000000000
115437  14.951  9.035  73.239 0.0000000000
67299  16.569  7.314  70.700 0.0000000000
68075  16.184  8.622  71.155 0.0000000000
68085  16.489  8.194  70.498 0.0000000000
68889  17.045  9.455  69.197 0.0000000000
67308  17.002  8.017  69.227 0.0000000000
64130  19.060  3.645  71.109 0.0000000000
64986  18.440  4.070  71.422 0.0000000000
64138  18.744  3.890  70.253 0.0000000000
65818  18.246  5.399  66.972 0.0000000000
65808  17.995  5.426  67.932 0.0000000000
66587  17.876  6.705  66.855 0.0000000000
67345  17.746  7.481  67.081 0.0000000000
67344  18.080  7.270  66.345 0.0000000000
68138  18.492  8.553  65.163 0.0000000000
67386  18.602  7.084  65.139 0.0000000000
65878  20.434  5.588  63.207 0.0000000000
66637  19.866  6.672  63.244 0.0000000000
67403  20.750  7.270  62.524 0.0000000000
66650  21.918  6.322  62.275 0.0000000000
56370  13.505  -4.635  79.302 0.0000000000
56380  13.073  -4.018  78.595 0.0000000000
57391  13.746  -3.537  78.084 0.0000000000
60333  16.449  -0.555  76.899 0.0000000000
120630  15.666  -0.548  77.291 0.0000000000
61231  16.436  0.765  78.029 0.0000000000
61215  16.164  1.089  78.860 0.0000000000
62150  17.041  1.244  78.679 0.0000000000
62145  21.851  2.173  78.554 0.0000000000
62159  20.378  1.386  77.504 0.0000000000
63096  21.426  2.378  79.577 0.0000000000
114134  19.123  3.822  78.333 0.0000000000
64072  19.606  3.370  79.650 0.0000000000
64073  18.901  3.781  79.868 0.0000000000
64066  18.516  3.358  80.550 0.0000000000
64929  17.997  3.884  79.806 0.0000000000
64938  17.346  4.093  78.898 0.0000000000
64945  16.808  4.569  78.040 0.0000000000
111624  15.188  6.755  74.711 0.0000000000
106521  15.340  6.360  75.556 0.0000000000
67269  14.678  7.467  74.663 0.0000000000
108974  14.376  9.088  74.822 0.0000000000
111503  22.571  -3.598  79.745 0.0000000000
57349  22.135  -3.806  79.792 0.0000000000
57364  22.095  -3.537  79.841 0.0000000000
106220  18.638  -3.907  80.756 0.0000000000
57342  19.367  -4.356  80.305 0.0000000000
57343  18.827  -4.270  80.846 0.0000000000
55251  18.271  -5.276  81.188 0.0000000000
56328  17.788  -5.076  81.695 0.0000000000
56344  17.035  -4.448  81.481 0.0000000000
56368  15.329  -4.411  79.281 0.0000000000
56359  15.463  -4.458  80.339 0.0000000000
56369  14.532  -4.611  79.562 0.0000000000
103210  13.168  -4.958  81.058 0.0000000000
120570  33.061  -4.083  75.850 0.0000000000
56386  33.831  -4.948  76.888 0.0000000000
55310  33.029  -4.721  76.205 0.0000000000
54202  30.614  -6.706  76.906 0.0000000000
53181  32.367  -7.206  77.675 0.0000000000
53160  31.062  -8.170  78.067 0.0000000000
105852  27.670  -5.601  77.143 0.0000000000
112649  28.368  -6.008  77.273 0.0000000000
55284  27.782  -5.934  77.928 0.0000000000
66649  22.759  6.073  62.316 0.0000000000
65892  22.208  5.557  62.376 0.0000000000
62295  24.731  1.632  64.340 0.0000000000
112117  24.878  2.246  63.580 0.0000000000
62315  25.444  1.673  63.729 0.0000000000
61357  26.746  1.031  63.691 0.0000000000
60435  26.387  -0.125  64.554 0.0000000000
59502  24.781  -1.086  69.045 0.0000000000
60406  24.778  -0.515  67.718 0.0000000000
58540  25.244  -1.961  68.643 0.0000000000
102673  27.912  -3.719  69.827 0.0000000000
57528  27.356  -3.158  68.175 0.0000000000
57527  28.104  -3.115  68.253 0.0000000000
57542  28.283  -2.572  67.435 0.0000000000
57511  29.335  -3.070  69.369 0.0000000000
58525  30.067  -2.579  69.175 0.0000000000
111355  30.186  -3.160  70.718 0.0000000000
57427  31.988  -3.769  74.267 0.0000000000
57440  31.667  -3.557  73.564 0.0000000000
57426  32.728  -3.379  74.631 0.0000000000
57425  33.267  -3.252  75.209 0.0000000000
118055  6.126  31.664  64.953 0.0000000000
84420  9.875  33.480  69.597 0.0000000000
84426  7.809  33.845  68.280 0.0000000000
85038  7.926  34.939  69.016 0.0000000000
67258  8.027  7.589  79.236 0.0000000000
66517  7.703  6.826  78.483 0.0000000000
68033  7.432  8.062  77.480 0.0000000000
68827  4.341  9.254  76.394 0.0000000000
118475  5.315  8.574  76.572 0.0000000000
67265  3.412  7.505  76.275 0.0000000000
66526  3.600  6.549  76.066 0.0000000000
68041  3.245  8.588  75.979 0.0000000000
74677  5.989  16.656  75.540 0.0000000000
73941  4.401  15.117  75.721 0.0000000000
74679  4.538  15.879  74.819 0.0000000000
73256  6.712  14.099  74.286 0.0000000000
72493  5.081  13.625  74.826 0.0000000000
104432  6.108  11.835  74.957 0.0000000000
69662  6.004  10.309  74.881 0.0000000000
115403  7.513  11.118  74.458 0.0000000000
69677  7.967  10.442  74.126 0.0000000000
70618  8.539  11.592  74.017 0.0000000000
73274  10.185  14.357  72.351 0.0000000000
122935  10.328  12.795  72.624 0.0000000000
72505  10.657  13.220  72.187 0.0000000000
71636  11.551  11.947  71.579 0.0000000000
72509  11.558  13.598  71.148 0.0000000000
73285  12.257  14.115  70.152 0.0000000000
73979  11.381  15.113  70.668 0.0000000000
76139  8.614  18.297  67.078 0.0000000000
75469  9.824  17.366  68.080 0.0000000000
76147  9.120  18.507  66.557 0.0000000000
115229  9.793  18.954  66.118 0.0000000000
77325  10.577  20.788  66.865 0.0000000000
79028  7.820  23.149  70.232 0.0000000000
78467  8.453  21.969  68.872 0.0000000000
79026  10.277  23.469  69.693 0.0000000000
79566  12.491  24.944  68.864 0.0000000000
79033  11.769  23.222  68.831 0.0000000000
79032  12.460  23.544  68.487 0.0000000000
78476  12.542  22.351  67.767 0.0000000000
79572  13.723  24.374  67.697 0.0000000000
123789  14.585  25.079  66.740 0.0000000000
80527  14.303  26.273  67.097 0.0000000000
82082  11.589  29.669  65.170 0.0000000000
81556  12.844  28.952  65.207 0.0000000000
68110  35.830  8.473  67.695 0.0000000000
68097  36.199  8.842  68.277 0.0000000000
68902  36.845  9.264  68.043 0.0000000000
118732  39.580  9.727  66.162 0.0000000000
69725  38.755  10.176  66.866 0.0000000000
105950  40.033  10.820  66.917 0.0000000000
70699  40.274  11.698  68.512 0.0000000000
69723  40.946  11.147  67.158 0.0000000000
106249  43.902  5.820  66.972 0.0000000000
66593  43.673  6.699  66.410 0.0000000000
67333  44.559  7.443  66.439 0.0000000000
69719  45.244  10.585  66.070 0.0000000000
110463  43.937  9.876  66.032 0.0000000000
116020  43.605  11.723  66.563 0.0000000000
70716  42.739  12.110  67.038 0.0000000000
71682  43.169  12.387  66.573 0.0000000000
71709  43.211  12.851  65.219 0.0000000000
71681  44.460  12.821  65.813 0.0000000000
69807  48.350  10.960  61.298 0.0000000000
70814  49.214  11.188  61.233 0.0000000000
69821  48.779  10.573  60.573 0.0000000000
119414  49.661  10.006  59.688 0.0000000000
68972  47.718  9.378  59.586 0.0000000000
102765  46.744  6.960  57.106 0.0000000000
70640  16.700  11.774  72.214 0.0000000000
63062  7.404  2.192  82.886 0.0000000000
63064  5.739  2.104  83.074 0.0000000000
103933  7.944  2.288  82.215 0.0000000000
63072  8.587  2.591  81.811 0.0000000000
58428  11.840  -2.814  78.640 0.0000000000
116833  10.591  -3.046  79.360 0.0000000000
58415  11.716  -1.870  78.998 0.0000000000
61196  12.921  1.151  80.749 0.0000000000
60290  11.145  -0.193  80.526 0.0000000000
116520  11.587  0.712  81.128 0.0000000000
61199  10.383  0.290  81.275 0.0000000000
62112  11.830  1.284  81.489 0.0000000000
65734  14.764  5.099  81.235 0.0000000000
64919  14.996  4.293  81.743 0.0000000000
65724  14.682  4.534  81.620 0.0000000000
64920  13.069  4.184  81.709 0.0000000000
106395  13.391  3.644  81.935 0.0000000000
124023  12.153  3.108  82.903 0.0000000000
122771  11.541  2.683  83.015 0.0000000000
120460  11.590  3.031  83.071 0.0000000000
63044  10.911  2.610  82.813 0.0000000000
64056  11.198  3.740  82.126 0.0000000000
66497  9.757  6.226  81.209 0.0000000000
65731  10.486  5.101  81.497 0.0000000000
66492  9.668  5.729  81.301 0.0000000000
66493  9.165  5.837  81.374 0.0000000000
67240  9.067  7.251  81.154 0.0000000000
67249  7.896  7.823  80.838 0.0000000000
68020  8.579  8.290  80.483 0.0000000000
69645  10.324  10.614  77.472 0.0000000000
68814  9.341  9.324  78.253 0.0000000000
70596  9.749  11.241  77.168 0.0000000000
105312  8.944  11.100  77.281 0.0000000000
70607  10.070  12.124  76.651 0.0000000000
119809  13.586  13.098  77.839 0.0000000000
70593  12.761  11.855  77.269 0.0000000000
106285  13.094  13.698  77.433 0.0000000000
74667  11.932  16.295  76.798 0.0000000000
73243  11.858  14.921  77.061 0.0000000000
104689  11.407  16.499  76.613 0.0000000000
73935  10.348  15.487  76.479 0.0000000000
74668  10.674  17.002  76.447 0.0000000000
75403  10.482  17.377  75.968 0.0000000000
75406  10.843  17.455  75.902 0.0000000000
76698  11.856  19.901  73.066 0.0000000000
108713  12.105  21.265  72.336 0.0000000000
77884  11.950  22.136  72.306 0.0000000000
53178  34.866  -6.941  76.979 0.0000000000
54198  36.075  -5.839  76.585 0.0000000000
53206  35.052  -6.997  76.409 0.0000000000
110615  24.146  6.220  62.710 0.0000000000
123196  24.235  7.403  63.560 0.0000000000
66647  25.959  5.950  63.078 0.0000000000
65874  28.373  5.443  63.798 0.0000000000
102818  26.997  6.761  64.294 0.0000000000
111146  28.197  6.465  64.634 0.0000000000
67361  27.177  7.329  65.600 0.0000000000
66615  28.972  6.257  64.930 0.0000000000
61318  31.902  0.902  67.995 0.0000000000
63213  31.232  1.734  66.902 0.0000000000
63212  31.731  2.096  67.720 0.0000000000
65020  31.093  4.192  68.036 0.0000000000
64161  30.730  3.960  67.225 0.0000000000
65021  30.627  4.694  67.569 0.0000000000
66584  29.663  6.487  67.156 0.0000000000
122667  30.381  5.878  68.179 0.0000000000
66566  29.845  6.669  68.586 0.0000000000
65807  30.753  5.543  68.624 0.0000000000
102605  32.752  5.801  67.386 0.0000000000
66562  32.769  6.208  68.944 0.0000000000
102451  33.118  6.300  67.697 0.0000000000
66550  33.077  6.780  69.213 0.0000000000
67339  32.178  6.918  65.636 0.0000000000
67338  33.392  7.662  66.051 0.0000000000
117834  31.573  6.727  61.123 0.0000000000
65815  36.583  6.055  67.473 0.0000000000
65829  36.872  5.927  66.162 0.0000000000
66572  36.886  6.724  68.142 0.0000000000
66559  37.895  6.721  68.663 0.0000000000
65802  38.776  6.471  69.264 0.0000000000
103496  37.517  3.772  72.362 0.0000000000
64126  37.343  4.006  71.249 0.0000000000
64985  38.301  4.281  71.951 0.0000000000
64125  40.032  3.650  71.091 0.0000000000
65781  39.878  5.248  71.329 0.0000000000
64990  40.467  4.912  71.023 0.0000000000
106809  40.603  5.173  70.436 0.0000000000
64996  41.622  3.635  70.073 0.0000000000
64140  42.523  2.991  70.045 0.0000000000
63177  42.203  2.574  70.093 0.0000000000
123330  13.904  27.210  69.874 0.0000000000
65749  8.130  5.836  78.313 0.0000000000
64947  9.530  4.804  78.547 0.0000000000
64952  9.364  4.705  77.419 0.0000000000
120919  10.815  3.262  76.623 0.0000000000
63102  11.050  3.037  77.733 0.0000000000
64114  9.235  3.193  73.394 0.0000000000
114768  8.945  3.352  74.140 0.0000000000
64106  9.650  3.041  73.989 0.0000000000
73297  13.104  14.225  68.331 0.0000000000
72526  13.295  13.579  68.217 0.0000000000
73309  12.941  15.104  66.982 0.0000000000
74759  11.788  16.315  64.190 0.0000000000
74012  12.875  15.032  65.112 0.0000000000
74017  12.710  15.045  64.228 0.0000000000
111717  13.375  13.562  64.272 0.0000000000
74023  12.693  15.144  63.408 0.0000000000
76757  14.217  19.813  63.858 0.0000000000
75518  13.889  17.844  61.936 0.0000000000
70658  36.330  11.998  71.120 0.0000000000
71632  35.249  11.995  71.387 0.0000000000
71639  36.210  12.316  70.712 0.0000000000
75599  59.318  17.792  51.553 0.0000000000
118242  60.798  18.230  50.053 0.0000000000
75618  61.598  18.216  49.128 0.0000000000
74111  60.817  16.728  50.166 0.0000000000
73349  52.291  14.234  62.373 0.0000000000
72604  52.406  14.344  60.455 0.0000000000
73347  53.407  14.075  61.852 0.0000000000
70857  54.538  11.952  58.138 0.0000000000
71789  55.557  13.638  59.286 0.0000000000
71805  55.985  13.538  58.538 0.0000000000
122996  57.158  14.680  58.065 0.0000000000
71819  56.638  13.640  57.776 0.0000000000
71855  55.733  12.309  53.427 0.0000000000
71846  56.893  13.141  55.054 0.0000000000
72675  57.035  13.373  53.561 0.0000000000
72674  57.615  14.044  53.260 0.0000000000
72697  57.000  13.230  51.708 0.0000000000
72730  59.174  13.734  47.834 0.0000000000
63124  23.491  2.471  74.891 0.0000000000
63135  22.457  2.472  73.802 0.0000000000
62189  23.858  1.729  73.631 0.0000000000
62196  23.653  1.479  72.842 0.0000000000
61281  24.171  0.767  72.376 0.0000000000
108305  25.284  0.952  77.591 0.0000000000
62155  24.977  2.406  77.608 0.0000000000
63098  25.778  2.404  77.327 0.0000000000
63113  24.956  2.591  76.342 0.0000000000
59411  27.115  -1.366  78.616 0.0000000000
59412  26.512  -1.593  79.008 0.0000000000
61228  27.358  0.135  77.857 0.0000000000
61238  26.388  1.262  77.815 0.0000000000
59468  25.653  -1.672  74.391 0.0000000000
117505  25.957  -2.401  75.992 0.0000000000
118633  26.384  -1.382  76.024 0.0000000000
59428  26.795  -1.172  77.067 0.0000000000
61286  24.642  0.181  71.807 0.0000000000
60365  25.460  -0.020  72.799 0.0000000000
59473  25.376  -1.340  73.453 0.0000000000
80967  9.712  27.867  73.458 0.0000000000
82038  10.150  30.103  72.469 0.0000000000
81514  11.214  28.712  72.016 0.0000000000
81513  11.914  29.045  71.213 0.0000000000
82046  13.180  29.864  69.763 0.0000000000
77263  10.626  21.065  73.823 0.0000000000
77254  10.413  20.243  74.347 0.0000000000
77876  10.415  21.984  73.585 0.0000000000
78413  9.937  22.649  73.452 0.0000000000
114335  8.537  24.525  73.246 0.0000000000
79534  7.764  24.902  72.918 0.0000000000
123486  8.996  25.790  73.740 0.0000000000
80486  9.256  27.254  73.687 0.0000000000
122294  42.099  1.899  65.378 0.0000000000
108921  43.420  2.074  65.983 0.0000000000
56353  7.787  -4.175  81.615 0.0000000000
122194  8.184  -3.138  80.562 0.0000000000
68035  14.298  8.114  76.690 0.0000000000
111557  14.339  8.284  77.653 0.0000000000
68817  14.786  9.771  77.212 0.0000000000
68816  15.312  10.342  78.123 0.0000000000
118466  15.901  11.578  78.436 0.0000000000
70587  16.066  11.924  78.225 0.0000000000
71596  16.154  12.181  77.292 0.0000000000
72485  16.400  13.356  76.261 0.0000000000
103414  37.557  -1.034  75.524 0.0000000000
113075  37.287  -1.695  73.570 0.0000000000
58474  37.302  -2.614  74.891 0.0000000000
57424  37.242  -4.033  74.300 0.0000000000
55340  36.619  -5.071  74.043 0.0000000000
106279  33.699  -1.476  72.926 0.0000000000
119562  33.613  -1.133  72.299 0.0000000000
59471  34.230  -1.138  73.506 0.0000000000
60359  34.733  -0.784  74.138 0.0000000000
61268  35.474  1.070  74.425 0.0000000000
62170  36.085  1.369  75.505 0.0000000000
61252  36.191  0.573  75.970 0.0000000000
120025  36.932  -0.173  76.161 0.0000000000
68860  10.289  9.483  72.112 0.0000000000
67292  9.344  7.372  71.437 0.0000000000
67291  10.035  7.815  71.194 0.0000000000
67301  10.400  7.022  70.181 0.0000000000
66548  10.423  6.328  69.707 0.0000000000
65811  10.535  4.763  68.653 0.0000000000
66557  10.891  6.324  68.943 0.0000000000
66568  11.261  6.340  68.154 0.0000000000
67330  11.835  7.276  67.267 0.0000000000
68905  12.656  9.288  67.422 0.0000000000
69730  13.143  10.892  66.951 0.0000000000
72645  51.797  13.472  58.122 0.0000000000
123474  64.036  16.929  43.570 0.0000000000
66533  15.834  6.451  73.995 0.0000000000
67282  15.537  8.102  72.513 0.0000000000
66538  16.038  6.823  72.517 0.0000000000
116980  16.415  6.463  72.006 0.0000000000
66547  16.925  6.465  70.499 0.0000000000
63200  19.944  3.199  68.914 0.0000000000
64151  19.192  3.769  68.761 0.0000000000
110977  19.618  3.546  68.194 0.0000000000
65022  19.076  4.268  67.107 0.0000000000
65050  18.901  5.231  65.855 0.0000000000
65848  18.918  5.691  65.320 0.0000000000
65049  19.436  4.928  65.294 0.0000000000
65064  20.622  4.488  64.019 0.0000000000
65082  21.265  4.511  63.326 0.0000000000
57389  15.684  -3.562  77.763 0.0000000000
57390  14.894  -3.299  77.644 0.0000000000
57400  16.362  -3.055  77.427 0.0000000000
118514  16.970  -1.188  76.604 0.0000000000
61244  18.191  0.576  76.919 0.0000000000
64078  21.153  3.646  77.815 0.0000000000
64070  21.472  3.340  79.610 0.0000000000
119118  20.038  3.604  77.434 0.0000000000
64949  18.840  3.827  77.084 0.0000000000
105102  18.052  4.084  77.237 0.0000000000
64951  16.921  4.851  77.090 0.0000000000
64962  17.116  5.028  75.549 0.0000000000
65768  16.350  5.834  74.493 0.0000000000
58412  21.402  -2.897  79.286 0.0000000000
58402  21.090  -3.354  79.811 0.0000000000
58413  20.438  -2.774  79.266 0.0000000000
57376  19.729  -3.342  79.591 0.0000000000
57368  18.533  -3.733  80.617 0.0000000000
57355  17.137  -4.049  80.961 0.0000000000
57378  17.530  -3.711  79.593 0.0000000000
57379  16.703  -3.900  79.111 0.0000000000
56398  31.786  -4.752  75.208 0.0000000000
55311  32.243  -5.234  75.915 0.0000000000
55327  31.062  -5.358  75.351 0.0000000000
55313  30.274  -6.198  76.171 0.0000000000
54203  29.661  -6.422  76.721 0.0000000000
56365  26.689  -5.210  79.005 0.0000000000
54172  27.630  -6.338  78.606 0.0000000000
54158  26.596  -6.352  78.834 0.0000000000
53146  26.301  -6.664  78.774 0.0000000000
64234  22.871  3.924  62.895 0.0000000000
63287  22.762  2.874  63.951 0.0000000000
62296  23.954  1.908  64.844 0.0000000000
61335  24.826  0.716  65.562 0.0000000000
57481  26.094  -3.776  70.938 0.0000000000
57515  25.852  -3.259  69.664 0.0000000000
121105  26.924  -4.005  70.801 0.0000000000
121729  28.179  -4.186  71.129 0.0000000000
57480  28.729  -4.019  71.230 0.0000000000
57479  30.225  -3.508  71.585 0.0000000000
57461  29.787  -4.033  72.214 0.0000000000
56414  30.484  -4.311  73.605 0.0000000000
82656  10.155  30.081  65.215 0.0000000000
82658  7.504  29.250  64.766 0.0000000000
83231  8.799  30.518  65.615 0.0000000000
83227  7.294  31.397  66.383 0.0000000000
84437  5.961  32.769  66.386 0.0000000000
86251  10.721  35.412  69.418 0.0000000000
85663  9.997  35.439  68.107 0.0000000000
85662  11.295  35.600  67.819 0.0000000000
68823  7.626  9.745  77.083 0.0000000000
108009  7.410  8.764  76.925 0.0000000000
69649  6.602  10.252  77.002 0.0000000000
106547  4.967  10.919  77.104 0.0000000000
70601  4.380  11.355  77.032 0.0000000000
76090  5.813  17.791  72.598 0.0000000000
74698  5.149  16.372  73.440 0.0000000000
74697  5.472  16.413  73.104 0.0000000000
110050  6.459  15.531  73.399 0.0000000000
73266  8.120  14.405  73.672 0.0000000000
72500  8.644  13.639  73.763 0.0000000000
73961  9.098  14.982  72.899 0.0000000000
73981  9.739  15.707  71.928 0.0000000000
74711  9.994  16.162  71.165 0.0000000000
74727  10.451  16.578  69.591 0.0000000000
105227  9.096  17.400  69.745 0.0000000000
76130  8.430  18.371  67.857 0.0000000000
76736  8.076  19.759  67.714 0.0000000000
80034  10.753  25.837  70.506 0.0000000000
79561  10.659  24.339  69.862 0.0000000000
80045  11.527  25.938  69.840 0.0000000000
80523  12.686  26.505  68.946 0.0000000000
80522  13.393  26.470  68.443 0.0000000000
115591  13.709  27.731  67.284 0.0000000000
81539  13.212  28.150  67.887 0.0000000000
82076  12.186  29.969  66.227 0.0000000000
67321  37.281  7.612  67.393 0.0000000000
121501  37.982  8.685  66.895 0.0000000000
67334  38.836  7.716  66.322 0.0000000000
68120  39.324  8.554  65.928 0.0000000000
68135  40.894  8.656  65.439 0.0000000000
66592  46.079  6.560  66.218 0.0000000000
67331  45.613  8.029  66.417 0.0000000000
68119  46.103  7.912  66.099 0.0000000000
104365  45.868  9.602  66.215 0.0000000000
103740  45.547  11.272  65.982 0.0000000000
71680  45.759  12.399  65.657 0.0000000000
70713  46.261  11.964  65.328 0.0000000000
71708  47.648  12.579  65.057 0.0000000000
71707  48.630  12.790  64.891 0.0000000000
71739  49.183  12.251  63.390 0.0000000000
70751  48.360  11.825  63.061 0.0000000000
69808  47.418  10.720  61.565 0.0000000000
69822  46.634  10.151  61.345 0.0000000000
103330  17.474  11.733  69.975 0.0000000000
72525  18.237  13.073  69.006 0.0000000000
62095  5.265  1.419  83.361 0.0000000000
63048  6.867  1.956  83.103 0.0000000000
113851  8.200  2.122  83.099 0.0000000000
61218  13.631  0.338  79.361 0.0000000000
121604  12.504  -0.532  79.313 0.0000000000
61204  14.071  1.050  79.864 0.0000000000
62125  13.707  1.402  80.609 0.0000000000
62110  13.383  1.735  81.269 0.0000000000
66502  14.133  6.676  80.447 0.0000000000
119616  14.138  5.402  81.372 0.0000000000
66491  13.931  5.753  81.223 0.0000000000
66495  13.081  5.738  80.915 0.0000000000
65736  12.315  5.214  81.087 0.0000000000
65730  11.618  4.798  81.402 0.0000000000
66496  11.860  5.644  80.584 0.0000000000
66506  10.546  6.154  80.843 0.0000000000
67246  10.238  7.037  80.284 0.0000000000
68019  9.515  8.277  79.519 0.0000000000
68028  10.597  8.351  78.609 0.0000000000
68819  10.965  9.907  77.711 0.0000000000
69644  11.293  10.756  77.301 0.0000000000
73236  12.881  14.795  77.313 0.0000000000
74676  12.822  15.852  76.040 0.0000000000
75411  11.733  17.144  75.842 0.0000000000
75420  11.327  17.944  75.176 0.0000000000
76086  12.546  18.310  73.304 0.0000000000
52181  33.657  -8.649  76.047 0.0000000000
64230  27.340  3.685  62.644 0.0000000000
65887  27.167  4.861  62.726 0.0000000000
64229  27.873  3.685  62.765 0.0000000000
106309  28.737  4.039  63.536 0.0000000000
65062  29.343  3.993  64.305 0.0000000000
62233  33.126  2.093  69.462 0.0000000000
63197  32.241  2.385  68.367 0.0000000000
64149  32.352  3.246  68.557 0.0000000000
112720  32.196  3.935  68.605 0.0000000000
65010  31.732  4.572  68.616 0.0000000000
65806  31.326  5.376  68.869 0.0000000000
65805  32.274  5.412  68.805 0.0000000000
102204  33.517  5.556  67.911 0.0000000000
109717  32.200  4.458  65.329 0.0000000000
102446  32.549  4.008  61.660 0.0000000000
65033  34.182  4.115  66.175 0.0000000000
65816  35.734  5.503  67.782 0.0000000000
65804  36.545  6.038  68.966 0.0000000000
64102  39.071  3.120  73.890 0.0000000000
64977  38.714  3.659  73.387 0.0000000000
104264  39.170  2.945  72.119 0.0000000000
123716  39.494  2.935  71.500 0.0000000000
63168  40.415  2.969  70.505 0.0000000000
63178  41.131  2.548  70.204 0.0000000000
118765  39.297  2.643  69.549 0.0000000000
65757  7.103  5.451  76.441 0.0000000000
64958  8.433  4.962  76.659 0.0000000000
64959  7.586  4.764  75.819 0.0000000000
64963  9.119  3.878  75.616 0.0000000000
103251  9.942  3.480  75.616 0.0000000000
63153  10.214  2.530  72.537 0.0000000000
62199  12.424  1.848  72.960 0.0000000000
74746  11.284  16.641  66.393 0.0000000000
74745  11.922  16.049  66.032 0.0000000000
74754  11.252  16.803  65.422 0.0000000000
74760  11.343  16.946  64.553 0.0000000000
104860  11.693  17.674  63.698 0.0000000000
71658  38.225  12.637  69.407 0.0000000000
71660  36.221  12.622  69.354 0.0000000000
71672  37.518  12.649  68.450 0.0000000000
119772  36.417  12.026  66.548 0.0000000000
70731  35.881  11.734  65.716 0.0000000000
76250  55.840  18.398  52.376 0.0000000000
75585  57.870  18.075  52.822 0.0000000000
74835  59.206  16.578  52.464 0.0000000000
70811  52.325  11.888  60.617 0.0000000000
71792  53.285  12.272  60.236 0.0000000000
70837  52.681  11.368  59.579 0.0000000000
69854  53.130  10.727  57.833 0.0000000000
70873  53.867  11.217  57.535 0.0000000000
71888  56.479  12.657  51.203 0.0000000000
64105  18.777  3.879  73.967 0.0000000000
64972  18.225  4.252  72.764 0.0000000000
106565  19.414  3.514  73.622 0.0000000000
63150  20.060  3.150  72.456 0.0000000000
63163  19.828  3.203  71.208 0.0000000000
63148  21.527  2.541  72.338 0.0000000000
104580  21.419  2.531  71.643 0.0000000000
63173  20.676  2.742  70.343 0.0000000000
63172  21.355  2.443  69.953 0.0000000000
62237  22.149  1.980  68.893 0.0000000000
62249  22.324  2.000  67.617 0.0000000000
59449  20.634  -1.893  76.771 0.0000000000
60344  19.839  -0.789  76.469 0.0000000000
61254  21.479  0.096  76.527 0.0000000000
62157  22.316  1.723  77.718 0.0000000000
63094  23.133  2.830  79.548 0.0000000000
63100  24.353  2.840  78.389 0.0000000000
64076  23.715  3.397  78.905 0.0000000000
119346  22.923  3.526  78.182 0.0000000000
103116  21.313  3.480  77.068 0.0000000000
64098  19.762  3.410  75.085 0.0000000000
55263  25.083  -4.995  79.849 0.0000000000
55264  24.135  -4.914  79.754 0.0000000000
56356  24.626  -4.340  79.948 0.0000000000
115700  23.944  -3.084  79.869 0.0000000000
58410  23.626  -2.894  79.705 0.0000000000
118987  25.694  -1.785  78.832 0.0000000000
58420  24.226  -2.424  78.839 0.0000000000
103593  23.185  -2.602  78.709 0.0000000000
58421  22.424  -2.517  78.184 0.0000000000
58434  21.015  -2.399  77.451 0.0000000000
55356  27.594  -5.243  74.132 0.0000000000
55331  28.008  -5.494  75.424 0.0000000000
55332  26.934  -5.060  75.245 0.0000000000
55317  26.975  -5.082  76.057 0.0000000000
56387  26.742  -4.554  77.606 0.0000000000
112192  26.225  -3.106  77.107 0.0000000000
57397  26.512  -3.510  77.798 0.0000000000
56375  26.860  -4.947  78.516 0.0000000000
56366  26.413  -4.332  79.063 0.0000000000
55262  25.716  -4.788  79.854 0.0000000000
104462  23.671  1.503  67.213 0.0000000000
62235  23.724  1.320  68.596 0.0000000000
60392  24.671  -0.047  69.536 0.0000000000
59495  24.646  -1.006  69.913 0.0000000000
60377  24.729  -0.302  71.142 0.0000000000
58504  24.817  -2.250  71.290 0.0000000000
58516  25.047  -2.820  70.838 0.0000000000
56457  25.974  -4.050  72.169 0.0000000000
109844  26.788  -4.662  72.964 0.0000000000
82065  11.485  30.199  69.786 0.0000000000
119670  11.443  31.495  68.478 0.0000000000
83214  10.909  31.606  70.033 0.0000000000
117909  10.775  32.017  70.178 0.0000000000
84410  10.367  33.203  69.956 0.0000000000
82614  10.710  30.497  71.677 0.0000000000
83779  10.926  32.204  70.579 0.0000000000
85027  10.482  34.068  70.641 0.0000000000
85631  11.745  35.231  70.433 0.0000000000
86243  12.556  35.969  70.324 0.0000000000
86855  13.352  37.063  70.230 0.0000000000
73937  8.416  16.486  76.357 0.0000000000
73246  6.699  14.938  76.369 0.0000000000
75410  7.924  17.034  75.996 0.0000000000
102904  6.910  17.180  75.306 0.0000000000
75421  6.596  17.479  74.244 0.0000000000
117988  9.808  19.745  74.209 0.0000000000
76088  8.343  18.555  73.715 0.0000000000
76089  6.649  18.246  73.019 0.0000000000
76103  6.066  18.254  72.085 0.0000000000
111746  6.396  19.812  70.697 0.0000000000
110323  5.819  19.864  70.045 0.0000000000
77305  6.055  20.798  68.818 0.0000000000
77905  6.154  21.198  69.365 0.0000000000
78445  7.215  22.587  70.406 0.0000000000
79019  8.143  23.925  70.772 0.0000000000
79542  7.793  24.781  72.597 0.0000000000
80036  8.686  25.346  71.840 0.0000000000
80035  9.809  25.666  71.284 0.0000000000
80509  10.207  26.533  71.427 0.0000000000
80987  11.114  27.922  70.564 0.0000000000
65030  42.031  4.358  67.434 0.0000000000
65826  41.735  4.993  66.517 0.0000000000
65029  42.799  4.342  67.183 0.0000000000
65016  44.663  4.118  67.491 0.0000000000
65014  45.437  4.655  67.077 0.0000000000
65046  45.354  4.211  65.579 0.0000000000
65841  45.795  5.045  65.767 0.0000000000
66611  45.818  6.489  65.519 0.0000000000
67377  44.496  6.934  64.284 0.0000000000
68153  44.406  8.481  63.304 0.0000000000
68157  44.189  8.813  62.192 0.0000000000
59390  6.622  -1.098  81.879 0.0000000000
105766  8.105  -0.243  81.919 0.0000000000
64925  16.852  3.741  80.995 0.0000000000
64054  16.233  3.295  81.891 0.0000000000
64926  15.789  4.138  81.099 0.0000000000
65740  14.877  5.275  80.766 0.0000000000
116409  14.520  5.884  80.694 0.0000000000
68024  14.521  8.434  78.828 0.0000000000
66510  14.328  6.995  79.804 0.0000000000
111193  14.206  6.646  80.380 0.0000000000
67242  14.163  7.900  80.090 0.0000000000
68806  14.529  9.122  80.870 0.0000000000
102824  13.690  9.727  79.082 0.0000000000
69639  13.476  10.503  78.368 0.0000000000
69637  14.100  10.725  79.612 0.0000000000
70589  14.337  12.284  78.896 0.0000000000
72466  13.671  13.261  77.765 0.0000000000
114532  15.376  13.049  77.564 0.0000000000
72474  14.778  13.522  77.363 0.0000000000
61289  37.151  1.147  70.792 0.0000000000
61290  36.733  0.490  70.250 0.0000000000
61284  36.913  0.270  71.095 0.0000000000
59490  36.306  -1.273  70.762 0.0000000000
58482  37.046  -2.461  73.075 0.0000000000
57476  36.236  -3.018  71.943 0.0000000000
59520  30.285  -1.309  67.327 0.0000000000
60413  30.485  -0.064  66.423 0.0000000000
60404  31.316  -0.163  67.631 0.0000000000
61310  31.806  0.241  68.124 0.0000000000
61300  32.713  0.336  69.310 0.0000000000
60376  33.661  -0.267  71.299 0.0000000000
61291  33.478  0.790  70.503 0.0000000000
62224  32.894  1.221  69.315 0.0000000000
109858  33.663  2.380  70.141 0.0000000000
63171  34.264  2.589  70.824 0.0000000000
121671  34.901  3.488  70.088 0.0000000000
64136  35.630  3.600  70.468 0.0000000000
64128  35.426  3.288  71.393 0.0000000000
64119  36.684  3.492  72.693 0.0000000000
105124  37.585  3.565  73.562 0.0000000000
63111  36.410  2.150  75.225 0.0000000000
64095  37.506  2.905  74.984 0.0000000000
64103  38.596  3.301  74.085 0.0000000000
119059  38.287  2.297  73.716 0.0000000000
115499  37.652  1.866  72.150 0.0000000000
66536  6.155  6.077  73.277 0.0000000000
65774  6.641  5.209  73.482 0.0000000000
66535  6.833  6.123  72.812 0.0000000000
65779  7.747  5.431  72.406 0.0000000000
64123  8.758  3.717  72.966 0.0000000000
66543  8.577  6.146  71.458 0.0000000000
112076  9.049  4.974  71.401 0.0000000000
64122  9.415  3.549  72.180 0.0000000000
63165  10.357  2.368  71.806 0.0000000000
62209  10.868  1.772  71.128 0.0000000000
70764  12.594  11.245  63.663 0.0000000000
77932  14.173  22.004  66.113 0.0000000000
77347  14.231  20.960  65.241 0.0000000000
78492  15.192  22.570  65.277 0.0000000000
103944  40.354  12.428  65.296 0.0000000000
120713  38.933  12.158  64.651 0.0000000000
72668  54.560  13.789  54.610 0.0000000000
73402  56.314  14.978  55.225 0.0000000000
70617  15.662  11.452  74.422 0.0000000000
70628  16.186  11.856  73.624 0.0000000000
113354  15.720  11.051  73.443 0.0000000000
118935  15.923  10.781  72.824 0.0000000000
69689  16.384  10.540  71.809 0.0000000000
68076  15.773  8.692  71.935 0.0000000000
68868  16.038  9.189  71.542 0.0000000000
69695  16.747  10.232  70.437 0.0000000000
69702  17.067  10.226  69.673 0.0000000000
104381  17.401  10.295  68.915 0.0000000000
112909  17.761  9.959  67.604 0.0000000000
64979  17.710  4.727  72.290 0.0000000000
65789  17.586  5.186  70.811 0.0000000000
66554  17.235  6.432  69.789 0.0000000000
116935  18.225  4.723  69.171 0.0000000000
65012  17.793  5.470  68.900 0.0000000000
110694  17.151  7.191  69.293 0.0000000000
120754  17.404  8.256  68.103 0.0000000000
68904  17.658  9.221  67.439 0.0000000000
68914  17.997  9.793  66.805 0.0000000000
68935  19.197  9.393  64.125 0.0000000000
67385  18.943  7.175  64.393 0.0000000000
68149  19.236  8.125  63.749 0.0000000000
68944  20.437  9.656  62.879 0.0000000000
68953  21.123  9.517  62.524 0.0000000000
68951  22.801  9.762  62.525 0.0000000000
56373  10.533  -4.425  80.095 0.0000000000
103763  11.894  -4.428  79.436 0.0000000000
57392  12.366  -3.336  78.476 0.0000000000
117005  13.273  -2.310  78.055 0.0000000000
57402  14.578  -2.366  77.447 0.0000000000
59435  14.418  -1.329  77.579 0.0000000000
60319  13.824  -0.942  78.097 0.0000000000
61216  15.301  0.911  78.997 0.0000000000
62138  15.839  1.481  79.642 0.0000000000
62106  17.036  2.330  81.287 0.0000000000
61256  19.475  0.013  76.481 0.0000000000
62160  19.452  1.262  77.504 0.0000000000
62148  18.970  1.640  78.341 0.0000000000
64063  21.141  2.828  80.168 0.0000000000
63088  19.983  2.383  80.053 0.0000000000
62135  18.584  1.911  79.340 0.0000000000
62120  18.308  2.160  80.413 0.0000000000
103096  18.123  2.785  81.182 0.0000000000
64060  17.393  3.208  81.228 0.0000000000
64930  17.044  3.970  79.907 0.0000000000
65747  15.875  5.050  78.379 0.0000000000
66522  15.053  6.238  77.339 0.0000000000
65755  16.370  5.292  76.624 0.0000000000
66528  15.204  6.275  76.492 0.0000000000
66523  14.627  6.775  76.819 0.0000000000
114480  14.295  8.086  75.978 0.0000000000
112221  14.625  9.798  75.054 0.0000000000
56358  23.065  -4.432  79.560 0.0000000000
107670  21.013  -4.104  80.054 0.0000000000
108461  16.368  -4.298  80.904 0.0000000000
58449  35.180  -2.742  76.349 0.0000000000
56383  35.985  -4.073  77.056 0.0000000000
57396  34.320  -4.045  76.797 0.0000000000
55295  34.538  -5.679  77.008 0.0000000000
54182  34.221  -6.748  77.116 0.0000000000
54200  32.206  -6.005  76.547 0.0000000000
117390  32.850  -6.846  77.525 0.0000000000
107961  33.477  -8.048  77.989 0.0000000000
55330  28.732  -5.686  75.778 0.0000000000
119721  29.024  -6.542  77.329 0.0000000000
54170  29.067  -7.041  78.072 0.0000000000
105839  29.586  -8.289  78.106 0.0000000000
68159  23.193  8.846  62.786 0.0000000000
67401  23.204  7.409  62.674 0.0000000000
66648  23.428  6.633  62.581 0.0000000000
121596  24.816  4.837  62.540 0.0000000000
64233  23.777  4.060  62.643 0.0000000000
64232  24.445  3.487  62.820 0.0000000000
107812  25.341  3.632  62.636 0.0000000000
63284  26.599  2.370  62.978 0.0000000000
61356  27.583  0.915  63.727 0.0000000000
60423  28.534  -0.721  65.172 0.0000000000
61328  24.306  1.018  66.997 0.0000000000
61327  24.692  0.263  66.664 0.0000000000
60414  25.497  -0.827  66.086 0.0000000000
109418  26.008  -2.692  68.273 0.0000000000
58562  25.961  -1.864  67.022 0.0000000000
59539  26.649  -1.342  65.661 0.0000000000
59538  27.685  -1.466  65.661 0.0000000000
59529  28.562  -1.738  66.288 0.0000000000
59521  29.387  -1.716  66.797 0.0000000000
59508  30.559  -1.589  68.015 0.0000000000
59494  31.496  -2.139  70.113 0.0000000000
58513  32.085  -2.032  70.895 0.0000000000
57478  31.120  -3.165  71.957 0.0000000000
58492  31.875  -2.836  72.290 0.0000000000
58491  32.567  -2.461  72.670 0.0000000000
58483  33.315  -2.379  73.900 0.0000000000
58464  33.895  -2.855  75.620 0.0000000000
104823  9.751  32.478  67.840 0.0000000000
83794  6.835  33.208  67.545 0.0000000000
84430  6.923  33.963  66.618 0.0000000000
108120  9.834  34.962  66.354 0.0000000000
85062  9.191  34.537  65.798 0.0000000000
65746  8.608  5.871  80.184 0.0000000000
65741  9.341  5.182  80.253 0.0000000000
107501  8.383  5.917  79.280 0.0000000000
66516  7.965  6.483  78.949 0.0000000000
65750  7.437  6.212  77.766 0.0000000000
68034  6.574  8.205  76.898 0.0000000000
115930  6.137  6.680  76.975 0.0000000000
66524  5.679  6.012  76.584 0.0000000000
65759  5.080  5.508  75.984 0.0000000000
65766  3.933  5.838  75.225 0.0000000000
66531  4.386  6.095  74.236 0.0000000000
73239  5.454  14.098  76.911 0.0000000000
72482  4.338  13.712  76.395 0.0000000000
104989  4.115  12.051  76.083 0.0000000000
73258  4.573  14.466  74.724 0.0000000000
72486  4.619  12.912  75.310 0.0000000000
69658  4.024  10.286  75.846 0.0000000000
68831  4.301  9.494  75.318 0.0000000000
68048  4.586  7.970  74.203 0.0000000000
68061  5.585  7.755  73.786 0.0000000000
68060  6.505  8.117  73.668 0.0000000000
68852  8.175  9.550  73.671 0.0000000000
68851  8.912  9.550  73.214 0.0000000000
118760  8.945  11.999  73.777 0.0000000000
70642  9.703  11.355  73.101 0.0000000000
69686  10.056  10.143  72.514 0.0000000000
69691  10.793  10.438  72.046 0.0000000000
70670  11.938  11.154  71.121 0.0000000000
70669  12.487  11.276  70.447 0.0000000000
70683  12.852  11.722  69.892 0.0000000000
113014  12.571  12.883  70.246 0.0000000000
73291  12.518  14.328  69.556 0.0000000000
73998  11.848  15.821  68.180 0.0000000000
74733  10.549  16.792  68.722 0.0000000000
74740  10.604  16.913  67.763 0.0000000000
74747  10.572  17.049  66.786 0.0000000000
76146  9.779  18.068  65.973 0.0000000000
76742  10.653  19.416  65.954 0.0000000000
77336  12.114  20.462  66.399 0.0000000000
77315  6.915  20.986  68.436 0.0000000000
77916  8.158  21.295  68.300 0.0000000000
77925  9.095  21.138  67.606 0.0000000000
79025  11.244  23.676  69.379 0.0000000000
78465  10.459  22.273  68.649 0.0000000000
77924  10.163  21.305  67.343 0.0000000000
105901  11.003  21.320  67.260 0.0000000000
77922  12.981  21.912  67.151 0.0000000000
78486  13.702  22.321  66.718 0.0000000000
79043  14.615  23.604  66.422 0.0000000000
80066  14.784  25.354  66.265 0.0000000000
80541  14.628  26.631  65.424 0.0000000000
81023  13.973  27.505  66.511 0.0000000000
116505  14.010  27.689  65.144 0.0000000000
81049  13.857  27.615  64.396 0.0000000000
68089  34.581  8.229  69.641 0.0000000000
68873  34.754  9.297  70.859 0.0000000000
68882  35.514  9.418  69.680 0.0000000000
68881  36.161  10.195  69.496 0.0000000000
69698  37.450  11.503  69.718 0.0000000000
68901  37.424  9.626  67.715 0.0000000000
103270  37.791  10.511  67.950 0.0000000000
70671  38.777  12.306  69.967 0.0000000000
71645  38.822  12.317  69.757 0.0000000000
71669  39.875  12.436  68.087 0.0000000000
121930  40.334  12.582  67.526 0.0000000000
66595  41.579  6.487  65.756 0.0000000000
67353  42.089  7.699  65.452 0.0000000000
68920  41.429  9.364  65.571 0.0000000000
68132  43.828  8.219  66.059 0.0000000000
69734  42.979  10.072  65.923 0.0000000000
69735  42.087  10.207  66.010 0.0000000000
113732  42.111  11.909  67.553 0.0000000000
71684  41.617  12.461  67.308 0.0000000000
106353  41.079  12.604  66.393 0.0000000000
71710  42.257  12.667  65.088 0.0000000000
72543  44.976  13.307  65.283 0.0000000000
103069  51.758  14.233  62.759 0.0000000000
71736  51.930  13.302  62.991 0.0000000000
71738  49.990  12.396  63.166 0.0000000000
71758  50.370  12.101  62.270 0.0000000000
70789  51.536  11.988  61.395 0.0000000000
70812  50.490  10.852  60.287 0.0000000000
68969  50.047  9.714  59.153 0.0000000000
68194  49.224  8.370  57.656 0.0000000000
68959  44.785  9.316  61.778 0.0000000000
68966  45.790  9.358  60.633 0.0000000000
68974  46.154  9.082  59.856 0.0000000000
67417  45.278  8.101  58.842 0.0000000000
68178  46.512  8.674  59.161 0.0000000000
68185  47.662  8.497  58.494 0.0000000000
67428  48.227  7.669  57.287 0.0000000000
74918  63.255  17.488  44.797 0.0000000000
74911  63.080  17.449  45.363 0.0000000000
74157  62.651  16.911  46.602 0.0000000000
78998  11.949  23.776  72.219 0.0000000000
80022  12.331  25.713  71.540 0.0000000000
72498  17.044  13.244  73.228 0.0000000000
62113  7.809  1.936  81.638 0.0000000000
63071  9.182  2.825  81.378 0.0000000000
57381  10.469  -3.669  79.593 0.0000000000
58417  9.982  -2.943  79.693 0.0000000000
58403  9.789  -1.994  80.142 0.0000000000
59406  11.201  -1.200  79.598 0.0000000000
59399  10.524  -1.516  79.870 0.0000000000
59394  9.345  -1.388  80.565 0.0000000000
60292  9.401  -0.723  80.987 0.0000000000
61200  9.550  0.119  81.518 0.0000000000
119560  8.819  0.315  82.001 0.0000000000
64055  15.359  3.468  82.010 0.0000000000
63055  14.403  2.729  82.203 0.0000000000
63056  13.506  2.604  82.076 0.0000000000
64915  14.437  4.149  81.924 0.0000000000
64051  13.677  3.213  82.103 0.0000000000
62100  12.197  1.921  81.995 0.0000000000
62101  11.410  1.745  82.056 0.0000000000
62102  10.612  1.657  82.304 0.0000000000
61182  8.885  1.174  82.698 0.0000000000
62091  8.733  1.921  83.039 0.0000000000
63045  9.525  2.102  82.690 0.0000000000
63060  9.503  2.635  82.161 0.0000000000
112252  11.077  4.449  81.793 0.0000000000
103058  10.036  3.841  82.086 0.0000000000
64058  9.396  3.253  81.524 0.0000000000
105722  9.624  3.754  81.140 0.0000000000
64924  9.525  5.169  81.222 0.0000000000
65742  8.802  5.712  80.866 0.0000000000
66500  7.966  7.061  80.923 0.0000000000
67255  7.890  8.013  80.440 0.0000000000
68030  8.739  8.418  79.173 0.0000000000
111599  8.768  8.521  79.652 0.0000000000
68815  8.952  9.212  78.203 0.0000000000
68822  8.560  9.791  77.563 0.0000000000
69647  8.344  10.934  77.303 0.0000000000
71608  8.480  12.447  76.688 0.0000000000
72479  8.654  13.301  76.359 0.0000000000
69643  12.689  10.340  77.701 0.0000000000
113103  12.299  10.951  77.312 0.0000000000
70606  11.158  12.158  76.675 0.0000000000
72467  12.464  14.249  77.057 0.0000000000
72476  11.526  13.856  76.558 0.0000000000
71606  10.759  12.928  76.424 0.0000000000
72477  10.401  13.753  76.323 0.0000000000
113885  9.544  15.271  76.322 0.0000000000
73936  8.948  15.740  76.353 0.0000000000
74669  9.257  17.093  76.394 0.0000000000
76064  10.017  18.091  75.423 0.0000000000
76674  10.250  19.171  75.383 0.0000000000
76074  11.128  18.900  74.785 0.0000000000
76676  10.743  19.770  74.829 0.0000000000
77253  10.533  20.324  74.385 0.0000000000
77885  11.225  21.743  73.219 0.0000000000
78419  11.938  22.965  72.244 0.0000000000
60390  35.781  -0.570  69.036 0.0000000000
120113  36.767  -4.761  76.648 0.0000000000
54215  36.179  -5.784  75.563 0.0000000000
68155  23.768  8.505  63.395 0.0000000000
118687  24.115  8.654  64.176 0.0000000000
67364  24.740  7.987  65.145 0.0000000000
108597  25.969  6.620  63.688 0.0000000000
66617  26.296  6.909  64.252 0.0000000000
62275  30.226  1.023  65.484 0.0000000000
63232  30.410  2.549  65.642 0.0000000000
65047  29.881  4.335  65.429 0.0000000000
64174  30.912  3.240  66.845 0.0000000000
64175  30.462  3.755  66.315 0.0000000000
65861  29.509  5.412  65.133 0.0000000000
66600  29.563  6.093  65.738 0.0000000000
66585  28.833  6.943  66.822 0.0000000000
66563  31.564  5.937  69.223 0.0000000000
106378  34.287  8.138  67.053 0.0000000000
67337  35.056  8.114  65.941 0.0000000000
67336  36.320  7.537  65.759 0.0000000000
65872  34.553  5.873  62.296 0.0000000000
66598  36.715  6.472  64.940 0.0000000000
67322  36.741  7.504  67.057 0.0000000000
67320  37.948  7.249  67.324 0.0000000000
66569  38.968  6.369  67.543 0.0000000000
65814  39.763  5.813  67.506 0.0000000000
64141  36.112  4.003  69.825 0.0000000000
64998  37.184  5.145  69.758 0.0000000000
65796  37.898  5.693  69.994 0.0000000000
117034  39.381  5.059  71.690 0.0000000000
65788  39.315  5.432  71.057 0.0000000000
65795  38.886  6.073  70.152 0.0000000000
65794  39.653  6.105  69.714 0.0000000000
121474  39.997  6.055  69.208 0.0000000000
122797  40.899  5.104  68.252 0.0000000000
65017  42.416  3.834  68.823 0.0000000000
123577  43.341  2.780  69.387 0.0000000000
63206  42.639  1.986  68.378 0.0000000000
103417  41.785  1.983  67.291 0.0000000000
80507  12.968  26.645  70.632 0.0000000000
81522  13.331  28.794  69.696 0.0000000000
106396  14.040  30.170  69.291 0.0000000000
82632  14.803  30.631  69.309 0.0000000000
83204  14.424  31.997  69.721 0.0000000000
64941  9.857  4.438  79.669 0.0000000000
64074  10.705  3.137  79.308 0.0000000000
118140  9.843  4.185  77.129 0.0000000000
117154  7.608  4.080  74.454 0.0000000000
64107  9.109  3.434  74.799 0.0000000000
63120  11.113  2.872  75.200 0.0000000000
71666  13.341  11.991  68.387 0.0000000000
71677  13.424  12.169  67.410 0.0000000000
71694  13.434  12.295  66.559 0.0000000000
74008  12.927  15.003  66.007 0.0000000000
72538  13.450  13.710  66.044 0.0000000000
71705  13.398  12.364  65.616 0.0000000000
108873  13.292  12.131  64.759 0.0000000000
71720  13.396  12.485  63.916 0.0000000000
76758  13.633  19.731  64.297 0.0000000000
76170  12.967  18.553  63.298 0.0000000000
75509  12.664  17.780  62.891 0.0000000000
76180  13.423  18.181  62.559 0.0000000000
74770  12.787  16.564  62.534 0.0000000000
70689  35.279  12.383  69.272 0.0000000000
105278  37.524  11.856  64.436 0.0000000000
74892  62.352  17.820  47.919 0.0000000000
74158  61.787  15.788  47.073 0.0000000000
72618  50.678  13.554  59.697 0.0000000000
72630  51.644  13.624  58.757 0.0000000000
72628  53.023  14.223  58.370 0.0000000000
71772  54.606  13.492  60.384 0.0000000000
104082  54.751  15.039  59.568 0.0000000000
73378  54.359  14.584  58.195 0.0000000000
104451  55.317  14.551  57.279 0.0000000000
124101  57.315  15.262  57.263 0.0000000000
73394  57.570  15.389  56.531 0.0000000000
70893  54.136  10.991  55.802 0.0000000000
70881  55.483  12.081  55.975 0.0000000000
71837  57.155  13.482  56.255 0.0000000000
72660  57.727  14.114  55.922 0.0000000000
73393  58.315  15.118  55.660 0.0000000000
73408  58.444  15.306  54.320 0.0000000000
73414  58.648  15.347  53.410 0.0000000000
74104  59.323  15.563  51.905 0.0000000000
73439  59.106  14.566  50.603 0.0000000000
73438  59.727  15.017  50.278 0.0000000000
74137  60.369  15.263  48.982 0.0000000000
73461  60.521  15.099  48.145 0.0000000000
73484  60.960  14.881  46.553 0.0000000000
62179  26.285  1.595  75.511 0.0000000000
61270  26.155  0.962  74.781 0.0000000000
61263  27.407  1.351  76.726 0.0000000000
60354  27.101  0.564  76.061 0.0000000000
80489  11.829  26.395  72.152 0.0000000000
108487  11.294  24.182  72.890 0.0000000000
114945  16.231  12.275  74.405 0.0000000000
70611  15.595  11.432  75.657 0.0000000000
58447  37.041  -2.978  75.902 0.0000000000
105311  36.474  -3.205  76.109 0.0000000000
59445  36.411  -1.706  76.074 0.0000000000
63082  9.720  2.602  80.750 0.0000000000
68892  12.013  8.958  69.956 0.0000000000
69703  12.767  10.527  69.413 0.0000000000
71797  46.752  12.407  59.707 0.0000000000
71796  47.603  12.549  59.558 0.0000000000
71812  47.908  12.272  58.855 0.0000000000
71811  48.731  12.419  58.690 0.0000000000
74168  62.714  16.106  45.853 0.0000000000
73494  61.917  15.043  45.441 0.0000000000
65772  17.067  5.325  73.451 0.0000000000
120323  20.988  2.700  67.050 0.0000000000
63234  21.413  2.539  66.483 0.0000000000
63233  22.028  2.252  66.081 0.0000000000
109733  18.572  -2.485  77.009 0.0000000000
58451  18.956  -2.071  76.685 0.0000000000
64099  18.685  3.894  74.839 0.0000000000
117146  17.779  4.636  74.554 0.0000000000
116054  20.188  -2.317  77.065 0.0000000000
58424  19.329  -2.890  78.110 0.0000000000
58425  18.652  -2.870  77.636 0.0000000000
55354  28.853  -5.143  73.798 0.0000000000
55344  28.782  -5.364  74.508 0.0000000000
55275  24.815  -5.438  79.477 0.0000000000
62279  22.320  2.329  65.417 0.0000000000
56415  28.063  -5.085  73.358 0.0000000000
82643  11.976  30.555  68.168 0.0000000000
86865  13.423  38.300  69.097 0.0000000000
86876  13.263  38.111  68.300 0.0000000000
72480  7.912  13.747  76.365 0.0000000000
72468  7.165  13.129  76.817 0.0000000000
72481  7.024  14.065  76.561 0.0000000000
75456  6.975  18.049  70.743 0.0000000000
82071  12.379  29.767  67.875 0.0000000000
65828  40.136  5.657  66.750 0.0000000000
65827  40.815  5.379  66.560 0.0000000000
123032  45.626  9.826  64.042 0.0000000000
69754  46.107  10.263  64.690 0.0000000000
68942  45.363  9.799  63.220 0.0000000000
61192  7.446  0.021  82.366 0.0000000000
61184  7.506  0.763  82.960 0.0000000000
68026  12.623  8.456  78.501 0.0000000000
68810  13.160  8.956  78.626 0.0000000000
119457  36.835  1.306  69.266 0.0000000000
61340  29.169  0.350  64.733 0.0000000000
108115  29.117  0.936  64.311 0.0000000000
61334  29.727  0.341  65.286 0.0000000000
65000  34.992  4.401  69.048 0.0000000000
62210  37.429  1.903  70.412 0.0000000000
65776  4.922  5.569  74.258 0.0000000000
64971  6.293  4.746  74.458 0.0000000000
104666  12.730  20.116  65.628 0.0000000000
76750  12.026  19.418  65.093 0.0000000000
103373  39.065  12.414  66.305 0.0000000000
74083  56.667  15.551  54.436 0.0000000000
74090  55.668  15.573  53.381 0.0000000000
74082  57.568  15.947  54.470 0.0000000000
62203  23.660  1.556  71.137 0.0000000000
60331  23.284  0.019  76.886 0.0000000000
118387  22.149  2.781  75.035 0.0000000000
63117  21.399  2.889  75.009 0.0000000000
58397  26.535  -2.518  79.599 0.0000000000
58398  25.842  -2.824  80.004 0.0000000000
59403  26.839  -1.928  79.504 0.0000000000
60330  24.530  -0.444  77.400 0.0000000000
122296  23.221  -0.651  77.005 0.0000000000
56399  26.191  -4.052  75.242 0.0000000000
58407  27.054  -1.783  79.255 0.0000000000
57360  26.597  -2.514  79.505 0.0000000000
111719  24.168  1.092  69.902 0.0000000000
57442  25.487  -3.389  74.042 0.0000000000
82042  9.918  30.870  72.346 0.0000000000
82039  9.938  30.415  72.492 0.0000000000
83777  12.795  32.726  70.178 0.0000000000
83213  13.459  32.066  69.837 0.0000000000
114685  10.283  19.550  75.056 0.0000000000
77887  7.893  21.655  71.404 0.0000000000
81512  9.526  28.874  73.038 0.0000000000
80971  9.310  28.323  73.084 0.0000000000
81516  9.586  28.974  72.674 0.0000000000
105984  9.858  28.841  72.022 0.0000000000
63204  44.169  2.514  67.910 0.0000000000
57358  6.590  -3.015  81.550 0.0000000000
66518  14.869  6.207  78.211 0.0000000000
69638  15.756  10.905  79.074 0.0000000000
116053  15.702  10.983  79.950 0.0000000000
69633  15.172  10.568  80.712 0.0000000000
60363  37.238  -0.919  73.064 0.0000000000
56412  36.356  -4.883  73.151 0.0000000000
62187  34.865  1.225  73.076 0.0000000000
61279  34.516  0.719  72.516 0.0000000000
62194  35.097  1.982  73.003 0.0000000000
61261  37.368  0.826  75.368 0.0000000000
67284  8.268  7.429  72.454 0.0000000000
67283  8.939  7.759  72.047 0.0000000000
122012  10.229  3.267  70.642 0.0000000000
109497  10.216  3.646  70.032 0.0000000000
65003  10.287  4.167  69.353 0.0000000000
115938  12.259  10.183  65.981 0.0000000000
69747  13.010  11.176  66.153 0.0000000000
80081  14.910  26.174  64.911 0.0000000000
122146  53.458  13.885  57.086 0.0000000000
68056  15.032  8.429  73.243 0.0000000000
67309  16.775  7.746  69.895 0.0000000000
68095  16.732  8.635  69.685 0.0000000000
121723  18.550  3.994  70.849 0.0000000000
117294  18.045  6.066  66.663 0.0000000000
66586  18.216  6.531  66.199 0.0000000000
117165  18.341  7.008  65.771 0.0000000000
66603  18.554  6.389  65.528 0.0000000000
65894  20.939  5.658  62.702 0.0000000000
66636  20.390  6.139  62.912 0.0000000000
66651  21.040  6.416  62.452 0.0000000000
67402  21.555  7.153  62.344 0.0000000000
56379  14.011  -4.275  78.598 0.0000000000
114667  14.459  -3.795  78.070 0.0000000000
61246  16.732  0.368  77.275 0.0000000000
63095  22.491  2.608  79.995 0.0000000000
63086  21.847  2.722  80.133 0.0000000000
64943  18.604  3.872  77.835 0.0000000000
64936  19.303  3.852  79.037 0.0000000000
64937  18.389  3.882  78.780 0.0000000000
67268  15.141  7.172  73.924 0.0000000000
68045  14.432  8.275  74.678 0.0000000000
58400  22.868  -3.216  79.767 0.0000000000
56342  18.336  -4.669  81.302 0.0000000000
56343  17.662  -4.588  81.507 0.0000000000
56396  32.854  -3.754  75.341 0.0000000000
54186  30.675  -7.440  77.690 0.0000000000
61345  25.094  0.956  64.799 0.0000000000
62294  25.369  1.195  64.210 0.0000000000
61344  25.751  0.632  64.397 0.0000000000
110924  26.385  0.596  64.100 0.0000000000
58527  24.944  -1.904  69.525 0.0000000000
59510  25.007  -1.216  68.180 0.0000000000
104852  28.705  -3.521  69.984 0.0000000000
57512  28.408  -3.398  69.148 0.0000000000
57526  28.849  -3.013  68.645 0.0000000000
57494  30.123  -2.837  69.918 0.0000000000
56403  32.239  -4.015  74.947 0.0000000000
84442  6.966  33.016  64.933 0.0000000000
84411  9.337  33.997  69.736 0.0000000000
84412  8.415  34.675  69.411 0.0000000000
85031  8.407  35.068  69.390 0.0000000000
68031  8.114  8.013  78.546 0.0000000000
68825  4.212  10.039  76.518 0.0000000000
68037  3.872  8.361  76.441 0.0000000000
68828  3.778  9.098  76.141 0.0000000000
68038  3.252  8.265  76.148 0.0000000000
75422  5.620  16.869  74.344 0.0000000000
115800  5.072  16.433  74.890 0.0000000000
74687  4.967  16.309  74.054 0.0000000000
72491  7.268  13.229  74.438 0.0000000000
71617  6.681  12.559  74.668 0.0000000000
112172  6.608  11.086  74.791 0.0000000000
70620  7.136  11.804  74.622 0.0000000000
70619  7.948  11.750  74.341 0.0000000000
73280  10.675  14.411  71.831 0.0000000000
114936  10.506  13.859  72.161 0.0000000000
72510  10.956  13.736  71.715 0.0000000000
73279  11.224  14.398  71.277 0.0000000000
73286  11.760  14.244  70.654 0.0000000000
76735  8.554  19.072  67.059 0.0000000000
76743  9.291  19.501  66.686 0.0000000000
111480  9.678  20.525  66.979 0.0000000000
79027  9.008  23.398  69.911 0.0000000000
80050  12.988  25.702  68.709 0.0000000000
115418  12.680  24.253  68.573 0.0000000000
79565  13.260  24.836  68.332 0.0000000000
79031  13.085  23.931  68.109 0.0000000000
119827  13.833  25.089  67.801 0.0000000000
80057  14.098  25.654  67.507 0.0000000000
82083  10.539  29.557  64.737 0.0000000000
82090  10.817  28.964  64.259 0.0000000000
68122  36.233  8.139  67.002 0.0000000000
68109  36.700  8.571  67.720 0.0000000000
69737  40.152  10.135  66.183 0.0000000000
69724  39.455  10.225  66.548 0.0000000000
69711  40.428  11.380  67.795 0.0000000000
66578  44.958  6.396  67.087 0.0000000000
69720  44.278  10.773  66.078 0.0000000000
70715  43.557  12.179  66.646 0.0000000000
104940  43.913  12.426  66.310 0.0000000000
71697  43.628  12.714  65.983 0.0000000000
117816  44.530  12.455  66.127 0.0000000000
104215  47.891  10.333  60.770 0.0000000000
68963  48.225  9.884  60.132 0.0000000000
70652  16.732  11.216  71.499 0.0000000000
71635  17.109  12.071  71.534 0.0000000000
61197  12.204  0.880  80.956 0.0000000000
65726  14.748  4.842  81.400 0.0000000000
66490  14.585  5.212  81.133 0.0000000000
64917  12.694  3.619  81.991 0.0000000000
64053  12.126  3.436  82.397 0.0000000000
67239  9.527  6.855  81.026 0.0000000000
66498  9.109  6.526  81.323 0.0000000000
67248  8.464  7.987  81.008 0.0000000000
74671  11.089  16.981  76.451 0.0000000000
75412  10.887  17.710  75.806 0.0000000000
53179  34.105  -7.576  77.266 0.0000000000
53195  34.472  -7.578  76.846 0.0000000000
105703  24.967  6.045  62.888 0.0000000000
65063  28.840  4.737  63.953 0.0000000000
66631  28.478  6.022  64.318 0.0000000000
62246  31.638  1.312  67.577 0.0000000000
110469  30.521  5.356  67.900 0.0000000000
102562  31.397  5.618  65.168 0.0000000000
109656  31.680  6.247  65.818 0.0000000000
66583  32.446  6.658  66.609 0.0000000000
102576  31.276  6.431  64.636 0.0000000000
102340  31.217  6.911  62.852 0.0000000000
102408  30.359  5.901  61.663 0.0000000000
66561  36.570  6.360  68.461 0.0000000000
123814  37.294  6.782  68.436 0.0000000000
65803  37.991  6.396  69.441 0.0000000000
64118  38.325  3.846  72.883 0.0000000000
64134  40.338  3.398  70.649 0.0000000000
64124  40.680  4.067  71.015 0.0000000000
64989  41.035  4.365  70.535 0.0000000000
123955  41.970  2.908  70.389 0.0000000000
63167  41.496  2.790  70.338 0.0000000000
64953  8.671  5.263  77.829 0.0000000000
73303  12.891  14.883  67.985 0.0000000000
74018  12.249  15.742  63.796 0.0000000000
74024  12.444  15.925  63.004 0.0000000000
70657  37.199  11.996  70.410 0.0000000000
71638  37.069  12.207  70.236 0.0000000000
74851  59.971  17.592  51.130 0.0000000000
75609  59.868  18.016  50.917 0.0000000000
75608  60.433  17.958  50.588 0.0000000000
104733  60.993  17.738  50.211 0.0000000000
72586  53.082  13.921  62.338 0.0000000000
73348  52.942  14.174  62.231 0.0000000000
71755  53.151  13.406  62.092 0.0000000000
71806  55.219  12.814  58.815 0.0000000000
71820  55.445  12.618  57.928 0.0000000000
71830  55.560  12.359  56.978 0.0000000000
70923  55.153  11.739  53.002 0.0000000000
71867  55.730  12.229  52.484 0.0000000000
71866  56.390  12.743  52.988 0.0000000000
72686  56.970  13.310  52.616 0.0000000000
71879  56.371  12.718  52.075 0.0000000000
114170  24.043  2.363  75.075 0.0000000000
62182  23.310  2.292  74.077 0.0000000000
107506  25.752  1.920  77.663 0.0000000000
62174  24.678  2.249  75.334 0.0000000000
60314  27.151  -0.790  78.195 0.0000000000
62153  27.193  1.727  77.773 0.0000000000
61237  27.244  0.979  77.989 0.0000000000
59462  25.818  -2.049  75.273 0.0000000000
60328  27.363  -0.243  77.421 0.0000000000
59427  27.222  -1.010  77.982 0.0000000000
61280  25.024  0.304  72.603 0.0000000000
60360  25.954  -0.505  74.113 0.0000000000
118012  25.668  -0.245  73.338 0.0000000000
80966  10.555  27.719  73.011 0.0000000000
80970  10.277  28.500  72.962 0.0000000000
80973  12.145  27.919  71.337 0.0000000000
114211  12.543  29.322  70.340 0.0000000000
108602  10.662  21.688  73.696 0.0000000000
78995  9.665  23.919  73.478 0.0000000000
78412  10.090  22.863  73.516 0.0000000000
105946  9.330  23.484  73.184 0.0000000000
80485  9.838  26.955  73.690 0.0000000000
80008  9.178  26.430  73.778 0.0000000000
62286  41.745  1.588  64.643 0.0000000000
123186  17.244  13.846  73.791 0.0000000000
56352  8.574  -4.202  81.083 0.0000000000
57356  8.019  -3.534  80.875 0.0000000000
57372  8.722  -3.490  80.478 0.0000000000
114696  14.427  8.926  77.040 0.0000000000
69641  15.314  10.660  77.231 0.0000000000
70591  15.689  11.232  77.998 0.0000000000
70590  16.168  11.859  77.767 0.0000000000
70603  16.259  12.173  77.078 0.0000000000
72484  16.606  13.289  75.804 0.0000000000
71604  16.344  12.736  76.526 0.0000000000
59465  37.385  -1.745  74.688 0.0000000000
57412  37.109  -3.599  75.732 0.0000000000
57423  37.224  -3.470  74.980 0.0000000000
56402  37.019  -4.607  74.420 0.0000000000
55326  36.729  -5.089  75.077 0.0000000000
59472  33.772  -1.799  73.672 0.0000000000
60352  35.291  -0.495  74.819 0.0000000000
61269  35.086  0.141  74.063 0.0000000000
61262  35.651  0.377  75.016 0.0000000000
59444  37.233  -1.612  76.095 0.0000000000
107026  37.358  -0.750  76.048 0.0000000000
62128  7.499  1.153  81.056 0.0000000000
62127  8.408  1.444  80.922 0.0000000000
68078  10.393  8.651  71.571 0.0000000000
67300  10.997  7.730  70.063 0.0000000000
119915  10.392  7.566  70.617 0.0000000000
65799  10.516  5.614  69.205 0.0000000000
105112  11.615  6.914  67.948 0.0000000000
66576  11.442  6.464  67.382 0.0000000000
67329  12.211  7.988  67.667 0.0000000000
69716  12.895  10.153  67.163 0.0000000000
120122  13.095  10.686  67.768 0.0000000000
74185  64.203  16.357  43.305 0.0000000000
73505  63.894  15.778  44.014 0.0000000000
66534  15.633  6.957  73.238 0.0000000000
110031  16.140  6.419  73.233 0.0000000000
65777  17.190  5.293  72.560 0.0000000000
112861  16.611  6.511  71.273 0.0000000000
63216  20.211  3.145  67.985 0.0000000000
64176  20.201  3.538  66.382 0.0000000000
64162  19.722  3.648  67.345 0.0000000000
64177  19.544  4.028  66.558 0.0000000000
65035  19.130  4.643  66.248 0.0000000000
64200  20.792  3.790  64.680 0.0000000000
57388  16.539  -3.712  78.096 0.0000000000
59452  17.673  -1.348  76.541 0.0000000000
58453  17.043  -1.858  76.672 0.0000000000
60347  17.332  -0.579  76.594 0.0000000000
61258  17.770  0.057  76.629 0.0000000000
64084  20.530  3.544  77.234 0.0000000000
64079  20.394  3.706  77.970 0.0000000000
64085  19.733  3.582  76.878 0.0000000000
64954  18.231  4.090  76.481 0.0000000000
64950  17.567  4.489  76.706 0.0000000000
65767  16.948  5.343  74.271 0.0000000000
65760  16.763  5.369  75.033 0.0000000000
57377  18.903  -3.527  79.801 0.0000000000
111531  18.204  -3.610  80.007 0.0000000000
57386  18.285  -3.525  78.975 0.0000000000
57387  17.398  -3.640  78.521 0.0000000000
55342  31.089  -4.752  74.665 0.0000000000
121692  31.647  -5.282  75.597 0.0000000000
55272  27.050  -5.961  78.880 0.0000000000
64217  22.331  3.522  63.556 0.0000000000
64198  22.059  3.121  64.269 0.0000000000
62297  23.155  2.099  65.205 0.0000000000
62277  24.446  1.336  65.232 0.0000000000
56456  26.468  -4.101  71.549 0.0000000000
57498  26.338  -3.646  70.179 0.0000000000
56475  27.709  -4.189  71.034 0.0000000000
117807  29.422  -3.917  71.592 0.0000000000
56413  31.170  -4.126  74.040 0.0000000000
82650  10.644  30.678  66.110 0.0000000000
83230  9.758  30.536  65.657 0.0000000000
83221  9.133  31.780  67.149 0.0000000000
83226  8.504  31.244  66.384 0.0000000000
83228  6.330  31.835  66.333 0.0000000000
83799  7.037  32.250  67.059 0.0000000000
103766  11.111  35.579  69.057 0.0000000000
85649  10.268  35.563  68.782 0.0000000000
85648  11.942  35.944  68.537 0.0000000000
85660  13.059  36.336  67.017 0.0000000000
69648  7.360  10.504  77.144 0.0000000000
103917  6.871  11.045  77.132 0.0000000000
69650  5.897  10.934  77.099 0.0000000000
70600  5.207  11.628  77.232 0.0000000000
71602  4.510  12.245  77.092 0.0000000000
75445  5.828  17.233  72.558 0.0000000000
74705  5.728  16.931  72.648 0.0000000000
73973  6.993  16.357  72.636 0.0000000000
73963  7.360  15.635  73.059 0.0000000000
105903  7.539  15.038  73.460 0.0000000000
73962  8.285  15.012  73.218 0.0000000000
73972  8.272  15.722  72.662 0.0000000000
74712  9.122  16.576  71.464 0.0000000000
74728  9.827  16.943  69.882 0.0000000000
76131  7.554  19.028  68.591 0.0000000000
75471  8.343  18.286  68.853 0.0000000000
76140  8.103  18.924  67.717 0.0000000000
80999  12.475  27.319  69.126 0.0000000000
112800  13.035  27.085  68.651 0.0000000000
82075  12.665  29.608  67.036 0.0000000000
82655  11.212  30.212  65.664 0.0000000000
122261  38.354  7.411  66.776 0.0000000000
67335  38.008  7.945  66.887 0.0000000000
66597  40.011  6.821  65.860 0.0000000000
67356  39.786  7.744  65.761 0.0000000000
68136  40.107  8.617  65.571 0.0000000000
120895  40.504  8.081  65.526 0.0000000000
67375  46.142  7.380  65.919 0.0000000000
68131  46.164  8.250  65.918 0.0000000000
69733  46.163  9.660  66.023 0.0000000000
69718  46.086  10.370  66.056 0.0000000000
69717  46.119  11.090  65.626 0.0000000000
70739  46.940  11.929  65.015 0.0000000000
71724  47.766  12.325  64.525 0.0000000000
71723  48.802  12.447  64.147 0.0000000000
70752  47.691  11.845  63.701 0.0000000000
105867  46.517  10.637  62.172 0.0000000000
113970  17.679  11.850  69.307 0.0000000000
72524  18.520  13.556  68.380 0.0000000000
61186  4.127  0.477  83.623 0.0000000000
62093  6.980  1.332  83.157 0.0000000000
63047  7.506  1.924  83.117 0.0000000000
61217  14.454  0.667  79.136 0.0000000000
62108  15.223  2.162  81.364 0.0000000000
62109  14.271  1.954  81.314 0.0000000000
106710  14.032  6.029  81.201 0.0000000000
66503  13.677  6.220  80.771 0.0000000000
67253  10.586  7.563  79.359 0.0000000000
68812  11.289  9.037  78.055 0.0000000000
116339  11.858  10.295  77.474 0.0000000000
75419  12.245  17.301  74.678 0.0000000000
75430  12.804  17.556  73.662 0.0000000000
63298  27.789  3.063  62.758 0.0000000000
63265  29.213  2.583  63.851 0.0000000000
119630  28.799  2.855  63.418 0.0000000000
64213  29.072  3.331  63.702 0.0000000000
64197  29.521  3.108  64.323 0.0000000000
63196  32.781  2.644  68.975 0.0000000000
108395  32.738  3.838  68.764 0.0000000000
102571  33.190  5.044  68.559 0.0000000000
102689  32.916  4.989  66.737 0.0000000000
102201  33.258  4.220  66.074 0.0000000000
102546  33.125  3.674  64.909 0.0000000000
103281  36.127  5.850  68.408 0.0000000000
65797  36.585  5.303  69.321 0.0000000000
63131  38.992  2.729  73.760 0.0000000000
63143  39.048  2.965  73.153 0.0000000000
109534  39.695  3.108  70.895 0.0000000000
63179  39.947  2.792  70.215 0.0000000000
63169  38.759  2.669  70.151 0.0000000000
63181  37.520  2.222  68.991 0.0000000000
63180  38.380  2.546  69.156 0.0000000000
65763  6.556  4.905  75.618 0.0000000000
103748  7.674  4.080  74.862 0.0000000000
119767  7.788  4.227  75.262 0.0000000000
63164  10.636  2.145  71.871 0.0000000000
63152  10.779  2.301  72.614 0.0000000000
75485  10.487  17.425  65.765 0.0000000000
75493  10.819  17.590  64.876 0.0000000000
76161  11.608  18.420  64.279 0.0000000000
75501  11.296  17.756  64.209 0.0000000000
75511  11.715  18.111  63.834 0.0000000000
123319  38.443  12.682  68.859 0.0000000000
121908  37.095  12.234  66.921 0.0000000000
70718  35.542  11.767  66.450 0.0000000000
123065  36.574  11.922  65.683 0.0000000000
73417  53.825  14.995  52.625 0.0000000000
75577  57.500  17.551  53.242 0.0000000000
75576  58.216  17.116  53.257 0.0000000000
113368  58.544  17.398  52.768 0.0000000000
74836  58.816  16.623  53.053 0.0000000000
70838  51.866  10.984  59.737 0.0000000000
69837  52.224  10.635  58.984 0.0000000000
69871  52.568  10.005  57.296 0.0000000000
69870  53.308  10.561  56.992 0.0000000000
117315  19.321  3.572  74.437 0.0000000000
114096  20.539  2.946  72.854 0.0000000000
115549  20.157  3.092  71.802 0.0000000000
62190  23.126  2.202  73.248 0.0000000000
62191  22.144  2.423  72.910 0.0000000000
63161  21.366  2.497  70.808 0.0000000000
62226  22.672  1.795  69.354 0.0000000000
120288  22.434  1.889  68.287 0.0000000000
120167  21.169  -1.401  76.669 0.0000000000
60343  21.237  -0.675  76.525 0.0000000000
111960  22.840  0.941  77.196 0.0000000000
61240  21.852  0.872  77.020 0.0000000000
62144  22.872  2.451  78.784 0.0000000000
62143  23.741  2.822  78.992 0.0000000000
63099  24.745  2.978  77.752 0.0000000000
64081  24.474  3.227  77.730 0.0000000000
64089  23.240  3.414  77.264 0.0000000000
64082  23.937  3.395  78.091 0.0000000000
64083  21.887  3.584  77.737 0.0000000000
64090  21.592  3.283  76.361 0.0000000000
64097  20.585  3.118  74.972 0.0000000000
121535  20.329  3.282  75.615 0.0000000000
122008  19.205  3.607  74.967 0.0000000000
56355  25.362  -4.401  79.942 0.0000000000
57363  25.177  -3.696  80.009 0.0000000000
58408  25.382  -2.670  79.720 0.0000000000
59416  22.855  -2.126  77.700 0.0000000000
59432  21.507  -1.884  76.950 0.0000000000
55345  27.440  -5.271  74.925 0.0000000000
55299  27.104  -5.141  76.922 0.0000000000
57410  25.958  -3.153  76.309 0.0000000000
57384  26.645  -2.910  78.517 0.0000000000
62248  23.189  1.619  67.911 0.0000000000
60370  25.107  -0.229  72.312 0.0000000000
120787  24.806  -0.510  71.777 0.0000000000
58503  24.916  -2.933  71.667 0.0000000000
112363  25.438  -3.415  71.221 0.0000000000
57482  25.364  -3.524  71.988 0.0000000000
104686  26.478  -4.605  73.695 0.0000000000
56435  26.196  -4.303  72.906 0.0000000000
56416  27.166  -4.991  73.486 0.0000000000
82058  11.330  29.713  70.190 0.0000000000
82634  10.897  31.064  70.542 0.0000000000
83780  10.817  32.225  70.251 0.0000000000
82041  10.924  29.963  71.961 0.0000000000
82623  11.524  30.658  70.944 0.0000000000
83778  11.481  32.517  70.525 0.0000000000
83206  11.004  31.766  70.735 0.0000000000
102767  10.805  32.816  70.378 0.0000000000
84393  10.783  33.574  70.830 0.0000000000
120706  10.869  34.139  70.979 0.0000000000
84392  11.360  33.975  70.968 0.0000000000
116509  12.910  35.065  70.713 0.0000000000
85630  12.232  35.339  70.609 0.0000000000
85629  13.093  36.024  70.658 0.0000000000
86248  13.072  36.594  70.328 0.0000000000
118737  13.414  36.520  70.567 0.0000000000
74672  8.467  17.025  76.197 0.0000000000
74673  7.807  16.746  76.141 0.0000000000
102826  8.630  17.332  75.929 0.0000000000
75414  8.146  17.352  75.857 0.0000000000
76070  7.869  17.672  75.144 0.0000000000
76077  7.419  18.025  74.100 0.0000000000
77264  10.388  21.107  73.631 0.0000000000
76688  9.753  20.160  73.189 0.0000000000
76689  9.179  19.159  73.216 0.0000000000
76102  7.693  18.746  72.468 0.0000000000
77290  7.514  20.660  71.012 0.0000000000
76709  6.139  18.972  70.442 0.0000000000
79020  7.455  23.506  71.145 0.0000000000
79553  8.461  24.632  71.282 0.0000000000
80015  7.922  25.453  73.138 0.0000000000
121985  7.799  24.572  72.532 0.0000000000
80023  8.895  26.333  72.474 0.0000000000
81524  10.581  28.904  71.237 0.0000000000
64173  43.119  3.691  68.110 0.0000000000
64155  45.044  3.387  67.436 0.0000000000
65015  45.166  4.139  67.267 0.0000000000
65812  45.137  4.787  67.257 0.0000000000
64154  45.374  3.897  67.068 0.0000000000
122783  45.986  5.906  65.810 0.0000000000
65857  45.513  5.640  65.175 0.0000000000
66613  44.174  6.232  64.052 0.0000000000
67388  44.453  7.668  63.963 0.0000000000
59396  7.270  -1.562  81.469 0.0000000000
60285  7.366  -0.719  81.830 0.0000000000
64931  16.187  4.292  80.216 0.0000000000
65744  15.032  5.390  80.138 0.0000000000
67256  14.329  7.563  78.223 0.0000000000
68012  14.836  9.051  80.929 0.0000000000
69634  14.921  10.282  81.136 0.0000000000
68807  14.445  9.883  80.636 0.0000000000
68808  13.904  8.882  79.868 0.0000000000
72462  14.301  12.729  78.409 0.0000000000
72464  15.821  12.474  77.869 0.0000000000
73242  14.619  14.113  76.857 0.0000000000
61283  37.310  1.038  71.798 0.0000000000
60374  36.708  -0.666  71.351 0.0000000000
58498  36.110  -2.075  70.976 0.0000000000
122268  36.307  -2.408  71.596 0.0000000000
58481  37.310  -2.514  73.925 0.0000000000
59519  31.016  -0.945  67.925 0.0000000000
60405  30.693  -0.521  67.142 0.0000000000
60397  32.147  -0.235  68.776 0.0000000000
61309  32.362  0.814  68.597 0.0000000000
59478  34.100  -0.802  72.773 0.0000000000
60369  33.888  -0.528  72.043 0.0000000000
61285  33.773  0.506  71.149 0.0000000000
61299  33.120  0.758  69.814 0.0000000000
62223  33.337  1.524  70.018 0.0000000000
62213  33.833  1.699  70.813 0.0000000000
63183  34.167  3.160  70.054 0.0000000000
64129  34.794  3.191  70.784 0.0000000000
112843  35.968  2.856  73.377 0.0000000000
64111  35.944  3.155  72.789 0.0000000000
64110  36.599  3.234  73.491 0.0000000000
105693  37.191  3.210  74.436 0.0000000000
62169  36.829  1.799  76.038 0.0000000000
63109  37.497  2.381  75.120 0.0000000000
64094  38.113  2.928  74.798 0.0000000000
63121  38.515  2.821  74.180 0.0000000000
62185  38.263  2.382  74.228 0.0000000000
61278  37.327  0.517  72.651 0.0000000000
62193  37.594  1.447  72.789 0.0000000000
115399  6.743  6.820  73.129 0.0000000000
64981  8.181  4.575  72.667 0.0000000000
65785  8.434  5.344  71.796 0.0000000000
66542  9.231  6.515  71.093 0.0000000000
64988  9.456  4.277  71.390 0.0000000000
63166  9.979  2.871  71.889 0.0000000000
104512  10.568  1.991  70.941 0.0000000000
62219  11.150  1.261  70.511 0.0000000000
116135  10.455  4.273  68.014 0.0000000000
78493  14.936  23.136  65.801 0.0000000000
118355  14.660  22.453  65.785 0.0000000000
79595  15.578  24.537  64.475 0.0000000000
79049  15.454  23.369  65.188 0.0000000000
71713  39.654  12.253  64.277 0.0000000000
72661  54.587  13.831  55.429 0.0000000000
73396  55.361  14.318  55.347 0.0000000000
69660  15.063  10.531  74.827 0.0000000000
68833  15.194  10.429  73.936 0.0000000000
68859  15.349  9.517  72.855 0.0000000000
69674  15.460  10.248  73.160 0.0000000000
69685  15.915  10.176  72.397 0.0000000000
69684  16.346  10.993  72.270 0.0000000000
122142  15.856  7.521  72.201 0.0000000000
113812  16.438  8.876  70.424 0.0000000000
68879  16.393  9.500  70.905 0.0000000000
107586  16.547  10.392  71.177 0.0000000000
69709  17.740  10.614  68.196 0.0000000000
64978  18.161  4.303  72.036 0.0000000000
64993  18.127  4.459  70.633 0.0000000000
66546  17.369  5.796  70.263 0.0000000000
121887  17.521  5.813  69.584 0.0000000000
64152  18.641  4.345  68.575 0.0000000000
64145  18.696  4.091  69.357 0.0000000000
65809  17.615  6.161  68.201 0.0000000000
103286  17.448  6.327  69.047 0.0000000000
66567  17.421  6.985  68.447 0.0000000000
67317  17.269  7.798  68.606 0.0000000000
67328  17.502  7.626  67.869 0.0000000000
68128  17.959  8.074  66.509 0.0000000000
68117  17.629  8.344  67.370 0.0000000000
68913  18.144  9.293  66.179 0.0000000000
68936  18.713  9.263  64.799 0.0000000000
65863  19.434  5.596  64.529 0.0000000000
66620  18.970  6.353  64.710 0.0000000000
66619  19.362  6.586  63.964 0.0000000000
67404  20.024  7.360  62.895 0.0000000000
67396  19.402  7.403  63.627 0.0000000000
68156  19.706  8.094  63.145 0.0000000000
112182  19.448  8.765  63.576 0.0000000000
68954  20.079  8.873  62.851 0.0000000000
122240  20.588  9.199  62.651 0.0000000000
107668  21.553  8.757  62.366 0.0000000000
106751  22.355  8.826  62.443 0.0000000000
58427  13.085  -3.061  78.123 0.0000000000
56381  12.319  -4.046  78.904 0.0000000000
57401  15.477  -2.763  77.349 0.0000000000
60334  15.058  -0.888  77.414 0.0000000000
60318  14.550  -0.497  77.953 0.0000000000
61233  14.866  0.246  78.460 0.0000000000
62137  16.776  1.570  79.589 0.0000000000
62122  16.487  1.955  80.482 0.0000000000
61255  20.503  -0.102  76.467 0.0000000000
61242  19.956  0.692  76.851 0.0000000000
62161  18.572  1.095  77.551 0.0000000000
64934  20.753  3.892  78.946 0.0000000000
64071  20.504  3.344  79.650 0.0000000000
64064  20.035  2.971  80.132 0.0000000000
63089  19.129  2.311  80.252 0.0000000000
63080  18.727  2.619  80.999 0.0000000000
63067  18.798  2.846  81.081 0.0000000000
64059  18.242  3.109  81.093 0.0000000000
64939  16.333  4.505  79.158 0.0000000000
65752  15.443  5.625  77.833 0.0000000000
65761  16.544  5.348  75.798 0.0000000000
65762  15.829  5.742  76.108 0.0000000000
119164  14.674  7.039  75.427 0.0000000000
123906  14.750  6.744  76.092 0.0000000000
67263  14.411  7.381  76.209 0.0000000000
56357  23.725  -4.155  79.869 0.0000000000
55258  21.055  -4.625  79.627 0.0000000000
57366  20.653  -3.721  79.970 0.0000000000
54137  17.680  -5.951  81.399 0.0000000000
56360  14.769  -4.708  80.972 0.0000000000
108106  34.487  -2.908  76.185 0.0000000000
57407  34.802  -3.341  76.700 0.0000000000
55312  31.472  -5.782  76.012 0.0000000000
53158  33.242  -7.450  77.907 0.0000000000
52139  32.994  -8.851  78.140 0.0000000000
55315  28.051  -5.634  76.337 0.0000000000
68160  22.761  8.016  62.571 0.0000000000
113070  23.624  5.736  62.478 0.0000000000
65890  24.502  5.472  62.606 0.0000000000
107698  23.006  3.276  63.423 0.0000000000
64216  23.638  3.383  63.116 0.0000000000
63301  25.089  2.898  63.000 0.0000000000
63300  26.015  3.009  62.795 0.0000000000
61343  27.099  0.337  64.079 0.0000000000
61342  27.876  0.259  64.167 0.0000000000
60433  28.169  -0.323  64.619 0.0000000000
62247  23.937  1.220  67.820 0.0000000000
61321  24.284  0.796  67.756 0.0000000000
60415  25.029  -0.538  66.787 0.0000000000
107568  25.077  -0.100  65.928 0.0000000000
59533  25.677  -1.295  66.551 0.0000000000
57514  26.568  -3.471  69.351 0.0000000000
57530  26.115  -3.129  68.972 0.0000000000
57529  26.714  -3.209  68.513 0.0000000000
57543  27.628  -2.840  67.713 0.0000000000
57544  26.888  -2.775  67.694 0.0000000000
58561  26.816  -2.206  66.852 0.0000000000
59532  26.400  -1.674  66.308 0.0000000000
59531  27.193  -1.762  66.042 0.0000000000
58560  27.514  -2.113  66.533 0.0000000000
58558  28.695  -2.178  66.867 0.0000000000
58548  29.932  -2.005  67.723 0.0000000000
58515  30.822  -2.639  70.373 0.0000000000
58524  30.810  -2.304  69.474 0.0000000000
57458  32.139  -3.058  73.076 0.0000000000
58490  33.227  -2.123  73.128 0.0000000000
58477  32.919  -2.870  74.109 0.0000000000
57413  33.429  -3.562  75.778 0.0000000000
83786  10.874  32.290  69.237 0.0000000000
83792  10.833  32.176  68.128 0.0000000000
84423  7.577  34.401  68.253 0.0000000000
122675  7.167  33.878  67.907 0.0000000000
84427  6.811  33.782  67.574 0.0000000000
84431  6.164  33.399  66.943 0.0000000000
85668  10.646  35.290  66.963 0.0000000000
85669  9.338  35.199  67.376 0.0000000000
85070  9.635  34.099  64.941 0.0000000000
66512  8.101  6.631  80.024 0.0000000000
67264  4.538  7.531  76.582 0.0000000000
67262  5.757  7.463  76.821 0.0000000000
121924  6.365  6.321  76.986 0.0000000000
66525  4.520  6.052  76.201 0.0000000000
66530  3.481  6.365  75.486 0.0000000000
66529  4.010  5.894  75.712 0.0000000000
66532  3.735  6.186  74.830 0.0000000000
65771  4.384  5.654  74.770 0.0000000000
67270  3.899  6.948  74.391 0.0000000000
73939  6.171  15.815  76.299 0.0000000000
73247  5.726  14.914  76.512 0.0000000000
73942  4.237  14.846  75.445 0.0000000000
72483  4.097  13.675  75.991 0.0000000000
71610  4.156  12.292  76.500 0.0000000000
71613  3.990  12.911  75.993 0.0000000000
73964  5.302  15.791  73.547 0.0000000000
73955  4.734  15.757  74.051 0.0000000000
73954  5.114  15.265  73.967 0.0000000000
71618  5.547  12.696  74.919 0.0000000000
70613  4.260  11.319  75.779 0.0000000000
69657  4.559  10.706  75.507 0.0000000000
68832  3.693  9.224  75.820 0.0000000000
68837  5.039  8.966  74.629 0.0000000000
68047  5.828  8.536  74.109 0.0000000000
68046  6.752  8.864  74.016 0.0000000000
68058  8.424  8.781  73.255 0.0000000000
72499  9.391  13.545  73.270 0.0000000000
71624  9.034  12.761  73.695 0.0000000000
71630  10.224  11.991  72.815 0.0000000000
69675  9.473  10.429  73.057 0.0000000000
70641  10.191  10.987  72.635 0.0000000000
109741  12.199  11.832  70.960 0.0000000000
71644  12.571  12.122  70.458 0.0000000000
73292  12.019  14.743  70.049 0.0000000000
73992  12.265  15.062  69.313 0.0000000000
73997  12.389  15.301  68.500 0.0000000000
110477  9.885  17.613  66.381 0.0000000000
116907  10.141  19.938  66.464 0.0000000000
118794  6.425  21.233  68.914 0.0000000000
106968  9.031  21.712  68.218 0.0000000000
77327  8.088  20.626  67.924 0.0000000000
79560  11.422  24.436  69.501 0.0000000000
78464  11.434  22.489  68.549 0.0000000000
77915  9.837  21.794  67.967 0.0000000000
77914  10.981  21.805  67.949 0.0000000000
78477  11.878  22.151  68.104 0.0000000000
79044  13.924  23.161  66.880 0.0000000000
80056  14.469  25.562  66.896 0.0000000000
108758  14.798  26.052  65.758 0.0000000000
123667  13.710  27.950  66.757 0.0000000000
110613  13.669  28.123  66.263 0.0000000000
81561  12.219  28.604  64.249 0.0000000000
81555  13.558  28.281  65.377 0.0000000000
124273  13.659  27.990  64.793 0.0000000000
81560  13.075  28.172  64.211 0.0000000000
68099  34.758  8.155  68.779 0.0000000000
68883  34.950  8.894  70.026 0.0000000000
68088  35.190  8.665  69.271 0.0000000000
68894  36.463  9.651  68.644 0.0000000000
68895  35.821  9.156  68.958 0.0000000000
69699  36.702  11.169  69.797 0.0000000000
69706  36.837  10.612  69.023 0.0000000000
68911  37.708  9.158  67.245 0.0000000000
69713  38.605  10.836  67.718 0.0000000000
69704  38.460  11.326  68.702 0.0000000000
70686  39.091  11.970  69.635 0.0000000000
70685  39.180  11.646  68.864 0.0000000000
70698  41.065  11.839  68.227 0.0000000000
102623  40.380  11.771  68.293 0.0000000000
71668  40.796  12.414  68.024 0.0000000000
65843  42.068  5.911  66.085 0.0000000000
67352  43.178  7.506  65.818 0.0000000000
66594  42.404  6.787  65.748 0.0000000000
68134  41.741  8.547  65.432 0.0000000000
123362  44.682  8.116  66.333 0.0000000000
68908  44.641  8.850  66.326 0.0000000000
119187  43.503  10.749  66.125 0.0000000000
69722  41.835  11.167  66.857 0.0000000000
71683  42.330  12.355  66.939 0.0000000000
70696  41.849  12.103  67.685 0.0000000000
71711  41.284  12.555  65.247 0.0000000000
120119  42.826  12.796  64.390 0.0000000000
72563  43.679  13.273  63.361 0.0000000000
72532  45.940  13.057  65.533 0.0000000000
72533  45.234  13.047  65.574 0.0000000000
72558  51.062  14.006  63.291 0.0000000000
72570  51.630  13.815  63.036 0.0000000000
73335  51.619  14.088  62.888 0.0000000000
71722  49.851  12.727  64.224 0.0000000000
70791  49.925  11.537  61.572 0.0000000000
70790  50.607  11.704  61.516 0.0000000000
120510  50.747  11.367  60.869 0.0000000000
118675  51.316  11.256  60.415 0.0000000000
68970  49.263  9.607  59.293 0.0000000000
68985  49.593  9.249  58.649 0.0000000000
69005  49.878  8.797  58.016 0.0000000000
120810  49.199  8.795  58.271 0.0000000000
68167  44.281  8.848  61.228 0.0000000000
68172  45.390  8.854  60.066 0.0000000000
68187  46.050  8.193  58.674 0.0000000000
68177  47.265  8.853  59.015 0.0000000000
68186  46.928  8.204  58.467 0.0000000000
67429  47.616  7.334  57.224 0.0000000000
104357  62.986  17.363  43.990 0.0000000000
75653  62.864  17.703  45.435 0.0000000000
74903  62.688  17.687  46.158 0.0000000000
74156  63.008  17.097  45.905 0.0000000000
74904  62.607  17.824  47.125 0.0000000000
79540  12.545  24.254  71.386 0.0000000000
63050  4.189  2.373  83.950 0.0000000000
63065  4.495  2.340  83.306 0.0000000000
63075  5.231  2.005  82.302 0.0000000000
62115  5.963  1.374  81.565 0.0000000000
62114  6.875  1.456  81.566 0.0000000000
64928  9.494  4.272  81.328 0.0000000000
56372  11.149  -4.132  79.537 0.0000000000
58404  9.224  -2.814  80.170 0.0000000000
61219  12.899  0.036  79.696 0.0000000000
60305  11.892  -0.878  79.402 0.0000000000
60296  12.183  -0.184  79.929 0.0000000000
60298  10.811  -0.750  80.201 0.0000000000
60299  10.044  -0.973  80.493 0.0000000000
59395  8.729  -1.270  80.936 0.0000000000
64914  14.808  3.873  82.069 0.0000000000
64049  14.814  3.233  82.362 0.0000000000
63040  14.668  2.978  82.454 0.0000000000
63041  14.076  2.893  82.262 0.0000000000
65725  14.384  4.698  81.629 0.0000000000
64916  13.876  4.382  81.829 0.0000000000
64052  12.757  3.133  82.376 0.0000000000
63042  13.112  2.852  82.363 0.0000000000
63057  12.591  2.510  82.338 0.0000000000
63058  11.818  2.377  82.606 0.0000000000
62089  11.088  2.214  82.731 0.0000000000
62103  9.718  1.702  82.826 0.0000000000
63059  10.196  2.549  82.232 0.0000000000
106244  9.955  3.016  82.084 0.0000000000
64922  10.249  4.406  82.026 0.0000000000
64923  9.577  4.564  81.760 0.0000000000
65738  8.854  5.807  81.206 0.0000000000
66507  8.300  6.463  80.829 0.0000000000
68014  8.033  8.239  80.737 0.0000000000
68022  8.139  8.158  79.831 0.0000000000
68029  9.510  8.712  78.768 0.0000000000
115587  8.746  10.460  77.506 0.0000000000
70608  9.105  11.846  76.855 0.0000000000
70597  8.224  11.647  77.111 0.0000000000
69642  13.216  11.217  77.759 0.0000000000
71598  13.042  12.903  77.436 0.0000000000
70605  12.172  12.400  76.842 0.0000000000
70594  11.746  11.510  76.952 0.0000000000
110909  12.815  14.375  77.257 0.0000000000
73237  12.512  15.009  77.284 0.0000000000
71605  11.613  12.917  76.601 0.0000000000
73245  9.894  14.517  76.284 0.0000000000
117416  8.795  14.492  76.207 0.0000000000
122349  9.052  16.535  76.505 0.0000000000
75407  10.253  17.647  75.618 0.0000000000
75408  9.915  17.648  75.636 0.0000000000
76067  10.172  18.622  75.433 0.0000000000
76687  11.441  19.450  73.903 0.0000000000
107492  11.142  20.338  74.011 0.0000000000
77262  10.955  21.107  73.925 0.0000000000
114171  36.505  -0.377  70.515 0.0000000000
60389  36.349  -0.109  69.699 0.0000000000
55293  36.048  -4.764  77.030 0.0000000000
56390  36.614  -4.548  76.996 0.0000000000
55308  36.326  -5.252  76.880 0.0000000000
54216  35.633  -6.341  76.056 0.0000000000
55341  36.157  -5.699  74.517 0.0000000000
106537  35.634  -6.306  74.996 0.0000000000
53208  34.209  -8.031  75.630 0.0000000000
67395  23.488  8.026  62.979 0.0000000000
67393  24.679  7.365  63.944 0.0000000000
67394  24.043  7.934  63.738 0.0000000000
67383  25.003  7.575  64.727 0.0000000000
65876  26.790  5.574  62.984 0.0000000000
66602  28.156  6.813  65.317 0.0000000000
67341  27.310  7.632  66.427 0.0000000000
61326  30.777  0.864  66.371 0.0000000000
63231  30.877  2.496  66.466 0.0000000000
62261  30.630  1.750  65.960 0.0000000000
64186  30.209  3.342  65.536 0.0000000000
64159  31.802  2.933  67.967 0.0000000000
64160  31.284  3.459  67.618 0.0000000000
65034  30.352  4.559  66.612 0.0000000000
66552  31.153  6.296  69.657 0.0000000000
119541  33.753  7.164  68.947 0.0000000000
67304  33.484  7.311  69.598 0.0000000000
67312  34.177  7.639  69.231 0.0000000000
67379  33.807  7.624  63.685 0.0000000000
67358  34.230  7.817  64.906 0.0000000000
113196  34.703  7.655  64.407 0.0000000000
67357  35.385  7.667  64.925 0.0000000000
103515  33.592  3.728  62.879 0.0000000000
65873  33.284  5.513  61.273 0.0000000000
65078  34.344  4.760  62.286 0.0000000000
65859  36.648  5.921  64.420 0.0000000000
66582  36.869  6.617  65.964 0.0000000000
111099  37.061  7.072  67.596 0.0000000000
66558  38.630  6.550  68.379 0.0000000000
66570  38.237  6.804  67.696 0.0000000000
64135  36.630  3.968  70.380 0.0000000000
64992  37.490  4.666  70.371 0.0000000000
64991  38.472  5.296  70.738 0.0000000000
64976  38.719  3.989  72.354 0.0000000000
106362  38.854  4.408  72.155 0.0000000000
64983  39.336  4.747  71.767 0.0000000000
111988  40.126  5.642  70.234 0.0000000000
65793  40.453  5.513  69.605 0.0000000000
65005  41.272  4.786  69.074 0.0000000000
65800  40.331  5.565  68.526 0.0000000000
65004  42.102  3.799  69.680 0.0000000000
63176  42.973  2.648  69.755 0.0000000000
64147  43.061  3.126  69.704 0.0000000000
63190  43.259  2.383  69.177 0.0000000000
105133  40.297  2.520  69.498 0.0000000000
63192  41.472  2.219  69.559 0.0000000000
63208  40.488  2.284  67.324 0.0000000000
63226  41.095  2.143  66.233 0.0000000000
80495  12.931  25.891  70.812 0.0000000000
80998  13.518  27.773  69.833 0.0000000000
82057  14.014  29.280  69.274 0.0000000000
83203  15.307  31.837  69.785 0.0000000000
83211  15.462  31.159  69.507 0.0000000000
83212  14.684  31.341  69.504 0.0000000000
64940  10.324  4.025  78.923 0.0000000000
122712  10.682  2.456  79.479 0.0000000000
63097  10.909  2.227  78.924 0.0000000000
63101  11.348  2.318  78.178 0.0000000000
64975  7.115  4.404  74.090 0.0000000000
64100  10.132  3.159  74.901 0.0000000000
63140  11.179  2.552  73.507 0.0000000000
63139  12.151  2.222  73.681 0.0000000000
71654  13.135  12.200  69.332 0.0000000000
70695  13.077  11.314  69.145 0.0000000000
72519  13.276  12.892  68.786 0.0000000000
106690  13.405  12.834  67.933 0.0000000000
116357  13.476  12.900  67.136 0.0000000000
74009  12.555  15.490  66.265 0.0000000000
115129  12.442  15.572  65.511 0.0000000000
73316  13.242  14.380  65.597 0.0000000000
72548  13.508  13.130  65.603 0.0000000000
110612  13.521  13.008  66.328 0.0000000000
110140  13.459  12.880  64.872 0.0000000000
70763  13.179  11.670  63.259 0.0000000000
77361  13.603  20.249  65.053 0.0000000000
77360  14.419  20.410  64.457 0.0000000000
104598  13.665  19.266  63.589 0.0000000000
75530  13.897  17.111  61.683 0.0000000000
75519  13.199  17.334  62.309 0.0000000000
68872  35.269  10.323  70.935 0.0000000000
68862  34.804  9.943  71.494 0.0000000000
69687  34.993  10.713  71.551 0.0000000000
70659  34.602  11.978  71.091 0.0000000000
70644  34.582  11.461  71.279 0.0000000000
70660  33.925  11.748  70.670 0.0000000000
71730  38.735  12.061  63.818 0.0000000000
71714  38.258  12.020  64.575 0.0000000000
70754  37.984  11.888  63.913 0.0000000000
75611  57.084  18.109  50.899 0.0000000000
75620  59.734  18.512  49.833 0.0000000000
122802  59.034  18.432  49.977 0.0000000000
75626  61.182  18.501  48.678 0.0000000000
74882  61.618  16.895  48.951 0.0000000000
74881  62.009  17.775  48.710 0.0000000000
74135  61.949  16.920  48.297 0.0000000000
74146  62.313  16.976  47.519 0.0000000000
74147  61.529  15.884  47.874 0.0000000000
72606  50.489  13.769  60.525 0.0000000000
72619  49.845  13.317  59.823 0.0000000000
72617  51.516  13.866  59.575 0.0000000000
72616  52.364  14.180  59.429 0.0000000000
72629  52.354  13.933  58.555 0.0000000000
73364  53.194  14.405  59.198 0.0000000000
71773  53.985  13.167  60.900 0.0000000000
72614  55.428  14.431  59.311 0.0000000000
72601  55.061  14.707  59.969 0.0000000000
105573  55.025  15.004  59.433 0.0000000000
73370  54.016  14.620  58.847 0.0000000000
73369  55.092  15.035  58.893 0.0000000000
73377  54.929  14.676  57.973 0.0000000000
73376  56.004  15.095  58.145 0.0000000000
104572  57.204  15.165  57.877 0.0000000000
73386  57.876  15.104  57.211 0.0000000000
69891  53.600  10.506  55.264 0.0000000000
70892  54.798  11.444  55.426 0.0000000000
70891  55.359  11.913  55.035 0.0000000000
71838  56.159  12.591  55.540 0.0000000000
120073  57.114  13.414  54.362 0.0000000000
72667  57.522  13.853  55.031 0.0000000000
72659  58.278  14.646  55.517 0.0000000000
73401  58.495  14.940  54.961 0.0000000000
73392  58.375  15.226  54.985 0.0000000000
73415  58.304  14.594  52.873 0.0000000000
115894  58.854  15.047  52.402 0.0000000000
106201  58.985  14.752  51.466 0.0000000000
72709  57.100  13.115  50.867 0.0000000000
72707  58.514  14.013  49.976 0.0000000000
104233  59.248  14.460  49.920 0.0000000000
74124  60.319  15.579  49.832 0.0000000000
73448  59.745  14.730  49.484 0.0000000000
73472  59.949  14.345  47.618 0.0000000000
73471  60.737  15.041  47.319 0.0000000000
62165  26.793  2.194  77.331 0.0000000000
60341  27.547  0.339  77.599 0.0000000000
62171  27.321  1.827  77.297 0.0000000000
59461  26.695  -0.330  75.651 0.0000000000
60361  25.446  0.333  73.261 0.0000000000
119806  11.207  27.100  72.599 0.0000000000
80969  12.012  27.121  71.819 0.0000000000
113424  12.518  27.084  71.061 0.0000000000
78994  10.339  24.293  73.496 0.0000000000
80007  10.368  25.957  73.476 0.0000000000
104533  17.011  13.574  74.279 0.0000000000
69654  14.868  10.081  76.442 0.0000000000
113535  15.974  11.745  76.603 0.0000000000
104487  37.239  -2.269  75.922 0.0000000000
56389  36.986  -4.280  76.305 0.0000000000
58475  34.265  -2.087  75.011 0.0000000000
59460  34.908  -1.747  75.424 0.0000000000
59459  35.383  -1.111  75.459 0.0000000000
105823  36.093  -1.019  76.048 0.0000000000
68077  11.152  8.850  71.085 0.0000000000
67310  11.416  7.569  69.342 0.0000000000
68107  11.850  7.880  68.853 0.0000000000
67318  12.183  8.147  68.345 0.0000000000
68899  12.644  9.298  68.287 0.0000000000
69710  12.973  10.576  68.599 0.0000000000
70840  46.278  11.845  59.236 0.0000000000
71810  49.546  12.570  58.501 0.0000000000
71793  50.107  13.019  59.071 0.0000000000
74178  63.602  16.211  44.730 0.0000000000
114917  20.875  2.671  67.712 0.0000000000
63235  20.819  2.989  66.511 0.0000000000
64188  20.413  3.705  65.453 0.0000000000
63247  20.816  3.198  65.852 0.0000000000
64199  21.426  3.269  64.740 0.0000000000
58437  17.105  -2.563  77.047 0.0000000000
111798  18.413  4.018  75.676 0.0000000000
55343  30.320  -5.211  74.833 0.0000000000
118620  25.249  -5.862  79.327 0.0000000000
54160  24.716  -5.824  79.163 0.0000000000
62278  23.811  1.671  65.705 0.0000000000
56455  27.236  -4.359  71.629 0.0000000000
56432  28.452  -4.711  72.550 0.0000000000
56431  29.317  -4.526  72.714 0.0000000000
83224  10.933  31.087  66.914 0.0000000000
83220  10.335  31.670  67.344 0.0000000000
86263  12.574  36.609  69.127 0.0000000000
86274  12.543  36.638  68.520 0.0000000000
86262  13.020  37.391  68.802 0.0000000000
70598  7.303  11.725  77.140 0.0000000000
112510  6.959  12.374  77.090 0.0000000000
71600  6.232  12.802  77.187 0.0000000000
76109  6.012  18.140  71.199 0.0000000000
75444  5.836  17.485  72.053 0.0000000000
75451  5.895  17.909  71.365 0.0000000000
75443  6.692  17.336  71.824 0.0000000000
74713  8.074  16.975  71.743 0.0000000000
75449  8.217  17.315  71.038 0.0000000000
75455  8.269  17.662  70.285 0.0000000000
76122  7.390  18.683  69.429 0.0000000000
76132  6.678  19.682  68.761 0.0000000000
81000  11.750  27.609  69.766 0.0000000000
81540  12.652  28.618  68.522 0.0000000000
81547  12.814  28.978  67.671 0.0000000000
66596  40.842  6.640  65.754 0.0000000000
106733  45.808  8.717  65.102 0.0000000000
68916  46.232  9.953  65.622 0.0000000000
69772  46.360  10.956  64.138 0.0000000000
70753  46.918  11.323  63.608 0.0000000000
69790  45.822  10.305  62.695 0.0000000000
71665  18.005  12.316  68.859 0.0000000000
60287  5.310  -0.649  82.644 0.0000000000
61194  5.876  0.067  82.803 0.0000000000
61185  6.156  0.837  83.159 0.0000000000
62123  15.526  1.844  80.488 0.0000000000
66511  12.238  6.622  79.693 0.0000000000
67252  11.780  7.207  79.180 0.0000000000
62222  36.942  1.717  68.771 0.0000000000
62312  28.116  1.485  63.487 0.0000000000
62292  29.322  1.729  64.186 0.0000000000
65008  33.463  4.236  68.817 0.0000000000
102462  34.532  5.276  68.058 0.0000000000
63145  38.073  2.370  72.015 0.0000000000
64965  6.250  4.657  75.027 0.0000000000
76154  10.899  18.267  64.795 0.0000000000
76759  12.183  19.034  64.422 0.0000000000
71671  38.136  12.663  67.921 0.0000000000
71687  38.606  12.554  67.179 0.0000000000
119092  54.917  14.448  53.653 0.0000000000
73416  54.754  15.089  52.950 0.0000000000
122396  55.251  14.871  53.452 0.0000000000
121591  55.729  16.611  53.074 0.0000000000
74837  56.313  17.353  53.154 0.0000000000
74831  57.392  16.850  53.603 0.0000000000
74830  58.003  16.613  53.750 0.0000000000
68983  51.225  9.492  58.147 0.0000000000
69856  51.781  10.006  58.581 0.0000000000
63137  20.709  2.893  73.512 0.0000000000
109498  21.184  2.689  72.906 0.0000000000
119119  22.949  1.990  71.606 0.0000000000
62225  23.499  1.464  69.457 0.0000000000
112560  21.895  -0.471  76.590 0.0000000000
63105  23.489  3.122  76.506 0.0000000000
63106  22.544  3.194  76.381 0.0000000000
109765  25.747  -3.206  80.017 0.0000000000
60316  25.170  -0.721  77.721 0.0000000000
59429  24.202  -1.117  77.586 0.0000000000
59430  23.259  -1.300  77.284 0.0000000000
122165  26.496  -4.650  74.306 0.0000000000
109163  26.527  -4.640  74.845 0.0000000000
57414  26.280  -3.955  76.029 0.0000000000
58431  26.786  -1.796  77.639 0.0000000000
57374  26.471  -3.177  79.375 0.0000000000
61302  24.171  1.056  69.160 0.0000000000
61301  24.536  0.558  70.171 0.0000000000
59474  25.005  -1.496  72.732 0.0000000000
58486  24.898  -2.366  72.997 0.0000000000
57462  25.494  -3.709  72.837 0.0000000000
118070  25.451  -3.561  73.434 0.0000000000
82049  10.101  30.571  71.690 0.0000000000
82625  10.397  30.665  71.566 0.0000000000
82624  10.821  30.929  70.995 0.0000000000
84401  12.077  33.377  70.539 0.0000000000
85025  13.596  34.537  70.661 0.0000000000
76065  9.714  17.903  75.492 0.0000000000
75413  9.146  17.642  75.802 0.0000000000
109303  9.626  18.132  75.512 0.0000000000
77898  7.164  21.535  70.740 0.0000000000
79009  7.630  24.188  72.030 0.0000000000
109578  8.868  26.883  73.494 0.0000000000
119204  43.995  3.060  68.623 0.0000000000
63203  44.792  2.776  67.425 0.0000000000
57344  6.923  -3.806  81.826 0.0000000000
57345  6.199  -3.542  82.129 0.0000000000
112019  15.519  5.143  79.233 0.0000000000
66514  14.705  6.231  79.122 0.0000000000
68015  15.229  9.360  80.630 0.0000000000
68804  15.230  9.914  80.704 0.0000000000
68803  15.048  9.919  81.158 0.0000000000
102641  14.805  11.076  80.564 0.0000000000
70584  14.833  11.776  79.998 0.0000000000
72473  15.680  13.449  76.928 0.0000000000
117224  37.190  -0.283  72.611 0.0000000000
57438  37.083  -3.744  73.560 0.0000000000
57456  36.671  -3.231  72.800 0.0000000000
56428  36.608  -4.111  73.001 0.0000000000
123168  36.199  -4.434  72.504 0.0000000000
59501  31.492  -1.669  69.268 0.0000000000
106243  31.570  -0.980  68.666 0.0000000000
60383  32.643  -0.831  70.031 0.0000000000
121330  34.347  0.936  72.055 0.0000000000
62202  34.121  1.174  71.534 0.0000000000
63159  35.392  2.954  72.150 0.0000000000
61250  36.897  1.310  76.057 0.0000000000
62177  37.943  1.543  74.733 0.0000000000
67275  7.964  7.954  73.090 0.0000000000
67285  7.460  7.025  72.770 0.0000000000
66549  9.892  6.414  70.405 0.0000000000
114759  9.510  5.875  70.642 0.0000000000
65023  10.436  4.372  67.404 0.0000000000
79585  15.385  24.692  65.263 0.0000000000
72662  54.003  13.400  55.575 0.0000000000
72654  54.454  13.984  56.311 0.0000000000
66541  16.220  7.237  71.636 0.0000000000
121600  16.268  7.894  71.135 0.0000000000
68094  17.164  8.652  68.708 0.0000000000
121771  18.899  3.719  71.666 0.0000000000
65002  18.288  4.447  69.847 0.0000000000
65834  17.786  6.061  67.336 0.0000000000
68127  18.191  8.642  65.951 0.0000000000
67365  18.334  7.784  65.671 0.0000000000
114421  18.651  7.827  64.792 0.0000000000
65879  19.816  5.882  63.681 0.0000000000
66652  20.402  6.759  62.750 0.0000000000
56371  12.669  -4.538  79.316 0.0000000000
59434  15.703  -1.345  77.031 0.0000000000
61247  15.992  0.118  77.543 0.0000000000
61232  15.648  0.537  78.264 0.0000000000
62136  17.684  1.715  79.467 0.0000000000
62158  21.322  1.536  77.584 0.0000000000
62146  20.846  1.954  78.390 0.0000000000
62133  20.415  2.214  79.287 0.0000000000
64935  19.996  3.750  79.096 0.0000000000
64065  19.184  3.071  80.433 0.0000000000
119595  15.767  6.214  74.788 0.0000000000
112737  23.356  -3.510  79.752 0.0000000000
57350  21.517  -3.800  79.812 0.0000000000
57352  19.323  -3.899  80.339 0.0000000000
55250  19.112  -5.027  80.553 0.0000000000
55252  17.448  -5.690  81.854 0.0000000000
56367  16.089  -4.195  79.733 0.0000000000
105454  13.850  -4.799  80.468 0.0000000000
118414  13.075  -4.802  79.994 0.0000000000
56391  33.592  -4.118  76.323 0.0000000000
107930  32.981  -5.529  76.637 0.0000000000
54185  31.513  -7.013  77.392 0.0000000000
53182  31.717  -7.653  77.953 0.0000000000
105710  31.987  -8.407  78.000 0.0000000000
52141  30.385  -8.776  78.133 0.0000000000
55316  27.424  -5.362  76.426 0.0000000000
113218  22.488  7.058  62.397 0.0000000000
65891  23.033  5.270  62.425 0.0000000000
63266  24.099  2.253  64.007 0.0000000000
64215  24.269  2.823  63.336 0.0000000000
62314  26.261  1.683  63.409 0.0000000000
61358  25.957  1.107  63.860 0.0000000000
60398  24.654  -0.366  68.591 0.0000000000
59509  25.593  -1.940  67.808 0.0000000000
57513  27.447  -3.479  68.968 0.0000000000
58538  28.786  -2.741  68.052 0.0000000000
58537  29.526  -2.563  68.435 0.0000000000
57441  30.909  -3.829  73.276 0.0000000000
57459  31.393  -3.350  72.779 0.0000000000
57439  32.381  -3.230  73.842 0.0000000000
83241  5.985  30.771  64.952 0.0000000000
84421  8.789  33.975  69.223 0.0000000000
84422  7.930  34.550  68.941 0.0000000000
116889  7.778  34.906  68.474 0.0000000000
67260  7.535  7.332  78.014 0.0000000000
68824  5.255  10.009  76.728 0.0000000000
114678  4.134  6.792  76.414 0.0000000000
66527  3.066  7.173  75.848 0.0000000000
67272  3.050  7.831  75.627 0.0000000000
73940  5.135  15.605  76.073 0.0000000000
74678  5.022  16.208  75.532 0.0000000000
73946  4.545  15.700  75.451 0.0000000000
73948  4.146  14.869  75.120 0.0000000000
73257  5.462  14.429  74.366 0.0000000000
72492  6.135  13.426  74.580 0.0000000000
114100  5.548  11.012  75.162 0.0000000000
69661  7.016  10.336  74.515 0.0000000000
68835  7.337  9.551  74.097 0.0000000000
122886  8.132  11.194  74.209 0.0000000000
69676  8.512  10.982  73.928 0.0000000000
72506  10.081  13.548  72.674 0.0000000000
109742  10.818  12.406  72.189 0.0000000000
71637  11.266  12.942  71.655 0.0000000000
72514  12.150  13.529  70.519 0.0000000000
73993  11.634  15.442  69.762 0.0000000000
75470  9.040  17.791  68.372 0.0000000000
75478  8.999  17.801  67.347 0.0000000000
76138  9.219  17.875  66.645 0.0000000000
78455  7.665  22.326  69.609 0.0000000000
77909  7.339  21.593  68.922 0.0000000000
78454  8.702  22.654  69.433 0.0000000000
78453  9.894  22.719  69.330 0.0000000000
79567  12.027  24.113  69.017 0.0000000000
79039  12.826  23.144  67.914 0.0000000000
79038  13.508  23.546  67.504 0.0000000000
79037  14.190  24.006  67.079 0.0000000000
79571  14.271  24.896  67.202 0.0000000000
81014  14.362  26.799  66.519 0.0000000000
120004  12.328  29.467  65.538 0.0000000000
82089  11.903  29.131  64.680 0.0000000000
68098  35.450  8.555  68.477 0.0000000000
68909  39.066  9.401  66.268 0.0000000000
69712  39.519  11.043  67.500 0.0000000000
65842  42.955  6.116  66.339 0.0000000000
107860  45.002  9.743  66.194 0.0000000000
71698  42.805  12.655  66.164 0.0000000000
72544  44.108  13.134  65.093 0.0000000000
70793  48.203  11.297  62.145 0.0000000000
70792  48.823  11.393  61.822 0.0000000000
122151  49.373  10.871  60.702 0.0000000000
69820  49.638  10.527  60.238 0.0000000000
69840  48.991  10.037  59.889 0.0000000000
68971  48.499  9.509  59.447 0.0000000000
68987  48.035  9.001  58.903 0.0000000000
71629  17.045  12.606  72.263 0.0000000000
63063  6.699  1.939  83.036 0.0000000000
63073  7.016  1.933  81.966 0.0000000000
109143  11.012  -3.462  79.285 0.0000000000
58416  11.175  -2.742  79.119 0.0000000000
104866  11.005  -1.925  79.403 0.0000000000
61207  11.751  0.219  80.578 0.0000000000
61198  11.077  0.291  80.972 0.0000000000
61188  11.000  0.987  81.562 0.0000000000
64927  15.062  4.576  81.460 0.0000000000
105237  13.456  4.763  81.592 0.0000000000
122800  10.286  5.737  81.207 0.0000000000
67241  8.491  7.243  81.052 0.0000000000
68820  9.886  9.922  77.845 0.0000000000
69646  9.464  10.531  77.550 0.0000000000
70592  13.677  12.400  78.096 0.0000000000
73928  11.949  15.727  77.115 0.0000000000
73934  11.285  15.744  76.795 0.0000000000
73929  10.666  16.515  76.649 0.0000000000
116787  9.935  16.926  76.492 0.0000000000
76686  12.232  19.067  73.097 0.0000000000
78434  12.516  22.530  71.492 0.0000000000
54181  35.215  -6.184  77.015 0.0000000000
55309  35.835  -5.846  76.993 0.0000000000
54199  35.492  -6.340  76.804 0.0000000000
122579  23.970  6.752  62.878 0.0000000000
66635  24.433  6.832  63.219 0.0000000000
66634  25.259  6.664  63.484 0.0000000000
65079  28.302  4.707  63.343 0.0000000000
65875  27.634  5.402  63.239 0.0000000000
66632  27.752  6.264  64.012 0.0000000000
66616  27.462  6.833  64.811 0.0000000000
61319  31.520  0.587  67.561 0.0000000000
62260  31.295  0.960  67.066 0.0000000000
65831  30.296  5.330  67.015 0.0000000000
65832  29.965  6.015  66.554 0.0000000000
66573  30.209  5.966  67.427 0.0000000000
66574  29.991  6.389  68.005 0.0000000000
66565  30.404  6.160  68.824 0.0000000000
67313  33.494  6.779  68.473 0.0000000000
67324  33.398  7.253  67.395 0.0000000000
67359  32.623  7.479  64.439 0.0000000000
67380  32.584  7.471  63.289 0.0000000000
67392  32.758  7.229  62.292 0.0000000000
65846  36.442  5.331  65.337 0.0000000000
110242  35.879  5.168  64.311 0.0000000000
66571  37.451  6.941  67.875 0.0000000000
119157  36.730  3.671  71.893 0.0000000000
64982  40.071  4.563  71.437 0.0000000000
65786  40.180  5.372  70.776 0.0000000000
80032  14.186  25.714  70.062 0.0000000000
80505  14.209  26.654  69.895 0.0000000000
80997  14.359  27.503  69.506 0.0000000000
123214  8.797  5.417  78.667 0.0000000000
64946  10.140  4.214  77.971 0.0000000000
64093  9.896  3.815  76.444 0.0000000000
64087  10.471  3.699  77.392 0.0000000000
64115  8.627  3.531  73.772 0.0000000000
72520  12.975  13.756  69.036 0.0000000000
73302  13.284  14.212  67.535 0.0000000000
74013  12.311  15.643  64.636 0.0000000000
73326  13.174  14.368  64.693 0.0000000000
106826  13.068  14.369  63.795 0.0000000000
73346  13.081  14.547  62.945 0.0000000000
121752  15.333  21.379  64.361 0.0000000000
76768  14.439  19.521  63.266 0.0000000000
69692  36.243  11.306  70.580 0.0000000000
104911  35.744  11.453  71.333 0.0000000000
119270  35.828  12.141  71.281 0.0000000000
71640  35.375  12.347  70.854 0.0000000000
70703  34.855  11.819  67.720 0.0000000000
76266  58.376  18.359  51.267 0.0000000000
76258  59.206  18.250  50.969 0.0000000000
76265  60.041  18.358  50.307 0.0000000000
76275  60.774  18.449  49.547 0.0000000000
75619  61.261  18.172  49.737 0.0000000000
74872  61.480  17.557  49.538 0.0000000000
74123  61.033  16.260  49.390 0.0000000000
72605  51.424  14.094  60.531 0.0000000000
73358  52.411  14.401  61.578 0.0000000000
107533  53.297  14.369  61.258 0.0000000000
73356  53.876  14.186  61.198 0.0000000000
71807  54.306  12.304  58.997 0.0000000000
71790  55.058  13.194  59.751 0.0000000000
72627  56.075  14.106  58.807 0.0000000000
72626  56.433  14.808  58.118 0.0000000000
72641  56.507  14.169  58.273 0.0000000000
71828  57.327  13.912  57.189 0.0000000000
70911  55.217  11.797  53.890 0.0000000000
71847  55.792  12.371  54.437 0.0000000000
71854  56.483  12.831  53.932 0.0000000000
73409  58.408  14.809  53.995 0.0000000000
72685  57.583  13.881  52.244 0.0000000000
72731  58.802  13.691  48.621 0.0000000000
73462  59.655  14.381  48.565 0.0000000000
63125  22.697  2.595  74.603 0.0000000000
61287  24.206  0.954  71.459 0.0000000000
116208  24.723  1.409  77.542 0.0000000000
63103  25.064  2.860  77.261 0.0000000000
63112  26.028  2.538  76.878 0.0000000000
63114  23.941  2.653  75.763 0.0000000000
60302  27.019  -1.418  78.919 0.0000000000
60315  26.874  -0.830  78.349 0.0000000000
61229  26.419  -0.040  77.894 0.0000000000
58478  25.503  -2.677  74.696 0.0000000000
58465  25.663  -2.899  75.512 0.0000000000
114573  25.298  -0.655  72.797 0.0000000000
81509  9.633  28.631  73.176 0.0000000000
81511  9.786  29.399  72.817 0.0000000000
81510  10.427  29.246  72.359 0.0000000000
82047  12.324  30.129  70.447 0.0000000000
123922  13.406  30.609  69.631 0.0000000000
78421  9.167  22.801  72.700 0.0000000000
79000  8.071  23.872  72.471 0.0000000000
79529  8.150  25.307  73.343 0.0000000000
80009  8.475  25.953  73.526 0.0000000000
80968  9.418  28.338  73.203 0.0000000000
102953  42.711  1.989  66.120 0.0000000000
122614  7.334  -4.380  82.319 0.0000000000
58405  8.419  -2.734  80.489 0.0000000000
67259  14.358  7.443  77.191 0.0000000000
57437  37.285  -3.292  74.155 0.0000000000
59479  33.068  -1.758  72.257 0.0000000000
60364  34.573  -0.391  73.362 0.0000000000
116872  35.099  0.895  73.677 0.0000000000
60339  36.484  -0.142  76.010 0.0000000000
61251  36.735  0.550  76.099 0.0000000000
60338  37.256  0.256  76.081 0.0000000000
68067  9.840  8.802  72.144 0.0000000000
68079  9.623  8.127  71.800 0.0000000000
68087  10.732  8.182  70.832 0.0000000000
116378  10.352  4.970  69.465 0.0000000000
65810  10.865  5.610  68.374 0.0000000000
65819  11.120  5.705  67.544 0.0000000000
116295  12.417  8.532  67.316 0.0000000000
68129  12.373  8.842  66.664 0.0000000000
68915  12.532  9.698  66.574 0.0000000000
74935  64.051  16.733  42.769 0.0000000000
74208  64.254  15.802  41.340 0.0000000000
74195  64.194  16.305  42.606 0.0000000000
73530  64.177  14.849  42.479 0.0000000000
67273  15.265  7.669  73.239 0.0000000000
117052  15.649  7.409  72.719 0.0000000000
63187  20.022  3.059  69.910 0.0000000000
112981  19.328  3.541  69.602 0.0000000000
64163  19.086  3.999  67.950 0.0000000000
112032  18.686  4.814  66.864 0.0000000000
65036  18.669  5.165  66.391 0.0000000000
65048  20.112  4.298  64.921 0.0000000000
103770  19.909  4.955  64.436 0.0000000000
65083  20.225  5.211  63.775 0.0000000000
65877  20.825  5.067  63.237 0.0000000000
65100  21.577  5.065  62.712 0.0000000000
118693  15.117  -3.886  78.067 0.0000000000
58438  16.177  -2.199  76.933 0.0000000000
59433  16.444  -1.472  76.741 0.0000000000
60332  17.113  0.019  76.798 0.0000000000
62162  17.875  0.909  77.505 0.0000000000
110309  21.877  3.732  78.733 0.0000000000
63078  22.015  3.005  80.002 0.0000000000
124146  21.025  3.763  78.375 0.0000000000
64948  19.508  3.724  77.704 0.0000000000
117720  17.415  4.413  77.398 0.0000000000
64956  17.049  4.943  76.262 0.0000000000
57375  20.280  -3.541  79.992 0.0000000000
57367  19.382  -3.708  80.307 0.0000000000
109146  18.174  -3.871  81.037 0.0000000000
57354  17.664  -4.072  81.238 0.0000000000
57369  17.735  -3.785  80.629 0.0000000000
56377  15.761  -4.087  78.602 0.0000000000
118665  30.785  -5.885  75.845 0.0000000000
110919  30.921  -6.261  76.268 0.0000000000
54187  29.778  -6.970  77.490 0.0000000000
55285  27.250  -5.705  78.613 0.0000000000
65081  21.950  4.215  63.048 0.0000000000
63267  23.328  2.371  64.378 0.0000000000
57499  25.621  -3.352  70.447 0.0000000000
58539  25.552  -2.671  69.155 0.0000000000
57497  27.575  -3.938  70.434 0.0000000000
57496  28.236  -3.930  70.600 0.0000000000
57495  28.910  -3.693  70.619 0.0000000000
107157  29.485  -3.625  70.998 0.0000000000
56430  30.151  -4.194  72.972 0.0000000000
56404  31.659  -4.261  74.617 0.0000000000
82657  8.969  29.717  64.956 0.0000000000
83232  7.512  30.449  65.585 0.0000000000
83233  6.422  30.719  65.499 0.0000000000
83234  6.079  31.283  65.553 0.0000000000
83805  6.025  31.891  65.706 0.0000000000
84436  6.388  33.334  66.034 0.0000000000
85641  9.744  35.249  69.476 0.0000000000
85642  8.892  35.311  69.186 0.0000000000
85640  9.836  35.458  68.979 0.0000000000
103921  11.738  35.473  66.972 0.0000000000
85661  12.351  36.005  67.701 0.0000000000
85667  12.576  35.579  66.651 0.0000000000
69651  4.422  10.679  76.881 0.0000000000
69652  4.206  10.825  76.676 0.0000000000
75432  5.239  16.651  73.416 0.0000000000
74706  5.348  16.808  73.000 0.0000000000
110900  6.290  16.198  72.921 0.0000000000
73267  7.156  14.640  73.838 0.0000000000
73255  7.785  13.847  74.148 0.0000000000
72490  8.222  13.043  74.202 0.0000000000
73265  8.919  14.303  73.324 0.0000000000
113610  9.219  15.507  72.459 0.0000000000
73971  9.771  14.987  72.463 0.0000000000
73970  10.350  15.044  71.994 0.0000000000
119243  10.381  15.525  71.529 0.0000000000
108516  10.696  15.708  70.923 0.0000000000
74719  10.266  16.397  70.393 0.0000000000
119234  8.947  17.726  69.133 0.0000000000
79552  10.256  25.012  70.472 0.0000000000
79551  11.189  25.136  69.867 0.0000000000
124283  11.693  25.449  69.577 0.0000000000
80516  11.956  26.656  69.503 0.0000000000
80044  12.192  25.742  69.268 0.0000000000
80528  13.892  26.407  67.783 0.0000000000
81007  13.571  27.274  68.054 0.0000000000
81546  13.427  28.447  67.010 0.0000000000
123537  13.007  29.054  66.840 0.0000000000
82081  12.791  29.356  66.198 0.0000000000
68108  37.371  8.461  67.378 0.0000000000
68121  38.567  8.595  66.437 0.0000000000
68922  39.752  9.303  65.809 0.0000000000
68921  40.542  9.375  65.637 0.0000000000
67332  45.468  7.098  66.652 0.0000000000
67351  45.910  7.207  66.295 0.0000000000
68906  46.021  8.758  66.139 0.0000000000
104347  45.195  12.104  66.047 0.0000000000
70714  45.816  11.716  65.731 0.0000000000
122881  46.645  12.489  65.261 0.0000000000
70728  46.331  11.378  65.191 0.0000000000
72549  49.360  13.442  64.989 0.0000000000
71706  49.512  12.914  64.783 0.0000000000
69788  47.333  11.236  62.722 0.0000000000
117077  47.216  10.090  60.895 0.0000000000
62085  4.376  2.011  84.080 0.0000000000
63049  5.169  2.011  83.547 0.0000000000
62094  6.097  1.461  83.160 0.0000000000
60304  13.185  -0.528  78.821 0.0000000000
61205  13.272  0.759  80.096 0.0000000000
115498  14.329  5.995  80.738 0.0000000000
66494  14.366  5.633  81.001 0.0000000000
65735  13.324  5.254  81.315 0.0000000000
65729  12.684  4.719  81.447 0.0000000000
66505  11.384  6.260  80.101 0.0000000000
67254  9.555  7.881  80.205 0.0000000000
73235  13.451  14.429  77.253 0.0000000000
73932  13.073  15.177  77.213 0.0000000000
73933  12.629  15.804  76.854 0.0000000000
74670  12.151  16.441  76.537 0.0000000000
76073  11.949  18.097  74.199 0.0000000000
52152  33.837  -8.910  77.771 0.0000000000
64231  26.433  3.832  62.564 0.0000000000
65095  26.381  4.656  62.591 0.0000000000
113686  27.045  4.260  62.597 0.0000000000
65094  27.630  4.195  62.742 0.0000000000
63282  28.367  2.856  63.081 0.0000000000
64214  28.562  3.417  63.241 0.0000000000
65093  28.206  4.024  62.993 0.0000000000
62234  32.609  1.786  68.800 0.0000000000
118557  32.215  5.430  66.268 0.0000000000
102208  31.182  4.632  64.088 0.0000000000
102206  30.769  4.138  62.361 0.0000000000
121589  31.815  3.771  64.005 0.0000000000
102200  32.538  3.562  63.289 0.0000000000
114805  34.876  4.162  65.026 0.0000000000
65019  35.103  4.897  67.105 0.0000000000
65032  35.489  4.699  66.087 0.0000000000
65830  36.351  5.395  66.578 0.0000000000
102624  37.186  5.949  69.425 0.0000000000
64966  38.995  3.513  73.933 0.0000000000
64108  38.987  3.459  73.549 0.0000000000
64117  39.083  3.457  72.322 0.0000000000
63156  39.553  3.301  71.356 0.0000000000
63155  39.916  3.259  70.716 0.0000000000
63193  39.357  2.558  68.804 0.0000000000
123375  7.754  5.224  76.510 0.0000000000
110751  8.383  4.311  75.748 0.0000000000
64092  10.697  3.153  75.694 0.0000000000
63151  11.569  2.166  72.920 0.0000000000
74738  11.886  16.088  66.851 0.0000000000
106902  12.367  15.687  66.750 0.0000000000
75500  11.559  17.067  63.841 0.0000000000
71647  37.825  12.538  69.750 0.0000000000
71648  36.762  12.622  69.985 0.0000000000
71659  37.136  12.644  69.235 0.0000000000
71673  36.489  12.522  68.422 0.0000000000
71689  37.415  12.483  67.530 0.0000000000
70701  36.761  12.367  67.531 0.0000000000
70702  35.795  12.080  67.420 0.0000000000
123140  34.991  11.581  66.318 0.0000000000
75602  55.390  18.549  52.019 0.0000000000
117011  56.429  18.509  52.182 0.0000000000
75586  56.774  18.263  52.812 0.0000000000
76248  58.033  18.369  52.050 0.0000000000
121014  58.621  17.932  52.248 0.0000000000
75584  59.070  17.205  52.360 0.0000000000
74852  59.634  16.933  51.727 0.0000000000
71774  53.252  12.857  61.314 0.0000000000
70836  53.507  11.766  59.290 0.0000000000
70859  52.928  11.011  58.676 0.0000000000
70858  53.708  11.434  58.397 0.0000000000
121339  18.329  4.202  73.487 0.0000000000
64113  18.812  3.837  73.156 0.0000000000
64112  19.414  3.470  72.772 0.0000000000
64120  19.450  3.424  71.897 0.0000000000
63174  20.126  3.004  70.650 0.0000000000
62197  22.184  2.277  72.033 0.0000000000
63162  20.613  2.827  71.244 0.0000000000
63186  20.655  2.724  69.450 0.0000000000
62227  22.057  2.107  69.620 0.0000000000
63185  21.389  2.357  69.099 0.0000000000
63198  21.601  2.263  68.208 0.0000000000
58450  19.783  -2.021  76.734 0.0000000000
113026  20.060  -1.494  76.582 0.0000000000
115546  20.588  -1.057  76.514 0.0000000000
63085  22.648  2.886  80.109 0.0000000000
118572  24.227  1.921  77.674 0.0000000000
63092  24.148  3.214  78.404 0.0000000000
63093  23.718  3.101  79.047 0.0000000000
63084  23.195  3.084  79.448 0.0000000000
64077  22.990  3.501  79.077 0.0000000000
116884  20.597  3.387  76.389 0.0000000000
105680  24.294  -3.534  79.945 0.0000000000
115393  22.801  -2.945  79.702 0.0000000000
115169  25.139  -2.287  79.124 0.0000000000
58411  22.270  -2.801  79.046 0.0000000000
58422  21.680  -2.625  78.281 0.0000000000
58433  21.999  -2.259  77.507 0.0000000000
110809  28.076  -5.404  74.685 0.0000000000
57409  26.388  -3.823  76.890 0.0000000000
123096  26.105  -4.799  79.391 0.0000000000
109849  23.017  1.820  67.106 0.0000000000
61312  24.202  0.923  68.422 0.0000000000
61311  24.461  0.451  68.923 0.0000000000
115478  24.669  -0.917  70.645 0.0000000000
59484  24.754  -1.295  71.372 0.0000000000
116436  24.766  -1.873  70.494 0.0000000000
120137  25.857  -3.815  71.557 0.0000000000
82638  11.557  30.829  69.258 0.0000000000
119882  10.546  32.730  69.750 0.0000000000
84404  9.915  33.978  70.153 0.0000000000
82612  10.238  30.616  72.305 0.0000000000
84403  10.502  33.395  70.278 0.0000000000
85028  9.818  34.515  70.090 0.0000000000
85021  10.466  34.663  70.214 0.0000000000
85632  11.194  35.176  70.153 0.0000000000
86245  11.386  35.440  69.955 0.0000000000
115831  11.987  34.694  70.794 0.0000000000
86244  11.981  35.832  70.006 0.0000000000
86857  12.773  36.541  69.719 0.0000000000
86255  12.928  36.917  69.605 0.0000000000
86860  13.320  37.567  69.621 0.0000000000
87471  13.565  38.432  69.291 0.0000000000
122436  8.236  15.417  76.253 0.0000000000
73938  7.357  15.881  76.292 0.0000000000
74674  6.881  16.560  76.042 0.0000000000
75415  7.225  16.930  75.864 0.0000000000
76678  9.495  19.111  74.581 0.0000000000
117272  6.239  17.791  73.343 0.0000000000
76700  6.726  18.918  71.365 0.0000000000
76714  5.876  19.587  69.693 0.0000000000
77298  5.766  20.393  69.403 0.0000000000
77899  6.756  21.979  70.263 0.0000000000
79541  8.112  25.003  72.079 0.0000000000
80024  8.002  25.506  72.712 0.0000000000
117101  9.350  24.990  71.008 0.0000000000
81535  11.443  28.781  70.130 0.0000000000
65031  41.240  4.862  67.039 0.0000000000
64157  44.017  3.656  67.833 0.0000000000
65028  43.785  4.755  67.214 0.0000000000
65824  44.711  5.296  67.277 0.0000000000
65823  45.440  5.565  67.100 0.0000000000
63223  44.223  2.290  66.863 0.0000000000
63222  44.793  2.681  66.495 0.0000000000
64171  45.456  3.809  66.573 0.0000000000
65027  45.610  4.316  66.695 0.0000000000
65822  45.786  4.958  66.623 0.0000000000
109424  45.943  5.811  66.505 0.0000000000
66612  45.121  6.302  64.693 0.0000000000
67376  45.402  7.280  64.915 0.0000000000
68948  44.792  9.277  62.777 0.0000000000
59391  5.889  -1.310  82.166 0.0000000000
120749  6.856  -0.442  82.228 0.0000000000
63053  16.807  2.996  82.000 0.0000000000
64061  16.597  3.385  81.745 0.0000000000
65739  15.364  4.759  80.596 0.0000000000
65733  15.079  4.831  81.169 0.0000000000
67250  14.337  7.757  79.401 0.0000000000
68013  14.381  8.505  80.208 0.0000000000
70586  14.507  11.532  79.797 0.0000000000
71597  13.947  12.836  78.337 0.0000000000
71594  15.487  12.238  78.770 0.0000000000
72461  15.058  12.729  78.340 0.0000000000
72465  14.447  13.205  77.906 0.0000000000
73234  13.901  13.774  77.543 0.0000000000
59491  35.812  -1.732  70.217 0.0000000000
58489  36.633  -2.432  72.268 0.0000000000
58499  35.929  -2.782  71.201 0.0000000000
59528  29.969  -0.867  66.522 0.0000000000
106827  31.580  -0.435  68.211 0.0000000000
59482  33.277  -1.062  71.523 0.0000000000
59492  33.176  -0.605  70.688 0.0000000000
119646  33.506  0.013  70.677 0.0000000000
60382  33.130  -0.054  70.006 0.0000000000
64142  35.392  3.893  69.641 0.0000000000
102792  35.997  3.421  72.049 0.0000000000
62178  35.817  1.870  74.572 0.0000000000
63123  36.226  2.408  74.525 0.0000000000
63122  36.869  2.829  74.980 0.0000000000
119294  37.083  1.873  75.927 0.0000000000
63110  36.995  2.330  75.301 0.0000000000
64104  37.933  3.271  74.380 0.0000000000
63132  38.141  2.219  73.020 0.0000000000
62186  37.872  1.854  73.661 0.0000000000
65780  7.455  4.809  73.198 0.0000000000
66540  7.452  6.181  72.391 0.0000000000
115494  7.190  5.537  72.807 0.0000000000
122228  9.252  3.283  72.828 0.0000000000
65784  9.031  5.677  71.160 0.0000000000
64980  8.848  4.401  72.040 0.0000000000
63154  9.750  2.901  72.626 0.0000000000
120407  10.598  2.096  71.407 0.0000000000
62208  11.495  1.488  71.164 0.0000000000
65013  10.196  3.790  68.677 0.0000000000
77945  14.036  21.400  65.810 0.0000000000
77348  13.560  20.785  65.797 0.0000000000
77944  14.683  21.784  65.404 0.0000000000
71700  39.445  12.305  65.361 0.0000000000
73403  55.157  14.330  54.422 0.0000000000
68066  15.346  8.855  72.642 0.0000000000
104599  16.213  9.852  71.674 0.0000000000
70668  16.856  10.913  70.798 0.0000000000
69694  17.144  10.970  70.169 0.0000000000
65782  17.349  5.254  71.659 0.0000000000
64987  17.844  4.657  71.457 0.0000000000
65790  17.033  5.796  71.034 0.0000000000
65011  18.236  4.922  68.472 0.0000000000
68105  17.448  8.809  67.973 0.0000000000
69715  18.066  10.656  67.327 0.0000000000
68925  18.392  9.261  65.529 0.0000000000
115073  18.962  7.816  64.161 0.0000000000
68945  19.778  9.568  63.414 0.0000000000
69780  20.241  10.377  63.332 0.0000000000
59419  12.527  -2.322  78.370 0.0000000000
59418  13.160  -1.516  78.254 0.0000000000
110172  14.247  -3.166  77.727 0.0000000000
121650  14.998  -1.597  77.290 0.0000000000
59417  13.797  -1.860  77.780 0.0000000000
60303  14.060  -0.101  78.627 0.0000000000
59450  19.383  -1.472  76.536 0.0000000000
60345  18.990  -0.677  76.430 0.0000000000
61257  18.580  0.057  76.528 0.0000000000
61243  19.026  0.647  76.849 0.0000000000
62149  17.978  1.386  78.356 0.0000000000
63087  20.911  2.552  80.099 0.0000000000
103091  20.322  2.673  80.133 0.0000000000
62134  19.475  2.083  79.238 0.0000000000
63081  17.894  2.368  81.011 0.0000000000
63068  17.235  2.669  81.322 0.0000000000
65756  15.675  5.717  76.984 0.0000000000
114476  14.335  8.733  76.212 0.0000000000
68039  14.321  8.551  75.455 0.0000000000
68830  14.473  9.420  75.712 0.0000000000
56339  22.254  -4.119  79.691 0.0000000000
57365  21.414  -3.583  79.852 0.0000000000
56341  20.718  -4.184  79.748 0.0000000000
57351  20.152  -3.951  80.177 0.0000000000
57341  19.817  -4.445  79.928 0.0000000000
56345  15.602  -4.667  81.302 0.0000000000
57406  35.723  -3.324  76.993 0.0000000000
57395  35.119  -3.942  77.002 0.0000000000
56384  35.472  -4.551  77.061 0.0000000000
56385  34.738  -4.746  76.970 0.0000000000
55297  32.893  -6.272  77.131 0.0000000000
54184  32.202  -6.645  77.111 0.0000000000
54183  33.474  -6.824  77.419 0.0000000000
53180  33.718  -7.633  77.746 0.0000000000
52151  33.845  -8.302  77.683 0.0000000000
52138  33.785  -8.765  77.258 0.0000000000
122237  28.600  -5.507  75.117 0.0000000000
54204  28.885  -5.995  76.587 0.0000000000
53161  29.693  -7.541  77.922 0.0000000000
109663  29.635  -9.120  78.503 0.0000000000
65099  22.460  4.759  62.600 0.0000000000
65098  23.213  4.574  62.566 0.0000000000
108315  24.631  4.214  62.557 0.0000000000
65096  25.516  4.418  62.544 0.0000000000
63299  26.982  3.058  62.645 0.0000000000
113998  27.382  2.500  62.882 0.0000000000
62313  27.281  1.731  63.267 0.0000000000
61355  28.213  0.838  63.881 0.0000000000
60432  28.725  -0.155  64.769 0.0000000000
60422  29.187  -0.301  65.221 0.0000000000
123477  23.413  1.650  66.792 0.0000000000
62263  23.814  1.508  66.532 0.0000000000
110622  24.572  0.228  67.340 0.0000000000
104966  24.620  0.649  66.260 0.0000000000
58551  26.252  -2.341  67.510 0.0000000000
59540  25.992  -1.245  65.944 0.0000000000
109920  25.937  -0.741  65.388 0.0000000000
60425  26.920  -0.923  65.044 0.0000000000
60424  27.770  -0.976  65.120 0.0000000000
58559  28.087  -2.189  66.679 0.0000000000
59530  27.885  -1.808  66.104 0.0000000000
59537  28.258  -1.335  65.658 0.0000000000
118529  29.096  -1.032  65.882 0.0000000000
58536  30.456  -2.111  68.592 0.0000000000
122116  31.007  -1.966  68.925 0.0000000000
58502  30.903  -2.934  71.155 0.0000000000
58501  31.628  -2.627  71.484 0.0000000000
58500  32.318  -2.239  71.843 0.0000000000
59467  33.812  -2.097  74.316 0.0000000000
58476  33.450  -2.705  74.694 0.0000000000
83793  8.184  32.635  67.661 0.0000000000
83788  9.107  33.331  68.282 0.0000000000
118933  5.903  32.930  66.880 0.0000000000
84435  7.487  33.743  65.579 0.0000000000
85664  8.608  35.310  68.474 0.0000000000
85046  8.303  35.032  67.743 0.0000000000
85052  8.708  34.851  66.762 0.0000000000
85063  8.078  34.340  66.202 0.0000000000
84434  8.618  33.994  65.227 0.0000000000
122052  7.212  5.874  77.121 0.0000000000
67261  6.725  7.332  77.301 0.0000000000
65754  6.646  6.019  76.918 0.0000000000
65758  6.028  5.418  76.193 0.0000000000
123391  4.495  5.667  75.814 0.0000000000
65765  4.605  5.490  75.385 0.0000000000
73238  6.246  14.333  76.683 0.0000000000
72470  5.282  13.292  77.173 0.0000000000
118967  4.808  14.539  76.361 0.0000000000
73240  4.776  13.777  76.904 0.0000000000
72471  4.399  13.098  76.963 0.0000000000
71603  4.253  12.480  76.781 0.0000000000
70602  4.228  11.770  76.826 0.0000000000
69655  4.032  10.509  76.230 0.0000000000
73956  4.259  15.179  74.718 0.0000000000
73259  4.224  14.458  75.121 0.0000000000
72487  4.420  13.782  75.221 0.0000000000
105892  4.231  13.139  75.610 0.0000000000
71612  4.242  12.243  75.782 0.0000000000
70614  4.132  11.307  75.992 0.0000000000
68829  3.766  9.541  76.042 0.0000000000
68040  3.491  8.562  75.423 0.0000000000
68049  3.480  7.831  74.819 0.0000000000
69663  5.068  10.239  75.167 0.0000000000
68838  4.027  8.579  74.817 0.0000000000
67278  4.913  6.967  73.844 0.0000000000
66537  5.277  6.119  73.682 0.0000000000
67277  6.072  7.088  73.450 0.0000000000
68059  7.514  8.638  73.605 0.0000000000
68069  9.017  8.868  72.897 0.0000000000
71615  8.438  12.274  74.122 0.0000000000
70630  9.083  11.261  73.577 0.0000000000
71631  9.778  12.786  73.098 0.0000000000
71623  9.504  12.041  73.389 0.0000000000
68861  9.548  9.390  72.621 0.0000000000
70653  11.366  11.082  71.680 0.0000000000
69690  11.548  10.357  71.314 0.0000000000
69697  12.167  10.445  70.604 0.0000000000
69696  12.536  10.624  70.042 0.0000000000
108311  12.758  11.087  69.813 0.0000000000
119250  12.848  12.371  69.928 0.0000000000
72513  12.618  13.608  69.873 0.0000000000
73298  12.734  14.605  68.803 0.0000000000
73987  10.933  15.865  70.109 0.0000000000
74726  11.131  16.107  69.280 0.0000000000
74732  11.267  16.303  68.408 0.0000000000
74739  11.428  16.367  67.436 0.0000000000
76155  10.359  18.534  65.555 0.0000000000
77349  11.646  19.760  65.825 0.0000000000
76720  5.929  20.026  69.012 0.0000000000
76727  6.564  20.307  68.601 0.0000000000
77314  7.397  20.351  68.217 0.0000000000
78452  10.932  22.907  69.153 0.0000000000
77923  11.993  21.607  67.523 0.0000000000
77935  11.527  20.993  66.845 0.0000000000
77934  12.549  21.216  66.787 0.0000000000
77933  13.471  21.461  66.412 0.0000000000
78485  14.347  22.766  66.304 0.0000000000
79578  14.720  24.525  66.516 0.0000000000
110718  15.045  24.787  65.884 0.0000000000
81015  14.045  27.017  67.254 0.0000000000
81034  13.903  27.753  65.802 0.0000000000
81033  14.306  27.168  65.726 0.0000000000
81048  14.435  27.050  64.801 0.0000000000
81068  14.203  27.079  63.862 0.0000000000
106394  35.270  9.580  70.329 0.0000000000
103473  35.696  10.254  70.246 0.0000000000
70672  38.021  11.926  70.037 0.0000000000
104292  37.217  9.008  67.635 0.0000000000
68900  38.049  9.931  67.291 0.0000000000
69705  37.578  11.013  68.744 0.0000000000
70687  38.440  11.777  69.792 0.0000000000
70655  38.750  12.375  69.859 0.0000000000
71657  38.761  12.566  69.235 0.0000000000
71656  39.339  12.183  68.835 0.0000000000
65844  41.194  5.893  66.064 0.0000000000
67354  41.439  7.165  65.530 0.0000000000
115778  41.189  7.937  65.431 0.0000000000
68918  43.390  9.103  65.941 0.0000000000
68919  42.362  9.274  65.634 0.0000000000
70717  41.673  11.852  67.860 0.0000000000
70697  41.560  12.036  68.053 0.0000000000
71667  41.385  12.322  67.859 0.0000000000
71685  40.962  12.590  67.401 0.0000000000
71727  41.480  12.544  64.175 0.0000000000
105297  45.086  12.694  65.763 0.0000000000
119495  44.714  13.542  64.592 0.0000000000
72551  45.476  13.842  64.657 0.0000000000
72552  44.184  13.478  64.006 0.0000000000
71776  49.014  13.131  59.986 0.0000000000
72588  50.288  13.972  61.224 0.0000000000
72569  52.393  13.979  62.789 0.0000000000
71735  52.647  13.500  62.604 0.0000000000
71721  50.642  13.069  64.001 0.0000000000
71737  50.998  12.793  63.165 0.0000000000
70769  49.518  11.735  62.062 0.0000000000
71757  51.247  12.435  62.267 0.0000000000
71756  52.116  12.790  62.416 0.0000000000
106888  51.089  10.587  59.714 0.0000000000
69839  50.319  10.244  59.698 0.0000000000
69857  50.987  9.863  59.048 0.0000000000
68984  50.409  9.334  58.418 0.0000000000
68193  50.000  8.501  57.397 0.0000000000
68958  45.475  9.582  61.432 0.0000000000
68967  45.022  9.159  60.876 0.0000000000
68957  46.104  9.740  61.164 0.0000000000
68965  46.632  9.605  60.556 0.0000000000
68973  46.944  9.247  59.720 0.0000000000
68179  45.740  8.533  59.342 0.0000000000
67430  46.921  7.594  57.772 0.0000000000
68196  47.744  7.987  57.872 0.0000000000
68184  48.450  8.536  58.235 0.0000000000
68195  48.492  8.085  57.621 0.0000000000
68209  48.870  7.853  57.065 0.0000000000
74210  63.553  16.445  41.648 0.0000000000
74936  63.754  16.847  42.446 0.0000000000
74925  63.715  17.215  44.157 0.0000000000
74166  63.585  17.099  44.786 0.0000000000
74912  62.059  17.644  45.188 0.0000000000
74167  63.228  16.623  45.356 0.0000000000
79532  11.808  24.588  72.337 0.0000000000
113195  12.265  25.015  71.752 0.0000000000
80021  12.836  25.104  71.055 0.0000000000
64933  9.393  5.136  80.918 0.0000000000
103883  9.892  -4.617  80.691 0.0000000000
57371  9.686  -3.794  80.123 0.0000000000
60297  11.491  -0.481  80.049 0.0000000000
59400  8.904  -2.039  80.508 0.0000000000
106460  9.990  -0.324  81.014 0.0000000000
60284  8.763  -0.466  81.429 0.0000000000
107081  16.023  2.872  82.043 0.0000000000
63054  15.074  2.822  82.171 0.0000000000
62098  13.930  2.285  81.798 0.0000000000
62099  13.002  2.117  81.794 0.0000000000
65727  14.386  4.931  81.579 0.0000000000
118347  14.032  3.745  82.018 0.0000000000
61190  9.414  0.848  82.171 0.0000000000
63046  8.945  2.117  82.783 0.0000000000
121976  10.476  3.767  82.071 0.0000000000
66508  7.865  7.355  80.699 0.0000000000
111144  8.998  8.794  78.827 0.0000000000
108100  8.050  10.410  77.307 0.0000000000
71609  7.995  12.980  76.567 0.0000000000
69640  12.950  9.651  78.162 0.0000000000
116772  9.939  12.987  76.342 0.0000000000
72478  9.462  13.592  76.268 0.0000000000
75404  9.980  17.374  76.046 0.0000000000
76066  10.573  18.370  75.462 0.0000000000
76673  10.402  19.240  75.258 0.0000000000
78420  11.234  22.644  73.051 0.0000000000
57405  36.532  -3.873  76.641 0.0000000000
55307  36.913  -4.684  75.917 0.0000000000
114599  36.509  -5.218  76.121 0.0000000000
52180  34.158  -8.185  76.565 0.0000000000
53207  34.551  -7.628  76.225 0.0000000000
113971  34.712  -7.352  75.432 0.0000000000
54226  34.915  -6.868  74.495 0.0000000000
65888  26.388  5.282  62.752 0.0000000000
66633  26.793  6.273  63.558 0.0000000000
61333  30.245  0.353  65.838 0.0000000000
62291  30.023  1.880  64.998 0.0000000000
64196  29.957  2.802  64.943 0.0000000000
64187  29.777  3.520  64.904 0.0000000000
108838  31.344  2.655  67.245 0.0000000000
66601  28.932  6.656  65.830 0.0000000000
103978  29.442  6.443  66.378 0.0000000000
67340  28.031  7.427  66.797 0.0000000000
66564  30.950  5.860  69.195 0.0000000000
68123  35.345  8.323  66.922 0.0000000000
122181  35.817  8.122  66.363 0.0000000000
102524  31.372  5.329  60.376 0.0000000000
66646  32.387  6.317  60.933 0.0000000000
66628  35.038  6.486  63.037 0.0000000000
65860  35.648  5.723  63.305 0.0000000000
66614  36.112  6.379  64.066 0.0000000000
67378  35.199  7.216  63.942 0.0000000000
66599  36.125  7.038  64.705 0.0000000000
64999  36.683  4.510  69.764 0.0000000000
64984  38.954  5.049  71.696 0.0000000000
65018  41.382  4.651  67.947 0.0000000000
63205  43.458  2.224  68.250 0.0000000000
63225  41.996  2.022  66.228 0.0000000000
63241  41.442  1.894  65.305 0.0000000000
80986  12.886  27.422  70.508 0.0000000000
80985  13.513  26.972  70.182 0.0000000000
82056  14.897  29.697  69.158 0.0000000000
82633  14.016  30.939  69.430 0.0000000000
124210  13.962  31.534  69.562 0.0000000000
83776  14.076  32.819  70.095 0.0000000000
86247  13.926  36.526  70.634 0.0000000000
86859  13.596  37.810  69.673 0.0000000000
63090  10.426  2.604  80.002 0.0000000000
113012  10.333  3.762  79.561 0.0000000000
121337  10.976  2.859  78.503 0.0000000000
64969  8.301  3.673  74.470 0.0000000000
63141  10.270  2.691  73.282 0.0000000000
120601  13.205  11.182  68.312 0.0000000000
70711  13.302  11.407  67.600 0.0000000000
70727  13.324  11.597  66.774 0.0000000000
73308  13.281  14.364  66.540 0.0000000000
72530  13.456  13.623  66.891 0.0000000000
103422  13.267  11.767  66.047 0.0000000000
70738  12.967  11.564  65.272 0.0000000000
70747  13.023  11.622  64.230 0.0000000000
76769  12.900  19.153  63.996 0.0000000000
109878  12.131  18.026  63.411 0.0000000000
75510  12.051  17.281  63.254 0.0000000000
74771  12.295  16.679  62.985 0.0000000000
76179  14.234  18.494  62.254 0.0000000000
75520  12.551  17.142  62.772 0.0000000000
71754  13.462  12.436  62.845 0.0000000000
71625  34.976  11.463  71.330 0.0000000000
71649  35.849  12.614  70.135 0.0000000000
71650  35.039  12.326  69.969 0.0000000000
102722  34.201  11.852  69.192 0.0000000000
71701  38.590  12.192  65.362 0.0000000000
70729  37.782  12.054  65.275 0.0000000000
109046  37.006  11.952  65.082 0.0000000000
109612  36.776  11.651  64.252 0.0000000000
70741  36.266  11.697  64.955 0.0000000000
75625  61.999  18.210  48.329 0.0000000000
75635  62.294  18.197  47.489 0.0000000000
72631  50.889  13.327  58.895 0.0000000000
72644  52.426  13.648  57.738 0.0000000000
72585  53.665  13.706  61.688 0.0000000000
72603  54.159  13.765  61.013 0.0000000000
102816  54.030  14.609  60.455 0.0000000000
72615  55.232  14.021  60.036 0.0000000000
73362  54.731  14.990  60.028 0.0000000000
73363  54.201  14.883  59.878 0.0000000000
72643  53.417  14.179  57.754 0.0000000000
72642  54.178  14.244  57.267 0.0000000000
73387  56.534  15.209  57.557 0.0000000000
73395  56.466  15.031  56.414 0.0000000000
70883  54.012  11.074  56.680 0.0000000000
70882  54.796  11.529  56.360 0.0000000000
70903  54.192  10.991  54.937 0.0000000000
71829  56.486  12.892  56.670 0.0000000000
72653  58.015  14.657  57.066 0.0000000000
72652  58.181  14.952  56.394 0.0000000000
74061  58.051  15.248  56.277 0.0000000000
74067  58.077  15.515  55.162 0.0000000000
74073  58.228  15.778  54.290 0.0000000000
74081  58.593  15.878  53.621 0.0000000000
74089  59.072  15.926  52.795 0.0000000000
74088  59.424  16.233  52.107 0.0000000000
74103  59.832  16.157  51.465 0.0000000000
72696  57.679  13.696  51.323 0.0000000000
72708  57.769  13.535  50.447 0.0000000000
118092  58.399  14.134  50.926 0.0000000000
74113  59.549  15.295  51.074 0.0000000000
74112  60.180  15.934  50.683 0.0000000000
61245  17.462  0.510  77.085 0.0000000000
61341  28.567  0.429  64.319 0.0000000000
63269  21.921  2.749  64.891 0.0000000000
64228  28.189  3.412  62.910 0.0000000000
65045  45.660  4.258  66.133 0.0000000000
65845  36.905  6.025  65.246 0.0000000000
65862  28.949  5.467  64.386 0.0000000000
66629  33.592  6.587  61.868 0.0000000000
66630  32.608  6.773  61.433 0.0000000000
67267  2.994  7.887  76.055 0.0000000000
68011  15.112  9.546  81.112 0.0000000000
70609  4.138  11.437  76.434 0.0000000000
70643  35.503  11.621  71.269 0.0000000000
71646  38.672  12.423  69.747 0.0000000000
71679  46.394  12.701  65.422 0.0000000000
72472  4.162  13.018  76.461 0.0000000000
72488  4.198  13.729  75.571 0.0000000000
72602  54.485  14.277  60.401 0.0000000000
73248  4.283  14.376  75.862 0.0000000000
73516  64.259  15.729  42.580 0.0000000000
73947  4.237  15.295  75.176 0.0000000000
74934  64.042  16.339  42.055 0.0000000000
75654  62.438  17.907  45.954 0.0000000000
76249  57.266  18.410  52.358 0.0000000000
82613  10.097  30.883  72.562 0.0000000000
83795  6.120  33.191  67.157 0.0000000000
83800  6.062  32.694  66.970 0.0000000000
83801  6.034  32.371  66.360 0.0000000000
83804  6.259  32.492  65.452 0.0000000000
85019  11.414  34.624  70.798 0.0000000000
85020  10.971  34.564  70.681 0.0000000000
85029  9.163  35.026  69.686 0.0000000000
85047  7.288  34.297  67.856 0.0000000000
85054  6.818  34.029  67.307 0.0000000000
85636  10.543  35.183  69.827 0.0000000000
85637  10.009  35.094  69.847 0.0000000000
85650  9.101  35.464  68.803 0.0000000000
86249  12.717  36.399  70.003 0.0000000000
86250  12.289  35.968  69.683 0.0000000000
86254  14.049  37.132  70.271 0.0000000000
86264  11.691  35.738  68.753 0.0000000000
86856  13.013  36.967  69.999 0.0000000000
87477  13.727  39.163  69.048 0.0000000000
102205  32.106  6.007  66.496 0.0000000000
102396  33.745  3.613  63.988 0.0000000000
102967  10.995  35.664  68.549 0.0000000000
108110  4.685  15.079  74.287 0.0000000000
109891  14.565  26.573  65.971 0.0000000000
115365  34.411  9.886  72.020 0.0000000000
116504  27.270  -1.329  65.485 0.0000000000
117671  11.658  35.607  69.391 0.0000000000
118411  8.237  35.241  69.041 0.0000000000
120823  41.772  12.019  67.896 0.0000000000
122038  4.861  12.798  77.161 0.0000000000
122420  5.307  9.712  74.861 0.0000000000
122438  10.435  30.409  71.319 0.0000000000
123520  19.362  6.089  64.207 0.0000000000
124183  64.255  15.941  42.120 0.0000000000
124378  58.681  18.190  51.584 0.0000000000
