#!ascii label  , from subject sub-v1s16x0051172_ses-1 vox2ras=TkReg
3253
11995  9.590  -53.720  33.597 0.0000000000
17185  19.791  -46.204  28.786 0.0000000000
3015  9.250  -69.203  36.645 0.0000000000
6501  8.329  -62.423  35.575 0.0000000000
3934  8.538  -67.221  27.179 0.0000000000
117458  -3.161  -61.895  29.860 0.0000000000
13949  10.869  -50.425  33.605 0.0000000000
586  3.695  -79.219  37.314 0.0000000000
12560  2.612  -52.231  36.463 0.0000000000
16216  12.736  -48.356  38.730 0.0000000000
17091  20.443  -46.499  34.596 0.0000000000
1100  7.483  -77.301  28.659 0.0000000000
8840  10.080  -58.402  32.354 0.0000000000
7147  3.301  -61.575  30.628 0.0000000000
10235  2.096  -56.430  28.896 0.0000000000
14736  14.848  -49.225  30.710 0.0000000000
17129  5.922  -46.353  32.227 0.0000000000
18924  12.841  -43.842  30.079 0.0000000000
10187  1.054  -56.331  31.833 0.0000000000
18813  10.475  -44.393  34.986 0.0000000000
15456  16.452  -48.357  35.791 0.0000000000
119442  9.000  -74.986  39.100 0.0000000000
1284  6.388  -75.886  32.056 0.0000000000
2426  11.647  -71.689  32.043 0.0000000000
21630  17.273  -41.797  26.048 0.0000000000
4819  8.522  -65.480  36.418 0.0000000000
4891  14.138  -66.202  30.912 0.0000000000
4879  6.982  -65.528  31.683 0.0000000000
117893  1.483  -68.837  28.936 0.0000000000
13207  7.852  -51.643  39.006 0.0000000000
13284  2.274  -51.185  32.347 0.0000000000
16266  2.619  -47.229  36.023 0.0000000000
22480  10.787  -39.945  27.795 0.0000000000
1665  4.080  -74.816  45.158 0.0000000000
2621  3.074  -70.566  39.899 0.0000000000
4301  1.421  -68.304  36.069 0.0000000000
7070  3.557  -61.046  36.297 0.0000000000
9474  8.254  -56.975  34.562 0.0000000000
10070  7.784  -56.371  40.006 0.0000000000
19715  1.806  -42.677  36.161 0.0000000000
112094  5.923  -48.006  40.019 0.0000000000
11885  11.429  -53.284  40.535 0.0000000000
103745  14.338  -51.634  37.922 0.0000000000
103678  19.182  -51.673  34.365 0.0000000000
111182  22.527  -48.357  32.031 0.0000000000
452  11.034  -80.248  30.729 0.0000000000
871  12.576  -78.380  27.671 0.0000000000
2473  11.029  -71.724  25.377 0.0000000000
10814  9.809  -55.395  32.262 0.0000000000
9553  6.042  -56.813  29.943 0.0000000000
11405  5.699  -54.621  30.410 0.0000000000
16317  17.393  -47.966  30.273 0.0000000000
17173  13.736  -46.582  29.374 0.0000000000
18059  16.533  -45.164  28.902 0.0000000000
2385  9.357  -71.975  38.776 0.0000000000
2156  10.836  -72.813  36.126 0.0000000000
2412  12.033  -70.891  35.499 0.0000000000
6484  7.352  -63.805  36.209 0.0000000000
5935  9.520  -63.880  33.844 0.0000000000
5939  6.473  -63.517  34.340 0.0000000000
6587  -0.513  -62.876  30.947 0.0000000000
5467  1.419  -65.430  29.647 0.0000000000
4905  -2.023  -66.391  30.726 0.0000000000
3942  0.079  -68.112  26.123 0.0000000000
102677  -1.863  -65.194  26.835 0.0000000000
13904  9.826  -50.158  37.254 0.0000000000
13908  5.807  -50.186  37.978 0.0000000000
15471  7.089  -48.138  35.751 0.0000000000
19747  6.000  -43.211  32.366 0.0000000000
19749  2.703  -43.130  33.227 0.0000000000
21632  13.717  -41.487  26.734 0.0000000000
2345  4.579  -71.668  41.537 0.0000000000
4275  0.911  -68.035  38.818 0.0000000000
120714  -0.287  -66.020  34.776 0.0000000000
5889  2.408  -63.772  37.031 0.0000000000
7095  1.651  -62.031  33.791 0.0000000000
11996  2.344  -53.476  33.295 0.0000000000
10803  4.923  -55.898  32.702 0.0000000000
11345  5.133  -54.000  35.252 0.0000000000
10128  7.582  -56.067  37.015 0.0000000000
11916  4.823  -53.230  38.315 0.0000000000
17072  11.803  -47.043  34.538 0.0000000000
17911  7.265  -45.881  36.956 0.0000000000
115292  9.128  -46.865  39.226 0.0000000000
13854  8.959  -50.591  42.108 0.0000000000
115792  12.223  -50.140  40.688 0.0000000000
12517  13.175  -51.916  39.256 0.0000000000
14638  14.134  -49.956  39.252 0.0000000000
15469  19.517  -48.205  35.526 0.0000000000
13215  18.842  -51.250  35.993 0.0000000000
111339  20.634  -50.470  35.011 0.0000000000
114469  20.578  -50.435  32.901 0.0000000000
15480  22.761  -47.748  33.943 0.0000000000
126  5.453  -82.175  37.645 0.0000000000
57  7.616  -84.160  32.324 0.0000000000
115142  6.852  -80.879  33.047 0.0000000000
105320  7.560  -76.153  29.352 0.0000000000
1525  10.894  -75.703  30.501 0.0000000000
669  7.698  -79.667  28.821 0.0000000000
182  10.155  -82.642  27.383 0.0000000000
313  5.641  -82.147  27.637 0.0000000000
3875  10.609  -68.097  29.215 0.0000000000
114107  13.658  -68.331  27.717 0.0000000000
3946  11.129  -68.123  25.734 0.0000000000
14730  -1.965  -49.672  31.637 0.0000000000
12637  -2.218  -52.069  30.043 0.0000000000
104955  10.224  -60.654  33.612 0.0000000000
121883  6.202  -61.749  32.774 0.0000000000
8291  5.835  -59.493  31.141 0.0000000000
112654  1.835  -59.692  29.113 0.0000000000
8322  -1.338  -59.298  30.707 0.0000000000
13964  12.442  -50.239  32.437 0.0000000000
14708  8.080  -48.676  32.762 0.0000000000
15533  10.623  -48.207  30.648 0.0000000000
18024  9.593  -45.466  30.466 0.0000000000
20625  9.549  -42.466  31.456 0.0000000000
8833  -1.858  -58.485  32.843 0.0000000000
12610  -2.245  -52.747  33.032 0.0000000000
13925  0.276  -50.304  35.144 0.0000000000
16252  13.796  -48.188  35.567 0.0000000000
115755  14.718  -48.552  36.879 0.0000000000
17053  15.789  -46.508  35.475 0.0000000000
17066  18.698  -46.793  36.006 0.0000000000
1008  7.198  -77.162  38.421 0.0000000000
809  5.552  -77.957  34.832 0.0000000000
1487  8.224  -75.582  35.383 0.0000000000
1754  9.542  -73.889  32.134 0.0000000000
1992  10.231  -73.675  28.726 0.0000000000
4443  5.620  -66.401  24.574 0.0000000000
3949  8.821  -67.706  24.738 0.0000000000
19821  21.735  -43.749  27.432 0.0000000000
114819  18.348  -43.760  27.356 0.0000000000
112030  9.199  -67.629  36.188 0.0000000000
105614  13.176  -67.640  34.930 0.0000000000
5390  12.264  -65.113  33.848 0.0000000000
4876  10.328  -66.209  31.437 0.0000000000
3879  7.568  -68.295  29.655 0.0000000000
115321  4.837  -64.317  31.723 0.0000000000
3866  4.259  -68.280  30.229 0.0000000000
3468  4.846  -69.162  28.698 0.0000000000
3952  2.986  -67.894  24.609 0.0000000000
103072  8.252  -52.878  35.916 0.0000000000
12616  6.331  -52.336  32.304 0.0000000000
13253  5.667  -51.570  35.023 0.0000000000
14689  2.196  -49.322  34.958 0.0000000000
16283  -1.715  -47.205  33.655 0.0000000000
17093  4.381  -46.629  34.294 0.0000000000
18848  -0.659  -44.464  34.944 0.0000000000
19827  14.898  -43.043  28.727 0.0000000000
21573  12.054  -41.373  29.914 0.0000000000
391  6.912  -79.273  40.542 0.0000000000
102672  4.485  -77.706  41.950 0.0000000000
1200  7.160  -75.795  41.328 0.0000000000
2122  5.226  -72.951  39.904 0.0000000000
2652  4.993  -71.295  36.922 0.0000000000
3346  -0.519  -70.341  40.841 0.0000000000
3371  0.669  -70.689  36.091 0.0000000000
3398  5.561  -69.556  37.327 0.0000000000
4297  6.043  -66.705  38.422 0.0000000000
5871  6.687  -63.592  38.534 0.0000000000
7602  7.590  -61.057  38.260 0.0000000000
8830  2.935  -59.249  32.760 0.0000000000
8799  5.342  -58.893  35.647 0.0000000000
8220  8.598  -59.628  37.150 0.0000000000
8793  10.275  -58.336  35.638 0.0000000000
9469  11.432  -57.436  35.913 0.0000000000
113375  11.659  -55.221  36.288 0.0000000000
15442  1.268  -48.094  38.271 0.0000000000
116191  4.140  -45.581  38.274 0.0000000000
13873  2.957  -49.881  39.816 0.0000000000
12502  6.130  -52.431  41.288 0.0000000000
11286  9.349  -54.550  41.806 0.0000000000
11336  10.353  -54.419  37.550 0.0000000000
12541  9.738  -53.071  39.205 0.0000000000
13218  11.999  -51.381  36.957 0.0000000000
13232  13.205  -51.509  35.329 0.0000000000
13191  16.114  -51.082  37.838 0.0000000000
102615  16.131  -51.795  35.925 0.0000000000
13265  15.110  -51.563  33.807 0.0000000000
13278  16.700  -51.270  32.651 0.0000000000
14718  18.995  -49.599  31.280 0.0000000000
16331  21.327  -47.324  29.877 0.0000000000
18902  24.432  -44.556  31.192 0.0000000000
18938  23.181  -44.390  29.002 0.0000000000
1075  15.320  -77.178  30.166 0.0000000000
837  9.385  -78.400  32.387 0.0000000000
1523  13.790  -75.698  30.425 0.0000000000
1313  16.026  -76.058  27.421 0.0000000000
3044  13.294  -69.185  31.610 0.0000000000
2449  12.309  -71.315  28.689 0.0000000000
1585  9.459  -75.163  25.747 0.0000000000
2025  7.644  -72.450  24.044 0.0000000000
1365  9.033  -76.326  23.184 0.0000000000
1125  7.304  -77.872  24.148 0.0000000000
102478  8.325  -80.803  22.639 0.0000000000
12038  2.210  -53.633  30.612 0.0000000000
10856  -2.694  -55.272  29.858 0.0000000000
9588  -2.526  -57.597  27.311 0.0000000000
7784  -1.690  -60.177  25.385 0.0000000000
11378  9.621  -54.683  32.456 0.0000000000
10829  8.010  -55.014  30.963 0.0000000000
12022  8.290  -53.728  31.563 0.0000000000
115639  18.405  -46.650  29.371 0.0000000000
17170  16.704  -46.420  29.555 0.0000000000
17187  17.935  -46.005  29.042 0.0000000000
2662  9.334  -70.307  37.646 0.0000000000
2397  11.122  -71.455  37.295 0.0000000000
3013  11.446  -69.698  36.748 0.0000000000
6483  8.150  -62.901  36.275 0.0000000000
5928  6.591  -63.961  35.604 0.0000000000
6514  6.513  -62.923  35.000 0.0000000000
5984  -2.936  -62.732  30.934 0.0000000000
5450  -2.074  -64.520  31.336 0.0000000000
6020  -2.778  -64.235  30.200 0.0000000000
102375  -1.405  -65.696  28.152 0.0000000000
6038  -1.997  -63.682  28.687 0.0000000000
13919  10.241  -50.225  35.835 0.0000000000
13921  8.638  -49.308  36.872 0.0000000000
13951  9.384  -49.726  34.141 0.0000000000
21531  6.038  -41.596  32.344 0.0000000000
21534  3.038  -41.029  32.890 0.0000000000
111612  -0.501  -65.385  36.970 0.0000000000
118450  -1.858  -63.269  35.335 0.0000000000
6486  0.168  -64.099  34.167 0.0000000000
7097  -1.298  -62.377  33.820 0.0000000000
12590  2.375  -52.715  34.660 0.0000000000
11975  3.598  -53.441  34.362 0.0000000000
11939  3.715  -53.278  36.087 0.0000000000
11326  5.120  -53.994  37.026 0.0000000000
11925  3.839  -53.004  37.387 0.0000000000
17058  11.346  -47.554  37.122 0.0000000000
104448  9.841  -46.920  37.677 0.0000000000
16217  11.125  -47.811  39.159 0.0000000000
15424  10.431  -48.395  40.473 0.0000000000
15422  12.415  -48.834  39.849 0.0000000000
108278  12.896  -50.222  40.211 0.0000000000
14639  13.571  -49.466  39.447 0.0000000000
16272  19.999  -46.849  34.916 0.0000000000
106271  19.917  -49.113  35.581 0.0000000000
16259  21.371  -48.179  34.981 0.0000000000
15482  21.932  -48.782  34.420 0.0000000000
17090  21.292  -46.619  34.370 0.0000000000
244  4.537  -80.709  37.061 0.0000000000
142  5.307  -81.551  35.305 0.0000000000
428  4.770  -80.266  35.636 0.0000000000
1310  8.265  -77.301  29.012 0.0000000000
1090  8.527  -77.312  29.567 0.0000000000
866  6.579  -79.009  29.397 0.0000000000
492  5.899  -80.642  28.847 0.0000000000
113474  5.741  -78.904  28.523 0.0000000000
3912  9.420  -68.300  28.691 0.0000000000
3910  11.407  -67.302  26.980 0.0000000000
3933  9.922  -67.337  26.678 0.0000000000
15520  -3.033  -47.772  30.648 0.0000000000
13992  -2.999  -49.835  28.976 0.0000000000
8839  10.537  -59.277  32.788 0.0000000000
8275  7.628  -59.615  32.123 0.0000000000
8288  8.063  -58.850  31.781 0.0000000000
121533  3.742  -57.195  29.140 0.0000000000
8883  4.303  -58.243  29.413 0.0000000000
8894  2.064  -58.226  28.654 0.0000000000
8334  0.671  -59.051  29.441 0.0000000000
106488  0.182  -57.840  29.691 0.0000000000
14723  13.665  -49.658  31.423 0.0000000000
15513  11.884  -48.988  31.290 0.0000000000
15531  12.849  -48.697  30.631 0.0000000000
18046  12.467  -45.563  29.585 0.0000000000
16342  10.940  -46.386  29.783 0.0000000000
18022  11.427  -44.788  30.167 0.0000000000
18887  9.199  -44.068  31.165 0.0000000000
19769  11.063  -43.158  31.159 0.0000000000
13257  -3.142  -51.501  34.196 0.0000000000
13255  -0.922  -51.064  33.582 0.0000000000
17057  14.138  -45.966  35.828 0.0000000000
17055  14.848  -45.625  36.805 0.0000000000
16251  14.404  -47.770  35.175 0.0000000000
17054  15.807  -45.808  36.642 0.0000000000
105433  8.427  -75.890  39.099 0.0000000000
1237  7.917  -76.152  37.125 0.0000000000
1472  8.547  -75.519  37.428 0.0000000000
2175  11.270  -71.968  33.606 0.0000000000
1958  10.239  -73.547  33.965 0.0000000000
2180  10.569  -73.091  32.392 0.0000000000
1976  9.255  -73.914  30.696 0.0000000000
2196  11.169  -72.262  30.735 0.0000000000
4960  5.292  -66.025  22.949 0.0000000000
4951  6.493  -66.213  23.761 0.0000000000
20714  22.373  -42.014  26.807 0.0000000000
20716  20.850  -42.710  26.510 0.0000000000
4818  9.291  -66.043  36.067 0.0000000000
110045  10.995  -66.533  35.100 0.0000000000
106022  10.354  -65.780  34.982 0.0000000000
5436  8.734  -64.694  32.176 0.0000000000
5419  10.269  -64.539  32.417 0.0000000000
4877  9.521  -65.885  31.373 0.0000000000
4373  9.308  -67.399  30.750 0.0000000000
4375  7.315  -67.087  30.566 0.0000000000
7133  4.768  -61.945  31.624 0.0000000000
6534  5.622  -63.011  32.786 0.0000000000
115335  4.077  -63.239  31.293 0.0000000000
111027  1.624  -66.962  29.456 0.0000000000
4902  2.859  -66.854  29.784 0.0000000000
3884  2.520  -69.310  29.386 0.0000000000
3448  4.015  -69.988  29.532 0.0000000000
110036  3.247  -69.862  28.940 0.0000000000
3938  3.981  -68.218  27.040 0.0000000000
3486  2.123  -69.055  27.465 0.0000000000
12573  7.528  -52.404  36.846 0.0000000000
13251  7.256  -52.168  34.905 0.0000000000
13223  6.985  -51.507  37.769 0.0000000000
15460  3.986  -48.600  37.416 0.0000000000
13910  4.059  -50.220  37.012 0.0000000000
14680  2.295  -48.676  35.864 0.0000000000
15488  0.399  -48.093  34.375 0.0000000000
16276  0.315  -47.181  34.771 0.0000000000
16302  6.765  -47.527  32.027 0.0000000000
121392  6.234  -47.677  32.918 0.0000000000
17118  4.808  -46.145  32.651 0.0000000000
18858  1.007  -43.751  34.488 0.0000000000
19845  17.881  -42.887  26.880 0.0000000000
105129  17.044  -43.660  27.568 0.0000000000
20688  15.964  -42.894  27.264 0.0000000000
22478  12.582  -40.271  27.231 0.0000000000
21588  13.478  -41.587  28.567 0.0000000000
22465  11.553  -40.368  28.399 0.0000000000
22448  10.609  -40.507  29.668 0.0000000000
22481  10.148  -39.940  28.293 0.0000000000
1185  5.121  -76.678  45.102 0.0000000000
751  5.420  -78.063  43.484 0.0000000000
1190  5.459  -76.642  42.988 0.0000000000
980  6.643  -77.012  41.438 0.0000000000
1444  5.186  -75.200  42.759 0.0000000000
2605  3.465  -70.288  41.223 0.0000000000
1922  4.878  -73.082  40.519 0.0000000000
2359  4.047  -71.968  38.994 0.0000000000
2374  4.965  -72.254  38.303 0.0000000000
2360  3.302  -72.374  37.438 0.0000000000
4302  0.454  -68.354  35.506 0.0000000000
3798  0.334  -69.527  37.203 0.0000000000
110769  1.179  -69.322  35.692 0.0000000000
2988  3.208  -69.890  37.168 0.0000000000
3810  3.136  -68.135  37.788 0.0000000000
3808  5.640  -67.638  38.268 0.0000000000
4299  4.293  -66.958  38.477 0.0000000000
7057  3.044  -62.246  36.999 0.0000000000
5873  4.541  -63.598  38.341 0.0000000000
6453  4.439  -62.309  37.945 0.0000000000
6434  6.988  -62.695  38.557 0.0000000000
7054  5.197  -61.290  37.833 0.0000000000
9508  -0.756  -57.851  32.285 0.0000000000
102868  0.495  -59.443  32.469 0.0000000000
9507  2.199  -57.926  32.215 0.0000000000
116201  6.535  -56.779  33.811 0.0000000000
9485  5.835  -57.624  34.116 0.0000000000
8809  7.280  -57.787  34.910 0.0000000000
8222  6.955  -59.383  37.164 0.0000000000
8780  7.774  -58.852  36.389 0.0000000000
8234  10.326  -59.543  35.982 0.0000000000
9472  9.181  -57.269  34.984 0.0000000000
10089  7.201  -56.167  38.970 0.0000000000
9453  9.503  -57.222  36.714 0.0000000000
9435  9.805  -57.205  37.968 0.0000000000
10138  11.743  -56.684  36.396 0.0000000000
10109  10.295  -56.721  38.562 0.0000000000
18802  0.032  -44.314  36.222 0.0000000000
16244  0.209  -46.844  36.546 0.0000000000
109701  0.945  -45.409  37.190 0.0000000000
18832  7.263  -44.379  34.659 0.0000000000
17877  6.884  -45.853  38.727 0.0000000000
17913  5.429  -45.408  37.343 0.0000000000
17032  4.826  -46.633  39.246 0.0000000000
121060  3.309  -47.358  39.436 0.0000000000
15429  4.568  -48.728  40.242 0.0000000000
13871  4.342  -50.592  40.455 0.0000000000
109078  5.758  -50.198  40.960 0.0000000000
12489  10.116  -52.034  42.075 0.0000000000
111943  8.585  -52.209  42.504 0.0000000000
11886  10.774  -53.770  41.112 0.0000000000
11300  10.171  -54.640  39.941 0.0000000000
11905  10.456  -53.866  39.832 0.0000000000
11937  9.525  -53.963  38.297 0.0000000000
12519  11.379  -53.197  39.472 0.0000000000
112358  13.427  -51.795  38.413 0.0000000000
12539  12.083  -52.172  38.225 0.0000000000
12555  12.745  -51.628  37.308 0.0000000000
12570  12.991  -51.499  36.213 0.0000000000
12554  13.706  -51.641  36.643 0.0000000000
117434  15.791  -48.507  36.224 0.0000000000
124362  15.602  -49.506  37.881 0.0000000000
14651  17.132  -50.285  37.071 0.0000000000
102521  19.977  -52.174  35.754 0.0000000000
102533  17.283  -51.552  36.313 0.0000000000
102707  17.152  -51.752  35.104 0.0000000000
12584  15.729  -51.716  34.646 0.0000000000
12583  16.589  -51.723  34.524 0.0000000000
13264  15.866  -51.387  32.948 0.0000000000
110419  17.559  -51.615  33.322 0.0000000000
14715  21.434  -49.403  32.309 0.0000000000
13971  19.406  -50.163  31.798 0.0000000000
15512  20.601  -49.016  31.237 0.0000000000
15524  20.183  -48.614  30.600 0.0000000000
16312  22.461  -47.596  30.983 0.0000000000
18903  24.025  -44.833  30.355 0.0000000000
107686  23.471  -43.050  28.793 0.0000000000
160  9.299  -82.650  31.307 0.0000000000
165  10.295  -83.132  30.299 0.0000000000
282  11.436  -81.600  30.205 0.0000000000
639  12.814  -79.582  30.313 0.0000000000
1058  6.920  -77.032  33.418 0.0000000000
825  7.760  -78.502  33.361 0.0000000000
105543  8.522  -77.488  32.605 0.0000000000
1308  12.451  -76.242  28.467 0.0000000000
1524  12.394  -75.499  30.386 0.0000000000
1546  13.513  -75.378  28.801 0.0000000000
1794  14.672  -74.671  28.937 0.0000000000
1095  14.506  -77.483  27.458 0.0000000000
109697  15.889  -78.032  26.731 0.0000000000
664  13.435  -79.795  27.177 0.0000000000
88  9.488  -83.418  26.003 0.0000000000
3842  13.972  -66.821  33.015 0.0000000000
111302  13.616  -68.120  32.943 0.0000000000
3430  14.171  -67.738  31.436 0.0000000000
2739  12.746  -69.975  26.823 0.0000000000
2720  12.942  -70.345  27.950 0.0000000000
2464  12.170  -71.347  26.858 0.0000000000
120159  11.388  -72.766  27.470 0.0000000000
2016  10.605  -73.021  25.862 0.0000000000
108803  7.580  -70.297  23.276 0.0000000000
120546  8.317  -70.105  24.028 0.0000000000
929  10.914  -80.063  19.090 0.0000000000
1143  10.669  -77.141  21.500 0.0000000000
912  10.013  -78.427  21.183 0.0000000000
1138  8.047  -77.495  23.234 0.0000000000
713  8.526  -80.617  20.761 0.0000000000
102380  7.836  -79.397  22.768 0.0000000000
102480  9.703  -82.276  21.421 0.0000000000
13282  3.955  -51.507  32.641 0.0000000000
113508  3.669  -52.782  31.262 0.0000000000
12626  2.337  -52.288  31.363 0.0000000000
12678  -3.285  -52.917  28.051 0.0000000000
12051  -1.929  -53.613  30.242 0.0000000000
11455  -3.109  -54.566  27.752 0.0000000000
10867  -2.992  -56.343  28.308 0.0000000000
109204  -1.812  -55.233  26.490 0.0000000000
118415  10.224  -56.831  32.247 0.0000000000
9541  7.868  -57.417  31.050 0.0000000000
10201  8.058  -56.569  30.976 0.0000000000
10215  6.126  -55.971  30.065 0.0000000000
10851  3.855  -55.873  29.672 0.0000000000
110789  16.070  -48.494  30.359 0.0000000000
15543  13.907  -48.118  29.899 0.0000000000
16337  14.985  -47.282  29.575 0.0000000000
112614  14.640  -45.914  29.363 0.0000000000
18922  14.452  -44.045  29.445 0.0000000000
1925  9.401  -73.451  39.054 0.0000000000
1712  10.010  -73.817  37.436 0.0000000000
2148  10.511  -73.071  37.520 0.0000000000
2166  11.271  -72.147  35.621 0.0000000000
2418  11.860  -71.226  33.777 0.0000000000
5378  7.995  -64.852  36.508 0.0000000000
117495  9.556  -64.452  34.693 0.0000000000
5927  7.025  -64.249  35.719 0.0000000000
5954  6.811  -63.896  34.255 0.0000000000
113782  6.707  -64.365  32.716 0.0000000000
117880  2.004  -62.077  29.888 0.0000000000
5982  2.599  -63.610  30.116 0.0000000000
6003  0.581  -63.463  30.315 0.0000000000
5468  -0.475  -65.825  30.719 0.0000000000
4405  -0.411  -67.929  29.698 0.0000000000
3919  0.941  -68.941  28.057 0.0000000000
102066  -0.697  -67.673  29.104 0.0000000000
102453  -0.815  -67.087  26.996 0.0000000000
102383  -1.722  -67.010  24.787 0.0000000000
13221  9.222  -50.598  38.501 0.0000000000
13907  6.866  -50.286  38.276 0.0000000000
13906  7.891  -49.595  38.004 0.0000000000
123809  6.431  -48.780  37.634 0.0000000000
15473  5.524  -47.571  36.274 0.0000000000
108131  6.120  -44.768  32.299 0.0000000000
18876  3.949  -44.658  32.715 0.0000000000
114558  3.550  -43.075  33.004 0.0000000000
104477  2.043  -41.181  32.936 0.0000000000
104110  15.358  -41.807  26.198 0.0000000000
22518  15.651  -40.656  25.089 0.0000000000
1905  3.772  -73.992  43.680 0.0000000000
2337  4.531  -71.589  44.029 0.0000000000
2595  3.555  -70.325  42.420 0.0000000000
109072  1.788  -70.378  41.938 0.0000000000
4794  0.457  -66.298  38.415 0.0000000000
4806  -0.017  -66.981  35.951 0.0000000000
4812  0.829  -67.153  35.323 0.0000000000
5348  2.799  -65.405  37.573 0.0000000000
110098  1.603  -65.128  35.912 0.0000000000
6485  1.622  -63.120  34.918 0.0000000000
7641  2.726  -61.272  34.345 0.0000000000
11380  1.318  -54.671  32.192 0.0000000000
10173  3.170  -56.427  32.195 0.0000000000
11365  3.780  -54.292  32.830 0.0000000000
10790  5.736  -55.305  33.399 0.0000000000
10777  6.723  -55.456  34.832 0.0000000000
113515  8.518  -56.536  35.483 0.0000000000
10766  6.510  -55.115  36.101 0.0000000000
10746  6.459  -55.085  38.197 0.0000000000
11301  6.442  -54.757  39.359 0.0000000000
122868  10.760  -45.740  33.825 0.0000000000
17083  8.143  -46.331  33.949 0.0000000000
17928  8.635  -47.091  35.283 0.0000000000
120421  8.360  -46.211  38.440 0.0000000000
17016  7.951  -47.070  39.804 0.0000000000
15416  7.053  -49.037  40.785 0.0000000000
15414  9.089  -48.775  41.044 0.0000000000
14619  10.215  -49.470  41.426 0.0000000000
13164  11.546  -51.553  41.239 0.0000000000
118285  12.424  -52.427  40.257 0.0000000000
13869  12.679  -51.015  40.490 0.0000000000
13181  13.466  -51.449  39.469 0.0000000000
110177  14.621  -51.136  38.691 0.0000000000
15454  18.463  -48.260  35.612 0.0000000000
14660  18.127  -49.686  36.261 0.0000000000
14659  18.945  -49.949  35.954 0.0000000000
122945  20.104  -51.287  35.409 0.0000000000
12566  21.373  -52.201  34.804 0.0000000000
12600  21.159  -51.667  33.623 0.0000000000
13932  20.694  -50.805  34.420 0.0000000000
14693  21.772  -49.599  33.701 0.0000000000
15491  23.113  -48.155  33.025 0.0000000000
110669  7.844  -81.574  35.168 0.0000000000
140  6.732  -81.579  34.735 0.0000000000
147  7.817  -81.878  32.920 0.0000000000
445  8.404  -80.988  31.685 0.0000000000
1517  6.659  -75.692  30.368 0.0000000000
1282  7.850  -76.691  31.423 0.0000000000
1536  9.364  -76.448  29.770 0.0000000000
1099  10.307  -77.619  28.433 0.0000000000
666  11.183  -79.105  27.801 0.0000000000
488  11.239  -80.857  27.402 0.0000000000
490  8.728  -80.681  27.896 0.0000000000
84  6.782  -83.088  27.602 0.0000000000
99  6.600  -83.063  26.317 0.0000000000
4386  13.013  -66.633  29.294 0.0000000000
4400  14.123  -66.936  28.979 0.0000000000
4415  12.960  -66.925  27.869 0.0000000000
3930  12.571  -67.792  26.667 0.0000000000
2751  11.571  -70.199  25.519 0.0000000000
13969  0.720  -50.532  32.429 0.0000000000
122353  0.109  -51.894  31.590 0.0000000000
13984  -1.597  -50.958  31.021 0.0000000000
13295  -2.787  -50.972  29.364 0.0000000000
7102  9.416  -61.217  34.017 0.0000000000
7103  7.462  -61.938  33.952 0.0000000000
7116  8.150  -60.943  33.069 0.0000000000
7672  6.392  -60.487  32.120 0.0000000000
7697  4.444  -60.330  30.852 0.0000000000
8861  6.089  -58.607  30.653 0.0000000000
8303  4.588  -59.535  30.403 0.0000000000
7699  3.123  -60.769  30.082 0.0000000000
122140  0.682  -61.090  29.899 0.0000000000
106982  -0.790  -60.443  30.763 0.0000000000
102629  -3.168  -60.716  30.441 0.0000000000
13965  11.204  -50.228  32.865 0.0000000000
14694  9.541  -49.684  33.144 0.0000000000
14706  9.981  -49.539  32.325 0.0000000000
15516  9.268  -48.534  31.273 0.0000000000
16300  8.667  -47.657  30.918 0.0000000000
16340  12.396  -47.706  29.940 0.0000000000
17150  10.051  -46.808  30.102 0.0000000000
18026  7.594  -45.796  31.453 0.0000000000
18889  7.649  -44.210  31.668 0.0000000000
20614  7.317  -42.466  32.078 0.0000000000
109588  7.554  -41.433  32.038 0.0000000000
119775  -1.367  -56.070  32.255 0.0000000000
11369  -2.739  -54.898  33.134 0.0000000000
11381  0.197  -54.660  32.092 0.0000000000
11998  0.285  -53.204  32.689 0.0000000000
124142  1.303  -52.265  33.994 0.0000000000
13240  1.380  -51.238  35.933 0.0000000000
17926  12.887  -46.560  34.690 0.0000000000
16254  12.720  -47.983  35.448 0.0000000000
16230  12.999  -48.311  37.525 0.0000000000
110969  13.536  -48.582  38.322 0.0000000000
15458  14.241  -48.343  36.203 0.0000000000
15457  14.890  -48.234  35.766 0.0000000000
16250  16.008  -47.455  35.454 0.0000000000
16249  17.046  -47.339  35.906 0.0000000000
16263  17.742  -47.761  35.689 0.0000000000
16262  18.706  -47.479  35.623 0.0000000000
17078  19.518  -46.503  35.314 0.0000000000
115448  4.417  -78.671  37.697 0.0000000000
802  4.816  -78.732  35.970 0.0000000000
1034  5.472  -78.120  36.130 0.0000000000
1038  6.755  -77.053  35.434 0.0000000000
120358  7.691  -75.882  33.590 0.0000000000
1725  9.328  -74.653  36.102 0.0000000000
1736  8.737  -74.834  34.045 0.0000000000
1756  7.074  -74.914  31.982 0.0000000000
107918  7.927  -74.451  30.281 0.0000000000
1993  8.763  -74.606  29.077 0.0000000000
1317  8.701  -76.261  27.979 0.0000000000
4427  6.486  -66.802  26.206 0.0000000000
4425  8.273  -66.921  26.036 0.0000000000
4431  7.803  -66.700  25.001 0.0000000000
4440  8.020  -67.676  23.830 0.0000000000
18940  20.818  -45.012  28.007 0.0000000000
18942  18.965  -44.966  27.966 0.0000000000
118200  20.042  -43.710  27.136 0.0000000000
20717  19.309  -42.716  26.524 0.0000000000
3408  9.229  -68.629  36.257 0.0000000000
3406  11.665  -68.808  36.542 0.0000000000
3834  11.391  -67.411  35.788 0.0000000000
4322  12.810  -66.320  34.802 0.0000000000
111056  13.569  -65.486  32.458 0.0000000000
5403  10.747  -64.363  33.416 0.0000000000
5417  12.065  -64.759  32.722 0.0000000000
118406  13.083  -65.980  31.061 0.0000000000
4372  11.172  -67.287  30.534 0.0000000000
3894  9.401  -68.705  29.388 0.0000000000
105050  8.143  -68.197  28.733 0.0000000000
6516  6.352  -63.058  34.123 0.0000000000
5956  5.708  -63.788  32.604 0.0000000000
4864  5.779  -64.881  32.086 0.0000000000
5448  3.886  -64.747  30.817 0.0000000000
4882  4.889  -65.619  31.321 0.0000000000
4360  5.672  -66.312  31.285 0.0000000000
3864  5.844  -67.988  30.304 0.0000000000
3446  5.738  -68.777  29.166 0.0000000000
3915  6.823  -68.019  28.065 0.0000000000
119137  5.597  -67.125  26.617 0.0000000000
4444  4.505  -66.720  24.344 0.0000000000
4459  4.143  -66.568  23.390 0.0000000000
117773  1.742  -68.525  25.267 0.0000000000
117583  9.115  -53.213  34.316 0.0000000000
103482  7.885  -52.863  32.429 0.0000000000
12589  7.774  -52.490  34.023 0.0000000000
13269  5.885  -51.659  33.887 0.0000000000
13271  4.262  -51.358  33.460 0.0000000000
13225  5.346  -50.953  37.258 0.0000000000
13938  3.338  -50.481  35.069 0.0000000000
14709  1.985  -50.219  33.371 0.0000000000
14700  0.577  -49.231  33.384 0.0000000000
15506  -1.994  -48.462  32.661 0.0000000000
14696  8.120  -48.744  33.767 0.0000000000
15485  6.020  -47.512  34.493 0.0000000000
16274  3.916  -46.638  35.362 0.0000000000
17986  3.530  -45.463  33.290 0.0000000000
17957  2.220  -45.506  34.957 0.0000000000
17096  1.854  -46.289  35.440 0.0000000000
17960  -1.029  -45.307  35.003 0.0000000000
18944  16.998  -44.708  28.382 0.0000000000
18946  15.334  -44.222  29.021 0.0000000000
19784  14.196  -43.445  29.517 0.0000000000
20690  14.557  -42.504  27.982 0.0000000000
20664  13.629  -42.187  29.387 0.0000000000
20642  12.710  -42.580  30.399 0.0000000000
21550  10.731  -41.514  30.961 0.0000000000
21551  9.696  -41.110  30.667 0.0000000000
122880  5.646  -80.373  38.699 0.0000000000
406  4.092  -80.036  39.325 0.0000000000
758  7.130  -78.236  42.517 0.0000000000
566  5.088  -79.294  41.483 0.0000000000
577  3.950  -79.009  39.207 0.0000000000
1000  5.592  -77.860  39.955 0.0000000000
989  7.205  -76.991  40.180 0.0000000000
1452  8.123  -75.266  40.403 0.0000000000
1913  4.582  -73.756  41.720 0.0000000000
1696  6.343  -74.337  41.014 0.0000000000
1918  8.060  -73.503  40.135 0.0000000000
2127  7.924  -72.395  39.566 0.0000000000
2387  6.765  -71.143  38.373 0.0000000000
2664  6.901  -69.959  37.211 0.0000000000
2623  0.323  -71.329  39.515 0.0000000000
3778  0.557  -68.771  39.447 0.0000000000
2960  0.356  -71.125  38.599 0.0000000000
2638  1.175  -71.969  36.937 0.0000000000
2654  2.912  -72.169  35.875 0.0000000000
3003  5.010  -70.644  36.513 0.0000000000
3001  6.847  -69.608  37.178 0.0000000000
104806  7.185  -68.661  37.078 0.0000000000
117245  7.981  -67.448  36.757 0.0000000000
105906  7.794  -65.836  37.249 0.0000000000
5346  4.901  -65.295  38.616 0.0000000000
102815  6.248  -65.038  38.538 0.0000000000
5358  7.399  -64.854  37.761 0.0000000000
5887  7.773  -63.840  38.015 0.0000000000
113933  8.556  -63.028  37.801 0.0000000000
7052  9.312  -61.871  37.244 0.0000000000
7661  -0.309  -60.266  32.690 0.0000000000
8268  2.365  -60.208  32.989 0.0000000000
7640  3.488  -60.541  34.909 0.0000000000
9505  4.127  -57.726  32.813 0.0000000000
8822  4.135  -58.947  33.907 0.0000000000
8238  4.726  -59.672  36.192 0.0000000000
7612  6.341  -60.209  37.668 0.0000000000
8210  8.119  -60.253  37.835 0.0000000000
7625  9.688  -61.320  36.689 0.0000000000
7639  10.735  -60.442  35.400 0.0000000000
7650  11.450  -59.887  34.356 0.0000000000
8266  11.638  -59.150  33.604 0.0000000000
111533  9.406  -57.017  35.552 0.0000000000
9483  11.148  -58.064  35.552 0.0000000000
9503  11.678  -57.763  33.322 0.0000000000
10171  11.584  -56.783  33.346 0.0000000000
119574  11.195  -55.240  33.890 0.0000000000
11355  10.852  -54.578  34.450 0.0000000000
14666  0.426  -49.327  36.119 0.0000000000
13896  1.503  -50.472  37.586 0.0000000000
19713  3.511  -42.934  35.655 0.0000000000
17943  5.740  -45.426  34.920 0.0000000000
18815  4.340  -44.526  35.724 0.0000000000
18799  2.934  -44.719  36.842 0.0000000000
17046  2.380  -46.449  38.716 0.0000000000
14640  2.069  -49.079  39.341 0.0000000000
13195  2.528  -51.212  38.564 0.0000000000
12522  3.943  -51.886  39.156 0.0000000000
12520  5.518  -52.715  39.924 0.0000000000
11895  6.474  -53.951  41.018 0.0000000000
13856  7.419  -50.945  41.844 0.0000000000
11880  7.525  -53.487  42.319 0.0000000000
10693  7.861  -55.504  41.164 0.0000000000
10732  10.131  -55.533  39.533 0.0000000000
105384  11.094  -54.592  36.262 0.0000000000
104586  9.821  -53.680  35.643 0.0000000000
12571  8.977  -53.641  37.031 0.0000000000
12557  8.404  -53.271  38.321 0.0000000000
12542  9.056  -52.938  39.284 0.0000000000
107049  11.699  -52.724  38.854 0.0000000000
13204  11.042  -51.792  38.288 0.0000000000
13206  9.293  -51.569  39.140 0.0000000000
13235  10.705  -50.499  36.736 0.0000000000
13234  11.564  -50.862  36.246 0.0000000000
13250  12.298  -51.161  34.584 0.0000000000
14645  14.651  -49.519  38.661 0.0000000000
13885  15.389  -51.021  38.345 0.0000000000
13192  15.685  -51.377  37.763 0.0000000000
13201  17.066  -51.056  37.230 0.0000000000
13217  16.479  -51.589  36.837 0.0000000000
102537  15.418  -51.722  36.828 0.0000000000
12568  14.631  -51.721  35.626 0.0000000000
13248  13.495  -51.515  34.621 0.0000000000
13267  12.287  -51.045  33.755 0.0000000000
121471  13.522  -51.237  33.130 0.0000000000
13963  14.636  -50.777  32.306 0.0000000000
13975  15.780  -50.309  31.740 0.0000000000
13276  18.640  -51.206  32.603 0.0000000000
13973  17.836  -50.372  31.746 0.0000000000
13974  17.141  -49.727  31.323 0.0000000000
15526  18.277  -48.242  30.340 0.0000000000
16316  18.995  -47.810  29.897 0.0000000000
17167  20.154  -46.805  29.207 0.0000000000
122928  20.563  -45.383  34.022 0.0000000000
17970  21.673  -45.311  33.594 0.0000000000
17969  22.964  -45.710  33.579 0.0000000000
17101  23.816  -46.373  32.681 0.0000000000
18871  23.678  -44.464  32.730 0.0000000000
17126  23.642  -46.666  31.509 0.0000000000
17164  23.199  -46.334  30.277 0.0000000000
18039  22.131  -45.897  29.116 0.0000000000
18054  21.295  -45.597  28.543 0.0000000000
19820  22.457  -43.724  27.850 0.0000000000
20662  23.043  -42.876  27.922 0.0000000000
116956  8.786  -84.220  31.896 0.0000000000
75  10.477  -84.182  29.843 0.0000000000
604  6.296  -79.702  34.701 0.0000000000
117751  7.799  -80.195  32.910 0.0000000000
630  9.831  -80.066  31.677 0.0000000000
121429  10.897  -76.664  31.673 0.0000000000
1070  11.709  -77.051  31.417 0.0000000000
851  11.862  -78.777  30.925 0.0000000000
111298  14.499  -76.853  30.452 0.0000000000
1534  16.007  -75.045  29.693 0.0000000000
306  12.960  -81.327  27.008 0.0000000000
3027  12.692  -69.437  35.469 0.0000000000
2685  12.568  -70.029  33.421 0.0000000000
2694  12.401  -70.394  31.734 0.0000000000
3058  14.059  -68.656  29.061 0.0000000000
108051  12.765  -70.378  29.913 0.0000000000
2441  11.857  -71.384  30.708 0.0000000000
2203  11.223  -72.832  28.443 0.0000000000
1804  10.061  -74.619  27.595 0.0000000000
1336  8.830  -76.466  25.985 0.0000000000
3494  10.372  -68.535  25.157 0.0000000000
2762  10.543  -70.320  24.977 0.0000000000
2233  9.004  -72.628  24.746 0.0000000000
1618  10.717  -74.848  21.614 0.0000000000
1606  9.734  -74.846  23.513 0.0000000000
1836  8.616  -73.765  24.707 0.0000000000
1595  8.111  -75.479  24.805 0.0000000000
1347  7.086  -76.792  24.706 0.0000000000
882  7.311  -78.583  25.732 0.0000000000
678  6.779  -79.525  24.595 0.0000000000
517  7.655  -80.774  24.190 0.0000000000
12025  5.877  -53.144  31.274 0.0000000000
11407  3.880  -54.130  30.559 0.0000000000
105251  1.498  -55.251  29.492 0.0000000000
12041  -0.321  -53.154  31.048 0.0000000000
11420  0.410  -54.681  30.177 0.0000000000
10865  0.633  -55.958  29.327 0.0000000000
9569  -1.467  -57.464  30.291 0.0000000000
8889  -2.356  -58.271  29.527 0.0000000000
123143  -2.850  -59.933  28.601 0.0000000000
109718  -1.196  -56.647  25.296 0.0000000000
8921  -1.413  -58.782  26.087 0.0000000000
7209  -1.910  -61.151  27.340 0.0000000000
6647  -2.428  -62.420  26.263 0.0000000000
12012  9.294  -53.909  32.626 0.0000000000
12021  8.835  -53.922  31.967 0.0000000000
17186  18.860  -46.107  28.888 0.0000000000
2998  9.792  -69.775  37.257 0.0000000000
2648  10.403  -70.705  37.608 0.0000000000
2997  10.722  -69.852  37.173 0.0000000000
6502  6.858  -63.457  35.703 0.0000000000
7094  8.026  -62.101  34.717 0.0000000000
6607  -3.134  -62.681  30.313 0.0000000000
6006  -3.106  -63.576  30.652 0.0000000000
119475  -2.972  -63.384  29.891 0.0000000000
6606  -2.281  -62.631  28.796 0.0000000000
13934  10.556  -50.412  34.602 0.0000000000
13935  9.776  -50.025  34.935 0.0000000000
13950  10.035  -50.157  33.826 0.0000000000
5902  -1.672  -63.620  35.646 0.0000000000
7073  -1.847  -62.817  35.495 0.0000000000
7087  -2.001  -62.844  34.840 0.0000000000
7098  -2.375  -61.652  34.570 0.0000000000
12574  2.362  -52.349  35.469 0.0000000000
119795  3.343  -53.160  35.607 0.0000000000
11940  3.041  -52.839  35.949 0.0000000000
104240  3.950  -53.279  36.856 0.0000000000
12545  2.788  -52.082  37.333 0.0000000000
16232  11.581  -47.748  38.041 0.0000000000
17043  10.973  -47.546  38.270 0.0000000000
120453  11.987  -48.019  38.985 0.0000000000
16202  11.689  -48.349  39.800 0.0000000000
123408  12.372  -48.474  39.398 0.0000000000
15435  13.115  -48.823  39.296 0.0000000000
16260  20.333  -47.705  35.251 0.0000000000
16271  20.832  -47.194  34.805 0.0000000000
16270  21.659  -47.476  34.652 0.0000000000
413  3.832  -80.082  36.840 0.0000000000
104904  4.657  -80.797  35.890 0.0000000000
596  3.948  -79.593  36.318 0.0000000000
1092  8.000  -77.841  29.463 0.0000000000
874  6.898  -78.043  29.172 0.0000000000
670  5.369  -78.952  29.414 0.0000000000
883  5.876  -78.596  28.780 0.0000000000
3913  8.696  -67.953  28.311 0.0000000000
109185  9.305  -67.460  27.494 0.0000000000
8841  8.982  -58.693  32.000 0.0000000000
9566  3.050  -57.074  28.975 0.0000000000
8885  2.854  -57.984  28.822 0.0000000000
9578  2.095  -57.355  28.629 0.0000000000
9579  1.379  -57.726  28.654 0.0000000000
9580  0.698  -57.361  28.963 0.0000000000
14722  14.487  -49.736  31.310 0.0000000000
14738  13.289  -49.135  30.994 0.0000000000
14737  14.026  -49.212  30.828 0.0000000000
109834  13.154  -44.638  29.788 0.0000000000
113383  12.254  -44.729  29.941 0.0000000000
18904  12.020  -43.984  30.409 0.0000000000
18905  11.244  -44.041  30.718 0.0000000000
119037  11.801  -43.374  30.890 0.0000000000
1225  8.132  -75.984  38.070 0.0000000000
1466  8.838  -75.396  38.317 0.0000000000
2176  10.860  -72.618  33.119 0.0000000000
2179  11.143  -72.242  32.509 0.0000000000
1965  10.796  -72.804  31.870 0.0000000000
2188  11.158  -72.264  31.628 0.0000000000
4970  5.199  -65.692  21.838 0.0000000000
4959  6.207  -65.915  22.830 0.0000000000
4827  9.663  -65.708  35.505 0.0000000000
4878  8.048  -65.328  31.678 0.0000000000
106416  9.001  -65.423  31.595 0.0000000000
4357  8.811  -66.267  31.117 0.0000000000
4358  7.699  -66.260  31.115 0.0000000000
7134  4.007  -61.753  31.173 0.0000000000
6545  4.369  -62.649  31.481 0.0000000000
6546  3.550  -62.491  30.956 0.0000000000
4391  1.444  -68.416  29.201 0.0000000000
4390  2.597  -68.099  29.620 0.0000000000
3885  1.875  -69.069  29.057 0.0000000000
3462  3.004  -69.849  29.293 0.0000000000
3451  2.222  -69.383  29.064 0.0000000000
3470  2.767  -69.267  27.998 0.0000000000
3471  2.367  -69.452  28.673 0.0000000000
12558  7.788  -52.608  38.281 0.0000000000
13222  7.447  -51.815  38.231 0.0000000000
16255  3.913  -47.882  37.044 0.0000000000
15461  3.202  -48.178  37.084 0.0000000000
15474  2.515  -47.908  36.581 0.0000000000
15476  1.670  -47.705  35.525 0.0000000000
16267  2.027  -47.135  35.706 0.0000000000
16303  6.312  -46.979  32.083 0.0000000000
17117  5.529  -46.675  32.448 0.0000000000
17130  5.280  -46.158  32.413 0.0000000000
20719  17.574  -42.394  26.532 0.0000000000
20687  17.015  -43.032  27.086 0.0000000000
20720  16.688  -42.355  26.575 0.0000000000
22479  11.859  -39.963  27.580 0.0000000000
21608  12.469  -40.482  28.110 0.0000000000
117251  10.741  -40.267  28.738 0.0000000000
1416  5.180  -75.737  45.146 0.0000000000
112513  4.736  -75.844  44.662 0.0000000000
1187  4.932  -76.822  43.687 0.0000000000
114630  4.418  -75.898  44.066 0.0000000000
1435  5.268  -75.795  43.188 0.0000000000
1676  4.043  -75.342  44.041 0.0000000000
2620  3.957  -71.017  40.421 0.0000000000
106433  3.352  -71.356  38.980 0.0000000000
121635  3.990  -72.449  37.832 0.0000000000
123086  2.845  -71.146  38.866 0.0000000000
3811  0.615  -69.033  35.865 0.0000000000
4300  3.252  -67.107  37.921 0.0000000000
7056  3.578  -61.576  36.977 0.0000000000
113754  3.710  -62.135  37.484 0.0000000000
7055  4.415  -61.497  37.585 0.0000000000
7042  5.103  -61.906  38.048 0.0000000000
7615  4.163  -60.868  36.957 0.0000000000
9525  0.246  -57.166  31.840 0.0000000000
8842  0.749  -57.953  31.971 0.0000000000
9524  1.551  -57.151  31.934 0.0000000000
9484  7.120  -57.108  34.284 0.0000000000
8781  7.291  -58.613  36.168 0.0000000000
8797  8.000  -57.817  35.054 0.0000000000
8795  8.624  -58.212  35.466 0.0000000000
9473  8.882  -57.192  34.724 0.0000000000
10088  7.671  -56.525  39.293 0.0000000000
10110  8.228  -56.925  38.854 0.0000000000
10087  8.748  -56.916  39.282 0.0000000000
9418  9.490  -56.999  38.911 0.0000000000
10069  8.508  -56.471  40.072 0.0000000000
18820  -0.121  -42.987  36.378 0.0000000000
18819  0.607  -43.566  36.187 0.0000000000
18801  1.145  -44.601  36.717 0.0000000000
106748  9.391  -44.282  34.891 0.0000000000
17030  6.631  -46.345  39.255 0.0000000000
17878  6.020  -45.899  38.780 0.0000000000
16219  5.425  -47.309  39.620 0.0000000000
16220  4.549  -47.412  39.587 0.0000000000
16207  5.046  -48.080  39.939 0.0000000000
14631  5.472  -49.611  40.692 0.0000000000
15428  5.508  -48.828  40.409 0.0000000000
12499  11.027  -52.237  41.466 0.0000000000
12500  10.526  -52.994  41.658 0.0000000000
118408  11.218  -53.044  41.121 0.0000000000
11894  10.818  -53.840  40.395 0.0000000000
11904  11.510  -53.338  40.023 0.0000000000
11914  10.009  -53.817  39.376 0.0000000000
102106  13.631  -51.700  37.537 0.0000000000
102103  14.564  -51.719  36.993 0.0000000000
119462  16.661  -49.354  36.900 0.0000000000
14661  17.367  -49.416  36.482 0.0000000000
102098  18.931  -51.756  35.026 0.0000000000
102096  17.973  -51.580  35.590 0.0000000000
11972  18.098  -51.720  34.767 0.0000000000
121848  17.349  -51.734  34.436 0.0000000000
12603  17.050  -51.687  33.854 0.0000000000
12602  18.145  -51.727  33.870 0.0000000000
15501  22.020  -48.929  32.447 0.0000000000
124040  22.021  -48.632  31.886 0.0000000000
15522  21.983  -48.267  31.363 0.0000000000
15510  22.479  -47.995  31.538 0.0000000000
275  9.633  -81.328  30.970 0.0000000000
121064  10.241  -81.249  30.615 0.0000000000
461  10.741  -80.968  30.350 0.0000000000
459  12.366  -80.293  30.160 0.0000000000
107324  11.707  -80.038  30.547 0.0000000000
103828  7.096  -76.421  32.586 0.0000000000
1057  7.515  -77.345  33.066 0.0000000000
1067  6.975  -76.697  32.230 0.0000000000
108657  12.783  -77.086  28.021 0.0000000000
121045  13.146  -75.821  28.526 0.0000000000
1307  13.404  -76.483  28.106 0.0000000000
1315  14.358  -76.601  27.753 0.0000000000
112694  13.395  -78.339  27.518 0.0000000000
869  14.235  -78.223  27.354 0.0000000000
870  13.019  -79.075  27.441 0.0000000000
4346  14.113  -66.424  32.223 0.0000000000
3425  13.952  -67.441  32.395 0.0000000000
3858  14.435  -67.114  30.887 0.0000000000
2472  11.853  -70.986  25.920 0.0000000000
114293  12.385  -70.602  26.591 0.0000000000
2465  11.586  -71.843  26.220 0.0000000000
2219  11.284  -72.584  26.471 0.0000000000
120547  11.067  -72.338  25.789 0.0000000000
110594  7.489  -71.072  22.657 0.0000000000
2491  7.192  -71.327  23.292 0.0000000000
921  10.365  -79.101  20.193 0.0000000000
717  9.879  -80.588  19.497 0.0000000000
122742  8.667  -79.750  21.076 0.0000000000
718  9.155  -80.685  20.101 0.0000000000
366  8.957  -81.997  21.026 0.0000000000
102607  10.233  -81.134  20.554 0.0000000000
13283  3.110  -51.351  32.498 0.0000000000
13290  2.756  -51.729  31.897 0.0000000000
13291  1.732  -51.638  31.782 0.0000000000
12083  -2.334  -52.915  27.173 0.0000000000
12084  -3.252  -53.695  27.984 0.0000000000
12097  -2.209  -53.791  27.012 0.0000000000
10185  10.018  -56.128  32.162 0.0000000000
10200  8.741  -56.247  31.383 0.0000000000
11404  6.671  -54.665  30.556 0.0000000000
10841  6.763  -55.539  30.388 0.0000000000
113285  6.183  -55.259  30.259 0.0000000000
10850  4.712  -55.685  29.844 0.0000000000
10843  4.951  -55.022  30.177 0.0000000000
16318  16.555  -47.825  30.132 0.0000000000
16319  15.628  -47.791  29.905 0.0000000000
18041  16.224  -45.609  29.295 0.0000000000
120881  15.994  -46.246  29.534 0.0000000000
18042  15.444  -45.370  29.353 0.0000000000
18043  14.734  -44.843  29.435 0.0000000000
18921  15.074  -44.449  29.256 0.0000000000
2140  9.755  -72.712  38.705 0.0000000000
117148  10.053  -72.053  38.442 0.0000000000
2404  11.592  -71.136  36.611 0.0000000000
2155  11.318  -72.067  36.626 0.0000000000
111086  11.715  -71.449  35.981 0.0000000000
2413  11.672  -71.503  35.160 0.0000000000
2417  11.997  -70.981  34.657 0.0000000000
5914  7.423  -64.172  36.093 0.0000000000
5938  6.278  -63.702  34.998 0.0000000000
5937  6.535  -64.011  35.085 0.0000000000
5422  6.907  -64.016  33.355 0.0000000000
7169  0.299  -61.844  30.296 0.0000000000
6586  1.098  -62.558  29.908 0.0000000000
5470  -2.213  -65.589  31.036 0.0000000000
5469  -1.293  -65.271  31.270 0.0000000000
4904  -1.607  -66.426  30.927 0.0000000000
4392  -1.155  -67.150  30.407 0.0000000000
4393  -1.663  -66.675  30.657 0.0000000000
4406  -1.440  -67.042  30.280 0.0000000000
102065  -1.504  -66.266  26.792 0.0000000000
106451  -2.195  -66.110  25.463 0.0000000000
13905  8.781  -49.872  38.006 0.0000000000
14677  7.771  -48.597  35.787 0.0000000000
14676  7.896  -48.993  37.028 0.0000000000
15472  6.536  -48.181  36.766 0.0000000000
108607  5.944  -47.848  36.733 0.0000000000
109736  6.274  -47.634  35.733 0.0000000000
18874  5.625  -44.022  32.453 0.0000000000
18875  4.736  -44.146  32.625 0.0000000000
114081  4.394  -43.092  32.803 0.0000000000
21535  2.283  -40.472  32.480 0.0000000000
22517  16.417  -40.585  25.023 0.0000000000
118915  12.983  -40.709  25.874 0.0000000000
2940  2.881  -70.097  43.116 0.0000000000
119892  3.019  -70.001  41.850 0.0000000000
5339  0.439  -64.987  39.085 0.0000000000
5369  -0.617  -65.678  35.453 0.0000000000
5361  -0.372  -66.432  35.717 0.0000000000
4813  0.186  -67.087  35.249 0.0000000000
4805  0.446  -67.734  35.364 0.0000000000
5359  0.615  -66.424  35.171 0.0000000000
5900  0.407  -65.568  34.819 0.0000000000
7086  1.065  -63.041  33.879 0.0000000000
6469  0.928  -64.365  34.880 0.0000000000
7085  2.292  -62.128  34.677 0.0000000000
11367  1.892  -53.951  32.586 0.0000000000
117570  3.174  -54.746  32.415 0.0000000000
11366  2.862  -54.043  32.705 0.0000000000
11346  4.442  -53.642  34.634 0.0000000000
11356  5.160  -54.212  34.015 0.0000000000
10778  5.902  -54.801  34.499 0.0000000000
11337  5.854  -54.683  35.648 0.0000000000
11312  5.349  -53.882  37.882 0.0000000000
106797  5.874  -54.531  37.695 0.0000000000
11311  6.033  -54.373  38.588 0.0000000000
122053  6.425  -54.931  38.836 0.0000000000
11915  5.525  -53.612  38.757 0.0000000000
17080  11.366  -46.294  33.833 0.0000000000
17073  10.190  -47.100  34.461 0.0000000000
17027  9.753  -47.018  38.709 0.0000000000
17890  8.907  -46.542  37.579 0.0000000000
17028  8.368  -46.480  39.169 0.0000000000
17015  8.847  -47.168  39.760 0.0000000000
16204  8.593  -47.682  40.277 0.0000000000
114618  9.336  -47.763  40.234 0.0000000000
14629  11.696  -49.334  40.686 0.0000000000
15412  10.382  -48.819  40.915 0.0000000000
113969  11.517  -50.034  41.087 0.0000000000
13859  11.192  -50.670  41.381 0.0000000000
13870  11.978  -50.862  41.032 0.0000000000
13174  12.300  -51.745  40.694 0.0000000000
13877  13.510  -50.194  39.697 0.0000000000
13173  13.315  -51.025  39.919 0.0000000000
118251  14.003  -50.920  39.295 0.0000000000
102105  14.009  -51.470  38.768 0.0000000000
119967  18.454  -49.069  35.921 0.0000000000
14675  19.157  -49.059  35.750 0.0000000000
14673  20.538  -49.732  35.258 0.0000000000
14674  19.677  -49.784  35.668 0.0000000000
13917  20.045  -50.524  35.426 0.0000000000
13231  20.770  -51.883  35.190 0.0000000000
13916  20.615  -51.168  35.006 0.0000000000
13230  21.430  -51.929  34.359 0.0000000000
114548  22.207  -48.014  34.494 0.0000000000
14685  21.692  -49.523  34.281 0.0000000000
15481  22.506  -48.427  33.964 0.0000000000
15492  22.604  -48.557  33.393 0.0000000000
118078  22.907  -48.127  33.513 0.0000000000
125  6.257  -82.188  37.695 0.0000000000
37  6.437  -82.197  36.417 0.0000000000
42  5.585  -82.130  35.973 0.0000000000
254  5.732  -81.171  34.515 0.0000000000
253  6.521  -81.201  33.758 0.0000000000
261  6.924  -81.056  33.057 0.0000000000
270  8.001  -81.512  32.306 0.0000000000
446  7.696  -80.857  32.274 0.0000000000
1527  6.902  -75.619  29.771 0.0000000000
1526  7.156  -76.699  30.197 0.0000000000
1537  7.089  -76.118  29.740 0.0000000000
864  8.970  -78.538  28.743 0.0000000000
863  9.109  -77.764  28.947 0.0000000000
873  10.337  -78.391  28.213 0.0000000000
667  10.205  -79.120  28.135 0.0000000000
110817  10.706  -79.867  27.754 0.0000000000
312  5.873  -82.092  28.139 0.0000000000
311  6.540  -81.754  28.328 0.0000000000
186  5.714  -82.708  27.720 0.0000000000
90  6.676  -83.221  26.895 0.0000000000
333  5.882  -82.444  26.553 0.0000000000
124118  12.101  -66.977  29.290 0.0000000000
4402  12.580  -66.866  28.505 0.0000000000
4403  11.578  -67.311  28.743 0.0000000000
3932  10.719  -67.562  26.234 0.0000000000
3931  11.718  -67.653  26.404 0.0000000000
3945  11.917  -68.101  26.060 0.0000000000
3103  12.008  -69.350  25.751 0.0000000000
3493  11.505  -68.686  25.578 0.0000000000
14729  -0.629  -50.230  32.266 0.0000000000
13981  -1.235  -50.570  31.606 0.0000000000
122980  -2.535  -50.056  28.297 0.0000000000
13321  -2.489  -51.387  27.795 0.0000000000
103628  -1.607  -50.351  27.131 0.0000000000
114418  8.505  -61.357  33.726 0.0000000000
7660  9.358  -60.607  33.154 0.0000000000
8276  6.867  -59.748  31.925 0.0000000000
7684  6.258  -59.855  31.644 0.0000000000
7685  5.647  -60.389  31.620 0.0000000000
8292  5.118  -59.885  31.011 0.0000000000
9552  6.620  -57.215  30.338 0.0000000000
9542  7.149  -57.669  30.755 0.0000000000
123749  5.907  -57.720  30.061 0.0000000000
8884  3.524  -58.574  29.156 0.0000000000
8871  4.107  -59.111  29.667 0.0000000000
8320  3.398  -59.336  29.446 0.0000000000
8304  3.761  -59.999  30.158 0.0000000000
7716  2.853  -59.918  29.493 0.0000000000
7717  2.178  -60.656  29.536 0.0000000000
7718  1.210  -60.529  29.485 0.0000000000
8321  -0.268  -59.556  30.257 0.0000000000
7719  -1.872  -59.994  31.046 0.0000000000
106875  -2.945  -60.611  31.056 0.0000000000
7700  -2.104  -59.395  30.794 0.0000000000
115275  11.892  -50.346  32.795 0.0000000000
14704  11.699  -49.869  32.353 0.0000000000
15514  11.009  -48.830  31.255 0.0000000000
15515  10.072  -48.718  31.203 0.0000000000
15534  9.656  -48.215  30.840 0.0000000000
15517  8.475  -48.231  31.352 0.0000000000
122459  9.260  -47.781  30.707 0.0000000000
119777  13.553  -47.536  29.623 0.0000000000
15544  13.064  -48.082  30.042 0.0000000000
16339  12.908  -47.280  29.586 0.0000000000
18023  10.243  -45.890  30.062 0.0000000000
17151  9.545  -46.305  30.272 0.0000000000
17152  8.894  -46.152  30.609 0.0000000000
17153  8.176  -45.962  31.095 0.0000000000
18001  7.999  -45.073  31.423 0.0000000000
18025  8.871  -45.060  31.042 0.0000000000
19759  8.996  -43.265  31.439 0.0000000000
19760  8.079  -43.156  31.712 0.0000000000
20613  8.731  -42.369  31.677 0.0000000000
122532  8.068  -42.166  31.958 0.0000000000
21541  8.346  -41.571  31.723 0.0000000000
10189  -1.707  -56.726  32.649 0.0000000000
10806  -2.531  -56.159  32.937 0.0000000000
12611  -3.087  -52.891  33.740 0.0000000000
12001  -2.957  -53.500  33.461 0.0000000000
12000  -2.363  -53.910  32.871 0.0000000000
123245  -1.372  -54.067  32.459 0.0000000000
12014  -0.328  -53.937  32.378 0.0000000000
11999  -1.113  -53.186  32.606 0.0000000000
13242  -0.217  -50.596  34.294 0.0000000000
12592  0.571  -51.981  33.632 0.0000000000
13254  0.220  -51.324  33.999 0.0000000000
12576  1.081  -51.768  34.451 0.0000000000
13241  0.796  -51.086  34.990 0.0000000000
17908  12.871  -45.805  34.862 0.0000000000
17907  13.227  -45.940  35.425 0.0000000000
117981  13.932  -47.241  34.974 0.0000000000
17070  13.990  -46.997  34.909 0.0000000000
16253  13.237  -48.119  35.544 0.0000000000
16242  12.608  -48.168  36.657 0.0000000000
16241  13.240  -48.276  36.415 0.0000000000
15447  13.700  -48.409  37.031 0.0000000000
15459  13.839  -48.134  35.808 0.0000000000
106691  15.160  -47.501  34.998 0.0000000000
106724  15.496  -48.053  35.395 0.0000000000
16238  17.991  -47.070  36.338 0.0000000000
16248  18.067  -47.338  35.920 0.0000000000
111018  19.231  -46.553  35.832 0.0000000000
119844  19.726  -45.891  35.214 0.0000000000
1009  6.459  -77.842  38.136 0.0000000000
794  5.584  -78.289  37.376 0.0000000000
1024  6.426  -77.705  37.005 0.0000000000
124005  7.710  -76.238  36.364 0.0000000000
1249  7.362  -76.561  35.847 0.0000000000
1251  7.753  -76.087  35.623 0.0000000000
111687  7.669  -76.108  34.501 0.0000000000
1945  10.380  -73.414  36.710 0.0000000000
110799  9.648  -74.301  36.842 0.0000000000
1724  9.870  -74.005  36.252 0.0000000000
1740  9.534  -74.095  32.994 0.0000000000
122036  9.531  -74.331  34.532 0.0000000000
1741  8.459  -74.600  32.954 0.0000000000
1755  8.041  -74.439  31.931 0.0000000000
1518  6.801  -74.871  31.119 0.0000000000
1768  8.104  -74.320  31.011 0.0000000000
1988  9.760  -73.761  29.479 0.0000000000
1984  8.671  -74.185  29.988 0.0000000000
1805  8.774  -75.426  28.557 0.0000000000
1797  9.709  -74.450  28.381 0.0000000000
107249  6.426  -66.468  25.143 0.0000000000
4432  7.133  -66.552  25.360 0.0000000000
4441  7.510  -66.723  23.820 0.0000000000
3507  7.631  -69.537  22.633 0.0000000000
18964  21.262  -44.406  27.678 0.0000000000
18965  20.437  -44.398  27.569 0.0000000000
19822  20.938  -43.796  27.229 0.0000000000
21626  21.102  -42.021  26.100 0.0000000000
110788  20.090  -43.004  26.643 0.0000000000
21627  20.126  -42.272  26.076 0.0000000000
21628  19.094  -42.066  26.061 0.0000000000
3827  9.572  -67.854  36.068 0.0000000000
3826  10.415  -67.843  36.060 0.0000000000
4324  10.255  -67.207  35.576 0.0000000000
4826  11.935  -66.039  34.772 0.0000000000
4323  12.117  -66.789  35.331 0.0000000000
4838  13.183  -65.757  34.318 0.0000000000
4850  13.576  -65.727  33.741 0.0000000000
4863  13.236  -65.171  33.193 0.0000000000
5392  10.176  -64.262  34.077 0.0000000000
5435  10.749  -65.237  31.973 0.0000000000
5418  11.055  -64.628  32.557 0.0000000000
5434  11.703  -65.166  32.136 0.0000000000
4875  12.346  -65.694  31.686 0.0000000000
4354  11.312  -66.070  31.672 0.0000000000
119536  11.903  -66.495  31.054 0.0000000000
4355  10.857  -66.917  31.177 0.0000000000
3861  8.963  -68.285  30.246 0.0000000000
3877  9.366  -68.721  29.873 0.0000000000
3878  8.647  -68.546  29.698 0.0000000000
3895  8.762  -68.496  29.100 0.0000000000
112830  7.967  -68.347  29.260 0.0000000000
7117  7.124  -61.488  33.163 0.0000000000
7104  6.591  -62.619  34.206 0.0000000000
7105  6.389  -62.227  33.341 0.0000000000
112608  5.314  -63.498  32.295 0.0000000000
5424  5.636  -64.358  32.260 0.0000000000
5423  6.039  -64.229  32.712 0.0000000000
5439  5.248  -64.810  31.791 0.0000000000
110993  1.826  -64.274  29.811 0.0000000000
110921  3.439  -64.063  30.644 0.0000000000
5449  2.774  -64.693  29.967 0.0000000000
4389  3.609  -67.563  30.158 0.0000000000
4893  3.622  -66.266  30.261 0.0000000000
118494  4.475  -66.685  30.736 0.0000000000
4361  5.078  -66.387  31.121 0.0000000000
119248  4.818  -67.298  30.737 0.0000000000
4377  5.336  -67.193  30.856 0.0000000000
3865  4.962  -68.157  30.364 0.0000000000
114303  4.344  -69.838  29.325 0.0000000000
3447  4.747  -69.530  29.343 0.0000000000
3460  5.224  -69.224  29.036 0.0000000000
3916  5.816  -68.417  28.349 0.0000000000
3936  6.136  -67.436  27.332 0.0000000000
3937  5.059  -67.979  27.497 0.0000000000
3951  3.670  -67.777  25.705 0.0000000000
4434  3.911  -67.311  24.771 0.0000000000
4445  3.476  -67.261  23.981 0.0000000000
3920  0.265  -68.298  27.798 0.0000000000
3941  1.350  -68.785  26.944 0.0000000000
116645  1.395  -68.536  25.760 0.0000000000
12587  8.595  -52.922  34.984 0.0000000000
12605  8.451  -52.876  34.124 0.0000000000
12588  7.900  -52.582  35.196 0.0000000000
13252  6.522  -51.796  34.698 0.0000000000
108916  4.967  -51.514  34.249 0.0000000000
13224  6.139  -51.226  37.293 0.0000000000
13909  4.938  -50.345  37.496 0.0000000000
14688  2.676  -49.647  35.552 0.0000000000
13923  3.925  -50.948  35.878 0.0000000000
14697  2.715  -50.142  34.537 0.0000000000
13952  3.433  -50.782  34.017 0.0000000000
14698  2.114  -49.821  34.099 0.0000000000
14710  1.135  -49.994  33.086 0.0000000000
14699  1.444  -49.503  33.713 0.0000000000
16282  -0.542  -47.745  34.158 0.0000000000
15496  0.001  -48.480  33.704 0.0000000000
15497  -1.354  -48.108  33.424 0.0000000000
16294  -2.436  -47.416  32.713 0.0000000000
16284  -2.521  -46.352  32.982 0.0000000000
14707  8.789  -49.140  33.157 0.0000000000
15493  7.330  -48.339  33.287 0.0000000000
16281  4.997  -46.979  33.354 0.0000000000
102879  5.166  -47.178  34.304 0.0000000000
107145  4.555  -47.001  35.336 0.0000000000
17094  3.607  -46.185  34.891 0.0000000000
115091  3.364  -44.000  33.018 0.0000000000
17987  3.268  -44.730  33.139 0.0000000000
18877  2.719  -43.890  33.374 0.0000000000
18859  -0.228  -43.611  34.498 0.0000000000
18846  1.628  -44.695  34.688 0.0000000000
18847  0.474  -44.464  35.013 0.0000000000
17958  1.171  -45.409  35.137 0.0000000000
17959  0.050  -45.288  35.209 0.0000000000
18967  18.599  -44.310  27.642 0.0000000000
18943  17.987  -44.840  28.127 0.0000000000
18968  17.605  -44.131  27.748 0.0000000000
19825  16.286  -43.545  27.776 0.0000000000
119618  15.769  -43.945  28.529 0.0000000000
19807  15.075  -43.617  28.951 0.0000000000
18947  14.745  -43.798  29.269 0.0000000000
19808  14.504  -43.251  29.287 0.0000000000
20721  15.188  -42.523  27.035 0.0000000000
21605  14.464  -42.036  26.862 0.0000000000
118692  12.665  -41.328  29.330 0.0000000000
21572  12.910  -41.891  29.924 0.0000000000
20641  13.344  -42.541  29.976 0.0000000000
113041  12.306  -42.006  30.584 0.0000000000
19768  11.991  -42.565  31.033 0.0000000000
20643  11.664  -41.732  30.861 0.0000000000
22449  9.779  -40.383  29.911 0.0000000000
115873  10.446  -40.901  30.323 0.0000000000
108107  8.742  -40.389  30.227 0.0000000000
21552  8.669  -41.041  31.099 0.0000000000
401  6.361  -79.995  40.049 0.0000000000
405  5.088  -80.133  39.362 0.0000000000
402  5.313  -80.054  40.205 0.0000000000
1183  6.603  -76.519  45.149 0.0000000000
741  7.038  -77.959  44.049 0.0000000000
121307  4.354  -77.970  42.232 0.0000000000
760  4.774  -78.166  42.641 0.0000000000
762  4.514  -78.171  41.273 0.0000000000
394  4.136  -79.393  40.462 0.0000000000
768  4.411  -78.545  40.548 0.0000000000
122510  4.308  -78.659  39.354 0.0000000000
991  4.754  -78.358  40.152 0.0000000000
1201  6.794  -76.288  41.761 0.0000000000
990  6.343  -77.362  40.639 0.0000000000
1209  7.178  -76.595  40.995 0.0000000000
116047  7.572  -76.431  40.358 0.0000000000
1453  7.512  -75.346  40.943 0.0000000000
2103  4.589  -72.366  42.972 0.0000000000
1677  4.003  -74.187  43.013 0.0000000000
2112  4.476  -73.350  41.846 0.0000000000
2123  5.006  -72.729  39.885 0.0000000000
1921  5.029  -73.397  40.547 0.0000000000
1920  5.602  -73.634  40.466 0.0000000000
1919  7.045  -73.744  40.497 0.0000000000
2121  6.101  -73.112  39.997 0.0000000000
2120  7.415  -72.998  40.011 0.0000000000
2128  6.754  -72.390  39.583 0.0000000000
2389  4.459  -72.196  37.139 0.0000000000
2373  6.111  -71.845  38.882 0.0000000000
2388  5.508  -71.604  37.780 0.0000000000
2650  7.385  -70.453  37.799 0.0000000000
2651  6.143  -70.765  37.348 0.0000000000
2951  -0.253  -70.920  40.911 0.0000000000
2607  0.099  -71.199  40.951 0.0000000000
2950  -0.152  -71.249  39.839 0.0000000000
4276  0.776  -67.570  40.044 0.0000000000
3372  0.276  -70.686  36.919 0.0000000000
2639  0.810  -71.490  38.133 0.0000000000
2975  0.682  -71.314  36.921 0.0000000000
2655  2.108  -71.984  36.361 0.0000000000
2990  1.165  -71.345  36.147 0.0000000000
2987  4.331  -69.801  37.237 0.0000000000
3002  5.776  -70.215  36.973 0.0000000000
3397  6.598  -69.468  37.182 0.0000000000
3396  7.683  -69.123  36.767 0.0000000000
3383  6.123  -68.561  37.738 0.0000000000
3818  6.717  -67.489  37.793 0.0000000000
4307  6.803  -66.467  38.087 0.0000000000
117715  7.490  -66.750  37.364 0.0000000000
5875  2.626  -64.530  37.358 0.0000000000
113172  3.855  -65.285  38.295 0.0000000000
5874  3.716  -64.386  38.088 0.0000000000
5872  5.637  -63.781  38.586 0.0000000000
117601  5.636  -64.701  38.610 0.0000000000
5345  6.418  -64.389  38.515 0.0000000000
4799  6.847  -65.004  38.268 0.0000000000
5344  7.166  -64.180  38.233 0.0000000000
5357  7.754  -64.183  37.522 0.0000000000
7040  7.533  -61.944  38.410 0.0000000000
6433  7.889  -62.625  38.361 0.0000000000
6432  8.477  -62.549  38.070 0.0000000000
6452  8.902  -62.547  37.539 0.0000000000
7053  8.827  -61.977  37.834 0.0000000000
8271  -2.605  -59.168  33.527 0.0000000000
8262  -2.080  -60.137  33.394 0.0000000000
8270  -1.179  -59.389  32.723 0.0000000000
109220  1.851  -59.426  32.604 0.0000000000
8269  1.143  -60.068  32.675 0.0000000000
7652  3.104  -60.455  33.934 0.0000000000
8261  3.435  -59.584  33.509 0.0000000000
10172  4.085  -56.660  32.492 0.0000000000
9506  3.269  -57.391  32.364 0.0000000000
9504  4.822  -56.891  32.798 0.0000000000
8811  5.143  -58.530  34.853 0.0000000000
8821  4.828  -58.339  34.080 0.0000000000
8251  4.568  -59.261  35.295 0.0000000000
8224  5.250  -59.998  36.886 0.0000000000
8237  5.603  -59.273  36.410 0.0000000000
8221  7.815  -59.555  37.306 0.0000000000
107450  8.790  -60.379  37.562 0.0000000000
7609  9.399  -60.780  37.234 0.0000000000
7624  9.999  -60.490  36.545 0.0000000000
7068  10.143  -61.125  35.998 0.0000000000
119145  9.667  -58.683  35.771 0.0000000000
8250  11.048  -59.839  35.528 0.0000000000
115118  11.621  -59.376  34.896 0.0000000000
118128  11.498  -59.684  33.814 0.0000000000
10126  8.967  -56.745  35.511 0.0000000000
10127  8.318  -56.575  36.863 0.0000000000
9452  10.122  -57.292  36.909 0.0000000000
9470  10.367  -57.623  35.791 0.0000000000
9482  11.972  -57.717  35.338 0.0000000000
9492  12.248  -57.942  34.645 0.0000000000
9481  12.253  -57.422  35.041 0.0000000000
10159  12.276  -57.110  34.674 0.0000000000
10775  12.027  -55.958  35.876 0.0000000000
10788  12.126  -56.166  34.874 0.0000000000
11354  11.565  -55.276  34.604 0.0000000000
11363  10.601  -54.829  33.532 0.0000000000
121509  11.253  -54.702  35.231 0.0000000000
16234  0.952  -47.129  37.717 0.0000000000
15451  0.132  -47.575  36.297 0.0000000000
15450  0.835  -48.314  37.196 0.0000000000
13897  1.034  -49.962  36.909 0.0000000000
14646  1.255  -49.014  37.998 0.0000000000
17941  7.395  -46.416  34.540 0.0000000000
108477  7.182  -45.740  34.355 0.0000000000
17930  6.521  -45.900  35.471 0.0000000000
17914  4.559  -45.395  37.640 0.0000000000
17932  4.694  -45.163  36.382 0.0000000000
18798  3.796  -44.820  36.502 0.0000000000
17915  3.638  -45.327  37.640 0.0000000000
17916  2.716  -45.392  37.844 0.0000000000
118470  2.807  -45.920  38.512 0.0000000000
15431  3.099  -48.787  39.855 0.0000000000
15436  2.447  -48.397  39.508 0.0000000000
120186  2.417  -49.638  39.486 0.0000000000
13880  1.928  -49.762  39.050 0.0000000000
13879  2.538  -50.220  39.416 0.0000000000
13194  3.187  -51.556  38.894 0.0000000000
13183  3.483  -51.228  39.567 0.0000000000
13167  5.727  -51.651  41.087 0.0000000000
12510  4.969  -51.905  40.187 0.0000000000
12509  5.593  -52.225  40.658 0.0000000000
11295  6.121  -53.545  40.117 0.0000000000
11888  6.470  -53.226  41.476 0.0000000000
115668  7.982  -49.670  41.475 0.0000000000
14622  7.220  -49.731  41.276 0.0000000000
13855  8.111  -50.743  41.994 0.0000000000
11878  9.191  -53.729  42.264 0.0000000000
12491  7.993  -52.860  42.607 0.0000000000
11279  8.620  -54.225  42.179 0.0000000000
11287  8.279  -54.831  41.796 0.0000000000
10692  8.902  -55.351  41.308 0.0000000000
10711  9.387  -55.671  40.682 0.0000000000
10710  9.933  -55.201  40.338 0.0000000000
112169  10.076  -54.587  39.046 0.0000000000
11323  10.727  -54.870  38.068 0.0000000000
114728  10.559  -54.216  35.498 0.0000000000
11954  9.888  -54.039  36.902 0.0000000000
11923  9.664  -53.547  39.166 0.0000000000
12556  9.051  -53.743  38.264 0.0000000000
12518  12.532  -52.545  39.694 0.0000000000
120965  12.145  -52.825  39.313 0.0000000000
12530  12.599  -52.349  38.792 0.0000000000
13203  11.811  -51.844  37.917 0.0000000000
13205  10.229  -51.689  38.724 0.0000000000
13219  11.051  -50.975  37.570 0.0000000000
13220  10.171  -50.723  38.091 0.0000000000
13233  12.407  -51.254  35.577 0.0000000000
113337  11.787  -50.928  35.208 0.0000000000
121659  12.849  -51.400  34.806 0.0000000000
15441  14.328  -48.688  37.823 0.0000000000
14644  15.080  -49.074  37.953 0.0000000000
117542  15.910  -50.370  38.042 0.0000000000
114989  15.292  -50.056  38.424 0.0000000000
13902  18.460  -50.686  36.265 0.0000000000
13903  17.698  -50.502  36.698 0.0000000000
104153  17.848  -51.125  36.544 0.0000000000
102578  16.379  -51.703  36.359 0.0000000000
118498  15.980  -51.706  36.725 0.0000000000
102553  15.741  -51.760  36.296 0.0000000000
102104  15.055  -51.769  36.279 0.0000000000
102102  15.489  -51.767  35.579 0.0000000000
12585  14.879  -51.682  34.824 0.0000000000
13247  14.216  -51.554  34.235 0.0000000000
13249  12.884  -51.359  34.106 0.0000000000
112091  13.526  -51.416  33.777 0.0000000000
13266  12.941  -51.198  33.362 0.0000000000
116856  14.178  -51.386  33.386 0.0000000000
13279  14.843  -51.245  32.876 0.0000000000
13961  16.230  -50.886  32.251 0.0000000000
13976  14.950  -50.296  31.784 0.0000000000
13945  20.305  -50.858  33.337 0.0000000000
13261  19.618  -51.134  33.074 0.0000000000
13275  19.486  -50.999  32.756 0.0000000000
13972  18.610  -50.131  31.613 0.0000000000
14719  18.097  -49.594  31.266 0.0000000000
116229  17.550  -48.841  30.767 0.0000000000
14734  18.583  -48.977  30.816 0.0000000000
16314  20.795  -47.958  30.216 0.0000000000
16315  19.892  -47.989  29.976 0.0000000000
16332  20.478  -47.389  29.668 0.0000000000
16333  19.618  -47.334  29.572 0.0000000000
17166  20.986  -46.802  29.338 0.0000000000
17971  20.804  -44.969  33.733 0.0000000000
18855  22.243  -44.877  33.355 0.0000000000
17102  23.462  -46.542  33.311 0.0000000000
18854  23.243  -44.974  33.184 0.0000000000
121459  23.963  -43.839  32.290 0.0000000000
18886  24.354  -44.543  32.082 0.0000000000
18000  24.349  -45.313  31.805 0.0000000000
17146  24.032  -46.013  31.654 0.0000000000
115163  23.341  -46.682  30.876 0.0000000000
18020  24.209  -45.465  31.036 0.0000000000
18918  23.836  -44.094  29.699 0.0000000000
18919  23.413  -45.035  29.608 0.0000000000
18920  22.713  -45.139  29.014 0.0000000000
106842  22.047  -45.090  28.489 0.0000000000
18939  22.566  -44.440  28.425 0.0000000000
20661  23.529  -42.267  28.624 0.0000000000
20684  23.263  -41.910  27.857 0.0000000000
51  7.475  -83.991  33.304 0.0000000000
5  7.971  -84.213  33.088 0.0000000000
65  8.569  -84.247  31.768 0.0000000000
637  14.113  -78.921  30.163 0.0000000000
1085  15.968  -77.886  29.942 0.0000000000
1074  16.263  -76.972  29.940 0.0000000000
810  5.166  -78.574  35.652 0.0000000000
605  5.537  -78.721  35.214 0.0000000000
819  6.118  -78.197  34.399 0.0000000000
838  8.511  -78.457  32.860 0.0000000000
613  7.649  -79.431  33.538 0.0000000000
106917  9.117  -79.401  32.456 0.0000000000
119247  9.528  -79.722  32.044 0.0000000000
622  9.968  -79.207  32.002 0.0000000000
106175  10.002  -75.936  31.102 0.0000000000
1288  10.001  -76.285  31.534 0.0000000000
113909  12.893  -75.923  30.669 0.0000000000
1286  12.207  -76.381  31.087 0.0000000000
1069  12.439  -77.230  30.973 0.0000000000
121899  11.584  -78.071  31.212 0.0000000000
1294  13.023  -76.856  30.767 0.0000000000
1077  12.935  -77.837  30.621 0.0000000000
1293  13.741  -76.431  30.624 0.0000000000
1557  15.560  -75.403  27.948 0.0000000000
1793  15.415  -74.520  28.908 0.0000000000
1803  15.929  -74.772  28.408 0.0000000000
1802  16.816  -74.667  28.270 0.0000000000
1556  16.417  -75.218  27.751 0.0000000000
117362  10.481  -81.601  27.486 0.0000000000
487  12.288  -80.620  27.332 0.0000000000
308  11.182  -82.080  27.356 0.0000000000
110808  12.643  -67.947  35.549 0.0000000000
3416  12.499  -68.708  36.006 0.0000000000
3415  12.942  -68.505  35.288 0.0000000000
115041  13.132  -69.177  32.349 0.0000000000
3036  12.891  -69.405  33.555 0.0000000000
3040  12.823  -69.577  32.837 0.0000000000
2688  12.457  -70.244  32.582 0.0000000000
2687  12.771  -69.716  32.052 0.0000000000
3067  14.095  -68.035  28.486 0.0000000000
3445  14.337  -68.006  29.172 0.0000000000
2448  12.749  -70.700  28.469 0.0000000000
2706  13.255  -69.921  29.457 0.0000000000
2707  12.722  -70.672  29.207 0.0000000000
2444  12.280  -70.990  29.983 0.0000000000
120529  12.153  -71.333  29.378 0.0000000000
2445  11.657  -71.715  29.954 0.0000000000
2199  11.580  -72.038  29.073 0.0000000000
1813  10.485  -74.116  26.884 0.0000000000
1814  10.089  -74.791  26.647 0.0000000000
1573  9.206  -76.010  26.389 0.0000000000
119529  8.462  -67.076  24.987 0.0000000000
3948  9.757  -67.657  25.592 0.0000000000
3961  9.266  -68.407  24.673 0.0000000000
111080  8.251  -71.125  24.229 0.0000000000
3116  9.681  -69.637  24.610 0.0000000000
2481  10.002  -71.216  24.817 0.0000000000
2234  7.794  -72.349  24.186 0.0000000000
1626  10.979  -75.343  20.898 0.0000000000
1375  11.247  -76.178  20.892 0.0000000000
1364  9.899  -76.680  22.442 0.0000000000
1376  10.757  -75.832  21.870 0.0000000000
113468  9.898  -75.688  22.939 0.0000000000
1607  8.468  -75.574  23.940 0.0000000000
1837  8.887  -74.782  24.627 0.0000000000
116623  7.751  -78.269  23.042 0.0000000000
1133  7.391  -77.351  23.910 0.0000000000
1119  7.136  -77.458  24.942 0.0000000000
121491  7.027  -78.474  24.401 0.0000000000
102369  8.111  -80.052  22.987 0.0000000000
686  7.588  -80.122  23.472 0.0000000000
345  7.958  -81.531  24.109 0.0000000000
12622  6.558  -52.835  31.668 0.0000000000
108704  5.879  -52.538  31.839 0.0000000000
12633  2.893  -52.965  30.963 0.0000000000
12037  3.732  -53.381  30.915 0.0000000000
11408  3.055  -53.863  30.646 0.0000000000
107267  3.182  -54.620  30.275 0.0000000000
12048  1.658  -54.185  30.214 0.0000000000
12636  -1.168  -52.419  31.011 0.0000000000
12628  0.190  -52.507  31.361 0.0000000000
12645  -1.509  -53.005  30.533 0.0000000000
11422  -2.352  -54.400  29.983 0.0000000000
11421  -1.002  -54.593  30.765 0.0000000000
10855  -1.466  -55.272  30.537 0.0000000000
10854  -0.005  -55.335  30.143 0.0000000000
10227  -0.428  -56.000  30.193 0.0000000000
107529  -0.884  -56.785  30.265 0.0000000000
105309  -1.823  -56.038  30.394 0.0000000000
10248  -2.876  -57.044  27.629 0.0000000000
9581  -2.478  -57.538  29.064 0.0000000000
9589  -2.628  -57.612  28.182 0.0000000000
108117  -2.616  -58.791  28.880 0.0000000000
8907  -2.433  -58.384  27.831 0.0000000000
105988  -1.183  -58.085  25.525 0.0000000000
7770  -1.439  -60.086  26.174 0.0000000000
7759  -1.721  -60.359  27.072 0.0000000000
115263  -1.688  -60.725  26.594 0.0000000000
7224  -1.962  -61.473  26.468 0.0000000000
7225  -2.928  -61.730  25.046 0.0000000000
10827  9.217  -55.009  31.913 0.0000000000
10828  8.705  -55.381  31.413 0.0000000000
11394  8.636  -54.499  31.543 0.0000000000
11395  8.028  -54.204  31.140 0.0000000000
12033  6.965  -53.936  30.823 0.0000000000
16334  18.062  -47.358  29.875 0.0000000000
16335  17.099  -47.186  29.902 0.0000000000
17169  17.525  -46.578  29.509 0.0000000000
18040  17.041  -45.864  29.194 0.0000000000
2384  9.684  -71.240  38.250 0.0000000000
2398  10.525  -71.757  37.926 0.0000000000
2661  11.246  -70.535  37.058 0.0000000000
2403  11.805  -70.345  36.454 0.0000000000
107438  6.865  -64.040  35.841 0.0000000000
5929  6.390  -63.673  35.112 0.0000000000
6515  6.286  -63.306  34.872 0.0000000000
6563  -1.990  -62.759  31.335 0.0000000000
123564  -1.581  -63.565  31.398 0.0000000000
5983  -2.697  -63.667  31.218 0.0000000000
6005  -2.800  -64.557  30.953 0.0000000000
115080  -2.404  -65.488  30.592 0.0000000000
102339  -2.069  -66.303  29.892 0.0000000000
108375  -1.773  -64.882  28.808 0.0000000000
6039  -1.796  -64.123  27.610 0.0000000000
13920  9.469  -49.733  36.353 0.0000000000
13936  9.106  -49.486  35.330 0.0000000000
14687  8.139  -48.795  34.751 0.0000000000
20606  5.647  -42.305  32.431 0.0000000000
115175  4.839  -42.175  32.657 0.0000000000
5890  -0.535  -64.540  36.805 0.0000000000
5901  -1.121  -64.656  35.681 0.0000000000
5916  -0.724  -64.488  35.100 0.0000000000
5915  0.104  -65.025  34.446 0.0000000000
6487  -1.380  -63.629  34.943 0.0000000000
6503  -0.752  -63.247  33.956 0.0000000000
7096  0.286  -62.582  33.441 0.0000000000
11976  2.738  -53.189  34.153 0.0000000000
11358  3.293  -53.654  33.467 0.0000000000
11958  3.001  -53.050  35.087 0.0000000000
11957  3.735  -53.355  35.223 0.0000000000
11956  4.333  -53.565  35.521 0.0000000000
11338  5.249  -54.175  36.241 0.0000000000
11938  4.573  -53.663  36.357 0.0000000000
11924  4.518  -53.433  37.424 0.0000000000
11917  4.111  -52.832  38.004 0.0000000000
17059  10.980  -47.291  36.470 0.0000000000
17060  10.146  -47.094  36.284 0.0000000000
17044  10.523  -47.252  37.921 0.0000000000
17026  10.417  -47.409  38.934 0.0000000000
17014  9.708  -47.371  39.589 0.0000000000
16203  10.069  -47.969  40.132 0.0000000000
16218  10.821  -48.128  40.001 0.0000000000
15423  11.142  -48.673  40.513 0.0000000000
117089  11.874  -48.853  40.261 0.0000000000
14628  12.367  -49.409  40.292 0.0000000000
14627  13.011  -49.459  39.845 0.0000000000
16261  19.472  -47.220  35.358 0.0000000000
15468  20.558  -48.711  35.331 0.0000000000
14672  21.284  -49.198  34.875 0.0000000000
17089  22.251  -47.199  34.291 0.0000000000
127  4.565  -81.788  36.822 0.0000000000
43  4.515  -82.112  35.901 0.0000000000
249  4.571  -81.933  35.806 0.0000000000
118248  4.819  -81.219  35.597 0.0000000000
427  5.866  -80.888  34.263 0.0000000000
1549  7.794  -76.110  29.055 0.0000000000
1309  8.402  -76.602  29.267 0.0000000000
1091  8.169  -77.574  29.496 0.0000000000
865  7.446  -78.439  29.427 0.0000000000
657  7.944  -78.995  29.090 0.0000000000
480  6.179  -79.620  29.603 0.0000000000
481  5.473  -79.617  29.554 0.0000000000
504  5.868  -80.995  27.686 0.0000000000
3893  10.009  -68.465  28.907 0.0000000000
121091  10.886  -67.508  28.054 0.0000000000
118356  10.020  -67.640  27.879 0.0000000000
3911  10.605  -67.320  27.089 0.0000000000
14731  -2.792  -48.633  31.118 0.0000000000
123152  -2.768  -49.259  30.675 0.0000000000
14741  -3.132  -48.385  30.086 0.0000000000
7669  10.433  -60.086  33.104 0.0000000000
7670  8.729  -60.156  32.680 0.0000000000
8274  8.492  -59.501  32.266 0.0000000000
8289  7.268  -59.011  31.574 0.0000000000
9564  5.318  -57.170  29.647 0.0000000000
8882  5.069  -57.929  29.695 0.0000000000
113273  3.668  -57.728  29.087 0.0000000000
117516  2.653  -58.959  28.953 0.0000000000
8333  1.238  -59.019  28.964 0.0000000000
8886  0.129  -58.598  29.899 0.0000000000
120826  -0.382  -58.161  30.212 0.0000000000
13978  13.169  -50.097  31.997 0.0000000000
14724  12.329  -49.564  31.803 0.0000000000
114656  13.017  -49.491  31.481 0.0000000000
15532  11.612  -48.503  30.754 0.0000000000
17174  12.709  -46.445  29.453 0.0000000000
123390  10.931  -45.496  29.952 0.0000000000
102745  10.524  -44.873  30.407 0.0000000000
18906  9.756  -44.490  30.853 0.0000000000
19770  9.925  -43.413  31.199 0.0000000000
107939  10.435  -42.377  31.299 0.0000000000
12594  -2.699  -52.043  33.600 0.0000000000
12609  -1.148  -52.325  32.876 0.0000000000
13256  -2.084  -51.139  33.672 0.0000000000
13939  -1.426  -50.383  33.989 0.0000000000
13926  -0.716  -49.864  34.569 0.0000000000
17906  14.010  -45.944  35.770 0.0000000000
17905  13.954  -45.584  36.859 0.0000000000
17056  14.270  -45.681  36.410 0.0000000000
17068  14.136  -46.397  35.226 0.0000000000
17067  15.135  -46.344  35.049 0.0000000000
1226  7.757  -76.515  38.687 0.0000000000
1023  7.011  -77.254  37.622 0.0000000000
1238  7.556  -76.662  37.771 0.0000000000
1483  8.263  -75.639  36.425 0.0000000000
2167  10.631  -72.911  34.974 0.0000000000
1955  10.252  -73.552  35.700 0.0000000000
2172  10.756  -72.702  33.912 0.0000000000
1960  10.371  -73.340  33.095 0.0000000000
1966  9.992  -73.634  31.556 0.0000000000
1975  10.628  -73.113  31.179 0.0000000000
2200  10.981  -72.690  29.805 0.0000000000
121738  6.428  -66.335  24.515 0.0000000000
120074  5.718  -66.139  23.675 0.0000000000
20685  22.247  -42.903  27.218 0.0000000000
20686  21.370  -43.141  26.959 0.0000000000
20715  21.653  -42.417  26.621 0.0000000000
4313  9.626  -67.076  35.839 0.0000000000
4325  10.058  -66.472  35.380 0.0000000000
114314  11.129  -65.777  34.652 0.0000000000
4840  11.678  -65.415  34.268 0.0000000000
5420  9.378  -64.165  32.634 0.0000000000
5953  10.200  -64.028  33.076 0.0000000000
110385  9.749  -65.101  31.878 0.0000000000
110015  10.100  -67.305  31.007 0.0000000000
4356  9.659  -66.680  31.163 0.0000000000
4374  8.344  -67.187  30.576 0.0000000000
3862  8.016  -68.028  30.089 0.0000000000
7118  5.884  -61.326  32.284 0.0000000000
114181  5.912  -62.236  32.831 0.0000000000
7119  5.395  -62.105  32.237 0.0000000000
6535  5.082  -62.828  32.014 0.0000000000
5967  4.748  -63.566  31.779 0.0000000000
4894  2.644  -65.822  29.729 0.0000000000
3883  3.383  -68.992  29.892 0.0000000000
3882  4.452  -69.258  29.820 0.0000000000
106625  3.877  -69.610  29.819 0.0000000000
3461  3.720  -70.051  29.415 0.0000000000
3469  4.030  -69.869  28.934 0.0000000000
3918  3.480  -69.098  27.991 0.0000000000
3939  2.876  -68.659  26.785 0.0000000000
106332  2.519  -68.355  25.442 0.0000000000
3953  0.992  -68.418  24.800 0.0000000000
102058  0.153  -68.101  24.349 0.0000000000
117028  7.352  -52.301  35.777 0.0000000000
13236  6.797  -51.920  36.184 0.0000000000
13237  6.149  -51.609  35.874 0.0000000000
15449  4.675  -49.125  37.793 0.0000000000
13895  4.601  -49.714  37.666 0.0000000000
14664  4.133  -49.375  37.498 0.0000000000
14679  2.804  -48.874  36.539 0.0000000000
14690  1.615  -49.010  34.486 0.0000000000
15486  1.804  -48.453  35.339 0.0000000000
15487  1.128  -48.076  34.936 0.0000000000
16277  -0.971  -46.868  34.458 0.0000000000
15503  7.499  -48.268  32.292 0.0000000000
15504  6.773  -47.873  32.557 0.0000000000
16292  5.413  -47.073  32.783 0.0000000000
17104  4.525  -46.430  33.189 0.0000000000
19739  0.787  -42.273  33.422 0.0000000000
19738  1.686  -43.168  33.674 0.0000000000
19844  18.621  -43.166  26.981 0.0000000000
19824  17.754  -43.432  27.257 0.0000000000
21606  13.860  -41.860  27.695 0.0000000000
21607  13.174  -41.027  27.694 0.0000000000
21589  12.961  -41.000  28.682 0.0000000000
21590  12.179  -40.855  28.952 0.0000000000
21574  11.186  -41.083  30.273 0.0000000000
21591  11.393  -40.726  29.313 0.0000000000
22466  9.958  -40.020  29.104 0.0000000000
1405  6.008  -76.138  45.110 0.0000000000
1184  5.798  -76.584  45.214 0.0000000000
742  6.028  -77.954  44.033 0.0000000000
967  5.076  -77.221  44.581 0.0000000000
108058  5.271  -77.152  42.897 0.0000000000
975  5.879  -77.058  42.431 0.0000000000
104844  5.258  -77.480  41.755 0.0000000000
974  6.368  -76.804  42.072 0.0000000000
1434  6.306  -75.941  42.402 0.0000000000
1443  6.385  -75.551  42.007 0.0000000000
120321  4.686  -72.234  40.242 0.0000000000
2131  4.686  -72.280  39.120 0.0000000000
2129  5.483  -72.502  39.364 0.0000000000
2375  4.302  -72.404  37.920 0.0000000000
2390  3.618  -72.482  36.738 0.0000000000
3356  -0.896  -69.220  41.146 0.0000000000
4289  0.318  -68.478  36.555 0.0000000000
3797  0.571  -70.074  35.876 0.0000000000
3387  0.917  -70.348  35.631 0.0000000000
119189  1.990  -70.490  36.146 0.0000000000
3386  2.627  -69.315  37.149 0.0000000000
3385  3.914  -68.762  37.842 0.0000000000
3384  5.056  -68.596  38.007 0.0000000000
3809  4.577  -67.767  38.360 0.0000000000
4298  5.177  -66.976  38.552 0.0000000000
4801  5.248  -66.121  38.640 0.0000000000
6455  3.074  -62.810  37.366 0.0000000000
5888  3.507  -63.461  37.814 0.0000000000
6454  3.811  -62.676  37.790 0.0000000000
6437  4.307  -62.933  38.125 0.0000000000
6436  5.226  -62.748  38.415 0.0000000000
111539  6.142  -63.035  38.628 0.0000000000
117336  5.554  -62.122  38.284 0.0000000000
7041  5.840  -61.563  38.198 0.0000000000
111035  6.770  -61.725  38.395 0.0000000000
8832  -0.225  -58.670  32.284 0.0000000000
8831  1.306  -58.711  32.312 0.0000000000
119437  2.371  -58.754  32.483 0.0000000000
10161  5.571  -56.468  33.076 0.0000000000
9494  5.080  -57.521  33.394 0.0000000000
9493  5.931  -56.920  33.502 0.0000000000
8810  6.175  -58.117  34.907 0.0000000000
8798  6.210  -58.548  35.799 0.0000000000
8236  6.443  -59.004  36.476 0.0000000000
8779  8.292  -59.045  36.429 0.0000000000
8219  9.435  -59.720  36.788 0.0000000000
8235  9.012  -58.622  35.763 0.0000000000
111195  9.170  -57.598  35.177 0.0000000000
10111  7.692  -56.517  38.269 0.0000000000
9437  8.382  -56.940  37.890 0.0000000000
9436  8.968  -57.230  38.181 0.0000000000
9451  10.932  -57.204  36.769 0.0000000000
10150  12.150  -56.918  35.470 0.0000000000
9434  10.591  -56.970  37.697 0.0000000000
10125  11.321  -56.490  37.314 0.0000000000
10108  10.936  -56.210  38.124 0.0000000000
17062  -1.071  -46.081  36.147 0.0000000000
17918  0.045  -45.387  36.534 0.0000000000
118015  0.943  -45.956  37.471 0.0000000000
17048  1.255  -46.651  38.025 0.0000000000
19728  6.647  -43.383  35.114 0.0000000000
17892  7.084  -45.642  38.033 0.0000000000
17912  6.318  -45.563  37.076 0.0000000000
17893  6.215  -45.570  38.139 0.0000000000
17894  5.376  -45.604  38.266 0.0000000000
17880  4.208  -46.049  38.815 0.0000000000
17881  3.272  -46.285  38.866 0.0000000000
17033  3.847  -46.843  39.270 0.0000000000
16208  4.196  -48.090  39.871 0.0000000000
14633  3.462  -49.434  40.086 0.0000000000
13872  3.634  -50.210  40.135 0.0000000000
14632  4.198  -49.869  40.397 0.0000000000
14624  4.998  -50.215  40.692 0.0000000000
13865  5.916  -50.952  41.269 0.0000000000
13155  9.897  -50.944  42.077 0.0000000000
13156  9.244  -51.565  42.325 0.0000000000
12501  9.705  -52.992  42.188 0.0000000000
11285  10.152  -54.382  41.364 0.0000000000
11292  10.345  -54.490  40.732 0.0000000000
11324  9.844  -54.235  38.623 0.0000000000
12531  10.811  -53.102  39.082 0.0000000000
104364  12.864  -51.883  38.039 0.0000000000
12569  13.818  -51.639  35.737 0.0000000000
15446  15.385  -48.787  37.075 0.0000000000
14643  16.098  -49.425  37.444 0.0000000000
13892  16.562  -50.490  37.561 0.0000000000
12552  19.361  -51.551  35.640 0.0000000000
109100  18.127  -51.324  36.185 0.0000000000
12553  18.383  -51.382  35.943 0.0000000000
102095  16.829  -51.752  35.857 0.0000000000
102517  16.294  -51.766  35.307 0.0000000000
12604  16.160  -51.638  33.809 0.0000000000
13263  16.785  -51.525  33.208 0.0000000000
13277  17.598  -51.385  32.723 0.0000000000
13956  21.054  -49.924  32.548 0.0000000000
13958  19.768  -50.566  32.473 0.0000000000
13957  20.282  -49.961  31.993 0.0000000000
14716  20.812  -49.514  31.845 0.0000000000
14717  19.950  -49.519  31.431 0.0000000000
14733  19.493  -49.064  30.896 0.0000000000
15523  21.124  -48.447  30.910 0.0000000000
16313  21.644  -47.798  30.560 0.0000000000
113046  24.442  -43.693  30.993 0.0000000000
121719  24.201  -43.562  30.032 0.0000000000
161  8.421  -83.821  31.354 0.0000000000
64  9.142  -84.161  31.516 0.0000000000
159  10.184  -82.213  30.853 0.0000000000
283  10.822  -81.816  30.564 0.0000000000
470  12.150  -81.320  29.884 0.0000000000
458  13.358  -80.079  29.930 0.0000000000
638  13.474  -79.241  30.245 0.0000000000
849  14.375  -78.276  30.212 0.0000000000
1045  6.208  -77.616  34.380 0.0000000000
114074  7.061  -77.650  33.554 0.0000000000
1066  9.493  -77.506  32.252 0.0000000000
1535  11.850  -75.561  29.672 0.0000000000
1547  12.352  -75.684  28.952 0.0000000000
1796  13.188  -75.290  29.237 0.0000000000
1785  13.850  -74.996  29.504 0.0000000000
118327  14.389  -74.731  29.261 0.0000000000
1545  14.318  -75.155  28.663 0.0000000000
1558  14.737  -75.667  28.112 0.0000000000
1314  15.243  -76.273  27.612 0.0000000000
1324  15.712  -76.769  27.285 0.0000000000
1106  15.143  -78.005  27.153 0.0000000000
880  14.765  -78.903  26.986 0.0000000000
677  14.384  -79.889  26.797 0.0000000000
191  9.185  -83.209  27.158 0.0000000000
181  11.073  -82.898  27.067 0.0000000000
3839  13.534  -67.590  34.176 0.0000000000
3420  13.256  -68.308  34.556 0.0000000000
3843  13.738  -67.499  33.356 0.0000000000
3426  13.605  -68.460  32.139 0.0000000000
3431  13.873  -68.551  31.129 0.0000000000
3091  13.123  -69.351  26.974 0.0000000000
3077  13.459  -69.119  27.496 0.0000000000
2738  13.073  -69.854  27.432 0.0000000000
2721  12.671  -70.573  27.273 0.0000000000
2451  12.446  -71.186  27.843 0.0000000000
2202  11.842  -71.960  28.158 0.0000000000
2218  11.703  -72.074  26.902 0.0000000000
2004  10.117  -73.929  25.950 0.0000000000
121588  9.703  -74.488  25.783 0.0000000000
3506  7.892  -69.270  23.478 0.0000000000
3505  9.428  -68.994  24.486 0.0000000000
3117  8.083  -69.706  23.766 0.0000000000
122071  7.425  -71.074  23.664 0.0000000000
2035  7.813  -72.447  23.211 0.0000000000
920  11.371  -78.430  19.928 0.0000000000
1142  11.316  -77.214  20.603 0.0000000000
1153  10.758  -78.024  20.744 0.0000000000
1144  9.479  -77.749  22.028 0.0000000000
1137  8.812  -77.160  22.849 0.0000000000
913  8.991  -78.892  21.515 0.0000000000
914  8.359  -79.574  21.749 0.0000000000
102007  7.968  -78.951  22.450 0.0000000000
102354  7.682  -78.489  23.222 0.0000000000
102015  8.083  -80.823  21.888 0.0000000000
102913  8.207  -81.899  22.041 0.0000000000
116637  9.162  -80.978  22.751 0.0000000000
13281  5.444  -51.992  32.374 0.0000000000
12623  5.054  -52.561  31.676 0.0000000000
13288  4.522  -51.913  32.153 0.0000000000
12625  3.251  -52.285  31.499 0.0000000000
12634  1.872  -52.934  30.924 0.0000000000
12646  -2.599  -52.726  29.578 0.0000000000
12068  -3.031  -53.468  29.022 0.0000000000
11437  -3.090  -54.462  28.882 0.0000000000
10857  -2.701  -56.120  29.576 0.0000000000
10866  -3.122  -55.366  28.644 0.0000000000
10882  -2.888  -55.488  27.288 0.0000000000
10247  -2.868  -56.470  27.056 0.0000000000
102725  9.988  -57.436  32.143 0.0000000000
8858  9.251  -57.746  31.854 0.0000000000
9540  8.624  -57.137  31.423 0.0000000000
9551  7.331  -56.855  30.627 0.0000000000
121774  8.205  -55.807  31.052 0.0000000000
111706  6.735  -56.367  30.312 0.0000000000
10225  4.521  -56.465  29.529 0.0000000000
103589  3.775  -56.673  29.303 0.0000000000
10226  3.006  -56.147  29.386 0.0000000000
14735  15.698  -49.153  30.732 0.0000000000
15529  14.368  -48.680  30.281 0.0000000000
15528  15.205  -48.602  30.255 0.0000000000
15542  14.704  -48.038  29.845 0.0000000000
16338  14.220  -47.434  29.549 0.0000000000
16336  16.306  -47.068  29.812 0.0000000000
17171  15.227  -46.415  29.465 0.0000000000
122195  14.108  -45.502  29.410 0.0000000000
18044  13.982  -44.641  29.575 0.0000000000
18923  13.707  -43.765  29.741 0.0000000000
1706  9.465  -74.172  38.731 0.0000000000
1930  9.982  -73.452  38.264 0.0000000000
111279  10.862  -72.747  36.926 0.0000000000
2147  10.888  -72.330  37.430 0.0000000000
2171  11.111  -72.066  34.612 0.0000000000
120623  11.620  -71.548  34.372 0.0000000000
2422  11.755  -71.537  32.906 0.0000000000
5376  9.443  -65.036  35.277 0.0000000000
5377  8.244  -64.798  35.979 0.0000000000
5926  8.842  -64.136  34.685 0.0000000000
5936  7.364  -64.186  35.002 0.0000000000
110456  8.498  -63.798  33.625 0.0000000000
5421  8.169  -63.911  32.980 0.0000000000
5437  7.680  -64.498  32.453 0.0000000000
120456  7.168  -64.952  32.166 0.0000000000
6562  2.781  -62.181  30.359 0.0000000000
119361  2.947  -62.849  30.465 0.0000000000
6585  2.132  -62.778  29.931 0.0000000000
6002  1.500  -63.493  29.907 0.0000000000
112202  0.615  -64.482  30.281 0.0000000000
6004  -0.748  -64.067  31.249 0.0000000000
4903  -0.352  -66.822  30.380 0.0000000000
113211  -0.077  -67.873  29.856 0.0000000000
4404  0.779  -68.390  29.122 0.0000000000
3472  1.590  -69.032  28.661 0.0000000000
117692  0.584  -68.571  28.861 0.0000000000
3898  -0.210  -68.323  29.003 0.0000000000
103568  -0.255  -67.742  27.961 0.0000000000
116642  -1.154  -66.611  28.577 0.0000000000
3921  -0.346  -67.724  26.509 0.0000000000
116651  -0.993  -67.570  25.171 0.0000000000
3954  -1.138  -67.372  23.644 0.0000000000
13893  8.384  -50.750  38.822 0.0000000000
13208  7.651  -50.702  38.573 0.0000000000
14663  6.560  -49.431  38.059 0.0000000000
14662  7.297  -49.307  37.930 0.0000000000
14652  5.811  -49.288  38.050 0.0000000000
15448  5.875  -48.524  37.474 0.0000000000
121712  4.993  -48.176  37.213 0.0000000000
16265  3.569  -47.279  36.241 0.0000000000
18004  5.466  -45.612  32.361 0.0000000000
18005  4.867  -45.752  32.532 0.0000000000
18891  5.298  -44.795  32.451 0.0000000000
117313  3.957  -43.885  32.799 0.0000000000
116045  3.902  -41.895  32.969 0.0000000000
20607  2.869  -42.111  33.109 0.0000000000
19750  1.857  -42.202  33.246 0.0000000000
21654  16.954  -41.125  25.454 0.0000000000
21631  16.360  -41.768  26.047 0.0000000000
21655  16.012  -41.180  25.563 0.0000000000
21656  14.436  -41.445  25.926 0.0000000000
108010  14.828  -40.823  25.192 0.0000000000
21657  13.538  -41.133  25.927 0.0000000000
21633  13.070  -40.868  26.599 0.0000000000
22498  12.568  -40.182  26.340 0.0000000000
22499  12.092  -39.543  26.861 0.0000000000
1895  4.555  -74.172  45.641 0.0000000000
1896  3.895  -74.241  45.106 0.0000000000
1666  3.744  -74.599  44.189 0.0000000000
2095  4.137  -73.176  44.773 0.0000000000
108360  4.442  -71.329  42.620 0.0000000000
2594  4.099  -70.839  43.118 0.0000000000
2604  4.060  -70.769  41.849 0.0000000000
2959  2.598  -70.161  40.808 0.0000000000
4290  0.916  -67.138  38.923 0.0000000000
5350  -0.326  -66.023  37.213 0.0000000000
4793  0.231  -67.792  36.273 0.0000000000
4308  1.079  -67.694  35.586 0.0000000000
4803  2.697  -66.533  37.497 0.0000000000
4804  1.797  -66.582  36.415 0.0000000000
5349  1.696  -65.881  36.288 0.0000000000
5899  1.581  -64.453  35.588 0.0000000000
6468  2.319  -63.173  36.239 0.0000000000
7071  2.830  -62.006  36.029 0.0000000000
7084  3.138  -61.236  35.349 0.0000000000
10815  1.764  -55.488  31.997 0.0000000000
10186  2.193  -56.338  31.993 0.0000000000
10805  2.789  -55.515  32.162 0.0000000000
10804  3.890  -55.431  32.400 0.0000000000
11357  4.265  -53.849  33.650 0.0000000000
10791  4.747  -54.705  33.035 0.0000000000
10789  6.471  -55.533  33.938 0.0000000000
10152  6.986  -56.168  34.000 0.0000000000
10151  7.548  -56.259  34.650 0.0000000000
10139  7.920  -56.094  35.431 0.0000000000
10765  7.040  -55.560  36.518 0.0000000000
10755  6.847  -55.516  37.495 0.0000000000
11325  5.727  -54.562  36.796 0.0000000000
10756  6.389  -55.028  37.183 0.0000000000
10112  7.016  -55.869  38.241 0.0000000000
10735  6.744  -55.509  39.086 0.0000000000
10714  6.826  -55.298  39.996 0.0000000000
18830  10.293  -44.969  34.266 0.0000000000
18844  9.097  -44.994  34.247 0.0000000000
17952  9.725  -45.732  33.830 0.0000000000
17940  8.075  -47.041  34.715 0.0000000000
17929  7.577  -46.649  35.567 0.0000000000
17909  9.236  -46.968  36.276 0.0000000000
17910  8.199  -46.515  36.759 0.0000000000
17891  7.925  -45.955  37.883 0.0000000000
17876  7.700  -45.958  38.648 0.0000000000
17029  7.473  -46.321  39.237 0.0000000000
16205  7.239  -47.511  40.023 0.0000000000
15427  6.465  -48.589  40.444 0.0000000000
15426  7.372  -48.322  40.486 0.0000000000
121937  8.520  -48.907  41.051 0.0000000000
14621  8.627  -49.368  41.418 0.0000000000
16191  9.741  -48.396  40.678 0.0000000000
15413  9.771  -48.934  41.142 0.0000000000
13861  9.653  -50.031  41.859 0.0000000000
13860  10.445  -50.368  41.695 0.0000000000
13165  10.726  -51.283  41.696 0.0000000000
12508  11.797  -52.530  40.788 0.0000000000
11893  12.073  -52.962  40.140 0.0000000000
119557  12.974  -51.860  40.050 0.0000000000
15455  17.594  -48.498  35.803 0.0000000000
112844  19.477  -50.286  35.748 0.0000000000
13901  19.369  -50.883  35.805 0.0000000000
13214  20.192  -51.880  35.692 0.0000000000
11334  20.508  -52.379  35.774 0.0000000000
116639  21.062  -52.152  34.474 0.0000000000
11993  20.328  -51.616  34.022 0.0000000000
11991  21.987  -53.436  33.557 0.0000000000
13246  21.402  -51.731  33.978 0.0000000000
13944  20.869  -50.652  33.795 0.0000000000
13931  21.379  -50.138  34.146 0.0000000000
13943  21.311  -50.142  33.400 0.0000000000
14703  21.698  -49.569  32.968 0.0000000000
15500  22.664  -48.543  32.780 0.0000000000
15499  23.066  -47.991  32.416 0.0000000000
47  7.727  -81.689  33.719 0.0000000000
123485  7.146  -83.931  33.112 0.0000000000
134  5.831  -81.738  35.421 0.0000000000
148  7.641  -81.787  33.353 0.0000000000
155  7.981  -82.902  32.387 0.0000000000
154  8.658  -82.323  31.904 0.0000000000
276  9.032  -81.375  31.379 0.0000000000
454  9.250  -80.804  31.283 0.0000000000
1508  6.332  -75.966  31.000 0.0000000000
1283  6.443  -76.433  31.588 0.0000000000
1516  7.387  -76.873  30.683 0.0000000000
117897  8.660  -76.595  30.242 0.0000000000
1548  10.775  -76.079  29.281 0.0000000000
122898  9.583  -76.608  29.435 0.0000000000
1089  10.302  -76.877  28.834 0.0000000000
116150  11.002  -76.200  28.975 0.0000000000
1098  11.332  -77.432  28.207 0.0000000000
872  11.517  -78.238  27.896 0.0000000000
110374  12.142  -79.082  27.594 0.0000000000
115516  11.745  -79.888  27.548 0.0000000000
489  10.060  -80.684  27.630 0.0000000000
309  9.475  -81.797  27.670 0.0000000000
491  7.280  -80.680  28.345 0.0000000000
310  7.926  -82.126  28.027 0.0000000000
183  8.976  -82.706  27.621 0.0000000000
89  7.992  -83.314  26.807 0.0000000000
205  8.704  -82.681  24.293 0.0000000000
4371  13.375  -66.362  30.246 0.0000000000
4384  14.305  -66.901  29.682 0.0000000000
4385  13.914  -66.652  29.449 0.0000000000
4401  13.496  -66.859  28.572 0.0000000000
3908  13.318  -67.714  27.332 0.0000000000
4416  12.122  -67.075  27.662 0.0000000000
3909  12.841  -67.182  27.275 0.0000000000
3484  13.149  -68.538  26.891 0.0000000000
3092  12.669  -69.307  26.428 0.0000000000
2750  12.271  -70.075  26.140 0.0000000000
119343  11.145  -70.925  25.275 0.0000000000
106595  11.231  -80.963  18.858 0.0000000000
107148  1.759  -50.592  32.703 0.0000000000
110495  0.846  -51.217  31.945 0.0000000000
13980  -0.086  -50.862  31.936 0.0000000000
123792  -0.702  -51.122  31.598 0.0000000000
120015  -1.879  -51.472  30.522 0.0000000000
13985  -2.566  -50.481  30.045 0.0000000000
13303  -3.051  -51.715  28.970 0.0000000000
12664  -2.517  -52.112  27.468 0.0000000000
7093  9.497  -61.607  34.910 0.0000000000
105787  7.952  -60.200  32.581 0.0000000000
7671  7.157  -60.481  32.482 0.0000000000
109660  6.528  -61.271  32.678 0.0000000000
7132  5.184  -61.237  31.715 0.0000000000
7687  4.497  -61.107  31.264 0.0000000000
7698  3.819  -60.901  30.784 0.0000000000
8860  7.601  -58.231  31.276 0.0000000000
116197  6.870  -58.427  31.011 0.0000000000
121727  5.472  -58.415  30.138 0.0000000000
8302  5.332  -59.106  30.553 0.0000000000
7148  2.513  -61.465  29.964 0.0000000000
7168  1.430  -61.463  29.730 0.0000000000
7743  0.863  -59.750  29.376 0.0000000000
106278  0.353  -60.452  29.953 0.0000000000
6588  -1.263  -61.925  31.238 0.0000000000
7171  -2.061  -61.080  31.281 0.0000000000
7172  -3.129  -61.585  30.717 0.0000000000
7190  -3.148  -61.125  29.753 0.0000000000
13966  10.364  -50.053  32.955 0.0000000000
111577  9.240  -49.182  32.380 0.0000000000
14725  11.377  -49.356  31.792 0.0000000000
14727  9.631  -49.018  31.734 0.0000000000
14728  8.884  -48.756  31.784 0.0000000000
15518  7.691  -48.099  31.684 0.0000000000
109766  7.288  -47.698  31.720 0.0000000000
17128  6.712  -46.561  31.878 0.0000000000
15530  13.580  -48.685  30.403 0.0000000000
16320  12.299  -48.280  30.406 0.0000000000
16321  11.588  -47.763  30.173 0.0000000000
16341  11.405  -47.035  29.745 0.0000000000
16322  10.712  -47.358  30.084 0.0000000000
113726  9.870  -47.638  30.419 0.0000000000
16323  9.181  -47.080  30.474 0.0000000000
17127  7.538  -46.619  31.416 0.0000000000
109493  7.095  -46.026  31.710 0.0000000000
117612  6.678  -44.999  32.089 0.0000000000
103902  6.873  -44.265  32.054 0.0000000000
18890  6.277  -43.920  32.271 0.0000000000
18888  8.454  -44.139  31.376 0.0000000000
19761  7.337  -43.480  31.930 0.0000000000
19762  6.712  -43.292  32.147 0.0000000000
20615  6.423  -42.400  32.248 0.0000000000
105980  6.737  -41.470  32.225 0.0000000000
21542  6.804  -40.429  32.076 0.0000000000
9526  -0.963  -57.165  32.229 0.0000000000
10188  -0.361  -56.357  31.846 0.0000000000
11361  -2.968  -54.345  33.709 0.0000000000
10807  -2.888  -55.623  33.442 0.0000000000
10818  -1.660  -55.443  32.380 0.0000000000
10817  -0.554  -55.423  31.905 0.0000000000
10816  0.620  -55.470  31.862 0.0000000000
11368  0.825  -53.930  32.469 0.0000000000
11997  1.391  -53.292  32.997 0.0000000000
12608  -0.125  -52.454  32.941 0.0000000000
11978  0.938  -52.638  33.336 0.0000000000
11977  1.863  -52.822  33.889 0.0000000000
12591  1.798  -52.254  34.636 0.0000000000
12575  1.569  -51.745  35.293 0.0000000000
12561  1.954  -51.761  36.150 0.0000000000
102741  11.332  -44.654  35.121 0.0000000000
18812  11.531  -45.154  34.226 0.0000000000
17927  12.291  -46.033  34.570 0.0000000000
17925  13.428  -46.899  34.486 0.0000000000
17071  12.273  -47.603  35.328 0.0000000000
16243  12.042  -47.946  36.555 0.0000000000
16231  12.279  -48.073  37.813 0.0000000000
16240  16.512  -46.264  36.452 0.0000000000
107752  16.374  -46.784  35.831 0.0000000000
15470  16.877  -47.835  35.643 0.0000000000
17079  19.099  -46.902  35.607 0.0000000000
17077  19.925  -46.170  34.753 0.0000000000
795  3.807  -78.991  37.089 0.0000000000
803  3.833  -79.277  36.682 0.0000000000
106053  4.619  -78.682  36.718 0.0000000000
122227  5.645  -77.823  35.407 0.0000000000
1033  7.154  -76.869  36.659 0.0000000000
118094  6.250  -77.521  35.899 0.0000000000
1039  5.897  -77.651  34.888 0.0000000000
1253  6.580  -77.204  34.474 0.0000000000
1269  7.156  -76.674  33.255 0.0000000000
1268  7.107  -75.911  32.741 0.0000000000
1713  9.499  -74.487  37.556 0.0000000000
1482  9.071  -74.995  36.881 0.0000000000
1486  8.735  -75.170  36.031 0.0000000000
1729  9.573  -74.347  35.265 0.0000000000
1730  8.809  -75.039  35.221 0.0000000000
1731  8.186  -75.517  34.314 0.0000000000
1737  7.688  -75.388  33.148 0.0000000000
1494  6.888  -75.312  32.153 0.0000000000
1769  7.082  -74.925  30.241 0.0000000000
1777  7.460  -74.878  29.839 0.0000000000
1989  8.253  -74.622  29.560 0.0000000000
1786  7.421  -75.396  29.410 0.0000000000
1798  7.862  -75.466  29.056 0.0000000000
122518  7.583  -76.190  28.874 0.0000000000
1318  7.885  -76.388  28.635 0.0000000000
3935  7.850  -67.029  26.902 0.0000000000
4426  7.467  -66.770  26.099 0.0000000000
4442  7.100  -66.440  24.422 0.0000000000
122612  7.940  -66.976  24.242 0.0000000000
111383  7.917  -68.740  23.418 0.0000000000
3128  7.540  -69.899  22.761 0.0000000000
18055  20.331  -45.622  28.393 0.0000000000
18056  19.388  -45.579  28.393 0.0000000000
18941  19.923  -45.006  27.952 0.0000000000
18966  19.527  -44.366  27.568 0.0000000000
19823  19.114  -43.767  27.256 0.0000000000
117490  20.666  -43.273  26.886 0.0000000000
19843  19.451  -43.270  26.922 0.0000000000
20718  18.440  -42.510  26.516 0.0000000000
21629  18.172  -41.903  26.068 0.0000000000
21653  17.903  -41.317  25.542 0.0000000000
3016  8.595  -69.054  36.372 0.0000000000
3014  10.117  -69.197  36.829 0.0000000000
3407  10.513  -68.528  36.526 0.0000000000
3825  11.239  -68.097  36.287 0.0000000000
106517  12.250  -67.479  35.642 0.0000000000
3833  13.162  -66.892  34.779 0.0000000000
123975  13.759  -66.205  33.794 0.0000000000
4849  13.920  -66.143  33.198 0.0000000000
4873  13.971  -65.877  31.668 0.0000000000
4841  10.532  -65.086  34.415 0.0000000000
5391  11.259  -64.839  33.825 0.0000000000
5402  11.903  -64.689  33.282 0.0000000000
122202  11.226  -64.415  32.999 0.0000000000
5416  12.647  -64.816  33.024 0.0000000000
5432  12.974  -65.037  32.586 0.0000000000
4874  13.374  -65.532  31.834 0.0000000000
4892  13.900  -65.947  30.985 0.0000000000
121399  12.606  -66.393  30.618 0.0000000000
102955  12.163  -66.799  30.137 0.0000000000
4387  11.315  -67.501  29.720 0.0000000000
3859  10.458  -67.597  30.679 0.0000000000
4388  10.559  -68.062  30.068 0.0000000000
3914  7.801  -67.698  27.904 0.0000000000
6533  6.068  -62.818  33.368 0.0000000000
5955  6.197  -63.442  33.354 0.0000000000
108702  6.367  -63.824  33.339 0.0000000000
5438  6.366  -64.912  32.253 0.0000000000
4880  6.011  -65.597  31.820 0.0000000000
5981  3.500  -63.361  30.824 0.0000000000
5440  4.570  -64.872  31.422 0.0000000000
111559  3.465  -65.377  30.306 0.0000000000
4883  4.248  -65.566  30.871 0.0000000000
4881  5.432  -65.562  31.600 0.0000000000
4359  6.585  -66.294  31.231 0.0000000000
4376  6.239  -67.126  30.753 0.0000000000
3863  6.922  -67.934  30.146 0.0000000000
3880  6.407  -68.384  29.634 0.0000000000
3881  5.328  -68.751  29.737 0.0000000000
113984  6.956  -68.440  29.230 0.0000000000
3896  7.384  -68.272  28.715 0.0000000000
4417  7.084  -67.172  27.115 0.0000000000
4433  5.593  -66.782  25.678 0.0000000000
3950  4.760  -67.321  26.313 0.0000000000
106121  4.697  -66.968  25.242 0.0000000000
4458  5.059  -66.344  23.843 0.0000000000
123501  4.408  -66.212  22.582 0.0000000000
3487  1.624  -69.122  28.084 0.0000000000
3940  2.006  -68.729  26.224 0.0000000000
105010  1.691  -68.305  24.344 0.0000000000
3977  2.762  -67.243  23.079 0.0000000000
12615  8.912  -53.285  33.303 0.0000000000
12606  8.220  -52.850  33.164 0.0000000000
12607  7.527  -52.493  33.056 0.0000000000
13280  6.801  -52.208  32.962 0.0000000000
120605  6.501  -51.880  33.628 0.0000000000
104236  6.089  -51.819  32.981 0.0000000000
13270  5.276  -51.610  33.195 0.0000000000
13967  3.344  -51.086  33.191 0.0000000000
13238  5.428  -51.406  36.320 0.0000000000
13922  4.669  -51.068  36.642 0.0000000000
13239  4.732  -51.424  35.470 0.0000000000
13937  4.086  -51.195  34.651 0.0000000000
13968  2.572  -50.798  32.939 0.0000000000
14711  0.060  -49.736  32.813 0.0000000000
14712  -1.285  -49.391  32.497 0.0000000000
15495  0.952  -48.710  34.017 0.0000000000
15505  -0.606  -48.943  33.117 0.0000000000
14713  -2.250  -48.839  31.969 0.0000000000
15507  -2.787  -47.810  31.707 0.0000000000
122942  9.129  -49.452  33.641 0.0000000000
14695  8.744  -49.212  34.304 0.0000000000
15483  7.479  -48.403  34.496 0.0000000000
15484  6.771  -47.950  34.608 0.0000000000
16273  5.416  -47.311  35.397 0.0000000000
17084  3.201  -46.634  35.644 0.0000000000
17985  4.178  -45.427  32.771 0.0000000000
17119  4.167  -45.906  32.989 0.0000000000
17105  3.874  -46.054  33.739 0.0000000000
18857  2.247  -44.180  33.922 0.0000000000
17972  2.684  -45.011  33.913 0.0000000000
17956  3.126  -45.675  34.392 0.0000000000
17095  2.778  -46.108  35.301 0.0000000000
17085  2.514  -46.693  35.652 0.0000000000
106384  0.773  -46.207  35.210 0.0000000000
17097  -0.355  -46.148  34.927 0.0000000000
17098  -1.424  -46.008  34.511 0.0000000000
17134  -2.520  -46.176  32.267 0.0000000000
18057  18.412  -45.491  28.493 0.0000000000
18058  17.458  -45.361  28.680 0.0000000000
18969  16.589  -44.128  28.106 0.0000000000
18945  16.102  -44.526  28.719 0.0000000000
18060  15.722  -44.872  29.101 0.0000000000
119239  15.898  -42.297  26.587 0.0000000000
20689  15.213  -42.918  27.848 0.0000000000
20691  13.968  -42.155  28.565 0.0000000000
20663  14.295  -42.674  29.086 0.0000000000
19785  13.898  -42.924  29.659 0.0000000000
19786  13.278  -43.134  30.072 0.0000000000
19787  12.475  -43.202  30.564 0.0000000000
20624  11.245  -42.211  31.192 0.0000000000
20626  9.151  -41.733  31.496 0.0000000000
21553  7.687  -40.591  31.610 0.0000000000
239  6.667  -80.717  37.894 0.0000000000
231  6.374  -80.481  38.400 0.0000000000
240  5.672  -80.629  37.943 0.0000000000
241  4.676  -80.514  37.740 0.0000000000
233  3.977  -80.071  38.475 0.0000000000
122820  3.776  -79.737  38.160 0.0000000000
557  7.686  -78.780  41.940 0.0000000000
558  6.576  -78.811  42.019 0.0000000000
759  5.966  -78.312  42.658 0.0000000000
559  5.365  -78.739  42.094 0.0000000000
392  5.732  -79.721  40.826 0.0000000000
393  4.632  -79.770  40.870 0.0000000000
404  3.986  -79.680  39.779 0.0000000000
582  3.789  -79.264  38.309 0.0000000000
786  4.265  -78.679  38.632 0.0000000000
776  5.081  -78.377  39.284 0.0000000000
775  6.005  -77.891  39.063 0.0000000000
117199  5.209  -77.790  40.717 0.0000000000
999  6.552  -77.431  39.673 0.0000000000
998  7.330  -76.987  39.320 0.0000000000
111472  7.846  -76.401  39.402 0.0000000000
1207  8.082  -76.054  39.986 0.0000000000
1702  8.639  -74.712  39.847 0.0000000000
119634  4.070  -74.694  43.306 0.0000000000
1689  4.627  -74.395  42.255 0.0000000000
1688  5.834  -74.794  41.763 0.0000000000
1912  5.156  -74.066  41.167 0.0000000000
1687  6.923  -75.055  41.377 0.0000000000
1695  7.418  -74.620  40.842 0.0000000000
1694  8.069  -74.233  40.442 0.0000000000
118156  8.543  -73.964  39.939 0.0000000000
1926  8.732  -73.413  39.656 0.0000000000
2126  8.898  -72.659  39.297 0.0000000000
2371  8.455  -71.876  39.024 0.0000000000
2372  7.367  -71.736  39.091 0.0000000000
114213  8.891  -71.329  38.635 0.0000000000
2649  8.591  -70.567  37.984 0.0000000000
118711  8.651  -70.080  37.420 0.0000000000
2663  8.021  -69.915  37.160 0.0000000000
2606  0.979  -70.963  40.484 0.0000000000
2622  1.889  -70.633  39.556 0.0000000000
3779  -0.239  -68.518  40.661 0.0000000000
3355  -0.486  -70.020  40.063 0.0000000000
3354  0.091  -70.436  38.663 0.0000000000
2961  -0.399  -71.012  39.713 0.0000000000
121145  2.125  -71.168  38.505 0.0000000000
2637  2.314  -72.164  37.315 0.0000000000
2391  2.914  -72.401  36.339 0.0000000000
121220  3.339  -72.268  36.042 0.0000000000
117801  3.373  -70.788  36.607 0.0000000000
2667  4.006  -71.585  36.120 0.0000000000
2666  4.640  -70.799  36.513 0.0000000000
2665  5.774  -70.362  37.028 0.0000000000
111556  7.526  -69.431  36.959 0.0000000000
3000  8.081  -69.261  36.603 0.0000000000
3395  8.387  -68.850  36.405 0.0000000000
3409  8.061  -68.355  36.540 0.0000000000
3817  7.529  -67.759  37.096 0.0000000000
106207  8.593  -67.621  36.416 0.0000000000
4315  8.249  -66.681  36.759 0.0000000000
103839  8.520  -65.944  36.647 0.0000000000
4802  4.084  -66.131  38.441 0.0000000000
5347  4.736  -64.466  38.501 0.0000000000
123704  5.725  -65.360  38.621 0.0000000000
4800  6.363  -65.763  38.442 0.0000000000
4811  7.186  -65.780  37.959 0.0000000000
5367  7.843  -65.117  36.973 0.0000000000
5898  8.034  -64.171  36.975 0.0000000000
5870  7.526  -63.373  38.356 0.0000000000
5886  8.216  -63.561  37.672 0.0000000000
5885  8.671  -63.158  37.300 0.0000000000
6467  8.642  -63.135  36.888 0.0000000000
7069  9.339  -62.091  36.609 0.0000000000
7655  -1.176  -61.205  33.371 0.0000000000
111419  0.482  -61.799  33.165 0.0000000000
7654  0.880  -60.872  32.861 0.0000000000
7653  2.055  -61.169  33.451 0.0000000000
117907  3.660  -60.589  35.741 0.0000000000
9523  2.539  -57.071  32.080 0.0000000000
114803  3.173  -58.338  32.576 0.0000000000
9495  4.375  -58.281  33.472 0.0000000000
8829  3.736  -58.729  33.129 0.0000000000
8252  3.932  -59.692  34.543 0.0000000000
8239  4.071  -60.000  35.536 0.0000000000
7627  4.094  -60.365  36.302 0.0000000000
7626  4.620  -60.298  36.782 0.0000000000
7613  5.734  -60.812  37.858 0.0000000000
7603  6.568  -60.895  38.157 0.0000000000
8223  6.009  -59.700  37.042 0.0000000000
7611  7.242  -60.210  37.845 0.0000000000
7610  8.843  -61.244  37.749 0.0000000000
7083  9.535  -61.865  35.798 0.0000000000
7082  10.307  -61.027  35.187 0.0000000000
7101  10.374  -60.913  34.327 0.0000000000
121236  10.590  -60.361  35.972 0.0000000000
7651  10.941  -60.432  34.651 0.0000000000
7659  11.044  -60.298  33.789 0.0000000000
8267  11.143  -59.585  33.302 0.0000000000
8828  11.251  -58.608  33.049 0.0000000000
8794  9.531  -57.913  35.408 0.0000000000
9454  9.043  -56.923  36.377 0.0000000000
9471  9.590  -57.372  35.715 0.0000000000
106692  11.807  -58.507  35.131 0.0000000000
8827  12.068  -58.465  33.837 0.0000000000
9521  10.853  -57.463  32.631 0.0000000000
10184  10.707  -56.431  32.633 0.0000000000
10813  10.359  -55.733  32.583 0.0000000000
10801  11.714  -55.957  33.945 0.0000000000
10802  10.968  -55.698  33.194 0.0000000000
11377  10.240  -55.100  32.826 0.0000000000
11364  9.954  -54.376  33.128 0.0000000000
11994  10.213  -54.134  33.959 0.0000000000
13912  -0.109  -49.552  35.303 0.0000000000
15462  0.239  -48.443  36.184 0.0000000000
13911  0.676  -50.108  35.994 0.0000000000
13226  1.300  -50.727  36.629 0.0000000000
13210  1.760  -51.143  37.351 0.0000000000
19714  2.663  -42.762  35.890 0.0000000000
18845  8.001  -45.031  34.185 0.0000000000
18833  6.218  -44.816  34.614 0.0000000000
17931  5.488  -45.486  35.907 0.0000000000
18814  5.033  -45.098  35.381 0.0000000000
18835  4.924  -44.130  35.259 0.0000000000
120954  3.759  -43.931  35.656 0.0000000000
18816  3.093  -43.908  35.823 0.0000000000
18817  2.284  -43.822  36.068 0.0000000000
17917  1.760  -45.403  37.644 0.0000000000
17897  1.567  -46.127  38.141 0.0000000000
16233  1.474  -47.406  38.509 0.0000000000
17034  2.937  -46.904  39.166 0.0000000000
16223  1.951  -47.673  39.046 0.0000000000
123298  1.616  -47.891  38.791 0.0000000000
117850  1.544  -49.572  38.487 0.0000000000
13196  1.980  -50.841  38.132 0.0000000000
13209  2.322  -51.480  37.782 0.0000000000
12534  2.962  -51.847  38.141 0.0000000000
12533  3.668  -52.195  38.438 0.0000000000
12532  4.416  -52.552  38.721 0.0000000000
13182  4.240  -51.554  39.842 0.0000000000
12521  4.729  -52.237  39.457 0.0000000000
11907  5.147  -52.935  39.066 0.0000000000
11302  6.095  -53.974  39.380 0.0000000000
11294  6.481  -54.424  40.165 0.0000000000
10694  6.938  -54.941  40.934 0.0000000000
14630  6.284  -49.461  40.833 0.0000000000
14623  6.487  -50.301  41.296 0.0000000000
13166  6.373  -51.757  41.599 0.0000000000
13158  7.795  -52.078  42.449 0.0000000000
12492  7.279  -52.715  42.328 0.0000000000
12493  6.662  -52.577  41.891 0.0000000000
120885  6.762  -53.796  41.603 0.0000000000
11288  7.431  -54.681  41.620 0.0000000000
115110  7.990  -56.103  40.543 0.0000000000
10068  9.113  -56.209  40.312 0.0000000000
10085  9.987  -56.378  39.322 0.0000000000
10754  11.291  -55.526  37.635 0.0000000000
11310  10.352  -55.134  39.056 0.0000000000
10744  10.846  -55.396  38.363 0.0000000000
11335  11.291  -54.956  37.071 0.0000000000
11973  10.256  -53.999  34.785 0.0000000000
11974  9.734  -53.591  34.598 0.0000000000
11955  9.056  -53.182  35.589 0.0000000000
12572  8.243  -53.110  37.084 0.0000000000
12543  8.331  -52.372  39.184 0.0000000000
121572  12.039  -53.015  39.741 0.0000000000
12540  10.945  -52.580  38.724 0.0000000000
123693  8.569  -51.343  39.153 0.0000000000
13918  11.076  -50.593  35.457 0.0000000000
13933  11.512  -50.762  34.327 0.0000000000
15434  13.968  -49.072  38.923 0.0000000000
13886  14.699  -50.566  38.833 0.0000000000
13193  14.931  -51.409  38.208 0.0000000000
12529  15.159  -51.616  37.486 0.0000000000
122801  16.543  -51.090  37.559 0.0000000000
13216  17.155  -51.363  36.809 0.0000000000
13202  16.407  -51.333  37.363 0.0000000000
116857  15.869  -51.619  37.181 0.0000000000
104787  14.374  -51.720  36.254 0.0000000000
12586  14.121  -51.629  35.032 0.0000000000
124048  13.665  -51.578  35.170 0.0000000000
13948  11.694  -50.616  33.372 0.0000000000
13947  12.393  -50.766  33.032 0.0000000000
13946  13.130  -50.804  32.669 0.0000000000
112606  13.973  -50.981  32.639 0.0000000000
122355  13.572  -50.575  32.300 0.0000000000
13977  14.056  -50.330  31.941 0.0000000000
14721  15.331  -49.737  31.239 0.0000000000
12601  19.760  -51.391  33.678 0.0000000000
13262  18.488  -51.485  33.088 0.0000000000
118369  18.006  -51.017  32.246 0.0000000000
13959  18.815  -50.754  32.125 0.0000000000
13960  17.143  -50.840  32.161 0.0000000000
121347  17.164  -50.331  31.713 0.0000000000
14720  16.195  -49.705  31.252 0.0000000000
15527  16.581  -49.048  30.813 0.0000000000
121106  16.831  -48.421  30.488 0.0000000000
15525  19.229  -48.485  30.377 0.0000000000
116405  18.876  -47.178  29.594 0.0000000000
17168  19.290  -46.715  29.236 0.0000000000
17951  20.406  -45.859  34.284 0.0000000000
17950  21.058  -45.701  33.952 0.0000000000
17103  22.207  -46.274  33.941 0.0000000000
17088  22.946  -46.970  33.823 0.0000000000
16279  23.269  -47.512  33.305 0.0000000000
17116  23.617  -47.024  32.706 0.0000000000
16290  23.481  -47.308  32.081 0.0000000000
18870  24.158  -45.204  32.491 0.0000000000
16289  23.845  -46.564  32.171 0.0000000000
16311  23.175  -47.187  31.267 0.0000000000
17148  22.826  -46.929  30.520 0.0000000000
17149  22.133  -47.173  30.157 0.0000000000
18021  23.613  -45.648  30.268 0.0000000000
113976  22.536  -46.502  29.825 0.0000000000
17165  21.781  -46.684  29.529 0.0000000000
17183  21.390  -46.257  29.055 0.0000000000
17184  20.676  -46.239  28.849 0.0000000000
123322  21.493  -44.905  28.129 0.0000000000
18963  21.957  -44.417  27.950 0.0000000000
19806  23.062  -43.739  28.434 0.0000000000
115625  22.816  -42.270  27.330 0.0000000000
21604  22.955  -41.518  27.181 0.0000000000
4  8.577  -84.218  33.384 0.0000000000
8  9.573  -84.185  32.559 0.0000000000
70  9.725  -84.210  30.542 0.0000000000
22  9.946  -84.300  31.048 0.0000000000
120929  4.201  -79.654  35.997 0.0000000000
110145  5.555  -80.017  35.228 0.0000000000
426  6.492  -80.725  33.660 0.0000000000
603  6.984  -79.503  34.100 0.0000000000
438  7.207  -80.335  33.352 0.0000000000
106181  8.448  -80.169  32.426 0.0000000000
623  9.086  -80.218  31.913 0.0000000000
629  10.630  -79.637  31.410 0.0000000000
120141  8.617  -76.867  32.142 0.0000000000
1515  11.707  -75.752  30.871 0.0000000000
1071  10.978  -77.641  31.629 0.0000000000
836  10.266  -78.195  31.912 0.0000000000
121736  10.535  -78.943  31.723 0.0000000000
628  11.436  -79.479  30.962 0.0000000000
114419  12.720  -78.798  30.572 0.0000000000
850  13.572  -78.447  30.385 0.0000000000
118306  14.647  -77.596  30.290 0.0000000000
1522  14.575  -75.411  30.183 0.0000000000
1521  15.450  -75.572  30.057 0.0000000000
1291  15.656  -76.391  30.099 0.0000000000
1533  16.835  -75.362  29.559 0.0000000000
486  13.009  -80.411  27.187 0.0000000000
3012  12.168  -69.546  36.287 0.0000000000
2677  12.249  -70.254  35.849 0.0000000000
3035  13.122  -68.893  34.059 0.0000000000
3032  12.762  -69.660  34.369 0.0000000000
2681  12.430  -70.314  35.034 0.0000000000
110982  12.318  -70.500  34.068 0.0000000000
2421  12.172  -70.767  33.163 0.0000000000
2425  12.065  -70.976  32.317 0.0000000000
115978  14.484  -67.190  30.216 0.0000000000
117831  14.024  -68.659  30.363 0.0000000000
3054  13.511  -69.232  30.730 0.0000000000
3068  13.689  -69.376  29.030 0.0000000000
3053  13.778  -69.183  29.797 0.0000000000
2693  12.885  -69.815  31.196 0.0000000000
2703  12.452  -70.551  30.755 0.0000000000
2433  11.993  -71.142  31.495 0.0000000000
2434  11.569  -71.752  31.332 0.0000000000
117747  10.841  -72.978  29.107 0.0000000000
120147  10.779  -73.508  28.110 0.0000000000
120636  9.592  -75.305  27.654 0.0000000000
123843  8.991  -76.468  27.049 0.0000000000
1107  8.693  -77.020  26.827 0.0000000000
4424  9.124  -67.140  26.067 0.0000000000
3947  10.302  -68.056  25.481 0.0000000000
3504  10.608  -68.943  25.046 0.0000000000
121815  10.949  -68.565  25.386 0.0000000000
3104  11.073  -69.480  25.215 0.0000000000
2474  10.042  -72.007  24.911 0.0000000000
2041  9.037  -73.249  22.957 0.0000000000
1619  10.531  -75.058  22.593 0.0000000000
2034  8.082  -73.032  24.136 0.0000000000
1848  8.737  -73.959  23.995 0.0000000000
2024  8.275  -73.073  24.531 0.0000000000
2017  9.479  -73.275  25.219 0.0000000000
1824  8.966  -74.025  25.100 0.0000000000
1825  8.969  -74.951  24.828 0.0000000000
1586  8.228  -75.783  25.159 0.0000000000
1132  7.902  -76.530  23.761 0.0000000000
1346  7.423  -76.156  24.804 0.0000000000
1118  7.626  -76.622  25.188 0.0000000000
1108  8.273  -77.856  26.356 0.0000000000
103061  7.624  -78.300  27.446 0.0000000000
102636  7.030  -78.928  26.683 0.0000000000
679  6.459  -79.797  26.414 0.0000000000
503  6.249  -80.520  26.476 0.0000000000
687  6.576  -80.074  24.820 0.0000000000
510  5.986  -81.458  26.497 0.0000000000
332  6.790  -81.643  25.277 0.0000000000
206  7.877  -82.251  24.669 0.0000000000
102501  10.370  -81.713  21.143 0.0000000000
102530  10.251  -81.561  21.695 0.0000000000
12620  7.807  -53.161  31.779 0.0000000000
12024  6.761  -53.388  31.154 0.0000000000
12034  6.264  -53.879  30.776 0.0000000000
12631  5.051  -53.211  31.177 0.0000000000
12036  4.535  -53.620  30.843 0.0000000000
11406  4.753  -54.345  30.478 0.0000000000
11417  4.044  -55.012  30.175 0.0000000000
102919  3.132  -55.360  29.851 0.0000000000
10864  1.386  -55.863  29.109 0.0000000000
108982  0.778  -51.804  31.568 0.0000000000
12635  0.992  -52.971  30.911 0.0000000000
12040  0.545  -53.450  30.710 0.0000000000
12050  -0.365  -53.848  30.773 0.0000000000
12049  0.852  -54.072  30.293 0.0000000000
11419  1.178  -54.709  29.786 0.0000000000
10853  0.883  -55.285  29.493 0.0000000000
120260  1.167  -56.729  28.724 0.0000000000
10236  0.336  -56.620  29.404 0.0000000000
9568  -0.603  -57.576  30.212 0.0000000000
108853  -1.120  -58.125  30.440 0.0000000000
10229  -2.526  -56.853  29.304 0.0000000000
9570  -2.150  -57.503  29.835 0.0000000000
8306  -2.192  -58.727  30.070 0.0000000000
121668  -2.675  -59.450  29.946 0.0000000000
7744  -3.079  -60.343  29.541 0.0000000000
7210  -2.434  -60.710  28.231 0.0000000000
11471  -1.417  -54.585  25.812 0.0000000000
10902  -1.951  -55.942  26.523 0.0000000000
9604  -2.111  -57.485  26.625 0.0000000000
9618  -1.068  -57.302  24.984 0.0000000000
119866  -1.586  -58.095  26.287 0.0000000000
8905  -1.792  -58.710  26.846 0.0000000000
8906  -2.064  -59.161  27.441 0.0000000000
7189  -2.301  -61.648  28.473 0.0000000000
6626  -1.963  -62.050  27.456 0.0000000000
6054  -1.978  -63.131  27.340 0.0000000000
102070  -2.352  -64.116  26.439 0.0000000000
6648  -3.102  -62.815  25.108 0.0000000000
102067  -1.692  -66.973  23.024 0.0000000000
102056  -1.198  -66.940  22.479 0.0000000000
9  8.643  -84.277  32.929 0.0000000000
10  7.996  -84.182  32.320 0.0000000000
14  10.050  -84.378  31.875 0.0000000000
15  9.473  -84.379  31.662 0.0000000000
16  9.064  -84.245  31.087 0.0000000000
26  11.082  -84.184  29.970 0.0000000000
34  6.388  -82.331  37.034 0.0000000000
35  5.481  -82.251  37.085 0.0000000000
38  5.543  -82.251  36.429 0.0000000000
39  4.794  -82.108  36.315 0.0000000000
41  6.524  -81.863  35.738 0.0000000000
58  7.295  -84.154  32.837 0.0000000000
68  11.300  -84.096  29.453 0.0000000000
100  6.000  -82.936  26.617 0.0000000000
121  6.001  -81.805  37.944 0.0000000000
122  5.063  -81.524  37.465 0.0000000000
131  4.491  -82.067  36.225 0.0000000000
135  4.872  -82.014  35.796 0.0000000000
141  6.127  -81.406  34.612 0.0000000000
143  4.631  -81.907  35.700 0.0000000000
156  7.005  -83.927  32.808 0.0000000000
166  9.548  -83.240  30.620 0.0000000000
184  7.926  -82.990  27.695 0.0000000000
185  5.993  -82.789  27.864 0.0000000000
192  5.725  -82.825  27.281 0.0000000000
196  7.655  -82.894  25.457 0.0000000000
197  6.637  -82.654  25.793 0.0000000000
225  5.983  -80.241  39.402 0.0000000000
232  4.790  -80.348  38.558 0.0000000000
247  4.666  -80.967  36.326 0.0000000000
260  7.345  -80.797  32.687 0.0000000000
262  6.349  -81.011  33.594 0.0000000000
359  8.644  -82.328  21.133 0.0000000000
374  8.897  -81.337  20.847 0.0000000000
403  4.307  -79.951  40.150 0.0000000000
407  3.857  -79.772  38.912 0.0000000000
410  3.862  -80.072  37.615 0.0000000000
414  3.711  -79.585  37.453 0.0000000000
417  4.014  -80.057  36.316 0.0000000000
420  4.314  -80.156  35.948 0.0000000000
437  8.315  -79.390  33.000 0.0000000000
447  7.200  -80.871  32.643 0.0000000000
453  10.144  -80.635  30.898 0.0000000000
460  11.518  -80.709  30.225 0.0000000000
493  5.862  -80.773  28.515 0.0000000000
502  13.669  -80.622  26.855 0.0000000000
509  6.502  -80.741  25.414 0.0000000000
530  8.391  -81.452  21.004 0.0000000000
535  9.167  -81.015  20.153 0.0000000000
560  4.747  -78.417  41.761 0.0000000000
565  6.281  -79.123  41.346 0.0000000000
567  4.530  -79.003  41.092 0.0000000000
568  4.253  -78.826  40.637 0.0000000000
572  4.024  -79.095  40.025 0.0000000000
589  3.747  -79.546  36.773 0.0000000000
595  4.787  -79.305  35.747 0.0000000000
640  12.153  -79.489  30.585 0.0000000000
658  6.763  -79.268  29.453 0.0000000000
659  5.884  -79.381  29.743 0.0000000000
665  12.618  -79.802  27.394 0.0000000000
668  9.292  -79.605  28.287 0.0000000000
671  5.497  -79.689  28.524 0.0000000000
719  8.719  -80.956  20.489 0.0000000000
743  5.100  -77.935  44.058 0.0000000000
750  6.589  -78.186  43.304 0.0000000000
752  4.882  -78.055  43.311 0.0000000000
777  4.223  -78.776  39.689 0.0000000000
785  5.367  -78.339  38.387 0.0000000000
787  3.980  -78.872  38.812 0.0000000000
811  4.268  -79.192  36.136 0.0000000000
826  7.063  -78.459  33.878 0.0000000000
827  6.582  -77.496  33.966 0.0000000000
842  12.194  -78.000  30.863 0.0000000000
843  11.082  -78.698  31.425 0.0000000000
858  15.158  -78.122  30.039 0.0000000000
881  13.878  -79.042  27.238 0.0000000000
892  7.947  -79.447  23.283 0.0000000000
908  8.418  -78.258  22.438 0.0000000000
922  9.250  -79.831  20.528 0.0000000000
955  6.251  -77.000  45.002 0.0000000000
956  5.650  -77.029  45.014 0.0000000000
966  5.882  -77.329  44.429 0.0000000000
971  4.971  -77.546  43.807 0.0000000000
981  5.708  -77.455  41.318 0.0000000000
982  4.687  -77.866  41.181 0.0000000000
1040  5.320  -78.096  35.261 0.0000000000
1044  6.795  -77.254  33.894 0.0000000000
1065  9.936  -76.841  31.943 0.0000000000
1076  13.840  -77.485  30.516 0.0000000000
1094  15.123  -77.107  27.370 0.0000000000
1096  13.664  -77.431  27.678 0.0000000000
1097  12.214  -77.643  27.942 0.0000000000
1104  16.581  -77.626  26.569 0.0000000000
1105  15.801  -77.414  27.029 0.0000000000
1189  4.908  -76.192  43.501 0.0000000000
1193  5.962  -76.297  42.739 0.0000000000
1208  7.693  -75.947  40.717 0.0000000000
1216  7.633  -76.582  39.858 0.0000000000
1252  7.203  -76.611  34.975 0.0000000000
1256  7.362  -76.298  33.523 0.0000000000
1257  7.079  -76.725  34.028 0.0000000000
1287  11.211  -76.084  31.352 0.0000000000
1290  16.204  -75.903  29.904 0.0000000000
1292  14.984  -76.253  30.276 0.0000000000
1316  11.759  -76.844  28.326 0.0000000000
1354  7.273  -76.477  24.537 0.0000000000
1404  7.020  -76.071  45.047 0.0000000000
1406  5.283  -76.230  45.209 0.0000000000
1417  4.946  -76.241  44.994 0.0000000000
1427  4.682  -75.472  44.775 0.0000000000
1428  4.648  -76.336  44.216 0.0000000000
1460  8.540  -75.450  39.707 0.0000000000
1465  9.301  -74.696  38.290 0.0000000000
1471  9.108  -75.040  37.710 0.0000000000
1509  6.488  -75.376  31.715 0.0000000000
1544  15.098  -74.940  28.534 0.0000000000
1550  7.802  -76.405  28.760 0.0000000000
1559  13.908  -75.803  28.305 0.0000000000
1560  8.056  -76.156  28.583 0.0000000000
1572  9.548  -75.659  27.120 0.0000000000
1701  9.046  -74.139  39.420 0.0000000000
1735  9.537  -74.253  33.905 0.0000000000
1742  7.650  -74.940  32.840 0.0000000000
1773  15.196  -74.870  29.784 0.0000000000
1774  14.480  -74.851  29.774 0.0000000000
1775  13.873  -75.204  30.123 0.0000000000
1776  13.083  -75.211  29.865 0.0000000000
1782  16.615  -74.729  29.250 0.0000000000
1783  15.720  -74.602  29.294 0.0000000000
1784  14.957  -74.563  29.318 0.0000000000
1792  16.267  -74.564  28.843 0.0000000000
1795  14.027  -74.949  29.029 0.0000000000
1855  10.023  -74.267  22.549 0.0000000000
1935  9.711  -74.127  38.109 0.0000000000
1983  10.266  -73.415  30.346 0.0000000000
1995  10.658  -73.797  27.530 0.0000000000
2003  10.896  -73.415  26.661 0.0000000000
2094  4.610  -73.207  45.649 0.0000000000
2130  4.883  -72.352  39.096 0.0000000000
2139  10.415  -72.600  38.106 0.0000000000
2205  11.924  -71.855  27.438 0.0000000000
2228  10.341  -72.497  25.304 0.0000000000
2242  7.223  -72.004  23.594 0.0000000000
2386  7.955  -71.119  38.594 0.0000000000
2482  8.803  -71.857  24.499 0.0000000000
2483  7.474  -71.635  23.965 0.0000000000
2653  4.064  -71.991  36.244 0.0000000000
2702  13.116  -69.853  30.293 0.0000000000
2713  13.255  -69.990  28.622 0.0000000000
2763  9.130  -70.475  24.429 0.0000000000
2764  7.772  -70.651  23.781 0.0000000000
2775  7.236  -70.678  23.082 0.0000000000
2989  2.205  -71.434  36.060 0.0000000000
2999  8.775  -69.581  37.014 0.0000000000
3026  13.042  -68.969  34.830 0.0000000000
3039  13.237  -68.849  33.090 0.0000000000
3422  13.477  -68.228  33.730 0.0000000000
3437  14.389  -67.892  30.483 0.0000000000
3449  3.367  -69.920  29.494 0.0000000000
3450  2.659  -69.649  29.250 0.0000000000
3467  13.745  -67.688  27.953 0.0000000000
3485  12.366  -68.575  26.174 0.0000000000
3824  12.051  -68.062  36.069 0.0000000000
3849  14.270  -66.995  31.621 0.0000000000
3860  9.805  -68.215  30.359 0.0000000000
3874  14.436  -67.614  29.699 0.0000000000
3876  9.915  -68.683  29.632 0.0000000000
3891  13.949  -67.287  28.446 0.0000000000
3892  13.419  -67.218  27.864 0.0000000000
3897  6.371  -68.548  28.829 0.0000000000
3917  4.271  -68.842  28.062 0.0000000000
4314  8.975  -66.795  36.309 0.0000000000
4334  13.473  -66.353  34.309 0.0000000000
4340  13.764  -66.776  33.787 0.0000000000
4353  14.257  -66.444  31.244 0.0000000000
4369  14.318  -66.680  30.505 0.0000000000
4370  14.106  -66.457  30.301 0.0000000000
4828  8.893  -65.324  35.958 0.0000000000
4839  12.579  -65.582  34.371 0.0000000000
4862  13.913  -65.849  32.507 0.0000000000
5360  -0.054  -66.344  34.992 0.0000000000
5368  -0.339  -65.439  34.990 0.0000000000
5389  13.020  -65.269  33.911 0.0000000000
5393  8.279  -64.513  35.466 0.0000000000
5401  12.666  -64.986  33.452 0.0000000000
5433  12.579  -65.129  32.224 0.0000000000
5869  8.158  -63.182  38.128 0.0000000000
5957  5.289  -64.096  32.099 0.0000000000
5968  4.169  -64.044  31.293 0.0000000000
6435  6.103  -62.353  38.471 0.0000000000
6451  9.110  -62.592  37.075 0.0000000000
6470  -0.839  -63.641  36.503 0.0000000000
7039  8.272  -61.734  38.213 0.0000000000
7149  -2.481  -61.995  31.300 0.0000000000
7170  -0.367  -61.142  30.658 0.0000000000
7239  -1.839  -60.780  25.785 0.0000000000
7601  8.360  -60.900  38.016 0.0000000000
7614  4.969  -60.697  37.403 0.0000000000
7638  11.241  -60.022  34.988 0.0000000000
7686  4.963  -60.580  31.297 0.0000000000
7720  -2.910  -59.865  30.487 0.0000000000
7721  -2.844  -59.594  29.325 0.0000000000
8260  11.846  -59.260  34.144 0.0000000000
8273  9.547  -59.548  32.553 0.0000000000
8290  6.541  -59.184  31.331 0.0000000000
8305  -2.365  -59.226  30.266 0.0000000000
8323  -2.498  -59.064  29.662 0.0000000000
8332  1.854  -58.871  28.783 0.0000000000
8335  -2.640  -59.275  28.303 0.0000000000
8341  -1.585  -59.498  26.732 0.0000000000
8342  -2.201  -59.835  27.694 0.0000000000
8796  8.365  -58.006  35.253 0.0000000000
8808  11.064  -58.925  35.389 0.0000000000
8812  4.492  -58.952  34.584 0.0000000000
8820  12.089  -58.757  34.532 0.0000000000
8859  8.388  -58.017  31.555 0.0000000000
8869  6.539  -57.916  30.523 0.0000000000
8870  4.850  -58.743  29.908 0.0000000000
8872  -1.694  -58.801  30.524 0.0000000000
8887  -0.727  -58.749  30.431 0.0000000000
8888  -1.896  -58.138  30.237 0.0000000000
8895  1.482  -58.433  28.744 0.0000000000
8896  0.834  -58.285  29.043 0.0000000000
9502  12.175  -57.470  33.950 0.0000000000
9522  9.472  -56.754  31.818 0.0000000000
9565  4.439  -57.292  29.352 0.0000000000
9567  0.025  -57.187  29.780 0.0000000000
9603  -1.434  -57.269  25.872 0.0000000000
10086  9.268  -56.560  39.705 0.0000000000
10160  6.321  -56.165  33.542 0.0000000000
10170  12.106  -56.703  34.134 0.0000000000
10199  9.355  -55.795  31.778 0.0000000000
10214  7.495  -55.885  30.666 0.0000000000
10224  5.338  -56.366  29.746 0.0000000000
10228  -2.049  -56.785  30.175 0.0000000000
10237  -2.696  -57.055  28.513 0.0000000000
10270  -1.426  -56.338  25.912 0.0000000000
10271  -2.211  -56.812  26.484 0.0000000000
10712  8.609  -55.967  40.735 0.0000000000
10713  7.397  -55.770  40.435 0.0000000000
10733  9.687  -55.946  40.002 0.0000000000
10734  7.234  -56.013  39.681 0.0000000000
10745  10.530  -55.899  38.834 0.0000000000
10764  11.736  -55.729  36.783 0.0000000000
10776  7.236  -55.676  35.457 0.0000000000
10795  -2.928  -55.095  33.718 0.0000000000
10819  -2.518  -55.424  32.869 0.0000000000
10840  7.285  -55.097  30.648 0.0000000000
10842  5.524  -55.489  30.054 0.0000000000
10852  2.214  -55.541  29.463 0.0000000000
10901  -1.349  -55.512  25.877 0.0000000000
11280  7.823  -54.193  42.128 0.0000000000
11281  7.177  -54.003  41.897 0.0000000000
11289  6.901  -54.317  41.462 0.0000000000
11293  9.791  -55.018  41.110 0.0000000000
11344  11.743  -55.274  35.497 0.0000000000
11353  22.016  -53.414  33.622 0.0000000000
11376  21.917  -53.675  33.755 0.0000000000
11379  2.336  -54.698  32.307 0.0000000000
11382  -0.948  -54.674  32.153 0.0000000000
11383  -2.012  -54.746  32.598 0.0000000000
11393  9.136  -54.389  32.093 0.0000000000
11403  7.433  -54.403  30.838 0.0000000000
11418  2.439  -54.360  30.285 0.0000000000
11879  8.328  -53.605  42.431 0.0000000000
11881  6.917  -53.344  42.005 0.0000000000
11887  10.030  -53.794  41.824 0.0000000000
11896  6.056  -53.033  40.789 0.0000000000
11906  5.693  -53.348  39.428 0.0000000000
11936  20.467  -52.397  35.785 0.0000000000
11953  20.635  -52.415  35.699 0.0000000000
11970  22.078  -53.164  33.614 0.0000000000
11971  21.786  -52.456  34.181 0.0000000000
11992  21.423  -51.978  33.705 0.0000000000
12013  8.524  -53.332  32.323 0.0000000000
12023  7.530  -53.642  31.175 0.0000000000
12035  5.385  -53.770  30.780 0.0000000000
12039  1.357  -53.509  30.541 0.0000000000
12490  8.880  -52.979  42.508 0.0000000000
12544  3.438  -52.477  37.701 0.0000000000
12546  2.136  -51.688  36.993 0.0000000000
12551  20.362  -52.375  35.816 0.0000000000
12559  3.309  -52.789  36.854 0.0000000000
12567  20.691  -52.409  35.686 0.0000000000
12581  22.072  -52.986  33.662 0.0000000000
12582  21.992  -52.423  33.832 0.0000000000
12593  -0.466  -51.760  33.282 0.0000000000
12598  22.126  -53.334  33.417 0.0000000000
12599  21.974  -52.890  33.440 0.0000000000
12614  22.049  -53.310  33.401 0.0000000000
12621  7.190  -53.101  31.526 0.0000000000
12624  4.097  -52.360  31.658 0.0000000000
12627  1.350  -52.349  31.295 0.0000000000
12632  4.358  -52.989  31.275 0.0000000000
12665  -3.159  -52.398  28.546 0.0000000000
13157  8.390  -51.403  42.306 0.0000000000
13159  7.095  -51.807  42.094 0.0000000000
13168  5.130  -50.993  40.850 0.0000000000
13175  5.193  -51.593  40.660 0.0000000000
13176  4.564  -51.225  40.452 0.0000000000
13177  3.850  -50.880  40.127 0.0000000000
13184  2.795  -50.903  39.245 0.0000000000
13227  0.939  -50.685  35.741 0.0000000000
13260  20.086  -51.005  33.284 0.0000000000
13268  7.099  -52.110  33.843 0.0000000000
13272  -1.613  -51.790  33.244 0.0000000000
13289  3.642  -51.812  32.026 0.0000000000
13292  0.088  -51.432  31.725 0.0000000000
13294  -0.749  -51.750  31.433 0.0000000000
13862  8.410  -50.051  41.764 0.0000000000
13863  7.716  -50.241  41.671 0.0000000000
13864  6.716  -51.045  41.639 0.0000000000
13878  3.189  -50.548  39.742 0.0000000000
13887  2.218  -50.520  38.845 0.0000000000
13888  1.706  -50.178  38.390 0.0000000000
13894  5.159  -49.580  37.973 0.0000000000
13915  21.125  -49.982  34.659 0.0000000000
13924  3.255  -49.999  36.239 0.0000000000
13953  2.713  -50.487  33.661 0.0000000000
13962  15.378  -50.865  32.309 0.0000000000
13979  1.515  -51.021  32.233 0.0000000000
13982  -2.263  -50.111  30.802 0.0000000000
14613  9.014  -49.845  41.780 0.0000000000
14618  10.978  -49.305  41.048 0.0000000000
14620  9.398  -49.376  41.482 0.0000000000
14634  2.712  -49.215  39.707 0.0000000000
14641  1.571  -49.008  38.818 0.0000000000
14653  5.259  -48.992  37.978 0.0000000000
14654  1.324  -49.766  37.791 0.0000000000
14655  0.886  -49.171  37.073 0.0000000000
14665  3.444  -49.210  37.108 0.0000000000
14678  7.140  -48.688  37.123 0.0000000000
14684  22.172  -49.042  33.842 0.0000000000
14686  8.439  -49.005  35.661 0.0000000000
14702  22.185  -49.050  33.233 0.0000000000
14705  10.848  -49.704  32.328 0.0000000000
14726  10.460  -49.221  31.738 0.0000000000
14739  12.616  -49.086  31.184 0.0000000000
15415  7.897  -49.066  41.032 0.0000000000
15425  8.365  -48.378  40.696 0.0000000000
15430  3.770  -48.726  40.085 0.0000000000
15437  1.762  -48.366  39.056 0.0000000000
15475  2.097  -47.825  35.941 0.0000000000
15494  6.549  -47.861  33.555 0.0000000000
15502  8.175  -48.527  31.964 0.0000000000
15509  22.905  -47.757  31.725 0.0000000000
15511  21.437  -48.905  31.693 0.0000000000
15519  7.162  -47.939  31.959 0.0000000000
15535  9.045  -48.119  30.990 0.0000000000
16192  9.047  -48.175  40.621 0.0000000000
16206  6.398  -47.199  39.710 0.0000000000
16209  3.306  -48.054  39.726 0.0000000000
16221  3.844  -47.533  39.591 0.0000000000
16222  2.664  -47.567  39.370 0.0000000000
16264  4.673  -47.450  36.282 0.0000000000
16275  1.332  -47.090  35.320 0.0000000000
16280  5.728  -47.437  33.339 0.0000000000
16291  6.070  -47.339  32.498 0.0000000000
16293  5.033  -46.687  32.789 0.0000000000
16301  7.845  -47.536  31.347 0.0000000000
17013  10.423  -47.729  39.612 0.0000000000
17017  7.148  -46.852  39.623 0.0000000000
17031  5.748  -46.501  39.261 0.0000000000
17035  2.302  -47.115  39.014 0.0000000000
17045  9.032  -46.585  38.548 0.0000000000
17047  1.771  -46.930  38.644 0.0000000000
17061  0.420  -46.164  36.801 0.0000000000
17069  14.000  -46.785  35.379 0.0000000000
17074  9.029  -47.043  34.182 0.0000000000
17081  10.125  -46.396  33.781 0.0000000000
17082  8.264  -46.821  34.179 0.0000000000
17092  9.008  -46.386  33.804 0.0000000000
17099  -1.749  -45.367  34.385 0.0000000000
17106  -1.869  -46.469  33.917 0.0000000000
17147  23.719  -46.163  30.912 0.0000000000
17172  14.545  -46.755  29.415 0.0000000000
17175  11.842  -46.386  29.570 0.0000000000
17879  5.155  -45.986  38.835 0.0000000000
17895  4.702  -45.682  38.426 0.0000000000
17896  3.479  -45.728  38.409 0.0000000000
17942  6.622  -45.627  34.594 0.0000000000
17953  8.648  -45.708  33.917 0.0000000000
17954  7.726  -45.728  34.107 0.0000000000
17955  7.113  -45.220  34.275 0.0000000000
17968  23.759  -45.692  32.965 0.0000000000
17984  24.085  -45.888  32.300 0.0000000000
18002  7.206  -45.168  31.791 0.0000000000
18003  6.448  -45.709  32.059 0.0000000000
18038  22.981  -45.823  29.609 0.0000000000
18045  13.356  -45.561  29.481 0.0000000000
18047  11.615  -45.559  29.725 0.0000000000
18800  2.061  -44.647  36.968 0.0000000000
18818  1.435  -43.677  36.158 0.0000000000
18831  8.328  -44.282  34.771 0.0000000000
18834  5.424  -44.853  34.892 0.0000000000
18892  4.681  -45.148  32.538 0.0000000000
19712  4.299  -43.360  35.522 0.0000000000
19748  5.236  -43.192  32.604 0.0000000000
19826  15.492  -43.381  28.208 0.0000000000
102001  9.509  -82.023  22.265 0.0000000000
102016  8.115  -79.807  22.197 0.0000000000
102017  9.831  -82.075  21.317 0.0000000000
102026  9.414  -81.733  20.944 0.0000000000
102071  -2.713  -63.255  26.119 0.0000000000
102097  19.036  -51.479  35.647 0.0000000000
102099  19.884  -52.111  34.638 0.0000000000
102100  20.197  -52.123  35.286 0.0000000000
102101  21.913  -52.601  33.664 0.0000000000
102332  21.030  -52.002  33.793 0.0000000000
102498  8.857  -82.664  21.588 0.0000000000
102580  8.140  -80.768  21.520 0.0000000000
102626  22.005  -53.030  33.431 0.0000000000
102657  0.636  -68.343  25.675 0.0000000000
102782  10.976  -69.205  36.891 0.0000000000
103979  0.678  -68.487  27.020 0.0000000000
103997  12.031  -81.574  27.244 0.0000000000
104262  5.220  -81.017  34.992 0.0000000000
104356  8.108  -81.814  21.449 0.0000000000
104700  13.267  -75.527  30.340 0.0000000000
104736  7.576  -76.012  24.525 0.0000000000
104753  9.226  -82.428  21.245 0.0000000000
104819  7.106  -50.437  41.576 0.0000000000
105265  20.320  -45.143  34.267 0.0000000000
105348  12.953  -77.804  27.753 0.0000000000
105641  7.060  -47.201  31.730 0.0000000000
105699  8.801  -76.212  29.767 0.0000000000
105701  14.274  -67.384  29.034 0.0000000000
105913  -1.399  -59.365  25.956 0.0000000000
106191  7.179  -52.674  32.180 0.0000000000
106955  9.993  -73.803  34.761 0.0000000000
107299  4.729  -51.641  32.720 0.0000000000
107571  3.781  -78.950  37.939 0.0000000000
108549  13.774  -69.041  28.297 0.0000000000
108605  -2.549  -58.091  28.719 0.0000000000
108773  13.161  -41.568  29.194 0.0000000000
109020  4.799  -82.161  36.997 0.0000000000
109427  4.933  -56.845  29.517 0.0000000000
109813  12.110  -47.131  29.653 0.0000000000
111004  13.457  -67.054  34.426 0.0000000000
111522  1.891  -54.835  29.835 0.0000000000
111763  4.138  -49.232  40.328 0.0000000000
112508  10.522  -44.017  30.917 0.0000000000
112949  5.259  -41.180  32.521 0.0000000000
112950  -3.051  -49.347  29.779 0.0000000000
113007  14.257  -68.341  29.739 0.0000000000
113297  14.325  -76.089  30.467 0.0000000000
113544  5.916  -75.613  42.619 0.0000000000
113722  4.810  -49.410  40.491 0.0000000000
113750  9.333  -52.352  42.369 0.0000000000
113987  9.872  -41.721  31.249 0.0000000000
114121  23.339  -47.629  32.705 0.0000000000
114311  2.199  -45.856  38.300 0.0000000000
114619  6.752  -77.477  38.921 0.0000000000
114891  8.255  -72.960  39.805 0.0000000000
115360  8.836  -68.269  36.244 0.0000000000
115397  7.879  -77.757  29.757 0.0000000000
115452  4.554  -77.881  42.716 0.0000000000
115711  7.261  -81.667  35.146 0.0000000000
115782  8.355  -46.885  30.921 0.0000000000
116142  7.918  -47.753  40.299 0.0000000000
116433  6.705  -82.626  28.048 0.0000000000
116585  21.990  -52.734  33.619 0.0000000000
116614  8.023  -80.008  22.376 0.0000000000
116644  7.823  -79.112  22.688 0.0000000000
116831  3.944  -79.366  39.250 0.0000000000
116957  6.671  -47.929  40.134 0.0000000000
116986  5.097  -81.439  35.285 0.0000000000
117356  15.278  -41.191  25.573 0.0000000000
117645  8.302  -77.484  29.389 0.0000000000
117771  10.704  -82.530  30.477 0.0000000000
117849  4.083  -79.035  36.458 0.0000000000
117886  1.670  -51.345  36.660 0.0000000000
118491  8.165  -56.708  39.565 0.0000000000
118543  0.738  -47.571  37.262 0.0000000000
118565  5.946  -82.969  27.457 0.0000000000
118703  4.858  -82.174  35.998 0.0000000000
118739  16.600  -50.316  31.718 0.0000000000
118749  5.997  -83.059  26.915 0.0000000000
118790  6.644  -66.214  22.662 0.0000000000
118839  12.732  -67.177  35.211 0.0000000000
119109  23.002  -46.376  33.736 0.0000000000
119163  12.261  -48.728  30.844 0.0000000000
119363  12.173  -67.316  26.935 0.0000000000
119498  10.427  -84.230  30.332 0.0000000000
119565  21.304  -51.721  33.807 0.0000000000
119606  6.949  -58.366  35.805 0.0000000000
119627  13.347  -69.689  27.956 0.0000000000
119758  0.401  -53.076  31.002 0.0000000000
119797  9.778  -68.176  36.138 0.0000000000
119819  5.492  -54.241  37.367 0.0000000000
120034  6.892  -81.483  33.947 0.0000000000
120095  5.635  -60.278  37.437 0.0000000000
120331  2.569  -54.951  29.950 0.0000000000
120395  13.717  -65.641  33.048 0.0000000000
120577  10.571  -54.999  38.573 0.0000000000
121179  7.750  -51.389  42.161 0.0000000000
121357  23.758  -45.095  32.854 0.0000000000
121528  7.016  -48.195  33.937 0.0000000000
121809  8.636  -48.854  32.381 0.0000000000
121811  4.113  -73.988  42.608 0.0000000000
121828  -2.736  -57.106  26.902 0.0000000000
121988  20.064  -49.067  31.011 0.0000000000
122010  10.879  -49.953  41.365 0.0000000000
122456  13.773  -43.277  29.738 0.0000000000
122606  10.070  -54.614  39.507 0.0000000000
122989  15.654  -46.966  29.650 0.0000000000
123297  7.101  -69.203  37.012 0.0000000000
123306  -2.130  -58.077  26.940 0.0000000000
123409  4.839  -76.613  44.803 0.0000000000
123496  9.184  -84.162  33.232 0.0000000000
123532  5.437  -50.623  40.945 0.0000000000
123720  7.609  -60.756  32.805 0.0000000000
123732  11.946  -70.849  36.098 0.0000000000
123892  9.984  -73.873  36.814 0.0000000000
124192  9.376  -41.443  31.138 0.0000000000
