#!ascii label  , from subject sub-v1s16x0051180_ses-1 vox2ras=TkReg
4790
51670  24.250  -9.684  53.694 0.0000000000
71126  11.545  20.426  60.378 0.0000000000
60530  9.778  2.648  55.444 0.0000000000
54109  7.842  -5.836  46.406 0.0000000000
47472  34.759  -14.269  54.565 0.0000000000
62124  9.666  5.095  48.055 0.0000000000
59327  44.070  -0.114  32.799 0.0000000000
60071  54.760  1.714  22.899 0.0000000000
56255  17.974  -2.960  53.736 0.0000000000
54861  18.590  -5.520  44.183 0.0000000000
50033  21.360  -11.313  57.823 0.0000000000
54054  17.902  -6.165  54.075 0.0000000000
112539  26.414  -17.364  52.186 0.0000000000
51040  25.204  -10.059  40.736 0.0000000000
73859  8.351  25.891  52.207 0.0000000000
77278  14.288  33.652  49.937 0.0000000000
60517  1.761  2.376  61.041 0.0000000000
59175  2.091  0.721  49.271 0.0000000000
67170  4.629  12.354  54.109 0.0000000000
69297  7.864  17.009  46.762 0.0000000000
56325  40.439  -2.484  45.465 0.0000000000
56439  36.289  -3.684  37.136 0.0000000000
52632  45.131  -8.543  38.745 0.0000000000
50158  9.825  -12.298  48.968 0.0000000000
98717  10.227  -2.609  58.529 0.0000000000
115533  35.293  -11.233  46.755 0.0000000000
53371  33.593  -7.576  44.109 0.0000000000
110300  51.430  4.197  31.816 0.0000000000
54782  20.940  -5.261  53.111 0.0000000000
107910  18.550  -3.194  48.903 0.0000000000
52527  20.483  -8.296  48.831 0.0000000000
53282  26.167  -5.883  59.472 0.0000000000
55454  23.644  -3.139  59.607 0.0000000000
112982  27.031  -13.352  58.541 0.0000000000
114210  21.584  -13.020  61.474 0.0000000000
48309  23.615  -13.418  52.306 0.0000000000
110608  27.103  -18.181  58.711 0.0000000000
50971  22.227  -10.863  46.352 0.0000000000
72080  9.442  23.132  56.611 0.0000000000
108789  10.335  30.295  52.596 0.0000000000
75147  11.800  29.206  56.970 0.0000000000
66558  7.196  11.508  59.477 0.0000000000
64085  4.043  8.205  58.130 0.0000000000
69201  8.438  16.499  57.485 0.0000000000
70190  11.200  18.565  54.530 0.0000000000
54139  38.627  -6.319  42.680 0.0000000000
54876  44.710  -4.844  42.573 0.0000000000
101118  8.886  -11.822  53.759 0.0000000000
96042  15.577  -2.445  60.715 0.0000000000
56241  14.121  -3.630  55.674 0.0000000000
98087  10.852  -0.578  60.342 0.0000000000
60512  9.510  2.436  61.353 0.0000000000
49218  35.509  -13.063  50.918 0.0000000000
49261  30.467  -12.492  47.692 0.0000000000
97800  30.217  -9.316  42.795 0.0000000000
50944  33.655  -10.473  49.925 0.0000000000
52519  36.804  -8.204  50.714 0.0000000000
61404  6.755  3.259  49.113 0.0000000000
56353  3.448  -2.132  43.581 0.0000000000
57082  8.183  -2.007  46.004 0.0000000000
64182  12.677  7.588  45.592 0.0000000000
60901  56.849  3.404  19.534 0.0000000000
57739  14.138  -0.826  54.835 0.0000000000
105733  11.608  3.944  51.968 0.0000000000
58464  14.495  -0.205  49.980 0.0000000000
58515  16.916  0.178  45.884 0.0000000000
58568  19.237  -0.064  41.868 0.0000000000
49136  14.868  -12.353  57.276 0.0000000000
95584  15.144  -11.978  52.961 0.0000000000
51669  20.682  -9.283  54.331 0.0000000000
56203  20.319  -2.841  60.100 0.0000000000
49065  15.065  -13.002  62.527 0.0000000000
44768  30.387  -16.831  52.588 0.0000000000
42433  33.111  -20.971  55.699 0.0000000000
42418  29.502  -21.448  57.624 0.0000000000
111815  21.807  -2.294  40.389 0.0000000000
52613  20.676  -8.309  41.612 0.0000000000
48351  26.011  -14.000  46.139 0.0000000000
77832  7.385  34.560  51.276 0.0000000000
57044  5.536  -3.252  54.335 0.0000000000
56308  3.768  -3.275  49.034 0.0000000000
59142  5.710  0.469  55.415 0.0000000000
62782  7.960  5.152  54.898 0.0000000000
66061  9.193  10.116  52.524 0.0000000000
66659  8.279  11.417  48.181 0.0000000000
68300  8.192  14.378  50.759 0.0000000000
71651  12.541  21.352  49.586 0.0000000000
57810  37.114  0.738  46.509 0.0000000000
58560  32.351  -0.380  41.556 0.0000000000
99504  39.067  -2.172  41.626 0.0000000000
54929  42.691  -4.913  38.320 0.0000000000
114401  50.707  -5.794  35.228 0.0000000000
53452  45.331  -8.229  34.258 0.0000000000
51729  9.513  -9.488  45.463 0.0000000000
52528  15.806  -8.506  49.367 0.0000000000
54801  12.546  -4.938  50.105 0.0000000000
56272  9.510  -3.529  52.443 0.0000000000
58423  4.934  -1.862  60.658 0.0000000000
104592  7.399  6.872  59.721 0.0000000000
55617  25.462  -5.106  41.072 0.0000000000
55591  29.550  -4.532  41.296 0.0000000000
56358  32.407  -2.999  43.383 0.0000000000
54847  36.516  -5.170  44.545 0.0000000000
53342  39.201  -7.285  47.189 0.0000000000
55550  1.328  -4.199  43.953 0.0000000000
66708  8.284  11.506  44.176 0.0000000000
60762  54.163  3.310  28.763 0.0000000000
110900  51.809  -1.741  33.006 0.0000000000
53299  22.457  -7.579  53.346 0.0000000000
53309  20.821  -7.033  51.060 0.0000000000
51679  22.141  -9.063  50.996 0.0000000000
52494  25.056  -7.893  56.273 0.0000000000
54048  23.410  -6.729  55.274 0.0000000000
50056  26.262  -11.297  56.327 0.0000000000
50902  26.939  -9.699  58.253 0.0000000000
50088  24.407  -11.237  53.025 0.0000000000
114358  24.985  -13.787  56.206 0.0000000000
113732  22.996  -10.595  50.175 0.0000000000
71587  9.664  21.863  58.841 0.0000000000
73838  11.048  25.853  55.091 0.0000000000
72996  12.035  24.093  58.387 0.0000000000
68731  9.945  15.493  60.351 0.0000000000
68238  8.464  14.819  58.649 0.0000000000
70168  10.072  18.964  59.184 0.0000000000
70662  10.177  19.273  57.658 0.0000000000
62070  10.207  4.406  57.123 0.0000000000
95898  9.744  -11.490  55.182 0.0000000000
103203  12.670  -0.655  57.444 0.0000000000
57698  12.787  -1.851  60.992 0.0000000000
59131  10.370  0.439  57.522 0.0000000000
61344  9.830  3.279  58.243 0.0000000000
47478  35.556  -14.096  53.512 0.0000000000
110178  34.399  -15.433  51.568 0.0000000000
44782  34.293  -17.045  53.200 0.0000000000
48314  32.111  -13.694  51.790 0.0000000000
50151  31.728  -11.635  48.391 0.0000000000
49219  33.374  -11.856  51.986 0.0000000000
111788  35.442  -10.611  53.255 0.0000000000
111623  6.702  -9.667  44.832 0.0000000000
53363  5.555  -7.579  44.514 0.0000000000
100364  8.457  4.441  48.948 0.0000000000
101741  7.057  1.055  47.758 0.0000000000
98714  9.034  2.183  47.339 0.0000000000
58517  9.597  -0.701  45.652 0.0000000000
108009  10.263  2.875  46.232 0.0000000000
63498  11.326  6.825  47.218 0.0000000000
60883  56.388  2.614  21.259 0.0000000000
57029  15.766  -1.886  54.712 0.0000000000
58454  13.918  -0.456  52.280 0.0000000000
57055  16.014  -1.936  52.174 0.0000000000
55516  18.648  -4.410  47.121 0.0000000000
57072  18.025  -1.878  47.630 0.0000000000
57094  18.413  -2.450  45.580 0.0000000000
58544  18.075  -0.152  43.981 0.0000000000
57143  18.807  -2.443  42.916 0.0000000000
49133  18.369  -12.498  57.627 0.0000000000
97453  18.845  -12.246  55.551 0.0000000000
50915  21.623  -10.594  55.663 0.0000000000
55468  20.477  -3.763  55.454 0.0000000000
55450  22.712  -2.784  60.021 0.0000000000
56232  19.066  -2.802  56.543 0.0000000000
57007  16.383  -2.058  57.078 0.0000000000
49990  21.254  -10.456  61.056 0.0000000000
49062  18.664  -12.240  62.232 0.0000000000
96434  18.610  -12.111  60.452 0.0000000000
49105  14.940  -12.420  60.343 0.0000000000
44770  28.760  -17.580  52.457 0.0000000000
43166  30.383  -19.827  55.230 0.0000000000
43167  27.846  -19.309  55.052 0.0000000000
43862  24.868  -18.499  60.350 0.0000000000
43134  23.471  -19.834  59.281 0.0000000000
55597  19.612  -4.538  41.440 0.0000000000
96794  19.333  -7.215  42.965 0.0000000000
46665  24.185  -14.762  49.064 0.0000000000
48354  23.908  -13.042  46.433 0.0000000000
46663  25.867  -15.600  49.063 0.0000000000
46661  28.414  -15.173  49.405 0.0000000000
74289  8.811  27.591  50.469 0.0000000000
76281  8.010  31.143  49.821 0.0000000000
75172  7.636  29.572  51.313 0.0000000000
107820  12.191  31.581  51.200 0.0000000000
110530  10.576  34.606  51.520 0.0000000000
58428  2.713  -1.895  58.565 0.0000000000
58441  3.580  -1.617  56.340 0.0000000000
59800  3.969  1.258  58.806 0.0000000000
66023  4.776  10.309  56.166 0.0000000000
64082  6.951  7.092  57.292 0.0000000000
106541  7.277  9.595  55.661 0.0000000000
64105  8.797  7.257  54.331 0.0000000000
66585  6.350  11.157  53.767 0.0000000000
66620  4.710  11.570  51.379 0.0000000000
68283  6.653  14.078  52.560 0.0000000000
72099  11.219  22.571  53.187 0.0000000000
71167  12.293  20.094  52.246 0.0000000000
72577  11.275  23.318  51.620 0.0000000000
73468  11.417  25.453  48.914 0.0000000000
115655  39.188  -0.049  46.008 0.0000000000
58532  38.067  0.423  44.552 0.0000000000
57832  40.406  -1.159  44.106 0.0000000000
53394  45.699  -7.509  40.519 0.0000000000
55627  44.783  -4.334  41.090 0.0000000000
54915  46.032  -6.118  39.714 0.0000000000
53444  47.545  -8.403  37.399 0.0000000000
53447  48.596  -8.185  36.391 0.0000000000
52671  45.249  -9.096  36.128 0.0000000000
112527  6.675  -12.505  50.418 0.0000000000
99418  7.179  -12.485  48.127 0.0000000000
50188  10.006  -11.394  46.983 0.0000000000
51680  18.334  -9.221  51.709 0.0000000000
50141  15.252  -11.062  50.794 0.0000000000
54068  17.204  -6.903  51.697 0.0000000000
57009  12.202  -3.087  56.828 0.0000000000
55486  13.702  -3.912  52.663 0.0000000000
96349  11.884  -3.411  54.064 0.0000000000
96734  10.907  -4.268  50.225 0.0000000000
57031  9.999  -2.837  54.851 0.0000000000
57734  7.760  -2.363  55.922 0.0000000000
57708  7.826  -2.251  59.902 0.0000000000
62058  8.565  4.753  60.376 0.0000000000
97796  11.325  11.477  59.937 0.0000000000
54190  23.413  -6.681  39.721 0.0000000000
55619  23.856  -4.552  40.503 0.0000000000
53419  25.467  -7.518  39.496 0.0000000000
103130  32.244  -8.302  43.631 0.0000000000
53397  30.289  -6.782  40.706 0.0000000000
110311  31.600  -5.880  41.214 0.0000000000
56382  31.123  -3.508  42.633 0.0000000000
106113  33.411  -5.169  42.257 0.0000000000
56357  35.198  -3.850  43.222 0.0000000000
54132  35.335  -6.147  44.167 0.0000000000
51699  37.410  -9.655  49.758 0.0000000000
53318  38.359  -7.567  49.222 0.0000000000
101604  36.814  -9.603  46.912 0.0000000000
57063  2.337  -2.145  49.279 0.0000000000
55529  3.379  -3.678  46.238 0.0000000000
57074  1.548  -1.371  46.394 0.0000000000
55603  4.823  -4.755  41.403 0.0000000000
67235  4.466  12.097  47.583 0.0000000000
66686  7.263  10.971  46.102 0.0000000000
68344  5.180  14.255  45.418 0.0000000000
103224  33.651  -2.002  39.349 0.0000000000
58584  29.643  -0.522  39.102 0.0000000000
57885  31.350  -1.729  35.787 0.0000000000
62275  49.452  5.581  32.894 0.0000000000
114564  50.308  4.585  30.696 0.0000000000
95471  53.103  5.167  28.962 0.0000000000
60722  52.818  4.038  30.245 0.0000000000
54973  48.807  -6.390  33.116 0.0000000000
56463  52.143  -4.088  35.049 0.0000000000
55479  19.952  -4.008  53.225 0.0000000000
56280  18.291  -2.954  51.892 0.0000000000
54792  19.935  -4.871  51.198 0.0000000000
54085  19.382  -5.991  48.610 0.0000000000
53346  19.312  -7.211  46.117 0.0000000000
51654  23.413  -8.650  60.033 0.0000000000
52495  23.303  -7.600  57.672 0.0000000000
54760  24.653  -3.990  59.156 0.0000000000
54770  22.317  -4.813  55.959 0.0000000000
45632  24.626  -16.495  60.385 0.0000000000
45627  22.143  -16.298  61.092 0.0000000000
49079  24.560  -12.880  60.502 0.0000000000
50896  24.112  -9.494  61.179 0.0000000000
113273  24.245  -15.982  52.686 0.0000000000
43899  25.875  -17.845  54.911 0.0000000000
45662  24.715  -16.254  55.468 0.0000000000
45640  26.802  -15.987  58.890 0.0000000000
108991  19.924  -8.519  45.356 0.0000000000
51712  21.015  -9.540  47.144 0.0000000000
49232  23.367  -12.614  49.470 0.0000000000
72555  9.182  24.297  54.599 0.0000000000
74710  8.134  28.413  52.581 0.0000000000
74259  8.421  27.035  55.768 0.0000000000
75156  11.154  29.245  54.485 0.0000000000
75159  13.814  29.702  52.980 0.0000000000
107966  4.366  7.844  60.431 0.0000000000
111614  2.777  5.761  59.554 0.0000000000
66016  4.649  10.103  59.459 0.0000000000
67156  5.096  12.585  57.721 0.0000000000
68252  6.876  14.807  55.784 0.0000000000
68762  8.463  15.470  54.255 0.0000000000
69693  10.161  17.764  56.205 0.0000000000
71599  10.912  21.408  55.679 0.0000000000
114078  40.431  -5.412  45.341 0.0000000000
56338  43.231  -3.211  44.517 0.0000000000
54866  41.653  -5.257  42.766 0.0000000000
54163  41.817  -6.363  40.748 0.0000000000
49207  9.128  -12.381  51.703 0.0000000000
56223  17.136  -3.884  58.848 0.0000000000
110578  15.943  -4.597  54.928 0.0000000000
97459  15.237  -3.558  59.650 0.0000000000
56210  12.622  -3.408  61.538 0.0000000000
56973  10.763  -1.923  61.843 0.0000000000
57694  8.812  -1.500  61.486 0.0000000000
59123  9.937  0.983  61.121 0.0000000000
49243  34.890  -12.682  48.615 0.0000000000
48337  33.116  -14.142  47.160 0.0000000000
47501  33.595  -14.597  48.872 0.0000000000
100784  28.486  -11.806  44.351 0.0000000000
51024  27.932  -10.085  41.791 0.0000000000
50216  30.039  -11.106  44.760 0.0000000000
50978  31.997  -10.189  46.175 0.0000000000
51718  33.350  -9.271  46.746 0.0000000000
52535  35.272  -7.958  47.528 0.0000000000
111309  34.986  -9.210  49.751 0.0000000000
50121  36.815  -9.749  52.516 0.0000000000
96853  3.565  2.333  48.729 0.0000000000
58489  2.008  0.914  46.604 0.0000000000
58487  4.714  0.375  47.201 0.0000000000
98859  5.716  -2.289  45.376 0.0000000000
55560  6.835  -4.079  42.922 0.0000000000
64847  13.509  8.384  44.124 0.0000000000
71211  9.591  20.633  46.197 0.0000000000
111523  5.556  18.393  45.738 0.0000000000
71684  6.816  21.847  45.288 0.0000000000
60701  49.930  3.301  34.434 0.0000000000
58445  11.659  -0.074  54.810 0.0000000000
61370  10.628  3.503  53.659 0.0000000000
59159  11.856  1.105  52.810 0.0000000000
97523  12.655  1.504  51.043 0.0000000000
60580  13.734  2.471  48.615 0.0000000000
57058  17.069  -1.944  49.966 0.0000000000
58477  15.671  -0.215  48.285 0.0000000000
59871  14.749  2.341  46.827 0.0000000000
104069  16.353  2.198  44.621 0.0000000000
60619  17.734  2.777  42.814 0.0000000000
105869  19.907  2.088  41.387 0.0000000000
95831  12.113  -11.551  55.332 0.0000000000
109439  15.037  -12.351  55.345 0.0000000000
50109  19.162  -10.969  53.049 0.0000000000
54052  19.297  -6.819  54.673 0.0000000000
53291  21.830  -6.876  56.702 0.0000000000
54764  20.789  -5.340  57.651 0.0000000000
55464  18.540  -4.741  57.821 0.0000000000
97711  17.391  -2.715  60.070 0.0000000000
101767  14.851  -1.287  57.168 0.0000000000
95764  19.459  -16.120  61.647 0.0000000000
46618  32.228  -15.521  53.220 0.0000000000
44755  34.782  -17.522  55.554 0.0000000000
43895  33.112  -18.588  55.850 0.0000000000
41643  31.657  -22.084  56.938 0.0000000000
43145  28.005  -20.154  57.885 0.0000000000
59910  21.861  1.032  40.771 0.0000000000
58579  20.322  -0.979  40.874 0.0000000000
114416  20.966  -5.579  40.454 0.0000000000
51794  22.591  -9.337  40.608 0.0000000000
51758  21.213  -9.858  43.700 0.0000000000
50231  23.500  -11.648  43.421 0.0000000000
49304  25.425  -12.196  43.577 0.0000000000
48340  28.523  -13.571  46.904 0.0000000000
47487  30.510  -14.559  50.650 0.0000000000
76749  8.684  32.272  51.698 0.0000000000
109844  6.887  -3.603  50.910 0.0000000000
55513  6.017  -4.168  47.944 0.0000000000
56277  4.452  -3.378  52.397 0.0000000000
105457  2.385  -1.787  53.007 0.0000000000
59160  3.721  0.783  53.005 0.0000000000
106567  5.466  4.015  58.435 0.0000000000
61357  6.871  3.018  56.047 0.0000000000
60552  5.662  2.231  52.885 0.0000000000
61377  7.447  3.749  52.231 0.0000000000
62815  8.671  5.363  51.790 0.0000000000
64148  9.985  7.117  50.625 0.0000000000
64796  11.005  8.865  49.394 0.0000000000
66631  9.009  11.212  50.892 0.0000000000
67213  4.201  11.779  49.071 0.0000000000
68322  8.394  14.684  48.474 0.0000000000
69242  10.113  16.076  52.671 0.0000000000
69749  11.580  17.292  50.432 0.0000000000
70251  11.513  18.702  47.550 0.0000000000
72143  11.828  22.825  47.102 0.0000000000
58491  34.070  0.246  47.656 0.0000000000
58537  31.521  0.170  43.297 0.0000000000
58535  34.254  0.882  43.878 0.0000000000
57845  35.737  -0.937  41.608 0.0000000000
56426  37.846  -3.337  39.338 0.0000000000
57146  41.815  -2.622  42.272 0.0000000000
56423  40.459  -3.637  39.805 0.0000000000
55646  39.157  -4.535  37.427 0.0000000000
55660  41.270  -5.239  36.055 0.0000000000
57203  46.904  -2.449  33.106 0.0000000000
54963  48.515  -5.660  34.763 0.0000000000
54218  47.975  -7.480  34.043 0.0000000000
109795  44.933  -6.882  32.336 0.0000000000
61658  56.393  3.905  23.903 0.0000000000
70157  12.796  18.610  60.899 0.0000000000
72067  13.898  22.358  59.742 0.0000000000
103446  6.998  -11.155  45.715 0.0000000000
53356  8.685  -7.282  45.625 0.0000000000
50097  12.184  -11.631  53.394 0.0000000000
101697  12.655  -11.571  51.131 0.0000000000
115289  12.564  -11.220  48.929 0.0000000000
54794  15.249  -5.260  51.686 0.0000000000
54080  14.411  -6.417  49.224 0.0000000000
99596  12.734  -9.456  47.150 0.0000000000
53347  11.264  -7.381  46.710 0.0000000000
54813  10.170  -5.200  48.453 0.0000000000
55505  8.810  -4.203  49.408 0.0000000000
56262  7.261  -3.340  53.299 0.0000000000
57720  5.487  -2.460  57.727 0.0000000000
59121  2.264  -0.520  61.313 0.0000000000
104703  6.975  0.172  60.928 0.0000000000
60515  5.472  2.771  60.707 0.0000000000
62051  5.005  4.967  60.656 0.0000000000
99175  7.545  9.295  59.493 0.0000000000
97376  10.849  13.108  60.137 0.0000000000
43187  32.818  -19.354  53.296 0.0000000000
101434  23.442  0.074  41.296 0.0000000000
56364  25.617  -3.646  43.558 0.0000000000
53417  27.626  -7.444  39.633 0.0000000000
108258  27.288  -5.150  40.979 0.0000000000
56363  26.911  -4.637  44.129 0.0000000000
56342  29.186  -3.871  44.807 0.0000000000
56341  30.474  -3.216  45.151 0.0000000000
57090  32.650  -1.770  47.143 0.0000000000
57826  34.788  -1.352  45.050 0.0000000000
110806  36.472  -2.548  44.125 0.0000000000
55544  38.581  -3.402  44.967 0.0000000000
53343  36.299  -6.849  47.024 0.0000000000
54818  38.525  -5.490  47.793 0.0000000000
55521  40.096  -5.172  47.023 0.0000000000
54120  39.279  -6.584  45.292 0.0000000000
53375  36.861  -7.697  42.840 0.0000000000
73823  13.226  26.813  57.466 0.0000000000
75691  14.410  30.221  56.602 0.0000000000
54844  4.485  -5.106  45.322 0.0000000000
57134  1.144  -2.092  43.515 0.0000000000
100482  11.566  9.757  47.614 0.0000000000
66124  11.850  10.966  45.374 0.0000000000
100941  12.164  11.096  43.749 0.0000000000
68859  6.519  15.130  43.833 0.0000000000
67255  9.030  13.129  42.585 0.0000000000
59250  28.430  0.370  41.165 0.0000000000
62319  54.422  4.999  26.965 0.0000000000
60834  54.553  2.284  25.291 0.0000000000
57900  49.128  -1.425  33.847 0.0000000000
59304  50.360  0.438  34.282 0.0000000000
97532  51.378  0.143  32.437 0.0000000000
58655  50.063  -0.421  30.749 0.0000000000
59995  51.895  1.077  30.828 0.0000000000
60008  52.033  1.501  29.016 0.0000000000
60045  52.108  1.019  25.891 0.0000000000
102578  23.316  -8.389  53.695 0.0000000000
52511  21.999  -8.120  52.023 0.0000000000
51672  23.031  -9.335  52.148 0.0000000000
51666  24.593  -9.344  54.499 0.0000000000
52502  23.581  -8.153  54.285 0.0000000000
50913  25.568  -10.159  55.067 0.0000000000
51662  25.915  -9.762  55.832 0.0000000000
50918  24.478  -10.495  53.396 0.0000000000
50071  25.301  -11.165  54.520 0.0000000000
51677  23.363  -9.940  51.827 0.0000000000
103562  10.325  21.637  59.738 0.0000000000
109080  10.442  23.791  58.671 0.0000000000
72531  11.985  22.893  59.299 0.0000000000
70159  11.198  18.506  60.971 0.0000000000
69681  10.364  17.506  60.203 0.0000000000
70655  10.788  19.832  60.081 0.0000000000
70657  10.255  19.905  59.338 0.0000000000
61355  9.670  3.287  56.002 0.0000000000
62771  10.731  5.507  55.627 0.0000000000
62081  10.208  4.129  54.918 0.0000000000
59135  11.049  0.234  56.046 0.0000000000
58436  10.985  -0.139  57.004 0.0000000000
59803  10.037  1.181  56.342 0.0000000000
59804  9.681  1.772  56.730 0.0000000000
47471  35.244  -14.279  54.342 0.0000000000
46616  35.385  -14.956  54.397 0.0000000000
45676  35.251  -15.550  54.468 0.0000000000
47480  32.817  -14.011  52.883 0.0000000000
48320  32.369  -12.980  51.538 0.0000000000
48312  34.092  -12.745  53.758 0.0000000000
49190  34.908  -12.403  54.144 0.0000000000
53357  7.845  -7.219  45.296 0.0000000000
52568  6.813  -8.235  44.612 0.0000000000
105039  6.910  -6.129  45.605 0.0000000000
62125  9.081  4.766  48.617 0.0000000000
60591  8.473  2.656  47.772 0.0000000000
61410  9.333  3.963  47.651 0.0000000000
60596  9.662  2.305  46.785 0.0000000000
62140  9.971  4.275  47.089 0.0000000000
62139  10.529  4.766  46.548 0.0000000000
63499  10.639  6.185  47.599 0.0000000000
59982  42.185  0.993  34.003 0.0000000000
59956  43.481  1.879  34.600 0.0000000000
59309  44.534  0.615  33.220 0.0000000000
60082  55.466  1.742  21.556 0.0000000000
57038  17.236  -2.606  54.125 0.0000000000
57050  15.960  -2.027  53.019 0.0000000000
57049  16.770  -2.354  52.515 0.0000000000
55536  18.551  -4.611  45.434 0.0000000000
99287  18.519  -3.812  45.814 0.0000000000
56347  18.506  -3.944  44.926 0.0000000000
57131  18.586  -2.347  43.883 0.0000000000
56365  18.618  -4.047  43.425 0.0000000000
49116  20.089  -12.052  57.958 0.0000000000
49131  20.011  -12.158  56.955 0.0000000000
50049  21.341  -11.359  56.894 0.0000000000
56245  19.350  -3.503  54.825 0.0000000000
56238  19.690  -3.321  56.008 0.0000000000
56247  17.910  -2.854  54.767 0.0000000000
57017  17.575  -2.550  55.867 0.0000000000
50016  21.470  -10.684  59.427 0.0000000000
49992  19.562  -11.602  60.804 0.0000000000
49100  20.188  -11.680  59.114 0.0000000000
95494  18.718  -12.341  59.147 0.0000000000
99178  27.098  -17.552  52.173 0.0000000000
43910  28.434  -18.571  53.552 0.0000000000
43912  26.625  -18.087  53.552 0.0000000000
43863  23.835  -18.416  60.591 0.0000000000
106784  24.254  -19.538  60.219 0.0000000000
55574  18.796  -4.697  42.770 0.0000000000
54136  18.765  -6.310  43.834 0.0000000000
45740  25.104  -16.061  50.740 0.0000000000
46678  24.780  -15.170  48.963 0.0000000000
45712  26.348  -16.599  51.144 0.0000000000
45711  27.250  -16.646  51.129 0.0000000000
73865  8.719  26.385  51.457 0.0000000000
74716  7.767  28.856  50.757 0.0000000000
105947  7.674  27.614  51.540 0.0000000000
76757  13.113  32.505  50.541 0.0000000000
115391  12.013  34.617  50.858 0.0000000000
78368  13.270  35.580  50.525 0.0000000000
59130  1.479  -0.926  59.945 0.0000000000
104952  3.065  0.390  59.120 0.0000000000
59796  2.470  1.335  59.563 0.0000000000
67162  4.687  12.161  55.398 0.0000000000
65449  5.382  10.208  55.795 0.0000000000
66045  5.289  11.188  54.867 0.0000000000
65456  7.704  9.987  54.828 0.0000000000
66586  5.093  11.471  53.951 0.0000000000
66597  4.325  11.790  52.908 0.0000000000
67748  5.556  13.754  53.588 0.0000000000
73029  9.699  24.252  53.071 0.0000000000
107984  10.977  23.429  52.255 0.0000000000
73037  9.938  24.545  52.213 0.0000000000
101683  10.372  25.206  50.903 0.0000000000
57104  39.926  -1.411  45.278 0.0000000000
57808  39.675  -0.565  45.197 0.0000000000
57806  40.745  -1.328  45.017 0.0000000000
52618  44.834  -8.300  39.666 0.0000000000
53392  46.527  -6.585  40.646 0.0000000000
53427  46.730  -7.601  39.363 0.0000000000
54193  46.751  -7.522  39.011 0.0000000000
97220  47.063  -8.680  37.592 0.0000000000
99811  46.650  -9.107  36.791 0.0000000000
52661  45.564  -9.183  36.999 0.0000000000
100546  7.730  -12.474  51.234 0.0000000000
114448  7.003  -12.508  51.012 0.0000000000
49234  8.674  -12.472  49.817 0.0000000000
49248  8.442  -12.435  48.825 0.0000000000
95532  9.981  -11.907  47.962 0.0000000000
54063  18.164  -6.972  52.858 0.0000000000
52518  17.803  -8.858  51.164 0.0000000000
54064  17.457  -6.586  52.533 0.0000000000
57010  11.479  -2.759  56.654 0.0000000000
56244  12.116  -3.155  55.387 0.0000000000
57020  11.320  -2.772  55.611 0.0000000000
57030  10.763  -2.904  54.784 0.0000000000
115046  10.312  -2.595  56.852 0.0000000000
57003  9.096  -2.483  56.845 0.0000000000
112055  9.434  -2.547  58.534 0.0000000000
50197  35.254  -10.869  45.939 0.0000000000
49283  34.175  -12.020  45.915 0.0000000000
51804  23.928  -8.818  39.687 0.0000000000
54189  24.210  -6.708  39.664 0.0000000000
51802  25.660  -8.746  39.662 0.0000000000
52576  32.909  -7.977  43.899 0.0000000000
53377  32.198  -7.322  42.475 0.0000000000
113980  32.831  -7.116  42.804 0.0000000000
55587  32.688  -5.161  41.830 0.0000000000
54141  33.418  -6.581  42.768 0.0000000000
54860  34.592  -5.707  43.001 0.0000000000
53370  34.309  -7.128  44.322 0.0000000000
50959  36.230  -10.695  47.922 0.0000000000
102324  36.803  -10.013  48.434 0.0000000000
50968  35.816  -10.617  46.857 0.0000000000
99121  35.763  -10.269  46.030 0.0000000000
58466  2.146  -0.451  49.947 0.0000000000
57067  1.923  -1.709  47.456 0.0000000000
57766  1.646  -0.037  48.117 0.0000000000
68827  7.099  14.812  47.432 0.0000000000
112045  5.070  12.747  46.504 0.0000000000
69299  6.113  16.074  46.380 0.0000000000
56435  35.004  -3.021  38.002 0.0000000000
98342  32.977  -2.322  37.911 0.0000000000
56442  33.947  -2.834  36.892 0.0000000000
62274  50.477  5.519  32.690 0.0000000000
61548  51.300  5.003  31.561 0.0000000000
61572  51.767  4.837  30.788 0.0000000000
61547  51.931  3.955  31.132 0.0000000000
54985  46.397  -5.680  31.622 0.0000000000
55697  48.887  -5.211  32.382 0.0000000000
55478  20.329  -4.610  52.772 0.0000000000
55483  19.809  -4.111  52.426 0.0000000000
54786  20.556  -5.211  52.351 0.0000000000
53314  20.552  -7.432  50.146 0.0000000000
54077  20.123  -6.913  49.684 0.0000000000
53321  19.910  -7.092  48.979 0.0000000000
54094  19.275  -6.331  47.656 0.0000000000
52538  19.814  -7.859  47.336 0.0000000000
53280  25.314  -5.874  60.006 0.0000000000
53283  24.677  -5.459  59.944 0.0000000000
54753  25.359  -4.791  59.611 0.0000000000
54050  22.158  -6.156  54.180 0.0000000000
54775  22.548  -5.675  55.197 0.0000000000
54776  21.872  -5.322  54.656 0.0000000000
55473  20.863  -4.261  54.625 0.0000000000
47390  26.004  -14.391  60.035 0.0000000000
47391  24.927  -14.342  60.327 0.0000000000
49078  26.117  -12.906  59.889 0.0000000000
52488  26.892  -8.502  58.611 0.0000000000
50894  26.127  -10.183  59.765 0.0000000000
52485  26.029  -7.366  59.856 0.0000000000
52483  24.159  -8.333  60.486 0.0000000000
46621  23.619  -15.043  52.642 0.0000000000
46599  24.137  -15.847  53.776 0.0000000000
47455  23.766  -14.818  54.157 0.0000000000
48287  26.383  -13.253  57.699 0.0000000000
47421  25.585  -14.541  57.112 0.0000000000
47409  26.816  -14.506  58.651 0.0000000000
45631  25.795  -16.131  60.098 0.0000000000
52537  20.165  -8.503  47.018 0.0000000000
51704  20.776  -8.940  48.376 0.0000000000
101705  23.603  -11.741  51.083 0.0000000000
50139  23.300  -11.625  49.724 0.0000000000
48315  23.493  -13.541  51.297 0.0000000000
47489  23.554  -14.506  51.069 0.0000000000
72548  9.340  24.374  55.702 0.0000000000
73017  8.146  25.228  55.419 0.0000000000
73436  9.038  24.581  56.091 0.0000000000
74253  10.803  27.582  57.252 0.0000000000
74697  10.361  28.669  55.952 0.0000000000
95656  11.686  29.321  55.163 0.0000000000
75165  12.904  29.942  52.773 0.0000000000
75155  12.585  29.575  54.874 0.0000000000
97151  6.165  10.177  59.878 0.0000000000
64704  4.366  8.654  60.278 0.0000000000
66559  6.510  11.467  59.359 0.0000000000
68242  7.763  15.274  58.069 0.0000000000
67713  6.565  13.360  58.472 0.0000000000
68243  7.211  14.784  57.718 0.0000000000
67722  6.020  13.730  56.710 0.0000000000
68745  8.106  15.986  56.760 0.0000000000
68753  8.685  16.157  55.865 0.0000000000
69200  8.917  16.982  57.157 0.0000000000
112222  9.970  21.508  57.341 0.0000000000
101337  10.449  19.768  56.909 0.0000000000
71600  10.192  22.171  56.027 0.0000000000
72092  10.430  22.938  54.598 0.0000000000
54857  40.242  -5.552  44.159 0.0000000000
100993  40.919  -5.274  43.484 0.0000000000
114719  7.753  -11.602  54.398 0.0000000000
96091  8.040  -11.790  53.871 0.0000000000
50133  9.698  -12.215  52.306 0.0000000000
56206  16.848  -3.071  60.813 0.0000000000
56225  15.784  -3.688  58.912 0.0000000000
95834  15.592  -3.213  61.225 0.0000000000
112464  11.499  -0.907  60.546 0.0000000000
56195  13.000  -2.972  62.829 0.0000000000
57692  11.389  -2.029  61.992 0.0000000000
56979  11.416  -2.537  61.639 0.0000000000
57693  10.798  -1.485  61.940 0.0000000000
99717  10.197  -1.014  62.124 0.0000000000
59127  10.047  0.464  59.874 0.0000000000
49229  35.432  -12.700  49.953 0.0000000000
48330  34.301  -13.427  48.531 0.0000000000
47492  34.667  -14.206  50.515 0.0000000000
45734  32.953  -16.796  50.762 0.0000000000
45759  32.568  -16.629  49.901 0.0000000000
49286  29.409  -12.239  45.640 0.0000000000
50217  29.286  -11.494  44.560 0.0000000000
49273  30.310  -12.314  46.964 0.0000000000
50149  32.886  -10.951  49.430 0.0000000000
50962  31.855  -10.798  46.999 0.0000000000
50961  32.525  -10.438  47.543 0.0000000000
51719  32.694  -9.653  46.431 0.0000000000
51702  33.832  -9.682  48.438 0.0000000000
98394  34.242  -9.129  47.971 0.0000000000
50943  34.221  -9.789  49.565 0.0000000000
49202  36.089  -12.029  52.910 0.0000000000
50122  36.049  -10.377  52.997 0.0000000000
50135  36.422  -11.084  52.485 0.0000000000
50148  36.228  -11.758  50.669 0.0000000000
60584  5.330  2.630  49.004 0.0000000000
59867  3.626  2.092  48.046 0.0000000000
59858  5.605  2.224  48.546 0.0000000000
58498  7.355  -0.856  46.942 0.0000000000
58499  6.450  -0.787  47.009 0.0000000000
57098  6.766  -2.538  45.554 0.0000000000
56370  6.302  -3.679  43.561 0.0000000000
56350  7.759  -3.465  44.429 0.0000000000
55559  7.899  -4.259  43.019 0.0000000000
56349  8.488  -3.331  44.421 0.0000000000
99396  10.397  0.057  44.959 0.0000000000
57816  9.773  -1.821  44.608 0.0000000000
64181  13.270  8.089  44.916 0.0000000000
71682  9.891  22.037  45.847 0.0000000000
71223  7.698  21.173  45.689 0.0000000000
60689  48.920  3.541  35.430 0.0000000000
58444  12.535  -0.339  54.527 0.0000000000
59144  11.915  0.221  53.987 0.0000000000
58451  12.809  -0.166  53.632 0.0000000000
58458  14.412  -0.655  51.486 0.0000000000
59162  13.253  0.515  51.429 0.0000000000
98134  13.472  0.873  50.417 0.0000000000
59848  13.560  1.873  49.388 0.0000000000
59172  14.282  0.476  49.535 0.0000000000
110733  18.539  -3.055  50.288 0.0000000000
101582  17.890  -2.477  50.119 0.0000000000
109087  18.370  -2.809  49.457 0.0000000000
57783  17.190  -0.682  46.912 0.0000000000
57772  16.968  -0.766  47.528 0.0000000000
59199  16.270  0.206  46.834 0.0000000000
59200  15.225  0.930  47.417 0.0000000000
59877  15.756  1.512  45.902 0.0000000000
60599  15.779  2.238  45.286 0.0000000000
59221  16.722  1.076  45.063 0.0000000000
58556  18.699  -0.154  42.606 0.0000000000
59240  17.828  1.299  43.308 0.0000000000
59896  18.644  1.374  42.211 0.0000000000
59905  19.276  1.467  41.675 0.0000000000
49148  13.564  -11.878  57.097 0.0000000000
49158  13.623  -11.885  56.131 0.0000000000
49146  15.177  -12.383  56.257 0.0000000000
50917  20.655  -10.618  54.569 0.0000000000
50075  18.965  -11.672  54.001 0.0000000000
50920  20.343  -10.021  53.944 0.0000000000
51673  19.415  -9.887  52.852 0.0000000000
52505  20.303  -8.536  54.253 0.0000000000
54034  23.424  -4.448  59.515 0.0000000000
53290  22.552  -7.325  56.979 0.0000000000
54035  22.924  -4.328  59.398 0.0000000000
56220  21.815  -2.660  59.918 0.0000000000
54758  21.665  -4.240  58.982 0.0000000000
55457  20.879  -3.917  58.953 0.0000000000
54765  19.712  -5.517  57.043 0.0000000000
112530  19.538  -3.415  59.701 0.0000000000
56214  18.868  -3.182  59.954 0.0000000000
56204  19.443  -2.899  60.063 0.0000000000
113938  15.665  -1.715  55.964 0.0000000000
57008  16.066  -1.984  57.512 0.0000000000
57733  14.169  -0.872  55.685 0.0000000000
58438  13.351  -0.682  56.081 0.0000000000
110132  21.558  -14.349  61.174 0.0000000000
45629  20.145  -16.585  61.351 0.0000000000
48245  20.244  -14.170  61.916 0.0000000000
49063  17.043  -12.948  62.420 0.0000000000
47378  17.043  -15.038  62.562 0.0000000000
47379  15.756  -14.204  62.610 0.0000000000
97086  15.103  -14.648  61.385 0.0000000000
98581  14.031  -14.085  61.883 0.0000000000
48246  13.549  -13.292  62.077 0.0000000000
49119  14.813  -12.376  58.345 0.0000000000
110798  13.356  -12.237  60.450 0.0000000000
49120  13.874  -12.100  58.955 0.0000000000
50035  12.533  -11.625  58.657 0.0000000000
45689  31.219  -16.252  52.815 0.0000000000
44757  33.416  -17.026  55.197 0.0000000000
44758  31.103  -17.544  53.720 0.0000000000
115499  29.616  -20.493  55.990 0.0000000000
42434  31.449  -20.423  56.313 0.0000000000
41644  31.036  -22.047  57.138 0.0000000000
43880  26.282  -17.865  56.792 0.0000000000
43886  26.858  -18.753  55.995 0.0000000000
115422  27.101  -18.665  58.039 0.0000000000
59246  20.036  0.464  41.187 0.0000000000
58567  19.672  -0.664  41.430 0.0000000000
54883  19.937  -5.958  41.197 0.0000000000
54910  20.046  -5.077  40.959 0.0000000000
54152  20.489  -6.689  40.920 0.0000000000
53400  21.582  -7.674  40.413 0.0000000000
51795  21.812  -9.129  40.989 0.0000000000
109290  20.865  -9.596  45.691 0.0000000000
99494  20.763  -9.526  44.318 0.0000000000
109751  21.689  -10.415  45.022 0.0000000000
48353  24.584  -13.527  46.306 0.0000000000
50219  23.425  -11.844  44.121 0.0000000000
48373  24.789  -12.884  44.803 0.0000000000
50230  24.078  -11.896  43.259 0.0000000000
48371  26.176  -12.908  44.850 0.0000000000
49289  26.993  -13.006  45.140 0.0000000000
48350  27.045  -13.947  46.421 0.0000000000
45735  29.642  -15.837  51.251 0.0000000000
46660  29.173  -15.033  49.863 0.0000000000
46639  30.352  -15.601  51.509 0.0000000000
110247  31.658  -15.058  52.286 0.0000000000
77290  7.497  33.198  50.630 0.0000000000
109602  9.565  29.695  52.730 0.0000000000
75718  8.482  30.776  51.988 0.0000000000
75717  9.694  30.879  52.206 0.0000000000
56263  6.204  -3.343  53.443 0.0000000000
56293  6.056  -3.602  50.856 0.0000000000
56264  5.230  -3.360  53.637 0.0000000000
59143  4.778  -0.539  55.953 0.0000000000
57741  2.382  -2.172  55.076 0.0000000000
58452  3.104  -0.456  54.252 0.0000000000
58457  2.660  -0.516  52.587 0.0000000000
115492  5.188  0.607  54.473 0.0000000000
63416  3.458  6.949  58.789 0.0000000000
104745  3.902  4.994  58.899 0.0000000000
63415  4.415  6.482  58.477 0.0000000000
63423  7.730  5.921  56.251 0.0000000000
62066  7.236  4.547  56.742 0.0000000000
61356  7.300  3.781  55.552 0.0000000000
60547  6.651  2.539  53.878 0.0000000000
60546  7.204  3.297  53.748 0.0000000000
61378  6.913  3.277  52.291 0.0000000000
95743  7.700  4.026  53.600 0.0000000000
64764  9.436  8.461  53.191 0.0000000000
63462  9.023  6.296  52.892 0.0000000000
114523  9.625  7.389  52.104 0.0000000000
63471  9.506  6.434  50.893 0.0000000000
64778  10.204  8.786  51.456 0.0000000000
65485  10.190  9.572  50.933 0.0000000000
66071  9.178  10.728  51.727 0.0000000000
67778  5.250  12.798  50.474 0.0000000000
66635  4.125  11.850  49.895 0.0000000000
67789  4.948  12.586  49.601 0.0000000000
68323  7.452  14.186  48.872 0.0000000000
68312  8.339  14.450  49.231 0.0000000000
69220  10.225  16.754  54.117 0.0000000000
68772  9.023  15.550  53.547 0.0000000000
69717  10.763  17.296  53.768 0.0000000000
102756  12.534  20.221  51.219 0.0000000000
70218  11.830  18.087  51.445 0.0000000000
70237  12.431  18.608  49.704 0.0000000000
105001  11.687  17.553  48.569 0.0000000000
70726  12.469  19.751  48.638 0.0000000000
71200  12.173  20.682  47.755 0.0000000000
107218  12.370  22.199  48.142 0.0000000000
74292  10.111  27.660  49.196 0.0000000000
73875  11.388  26.131  48.268 0.0000000000
58505  35.604  1.077  47.062 0.0000000000
59214  34.231  1.310  46.127 0.0000000000
59224  36.076  1.863  46.111 0.0000000000
57842  38.190  -1.204  42.450 0.0000000000
57837  36.186  -0.301  42.649 0.0000000000
57150  37.354  -1.964  41.161 0.0000000000
57157  36.093  -2.013  40.508 0.0000000000
95696  37.768  -2.389  40.648 0.0000000000
55552  44.106  -3.735  43.927 0.0000000000
57135  43.250  -2.743  43.837 0.0000000000
56375  44.422  -3.568  43.301 0.0000000000
54917  43.562  -4.709  39.190 0.0000000000
55610  42.697  -3.724  40.481 0.0000000000
55637  41.566  -4.398  38.715 0.0000000000
55631  40.072  -4.008  39.024 0.0000000000
55645  41.220  -4.842  37.958 0.0000000000
55653  40.379  -5.086  36.363 0.0000000000
54936  41.954  -5.075  37.635 0.0000000000
53451  46.785  -8.340  34.710 0.0000000000
53458  49.039  -7.912  35.262 0.0000000000
53460  45.886  -7.792  33.737 0.0000000000
54219  46.439  -7.346  33.361 0.0000000000
112201  44.485  -7.522  33.353 0.0000000000
54232  42.193  -6.633  32.465 0.0000000000
61369  11.070  3.495  52.957 0.0000000000
50189  8.503  -11.154  45.987 0.0000000000
97539  7.615  -11.526  46.196 0.0000000000
50984  8.090  -10.305  45.371 0.0000000000
51730  7.915  -9.524  44.991 0.0000000000
53355  9.308  -7.935  45.568 0.0000000000
50076  13.928  -12.051  54.297 0.0000000000
95829  12.644  -11.662  53.974 0.0000000000
96305  13.793  -11.733  52.714 0.0000000000
51690  16.127  -9.747  49.983 0.0000000000
50142  14.458  -11.254  50.826 0.0000000000
50154  14.154  -11.139  50.001 0.0000000000
96617  11.883  -11.649  50.203 0.0000000000
50954  14.299  -10.063  48.723 0.0000000000
56240  14.961  -3.919  55.384 0.0000000000
54785  15.621  -4.880  53.130 0.0000000000
55481  14.651  -4.021  53.675 0.0000000000
96346  12.853  -4.171  51.379 0.0000000000
54799  14.217  -5.341  50.439 0.0000000000
54081  13.612  -6.130  48.973 0.0000000000
52540  13.391  -8.367  47.501 0.0000000000
54096  12.906  -7.098  47.701 0.0000000000
52548  12.221  -8.387  46.776 0.0000000000
54088  12.276  -6.305  48.032 0.0000000000
56282  10.386  -3.682  51.368 0.0000000000
54807  10.508  -4.894  49.089 0.0000000000
55504  9.509  -4.336  49.482 0.0000000000
54814  9.285  -5.043  48.458 0.0000000000
95547  9.138  -3.712  50.752 0.0000000000
96102  8.478  -3.661  50.845 0.0000000000
56273  8.699  -3.479  52.600 0.0000000000
57709  6.520  -2.318  58.933 0.0000000000
57014  6.799  -2.521  56.279 0.0000000000
57710  4.994  -2.448  58.512 0.0000000000
57703  2.709  -2.138  60.406 0.0000000000
58416  4.444  -1.555  61.030 0.0000000000
59117  9.173  0.831  61.823 0.0000000000
59118  8.278  0.102  61.499 0.0000000000
59789  8.451  1.927  61.218 0.0000000000
63409  8.338  6.138  59.786 0.0000000000
60514  6.952  2.804  60.622 0.0000000000
62049  6.838  4.282  60.378 0.0000000000
113926  5.224  3.651  60.679 0.0000000000
62745  6.235  5.808  60.166 0.0000000000
64073  6.435  7.732  60.002 0.0000000000
64709  8.103  8.512  59.398 0.0000000000
67145  10.603  12.327  59.881 0.0000000000
67703  11.711  13.753  60.368 0.0000000000
68729  11.737  15.268  60.745 0.0000000000
43175  34.329  -19.078  55.666 0.0000000000
43906  34.054  -18.827  54.528 0.0000000000
43176  33.467  -19.719  54.600 0.0000000000
106040  21.935  -1.050  40.440 0.0000000000
59245  22.479  0.767  40.848 0.0000000000
107754  22.617  -1.090  40.553 0.0000000000
55618  24.683  -4.801  40.819 0.0000000000
56418  24.056  -3.039  40.956 0.0000000000
56409  24.632  -3.458  41.539 0.0000000000
111925  25.223  -2.629  43.010 0.0000000000
55572  25.618  -4.441  42.358 0.0000000000
51765  29.483  -9.624  42.471 0.0000000000
52610  27.755  -8.503  39.993 0.0000000000
110267  29.198  -8.118  40.625 0.0000000000
55613  29.994  -5.114  40.850 0.0000000000
54902  28.590  -5.672  40.395 0.0000000000
55592  28.563  -4.504  41.463 0.0000000000
55570  26.801  -4.721  42.665 0.0000000000
56384  28.460  -4.043  42.411 0.0000000000
56362  27.894  -4.408  44.336 0.0000000000
107517  29.320  -3.739  42.605 0.0000000000
56381  31.997  -3.569  42.566 0.0000000000
56360  30.635  -3.128  43.713 0.0000000000
57128  32.099  -2.505  44.617 0.0000000000
57108  32.060  -2.317  46.206 0.0000000000
57107  32.734  -2.094  45.828 0.0000000000
57106  33.291  -1.953  45.418 0.0000000000
57126  33.783  -2.229  44.292 0.0000000000
55555  35.522  -4.620  43.455 0.0000000000
113265  35.562  -2.835  43.656 0.0000000000
55546  36.945  -3.723  44.212 0.0000000000
56340  37.891  -2.975  44.565 0.0000000000
54846  37.377  -4.827  45.062 0.0000000000
97658  36.182  -7.955  49.314 0.0000000000
53335  35.821  -7.390  47.352 0.0000000000
97176  37.268  -7.100  49.337 0.0000000000
53332  39.245  -7.277  48.111 0.0000000000
54083  39.058  -6.184  49.097 0.0000000000
54090  39.971  -6.160  48.102 0.0000000000
54828  39.338  -5.450  47.408 0.0000000000
53341  40.076  -6.309  47.568 0.0000000000
54111  39.708  -6.461  46.424 0.0000000000
99778  39.235  -7.040  46.546 0.0000000000
72534  14.065  23.818  59.044 0.0000000000
56314  5.075  -3.836  47.917 0.0000000000
54834  5.802  -4.942  46.423 0.0000000000
55520  4.778  -3.928  47.178 0.0000000000
55540  1.629  -3.517  44.661 0.0000000000
54852  3.111  -5.458  44.438 0.0000000000
57803  2.371  -0.398  45.096 0.0000000000
57804  1.596  -0.647  44.796 0.0000000000
57117  2.238  -1.517  43.634 0.0000000000
66106  10.172  10.877  48.987 0.0000000000
65517  11.327  9.520  48.374 0.0000000000
98202  10.404  10.939  48.270 0.0000000000
66693  7.783  11.004  45.297 0.0000000000
112277  9.788  11.423  45.939 0.0000000000
66691  9.987  11.370  45.216 0.0000000000
66127  12.235  10.886  44.665 0.0000000000
101740  9.796  11.528  43.926 0.0000000000
69317  5.526  16.893  44.931 0.0000000000
68354  8.394  14.584  42.484 0.0000000000
58549  31.756  -0.110  42.397 0.0000000000
58551  29.830  -0.259  42.229 0.0000000000
96536  30.704  -0.427  40.911 0.0000000000
62298  53.578  5.207  29.100 0.0000000000
61607  54.720  4.171  27.832 0.0000000000
61618  55.382  4.017  26.252 0.0000000000
60793  54.477  2.440  26.955 0.0000000000
56465  48.515  -3.923  34.051 0.0000000000
57202  47.977  -2.190  33.407 0.0000000000
57201  49.243  -2.574  34.059 0.0000000000
57217  52.395  -2.731  34.484 0.0000000000
57889  52.172  -2.247  35.032 0.0000000000
58637  51.988  -1.446  34.015 0.0000000000
59303  51.307  -0.108  33.837 0.0000000000
59323  51.635  -0.806  33.332 0.0000000000
106079  50.002  0.360  29.639 0.0000000000
59333  51.649  0.642  30.848 0.0000000000
59339  51.024  0.768  29.858 0.0000000000
60002  52.554  1.658  30.066 0.0000000000
60009  50.948  0.967  28.984 0.0000000000
59363  52.220  0.917  24.965 0.0000000000
54056  21.828  -6.456  53.382 0.0000000000
54067  20.761  -6.338  51.589 0.0000000000
53304  21.706  -7.394  52.333 0.0000000000
53313  21.131  -7.936  50.675 0.0000000000
51687  21.537  -8.822  50.289 0.0000000000
53288  26.003  -7.002  57.839 0.0000000000
53289  25.155  -6.704  57.121 0.0000000000
53292  24.432  -7.023  56.141 0.0000000000
53297  23.431  -7.419  54.698 0.0000000000
49130  26.699  -12.234  57.703 0.0000000000
115345  27.007  -12.064  58.617 0.0000000000
50906  26.975  -10.725  57.650 0.0000000000
51656  26.710  -9.291  57.409 0.0000000000
100679  23.956  -12.760  52.962 0.0000000000
48298  24.353  -13.461  54.637 0.0000000000
49162  24.605  -12.522  54.397 0.0000000000
49151  25.594  -12.159  55.931 0.0000000000
50938  21.768  -9.532  49.627 0.0000000000
51686  22.282  -9.573  50.447 0.0000000000
50124  23.684  -11.150  51.514 0.0000000000
72076  9.337  22.976  57.630 0.0000000000
73014  11.046  25.191  55.169 0.0000000000
73003  10.030  24.327  57.784 0.0000000000
73002  10.933  24.871  57.368 0.0000000000
115443  11.817  27.268  57.386 0.0000000000
67708  8.763  13.478  59.587 0.0000000000
67709  7.876  13.201  59.316 0.0000000000
68733  9.441  15.862  59.646 0.0000000000
68735  8.782  16.055  58.872 0.0000000000
69685  9.316  17.544  58.571 0.0000000000
70172  9.737  18.056  58.035 0.0000000000
70660  10.014  19.551  58.586 0.0000000000
101649  9.837  21.082  58.193 0.0000000000
96906  38.075  -6.532  42.077 0.0000000000
54881  38.873  -6.030  41.744 0.0000000000
50063  7.392  -11.474  55.844 0.0000000000
50079  9.280  -11.627  54.356 0.0000000000
57705  13.914  -1.481  59.124 0.0000000000
56989  14.454  -2.086  60.496 0.0000000000
57706  13.026  -1.250  59.369 0.0000000000
58426  11.464  -0.608  59.219 0.0000000000
59126  10.326  0.173  58.633 0.0000000000
59132  9.858  0.994  58.381 0.0000000000
105748  9.685  1.665  57.635 0.0000000000
61347  9.750  3.492  57.070 0.0000000000
48311  35.676  -13.488  52.806 0.0000000000
47485  34.446  -14.886  51.010 0.0000000000
47479  35.071  -14.851  52.409 0.0000000000
45733  33.873  -16.134  51.494 0.0000000000
44783  33.180  -17.594  52.063 0.0000000000
49231  30.961  -12.795  49.323 0.0000000000
49260  31.150  -12.137  47.997 0.0000000000
49230  31.610  -12.454  49.737 0.0000000000
112076  32.220  -12.157  50.291 0.0000000000
113746  33.341  -10.905  50.247 0.0000000000
50935  33.993  -10.659  51.167 0.0000000000
50123  34.847  -11.133  53.435 0.0000000000
49189  35.358  -12.116  53.924 0.0000000000
61403  7.467  3.552  48.880 0.0000000000
59857  6.771  2.053  48.276 0.0000000000
59856  7.694  2.375  48.074 0.0000000000
59189  7.902  0.842  47.516 0.0000000000
58497  8.220  -0.686  46.763 0.0000000000
57801  8.875  -1.799  45.673 0.0000000000
102586  9.436  -0.178  46.228 0.0000000000
59201  10.160  1.046  45.856 0.0000000000
61425  10.651  3.373  45.805 0.0000000000
62138  11.050  4.975  45.821 0.0000000000
113571  11.628  6.734  46.572 0.0000000000
60704  46.816  2.114  34.289 0.0000000000
60892  56.608  2.765  20.212 0.0000000000
57738  14.787  -1.187  54.593 0.0000000000
58450  13.625  -0.515  53.625 0.0000000000
108006  14.909  -1.223  53.067 0.0000000000
57746  15.394  -1.533  52.522 0.0000000000
114785  15.607  -1.359  50.931 0.0000000000
105323  18.699  -4.236  48.008 0.0000000000
57064  18.310  -2.634  48.649 0.0000000000
56313  18.478  -3.065  47.245 0.0000000000
57781  18.227  -1.897  46.218 0.0000000000
57798  17.944  -1.043  45.604 0.0000000000
58514  17.456  -0.168  45.346 0.0000000000
57814  18.254  -1.228  44.760 0.0000000000
57840  18.684  -1.614  43.221 0.0000000000
57839  19.032  -1.734  42.351 0.0000000000
49135  16.840  -12.572  57.215 0.0000000000
95822  16.333  -12.517  56.296 0.0000000000
49144  18.314  -12.430  56.293 0.0000000000
50059  20.497  -11.603  55.602 0.0000000000
50916  21.238  -10.248  54.991 0.0000000000
107673  23.202  -3.142  58.937 0.0000000000
55455  22.998  -2.779  60.016 0.0000000000
56230  21.546  -2.813  58.624 0.0000000000
56231  20.126  -2.931  57.448 0.0000000000
57004  19.544  -2.563  57.989 0.0000000000
56994  18.845  -2.443  58.397 0.0000000000
57006  17.882  -2.386  57.278 0.0000000000
57019  15.984  -1.951  55.400 0.0000000000
49983  21.636  -11.499  61.596 0.0000000000
49060  20.341  -12.756  62.019 0.0000000000
49984  20.630  -11.474  61.717 0.0000000000
49071  18.371  -11.912  61.946 0.0000000000
49084  16.866  -12.427  61.515 0.0000000000
49085  15.641  -12.508  61.127 0.0000000000
101205  16.618  -12.492  60.554 0.0000000000
101204  16.431  -12.584  58.984 0.0000000000
45690  29.691  -16.832  52.155 0.0000000000
44759  30.135  -17.833  53.348 0.0000000000
43922  29.145  -18.118  53.124 0.0000000000
43180  28.777  -19.093  54.270 0.0000000000
43154  28.733  -20.023  55.603 0.0000000000
44714  26.526  -17.820  59.432 0.0000000000
101044  27.137  -19.788  59.382 0.0000000000
43126  25.852  -19.603  59.857 0.0000000000
42401  24.962  -20.713  59.756 0.0000000000
57851  19.441  -2.245  41.651 0.0000000000
106313  19.173  -3.992  42.059 0.0000000000
109199  19.518  -6.068  41.769 0.0000000000
53385  19.742  -7.351  42.235 0.0000000000
49262  23.355  -12.653  47.633 0.0000000000
107960  23.003  -11.874  46.414 0.0000000000
47518  23.887  -13.851  47.862 0.0000000000
102894  25.079  -14.526  47.450 0.0000000000
99249  25.745  -14.616  47.322 0.0000000000
47516  27.482  -14.542  47.654 0.0000000000
46662  27.372  -15.549  49.252 0.0000000000
45736  28.812  -15.996  50.934 0.0000000000
74293  9.307  27.876  49.837 0.0000000000
75730  8.520  30.508  49.386 0.0000000000
74719  8.162  29.158  50.148 0.0000000000
75726  7.606  30.979  50.541 0.0000000000
76751  7.595  32.401  51.181 0.0000000000
76267  11.425  31.478  51.554 0.0000000000
102181  10.795  32.186  51.458 0.0000000000
77269  11.449  33.642  51.047 0.0000000000
57016  4.536  -2.621  56.466 0.0000000000
57026  3.414  -2.790  55.995 0.0000000000
58433  3.816  -1.738  57.163 0.0000000000
59139  4.557  -0.561  56.599 0.0000000000
59806  5.363  0.652  56.788 0.0000000000
65439  4.292  9.868  56.939 0.0000000000
64084  4.746  7.727  58.000 0.0000000000
64726  5.710  8.791  57.048 0.0000000000
64725  6.942  8.634  56.725 0.0000000000
63429  8.039  6.702  55.875 0.0000000000
64095  8.471  6.953  55.132 0.0000000000
64733  8.239  8.503  55.458 0.0000000000
65455  8.427  9.539  54.459 0.0000000000
66053  8.512  10.462  53.208 0.0000000000
66607  7.390  11.262  52.100 0.0000000000
66609  5.031  11.462  52.319 0.0000000000
67767  4.593  12.547  51.733 0.0000000000
67756  6.594  13.814  51.766 0.0000000000
71616  11.827  21.005  53.894 0.0000000000
70682  11.967  19.594  52.999 0.0000000000
104459  11.985  21.291  52.984 0.0000000000
71637  11.835  22.134  51.844 0.0000000000
72115  12.037  22.303  50.881 0.0000000000
72592  12.051  23.476  49.581 0.0000000000
73046  11.005  24.802  50.390 0.0000000000
73466  10.480  26.074  50.014 0.0000000000
57105  38.047  0.554  46.149 0.0000000000
58520  37.557  1.129  46.366 0.0000000000
58519  38.438  0.573  45.914 0.0000000000
57834  38.845  -0.730  43.581 0.0000000000
57137  39.518  -1.826  42.452 0.0000000000
54146  45.425  -5.630  42.036 0.0000000000
55584  45.410  -4.981  42.040 0.0000000000
54145  46.097  -5.581  41.729 0.0000000000
99423  45.554  -5.475  40.017 0.0000000000
54927  44.843  -5.612  38.803 0.0000000000
54934  43.906  -5.433  37.704 0.0000000000
54933  44.867  -5.987  37.890 0.0000000000
54205  46.461  -6.925  37.403 0.0000000000
54210  46.854  -7.004  36.769 0.0000000000
54209  48.077  -7.610  36.499 0.0000000000
54203  48.102  -8.374  36.692 0.0000000000
52670  47.161  -8.879  36.409 0.0000000000
52680  44.913  -8.643  35.090 0.0000000000
62110  12.246  4.076  50.812 0.0000000000
63476  12.710  6.255  50.470 0.0000000000
49250  6.785  -12.535  48.822 0.0000000000
98024  8.755  -12.088  47.512 0.0000000000
50975  9.499  -10.934  46.220 0.0000000000
50125  17.388  -11.181  51.999 0.0000000000
50113  15.744  -11.566  52.111 0.0000000000
97168  17.348  -10.461  51.288 0.0000000000
52522  17.207  -8.649  50.594 0.0000000000
51695  16.539  -8.417  50.009 0.0000000000
56242  13.368  -3.480  56.050 0.0000000000
56256  13.951  -3.746  53.927 0.0000000000
100638  12.835  -3.431  55.307 0.0000000000
56258  12.309  -3.537  53.378 0.0000000000
55492  12.382  -3.810  51.915 0.0000000000
55502  11.593  -4.661  50.034 0.0000000000
56281  11.650  -3.670  52.125 0.0000000000
56271  10.349  -3.524  52.679 0.0000000000
95479  9.848  -3.433  53.316 0.0000000000
57041  8.628  -3.256  53.980 0.0000000000
57013  8.837  -2.458  56.050 0.0000000000
112967  7.827  -2.293  57.420 0.0000000000
95589  6.994  -2.104  60.300 0.0000000000
62048  8.944  3.987  60.733 0.0000000000
62752  9.453  5.346  60.400 0.0000000000
64071  8.773  7.774  59.530 0.0000000000
99135  8.589  9.231  59.373 0.0000000000
65424  10.320  9.758  59.533 0.0000000000
110552  31.490  -21.680  53.878 0.0000000000
54908  22.506  -5.242  40.161 0.0000000000
101668  22.970  -2.936  40.448 0.0000000000
54907  23.388  -5.262  40.169 0.0000000000
54906  24.247  -5.367  40.301 0.0000000000
54921  25.524  -6.167  39.936 0.0000000000
52579  30.823  -9.069  43.140 0.0000000000
96523  30.241  -8.214  41.535 0.0000000000
52595  30.916  -7.724  41.733 0.0000000000
54169  30.926  -6.179  40.893 0.0000000000
55612  30.672  -5.094  41.000 0.0000000000
56406  29.906  -3.986  41.834 0.0000000000
55589  31.251  -4.695  41.359 0.0000000000
56403  32.284  -4.072  42.047 0.0000000000
56380  32.842  -3.700  42.512 0.0000000000
57139  34.067  -3.010  43.178 0.0000000000
55566  34.240  -4.966  42.636 0.0000000000
54859  35.300  -5.549  43.606 0.0000000000
54848  35.828  -5.700  44.332 0.0000000000
51691  37.751  -9.023  50.487 0.0000000000
53319  37.866  -7.231  49.892 0.0000000000
103115  37.935  -8.836  49.693 0.0000000000
51698  37.737  -9.032  48.443 0.0000000000
99777  37.831  -8.589  46.912 0.0000000000
52543  37.571  -8.559  46.015 0.0000000000
100409  36.611  -9.525  46.086 0.0000000000
57062  3.022  -2.865  49.699 0.0000000000
56320  3.926  -3.658  46.942 0.0000000000
57066  3.027  -2.847  48.079 0.0000000000
57086  2.158  -2.478  46.462 0.0000000000
56336  1.462  -2.616  45.226 0.0000000000
56372  4.046  -2.894  43.000 0.0000000000
55604  3.786  -4.741  41.501 0.0000000000
103479  5.673  11.238  47.564 0.0000000000
66675  8.137  11.340  47.040 0.0000000000
66688  4.802  11.795  46.589 0.0000000000
66695  5.664  11.616  45.142 0.0000000000
67243  5.812  12.110  44.447 0.0000000000
57867  33.236  -1.438  39.875 0.0000000000
58572  30.781  -0.564  40.064 0.0000000000
57871  31.994  -1.495  38.984 0.0000000000
57878  30.612  -1.396  37.297 0.0000000000
59269  28.960  0.099  36.099 0.0000000000
61588  51.530  4.745  30.384 0.0000000000
110218  53.100  4.888  29.676 0.0000000000
60742  53.669  4.085  29.396 0.0000000000
54961  50.509  -6.202  34.309 0.0000000000
56456  51.175  -4.323  35.090 0.0000000000
55696  50.060  -5.479  33.364 0.0000000000
56487  50.969  -4.237  33.321 0.0000000000
57233  49.916  -2.765  32.023 0.0000000000
59351  49.419  0.383  27.354 0.0000000000
56254  18.690  -3.297  53.312 0.0000000000
56267  18.125  -2.962  52.842 0.0000000000
56266  18.822  -3.341  52.458 0.0000000000
55489  19.243  -3.749  51.125 0.0000000000
55494  19.266  -4.545  49.765 0.0000000000
54796  20.097  -5.555  50.852 0.0000000000
54802  19.534  -5.566  49.502 0.0000000000
55501  18.900  -4.386  48.855 0.0000000000
54820  18.809  -5.018  47.562 0.0000000000
54105  18.863  -5.817  46.443 0.0000000000
54114  18.773  -6.004  45.631 0.0000000000
50903  22.949  -9.450  59.151 0.0000000000
51658  22.990  -9.607  57.615 0.0000000000
52492  23.764  -7.923  58.417 0.0000000000
102570  24.210  -5.005  59.773 0.0000000000
54756  23.941  -3.501  59.899 0.0000000000
54037  24.246  -4.981  57.737 0.0000000000
54768  23.641  -4.942  57.254 0.0000000000
55460  23.066  -3.917  57.755 0.0000000000
111322  21.294  -4.057  55.712 0.0000000000
55474  20.116  -3.911  54.167 0.0000000000
44709  23.227  -17.795  60.795 0.0000000000
44710  22.280  -17.804  60.920 0.0000000000
45626  22.991  -16.428  60.883 0.0000000000
47393  23.187  -14.432  60.661 0.0000000000
48248  23.314  -12.943  60.955 0.0000000000
49099  26.655  -11.880  59.345 0.0000000000
104464  24.218  -11.851  60.830 0.0000000000
49988  23.167  -10.978  61.298 0.0000000000
50897  22.283  -9.801  61.257 0.0000000000
51653  22.667  -9.132  60.529 0.0000000000
45691  25.200  -16.728  52.014 0.0000000000
43913  25.721  -17.701  53.923 0.0000000000
44761  24.968  -17.080  53.617 0.0000000000
44742  25.109  -16.926  55.457 0.0000000000
45655  25.824  -16.685  57.087 0.0000000000
103062  24.452  -14.764  55.589 0.0000000000
45648  25.502  -15.926  56.862 0.0000000000
44721  26.718  -16.757  58.685 0.0000000000
109007  26.085  -17.059  59.844 0.0000000000
99616  25.205  -17.084  60.206 0.0000000000
100261  19.003  -6.977  44.400 0.0000000000
53354  19.382  -7.694  45.118 0.0000000000
51721  20.695  -9.353  46.273 0.0000000000
50964  21.652  -10.131  47.173 0.0000000000
50946  21.979  -10.022  49.167 0.0000000000
108863  22.327  -10.696  48.421 0.0000000000
50162  22.980  -11.840  47.935 0.0000000000
102112  23.428  -13.313  48.886 0.0000000000
46654  23.803  -15.189  50.803 0.0000000000
73030  8.923  24.692  53.719 0.0000000000
105552  7.815  26.739  52.726 0.0000000000
115712  8.004  26.337  53.416 0.0000000000
74275  8.673  27.653  54.084 0.0000000000
108696  10.039  29.059  53.750 0.0000000000
111794  9.132  26.473  56.337 0.0000000000
74698  9.631  28.212  55.534 0.0000000000
75167  11.249  30.068  52.951 0.0000000000
75707  12.008  30.375  52.535 0.0000000000
75714  12.994  30.739  51.571 0.0000000000
76276  14.338  31.574  50.597 0.0000000000
62748  2.839  5.594  60.489 0.0000000000
62054  2.396  4.635  60.167 0.0000000000
114131  2.998  6.874  60.194 0.0000000000
64715  3.427  8.085  59.629 0.0000000000
65431  3.943  9.358  58.812 0.0000000000
67151  7.048  12.918  59.057 0.0000000000
66563  5.161  11.573  58.665 0.0000000000
66021  4.204  10.481  57.488 0.0000000000
66569  4.716  12.116  57.199 0.0000000000
104638  5.390  13.693  55.978 0.0000000000
67728  5.324  13.873  55.243 0.0000000000
68261  6.361  14.399  54.194 0.0000000000
108322  7.765  15.289  54.713 0.0000000000
69213  9.432  16.508  55.371 0.0000000000
69698  10.380  17.586  55.364 0.0000000000
107759  10.366  19.013  56.909 0.0000000000
70665  10.717  19.179  56.084 0.0000000000
70669  11.213  19.772  55.321 0.0000000000
71607  11.439  21.229  54.863 0.0000000000
72564  10.020  23.639  54.202 0.0000000000
55532  40.952  -4.306  45.635 0.0000000000
57088  41.621  -2.606  45.021 0.0000000000
55542  42.272  -4.221  44.670 0.0000000000
55553  43.301  -4.215  44.141 0.0000000000
110651  42.699  -5.176  42.712 0.0000000000
54896  41.249  -5.831  41.240 0.0000000000
54147  44.115  -5.705  42.003 0.0000000000
54179  44.167  -7.094  40.759 0.0000000000
52619  43.478  -8.310  39.431 0.0000000000
52633  43.760  -8.699  38.774 0.0000000000
52662  43.460  -9.492  36.997 0.0000000000
49208  8.331  -12.414  51.841 0.0000000000
49224  9.356  -12.413  50.949 0.0000000000
55469  16.806  -4.966  56.030 0.0000000000
54780  16.762  -5.291  54.419 0.0000000000
55466  16.248  -4.449  56.618 0.0000000000
55471  15.493  -4.037  56.336 0.0000000000
56234  14.430  -3.626  57.015 0.0000000000
56199  14.349  -2.984  62.238 0.0000000000
56209  13.785  -3.428  61.559 0.0000000000
56228  13.253  -3.505  57.962 0.0000000000
56990  12.420  -3.380  58.645 0.0000000000
56991  11.680  -3.193  59.338 0.0000000000
112541  10.530  -2.678  59.551 0.0000000000
57700  9.064  -2.090  61.100 0.0000000000
101499  9.591  -1.367  62.028 0.0000000000
59116  9.672  0.941  61.699 0.0000000000
60511  9.936  2.368  61.351 0.0000000000
59798  9.882  1.353  59.945 0.0000000000
60518  10.203  2.996  60.387 0.0000000000
49257  35.284  -11.929  48.076 0.0000000000
49259  34.073  -12.898  47.179 0.0000000000
48336  34.296  -12.987  47.930 0.0000000000
47513  33.340  -14.392  48.020 0.0000000000
46646  33.681  -15.567  50.383 0.0000000000
46672  32.675  -15.763  48.760 0.0000000000
51012  26.738  -11.042  42.403 0.0000000000
51039  26.609  -9.910  40.931 0.0000000000
51010  28.207  -10.638  42.762 0.0000000000
51002  29.332  -10.659  43.664 0.0000000000
51001  30.065  -10.442  44.049 0.0000000000
50183  31.140  -11.312  46.743 0.0000000000
50979  31.318  -10.543  45.652 0.0000000000
51742  30.795  -9.973  44.253 0.0000000000
51740  32.186  -9.243  44.849 0.0000000000
52555  32.869  -8.871  45.140 0.0000000000
52554  33.525  -8.445  45.439 0.0000000000
52553  34.204  -7.988  45.763 0.0000000000
51710  34.052  -8.912  47.130 0.0000000000
52532  34.837  -8.791  48.387 0.0000000000
52525  36.394  -8.140  50.353 0.0000000000
50934  35.001  -9.866  51.863 0.0000000000
51676  36.522  -8.895  52.091 0.0000000000
51675  37.064  -9.012  51.821 0.0000000000
50942  36.988  -10.276  50.387 0.0000000000
50147  36.402  -11.168  49.803 0.0000000000
111510  2.854  2.210  49.098 0.0000000000
58479  1.607  1.094  48.084 0.0000000000
59193  2.634  1.738  47.477 0.0000000000
104807  2.716  0.547  46.330 0.0000000000
57802  3.930  -1.012  45.462 0.0000000000
58486  5.956  -0.065  47.353 0.0000000000
57085  5.215  -1.625  45.849 0.0000000000
57099  4.577  -1.846  45.079 0.0000000000
56371  5.192  -3.399  43.318 0.0000000000
56393  5.783  -3.939  42.738 0.0000000000
103748  13.735  8.121  42.746 0.0000000000
69780  8.945  17.930  46.746 0.0000000000
69782  6.738  17.702  46.439 0.0000000000
70743  7.300  19.406  46.222 0.0000000000
55657  37.062  -3.974  36.008 0.0000000000
98853  34.838  -3.275  35.603 0.0000000000
108186  49.945  6.098  34.159 0.0000000000
60708  50.316  3.709  33.454 0.0000000000
59146  10.503  1.226  54.886 0.0000000000
60529  10.094  2.717  54.693 0.0000000000
59810  10.862  1.327  54.130 0.0000000000
60545  10.933  2.678  53.235 0.0000000000
60550  11.592  2.643  52.107 0.0000000000
109253  12.783  0.184  52.908 0.0000000000
59831  12.290  1.576  51.584 0.0000000000
60558  11.931  2.649  51.410 0.0000000000
105554  12.523  3.494  50.299 0.0000000000
60571  13.293  2.893  49.216 0.0000000000
61409  13.819  3.857  47.898 0.0000000000
113817  17.413  -2.515  51.715 0.0000000000
57748  16.327  -1.761  50.700 0.0000000000
57754  15.699  -1.191  50.182 0.0000000000
57759  17.478  -1.665  48.578 0.0000000000
57765  16.200  -0.804  48.635 0.0000000000
58471  14.854  -0.053  49.266 0.0000000000
59187  14.789  1.049  48.086 0.0000000000
60588  14.295  2.597  47.488 0.0000000000
61408  14.194  3.878  47.187 0.0000000000
61428  16.420  3.694  43.897 0.0000000000
59882  17.356  1.253  44.009 0.0000000000
60611  17.037  2.979  43.429 0.0000000000
61434  17.131  4.000  43.270 0.0000000000
62166  18.659  4.340  42.342 0.0000000000
62171  20.867  4.038  41.951 0.0000000000
95908  10.580  -11.440  56.322 0.0000000000
50061  12.299  -11.537  56.211 0.0000000000
50077  13.607  -11.936  55.093 0.0000000000
49167  15.473  -12.366  54.473 0.0000000000
49155  16.960  -12.478  55.494 0.0000000000
49175  17.292  -12.201  53.899 0.0000000000
50093  16.968  -11.929  53.123 0.0000000000
50925  18.506  -10.588  52.261 0.0000000000
53305  19.085  -8.197  53.004 0.0000000000
54053  18.570  -6.513  54.376 0.0000000000
51661  22.750  -9.460  56.746 0.0000000000
52499  22.221  -8.358  56.156 0.0000000000
53295  21.130  -7.969  55.394 0.0000000000
54763  22.234  -4.626  58.938 0.0000000000
54040  21.010  -5.925  57.006 0.0000000000
53296  20.700  -7.294  55.540 0.0000000000
54046  19.572  -6.462  55.490 0.0000000000
54772  19.165  -5.863  55.960 0.0000000000
54773  18.334  -5.758  55.563 0.0000000000
55458  17.594  -4.392  58.018 0.0000000000
56215  17.615  -3.223  60.014 0.0000000000
56975  17.052  -2.944  60.773 0.0000000000
96067  17.353  -2.382  59.139 0.0000000000
56996  16.548  -2.202  58.485 0.0000000000
56998  15.534  -1.992  59.142 0.0000000000
57727  13.391  -0.773  57.093 0.0000000000
58440  11.513  -0.120  55.530 0.0000000000
44705  20.752  -17.212  61.159 0.0000000000
47375  19.464  -14.070  62.189 0.0000000000
49087  13.378  -12.612  61.444 0.0000000000
46617  33.357  -15.008  54.046 0.0000000000
97197  34.720  -15.715  55.089 0.0000000000
45678  34.239  -16.288  55.195 0.0000000000
44749  34.030  -17.851  56.005 0.0000000000
43151  33.838  -19.577  56.142 0.0000000000
43896  31.746  -18.789  55.161 0.0000000000
43153  32.422  -20.315  56.454 0.0000000000
41642  32.700  -21.305  56.424 0.0000000000
43168  27.022  -18.798  55.135 0.0000000000
43156  27.646  -19.485  55.988 0.0000000000
42419  28.682  -20.826  57.773 0.0000000000
42412  29.195  -21.821  58.385 0.0000000000
61439  21.556  3.626  41.939 0.0000000000
59904  20.756  2.001  41.168 0.0000000000
58578  20.848  -0.237  40.661 0.0000000000
57159  21.143  -2.413  40.449 0.0000000000
57153  19.794  -2.815  41.135 0.0000000000
55623  20.670  -4.100  40.577 0.0000000000
104979  21.500  -3.775  40.375 0.0000000000
100641  22.093  -6.060  40.069 0.0000000000
52628  22.851  -8.101  39.822 0.0000000000
51042  23.812  -9.889  40.666 0.0000000000
53372  19.410  -7.723  43.871 0.0000000000
96548  20.278  -8.803  43.072 0.0000000000
114455  20.544  -8.966  42.668 0.0000000000
50205  22.728  -11.417  45.161 0.0000000000
51004  22.449  -11.030  43.648 0.0000000000
51030  22.126  -10.141  42.187 0.0000000000
51029  22.866  -10.484  41.911 0.0000000000
50256  24.496  -10.968  41.764 0.0000000000
50255  25.431  -10.949  41.828 0.0000000000
49302  27.197  -12.076  44.033 0.0000000000
49288  27.977  -12.746  45.349 0.0000000000
100991  29.223  -13.449  47.507 0.0000000000
47503  28.637  -14.534  48.688 0.0000000000
47502  29.287  -14.258  48.969 0.0000000000
99855  30.277  -13.842  49.549 0.0000000000
47486  31.301  -14.162  51.109 0.0000000000
47481  31.817  -14.412  52.039 0.0000000000
75170  7.820  28.950  51.892 0.0000000000
75719  7.764  30.753  51.402 0.0000000000
77823  7.811  34.144  51.574 0.0000000000
77271  9.483  33.525  51.724 0.0000000000
77815  8.792  34.806  52.138 0.0000000000
55506  7.752  -4.289  48.937 0.0000000000
54826  6.966  -4.902  47.526 0.0000000000
55507  7.120  -4.048  49.079 0.0000000000
96044  5.830  -3.643  50.009 0.0000000000
56295  4.468  -3.415  50.294 0.0000000000
57046  3.224  -3.272  54.016 0.0000000000
56288  3.633  -3.181  52.019 0.0000000000
57056  3.105  -2.717  51.535 0.0000000000
57756  2.546  -2.163  51.045 0.0000000000
58460  2.541  -0.508  51.629 0.0000000000
59164  2.622  0.189  51.068 0.0000000000
61343  3.621  3.289  59.192 0.0000000000
104838  4.722  2.740  58.766 0.0000000000
60526  6.294  2.960  57.623 0.0000000000
62762  6.427  5.195  57.811 0.0000000000
61346  6.566  3.785  57.537 0.0000000000
106674  6.417  2.086  56.000 0.0000000000
59812  5.496  1.343  54.056 0.0000000000
59825  4.026  1.430  52.281 0.0000000000
59834  3.399  1.778  50.856 0.0000000000
60560  4.521  2.357  50.828 0.0000000000
101111  5.806  2.761  50.930 0.0000000000
61390  6.493  3.253  50.656 0.0000000000
111526  8.438  5.440  53.446 0.0000000000
62098  8.262  4.799  52.303 0.0000000000
62112  7.725  4.158  49.987 0.0000000000
62829  8.719  5.147  50.018 0.0000000000
62828  9.279  5.602  49.583 0.0000000000
63485  9.818  6.077  49.062 0.0000000000
64160  10.675  7.336  48.776 0.0000000000
103912  10.650  8.385  49.789 0.0000000000
65499  10.441  9.584  50.191 0.0000000000
98697  8.568  11.413  49.141 0.0000000000
66619  6.881  11.350  51.179 0.0000000000
66633  6.307  11.434  50.245 0.0000000000
66661  5.460  11.329  48.266 0.0000000000
67225  4.203  12.082  48.274 0.0000000000
68328  7.214  14.352  48.038 0.0000000000
101629  8.606  15.683  47.561 0.0000000000
97893  7.541  14.562  53.030 0.0000000000
110278  8.341  14.819  52.647 0.0000000000
68280  9.392  15.167  51.775 0.0000000000
69725  11.370  17.842  52.610 0.0000000000
69249  10.987  16.778  51.539 0.0000000000
68797  9.646  15.175  50.434 0.0000000000
68819  10.084  15.755  48.988 0.0000000000
69288  10.307  16.628  47.711 0.0000000000
102657  9.583  17.108  47.172 0.0000000000
70735  10.949  19.333  46.946 0.0000000000
71209  11.020  21.084  46.630 0.0000000000
72628  11.230  23.191  46.368 0.0000000000
73053  12.140  24.067  48.222 0.0000000000
100429  11.672  24.973  47.099 0.0000000000
73476  11.350  25.559  46.466 0.0000000000
58508  32.627  -0.681  47.156 0.0000000000
58523  30.623  -0.390  44.917 0.0000000000
59215  33.021  0.857  45.328 0.0000000000
59227  32.725  0.675  43.864 0.0000000000
58559  33.865  0.022  42.427 0.0000000000
96439  36.403  0.738  43.981 0.0000000000
105219  35.436  0.191  42.945 0.0000000000
57847  34.183  -0.677  41.417 0.0000000000
57158  35.126  -1.992  40.044 0.0000000000
57164  35.369  -2.562  39.123 0.0000000000
110796  36.812  -3.439  38.514 0.0000000000
57805  41.252  -1.649  44.701 0.0000000000
109866  41.004  -2.244  42.687 0.0000000000
114712  40.879  -2.575  41.770 0.0000000000
56412  43.283  -3.497  41.545 0.0000000000
56413  42.000  -3.339  40.905 0.0000000000
56415  39.946  -3.220  40.372 0.0000000000
56424  39.537  -3.574  39.637 0.0000000000
56431  38.308  -3.778  38.721 0.0000000000
55648  37.776  -4.197  37.139 0.0000000000
97943  38.519  -4.515  36.661 0.0000000000
54941  42.784  -5.354  36.410 0.0000000000
55679  47.807  -4.471  34.041 0.0000000000
55678  49.567  -5.460  34.925 0.0000000000
54215  49.152  -7.710  36.061 0.0000000000
108098  49.762  -7.184  35.331 0.0000000000
54213  50.173  -6.821  35.082 0.0000000000
54227  48.327  -6.941  33.563 0.0000000000
54228  46.928  -6.900  32.903 0.0000000000
54245  45.158  -6.577  31.872 0.0000000000
52663  42.918  -9.307  36.195 0.0000000000
52672  43.291  -8.819  35.494 0.0000000000
99326  43.030  -7.803  34.105 0.0000000000
53462  42.334  -7.215  33.576 0.0000000000
53461  43.343  -7.389  33.438 0.0000000000
53476  43.592  -7.038  32.832 0.0000000000
54231  43.745  -6.813  32.315 0.0000000000
61675  56.513  4.589  21.681 0.0000000000
60852  56.526  3.322  22.585 0.0000000000
60853  56.326  2.907  23.286 0.0000000000
70651  11.865  19.759  60.584 0.0000000000
71579  12.714  21.164  60.292 0.0000000000
62091  10.513  4.410  54.272 0.0000000000
51731  7.310  -9.936  45.062 0.0000000000
99539  8.450  -8.039  45.220 0.0000000000
54115  8.283  -6.527  45.919 0.0000000000
95899  10.564  -11.472  55.582 0.0000000000
95838  10.954  -11.617  54.192 0.0000000000
50099  10.565  -11.752  53.504 0.0000000000
50128  13.918  -11.538  51.717 0.0000000000
50130  12.190  -11.655  51.903 0.0000000000
110697  11.365  -11.781  52.215 0.0000000000
50146  10.693  -12.078  51.191 0.0000000000
115145  10.771  -12.055  50.483 0.0000000000
96104  11.260  -11.770  49.154 0.0000000000
54784  16.376  -5.262  53.578 0.0000000000
54069  16.485  -6.473  51.381 0.0000000000
53317  15.869  -7.136  49.825 0.0000000000
55485  14.383  -4.297  52.566 0.0000000000
54798  15.029  -5.584  50.729 0.0000000000
113841  15.257  -8.244  48.852 0.0000000000
51707  13.860  -9.616  48.037 0.0000000000
50965  13.030  -10.053  47.670 0.0000000000
50966  11.606  -10.810  47.415 0.0000000000
50973  11.483  -10.066  46.657 0.0000000000
51722  11.163  -9.302  46.180 0.0000000000
52550  10.626  -8.620  45.884 0.0000000000
54806  11.300  -5.067  49.261 0.0000000000
97143  11.012  -6.579  47.185 0.0000000000
54106  10.402  -6.906  46.618 0.0000000000
54107  9.538  -6.478  46.619 0.0000000000
54823  8.890  -5.313  47.848 0.0000000000
54824  8.176  -5.191  47.817 0.0000000000
56298  8.233  -4.146  49.308 0.0000000000
56286  7.302  -3.537  51.560 0.0000000000
57043  6.688  -3.214  54.164 0.0000000000
96576  7.690  -2.674  55.227 0.0000000000
110890  6.679  -2.730  55.612 0.0000000000
57015  5.706  -2.651  56.354 0.0000000000
57721  3.813  -2.302  57.681 0.0000000000
57713  1.999  -2.040  60.022 0.0000000000
59122  1.589  -0.219  61.023 0.0000000000
99684  8.094  -1.946  60.788 0.0000000000
57695  7.758  -1.623  60.943 0.0000000000
58415  5.992  -1.313  60.960 0.0000000000
115025  7.464  2.191  60.833 0.0000000000
104306  6.389  2.007  60.778 0.0000000000
59119  5.412  -0.260  60.893 0.0000000000
107080  4.532  0.621  61.027 0.0000000000
60516  3.781  2.356  61.158 0.0000000000
61333  2.930  3.706  61.118 0.0000000000
110856  4.447  6.227  60.590 0.0000000000
113478  6.054  8.634  60.159 0.0000000000
66013  7.590  10.801  59.533 0.0000000000
65425  9.127  9.922  59.446 0.0000000000
95888  9.216  11.436  59.513 0.0000000000
67147  8.726  12.418  59.537 0.0000000000
68229  10.196  15.037  60.505 0.0000000000
69189  10.949  17.053  61.165 0.0000000000
48347  33.255  -13.127  45.918 0.0000000000
44765  34.900  -17.112  54.711 0.0000000000
44766  33.863  -17.775  53.230 0.0000000000
60617  22.669  2.622  42.068 0.0000000000
60616  23.328  2.077  42.506 0.0000000000
59895  23.798  1.266  42.594 0.0000000000
101673  23.721  -2.146  40.938 0.0000000000
58565  23.923  -0.705  41.567 0.0000000000
51800  27.048  -8.740  39.849 0.0000000000
111796  26.962  -7.694  39.515 0.0000000000
54920  26.442  -6.230  39.895 0.0000000000
53415  29.022  -7.057  40.184 0.0000000000
54918  28.079  -6.166  40.083 0.0000000000
55616  26.331  -5.240  41.115 0.0000000000
55571  26.119  -4.795  42.623 0.0000000000
103034  26.222  -4.331  43.999 0.0000000000
56361  29.689  -3.473  43.671 0.0000000000
57794  33.246  -0.904  47.431 0.0000000000
100968  34.354  -0.618  46.863 0.0000000000
57811  35.690  0.139  46.557 0.0000000000
57125  34.701  -2.453  43.799 0.0000000000
102848  35.400  -1.977  44.348 0.0000000000
57824  37.048  -0.622  45.517 0.0000000000
57123  37.497  -1.282  45.005 0.0000000000
98131  38.939  -2.150  45.047 0.0000000000
56339  39.557  -2.838  45.294 0.0000000000
53353  35.386  -6.869  45.504 0.0000000000
111014  35.949  -6.349  45.444 0.0000000000
54112  36.563  -6.085  45.833 0.0000000000
53326  37.982  -6.772  49.205 0.0000000000
111955  37.573  -6.028  47.315 0.0000000000
54101  37.522  -5.712  46.490 0.0000000000
54838  37.962  -5.140  45.940 0.0000000000
55533  39.791  -4.442  46.340 0.0000000000
54835  40.288  -4.655  46.142 0.0000000000
54845  40.619  -4.985  45.880 0.0000000000
54119  39.756  -6.038  44.797 0.0000000000
54131  38.840  -6.592  44.202 0.0000000000
54140  37.993  -6.776  42.944 0.0000000000
72535  12.650  23.602  58.841 0.0000000000
115631  12.555  25.274  57.750 0.0000000000
74680  12.429  28.552  57.748 0.0000000000
75137  13.054  29.512  58.179 0.0000000000
75146  12.551  29.451  57.254 0.0000000000
54842  6.331  -5.593  45.805 0.0000000000
54118  5.756  -5.963  45.231 0.0000000000
55538  3.802  -4.277  45.630 0.0000000000
106797  1.408  -0.275  45.858 0.0000000000
57100  1.172  -1.360  44.684 0.0000000000
56354  0.927  -3.111  43.763 0.0000000000
64159  11.243  7.949  48.364 0.0000000000
64165  11.541  7.700  47.567 0.0000000000
64829  12.061  8.369  47.082 0.0000000000
66683  10.178  11.386  46.771 0.0000000000
66121  11.231  10.991  46.655 0.0000000000
65530  12.688  9.350  45.996 0.0000000000
65539  12.957  9.618  45.330 0.0000000000
103580  13.300  9.748  43.773 0.0000000000
106818  5.546  16.119  45.714 0.0000000000
68852  5.365  15.008  44.976 0.0000000000
67829  6.747  13.269  43.806 0.0000000000
67828  7.307  13.783  43.376 0.0000000000
97374  8.354  12.140  43.668 0.0000000000
59257  28.390  0.323  40.162 0.0000000000
57195  32.730  -2.098  34.801 0.0000000000
60810  55.723  3.095  25.142 0.0000000000
60833  55.138  2.436  24.698 0.0000000000
59325  45.804  -0.076  32.819 0.0000000000
59307  46.401  0.703  33.267 0.0000000000
103653  48.398  0.902  33.630 0.0000000000
57890  50.632  -2.117  34.687 0.0000000000
58618  49.783  -0.337  34.150 0.0000000000
59305  49.546  1.307  34.181 0.0000000000
59976  49.651  2.348  34.475 0.0000000000
59989  50.399  2.106  33.453 0.0000000000
60707  50.776  3.064  32.453 0.0000000000
57234  48.898  -2.552  31.443 0.0000000000
57931  51.284  -1.289  32.322 0.0000000000
58649  51.546  -0.472  32.254 0.0000000000
59992  51.565  1.066  31.378 0.0000000000
59991  52.123  2.064  30.936 0.0000000000
59994  52.423  1.738  30.487 0.0000000000
60001  53.161  2.081  29.669 0.0000000000
60007  52.897  1.966  28.634 0.0000000000
60031  51.986  1.230  26.848 0.0000000000
60017  53.595  2.143  27.256 0.0000000000
60043  53.631  2.029  26.266 0.0000000000
99502  53.651  1.625  24.453 0.0000000000
95695  53.896  1.291  23.145 0.0000000000
51667  23.832  -8.892  53.984 0.0000000000
113521  23.418  -9.114  53.101 0.0000000000
112197  25.053  -10.346  54.276 0.0000000000
114804  25.158  -9.851  54.699 0.0000000000
106328  23.999  -9.944  53.053 0.0000000000
71581  11.058  21.006  60.285 0.0000000000
72069  10.957  22.472  59.784 0.0000000000
71585  11.316  21.701  60.168 0.0000000000
70162  11.267  19.116  60.652 0.0000000000
104974  10.987  19.238  60.385 0.0000000000
111578  11.079  20.345  60.293 0.0000000000
71128  10.504  20.621  59.849 0.0000000000
110172  10.143  4.307  55.530 0.0000000000
61354  9.912  3.539  55.258 0.0000000000
59141  10.445  0.868  55.758 0.0000000000
59807  9.906  1.715  55.716 0.0000000000
60527  9.597  2.584  56.357 0.0000000000
46595  35.146  -14.976  54.710 0.0000000000
47473  33.720  -14.365  54.101 0.0000000000
48308  33.937  -13.583  53.965 0.0000000000
48307  34.851  -13.353  54.304 0.0000000000
54116  7.534  -6.314  45.731 0.0000000000
62835  9.434  5.376  48.809 0.0000000000
62133  9.299  4.547  48.063 0.0000000000
62132  9.671  4.596  47.636 0.0000000000
62131  10.112  4.973  47.337 0.0000000000
62843  10.218  5.503  47.665 0.0000000000
59311  42.283  0.181  33.278 0.0000000000
106678  42.870  0.567  33.435 0.0000000000
59957  42.576  1.717  34.770 0.0000000000
59981  43.102  1.232  33.912 0.0000000000
59980  44.028  1.292  33.816 0.0000000000
60070  55.366  1.916  22.326 0.0000000000
100198  54.800  1.457  22.126 0.0000000000
60072  54.112  1.082  22.388 0.0000000000
57039  16.588  -2.342  53.559 0.0000000000
57048  17.393  -2.633  53.193 0.0000000000
54849  18.601  -5.396  45.079 0.0000000000
55547  18.534  -4.719  44.578 0.0000000000
110610  18.542  -4.064  44.133 0.0000000000
55558  18.576  -4.776  43.716 0.0000000000
50034  20.707  -11.745  57.376 0.0000000000
50048  21.991  -10.868  57.449 0.0000000000
56246  18.604  -3.271  54.218 0.0000000000
107813  18.589  -3.181  54.980 0.0000000000
114852  21.295  -11.160  58.621 0.0000000000
96077  20.911  -11.204  59.247 0.0000000000
50017  20.767  -11.565  58.326 0.0000000000
49117  19.441  -12.208  58.597 0.0000000000
43924  27.313  -17.952  52.813 0.0000000000
44772  26.523  -17.684  52.746 0.0000000000
43864  22.901  -18.321  60.664 0.0000000000
43123  23.471  -19.028  60.392 0.0000000000
45713  25.518  -16.462  51.264 0.0000000000
44789  25.958  -16.965  51.798 0.0000000000
44788  26.765  -17.062  51.665 0.0000000000
74286  8.165  27.173  51.187 0.0000000000
73866  7.808  26.686  51.946 0.0000000000
77279  13.589  33.220  50.270 0.0000000000
104555  13.052  33.975  50.457 0.0000000000
77829  13.454  34.678  50.339 0.0000000000
59125  1.540  0.033  60.549 0.0000000000
59124  1.917  0.134  59.833 0.0000000000
60520  1.631  2.389  60.534 0.0000000000
97209  4.674  12.555  54.851 0.0000000000
66575  4.894  11.400  55.321 0.0000000000
66587  4.693  11.848  54.576 0.0000000000
66044  6.085  10.950  54.580 0.0000000000
103778  4.408  11.958  53.705 0.0000000000
67749  4.928  12.944  53.800 0.0000000000
73038  9.141  24.758  52.835 0.0000000000
73454  9.125  25.234  52.256 0.0000000000
73459  9.188  25.743  51.681 0.0000000000
57103  40.611  -1.596  45.237 0.0000000000
112326  46.199  -8.021  39.718 0.0000000000
52645  46.508  -8.218  38.641 0.0000000000
52646  45.500  -8.819  37.823 0.0000000000
107982  8.846  -12.459  50.500 0.0000000000
102803  8.218  -12.494  50.496 0.0000000000
49247  9.113  -12.405  49.192 0.0000000000
54060  17.677  -6.352  53.328 0.0000000000
57001  10.794  -2.658  57.450 0.0000000000
57011  10.720  -2.611  56.354 0.0000000000
57002  9.778  -2.555  57.440 0.0000000000
50182  34.759  -11.566  46.337 0.0000000000
51792  24.574  -9.689  40.320 0.0000000000
51803  24.696  -9.019  39.715 0.0000000000
51791  25.503  -9.436  40.055 0.0000000000
53376  33.226  -7.336  43.377 0.0000000000
54134  33.928  -6.903  43.514 0.0000000000
99721  35.586  -11.273  47.532 0.0000000000
58472  1.902  -0.227  48.986 0.0000000000
68833  7.137  15.556  47.025 0.0000000000
68834  6.331  14.936  46.865 0.0000000000
69298  7.005  16.607  46.663 0.0000000000
56440  35.529  -3.361  37.601 0.0000000000
56441  34.680  -3.125  37.216 0.0000000000
61529  51.103  4.930  32.446 0.0000000000
61549  51.007  5.424  32.277 0.0000000000
53320  20.279  -7.609  49.283 0.0000000000
53328  19.953  -7.610  48.335 0.0000000000
54028  25.570  -5.096  59.697 0.0000000000
54031  25.864  -5.263  59.436 0.0000000000
54781  21.564  -5.690  53.712 0.0000000000
54777  21.218  -4.908  54.101 0.0000000000
47399  26.858  -14.447  59.331 0.0000000000
48255  26.611  -13.707  59.599 0.0000000000
53281  26.753  -7.108  58.946 0.0000000000
52484  26.712  -7.763  59.211 0.0000000000
53278  26.351  -6.814  59.463 0.0000000000
52486  25.113  -7.194  60.067 0.0000000000
47475  23.597  -14.255  52.674 0.0000000000
46600  23.752  -15.241  53.533 0.0000000000
47464  23.659  -14.554  53.367 0.0000000000
48277  26.808  -13.772  58.387 0.0000000000
105514  27.110  -13.788  58.825 0.0000000000
52533  20.271  -8.364  47.912 0.0000000000
113333  23.603  -12.803  51.763 0.0000000000
49205  23.534  -12.531  51.118 0.0000000000
47482  23.542  -14.375  51.934 0.0000000000
72547  9.403  23.692  55.909 0.0000000000
73015  9.129  24.257  55.930 0.0000000000
74256  10.941  28.231  57.199 0.0000000000
74690  10.588  28.465  56.757 0.0000000000
74696  11.190  29.089  56.316 0.0000000000
75150  12.138  29.433  56.091 0.0000000000
68739  7.993  15.959  57.755 0.0000000000
68740  7.598  15.398  57.235 0.0000000000
69207  8.645  16.501  56.712 0.0000000000
100504  9.679  22.218  57.026 0.0000000000
71593  10.386  21.475  56.526 0.0000000000
72086  10.030  22.912  55.527 0.0000000000
54867  39.967  -5.624  42.952 0.0000000000
50120  8.468  -12.123  53.216 0.0000000000
50119  9.324  -12.061  53.070 0.0000000000
56969  16.467  -2.883  61.035 0.0000000000
56207  16.254  -2.971  61.249 0.0000000000
56198  15.595  -2.974  61.535 0.0000000000
57699  11.792  -1.608  61.411 0.0000000000
58410  10.911  -1.254  61.834 0.0000000000
58420  10.408  -0.770  61.826 0.0000000000
58427  10.356  -0.199  60.096 0.0000000000
48325  34.974  -13.506  50.144 0.0000000000
44799  32.598  -17.431  51.135 0.0000000000
44814  32.204  -17.265  50.293 0.0000000000
48338  29.794  -12.776  47.259 0.0000000000
49274  29.772  -12.409  46.386 0.0000000000
50951  32.722  -10.671  48.386 0.0000000000
50950  33.408  -10.314  48.901 0.0000000000
50960  33.134  -10.057  47.995 0.0000000000
48318  35.823  -12.911  52.147 0.0000000000
49217  36.002  -12.316  51.483 0.0000000000
60573  6.054  2.875  49.364 0.0000000000
57786  7.787  -1.426  46.491 0.0000000000
57083  7.312  -2.068  46.143 0.0000000000
57097  7.751  -2.590  45.568 0.0000000000
56334  7.288  -3.092  45.015 0.0000000000
56333  8.172  -3.072  44.988 0.0000000000
63512  12.328  6.722  45.453 0.0000000000
101394  12.470  6.432  44.774 0.0000000000
72638  10.367  23.326  45.751 0.0000000000
61507  48.488  4.275  36.078 0.0000000000
58443  13.345  -0.607  55.133 0.0000000000
97444  13.446  -0.555  54.286 0.0000000000
58465  14.141  -0.207  50.737 0.0000000000
59167  13.915  0.396  50.207 0.0000000000
59173  13.698  1.042  49.827 0.0000000000
56297  18.773  -3.623  49.506 0.0000000000
58494  17.359  -0.507  46.152 0.0000000000
103067  16.431  0.398  46.321 0.0000000000
59870  15.821  0.780  46.599 0.0000000000
98289  16.407  0.862  45.724 0.0000000000
59239  18.327  0.817  42.827 0.0000000000
59248  18.886  0.666  42.074 0.0000000000
49137  14.133  -12.115  57.726 0.0000000000
49147  14.260  -12.156  56.682 0.0000000000
104721  20.850  -9.929  54.517 0.0000000000
50089  20.040  -10.902  54.058 0.0000000000
52508  20.248  -9.186  53.827 0.0000000000
56983  20.724  -2.633  59.866 0.0000000000
55451  21.772  -2.913  60.053 0.0000000000
55452  20.514  -3.207  60.084 0.0000000000
56213  20.029  -3.017  60.229 0.0000000000
56984  20.036  -2.662  59.886 0.0000000000
57732  14.731  -1.119  55.310 0.0000000000
57725  15.071  -1.321  56.236 0.0000000000
48243  21.925  -13.685  61.149 0.0000000000
47383  20.978  -14.598  61.501 0.0000000000
48244  21.126  -13.525  61.588 0.0000000000
49064  16.005  -12.946  62.568 0.0000000000
48240  16.239  -13.624  62.763 0.0000000000
48241  15.318  -13.479  62.673 0.0000000000
107794  14.650  -14.173  62.203 0.0000000000
48242  14.432  -13.407  62.374 0.0000000000
47381  14.070  -13.583  62.139 0.0000000000
49066  14.286  -13.124  62.323 0.0000000000
49138  13.385  -11.837  58.198 0.0000000000
103240  32.026  -17.102  54.220 0.0000000000
44767  31.232  -16.899  53.344 0.0000000000
42427  29.536  -20.876  56.726 0.0000000000
42426  30.484  -21.273  56.815 0.0000000000
41645  30.338  -21.834  57.462 0.0000000000
105215  30.559  -22.328  57.389 0.0000000000
41636  29.936  -22.316  57.861 0.0000000000
43874  26.672  -18.033  57.686 0.0000000000
105196  19.721  0.052  41.400 0.0000000000
53384  20.262  -7.446  41.550 0.0000000000
53401  20.864  -7.615  40.909 0.0000000000
52598  21.226  -8.922  41.453 0.0000000000
50972  21.751  -10.405  45.860 0.0000000000
51727  21.254  -9.967  45.410 0.0000000000
48352  25.210  -13.880  46.249 0.0000000000
48362  25.077  -13.428  45.572 0.0000000000
48372  25.502  -13.074  44.984 0.0000000000
48361  25.973  -13.454  45.438 0.0000000000
109356  26.714  -13.579  45.772 0.0000000000
45708  30.191  -16.239  51.955 0.0000000000
46619  31.041  -15.608  52.150 0.0000000000
77282  7.476  33.618  51.179 0.0000000000
75709  9.117  30.105  52.384 0.0000000000
56276  5.548  -3.410  52.678 0.0000000000
59138  5.472  0.170  56.031 0.0000000000
58446  4.068  -0.777  55.693 0.0000000000
59148  5.261  -0.044  55.081 0.0000000000
59149  4.238  -0.037  54.666 0.0000000000
64078  3.783  7.713  58.468 0.0000000000
64077  4.268  7.196  58.349 0.0000000000
62773  7.764  5.208  55.673 0.0000000000
62766  7.493  5.178  56.433 0.0000000000
62076  7.643  4.505  55.155 0.0000000000
61365  7.434  3.740  54.547 0.0000000000
62083  7.866  4.624  54.270 0.0000000000
65475  9.584  9.210  52.744 0.0000000000
64127  9.499  7.667  52.672 0.0000000000
112723  9.697  8.446  52.558 0.0000000000
106892  9.870  8.021  51.948 0.0000000000
64779  9.942  8.844  52.146 0.0000000000
65486  9.792  9.655  51.812 0.0000000000
67765  6.416  13.589  50.957 0.0000000000
67777  6.327  13.468  50.136 0.0000000000
68313  7.576  14.171  49.835 0.0000000000
68299  8.867  14.578  49.966 0.0000000000
69707  10.578  17.428  54.561 0.0000000000
69706  11.060  17.967  54.197 0.0000000000
71182  12.586  20.744  50.327 0.0000000000
104654  12.645  19.901  50.255 0.0000000000
71188  12.600  20.441  49.314 0.0000000000
70719  12.581  19.458  49.470 0.0000000000
71195  12.437  20.592  48.396 0.0000000000
106091  12.495  21.986  48.870 0.0000000000
74721  10.079  28.442  48.494 0.0000000000
74296  10.648  27.708  48.150 0.0000000000
114461  36.606  1.309  46.961 0.0000000000
58504  36.522  1.586  46.883 0.0000000000
109499  37.113  1.424  46.745 0.0000000000
57843  37.392  -1.277  41.971 0.0000000000
57149  38.123  -1.923  41.543 0.0000000000
57155  38.606  -2.518  40.799 0.0000000000
54864  44.510  -4.024  43.464 0.0000000000
108913  44.355  -3.443  43.717 0.0000000000
55585  44.536  -4.380  42.578 0.0000000000
55636  42.532  -4.428  38.961 0.0000000000
54930  41.963  -4.735  38.317 0.0000000000
61376  11.420  3.389  52.324 0.0000000000
62097  11.357  4.317  52.567 0.0000000000
50983  9.066  -10.308  45.604 0.0000000000
99729  8.655  -9.531  45.223 0.0000000000
52557  9.858  -8.723  45.515 0.0000000000
50095  14.630  -12.159  53.821 0.0000000000
103407  13.818  -11.899  53.564 0.0000000000
102474  14.386  -11.905  53.076 0.0000000000
51696  15.664  -9.337  49.423 0.0000000000
50947  15.415  -10.140  49.710 0.0000000000
50948  14.664  -10.485  49.437 0.0000000000
109926  13.871  -10.842  49.208 0.0000000000
51697  15.014  -9.694  49.053 0.0000000000
55477  14.767  -3.950  54.383 0.0000000000
55497  12.915  -4.638  50.687 0.0000000000
54800  13.399  -5.146  50.217 0.0000000000
54804  13.108  -5.479  49.472 0.0000000000
54087  13.229  -6.590  48.336 0.0000000000
54810  12.738  -5.864  48.768 0.0000000000
56283  9.653  -3.637  51.481 0.0000000000
56290  9.900  -3.807  50.696 0.0000000000
55500  9.358  -3.911  50.006 0.0000000000
56284  8.796  -3.590  51.687 0.0000000000
57701  5.385  -2.238  59.749 0.0000000000
58424  3.722  -2.018  60.831 0.0000000000
59788  9.486  1.603  61.550 0.0000000000
106493  8.371  1.064  61.465 0.0000000000
63410  7.251  5.989  59.830 0.0000000000
62744  7.248  5.063  60.132 0.0000000000
62050  6.068  4.987  60.365 0.0000000000
63401  6.330  6.712  60.101 0.0000000000
64072  7.694  7.738  59.569 0.0000000000
43163  33.801  -19.991  55.802 0.0000000000
42440  33.075  -20.500  54.829 0.0000000000
57860  22.347  -1.796  40.446 0.0000000000
55595  25.077  -4.386  41.549 0.0000000000
56408  25.148  -3.803  42.074 0.0000000000
52597  29.190  -9.256  41.637 0.0000000000
51764  29.916  -8.919  42.021 0.0000000000
55614  29.122  -5.085  40.783 0.0000000000
56407  29.164  -4.058  41.856 0.0000000000
56359  31.537  -3.022  43.568 0.0000000000
57127  32.888  -2.417  44.380 0.0000000000
57140  33.240  -2.954  43.296 0.0000000000
55554  36.333  -4.470  43.955 0.0000000000
110292  36.924  -4.479  44.452 0.0000000000
113347  36.693  -7.522  49.352 0.0000000000
52524  37.026  -7.612  50.050 0.0000000000
54082  39.352  -6.569  48.430 0.0000000000
53331  39.802  -6.724  47.932 0.0000000000
53352  38.682  -7.628  46.309 0.0000000000
56307  4.800  -3.634  48.759 0.0000000000
114588  4.311  -3.663  47.522 0.0000000000
96902  3.047  -1.391  43.991 0.0000000000
57818  2.260  -0.893  44.301 0.0000000000
66658  9.492  11.302  48.512 0.0000000000
66701  7.480  11.215  44.586 0.0000000000
95571  8.307  11.169  44.740 0.0000000000
66700  9.208  11.376  44.504 0.0000000000
66699  10.317  11.390  44.438 0.0000000000
58562  30.740  -0.309  41.982 0.0000000000
58561  31.496  -0.416  41.367 0.0000000000
61597  54.005  4.546  29.001 0.0000000000
62302  53.971  5.277  28.652 0.0000000000
60761  54.540  3.366  28.130 0.0000000000
60777  54.933  3.114  27.490 0.0000000000
60778  54.289  2.640  27.867 0.0000000000
56457  50.220  -4.916  34.919 0.0000000000
105716  48.484  -3.034  33.727 0.0000000000
56464  49.579  -3.652  34.368 0.0000000000
102853  51.897  -2.562  33.415 0.0000000000
57919  52.188  -1.876  33.841 0.0000000000
58638  51.793  -1.229  33.175 0.0000000000
59340  49.078  0.139  29.103 0.0000000000
103617  50.016  0.558  28.996 0.0000000000
53300  21.992  -7.172  53.024 0.0000000000
54061  21.504  -6.667  52.666 0.0000000000
52515  22.387  -8.853  51.695 0.0000000000
52516  21.758  -8.415  51.213 0.0000000000
114790  25.568  -7.529  57.018 0.0000000000
52503  22.951  -7.643  53.943 0.0000000000
54055  22.364  -6.966  53.739 0.0000000000
106726  26.226  -11.920  56.862 0.0000000000
50047  26.735  -11.349  57.303 0.0000000000
50909  26.667  -10.663  56.930 0.0000000000
52493  25.589  -8.877  55.960 0.0000000000
105611  26.243  -9.286  56.571 0.0000000000
52491  26.117  -8.271  57.219 0.0000000000
49174  24.139  -11.947  52.634 0.0000000000
49173  24.478  -12.063  53.520 0.0000000000
50057  25.743  -11.268  55.340 0.0000000000
100599  25.191  -11.947  54.901 0.0000000000
50923  23.713  -10.531  52.017 0.0000000000
50108  23.994  -11.235  52.292 0.0000000000
72073  9.523  22.762  58.420 0.0000000000
72074  9.469  23.474  58.122 0.0000000000
72537  9.937  23.373  58.660 0.0000000000
72997  10.795  24.374  58.287 0.0000000000
73828  11.207  26.305  57.136 0.0000000000
73422  11.809  25.626  57.442 0.0000000000
68233  9.569  14.842  60.046 0.0000000000
68234  8.925  14.349  59.462 0.0000000000
69193  10.030  16.094  60.357 0.0000000000
70165  10.293  18.259  59.661 0.0000000000
69682  9.866  16.754  59.889 0.0000000000
105299  9.755  17.535  59.389 0.0000000000
69195  9.039  16.812  59.022 0.0000000000
70169  9.794  18.186  58.923 0.0000000000
71130  9.915  20.921  59.164 0.0000000000
71589  9.545  22.097  57.958 0.0000000000
54149  37.442  -6.748  41.553 0.0000000000
104187  10.409  4.788  55.208 0.0000000000
95905  8.199  -11.445  56.024 0.0000000000
95897  8.791  -11.491  55.146 0.0000000000
95841  7.977  -11.489  55.045 0.0000000000
57717  13.262  -0.953  58.135 0.0000000000
58431  11.295  -0.396  57.993 0.0000000000
109663  10.721  -0.092  57.890 0.0000000000
58432  10.783  -0.294  58.867 0.0000000000
47484  35.175  -14.263  51.861 0.0000000000
100232  34.655  -16.290  53.097 0.0000000000
46637  35.050  -15.474  53.052 0.0000000000
45707  33.518  -16.902  51.866 0.0000000000
48321  31.592  -13.402  50.858 0.0000000000
48327  31.252  -13.086  50.048 0.0000000000
49221  31.889  -12.719  50.594 0.0000000000
49204  33.243  -12.514  52.394 0.0000000000
49220  32.633  -12.296  51.204 0.0000000000
50138  33.028  -11.480  50.706 0.0000000000
50137  34.025  -11.225  52.289 0.0000000000
49203  34.230  -11.849  53.420 0.0000000000
48306  35.324  -13.149  53.987 0.0000000000
48305  35.769  -12.576  53.465 0.0000000000
51732  5.940  -9.793  44.856 0.0000000000
110513  6.374  -7.343  44.699 0.0000000000
61396  7.865  4.052  49.243 0.0000000000
60582  7.102  2.956  48.588 0.0000000000
60581  7.909  3.179  48.342 0.0000000000
59863  8.394  1.668  47.532 0.0000000000
58484  8.156  0.066  47.214 0.0000000000
59188  8.709  0.716  47.144 0.0000000000
59203  8.873  -0.068  46.748 0.0000000000
59862  9.233  1.449  47.012 0.0000000000
59873  9.771  1.448  46.434 0.0000000000
59872  10.217  1.944  46.001 0.0000000000
60601  10.728  2.557  45.375 0.0000000000
62848  10.580  5.509  47.019 0.0000000000
62847  10.923  5.425  46.376 0.0000000000
63507  11.153  6.101  46.652 0.0000000000
62855  11.382  5.675  45.872 0.0000000000
60092  55.833  1.813  20.596 0.0000000000
57737  15.317  -1.592  54.298 0.0000000000
57743  14.806  -1.221  53.777 0.0000000000
115024  15.629  -1.617  51.956 0.0000000000
57750  15.224  -1.244  51.627 0.0000000000
57749  15.890  -1.700  51.499 0.0000000000
103859  18.571  -3.746  47.441 0.0000000000
99471  18.540  -3.735  46.699 0.0000000000
56332  18.497  -3.153  45.285 0.0000000000
56319  18.454  -2.904  46.278 0.0000000000
97144  18.323  -1.816  45.274 0.0000000000
105078  18.674  -3.256  43.370 0.0000000000
49134  17.619  -12.565  57.674 0.0000000000
95921  17.867  -12.514  56.997 0.0000000000
97713  18.607  -12.424  56.964 0.0000000000
50058  21.243  -11.288  55.997 0.0000000000
107092  19.936  -12.051  56.069 0.0000000000
50072  21.005  -11.047  55.218 0.0000000000
51665  21.776  -9.702  55.437 0.0000000000
55462  21.420  -3.634  56.974 0.0000000000
55461  22.693  -2.924  58.904 0.0000000000
56221  20.676  -2.549  59.098 0.0000000000
109535  18.707  -2.519  57.252 0.0000000000
57005  18.296  -2.622  56.450 0.0000000000
57028  16.437  -2.248  54.622 0.0000000000
57018  16.673  -2.267  55.612 0.0000000000
100107  15.337  -1.536  55.225 0.0000000000
113847  21.446  -10.865  61.437 0.0000000000
114985  21.120  -11.497  61.729 0.0000000000
107647  21.014  -11.020  61.399 0.0000000000
49082  18.952  -11.695  61.587 0.0000000000
49083  18.014  -12.120  61.487 0.0000000000
100949  17.518  -12.399  60.560 0.0000000000
96212  17.977  -12.552  58.458 0.0000000000
108787  17.262  -12.575  58.951 0.0000000000
96621  17.005  -12.620  58.196 0.0000000000
44785  29.160  -17.126  52.105 0.0000000000
44769  29.653  -17.366  52.656 0.0000000000
43181  27.990  -18.925  54.212 0.0000000000
104140  28.480  -19.454  54.787 0.0000000000
43861  25.835  -18.136  59.947 0.0000000000
43866  26.292  -18.730  59.657 0.0000000000
112227  25.586  -18.880  60.045 0.0000000000
43128  23.651  -19.601  59.996 0.0000000000
42402  24.234  -20.082  59.828 0.0000000000
42409  24.145  -20.508  58.919 0.0000000000
113803  19.093  -2.536  42.229 0.0000000000
106475  18.943  -3.192  42.507 0.0000000000
54872  19.099  -5.676  42.361 0.0000000000
95579  19.384  -6.582  42.316 0.0000000000
47506  23.661  -14.029  48.764 0.0000000000
48343  23.705  -13.242  47.336 0.0000000000
109734  24.143  -14.334  48.317 0.0000000000
46664  25.187  -15.520  49.321 0.0000000000
47505  24.765  -14.751  48.274 0.0000000000
46677  25.360  -15.249  48.623 0.0000000000
46687  25.568  -14.910  47.921 0.0000000000
46676  26.132  -15.300  48.363 0.0000000000
99171  26.557  -15.536  48.915 0.0000000000
45710  28.219  -16.623  51.263 0.0000000000
45737  27.829  -16.106  50.579 0.0000000000
45709  29.181  -16.569  51.601 0.0000000000
96304  8.792  29.110  49.534 0.0000000000
74715  8.539  28.423  50.119 0.0000000000
75175  7.739  29.693  50.561 0.0000000000
75722  7.528  30.447  50.917 0.0000000000
75720  7.500  31.264  50.999 0.0000000000
76746  11.785  32.243  51.053 0.0000000000
76747  11.125  32.964  51.212 0.0000000000
77281  11.920  33.086  50.792 0.0000000000
78370  11.886  35.226  51.056 0.0000000000
103741  3.590  -2.221  57.066 0.0000000000
58434  3.281  -1.823  57.839 0.0000000000
59128  3.951  0.162  58.330 0.0000000000
59133  4.191  -0.577  57.443 0.0000000000
103876  4.908  0.720  57.648 0.0000000000
59799  4.841  1.251  58.211 0.0000000000
66024  4.373  10.684  56.670 0.0000000000
65433  4.636  9.225  57.070 0.0000000000
65438  5.248  9.625  56.386 0.0000000000
65448  6.179  9.939  55.751 0.0000000000
65437  6.572  9.320  56.384 0.0000000000
65436  7.323  9.094  56.226 0.0000000000
64091  7.452  7.661  56.631 0.0000000000
64734  7.698  8.434  56.128 0.0000000000
64096  8.118  7.594  55.792 0.0000000000
114571  7.808  9.026  55.784 0.0000000000
66043  7.194  10.685  54.359 0.0000000000
66042  8.102  10.286  54.060 0.0000000000
65465  8.769  9.703  53.759 0.0000000000
66054  7.525  10.911  53.546 0.0000000000
66595  6.513  11.272  52.822 0.0000000000
67758  4.797  12.869  52.807 0.0000000000
67184  4.009  12.103  52.056 0.0000000000
67757  5.689  13.366  52.173 0.0000000000
67766  5.522  13.036  51.320 0.0000000000
96988  11.504  21.831  53.490 0.0000000000
72109  11.370  22.788  52.290 0.0000000000
72116  11.622  22.733  51.508 0.0000000000
72584  11.640  23.096  50.892 0.0000000000
111775  11.727  23.491  50.303 0.0000000000
73042  11.215  23.895  50.904 0.0000000000
73864  9.836  25.957  50.890 0.0000000000
73462  10.568  25.504  50.392 0.0000000000
73869  9.970  26.594  50.278 0.0000000000
74288  9.661  27.229  50.030 0.0000000000
109294  38.974  0.121  46.007 0.0000000000
57821  40.048  -0.768  44.751 0.0000000000
57822  39.537  -0.262  44.890 0.0000000000
57833  39.658  -1.063  43.597 0.0000000000
54161  45.886  -6.415  41.414 0.0000000000
54178  46.708  -6.877  39.993 0.0000000000
54159  46.449  -6.159  40.634 0.0000000000
54194  45.914  -6.460  38.891 0.0000000000
54199  47.161  -7.817  38.127 0.0000000000
54200  46.097  -6.737  38.101 0.0000000000
54204  47.612  -7.891  37.294 0.0000000000
101040  46.049  -9.019  35.940 0.0000000000
62118  12.587  4.602  50.274 0.0000000000
62819  12.523  5.424  50.587 0.0000000000
62827  12.858  5.493  49.929 0.0000000000
63483  13.152  6.284  49.635 0.0000000000
101244  7.480  -12.509  50.450 0.0000000000
49236  7.153  -12.519  49.666 0.0000000000
50176  9.407  -11.862  47.476 0.0000000000
114378  8.589  -12.337  48.093 0.0000000000
95713  9.089  -11.574  46.786 0.0000000000
110620  10.206  -10.710  46.420 0.0000000000
50930  18.187  -10.111  51.722 0.0000000000
51681  17.829  -9.647  51.303 0.0000000000
53310  17.516  -7.863  51.184 0.0000000000
53315  16.972  -7.940  50.520 0.0000000000
53311  16.885  -7.214  50.854 0.0000000000
56236  12.910  -3.378  56.876 0.0000000000
56243  12.574  -3.258  56.074 0.0000000000
56250  12.355  -3.385  54.671 0.0000000000
56269  12.368  -3.655  52.573 0.0000000000
111976  11.783  -3.549  52.856 0.0000000000
56259  11.468  -3.453  53.431 0.0000000000
56260  10.664  -3.416  53.409 0.0000000000
56252  10.131  -3.190  54.126 0.0000000000
109528  9.192  -2.994  54.585 0.0000000000
57022  9.473  -2.648  55.386 0.0000000000
56992  8.706  -2.447  57.782 0.0000000000
57718  7.762  -2.323  58.451 0.0000000000
99136  9.671  9.128  59.417 0.0000000000
55620  22.956  -4.421  40.293 0.0000000000
54924  22.965  -5.995  39.921 0.0000000000
53420  24.522  -7.551  39.528 0.0000000000
54188  25.064  -6.779  39.634 0.0000000000
54922  24.647  -6.082  39.945 0.0000000000
52578  31.474  -8.556  43.230 0.0000000000
52587  30.728  -8.514  42.432 0.0000000000
52586  31.493  -7.884  42.455 0.0000000000
54150  32.092  -6.701  41.866 0.0000000000
54151  31.593  -6.453  41.388 0.0000000000
54899  31.152  -5.465  41.052 0.0000000000
54882  31.874  -5.304  41.408 0.0000000000
114139  33.093  -4.813  42.106 0.0000000000
55568  32.755  -4.460  42.051 0.0000000000
55567  33.479  -4.400  42.375 0.0000000000
54133  34.702  -6.367  43.699 0.0000000000
54122  35.631  -6.286  44.821 0.0000000000
51709  37.078  -9.593  47.854 0.0000000000
51708  37.443  -9.144  47.374 0.0000000000
52534  38.161  -8.521  47.976 0.0000000000
51717  37.172  -9.128  46.452 0.0000000000
50977  35.496  -10.224  45.286 0.0000000000
51723  36.098  -9.779  45.604 0.0000000000
57060  2.447  -2.225  50.167 0.0000000000
114423  2.881  -2.748  48.877 0.0000000000
57087  1.475  -1.874  45.735 0.0000000000
55580  4.178  -4.072  41.846 0.0000000000
56395  3.518  -3.320  42.377 0.0000000000
66678  4.459  11.783  47.436 0.0000000000
66677  5.310  11.374  46.966 0.0000000000
102768  4.613  11.969  46.933 0.0000000000
111819  5.131  13.517  45.876 0.0000000000
99073  5.004  12.665  45.785 0.0000000000
67244  5.130  12.253  45.285 0.0000000000
67825  5.533  12.929  44.684 0.0000000000
57868  32.380  -1.186  39.690 0.0000000000
57166  32.820  -1.931  38.997 0.0000000000
57176  32.335  -2.314  37.183 0.0000000000
57877  31.196  -1.724  37.716 0.0000000000
57881  31.052  -1.787  36.763 0.0000000000
57882  30.151  -0.985  36.741 0.0000000000
58595  30.145  -0.752  35.824 0.0000000000
61532  47.551  4.818  32.452 0.0000000000
61571  52.225  4.443  30.548 0.0000000000
61587  52.383  4.886  30.245 0.0000000000
60743  53.316  3.354  29.865 0.0000000000
54972  49.484  -5.997  33.253 0.0000000000
55708  47.776  -4.817  31.749 0.0000000000
56488  49.724  -4.459  32.561 0.0000000000
56506  50.067  -3.603  32.423 0.0000000000
56507  49.143  -3.432  31.846 0.0000000000
56253  19.327  -3.617  53.745 0.0000000000
56265  19.350  -3.662  52.864 0.0000000000
56278  19.616  -4.105  51.623 0.0000000000
55488  19.517  -4.321  50.758 0.0000000000
55495  19.063  -3.724  50.433 0.0000000000
54071  20.409  -6.207  50.943 0.0000000000
54078  19.727  -6.430  49.220 0.0000000000
54072  19.977  -6.088  50.144 0.0000000000
54809  19.177  -5.162  48.844 0.0000000000
111447  18.903  -4.896  48.260 0.0000000000
54819  19.069  -5.541  48.024 0.0000000000
101317  19.299  -6.806  46.886 0.0000000000
105036  19.084  -6.238  46.886 0.0000000000
54104  19.052  -6.479  46.224 0.0000000000
51657  23.461  -8.959  58.508 0.0000000000
95575  24.147  -8.010  59.420 0.0000000000
54030  24.423  -4.282  59.713 0.0000000000
54033  24.067  -4.222  59.900 0.0000000000
54755  24.261  -3.847  59.587 0.0000000000
54041  24.504  -6.046  56.938 0.0000000000
54042  23.862  -6.172  56.229 0.0000000000
54769  23.034  -4.892  56.623 0.0000000000
54762  23.759  -3.736  58.681 0.0000000000
55467  22.208  -3.959  56.979 0.0000000000
55472  21.575  -4.577  55.242 0.0000000000
99108  20.569  -4.468  53.624 0.0000000000
101383  23.559  -16.978  60.697 0.0000000000
104604  23.847  -15.872  60.552 0.0000000000
48247  25.423  -13.720  60.181 0.0000000000
46525  24.026  -14.800  60.521 0.0000000000
47392  24.042  -13.835  60.572 0.0000000000
48249  22.835  -13.734  60.921 0.0000000000
50030  27.038  -10.648  57.921 0.0000000000
50000  26.732  -10.806  59.105 0.0000000000
50895  25.135  -9.928  60.571 0.0000000000
49987  24.470  -10.738  60.914 0.0000000000
102126  23.283  -9.684  61.295 0.0000000000
52487  24.225  -8.088  60.129 0.0000000000
51652  23.311  -8.663  60.777 0.0000000000
50904  22.125  -9.952  59.656 0.0000000000
45692  24.527  -16.266  52.241 0.0000000000
44774  24.976  -16.933  52.788 0.0000000000
45679  24.451  -16.360  53.164 0.0000000000
46579  24.298  -15.897  54.696 0.0000000000
104403  24.690  -16.600  54.856 0.0000000000
101119  25.710  -17.295  56.285 0.0000000000
44734  25.246  -16.508  56.195 0.0000000000
48296  24.643  -13.844  55.561 0.0000000000
47444  24.154  -14.378  54.795 0.0000000000
110272  24.944  -14.333  56.288 0.0000000000
46547  26.595  -15.241  58.438 0.0000000000
46548  25.866  -15.266  57.478 0.0000000000
45647  26.320  -16.075  57.954 0.0000000000
45635  26.652  -16.838  59.236 0.0000000000
44708  24.336  -17.659  60.519 0.0000000000
54113  18.992  -6.784  45.365 0.0000000000
51713  20.516  -9.042  46.832 0.0000000000
52547  20.225  -8.771  46.201 0.0000000000
51694  21.392  -9.585  48.709 0.0000000000
50937  22.508  -10.188  49.825 0.0000000000
113662  23.095  -11.378  49.281 0.0000000000
50153  22.788  -11.189  48.749 0.0000000000
50163  22.475  -11.057  47.852 0.0000000000
50152  23.202  -11.830  48.925 0.0000000000
49246  23.320  -12.599  48.477 0.0000000000
46641  23.675  -15.135  51.695 0.0000000000
46640  24.175  -15.711  51.482 0.0000000000
45714  24.797  -16.169  51.379 0.0000000000
102093  8.284  25.240  54.037 0.0000000000
111489  8.099  25.798  53.747 0.0000000000
110382  8.350  24.901  54.716 0.0000000000
73848  8.013  26.376  55.431 0.0000000000
74276  8.303  26.995  54.807 0.0000000000
74707  8.865  28.448  53.533 0.0000000000
74703  9.424  28.345  54.439 0.0000000000
73013  11.446  25.516  54.889 0.0000000000
73435  10.818  25.700  55.074 0.0000000000
73426  10.234  26.136  55.866 0.0000000000
74701  10.930  29.084  55.332 0.0000000000
74691  9.813  28.019  56.357 0.0000000000
74702  10.320  28.872  54.774 0.0000000000
113344  10.702  29.183  54.107 0.0000000000
75162  11.122  29.512  53.659 0.0000000000
75166  12.104  29.794  53.277 0.0000000000
75706  13.571  30.261  52.088 0.0000000000
76265  13.741  30.907  51.167 0.0000000000
62747  3.453  6.456  60.520 0.0000000000
64068  3.542  7.337  60.342 0.0000000000
65429  4.379  9.427  60.015 0.0000000000
64714  3.498  8.463  58.907 0.0000000000
67711  8.106  14.030  59.118 0.0000000000
67712  7.297  13.733  58.809 0.0000000000
67155  5.806  12.969  58.092 0.0000000000
67153  5.422  12.289  58.358 0.0000000000
66564  4.493  11.110  58.179 0.0000000000
66566  4.693  11.946  58.004 0.0000000000
66567  4.396  11.334  57.357 0.0000000000
115276  6.588  14.343  56.453 0.0000000000
67723  5.160  13.205  56.501 0.0000000000
68248  6.037  14.204  55.845 0.0000000000
67729  4.853  13.108  55.570 0.0000000000
68253  6.102  14.451  55.039 0.0000000000
68754  7.584  15.352  55.421 0.0000000000
69206  9.186  16.772  56.264 0.0000000000
69699  9.822  17.141  55.799 0.0000000000
106711  10.106  18.544  57.436 0.0000000000
71136  10.880  20.924  56.155 0.0000000000
70664  10.868  20.200  56.135 0.0000000000
71142  11.276  20.702  55.490 0.0000000000
72554  9.745  23.581  55.073 0.0000000000
72565  9.611  24.105  53.785 0.0000000000
55543  41.289  -4.512  45.245 0.0000000000
55531  41.740  -4.052  45.098 0.0000000000
54855  42.100  -4.774  43.974 0.0000000000
55564  42.981  -4.734  43.449 0.0000000000
54895  42.495  -5.867  41.560 0.0000000000
54162  43.209  -6.413  41.139 0.0000000000
54180  42.476  -6.960  40.277 0.0000000000
53428  42.375  -8.182  39.200 0.0000000000
52634  42.791  -8.631  38.817 0.0000000000
49192  8.840  -12.293  52.455 0.0000000000
49193  8.008  -12.342  52.565 0.0000000000
49225  8.586  -12.451  51.118 0.0000000000
101103  16.937  -4.677  57.015 0.0000000000
55459  16.630  -4.297  57.643 0.0000000000
112482  15.567  -3.814  57.835 0.0000000000
97530  15.167  -3.777  57.075 0.0000000000
56226  14.904  -3.651  58.051 0.0000000000
56977  13.733  -2.335  61.565 0.0000000000
97717  14.744  -2.722  61.960 0.0000000000
56970  13.585  -2.902  62.644 0.0000000000
56201  12.679  -3.115  62.660 0.0000000000
56200  13.260  -3.199  62.515 0.0000000000
56218  13.271  -3.565  59.762 0.0000000000
56219  12.279  -3.436  59.973 0.0000000000
97396  11.119  -2.877  60.130 0.0000000000
96757  11.032  -2.772  58.741 0.0000000000
56980  10.556  -2.521  60.802 0.0000000000
56974  10.038  -2.174  61.342 0.0000000000
105049  10.245  -1.495  62.082 0.0000000000
58421  9.812  0.018  61.637 0.0000000000
59795  9.915  1.664  61.262 0.0000000000
59801  9.685  1.904  58.739 0.0000000000
60521  9.878  2.728  59.100 0.0000000000
61336  10.321  3.572  61.015 0.0000000000
49258  34.661  -12.436  47.603 0.0000000000
48331  33.859  -14.010  48.473 0.0000000000
47514  32.742  -14.849  47.569 0.0000000000
46671  33.005  -15.089  48.392 0.0000000000
46659  32.936  -16.010  49.593 0.0000000000
50239  27.425  -11.152  42.973 0.0000000000
50226  28.129  -11.316  43.591 0.0000000000
50202  29.669  -11.704  45.220 0.0000000000
50225  28.917  -11.215  43.958 0.0000000000
109301  29.526  -10.995  44.197 0.0000000000
49244  31.383  -12.255  48.870 0.0000000000
50170  31.452  -11.468  47.539 0.0000000000
109937  31.429  -10.805  46.312 0.0000000000
50993  31.117  -10.274  44.926 0.0000000000
51726  31.743  -9.886  45.303 0.0000000000
51741  31.480  -9.613  44.531 0.0000000000
51724  33.128  -9.080  45.933 0.0000000000
52546  33.793  -8.647  46.282 0.0000000000
51701  34.578  -9.262  48.837 0.0000000000
51700  35.429  -8.644  49.320 0.0000000000
51693  35.718  -8.694  50.578 0.0000000000
50136  34.871  -10.469  52.699 0.0000000000
50922  35.774  -9.805  52.834 0.0000000000
50928  36.527  -9.298  52.754 0.0000000000
50927  37.040  -9.158  52.329 0.0000000000
50932  37.150  -9.732  51.579 0.0000000000
49242  35.658  -11.960  49.210 0.0000000000
50160  35.928  -11.286  48.556 0.0000000000
59849  3.660  2.408  49.536 0.0000000000
59181  2.677  2.133  48.213 0.0000000000
59192  4.028  1.420  47.510 0.0000000000
58488  3.092  1.039  46.897 0.0000000000
58501  4.026  -0.043  46.680 0.0000000000
57790  3.228  -0.220  45.927 0.0000000000
59865  6.061  1.385  47.999 0.0000000000
59190  6.502  0.478  47.587 0.0000000000
57084  6.291  -2.007  46.121 0.0000000000
57788  5.865  -1.278  46.529 0.0000000000
57115  5.166  -2.514  44.610 0.0000000000
56352  4.613  -2.713  43.825 0.0000000000
55578  6.315  -4.445  42.156 0.0000000000
55601  6.967  -4.976  41.615 0.0000000000
57784  9.119  -1.214  45.864 0.0000000000
57095  9.221  -2.220  45.047 0.0000000000
57800  9.451  -1.476  45.320 0.0000000000
64191  13.533  7.719  43.477 0.0000000000
109772  9.446  19.381  46.500 0.0000000000
70262  8.181  18.661  46.491 0.0000000000
70742  8.503  19.392  46.374 0.0000000000
71683  7.818  21.942  45.496 0.0000000000
56450  36.199  -3.720  35.225 0.0000000000
61519  50.046  5.253  34.759 0.0000000000
61531  50.250  5.648  33.660 0.0000000000
61518  50.221  4.567  34.171 0.0000000000
59140  11.003  0.407  55.201 0.0000000000
59145  11.184  0.653  54.397 0.0000000000
59151  11.415  1.061  53.522 0.0000000000
60544  11.445  1.914  52.729 0.0000000000
58449  14.243  -0.775  53.181 0.0000000000
58456  13.414  -0.277  52.978 0.0000000000
59830  13.096  0.954  50.934 0.0000000000
59157  12.642  0.944  51.663 0.0000000000
107477  12.282  2.071  51.207 0.0000000000
60557  12.360  2.660  50.745 0.0000000000
59840  12.644  2.044  50.649 0.0000000000
61401  13.550  3.357  48.554 0.0000000000
108104  17.605  -2.666  52.435 0.0000000000
95693  17.210  -2.281  50.839 0.0000000000
57753  16.369  -1.480  49.862 0.0000000000
57071  18.299  -2.514  47.851 0.0000000000
57065  17.970  -2.051  48.330 0.0000000000
57763  17.649  -1.596  48.036 0.0000000000
58476  16.343  -0.529  47.871 0.0000000000
57764  17.053  -1.122  48.189 0.0000000000
58470  15.496  -0.448  49.000 0.0000000000
58478  15.176  0.070  48.694 0.0000000000
59180  14.655  0.652  48.777 0.0000000000
59179  15.236  0.448  48.135 0.0000000000
108970  15.223  1.565  46.722 0.0000000000
59861  14.650  1.726  47.579 0.0000000000
104131  14.405  3.123  46.956 0.0000000000
60595  14.798  2.981  46.237 0.0000000000
61422  15.372  3.748  45.058 0.0000000000
60605  15.873  3.054  44.633 0.0000000000
61429  15.833  3.901  44.450 0.0000000000
60612  16.484  2.799  44.083 0.0000000000
105915  17.545  0.358  44.506 0.0000000000
59220  17.106  0.952  44.674 0.0000000000
59897  18.153  1.868  42.681 0.0000000000
59889  17.499  2.037  43.382 0.0000000000
61433  17.522  3.515  42.924 0.0000000000
62167  17.805  4.260  42.761 0.0000000000
108024  19.310  2.243  41.658 0.0000000000
61449  19.344  3.302  41.760 0.0000000000
61448  19.956  3.506  41.657 0.0000000000
60626  20.410  2.790  41.419 0.0000000000
49157  14.331  -12.176  55.724 0.0000000000
49168  14.459  -12.216  54.806 0.0000000000
49154  17.914  -12.402  55.549 0.0000000000
50091  18.637  -11.433  53.290 0.0000000000
49164  18.242  -11.988  54.096 0.0000000000
50092  17.787  -11.760  53.243 0.0000000000
50111  18.084  -11.241  52.522 0.0000000000
50110  18.735  -10.987  52.703 0.0000000000
52509  19.713  -8.570  53.574 0.0000000000
52512  19.352  -9.119  52.841 0.0000000000
53301  19.256  -7.784  53.617 0.0000000000
53302  18.731  -7.405  53.266 0.0000000000
54058  18.989  -7.126  53.960 0.0000000000
51660  23.266  -8.801  57.488 0.0000000000
52496  22.776  -8.519  56.726 0.0000000000
53294  21.772  -7.810  56.025 0.0000000000
112675  21.282  -7.365  55.934 0.0000000000
105711  22.931  -3.422  60.063 0.0000000000
54045  20.350  -6.624  55.919 0.0000000000
54051  19.998  -7.130  55.094 0.0000000000
54771  20.047  -5.986  56.408 0.0000000000
55463  19.552  -4.913  57.862 0.0000000000
54766  18.619  -5.425  56.682 0.0000000000
55465  17.643  -5.040  56.888 0.0000000000
96296  18.398  -2.928  60.111 0.0000000000
56222  17.958  -3.671  59.155 0.0000000000
56205  17.536  -2.911  60.314 0.0000000000
56197  16.902  -2.952  60.876 0.0000000000
97169  17.068  -2.207  57.832 0.0000000000
56995  18.035  -2.381  58.706 0.0000000000
57714  15.480  -1.611  57.274 0.0000000000
56997  15.816  -1.971  58.247 0.0000000000
56988  16.167  -2.326  59.567 0.0000000000
57715  15.152  -1.603  58.090 0.0000000000
57716  14.248  -1.221  57.855 0.0000000000
58439  12.332  -0.434  55.519 0.0000000000
108269  21.701  -17.237  61.148 0.0000000000
100869  19.314  -16.734  61.227 0.0000000000
45630  18.563  -16.539  61.026 0.0000000000
49061  19.542  -12.302  62.216 0.0000000000
48236  19.766  -13.268  62.128 0.0000000000
48237  19.031  -13.193  62.288 0.0000000000
47395  14.262  -14.444  60.916 0.0000000000
49086  14.371  -12.562  61.301 0.0000000000
109385  14.026  -12.425  60.657 0.0000000000
49106  12.470  -12.064  60.867 0.0000000000
46598  33.686  -15.585  54.621 0.0000000000
43907  32.278  -17.891  54.811 0.0000000000
43894  34.037  -18.510  56.243 0.0000000000
43150  34.275  -18.815  56.194 0.0000000000
43885  33.660  -19.156  56.278 0.0000000000
43178  30.573  -19.018  54.661 0.0000000000
43908  30.881  -18.286  54.134 0.0000000000
42425  31.573  -21.372  56.873 0.0000000000
108003  32.253  -21.005  56.820 0.0000000000
42424  32.740  -20.884  56.587 0.0000000000
98562  32.225  -21.489  56.775 0.0000000000
40820  31.962  -22.027  56.461 0.0000000000
40821  31.245  -22.641  56.435 0.0000000000
43898  26.432  -18.270  54.474 0.0000000000
98705  26.420  -18.339  55.258 0.0000000000
43146  27.435  -19.362  56.908 0.0000000000
96456  28.027  -20.032  56.965 0.0000000000
61447  20.778  3.485  41.634 0.0000000000
58566  20.194  -0.132  41.026 0.0000000000
59255  20.597  0.503  40.882 0.0000000000
105446  21.139  -1.000  40.520 0.0000000000
57862  20.706  -1.753  40.611 0.0000000000
57142  19.330  -3.080  41.766 0.0000000000
56410  19.678  -3.682  41.302 0.0000000000
104772  20.735  -4.996  40.561 0.0000000000
112884  20.347  -4.599  40.755 0.0000000000
56420  20.893  -3.199  40.483 0.0000000000
55622  21.303  -4.503  40.392 0.0000000000
103517  21.538  -5.295  40.305 0.0000000000
52611  22.194  -8.475  40.311 0.0000000000
53399  22.331  -7.555  39.968 0.0000000000
52627  23.154  -8.881  39.945 0.0000000000
100000  23.282  -9.504  40.406 0.0000000000
52567  19.746  -8.328  44.524 0.0000000000
51759  20.500  -9.206  43.727 0.0000000000
51768  20.761  -9.329  42.995 0.0000000000
49276  23.398  -12.393  46.343 0.0000000000
50186  23.155  -11.912  45.736 0.0000000000
49290  23.683  -12.488  45.582 0.0000000000
50220  22.842  -11.440  44.326 0.0000000000
50232  23.013  -11.433  43.661 0.0000000000
51013  22.124  -10.498  42.968 0.0000000000
113889  22.506  -10.565  42.471 0.0000000000
50242  22.931  -11.087  42.855 0.0000000000
50229  24.847  -11.877  43.121 0.0000000000
50241  24.265  -11.496  42.578 0.0000000000
50240  25.121  -11.409  42.444 0.0000000000
50228  25.758  -11.706  43.069 0.0000000000
95582  26.630  -11.485  43.051 0.0000000000
49303  26.402  -12.068  43.689 0.0000000000
48360  27.528  -13.337  45.851 0.0000000000
48349  28.429  -13.029  46.129 0.0000000000
48339  29.163  -12.981  46.705 0.0000000000
46674  27.930  -15.057  48.748 0.0000000000
47504  27.947  -14.682  48.226 0.0000000000
47488  29.814  -14.828  50.259 0.0000000000
47495  29.651  -14.389  49.560 0.0000000000
48328  29.793  -13.794  48.941 0.0000000000
47494  30.219  -14.309  50.031 0.0000000000
48322  30.825  -13.814  50.253 0.0000000000
47474  32.540  -14.738  53.014 0.0000000000
74283  7.613  27.418  52.177 0.0000000000
97747  8.005  29.904  51.957 0.0000000000
76270  8.112  31.565  51.676 0.0000000000
76750  7.927  32.372  51.500 0.0000000000
77272  8.390  33.284  51.704 0.0000000000
77270  10.578  33.781  51.422 0.0000000000
106533  10.180  32.906  51.590 0.0000000000
77821  9.721  34.334  51.752 0.0000000000
78352  8.121  35.533  52.460 0.0000000000
56299  7.737  -3.905  49.577 0.0000000000
96980  7.256  -4.403  48.517 0.0000000000
95526  6.854  -3.731  49.977 0.0000000000
56287  5.334  -3.473  51.679 0.0000000000
97454  5.045  -3.476  50.777 0.0000000000
56294  5.070  -3.518  50.011 0.0000000000
110165  4.468  -3.395  51.582 0.0000000000
57736  3.236  -2.324  56.411 0.0000000000
57036  3.128  -3.046  55.156 0.0000000000
57745  2.272  -2.029  54.133 0.0000000000
57047  2.562  -2.698  53.579 0.0000000000
57053  2.829  -2.641  52.552 0.0000000000
57059  3.123  -2.818  50.597 0.0000000000
57751  2.534  -2.030  51.946 0.0000000000
59154  3.121  0.020  53.314 0.0000000000
59163  2.864  0.405  51.728 0.0000000000
101623  2.456  5.219  59.925 0.0000000000
61338  2.371  3.585  59.744 0.0000000000
62063  2.928  5.126  59.468 0.0000000000
62062  5.125  4.718  58.527 0.0000000000
99015  4.454  4.110  58.813 0.0000000000
60522  5.603  2.759  58.269 0.0000000000
61341  5.995  3.530  58.137 0.0000000000
64083  5.926  7.432  57.733 0.0000000000
63420  5.220  6.933  58.116 0.0000000000
101625  6.351  6.564  57.716 0.0000000000
61348  7.162  3.863  56.404 0.0000000000
61345  6.988  3.999  57.018 0.0000000000
61349  6.783  3.349  56.937 0.0000000000
107756  6.687  2.435  55.403 0.0000000000
59808  6.279  1.574  55.194 0.0000000000
59811  6.188  1.805  54.380 0.0000000000
59816  5.906  2.018  53.638 0.0000000000
59824  4.856  1.909  52.585 0.0000000000
110223  4.637  2.132  51.707 0.0000000000
59841  3.790  2.264  50.434 0.0000000000
100833  5.547  2.465  51.913 0.0000000000
60559  6.387  2.995  51.597 0.0000000000
61385  7.155  3.608  51.394 0.0000000000
63438  8.566  6.392  54.342 0.0000000000
62795  8.662  5.954  53.539 0.0000000000
62805  9.068  6.013  52.117 0.0000000000
62806  8.640  5.514  52.782 0.0000000000
62106  7.735  4.166  50.878 0.0000000000
62105  8.247  4.735  51.344 0.0000000000
62111  8.230  4.670  50.440 0.0000000000
62821  8.677  5.261  50.875 0.0000000000
62820  9.171  5.762  50.425 0.0000000000
63478  9.713  6.412  49.961 0.0000000000
63477  10.206  7.119  49.947 0.0000000000
64152  10.505  7.582  49.515 0.0000000000
64147  10.375  7.804  50.266 0.0000000000
65500  9.702  10.420  51.026 0.0000000000
110742  10.098  10.190  50.443 0.0000000000
66082  9.627  10.889  50.281 0.0000000000
66097  9.551  11.148  49.466 0.0000000000
66645  8.810  11.364  50.053 0.0000000000
66608  5.949  11.367  51.769 0.0000000000
95883  5.325  11.467  50.810 0.0000000000
66634  4.616  11.607  49.902 0.0000000000
66647  4.250  11.728  48.851 0.0000000000
66646  5.675  11.438  49.243 0.0000000000
66663  4.183  11.886  48.202 0.0000000000
67803  6.311  13.593  48.463 0.0000000000
68826  8.005  15.079  47.628 0.0000000000
68825  8.781  15.214  47.983 0.0000000000
68271  7.458  14.882  53.964 0.0000000000
96427  9.425  15.617  52.924 0.0000000000
115037  8.825  15.289  52.982 0.0000000000
68281  9.048  15.163  52.418 0.0000000000
68290  8.512  14.617  51.768 0.0000000000
68779  9.626  15.561  52.319 0.0000000000
103006  11.637  18.676  52.983 0.0000000000
70691  12.068  19.146  52.293 0.0000000000
70230  11.872  17.794  50.815 0.0000000000
69735  11.429  17.361  51.334 0.0000000000
69260  11.123  16.735  50.835 0.0000000000
68796  10.214  15.703  50.840 0.0000000000
69261  10.712  16.195  50.389 0.0000000000
68809  10.211  15.663  49.939 0.0000000000
69272  10.697  16.236  49.447 0.0000000000
102710  11.530  17.873  47.903 0.0000000000
69765  11.070  17.127  47.954 0.0000000000
69772  10.958  17.903  47.424 0.0000000000
70253  10.026  18.050  46.977 0.0000000000
70252  10.760  18.576  47.078 0.0000000000
71665  12.050  21.358  47.508 0.0000000000
102725  11.629  20.812  47.191 0.0000000000
71673  11.639  21.774  46.951 0.0000000000
72150  11.323  22.449  46.562 0.0000000000
73049  11.988  24.126  49.087 0.0000000000
72602  12.269  23.436  48.787 0.0000000000
73054  11.770  24.768  48.608 0.0000000000
74295  11.129  26.979  47.769 0.0000000000
73469  11.643  25.569  47.649 0.0000000000
73878  11.413  26.295  47.386 0.0000000000
73881  11.278  26.279  46.639 0.0000000000
58507  33.489  -0.207  47.440 0.0000000000
58521  32.871  0.314  46.549 0.0000000000
59206  33.649  0.709  46.779 0.0000000000
59225  34.888  1.493  45.506 0.0000000000
59226  33.714  1.049  44.703 0.0000000000
58547  33.268  0.531  43.268 0.0000000000
58533  37.525  1.132  45.421 0.0000000000
58545  37.100  0.361  43.820 0.0000000000
57844  36.497  -1.042  41.841 0.0000000000
58557  35.387  -0.477  42.071 0.0000000000
58558  34.731  -0.278  42.153 0.0000000000
57846  35.011  -0.821  41.393 0.0000000000
57855  34.593  -1.278  40.711 0.0000000000
57854  35.427  -1.423  40.894 0.0000000000
57163  36.621  -2.553  39.791 0.0000000000
95552  35.889  -2.410  39.704 0.0000000000
56427  37.054  -3.180  39.195 0.0000000000
56428  36.203  -3.005  38.987 0.0000000000
56323  42.517  -2.928  44.735 0.0000000000
57101  41.869  -2.336  44.583 0.0000000000
57120  42.901  -2.808  44.360 0.0000000000
56377  43.129  -2.706  42.952 0.0000000000
100401  42.121  -2.391  43.392 0.0000000000
55608  45.073  -4.344  41.900 0.0000000000
55586  44.461  -3.785  42.325 0.0000000000
55609  44.082  -3.918  41.247 0.0000000000
55611  41.479  -3.662  40.049 0.0000000000
56414  40.898  -3.293  40.565 0.0000000000
56416  39.060  -3.109  40.227 0.0000000000
55639  39.660  -4.366  38.234 0.0000000000
55632  39.150  -3.921  38.873 0.0000000000
55640  38.764  -4.173  38.108 0.0000000000
55641  37.967  -4.017  37.945 0.0000000000
55647  38.424  -4.311  37.457 0.0000000000
55661  40.561  -5.033  35.386 0.0000000000
96267  41.487  -5.050  35.017 0.0000000000
54940  44.160  -5.616  36.979 0.0000000000
97379  43.428  -5.432  36.882 0.0000000000
55680  47.117  -4.793  34.034 0.0000000000
54208  48.873  -8.144  36.286 0.0000000000
53449  49.203  -7.957  36.037 0.0000000000
54214  49.474  -7.576  35.612 0.0000000000
54217  49.496  -7.451  34.992 0.0000000000
54226  49.440  -6.903  34.268 0.0000000000
53474  45.235  -7.211  32.942 0.0000000000
54229  45.738  -6.878  32.512 0.0000000000
54974  46.134  -6.452  32.022 0.0000000000
52681  43.654  -8.400  34.797 0.0000000000
52682  42.708  -8.315  34.755 0.0000000000
53477  42.742  -6.882  32.962 0.0000000000
104225  43.018  -6.703  32.398 0.0000000000
61657  56.423  4.014  23.075 0.0000000000
70650  12.550  19.309  60.732 0.0000000000
71120  12.915  19.952  60.606 0.0000000000
60536  10.491  2.684  53.957 0.0000000000
61364  10.269  3.488  54.432 0.0000000000
49251  5.928  -12.593  48.733 0.0000000000
49264  6.449  -12.539  47.951 0.0000000000
50190  6.728  -11.859  46.390 0.0000000000
50191  5.661  -11.917  46.284 0.0000000000
50207  6.103  -11.270  45.713 0.0000000000
108323  7.321  -10.564  45.410 0.0000000000
52559  8.188  -8.840  44.917 0.0000000000
50062  11.372  -11.468  56.020 0.0000000000
108777  11.248  -11.544  55.030 0.0000000000
50078  11.913  -11.578  54.290 0.0000000000
50098  11.377  -11.661  53.447 0.0000000000
50127  15.856  -11.120  51.183 0.0000000000
96452  14.994  -11.357  51.491 0.0000000000
50143  13.451  -11.414  50.778 0.0000000000
50129  13.050  -11.565  51.570 0.0000000000
50131  11.345  -11.821  51.528 0.0000000000
50132  10.634  -12.018  52.087 0.0000000000
50144  11.989  -11.681  50.991 0.0000000000
50164  12.455  -11.401  49.542 0.0000000000
50156  11.770  -11.611  49.542 0.0000000000
50165  12.027  -11.369  48.821 0.0000000000
55475  16.398  -4.917  55.079 0.0000000000
54790  15.651  -5.212  52.395 0.0000000000
54789  16.273  -5.478  52.680 0.0000000000
54793  16.072  -5.708  51.880 0.0000000000
54073  16.207  -6.773  50.545 0.0000000000
54070  15.769  -6.024  51.064 0.0000000000
114922  13.601  -3.743  53.280 0.0000000000
55482  14.217  -3.941  53.186 0.0000000000
54075  14.746  -5.994  49.923 0.0000000000
54079  15.165  -6.752  49.502 0.0000000000
53324  14.795  -7.123  48.858 0.0000000000
113579  14.653  -8.361  48.395 0.0000000000
53329  14.376  -7.544  48.382 0.0000000000
51714  13.369  -9.159  47.469 0.0000000000
96208  12.333  -10.584  47.693 0.0000000000
51716  12.261  -10.083  47.113 0.0000000000
50175  10.756  -11.388  47.643 0.0000000000
51715  12.076  -9.248  46.651 0.0000000000
110862  11.956  -7.770  46.820 0.0000000000
52549  11.443  -8.366  46.425 0.0000000000
55498  11.413  -4.085  50.705 0.0000000000
54812  11.028  -5.393  48.559 0.0000000000
54821  10.739  -5.812  47.816 0.0000000000
54098  10.123  -6.148  47.175 0.0000000000
53349  9.750  -7.282  46.065 0.0000000000
54822  9.750  -5.498  47.791 0.0000000000
55510  8.966  -4.602  48.976 0.0000000000
54815  8.407  -4.857  48.434 0.0000000000
54100  8.591  -5.532  47.319 0.0000000000
95557  8.302  -4.460  48.915 0.0000000000
56274  7.888  -3.480  52.326 0.0000000000
56285  8.060  -3.584  51.393 0.0000000000
56275  6.775  -3.424  52.500 0.0000000000
57023  8.520  -2.610  55.268 0.0000000000
57032  8.176  -2.981  54.656 0.0000000000
57730  6.184  -2.523  56.950 0.0000000000
57731  4.535  -2.456  56.970 0.0000000000
57711  3.737  -2.401  58.757 0.0000000000
58417  2.807  -1.623  61.091 0.0000000000
58418  1.689  -1.246  61.058 0.0000000000
59793  2.018  0.714  61.356 0.0000000000
58414  7.328  -1.037  61.138 0.0000000000
60513  8.246  2.689  60.873 0.0000000000
61330  7.770  3.537  60.539 0.0000000000
61331  6.358  3.558  60.531 0.0000000000
106267  5.992  0.990  60.834 0.0000000000
59791  4.986  1.695  60.857 0.0000000000
61332  4.106  3.293  60.923 0.0000000000
103691  4.170  4.342  60.851 0.0000000000
101854  2.928  2.908  61.275 0.0000000000
102936  3.912  5.452  60.730 0.0000000000
64710  7.052  8.552  59.655 0.0000000000
96504  7.035  10.110  59.640 0.0000000000
65426  8.079  10.019  59.477 0.0000000000
66011  9.734  10.592  59.527 0.0000000000
96833  9.915  11.967  59.619 0.0000000000
67146  9.695  12.851  59.768 0.0000000000
67707  9.638  13.799  59.951 0.0000000000
68232  10.441  14.206  60.298 0.0000000000
104679  12.430  17.151  61.150 0.0000000000
69192  11.218  16.169  61.045 0.0000000000
69674  11.875  18.038  61.186 0.0000000000
70158  11.822  18.942  60.839 0.0000000000
99879  33.467  -13.387  46.759 0.0000000000
49272  33.813  -12.683  46.348 0.0000000000
45677  34.732  -16.509  55.106 0.0000000000
43920  33.409  -18.536  53.241 0.0000000000
43934  32.778  -18.268  52.154 0.0000000000
43921  32.270  -18.970  52.237 0.0000000000
42441  31.391  -21.081  53.200 0.0000000000
59903  21.643  1.840  41.072 0.0000000000
60624  22.218  2.338  41.464 0.0000000000
59244  23.052  0.795  41.207 0.0000000000
59901  23.255  1.431  41.807 0.0000000000
59238  23.649  0.712  41.895 0.0000000000
112160  23.462  -3.583  40.563 0.0000000000
111011  23.464  -2.778  40.663 0.0000000000
57152  24.383  -2.545  41.518 0.0000000000
57849  24.174  -1.654  41.532 0.0000000000
57130  25.517  -2.715  43.972 0.0000000000
51025  27.232  -10.165  41.510 0.0000000000
51789  26.872  -9.322  40.264 0.0000000000
51778  27.540  -9.605  40.887 0.0000000000
52623  28.081  -7.869  39.827 0.0000000000
52624  27.346  -8.111  39.658 0.0000000000
54186  26.956  -6.957  39.554 0.0000000000
52596  30.346  -7.522  41.031 0.0000000000
52608  29.594  -7.388  40.537 0.0000000000
54170  29.586  -6.605  40.373 0.0000000000
55615  28.188  -5.096  40.866 0.0000000000
107294  27.734  -5.624  40.435 0.0000000000
54903  26.856  -5.625  40.420 0.0000000000
55594  25.797  -4.955  41.852 0.0000000000
55593  26.792  -4.936  41.841 0.0000000000
55557  26.452  -4.606  43.325 0.0000000000
56405  30.770  -3.964  41.804 0.0000000000
56383  30.215  -3.541  42.661 0.0000000000
57091  31.936  -2.144  47.244 0.0000000000
101880  32.632  -1.512  47.253 0.0000000000
57827  33.844  -1.502  45.685 0.0000000000
56378  34.348  -3.961  42.763 0.0000000000
113330  34.753  -3.251  43.240 0.0000000000
98128  36.145  -3.574  43.734 0.0000000000
57124  36.278  -1.807  44.495 0.0000000000
56356  37.170  -2.675  44.341 0.0000000000
55545  37.647  -4.014  44.711 0.0000000000
52545  34.567  -8.180  46.731 0.0000000000
53361  34.634  -7.357  45.170 0.0000000000
53345  34.910  -7.541  46.057 0.0000000000
53344  35.570  -7.154  46.461 0.0000000000
54103  36.043  -6.601  46.140 0.0000000000
54102  36.818  -6.333  46.684 0.0000000000
54076  38.513  -6.769  49.084 0.0000000000
54091  38.961  -5.877  48.772 0.0000000000
54092  38.116  -5.925  48.292 0.0000000000
54829  38.450  -5.304  46.829 0.0000000000
54837  39.165  -4.929  46.670 0.0000000000
54836  40.293  -5.259  46.625 0.0000000000
54110  40.232  -5.767  46.151 0.0000000000
52551  37.393  -8.422  45.181 0.0000000000
110398  38.130  -8.032  45.666 0.0000000000
108745  37.046  -8.009  43.620 0.0000000000
53368  38.104  -7.008  43.754 0.0000000000
53369  37.490  -7.352  43.287 0.0000000000
53374  37.397  -7.030  42.455 0.0000000000
72064  13.117  21.773  60.006 0.0000000000
106310  12.862  22.412  59.676 0.0000000000
72530  13.358  23.030  59.383 0.0000000000
73000  13.430  25.087  58.015 0.0000000000
73421  12.841  25.868  57.615 0.0000000000
74251  12.284  27.573  57.522 0.0000000000
75686  13.946  30.204  58.143 0.0000000000
75136  13.640  29.897  58.594 0.0000000000
75145  13.480  29.896  57.257 0.0000000000
74687  12.613  29.141  57.895 0.0000000000
75149  13.966  29.992  55.609 0.0000000000
55518  6.763  -4.495  48.006 0.0000000000
54833  6.622  -5.186  46.718 0.0000000000
55526  6.160  -4.612  47.298 0.0000000000
54843  5.417  -5.324  45.617 0.0000000000
54850  4.998  -5.874  44.947 0.0000000000
56315  3.532  -3.354  47.457 0.0000000000
103582  2.705  -5.926  44.136 0.0000000000
59194  1.829  1.375  47.323 0.0000000000
58490  1.555  0.593  47.118 0.0000000000
58503  1.663  0.228  46.109 0.0000000000
57819  1.487  -1.165  44.167 0.0000000000
57119  1.071  -1.688  43.985 0.0000000000
114072  0.993  -2.308  43.744 0.0000000000
56374  0.994  -2.853  43.169 0.0000000000
56396  2.410  -3.050  42.380 0.0000000000
115385  2.208  -4.276  41.942 0.0000000000
64808  10.877  8.147  49.092 0.0000000000
64807  11.302  8.759  48.726 0.0000000000
66113  11.070  10.379  48.008 0.0000000000
64816  11.681  8.740  47.879 0.0000000000
64815  12.122  9.237  47.155 0.0000000000
109375  9.322  11.416  47.128 0.0000000000
66684  9.121  11.369  46.380 0.0000000000
66682  10.655  11.363  45.948 0.0000000000
66120  11.957  10.487  46.081 0.0000000000
109130  12.299  9.660  46.436 0.0000000000
115551  12.458  9.913  45.840 0.0000000000
66123  12.410  10.375  45.370 0.0000000000
66126  12.863  10.419  43.984 0.0000000000
66129  13.139  10.082  43.305 0.0000000000
102438  12.691  10.712  43.001 0.0000000000
69783  5.747  17.847  46.127 0.0000000000
104080  6.155  17.093  46.329 0.0000000000
69300  5.632  17.093  45.943 0.0000000000
68851  5.800  15.785  44.586 0.0000000000
98419  5.417  16.024  45.166 0.0000000000
68348  5.932  14.655  44.389 0.0000000000
67824  6.060  13.640  44.263 0.0000000000
68352  6.634  14.214  43.758 0.0000000000
67832  8.513  13.730  42.648 0.0000000000
68355  7.850  14.193  42.908 0.0000000000
67827  7.902  13.357  43.212 0.0000000000
67256  8.442  12.896  43.162 0.0000000000
95546  31.264  0.131  44.337 0.0000000000
58538  30.510  -0.236  43.661 0.0000000000
58564  29.113  0.020  41.699 0.0000000000
58552  29.050  -0.063  42.519 0.0000000000
59242  28.418  0.338  42.051 0.0000000000
58583  30.472  -0.699  39.369 0.0000000000
58573  29.887  -0.443  40.178 0.0000000000
58585  28.984  -0.198  39.676 0.0000000000
57184  33.939  -2.744  34.844 0.0000000000
57185  33.292  -2.557  35.135 0.0000000000
57891  32.973  -1.689  34.244 0.0000000000
99674  52.219  4.619  28.841 0.0000000000
62308  54.135  5.232  28.040 0.0000000000
98258  53.775  5.029  27.660 0.0000000000
98257  54.765  4.928  26.128 0.0000000000
60811  55.204  2.634  25.653 0.0000000000
60791  55.541  3.139  25.852 0.0000000000
57220  46.030  -2.153  32.696 0.0000000000
58640  46.139  -0.773  32.678 0.0000000000
57921  46.392  -1.476  32.721 0.0000000000
57901  47.873  -1.332  33.271 0.0000000000
58639  47.142  -0.819  32.980 0.0000000000
59306  47.784  0.115  33.308 0.0000000000
103569  47.426  0.824  33.417 0.0000000000
97085  51.502  -4.715  34.787 0.0000000000
57191  51.587  -3.212  35.188 0.0000000000
58617  50.929  -0.451  34.572 0.0000000000
57899  51.469  -1.475  34.797 0.0000000000
105725  49.058  0.360  33.882 0.0000000000
105899  50.174  1.377  34.191 0.0000000000
59974  50.804  0.859  33.508 0.0000000000
59988  50.928  1.567  32.320 0.0000000000
57933  48.703  -1.867  30.981 0.0000000000
58656  48.891  -0.686  30.293 0.0000000000
58651  49.383  -1.149  30.916 0.0000000000
58650  50.630  -0.836  31.549 0.0000000000
58654  51.392  -0.080  31.257 0.0000000000
59330  51.405  0.397  31.384 0.0000000000
59350  50.317  0.632  27.234 0.0000000000
60018  52.746  1.856  27.571 0.0000000000
60030  52.787  1.658  26.551 0.0000000000
60044  52.897  1.461  25.597 0.0000000000
60055  53.015  1.271  24.687 0.0000000000
60064  53.256  1.145  23.749 0.0000000000
52507  22.809  -8.197  53.234 0.0000000000
53303  22.232  -7.849  52.747 0.0000000000
52510  22.627  -8.565  52.491 0.0000000000
52497  24.663  -8.570  55.240 0.0000000000
52498  23.987  -7.962  54.911 0.0000000000
52501  24.128  -8.569  54.545 0.0000000000
99938  25.605  -10.705  54.950 0.0000000000
50912  26.092  -10.550  55.832 0.0000000000
51663  25.215  -9.458  55.193 0.0000000000
50087  24.813  -11.166  53.789 0.0000000000
51678  22.808  -9.619  51.289 0.0000000000
50919  24.083  -10.553  52.691 0.0000000000
72532  10.689  23.211  59.190 0.0000000000
72536  11.386  23.674  58.776 0.0000000000
69678  10.495  16.676  60.699 0.0000000000
70163  10.801  18.366  60.559 0.0000000000
70164  10.585  19.080  59.883 0.0000000000
106286  9.942  4.021  56.153 0.0000000000
62075  10.402  4.819  56.179 0.0000000000
96433  11.695  -0.306  56.278 0.0000000000
96735  11.869  -0.483  57.224 0.0000000000
59136  10.459  0.588  56.590 0.0000000000
59137  9.928  1.093  57.131 0.0000000000
46636  35.509  -14.730  53.757 0.0000000000
48313  33.035  -13.258  52.697 0.0000000000
52560  7.647  -8.154  44.834 0.0000000000
53362  7.166  -7.538  44.851 0.0000000000
53358  7.052  -6.811  45.176 0.0000000000
54117  6.355  -6.404  45.172 0.0000000000
61402  8.165  3.852  48.641 0.0000000000
102104  8.811  4.205  48.341 0.0000000000
61411  8.621  3.515  48.032 0.0000000000
60590  9.177  2.991  47.437 0.0000000000
61418  9.789  3.399  46.932 0.0000000000
61417  10.344  3.805  46.396 0.0000000000
59284  41.288  0.906  34.309 0.0000000000
59955  44.364  1.973  34.471 0.0000000000
59954  45.060  1.452  33.813 0.0000000000
57040  15.860  -2.015  53.952 0.0000000000
55525  18.595  -4.503  46.288 0.0000000000
57111  18.476  -2.497  44.813 0.0000000000
97688  18.550  -3.276  44.319 0.0000000000
115484  18.580  -3.654  43.817 0.0000000000
49132  19.246  -12.358  57.530 0.0000000000
50050  20.637  -11.743  56.463 0.0000000000
50911  21.891  -10.817  56.481 0.0000000000
56237  20.584  -3.415  56.763 0.0000000000
101986  18.948  -3.182  55.551 0.0000000000
56239  18.362  -2.872  55.655 0.0000000000
57027  17.158  -2.517  54.975 0.0000000000
50001  21.058  -10.708  60.183 0.0000000000
102468  20.847  -10.851  60.763 0.0000000000
50002  20.553  -11.166  60.048 0.0000000000
50003  20.013  -11.458  60.119 0.0000000000
49101  19.433  -11.883  59.709 0.0000000000
49102  17.882  -12.474  59.541 0.0000000000
49118  18.783  -12.448  58.252 0.0000000000
44771  27.931  -17.667  52.226 0.0000000000
43923  28.184  -18.086  52.873 0.0000000000
43911  27.571  -18.437  53.482 0.0000000000
43897  27.200  -18.647  54.291 0.0000000000
43121  24.963  -19.306  60.220 0.0000000000
43122  24.259  -19.006  60.411 0.0000000000
43129  22.966  -19.299  59.715 0.0000000000
56389  18.780  -3.846  42.802 0.0000000000
54873  18.702  -5.597  43.276 0.0000000000
54143  18.953  -6.428  43.014 0.0000000000
106179  24.557  -15.364  49.636 0.0000000000
46652  25.086  -15.796  50.048 0.0000000000
45763  25.660  -15.792  49.707 0.0000000000
45762  26.463  -15.863  49.692 0.0000000000
45738  26.819  -16.252  50.503 0.0000000000
44787  27.640  -17.176  51.662 0.0000000000
73870  9.202  26.820  50.719 0.0000000000
74290  7.898  27.980  50.864 0.0000000000
74713  7.590  28.492  51.360 0.0000000000
76758  12.423  32.592  50.713 0.0000000000
77280  12.700  33.209  50.540 0.0000000000
77830  12.619  34.809  50.651 0.0000000000
59134  3.263  -1.234  58.143 0.0000000000
59129  2.407  -0.909  58.986 0.0000000000
66576  4.694  11.665  55.864 0.0000000000
66033  5.107  10.729  55.530 0.0000000000
66032  5.807  10.564  55.257 0.0000000000
66031  6.790  10.353  55.116 0.0000000000
66596  5.333  11.375  53.177 0.0000000000
67179  4.221  12.149  53.040 0.0000000000
112580  5.818  13.724  52.892 0.0000000000
72571  10.847  23.228  52.900 0.0000000000
72572  10.420  23.837  52.599 0.0000000000
72578  10.723  23.922  51.811 0.0000000000
73043  10.531  24.591  51.306 0.0000000000
73458  9.863  25.222  51.548 0.0000000000
104616  39.323  -0.653  45.398 0.0000000000
57807  40.253  -1.065  45.085 0.0000000000
57820  40.655  -1.180  44.763 0.0000000000
53393  46.391  -6.724  40.851 0.0000000000
53406  46.618  -7.208  40.276 0.0000000000
53438  47.115  -8.060  38.377 0.0000000000
62117  13.026  4.736  49.508 0.0000000000
49209  6.818  -12.474  51.760 0.0000000000
49235  7.946  -12.515  49.704 0.0000000000
49263  9.170  -12.268  48.286 0.0000000000
53306  18.507  -7.780  52.528 0.0000000000
52517  18.190  -8.269  51.788 0.0000000000
53307  17.895  -7.335  52.070 0.0000000000
57000  11.740  -2.986  57.846 0.0000000000
110563  11.971  -2.909  56.080 0.0000000000
56251  11.591  -3.155  54.744 0.0000000000
95488  11.078  -3.276  54.087 0.0000000000
57021  10.371  -2.670  55.506 0.0000000000
57012  9.825  -2.565  56.306 0.0000000000
56982  8.720  -2.459  59.304 0.0000000000
50992  34.913  -10.702  44.965 0.0000000000
50198  34.568  -11.357  45.463 0.0000000000
99407  23.646  -8.076  39.615 0.0000000000
53421  23.777  -7.269  39.592 0.0000000000
52625  25.094  -8.261  39.530 0.0000000000
52585  32.002  -7.958  43.013 0.0000000000
52577  32.578  -7.686  43.200 0.0000000000
54142  32.660  -6.583  42.273 0.0000000000
54871  32.296  -5.991  41.615 0.0000000000
54870  33.076  -5.862  42.175 0.0000000000
54869  33.839  -5.782  42.596 0.0000000000
112094  34.159  -6.301  43.016 0.0000000000
54123  35.012  -6.702  44.595 0.0000000000
50159  36.614  -10.558  49.096 0.0000000000
50958  36.467  -10.092  47.380 0.0000000000
50967  36.232  -9.960  46.478 0.0000000000
57762  2.053  -1.361  49.645 0.0000000000
112596  2.199  -1.986  48.383 0.0000000000
107391  1.900  -1.158  48.724 0.0000000000
104089  1.648  -0.759  47.760 0.0000000000
57773  1.415  -0.339  46.662 0.0000000000
67811  5.437  13.194  47.290 0.0000000000
68335  5.540  14.041  46.618 0.0000000000
68336  5.228  14.374  45.988 0.0000000000
57168  34.963  -2.702  38.558 0.0000000000
57170  33.692  -2.337  38.535 0.0000000000
57174  33.821  -2.625  37.601 0.0000000000
57175  33.192  -2.601  36.894 0.0000000000
57180  32.482  -2.408  36.290 0.0000000000
61550  50.474  5.363  31.938 0.0000000000
106252  50.863  5.225  31.541 0.0000000000
61573  51.262  5.013  31.022 0.0000000000
102730  47.393  -6.290  32.340 0.0000000000
108710  48.103  -5.664  32.256 0.0000000000
54984  47.219  -5.447  31.784 0.0000000000
54787  20.124  -4.714  51.987 0.0000000000
112208  20.368  -6.740  50.395 0.0000000000
95534  19.613  -6.787  48.397 0.0000000000
53336  19.559  -7.147  47.579 0.0000000000
103326  19.521  -7.418  46.842 0.0000000000
52489  24.802  -6.841  59.974 0.0000000000
54029  25.109  -4.690  59.677 0.0000000000
54754  24.920  -4.270  59.573 0.0000000000
54049  22.847  -6.673  54.632 0.0000000000
54043  23.232  -5.862  55.716 0.0000000000
46524  25.157  -15.242  60.293 0.0000000000
50899  26.661  -9.731  59.144 0.0000000000
105115  26.890  -8.786  58.909 0.0000000000
51651  26.316  -8.491  59.616 0.0000000000
51648  24.535  -8.918  60.851 0.0000000000
51649  23.511  -8.835  61.136 0.0000000000
100323  23.985  -15.682  53.020 0.0000000000
46580  23.919  -15.375  54.206 0.0000000000
46567  24.053  -15.147  54.850 0.0000000000
48288  25.537  -13.711  56.843 0.0000000000
48278  26.129  -13.999  57.639 0.0000000000
47420  26.377  -14.577  58.004 0.0000000000
46538  26.906  -15.218  59.129 0.0000000000
99841  26.554  -16.015  59.501 0.0000000000
46532  26.399  -15.225  59.845 0.0000000000
104626  20.607  -8.971  47.539 0.0000000000
51703  21.032  -9.397  47.943 0.0000000000
50936  23.369  -11.078  50.565 0.0000000000
50140  22.979  -10.939  49.650 0.0000000000
49222  23.506  -12.067  50.381 0.0000000000
100917  23.416  -13.096  50.402 0.0000000000
48323  23.479  -13.922  50.528 0.0000000000
73016  8.649  24.633  55.400 0.0000000000
73008  8.351  25.262  55.981 0.0000000000
73839  8.264  26.548  56.029 0.0000000000
73829  10.498  26.562  56.734 0.0000000000
74257  10.158  27.721  56.830 0.0000000000
75161  11.995  29.470  54.146 0.0000000000
75160  13.010  29.665  53.714 0.0000000000
64711  5.230  9.129  60.281 0.0000000000
65428  5.362  9.846  60.076 0.0000000000
66015  5.597  10.529  59.691 0.0000000000
68239  7.617  14.511  58.423 0.0000000000
67715  6.835  14.133  58.182 0.0000000000
67716  6.233  13.598  57.716 0.0000000000
67717  5.519  13.154  57.316 0.0000000000
68244  6.668  14.233  57.298 0.0000000000
68247  7.105  14.818  56.775 0.0000000000
68746  7.543  15.388  56.295 0.0000000000
111937  8.045  15.735  55.889 0.0000000000
69694  9.550  17.363  56.682 0.0000000000
104299  10.179  20.120  57.836 0.0000000000
71137  10.417  20.730  56.993 0.0000000000
54856  41.232  -4.957  44.872 0.0000000000
114293  40.591  -5.496  42.506 0.0000000000
50080  7.190  -11.516  54.883 0.0000000000
56216  16.683  -3.546  59.634 0.0000000000
56224  16.245  -3.925  58.302 0.0000000000
56217  16.154  -3.375  60.375 0.0000000000
56978  12.973  -2.543  62.419 0.0000000000
57691  12.226  -2.407  62.238 0.0000000000
56196  12.629  -2.989  62.776 0.0000000000
56202  12.177  -3.079  62.247 0.0000000000
56972  12.171  -2.591  62.261 0.0000000000
111443  11.336  -1.967  61.940 0.0000000000
58411  10.541  -1.253  62.178 0.0000000000
62065  10.265  4.038  58.451 0.0000000000
101821  34.744  -13.260  49.272 0.0000000000
48326  34.307  -13.996  49.328 0.0000000000
46647  33.169  -16.256  50.358 0.0000000000
50203  29.054  -12.072  44.976 0.0000000000
50185  29.946  -11.939  45.817 0.0000000000
50201  30.292  -11.419  45.570 0.0000000000
50161  32.307  -11.195  48.681 0.0000000000
50169  32.086  -11.010  47.925 0.0000000000
50970  32.418  -10.202  46.853 0.0000000000
50969  32.921  -9.825  47.194 0.0000000000
51711  33.585  -9.497  47.557 0.0000000000
51685  35.150  -9.406  50.864 0.0000000000
50107  35.477  -11.289  53.645 0.0000000000
96948  36.013  -11.346  53.300 0.0000000000
50134  36.811  -10.669  51.339 0.0000000000
60585  4.446  2.550  49.171 0.0000000000
59859  4.522  2.309  48.630 0.0000000000
59866  4.838  1.779  48.095 0.0000000000
108232  7.393  0.251  47.453 0.0000000000
58485  6.920  -0.286  47.332 0.0000000000
57787  6.882  -1.453  46.602 0.0000000000
56335  6.253  -2.871  44.855 0.0000000000
56351  6.809  -3.443  44.347 0.0000000000
56369  7.336  -3.790  43.701 0.0000000000
55577  7.211  -4.532  42.405 0.0000000000
56368  8.270  -3.695  43.809 0.0000000000
58516  10.107  -0.407  45.157 0.0000000000
57799  9.965  -1.033  44.917 0.0000000000
64188  13.339  7.686  44.269 0.0000000000
71675  10.147  21.266  46.202 0.0000000000
105722  8.624  20.674  45.956 0.0000000000
71222  8.976  21.423  45.751 0.0000000000
72161  8.666  22.520  45.458 0.0000000000
60688  49.642  4.673  35.686 0.0000000000
60702  49.767  3.535  35.017 0.0000000000
59150  12.179  0.514  53.222 0.0000000000
58459  13.742  -0.055  51.479 0.0000000000
59168  13.606  0.402  50.860 0.0000000000
59839  13.148  1.543  50.325 0.0000000000
59847  14.056  1.124  49.205 0.0000000000
56289  18.726  -3.272  51.086 0.0000000000
57057  18.058  -2.713  50.997 0.0000000000
57061  17.745  -2.131  49.180 0.0000000000
57771  17.577  -1.258  47.424 0.0000000000
58482  16.551  -0.292  47.195 0.0000000000
58483  15.833  0.171  47.466 0.0000000000
113780  15.251  2.251  46.063 0.0000000000
59232  18.290  0.086  43.300 0.0000000000
59233  17.887  0.602  43.643 0.0000000000
107831  18.765  2.087  41.980 0.0000000000
50051  12.880  -11.647  57.466 0.0000000000
113795  12.447  -11.528  56.910 0.0000000000
49163  18.954  -11.976  54.684 0.0000000000
50074  19.571  -11.543  54.382 0.0000000000
50090  19.380  -11.207  53.635 0.0000000000
50921  19.655  -10.464  53.323 0.0000000000
96426  19.847  -9.555  53.346 0.0000000000
52506  19.707  -7.687  54.287 0.0000000000
53287  23.412  -5.847  58.562 0.0000000000
54038  22.627  -5.851  58.015 0.0000000000
54039  21.915  -5.824  57.611 0.0000000000
55456  22.558  -3.086  60.083 0.0000000000
54759  20.454  -4.928  58.035 0.0000000000
99420  19.577  -4.039  58.742 0.0000000000
55453  18.642  -3.917  58.836 0.0000000000
98339  18.568  -2.874  60.063 0.0000000000
57723  16.194  -2.013  56.229 0.0000000000
57724  15.802  -1.760  56.712 0.0000000000
57726  14.214  -0.974  56.648 0.0000000000
113538  22.187  -15.420  60.929 0.0000000000
45628  21.103  -16.437  61.265 0.0000000000
46517  21.487  -15.336  61.168 0.0000000000
46518  20.389  -15.544  61.600 0.0000000000
47384  19.361  -15.208  62.113 0.0000000000
103814  17.863  -12.388  62.137 0.0000000000
48238  18.020  -13.374  62.442 0.0000000000
48239  17.080  -14.075  62.693 0.0000000000
105835  16.491  -14.437  62.607 0.0000000000
46523  16.143  -15.134  61.520 0.0000000000
47387  15.479  -14.526  62.175 0.0000000000
47396  13.216  -14.010  61.680 0.0000000000
101203  15.398  -12.486  59.210 0.0000000000
103480  14.378  -12.317  59.657 0.0000000000
49121  13.052  -11.848  59.510 0.0000000000
110485  32.542  -16.339  54.149 0.0000000000
42435  30.458  -20.516  56.106 0.0000000000
40809  30.276  -22.831  57.308 0.0000000000
43887  26.159  -18.034  55.913 0.0000000000
43879  26.821  -18.569  56.984 0.0000000000
43139  27.443  -19.351  57.908 0.0000000000
105474  20.154  1.203  41.209 0.0000000000
114625  19.861  -1.236  41.215 0.0000000000
54884  19.553  -5.370  41.591 0.0000000000
54909  20.519  -5.764  40.702 0.0000000000
98433  21.191  -6.198  40.384 0.0000000000
111795  21.161  -7.024  40.522 0.0000000000
52556  20.434  -9.149  45.507 0.0000000000
52566  20.268  -8.998  44.589 0.0000000000
108864  20.768  -9.548  45.011 0.0000000000
51743  21.208  -9.940  44.619 0.0000000000
50996  21.615  -10.329  44.302 0.0000000000
48363  24.335  -12.965  45.560 0.0000000000
49298  23.978  -12.434  44.639 0.0000000000
49306  23.889  -12.106  43.839 0.0000000000
106989  23.653  -11.474  42.843 0.0000000000
49305  24.600  -12.368  43.902 0.0000000000
49297  25.635  -12.619  44.288 0.0000000000
49296  26.708  -12.507  44.408 0.0000000000
99378  27.884  -13.617  46.437 0.0000000000
46650  28.617  -15.574  50.210 0.0000000000
46649  29.379  -15.441  50.556 0.0000000000
46648  30.112  -15.253  50.898 0.0000000000
46638  30.945  -14.976  51.457 0.0000000000
76766  7.738  32.620  49.982 0.0000000000
75169  8.559  29.349  52.480 0.0000000000
76269  9.118  31.521  51.866 0.0000000000
96792  6.334  -3.503  51.698 0.0000000000
57051  4.338  -3.368  53.349 0.0000000000
58442  3.177  -1.659  56.041 0.0000000000
57740  2.778  -2.280  55.924 0.0000000000
58447  2.966  -1.147  55.337 0.0000000000
58448  2.503  -1.366  54.558 0.0000000000
58453  2.495  -1.048  53.683 0.0000000000
59153  3.832  0.483  53.741 0.0000000000
63417  2.914  6.414  59.449 0.0000000000
105414  3.485  5.942  58.958 0.0000000000
62758  4.714  5.584  58.548 0.0000000000
63418  7.252  6.126  57.116 0.0000000000
62761  7.142  5.268  57.148 0.0000000000
114022  7.431  5.618  56.734 0.0000000000
62071  7.470  4.512  56.008 0.0000000000
60538  6.666  2.407  54.719 0.0000000000
60537  7.036  2.994  54.399 0.0000000000
100981  6.308  2.477  53.196 0.0000000000
60551  6.321  2.687  52.487 0.0000000000
61372  6.819  2.966  53.089 0.0000000000
61371  7.345  3.585  52.953 0.0000000000
62092  7.825  4.194  52.712 0.0000000000
64115  9.161  7.650  53.584 0.0000000000
63448  8.923  6.740  53.617 0.0000000000
63447  9.225  7.002  53.012 0.0000000000
63461  9.390  6.814  52.278 0.0000000000
62814  9.112  5.847  51.292 0.0000000000
100065  9.370  6.426  51.617 0.0000000000
64139  9.712  7.143  51.509 0.0000000000
64138  10.177  7.926  51.089 0.0000000000
64789  10.471  8.739  50.551 0.0000000000
66622  4.027  11.898  50.729 0.0000000000
97705  4.146  11.707  50.530 0.0000000000
67204  4.064  11.852  50.429 0.0000000000
67203  4.089  11.989  50.008 0.0000000000
67804  5.034  12.644  48.770 0.0000000000
67788  6.332  13.461  49.286 0.0000000000
68311  8.969  14.708  49.134 0.0000000000
108338  9.222  15.835  54.162 0.0000000000
69230  9.762  16.082  53.607 0.0000000000
69229  10.416  16.662  53.302 0.0000000000
70703  12.333  19.503  51.688 0.0000000000
70712  12.455  19.346  50.966 0.0000000000
70229  12.252  18.495  50.707 0.0000000000
69748  12.128  17.858  50.036 0.0000000000
69759  11.707  17.349  49.497 0.0000000000
69758  12.235  18.006  49.110 0.0000000000
70244  12.430  18.844  48.830 0.0000000000
70727  12.183  19.211  48.070 0.0000000000
70734  11.719  19.844  47.463 0.0000000000
70733  12.278  20.001  48.016 0.0000000000
71664  12.382  21.436  48.112 0.0000000000
72142  12.248  22.783  47.815 0.0000000000
73872  10.989  26.156  49.205 0.0000000000
73876  10.827  26.914  48.698 0.0000000000
58506  34.680  0.545  47.340 0.0000000000
59205  34.443  0.952  47.074 0.0000000000
59204  35.314  1.460  46.772 0.0000000000
57835  38.066  -0.546  43.374 0.0000000000
57836  37.148  -0.479  42.949 0.0000000000
57151  36.702  -1.689  41.173 0.0000000000
57853  36.067  -1.443  41.182 0.0000000000
99503  36.985  -2.223  40.520 0.0000000000
57156  37.423  -2.719  39.902 0.0000000000
55551  43.865  -3.177  44.080 0.0000000000
56376  44.130  -2.993  43.554 0.0000000000
56399  43.868  -3.166  42.654 0.0000000000
54916  44.911  -4.752  40.338 0.0000000000
55628  43.512  -4.189  40.042 0.0000000000
55629  42.113  -3.993  39.491 0.0000000000
55630  41.029  -4.025  39.228 0.0000000000
55638  40.618  -4.452  38.447 0.0000000000
103608  40.224  -4.820  37.455 0.0000000000
55652  41.153  -5.156  37.037 0.0000000000
54942  42.013  -5.255  36.725 0.0000000000
52678  47.592  -8.548  35.816 0.0000000000
53450  48.333  -8.256  35.494 0.0000000000
53459  47.469  -7.989  34.365 0.0000000000
62090  10.902  4.337  53.366 0.0000000000
50177  8.250  -11.824  46.802 0.0000000000
110273  7.517  -12.024  46.861 0.0000000000
50206  7.699  -10.971  45.691 0.0000000000
52558  9.027  -8.755  45.248 0.0000000000
103377  12.763  -11.683  54.765 0.0000000000
103406  13.293  -11.806  54.167 0.0000000000
50096  13.023  -11.685  53.267 0.0000000000
50940  15.865  -10.569  50.428 0.0000000000
50941  14.984  -10.851  50.170 0.0000000000
50155  12.616  -11.497  50.410 0.0000000000
110588  13.276  -11.270  49.826 0.0000000000
50955  13.519  -10.439  48.454 0.0000000000
55476  15.485  -4.318  54.734 0.0000000000
55480  16.003  -4.789  54.329 0.0000000000
99421  15.323  -4.405  53.860 0.0000000000
55484  15.059  -4.752  52.503 0.0000000000
55487  13.047  -3.841  52.206 0.0000000000
55491  13.806  -4.321  51.879 0.0000000000
55496  13.602  -4.722  50.988 0.0000000000
54803  13.959  -5.694  49.652 0.0000000000
54086  14.063  -6.822  48.585 0.0000000000
53337  13.966  -8.009  47.905 0.0000000000
53330  13.678  -7.285  48.056 0.0000000000
53338  13.352  -7.710  47.643 0.0000000000
52541  12.780  -8.730  47.069 0.0000000000
53339  12.685  -7.840  47.210 0.0000000000
53340  11.994  -7.007  47.255 0.0000000000
55499  10.660  -3.898  50.698 0.0000000000
96459  10.173  -4.144  50.012 0.0000000000
111259  10.115  -4.510  49.480 0.0000000000
55509  9.729  -4.723  49.021 0.0000000000
56291  8.527  -3.802  49.997 0.0000000000
56261  8.209  -3.371  53.264 0.0000000000
57729  7.366  -2.328  56.783 0.0000000000
57719  6.930  -2.298  57.648 0.0000000000
57702  3.836  -2.273  59.984 0.0000000000
111618  9.305  0.131  61.821 0.0000000000
58413  8.529  -0.800  61.602 0.0000000000
62753  8.105  5.456  59.978 0.0000000000
115541  7.836  4.322  60.365 0.0000000000
102149  5.665  4.289  60.550 0.0000000000
62746  5.190  5.659  60.517 0.0000000000
103267  11.628  12.213  60.144 0.0000000000
95889  10.229  11.202  59.642 0.0000000000
68228  11.125  14.728  60.558 0.0000000000
68726  12.312  15.830  60.835 0.0000000000
43905  34.754  -18.247  55.691 0.0000000000
59253  22.115  0.300  40.598 0.0000000000
59252  22.818  0.163  40.797 0.0000000000
58575  23.181  -0.674  40.824 0.0000000000
55596  24.346  -3.944  40.947 0.0000000000
57141  24.705  -2.102  42.206 0.0000000000
56388  24.928  -3.026  42.179 0.0000000000
56387  25.390  -3.696  42.745 0.0000000000
51766  28.724  -9.909  42.141 0.0000000000
51788  28.102  -8.988  40.539 0.0000000000
51777  28.418  -9.479  41.269 0.0000000000
52609  28.464  -8.311  40.298 0.0000000000
101367  30.203  -6.187  40.537 0.0000000000
54901  29.573  -5.801  40.426 0.0000000000
107328  27.730  -4.810  41.432 0.0000000000
55569  27.632  -4.481  42.130 0.0000000000
56385  27.514  -4.377  43.186 0.0000000000
100393  28.643  -3.881  43.424 0.0000000000
57129  31.289  -2.670  44.872 0.0000000000
57109  31.373  -2.782  46.598 0.0000000000
52544  35.198  -7.656  46.803 0.0000000000
53327  36.157  -7.620  48.435 0.0000000000
53334  36.684  -6.981  48.089 0.0000000000
52529  38.908  -7.774  48.728 0.0000000000
53325  39.075  -7.069  49.001 0.0000000000
54808  39.362  -5.963  48.370 0.0000000000
54817  39.264  -5.734  48.076 0.0000000000
54827  39.984  -5.846  47.797 0.0000000000
96887  40.159  -5.677  47.061 0.0000000000
53351  38.717  -7.264  45.611 0.0000000000
72529  14.663  23.059  59.422 0.0000000000
72994  14.447  24.499  58.503 0.0000000000
55519  5.494  -4.170  47.429 0.0000000000
55527  5.280  -4.387  46.833 0.0000000000
55537  4.906  -4.641  46.066 0.0000000000
55539  2.571  -3.612  45.511 0.0000000000
103561  2.857  -4.166  45.024 0.0000000000
58502  2.040  0.284  45.870 0.0000000000
58518  1.641  -0.211  45.488 0.0000000000
57133  1.731  -1.984  43.190 0.0000000000
98191  10.727  9.529  49.515 0.0000000000
65511  11.103  9.327  49.010 0.0000000000
65518  10.701  10.127  48.824 0.0000000000
66685  8.234  11.144  46.001 0.0000000000
66692  8.918  11.249  45.415 0.0000000000
66690  11.073  11.324  45.165 0.0000000000
66698  11.378  11.298  44.297 0.0000000000
95356  10.614  11.473  43.707 0.0000000000
115725  5.490  18.641  45.318 0.0000000000
69784  5.422  17.784  45.610 0.0000000000
69316  5.983  16.756  44.530 0.0000000000
58536  32.083  0.333  43.271 0.0000000000
109668  30.488  -0.237  42.806 0.0000000000
58563  29.867  -0.276  41.319 0.0000000000
58592  28.855  -0.234  37.728 0.0000000000
58590  28.880  -0.247  38.667 0.0000000000
61598  53.390  5.228  29.226 0.0000000000
62309  53.766  5.271  28.785 0.0000000000
62307  54.458  4.944  27.408 0.0000000000
62318  54.795  4.830  26.592 0.0000000000
61619  55.105  4.085  27.083 0.0000000000
60792  55.272  2.911  26.569 0.0000000000
60812  54.530  2.319  26.030 0.0000000000
102549  47.717  -2.966  33.459 0.0000000000
57219  47.077  -1.695  33.021 0.0000000000
56486  52.028  -3.704  34.191 0.0000000000
57190  52.318  -3.126  35.184 0.0000000000
110647  52.464  -2.751  35.011 0.0000000000
58604  51.833  -1.543  34.626 0.0000000000
98654  51.057  -0.226  34.420 0.0000000000
109851  50.705  0.397  34.136 0.0000000000
59302  51.549  -0.859  34.227 0.0000000000
58660  49.472  -0.075  29.967 0.0000000000
58659  50.655  0.239  30.396 0.0000000000
60003  51.975  1.231  30.450 0.0000000000
111837  51.810  1.215  29.739 0.0000000000
54057  21.391  -6.004  53.022 0.0000000000
54062  20.973  -5.991  52.319 0.0000000000
54066  21.190  -6.858  51.935 0.0000000000
53308  21.438  -7.622  51.552 0.0000000000
52521  20.792  -8.202  49.756 0.0000000000
53284  26.497  -6.038  58.939 0.0000000000
53285  25.741  -5.976  58.272 0.0000000000
53293  23.879  -7.227  55.402 0.0000000000
110897  26.969  -12.950  58.328 0.0000000000
101553  27.141  -12.849  58.913 0.0000000000
49115  26.955  -12.121  58.204 0.0000000000
50031  26.988  -11.385  57.827 0.0000000000
50905  26.970  -10.142  57.845 0.0000000000
51659  26.520  -9.966  56.660 0.0000000000
50908  26.879  -10.076  57.507 0.0000000000
51655  26.943  -9.396  58.006 0.0000000000
52490  26.787  -8.368  58.247 0.0000000000
106068  26.608  -7.334  58.438 0.0000000000
48303  23.759  -13.669  53.194 0.0000000000
48302  24.120  -13.081  53.795 0.0000000000
49152  24.850  -12.846  55.271 0.0000000000
107815  24.856  -11.759  54.223 0.0000000000
49142  25.152  -13.171  56.125 0.0000000000
49141  25.835  -12.723  56.882 0.0000000000
52526  21.066  -8.932  49.279 0.0000000000
110645  22.961  -10.217  50.596 0.0000000000
50929  23.386  -10.411  51.297 0.0000000000
49191  23.782  -11.973  51.809 0.0000000000
106452  9.133  23.894  56.518 0.0000000000
72543  9.285  23.866  57.486 0.0000000000
73007  9.908  24.303  56.724 0.0000000000
73006  10.922  24.822  55.692 0.0000000000
72540  9.861  23.987  58.248 0.0000000000
73425  11.318  25.541  56.613 0.0000000000
73825  11.303  27.076  57.272 0.0000000000
74252  11.469  27.734  57.403 0.0000000000
67148  7.612  12.312  59.402 0.0000000000
68237  9.027  15.147  59.015 0.0000000000
68736  8.336  15.650  58.431 0.0000000000
106936  8.453  16.392  58.307 0.0000000000
69198  8.772  17.016  58.089 0.0000000000
69688  9.332  17.499  57.625 0.0000000000
70171  9.947  18.755  58.358 0.0000000000
71132  9.943  20.306  58.706 0.0000000000
54868  39.253  -5.912  42.532 0.0000000000
95904  6.776  -11.436  56.731 0.0000000000
110542  8.450  -11.614  54.387 0.0000000000
50100  9.733  -11.822  53.634 0.0000000000
57697  13.600  -1.757  60.222 0.0000000000
58430  12.266  -0.707  58.391 0.0000000000
57707  12.192  -1.027  59.926 0.0000000000
60525  9.606  2.519  57.608 0.0000000000
48319  35.334  -13.642  51.312 0.0000000000
44784  32.377  -17.981  51.442 0.0000000000
49245  30.690  -12.652  48.535 0.0000000000
50150  32.123  -11.734  49.416 0.0000000000
111685  34.964  -11.658  54.000 0.0000000000
49188  35.795  -11.883  53.573 0.0000000000
60583  6.259  2.745  48.838 0.0000000000
59864  7.567  1.578  47.809 0.0000000000
112030  7.634  -0.338  47.192 0.0000000000
57096  8.552  -2.462  45.372 0.0000000000
57785  8.551  -1.324  46.217 0.0000000000
58496  9.009  -0.722  46.303 0.0000000000
59202  9.500  0.618  46.484 0.0000000000
59213  9.997  0.150  45.657 0.0000000000
62147  10.821  4.175  45.830 0.0000000000
63513  11.733  6.368  45.983 0.0000000000
63506  12.132  7.090  46.168 0.0000000000
60902  56.417  2.418  19.182 0.0000000000
60120  55.820  1.679  18.744 0.0000000000
57744  14.204  -0.821  54.055 0.0000000000
57742  15.361  -1.618  53.439 0.0000000000
57747  14.699  -0.971  52.369 0.0000000000
57755  14.922  -0.827  50.629 0.0000000000
100104  18.678  -3.756  48.687 0.0000000000
56305  18.533  -3.296  48.117 0.0000000000
57080  18.276  -2.300  47.056 0.0000000000
57081  18.047  -1.676  47.001 0.0000000000
57782  17.786  -1.163  46.572 0.0000000000
58530  17.925  -0.513  44.742 0.0000000000
58529  18.254  -0.793  44.209 0.0000000000
100369  18.437  -1.868  44.552 0.0000000000
57830  18.449  -1.429  44.014 0.0000000000
58543  18.461  -0.717  43.439 0.0000000000
104414  18.793  -1.012  42.745 0.0000000000
58555  19.117  -0.851  42.109 0.0000000000
113915  15.293  -12.460  57.678 0.0000000000
95920  15.740  -12.520  57.112 0.0000000000
49145  17.379  -12.510  56.300 0.0000000000
49143  19.206  -12.289  56.445 0.0000000000
113738  19.421  -12.148  55.817 0.0000000000
49153  19.681  -11.910  55.242 0.0000000000
50073  20.305  -11.343  54.795 0.0000000000
51668  21.249  -9.397  54.847 0.0000000000
56229  22.771  -2.528  59.924 0.0000000000
56993  19.893  -2.540  59.299 0.0000000000
96097  16.922  -2.229  56.626 0.0000000000
49068  21.112  -12.182  61.835 0.0000000000
49069  20.144  -11.833  62.092 0.0000000000
49070  19.227  -11.697  62.084 0.0000000000
49991  20.340  -11.208  60.958 0.0000000000
49985  19.820  -11.487  61.588 0.0000000000
102416  16.693  -12.610  62.195 0.0000000000
49073  15.851  -12.629  62.188 0.0000000000
49104  16.013  -12.524  59.955 0.0000000000
49103  16.974  -12.553  59.736 0.0000000000
96620  15.926  -12.561  58.073 0.0000000000
112595  30.462  -17.283  53.066 0.0000000000
43909  29.877  -18.547  53.807 0.0000000000
112866  29.145  -18.690  53.784 0.0000000000
43179  29.619  -19.161  54.406 0.0000000000
98383  29.347  -19.901  55.041 0.0000000000
44720  26.950  -17.555  59.060 0.0000000000
43870  26.905  -18.617  59.261 0.0000000000
43125  26.581  -19.385  59.543 0.0000000000
42400  25.803  -20.506  59.778 0.0000000000
43127  25.012  -20.004  60.024 0.0000000000
55573  19.216  -4.862  42.014 0.0000000000
54153  19.859  -6.688  41.635 0.0000000000
50172  23.128  -12.173  47.032 0.0000000000
50187  22.644  -11.424  46.016 0.0000000000
108334  23.493  -12.723  46.942 0.0000000000
48342  24.214  -13.677  47.078 0.0000000000
47517  24.450  -14.223  47.637 0.0000000000
47530  24.795  -14.065  46.905 0.0000000000
47529  25.487  -14.291  46.803 0.0000000000
47528  26.271  -14.384  46.875 0.0000000000
46686  26.458  -14.804  47.626 0.0000000000
46675  27.100  -15.161  48.346 0.0000000000
46651  27.896  -15.693  49.885 0.0000000000
45761  27.264  -15.921  49.989 0.0000000000
110556  8.265  29.758  49.790 0.0000000000
75725  7.839  30.402  50.197 0.0000000000
76282  7.596  31.745  50.437 0.0000000000
76759  7.468  32.449  50.825 0.0000000000
75716  10.811  30.963  52.068 0.0000000000
76268  10.292  31.547  51.806 0.0000000000
77831  12.159  33.961  50.733 0.0000000000
77820  11.399  34.445  51.142 0.0000000000
57035  4.488  -3.120  55.364 0.0000000000
57025  3.955  -2.742  56.256 0.0000000000
57735  3.681  -2.256  56.720 0.0000000000
58437  3.780  -1.597  56.716 0.0000000000
65434  4.139  9.288  57.693 0.0000000000
64719  4.613  8.546  57.628 0.0000000000
64718  5.532  8.097  57.594 0.0000000000
64717  6.506  8.002  57.334 0.0000000000
101783  7.593  6.748  56.568 0.0000000000
62772  8.193  5.965  55.233 0.0000000000
104653  8.598  7.835  54.972 0.0000000000
65447  8.136  9.279  55.214 0.0000000000
64743  8.671  8.702  54.656 0.0000000000
64104  8.901  7.983  54.293 0.0000000000
112393  8.927  9.136  54.093 0.0000000000
65464  9.256  9.142  53.517 0.0000000000
66052  9.146  9.712  53.174 0.0000000000
66062  8.477  10.943  52.348 0.0000000000
66594  7.805  11.087  52.846 0.0000000000
66598  3.978  11.974  52.177 0.0000000000
66610  4.181  11.786  51.857 0.0000000000
66621  4.128  11.841  51.120 0.0000000000
67192  4.333  12.247  50.809 0.0000000000
68291  7.436  14.174  51.365 0.0000000000
70673  11.461  19.338  54.416 0.0000000000
70201  11.418  18.618  53.866 0.0000000000
71157  11.837  20.006  53.774 0.0000000000
71156  12.103  20.488  53.076 0.0000000000
111537  12.253  20.866  52.490 0.0000000000
71627  11.656  22.004  52.658 0.0000000000
71636  12.110  21.462  52.222 0.0000000000
105082  12.400  20.882  51.811 0.0000000000
107290  12.253  21.554  51.420 0.0000000000
71645  12.432  21.543  50.521 0.0000000000
101583  12.417  22.170  49.871 0.0000000000
72130  12.354  22.798  49.279 0.0000000000
72123  12.113  22.901  50.129 0.0000000000
72593  11.587  24.092  49.952 0.0000000000
73050  11.481  24.785  49.442 0.0000000000
73465  11.014  25.465  49.727 0.0000000000
73873  10.379  26.780  49.583 0.0000000000
57809  39.194  0.062  45.772 0.0000000000
57823  39.045  0.245  45.005 0.0000000000
57138  38.855  -1.514  42.451 0.0000000000
109972  45.614  -4.855  41.533 0.0000000000
54160  46.459  -6.149  41.182 0.0000000000
54894  46.122  -5.459  41.089 0.0000000000
54928  44.441  -5.092  39.320 0.0000000000
97008  43.637  -5.149  38.441 0.0000000000
54945  46.178  -6.344  35.704 0.0000000000
106957  47.731  -6.650  35.632 0.0000000000
52669  48.013  -8.529  36.723 0.0000000000
52660  47.726  -8.767  37.063 0.0000000000
52679  46.245  -8.667  35.274 0.0000000000
106200  11.899  4.047  51.398 0.0000000000
107057  12.153  4.888  51.100 0.0000000000
63475  13.090  6.897  50.055 0.0000000000
49249  7.597  -12.492  48.823 0.0000000000
114554  7.939  -12.333  47.771 0.0000000000
50982  9.923  -10.190  45.885 0.0000000000
50112  16.727  -11.562  52.389 0.0000000000
50126  16.636  -11.166  51.591 0.0000000000
50931  16.510  -10.711  50.955 0.0000000000
51688  17.332  -9.512  50.788 0.0000000000
50939  16.696  -10.068  50.557 0.0000000000
115009  16.236  -9.060  49.746 0.0000000000
56248  14.080  -3.716  54.845 0.0000000000
101714  13.501  -3.563  55.263 0.0000000000
56249  13.184  -3.562  54.532 0.0000000000
56257  13.097  -3.609  53.693 0.0000000000
96616  12.558  -3.495  54.066 0.0000000000
56268  13.023  -3.687  52.964 0.0000000000
103875  12.199  -4.380  50.712 0.0000000000
95663  11.952  -3.923  51.344 0.0000000000
55493  11.152  -3.746  51.357 0.0000000000
56270  11.116  -3.521  52.767 0.0000000000
95548  10.802  -3.595  52.048 0.0000000000
96103  10.144  -3.575  52.000 0.0000000000
109603  9.050  -3.404  53.262 0.0000000000
113071  9.374  -3.295  53.873 0.0000000000
57728  8.272  -2.324  56.755 0.0000000000
58422  6.405  -1.698  60.596 0.0000000000
61337  10.063  3.760  61.159 0.0000000000
61329  9.279  3.187  61.104 0.0000000000
62057  9.952  4.455  61.003 0.0000000000
104335  8.540  6.981  59.663 0.0000000000
64708  9.154  8.483  59.444 0.0000000000
66010  11.276  10.413  59.772 0.0000000000
41657  32.033  -21.777  55.244 0.0000000000
115265  32.250  -21.111  54.361 0.0000000000
112414  22.436  -3.515  40.357 0.0000000000
101153  22.383  -2.620  40.411 0.0000000000
54923  23.808  -6.005  39.905 0.0000000000
54905  25.076  -5.522  40.456 0.0000000000
53383  30.965  -6.954  41.201 0.0000000000
53382  31.580  -7.189  41.805 0.0000000000
54900  30.449  -5.636  40.731 0.0000000000
55590  30.380  -4.563  41.301 0.0000000000
56404  31.627  -4.025  41.869 0.0000000000
55588  32.106  -4.606  41.676 0.0000000000
56379  33.603  -3.612  42.713 0.0000000000
55556  34.954  -5.097  43.036 0.0000000000
55565  34.873  -4.526  42.946 0.0000000000
54858  35.919  -5.118  43.920 0.0000000000
51682  37.318  -8.756  50.808 0.0000000000
53312  37.283  -8.036  50.233 0.0000000000
52523  37.982  -8.231  50.032 0.0000000000
52530  38.272  -8.314  49.098 0.0000000000
112641  37.468  -9.455  48.861 0.0000000000
52542  38.645  -7.946  47.450 0.0000000000
113819  38.671  -7.771  46.800 0.0000000000
111418  38.266  -8.137  46.473 0.0000000000
52552  36.871  -9.049  45.580 0.0000000000
109532  4.121  -3.514  48.132 0.0000000000
56321  3.000  -3.237  46.747 0.0000000000
57073  2.516  -2.606  47.147 0.0000000000
56322  2.315  -3.002  46.047 0.0000000000
110782  2.753  -2.399  42.906 0.0000000000
55581  2.963  -3.945  41.910 0.0000000000
100305  6.878  11.240  47.791 0.0000000000
66676  6.576  11.101  46.944 0.0000000000
111604  6.258  11.106  46.252 0.0000000000
67240  4.754  12.079  46.127 0.0000000000
66687  5.518  11.374  45.982 0.0000000000
66694  6.623  11.103  45.347 0.0000000000
67247  6.576  11.559  44.447 0.0000000000
67252  6.797  12.343  43.926 0.0000000000
57857  32.723  -0.810  40.575 0.0000000000
58570  32.012  -0.588  40.833 0.0000000000
57858  32.014  -0.779  40.204 0.0000000000
58582  31.418  -0.916  39.504 0.0000000000
57869  30.837  -1.016  38.835 0.0000000000
57171  32.023  -1.971  38.137 0.0000000000
57873  30.706  -1.253  38.127 0.0000000000
58589  29.517  -0.580  38.156 0.0000000000
57879  29.484  -0.585  37.242 0.0000000000
58597  28.900  -0.147  36.871 0.0000000000
96408  49.378  5.023  31.829 0.0000000000
61600  51.571  4.385  29.323 0.0000000000
61599  52.824  5.043  29.571 0.0000000000
54952  51.061  -6.153  35.051 0.0000000000
55668  51.164  -5.682  35.129 0.0000000000
55667  51.323  -5.597  35.014 0.0000000000
55677  51.507  -4.825  34.568 0.0000000000
105287  50.739  -5.022  33.633 0.0000000000
57218  50.999  -3.210  32.837 0.0000000000
57920  50.981  -2.195  32.442 0.0000000000
59346  50.126  0.632  28.154 0.0000000000
113472  19.350  -3.725  52.204 0.0000000000
56279  19.038  -3.501  51.728 0.0000000000
54791  20.419  -5.537  51.601 0.0000000000
54797  19.718  -5.151  50.380 0.0000000000
54095  18.954  -5.705  47.220 0.0000000000
54830  18.742  -5.139  46.757 0.0000000000
54840  18.667  -5.257  45.938 0.0000000000
54124  18.717  -6.196  44.731 0.0000000000
50032  21.846  -10.756  58.490 0.0000000000
105428  23.035  -9.608  58.268 0.0000000000
103171  24.409  -6.963  59.342 0.0000000000
53286  23.977  -6.504  58.791 0.0000000000
54036  24.963  -5.190  58.271 0.0000000000
54761  24.279  -3.780  59.059 0.0000000000
44704  22.626  -17.171  60.980 0.0000000000
46526  22.927  -15.390  60.717 0.0000000000
47382  22.272  -14.609  60.858 0.0000000000
98008  25.440  -11.960  60.330 0.0000000000
49986  25.903  -10.944  60.036 0.0000000000
49080  23.564  -12.195  60.982 0.0000000000
49081  22.617  -11.819  61.337 0.0000000000
49989  21.957  -10.683  61.451 0.0000000000
50898  21.689  -9.975  61.093 0.0000000000
51650  22.679  -9.059  61.078 0.0000000000
50900  22.083  -9.590  60.799 0.0000000000
50901  21.567  -10.156  60.479 0.0000000000
44773  25.727  -17.296  52.564 0.0000000000
44760  25.972  -17.655  53.203 0.0000000000
105147  25.436  -17.355  53.220 0.0000000000
45669  24.557  -16.536  54.103 0.0000000000
44750  25.136  -17.209  54.603 0.0000000000
44741  25.578  -17.463  55.410 0.0000000000
102527  26.220  -17.374  57.325 0.0000000000
48299  23.863  -14.011  54.009 0.0000000000
46566  24.495  -15.518  55.538 0.0000000000
46555  25.007  -15.188  56.423 0.0000000000
113469  24.911  -15.877  56.104 0.0000000000
109205  26.345  -16.866  57.889 0.0000000000
44727  26.686  -17.455  58.300 0.0000000000
44707  25.279  -17.733  60.200 0.0000000000
109111  19.702  -8.028  46.283 0.0000000000
51720  21.286  -9.912  46.305 0.0000000000
114279  21.836  -10.390  46.581 0.0000000000
50953  21.490  -9.891  47.911 0.0000000000
50945  22.424  -10.544  49.071 0.0000000000
103264  21.925  -10.203  48.539 0.0000000000
50952  22.013  -10.442  47.858 0.0000000000
50963  22.172  -10.700  47.145 0.0000000000
50173  22.654  -11.430  46.966 0.0000000000
47497  23.738  -14.477  49.536 0.0000000000
48329  23.478  -13.763  49.671 0.0000000000
96381  23.640  -14.550  50.244 0.0000000000
46666  23.936  -15.100  49.942 0.0000000000
46653  24.453  -15.642  50.560 0.0000000000
73455  8.450  25.329  53.037 0.0000000000
73860  8.063  26.101  52.752 0.0000000000
74279  8.157  27.592  53.113 0.0000000000
73443  7.927  25.609  54.894 0.0000000000
74280  8.096  26.935  53.733 0.0000000000
75163  9.213  29.172  53.064 0.0000000000
75168  10.326  29.625  53.089 0.0000000000
73427  9.473  25.759  56.066 0.0000000000
110944  8.678  27.052  56.115 0.0000000000
74258  9.325  27.340  56.345 0.0000000000
106677  9.074  27.543  56.006 0.0000000000
75708  11.250  30.559  52.425 0.0000000000
110509  11.648  30.846  51.995 0.0000000000
75715  12.251  30.984  51.604 0.0000000000
109897  12.630  30.464  52.090 0.0000000000
76278  12.621  31.962  50.824 0.0000000000
103613  13.937  32.361  50.349 0.0000000000
105284  2.366  3.763  60.861 0.0000000000
61335  2.211  3.852  60.403 0.0000000000
62053  2.551  4.588  60.505 0.0000000000
62749  2.531  5.351  60.164 0.0000000000
63411  2.754  6.614  59.983 0.0000000000
64705  3.621  8.090  60.116 0.0000000000
64075  3.145  7.398  59.892 0.0000000000
105497  3.006  7.055  59.465 0.0000000000
64079  3.222  7.671  59.175 0.0000000000
64720  3.909  8.763  58.175 0.0000000000
67149  6.802  12.092  59.206 0.0000000000
66560  5.806  11.201  59.295 0.0000000000
67152  6.289  12.569  58.677 0.0000000000
66018  4.944  10.834  59.014 0.0000000000
66019  4.297  10.272  58.405 0.0000000000
99731  4.098  9.820  57.792 0.0000000000
66570  4.550  11.508  56.529 0.0000000000
112619  4.952  12.762  57.050 0.0000000000
67158  4.774  12.400  56.306 0.0000000000
67740  4.887  13.173  54.674 0.0000000000
67739  5.413  13.870  54.427 0.0000000000
68260  7.004  14.952  54.828 0.0000000000
103914  8.301  15.634  55.175 0.0000000000
68752  9.033  15.901  54.908 0.0000000000
69212  10.063  16.906  54.958 0.0000000000
70191  10.839  18.107  54.930 0.0000000000
69687  9.922  17.919  57.098 0.0000000000
70177  10.334  18.426  56.562 0.0000000000
70183  10.604  18.304  55.712 0.0000000000
70182  11.056  18.857  55.175 0.0000000000
71147  11.572  20.364  54.627 0.0000000000
115560  11.339  21.704  54.246 0.0000000000
72085  10.745  22.081  54.973 0.0000000000
72091  11.058  22.401  54.046 0.0000000000
72563  10.668  23.069  53.713 0.0000000000
102791  10.255  23.698  53.378 0.0000000000
107676  40.633  -3.511  45.646 0.0000000000
57089  40.946  -2.403  45.428 0.0000000000
56324  41.209  -3.432  45.224 0.0000000000
109133  41.951  -3.350  44.985 0.0000000000
55530  42.646  -3.602  44.763 0.0000000000
55541  43.408  -3.663  44.430 0.0000000000
55563  43.988  -4.224  43.720 0.0000000000
54865  43.948  -4.651  43.152 0.0000000000
54880  39.857  -5.677  41.922 0.0000000000
54879  40.849  -5.570  41.835 0.0000000000
54878  41.920  -5.497  41.990 0.0000000000
54877  43.299  -5.330  42.365 0.0000000000
105080  44.709  -6.287  41.620 0.0000000000
53407  43.029  -7.705  39.888 0.0000000000
106512  44.267  -7.944  40.122 0.0000000000
52647  43.967  -9.144  37.881 0.0000000000
49194  7.150  -12.370  52.602 0.0000000000
111049  7.608  -12.431  51.971 0.0000000000
49233  9.484  -12.410  49.998 0.0000000000
115489  17.745  -5.623  55.178 0.0000000000
54779  17.495  -5.656  54.555 0.0000000000
54774  17.133  -5.324  55.181 0.0000000000
55470  15.909  -4.436  55.578 0.0000000000
56233  15.870  -4.088  57.253 0.0000000000
98952  14.718  -3.730  56.280 0.0000000000
56208  14.756  -3.196  61.932 0.0000000000
56194  13.606  -2.972  62.606 0.0000000000
108753  13.982  -3.145  62.358 0.0000000000
95894  14.545  -3.510  60.560 0.0000000000
56227  14.201  -3.577  58.840 0.0000000000
111732  14.060  -3.589  57.689 0.0000000000
56235  13.663  -3.518  56.955 0.0000000000
56999  12.489  -3.285  57.581 0.0000000000
56211  11.766  -3.262  60.918 0.0000000000
56981  9.747  -2.518  59.875 0.0000000000
58412  9.523  -0.747  62.011 0.0000000000
61328  10.074  2.954  61.253 0.0000000000
103555  10.034  2.298  60.478 0.0000000000
103538  10.141  2.893  61.144 0.0000000000
50168  34.980  -11.771  47.173 0.0000000000
49271  34.431  -12.259  46.748 0.0000000000
100913  33.759  -13.597  47.721 0.0000000000
47493  33.951  -14.768  49.851 0.0000000000
46658  33.289  -15.316  49.275 0.0000000000
51027  25.847  -10.398  41.291 0.0000000000
103138  25.870  -9.851  40.656 0.0000000000
51026  26.665  -10.529  41.709 0.0000000000
51011  27.388  -10.646  42.226 0.0000000000
51003  28.724  -10.852  43.417 0.0000000000
51009  29.038  -10.312  42.988 0.0000000000
51757  29.748  -10.005  43.285 0.0000000000
51756  30.469  -9.670  43.539 0.0000000000
50171  30.843  -11.926  47.211 0.0000000000
50184  30.466  -11.783  46.380 0.0000000000
50200  30.882  -11.116  45.995 0.0000000000
50980  30.701  -10.850  45.256 0.0000000000
50994  30.546  -10.548  44.647 0.0000000000
51755  31.160  -9.301  43.775 0.0000000000
52565  31.877  -8.964  44.058 0.0000000000
51725  32.444  -9.483  45.642 0.0000000000
52564  32.560  -8.606  44.373 0.0000000000
52563  33.222  -8.224  44.642 0.0000000000
52562  33.926  -7.810  44.895 0.0000000000
52536  34.699  -8.547  47.662 0.0000000000
52531  35.395  -8.270  48.393 0.0000000000
98657  34.333  -10.048  50.639 0.0000000000
50933  35.902  -9.035  52.341 0.0000000000
51684  35.914  -8.768  51.644 0.0000000000
52520  36.291  -8.553  51.180 0.0000000000
52514  36.769  -8.731  51.357 0.0000000000
51683  37.228  -9.237  51.319 0.0000000000
51692  37.440  -9.564  50.788 0.0000000000
59174  2.594  1.488  49.672 0.0000000000
59850  2.165  1.725  48.598 0.0000000000
59182  1.929  1.812  47.868 0.0000000000
114758  2.253  1.358  46.999 0.0000000000
57817  3.355  -1.177  44.640 0.0000000000
59191  5.394  0.878  47.620 0.0000000000
58500  5.359  -0.521  46.909 0.0000000000
57789  4.675  -0.858  46.292 0.0000000000
57116  4.029  -2.029  44.331 0.0000000000
56394  4.669  -3.663  42.500 0.0000000000
102272  5.727  -3.179  44.131 0.0000000000
55579  5.273  -4.247  41.923 0.0000000000
54888  5.434  -5.370  40.972 0.0000000000
57114  8.898  -2.927  44.740 0.0000000000
57113  9.498  -2.638  44.352 0.0000000000
110022  8.635  17.278  46.869 0.0000000000
69781  7.903  17.882  46.608 0.0000000000
70263  7.021  18.624  46.344 0.0000000000
70744  6.272  19.372  46.039 0.0000000000
71212  7.675  20.227  46.014 0.0000000000
70751  6.593  20.010  45.887 0.0000000000
56444  36.354  -3.778  36.134 0.0000000000
115310  35.002  -3.378  36.312 0.0000000000
99065  35.569  -3.557  35.781 0.0000000000
56451  35.460  -3.386  34.884 0.0000000000
61530  50.498  5.351  33.056 0.0000000000
112167  10.094  2.028  54.979 0.0000000000
110506  10.482  1.956  54.356 0.0000000000
59815  10.907  1.901  53.629 0.0000000000
105531  11.276  2.786  52.664 0.0000000000
58455  13.174  0.238  52.192 0.0000000000
59158  12.416  0.720  52.489 0.0000000000
59823  12.052  1.365  52.174 0.0000000000
59832  11.899  2.030  51.857 0.0000000000
61384  11.704  3.307  51.684 0.0000000000
61383  12.067  3.346  51.029 0.0000000000
60564  12.899  2.526  50.017 0.0000000000
60572  12.911  3.352  49.651 0.0000000000
57054  16.571  -2.143  51.571 0.0000000000
58463  15.195  -0.648  49.719 0.0000000000
57760  16.854  -1.439  49.121 0.0000000000
57761  15.950  -1.003  49.409 0.0000000000
59855  14.219  1.589  48.539 0.0000000000
60579  14.152  2.262  48.057 0.0000000000
60589  13.847  2.948  47.983 0.0000000000
107852  14.079  3.273  47.496 0.0000000000
60600  15.292  2.973  45.476 0.0000000000
59211  17.052  0.562  45.207 0.0000000000
59883  16.790  1.510  44.589 0.0000000000
59890  16.902  2.112  44.005 0.0000000000
62158  16.764  4.647  43.603 0.0000000000
62869  17.133  5.363  43.509 0.0000000000
107739  17.448  4.855  43.163 0.0000000000
50060  12.993  -11.648  56.560 0.0000000000
95482  12.930  -11.656  55.681 0.0000000000
49177  15.515  -12.226  53.576 0.0000000000
49156  15.926  -12.466  55.417 0.0000000000
49165  17.584  -12.323  54.758 0.0000000000
49166  16.615  -12.410  54.620 0.0000000000
49176  16.359  -12.280  53.738 0.0000000000
50094  16.105  -11.999  52.946 0.0000000000
108101  17.406  -11.543  52.637 0.0000000000
50926  17.922  -10.771  51.912 0.0000000000
51674  18.874  -9.742  52.281 0.0000000000
52513  18.766  -8.703  52.328 0.0000000000
54059  18.346  -6.739  53.638 0.0000000000
54778  18.141  -5.979  54.796 0.0000000000
50910  22.509  -10.241  57.030 0.0000000000
50914  22.246  -10.043  56.133 0.0000000000
51664  22.320  -9.163  55.997 0.0000000000
52500  21.674  -8.721  55.442 0.0000000000
52504  20.955  -8.619  54.794 0.0000000000
54757  23.372  -3.430  60.086 0.0000000000
54044  21.108  -6.717  56.370 0.0000000000
53298  20.447  -7.881  54.875 0.0000000000
54047  18.818  -6.244  55.125 0.0000000000
54767  17.675  -5.405  55.894 0.0000000000
56976  16.505  -2.821  60.941 0.0000000000
56985  19.057  -2.625  59.601 0.0000000000
56986  18.025  -2.660  59.712 0.0000000000
114798  16.489  -2.144  57.663 0.0000000000
56987  16.905  -2.544  59.918 0.0000000000
57704  14.870  -1.737  59.242 0.0000000000
58435  12.539  -0.546  56.584 0.0000000000
47377  17.779  -14.774  62.622 0.0000000000
46515  18.402  -15.423  62.268 0.0000000000
46520  18.216  -15.972  61.620 0.0000000000
49074  14.802  -12.718  62.065 0.0000000000
46597  34.582  -15.052  54.873 0.0000000000
44756  34.576  -17.285  55.607 0.0000000000
44748  34.668  -18.010  55.970 0.0000000000
43893  34.539  -18.532  56.078 0.0000000000
43162  34.298  -19.162  56.083 0.0000000000
42423  33.322  -20.504  56.278 0.0000000000
43165  31.472  -19.616  55.667 0.0000000000
43164  32.673  -19.421  56.119 0.0000000000
43152  33.242  -20.051  56.378 0.0000000000
115131  28.161  -19.773  55.731 0.0000000000
43155  28.575  -20.338  56.577 0.0000000000
42413  28.536  -21.147  58.688 0.0000000000
40800  29.105  -22.620  58.287 0.0000000000
40811  28.509  -23.477  57.639 0.0000000000
60625  21.407  2.785  41.410 0.0000000000
59911  21.052  1.193  40.880 0.0000000000
59254  21.343  0.429  40.657 0.0000000000
58577  21.626  -0.324  40.513 0.0000000000
57861  21.506  -1.719  40.435 0.0000000000
112757  19.494  -1.433  41.617 0.0000000000
57863  19.962  -1.866  41.051 0.0000000000
55624  20.048  -4.236  40.927 0.0000000000
56421  20.187  -3.432  40.805 0.0000000000
57160  20.394  -2.578  40.712 0.0000000000
56419  21.683  -2.958  40.389 0.0000000000
55621  22.042  -4.438  40.273 0.0000000000
54172  22.611  -6.759  39.863 0.0000000000
54173  21.813  -6.881  40.161 0.0000000000
53422  23.094  -7.406  39.705 0.0000000000
51793  23.882  -9.340  40.010 0.0000000000
54135  19.066  -6.953  43.593 0.0000000000
52580  19.958  -8.548  43.765 0.0000000000
52589  19.803  -8.064  42.896 0.0000000000
52588  20.356  -8.548  42.426 0.0000000000
52599  20.876  -9.117  42.200 0.0000000000
50995  22.175  -10.888  44.510 0.0000000000
50204  23.326  -11.908  44.925 0.0000000000
51005  21.850  -10.489  43.719 0.0000000000
51767  21.456  -9.826  42.711 0.0000000000
51780  21.585  -9.534  41.776 0.0000000000
51779  22.327  -9.771  41.403 0.0000000000
51043  23.070  -9.940  41.044 0.0000000000
50257  23.602  -11.079  42.182 0.0000000000
51028  23.691  -10.482  41.402 0.0000000000
51041  24.458  -10.311  40.993 0.0000000000
109361  25.069  -10.577  41.287 0.0000000000
50254  26.134  -10.857  41.926 0.0000000000
50227  27.289  -11.657  43.563 0.0000000000
50218  27.780  -11.847  44.000 0.0000000000
49295  27.685  -12.346  44.565 0.0000000000
49294  28.430  -12.315  44.918 0.0000000000
49287  28.754  -12.508  45.509 0.0000000000
47527  27.023  -14.367  47.096 0.0000000000
48341  27.777  -14.064  47.010 0.0000000000
47515  28.474  -14.156  47.723 0.0000000000
47496  29.028  -14.650  49.312 0.0000000000
48333  29.276  -13.941  48.310 0.0000000000
48332  29.916  -13.137  48.218 0.0000000000
103083  30.369  -13.229  49.039 0.0000000000
106507  30.717  -13.343  49.637 0.0000000000
111516  7.615  28.143  51.867 0.0000000000
76271  7.669  31.728  51.259 0.0000000000
77273  7.717  33.085  51.331 0.0000000000
76748  9.733  32.163  51.676 0.0000000000
103932  9.266  32.824  51.742 0.0000000000
97408  8.872  34.033  51.834 0.0000000000
77822  8.288  34.239  51.832 0.0000000000
54825  7.579  -5.067  47.690 0.0000000000
54832  7.351  -5.331  46.969 0.0000000000
55517  7.353  -4.699  48.127 0.0000000000
55512  6.578  -4.154  48.536 0.0000000000
56300  6.302  -3.863  49.221 0.0000000000
56306  5.746  -3.887  48.596 0.0000000000
56301  5.410  -3.679  49.348 0.0000000000
56302  4.548  -3.474  49.592 0.0000000000
57045  4.325  -3.352  54.345 0.0000000000
57037  2.511  -2.776  54.461 0.0000000000
57052  3.426  -3.192  52.994 0.0000000000
56296  3.908  -3.281  50.997 0.0000000000
56303  3.788  -3.263  50.060 0.0000000000
102759  2.475  -1.257  52.118 0.0000000000
57752  2.380  -1.350  51.365 0.0000000000
57757  2.211  -1.415  50.535 0.0000000000
58461  2.359  -0.550  50.821 0.0000000000
59170  2.472  0.411  50.283 0.0000000000
59169  2.898  1.164  50.796 0.0000000000
107268  1.886  3.295  60.173 0.0000000000
60519  2.070  2.576  59.805 0.0000000000
60524  3.648  2.213  59.164 0.0000000000
62059  3.174  4.269  59.349 0.0000000000
60523  4.898  2.040  58.514 0.0000000000
59802  5.633  1.862  57.570 0.0000000000
112370  6.037  1.668  56.619 0.0000000000
63414  5.688  6.002  58.187 0.0000000000
62757  5.683  5.186  58.276 0.0000000000
63419  6.642  5.813  57.604 0.0000000000
62061  6.124  4.412  58.083 0.0000000000
60528  6.425  2.508  56.848 0.0000000000
59805  6.021  1.071  55.953 0.0000000000
59147  5.805  0.900  54.745 0.0000000000
59152  4.687  0.926  53.897 0.0000000000
59817  5.137  1.641  53.382 0.0000000000
59818  4.366  1.222  53.159 0.0000000000
59826  3.385  1.240  51.600 0.0000000000
59842  3.117  2.024  50.078 0.0000000000
60575  4.463  2.551  49.925 0.0000000000
103418  5.164  2.458  51.148 0.0000000000
60566  5.211  2.613  50.371 0.0000000000
60565  5.921  2.912  50.053 0.0000000000
61398  6.587  3.321  49.795 0.0000000000
62082  8.281  5.473  54.154 0.0000000000
112832  8.165  4.858  53.326 0.0000000000
62099  7.805  4.199  51.809 0.0000000000
61389  7.150  3.713  50.363 0.0000000000
61397  7.251  3.678  49.544 0.0000000000
62119  8.289  4.572  49.630 0.0000000000
62836  8.849  4.975  49.265 0.0000000000
63492  10.395  6.520  48.498 0.0000000000
63484  10.242  6.811  49.297 0.0000000000
64797  10.722  9.022  49.921 0.0000000000
66096  10.247  10.383  49.693 0.0000000000
66072  8.257  11.270  51.500 0.0000000000
66632  7.929  11.395  50.620 0.0000000000
97852  7.527  11.442  49.704 0.0000000000
66660  7.150  11.403  48.749 0.0000000000
66662  4.608  11.551  47.855 0.0000000000
99096  5.154  12.813  47.999 0.0000000000
67810  6.160  13.680  47.846 0.0000000000
68329  6.316  14.186  47.394 0.0000000000
69291  7.958  16.046  47.120 0.0000000000
68272  6.588  14.286  53.363 0.0000000000
68270  8.289  15.118  53.398 0.0000000000
68282  7.571  14.350  52.210 0.0000000000
96803  9.121  14.787  51.008 0.0000000000
69716  11.231  17.922  53.413 0.0000000000
69726  10.923  17.235  52.990 0.0000000000
107858  10.620  16.696  52.638 0.0000000000
108359  11.491  17.760  51.949 0.0000000000
69240  11.074  17.150  52.164 0.0000000000
69241  10.584  16.437  52.023 0.0000000000
68778  10.065  15.767  51.750 0.0000000000
68788  9.711  15.321  51.190 0.0000000000
68810  9.571  15.133  49.495 0.0000000000
68820  9.321  15.255  48.554 0.0000000000
69279  11.211  16.843  48.940 0.0000000000
69280  10.597  16.385  48.474 0.0000000000
69281  9.955  15.939  48.108 0.0000000000
68824  9.255  15.747  47.809 0.0000000000
69290  8.811  16.455  47.272 0.0000000000
70260  10.140  18.966  46.731 0.0000000000
70741  10.153  19.860  46.524 0.0000000000
71201  11.030  20.231  46.833 0.0000000000
71210  10.439  20.615  46.475 0.0000000000
71674  10.844  21.856  46.357 0.0000000000
72151  10.631  22.584  46.044 0.0000000000
73065  10.945  24.020  45.954 0.0000000000
72136  12.376  22.753  48.488 0.0000000000
72614  12.283  23.322  48.164 0.0000000000
72615  12.090  23.543  47.596 0.0000000000
112733  11.646  25.359  48.250 0.0000000000
73059  11.846  24.842  47.879 0.0000000000
72627  11.638  23.950  46.846 0.0000000000
73072  11.310  24.800  46.258 0.0000000000
110206  11.000  25.430  45.858 0.0000000000
101823  31.497  -0.473  46.097 0.0000000000
58522  32.115  0.257  45.601 0.0000000000
59216  32.085  0.528  44.180 0.0000000000
58548  32.480  0.222  42.845 0.0000000000
95456  32.900  -0.057  42.251 0.0000000000
59223  37.064  1.634  46.443 0.0000000000
102398  36.575  1.468  45.346 0.0000000000
58534  35.442  1.102  44.410 0.0000000000
58546  34.692  0.416  43.086 0.0000000000
57848  33.275  -0.506  41.438 0.0000000000
57856  33.692  -1.047  40.639 0.0000000000
57866  34.124  -1.698  39.978 0.0000000000
57165  34.480  -2.296  39.115 0.0000000000
56434  35.535  -3.056  38.405 0.0000000000
56433  36.228  -3.443  38.074 0.0000000000
57102  41.156  -1.796  45.071 0.0000000000
57121  42.090  -2.298  44.238 0.0000000000
57122  41.171  -1.714  43.986 0.0000000000
57136  40.266  -1.750  43.073 0.0000000000
57147  40.026  -2.339  41.892 0.0000000000
56400  42.578  -2.988  41.865 0.0000000000
56401  41.385  -2.924  41.335 0.0000000000
56402  40.411  -2.824  41.084 0.0000000000
57148  39.500  -2.665  40.938 0.0000000000
56417  38.221  -2.911  40.060 0.0000000000
56425  38.670  -3.473  39.491 0.0000000000
56432  37.510  -3.614  38.571 0.0000000000
56438  37.089  -3.783  37.706 0.0000000000
55649  37.031  -3.952  36.725 0.0000000000
55656  37.685  -4.212  36.288 0.0000000000
55655  38.281  -4.433  35.735 0.0000000000
55654  39.483  -4.821  36.589 0.0000000000
115023  38.950  -4.717  35.934 0.0000000000
54935  42.867  -5.255  37.429 0.0000000000
54949  42.125  -5.270  35.813 0.0000000000
54948  42.815  -5.319  35.664 0.0000000000
58642  44.435  -0.797  32.510 0.0000000000
56467  46.239  -2.990  33.071 0.0000000000
56466  47.210  -3.412  33.452 0.0000000000
54954  49.325  -6.906  35.594 0.0000000000
54953  50.088  -6.705  35.263 0.0000000000
114108  50.840  -6.332  35.087 0.0000000000
54212  50.726  -6.492  35.002 0.0000000000
54962  49.974  -6.576  34.244 0.0000000000
54986  45.453  -5.925  31.443 0.0000000000
95803  44.512  -9.294  37.204 0.0000000000
98488  44.150  -9.266  36.355 0.0000000000
109527  44.199  -8.838  35.556 0.0000000000
53453  44.076  -8.041  34.071 0.0000000000
53475  44.350  -7.036  32.601 0.0000000000
54230  44.347  -6.719  31.989 0.0000000000
54246  44.433  -6.098  31.407 0.0000000000
61691  57.110  4.793  19.432 0.0000000000
61683  56.949  4.440  20.273 0.0000000000
60882  56.708  3.886  21.064 0.0000000000
60868  56.617  3.431  21.891 0.0000000000
61668  56.443  4.321  22.374 0.0000000000
60869  56.193  2.540  22.269 0.0000000000
60870  55.680  2.237  22.879 0.0000000000
71580  11.796  21.059  60.299 0.0000000000
71125  12.286  20.535  60.422 0.0000000000
71124  13.352  20.657  60.373 0.0000000000
49277  7.004  -12.316  47.329 0.0000000000
50985  6.554  -10.440  45.256 0.0000000000
51744  7.302  -9.064  44.683 0.0000000000
95907  9.897  -11.423  56.196 0.0000000000
109038  10.519  -11.549  54.824 0.0000000000
96215  10.119  -11.636  54.242 0.0000000000
50114  14.657  -11.691  52.339 0.0000000000
50115  13.055  -11.629  52.321 0.0000000000
50116  12.425  -11.634  52.719 0.0000000000
50117  11.731  -11.688  52.730 0.0000000000
96007  10.986  -11.793  52.804 0.0000000000
50118  10.188  -11.981  52.913 0.0000000000
49206  9.954  -12.298  51.509 0.0000000000
50145  11.300  -11.842  50.741 0.0000000000
49223  10.139  -12.306  50.675 0.0000000000
50157  10.489  -12.164  49.718 0.0000000000
50166  10.633  -11.884  48.601 0.0000000000
54783  17.233  -5.714  53.793 0.0000000000
54788  17.018  -5.845  52.990 0.0000000000
54065  16.750  -6.170  52.213 0.0000000000
53316  16.475  -7.550  50.183 0.0000000000
53322  16.097  -7.844  49.645 0.0000000000
95448  14.881  -4.351  53.141 0.0000000000
54795  14.405  -4.979  51.313 0.0000000000
54074  15.475  -6.381  50.247 0.0000000000
53323  15.465  -7.616  49.198 0.0000000000
51705  15.223  -8.894  48.848 0.0000000000
51706  14.567  -9.232  48.428 0.0000000000
52539  14.041  -8.782  47.857 0.0000000000
50956  12.683  -10.883  48.341 0.0000000000
50957  12.025  -11.055  48.072 0.0000000000
50174  11.396  -11.416  48.256 0.0000000000
50974  10.814  -10.777  46.856 0.0000000000
50981  10.686  -10.096  46.250 0.0000000000
51728  10.353  -9.399  45.740 0.0000000000
54805  12.193  -5.267  49.376 0.0000000000
54811  11.860  -5.584  48.651 0.0000000000
54097  11.521  -6.311  47.668 0.0000000000
53348  10.605  -7.780  46.244 0.0000000000
109389  10.052  -8.087  45.810 0.0000000000
113616  9.194  -7.298  45.818 0.0000000000
54099  9.258  -5.801  47.207 0.0000000000
53350  9.021  -6.794  46.104 0.0000000000
54108  8.657  -6.030  46.646 0.0000000000
54831  8.018  -5.464  47.149 0.0000000000
55511  7.790  -4.589  48.529 0.0000000000
56292  7.729  -3.671  50.565 0.0000000000
57042  7.718  -3.208  54.053 0.0000000000
57033  7.199  -2.978  54.786 0.0000000000
57034  6.027  -3.022  55.012 0.0000000000
57024  5.266  -2.834  55.858 0.0000000000
57722  3.077  -2.238  58.296 0.0000000000
57712  2.642  -2.233  59.225 0.0000000000
58429  1.913  -1.738  59.420 0.0000000000
59794  1.578  1.281  60.992 0.0000000000
59790  7.294  1.431  60.978 0.0000000000
59120  3.799  -0.574  61.216 0.0000000000
106241  3.104  0.323  61.358 0.0000000000
59792  3.290  1.321  61.338 0.0000000000
108886  2.132  2.049  61.339 0.0000000000
61334  2.181  2.988  61.141 0.0000000000
62052  2.930  4.618  60.894 0.0000000000
63403  4.397  6.990  60.545 0.0000000000
63402  5.349  6.467  60.428 0.0000000000
64067  5.362  7.358  60.406 0.0000000000
64074  5.280  8.263  60.367 0.0000000000
65427  6.351  9.416  59.927 0.0000000000
66012  8.633  10.723  59.482 0.0000000000
66557  8.141  11.553  59.501 0.0000000000
68730  10.607  15.653  60.713 0.0000000000
69675  11.000  17.818  61.150 0.0000000000
46596  35.004  -15.629  54.988 0.0000000000
45688  35.063  -16.265  54.640 0.0000000000
43919  34.579  -17.976  54.618 0.0000000000
43177  32.267  -20.313  53.501 0.0000000000
42446  31.355  -20.532  52.545 0.0000000000
43188  31.773  -19.796  52.372 0.0000000000
43196  31.459  -19.378  51.506 0.0000000000
59902  22.498  1.490  41.193 0.0000000000
104551  23.029  -2.282  40.540 0.0000000000
57859  23.120  -1.537  40.664 0.0000000000
57850  23.620  -1.339  41.058 0.0000000000
58554  23.956  0.085  41.960 0.0000000000
59237  24.158  0.508  42.607 0.0000000000
51790  26.229  -9.503  40.284 0.0000000000
51801  26.312  -9.047  39.843 0.0000000000
99733  25.816  -8.117  39.498 0.0000000000
110135  27.468  -9.041  40.254 0.0000000000
115020  26.506  -8.322  39.594 0.0000000000
53418  26.294  -7.580  39.487 0.0000000000
54187  25.972  -6.840  39.588 0.0000000000
54904  25.940  -5.634  40.454 0.0000000000
114801  29.831  -7.986  40.915 0.0000000000
53398  28.783  -7.640  40.190 0.0000000000
53416  28.373  -7.213  39.874 0.0000000000
54171  28.743  -6.465  40.116 0.0000000000
54185  27.888  -6.764  39.761 0.0000000000
54919  27.346  -6.225  39.941 0.0000000000
56386  25.872  -4.381  43.155 0.0000000000
57774  33.796  -0.313  47.602 0.0000000000
57812  33.338  -1.313  46.877 0.0000000000
57793  33.956  -0.244  47.675 0.0000000000
57792  34.805  0.261  47.432 0.0000000000
57825  35.998  -0.871  45.272 0.0000000000
56355  38.515  -1.339  45.138 0.0000000000
54121  36.241  -5.874  45.036 0.0000000000
54839  36.983  -5.483  45.449 0.0000000000
53333  37.665  -6.562  48.696 0.0000000000
54084  38.675  -6.254  49.028 0.0000000000
54093  37.163  -6.499  47.641 0.0000000000
55534  38.549  -4.387  45.557 0.0000000000
114291  39.353  -3.740  45.588 0.0000000000
56326  40.162  -3.650  45.808 0.0000000000
54130  39.256  -6.083  43.507 0.0000000000
98093  38.525  -6.566  43.399 0.0000000000
72068  12.032  22.158  59.912 0.0000000000
72995  13.159  24.337  58.501 0.0000000000
73001  12.114  24.779  57.955 0.0000000000
73824  12.063  26.672  57.373 0.0000000000
74688  12.038  29.021  57.482 0.0000000000
99443  13.550  28.285  57.976 0.0000000000
74250  13.032  27.898  57.779 0.0000000000
97704  13.058  29.716  55.887 0.0000000000
76264  14.781  30.931  51.133 0.0000000000
76755  14.817  32.297  50.171 0.0000000000
54841  7.124  -5.681  46.190 0.0000000000
54125  5.500  -6.728  44.738 0.0000000000
55528  4.385  -4.069  46.482 0.0000000000
55548  3.528  -4.864  44.905 0.0000000000
54851  4.061  -5.690  44.682 0.0000000000
57791  1.342  -0.721  45.369 0.0000000000
56337  0.988  -2.277  44.260 0.0000000000
57145  1.876  -2.471  42.738 0.0000000000
64166  10.987  7.056  48.009 0.0000000000
64173  11.825  7.433  46.820 0.0000000000
64172  12.370  8.009  46.337 0.0000000000
66674  9.083  11.461  47.730 0.0000000000
66673  9.928  11.346  47.669 0.0000000000
66114  10.750  11.026  47.479 0.0000000000
65531  11.762  10.116  46.892 0.0000000000
64828  12.515  8.895  46.520 0.0000000000
64840  12.945  8.655  45.702 0.0000000000
65538  13.430  8.951  44.803 0.0000000000
65542  12.789  10.241  44.784 0.0000000000
65541  13.232  9.695  44.459 0.0000000000
100412  13.550  9.145  43.956 0.0000000000
64853  13.673  8.608  43.323 0.0000000000
65544  13.536  9.403  43.108 0.0000000000
68844  5.302  15.175  45.556 0.0000000000
69307  5.421  17.004  45.387 0.0000000000
68349  5.439  13.965  44.850 0.0000000000
99725  6.164  12.787  44.166 0.0000000000
67246  7.504  11.804  44.015 0.0000000000
69328  6.640  15.991  44.079 0.0000000000
68351  7.190  14.683  43.197 0.0000000000
67251  7.737  12.567  43.614 0.0000000000
66704  11.902  11.289  42.899 0.0000000000
58539  29.762  -0.290  43.052 0.0000000000
58574  29.087  -0.046  40.736 0.0000000000
59251  27.774  0.736  40.617 0.0000000000
56446  34.341  -3.108  36.334 0.0000000000
57179  33.188  -2.632  35.941 0.0000000000
57187  32.003  -2.165  35.823 0.0000000000
57893  31.452  -1.303  34.947 0.0000000000
57886  30.793  -1.051  35.384 0.0000000000
58601  29.595  -0.157  35.527 0.0000000000
61632  55.616  3.965  25.442 0.0000000000
61645  56.059  3.939  24.677 0.0000000000
60832  56.091  3.010  24.309 0.0000000000
60854  55.414  2.325  23.656 0.0000000000
59326  44.929  -0.092  32.741 0.0000000000
59308  45.453  0.647  33.204 0.0000000000
59324  46.738  -0.018  32.985 0.0000000000
59979  46.084  1.403  33.675 0.0000000000
59978  47.172  1.558  33.777 0.0000000000
60703  48.288  2.497  34.652 0.0000000000
57200  50.390  -3.181  34.650 0.0000000000
106135  51.846  -2.374  35.168 0.0000000000
102600  50.477  -1.039  34.457 0.0000000000
59977  48.493  1.728  34.035 0.0000000000
115684  49.269  2.509  34.641 0.0000000000
59975  49.900  2.496  34.101 0.0000000000
57932  49.917  -1.779  31.620 0.0000000000
60711  51.359  2.498  31.658 0.0000000000
60723  52.394  3.081  30.564 0.0000000000
60744  52.915  2.469  30.157 0.0000000000
60763  53.690  2.691  29.278 0.0000000000
60779  53.621  2.336  28.301 0.0000000000
60020  51.065  0.945  28.070 0.0000000000
60019  51.920  1.451  27.874 0.0000000000
60032  51.171  0.890  27.110 0.0000000000
60054  53.730  1.916  25.277 0.0000000000
60053  54.203  2.069  24.704 0.0000000000
60063  54.271  1.816  23.886 0.0000000000
43865  21.989  -18.205  60.638 0.0000000000
44740  34.442  -18.327  56.182 0.0000000000
44786  28.502  -17.170  51.837 0.0000000000
45739  25.841  -16.148  50.445 0.0000000000
46519  18.808  -15.917  61.848 0.0000000000
46620  23.980  -15.651  52.297 0.0000000000
47376  18.692  -14.404  62.412 0.0000000000
47380  14.860  -13.880  62.484 0.0000000000
48334  23.534  -13.315  48.152 0.0000000000
49067  22.152  -12.693  61.343 0.0000000000
49072  17.493  -12.357  61.909 0.0000000000
49275  29.121  -12.639  46.072 0.0000000000
49999  26.976  -10.472  58.365 0.0000000000
50015  27.042  -11.369  58.399 0.0000000000
50907  22.571  -10.142  58.169 0.0000000000
50924  19.085  -10.470  52.709 0.0000000000
50949  13.084  -11.083  49.029 0.0000000000
51647  25.727  -9.252  60.199 0.0000000000
51671  23.639  -9.887  52.456 0.0000000000
51689  16.728  -9.254  50.245 0.0000000000
51745  6.367  -9.029  44.561 0.0000000000
51776  29.549  -8.553  41.257 0.0000000000
52482  25.230  -8.197  60.269 0.0000000000
52612  21.348  -8.386  40.887 0.0000000000
52626  24.372  -8.384  39.568 0.0000000000
53279  25.901  -6.423  59.912 0.0000000000
53378  20.088  -7.982  42.117 0.0000000000
54032  25.628  -5.045  59.093 0.0000000000
54089  11.505  -5.854  48.120 0.0000000000
54816  7.806  -4.851  48.191 0.0000000000
54951  51.050  -5.681  34.501 0.0000000000
55490  14.583  -4.688  52.011 0.0000000000
55503  10.747  -4.583  49.705 0.0000000000
55549  2.436  -4.601  44.521 0.0000000000
55665  36.786  -3.888  35.507 0.0000000000
56212  20.943  -2.868  60.088 0.0000000000
56445  35.566  -3.529  36.687 0.0000000000
56447  33.724  -2.819  36.335 0.0000000000
56452  33.999  -2.917  35.558 0.0000000000
56454  52.253  -3.667  35.132 0.0000000000
56455  52.095  -3.918  35.153 0.0000000000
56460  34.605  -3.037  34.895 0.0000000000
56971  12.748  -2.910  62.799 0.0000000000
57118  1.409  -1.591  43.687 0.0000000000
57169  34.430  -2.684  38.168 0.0000000000
57177  31.648  -2.064  37.274 0.0000000000
57181  31.773  -2.152  36.501 0.0000000000
57186  32.595  -2.317  35.510 0.0000000000
57193  34.306  -2.550  34.326 0.0000000000
57194  33.509  -2.256  34.427 0.0000000000
57199  52.402  -3.404  35.035 0.0000000000
57696  1.993  -1.850  60.711 0.0000000000
57872  31.346  -1.430  38.570 0.0000000000
57874  30.111  -0.947  37.694 0.0000000000
57884  32.040  -1.871  35.216 0.0000000000
57894  30.951  -0.696  34.764 0.0000000000
57898  52.249  -2.152  34.622 0.0000000000
58419  1.367  -0.881  60.680 0.0000000000
58425  1.567  -1.536  60.349 0.0000000000
58495  16.780  -0.117  46.554 0.0000000000
58550  31.103  -0.149  42.752 0.0000000000
58571  31.422  -0.582  40.479 0.0000000000
58576  22.405  -0.433  40.563 0.0000000000
58588  30.230  -0.817  38.554 0.0000000000
58596  29.505  -0.457  36.351 0.0000000000
58616  51.341  -0.910  34.554 0.0000000000
58619  48.395  -0.567  33.490 0.0000000000
59161  3.261  0.608  52.450 0.0000000000
59247  19.527  0.632  41.542 0.0000000000
59261  28.318  0.248  39.155 0.0000000000
59310  43.630  0.570  33.297 0.0000000000
59797  1.644  1.333  60.341 0.0000000000
59833  3.926  1.913  51.309 0.0000000000
59876  16.290  1.549  45.183 0.0000000000
60531  7.052  3.047  55.112 0.0000000000
60574  5.247  2.682  49.564 0.0000000000
60627  19.652  2.793  41.574 0.0000000000
61339  2.305  4.290  59.916 0.0000000000
61342  5.127  3.386  58.636 0.0000000000
61596  54.302  4.300  28.456 0.0000000000
62067  6.813  4.522  57.387 0.0000000000
62172  20.358  3.959  41.832 0.0000000000
62301  54.279  5.037  28.076 0.0000000000
62754  2.528  5.942  59.954 0.0000000000
62834  10.035  5.772  48.289 0.0000000000
63404  2.827  6.348  60.245 0.0000000000
63405  2.620  6.014  60.140 0.0000000000
64189  12.931  7.132  44.776 0.0000000000
64712  3.752  8.736  59.719 0.0000000000
64753  9.107  8.527  53.911 0.0000000000
66014  6.563  10.819  59.608 0.0000000000
66034  4.694  10.982  55.961 0.0000000000
66562  6.027  11.842  58.899 0.0000000000
66611  4.004  11.924  51.454 0.0000000000
66696  5.018  11.800  45.806 0.0000000000
67193  4.021  11.934  51.157 0.0000000000
67822  5.139  13.247  45.294 0.0000000000
68301  7.196  14.038  50.630 0.0000000000
68835  5.541  15.141  46.155 0.0000000000
68858  7.243  15.401  43.418 0.0000000000
69188  11.814  16.625  61.125 0.0000000000
69221  9.640  16.314  54.510 0.0000000000
69250  10.641  16.248  51.248 0.0000000000
69271  11.214  16.724  49.930 0.0000000000
69289  9.646  16.324  47.589 0.0000000000
69773  10.453  17.315  47.400 0.0000000000
69790  5.340  17.728  45.112 0.0000000000
70208  12.155  18.800  51.572 0.0000000000
70209  11.747  18.379  52.148 0.0000000000
70245  12.056  18.309  48.285 0.0000000000
70261  9.231  18.717  46.620 0.0000000000
70264  5.987  18.587  46.166 0.0000000000
70269  5.780  19.188  45.578 0.0000000000
70270  5.326  18.201  45.332 0.0000000000
70654  11.278  19.792  60.413 0.0000000000
71584  12.164  21.573  60.174 0.0000000000
71658  12.534  21.168  48.810 0.0000000000
72070  10.041  22.600  59.189 0.0000000000
72162  7.168  22.631  45.108 0.0000000000
73428  8.451  26.149  56.195 0.0000000000
73434  11.539  25.316  54.955 0.0000000000
73437  8.038  25.830  55.774 0.0000000000
73472  11.550  25.748  47.046 0.0000000000
73830  9.534  26.998  56.620 0.0000000000
73831  8.800  26.793  56.245 0.0000000000
73837  11.349  25.764  55.281 0.0000000000
73855  8.018  26.331  54.357 0.0000000000
74268  8.929  27.649  55.111 0.0000000000
74679  12.998  28.874  58.086 0.0000000000
74681  11.704  28.416  57.480 0.0000000000
74689  11.330  28.826  57.129 0.0000000000
76266  12.855  31.275  51.121 0.0000000000
76277  13.427  31.714  50.701 0.0000000000
76279  7.465  31.905  51.020 0.0000000000
78361  8.014  34.808  52.046 0.0000000000
95993  30.656  -1.321  36.171 0.0000000000
96095  11.220  -11.827  49.988 0.0000000000
96790  18.321  -12.206  54.921 0.0000000000
99275  11.413  11.098  45.873 0.0000000000
99304  11.307  10.507  47.339 0.0000000000
99438  28.500  0.339  36.601 0.0000000000
100971  46.318  2.577  34.875 0.0000000000
101672  25.975  -11.266  42.439 0.0000000000
101918  14.064  -3.577  56.363 0.0000000000
102142  7.486  32.935  51.104 0.0000000000
102665  9.030  20.018  46.267 0.0000000000
103095  24.371  -7.764  55.530 0.0000000000
104126  11.926  24.281  47.531 0.0000000000
107185  12.531  21.002  51.090 0.0000000000
107375  12.143  22.062  47.584 0.0000000000
107956  11.499  17.331  61.223 0.0000000000
108961  18.798  -16.333  61.447 0.0000000000
109046  13.706  33.996  50.211 0.0000000000
109639  22.209  -10.898  45.486 0.0000000000
109733  1.913  3.075  60.733 0.0000000000
110115  28.837  -8.801  40.903 0.0000000000
110872  11.686  19.245  53.605 0.0000000000
111894  12.537  19.168  50.221 0.0000000000
111907  7.342  13.026  43.584 0.0000000000
112184  11.676  11.192  44.895 0.0000000000
113198  21.658  -10.171  43.269 0.0000000000
113209  32.350  -0.120  42.235 0.0000000000
113437  25.543  -13.709  45.852 0.0000000000
113457  5.251  13.690  46.233 0.0000000000
113577  12.126  30.671  52.061 0.0000000000
113664  3.987  11.849  50.341 0.0000000000
113709  48.770  -5.821  32.650 0.0000000000
114176  30.975  -0.074  43.312 0.0000000000
114206  23.790  -12.559  52.294 0.0000000000
114366  30.609  -1.392  36.724 0.0000000000
114484  7.837  7.153  56.213 0.0000000000
114559  14.957  -7.771  48.683 0.0000000000
114615  15.816  -4.829  53.726 0.0000000000
114975  10.713  17.496  60.884 0.0000000000
115162  46.555  -1.943  32.817 0.0000000000
