
Mon Mar  9 01:04:11 CET 2026
cd /out/sourcedata/freesurfer/sub-v1s16x0051177_ses-1
setenv SUBJECTS_DIR /out/sourcedata/freesurfer
/opt/freesurfer/bin/recon-all -autorecon-hemi rh -noparcstats -noparcstats2 -noparcstats3 -nohyporelabel -nobalabels -rh-only -openmp 16 -subjid sub-v1s16x0051177_ses-1 -sd /out/sourcedata/freesurfer

subjid sub-v1s16x0051177_ses-1
setenv SUBJECTS_DIR /out/sourcedata/freesurfer
FREESURFER_HOME /opt/freesurfer
Actual FREESURFER_HOME /opt/freesurfer
build-stamp.txt: freesurfer-linux-ubuntu22_x86_64-7.3.2-20220804-6354275
Linux dna029 5.14.0-427.37.1.el9_4.x86_64 #1 SMP PREEMPT_DYNAMIC Fri Sep 13 12:41:50 EDT 2024 x86_64 x86_64 x86_64 GNU/Linux
cputime      unlimited
filesize     unlimited
datasize     unlimited
stacksize    8192 kbytes
coredumpsize 0 kbytes
memoryuse    67108864 kbytes
vmemoryuse   unlimited
descriptors  1024 
memorylocked unlimited
maxproc      2061970 
maxlocks     unlimited
maxsignal    2061970 
maxmessage   819200 
maxnice      0 
maxrtprio    0 
maxrttime    unlimited

               total        used        free      shared  buff/cache   available
Mem:           503Gi        48Gi       402Gi       9.0Gi        52Gi       442Gi
Swap:             0B          0B          0B

########################################
program versions used
7.3.2 (freesurfer-linux-ubuntu22_x86_64-7.3.2-20220804-6354275)
7.3.2

ProgramName: lta_convert  ProgramArguments: lta_convert -all-info  ProgramVersion: 7.3.2  TimeStamp: 2026/03/09-00:04:11-GMT  BuildTime: Aug  4 2022 06:17:15  BuildStamp: freesurfer-linux-ubuntu22_x86_64-7.3.2-20220804-6354275  User: oesteban  Machine: dna029  Platform: Linux  PlatformVersion: 5.14.0-427.37.1.el9_4.x86_64  CompilerName: GCC  CompilerVersion: 8.4.0
ProgramName: mri_and  ProgramArguments: mri_and -all-info  ProgramVersion: 7.3.2  TimeStamp: 2026/03/09-00:04:11-GMT  BuildTime: Aug  4 2022 06:17:15  BuildStamp: freesurfer-linux-ubuntu22_x86_64-7.3.2-20220804-6354275  User: oesteban  Machine: dna029  Platform: Linux  PlatformVersion: 5.14.0-427.37.1.el9_4.x86_64  CompilerName: GCC  CompilerVersion: 8.4.0
ProgramName: mri_annotation2label  ProgramArguments: mri_annotation2label -all-info  ProgramVersion: 7.3.2  TimeStamp: 2026/03/09-00:04:11-GMT  BuildTime: Aug  4 2022 06:17:15  BuildStamp: freesurfer-linux-ubuntu22_x86_64-7.3.2-20220804-6354275  User: oesteban  Machine: dna029  Platform: Linux  PlatformVersion: 5.14.0-427.37.1.el9_4.x86_64  CompilerName: GCC  CompilerVersion: 8.4.0
ProgramName: mri_aparc2aseg  ProgramArguments: mri_aparc2aseg -all-info  ProgramVersion: 7.3.2  TimeStamp: 2026/03/09-00:04:11-GMT  BuildTime: Aug  4 2022 06:17:15  BuildStamp: freesurfer-linux-ubuntu22_x86_64-7.3.2-20220804-6354275  User: oesteban  Machine: dna029  Platform: Linux  PlatformVersion: 5.14.0-427.37.1.el9_4.x86_64  CompilerName: GCC  CompilerVersion: 8.4.0
ProgramName: mri_surf2volseg  ProgramArguments: mri_surf2volseg -all-info  ProgramVersion: 7.3.2  TimeStamp: 2026/03/09-00:04:11-GMT  BuildTime: Aug  4 2022 06:17:15  BuildStamp: freesurfer-linux-ubuntu22_x86_64-7.3.2-20220804-6354275  User: oesteban  Machine: dna029  Platform: Linux  PlatformVersion: 5.14.0-427.37.1.el9_4.x86_64  CompilerName: GCC  CompilerVersion: 8.4.0
ProgramName: mri_binarize  ProgramArguments: mri_binarize -all-info  ProgramVersion: 7.3.2  TimeStamp: 2026/03/09-00:04:11-GMT  BuildTime: Aug  4 2022 06:17:15  BuildStamp: freesurfer-linux-ubuntu22_x86_64-7.3.2-20220804-6354275  User: oesteban  Machine: dna029  Platform: Linux  PlatformVersion: 5.14.0-427.37.1.el9_4.x86_64  CompilerName: GCC  CompilerVersion: 8.4.0
ProgramName: mri_ca_label  ProgramArguments: mri_ca_label -all-info  ProgramVersion: 7.3.2  TimeStamp: 2026/03/09-00:04:11-GMT  BuildTime: Aug  4 2022 06:17:15  BuildStamp: freesurfer-linux-ubuntu22_x86_64-7.3.2-20220804-6354275  User: oesteban  Machine: dna029  Platform: Linux  PlatformVersion: 5.14.0-427.37.1.el9_4.x86_64  CompilerName: GCC  CompilerVersion: 8.4.0
ProgramName: mri_ca_normalize  ProgramArguments: mri_ca_normalize -all-info  ProgramVersion: 7.3.2  TimeStamp: 2026/03/09-00:04:11-GMT  BuildTime: Aug  4 2022 06:17:15  BuildStamp: freesurfer-linux-ubuntu22_x86_64-7.3.2-20220804-6354275  User: oesteban  Machine: dna029  Platform: Linux  PlatformVersion: 5.14.0-427.37.1.el9_4.x86_64  CompilerName: GCC  CompilerVersion: 8.4.0
ProgramName: mri_ca_register  ProgramArguments: mri_ca_register -all-info  ProgramVersion: 7.3.2  TimeStamp: 2026/03/09-00:04:11-GMT  BuildTime: Aug  4 2022 06:17:15  BuildStamp: freesurfer-linux-ubuntu22_x86_64-7.3.2-20220804-6354275  User: oesteban  Machine: dna029  Platform: Linux  PlatformVersion: 5.14.0-427.37.1.el9_4.x86_64  CompilerName: GCC  CompilerVersion: 8.4.0
ProgramName: mri_cc  ProgramArguments: mri_cc -all-info  ProgramVersion: 7.3.2  TimeStamp: 2026/03/09-00:04:11-GMT  BuildTime: Aug  4 2022 06:17:15  BuildStamp: freesurfer-linux-ubuntu22_x86_64-7.3.2-20220804-6354275  User: oesteban  Machine: dna029  Platform: Linux  PlatformVersion: 5.14.0-427.37.1.el9_4.x86_64  CompilerName: GCC  CompilerVersion: 8.4.0
ProgramName: mri_compute_overlap  ProgramArguments: mri_compute_overlap -all-info  ProgramVersion: 7.3.2  TimeStamp: 2026/03/09-00:04:11-GMT  BuildTime: Aug  4 2022 06:17:15  BuildStamp: freesurfer-linux-ubuntu22_x86_64-7.3.2-20220804-6354275  User: oesteban  Machine: dna029  Platform: Linux  PlatformVersion: 5.14.0-427.37.1.el9_4.x86_64  CompilerName: GCC  CompilerVersion: 8.4.0
ProgramName: mri_compute_seg_overlap  ProgramArguments: mri_compute_seg_overlap -all-info  ProgramVersion: 7.3.2  TimeStamp: 2026/03/09-00:04:11-GMT  BuildTime: Aug  4 2022 06:17:15  BuildStamp: freesurfer-linux-ubuntu22_x86_64-7.3.2-20220804-6354275  User: oesteban  Machine: dna029  Platform: Linux  PlatformVersion: 5.14.0-427.37.1.el9_4.x86_64  CompilerName: GCC  CompilerVersion: 8.4.0
ProgramName: mri_concat  ProgramArguments: mri_concat -all-info  ProgramVersion: 7.3.2  TimeStamp: 2026/03/09-00:04:11-GMT  BuildTime: Aug  4 2022 06:17:15  BuildStamp: freesurfer-linux-ubuntu22_x86_64-7.3.2-20220804-6354275  User: oesteban  Machine: dna029  Platform: Linux  PlatformVersion: 5.14.0-427.37.1.el9_4.x86_64  CompilerName: GCC  CompilerVersion: 8.4.0
ProgramName: mri_concatenate_lta  ProgramArguments: mri_concatenate_lta -all-info  ProgramVersion: 7.3.2  TimeStamp: 2026/03/09-00:04:11-GMT  BuildTime: Aug  4 2022 06:17:15  BuildStamp: freesurfer-linux-ubuntu22_x86_64-7.3.2-20220804-6354275  User: oesteban  Machine: dna029  Platform: Linux  PlatformVersion: 5.14.0-427.37.1.el9_4.x86_64  CompilerName: GCC  CompilerVersion: 8.4.0
mri_convert -all-info 
ProgramName: mri_convert  ProgramArguments: mri_convert -all-info  ProgramVersion: 7.3.2  TimeStamp: 2026/03/09-00:04:11-GMT  BuildTime: Aug  4 2022 06:17:15  BuildStamp: freesurfer-linux-ubuntu22_x86_64-7.3.2-20220804-6354275  User: oesteban  Machine: dna029  Platform: Linux  PlatformVersion: 5.14.0-427.37.1.el9_4.x86_64  CompilerName: GCC  CompilerVersion: 8.4.0
ProgramName: mri_diff  ProgramArguments: mri_diff -all-info  ProgramVersion: 7.3.2  TimeStamp: 2026/03/09-00:04:11-GMT  BuildTime: Aug  4 2022 06:17:15  BuildStamp: freesurfer-linux-ubuntu22_x86_64-7.3.2-20220804-6354275  User: oesteban  Machine: dna029  Platform: Linux  PlatformVersion: 5.14.0-427.37.1.el9_4.x86_64  CompilerName: GCC  CompilerVersion: 8.4.0
ProgramName: mri_edit_wm_with_aseg  ProgramArguments: mri_edit_wm_with_aseg -all-info  ProgramVersion: 7.3.2  TimeStamp: 2026/03/09-00:04:11-GMT  BuildTime: Aug  4 2022 06:17:15  BuildStamp: freesurfer-linux-ubuntu22_x86_64-7.3.2-20220804-6354275  User: oesteban  Machine: dna029  Platform: Linux  PlatformVersion: 5.14.0-427.37.1.el9_4.x86_64  CompilerName: GCC  CompilerVersion: 8.4.0
ProgramName: mri_em_register  ProgramArguments: mri_em_register -all-info  ProgramVersion: 7.3.2  TimeStamp: 2026/03/09-00:04:11-GMT  BuildTime: Aug  4 2022 06:17:15  BuildStamp: freesurfer-linux-ubuntu22_x86_64-7.3.2-20220804-6354275  User: oesteban  Machine: dna029  Platform: Linux  PlatformVersion: 5.14.0-427.37.1.el9_4.x86_64  CompilerName: GCC  CompilerVersion: 8.4.0
ProgramName: mri_fill  ProgramArguments: mri_fill -all-info  ProgramVersion: 7.3.2  TimeStamp: 2026/03/09-00:04:11-GMT  BuildTime: Aug  4 2022 06:17:15  BuildStamp: freesurfer-linux-ubuntu22_x86_64-7.3.2-20220804-6354275  User: oesteban  Machine: dna029  Platform: Linux  PlatformVersion: 5.14.0-427.37.1.el9_4.x86_64  CompilerName: GCC  CompilerVersion: 8.4.0
ProgramName: mri_fuse_segmentations  ProgramArguments: mri_fuse_segmentations -all-info  ProgramVersion: 7.3.2  TimeStamp: 2026/03/09-00:04:11-GMT  BuildTime: Aug  4 2022 06:17:15  BuildStamp: freesurfer-linux-ubuntu22_x86_64-7.3.2-20220804-6354275  User: oesteban  Machine: dna029  Platform: Linux  PlatformVersion: 5.14.0-427.37.1.el9_4.x86_64  CompilerName: GCC  CompilerVersion: 8.4.0
ProgramName: mri_fwhm  ProgramArguments: mri_fwhm -all-info  ProgramVersion: 7.3.2  TimeStamp: 2026/03/09-00:04:11-GMT  BuildTime: Aug  4 2022 06:17:15  BuildStamp: freesurfer-linux-ubuntu22_x86_64-7.3.2-20220804-6354275  User: oesteban  Machine: dna029  Platform: Linux  PlatformVersion: 5.14.0-427.37.1.el9_4.x86_64  CompilerName: GCC  CompilerVersion: 8.4.0
ProgramName: mri_gcut  ProgramArguments: mri_gcut -all-info  ProgramVersion: 7.3.2  TimeStamp: 2026/03/09-00:04:11-GMT  BuildTime: Aug  4 2022 06:17:15  BuildStamp: freesurfer-linux-ubuntu22_x86_64-7.3.2-20220804-6354275  User: oesteban  Machine: dna029  Platform: Linux  PlatformVersion: 5.14.0-427.37.1.el9_4.x86_64  CompilerName: GCC  CompilerVersion: 8.4.0
ProgramName: mri_info  ProgramArguments: mri_info -all-info  ProgramVersion: 7.3.2  TimeStamp: 2026/03/09-00:04:11-GMT  BuildTime: Aug  4 2022 06:17:15  BuildStamp: freesurfer-linux-ubuntu22_x86_64-7.3.2-20220804-6354275  User: oesteban  Machine: dna029  Platform: Linux  PlatformVersion: 5.14.0-427.37.1.el9_4.x86_64  CompilerName: GCC  CompilerVersion: 8.4.0
ProgramName: mri_label2label  ProgramArguments: mri_label2label -all-info  ProgramVersion: 7.3.2  TimeStamp: 2026/03/09-00:04:11-GMT  BuildTime: Aug  4 2022 06:17:15  BuildStamp: freesurfer-linux-ubuntu22_x86_64-7.3.2-20220804-6354275  User: oesteban  Machine: dna029  Platform: Linux  PlatformVersion: 5.14.0-427.37.1.el9_4.x86_64  CompilerName: GCC  CompilerVersion: 8.4.0
ProgramName: mri_label2vol  ProgramArguments: mri_label2vol -all-info  ProgramVersion: 7.3.2  TimeStamp: 2026/03/09-00:04:11-GMT  BuildTime: Aug  4 2022 06:17:15  BuildStamp: freesurfer-linux-ubuntu22_x86_64-7.3.2-20220804-6354275  User: oesteban  Machine: dna029  Platform: Linux  PlatformVersion: 5.14.0-427.37.1.el9_4.x86_64  CompilerName: GCC  CompilerVersion: 8.4.0
ProgramName: mri_log_likelihood  ProgramArguments: mri_log_likelihood -all-info  ProgramVersion: 7.3.2  TimeStamp: 2026/03/09-00:04:11-GMT  BuildTime: Aug  4 2022 06:17:15  BuildStamp: freesurfer-linux-ubuntu22_x86_64-7.3.2-20220804-6354275  User: oesteban  Machine: dna029  Platform: Linux  PlatformVersion: 5.14.0-427.37.1.el9_4.x86_64  CompilerName: GCC  CompilerVersion: 8.4.0
ProgramName: mri_mask  ProgramArguments: mri_mask -all-info  ProgramVersion: 7.3.2  TimeStamp: 2026/03/09-00:04:11-GMT  BuildTime: Aug  4 2022 06:17:15  BuildStamp: freesurfer-linux-ubuntu22_x86_64-7.3.2-20220804-6354275  User: oesteban  Machine: dna029  Platform: Linux  PlatformVersion: 5.14.0-427.37.1.el9_4.x86_64  CompilerName: GCC  CompilerVersion: 8.4.0
ProgramName: mri_matrix_multiply  ProgramArguments: mri_matrix_multiply -all-info  ProgramVersion: 7.3.2  TimeStamp: 2026/03/09-00:04:11-GMT  BuildTime: Aug  4 2022 06:17:15  BuildStamp: freesurfer-linux-ubuntu22_x86_64-7.3.2-20220804-6354275  User: oesteban  Machine: dna029  Platform: Linux  PlatformVersion: 5.14.0-427.37.1.el9_4.x86_64  CompilerName: GCC  CompilerVersion: 8.4.0
ProgramName: mri_normalize  ProgramArguments: mri_normalize -all-info  ProgramVersion: 7.3.2  TimeStamp: 2026/03/09-00:04:11-GMT  BuildTime: Aug  4 2022 06:17:15  BuildStamp: freesurfer-linux-ubuntu22_x86_64-7.3.2-20220804-6354275  User: oesteban  Machine: dna029  Platform: Linux  PlatformVersion: 5.14.0-427.37.1.el9_4.x86_64  CompilerName: GCC  CompilerVersion: 8.4.0
ProgramName: mri_normalize_tp2  ProgramArguments: mri_normalize_tp2 -all-info  ProgramVersion: 7.3.2  TimeStamp: 2026/03/09-00:04:11-GMT  BuildTime: Aug  4 2022 06:17:15  BuildStamp: freesurfer-linux-ubuntu22_x86_64-7.3.2-20220804-6354275  User: oesteban  Machine: dna029  Platform: Linux  PlatformVersion: 5.14.0-427.37.1.el9_4.x86_64  CompilerName: GCC  CompilerVersion: 8.4.0
ProgramName: mri_or  ProgramArguments: mri_or -all-info  ProgramVersion: 7.3.2  TimeStamp: 2026/03/09-00:04:11-GMT  BuildTime: Aug  4 2022 06:17:15  BuildStamp: freesurfer-linux-ubuntu22_x86_64-7.3.2-20220804-6354275  User: oesteban  Machine: dna029  Platform: Linux  PlatformVersion: 5.14.0-427.37.1.el9_4.x86_64  CompilerName: GCC  CompilerVersion: 8.4.0
ProgramName: mri_relabel_hypointensities  ProgramArguments: mri_relabel_hypointensities -all-info  ProgramVersion: 7.3.2  TimeStamp: 2026/03/09-00:04:11-GMT  BuildTime: Aug  4 2022 06:17:15  BuildStamp: freesurfer-linux-ubuntu22_x86_64-7.3.2-20220804-6354275  User: oesteban  Machine: dna029  Platform: Linux  PlatformVersion: 5.14.0-427.37.1.el9_4.x86_64  CompilerName: GCC  CompilerVersion: 8.4.0
ProgramName: mri_relabel_nonwm_hypos  ProgramArguments: mri_relabel_nonwm_hypos -all-info  ProgramVersion: 7.3.2  TimeStamp: 2026/03/09-00:04:11-GMT  BuildTime: Aug  4 2022 06:17:15  BuildStamp: freesurfer-linux-ubuntu22_x86_64-7.3.2-20220804-6354275  User: oesteban  Machine: dna029  Platform: Linux  PlatformVersion: 5.14.0-427.37.1.el9_4.x86_64  CompilerName: GCC  CompilerVersion: 8.4.0
ProgramName: mri_remove_neck  ProgramArguments: mri_remove_neck -all-info  ProgramVersion: 7.3.2  TimeStamp: 2026/03/09-00:04:11-GMT  BuildTime: Aug  4 2022 06:17:15  BuildStamp: freesurfer-linux-ubuntu22_x86_64-7.3.2-20220804-6354275  User: oesteban  Machine: dna029  Platform: Linux  PlatformVersion: 5.14.0-427.37.1.el9_4.x86_64  CompilerName: GCC  CompilerVersion: 8.4.0
7.3.2

ProgramName: mri_robust_register  ProgramArguments: mri_robust_register -all-info  ProgramVersion: 7.3.2  TimeStamp: 2026/03/09-00:04:11-GMT  BuildTime: Aug  4 2022 06:17:15  BuildStamp: freesurfer-linux-ubuntu22_x86_64-7.3.2-20220804-6354275  User: oesteban  Machine: dna029  Platform: Linux  PlatformVersion: 5.14.0-427.37.1.el9_4.x86_64  CompilerName: GCC  CompilerVersion: 8.4.0
7.3.2

ProgramName: mri_robust_template  ProgramArguments: mri_robust_template -all-info  ProgramVersion: 7.3.2  TimeStamp: 2026/03/09-00:04:11-GMT  BuildTime: Aug  4 2022 06:17:15  BuildStamp: freesurfer-linux-ubuntu22_x86_64-7.3.2-20220804-6354275  User: oesteban  Machine: dna029  Platform: Linux  PlatformVersion: 5.14.0-427.37.1.el9_4.x86_64  CompilerName: GCC  CompilerVersion: 8.4.0
ProgramName: mris_anatomical_stats  ProgramArguments: mris_anatomical_stats -all-info  ProgramVersion: 7.3.2  TimeStamp: 2026/03/09-00:04:11-GMT  BuildTime: Aug  4 2022 06:17:15  BuildStamp: freesurfer-linux-ubuntu22_x86_64-7.3.2-20220804-6354275  User: oesteban  Machine: dna029  Platform: Linux  PlatformVersion: 5.14.0-427.37.1.el9_4.x86_64  CompilerName: GCC  CompilerVersion: 8.4.0
ProgramName: mris_ca_label  ProgramArguments: mris_ca_label -all-info  ProgramVersion: 7.3.2  TimeStamp: 2026/03/09-00:04:11-GMT  BuildTime: Aug  4 2022 06:17:15  BuildStamp: freesurfer-linux-ubuntu22_x86_64-7.3.2-20220804-6354275  User: oesteban  Machine: dna029  Platform: Linux  PlatformVersion: 5.14.0-427.37.1.el9_4.x86_64  CompilerName: GCC  CompilerVersion: 8.4.0
ProgramName: mris_calc  ProgramArguments: mris_calc -all-info  ProgramVersion: 7.3.2  TimeStamp: 2026/03/09-00:04:11-GMT  BuildTime: Aug  4 2022 06:17:15  BuildStamp: freesurfer-linux-ubuntu22_x86_64-7.3.2-20220804-6354275  User: oesteban  Machine: dna029  Platform: Linux  PlatformVersion: 5.14.0-427.37.1.el9_4.x86_64  CompilerName: GCC  CompilerVersion: 8.4.0
ProgramName: mris_convert  ProgramArguments: mris_convert -all-info  ProgramVersion: 7.3.2  TimeStamp: 2026/03/09-00:04:11-GMT  BuildTime: Aug  4 2022 06:17:15  BuildStamp: freesurfer-linux-ubuntu22_x86_64-7.3.2-20220804-6354275  User: oesteban  Machine: dna029  Platform: Linux  PlatformVersion: 5.14.0-427.37.1.el9_4.x86_64  CompilerName: GCC  CompilerVersion: 8.4.0
ProgramName: mris_curvature  ProgramArguments: mris_curvature -all-info  ProgramVersion: 7.3.2  TimeStamp: 2026/03/09-00:04:11-GMT  BuildTime: Aug  4 2022 06:17:15  BuildStamp: freesurfer-linux-ubuntu22_x86_64-7.3.2-20220804-6354275  User: oesteban  Machine: dna029  Platform: Linux  PlatformVersion: 5.14.0-427.37.1.el9_4.x86_64  CompilerName: GCC  CompilerVersion: 8.4.0
ProgramName: mris_curvature_stats  ProgramArguments: mris_curvature_stats -all-info  ProgramVersion: 7.3.2  TimeStamp: 2026/03/09-00:04:11-GMT  BuildTime: Aug  4 2022 06:17:15  BuildStamp: freesurfer-linux-ubuntu22_x86_64-7.3.2-20220804-6354275  User: oesteban  Machine: dna029  Platform: Linux  PlatformVersion: 5.14.0-427.37.1.el9_4.x86_64  CompilerName: GCC  CompilerVersion: 8.4.0
ProgramName: mris_diff  ProgramArguments: mris_diff -all-info  ProgramVersion: 7.3.2  TimeStamp: 2026/03/09-00:04:11-GMT  BuildTime: Aug  4 2022 06:17:15  BuildStamp: freesurfer-linux-ubuntu22_x86_64-7.3.2-20220804-6354275  User: oesteban  Machine: dna029  Platform: Linux  PlatformVersion: 5.14.0-427.37.1.el9_4.x86_64  CompilerName: GCC  CompilerVersion: 8.4.0
ProgramName: mris_divide_parcellation  ProgramArguments: mris_divide_parcellation -all-info  ProgramVersion: 7.3.2  TimeStamp: 2026/03/09-00:04:11-GMT  BuildTime: Aug  4 2022 06:17:15  BuildStamp: freesurfer-linux-ubuntu22_x86_64-7.3.2-20220804-6354275  User: oesteban  Machine: dna029  Platform: Linux  PlatformVersion: 5.14.0-427.37.1.el9_4.x86_64  CompilerName: GCC  CompilerVersion: 8.4.0
ProgramName: mri_segment  ProgramArguments: mri_segment -all-info  ProgramVersion: 7.3.2  TimeStamp: 2026/03/09-00:04:11-GMT  BuildTime: Aug  4 2022 06:17:15  BuildStamp: freesurfer-linux-ubuntu22_x86_64-7.3.2-20220804-6354275  User: oesteban  Machine: dna029  Platform: Linux  PlatformVersion: 5.14.0-427.37.1.el9_4.x86_64  CompilerName: GCC  CompilerVersion: 8.4.0
ProgramName: mri_segstats  ProgramArguments: mri_segstats -all-info  ProgramVersion: 7.3.2  TimeStamp: 2026/03/09-00:04:11-GMT  BuildTime: Aug  4 2022 06:17:15  BuildStamp: freesurfer-linux-ubuntu22_x86_64-7.3.2-20220804-6354275  User: oesteban  Machine: dna029  Platform: Linux  PlatformVersion: 5.14.0-427.37.1.el9_4.x86_64  CompilerName: GCC  CompilerVersion: 8.4.0
ProgramName: mris_euler_number  ProgramArguments: mris_euler_number -all-info  ProgramVersion: 7.3.2  TimeStamp: 2026/03/09-00:04:11-GMT  BuildTime: Aug  4 2022 06:17:15  BuildStamp: freesurfer-linux-ubuntu22_x86_64-7.3.2-20220804-6354275  User: oesteban  Machine: dna029  Platform: Linux  PlatformVersion: 5.14.0-427.37.1.el9_4.x86_64  CompilerName: GCC  CompilerVersion: 8.4.0
ProgramName: mris_fix_topology  ProgramArguments: mris_fix_topology -all-info  ProgramVersion: 7.3.2  TimeStamp: 2026/03/09-00:04:11-GMT  BuildTime: Aug  4 2022 06:17:15  BuildStamp: freesurfer-linux-ubuntu22_x86_64-7.3.2-20220804-6354275  User: oesteban  Machine: dna029  Platform: Linux  PlatformVersion: 5.14.0-427.37.1.el9_4.x86_64  CompilerName: GCC  CompilerVersion: 8.4.0
ProgramName: mris_topo_fixer  ProgramArguments: mris_topo_fixer -all-info  ProgramVersion: 7.3.2  TimeStamp: 2026/03/09-00:04:11-GMT  BuildTime: Aug  4 2022 06:17:15  BuildStamp: freesurfer-linux-ubuntu22_x86_64-7.3.2-20220804-6354275  User: oesteban  Machine: dna029  Platform: Linux  PlatformVersion: 5.14.0-427.37.1.el9_4.x86_64  CompilerName: GCC  CompilerVersion: 8.4.0
ProgramName: mris_jacobian  ProgramArguments: mris_jacobian -all-info  ProgramVersion: 7.3.2  TimeStamp: 2026/03/09-00:04:11-GMT  BuildTime: Aug  4 2022 06:17:15  BuildStamp: freesurfer-linux-ubuntu22_x86_64-7.3.2-20220804-6354275  User: oesteban  Machine: dna029  Platform: Linux  PlatformVersion: 5.14.0-427.37.1.el9_4.x86_64  CompilerName: GCC  CompilerVersion: 8.4.0
ProgramName: mris_label2annot  ProgramArguments: mris_label2annot -all-info  ProgramVersion: 7.3.2  TimeStamp: 2026/03/09-00:04:11-GMT  BuildTime: Aug  4 2022 06:17:15  BuildStamp: freesurfer-linux-ubuntu22_x86_64-7.3.2-20220804-6354275  User: oesteban  Machine: dna029  Platform: Linux  PlatformVersion: 5.14.0-427.37.1.el9_4.x86_64  CompilerName: GCC  CompilerVersion: 8.4.0
ProgramName: mris_left_right_register  ProgramArguments: mris_left_right_register -all-info  ProgramVersion: 7.3.2  TimeStamp: 2026/03/09-00:04:11-GMT  BuildTime: Aug  4 2022 06:17:15  BuildStamp: freesurfer-linux-ubuntu22_x86_64-7.3.2-20220804-6354275  User: oesteban  Machine: dna029  Platform: Linux  PlatformVersion: 5.14.0-427.37.1.el9_4.x86_64  CompilerName: GCC  CompilerVersion: 8.4.0
ProgramName: mris_place_surface  ProgramArguments: mris_place_surface -all-info  ProgramVersion: 7.3.2  TimeStamp: 2026/03/09-00:04:11-GMT  BuildTime: Aug  4 2022 06:17:15  BuildStamp: freesurfer-linux-ubuntu22_x86_64-7.3.2-20220804-6354275  User: oesteban  Machine: dna029  Platform: Linux  PlatformVersion: 5.14.0-427.37.1.el9_4.x86_64  CompilerName: GCC  CompilerVersion: 8.4.0
ProgramName: mrisp_paint  ProgramArguments: mrisp_paint -all-info  ProgramVersion: 7.3.2  TimeStamp: 2026/03/09-00:04:11-GMT  BuildTime: Aug  4 2022 06:17:15  BuildStamp: freesurfer-linux-ubuntu22_x86_64-7.3.2-20220804-6354275  User: oesteban  Machine: dna029  Platform: Linux  PlatformVersion: 5.14.0-427.37.1.el9_4.x86_64  CompilerName: GCC  CompilerVersion: 8.4.0
ProgramName: mris_register  ProgramArguments: mris_register -all-info  ProgramVersion: 7.3.2  TimeStamp: 2026/03/09-00:04:11-GMT  BuildTime: Aug  4 2022 06:17:15  BuildStamp: freesurfer-linux-ubuntu22_x86_64-7.3.2-20220804-6354275  User: oesteban  Machine: dna029  Platform: Linux  PlatformVersion: 5.14.0-427.37.1.el9_4.x86_64  CompilerName: GCC  CompilerVersion: 8.4.0
ProgramName: mris_smooth  ProgramArguments: mris_smooth -all-info  ProgramVersion: 7.3.2  TimeStamp: 2026/03/09-00:04:11-GMT  BuildTime: Aug  4 2022 06:17:15  BuildStamp: freesurfer-linux-ubuntu22_x86_64-7.3.2-20220804-6354275  User: oesteban  Machine: dna029  Platform: Linux  PlatformVersion: 5.14.0-427.37.1.el9_4.x86_64  CompilerName: GCC  CompilerVersion: 8.4.0
ProgramName: mris_sphere  ProgramArguments: mris_sphere -all-info  ProgramVersion: 7.3.2  TimeStamp: 2026/03/09-00:04:11-GMT  BuildTime: Aug  4 2022 06:17:15  BuildStamp: freesurfer-linux-ubuntu22_x86_64-7.3.2-20220804-6354275  User: oesteban  Machine: dna029  Platform: Linux  PlatformVersion: 5.14.0-427.37.1.el9_4.x86_64  CompilerName: GCC  CompilerVersion: 8.4.0
ProgramName: mris_surface_stats  ProgramArguments: mris_surface_stats -all-info  ProgramVersion: 7.3.2  TimeStamp: 2026/03/09-00:04:11-GMT  BuildTime: Aug  4 2022 06:17:15  BuildStamp: freesurfer-linux-ubuntu22_x86_64-7.3.2-20220804-6354275  User: oesteban  Machine: dna029  Platform: Linux  PlatformVersion: 5.14.0-427.37.1.el9_4.x86_64  CompilerName: GCC  CompilerVersion: 8.4.0
ProgramName: mri_stats2seg  ProgramArguments: mri_stats2seg -all-info  ProgramVersion: 7.3.2  TimeStamp: 2026/03/09-00:04:11-GMT  BuildTime: Aug  4 2022 06:17:15  BuildStamp: freesurfer-linux-ubuntu22_x86_64-7.3.2-20220804-6354275  User: oesteban  Machine: dna029  Platform: Linux  PlatformVersion: 5.14.0-427.37.1.el9_4.x86_64  CompilerName: GCC  CompilerVersion: 8.4.0
ProgramName: mris_thickness  ProgramArguments: mris_thickness -all-info  ProgramVersion: 7.3.2  TimeStamp: 2026/03/09-00:04:11-GMT  BuildTime: Aug  4 2022 06:17:15  BuildStamp: freesurfer-linux-ubuntu22_x86_64-7.3.2-20220804-6354275  User: oesteban  Machine: dna029  Platform: Linux  PlatformVersion: 5.14.0-427.37.1.el9_4.x86_64  CompilerName: GCC  CompilerVersion: 8.4.0
ProgramName: mris_thickness_diff  ProgramArguments: mris_thickness_diff -all-info  ProgramVersion: 7.3.2  TimeStamp: 2026/03/09-00:04:11-GMT  BuildTime: Aug  4 2022 06:17:15  BuildStamp: freesurfer-linux-ubuntu22_x86_64-7.3.2-20220804-6354275  User: oesteban  Machine: dna029  Platform: Linux  PlatformVersion: 5.14.0-427.37.1.el9_4.x86_64  CompilerName: GCC  CompilerVersion: 8.4.0
ProgramName: mris_topo_fixer  ProgramArguments: mris_topo_fixer -all-info  ProgramVersion: 7.3.2  TimeStamp: 2026/03/09-00:04:11-GMT  BuildTime: Aug  4 2022 06:17:15  BuildStamp: freesurfer-linux-ubuntu22_x86_64-7.3.2-20220804-6354275  User: oesteban  Machine: dna029  Platform: Linux  PlatformVersion: 5.14.0-427.37.1.el9_4.x86_64  CompilerName: GCC  CompilerVersion: 8.4.0
ProgramName: mri_surf2surf  ProgramArguments: mri_surf2surf -all-info  ProgramVersion: 7.3.2  TimeStamp: 2026/03/09-00:04:11-GMT  BuildTime: Aug  4 2022 06:17:15  BuildStamp: freesurfer-linux-ubuntu22_x86_64-7.3.2-20220804-6354275  User: oesteban  Machine: dna029  Platform: Linux  PlatformVersion: 5.14.0-427.37.1.el9_4.x86_64  CompilerName: GCC  CompilerVersion: 8.4.0
ProgramName: mri_surf2vol  ProgramArguments: mri_surf2vol -all-info  ProgramVersion: 7.3.2  TimeStamp: 2026/03/09-00:04:11-GMT  BuildTime: Aug  4 2022 06:17:15  BuildStamp: freesurfer-linux-ubuntu22_x86_64-7.3.2-20220804-6354275  User: oesteban  Machine: dna029  Platform: Linux  PlatformVersion: 5.14.0-427.37.1.el9_4.x86_64  CompilerName: GCC  CompilerVersion: 8.4.0
ProgramName: mri_surfcluster  ProgramArguments: mri_surfcluster -all-info  ProgramVersion: 7.3.2  TimeStamp: 2026/03/09-00:04:11-GMT  BuildTime: Aug  4 2022 06:17:15  BuildStamp: freesurfer-linux-ubuntu22_x86_64-7.3.2-20220804-6354275  User: oesteban  Machine: dna029  Platform: Linux  PlatformVersion: 5.14.0-427.37.1.el9_4.x86_64  CompilerName: GCC  CompilerVersion: 8.4.0
ProgramName: mris_volmask  ProgramArguments: mris_volmask -all-info  ProgramVersion: 7.3.2  TimeStamp: 2026/03/09-00:04:11-GMT  BuildTime: Aug  4 2022 06:17:15  BuildStamp: freesurfer-linux-ubuntu22_x86_64-7.3.2-20220804-6354275  User: oesteban  Machine: dna029  Platform: Linux  PlatformVersion: 5.14.0-427.37.1.el9_4.x86_64  CompilerName: GCC  CompilerVersion: 8.4.0
ProgramName: mri_tessellate  ProgramArguments: mri_tessellate -all-info  ProgramVersion: 7.3.2  TimeStamp: 2026/03/09-00:04:11-GMT  BuildTime: Aug  4 2022 06:17:15  BuildStamp: freesurfer-linux-ubuntu22_x86_64-7.3.2-20220804-6354275  User: oesteban  Machine: dna029  Platform: Linux  PlatformVersion: 5.14.0-427.37.1.el9_4.x86_64  CompilerName: GCC  CompilerVersion: 8.4.0
ProgramName: mri_vol2surf  ProgramArguments: mri_vol2surf -all-info  ProgramVersion: 7.3.2  TimeStamp: 2026/03/09-00:04:11-GMT  BuildTime: Aug  4 2022 06:17:15  BuildStamp: freesurfer-linux-ubuntu22_x86_64-7.3.2-20220804-6354275  User: oesteban  Machine: dna029  Platform: Linux  PlatformVersion: 5.14.0-427.37.1.el9_4.x86_64  CompilerName: GCC  CompilerVersion: 8.4.0
ProgramName: mri_vol2vol  ProgramArguments: mri_vol2vol -all-info  ProgramVersion: 7.3.2  TimeStamp: 2026/03/09-00:04:11-GMT  BuildTime: Aug  4 2022 06:17:15  BuildStamp: freesurfer-linux-ubuntu22_x86_64-7.3.2-20220804-6354275  User: oesteban  Machine: dna029  Platform: Linux  PlatformVersion: 5.14.0-427.37.1.el9_4.x86_64  CompilerName: GCC  CompilerVersion: 8.4.0
ProgramName: mri_voldiff  ProgramArguments: mri_voldiff -all-info  ProgramVersion: 7.3.2  TimeStamp: 2026/03/09-00:04:11-GMT  BuildTime: Aug  4 2022 06:17:15  BuildStamp: freesurfer-linux-ubuntu22_x86_64-7.3.2-20220804-6354275  User: oesteban  Machine: dna029  Platform: Linux  PlatformVersion: 5.14.0-427.37.1.el9_4.x86_64  CompilerName: GCC  CompilerVersion: 8.4.0
ProgramName: mri_watershed  ProgramArguments: mri_watershed -all-info  ProgramVersion: 7.3.2  TimeStamp: 2026/03/09-00:04:11-GMT  BuildTime: Aug  4 2022 06:17:15  BuildStamp: freesurfer-linux-ubuntu22_x86_64-7.3.2-20220804-6354275  User: oesteban  Machine: dna029  Platform: Linux  PlatformVersion: 5.14.0-427.37.1.el9_4.x86_64  CompilerName: GCC  CompilerVersion: 8.4.0
ProgramName: tkregister2  ProgramArguments: tkregister2_cmdl -all-info  ProgramVersion: 7.3.2  TimeStamp: 2026/03/09-00:04:11-GMT  BuildTime: Aug  4 2022 06:17:15  BuildStamp: freesurfer-linux-ubuntu22_x86_64-7.3.2-20220804-6354275  User: oesteban  Machine: dna029  Platform: Linux  PlatformVersion: 5.14.0-427.37.1.el9_4.x86_64  CompilerName: GCC  CompilerVersion: 8.4.0
mri_motion_correct.fsl 7.3.2
mri_convert -all-info 
ProgramName: mri_convert  ProgramArguments: mri_convert -all-info  ProgramVersion: 7.3.2  TimeStamp: 2026/03/09-00:04:11-GMT  BuildTime: Aug  4 2022 06:17:15  BuildStamp: freesurfer-linux-ubuntu22_x86_64-7.3.2-20220804-6354275  User: oesteban  Machine: dna029  Platform: Linux  PlatformVersion: 5.14.0-427.37.1.el9_4.x86_64  CompilerName: GCC  CompilerVersion: 8.4.0
Program nu_correct, built from:
Package MNI N3, version 1.12.0, compiled by nicks@terrier (x86_64-unknown-linux-gnu) on 2015-06-19 at 01:25:34
#######################################
GCADIR /opt/freesurfer/average
GCA RB_all_2020-01-02.gca
GCASkull RB_all_withskull_2020_01_02.gca
AvgCurvTif folding.atlas.acfb40.noaparc.i12.2016-08-02.tif
GCSDIR /opt/freesurfer/average
GCS DKaparc.atlas.acfb40.noaparc.i12.2016-08-02.gcs
#######################################
#--------------------------------------------
#@# Tessellate rh Mon Mar  9 01:04:11 CET 2026
/out/sourcedata/freesurfer/sub-v1s16x0051177_ses-1/scripts

 mri_pretess ../mri/filled.mgz 127 ../mri/norm.mgz ../mri/filled-pretess127.mgz 


Iteration Number : 1
pass   1 (xy+):   0 found -   0 modified     |    TOTAL:   0
pass   1 (xy-):   0 found -   0 modified     |    TOTAL:   0
pass   1 (yz+):   5 found -   5 modified     |    TOTAL:   5
pass   2 (yz+):   0 found -   5 modified     |    TOTAL:   5
pass   1 (yz-):   9 found -   9 modified     |    TOTAL:  14
pass   2 (yz-):   0 found -   9 modified     |    TOTAL:  14
pass   1 (xz+):   0 found -   0 modified     |    TOTAL:  14
pass   1 (xz-):   1 found -   1 modified     |    TOTAL:  15
pass   2 (xz-):   0 found -   1 modified     |    TOTAL:  15
Iteration Number : 1
pass   1 (+++):   0 found -   0 modified     |    TOTAL:   0
pass   1 (+++):   0 found -   0 modified     |    TOTAL:   0
pass   1 (+++):   0 found -   0 modified     |    TOTAL:   0
pass   1 (+++):   0 found -   0 modified     |    TOTAL:   0
Iteration Number : 1
pass   1 (++):   1 found -   1 modified     |    TOTAL:   1
pass   2 (++):   0 found -   1 modified     |    TOTAL:   1
pass   1 (+-):   0 found -   0 modified     |    TOTAL:   1
pass   1 (--):   0 found -   0 modified     |    TOTAL:   1
pass   1 (-+):   0 found -   0 modified     |    TOTAL:   1
Iteration Number : 2
pass   1 (xy+):   0 found -   0 modified     |    TOTAL:   0
pass   1 (xy-):   0 found -   0 modified     |    TOTAL:   0
pass   1 (yz+):   1 found -   1 modified     |    TOTAL:   1
pass   2 (yz+):   0 found -   1 modified     |    TOTAL:   1
pass   1 (yz-):   0 found -   0 modified     |    TOTAL:   1
pass   1 (xz+):   0 found -   0 modified     |    TOTAL:   1
pass   1 (xz-):   0 found -   0 modified     |    TOTAL:   1
Iteration Number : 2
pass   1 (+++):   0 found -   0 modified     |    TOTAL:   0
pass   1 (+++):   0 found -   0 modified     |    TOTAL:   0
pass   1 (+++):   0 found -   0 modified     |    TOTAL:   0
pass   1 (+++):   0 found -   0 modified     |    TOTAL:   0
Iteration Number : 2
pass   1 (++):   0 found -   0 modified     |    TOTAL:   0
pass   1 (+-):   0 found -   0 modified     |    TOTAL:   0
pass   1 (--):   0 found -   0 modified     |    TOTAL:   0
pass   1 (-+):   0 found -   0 modified     |    TOTAL:   0
Iteration Number : 3
pass   1 (xy+):   0 found -   0 modified     |    TOTAL:   0
pass   1 (xy-):   0 found -   0 modified     |    TOTAL:   0
pass   1 (yz+):   0 found -   0 modified     |    TOTAL:   0
pass   1 (yz-):   0 found -   0 modified     |    TOTAL:   0
pass   1 (xz+):   0 found -   0 modified     |    TOTAL:   0
pass   1 (xz-):   0 found -   0 modified     |    TOTAL:   0
Iteration Number : 3
pass   1 (+++):   0 found -   0 modified     |    TOTAL:   0
pass   1 (+++):   0 found -   0 modified     |    TOTAL:   0
pass   1 (+++):   0 found -   0 modified     |    TOTAL:   0
pass   1 (+++):   0 found -   0 modified     |    TOTAL:   0
Iteration Number : 3
pass   1 (++):   0 found -   0 modified     |    TOTAL:   0
pass   1 (+-):   0 found -   0 modified     |    TOTAL:   0
pass   1 (--):   0 found -   0 modified     |    TOTAL:   0
pass   1 (-+):   0 found -   0 modified     |    TOTAL:   0

Total Number of Modified Voxels = 17 (out of 238986: 0.007113)
Ambiguous edge configurations... 

mri_pretess done


 mri_tessellate ../mri/filled-pretess127.mgz 127 ../surf/rh.orig.nofix 

7.3.2
  7.3.2
slice 50: 2409 vertices, 2539 faces
slice 60: 6800 vertices, 7028 faces
slice 70: 14185 vertices, 14468 faces
slice 80: 22261 vertices, 22583 faces
slice 90: 32033 vertices, 32406 faces
slice 100: 42480 vertices, 42782 faces
slice 110: 52456 vertices, 52827 faces
slice 120: 65029 vertices, 65439 faces
slice 130: 77120 vertices, 77533 faces
slice 140: 88718 vertices, 89116 faces
slice 150: 98891 vertices, 99201 faces
slice 160: 105762 vertices, 106051 faces
slice 170: 114052 vertices, 114322 faces
slice 180: 120329 vertices, 120569 faces
slice 190: 125212 vertices, 125435 faces
slice 200: 128695 vertices, 128824 faces
slice 210: 129711 vertices, 129772 faces
slice 220: 129752 vertices, 129798 faces
slice 230: 129752 vertices, 129798 faces
slice 240: 129752 vertices, 129798 faces
slice 250: 129752 vertices, 129798 faces
using the conformed surface RAS to save vertex points...
writing ../surf/rh.orig.nofix
using vox2ras matrix:
-1.00000   0.00000   0.00000   128.00000;
 0.00000   0.00000   1.00000  -128.00000;
 0.00000  -1.00000   0.00000   128.00000;
 0.00000   0.00000   0.00000   1.00000;

 rm -f ../mri/filled-pretess127.mgz 


 mris_extract_main_component ../surf/rh.orig.nofix ../surf/rh.orig.nofix 


counting number of connected components...
   129740 voxel in cpt #1: X=-48 [v=129740,e=389364,f=259576] located at (26.072245, -8.543541, 27.621435)
   12 voxel in cpt #2: X=2 [v=12,e=30,f=20] located at (0.000000, 6.500000, 31.000000)
For the whole surface: X=-46 [v=129752,e=389394,f=259596]
2 components have been found
keeping component #1 with 129740 vertices
done

#--------------------------------------------
#@# Smooth1 rh Mon Mar  9 01:04:15 CET 2026
/out/sourcedata/freesurfer/sub-v1s16x0051177_ses-1/scripts

 mris_smooth -nw -seed 1234 ../surf/rh.orig.nofix ../surf/rh.smoothwm.nofix 

setting seed for random number generator to 1234
smoothing surface tessellation for 10 iterations...
smoothing complete - recomputing first and second fundamental forms...
#--------------------------------------------
#@# Inflation1 rh Mon Mar  9 01:04:17 CET 2026
/out/sourcedata/freesurfer/sub-v1s16x0051177_ses-1/scripts

 mris_inflate -no-save-sulc ../surf/rh.smoothwm.nofix ../surf/rh.inflated.nofix 

Not saving sulc
Reading ../surf/rh.smoothwm.nofix
avg radius = 45.9 mm, total surface area = 70503 mm^2
step 000: RMS=0.151 (target=0.015)   step 005: RMS=0.117 (target=0.015)   step 010: RMS=0.091 (target=0.015)   step 015: RMS=0.077 (target=0.015)   step 020: RMS=0.067 (target=0.015)   step 025: RMS=0.061 (target=0.015)   step 030: RMS=0.055 (target=0.015)   step 035: RMS=0.051 (target=0.015)   step 040: RMS=0.049 (target=0.015)   step 045: RMS=0.047 (target=0.015)   step 050: RMS=0.046 (target=0.015)   step 055: RMS=0.046 (target=0.015)   step 060: RMS=0.046 (target=0.015)   writing inflated surface to ../surf/rh.inflated.nofix
inflation took 0.2 minutes

inflation complete.
Not saving sulc
mris_inflate utimesec    54.482784
mris_inflate stimesec    2.078522
mris_inflate ru_maxrss   205700
mris_inflate ru_ixrss    0
mris_inflate ru_idrss    0
mris_inflate ru_isrss    0
mris_inflate ru_minflt   563503
mris_inflate ru_majflt   4
mris_inflate ru_nswap    0
mris_inflate ru_inblock  0
mris_inflate ru_oublock  9128
mris_inflate ru_msgsnd   0
mris_inflate ru_msgrcv   0
mris_inflate ru_nsignals 0
mris_inflate ru_nvcsw    9276
mris_inflate ru_nivcsw   452
#--------------------------------------------
#@# QSphere rh Mon Mar  9 01:04:30 CET 2026
/out/sourcedata/freesurfer/sub-v1s16x0051177_ses-1/scripts

 mris_sphere -q -p 6 -a 128 -seed 1234 ../surf/rh.inflated.nofix ../surf/rh.qsphere.nofix 

doing quick spherical unfolding.
limitting unfolding to 6 passes
using n_averages = 128
setting seed for random number genererator to 1234
version: 7.3.2
available threads: 16
scaling brain by 0.302...
inflating...
projecting onto sphere...
surface projected - minimizing metric distortion...
vertex spacing 1.01 +- 0.58 (0.00-->8.02) (max @ vno 48158 --> 48159)
face area 0.02 +- 0.03 (-0.13-->0.82)
Entering MRISinflateToSphere()
inflating to sphere (rms error < 2.00)
000: dt: 0.0000, rms radial error=177.658, avgs=0
005/300: dt: 0.9000, rms radial error=177.400, avgs=0
010/300: dt: 0.9000, rms radial error=176.845, avgs=0
015/300: dt: 0.9000, rms radial error=176.115, avgs=0
020/300: dt: 0.9000, rms radial error=175.281, avgs=0
025/300: dt: 0.9000, rms radial error=174.389, avgs=0
030/300: dt: 0.9000, rms radial error=173.463, avgs=0
035/300: dt: 0.9000, rms radial error=172.521, avgs=0
040/300: dt: 0.9000, rms radial error=171.570, avgs=0
045/300: dt: 0.9000, rms radial error=170.620, avgs=0
050/300: dt: 0.9000, rms radial error=169.671, avgs=0
055/300: dt: 0.9000, rms radial error=168.724, avgs=0
060/300: dt: 0.9000, rms radial error=167.780, avgs=0
065/300: dt: 0.9000, rms radial error=166.841, avgs=0
070/300: dt: 0.9000, rms radial error=165.906, avgs=0
075/300: dt: 0.9000, rms radial error=164.976, avgs=0
080/300: dt: 0.9000, rms radial error=164.050, avgs=0
085/300: dt: 0.9000, rms radial error=163.129, avgs=0
090/300: dt: 0.9000, rms radial error=162.213, avgs=0
095/300: dt: 0.9000, rms radial error=161.302, avgs=0
100/300: dt: 0.9000, rms radial error=160.395, avgs=0
105/300: dt: 0.9000, rms radial error=159.493, avgs=0
110/300: dt: 0.9000, rms radial error=158.596, avgs=0
115/300: dt: 0.9000, rms radial error=157.704, avgs=0
120/300: dt: 0.9000, rms radial error=156.817, avgs=0
125/300: dt: 0.9000, rms radial error=155.934, avgs=0
130/300: dt: 0.9000, rms radial error=155.056, avgs=0
135/300: dt: 0.9000, rms radial error=154.183, avgs=0
140/300: dt: 0.9000, rms radial error=153.314, avgs=0
145/300: dt: 0.9000, rms radial error=152.451, avgs=0
150/300: dt: 0.9000, rms radial error=151.592, avgs=0
155/300: dt: 0.9000, rms radial error=150.737, avgs=0
160/300: dt: 0.9000, rms radial error=149.887, avgs=0
165/300: dt: 0.9000, rms radial error=149.042, avgs=0
170/300: dt: 0.9000, rms radial error=148.202, avgs=0
175/300: dt: 0.9000, rms radial error=147.366, avgs=0
180/300: dt: 0.9000, rms radial error=146.535, avgs=0
185/300: dt: 0.9000, rms radial error=145.709, avgs=0
190/300: dt: 0.9000, rms radial error=144.887, avgs=0
195/300: dt: 0.9000, rms radial error=144.069, avgs=0
200/300: dt: 0.9000, rms radial error=143.256, avgs=0
205/300: dt: 0.9000, rms radial error=142.448, avgs=0
210/300: dt: 0.9000, rms radial error=141.644, avgs=0
215/300: dt: 0.9000, rms radial error=140.845, avgs=0
220/300: dt: 0.9000, rms radial error=140.049, avgs=0
225/300: dt: 0.9000, rms radial error=139.259, avgs=0
230/300: dt: 0.9000, rms radial error=138.472, avgs=0
235/300: dt: 0.9000, rms radial error=137.690, avgs=0
240/300: dt: 0.9000, rms radial error=136.913, avgs=0
245/300: dt: 0.9000, rms radial error=136.139, avgs=0
250/300: dt: 0.9000, rms radial error=135.371, avgs=0
255/300: dt: 0.9000, rms radial error=134.606, avgs=0
260/300: dt: 0.9000, rms radial error=133.846, avgs=0
265/300: dt: 0.9000, rms radial error=133.090, avgs=0
270/300: dt: 0.9000, rms radial error=132.338, avgs=0
275/300: dt: 0.9000, rms radial error=131.591, avgs=0
280/300: dt: 0.9000, rms radial error=130.848, avgs=0
285/300: dt: 0.9000, rms radial error=130.108, avgs=0
290/300: dt: 0.9000, rms radial error=129.373, avgs=0
295/300: dt: 0.9000, rms radial error=128.642, avgs=0
300/300: dt: 0.9000, rms radial error=127.916, avgs=0

spherical inflation complete.
epoch 1 (K=10.0), pass 1, starting sse = 15239.81
taking momentum steps...
taking momentum steps...
taking momentum steps...
taking momentum steps...
pass 1 complete, delta sse/iter = 0.00/13 = 0.00026
epoch 2 (K=40.0), pass 1, starting sse = 2509.34
taking momentum steps...
taking momentum steps...
taking momentum steps...
taking momentum steps...
pass 1 complete, delta sse/iter = 0.00/13 = 0.00011
epoch 3 (K=160.0), pass 1, starting sse = 256.22
taking momentum steps...
taking momentum steps...
taking momentum steps...
taking momentum steps...
pass 1 complete, delta sse/iter = 0.11/14 = 0.00766
epoch 4 (K=640.0), pass 1, starting sse = 17.24
taking momentum steps...
taking momentum steps...
taking momentum steps...
taking momentum steps...
pass 1 complete, delta sse/iter = 0.10/19 = 0.00530
final distance error %100000.00
writing spherical brain to ../surf/rh.qsphere.nofix
spherical transformation took 0.0185 hours
FSRUNTIME@ mris_sphere  0.0185 hours 16 threads
#VMPC# mris_sphere VmPeak  1546192
mris_sphere done
#@# Fix Topology rh Mon Mar  9 01:05:36 CET 2026

 mris_fix_topology -mgz -sphere qsphere.nofix -inflated inflated.nofix -orig orig.nofix -out orig.premesh -ga -seed 1234 sub-v1s16x0051177_ses-1 rh 

reading spherical homeomorphism from 'qsphere.nofix'
reading inflated coordinates from 'inflated.nofix'
reading original coordinates from 'orig.nofix'
using genetic algorithm with optimized parameters
setting seed for random number genererator to 1234

*************************************************************
Topology Correction Parameters
retessellation mode:           genetic search
number of patches/generation : 10
number of generations :        10
surface mri loglikelihood coefficient :         1.0
volume mri loglikelihood coefficient :          10.0
normal dot loglikelihood coefficient :          1.0
quadratic curvature loglikelihood coefficient : 1.0
volume resolution :                             2
eliminate vertices during search :              1
initial patch selection :                       1
select all defect vertices :                    0
ordering dependant retessellation:              0
use precomputed edge table :                    0
smooth retessellated patch :                    2
match retessellated patch :                     1
verbose mode :                                  0

*************************************************************
INFO: assuming .mgz format
writing corrected surface to 'orig.premesh'
7.3.2
  7.3.2
before topology correction, eno=-48 (nv=129740, nf=259576, ne=389364, g=25)
using quasi-homeomorphic spherical map to tessellate cortical surface...

Correction of the Topology
Finding true center and radius of Spherical Surface...done
Surface centered at (0,0,0) with radius 100.0 in 12 iterations
marking ambiguous vertices...
6615 ambiguous faces found in tessellation
segmenting defects...
36 defects found, arbitrating ambiguous regions...
analyzing neighboring defects...
36 defects to be corrected 
0 vertices coincident
reading input surface /out/sourcedata/freesurfer/sub-v1s16x0051177_ses-1/surf/rh.qsphere.nofix...
reading brain volume from brain...
reading wm segmentation from wm...
Reading original properties of orig.nofix
Reading vertex positions of inflated.nofix
Computing Initial Surface Statistics
      -face       loglikelihood: -9.4887  (-4.7443)
      -vertex     loglikelihood: -6.5206  (-3.2603)
      -normal dot loglikelihood: -3.5747  (-3.5747)
      -quad curv  loglikelihood: -6.1990  (-3.0995)
      Total Loglikelihood : -25.7830
CORRECTING DEFECT 0 (vertices=95, convex hull=83, v0=15)
After retessellation of defect 0 (v0=15), euler #=-31 (125805,376081,250245) : difference with theory (-33) = -2 
CORRECTING DEFECT 1 (vertices=18, convex hull=35, v0=25)
After retessellation of defect 1 (v0=25), euler #=-30 (125805,376093,250258) : difference with theory (-32) = -2 
CORRECTING DEFECT 2 (vertices=77, convex hull=89, v0=349)
first tangent vector of length zero at vertex 125962
second tangent vector of length zero at vertex 125962
first tangent vector of length zero at vertex 125962
second tangent vector of length zero at vertex 125962
After retessellation of defect 2 (v0=349), euler #=-29 (125821,376177,250327) : difference with theory (-31) = -2 
CORRECTING DEFECT 3 (vertices=263, convex hull=171, v0=416)
After retessellation of defect 3 (v0=416), euler #=-28 (125872,376414,250514) : difference with theory (-30) = -2 
CORRECTING DEFECT 4 (vertices=72, convex hull=72, v0=1118)
After retessellation of defect 4 (v0=1118), euler #=-27 (125897,376518,250594) : difference with theory (-29) = -2 
CORRECTING DEFECT 5 (vertices=100, convex hull=86, v0=1794)
After retessellation of defect 5 (v0=1794), euler #=-26 (125921,376630,250683) : difference with theory (-28) = -2 
CORRECTING DEFECT 6 (vertices=20, convex hull=25, v0=2060)
After retessellation of defect 6 (v0=2060), euler #=-25 (125924,376646,250697) : difference with theory (-27) = -2 
CORRECTING DEFECT 7 (vertices=63, convex hull=38, v0=19537)
After retessellation of defect 7 (v0=19537), euler #=-24 (125932,376686,250730) : difference with theory (-26) = -2 
CORRECTING DEFECT 8 (vertices=9, convex hull=20, v0=24841)
After retessellation of defect 8 (v0=24841), euler #=-23 (125933,376696,250740) : difference with theory (-25) = -2 
CORRECTING DEFECT 9 (vertices=71, convex hull=78, v0=26351)
After retessellation of defect 9 (v0=26351), euler #=-22 (125960,376811,250829) : difference with theory (-24) = -2 
CORRECTING DEFECT 10 (vertices=26, convex hull=59, v0=32080)
After retessellation of defect 10 (v0=32080), euler #=-21 (125971,376868,250876) : difference with theory (-23) = -2 
CORRECTING DEFECT 11 (vertices=147, convex hull=98, v0=34172)
After retessellation of defect 11 (v0=34172), euler #=-20 (126025,377074,251029) : difference with theory (-22) = -2 
CORRECTING DEFECT 12 (vertices=103, convex hull=26, v0=41445)
After retessellation of defect 12 (v0=41445), euler #=-19 (126035,377112,251058) : difference with theory (-21) = -2 
CORRECTING DEFECT 13 (vertices=42, convex hull=46, v0=45566)
After retessellation of defect 13 (v0=45566), euler #=-18 (126049,377173,251106) : difference with theory (-20) = -2 
CORRECTING DEFECT 14 (vertices=406, convex hull=378, v0=54954)
After retessellation of defect 14 (v0=54954), euler #=-17 (126238,377925,251670) : difference with theory (-19) = -2 
CORRECTING DEFECT 15 (vertices=50, convex hull=102, v0=75174)
normal vector of length zero at vertex 127306 with 3 faces
After retessellation of defect 15 (v0=75174), euler #=-16 (126260,378034,251758) : difference with theory (-18) = -2 
CORRECTING DEFECT 16 (vertices=75, convex hull=88, v0=80987)
After retessellation of defect 16 (v0=80987), euler #=-15 (126287,378157,251855) : difference with theory (-17) = -2 
CORRECTING DEFECT 17 (vertices=270, convex hull=215, v0=83063)
After retessellation of defect 17 (v0=83063), euler #=-14 (126412,378655,252229) : difference with theory (-16) = -2 
CORRECTING DEFECT 18 (vertices=70, convex hull=42, v0=83574)
After retessellation of defect 18 (v0=83574), euler #=-13 (126427,378719,252279) : difference with theory (-15) = -2 
CORRECTING DEFECT 19 (vertices=21, convex hull=21, v0=84134)
After retessellation of defect 19 (v0=84134), euler #=-12 (126430,378734,252292) : difference with theory (-14) = -2 
CORRECTING DEFECT 20 (vertices=417, convex hull=172, v0=86282)
After retessellation of defect 20 (v0=86282), euler #=-13 (126476,378961,252472) : difference with theory (-13) = 0 
CORRECTING DEFECT 21 (vertices=200, convex hull=90, v0=86290)
After retessellation of defect 21 (v0=86290), euler #=-12 (126497,379061,252552) : difference with theory (-12) = 0 
CORRECTING DEFECT 22 (vertices=97, convex hull=69, v0=87470)
After retessellation of defect 22 (v0=87470), euler #=-11 (126508,379127,252608) : difference with theory (-11) = 0 
CORRECTING DEFECT 23 (vertices=255, convex hull=174, v0=89479)
After retessellation of defect 23 (v0=89479), euler #=-10 (126562,379373,252801) : difference with theory (-10) = 0 
CORRECTING DEFECT 24 (vertices=29, convex hull=29, v0=90616)
After retessellation of defect 24 (v0=90616), euler #=-9 (126567,379400,252824) : difference with theory (-9) = 0 
CORRECTING DEFECT 25 (vertices=269, convex hull=96, v0=90721)
After retessellation of defect 25 (v0=90721), euler #=-8 (126597,379536,252931) : difference with theory (-8) = 0 
CORRECTING DEFECT 26 (vertices=42, convex hull=44, v0=90971)
After retessellation of defect 26 (v0=90971), euler #=-7 (126602,379565,252956) : difference with theory (-7) = 0 
CORRECTING DEFECT 27 (vertices=44, convex hull=45, v0=97207)
After retessellation of defect 27 (v0=97207), euler #=-6 (126609,379603,252988) : difference with theory (-6) = 0 
CORRECTING DEFECT 28 (vertices=70, convex hull=36, v0=98798)
After retessellation of defect 28 (v0=98798), euler #=-5 (126618,379646,253023) : difference with theory (-5) = 0 
CORRECTING DEFECT 29 (vertices=374, convex hull=229, v0=100288)
After retessellation of defect 29 (v0=100288), euler #=-4 (126716,380055,253335) : difference with theory (-4) = 0 
CORRECTING DEFECT 30 (vertices=19, convex hull=22, v0=106546)
After retessellation of defect 30 (v0=106546), euler #=-3 (126719,380073,253351) : difference with theory (-3) = 0 
CORRECTING DEFECT 31 (vertices=20, convex hull=51, v0=112379)
After retessellation of defect 31 (v0=112379), euler #=-2 (126728,380118,253388) : difference with theory (-2) = 0 
CORRECTING DEFECT 32 (vertices=42, convex hull=46, v0=117320)
After retessellation of defect 32 (v0=117320), euler #=-1 (126732,380148,253415) : difference with theory (-1) = 0 
CORRECTING DEFECT 33 (vertices=29, convex hull=27, v0=127964)
After retessellation of defect 33 (v0=127964), euler #=0 (126733,380160,253427) : difference with theory (0) = 0 
CORRECTING DEFECT 34 (vertices=46, convex hull=49, v0=129634)
After retessellation of defect 34 (v0=129634), euler #=1 (126740,380201,253462) : difference with theory (1) = 0 
CORRECTING DEFECT 35 (vertices=11, convex hull=40, v0=129673)
After retessellation of defect 35 (v0=129673), euler #=2 (126741,380217,253478) : difference with theory (2) = 0 
computing original vertex metric properties...
storing new metric properties...
computing tessellation statistics...
vertex spacing 0.89 +- 0.23 (0.03-->10.66) (max @ vno 1340 --> 2043)
face area -nan +- -nan (1000.00-->-1.00)
performing soap bubble on retessellated vertices for 0 iterations...
vertex spacing 0.89 +- 0.23 (0.03-->10.66) (max @ vno 1340 --> 2043)
face area -nan +- -nan (1000.00-->-1.00)
tessellation finished, orienting corrected surface...
126 mutations (33.7%), 248 crossovers (66.3%), 204 vertices were eliminated
building final representation...
2999 vertices and 0 faces have been removed from triangulation
after topology correction, eno=2 (nv=126741, nf=253478, ne=380217, g=0)
writing corrected surface to /out/sourcedata/freesurfer/sub-v1s16x0051177_ses-1/surf/rh.orig.premesh...

0.000 % of the vertices (0 vertices) exhibit an orientation change
removing intersecting faces
000: 349 intersecting
001: 33 intersecting
002: 8 intersecting
terminating search with 0 intersecting
topology fixing took 2.6 minutes
FSRUNTIME@ mris_fix_topology rh  0.0435 hours 16 threads
#VMPC# mris_fix_topology VmPeak  1845472

 mris_euler_number ../surf/rh.orig.premesh 

euler # = v-e+f = 2g-2: 126741 - 380217 + 253478 = 2 --> 0 holes
      F =2V-4:          253478 = 253482-4 (0)
      2E=3F:            760434 = 760434 (0)

total defect index = 0
Mon Mar  9 01:08:14 CET 2026

setenv SUBJECTS_DIR /out/sourcedata/freesurfer
cd /out/sourcedata/freesurfer/sub-v1s16x0051177_ses-1/scripts
/opt/freesurfer/bin/defect2seg --s sub-v1s16x0051177_ses-1 --rh-only --cortex

freesurfer-linux-ubuntu22_x86_64-7.3.2-20220804-6354275
defect2seg 7.3.2
Linux dna029 5.14.0-427.37.1.el9_4.x86_64 #1 SMP PREEMPT_DYNAMIC Fri Sep 13 12:41:50 EDT 2024 x86_64 x86_64 x86_64 GNU/Linux
pid 3604012
mri_label2label --label-cortex /out/sourcedata/freesurfer/sub-v1s16x0051177_ses-1/surf/rh.orig.nofix /out/sourcedata/freesurfer/sub-v1s16x0051177_ses-1/mri/aseg.presurf.mgz 0 /out/sourcedata/freesurfer/sub-v1s16x0051177_ses-1/label/rh.nofix.cortex.label

 Generating cortex label... RemoveHipAmgy=0
 NucAccIsMedialWall=0
 mris->useRealRAS=0
16 non-cortical segments detected
only using segment with 6779 vertices
erasing segment 1 (vno[0] = 69917)
erasing segment 2 (vno[0] = 71086)
erasing segment 3 (vno[0] = 74433)
erasing segment 4 (vno[0] = 75864)
erasing segment 5 (vno[0] = 76943)
erasing segment 6 (vno[0] = 76958)
erasing segment 7 (vno[0] = 77017)
erasing segment 8 (vno[0] = 79154)
erasing segment 9 (vno[0] = 80143)
erasing segment 10 (vno[0] = 88305)
erasing segment 11 (vno[0] = 89464)
erasing segment 12 (vno[0] = 89493)
erasing segment 13 (vno[0] = 89592)
erasing segment 14 (vno[0] = 97827)
erasing segment 15 (vno[0] = 110576)
mri_label2vol --defects /out/sourcedata/freesurfer/sub-v1s16x0051177_ses-1/surf/rh.orig.nofix /out/sourcedata/freesurfer/sub-v1s16x0051177_ses-1/surf/rh.defect_labels /out/sourcedata/freesurfer/sub-v1s16x0051177_ses-1/mri/orig.mgz 2000 0 /out/sourcedata/freesurfer/sub-v1s16x0051177_ses-1/mri/rh.surface.defects.mgz /out/sourcedata/freesurfer/sub-v1s16x0051177_ses-1/label/rh.nofix.cortex.label
mri_label2vol supposed to be reproducible but seed not set
Contraining to label /out/sourcedata/freesurfer/sub-v1s16x0051177_ses-1/label/rh.nofix.cortex.label
Changing input type 0 to MRI_INT
Converting defects to volume: offset=2000, merge=0
Writing to /out/sourcedata/freesurfer/sub-v1s16x0051177_ses-1/mri/rh.surface.defects.mgz
mris_defects_pointset -s /out/sourcedata/freesurfer/sub-v1s16x0051177_ses-1/surf/rh.orig.nofix -d /out/sourcedata/freesurfer/sub-v1s16x0051177_ses-1/surf/rh.defect_labels -o /out/sourcedata/freesurfer/sub-v1s16x0051177_ses-1/surf/rh.defects.pointset --label /out/sourcedata/freesurfer/sub-v1s16x0051177_ses-1/label/rh.nofix.cortex.label
Reading in surface /out/sourcedata/freesurfer/sub-v1s16x0051177_ses-1/surf/rh.orig.nofix
Reading in defect segmentation /out/sourcedata/freesurfer/sub-v1s16x0051177_ses-1/surf/rh.defect_labels
Reading in label /out/sourcedata/freesurfer/sub-v1s16x0051177_ses-1/label/rh.nofix.cortex.label
#VMPC# mris_defects_pointset 1295412
mris_defects_pointset done
 
Started at Mon Mar 9 01:08:14 CET 2026 
Ended   at Mon Mar  9 01:08:29 CET 2026
Defect2seg-Run-Time-Sec 15
Defect2seg-Run-Time-Min 0.30
Defect2seg-Run-Time-Hours 0.00
 
tkmeditfv sub-v1s16x0051177_ses-1 brain.finalsurfs.mgz -defect
defect2seg Done

 mris_remesh --remesh --iters 3 --input /out/sourcedata/freesurfer/sub-v1s16x0051177_ses-1/surf/rh.orig.premesh --output /out/sourcedata/freesurfer/sub-v1s16x0051177_ses-1/surf/rh.orig 

iters = 3
standard remeshing without target
   adjusted l: 0.713236
remeshing to edge length 0.713236 with 3 iterations

avg qual before   : 0.890618  after: 0.971512

Removing intersections
Remeshed surface quality stats nv0 = 126741  nv = 131919  1.04085
Area    263834  0.30505  0.03377 0.064667   0.4711
Corner  791502 60.00000  8.74558 23.470300 131.1158
Edge    395751  0.84723  0.08227 0.281872   1.2556
Hinge   395751  9.36936 10.22604 0.000000 147.0158
mris_remesh done
/out/sourcedata/freesurfer/sub-v1s16x0051177_ses-1/scripts

 mris_remove_intersection ../surf/rh.orig ../surf/rh.orig 

intersection removal took 0.00 hours
writing corrected surface to ../surf/rh.orig

 rm -f ../surf/rh.inflated 

#--------------------------------------------
#@# AutoDetGWStats rh Mon Mar  9 01:08:59 CET 2026
cd /out/sourcedata/freesurfer/sub-v1s16x0051177_ses-1/mri
mris_autodet_gwstats --o ../surf/autodet.gw.stats.rh.dat --i brain.finalsurfs.mgz --wm wm.mgz --surf ../surf/rh.orig.premesh
7.3.2

cd /out/sourcedata/freesurfer/sub-v1s16x0051177_ses-1/mri
setenv SUBJECTS_DIR /out/sourcedata/freesurfer
mris_autodet_gwstats --o ../surf/autodet.gw.stats.rh.dat --i brain.finalsurfs.mgz --wm wm.mgz --surf ../surf/rh.orig.premesh 

border white:    239670 voxels (1.43%)
border gray      276276 voxels (1.65%)
Reading in intensity volume brain.finalsurfs.mgz
Reading in wm volume wm.mgz
Reading in surf ../surf/rh.orig.premesh
Auto detecting stats
MRIclipBrightWM(): nthresh=16141, wmmin=5, clip=110 
Binarizing thresholding at 5
computing class statistics... low=30, hi=110.000000
CCS WM (96.0): 96.7 +- 8.4 [70.0 --> 110.0]
CCS GM (71.0) : 70.0 +- 11.0 [30.0 --> 110.0]
white_mean = 96.734 +/- 8.40523, gray_mean = 70.0105 +/- 11.0369
using class modes intead of means, discounting robust sigmas....
MRIScomputeClassModes(): min=0 max=216 nbins=217
intensity peaks found at WM=101+-7.0,    GM=64+-9.6
white_mode = 101, gray_mode = 64
std_scale = 1
Applying sanity checks, max_scale_down = 0.2
setting MIN_GRAY_AT_WHITE_BORDER to 53.0 (was 70.000000)
setting MAX_BORDER_WHITE to 109.4 (was 105.000000)
setting MIN_BORDER_WHITE to 64.0 (was 85.000000)
setting MAX_CSF to 41.9 (was 40.000000)
setting MAX_GRAY to 92.6 (was 95.000000)
setting MAX_GRAY_AT_CSF_BORDER to 53.0 (was 75.000000)
setting MIN_GRAY_AT_CSF_BORDER to 30.9 (was 40.000000)
When placing the white surface
  white_border_hi   = 109.405;
  white_border_low  = 64;
  white_outside_low = 52.9631;
  white_inside_hi   = 120;
  white_outside_hi  = 109.405;
When placing the pial surface
  pial_border_hi   = 52.9631;
  pial_border_low  = 30.8893;
  pial_outside_low = 10;
  pial_inside_hi   = 92.5948;
  pial_outside_hi  = 47.4447;
#VMPC# mris_autodet_gwstats VmPeak  1391956
mris_autodet_gwstats done
#--------------------------------------------
#@# WhitePreAparc rh Mon Mar  9 01:09:02 CET 2026
cd /out/sourcedata/freesurfer/sub-v1s16x0051177_ses-1/mri
mris_place_surface --adgws-in ../surf/autodet.gw.stats.rh.dat --wm wm.mgz --threads 16 --invol brain.finalsurfs.mgz --rh --i ../surf/rh.orig --o ../surf/rh.white.preaparc --white --seg aseg.presurf.mgz --nsmooth 5
7.3.2
7.3.2

cd /out/sourcedata/freesurfer/sub-v1s16x0051177_ses-1/mri
setenv SUBJECTS_DIR /out/sourcedata/freesurfer
mris_place_surface --adgws-in ../surf/autodet.gw.stats.rh.dat --wm wm.mgz --threads 16 --invol brain.finalsurfs.mgz --rh --i ../surf/rh.orig --o ../surf/rh.white.preaparc --white --seg aseg.presurf.mgz --nsmooth 5 

Reading in input surface ../surf/rh.orig
Smoothing surface before ripping with 5 iterations
Area    263834  0.27078  0.06450 0.000981   0.5844
Corner  791502 60.00000  9.45626 3.263248 138.7485
Edge    395751  0.79420  0.11618 0.025563   1.3291
Hinge   395751  6.29289  6.59846 0.000004 161.1138
Not reading in aparc
Reading in input volume brain.finalsurfs.mgz
Reading in wm volume wm.mgz
MRIclipBrightWM(): nthresh=16141, wmmin=5, clip=110 
MRIfindBrightNonWM(): 558 bright non-wm voxels segmented.
Masking bright non-wm for white surface
MRImask(): AllowDiffGeom = 1
MRImask(): AllowDiffGeom = 1
Reading in seg volume aseg.presurf.mgz
Ripping frozen voxels
INFO: rip surface needed but not specified, so using input surface
Freezing midline and others
Entering: MRISripMidline(): inhibiting deformation at non-cortical midline structures...
  which=1, fix_mtl=0, using annot = 0
#FML0# MRISripMidline(): nripped=0
removing 3 vertices from ripped group in thread:0
removing 4 vertices from ripped group in thread:0
removing 4 vertices from ripped group in thread:0
removing 4 vertices from ripped group in thread:0
removing 4 vertices from ripped group in thread:0
#FML# MRISripMidline(): nmarked=5913, nmarked2=312, nripped=5913
Ripping segs (eg, WMSA, BG, frozen)
Starting MRISripSegs() d = (-2 2 0.5) segnos: 247 
MRISripSegs(): -2 2 0.5 ripped 0
vertex 65960: xyz = (11.5628,2.75837,63.5996) oxyz = (11.5628,2.75837,63.5996) wxzy = (11.5628,2.75837,63.5996) pxyz = (0,0,0) 
CBVO Creating mask 131919
n_averages 4
Iteration 0 =========================================
n_averages=4, current_sigma=2
Freezing midline and others
Ripping frozen voxels
INFO: rip surface needed but not specified, so using input surface
Freezing midline and others
Entering: MRISripMidline(): inhibiting deformation at non-cortical midline structures...
  which=1, fix_mtl=0, using annot = 0
#FML0# MRISripMidline(): nripped=5913
removing 3 vertices from ripped group in thread:0
removing 4 vertices from ripped group in thread:0
removing 4 vertices from ripped group in thread:0
removing 4 vertices from ripped group in thread:0
removing 4 vertices from ripped group in thread:0
#FML# MRISripMidline(): nmarked=5913, nmarked2=312, nripped=5913
Ripping segs (eg, WMSA, BG, frozen)
Starting MRISripSegs() d = (-2 2 0.5) segnos: 247 247 
MRISripSegs(): -2 2 0.5 ripped 0
Computing target border values 
Entering MRIScomputeBorderValues_new(): 
  inside_hi   = 120.0000000;
  border_hi   = 109.4052280;
  border_low  =  64.0000000;
  outside_low =  52.9631120;
  outside_hi  = 109.4052280;
  sigma = 2;
  max_thickness = 10;
  step_size=0.5;
  STEP_SIZE=0.1;
  which = 1
  thresh = 0
  flags = 0
  CBVfindFirstPeakD1=0
  CBVfindFirstPeakD2=0
  nvertices=131919
  Gdiag_no=-1
  vno start=0, stop=131919
Replacing 255s with 0s
#SI# sigma=2 had to be increased for 280 vertices, nripped=5913
mean border=78.4, 131 (131) missing vertices, mean dist 0.2 [0.5 (%38.2)->0.7 (%61.8))]
%68 local maxima, %27 large gradients and % 0 min vals, 0 gradients ignored
nFirstPeakD1 0
MRIScomputeBorderValues_new() finished in 0.0124 min


Finding expansion regions
mean absolute distance = 0.63 +- 0.82
3993 vertices more than 2 sigmas from mean.
Averaging target values for 5 iterations...
Positioning Surface: tspring = 0.3, nspring = 0.3, spring = 0, niters = 100 l_repulse = 5, l_surf_repulse = 0, checktol = 0
Positioning pial surface
Entering MRISpositionSurface()
  max_mm = 0.3
  MAX_REDUCTIONS = 2, REDUCTION_PCT = 0.5
  parms->check_tol = 0, niterations = 100
tol=1.0e-04, sigma=2.0, host=dna02, nav=4, nbrs=2, l_repulse=5.000, l_tspring=0.300, l_nspring=0.300, l_intensity=0.200, l_curv=1.000
mom=0.00, dt=0.50
complete_dist_mat 0
rms 0
smooth_averages 0
remove_neg 0
ico_order 0
which_surface 0
target_radius 0.000000
nfields 0
scale 0.000000
desired_rms_height 0.000000
momentum 0.000000
nbhd_size 0
max_nbrs 0
niterations 100
nsurfaces 0
SURFACES 3
flags 0 (0)
use curv 0
no sulc 0
no rigid align 0
mris->nsize 2
mris->hemisphere 1
randomSeed 0

000: dt: 0.0000, sse=2892800.8, rms=10.441
001: dt: 0.5000, sse=1552179.5, rms=7.480 (28.362%)
002: dt: 0.5000, sse=1042724.5, rms=5.980 (20.049%)
003: dt: 0.5000, sse=787828.8, rms=5.060 (15.381%)
004: dt: 0.5000, sse=645432.2, rms=4.463 (11.801%)
005: dt: 0.5000, sse=565107.1, rms=4.082 (8.537%)
006: dt: 0.5000, sse=525604.9, rms=3.878 (5.011%)
007: dt: 0.5000, sse=504291.2, rms=3.754 (3.181%)
008: dt: 0.5000, sse=493968.0, rms=3.693 (1.619%)
rms = 3.6497/3.6935, sse=488199.5/493968.0, time step reduction 1 of 3 to 0.250  0 0 1
009: dt: 0.5000, sse=488199.5, rms=3.650 (1.185%)
010: dt: 0.2500, sse=268980.3, rms=2.135 (41.507%)
011: dt: 0.2500, sse=233663.9, rms=1.779 (16.657%)
012: dt: 0.2500, sse=223807.8, rms=1.665 (6.424%)
013: dt: 0.2500, sse=218387.1, rms=1.594 (4.251%)
rms = 1.5548/1.5941, sse=215467.6/218387.1, time step reduction 2 of 3 to 0.125  0 0 1
014: dt: 0.2500, sse=215467.6, rms=1.555 (2.468%)
015: dt: 0.1250, sse=209444.3, rms=1.472 (5.328%)
rms = 1.4489/1.4720, sse=207900.1/209444.3, time step reduction 3 of 3 to 0.062  0 0 1
016: dt: 0.1250, sse=207900.1, rms=1.449 (1.567%)
  maximum number of reductions reached, breaking from loop
positioning took 1.4 minutes
Iteration 1 =========================================
n_averages=2, current_sigma=1
Freezing midline and others
Ripping frozen voxels
INFO: rip surface needed but not specified, so using input surface
Freezing midline and others
Entering: MRISripMidline(): inhibiting deformation at non-cortical midline structures...
  which=1, fix_mtl=0, using annot = 0
#FML0# MRISripMidline(): nripped=5913
removing 3 vertices from ripped group in thread:0
removing 2 vertices from ripped group in thread:0
removing 2 vertices from ripped group in thread:0
removing 2 vertices from ripped group in thread:0
removing 2 vertices from ripped group in thread:0
removing 2 vertices from ripped group in thread:0
removing 3 vertices from ripped group in thread:0
removing 4 vertices from ripped group in thread:0
removing 4 vertices from ripped group in thread:0
#FML# MRISripMidline(): nmarked=6050, nmarked2=323, nripped=6050
Ripping segs (eg, WMSA, BG, frozen)
Starting MRISripSegs() d = (-2 2 0.5) segnos: 247 247 247 
MRISripSegs(): -2 2 0.5 ripped 0
Computing target border values 
Entering MRIScomputeBorderValues_new(): 
  inside_hi   = 120.0000000;
  border_hi   = 109.4052280;
  border_low  =  64.0000000;
  outside_low =  52.9631120;
  outside_hi  = 109.4052280;
  sigma = 1;
  max_thickness = 10;
  step_size=0.5;
  STEP_SIZE=0.1;
  which = 1
  thresh = 0
  flags = 0
  CBVfindFirstPeakD1=0
  CBVfindFirstPeakD2=0
  nvertices=131919
  Gdiag_no=-1
  vno start=0, stop=131919
Replacing 255s with 0s
#SI# sigma=1 had to be increased for 142 vertices, nripped=6050
mean border=80.3, 158 (55) missing vertices, mean dist -0.1 [0.3 (%68.3)->0.3 (%31.7))]
%73 local maxima, %22 large gradients and % 0 min vals, 0 gradients ignored
nFirstPeakD1 0
MRIScomputeBorderValues_new() finished in 0.0088 min


Finding expansion regions
mean absolute distance = 0.31 +- 0.62
3316 vertices more than 2 sigmas from mean.
Averaging target values for 5 iterations...
Positioning Surface: tspring = 0.3, nspring = 0.3, spring = 0, niters = 100 l_repulse = 5, l_surf_repulse = 0, checktol = 0
Positioning pial surface
Entering MRISpositionSurface()
  max_mm = 0.3
  MAX_REDUCTIONS = 2, REDUCTION_PCT = 0.5
  parms->check_tol = 0, niterations = 100
tol=1.0e-04, sigma=1.0, host=dna02, nav=2, nbrs=2, l_repulse=5.000, l_tspring=0.300, l_nspring=0.300, l_intensity=0.200, l_curv=1.000
mom=0.00, dt=0.50
000: dt: 0.0000, sse=556900.3, rms=3.771
017: dt: 0.5000, sse=392889.6, rms=2.758 (26.846%)
rms = 3.0520/2.7584, sse=434917.4/392889.6, time step reduction 1 of 3 to 0.250  0 1 1
   RMS increased, rejecting step
018: dt: 0.2500, sse=297125.3, rms=1.961 (28.925%)
019: dt: 0.2500, sse=259370.2, rms=1.533 (21.803%)
020: dt: 0.2500, sse=249766.5, rms=1.387 (9.511%)
021: dt: 0.2500, sse=245847.5, rms=1.333 (3.938%)
rms = 1.3002/1.3326, sse=244559.3/245847.4, time step reduction 2 of 3 to 0.125  0 0 1
022: dt: 0.2500, sse=244559.3, rms=1.300 (2.432%)
023: dt: 0.1250, sse=241629.1, rms=1.249 (3.928%)
rms = 1.2313/1.2492, sse=243304.2/241629.1, time step reduction 3 of 3 to 0.062  0 1 1
024: dt: 0.1250, sse=243304.2, rms=1.231 (1.433%)
  maximum number of reductions reached, breaking from loop
positioning took 0.7 minutes
Iteration 2 =========================================
n_averages=1, current_sigma=0.5
Freezing midline and others
Ripping frozen voxels
INFO: rip surface needed but not specified, so using input surface
Freezing midline and others
Entering: MRISripMidline(): inhibiting deformation at non-cortical midline structures...
  which=1, fix_mtl=0, using annot = 0
#FML0# MRISripMidline(): nripped=6050
removing 3 vertices from ripped group in thread:0
removing 2 vertices from ripped group in thread:0
removing 2 vertices from ripped group in thread:0
removing 3 vertices from ripped group in thread:0
removing 2 vertices from ripped group in thread:0
removing 2 vertices from ripped group in thread:0
removing 3 vertices from ripped group in thread:0
removing 3 vertices from ripped group in thread:0
removing 3 vertices from ripped group in thread:0
removing 3 vertices from ripped group in thread:0
removing 4 vertices from ripped group in thread:0
removing 4 vertices from ripped group in thread:0
removing 2 vertices from ripped group in thread:0
#FML# MRISripMidline(): nmarked=6163, nmarked2=324, nripped=6163
Ripping segs (eg, WMSA, BG, frozen)
Starting MRISripSegs() d = (-2 2 0.5) segnos: 247 247 247 247 
MRISripSegs(): -2 2 0.5 ripped 0
Computing target border values 
Entering MRIScomputeBorderValues_new(): 
  inside_hi   = 120.0000000;
  border_hi   = 109.4052280;
  border_low  =  64.0000000;
  outside_low =  52.9631120;
  outside_hi  = 109.4052280;
  sigma = 0.5;
  max_thickness = 10;
  step_size=0.5;
  STEP_SIZE=0.1;
  which = 1
  thresh = 0
  flags = 0
  CBVfindFirstPeakD1=0
  CBVfindFirstPeakD2=0
  nvertices=131919
  Gdiag_no=-1
  vno start=0, stop=131919
Replacing 255s with 0s
#SI# sigma=0.5 had to be increased for 185 vertices, nripped=6163
mean border=81.5, 161 (43) missing vertices, mean dist -0.1 [0.3 (%60.7)->0.2 (%39.3))]
%77 local maxima, %18 large gradients and % 0 min vals, 0 gradients ignored
nFirstPeakD1 0
MRIScomputeBorderValues_new() finished in 0.0065 min


Finding expansion regions
mean absolute distance = 0.25 +- 0.47
3179 vertices more than 2 sigmas from mean.
Averaging target values for 5 iterations...
Positioning Surface: tspring = 0.3, nspring = 0.3, spring = 0, niters = 100 l_repulse = 5, l_surf_repulse = 0, checktol = 0
Positioning pial surface
Entering MRISpositionSurface()
  max_mm = 0.3
  MAX_REDUCTIONS = 2, REDUCTION_PCT = 0.5
  parms->check_tol = 0, niterations = 100
tol=1.0e-04, sigma=0.5, host=dna02, nav=1, nbrs=2, l_repulse=5.000, l_tspring=0.300, l_nspring=0.300, l_intensity=0.200, l_curv=1.000
mom=0.00, dt=0.50
000: dt: 0.0000, sse=330320.3, rms=2.230
rms = 2.3178/2.2301, sse=340471.0/330320.3, time step reduction 1 of 3 to 0.250  0 1 1
   RMS increased, rejecting step
025: dt: 0.2500, sse=270324.5, rms=1.637 (26.584%)
026: dt: 0.2500, sse=244143.1, rms=1.259 (23.101%)
027: dt: 0.2500, sse=238774.0, rms=1.197 (4.925%)
rms = 1.1608/1.1970, sse=236602.4/238773.9, time step reduction 2 of 3 to 0.125  0 0 1
028: dt: 0.2500, sse=236602.4, rms=1.161 (3.030%)
rms = 1.1118/1.1608, sse=233404.9/236602.4, time step reduction 3 of 3 to 0.062  0 0 1
029: dt: 0.1250, sse=233404.9, rms=1.112 (4.214%)
  maximum number of reductions reached, breaking from loop
positioning took 0.5 minutes
Iteration 3 =========================================
n_averages=0, current_sigma=0.25
Freezing midline and others
Ripping frozen voxels
INFO: rip surface needed but not specified, so using input surface
Freezing midline and others
Entering: MRISripMidline(): inhibiting deformation at non-cortical midline structures...
  which=1, fix_mtl=0, using annot = 0
#FML0# MRISripMidline(): nripped=6163
removing 3 vertices from ripped group in thread:0
removing 2 vertices from ripped group in thread:0
removing 3 vertices from ripped group in thread:0
removing 3 vertices from ripped group in thread:0
removing 2 vertices from ripped group in thread:0
removing 3 vertices from ripped group in thread:0
removing 3 vertices from ripped group in thread:0
removing 4 vertices from ripped group in thread:0
removing 4 vertices from ripped group in thread:0
removing 2 vertices from ripped group in thread:0
#FML# MRISripMidline(): nmarked=6202, nmarked2=323, nripped=6202
Ripping segs (eg, WMSA, BG, frozen)
Starting MRISripSegs() d = (-2 2 0.5) segnos: 247 247 247 247 247 
MRISripSegs(): -2 2 0.5 ripped 0
Computing target border values 
Entering MRIScomputeBorderValues_new(): 
  inside_hi   = 120.0000000;
  border_hi   = 109.4052280;
  border_low  =  64.0000000;
  outside_low =  52.9631120;
  outside_hi  = 109.4052280;
  sigma = 0.25;
  max_thickness = 10;
  step_size=0.5;
  STEP_SIZE=0.1;
  which = 1
  thresh = 0
  flags = 0
  CBVfindFirstPeakD1=0
  CBVfindFirstPeakD2=0
  nvertices=131919
  Gdiag_no=-1
  vno start=0, stop=131919
Replacing 255s with 0s
#SI# sigma=0.25 had to be increased for 206 vertices, nripped=6202
mean border=82.0, 178 (33) missing vertices, mean dist -0.0 [0.3 (%53.1)->0.2 (%46.9))]
%80 local maxima, %15 large gradients and % 0 min vals, 0 gradients ignored
nFirstPeakD1 0
MRIScomputeBorderValues_new() finished in 0.0035 min


Finding expansion regions
mean absolute distance = 0.24 +- 0.41
3053 vertices more than 2 sigmas from mean.
Averaging target values for 5 iterations...
Positioning Surface: tspring = 0.3, nspring = 0.3, spring = 0, niters = 100 l_repulse = 5, l_surf_repulse = 0, checktol = 0
Positioning pial surface
Entering MRISpositionSurface()
  max_mm = 0.3
  MAX_REDUCTIONS = 2, REDUCTION_PCT = 0.5
  parms->check_tol = 0, niterations = 100
tol=1.0e-04, sigma=0.2, host=dna02, nav=0, nbrs=2, l_repulse=5.000, l_tspring=0.300, l_nspring=0.300, l_intensity=0.200, l_curv=1.000
mom=0.00, dt=0.50
000: dt: 0.0000, sse=267908.9, rms=1.619
rms = 1.8464/1.6195, sse=291293.8/267908.9, time step reduction 1 of 3 to 0.250  0 1 1
   RMS increased, rejecting step
030: dt: 0.2500, sse=236917.4, rms=1.181 (27.087%)
031: dt: 0.2500, sse=229790.8, rms=1.005 (14.878%)
rms = 1.0541/1.0051, sse=229915.7/229790.8, time step reduction 2 of 3 to 0.125  0 1 1
   RMS increased, rejecting step
032: dt: 0.1250, sse=225489.2, rms=0.946 (5.890%)
033: dt: 0.1250, sse=221638.2, rms=0.891 (5.850%)
rms = 0.8683/0.8906, sse=222024.4/221638.3, time step reduction 3 of 3 to 0.062  0 1 1
034: dt: 0.1250, sse=222024.4, rms=0.868 (2.498%)
  maximum number of reductions reached, breaking from loop
positioning took 0.5 minutes


Writing output to ../surf/rh.white.preaparc
#ET# mris_place_surface  3.19 minutes
#VMPC# mris_place_surfaces VmPeak  3148784
mris_place_surface done
#--------------------------------------------
#@# CortexLabel rh Mon Mar  9 01:12:19 CET 2026
cd /out/sourcedata/freesurfer/sub-v1s16x0051177_ses-1/mri
mri_label2label --label-cortex ../surf/rh.white.preaparc aseg.presurf.mgz 0 ../label/rh.cortex.label

 Generating cortex label... RemoveHipAmgy=0
 NucAccIsMedialWall=0
 mris->useRealRAS=0
6 non-cortical segments detected
only using segment with 7134 vertices
erasing segment 1 (vno[0] = 64842)
erasing segment 2 (vno[0] = 64886)
erasing segment 3 (vno[0] = 69663)
erasing segment 4 (vno[0] = 75940)
erasing segment 5 (vno[0] = 76083)
#--------------------------------------------
#@# CortexLabel+HipAmyg rh Mon Mar  9 01:12:33 CET 2026
cd /out/sourcedata/freesurfer/sub-v1s16x0051177_ses-1/mri
mri_label2label --label-cortex ../surf/rh.white.preaparc aseg.presurf.mgz 1 ../label/rh.cortex+hipamyg.label

 Generating cortex label... RemoveHipAmgy=1
 NucAccIsMedialWall=0
 mris->useRealRAS=0
9 non-cortical segments detected
only using segment with 4377 vertices
erasing segment 1 (vno[0] = 44847)
erasing segment 2 (vno[0] = 48115)
erasing segment 3 (vno[0] = 49302)
erasing segment 4 (vno[0] = 57900)
erasing segment 5 (vno[0] = 69663)
erasing segment 6 (vno[0] = 75940)
erasing segment 7 (vno[0] = 111264)
erasing segment 8 (vno[0] = 128271)
#--------------------------------------------
#@# Smooth2 rh Mon Mar  9 01:12:46 CET 2026
/out/sourcedata/freesurfer/sub-v1s16x0051177_ses-1/scripts

 mris_smooth -n 3 -nw -seed 1234 ../surf/rh.white.preaparc ../surf/rh.smoothwm 

smoothing for 3 iterations
setting seed for random number generator to 1234
smoothing surface tessellation for 3 iterations...
smoothing complete - recomputing first and second fundamental forms...
#--------------------------------------------
#@# Inflation2 rh Mon Mar  9 01:12:49 CET 2026
/out/sourcedata/freesurfer/sub-v1s16x0051177_ses-1/scripts

 mris_inflate ../surf/rh.smoothwm ../surf/rh.inflated 

Reading ../surf/rh.smoothwm
avg radius = 45.9 mm, total surface area = 83429 mm^2
step 000: RMS=0.171 (target=0.015)   step 005: RMS=0.116 (target=0.015)   step 010: RMS=0.089 (target=0.015)   step 015: RMS=0.075 (target=0.015)   step 020: RMS=0.062 (target=0.015)   step 025: RMS=0.052 (target=0.015)   step 030: RMS=0.043 (target=0.015)   step 035: RMS=0.036 (target=0.015)   step 040: RMS=0.032 (target=0.015)   step 045: RMS=0.029 (target=0.015)   step 050: RMS=0.026 (target=0.015)   step 055: RMS=0.024 (target=0.015)   step 060: RMS=0.023 (target=0.015)   writing inflated surface to ../surf/rh.inflated
writing sulcal depths to ../surf/rh.sulc

inflation complete.
inflation took 0.2 minutes
mris_inflate utimesec    64.076100
mris_inflate stimesec    0.597142
mris_inflate ru_maxrss   203236
mris_inflate ru_ixrss    0
mris_inflate ru_idrss    0
mris_inflate ru_isrss    0
mris_inflate ru_minflt   100121
mris_inflate ru_majflt   7
mris_inflate ru_nswap    0
mris_inflate ru_inblock  0
mris_inflate ru_oublock  10312
mris_inflate ru_msgsnd   0
mris_inflate ru_msgrcv   0
mris_inflate ru_nsignals 0
mris_inflate ru_nvcsw    5461
mris_inflate ru_nivcsw   243
#--------------------------------------------
#@# Curv .H and .K rh Mon Mar  9 01:13:03 CET 2026
/out/sourcedata/freesurfer/sub-v1s16x0051177_ses-1/surf

 mris_curvature -w -seed 1234 rh.white.preaparc 

setting seed for random number generator to 1234
total integrated curvature = 30.025*4pi (377.304) --> -29 handles
ICI = 156.2, FI = 1440.1, variation=22878.571
writing Gaussian curvature to ./rh.white.preaparc.K...done.
writing mean curvature to ./rh.white.preaparc.H...done.
rm -f rh.white.H
ln -s rh.white.preaparc.H rh.white.H
rm -f rh.white.K
ln -s rh.white.preaparc.K rh.white.K

 mris_curvature -seed 1234 -thresh .999 -n -a 5 -w -distances 10 10 rh.inflated 

setting seed for random number generator to 1234
normalizing curvature values.
averaging curvature patterns 5 times.
sampling 10 neighbors out to a distance of 10 mm
175 vertices thresholded to be in k1 ~ [-0.66 0.40], k2 ~ [-0.22 0.19]
total integrated curvature = 0.280*4pi (3.517) --> 1 handles
ICI = 1.4, FI = 10.3, variation=174.685
128 vertices thresholded to be in [-0.08 0.03]
writing Gaussian curvature to ./rh.inflated.K...thresholding curvature at 99.90% level
curvature mean = 0.000, std = 0.002
133 vertices thresholded to be in [-0.28 0.18]
done.
writing mean curvature to ./rh.inflated.H...curvature mean = -0.017, std = 0.026
done.
#--------------------------------------------
#@# Sphere rh Mon Mar  9 01:13:46 CET 2026
/out/sourcedata/freesurfer/sub-v1s16x0051177_ses-1/scripts

 mris_sphere -seed 1234 ../surf/rh.inflated ../surf/rh.sphere 

setting seed for random number genererator to 1234
version: 7.3.2
available threads: 16
reading original vertex positions...
projecting onto sphere...
surface projected - minimizing metric distortion...
scaling brain by 0.276...
MRISunfold() max_passes = 1 -------
tol=5.0e-01, sigma=0.0, host=dna02, nav=1024, nbrs=2, l_area=1.000, l_dist=1.000
using quadratic fit line minimization
complete_dist_mat 0
rms 0
smooth_averages 0
remove_neg 0
ico_order 0
which_surface 0
target_radius 0.000000
nfields 0
scale 1.000000
desired_rms_height -1.000000
momentum 0.900000
nbhd_size 7
max_nbrs 8
niterations 25
nsurfaces 0
SURFACES 3
flags 0 (0)
use curv 0
no sulc 0
no rigid align 0
mris->nsize 2
mris->hemisphere 1
randomSeed 1234

--------------------
  mrisRemoveNegativeArea()
pass 1: epoch 1 of 3 starting distance error %21.56
pass 1: epoch 2 of 3 starting distance error %21.55
unfolding complete - removing small folds...
starting distance error %21.46
removing remaining folds...
final distance error %21.49
MRISunfold() return, current seed 1234
-01: dt=0.0000,  22 negative triangles  VmPeak 1588956
232: dt=0.9900,  22 negative triangles
233: dt=0.9900,   9 negative triangles
234: dt=0.9900,   2 negative triangles
235: dt=0.9900,   3 negative triangles
236: dt=0.9900,   2 negative triangles
237: dt=0.9900,   1 negative triangles
238: dt=0.9900,   3 negative triangles
writing spherical brain to ../surf/rh.sphere
spherical transformation took 0.0726 hours
FSRUNTIME@ mris_sphere  0.0726 hours 16 threads
#VMPC# mris_sphere VmPeak  1588956
mris_sphere done
#--------------------------------------------
#@# Surf Reg rh Mon Mar  9 01:18:07 CET 2026
/out/sourcedata/freesurfer/sub-v1s16x0051177_ses-1/scripts

 mris_register -curv ../surf/rh.sphere /opt/freesurfer/average/rh.folding.atlas.acfb40.noaparc.i12.2016-08-02.tif ../surf/rh.sphere.reg 

using smoothwm curvature for final alignment

cwd /out/sourcedata/freesurfer/sub-v1s16x0051177_ses-1/scripts
cmdline mris_register -curv ../surf/rh.sphere /opt/freesurfer/average/rh.folding.atlas.acfb40.noaparc.i12.2016-08-02.tif ../surf/rh.sphere.reg 

0 inflated.H
1 sulc
2 smoothwm (computed)
7.3.2
  7.3.2
reading surface from ../surf/rh.sphere...
reading template parameterization from /opt/freesurfer/average/rh.folding.atlas.acfb40.noaparc.i12.2016-08-02.tif...
MRISregister() -------
max_passes = 4 
min_degrees = 0.500000 
max_degrees = 64.000000 
nangles = 8 
tol=5.0e-01, sigma=0.0, host=dna02, nav=1024, nbrs=1, l_extern=10000.000, l_parea=0.200, l_nlarea=1.000, l_corr=1.000, l_dist=5.000
using quadratic fit line minimization
complete_dist_mat 0
rms 0
smooth_averages 0
remove_neg 0
ico_order 0
which_surface 0
target_radius 0.000000
nfields 0
scale 0.000000
desired_rms_height -1.000000
momentum 0.950000
nbhd_size -10
max_nbrs 10
niterations 25
nsurfaces 0
SURFACES 3
flags 16 (10)
use curv 16
no sulc 0
no rigid align 0
mris->nsize 1
mris->hemisphere 1
randomSeed 0

tol=5.0e-01, sigma=0.0, host=dna02, nav=1024, nbrs=1, l_extern=10000.000, l_parea=0.200, l_nlarea=1.000, l_corr=1.000, l_dist=5.000
using quadratic fit line minimization
--------------------
1 Reading rh.sulc
tol=1.0e+00, sigma=0.5, host=dna02, nav=1024, nbrs=1, l_extern=10000.000, l_parea=0.200, l_nlarea=1.000, l_corr=0.050, l_spring=0.500, l_dist=5.000
using quadratic fit line minimization
curvature mean = -0.000, std = 5.745
curvature mean = 0.068, std = 0.812
curvature mean = 0.003, std = 0.871
Starting MRISrigidBodyAlignGlobal()
Starting new MRISrigidBodyAlignGlobal_findMinSSE()
  new MRISrigidBodyAlignGlobal_findMinSSE min @ (7.00, -1.00, 18.00) sse = 339323.9, elapsed since starting=0.1006 min
MRISrigidBodyAlignGlobal() done   0.10 min
curvature mean = 0.039, std = 0.827
curvature mean = 0.001, std = 0.951
curvature mean = 0.037, std = 0.838
curvature mean = 0.001, std = 0.981
curvature mean = 0.035, std = 0.841
curvature mean = 0.000, std = 0.993
2 Reading smoothwm
curvature mean = -0.019, std = 0.261
curvature mean = 0.045, std = 0.243
curvature mean = 0.043, std = 0.390
curvature mean = 0.038, std = 0.300
curvature mean = 0.031, std = 0.575
curvature mean = 0.037, std = 0.327
curvature mean = 0.016, std = 0.713
curvature mean = 0.037, std = 0.339
curvature mean = 0.004, std = 0.818
MRISregister() return, current seed 0
-01: dt=0.0000,  12 negative triangles  VmPeak 1601156
115: dt=0.9900,  12 negative triangles
expanding nbhd size to 1
116: dt=0.9900,  15 negative triangles
117: dt=0.9900,  12 negative triangles
118: dt=0.9900,  11 negative triangles
119: dt=0.9900,  12 negative triangles
120: dt=0.9900,  11 negative triangles
121: dt=0.9900,  10 negative triangles
122: dt=0.9900,   9 negative triangles
123: dt=0.9900,   8 negative triangles
124: dt=0.9900,   5 negative triangles
125: dt=0.9900,   5 negative triangles
126: dt=0.9900,   5 negative triangles
127: dt=0.9900,   5 negative triangles
128: dt=0.9900,   5 negative triangles
129: dt=0.9900,   5 negative triangles
130: dt=0.9900,   4 negative triangles
131: dt=0.9900,   3 negative triangles
132: dt=0.9900,   1 negative triangles
writing registered surface to ../surf/rh.sphere.reg...
registration took 0.07 hours
#VMPC# mris_register VmPeak  1601156
FSRUNTIME@ mris_register  0.0668 hours 16 threads

 ln -sf rh.sphere.reg rh.fsaverage.sphere.reg 

#--------------------------------------------
#@# Jacobian white rh Mon Mar  9 01:22:08 CET 2026
/out/sourcedata/freesurfer/sub-v1s16x0051177_ses-1/scripts

 mris_jacobian ../surf/rh.white.preaparc ../surf/rh.sphere.reg ../surf/rh.jacobian_white 

reading surface from ../surf/rh.white.preaparc...
writing curvature file ../surf/rh.jacobian_white
#--------------------------------------------
#@# AvgCurv rh Mon Mar  9 01:22:09 CET 2026
/out/sourcedata/freesurfer/sub-v1s16x0051177_ses-1/scripts

 mrisp_paint -a 5 /opt/freesurfer/average/rh.folding.atlas.acfb40.noaparc.i12.2016-08-02.tif#6 ../surf/rh.sphere.reg ../surf/rh.avg_curv 

averaging curvature patterns 5 times...
reading surface from ../surf/rh.sphere.reg...
reading template parameterization from /opt/freesurfer/average/rh.folding.atlas.acfb40.noaparc.i12.2016-08-02.tif...
writing curvature file to ../surf/rh.avg_curv...
#-----------------------------------------
#@# Cortical Parc rh Mon Mar  9 01:22:10 CET 2026
/out/sourcedata/freesurfer/sub-v1s16x0051177_ses-1/scripts

 mris_ca_label -l ../label/rh.cortex.label -aseg ../mri/aseg.presurf.mgz -seed 1234 sub-v1s16x0051177_ses-1 rh ../surf/rh.sphere.reg /opt/freesurfer/average/rh.DKaparc.atlas.acfb40.noaparc.i12.2016-08-02.gcs ../label/rh.aparc.annot 

setting seed for random number generator to 1234
using ../mri/aseg.presurf.mgz aseg volume to correct midline
7.3.2
  7.3.2
reading atlas from /opt/freesurfer/average/rh.DKaparc.atlas.acfb40.noaparc.i12.2016-08-02.gcs...
reading color table from GCSA file....
average std = 0.7   using min determinant for regularization = 0.004
0 singular and 309 ill-conditioned covariance matrices regularized
input 0: MEAN CURVATURE, flags 0, avgs 5, name mean_curvature
labeling surface...
1431 labels changed using aseg
relabeling using gibbs priors...
000:   2778 changed, 131919 examined...
001:    629 changed, 12084 examined...
002:    133 changed, 3607 examined...
003:     41 changed, 786 examined...
004:     15 changed, 245 examined...
005:      4 changed, 99 examined...
006:      1 changed, 27 examined...
007:      0 changed, 7 examined...
131 labels changed using aseg
000: 89 total segments, 52 labels (198 vertices) changed
001: 39 total segments, 2 labels (2 vertices) changed
002: 37 total segments, 0 labels (0 vertices) changed
10 filter iterations complete (10 requested, 2 changed)
rationalizing unknown annotations with cortex label
relabeling unknown label...
relabeling corpuscallosum label...
1907 vertices marked for relabeling...
1907 labels changed in reclassification.
writing output to ../label/rh.aparc.annot...
classification took 0 minutes and 10 seconds.
#--------------------------------------------
#@# WhiteSurfs rh Mon Mar  9 01:22:19 CET 2026
cd /out/sourcedata/freesurfer/sub-v1s16x0051177_ses-1/mri
mris_place_surface --adgws-in ../surf/autodet.gw.stats.rh.dat --seg aseg.presurf.mgz --threads 16 --wm wm.mgz --invol brain.finalsurfs.mgz --rh --i ../surf/rh.white.preaparc --o ../surf/rh.white --white --nsmooth 0 --rip-label ../label/rh.cortex.label --rip-bg --rip-surf ../surf/rh.white.preaparc --aparc ../label/rh.aparc.annot
7.3.2
7.3.2

cd /out/sourcedata/freesurfer/sub-v1s16x0051177_ses-1/mri
setenv SUBJECTS_DIR /out/sourcedata/freesurfer
mris_place_surface --adgws-in ../surf/autodet.gw.stats.rh.dat --seg aseg.presurf.mgz --threads 16 --wm wm.mgz --invol brain.finalsurfs.mgz --rh --i ../surf/rh.white.preaparc --o ../surf/rh.white --white --nsmooth 0 --rip-label ../label/rh.cortex.label --rip-bg --rip-surf ../surf/rh.white.preaparc --aparc ../label/rh.aparc.annot 

Reading in input surface ../surf/rh.white.preaparc
Not smoothing input surface
Area    263834  0.34868  0.13259 0.000673   2.3513
Corner  791502 60.00000 14.34310 0.127701 179.0717
Edge    395751  0.90972  0.21804 0.028133   3.3376
Hinge   395751  9.86004 12.02642 0.000003 179.9735
Reading in aparc ../label/rh.aparc.annot
Reading in input volume brain.finalsurfs.mgz
Reading in wm volume wm.mgz
MRIclipBrightWM(): nthresh=16141, wmmin=5, clip=110 
MRIfindBrightNonWM(): 558 bright non-wm voxels segmented.
Masking bright non-wm for white surface
MRImask(): AllowDiffGeom = 1
MRImask(): AllowDiffGeom = 1
Reading in seg volume aseg.presurf.mgz
Ripping frozen voxels
Ripping vertices not in label ../label/rh.cortex.label
MRISripNotLabel() ripped 7365/131919 vertices (124554 unripped)
Reading in ripping surface ../surf/rh.white.preaparc
Reading in aparc ../label/rh.aparc.annot for ripsurf
Ripping BG
MRISripBasalGanglia(): 1 -2 2 0.5 ripped 692
Ripping segs (eg, WMSA, BG, frozen)
Starting MRISripSegs() d = (-2 2 0.5) segnos: 247 
MRISripSegs(): -2 2 0.5 ripped 0
vertex 65960: xyz = (11.3636,2.58881,63.4144) oxyz = (11.3636,2.58881,63.4144) wxzy = (11.3636,2.58881,63.4144) pxyz = (0,0,0) 
CBVO Creating mask 131919
n_averages 4
Iteration 0 =========================================
n_averages=4, current_sigma=2
Computing target border values 
Entering MRIScomputeBorderValues_new(): 
  inside_hi   = 120.0000000;
  border_hi   = 109.4052280;
  border_low  =  64.0000000;
  outside_low =  52.9631120;
  outside_hi  = 109.4052280;
  sigma = 2;
  max_thickness = 10;
  step_size=0.5;
  STEP_SIZE=0.1;
  which = 1
  thresh = 0
  flags = 0
  CBVfindFirstPeakD1=0
  CBVfindFirstPeakD2=0
  nvertices=131919
  Gdiag_no=-1
  vno start=0, stop=131919
Replacing 255s with 0s
#SI# sigma=2 had to be increased for 210 vertices, nripped=8057
mean border=77.8, 206 (206) missing vertices, mean dist 0.2 [0.6 (%21.9)->0.4 (%78.1))]
%62 local maxima, %31 large gradients and % 0 min vals, 0 gradients ignored
nFirstPeakD1 0
MRIScomputeBorderValues_new() finished in 0.0117 min


Finding expansion regions
mean absolute distance = 0.44 +- 0.81
2609 vertices more than 2 sigmas from mean.
Averaging target values for 5 iterations...
Positioning Surface: tspring = 0.3, nspring = 0.3, spring = 0, niters = 100 l_repulse = 5, l_surf_repulse = 0, checktol = 0
Positioning pial surface
Entering MRISpositionSurface()
  max_mm = 0.3
  MAX_REDUCTIONS = 2, REDUCTION_PCT = 0.5
  parms->check_tol = 0, niterations = 100
tol=1.0e-04, sigma=2.0, host=dna02, nav=4, nbrs=2, l_repulse=5.000, l_tspring=0.300, l_nspring=0.300, l_intensity=0.200, l_curv=1.000
mom=0.00, dt=0.50
complete_dist_mat 0
rms 0
smooth_averages 0
remove_neg 0
ico_order 0
which_surface 0
target_radius 0.000000
nfields 0
scale 0.000000
desired_rms_height 0.000000
momentum 0.000000
nbhd_size 0
max_nbrs 0
niterations 100
nsurfaces 0
SURFACES 3
flags 0 (0)
use curv 0
no sulc 0
no rigid align 0
mris->nsize 2
mris->hemisphere 1
randomSeed 0

000: dt: 0.0000, sse=1065592.4, rms=5.920
001: dt: 0.5000, sse=541008.3, rms=3.728 (37.035%)
002: dt: 0.5000, sse=472785.1, rms=3.341 (10.369%)
rms = 3.4307/3.3410, sse=489568.4/472785.1, time step reduction 1 of 3 to 0.250  0 1 1
   RMS increased, rejecting step
003: dt: 0.2500, sse=334967.9, rms=2.362 (29.300%)
004: dt: 0.2500, sse=285217.2, rms=1.871 (20.791%)
005: dt: 0.2500, sse=270882.7, rms=1.704 (8.905%)
006: dt: 0.2500, sse=266206.1, rms=1.640 (3.779%)
007: dt: 0.2500, sse=261932.5, rms=1.580 (3.665%)
rms = 1.5381/1.5799, sse=264770.8/261932.5, time step reduction 2 of 3 to 0.125  0 1 1
008: dt: 0.2500, sse=264770.8, rms=1.538 (2.642%)
009: dt: 0.1250, sse=259287.9, rms=1.481 (3.738%)
rms = 1.4487/1.4806, sse=258339.3/259287.9, time step reduction 3 of 3 to 0.062  0 0 1
010: dt: 0.1250, sse=258339.3, rms=1.449 (2.155%)
  maximum number of reductions reached, breaking from loop
positioning took 0.9 minutes
Iteration 1 =========================================
n_averages=2, current_sigma=1
Computing target border values 
Entering MRIScomputeBorderValues_new(): 
  inside_hi   = 120.0000000;
  border_hi   = 109.4052280;
  border_low  =  64.0000000;
  outside_low =  52.9631120;
  outside_hi  = 109.4052280;
  sigma = 1;
  max_thickness = 10;
  step_size=0.5;
  STEP_SIZE=0.1;
  which = 1
  thresh = 0
  flags = 0
  CBVfindFirstPeakD1=0
  CBVfindFirstPeakD2=0
  nvertices=131919
  Gdiag_no=-1
  vno start=0, stop=131919
Replacing 255s with 0s
#SI# sigma=1 had to be increased for 160 vertices, nripped=8057
mean border=80.1, 147 (67) missing vertices, mean dist -0.2 [0.3 (%69.9)->0.2 (%30.1))]
%71 local maxima, %22 large gradients and % 0 min vals, 0 gradients ignored
nFirstPeakD1 0
MRIScomputeBorderValues_new() finished in 0.0088 min


Finding expansion regions
mean absolute distance = 0.31 +- 0.65
2948 vertices more than 2 sigmas from mean.
Averaging target values for 5 iterations...
Positioning Surface: tspring = 0.3, nspring = 0.3, spring = 0, niters = 100 l_repulse = 5, l_surf_repulse = 0, checktol = 0
Positioning pial surface
Entering MRISpositionSurface()
  max_mm = 0.3
  MAX_REDUCTIONS = 2, REDUCTION_PCT = 0.5
  parms->check_tol = 0, niterations = 100
tol=1.0e-04, sigma=1.0, host=dna02, nav=2, nbrs=2, l_repulse=5.000, l_tspring=0.300, l_nspring=0.300, l_intensity=0.200, l_curv=1.000
mom=0.00, dt=0.50
000: dt: 0.0000, sse=545208.9, rms=3.661
011: dt: 0.5000, sse=378124.9, rms=2.570 (29.799%)
rms = 2.8756/2.5704, sse=416153.7/378124.9, time step reduction 1 of 3 to 0.250  0 1 1
   RMS increased, rejecting step
012: dt: 0.2500, sse=295768.1, rms=1.825 (28.992%)
013: dt: 0.2500, sse=263494.7, rms=1.425 (21.936%)
014: dt: 0.2500, sse=253861.9, rms=1.301 (8.690%)
rms = 1.2721/1.3010, sse=252103.1/253861.9, time step reduction 2 of 3 to 0.125  0 0 1
015: dt: 0.2500, sse=252103.1, rms=1.272 (2.220%)
016: dt: 0.1250, sse=247715.9, rms=1.210 (4.861%)
rms = 1.1831/1.2103, sse=247236.6/247715.9, time step reduction 3 of 3 to 0.062  0 0 1
017: dt: 0.1250, sse=247236.6, rms=1.183 (2.242%)
  maximum number of reductions reached, breaking from loop
positioning took 0.6 minutes
Iteration 2 =========================================
n_averages=1, current_sigma=0.5
Computing target border values 
Entering MRIScomputeBorderValues_new(): 
  inside_hi   = 120.0000000;
  border_hi   = 109.4052280;
  border_low  =  64.0000000;
  outside_low =  52.9631120;
  outside_hi  = 109.4052280;
  sigma = 0.5;
  max_thickness = 10;
  step_size=0.5;
  STEP_SIZE=0.1;
  which = 1
  thresh = 0
  flags = 0
  CBVfindFirstPeakD1=0
  CBVfindFirstPeakD2=0
  nvertices=131919
  Gdiag_no=-1
  vno start=0, stop=131919
Replacing 255s with 0s
#SI# sigma=0.5 had to be increased for 200 vertices, nripped=8057
mean border=81.3, 141 (49) missing vertices, mean dist -0.1 [0.3 (%61.4)->0.2 (%38.6))]
%76 local maxima, %18 large gradients and % 0 min vals, 0 gradients ignored
nFirstPeakD1 0
MRIScomputeBorderValues_new() finished in 0.0052 min


Finding expansion regions
mean absolute distance = 0.25 +- 0.49
3145 vertices more than 2 sigmas from mean.
Averaging target values for 5 iterations...
Positioning Surface: tspring = 0.3, nspring = 0.3, spring = 0, niters = 100 l_repulse = 5, l_surf_repulse = 0, checktol = 0
Positioning pial surface
Entering MRISpositionSurface()
  max_mm = 0.3
  MAX_REDUCTIONS = 2, REDUCTION_PCT = 0.5
  parms->check_tol = 0, niterations = 100
tol=1.0e-04, sigma=0.5, host=dna02, nav=1, nbrs=2, l_repulse=5.000, l_tspring=0.300, l_nspring=0.300, l_intensity=0.200, l_curv=1.000
mom=0.00, dt=0.50
000: dt: 0.0000, sse=333637.1, rms=2.236
rms = 2.3127/2.2360, sse=346114.7/333637.1, time step reduction 1 of 3 to 0.250  0 1 1
   RMS increased, rejecting step
018: dt: 0.2500, sse=274565.0, rms=1.621 (27.510%)
019: dt: 0.2500, sse=246825.6, rms=1.217 (24.901%)
020: dt: 0.2500, sse=242691.5, rms=1.136 (6.692%)
rms = 1.1194/1.1358, sse=241475.9/242691.5, time step reduction 2 of 3 to 0.125  0 0 1
021: dt: 0.2500, sse=241476.0, rms=1.119 (1.443%)
022: dt: 0.1250, sse=236845.4, rms=1.059 (5.362%)
rms = 1.0453/1.0594, sse=235693.4/236845.4, time step reduction 3 of 3 to 0.062  0 0 1
023: dt: 0.1250, sse=235693.4, rms=1.045 (1.330%)
  maximum number of reductions reached, breaking from loop
positioning took 0.6 minutes
Iteration 3 =========================================
n_averages=0, current_sigma=0.25
Computing target border values 
Entering MRIScomputeBorderValues_new(): 
  inside_hi   = 120.0000000;
  border_hi   = 109.4052280;
  border_low  =  64.0000000;
  outside_low =  52.9631120;
  outside_hi  = 109.4052280;
  sigma = 0.25;
  max_thickness = 10;
  step_size=0.5;
  STEP_SIZE=0.1;
  which = 1
  thresh = 0
  flags = 0
  CBVfindFirstPeakD1=0
  CBVfindFirstPeakD2=0
  nvertices=131919
  Gdiag_no=-1
  vno start=0, stop=131919
Replacing 255s with 0s
#SI# sigma=0.25 had to be increased for 192 vertices, nripped=8057
mean border=81.8, 190 (37) missing vertices, mean dist -0.0 [0.3 (%53.1)->0.2 (%46.9))]
%79 local maxima, %15 large gradients and % 0 min vals, 0 gradients ignored
nFirstPeakD1 0
MRIScomputeBorderValues_new() finished in 0.0035 min


Finding expansion regions
mean absolute distance = 0.24 +- 0.41
2883 vertices more than 2 sigmas from mean.
Averaging target values for 5 iterations...
Positioning Surface: tspring = 0.3, nspring = 0.3, spring = 0, niters = 100 l_repulse = 5, l_surf_repulse = 0, checktol = 0
Positioning pial surface
Entering MRISpositionSurface()
  max_mm = 0.3
  MAX_REDUCTIONS = 2, REDUCTION_PCT = 0.5
  parms->check_tol = 0, niterations = 100
tol=1.0e-04, sigma=0.2, host=dna02, nav=0, nbrs=2, l_repulse=5.000, l_tspring=0.300, l_nspring=0.300, l_intensity=0.200, l_curv=1.000
mom=0.00, dt=0.50
000: dt: 0.0000, sse=268638.5, rms=1.569
rms = 1.8684/1.5691, sse=297897.7/268638.5, time step reduction 1 of 3 to 0.250  0 1 1
   RMS increased, rejecting step
024: dt: 0.2500, sse=238225.7, rms=1.125 (28.321%)
025: dt: 0.2500, sse=230373.9, rms=0.960 (14.652%)
rms = 1.0224/0.9599, sse=232811.3/230373.9, time step reduction 2 of 3 to 0.125  0 1 1
   RMS increased, rejecting step
026: dt: 0.1250, sse=227506.8, rms=0.903 (5.899%)
027: dt: 0.1250, sse=224569.0, rms=0.846 (6.325%)
rms = 0.8265/0.8462, sse=223553.0/224569.0, time step reduction 3 of 3 to 0.062  0 0 1
028: dt: 0.1250, sse=223553.0, rms=0.827 (2.324%)
  maximum number of reductions reached, breaking from loop
positioning took 0.5 minutes


Writing output to ../surf/rh.white
#ET# mris_place_surface  2.73 minutes
#VMPC# mris_place_surfaces VmPeak  3060056
mris_place_surface done
#--------------------------------------------
#@# T1PialSurf rh Mon Mar  9 01:25:09 CET 2026
cd /out/sourcedata/freesurfer/sub-v1s16x0051177_ses-1/mri
mris_place_surface --adgws-in ../surf/autodet.gw.stats.rh.dat --seg aseg.presurf.mgz --threads 16 --wm wm.mgz --invol brain.finalsurfs.mgz --rh --i ../surf/rh.white --o ../surf/rh.pial.T1 --pial --nsmooth 0 --rip-label ../label/rh.cortex+hipamyg.label --pin-medial-wall ../label/rh.cortex.label --aparc ../label/rh.aparc.annot --repulse-surf ../surf/rh.white --white-surf ../surf/rh.white
7.3.2
7.3.2

cd /out/sourcedata/freesurfer/sub-v1s16x0051177_ses-1/mri
setenv SUBJECTS_DIR /out/sourcedata/freesurfer
mris_place_surface --adgws-in ../surf/autodet.gw.stats.rh.dat --seg aseg.presurf.mgz --threads 16 --wm wm.mgz --invol brain.finalsurfs.mgz --rh --i ../surf/rh.white --o ../surf/rh.pial.T1 --pial --nsmooth 0 --rip-label ../label/rh.cortex+hipamyg.label --pin-medial-wall ../label/rh.cortex.label --aparc ../label/rh.aparc.annot --repulse-surf ../surf/rh.white --white-surf ../surf/rh.white 

Reading in input surface ../surf/rh.white
Not smoothing input surface
Area    263834  0.35295  0.14713 0.001214   3.1048
Corner  791502 60.00000 15.58351 0.394254 178.1783
Edge    395751  0.91695  0.23775 0.023474   3.5738
Hinge   395751  9.96106 12.15718 0.000005 179.8724
Reading white surface coordinates from ../surf/rh.white
Reading repulsion surface coordinates from ../surf/rh.white
Reading in aparc ../label/rh.aparc.annot
Reading in input volume brain.finalsurfs.mgz
Reading in wm volume wm.mgz
MRIclipBrightWM(): nthresh=16141, wmmin=5, clip=110 
MRIfindBrightNonWM(): 558 bright non-wm voxels segmented.
Masking bright non-wm for pial surface mid_gray = 61.7421
MRImask(): AllowDiffGeom = 1
MRImask(): AllowDiffGeom = 1
MRImask(): AllowDiffGeom = 1
Reading in seg volume aseg.presurf.mgz
Ripping frozen voxels
Ripping vertices not in label ../label/rh.cortex+hipamyg.label
MRISripNotLabel() ripped 4688/131919 vertices (127231 unripped)
INFO: rip surface needed but not specified, so using input surface
Ripping segs (eg, WMSA, BG, frozen)
Starting MRISripSegs() d = (-2 2 0.5) segnos: 247 
MRISripSegs(): -2 2 0.5 ripped 0
vertex 65960: xyz = (11.3839,2.58653,63.3932) oxyz = (11.3839,2.58653,63.3932) wxzy = (11.3839,2.58653,63.3932) pxyz = (11.3839,2.58653,63.3932) 
CBVO Creating mask 131919
n_averages 16
Iteration 0 =========================================
n_averages=16, current_sigma=2
Computing target border values 
Entering MRIScomputeBorderValues_new(): 
  inside_hi   =  92.5947720;
  border_hi   =  52.9631120;
  border_low  =  30.8893360;
  outside_low =  10.0000000;
  outside_hi  =  47.4446680;
  sigma = 2;
  max_thickness = 10;
  step_size=0.5;
  STEP_SIZE=0.1;
  which = 2
  thresh = 0
  flags = 0
  CBVfindFirstPeakD1=0
  CBVfindFirstPeakD2=0
  nvertices=131919
  Gdiag_no=-1
  vno start=0, stop=131919
Replacing 255s with 0s
#SI# sigma=2 had to be increased for 256 vertices, nripped=4688
mean border=52.3, 179 (179) missing vertices, mean dist 1.3 [0.0 (%0.0)->2.6 (%100.0))]
% 8 local maxima, %43 large gradients and %46 min vals, 0 gradients ignored
nFirstPeakD1 0
MRIScomputeBorderValues_new() finished in 0.0128 min


Averaging target values for 5 iterations...
Positioning Surface: tspring = 0.3, nspring = 0.3, spring = 0, niters = 100 l_repulse = 0, l_surf_repulse = 5, checktol = 0
Positioning pial surface
Entering MRISpositionSurface()
  max_mm = 0.3
  MAX_REDUCTIONS = 2, REDUCTION_PCT = 0.5
  parms->check_tol = 0, niterations = 100
tol=1.0e-04, sigma=2.0, host=dna02, nav=16, nbrs=2, l_surf_repulse=5.000, l_tspring=0.300, l_nspring=0.300, l_intensity=0.200, l_curv=1.000
mom=0.00, dt=0.50
complete_dist_mat 0
rms 0
smooth_averages 0
remove_neg 0
ico_order 0
which_surface 0
target_radius 0.000000
nfields 0
scale 0.000000
desired_rms_height 0.000000
momentum 0.000000
nbhd_size 0
max_nbrs 0
niterations 100
nsurfaces 0
SURFACES 3
flags 0 (0)
use curv 0
no sulc 0
no rigid align 0
mris->nsize 2
mris->hemisphere 1
randomSeed 0

000: dt: 0.0000, sse=23649184.0, rms=30.376
001: dt: 0.5000, sse=15695671.0, rms=24.691 (18.714%)
002: dt: 0.5000, sse=10021903.0, rms=19.654 (20.399%)
003: dt: 0.5000, sse=6531747.0, rms=15.775 (19.740%)
004: dt: 0.5000, sse=4504650.0, rms=12.998 (17.601%)
005: dt: 0.5000, sse=3406771.8, rms=11.209 (13.762%)
006: dt: 0.5000, sse=2688923.8, rms=9.864 (12.005%)
007: dt: 0.5000, sse=2267449.2, rms=8.977 (8.989%)
008: dt: 0.5000, sse=1921186.0, rms=8.175 (8.934%)
009: dt: 0.5000, sse=1713076.9, rms=7.649 (6.431%)
010: dt: 0.5000, sse=1502766.6, rms=7.079 (7.458%)
011: dt: 0.5000, sse=1390482.4, rms=6.750 (4.639%)
012: dt: 0.5000, sse=1254795.6, rms=6.334 (6.171%)
013: dt: 0.5000, sse=1186244.9, rms=6.109 (3.540%)
014: dt: 0.5000, sse=1086646.2, rms=5.772 (5.519%)
015: dt: 0.5000, sse=1049421.6, rms=5.637 (2.339%)
016: dt: 0.5000, sse=980827.1, rms=5.386 (4.451%)
017: dt: 0.5000, sse=963708.6, rms=5.318 (1.274%)
018: dt: 0.5000, sse=913653.3, rms=5.124 (3.648%)
rms = 5.1238/5.1237, sse=914992.5/913653.3, time step reduction 1 of 3 to 0.250  0 1 1
   RMS increased, rejecting step
019: dt: 0.2500, sse=769350.9, rms=4.525 (11.681%)
020: dt: 0.2500, sse=758438.3, rms=4.471 (1.206%)
rms = 4.4403/4.4707, sse=752342.2/758438.3, time step reduction 2 of 3 to 0.125  0 0 1
021: dt: 0.2500, sse=752342.2, rms=4.440 (0.680%)
022: dt: 0.1250, sse=686108.8, rms=4.132 (6.953%)
023: dt: 0.1250, sse=665047.1, rms=4.028 (2.499%)
rms = 3.9973/4.0283, sse=658999.3/665047.0, time step reduction 3 of 3 to 0.062  0 0 1
024: dt: 0.1250, sse=658999.2, rms=3.997 (0.769%)
  maximum number of reductions reached, breaking from loop
positioning took 1.9 minutes
Iteration 1 =========================================
n_averages=8, current_sigma=1
Computing target border values 
Entering MRIScomputeBorderValues_new(): 
  inside_hi   =  92.5947720;
  border_hi   =  52.9631120;
  border_low  =  30.8893360;
  outside_low =  10.0000000;
  outside_hi  =  47.4446680;
  sigma = 1;
  max_thickness = 10;
  step_size=0.5;
  STEP_SIZE=0.1;
  which = 2
  thresh = 0
  flags = 0
  CBVfindFirstPeakD1=0
  CBVfindFirstPeakD2=0
  nvertices=131919
  Gdiag_no=-1
  vno start=0, stop=131919
Replacing 255s with 0s
#SI# sigma=1 had to be increased for 12968 vertices, nripped=4688
mean border=50.8, 2041 (35) missing vertices, mean dist 0.2 [0.2 (%51.8)->1.0 (%48.2))]
%16 local maxima, %34 large gradients and %44 min vals, 0 gradients ignored
nFirstPeakD1 0
MRIScomputeBorderValues_new() finished in 0.0063 min


Averaging target values for 5 iterations...
Positioning Surface: tspring = 0.3, nspring = 0.3, spring = 0, niters = 100 l_repulse = 0, l_surf_repulse = 5, checktol = 0
Positioning pial surface
Entering MRISpositionSurface()
  max_mm = 0.3
  MAX_REDUCTIONS = 2, REDUCTION_PCT = 0.5
  parms->check_tol = 0, niterations = 100
tol=1.0e-04, sigma=1.0, host=dna02, nav=8, nbrs=2, l_surf_repulse=5.000, l_tspring=0.300, l_nspring=0.300, l_intensity=0.200, l_curv=1.000
mom=0.00, dt=0.50
000: dt: 0.0000, sse=982726.9, rms=5.142
rms = 5.2785/5.1424, sse=1019098.4/982726.9, time step reduction 1 of 3 to 0.250  0 1 1
   RMS increased, rejecting step
025: dt: 0.2500, sse=866959.0, rms=4.676 (9.064%)
026: dt: 0.2500, sse=844959.0, rms=4.581 (2.044%)
rms = 4.6507/4.5807, sse=861103.1/844959.0, time step reduction 2 of 3 to 0.125  0 1 1
   RMS increased, rejecting step
027: dt: 0.1250, sse=816904.9, rms=4.458 (2.686%)
028: dt: 0.1250, sse=779992.2, rms=4.290 (3.757%)
029: dt: 0.1250, sse=758011.2, rms=4.188 (2.391%)
rms = 4.1388/4.1877, sse=747745.8/758011.2, time step reduction 3 of 3 to 0.062  0 0 1
030: dt: 0.1250, sse=747745.8, rms=4.139 (1.167%)
  maximum number of reductions reached, breaking from loop
positioning took 0.5 minutes
Iteration 2 =========================================
n_averages=4, current_sigma=0.5
Computing target border values 
Entering MRIScomputeBorderValues_new(): 
  inside_hi   =  92.5947720;
  border_hi   =  52.9631120;
  border_low  =  30.8893360;
  outside_low =  10.0000000;
  outside_hi  =  47.4446680;
  sigma = 0.5;
  max_thickness = 10;
  step_size=0.5;
  STEP_SIZE=0.1;
  which = 2
  thresh = 0
  flags = 0
  CBVfindFirstPeakD1=0
  CBVfindFirstPeakD2=0
  nvertices=131919
  Gdiag_no=-1
  vno start=0, stop=131919
Replacing 255s with 0s
#SI# sigma=0.5 had to be increased for 14419 vertices, nripped=4688
mean border=50.2, 2274 (32) missing vertices, mean dist 0.2 [0.2 (%48.1)->0.9 (%51.9))]
%24 local maxima, %26 large gradients and %45 min vals, 0 gradients ignored
nFirstPeakD1 0
MRIScomputeBorderValues_new() finished in 0.0035 min


Averaging target values for 5 iterations...
Positioning Surface: tspring = 0.3, nspring = 0.3, spring = 0, niters = 100 l_repulse = 0, l_surf_repulse = 5, checktol = 0
Positioning pial surface
Entering MRISpositionSurface()
  max_mm = 0.3
  MAX_REDUCTIONS = 2, REDUCTION_PCT = 0.5
  parms->check_tol = 0, niterations = 100
tol=1.0e-04, sigma=0.5, host=dna02, nav=4, nbrs=2, l_surf_repulse=5.000, l_tspring=0.300, l_nspring=0.300, l_intensity=0.200, l_curv=1.000
mom=0.00, dt=0.50
000: dt: 0.0000, sse=830764.5, rms=4.498
rms = 5.1541/4.4976, sse=990164.2/830764.5, time step reduction 1 of 3 to 0.250  0 1 1
   RMS increased, rejecting step
031: dt: 0.2500, sse=784947.0, rms=4.292 (4.577%)
rms = 4.2958/4.2917, sse=785450.4/784947.0, time step reduction 2 of 3 to 0.125  0 1 1
   RMS increased, rejecting step
rms = 4.2428/4.2917, sse=774413.7/784947.0, time step reduction 3 of 3 to 0.062  0 0 1
032: dt: 0.1250, sse=774413.8, rms=4.243 (1.140%)
  maximum number of reductions reached, breaking from loop
positioning took 0.3 minutes
Iteration 3 =========================================
n_averages=2, current_sigma=0.25
Computing target border values 
Entering MRIScomputeBorderValues_new(): 
  inside_hi   =  92.5947720;
  border_hi   =  52.9631120;
  border_low  =  30.8893360;
  outside_low =  10.0000000;
  outside_hi  =  47.4446680;
  sigma = 0.25;
  max_thickness = 10;
  step_size=0.5;
  STEP_SIZE=0.1;
  which = 2
  thresh = 0
  flags = 0
  CBVfindFirstPeakD1=0
  CBVfindFirstPeakD2=0
  nvertices=131919
  Gdiag_no=-1
  vno start=0, stop=131919
Replacing 255s with 0s
#SI# sigma=0.25 had to be increased for 12100 vertices, nripped=4688
mean border=49.4, 5548 (31) missing vertices, mean dist 0.2 [0.2 (%44.0)->0.8 (%56.0))]
%29 local maxima, %20 large gradients and %43 min vals, 0 gradients ignored
nFirstPeakD1 0
MRIScomputeBorderValues_new() finished in 0.0022 min


Averaging target values for 5 iterations...
Positioning Surface: tspring = 0.3, nspring = 0.3, spring = 0, niters = 100 l_repulse = 0, l_surf_repulse = 5, checktol = 0
Positioning pial surface
Entering MRISpositionSurface()
  max_mm = 0.3
  MAX_REDUCTIONS = 2, REDUCTION_PCT = 0.5
  parms->check_tol = 0, niterations = 100
tol=1.0e-04, sigma=0.2, host=dna02, nav=2, nbrs=2, l_surf_repulse=5.000, l_tspring=0.300, l_nspring=0.300, l_intensity=0.200, l_curv=1.000
mom=0.00, dt=0.50
000: dt: 0.0000, sse=840349.1, rms=4.536
rms = 4.9712/4.5360, sse=942615.1/840349.2, time step reduction 1 of 3 to 0.250  0 1 1
   RMS increased, rejecting step
033: dt: 0.2500, sse=787982.7, rms=4.304 (5.123%)
034: dt: 0.2500, sse=754857.0, rms=4.155 (3.457%)
rms = 4.3301/4.1548, sse=791726.7/754857.0, time step reduction 2 of 3 to 0.125  0 1 1
   RMS increased, rejecting step
035: dt: 0.1250, sse=731813.8, rms=4.043 (2.681%)
036: dt: 0.1250, sse=701560.1, rms=3.894 (3.703%)
037: dt: 0.1250, sse=681469.2, rms=3.792 (2.607%)
038: dt: 0.1250, sse=671053.4, rms=3.740 (1.388%)
039: dt: 0.1250, sse=659810.9, rms=3.682 (1.551%)
rms = 3.6411/3.6816, sse=652023.5/659810.9, time step reduction 3 of 3 to 0.062  0 0 1
040: dt: 0.1250, sse=652023.5, rms=3.641 (1.098%)
  maximum number of reductions reached, breaking from loop
positioning took 0.6 minutes
Pinning medial wall to white surface
removing intersecting faces
000: 15 intersecting
terminating search with 0 intersecting


Writing output to ../surf/rh.pial.T1
#ET# mris_place_surface  3.46 minutes
#VMPC# mris_place_surfaces VmPeak  2415388
mris_place_surface done
#@# white curv rh Mon Mar  9 01:28:43 CET 2026
cd /out/sourcedata/freesurfer/sub-v1s16x0051177_ses-1/mri
mris_place_surface --curv-map ../surf/rh.white 2 10 ../surf/rh.curv
insurf  ../surf/rh.white, nbrs 2, curvature_avgs 10
writing curvature file ../surf/rh.curv
#@# white area rh Mon Mar  9 01:28:45 CET 2026
cd /out/sourcedata/freesurfer/sub-v1s16x0051177_ses-1/mri
mris_place_surface --area-map ../surf/rh.white ../surf/rh.area
writing curvature file ../surf/rh.area
#@# pial curv rh Mon Mar  9 01:28:45 CET 2026
cd /out/sourcedata/freesurfer/sub-v1s16x0051177_ses-1/mri
mris_place_surface --curv-map ../surf/rh.pial 2 10 ../surf/rh.curv.pial
insurf  ../surf/rh.pial, nbrs 2, curvature_avgs 10
writing curvature file ../surf/rh.curv.pial
#@# pial area rh Mon Mar  9 01:28:47 CET 2026
cd /out/sourcedata/freesurfer/sub-v1s16x0051177_ses-1/mri
mris_place_surface --area-map ../surf/rh.pial ../surf/rh.area.pial
writing curvature file ../surf/rh.area.pial
#@# thickness rh Mon Mar  9 01:28:48 CET 2026
cd /out/sourcedata/freesurfer/sub-v1s16x0051177_ses-1/mri
mris_place_surface --thickness ../surf/rh.white ../surf/rh.pial 20 5 ../surf/rh.thickness
0 of 131919 vertices processed
25000 of 131919 vertices processed
50000 of 131919 vertices processed
75000 of 131919 vertices processed
100000 of 131919 vertices processed
125000 of 131919 vertices processed
0 of 131919 vertices processed
25000 of 131919 vertices processed
50000 of 131919 vertices processed
75000 of 131919 vertices processed
100000 of 131919 vertices processed
125000 of 131919 vertices processed
thickness calculation complete, 349:2086 truncations.
64083 vertices at 0 distance
104973 vertices at 1 distance
59935 vertices at 2 distance
21149 vertices at 3 distance
7802 vertices at 4 distance
3160 vertices at 5 distance
1354 vertices at 6 distance
570 vertices at 7 distance
283 vertices at 8 distance
156 vertices at 9 distance
82 vertices at 10 distance
53 vertices at 11 distance
43 vertices at 12 distance
24 vertices at 13 distance
39 vertices at 14 distance
25 vertices at 15 distance
27 vertices at 16 distance
18 vertices at 17 distance
22 vertices at 18 distance
19 vertices at 19 distance
21 vertices at 20 distance
writing curvature file ../surf/rh.thickness
#@# area and vertex vol rh Mon Mar  9 01:29:14 CET 2026
cd /out/sourcedata/freesurfer/sub-v1s16x0051177_ses-1/mri
mris_place_surface --thickness ../surf/rh.white ../surf/rh.pial 20 5 ../surf/rh.thickness
/out/sourcedata/freesurfer/sub-v1s16x0051177_ses-1/surf
mris_calc -o rh.area.mid rh.area add rh.area.pial
Saving result to 'rh.area.mid' (type = MRI_CURV_FILE)                       [ ok ]
mris_calc -o rh.area.mid rh.area.mid div 2
Saving result to 'rh.area.mid' (type = MRI_CURV_FILE)                       [ ok ]
mris_convert --volume sub-v1s16x0051177_ses-1 rh /out/sourcedata/freesurfer/sub-v1s16x0051177_ses-1/surf/rh.volume
masking with /out/sourcedata/freesurfer/sub-v1s16x0051177_ses-1/label/rh.cortex.label
Total face volume 251352
Total vertex volume 251127 (mask=0)
#@# sub-v1s16x0051177_ses-1 rh 251127
 
vertexvol Done

#-----------------------------------------
#@# Curvature Stats rh Mon Mar  9 01:29:16 CET 2026
/out/sourcedata/freesurfer/sub-v1s16x0051177_ses-1/surf

 mris_curvature_stats -m --writeCurvatureFiles -G -o ../stats/rh.curv.stats -F smoothwm sub-v1s16x0051177_ses-1 rh curv sulc 

             Toggling save flag on curvature files                       [ ok ]
                 Outputting results using filestem   [ ../stats/rh.curv.stats ]
             Toggling save flag on curvature files                       [ ok ]
                                   Setting surface [ sub-v1s16x0051177_ses-1/rh.smoothwm ]
                                Reading surface...                       [ ok ]
                                   Setting texture                     [ curv ]
                                Reading texture...                       [ ok ]
                                   Setting texture                     [ sulc ]
                                Reading texture...Gb_filter = 0
                       [ ok ]
      Calculating Discrete Principal Curvatures...
      Determining geometric order for vno faces... [####################] [ ok ]
                      Determining KH curvatures... [####################] [ ok ]
                    Determining k1k2 curvatures... [####################] [ ok ]
                                   deltaViolations                      [ 247 ]
Gb_filter = 0

WARN:    S lookup   min:                          -0.087417
WARN:    S explicit min:                          0.000000	vertex = 1268
#-----------------------------------------
#@# Cortical Parc 2 rh Mon Mar  9 01:29:18 CET 2026
/out/sourcedata/freesurfer/sub-v1s16x0051177_ses-1/scripts

 mris_ca_label -l ../label/rh.cortex.label -aseg ../mri/aseg.presurf.mgz -seed 1234 sub-v1s16x0051177_ses-1 rh ../surf/rh.sphere.reg /opt/freesurfer/average/rh.CDaparc.atlas.acfb40.noaparc.i12.2016-08-02.gcs ../label/rh.aparc.a2009s.annot 

setting seed for random number generator to 1234
using ../mri/aseg.presurf.mgz aseg volume to correct midline
7.3.2
  7.3.2
reading atlas from /opt/freesurfer/average/rh.CDaparc.atlas.acfb40.noaparc.i12.2016-08-02.gcs...
reading color table from GCSA file....
average std = 1.4   using min determinant for regularization = 0.021
0 singular and 0 ill-conditioned covariance matrices regularized
input 0: MEAN CURVATURE, flags 0, avgs 5, name mean_curvature
labeling surface...
2 labels changed using aseg
relabeling using gibbs priors...
000:   8552 changed, 131919 examined...
001:   1927 changed, 33562 examined...
002:    610 changed, 10419 examined...
003:    259 changed, 3423 examined...
004:    104 changed, 1458 examined...
005:     57 changed, 604 examined...
006:     41 changed, 328 examined...
007:     17 changed, 226 examined...
008:     11 changed, 103 examined...
009:      9 changed, 54 examined...
010:     10 changed, 50 examined...
011:      3 changed, 53 examined...
012:      2 changed, 19 examined...
013:      1 changed, 14 examined...
014:      0 changed, 6 examined...
0 labels changed using aseg
000: 218 total segments, 133 labels (1704 vertices) changed
001: 91 total segments, 6 labels (25 vertices) changed
002: 85 total segments, 0 labels (0 vertices) changed
10 filter iterations complete (10 requested, 38 changed)
rationalizing unknown annotations with cortex label
relabeling Medial_wall label...
1496 vertices marked for relabeling...
1496 labels changed in reclassification.
writing output to ../label/rh.aparc.a2009s.annot...
classification took 0 minutes and 12 seconds.
#-----------------------------------------
#@# Cortical Parc 3 rh Mon Mar  9 01:29:31 CET 2026
/out/sourcedata/freesurfer/sub-v1s16x0051177_ses-1/scripts

 mris_ca_label -l ../label/rh.cortex.label -aseg ../mri/aseg.presurf.mgz -seed 1234 sub-v1s16x0051177_ses-1 rh ../surf/rh.sphere.reg /opt/freesurfer/average/rh.DKTaparc.atlas.acfb40.noaparc.i12.2016-08-02.gcs ../label/rh.aparc.DKTatlas.annot 

setting seed for random number generator to 1234
using ../mri/aseg.presurf.mgz aseg volume to correct midline
7.3.2
  7.3.2
reading atlas from /opt/freesurfer/average/rh.DKTaparc.atlas.acfb40.noaparc.i12.2016-08-02.gcs...
reading color table from GCSA file....
average std = 0.9   using min determinant for regularization = 0.009
0 singular and 325 ill-conditioned covariance matrices regularized
input 0: MEAN CURVATURE, flags 0, avgs 5, name mean_curvature
labeling surface...
1333 labels changed using aseg
relabeling using gibbs priors...
000:   1893 changed, 131919 examined...
001:    411 changed, 8908 examined...
002:     92 changed, 2419 examined...
003:     27 changed, 546 examined...
004:     11 changed, 176 examined...
005:      8 changed, 78 examined...
006:      3 changed, 46 examined...
007:      1 changed, 16 examined...
008:      1 changed, 8 examined...
009:      0 changed, 6 examined...
67 labels changed using aseg
000: 46 total segments, 13 labels (72 vertices) changed
001: 34 total segments, 1 labels (1 vertices) changed
002: 33 total segments, 0 labels (0 vertices) changed
10 filter iterations complete (10 requested, 4 changed)
rationalizing unknown annotations with cortex label
relabeling unknown label...
relabeling corpuscallosum label...
1312 vertices marked for relabeling...
1312 labels changed in reclassification.
writing output to ../label/rh.aparc.DKTatlas.annot...
classification took 0 minutes and 10 seconds.
#-----------------------------------------
#@# WM/GM Contrast rh Mon Mar  9 01:29:40 CET 2026
/out/sourcedata/freesurfer/sub-v1s16x0051177_ses-1/scripts

 pctsurfcon --s sub-v1s16x0051177_ses-1 --rh-only 

Log file is /out/sourcedata/freesurfer/sub-v1s16x0051177_ses-1/scripts/pctsurfcon.log
Mon Mar  9 01:29:40 CET 2026
setenv SUBJECTS_DIR /out/sourcedata/freesurfer
cd /out/sourcedata/freesurfer/sub-v1s16x0051177_ses-1/scripts
/opt/freesurfer/bin/pctsurfcon
pctsurfcon 7.3.2
Linux dna029 5.14.0-427.37.1.el9_4.x86_64 #1 SMP PREEMPT_DYNAMIC Fri Sep 13 12:41:50 EDT 2024 x86_64 x86_64 x86_64 GNU/Linux
FREESURFER_HOME /opt/freesurfer
mri_vol2surf --mov /out/sourcedata/freesurfer/sub-v1s16x0051177_ses-1/mri/rawavg.mgz --hemi rh --noreshape --interp trilinear --projdist -1 --o /out/sourcedata/freesurfer/sub-v1s16x0051177_ses-1/surf/tmp.pctsurfcon.3615391/rh.wm.mgh --regheader sub-v1s16x0051177_ses-1 --cortex
srcvol = /out/sourcedata/freesurfer/sub-v1s16x0051177_ses-1/mri/rawavg.mgz
srcreg unspecified
srcregold = 0
srcwarp unspecified
surf = white
hemi = rh
ProjDist = -1
reshape = 0
interp = trilinear
float2int = round
GetProjMax = 0
INFO: float2int code = 0
Done loading volume
Computing registration from header.
  Using /out/sourcedata/freesurfer/sub-v1s16x0051177_ses-1/mri/orig.mgz as target reference.
-------- original matrix -----------
-1.00000   0.00000   0.00000   0.00000;
 0.00000   0.00000   1.00000   0.00000;
 0.00000  -1.00000   0.00000  -0.00003;
 0.00000   0.00000   0.00000   1.00000;
-------- original matrix -----------
Loading label /out/sourcedata/freesurfer/sub-v1s16x0051177_ses-1/label/rh.cortex.label
Reading surface /out/sourcedata/freesurfer/sub-v1s16x0051177_ses-1/surf/rh.white
Done reading source surface
Mapping Source Volume onto Source Subject Surface
Projecting -1 -1 1
 1 -1 -1 -1
using old
Done mapping volume to surface
Number of source voxels hit = 77315
Masking with /out/sourcedata/freesurfer/sub-v1s16x0051177_ses-1/label/rh.cortex.label
Writing to /out/sourcedata/freesurfer/sub-v1s16x0051177_ses-1/surf/tmp.pctsurfcon.3615391/rh.wm.mgh
Dim: 131919 1 1
mri_vol2surf --mov /out/sourcedata/freesurfer/sub-v1s16x0051177_ses-1/mri/rawavg.mgz --hemi rh --noreshape --interp trilinear --o /out/sourcedata/freesurfer/sub-v1s16x0051177_ses-1/surf/tmp.pctsurfcon.3615391/rh.gm.mgh --projfrac 0.3 --regheader sub-v1s16x0051177_ses-1 --cortex
srcvol = /out/sourcedata/freesurfer/sub-v1s16x0051177_ses-1/mri/rawavg.mgz
srcreg unspecified
srcregold = 0
srcwarp unspecified
surf = white
hemi = rh
ProjFrac = 0.3
thickness = thickness
reshape = 0
interp = trilinear
float2int = round
GetProjMax = 0
INFO: float2int code = 0
Done loading volume
Computing registration from header.
  Using /out/sourcedata/freesurfer/sub-v1s16x0051177_ses-1/mri/orig.mgz as target reference.
-------- original matrix -----------
-1.00000   0.00000   0.00000   0.00000;
 0.00000   0.00000   1.00000   0.00000;
 0.00000  -1.00000   0.00000  -0.00003;
 0.00000   0.00000   0.00000   1.00000;
-------- original matrix -----------
Loading label /out/sourcedata/freesurfer/sub-v1s16x0051177_ses-1/label/rh.cortex.label
Reading surface /out/sourcedata/freesurfer/sub-v1s16x0051177_ses-1/surf/rh.white
Done reading source surface
Reading thickness /out/sourcedata/freesurfer/sub-v1s16x0051177_ses-1/surf/rh.thickness
Done
Mapping Source Volume onto Source Subject Surface
Projecting 0.3 0.3 1
 1 0.3 0.3 0.3
using old
Done mapping volume to surface
Number of source voxels hit = 87632
Masking with /out/sourcedata/freesurfer/sub-v1s16x0051177_ses-1/label/rh.cortex.label
Writing to /out/sourcedata/freesurfer/sub-v1s16x0051177_ses-1/surf/tmp.pctsurfcon.3615391/rh.gm.mgh
Dim: 131919 1 1
mri_concat /out/sourcedata/freesurfer/sub-v1s16x0051177_ses-1/surf/tmp.pctsurfcon.3615391/rh.wm.mgh /out/sourcedata/freesurfer/sub-v1s16x0051177_ses-1/surf/tmp.pctsurfcon.3615391/rh.gm.mgh --paired-diff-norm --mul 100 --o /out/sourcedata/freesurfer/sub-v1s16x0051177_ses-1/surf/rh.w-g.pct.mgh
ninputs = 2
Checking inputs
nframestot = 2
Allocing output
Done allocing
Combining pairs
nframes = 1
Multiplying by 100.000000
Writing to /out/sourcedata/freesurfer/sub-v1s16x0051177_ses-1/surf/rh.w-g.pct.mgh
mri_segstats --in /out/sourcedata/freesurfer/sub-v1s16x0051177_ses-1/surf/rh.w-g.pct.mgh --annot sub-v1s16x0051177_ses-1 rh aparc --sum /out/sourcedata/freesurfer/sub-v1s16x0051177_ses-1/stats/rh.w-g.pct.stats --snr

7.3.2
cwd 
cmdline mri_segstats --in /out/sourcedata/freesurfer/sub-v1s16x0051177_ses-1/surf/rh.w-g.pct.mgh --annot sub-v1s16x0051177_ses-1 rh aparc --sum /out/sourcedata/freesurfer/sub-v1s16x0051177_ses-1/stats/rh.w-g.pct.stats --snr 
sysname  Linux
hostname dna029
machine  x86_64
user     oesteban
whitesurfname  white
UseRobust  0
Constructing seg from annotation

Reading annotation /out/sourcedata/freesurfer/sub-v1s16x0051177_ses-1/label/rh.aparc.annot
Seg base 2000
Loading /out/sourcedata/freesurfer/sub-v1s16x0051177_ses-1/surf/rh.w-g.pct.mgh
Vertex Area is 0.705889 mm^3
Generating list of segmentation ids
Found  36 segmentations
Computing statistics for each segmentation

Reporting on  35 segmentations
Using PrintSegStat
mri_segstats done
Cleaning up

Started at Mon Mar 9 01:04:11 CET 2026 
Ended   at Mon Mar 9 01:29:43 CET 2026
#@#%# recon-all-run-time-hours 0.426
recon-all -s sub-v1s16x0051177_ses-1 finished without error at Mon Mar  9 01:29:43 CET 2026



#New# invocation of recon-all 




Mon Mar  9 01:37:17 CET 2026
cd /out/sourcedata/freesurfer/sub-v1s16x0051177_ses-1
setenv SUBJECTS_DIR /out/sourcedata/freesurfer
/opt/freesurfer/bin/recon-all -autorecon-hemi rh -nohyporelabel -rh-only -openmp 16 -subjid sub-v1s16x0051177_ses-1 -sd /out/sourcedata/freesurfer -notessellate -nosmooth1 -noinflate1 -noqsphere -nofix -nowhite -nosmooth2 -noinflate2 -nocurvHK -nocurvstats -nosphere -nosurfreg -nojacobian_white -noavgcurv -nocortparc -nopial -nocortparc2 -nocortparc3 -nopctsurfcon

subjid sub-v1s16x0051177_ses-1
setenv SUBJECTS_DIR /out/sourcedata/freesurfer
FREESURFER_HOME /opt/freesurfer
Actual FREESURFER_HOME /opt/freesurfer
build-stamp.txt: freesurfer-linux-ubuntu22_x86_64-7.3.2-20220804-6354275
Linux dna029 5.14.0-427.37.1.el9_4.x86_64 #1 SMP PREEMPT_DYNAMIC Fri Sep 13 12:41:50 EDT 2024 x86_64 x86_64 x86_64 GNU/Linux
cputime      unlimited
filesize     unlimited
datasize     unlimited
stacksize    8192 kbytes
coredumpsize 0 kbytes
memoryuse    67108864 kbytes
vmemoryuse   unlimited
descriptors  1024 
memorylocked unlimited
maxproc      2061970 
maxlocks     unlimited
maxsignal    2061970 
maxmessage   819200 
maxnice      0 
maxrtprio    0 
maxrttime    unlimited

               total        used        free      shared  buff/cache   available
Mem:           503Gi        49Gi       400Gi       9.0Gi        52Gi       441Gi
Swap:             0B          0B          0B

########################################
program versions used
7.3.2 (freesurfer-linux-ubuntu22_x86_64-7.3.2-20220804-6354275)
7.3.2

ProgramName: lta_convert  ProgramArguments: lta_convert -all-info  ProgramVersion: 7.3.2  TimeStamp: 2026/03/09-00:37:17-GMT  BuildTime: Aug  4 2022 06:17:15  BuildStamp: freesurfer-linux-ubuntu22_x86_64-7.3.2-20220804-6354275  User: oesteban  Machine: dna029  Platform: Linux  PlatformVersion: 5.14.0-427.37.1.el9_4.x86_64  CompilerName: GCC  CompilerVersion: 8.4.0
ProgramName: mri_and  ProgramArguments: mri_and -all-info  ProgramVersion: 7.3.2  TimeStamp: 2026/03/09-00:37:17-GMT  BuildTime: Aug  4 2022 06:17:15  BuildStamp: freesurfer-linux-ubuntu22_x86_64-7.3.2-20220804-6354275  User: oesteban  Machine: dna029  Platform: Linux  PlatformVersion: 5.14.0-427.37.1.el9_4.x86_64  CompilerName: GCC  CompilerVersion: 8.4.0
ProgramName: mri_annotation2label  ProgramArguments: mri_annotation2label -all-info  ProgramVersion: 7.3.2  TimeStamp: 2026/03/09-00:37:17-GMT  BuildTime: Aug  4 2022 06:17:15  BuildStamp: freesurfer-linux-ubuntu22_x86_64-7.3.2-20220804-6354275  User: oesteban  Machine: dna029  Platform: Linux  PlatformVersion: 5.14.0-427.37.1.el9_4.x86_64  CompilerName: GCC  CompilerVersion: 8.4.0
ProgramName: mri_aparc2aseg  ProgramArguments: mri_aparc2aseg -all-info  ProgramVersion: 7.3.2  TimeStamp: 2026/03/09-00:37:17-GMT  BuildTime: Aug  4 2022 06:17:15  BuildStamp: freesurfer-linux-ubuntu22_x86_64-7.3.2-20220804-6354275  User: oesteban  Machine: dna029  Platform: Linux  PlatformVersion: 5.14.0-427.37.1.el9_4.x86_64  CompilerName: GCC  CompilerVersion: 8.4.0
ProgramName: mri_surf2volseg  ProgramArguments: mri_surf2volseg -all-info  ProgramVersion: 7.3.2  TimeStamp: 2026/03/09-00:37:17-GMT  BuildTime: Aug  4 2022 06:17:15  BuildStamp: freesurfer-linux-ubuntu22_x86_64-7.3.2-20220804-6354275  User: oesteban  Machine: dna029  Platform: Linux  PlatformVersion: 5.14.0-427.37.1.el9_4.x86_64  CompilerName: GCC  CompilerVersion: 8.4.0
ProgramName: mri_binarize  ProgramArguments: mri_binarize -all-info  ProgramVersion: 7.3.2  TimeStamp: 2026/03/09-00:37:17-GMT  BuildTime: Aug  4 2022 06:17:15  BuildStamp: freesurfer-linux-ubuntu22_x86_64-7.3.2-20220804-6354275  User: oesteban  Machine: dna029  Platform: Linux  PlatformVersion: 5.14.0-427.37.1.el9_4.x86_64  CompilerName: GCC  CompilerVersion: 8.4.0
ProgramName: mri_ca_label  ProgramArguments: mri_ca_label -all-info  ProgramVersion: 7.3.2  TimeStamp: 2026/03/09-00:37:17-GMT  BuildTime: Aug  4 2022 06:17:15  BuildStamp: freesurfer-linux-ubuntu22_x86_64-7.3.2-20220804-6354275  User: oesteban  Machine: dna029  Platform: Linux  PlatformVersion: 5.14.0-427.37.1.el9_4.x86_64  CompilerName: GCC  CompilerVersion: 8.4.0
ProgramName: mri_ca_normalize  ProgramArguments: mri_ca_normalize -all-info  ProgramVersion: 7.3.2  TimeStamp: 2026/03/09-00:37:17-GMT  BuildTime: Aug  4 2022 06:17:15  BuildStamp: freesurfer-linux-ubuntu22_x86_64-7.3.2-20220804-6354275  User: oesteban  Machine: dna029  Platform: Linux  PlatformVersion: 5.14.0-427.37.1.el9_4.x86_64  CompilerName: GCC  CompilerVersion: 8.4.0
ProgramName: mri_ca_register  ProgramArguments: mri_ca_register -all-info  ProgramVersion: 7.3.2  TimeStamp: 2026/03/09-00:37:17-GMT  BuildTime: Aug  4 2022 06:17:15  BuildStamp: freesurfer-linux-ubuntu22_x86_64-7.3.2-20220804-6354275  User: oesteban  Machine: dna029  Platform: Linux  PlatformVersion: 5.14.0-427.37.1.el9_4.x86_64  CompilerName: GCC  CompilerVersion: 8.4.0
ProgramName: mri_cc  ProgramArguments: mri_cc -all-info  ProgramVersion: 7.3.2  TimeStamp: 2026/03/09-00:37:17-GMT  BuildTime: Aug  4 2022 06:17:15  BuildStamp: freesurfer-linux-ubuntu22_x86_64-7.3.2-20220804-6354275  User: oesteban  Machine: dna029  Platform: Linux  PlatformVersion: 5.14.0-427.37.1.el9_4.x86_64  CompilerName: GCC  CompilerVersion: 8.4.0
ProgramName: mri_compute_overlap  ProgramArguments: mri_compute_overlap -all-info  ProgramVersion: 7.3.2  TimeStamp: 2026/03/09-00:37:17-GMT  BuildTime: Aug  4 2022 06:17:15  BuildStamp: freesurfer-linux-ubuntu22_x86_64-7.3.2-20220804-6354275  User: oesteban  Machine: dna029  Platform: Linux  PlatformVersion: 5.14.0-427.37.1.el9_4.x86_64  CompilerName: GCC  CompilerVersion: 8.4.0
ProgramName: mri_compute_seg_overlap  ProgramArguments: mri_compute_seg_overlap -all-info  ProgramVersion: 7.3.2  TimeStamp: 2026/03/09-00:37:18-GMT  BuildTime: Aug  4 2022 06:17:15  BuildStamp: freesurfer-linux-ubuntu22_x86_64-7.3.2-20220804-6354275  User: oesteban  Machine: dna029  Platform: Linux  PlatformVersion: 5.14.0-427.37.1.el9_4.x86_64  CompilerName: GCC  CompilerVersion: 8.4.0
ProgramName: mri_concat  ProgramArguments: mri_concat -all-info  ProgramVersion: 7.3.2  TimeStamp: 2026/03/09-00:37:18-GMT  BuildTime: Aug  4 2022 06:17:15  BuildStamp: freesurfer-linux-ubuntu22_x86_64-7.3.2-20220804-6354275  User: oesteban  Machine: dna029  Platform: Linux  PlatformVersion: 5.14.0-427.37.1.el9_4.x86_64  CompilerName: GCC  CompilerVersion: 8.4.0
ProgramName: mri_concatenate_lta  ProgramArguments: mri_concatenate_lta -all-info  ProgramVersion: 7.3.2  TimeStamp: 2026/03/09-00:37:18-GMT  BuildTime: Aug  4 2022 06:17:15  BuildStamp: freesurfer-linux-ubuntu22_x86_64-7.3.2-20220804-6354275  User: oesteban  Machine: dna029  Platform: Linux  PlatformVersion: 5.14.0-427.37.1.el9_4.x86_64  CompilerName: GCC  CompilerVersion: 8.4.0
mri_convert -all-info 
ProgramName: mri_convert  ProgramArguments: mri_convert -all-info  ProgramVersion: 7.3.2  TimeStamp: 2026/03/09-00:37:18-GMT  BuildTime: Aug  4 2022 06:17:15  BuildStamp: freesurfer-linux-ubuntu22_x86_64-7.3.2-20220804-6354275  User: oesteban  Machine: dna029  Platform: Linux  PlatformVersion: 5.14.0-427.37.1.el9_4.x86_64  CompilerName: GCC  CompilerVersion: 8.4.0
ProgramName: mri_diff  ProgramArguments: mri_diff -all-info  ProgramVersion: 7.3.2  TimeStamp: 2026/03/09-00:37:18-GMT  BuildTime: Aug  4 2022 06:17:15  BuildStamp: freesurfer-linux-ubuntu22_x86_64-7.3.2-20220804-6354275  User: oesteban  Machine: dna029  Platform: Linux  PlatformVersion: 5.14.0-427.37.1.el9_4.x86_64  CompilerName: GCC  CompilerVersion: 8.4.0
ProgramName: mri_edit_wm_with_aseg  ProgramArguments: mri_edit_wm_with_aseg -all-info  ProgramVersion: 7.3.2  TimeStamp: 2026/03/09-00:37:18-GMT  BuildTime: Aug  4 2022 06:17:15  BuildStamp: freesurfer-linux-ubuntu22_x86_64-7.3.2-20220804-6354275  User: oesteban  Machine: dna029  Platform: Linux  PlatformVersion: 5.14.0-427.37.1.el9_4.x86_64  CompilerName: GCC  CompilerVersion: 8.4.0
ProgramName: mri_em_register  ProgramArguments: mri_em_register -all-info  ProgramVersion: 7.3.2  TimeStamp: 2026/03/09-00:37:18-GMT  BuildTime: Aug  4 2022 06:17:15  BuildStamp: freesurfer-linux-ubuntu22_x86_64-7.3.2-20220804-6354275  User: oesteban  Machine: dna029  Platform: Linux  PlatformVersion: 5.14.0-427.37.1.el9_4.x86_64  CompilerName: GCC  CompilerVersion: 8.4.0
ProgramName: mri_fill  ProgramArguments: mri_fill -all-info  ProgramVersion: 7.3.2  TimeStamp: 2026/03/09-00:37:18-GMT  BuildTime: Aug  4 2022 06:17:15  BuildStamp: freesurfer-linux-ubuntu22_x86_64-7.3.2-20220804-6354275  User: oesteban  Machine: dna029  Platform: Linux  PlatformVersion: 5.14.0-427.37.1.el9_4.x86_64  CompilerName: GCC  CompilerVersion: 8.4.0
ProgramName: mri_fuse_segmentations  ProgramArguments: mri_fuse_segmentations -all-info  ProgramVersion: 7.3.2  TimeStamp: 2026/03/09-00:37:18-GMT  BuildTime: Aug  4 2022 06:17:15  BuildStamp: freesurfer-linux-ubuntu22_x86_64-7.3.2-20220804-6354275  User: oesteban  Machine: dna029  Platform: Linux  PlatformVersion: 5.14.0-427.37.1.el9_4.x86_64  CompilerName: GCC  CompilerVersion: 8.4.0
ProgramName: mri_fwhm  ProgramArguments: mri_fwhm -all-info  ProgramVersion: 7.3.2  TimeStamp: 2026/03/09-00:37:18-GMT  BuildTime: Aug  4 2022 06:17:15  BuildStamp: freesurfer-linux-ubuntu22_x86_64-7.3.2-20220804-6354275  User: oesteban  Machine: dna029  Platform: Linux  PlatformVersion: 5.14.0-427.37.1.el9_4.x86_64  CompilerName: GCC  CompilerVersion: 8.4.0
ProgramName: mri_gcut  ProgramArguments: mri_gcut -all-info  ProgramVersion: 7.3.2  TimeStamp: 2026/03/09-00:37:18-GMT  BuildTime: Aug  4 2022 06:17:15  BuildStamp: freesurfer-linux-ubuntu22_x86_64-7.3.2-20220804-6354275  User: oesteban  Machine: dna029  Platform: Linux  PlatformVersion: 5.14.0-427.37.1.el9_4.x86_64  CompilerName: GCC  CompilerVersion: 8.4.0
ProgramName: mri_info  ProgramArguments: mri_info -all-info  ProgramVersion: 7.3.2  TimeStamp: 2026/03/09-00:37:18-GMT  BuildTime: Aug  4 2022 06:17:15  BuildStamp: freesurfer-linux-ubuntu22_x86_64-7.3.2-20220804-6354275  User: oesteban  Machine: dna029  Platform: Linux  PlatformVersion: 5.14.0-427.37.1.el9_4.x86_64  CompilerName: GCC  CompilerVersion: 8.4.0
ProgramName: mri_label2label  ProgramArguments: mri_label2label -all-info  ProgramVersion: 7.3.2  TimeStamp: 2026/03/09-00:37:18-GMT  BuildTime: Aug  4 2022 06:17:15  BuildStamp: freesurfer-linux-ubuntu22_x86_64-7.3.2-20220804-6354275  User: oesteban  Machine: dna029  Platform: Linux  PlatformVersion: 5.14.0-427.37.1.el9_4.x86_64  CompilerName: GCC  CompilerVersion: 8.4.0
ProgramName: mri_label2vol  ProgramArguments: mri_label2vol -all-info  ProgramVersion: 7.3.2  TimeStamp: 2026/03/09-00:37:18-GMT  BuildTime: Aug  4 2022 06:17:15  BuildStamp: freesurfer-linux-ubuntu22_x86_64-7.3.2-20220804-6354275  User: oesteban  Machine: dna029  Platform: Linux  PlatformVersion: 5.14.0-427.37.1.el9_4.x86_64  CompilerName: GCC  CompilerVersion: 8.4.0
ProgramName: mri_log_likelihood  ProgramArguments: mri_log_likelihood -all-info  ProgramVersion: 7.3.2  TimeStamp: 2026/03/09-00:37:18-GMT  BuildTime: Aug  4 2022 06:17:15  BuildStamp: freesurfer-linux-ubuntu22_x86_64-7.3.2-20220804-6354275  User: oesteban  Machine: dna029  Platform: Linux  PlatformVersion: 5.14.0-427.37.1.el9_4.x86_64  CompilerName: GCC  CompilerVersion: 8.4.0
ProgramName: mri_mask  ProgramArguments: mri_mask -all-info  ProgramVersion: 7.3.2  TimeStamp: 2026/03/09-00:37:18-GMT  BuildTime: Aug  4 2022 06:17:15  BuildStamp: freesurfer-linux-ubuntu22_x86_64-7.3.2-20220804-6354275  User: oesteban  Machine: dna029  Platform: Linux  PlatformVersion: 5.14.0-427.37.1.el9_4.x86_64  CompilerName: GCC  CompilerVersion: 8.4.0
ProgramName: mri_matrix_multiply  ProgramArguments: mri_matrix_multiply -all-info  ProgramVersion: 7.3.2  TimeStamp: 2026/03/09-00:37:18-GMT  BuildTime: Aug  4 2022 06:17:15  BuildStamp: freesurfer-linux-ubuntu22_x86_64-7.3.2-20220804-6354275  User: oesteban  Machine: dna029  Platform: Linux  PlatformVersion: 5.14.0-427.37.1.el9_4.x86_64  CompilerName: GCC  CompilerVersion: 8.4.0
ProgramName: mri_normalize  ProgramArguments: mri_normalize -all-info  ProgramVersion: 7.3.2  TimeStamp: 2026/03/09-00:37:18-GMT  BuildTime: Aug  4 2022 06:17:15  BuildStamp: freesurfer-linux-ubuntu22_x86_64-7.3.2-20220804-6354275  User: oesteban  Machine: dna029  Platform: Linux  PlatformVersion: 5.14.0-427.37.1.el9_4.x86_64  CompilerName: GCC  CompilerVersion: 8.4.0
ProgramName: mri_normalize_tp2  ProgramArguments: mri_normalize_tp2 -all-info  ProgramVersion: 7.3.2  TimeStamp: 2026/03/09-00:37:18-GMT  BuildTime: Aug  4 2022 06:17:15  BuildStamp: freesurfer-linux-ubuntu22_x86_64-7.3.2-20220804-6354275  User: oesteban  Machine: dna029  Platform: Linux  PlatformVersion: 5.14.0-427.37.1.el9_4.x86_64  CompilerName: GCC  CompilerVersion: 8.4.0
ProgramName: mri_or  ProgramArguments: mri_or -all-info  ProgramVersion: 7.3.2  TimeStamp: 2026/03/09-00:37:18-GMT  BuildTime: Aug  4 2022 06:17:15  BuildStamp: freesurfer-linux-ubuntu22_x86_64-7.3.2-20220804-6354275  User: oesteban  Machine: dna029  Platform: Linux  PlatformVersion: 5.14.0-427.37.1.el9_4.x86_64  CompilerName: GCC  CompilerVersion: 8.4.0
ProgramName: mri_relabel_hypointensities  ProgramArguments: mri_relabel_hypointensities -all-info  ProgramVersion: 7.3.2  TimeStamp: 2026/03/09-00:37:18-GMT  BuildTime: Aug  4 2022 06:17:15  BuildStamp: freesurfer-linux-ubuntu22_x86_64-7.3.2-20220804-6354275  User: oesteban  Machine: dna029  Platform: Linux  PlatformVersion: 5.14.0-427.37.1.el9_4.x86_64  CompilerName: GCC  CompilerVersion: 8.4.0
ProgramName: mri_relabel_nonwm_hypos  ProgramArguments: mri_relabel_nonwm_hypos -all-info  ProgramVersion: 7.3.2  TimeStamp: 2026/03/09-00:37:18-GMT  BuildTime: Aug  4 2022 06:17:15  BuildStamp: freesurfer-linux-ubuntu22_x86_64-7.3.2-20220804-6354275  User: oesteban  Machine: dna029  Platform: Linux  PlatformVersion: 5.14.0-427.37.1.el9_4.x86_64  CompilerName: GCC  CompilerVersion: 8.4.0
ProgramName: mri_remove_neck  ProgramArguments: mri_remove_neck -all-info  ProgramVersion: 7.3.2  TimeStamp: 2026/03/09-00:37:18-GMT  BuildTime: Aug  4 2022 06:17:15  BuildStamp: freesurfer-linux-ubuntu22_x86_64-7.3.2-20220804-6354275  User: oesteban  Machine: dna029  Platform: Linux  PlatformVersion: 5.14.0-427.37.1.el9_4.x86_64  CompilerName: GCC  CompilerVersion: 8.4.0
7.3.2

ProgramName: mri_robust_register  ProgramArguments: mri_robust_register -all-info  ProgramVersion: 7.3.2  TimeStamp: 2026/03/09-00:37:18-GMT  BuildTime: Aug  4 2022 06:17:15  BuildStamp: freesurfer-linux-ubuntu22_x86_64-7.3.2-20220804-6354275  User: oesteban  Machine: dna029  Platform: Linux  PlatformVersion: 5.14.0-427.37.1.el9_4.x86_64  CompilerName: GCC  CompilerVersion: 8.4.0
7.3.2

ProgramName: mri_robust_template  ProgramArguments: mri_robust_template -all-info  ProgramVersion: 7.3.2  TimeStamp: 2026/03/09-00:37:18-GMT  BuildTime: Aug  4 2022 06:17:15  BuildStamp: freesurfer-linux-ubuntu22_x86_64-7.3.2-20220804-6354275  User: oesteban  Machine: dna029  Platform: Linux  PlatformVersion: 5.14.0-427.37.1.el9_4.x86_64  CompilerName: GCC  CompilerVersion: 8.4.0
ProgramName: mris_anatomical_stats  ProgramArguments: mris_anatomical_stats -all-info  ProgramVersion: 7.3.2  TimeStamp: 2026/03/09-00:37:18-GMT  BuildTime: Aug  4 2022 06:17:15  BuildStamp: freesurfer-linux-ubuntu22_x86_64-7.3.2-20220804-6354275  User: oesteban  Machine: dna029  Platform: Linux  PlatformVersion: 5.14.0-427.37.1.el9_4.x86_64  CompilerName: GCC  CompilerVersion: 8.4.0
ProgramName: mris_ca_label  ProgramArguments: mris_ca_label -all-info  ProgramVersion: 7.3.2  TimeStamp: 2026/03/09-00:37:18-GMT  BuildTime: Aug  4 2022 06:17:15  BuildStamp: freesurfer-linux-ubuntu22_x86_64-7.3.2-20220804-6354275  User: oesteban  Machine: dna029  Platform: Linux  PlatformVersion: 5.14.0-427.37.1.el9_4.x86_64  CompilerName: GCC  CompilerVersion: 8.4.0
ProgramName: mris_calc  ProgramArguments: mris_calc -all-info  ProgramVersion: 7.3.2  TimeStamp: 2026/03/09-00:37:18-GMT  BuildTime: Aug  4 2022 06:17:15  BuildStamp: freesurfer-linux-ubuntu22_x86_64-7.3.2-20220804-6354275  User: oesteban  Machine: dna029  Platform: Linux  PlatformVersion: 5.14.0-427.37.1.el9_4.x86_64  CompilerName: GCC  CompilerVersion: 8.4.0
ProgramName: mris_convert  ProgramArguments: mris_convert -all-info  ProgramVersion: 7.3.2  TimeStamp: 2026/03/09-00:37:18-GMT  BuildTime: Aug  4 2022 06:17:15  BuildStamp: freesurfer-linux-ubuntu22_x86_64-7.3.2-20220804-6354275  User: oesteban  Machine: dna029  Platform: Linux  PlatformVersion: 5.14.0-427.37.1.el9_4.x86_64  CompilerName: GCC  CompilerVersion: 8.4.0
ProgramName: mris_curvature  ProgramArguments: mris_curvature -all-info  ProgramVersion: 7.3.2  TimeStamp: 2026/03/09-00:37:18-GMT  BuildTime: Aug  4 2022 06:17:15  BuildStamp: freesurfer-linux-ubuntu22_x86_64-7.3.2-20220804-6354275  User: oesteban  Machine: dna029  Platform: Linux  PlatformVersion: 5.14.0-427.37.1.el9_4.x86_64  CompilerName: GCC  CompilerVersion: 8.4.0
ProgramName: mris_curvature_stats  ProgramArguments: mris_curvature_stats -all-info  ProgramVersion: 7.3.2  TimeStamp: 2026/03/09-00:37:18-GMT  BuildTime: Aug  4 2022 06:17:15  BuildStamp: freesurfer-linux-ubuntu22_x86_64-7.3.2-20220804-6354275  User: oesteban  Machine: dna029  Platform: Linux  PlatformVersion: 5.14.0-427.37.1.el9_4.x86_64  CompilerName: GCC  CompilerVersion: 8.4.0
ProgramName: mris_diff  ProgramArguments: mris_diff -all-info  ProgramVersion: 7.3.2  TimeStamp: 2026/03/09-00:37:18-GMT  BuildTime: Aug  4 2022 06:17:15  BuildStamp: freesurfer-linux-ubuntu22_x86_64-7.3.2-20220804-6354275  User: oesteban  Machine: dna029  Platform: Linux  PlatformVersion: 5.14.0-427.37.1.el9_4.x86_64  CompilerName: GCC  CompilerVersion: 8.4.0
ProgramName: mris_divide_parcellation  ProgramArguments: mris_divide_parcellation -all-info  ProgramVersion: 7.3.2  TimeStamp: 2026/03/09-00:37:18-GMT  BuildTime: Aug  4 2022 06:17:15  BuildStamp: freesurfer-linux-ubuntu22_x86_64-7.3.2-20220804-6354275  User: oesteban  Machine: dna029  Platform: Linux  PlatformVersion: 5.14.0-427.37.1.el9_4.x86_64  CompilerName: GCC  CompilerVersion: 8.4.0
ProgramName: mri_segment  ProgramArguments: mri_segment -all-info  ProgramVersion: 7.3.2  TimeStamp: 2026/03/09-00:37:18-GMT  BuildTime: Aug  4 2022 06:17:15  BuildStamp: freesurfer-linux-ubuntu22_x86_64-7.3.2-20220804-6354275  User: oesteban  Machine: dna029  Platform: Linux  PlatformVersion: 5.14.0-427.37.1.el9_4.x86_64  CompilerName: GCC  CompilerVersion: 8.4.0
ProgramName: mri_segstats  ProgramArguments: mri_segstats -all-info  ProgramVersion: 7.3.2  TimeStamp: 2026/03/09-00:37:18-GMT  BuildTime: Aug  4 2022 06:17:15  BuildStamp: freesurfer-linux-ubuntu22_x86_64-7.3.2-20220804-6354275  User: oesteban  Machine: dna029  Platform: Linux  PlatformVersion: 5.14.0-427.37.1.el9_4.x86_64  CompilerName: GCC  CompilerVersion: 8.4.0
ProgramName: mris_euler_number  ProgramArguments: mris_euler_number -all-info  ProgramVersion: 7.3.2  TimeStamp: 2026/03/09-00:37:18-GMT  BuildTime: Aug  4 2022 06:17:15  BuildStamp: freesurfer-linux-ubuntu22_x86_64-7.3.2-20220804-6354275  User: oesteban  Machine: dna029  Platform: Linux  PlatformVersion: 5.14.0-427.37.1.el9_4.x86_64  CompilerName: GCC  CompilerVersion: 8.4.0
ProgramName: mris_fix_topology  ProgramArguments: mris_fix_topology -all-info  ProgramVersion: 7.3.2  TimeStamp: 2026/03/09-00:37:18-GMT  BuildTime: Aug  4 2022 06:17:15  BuildStamp: freesurfer-linux-ubuntu22_x86_64-7.3.2-20220804-6354275  User: oesteban  Machine: dna029  Platform: Linux  PlatformVersion: 5.14.0-427.37.1.el9_4.x86_64  CompilerName: GCC  CompilerVersion: 8.4.0
ProgramName: mris_topo_fixer  ProgramArguments: mris_topo_fixer -all-info  ProgramVersion: 7.3.2  TimeStamp: 2026/03/09-00:37:18-GMT  BuildTime: Aug  4 2022 06:17:15  BuildStamp: freesurfer-linux-ubuntu22_x86_64-7.3.2-20220804-6354275  User: oesteban  Machine: dna029  Platform: Linux  PlatformVersion: 5.14.0-427.37.1.el9_4.x86_64  CompilerName: GCC  CompilerVersion: 8.4.0
ProgramName: mris_jacobian  ProgramArguments: mris_jacobian -all-info  ProgramVersion: 7.3.2  TimeStamp: 2026/03/09-00:37:18-GMT  BuildTime: Aug  4 2022 06:17:15  BuildStamp: freesurfer-linux-ubuntu22_x86_64-7.3.2-20220804-6354275  User: oesteban  Machine: dna029  Platform: Linux  PlatformVersion: 5.14.0-427.37.1.el9_4.x86_64  CompilerName: GCC  CompilerVersion: 8.4.0
ProgramName: mris_label2annot  ProgramArguments: mris_label2annot -all-info  ProgramVersion: 7.3.2  TimeStamp: 2026/03/09-00:37:18-GMT  BuildTime: Aug  4 2022 06:17:15  BuildStamp: freesurfer-linux-ubuntu22_x86_64-7.3.2-20220804-6354275  User: oesteban  Machine: dna029  Platform: Linux  PlatformVersion: 5.14.0-427.37.1.el9_4.x86_64  CompilerName: GCC  CompilerVersion: 8.4.0
ProgramName: mris_left_right_register  ProgramArguments: mris_left_right_register -all-info  ProgramVersion: 7.3.2  TimeStamp: 2026/03/09-00:37:18-GMT  BuildTime: Aug  4 2022 06:17:15  BuildStamp: freesurfer-linux-ubuntu22_x86_64-7.3.2-20220804-6354275  User: oesteban  Machine: dna029  Platform: Linux  PlatformVersion: 5.14.0-427.37.1.el9_4.x86_64  CompilerName: GCC  CompilerVersion: 8.4.0
ProgramName: mris_place_surface  ProgramArguments: mris_place_surface -all-info  ProgramVersion: 7.3.2  TimeStamp: 2026/03/09-00:37:18-GMT  BuildTime: Aug  4 2022 06:17:15  BuildStamp: freesurfer-linux-ubuntu22_x86_64-7.3.2-20220804-6354275  User: oesteban  Machine: dna029  Platform: Linux  PlatformVersion: 5.14.0-427.37.1.el9_4.x86_64  CompilerName: GCC  CompilerVersion: 8.4.0
ProgramName: mrisp_paint  ProgramArguments: mrisp_paint -all-info  ProgramVersion: 7.3.2  TimeStamp: 2026/03/09-00:37:18-GMT  BuildTime: Aug  4 2022 06:17:15  BuildStamp: freesurfer-linux-ubuntu22_x86_64-7.3.2-20220804-6354275  User: oesteban  Machine: dna029  Platform: Linux  PlatformVersion: 5.14.0-427.37.1.el9_4.x86_64  CompilerName: GCC  CompilerVersion: 8.4.0
ProgramName: mris_register  ProgramArguments: mris_register -all-info  ProgramVersion: 7.3.2  TimeStamp: 2026/03/09-00:37:18-GMT  BuildTime: Aug  4 2022 06:17:15  BuildStamp: freesurfer-linux-ubuntu22_x86_64-7.3.2-20220804-6354275  User: oesteban  Machine: dna029  Platform: Linux  PlatformVersion: 5.14.0-427.37.1.el9_4.x86_64  CompilerName: GCC  CompilerVersion: 8.4.0
ProgramName: mris_smooth  ProgramArguments: mris_smooth -all-info  ProgramVersion: 7.3.2  TimeStamp: 2026/03/09-00:37:18-GMT  BuildTime: Aug  4 2022 06:17:15  BuildStamp: freesurfer-linux-ubuntu22_x86_64-7.3.2-20220804-6354275  User: oesteban  Machine: dna029  Platform: Linux  PlatformVersion: 5.14.0-427.37.1.el9_4.x86_64  CompilerName: GCC  CompilerVersion: 8.4.0
ProgramName: mris_sphere  ProgramArguments: mris_sphere -all-info  ProgramVersion: 7.3.2  TimeStamp: 2026/03/09-00:37:18-GMT  BuildTime: Aug  4 2022 06:17:15  BuildStamp: freesurfer-linux-ubuntu22_x86_64-7.3.2-20220804-6354275  User: oesteban  Machine: dna029  Platform: Linux  PlatformVersion: 5.14.0-427.37.1.el9_4.x86_64  CompilerName: GCC  CompilerVersion: 8.4.0
ProgramName: mris_surface_stats  ProgramArguments: mris_surface_stats -all-info  ProgramVersion: 7.3.2  TimeStamp: 2026/03/09-00:37:18-GMT  BuildTime: Aug  4 2022 06:17:15  BuildStamp: freesurfer-linux-ubuntu22_x86_64-7.3.2-20220804-6354275  User: oesteban  Machine: dna029  Platform: Linux  PlatformVersion: 5.14.0-427.37.1.el9_4.x86_64  CompilerName: GCC  CompilerVersion: 8.4.0
ProgramName: mri_stats2seg  ProgramArguments: mri_stats2seg -all-info  ProgramVersion: 7.3.2  TimeStamp: 2026/03/09-00:37:18-GMT  BuildTime: Aug  4 2022 06:17:15  BuildStamp: freesurfer-linux-ubuntu22_x86_64-7.3.2-20220804-6354275  User: oesteban  Machine: dna029  Platform: Linux  PlatformVersion: 5.14.0-427.37.1.el9_4.x86_64  CompilerName: GCC  CompilerVersion: 8.4.0
ProgramName: mris_thickness  ProgramArguments: mris_thickness -all-info  ProgramVersion: 7.3.2  TimeStamp: 2026/03/09-00:37:18-GMT  BuildTime: Aug  4 2022 06:17:15  BuildStamp: freesurfer-linux-ubuntu22_x86_64-7.3.2-20220804-6354275  User: oesteban  Machine: dna029  Platform: Linux  PlatformVersion: 5.14.0-427.37.1.el9_4.x86_64  CompilerName: GCC  CompilerVersion: 8.4.0
ProgramName: mris_thickness_diff  ProgramArguments: mris_thickness_diff -all-info  ProgramVersion: 7.3.2  TimeStamp: 2026/03/09-00:37:18-GMT  BuildTime: Aug  4 2022 06:17:15  BuildStamp: freesurfer-linux-ubuntu22_x86_64-7.3.2-20220804-6354275  User: oesteban  Machine: dna029  Platform: Linux  PlatformVersion: 5.14.0-427.37.1.el9_4.x86_64  CompilerName: GCC  CompilerVersion: 8.4.0
ProgramName: mris_topo_fixer  ProgramArguments: mris_topo_fixer -all-info  ProgramVersion: 7.3.2  TimeStamp: 2026/03/09-00:37:18-GMT  BuildTime: Aug  4 2022 06:17:15  BuildStamp: freesurfer-linux-ubuntu22_x86_64-7.3.2-20220804-6354275  User: oesteban  Machine: dna029  Platform: Linux  PlatformVersion: 5.14.0-427.37.1.el9_4.x86_64  CompilerName: GCC  CompilerVersion: 8.4.0
ProgramName: mri_surf2surf  ProgramArguments: mri_surf2surf -all-info  ProgramVersion: 7.3.2  TimeStamp: 2026/03/09-00:37:18-GMT  BuildTime: Aug  4 2022 06:17:15  BuildStamp: freesurfer-linux-ubuntu22_x86_64-7.3.2-20220804-6354275  User: oesteban  Machine: dna029  Platform: Linux  PlatformVersion: 5.14.0-427.37.1.el9_4.x86_64  CompilerName: GCC  CompilerVersion: 8.4.0
ProgramName: mri_surf2vol  ProgramArguments: mri_surf2vol -all-info  ProgramVersion: 7.3.2  TimeStamp: 2026/03/09-00:37:18-GMT  BuildTime: Aug  4 2022 06:17:15  BuildStamp: freesurfer-linux-ubuntu22_x86_64-7.3.2-20220804-6354275  User: oesteban  Machine: dna029  Platform: Linux  PlatformVersion: 5.14.0-427.37.1.el9_4.x86_64  CompilerName: GCC  CompilerVersion: 8.4.0
ProgramName: mri_surfcluster  ProgramArguments: mri_surfcluster -all-info  ProgramVersion: 7.3.2  TimeStamp: 2026/03/09-00:37:18-GMT  BuildTime: Aug  4 2022 06:17:15  BuildStamp: freesurfer-linux-ubuntu22_x86_64-7.3.2-20220804-6354275  User: oesteban  Machine: dna029  Platform: Linux  PlatformVersion: 5.14.0-427.37.1.el9_4.x86_64  CompilerName: GCC  CompilerVersion: 8.4.0
ProgramName: mris_volmask  ProgramArguments: mris_volmask -all-info  ProgramVersion: 7.3.2  TimeStamp: 2026/03/09-00:37:18-GMT  BuildTime: Aug  4 2022 06:17:15  BuildStamp: freesurfer-linux-ubuntu22_x86_64-7.3.2-20220804-6354275  User: oesteban  Machine: dna029  Platform: Linux  PlatformVersion: 5.14.0-427.37.1.el9_4.x86_64  CompilerName: GCC  CompilerVersion: 8.4.0
ProgramName: mri_tessellate  ProgramArguments: mri_tessellate -all-info  ProgramVersion: 7.3.2  TimeStamp: 2026/03/09-00:37:18-GMT  BuildTime: Aug  4 2022 06:17:15  BuildStamp: freesurfer-linux-ubuntu22_x86_64-7.3.2-20220804-6354275  User: oesteban  Machine: dna029  Platform: Linux  PlatformVersion: 5.14.0-427.37.1.el9_4.x86_64  CompilerName: GCC  CompilerVersion: 8.4.0
ProgramName: mri_vol2surf  ProgramArguments: mri_vol2surf -all-info  ProgramVersion: 7.3.2  TimeStamp: 2026/03/09-00:37:18-GMT  BuildTime: Aug  4 2022 06:17:15  BuildStamp: freesurfer-linux-ubuntu22_x86_64-7.3.2-20220804-6354275  User: oesteban  Machine: dna029  Platform: Linux  PlatformVersion: 5.14.0-427.37.1.el9_4.x86_64  CompilerName: GCC  CompilerVersion: 8.4.0
ProgramName: mri_vol2vol  ProgramArguments: mri_vol2vol -all-info  ProgramVersion: 7.3.2  TimeStamp: 2026/03/09-00:37:18-GMT  BuildTime: Aug  4 2022 06:17:15  BuildStamp: freesurfer-linux-ubuntu22_x86_64-7.3.2-20220804-6354275  User: oesteban  Machine: dna029  Platform: Linux  PlatformVersion: 5.14.0-427.37.1.el9_4.x86_64  CompilerName: GCC  CompilerVersion: 8.4.0
ProgramName: mri_voldiff  ProgramArguments: mri_voldiff -all-info  ProgramVersion: 7.3.2  TimeStamp: 2026/03/09-00:37:18-GMT  BuildTime: Aug  4 2022 06:17:15  BuildStamp: freesurfer-linux-ubuntu22_x86_64-7.3.2-20220804-6354275  User: oesteban  Machine: dna029  Platform: Linux  PlatformVersion: 5.14.0-427.37.1.el9_4.x86_64  CompilerName: GCC  CompilerVersion: 8.4.0
ProgramName: mri_watershed  ProgramArguments: mri_watershed -all-info  ProgramVersion: 7.3.2  TimeStamp: 2026/03/09-00:37:18-GMT  BuildTime: Aug  4 2022 06:17:15  BuildStamp: freesurfer-linux-ubuntu22_x86_64-7.3.2-20220804-6354275  User: oesteban  Machine: dna029  Platform: Linux  PlatformVersion: 5.14.0-427.37.1.el9_4.x86_64  CompilerName: GCC  CompilerVersion: 8.4.0
ProgramName: tkregister2  ProgramArguments: tkregister2_cmdl -all-info  ProgramVersion: 7.3.2  TimeStamp: 2026/03/09-00:37:18-GMT  BuildTime: Aug  4 2022 06:17:15  BuildStamp: freesurfer-linux-ubuntu22_x86_64-7.3.2-20220804-6354275  User: oesteban  Machine: dna029  Platform: Linux  PlatformVersion: 5.14.0-427.37.1.el9_4.x86_64  CompilerName: GCC  CompilerVersion: 8.4.0
mri_motion_correct.fsl 7.3.2
mri_convert -all-info 
ProgramName: mri_convert  ProgramArguments: mri_convert -all-info  ProgramVersion: 7.3.2  TimeStamp: 2026/03/09-00:37:18-GMT  BuildTime: Aug  4 2022 06:17:15  BuildStamp: freesurfer-linux-ubuntu22_x86_64-7.3.2-20220804-6354275  User: oesteban  Machine: dna029  Platform: Linux  PlatformVersion: 5.14.0-427.37.1.el9_4.x86_64  CompilerName: GCC  CompilerVersion: 8.4.0
Program nu_correct, built from:
Package MNI N3, version 1.12.0, compiled by nicks@terrier (x86_64-unknown-linux-gnu) on 2015-06-19 at 01:25:34
#######################################
GCADIR /opt/freesurfer/average
GCA RB_all_2020-01-02.gca
GCASkull RB_all_withskull_2020_01_02.gca
AvgCurvTif folding.atlas.acfb40.noaparc.i12.2016-08-02.tif
GCSDIR /opt/freesurfer/average
GCS DKaparc.atlas.acfb40.noaparc.i12.2016-08-02.gcs
#######################################
#--------------------------------------------
#@# AutoDetGWStats rh Mon Mar  9 01:37:18 CET 2026
cd /out/sourcedata/freesurfer/sub-v1s16x0051177_ses-1/mri
mris_autodet_gwstats --o ../surf/autodet.gw.stats.rh.dat --i brain.finalsurfs.mgz --wm wm.mgz --surf ../surf/rh.orig.premesh
  Update not needed
#--------------------------------------------
#@# WhitePreAparc rh Mon Mar  9 01:37:18 CET 2026
cd /out/sourcedata/freesurfer/sub-v1s16x0051177_ses-1/mri
mris_place_surface --adgws-in ../surf/autodet.gw.stats.rh.dat --wm wm.mgz --threads 16 --invol brain.finalsurfs.mgz --rh --i ../surf/rh.orig --o ../surf/rh.white.preaparc --white --seg aseg.presurf.mgz --nsmooth 5
   Update not needed
#--------------------------------------------
#@# CortexLabel rh Mon Mar  9 01:37:18 CET 2026
cd /out/sourcedata/freesurfer/sub-v1s16x0051177_ses-1/mri
mri_label2label --label-cortex ../surf/rh.white.preaparc aseg.presurf.mgz 0 ../label/rh.cortex.label
   Update not needed
#--------------------------------------------
#@# CortexLabel+HipAmyg rh Mon Mar  9 01:37:18 CET 2026
cd /out/sourcedata/freesurfer/sub-v1s16x0051177_ses-1/mri
mri_label2label --label-cortex ../surf/rh.white.preaparc aseg.presurf.mgz 1 ../label/rh.cortex+hipamyg.label
   Update not needed
#@# white curv rh Mon Mar  9 01:37:18 CET 2026
cd /out/sourcedata/freesurfer/sub-v1s16x0051177_ses-1/mri
mris_place_surface --curv-map ../surf/rh.white 2 10 ../surf/rh.curv
   Update not needed
#@# white area rh Mon Mar  9 01:37:18 CET 2026
cd /out/sourcedata/freesurfer/sub-v1s16x0051177_ses-1/mri
mris_place_surface --area-map ../surf/rh.white ../surf/rh.area
   Update not needed
#@# pial curv rh Mon Mar  9 01:37:18 CET 2026
cd /out/sourcedata/freesurfer/sub-v1s16x0051177_ses-1/mri
mris_place_surface --curv-map ../surf/rh.pial 2 10 ../surf/rh.curv.pial
   Update not needed
#@# pial area rh Mon Mar  9 01:37:18 CET 2026
cd /out/sourcedata/freesurfer/sub-v1s16x0051177_ses-1/mri
mris_place_surface --area-map ../surf/rh.pial ../surf/rh.area.pial
   Update not needed
#@# thickness rh Mon Mar  9 01:37:18 CET 2026
cd /out/sourcedata/freesurfer/sub-v1s16x0051177_ses-1/mri
mris_place_surface --thickness ../surf/rh.white ../surf/rh.pial 20 5 ../surf/rh.thickness
   Update not needed
#@# area and vertex vol rh Mon Mar  9 01:37:18 CET 2026
cd /out/sourcedata/freesurfer/sub-v1s16x0051177_ses-1/mri
mris_place_surface --thickness ../surf/rh.white ../surf/rh.pial 20 5 ../surf/rh.thickness
   Update not needed
#-----------------------------------------
#@# Parcellation Stats rh Mon Mar  9 01:37:18 CET 2026
/out/sourcedata/freesurfer/sub-v1s16x0051177_ses-1/scripts

 mris_anatomical_stats -th3 -mgz -noglobal -cortex ../label/rh.cortex.label -f ../stats/rh.aparc.stats -b -a ../label/rh.aparc.annot -c ../label/aparc.annot.ctab sub-v1s16x0051177_ses-1 rh white 

computing statistics for each annotation in ../label/rh.aparc.annot.
reading volume /out/sourcedata/freesurfer/sub-v1s16x0051177_ses-1/mri/wm.mgz...
reading input surface /out/sourcedata/freesurfer/sub-v1s16x0051177_ses-1/surf/rh.white...
reading input pial surface /out/sourcedata/freesurfer/sub-v1s16x0051177_ses-1/surf/rh.pial...
reading input white surface /out/sourcedata/freesurfer/sub-v1s16x0051177_ses-1/surf/rh.white...
INFO: using TH3 volume calc
INFO: assuming MGZ format for volumes.
INFO: not computing global stats
INFO: using ../label/rh.cortex.label as mask to calc cortex NumVert, SurfArea and MeanThickness.
Using TH3 vertex volume calc
Total face volume 251352
Total vertex volume 251127 (mask=0)
Saving annotation colortable ../label/aparc.annot.ctab

table columns are:
    number of vertices
    total surface area (mm^2)
    total gray matter volume (mm^3)
    average cortical thickness +- standard deviation (mm)
    integrated rectified mean curvature
    integrated rectified Gaussian curvature
    folding index
    intrinsic curvature index
    structure name

 1415    936   2527  2.797 0.567     0.086     0.013        6     0.8  bankssts
 1127    812   2476  2.526 0.889     0.116     0.017       12     0.9  caudalanteriorcingulate
 2939   1926   4259  1.976 0.650     0.095     0.021       22     2.3  caudalmiddlefrontal
 2231   1730   3480  1.911 0.643     0.147     0.030       29     3.1  cuneus
  610    450   1962  2.815 0.830     0.116     0.045        6     0.9  entorhinal
 5172   3550  11383  2.880 0.674     0.107     0.020       50     4.8  fusiform
 9055   6723  19856  2.606 0.711     0.123     0.025      108    10.1  inferiorparietal
 4852   3510  10845  2.630 0.778     0.120     0.026       62     5.2  inferiortemporal
 1431   1036   3931  2.914 0.923     0.122     0.034       16     2.3  isthmuscingulate
 7804   5385  14283  2.333 0.659     0.136     0.038      109    11.9  lateraloccipital
 3627   2764   8515  2.720 0.872     0.131     0.032       45     5.5  lateralorbitofrontal
 4746   3398   8421  2.250 0.893     0.126     0.030       46     5.8  lingual
 2940   2081   6201  2.605 0.878     0.137     0.036       44     4.4  medialorbitofrontal
 5085   3855  14946  3.057 0.773     0.124     0.028       58     6.3  middletemporal
 1253    802   2056  2.341 0.557     0.074     0.016        6     0.7  parahippocampal
 2713   1750   4932  2.407 0.678     0.098     0.018       18     2.1  paracentral
 1544   1098   2976  2.425 0.596     0.100     0.019       16     1.2  parsopercularis
 1308   1037   3839  2.771 0.963     0.140     0.034       18     2.1  parsorbitalis
 2171   1602   5218  2.664 0.771     0.103     0.018       22     1.7  parstriangularis
 2557   1712   2274  1.515 0.452     0.107     0.023       20     2.4  pericalcarine
 4915   3297   6227  1.693 0.656     0.110     0.027       51     5.1  postcentral
 1813   1318   4258  2.736 0.920     0.122     0.021       21     1.8  posteriorcingulate
 6848   4644  11526  2.207 0.636     0.105     0.020       59     5.7  precentral
 6627   4702  13916  2.665 0.732     0.118     0.022       64     6.4  precuneus
  891    696   2787  3.063 0.894     0.129     0.034       13     1.4  rostralanteriorcingulate
 6957   5130  13166  2.142 0.746     0.123     0.028       89     8.8  rostralmiddlefrontal
 9888   6944  21209  2.584 0.827     0.113     0.024       98     9.4  superiorfrontal
 8257   5887  13444  2.086 0.675     0.122     0.028       94     9.6  superiorparietal
 4883   3483  11603  2.933 0.747     0.110     0.024       45     5.0  superiortemporal
 4018   2858   6615  2.085 0.657     0.110     0.026       47     4.6  supramarginal
  466    298   1508  3.006 1.033     0.145     0.052        7     0.9  frontalpole
  569    496   2012  2.913 0.867     0.161     0.054       10     1.3  temporalpole
  489    338    957  2.426 0.603     0.125     0.028        5     0.5  transversetemporal
 3353   2273   7518  3.062 0.943     0.104     0.027       31     3.6  insula

 mris_anatomical_stats -th3 -mgz -noglobal -cortex ../label/rh.cortex.label -f ../stats/rh.aparc.pial.stats -b -a ../label/rh.aparc.annot -c ../label/aparc.annot.ctab sub-v1s16x0051177_ses-1 rh pial 

computing statistics for each annotation in ../label/rh.aparc.annot.
reading volume /out/sourcedata/freesurfer/sub-v1s16x0051177_ses-1/mri/wm.mgz...
reading input surface /out/sourcedata/freesurfer/sub-v1s16x0051177_ses-1/surf/rh.pial...
reading input pial surface /out/sourcedata/freesurfer/sub-v1s16x0051177_ses-1/surf/rh.pial...
reading input white surface /out/sourcedata/freesurfer/sub-v1s16x0051177_ses-1/surf/rh.white...
INFO: using TH3 volume calc
INFO: assuming MGZ format for volumes.
INFO: not computing global stats
INFO: using ../label/rh.cortex.label as mask to calc cortex NumVert, SurfArea and MeanThickness.
Using TH3 vertex volume calc
Total face volume 251352
Total vertex volume 251127 (mask=0)
Saving annotation colortable ../label/aparc.annot.ctab

table columns are:
    number of vertices
    total surface area (mm^2)
    total gray matter volume (mm^3)
    average cortical thickness +- standard deviation (mm)
    integrated rectified mean curvature
    integrated rectified Gaussian curvature
    folding index
    intrinsic curvature index
    structure name

 1415    872   2527  2.797 0.567     0.110     0.024       18     1.4  bankssts
 1127   1077   2476  2.526 0.889     0.171     0.050       31     2.1  caudalanteriorcingulate
 2939   2276   4259  1.976 0.650     0.136     0.031     9037     3.8  caudalmiddlefrontal
 2231   2170   3480  1.911 0.643     0.174     0.049      177     4.0  cuneus
  610    831   1962  2.815 0.830     0.285     0.073       18     2.3  entorhinal
 5172   4585  11383  2.880 0.674     0.153     0.037       97     8.8  fusiform
 9055   8540  19856  2.606 0.711     0.161     0.039      205    15.7  inferiorparietal
 4852   4726  10845  2.630 0.778     0.157     0.043      154     8.2  inferiortemporal
 1431   1645   3931  2.914 0.923     0.200     0.056       27     3.2  isthmuscingulate
 7804   6928  14283  2.333 0.659     0.150     0.039      179    12.3  lateraloccipital
 3627   3377   8515  2.720 0.872     0.181     0.048       90     7.5  lateralorbitofrontal
 4746   4262   8421  2.250 0.893     0.153     0.041       77     8.3  lingual
 2940   2783   6201  2.605 0.878     0.186     0.052      105     6.5  medialorbitofrontal
 5085   5804  14946  3.057 0.773     0.186     0.041       88     9.8  middletemporal
 1253   1029   2056  2.341 0.557     0.170     0.042       24     2.7  parahippocampal
 2713   2218   4932  2.407 0.678     0.134     0.031       32     3.7  paracentral
 1544   1351   2976  2.425 0.596     0.145     0.030       18     2.2  parsopercularis
 1308   1605   3839  2.771 0.963     0.220     0.048       22     3.2  parsorbitalis
 2171   2253   5218  2.664 0.771     0.160     0.034       38     3.3  parstriangularis
 2557   1494   2274  1.515 0.452     0.104     0.031       65     2.8  pericalcarine
 4915   4023   6227  1.693 0.656     0.134     0.033       55     6.5  postcentral
 1813   1720   4258  2.736 0.920     0.175     0.044       62     3.7  posteriorcingulate
 6848   5475  11526  2.207 0.636     0.130     0.030      118     8.4  precentral
 6627   5563  13916  2.665 0.732     0.148     0.037      125    10.9  precuneus
  891   1061   2787  3.063 0.894     0.220     0.075       31     2.1  rostralanteriorcingulate
 6957   6832  13166  2.142 0.746     0.172     0.038      117    12.6  rostralmiddlefrontal
 9888   8822  21209  2.584 0.827     0.611     0.044  100498919    15.9  superiorfrontal
 8257   7027  13444  2.086 0.675     0.144     0.033      113    11.7  superiorparietal
 4883   4478  11603  2.933 0.747     0.165     0.044      153     9.0  superiortemporal
 4018   3477   6615  2.085 0.657     0.148     0.035       87     6.1  supramarginal
  466    712   1508  3.006 1.033     0.233     0.046        6     1.2  frontalpole
  569    908   2012  2.913 0.867     0.281     0.064       19     1.6  temporalpole
  489    502    957  2.426 0.603     0.157     0.039        5     0.8  transversetemporal
 3353   2403   7518  3.062 0.943     0.164     0.053       92     7.9  insula
#-----------------------------------------
#@# Parcellation Stats 2 rh Mon Mar  9 01:37:36 CET 2026
/out/sourcedata/freesurfer/sub-v1s16x0051177_ses-1/scripts

 mris_anatomical_stats -th3 -mgz -noglobal -cortex ../label/rh.cortex.label -f ../stats/rh.aparc.a2009s.stats -b -a ../label/rh.aparc.a2009s.annot -c ../label/aparc.annot.a2009s.ctab sub-v1s16x0051177_ses-1 rh white 

computing statistics for each annotation in ../label/rh.aparc.a2009s.annot.
reading volume /out/sourcedata/freesurfer/sub-v1s16x0051177_ses-1/mri/wm.mgz...
reading input surface /out/sourcedata/freesurfer/sub-v1s16x0051177_ses-1/surf/rh.white...
reading input pial surface /out/sourcedata/freesurfer/sub-v1s16x0051177_ses-1/surf/rh.pial...
reading input white surface /out/sourcedata/freesurfer/sub-v1s16x0051177_ses-1/surf/rh.white...
INFO: using TH3 volume calc
INFO: assuming MGZ format for volumes.
INFO: not computing global stats
INFO: using ../label/rh.cortex.label as mask to calc cortex NumVert, SurfArea and MeanThickness.
Using TH3 vertex volume calc
Total face volume 251352
Total vertex volume 251127 (mask=0)
Saving annotation colortable ../label/aparc.annot.a2009s.ctab

table columns are:
    number of vertices
    total surface area (mm^2)
    total gray matter volume (mm^3)
    average cortical thickness +- standard deviation (mm)
    integrated rectified mean curvature
    integrated rectified Gaussian curvature
    folding index
    intrinsic curvature index
    structure name

  737    543   1931  2.762 0.747     0.114     0.028        8     0.8  G_and_S_frontomargin
 1323    934   2722  2.607 0.456     0.112     0.023       10     1.3  G_and_S_occipital_inf
 1477    906   2265  2.047 0.736     0.109     0.026       13     1.5  G_and_S_paracentral
 1316    984   2819  2.494 0.636     0.136     0.030       17     1.5  G_and_S_subcentral
 1066    834   3183  2.819 0.859     0.160     0.049       20     2.5  G_and_S_transv_frontopol
 2840   2045   6787  3.087 0.611     0.108     0.023       25     2.9  G_and_S_cingul-Ant
 1468   1025   3271  2.689 0.827     0.101     0.016       11     1.0  G_and_S_cingul-Mid-Ant
 1402    998   3137  2.823 0.645     0.112     0.022       14     1.4  G_and_S_cingul-Mid-Post
  485    372   2123  3.637 0.649     0.146     0.030        7     0.7  G_cingul-Post-dorsal
  330    244   1235  3.197 0.657     0.131     0.035        6     0.4  G_cingul-Post-ventral
 2058   1635   3205  1.772 0.641     0.155     0.032       30     3.0  G_cuneus
 1103    875   3169  2.650 0.635     0.120     0.026       18     1.3  G_front_inf-Opercular
  391    346   1589  3.219 0.574     0.154     0.034        8     0.5  G_front_inf-Orbital
  714    567   2363  2.956 0.712     0.120     0.023       10     0.7  G_front_inf-Triangul
 3422   2494   7020  2.122 0.685     0.132     0.037       59     5.3  G_front_middle
 6479   4685  16787  2.619 0.930     0.131     0.032       91     7.7  G_front_sup
  474    332   1519  3.943 0.712     0.104     0.030        3     0.4  G_Ins_lg_and_S_cent_ins
  467    365   2236  3.673 0.735     0.141     0.031        5     0.7  G_insular_short
 2316   1761   7060  2.894 0.747     0.147     0.042       39     4.0  G_occipital_middle
 1719   1318   3821  2.378 0.670     0.147     0.037       24     2.4  G_occipital_sup
 2542   1804   6488  2.946 0.681     0.122     0.025       35     2.8  G_oc-temp_lat-fusifor
 2690   2003   4823  1.954 0.893     0.138     0.034       30     3.7  G_oc-temp_med-Lingual
 1474    993   3262  2.472 0.777     0.105     0.036       15     1.7  G_oc-temp_med-Parahip
 2485   2029   8521  3.059 0.920     0.149     0.038       44     4.4  G_orbital
 3357   2705   8883  2.490 0.748     0.150     0.036       61     5.1  G_pariet_inf-Angular
 1832   1349   3570  2.099 0.700     0.128     0.035       35     3.0  G_pariet_inf-Supramar
 2620   1884   4083  1.780 0.643     0.127     0.034       39     3.7  G_parietal_sup
 1666   1098   1910  1.438 0.438     0.110     0.035       21     2.3  G_postcentral
 2287   1591   4768  2.252 0.700     0.117     0.028       29     2.5  G_precentral
 2814   2154   8065  2.716 0.825     0.142     0.029       44     3.7  G_precuneus
  886    647   1997  2.113 0.862     0.170     0.053       20     2.1  G_rectus
  535    326    737  2.206 0.894     0.087     0.038        4     0.5  G_subcallosal
  402    267    892  2.498 0.620     0.127     0.029        5     0.4  G_temp_sup-G_T_transv
 1525   1193   5222  3.180 0.761     0.145     0.035       23     2.3  G_temp_sup-Lateral
  705    491   1353  2.469 0.839     0.116     0.043        7     1.2  G_temp_sup-Plan_polar
  647    446   1241  2.397 0.699     0.064     0.010        2     0.3  G_temp_sup-Plan_tempo
 2380   1841   6876  2.644 0.919     0.137     0.033       43     3.2  G_temporal_inf
 2953   2359  10507  3.127 0.826     0.143     0.036       47     4.6  G_temporal_middle
  430    290    778  2.607 0.574     0.070     0.008        1     0.2  Lat_Fis-ant-Horizont
  271    178    373  2.474 0.760     0.074     0.008        1     0.1  Lat_Fis-ant-Vertical
 1309    855   1884  2.528 0.687     0.098     0.015        7     0.9  Lat_Fis-post
 3687   2485   5621  1.970 0.619     0.142     0.043       62     6.4  Pole_occipital
 1472   1286   4926  2.727 0.852     0.168     0.053       24     3.1  Pole_temporal
 2797   1878   3579  2.267 1.087     0.111     0.023       21     2.8  S_calcarine
 2584   1645   2585  1.801 0.523     0.089     0.013       12     1.4  S_central
 1409    917   2073  2.536 0.662     0.083     0.013        6     0.7  S_cingul-Marginalis
  693    451   1122  3.076 0.510     0.078     0.013        2     0.4  S_circular_insula_ant
 1238    831   1998  2.841 0.763     0.090     0.022       13     1.5  S_circular_insula_inf
 1315    842   1991  3.028 0.585     0.086     0.016        5     0.9  S_circular_insula_sup
  913    604   1630  2.845 0.748     0.101     0.019        7     0.9  S_collat_transv_ant
  444    306    598  2.278 0.511     0.134     0.021        3     0.5  S_collat_transv_post
 1894   1277   2386  1.860 0.517     0.094     0.016       12     1.3  S_front_inf
 1824   1285   2175  1.725 0.485     0.108     0.018       14     1.6  S_front_middle
 2464   1613   3560  2.354 0.611     0.079     0.012        8     1.3  S_front_sup
  282    198    348  1.931 0.413     0.110     0.021        1     0.3  S_interm_prim-Jensen
 3755   2551   5397  2.312 0.575     0.103     0.019       25     3.1  S_intrapariet_and_P_trans
  860    571   1413  2.441 0.565     0.117     0.028        7     0.9  S_oc_middle_and_Lunatus
 1633   1165   2716  2.482 0.488     0.118     0.025       15     1.9  S_oc_sup_and_transversal
  630    434   1213  2.599 0.573     0.070     0.008        2     0.2  S_occipital_ant
 1331    857   1917  2.674 0.469     0.075     0.009        5     0.5  S_oc-temp_lat
 3159   2018   4659  2.511 0.623     0.085     0.013       15     1.7  S_oc-temp_med_and_Lingual
  422    305    526  1.728 0.407     0.110     0.015        2     0.3  S_orbital_lateral
  843    691   1075  2.027 0.652     0.159     0.045       12     1.8  S_orbital_med-olfact
 1457   1026   2711  2.400 0.829     0.113     0.024       13     1.8  S_orbital-H_Shaped
 2743   1834   4094  2.414 0.636     0.108     0.017       20     2.2  S_parieto_occipital
 1660   1117   2027  1.968 0.681     0.110     0.022       18     2.0  S_pericallosal
 2054   1397   2361  1.661 0.506     0.105     0.021       17     1.9  S_postcentral
 1740   1168   2362  2.105 0.600     0.088     0.013       10     0.9  S_precentral-inf-part
 1524    988   1925  2.023 0.609     0.091     0.013        8     0.9  S_precentral-sup-part
  377    266    693  2.760 0.560     0.129     0.016        3     0.4  S_suborbital
 1416    984   2267  2.480 0.443     0.110     0.019        9     1.2  S_subparietal
 1446   1011   2546  2.741 0.665     0.110     0.018       10     1.2  S_temporal_inf
 6851   4578  11720  2.804 0.686     0.091     0.014       38     4.6  S_temporal_sup
  240    180    440  2.744 0.642     0.145     0.015        3     0.2  S_temporal_transverse
#-----------------------------------------
#@# Parcellation Stats 3 rh Mon Mar  9 01:37:45 CET 2026
/out/sourcedata/freesurfer/sub-v1s16x0051177_ses-1/scripts

 mris_anatomical_stats -th3 -mgz -noglobal -cortex ../label/rh.cortex.label -f ../stats/rh.aparc.DKTatlas.stats -b -a ../label/rh.aparc.DKTatlas.annot -c ../label/aparc.annot.DKTatlas.ctab sub-v1s16x0051177_ses-1 rh white 

computing statistics for each annotation in ../label/rh.aparc.DKTatlas.annot.
reading volume /out/sourcedata/freesurfer/sub-v1s16x0051177_ses-1/mri/wm.mgz...
reading input surface /out/sourcedata/freesurfer/sub-v1s16x0051177_ses-1/surf/rh.white...
reading input pial surface /out/sourcedata/freesurfer/sub-v1s16x0051177_ses-1/surf/rh.pial...
reading input white surface /out/sourcedata/freesurfer/sub-v1s16x0051177_ses-1/surf/rh.white...
INFO: using TH3 volume calc
INFO: assuming MGZ format for volumes.
INFO: not computing global stats
INFO: using ../label/rh.cortex.label as mask to calc cortex NumVert, SurfArea and MeanThickness.
Using TH3 vertex volume calc
Total face volume 251352
Total vertex volume 251127 (mask=0)
Saving annotation colortable ../label/aparc.annot.DKTatlas.ctab

table columns are:
    number of vertices
    total surface area (mm^2)
    total gray matter volume (mm^3)
    average cortical thickness +- standard deviation (mm)
    integrated rectified mean curvature
    integrated rectified Gaussian curvature
    folding index
    intrinsic curvature index
    structure name

 1296    931   3003  2.586 0.896     0.117     0.017       15     1.1  caudalanteriorcingulate
 3069   2011   4429  1.978 0.646     0.095     0.021       23     2.4  caudalmiddlefrontal
 2864   2186   4653  1.971 0.661     0.150     0.031       38     4.1  cuneus
  517    362   1583  2.843 0.777     0.106     0.044        5     0.6  entorhinal
 4844   3307  10605  2.903 0.653     0.103     0.019       45     4.1  fusiform
 8929   6644  19637  2.598 0.711     0.124     0.025      108    10.1  inferiorparietal
 5183   3760  11498  2.604 0.763     0.121     0.026       64     5.7  inferiortemporal
 1424   1029   3879  2.935 0.915     0.121     0.032       15     2.2  isthmuscingulate
 7708   5321  14042  2.326 0.656     0.136     0.038      109    11.8  lateraloccipital
 4123   3145   9837  2.671 0.919     0.136     0.035       55     6.4  lateralorbitofrontal
 4677   3361   8308  2.243 0.886     0.127     0.030       46     5.9  lingual
 2311   1621   4816  2.407 0.930     0.143     0.040       38     3.8  medialorbitofrontal
 6277   4683  17429  3.025 0.747     0.121     0.026       68     7.3  middletemporal
 1356    868   2211  2.334 0.566     0.078     0.018        7     0.9  parahippocampal
 2833   1838   5320  2.431 0.699     0.100     0.018       20     2.2  paracentral
 1809   1276   3365  2.399 0.611     0.099     0.019       18     1.4  parsopercularis
 1179    904   2999  2.703 0.808     0.110     0.023       13     1.3  parsorbitalis
 2074   1548   4959  2.612 0.788     0.108     0.019       21     1.7  parstriangularis
 2539   1691   2242  1.514 0.441     0.104     0.022       19     2.2  pericalcarine
 5403   3624   6818  1.692 0.640     0.111     0.027       55     5.8  postcentral
 1910   1377   4384  2.744 0.906     0.121     0.023       23     2.0  posteriorcingulate
 6417   4354  10979  2.236 0.633     0.105     0.021       57     5.4  precentral
 6712   4822  14332  2.656 0.743     0.120     0.022       69     6.8  precuneus
 1138    853   3117  3.021 0.860     0.124     0.031       14     1.6  rostralanteriorcingulate
 5174   3797   9824  2.091 0.762     0.123     0.028       66     6.4  rostralmiddlefrontal
12422   8801  26484  2.549 0.823     0.115     0.026      131    13.2  superiorfrontal
 6969   4931  11093  2.080 0.678     0.118     0.028       76     7.9  superiorparietal
 6284   4535  15093  2.900 0.749     0.112     0.026       58     7.0  superiortemporal
 3917   2762   6457  2.109 0.670     0.108     0.025       46     4.2  supramarginal
  497    347    983  2.470 0.647     0.128     0.028        6     0.5  transversetemporal
 2699   1836   6749  3.387 0.770     0.100     0.024       23     2.8  insula
/out/sourcedata/freesurfer/sub-v1s16x0051177_ses-1/label
#--------------------------------------------
#@# BA_exvivo Labels rh Mon Mar  9 01:37:53 CET 2026

 mri_label2label --srcsubject fsaverage --srclabel /out/sourcedata/freesurfer/fsaverage/label/rh.BA1_exvivo.label --trgsubject sub-v1s16x0051177_ses-1 --trglabel ./rh.BA1_exvivo.label --hemi rh --regmethod surface 


srclabel = /out/sourcedata/freesurfer/fsaverage/label/rh.BA1_exvivo.label
srcsubject = fsaverage
trgsubject = sub-v1s16x0051177_ses-1
trglabel = ./rh.BA1_exvivo.label
regmethod = surface

srchemi = rh
trghemi = rh
trgsurface = white
srcsurfreg = sphere.reg
trgsurfreg = sphere.reg
usehash = 1
Use ProjAbs  = 0, 0
Use ProjFrac = 0, 0
DoPaint 0

SUBJECTS_DIR    /out/sourcedata/freesurfer
FREESURFER_HOME /opt/freesurfer
Loading source label.
Found 3962 points in source label.
Starting surface-based mapping
Reading source registration 
 /out/sourcedata/freesurfer/fsaverage/surf/rh.sphere.reg
Rescaling ...  original radius = 100
Reading target surface 
 /out/sourcedata/freesurfer/sub-v1s16x0051177_ses-1/surf/rh.white
Reading target registration 
 /out/sourcedata/freesurfer/sub-v1s16x0051177_ses-1/surf/rh.sphere.reg
Rescaling ...  original radius = 100
Building target registration hash (res=16).
Building source registration hash (res=16).
INFO: found  3962 nlabel points
Performing mapping from target back to the source label 131919
Number of reverse mapping hits = 87
Checking for and removing duplicates
Writing label file ./rh.BA1_exvivo.label 4049
mri_label2label: Done


 mri_label2label --srcsubject fsaverage --srclabel /out/sourcedata/freesurfer/fsaverage/label/rh.BA2_exvivo.label --trgsubject sub-v1s16x0051177_ses-1 --trglabel ./rh.BA2_exvivo.label --hemi rh --regmethod surface 


srclabel = /out/sourcedata/freesurfer/fsaverage/label/rh.BA2_exvivo.label
srcsubject = fsaverage
trgsubject = sub-v1s16x0051177_ses-1
trglabel = ./rh.BA2_exvivo.label
regmethod = surface

srchemi = rh
trghemi = rh
trgsurface = white
srcsurfreg = sphere.reg
trgsurfreg = sphere.reg
usehash = 1
Use ProjAbs  = 0, 0
Use ProjFrac = 0, 0
DoPaint 0

SUBJECTS_DIR    /out/sourcedata/freesurfer
FREESURFER_HOME /opt/freesurfer
Loading source label.
Found 6687 points in source label.
Starting surface-based mapping
Reading source registration 
 /out/sourcedata/freesurfer/fsaverage/surf/rh.sphere.reg
Rescaling ...  original radius = 100
Reading target surface 
 /out/sourcedata/freesurfer/sub-v1s16x0051177_ses-1/surf/rh.white
Reading target registration 
 /out/sourcedata/freesurfer/sub-v1s16x0051177_ses-1/surf/rh.sphere.reg
Rescaling ...  original radius = 100
Building target registration hash (res=16).
Building source registration hash (res=16).
INFO: found  6687 nlabel points
Performing mapping from target back to the source label 131919
Number of reverse mapping hits = 84
Checking for and removing duplicates
Writing label file ./rh.BA2_exvivo.label 6771
mri_label2label: Done


 mri_label2label --srcsubject fsaverage --srclabel /out/sourcedata/freesurfer/fsaverage/label/rh.BA3a_exvivo.label --trgsubject sub-v1s16x0051177_ses-1 --trglabel ./rh.BA3a_exvivo.label --hemi rh --regmethod surface 


srclabel = /out/sourcedata/freesurfer/fsaverage/label/rh.BA3a_exvivo.label
srcsubject = fsaverage
trgsubject = sub-v1s16x0051177_ses-1
trglabel = ./rh.BA3a_exvivo.label
regmethod = surface

srchemi = rh
trghemi = rh
trgsurface = white
srcsurfreg = sphere.reg
trgsurfreg = sphere.reg
usehash = 1
Use ProjAbs  = 0, 0
Use ProjFrac = 0, 0
DoPaint 0

SUBJECTS_DIR    /out/sourcedata/freesurfer
FREESURFER_HOME /opt/freesurfer
Loading source label.
Found 3980 points in source label.
Starting surface-based mapping
Reading source registration 
 /out/sourcedata/freesurfer/fsaverage/surf/rh.sphere.reg
Rescaling ...  original radius = 100
Reading target surface 
 /out/sourcedata/freesurfer/sub-v1s16x0051177_ses-1/surf/rh.white
Reading target registration 
 /out/sourcedata/freesurfer/sub-v1s16x0051177_ses-1/surf/rh.sphere.reg
Rescaling ...  original radius = 100
Building target registration hash (res=16).
Building source registration hash (res=16).
INFO: found  3980 nlabel points
Performing mapping from target back to the source label 131919
Number of reverse mapping hits = 18
Checking for and removing duplicates
Writing label file ./rh.BA3a_exvivo.label 3998
mri_label2label: Done


 mri_label2label --srcsubject fsaverage --srclabel /out/sourcedata/freesurfer/fsaverage/label/rh.BA3b_exvivo.label --trgsubject sub-v1s16x0051177_ses-1 --trglabel ./rh.BA3b_exvivo.label --hemi rh --regmethod surface 


srclabel = /out/sourcedata/freesurfer/fsaverage/label/rh.BA3b_exvivo.label
srcsubject = fsaverage
trgsubject = sub-v1s16x0051177_ses-1
trglabel = ./rh.BA3b_exvivo.label
regmethod = surface

srchemi = rh
trghemi = rh
trgsurface = white
srcsurfreg = sphere.reg
trgsurfreg = sphere.reg
usehash = 1
Use ProjAbs  = 0, 0
Use ProjFrac = 0, 0
DoPaint 0

SUBJECTS_DIR    /out/sourcedata/freesurfer
FREESURFER_HOME /opt/freesurfer
Loading source label.
Found 4522 points in source label.
Starting surface-based mapping
Reading source registration 
 /out/sourcedata/freesurfer/fsaverage/surf/rh.sphere.reg
Rescaling ...  original radius = 100
Reading target surface 
 /out/sourcedata/freesurfer/sub-v1s16x0051177_ses-1/surf/rh.white
Reading target registration 
 /out/sourcedata/freesurfer/sub-v1s16x0051177_ses-1/surf/rh.sphere.reg
Rescaling ...  original radius = 100
Building target registration hash (res=16).
Building source registration hash (res=16).
INFO: found  4522 nlabel points
Performing mapping from target back to the source label 131919
Number of reverse mapping hits = 85
Checking for and removing duplicates
Writing label file ./rh.BA3b_exvivo.label 4607
mri_label2label: Done


 mri_label2label --srcsubject fsaverage --srclabel /out/sourcedata/freesurfer/fsaverage/label/rh.BA4a_exvivo.label --trgsubject sub-v1s16x0051177_ses-1 --trglabel ./rh.BA4a_exvivo.label --hemi rh --regmethod surface 


srclabel = /out/sourcedata/freesurfer/fsaverage/label/rh.BA4a_exvivo.label
srcsubject = fsaverage
trgsubject = sub-v1s16x0051177_ses-1
trglabel = ./rh.BA4a_exvivo.label
regmethod = surface

srchemi = rh
trghemi = rh
trgsurface = white
srcsurfreg = sphere.reg
trgsurfreg = sphere.reg
usehash = 1
Use ProjAbs  = 0, 0
Use ProjFrac = 0, 0
DoPaint 0

SUBJECTS_DIR    /out/sourcedata/freesurfer
FREESURFER_HOME /opt/freesurfer
Loading source label.
Found 5747 points in source label.
Starting surface-based mapping
Reading source registration 
 /out/sourcedata/freesurfer/fsaverage/surf/rh.sphere.reg
Rescaling ...  original radius = 100
Reading target surface 
 /out/sourcedata/freesurfer/sub-v1s16x0051177_ses-1/surf/rh.white
Reading target registration 
 /out/sourcedata/freesurfer/sub-v1s16x0051177_ses-1/surf/rh.sphere.reg
Rescaling ...  original radius = 100
Building target registration hash (res=16).
Building source registration hash (res=16).
INFO: found  5747 nlabel points
Performing mapping from target back to the source label 131919
Number of reverse mapping hits = 210
Checking for and removing duplicates
Writing label file ./rh.BA4a_exvivo.label 5957
mri_label2label: Done


 mri_label2label --srcsubject fsaverage --srclabel /out/sourcedata/freesurfer/fsaverage/label/rh.BA4p_exvivo.label --trgsubject sub-v1s16x0051177_ses-1 --trglabel ./rh.BA4p_exvivo.label --hemi rh --regmethod surface 


srclabel = /out/sourcedata/freesurfer/fsaverage/label/rh.BA4p_exvivo.label
srcsubject = fsaverage
trgsubject = sub-v1s16x0051177_ses-1
trglabel = ./rh.BA4p_exvivo.label
regmethod = surface

srchemi = rh
trghemi = rh
trgsurface = white
srcsurfreg = sphere.reg
trgsurfreg = sphere.reg
usehash = 1
Use ProjAbs  = 0, 0
Use ProjFrac = 0, 0
DoPaint 0

SUBJECTS_DIR    /out/sourcedata/freesurfer
FREESURFER_HOME /opt/freesurfer
Loading source label.
Found 4473 points in source label.
Starting surface-based mapping
Reading source registration 
 /out/sourcedata/freesurfer/fsaverage/surf/rh.sphere.reg
Rescaling ...  original radius = 100
Reading target surface 
 /out/sourcedata/freesurfer/sub-v1s16x0051177_ses-1/surf/rh.white
Reading target registration 
 /out/sourcedata/freesurfer/sub-v1s16x0051177_ses-1/surf/rh.sphere.reg
Rescaling ...  original radius = 100
Building target registration hash (res=16).
Building source registration hash (res=16).
INFO: found  4473 nlabel points
Performing mapping from target back to the source label 131919
Number of reverse mapping hits = 56
Checking for and removing duplicates
Writing label file ./rh.BA4p_exvivo.label 4529
mri_label2label: Done


 mri_label2label --srcsubject fsaverage --srclabel /out/sourcedata/freesurfer/fsaverage/label/rh.BA6_exvivo.label --trgsubject sub-v1s16x0051177_ses-1 --trglabel ./rh.BA6_exvivo.label --hemi rh --regmethod surface 


srclabel = /out/sourcedata/freesurfer/fsaverage/label/rh.BA6_exvivo.label
srcsubject = fsaverage
trgsubject = sub-v1s16x0051177_ses-1
trglabel = ./rh.BA6_exvivo.label
regmethod = surface

srchemi = rh
trghemi = rh
trgsurface = white
srcsurfreg = sphere.reg
trgsurfreg = sphere.reg
usehash = 1
Use ProjAbs  = 0, 0
Use ProjFrac = 0, 0
DoPaint 0

SUBJECTS_DIR    /out/sourcedata/freesurfer
FREESURFER_HOME /opt/freesurfer
Loading source label.
Found 12256 points in source label.
Starting surface-based mapping
Reading source registration 
 /out/sourcedata/freesurfer/fsaverage/surf/rh.sphere.reg
Rescaling ...  original radius = 100
Reading target surface 
 /out/sourcedata/freesurfer/sub-v1s16x0051177_ses-1/surf/rh.white
Reading target registration 
 /out/sourcedata/freesurfer/sub-v1s16x0051177_ses-1/surf/rh.sphere.reg
Rescaling ...  original radius = 100
Building target registration hash (res=16).
Building source registration hash (res=16).
INFO: found  12256 nlabel points
Performing mapping from target back to the source label 131919
Number of reverse mapping hits = 515
Checking for and removing duplicates
Writing label file ./rh.BA6_exvivo.label 12771
mri_label2label: Done


 mri_label2label --srcsubject fsaverage --srclabel /out/sourcedata/freesurfer/fsaverage/label/rh.BA44_exvivo.label --trgsubject sub-v1s16x0051177_ses-1 --trglabel ./rh.BA44_exvivo.label --hemi rh --regmethod surface 


srclabel = /out/sourcedata/freesurfer/fsaverage/label/rh.BA44_exvivo.label
srcsubject = fsaverage
trgsubject = sub-v1s16x0051177_ses-1
trglabel = ./rh.BA44_exvivo.label
regmethod = surface

srchemi = rh
trghemi = rh
trgsurface = white
srcsurfreg = sphere.reg
trgsurfreg = sphere.reg
usehash = 1
Use ProjAbs  = 0, 0
Use ProjFrac = 0, 0
DoPaint 0

SUBJECTS_DIR    /out/sourcedata/freesurfer
FREESURFER_HOME /opt/freesurfer
Loading source label.
Found 6912 points in source label.
Starting surface-based mapping
Reading source registration 
 /out/sourcedata/freesurfer/fsaverage/surf/rh.sphere.reg
Rescaling ...  original radius = 100
Reading target surface 
 /out/sourcedata/freesurfer/sub-v1s16x0051177_ses-1/surf/rh.white
Reading target registration 
 /out/sourcedata/freesurfer/sub-v1s16x0051177_ses-1/surf/rh.sphere.reg
Rescaling ...  original radius = 100
Building target registration hash (res=16).
Building source registration hash (res=16).
INFO: found  6912 nlabel points
Performing mapping from target back to the source label 131919
Number of reverse mapping hits = 204
Checking for and removing duplicates
Writing label file ./rh.BA44_exvivo.label 7116
mri_label2label: Done


 mri_label2label --srcsubject fsaverage --srclabel /out/sourcedata/freesurfer/fsaverage/label/rh.BA45_exvivo.label --trgsubject sub-v1s16x0051177_ses-1 --trglabel ./rh.BA45_exvivo.label --hemi rh --regmethod surface 


srclabel = /out/sourcedata/freesurfer/fsaverage/label/rh.BA45_exvivo.label
srcsubject = fsaverage
trgsubject = sub-v1s16x0051177_ses-1
trglabel = ./rh.BA45_exvivo.label
regmethod = surface

srchemi = rh
trghemi = rh
trgsurface = white
srcsurfreg = sphere.reg
trgsurfreg = sphere.reg
usehash = 1
Use ProjAbs  = 0, 0
Use ProjFrac = 0, 0
DoPaint 0

SUBJECTS_DIR    /out/sourcedata/freesurfer
FREESURFER_HOME /opt/freesurfer
Loading source label.
Found 5355 points in source label.
Starting surface-based mapping
Reading source registration 
 /out/sourcedata/freesurfer/fsaverage/surf/rh.sphere.reg
Rescaling ...  original radius = 100
Reading target surface 
 /out/sourcedata/freesurfer/sub-v1s16x0051177_ses-1/surf/rh.white
Reading target registration 
 /out/sourcedata/freesurfer/sub-v1s16x0051177_ses-1/surf/rh.sphere.reg
Rescaling ...  original radius = 100
Building target registration hash (res=16).
Building source registration hash (res=16).
INFO: found  5355 nlabel points
Performing mapping from target back to the source label 131919
Number of reverse mapping hits = 506
Checking for and removing duplicates
Writing label file ./rh.BA45_exvivo.label 5861
mri_label2label: Done


 mri_label2label --srcsubject fsaverage --srclabel /out/sourcedata/freesurfer/fsaverage/label/rh.V1_exvivo.label --trgsubject sub-v1s16x0051177_ses-1 --trglabel ./rh.V1_exvivo.label --hemi rh --regmethod surface 


srclabel = /out/sourcedata/freesurfer/fsaverage/label/rh.V1_exvivo.label
srcsubject = fsaverage
trgsubject = sub-v1s16x0051177_ses-1
trglabel = ./rh.V1_exvivo.label
regmethod = surface

srchemi = rh
trghemi = rh
trgsurface = white
srcsurfreg = sphere.reg
trgsurfreg = sphere.reg
usehash = 1
Use ProjAbs  = 0, 0
Use ProjFrac = 0, 0
DoPaint 0

SUBJECTS_DIR    /out/sourcedata/freesurfer
FREESURFER_HOME /opt/freesurfer
Loading source label.
Found 4727 points in source label.
Starting surface-based mapping
Reading source registration 
 /out/sourcedata/freesurfer/fsaverage/surf/rh.sphere.reg
Rescaling ...  original radius = 100
Reading target surface 
 /out/sourcedata/freesurfer/sub-v1s16x0051177_ses-1/surf/rh.white
Reading target registration 
 /out/sourcedata/freesurfer/sub-v1s16x0051177_ses-1/surf/rh.sphere.reg
Rescaling ...  original radius = 100
Building target registration hash (res=16).
Building source registration hash (res=16).
INFO: found  4727 nlabel points
Performing mapping from target back to the source label 131919
Number of reverse mapping hits = 1673
Checking for and removing duplicates
Writing label file ./rh.V1_exvivo.label 6400
mri_label2label: Done


 mri_label2label --srcsubject fsaverage --srclabel /out/sourcedata/freesurfer/fsaverage/label/rh.V2_exvivo.label --trgsubject sub-v1s16x0051177_ses-1 --trglabel ./rh.V2_exvivo.label --hemi rh --regmethod surface 


srclabel = /out/sourcedata/freesurfer/fsaverage/label/rh.V2_exvivo.label
srcsubject = fsaverage
trgsubject = sub-v1s16x0051177_ses-1
trglabel = ./rh.V2_exvivo.label
regmethod = surface

srchemi = rh
trghemi = rh
trgsurface = white
srcsurfreg = sphere.reg
trgsurfreg = sphere.reg
usehash = 1
Use ProjAbs  = 0, 0
Use ProjFrac = 0, 0
DoPaint 0

SUBJECTS_DIR    /out/sourcedata/freesurfer
FREESURFER_HOME /opt/freesurfer
Loading source label.
Found 8016 points in source label.
Starting surface-based mapping
Reading source registration 
 /out/sourcedata/freesurfer/fsaverage/surf/rh.sphere.reg
Rescaling ...  original radius = 100
Reading target surface 
 /out/sourcedata/freesurfer/sub-v1s16x0051177_ses-1/surf/rh.white
Reading target registration 
 /out/sourcedata/freesurfer/sub-v1s16x0051177_ses-1/surf/rh.sphere.reg
Rescaling ...  original radius = 100
Building target registration hash (res=16).
Building source registration hash (res=16).
INFO: found  8016 nlabel points
Performing mapping from target back to the source label 131919
Number of reverse mapping hits = 2463
Checking for and removing duplicates
Writing label file ./rh.V2_exvivo.label 10479
mri_label2label: Done


 mri_label2label --srcsubject fsaverage --srclabel /out/sourcedata/freesurfer/fsaverage/label/rh.MT_exvivo.label --trgsubject sub-v1s16x0051177_ses-1 --trglabel ./rh.MT_exvivo.label --hemi rh --regmethod surface 


srclabel = /out/sourcedata/freesurfer/fsaverage/label/rh.MT_exvivo.label
srcsubject = fsaverage
trgsubject = sub-v1s16x0051177_ses-1
trglabel = ./rh.MT_exvivo.label
regmethod = surface

srchemi = rh
trghemi = rh
trgsurface = white
srcsurfreg = sphere.reg
trgsurfreg = sphere.reg
usehash = 1
Use ProjAbs  = 0, 0
Use ProjFrac = 0, 0
DoPaint 0

SUBJECTS_DIR    /out/sourcedata/freesurfer
FREESURFER_HOME /opt/freesurfer
Loading source label.
Found 1932 points in source label.
Starting surface-based mapping
Reading source registration 
 /out/sourcedata/freesurfer/fsaverage/surf/rh.sphere.reg
Rescaling ...  original radius = 100
Reading target surface 
 /out/sourcedata/freesurfer/sub-v1s16x0051177_ses-1/surf/rh.white
Reading target registration 
 /out/sourcedata/freesurfer/sub-v1s16x0051177_ses-1/surf/rh.sphere.reg
Rescaling ...  original radius = 100
Building target registration hash (res=16).
Building source registration hash (res=16).
INFO: found  1932 nlabel points
Performing mapping from target back to the source label 131919
Number of reverse mapping hits = 364
Checking for and removing duplicates
Writing label file ./rh.MT_exvivo.label 2296
mri_label2label: Done


 mri_label2label --srcsubject fsaverage --srclabel /out/sourcedata/freesurfer/fsaverage/label/rh.entorhinal_exvivo.label --trgsubject sub-v1s16x0051177_ses-1 --trglabel ./rh.entorhinal_exvivo.label --hemi rh --regmethod surface 


srclabel = /out/sourcedata/freesurfer/fsaverage/label/rh.entorhinal_exvivo.label
srcsubject = fsaverage
trgsubject = sub-v1s16x0051177_ses-1
trglabel = ./rh.entorhinal_exvivo.label
regmethod = surface

srchemi = rh
trghemi = rh
trgsurface = white
srcsurfreg = sphere.reg
trgsurfreg = sphere.reg
usehash = 1
Use ProjAbs  = 0, 0
Use ProjFrac = 0, 0
DoPaint 0

SUBJECTS_DIR    /out/sourcedata/freesurfer
FREESURFER_HOME /opt/freesurfer
Loading source label.
Found 1038 points in source label.
Starting surface-based mapping
Reading source registration 
 /out/sourcedata/freesurfer/fsaverage/surf/rh.sphere.reg
Rescaling ...  original radius = 100
Reading target surface 
 /out/sourcedata/freesurfer/sub-v1s16x0051177_ses-1/surf/rh.white
Reading target registration 
 /out/sourcedata/freesurfer/sub-v1s16x0051177_ses-1/surf/rh.sphere.reg
Rescaling ...  original radius = 100
Building target registration hash (res=16).
Building source registration hash (res=16).
INFO: found  1038 nlabel points
Performing mapping from target back to the source label 131919
Number of reverse mapping hits = 118
Checking for and removing duplicates
Writing label file ./rh.entorhinal_exvivo.label 1156
mri_label2label: Done


 mri_label2label --srcsubject fsaverage --srclabel /out/sourcedata/freesurfer/fsaverage/label/rh.perirhinal_exvivo.label --trgsubject sub-v1s16x0051177_ses-1 --trglabel ./rh.perirhinal_exvivo.label --hemi rh --regmethod surface 


srclabel = /out/sourcedata/freesurfer/fsaverage/label/rh.perirhinal_exvivo.label
srcsubject = fsaverage
trgsubject = sub-v1s16x0051177_ses-1
trglabel = ./rh.perirhinal_exvivo.label
regmethod = surface

srchemi = rh
trghemi = rh
trgsurface = white
srcsurfreg = sphere.reg
trgsurfreg = sphere.reg
usehash = 1
Use ProjAbs  = 0, 0
Use ProjFrac = 0, 0
DoPaint 0

SUBJECTS_DIR    /out/sourcedata/freesurfer
FREESURFER_HOME /opt/freesurfer
Loading source label.
Found 752 points in source label.
Starting surface-based mapping
Reading source registration 
 /out/sourcedata/freesurfer/fsaverage/surf/rh.sphere.reg
Rescaling ...  original radius = 100
Reading target surface 
 /out/sourcedata/freesurfer/sub-v1s16x0051177_ses-1/surf/rh.white
Reading target registration 
 /out/sourcedata/freesurfer/sub-v1s16x0051177_ses-1/surf/rh.sphere.reg
Rescaling ...  original radius = 100
Building target registration hash (res=16).
Building source registration hash (res=16).
INFO: found  752 nlabel points
Performing mapping from target back to the source label 131919
Number of reverse mapping hits = 73
Checking for and removing duplicates
Writing label file ./rh.perirhinal_exvivo.label 825
mri_label2label: Done


 mri_label2label --srcsubject fsaverage --srclabel /out/sourcedata/freesurfer/fsaverage/label/rh.FG1.mpm.vpnl.label --trgsubject sub-v1s16x0051177_ses-1 --trglabel ./rh.FG1.mpm.vpnl.label --hemi rh --regmethod surface 


srclabel = /out/sourcedata/freesurfer/fsaverage/label/rh.FG1.mpm.vpnl.label
srcsubject = fsaverage
trgsubject = sub-v1s16x0051177_ses-1
trglabel = ./rh.FG1.mpm.vpnl.label
regmethod = surface

srchemi = rh
trghemi = rh
trgsurface = white
srcsurfreg = sphere.reg
trgsurfreg = sphere.reg
usehash = 1
Use ProjAbs  = 0, 0
Use ProjFrac = 0, 0
DoPaint 0

SUBJECTS_DIR    /out/sourcedata/freesurfer
FREESURFER_HOME /opt/freesurfer
Loading source label.
Found 541 points in source label.
Starting surface-based mapping
Reading source registration 
 /out/sourcedata/freesurfer/fsaverage/surf/rh.sphere.reg
Rescaling ...  original radius = 100
Reading target surface 
 /out/sourcedata/freesurfer/sub-v1s16x0051177_ses-1/surf/rh.white
Reading target registration 
 /out/sourcedata/freesurfer/sub-v1s16x0051177_ses-1/surf/rh.sphere.reg
Rescaling ...  original radius = 100
Building target registration hash (res=16).
Building source registration hash (res=16).
INFO: found  541 nlabel points
Performing mapping from target back to the source label 131919
Number of reverse mapping hits = 344
Checking for and removing duplicates
Writing label file ./rh.FG1.mpm.vpnl.label 885
mri_label2label: Done


 mri_label2label --srcsubject fsaverage --srclabel /out/sourcedata/freesurfer/fsaverage/label/rh.FG2.mpm.vpnl.label --trgsubject sub-v1s16x0051177_ses-1 --trglabel ./rh.FG2.mpm.vpnl.label --hemi rh --regmethod surface 


srclabel = /out/sourcedata/freesurfer/fsaverage/label/rh.FG2.mpm.vpnl.label
srcsubject = fsaverage
trgsubject = sub-v1s16x0051177_ses-1
trglabel = ./rh.FG2.mpm.vpnl.label
regmethod = surface

srchemi = rh
trghemi = rh
trgsurface = white
srcsurfreg = sphere.reg
trgsurfreg = sphere.reg
usehash = 1
Use ProjAbs  = 0, 0
Use ProjFrac = 0, 0
DoPaint 0

SUBJECTS_DIR    /out/sourcedata/freesurfer
FREESURFER_HOME /opt/freesurfer
Loading source label.
Found 721 points in source label.
Starting surface-based mapping
Reading source registration 
 /out/sourcedata/freesurfer/fsaverage/surf/rh.sphere.reg
Rescaling ...  original radius = 100
Reading target surface 
 /out/sourcedata/freesurfer/sub-v1s16x0051177_ses-1/surf/rh.white
Reading target registration 
 /out/sourcedata/freesurfer/sub-v1s16x0051177_ses-1/surf/rh.sphere.reg
Rescaling ...  original radius = 100
Building target registration hash (res=16).
Building source registration hash (res=16).
INFO: found  721 nlabel points
Performing mapping from target back to the source label 131919
Number of reverse mapping hits = 343
Checking for and removing duplicates
Writing label file ./rh.FG2.mpm.vpnl.label 1064
mri_label2label: Done


 mri_label2label --srcsubject fsaverage --srclabel /out/sourcedata/freesurfer/fsaverage/label/rh.FG3.mpm.vpnl.label --trgsubject sub-v1s16x0051177_ses-1 --trglabel ./rh.FG3.mpm.vpnl.label --hemi rh --regmethod surface 


srclabel = /out/sourcedata/freesurfer/fsaverage/label/rh.FG3.mpm.vpnl.label
srcsubject = fsaverage
trgsubject = sub-v1s16x0051177_ses-1
trglabel = ./rh.FG3.mpm.vpnl.label
regmethod = surface

srchemi = rh
trghemi = rh
trgsurface = white
srcsurfreg = sphere.reg
trgsurfreg = sphere.reg
usehash = 1
Use ProjAbs  = 0, 0
Use ProjFrac = 0, 0
DoPaint 0

SUBJECTS_DIR    /out/sourcedata/freesurfer
FREESURFER_HOME /opt/freesurfer
Loading source label.
Found 1523 points in source label.
Starting surface-based mapping
Reading source registration 
 /out/sourcedata/freesurfer/fsaverage/surf/rh.sphere.reg
Rescaling ...  original radius = 100
Reading target surface 
 /out/sourcedata/freesurfer/sub-v1s16x0051177_ses-1/surf/rh.white
Reading target registration 
 /out/sourcedata/freesurfer/sub-v1s16x0051177_ses-1/surf/rh.sphere.reg
Rescaling ...  original radius = 100
Building target registration hash (res=16).
Building source registration hash (res=16).
INFO: found  1523 nlabel points
Performing mapping from target back to the source label 131919
Number of reverse mapping hits = 477
Checking for and removing duplicates
Writing label file ./rh.FG3.mpm.vpnl.label 2000
mri_label2label: Done


 mri_label2label --srcsubject fsaverage --srclabel /out/sourcedata/freesurfer/fsaverage/label/rh.FG4.mpm.vpnl.label --trgsubject sub-v1s16x0051177_ses-1 --trglabel ./rh.FG4.mpm.vpnl.label --hemi rh --regmethod surface 


srclabel = /out/sourcedata/freesurfer/fsaverage/label/rh.FG4.mpm.vpnl.label
srcsubject = fsaverage
trgsubject = sub-v1s16x0051177_ses-1
trglabel = ./rh.FG4.mpm.vpnl.label
regmethod = surface

srchemi = rh
trghemi = rh
trgsurface = white
srcsurfreg = sphere.reg
trgsurfreg = sphere.reg
usehash = 1
Use ProjAbs  = 0, 0
Use ProjFrac = 0, 0
DoPaint 0

SUBJECTS_DIR    /out/sourcedata/freesurfer
FREESURFER_HOME /opt/freesurfer
Loading source label.
Found 1586 points in source label.
Starting surface-based mapping
Reading source registration 
 /out/sourcedata/freesurfer/fsaverage/surf/rh.sphere.reg
Rescaling ...  original radius = 100
Reading target surface 
 /out/sourcedata/freesurfer/sub-v1s16x0051177_ses-1/surf/rh.white
Reading target registration 
 /out/sourcedata/freesurfer/sub-v1s16x0051177_ses-1/surf/rh.sphere.reg
Rescaling ...  original radius = 100
Building target registration hash (res=16).
Building source registration hash (res=16).
INFO: found  1586 nlabel points
Performing mapping from target back to the source label 131919
Number of reverse mapping hits = 538
Checking for and removing duplicates
Writing label file ./rh.FG4.mpm.vpnl.label 2124
mri_label2label: Done


 mri_label2label --srcsubject fsaverage --srclabel /out/sourcedata/freesurfer/fsaverage/label/rh.hOc1.mpm.vpnl.label --trgsubject sub-v1s16x0051177_ses-1 --trglabel ./rh.hOc1.mpm.vpnl.label --hemi rh --regmethod surface 


srclabel = /out/sourcedata/freesurfer/fsaverage/label/rh.hOc1.mpm.vpnl.label
srcsubject = fsaverage
trgsubject = sub-v1s16x0051177_ses-1
trglabel = ./rh.hOc1.mpm.vpnl.label
regmethod = surface

srchemi = rh
trghemi = rh
trgsurface = white
srcsurfreg = sphere.reg
trgsurfreg = sphere.reg
usehash = 1
Use ProjAbs  = 0, 0
Use ProjFrac = 0, 0
DoPaint 0

SUBJECTS_DIR    /out/sourcedata/freesurfer
FREESURFER_HOME /opt/freesurfer
Loading source label.
Found 3667 points in source label.
Starting surface-based mapping
Reading source registration 
 /out/sourcedata/freesurfer/fsaverage/surf/rh.sphere.reg
Rescaling ...  original radius = 100
Reading target surface 
 /out/sourcedata/freesurfer/sub-v1s16x0051177_ses-1/surf/rh.white
Reading target registration 
 /out/sourcedata/freesurfer/sub-v1s16x0051177_ses-1/surf/rh.sphere.reg
Rescaling ...  original radius = 100
Building target registration hash (res=16).
Building source registration hash (res=16).
INFO: found  3667 nlabel points
Performing mapping from target back to the source label 131919
Number of reverse mapping hits = 1254
Checking for and removing duplicates
Writing label file ./rh.hOc1.mpm.vpnl.label 4921
mri_label2label: Done


 mri_label2label --srcsubject fsaverage --srclabel /out/sourcedata/freesurfer/fsaverage/label/rh.hOc2.mpm.vpnl.label --trgsubject sub-v1s16x0051177_ses-1 --trglabel ./rh.hOc2.mpm.vpnl.label --hemi rh --regmethod surface 


srclabel = /out/sourcedata/freesurfer/fsaverage/label/rh.hOc2.mpm.vpnl.label
srcsubject = fsaverage
trgsubject = sub-v1s16x0051177_ses-1
trglabel = ./rh.hOc2.mpm.vpnl.label
regmethod = surface

srchemi = rh
trghemi = rh
trgsurface = white
srcsurfreg = sphere.reg
trgsurfreg = sphere.reg
usehash = 1
Use ProjAbs  = 0, 0
Use ProjFrac = 0, 0
DoPaint 0

SUBJECTS_DIR    /out/sourcedata/freesurfer
FREESURFER_HOME /opt/freesurfer
Loading source label.
Found 2719 points in source label.
Starting surface-based mapping
Reading source registration 
 /out/sourcedata/freesurfer/fsaverage/surf/rh.sphere.reg
Rescaling ...  original radius = 100
Reading target surface 
 /out/sourcedata/freesurfer/sub-v1s16x0051177_ses-1/surf/rh.white
Reading target registration 
 /out/sourcedata/freesurfer/sub-v1s16x0051177_ses-1/surf/rh.sphere.reg
Rescaling ...  original radius = 100
Building target registration hash (res=16).
Building source registration hash (res=16).
INFO: found  2719 nlabel points
Performing mapping from target back to the source label 131919
Number of reverse mapping hits = 944
Checking for and removing duplicates
Writing label file ./rh.hOc2.mpm.vpnl.label 3663
mri_label2label: Done


 mri_label2label --srcsubject fsaverage --srclabel /out/sourcedata/freesurfer/fsaverage/label/rh.hOc3v.mpm.vpnl.label --trgsubject sub-v1s16x0051177_ses-1 --trglabel ./rh.hOc3v.mpm.vpnl.label --hemi rh --regmethod surface 


srclabel = /out/sourcedata/freesurfer/fsaverage/label/rh.hOc3v.mpm.vpnl.label
srcsubject = fsaverage
trgsubject = sub-v1s16x0051177_ses-1
trglabel = ./rh.hOc3v.mpm.vpnl.label
regmethod = surface

srchemi = rh
trghemi = rh
trgsurface = white
srcsurfreg = sphere.reg
trgsurfreg = sphere.reg
usehash = 1
Use ProjAbs  = 0, 0
Use ProjFrac = 0, 0
DoPaint 0

SUBJECTS_DIR    /out/sourcedata/freesurfer
FREESURFER_HOME /opt/freesurfer
Loading source label.
Found 1228 points in source label.
Starting surface-based mapping
Reading source registration 
 /out/sourcedata/freesurfer/fsaverage/surf/rh.sphere.reg
Rescaling ...  original radius = 100
Reading target surface 
 /out/sourcedata/freesurfer/sub-v1s16x0051177_ses-1/surf/rh.white
Reading target registration 
 /out/sourcedata/freesurfer/sub-v1s16x0051177_ses-1/surf/rh.sphere.reg
Rescaling ...  original radius = 100
Building target registration hash (res=16).
Building source registration hash (res=16).
INFO: found  1228 nlabel points
Performing mapping from target back to the source label 131919
Number of reverse mapping hits = 537
Checking for and removing duplicates
Writing label file ./rh.hOc3v.mpm.vpnl.label 1765
mri_label2label: Done


 mri_label2label --srcsubject fsaverage --srclabel /out/sourcedata/freesurfer/fsaverage/label/rh.hOc4v.mpm.vpnl.label --trgsubject sub-v1s16x0051177_ses-1 --trglabel ./rh.hOc4v.mpm.vpnl.label --hemi rh --regmethod surface 


srclabel = /out/sourcedata/freesurfer/fsaverage/label/rh.hOc4v.mpm.vpnl.label
srcsubject = fsaverage
trgsubject = sub-v1s16x0051177_ses-1
trglabel = ./rh.hOc4v.mpm.vpnl.label
regmethod = surface

srchemi = rh
trghemi = rh
trgsurface = white
srcsurfreg = sphere.reg
trgsurfreg = sphere.reg
usehash = 1
Use ProjAbs  = 0, 0
Use ProjFrac = 0, 0
DoPaint 0

SUBJECTS_DIR    /out/sourcedata/freesurfer
FREESURFER_HOME /opt/freesurfer
Loading source label.
Found 1025 points in source label.
Starting surface-based mapping
Reading source registration 
 /out/sourcedata/freesurfer/fsaverage/surf/rh.sphere.reg
Rescaling ...  original radius = 100
Reading target surface 
 /out/sourcedata/freesurfer/sub-v1s16x0051177_ses-1/surf/rh.white
Reading target registration 
 /out/sourcedata/freesurfer/sub-v1s16x0051177_ses-1/surf/rh.sphere.reg
Rescaling ...  original radius = 100
Building target registration hash (res=16).
Building source registration hash (res=16).
INFO: found  1025 nlabel points
Performing mapping from target back to the source label 131919
Number of reverse mapping hits = 464
Checking for and removing duplicates
Writing label file ./rh.hOc4v.mpm.vpnl.label 1489
mri_label2label: Done


 mris_label2annot --s sub-v1s16x0051177_ses-1 --ctab /opt/freesurfer/average/colortable_vpnl.txt --hemi rh --a mpm.vpnl --maxstatwinner --noverbose --l rh.FG1.mpm.vpnl.label --l rh.FG2.mpm.vpnl.label --l rh.FG3.mpm.vpnl.label --l rh.FG4.mpm.vpnl.label --l rh.hOc1.mpm.vpnl.label --l rh.hOc2.mpm.vpnl.label --l rh.hOc3v.mpm.vpnl.label --l rh.hOc4v.mpm.vpnl.label 

Reading ctab /opt/freesurfer/average/colortable_vpnl.txt
Number of ctab entries 9

7.3.2
cwd /out/sourcedata/freesurfer/sub-v1s16x0051177_ses-1/label
cmdline mris_label2annot --s sub-v1s16x0051177_ses-1 --ctab /opt/freesurfer/average/colortable_vpnl.txt --hemi rh --a mpm.vpnl --maxstatwinner --noverbose --l rh.FG1.mpm.vpnl.label --l rh.FG2.mpm.vpnl.label --l rh.FG3.mpm.vpnl.label --l rh.FG4.mpm.vpnl.label --l rh.hOc1.mpm.vpnl.label --l rh.hOc2.mpm.vpnl.label --l rh.hOc3v.mpm.vpnl.label --l rh.hOc4v.mpm.vpnl.label 
sysname  Linux
hostname dna029
machine  x86_64
user     oesteban

subject sub-v1s16x0051177_ses-1
hemi    rh
SUBJECTS_DIR /out/sourcedata/freesurfer
ColorTable /opt/freesurfer/average/colortable_vpnl.txt
AnnotName  mpm.vpnl
nlables 8
LabelThresh 0 0.000000
Loading /out/sourcedata/freesurfer/sub-v1s16x0051177_ses-1/surf/rh.orig
 1 1376057 FG1
 2 16711935 FG2
 3 16711680 FG3
 4 1705837 FG4
 5 25600 hOc1
 6 255 hOc2
 7 16776960 hOc3v
 8 65535 hOc4v
Mapping unhit to unknown
Found 114795 unhit vertices
Writing annot to /out/sourcedata/freesurfer/sub-v1s16x0051177_ses-1/label/rh.mpm.vpnl.annot

 mri_label2label --srcsubject fsaverage --srclabel /out/sourcedata/freesurfer/fsaverage/label/rh.BA1_exvivo.thresh.label --trgsubject sub-v1s16x0051177_ses-1 --trglabel ./rh.BA1_exvivo.thresh.label --hemi rh --regmethod surface 


srclabel = /out/sourcedata/freesurfer/fsaverage/label/rh.BA1_exvivo.thresh.label
srcsubject = fsaverage
trgsubject = sub-v1s16x0051177_ses-1
trglabel = ./rh.BA1_exvivo.thresh.label
regmethod = surface

srchemi = rh
trghemi = rh
trgsurface = white
srcsurfreg = sphere.reg
trgsurfreg = sphere.reg
usehash = 1
Use ProjAbs  = 0, 0
Use ProjFrac = 0, 0
DoPaint 0

SUBJECTS_DIR    /out/sourcedata/freesurfer
FREESURFER_HOME /opt/freesurfer
Loading source label.
Found 876 points in source label.
Starting surface-based mapping
Reading source registration 
 /out/sourcedata/freesurfer/fsaverage/surf/rh.sphere.reg
Rescaling ...  original radius = 100
Reading target surface 
 /out/sourcedata/freesurfer/sub-v1s16x0051177_ses-1/surf/rh.white
Reading target registration 
 /out/sourcedata/freesurfer/sub-v1s16x0051177_ses-1/surf/rh.sphere.reg
Rescaling ...  original radius = 100
Building target registration hash (res=16).
Building source registration hash (res=16).
INFO: found  876 nlabel points
Performing mapping from target back to the source label 131919
Number of reverse mapping hits = 36
Checking for and removing duplicates
Writing label file ./rh.BA1_exvivo.thresh.label 912
mri_label2label: Done


 mri_label2label --srcsubject fsaverage --srclabel /out/sourcedata/freesurfer/fsaverage/label/rh.BA2_exvivo.thresh.label --trgsubject sub-v1s16x0051177_ses-1 --trglabel ./rh.BA2_exvivo.thresh.label --hemi rh --regmethod surface 


srclabel = /out/sourcedata/freesurfer/fsaverage/label/rh.BA2_exvivo.thresh.label
srcsubject = fsaverage
trgsubject = sub-v1s16x0051177_ses-1
trglabel = ./rh.BA2_exvivo.thresh.label
regmethod = surface

srchemi = rh
trghemi = rh
trgsurface = white
srcsurfreg = sphere.reg
trgsurfreg = sphere.reg
usehash = 1
Use ProjAbs  = 0, 0
Use ProjFrac = 0, 0
DoPaint 0

SUBJECTS_DIR    /out/sourcedata/freesurfer
FREESURFER_HOME /opt/freesurfer
Loading source label.
Found 2688 points in source label.
Starting surface-based mapping
Reading source registration 
 /out/sourcedata/freesurfer/fsaverage/surf/rh.sphere.reg
Rescaling ...  original radius = 100
Reading target surface 
 /out/sourcedata/freesurfer/sub-v1s16x0051177_ses-1/surf/rh.white
Reading target registration 
 /out/sourcedata/freesurfer/sub-v1s16x0051177_ses-1/surf/rh.sphere.reg
Rescaling ...  original radius = 100
Building target registration hash (res=16).
Building source registration hash (res=16).
INFO: found  2688 nlabel points
Performing mapping from target back to the source label 131919
Number of reverse mapping hits = 4
Checking for and removing duplicates
Writing label file ./rh.BA2_exvivo.thresh.label 2692
mri_label2label: Done


 mri_label2label --srcsubject fsaverage --srclabel /out/sourcedata/freesurfer/fsaverage/label/rh.BA3a_exvivo.thresh.label --trgsubject sub-v1s16x0051177_ses-1 --trglabel ./rh.BA3a_exvivo.thresh.label --hemi rh --regmethod surface 


srclabel = /out/sourcedata/freesurfer/fsaverage/label/rh.BA3a_exvivo.thresh.label
srcsubject = fsaverage
trgsubject = sub-v1s16x0051177_ses-1
trglabel = ./rh.BA3a_exvivo.thresh.label
regmethod = surface

srchemi = rh
trghemi = rh
trgsurface = white
srcsurfreg = sphere.reg
trgsurfreg = sphere.reg
usehash = 1
Use ProjAbs  = 0, 0
Use ProjFrac = 0, 0
DoPaint 0

SUBJECTS_DIR    /out/sourcedata/freesurfer
FREESURFER_HOME /opt/freesurfer
Loading source label.
Found 1698 points in source label.
Starting surface-based mapping
Reading source registration 
 /out/sourcedata/freesurfer/fsaverage/surf/rh.sphere.reg
Rescaling ...  original radius = 100
Reading target surface 
 /out/sourcedata/freesurfer/sub-v1s16x0051177_ses-1/surf/rh.white
Reading target registration 
 /out/sourcedata/freesurfer/sub-v1s16x0051177_ses-1/surf/rh.sphere.reg
Rescaling ...  original radius = 100
Building target registration hash (res=16).
Building source registration hash (res=16).
INFO: found  1698 nlabel points
Performing mapping from target back to the source label 131919
Number of reverse mapping hits = 9
Checking for and removing duplicates
Writing label file ./rh.BA3a_exvivo.thresh.label 1707
mri_label2label: Done


 mri_label2label --srcsubject fsaverage --srclabel /out/sourcedata/freesurfer/fsaverage/label/rh.BA3b_exvivo.thresh.label --trgsubject sub-v1s16x0051177_ses-1 --trglabel ./rh.BA3b_exvivo.thresh.label --hemi rh --regmethod surface 


srclabel = /out/sourcedata/freesurfer/fsaverage/label/rh.BA3b_exvivo.thresh.label
srcsubject = fsaverage
trgsubject = sub-v1s16x0051177_ses-1
trglabel = ./rh.BA3b_exvivo.thresh.label
regmethod = surface

srchemi = rh
trghemi = rh
trgsurface = white
srcsurfreg = sphere.reg
trgsurfreg = sphere.reg
usehash = 1
Use ProjAbs  = 0, 0
Use ProjFrac = 0, 0
DoPaint 0

SUBJECTS_DIR    /out/sourcedata/freesurfer
FREESURFER_HOME /opt/freesurfer
Loading source label.
Found 2183 points in source label.
Starting surface-based mapping
Reading source registration 
 /out/sourcedata/freesurfer/fsaverage/surf/rh.sphere.reg
Rescaling ...  original radius = 100
Reading target surface 
 /out/sourcedata/freesurfer/sub-v1s16x0051177_ses-1/surf/rh.white
Reading target registration 
 /out/sourcedata/freesurfer/sub-v1s16x0051177_ses-1/surf/rh.sphere.reg
Rescaling ...  original radius = 100
Building target registration hash (res=16).
Building source registration hash (res=16).
INFO: found  2183 nlabel points
Performing mapping from target back to the source label 131919
Number of reverse mapping hits = 11
Checking for and removing duplicates
Writing label file ./rh.BA3b_exvivo.thresh.label 2194
mri_label2label: Done


 mri_label2label --srcsubject fsaverage --srclabel /out/sourcedata/freesurfer/fsaverage/label/rh.BA4a_exvivo.thresh.label --trgsubject sub-v1s16x0051177_ses-1 --trglabel ./rh.BA4a_exvivo.thresh.label --hemi rh --regmethod surface 


srclabel = /out/sourcedata/freesurfer/fsaverage/label/rh.BA4a_exvivo.thresh.label
srcsubject = fsaverage
trgsubject = sub-v1s16x0051177_ses-1
trglabel = ./rh.BA4a_exvivo.thresh.label
regmethod = surface

srchemi = rh
trghemi = rh
trgsurface = white
srcsurfreg = sphere.reg
trgsurfreg = sphere.reg
usehash = 1
Use ProjAbs  = 0, 0
Use ProjFrac = 0, 0
DoPaint 0

SUBJECTS_DIR    /out/sourcedata/freesurfer
FREESURFER_HOME /opt/freesurfer
Loading source label.
Found 1388 points in source label.
Starting surface-based mapping
Reading source registration 
 /out/sourcedata/freesurfer/fsaverage/surf/rh.sphere.reg
Rescaling ...  original radius = 100
Reading target surface 
 /out/sourcedata/freesurfer/sub-v1s16x0051177_ses-1/surf/rh.white
Reading target registration 
 /out/sourcedata/freesurfer/sub-v1s16x0051177_ses-1/surf/rh.sphere.reg
Rescaling ...  original radius = 100
Building target registration hash (res=16).
Building source registration hash (res=16).
INFO: found  1388 nlabel points
Performing mapping from target back to the source label 131919
Number of reverse mapping hits = 68
Checking for and removing duplicates
Writing label file ./rh.BA4a_exvivo.thresh.label 1456
mri_label2label: Done


 mri_label2label --srcsubject fsaverage --srclabel /out/sourcedata/freesurfer/fsaverage/label/rh.BA4p_exvivo.thresh.label --trgsubject sub-v1s16x0051177_ses-1 --trglabel ./rh.BA4p_exvivo.thresh.label --hemi rh --regmethod surface 


srclabel = /out/sourcedata/freesurfer/fsaverage/label/rh.BA4p_exvivo.thresh.label
srcsubject = fsaverage
trgsubject = sub-v1s16x0051177_ses-1
trglabel = ./rh.BA4p_exvivo.thresh.label
regmethod = surface

srchemi = rh
trghemi = rh
trgsurface = white
srcsurfreg = sphere.reg
trgsurfreg = sphere.reg
usehash = 1
Use ProjAbs  = 0, 0
Use ProjFrac = 0, 0
DoPaint 0

SUBJECTS_DIR    /out/sourcedata/freesurfer
FREESURFER_HOME /opt/freesurfer
Loading source label.
Found 1489 points in source label.
Starting surface-based mapping
Reading source registration 
 /out/sourcedata/freesurfer/fsaverage/surf/rh.sphere.reg
Rescaling ...  original radius = 100
Reading target surface 
 /out/sourcedata/freesurfer/sub-v1s16x0051177_ses-1/surf/rh.white
Reading target registration 
 /out/sourcedata/freesurfer/sub-v1s16x0051177_ses-1/surf/rh.sphere.reg
Rescaling ...  original radius = 100
Building target registration hash (res=16).
Building source registration hash (res=16).
INFO: found  1489 nlabel points
Performing mapping from target back to the source label 131919
Number of reverse mapping hits = 10
Checking for and removing duplicates
Writing label file ./rh.BA4p_exvivo.thresh.label 1499
mri_label2label: Done


 mri_label2label --srcsubject fsaverage --srclabel /out/sourcedata/freesurfer/fsaverage/label/rh.BA6_exvivo.thresh.label --trgsubject sub-v1s16x0051177_ses-1 --trglabel ./rh.BA6_exvivo.thresh.label --hemi rh --regmethod surface 


srclabel = /out/sourcedata/freesurfer/fsaverage/label/rh.BA6_exvivo.thresh.label
srcsubject = fsaverage
trgsubject = sub-v1s16x0051177_ses-1
trglabel = ./rh.BA6_exvivo.thresh.label
regmethod = surface

srchemi = rh
trghemi = rh
trgsurface = white
srcsurfreg = sphere.reg
trgsurfreg = sphere.reg
usehash = 1
Use ProjAbs  = 0, 0
Use ProjFrac = 0, 0
DoPaint 0

SUBJECTS_DIR    /out/sourcedata/freesurfer
FREESURFER_HOME /opt/freesurfer
Loading source label.
Found 6959 points in source label.
Starting surface-based mapping
Reading source registration 
 /out/sourcedata/freesurfer/fsaverage/surf/rh.sphere.reg
Rescaling ...  original radius = 100
Reading target surface 
 /out/sourcedata/freesurfer/sub-v1s16x0051177_ses-1/surf/rh.white
Reading target registration 
 /out/sourcedata/freesurfer/sub-v1s16x0051177_ses-1/surf/rh.sphere.reg
Rescaling ...  original radius = 100
Building target registration hash (res=16).
Building source registration hash (res=16).
INFO: found  6959 nlabel points
Performing mapping from target back to the source label 131919
Number of reverse mapping hits = 300
Checking for and removing duplicates
Writing label file ./rh.BA6_exvivo.thresh.label 7259
mri_label2label: Done


 mri_label2label --srcsubject fsaverage --srclabel /out/sourcedata/freesurfer/fsaverage/label/rh.BA44_exvivo.thresh.label --trgsubject sub-v1s16x0051177_ses-1 --trglabel ./rh.BA44_exvivo.thresh.label --hemi rh --regmethod surface 


srclabel = /out/sourcedata/freesurfer/fsaverage/label/rh.BA44_exvivo.thresh.label
srcsubject = fsaverage
trgsubject = sub-v1s16x0051177_ses-1
trglabel = ./rh.BA44_exvivo.thresh.label
regmethod = surface

srchemi = rh
trghemi = rh
trgsurface = white
srcsurfreg = sphere.reg
trgsurfreg = sphere.reg
usehash = 1
Use ProjAbs  = 0, 0
Use ProjFrac = 0, 0
DoPaint 0

SUBJECTS_DIR    /out/sourcedata/freesurfer
FREESURFER_HOME /opt/freesurfer
Loading source label.
Found 1012 points in source label.
Starting surface-based mapping
Reading source registration 
 /out/sourcedata/freesurfer/fsaverage/surf/rh.sphere.reg
Rescaling ...  original radius = 100
Reading target surface 
 /out/sourcedata/freesurfer/sub-v1s16x0051177_ses-1/surf/rh.white
Reading target registration 
 /out/sourcedata/freesurfer/sub-v1s16x0051177_ses-1/surf/rh.sphere.reg
Rescaling ...  original radius = 100
Building target registration hash (res=16).
Building source registration hash (res=16).
INFO: found  1012 nlabel points
Performing mapping from target back to the source label 131919
Number of reverse mapping hits = 19
Checking for and removing duplicates
Writing label file ./rh.BA44_exvivo.thresh.label 1031
mri_label2label: Done


 mri_label2label --srcsubject fsaverage --srclabel /out/sourcedata/freesurfer/fsaverage/label/rh.BA45_exvivo.thresh.label --trgsubject sub-v1s16x0051177_ses-1 --trglabel ./rh.BA45_exvivo.thresh.label --hemi rh --regmethod surface 


srclabel = /out/sourcedata/freesurfer/fsaverage/label/rh.BA45_exvivo.thresh.label
srcsubject = fsaverage
trgsubject = sub-v1s16x0051177_ses-1
trglabel = ./rh.BA45_exvivo.thresh.label
regmethod = surface

srchemi = rh
trghemi = rh
trgsurface = white
srcsurfreg = sphere.reg
trgsurfreg = sphere.reg
usehash = 1
Use ProjAbs  = 0, 0
Use ProjFrac = 0, 0
DoPaint 0

SUBJECTS_DIR    /out/sourcedata/freesurfer
FREESURFER_HOME /opt/freesurfer
Loading source label.
Found 1178 points in source label.
Starting surface-based mapping
Reading source registration 
 /out/sourcedata/freesurfer/fsaverage/surf/rh.sphere.reg
Rescaling ...  original radius = 100
Reading target surface 
 /out/sourcedata/freesurfer/sub-v1s16x0051177_ses-1/surf/rh.white
Reading target registration 
 /out/sourcedata/freesurfer/sub-v1s16x0051177_ses-1/surf/rh.sphere.reg
Rescaling ...  original radius = 100
Building target registration hash (res=16).
Building source registration hash (res=16).
INFO: found  1178 nlabel points
Performing mapping from target back to the source label 131919
Number of reverse mapping hits = 61
Checking for and removing duplicates
Writing label file ./rh.BA45_exvivo.thresh.label 1239
mri_label2label: Done


 mri_label2label --srcsubject fsaverage --srclabel /out/sourcedata/freesurfer/fsaverage/label/rh.V1_exvivo.thresh.label --trgsubject sub-v1s16x0051177_ses-1 --trglabel ./rh.V1_exvivo.thresh.label --hemi rh --regmethod surface 


srclabel = /out/sourcedata/freesurfer/fsaverage/label/rh.V1_exvivo.thresh.label
srcsubject = fsaverage
trgsubject = sub-v1s16x0051177_ses-1
trglabel = ./rh.V1_exvivo.thresh.label
regmethod = surface

srchemi = rh
trghemi = rh
trgsurface = white
srcsurfreg = sphere.reg
trgsurfreg = sphere.reg
usehash = 1
Use ProjAbs  = 0, 0
Use ProjFrac = 0, 0
DoPaint 0

SUBJECTS_DIR    /out/sourcedata/freesurfer
FREESURFER_HOME /opt/freesurfer
Loading source label.
Found 3232 points in source label.
Starting surface-based mapping
Reading source registration 
 /out/sourcedata/freesurfer/fsaverage/surf/rh.sphere.reg
Rescaling ...  original radius = 100
Reading target surface 
 /out/sourcedata/freesurfer/sub-v1s16x0051177_ses-1/surf/rh.white
Reading target registration 
 /out/sourcedata/freesurfer/sub-v1s16x0051177_ses-1/surf/rh.sphere.reg
Rescaling ...  original radius = 100
Building target registration hash (res=16).
Building source registration hash (res=16).
INFO: found  3232 nlabel points
Performing mapping from target back to the source label 131919
Number of reverse mapping hits = 1161
Checking for and removing duplicates
Writing label file ./rh.V1_exvivo.thresh.label 4393
mri_label2label: Done


 mri_label2label --srcsubject fsaverage --srclabel /out/sourcedata/freesurfer/fsaverage/label/rh.V2_exvivo.thresh.label --trgsubject sub-v1s16x0051177_ses-1 --trglabel ./rh.V2_exvivo.thresh.label --hemi rh --regmethod surface 


srclabel = /out/sourcedata/freesurfer/fsaverage/label/rh.V2_exvivo.thresh.label
srcsubject = fsaverage
trgsubject = sub-v1s16x0051177_ses-1
trglabel = ./rh.V2_exvivo.thresh.label
regmethod = surface

srchemi = rh
trghemi = rh
trgsurface = white
srcsurfreg = sphere.reg
trgsurfreg = sphere.reg
usehash = 1
Use ProjAbs  = 0, 0
Use ProjFrac = 0, 0
DoPaint 0

SUBJECTS_DIR    /out/sourcedata/freesurfer
FREESURFER_HOME /opt/freesurfer
Loading source label.
Found 3437 points in source label.
Starting surface-based mapping
Reading source registration 
 /out/sourcedata/freesurfer/fsaverage/surf/rh.sphere.reg
Rescaling ...  original radius = 100
Reading target surface 
 /out/sourcedata/freesurfer/sub-v1s16x0051177_ses-1/surf/rh.white
Reading target registration 
 /out/sourcedata/freesurfer/sub-v1s16x0051177_ses-1/surf/rh.sphere.reg
Rescaling ...  original radius = 100
Building target registration hash (res=16).
Building source registration hash (res=16).
INFO: found  3437 nlabel points
Performing mapping from target back to the source label 131919
Number of reverse mapping hits = 1222
Checking for and removing duplicates
Writing label file ./rh.V2_exvivo.thresh.label 4659
mri_label2label: Done


 mri_label2label --srcsubject fsaverage --srclabel /out/sourcedata/freesurfer/fsaverage/label/rh.MT_exvivo.thresh.label --trgsubject sub-v1s16x0051177_ses-1 --trglabel ./rh.MT_exvivo.thresh.label --hemi rh --regmethod surface 


srclabel = /out/sourcedata/freesurfer/fsaverage/label/rh.MT_exvivo.thresh.label
srcsubject = fsaverage
trgsubject = sub-v1s16x0051177_ses-1
trglabel = ./rh.MT_exvivo.thresh.label
regmethod = surface

srchemi = rh
trghemi = rh
trgsurface = white
srcsurfreg = sphere.reg
trgsurfreg = sphere.reg
usehash = 1
Use ProjAbs  = 0, 0
Use ProjFrac = 0, 0
DoPaint 0

SUBJECTS_DIR    /out/sourcedata/freesurfer
FREESURFER_HOME /opt/freesurfer
Loading source label.
Found 268 points in source label.
Starting surface-based mapping
Reading source registration 
 /out/sourcedata/freesurfer/fsaverage/surf/rh.sphere.reg
Rescaling ...  original radius = 100
Reading target surface 
 /out/sourcedata/freesurfer/sub-v1s16x0051177_ses-1/surf/rh.white
Reading target registration 
 /out/sourcedata/freesurfer/sub-v1s16x0051177_ses-1/surf/rh.sphere.reg
Rescaling ...  original radius = 100
Building target registration hash (res=16).
Building source registration hash (res=16).
INFO: found  268 nlabel points
Performing mapping from target back to the source label 131919
Number of reverse mapping hits = 42
Checking for and removing duplicates
Writing label file ./rh.MT_exvivo.thresh.label 310
mri_label2label: Done


 mri_label2label --srcsubject fsaverage --srclabel /out/sourcedata/freesurfer/fsaverage/label/rh.entorhinal_exvivo.thresh.label --trgsubject sub-v1s16x0051177_ses-1 --trglabel ./rh.entorhinal_exvivo.thresh.label --hemi rh --regmethod surface 


srclabel = /out/sourcedata/freesurfer/fsaverage/label/rh.entorhinal_exvivo.thresh.label
srcsubject = fsaverage
trgsubject = sub-v1s16x0051177_ses-1
trglabel = ./rh.entorhinal_exvivo.thresh.label
regmethod = surface

srchemi = rh
trghemi = rh
trgsurface = white
srcsurfreg = sphere.reg
trgsurfreg = sphere.reg
usehash = 1
Use ProjAbs  = 0, 0
Use ProjFrac = 0, 0
DoPaint 0

SUBJECTS_DIR    /out/sourcedata/freesurfer
FREESURFER_HOME /opt/freesurfer
Loading source label.
Found 694 points in source label.
Starting surface-based mapping
Reading source registration 
 /out/sourcedata/freesurfer/fsaverage/surf/rh.sphere.reg
Rescaling ...  original radius = 100
Reading target surface 
 /out/sourcedata/freesurfer/sub-v1s16x0051177_ses-1/surf/rh.white
Reading target registration 
 /out/sourcedata/freesurfer/sub-v1s16x0051177_ses-1/surf/rh.sphere.reg
Rescaling ...  original radius = 100
Building target registration hash (res=16).
Building source registration hash (res=16).
INFO: found  694 nlabel points
Performing mapping from target back to the source label 131919
Number of reverse mapping hits = 79
Checking for and removing duplicates
Writing label file ./rh.entorhinal_exvivo.thresh.label 773
mri_label2label: Done


 mri_label2label --srcsubject fsaverage --srclabel /out/sourcedata/freesurfer/fsaverage/label/rh.perirhinal_exvivo.thresh.label --trgsubject sub-v1s16x0051177_ses-1 --trglabel ./rh.perirhinal_exvivo.thresh.label --hemi rh --regmethod surface 


srclabel = /out/sourcedata/freesurfer/fsaverage/label/rh.perirhinal_exvivo.thresh.label
srcsubject = fsaverage
trgsubject = sub-v1s16x0051177_ses-1
trglabel = ./rh.perirhinal_exvivo.thresh.label
regmethod = surface

srchemi = rh
trghemi = rh
trgsurface = white
srcsurfreg = sphere.reg
trgsurfreg = sphere.reg
usehash = 1
Use ProjAbs  = 0, 0
Use ProjFrac = 0, 0
DoPaint 0

SUBJECTS_DIR    /out/sourcedata/freesurfer
FREESURFER_HOME /opt/freesurfer
Loading source label.
Found 291 points in source label.
Starting surface-based mapping
Reading source registration 
 /out/sourcedata/freesurfer/fsaverage/surf/rh.sphere.reg
Rescaling ...  original radius = 100
Reading target surface 
 /out/sourcedata/freesurfer/sub-v1s16x0051177_ses-1/surf/rh.white
Reading target registration 
 /out/sourcedata/freesurfer/sub-v1s16x0051177_ses-1/surf/rh.sphere.reg
Rescaling ...  original radius = 100
Building target registration hash (res=16).
Building source registration hash (res=16).
INFO: found  291 nlabel points
Performing mapping from target back to the source label 131919
Number of reverse mapping hits = 32
Checking for and removing duplicates
Writing label file ./rh.perirhinal_exvivo.thresh.label 323
mri_label2label: Done


 mris_label2annot --s sub-v1s16x0051177_ses-1 --hemi rh --ctab /opt/freesurfer/average/colortable_BA.txt --l rh.BA1_exvivo.label --l rh.BA2_exvivo.label --l rh.BA3a_exvivo.label --l rh.BA3b_exvivo.label --l rh.BA4a_exvivo.label --l rh.BA4p_exvivo.label --l rh.BA6_exvivo.label --l rh.BA44_exvivo.label --l rh.BA45_exvivo.label --l rh.V1_exvivo.label --l rh.V2_exvivo.label --l rh.MT_exvivo.label --l rh.perirhinal_exvivo.label --l rh.entorhinal_exvivo.label --a BA_exvivo --maxstatwinner --noverbose 

Reading ctab /opt/freesurfer/average/colortable_BA.txt
Number of ctab entries 15

7.3.2
cwd /out/sourcedata/freesurfer/sub-v1s16x0051177_ses-1/label
cmdline mris_label2annot --s sub-v1s16x0051177_ses-1 --hemi rh --ctab /opt/freesurfer/average/colortable_BA.txt --l rh.BA1_exvivo.label --l rh.BA2_exvivo.label --l rh.BA3a_exvivo.label --l rh.BA3b_exvivo.label --l rh.BA4a_exvivo.label --l rh.BA4p_exvivo.label --l rh.BA6_exvivo.label --l rh.BA44_exvivo.label --l rh.BA45_exvivo.label --l rh.V1_exvivo.label --l rh.V2_exvivo.label --l rh.MT_exvivo.label --l rh.perirhinal_exvivo.label --l rh.entorhinal_exvivo.label --a BA_exvivo --maxstatwinner --noverbose 
sysname  Linux
hostname dna029
machine  x86_64
user     oesteban

subject sub-v1s16x0051177_ses-1
hemi    rh
SUBJECTS_DIR /out/sourcedata/freesurfer
ColorTable /opt/freesurfer/average/colortable_BA.txt
AnnotName  BA_exvivo
nlables 14
LabelThresh 0 0.000000
Loading /out/sourcedata/freesurfer/sub-v1s16x0051177_ses-1/surf/rh.orig
 1 1530880 BA1_exvivo
 2 16749699 BA2_exvivo
 3 16711680 BA3a_exvivo
 4 3368703 BA3b_exvivo
 5 1376196 BA4a_exvivo
 6 13382655 BA4p_exvivo
 7 10036737 BA6_exvivo
 8 2490521 BA44_exvivo
 9 39283 BA45_exvivo
10 3993 V1_exvivo
11 8508928 V2_exvivo
12 10027163 MT_exvivo
13 16422433 perirhinal_exvivo
14 16392598 entorhinal_exvivo
Mapping unhit to unknown
Found 92867 unhit vertices
Writing annot to /out/sourcedata/freesurfer/sub-v1s16x0051177_ses-1/label/rh.BA_exvivo.annot

 mris_label2annot --s sub-v1s16x0051177_ses-1 --hemi rh --ctab /opt/freesurfer/average/colortable_BA.txt --l rh.BA1_exvivo.thresh.label --l rh.BA2_exvivo.thresh.label --l rh.BA3a_exvivo.thresh.label --l rh.BA3b_exvivo.thresh.label --l rh.BA4a_exvivo.thresh.label --l rh.BA4p_exvivo.thresh.label --l rh.BA6_exvivo.thresh.label --l rh.BA44_exvivo.thresh.label --l rh.BA45_exvivo.thresh.label --l rh.V1_exvivo.thresh.label --l rh.V2_exvivo.thresh.label --l rh.MT_exvivo.thresh.label --l rh.perirhinal_exvivo.thresh.label --l rh.entorhinal_exvivo.thresh.label --a BA_exvivo.thresh --maxstatwinner --noverbose 

Reading ctab /opt/freesurfer/average/colortable_BA.txt
Number of ctab entries 15

7.3.2
cwd /out/sourcedata/freesurfer/sub-v1s16x0051177_ses-1/label
cmdline mris_label2annot --s sub-v1s16x0051177_ses-1 --hemi rh --ctab /opt/freesurfer/average/colortable_BA.txt --l rh.BA1_exvivo.thresh.label --l rh.BA2_exvivo.thresh.label --l rh.BA3a_exvivo.thresh.label --l rh.BA3b_exvivo.thresh.label --l rh.BA4a_exvivo.thresh.label --l rh.BA4p_exvivo.thresh.label --l rh.BA6_exvivo.thresh.label --l rh.BA44_exvivo.thresh.label --l rh.BA45_exvivo.thresh.label --l rh.V1_exvivo.thresh.label --l rh.V2_exvivo.thresh.label --l rh.MT_exvivo.thresh.label --l rh.perirhinal_exvivo.thresh.label --l rh.entorhinal_exvivo.thresh.label --a BA_exvivo.thresh --maxstatwinner --noverbose 
sysname  Linux
hostname dna029
machine  x86_64
user     oesteban

subject sub-v1s16x0051177_ses-1
hemi    rh
SUBJECTS_DIR /out/sourcedata/freesurfer
ColorTable /opt/freesurfer/average/colortable_BA.txt
AnnotName  BA_exvivo.thresh
nlables 14
LabelThresh 0 0.000000
Loading /out/sourcedata/freesurfer/sub-v1s16x0051177_ses-1/surf/rh.orig
 1 1530880 BA1_exvivo
 2 16749699 BA2_exvivo
 3 16711680 BA3a_exvivo
 4 3368703 BA3b_exvivo
 5 1376196 BA4a_exvivo
 6 13382655 BA4p_exvivo
 7 10036737 BA6_exvivo
 8 2490521 BA44_exvivo
 9 39283 BA45_exvivo
10 3993 V1_exvivo
11 8508928 V2_exvivo
12 10027163 MT_exvivo
13 16422433 perirhinal_exvivo
14 16392598 entorhinal_exvivo
Mapping unhit to unknown
Found 109874 unhit vertices
Writing annot to /out/sourcedata/freesurfer/sub-v1s16x0051177_ses-1/label/rh.BA_exvivo.thresh.annot

 mris_anatomical_stats -th3 -mgz -noglobal -f ../stats/rh.BA_exvivo.stats -b -a ./rh.BA_exvivo.annot -c ./BA_exvivo.ctab sub-v1s16x0051177_ses-1 rh white 

computing statistics for each annotation in ./rh.BA_exvivo.annot.
reading volume /out/sourcedata/freesurfer/sub-v1s16x0051177_ses-1/mri/wm.mgz...
reading input surface /out/sourcedata/freesurfer/sub-v1s16x0051177_ses-1/surf/rh.white...
reading input pial surface /out/sourcedata/freesurfer/sub-v1s16x0051177_ses-1/surf/rh.pial...
reading input white surface /out/sourcedata/freesurfer/sub-v1s16x0051177_ses-1/surf/rh.white...
INFO: using TH3 volume calc
INFO: assuming MGZ format for volumes.
INFO: not computing global stats
Using TH3 vertex volume calc
Total face volume 251352
Total vertex volume 251127 (mask=0)
Saving annotation colortable ./BA_exvivo.ctab

table columns are:
    number of vertices
    total surface area (mm^2)
    total gray matter volume (mm^3)
    average cortical thickness +- standard deviation (mm)
    integrated rectified mean curvature
    integrated rectified Gaussian curvature
    folding index
    intrinsic curvature index
    structure name

  828    532   1016  1.485 0.585     0.131     0.040       13     1.3  BA1_exvivo
 2440   1632   2684  1.540 0.440     0.099     0.021       19     2.1  BA2_exvivo
 1006    626    869  1.754 0.420     0.119     0.022        8     1.0  BA3a_exvivo
 1687   1135   1994  1.552 0.506     0.097     0.022       13     1.7  BA3b_exvivo
 1555    980   2891  2.393 0.643     0.097     0.021       10     1.3  BA4a_exvivo
 1078    701   1672  2.292 0.509     0.085     0.013        5     0.4  BA4p_exvivo
 7811   5302  14323  2.202 0.803     0.106     0.023       77     6.8  BA6_exvivo
 3143   2272   6167  2.403 0.638     0.103     0.018       29     2.6  BA44_exvivo
 3847   2921   9182  2.544 0.782     0.114     0.024       43     4.3  BA45_exvivo
 4335   3012   4915  1.642 0.634     0.125     0.032       48     5.7  V1_exvivo
 8214   5879  13939  2.184 0.808     0.141     0.036      110    12.2  V2_exvivo
 2086   1457   4798  2.807 0.649     0.113     0.024       19     2.1  MT_exvivo
  396    294    953  2.718 0.576     0.099     0.025        3     0.5  perirhinal_exvivo
  626    495   1985  2.557 1.100     0.139     0.056       11     1.1  entorhinal_exvivo

 mris_anatomical_stats -th3 -mgz -f ../stats/rh.BA_exvivo.thresh.stats -noglobal -b -a ./rh.BA_exvivo.thresh.annot -c ./BA_exvivo.thresh.ctab sub-v1s16x0051177_ses-1 rh white 

computing statistics for each annotation in ./rh.BA_exvivo.thresh.annot.
reading volume /out/sourcedata/freesurfer/sub-v1s16x0051177_ses-1/mri/wm.mgz...
reading input surface /out/sourcedata/freesurfer/sub-v1s16x0051177_ses-1/surf/rh.white...
reading input pial surface /out/sourcedata/freesurfer/sub-v1s16x0051177_ses-1/surf/rh.pial...
reading input white surface /out/sourcedata/freesurfer/sub-v1s16x0051177_ses-1/surf/rh.white...
INFO: using TH3 volume calc
INFO: assuming MGZ format for volumes.
INFO: not computing global stats
Using TH3 vertex volume calc
Total face volume 251352
Total vertex volume 251127 (mask=0)
Saving annotation colortable ./BA_exvivo.thresh.ctab

table columns are:
    number of vertices
    total surface area (mm^2)
    total gray matter volume (mm^3)
    average cortical thickness +- standard deviation (mm)
    integrated rectified mean curvature
    integrated rectified Gaussian curvature
    folding index
    intrinsic curvature index
    structure name

  520    321    525  1.352 0.424     0.122     0.042        8     0.8  BA1_exvivo
 1307    856   1451  1.511 0.449     0.096     0.023       10     1.1  BA2_exvivo
  877    545    674  1.733 0.373     0.118     0.020        6     0.7  BA3a_exvivo
 1232    843   1204  1.401 0.275     0.074     0.011        4     0.6  BA3b_exvivo
 1081    681   1914  2.187 0.680     0.117     0.028       10     1.2  BA4a_exvivo
  888    578   1268  2.266 0.506     0.084     0.011        4     0.4  BA4p_exvivo
 5063   3453   9179  2.151 0.802     0.109     0.023       53     4.5  BA6_exvivo
  679    539   1638  2.356 0.651     0.110     0.020       10     0.6  BA44_exvivo
  914    702   2669  2.796 0.792     0.118     0.025       14     0.9  BA45_exvivo
 4143   2882   4650  1.647 0.655     0.122     0.032       44     5.3  V1_exvivo
 4397   3172   7008  2.023 0.799     0.144     0.036       63     6.9  V2_exvivo
  293    197    736  2.811 0.626     0.091     0.017        2     0.2  MT_exvivo
   36     24     66  2.754 0.495     0.043     0.004        0     0.0  perirhinal_exvivo
  615    459   1781  2.650 0.860     0.122     0.042        8     1.0  entorhinal_exvivo

Started at Mon Mar 9 01:37:17 CET 2026 
Ended   at Mon Mar 9 01:40:24 CET 2026
#@#%# recon-all-run-time-hours 0.052
recon-all -s sub-v1s16x0051177_ses-1 finished without error at Mon Mar  9 01:40:24 CET 2026
