#!ascii label  , from subject sub-v1s16x0051168_ses-1 vox2ras=TkReg
2886
127397  -3.163  -43.281  37.076 0.6250000000
36950  -3.162  -43.040  37.494 0.6250000000
36947  -3.336  -42.473  37.831 0.5000000000
36951  -3.593  -42.782  37.265 0.5000000000
125238  -2.915  -43.837  36.385 0.6250000000
36043  -3.614  -43.602  36.585 0.6250000000
36032  -3.644  -43.137  36.992 0.5000000000
36955  -4.225  -42.970  36.866 0.5000000000
35150  -2.945  -43.934  36.030 0.6250000000
35151  -3.522  -44.111  36.085 0.6250000000
36044  -3.954  -43.504  36.583 0.5000000000
35152  -3.986  -44.059  36.232 0.3750000000
36045  -4.344  -43.694  36.207 0.2500000000
36956  -4.272  -43.195  36.440 0.2500000000
133069  -4.340  -44.319  35.848 0.3750000000
36055  -4.755  -44.184  35.583 0.2500000000
35162  -3.966  -44.732  35.722 0.5000000000
36959  -4.680  -43.573  35.886 0.2500000000
116245  -4.941  -43.861  35.408 0.2500000000
37819  -0.612  -41.894  38.411 0.6250000000
36953  -1.179  -42.254  37.742 0.6250000000
36949  -1.475  -42.424  37.704 0.6250000000
36019  -1.965  -42.654  37.925 0.6250000000
36031  -2.894  -42.944  37.563 0.6250000000
130493  -1.394  -42.386  36.915 0.7500000000
36954  -1.793  -42.653  37.078 0.6250000000
36041  -2.415  -43.237  36.371 0.6250000000
36042  -2.712  -43.305  36.694 0.6250000000
126883  -2.008  -42.897  36.452 0.6250000000
36054  -2.394  -43.562  35.814 0.6250000000
38698  -4.090  -42.305  36.101 0.2500000000
37824  -4.053  -42.645  36.631 0.2500000000
36952  -3.832  -42.804  37.013 0.3750000000
35149  -2.673  -43.887  35.735 0.7500000000
35160  -2.981  -44.482  35.404 0.6250000000
37835  -4.530  -42.834  34.759 0.2500000000
37828  -4.448  -42.751  35.446 0.2500000000
119393  -4.506  -43.023  36.052 0.2500000000
34310  -3.744  -45.278  35.260 0.5000000000
36962  -4.818  -43.429  35.501 0.2500000000
35163  -4.488  -44.820  35.399 0.5000000000
35172  -4.888  -44.804  35.105 0.3750000000
35186  -5.166  -45.077  34.477 0.2500000000
36069  -5.041  -44.344  34.990 0.3750000000
36974  -5.065  -43.792  34.853 0.2500000000
34340  -3.587  -46.657  34.099 0.2500000000
33408  -4.297  -47.205  34.099 0.3750000000
131972  -2.843  -46.563  33.349 0.2500000000
32538  -5.892  -48.523  33.039 0.3750000000
33424  -6.098  -47.749  32.896 0.3750000000
37817  1.096  -41.353  39.166 0.6250000000
37814  -0.130  -41.644  38.928 0.6250000000
38684  0.618  -41.402  38.471 0.6250000000
37821  -0.041  -41.545  37.921 0.6250000000
131852  0.317  -41.379  37.734 0.7500000000
37822  -0.906  -42.055  37.648 0.7500000000
37825  -0.401  -41.617  37.161 0.8750000000
133614  -1.112  -42.178  36.948 0.7500000000
36957  -1.556  -42.595  36.404 0.7500000000
38701  -3.928  -41.935  35.574 0.2500000000
37826  -0.935  -42.016  36.177 1.0000000000
36958  -2.023  -43.199  35.815 0.7500000000
115860  -3.702  -41.308  34.969 0.2500000000
38710  -4.061  -42.238  34.848 0.2500000000
35159  -2.673  -44.279  35.322 0.7500000000
35171  -3.344  -45.084  35.162 0.5000000000
37836  -4.817  -43.272  34.286 0.2500000000
36961  -1.912  -43.489  35.166 0.8750000000
36068  -2.569  -44.688  34.817 0.7500000000
34311  -4.173  -45.298  35.252 0.6250000000
34332  -5.181  -46.006  34.229 0.3750000000
124827  -2.183  -44.116  34.831 0.5000000000
34329  -3.297  -45.856  34.684 0.6250000000
34320  -4.095  -45.884  34.918 0.5000000000
121659  -5.166  -43.878  34.137 0.2500000000
36090  -2.188  -44.487  34.273 0.5000000000
126856  -2.861  -45.431  34.568 0.3750000000
34330  -4.235  -46.568  34.487 0.5000000000
35185  -2.403  -45.231  33.815 0.3750000000
122133  -3.752  -46.124  34.724 0.5000000000
115925  -2.901  -45.989  33.974 0.3750000000
38677  1.531  -41.183  39.690 0.6250000000
130565  -3.820  -41.749  34.127 0.2500000000
132468  -3.640  -41.277  33.483 0.2500000000
36960  -1.521  -42.752  35.621 1.0000000000
38719  -3.979  -42.023  33.214 0.2500000000
116768  -4.281  -42.535  34.117 0.2500000000
38709  -0.367  -41.641  34.597 0.8750000000
37834  -1.000  -42.386  34.320 0.5000000000
36973  -1.828  -43.758  34.239 0.6250000000
37848  -4.231  -42.658  32.564 0.2500000000
37841  -4.455  -42.941  33.428 0.2500000000
38718  -0.591  -41.974  33.665 0.3750000000
36988  -1.349  -43.048  33.856 0.5000000000
38746  3.058  -41.642  30.814 0.3750000000
38734  1.527  -41.932  31.322 0.1250000000
38735  0.925  -41.998  31.696 0.3750000000
38727  -0.233  -41.863  32.929 0.3750000000
36989  -1.459  -43.778  33.112 0.2500000000
39731  1.955  -41.241  31.615 0.5000000000
38725  1.208  -41.397  31.983 0.3750000000
39729  3.808  -40.193  31.366 0.5000000000
39740  3.479  -40.865  31.054 0.2500000000
39741  2.733  -41.072  31.320 0.3750000000
38682  3.303  -39.899  38.965 0.5000000000
38688  2.745  -40.062  38.121 0.5000000000
119096  1.562  -41.075  38.818 0.6250000000
117488  1.952  -40.612  38.005 0.7500000000
38690  1.129  -41.038  37.833 0.7500000000
39647  3.111  -39.840  37.362 0.7500000000
38689  2.352  -40.165  37.426 0.7500000000
38694  1.593  -40.500  36.995 0.8750000000
38696  0.016  -41.403  36.189 1.0000000000
138074  -0.425  -41.678  35.514 1.0000000000
38695  1.031  -40.833  35.950 1.0000000000
37827  -1.014  -42.212  35.198 1.0000000000
38700  0.294  -41.243  35.272 1.0000000000
36972  -1.436  -42.960  34.776 0.7500000000
38707  0.906  -40.737  33.922 0.7500000000
39696  1.719  -40.441  34.392 0.7500000000
40665  5.301  -39.300  31.481 0.3750000000
40666  4.393  -39.732  31.383 0.5000000000
39710  2.389  -40.122  33.876 0.7500000000
40676  4.843  -40.004  30.627 0.2500000000
39739  4.170  -40.505  30.840 0.3750000000
39720  3.168  -39.870  32.632 0.5000000000
129965  1.699  -40.704  32.429 0.5000000000
39730  3.218  -40.317  31.683 0.3750000000
39629  5.294  -39.621  38.742 0.5000000000
39630  4.313  -39.674  38.880 0.5000000000
39645  4.655  -39.507  37.996 0.5000000000
39646  3.670  -39.674  38.096 0.7500000000
39662  2.579  -40.005  36.585 0.8750000000
39694  3.336  -40.014  35.080 0.7500000000
39678  1.814  -40.485  35.251 0.8750000000
39693  3.972  -39.700  34.581 0.8750000000
136854  3.756  -39.655  34.073 0.8750000000
127854  2.926  -39.873  33.448 0.8750000000
40655  3.826  -39.694  31.998 0.6250000000
40634  3.980  -39.444  32.872 0.6250000000
133305  3.535  -39.624  33.536 0.7500000000
40664  6.203  -39.078  31.032 0.5000000000
132275  6.170  -39.116  32.059 0.6250000000
40654  4.596  -39.334  32.229 0.6250000000
39658  6.323  -38.913  37.176 0.6250000000
39644  5.617  -39.548  37.952 0.6250000000
129764  5.726  -39.353  37.429 0.7500000000
39660  4.880  -39.395  37.099 0.7500000000
39659  5.391  -39.100  36.613 0.7500000000
39674  5.188  -39.021  35.558 0.8750000000
116089  4.686  -39.413  36.035 0.8750000000
39708  4.209  -39.416  33.780 0.8750000000
40673  6.992  -38.993  30.415 0.3750000000
40633  4.666  -39.224  33.072 0.7500000000
41599  8.581  -38.550  29.680 0.1250000000
41569  7.799  -38.481  30.946 0.5000000000
39657  7.387  -38.632  37.213 0.6250000000
39672  6.822  -38.447  36.308 0.7500000000
39673  5.891  -38.636  36.035 0.8750000000
40599  7.475  -38.417  35.404 0.7500000000
39691  5.728  -38.724  35.003 0.8750000000
118865  4.563  -39.418  35.085 1.0000000000
40613  7.235  -38.557  34.509 0.8750000000
39706  5.665  -38.886  34.234 0.8750000000
39692  5.083  -39.048  34.641 1.0000000000
40630  7.145  -38.796  33.638 1.0000000000
39707  5.091  -39.125  33.740 0.8750000000
40652  7.673  -38.888  32.761 0.7500000000
40631  6.118  -38.996  33.456 0.8750000000
41568  8.694  -38.167  31.430 0.7500000000
40662  8.176  -38.623  32.031 0.7500000000
40653  6.750  -39.068  32.730 0.7500000000
40632  5.464  -39.141  32.675 0.8750000000
41612  9.968  -38.596  28.789 0.2500000000
40598  8.425  -38.426  35.632 0.5000000000
40588  7.706  -38.386  36.323 0.5000000000
40611  9.291  -38.584  34.826 0.8750000000
40628  9.628  -38.555  34.028 0.8750000000
40612  8.258  -38.543  34.464 1.0000000000
132805  8.897  -38.535  33.711 0.8750000000
40629  8.079  -38.687  33.568 1.0000000000
40651  8.605  -38.454  32.954 1.0000000000
41553  9.154  -38.186  32.375 0.7500000000
116284  9.977  -38.096  29.678 0.7500000000
118731  9.188  -37.960  30.901 0.7500000000
41583  9.212  -38.117  30.075 0.7500000000
40610  10.223  -38.667  34.561 0.6250000000
40587  8.545  -38.447  36.932 0.5000000000
40627  10.423  -38.513  33.853 0.7500000000
40650  9.633  -38.332  33.278 0.8750000000
41550  11.744  -38.205  32.499 0.8750000000
40649  10.531  -38.271  33.309 0.8750000000
41566  10.813  -37.990  31.974 0.8750000000
41552  10.176  -38.099  32.643 1.0000000000
132658  11.041  -37.793  31.065 1.0000000000
41598  11.713  -38.154  29.550 0.8750000000
41567  9.670  -37.958  31.750 1.0000000000
41610  11.408  -38.458  28.437 0.8750000000
117540  10.710  -38.229  29.150 0.8750000000
123078  18.901  -37.189  23.582 0.1250000000
41691  17.776  -38.224  23.916 0.5000000000
117774  17.470  -36.807  23.621 0.7500000000
133316  11.100  -38.471  33.663 0.7500000000
40648  11.715  -38.367  33.321 0.8750000000
41551  11.067  -38.128  32.957 0.8750000000
41564  12.492  -38.473  31.200 0.8750000000
41565  11.770  -38.126  31.635 0.8750000000
41581  11.726  -38.030  30.666 0.8750000000
41609  12.325  -38.363  28.676 0.8750000000
42563  13.978  -38.342  27.346 0.7500000000
42545  12.913  -38.389  28.083 0.8750000000
44456  19.613  -35.739  22.786 0.2500000000
43510  19.208  -36.448  23.080 0.2500000000
43524  18.893  -35.832  22.773 0.5000000000
133179  17.666  -36.105  23.406 0.6250000000
43512  16.772  -37.126  23.963 0.7500000000
41563  13.180  -38.904  30.743 0.8750000000
41548  13.156  -38.764  31.666 0.8750000000
41580  12.497  -38.419  30.261 0.8750000000
41579  13.248  -38.858  29.858 0.8750000000
42526  14.458  -38.577  28.294 0.8750000000
41596  13.465  -38.722  29.135 0.8750000000
42544  13.726  -38.438  28.041 0.7500000000
42561  15.398  -37.975  27.369 0.7500000000
43453  15.868  -37.386  26.006 0.7500000000
42574  15.341  -37.845  26.574 0.7500000000
44422  16.789  -36.070  24.982 0.7500000000
43484  16.360  -36.738  25.498 0.7500000000
45469  19.376  -34.555  22.643 0.7500000000
45448  18.609  -34.746  23.060 0.8750000000
45449  18.082  -34.982  23.515 0.8750000000
44440  17.332  -35.455  24.582 0.7500000000
43498  16.473  -36.802  24.609 0.7500000000
122586  13.892  -39.078  29.574 0.8750000000
120580  13.942  -39.175  30.272 0.8750000000
41595  14.339  -38.906  28.970 0.8750000000
42542  15.395  -38.287  28.096 0.7500000000
42543  14.615  -38.338  27.701 0.7500000000
43468  16.457  -36.824  26.479 0.7500000000
44421  17.336  -35.476  25.632 0.8750000000
44407  16.875  -36.114  26.037 0.7500000000
46355  19.317  -33.164  23.987 0.8750000000
119217  18.356  -34.335  23.796 0.8750000000
45428  18.267  -34.243  24.793 0.8750000000
45407  17.787  -34.849  25.223 0.8750000000
44348  27.017  -34.293  31.661 0.3750000000
45316  25.703  -33.945  32.104 0.6250000000
134642  25.202  -33.834  31.740 0.6250000000
43419  28.824  -35.922  30.379 0.5000000000
44359  27.777  -35.070  30.326 0.6250000000
45328  27.250  -34.500  30.767 0.6250000000
45330  25.826  -33.874  31.396 0.7500000000
46260  24.077  -33.640  31.034 0.8750000000
46261  23.233  -33.679  31.045 0.7500000000
126044  22.933  -33.906  31.680 0.6250000000
45335  20.702  -34.200  31.342 0.8750000000
45336  19.954  -34.603  31.040 0.8750000000
44351  18.656  -35.719  31.150 0.8750000000
123300  28.678  -36.257  29.731 0.7500000000
44367  27.698  -35.433  29.459 0.7500000000
45342  27.290  -34.711  29.910 0.6250000000
45355  25.925  -33.772  29.779 1.0000000000
46268  24.486  -33.513  30.430 1.0000000000
46270  22.693  -33.436  30.432 1.0000000000
46271  21.839  -33.520  30.618 0.8750000000
45347  20.358  -33.937  30.426 0.8750000000
119591  19.680  -34.414  30.328 0.8750000000
44361  18.594  -35.335  30.231 0.8750000000
41594  15.270  -39.029  29.189 0.8750000000
43425  28.980  -36.812  29.144 0.7500000000
44375  27.846  -36.318  27.939 0.8750000000
45364  26.716  -34.363  28.655 0.8750000000
45365  26.036  -33.805  29.023 0.8750000000
46267  25.205  -33.546  30.149 1.0000000000
46269  23.645  -33.421  30.217 1.0000000000
117299  22.095  -33.288  29.772 0.8750000000
45356  19.779  -34.032  29.698 0.8750000000
45358  19.118  -34.668  29.742 0.8750000000
43426  17.862  -35.719  29.776 0.8750000000
43427  17.272  -36.469  29.501 0.8750000000
43428  16.764  -37.133  29.044 0.8750000000
42525  15.768  -38.533  28.797 0.8750000000
134443  15.058  -38.731  28.602 0.8750000000
44388  27.861  -36.226  27.096 0.8750000000
45379  26.749  -34.369  27.808 0.8750000000
46279  25.248  -33.481  29.333 1.0000000000
46290  23.026  -33.229  28.515 1.0000000000
116323  21.654  -33.351  29.068 1.0000000000
44368  17.969  -35.329  28.935 0.8750000000
43436  17.125  -36.394  28.694 0.8750000000
45388  27.597  -35.554  25.950 1.0000000000
136018  26.330  -33.870  27.445 0.8750000000
46306  25.641  -33.320  27.416 0.8750000000
46307  24.696  -33.029  27.769 1.0000000000
46309  22.489  -33.118  27.777 1.0000000000
46310  21.784  -33.061  27.608 1.0000000000
46293  20.556  -33.330  28.280 1.0000000000
45366  19.186  -33.908  28.182 0.8750000000
44377  17.962  -35.088  28.095 0.7500000000
44378  17.478  -35.707  28.387 0.7500000000
43437  16.678  -37.064  28.200 0.8750000000
42560  16.108  -37.647  27.757 0.7500000000
45403  27.820  -35.410  25.095 1.0000000000
45405  26.595  -34.117  25.396 1.0000000000
46305  26.228  -33.696  26.751 0.8750000000
46324  24.865  -32.905  26.781 1.0000000000
46308  23.127  -33.003  27.506 1.0000000000
46311  20.832  -33.038  27.452 1.0000000000
132498  19.374  -33.633  27.562 0.8750000000
45381  18.472  -34.458  27.736 0.7500000000
44390  17.466  -35.622  27.527 0.7500000000
43451  17.049  -36.301  27.868 0.7500000000
43452  16.602  -36.978  27.372 0.7500000000
121294  29.449  -34.751  23.248 1.0000000000
45425  28.181  -35.076  24.272 1.0000000000
45426  27.181  -34.613  24.657 1.0000000000
46322  26.147  -33.642  25.914 0.8750000000
47243  24.916  -32.838  25.815 1.0000000000
133237  23.700  -32.473  25.572 1.0000000000
119533  22.073  -32.593  26.394 1.0000000000
47247  20.869  -32.789  26.429 0.8750000000
46312  19.483  -33.486  26.978 0.8750000000
45391  18.386  -34.383  26.789 0.7500000000
45382  17.909  -34.986  27.169 0.7500000000
44391  16.982  -36.209  26.996 0.7500000000
45465  28.814  -34.377  22.710 1.0000000000
46371  27.039  -34.070  23.124 0.8750000000
118598  26.138  -33.662  23.987 0.8750000000
47257  24.933  -32.884  24.878 0.8750000000
47274  23.567  -32.298  24.727 0.8750000000
47260  22.189  -32.381  25.763 0.8750000000
47262  20.821  -32.543  25.445 0.8750000000
46326  19.585  -33.239  25.985 0.8750000000
45406  18.323  -34.300  25.831 0.8750000000
45392  17.841  -34.910  26.230 0.8750000000
44406  17.419  -35.555  26.612 0.7500000000
46390  27.308  -33.868  22.386 1.0000000000
46372  26.271  -33.710  23.320 0.8750000000
47272  24.931  -32.919  23.936 0.8750000000
48192  23.729  -32.160  23.714 0.8750000000
48194  22.372  -32.048  24.254 0.8750000000
47275  21.019  -32.235  24.531 0.8750000000
47277  19.883  -32.725  24.292 0.8750000000
46338  18.852  -33.703  25.400 0.8750000000
126742  21.901  -32.003  23.816 0.8750000000
43418  29.228  -36.550  30.016 0.7500000000
43424  29.766  -37.171  28.960 0.7500000000
43433  30.010  -37.261  28.209 0.7500000000
43434  29.310  -37.089  28.174 0.7500000000
43449  28.902  -36.910  27.292 0.8750000000
43465  29.375  -36.698  26.524 1.0000000000
44403  28.951  -36.291  26.013 1.0000000000
44402  29.843  -36.352  25.840 1.0000000000
44435  29.922  -35.698  24.624 1.0000000000
45402  28.814  -35.673  24.774 1.0000000000
45444  30.153  -35.161  23.754 1.0000000000
45443  30.354  -34.723  22.828 1.0000000000
116774  29.852  -37.132  27.256 0.8750000000
43464  30.300  -36.780  26.357 0.8750000000
43479  30.804  -36.313  25.661 1.0000000000
119350  30.857  -35.800  25.020 1.0000000000
44434  30.889  -35.496  24.271 1.0000000000
120511  31.079  -35.159  23.399 1.0000000000
45463  31.394  -34.836  22.416 1.0000000000
45479  32.103  -34.456  21.575 0.8750000000
46408  32.769  -33.854  20.902 0.8750000000
47311  33.491  -33.098  20.323 0.7500000000
47325  34.113  -32.315  20.034 0.7500000000
121855  31.766  -37.202  26.932 0.8750000000
43448  30.848  -37.170  27.011 0.8750000000
43462  32.128  -36.975  26.174 0.8750000000
43463  31.213  -36.904  26.234 1.0000000000
43477  32.423  -36.521  25.563 1.0000000000
43478  31.618  -36.539  25.746 1.0000000000
44417  31.672  -36.037  25.243 1.0000000000
45423  31.778  -35.529  23.881 1.0000000000
45421  33.816  -35.255  23.142 1.0000000000
44433  31.589  -35.721  24.670 1.0000000000
45422  32.774  -35.540  23.469 1.0000000000
45441  33.155  -35.188  22.704 1.0000000000
45461  33.724  -34.715  22.012 1.0000000000
45442  32.085  -35.262  23.006 1.0000000000
45462  32.591  -34.920  22.155 1.0000000000
46386  33.248  -34.324  21.469 1.0000000000
46407  33.910  -33.504  20.954 1.0000000000
48225  34.246  -31.334  21.167 0.6250000000
47336  33.751  -32.247  19.340 0.6250000000
48237  34.509  -31.611  20.069 0.7500000000
49155  33.134  -30.620  21.327 0.6250000000
43461  33.247  -36.814  26.174 0.6250000000
43475  34.127  -36.359  25.834 0.8750000000
123465  32.714  -37.173  26.971 0.6250000000
44414  34.674  -36.044  25.059 1.0000000000
45401  35.348  -35.092  24.717 1.0000000000
44416  32.566  -36.090  25.000 1.0000000000
44415  33.549  -36.017  24.582 1.0000000000
44430  34.484  -35.437  24.242 1.0000000000
44431  33.552  -35.603  23.862 1.0000000000
44432  32.503  -35.821  24.333 1.0000000000
135225  34.417  -35.127  23.577 1.0000000000
45440  34.107  -34.897  22.536 1.0000000000
46369  34.757  -34.201  22.134 1.0000000000
46385  34.321  -33.918  21.501 1.0000000000
47298  34.752  -32.994  21.159 1.0000000000
48214  34.825  -31.854  21.644 1.0000000000
47310  34.523  -32.368  20.780 0.8750000000
45420  35.194  -34.492  23.962 0.8750000000
46351  35.278  -33.552  24.424 0.8750000000
45439  34.906  -34.511  22.962 0.8750000000
46352  35.206  -33.415  23.615 1.0000000000
46368  35.230  -33.221  22.735 1.0000000000
46384  35.105  -33.044  21.853 1.0000000000
124612  33.529  -30.920  22.099 0.7500000000
49148  32.162  -30.612  21.959 0.6250000000
49156  31.957  -30.275  21.228 0.6250000000
118157  33.560  -31.349  25.031 1.0000000000
47270  35.022  -32.671  24.349 1.0000000000
48188  34.779  -31.948  24.454 1.0000000000
47271  35.048  -32.418  23.526 1.0000000000
48189  34.143  -31.462  24.268 1.0000000000
48190  33.143  -31.060  24.176 1.0000000000
48201  35.057  -32.110  22.611 1.0000000000
48202  34.310  -31.372  22.741 1.0000000000
134315  33.960  -31.268  23.567 1.0000000000
48203  33.278  -30.990  23.175 1.0000000000
48204  32.391  -30.865  23.642 1.0000000000
48215  32.289  -30.738  22.853 0.8750000000
49149  31.261  -30.485  22.575 0.6250000000
49157  31.179  -30.240  21.698 0.6250000000
131601  30.259  -29.908  22.214 0.7500000000
50133  29.648  -29.147  22.383 0.6250000000
49142  29.875  -29.713  22.943 0.8750000000
48191  31.918  -30.855  24.395 1.0000000000
48181  31.498  -30.665  25.083 1.0000000000
49134  31.039  -30.511  24.525 1.0000000000
49140  31.372  -30.657  23.597 1.0000000000
118953  30.592  -30.346  23.937 1.0000000000
49141  30.052  -29.808  23.719 1.0000000000
50126  29.690  -29.189  23.142 0.8750000000
51068  29.435  -28.333  21.711 0.7500000000
49127  30.958  -30.155  25.382 1.0000000000
50111  30.576  -29.442  25.103 1.0000000000
49128  30.466  -30.031  24.544 1.0000000000
50120  30.220  -29.286  24.370 1.0000000000
135767  29.912  -29.096  23.785 1.0000000000
51042  29.756  -28.542  23.447 1.0000000000
51056  29.514  -28.482  22.634 0.8750000000
51962  29.410  -27.654  22.246 0.7500000000
52836  29.432  -26.738  21.983 0.8750000000
53658  29.438  -26.139  21.375 0.8750000000
54510  29.611  -25.112  20.571 0.8750000000
55346  29.764  -24.146  18.804 0.6250000000
50101  31.532  -29.217  26.541 0.8750000000
50110  31.014  -29.454  25.860 1.0000000000
51011  30.812  -28.657  25.499 1.0000000000
51026  30.434  -28.615  24.808 1.0000000000
51919  30.756  -28.014  25.115 1.0000000000
51930  30.423  -27.805  24.403 1.0000000000
51027  30.119  -28.546  24.132 1.0000000000
52812  30.750  -26.974  24.138 1.0000000000
51944  30.146  -27.366  23.594 1.0000000000
51945  29.656  -27.843  23.096 1.0000000000
52824  29.747  -27.069  22.820 1.0000000000
53650  30.456  -25.903  22.912 1.0000000000
52835  29.924  -26.377  22.643 1.0000000000
53657  29.891  -25.764  22.142 0.8750000000
53663  29.717  -25.363  21.356 0.8750000000
55335  30.656  -23.961  21.071 1.0000000000
54506  30.099  -24.626  21.182 1.0000000000
56222  30.672  -22.889  18.629 0.7500000000
55342  30.224  -23.466  19.103 0.7500000000
55339  30.629  -23.585  20.516 0.8750000000
50998  31.851  -28.190  26.493 0.7500000000
51918  31.322  -27.832  25.688 0.8750000000
52799  31.776  -26.970  25.281 0.8750000000
51929  31.042  -27.327  24.910 0.8750000000
52811  31.410  -26.592  24.582 0.8750000000
52822  31.006  -26.234  23.878 1.0000000000
52823  30.379  -26.543  23.346 1.0000000000
136503  30.738  -26.035  23.394 1.0000000000
53656  30.709  -25.217  22.596 1.0000000000
54505  30.692  -24.344  21.616 1.0000000000
54503  30.305  -24.935  21.875 1.0000000000
56214  30.765  -22.861  19.405 0.8750000000
56206  30.943  -22.965  20.174 1.0000000000
55338  31.198  -23.284  20.894 1.0000000000
121035  30.381  -23.506  19.878 0.7500000000
50984  32.712  -28.419  27.437 0.7500000000
51909  32.548  -27.553  26.655 0.7500000000
51917  32.103  -27.297  26.047 0.8750000000
52797  33.031  -26.196  26.006 0.8750000000
52798  32.414  -26.582  25.642 0.8750000000
53635  32.655  -25.792  25.296 0.8750000000
52810  32.041  -26.215  24.931 0.8750000000
53644  31.682  -25.869  24.186 0.8750000000
54497  33.280  -24.215  23.521 0.8750000000
54498  32.532  -24.549  23.157 1.0000000000
53649  31.158  -25.577  23.385 1.0000000000
54499  31.622  -24.866  22.890 1.0000000000
136339  32.147  -24.123  22.387 1.0000000000
54502  31.109  -24.509  22.194 1.0000000000
55334  31.444  -23.792  21.633 1.0000000000
56204  32.377  -22.209  20.779 1.0000000000
56199  32.008  -22.961  21.243 1.0000000000
55333  32.418  -23.442  21.914 1.0000000000
57167  31.764  -21.810  19.168 0.8750000000
56213  31.350  -22.346  19.691 0.8750000000
51897  32.938  -27.740  27.193 0.6250000000
51908  33.084  -27.215  26.848 0.6250000000
52786  32.801  -26.914  26.312 0.8750000000
53633  33.868  -24.927  26.038 0.8750000000
53622  33.596  -25.737  26.363 0.8750000000
54475  34.371  -24.273  25.601 0.8750000000
55299  34.728  -23.608  25.244 0.7500000000
53642  33.005  -25.048  24.884 0.8750000000
55298  34.861  -22.811  24.931 0.5000000000
55307  34.416  -23.373  24.474 0.7500000000
54487  34.178  -24.040  24.788 0.8750000000
54488  33.501  -24.434  24.372 0.8750000000
53643  32.345  -25.458  24.521 0.8750000000
56173  35.009  -22.052  24.512 0.7500000000
55308  33.908  -23.840  23.968 0.8750000000
54489  32.796  -24.811  24.002 0.8750000000
56183  34.713  -21.896  23.743 0.5000000000
56174  34.528  -22.610  24.139 0.8750000000
55318  34.044  -23.146  23.709 0.8750000000
55319  33.599  -23.578  23.262 0.8750000000
55320  33.045  -23.891  22.730 1.0000000000
57131  34.451  -21.754  23.060 1.0000000000
56185  33.773  -22.919  23.054 1.0000000000
115923  33.385  -23.306  22.754 1.0000000000
56194  33.940  -22.294  22.775 1.0000000000
56195  33.459  -22.761  22.451 1.0000000000
55329  33.037  -23.324  22.294 1.0000000000
55330  32.705  -23.715  22.314 1.0000000000
135914  33.648  -22.036  22.130 1.0000000000
56198  32.960  -22.563  21.649 1.0000000000
57166  32.459  -21.390  19.436 1.0000000000
57154  32.713  -21.564  20.237 1.0000000000
57177  32.214  -21.330  18.609 1.0000000000
57188  32.007  -21.483  17.748 0.7500000000
56241  31.935  -21.782  16.902 0.7500000000
51883  33.805  -27.747  28.162 0.5000000000
51896  33.529  -27.290  27.414 0.6250000000
53611  33.883  -26.012  26.946 0.6250000000
52785  33.429  -26.596  26.741 0.6250000000
53610  34.384  -25.732  27.447 0.5000000000
134683  34.893  -23.843  26.036 0.7500000000
56163  35.814  -21.531  25.377 0.5000000000
56164  35.344  -22.170  25.341 0.5000000000
116162  35.149  -23.016  25.772 0.5000000000
57100  35.560  -21.495  24.793 0.5000000000
57115  35.274  -21.371  24.066 0.5000000000
58183  35.625  -20.719  23.632 0.5000000000
58202  34.653  -20.918  22.483 1.0000000000
57141  34.030  -21.232  21.879 1.0000000000
57153  33.340  -21.219  20.574 1.0000000000
57176  32.719  -20.903  18.025 0.8750000000
119271  32.930  -20.861  18.879 1.0000000000
54577  33.845  -24.668  13.749 0.1250000000
55392  32.638  -23.900  14.681 0.2500000000
56254  32.255  -22.525  15.384 0.5000000000
119213  32.009  -22.112  16.095 0.5000000000
57203  32.616  -21.405  16.480 0.8750000000
56271  32.616  -22.925  14.724 0.2500000000
56253  32.856  -21.997  14.949 0.5000000000
52770  34.402  -26.520  28.039 0.3750000000
54452  34.582  -24.912  27.060 0.5000000000
53621  34.135  -25.311  26.726 0.6250000000
55276  35.428  -23.374  27.223 0.3750000000
54451  34.979  -24.128  26.940 0.3750000000
56141  35.958  -21.936  26.966 0.2500000000
55286  35.212  -23.413  26.461 0.3750000000
57068  36.410  -21.294  26.491 0.2500000000
56142  35.532  -22.669  26.532 0.3750000000
56151  35.787  -21.870  26.028 0.3750000000
136508  35.439  -22.437  25.913 0.5000000000
57086  37.117  -20.691  26.068 0.3750000000
57087  36.339  -21.165  25.683 0.5000000000
57114  35.878  -20.871  24.344 0.5000000000
58231  33.835  -20.577  20.101 1.0000000000
57165  33.165  -21.014  19.728 1.0000000000
58242  33.728  -20.530  19.166 1.0000000000
130891  33.551  -20.559  18.246 0.8750000000
57221  32.706  -21.677  15.708 0.7500000000
58258  33.323  -20.705  17.443 0.8750000000
124777  34.418  -24.946  13.276 0.1250000000
55406  33.542  -23.813  13.534 0.1250000000
56270  33.210  -22.366  14.276 0.5000000000
53766  35.144  -25.116  12.727 0.1250000000
54576  33.964  -24.273  13.127 0.1250000000
53601  34.830  -25.758  28.219 0.2500000000
58062  38.636  -20.270  30.648 0.2500000000
120922  37.741  -20.488  30.868 0.2500000000
137503  35.246  -25.162  28.427 0.1250000000
53609  34.958  -24.879  27.735 0.1250000000
58063  37.871  -20.493  29.977 0.2500000000
138934  37.094  -21.217  29.320 0.2500000000
57039  36.748  -21.871  29.308 0.2500000000
56134  36.148  -22.655  28.460 0.2500000000
55269  35.707  -23.465  28.219 0.2500000000
127447  35.301  -24.037  27.697 0.3750000000
136975  38.176  -20.446  29.475 0.2500000000
58076  37.649  -20.688  29.203 0.2500000000
57051  36.524  -21.978  28.644 0.2500000000
55275  35.780  -22.645  27.554 0.2500000000
122414  38.460  -20.445  29.009 0.2500000000
57050  37.017  -21.194  28.667 0.2500000000
132492  36.635  -21.491  28.091 0.2500000000
58088  37.812  -20.596  28.282 0.2500000000
57059  37.054  -20.943  27.817 0.2500000000
124923  36.205  -21.986  27.869 0.2500000000
57067  37.013  -20.807  26.998 0.2500000000
57060  36.504  -21.389  27.373 0.2500000000
58104  37.613  -20.632  27.472 0.2500000000
58146  36.881  -20.647  25.226 0.5000000000
58166  36.625  -20.499  24.523 0.5000000000
58182  36.297  -20.363  23.847 0.5000000000
139710  36.040  -20.239  23.273 0.7500000000
133942  35.912  -19.844  22.133 1.0000000000
58229  35.340  -19.831  20.721 1.0000000000
58241  34.622  -20.118  19.487 1.0000000000
58251  34.438  -20.294  18.458 1.0000000000
134282  33.136  -20.928  16.837 0.8750000000
57186  33.751  -20.659  16.877 0.8750000000
57202  33.485  -20.965  16.151 0.8750000000
54595  34.465  -24.324  12.642 0.1250000000
56291  33.584  -22.815  13.574 0.5000000000
55405  34.043  -23.427  12.871 0.1250000000
131950  37.232  -20.943  30.333 0.2500000000
58075  38.835  -20.344  29.776 0.2500000000
138645  37.326  -20.895  29.709 0.2500000000
57038  36.965  -21.556  29.868 0.2500000000
58103  38.395  -20.437  27.503 0.2500000000
58123  37.841  -20.516  26.765 0.2500000000
58145  37.587  -20.443  25.412 0.5000000000
58200  36.261  -19.883  22.683 0.8750000000
118814  36.073  -19.677  21.274 1.0000000000
138156  35.009  -19.886  20.071 1.0000000000
58250  35.399  -20.171  18.565 1.0000000000
58257  34.306  -20.457  17.473 1.0000000000
57239  33.641  -21.545  14.680 0.6250000000
57220  33.395  -21.348  15.357 0.7500000000
56269  33.858  -21.845  13.893 0.3750000000
58086  39.373  -20.415  29.058 0.2500000000
58087  38.848  -20.369  28.314 0.2500000000
58165  37.546  -20.239  24.665 0.5000000000
58181  37.060  -20.023  23.941 0.5000000000
59231  36.664  -19.926  23.278 0.7500000000
59243  37.019  -19.613  22.568 1.0000000000
58214  36.608  -19.606  21.882 1.0000000000
58240  35.735  -19.921  19.529 1.0000000000
117103  34.525  -20.590  16.512 1.0000000000
57219  34.496  -20.813  15.420 0.8750000000
57258  34.671  -21.436  13.671 0.7500000000
57238  34.361  -21.281  14.450 0.8750000000
58102  39.479  -20.349  27.585 0.2500000000
58122  38.886  -20.310  26.599 0.2500000000
117891  38.105  -20.362  25.949 0.3750000000
58164  38.295  -20.230  25.181 0.5000000000
59213  38.467  -19.971  24.447 0.5000000000
59214  37.920  -19.867  23.864 0.5000000000
59242  37.812  -19.553  22.497 1.0000000000
58228  36.361  -19.794  20.248 1.0000000000
58239  36.786  -20.185  19.332 1.0000000000
57185  35.356  -20.568  17.088 1.0000000000
57175  35.978  -20.506  17.721 1.0000000000
57201  35.611  -20.731  16.297 1.0000000000
57237  35.231  -20.873  14.718 1.0000000000
58144  38.932  -20.195  25.681 0.2500000000
59194  39.053  -20.022  24.947 0.5000000000
59229  38.744  -19.697  23.705 0.5000000000
59251  37.445  -19.542  21.764 1.0000000000
115637  37.047  -19.681  20.871 1.0000000000
137199  37.121  -20.009  19.965 1.0000000000
58248  37.311  -20.734  18.570 1.0000000000
58249  36.417  -20.360  18.523 1.0000000000
57184  36.340  -20.926  16.965 1.0000000000
57200  36.566  -21.003  16.368 1.0000000000
57218  35.851  -20.782  15.692 1.0000000000
139322  35.795  -20.761  14.090 0.6250000000
57275  35.455  -21.518  12.305 0.3750000000
123216  35.395  -20.977  13.936 0.6250000000
57291  37.006  -21.447  11.074 0.1250000000
57274  36.061  -20.811  12.296 0.3750000000
59212  39.260  -19.809  24.247 0.5000000000
124120  38.253  -19.607  23.121 0.5000000000
58225  39.473  -20.364  20.592 1.0000000000
58212  38.859  -19.851  21.177 1.0000000000
59249  39.075  -19.663  21.974 1.0000000000
59250  38.272  -19.576  21.809 1.0000000000
57152  39.968  -21.056  20.045 1.0000000000
58236  39.232  -20.654  19.943 1.0000000000
58226  38.651  -20.177  20.379 1.0000000000
58213  38.006  -19.668  20.993 1.0000000000
56211  40.707  -21.893  18.906 1.0000000000
56212  39.874  -21.661  19.027 1.0000000000
57161  40.413  -21.632  19.456 1.0000000000
57162  39.484  -21.294  19.325 1.0000000000
58237  38.534  -20.657  19.506 1.0000000000
58227  37.819  -20.057  20.141 1.0000000000
57172  39.373  -21.633  18.603 1.0000000000
57163  38.805  -21.283  18.884 1.0000000000
57164  38.093  -21.067  18.753 1.0000000000
56217  40.819  -21.861  18.522 1.0000000000
56218  40.060  -21.831  18.350 1.0000000000
131924  38.475  -21.638  17.831 1.0000000000
56220  37.813  -21.401  18.015 1.0000000000
57174  36.987  -20.935  17.692 1.0000000000
56238  39.179  -21.629  17.188 1.0000000000
56229  38.826  -21.669  17.498 1.0000000000
56230  38.000  -21.522  17.348 1.0000000000
136856  37.507  -21.331  17.485 1.0000000000
56239  38.462  -21.535  16.954 1.0000000000
57198  38.097  -21.282  16.439 1.0000000000
57199  37.299  -21.193  16.413 1.0000000000
58275  36.678  -20.942  15.911 1.0000000000
57217  36.085  -20.741  15.332 1.0000000000
123618  36.312  -20.572  14.253 0.8750000000
57236  35.891  -20.730  14.661 0.8750000000
59325  36.641  -20.145  12.301 0.3750000000
58307  36.328  -20.413  13.196 0.5000000000
57256  35.726  -20.866  13.317 0.5000000000
58365  37.404  -20.539  11.152 0.1250000000
59241  38.504  -19.562  22.461 0.8750000000
58211  39.719  -20.083  21.370 1.0000000000
57151  40.832  -21.409  20.208 1.0000000000
56226  41.086  -21.795  18.072 1.0000000000
57182  39.889  -21.670  17.476 1.0000000000
124587  38.812  -21.450  16.714 1.0000000000
57197  39.463  -21.446  16.836 1.0000000000
57214  38.847  -21.143  16.234 1.0000000000
57216  37.388  -21.036  15.987 1.0000000000
58274  37.569  -20.744  15.556 1.0000000000
58289  37.131  -20.422  14.804 0.8750000000
58290  36.690  -20.703  15.315 1.0000000000
59317  36.788  -19.933  13.056 0.6250000000
58306  36.872  -20.166  13.906 0.7500000000
59329  37.594  -18.998  11.859 0.3750000000
59324  37.157  -19.403  12.490 0.6250000000
57148  43.413  -21.784  20.647 0.7500000000
57149  42.627  -21.806  20.300 0.8750000000
57159  43.131  -21.728  19.859 0.8750000000
57160  42.353  -21.764  19.494 0.8750000000
57169  42.844  -21.477  19.112 0.8750000000
58246  43.363  -20.733  18.636 0.8750000000
56209  41.774  -21.838  19.148 1.0000000000
56203  41.241  -21.789  19.524 1.0000000000
58247  42.586  -21.042  18.376 0.8750000000
56210  41.333  -21.888  19.042 1.0000000000
57170  42.015  -21.722  18.778 1.0000000000
57171  41.398  -21.723  18.355 1.0000000000
135564  40.502  -21.723  17.761 1.0000000000
58266  39.795  -20.962  16.362 1.0000000000
58272  40.119  -20.325  15.984 1.0000000000
58273  39.312  -20.424  15.734 1.0000000000
124140  38.388  -20.693  15.682 1.0000000000
59296  39.247  -19.546  15.217 1.0000000000
133852  38.648  -20.105  15.302 1.0000000000
58288  37.929  -20.266  15.098 1.0000000000
59304  38.355  -19.413  14.699 1.0000000000
59305  37.535  -19.835  14.347 0.8750000000
60270  38.439  -18.471  14.015 0.7500000000
60277  37.496  -18.971  13.032 0.6250000000
59316  37.219  -19.559  13.471 0.6250000000
60283  38.807  -18.128  11.393 0.3750000000
60280  38.134  -18.271  12.038 0.3750000000
129473  37.986  -18.337  13.037 0.6250000000
60281  37.653  -18.761  12.445 0.6250000000
60287  38.792  -18.902  11.088 0.2500000000
58254  42.351  -20.589  17.692 0.8750000000
57180  41.853  -21.316  18.070 0.8750000000
58263  42.120  -20.223  17.160 1.0000000000
58255  41.679  -20.814  17.431 0.8750000000
57181  41.100  -21.528  17.726 1.0000000000
59284  41.401  -19.687  16.310 1.0000000000
58264  41.538  -20.274  16.859 1.0000000000
57195  41.071  -20.914  17.123 1.0000000000
59285  40.690  -19.778  15.938 1.0000000000
58265  40.704  -20.478  16.519 1.0000000000
136381  40.601  -19.245  15.544 1.0000000000
126441  39.771  -18.233  14.580 1.0000000000
60276  38.668  -17.935  13.401 0.7500000000
122084  39.150  -18.730  14.665 1.0000000000
61208  38.629  -17.807  12.589 0.6250000000
61204  39.377  -17.471  13.212 0.6250000000
62911  41.629  -15.658  10.452 0.8750000000
62912  40.920  -16.138  10.860 0.7500000000
62068  40.390  -16.600  11.307 0.3750000000
61211  39.319  -17.527  11.503 0.6250000000
61212  38.756  -17.769  11.910 0.5000000000
62915  42.193  -15.474  9.182 0.3750000000
62916  41.634  -15.836  9.635 0.7500000000
62071  41.054  -16.188  10.128 0.6250000000
62073  39.943  -17.136  11.052 0.5000000000
62922  42.406  -15.581  8.489 0.2500000000
63784  42.879  -15.079  8.000 0.2500000000
62925  43.198  -15.317  7.305 0.2500000000
63783  43.519  -14.655  7.601 0.5000000000
58253  43.082  -20.301  17.895 0.8750000000
59274  43.484  -19.545  17.431 0.7500000000
59275  42.726  -19.882  17.261 0.8750000000
59283  42.218  -19.573  16.673 0.8750000000
59293  41.965  -18.987  16.099 1.0000000000
59294  41.247  -19.141  15.778 1.0000000000
120257  41.787  -18.525  15.462 1.0000000000
60255  40.954  -18.656  15.266 1.0000000000
60256  40.045  -18.896  15.115 1.0000000000
60268  40.522  -18.119  14.731 1.0000000000
61199  39.989  -17.608  14.122 0.8750000000
60269  39.176  -17.953  14.077 0.8750000000
62056  41.354  -16.724  13.048 0.8750000000
61206  39.852  -17.099  12.558 0.6250000000
61203  40.467  -17.127  13.340 0.7500000000
62909  43.228  -15.076  11.073 1.0000000000
62901  42.356  -15.443  11.250 1.0000000000
62902  41.552  -15.843  11.431 0.8750000000
62063  41.469  -16.224  12.270 0.8750000000
61207  39.221  -17.398  12.216 0.5000000000
63759  43.070  -14.899  10.292 0.8750000000
62067  40.919  -16.248  11.587 0.6250000000
63779  42.746  -15.014  8.771 0.6250000000
63778  43.372  -14.586  8.380 0.8750000000
63788  43.755  -14.806  6.873 0.3750000000
63777  44.035  -14.154  8.000 0.8750000000
63782  44.171  -14.224  7.214 0.5000000000
63787  44.398  -14.410  6.565 0.3750000000
59273  44.288  -19.234  17.672 0.7500000000
60231  43.884  -18.811  16.953 0.8750000000
59282  43.063  -19.186  16.785 0.8750000000
60242  42.648  -18.911  16.301 1.0000000000
60241  43.383  -18.441  16.201 1.0000000000
60254  42.585  -18.441  15.749 1.0000000000
60266  42.401  -17.840  15.022 1.0000000000
60267  41.425  -18.023  14.839 1.0000000000
61201  42.076  -16.966  13.663 1.0000000000
61197  41.820  -17.451  14.310 1.0000000000
62052  45.843  -15.962  13.288 1.0000000000
62059  45.084  -15.837  12.866 1.0000000000
133160  44.360  -16.064  13.314 1.0000000000
62054  43.659  -16.376  13.572 1.0000000000
62055  42.878  -16.669  13.667 1.0000000000
61202  41.335  -17.139  13.729 0.8750000000
62884  46.654  -15.786  12.927 1.0000000000
62060  44.254  -15.731  12.547 1.0000000000
62061  43.037  -16.107  13.033 1.0000000000
62062  42.194  -16.385  13.005 1.0000000000
62900  45.001  -15.421  11.869 1.0000000000
62892  43.399  -15.725  12.422 1.0000000000
62893  42.414  -15.824  12.208 1.0000000000
62907  44.948  -14.957  11.114 0.8750000000
126661  44.076  -14.507  9.730 0.8750000000
63771  43.331  -14.623  9.193 0.7500000000
120988  44.016  -14.247  8.848 0.8750000000
64673  44.788  -13.767  6.822 0.7500000000
60230  44.767  -18.556  17.210 0.6250000000
61168  45.341  -17.955  16.786 0.6250000000
60240  44.399  -18.066  16.415 0.6250000000
60252  43.880  -17.814  15.798 0.8750000000
60253  43.220  -17.861  15.479 1.0000000000
62044  47.195  -16.086  14.260 0.5000000000
62041  44.805  -17.073  15.020 1.0000000000
61192  43.938  -17.379  15.095 1.0000000000
62045  46.274  -16.446  14.565 1.0000000000
137132  45.656  -16.540  14.480 1.0000000000
62046  45.069  -16.619  14.385 1.0000000000
61195  44.351  -16.948  14.537 1.0000000000
61196  42.678  -17.223  14.312 1.0000000000
62050  47.368  -15.786  13.369 0.6250000000
62053  45.077  -16.214  13.659 1.0000000000
115797  44.353  -16.558  13.962 1.0000000000
131753  46.741  -15.543  12.192 0.7500000000
62906  46.192  -14.868  11.120 0.7500000000
139577  44.888  -14.460  9.995 0.7500000000
64664  44.738  -13.845  8.498 1.0000000000
64672  45.423  -13.360  6.425 0.6250000000
64667  45.354  -13.222  7.237 0.7500000000
64668  44.712  -13.711  7.614 1.0000000000
62037  49.301  -16.397  15.804 0.5000000000
61181  45.120  -17.599  16.152 0.8750000000
62030  47.028  -17.049  15.965 0.5000000000
61180  45.995  -17.415  16.243 0.5000000000
61182  44.572  -17.507  15.679 0.8750000000
62874  48.491  -15.873  14.653 0.5000000000
62038  48.515  -16.235  15.298 0.5000000000
120474  47.794  -16.619  15.546 0.5000000000
61190  46.215  -16.910  15.382 0.6250000000
61191  45.374  -17.227  15.557 0.8750000000
62043  47.854  -16.148  14.812 0.6250000000
62039  47.062  -16.543  15.089 0.6250000000
62040  45.559  -16.785  14.909 0.8750000000
139185  48.820  -15.590  14.259 0.3750000000
62875  48.105  -15.712  13.969 0.3750000000
62883  48.224  -15.511  12.900 0.5000000000
137742  47.398  -15.431  11.953 0.6250000000
62898  46.877  -15.179  11.573 0.7500000000
62905  46.987  -14.667  10.965 0.7500000000
63755  46.269  -14.423  10.411 0.7500000000
63769  47.074  -14.195  10.291 0.7500000000
64655  47.203  -13.590  9.654 0.8750000000
64656  46.341  -13.899  9.687 0.7500000000
63770  45.534  -13.739  9.072 1.0000000000
116583  46.383  -13.178  8.869 0.8750000000
65561  48.645  -12.590  8.254 0.8750000000
65562  47.714  -12.653  8.219 1.0000000000
65563  46.889  -12.751  8.266 0.8750000000
64663  45.433  -13.338  8.183 1.0000000000
65571  48.030  -12.325  7.427 1.0000000000
65572  46.938  -12.486  7.306 1.0000000000
64666  46.114  -12.845  7.787 0.8750000000
65573  46.000  -12.793  6.776 0.7500000000
64671  46.010  -12.991  5.965 0.3750000000
62864  49.242  -15.800  14.952 0.3750000000
120191  50.319  -15.558  14.827 0.3750000000
62873  49.540  -15.328  14.163 0.3750000000
117296  48.877  -15.355  13.556 0.5000000000
62882  49.758  -15.058  13.372 0.3750000000
62889  49.133  -15.142  12.785 0.5000000000
134360  48.672  -15.272  12.285 0.5000000000
62890  48.033  -15.421  12.096 0.6250000000
62897  49.361  -15.052  12.064 0.6250000000
63748  48.643  -15.104  11.664 0.6250000000
62904  47.763  -15.060  11.401 0.6250000000
63754  48.526  -14.630  10.835 0.6250000000
116703  47.670  -14.540  10.748 0.7500000000
63768  47.902  -14.071  10.230 0.6250000000
64653  49.023  -13.486  9.504 0.7500000000
64654  48.116  -13.492  9.602 0.7500000000
126480  49.933  -12.930  8.795 0.8750000000
64661  48.366  -12.937  8.984 0.8750000000
65577  48.453  -12.062  6.744 0.8750000000
65570  48.956  -12.262  7.540 0.8750000000
62871  51.223  -15.338  14.388 0.3750000000
62881  50.469  -15.115  13.940 0.3750000000
131429  50.608  -14.914  13.238 0.3750000000
63747  49.399  -14.815  11.313 0.6250000000
63753  49.438  -14.404  10.536 0.6250000000
63767  48.765  -14.053  10.087 0.6250000000
64652  50.050  -13.532  9.427 0.7500000000
126460  49.506  -13.985  9.920 0.6250000000
63766  50.204  -14.195  10.197 0.6250000000
65559  50.352  -12.595  8.383 0.7500000000
64659  50.444  -13.044  8.970 0.7500000000
66489  50.085  -11.756  7.092 0.8750000000
62880  51.424  -15.028  13.585 0.3750000000
62888  50.152  -14.904  12.589 0.3750000000
62896  50.160  -14.808  11.776 0.6250000000
115586  50.957  -14.627  11.466 0.3750000000
63752  50.203  -14.579  10.973 0.6250000000
63751  50.989  -14.402  10.634 0.5000000000
63765  50.961  -14.028  9.874 0.3750000000
64651  51.809  -13.733  9.753 0.3750000000
118446  51.961  -12.657  8.748 0.3750000000
64658  50.908  -12.888  8.836 0.7500000000
118357  50.962  -13.412  9.310 0.7500000000
66480  52.006  -11.986  8.225 0.5000000000
65568  50.591  -12.085  7.777 0.7500000000
66488  50.839  -11.535  7.285 0.7500000000
66487  51.605  -11.386  7.505 0.6250000000
66495  50.436  -11.302  6.544 0.8750000000
64642  51.619  -14.230  10.340 0.2500000000
65548  54.040  -12.915  9.580 0.1250000000
64649  53.701  -13.586  10.082 0.1250000000
65550  52.332  -13.130  9.316 0.1250000000
65557  52.659  -12.505  8.860 0.2500000000
66479  52.960  -11.797  8.373 0.5000000000
63750  51.836  -14.540  11.088 0.2500000000
64641  52.364  -14.207  10.476 0.1250000000
131815  53.301  -14.183  10.719 0.1250000000
64650  52.802  -13.714  9.958 0.1250000000
137656  55.171  -13.122  10.182 0.1250000000
120465  54.871  -12.786  9.647 0.1250000000
65555  54.411  -12.280  9.040 0.1250000000
65547  55.747  -12.714  9.803 0.1250000000
66478  53.875  -11.683  8.426 0.2500000000
36030  -2.519  -42.922  37.309 0.6250000000
35161  -3.419  -44.606  35.540 0.5000000000
36029  -2.134  -42.810  37.111 0.6250000000
36020  -2.302  -42.676  37.929 0.6250000000
36067  -2.349  -43.918  35.311 0.7500000000
122519  -4.808  -43.251  35.010 0.2500000000
116686  -4.685  -45.485  34.859 0.5000000000
36091  -5.242  -44.372  34.337 0.3750000000
33420  -2.985  -47.261  33.117 0.2500000000
33421  -3.772  -47.655  33.556 0.2500000000
33409  -4.788  -47.136  34.118 0.3750000000
33422  -4.634  -48.010  33.708 0.3750000000
35191  -2.351  -46.030  33.035 0.3750000000
123242  -5.752  -47.158  33.414 0.3750000000
34341  -5.603  -46.412  33.549 0.3750000000
37818  0.075  -41.634  38.928 0.6250000000
34318  -3.044  -45.099  34.984 0.7500000000
34319  -3.529  -45.625  34.975 0.6250000000
36990  -4.908  -43.637  33.536 0.2500000000
34331  -4.669  -46.333  34.404 0.3750000000
36109  -5.234  -44.333  33.554 0.2500000000
38691  0.624  -41.133  36.978 1.0000000000
39713  -3.587  -41.118  32.704 0.2500000000
38717  0.144  -41.332  33.545 0.5000000000
37013  -4.605  -43.377  32.775 0.2500000000
37840  -0.960  -42.580  33.580 0.3750000000
37863  2.070  -42.492  31.156 0.1250000000
38726  0.437  -41.676  32.384 0.5000000000
131498  0.517  -42.336  31.833 0.2500000000
37847  -0.078  -42.346  32.279 0.2500000000
117292  -1.012  -43.105  32.954 0.3750000000
39721  2.315  -40.131  32.923 0.6250000000
133207  2.465  -40.479  32.045 0.6250000000
38716  0.912  -40.916  32.872 0.6250000000
39663  1.877  -40.317  36.063 1.0000000000
38708  0.396  -41.129  34.479 0.8750000000
38699  1.052  -40.830  34.899 0.8750000000
39711  1.599  -40.405  33.386 0.7500000000
39695  2.538  -40.199  34.745 0.8750000000
40675  5.617  -39.636  30.446 0.3750000000
39738  5.401  -40.636  30.137 0.2500000000
39661  3.984  -39.596  37.260 0.7500000000
132109  3.427  -39.770  36.692 0.7500000000
118200  4.072  -39.602  36.395 0.7500000000
39676  3.334  -39.831  35.942 0.7500000000
39677  2.584  -40.126  35.588 0.8750000000
39675  4.012  -39.703  35.490 0.8750000000
39709  3.240  -39.909  34.213 0.8750000000
40674  6.286  -39.434  30.233 0.5000000000
137893  6.147  -39.109  32.730 0.7500000000
39643  6.399  -39.632  37.940 0.5000000000
122592  4.548  -39.348  34.356 1.0000000000
41585  7.821  -38.649  29.987 0.3750000000
40686  7.458  -39.443  29.638 0.3750000000
40663  7.111  -38.946  31.725 0.7500000000
40684  9.262  -38.527  29.254 0.3750000000
41584  8.493  -38.258  30.416 0.7500000000
39690  6.546  -38.509  35.256 0.8750000000
40614  6.389  -38.696  34.358 0.8750000000
136439  7.688  -38.661  34.040 1.0000000000
40597  9.373  -38.532  35.929 0.5000000000
137965  9.049  -38.572  34.204 0.8750000000
41582  10.077  -37.792  30.805 0.7500000000
117357  10.858  -37.922  30.164 0.8750000000
116918  10.991  -38.730  34.331 0.7500000000
116267  10.015  -38.675  35.274 0.6250000000
41597  12.689  -38.457  29.338 1.0000000000
43496  19.710  -36.894  23.888 0.1250000000
41672  18.640  -37.942  24.003 0.3750000000
41692  17.234  -37.640  23.783 0.5000000000
134719  17.469  -38.938  24.423 0.1250000000
42611  18.030  -37.412  23.567 0.5000000000
43511  18.303  -36.475  23.206 0.3750000000
43497  17.019  -36.206  23.989 0.7500000000
40647  12.341  -38.390  32.898 0.7500000000
42528  13.116  -38.499  28.631 0.8750000000
41625  13.348  -38.414  27.594 0.7500000000
44473  19.316  -35.293  22.654 0.3750000000
44474  18.886  -35.258  22.754 0.5000000000
44457  18.278  -35.596  23.077 0.3750000000
44458  17.626  -35.511  23.703 0.7500000000
42527  13.779  -38.629  28.596 0.8750000000
121300  16.017  -37.479  26.944 0.6250000000
42562  14.703  -38.138  27.029 0.7500000000
42575  14.780  -38.173  26.386 0.7500000000
46394  19.837  -33.427  22.570 0.7500000000
45447  19.051  -33.771  23.267 0.8750000000
45429  17.816  -34.842  24.205 0.7500000000
47290  19.816  -32.851  23.294 0.7500000000
46356  18.786  -33.658  24.340 0.8750000000
45329  26.579  -34.087  31.106 0.5000000000
45315  26.332  -34.030  31.747 0.3750000000
45331  24.480  -33.836  31.726 0.7500000000
45317  24.917  -33.966  32.368 0.5000000000
44358  28.205  -35.745  29.953 0.7500000000
45344  25.978  -33.821  30.560 0.7500000000
45343  26.741  -34.180  30.337 0.6250000000
45345  25.039  -33.686  31.016 0.8750000000
46262  22.418  -33.752  31.224 0.8750000000
45334  21.568  -33.919  31.423 0.8750000000
45346  21.092  -33.709  30.778 0.8750000000
44349  20.290  -34.931  31.857 0.7500000000
44350  19.499  -35.300  31.527 0.7500000000
44360  19.277  -35.002  30.661 0.8750000000
44366  28.181  -36.160  29.007 0.7500000000
44376  27.555  -35.700  28.505 0.8750000000
45353  27.234  -34.936  29.056 0.7500000000
45354  26.657  -34.216  29.551 0.8750000000
46280  24.455  -33.377  29.700 1.0000000000
138746  22.909  -33.287  29.537 1.0000000000
46272  21.179  -33.469  29.911 0.8750000000
43435  28.492  -36.723  28.109 0.7500000000
43450  28.274  -36.601  27.407 0.8750000000
45363  27.185  -35.038  28.160 0.8750000000
46288  25.371  -33.397  28.439 1.0000000000
138959  22.356  -33.325  29.036 1.0000000000
116575  20.853  -33.430  29.015 0.8750000000
46282  20.419  -33.659  29.607 0.8750000000
118412  18.469  -35.137  29.474 0.8750000000
44369  17.486  -35.838  29.096 0.8750000000
42524  16.366  -37.936  29.324 0.8750000000
42541  16.229  -37.802  28.503 0.8750000000
44405  27.457  -35.623  26.775 1.0000000000
44389  27.423  -35.730  27.627 1.0000000000
44387  28.540  -36.528  26.720 1.0000000000
45378  27.137  -34.967  27.325 0.8750000000
45380  26.146  -33.845  28.165 0.8750000000
46289  24.431  -33.241  28.747 1.0000000000
46281  23.691  -33.293  29.224 1.0000000000
46291  22.111  -33.252  28.368 1.0000000000
46292  21.292  -33.254  28.312 1.0000000000
46294  19.964  -33.640  28.842 0.8750000000
45357  19.314  -34.154  29.070 0.8750000000
45367  18.636  -34.665  28.751 0.8750000000
45389  27.100  -34.922  26.509 1.0000000000
44404  28.084  -36.109  26.294 1.0000000000
45404  27.103  -34.855  25.642 1.0000000000
120045  26.718  -34.309  27.023 0.8750000000
124342  23.831  -33.085  28.041 1.0000000000
47231  23.903  -32.831  27.024 1.0000000000
115527  19.910  -33.373  27.753 0.8750000000
46313  18.938  -33.896  27.293 0.7500000000
44420  28.416  -35.958  25.531 1.0000000000
46335  26.096  -33.596  25.172 1.0000000000
45390  26.656  -34.232  26.231 0.8750000000
46323  25.604  -33.183  26.381 0.8750000000
47244  24.206  -32.627  26.120 1.0000000000
47233  22.405  -32.849  27.015 1.0000000000
47232  23.120  -32.772  26.797 1.0000000000
47234  21.569  -32.787  26.821 1.0000000000
46325  20.142  -33.076  26.801 1.0000000000
45445  28.524  -34.726  23.483 1.0000000000
45464  29.595  -34.431  22.558 1.0000000000
45446  27.588  -34.522  23.719 1.0000000000
45424  29.176  -35.246  24.003 1.0000000000
45427  26.414  -33.887  24.607 0.8750000000
46336  25.564  -33.206  25.446 0.8750000000
47258  24.273  -32.592  25.240 1.0000000000
47259  22.971  -32.332  25.494 0.8750000000
47245  23.447  -32.577  26.215 1.0000000000
47246  21.519  -32.559  26.023 1.0000000000
125340  22.702  -32.566  26.285 1.0000000000
47248  20.314  -32.874  25.984 0.8750000000
46327  18.917  -33.808  26.399 0.7500000000
46370  27.902  -34.296  22.903 1.0000000000
46353  26.747  -34.124  23.893 0.8750000000
46373  25.593  -33.317  23.593 0.8750000000
46354  25.667  -33.343  24.518 0.8750000000
47273  24.310  -32.490  24.298 0.8750000000
48193  23.035  -32.033  24.031 0.8750000000
48182  22.853  -32.155  24.714 0.8750000000
47261  21.580  -32.304  25.216 0.8750000000
48183  22.282  -32.197  24.997 0.8750000000
48195  21.715  -32.111  24.423 0.8750000000
47263  20.065  -32.787  25.221 0.8750000000
121285  20.450  -32.491  24.650 0.8750000000
46337  19.411  -33.174  24.884 0.8750000000
46391  26.510  -33.645  22.593 0.8750000000
47286  25.712  -33.300  22.778 0.8750000000
47287  24.980  -32.858  23.035 0.8750000000
48209  21.242  -32.092  23.697 0.8750000000
47276  20.494  -32.360  23.783 0.7500000000
42554  30.675  -37.283  27.946 0.8750000000
44419  29.376  -36.052  25.327 1.0000000000
44418  30.183  -36.037  25.296 1.0000000000
136586  30.732  -34.573  22.228 0.8750000000
45480  31.090  -34.357  21.683 0.8750000000
46409  31.654  -33.932  20.927 0.8750000000
46432  32.250  -33.385  20.200 0.8750000000
47326  32.816  -32.712  19.482 0.7500000000
43476  33.488  -36.394  25.334 0.8750000000
138625  32.031  -35.861  24.872 1.0000000000
48224  34.527  -31.619  20.530 0.6250000000
45419  35.451  -34.242  24.677 0.8750000000
120333  34.618  -31.725  23.524 1.0000000000
119057  30.484  -30.257  23.170 1.0000000000
51931  29.983  -28.006  23.774 1.0000000000
51010  31.242  -28.653  26.073 0.8750000000
56221  31.142  -22.286  18.919 0.7500000000
54512  29.917  -24.032  19.541 0.7500000000
56205  31.638  -22.565  20.484 1.0000000000
53634  33.284  -25.377  25.651 0.8750000000
53648  32.004  -25.153  23.704 1.0000000000
57143  32.954  -21.811  20.963 1.0000000000
57155  32.026  -21.930  19.972 1.0000000000
57178  31.543  -21.881  18.362 0.8750000000
118309  31.054  -22.414  18.243 0.7500000000
54463  34.495  -24.552  26.410 0.7500000000
54476  33.692  -24.664  25.234 0.8750000000
56184  34.256  -22.422  23.407 0.8750000000
57130  34.992  -21.166  23.327 0.8750000000
57142  33.474  -21.598  21.393 1.0000000000
57187  32.602  -21.154  17.233 0.8750000000
51895  34.040  -27.113  27.888 0.3750000000
52771  33.951  -26.581  27.397 0.5000000000
57099  36.170  -21.017  25.010 0.5000000000
58201  35.497  -20.378  22.815 1.0000000000
58216  34.567  -20.454  21.470 1.0000000000
58217  33.922  -20.839  21.027 1.0000000000
54565  33.249  -24.304  14.191 0.2500000000
55391  33.096  -23.354  14.125 0.2500000000
58215  35.274  -20.092  21.865 1.0000000000
58230  34.509  -20.224  20.504 1.0000000000
58256  35.116  -20.343  17.828 1.0000000000
118136  34.191  -22.312  13.122 0.5000000000
59230  37.447  -19.715  23.229 0.7500000000
58238  37.613  -20.444  19.353 1.0000000000
57183  37.209  -21.308  16.978 1.0000000000
57257  35.163  -21.305  13.141 0.5000000000
58343  36.669  -20.675  11.594 0.1250000000
57292  36.180  -21.486  11.597 0.3750000000
57173  38.604  -21.541  18.324 1.0000000000
56227  40.339  -21.836  18.023 1.0000000000
56216  41.340  -21.828  18.720 1.0000000000
56219  39.160  -21.791  18.024 1.0000000000
56240  37.805  -21.400  16.802 1.0000000000
57215  38.054  -21.042  16.010 1.0000000000
59330  37.206  -19.816  11.654 0.2500000000
59328  38.213  -18.840  11.438 0.3750000000
57196  40.346  -21.355  17.103 1.0000000000
59295  40.018  -19.726  15.575 1.0000000000
59315  37.762  -19.052  13.823 0.7500000000
60286  39.361  -18.510  10.819 0.1250000000
62072  40.537  -16.670  10.614 0.3750000000
62069  39.840  -17.059  11.769 0.6250000000
62923  41.870  -16.016  8.969 0.3750000000
127224  42.076  -15.414  9.827 0.6250000000
62910  42.478  -15.215  10.412 0.7500000000
61215  40.226  -17.304  10.465 0.3750000000
62926  42.666  -15.811  7.786 0.2500000000
61198  40.901  -17.496  14.235 1.0000000000
62064  40.568  -16.664  12.261 0.7500000000
120956  43.046  -15.453  11.791 1.0000000000
120515  43.875  -15.430  11.816 1.0000000000
62908  44.226  -15.039  11.164 0.8750000000
138766  43.365  -14.740  9.854 0.7500000000
63772  42.710  -15.026  9.625 0.7500000000
115552  45.739  -16.308  14.026 1.0000000000
62051  46.517  -16.043  13.742 1.0000000000
137634  43.737  -15.942  13.025 1.0000000000
62891  45.912  -15.658  12.474 1.0000000000
62899  46.054  -15.337  11.748 0.7500000000
139303  45.525  -15.052  11.302 0.8750000000
63758  43.742  -14.816  10.434 0.8750000000
63756  45.422  -14.666  10.617 0.8750000000
63757  44.554  -14.729  10.513 0.8750000000
116836  44.798  -14.153  9.322 0.8750000000
60229  45.633  -18.384  17.514 0.5000000000
120713  43.167  -17.439  14.862 1.0000000000
62047  43.588  -16.981  14.273 1.0000000000
116681  47.425  -15.610  12.549 0.6250000000
132482  45.550  -14.243  9.832 0.8750000000
64662  47.424  -12.971  9.009 0.8750000000
65578  47.528  -12.237  6.498 1.0000000000
65579  46.630  -12.529  6.209 0.7500000000
64660  49.263  -12.940  8.924 0.7500000000
65560  49.504  -12.570  8.273 0.8750000000
66490  49.291  -11.908  6.938 0.8750000000
65569  49.802  -12.203  7.656 0.8750000000
65558  51.231  -12.454  8.403 0.7500000000
66496  49.657  -11.571  6.320 0.8750000000
65551  51.542  -13.052  9.061 0.3750000000
65567  51.245  -11.896  7.842 0.6250000000
65549  53.179  -13.032  9.493 0.1250000000
64648  54.513  -13.339  10.151 0.1250000000
65556  53.521  -12.374  8.977 0.2500000000
124212  12.210  -38.721  27.354 0.6250000000
39812  17.677  -39.853  25.741 0.1250000000
39813  16.721  -40.002  25.602 0.1250000000
39815  14.153  -39.868  25.921 0.1250000000
40743  17.111  -39.550  24.931 0.2500000000
40744  16.281  -39.598  24.975 0.2500000000
41641  12.668  -38.831  26.907 0.6250000000
41640  13.375  -38.528  26.875 0.6250000000
116863  12.196  -38.458  27.940 0.6250000000
41673  16.945  -38.382  24.050 0.2500000000
48228  22.515  -32.270  22.208 0.7500000000
48219  21.789  -32.216  22.584 0.7500000000
47315  22.636  -32.649  21.713 0.6250000000
47316  21.826  -32.552  21.989 0.7500000000
38773  15.761  -41.746  28.149 0.1250000000
38811  16.696  -41.022  26.841 0.1250000000
38812  15.808  -41.076  26.704 0.1250000000
38813  14.921  -41.089  26.632 0.1250000000
122643  17.160  -40.448  26.323 0.1250000000
39795  16.275  -40.525  26.187 0.1250000000
39796  15.410  -40.547  26.117 0.1250000000
39797  14.568  -40.499  26.164 0.1250000000
131053  15.881  -40.024  25.586 0.1250000000
39814  15.015  -39.867  25.624 0.2500000000
40761  16.619  -39.081  24.458 0.2500000000
40762  15.863  -39.140  24.726 0.2500000000
40746  14.453  -39.296  25.593 0.2500000000
130074  13.834  -38.649  26.328 0.6250000000
41655  15.455  -38.620  24.937 0.2500000000
41656  14.769  -38.738  25.488 0.5000000000
42600  16.253  -37.562  24.429 0.6250000000
42601  15.774  -37.964  24.855 0.6250000000
48207  22.452  -31.993  23.557 0.7500000000
47314  23.424  -32.762  21.479 0.6250000000
48226  23.859  -32.467  21.699 0.6250000000
48206  23.139  -32.012  23.230 0.7500000000
47330  24.164  -32.887  21.298 0.6250000000
42588  15.975  -37.386  25.146 0.6250000000
48205  23.823  -32.104  22.854 0.7500000000
47313  24.481  -32.609  21.784 0.7500000000
47329  24.914  -33.134  21.168 0.6250000000
47301  24.420  -32.411  22.513 0.7500000000
47300  25.092  -32.853  22.223 0.7500000000
132677  26.182  -33.666  20.246 0.5000000000
47312  25.199  -33.045  21.614 0.7500000000
46439  25.419  -33.693  20.593 0.5000000000
46410  30.615  -33.801  20.977 0.7500000000
46434  30.084  -33.315  19.965 0.6250000000
46435  29.048  -33.399  20.252 0.6250000000
46433  31.174  -33.374  20.167 0.7500000000
46455  30.171  -33.052  19.019 0.6250000000
46456  29.286  -33.340  19.282 0.6250000000
138957  28.563  -33.425  19.684 0.5000000000
139800  26.784  -33.585  19.973 0.5000000000
46438  26.713  -33.497  20.574 0.6250000000
46414  25.840  -33.418  21.030 0.5000000000
46436  28.135  -33.420  20.434 0.6250000000
46458  27.352  -33.457  20.133 0.6250000000
46411  29.608  -33.688  21.041 0.6250000000
46437  27.380  -33.451  20.880 0.6250000000
46413  26.675  -33.470  21.340 0.7500000000
47299  25.956  -33.329  21.930 0.7500000000
117321  28.690  -33.611  21.188 0.6250000000
40626  11.631  -38.670  34.050 0.6250000000
40625  12.389  -38.546  33.706 0.6250000000
41549  12.449  -38.499  32.071 0.7500000000
46387  30.154  -34.283  21.898 0.7500000000
139851  26.781  -33.566  21.993 0.6250000000
116630  27.974  -33.561  21.272 0.6250000000
42501  17.857  -37.291  31.920 0.5000000000
41562  15.784  -38.759  30.877 0.5000000000
119659  13.933  -39.000  31.205 0.7500000000
43400  19.766  -35.605  32.350 0.6250000000
43412  18.967  -35.983  32.037 0.5000000000
42511  17.633  -37.022  31.239 0.5000000000
42503  16.555  -38.211  30.868 0.6250000000
131615  18.075  -36.385  31.020 0.6250000000
42512  17.007  -37.494  30.698 0.6250000000
42513  16.436  -38.128  30.113 0.6250000000
41577  15.531  -39.125  30.024 0.6250000000
41578  14.637  -39.197  29.752 0.7500000000
128381  18.132  -35.903  30.542 0.7500000000
42523  16.845  -37.248  29.897 0.7500000000
42514  15.987  -38.787  29.521 0.7500000000
43420  17.538  -36.592  30.408 0.7500000000
46388  29.172  -34.085  21.917 0.6250000000
46389  28.189  -33.930  22.027 0.6250000000
46412  27.405  -33.605  21.672 0.6250000000
40646  13.096  -38.567  32.681 0.6250000000
138883  14.873  -39.095  30.773 0.6250000000
44400  35.283  -35.221  26.463 0.7500000000
44399  35.225  -34.391  26.699 0.6250000000
45387  35.181  -33.833  25.995 0.6250000000
45400  35.481  -34.458  25.275 0.6250000000
46321  35.036  -33.189  25.609 0.6250000000
46334  35.303  -33.678  25.110 0.6250000000
119532  34.325  -31.632  24.929 0.8750000000
45377  34.999  -33.700  26.904 0.6250000000
116574  34.875  -33.147  26.397 0.6250000000
121296  34.677  -32.703  26.319 0.7500000000
47241  34.835  -32.609  25.646 0.7500000000
47242  34.684  -32.264  25.879 0.7500000000
47255  35.047  -32.910  25.016 0.7500000000
47256  34.906  -32.263  25.139 0.7500000000
136277  34.371  -31.934  25.932 0.7500000000
48178  34.663  -31.949  25.310 0.7500000000
48179  34.035  -31.650  25.602 0.8750000000
48171  33.020  -31.281  25.951 0.6250000000
49121  32.056  -30.758  26.300 0.7500000000
125370  34.647  -33.029  27.183 0.5000000000
47230  34.459  -32.600  26.864 0.6250000000
48169  34.151  -32.111  26.650 0.6250000000
48170  33.548  -31.588  26.538 0.6250000000
138850  32.670  -31.021  26.733 0.6250000000
127746  31.451  -30.076  26.377 0.7500000000
54513  29.548  -24.863  19.525 0.6250000000
56242  31.445  -22.624  16.576 0.5000000000
47225  34.353  -32.763  27.990 0.3750000000
48160  33.970  -32.249  27.629 0.3750000000
49112  33.118  -30.833  28.089 0.6250000000
48161  33.498  -31.613  27.451 0.6250000000
48162  32.850  -30.937  27.383 0.6250000000
121390  32.114  -30.398  27.073 0.7500000000
49114  31.930  -29.741  27.142 0.7500000000
48152  33.964  -32.044  28.622 0.2500000000
48153  33.593  -31.503  28.293 0.5000000000
49104  33.416  -30.675  28.751 0.1250000000
49105  32.964  -30.168  28.464 0.5000000000
50088  32.900  -29.503  28.261 0.5000000000
49113  32.481  -30.118  27.835 0.5000000000
50095  32.117  -28.852  27.067 0.6250000000
59269  43.838  -19.957  18.147 0.7500000000
50082  33.951  -29.733  29.676 0.1250000000
50952  33.843  -28.995  29.179 0.1250000000
50087  33.366  -29.760  28.993 0.3750000000
50971  32.990  -28.728  27.903 0.5000000000
50094  32.492  -29.268  27.622 0.6250000000
60211  49.581  -18.457  19.540 0.2500000000
60206  49.076  -18.873  20.249 0.2500000000
59260  47.391  -19.329  19.887 0.2500000000
59257  46.068  -20.218  20.124 0.3750000000
60216  50.182  -18.170  19.156 0.2500000000
138323  49.009  -18.245  19.070 0.2500000000
60212  48.679  -18.611  19.548 0.2500000000
60214  47.041  -18.940  19.215 0.3750000000
59262  45.772  -19.820  19.381 0.3750000000
58245  44.162  -20.414  18.878 0.6250000000
131037  48.823  -17.858  18.439 0.2500000000
60220  46.705  -18.597  18.524 0.2500000000
60221  45.927  -18.771  18.240 0.3750000000
59268  44.635  -19.658  18.399 0.6250000000
61155  47.894  -17.842  18.128 0.2500000000
136201  47.115  -18.135  18.146 0.2500000000
61167  46.203  -17.833  17.095 0.2500000000
50951  34.350  -28.829  29.699 0.1250000000
50970  33.472  -28.660  28.454 0.2500000000
50983  33.261  -28.050  27.757 0.3750000000
59253  49.534  -19.220  21.073 0.2500000000
60205  49.947  -18.735  20.323 0.2500000000
59254  48.579  -19.447  20.829 0.2500000000
59255  47.718  -19.693  20.591 0.2500000000
58234  44.466  -20.848  19.628 0.6250000000
60210  50.463  -18.459  19.747 0.2500000000
60217  49.593  -17.995  18.787 0.2500000000
58233  45.255  -20.494  19.887 0.3750000000
58235  43.656  -21.204  19.382 0.7500000000
115739  46.766  -17.470  16.684 0.3750000000
61179  47.501  -17.321  16.699 0.3750000000
61166  47.106  -17.729  17.428 0.2500000000
51882  34.406  -27.320  28.612 0.2500000000
60204  50.804  -18.654  20.509 0.2500000000
57147  44.158  -21.673  20.905 0.5000000000
61148  50.898  -18.109  19.207 0.2500000000
57158  43.925  -21.503  20.153 0.6250000000
138314  50.175  -17.514  17.790 0.2500000000
61153  50.346  -17.756  18.438 0.2500000000
61154  49.547  -17.581  17.901 0.2500000000
62015  50.029  -17.310  17.255 0.3750000000
61164  49.252  -17.263  17.022 0.3750000000
127140  47.894  -17.493  17.316 0.3750000000
61177  49.050  -16.891  16.391 0.3750000000
61178  48.378  -17.186  16.711 0.3750000000
132298  47.838  -16.992  16.163 0.3750000000
61163  50.784  -17.385  17.618 0.2500000000
62028  49.850  -16.883  16.507 0.3750000000
62029  48.474  -16.717  15.978 0.3750000000
62014  50.519  -17.067  16.904 0.3750000000
58199  39.926  -19.865  22.204 0.7500000000
58210  40.607  -20.378  21.570 0.7500000000
129599  39.154  -19.594  22.879 0.6250000000
42589  15.299  -38.088  25.655 0.6250000000
47288  24.368  -32.401  23.356 0.7500000000
43460  34.300  -36.576  26.603 0.6250000000
44413  35.313  -35.285  25.538 0.7500000000
134994  35.308  -34.615  25.998 0.6250000000
48180  32.338  -30.998  25.269 0.8750000000
54509  30.059  -24.231  20.350 0.7500000000
55345  30.220  -23.546  18.293 0.6250000000
56231  31.314  -22.280  17.498 0.6250000000
131872  37.803  -19.408  11.389 0.1250000000
56202  41.892  -21.824  19.603 0.8750000000
59267  45.453  -19.408  18.658 0.6250000000
59272  45.115  -18.984  17.945 0.5000000000
121996  50.094  -16.423  15.961 0.3750000000
41626  12.761  -38.508  27.448 0.6250000000
42576  14.161  -38.367  26.659 0.6250000000
41639  14.447  -38.491  26.035 0.6250000000
60228  46.440  -18.219  17.832 0.3750000000
128709  13.878  -40.416  26.309 0.1250000000
40725  13.344  -38.965  26.342 0.5000000000
41693  16.651  -37.838  24.037 0.5000000000
48227  23.265  -32.327  21.910 0.6250000000
48217  23.209  -32.118  22.526 0.7500000000
46417  22.018  -32.975  21.619 0.6250000000
38792  15.335  -41.457  27.361 0.1250000000
128762  15.629  -39.571  25.166 0.1250000000
40745  15.184  -39.227  25.184 0.2500000000
41657  14.044  -38.845  25.881 0.5000000000
41674  16.203  -38.408  24.400 0.5000000000
48216  23.878  -32.228  22.177 0.6250000000
46457  27.914  -33.541  19.606 0.6250000000
46479  27.801  -33.899  19.125 0.3750000000
136151  27.242  -33.758  19.587 0.5000000000
43413  18.303  -36.558  31.655 0.5000000000
40645  13.933  -38.723  32.194 0.7500000000
42502  17.182  -37.757  31.428 0.5000000000
41576  16.118  -38.742  30.320 0.6250000000
123685  31.554  -30.530  25.743 0.7500000000
135052  33.782  -31.276  28.941 0.2500000000
59259  48.208  -19.076  20.105 0.2500000000
60213  47.852  -18.759  19.415 0.2500000000
59261  46.576  -19.568  19.645 0.3750000000
60218  48.300  -18.300  18.903 0.2500000000
59266  46.244  -19.162  18.949 0.3750000000
59263  44.980  -20.120  19.108 0.5000000000
60219  47.490  -18.434  18.726 0.2500000000
50969  34.089  -28.215  28.916 0.2500000000
58222  45.509  -20.848  20.671 0.3750000000
58223  44.717  -21.193  20.414 0.6250000000
61165  48.627  -17.514  17.587 0.2500000000
34380  -2.530  -46.295  29.436 0.1250000000
34396  -2.765  -45.395  29.111 0.1250000000
34395  -1.895  -45.589  29.225 0.1250000000
35220  -1.285  -44.987  28.956 0.1250000000
35221  -2.113  -45.012  28.889 0.1250000000
36168  -1.847  -44.309  28.401 0.1250000000
32577  -2.708  -47.956  30.046 0.1250000000
34381  -3.371  -46.138  29.399 0.1250000000
34397  -3.089  -45.297  29.054 0.1250000000
35222  -2.832  -44.711  28.605 0.1250000000
36170  -2.509  -44.208  28.232 0.1250000000
36187  -2.068  -43.827  28.012 0.1250000000
31704  -4.752  -49.838  30.561 0.1250000000
32567  -4.845  -48.963  30.370 0.1250000000
33461  -5.265  -48.086  30.449 0.1250000000
33473  -4.326  -47.670  30.039 0.1250000000
33460  -4.797  -47.361  30.189 0.1250000000
33474  -4.349  -47.225  29.978 0.1250000000
34383  -4.366  -46.585  29.895 0.1250000000
34382  -3.929  -46.436  29.609 0.1250000000
35216  -4.468  -45.871  29.881 0.1250000000
35223  -3.252  -45.218  29.060 0.1250000000
37922  -3.347  -43.272  28.691 0.1250000000
36171  -2.959  -44.007  28.268 0.1250000000
37921  -2.828  -42.767  28.152 0.1250000000
37080  -2.844  -43.579  28.167 0.1250000000
37938  -2.354  -43.047  27.772 0.1250000000
36186  -1.466  -43.748  28.141 0.1250000000
30720  -5.215  -50.534  30.868 0.1250000000
31705  -5.264  -49.630  30.666 0.1250000000
31706  -5.556  -49.416  30.828 0.1250000000
32568  -5.225  -48.832  30.522 0.1250000000
127516  -5.644  -45.878  32.959 0.1250000000
34342  -5.868  -46.890  32.664 0.1250000000
33448  -5.286  -47.272  30.632 0.1250000000
120295  -5.418  -45.563  33.736 0.1250000000
35210  -4.868  -45.741  30.495 0.1250000000
138614  -4.270  -44.659  29.781 0.1250000000
36159  -4.553  -45.120  30.077 0.1250000000
37903  -3.702  -42.955  29.509 0.1250000000
37072  -3.790  -43.775  29.325 0.1250000000
37902  -3.224  -42.310  28.913 0.1250000000
37081  -3.336  -44.196  28.710 0.1250000000
38781  -2.902  -41.420  28.787 0.1250000000
38797  -2.347  -42.291  27.724 0.1250000000
37095  -1.984  -43.168  27.685 0.1250000000
37937  -2.014  -42.526  27.489 0.1250000000
31677  -5.124  -49.421  33.137 0.2500000000
29757  -5.511  -51.077  31.567 0.1250000000
31688  -5.966  -50.208  32.200 0.1250000000
127873  -5.544  -49.139  32.953 0.2500000000
33423  -5.438  -47.738  33.601 0.2500000000
133084  -5.981  -48.422  31.488 0.2500000000
32551  -6.146  -48.467  32.206 0.2500000000
32569  -5.681  -48.790  30.913 0.2500000000
34352  -5.696  -47.056  31.523 0.2500000000
34351  -5.590  -46.146  31.978 0.1250000000
35201  -5.367  -45.281  32.331 0.1250000000
35192  -5.429  -45.061  33.210 0.1250000000
36141  -4.976  -44.667  31.711 0.1250000000
37058  -4.189  -43.559  30.187 0.1250000000
115793  -4.306  -43.133  31.227 0.1250000000
36140  -4.679  -44.026  31.009 0.1250000000
38763  -3.547  -42.259  29.731 0.1250000000
37884  -3.876  -42.658  30.354 0.1250000000
40689  -2.625  -40.159  29.425 0.1250000000
39751  -2.968  -40.840  29.462 0.1250000000
39763  -2.581  -40.621  28.743 0.1250000000
128429  -2.287  -39.867  28.825 0.1250000000
39762  -2.094  -40.336  28.146 0.1250000000
39778  -2.356  -41.328  28.000 0.1250000000
38796  -1.894  -41.794  27.369 0.1250000000
38819  -1.468  -42.102  27.257 0.1250000000
39777  -1.778  -40.851  27.510 0.1250000000
32537  -5.257  -48.613  33.381 0.2500000000
38728  -3.831  -41.831  32.045 0.1250000000
37866  -4.146  -42.593  31.811 0.1250000000
38736  -3.211  -40.584  30.927 0.1250000000
120201  -3.891  -42.239  31.144 0.1250000000
39742  -2.920  -40.373  30.137 0.1250000000
38748  -3.281  -41.080  30.238 0.1250000000
40678  -2.593  -39.750  30.035 0.1250000000
41587  -2.504  -39.205  30.660 0.1250000000
40677  -2.302  -39.288  29.844 0.1250000000
40688  -2.349  -39.628  29.431 0.1250000000
40696  -1.849  -39.545  28.288 0.1250000000
41630  -1.516  -39.149  27.747 0.1250000000
40710  -1.623  -39.931  27.662 0.1250000000
132509  -1.029  -41.540  27.075 0.1250000000
39804  -0.802  -40.729  26.907 0.1250000000
38737  -3.563  -41.383  31.071 0.1250000000
39732  -3.107  -40.043  31.587 0.1250000000
41586  -2.076  -38.765  30.081 0.1250000000
41614  -1.408  -38.483  28.714 0.1250000000
131682  -1.609  -38.957  28.330 0.1250000000
40729  -1.251  -40.360  27.166 0.1250000000
41613  -1.293  -38.536  27.962 0.1250000000
41629  -1.176  -38.714  27.307 0.1250000000
40727  -0.513  -40.043  26.606 0.1250000000
41644  -0.992  -38.992  26.745 0.1250000000
41660  -0.574  -39.351  26.454 0.1250000000
42591  -0.172  -38.275  26.138 0.1250000000
116141  -3.763  -41.247  35.734 0.1250000000
39722  -3.255  -40.249  32.443 0.1250000000
39712  -3.198  -40.008  33.900 0.1250000000
40667  -2.779  -39.470  31.378 0.1250000000
123686  -2.879  -39.360  32.250 0.1250000000
40635  -2.879  -39.164  33.757 0.1250000000
40615  -3.015  -39.389  34.515 0.1250000000
41542  -2.748  -38.859  33.118 0.1250000000
139537  -2.642  -38.498  33.723 0.1250000000
41570  -2.555  -38.839  31.614 0.1250000000
43415  -1.382  -37.075  31.605 0.1250000000
121447  -2.221  -38.492  30.982 0.1250000000
42515  -1.771  -38.145  30.464 0.1250000000
42530  -1.582  -38.366  29.566 0.1250000000
42529  -1.312  -37.740  30.012 0.1250000000
127989  -1.136  -37.898  29.137 0.1250000000
122420  -0.917  -37.415  29.576 0.1250000000
42546  -1.010  -37.996  28.343 0.1250000000
124554  -0.415  -37.203  28.203 0.1250000000
43439  -0.689  -37.629  28.073 0.1250000000
132075  -0.343  -36.974  28.774 0.1250000000
43455  -0.518  -37.460  27.616 0.1250000000
42579  -0.811  -38.330  26.946 0.1250000000
43438  -0.060  -36.782  28.396 0.1250000000
43454  -0.171  -36.953  27.796 0.1250000000
42564  -0.620  -37.761  27.150 0.1250000000
132979  0.289  -36.602  28.095 0.1250000000
43471  -0.295  -37.189  27.081 0.1250000000
38697  -3.832  -41.548  36.210 0.1250000000
40600  -3.194  -39.668  35.344 0.1250000000
39664  -3.692  -40.823  36.223 0.1250000000
41538  -2.692  -38.566  34.310 0.1250000000
41534  -2.748  -38.592  35.156 0.1250000000
42487  -2.478  -38.086  33.404 0.1250000000
42481  -2.469  -37.931  34.125 0.1250000000
41554  -2.238  -38.125  31.914 0.1250000000
43392  -1.956  -37.083  33.827 0.1250000000
42505  -1.861  -37.465  32.078 0.1250000000
131720  -1.952  -37.941  31.270 0.1250000000
42504  -1.581  -37.537  30.967 0.1250000000
43422  -1.043  -37.112  30.493 0.1250000000
43421  -0.474  -36.662  30.576 0.1250000000
43429  -0.517  -36.904  29.575 0.1250000000
127275  0.048  -36.421  29.943 0.1250000000
44373  0.005  -36.571  29.092 0.1250000000
44372  0.756  -36.364  29.416 0.1250000000
132956  1.343  -36.301  28.823 0.1250000000
119973  0.324  -36.636  27.577 0.1250000000
37823  -3.770  -41.962  37.138 0.3750000000
115584  -3.691  -41.425  37.362 0.3750000000
40589  -3.423  -39.988  36.124 0.1250000000
115544  -3.521  -40.336  36.791 0.2500000000
42476  -2.389  -37.586  35.445 0.1250000000
115700  -2.939  -39.010  35.996 0.1250000000
42480  -2.250  -37.433  34.727 0.1250000000
42471  -2.405  -37.457  36.301 0.1250000000
43391  -1.591  -36.866  33.627 0.1250000000
43369  -2.114  -37.054  35.409 0.1250000000
43404  -1.531  -36.982  32.676 0.1250000000
43405  -1.877  -37.158  33.072 0.1250000000
43403  -0.989  -36.756  32.217 0.1250000000
43414  -0.906  -36.798  31.269 0.1250000000
44355  -0.197  -36.572  31.644 0.1250000000
41611  10.601  -38.675  28.447 0.3750000000
44364  1.028  -36.255  30.435 0.1250000000
44363  2.078  -35.953  30.632 0.1250000000
36944  -1.533  -42.368  38.394 0.5000000000
36945  -2.154  -42.364  38.817 0.5000000000
36946  -2.898  -42.652  38.021 0.3750000000
37816  -3.400  -41.981  38.268 0.3750000000
38679  -3.391  -41.267  38.517 0.3750000000
118643  -3.389  -40.097  38.032 0.2500000000
41527  -2.934  -38.680  37.413 0.1250000000
40579  -3.314  -39.747  37.402 0.1250000000
42467  -2.665  -37.817  37.463 0.1250000000
43364  -2.198  -37.000  36.682 0.1250000000
43359  -2.341  -37.040  37.476 0.1250000000
43379  -1.593  -36.796  34.425 0.1250000000
139382  -2.017  -36.920  35.389 0.1250000000
43358  -2.138  -36.873  36.949 0.1250000000
43352  -2.099  -36.684  37.866 0.1250000000
40644  14.829  -38.685  32.671 0.5000000000
44313  -1.609  -36.729  35.138 0.1250000000
44300  -1.744  -36.627  35.843 0.1250000000
44289  -1.860  -36.581  36.631 0.1250000000
41547  14.623  -38.822  31.729 0.5000000000
44312  -1.167  -36.590  34.857 0.1250000000
44299  -1.321  -36.467  35.508 0.1250000000
44288  -1.528  -36.346  36.254 0.1250000000
44330  -1.116  -36.624  34.157 0.1250000000
44342  -0.273  -36.564  32.880 0.1250000000
43390  -1.065  -36.708  33.295 0.1250000000
44341  0.726  -36.385  32.502 0.1250000000
132511  0.157  -36.414  30.754 0.1250000000
44354  0.856  -36.323  31.439 0.1250000000
36948  -0.813  -41.974  38.428 0.5000000000
125976  -1.054  -42.102  38.975 0.5000000000
36941  -1.206  -42.094  39.173 0.5000000000
127553  -1.261  -42.266  38.189 0.5000000000
119454  -2.552  -41.861  39.469 0.3750000000
39615  -3.186  -40.879  39.278 0.3750000000
40560  -3.145  -39.884  39.463 0.3750000000
40572  -2.976  -39.082  38.056 0.1250000000
41513  -2.895  -38.876  39.444 0.1250000000
39688  14.950  -39.090  34.726 0.2500000000
39689  14.052  -38.825  35.019 0.2500000000
39670  13.937  -38.962  35.771 0.2500000000
40593  13.104  -38.706  35.196 0.3750000000
42463  -2.702  -37.585  38.767 0.1250000000
41520  -2.744  -37.752  39.411 0.1250000000
40606  14.083  -38.681  34.120 0.3750000000
42465  -2.577  -37.294  38.532 0.1250000000
121559  14.919  -38.719  33.699 0.5000000000
40624  13.229  -38.564  33.555 0.3750000000
40607  13.178  -38.629  34.378 0.3750000000
44276  -2.165  -36.695  38.751 0.1250000000
40623  14.019  -38.639  33.174 0.3750000000
131786  12.725  -38.491  33.204 0.5000000000
44275  -1.927  -36.495  38.300 0.1250000000
45296  -0.710  -36.299  35.220 0.1250000000
45287  -0.896  -35.948  35.944 0.1250000000
45276  -1.154  -35.787  36.787 0.1250000000
44311  -0.504  -36.404  34.588 0.1250000000
44329  -0.376  -36.461  33.851 0.1250000000
44328  0.592  -36.289  33.497 0.1250000000
44468  24.134  -35.475  22.271 0.1250000000
36943  -0.270  -41.678  39.186 0.5000000000
36940  -0.448  -41.689  39.460 0.5000000000
37807  -1.079  -41.792  39.983 0.5000000000
37801  -1.380  -41.575  40.448 0.3750000000
38671  -2.869  -41.206  39.864 0.3750000000
123924  -2.656  -40.174  40.643 0.3750000000
40554  -2.505  -38.916  40.783 0.2500000000
123726  14.694  -39.329  35.561 0.2500000000
133755  15.237  -39.498  35.391 0.2500000000
43341  -2.215  -36.775  39.448 0.1250000000
42462  -2.554  -37.226  39.088 0.1250000000
40605  15.587  -38.926  34.158 0.2500000000
40594  12.188  -38.859  35.392 0.5000000000
40609  11.530  -38.859  34.821 0.5000000000
132477  15.746  -38.679  33.244 0.3750000000
41546  15.517  -38.680  31.946 0.5000000000
44455  20.492  -35.506  23.029 0.1250000000
44471  21.012  -34.828  22.675 0.1250000000
44469  23.271  -35.102  22.672 0.1250000000
44470  22.169  -34.879  22.844 0.1250000000
44489  24.415  -35.198  21.358 0.1250000000
43551  26.179  -36.133  20.601 0.2500000000
44488  25.086  -35.574  21.051 0.1250000000
136702  27.877  -36.067  19.679 0.1250000000
43550  27.469  -36.359  20.162 0.2500000000
44525  26.372  -35.495  19.915 0.2500000000
133248  28.591  -35.868  19.364 0.1250000000
44522  29.235  -35.344  18.805 0.1250000000
37805  1.482  -41.201  40.798 0.5000000000
37806  1.049  -41.357  40.592 0.3750000000
36939  -0.060  -41.573  39.872 0.3750000000
38676  2.125  -40.747  39.759 0.5000000000
116854  1.210  -41.417  39.784 0.5000000000
39635  15.234  -39.679  36.695 0.2500000000
137445  14.530  -39.472  36.634 0.2500000000
39637  13.893  -39.235  36.853 0.2500000000
39654  12.850  -38.865  36.811 0.2500000000
39655  11.822  -38.789  37.009 0.5000000000
125096  15.888  -39.740  35.951 0.2500000000
39668  15.579  -39.636  35.651 0.2500000000
39653  14.498  -39.394  36.271 0.2500000000
121908  13.728  -39.021  36.386 0.2500000000
40583  12.089  -38.899  36.216 0.3750000000
40584  11.427  -38.899  36.425 0.5000000000
39667  16.156  -39.563  35.282 0.3750000000
39687  15.724  -39.378  34.836 0.2500000000
40595  11.453  -38.965  35.696 0.5000000000
40596  10.785  -38.852  35.240 0.5000000000
39685  16.655  -39.332  34.739 0.3750000000
39705  16.135  -38.955  34.090 0.3750000000
40643  16.231  -38.552  32.632 0.3750000000
45468  20.085  -34.154  22.325 0.2500000000
138547  21.483  -34.380  22.290 0.1250000000
132104  20.727  -34.222  22.247 0.1250000000
44490  23.655  -34.814  21.749 0.1250000000
45466  22.815  -34.478  22.046 0.1250000000
45467  22.061  -34.257  22.101 0.1250000000
44506  24.820  -34.834  20.724 0.1250000000
45481  24.138  -34.536  21.159 0.1250000000
44505  25.550  -35.399  20.468 0.1250000000
44523  27.820  -35.458  19.281 0.2500000000
44536  28.453  -35.027  18.808 0.2500000000
45525  30.274  -34.274  18.304 0.2500000000
44535  29.103  -34.504  18.583 0.1250000000
46474  32.144  -32.919  18.038 0.2500000000
46475  31.295  -33.242  18.251 0.2500000000
46476  30.412  -33.470  18.509 0.2500000000
47349  32.769  -32.573  18.366 0.2500000000
117622  32.129  -32.612  18.561 0.2500000000
41518  16.622  -38.330  38.938 0.2500000000
40564  15.735  -38.631  38.695 0.2500000000
40555  14.920  -38.534  39.057 0.2500000000
40565  14.218  -39.121  38.436 0.2500000000
40563  17.231  -38.864  38.395 0.2500000000
39604  16.234  -39.123  38.206 0.2500000000
39605  15.171  -39.175  38.328 0.2500000000
40566  13.291  -39.053  38.375 0.2500000000
39607  13.033  -39.108  37.863 0.2500000000
40571  17.597  -39.044  38.015 0.2500000000
39603  16.920  -39.197  37.923 0.2500000000
139867  15.409  -39.539  37.654 0.2500000000
39606  14.508  -39.475  37.875 0.2500000000
39622  12.221  -38.848  37.870 0.2500000000
136918  11.614  -38.730  38.044 0.2500000000
39618  17.946  -39.143  37.607 0.2500000000
38687  16.349  -39.616  36.894 0.2500000000
38693  15.778  -39.720  36.472 0.2500000000
39636  14.514  -39.551  36.988 0.2500000000
39638  12.818  -38.904  37.252 0.2500000000
134540  12.163  -38.797  37.522 0.2500000000
39640  10.559  -38.618  38.042 0.5000000000
127201  17.483  -39.439  36.504 0.2500000000
39650  16.350  -39.646  35.808 0.2500000000
38686  16.325  -39.671  36.301 0.2500000000
40575  10.981  -38.708  37.123 0.5000000000
130965  10.459  -38.716  36.757 0.5000000000
39684  17.242  -39.316  35.037 0.3750000000
40585  10.908  -38.907  36.189 0.5000000000
120053  10.256  -38.750  36.029 0.5000000000
40603  16.979  -39.162  34.314 0.3750000000
40621  16.739  -38.824  33.718 0.3750000000
40642  16.591  -38.598  33.116 0.3750000000
40622  16.385  -38.708  33.491 0.3750000000
41544  16.827  -38.400  32.418 0.3750000000
42493  17.383  -37.933  32.101 0.3750000000
41560  16.730  -38.252  31.565 0.3750000000
46392  21.445  -33.592  21.893 0.3750000000
45483  22.434  -33.656  21.652 0.2500000000
45482  23.419  -33.933  21.351 0.1250000000
45497  24.308  -34.041  20.888 0.1250000000
45511  25.747  -34.765  20.089 0.2500000000
44537  27.748  -34.644  18.987 0.2500000000
45510  26.431  -34.608  19.671 0.2500000000
45527  28.412  -34.173  18.759 0.2500000000
45526  29.700  -33.972  18.439 0.2500000000
47350  31.620  -32.767  18.522 0.3750000000
47339  30.982  -32.889  18.783 0.2500000000
121951  33.524  -32.243  18.962 0.5000000000
47337  32.799  -32.449  18.881 0.3750000000
48267  34.052  -32.080  18.684 0.3750000000
48251  34.156  -31.924  19.143 0.3750000000
41501  15.396  -37.374  39.549 0.2500000000
41502  14.531  -37.525  40.052 0.2500000000
40549  13.571  -38.351  40.049 0.2500000000
41509  16.416  -37.417  39.264 0.2500000000
41510  15.023  -37.892  39.610 0.2500000000
40556  13.885  -38.746  39.149 0.2500000000
40558  11.858  -38.841  39.368 0.2500000000
39589  10.996  -38.964  39.451 0.2500000000
39595  12.357  -38.943  38.444 0.2500000000
39596  11.454  -38.900  38.762 0.2500000000
39608  12.184  -38.907  38.083 0.2500000000
39609  11.328  -38.795  38.509 0.2500000000
40576  10.137  -38.611  37.562 0.5000000000
40620  17.275  -38.785  34.001 0.3750000000
41540  17.799  -38.202  33.624 0.3750000000
41543  17.560  -38.043  32.856 0.3750000000
122399  29.539  -35.816  31.374 0.3750000000
44346  28.274  -35.320  30.746 0.3750000000
43410  29.551  -36.277  30.720 0.3750000000
47303  20.503  -32.850  22.374 0.3750000000
137582  20.124  -32.797  22.749 0.5000000000
46415  23.804  -33.318  21.205 0.1250000000
46459  26.577  -33.959  19.725 0.2500000000
46460  25.913  -34.127  20.054 0.2500000000
45509  27.130  -34.284  19.339 0.2500000000
46477  29.089  -33.746  18.734 0.3750000000
46478  28.481  -33.647  19.091 0.3750000000
47328  30.894  -32.932  19.288 0.5000000000
118805  29.730  -33.448  18.794 0.2500000000
115591  34.731  -30.988  19.694 0.2500000000
41503  13.890  -37.718  40.600 0.2500000000
41504  13.174  -38.124  40.973 0.2500000000
40542  12.146  -38.517  40.507 0.2500000000
42485  18.370  -37.589  33.312 0.3750000000
42491  18.828  -36.953  33.079 0.3750000000
42492  18.086  -37.442  32.600 0.3750000000
43398  29.891  -35.708  31.864 0.3750000000
43397  30.594  -35.927  31.752 0.3750000000
42500  30.168  -36.834  30.785 0.3750000000
42490  31.185  -36.370  31.539 0.3750000000
42499  30.884  -36.919  30.984 0.3750000000
42508  31.456  -37.356  30.458 0.3750000000
42522  29.582  -37.008  29.650 0.6250000000
42509  30.564  -37.292  30.294 0.3750000000
42521  30.205  -37.289  29.591 0.6250000000
42534  31.980  -37.467  28.398 0.3750000000
42552  32.316  -37.323  27.786 0.5000000000
42551  33.141  -37.220  27.844 0.5000000000
47289  20.529  -32.455  22.926 0.6250000000
49176  34.160  -30.046  19.955 0.1250000000
130815  34.226  -30.588  20.120 0.2500000000
43401  19.291  -36.311  32.759 0.3750000000
43402  18.549  -36.767  32.371 0.3750000000
121103  31.869  -36.481  31.608 0.3750000000
42498  31.701  -36.896  31.157 0.3750000000
42496  33.323  -36.397  31.348 0.2500000000
116266  32.908  -36.915  30.577 0.2500000000
42495  33.658  -36.704  30.429 0.2500000000
116265  32.720  -37.247  29.839 0.2500000000
116264  32.028  -37.500  29.780 0.2500000000
42536  30.523  -37.385  28.812 0.5000000000
134526  33.971  -36.680  29.755 0.2500000000
135255  32.531  -37.459  29.247 0.2500000000
42519  31.978  -37.617  29.044 0.3750000000
122588  32.670  -37.400  28.565 0.3750000000
44401  34.906  -35.993  26.053 0.6250000000
49154  34.016  -30.753  20.641 0.5000000000
45332  23.645  -33.888  31.703 0.5000000000
42497  32.397  -36.647  31.367 0.2500000000
44386  35.393  -35.090  27.337 0.3750000000
45304  23.501  -34.406  33.065 0.3750000000
45319  22.641  -34.539  32.879 0.3750000000
45320  21.211  -34.588  32.185 0.5000000000
45318  24.036  -34.056  32.427 0.3750000000
121992  23.162  -34.148  32.320 0.3750000000
47224  34.601  -33.117  27.965 0.2500000000
46303  34.998  -33.658  27.580 0.2500000000
45333  22.241  -34.174  32.090 0.3750000000
50142  29.775  -29.112  21.584 0.5000000000
51978  29.288  -27.450  21.427 0.5000000000
124607  29.237  -26.805  21.218 0.6250000000
53664  29.417  -25.784  20.815 0.6250000000
61259  46.357  -16.828  6.055 0.1250000000
62107  45.067  -16.319  6.147 0.1250000000
62106  45.977  -16.107  5.779 0.1250000000
62938  45.254  -15.454  5.839 0.1250000000
62108  44.504  -15.651  6.210 0.2500000000
62937  46.747  -15.544  5.356 0.1250000000
124289  46.005  -15.143  5.455 0.1250000000
62119  48.736  -15.780  4.819 0.1250000000
62935  48.053  -15.476  4.879 0.1250000000
63792  45.425  -14.551  5.722 0.2500000000
63793  44.724  -14.820  6.068 0.2500000000
131742  47.391  -15.111  4.940 0.1250000000
62942  48.463  -15.256  4.431 0.1250000000
62943  47.972  -14.800  4.483 0.1250000000
62949  48.571  -14.749  3.890 0.1250000000
63786  44.997  -14.027  6.168 0.3750000000
64679  45.654  -13.693  5.790 0.2500000000
63798  46.720  -14.745  5.098 0.1250000000
63791  46.126  -14.244  5.364 0.1250000000
63797  47.355  -14.373  4.654 0.1250000000
63796  48.010  -14.050  4.017 0.1250000000
63808  49.444  -14.213  2.672 0.1250000000
65585  46.570  -12.837  5.600 0.2500000000
64678  46.311  -13.407  5.445 0.2500000000
64683  47.395  -13.560  4.559 0.1250000000
64684  46.760  -13.892  4.966 0.2500000000
64690  48.427  -13.524  3.605 0.2500000000
137014  49.835  -14.812  2.341 0.1250000000
65583  48.085  -12.075  5.880 0.5000000000
65584  47.251  -12.458  5.502 0.2500000000
65592  47.564  -12.812  4.705 0.2500000000
64682  47.946  -13.196  4.059 0.3750000000
63807  50.244  -14.237  2.204 0.1250000000
63803  48.758  -14.190  3.328 0.2500000000
134924  50.431  -14.928  1.913 0.1250000000
137956  48.536  -11.896  5.404 0.5000000000
67366  49.885  -11.166  4.891 0.6250000000
66501  49.244  -11.531  5.367 0.5000000000
125150  47.979  -12.223  5.029 0.3750000000
66512  49.756  -11.887  3.671 0.1250000000
66508  48.830  -12.095  3.939 0.3750000000
65591  48.203  -12.477  4.306 0.3750000000
65600  49.889  -12.646  3.047 0.1250000000
66513  49.159  -12.507  3.454 0.3750000000
65601  48.539  -12.807  3.689 0.3750000000
65604  50.866  -12.939  2.688 0.1250000000
64689  49.089  -13.310  3.108 0.2500000000
44395  1.026  -36.325  28.140 0.1250000000
37815  -2.983  -42.197  38.615 0.3750000000
37820  -3.555  -42.366  37.600 0.3750000000
38692  -3.825  -41.882  36.737 0.1250000000
31679  -6.001  -49.363  32.358 0.2500000000
37813  0.495  -41.542  39.629 0.5000000000
39679  -3.557  -40.588  35.545 0.1250000000
39698  -3.496  -40.893  34.087 0.1250000000
39697  -3.367  -40.331  34.730 0.1250000000
125527  -4.431  -43.111  32.085 0.1250000000
38683  2.404  -40.425  38.913 0.5000000000
44472  20.024  -34.940  22.492 0.2500000000
43411  28.892  -35.583  31.132 0.3750000000
48208  21.811  -32.033  23.226 0.6250000000
136028  20.851  -32.232  23.321 0.6250000000
42535  31.314  -37.495  28.597 0.5000000000
42553  31.486  -37.314  27.795 0.6250000000
52755  34.875  -26.501  28.732 0.1250000000
66497  48.891  -11.866  6.126 0.5000000000
131520  -5.339  -44.879  33.876 0.1250000000
32536  -4.526  -48.973  33.267 0.2500000000
33410  -5.249  -46.853  33.941 0.2500000000
36125  -5.128  -44.525  32.650 0.1250000000
123515  -3.352  -40.549  33.283 0.1250000000
37014  -4.934  -43.962  32.933 0.1250000000
37042  -4.753  -43.826  32.056 0.1250000000
47327  31.689  -32.932  19.530 0.5000000000
41627  11.633  -38.807  27.615 0.5000000000
40747  13.813  -39.290  25.911 0.1250000000
47302  21.120  -32.490  22.403 0.5000000000
46418  21.172  -32.903  21.908 0.3750000000
46416  22.917  -33.111  21.404 0.5000000000
46440  24.614  -33.525  20.921 0.2500000000
40608  12.278  -38.725  34.560 0.5000000000
41545  16.241  -38.501  31.696 0.3750000000
41561  16.268  -38.488  31.005 0.3750000000
138797  -2.745  -44.859  28.746 0.1250000000
33472  -3.181  -47.048  29.709 0.1250000000
32578  -3.792  -47.747  30.006 0.1250000000
133195  -3.923  -47.033  29.768 0.1250000000
35214  -3.502  -45.756  29.309 0.1250000000
135953  -3.108  -44.709  28.696 0.1250000000
37079  -2.407  -43.705  27.976 0.1250000000
33459  -4.791  -48.080  30.171 0.1250000000
32579  -4.358  -48.353  30.186 0.1250000000
34369  -4.836  -46.584  30.268 0.1250000000
35215  -3.891  -45.762  29.449 0.1250000000
128689  -4.125  -45.178  29.555 0.1250000000
36150  -4.820  -44.885  30.794 0.1250000000
36172  -3.544  -44.969  29.128 0.1250000000
134779  -2.731  -42.021  28.256 0.1250000000
31695  -5.678  -50.189  31.015 0.2500000000
34360  -5.272  -46.388  30.979 0.1250000000
35207  -5.178  -45.503  31.370 0.1250000000
36158  -3.879  -44.506  29.336 0.1250000000
36149  -4.473  -44.381  30.256 0.1250000000
38749  -3.588  -41.853  30.345 0.1250000000
38762  -3.283  -41.597  29.565 0.1250000000
30711  -5.779  -50.664  31.386 0.2500000000
29745  -5.580  -51.109  32.139 0.1250000000
28773  -3.464  -51.992  32.306 0.1250000000
32560  -5.981  -49.118  31.541 0.2500000000
33436  -6.104  -47.746  31.980 0.2500000000
38820  -1.336  -41.305  27.168 0.1250000000
115566  -2.843  -39.902  30.785 0.1250000000
41601  -1.912  -39.125  29.120 0.1250000000
40709  -1.278  -39.441  27.181 0.1250000000
40728  -0.886  -39.803  26.788 0.1250000000
39723  -3.456  -40.839  31.785 0.1250000000
41643  -0.578  -38.644  26.461 0.1250000000
39821  -0.163  -39.775  26.354 0.1250000000
42578  -0.471  -37.913  26.650 0.1250000000
40656  -3.034  -39.698  33.110 0.1250000000
41555  -2.523  -38.462  32.546 0.1250000000
115802  -2.488  -37.964  34.730 0.1250000000
125500  -0.697  -37.433  28.782 0.1250000000
44381  0.530  -36.460  28.636 0.1250000000
120173  -3.727  -41.121  36.803 0.2500000000
116871  -2.647  -38.105  35.900 0.1250000000
42494  -2.203  -37.627  32.987 0.1250000000
42486  -2.238  -37.452  33.969 0.1250000000
38685  -3.591  -41.723  37.875 0.3750000000
39648  -3.579  -40.657  37.404 0.2500000000
39631  -3.570  -40.958  37.992 0.3750000000
40578  -3.180  -39.351  36.742 0.1250000000
41530  -2.724  -38.217  36.704 0.1250000000
43380  -1.951  -37.017  34.719 0.1250000000
43370  -2.221  -37.070  35.993 0.1250000000
123505  -2.408  -37.381  37.105 0.1250000000
43363  -2.129  -36.902  36.072 0.1250000000
41628  10.921  -39.017  27.872 0.3750000000
38678  -3.079  -41.547  39.011 0.3750000000
39616  -3.307  -40.442  38.761 0.3750000000
40567  -3.122  -39.468  38.736 0.1250000000
41523  -2.806  -37.915  38.123 0.1250000000
123383  -2.580  -37.368  37.884 0.1250000000
43353  -2.302  -36.864  38.220 0.1250000000
44282  -1.829  -36.485  37.432 0.1250000000
37808  -1.758  -42.008  39.781 0.5000000000
37809  -2.212  -41.508  40.281 0.3750000000
39602  -3.065  -40.437  40.011 0.3750000000
38667  -2.534  -40.832  40.556 0.3750000000
136965  -3.200  -40.425  39.398 0.3750000000
40559  -2.803  -39.478  40.243 0.2500000000
41521  -2.894  -38.384  38.737 0.1250000000
43347  -2.236  -36.800  38.857 0.1250000000
44268  -2.036  -36.592  39.300 0.1250000000
36942  0.404  -41.520  39.827 0.5000000000
36938  -0.103  -41.547  40.192 0.3750000000
38666  -1.829  -41.019  41.069 0.3750000000
121610  -2.413  -39.624  41.021 0.2500000000
41512  -2.735  -38.405  40.187 0.2500000000
39669  15.091  -39.600  35.953 0.2500000000
39671  13.000  -38.768  35.977 0.2500000000
43336  -2.256  -36.810  40.210 0.1250000000
44255  -2.133  -36.663  39.944 0.1250000000
43564  26.801  -36.146  20.172 0.2500000000
135085  25.594  -35.947  20.924 0.2500000000
43563  27.213  -35.841  19.718 0.2500000000
44524  27.075  -35.096  19.372 0.2500000000
44534  29.814  -34.787  18.474 0.2500000000
136422  1.021  -41.421  40.127 0.5000000000
36937  0.655  -41.448  40.363 0.3750000000
37799  0.701  -41.347  41.137 0.3750000000
39651  15.409  -39.696  36.192 0.2500000000
39652  14.911  -39.597  36.443 0.2500000000
38680  15.689  -39.672  37.051 0.2500000000
117815  15.113  -39.681  37.158 0.2500000000
39639  11.364  -38.683  37.730 0.5000000000
39686  16.275  -39.274  34.592 0.3750000000
46393  20.576  -33.519  22.111 0.3750000000
138986  25.297  -34.831  20.393 0.1250000000
41519  15.724  -37.976  39.173 0.2500000000
119730  13.868  -39.391  37.509 0.2500000000
133872  17.134  -39.379  37.393 0.2500000000
39619  16.302  -39.475  37.529 0.2500000000
39620  14.685  -39.613  37.428 0.2500000000
39621  13.682  -39.252  37.275 0.2500000000
117586  13.008  -39.030  37.618 0.2500000000
39623  10.916  -38.683  38.405 0.3750000000
39634  16.985  -39.543  36.704 0.2500000000
39649  16.891  -39.565  36.103 0.2500000000
39666  16.775  -39.502  35.441 0.2500000000
41541  17.051  -38.568  33.264 0.3750000000
45496  25.153  -34.261  20.480 0.1250000000
47338  31.732  -32.600  18.951 0.5000000000
42452  15.945  -36.950  39.551 0.2500000000
41511  14.410  -38.175  39.954 0.2500000000
40557  12.882  -38.823  39.132 0.2500000000
40550  12.695  -38.558  39.962 0.2500000000
43409  30.270  -36.307  31.260 0.3750000000
118265  32.247  -37.165  30.585 0.2500000000
42520  31.148  -37.591  29.515 0.3750000000
42518  33.234  -37.216  29.068 0.2500000000
42532  33.900  -36.912  28.544 0.2500000000
62941  49.019  -15.449  4.143 0.1250000000
64677  46.897  -13.093  5.054 0.2500000000
64694  50.029  -13.431  2.579 0.1250000000
67356  50.092  -11.167  5.711 0.7500000000
66502  48.618  -11.909  4.680 0.5000000000
66507  49.312  -11.575  4.418 0.5000000000
37792  -1.026  -41.260  41.206 0.2500000000
38661  -1.315  -40.837  41.697 0.2500000000
37800  -0.519  -41.523  40.494 0.2500000000
37782  -0.028  -41.090  42.208 0.2500000000
139290  -1.213  -40.451  42.398 0.2500000000
39594  -2.233  -40.325  41.158 0.2500000000
115762  1.471  -41.188  41.478 0.2500000000
37791  -0.258  -41.301  41.434 0.2500000000
37796  2.153  -40.984  41.407 0.2500000000
37798  0.971  -41.363  41.200 0.2500000000
115481  0.009  -41.428  41.077 0.2500000000
37812  2.169  -40.907  40.403 0.3750000000
43329  11.913  -36.490  41.932 0.1250000000
42446  11.069  -37.173  43.075 0.1250000000
41487  7.829  -38.235  43.704 0.1250000000
40521  7.142  -38.612  43.783 0.1250000000
39569  6.224  -39.305  43.529 0.1250000000
43334  14.781  -36.267  39.604 0.1250000000
132130  13.813  -36.461  40.255 0.1250000000
43335  12.785  -36.266  40.757 0.1250000000
43328  12.617  -36.718  41.661 0.1250000000
42449  12.354  -37.204  42.308 0.1250000000
41492  10.961  -37.751  42.920 0.1250000000
40531  9.501  -38.594  42.797 0.1250000000
40539  8.925  -39.122  42.760 0.1250000000
39576  7.426  -39.419  43.044 0.1250000000
39583  7.005  -39.615  42.480 0.1250000000
38653  5.204  -40.045  42.050 0.1250000000
37772  3.821  -40.557  42.131 0.1250000000
37780  2.825  -41.007  42.207 0.2500000000
38645  2.471  -40.537  42.610 0.2500000000
38655  0.186  -40.839  42.752 0.2500000000
38648  -0.172  -40.425  43.270 0.2500000000
43340  15.837  -36.175  39.316 0.1250000000
42453  14.866  -36.879  39.914 0.1250000000
42448  12.917  -37.284  41.830 0.1250000000
138076  12.616  -37.476  42.029 0.1250000000
41499  11.373  -38.064  42.292 0.1250000000
40538  10.365  -38.377  42.393 0.1250000000
138516  9.314  -39.056  42.523 0.1250000000
39581  8.535  -39.506  42.364 0.1250000000
38657  7.614  -39.835  41.515 0.1250000000
38651  6.561  -39.701  42.000 0.1250000000
37776  5.382  -39.997  41.858 0.1250000000
37785  3.904  -40.880  41.974 0.2500000000
37787  2.411  -41.028  41.976 0.2500000000
115642  1.214  -41.144  42.016 0.2500000000
41497  12.865  -37.656  41.714 0.1250000000
40543  11.582  -38.437  41.344 0.1250000000
40544  10.822  -38.557  41.699 0.1250000000
40553  10.115  -38.968  41.614 0.1250000000
134750  7.220  -39.832  41.353 0.2500000000
38664  6.440  -39.824  41.452 0.2500000000
38659  6.062  -39.803  41.764 0.1250000000
37794  3.822  -40.888  40.856 0.3750000000
37795  2.811  -40.935  40.837 0.3750000000
40552  10.617  -38.917  40.916 0.1250000000
37810  3.636  -40.410  40.660 0.3750000000
37803  3.150  -40.752  40.872 0.3750000000
40551  11.213  -38.853  40.181 0.1250000000
38675  2.932  -40.174  39.879 0.3750000000
43385  30.328  -35.561  32.398 0.2500000000
43333  15.549  -36.529  39.527 0.1250000000
39584  9.512  -39.415  41.641 0.1250000000
39585  8.840  -39.686  41.666 0.1250000000
39586  8.091  -39.761  41.879 0.1250000000
37793  4.879  -40.378  40.906 0.3750000000
37784  5.095  -40.220  41.436 0.2500000000
42451  16.317  -36.597  39.443 0.1250000000
39591  9.925  -39.350  40.891 0.1250000000
117179  9.451  -39.624  40.646 0.1250000000
39600  8.348  -39.941  40.833 0.2500000000
38663  7.237  -39.893  41.043 0.2500000000
38669  6.542  -39.864  41.097 0.2500000000
38670  5.029  -40.118  40.989 0.3750000000
43339  17.063  -36.433  39.321 0.1250000000
39590  10.488  -39.109  40.104 0.1250000000
116634  9.593  -39.430  40.110 0.1250000000
39599  8.917  -39.726  40.392 0.2500000000
134708  8.297  -39.894  40.373 0.3750000000
38672  7.090  -39.828  39.742 0.3750000000
138305  5.890  -39.900  40.989 0.3750000000
129305  4.568  -40.071  40.589 0.3750000000
115360  3.920  -39.855  39.859 0.3750000000
131921  17.747  -36.849  39.344 0.1250000000
42457  17.056  -37.040  39.430 0.1250000000
39597  10.614  -38.969  39.363 0.1250000000
39611  9.448  -39.167  39.579 0.3750000000
135510  8.739  -39.271  39.316 0.3750000000
39612  8.517  -39.666  39.849 0.3750000000
39614  6.398  -39.751  39.585 0.3750000000
38681  4.926  -39.730  39.674 0.3750000000
45288  32.850  -34.143  33.705 0.1250000000
45289  32.146  -34.400  34.061 0.1250000000
43337  18.379  -36.839  39.217 0.1250000000
41508  17.415  -37.582  39.188 0.1250000000
39625  9.278  -38.874  39.011 0.3750000000
39628  6.249  -39.704  38.676 0.3750000000
46250  33.476  -33.653  33.095 0.1250000000
44301  32.613  -34.840  33.431 0.1250000000
44302  31.905  -35.081  33.636 0.1250000000
41506  18.558  -37.502  39.021 0.1250000000
41507  18.046  -37.661  39.046 0.1250000000
41517  17.625  -38.257  38.866 0.1250000000
45299  34.205  -34.383  32.823 0.1250000000
45300  33.313  -34.558  33.053 0.1250000000
44316  33.093  -35.256  33.016 0.1250000000
44317  32.480  -35.411  32.950 0.1250000000
43372  31.347  -35.273  33.313 0.1250000000
123987  30.809  -35.406  32.915 0.1250000000
41516  18.334  -38.133  38.760 0.1250000000
43383  32.344  -35.818  32.342 0.1250000000
43371  31.928  -35.530  32.793 0.1250000000
40561  18.628  -38.426  38.262 0.1250000000
42488  32.166  -36.206  31.926 0.1250000000
43384  31.521  -35.656  32.520 0.2500000000
43374  29.897  -35.127  33.249 0.1250000000
44318  29.155  -34.982  32.930 0.1250000000
40569  18.509  -38.842  37.763 0.1250000000
39633  17.717  -39.374  37.037 0.1250000000
42489  31.697  -36.084  31.958 0.2500000000
44305  27.392  -34.156  33.490 0.1250000000
39665  17.554  -39.363  35.902 0.1250000000
43399  28.945  -35.291  32.122 0.2500000000
119418  28.102  -34.747  32.248 0.2500000000
44320  27.529  -34.340  32.706 0.2500000000
44334  28.249  -35.020  31.575 0.2500000000
44335  27.613  -34.541  31.962 0.2500000000
44347  27.736  -34.734  31.167 0.2500000000
122450  18.547  -35.930  39.207 0.1250000000
43338  18.073  -36.375  39.230 0.1250000000
39626  8.081  -39.622  39.223 0.3750000000
39627  7.431  -39.765  39.110 0.3750000000
132552  6.874  -39.765  39.060 0.3750000000
44262  19.508  -35.781  39.196 0.1250000000
39641  9.652  -38.666  38.390 0.3750000000
116637  8.609  -39.022  38.726 0.3750000000
117275  7.666  -39.554  38.596 0.3750000000
116734  6.998  -39.729  38.483 0.3750000000
45298  34.957  -33.949  32.506 0.1250000000
44290  31.474  -34.559  34.343 0.1250000000
42461  19.222  -36.798  39.065 0.1250000000
40577  9.158  -38.610  37.861 0.3750000000
39656  8.047  -38.935  38.093 0.3750000000
45314  35.381  -34.301  32.054 0.1250000000
44314  34.865  -34.842  32.500 0.1250000000
43382  32.995  -35.768  32.563 0.1250000000
45279  30.424  -34.210  35.181 0.1250000000
44291  30.802  -34.601  34.521 0.1250000000
43373  30.567  -35.009  33.861 0.1250000000
41522  19.354  -38.030  38.238 0.1250000000
44332  35.265  -35.150  31.940 0.1250000000
44315  33.851  -35.280  32.728 0.1250000000
43381  33.604  -36.034  32.259 0.1250000000
45280  29.663  -34.123  35.209 0.1250000000
44292  30.100  -34.549  34.594 0.1250000000
120958  29.787  -34.762  34.032 0.1250000000
40568  18.970  -38.507  37.868 0.1250000000
40586  9.706  -38.580  36.887 0.3750000000
43407  35.222  -36.066  30.890 0.1250000000
43394  34.239  -36.062  31.773 0.1250000000
44283  28.759  -33.947  35.160 0.1250000000
44304  28.995  -34.523  33.682 0.1250000000
121546  28.069  -34.243  33.778 0.1250000000
40574  18.859  -38.813  37.278 0.1250000000
40581  18.860  -38.872  36.581 0.1250000000
44284  27.778  -33.908  35.180 0.1250000000
44321  26.740  -34.112  33.252 0.2500000000
40582  18.284  -39.132  36.131 0.2500000000
42506  34.492  -36.370  30.180 0.1250000000
44296  26.142  -34.153  34.831 0.2500000000
44306  26.479  -34.080  34.041 0.2500000000
40592  17.988  -39.136  35.459 0.2500000000
40602  17.619  -39.010  34.699 0.2500000000
42516  34.547  -36.397  29.385 0.1250000000
117695  25.599  -34.357  34.506 0.2500000000
119527  25.892  -34.176  33.784 0.2500000000
122329  26.132  -34.141  33.057 0.2500000000
42533  33.379  -37.162  28.402 0.3750000000
44323  24.613  -34.530  33.890 0.2500000000
45302  25.496  -34.085  32.807 0.2500000000
45301  26.311  -34.067  32.339 0.2500000000
43447  33.688  -37.051  27.184 0.3750000000
45303  24.521  -34.252  33.195 0.2500000000
43345  19.822  -36.063  39.260 0.1250000000
44331  35.552  -34.395  31.390 0.1250000000
45327  35.484  -33.805  30.877 0.1250000000
118114  19.436  -37.573  38.796 0.1250000000
41514  20.077  -37.543  38.371 0.1250000000
44345  35.477  -35.229  31.175 0.1250000000
43406  35.473  -35.161  30.260 0.1250000000
44357  35.424  -34.408  29.800 0.1250000000
40580  19.556  -38.457  36.937 0.1250000000
43417  35.229  -35.964  29.836 0.1250000000
45260  28.285  -33.678  35.904 0.1250000000
45261  27.291  -33.730  35.987 0.1250000000
40591  18.712  -38.801  35.895 0.1250000000
43431  35.151  -35.993  28.398 0.1250000000
43444  35.420  -35.353  27.997 0.1250000000
44277  26.382  -33.963  36.162 0.1250000000
40601  18.442  -38.684  35.136 0.2500000000
41537  18.131  -38.460  34.362 0.2500000000
43432  34.550  -36.622  28.136 0.1250000000
43445  35.197  -36.074  27.744 0.2500000000
44286  25.889  -34.302  35.651 0.1250000000
43459  35.052  -35.992  26.980 0.5000000000
115834  24.842  -34.882  34.819 0.1250000000
44324  23.750  -34.814  33.858 0.1250000000
42460  20.194  -36.886  39.017 0.1250000000
44343  35.387  -33.887  30.136 0.1250000000
43344  20.742  -36.061  39.375 0.1250000000
44344  35.514  -34.409  30.593 0.1250000000
44356  35.347  -33.987  29.510 0.1250000000
43351  21.137  -36.595  38.780 0.1250000000
131984  20.631  -37.575  38.083 0.1250000000
41529  20.260  -38.096  36.527 0.1250000000
43350  21.856  -36.302  38.380 0.1250000000
41528  20.922  -37.707  36.771 0.1250000000
40590  19.489  -38.446  36.251 0.1250000000
43430  35.435  -35.058  28.595 0.1250000000
116404  26.296  -33.712  37.375 0.1250000000
42470  21.438  -37.271  36.300 0.1250000000
42475  20.585  -37.448  35.395 0.1250000000
41536  19.063  -38.138  34.723 0.2500000000
44269  25.614  -34.541  37.609 0.1250000000
42477  20.902  -36.889  35.028 0.2500000000
42478  20.277  -37.180  34.719 0.2500000000
42479  19.580  -37.490  34.372 0.2500000000
44287  25.278  -34.919  36.151 0.1250000000
43387  20.951  -35.968  34.094 0.2500000000
43388  20.276  -36.279  33.815 0.2500000000
42483  19.945  -36.913  34.102 0.2500000000
44298  23.980  -35.322  35.091 0.1250000000
44338  21.340  -35.190  32.978 0.2500000000
44327  20.749  -35.686  33.385 0.2500000000
118899  20.013  -35.912  33.122 0.2500000000
44337  21.899  -34.692  32.733 0.1250000000
126174  35.035  -33.285  29.517 0.1250000000
45341  35.200  -33.606  29.686 0.1250000000
125555  35.100  -33.652  29.023 0.1250000000
45352  35.293  -34.021  29.061 0.1250000000
118179  35.345  -34.249  28.475 0.1250000000
46277  34.934  -33.468  28.626 0.1250000000
46286  35.024  -33.661  28.083 0.1250000000
44374  35.414  -34.599  27.946 0.1250000000
42466  22.291  -36.770  36.817 0.1250000000
46287  34.778  -33.376  27.832 0.1250000000
43355  23.904  -35.966  37.045 0.1250000000
43362  23.283  -36.191  36.382 0.1250000000
42473  21.839  -36.688  35.874 0.1250000000
43361  23.990  -35.669  36.166 0.1250000000
43367  23.364  -35.829  35.674 0.1250000000
119186  22.413  -36.090  35.421 0.1250000000
43377  21.237  -36.281  34.706 0.2500000000
124442  23.171  -35.655  35.126 0.1250000000
43375  22.593  -35.671  34.777 0.1250000000
44325  22.133  -35.105  33.451 0.1250000000
52913  30.629  -26.230  17.745 0.1250000000
53699  30.294  -25.447  17.384 0.1250000000
52851  29.288  -26.434  20.699 0.5000000000
53676  29.434  -25.674  19.070 0.2500000000
54517  29.540  -24.908  18.507 0.2500000000
55353  30.375  -23.701  17.518 0.2500000000
54516  29.844  -24.245  18.008 0.3750000000
55378  32.113  -23.487  15.235 0.2500000000
56255  31.711  -23.051  15.850 0.2500000000
55364  31.196  -23.545  16.331 0.2500000000
55352  30.882  -23.142  17.040 0.2500000000
53669  29.344  -25.872  20.027 0.5000000000
56232  30.728  -22.963  17.847 0.5000000000
56337  35.779  -22.177  11.644 0.2500000000
56290  34.798  -21.907  12.712 0.3750000000
57146  44.919  -21.423  21.196 0.3750000000
57137  43.142  -21.849  21.129 0.5000000000
57150  41.797  -21.681  20.403 0.6250000000
61147  51.835  -18.037  19.439 0.1250000000
59256  46.884  -19.951  20.363 0.2500000000
57136  44.300  -21.708  21.639 0.5000000000
57138  42.547  -21.739  21.021 0.6250000000
60198  51.062  -18.790  21.372 0.1250000000
59246  50.307  -19.152  21.672 0.1250000000
60203  51.837  -18.620  20.947 0.1250000000
60199  50.300  -18.886  20.967 0.1250000000
119887  49.704  -19.655  21.903 0.1250000000
58205  48.207  -20.362  22.100 0.1250000000
138403  46.982  -20.710  22.261 0.1250000000
59248  48.020  -20.072  21.320 0.1250000000
58207  46.559  -20.739  21.816 0.2500000000
58208  45.704  -21.100  21.499 0.2500000000
60209  51.366  -18.439  19.997 0.1250000000
58220  47.163  -20.274  21.118 0.1250000000
61152  51.313  -17.674  18.509 0.1250000000
57135  45.079  -21.573  22.009 0.3750000000
58221  46.325  -20.543  20.917 0.2500000000
119744  43.698  -21.794  21.261 0.5000000000
131463  51.225  -16.952  16.927 0.2500000000
62035  51.661  -15.918  15.583 0.2500000000
62026  51.423  -16.437  16.283 0.2500000000
57139  41.971  -21.440  21.301 0.6250000000
57140  41.176  -21.065  21.014 0.6250000000
62036  50.740  -16.097  15.671 0.2500000000
125307  49.929  -16.038  15.457 0.2500000000
125895  50.365  -19.548  22.463 0.1250000000
139570  49.016  -20.229  22.373 0.1250000000
58193  47.429  -20.686  22.692 0.1250000000
59240  49.729  -20.019  22.512 0.1250000000
58195  45.858  -21.240  22.339 0.1250000000
129360  44.380  -21.678  22.546 0.3750000000
139374  43.583  -21.741  21.886 0.5000000000
118142  42.881  -21.735  21.652 0.5000000000
57129  42.281  -21.317  22.048 0.6250000000
58209  41.451  -20.784  21.819 0.6250000000
138425  42.453  -21.592  21.505 0.6250000000
58224  40.324  -20.675  20.777 0.6250000000
62870  51.973  -15.297  14.131 0.2500000000
62872  51.169  -15.649  15.072 0.2500000000
58194  46.609  -20.960  22.623 0.1250000000
57126  46.087  -21.343  23.143 0.1250000000
57111  44.802  -21.623  23.400 0.1250000000
57112  43.939  -21.596  23.458 0.1250000000
57113  43.107  -21.416  23.229 0.3750000000
58179  41.795  -20.490  23.545 0.5000000000
57127  45.275  -21.543  22.842 0.1250000000
120570  43.612  -21.630  22.693 0.5000000000
58197  41.647  -20.617  22.671 0.6250000000
58198  40.810  -20.198  22.427 0.6250000000
58196  42.408  -21.067  22.943 0.6250000000
59227  40.094  -19.783  23.071 0.6250000000
57128  42.974  -21.584  22.420 0.5000000000
128081  50.395  -19.337  24.437 0.1250000000
58180  40.939  -20.138  23.333 0.5000000000
59211  40.138  -19.852  24.025 0.3750000000
59228  39.477  -19.708  23.588 0.3750000000
62887  51.255  -14.781  12.743 0.2500000000
130609  39.696  -19.912  24.713 0.2500000000
58163  41.082  -20.151  24.258 0.3750000000
66494  51.222  -10.997  6.797 0.6250000000
67354  51.742  -10.651  6.233 0.5000000000
67364  51.505  -10.792  5.412 0.5000000000
67365  50.622  -10.964  5.207 0.6250000000
44261  20.333  -35.670  39.265 0.1250000000
39642  7.140  -39.507  37.944 0.3750000000
135577  29.772  -24.953  17.795 0.2500000000
115446  51.915  -15.556  14.808 0.2500000000
62895  50.838  -14.740  12.134 0.2500000000
61162  51.864  -17.257  17.700 0.1250000000
62027  50.649  -16.658  16.373 0.2500000000
43446  34.519  -36.690  27.458 0.5000000000
137601  -0.482  -41.616  40.096 0.2500000000
37804  2.163  -40.940  40.959 0.3750000000
37811  2.750  -40.697  40.626 0.3750000000
40562  17.986  -38.635  38.395 0.1250000000
40570  18.174  -38.848  38.049 0.1250000000
39632  18.195  -39.238  36.699 0.1250000000
42454  13.971  -37.209  40.670 0.1250000000
117338  10.412  -38.857  39.089 0.1250000000
39624  10.072  -38.741  38.797 0.3750000000
41496  13.377  -37.441  41.264 0.1250000000
41539  18.753  -37.855  33.988 0.2500000000
42484  19.212  -37.224  33.737 0.2500000000
43389  19.594  -36.598  33.473 0.2500000000
43396  31.088  -35.793  32.095 0.2500000000
42550  33.885  -37.010  27.949 0.3750000000
42482  31.964  -35.874  32.257 0.1250000000
44339  20.587  -35.335  32.628 0.2500000000
39598  10.008  -39.280  40.133 0.1250000000
138473  12.559  -38.114  41.497 0.1250000000
43423  35.082  -35.865  29.007 0.1250000000
38660  -0.754  -40.994  42.009 0.2500000000
38656  -0.512  -40.708  42.706 0.2500000000
132178  0.608  -41.067  42.269 0.2500000000
38649  -0.838  -40.190  43.154 0.2500000000
117451  1.605  -41.152  41.762 0.2500000000
37788  1.797  -41.077  41.640 0.2500000000
37789  1.248  -41.231  41.492 0.2500000000
37797  1.445  -41.192  41.217 0.2500000000
37790  0.577  -41.260  41.638 0.2500000000
42445  11.665  -36.886  42.635 0.1250000000
41493  10.186  -38.061  43.011 0.1250000000
41484  10.300  -37.500  43.136 0.1250000000
40532  8.624  -38.629  43.310 0.1250000000
40533  7.746  -38.975  43.520 0.1250000000
39568  6.594  -39.347  43.354 0.1250000000
39577  6.776  -39.504  42.954 0.1250000000
39578  6.310  -39.516  42.893 0.1250000000
38641  5.921  -39.689  42.301 0.1250000000
44234  14.001  -36.123  39.833 0.1250000000
43327  13.388  -36.942  41.285 0.1250000000
41491  11.658  -37.414  42.575 0.1250000000
41498  12.283  -37.685  42.095 0.1250000000
40545  9.660  -38.991  42.209 0.1250000000
40540  8.209  -39.269  42.999 0.1250000000
39582  7.771  -39.589  42.485 0.1250000000
38650  7.301  -39.712  42.008 0.1250000000
38640  6.409  -39.624  42.389 0.1250000000
37777  4.829  -40.349  41.686 0.1250000000
38642  5.334  -39.803  42.261 0.1250000000
37778  3.954  -40.883  41.962 0.2500000000
134436  2.796  -40.847  42.122 0.2500000000
37773  3.318  -40.705  42.268 0.2500000000
37786  3.205  -41.086  42.078 0.2500000000
37781  2.029  -41.027  42.046 0.2500000000
37775  1.480  -40.962  42.332 0.2500000000
37774  2.102  -40.977  42.074 0.2500000000
38654  0.870  -40.889  42.570 0.2500000000
123008  0.511  -40.597  43.163 0.2500000000
38658  6.866  -39.763  41.650 0.1250000000
39593  8.275  -39.889  41.322 0.1250000000
37783  5.419  -39.993  41.662 0.2500000000
132855  2.888  -40.906  41.696 0.2500000000
119621  3.998  -40.730  41.030 0.3750000000
116268  3.638  -40.979  41.342 0.3750000000
38662  7.794  -39.927  41.124 0.2500000000
38665  5.857  -39.981  41.150 0.2500000000
37802  4.078  -40.479  40.901 0.3750000000
120917  2.726  -40.864  40.852 0.3750000000
43386  29.640  -35.355  32.544 0.2500000000
133514  9.331  -39.672  41.195 0.1250000000
39592  8.875  -39.840  41.029 0.1250000000
39601  7.842  -39.944  40.673 0.3750000000
38673  6.517  -39.828  40.413 0.3750000000
38668  7.236  -39.893  40.510 0.2500000000
39610  10.008  -39.097  39.689 0.1250000000
39613  7.813  -39.877  39.915 0.3750000000
38674  5.606  -39.817  40.339 0.3750000000
42456  17.920  -37.267  39.202 0.1250000000
134278  5.740  -39.700  39.388 0.3750000000
44303  31.223  -34.944  33.979 0.1250000000
41515  18.895  -37.985  38.645 0.1250000000
44319  28.320  -34.585  32.976 0.2500000000
44295  27.258  -34.053  34.412 0.1250000000
44336  26.920  -34.190  32.480 0.2500000000
43346  18.893  -36.184  39.201 0.1250000000
45278  31.085  -34.157  35.008 0.1250000000
44333  34.489  -35.549  32.197 0.1250000000
40573  19.505  -38.278  37.571 0.1250000000
44293  29.291  -34.324  34.521 0.1250000000
44294  28.365  -34.126  34.433 0.1250000000
44285  26.747  -33.990  35.324 0.1250000000
44307  25.101  -34.486  34.220 0.2500000000
44322  25.307  -34.259  33.527 0.2500000000
44308  24.312  -34.916  34.442 0.1250000000
115416  20.084  -37.802  37.820 0.1250000000
43416  35.418  -35.117  29.402 0.1250000000
41526  20.238  -38.030  37.190 0.1250000000
41533  19.307  -38.321  35.508 0.1250000000
134986  26.842  -33.627  36.891 0.1250000000
44278  25.769  -34.498  36.569 0.1250000000
44297  25.292  -34.727  35.280 0.1250000000
43365  24.603  -35.181  35.321 0.1250000000
45305  22.976  -34.840  33.484 0.1250000000
43343  21.614  -35.900  39.115 0.1250000000
42464  21.444  -37.250  38.046 0.1250000000
41525  20.872  -37.674  37.485 0.1250000000
41532  20.144  -38.020  35.815 0.1250000000
43357  22.159  -36.659  37.527 0.1250000000
41531  20.816  -37.665  36.087 0.1250000000
45213  25.875  -33.854  37.876 0.1250000000
45212  26.547  -33.289  37.761 0.1250000000
45236  26.111  -34.071  37.065 0.1250000000
42474  21.210  -37.132  35.653 0.2500000000
42469  22.044  -36.820  36.395 0.1250000000
41524  21.662  -37.296  37.008 0.1250000000
41535  19.867  -37.757  35.097 0.2500000000
44279  25.231  -35.090  37.166 0.1250000000
43368  21.547  -36.511  35.302 0.2500000000
43378  20.578  -36.618  34.427 0.2500000000
43354  24.623  -35.435  36.619 0.1250000000
43360  24.661  -35.250  35.849 0.1250000000
44310  21.830  -35.654  34.283 0.2500000000
44309  23.454  -35.324  34.575 0.1250000000
115383  22.823  -35.303  34.088 0.1250000000
44326  21.394  -35.522  33.631 0.2500000000
43356  22.951  -36.327  37.169 0.1250000000
43349  22.797  -36.084  38.166 0.1250000000
44280  24.541  -35.584  37.664 0.1250000000
42468  22.632  -36.510  36.488 0.1250000000
42472  22.589  -36.362  36.018 0.1250000000
43376  21.874  -35.968  34.968 0.2500000000
53713  30.762  -25.020  16.788 0.1250000000
54529  30.221  -24.547  17.303 0.1250000000
53685  29.771  -25.739  18.142 0.1250000000
52893  30.219  -26.500  18.443 0.1250000000
59247  48.935  -19.880  21.636 0.1250000000
58206  47.393  -20.484  21.868 0.1250000000
59192  40.361  -20.024  24.920 0.3750000000
67355  50.895  -10.852  6.009 0.6250000000
45198  20.055  -35.420  39.100 0.1250000000
43366  24.119  -35.461  35.606 0.1250000000
66486  52.449  -11.276  7.700 0.5000000000
67343  52.034  -10.761  7.030 0.5000000000
67374  51.256  -11.125  4.614 0.3750000000
67363  52.477  -10.702  5.516 0.3750000000
67353  52.629  -10.551  6.387 0.3750000000
115410  -1.656  -39.940  42.217 0.1250000000
38647  1.168  -40.662  42.930 0.1250000000
40541  -1.323  -39.723  42.786 0.1250000000
40547  -1.727  -39.122  42.197 0.1250000000
39579  0.315  -40.154  43.815 0.1250000000
41500  -2.205  -38.307  41.904 0.1250000000
40548  -2.195  -38.980  41.436 0.1250000000
38646  1.794  -40.648  42.739 0.1250000000
40536  -0.912  -39.457  43.445 0.1250000000
40537  -1.329  -38.882  42.972 0.1250000000
38644  3.214  -40.428  42.514 0.1250000000
41642  12.049  -39.103  27.106 0.1250000000
40707  11.458  -39.458  27.441 0.2500000000
45524  30.949  -34.156  18.120 0.1250000000
44519  31.784  -35.679  18.973 0.1250000000
44533  30.564  -34.917  18.396 0.1250000000
45523  31.926  -34.016  17.866 0.1250000000
47364  33.052  -32.792  17.886 0.1250000000
47363  33.837  -32.693  17.844 0.1250000000
135673  31.163  -29.951  21.052 0.3750000000
50153  29.988  -29.077  20.963 0.3750000000
50152  30.790  -29.265  20.634 0.3750000000
117115  31.647  -28.870  20.276 0.1250000000
51084  30.006  -28.593  20.388 0.2500000000
51085  29.603  -28.477  21.021 0.3750000000
51083  30.880  -28.576  20.087 0.1250000000
51092  29.945  -27.996  19.911 0.3750000000
51091  30.750  -28.077  19.665 0.1250000000
135889  30.361  -28.336  19.989 0.1250000000
51995  29.263  -27.221  20.662 0.3750000000
52006  30.260  -27.523  19.361 0.1250000000
52865  29.314  -26.655  20.146 0.3750000000
52881  29.460  -26.413  19.502 0.3750000000
55365  30.667  -24.043  16.785 0.1250000000
54542  31.200  -24.513  16.285 0.1250000000
56114  36.647  -22.454  30.057 0.1250000000
55263  36.224  -23.335  29.081 0.1250000000
57028  36.818  -21.743  30.620 0.1250000000
56124  36.493  -22.611  29.244 0.1250000000
58074  39.971  -20.449  29.784 0.1250000000
132832  39.659  -20.425  28.421 0.1250000000
58121  39.937  -20.272  26.656 0.1250000000
58143  39.547  -20.237  26.020 0.1250000000
59193  39.654  -20.079  25.359 0.2500000000
59179  40.289  -20.212  25.799 0.1250000000
62082  42.231  -16.303  8.323 0.1250000000
62075  41.371  -16.423  9.505 0.1250000000
134918  53.122  -13.562  0.940 0.1250000000
115448  53.277  -12.914  0.813 0.1250000000
65615  53.049  -12.555  0.132 0.1250000000
66536  52.637  -11.800  0.143 0.1250000000
65627  53.077  -12.453  -0.419 0.1250000000
66506  52.070  -11.482  4.000 0.1250000000
67373  52.289  -11.059  4.725 0.1250000000
66510  53.970  -12.264  2.638 0.1250000000
66523  54.198  -11.793  1.923 0.1250000000
67386  53.015  -11.069  1.268 0.1250000000
66524  53.427  -12.150  1.110 0.1250000000
67397  52.416  -11.093  0.508 0.1250000000
66546  52.420  -11.426  -0.446 0.1250000000
67387  52.080  -10.333  0.885 0.1250000000
67362  54.147  -10.454  5.088 0.2500000000
119313  53.316  -10.562  5.654 0.2500000000
67377  54.568  -10.443  3.500 0.1250000000
67372  54.289  -10.860  3.919 0.1250000000
67381  54.550  -10.618  2.984 0.1250000000
67378  54.327  -11.361  2.963 0.1250000000
129565  53.299  -11.981  3.411 0.1250000000
135058  50.471  -11.183  4.560 0.1250000000
67382  54.373  -11.290  2.515 0.1250000000
67410  52.203  -10.660  -0.559 0.1250000000
67398  51.922  -10.471  0.319 0.1250000000
139209  53.777  -10.398  5.827 0.1250000000
67340  54.242  -10.385  6.909 0.1250000000
67352  53.501  -10.417  6.513 0.2500000000
67342  52.879  -10.659  7.177 0.2500000000
68246  55.337  -9.274  3.754 0.1250000000
68244  55.170  -9.789  3.902 0.1250000000
67371  54.828  -10.219  4.294 0.1250000000
68247  54.813  -9.878  3.401 0.1250000000
68250  54.045  -10.315  2.588 0.1250000000
67383  53.711  -10.819  1.982 0.1250000000
68251  52.890  -9.741  2.197 0.1250000000
68252  51.939  -9.249  1.807 0.1250000000
68262  51.646  -9.693  0.498 0.1250000000
67411  51.812  -10.260  -0.092 0.1250000000
67351  55.121  -10.186  6.384 0.1250000000
66485  53.329  -11.169  7.786 0.3750000000
67361  54.961  -10.061  5.325 0.1250000000
67341  53.611  -10.631  7.253 0.2500000000
67370  55.573  -9.768  4.545 0.1250000000
69987  54.516  -7.584  4.201 0.1250000000
69109  54.687  -9.062  3.422 0.1250000000
126912  53.159  -7.714  3.531 0.1250000000
121503  53.718  -8.679  3.256 0.1250000000
68248  54.313  -9.697  3.045 0.1250000000
71729  52.948  -5.859  3.262 0.1250000000
69990  52.223  -7.317  3.007 0.1250000000
69110  52.699  -8.284  2.993 0.1250000000
71739  51.804  -6.045  2.325 0.1250000000
69994  51.968  -8.031  2.606 0.1250000000
68243  55.998  -9.302  4.181 0.1250000000
69107  55.894  -8.729  4.110 0.1250000000
70856  54.515  -6.626  4.272 0.1250000000
69108  55.050  -8.449  3.947 0.1250000000
70858  53.636  -6.209  3.769 0.1250000000
115610  52.925  -6.744  3.494 0.1250000000
71728  53.680  -5.437  3.346 0.1250000000
69986  55.403  -7.571  4.500 0.1250000000
71719  54.954  -5.825  4.239 0.1250000000
72570  53.786  -4.918  2.915 0.1250000000
50141  30.457  -29.669  21.320 0.3750000000
54444  35.464  -24.426  28.347 0.1250000000
61216  39.543  -17.713  10.898 0.2500000000
40726  12.649  -39.373  26.692 0.1250000000
119911  33.510  -32.448  18.249 0.1250000000
121442  29.374  -27.866  21.037 0.3750000000
41505  -2.562  -38.099  41.039 0.1250000000
39587  -1.721  -40.398  41.716 0.1250000000
39588  -2.030  -39.766  41.677 0.1250000000
39580  -0.412  -39.894  43.718 0.1250000000
119876  31.411  -34.966  18.271 0.1250000000
44520  30.913  -35.594  18.868 0.1250000000
131990  32.843  -34.399  17.939 0.1250000000
45539  32.821  -33.546  17.780 0.1250000000
51093  29.552  -27.878  20.494 0.3750000000
52007  29.540  -27.240  19.859 0.3750000000
117137  52.683  -11.961  -0.326 0.1250000000
132245  53.030  -11.441  4.072 0.1250000000
134491  54.266  -11.960  2.946 0.1250000000
119544  50.834  -11.527  3.909 0.1250000000
66516  54.066  -12.305  1.985 0.1250000000
68254  52.467  -10.104  1.536 0.1250000000
115868  53.414  -10.956  4.631 0.1250000000
66505  53.872  -11.471  3.556 0.1250000000
66515  54.352  -11.910  2.473 0.1250000000
68255  51.800  -9.642  1.220 0.1250000000
119944  54.263  -10.249  6.056 0.1250000000
69112  53.333  -9.237  2.743 0.1250000000
69113  52.316  -8.791  2.424 0.1250000000
69989  53.731  -7.171  3.984 0.1250000000
69988  54.104  -8.108  3.827 0.1250000000
70859  52.266  -6.330  2.946 0.1250000000
37041  -0.012  -43.758  31.724 0.2500000000
122104  -0.462  -43.055  32.170 0.2500000000
40687  6.767  -39.813  29.755 0.1250000000
41600  8.176  -39.175  29.393 0.1250000000
49164  32.691  -30.090  20.794 0.2500000000
49190  35.104  -31.092  18.944 0.1250000000
52894  29.685  -26.234  18.811 0.1250000000
56310  34.601  -22.834  12.427 0.1250000000
55419  35.082  -23.399  11.883 0.1250000000
55420  34.597  -23.667  12.301 0.1250000000
56309  35.179  -22.447  11.990 0.1250000000
115646  52.052  -16.739  16.855 0.1250000000
62025  52.243  -16.187  16.171 0.1250000000
62879  52.333  -15.101  13.615 0.1250000000
63739  52.623  -14.810  13.024 0.1250000000
62886  51.961  -14.870  13.094 0.1250000000
122480  -0.644  -42.435  32.912 0.2500000000
37012  -0.804  -43.915  32.180 0.2500000000
48252  33.445  -32.314  18.715 0.1250000000
48266  34.590  -31.803  18.689 0.1250000000
48250  34.641  -31.444  19.081 0.1250000000
49163  33.388  -29.845  20.398 0.2500000000
31675  -2.582  -49.701  33.166 0.1250000000
118017  -4.366  -49.861  33.058 0.1250000000
32550  -2.939  -48.112  32.877 0.1250000000
32535  -3.721  -48.561  33.161 0.1250000000
33435  -2.201  -47.655  32.651 0.1250000000
33434  -1.391  -47.203  32.521 0.1250000000
34350  -2.205  -46.854  32.732 0.1250000000
33433  -0.454  -47.233  32.646 0.1250000000
34349  -1.527  -46.248  32.512 0.1250000000
35199  -0.913  -45.507  32.153 0.1250000000
36124  -1.305  -44.657  32.419 0.1250000000
36108  -1.911  -44.517  33.349 0.1250000000
35206  -0.127  -45.113  31.775 0.1250000000
36139  -0.223  -44.443  31.748 0.1250000000
37865  0.296  -42.987  31.730 0.1250000000
37864  1.102  -42.699  31.493 0.1250000000
137529  26.455  -36.557  21.195 0.1250000000
43535  26.935  -36.530  20.725 0.1250000000
50151  31.709  -29.693  20.696 0.1250000000
59342  40.025  -19.039  10.502 0.1250000000
60285  40.006  -18.075  10.357 0.1250000000
62076  40.784  -16.824  9.979 0.1250000000
62931  43.735  -15.729  6.668 0.1250000000
138008  49.988  -11.373  4.236 0.1250000000
62930  44.139  -15.031  6.386 0.1250000000
40742  17.941  -39.344  25.093 0.1250000000
30698  -4.429  -50.631  33.150 0.1250000000
31678  -5.521  -49.936  32.705 0.1250000000
36138  0.374  -44.425  31.665 0.1250000000
36123  -0.633  -44.798  31.914 0.1250000000
31687  -2.768  -48.940  32.864 0.1250000000
31686  -1.956  -49.126  32.949 0.1250000000
31676  -3.536  -49.462  33.042 0.1250000000
32549  -2.138  -48.409  32.697 0.1250000000
34348  -0.735  -46.419  32.339 0.1250000000
121640  -0.251  -45.840  32.135 0.1250000000
35200  -1.792  -45.371  32.697 0.1250000000
37040  0.756  -43.638  31.573 0.1250000000
50150  32.387  -29.311  20.453 0.1250000000
59341  40.860  -19.620  10.320 0.1250000000
59358  40.712  -18.582  10.013 0.1250000000
61220  40.663  -17.662  9.885 0.1250000000
28774  -4.062  -51.747  32.124 0.1250000000
28785  -4.212  -51.577  31.674 0.1250000000
28786  -5.039  -51.462  31.897 0.1250000000
30705  -5.930  -50.725  31.852 0.1250000000
31689  -5.972  -50.034  31.575 0.2500000000
31696  -5.815  -49.548  31.112 0.2500000000
33449  -5.711  -47.921  31.083 0.2500000000
36169  -2.431  -44.424  28.415 0.1250000000
37771  4.985  -40.036  42.141 0.1250000000
37779  3.586  -41.135  42.023 0.2500000000
38639  0.880  -40.407  43.500 0.2500000000
38652  5.937  -39.792  41.914 0.1250000000
39617  18.288  -39.132  37.280 0.1250000000
40534  7.050  -39.213  43.491 0.1250000000
40546  9.148  -39.347  42.214 0.1250000000
40604  16.560  -39.030  34.134 0.3750000000
42459  20.754  -37.364  38.536 0.1250000000
42507  33.391  -36.940  29.809 0.2500000000
42510  29.831  -36.936  30.234 0.6250000000
42517  33.917  -36.802  29.176 0.1250000000
42531  34.506  -36.474  28.746 0.1250000000
42565  -0.873  -38.050  27.595 0.1250000000
43393  35.032  -36.006  31.624 0.1250000000
43395  32.720  -36.211  32.029 0.1250000000
43408  34.311  -36.246  31.054 0.2500000000
44365  35.386  -34.392  29.090 0.1250000000
45362  35.268  -33.972  27.983 0.1250000000
45376  35.254  -34.176  27.419 0.1250000000
46304  34.792  -33.346  27.190 0.2500000000
48218  22.476  -32.041  22.863 0.7500000000
48220  21.177  -32.172  22.990 0.6250000000
50997  32.435  -28.120  26.988 0.6250000000
56228  39.593  -21.753  17.762 1.0000000000
59210  50.134  -19.784  24.600 0.1250000000
66537  52.074  -10.975  -0.006 0.1250000000
69991  51.782  -6.703  2.538 0.1250000000
119447  35.167  -33.833  28.497 0.1250000000
120647  1.708  -41.127  41.991 0.2500000000
126963  -4.157  -44.159  29.757 0.1250000000
128794  -4.989  -50.102  32.990 0.2500000000
131858  13.948  -39.329  38.048 0.2500000000
137443  23.737  -33.219  28.631 1.0000000000
138781  34.137  -21.654  22.508 1.0000000000
139163  26.354  -33.959  30.053 1.0000000000
139849  49.374  -20.002  22.066 0.1250000000
