global_signal	global_signal_derivative1	global_signal_derivative1_power2	global_signal_power2	csf	csf_derivative1	csf_power2	csf_derivative1_power2	white_matter	white_matter_derivative1	white_matter_power2	white_matter_derivative1_power2	csf_wm	tcompcor	std_dvars	dvars	framewise_displacement	rmsd	t_comp_cor_00	t_comp_cor_01	t_comp_cor_02	t_comp_cor_03	c_comp_cor_00	c_comp_cor_01	c_comp_cor_02	c_comp_cor_03	w_comp_cor_00	w_comp_cor_01	w_comp_cor_02	w_comp_cor_03	w_comp_cor_04	w_comp_cor_05	w_comp_cor_06	w_comp_cor_07	w_comp_cor_08	w_comp_cor_09	w_comp_cor_10	w_comp_cor_11	w_comp_cor_12	w_comp_cor_13	w_comp_cor_14	w_comp_cor_15	w_comp_cor_16	w_comp_cor_17	w_comp_cor_18	w_comp_cor_19	w_comp_cor_20	w_comp_cor_21	w_comp_cor_22	w_comp_cor_23	w_comp_cor_24	w_comp_cor_25	w_comp_cor_26	a_comp_cor_00	a_comp_cor_01	a_comp_cor_02	a_comp_cor_03	a_comp_cor_04	a_comp_cor_05	a_comp_cor_06	a_comp_cor_07	a_comp_cor_08	a_comp_cor_09	a_comp_cor_10	a_comp_cor_11	a_comp_cor_12	a_comp_cor_13	a_comp_cor_14	a_comp_cor_15	a_comp_cor_16	a_comp_cor_17	a_comp_cor_18	a_comp_cor_19	a_comp_cor_20	a_comp_cor_21	a_comp_cor_22	edge_comp_00	edge_comp_01	edge_comp_02	edge_comp_03	edge_comp_04	edge_comp_05	edge_comp_06	edge_comp_07	edge_comp_08	edge_comp_09	edge_comp_10	edge_comp_11	edge_comp_12	edge_comp_13	edge_comp_14	edge_comp_15	edge_comp_16	edge_comp_17	edge_comp_18	edge_comp_19	edge_comp_20	edge_comp_21	edge_comp_22	edge_comp_23	cosine00	cosine01	cosine02	cosine03	cosine04	cosine05	trans_x	trans_x_derivative1	trans_x_derivative1_power2	trans_x_power2	trans_y	trans_y_derivative1	trans_y_power2	trans_y_derivative1_power2	trans_z	trans_z_derivative1	trans_z_derivative1_power2	trans_z_power2	rot_x	rot_x_derivative1	rot_x_power2	rot_x_derivative1_power2	rot_y	rot_y_derivative1	rot_y_derivative1_power2	rot_y_power2	rot_z	rot_z_derivative1	rot_z_power2	rot_z_derivative1_power2	motion_outlier00	motion_outlier01	motion_outlier02	motion_outlier03	motion_outlier04	motion_outlier05	motion_outlier06	motion_outlier07	motion_outlier08	motion_outlier09	motion_outlier10
4938.736262052167	n/a	n/a	24391115.866109014	6421.843032129553	n/a	41240067.92931089	n/a	5647.879934895834	n/a	31898547.758998968	n/a	5630.865360086839	4698.308967241274	n/a	n/a	n/a	n/a	-0.0179472583	0.0513378876	-0.0820637309	0.1070633269	-0.0494231958	0.0490300164	-0.0775019916	0.0526489705	-0.064402921	0.0352582228	-0.086037503	0.0791564306	0.00664285	-0.0064490935	0.0601648892	-0.0370646104	0.0456696398	-0.0186591679	0.0049013096	-0.0002389274	0.1021297979	-0.1122401573	-0.0895493653	0.0789535892	-0.0917840385	0.0357946565	-0.1046866557	0.1045345221	-0.1329049482	0.1668799976	-0.1304882749	0.0268128022	-0.0286759213	0.0516904742	-0.0584879513	-0.0593998311	0.0788951084	-0.0450208623	0.0562611267	-0.0750294336	0.0323541843	-0.0037108793	0.0290095078	-0.0705182131	0.0250267159	-0.0831207103	0.0243772654	-0.034105373	0.040826592	-0.0888091524	0.0174725834	-0.1274960367	0.0167562868	-0.0731894257	0.0212439823	-0.0225991811	0.2459924104	-0.0246371906	0.0422901738	-0.0122686849	0.007968295	-0.0104041838	0.0545265836	-0.1101192006	0.0765746124	-0.0564668729	0.0521391413	-0.0091314946	0.0431916578	-0.0280468506	0.0145478159	-0.0910735261	0.0061301569	-0.0907004994	0.1038974655	-0.0183443064	0.0252301978	-0.1933070861	-0.0065213127	0.0038386348	-0.0407651938	0.021079864	0.0912851377	0.0912792721	0.0912694965	0.0912558111	0.0912382167	0.0912167139	0.0160882703785603	n/a	n/a	0.0002588324437736	0.0098007132497741	n/a	9.60539802042976e-05	n/a	0.0524359135769572	n/a	n/a	0.0027495250326501	-0.0003989202671059	n/a	1.591373795078426e-07	n/a	-0.0002161475371855	n/a	n/a	4.67197578313571e-08	0.0007394570588888	n/a	5.467967419404742e-07	n/a	0.0	0.0	0.0	0.0	0.0	0.0	0.0	0.0	0.0	0.0	0.0
4938.736262052167	0.0	0.0	24391115.866109014	6421.843032129553	0.0	41240067.92931089	0.0	5647.879934895834	0.0	31898547.758998968	0.0	5630.865360086839	4698.308967241274	0.0	0.0	0.0	8.453758566649801e-18	-0.0178397835	0.0513378482	-0.0820311014	0.1069956657	-0.049459128	0.0490566416	-0.0774689218	0.052674676	-0.0646330737	0.0353367265	-0.0858820417	0.0792312771	0.00668835	-0.0065016248	0.0602791343	-0.037154768	0.0455252385	-0.0187362385	0.0049407258	-0.0004651561	0.1021581533	-0.1122316477	-0.08964551	0.0788545994	-0.0918012447	0.0357557434	-0.1047327082	0.1045680843	-0.1329221765	0.1669136096	-0.1305281844	0.0268569017	-0.0287038958	0.0516526289	-0.058360393	-0.0596282206	0.0788825602	-0.0449645745	0.0562630534	-0.0750119842	0.0324427775	-0.0036235322	0.0291283935	-0.0706429839	0.0250050571	-0.0828933272	0.0243252586	-0.034211188	0.0409980547	-0.0888342715	0.0176774912	-0.1274951152	0.016824512	-0.0732133596	0.0213498629	-0.0225912948	0.2460310043	-0.0246397076	0.0422125673	-0.0122148924	0.008074109	-0.0103483539	0.0545763541	-0.110054513	0.0765802797	-0.0564054383	0.0521023229	-0.0091364592	0.043144175	-0.0280233347	0.0148015962	-0.0909666753	0.0060832558	-0.09094745	0.1037270578	-0.0183099016	0.0254041477	-0.1934294306	-0.0065375478	0.0040212182	-0.0407552428	0.0209937305	0.0912694965	0.0912167139	0.0911287655	0.0910056853	0.0908475206	0.0906543325	0.0160882703785603	0.0	0.0	0.0002588324437736	0.0098007132497741	0.0	9.60539802042976e-05	0.0	0.0524359135769572	0.0	0.0	0.0027495250326501	-0.0003989202671059	0.0	1.591373795078426e-07	0.0	-0.0002161475371855	0.0	0.0	4.67197578313571e-08	0.0007394570588888	0.0	5.467967419404742e-07	0.0	0.0	0.0	0.0	0.0	0.0	0.0	0.0	0.0	0.0	0.0	0.0
4923.107999297469	-15.628262754697973	244.2425967298798	24236992.37274673	6369.601490955479	-52.24154117407397	40571823.15358226	2729.1786242424664	5638.317169596354	-9.562765299479906	31790620.50496504	91.44648017293704	5614.765681681157	4689.950518340067	1.163145	19.680115	0.0540534379433287	0.0261287316204267	-0.0693963874	-0.0122804681	0.044139979	-0.0517938581	0.0260274551	-0.0059808666	0.0886330014	-0.062203043	0.0883983747	0.0171851044	0.0425400901	0.0313148307	-0.0475950026	-0.0125637105	0.0193957624	-0.0488462085	0.0372721472	0.0065499086	0.0810626327	-0.0776112998	-0.067123503	-0.0141628841	-0.0424719136	0.0894309832	0.0418631139	0.019650808	0.0275711059	0.0162292979	-0.0743960989	-0.086077016	-0.0933996767	0.1682235971	0.0377115964	0.0929793254	0.0325331082	0.0670996484	-0.0199551046	0.0617226078	-0.0415363223	-0.0668240979	-0.0127037575	0.0220362772	-0.0183071125	-0.0559750849	-0.0332484034	0.0749786219	0.0582487529	-0.0555782868	-0.0643604843	-0.0944315772	-0.0472183659	-0.0455077239	-0.028335405	-0.0806689573	-0.0061217262	0.0893067673	0.030401859	0.037900547	0.047063768	-0.0512098883	-0.0092615806	-0.0186554258	-0.0642696186	0.0334660249	-0.0487294571	0.0230724686	0.1236871869	0.0008076079	-0.0945875753	-0.0209441208	-0.046635796	-0.0684109383	0.0181476112	-0.0091163936	0.0027260948	0.0023901078	0.0718708332	-0.1088655477	-0.0076838398	0.0256562904	-0.0714439107	-0.0261204227	0.0912382167	0.0910916402	0.0908475206	0.0905061192	0.0900678015	0.089533037	0.0256963808713237	0.0096081104927633	9.231578724115012e-05	0.0006603039898841	-5.989079306800704e-05	-0.0098606040428421	3.58690709431484e-09	9.72315120897141e-05	0.0700991799441581	0.0176632663672009	0.0003119909787586	0.0049138950288434	-9.49107722505528e-05	0.0003040094948553	9.008054689196304e-09	9.242177296220337e-08	-0.0002370353812954	-2.088784410990001e-05	4.3630203155948457e-10	5.618577198585567e-08	0.000752988860734	1.353180184520005e-05	5.669922243894873e-07	1.831096611777595e-10	0.0	0.0	0.0	0.0	0.0	0.0	0.0	0.0	0.0	0.0	0.0
4915.080751758506	-8.02724753896291	64.43670305178611	24158018.796306964	6484.452496054946	114.85100509946732	42048124.17359322	13190.75337235787	5633.413732503255	-4.903437093098546	31735350.281556256	24.04369532597472	5613.874332492299	4694.456154318417	1.068713	18.082354	0.061827411072327	0.0323417134976238	-0.0440480235	-0.0059380695	-0.1327236483	-0.01767499	-0.1027898608	-0.0725995119	-0.0683195799	-0.0727392507	-0.0095028288	-0.0388753572	-0.1196689535	-0.0198989082	0.0387098272	0.017003364	-0.0173337537	-0.0656069855	0.0194204937	-0.0319424117	0.0352485115	0.0526443476	-0.0534256037	-0.0939102051	-0.0616284748	-0.0086609919	-0.1086682888	-0.0055774337	0.0787091837	-0.0204233678	-0.0277826114	-0.012400925	0.0243343487	-0.0078305665	0.0239975313	0.0439718903	-0.0356435492	0.0190148365	0.0340138328	-0.0917780995	0.0957681786	0.0143632162	-0.0585416799	0.0240330554	0.025156516	-0.0118239163	0.0601723522	-0.0300281445	0.062778789	-0.0529539181	-0.0757592309	-0.0886355513	-0.0070833079	-0.0320705537	0.0508114032	0.0739546089	-0.0213618547	0.0701414517	-0.0006216484	-0.0437387759	0.0491059998	-0.0294326557	-0.0306302745	0.0253769788	-0.0066212408	-0.089632978	0.0238743763	-0.0065412387	-0.0566807437	0.0460215111	-0.0419151551	-0.0592008623	0.0114242872	-0.0469361214	0.0729344893	0.0705075529	0.0403695459	0.0001001335	0.0109942237	-0.055392418	0.0020206955	0.0734011105	0.026421717	-0.0667846596	0.0911913037	0.090904137	0.0904261954	0.0897584821	0.0889023983	0.0878597406	0.0086974941555411	-0.0169988867157825	0.000288962149576	7.564640458567158e-05	-0.0033474312067767	-0.0032875404137086	1.1205295684102517e-05	1.0807921971767925e-05	0.0494043647678097	-0.0206948151763484	0.0004282753751832	0.0024407912581107	-0.0004519230948072	-0.0003570123225566	2.0423448362011746e-07	1.274577984572915e-07	-0.0002141614187853	2.287396251010002e-05	5.232181609134612e-10	4.586511329613265e-08	0.000715951770471	-3.7037090263000055e-05	5.125869376405595e-07	1.3717460551496132e-09	0.0	0.0	0.0	0.0	0.0	0.0	0.0	0.0	0.0	0.0	0.0
4909.139013550226	-5.941738208280185	35.30425293573662	24099645.85436089	6247.7097616637775	-236.7427343911686	39033877.26598886	56047.122287007405	5632.843920898437	-0.5698116048179145	31728930.63720248	0.3246852649851671	5604.260039531148	4566.7505225885925	1.135621	19.214417	0.0791467235875701	0.0406220388191466	-0.0699112711	-0.0756481363	0.0618132063	0.0582298896	0.13097348	0.0212721055	-0.0030679924	-0.0307469556	0.0747959039	0.0426575624	-0.0067784717	-0.0082680984	-0.0861544086	-0.0165867599	0.0682240756	0.0204298692	0.0421562836	-0.0362550246	-0.029018031	-0.0187896704	0.0240227125	0.0428095108	-0.0107241122	-0.0187724087	-0.0693698799	-0.0264191991	0.0335757477	0.1071899058	0.0622056009	0.0012552599	0.1146048908	0.0114460783	-0.0722402824	-0.0027827873	0.060669371	0.0720145076	0.0432142038	0.0218483311	-0.0946862798	-0.0332497555	-0.0018242823	-0.0375875043	0.0032105197	-0.066227683	0.0080345856	-0.0120365829	-0.0040516178	0.0290361967	0.0318303506	0.0616066038	0.0181995146	-0.0834819296	0.027054658	0.1071576472	0.0976302018	0.0602629769	-0.0830026172	-0.0370760695	0.0303511831	-0.0570212415	0.0131017406	-0.014173207	-0.0356321781	0.0713295541	0.0145688696	-0.1178110343	0.0625170884	-0.0490623562	-0.0341478254	0.0018247716	0.005128565	-0.0308993763	-0.0473004761	-0.0208778513	0.0952100161	0.0078254659	-0.0091227506	-0.0182233778	-0.0508027156	-0.0391646444	0.0284196374	0.0315113971	0.0911287655	0.0906543325	0.0898654396	0.0887648233	0.0873563013	0.0856447597	0.0051037651852539	-0.0035937289702871	1.2914887911881497e-05	2.604841906620977e-05	3.0061404288517224e-05	0.0033774926110652	9.036880277976817e-10	1.140745633780014e-05	0.0619858969985074	0.0125815322306977	0.000158294953272	0.0038422514267095	-0.0001021090229947	0.0003498140718125	1.0426252576932172e-08	1.223698848380409e-07	0.0004249733223051	0.0006391347410904	4.084932172686926e-07	1.8060232467103446e-07	0.0005130211878635	-0.0002029305826074	2.631907391968766e-07	4.118082135741935e-08	0.0	0.0	0.0	0.0	0.0	0.0	0.0	0.0	0.0	0.0	0.0
4926.387338942054	17.248325391828075	297.50472882238114	24269292.21328857	6303.545794960679	55.836033296901405	39734689.589166455	3117.6626143326826	5637.07307006836	4.2291491699224935	31776592.797289923	17.885702701456115	5610.47344313645	4633.9503846012685	1.045941	17.697067	0.1215368107744697	0.0592650076664968	-0.0571658468	-0.0408026916	-0.027838225	-0.0675724385	0.0478199522	-0.0806533142	0.0536508435	0.1021202333	0.0293933468	-0.087055832	-0.0348239494	0.0375730125	0.0093215044	-0.0144213507	-0.0720937852	-0.0316553469	0.0126824837	0.0518807939	-0.0067398164	0.0367719795	-0.0102109278	-0.106334472	-0.0222324793	-0.0197050045	0.0648143025	-0.0971620276	-0.0753062887	-0.0218787938	0.0297371843	0.0427882978	0.11459232	-0.0577171763	0.0795200843	0.0489262482	0.0294140919	0.0516861927	-0.0527521517	-0.0656995464	0.016588565	-0.0261806846	-0.0103317392	0.0689801808	-0.0467610106	0.0503926344	-0.0346349038	-0.0500224939	0.0306377444	-0.0203721233	0.0208899114	-0.0519295746	-0.0006180493	0.1316011663	0.0035318935	0.0613034243	0.128425929	-0.0628893329	0.0161604918	0.0106394139	-0.0106857686	-0.0584026032	-0.00074703	0.0018354789	-0.0043080895	-0.053782967	-0.0581347762	0.0035172585	-0.044535705	0.1038303411	-0.0378963126	-0.0821409269	-0.005944825	0.0059068013	-0.0035069735	0.0371987521	-0.0305985208	-0.0567972644	0.0447715043	0.0386185391	0.0267337211	-0.0093887787	0.0039993462	0.0027103067	0.0910506129	0.0903423981	0.0891661178	0.0875278662	0.0854361313	0.0829017503	0.0217210626056072	0.0166172974203533	0.0002761345735564	0.0004718045607167	-0.0109671271922309	-0.0109971885965194	0.0001202778788505	0.0001209381570274	0.0293707435600154	-0.032615153438492	0.0010637482338163	0.0008626405772681	-0.0005244409987585	-0.0004223319757638	2.75038361178813e-07	1.7836429775255499e-07	0.000417073615492	-7.899706813100033e-06	6.240536773293906e-11	1.7395040073956865e-07	-0.0002828905559417	-0.0007959117438052	8.00270666410041e-08	6.334755039270343e-07	0.0	0.0	0.0	0.0	0.0	0.0	0.0	0.0	0.0	0.0	0.0
4939.76456145771	13.377222515656284	178.9500822333815	24401273.922633488	6340.229815552566	36.68402059188702	40198514.114021726	1345.7173667859909	5649.913674723307	12.840604654947128	31921524.531825423	164.88112790464987	5628.672128006951	4650.317542580997	1.022586	17.301901	0.0821584942929573	0.0389845833229533	-0.0230309761	-0.0030172399	0.0831728197	0.0418325602	0.0519559115	0.0824249768	0.0150825879	0.0260858668	-0.0150368318	0.0944473239	-0.0041180711	0.0490720283	0.0297707776	-0.0312963663	0.0461577033	0.0998904354	-0.0181976966	-0.0150211245	-0.0061916807	-0.043110779	-0.036106643	-0.0729515212	-0.0424689468	-0.0576367883	0.0135523019	0.0302441197	-0.0080897159	-0.1011813098	0.0091463717	-0.0526357172	0.0226838092	-0.0766953565	0.0961388193	0.0014905226	0.0315534906	-0.021180761	0.0693770909	0.0445291139	-0.0381855252	-0.0313002147	0.1193992337	-0.0267232428	0.0396807226	0.0435291793	0.0049141353	0.0384277862	-0.0030809516	-0.0251597128	-0.0186537325	-0.0398345972	0.0435298319	0.0626340861	-0.0250861224	-0.0407520589	0.0573995965	0.0206886107	-0.0404491591	0.0099963418	-0.0154381333	-0.0123212401	-0.0092394959	-0.0387296813	0.0386771819	0.0377951528	0.0126858983	-0.0595077779	0.0174268221	-0.0710393032	-0.080310888	0.007513903	0.0104881635	0.0549893793	0.0058691524	0.0847890884	-0.064787085	-0.0400828097	0.0214423336	0.0309570078	0.0209428013	-0.0525779066	0.0452943802	0.0050330871	0.0909568593	0.0899685475	0.0883293083	0.0860510014	0.0831501106	0.0796476241	0.0086991855751534	-0.0130218770304537	0.0001695692813962	7.5675829670957e-05	8.10124163308501e-06	0.0109752284338639	6.563011599762988e-11	0.0001204556391754	0.0213292601562358	-0.0080414834037795	6.466545533326272e-05	0.0004549373388123	-0.0001539398548803	0.0003705011438782	2.3697478920567825e-08	1.372710976150547e-07	0.0008990104209563	0.0004819368054643	2.3226308446113454e-07	8.082197369880237e-07	-0.000132930396787	0.0001499601591547	1.7670490389949262e-08	2.2488049333702958e-08	0.0	0.0	0.0	0.0	0.0	0.0	0.0	0.0	0.0	0.0	0.0
4936.140406413155	-3.624155044555664	13.134499786978267	24365482.111824624	6383.591129530345	43.36131397777899	40750235.709018506	1880.203549879532	5642.190638020833	-7.723036702474019	31834315.19576993	59.64529590776077	5620.531453608848	4651.433061886457	1.028436	17.400873	0.1431827551413574	0.0871116974246947	-0.0284805225	0.0051609413	-0.0020974617	-0.061905464	-0.0077758663	-0.0147681216	0.1116036623	0.0230315928	0.0246871389	-0.0747575861	0.0321804209	0.0703854869	0.017486039	0.0200818327	0.0169810762	-0.1014880713	0.0292594481	0.0461191262	-0.0371622148	-0.0376077104	0.0385198853	0.036963952	0.0315106705	0.0273049069	-0.1101257253	0.0777446158	0.0287904965	-0.0634945575	0.0350645503	0.0042634385	-0.010517602	-0.0055684047	0.0596243261	-0.0809044284	-0.0088751026	0.020482294	-0.0808239549	-0.0109005185	0.0416419382	-0.0648242195	-0.017651287	0.030592892	-0.0554512902	-0.0830685531	-0.0628862082	-0.0089996344	-0.032481877	-0.0042163548	0.0614786665	0.0005562665	0.0004060073	0.000527116	0.0594529222	-0.0688192327	-0.0539402397	-0.0023938643	0.0018269867	-0.0768925805	0.0631444267	-0.0421718183	0.0303485587	-0.0133402686	-0.0031490141	-0.0309801039	-0.0837927162	0.0637913604	0.049653405	0.0836909297	0.0358553973	-0.0415934512	-0.0306038955	0.0013052336	-0.0649430055	-0.0390644393	0.0290746028	0.0209245316	-0.0018646381	0.0662459638	-0.0134301252	-0.1064319904	-0.0212288066	-0.0277739557	0.0908475206	0.089533037	0.0873563013	0.0843382767	0.0805080284	0.0759024438	0.0175679322961457	0.0088687467209922	7.865466840111166e-05	0.0003086322451619	0.0111122468841529	0.0111041456425198	0.0001234820308143	0.0001233020504502	0.0986450296139977	0.0773157694577618	0.0059777282068457	0.0097308418675464	-8.201488905523163e-05	7.192496582506837e-05	6.726442026741954e-09	5.173200708937253e-09	0.0002889957722176	-0.0006100146487387	3.7211787167579966e-07	8.351855635964693e-08	0.0001030118550509	0.0002359422518379	1.0611442281027632e-08	5.566874620233904e-08	0.0	0.0	0.0	0.0	0.0	0.0	0.0	0.0	0.0	0.0	0.0
4936.718141539563	0.5777351264077879	0.3337778762854226	24371186.009005837	6370.991042787666	-12.600086742679196	40589526.86728067	158.76218592304002	5640.41333984375	-1.7772981770831393	31814262.644287325	3.15878881026305	5618.613537740151	4673.936224943672	1.050221	17.769482	0.1246474164579968	0.0695025082192573	-0.0399446577	-0.0147203631	0.0569923356	0.0045604045	0.019950844	0.0434952964	-0.0002959234	-0.0906964578	0.0046108118	0.0572418336	-0.0661057257	0.0198533738	0.0639165761	0.0322821974	0.018451037	0.0709408457	0.0491611249	0.0725794148	0.038686744	0.0539846111	-0.1718445866	-0.0333591379	-0.0407759914	0.0119522015	0.0826101676	0.0542991208	0.0358935889	0.0994112949	-0.0075330635	0.0330557801	0.003069971	-0.0533010934	0.1602029918	0.013099549	0.0017945518	0.0077498622	0.0703701152	0.0072147743	0.0578976618	-0.0279117881	0.0609042127	-0.067642633	-0.0254116614	0.0575603027	-0.0325087757	0.0453387386	0.055560163	-0.0250421285	-0.1433171014	-0.0427922898	-0.0650885354	0.0170477886	-0.0954273204	0.0438950497	0.0345812494	-0.0266389077	0.0262113055	-0.0780884168	0.0279113998	-0.0064414139	-0.044215555	-0.0143144319	0.0019905262	-0.0524385274	0.0468636535	0.0123146934	-0.0065087885	-0.0778696369	-0.1028982797	0.0191575033	-0.0241666245	0.024266571	0.0315690694	0.1388230616	0.0472683608	0.0093760807	0.0101124393	0.0451074089	0.0331319573	-0.0688702512	-0.0196866536	-0.0647048496	0.0907226157	0.089036165	0.0862485974	0.0823943867	0.0775211985	0.0716892996	0.0126576584824391	-0.0049102738137066	2.411078892557276e-05	0.000160216318258	0.0056518176923816	-0.0054604291917712	3.1943043227917674e-05	2.9816286958348167e-05	0.0356182393972872	-0.0630267902167105	0.0039723762850212	0.0012686589777624	-0.0002569708827385	-0.0001749559936832	6.603403457540393e-08	3.060959972569984e-08	-0.0001040719584206	-0.0003930677306382	1.5450224086906458e-07	1.0830972529499096e-08	0.0005599865954456	0.0004569747403947	3.135849870787541e-07	2.088259133588035e-07	0.0	0.0	0.0	0.0	0.0	0.0	0.0	0.0	0.0	0.0	0.0
4942.364094450161	5.64595291059868	31.87678426869771	24426962.84211016	6380.1557010878005	9.16465830013476	40706386.77012316	83.99096175822896	5637.285853678385	-3.127486165364644	31778991.79608244	9.781169714547245	5616.517064511389	4696.184518253102	1.049181	17.751881	0.0885216921711476	0.0455388442882334	-0.0220112186	0.0427569846	-0.0266943517	-0.0579850858	-0.0096100079	-0.0344146327	0.0998694416	0.0480207595	0.0785948683	-0.0233568967	0.0574227924	0.03883876	-0.0111540008	0.0303944317	-0.0442529267	-0.0794064129	0.0269840234	0.0277488623	0.0166965404	0.0030438985	0.0959438706	0.0393884771	0.0166972824	0.0226977054	-0.0412918214	0.0386969303	0.0993847333	-0.0009228912	-0.0187060447	0.0278455244	-0.0047637114	-0.0126482357	0.0237562259	-0.0482128658	-0.0588238931	0.0424084804	-0.0602011938	0.058625547	0.0136795953	-0.0507558783	-0.0635569304	0.0360921145	-0.0479008395	-0.0257280504	-0.0243783557	-0.0591841731	0.0284946932	-0.013294205	0.0738309124	0.0300203822	-0.0114057333	-0.0819384329	0.0037048783	0.0045846151	-0.0567610163	-0.0171415717	-0.0140836099	-0.0681949019	-0.0003924184	-0.0031904539	-0.0553658628	-0.0237041555	-0.010491104	0.0279144913	-0.016632086	-0.0185851099	0.0522354486	0.1243706512	0.0437866083	-0.0373968972	-0.0688769395	-0.0223432822	-0.0560497348	0.005863219	0.0556629765	-0.1039599253	-0.0218995948	-0.0081982072	-0.1026741632	0.0342442675	-0.0157101611	0.0523686109	0.090582166	0.0884782721	0.0850079043	0.0802246594	0.0742024108	0.0670341672	0.0109628641862684	-0.0016947942961707	2.8723277063327395e-06	0.0001201843911665	-0.0095912208506376	-0.0152430385430192	9.199151740570545e-05	0.0002323502240239	0.0039830800058595	-0.0316351593914277	0.001000783309721	1.5864926333077718e-05	-0.0002090164454794	4.79544372591e-05	4.3687874480842995e-08	2.2996280528369582e-09	0.0002299850502711	0.0003340570086917	1.1159408505604653e-07	5.2893123348200394e-08	0.0001430240425858	-0.0004169625528598	2.0455876757584728e-08	1.7385777048736156e-07	0.0	0.0	0.0	0.0	0.0	0.0	0.0	0.0	0.0	0.0	0.0
4934.901036457191	-7.46305799296988	55.69723460643161	24353248.239626262	6308.908956969811	-71.24674411798969	39802332.2273339	5076.098547414299	5637.653208007812	0.3673543294271439	31783133.69376078	0.1349492033488666	5618.740683707746	4637.309117834552	1.055347	17.856199	0.0386507564404697	0.0227605220162484	-0.0329538316	-0.0027031528	0.0987220104	0.0556238202	0.0854740214	0.0849893268	0.0228178691	0.0322550697	-0.0416927107	-0.0198354285	-0.1009251676	0.0189595006	-0.0511402502	0.0052778588	0.0111943463	0.0762694596	0.0666126567	0.0358738059	0.026580194	0.0463403375	-0.0242280784	-0.0091499619	-0.0017590161	-0.0531906975	0.0476160436	-0.0643911983	0.0114158218	0.1410580263	0.1238659744	0.0454823586	0.0456748732	-0.0152118786	-0.0587951529	-0.0174535951	0.0754953076	-0.0200407795	0.0459708296	-0.0994857782	-0.040074011	-0.0599839904	0.0464236132	-0.0740208776	-0.0085352802	0.0261756654	-0.0212539653	-0.0377611613	0.0491126797	0.0067831381	-0.0513333176	0.033168456	-0.001099475	-0.0069022395	0.034768159	0.102821574	0.1128248485	-0.0741630259	-0.0488333235	-0.0025677615	-0.0164420632	-0.0416860593	0.0226759347	-0.040232734	0.0053886941	-0.0967839977	-0.01094787	-0.0328492386	0.004041656	-0.088450502	-0.018098666	0.005987585	0.0102155169	0.0596428999	-0.0648160767	0.0533337814	-0.0328917817	-0.0471797727	-0.017599101	-0.0208719508	-0.0290182285	0.0242986945	0.0679601648	0.0419190794	0.0904261954	0.0878597406	0.0836361352	0.0778350419	0.0705658771	0.0619657467	0.0110193076669276	5.644348065920145e-05	3.1858665089256477e-09	0.0001214251414584	-0.0095580001797941	3.322067084349928e-05	9.135536743694404e-05	1.103612971292123e-09	0.0039671379965611	-1.5942009298400284e-05	2.541476604702811e-10	1.573818388375882e-05	2.089743881057246e-05	0.0002299138842899	4.3670294884162006e-10	5.286039418930284e-08	0.0005180036321914	0.0002880185819203	8.295470353138057e-08	2.683277629634832e-07	0.0003959945819689	0.000252970539383	1.5681170894872385e-07	6.399409379577654e-08	0.0	0.0	0.0	0.0	0.0	0.0	0.0	0.0	0.0	0.0	0.0
4934.057649013167	-0.8433874440243017	0.7113023807378446	24344924.88378534	6482.406979188224	173.4980222184131	42021600.24382819	30101.563713700965	5637.082380777995	-0.5708272298170414	31776697.76767771	0.3258437263005974	5615.933303377817	4736.647956798279	1.161191	19.647068	0.0607288085670762	0.029529560530781	-0.0100741556	0.0616604571	-0.0602376673	-0.0963785445	-0.1286521567	-0.0549671558	0.0187628414	-0.0143704933	0.0938716124	0.0289673813	0.0395407799	0.0339732933	0.0069257369	-0.0107854529	-0.0626024537	-0.0651112429	-0.0261712561	0.0055421045	-0.0158409124	0.0081108988	0.017299791	-0.004014656	-0.0078828893	0.0013359968	0.077255962	0.0576388594	-0.0030499839	0.108817828	-0.0301078766	-0.0579804362	0.1469843077	-0.0468158306	-0.1027501075	0.0267722767	0.032348653	0.061174215	-0.0171542034	0.0898084054	0.0352373817	-0.0161208156	-0.0601414185	0.0958909947	0.0369740045	0.0292023799	0.0261818665	-0.0395564613	0.0298137308	-0.0245062213	-0.0426204825	0.0072202617	0.018544172	-0.0062151055	-0.0832739916	-0.012663116	0.0843433483	0.0695354889	-0.1131643142	0.0081498586	-0.024803101	0.0023058161	-0.0484562886	-0.0171989325	-0.0139779057	0.0886339072	0.0344919759	0.0045194937	0.024947146	0.0956820775	-0.0715861451	-0.0138216659	0.0085665474	0.0113226171	0.0250346094	0.0312338141	-0.0471633326	0.0061829903	-0.0335969605	-0.0045978579	-0.0686191982	0.0394795127	0.0402764058	-0.0160791693	0.0902547308	0.0871809944	0.0821354052	0.075232084	0.0666271694	0.0565152869	0.0035434800695384	-0.0074758275973892	5.588799826588599e-05	1.2556251003215864e-05	-0.0055580104984187	0.0039999896813754	3.0891480700532486e-05	1.5999917451109675e-05	-0.0146394186074019	-0.018606556603963	0.0003462039486564	0.0002143125771627	-0.00041256440952	-0.0004334618483305	1.702093920025863e-07	1.878891739581562e-07	0.0004439398842435	-7.406374794789998e-05	5.485438760090059e-09	1.9708262082213218e-07	0.0002905914845604	-0.0001054030974085	8.444341089901717e-08	1.110981294330574e-08	0.0	0.0	0.0	0.0	0.0	0.0	0.0	0.0	0.0	0.0	0.0
4921.903110533102	-12.15453848006473	147.73280566337422	24225130.229475427	6312.89023372827	-169.5167454599541	39852583.10310177	28735.926991334876	5634.70801961263	-2.374361165365372	31749934.466286886	5.637590943595205	5608.07107975387	4644.895753548815	1.091875	18.474251	0.0527535944754396	0.0316181594885397	-0.0244879756	-0.0142741402	-0.0108894904	0.0887600809	0.0527883241	0.0174571456	-0.0598353461	0.013487895	-0.0150422442	-0.1008885276	-0.0596003071	0.0324590929	-0.0242849486	0.007571558	0.0225602336	0.0508648614	-0.0150735038	-0.057035328	0.0140141825	0.0621987589	-0.0238761516	0.0838913146	-0.0309289629	-0.1149978045	-0.0231101797	0.0314256816	-0.019609004	-0.061070212	0.020659015	0.020321366	0.1248772462	0.0102073172	-0.0363996053	-0.1350014633	0.0082747628	0.0314457768	-0.0410624084	-0.1133048586	0.0127679735	-0.0230269488	0.0202991642	-0.032491487	0.0490511019	0.0016709186	0.0502764484	0.0021134805	0.0108908543	0.0961318445	-0.0125463052	0.0418744841	0.0944570478	-0.0153219645	0.0728274332	0.0414238467	-0.0776926875	-0.0270872951	-0.0997393924	0.0411950887	-0.0139034986	-0.0075647343	-0.0214593684	0.0203707043	-0.0093251696	-0.0678808404	-0.0419156933	-0.0655192003	-0.0507424496	-0.0469637556	0.0108880659	-0.0147523538	0.0711329094	0.015774938	-0.048626667	-0.0583160502	0.0199339213	0.0390007453	-0.0289831011	-0.0164048895	-0.038379972	0.0153511783	0.0503068105	0.0455391162	0.0900678015	0.0864424987	0.0805080284	0.0724229201	0.062403154	0.0507163915	-0.0004875167064284	-0.0040309967759668	1.6248935007854735e-05	2.3767253904679477e-07	0.0025377760477311	0.0080957865461498	6.440307268437683e-06	6.554175980082011e-05	0.0139321712348561	0.028571589842258	0.0008163357461142	0.0001941053953173	-0.0004611067324188	-4.854232289879998e-05	2.1261941868194282e-07	2.356357112411361e-09	0.0004438881495503	-5.173469319998472e-08	2.6764784804965453e-15	1.970366893111895e-07	0.0004831018531897	0.0001925103686293	2.3338740055532247e-07	3.7060242029788984e-08	0.0	0.0	0.0	0.0	0.0	0.0	0.0	0.0	0.0	0.0	0.0
4919.110706530513	-2.792404002589137	7.797520113675834	24197650.143103126	6348.046605798582	35.1563720703125	40297695.7093909	1235.9704971462488	5632.141937255859	-2.566082356770494	31721022.801396184	6.584778661728812	5607.584564802712	4667.8566668142685	1.097209	18.564499	0.0763316038860818	0.0423338887284714	-0.0554216676	-0.0245174272	-0.0238279458	-0.0880577257	0.0225977329	-0.0683738205	0.0714207829	0.0527273992	0.0699383652	0.0832261041	-0.0052981151	0.0184106897	-0.0365607369	-0.0290957236	-0.0102287252	-0.0775078547	-0.0449715056	0.0400675414	0.0050123196	-0.0538485646	0.0219272218	0.0188457188	0.0211009998	-0.0577661255	-0.0773517669	0.0179201993	-0.069310541	-0.1005974941	-0.0150843554	0.0498008777	0.0009566762	0.0439121091	0.0438860262	0.0172307199	0.0530973538	0.0539474149	0.0625466615	0.056512043	-0.0344637243	-0.0363812672	-0.0375152146	0.0931712714	0.0024634702	-0.0060434359	-0.0461832179	0.0396706218	-0.0128005915	-0.0003472801	0.0330469153	0.0106169442	0.0613270645	0.024075405	0.092938125	-0.0847066055	-0.0043624631	-0.0110883156	0.0508600481	0.0306742164	-0.0042362325	-0.0646963641	0.0619346322	-0.0422766558	0.0098007531	0.0656826327	0.0408775701	0.041638296	0.0438402585	0.0615369516	-0.0846547439	-0.0274203867	0.0077362277	-0.0065698097	0.0031003892	0.0047367485	-0.0583707017	0.0639483866	-0.0200556013	0.0347484387	-0.0302924966	-0.0072342617	0.0398426813	0.051599738	0.0898654396	0.0856447597	0.0787565141	0.06941525	0.0579119187	0.0446048127	0.0048827075399913	0.0053702242464197	2.883930845683403e-05	2.384083292108789e-05	-0.0024187746672481	-0.0049565507149792	5.850470890921156e-06	2.4567394990160812e-05	0.0439873452114341	0.0300551739765779	0.0009033134827623	0.0019348865387498	0.0001368659200793	0.0005979726524981	1.873228007915333e-08	3.575712931356135e-07	0.0004440410651589	1.5291560859995992e-07	2.3383183353496137e-14	1.9717246754745048e-07	0.0006039693840451	0.0001208675308553	3.647790168638175e-07	1.4608960015081068e-08	0.0	0.0	0.0	0.0	0.0	0.0	0.0	0.0	0.0	0.0	0.0
4930.402958507533	11.292251977019989	127.5149547125118	24308873.33325984	6344.537762572434	-3.508843226148201	40253159.42070763	12.311980785686115	5633.604025472006	1.462088216146185	31737494.315814387	2.1377019517935336	5612.282435554474	4673.76333917356	1.059679	17.929506	0.0882647560036988	0.0431048007174649	-0.0371015708	-0.0044567828	0.06692936	0.0345726343	0.0449311279	0.0570196226	-0.0091920672	-0.040915254	0.0407810025	-0.1078458448	-0.0013849276	0.0250025127	0.0204706716	-0.0115966134	0.0018715787	0.0605330933	-0.0009470798	-0.0604830397	0.0337086195	0.0156559297	-0.0423010388	-0.0560055809	-0.0455168718	-0.0957253315	-0.0412277758	0.0023720397	-0.0277211579	-0.0764380121	0.0585031853	-0.0486237998	-0.1544275848	-0.0704234126	0.0578263349	-0.0797572732	0.0301768091	0.0558703159	-0.0853234535	-0.0508348981	0.0059001511	-0.0142571162	0.0511767808	-0.0493273495	0.0272106305	0.0314707952	0.070056358	0.0309620175	0.0214391064	-0.0437331652	-0.0443939764	-0.0259559717	0.0843038467	0.0434530387	0.0629018354	0.0228778086	-0.0558397349	-0.0222119347	-0.0079804977	0.0221792983	-0.0034806747	0.0020639376	-0.0889131179	0.0258219906	-0.0592776161	-0.0294909748	-0.0652436204	-0.0057101271	-0.0074209151	-0.0428437072	-0.0279773092	-0.0290754885	0.0206585786	-0.0233902173	0.0414722171	0.0655949878	-0.0200691612	0.0037157206	-0.0078313292	0.0351902905	-0.0510712687	0.018996166	0.0545768827	0.0157740069	0.0896476797	0.084788324	0.0768835629	0.0662173176	0.0531726956	0.0382182304	-0.0046812175218917	-0.009563925061883	9.146866258931374e-05	2.1913797487265863e-05	0.002737210854832	0.0051559855220801	7.492323263810127e-06	2.65841867038996e-05	0.0083905921264246	-0.0355967530850094	0.0012671288301951	7.04020362320185e-05	-6.600003385770535e-05	-0.000202865953937	4.356004469218253e-09	4.115459526677118e-08	-2.3628032419509282e-08	-0.0004440646931913	1.971934517391007e-07	5.582839160173816e-16	0.0007160005836113	0.0001120311995662	5.126568357317221e-07	1.2550989676241733e-08	0.0	0.0	0.0	0.0	0.0	0.0	0.0	0.0	0.0	0.0	0.0
4938.94375838874	8.540799881207022	72.94526261082588	24393165.44852709	6400.749512122957	56.211749550522654	40969594.31694227	3159.760787530684	5638.759498291016	5.155472819010356	31795608.67956715	26.578899987554585	5618.457845052083	4718.14213611877	1.039509	17.58823	0.1198994684550603	0.0615573233583952	-0.0205818998	0.0538314351	-0.0467064467	-0.0241661837	-0.0405315424	-0.0515065066	0.0506879366	0.0178508579	0.0028336307	0.0957560692	-0.0434516339	0.0343719312	0.0450184307	0.0622322104	-0.0330880837	-0.0442644505	0.0671240633	0.006933489	-0.0571865278	0.0289801308	0.0526065884	0.0933651235	0.0646867359	-0.0282004947	0.0711316793	-0.0735904273	0.0820202349	-0.0609963389	0.0273748185	0.0344615127	-0.062521757	-0.0591084825	0.0380522175	-0.0130136536	-0.0166670525	-0.0141687581	0.090364024	0.0569979109	0.0739074067	-0.0330589697	-0.0307733094	0.0013396281	-0.0763569262	-0.0151153666	0.0029512557	-0.0503638093	0.0037240035	0.0399997207	0.0592464729	0.0715979336	-0.0067123159	0.0651115998	-0.0856232221	0.0631712971	-0.1025126316	-0.0558633566	-0.0173225726	-0.0374444506	0.0497903928	0.0114912631	-0.0164631272	-0.0177431303	0.0764574114	0.005762934	0.0789778533	0.0066446196	0.0072265131	0.0683762614	0.0012182189	0.0063702645	0.0050747721	0.0281364302	-0.0083043434	-0.0134737503	0.0921953537	-0.0459017676	-0.0904458734	0.0893887802	-0.0141617104	0.0310792286	0.0327439336	0.0750073694	0.0894145591	0.0838737786	0.0748920628	0.0628378881	0.0482057789	0.0315960199	0.0054733266144069	0.0101545441362985	0.000103114766616	2.99573042279749e-05	-0.0122701094022659	-0.0150073202570979	0.0001505555847435	0.0002252196612991	0.0509747397442765	0.0425841476178519	0.001813409628339	0.0025984240919967	-0.000648996795888	-0.0005829967620302	4.211968410728904e-07	3.3988522453780805e-07	-1.9089237410563346e-05	-1.906560937814384e-05	3.6349746095996615e-10	3.6439898491685116e-10	0.0002749938261435	-0.0004410067574678	7.56216044170415e-08	1.9448696013226292e-07	0.0	0.0	0.0	0.0	0.0	0.0	0.0	0.0	0.0	0.0	0.0
4943.875190351248	4.9314319625082135	24.319021200847608	24441901.89777059	6351.923776386589	-48.82573573636728	40346935.66102527	2383.952470197573	5636.1450052897135	-2.614493001302435	31766130.520652182	6.835573653859415	5614.377586434014	4723.417661479875	1.08005	18.274172	0.1788841262893779	0.1061426784497183	-0.054053544	0.0606319303	0.0991301243	0.0141505605	0.048583012	0.0791112286	0.0812046593	0.0141134424	0.0652990539	-0.0371747006	0.0489439033	0.0606893059	-0.0400874666	-0.0250829812	-0.055213244	0.0235950757	0.1061519239	0.0792247024	0.048072845	0.0310342099	-0.1168261799	0.0234152776	-0.0801653121	-0.0323325066	0.0541057538	0.004381484	-0.0393998014	-0.0124240069	0.0593792505	-0.0934778323	-0.0295423909	-0.0063888517	0.0250375612	0.0088121208	-0.1239004368	0.0491501141	-0.0777171914	0.0279376876	-0.0781037328	-0.0769837891	0.0471171073	0.0005964291	-0.0690114856	0.0517971288	-0.0554449947	-0.0205964069	0.0861190678	0.0066492468	-0.0991555851	-0.0772123824	0.074620399	0.065256373	-0.0119859042	-0.017079149	0.0319490227	-0.0088069035	-0.056606074	0.0366405132	-0.0075841954	-0.0182382862	-0.028241894	0.0134484647	-0.0740070853	-0.0029003811	-0.0698936689	0.0771722818	0.0977660628	-0.0302542492	-0.0426361908	-0.0237110971	-0.052386441	-0.0500351902	0.0083254114	0.0097434698	-0.0167435552	0.0762385553	0.0246757292	-0.0625011476	0.1276252477	-0.0381263096	0.113323106	-0.0356314205	0.0891661178	0.0829017503	0.0727850846	0.0592862243	0.0430324377	0.0247790096	-0.0048720676084172	-0.0103453942228241	0.0001070271816256	2.3737042780988096e-05	0.0097126485548386	0.0219827579571045	9.433554194980834e-05	0.0004832416474006	-0.0049458487508147	-0.0559205884950912	0.0031271122176373	2.446141986593533e-05	0.0009349899153342	0.0015839867112222	8.742061417766545e-07	2.5090139013285213e-06	0.0001140842365319	0.0001331734739424	1.773517416190396e-08	1.3015213025066504e-08	0.000179446299021	-9.554752712249996e-05	3.2200974232334146e-08	9.129329939224868e-09	0.0	0.0	0.0	0.0	0.0	0.0	0.0	0.0	0.0	0.0	0.0
4950.135611961163	6.260421609914374	39.192878733882885	24503842.57680612	6434.510957225269	82.58718083867916	41402931.25865204	6820.642438880695	5643.079730631511	6.934725341797275	31844348.8462642	48.09041556616533	5628.6302627979085	4687.334111332114	1.286025	21.759226	0.1258891306981751	0.0789350101940778	0.1174923883	0.0369853329	-0.0529423783	0.0712498612	-0.0836486529	0.0350130989	-0.0940047819	0.0529422667	-0.0811951719	0.0083943069	-0.0135188305	-0.0636155119	0.0627303745	-0.0041868747	-0.0461603725	0.0769089647	-0.0300350266	0.0236743735	-0.0396629894	0.0859507711	-0.0169620716	-0.0800424861	0.0201237136	0.0780295617	0.1260698795	0.0069281456	0.1058426009	0.0203916119	-0.0454670458	-0.045881591	-0.084613042	-0.0511509724	-0.1322548388	-0.0321940345	-0.0613279389	-0.0817775537	0.0186873283	-0.0215976965	0.0355821566	0.0910822172	0.0261679624	-0.0307046365	0.0131969829	0.0852396203	0.0206281984	-0.0856884914	-0.0605024659	-0.0024652535	-0.0564713928	-0.0420772022	-0.0905692871	0.0429279335	-0.0725831688	0.0249085234	-0.0658475918	-0.039706031	-0.0255506148	-0.0521033104	-0.0061327112	0.0991869275	-0.0120316302	0.0253491026	0.0069271813	-0.0577073783	0.0892022679	0.007584214	-0.0645920178	-0.0168750432	0.0947230823	0.043153144	-0.004801303	0.0124038914	0.0462868985	0.1222873734	0.0396685113	-0.0206921569	0.074419115	0.0031382585	0.0500528641	-0.0209741944	-0.0149320758	-0.0877220814	0.0889023983	0.0818729053	0.0705658771	0.0555720611	0.037674825	0.0178092284	-0.0042058482175661	0.000666219390851	4.4384827674601044e-07	1.7689159229203945e-05	0.0041453259027548	-0.0055673226520838	1.7183726840049896e-05	3.099508151240539e-05	0.0119759748900705	0.0169218236408852	0.0002863481153332	0.0001434239745675	-0.0004679552525135	-0.0014029451678477	2.1898211835497361e-07	1.9682551439872117e-06	-0.0001621298654026	-0.0002762141019345	7.629423010748236e-08	2.6286093255465198e-08	0.0005549623295259	0.0003755160305049	3.079831871928137e-07	1.41012289166157e-07	0.0	0.0	0.0	0.0	0.0	0.0	0.0	0.0	0.0	0.0	0.0
4935.111306998406	-15.024304962757014	225.72973961392503	24355323.61246351	6378.026293621948	-56.48466360332077	40679219.40213292	3190.51722238031	5638.303567301432	-4.776163330078816	31790467.11704405	22.811736155589568	5613.679505423658	4678.735820396274	1.082913	18.322611	0.0537150202683903	0.0304400603445088	0.0443347963	0.0183826689	0.0495583734	-0.0549562035	-0.0122933015	0.0090564753	0.0574294533	-0.0440010475	0.047551719	-0.0029460439	0.1007243922	-0.0196505059	0.0218597883	0.0411251136	0.0364589075	-0.033024921	-0.0161072296	-0.016129917	-0.0267224492	0.045501368	-0.0610034325	0.0846702277	0.0553051164	0.0686602302	0.0503364827	-0.1390206962	0.1886929163	0.064660139	-0.0625505934	-0.068356314	-0.0100122304	0.159955726	0.0265883166	-0.0285919756	-0.0162699762	0.021755546	-0.064341655	0.0897822824	0.0173306815	0.0203192387	-0.0258886993	-0.0233410929	-0.0272795701	-0.0435076871	-0.0486988828	0.0556319764	-0.0377299642	0.0452826318	-0.0078591157	0.0122978332	-0.1204921117	-0.025839531	-0.1139691925	0.1850968978	-0.0925196794	0.1118134915	-0.0208725406	-0.0252250726	0.0270766625	0.0518367041	0.0106443364	-0.0010395093	-0.0457259635	0.083617819	-0.0332011226	0.0468756884	0.0441345883	0.0135889778	0.025003285	0.083303061	-0.0251531837	0.0871197613	-0.0854795157	-0.0314563597	0.1168473166	-0.001063793	0.012342847	-0.0030408639	0.0144476205	-0.0251866887	-0.0775049574	-0.0255234196	0.0886234459	0.0807879487	0.0682378621	0.0517055788	0.0321558829	0.0107296473	0.0026960086000826	0.0069018568176487	4.763562753132384e-05	7.268462371719341e-06	0.0003930708905386	-0.0037522550122161	1.5450472498880805e-07	1.4079417676701594e-05	0.0347393511898559	0.0227633762997853	0.0005181713005656	0.0012068225210921	-0.0004679805065042	-2.5253990700014037e-08	2.190057544679276e-07	6.377640462763953e-16	-0.000204044687363	-4.191482196039999e-05	1.7568522999720292e-09	4.163423444106441e-08	0.0001909517627022	-0.0003640105668237	3.64625756790773e-08	1.325036927593114e-07	0.0	0.0	0.0	0.0	0.0	0.0	0.0	0.0	0.0	0.0	0.0
4926.5444957221	-8.566811276305998	73.3902554438436	24270840.66832972	6339.956767707471	-38.0695259144768	40195051.81639976	1449.2888033530205	5638.497140299479	0.193572998046875	31792650.0011654	0.0374705055728554	5619.323362832867	4661.007754905551	1.032624	17.471739	0.0345381719753532	0.0188040631563455	0.0155211696	-0.0337029096	-0.0109525554	0.0532307886	0.0255793516	0.0122470024	-0.1064032044	-0.067077388	-0.0845442402	-0.0603111706	-0.055417296	-0.0389645792	0.0312601021	0.0246473577	0.1047780617	0.0281391706	-0.0265936818	-0.0706880878	-0.0373246052	-0.0319716428	-0.0473067819	-0.0191782475	-0.0028883213	0.0149406107	-0.0395940379	-0.0501495831	-0.0187288094	-0.0194572793	0.0087173882	-0.0762563801	0.1030938607	0.0086620282	-0.0724444013	-0.0889681102	0.0180581839	-0.0444288112	0.0061350154	-0.1011886052	0.0375303003	0.0529909764	0.0293471475	-0.0916611312	0.072659495	-0.0646064492	0.0428693794	0.053835352	-0.0558312662	-0.0219251496	-0.0012364719	-0.0194326069	0.0084457005	0.0474768795	0.0842859551	0.0409873226	0.0383173368	0.0433983018	-0.0413253069	0.0165850691	0.0178214073	0.0232629824	0.0438323983	-0.0020295649	-0.0160053691	-0.0769775796	-0.014838357	0.0022175043	-0.068271813	-0.0630456144	0.0138676095	-0.0056704088	0.0847539469	0.0637477415	-0.0082951237	0.0676564703	-0.0111133918	0.0142269732	0.0360564001	0.0322933595	-0.0688133409	-0.0484071771	-0.0070320275	0.0006244279	0.0883293083	0.0796476241	0.0658046293	0.047697375	0.0264992443	0.0035839144	-0.0016633776981223	-0.0043593862982049	1.900424889697662e-05	2.766825366610641e-06	0.0076163928873427	0.0072233219968041	5.800944061436447e-05	5.217638066951397e-05	0.0347935809005406	5.422971068470145e-05	2.9408615209464223e-09	0.0012105932718824	-0.0004680047195887	-2.4213084499967282e-08	2.190284175572977e-07	5.862734610025558e-16	2.4901719544390133e-05	0.0002289464069073	5.2416457235804266e-08	6.200956362674614e-10	0.0004200058221035	0.0002290540594013	1.764048906008369e-07	5.246576212821428e-08	0.0	0.0	0.0	0.0	0.0	0.0	0.0	0.0	0.0	0.0	0.0
4927.781885064731	1.2373893426311042	1.5311323852570362	24283034.306772117	6390.595762139124	50.63899443165337	40839714.195070535	2564.3077570490213	5638.58071858724	0.0835782877611563	31793592.5200238	0.0069853301850866	5616.030797500709	4696.975812625262	1.056713	17.879314	0.062823483805623	0.0350238894803512	0.0214908466	0.0100928766	-0.0686082368	-0.0915519655	-0.0603627278	-0.1135007253	-0.0340096396	-0.0687444492	0.0410446489	0.0781624092	0.0671223303	0.0127090801	0.0347259855	-0.0064169777	0.0005465824	-0.047057967	-0.0744720118	-0.0215082707	-0.0319930929	-0.0129720097	-0.0017214106	-0.0339736132	0.0438444009	-0.017230546	-0.0609911152	-0.0268310691	-0.094259589	-0.0286476572	0.0940503734	-0.0806663006	0.0356925312	0.0186361996	-0.0175602686	0.0448101757	-0.0354580993	0.0085718886	0.0208241609	0.113674398	0.0276275828	0.0255018793	-0.0237166776	0.0582017595	0.0333466394	-0.0202256906	0.038807643	0.0415138222	-0.0471182223	-0.0152346475	0.0086378831	0.0087193766	-0.0229770318	0.0367874432	0.0782598294	0.0110158826	0.0497104659	0.040952842	-0.0616234433	0.114830297	0.0093688983	0.0545267912	-0.0299409381	-0.0031569607	0.0052278343	0.1029624925	0.0628933618	-8.46575e-05	-0.0353791439	0.0792051024	-0.0210768823	0.0176556889	0.0270773013	0.0681899586	0.0464099148	0.0815483826	0.0207638639	-0.0112810819	-0.0029240365	0.0224593831	-0.0448243976	0.0275528109	0.0346591966	-0.0114784461	0.0880200359	0.0784527129	0.0632699305	0.0435584361	0.0207291319	-0.0035839144	0.0089785784956148	0.0106419561937371	0.0001132512316294	8.061487180191653e-05	-0.0131428754295797	-0.0207592683169224	0.0001727351745574	0.0004309472210539	0.0090730136216876	-0.0257205672788529	0.000661547581146	8.231957617932874e-05	-0.0004680250136144	-2.0294025699990007e-08	2.190474133687593e-07	4.118474791118549e-16	0.0001118954031975	8.699368365310987e-05	7.567900995537356e-09	1.2520581256731094e-08	0.0004470256847469	2.70198626434e-05	1.9983196282343485e-07	7.300729772682026e-10	0.0	0.0	0.0	0.0	0.0	0.0	0.0	0.0	0.0	0.0	0.0
4921.853350968549	-5.928534096181465	35.147516529586184	24224640.40844034	6286.04068498422	-104.5550771549042	39514307.49327689	10931.764158867973	5638.553750813802	-0.0269677734377182	31793288.4008164	0.0007272608041881	5616.049409186021	4576.646884095435	1.211548	20.499084	0.0619361321916254	0.0311327820172949	0.0709470046	-0.0645149961	0.0922623034	0.0015790691	0.0731258671	-0.0011720694	-0.0191939771	-0.0169742018	-0.0709486794	-0.0828481596	0.0519211881	-0.1149033958	-0.0271022881	-0.0189604762	0.0308875606	0.0780455465	-0.0169657561	-0.0717843795	-0.0773329279	0.0661967517	-0.0050866444	0.0576045289	-0.0078523183	0.1617790686	0.0784917917	-0.1878249117	-0.0410297792	-0.06173001	0.0520980025	-0.1783655659	-0.0752745024	0.0879765371	-0.0391225752	-0.072193409	0.0552297474	-0.0439355812	-0.0756853616	-0.050436974	-0.0624701496	0.1068584702	0.0156275129	-0.0739050078	-0.0530762384	-0.0379550367	0.0268077947	0.0414870329	-0.1112044885	0.1135912065	0.0254717495	-0.0235231694	-0.1152596998	0.0138831781	-0.0730015518	0.1012947501	-0.0404886261	-0.0191680441	0.0419906155	0.1307921495	0.0061372701	0.0396297726	0.0368946444	0.0850052969	-0.0263658434	-0.0503895541	-0.0893987416	-0.0228825812	0.0241005504	-0.0411888152	-0.0244505585	0.0498651618	0.0156466307	-0.0828526487	-0.0387158691	-0.120225552	0.0612263979	0.0587966131	-0.1258059124	0.151364853	0.1436779271	-0.0018181065	0.0782712218	-0.1495795725	0.0876956817	0.0772040342	0.060637674	0.0393001065	0.0148702542	-0.0107296473	0.0051460128659073	-0.0038325656297075	1.4688559306015246e-05	2.6481448416083463e-05	-0.0073075498819576	0.0058353255476221	5.340028527729853e-05	3.4051024246731165e-05	0.0346667588236684	0.0255937452019808	0.0006550397934639	0.0012017841673383	-0.0002625952259278	0.0002054297876866	6.895625268007231e-08	4.2201397668961554e-08	0.0003709326257557	0.0002590372225582	6.710028267066645e-08	1.375910128500182e-07	0.0005160485907484	6.902290600150002e-05	2.6630614801340965e-07	4.764161552891908e-09	0.0	0.0	0.0	0.0	0.0	0.0	0.0	0.0	0.0	0.0	0.0
4917.273057493855	-4.580293474694372	20.979088314327843	24179574.32195497	6376.917282407647	90.87659742342656	40665074.02666932	8258.555959259542	5633.278249511719	-5.275501302083285	31733823.836421818	27.830913988282436	5611.661303489279	4552.420922871509	1.153974	19.524952	0.0604438596985167	0.0370789544739639	0.1228515315	-0.0888801368	-0.1015933208	-0.0250381146	-0.041546216	-0.0903144943	-0.06753949	0.0348545803	-0.0211462401	0.0729142111	0.0362527701	-0.155355401	0.0338177537	-0.0502971333	-0.0746960526	-0.0172167393	-0.0317782449	0.0260058106	-0.0609458459	0.0450274295	-0.0309464359	-0.0298504792	0.0665640618	-0.0177696974	0.108089485	0.0402955106	0.0199118889	-0.0360893431	-0.0751603053	0.0356386791	0.0063958562	0.0811730207	0.0107269378	0.0703312874	-0.0296000895	-0.0255817721	0.0560887063	0.0557797906	-0.018952968	0.1664777603	-0.044968287	0.0482013196	-0.0255831672	0.0332228111	0.0240921644	-0.0301144674	-0.0617660498	-0.0233474592	-0.0861843279	0.0376075005	-0.0642152246	0.0513383409	-0.0782660871	-0.0310342378	-0.0515938983	-0.0578886328	0.0068182854	0.0325822829	-0.0169101506	0.0593763816	0.1061680862	0.025361464	0.0141237601	0.0829182945	0.0676328942	0.0187127948	-0.0663338075	0.0222806907	0.0209131796	0.0233533366	0.0690957358	-0.0202884103	-0.0025124429	0.0949205219	-0.0435563813	-0.0195106746	0.0580183818	0.0587970663	0.1220733622	0.0122857437	-0.0111835372	-0.1036328309	0.0873563013	0.0759024438	0.0579119187	0.034934058	0.0089476998	-0.0178092284	0.0046048676849466	-0.0005411451809607	2.92838106876989e-07	2.1204806395865456e-05	0.0230312894238835	0.0303388393058411	0.0005304402925266	0.0009204451704256	0.0346723698284492	5.6110047807964025e-06	3.1483374650120076e-11	0.0012021732295207	3.044358905528224e-05	0.000293038814983	9.268121145669005e-10	8.58717470866891e-08	0.0004210039994052	5.0071373649500015e-05	2.5071424591478446e-09	1.7724436751517365e-07	0.0002679934952423	-0.0002480550955061	7.182051349218468e-08	6.153133040654041e-08	0.0	0.0	0.0	0.0	0.0	0.0	0.0	0.0	0.0	0.0	0.0
4918.330925501445	1.0578680075896043	1.1190847214815995	24189979.092743896	6311.734637734116	-65.18264467353038	39837994.13717262	4248.777166635718	5624.335306396484	-8.942943115234812	31633147.638778035	79.97623156232572	5600.800785683163	4592.339904386234	1.132617	19.163597	0.0898219249358589	0.0441622173015286	0.0136871519	-0.0631899881	0.0664577006	-0.0276055415	0.0551025962	-0.001128779	0.0176593356	-0.037796453	0.0635547466	-0.0848420515	0.0578725912	-0.0770059976	-0.024750816	-0.0209653113	-0.051926312	0.0674788754	0.029772107	-0.02108071	0.0105469181	-0.081912179	-0.0166441667	0.064157895	0.0214900277	-0.0018272649	0.0469747269	0.1049413861	0.0591953744	-0.0144939781	-0.0219916487	-0.0096294186	0.0500196572	-0.1062622619	-0.0551394672	-0.0666655335	0.075461588	0.0644933744	-0.0999689351	-0.0059807854	-0.0653314182	0.0584659831	-0.0063780478	-0.0246907455	-0.0739385625	0.0653669464	0.0027766266	0.0370554816	0.0024961052	0.0027329204	-0.015725172	0.063735938	0.0144827563	-0.0407147466	-0.0861963081	-0.0937999088	0.0091268598	0.0528342826	-0.0288419075	-0.0951267552	-0.027672139	0.0160409973	-0.0154846689	0.0305611607	-0.0705239692	0.0553873737	-0.1077227924	0.0177810866	-0.0347205841	-0.021590522	-0.0082306579	0.0404074462	-0.0041908093	0.0329927453	0.0006865978	0.016721359	-0.0523230558	-0.0110413145	0.0155198683	0.0238060295	0.033444401	0.0252328617	-0.0580638168	0.0420858506	0.0870019529	0.0745488335	0.0550968674	0.0304722578	0.00298683	-0.0247790096	0.0003256954830419	-0.0042791722019047	1.831131473355392e-05	1.0607754767389658e-07	0.0011958738554369	-0.0218354155684466	1.4301142781175157e-06	0.0004767853730467	0.0060488660770374	-0.0286235037514118	0.000819304967007	3.658878081793383e-05	0.0004709351042295	0.0004404915151742	2.2177987239565002e-07	1.940327749404781e-07	0.0006220492112116	0.0002010452118064	4.041917719028024e-08	3.869452211689738e-07	0.000207853553941	-6.013994130129997e-05	4.32030998859042e-08	3.6168125397238062e-09	0.0	0.0	0.0	0.0	0.0	0.0	0.0	0.0	0.0	0.0	0.0
4926.606556957538	8.275631456092924	68.48607599707469	24271452.167057004	6386.423594897946	74.6889571638294	40786406.333469205	5578.440322220343	5635.013081461589	10.67777506510447	31753372.428243227	114.01488034096676	5613.814094355444	4617.857609368617	1.005742	17.016903	0.0815094590129232	0.0408225501408002	0.0451200177	-0.0126882459	-0.0886439598	0.0317650878	-0.0430604032	-0.050225858	-0.0441368095	0.1007285774	-0.0563280572	0.0644441632	-0.0187131973	-0.0730108819	0.0462999011	0.0427261922	-0.0520064825	-0.0109664996	-0.0026764557	0.0001099458	-0.0142310238	0.0319318203	0.0548248035	0.0427893877	0.0573986007	0.0152697178	0.0185032641	0.0322554225	-0.0236253618	-0.0009949067	-0.0569760267	0.0947947537	0.054528311	-0.0613740562	0.0298857758	0.0044871076	0.0436312653	-0.0527045906	0.0722941871	0.0087442269	0.0262200749	0.0848710913	-0.0305711418	-0.0063418233	-0.0320245664	0.0481474089	-0.003598607	-0.0283649726	0.0070422548	0.0401573067	0.0596360706	0.022973602	-0.0095483693	0.0528310586	-0.0293308469	-0.0628873489	0.004248114	-0.0149829406	0.0052645622	-0.0632577788	-0.015472963	0.0347163883	0.0222967305	-0.0024661285	0.0716091355	0.0102523359	0.0723606192	-0.0259777248	-0.0969643701	0.01726135	0.0563548145	0.0192276503	-0.0151446468	0.0005173338	0.0356091099	-0.0089760726	-0.0338053147	-0.0346003191	-0.0001279499	0.0301141224	0.0756143496	0.0693520124	-0.0533438544	0.0453709616	0.0866326972	0.0731441312	0.0521968607	0.0259269352	-0.00298683	-0.0315960199	0.0015780106002267	0.0012523151171848	1.5682931527295794e-06	2.49011745442783e-06	-0.0072618883512518	-0.0084577622066887	5.273502242604659e-05	7.15337415448917e-05	0.0346946235133671	0.0286457574363297	0.000820579419101	0.0012037169007342	0.000607010541786	0.0001360754375565	3.684617978393333e-07	1.8516524706192938e-08	0.000205968238778	-0.0004160809724336	1.731233756212902e-07	4.2422915385311236e-08	-0.0001030625211233	-0.0003109160750643	1.062188326029066e-08	9.666880573338945e-08	0.0	0.0	0.0	0.0	0.0	0.0	0.0	0.0	0.0	0.0	0.0
4918.958213308724	-7.648343648813352	58.49716057034354	24196149.90427736	6319.117583218	-67.3060116799461	39931247.03053489	4530.09920826104	5632.177725423177	-2.8353560384111915	31721425.930753	8.039243864554805	5611.597064106071	4581.534571728676	1.059778	17.931187	0.0205208959946335	0.009560668611037	0.0080941946	-0.0559666703	0.0879769123	0.0008447992	0.0670703295	0.0491882288	0.0265243075	-0.0171248207	0.0255216383	-0.0275877759	0.0980850191	-0.0268142397	-0.1141128954	-0.0130103316	0.0445185024	0.0637489238	-0.0166388286	-0.0091585574	0.0466477643	-0.0983800356	0.0348832974	0.1339923366	0.0368397665	0.0371444383	-0.0972136917	0.0195080693	-0.0437480761	0.0151713084	0.074685718	-0.0141202029	0.0101094775	-0.0305002653	0.0477478334	0.0762833896	0.1038373306	0.011710715	-0.0702595274	0.0352848299	-0.1419406999	-0.0115622686	-0.0028178161	-0.0396374843	-0.0053080534	-0.0215635007	-0.0349961803	0.0736302398	-0.0189864535	0.0612900628	0.0749064244	0.0640403852	-0.0267679394	-0.0981942642	0.0528486713	-0.1054166244	0.0823532911	0.020543804	0.0336069864	-0.0493867581	-0.0175717596	-0.0178458198	0.0414934625	-0.0114921173	-0.0662682353	0.0815963668	-0.0902369025	-0.0056601138	0.0388549435	-0.05523063	0.0410360572	0.0432076933	-0.0267524413	0.0004272005	-0.0281895797	-0.0518736486	-0.0471850004	-0.008413154	0.003785855	0.0321278939	0.0095290382	0.0542490997	-0.0733561654	0.1012879174	0.0862485974	0.0716892996	0.0492163702	0.0213105486	-0.0089476998	-0.0382182304	-0.0007397507247048	-0.0023177613249315	5.372017559348221e-06	5.472311347012769e-07	-0.0074502407165368	-0.0001883523652849	5.550608673434277e-05	3.547661350845386e-08	0.0391110201815649	0.0044163966681977	1.9504559530868617e-05	0.0015296718996427	0.0007310063074909	0.0001239957657049	5.343702215914802e-07	1.5374949912744454e-08	0.0002929847791113	8.701654033329998e-05	7.57187829157682e-09	8.584008079089726e-08	-4.2107114437114185e-05	6.095540668618581e-05	1.7730090862202296e-09	3.715561604278305e-09	0.0	0.0	0.0	0.0	0.0	0.0	0.0	0.0	0.0	0.0	0.0
4924.298726350904	5.340513042179737	28.521079553691862	24248717.94634113	6416.748704114497	97.63112089649712	41174663.93175507	9531.835767506438	5634.306608072917	2.128882649739353	31745410.953774136	4.532141336361248	5616.336461879864	4644.185051612605	1.035732	17.524332	0.074463391006431	0.0423852475595739	0.0429680889	-0.0010359643	-0.0875057803	-0.0002530767	-0.070253984	-0.0453108138	-0.0439738565	0.0329879364	-0.0956965516	-0.0068485518	-0.038126497	-0.0472312928	-0.0118761538	0.0158664647	-0.0343634175	-0.015457393	-0.0161426877	-0.0019015459	-0.0270678659	2.70893e-05	0.0497337385	-0.0398576073	0.0314234883	0.0148812693	0.0283168611	0.03231929	0.058335758	0.0519022178	0.0246921252	-0.0195655854	-0.0499266744	0.0721049143	-0.08113522	-0.0245441507	0.1142473518	-0.0781472881	0.0284566298	-0.0622478737	0.0332651724	0.0478881502	-0.0673284049	0.0179859477	0.0121252557	0.0133582292	0.022893726	-0.0330099527	-0.0211997813	-0.0392160211	0.000103882	0.0452566972	-0.0323909942	-0.0343269558	-0.0439368759	0.0223969424	0.0050446989	-0.0006844792	-0.0222204589	0.0321813696	-0.0443700832	0.0130046385	0.0337582594	0.0014551457	0.0470269858	-0.037627012	0.0178059656	0.0051771365	-0.1118870159	0.0425080552	0.0457497133	0.0041615134	0.0038348887	0.0175569154	0.0542759574	-0.0131502176	-0.0933390757	-0.0367587152	-0.0079460374	0.0098244735	0.0737834045	0.1103219405	-0.0264494232	0.0208948812	0.0858497193	0.0701853358	0.0461599916	0.0166357513	-0.0148702542	-0.0446048127	0.0045850275860033	0.0053247783107081	2.8353264058187413e-05	2.1022477964411247e-05	-0.0072922511883888	0.000157989528148	5.317692739455786e-05	2.496069100442769e-08	0.0009747855995243	-0.0381362345820406	0.0014543723880964	9.50206965039949e-07	0.0005480704781409	-0.0001829358293499	3.003812490095948e-07	3.3465517659972323e-08	0.0004649164014745	0.0001719316223632	2.9560482768442034e-08	2.161472603599985e-07	-0.0003041274344346	-0.0002620203199974	9.249349637577193e-08	6.865464809158489e-08	0.0	0.0	0.0	0.0	0.0	0.0	0.0	0.0	0.0	0.0	0.0
4934.506729977569	10.208003626665231	104.20333804201051	24349356.66819392	6340.798214135581	-75.95048997891627	40205721.99238497	5768.47692803746	5632.904844970703	-1.4017631022134085	31729616.992494423	1.964939794726958	5613.454764953693	4648.763915417241	1.024404	17.332659	0.030063247724538	0.0176407241805625	0.043620122	-0.0030004208	0.0769045457	0.0147454405	0.0272715827	0.0489028998	0.0199833504	-0.0587692574	0.0177636124	0.0353958981	0.1153218123	-0.049900042	-0.0038991276	-0.0108461856	-0.0256219877	0.0296961823	-0.024009165	-0.0183376956	-0.0179512893	-0.0123786324	0.0432815768	0.1491404216	0.0735164466	-0.0440463579	0.0936547361	-0.0057706113	-0.0754353965	0.0227841832	-0.0214007385	-0.044249633	0.0296242051	-0.0103019542	-0.0470821103	0.1176319429	-0.0719204736	-0.0104886022	-0.0409986739	0.0955655136	-0.0644442699	0.0532527233	0.0146538555	-0.0208897605	-0.0427780021	0.0262308058	-0.0002176005	0.0477624338	-0.0396511874	0.0877944735	0.049060846	0.1032230899	0.0171699868	0.02408224	-0.1073583929	-0.0472716328	-0.0311040536	0.0422502568	-0.0314915419	0.1131610478	-0.0225539304	0.0637956093	-0.0250634258	0.0088979192	0.0241916961	0.1288250511	-0.0358928469	-0.0232157528	5.49194e-05	-0.0465542507	0.0267137176	0.0715027927	0.0067645075	0.0612616698	-0.0029454618	-0.0632925465	-0.0166217143	-0.0237255055	-0.0677280456	0.0639511297	0.0797848508	0.0402248391	-0.0183696595	0.0416111275	0.0854361313	0.0686332704	0.0430324377	0.0119153566	-0.0207291319	-0.0507163915	0.0001107258550945	-0.0044743017309088	2.001937597921348e-05	1.2260214986408213e-08	-0.0073239649471901	-3.171375880130049e-05	5.364046254766929e-05	1.0057624973070643e-09	0.0023381811440472	0.0013633955445228	1.8588474108248944e-06	5.467091062377872e-06	0.0002390744868964	-0.0003089959912445	5.715661028477693e-08	9.547852260517116e-08	0.0003789530230258	-8.596337844870005e-05	7.389702434314428e-09	1.4360539366039248e-07	-0.0003930447985475	-8.891736411289998e-05	1.5448421366524485e-07	7.906297640786033e-09	0.0	0.0	0.0	0.0	0.0	0.0	0.0	0.0	0.0	0.0	0.0
4939.690349160549	5.183619182979783	26.86990783415599	24400540.745589867	6364.629303989032	23.83108985345189	40508506.17719592	567.9208436032974	5627.625229492188	-5.279615478515552	31670165.723617	27.874339600981003	5612.3046134028455	4653.098304000555	0.988702	16.728588	0.0433342236810584	0.0271216584354416	0.0559810425	0.0162854904	-0.0266386225	0.0837597096	-0.0058011132	0.0592793285	-0.0550200749	0.1380919792	-0.0665663504	-0.0741616266	-0.0356470069	-0.0461286621	-0.0208590258	0.0096189287	-0.0285576155	0.0621445502	-0.0404744147	0.0727739498	-0.0046615225	0.0630482289	0.0807446783	-0.0804577771	0.0073879163	-0.0576840042	-0.0556067936	-0.0931520225	-0.0783127923	-0.0126407337	0.0226250102	-0.0544157254	-0.0162871252	0.0167642863	-0.061301439	0.0437160999	-0.0109493924	-0.0519735298	-0.0395182741	-0.0920286329	-0.0253510572	0.035106094	-0.0171244719	-0.0177877822	0.0352916879	0.072245143	-0.042038271	-0.1342280319	-0.027417344	-0.0001822828	0.023090363	-0.0124050731	-0.0005215905	0.0240737552	0.0822080815	0.0513436514	0.0119908175	0.0448400816	0.0464228594	0.1410091786	-0.0500116762	0.0195452728	0.0432717965	-0.0117472493	0.0391339229	-0.0672516832	-0.0443726819	0.0127258833	-0.0496041903	-0.0109989759	0.1308995885	-0.0252248432	0.046897318	0.0092226358	0.0209350088	-0.064591933	-0.130081236	-0.0400105999	0.0368882141	-0.0200212146	0.1008108229	0.0421553294	-0.0666113735	0.0502390197	0.0850079043	0.0670341672	0.0398385309	0.0071623028	-0.0264992443	-0.0565152869	-0.002047653271461	-0.0021583791265555	4.658600453950482e-06	4.192883920124935e-06	-0.0073978525857683	-7.388763857819978e-05	5.4728222880758725e-05	5.459383134662676e-09	0.0040497266552819	0.0017115455112347	2.929388037027651e-06	1.6400285982500724e-05	0.0007230574112024	0.000483982924306	5.228120198947165e-07	2.342394710197873e-07	0.0005129191119381	0.0001339660889123	1.7946912978458272e-08	2.630860153913692e-07	-0.000223185583672	0.0001698592148754	4.981180475901132e-08	2.885215287812127e-08	0.0	0.0	0.0	0.0	0.0	0.0	0.0	0.0	0.0	0.0	0.0
4948.73188034473	9.041531184180712	81.74928615451228	24489947.223540284	6389.921092052334	25.291788063301283	40831091.56265529	639.6745434389493	5636.426096598308	8.800867106119767	31769299.14241444	77.45526181958093	5618.023472648651	4696.533294378542	0.996178	16.855091	0.0657593631769309	0.0363252233306714	0.0561437396	0.0501898265	0.0464672309	-0.0756916788	-0.0402278055	0.0218720842	0.0757597063	-0.0157532076	-0.0175825888	0.0879728394	0.0637016686	-0.0278632024	0.0023847825	0.0186310248	-0.077371967	-0.0569285462	-0.0434718797	0.1055618262	-0.0278846286	-0.0692312599	-0.029153856	0.0672511042	0.0046789396	-0.0495258151	0.0175608163	0.0387401845	-0.1722810682	-0.0862387161	0.0779352161	0.0650225497	-0.0121257271	-0.0781628432	0.0388120202	0.1188356087	0.0182972931	-0.0482850354	0.026802959	0.0957941358	-0.0114704655	0.0177263436	-0.047477127	0.0504653236	-0.0418393762	0.043250562	-0.0995221831	0.0411233383	-0.042173107	-0.0031846689	-0.0193553026	0.0369864988	0.0866351547	0.0711965417	0.0580874988	-0.112148007	-0.0351223472	-0.0982479712	-0.0017949674	0.0983892986	-0.0519308752	0.0528890763	0.0070300503	-0.0390284454	0.0530432354	0.0719088173	0.0312334437	0.041687928	0.0021532683	-0.0006696287	-0.0303653371	0.0800428487	-0.0534787728	0.0531525319	0.0528661906	-0.0919067465	-0.132157446	-0.036930763	0.0295277708	0.0026547734	0.0161435178	-0.029688113	-0.0272664988	0.0154765491	0.0845651116	0.0653891221	0.036583196	0.0023896175	-0.0321558829	-0.0619657467	0.0018175634153578	0.0038652166868188	1.49399000360625e-05	3.3035367688471102e-06	-0.0072646552424515	0.0001331973433168	5.277521579167806e-05	1.7741532266653533e-08	-0.0175628938161551	-0.021612620471437	0.0004671053636423	0.0003084552391975	0.0006070302601784	-0.0001160271510239	3.68485736772256e-07	1.3462299774746091e-08	0.0010349870562496	0.0005220679443115	2.725549384776356e-07	1.0711982066042128e-06	-5.831410550033228e-05	0.0001648714781716	3.400534900303883e-09	2.7182604314510714e-08	0.0	0.0	0.0	0.0	0.0	0.0	0.0	0.0	0.0	0.0	0.0
4948.451317228344	-0.2805631163855651	0.0787156622759801	24487170.438978933	6383.617811998784	-6.303280053549315	40750576.36966815	39.731339433472655	5637.089931233724	0.663834635416606	31776782.892816637	0.4406764231786982	5620.486980433285	4699.218302209393	0.976877	16.528513	0.0862584668317798	0.0458670363612756	0.0876591749	0.0589601767	0.0025956506	0.084125157	-0.0321426087	0.0703383662	-0.0596141072	-0.0088825875	-0.0607599857	-0.073882694	0.0784758737	-0.0129420811	-0.0024191403	0.0209886187	0.0354516374	0.0383899572	-0.0634489758	-0.0543894495	-0.0256526049	-0.030767896	0.0781553144	0.0510436374	0.0399556631	-0.06861137	0.0730675941	-0.0154234748	-0.0258330335	-0.0758107859	-0.0102108162	0.0847599231	-0.0943941262	0.0314118738	-0.0691325843	-0.0702452961	-0.0437477898	-0.0612636733	-0.1013996158	-0.018472254	-0.014744384	0.0425171947	0.0148507192	-0.0441796418	0.0820668124	-0.002711468	0.0362398586	-0.0090892163	-0.0542782384	0.0407749463	0.0756354809	0.06655117	0.0620210188	0.0239933996	-0.0014383266	-0.016633533	-0.1029567168	-0.1163151484	-0.0018615342	0.0606396498	-0.0572040655	0.0687301976	-0.0465821013	0.0291039687	0.0163678596	-0.0206608132	-0.0624087302	-0.0136180372	-0.0124849929	-0.0343771747	0.1311105171	-0.0220685869	-0.0168795523	0.0125089498	-0.0275570681	-0.094260672	-0.07439784	0.1104251845	-0.0232807288	0.043723328	0.0193666008	-0.0604638469	0.0344680391	-0.0704365085	0.0841078291	0.0636992625	0.0332714524	-0.0023896175	-0.037674825	-0.0670341672	0.0136027567363328	0.011785193320975	0.0001388907816127	0.0001850349908278	-0.0071975548601699	6.71003822816001e-05	5.180479596515535e-05	4.502461302336872e-09	-0.0298184990368	-0.0122556052206448	0.0001501998593242	0.0008891428848076	0.0011500330445869	0.0005430027844085	1.322576003641815e-06	2.94852023875384e-07	0.00043041214055	-0.0006045749156996	3.655108286931785e-07	1.8525461073283296e-07	-0.0001537477635498	-9.543365804946772e-05	2.3638374796565212e-08	9.107583088702737e-09	0.0	0.0	0.0	0.0	0.0	0.0	0.0	0.0	0.0	0.0	0.0
4930.456314230677	-17.995002997667143	323.82013288604946	24309399.46653715	6401.102448116075	17.484636117290393	40974112.55127761	305.71250015405565	5630.99411336263	-6.0958178710943685	31708094.70472459	37.15899551755348	5611.384616164072	4695.781054926853	1.166213	19.732033	0.0998301498784133	0.0571230359638553	0.0409336656	0.0168965555	0.0056468715	-0.1145277769	-0.0386526856	-0.0359523404	0.066344979	-0.0199148058	-0.0527004502	0.102765035	-0.0117956855	-0.0227259447	-0.0124489488	0.0042373048	-0.0521737398	-0.0407843914	-0.0468271333	0.0555650131	0.0065813908	-0.0647933774	-0.006736889	0.0987948589	0.0050079802	0.0202593595	-0.058124614	0.0065698817	-0.0147328277	-0.1128406459	-0.0093738867	-0.0784760606	-0.103440177	0.0544987834	0.044632845	0.0496244167	0.0516502293	-0.0578885242	0.0817881578	0.0348617894	0.0085862645	0.0065545576	-0.0527352746	0.0679512363	-0.0126443314	0.0256395793	-0.0744502364	0.054253069	-0.0361751966	-0.0011373753	0.0268053434	0.0434310135	0.0101486524	-0.0303644533	0.0401473197	-0.0327987521	-0.1456700362	-0.0118763812	0.0052804578	0.0183235257	-0.0278895046	-0.0068473231	0.1059199585	-0.0349185207	0.0576059074	0.0293535668	0.0362519482	0.0972308312	-0.0194253228	0.0151608825	-0.0060076935	0.0701994414	-0.0516971295	0.0605918448	-0.0640639125	-0.050291557	-0.073408566	0.0783409057	0.0115059976	0.0343492366	-0.0453255639	-0.0870325894	-0.015687383	0.0032778795	0.0836361352	0.0619657467	0.0299084066	-0.0071623028	-0.0430324377	-0.0716892996	0.0012500646360393	-0.0123526921002935	0.0001525890021246	1.5626615942760674e-06	-0.0014259195260706	0.0057716353340993	2.033246494829404e-06	3.331177442982354e-05	0.0204991583725728	0.0503176574093728	0.002531866647167	0.0004202154939838	0.0013380019331308	0.0001879688885438	1.7902491730617576e-06	3.5332303060429047e-08	1.588025798704429e-05	-0.0004145318825629	1.718366816611881e-07	2.5218259373508387e-10	-0.0001790102931359	-2.526252958610001e-05	3.2044685048600854e-08	6.381954010885782e-10	0.0	0.0	0.0	0.0	0.0	0.0	0.0	0.0	0.0	0.0	0.0
4926.8092141996285	-3.647100031048467	13.301338636473728	24273449.03312236	6368.772343717664	-32.330104398411095	40561261.16610298	1045.2356504121603	5626.218008626302	-4.776104736327397	31654329.080590915	22.811176452369	5604.743788505188	4678.196715610479	1.033817	17.49193	0.1063410090579694	0.053059491179337	0.0443283491	-0.0131102812	0.0312449352	0.0286658549	-0.0020552272	0.0411864218	-0.0747509913	-0.082792272	0.0286387871	-0.0623907118	0.079137177	-0.0458669432	-0.0240107022	-0.0136625451	0.0390722203	0.0610592267	-0.0438663096	-0.0311755608	0.0384393865	-0.0033558047	0.0192048017	-0.0662014379	0.1153320099	-0.0949690242	-0.033576317	0.085140766	0.0922824843	0.0135258554	0.0917822126	0.0825083955	0.0031518124	0.0767500754	-0.015753595	-0.0462723833	0.0322142331	0.0300733877	-0.0812736594	0.0169908649	-0.0313674645	0.0695657207	0.0070432725	-0.0386784385	0.1167282315	-0.002859666	0.0595822349	0.0053375839	0.0035080975	-0.0824596252	-0.0277193775	0.1389083915	-0.0306086632	-0.0138050617	0.0969095035	-0.0183081867	-0.0182096318	-0.0740152265	-0.0968254451	-0.0525815236	-0.0504346361	0.0425001448	-0.0140675903	0.0146011718	-0.0341987022	0.0848359193	-0.0647970476	-0.0205812523	-0.0309572926	-0.049419576	0.0527574187	-0.0055699619	0.052605186	0.0588404384	-0.0072437157	0.0154609979	-0.1079944389	0.0717555073	0.0896737308	0.0149234613	-0.0734860805	-0.0679651829	0.0100485912	-0.0040225049	0.0831501106	0.0601897627	0.0264992443	-0.0119153566	-0.0482057789	-0.0759024438	0.0103685215103297	0.0091184568742904	8.314625576829387e-05	0.0001075062383101	-0.0072604789133094	-0.0058345593872388	5.271455405061045e-05	3.404208324321641e-05	-0.0084424699825547	-0.0289416283551275	0.0008376178518463	7.127529940633716e-05	0.000607027319468	-0.0007309746136628	3.684821665805054e-07	5.343238858194796e-07	0.0004699652999413	0.0004540850419542	2.061932253265982e-07	2.208673831489161e-07	-0.0001151426599267	6.38676332092e-05	1.3257832134995684e-08	4.079074571744907e-09	0.0	0.0	0.0	0.0	0.0	0.0	0.0	0.0	0.0	0.0	0.0
4939.065811217876	12.256597018247705	150.2241704677185	24394371.087541297	6390.684717847811	21.912374130147327	40840851.16293356	480.15214001954985	5633.624442952474	7.40643432617162	31737724.36423157	54.85526942789326	5615.261218119224	4694.893436406952	1.022322	17.29744	0.017550849719676	0.0118717785971752	0.0578292108	0.0417950274	0.0084754885	-0.0759521244	-0.0517681094	-0.0379604188	0.0623614282	0.0064887783	-0.0925762904	0.0264694021	-0.024906027	-0.0161887329	0.0139267039	0.0329207086	-0.1021535866	-0.0329296721	-0.0092373713	0.0333429205	-0.0103438867	0.0454321496	0.0087031039	0.1050352693	0.09606826	-0.0289883764	-0.0040432985	0.0474669248	0.1158892336	0.0399714709	0.0180006563	-0.0739561438	-0.0266898625	-0.0516134292	-0.045253638	-0.0035746509	-0.0897033851	-0.0830614341	0.0361486307	-0.021533221	0.03965474	0.0222464328	-0.045486274	0.0308375853	-0.0721442073	0.0688459953	-0.0170114951	-0.0064824013	0.0029979626	0.081189836	0.0309737716	0.1046005592	-0.0069035663	0.0245362691	0.0103700452	-0.0054970094	-0.0191537626	0.0318211255	-0.1093435107	-0.0723260288	-0.0364158168	0.0619841043	0.0073265163	0.0084391205	0.0866483962	-0.0024232922	0.0122988371	0.0375570693	-0.1089573737	0.0423869232	0.0108287161	0.0893174998	-0.0397441239	0.0664111301	0.0014531885	-0.0941737238	-0.0279425822	-0.0194645717	0.0474250472	0.0278124765	-0.0586615792	0.0030250004	-0.0016921643	0.0701335949	0.0826498387	0.0583725276	0.0230492221	-0.0166357513	-0.0531726956	-0.0796476241	0.0104750483179003	0.0001065268075705	1.1347960731183605e-08	0.0001097266372623	-0.0073193154995863	-5.88365862768999e-05	5.357237938248425e-05	3.461743884719086e-09	-0.0084095064810298	3.296350152490017e-05	1.086592432782096e-09	7.07197992544822e-05	0.0003980046936915	-0.0002090226257765	1.5840773620046477e-07	4.3690458086502766e-08	0.0004249956020518	-4.49696978895e-05	2.0222737282729004e-09	1.80621261763372e-07	-2.20845271066267e-05	9.30581328200733e-05	4.877263375233294e-10	8.659816083958404e-09	0.0	0.0	0.0	0.0	0.0	0.0	0.0	0.0	0.0	0.0	0.0
4937.505691846045	-1.560119371831206	2.4339724543629973	24378962.45701209	6326.204401483599	-64.48031636421183	40020862.12935046	4157.711198428844	5629.361755371094	-4.262687581380305	31689713.77283472	18.17050541645388	5609.707941315053	4660.168548783446	1.030079	17.428684	0.0671577358193037	0.0368482673749901	0.0467694557	0.0175854076	0.0935052236	0.0579101894	0.0402117208	0.0929600269	-0.0084237902	0.0249071718	0.0090460904	0.0032837926	0.0890979677	-0.0096287428	-0.0919868245	-0.0383268804	-0.0138222625	0.1227919456	-0.0312461089	0.0091926454	0.0027087397	-0.0165243063	0.0927094654	0.0354471661	-0.0173480349	-0.0808979073	0.0046973156	0.0629628579	0.0921931762	-0.0089066716	0.0269081791	-0.0345249576	0.0508662404	0.0315454488	-0.0616798437	-0.0396528958	0.080003061	-0.0080642775	-0.041351804	0.0366441758	-0.1373004266	-0.001733782	0.0350644634	-0.025392121	0.0520178803	0.0449630873	0.0011812259	-0.0213641498	-0.0293455503	-0.0091011111	0.0382886095	0.0979817785	0.0612682214	-0.0782367431	0.0247668153	0.0008939422	0.0378108242	-0.023009348	-0.1468056485	-0.0256875542	-0.0481177871	0.0222513978	0.0490936612	-0.0307836521	-0.0015924837	0.0819887869	-0.0564640238	-0.0107804964	0.0491730911	-0.0758017347	0.0877886965	0.0020536945	0.0560708945	0.0656499083	-0.0093010998	-0.0178048914	-0.1512977528	0.0185607481	0.0532137956	0.0405312348	-0.0656487557	0.0203998141	0.0428769697	0.1056357201	0.0821354052	0.0565152869	0.0195636596	-0.0213105486	-0.0579119187	-0.0829017503	0.0025089375171489	-0.0079661108007514	6.345892128984814e-05	6.294767464957286e-06	0.0066767149081101	0.0139960304076964	4.457852196417967e-05	0.0001958888671731	-0.0083024792818378	0.000107027199192	1.1454821366884165e-08	6.89311622253459e-05	0.0008630236970412	0.0004650190033497	7.44809901654661e-07	2.1624267347634834e-07	0.0008269756457233	0.0004019800436715	1.6158795551014102e-07	6.838887186194689e-07	-5.685682831870658e-05	-3.477230121207988e-05	3.232698926462874e-09	1.209112931583612e-09	0.0	0.0	0.0	0.0	0.0	0.0	0.0	0.0	0.0	0.0	0.0
4947.205962331842	9.700270485796864	94.09524749762171	24474846.83373173	6473.894555906586	147.69015442298678	41911310.72099693	21812.38171348568	5638.027684733073	8.665929361979579	31787356.17381658	75.09833170681979	5623.362798351876	4762.351867177128	1.097358	18.567015	0.101757140922251	0.0563770724171314	0.0723580014	0.0833144475	-0.0461861187	-0.081342233	-0.1308695664	-0.04696765	0.0185194263	0.0019008541	-0.1211302706	-0.0356019162	0.0052303226	-0.0100244102	0.0113246121	0.026390231	-0.0796409116	-0.030314366	-0.0692199548	-0.0149545189	-0.0193469017	0.049194708	0.0099677648	-0.0367197757	0.0706097266	-0.0037139699	-0.0554492619	0.004119477	-0.0220424491	-0.0599720143	0.0666240464	-0.0798852385	0.1580465675	0.0493217757	0.1220287909	-0.0668139384	0.0237764601	-0.118986436	-0.0312859163	-0.0443106962	0.0621421161	0.0388015928	-0.074195441	0.0630051088	0.0103893908	0.0524872433	0.0330522906	-0.0082640424	-0.0228139193	0.0018192091	0.008023141	0.0394707747	-0.0657284014	0.0322587861	0.0422151406	0.0156788863	0.0404054257	0.0328442265	-0.0666114165	0.0255356335	-0.0908327825	0.0400456148	0.0031568816	-0.0036369754	0.0627333133	-0.0322317806	-0.0307572562	0.0600991123	-0.1012309014	0.0564155322	0.0660458115	0.0236035627	-0.0200591849	0.0139198909	-0.0119422851	0.0627257829	-0.1005538582	0.0318186084	-0.0277458536	0.0190662781	0.0067062013	0.0732624582	0.0412384136	0.0553064819	0.0816068982	0.0546193134	0.0160479313	-0.0259269352	-0.062403154	-0.0856447597	0.0060012146323629	0.003492277115214	1.219599944944742e-05	3.601457706368658e-05	-0.0073947308288069	-0.014071445736917	5.468204403050719e-05	0.0001980055851269	-0.0550890071676732	-0.0467865278858354	0.002188979191612	0.0030347987107199	0.0013121389622646	0.0004491152652234	1.7217086562928214e-06	2.01704521456685e-07	0.0008617896047344	3.481395901109999e-05	1.21201174202655e-09	7.426813228282734e-07	-0.0003210654077699	-0.0002642085794511	1.0308299606645217e-07	6.980617345561758e-08	0.0	0.0	0.0	0.0	0.0	0.0	0.0	0.0	0.0	0.0	0.0
4936.969280732611	-10.236681599230906	104.7896501640326	24373665.678897478	6362.811056983392	-111.08349892319438	40485364.546870105	12339.543733019327	5631.281664632162	-6.7460201009116645	31711333.18642237	45.50878720190423	5614.069446449923	4680.865021450068	1.100346	18.617586	0.1921552780392131	0.0978196314506727	0.0531518985	0.0272309406	0.0865543665	0.0448559598	0.0096151865	0.0940632953	-0.0002124845	-0.0485247327	-4.34847e-05	0.0435185519	0.0544956795	0.0124002341	-0.0859415792	-0.0357252201	0.0683665736	0.0617544656	-0.0195551494	-0.043587528	-0.0468765088	-0.0667426271	-0.0576234457	0.0805343225	0.0775691056	-0.0480745674	0.0801944529	-0.0615731124	-0.0289605152	0.0467005263	-0.0700661011	0.0906849939	0.0239094239	0.001427719	-0.0244625291	-0.0346412877	-0.1527082012	-0.0241407814	0.0046542769	0.0499868004	-0.0879441081	-0.0329596556	0.03416369	-0.0412917017	0.0345538	-0.0431770448	0.0043541851	0.0537073809	-0.059268596	0.0379278085	-0.0306361851	0.1265624382	0.044396409	0.0370092144	-0.0709856442	0.0032090795	-0.001119223	0.0043222642	0.049667524	0.0475055232	-0.0057945954	0.0026620227	0.0608779821	-0.0260598589	0.0198600308	0.069611524	-0.0104087604	0.0199420227	0.0850935433	-0.1032201612	0.0678779441	0.0555424713	0.0367540887	0.0346052879	-0.0053563635	-0.0357555416	-0.0919064858	-0.0143195735	-0.0646698657	0.0442019722	-0.0280456143	0.0252683331	0.0595576807	0.0646093017	0.0810644083	0.0526859066	0.0125074584	-0.0304722578	-0.0666271694	-0.0878597406	-0.0022095340521133	-0.0082107486844762	6.741639395962765e-05	4.88204072744822e-06	0.020358900383016	0.0277536312118229	0.0004144848248055	0.0007702640454418	0.0249879453012908	0.080076952468964	0.0064123183167167	0.0006243974103803	0.0017643913083001	0.0004522523460354	3.1130766888049384e-06	2.045321844946136e-07	0.0005258649936961	-0.0003359246110382	1.1284534430123313e-07	2.765339915949993e-07	0.0004130365486353	0.0007341019564052	1.7059919050856055e-07	5.389056823979421e-07	0.0	0.0	0.0	0.0	0.0	0.0	0.0	0.0	0.0	0.0	0.0
4954.016149678114	17.046868945502865	290.59574084515	24542276.01127156	6434.805614749327	71.9945577659355	41406723.29960947	5183.216347912623	5636.038629557292	4.756964925129978	31764931.433862034	22.628715298916852	5620.050463328875	4764.995696522831	1.162459	19.668522	0.0674537405026751	0.0387546875709331	0.0440286031	0.0519896665	-0.0474003071	0.0709750942	-0.0754939006	0.079015143	-0.099659883	-0.0563194489	-0.0565669227	-0.0646008683	0.0360596868	0.0279561045	0.1422075475	0.0074170077	0.0019458117	0.0728020627	-0.0487566924	-0.0167616055	-0.0132647052	0.0397741513	-0.0186822786	-0.1357911749	0.037757718	-0.0447654246	-0.0636716579	-0.051757685	-0.1041434153	-0.0747137142	-0.0130284655	-0.0771429311	-0.0221671789	-0.0577860562	0.0141964736	-0.0220379048	-0.0394821274	-0.0461465261	-0.0773686285	-0.0092628059	0.1111506287	0.0580126259	0.0865228422	-0.0305489619	0.0800006409	0.0657774486	0.0646330819	-0.0244712399	-0.0179174602	-0.0479002503	-0.0111890914	-0.0287400848	0.0284716577	0.1347307115	0.1098727735	-0.0250203149	-0.0354540337	0.0175897016	0.0827009631	0.0355474235	-0.0093675764	0.0730352664	-0.1197491712	0.0607539031	0.0157973723	-0.0254471334	-0.0205673994	0.0312282602	-0.070934489	-0.0247222972	0.0600439646	-0.0365582768	0.0300741391	-0.010268043	0.0984736764	0.0328423864	-0.0768070589	0.0268795532	-0.0362259039	0.0449088224	0.0210361455	-0.0449554554	-0.0071701697	-0.0395715759	0.0805080284	0.0507163915	0.0089476998	-0.034934058	-0.0705658771	-0.089533037	0.0076256550184723	0.0098351890705856	9.673094405416646e-05	5.815061446075178e-05	0.02056846063941	0.000209560256394	0.0004230615730749	4.391550105991935e-08	0.0089408573564853	-0.0160470879448055	0.0002575090315083	7.99389302690173e-05	0.0017650168453358	6.255370356999558e-07	3.115284464319139e-06	3.912965830322878e-13	-0.00010780590426	-0.0006336708979561	4.015388069164901e-07	1.1622112993316286e-08	0.0002200949190093	-0.0001929416296259	4.8441773373710336e-08	3.722647244273656e-08	0.0	0.0	0.0	0.0	0.0	0.0	0.0	0.0	0.0	0.0	0.0
4951.245760234792	-2.770389443321619	7.675057667667871	24514834.57824301	6433.174688680282	-1.6309260690450174	41385736.57507665	2.6599198426906328	5635.081932779948	-0.9566967773434952	31754148.389143	0.9152687237794296	5620.411564412593	4741.524905335669	1.260147	21.321375	0.0388591616230896	0.0251125912701363	0.0127700589	0.0751991194	0.0421637009	-0.0564106389	-0.0592128243	0.0220903369	0.1131932528	0.0226035319	-0.0429602962	0.0891157682	0.0316225804	0.050400964	-0.0014834618	0.0293404219	-0.0122302996	-0.0417181308	-0.0221481318	0.091088706	0.0161258735	-0.0177374826	-0.0045743671	0.0992360744	0.032354756	0.0390267227	0.0159580862	-0.0303978288	0.0301827197	-0.1123256693	0.0068867122	0.0731585962	-0.0390917155	-0.0631940343	-0.123667289	-0.0048393029	-0.0564456928	-0.0726485358	0.0400345128	0.0674648447	0.012010082	-0.0601090766	-0.0006999102	0.0324630902	-0.0211046844	0.0153808944	-0.1026392468	0.0272885477	-0.001446448	0.0373575213	0.0405919555	0.0115133594	0.0111776788	0.0553110134	0.0272487641	-0.041699478	-0.1351784245	-0.0852383495	0.0264078821	-0.0332978657	-0.010467507	-0.0230511894	0.0500711107	-0.0535775524	0.0430989497	-0.0118522292	0.0661226771	0.0881010127	0.0820652839	0.0169963204	-0.0009210046	0.0419314769	-0.0570011174	0.0175904348	-0.0280314054	-0.0699262663	-0.0258858899	-0.0759305877	-0.0574685057	0.0194434482	-0.0649392165	-0.0226281156	0.0140019388	0.0614861756	0.0799378539	0.0487121179	0.0053741445	-0.0393001065	-0.0742024108	-0.0906543325	0.0012079206960748	-0.0064177343223975	4.1187313832878905e-05	1.459072408005829e-06	-0.002097175753164	-0.022665636392574	4.398146139658991e-06	0.0005137310730803	0.0089192414226886	-2.1615933796698825e-05	4.672485939032662e-10	7.955286755620418e-05	0.0017650026068502	-1.4238485599978382e-08	3.115234202188001e-06	2.027344721807917e-16	2.914292984312894e-05	0.0001369488341031	1.8754983162206332e-08	8.493103598415352e-10	0.0001619744921116	-5.812042689769999e-05	2.6235736094810773e-08	3.377984022770888e-09	0.0	0.0	0.0	0.0	0.0	0.0	0.0	0.0	0.0	0.0	0.0
4950.577882395587	-0.6678778392051754	0.4460608081013741	24508221.36966437	6441.010252289425	7.83556360914281	41486613.07009748	61.39605707292309	5632.170776367188	-2.9111564127597376	31721347.65416458	8.474831659552144	5615.698787783216	4779.063663058811	1.062172	17.971691	0.1120282544428668	0.0596059769636792	0.0192773141	0.0719578978	0.0576374146	-0.0282822909	-0.0637718279	0.0638084182	0.0262725045	-0.0902029594	0.019154729	-0.0813642004	0.0752446294	0.063184817	0.0618769515	0.0187649455	-0.0135228208	0.0538792145	0.003928321	0.0242553811	0.0715346809	-0.0892596628	-0.0663947358	-0.0622947625	0.0201731625	0.0219757755	0.15355353	0.1413633409	0.0107148239	-0.1012921924	-0.0933465044	0.0919932408	-0.0286376021	0.0090048378	-0.0436791006	-0.047824461	-0.0252978884	0.0072109376	-0.132527811	0.0255367139	0.0554757261	-0.0287483944	0.0500404445	-0.0265258395	0.0272132412	0.0621074285	0.0064937005	0.060039319	0.0519328352	-0.087555763	-0.0627121159	-0.0149596797	-0.0302329232	0.0286118891	-0.1022979829	-0.1603731957	-0.0419694773	-0.0703271956	0.0324846318	-0.0144480117	-0.0333971008	0.0322492803	-0.1146593487	0.0206537407	-0.053400739	0.0094080146	-0.0434172958	0.045699902	0.0324367784	-0.0382099303	-0.0276457697	-0.0096821245	0.0033304889	0.0164525959	0.0324234679	0.0723810505	-0.0002056153	-0.0136610911	-0.0818219667	0.006910856	-0.0070012349	0.0145108986	-0.0501058	-0.0055113405	0.0793539824	0.0466744595	0.0017923027	-0.0435584361	-0.0775211985	-0.0912167139	0.0073321442088882	0.0061242235128134	3.75061136348965e-05	5.3760338699932765e-05	0.0110935249384027	0.0131907006915667	0.0001230662955589	0.0001739945847344	-0.0453231014406156	-0.0542423428633042	0.0029422317593002	0.0020541835241963	0.0013890213682195	-0.0003759812386306	1.929380361370372e-06	1.413618918022753e-07	-9.720200989882244e-05	-0.0001263449397419	1.5963043798397324e-08	9.448230728370777e-09	0.0004290680612426	0.000267093569131	1.8409940117848362e-07	7.133897467113628e-08	0.0	0.0	0.0	0.0	0.0	0.0	0.0	0.0	0.0	0.0	0.0
4933.443778945775	-17.134103449811846	293.5775010288542	24338867.52001877	6474.921060120033	33.910807830608064	41924602.73478593	1149.9428877244293	5632.2045068359375	0.0337304687491268	31721727.60682305	0.0011377445220358	5615.162880745379	4738.948442147448	1.134272	19.191599	0.1035982244183085	0.0593684419969645	0.0159571251	0.0634939855	-0.1119343874	0.0022618889	-0.1171796451	-0.0752444886	-0.0382047857	-0.0336166555	-0.0699398043	0.0764718604	-0.0353699243	0.0344348604	0.0323992633	0.0268777453	-0.0031456446	-0.0296080664	-0.0396344425	-0.0332814059	0.0097057859	-0.0110373085	0.0289502924	0.0098696108	0.0068025779	0.0327615975	-0.0078662156	-0.0038009562	0.0662037838	0.0417403834	0.0238539685	0.0437152286	0.0130167501	0.0021212828	-0.0215805709	-0.0485097631	-0.0164064303	-0.0762084642	0.0854109947	0.0125553849	0.0860272629	-0.0154372277	-0.0266270522	0.038561805	0.0397948846	-0.0159089238	0.0355178719	0.0247557066	0.0001582536	-0.0211480456	0.0338355795	0.0217314262	-0.0477850318	-0.0722742986	-0.0267719538	0.064657033	-0.0001321903	-0.0297198796	-0.0178179217	-0.0688537904	0.0115957124	-0.0324029934	0.0413289834	-0.0193927295	0.0594290994	-0.0697732678	0.1132593094	0.0463146841	0.0216834454	0.0096666222	0.0525851407	-0.0324194938	-0.0114375211	-0.0274919272	-0.0182780443	0.0012800451	0.0719528713	0.0302321271	-0.0984495292	0.0215782711	-0.0098777134	0.0141439414	-0.0873458552	-0.0323466489	0.0787565141	0.0446048127	-0.0017923027	-0.047697375	-0.0805080284	-0.0912167139	0.0187926652351109	0.0114605210262226	0.0001313435421924	0.0003531642666389	0.0175178284821981	0.0064243035437954	0.0003068743147317	4.127167602282214e-05	0.009590928186121	0.0549140296267365	0.0030155506498461	9.198590347133028e-05	0.0017650278175884	0.0003760064493688	3.11532319686087e-06	1.4138084996700706e-07	-0.0001727672202216	-7.556521032277757e-05	5.71010101112561e-09	2.984851238309884e-08	0.0002646523165032	-0.0001644157447394	7.004084863050994e-08	2.7032537118211553e-08	0.0	0.0	0.0	0.0	0.0	0.0	0.0	0.0	0.0	0.0	0.0
4922.54611803842	-10.897660907355204	118.75901325169782	24231460.28421512	6381.871508061491	-93.04955205854183	40728283.94540705	8658.21913829529	5627.3701953125	-4.834311523437464	31667295.31509145	23.37056790564025	5602.250498414194	4742.704588447521	1.153315	19.513807	0.067124796130586	0.032887571956509	-0.0182762426	-0.0087085744	0.0243348306	-0.0811961667	0.0061203785	-0.0518775915	0.0303949415	-0.0933690209	0.0455168882	-0.0140928977	0.076485517	-0.0028370097	0.0343575811	-0.0132049374	0.052294928	-0.0151930923	0.015260738	-0.0176928171	0.0994141515	-0.0651701893	-0.1184517977	0.0434219262	-0.0340252415	0.0708769803	0.0049888199	-0.0186476522	0.003297725	0.0683583892	-0.0252240626	-0.0194208598	0.070442381	-0.0393572929	0.1064508378	-0.0082876571	-0.0965438774	0.0471215691	-0.0580283386	0.0500291552	0.0076593471	0.0261167163	0.0227130125	0.0190458957	0.0246360338	-0.035584012	-0.008928088	0.1472737943	0.0828203994	-0.0549582338	-0.0224943235	-0.032390602	-0.0365861613	-0.0330101517	-0.0451996258	0.0066643108	0.0799667388	0.0528828294	0.0322012858	-0.0577486954	-0.015331104	-0.0155296704	-0.058996952	0.0174690371	-0.0756402591	0.0576248796	-0.0086852653	0.036154718	0.0385337029	-0.0035239626	-0.0659779109	0.0097109388	-0.0594808899	-0.0278411082	0.0293372152	0.0073589921	0.0219404653	0.0500842136	-0.0233269202	-0.0930669915	-0.0209983731	-0.0496449957	-0.1151507936	-0.0903564649	0.0781455512	0.042504596	-0.0053741445	-0.0517055788	-0.0831501106	-0.0906543325	0.0194709694566057	0.0006783042214947	4.600966168976657e-07	0.00037911865158	0.0017019258641113	-0.0158159026180868	2.896551646930996e-06	0.0002501427756248	-0.0092510763868034	-0.0188420045729244	0.0003550211363261	8.558241431447147e-05	0.0021740424365237	0.0004090146189353	4.7264605158059065e-06	1.6729295850278885e-07	-0.0003562592928436	-0.000183492072622	3.3669340715117324e-08	1.2692068373742198e-07	0.0002213873136989	-4.326500280429999e-05	4.901234266681515e-08	1.871860467656086e-09	0.0	0.0	0.0	0.0	0.0	0.0	0.0	0.0	0.0	0.0	0.0
4912.946891541071	-9.599226497349264	92.1451493474122	24137047.15910307	6362.798190691613	-19.07331736987817	40485200.81546846	363.7914354920962	5624.942588297526	-2.4276070149744555	31639979.121643268	5.893275819153186	5601.268312763456	4671.280539020214	1.109164	18.766775	0.0700639345939591	0.0416693818977814	-0.0100548228	-0.0092533723	-0.1032852282	0.0326878985	-0.0095050579	-0.0893370951	-0.1176241378	-0.0103592983	-0.0619392753	0.0072636315	-0.0760236585	-0.0028307015	0.0468476975	0.0389177883	0.0548492321	-0.0465399237	-0.0100508685	-0.0738297948	-0.009318451	-0.0041265961	0.065427203	0.0005666761	-0.0523793039	0.0159853616	0.0090750364	0.0149352459	0.0152692938	0.1247906967	-0.0578006481	0.0314442207	0.0502347681	-0.1044736176	-0.0169742723	0.0093034592	-0.0868244956	-0.0252222444	0.0637353371	-0.0676499933	0.0820754064	0.0235754111	-0.0313499986	-0.0079648557	0.0278677264	-0.0677239692	0.0592538235	0.018618132	0.0125672521	-0.0013057147	0.0791177245	-0.0047998339	0.0085166133	-0.0775824826	-0.0974173268	0.0643659222	0.0447190617	0.0231768932	0.0133855946	-0.0349175939	0.0271492042	-0.0242212864	-0.0009387744	0.0332895646	0.0294341004	-0.0775230167	0.0641307633	-0.0268346905	-0.0726082988	0.0209787109	0.0526173255	-0.0251751373	-0.0043912608	-0.0416742167	-0.0030658289	-0.0622559151	0.0978792048	0.0125645272	-0.1004511068	-0.0627724514	-0.0075060014	0.0459572122	-0.0343096597	-0.0433929054	0.0775211985	0.0403752488	-0.0089476998	-0.0555720611	-0.0854361313	-0.089533037	0.015396808011701	-0.0040741614449047	1.659879147914795e-05	0.0002370616969491	0.0124558170987683	0.010753891234657	0.0001551473795979	0.0001156461766868	0.028390167353109	0.0376412437399124	0.0014168632302874	0.0008060016023375	0.0019300369802869	-0.0002440054562368	3.725042745274976e-06	5.953866267332898e-08	-0.0002802556333225	7.60036595211e-05	5.776556260599295e-09	7.854322000899559e-08	0.0002532709614307	3.188364773180002e-05	6.414617990403114e-08	1.0165669926855163e-09	0.0	0.0	0.0	0.0	0.0	0.0	0.0	0.0	0.0	0.0	0.0
4899.241301684566	-13.705589856504956	187.8431933147316	24002565.33213188	6263.304891219992	-99.49329947162096	39228988.160380274	9898.916639749652	5619.563077392578	-5.379510904947892	31579489.180793937	28.93913757645329	5591.089973578348	4635.903565649893	1.143978	19.355818	0.0773408198824269	0.0391217350225576	-0.0653861522	-0.0797997146	0.0489609282	-0.0529368678	0.1052359186	-0.0666703566	0.0464000069	-0.0054165792	0.0767519108	0.0610606202	-0.0004522355	-0.0174780062	-0.0647173656	-0.0678529538	0.0623534894	-0.0176206489	-0.005128941	-0.0447472095	0.078719481	-0.0707601799	-0.0560704181	-0.0018927932	-0.0755879875	0.0601325515	0.0073590083	-0.0538847089	-0.1254637459	0.0761488316	-0.0120271064	-0.0619141684	0.191672179	0.0480161983	0.0019830309	0.0576868178	-0.0360329104	0.0789312551	0.0511473746	0.0338539013	-0.0887030832	-0.008027781	0.010589433	0.0379629376	0.0052553193	-0.0471085274	-0.0091403742	0.112606664	0.0460445097	0.0154256406	-0.0191701601	-0.0781780186	-0.0025143306	-0.0320404167	-0.0110678081	-0.0048533249	0.1776095804	0.1175029954	0.004448033	0.1082652317	0.0107236752	-0.079562586	0.0368738663	0.0033138063	-0.0617800744	0.0792032316	-0.00225143	0.0230891913	0.0592646187	-0.0348941093	-0.089124476	-0.0264412035	-0.0386292324	-0.0460310934	0.0122772993	-0.009489533	0.0038616481	0.0142361201	-0.0632183668	-0.0902780635	0.0020857474	0.038960409	-0.0210709773	-0.039741464	0.0768835629	0.0382182304	-0.0125074584	-0.0592862243	-0.0873563013	-0.0878597406	0.0026176660173149	-0.012779141994386	0.0001633064701126	6.852175378205252e-06	0.0263974814053824	0.0139416643066141	0.0006968270245475	0.0001943700036383	0.0287256424658508	0.0003354751127418	1.1254355126912361e-07	0.0008251625350758	0.0023769736966216	0.0004469367163346	5.650003954430954e-06	1.99752428408044e-07	0.0001529501715045	0.000433205804827	1.876672693358088e-07	2.3393754963255964e-08	0.0003788192096427	0.0001255482482119	1.4350399359431989e-07	1.576236262910195e-08	0.0	0.0	0.0	0.0	0.0	0.0	0.0	0.0	0.0	0.0	0.0
4906.145684593917	6.904382909351625	47.67050335894681	24070265.47845952	6323.60048124806	60.29559002806764	39987923.04644069	3635.558176832809	5619.706464029948	0.1433866373699857	31581100.741859976	0.0205597277762717	5595.689545588116	4638.14096996831	1.098326	18.583393	0.0749869238187923	0.0448048163378628	-0.0325771636	-0.0538474418	-0.0918849964	0.055065688	0.0195678677	-0.0306278752	-0.1655916635	-0.018984494	-0.0159840205	-0.0878499006	-0.0732227469	-0.0027454655	0.0422184606	-0.0102877955	0.044259678	-0.0380996585	-0.0318275733	-0.0592664917	0.054849508	-0.0320369499	0.0164545085	-0.100367399	-0.0378149154	0.0201673345	0.0235844435	0.0012352653	-0.0058523697	-0.1161317442	-0.0771199086	0.0556852197	0.0948221226	-0.0498357516	-0.0817292981	0.0290741604	-0.0514271604	0.0328397914	-0.0096500034	-0.1079437017	0.0632348955	0.034271146	-0.0011217807	0.0132807191	0.0601979463	-0.0567133687	0.0837473465	0.0164628235	0.0346885688	-0.0582769195	0.0248543531	-0.0949292023	-0.0102407484	0.0696373343	0.0096823501	-0.0500595533	-0.0257434388	-0.0326516633	0.0154949516	0.0737479672	0.028562218	-0.0201711751	-0.0652778613	0.0681859789	-0.0401942546	-0.0578916784	0.0154878911	-0.0461618743	-0.1053705813	0.0217311592	0.0049086665	-0.0634635633	0.0112615188	-0.0454204415	0.0515147508	0.0315586995	0.0610022785	-0.0468906833	-0.0488854531	-0.0994078014	-0.0224287039	0.0637159475	0.0206700097	-0.0132986153	0.0762327537	0.0360350191	-0.0160479313	-0.0628378881	-0.0889023983	-0.0856447597	0.0050425995497818	0.0024249335324668	5.880302636882397e-06	2.542781021945961e-05	0.0219060130562951	-0.0044914683490873	0.0004798734080225	2.017328793085302e-05	0.0247207824874777	-0.0040048599783731	1.6038903446374594e-05	0.0006111170867931	0.0020500684075318	-0.0003269052890898	4.20278047555997e-06	1.0686706803488574e-07	-0.0006317861186124	-0.0007847362901169	6.158110450264354e-07	3.991536996713216e-07	0.0002091475496721	-0.0001696716599705	4.374269753384354e-08	2.8788472197178892e-08	0.0	0.0	0.0	0.0	0.0	0.0	0.0	0.0	0.0	0.0	0.0
4898.021584029349	-8.124100564568835	66.00100998322766	23990615.43761737	6219.2198801609065	-104.38060108715308	38678695.91778864	10895.309883315384	5619.318624674479	-0.3878393554687136	31576741.80561348	0.1504193656503872	5590.043128660526	4570.070371640274	1.090348	18.448416	0.0813538523854582	0.0449386468269201	-0.0862647689	-0.1049257479	0.066886804	-0.0029384198	0.1479767809	-0.033445677	0.0160079139	0.0175531057	0.0442484238	0.0788964968	-0.0425119632	0.0155647216	-0.0528099396	-0.0763085281	0.1145123331	-0.012352478	-0.0180133015	-0.0777838354	0.0471231425	-0.0583800065	-0.0019233344	0.0696811735	-0.0062078219	-0.0221832989	-0.0400429495	-0.0712258982	-0.0047221195	0.0238984929	0.0112776824	-0.0653837763	-0.0993466235	0.0026420333	-0.0081875435	0.0287783582	0.0201005257	0.061584378	0.0991459377	0.0028241779	-0.0847473373	-0.0348876741	0.0536087282	0.0229693605	0.0079560196	-0.0919854217	9.34757e-05	0.1057536485	0.0034737113	0.0611308446	0.0812106814	0.0094446633	0.0332680531	-0.0270580044	-0.0136375711	0.0448770452	0.0010981841	0.0666134746	0.04997121	0.0311832673	0.0218809017	-0.0842948134	0.0651186059	-0.0014123983	-0.0577201696	0.050200202	0.0560381858	-0.0193165898	0.030793952	-0.068571743	-0.0645598859	0.0509687128	-0.0134521885	0.0131843115	-0.0604334867	0.033941371	0.1162163786	0.025452944	0.0270944087	0.0212214302	0.008199712	-0.0539730937	-0.0045247081	0.0535612581	0.0755688824	0.0338271112	-0.0195636596	-0.0662173176	-0.0900678015	-0.0829017503	0.004680094232583	-0.0003625053171988	1.3141010499740273e-07	2.1903282025856655e-05	0.0219299823006338	2.396924433870073e-05	0.0004809241237061	5.745246741683371e-10	0.0389128566129599	0.0141920741254822	0.0002014149679831	0.0015142104097807	0.0025800005270367	0.0005299321195049	6.65640271950965e-06	2.808280512829559e-07	2.2964346673370883e-05	0.0006547504652857	4.286981717919335e-07	5.273612181347602e-10	0.0003599710388502	0.0001508234891781	1.295791488108922e-07	2.2747724887856452e-08	0.0	0.0	0.0	0.0	0.0	0.0	0.0	0.0	0.0	0.0	0.0
4901.187352536892	3.165768507543362	10.022090243353324	24021637.46466759	6282.98991141414	63.77003125323336	39475962.22693186	4066.616886038359	5616.173220214844	-3.1454044596348467	31541401.639458373	9.893569214690782	5587.917338924185	4629.146089541367	1.033289	17.482988	0.0656459110855083	0.0335129723646733	-0.0744417578	-0.077691735	-0.0716018402	-0.0813434248	0.0418100994	-0.1549042189	0.0037239715	0.0631751625	0.0410965595	-0.1055802698	-0.0316113387	0.0017722431	-0.0108741208	-0.0338290609	0.0124818496	-0.1486446781	-0.0248619195	-0.0644575327	0.0397406571	-0.0073580605	0.0053520556	-0.0568787488	-0.039716831	0.0924265821	-0.0442107114	-0.0850272197	-0.0589634615	-0.0422786353	-0.0208811126	-0.0095945049	-0.1235801809	0.0188882583	0.099321226	-0.0045479175	0.0784520281	0.0778435252	-0.0468610871	-0.0839137881	-0.0019392555	0.0163295853	-0.0574761468	0.099651145	0.001532288	-0.0837531613	0.0292878539	0.0311014178	0.0308824543	0.0004489583	0.0902684564	-0.1303055553	-0.0096548091	0.0371277005	0.0437233759	0.0367368458	-0.0030313529	-0.0110478908	0.1028586182	0.0030598306	-0.0040642912	-0.0839152381	-0.0251153711	0.080849934	-0.0561340195	-0.0319087853	-0.0077682548	0.0090398312	-0.0102258164	0.0973212167	-0.0201621597	-0.0869272715	-0.0331731727	-0.1145574581	0.0583608763	-0.0688513057	0.0203732148	0.1170627067	0.0336554443	0.0721744957	-0.0277251637	-0.0095781589	0.0595616658	-0.1028395801	0.0748920628	0.0315960199	-0.0230492221	-0.06941525	-0.0908475206	-0.0796476241	0.017902216220321	0.0132221219877379	0.0001748245098586	0.0003204893455991	0.022091194988036	0.0001612126874022	0.0004880208959994	2.5989530579440094e-08	0.0139191775114682	-0.0249936791014917	0.0006246839950283	0.0001937435025957	0.0026589222428029	7.892171576619981e-05	7.069867493272004e-06	6.228637219480831e-09	0.0002777598905798	0.0002547955439064	6.492076919457306e-08	7.715055681490246e-08	0.0005716317253551	0.0002116606865048	3.267628294324484e-07	4.480024621172552e-08	0.0	0.0	0.0	0.0	0.0	0.0	0.0	0.0	0.0	0.0	0.0
4904.745473299374	3.558120762481849	12.660223360404414	24056528.157850698	6268.064907857124	-14.92500355701577	39288637.68910994	222.7557311769334	5619.63283976237	3.4596195475260174	31580273.25373568	11.968967413624126	5595.383552838238	4611.4061576494205	1.114125	18.850721	0.1371849422152211	0.0719559243934451	-0.0525139667	-0.0818164069	-0.0393766649	0.1152425046	0.0950128994	-0.00273436	-0.105147682	0.0076163858	-0.0107936933	0.0790622019	-0.0896977657	-0.0164727153	0.0096062496	-0.0088443265	0.0615291774	0.0059822947	0.0463355254	-0.0507022233	0.0343304117	-0.0105220603	0.0693008972	0.0555300264	-0.0389354891	0.0352951774	0.0060019314	0.0052281241	0.0496902431	-0.0783744723	0.0327080838	0.0634702894	-0.0384435767	-0.107886274	0.0352331449	0.0651254566	-0.0042482734	0.018780564	0.1239183023	-0.0279984195	-0.0097884505	0.009290209	0.0493476666	-0.0352293749	0.0118748013	-0.0535208446	0.0369270379	-0.0036500751	0.0423130296	0.048848214	0.0835877442	-0.0399402804	0.0510725142	0.0273293178	0.0120026553	-0.0623401124	-0.0950248692	-0.0603992897	-0.0016692071	-0.0752577279	0.0560924844	-0.0498209627	0.0088048699	0.0406218636	0.0292462649	-0.0126011749	0.1082834074	-0.0746664847	-0.0140303364	-0.0739215975	-0.0067515738	-0.0159310364	0.0092446434	-0.0620037802	0.0326034764	-0.132457542	0.0850944923	0.0673741851	-0.0207857724	0.0073367195	-0.0383124221	-0.0841950185	0.0362804386	-0.0294199997	0.0742024108	0.0293432743	-0.0264992443	-0.0724229201	-0.0912382167	-0.0759024438	0.0261409111578387	0.0082386949375177	6.787609427347978e-05	0.000683347236162	0.0269906584813526	0.0048994634933165	0.000728495645257	2.4004742522342094e-05	0.069905337491555	0.0559861599800868	0.0031344501093158	0.0048867562098082	0.0022470317285364	-0.0004118905142664	5.0491515890492816e-06	1.6965379574272173e-07	-0.0003037716009079	-0.0005815314914877	3.381788755919089e-07	9.227718551814847e-08	0.0002038412550233	-0.0003677904703318	4.1551257249474025e-08	1.3526983006688668e-07	0.0	0.0	0.0	0.0	0.0	0.0	0.0	0.0	0.0	0.0	0.0
4900.936064357503	-3.80940894187097	14.511596486406503	24019174.30692001	6283.247125688768	15.182217831644266	39479194.44247617	230.4997382874971	5616.240621744792	-3.392218017577761	31542158.72133633	11.507143078779196	5593.002292895286	4584.5949830697255	1.083843	18.338348	0.1049238851436863	0.0522670244814524	-0.0560643139	-0.1171309204	0.0329087304	-0.0604676091	0.090094165	-0.0586696869	0.0556484942	0.0261432372	0.0856058908	-0.0409799337	0.0105017074	-0.0158422569	-0.0555094863	-0.0502367161	0.0005195121	-0.0593795064	0.0071474331	0.028282501	0.028248942	-0.0703248454	-0.0395927808	0.001967291	0.028918732	0.0827693331	-0.0593427862	0.0534140261	-0.0280496575	-0.0243194836	-0.0379543896	0.0990144318	-0.0292282909	0.0025100358	0.0782717833	-4.65667e-05	0.0217556149	0.0843030486	-0.0334029124	-0.0126631893	-0.0854777393	-0.0019031871	-0.019223556	0.059637689	-0.0225980532	-0.0356284791	-0.05069135	0.0540053598	0.0142273943	-0.034398174	0.0006259322	-0.0455479224	-0.0157257498	0.0285481599	0.0616754781	-0.1286345008	-0.0050787491	-0.0019371782	0.0949297875	-0.1207050809	0.0056036133	-0.0668992851	0.0086238304	0.042416549	-0.1093843974	0.0438529072	-0.0404490088	0.0457078187	0.0234904208	0.013743803	-0.0579139521	-0.0127384461	-0.0408279981	-0.0892041178	0.038946409	-0.0410497033	0.0433817707	0.1080092489	0.0721337417	-0.0381039435	0.0167020715	-0.0684368922	-0.0740509968	-0.0607335629	0.0735000446	0.0270704183	-0.0299084066	-0.075232084	-0.0912382167	-0.0716892996	0.0106477414594507	-0.015493169698388	0.000240038307303	0.0001133743981873	0.022071045561347	-0.0049196129200056	0.000487131052171	2.4202591282686024e-05	0.0291373265516554	-0.0407680109398996	0.0016620307159957	0.0008489837985778	0.0024560337483379	0.0002090020198015	6.032101772974716e-06	4.368184428110664e-08	-9.518808370123644e-05	0.0002085835172066	4.3507083650302515e-08	9.060771278713593e-09	0.000661117549723	0.0004572762946997	4.370764145517434e-07	2.091016096942869e-07	0.0	0.0	0.0	0.0	0.0	0.0	0.0	0.0	0.0	0.0	0.0
4914.434864628662	13.49880027115887	182.2176087606388	24151670.038677733	6355.46888662174	72.22176093297185	40391984.768816985	5215.982752259339	5627.814783121745	11.57416137695236	31672299.233123653	133.96121157973576	5607.499426855342	4614.752546921275	1.122247	18.988134	0.1018698940027338	0.0561396279416387	-0.0191092987	-0.0577560686	-0.0888914078	0.0477577464	0.0100260365	-0.0713560667	-0.0251776872	0.0218523718	-0.0738240947	0.0235888504	-0.0745606047	-0.0181702636	0.0405969058	0.0046999841	0.0271250007	-0.0592395826	0.0021453512	-0.0309661542	-0.0623394613	0.0017960678	0.075414924	-0.0089762738	0.0041960497	0.0291590481	-0.0798839275	0.0792024375	0.0431788907	0.0426043346	0.0644556332	0.0448817245	0.0503000425	-0.0494969625	0.0056394602	0.0345009335	0.0232216035	-0.0490646842	0.0826706082	-0.0511756625	0.0500835924	0.0344948391	-0.0041147572	0.0032848966	-0.0267697545	-0.0639748071	0.0155205406	-0.0348753682	-0.0432540858	-0.0070088927	0.0852700744	-0.0279913303	0.0022130255	-0.0074309804	0.0353792427	-0.0574592109	0.0629358166	0.0388780796	-0.0765149906	-0.1161950674	0.0640235856	-0.0017329269	-0.0015567787	0.0406055134	0.0300592299	-0.0442264528	0.0914564321	-0.0166210274	-0.0957909547	0.0339264473	0.0379814343	0.0065592152	-0.0129245802	-0.0444216028	0.0360396642	-0.022369492	0.096380693	0.041118941	0.0412137652	0.0401009846	0.0205228745	0.0121088629	-0.0517367063	-0.0543614368	0.0727850846	0.0247790096	-0.0332714524	-0.0778350419	-0.0908475206	-0.0670341672	0.0129711029199199	0.0023233614604692	5.398008475993576e-06	0.0001682495109591	0.0218222497787508	-0.0002487957825962	0.0004762105854061	6.189934143765697e-08	0.0664517342758657	0.0373144077242103	0.0013923650238086	0.0044158329882702	0.0017985794129615	-0.0006574543353764	3.2348879047289344e-06	4.3224620310522406e-07	-0.0004066488835627	-0.0003114607998614	9.70078298503427e-08	1.6536331450279036e-07	0.0003903661042517	-0.0002707514454713	1.5238569534864914e-07	7.330634522479835e-08	0.0	0.0	0.0	0.0	0.0	0.0	0.0	0.0	0.0	0.0	0.0
4916.695085722437	2.2602210937757263	5.108599392748741	24173890.565967165	6268.199663983276	-87.26922263846427	39290327.027560055	7615.917219921845	5622.674632161458	-5.140150960286519	31614470.01915199	26.42115189453442	5602.991611505451	4581.379657321506	1.050949	17.78179	0.112363674179117	0.0728882855592975	-0.0114266584	-0.0865215507	0.0890980184	0.0436650206	0.1235238124	0.0463279514	0.0056984694	-0.0192240321	0.0658011466	0.0192334156	0.0585940321	-0.0255508911	-0.0855927494	-0.0329165084	0.0833332777	0.0498945398	-0.0241986751	-0.0047866811	-0.0572962265	-0.0622639545	0.0158828596	-0.0101528337	-0.0178913461	-0.0180910937	0.0324713619	0.0611493156	0.0307932794	0.0666189323	0.0591426337	-0.0305934821	-0.0400013034	0.0571190244	-0.0008977869	-0.0286299336	0.0080807399	0.0453427771	-0.0150672937	0.0460205	-0.1311690882	-0.009154679	0.0270799629	-0.0373887547	0.0296807223	-0.0376252871	-0.0250506634	0.0380403746	-0.0663680131	-0.0093548496	-0.0202379763	0.0183041907	0.0082460129	-0.0470413873	-0.0269599846	-0.0528141281	0.1335692852	0.0101144511	-0.1004738097	0.0034746757	-0.0028818892	-0.0143727742	0.0227362319	0.0094325784	-0.0934009991	0.0698374454	0.0039545638	-0.0148116076	0.0541819889	-0.0678961536	0.0172938984	0.01177558	0.0216758119	-0.0251405702	0.0255477424	-0.002204398	-0.0033113269	0.0246185406	0.0806988068	0.0390207352	-0.0661595428	-0.012563822	-0.0061037392	-0.0474544739	0.0720576532	0.0224706185	-0.036583196	-0.0802246594	-0.0900678015	-0.0619657467	0.0151957523036827	0.0022246493837627	4.9490648806762045e-06	0.0002309108880748	0.0217593207738957	-6.292900485509872e-05	0.0004734680405412	3.960059652053039e-09	0.0001658006383706	-0.0662859336374951	0.0043938249981944	2.748985168409848e-08	0.0020189951654691	0.0002204157525075	4.076341478187598e-06	4.858310395349145e-08	2.0124849193781102e-05	0.0004267737327564	1.821358189709004e-07	4.050095550724319e-10	0.0006189798620477	0.000228613757796	3.831360696205898e-07	5.226425025360816e-08	0.0	0.0	0.0	0.0	0.0	0.0	0.0	0.0	0.0	0.0	0.0
4926.282596596371	9.587510873933752	91.92036475779794	24268260.221528284	6370.430827361858	102.2311633785821	40582388.92620229	10451.210765738346	5627.581895751953	4.907263590494949	31669677.993395142	24.08123594659738	5608.333119274887	4683.480850219727	1.070502	18.112627	0.0836600440007824	0.043513638510696	0.003794087	-0.0024135045	-0.0061744069	-0.0691944004	-0.0185148897	-0.0556615433	0.0492820174	-0.0408569122	-0.0533307626	-0.0405799434	-0.0373372909	-0.0038011729	0.049619592	0.0373879527	0.0222034508	-0.1291286146	-0.0308065402	0.0089083	-0.0834784217	0.0094565299	-0.0052720419	-0.0249166164	0.009426902	0.0091559779	-0.0899788661	-0.0929430363	-0.0217858779	-0.0179716171	0.0898963927	-0.0126080525	0.0472477813	-0.0695837725	-0.0754872775	0.0022330918	-0.0350072461	-0.0352373757	-0.0041623741	-0.0517808102	0.0790649775	0.0140343085	-0.0471300286	0.0278411485	-0.0283209032	-0.0509627159	-0.0544162413	0.0037911025	-0.0565007747	0.0349419973	0.0227068629	-0.0596158979	0.0264487725	0.0762709925	0.0967529443	0.0688804306	0.0346814657	0.0318301698	-0.0639577181	0.0169344403	0.0309995229	0.0288151217	-0.0568718973	0.0449801044	-0.0205905098	-0.0529363256	0.0255346552	0.0218096106	-0.1058999709	0.0615551789	-0.0015827061	0.0675804982	-0.0916272379	-0.0276689851	0.0321741016	-0.1244425007	0.0898336172	-0.0217683726	0.0367668359	-0.0285072282	-0.1363544156	-0.0546954268	-0.0315411029	-0.0506793826	0.0713178751	0.0201468273	-0.0398385309	-0.0823943867	-0.0889023983	-0.0565152869	0.0144422224354912	-0.0007535298681915	5.678072622567003e-07	0.0002085777888762	0.0219314530819616	0.0001721323080659	0.0004809886342862	2.962953148009428e-08	0.0233812916176816	0.023215490979311	0.0005389590214104	0.000546684797711	0.0022470538468269	0.0002280586813578	5.04925099053957e-06	5.201076214265866e-08	-0.0005112892498748	-0.0005314140990685	2.824009446888718e-07	2.6141669703753574e-07	0.0001880748255698	-0.0004309050364779	3.53721400131107e-08	1.856791504620204e-07	0.0	0.0	0.0	0.0	0.0	0.0	0.0	0.0	0.0	0.0	0.0
4911.749424168153	-14.533172428217767	211.2131008283091	24125282.405816182	6315.799395630691	-54.63143173116714	39889322.00584901	2984.593332997176	5609.0100610351565	-18.57183471679673	31460993.86479361	344.91304474801626	5591.007197556947	4648.7428389405895	1.117316	18.904703	0.0818666250096502	0.0526536628203563	0.0039190653	-0.0272731578	-0.0389154095	0.1114740819	0.0532764442	0.0354344113	-0.1040642394	0.1009643177	0.0860983574	0.0595919991	-0.0368864266	-0.0557168132	-0.0470117146	-0.0620649887	0.017303503	0.0449779898	-0.0583560425	0.0273324564	-0.0525654303	0.0415364356	0.0062421657	-0.0734901786	0.0250515191	-0.0855159206	-0.115687467	0.0551180503	0.0829999659	-0.0527691959	-0.0799249253	-0.1404835789	-0.0510368208	0.0705190865	-0.000688467	-0.0317417387	-0.0421148042	0.0698437397	0.0697398449	0.0276244318	-0.0754554878	0.02957938	0.0136430868	0.003885173	0.0798958141	0.0254798557	-0.0059183107	-0.1103588899	-0.0519952499	-0.0155314079	-0.05603505	0.0054181477	0.0431141128	-0.0213774211	0.081897552	0.0121490818	-0.0895184895	0.1608929835	-0.0329877176	-0.0306620931	-0.0096673795	-0.0180992715	0.0460856142	-0.0214110447	-0.0041509855	0.0589988024	0.0668561828	-0.0355130021	0.0406331723	-0.036844802	0.0509441566	-0.0450978486	0.0442543835	-0.0331196058	0.0409489203	0.0045715804	-0.0393902231	0.0397662129	0.0630779956	-0.0691911516	-0.0364608648	-0.0247740155	0.0171803908	0.02965479	0.0705658771	0.0178092284	-0.0430324377	-0.0843382767	-0.0873563013	-0.0507163915	0.0200895632029869	0.0056473407674957	3.189245774421892e-05	0.0004035905496868	0.0218057122213792	-0.0001257408605823	0.0004754890854816	1.581076402000247e-08	-0.0142427865232406	-0.0376240781409221	0.0014155712559542	0.0002028569679466	0.0022454769906231	-1.5768562037997945e-06	5.042166915417775e-06	2.486475487461899e-12	0.0001787982608973	0.0006900875107721	4.7622077252363323e-07	3.1968818099898955e-08	0.0002657997634069	7.772493783710002e-05	7.064951422716403e-08	6.041165961781061e-09	0.0	0.0	0.0	0.0	0.0	0.0	0.0	0.0	0.0	0.0	0.0
4920.458273758348	8.708849590194404	75.84406118462924	24210909.62379698	6335.011518667865	19.212123037174024	40132370.941654526	369.1056715955128	5613.568663330078	4.558602294921911	31512153.13792144	20.78085488326732	5595.579665207522	4661.866404514687	1.052613	17.809954	0.0571027840578302	0.028890240896114	-0.0080162144	-0.0288787784	0.0577820942	-0.0138912827	0.0254878342	0.0090814123	0.0199800472	-0.0861315119	0.0319664824	-0.1244738314	-0.0423237028	-0.0375919061	0.0008755087	0.0167554225	-0.0779778011	0.0315039315	0.0394443247	-0.021173505	-0.0184446039	-0.0129065202	-0.0371991616	0.0573662661	0.0187774702	-0.0006072341	-0.0672972255	0.0770306531	-0.0028747345	0.0238599422	-0.0716992368	-0.1135605442	-0.1277201774	0.0220528148	-0.000244039	0.0307582303	-0.0346946005	0.0458890463	-0.0811136662	-0.076907459	0.0243170998	0.006394787	-0.0376955318	-0.0389869399	-0.106413319	0.0506681936	0.014170074	-0.0180235163	-0.0272262778	0.0260953303	-0.0739235125	0.0429238365	-0.007950295	-0.0935968094	-0.0119269591	-0.0314104641	-0.1536478221	0.1304688531	0.0219988052	0.0612352761	0.0323361422	0.0252836368	-0.0671566639	0.0442230678	-0.034726427	-0.0293703435	-0.0772037926	0.015047111	-0.0438351294	-0.0413827538	0.0018811516	0.049796296	-0.0304372641	-0.0154196677	-0.0140276417	-0.0094033583	0.0995359382	0.021746971	0.0045235943	-0.0027762033	-0.0008389671	-0.0006823933	-0.0408569256	-0.0363084959	0.0698017879	0.0154594239	-0.0461599916	-0.0860510014	-0.0854361313	-0.0446048127	0.0089378169457461	-0.0111517462572407	0.0001243614445858	7.988457175566615e-05	0.0217895817971509	-1.613042422830141e-05	0.0004747858748947	2.6019058578497313e-10	0.0038592856652925	0.0181020721885331	0.0003276850175188	1.4894085846332174e-05	0.0023179763024402	7.249931181709966e-05	5.373014138674341e-06	5.256150213953046e-09	7.775207044113941e-05	-0.0001010461904561	1.0210332605702681e-08	6.0453844578839046e-09	0.0006489109648902	0.0003831112014833	4.210854403547304e-07	1.467741927019777e-07	0.0	0.0	0.0	0.0	0.0	0.0	0.0	0.0	0.0	0.0	0.0
4913.77984451867	-6.6784292396778255	44.60141710938374	24145232.360397924	6376.18449310909	41.17297444122505	40655728.69016482	1695.2138243377713	5615.436786702474	1.8681233723955304	31533130.305451404	3.489884934490449	5596.731440246028	4650.071318582772	1.048488	17.740147	0.0526189987119686	0.0267730424869619	-0.0200535502	-0.0207302775	-0.0812930333	-0.0065095364	-0.0123958859	-0.0873549324	0.0389001836	0.0683640825	0.0562694979	0.0773882303	-0.0634746734	-0.0188454445	-0.0215404309	0.0021648667	-0.0197993252	-0.0576544099	0.0131180489	0.0388642901	-0.0397078845	0.0169993194	0.0869765703	-0.0034408043	0.0622591303	-0.0166714966	-0.099506014	0.0041359109	0.0874407483	0.0991699588	-0.0449227036	0.0136364323	-0.0693692256	0.026090587	0.0714103561	0.0751290796	-0.09293674	0.0382069997	0.1002287697	0.0269817565	0.0016126006	-0.0103464136	-0.0586261648	0.0397749075	-0.0045733363	-0.0077319687	-0.0441873206	-0.0841967473	-0.0135427457	-0.0281972745	0.0131955528	0.0459735746	-0.0343676417	-0.0768677502	0.0001118956	0.042439711	-0.0534193275	0.1069080645	7.99484e-05	-0.0481052763	0.022278848	-0.043789395	0.0827485595	-0.0343786287	0.0197618725	-0.0020656912	0.0980265224	0.0284379537	0.0293574442	0.0457342423	0.0144414221	-0.0194409008	0.0047111924	-0.00053609	-0.0008198269	0.0206654428	0.0400158814	0.0204371426	0.0184064526	0.0566244989	0.0246919038	-0.0079577178	-0.0115732369	-0.0114196692	0.0690257386	0.0130990243	-0.0492163702	-0.0875278662	-0.0831501106	-0.0382182304	0.0251044901412029	0.0161666731954568	0.0002613613222087	0.0006302354252497	0.0218826693420339	9.308754488300194e-05	0.0004788512175327	8.665291012344902e-09	0.0021961000925756	-0.0016631855727169	2.766186249293643e-06	4.822855616610558e-06	0.0025150492347503	0.0001970729323101	6.32547265321807e-06	3.8837740649301334e-08	-0.000208948761583	-0.0002867008320241	8.219736708333384e-08	4.365958496706938e-08	0.0004387636812462	-0.000210147283644	1.9251356798071705e-07	4.416188082295178e-08	0.0	0.0	0.0	0.0	0.0	0.0	0.0	0.0	0.0	0.0	0.0
4919.772802862563	5.992958343893406	35.9155497116416	24204164.431786165	6324.23761875582	-51.94687435326978	39995981.45848629	2698.477755074397	5611.164437255859	-4.272349446614498	31485166.341924865	18.25296979398721	5588.538170167599	4670.501257304272	1.139249	19.27581	0.0324347750741376	0.0165497129808158	-0.0164397475	-0.044668814	0.0623807866	-0.0075034564	0.0519756698	0.0294840855	-0.0118329574	-0.1122716708	0.1180910508	-0.0967839958	0.0043823492	-0.0648108547	0.1413596336	-0.0139458877	0.010835949	0.1125837606	0.0393107928	0.0147657441	0.0112283936	0.0215562771	-0.0594416399	-0.0184142229	-0.0809869856	0.033654794	-0.0056899174	0.0007530063	0.014590266	-0.0067251142	0.0208646975	0.1235333687	-0.0087478272	0.0374492704	0.1222211436	0.0653374373	0.0021233462	0.1332876373	-0.0832065595	-0.0112511057	0.0449454373	0.0788360873	0.1148680626	-0.0892253033	-0.0467059791	0.0689269749	-0.0322664505	0.0225474801	-0.0104230452	-0.02339037	-0.0695910192	-0.0920184493	-0.0109675536	-0.0264960647	-0.0034357003	0.000242143	-0.0192767858	-0.0707645191	0.0707078882	-0.050902519	0.036343539	0.0266908911	-0.0837002809	0.0570678683	-0.0674099819	0.0269018087	-0.0634349055	0.0305350105	-0.0095964553	-0.0387050293	-0.0443404785	-0.0245847981	0.0582402983	-0.0106630275	-0.0051100487	0.064578399	0.0840732946	-0.0176639759	-0.0270169909	0.001179203	-0.038380994	-0.0600923873	-0.0295477231	-0.0677240656	0.0682378621	0.0107296473	-0.0521968607	-0.0887648233	-0.0805080284	-0.0315960199	0.0174256723930454	-0.0076788177481574	5.89642420094186e-05	0.0003036540583497	0.0220232811955725	0.0001406118535385	0.0004850249146192	1.9771693355560623e-08	0.000131632050369	-0.0020644680422066	4.262028297292352e-06	1.7326996684346954e-08	0.0022510875439725	-0.0002639616907778	5.067395130628142e-06	6.967577419827492e-08	-0.000313914410055	-0.0001049656484719	1.101778735914747e-08	9.854225684017869e-08	0.0005208538906011	8.209020935489995e-05	2.712887753543026e-07	6.7388024719313025e-09	0.0	0.0	0.0	0.0	0.0	0.0	0.0	0.0	0.0	0.0	0.0
4924.447817334577	4.675014472013572	21.85576031353634	24250186.30565128	6342.598877761538	18.36125900571733	40228560.52418192	337.13583227503574	5615.090848388672	3.926411132812973	31529245.23565822	15.416704383877654	5604.893974888031	4650.22428435282	1.340993	22.689272	0.1211836404565556	0.0837102572258479	-0.0133215945	-0.0100951412	-0.023557273	0.0507346153	0.0267612494	0.0148910431	-0.0255611353	0.1555945329	-0.0295304441	0.0342693721	-0.0858314049	-0.078644667	-0.1276753283	0.0124415584	0.0295687365	-0.0252961566	0.0037014972	0.0070559365	0.0080922853	0.2252717252	0.1103171296	0.0952957993	-0.0206955456	0.0672026541	-0.0625832331	0.050429351	-0.1397108647	-0.0666133879	-0.0394535486	0.2239788587	0.0673820797	0.0409557165	-0.0705587061	0.1206771213	0.1237788058	-0.0295244651	0.088351607	-0.0601208456	-0.0887605336	0.0007378446	-0.0910323833	-0.0143628418	0.0121468221	-0.0221975057	0.0017247586	-0.1162503409	0.0415285299	0.2349480666	0.0022440242	-0.0656928915	-0.0337740793	-0.0707902295	0.0756566118	-0.1302884059	0.0603861976	-0.1203246246	0.1338716409	0.0015845065	-0.0243774454	-0.0364139628	0.0404136117	-0.0348810774	0.019636397	-0.0837831668	0.0691929265	-0.0224043683	0.0339893973	-0.0012141282	0.0213286038	-0.0203137608	-0.0309664718	-0.2737995272	-0.036896543	0.160076445	0.0087348677	0.0563137695	0.0136135839	-0.0248652806	-0.0223040854	0.0325703821	-0.0463346947	0.2474876957	0.0674382934	0.0083529168	-0.0550968674	-0.0897584821	-0.0775211985	-0.0247790096	0.0179365712184846	0.0005108988254391	2.61017609835153e-07	0.0003217205870757	0.0292887252162472	0.0072654440206746	0.0008578294247928	5.2786676817557713e-05	-0.0304828429292527	-0.0306144749796217	0.0009372460782778	0.0009292037130494	0.0037110527400998	0.0014599651961272	1.3771912439802233e-05	2.131498373903025e-06	-0.0001569619649341	0.0001569524451209	2.4634070029429124e-08	2.4637058435973638e-08	0.0005597927019693	3.893881136820003e-05	3.133678691780896e-07	1.5162310307682635e-09	0.0	0.0	0.0	0.0	0.0	0.0	0.0	0.0	0.0	0.0	0.0
4936.803987088237	12.356169753659742	152.67493098125584	24372033.60693031	6417.692491139797	75.09361337825976	41186776.91083214	5639.050770203553	5621.788044840495	6.697196451822492	31604500.821111515	44.85244031430378	5602.470790838299	4735.141681945402	1.29127	21.847967	0.1235566229319613	0.0890343548301361	-0.0006464201	0.0343795072	-0.0305074691	-0.0629757449	-0.0494441962	-0.0579627705	0.035155398	-0.0058496234	0.1090864074	-0.0150304734	0.0234292118	-0.0094054218	0.1370113627	0.0248878371	-0.0028106446	-0.0436883481	0.0239219889	0.0414050373	-0.0246064782	0.0827111786	-0.0808298009	-0.1127385247	-0.0497847432	0.0801380116	0.0827965334	-0.0109577146	0.0535062009	-0.0520327378	0.079604698	0.0255065373	0.062506318	-0.0705808085	0.0637569493	0.0429174278	0.0844765467	0.0919401225	-0.0391972007	0.0685961855	0.1080865928	0.0415862081	0.013794681	0.003830534	-0.0003062402	0.0077055603	-0.014029758	-0.0509839242	0.0257030454	-0.0713304591	-0.0625787519	-0.1483488884	-0.0607860114	0.1081571613	-0.0259823567	0.0454554633	-0.0222865536	-0.0780657053	-0.0777335248	-0.0633040614	0.034035788	0.0301755783	-0.0885986441	0.0036557747	-0.0310177014	0.0429024324	0.0157590864	0.0299492783	0.0235454647	0.0808688139	-0.0301594714	-0.058942718	0.0218383165	-0.0129469821	0.0448536591	0.0588728909	0.0590868968	-0.0676327933	0.0212546047	-0.0453960407	-0.1048603827	-0.0614185774	-0.0421096098	-0.0500685758	0.0666271694	0.0059704615	-0.0579119187	-0.0905061192	-0.0742024108	-0.0178092284	0.0231698685525998	0.0052332973341151	2.7387400987257244e-05	0.0005368428087447	0.0217356802240402	-0.0075530449922069	0.0004724397948017	5.7048488654303226e-05	-0.0117925496864685	0.0186902932427842	0.0003493270615012	0.0001390642281078	0.0020550246426719	-0.0016560280974278	4.2231262819887706e-06	2.74242905947067e-06	-0.0001110685641176	4.589340081649999e-05	2.1062042385039213e-09	1.2336225935145425e-08	0.0004201144529566	-0.0001396782490127	1.7649615358302325e-07	1.9510013247253832e-08	0.0	0.0	0.0	0.0	0.0	0.0	0.0	0.0	0.0	0.0	0.0
4915.05366074443	-21.75032634380659	473.076696062087	24157752.487997223	6327.7452655312245	-89.94722560857281	40040360.14545283	8090.503394679496	5625.431040445964	3.642995605468968	31645474.39081296	13.271416981466215	5605.681629225438	4660.064710230609	1.091486	18.467665	0.1100691470158589	0.0569563241665999	-0.0382135917	-0.0338964687	0.0660658515	0.0074461099	0.0706597133	0.0234693384	0.0035907593	-0.0211298774	-0.0498781998	0.001499211	-0.1109044716	-0.025623151	0.0382561624	0.0428256775	0.0536398321	0.0527774377	0.0592079218	-0.0007371471	0.0414426166	-0.0480726972	-0.0466075738	-0.0410808531	-0.1358706247	-8.23961e-05	-0.0305902993	-0.0152455059	0.0387319786	0.1113322372	0.0180740051	0.0172665953	-0.080258169	-0.0701975533	-0.0001137818	-0.0554684665	-0.0127371485	-0.0099167069	0.0772413931	-0.0896181183	0.0349804854	0.0004701738	0.0454386138	-0.1012150001	-0.0099193174	-0.0037188494	-0.0368133709	0.0634493466	0.0304540877	-0.0464127683	-0.0420727092	-0.0945699656	0.0475905521	-0.0803341487	-0.016779053	0.0747397197	0.0152434593	-0.0214298957	0.0325808977	-0.0155531962	0.0251397179	-0.0494117101	0.047156573	-0.0129166641	-0.0206978973	-0.0886614543	-0.019447984	0.0151336261	-0.0107380371	-0.0946046253	-0.0723566431	-0.0013423281	0.0531654661	-0.0128327852	-0.0397106225	-0.0016930683	0.0462547273	-0.0363791849	-0.057211672	-0.0268167322	-0.0722133628	0.0323024853	0.0247910908	-0.0022361767	0.0658046293	0.0035839144	-0.060637674	-0.0910056853	-0.0705658771	-0.0107296473	0.0078874786746752	-0.0152823898779246	0.0002335514403808	6.221231984345603e-05	0.0347583302933571	0.0130226500693169	0.0012081415247821	0.0001695894148278	0.002094770910574	0.0138873205970425	0.000192857673365	4.388065167787025e-06	0.0029394315778961	0.0008844069352242	8.640258001132757e-06	7.821756270726624e-07	0.0003321621011473	0.0004432306652649	1.9645342263116585e-07	1.1033166143858917e-07	0.000450012581899	2.9898128942399988e-05	2.0251132386740418e-07	8.938981142563759e-10	0.0	0.0	0.0	0.0	0.0	0.0	0.0	0.0	0.0	0.0	0.0
4916.430868908424	1.3772081639936005	1.896702326970624	24171292.48875564	6421.810598613411	94.06533308218604	41239651.36446353	8848.286887862605	5620.477079671224	-4.953960774740153	31589762.60310957	24.541727357664055	5599.832387169666	4713.670875200259	1.194925	20.217836	0.1474462223742284	0.0713472099401816	-0.0618477499	-0.0576966436	-0.1222307283	-0.0933043512	-0.0309791786	-0.1131180958	-0.0293561024	-0.06424003	0.1073945075	0.0476951393	0.008955559	-0.0421335034	0.0434270678	0.0305131405	0.0148930335	-0.1135652105	-0.0012037062	-0.048583475	-0.0014694502	0.0071764923	-0.0090905106	-0.0811581044	-0.109821595	0.0042747442	-0.0833817694	-0.0573365901	0.0087582654	0.1462349024	0.0767539967	-0.0591581034	-0.0153254385	-0.0089295492	-0.0687329582	-0.0114652041	0.0449842187	0.0882030671	0.0339502957	0.0759194629	0.051172706	0.0440984507	-0.0816471812	0.0285788744	0.0094280508	-0.0676389039	0.0427565398	0.0027690456	0.0291168587	-0.0679521717	-0.0140976342	-0.0927114543	0.0004748681	-0.0701059581	0.002480735	0.1806478802	0.0575238979	0.0503828268	-0.0321432843	0.041667537	0.0505588496	-0.0476213105	-0.0013706858	-0.0049258702	-0.0072405179	0.071884696	0.0472491588	-0.038020255	0.0032898402	0.1124924104	-0.0316133202	-0.0691852645	-0.0356462584	-0.0379645879	0.0146447964	-0.014035375	0.0254126161	-0.0552745496	-0.0640234555	-0.0261808859	-0.1069840924	0.0348364378	0.0476591041	-0.0663048303	0.0649708138	0.0011949111	-0.0632699305	-0.0912558111	-0.0666271694	-0.0035839144	0.0097760547972427	0.0018885761225675	3.566719770732096e-06	9.5571247398692e-05	0.0225224200553952	-0.0122359102379619	0.0005072594051516	0.0001497174993514	0.030638147507723	0.028543376597149	0.0008147243475666	0.0009386960827049	0.0033959225088233	0.0004564909309271	1.1532289685932735e-05	2.0838397001878157e-07	-0.0003109280375446	-0.0006430901386919	4.135649264827672e-07	9.66762445313362e-08	-0.0005459735368129	-0.0009959861187119	2.98087102899987e-07	9.91988348666795e-07	0.0	0.0	0.0	0.0	0.0	0.0	0.0	0.0	0.0	0.0	0.0
4920.910346608235	4.4794776998114685	20.06572046310825	24215358.63935598	6277.202388536061	-144.6082100773492	39403269.82664283	20911.53442177476	5625.580213216146	5.103133544922457	31647152.73532902	26.041971977312844	5603.271044858544	4622.241528031093	1.243673	21.042639	0.1661724345336671	0.0813876881811095	-0.0489111028	-0.0738230691	0.0484973671	0.0504095857	0.11614117	0.0057880694	-0.0371205848	-0.0138703953	-0.0065557642	-0.0873563306	-0.0530074032	-0.0123287277	0.0242012422	-0.002522925	-0.0433538121	0.0252146483	0.0507527851	-0.0987442912	0.0068727975	-0.0519012349	0.050046278	0.0717495666	-0.0379085331	-0.0833000136	0.0698951899	-0.0999678609	0.0431360105	-0.0310215264	0.000368251	0.0600409179	-0.0114213227	0.0355465485	-0.0920046413	-0.0170106253	0.0713472482	0.0327733587	-0.0250559792	-0.0996676407	-0.0062993702	0.017807184	0.0350028792	-0.0412459876	-0.0586190505	-0.0017258033	0.0905423313	0.0177347094	0.0205990777	0.0075849124	0.1045442762	0.0432030946	0.1238087203	0.0370169518	0.0265059226	0.0918718776	-0.0536007812	-0.0896060746	-0.0345451686	-0.0015069522	0.0023961441	-0.014118113	-0.023417289	0.0327729073	0.038527127	-0.0217620261	-0.1006930097	-0.1297100971	-0.1071811345	-0.0452059921	-0.0465713865	-0.0304198143	0.0586156913	0.0279619325	-0.0395088754	-0.1039326707	0.0203732104	-0.0601700634	0.016944807	-0.0265170189	-0.0538436549	-0.0162059209	0.0662138415	-0.0340295867	0.064125866	-0.0011949111	-0.0658046293	-0.0912558111	-0.062403154	0.0035839144	0.0258479930768658	0.0160719382796231	0.000258307200064	0.0006681187461017	0.0217340690415142	-0.000788351013881	0.0004723697571013	6.214973210872009e-07	0.00596221242197	-0.0246759350857529	0.0006089017723562	3.554797696469338e-05	0.0023738597422826	-0.0010220627665407	5.635210076030012e-06	1.0446122987488297e-06	0.0007283407560743	0.0010392687936189	1.080079625390084e-06	5.30480256958883e-07	-0.0009773661797415	-0.0004313926429286	9.552446493024942e-07	1.8609961237292267e-07	0.0	0.0	0.0	0.0	0.0	0.0	0.0	0.0	0.0	0.0	0.0
4930.781318308982	9.87097170074685	97.43608231694516	24312604.408984862	6397.699139525559	120.49675098949774	40930554.27988608	14519.466999025024	5636.861146647136	11.280933430989537	31774203.58658006	127.25945907441732	5618.283252523103	4702.739195281384	1.18188	19.99712	0.1991356936228828	0.1003783524118674	-0.0297595731	-0.0125652554	-0.0330916167	-0.0648257732	-0.0065449258	-0.0736486836	0.0747201858	0.134858728	-0.00133666	0.0862487253	0.0444320018	0.0205140242	-0.0257881976	-0.0265360201	-0.1384776236	-0.0431161474	-0.0103822366	-0.0226457377	0.0746673054	-0.038734673	0.0903859107	0.0252287482	-0.0367151321	-0.0759515146	0.0537055036	-0.1634996908	-0.0327303312	0.0679545418	-0.066587667	-0.0100391205	0.0255171316	-0.0126593901	0.0787683902	-0.2016243467	0.1312181344	-0.0184918968	0.0330571612	0.0673724376	-0.0647202131	-0.0065817225	-0.0217507067	0.1028709794	-0.0619317965	0.0860320338	0.0362480284	0.0071713321	0.0763591457	0.0112929561	0.1431749449	0.0327667019	0.0935726371	0.0350349104	-0.0412744483	0.1044262171	0.0859767683	-0.0224016983	0.1046639247	-0.0122152173	-0.0739542732	-0.0662371764	0.1116063609	-0.0442954887	0.1474642456	0.0977921803	-0.0642095324	-0.0577821597	-0.0247914102	0.086355843	-0.0833959104	-0.0450870789	0.0111339912	0.0298729166	-0.0935163919	0.0044752005	-0.0950262854	0.0212983689	-0.0708886881	-0.0066807253	0.1144026698	-0.0122073802	0.0904807293	0.0848288722	0.0632699305	-0.0035839144	-0.0682378621	-0.0910056853	-0.0579119187	0.0107296473	0.0423799234132502	0.0165319303363843	0.000273304720647	0.0017960579085129	0.0218843289681842	0.00015025992667	0.0004789238543877	2.2578045562874063e-08	-0.0476026469642434	-0.0535648593862134	0.0028691941610648	0.0022660119980023	0.0030261308533724	0.0006522711110898	9.157467941732367e-06	4.2545760236232214e-07	0.002045107745505	0.0013167669894307	1.7338753044543896e-06	4.182465690724544e-06	-0.0015861009586933	-0.0006087347789518	2.5157162511678058e-06	3.705580311054969e-07	0.0	0.0	0.0	0.0	0.0	0.0	0.0	0.0	0.0	0.0	0.0
4939.824191377226	9.042873068244262	81.77355332837739	24401863.041715667	6357.554058959153	-40.14508056640625	40418493.612588	1611.6274936832488	5635.820885009765	-1.0402616373703495	31762477.04791225	1.0821442741844405	5618.224513428684	4678.36997537052	1.184816	20.046797	0.2414278349230504	0.1225853853509472	-0.0384436957	-0.0316823338	0.0899123706	0.0332010574	0.0807859575	0.0904214433	0.0159131097	0.0004299364	-0.0117994844	-0.0827469482	0.0255688585	0.0715628763	-0.0571425899	0.0090652564	0.0034183416	0.0880850847	0.0840155138	0.0646815414	0.0425240921	0.0345261584	-0.0276160519	-0.0882417265	-0.0123661097	-0.0135894326	0.0802894652	-0.0584015388	-0.0744844795	0.0665723885	0.0234767576	0.02686684	-0.0281278671	0.079379023	0.0029810598	0.0756092944	0.0957464355	0.0010190907	-0.0789338791	-0.0432409144	-0.0648976057	-0.0849192086	0.0574077668	-0.0609769927	-0.0407794118	0.0337526703	-0.0295752358	-0.0203429489	0.0714104147	-0.0302967352	-0.0162720318	0.0216600352	-0.0409148741	0.0524960966	-0.0072773749	0.0421717095	0.1393259687	-0.0752406352	0.0445844996	0.057702233	0.0098541884	-0.0373371167	0.0141072356	-0.0192091192	-0.0307242262	-0.0426207073	-0.1141943117	-0.008010995	0.0223590757	-0.0504587637	-0.0610857375	-0.0486695398	0.0495107159	0.0281487141	-0.0158512656	0.0286393963	-0.0230480865	-0.0466159134	0.021168395	0.0368869665	0.0679688105	0.0244745662	0.0550178566	-0.0256022547	0.062403154	-0.0059704615	-0.0705658771	-0.0905061192	-0.0531726956	0.0178092284	0.0263132665216403	-0.0160666568916099	0.0002581374636727	0.0006923879950388	0.0302724499511128	0.0083881209829285	0.0009164212260426	7.036057362424704e-05	-0.0091642895157164	0.038438357448527	0.0014775073233407	8.398420232786952e-05	0.0025280352680141	-0.0004980955853582	6.390962316323123e-06	2.480992121534272e-07	0.0003227021664466	-0.0017224055790584	2.9666809787715027e-06	1.0413668822932915e-07	-0.0002359081311103	0.001350192827583	5.5652646323954496e-08	1.8230206716565768e-06	0.0	0.0	0.0	0.0	0.0	0.0	0.0	0.0	0.0	0.0	0.0
4965.891341023219	26.06714964599269	679.4962906665766	24660076.810849383	6487.167301001138	129.61324204198536	42083339.5911784	16799.59251263428	5646.167657470704	10.346772460939064	31879209.216268223	107.05570035844704	5636.445022127817	4780.237610661126	1.139089	19.273108	0.0896547087882369	0.0442499426836723	0.0189445212	0.0800729626	-0.0565127364	0.0577616899	-0.0804411979	0.0417165456	0.0209404704	0.1091371448	-0.0735395539	0.1117469671	0.0120149163	0.0734515961	0.0327694627	0.0151599614	0.0037408389	0.0258239884	0.023490927	0.0835913454	-0.0294661	0.0098769875	0.0016130419	-0.075348772	0.0053268566	0.0236255937	0.197220289	-0.0486970938	-0.0374214578	-0.1520138459	0.0348469617	-0.0412368942	0.034843453	0.0798871157	0.0453516819	-0.0120036263	0.0931445703	-0.1013883179	0.0657560772	0.0611680693	0.0291977686	-0.0464216711	0.0525235731	0.0088616136	0.0180424182	0.0357206948	-0.0460136438	-0.065216201	0.0076563594	-0.0214329366	0.0049968841	-0.0420851118	-0.0278032858	0.1696045143	-0.0885956138	-0.0581579562	0.0629198648	-0.0970493405	0.0082604231	0.0315637612	0.0027162057	0.0433295914	-0.0297354531	-0.0360965553	0.090260154	-0.0248780436	0.0577991248	-0.0571200917	-0.0163081664	0.0345827235	0.0017069735	-0.0171007304	-0.0040941629	0.0619647051	0.0502641039	0.0493381322	-0.0028843619	-0.1043846105	0.0798646037	-0.017967424	0.0892005757	0.0119372447	-0.0284460845	-0.0258915795	0.0615256851	-0.0083529168	-0.0727850846	-0.0897584821	-0.0482057789	0.0247790096	0.0203763215811534	-0.0059369449404869	3.5247315226373e-05	0.0004151944811785	0.0168503921712499	-0.0134220577798629	0.0002839357163249	0.0001801516350459	-0.0428952665385935	-0.0337309770228771	0.0011377788109178	0.0018400038914169	0.0021140989699872	-0.0004139362980269	4.46941445490094e-06	1.7134325882421476e-07	0.0004230212835447	0.0001003191170981	1.0063925255342305e-08	1.789470063318055e-07	-0.0004529472968855	-0.0002170391657752	2.051612537558813e-07	4.710599948039474e-08	0.0	0.0	0.0	0.0	0.0	0.0	0.0	0.0	0.0	0.0	0.0
4955.986232360163	-9.905108663056126	98.11117762694953	24561799.535343483	6419.450289492575	-67.71701150856279	41209342.01926631	4585.593647650826	5639.83494140625	-6.332716064453962	31807738.16630685	40.10329275299328	5627.136698484112	4768.691554848665	1.018709	17.236296	0.0927363469839292	0.0511837410533258	-0.0012761337	0.0609390059	0.0955475045	0.0211554254	0.006289826	0.1142254283	0.0465852293	-0.032780211	0.0256997825	-0.0465754633	0.0827766795	0.0755802156	-0.0095906925	0.0171597958	0.0658579927	0.0553882063	0.0478476017	0.0282236337	0.0233815141	0.0021077204	-0.0042354014	0.0414576035	-0.0030715307	-0.0195386872	0.0758027607	0.0703171647	0.0675575819	0.0691508299	0.0630659827	-0.0471198947	-0.0568017671	0.0487891699	-0.0181874825	-0.0081988244	0.0427499373	-0.0006963039	-0.0990745748	0.0418478043	-0.0266825201	-0.0814131544	0.0558381542	-0.0549032852	0.0039456518	-0.0292290711	-0.0433876551	0.0101502878	0.0353432648	0.0225419155	-0.0032805312	0.027739216	-0.0166084816	-0.046195146	-0.0787777498	-0.0056774913	-0.0139744982	-0.0128198558	-0.0458194062	-0.0202942642	-0.0272460719	0.0024948043	-0.0099131638	-0.0330765329	-0.0373355056	0.0141517996	-0.098627195	-0.020661217	0.0952244852	-0.0277789454	-0.0085954454	-0.0049040548	0.0247847029	0.0297134369	-0.0920145579	-0.0138724402	0.0747870244	-0.0467961536	-0.0174580324	-0.052455796	0.0763161239	0.0353363126	0.003472311	0.0485543517	0.060637674	-0.0107296473	-0.0748920628	-0.0887648233	-0.0430324377	0.0315960199	0.0154612052242981	-0.0049151163568552	2.415836880142651e-05	0.0002390488669878	0.0216809357938956	0.0048305436226457	0.000470062976899	2.3334151690283063e-05	-0.0822943812969967	-0.0393991147584032	0.0015522902437458	0.0067723651930554	0.0026050718348556	0.0004909728648684	6.786399264757922e-06	2.4105435403708424e-07	0.0005851955309152	0.0001621742473704	2.6300486510188117e-08	3.424538094031228e-07	-0.0002342629642039	0.0002186843326816	5.487913639759774e-08	4.782283736039671e-08	0.0	0.0	0.0	0.0	0.0	0.0	0.0	0.0	0.0	0.0	0.0
4952.548808536614	-3.43742382354867	11.815882542699958	24527739.700937435	6509.5369767953225	90.08668730274712	42374071.65226559	8115.6112291829395	5638.86019165039	-0.9747497558601026	31796744.26097948	0.9501370865493296	5630.484491212204	4801.835199493209	1.036849	17.543228	0.0304564095520705	0.0232264952247111	0.008059057	0.0760681539	-0.0859284788	0.0166715059	-0.1137731417	0.0076273122	-0.03280989	0.0383139007	-0.0765732138	0.0414224239	-0.0562740132	0.0472817044	0.0082093635	0.010373767	-0.0197450227	-0.0296794793	-0.0290756955	0.043312668	0.0288667417	0.0218728743	0.0086847598	-0.0370285727	-0.0647167185	0.0276575894	0.0490547389	0.0090470271	-0.0687126218	0.0167293804	-0.046695045	0.0499640035	-0.0685053977	0.0242223491	0.0781718597	0.0186746566	-0.0190255026	-0.0792559293	0.0611606431	-0.0204713367	0.0653974505	-0.0405206409	-0.0200208471	0.0347421406	0.0560079742	0.0133906248	0.0089554853	-0.0424920496	0.0099586788	-0.0373160849	-0.0340428789	-0.0581763155	-0.0032802028	-0.0457646871	-0.0185404428	-0.0280148527	0.0033579037	-0.0706792156	0.1212215417	0.058335187	-0.0322059307	-0.0096020734	0.0352995414	-0.0430857968	0.0662730594	-0.0857064081	0.0473535213	-0.0027506339	-0.0045771699	0.0295292778	-0.0189313254	-0.0453722956	0.0361401075	0.0458664832	-0.0094031852	0.0881887533	-0.0216976044	-0.0515710312	0.0343972889	-0.0676026314	0.0989591208	0.0714120656	0.0214914925	0.0209730223	0.059739273	-0.0130990243	-0.0768835629	-0.0875278662	-0.037674825	0.0382182304	0.0200478689018552	0.0045866636775571	2.103748369102164e-05	0.0004019170475059	0.0217016920945525	2.075630065689893e-05	0.0004709634397667	4.3082401695958287e-10	-0.0822907150121352	3.666284861508773e-06	1.34416446857284e-11	0.0067717617772084	0.0025541993797192	-5.087245513639991e-05	6.5239344713579465e-06	2.588006691605021e-09	0.0005691263854585	-1.6069145456700028e-05	2.5821743570858314e-10	3.239048426250571e-07	-0.0006842278293907	-0.0004499648651868	4.681677225127089e-07	2.0246837990257518e-07	0.0	0.0	0.0	0.0	0.0	0.0	0.0	0.0	0.0	0.0	0.0
4951.155828527118	-1.3929800094965683	1.94039330685706	24513944.038358048	6419.375730400843	-90.16124639447936	41208384.76805936	8129.050351406016	5629.308376057943	-9.551815592447385	31689112.792756114	91.23718111212096	5612.714706321944	4777.126382565966	0.999822	16.916742	0.0692143234684447	0.0315446905200153	-0.0197010586	0.0370109309	0.0637435393	-0.0204021667	0.0030133657	0.0612716246	0.0491210537	-0.0539650097	0.0873582079	0.0157297392	0.0490406057	0.0373921289	-0.0053049955	-0.0212956307	-0.0834608179	0.0171422825	0.0361099818	0.0005442514	0.0167113682	0.002700765	-0.0872160611	0.0487287622	-0.0622644143	0.0323879984	-0.0311749508	0.0458440873	-0.0636261559	0.0314511209	-0.1292776073	-0.0616025246	-0.0190221899	-0.0260408557	-0.0871483527	-0.0155914095	0.0575397986	0.0604414109	-0.0341986672	0.0754053452	-0.0152343479	-0.049252657	0.0047432037	0.0205107326	-0.0638874887	0.0534724668	0.0224024755	0.0347413936	0.0126988401	0.0177195632	-0.1035936182	-0.0247430285	0.0371656568	-0.0818353996	0.0068371391	-0.0348648614	-0.0098837819	0.0503519437	0.0627390394	0.0486611438	-0.0105615436	0.0289584019	-0.0627068317	-0.0121165812	-0.0252178157	0.069230821	-0.0321361797	-0.0399936278	0.0798244204	-0.011517702	-0.0949380218	0.0212442373	-0.0007927695	0.036424864	-0.0023800248	0.0275391369	0.0228469563	-0.0624996652	-0.0054765693	-0.0735705924	0.0390048049	0.0610780922	0.0323684524	-0.0313747535	0.058830636	-0.0154594239	-0.0787565141	-0.0860510014	-0.0321558829	0.0446048127	0.0037966004705083	-0.0162512684313469	0.0002641037256276	1.4414175132663843e-05	0.0117583815846273	-0.0099433105099252	0.0001382595374897	9.886942389678892e-05	-0.0774403615153076	0.0048503534968275	2.352592904418768e-05	0.0059970095916215	0.0024431098834431	-0.0001110894962761	5.968785902577358e-06	1.2340876182877649e-08	0.0008021776417563	0.0002330512562978	5.431288806198286e-08	6.434889689336987e-07	-0.0002649807613577	0.000419247068033	7.021480388970636e-08	1.75768104054267e-07	0.0	0.0	0.0	0.0	0.0	0.0	0.0	0.0	0.0	0.0	0.0
4953.543496942558	2.387668415440203	5.700960462090729	24537593.176101904	6441.416711264099	22.040980863255754	41491849.2481524	485.8048374144064	5629.897959798177	0.5895837402340476	31695751.037739675	0.3476089867483689	5616.942008526873	4764.299482308182	1.01107	17.107056	0.0428663871041415	0.0193355140989288	0.0026020683	0.0569373038	-0.0588854216	0.0405715636	-0.0309125875	0.0015618714	0.0145368493	0.1566146117	-0.0368457877	-0.035195834	-0.080787177	0.025115877	-0.0141058877	0.018946739	-0.0483204151	-0.0135684363	0.0443930072	0.045495997	-0.0341784645	0.1377142249	0.0056714826	-0.0267081522	-0.0509963828	-0.0607266315	-0.1040851483	-0.0550206039	-0.0818986095	0.1092674046	0.0242769672	-0.1563613149	-0.0071636962	-0.1140211648	0.0669154095	0.0409796758	-0.0471646612	-0.0262703532	0.0122974204	-0.0825885591	0.0243148954	-0.0336559762	-0.0281674123	0.0074712611	-0.0214144856	0.0332528074	-0.0119484584	-0.138723588	0.0225840956	0.0671013705	-0.0122660968	-0.0378045561	0.0431181477	-0.0122491186	0.0125987579	0.1046721424	0.0472386443	0.1250036581	0.0491426931	0.0307745295	-0.0215645275	-0.0104111695	0.0251309738	-0.0289642647	0.0454267049	-0.118000799	-0.0114693633	-0.0145800731	0.0097179616	0.0621664481	0.0299145495	-0.0375063117	0.0510035487	0.0413343257	-0.047423293	0.0028533871	0.0330086278	-0.0618885109	-0.0182989106	-0.0573489763	0.120245468	0.0505197191	0.0036736312	0.0230008605	0.0579119187	-0.0178092284	-0.0805080284	-0.0843382767	-0.0264992443	0.0507163915	0.0100522176388011	0.0062556171682928	3.913274615623962e-05	0.0001010470794578	0.0216609041827666	0.0099025225981392	0.0004691947700149	9.805995380665949e-05	-0.0825385640174971	-0.0050982025021894	2.599166875333122e-05	0.0068126145500704	0.0023820385824539	-6.107130098919993e-05	5.6741078082989865e-06	3.7297038045134515e-09	0.000569850230397	-0.0002323274113592	5.397602606891338e-08	3.24729285083514e-07	-0.0001261785769958	0.0001388021843618	1.592103329268503e-08	1.926604638363487e-08	0.0	0.0	0.0	0.0	0.0	0.0	0.0	0.0	0.0	0.0	0.0
4956.383971974226	2.840475031668575	8.068298405532591	24565742.077643007	6409.829831154931	-31.586880109168305	41085918.46436365	997.7309950309724	5635.249834391276	5.351874593098728	31756040.6960069	28.642561660255677	5621.49761622487	4776.471245958915	1.015476	17.181608	0.0336697001373537	0.0202945091568247	-0.0180495388	0.0431965482	0.091183906	-0.0010388528	0.0214088533	0.1001048573	0.0453500907	-0.0066004883	0.0373937561	0.0823391763	0.0296024599	0.057918982	-0.0515282005	-0.050053485	-0.027408332	0.0622667791	0.0493786692	-0.0016996752	0.0381725362	0.0050997956	-0.0839992229	-0.0230253257	-0.0435264348	-0.0608114094	-0.0093048619	0.0036177607	-0.008609843	0.0992021412	0.1314322897	0.0043424611	0.0928902967	0.0250943931	-0.0148542576	0.0208858759	-0.0864041714	0.0087088842	0.0261944079	0.0740388134	-0.0703793317	-0.0795380451	0.0593916219	0.0063007909	-0.0232146552	0.044768769	0.0032004648	0.0228154848	0.048856442	-0.0122468494	-0.1145734486	0.0110865009	0.0274694028	-0.0455098149	0.0021342039	0.0524511846	0.0997439611	0.0309432621	-0.0859298319	0.0334684343	-0.0418112288	0.0022556278	-0.0247578701	-0.0506801366	-0.0157453051	0.0443021499	0.0117400177	-0.039616912	0.0895704219	-0.0512654218	-0.1102863258	0.0364487978	-0.0011826061	0.0751440995	-0.0227457979	0.0637013775	-0.0218455188	-0.0333455215	0.0455199799	-0.0337667227	0.037035867	0.0301270432	-0.0032000218	-0.0060615135	0.0569832784	-0.0201468273	-0.0821354052	-0.0823943867	-0.0207291319	0.0565152869	0.0100673008847564	1.5083245955300334e-05	2.2750430854808387e-10	0.0001013505471042	0.0216481386575111	-1.2765525255500204e-05	0.0004686419073348	1.6295863504881355e-10	-0.0970870187281462	-0.014548454710649	0.0002116575344678	0.0094258892055194	0.0026130248428747	0.0002309862604207	6.827898829480351e-06	5.3354652503185546e-08	0.0006599154609689	9.006523057189996e-05	8.111745757969504e-09	4.354884156257957e-07	-6.536213487862196e-05	6.081644211717804e-05	4.272208675891169e-09	3.698639631792067e-09	0.0	0.0	0.0	0.0	0.0	0.0	0.0	0.0	0.0	0.0	0.0
4954.434252650661	-1.94971932356566	3.801405440685333	24546418.763838112	6519.018028410855	109.18819725592402	42497596.05474575	11922.062419998574	5631.545181477864	-3.704652913411337	31714301.13102655	13.724453208847107	5620.473217361787	4834.729958428277	0.997752	16.881714	0.0439288189899572	0.0219030011187269	-0.0090871891	0.0869978914	-0.0620541858	-0.0845890232	-0.1036883553	-0.0338200207	0.0393363058	-0.0170452379	-0.0107538126	-0.1030292625	-0.029223841	0.0465716802	0.0080483125	0.0348420539	-0.0485973757	-0.0666035517	-0.0199781841	0.023531858	0.0875514502	0.0906682103	0.0317286903	-0.0935504848	-0.0027640631	0.0266988134	0.0606650078	-0.0179760829	0.0806520559	-0.0245464487	0.0391599401	0.0717494042	0.174417319	0.1291641195	-0.0119282078	0.149676934	-0.0141777158	0.0008815922	-0.0779240077	-0.0653170434	0.0869049388	-0.0359283837	-0.0724067853	0.0606291144	0.0380248514	0.0250160797	0.0218621291	-0.0555491092	0.0766505696	-0.0364838666	-0.0404509956	-0.0479660349	-0.0998558063	-0.0071975965	-0.0217655165	0.050767699	-0.0109557377	-0.0588852309	-0.0792695529	0.0562179144	-0.0416936016	0.0013305604	-0.0623288133	-0.0017500509	-0.0164218293	-0.0713051634	-0.0477416003	-0.0053171984	-0.0174779466	0.1221937504	-0.0183424915	-0.0414753952	0.0042358648	0.0414588445	0.0115618153	0.0531839362	-0.0286057832	-0.0392299259	-0.024835215	0.0161577041	0.0146264297	0.0983245632	0.0697988296	-0.0310597235	0.0560448744	-0.0224706185	-0.0836361352	-0.0802246594	-0.0148702542	0.0619657467	0.0140492020237701	0.0039819011390137	1.585553668087861e-05	0.0001973800775047	0.0217558327475018	0.0001076940899907	0.0004733162585372	1.1598017018925172e-08	-0.1116227267265301	-0.0145357079983839	0.0002112868070142	0.0124596331218656	0.0028310961486397	0.0002180713057649	8.015105402842542e-06	4.75550943980521e-08	0.0007801713649362	0.0001202559039673	1.4461482438992504e-08	6.086673586664134e-07	-0.0002331052403977	-0.000167743105519	5.433805310086952e-08	2.8137749449184556e-08	0.0	0.0	0.0	0.0	0.0	0.0	0.0	0.0	0.0	0.0	0.0
4947.516592104751	-6.917660545909712	47.85402742843585	24477920.42915181	6419.37801012456	-99.64001828629443	41208414.03687076	9928.13324409309	5636.597177327474	5.051995849609739	31771227.73945605	25.522662064474027	5620.668413966237	4767.112806731579	1.020125	17.260262	0.1106612607177587	0.0729316837785587	-0.0312050153	0.0311264095	0.0314105952	0.0700572612	0.0147459706	0.0707760298	-0.0330358155	-0.0541979669	-0.0048089162	0.0974756216	-0.0348134155	0.0418463878	-0.0224741099	0.0129320639	0.0381091972	0.0882635452	0.0345477245	-0.0137578781	0.0446240588	0.0547077597	-0.004353441	0.0025805702	0.0411362228	-0.0480564559	0.0605750028	0.0070200336	0.0501545407	-0.0589007427	0.0554685365	0.1017858499	-0.039384823	0.0389458028	0.0518506775	-0.0030093022	-0.0522214958	-0.0076519172	0.0911933584	0.0385298875	0.0020765132	-0.0529738425	0.0515818823	-0.055783737	0.0467434153	0.0016255241	0.0271528327	-0.0188865986	0.0433789315	0.0199467676	-0.0341007353	0.0765825439	-0.0458030443	-0.0154495701	-0.0079413994	0.0716020013	-0.1087100898	-0.1242515158	-0.0374078388	0.0254833076	0.0127549849	-0.0150576448	0.0134128598	-0.0416876817	0.0296020458	-0.0051879362	0.0462539344	-0.0827930237	0.0554723025	-0.06490311	-0.0306303081	0.0145915762	0.038634219	0.0636329354	-0.0167406249	-0.0086035087	-0.0078670118	-0.0555531013	-0.0432170615	0.0420448706	-0.0350698196	-0.011385324	0.0897267808	0.0633538983	0.0550968674	-0.0247790096	-0.0850079043	-0.0778350419	-0.0089476998	0.0670341672	-0.0005182480030185	-0.0145674500267886	0.0002122106002829	2.685809926326632e-07	0.021865146333738	0.0001093135862362	0.0004780846241957	1.1949460135819509e-08	-0.0434226273648263	0.0682000993617038	0.0046512535529462	0.0018855245672645	0.0028310006622463	-9.548639339981847e-08	8.01456474963899e-06	9.117651324504894e-15	0.0004705188152989	-0.0003096525496373	9.588470149688057e-08	2.213879555502804e-07	1.2834678432202972e-05	0.0002459399188299	1.6472897045805615e-10	6.048644367405927e-08	0.0	0.0	0.0	0.0	0.0	0.0	0.0	0.0	0.0	0.0	0.0
4946.871072070943	-0.6455200338077702	0.4166961140471848	24471533.403692324	6442.245821314932	22.867811190371867	41502531.2222497	522.9367886384968	5628.028444010417	-8.568733317057195	31674704.166590314	73.423190658846	5614.459563219439	4784.733525943133	0.982196	16.618517	0.0697953373544203	0.0354396218432943	-0.0332160103	0.0314489132	-0.0113071997	-0.0723372879	-0.0164315364	-0.0237947305	0.1057417797	0.0576477631	0.0450438124	-0.0751749044	0.0009664987	0.0396476636	-0.0456767024	0.0147464851	-0.1036199817	-0.0788096382	0.0541107007	0.0674076033	-0.0398737499	0.013444451	0.0146027734	-0.0307431449	0.0989701948	-0.0396104355	-0.07475547	-0.0487685184	0.0685064471	0.0238664458	-0.0917275946	-0.0054085992	-0.0415399891	-0.0528035339	0.0019346316	-0.0344303249	0.0291582906	0.0382264124	-0.0734838016	-0.018392001	0.0104975561	-0.0625905864	-0.0858426119	0.0547677399	-0.0812254214	0.002500571	-0.0266852091	-0.0857047131	0.0062013526	-0.0410156449	9.74079e-05	0.107668358	-0.0211815159	0.0097569033	0.0431740079	0.0698550192	-0.0472970073	0.0414602966	0.0579880968	-0.0764345277	0.0430473988	-0.036741826	0.0370459919	-0.0276202318	-0.0138887215	-0.01795227	-0.0898313391	0.0464981204	0.0618615453	0.1224071088	0.0182459339	-0.043798243	0.0028831466	0.0377634367	-0.0377474184	-0.0105348495	-0.017862792	-0.07609667	-0.0111152677	0.0860812373	-0.0239483776	0.0018519825	0.0700580742	0.0461553975	0.0541394198	-0.0270704183	-0.0862485974	-0.075232084	-0.00298683	0.0716892996	0.0139785462917529	0.0144967942947713	0.0002101570448249	0.0001953997564306	0.021954992273649	8.984593991099785e-05	0.0004820216857359	8.072292918490635e-09	-0.0235691017324199	0.0198535256324064	0.0003941624800366	0.0005555025564731	0.0026800052920793	-0.000150995370167	7.182428365573055e-06	2.2799601811869365e-08	5.832434636077189e-05	-0.0004121944689381	1.699042802231855e-07	3.401729378411285e-09	-0.0001310789122093	-0.0001439135906415	1.7181681225973377e-08	2.0711121571330094e-08	0.0	0.0	0.0	0.0	0.0	0.0	0.0	0.0	0.0	0.0	0.0
4955.332300389571	8.461228318627946	71.59238465995149	24555318.2072842	6413.015704224441	-29.23011709049115	41126770.4226293	854.3997451238228	5637.203241373698	9.17479736328096	31778060.384554125	84.17690665726724	5627.221472595453	4767.475009494357	1.057519	17.892962	0.1013369394079201	0.0520020544132364	-0.0255306398	0.0247271801	0.0777604373	0.0644684148	0.0409457333	0.1098973769	0.008620813	0.013797017	-0.0216032605	0.0434696427	-0.0720107483	0.0428576514	-0.0172227341	-0.0151335358	-0.0505065679	0.1355387107	0.0558066418	0.0694424946	-0.0262684628	0.0212910578	-0.0388927726	-0.0156409661	0.0370452374	-0.0345563114	0.0658717882	0.0939903196	-0.0023130047	-0.0130067922	0.012686435	0.0012887788	0.0476871142	0.0336863164	0.0927093546	-0.0263150342	0.0216911349	-0.0135465453	0.0630417172	-0.0306008623	-0.0362976704	-0.0665633516	0.0889712477	-0.0556668852	-0.0531039198	0.1102645255	-0.0192077043	-0.0336593431	-0.0023843298	-0.0184043682	-0.0819793964	0.0639029409	-0.0140125005	0.0381092033	-0.0194902445	-0.0783968471	0.0792787249	-0.04801788	-0.0652951343	-0.0559324261	0.0113615651	0.008309952	-0.0005591328	-0.0305923448	0.0268643828	-0.0667341172	0.0213506896	-0.0299210565	0.017349427	-0.0806739616	-0.0894316817	0.0201298142	0.0261902682	0.0899518055	0.0439939183	0.0489873954	-0.0487163521	-0.0667441516	0.0721125798	0.0585951489	0.030905873	0.0039300111	0.0410852129	-0.0207527036	0.0531726956	-0.0293432743	-0.0873563013	-0.0724229201	0.00298683	0.0759024438	0.0154008417816697	0.0014222954899168	2.022924460637671e-06	0.000237185927584	0.0214317416128295	-0.0005232506608194	0.000459319548559	2.737912540480426e-07	-0.0542239227710723	-0.0306548210386523	0.0009397180529118	0.0029402338006832	0.0021469629325939	-0.0005330423594853	4.6094498339322e-06	2.8413415700576224e-07	0.0006481304461352	0.0005898060997744	3.478712353311227e-07	4.2007307520741334e-07	0.0001208040729015	0.0002518829851108	1.4593624029590926e-08	6.34450381883275e-08	0.0	0.0	0.0	0.0	0.0	0.0	0.0	0.0	0.0	0.0	0.0
4973.546814090636	18.21451370106479	331.76850936627693	24736167.911951117	6548.998046066587	135.98234184214652	42889375.40738398	18491.197292874396	5637.773794352213	0.5705529785154795	31784493.35628455	0.3255307012928852	5630.122536427934	4848.274960486718	1.030422	17.43449	0.085055375489116	0.0455737772169874	0.0057204977	0.0991578915	-0.0612028622	0.0256653127	-0.1140133939	0.0181549255	0.0610154973	0.0707643907	0.0664791481	-0.0154901016	0.058577309	0.0834268661	0.0121468437	0.0111214299	-0.0374371119	0.0028859181	0.0625843339	0.0719840495	-0.0346266081	0.0814526896	0.0359165278	-0.0937493807	-0.0007234774	-0.0164875597	-0.0362999501	0.0256299158	-0.0231529896	0.0151517299	0.0136327689	0.0051758724	-0.0540340832	-0.035029485	0.0164067264	-0.0098941283	-0.0032959366	0.0236392357	-0.0755642445	0.0789321331	0.0321328534	-0.0661511421	0.0070587556	0.0121955468	-0.0102928645	0.0311994976	-0.0053154397	-0.1485861278	0.0222253896	-0.0200388163	-0.0314532569	-0.0029589963	-0.0076171105	0.0254247782	0.0144142127	-0.0234096292	0.0624959029	-0.0086660527	0.0274478691	-0.0527185725	0.0314750153	0.0482946535	-0.0893700651	-0.0213942172	0.0250777345	0.0232696544	-0.0112831805	-0.0319894776	0.0805071907	0.1006560521	0.0619940827	-0.0371082831	-0.0067594591	0.0411807858	0.0426597959	0.0245972598	-0.0369776193	-0.1215099564	0.0597119651	0.0387216109	0.0628833639	0.0508383489	-0.0059043405	0.0272186803	0.0521968607	-0.0315960199	-0.0883293083	-0.06941525	0.0089476998	0.0796476241	0.0066251811250168	-0.0087756606566529	7.70122199607256e-05	4.389302493927887e-05	-0.0070607403926885	-0.028492482005518	4.985405489294296e-05	0.0008118215308347	-0.0542903663304983	-6.644355942600488e-05	4.414746589197042e-09	0.0029474438762997	0.0018619985040988	-0.0002849644284951	3.4670384292661686e-06	8.120472550753911e-08	5.903812099616879e-05	-0.000589092325139	3.4702976753771e-07	3.485499730758266e-09	4.044504118524842e-05	-8.035903171625158e-05	1.6358013564764407e-09	6.457573978373527e-09	0.0	0.0	0.0	0.0	0.0	0.0	0.0	0.0	0.0	0.0	0.0
4974.742644161087	1.1958300704509384	1.4300095573946965	24748064.37563484	6457.64613271549	-91.3519133510972	41701193.575375326	8345.172072906373	5643.533753662109	5.7599593098957484	31849473.228723537	33.17713125165471	5633.029783889632	4813.347381242739	1.049751	17.761532	0.1491541737166309	0.0804832676385762	-0.0142497962	0.083556392	0.1040864408	0.0532041369	0.0092393308	0.1323925127	0.0863172092	0.0125571422	-0.0630473663	-0.0247089896	-0.0619947707	0.1067508803	-0.0029795565	-0.0109205883	0.0052775368	0.054636049	0.0057100457	0.0975862245	0.022373129	-0.0167784417	-0.0648713671	0.0720359062	-0.0979004617	0.0574446671	-0.0016299408	0.0398263612	0.0124159442	-0.037333801	-0.0429782021	-0.0570202075	0.0409889773	0.0288051572	0.0009152971	0.0121771455	0.0787285289	-0.0525266276	0.0085618335	-0.0738522967	-0.0046914316	-0.1282203454	0.0879294534	-0.0115655567	-0.0406029806	0.042777107	-0.1073830804	0.0168048384	-0.0170155913	0.0263371766	-0.0321909689	-0.0839682373	-0.005881312	-0.0494211373	-0.0122493931	-0.0330511558	0.0383070565	0.05627753	-0.02779812	-0.0199510504	0.0016321348	-0.0085136459	0.0015995053	-0.0493260325	0.0289078365	-0.1290273821	-0.0311093051	0.0274511859	0.0500520927	-0.0487664883	-0.0398888718	0.0452836515	-0.0328653793	0.0783984048	-0.0077163051	-0.0197924407	-0.071315948	-0.1020071563	0.0662766378	-0.0559068818	0.1136029875	0.0214741645	0.0121884213	0.0326909162	0.051212082	-0.0338271112	-0.0891661178	-0.0662173176	0.0148702542	0.0829017503	0.0046737111617147	-0.001951469963302	3.8082350176702975e-06	2.1843576023136573e-05	0.0449726061697077	0.0520333465623962	0.0020225353056956	0.0027074691544824	-0.0783821923935192	-0.0240918260630209	0.0005804160830508	0.0061437680844146	0.0027350168868414	0.0008730183827426	7.480317371307623e-06	7.62161096606505e-07	0.0005119252690986	0.0004528871481024	2.051067689163535e-07	2.620674811416741e-07	-5.5200050527953824e-05	-9.564509171320224e-05	3.047045578288655e-09	9.147983568826868e-09	0.0	0.0	0.0	0.0	0.0	0.0	0.0	0.0	0.0	0.0	0.0
4974.981118494851	0.2384743337643158	0.0568700078643343	24750437.12938028	6553.115934460368	95.46980174487815	42943328.45047839	9114.483045206343	5642.050087890625	-1.483665771484084	31832729.19426661	2.201264121473462	5636.669856327517	4808.030340057572	1.122806	18.997597	0.0612915355849224	0.0325650226584301	0.0945018491	0.0866158555	-0.0651530671	0.0559661294	-0.1381376121	0.0583838682	-0.0436480692	0.0535771932	0.0250569682	0.0398443636	0.0872684118	0.0020687217	-0.004994475	-0.0366538868	-0.0006981873	0.0101209046	-0.0466792801	0.0745612418	-0.112768821	-0.0031034261	0.0009736483	-0.0754995613	-0.0338247509	-0.058389372	0.029435075	0.1013818111	-0.0499680744	0.015972492	-0.1261999659	-0.0423462108	0.0354257824	-0.0191602865	-0.0429490113	-0.0443377562	0.0037173905	-0.0256014421	-0.0274525209	0.1053822774	0.0019844604	0.0091938755	-0.0080403321	0.0238071408	0.0748710662	-0.00772234	-0.015414326	-0.1010184263	-0.1025057741	-0.0756192088	-0.1174886347	0.0317363646	0.0511896461	-0.0440024107	-0.0243353097	-0.0676642912	0.0098403376	0.0340550418	0.0267211951	0.03105636	-0.0227640983	0.0712003134	0.0028576529	-0.0427873839	0.0089521691	0.0361942024	0.0473231227	0.0013909109	0.0859904963	0.0303967602	0.0720089397	-0.006805493	0.0146399596	0.0344287237	-0.0063986543	0.0647942239	-0.081973407	0.0530744864	0.0927808098	-0.0469775725	0.1105468631	-0.0629306483	-0.0015039411	-0.0951513788	0.0502185284	-0.0360350191	-0.0898654396	-0.0628378881	0.0207291319	0.0856447597	0.0110644227575278	0.0063907115958131	4.084119470086001e-05	0.0001224214509572	0.038765006714982	-0.0062075994547256	0.0015027257456125	3.853429099031075e-05	-0.1076498185639209	-0.0292676261704016	0.0008565939416503	0.011588483436845	0.0025499929146133	-0.000185023972228	6.502463864578033e-06	3.4233870299064714e-08	0.0006390279401933	0.0001271026710946	1.6155088999407464e-08	4.083567083476918e-07	2.118527342888539e-05	7.638532395683921e-05	4.4881581025663724e-10	5.834717715991275e-09	0.0	0.0	0.0	0.0	0.0	0.0	0.0	0.0	0.0	0.0	0.0
4963.422272229501	-11.55884626535044	133.6069269860058	24635560.65246386	6483.6659355921465	-69.44999886822188	42037923.96435799	4823.302342796021	5641.772055664063	-0.2780322265616632	31829591.928071912	0.077301919006836	5631.842977679657	4796.252189386903	1.03636	17.534952	0.1088856526706663	0.0535626984757423	0.0375684885	0.049962238	0.0568807909	-0.0142226146	-0.0594896389	0.0623971826	0.0214643523	-0.1171385286	-0.0266493287	-0.0920791454	-0.0017124748	0.008126773	0.0225712163	0.0450374916	0.0525663212	0.0082946246	0.0124606488	-0.0058304354	-0.0123006355	0.0150616182	-0.0987825307	0.0299305485	-0.0122613852	0.012424369	-0.0516046185	0.0270257561	-0.0797279628	-0.0332202408	-0.0552191507	-0.1362711114	0.0621934832	0.0516102663	-0.0151602006	-0.0563371341	-0.0268799745	-0.0256039788	-0.0712339202	-0.0463255811	0.0787881131	-0.0235705595	-0.0089285533	-0.0643917969	-0.0186081976	-0.0285689446	-0.0385162024	0.0235651029	-0.032258929	0.0132123116	-0.123393391	-0.0192571108	-0.0530157707	-0.1007618157	-0.0075880314	0.0139783723	-0.0821123372	0.127773925	-0.0068754093	0.1533243823	0.0312458639	0.0611982935	-0.0375930975	-0.0013489142	-0.0316473346	-0.0811104179	-0.0644476192	0.0209859393	-0.0169002224	-0.0506955341	0.0170300627	0.075026471	-0.0305226453	0.0719315091	-0.0432535894	0.0228623204	0.0671722642	0.02826121	0.0470590344	0.0014737948	0.0598199803	-0.0188018012	-0.0367932095	-0.0386482784	0.0492163702	-0.0382182304	-0.0904261954	-0.0592862243	0.0264992443	0.0878597406	-0.0032098380829097	-0.0142742608404375	0.0002037545225408	1.0303060518497416e-05	0.0282393244443142	-0.0105256822706678	0.0007974594450712	0.000110789987263	-0.0647093768312956	0.0429404417326253	0.0018438815361929	0.0041873034498946	0.0023149046975936	-0.0002350882170197	5.358783758940917e-06	5.5266469781501576e-08	0.0004579960525745	-0.0001810318876187	3.277254433482582e-08	2.0976038417382417e-07	0.0004279705253291	0.0004067852519002	1.8315877055046585e-07	1.6547424116352105e-07	0.0	0.0	0.0	0.0	0.0	0.0	0.0	0.0	0.0	0.0	0.0
4949.079948043923	-14.342324185578036	205.70226304421664	24493392.33213044	6536.067781359944	52.40184576779757	42720182.04253151	2745.953439872044	5630.926453043619	-10.84560262044397	31707332.719586395	117.6270962005811	5623.821083237071	4788.17435031467	1.099897	18.609982	0.0776701902661419	0.0369706528600553	0.0201782951	0.0265266994	-0.1098793028	0.0121973042	-0.1020524133	-0.0493977413	-0.0153090111	-0.021818765	0.0623539744	0.0856027952	-0.0261604558	-0.0336984812	-0.0449417677	0.0036674373	-0.0199229023	-0.04090994	-0.0091360994	-0.0166841012	-0.0096092366	0.0014943021	-0.009544208	-0.0094081125	0.0564693983	-0.0240945576	-0.0208334505	0.1111125722	-0.0026744572	-0.0059742869	-0.0259861537	-0.035300443	-0.0632309698	0.0216872479	0.0307999204	0.0306864867	-0.1246433834	0.0229646278	0.0783493345	0.0683416929	0.0173783904	-0.0048438914	-0.0927504048	0.022447578	0.0328387301	-0.0163136742	0.0344234694	-0.0618140068	-0.0257169927	-0.0573970288	-0.0884587947	0.0482623011	-0.0535868349	-0.0997610653	-0.0102214804	-0.0669973098	-0.112560064	0.0454610642	-0.0046850267	0.076065015	0.027127605	-0.0056727872	0.0711981574	-0.0607725681	0.0472667555	0.032723208	0.0552363184	0.0090010845	0.0454083405	0.0489582151	0.053053373	-0.0067357722	0.0097656996	0.0457663079	-0.029048398	0.0584040695	-0.0176543313	0.0239123242	0.034095644	0.0061603441	0.0911015642	-0.0204239389	-0.0417672647	0.0221606691	0.0482057789	-0.0403752488	-0.0908475206	-0.0555720611	0.0321558829	0.089533037	0.0112176591924395	0.0144274972753492	0.0002081526776302	0.0001258358777577	0.0283989467876608	0.0001596223433465	0.0008065001786483	2.5479292495459637e-08	-0.048382996954885	0.0163263798764106	0.0002665506798688	0.0023409143943364	0.002647010613259	0.0003321059156653	7.006665186705788e-06	1.1029433921995372e-07	0.0003539070425748	-0.0001040890099996	1.0834522002717645e-08	1.252501947840413e-07	-7.096836442651048e-05	-0.0004989388897556	5.036508749373998e-09	2.489400157105613e-07	0.0	0.0	0.0	0.0	0.0	0.0	0.0	0.0	0.0	0.0	0.0
4964.935170885937	15.855222842013973	251.38809136992165	24650581.251100164	6434.254427271963	-101.81335408798076	41399630.03486886	10365.95907064455	5639.873667399089	8.947214355469441	31808174.98422165	80.05264472271845	5627.910820591156	4780.420301499709	1.130995	19.136147	0.1376276667961968	0.0942030915837986	0.0091818102	0.0208553401	0.070004394	-0.0304420052	0.0202969389	0.0326953825	0.0599133948	0.0003413612	0.0116648674	-0.0942874764	0.053932822	0.0143688008	0.0076443817	-0.0087562916	-0.1028382903	-0.0165288932	-0.0108417448	0.0298388892	0.013980262	-0.026843051	-0.0156547021	0.0294060959	0.0814020572	0.0249674462	-0.0480879222	-0.0243048885	0.0948588551	-0.0347474441	0.0009625236	0.0135521073	0.0186457038	-0.0806015813	0.0219741672	-0.0721099939	-0.0613502736	0.0100546892	-0.1115160713	-0.0202509417	-0.0060322353	-0.0016380819	-0.016112405	0.039898284	-0.0619335122	0.0691271927	0.0015913648	0.0332642331	0.0020839396	-0.0245160156	0.0079203155	0.0437534596	-0.0331294861	0.042772635	0.0493352503	-0.0222054829	-0.021026776	0.0255133466	-0.0131966931	-0.1018172601	-0.0476085942	0.0306775853	-0.0784311089	0.0058282659	-0.026424206	0.0071658469	-0.0947974062	0.0104468635	-0.0216387576	0.0097374124	-0.0261842981	0.0431000196	-0.0912743569	0.0187042117	-0.0299111337	0.0982733919	-0.0178189554	0.1025825222	0.0819424668	-0.0404502702	0.0345563952	-0.1284187101	-0.0841220553	-0.0282913107	0.0471869279	-0.042504596	-0.0911287655	-0.0517055788	0.037674825	0.0906543325	0.0102475207801262	-0.0009701384123133	9.411685390457712e-07	0.0001050116821391	0.0281885209059993	-0.0002104258816614	0.0007945927108679	4.427905167301855e-08	-0.1264916647942726	-0.0781086678393876	0.0061009639916437	0.0160001412624266	0.0026351906300997	-1.1819983159299784e-05	6.944229656965255e-06	1.3971200188613048e-10	0.0012911224076601	0.0009372153650852	8.78372640551972e-07	1.6669970715620133e-06	-0.0002887017094386	-0.000217733345012	8.33486770327698e-08	4.74078095301536e-08	0.0	0.0	0.0	0.0	0.0	0.0	0.0	0.0	0.0	0.0	0.0
4981.288807365797	16.353636479860143	267.4414261154124	24813238.18238776	6451.080858243222	16.82643097125856	41616444.239592105	283.1287792305293	5652.575322672526	12.70165527343761	31951607.778486416	161.33204668524542	5643.850939007276	4786.0812564426	1.069098	18.088869	0.0683892645304841	0.0453005019751984	0.0410213006	0.0400939013	-0.0016664064	0.1020347138	-0.0097286588	0.0785166797	-0.0580619134	0.0360327355	-0.073400143	0.0676972727	0.0168181387	0.035118282	0.0231868733	-0.0035714112	-0.0581530663	0.0929366521	0.0243884641	-0.0173922446	-0.031182742	-0.0097450599	0.0122560112	0.0297370746	0.064848873	-0.0453516675	-0.0126557256	0.1011842953	0.0458403122	0.0101661598	0.0479710638	-0.0082559278	0.0391805308	-0.1119751377	-0.019587091	-0.0419948648	0.0238543013	-0.0871218455	0.037752259	0.0332131486	-0.0112685034	-0.0062491007	0.0717934797	-0.0344950381	-0.0173791713	0.08347008	0.0617603255	-0.0428680629	-0.0187160551	0.012322754	0.0267628929	0.0740539658	0.0359458217	0.0388761961	0.0160133493	-0.0877163769	0.0209706523	-0.0022578962	-0.0900078218	-0.1105857863	-0.012548003	0.0545867581	-0.0054897263	-0.0398940548	0.1247211304	-0.0076129522	0.0313745457	-0.0405940056	-0.0167599636	-0.0448094241	0.057069952	0.0303497741	-0.0248387817	0.0307053048	-0.0649461333	0.0555028462	-0.007409657	0.0539163346	0.0222703972	0.0086753674	0.0463583022	-0.0920802243	-0.0270919218	0.0241478863	0.0461599916	-0.0446048127	-0.0912694965	-0.047697375	0.0430324377	0.0912167139	0.0134150554526684	0.0031675346725422	1.0033275901757025e-05	0.0001799637127981	0.0327888657173502	0.0046003448113508	0.0010751097150304	2.116317238332314e-05	-0.0842884401783266	0.042203224615946	0.0017811121679839	0.0071045411476953	0.0024686591891749	-0.0001665314409248	6.094278192297674e-06	2.7732720816490247e-08	0.0010901456935816	-0.0002009767140784	4.0391639601791124e-08	1.1884176332345077e-06	-0.000287846655829	8.550536095999588e-07	8.28556972719388e-08	7.311166752899187e-13	0.0	0.0	0.0	0.0	0.0	0.0	0.0	0.0	0.0	0.0	0.0
4979.92424131095	-1.3645660548472731	1.862040518041452	24799645.44919644	6476.707387759985	25.626529516763185	41947738.586664766	656.7190150735347	5656.550079752604	3.9747570800773246	31996558.804749187	15.79869384562482	5643.608060883796	4821.324125801037	1.106416	18.720287	0.1257364735156311	0.0650640477856805	0.0199579541	0.0693278358	-0.0023650338	-0.0720180591	-0.0466778511	-0.0208775413	0.1058506966	-0.0104017844	-0.0285583566	-0.0495804173	0.1073455792	0.1186839726	-0.0267016847	0.0497072986	0.0399099012	-0.0661715076	0.0356138442	0.0660427653	-0.1278674764	-0.0453166233	0.0440154989	0.0210751384	0.0439603865	0.1019212542	0.0513248597	-0.0274080665	-0.0410140294	0.0332947428	-0.0109028063	0.0799220228	0.0106194535	-0.0332541059	-0.0696867365	-0.0458515122	-0.0280374323	-0.0491460882	-0.1092399647	0.0504625955	0.046993364	-0.0988129265	-0.0414135984	0.0137568629	-0.0374784793	-0.11847042	-0.0712891033	-0.0236329222	-0.0780864262	-0.0190692205	0.0824619836	0.0603136887	-0.0459892729	0.0162123948	-0.0793200724	0.0484927461	0.0168097798	-0.0708745099	0.0376519869	-0.0233575271	0.0546903735	0.0176612517	0.0066377363	-0.0413908277	-0.0097756587	-0.0030308764	-0.0478363354	0.0470511978	0.0885535135	0.1139867314	0.0903601219	-0.0005943606	-0.0305436534	0.0375723767	-0.1248329252	-0.0269016591	0.0878876493	-0.0314620949	-0.0459164716	0.0589267108	-0.0657347959	-0.0471380111	-0.0119690509	0.0029809922	0.0451251461	-0.0466744595	-0.0912694965	-0.0435584361	0.0482057789	0.0912167139	0.0267460878718281	0.0133310324191597	0.0001777164253606	0.0007153532164475	0.0281789821996483	-0.0046098835177019	0.000794055037808	2.125102604677965e-05	-0.0468188553529671	0.0374695848253594	0.0014039697869848	0.002192005216562	0.0023549633480905	-0.0001136958410844	5.545852370849617e-06	1.2926744279889157e-08	0.0003262847406355	-0.0007638609529461	5.83483555435724e-07	1.0646173197157553e-07	0.0002411160052087	0.0005289626610377	5.8136927967801846e-08	2.798014967720848e-07	0.0	0.0	0.0	0.0	0.0	0.0	0.0	0.0	0.0	0.0	0.0
4962.655183508208	-17.269057802741372	298.22035739442265	24627946.47040089	6434.95890717159	-41.74848058839507	41408696.136986986	1742.9356314395998	5653.312314453125	-3.237765299479179	31959940.124747343	10.483124134511495	5644.563388532547	4796.643843906378	1.122265	18.988438	0.0949849166340538	0.0510164029836078	-0.0153232466	0.0128639631	0.0608528844	0.0153396244	0.0193791489	0.0532095481	-0.0322620301	-0.0946861065	-0.1086722419	0.0321504331	-0.0552839164	0.0630244384	-0.00367416	0.0328963509	0.1593150401	0.0254426758	-0.0084311123	-0.0356558247	0.0014670464	-0.0421944555	-0.0260729423	-0.0285001317	2.87945e-05	0.0861975623	0.0110416798	0.0039729969	-0.0047389758	-0.0308264628	0.0871040448	-0.0306891938	0.0387880263	0.0727632669	0.0608159574	-0.1375936621	-0.0399384186	-0.0881385001	0.0635521748	-0.0499722963	0.0488094231	-0.062945087	0.0482134868	-0.0760599347	0.0990122683	-0.1053699184	0.0013039871	0.0901640153	-0.0196499462	-0.0446055484	-0.0119877999	-0.0005499364	-0.098335085	-0.0327348494	-0.0328935717	0.0351614694	0.0069654586	-0.0672984578	-0.0365926686	0.0313393905	0.0238542908	-0.0138479868	0.0127984344	-0.0304925597	-0.0136995525	-0.105955219	0.0292236799	-0.0023351292	0.0125157612	-0.1040417005	-0.0221224018	0.0155313937	-0.0138006267	0.0466208443	-0.0120602218	0.0703494667	-0.0169027772	-0.0397638555	-0.0223561282	-0.0013747624	-0.0996890414	0.0090390108	0.0344692491	-0.0281565822	0.0440825686	-0.0487121179	-0.0911287655	-0.0393001065	0.0531726956	0.0906543325	0.0048643936990515	-0.0218816941727766	0.0004788085398709	2.366232605937193e-05	0.0464818177994885	0.0183028355998402	0.0021605593859448	0.0003349937909947	-0.0558177492039391	-0.008998893850972	8.098009054106171e-05	0.0031156211261938	0.0031069417430693	0.0007519783949788	9.6530869948265e-06	5.654715065148922e-07	0.0003201206394596	-6.164101175900032e-06	3.7996143306732156e-11	1.024772238080232e-07	0.0003990033692633	0.0001578873640546	1.5920368868346533e-07	2.49284197281098e-08	0.0	0.0	0.0	0.0	0.0	0.0	0.0	0.0	0.0	0.0	0.0
4951.941178808971	-10.714004699237194	114.78989669527668	24521721.43838398	6527.007056634157	92.04814946256738	42601821.11735208	8472.861819483143	5642.140818684896	-11.171495768228851	31833753.017870262	124.80231769955512	5629.741964258573	4826.760592591529	1.107607	18.740427	0.0320924554652103	0.0167961100098575	-0.0157860263	0.0253599157	-0.0796316076	-0.1186693323	-0.1005061168	-0.1052468189	-0.0324358931	-0.0967739457	0.054757654	0.0176576218	0.0623392631	-0.0050891143	-0.0202271008	0.0333018874	0.0325522522	-0.1052658041	-0.0405673867	-0.1011991358	0.0022914683	-0.0331352545	0.0469580923	-0.0986530128	0.02245443	0.0446688861	0.0600863687	0.0206648225	-0.0086654869	-0.0026278849	0.0032809739	-0.053340502	0.0371596546	0.1063510075	-0.05940613	-0.1244670847	-0.0260611211	0.0326827636	-0.018740033	0.0842420918	0.0391140067	0.0169070901	-0.0992497413	0.0331356829	0.0742921015	-0.0972010832	0.0794572071	0.036280849	-0.001396308	-0.0893148321	0.0156541548	-0.0184588972	-0.0867473066	-0.0320356396	-0.0657208012	0.0051638781	0.0034359326	-0.0051678659	-0.0486717401	0.1013934472	0.0379877906	0.0085651547	-0.0373381746	-0.009208201	-0.0086802997	0.0744449375	0.0113639172	-0.0068262965	0.0039247747	0.0970496915	-0.0122076338	-0.0265193802	-0.0617242919	0.0079411055	0.0063661945	0.0698233977	0.0163908543	0.0158209043	-0.0684446816	-0.0124595441	-0.1488286934	0.0343281887	0.0442049665	-0.036273301	0.0430324377	-0.0507163915	-0.0908475206	-0.034934058	0.0579119187	0.089533037	0.0077599387951323	0.0028955450960808	8.384181403437573e-06	6.0216650104199336e-05	0.0464010787683548	-8.073903113369613e-05	0.002153060110867	6.518791148407953e-09	-0.0467063743818982	0.0091113748220408	8.301715114772083e-05	0.002181485407902	0.003106942529435	7.863656999868017e-10	9.653091881211954e-06	6.183710141157328e-19	0.0005503575947469	0.0002302369552872	5.3009055579966175e-08	3.02893482095593e-07	0.0002291451805972	-0.0001698581886661	5.2507513790923403e-08	2.8851804256928422e-08	0.0	0.0	0.0	0.0	0.0	0.0	0.0	0.0	0.0	0.0	0.0
4943.730964662704	-8.21021414626739	67.40761632756917	24440475.850964826	6351.126254656457	-175.88080197770068	40336804.70258656	30934.05650431916	5645.542220458984	3.401401774088299	31872146.96298496	11.569534028771027	5626.253544313899	4719.758426441866	1.104705	18.69133	0.1231381488942637	0.0601616783047633	-0.0277385878	-0.0413463505	0.0389074767	0.0358980508	0.0896912063	-0.0017795299	-0.0481080462	-0.0520320582	-0.086297077	-0.0405759993	-0.0513172077	0.0031027452	-0.0121035931	0.0250005721	0.0659792867	-0.0172485036	-0.0082796251	-0.1037627913	-0.0068560915	-0.0365587005	0.070249136	0.0568643521	0.0429447978	-0.038519801	0.0241967007	-0.1057264149	0.0295802531	0.028753391	0.0610473337	-0.0370279697	-0.0129005618	-0.0210509855	0.0318551974	-0.0635875456	0.0188741523	-0.03332804	0.0170573543	-0.1010472697	0.016798517	0.0150664952	0.0068565349	-0.0453491097	0.0263937731	-0.0885081296	0.0670863716	0.0633048653	-0.0213156833	0.0487972659	0.124718651	0.0594406	0.0241391266	0.0271513234	0.0129818061	0.1153560538	-0.0170953373	0.0138473882	-0.0470833242	0.0522650372	0.0142032262	-0.0150434152	0.006232769	0.0173482677	0.0343857919	-0.0528171373	-0.0784156211	-0.0989200028	-0.091009848	-0.0571993422	0.029541801	0.0255650645	0.0024742603	0.0350746669	-0.1008838568	-0.0590828076	0.0762322488	0.0051671437	-0.0750665743	-0.0207345882	-0.1027060283	-0.0137964931	0.0124864012	0.0544603766	0.0419749335	-0.0526859066	-0.0904261954	-0.0304722578	0.062403154	0.0878597406	0.0182989974148455	0.0105390586197131	0.0001110717565897	0.0003348533063885	0.0229906659738219	-0.0234104127945329	0.0005285707219198	0.0005480474272104	-0.0466495845670706	5.678981482760276e-05	3.2250830681534103e-09	0.0021761837402802	0.0023821440764607	-0.0007247984529743	5.674610401016801e-06	5.253327974339386e-07	0.0011282072449412	0.0005778496501943	3.339102182296749e-07	1.2728515875378127e-06	-0.000250844469538	-0.0004799896501352	6.292294789780061e-08	2.303900642369117e-07	0.0	0.0	0.0	0.0	0.0	0.0	0.0	0.0	0.0	0.0	0.0
4942.2202921756525	-1.5106724870511243	2.2821313631332294	24425541.416392792	6419.247050506389	68.12079584993262	41206732.69543498	4640.4428272281975	5636.085336507162	-9.45688395182242	31765457.92039105	89.43265407823642	5621.866738167254	4765.880580827302	1.063632	17.996389	0.0816364617460357	0.0495464030317715	-0.0351015934	-0.0341882562	-0.0572924083	-0.0936534002	0.0127409411	-0.0999299028	0.020973466	0.0500702542	0.0655561122	0.069627443	-0.0043039989	0.0211070265	-0.0525229136	-0.0161008026	-0.1415086056	-0.0602147786	-0.0103837238	-0.0203434212	0.0424944544	-0.007650739	0.051011931	-0.0325139609	0.137347359	-0.0740109659	-0.0441720893	-0.1233706359	-0.0065695266	0.0062365279	-0.1047599137	-0.0073562211	-0.009499377	0.0175375944	-0.0198227658	-0.0503582681	-0.0584078769	0.0429304684	0.0498246761	0.0499939007	-0.0305445548	-0.0303794861	-0.0894820418	0.1071175269	-0.0545059451	0.0427512157	0.0835491992	-0.0067392656	0.0321714004	-0.0214621684	0.0760426674	0.1293867051	-0.0245875528	0.0646350798	0.0990562268	0.0579969354	0.0497469987	0.0331651882	0.0850525956	0.0119025526	-0.0102191609	-0.0483595629	0.0583013392	-0.0283908618	0.0724949665	0.1043009136	-0.0080640001	-0.0441606718	-0.0123452972	0.0860537114	-0.0257551202	-0.008398902	-0.0386326714	-0.0094185892	-0.0290598033	0.0524025804	-0.084010346	0.0477047223	-0.0399418924	-0.0066640535	-0.0423970072	0.0576274715	0.0585274013	0.0877851785	0.0409102371	-0.0546193134	-0.0898654396	-0.0259269352	0.0666271694	0.0856447597	0.0199575054645606	0.001658508049715	2.750648950969783e-06	0.0003983020243679	0.0231676605999666	0.0001769946261447	0.0005367404976752	3.1327097684102766e-08	-0.0465136516120594	0.0001359329550112	1.8477768258077033e-08	0.002163519786288	0.0030449857151994	0.0006628416387387	9.271938005768402e-06	4.3935903804580573e-07	0.0017850393703522	0.000656832125411	4.314284409719318e-07	3.186365553707379e-06	2.2782288615593284e-05	0.0002736267581535	5.190326745641914e-10	7.487160277764505e-08	0.0	0.0	0.0	0.0	0.0	0.0	0.0	0.0	0.0	0.0	0.0
4953.814590339292	11.594298163639904	134.42774990738369	24540278.99545845	6418.375270818243	-0.8717796881464892	41195541.117051154	0.75999982466479	5642.714756673177	6.629420166015734	31840229.825177237	43.949211737576086	5629.581781092939	4754.096903881996	1.105386	18.702854	0.145369360674196	0.0769637128382227	-0.0224579224	-0.0161532067	0.0573027166	0.0105558283	0.035525852	0.0222800092	-0.0053542255	-0.0644762546	-0.010498892	-0.1070327793	0.0031586413	0.016406357	0.0095912218	0.0141353202	-0.0758237362	0.078961194	0.0343602617	-0.0716021836	0.0415066525	0.006680203	-0.0801153909	0.0470537423	0.1174791024	0.0552811776	0.0171791704	0.0136044025	0.0345068932	-0.0827816319	-0.0970430664	-0.0394802218	-0.0769637463	0.0556892943	-0.1131812632	-0.1114359881	-0.0842616681	0.0184289854	-0.0916275827	-0.0740925767	-0.0133715796	0.0056657778	0.0330848343	-0.0430782631	-0.0602468214	0.0804070579	0.0799983612	0.0657932431	0.0323409135	0.0462485323	0.0048754199	0.0481840858	-0.0626011362	0.1152793267	-0.0002998378	-0.0561317953	-0.0891685414	0.0256149043	0.0264873296	-0.0563907182	0.0020725415	0.0107678872	-0.0614937097	0.0496149415	-0.0436033656	-0.0257297669	-0.0714744777	-0.0007379805	-0.0498551068	-0.0412152685	-0.0056298471	0.0369649875	-0.0417098731	-0.0275895799	0.0216935101	0.0738664655	0.0269350829	0.119032803	-0.0375879144	0.0545510504	0.0344375628	-0.0346488683	0.0199225541	0.01174295	0.0398385309	-0.0565152869	-0.0891661178	-0.0213105486	0.0705658771	0.0829017503	0.0132232666445588	-0.0067342388200017	4.534997248481922e-05	0.0001748547807531	0.0346679318420086	0.011500271242042	0.0012018654982021	0.0001322562386405	-0.0747363751281113	-0.0282227235160518	0.0007965221226635	0.0055855257672897	0.0029518502066737	-9.313550852570011e-05	8.713419642639566e-06	8.674222948340758e-09	0.0004979165700405	-0.0012871228003117	1.6566851030822323e-06	2.479209107208961e-07	0.0006207665217002	0.0005979842330846	3.853510744637649e-07	3.575851430177853e-07	0.0	0.0	0.0	0.0	0.0	0.0	0.0	0.0	0.0	0.0	0.0
4955.147074588678	1.3324842493857432	1.7755142748610877	24553482.53080473	6447.247708150093	28.87243733185005	41567003.01024663	833.6176374816085	5648.338211669922	5.62345499674484	31903724.55341057	31.62324610041451	5635.43399210137	4736.387996299594	1.047845	17.729275	0.0340472811530321	0.0174115631953689	-0.0035760747	0.0062421583	-0.0614409915	0.0910242795	-0.0008858592	0.0244460985	-0.0633161131	0.1514883901	-0.0250918146	0.0964690497	-0.0085861867	0.0489567481	-0.0349283456	-0.0176480519	0.0519905793	0.0223436027	-0.0160872684	0.031624705	-0.0021520137	-0.0331847616	0.0676949625	0.0165944051	0.0648577422	0.0640557212	-0.011853479	0.0357345316	0.0087419865	0.0240469119	-0.0846197482	0.0008180863	0.0248287823	-0.0469431707	-0.0303414921	0.0198359944	-0.0069545205	-0.0369490834	0.0825742358	0.0299004474	-0.0450484209	-0.0369451324	0.0356633652	0.0156858275	0.050357785	-0.0120444257	-0.0294012056	-0.0715415034	-0.0035526217	0.0245212768	0.0968519451	0.0139402528	-0.0383518541	0.0224217877	-0.0634969624	-0.06474214	0.0048154557	0.1138295085	0.0414089668	-0.0801200412	-0.0003616077	-0.0345236609	0.0567091287	-0.042708781	0.0050300367	-0.027758586	0.1151025014	-0.0220476784	0.066178273	-0.0131016119	0.0817814751	0.0001832233	-0.0352298635	-0.0408116629	-0.0121342321	0.0109885228	-0.001437768	0.0140001006	-0.0175514857	-0.0599627363	0.0508448273	-0.047636697	-0.0608431245	0.0716222473	0.0387599986	-0.0583725276	-0.0883293083	-0.0166357513	0.0742024108	0.0796476241	-0.0006086588402638	-0.0138319254848225	0.0001913221626176	3.7046558383127403e-07	0.0410704979852312	0.0064025661432225	0.0016867858047548	4.09928532183403e-05	-0.0747130872575994	2.3287870511895518e-05	5.423249129788125e-10	0.0055820454075616	0.0030443324811008	9.248227442710004e-05	9.267960255485353e-06	8.552971083209441e-09	0.0004526557949973	-4.526077504320001e-05	2.048537757511157e-09	2.0489726874463765e-07	0.0007588135053194	0.0001380469836192	5.757979358551151e-07	1.9056969686359684e-08	0.0	0.0	0.0	0.0	0.0	0.0	0.0	0.0	0.0	0.0	0.0
4956.753408585004	1.6063339963257022	2.580308907751701	24569404.353519056	6459.196338375673	11.948630225580018	41721217.3376857	142.7697642676444	5645.965469970703	-2.37274169921875	31876926.088101503	5.629903171211481	5630.120193501236	4771.957695855035	1.051465	17.790525	0.0448994240730091	0.0262639268970288	-0.0259952682	0.005452773	0.0133556597	-0.0840737894	-0.0094829037	-0.0476323846	0.0838424546	-0.0348183142	0.0196193259	-0.0707926174	0.0302608466	0.0716461319	0.0159706145	-0.0029685305	0.0254261625	-0.0827256193	-0.0557181614	-0.0011163409	0.0163571029	-0.0769208151	-0.0587148108	-0.0251650774	0.0616503432	0.0786817974	-0.0103648485	0.0968089351	0.0213031599	-0.0567415092	0.0395025148	-0.0047449009	0.0081866724	-0.0825824336	-0.0166244358	-0.008530225	-0.0872711775	0.0329647836	-0.0797721455	-0.0188385482	0.0281037758	-0.0451492173	-0.0128154111	0.0743553351	0.0353789961	-0.0344948251	-0.0381119915	0.097038052	-0.0029895663	-0.0316874161	0.019313283	-0.0376290095	-0.0342828809	0.0703114065	0.0338517066	-0.106662752	-0.0264906552	0.0234862996	-0.0846591806	-0.0516113815	-0.0051047361	-0.0300885361	-0.0317481447	0.0039543001	-0.080094106	-0.002739854	-0.0405836642	0.0690936341	0.0232208517	0.0603997565	0.0051392819	0.0014747044	-0.0878140558	-0.0546904753	0.0432163136	-0.0132044723	-0.0419489346	0.0134268324	-0.0017964088	-0.0462734195	-0.1035106156	-0.0468030055	-0.0438187554	0.0469518235	0.037674825	-0.0601897627	-0.0873563013	-0.0119153566	0.0775211985	0.0759024438	0.0130014055733198	0.0136100644135836	0.0001852338533418	0.0001690365468819	0.0412252067342109	0.0001547087489797	0.0016995176702784	2.3934797010864167e-08	-0.0804914272418741	-0.0057783399842746	3.33892129738677e-05	0.0064788698594339	0.0030994805573641	5.514807626330002e-05	9.606779725478071e-06	3.041310315542755e-09	6.127087413587695e-05	-0.0003913849208614	1.5318215627770238e-07	3.754120017374475e-09	0.0008194067267181	6.05932213987e-05	6.714273837908711e-07	3.6715384794718755e-09	0.0	0.0	0.0	0.0	0.0	0.0	0.0	0.0	0.0	0.0	0.0
4954.240900445565	-2.512508139438978	6.312697150747115	24544502.899647683	6439.191557423169	-20.004780952504007	41463187.91318981	400.1912609576671	5647.159369710286	1.1938997395827755	31890408.94690668	1.4253965881758193	5632.769939734314	4754.489896487567	0.995731	16.847525	0.1061570419764714	0.0549986931944762	-0.0181515864	-0.0128295902	-0.0270219833	0.0987636703	0.0143019186	0.0238370965	-0.0875901327	-0.0649993879	-0.0547601834	0.0624804518	-0.0532989114	0.0041157988	0.0190892066	0.0149794358	0.0950473795	0.0577486303	-0.0088357635	-0.0797013525	-0.0216472925	-0.0128713921	-0.0139929627	0.0165400644	0.0521320636	0.0472971947	0.0153697167	0.0359853679	0.0699239101	-0.0070836291	0.1255939791	0.032600206	-0.0086587143	-0.0162547496	0.0507976436	0.0158876433	-0.0705915706	-0.028172682	0.0884540942	-0.0270133403	0.0200342731	0.0140867121	0.0554636524	-0.060368462	0.0797804403	-0.0270150813	0.0352274415	0.0583041851	-0.0184823636	0.020820357	0.022129747	0.0073208808	-0.029620215	0.0323508731	0.0128559577	-0.0191137997	-0.0157292756	-0.0422776694	-0.0994850814	-0.0820653434	0.0325138527	0.014781054	-0.0280566497	0.0027330438	0.0206619671	-0.0555355833	0.0839142239	-0.0471209253	-0.0292818652	-0.0908450096	0.0457286409	0.0476533165	-0.0480858103	-0.0309277858	0.0359312589	-0.0196682762	-0.0119827899	0.0222359972	-0.034565166	0.0020695646	-0.1385991711	-0.0205653169	-0.0005744276	0.0628940986	0.036583196	-0.0619657467	-0.0862485974	-0.0071623028	0.0805080284	0.0716892996	-0.0031760319957072	-0.016177437569027	0.0002617094862997	1.008717923775586e-05	0.0408961418075648	-0.0003290649266461	0.0016724944147444	1.0828372594860584e-07	-0.0359405003340569	0.0445509269078171	0.0019847850883456	0.0012917195642623	0.0027568117780455	-0.0003426687793186	7.600011179570391e-06	1.1742189231969945e-07	0.0003579922438434	0.0002967213697075	8.80435712411086e-08	1.281584466520324e-07	0.0010820088291516	0.0002626021024334	1.1707431063620163e-06	6.895986420249441e-08	0.0	0.0	0.0	0.0	0.0	0.0	0.0	0.0	0.0	0.0	0.0
4947.242167291966	-6.99873315359855	48.98226575527951	24475205.061831716	6441.76298189479	2.5714244716209578	41496310.31491005	6.612223813251122	5640.033310546875	-7.1260591634109005	31809975.744078346	50.78071920043247	5626.779093899461	4766.936884811501	1.10804	18.747757	0.0483586330365496	0.026972838737423	-0.0369412037	-0.0112509976	-0.0424891567	-0.0853980102	-0.002805656	-0.098972949	0.068688365	0.0528912541	0.0419534554	-0.0218985396	0.0376898925	0.0051093642	-0.1060220622	-0.0013135802	0.0441768266	-0.1459629935	-0.0314543526	-0.0013603823	0.0009747475	0.0183574392	0.085990253	0.0673404824	-0.0101244401	0.0411282809	-0.0669521621	0.0346364212	0.0631396862	0.0730332846	-0.071408713	0.0017875796	0.0858588058	-0.0767898684	0.0856409849	-0.0509732118	-0.0241203639	0.028348131	-0.0340122653	0.0157741336	-0.0533085459	-0.0365641533	-0.1166675264	0.0781881549	0.0122699289	-0.1202753182	-0.0274561249	0.0091805269	0.0108071937	0.0716810476	0.059402761	0.0048104115	-0.0064852775	-0.0707036558	0.001278853	-0.0208186929	0.0353368327	0.0629545418	0.0012001652	-0.0897886923	0.0217489895	-0.0390672176	0.0329858687	-0.0031189574	-0.0647470697	0.0265317165	0.0043642219	0.0189788973	0.0765735545	0.1085375372	0.0490257573	-0.0074297969	-0.0803668775	-0.094551526	0.036926219	-0.0140778621	-0.0409574092	-0.0142404931	-0.0326333487	0.0836587483	-0.1479358089	0.0561323691	-0.0218410952	0.1402440214	0.0354852986	-0.0636992625	-0.0850079043	-0.0023896175	0.0831501106	0.0670341672	0.0116323100880748	0.014808342083782	0.0002192869952703	0.0001353106379851	0.0412741606892694	0.0003780188817046	0.0017035563406036	1.4289827492520088e-07	-0.035854438386913	8.606194714390336e-05	7.406658746200016e-09	0.0012855407520409	0.0030449731619012	0.0002881613838557	9.271861556698591e-06	8.303698314563218e-08	6.202993933501766e-05	-0.0002959623045083	8.759368568991244e-08	3.847713373905971e-09	0.0010044083150373	-7.76005141142999e-05	1.0088360633160685e-06	6.021839790803657e-09	0.0	0.0	0.0	0.0	0.0	0.0	0.0	0.0	0.0	0.0	0.0
4939.2791600099445	-7.963007282021863	63.40948497353322	24396478.620508544	6399.816360978891	-41.94662091589908	40957649.45425309	1759.5190062621418	5642.113060709636	2.07975016276032	31833439.789830253	4.325360739501576	5630.343551774278	4666.992972878848	1.133952	19.186186	0.0783299528635354	0.0368361964037128	0.0394578876	-0.087519665	0.0594758501	0.007986839	0.0555102839	0.0120182475	-0.0267482174	-0.0673478093	-0.0844627169	-0.0100862345	-0.0547297486	-0.1090453638	-0.0055502928	0.0108575314	0.0259235266	0.0642646231	0.0279932854	-0.0511854489	-0.0370592324	-0.0298104092	-0.1268192135	0.0420411852	-0.019823829	-0.0416516409	0.0317127099	0.0019021294	-0.0377213123	0.0755348298	0.2033326686	-0.0088385912	-0.1210690377	0.0792649729	0.0573822062	0.0017778195	0.0071264272	-0.0468792661	0.0452439386	-0.0802817261	-0.0110649493	0.0856217631	0.0166350398	-0.0973297088	-0.0356284843	-9.87695e-05	0.0205846706	0.0926068607	-0.0377258701	0.0203709849	-0.1121735609	0.0377181098	0.021089332	-0.0263191458	-0.0435402685	0.0275009637	0.0559275252	-0.0697799757	-0.0327982119	0.0315963898	0.0186658676	0.0313491965	0.0377813467	0.056455762	-0.0628279957	-0.0470231592	0.0280471241	0.0588501373	-0.0793262984	-0.1129277623	0.0012899343	0.0904003301	0.0192314391	-0.0827787008	-0.0102295497	0.0540306839	0.0196928938	0.1404085074	-0.0436496463	0.0671054639	-0.0322392996	-0.0021474427	0.0739168051	-0.0058222184	0.034381321	-0.0653891221	-0.0836361352	0.0023896175	0.0854361313	0.0619657467	-0.0002279176036097	-0.0118602276916845	0.0001406650008985	5.1946434035188336e-08	0.0605337596406769	0.0192595989514074	0.0036643360562352	0.000370932151769	-0.0522588522366973	-0.0164044138497843	0.0002691047937549	0.0027309876370969	0.0030442464362258	-7.267256754003512e-07	9.267436364473484e-06	5.281302072860966e-13	0.0004069415438641	0.000344911604529	1.189640149388261e-07	1.656014201224972e-07	0.001274884232246	0.0002704759172086	1.625329805629473e-06	7.315722178988749e-08	0.0	0.0	0.0	0.0	0.0	0.0	0.0	0.0	0.0	0.0	0.0
4947.95255495584	8.67339494589578	75.22777988749046	24482234.486094028	6491.772768942726	91.95640796383486	42143113.6835863	8455.980965611232	5652.581883951823	10.468823242187682	31951681.954780344	109.596260076169	5637.584689247933	4711.512795541801	1.333223	22.557795	0.2495398924600556	0.1513885014465119	0.0772791336	-0.0409923591	-0.0764116024	-0.0801510171	-0.0751919812	-0.0825891166	-0.0176660669	-0.0537964476	0.0093423292	0.0418510582	0.1490804866	-0.1236253791	0.2105120924	-0.0241945398	-0.1170351916	-0.0276157154	0.066266694	-0.206757422	-0.0138230602	0.1175209731	-0.0265958105	0.0421794775	-0.1725551919	-0.0826230118	-0.0736152897	-0.085339124	-0.0396212182	0.1285574277	0.0217929853	0.0907184832	-0.1677202372	0.0620336038	-0.1247592652	0.050326929	0.0866667292	-0.0094879226	-0.0495890906	0.1494097562	0.0904097823	0.2130244555	0.050332264	0.0303000698	-0.1418150346	0.0092742197	0.1694227132	0.0015861939	0.0160620046	0.1157192305	0.0084040139	-0.1235327097	0.1641256014	-0.0723038958	0.0577048652	0.1588033438	0.0799554269	-0.054499189	0.0412795386	-0.0251868336	0.0783748534	0.131052505	-0.0504975962	0.1350888812	0.0584267406	0.1559568649	0.0851723235	0.1847388838	-0.0717652451	0.0648872247	-0.1037597157	0.022599485	0.3736561535	-0.3946891594	-0.206640864	-0.0401193573	0.085812801	0.1214391576	0.1375354516	0.1018377088	-0.0311900253	0.0684245174	0.0685821899	0.0678929389	0.0332714524	-0.0670341672	-0.0821354052	0.0071623028	0.0873563013	0.0565152869	-0.0076082683273028	-0.0073803507236931	5.446957680471727e-05	5.788574694023895e-05	0.019224842050221	-0.0413089175904559	0.0003695945518559	0.001706426672495	0.0012711811458885	0.0535300333825858	0.0028654644739407	1.6159015056623998e-06	0.0005820389982175	-0.0024622074380083	3.3876939544603096e-07	6.062465467783396e-06	-6.0124006348916126e-05	-0.000467065550213	2.181502281957875e-07	3.614896139444506e-09	0.0012920230592911	1.7138827045100032e-05	1.6693235857399334e-06	2.9373939248185227e-10	0.0	0.0	0.0	0.0	0.0	0.0	0.0	0.0	0.0	0.0	0.0
4938.08419604128	-9.868358914560304	97.3845076665818	24384675.52719265	6374.058708544599	-117.714060398127	40628624.41997324	13856.600015413893	5635.434435221354	-17.147448730469478	31758121.27367862	294.0349979640793	5625.846276586312	4644.572840472452	1.603756	27.135157	0.1823253273697924	0.103260772480266	0.00801969	-0.0784415523	0.0808808691	0.0545163241	0.1001253346	0.0650973485	-0.0023714932	0.0037016723	-0.0558346901	-0.0922924788	-0.0552183828	-0.0412724469	-0.1412785731	0.0078520381	0.0467677122	0.072941881	0.0436442572	-0.0034611822	-0.0408679251	0.0220032075	0.0173905158	0.1272576512	0.038927903	-0.0954885239	-0.0287684306	-0.054928973	0.0030336472	0.0249392884	-0.0566435667	-0.0214298972	0.0280132908	0.0540917429	-0.1151623033	0.1395997023	0.1431375263	-0.0205898529	-0.0261246056	-0.1314126324	-0.1149851295	-0.0278511742	-0.0116203688	-0.0889241925	-0.0300203855	-0.0450044053	-0.0320583467	-0.0021742417	-0.0204192197	0.0962777835	0.0018809354	0.0931339396	0.0518338613	-0.000623589	0.0124728826	0.0074177623	0.0583869396	0.080680561	-0.0196880342	0.0182927421	0.0378470521	-0.0129015723	0.0981494129	0.0243446229	-0.0761674963	-0.0697209929	-0.0750511093	0.0094873967	-0.0160026092	-0.0841674908	0.0323347747	0.038918925	0.0491364042	0.0071745755	0.0555434667	-0.1195283682	-0.036484318	0.0552111521	0.0198668052	0.1165907761	0.0754378747	0.0709305005	-0.0139843013	0.047942933	0.0321558829	-0.0686332704	-0.0805080284	0.0119153566	0.0889023983	0.0507163915	0.0028290839445332	0.010437352271836	0.0001089383224464	8.00371596521553e-06	0.0561390653514592	0.0369142233012382	0.0031515946585354	0.0013626598819336	0.0001769857007261	-0.0010941954451624	1.1972636722141427e-06	3.1323938261508634e-08	0.0022381969383091	0.0016561579400916	5.00952553465623e-06	2.742859122528452e-06	0.0006330792841506	0.0006932032904995	4.805308019593565e-07	4.007893800206362e-07	0.0009637931628511	-0.00032822989644	9.28897260758527e-07	1.0773486491701313e-07	1.0	0.0	0.0	0.0	0.0	0.0	0.0	0.0	0.0	0.0	0.0
4955.685517075059	17.60132103377873	309.8065021341416	24558818.94414749	6479.219561646316	105.1608531017173	41980286.12802028	11058.805025080965	5643.478707682291	8.044272460937464	31848851.924063385	64.71031942579688	5632.688029446336	4716.862262401705	1.099674	18.606207	0.1186698097682796	0.0570134887032691	0.0617360031	-0.019733686	-0.0850113716	0.0628887511	-0.0596656516	0.0067606554	-0.0929482681	0.0707168991	0.0067548214	0.0908758319	0.0364327034	-0.0713563242	0.0232428788	-0.0231813591	0.0071643283	0.0028414124	-0.0233725967	0.0587998595	-0.0370131129	0.0183230669	-0.0087216095	-0.0558635948	0.0359277272	-0.017686157	0.0085517684	-0.0467581853	-0.0614692635	-0.036061989	-0.1586444187	-0.0032621545	-0.032328179	0.0385049093	-0.1428967014	0.0367456249	-0.0556396457	-0.0196413967	0.0516466148	0.0795732844	-0.016465953	0.0782894263	0.0014717657	0.0175579588	0.0256031044	0.0210902612	-0.0385997408	-0.079082799	-0.0127074839	-0.0095359275	-0.0318366037	-0.0096591014	0.023558105	0.0776350364	-0.0219703331	-0.0190561547	-0.0162924531	0.061621131	0.1190588065	0.0320139457	0.0035582851	0.0558130217	0.0236458059	0.0109598256	0.0149632033	0.0520044278	0.0978713478	-0.0111807641	0.000539503	0.0057442513	0.0028878732	0.0053479889	0.0554282274	-0.0351420028	0.1576238774	-0.0274722234	-0.0947123149	0.0186451103	0.0463963845	0.0156648124	0.1285518484	0.0178551771	-0.0378308959	-0.0356882117	0.0310348036	-0.0701853358	-0.0787565141	0.0166357513	0.0900678015	0.0446048127	-0.0081446077111166	-0.0109736916556497	0.0001204219085532	6.633463476797998e-05	0.047806140618519	-0.0083329247329402	0.0022854270808376	6.94376346048465e-05	-0.0429533294972586	-0.0431303151979847	0.0018602240890775	0.0018449885149	0.0017531818622139	-0.0004850150760952	3.0736466419957984e-06	2.3523962403963282e-07	0.000969080170615	0.0003360008864643	1.128965957048626e-07	9.391163770791974e-07	0.0006601515617766	-0.0003036416010744	4.358000845160842e-07	9.219822190308577e-08	0.0	0.0	0.0	0.0	0.0	0.0	0.0	0.0	0.0	0.0	0.0
4959.685131043741	3.999613968682752	15.996911898482193	24598476.599096373	6462.124512527163	-17.095049119153373	41759053.21540442	292.2407043862665	5644.909911702474	1.4312040201830314	31865007.91123684	2.048344947388071	5632.205378630128	4726.395332984675	0.968313	16.383606	0.0787549730389596	0.0385519610589758	0.0601380631	-0.0050965014	0.0525812973	-0.0206744284	-0.0077304022	0.0322155699	0.0577170752	-0.0221341025	-0.0234731397	-0.1032653883	0.0851136614	-0.0615390239	0.0354839446	-0.0006714771	-0.0092319978	-0.0107444633	0.0046865898	-0.00383344	-0.0168746299	-0.0267059574	-0.0118855616	0.1007936067	-0.0280699187	-0.0333404763	0.073708449	-0.0113696473	0.0300811605	-0.130708618	-0.1644812508	0.1384923648	0.0812332061	-0.0852221032	0.0577436642	0.0921306711	0.0473665782	-0.0112746365	-0.1282169171	-0.011148883	-0.0154277403	0.0711384082	0.0152380152	-0.0176390171	-0.0554313394	0.0141427734	-0.0456689697	0.0421531912	-0.0017641833	0.078012772	-0.0119614616	-0.0405868954	0.1050242408	0.0736584107	-0.0698053691	-0.0921544496	-0.0870959078	-0.0069074067	0.0798679061	-0.0560893161	0.0025491664	0.0621547811	-0.026938024	0.0557065937	-0.045594357	0.007208449	-0.0885061443	0.0328806672	-0.0136656735	-0.0353046812	-0.0086513324	0.0443740066	-0.0080978516	-0.0371199357	0.1135314907	-0.1169663236	-0.0426122025	0.0231447497	0.0102350798	-0.0073005104	0.1226006127	0.0387350134	-0.0725396603	0.0239912713	0.0299084066	-0.0716892996	-0.0768835629	0.0213105486	0.0908475206	0.0382182304	-0.0249687650500476	-0.016824157338931	0.0002830522701651	0.0006234392281244	0.0561541185003022	0.0083479778817832	0.0031532850245459	6.968873471474155e-05	-0.0511204254282091	-0.0081670959309504	6.670145594534815e-05	0.002613297895961	0.0018182391609174	6.505729870349996e-05	3.3059936462936102e-06	4.232452114596418e-09	0.0012466162803153	0.0002775361097002	7.702629218757692e-08	1.5540521503471545e-06	0.0012258729911187	0.000565721429342	1.5027645903543085e-06	3.2004073561686854e-07	0.0	0.0	0.0	0.0	0.0	0.0	0.0	0.0	0.0	0.0	0.0
4949.461798537873	-10.223332505868711	104.51652752555182	24497172.095185757	6436.2802111897245	-25.844301337438083	41425702.956952445	667.9279116203039	5645.3536694335935	0.4437577311191489	31870018.052987337	0.1969209239280149	5634.483628012018	4682.107762056238	1.058976	17.917604	0.1713266119456997	0.0922217026663465	0.0485804086	-0.047768327	-0.0707373685	0.0894876762	0.0016298679	0.0245521754	-0.093326584	0.0372533241	-0.0440045493	0.0814436628	0.0023347946	-0.068040034	0.0161426532	0.000269472	0.0825224023	-0.0142696919	-0.0179454096	0.0310358461	-0.0333378718	-0.0600335897	0.0413078392	0.0565842319	-0.0513266378	-0.0431005657	0.0183140273	0.0315047354	0.011282689	-0.1372142524	-0.0005465779	0.0142123677	-0.0324358494	0.0791484516	0.0346211397	0.0567793968	0.0310889673	-0.0509090897	0.0839677046	0.0290070357	-0.0090176228	0.058587713	0.0122810746	-0.037413592	0.0229171041	-0.0658918358	-0.0536908009	-0.01743904	-0.0529298756	-0.0065484382	0.0407269021	-0.0348845316	0.1042609705	0.0044289018	0.0025917753	-0.0976677674	-0.0998247683	-0.0518673922	0.0387058733	0.0237566837	0.0641211055	0.0203378503	0.1050011095	0.006088854	0.0619023398	-0.0081709313	0.0653870394	-0.0023705674	0.0213347312	-0.0480711693	0.0711573337	-0.0027104182	0.0402679827	-0.0278459326	0.0862440154	-0.1717430739	-0.0800193588	-0.0092273592	0.0172404688	-0.0116627039	0.0948377617	-0.030333035	-0.0374537846	-0.0120577775	0.0287768851	-0.0731441312	-0.0748920628	0.0259269352	0.0912382167	0.0315960199	-0.0027055543054217	0.0222632107446258	0.0004956505526596	7.320024099585897e-06	0.0563419238838918	0.0001878053835896	0.0031744123869382	3.5270862105238207e-08	0.0275770924032201	0.0786975178314292	0.0061932993128281	0.0007604960254157	0.0022382556454577	0.0004200164845403	5.009788334423266e-06	1.7641384728559217e-07	0.0009945553978001	-0.0002520608825151	6.353468849434142e-08	9.89140439293315e-07	0.0004943887984531	-0.0007314841926656	2.444202840358999e-07	5.350691241196446e-07	0.0	0.0	0.0	0.0	0.0	0.0	0.0	0.0	0.0	0.0	0.0
4951.561455661419	2.0996571235464216	4.4085600364592334	24517960.849191837	6448.126120459954	11.84590927022964	41578330.46535794	140.32556643851254	5641.285529378255	-4.068140055338517	31824102.4239725	16.549763509849676	5629.026004301435	4718.713572483437	1.078376	18.24585	0.092904093088553	0.0528264155164882	0.0368760871	-0.0378513353	0.0053569424	-0.1048595989	-0.0082434597	-0.0598096621	0.0815129253	-0.0651114432	0.0365068872	-0.0262989912	0.0902238761	-0.0557711462	0.0255499096	-0.010418601	-0.0250931066	-0.0854913976	-0.0221064329	0.030280714	-0.0133795282	-0.0335731035	-0.0750478461	0.03212931	-0.0790409732	0.0008577412	-0.0278791973	0.0145529629	-0.0208797002	-0.0476058246	0.0875035247	-0.0075078061	-0.0238230475	-0.0525234001	-0.002356327	0.0539964583	0.1225544437	0.0183821183	-0.0728379609	0.0568694699	-0.006443794	0.0588748581	-0.0403538692	0.049406126	-0.0489094432	-0.0320998591	-0.0607531024	0.0621302083	-0.0296710461	-0.0192660905	-0.0355978841	-0.0766205281	0.0735403407	0.0187618713	0.0810446275	-0.038991773	0.0059151339	-0.0600315142	-0.0550589141	-0.0042184211	0.0106430867	0.0390140903	-0.0020311673	0.0357358149	-0.0283486717	0.0693261579	-0.0552063814	0.0624385083	0.0041431278	0.0555665166	-0.0081794114	-0.0044106032	-0.0426400433	-0.0356447572	0.1080247059	-0.1687963969	-0.1037122686	-0.0037695163	0.0477419145	-0.0197541411	-0.0396414646	-0.0255391652	-0.0198793174	-0.0367083406	0.0276404327	-0.0745488335	-0.0727850846	0.0304722578	0.0912382167	0.0247790096	0.0126827625789189	0.0153883168843406	0.0002368002965328	0.0001608524666332	0.0564457883146758	0.000103864430784	0.0031861270184651	1.0787819982084508e-08	-0.0180139030393533	-0.0455909954425734	0.0020785388654447	0.0003245007027112	0.0022912234049114	5.296775945370013e-05	5.24970469121379e-06	2.8055835415450396e-09	0.0007074070234525	-0.0002871483743476	8.245418889046943e-08	5.004246968299259e-07	0.0007906909912689	0.0002963021928158	6.251922436737957e-07	8.779498946745154e-08	0.0	0.0	0.0	0.0	0.0	0.0	0.0	0.0	0.0	0.0	0.0
4946.2313997467845	-5.330055914634613	28.409496053131424	24465205.05984104	6443.245064640677	-4.881055819277208	41515406.96301644	23.82470591089989	5639.527703857422	-1.7578255208327391	31804272.72257537	3.0899505616908907	5629.283666390544	4692.796543395597	0.976533	16.522688	0.0532333963106726	0.0292612833570341	0.0385777701	-0.0456488005	0.03365305	0.0431243249	-0.0029686938	0.0407026546	-0.075510311	-0.0917518009	-0.0603102125	0.0233767101	-0.0746720735	-0.1007570584	0.0655522655	0.0047659032	0.0486695436	0.0719209093	0.0194778288	-0.0426131172	-0.0422048746	0.0288172573	-0.035661812	0.0192248726	-0.0600898595	-0.0555562229	0.0274354199	0.0200563132	0.0138415574	0.0022020266	-0.0160160507	0.0602337586	-0.030682342	-0.0574809718	-0.065999615	0.0153130285	-0.0050939792	-0.0301256123	0.0769232823	-0.0506567593	0.0292621701	0.1019488798	0.0628013233	-0.0993377798	0.0274100012	0.0216989966	0.019565156	0.0292604177	-0.0038578643	0.0205963715	-0.0748246767	-0.0048666898	0.1042261634	0.0041350435	0.0028637394	0.009291724	-0.0214504676	-0.0692259103	-0.0083471828	-0.0418610695	0.0052166195	0.0367554848	0.0086093369	0.0441712503	0.0154684839	-0.0302655685	0.040021072	0.0178196169	-0.0687767424	-0.1135280533	-0.0133436212	0.0142787013	0.0183101191	-0.03679281	0.1202235943	-0.0451016431	-0.0847360204	0.0385365958	-0.0533790286	0.0255375292	0.0234617229	-0.0235723243	0.0808091515	-0.0464357093	0.0264992443	-0.0759024438	-0.0705658771	0.034934058	0.0908475206	0.0178092284	-0.0003890787828879	-0.0130718413618068	0.0001708730365882	1.5138229929352966e-07	0.056512567789511	6.677947483519492e-05	0.003193670318164	4.4594982592644316e-09	-0.0216074760562889	-0.0035935730169356	1.291376702804764e-05	0.000466883021523	0.002678635022138	0.0003874116172265	7.175085581824245e-06	1.500877611621296e-07	0.0009989923854059	0.0002915853619534	8.502202330549536e-08	9.979857860989704e-07	0.000739663921307	-5.102706996190003e-05	5.471027164832479e-07	2.6037618688966403e-09	0.0	0.0	0.0	0.0	0.0	0.0	0.0	0.0	0.0	0.0	0.0
4955.455510944385	9.224111197600903	85.0842273857064	24556539.32094908	6466.073391743843	22.82832710316597	41810105.107417725	521.1325183291423	5637.573062744141	-1.9546411132814685	31782230.03777835	3.8206218817302178	5622.1884062652	4739.242479112413	1.009863	17.086636	0.0967193063390519	0.045839807659916	0.0327692965	-0.0129430723	-0.051746489	-0.0462127811	-0.0310631777	-0.0748533495	0.0027582681	-0.0275445925	0.0828848634	0.0213659496	0.0708878494	-0.0592565364	0.0756107273	0.0126721954	-0.0127186662	-0.0027232381	-0.0036399158	0.0223332526	-0.0478229147	0.0189393203	0.0510854279	0.062337476	-0.0446037912	-0.0272398837	0.0564217561	0.0479352003	-0.0861940603	-0.014719491	0.0172728975	-0.0029571881	-0.0478633234	-0.0224001679	0.095761222	0.0446354069	0.0608892649	0.0546835825	-0.0261177295	0.1010582475	0.0367713561	0.0846269945	-0.0095142694	0.0083831328	-0.0415634148	0.0051831606	-0.0320711819	-0.0266819527	-0.0348583172	0.0339826954	0.0207961004	-0.0075553374	0.066765668	-0.0005999177	-0.0463390962	-0.053702989	-0.0034171844	-0.0368794484	-0.0063894866	0.0544676047	0.0453004442	0.05854798	-0.0537371163	0.0420728145	0.0093676779	0.0955039906	0.0339556326	0.0379199723	0.0216288461	0.0601697916	0.0408690548	-0.0344088676	0.0029998434	-0.0289155021	0.1026681776	-0.0749036577	-0.038411784	-0.0480823591	-0.0804972445	0.0610915319	0.0266417444	0.038890253	0.0069399371	-0.0398951191	0.0253535154	-0.0772040342	-0.0682378621	0.0393001065	0.0900678015	0.0107296473	-0.0114702694846187	-0.0110811907017308	0.0001227927873681	0.0001315670820497	0.0564430312609403	-6.953652857069614e-05	0.0031858157779234	4.835328805663241e-09	-0.0055348175642535	0.0160726584920354	0.0002583303510015	3.0634205469569044e-05	0.0021271535204985	-0.0005514815016395	4.524782099769162e-06	3.0413184665055813e-07	0.0005997551878615	-0.0003992371975444	1.5939033990310638e-07	3.597062853667832e-07	0.0011788636344574	0.0004391997131504	1.3897194686461105e-06	1.9289638803139373e-07	0.0	0.0	0.0	0.0	0.0	0.0	0.0	0.0	0.0	0.0	0.0
4956.013194061455	0.5576831170692458	0.3110104590640701	24562066.77971122	6382.715956125828	-83.35743561801519	40739062.97658324	6948.462072811547	5641.594128011067	4.021065266926598	31827584.305208955	16.168965880883476	5625.40679654568	4691.4889521380655	1.068914	18.085756	0.0451032405362999	0.028703829020342	0.0145905803	-0.0235657432	0.0970015922	0.0033590344	0.0820408974	0.0266009831	0.0698053414	0.0119107453	-0.0670375917	-0.033158222	-0.0453440926	-0.0109333421	0.0247083798	-0.0076887171	-0.0118603714	0.0121960116	-0.0068675296	0.0886021237	-0.0247223221	-0.0250593253	0.0279503221	0.0434879821	-0.1374584848	0.0078709404	-0.1501517562	-0.0162767334	0.0184178627	-0.095049877	-0.0848632416	-0.0611390011	0.0803722446	0.0586066466	0.0248297986	0.057088633	-0.0632358049	-0.0295161266	0.0052833839	-0.0833833441	-0.004796081	-0.0109985324	0.0423272255	-0.0158347067	-0.0711008796	0.022074051	-0.107347331	0.0254913296	-0.0452717903	0.0074935022	0.0326192882	-0.0780008823	0.0711103872	-0.0706373935	0.0583104157	0.0056719206	-0.0461015922	0.0618685138	0.0479457349	0.0459460081	0.0227993006	-0.0117474373	0.0431780942	0.0162501722	-0.0078731188	-0.0818229474	-0.0547746392	0.1089715579	0.0067773654	-0.0758444489	-0.0072165369	0.0355994606	-0.0422359986	-0.017538016	0.029502471	-0.0892831261	-0.0127740284	-0.0086426163	-0.0341014612	-0.0468571454	0.0916227418	0.0197744608	-0.0050980369	-0.0300045496	0.0242034423	-0.0784527129	-0.0658046293	0.0435584361	0.0889023983	0.0035839144	-0.0128795879198264	-0.0014093184352077	1.9861784518162835e-06	0.0001658837849845	0.0565993920104546	0.0001563607495142	0.0032034911759531	2.4448683988673377e-08	-0.0106674296249664	-0.0051326120607129	2.634370656577553e-05	0.0001137940548036	0.002561963023017	0.0004348095025185	6.563654531306406e-06	1.890593034803857e-07	0.0009239998348917	0.0003242446470302	1.0513459112773901e-07	8.537756948798889e-07	0.0011698187981888	-9.044836268600094e-06	1.3684760205958885e-06	8.180906312578368e-11	0.0	0.0	0.0	0.0	0.0	0.0	0.0	0.0	0.0	0.0	0.0
4955.529238482727	-0.4839555787275458	0.2342130021815137	24557270.0334572	6440.452859032233	57.7369029064057	41479433.02941647	3333.5499572237195	5640.205367838542	-1.388760172525508	31811916.5913947	1.928654816793079	5626.957277290552	4758.063086316476	1.007722	17.0504	0.085503200802074	0.0435692913364737	0.0258259822	-0.0037066678	-0.0268164263	0.0702370544	0.0077010147	0.0174259161	-0.1021106047	-0.0162905656	0.0474186173	0.0661941352	0.0351077719	-0.0129282964	0.0246325042	-0.0230065582	0.0948086451	0.0641717361	-0.0567890612	0.0346232971	0.0023098118	-0.0068376205	0.0031587569	-0.084680011	-0.009296942	-0.0546704383	-0.0179918885	-0.020704087	0.0330873962	-0.0573645243	-0.0276649475	0.0313680014	-0.0205534222	0.0957970964	-0.0359294608	0.0519830456	-0.0212837811	0.027274049	0.0338666943	0.0784780167	-0.0082041266	0.0321538418	0.0560182132	-0.0305849204	0.131483831	-0.0080195044	-0.0102460925	-0.0109561202	-0.0232240548	-0.0806409267	-0.0308821391	0.0100581474	0.0071646957	0.0020492925	0.049048858	0.051236973	-0.0619607838	-0.0573937778	0.0140987969	0.0217308139	-0.0122026852	0.0206193739	-0.0107485055	-0.0109825343	-0.0225928908	0.0515357065	0.0971426664	0.0058286253	0.0529638194	-0.0728359337	0.0246258172	-0.0440462865	0.0281173037	0.0208067516	0.0744587496	0.0246011732	-0.0553997101	0.0126408929	-0.0180664356	-0.0308782355	-0.0339318146	-0.0238866915	0.0265295928	-0.1194791209	0.0230492221	-0.0796476241	-0.0632699305	0.047697375	0.0873563013	-0.0035839144	-0.0038526016367086	0.0090269862831178	8.148648135559693e-05	1.4842539371169784e-05	0.0566589034992262	5.951148877159779e-05	0.0032102313457346	3.541617295812009e-09	-0.046309075782716	-0.0356416461577496	0.0012703269408342	0.0021445304998493	0.0023322446913799	-0.0002297183316371	5.439365300469726e-06	5.2770511890132666e-08	0.0005251469172691	-0.0003988529176226	1.590836498960606e-07	2.757792847172389e-07	0.0009828889099998	-0.0001869298881889	9.66070609400595e-07	3.4942783098352024e-08	0.0	0.0	0.0	0.0	0.0	0.0	0.0	0.0	0.0	0.0	0.0
4952.470015260007	-3.059223222719993	9.3588467264293	24526959.252049454	6483.169803038339	42.71694400610522	42031490.69502817	1824.737305220729	5640.063794759115	-0.141573079426962	31810319.608952586	0.0200429368184329	5625.187385371069	4782.9401176303045	1.046972	17.7145	0.0142338360120449	0.0088586648210146	0.0120284506	0.0357763463	-0.0322354818	-0.1009240888	-0.0660077353	-0.107410664	0.0100291968	-0.0679687948	-0.005812588	-0.0908173454	-0.0071989298	0.0046030899	0.0759881714	-0.0006820871	-0.0242419624	-0.0890416503	-0.0700170127	-0.0419529674	0.0019791998	0.0075185187	0.0211662074	-0.0373471304	-0.0210933129	0.0343426709	0.096188104	0.0080824758	-0.039689091	-0.0079192063	0.0070864763	-0.0520492857	0.0366889823	0.0012882161	-0.0532363549	0.1003195898	-0.1197566044	0.0098865244	-0.071293623	-0.0433345364	0.103689161	0.0349362902	-0.0500353907	0.0743158039	0.0071923735	-0.0079126136	0.0256471175	0.0060188108	-0.0240614777	-0.0055962119	0.0128775025	-0.0556804484	-0.0437280921	0.0043645135	-0.0828677546	0.0075579758	-0.0317306739	0.0529856861	-0.0565340949	0.1251884418	0.0051628977	0.02850653	-0.0698656172	0.0397709043	-0.0175149513	-0.0226622475	-0.0295280633	0.0646894242	-0.0645078318	0.0674188343	0.0108223274	-0.0265089371	-0.0348182857	0.0294073989	0.0293439177	-0.0012230163	0.0595742831	-0.035952583	-0.0670294313	-0.0286495018	-0.0941205648	0.0261771012	0.0392653693	-0.0824791209	0.0218910524	-0.0807879487	-0.060637674	0.0517055788	0.0854361313	-0.0107296473	-0.0074852205254103	-0.0036326188887017	1.3195919990552374e-05	5.602852631402365e-05	0.0566402477548138	-1.8655744412399144e-05	0.0032081176657266	3.480367995807619e-10	-0.0462471935405801	6.188224213590082e-05	3.829411891766259e-09	0.0021388029103798	0.0023568288922297	2.4584200849799703e-05	5.5546424272486745e-06	6.043829314232923e-10	0.0003621318841038	-0.0001630150331652	2.6573901037883845e-08	1.3113950148456805e-07	0.000960074561279	-2.2814348720799973e-05	9.217431632150644e-07	5.204945075542674e-10	0.0	0.0	0.0	0.0	0.0	0.0	0.0	0.0	0.0	0.0	0.0
4936.068410688968	-16.40160457103957	269.01263250474614	24364771.35500151	6349.265244237635	-133.90455880070385	40313169.14168399	17930.430867611154	5635.722421061198	-4.341373697917334	31761367.207251888	18.847525584968423	5619.992278063189	4698.310216766557	1.092018	18.476677	0.0885877500271065	0.0551529380638725	-0.0206391936	-0.0479878436	0.0608980475	0.0252982564	0.0923598484	-0.0175075084	-0.03158829	-0.0720922829	0.0235806457	0.0884776995	-0.028568555	-0.0152448601	-0.0285749087	0.0029890197	0.089832078	0.0461218403	-0.0190276406	-0.0348193112	0.041091879	-0.1082308332	-0.0445680867	0.033820555	0.0679926253	-0.0176680642	-0.0795137473	0.0580749109	-0.0848513937	-0.0875594121	-0.0231793514	-0.001682584	-0.0703631096	-0.0640750829	0.0940820246	0.0753628499	-0.077861467	0.0219374635	0.0987693436	0.024033221	-0.0473372334	-0.0127670856	0.0185653429	-0.0578402552	0.0366667336	-0.0504841059	0.0024420939	0.116002226	-0.0191428083	-0.0217009006	0.0017506602	0.0759804763	-0.010820432	-0.0224706537	0.046250395	-0.097084922	-0.0971517777	0.0493783278	0.051868984	0.0611442936	0.0167537389	-0.0334059985	0.0675280651	-0.0132574147	-0.0130192233	0.0264025843	0.0550436667	0.0019300188	0.0259767441	-0.1060568429	0.0072005738	0.036439669	0.0150980832	0.0663615144	-0.067990669	0.0406402294	0.1003610994	-0.0062525745	-0.0519052642	0.0669210732	-0.0565780854	0.0139922548	-0.0195936685	-0.0003587028	0.0207291319	-0.0818729053	-0.0579119187	0.0555720611	0.0831501106	-0.0178092284	-0.0030408542400408	0.0044443662853695	1.975239167852909e-05	9.246794509174111e-06	0.0567327757924545	9.252803764069756e-05	0.0032186078491169	8.561437749638345e-09	0.0057980473271612	0.0520452408677413	0.0027087070969812	3.361735280800113e-05	0.0025501844140292	0.0001933555217994	6.503440545557454e-06	3.73863578103569e-08	0.0005081085223697	0.0001459766382658	2.1309178919413408e-08	2.581742705047199e-07	0.0012608546979407	0.0003007801366617	1.589754569319134e-06	9.046869061023095e-08	0.0	0.0	0.0	0.0	0.0	0.0	0.0	0.0	0.0	0.0	0.0
4942.050669668109	5.982258979141079	35.787422493514065	24423864.821567003	6417.106376597423	67.84113235978839	41179254.248567306	4602.419239858327	5632.556827392578	-3.1655936686192945	31725696.413806748	10.020983274802564	5615.24357159685	4737.135799931545	0.979136	16.566738	0.0836059826504616	0.0465803964262901	-0.0009974768	-0.0370375927	-0.0680109032	0.0519540986	0.0263784475	-0.014662585	-0.13870604	0.0064639138	0.0571531262	-0.073095331	0.0198365292	-0.0225803751	0.0418812511	-0.0318549742	0.0428221423	0.0182383847	-0.0591586988	-0.0249907181	-0.0360371766	-0.0413200753	-0.0005896185	-0.1109489146	-0.007334072	0.024356738	-0.1090435483	0.0201676821	0.0316473339	-0.0360536937	0.032477306	-0.0451761999	-0.0317548276	-0.0637791051	-0.0191500572	0.0015748569	-0.0324950812	0.0733215724	-0.0533895554	-0.0177318335	0.0205710394	0.06049072	0.0088657873	0.0047999813	0.0907387667	-0.0233232128	0.0552409853	-0.018901044	-0.0579155573	-0.1017049258	0.0151875057	-0.0352155672	-0.011462474	0.0214331675	0.0815620325	-0.0115502784	-0.0115124735	0.0493940831	-0.0044101648	-0.0358447816	-0.0165428734	-0.0008852397	-0.0250199197	0.0353286471	-0.0629053932	0.0201925037	-0.0294811108	0.0112943872	-0.0274514748	-0.0029776521	0.0528228868	-0.0864475113	0.0663501977	0.0372797924	0.0458768443	0.1041598205	0.0034509254	0.0012423708	0.046413522	-0.0375895712	-0.0316670592	-0.0021053802	-0.0704800882	0.0073266732	0.0195636596	-0.0829017503	-0.0550968674	0.0592862243	0.0805080284	-0.0247790096	0.0003424757831567	0.0033833300231975	1.1446922045869598e-05	1.17289662048795e-07	0.0563877974728654	-0.000344978319589	0.0031795837038408	1.190100409865151e-07	-0.0261142870536588	-0.03191233438082	0.0010183970856332	0.0006819559883208	0.001899684280116	-0.0006505001339131	3.6088003641198455e-06	4.231504242210909e-07	0.0005999918329373	9.188331056760004e-05	8.442542760862038e-09	3.599901995914609e-07	0.0010439313438844	-0.0002169233540563	1.0897926507442897e-06	4.7055741535034914e-08	0.0	0.0	0.0	0.0	0.0	0.0	0.0	0.0	0.0	0.0	0.0
4945.901865937204	3.851196269095453	14.83171270309474	24461945.26748112	6428.3556732784045	11.249296680981388	41323756.66217065	126.54667581673888	5639.060579020183	6.503751627604288	31799004.213859435	42.29878523356543	5623.40365121646	4729.715045106177	1.041398	17.620193	0.0371675038725633	0.0231315010335193	0.0046250947	0.0033174034	-0.0062508723	-0.0990137689	-0.0135306651	-0.1039684367	0.0222859028	-0.0133953354	-0.0229213973	0.05117345	-0.0638132627	-0.0188298331	0.0446126259	0.006272768	-0.06051067	-0.0533839645	-0.0101846666	0.0363245872	-0.0123114805	0.017662365	-0.0306034348	0.0389226754	0.0129369474	0.0493272833	0.063367057	0.0163194473	0.0801847493	-0.0142026935	0.1065249068	0.0081910747	0.0225788839	-0.1016302341	-0.0313892869	0.0475490404	0.1103379057	-0.0136432527	0.0720074259	-0.0135394692	0.0585401902	0.0261328127	-0.0290514757	0.057487707	-0.0526452095	0.0464301835	-0.0273647228	0.0249761344	0.0052433528	0.0236473293	-0.0010485927	-0.0163823047	-0.0221039262	0.0688447812	-0.0253099766	0.0101683932	-0.002994945	-0.0292186371	-0.1180606624	-0.0795074217	-0.0021463301	0.0181834455	-0.0154162128	0.0246002272	0.0262880982	0.0077532466	0.0609593383	0.0378217864	-0.0987878384	0.01619491	-0.0643442285	0.0677124776	-0.0470292873	0.0701229023	0.0387301513	-0.0077409638	0.0631856992	-0.0482088884	0.0286666441	-0.0412857559	-0.0963722659	0.0089943552	-0.0569133355	0.0457129504	0.0183948351	-0.0838737786	-0.0521968607	0.0628378881	0.0775211985	-0.0315960199	0.0005861095317669	0.0002436337486101	5.9357403461858114e-08	3.435243832280147e-07	0.0562876535440324	-0.000100143928833	0.003168299941493	1.002880648210908e-08	-0.0076408125540936	0.0184734744995652	0.000341269260086	5.838201648679437e-05	0.0018990057874219	-6.784926940999782e-07	3.606222980661871e-06	4.603523359470465e-13	0.0008750787790974	0.0002750869461601	7.567282794768979e-08	7.657628696265962e-07	0.0011351709389413	9.123959505689993e-05	1.2886130606168725e-06	8.324663706147077e-09	0.0	0.0	0.0	0.0	0.0	0.0	0.0	0.0	0.0	0.0	0.0
4933.125014545343	-12.776851391860871	163.24793148969712	24335722.40913299	6365.046940481426	-63.3087327969788	40513822.55453196	4007.99564835926	5632.208930664063	-6.851648356119767	31721777.438652027	46.94508519591871	5614.035129334367	4674.872077842164	1.02192	17.290623	0.0621100860578698	0.0311974671197806	0.0035567661	-0.0460377932	0.0022571338	0.0701467719	0.0740482709	-0.0031582514	-0.0854240058	-0.0219608598	0.0614897901	-0.0387585011	0.0489664103	-0.0451111843	-0.0239592586	-0.0067133176	0.0701820294	0.0661250594	0.0231484372	-0.0320655553	0.0078923056	-0.0549380337	0.0660161726	-0.0132723254	0.0227322434	-0.0385957611	-0.0246838733	0.0484337451	0.1070357515	0.0174444782	0.1609253506	-0.0608518624	0.0110604046	-0.1585390294	-0.0096827062	0.0105890169	0.065260223	0.0630105077	-0.0422388963	0.011064103	-0.0607163879	0.0479910433	0.0202624032	-0.0588349345	0.055467881	-0.0491308832	0.0306454631	-0.0095086315	0.0030727303	-0.0503600545	0.0633942066	0.057713449	0.0278077768	-0.010629124	0.0358058675	0.0007659595	-0.0490164031	0.0220213154	-0.1403105759	-0.0689510023	-0.0022100686	-0.0172359765	0.0236061391	0.0191741256	-0.0582008884	0.0916969123	-0.0205416324	-0.0597764769	0.0077823206	-0.0441812829	0.0782693031	-0.0200292371	0.0713100644	0.0553198483	-0.0443855105	-0.0446087581	0.0513012225	-0.0253315784	-0.0308274141	-0.0436446085	-0.1451552593	0.0035175195	-0.0058899915	0.0531708518	0.0172228587	-0.084788324	-0.0492163702	0.0662173176	0.0742024108	-0.0382182304	-0.0086677208351204	-0.0092538303668873	8.563337645912554e-05	7.512938447558028e-05	0.0564522330977865	0.000164579553754	0.0031868546217268	2.7086429513897433e-08	0.0131739364493199	0.0208147490034135	0.0004332537760751	0.0001735526015707	0.0021256405701962	0.0002266347827742	4.518347833664026e-06	5.13633247631541e-08	0.0009278266114671	5.274783236969998e-05	2.7823338197019684e-09	8.608622209465209e-07	0.000777015011409	-0.0003581559275322	6.037523279549283e-07	1.282756684265221e-07	0.0	0.0	0.0	0.0	0.0	0.0	0.0	0.0	0.0	0.0	0.0
4926.439498499032	-6.685516046311022	44.69612480548216	24269806.1323714	6415.855773521575	50.80883304014969	41163205.306630135	2581.5375149018078	5631.848021647135	-0.3609090169275077	31717712.138930757	0.13025531849958	5614.927750841034	4697.798555960063	1.125773	19.047792	0.0790356740502694	0.0499970480300748	-0.0301064689	-0.0651404259	-0.0476756842	-0.1282312986	0.0063141265	-0.1247646566	0.0036659798	-0.0004253329	-0.0241442915	-0.0153313908	-0.0989829784	-0.0788508587	0.0198074802	0.0084515084	0.0080482429	-0.1102139862	-0.091868323	0.0526281571	0.0754667104	-0.0646222687	-0.0100519827	-0.0523083226	-0.0308283267	0.0439612865	0.0189781128	-0.0618815963	-0.059886957	0.0383283257	0.0279651955	0.048099078	0.0252145126	0.0317881978	-0.0664452047	-0.0552801353	0.0989463294	0.0130860942	0.0614302832	-0.0923380591	0.0357212361	0.063478105	-0.0851384143	0.0755768004	0.0233255763	0.0131420222	-0.086823145	0.0863118036	0.0364198999	-0.0475355231	0.0273242473	-0.0499688333	-0.0198227297	0.0187655979	0.0184932034	-0.0047281588	0.1067733307	-0.0415357873	0.0252814111	0.0403699559	-0.030461019	-0.0628258724	0.0541688878	0.0384657967	-0.0262855371	-0.0493285632	0.048581565	0.0817934884	-0.0910216688	0.0525967615	-0.0396724278	-0.0259734136	-0.0486671642	0.0005372848	0.0380729262	-0.0013668395	0.0023562377	0.1359332326	0.0011891542	0.0426760662	-0.0590018617	-0.0381247299	0.0250834226	-0.0686806738	0.0160479313	-0.0856447597	-0.0461599916	0.06941525	0.0705658771	-0.0446048127	-0.0079765164244065	0.0006912044107138	4.777635373903491e-07	6.362481426882667e-05	0.0567803004698532	0.0003280673720666	0.0032240025214468	1.0762820061474941e-07	-0.0020145562885289	-0.0151884927378487	0.0002306903116476	4.058437039651336e-06	0.0029849541971948	0.0008593136269986	8.909951559350853e-06	7.384199095454893e-07	0.0010241116215763	9.628501010920003e-05	9.270803171728753e-09	1.0488046134476388e-06	0.001077974564894	0.000300959553485	1.1620291625584088e-06	9.057665283389062e-08	0.0	0.0	0.0	0.0	0.0	0.0	0.0	0.0	0.0	0.0	0.0
4922.676005546412	-3.763492952620254	14.16387920442232	24232739.055582374	6354.783156237066	-61.07261728450976	40383268.96279432	3729.864581980201	5628.620861409505	-3.2271602376304145	31681372.80149428	10.414563199342794	5609.439616202071	4649.992029626385	1.079869	18.271111	0.0598485177118442	0.0330870764850483	-0.0175443219	-0.0720430947	0.0399506478	0.0338732796	0.0795157737	-0.0133311715	-0.0876198432	-0.0193269315	0.1020803331	0.0446268128	0.004546857	-0.0697443368	-0.0067923978	-0.0422771091	0.0612252605	0.0220453553	-0.0082754236	-0.0324936584	0.0341314629	-0.037513932	-0.0104610899	-0.0380216358	-0.0209754939	-0.0737233095	0.0551399535	-0.0888763992	-0.1268910107	0.0199305919	-0.0022234668	0.0415265463	0.0619669824	-0.1219209576	-0.0856016844	-0.0231560811	-0.0408786368	0.1035063019	0.044485569	0.0417985759	-0.0711365541	0.0705854001	0.0408993531	-0.0224141267	0.0713218327	-0.0044907572	0.0243382275	0.0382470424	0.043470762	-0.0200886082	-0.0046734524	0.0062392774	0.100396831	0.0835770376	0.0062866881	0.0196289585	0.0596951428	-0.0329401329	0.0397059277	0.0782060925	-0.0342686872	-0.0247329291	-0.0226196564	0.0326447482	-0.0318313212	0.1267427179	0.0411878537	-0.0604249161	-0.0259614689	-0.0659916576	-0.0365185472	-0.0213917897	0.0426485155	0.0082064882	0.0811104098	-0.0377788797	-0.0234914821	0.0488817029	-0.0229556727	-0.019838579	-0.0795247432	-0.0265195444	0.0343638921	-0.0351180737	0.0148702542	-0.0864424987	-0.0430324377	0.0724229201	0.0666271694	-0.0507163915	-0.0046058915889659	0.0033706248354406	1.1361111781288974e-05	2.1214237329306825e-05	0.0567027958629466	-7.75046069065935e-05	0.0032152070586749	6.006964091745581e-09	0.0132458505260331	0.015260406814562	0.0002328800161459	0.000175452556158	0.0026066737477455	-0.0003782804494493	6.794748027185571e-06	1.4309609843556458e-07	0.0009958640624885	-2.824755908780005e-05	7.979245944187552e-10	9.91745230956099e-07	0.0006617029443324	-0.0004162716205616	4.378507865381673e-07	1.732820620849807e-07	0.0	0.0	0.0	0.0	0.0	0.0	0.0	0.0	0.0	0.0	0.0
4921.438006624692	-1.2379989217197362	1.5326413301792297	24220552.053050023	6373.66057177411	18.87741553704473	40623549.08418788	356.3568173582576	5631.026494547526	2.405633138021585	31708459.382296205	5.787070794747579	5614.595706291545	4623.65628081677	0.980946	16.597363	0.0419305582781202	0.022793022663772	-0.012423785	-0.0645765189	0.0299153491	-0.0631923585	0.0702502285	-0.0610982322	0.0659262141	0.0733391864	-0.0167232845	-0.0625641033	-0.0582842767	-0.0113001123	-0.0235182726	-0.007431073	-0.0265365789	-0.0223504914	0.0046070479	0.0820382484	0.0061357792	-0.049522882	0.0271727207	0.0713171604	0.0008228821	0.0007234786	-0.0057832613	-0.1225510682	-0.0399814262	-0.0170114521	0.0448428692	-0.0570436208	0.0101502397	0.0334087304	0.0685612593	-0.013507109	0.0212827842	0.0169047163	-0.0087919324	-0.092088041	-0.0256597072	-0.0005133644	-0.0179399664	0.0347828487	-0.0458716652	0.0267679191	-0.0952189905	0.0115682098	0.0090295525	0.0235995973	0.0751500015	0.0311210065	0.034364922	0.0602518421	0.0143521696	0.0307589832	-0.0027693129	-0.0201628869	0.0522046981	0.0264818128	-0.0480620757	-0.0794225584	0.0714414456	0.0302052351	-0.0455458722	-0.0047392805	-0.0494626463	0.0423591156	-0.0960761882	0.0688622019	0.0074353034	0.0096099746	-0.020716429	0.0674802091	-0.0525388912	-0.0857123672	0.0558514017	-0.0231339766	0.013218063	-0.0174725848	0.0022845625	-0.0447026222	0.013309386	0.0605155942	0.0136900291	-0.0871809944	-0.0398385309	0.075232084	0.062403154	-0.0565152869	0.0007029200264838	0.0053088116154497	2.8183480768333653e-05	4.940965636319861e-07	0.0536289877521483	-0.0030738081107983	0.00287606832732	9.448296302009446e-06	0.0135137641490103	0.0002679136229771	7.177770937676883e-08	0.000182621821475	0.0029068408319553	0.0003001670842098	8.449723622322582e-06	9.010027844301329e-08	0.0009450064523826	-5.085761010590001e-05	2.5864965056837427e-09	8.930371950447473e-07	0.0003471271400702	-0.0003145758042622	1.2049725137331625e-07	9.895793662721003e-08	0.0	0.0	0.0	0.0	0.0	0.0	0.0	0.0	0.0	0.0	0.0
4929.554129372901	8.116122748208909	65.87144846399413	24300503.91441742	6406.780709171927	33.12013739781651	41046839.05541754	1096.9435012502436	5633.9903955078125	2.9639009602860824	31741847.77667428	8.78470890238476	5621.198678220756	4635.188247880125	1.015493	17.181887	0.0280238492655384	0.017136603295551	0.0170869318	-0.0586909127	-0.0307451294	0.0950001951	0.0383671501	0.0301136561	-0.0870778554	0.0731342101	0.024557378	0.0792924064	-0.0006151645	-0.0530332151	-0.0440516415	-0.035860919	0.0800057483	0.026129644	-0.0562063113	0.0261525616	0.0345687427	-0.0125741891	0.0617146857	-0.0584062886	0.067688194	-0.0355785616	0.0200094285	-0.080522287	-0.0601152623	-0.0392541811	0.0384314966	0.0855722036	0.0378374186	-0.0215672321	0.0022777087	-0.0475847483	-0.0545374646	0.0120689659	0.0714680044	0.0387510088	-0.085996	0.0491459049	0.0201051362	-0.0026609747	0.1214405749	0.0094125619	-0.0134437698	-0.0318792555	0.0301076466	-0.0230032499	0.0470394264	0.0241822028	0.0017045255	0.0934925836	0.0185384595	-0.0126852089	0.0224842323	-0.0269670711	0.0349992285	0.0314501089	-0.0614890126	-0.0588378242	0.0678925848	-0.0108411406	-0.0119666908	0.0823135798	0.0876144346	-0.0474095742	-0.0194508842	-0.0491784259	0.0278397415	-0.0270465292	0.0505927411	0.0293856862	0.0268653542	-0.0052655734	-0.01029615	0.0094551496	0.034946243	-0.0558159924	0.0364200341	-0.0289718052	-0.022602788	-0.0224327059	0.0125074584	-0.0878597406	-0.036583196	0.0778350419	0.0579119187	-0.0619657467	-0.0009381431621449	-0.0016410631886287	2.693088389072196e-06	8.801125926792322e-07	0.056502884403514	0.0028738966513657	0.0031925759459168	8.259281962731014e-06	0.0133668889737563	-0.0001468751752539	2.1572317105893208e-08	0.0001786737208367	0.0025873238909651	-0.0003195169409902	6.694244916758786e-06	1.0209107557973495e-07	0.0008650378251771	-7.996862720550002e-05	6.394981337132239e-09	7.482904389871269e-07	0.0004148818568803	6.77547168101e-05	1.7212695516844572e-07	4.590701650016847e-09	0.0	0.0	0.0	0.0	0.0	0.0	0.0	0.0	0.0	0.0	0.0
4939.704224346882	10.15009497398114	103.0244279808372	24400677.824030437	6468.7520663027735	61.97135713084663	41844753.2952964	3840.4491046389353	5633.1504736328125	-0.8399218750000728	31732384.25858958	0.7054687561036378	5619.645277921328	4670.580371732026	1.016422	17.197603	0.0465234790809261	0.0294576028682443	0.0144355457	-0.0190721331	0.0465371851	-0.0700681515	-0.0253456449	0.0133800304	0.0879758672	0.0097693108	0.0223444165	-0.0914891011	0.0353307785	-0.04655893	0.0029454273	0.0319489748	-0.0550637146	-0.0321290597	-0.0015294809	0.0295134875	0.0436626754	-0.0313993006	-0.0542149145	0.0075487629	0.0094726074	0.0521897479	0.0436963302	0.0052126217	0.0185746884	-0.0297775651	-0.0511615527	0.0604183596	0.0433881443	-0.105554199	0.0467417107	0.1173160549	-0.0390221809	0.0250418195	-0.0990964078	-0.0239742864	-0.002586809	0.0372032219	-0.055570769	0.0204082533	-0.0311671008	0.0624910292	-0.0655824185	0.040879858	0.0530033203	0.0150937917	-0.0189836532	-0.0502574505	-0.0161427952	0.0555703667	-0.0677916464	-0.0573837108	-0.0351731001	0.0485161298	0.0275170919	-0.0924631498	-0.0631007483	-0.0131093809	-0.0439988011	0.0420210234	-0.0731412879	0.0457118213	-0.0777046137	0.039145818	-0.0567991742	0.0108035303	-0.0339434075	0.0251118821	-0.0215327944	0.0326646739	0.0335011202	-0.0405878223	0.0470152664	-0.0478834339	0.0228874508	-0.0677068785	0.0568798596	0.0377360604	-0.0548930687	-0.0256828274	0.0113227445	-0.0884782721	-0.0332714524	0.0802246594	0.0531726956	-0.0670341672	0.0019692052754436	0.0029073484375885	8.452674937548294e-06	3.877769416834905e-06	0.0565904782633452	8.759385983119622e-05	0.0032024822300741	7.672684280127251e-09	-0.0146476016086651	-0.0280144905824214	0.0007848116825925	0.0002145522328861	0.0024308571711184	-0.0001564667198467	5.909066586377751e-06	2.4481834419585735e-08	0.00072598754508	-0.000139050280097	1.933498039508196e-08	5.270579156112851e-07	0.0004001179328024	-1.4763924077899968e-05	1.600943601500659e-07	2.1797345417799442e-10	0.0	0.0	0.0	0.0	0.0	0.0	0.0	0.0	0.0	0.0	0.0
4938.83473946043	-0.8694848864524829	0.756003967769287	24392088.58370117	6453.522785919392	-15.229280383381592	41647956.34838079	231.9309809956514	5632.499087320964	-0.6513863118489098	31725045.96867149	0.4243041272641252	5620.903133486341	4641.6742329316985	0.999802	16.916403	0.037088746797434	0.0200907361250796	0.046360723	-0.0115523611	-0.0721246147	0.0400015512	-0.0312923731	-0.0469448771	-0.0256888455	0.1370794353	-0.0174793653	0.0746421384	-0.0371941316	-0.0955184586	0.0226367633	-0.0341538842	-0.0003387954	0.0022686675	-0.0668302923	-0.0142488113	0.0169209836	0.0315099476	0.0793728627	0.0339897199	-0.0272694535	0.0426893485	0.1020018605	0.015970043	0.1056341916	-0.0259059715	-0.0024081717	0.0125787231	0.0164369093	0.0603327838	0.0588702657	0.0981458903	0.0145275868	-0.0289578247	0.0855174745	0.011290042	-0.0297144105	0.0808582212	-0.0053534169	0.0295030164	0.0057926207	0.0337174134	-0.0181548888	-0.0567334822	-0.0220608162	0.063933472	0.0788502588	-0.0717884107	-0.0079420804	-0.002100151	-0.1014592783	-0.049091188	-0.0414370839	0.0507755634	-0.0244962905	-0.0561087391	-0.0778411031	-0.0194887139	0.0461467551	-0.0012389866	0.0534502836	0.0123334157	0.1032374994	-0.0253049292	-0.0453416542	0.0173327424	0.0620259156	7.95496e-05	0.0148679243	-0.013524467	0.0022081465	-0.0761681564	0.0521497469	-0.0267160736	-0.0344531096	-0.0444501846	0.1074029148	0.0450799254	-0.0733450301	0.005470063	0.0101360905	-0.089036165	-0.0299084066	0.0823943867	0.0482057789	-0.0716892996	-0.0030272932375794	-0.004996498513023	2.496499739064105e-05	9.164504346293968e-06	0.0565844405643645	-6.0376989807001125e-06	0.003201798913982	3.645380898154718e-11	-0.0016425837537497	0.0130050178549154	0.0001691304894066	2.698081388082455e-06	0.0024942808664951	6.342369537669975e-05	6.221437040963546e-06	4.022565135236405e-09	0.0010030560408096	0.0002770684957296	7.67669513258634e-08	1.00612142100463e-06	0.0004412495963064	4.1131663503999976e-05	1.9470120624056093e-07	1.6918137426062835e-09	0.0	0.0	0.0	0.0	0.0	0.0	0.0	0.0	0.0	0.0	0.0
4927.170474626231	-11.664264834198548	136.0550741223209	24277008.88602848	6335.467920568605	-118.05486535078671	40138153.77255388	13936.951232992382	5624.346922200521	-8.152165120442987	31633278.30126647	66.45779615096723	5610.047882594642	4609.7134513107	1.064876	18.017443	0.0474987964575582	0.0439025640052009	0.0125423223	-0.0651891753	0.1016563585	0.0131087951	0.0967144195	0.0361266068	0.0210294797	-0.0076446978	0.0683024495	-0.0493021007	0.0137475299	-0.0748661173	-0.0908974276	-0.0488268743	0.0222919279	0.0943788382	-0.0558129738	-0.0159219327	0.014009817	-0.0443421615	-0.0130454076	0.0077332587	-0.0253817409	-0.0500505055	-0.0177334687	0.0812969355	0.0537166019	0.0171897634	0.0405593433	0.0562787157	0.0385365511	0.0834966544	0.0079770602	-0.076813401	0.0093903505	0.0647840499	-0.0458450461	-0.0243392907	-0.1341547792	0.0276150535	-0.0036928553	-0.027397417	0.0446995443	0.0345271486	-0.002452027	0.0507787533	-0.0422400241	-0.0400903555	-0.0518085083	0.0429602796	0.0114546288	-0.0882886012	0.001513338	-0.0322305781	-0.0137117296	-0.0424155274	-0.0659674343	-0.0133816125	-0.0921889232	-0.0601013231	0.0250411243	0.0087188107	-0.0942789657	0.0613810003	-0.075855987	0.0224722668	0.0213889549	-0.0830059998	0.027725984	-0.0150091709	0.0014928275	-0.0008722617	-0.0394468185	0.0051556302	-0.0218891588	-0.0063599163	-0.0335362628	-0.0071736792	0.0172949256	0.0362788067	0.0254021447	-0.0376574516	0.0089476998	-0.089533037	-0.0264992443	0.0843382767	0.0430324377	-0.0759024438	-0.0028603509539237	0.0001669422836557	2.7869726072180293e-08	8.181607579612219e-06	0.0570467940253962	0.0004623534610316	0.0032543367085759	2.137707229279895e-07	-0.0035731459784855	-0.0019305622247357	3.727070503576841e-06	1.27673721835671e-05	0.0033512666152434	0.0008569857487483	1.1230987926444957e-05	7.344245735576846e-07	0.001014796912061	1.1740871251399904e-05	1.378480577419487e-10	1.029812772728541e-06	0.0004713017460694	3.005214976299999e-05	2.2212533584806523e-07	9.031317053777803e-10	0.0	0.0	0.0	0.0	0.0	0.0	0.0	0.0	0.0	0.0	0.0
4934.22077205948	7.050297433248488	49.70669389727022	24346534.62742325	6445.758039663959	110.29011909535348	41547796.70589256	12163.910370067251	5625.4930631510415	1.1461409505209303	31646172.203560486	1.3136390784610217	5610.021438143442	4679.203735650754	1.036495	17.53723	0.0481835420452545	0.0277845613919071	0.0278488458	-0.0074947036	-0.0225735187	-0.1019080744	-0.0557553544	-0.1070600687	0.0226301059	0.0219432266	-0.0086752186	0.0020311195	-0.0900121671	-0.1081775481	0.0516699972	0.0055961331	-0.1186634611	-0.016910837	-0.1030357456	0.0505383157	0.0305277055	0.0315264266	0.0019633566	0.0224384892	0.0279917209	-0.0412738356	0.0595028501	-0.0123606638	-0.0226984693	0.0268704576	0.0904625872	-0.0763302213	-0.0312489024	0.0686747455	-0.0571229674	0.0357203354	0.0555773223	0.0134845345	0.0639221466	-0.0536493704	0.0608573159	0.0995456405	-0.0802931062	0.0646342224	-0.0085766106	0.1393413499	-0.0400308115	0.001552191	-0.0057992784	0.0039580754	-0.0185299247	0.056222052	-0.0334327072	-0.0424277237	-0.0418219129	0.0257705731	0.0043220249	-0.0350823279	-0.0536544424	0.0950085493	-0.0899437737	-0.0133219795	-0.0122184136	0.0214146169	0.0050784775	-0.0129098858	0.0588998029	0.0725135915	-0.1234763232	0.0477740557	-0.0332235847	0.0220001708	-0.0207216026	0.0481139504	0.0318575886	0.0139874364	0.0277856211	-0.0068588754	-0.0482898184	0.0200217118	-0.0228982113	0.0012344444	0.0658440654	-0.0295374468	0.0077577759	-0.0899685475	-0.0230492221	0.0860510014	0.037674825	-0.0796476241	0.0021300483068387	0.0049903992607624	2.4904084781817903e-05	4.5371057894664135e-06	0.0567960455039298	-0.0002507485214663	0.0032257907848844	6.287482101758559e-08	-0.0103664699435412	-0.0067933239650557	4.61492504942001e-05	0.0001074636990903	0.0028537632431158	-0.0004975033721275	8.143964647758809e-06	2.475096052783331e-07	0.0008652830174915	-0.0001495138945694	2.2354404669339553e-08	7.487147003591955e-07	0.0005472658853317	7.596413926230002e-05	2.994999492478894e-07	5.770550453862112e-09	0.0	0.0	0.0	0.0	0.0	0.0	0.0	0.0	0.0	0.0	0.0
4950.917900015315	16.69712795583564	278.79408197354803	24511588.05269206	6359.214687726356	-86.54335193760289	40439611.44459461	7489.751764595794	5628.096180419921	2.603117268879941	31675466.61605731	6.776219515540966	5613.342672424712	4684.142857919332	1.134722	19.199215	0.1014460279320006	0.0589266405651198	0.0423921563	0.0196802651	0.0085388786	0.1108150431	0.0591762003	0.0457675247	-0.0551706035	0.078826827	0.0659144604	0.0159965342	0.0610763183	-0.033490752	-0.0464292477	-0.0317965468	-0.0092914686	0.0255148336	-0.0553304467	0.0608724418	-0.0155228502	0.006857601	0.078526041	-0.0091841222	-0.0131209884	-0.0640349942	-0.0116815468	-0.0770191894	-0.0074417082	0.0075928908	0.0424444377	-0.0212772557	0.0256509927	0.0354327638	-0.0749992181	0.0731129138	-0.086474815	0.0408159314	-0.0181208494	0.0531515706	-0.0939783515	0.0280708781	0.0015270358	0.0093686182	0.0590633861	0.0394257846	-0.0343822691	-0.0811620741	-0.03189986	-0.0079612677	0.0686727356	0.0349247166	0.0627978159	-0.0006753234	0.0230983897	0.073659019	-0.0309743241	0.0011646412	-0.0121327505	0.0949506779	-0.0996243098	0.0222124959	-0.0685237146	0.0036182268	-0.0497944681	0.0636898472	0.0666262756	-0.0793655683	0.0174858878	-0.0029310832	0.1091983496	-0.0056055381	0.0161248248	0.0343836164	-0.0111890584	-0.1083697164	0.0618650104	-0.0703796974	-0.0517051601	-0.045295296	-0.0751390882	0.0365660365	-0.0312738314	-0.009824925	0.0065665228	-0.0903423981	-0.0195636596	0.0875278662	0.0321558829	-0.0829017503	0.0031534824260432	0.0010234341192044	1.0474173963518902e-06	9.944451411363305e-06	0.0567335604030319	-6.248510089789522e-05	0.0032186968760044	3.904387834220146e-09	-0.0328940487493696	-0.0225275788058284	0.0005074918068528	0.0010820184431259	0.0022960249946331	-0.0005577382484827	5.271730775979928e-06	3.1107195382055e-07	-7.680648700669757e-05	-0.0009420895044981	8.875326344856594e-07	5.899236446310002e-09	0.0006040887304722	5.68228451405e-05	3.649231942835143e-07	3.2288357298612446e-09	0.0	0.0	0.0	0.0	0.0	0.0	0.0	0.0	0.0	0.0	0.0
4962.572919552378	11.6550195370628	135.83948040931554	24627129.98187461	6399.815791047961	40.60110332160548	40957642.15934684	1648.4495909316834	5657.988606770833	29.89242635091159	32012835.074348558	893.5571531446737	5643.394042335441	4709.080445582571	1.210183	20.475988	0.1856153859877312	0.0979384764672782	0.0340890915	0.0482138603	0.0740681946	-0.0937472925	0.0177030628	-0.0152696199	0.1131815587	0.1122939652	-0.179345459	-0.0050353421	0.0348864124	0.0408009461	-0.0317863724	-0.0075034553	-0.0295725651	-0.080832213	-0.1533715236	0.0742483819	0.0936622713	-0.1138994783	-0.0128104729	0.0146340857	-0.030276184	0.0145270207	-0.0208898776	-0.1234566689	-0.0505337762	0.0870227845	0.108702531	0.0413309077	0.0276473957	0.0155860568	0.0220775657	-0.0803907522	0.0288746476	-0.153755858	-0.0192759538	-0.062809927	-0.0597964228	-0.0154859803	-0.0049119637	0.110345804	0.0344571909	0.0521350089	-0.1098297076	0.1525916048	0.0050209101	-0.0087949174	0.1276639489	-0.0524210257	0.0354296589	0.0685702031	0.0847299519	0.0570403794	0.1480625736	-0.0368525428	-0.0222246206	0.0445317756	-0.209246858	-0.0481544723	0.037281825	-0.0190420864	-0.0039258804	-0.0354126978	-0.0322939122	0.0694241852	-0.0619588288	0.0570362238	-0.0207606069	0.0233103932	-0.0388323147	0.0616440946	-0.0571737441	-0.0844718725	-0.0416260149	-0.0465518552	-0.0540035814	-0.0298507727	0.0065913917	0.0195259321	-0.0285716213	-0.0127217913	0.0053741445	-0.0906543325	-0.0160479313	0.0887648233	0.0264992443	-0.0856447597	0.0010894909156462	-0.002063991510397	4.26006095499089e-06	1.1869904552755951e-06	0.0567398218618393	6.261458807395315e-06	0.0032194073849132	3.920586639670836e-11	-0.0789166178155866	-0.046022569066217	0.0021180768634547	0.0062278325674513	0.0030301116096829	0.0007340866150497	9.181576367135094e-06	5.38883158395273e-07	0.0011517241797101	0.0012285306667167	1.5092875990636189e-06	1.3264685861289024e-06	-0.0001837452668074	-0.0007878339972796	3.3762323074122624e-08	6.206824072695527e-07	0.0	0.0	0.0	0.0	0.0	0.0	0.0	0.0	0.0	0.0	0.0
4964.059354087503	1.4864345351252268	2.2094876272129493	24641885.27090364	6457.466407220095	57.6506161721336	41698872.400376	3323.593545026672	5643.070849609375	-14.917757161458212	31844248.61371107	222.53947872823775	5630.3830395412815	4766.352138843412	1.22364	20.70369	0.1390282428793365	0.0821095638990804	0.0344791337	0.0906320828	0.071308475	0.0080218543	-0.0446195271	0.0611202419	-0.031389716	-0.0681930963	0.0317350922	0.0710208229	0.0688756713	0.0246988109	0.1711357425	-0.0107991257	-0.0307733726	0.1312384863	-0.1064277383	0.0133944844	0.1372221428	0.0870754192	-0.1043848074	-0.0028479797	-0.0174835061	0.0491489494	-0.0250457061	-0.0528907672	-0.1417382427	0.0659013327	0.0078876601	0.0116214044	-0.0618506505	-0.1286143758	0.0037748035	-0.104462001	-0.0839789991	0.006625154	-0.0069907423	0.1205182687	0.0551792795	0.0563551723	0.1353568611	-0.0076717585	0.0645550477	0.1925356044	0.0214240311	0.0859389649	0.0568656238	0.0506585176	-0.0310826586	-0.0442949574	-0.0791298843	0.0219574759	-0.0047692458	0.0745361014	-0.015008727	-0.0403458448	0.0860687352	0.0760693564	-0.1582691206	0.0180145204	-0.142218572	0.0166098885	-0.0229203015	0.0603627279	0.0977883896	0.0282467469	0.0084784082	-0.0631562021	-0.0363132337	-0.022700215	-0.0076767477	0.0117692353	0.0353863996	0.1108962122	0.0458844732	0.0588238732	-0.1413713402	0.0838329299	0.1024496041	-0.0519087536	-0.0182911884	-0.0269497015	0.0041808454	-0.090904137	-0.0125074584	0.0897584821	0.0207291319	-0.0878597406	-0.0014941588062953	-0.0025836497219415	6.67524588568839e-06	2.232510538429796e-06	0.0669603294240204	0.0102205075621811	0.0044836857165733	0.0001044587748286	-0.0913262465691104	-0.0124096287535237	0.0001539988858002	0.0083404833124019	0.0029960124800892	-3.409912959370003e-05	8.976090780850238e-06	1.1627506390479491e-09	-2.5680192732302487e-05	-0.0011774043724424	1.3862810562464875e-06	6.594722987682014e-10	0.0008810403679903	0.0010647856347977	7.762321300284833e-07	1.133768448071541e-06	0.0	0.0	0.0	0.0	0.0	0.0	0.0	0.0	0.0	0.0	0.0
4973.811324263143	9.751970175640054	95.1009223065731	24738799.089368284	6411.349201935017	-46.11720528507794	41105398.589152776	2126.796623306021	5644.4035786946615	1.3327290852867009	31859291.7591811	1.7761668147691263	5638.0614151416585	4744.045940523833	1.287471	21.783693	0.0894232060520982	0.0471555526906401	0.0255790863	0.1200214657	0.0825867511	0.0408374237	0.0136137321	0.1275614405	0.0205241624	0.0738203536	-0.1346097767	-0.0748826476	0.0565234884	0.1003539051	-0.2594648636	0.0313474145	0.0893509751	-0.0224224588	-0.0324873165	0.0663014286	0.1107204818	0.2073079897	0.0727247101	0.1597527538	0.100404369	0.0453823524	-0.0223000926	0.0201732083	-0.0539880097	0.0347017469	-0.0734897317	0.0238171188	-0.0944863397	-0.0429584918	0.029328396	-0.0635013926	-0.0061069003	-0.1404884279	-0.0926989318	-0.0721098014	-0.1364400587	-0.1340000252	-0.0745074678	-0.0005520911	0.1247941799	-0.0749804645	-0.051005461	-0.0515845994	0.0992264722	0.2263212298	0.0247588555	0.1160693989	-0.1245474545	-0.0638584479	0.0313174998	0.0391446457	-0.0619716459	-0.0720665082	0.0411974908	0.0602516426	-0.1546224717	0.0097822708	-0.0498959347	-0.0610636558	-0.0835113831	-0.1376366501	-0.0180436535	-0.0512771396	0.0733778256	0.0134368764	0.0400699225	-0.0189508543	-0.0519394208	-0.0514004918	0.006608885	-0.0266880367	-0.0101860739	-0.0027752399	-0.0382824989	0.1473382902	0.0703305332	-0.0066874695	0.021005838	0.0286654822	0.00298683	-0.0910916402	-0.0089476998	0.0905061192	0.0148702542	-0.089533037	0.006350649464764	0.0078448082710593	6.154101680968041e-05	4.033074862430728e-05	0.0568830177351458	-0.0100773116888746	0.0032356777066569	0.0001015522108747	-0.0549855248292772	0.0363407217398331	0.0013206480565719	0.003023407940751	0.0027200089094045	-0.0002760035706846	7.398448467239857e-06	7.617797103070416e-08	-2.6881139579826296e-05	-1.2009468475238094e-06	1.442273330577376e-12	7.225956651101037e-10	0.0004550375984759	-0.0004260027695144	2.070592160267144e-07	1.8147835963393906e-07	0.0	0.0	0.0	0.0	0.0	0.0	0.0	0.0	0.0	0.0	0.0
4978.512248437962	4.700924174818283	22.098688097390955	24785584.20784681	6449.619837880924	38.27063594590709	41597596.053187154	1464.6415757041557	5653.141196289063	8.737617594401854	31958005.385180544	76.34596122600084	5656.980513081631	4776.396513097427	1.489572	25.203186	0.3216910858189827	0.1747613994336289	0.0950401245	0.1724529619	-0.0099693734	0.0086776432	-0.0761860857	0.0752313941	-0.0310509108	0.1735169117	-0.2038553837	0.0401332953	0.0616043577	0.032010659	-0.351244607	-0.0295708334	-0.0010602265	-0.0516748903	-0.0183695885	-0.1373647433	0.1496498321	0.4241581264	-0.1610193935	0.0128775152	0.0268786749	0.04896675	-0.1354599979	0.181313109	-0.0457444302	-0.0165213486	-0.0360144191	0.0279058981	0.0440496748	0.0506968671	0.0829504972	-0.0574902838	0.0813342404	-0.2467010682	-0.0114635544	-0.0236248345	-0.201532371	-0.0962973457	-0.1661242638	0.0843377337	0.1167439227	-0.0596264715	0.1726145418	-0.0186438897	0.1694884948	0.3431380393	-0.2548104964	-0.0529835915	-0.1872089538	-0.0918528799	0.2052273379	-0.0610652047	0.0570830972	-0.0337353588	-0.000762798	-0.1217177136	-0.3190998252	0.1597066682	-0.1030001623	-0.1149631903	-0.0631356736	-0.1483435596	0.0610964164	-0.4314999247	0.0256962515	0.1964813875	-0.1750378054	0.2141556977	-0.099686123	-0.1806878363	-0.3655812115	0.0104834839	-0.2053370111	0.1116265864	0.0791660878	-0.02057736	-0.0498668305	0.0977921744	-0.1117202281	-0.1673466187	0.0017923027	-0.0912167139	-0.0053741445	0.0910056853	0.0089476998	-0.0906543325	0.0153122603768878	0.0089616109121238	8.031047014029637e-05	0.0002344653178496	0.0370196097274799	-0.0198634080076659	0.0013704515043749	0.000394554977679	-0.2060692528981889	-0.1510837280689116	0.0228262928872008	0.0424645369900177	0.0019332767250684	-0.0007867321843361	3.7375588956911976e-06	6.189475298702513e-07	0.0010389908607382	0.001065872000318	1.1360831210619506e-06	1.0795020086975057e-06	-0.0005280049934756	-0.0009830425919515	2.787892731351684e-07	9.663727375907232e-07	0.0	0.0	0.0	0.0	0.0	0.0	0.0	0.0	0.0	0.0	0.0
4932.114556247669	-46.39769219029313	2152.745840585188	24325753.995950136	6469.492440533164	19.872602652239948	41854332.43811575	394.92033617381423	5639.940631510417	-13.200564778646369	31808930.32696212	174.254910475239	5620.676031723715	4716.129444496304	2.247273	38.023296	0.4639294558151571	0.293448533988731	-0.0310087584	0.0197725158	-0.0871984888	-0.0648797626	-0.0646476648	-0.0447792002	-0.0583314715	-0.0195932853	0.0025503691	-0.0532541643	0.0401161975	0.0402278896	0.0579339283	0.0205487138	0.0681043258	-0.0998046884	-0.0878251354	-0.0303514757	0.080952811	-0.0928464874	0.1052669337	-0.0693890663	-0.0284395385	0.0455488582	0.0012432289	-0.0507271704	0.1882383459	-0.0229117109	-0.0712579623	-0.0224503746	-0.003216688	-0.0253478514	0.0825268156	-0.1371441449	0.0579829071	0.0088677422	-0.0590607785	0.0047498448	0.0956811596	0.005007637	-0.0418806049	0.0637539959	0.1277946726	-0.0786904998	-0.0124881494	0.0470678584	0.0177919214	-0.1496929921	0.1346392792	-0.0335678021	-0.0708411797	-0.1180184098	-0.0830745561	0.1022563708	-0.0864180013	0.0194735997	0.0316728259	-0.1196933214	-0.0458956631	-0.080001643	0.1374411389	-0.074908707	0.0335170148	-0.0240299342	-0.1265729163	0.0260934383	0.0703776571	0.0877730804	-0.0080870198	-0.1636659301	0.1033127462	0.0662792101	-0.1235481719	0.0381708908	0.0076846654	0.0012571887	-0.1179720931	0.0064439751	0.023622794	-0.1595227517	-0.1098010735	-0.0216085269	0.0005974684	-0.0912792721	-0.0017923027	0.0912558111	0.00298683	-0.0912167139	0.0011603083610935	-0.0141519520157943	0.0002002777458573	1.346315492823484e-06	0.0657724577777401	0.0287528480502602	0.0043260162021246	0.0008267262710013	0.0767676322737287	0.2828368851719176	0.0799967036137524	0.0058932693649144	0.0030920814529091	0.0011588047278407	9.560967711424451e-06	1.3428283972659589e-06	0.0015658553077215	0.0005268644469833	2.775861454950187e-07	2.451902844719594e-06	0.0005500812432441	0.0010780862367197	3.025893741689747e-07	1.1622699338044451e-06	0.0	1.0	0.0	0.0	0.0	0.0	0.0	0.0	0.0	0.0	0.0
4928.800828302384	-3.3137279452848816	10.980792895361963	24293077.605074264	6488.699386091422	19.20694555825776	42103219.72306319	368.9067576778774	5642.36623046875	2.425598958332557	31836296.678734127	5.883530306663987	5627.881425553259	4729.221073325163	1.186642	20.077694	0.1960505917529566	0.1447719744343273	-0.0639499408	-0.0360556735	-0.1144431145	-0.0707650051	-0.046475896	-0.046658807	-0.0365850177	-0.0828716391	-0.0167583451	0.0730706506	-0.0411111153	0.0358046414	0.1116304351	0.0543038643	-0.0465481686	-0.0299521238	0.0249913893	-0.0973148356	-0.0078304554	-0.0549952061	0.088904844	-0.1238043382	0.033257837	0.0462597284	0.0846372843	0.0362238862	0.08214683	-0.0367584437	-0.0157706259	0.0430962351	0.0767138844	0.141693962	0.0715631481	-0.1086522651	0.142649476	-0.0064415982	0.0867440305	0.0384991952	0.1456316035	0.0013230842	-0.0086674447	-0.0210613297	-0.0258138978	-0.0105059359	0.1518595441	0.0344113908	-0.0016345177	-0.1577236009	0.0744567004	0.0246010394	-0.107723252	-0.0289351983	-0.0548908205	-0.0318629624	0.1124285367	-0.125790735	0.0054547723	-0.1008195666	0.0891914337	-0.0465281787	0.0570301004	-0.0364573988	0.1677426183	0.0164498338	-0.033968019	0.0223218539	-0.0895439002	0.017948359	-0.0835611824	-0.1097931049	-0.0212458088	0.0920114133	-0.0068278871	0.1375238601	0.0157594725	0.0676813755	-0.0225090013	-0.0313330217	-0.0337483707	-0.1494678006	-0.0338446852	-0.0833369029	-0.0005974684	-0.0912792721	0.0017923027	0.0912558111	-0.00298683	-0.0912167139	0.0088200605872543	0.0076597522261608	5.867180416617533e-05	7.779346876283667e-05	0.0653950826952751	-0.000377375082465	0.0042765168407218	1.424119528654703e-07	0.2178991992129795	0.1411315669392508	0.0199181191867282	0.0474800610176577	0.0033765915762132	0.0002845101233041	1.1401370672553942e-05	8.094601026251417e-08	0.0011127703869289	-0.0004530849207926	2.0528594544963666e-07	1.238257934025894e-06	0.000750124149249	0.0002000429060049	5.62686239286536e-07	4.0017164242885255e-08	0.0	0.0	0.0	0.0	0.0	0.0	0.0	0.0	0.0	0.0	0.0
4914.659611885661	-14.141216416722273	199.9740017445755	24153879.10070012	6347.907427857253	-140.7919582341683	40295928.71264529	19822.375503411797	5626.024149576823	-16.342080891926344	31652147.731621616	267.0636078782641	5606.624604181866	4571.166161231746	1.306174	22.100136	0.1677438258359308	0.0871146570960972	-0.0889079321	-0.0692395543	0.0579231596	0.0009435929	0.0786976078	-0.0055052019	0.0737291854	-0.07870424	0.1078760091	-0.021318688	0.0095229609	0.0306494096	-0.0356107284	0.0378745059	-0.0296425032	0.0328117354	0.1416962795	-0.026602145	0.022770773	-0.0880176686	0.0491711219	0.0253102761	0.1010825295	0.0969221974	0.0853741095	-0.0886081812	-0.0282648812	0.1847281905	0.0457879067	-0.0079581219	-0.0595045758	0.0548511942	0.099188935	0.0752780713	0.0381234525	0.0957227387	-0.0263835342	0.0254048887	-0.0256221339	-0.0833351771	-0.0072177102	-0.0785491646	-0.1393967287	-0.0436963279	0.0417113812	0.0093797063	0.0323284399	-0.0468259279	0.0825849306	0.0938223761	-0.1270929328	-0.0398556283	-0.0821517068	0.0087530769	0.073191013	-0.0261457994	0.129688512	0.008882226	0.1493291541	-0.0662453764	0.0254369485	-0.0338017505	0.0189344115	0.0825607915	-0.1258432947	-0.0578727095	0.0360134099	-0.0295494722	0.0346525887	0.0129191281	-0.1225591474	0.0335261141	-0.0924078548	0.0378895069	0.111632627	0.00173031	-0.0160086208	-0.0035576248	0.0149783848	-0.0465449403	-0.1093704579	0.0118962549	-0.0017923027	-0.0912167139	0.0053741445	0.0910056853	-0.0089476998	-0.0906543325	0.0166978333759004	0.0078777727886461	6.205930410953295e-05	0.0002788176394493	0.0537196914300608	-0.0116753912652142	0.0028858052473409	0.0001363147611958	0.2742565672089299	0.0563573679959503	0.0031761529274309	0.0752166646572262	0.0037920211983696	0.0004154296221563	1.4379424768884416e-05	1.725817709650092e-07	-2.4539421557001617e-05	-0.0011373098084859	1.2934736004782383e-06	6.021832103522355e-10	0.0010340505943291	0.00028392644508	1.0692606316323648e-06	8.061422621582301e-08	0.0	0.0	0.0	0.0	0.0	0.0	0.0	0.0	0.0	0.0	0.0
4915.024603968233	0.3649920825719164	0.1332192203401846	24157466.85761309	6376.743499553756	28.836071696502582	40662857.65910109	831.5190308858375	5620.0044921875	-6.019657389323584	31584450.49220768	36.23627508483802	5602.360486773974	4626.090908623988	1.042451	17.638002	0.0721432754739809	0.0424253639857849	-0.0727276283	-0.0410654863	-0.0880285508	0.1120678777	0.0329097743	0.0178634625	-0.0993627632	0.0174612134	0.024105263	-0.0342941853	-0.144547618	0.000256222	-0.0192784907	0.0120185649	-0.0983836883	0.0636325113	0.1157201931	0.046247698	-0.0363133984	-0.0116771982	0.0386438862	-0.1581402523	0.1128405028	-0.0519736443	-0.0326712511	0.0054672203	0.0544266974	0.0648044261	-0.0096385455	0.0204833383	0.0097540986	0.0606669443	0.0191342825	-0.1006201501	-0.0993420827	0.0508799669	0.0622837765	-0.1034986547	0.0422899686	-0.0377624172	-0.0220480205	-0.0497420161	-0.0529441928	0.0460133966	0.0586111824	-0.15827863	0.0246228767	-0.1358763551	-0.0428228908	0.1240391187	-0.0586656723	-0.0064694265	0.0544731942	0.0260733571	0.0520915929	-0.0197621364	0.039964281	-0.0295496512	0.1033856194	-0.0646859309	0.0172040275	-0.0220687528	0.0574804128	-0.0645490629	-0.0326489695	-0.0785269872	-0.0979915936	-0.0336735434	0.0551092854	-0.0543949431	-0.0389262007	0.0352395689	0.039102839	0.1034199631	0.0643620251	-0.0239180501	0.0475417236	-0.0934394936	-0.0179979463	-0.0515160962	0.005370391	0.0097754401	-0.00298683	-0.0910916402	0.0089476998	0.0905061192	-0.0148702542	-0.089533037	0.012648216125342	-0.0040496172505584	1.6399399876020178e-05	0.0001599773711533	0.0560546113241571	0.0023349198940963	0.0031421194507023	5.4518509118466846e-06	0.2374120968881286	-0.0368444703208012	0.0013575149932204	0.0563645037488181	0.0035900164477621	-0.0002020047506074	1.2888218095202408e-05	4.080591926799817e-08	-2.581698867110127e-05	-1.2775671140996536e-06	1.6321777310289173e-12	6.665169040437713e-10	0.0006590475518802	-0.0003750030424488	4.34343675639285e-07	1.4062728184593145e-07	0.0	0.0	0.0	0.0	0.0	0.0	0.0	0.0	0.0	0.0	0.0
4922.296904930298	7.272300962064946	52.88636128285074	24229006.820286397	6356.177366547237	-20.56613300651861	40400990.71500737	422.9658268418143	5623.894998372396	3.890506184896367	31628194.952718053	15.136038374716884	5603.845694891983	4604.914793924569	1.029814	17.424191	0.0362106376353087	0.022394130272921	-0.0823681483	-0.030257498	0.0654642923	0.0067813415	0.0606529558	0.0180792329	0.0857743228	-0.0364431667	0.1104275812	0.0333525751	-0.020524191	0.0356196876	-0.0254956334	-0.0011767254	-0.1160680937	0.0726007217	0.1828217645	0.0065953979	-0.0161440934	-0.0184694616	-0.0366478849	0.0289765211	0.0861090078	0.0045870178	-0.0158210869	-0.0533558265	-0.0319686946	0.0139371868	-0.0598962023	-0.0368937571	-0.0105247651	-0.0491437952	-0.0314535273	-0.0169079732	0.0568977798	0.0951481157	0.0151476061	0.046367497	-0.0468134904	-0.0832076217	0.0261711347	-0.0402262305	-0.1967332741	0.059636536	0.0367137876	-0.0532325992	0.0530879353	0.0079000869	-0.0209817725	0.0771725194	-0.0274592724	0.0377991176	-0.024911391	-0.0011048401	0.0144273475	0.0876813994	0.0871738174	-0.0163884967	0.1041502197	-0.0411241055	-0.0440140821	-0.0220468218	0.047210178	0.0992810447	-0.0530880278	-0.0778630417	0.0285994909	-0.0333044304	-0.0420144561	0.0289200922	-0.1233475105	-0.0043769895	0.0400811526	-0.0081399833	0.0928273921	-0.0553514164	-0.0317380704	-0.048686694	0.0864103668	-0.0057213557	-0.0040523877	0.0093910052	-0.0041808454	-0.090904137	0.0125074584	0.0897584821	-0.0207291319	-0.0878597406	0.010913317227903	-0.0017348988974389	3.0098741843350525e-06	0.0001191004929168	0.0535571102157206	-0.0024975011084365	0.0028683640546588	6.2375117866415565e-06	0.2225928192575352	-0.0148192776305933	0.0002196109894926	0.0495475631850177	0.0038960184607989	0.0003060020130368	1.517895984688583e-05	9.363723198257395e-08	-2.564408364680304e-05	1.729050242982311e-07	2.9896147427571885e-14	6.576190260842311e-10	0.0006960518337959	3.700428191569997e-05	4.844881553306352e-07	1.3693168800966e-09	0.0	0.0	0.0	0.0	0.0	0.0	0.0	0.0	0.0	0.0	0.0
4929.319632085697	7.02272715539857	49.31869669917249	24298192.035265468	6409.64298152292	53.46561497568291	41083523.15058603	2858.571984727969	5626.531623128255	2.636624755858975	31657858.106062274	6.951790103208398	5611.617696680448	4614.221734938279	1.031789	17.457607	0.1197984051681601	0.0698326372999923	-0.0458820411	0.0159360668	-0.0451004426	0.0269633234	-0.0106669861	-0.0431674528	0.0782237904	0.1312189466	0.0063101513	-0.0940557976	-0.06936058	0.0289021936	-0.0530930759	0.0007139305	-0.1152472425	-0.0193968341	0.0498602467	0.0665732251	0.0096216818	0.0207611857	0.0284954102	-0.121830351	-0.0140110034	0.0735518809	0.0918773911	-0.0548418092	0.0470580121	0.010831926	-0.1156310313	-0.0197635376	-0.0083538819	0.0752641341	-0.0105686768	0.0443388275	0.0174476399	0.0117993732	-0.0414735595	-0.1008159031	-0.0375087099	-0.0535411962	-0.0411008317	0.0439468562	-0.0728844439	0.0725004758	-0.0215711272	-0.1358297806	0.0458917966	-0.0700785375	0.0199565318	-0.1046210245	-0.0650642698	0.0724377448	-0.074451036	0.0281147195	0.0654633384	0.073843537	0.0226492371	0.0203493584	0.0008245835	-0.0756432521	-0.0035895909	-0.0275425793	0.0436218084	-0.0708662687	-0.0725672684	-0.0233354054	-0.0238582194	0.0604731686	0.0573381728	-0.1003906359	-0.0314344568	-0.0362468776	0.0889557495	0.0329759937	0.0387408184	-0.0977505557	0.0305986936	-0.0178694164	0.0580933071	0.049308769	0.018627764	-0.0311262073	-0.0053741445	-0.0906543325	0.0160479313	0.0887648233	-0.0264992443	-0.0856447597	0.0302658701267262	0.0193525528988232	0.0003745213037017	0.0009160228945278	0.0533660227734742	-0.0001910874422463	0.0028479323866589	3.651441058427077e-08	0.1595006067601119	-0.0630922124974233	0.00398062727782	0.0254404435568438	0.003498011637086	-0.0003980068237129	1.2236085413189076e-05	1.584094317220316e-07	-2.6884234233248705e-05	-1.2401505864456652e-06	1.5379734770615273e-12	7.227620503081816e-10	0.0003520477615019	-0.000344004072294	1.2393762637849866e-07	1.183388017548556e-07	0.0	0.0	0.0	0.0	0.0	0.0	0.0	0.0	0.0	0.0	0.0
4944.978139603521	15.658507517824546	245.18885768576783	24452808.801156703	6375.711175981736	-33.93180554118408	40649692.999538414	1151.3674272847304	5647.823517659505	21.291894531250364	31897910.486627787	453.34477272988914	5628.583516359638	4619.07770518384	1.080809	18.28701	0.1442847726069545	0.0705543615729563	-0.050394751	0.0033591273	0.0955891956	0.0482577523	0.0425259822	0.1004581374	0.0373546982	-0.066064152	-0.0174239407	0.098565326	0.0433082799	0.1138592683	0.0319316258	-4.69207e-05	0.0607491291	0.0722528402	0.0491713833	-0.0358530695	0.0229544642	0.0222982761	-0.059242041	-0.0850743507	0.1467517767	0.0769304039	-0.0070391947	-0.0725341807	0.0389558074	-0.0268977922	0.0228678358	-0.0577554201	0.0240782793	0.0372697232	-0.0177683624	0.0383205379	-0.1235944899	-0.0355112245	0.0438854598	0.0865027574	-0.0167111743	-0.0800870738	0.1255221588	-0.0471347577	-0.0142187035	-0.0151153842	0.0234922777	0.0551624559	-0.0003309733	-0.0230666383	0.0171899151	-0.016885379	-0.1775288179	0.1221089378	0.0301021377	0.0480628096	0.0099295305	0.0738584103	-0.0559233661	0.0410539892	0.0693463813	-0.0050618429	-0.0374910683	-0.0475096707	0.0883260065	0.0420656911	-0.0085966936	-0.0511199845	0.0183689654	-0.0960877713	-0.0347745491	0.0135558493	-0.0566723605	0.0319550405	0.0644813743	0.1174574076	0.0224608094	-0.0388681035	0.0025525024	0.0598209051	0.016112085	-0.0532630737	0.0311384974	-0.0327221649	-0.0065665228	-0.0903423981	0.0195636596	0.0875278662	-0.0321558829	-0.0829017503	0.0042484281387373	-0.0260174419879889	0.0006769072875983	1.804914165001488e-05	0.0665143038678053	0.013148281094331	0.0044241526190187	0.0001728772957355	0.214919340846464	0.055418734086352	0.0030712360877338	0.0461903230698785	0.0033638829183464	-0.0001341287187395	1.1315708288342691e-05	1.7990513190726672e-08	0.0002840163432598	0.000310900577493	9.665916908551119e-08	8.066528323866852e-08	0.0009010247740349	0.000548977012533	8.118456434246427e-07	3.013757602896576e-07	0.0	0.0	0.0	0.0	0.0	0.0	0.0	0.0	0.0	0.0	0.0
4958.541842000143	13.56370239662192	183.97402270412724	24587137.198866174	6459.828322252691	84.11714627095444	41729381.952978015	7075.694296769144	5654.186406656901	6.362888997396112	31969823.921223685	40.4863563931845	5641.899191454381	4645.479667139988	1.1135	18.840134	0.1234332120306824	0.0937493686388799	-0.0334489344	0.0530197908	-0.0131891496	-0.0084064372	-0.0672353539	0.0166847547	0.1421977987	0.0235913836	-0.0901493573	-0.0592602469	0.0709085484	0.1331428741	-0.0121559487	0.0739391636	0.0127091982	-0.0882391275	0.086613764	-0.0544059959	-0.1680249542	0.0276926415	0.1073892317	0.0047484208	0.0272135007	0.1461365471	0.0553789126	-0.0403435357	0.0671120772	0.0524941244	-0.0565207261	-0.0944940667	-0.0393096192	-0.0233419159	0.0319369139	-0.0149366939	0.0435155042	-0.1069297672	-0.0986952643	-0.0074474576	0.0492269013	-0.113484672	-0.0110981828	-0.0273393959	-0.0947587927	-0.1407204979	0.016640152	-0.0585080429	-0.0908297148	0.0216027512	0.1270865842	-0.0649624379	-0.0755517038	0.0671612654	-0.0876180752	0.0312905142	-0.0028898515	0.0496701815	-0.0323364703	-0.0313749903	0.1433165698	0.0004706942	0.0678058178	-0.0481135555	0.1039324903	-0.0513726346	-0.1443758833	0.0051986084	0.0647997103	0.0922428729	0.1057922263	-0.0516516081	-0.0172379026	-0.0271076355	-0.010563531	0.0179794997	-0.0339990244	-0.034762826	-0.0456027123	0.2502651616	0.0986820979	-0.0120455565	-0.0617487316	-0.0027588297	-0.0077577759	-0.0899685475	0.0230492221	0.0860510014	-0.037674825	-0.0796476241	-0.0081570424905379	-0.0124054706292752	0.0001538957015338	6.653734219244074e-05	0.0711026401176297	0.0045883362498244	0.0050555854316971	2.1052829541452725e-05	0.3069836849564069	0.0920643441099428	0.0084758434563939	0.0942389828294144	0.0034114476569231	4.756473857669974e-05	1.1637975115926108e-05	2.2624043558697883e-09	0.0001498573988174	-0.0001341589444424	1.7998622373898968e-08	2.2457239980317278e-08	0.0007952472362212	-0.0001057775378137	6.32418166717457e-07	1.1188887505928752e-08	0.0	0.0	0.0	0.0	0.0	0.0	0.0	0.0	0.0	0.0	0.0
4970.795531905468	12.25368990532479	150.1529162958587	24708808.220011365	6429.505859375	-30.32246287769067	41338545.59573746	919.4517549689286	5650.4142500813805	-3.772156575520967	31927181.19752273	14.229165230246068	5639.695232069756	4679.367174933938	1.09166	18.470617	0.1582437462146718	0.1084682652624865	-0.0199696129	0.0844103376	0.0998421676	0.0094574095	-0.0011478526	0.108259539	0.1133698912	-0.0340843835	-0.0586849757	0.0999486581	0.0193080009	0.12925354	0.0284752721	0.015809752	-0.0855273619	0.0362399568	0.0756263153	0.0068719578	-0.0207363989	-0.0651533056	-0.1297111706	-0.054301669	-0.0148483339	0.0807473386	-0.0050028577	0.0279322551	-0.0721667505	-0.0120681509	0.0508187864	-0.0897196559	-0.0122262778	0.0238697878	0.024486349	0.1346658801	-0.0130263734	-0.094700243	0.0431360934	0.05973557	0.0142978918	-0.1290027957	0.0760527269	-0.0084640632	-0.1137633905	0.0423624945	0.0034833187	0.0502422105	-0.031923034	-0.0889581103	-0.065095923	-0.0897432082	-0.028579475	0.0736866508	0.0664815062	-0.0507303348	0.0099385806	0.0387366028	-0.0373315818	0.0911767584	0.0622379288	0.050831186	-0.0321581349	-0.0782678368	0.1270724121	-0.0381034306	-0.0240393343	0.0227632975	0.0306615652	-0.0519865325	-0.0697616685	0.0656382335	-0.0794787211	0.0356554196	0.0962115442	0.0897859043	-0.0125258752	-0.0522530984	0.0680060848	0.0233506448	0.004288486	-0.0832860861	-0.0259786172	0.0117165184	-0.0089476998	-0.089533037	0.0264992443	0.0843382767	-0.0430324377	-0.0759024438	0.0056949787552724	0.0138520212458103	0.0001918784925943	3.243278302300398e-05	0.0664298701556873	-0.0046727699619424	0.0044129276489014	2.1834779117231253e-05	0.2017299486128578	-0.105253736343549	0.0110783490142773	0.0406949721673462	0.0032007782445749	-0.0002106694123482	1.0244981370943975e-05	4.438160129913592e-08	0.000482007842359	0.0003321504435416	1.1032391714488163e-07	2.323315600955786e-07	0.0009417317535988	0.0001464845173776	8.86858695736271e-07	2.1457713831348422e-08	0.0	0.0	0.0	0.0	0.0	0.0	0.0	0.0	0.0	0.0	0.0
4972.691503978718	1.89597207325005	3.594710102544093	24727660.793742128	6522.205653714818	92.69979433981824	42539166.58934954	8593.2518706446	5643.207877197266	-7.206372884114899	31845795.14526127	51.931810144906486	5634.662174605828	4707.625549515868	1.196239	20.240061	0.1431895940285765	0.0816313730600417	0.0337782841	0.1176226204	-0.0552710774	0.0768410632	-0.1451433831	0.0914498258	-0.0096194363	-0.0114821406	0.0138069575	-0.0450465676	0.1207604886	0.0502123353	0.1374322421	-0.0134978713	-0.0971213424	0.0556934218	0.0014092791	-0.1130198067	-0.0989470808	0.0098117677	0.0701722689	0.1041891903	-0.077142407	-0.087102513	-0.1484137546	0.0712591073	0.0099585088	0.0164270006	-0.002214106	0.0239335459	-0.0858244114	-0.0028448418	0.0503439238	0.0043711786	0.0716942999	-0.0231374344	-0.1247778025	0.0971382123	0.1101941892	0.0177670817	0.0771960699	-0.0122531397	-0.0566143483	0.0300892865	0.1276911896	-0.0852717832	-0.1148135977	0.0777850154	0.029542283	-0.0174632901	0.1841256824	-0.1553107049	0.1236413158	-0.0685891549	-0.0368654545	0.0301716415	0.0283856178	-0.0646381246	0.0932532484	0.1254893179	-0.1204985856	0.0285003602	0.161833829	0.0494244221	-0.051723715	0.0674465334	0.0385514904	-0.0016945899	0.091917138	-0.0211170949	0.1478281105	-0.1489343396	-0.1062880353	-0.0129308701	-0.0366672125	-0.0486736651	0.1167693381	0.0234050059	-0.0423194341	0.0603551421	-0.0634892007	0.0910086718	-0.0101360905	-0.089036165	0.0299084066	0.0823943867	-0.0482057789	-0.0716892996	-0.0017648878384761	-0.0074598665937485	5.5649609596524845e-05	3.1148290824008406e-06	0.0676891316974632	0.0012592615417758	0.0045818185499565	1.5857396305958156e-06	0.258022940268475	0.0562929916556171	0.0031689009095393	0.066575837704789	0.0024056248911972	-0.0007951533533776	5.787031117147541e-06	6.322688553878011e-07	-0.0002473208393676	-0.0007293286817266	5.319203259890601e-07	6.116759758549419e-08	0.0009807992032432	3.906744964439989e-05	9.619670770824957e-07	1.526265621717721e-09	0.0	0.0	0.0	0.0	0.0	0.0	0.0	0.0	0.0	0.0	0.0
4951.6654755510735	-21.026028427644636	442.0938714401202	24518990.98176444	6398.204474240739	-124.00117947407944	40937020.49419421	15376.29251096286	5635.899430338542	-7.308446858723983	31763362.388890296	53.413395486792446	5617.434427501317	4663.667210248561	1.157512	19.584822	0.0881378538171616	0.0594641612719831	-0.0156900911	0.0741094415	0.0848026489	-0.0304051891	-0.0123422465	0.0534023042	0.0887423285	-0.0421936938	-0.0214991825	0.0050617152	-0.0562167189	0.0444056704	0.1426027969	0.0298351244	-0.1408498518	0.0857865419	0.0698321332	-0.0693061052	-0.1033738316	-0.086832565	-0.0089448362	0.0751505755	-0.0519656305	0.0685938238	-0.1574202522	0.0737214773	-0.078302194	0.0980356696	-0.0287296198	0.1055318353	0.0387678223	0.0939101717	0.1408195385	-0.0642165544	0.0051079625	-0.0111887768	0.0255293736	-0.0088376569	0.1254822372	-0.0343980389	0.0707362016	-0.0535760657	-0.1665071758	0.0869111217	0.0460718197	0.029876297	-0.1185702465	-0.0177189223	-0.0312171531	-0.0261267097	0.0482307551	-0.2128258812	0.0749207034	-0.0589824412	0.0280593	0.0084689937	0.0860693501	-0.0126015281	0.0960756265	0.0193161487	-0.0352234535	-0.0128558731	0.1535267051	-0.0280199418	-0.0372372181	0.2054660697	0.0193945318	-0.1030297732	-0.1085508074	0.0397164613	0.153727117	-0.1600106118	-0.249338683	0.032047439	-0.0091260047	-0.0246730221	0.1083658405	-0.11191148	0.0108933199	0.0335336987	0.0096280654	-0.05610093	-0.0113227445	-0.0884782721	0.0332714524	0.0802246594	-0.0531726956	-0.0670341672	-0.0051280200709697	-0.0033631322324936	1.1310658413237388e-05	2.629658984826809e-05	0.0879724329644062	0.020283301266943	0.0077391489616769	0.0004114123102855	0.2580339251502934	1.0984881818387748e-05	1.2066762856394572e-10	0.0665815065284672	0.0034370182744102	0.0010313933832129	1.1813094618629668e-05	1.063772310935558e-06	-1.986733329206736e-05	0.0002274535060755	5.1735097426052365e-08	3.9471093213808805e-10	0.0009500373838136	-3.076181942959994e-05	9.025710306433896e-07	9.462895346193122e-10	0.0	0.0	0.0	0.0	0.0	0.0	0.0	0.0	0.0	0.0	0.0
4937.251926217457	-14.413549333616174	207.75040439258728	24376456.582937997	6540.938921189466	142.73444694872703	42783881.97073121	20373.122345758977	5627.512878011068	-8.38655232747351	31668901.192180414	70.33425994145134	5615.6925253070285	4735.784120846418	1.294082	21.895538	0.1314453793094882	0.0722360264613433	-0.0256943529	0.0776242041	-0.1245338912	0.0234767038	-0.138308071	0.0092681217	-0.1325608197	-0.0937764447	0.1087513734	0.0260125704	0.0096139918	0.0338150151	0.0408936174	0.0055501619	-0.0624193149	0.043222983	-0.0537640501	-0.0536739585	-0.070964697	-0.0098502767	0.0862390619	-0.0537397891	-0.0054192478	-0.0599539644	-0.0043788656	0.1281779748	-0.0224093	0.0758255884	-0.0240881375	-0.0173531796	0.044467618	-0.0023789399	-0.007274233	-0.0301656577	-0.0294286619	0.0704097769	-0.0028216187	0.0902478997	0.0841578038	-0.0187730872	-0.0210405532	-0.0057661243	0.0611723768	0.0536228776	0.117512996	-0.081271169	-0.0630086947	-0.0602189442	-0.0377321575	0.0721418709	0.0206750408	-0.1366050314	-0.0197471378	-0.0751660329	0.101152909	0.0197054934	-0.0007719764	-0.0091539755	0.0502637136	0.0170081793	-0.07229597	-0.0444405147	0.0813877291	0.0646628383	0.0090774512	0.0266578953	0.0603961493	-0.0067186434	0.0084328778	-0.0886636128	0.0988471357	0.0269921377	-0.0354933665	0.0947362275	-0.0393360775	-0.0217280757	0.0831127223	-0.159291219	-0.0631886723	0.0278454133	0.0137168417	-0.1112480236	-0.0125074584	-0.0878597406	0.036583196	0.0778350419	-0.0579119187	-0.0619657467	0.0021052411308062	0.0072332612017759	5.232006761311654e-05	4.432040218838167e-06	0.070165953470223	-0.0178064794941831	0.0049232610263855	0.0003170707119767	0.1928726905280626	-0.0651612346222307	0.0042459864974934	0.0371998747515338	0.0031319312439133	-0.0003050870304969	9.80899331660031e-06	9.307809617741641e-08	0.0002210518330327	0.0002409191663247	5.804204470262092e-08	4.886391288711668e-08	0.0006711555008093	-0.0002788818830043	4.504497062665823e-07	7.77751046680241e-08	0.0	0.0	0.0	0.0	0.0	0.0	0.0	0.0	0.0	0.0	0.0
4917.083541679182	-20.16838453827495	406.763734883728	24177710.55585229	6311.384517442311	-229.5544037471545	39833574.52701052	52695.224279711634	5630.659956054687	3.147078043619331	31704331.540717773	9.904100212630874	5606.267252604167	4599.945132685642	1.214827	20.554562	0.1969988905540977	0.1204038336073601	-0.0903839794	-0.01048227	0.0406549079	-0.0101823887	0.0678096085	-0.0266423444	0.0241078534	-0.1188830778	0.0050515805	-0.0663564934	-0.0993103531	0.0553974844	0.0295032273	0.0743421277	-0.0105042144	0.0436924898	0.0671087646	-0.1180819869	-0.033389092	-0.0581825454	0.0435774514	0.0639987743	0.0425710893	-0.0112197022	0.0370056334	0.0291469965	-0.0540377418	0.0019042446	-0.0429005385	-0.0564580033	-0.0174569361	-0.0450825327	-0.0856607603	-0.0096748826	-0.1800761132	0.0436751055	0.0084359167	-0.0953137915	0.0885534341	-0.0708238593	-0.0094337031	-0.0913159681	-0.0936953744	-0.0137873064	0.0967804205	0.0417134334	-0.0356623868	0.0254547111	0.0366262648	0.0910271269	-0.014389971	-0.0833195154	-0.1099302898	-0.0005165139	-0.0532725971	0.0542301456	-0.0008015505	0.1284906878	0.1261595656	-0.0294038478	-0.0433342431	0.0065606892	0.0706137034	-0.0479207518	-0.0954068786	-0.0137255179	-0.0413883083	-0.0697615659	-0.0281882148	0.0288356078	0.0049908544	0.0348321439	-0.09567963	-0.052988392	0.0339774528	-0.0453973542	-0.0744467546	-0.041297041	-0.0099653627	0.1142368493	0.0073253328	0.0085982961	-0.0136900291	-0.0871809944	0.0398385309	0.075232084	-0.062403154	-0.0565152869	0.0028866091164019	0.0007813679855956	6.10535928913882e-07	8.332512190894556e-06	0.0886489373171741	0.0184829838469511	0.0078586340874642	0.0003416206918866	0.3024735677346086	0.1096008772065459	0.0120123522844443	0.0914902591781028	0.0039466092203914	0.0008146779764781	1.5575724338478414e-05	6.637002053584516e-07	-0.0002695645329575	-0.0004906163659902	2.4070441857742984e-07	7.26650374285951e-08	0.0007285343886411	5.737888783180001e-05	5.307623554326612e-07	3.2923367688142876e-09	0.0	0.0	0.0	0.0	0.0	0.0	0.0	0.0	0.0	0.0	0.0
4912.284958356589	-4.798583322593004	23.02640190386771	24130543.5120964	6369.967622264331	58.58310482201978	40576487.50869589	3431.9801705877567	5626.9214876302085	-3.738468424478924	31662245.42795456	13.976146160825929	5604.539072632944	4591.106411952598	1.075363	18.19487	0.0799439908414444	0.0368979227051092	-0.0965762573	-0.0351354051	-0.1207351456	-0.0275137861	0.0081092601	-0.1246379409	-0.026230259	0.0014830841	0.1040878263	0.0754853808	-0.0327875804	0.0271752811	0.0093415473	-0.0005151096	-0.0106303426	-0.0465647168	-0.039032073	-0.0746302177	0.0074852339	-0.0037893155	0.031362579	-0.0826989476	0.0347285047	-0.0246376151	-0.0442148949	0.1013931784	-0.0369820372	0.0146678307	0.0087113531	-0.0337298441	0.0726362678	0.1712971354	-0.0415679372	-0.0787016223	-0.0219138029	0.0972857596	0.0712445437	0.0601640685	0.0306262387	-0.0268598156	-0.0392385807	0.0303458322	0.0166276147	-0.0178354066	0.0908986417	-0.0022410569	-0.0185359268	-0.0409554773	0.0288027015	0.040707259	-0.0275492615	-0.0370860081	0.0654194401	-0.0347980784	0.1167869335	0.0309395809	-0.0530996444	0.0277730583	0.078310353	-0.0643134615	0.0172382354	-0.044614186	0.0773608373	0.0803008503	0.0323119744	-0.0261131086	0.0004363574	0.0403264016	-0.0356199025	-0.0606930606	0.032614771	-0.0027658672	0.0176536273	0.0257102835	-0.049837223	-0.0199040827	0.0496173601	-0.0511404794	-0.0490346212	0.055535532	0.0204480631	-0.0500525983	-0.0148702542	-0.0864424987	0.0430324377	0.0724229201	-0.0666271694	-0.0507163915	0.0101327260216237	0.0072461169052217	5.250621020414114e-05	0.0001026721366292	0.0691009541989444	-0.0195479831182297	0.0047749418712046	0.0003821236439905	0.2883008084035907	-0.0141727593310179	0.0002008671070549	0.0831173561261639	0.0041949307130754	0.000248321492684	1.7597443687503287e-05	6.166356372881013e-08	0.0002121329057254	0.0004816974386829	2.3203242243366625e-07	4.5000369691501453e-08	0.0007780580870137	4.9523698372600086e-05	6.053743867674184e-07	2.452596700500272e-09	0.0	0.0	0.0	0.0	0.0	0.0	0.0	0.0	0.0	0.0	0.0
4905.10333337075	-7.181624985839335	51.57573743723183	24060038.711044844	6288.071119295841	-81.8965029684905	39539838.40132245	6707.037198467972	5621.908795979818	-5.01269165039048	31605858.510315247	25.12707758189443	5599.06236510518	4550.117452384599	1.011428	17.11311	0.0365473409465396	0.0207901761334941	-0.1005218103	-0.0512034237	-0.0178175153	0.0672164601	0.0959866661	-0.0066392721	-0.0665237094	-0.0383200854	0.0626821262	-0.0930981584	-0.0993676409	0.0450557342	-0.0025448754	0.0042166225	-0.0184171521	0.0343567993	0.0131916127	-0.1047749734	-0.0242125625	-0.0546707364	0.0400178704	-0.0666308336	0.0854784661	-0.0858679199	-0.0833528964	-0.0034553202	-0.1187429392	0.0050144874	-0.0176529005	0.0032446077	0.0825659927	-0.0603302649	0.0108219275	0.0604630557	0.0520456912	0.1032492645	-0.0161740976	-0.1051906501	0.0359264085	-0.0424229341	0.0127884279	-0.0360267159	0.0152491465	-0.004049754	0.1190075627	-0.0217602151	-0.0277694443	-0.0578631464	0.0308680344	0.0673645235	0.0415761048	0.0348098807	0.1209530878	-0.0372281704	0.0372516747	0.0716741326	0.0003201579	0.0701722673	0.068481107	-0.0692715122	-0.0303163649	-0.0047959846	0.008321238	-0.0232693047	-0.1039070712	-0.0405993051	-0.0537961365	-0.0458477309	-0.0082898536	-0.0891625758	0.086575789	0.0236136921	-0.0243185793	0.0404376111	-0.03502059	0.014740201	0.0385068376	-0.0564074094	-0.0932097566	-0.0016444119	0.0391253474	-0.0321793082	-0.0160479313	-0.0856447597	0.0461599916	0.06941525	-0.0705658771	-0.0446048127	0.0139380854030832	0.0038053593814595	1.4480760022061831e-05	0.0001942702247036	0.0883633906654211	0.0192624364664767	0.0078080888098898	0.000371041458625	0.2861665478947373	-0.0021342605088534	4.555067919651186e-06	0.0818912931339909	0.0040349192791288	-0.0001600114339466	1.6280573589085273e-05	2.560365899364736e-08	0.0002389899883734	2.6857082647999996e-05	7.213028883615023e-10	5.7116214542717874e-08	0.0007380209118133	-4.0037175200400015e-05	5.446748662737348e-07	1.602975398027526e-09	0.0	0.0	0.0	0.0	0.0	0.0	0.0	0.0	0.0	0.0	0.0
4904.618849679957	-0.4844836907932404	0.2347244466446401	24055286.060635943	6331.498683095768	43.42756379992716	40087875.57404344	1885.953297596744	5623.468170166016	1.5593741861976014	31623394.260870315	2.4316478525794314	5594.964424816087	4600.549144869537	1.07528	18.19347	0.1456340152940517	0.0729183804041565	-0.1706892981	-0.0117912518	-0.0110162027	-0.0254013315	0.0405260041	-0.0737483552	0.033836684	-0.0967230076	0.1145175131	0.0731188192	-0.1251245358	0.0835188933	0.0940377354	-0.0077847203	-0.0812226874	-0.0094964277	0.0520920551	-0.0686700723	0.0825467282	0.0342285647	-0.0585924293	0.1009427429	-0.0237593963	0.054843273	-0.0288769819	-0.0353316832	0.0906479443	-0.0686590958	-0.0482838707	-0.0413039728	0.0482795224	-0.0264530156	0.0270835436	0.0502337669	0.1153275781	0.1305292258	0.1022569012	0.0138391253	0.0931573983	-0.0829280633	0.0502681198	0.0476617396	-0.1228311516	0.0481259326	0.0678185756	0.0408760405	0.0566351063	0.0926184438	-0.0005738933	-0.0903097202	-0.0192613729	0.0318802228	0.0156952646	0.0285473364	-0.1357113009	0.0854519085	-0.0373526978	-0.0024300345	0.1301508551	-0.0874865399	-0.0912039629	0.0182274903	0.0749156395	0.0124680903	0.0385376026	-0.0486014218	5.6578e-05	-0.0088694686	-0.1623903046	0.0248733916	-0.0495582432	-0.0090723544	-0.0174825564	-0.0391008357	0.0621354156	0.0702600011	0.0506126023	0.0483670182	0.0976553009	0.0024959274	-0.0481553279	0.0306614016	-0.0172228587	-0.084788324	0.0492163702	0.0662173176	-0.0742024108	-0.0382182304	0.0221177620750552	0.008179676671972	6.690711045800295e-05	0.0004891953992087	0.0677414540025864	-0.0206219366628346	0.0045889045903845	0.0004252642717259	0.3355460795388723	0.049379531644135	0.0024383381453941	0.1125911714939072	0.0042628243081624	0.0002279050290336	1.8171671082260247e-05	5.194070225880636e-08	-0.0006168640987471	-0.0008558540871204	7.324862184408643e-07	3.805213163230719e-07	0.0010033192019614	0.000265298290148	1.0066494210244605e-06	7.038318275550544e-08	0.0	0.0	0.0	0.0	0.0	0.0	0.0	0.0	0.0	0.0	0.0
4906.991471855904	2.372622175947072	5.629335989795818	24078565.30486657	6329.684138620137	-1.8145444756310096	40064901.29469934	3.2925716540430163	5620.066893717448	-3.4012764485678417	31585151.889858883	11.56868147958227	5594.591069519597	4600.519162446066	1.185572	20.059578	0.073759869405499	0.0342162019322199	-0.2443519078	0.0046704243	-0.0928368018	0.035955046	0.0528631872	-0.0986192979	0.0291547109	0.0840457782	0.1731299958	-0.0652327471	-0.1173197706	0.1771731207	-0.0682638879	-0.1304839256	-0.0047268086	-0.1347114624	0.1600456603	0.0132445182	0.0055477314	0.0638505412	0.0620438312	0.0035654163	-0.1078512599	-0.0398819438	0.0960228117	0.1557521274	-0.0174189077	-0.0860734609	0.1316995364	-0.0721357987	-0.1530525364	0.0493878615	-0.1148214113	-0.069515823	0.0753920644	0.1797123949	-0.0014212661	-0.0596962682	-0.0076338551	-0.1999505601	0.0376526475	0.1313728941	-0.0523533166	-0.1090438307	0.0335933187	-0.1721187997	0.0963027964	-0.0039083405	-0.0503826397	-0.0908010974	0.085892916	0.0059073374	-0.0591390743	-0.1237647784	-0.0646193026	-0.1072702875	-0.156174746	0.0142688671	0.0922529162	-0.186445713	-0.0838890092	0.0329632079	-0.0277605195	-0.0736954364	-6.60539e-05	-0.0817503895	0.1155900488	0.1089325894	-0.0275311	-0.130675496	-0.0102998597	0.0009456947	0.0326568633	-0.013863447	-0.0662737509	0.0599249515	0.2526746501	0.1355189687	0.0772765103	0.0263713933	0.0047943058	0.0857779789	-0.0183948351	-0.0838737786	0.0521968607	0.0628378881	-0.0775211985	-0.0315960199	0.0403973016841376	0.0182795396090823	0.00033414156832	0.0016319419833592	0.0549368313934905	-0.0128046226090958	0.0030180554435568	0.0001639583601613	0.3215123049563715	-0.0140337745825007	0.0001969468290324	0.1033701622383588	0.0041952213954466	-6.760291271580045e-05	1.7599882556812915e-05	4.570153807660134e-09	-0.0007072675998516	-9.040350110449998e-05	8.17279301195133e-09	5.002274577998429e-07	0.0005884869636853	-0.0004148322382761	3.463169064275437e-07	1.72085785913159e-07	0.0	0.0	0.0	0.0	0.0	0.0	0.0	0.0	0.0	0.0	0.0
4913.470253461695	6.478781605791482	41.97461109554206	24142189.931652937	6268.534515987169	-61.1496226329682	39294524.97812249	3739.276348154417	5620.111800944011	0.0449072265628274	31585656.65511013	0.0020166589975651	5596.519190213096	4610.651054232728	1.118899	18.931494	0.0630095103631016	0.032445212938302	-0.2077059041	0.0238164944	0.0485931342	0.0972392608	0.1019598208	0.0208952091	-0.0216608132	-0.043182449	0.0854390065	0.0328266993	-0.1883044686	0.1454354416	-0.0310844736	-0.0908158891	0.0368613347	0.059705385	0.1025208816	0.0152123833	0.020604369	0.0453235431	0.0543988015	0.0469463755	-0.0811619757	0.0264868671	0.0497812516	0.0791689294	0.0114607832	-0.1006558812	0.0953974761	0.0059909436	0.0172941542	-0.0344987402	-0.0420652058	-0.0250248904	0.0560857505	0.115405499	0.1255033468	-0.093820598	-0.0138902945	-0.1640545769	0.1405435968	0.0168967523	0.0097208932	0.000796085	0.0037114454	-0.0789209373	0.0661649629	0.0250517281	-0.0224826034	-0.0525659985	0.0434809678	-0.0117932039	-0.0281561674	-0.0448972837	-0.0604950693	-0.0889104127	-0.1369072206	-0.0394128657	0.0893503389	-0.1406470666	-0.1073088864	0.0444493643	0.020625737	-0.1127824906	0.0931777761	-0.1206358164	0.0369256162	-0.0694581555	-0.0308425874	-0.0186427721	-0.089615269	0.0374994997	0.0115732935	-0.0246046269	-0.048022769	0.0292949628	0.1307196619	0.1530898035	-0.0492573407	-0.0407533396	0.1903419816	0.176550507	-0.0195636596	-0.0829017503	0.0550968674	0.0592862243	-0.0805080284	-0.0247790096	0.0298616644272158	-0.0105356372569217	0.0001109996524094	0.0008917190023636	0.0646721487832735	0.0097353173897829	0.0041824868282458	9.477640467981124e-05	0.3026566811979947	-0.0188556237583767	0.0003555345473174	0.0916010666737846	0.004594235153651	0.0003990137582044	2.110699664704263e-05	1.5921197923639976e-07	-0.0007681938843198	-6.092628446820007e-05	3.7120121391000365e-09	5.901218439063423e-07	0.0005707683671975	-1.7718596487800026e-05	3.257765289933002e-07	3.1394866149747935e-10	0.0	0.0	0.0	0.0	0.0	0.0	0.0	0.0	0.0	0.0	0.0
4913.664011183661	0.1937577219659942	0.0375420548214515	24144094.01480151	6290.382713873655	21.84819788648656	39568914.68700049	477.34375088707577	5633.49112915039	13.379328206379796	31736222.302216142	179.00642325403	5609.883739981052	4337.439279593674	1.776716	30.06159	0.0934445057177904	0.0578088928012825	0.1220604269	-0.1431904592	0.0661145332	-0.0544303354	0.0811144364	-0.0040124852	0.0954331074	0.0592468577	0.0040925093	-0.0224856677	0.0698546526	-0.110075487	-0.0283599183	-0.0752688426	0.0410141648	-0.0748048855	0.1428215851	0.0853729974	-0.1563918625	-0.0134298864	-0.0045334842	0.1571692099	-0.2480998691	0.0020741224	-0.078530683	0.0235077435	0.1025812008	-0.0859518397	0.101382892	0.0138722773	0.0869284177	-0.0457240089	-0.0510206421	-0.0513199419	-0.1564850639	0.0169521868	-0.0299325521	0.0106710849	-0.0860224977	0.0807204237	0.0255977628	0.0152496569	-0.1254345865	-0.1301882976	-0.137518813	-0.016915265	-0.0715064318	0.0100980048	-0.0495578125	-0.0922866673	0.1536232666	-0.1529107599	0.0041196857	0.103680757	-0.0145825646	-0.1607699625	-0.1668491185	-0.1167176244	0.0517615908	0.0511354636	0.1750773371	0.1979169882	-0.0821863412	0.0556398467	-0.0033564767	0.0475284293	0.1232690085	0.0471473376	0.0566690083	0.1744650622	-0.1599009647	0.03010468	-0.1274467367	0.093571211	0.0071157552	-0.090690782	0.1101852188	-0.0848882905	0.075519439	0.0680653435	0.3267910748	-0.1283541539	-0.0207291319	-0.0818729053	0.0579119187	0.0555720611	-0.0831501106	-0.0178092284	0.0147916230339291	-0.0150700413932867	0.0002271061475953	0.0002187921119778	0.1147184925331998	0.0500463437499262	0.0131603325290898	0.0025046365227357	0.3025733829293173	-8.329826867742307e-05	6.938601564656161e-09	0.0915506520572912	0.0046458470129721	5.161185932109954e-05	2.1583894467941785e-05	2.663784022580969e-09	-0.0006722084632606	9.598542105920002e-05	9.213201055911921e-09	4.518642180791775e-07	0.0009880675329352	0.0004172991657376	9.762774496406524e-07	1.7413859372538038e-07	0.0	0.0	1.0	0.0	0.0	0.0	0.0	0.0	0.0	0.0	0.0
4925.364191131235	11.700179947573815	136.8942108056084	24259212.415277846	6366.047019705868	75.66430583221245	40526554.65710596	5725.087177070579	5645.800748291015	12.309619140624818	31875066.089403387	151.5267233872369	5633.184518064506	4319.415512932672	1.324935	22.417568	0.20439804600935	0.1048677886178452	0.2566390609	-0.1356649199	-0.0569746113	0.0136641852	-0.0346295473	0.0210022362	-0.0984122245	0.0871025043	-0.1627104928	-0.0274458925	0.0485318705	-0.1857473553	0.0104916085	-0.0800817103	0.1006177481	-0.1037290978	0.2431860394	0.1221329744	0.0814743606	-0.0239174172	0.033609547	-0.0459222954	-0.2078852832	-0.1638085794	-0.0135131461	0.0189835408	-0.036061645	-0.0460634665	-0.0217657353	0.1334628123	0.030128942	0.122051576	0.0470265961	-0.1188045471	-0.1963739804	-0.1433974909	-0.00468432	-0.0452029034	-0.0232850405	0.1679183171	0.0110829905	0.0006659045	-0.0857179064	-0.1931434085	-0.081536371	-0.0947630153	0.2169428733	-0.0986845635	-0.1163350281	-0.0123158568	0.1905350693	-0.1406394916	-0.0254138881	0.0250417104	0.0532909501	-0.1593670262	0.0561887574	0.1012486833	0.0185083901	0.189102394	0.1802950415	0.3310213053	0.0136513107	-0.0865062139	0.0384575488	-0.00996984	0.0858862147	-0.0327158917	0.0273222556	-0.1255848052	-0.2445470623	-0.0610672932	-0.0519272268	0.1406374271	-0.0377434777	0.0704479101	0.0146134658	-0.0962030553	-0.0288451502	0.1319165691	0.2493304976	0.1898072977	-0.0218910524	-0.0807879487	0.060637674	0.0517055788	-0.0854361313	-0.0107296473	-0.0034269340102781	-0.0182185570442072	0.000331915820773	1.174387671080074e-05	0.1915037439027713	0.0767852513695715	0.0366736839287782	0.0058959748278882	0.2571788973152209	-0.0453944856140963	0.0020606593241684	0.0661409852242729	0.0045529589225786	-9.288809039350016e-05	2.0729434950688084e-05	8.628197336951054e-09	-0.0004470637235665	0.0002251447396941	5.069015381192405e-08	1.9986597292914398e-07	0.0019500297424771	0.0009619622095419	3.802615996545305e-06	9.253712925867344e-07	0.0	0.0	0.0	0.0	0.0	0.0	0.0	0.0	0.0	0.0	0.0
4937.658317005594	12.294125874358542	151.1455310145722	24380469.65549451	6362.707433031095	-3.339586674772363	40484045.87834915	11.152839158317128	5640.265038248698	-5.535710042317078	31812589.70169059	30.644085672610142	5621.744399965041	4416.00317921358	1.29843	21.969109	0.180611438518796	0.0950744665136287	0.1744579695	-0.0576018987	0.0690461803	-0.0444940145	0.0036766368	0.0460612999	0.0773837448	-0.0158274535	-0.0041876091	0.0302056399	0.0711481422	-0.0974444292	0.0508842194	-0.0519084764	0.0515790514	-0.0118078838	0.1309237928	0.1312456258	-0.0803950715	0.1188763367	-0.0790320654	0.140006827	-0.1618472909	0.0177554107	-0.0302706469	-0.0242818464	0.0476420436	-0.0096816304	-0.0185181894	-0.0777584569	0.0375829482	0.0529645752	-0.0583606371	0.0012576911	-0.1236837375	-0.0171508311	-0.0120477956	0.0732256848	-0.0182294618	0.0806826337	0.0700112679	-0.025543167	-0.134943642	-0.0898690032	-0.1462228863	-0.0568179301	-0.0076357202	0.105710322	-0.1418479236	-0.0849427215	0.063636842	-0.0725166015	-0.0260854178	0.1013691208	-0.0596203748	0.0139982481	-0.0541379911	0.0797247073	0.0470982792	0.1588071546	0.0140660775	0.1057229019	-0.0677419177	0.0690869295	0.0718304849	-0.0046502785	0.0553502879	-0.0082872399	0.005069797	0.1263161222	-0.0885176201	0.0715901431	-0.046161432	-0.0110005643	0.1509221526	-0.0614371628	0.03652343	-0.0037820703	0.0727610357	0.0528491912	0.0700414432	0.1121490618	-0.0230492221	-0.0796476241	0.0632699305	0.047697375	-0.0873563013	-0.0035839144	-0.0030674879521512	0.0003594460581268	1.2920146870296664e-07	9.409482336592764e-06	0.1325194090708095	-0.0589843348319618	0.0175613937804765	0.0034791517555689	0.2495800861529886	-0.0075988111622323	5.774193107926653e-05	0.0622902194041332	0.0035171258621299	-0.0010358330604486	1.2370174330062993e-05	1.0729501291185198e-06	-0.0009818097725213	-0.0005347460489547	2.859533368727692e-07	9.639504294183266e-07	0.0012472319225511	-0.0007027978199259	1.5555874686305134e-06	4.939247756927382e-07	0.0	0.0	0.0	0.0	0.0	0.0	0.0	0.0	0.0	0.0	0.0
4950.032860082283	12.374543076689406	153.1293163568417	24502825.315894388	6478.438947058671	115.73151402757594	41970171.19076666	13393.783339115009	5633.948201497396	-6.316836751301707	31741372.33715575	39.90242654259591	5625.464517279203	4600.946892532648	1.677064	28.375505	0.3432340974314673	0.2377981701127951	0.1105198738	0.0819027788	-0.0330766027	0.0604975861	-0.1207607778	0.0798194625	-0.0631811369	0.1438379004	-0.033017136	-0.0934053498	-0.0093817078	-0.0787093845	-0.0724708757	-0.0494996468	0.0701231686	0.0206331419	-0.159414222	0.1662028481	0.127454379	0.0857589021	-0.0883262531	-0.0938580995	-0.0790559397	-0.0255634494	0.0604483241	-0.0235760844	0.0699812351	0.0379856856	0.008682714	-0.0851923387	0.0250610768	-0.1087475145	0.0055289936	0.1255522295	-0.0578114327	-0.0260864852	-0.067645791	-0.0936016228	-0.101123229	0.0752338952	-0.0128632852	0.0569549913	0.2254452898	0.1181548151	-0.151650355	-0.057147949	0.0994621234	0.0008000493	-0.1442353986	-0.1387514702	0.0101837424	0.0732739449	-0.0657116104	0.0428528373	-0.0314425516	0.117245559	-0.071085994	0.0579053884	-0.230087096	0.0422054988	-0.0360913193	-0.0039366548	-0.1811533571	-0.0963456691	0.0655134813	0.0053632521	0.0045656095	0.0115112724	0.0578612548	-0.0283078631	0.1178692728	0.0468273612	0.0980527159	0.0282789975	0.1131282008	-0.0236544618	0.1155585984	-0.0492634095	0.0144695281	0.038239306	0.0231389064	0.0479294203	-0.0242034423	-0.0784527129	0.0658046293	0.0435584361	-0.0889023983	0.0035839144	0.0058167252792458	0.008884213231397	7.892924474092954e-05	3.3834292974217133e-05	0.0981532315602748	-0.0343661775105346	0.0096340568657249	0.0011810341566855	0.019060364511013	-0.2305197216419756	0.0531393420658939	0.0003632974952926	0.0032751492031	-0.0002419766590298	1.0726602302566566e-05	5.8552703515272366e-08	-0.0004599835599516	0.0005218262125696	2.723025961248376e-07	2.115848754257472e-07	0.0006217550931995	-0.0006254768293516	3.865793959195189e-07	3.912212640557307e-07	0.0	0.0	0.0	1.0	0.0	0.0	0.0	0.0	0.0	0.0	0.0
4937.726331525372	-12.306528556910962	151.450645122065	24381141.32503901	6442.214389422082	-36.22455763658945	41502126.23927692	1312.2185759665913	5632.758060302735	-1.1901411946610096	31727963.365905438	1.4164360632291353	5614.188959460624	4622.152493046779	1.185767	20.062874	0.0787916740095992	0.0607057335519974	0.0588996594	0.0771324767	-0.0058050976	-0.1267390538	-0.0932473336	-0.0296719522	0.0311000037	0.0136447418	0.0376462353	0.0836826706	-0.0130544557	-0.0384166371	-0.0118822814	-0.0044160395	-0.0344595361	-0.0281256754	-0.1661884822	0.0944998159	0.0802030664	0.0329647058	-0.0781875364	0.0002022199	-0.0043508036	-0.0661360755	-0.0162611625	0.0699085219	0.0306272118	0.0822687006	0.024565642	-0.0127545001	-0.0787628501	-0.015468594	0.0490675291	0.0684738894	-0.0520309073	0.022136655	0.0552192689	0.0664837329	0.0201131249	0.0329658633	-0.0900794514	0.1073981023	0.1211956832	0.1223776583	-0.1079049907	0.0446832679	0.0240590717	-0.0053755593	-0.1128393591	0.0619994317	-0.0046227349	-0.1032430922	-0.0387415019	0.0828066298	-0.0783990516	0.064651639	-0.0621620553	-0.0002958321	-0.1655848268	0.0236263629	0.0318643447	-0.0529536094	-0.0818268163	0.0113203456	0.1402239713	0.1044826032	0.0280353917	0.0764166566	-0.0970424595	0.0460555108	0.1068320406	0.1204601535	0.0861169833	-0.0063583986	0.1328918851	-0.0402086465	0.0654745324	0.0532773513	-0.0508028754	-0.033285416	0.0241269146	0.050643173	-0.0253535154	-0.0772040342	0.0682378621	0.0393001065	-0.0900678015	0.0107296473	0.0104721436544821	0.0046554183752363	2.1672920248487796e-05	0.0001096657927201	0.0937380048742824	-0.0044152266859924	0.0087868135578109	1.949422668869952e-05	0.0787549583839535	0.0596945938729404	0.0035634445376553	0.0062023434700582	0.0031691550607776	-0.0001059941423224	1.0043543799252272e-05	1.1234758206661244e-08	-0.0005145793217569	-5.45957618053e-05	2.9806972071010533e-09	2.647918783797912e-07	0.0005818162958186	-3.993879738090002e-05	3.385102020800766e-07	1.5951075362325863e-09	0.0	0.0	0.0	0.0	0.0	0.0	0.0	0.0	0.0	0.0	0.0
4951.390359610483	13.664028085110658	186.70566351069283	24516266.493243627	6446.470328021524	4.255938599442743	41556979.69006194	18.113013362226656	5643.003599039714	10.245538736978231	31843489.618775163	104.97106401092152	5631.604754694086	4602.845760669584	1.178499	19.939913	0.1120564549567341	0.0576492349537984	0.0777990723	0.0918879577	-0.016269064	0.0751008489	-0.0802949271	0.0615587372	-0.0980957257	0.1013972021	-0.0320718461	-0.0805311975	0.0370114756	-0.003961091	-0.0274664193	0.0076010686	0.127049958	0.0315476893	-0.1809323529	0.0499708335	0.0279668215	0.052461934	0.0046731229	-0.030518871	-0.059513546	-0.0921925114	0.0925246363	0.0475317537	0.1615683322	0.0014243095	-0.1264427852	-0.1276971128	-0.1821429562	-0.2372756465	0.033779414	0.0674271561	0.0554682852	-0.0321711723	-0.0951270499	-0.0382194852	-0.0147945296	0.044207975	-0.0147247911	0.0146650446	0.2855787812	0.056056728	-0.0507405933	-0.0039353509	0.0104036092	0.0257221886	0.0035583631	-0.0025360386	0.0866854357	0.0046582466	-0.1767300353	0.0626671706	-0.2000658591	0.0910109141	0.0820077508	-0.1775744692	-0.2191245154	0.0146227757	-0.0177586351	-0.0205362288	-0.1851056873	-0.0460802622	0.0436888488	0.027354531	0.0496793136	0.0106891099	0.064961997	-0.0164003673	0.2087775347	0.0738275149	0.0131097644	-0.0044244352	0.2007450327	0.0604688753	-0.063439944	0.0348289024	0.0395849425	-0.0516069755	0.0925173586	0.0793730544	-0.0264992443	-0.0759024438	0.0705658771	0.034934058	-0.0908475206	0.0178092284	0.0090568288469938	-0.0014153148074883	2.0031160042956462e-06	8.202614876373903e-05	0.0799021111942579	-0.0138358936800244	0.0063843473732995	0.0001914319539249	0.0351884632733572	-0.0435664951105962	0.0018980394962216	0.0012382279475404	0.0036040380274146	0.000434882966637	1.298909010305052e-05	1.8912319467099825e-07	-0.0006548350861026	-0.0001402557643456	1.9671679432196522e-08	4.288089899909995e-07	9.217999962879876e-05	-0.0004896362961898	8.49715233156534e-09	2.397437025464668e-07	0.0	0.0	0.0	0.0	0.0	0.0	0.0	0.0	0.0	0.0	0.0
4939.524112708654	-11.866246901829072	140.80781553516806	24398898.460030213	6416.307137798789	-30.163190222735462	41168997.28656769	909.8180444129245	5649.313410644531	6.309811604817696	31914742.011688147	39.81372248829207	5631.530831066087	4547.933705248864	1.403404	23.745251	0.2718049170917633	0.1695831894058899	0.0162378366	0.0173136035	-0.0020344197	-0.108596443	-0.0579434207	-0.0415687619	0.0602079971	0.0354655829	-0.0478383366	0.0665950562	0.01664139	0.0187873251	-0.0367042757	0.0354096182	0.0167593025	-0.0752412587	-0.0865879082	0.1183768667	0.0106852941	-0.0623729767	-0.0474483706	0.0516863798	0.0504869846	-0.0851394073	0.0749966232	-0.0071760015	0.0121358755	0.0549146591	-0.0379028678	0.1363887318	-0.1755227619	-0.102425883	-0.1095444729	-0.0646319962	0.1125858536	-0.0595110471	0.0472927239	0.0354909026	0.0206775546	-0.0184109251	-0.0882218277	0.071533433	0.0863624867	0.0128647098	-0.1303360883	0.0685018623	0.0080084306	-0.0440561957	0.0005363637	0.1540114959	0.0453059007	0.0073739351	-0.0894230115	0.0331442228	-0.0697104445	-0.1113338626	0.1038672469	-0.1258604538	-0.0868574945	-0.0795335181	0.1942590406	-0.0904724408	-0.0933333764	-0.0800644965	0.1003563264	0.2074677079	0.0874590695	0.0531239922	-0.0652080161	-0.011892651	0.150193891	0.0074019709	0.0458719706	0.0219762941	-0.0180555635	0.0523692472	-0.0529143811	0.1378128623	-0.0563678867	-0.0031768845	-0.0409643247	0.0358086744	-0.0276404327	-0.0745488335	0.0727850846	0.0304722578	-0.0912382167	0.0247790096	0.0132338938339557	0.0041770649869619	1.7447871905303024e-05	0.0001751359460084	0.1187405772820824	0.0388384660878245	0.0140993246932821	0.001508426448055	0.1913471454555591	0.1561586821822018	0.0243855340208819	0.0366137300739908	0.0040968612137584	0.0004928231863438	1.6784271804797952e-05	2.428746929980559e-07	-0.0006819042333181	-2.70691472155e-05	7.327387309744112e-10	4.649933834171457e-07	0.001024901742765	0.0009327217431362	1.0504235823227343e-06	8.699698501190339e-07	0.0	0.0	0.0	0.0	0.0	0.0	0.0	0.0	0.0	0.0	0.0
4959.138526838882	19.6144141302284	384.7252416721034	24593054.92837772	6426.722885839197	10.415748040408287	41302767.0513693	108.48780724126912	5654.420229085286	5.106818440754978	31972468.1270889	26.079594586835103	5634.875797019395	4560.431535808089	1.561053	26.412634	0.2505661580386474	0.1587567120688418	0.0104681287	0.0212956885	0.0585035914	0.0128259526	-0.0393607914	0.07939595	0.0436343393	-0.1709579986	0.014692431	-0.040045229	0.1126518298	0.0658845804	0.0287803881	0.067350634	0.1345925405	0.0640148594	0.0253239368	-0.0115512771	-0.0540936584	-0.0055983166	-0.1243685638	-0.0123148083	0.1106111326	-0.0145575607	0.1379300575	-0.0281230722	0.0023120788	0.0527768478	0.111518828	0.1360847407	-0.0282672762	0.0374865208	-0.1336099831	0.0232771878	-0.0120868707	0.0042253853	-0.0976784369	0.0621425563	0.0422203208	-0.0348399204	0.0488471306	-0.1237424693	0.043092482	-0.0934150825	-0.0037279815	0.087615518	-0.0397685386	-0.0201218552	-0.0631988853	0.1165938514	-0.0766059105	0.1280700697	-0.0933094959	0.0544004959	0.0658619609	-0.136279558	-0.0333201274	0.006768135	0.1207319547	0.0755765633	-0.0956900055	-0.0168130989	-0.1466968943	-0.0061825306	0.0288349083	0.0028141505	0.0543555729	-0.0214464531	0.0402119437	0.0584214441	0.0237531572	0.0581146121	0.0201716752	0.0305804241	-0.0814202073	-0.0649540498	-0.0190871559	0.0921433386	-0.0562286507	0.0462700338	-0.0185486112	0.0108938004	-0.0287768851	-0.0731441312	0.0748920628	0.0259269352	-0.0912382167	0.0315960199	0.0016592014740837	-0.011574692359872	0.0001339735032256	2.7529495316015227e-06	0.0950974135917874	-0.0236431636902949	0.0090435180718474	0.000558999189286	0.3363300959747946	0.1449829505192355	0.021020055941263	0.1131179334584145	0.0041691536004733	7.229238671489953e-05	1.7381841744339478e-05	5.2261891769365815e-09	-0.0017147382961602	-0.0010328340628421	1.066746201366919e-06	2.9403274243183857e-06	0.0013270823225929	0.0003021805798278	1.7611474909385655e-06	9.131310282512577e-08	0.0	0.0	0.0	0.0	1.0	0.0	0.0	0.0	0.0	0.0	0.0
4946.338376069188	-12.800150769694485	163.84385972691027	24466263.33057477	6390.165017235358	-36.55786860383887	40834208.94749857	1336.4777568555478	5651.127967122396	-3.292261962890734	31935247.3007929	10.838988832297147	5632.45601605565	4568.57957288954	1.028673	17.404888	0.061853718889271	0.0310009039600423	0.0117053735	0.0363700332	-0.0676855014	-0.0403497855	-0.028230477	-0.0648665377	0.0558172548	-0.0078094524	-0.0891993581	0.0290698733	-0.045116657	0.027993067	0.0330705364	0.0969017693	0.1084751376	-0.0927618828	0.0213814572	0.0529122935	-0.0882304414	0.0245342948	-0.0120606227	0.0281517442	0.0572722058	0.1267496224	0.0781168453	-0.0460068962	0.0250378937	0.0614850329	0.034640834	0.0280902906	0.0206116631	0.0374378481	-0.0528727233	0.0858128974	-0.1015768895	-0.0746095166	0.0553712521	-0.0203795351	0.0942998621	-0.0227655925	-0.038803892	-0.0377789404	-0.0208856702	-0.1140028241	-0.1054532634	-0.0091582966	-0.0359553639	0.0607599638	0.0369080903	-0.0076557537	-0.1182072494	0.0782228021	-0.0863404985	0.028717975	0.0444614005	-0.0025616271	-0.0483027462	0.0072916765	0.0940405446	0.032648741	-0.0069158658	-0.0190700989	-0.0886841541	-0.1291084598	0.1312042903	0.0136023331	-0.014957068	0.1016274052	0.0759464665	0.0654417745	0.0029618	0.0434538795	-0.0183542475	-0.0339812368	0.0314160097	-0.0738934477	-0.0563767601	0.0758335517	0.0063651458	0.1208713607	-0.1022886868	0.0358013578	-0.0299084066	-0.0716892996	0.0768835629	0.0213105486	-0.0908475206	0.0382182304	0.010068250792429	0.0084090493183453	7.071211043836356e-05	0.0001013696740192	0.0982886719324653	0.0031912583406778	0.0096606630302477	1.0184129796946206e-05	0.3138807729736967	-0.0224493230010978	0.0005039721032076	0.0985211396425653	0.0044588539227463	0.000289700322273	1.9881378304390067e-05	8.392627672508027e-08	-0.0019194151872401	-0.0002046768910798	4.189262974213323e-08	3.684154661007948e-06	0.001388786873823	6.170455123010008e-05	1.928728980903061e-06	3.807451642508045e-09	0.0	0.0	0.0	0.0	0.0	0.0	0.0	0.0	0.0	0.0	0.0
4940.674602642948	-5.663773426239459	32.07832942377626	24410265.529201053	6340.275500569122	-49.88951666623598	40199093.42311704	2488.963873190637	5641.674093831381	-9.453873291015045	31828486.58100813	89.37572020256759	5624.579835567648	4511.115837346495	1.073544	18.164097	0.0374884427268515	0.0213331289612308	-0.0173068162	-0.0110203477	0.0862515071	-0.0002147217	0.0605339139	0.0491248169	0.0534915579	-0.0439078735	0.0597285158	0.0221945453	0.0513887226	-0.0029326811	-0.0709214314	0.0283251152	0.1193061731	0.0006747227	0.0091457329	0.0658307781	-0.0434854381	-0.0554497166	-0.1020648423	-0.0122137891	-0.0299897861	0.0715984673	-0.0062345534	0.0222844788	-0.0087193016	0.11611136	-0.0484233434	0.0188452972	0.0841724968	-0.0574297256	-0.0353564061	-0.0211225561	0.0238770025	0.0382002117	-0.0132580643	0.0557691676	-0.0816657954	-0.045808169	0.0008103186	-0.0721897799	0.0297660835	-0.0636906379	-0.114212986	0.0726141338	-0.029354935	-0.0322850902	-0.0812865415	-0.0349564208	-0.0185468147	-0.0022081558	-0.0417133012	0.0159982719	0.0756537404	0.0429237209	0.0142432711	-0.0631797072	0.0512818749	-0.0104876343	0.0027382012	-0.0628093299	-0.1922111729	-0.010998543	0.0763625859	0.0454290503	0.1319896141	-0.0255603854	-0.0161801552	0.0778327195	0.0050419583	0.0131616406	0.0440565727	0.0226071737	-0.0420561745	-0.0549052835	-0.0038367991	0.0404189393	-0.0098376475	0.0898586259	-0.1047262733	-0.0238750315	-0.0310348036	-0.0701853358	0.0787565141	0.0166357513	-0.0900678015	0.0446048127	0.0076655763283923	-0.0024026744640367	5.772844580134044e-06	5.876106044640837e-05	0.0986502125395247	0.0003615406070594	0.0097318644340933	1.307116105528868e-07	0.3000990919234212	-0.0137816810502754	0.0001899347325715	0.090059464973262	0.004734242716438	0.0002753887936916	2.241305409814625e-05	7.583898769096956e-08	-0.0018388780888287	8.05370984114e-05	6.4862242205275304e-09	3.3814726255742924e-06	0.0013258618338165	-6.292504000649998e-05	1.7579096023712522e-06	3.959560659819623e-09	0.0	0.0	0.0	0.0	0.0	0.0	0.0	0.0	0.0	0.0	0.0
4949.3984809172025	8.723878274254275	76.10605214400576	24496545.32290551	6444.187622878725	103.91212230960264	41527554.11886335	10797.729162885818	5651.69694132487	10.02284749348928	31941678.316580888	100.45747187774434	5641.572425535526	4555.645728316961	1.036981	17.545454	0.1544543775418485	0.08630578769178	0.0034231896	0.0214701921	-0.0657375146	0.0506492301	-0.0764319286	0.043215397	-0.0865476281	0.0193836925	-0.0862639338	-0.0275077341	-0.0171172393	-0.0007482486	0.0390358792	0.0429144506	0.0970406218	0.0054805237	-0.0913701502	-0.0241309167	0.0439722377	-0.0250072893	-0.0135240944	-0.0911530715	0.0001020453	0.0069747876	-0.0391846781	-0.0488517227	-0.0063447785	0.0052207755	-0.0763609149	-0.0259024043	-0.0016494446	0.00496337	0.0035064077	0.0453568049	0.0271391317	-0.0715363808	-0.0129340124	-0.0475835841	0.0573074272	0.0339982186	-0.0040685705	-0.0305181122	0.1332677451	-0.0161035541	0.0167362748	0.0356033491	0.0185479657	-0.0417567129	0.0128851832	-0.0709875402	0.0016183492	0.079831316	0.033826516	-0.0169256218	0.0335888511	0.0972780588	0.0891238818	-0.0075990633	-0.0061605557	0.0175435961	-0.0246984428	-0.0250792349	-0.0522694306	-0.0954666662	0.0088351081	0.047828321	-0.0325903854	-0.0181017497	0.0483157776	-0.0187163867	0.0474371685	-0.044155192	0.1016364744	0.0663151112	-0.0828909555	-0.0019384058	-0.0314018152	-0.023494564	-0.0377034415	0.0268280701	-0.0371439707	0.0132072058	-0.0321558829	-0.0686332704	0.0805080284	0.0119153566	-0.0889023983	0.0507163915	0.0033765865684358	-0.0042889897599565	1.8395433161011717e-05	1.1401336854141052e-05	0.0979231130665283	-0.0007270994729964	0.00958893607264	5.286736436316439e-07	0.2611332593171056	-0.0389658326063155	0.0015183361107034	0.0681905791215747	0.0049321892850415	0.0001979465686035	2.4326491143478183e-05	3.9182844021900246e-08	-0.0006231967906777	0.001215681298151	1.4778810186741008e-06	3.88374239910985e-07	0.0005300405865194	-0.0007958212472971	2.809430233578295e-07	6.333314576495121e-07	0.0	0.0	0.0	0.0	0.0	0.0	0.0	0.0	0.0	0.0	0.0
4950.096779223045	0.6982983058423997	0.4876205239423656	24503458.123674363	6378.667014014642	-65.52060886408344	40687392.87567847	4292.95018592021	5654.893743896484	3.196802571614171	31977823.254759595	10.219546681878978	5636.894258927124	4516.888561074251	1.055478	17.858418	0.1067195663378832	0.0572634605049548	0.0035886526	0.0090277651	0.0218550927	-0.0472776192	-0.0118777571	-0.0046078331	0.0714143404	-0.0297214783	-0.0044887815	0.0926046915	0.0719378039	0.0272298196	0.0469916716	0.0368918392	0.0272267966	-0.0499744631	-0.0269530385	-0.0603148257	-0.0007255696	0.0002361368	-0.0633248382	0.0620952973	0.0798382638	0.0032655883	-0.0908145814	-0.0719493883	-0.0134039855	0.0288194302	-0.0097637798	-0.0094950638	0.0508528591	-0.0341998323	0.0736224108	0.0845299885	0.0499632947	-0.0357411552	0.0209927594	0.1094869486	0.0259206352	-0.0043513129	0.0089495516	0.0044086512	-0.0448218461	-0.037218239	-0.0012601478	0.094826495	-0.0172100152	0.085180596	0.0583537632	-0.0037452421	-0.01374515	0.1012800586	0.0704134669	0.0151148244	0.0263796158	0.1425239983	0.0190740348	-0.0107520605	0.0529576172	0.0612725233	-0.0163050973	-0.034596094	0.0419168999	0.0787334433	0.0025151006	-0.0192677762	0.0072999871	0.0077499308	-0.0494785568	0.0937506245	-0.0515991069	0.0172256689	0.024976732	-0.1206237849	-0.0184583896	-0.0067470098	-0.0207325888	-0.0480199273	0.0214201584	-0.0167266773	-0.0432228456	0.0318279649	-0.0332714524	-0.0670341672	0.0821354052	0.0071623028	-0.0873563013	0.0565152869	0.0157923473863093	0.0124157608178735	0.0001541511166866	0.0002493982359698	0.1049813796077359	0.0070582665412076	0.0110210900643435	4.98191265667307e-05	0.3107811412532228	0.0496478819361171	0.0024649121807426	0.0965849177586556	0.0046210598690669	-0.0003111294159745	2.13541943135006e-05	9.680151348469548e-08	-0.0005531346280827	7.006216259499993e-05	4.908706627488207e-09	3.059579167841869e-07	0.0001592790242353	-0.0003707615622841	2.5369807561349287e-08	1.3746413606734654e-07	0.0	0.0	0.0	0.0	0.0	0.0	0.0	0.0	0.0	0.0	0.0
4936.428516267888	-13.668262955156932	186.82141221131533	24368326.496222783	6374.945743383951	-3.721270630690924	40639933.23108915	13.847855106842829	5644.613796386719	-10.279947509765408	31861664.91035929	105.67732080353198	5628.271959990069	4503.240157781863	1.042178	17.633383	0.1195080694931522	0.0554957295627966	0.0008156903	-0.0316192408	-0.060050707	0.0763637407	0.0048204297	0.0273555924	-0.0802187206	0.0395953627	-0.0351821739	-0.0777854257	-0.0183870736	-0.0142218478	0.0263179889	-0.0059585545	0.0300617073	0.0637887394	-0.0544323194	-0.0607105424	-0.0574154324	-0.03524952	0.0492254607	0.0045846788	-0.0044403209	-0.0411310736	0.0110584332	-0.052479229	-0.0321846215	-0.0182383402	-0.0450353881	-0.0323397326	0.0073944806	0.0133444682	0.0143050933	0.07517604	0.003034481	-0.0083334625	-0.0425954789	-0.0781220446	0.0034024736	0.0262785084	0.0311279854	-0.0412733538	0.0488206324	-0.01703125	0.0419383576	-0.0250949727	-0.0822889583	0.0035192079	0.0800762328	-0.0095396335	0.0520603895	0.0327048733	-0.0072032846	-0.0306218584	0.0208649415	0.0695522163	0.0548365454	0.0056226565	0.0239922015	0.0068269373	0.0495249986	-0.0076289667	0.0021963535	-0.0283183071	-0.0997843156	-0.0321709458	-0.0308524249	-0.0149574936	0.0716060616	-0.0380954893	0.0949726086	-0.0299334319	0.0008561672	-0.0644678843	-0.1184643759	0.0657664038	-0.0074051963	-0.0610487633	-0.000405663	-0.0142901505	0.0053932874	-0.0856423139	-0.034381321	-0.0653891221	0.0836361352	0.0023896175	-0.0854361313	0.0619657467	0.0218755948064313	0.006083247420122	3.7005899174420965e-05	0.0004785416481351	0.1170706448242242	0.0120892652164883	0.0137055358795596	0.0001461503334745	0.3381977579448829	0.02741661669166	0.0007516708708174	0.1143777234789455	0.0050700354572158	0.0004489755881488	2.570525953742542e-05	2.0157907875365005e-07	0.0002548434830529	0.0008079781111356	6.528286280742521e-07	6.494520085453374e-08	-6.214607977783875e-05	-0.0002214251040131	3.862135231753498e-09	4.902907668722932e-08	0.0	0.0	0.0	0.0	0.0	0.0	0.0	0.0	0.0	0.0	0.0
4935.428393398396	-1.000122869491861	1.0002457540806338	24358453.426363077	6359.068739328953	-15.877004054997997	40437755.23151071	252.07925776242283	5645.723994140625	1.1101977539065049	31874199.41801517	1.232539052779048	5626.449913489989	4496.050660974839	1.013099	17.141384	0.0550221334808841	0.0309350028903476	-0.0265635674	-0.0394244942	-0.004894394	-0.0877104338	0.0085373176	-0.0633890453	0.0474504745	-0.0421899505	0.0163162958	0.0840340825	-0.0376146336	0.0055579512	0.0194662324	0.0263580863	-0.0360492522	-0.0590545664	0.0038573956	0.058073646	-0.0485553433	0.00534767	-0.0555657536	-0.0119179927	0.0459290152	-0.0485681568	0.041044326	-0.0014396204	-0.121859479	-0.0946134051	-0.0268630094	0.0753736461	-0.0709952202	0.0647301964	-0.077973505	0.0442510527	0.0575473525	0.0055582859	0.0824705539	0.0445144243	0.0477662277	-0.0164094769	-0.0469954143	0.0298592672	-0.0468603356	0.0049430232	-0.0423628457	0.0252808822	-0.028892533	0.0045521634	-0.0452696933	0.0516270013	0.0292295273	0.1013589235	0.0483008685	-0.0492208251	-0.0001431693	-0.1104046388	0.0557209567	0.0433402713	0.0493882545	-0.0013774652	0.0436180044	-0.0376017966	0.0377631163	0.0127346262	0.044530624	0.0338300765	-0.0293186078	0.0344804238	-0.0846996105	0.0670614517	-0.0261972549	-0.0169153743	0.0589278908	-0.0709078181	-0.14849938	0.0144977902	-0.0218241085	0.0007756709	-0.0333758032	-0.0363173853	-0.0182175713	-0.0267937195	-0.0354852986	-0.0636992625	0.0850079043	-0.0023896175	-0.0831501106	0.0670341672	0.0248421880724976	0.0029665932660663	8.800675606269922e-06	0.0006171343082293	0.1154902754394981	-0.0015803693847261	0.0133380037210911	2.497567392179584e-06	0.3490362651766077	0.0108385072317248	0.0001174732390121	0.1218263144084352	0.0051440433037818	7.400784656600053e-05	2.6461181511182376e-05	5.4771613533366755e-09	-0.000246602065403	-0.0005014455484559	2.514476380662384e-07	6.08125786610255e-08	0.0001551337971676	0.0002172798769454	2.4066495023638063e-08	4.721054492542501e-08	0.0	0.0	0.0	0.0	0.0	0.0	0.0	0.0	0.0	0.0	0.0
4944.247589915	8.81919651660428	77.77822719848506	24445584.23038029	6337.873531114186	-21.195208214766357	40168640.89639781	449.2368512672991	5652.164310709635	6.440316569010065	31946961.395259727	41.47767750906557	5635.989183398691	4482.399145088943	0.982443	16.622694	0.0713909804976986	0.0327079963962857	0.0095287885	-0.0219314105	0.0656546091	0.0375674567	0.0387102873	0.0528383863	-0.046035788	-0.0497362648	0.0062468301	-0.0719987456	0.0716159154	0.0092188592	-0.0123428929	-0.0135912691	0.0246110218	0.0512613215	0.0087546324	-0.0400579544	-0.1079194015	-0.0078822884	-0.0135828125	-0.0596012052	0.01872276	-0.0818771675	-0.0175322734	0.0531297799	-0.0632450726	-0.1014251972	-0.0084306367	0.0741971061	0.0582947364	0.0542660557	-0.0521860178	-0.0600106155	-0.006243987	0.0070332759	-0.0889244094	0.0039331807	-0.0251001005	0.0151586997	0.0439291492	-0.059261824	0.0264820924	-0.0370581847	0.0519856434	-0.0111133285	-0.0729588476	-0.032525476	-0.0260367069	0.0562531261	0.0676155159	0.0851076485	0.0571397994	-0.0459188008	0.060659969	-0.0616533015	-0.0131698594	-0.0147360128	0.0565390341	0.0486159579	-0.0484036868	0.001532495	-0.0514042736	0.0320228458	-0.0508975611	-0.0365988454	-9.40484e-05	-0.0332408131	0.0574725724	0.0058968016	0.0131173521	-0.0504780833	0.0605719926	-0.0195224403	-0.1509182434	0.00911119	-0.0544503228	0.0307511623	-0.0586749879	-0.0479192436	0.0295887104	0.0141044721	-0.036583196	-0.0619657467	0.0862485974	-0.0071623028	-0.0805080284	0.0716892996	0.0132608237092739	-0.0115813643632237	0.0001341280005137	0.0001758494454484	0.1176809275253845	0.0021906520858864	0.0138488007032348	4.79895656139848e-06	0.3292422365154692	-0.0197940286611384	0.0003918035706379	0.1084004503057081	0.0053321448547117	0.0001881015509299	2.843176875162846e-05	3.5382193462233844e-08	-0.0004150224717913	-0.0001684204063882	2.836543328800012e-08	1.722436520917604e-07	0.0005551105475984	0.0003999767504308	3.081477200549956e-07	1.599814008851825e-07	0.0	0.0	0.0	0.0	0.0	0.0	0.0	0.0	0.0	0.0	0.0
4946.619794827112	2.372204912111556	5.627356145046195	24469047.39457542	6374.280743933671	36.40721281948481	40631455.0024836	1325.4851452832593	5655.829655354818	3.665344645182813	31988409.090391	13.434751367970325	5638.982995019658	4526.969042011336	0.9351870000000002	15.823123	0.059210639522034	0.0293740983698998	0.017269608	0.0180503509	0.0038258609	-0.0798972786	-0.0182657692	-0.0492512124	0.060043867	9.37196e-05	-0.06781854	0.0557864023	-0.0355949675	0.0158935249	0.0410231749	0.0335259827	0.0159636612	-0.0406887624	-0.0225876385	0.0100772951	-0.0644113052	-0.0579129544	-0.0038875591	0.0404478996	0.0494435918	0.042640478	0.0244418791	0.0394560186	0.0255214109	-0.1004293748	-0.0266610698	0.0320500749	0.012886865	0.0513266982	0.0085107252	0.0435780739	0.0223412731	-0.0620805379	0.0649064357	0.000384122	0.0460810001	-0.0107571767	-0.0039659627	0.0052511826	-0.0524824119	-0.026054079	-0.0671110759	0.048752616	-0.0718574205	0.0467287715	0.0462023843	-0.004848913	-0.0019560927	0.0685658857	0.0103596646	-0.1075967532	-0.0328992024	-0.0004275959	-0.0071570785	-0.0365907709	0.0464151781	0.0253926839	0.0054026985	-0.0180596243	0.0386038472	-0.0485558437	0.0357821739	0.0100004832	-0.0638324207	0.0591960136	-0.0064480498	0.0820029398	-0.0596327465	-0.0322519116	0.03589704	-0.1392132595	-0.060164361	-0.0280445904	-0.060114889	0.0050111225	-0.0518228913	-0.0419816495	-0.0149621007	0.0293435458	-0.037674825	-0.0601897627	0.0873563013	-0.0119153566	-0.0775211985	0.0759024438	0.0155759158223673	0.0023150921130934	5.359651492107266e-06	0.0002426091537054	0.1031410979263398	-0.0145398295990447	0.0106380860814508	0.0002114066447692	0.3226326880724883	-0.0066095484429808	4.368613062011117e-05	0.1040918514128795	0.0051520599782512	-0.0001800848764605	2.654372201949776e-05	3.24305627297936e-08	-0.0005376353416421	-0.0001226128698507	1.5033915853049214e-08	2.890517605826176e-07	0.0001428849065714	-0.000412225641027	2.0416096525917708e-08	1.699299791201211e-07	0.0	0.0	0.0	0.0	0.0	0.0	0.0	0.0	0.0	0.0	0.0
4931.280473297786	-15.339321529326298	235.2947849800533	24317527.106328037	6341.329010211869	-32.95173372180216	40212453.61575464	1085.816755272553	5642.531463216146	-13.298192138671766	31838161.313384145	176.84191415703157	5626.531913074538	4507.358628615834	1.021937	17.290915	0.0730681833056915	0.0377027338903434	0.0161794235	-0.0300721097	-0.0181871875	0.0872263543	0.0424766281	0.018351987	-0.0805627332	-0.006125464	0.0529802942	-0.0180194959	0.03801779	-0.0581657309	-0.0742812546	0.0118129358	0.1087520067	0.0211106083	-0.0105659568	-0.0205717514	-0.0681852083	0.0251715975	0.0016460827	-0.0738123797	0.010040769	-0.0068295409	0.0124136682	-0.0138542172	-0.0109842839	-0.0254383515	-0.0566807058	0.035519722	0.0580646185	0.0045814231	-0.0185966215	-0.0394305746	0.0446735134	0.0416599994	-0.0218410219	0.0164848347	-0.0713365864	0.0251972894	-0.0246304936	-0.0730529407	0.08765893	-0.0766608371	0.0032804808	-0.0368821715	-0.0455443593	-0.0101446731	-0.0283636645	-0.0085346329	0.0033866209	0.0322451305	0.0192348602	-0.019874523	0.0313691883	-0.0322729706	0.0572263377	-0.0295826755	0.0186951172	-0.0030016248	0.0236921054	-0.0311169367	-0.0697773041	0.0584285094	-0.0130427393	-0.0800602343	0.0354057835	-0.0391883218	0.0815700184	0.0035418401	0.0209778885	-0.0762599909	0.0202831626	-0.0716390374	-0.0970141767	0.0327098634	-0.0888270468	-0.0829515669	-0.073164042	-0.0406001104	0.0084201532	-0.0298263912	-0.0387599986	-0.0583725276	0.0883293083	-0.0166357513	-0.0742024108	0.0796476241	0.0103667773815345	-0.0052091384408327	2.7135123295761967e-05	0.0001074700732782	0.1184687643256552	0.0153276663993154	0.0140348481208476	0.0002349373572487	0.3106066904917099	-0.0120259975807783	0.0001446246178128	0.0964765161782128	0.0056601487308896	0.0005080887526383	3.203728365579115e-05	2.581541805576451e-07	-0.0005357505258207	1.884815821399976e-06	3.552530680599665e-12	2.8702862591715657e-07	0.0004430189558069	0.0003001340492355	1.96265795204236e-07	9.008044751049752e-08	0.0	0.0	0.0	0.0	0.0	0.0	0.0	0.0	0.0	0.0	0.0
4937.828526382826	6.54805308504001	42.87699920450199	24382150.55595999	6386.876946657699	45.54793644582969	40792197.131747566	2074.6145144733405	5651.095489908854	8.564026692707557	31934880.23606819	73.34255319340754	5633.641377687763	4538.651086445728	1.150438	19.465128	0.2427306701866541	0.1288082733276987	0.0083944811	-0.0195443951	-0.0018569392	-0.1059882385	-0.0105459608	-0.0691846168	0.0135535338	-0.0347901059	-0.0765028034	-0.0155595345	-0.0408909793	-0.0712002618	-0.0082612993	0.0116846863	-0.0827361748	-0.0796332411	-0.0748252566	-0.0368697956	0.0701201204	0.025691442	-0.0458800086	-0.0332233069	-0.0666860164	-0.0816790204	0.0072881213	-0.1484749752	-0.0942874354	0.0120008808	0.0063781086	-0.0305202074	0.0804157313	0.0937227304	0.0730104227	-0.0865325145	-0.0030631355	-0.0471505118	0.0173967536	-0.0697019969	0.0133960619	0.069144001	-0.0908387634	0.0675045035	-0.0117386303	0.0638922909	0.0305999168	0.1065781087	0.0414193293	0.0320927606	-0.0176042422	-0.0173923504	0.0599401143	0.031083783	0.0663148869	0.0855024315	0.1306815875	-0.0205883543	0.0703751005	0.1075405892	-0.0942491626	-0.0012636626	-0.0235083922	-0.0062907742	0.0588466353	-0.013226442	-0.0697983758	0.0176427398	-0.1331233518	0.0524700901	-0.0685470106	0.0368864909	-0.083574163	-0.0880169387	0.1122323128	-0.0616350377	-0.043097209	0.0495541555	-0.0952212554	-0.1231999215	-0.0473639276	-0.0515465641	0.0108186217	0.0809217166	-0.0398385309	-0.0565152869	0.0891661178	-0.0213105486	-0.0705658771	0.0829017503	0.0231294177942231	0.0127626404126885	0.0001628849903035	0.0005349699674997	0.0959595606656051	-0.0225092036600501	0.0092082372831359	0.0005066642494096	0.2128886558164495	-0.0977180346752604	0.0095488143007953	0.0453215797753347	0.0057991628935575	0.0001390141626678	3.3630290266014195e-05	1.9324937422257305e-08	0.0007149562105179	0.0012507067363386	1.5642673403227525e-06	5.111623829581157e-07	-0.0003620759739597	-0.0008050949297666	1.3109901091886538e-07	6.481778459358866e-07	0.0	0.0	0.0	0.0	0.0	0.0	0.0	0.0	0.0	0.0	0.0
4941.476535233301	3.64800885047498	13.307968573143786	24418190.348261304	6383.649731768677	-3.227214889021525	40750983.897910304	10.414915939922214	5648.741634928386	-2.353854980467986	31908282.05817341	5.540633269073943	5636.538828175665	4514.358385671977	1.070649	18.11511	0.0922811482317513	0.0600257044166668	0.0483627224	-0.0083899293	-0.0561013255	0.0879874644	-0.0176327533	0.012175476	-0.1315254119	0.0539414548	0.0341796056	0.0461496619	0.0737197008	-0.0721531102	-0.0160318094	-0.0329773355	-0.040288871	0.0328068579	-0.0610627999	-0.0406757817	0.0557974359	0.0396737404	0.0077955729	-0.0540055847	-0.0293352337	-0.0522039873	0.0757640224	-0.0309077135	0.0566704601	0.0103495773	-0.1236465563	-0.0490280492	0.0436301842	-0.080085312	0.1004110446	0.0217163756	0.063939527	0.0043814073	-0.0139979272	0.082840625	-0.0704714526	0.0893615561	0.0007773169	0.0073107499	0.0511664797	0.0773369397	0.0757591315	-0.0377672988	0.0346174382	0.0399249091	0.0162573338	-0.0308226304	0.0540467687	0.094791099	-0.0576912976	-0.0322852671	0.0450159843	0.1089346727	0.0655938903	-0.0692180498	-0.0797134651	0.0401017428	0.0020726226	-0.0258149159	0.0635380428	0.1078420413	0.0023022847	-0.0691533588	-0.0102084377	-0.0076479466	0.0224322638	-0.0289422099	0.0745169114	-0.0744144684	0.09446485	-0.0434071682	-0.0047678382	0.0459183119	-0.0842791086	-0.1279763308	0.0637422885	-0.0533359405	0.0514464294	0.0682714738	-0.0409102371	-0.0546193134	0.0898654396	-0.0259269352	-0.0666271694	0.0856447597	0.0091593416935182	-0.0139700761007048	0.0001951630262594	8.389354025862086e-05	0.1074956540974341	0.011536093431829	0.0115553156498352	0.0001330814516678	0.218523053747802	0.0056343979313525	3.1746440048829424e-05	0.0477523250192647	0.0046686258585823	-0.0011305370349751	2.179606740742332e-05	1.2781139874505162e-06	0.0006537306087228	-6.122560179510001e-05	3.7485743151721536e-09	4.273637087810826e-07	-0.0003310269953727	3.1048978587e-05	1.0957887166547756e-07	9.640390712959843e-10	0.0	0.0	0.0	0.0	0.0	0.0	0.0	0.0	0.0	0.0	0.0
4939.44416720728	-2.0323680260207766	4.1305197931915885	24398108.680958018	6336.50941073184	-47.14032103683712	40151351.51229317	2222.2098674560684	5652.419820556641	3.6781856282550502	31949849.827821568	13.529049515902004	5634.991903777562	4485.294313318589	1.043663	17.65852	0.0953148605133298	0.0561871786327353	0.0210067192	-0.0404651422	0.0840466838	-0.0263933234	0.0582795998	0.0146080971	0.0578436828	-0.0131298899	-0.0554623257	-0.087956293	0.010372999	-0.0127597456	-0.0179637886	0.0187348781	-0.0800587318	0.0532445781	0.0029884615	0.0395533671	-0.0343147223	-0.0867124761	-0.021085013	0.0898187551	-0.0122556914	0.0352015918	-0.0475796514	-0.0612946848	0.0216915359	-0.1043346366	-0.06059075	0.018243425	0.0267869157	0.0095846087	0.0076401963	-0.049551945	0.0585714745	-0.036694178	-0.0645665338	-0.0730348706	-0.0387573697	0.0097299258	-0.000793007	-0.0215884444	-0.0829711563	0.0663385878	-0.0381298533	0.0522345378	-0.0660814856	-0.0148235509	0.0627057562	-0.0011552745	0.0165469215	0.0163814937	0.0343709246	0.0041070177	-0.0350792871	-0.0071055075	0.054776705	-0.0687679552	-0.0382668701	-0.0281524408	0.0796308288	-0.0230964208	0.0090963429	-0.0163865133	-0.143500697	0.0639712798	-0.0189612349	-0.0001073164	-0.0256346067	0.0459561821	0.0264396888	-0.0638981314	-0.0184841396	-0.0755540897	0.0234907828	0.0233340242	-0.1216114339	-0.0519270039	0.1317956378	-0.0373373094	-0.0077278433	0.0398607019	-0.0419749335	-0.0526859066	0.0904261954	-0.0304722578	-0.062403154	0.0878597406	0.0135425042968648	0.0043831626033466	1.921211440737614e-05	0.0001833994226306	0.11729953476366	0.0098038806662258	0.013759180855771	9.61160761175979e-05	0.2659765808700243	0.0474535271222222	0.0022518372363394	0.0707435415713085	0.0052531152309107	0.0005844893723284	2.7595219629225985e-05	3.416278263648475e-07	0.000591705621161	-6.202498756179996e-05	3.8470990820414405e-09	3.5011554211352485e-07	-0.0003040555528322	2.69714425405e-05	9.244977920809477e-08	7.274587127154927e-10	0.0	0.0	0.0	0.0	0.0	0.0	0.0	0.0	0.0	0.0	0.0
4952.410771901182	12.9666046939019	168.1328372879188	24526372.45364286	6352.645486793771	16.136076061930908	40356104.68088127	260.3729506764197	5656.275301513672	3.855480957031432	31993450.286513586	14.864733410032006	5640.775825074984	4531.487208946079	0.998342	16.891703	0.0475840791443181	0.0250268173872193	0.0389550263	-0.0092876981	-0.0150395476	0.0979899458	0.0289280292	0.0414118987	-0.073844871	0.0171070052	-0.0143574457	0.0937628841	0.0452163062	-0.0018093055	-0.0204682144	-0.0228904561	0.0228803897	0.086109423	-0.0183887828	0.000247264	-0.046269728	0.0527390554	-0.0026850633	-0.0985428129	0.0663974284	-0.0087216651	-0.0615458814	-0.038944836	-0.0110409955	-0.0988629139	-0.0420344761	-0.0637659452	-0.0122545311	0.0786054687	-0.0611944996	-0.0995959292	-0.0071020436	-0.0380940583	0.0515994699	0.0675567626	-0.0560060349	0.014902884	0.0496572197	-0.0327714577	0.0553310189	0.0152369968	0.0306135751	-0.0535607343	-0.0606777575	-0.0239657969	-0.0073489854	0.0024851682	-0.0624258363	0.067853244	0.0797038802	0.0452818147	-0.0034768061	0.039384003	0.0049244468	0.0460721007	-0.0261431149	0.034647646	0.03764512	-0.0630276745	0.0732425144	0.037869333	0.0366977559	-0.0550848158	-0.0094916256	-0.0487207922	0.021548629	-0.004489473	0.0663131697	-0.007294324	0.0656120008	-0.0070597401	-0.081498717	0.0023068199	-0.0006706088	-0.050615613	0.0241060446	-0.0513055483	-0.0155259	-0.0354099215	-0.0430324377	-0.0507163915	0.0908475206	-0.034934058	-0.0579119187	0.089533037	0.0193615855010165	0.0058190812041516	3.386170606051159e-05	0.0003748709931131	0.1117832260842561	-0.0055163086794038	0.0124954896338039	3.042966144646671e-05	0.2778675231685668	0.0118909422985424	0.0001413945087472	0.0772103604318339	0.0048780978724025	-0.0003750173585082	2.3795838852737796e-05	1.406380191824683e-07	0.0006538838302121	6.217820905109997e-05	3.866129680802291e-09	4.275640634128464e-07	-0.0002540961811471	4.995937168509999e-05	6.456486927353986e-08	2.4959388191699707e-09	0.0	0.0	0.0	0.0	0.0	0.0	0.0	0.0	0.0	0.0	0.0
4956.195429474981	3.78465757379945	14.323632950917538	24563873.135148693	6414.447230863256	61.80174406948481	41145133.27752929	3819.455570030101	5656.99864461263	0.7233430989581393	32001633.665149137	0.5232252388103645	5640.690281176536	4556.100253934174	0.994859	16.832773	0.0586598722118881	0.0303906001225969	0.0384057358	0.0235024335	0.0165053288	-0.0847741966	-0.0532972515	-0.0393242321	0.0572913254	-0.015039611	-0.0188549811	-0.0886417431	0.0800824455	0.0075679211	0.0463101356	0.0367704901	-0.0405422812	-0.031529306	-0.045041179	0.0159381246	-0.0107936357	0.0117899302	-0.0678285185	0.01153399	0.0336862356	-0.0021721888	-0.0644178361	0.0636362481	-0.031096116	-0.1187027195	0.0367724293	0.0064184699	-0.0021442865	-0.0097628959	-0.0096580474	-0.040651008	0.0009325247	-0.0182732167	-0.116368429	0.0060121458	0.0431058957	0.0242307871	-0.0283286717	0.0291896492	-0.0214612106	0.0266910806	-0.0376883936	0.0489275554	-0.0433947693	0.0310460135	-0.0085036891	-0.0315500978	-0.018522146	0.0463978628	0.0900900416	-0.0396958357	-0.0617230926	-0.016350059	-0.0483933624	-0.0146072008	-0.0058313586	0.0570039957	-0.0533707647	-0.0167308796	-0.0075747446	0.0255185995	-0.0972533901	0.0480976071	-0.0355365842	0.0548518786	-0.0155708126	0.0291965919	-0.0061969699	-0.0117058091	0.0716285949	-0.0428396207	-0.0437215862	-0.0106218196	-0.003392895	-0.0190193686	0.010370691	-0.0381416081	-0.0160527606	0.0409799539	-0.0440825686	-0.0487121179	0.0911287655	-0.0393001065	-0.0531726956	0.0906543325	0.0237284745962682	0.0043668890952517	1.906972037022822e-05	0.0005630405066657	0.1019525540136498	-0.0098306720706062	0.0103943232699061	9.664211335979872e-05	0.2685969774756316	-0.0092705456929351	8.594301744479887e-05	0.0721443363090449	0.0049410279105068	6.29300381043002e-05	2.4413756812407192e-05	3.9601896958086755e-09	0.0001482073945766	-0.0005056764356354	2.557086575570239e-07	2.1965431807184e-08	-0.000118867347825	0.0001352288333221	1.4129446378949533e-08	1.8286837361656305e-08	0.0	0.0	0.0	0.0	0.0	0.0	0.0	0.0	0.0	0.0	0.0
4950.776541390677	-5.418888084303944	29.36434807021127	24510188.36278424	6407.798868545633	-6.648362317622741	41059886.339734696	44.20072150638602	5653.693446451823	-3.3051981608077767	31964249.586452287	10.92433488220711	5639.884505334995	4566.86631405899	1.035321	17.51737	0.0707904730589581	0.0356761270599753	0.0494531059	0.0219220983	-0.0502792171	0.1068525002	-0.0267646288	0.0491970654	-0.0926086194	0.0152966931	-0.0303535378	0.0830038081	-0.0299556675	-0.0433755184	-0.0070612493	0.017692608	0.059768187	0.0500519409	0.0034322018	-0.0215902403	-0.062087706	0.0391916642	-0.0352335799	-0.0198705766	0.017248846	-0.0190976579	0.0071959756	-0.0027445233	0.0443280077	-0.03772299	0.0802228052	-0.0103443653	-0.0584900792	0.045422921	0.0613417992	0.0413076279	0.0310409558	-0.0407841962	0.0900889922	0.020944864	0.0016635676	0.0257068991	0.0081533494	-0.0688287382	0.044305701	-0.0328494957	-0.0006012727	-0.0561353679	-0.0559672903	0.0327248239	-0.050682849	-0.0110453349	0.0159506297	0.0474732371	0.001530588	-0.0392182005	-0.0643206564	0.0199815345	0.0104241562	-0.0268584752	0.0152037139	0.0369858274	0.0509173639	-0.0480700069	0.0423811817	-0.0276881796	0.0466757715	-0.0571581267	-0.0337235296	-0.0464206642	0.0632995418	0.0343483011	0.0550886511	-0.0111658319	-0.018715518	-0.0553830799	0.0248985583	0.0355976888	-0.050722258	-0.0682944927	-0.0122450734	-0.0902218696	-0.0207695797	-0.0196444474	-0.0451251461	-0.0466744595	0.0912694965	-0.0435584361	-0.0482057789	0.0912167139	0.0140900347527122	-0.009638439843556	9.289952261784783e-05	0.0001985290793326	0.1125641961463372	0.0106116421326873	0.012670698254071	0.0001126069487522	0.2950441120107214	0.0264471345350897	0.0006994509251171	0.0870510280321951	0.0050650097471445	0.0001239818366376	2.565432373866879e-05	1.5371495816057245e-08	0.0001501021774439	1.894782867300018e-06	3.5902021142136777e-12	2.2530663673400044e-08	0.0002371211636225	0.0003559885114475	5.622644623768842e-08	1.2672782028260688e-07	0.0	0.0	0.0	0.0	0.0	0.0	0.0	0.0	0.0	0.0	0.0
4941.963105035122	-8.813436355555496	77.67666039342734	24422999.33152838	6397.405709171927	-10.393159373706112	40926799.80774557	108.01776176725522	5645.939560546875	-7.75388590494731	31876633.521348245	60.12274662694057	5629.358406353863	4565.623110403422	1.119124	18.935299	0.0723551125233112	0.0410298222436228	0.0050705806	-0.0306031456	0.0216145153	-0.0876225389	0.007763119	-0.0331066898	0.0649826511	-0.0506465357	0.0619179382	-0.0519444033	0.0537147414	-0.0635839703	-0.0513493034	0.0222640283	-0.032348668	-0.0407225033	-0.0377708308	0.001461432	0.0087464273	-0.0785956213	-0.0517320335	-0.002019483	0.0148829492	0.0545559035	-0.0828176596	0.0285122809	0.0418226237	0.0130227736	0.0238340458	0.08085473	-0.003617273	0.0972844933	-0.0390638437	-0.0500998724	0.020229097	0.0550842557	-0.0662170026	0.0150731378	-0.0380412164	0.0272180325	-0.1055106153	0.0121413766	-0.00584952	-0.0105697668	-0.0164935627	0.0585217947	-0.0456373265	-0.0649610157	-0.011824916	0.0095331083	-0.0208767955	-0.072650196	0.0922058038	-0.0316977152	-0.0084900607	-0.0433420281	0.0244140225	-0.0926852803	-0.0083571103	-0.0093762727	0.0114216709	-0.0454472628	-0.0494952574	0.0769148801	-0.0873801836	0.0287139877	-0.0004367238	0.0439584518	-0.0344246128	0.0484708478	-0.0409585749	-0.0243164485	-0.0016283765	0.0023119975	-0.0092771067	-0.0132851411	-0.0037093318	-0.0914363237	-0.0013978173	-0.036112813	-0.0524677496	0.0011324322	-0.0461599916	-0.0446048127	0.0912694965	-0.047697375	-0.0430324377	0.0912167139	0.0166355017680643	0.0025454670153521	6.479402326245532e-06	0.0002767399190752	0.0965524194964757	-0.0160117766498615	0.0093223697106234	0.000256376991485	0.295588861556709	0.0005447495459875	2.967520678536958e-07	0.0873727750763912	0.0055720520981761	0.0005070423510316	3.104776458478868e-05	2.570919457396529e-07	0.0001471157271457	-2.986450298200001e-06	8.918885383618878e-12	2.164303717360805e-08	-0.0003179124212899	-0.0005550335849124	1.0106830761040687e-07	3.080622803807104e-07	0.0	0.0	0.0	0.0	0.0	0.0	0.0	0.0	0.0	0.0	0.0
4941.494629928186	-0.4684751069353297	0.2194689258180685	24418369.177609105	6357.880066322176	-39.52564284975051	40422638.93773688	1562.2764426860338	5645.576655680338	-0.3629048665370646	31872535.775162797	0.1316999421562847	5632.993381604147	4524.689985188004	1.028131	17.395712	0.068216285142629	0.032663073460839	0.0300931134	-0.0243011053	-0.0522017505	0.0788120448	0.017502574	0.003527501	-0.1039810218	0.0485745022	-0.0310091693	0.0114376711	-0.0939588973	-0.0601145249	-0.0256276737	0.0055461742	-0.0600747706	0.0855720202	0.0037937606	0.049143604	-0.0742725516	0.0049284987	0.0724595871	-0.0518077198	0.0330013874	-0.0280360811	-0.0279822761	0.040603367	0.0078932796	0.0178533354	0.007254972	-0.0426117258	-0.0806746849	-0.0203346518	0.0084772913	0.0943292608	0.1248276364	-0.0205099025	0.0753034231	-0.0687738737	-0.0040083204	0.0355209788	-0.0327613042	-0.0386369538	-0.0122890204	0.0519445063	0.0212814896	-0.1261472368	-0.0674720583	-0.0386481595	-0.0219031623	0.05864842	-0.0077740549	-0.0309045648	0.0067595499	-0.0517321552	0.0001720075	0.0649059092	0.0329708633	-0.0052118939	-0.0003593576	0.0101362111	0.0361026854	-0.0362482145	0.013190138	-0.0659866337	0.0236337704	-0.0386933843	-0.0872875424	-0.0096708048	0.0712006988	0.0016726021	0.0134596884	-0.0181770133	0.0035106669	0.0255580255	0.050969776	0.0486292892	0.0041393863	-0.0789005958	0.0766867429	-0.0940554467	-0.0357344481	-0.0639508109	-0.0471869279	-0.042504596	0.0911287655	-0.0517055788	-0.037674825	0.0906543325	0.0186567191621804	0.002021217394116	4.085319754277476e-06	0.0003480731698964	0.1177881592279987	0.021235739731523	0.0138740504543203	0.0004509566419449	0.2818711517389687	-0.0137177098177402	0.0001881755626437	0.0794513461826527	0.0053820216939147	-0.0001900304042614	2.896615751376845e-05	3.611155454375122e-08	0.0002241083175522	7.699259040649999e-05	5.9278589775030745e-09	5.0224537996077714e-08	3.989694802719168e-05	0.000357809369317	1.591766461884434e-09	1.280275447710949e-07	0.0	0.0	0.0	0.0	0.0	0.0	0.0	0.0	0.0	0.0	0.0
4954.4779511581255	12.983321229939063	168.56663015978643	24546851.768512014	6444.462773405164	86.58270708298733	41531100.437804975	7496.565165818383	5657.594672851563	12.018017171224528	32008377.48227838	144.4327367278476	5646.877052237861	4551.032966164981	1.14695	19.406111	0.1900144471245734	0.1139508828561726	0.0180286979	-0.0016131144	0.0366854452	-0.0766457352	-0.0458515952	-0.0285180843	0.0334070959	0.0402423332	0.0192087266	0.0168953008	0.0738517835	-0.0486356611	-0.0452213251	-0.0173219489	-0.1217778751	-0.0355401417	-0.052971279	0.0233566613	0.0517497724	-0.0161193591	-0.0546557489	-0.072027195	0.02361653	0.0471639413	0.0495837723	-0.0170232131	-0.0801959049	0.1213040961	-0.0716625287	0.064658596	-0.0753322847	-0.0828187269	0.0296700105	-0.0969466931	0.087161538	-0.012426524	-0.0395017001	0.0596660836	-0.0579634776	0.0474049121	-0.0836363116	0.0712560676	-0.0094633318	0.1066880843	0.0307615708	0.0496053344	0.0423108925	-0.0406907066	-0.0414207993	0.0247104545	-0.0145970791	0.060296349	-0.0124485064	-0.0436315945	0.0742167261	-0.0548932341	0.1786222081	-0.0340033839	-0.0876216026	-0.0363612347	0.0524864394	-0.067463052	-0.0150321593	0.1029187943	-0.0386961199	0.0857584437	0.0078460406	-0.0016310594	-0.0336393713	0.0261101185	-0.091379331	-0.1232403974	0.0542268449	0.1885554829	0.006265706	0.0919328281	-0.1147596213	-0.0535553302	0.0190888841	-0.0718758385	0.0374639316	0.1053726537	-0.0482057789	-0.0403752488	0.0908475206	-0.0555720611	-0.0321558829	0.089533037	0.0268843164833754	0.008227597321195	6.769335767973516e-05	0.0007227664727782	0.1192527421835478	0.001464582955549	0.0142212165182957	2.1450032336849083e-06	0.2045711678571535	-0.0772999838818151	0.0059752875081288	0.0418493627184396	0.0067600116687729	0.0013779899748581	4.569775776194577e-05	1.8988563708097024e-06	0.000850334961814	0.0006262266442618	3.92159809983395e-07	7.230695472832168e-07	9.61259882274754e-05	5.622904020028372e-05	9.240205612708741e-09	3.161704961845123e-09	0.0	0.0	0.0	0.0	0.0	0.0	0.0	0.0	0.0	0.0	0.0
4968.618667907285	14.140716749159765	199.9598701799675	24687171.467076767	6409.3469844590745	-35.1157889460892	41079728.76719463	1233.11863330628	5658.720117594401	1.1254447428382264	32021113.36926759	1.2666258691822014	5648.662281951706	4597.08441027473	1.130336	19.125002	0.1510904258880336	0.0770975856893114	0.0373918314	0.0346470912	0.019202256	0.0984541417	0.0016093884	0.0761964315	-0.0443441088	0.0415822367	-0.0713326601	-0.0456867982	-0.0231018991	-0.0298880266	0.0128391875	0.0317450205	-0.062069571	0.0945910836	0.0275863141	-0.0281250716	-0.0947969641	0.0462641832	0.0536781947	-0.0097970406	-0.0041211469	0.0898801015	0.0988776327	-0.0272597659	-0.0484334978	0.0414202221	-0.0570253917	0.0049317185	-0.0212410025	-0.1198324774	-0.0115607097	-0.0665705941	-0.0532678058	-0.0614861487	-0.023891367	-0.0659085432	-0.0136952855	0.0299392804	0.0168657064	-0.0706640392	-0.026093505	0.0891905711	0.0559975363	-0.0963493661	-0.034837517	0.0404991513	0.0377665651	-0.0284613231	-0.0345750468	0.0495453705	-0.095945127	-0.0066279323	0.0261503739	-0.0386628228	0.0207824976	0.0101694895	-0.0164667486	0.0290005832	-0.0608653336	-0.0241102442	0.0076914653	-0.0637900594	-0.0371677223	-0.0226094075	-0.0820647742	-0.0404966927	0.1213878209	0.0051100996	-0.030806744	-0.0595352732	0.0011765169	0.0829124972	0.0339998003	0.0074307378	-0.0914037247	0.0174067899	-0.0106332106	-0.0628568795	0.007247879	0.0186532532	-0.0492163702	-0.0382182304	0.0904261954	-0.0592862243	-0.0264992443	0.0878597406	0.0125416569866558	-0.0143426594967196	0.0002057118814388	0.0001572931599709	0.1073176451444908	-0.011935097039057	0.0115170769593588	0.0001424465413317	0.2472197395552342	0.0426485716980807	0.0018189006678863	0.0611175996257578	0.0057420539595033	-0.0010179577092695	3.297118367384753e-05	1.0362378978614106e-06	0.0003982815886496	-0.0004520533731644	2.043522521893123e-07	1.5862822385724917e-07	-7.71448824220507e-05	-0.0001732708706495	5.951332883912028e-09	3.0022794615644805e-08	0.0	0.0	0.0	0.0	0.0	0.0	0.0	0.0	0.0	0.0	0.0
4965.498272482496	-3.1203954247894217	9.736867607046756	24656173.09402665	6442.686835484789	33.33985102571478	41508213.66012901	1111.5456664168548	5656.138778076172	-2.58133951822947	31991905.87685701	6.663313708373152	5644.234979493454	4634.452417411057	1.022346	17.29784	0.0438973325258458	0.0222354680772431	0.037771397	0.0694702073	0.0181752403	-0.0688780331	-0.0423379193	-0.0071374178	0.1024830963	0.0533587425	0.0160536668	0.0654481683	0.0567225372	-0.0146900462	-0.0438125633	0.0229615458	-0.0707746925	-0.038213657	-0.0267141956	0.0163011899	-0.074825209	0.0462249543	0.0159887389	-0.0123159316	0.0167497172	0.0677970082	-0.0144589794	-0.0569796571	0.0191714767	-0.0226654339	0.0171372911	-0.0805961152	0.0522593913	-0.1031893355	0.0154876193	-0.0356184372	-0.0295267403	-0.0334682311	0.0157348281	0.0923453579	-0.0266006748	-0.0125803445	-0.0781282575	0.0220454616	-0.0615164519	0.0073235551	-0.01610828	-0.0465139408	-0.0842421347	0.0155503077	-0.0035373628	-0.0200217647	-0.0656123317	-0.0002391675	0.0085272114	0.0711099682	-0.0377514351	0.041724408	-0.0307989126	0.0719095775	-0.0060833647	-0.0034859193	0.0324457884	-0.0799973828	0.0512523879	0.0612915609	0.0299086672	0.0132535653	0.0106873996	0.0644728472	0.0437243956	0.0388931327	-0.0750081208	-0.0402582971	-0.0666043444	0.0371244368	0.0486662209	-0.0004952731	-0.1630293839	0.0308123264	-0.009512819	-0.049870835	0.0369661156	-0.0050372164	-0.0502185284	-0.0360350191	0.0898654396	-0.0628378881	-0.0207291319	0.0856447597	0.0181960116350126	0.0056543546483567	3.1971726489394145e-05	0.0003310948394215	0.1184859654619856	0.0111683203174948	0.0140389240114588	0.0001247313787141	0.247219802514266	6.295903179354134e-08	3.9638396843801496e-15	0.0611176307551926	0.0060420605181784	0.000300006558675	3.650649530533023e-05	9.00039352480759e-08	0.0002629476398592	-0.0001353339487904	1.8315277695202607e-08	6.914146130752356e-08	-0.0001832962669758	-0.0001061513845537	3.3597521487263753e-08	1.1268116442677965e-08	0.0	0.0	0.0	0.0	0.0	0.0	0.0	0.0	0.0	0.0	0.0
4959.110693519261	-6.387578963234773	40.80116501155942	24592778.87057709	6377.806247736445	-64.88058774834462	40676412.53366603	4209.490666570647	5649.468427734375	-6.67035034179662	31916493.51596751	44.49357368230629	5638.497511095574	4608.075120265188	1.02032	17.263565	0.1313355069414129	0.0822346492872494	-0.0061981563	0.0231657482	0.0905064951	0.0398253862	0.0511518029	0.0758326491	0.0268560465	-0.0800099361	0.0174337524	-0.0986092958	-0.0120020112	-0.0020887627	-0.0802980006	0.0552839428	0.0209707323	0.0692578972	0.0432169393	0.0078925486	-0.0975540042	-0.0359380566	-0.0107050477	-0.0360539602	0.0340625471	0.0040946266	-0.0356713099	-0.0968266284	-0.1216647338	0.0375666069	0.0541838783	-0.0066828669	0.0053755113	-0.141066399	0.0964050306	0.0495360002	-0.0032066788	0.0163181925	-0.0628416157	-0.0634953779	-0.0363797399	-0.053706664	-0.0373833746	-0.1222255904	-0.0219118093	-0.0280878522	0.0099054494	-0.0204635132	-0.0908389802	-0.0681263166	-0.0857998221	0.0428393272	-0.046497022	-0.0188486282	0.0216218179	0.0566100872	0.0238438944	-0.0311978185	0.0418537501	0.1126025383	0.0649895005	-0.001810714	-0.0465003675	-0.0389833368	-0.0949714832	-0.0664639361	-0.0461007334	-0.0227487509	-0.0035590058	-0.0621185455	0.0740917518	0.0207769119	-0.0341401623	-0.0311285572	-0.0653204382	0.0846852053	-0.0110794564	0.0029439193	-0.0833228371	0.0894663546	-0.0310879832	-0.0181303522	-0.0395824345	-0.115844878	-0.051212082	-0.0338271112	0.0891661178	-0.0662173176	-0.0148702542	0.0829017503	0.0156912100033395	-0.0025048016316731	6.274031214032225e-06	0.0002462140713689	0.1189879148493133	0.0005019493873276	0.0141581238801874	2.519531874386527e-07	0.3105745254155465	0.0633547229012804	0.004013820913898	0.0964565358370919	0.0059230619674583	-0.00011899855072	3.508266307035099e-05	1.4160655073484032e-08	-0.0006592842338195	-0.0009222318736787	8.505116288289258e-07	4.3465570096296526e-07	7.495396904803452e-05	0.0002582502360238	5.618097476053717e-09	6.669318440636622e-08	0.0	0.0	0.0	0.0	0.0	0.0	0.0	0.0	0.0	0.0	0.0
4965.694957095084	6.584263575822661	43.35252683590501	24658126.406919543	6503.273481962697	125.467234226252	42292565.98119922	15742.02686438518	5663.836256103516	14.367828369140623	32079041.13595269	206.43449204508212	5652.578206380208	4671.325685638229	1.127845	19.082859	0.1783106483495543	0.0893031860419781	0.0123733117	0.0497423758	-0.0702929844	-0.0642781882	-0.1078879628	-0.0584415156	0.0089512503	-0.0823277031	-0.0301370111	0.0813122516	0.0357142454	0.0125966309	0.0655543832	0.0221146844	-0.0722101413	-0.0202155406	-0.035016389	-0.1084561363	-0.0170286923	0.0067192322	0.0356636615	0.0335467502	0.0910697756	-0.004698163	-0.0694722058	0.0483413855	0.0042596051	0.0198521928	0.1965972484	0.1101638655	-0.0644944707	-0.0309602925	0.0511083966	0.0188568558	-0.0740297434	-0.0549889046	0.0380347865	0.0844468841	0.0815064405	0.0141526143	-0.0364874535	0.0214500784	-0.0357370456	-0.0098997806	0.1053092597	0.0190625869	-0.071998981	0.0231434487	0.0169780311	0.0436376768	-0.0409974562	-0.0455556364	0.0818934721	-0.0487029258	-0.0509410059	-0.0570018969	-0.0237058348	0.0123435986	0.0483668964	0.0423185994	0.0167659437	-0.0362522611	0.1062509773	0.0332920897	0.0459095794	0.0407857606	-0.0419674458	0.0465476732	-0.0291798725	0.0112943383	0.052074232	0.0008742451	-0.039431399	0.0880907119	0.0392276432	0.0310092858	-0.0945055091	0.0793868465	0.0493857196	0.0130876899	0.0400307014	-0.1043989694	-0.0521968607	-0.0315960199	0.0883293083	-0.06941525	-0.0089476998	0.0796476241	0.0226384449805294	0.0069472349771899	4.8264073828290775e-05	0.0005124991911364	0.1008518327450929	-0.0181360821042203	0.0101710921680441	0.000328917474091	0.2966849098360242	-0.0138896155795222	0.0001929214209469	0.0880219357244098	0.0048131266463018	-0.0011099353211565	2.316618811334041e-05	1.231956417150783e-06	0.0004869067860124	0.0011461910198319	1.3137538539432909e-06	2.3707821826492514e-07	-0.000455674003736	-0.000530627972784	2.0763879768079614e-07	2.815660455008941e-07	0.0	0.0	0.0	0.0	0.0	0.0	0.0	0.0	0.0	0.0	0.0
4980.844753009179	15.149795914095192	229.5163162387354	24808814.45357907	6422.244463181653	-81.0290187810433	41245223.9448674	6565.701884618668	5661.92204711914	-1.914208984375364	32057361.2676538	3.6641960358633616	5651.086755418592	4670.667622784384	1.140653	19.299562	0.2152665718470308	0.1121771584847609	0.0230677192	0.0775879675	0.0755548927	0.0074390858	0.0012542283	0.0523350914	0.0416514574	-0.02577527	0.0189396811	-0.0310613222	0.0977524165	0.0637347235	0.0428431081	0.0254751813	-0.0984106417	0.0458121669	0.0129013114	-0.0495450637	0.0584942778	0.0186329008	-0.0186988051	0.0337108051	0.0704685262	0.0039870245	-0.1501807864	-0.0243030095	0.0605208871	-0.0149014955	-0.001585489	0.0786433722	0.0487539128	-0.0450182188	0.0164588063	0.0512443506	-0.0803479873	-0.0135998215	-0.10394317	0.065133896	-0.0079927621	-0.0356917999	0.0392964068	-0.0125901637	-0.0679539179	0.0752641573	0.0751294967	0.0322037745	0.0345541787	0.0378501322	0.0553089436	0.0088258571	-0.0231521403	0.0203685998	0.1127453948	0.0143242155	-0.0492101995	0.0623541081	0.029087498	-0.0903610201	-0.0056596647	0.1074174703	-0.1562806331	-0.0105506756	0.0060277517	0.0576828821	-0.0636154323	0.0097466937	-0.0054980134	-0.0309798867	-0.0476870729	0.0228203315	0.0854611356	-0.0181556971	-0.0238461889	-0.0033932618	0.139799181	-0.0372644776	0.0518226583	-0.0686202796	0.1018169204	-0.0276364237	-0.011441615	0.0717348556	-0.0531726956	-0.0293432743	0.0873563013	-0.0724229201	-0.00298683	0.0759024438	0.0163903458874017	-0.0062480990931277	3.903874227754319e-05	0.0002686434383086	0.0831930423099862	-0.0176587904351067	0.0069210822887911	0.000311832879631	0.2062944955538128	-0.0903904142822114	0.0081704269941098	0.042557418895802	0.0037354403344729	-0.0010776863118289	1.3953514492407013e-05	1.161407786703378e-06	0.0003701913763922	-0.0001167154096202	1.3622486842811086e-08	1.3704165515515148e-07	0.0003693096355466	0.0008249836392826	1.3638960690756252e-07	6.80598005083963e-07	0.0	0.0	0.0	0.0	0.0	0.0	0.0	0.0	0.0	0.0	0.0
4970.568194932196	-10.276558076982838	105.6076459096012	24706548.18047151	6360.444772480339	-61.79969070131392	40455257.70377248	3819.2017707780665	5681.168077392578	19.24603027343801	32275670.723584484	370.40968128609234	5664.421356003263	4321.177169600343	2.570003	43.483807	0.2630057270429302	0.1304252351107222	0.3977232565	-0.180492357	0.005139536	-0.0118258091	0.0108984473	0.0258111953	-0.1199517859	0.1083806533	-0.2246302892	0.0211904786	0.1509273237	-0.2060122444	0.202783607	-0.1844195657	0.0979069312	-0.0498859156	0.4313402411	0.1068774957	0.4480950728	-0.1048491951	0.2016892239	-0.0715506055	0.2691124108	-0.0021813994	-0.0776225548	0.0981498837	-0.0147401515	0.0369141364	0.0036195957	-0.1764696917	0.0313878162	-0.0430738598	-0.0562457114	0.0693039768	0.0993428192	-0.1838491905	-0.0197475382	0.0144129139	-0.0111565727	0.3083388652	0.2831342745	0.0241849436	-0.1503392438	-0.1847880026	-0.0851978064	-0.0691763015	0.5500326628	-0.2140195268	0.1235359394	0.2004378973	-0.1595143911	-0.0723191881	0.1159909041	-0.1288258308	-0.1005971444	0.1773960191	-0.0880919683	0.0692903676	-0.1039411226	0.3473490566	0.2552821401	0.4141876729	0.0668229274	-0.069691624	0.0177293258	-0.0684590153	0.1392001344	-0.0791035051	-0.2099785456	-0.4178457808	-0.1080689385	0.1196931818	-0.0337363367	-0.0600447349	0.0140476513	-0.0144506165	-0.00528981	0.0568642428	-0.1020851041	-0.0887196792	-0.3119676606	-0.0115815605	-0.0541394198	-0.0270704183	0.0862485974	-0.075232084	0.00298683	0.0716892996	0.0025214482564308	-0.0138688976309709	0.0001923463214983	6.357701309857922e-06	0.1947335379962851	0.1115404956862989	0.0379211508205506	0.0124412821779452	0.1661297255771074	-0.0401647699767054	0.0016132087472816	0.027599085720325	0.002766632886494	-0.0009688074479789	7.654257528630121e-06	9.38587871259389e-07	0.0009241019450472	0.000553910568655	3.068169180677054e-07	8.539644048400182e-07	0.0007952228938918	0.0004259132583452	6.323794509696491e-07	1.814021036342251e-07	0.0	0.0	0.0	0.0	0.0	1.0	0.0	0.0	0.0	0.0	0.0
4967.352399981418	-3.2157949507782178	10.34133716545068	24674589.865601152	6470.45732551221	110.012553031871	41866818.00127463	12102.761824590229	5665.380564778646	-15.78751261393245	32096536.94377161	249.2455545350762	5648.9053247355305	4659.935976564495	2.433289	41.170639	0.3091457755996889	0.1367809446905983	0.0498776748	0.0685158121	-0.0192100627	-0.0944112553	-0.0726639464	-0.0365400098	0.0203838056	-0.0541728273	-0.0025218815	0.0142155098	0.1160946169	0.0047434104	0.0782328451	0.0592231326	0.038660451	-0.0885766923	-0.0161684522	-0.0109572673	0.0614912828	0.0262883184	-0.0088068008	0.119634059	-0.1518458446	-0.1679501618	0.0107878631	-0.0819897227	0.1372185989	0.061644027	-0.1048717685	0.0777300705	-0.0428227533	0.1216386773	0.0506190922	0.0021971717	-0.0046472203	-0.019214947	-0.0693508204	0.1038243115	0.0768861379	0.0363356098	-0.0280934059	0.0254932873	0.0058401164	-0.031960918	-0.0279552286	0.0734074269	0.0959590197	0.0893091747	0.0524656725	0.0158255382	0.1866917293	-0.0943352352	-0.0688772289	0.215608054	-0.0204197188	-0.0131303089	0.0577985524	-0.0594460181	-0.0328318726	0.085658184	-0.0179985459	0.0194022154	0.0420755328	0.0955976124	-0.0442505592	0.0360948183	0.0340501636	0.0616504781	-0.0845755546	-0.0128559029	0.0350932517	0.130040359	-0.0468042254	-0.0972433332	0.1070512838	-0.0216560498	0.002760309	-0.0086337815	-0.0162180653	0.089473674	0.0136335567	0.0101038059	-0.0550968674	-0.0247790096	0.0850079043	-0.0778350419	0.0089476998	0.0670341672	0.0190807167709863	0.0165592685145555	0.0002742093737371	0.0003640737524945	0.1112709143944954	-0.0834626236017897	0.0123812163901871	0.006966009538494	0.2035100301297561	0.0373803045526487	0.0013972871684487	0.0414163323634142	0.0041210694742955	0.0013544365878015	1.698321361197019e-05	1.8344984703753717e-06	0.0002098242961394	-0.0007142776489078	5.101925597292544e-07	4.402623525039463e-08	-0.0005709344480128	-0.0013661573419046	3.259661439276806e-07	1.866385882839842e-06	0.0	0.0	0.0	0.0	0.0	0.0	1.0	0.0	0.0	0.0	0.0
4954.574888633234	-12.777511348183909	163.26479625296852	24547812.327075023	6403.301397260451	-67.15592825175918	41002268.78415765	4509.918699355427	5663.009532470704	-2.371032307942187	32069676.964854054	5.621794205305654	5648.073852380735	4635.713169771082	1.211478	20.497908	0.1494353125981269	0.0741456367477994	-0.0374326496	-0.0214274247	0.0413749062	0.0106927158	0.042658805	0.028603442	-0.0157251761	-0.0763371889	-0.0653952057	-0.0173703299	-0.0592758037	-0.0010351645	-0.0118528403	0.0715867717	0.056204888	0.0617858969	-0.0225792392	-0.0897121519	0.0272948301	-0.1196170591	-0.0578930561	-0.0018453184	-0.0804966113	-0.0815453173	0.0518809156	0.0341198497	-0.0394328068	0.0730420704	-0.041197675	0.0752752297	-0.0037397086	-0.0260230959	0.1218917382	-0.0494941683	0.0289486565	-0.0294705177	0.0272606483	-0.0843090833	0.0173078048	-0.0109168101	-0.0086047039	-0.1031578384	0.0459247718	0.028283636	0.0550326059	0.1354806701	0.0301228682	-0.0411325794	-0.0046016505	0.0334680818	0.1012259495	-0.0529547997	-0.1075329919	0.0180522235	0.1146166957	-0.0494209814	0.05352487	-0.0512949239	-0.0216150996	-0.0280458865	0.0454350248	-0.0095196959	0.020190484	-0.0588050855	-0.0674051498	0.0212144963	-0.0471972403	-0.0866331577	-0.0773486052	-0.0333103322	0.1073846307	0.075429834	-0.0268336016	-0.0132288418	-0.0024806716	-0.0011972088	-0.0008661227	0.0477571451	-0.0165166008	0.1219565943	0.0204706849	-0.1599172692	-0.0560448744	-0.0224706185	0.0836361352	-0.0802246594	0.0148702542	0.0619657467	0.024059683185186	0.0049789664141997	2.479010655372862e-05	0.0005788683549715	0.1292404162650058	0.0179695018705104	0.0167030851963519	0.0003229029974742	0.261748005877493	0.0582379757477368	0.0033916618191939	0.068512018580844	0.0048570729568789	0.0007360034825834	2.3591157708444345e-05	5.417011263748934e-07	0.0004710087920263	0.0002611844958869	6.821734089169408e-08	2.2184928216607434e-07	-0.0002031450551695	0.0003677893928433	4.12679134398192e-08	1.3526903748804325e-07	0.0	0.0	0.0	0.0	0.0	0.0	0.0	0.0	0.0	0.0	0.0
4953.405889734427	-1.168998898807331	1.3665584254127523	24536229.908455707	6519.136563534768	115.83516627431707	42499141.53401591	13417.785745798688	5655.302786051432	-7.70674641927144	31982449.60192109	59.39394037095316	5640.416225883593	4734.084080864402	1.194122	20.204241	0.1040395468898326	0.0607280717727643	-0.1053314724	0.0250310046	-0.1337002052	-0.058639288	-0.0877892673	-0.0822651838	-0.0360287459	-0.0619733267	0.0856270109	0.0550324484	0.0004293285	0.038373723	0.0227096038	0.0293366929	0.0001805534	-0.0801607171	-0.0396316644	-0.0868709838	0.0628914979	0.0362895506	0.0603426843	-0.0406096111	-0.0310628052	-0.0590949991	0.1207328485	-0.0059608179	-0.0887015894	0.0056905949	0.0560587765	0.0022323881	0.067098565	-0.0361413329	-0.0557158545	-0.0197565871	-0.0200998863	0.0616181427	0.0315994415	0.0820538995	0.0642717436	-0.0240413421	-0.0642428055	0.0435399339	0.0568180342	-0.0004381621	0.085967194	0.0124520049	0.0791873517	0.0265345822	0.0133624666	-0.0244100781	0.0245066972	-0.0039696872	-0.0638313854	-0.0234348609	0.0858187095	-0.0644998753	-0.0115482079	0.1302880455	0.0024806814	-0.0481100767	-0.0526195364	-0.0142382455	0.0673417584	0.065344191	0.0511463264	-0.0398301746	0.0243763014	0.0649677601	-0.1224340272	-0.1195150292	0.066342996	0.0261119034	0.1017699188	-0.0244424995	0.0191647852	0.0047403713	-0.0313710829	0.0365191776	0.0454911825	0.152599822	0.0356809409	-0.1528241624	-0.0569832784	-0.0201468273	0.0821354052	-0.0823943867	0.0207291319	0.0565152869	0.0238405831866259	-0.00021909999856	4.800480936903563e-08	0.0005683734066784	0.0917168840806965	-0.0375235321843092	0.0084119868254719	0.0014080154675868	0.2614557882255397	-0.0002922176519532	8.539115611307233e-08	0.0683591291966382	0.0040780428661632	-0.0007790300907157	1.6630433618264567e-05	6.068878822405126e-07	0.0001571224319527	-0.0003138863600736	9.852464704025367e-08	2.468745862273084e-08	-0.0004303225454804	-0.0002271774903109	1.8517749314873094e-07	5.160961210395907e-08	0.0	0.0	0.0	0.0	0.0	0.0	0.0	0.0	0.0	0.0	0.0
4946.724557632615	-6.681332101811677	44.64019865469924	24470083.84908559	6318.985506777732	-200.1510567570367	39929577.83486702	40060.44552095853	5646.191206461589	-9.111579589843132	31879475.13992417	83.02088262204593	5626.136648136045	4653.701854481416	1.266631	21.431076	0.1712269742091446	0.0858193157242148	-0.1862781538	0.0068722782	0.0499483254	0.058831159	0.1152883531	0.007894675	-0.0068392512	-0.0320654687	0.0667217935	-0.0905520764	-0.1318878303	0.1149452295	-0.0410909288	-0.0323197656	0.0083691606	0.002110263	0.0920073057	-0.0309611067	0.1062002271	0.0492703583	0.0440373851	0.0992095282	-0.0526464239	0.0043886811	0.0401128653	-0.1234080701	-0.0877994898	-0.0963477781	0.0628985459	0.0363221884	-0.0717612949	-0.0510153005	-0.1077444236	-0.011033102	-0.0810877437	0.1050202288	0.0010935335	-0.126591629	0.0062682527	-0.1373448834	0.0443068456	0.0063592943	-0.0292557995	-0.0303711629	0.0465766119	-0.0075694524	0.1070433043	0.0764249215	0.02057701	-0.0328318953	0.0373577108	0.0153306596	0.0051363918	0.0243775995	-0.1109080976	-0.1438389515	-0.0139046765	0.1243758082	0.0309037159	-0.1275603629	-0.1040949176	0.0645764304	-0.0258066288	-0.101109567	-0.0232885484	-0.1115348662	0.0429273189	-0.0418218109	-0.0456093457	-0.0566061498	-0.0120456398	0.0017349188	0.028255408	-0.138455401	0.0023735653	0.0444824455	0.0733332536	0.1580346431	0.0338846484	0.0315840125	0.0228199036	0.0502055213	-0.0579119187	-0.0178092284	0.0805080284	-0.0843382767	0.0264992443	0.0507163915	0.0348589310764566	0.0110183478898307	0.0001214039902213	0.0012151450757931	0.1039026429933756	0.012185758912679	0.0107957592210088	0.0001484927202779	0.2927938921039796	0.0313381038784398	0.0009820767546958	0.0857282632533968	0.005436051061818	0.0013580081956548	2.955065114669261e-05	1.844186259465607e-06	-0.0002380935847137	-0.0003952160166664	1.5619569982965617e-07	5.668855508181984e-08	0.0001501485127623	0.0005804710582427	2.254457588473057e-08	3.369466494574e-07	0.0	0.0	0.0	0.0	0.0	0.0	0.0	0.0	0.0	0.0	0.0
4939.210481119792	-7.514076512822612	56.461345840552426	24395800.17680361	6357.720106516453	38.734599738721045	40420604.952803575	1500.3692169189285	5643.067510986328	-3.123695475261229	31844210.93354943	9.757473422167475	5621.463427987698	4660.994894139907	1.133506	19.178646	0.0444831614221187	0.0250434389223463	-0.1569279349	-0.0212153439	-0.0700593215	-0.0583655577	0.0569865373	-0.1235085184	0.0371873918	0.0614312924	0.103521278	0.0952940484	-0.1047563914	0.0325226348	-0.0662818062	-0.0046792468	-0.0226573841	-0.1143470885	0.0098318219	0.0342378912	0.0447570154	-0.0149132353	0.0552087583	0.0048206912	0.0384652047	-0.0566883535	-0.030505472	-0.0945097829	0.0330230925	-0.0472698772	-0.02714068	-0.0251295768	0.0008631081	0.0108480261	-0.0198877854	-0.0691150107	-0.0189122322	0.1100620323	0.1287816139	0.0132549954	-0.0154409494	-0.0838417587	-0.0782097482	0.08808281	-0.0138161028	-0.0326441442	-0.0280657996	-0.0071913098	0.0723740976	0.0055259112	0.0526845625	0.0543101383	0.0361735202	0.0595700025	0.0539642215	0.0475868905	0.0002380871	0.0135642008	-0.0084837962	0.0269246497	0.0286278927	-0.1301650891	0.0087821731	-0.041445346	0.0080198152	0.0037142758	0.101196309	-0.0080841599	0.0303760549	0.0719987058	-0.057590297	-0.0492558207	-0.0357499128	0.001272146	-0.0047704907	-0.0165916711	0.0358964454	0.0444703584	0.0294518731	0.0834700826	-0.0092982153	0.0522274788	-0.0320209669	-0.0705873963	-0.058830636	-0.0154594239	0.0787565141	-0.0860510014	0.0321558829	0.0446048127	0.0455898383874568	0.0107309073110002	0.0001151523717172	0.0020784333641944	0.1050276532239422	0.0011250102305666	0.0110308079417286	1.2656480188795217e-06	0.2928234920069315	2.9599902951871204e-05	8.761542547601937e-10	0.0857455974711334	0.0050630158432925	-0.0003730352185255	2.5634129429430863e-05	1.3915527426036794e-07	-0.0002172743067914	2.0819277922299996e-05	4.3344233320596784e-10	4.7208124391683415e-08	-0.0001079498703419	-0.0002580983831042	1.1653174506833021e-08	6.66147753610024e-08	0.0	0.0	0.0	0.0	0.0	0.0	0.0	0.0	0.0	0.0	0.0
4947.023601178941	7.813120059148787	61.04484505867314	24473042.51062146	6341.470693424048	-16.24941309240512	40214250.55555608	264.04342584762696	5648.804693603515	5.7371826171875	31908994.466477104	32.91526438295841	5629.307998756181	4623.597400590485	1.055625	17.860907	0.039778461383904	0.0326785287156222	-0.121739874	-0.0354608098	0.0607296529	0.054407625	0.0986284858	0.015285533	-0.024531736	-0.0174436387	0.0528757802	-0.0844628937	-0.0521109463	0.0535341556	-0.0442366891	-0.0288241678	0.0238142911	0.0901255505	0.0134716418	-0.0795035668	0.0709355861	0.0235009198	0.0457913866	-0.0150124437	0.0086813644	0.044341588	-0.0972254029	-0.0386903563	0.0547182713	-0.0332562114	0.0653277681	0.008926786	0.1091865187	-0.0147949717	-0.0114162606	0.0100980498	-0.0562162594	0.0895807956	-0.0346247673	-0.0835209739	-0.0343523481	-0.0608496104	0.0511458145	-0.0282877993	0.0335361554	-0.0014345053	0.09138105	0.0248292683	0.0276138046	-0.018546156	0.0445986677	-0.0243267178	-0.0588116429	-0.021188993	0.0842728012	0.0649383444	-0.017004746	0.0200347117	-0.0547441619	-0.0130416104	0.0203788255	-0.0966444864	-0.0679722288	0.0226757907	-0.0634009274	-0.0037431768	-0.0516712695	-0.0487690177	0.0100822514	-0.0511868504	-0.0030590238	-0.0852570072	0.0183644184	-0.0320862618	0.0055046779	0.0085407474	-0.0526128206	-0.0427488604	-0.0135519762	0.0452654978	-0.0486724341	0.0556748405	0.0662247601	-0.0909492601	-0.059739273	-0.0130990243	0.0768835629	-0.0875278662	0.037674825	0.0382182304	0.0431272719203548	-0.002462566467102	6.0642336048952366e-06	0.0018599615832922	0.1085133095469501	0.0034856563230079	0.0117751383488322	1.2149800002124969e-05	0.2932332049945856	0.0004097129876541	1.6786473225247464e-07	0.0859857125113966	0.0056940148950513	0.0006309990517588	3.242180562506607e-05	3.981598033205054e-07	-0.000245834062013	-2.8559755221599988e-05	8.156596183177077e-10	6.043438604581152e-08	-0.0001168015754843	-8.85170514240001e-06	1.3642608035614633e-08	7.835268392799078e-11	0.0	0.0	0.0	0.0	0.0	0.0	0.0	0.0	0.0	0.0	0.0
4952.257438709336	5.233837530395249	27.39305529457384	24524853.73925196	6406.677802281664	65.20710885761673	41045520.462248616	4251.967045569078	5649.360737711589	0.5560441080733654	31915276.744797222	0.3091850501231044	5632.386679801496	4638.577637591393	0.976079	16.515018	0.0368031676043318	0.0228152090200467	-0.0810551575	-0.0040740758	-0.0056639125	-0.0430422804	0.0157508329	-0.0631113038	0.0512484228	-0.0084268557	0.0390659639	0.0513846525	-0.1091640631	0.0239762278	0.0079039439	0.0336497659	-0.1007231905	-0.0782062969	0.0223791287	0.0320762333	0.0213048465	0.0372550948	-0.0472765425	0.0941647887	0.0883168359	-0.0060930634	0.0731045449	0.0212382786	0.0604489949	-0.0313794266	0.0514978981	0.0244213693	0.1235869149	-0.0484859857	-0.0507834284	-0.0087810872	-0.0394941516	0.0467867797	0.0960750016	-0.0178109408	0.0502627818	-0.0491001368	-0.0518440704	0.0488361284	-0.1068703672	0.0523352688	-0.0293161093	0.0076057349	0.0326623807	0.0886055553	-0.0099098628	0.0540265768	-0.0260711847	0.070245361	0.0097202173	-0.0372916966	-0.0076738359	-0.0412018079	-0.1108077466	-0.0630830088	0.0455446426	-0.055100985	-0.0512801605	-0.0034135519	0.0418532355	-0.0160895595	0.0711734723	-0.0034626186	-0.0691230326	0.0072639102	-0.0610498502	0.0421350988	-0.128020165	-0.0142794725	0.000942686	-0.1041975668	0.034938113	-0.0002806056	0.0040164822	0.0162303883	0.024867067	-0.0159687959	-0.0135941475	-0.0478392594	-0.060637674	-0.0107296473	0.0748920628	-0.0887648233	0.0430324377	0.0315960199	0.0313788458739736	-0.0117484260463812	0.0001380255145672	0.0009846319683825	0.1079558894997347	-0.0005574200472154	0.0116544740776789	3.107171090376201e-07	0.2929741220828461	-0.0002590829117394	6.71239551554089e-08	0.0858338362102144	0.0053220237358524	-0.0003719911591989	2.8323936644976335e-05	1.383774225221414e-07	-0.0002450140147856	8.200472274000055e-07	6.724774551664363e-13	6.00318674413582e-08	-4.848009930685619e-06	0.0001119535655536	2.3503200288026385e-11	1.2533600840167434e-08	0.0	0.0	0.0	0.0	0.0	0.0	0.0	0.0	0.0	0.0	0.0
4948.591870867685	-3.6655678416509545	13.436387601745636	24488561.50441774	6405.116782485255	-1.5610197964097097	41025520.99727426	2.436782804783012	5650.049611002604	0.688873291015625	31923060.60679068	0.4745464110746979	5634.226962117988	4617.486131256702	1.072892	18.153069	0.058699389080558	0.0315945222893842	-0.0404928536	-0.0279501918	-0.0477315181	0.1155900386	0.0485672764	0.0220601333	-0.0672043967	0.105849733	0.0712030731	-0.0399075822	0.0091328227	-0.0081865793	-0.0693866349	-0.0173920197	0.0568634781	0.0114718426	-0.0793419781	-0.0033425878	0.0044641781	-0.0657194699	0.1163476375	-0.0458360828	-0.0427250417	0.0804605852	0.0190594785	0.0605537082	0.0642320381	-0.0041206458	0.039647257	0.0008944023	-0.0241754786	0.0193291401	-0.0589763185	0.0980375908	0.0781973795	0.0675669825	-0.0292683635	-0.0180124016	-0.092842027	-0.0051160385	-0.00044294	-0.0061208462	0.0997521938	-0.0270380413	-0.0081407409	-0.0670153137	-0.0432178254	-0.0511015326	0.1198192935	-0.1087786997	-0.019986965	-0.0264118431	-0.0136911524	-0.0775659936	0.0079647855	0.0203782536	-0.0716046274	-0.0432228413	0.0043968499	-0.0735163824	0.0192105696	-0.0196480117	-0.0588662461	0.0550036251	-0.0141678017	-0.0483774824	-0.0165946689	-0.0069021298	0.145089506	-0.0621221664	-0.0031036361	-0.0002525465	-0.0636118636	0.053866361	0.0001053734	0.0565306575	0.1988851274	0.0045419904	-0.0202992468	-0.0475277714	-0.0928081047	-0.0099826083	-0.0615256851	-0.0083529168	0.0727850846	-0.0897584821	0.0482057789	0.0247790096	0.0357744954427943	0.0043956495688207	1.9321735131873608e-05	0.0012798145241865	0.0856094213861098	-0.0223464681136248	0.0073289730300645	0.0004993646371532	0.2932184911212729	0.0002443690384267	5.971622694163094e-08	0.085977083535436	0.0056609931101612	0.0003389693743087	3.2046842993292574e-05	1.1490023671929925e-07	-0.0002468469496337	-1.832934848100033e-06	3.359650157379491e-12	6.093341654346243e-08	-0.0002983037479675	-0.0002934557380368	8.898512605145776e-08	8.611627018673143e-08	0.0	0.0	0.0	0.0	0.0	0.0	0.0	0.0	0.0	0.0	0.0
4951.643485166364	3.051614298678942	9.31234982790177	24518773.2041905	6402.632801182223	-2.4839813030312143	40993706.78677452	6.170163113808649	5652.319746500652	2.2701354980481483	31948718.5166812	5.1535151794983145	5635.858556448099	4609.768839717691	1.007025	17.038605	0.0861908160748917	0.0393730065237983	-0.0131897232	-0.0452969094	0.0514510893	-0.023677818	0.03515762	-0.0001898345	0.0445617834	-0.0023090981	-0.0093456392	0.0047799444	-0.0913434127	-0.0641225576	0.0113098028	0.0366195975	-0.0202192153	0.0291785096	0.0207230402	-0.0311954653	0.0184417366	-0.0117088131	-0.1102527953	0.0722887953	-0.0019621128	0.0830243723	-0.0076453488	0.0365033468	0.0458051739	0.0046954009	-0.0517643803	-0.1133113639	0.0731813014	0.0918473616	-0.0173082367	0.0132752252	-0.0046581449	0.010237292	0.0586373173	-0.0715780239	0.006561482	0.0244013654	-0.0244257953	-0.0421749184	-0.0630086781	0.0481413982	-0.0152180858	0.0796399947	0.0084373779	0.0299509966	-0.049453136	-0.0371288162	-0.0476857539	-0.0209735673	-0.0270469468	-0.0384435686	-0.004191991	0.1212151801	-0.0240702685	-0.0484225041	-0.0063420354	-0.0301128344	-0.0231333801	0.0097694964	-0.0015343931	-0.0144488013	-0.0262572217	0.0240278982	-0.1198406406	-0.0636874325	-0.0510130356	0.0787714035	-0.0807265706	0.0305068592	-0.0053063749	0.0292707759	0.0095157025	-0.0236623904	0.0894543479	-0.0536157324	0.0645160038	0.0510938029	-0.0497873555	-0.0117372244	-0.062403154	-0.0059704615	0.0705658771	-0.0905061192	0.0531726956	0.0178092284	0.0308114856187557	-0.0049630098240385	2.463146651350364e-05	0.0009493476460347	0.1036693375004631	0.0180599161143533	0.0107473315377849	0.0003261605700574	0.2653472747324414	-0.0278712163888315	0.000776804702993	0.0704091762079337	0.0053600299184505	-0.0003009631917106	2.8729920726684475e-05	9.057884276469147e-08	2.735003466036723e-05	0.000274196984294	7.518398619596096e-08	7.480243959232888e-10	-0.0004290770469161	-0.0001307732989486	1.841071121902411e-07	1.710165571789991e-08	0.0	0.0	0.0	0.0	0.0	0.0	0.0	0.0	0.0	0.0	0.0
4960.391304659925	8.7478194935602	76.52434589191185	24605481.89534579	6456.293462690139	53.66066150791539	41683725.27637542	2879.4665934670725	5658.315185953776	5.995439453123254	32016530.743595112	35.94529423606686	5644.891133547138	4643.921037212696	0.943294	15.960292	0.0903089081803624	0.038803977517039	0.0235016189	-0.0021753824	-0.0513481374	-0.0245558112	-0.0270162606	-0.0592326326	0.042545178	0.0606517489	0.0528545717	0.0269755204	0.0552540291	-0.0170053199	-0.0216875592	0.0225575189	-0.0164480681	-0.0154278433	-0.0101959831	0.0162382776	-0.102436153	0.0737499604	0.0820497014	0.0570218095	-0.0406194169	0.0721120831	0.0485903724	0.023466217	-0.0086609958	0.1875067581	0.05083566	-0.0801395844	0.0478363555	0.0584306237	-0.0140565239	-0.0015932558	0.0383486744	0.0290475365	-0.0208519763	0.0714822844	-0.0296353952	0.0077846275	-0.0301016622	0.0056108647	-0.026924949	-0.0017431953	-0.0271288328	-0.0631343445	-0.0559452231	0.0709653888	0.0631670813	-0.0164837075	-0.0318606101	-0.0475212298	-0.0887745224	0.0172530744	0.1461178449	-0.0007507071	-0.0955759986	-0.022251015	-0.0079486391	-0.0086526878	-0.0078953147	-0.0047946721	0.0163489598	0.1228463039	0.0429346548	-0.0062061731	-0.0448040943	0.0880220818	0.1174534829	0.0161875696	-0.044858035	0.0546122165	-0.0545870515	0.0165647621	0.0851596752	0.0008759207	0.0899643697	0.0838973543	0.0672406154	0.0253905637	-0.0425876331	0.0120253973	-0.0632699305	-0.0035839144	0.0682378621	-0.0910056853	0.0579119187	0.0107296473	0.0387690167726191	0.0079575311538633	6.332230206470654e-05	0.0015030366615156	0.0820044107619395	-0.0216649267385236	0.0067247233844128	0.0004693690505855	0.2452839293164643	-0.020063345415977	0.0004025378292808	0.0601642059809242	0.0051000038161497	-0.0002600261023007	2.601003892474151e-05	6.761357387774599e-08	-0.0002458835918472	-0.0002732336265075	7.465661465447677e-08	6.045874073968045e-08	-0.0001498746782845	0.0002792023686316	2.2462419190882376e-08	7.795396264949587e-08	0.0	0.0	0.0	0.0	0.0	0.0	0.0	0.0	0.0	0.0	0.0
4960.620792365954	0.2294877060294311	0.0526646072186506	24607758.645653427	6384.459537329263	-71.83392536087558	40761323.58379459	5160.1128327518445	5654.8369832356775	-3.478202718098146	31977181.306969974	12.097894148185327	5643.657389956225	4599.254149044261	1.037029	17.546274	0.0606997143069601	0.0352934979810304	0.0120255233	-0.0426973428	0.07647076	0.079319375	0.0635481225	0.074344424	-0.0133885551	-0.0130808812	-0.0486681894	-0.0528186363	-0.0861153785	-0.0164310609	-0.0344465868	0.0191348551	-0.0176844449	0.0848201202	-0.0127115567	0.0168720378	-0.024379308	-0.0600200592	0.0706282455	0.055446731	-0.0667407113	-3e-07	-0.0462027296	-0.0135092219	0.015041555	0.0671015277	0.0142792837	-0.1118522664	-0.0425189407	0.0960315498	-0.0250279946	0.0525650746	0.0389114865	-0.0236300623	0.0201382279	-0.1176593104	-0.0495295781	-0.022254593	0.0197838224	-0.0624376919	0.0033943144	0.0701784711	-0.0276470509	-0.0164861486	-0.0383208839	-0.0410377885	0.0523758349	-0.0385002966	0.0345789724	-0.0987880909	0.0001523822	0.0379108738	0.0470906947	0.0887149874	-0.07957768	0.0554156445	-0.0221605993	-0.0382016635	0.0433757192	-0.002472754	-0.0365579247	-0.057604818	-0.0255193264	0.0110213797	-0.0839406358	-0.0937315414	0.106028246	0.0143066904	0.0308036428	0.0628681667	-0.0760408701	0.0281779407	-0.0090437254	-0.0152802285	0.1479270924	0.0630007473	-0.0378779214	0.0273977205	-0.0078724611	-0.0314562204	-0.064125866	-0.0011949111	0.0658046293	-0.0912558111	0.062403154	0.0035839144	0.0300798187895878	-0.0086891979830312	7.550216158831518e-05	0.0009047954984144	0.1076060516113699	0.0256016408494303	0.0115790623433888	0.0006554440141832	0.2454017989979178	0.0001178696814534	1.3893261805948952e-08	0.0602220429514144	0.0051000442788292	4.0462679499510274e-08	2.6010451646018453e-05	1.6372284322800885e-15	0.0001693360935164	0.0004152196853636	1.72407387113447e-07	2.8674712567394964e-08	-0.0002604346461023	-0.0001105599678178	6.782620489043024e-08	1.2223506483872971e-08	0.0	0.0	0.0	0.0	0.0	0.0	0.0	0.0	0.0	0.0	0.0
4961.316030195826	0.695237829871985	0.4833556400851072	24614656.75147807	6456.587324736134	72.127787406871	41687519.88194331	5202.417716210778	5660.83858601888	6.001602783202543	32045093.496960238	36.01923596734451	5647.632119659938	4648.301500856487	1.029096	17.412043	0.079151887080372	0.0454678936581326	0.012495961	-0.0218625019	-0.0078766241	-0.0796698561	-0.0331183377	-0.0521081012	0.0465275849	-0.0293777404	0.0278021585	0.0860762223	0.0387521021	-0.0074470967	-0.0028479877	0.016927001	-0.0311328634	-0.04833252	-0.101217716	0.0399028948	0.0047016796	-0.0514007261	-0.0414645121	0.0355729079	0.0103581129	0.0213162444	-0.0927523029	0.0424580422	-0.0418358313	-0.0335318375	0.0812481537	-0.0424242187	0.0084530897	0.025131612	0.0680392432	0.0066933516	-0.0419875449	-0.0020012619	0.0423797112	0.0902849574	0.0042596193	0.0092943414	-0.057189314	0.065563988	0.014983711	0.0298747952	-0.059757262	0.0750917794	-0.0623495411	-0.0218968214	0.0047772074	-0.0090662941	-0.0146063849	-0.0309626633	0.0965029389	-0.0409210372	-0.0524491197	-0.0250544714	-0.0496622119	0.0765998118	-0.0415400634	-0.0092831264	0.0260807014	-0.0306254095	0.0073230377	0.0969025629	0.0620457421	0.0746346925	-0.0577114423	0.0157743165	-0.0188040937	0.0512968815	-0.0655044185	0.0595023046	0.0079112682	0.0073245314	-0.0028350364	-0.0099468135	0.1567126988	0.0211935074	-0.0521782455	-0.0283272518	-0.0276926937	-0.0123792792	-0.0649708138	0.0011949111	0.0632699305	-0.0912558111	0.0666271694	-0.0035839144	0.0207582582415284	-0.0093215605480594	8.689149105113745e-05	0.0004309052852219	0.1072958010133504	-0.0003102505980194	0.0115123889150964	9.625543357145309e-08	0.2145720151777297	-0.0308297838201881	0.0009504755703995	0.0460411496974318	0.0051990792105605	9.90349317313002e-05	2.703042463768239e-05	9.807917703023292e-09	0.0007405973050136	0.0005712612114972	3.263393717612486e-07	5.484843681934072e-07	-0.0001569249470487	0.0001035096990536	2.46254390062373e-08	1.071425779816684e-08	0.0	0.0	0.0	0.0	0.0	0.0	0.0	0.0	0.0	0.0	0.0
4965.992584187334	4.676553991507717	21.87015723548676	24661082.34620359	6403.5302427178185	-53.05708201831567	41005199.569401726	2815.053952298276	5658.252200520833	-2.5863854980470933	32015817.964698847	6.689389944508311	5647.077961289619	4642.368386461844	1.013593	17.149736	0.0639708042909928	0.0337218651016923	0.0355378536	-0.0232172979	-0.0182188636	0.1071785395	0.0338101808	0.0435334345	-0.0759797794	-0.018710957	-0.0187716091	-0.0989465681	0.0021410021	-0.0126773817	0.003638299	-0.0015463627	0.0156934011	0.0758624586	-0.0771335317	-0.0849786363	-0.0487317544	-0.0005924372	0.0699606253	0.0125894798	-0.0319609925	0.0098610007	0.0529556742	0.0484696776	-0.061161342	-0.1174379183	-0.0239304015	-0.0863205866	-0.0292386346	0.1020700944	0.0603110237	0.0325845546	-0.0446397836	-0.0059682553	-0.0687933813	-0.060976332	-0.0103382905	0.0328785589	0.0223267113	-0.0409419153	0.0557629633	0.0201117396	0.0559340015	-0.0238989046	-0.1021156542	0.0282930438	0.0731875748	-0.0684407787	0.0083888847	-0.0022229173	-0.0270172891	-0.0862308472	-0.0574429022	0.024094639	-0.064107599	0.1194514782	-0.0311196525	0.0275239134	-0.0518971608	0.0161289804	-0.0148698151	0.019141144	-0.0572312881	-0.000230613	-0.097320088	-0.0452663835	0.1434282585	-0.01509933	0.006246633	0.0488618671	-0.0230168878	0.0082201467	0.0141739848	-0.0133911364	0.1266741268	0.0259342104	-0.0406313658	0.0247618171	-0.0159528565	0.0267395722	-0.0658046293	0.0035839144	0.060637674	-0.0910056853	0.0705658771	-0.0107296473	0.0202310732040444	-0.0005271850374839	2.779240637470044e-07	0.0004092963229874	0.0962349109542657	-0.0110608900590847	0.0092611580863754	0.0001223432888991	0.2143946681408479	-0.0001773470368817	3.1451971490753655e-08	0.0459650737272243	0.0048260011943331	-0.0003730780162274	2.3290287527704505e-05	1.3918720619217234e-07	0.0003187247430784	-0.0004218725619351	1.779764585137691e-07	1.015854618503921e-07	9.223211793954728e-05	0.0002491570649882	8.506763579614561e-09	6.207924303355769e-08	0.0	0.0	0.0	0.0	0.0	0.0	0.0	0.0	0.0	0.0	0.0
4968.744197128644	2.751612941310668	7.571373778788347	24688418.896499574	6438.071935792633	34.54169307481425	41448770.25044069	1193.1285604746706	5663.493818359375	5.24161783854197	32075162.23059485	27.47455756532139	5650.414123297665	4667.259347354665	1.031266	17.448755	0.0842459738136965	0.0366485856650354	0.0260599668	0.0011137289	0.0127456917	-0.0530260042	-0.0047588098	-0.0395568077	0.0834362697	0.0458226479	-0.0276204054	0.0926602918	0.0022854787	0.0020308048	-0.0089024417	0.0538639303	0.0226570438	-0.0577947772	-0.0623195069	0.0498974241	-0.0088210162	-0.0608171265	0.0744419039	0.0690128449	0.0198585342	0.098512421	-0.0323674911	-0.003587965	0.0032580819	-0.0893699174	0.031500006	-0.0340557238	-0.0451188315	0.0291581617	0.068967741	0.0249911567	-0.1084382706	-0.0465574088	0.0757195968	0.0511295836	0.0001102647	-0.0170006203	-0.0370493673	0.009929953	0.0071462585	-0.0249213158	-0.1025641125	0.0368591876	-0.069942617	0.0102073763	0.1159354536	-0.0601728953	-0.0511513109	-0.0119429484	0.0363059404	-0.0516197781	-0.1043855939	-0.0324564676	-0.0303950799	0.0331415247	-0.013151128	-0.0266743362	0.0790916854	-0.0522507277	0.0405146519	0.0324000218	0.0639203578	0.0878453687	-0.0486403931	0.0123147911	0.0539840386	0.0694883444	-0.0625457518	0.0511945745	-0.0895098788	-0.0348885308	0.0335453548	0.016333658	0.0711951281	0.0557757636	-0.0558443079	-0.0240775407	-0.0475545129	0.0001969242	-0.0666271694	0.0059704615	0.0579119187	-0.0905061192	0.0742024108	-0.0178092284	0.0067266135673662	-0.0135044596366782	0.0001823704300786	4.524733008467504e-05	0.0869002535913807	-0.0093346573628849	0.0075516540742462	8.713582808246307e-05	0.2401416480497786	0.0257469799089307	0.0006629069744308	0.0576680111280637	0.005194451160377	0.0003684499660439	2.698232285754196e-05	1.3575537747775118e-07	0.000435833345493	0.0001171086024145	1.3714424759500851e-08	1.899507050436207e-07	0.0003198710875851	0.0002276389696455	1.0231751267287473e-07	5.181950050128887e-08	0.0	0.0	0.0	0.0	0.0	0.0	0.0	0.0	0.0	0.0	0.0
4960.079296318407	-8.664900810237668	75.0805060512574	24602386.6257665	6415.623206940708	-22.448728851924898	41160221.13343617	503.94542706724536	5653.275738932292	-10.218079427082555	31959526.580400456	104.4091471781678	5640.986541866792	4681.486139584211	1.023943	17.32486	0.0734945000042338	0.0379790665591183	-0.0210342886	-0.0206778527	0.0549758726	0.0350846971	0.028608	0.0456049249	-0.042219175	-0.0884410537	0.0476877037	-0.0625397376	0.019525222	-0.0075700095	-0.0768491108	0.0231134476	0.077954492	0.0373232368	-0.0606145995	-0.0456718803	0.0362290846	-0.0512801831	-0.0021010688	-0.1068175349	0.034017835	0.0111769837	0.0003008697	0.1115732742	0.0222377056	0.0164035322	0.0688444615	0.1449168373	-0.0013781698	0.0572472527	-0.0205161303	0.0634445589	0.0422751305	0.0455638888	-0.0483165659	-0.0149365735	-0.0341045196	-0.0116892183	-0.0355689007	-0.067709615	0.1169762028	-0.0238253071	0.0379683313	0.0474330718	-0.015232564	-0.0938209954	-0.0368023457	0.0016136044	-0.0630181714	-0.0581428964	0.0056200905	-0.0603327053	-0.0052599505	-0.0959633104	-0.0248373456	-0.0151845749	-0.0117495486	-0.0441398389	-0.006687299	-0.0175234815	-0.0726783145	0.0364525917	-0.0528132475	0.0252589903	0.00437861	-0.100760464	0.0839291852	-0.0616562956	0.006519982	0.001736324	-0.0257750629	0.0179019365	-0.1022729652	-0.0235896747	0.0083580381	0.001172171	-0.1089768826	0.0623105068	0.004849971	-0.0970425307	-0.0674382934	0.0083529168	0.0550968674	-0.0897584821	0.0775211985	-0.0247790096	0.0178497528184493	0.0111231392510831	0.0001237242267989	0.0003186136756797	0.1082644511597976	0.0213641975684169	0.0117211913849322	0.0004564289377423	0.2402734110685074	0.0001317630187287	1.736149310451964e-08	0.0577313120664959	0.0056639754777105	0.0004695243173335	3.208061821210589e-05	2.204530845674896e-07	0.0002338205754719	-0.000202012770021	4.0809159251597835e-08	5.4672061514010494e-08	0.0004658420035506	0.0001459709159655	2.170087722720372e-07	2.130750830780706e-08	0.0	0.0	0.0	0.0	0.0	0.0	0.0	0.0	0.0	0.0	0.0
4957.061525521058	-3.0177707973489305	9.106940585332	24572458.96780116	6480.044415808671	64.42120886796329	41990975.63085314	4150.092152009752	5650.879164225261	-2.3965747070315047	31932435.328675184	5.743570326383143	5637.59125729572	4670.032167571822	1.095142	18.529537	0.0947164445727902	0.0457889618874188	0.0206628072	-0.0218394873	-0.0535199153	-0.106894331	-0.062608939	-0.1204376159	-0.0141788701	-0.0741574367	-0.0067639646	0.0320796846	-0.078816098	-0.0626744838	0.0376867912	0.039610916	-0.0567045311	-0.0649819644	-0.0596388669	-0.0469594203	-0.0174994626	0.0072163167	-0.0028067968	0.0155736868	-0.0173642951	0.0200823096	0.0067986853	0.1456395937	0.0828085254	0.0080382705	0.0140546817	-0.0568911838	-0.0561931471	0.0344595899	0.0752471646	0.0308312016	-0.0115983042	0.0032672271	0.0713598795	-0.0239664577	0.0737911717	0.0532774815	-0.0850877023	0.0270129333	-0.0117548386	0.0433621739	0.0146911046	0.0217492605	-0.0324392638	0.0264902511	-0.029889888	-0.0414687562	-0.0147659708	-0.0833529309	-0.0284663713	-0.0443278659	-0.0158727619	0.0300822642	-0.1264406025	-0.0392309044	0.0084284214	0.016019458	-0.0207585203	0.0128831943	0.0308549602	0.0218614383	0.0624334055	0.0563284266	-0.170477403	0.0168684433	0.0063978515	0.0517427629	-0.0983966786	0.0737405218	-0.0241992271	-0.0030688755	0.0170445979	0.0072273754	0.1287631619	0.0157183369	-0.1070846773	0.0401431792	-0.0161814842	0.0311567644	-0.0682378621	0.0107296473	0.0521968607	-0.0887648233	0.0805080284	-0.0315960199	0.0220091572747804	0.0041594044563311	1.7300645431347013e-05	0.000484403003946	0.0840359923541598	-0.0242284588056378	0.0070620480109484	0.0005870182160964	0.2457175905825437	0.0054441795140363	2.96390905810526e-05	0.0603771343216905	0.005289037117233	-0.0003749383604775	2.797391362746837e-05	1.4057877415755594e-07	-0.0002442341135104	-0.0004780546889823	2.285362856579636e-07	5.965030220221095e-08	0.0001011470170747	-0.0003646949864759	1.0230719063109653e-08	1.330024331606569e-07	0.0	0.0	0.0	0.0	0.0	0.0	0.0	0.0	0.0	0.0	0.0
4944.751548789303	-12.309976731754432	151.53552713633553	24450567.87925421	6346.623040407699	-133.4213754009725	40279624.01703386	17801.26341388722	5645.912862548828	-4.966301676432522	31876332.051494304	24.66415234133648	5626.609207489766	4613.441536199034	1.114562	18.858103	0.0775073461645275	0.0345058138563225	0.016124128	-0.0871415614	-0.0322587116	0.1005580887	0.1014130493	-0.0095600501	-0.0878858703	-0.0141970054	0.078983755	-0.0187119738	0.026185568	-0.0743564903	-0.0428444516	0.0002726228	0.026330891	0.035898199	-0.0171450023	-0.0725276122	-0.0369675704	-0.0053567408	0.1166273628	0.011536815	-0.028022647	0.020087259	-0.0338086418	0.0238000964	0.0835030729	0.003459631	-0.0691442455	-0.0172386967	-0.009571072	-0.0113163023	-0.0268437948	0.0618518393	-0.0238079247	0.0850333447	-0.0107043515	0.0147542405	-0.0666955675	0.0567265791	-0.0268103192	-0.0487832126	0.0432030559	-0.0229165905	0.0598368668	-0.0368405647	-0.0457779795	0.0047253204	0.0767862357	0.0200912965	0.0142984949	-0.0901305573	-0.0029200268	0.0102577473	-0.0592781911	-0.0005686062	-0.0209566207	-0.0276398931	0.0095619945	-0.0325130871	0.0464304648	0.0022457209	-0.0495483064	0.1274407932	-0.0047054271	-0.0538475522	-0.0385847406	-0.0619223144	0.1479903617	-0.022854954	0.0146497695	0.0399349285	-0.1063678306	-0.0359815292	0.0196023687	0.0264164148	0.0803704127	-0.0449723186	-0.0923550961	-0.0023437398	-0.0213977885	0.0186122436	-0.0690257386	0.0130990243	0.0492163702	-0.0875278662	0.0831501106	-0.0382182304	0.0381194909777491	0.0161103337029687	0.000259542852021	0.0014530955924026	0.0996094708774677	0.0155734785233078	0.009922046688489	0.0002425332333159	0.2665116932859348	0.0207941027033911	0.0004323947072391	0.0710284826581362	0.0055500273114835	0.0002609901942505	3.080280315821277e-05	6.811588149491385e-08	-1.3744612318955518e-05	0.0002304895011914	5.312541015948089e-08	1.8891436779838376e-10	9.203808781944792e-05	-9.108929255252074e-06	8.471009609460408e-09	8.29725921771871e-11	0.0	0.0	0.0	0.0	0.0	0.0	0.0	0.0	0.0	0.0	0.0
4956.136790244375	11.385241455071991	129.6237229902898	24563291.88361382	6418.770465775041	72.1474253673423	41200614.29230594	5205.250987136226	5659.287971191407	13.375108642579107	32027540.340871755	178.89353120079434	5641.600767063878	4660.091122396631	1.064549	18.011906	0.0974128234694802	0.0449653204359394	0.0087890705	-0.0623988482	-0.0446983724	-0.1004368267	0.0077147055	-0.1215634443	0.0072532518	0.0291619727	-0.0707365148	-0.0134901362	-0.0382722031	-0.0788312695	0.0244201175	0.053144375	-0.0844200452	-0.0513101326	-0.0734185696	-0.0269888233	0.0119207741	-0.0812837513	0.0483553024	-0.0072123319	-0.0105798692	-0.0014989483	0.0169244707	0.0593300025	-0.0391648659	0.0333702415	0.1033514767	0.0335672085	0.0132010781	0.0667032505	-0.0868747093	0.0492588218	0.0087216901	-0.0417008213	0.0331441942	-0.0635123312	0.0336913604	0.0772753011	-0.0945774013	0.0344701883	-0.0362855565	0.0408330288	0.0110336659	0.068573756	-0.0268339385	-0.0630714007	0.112392835	0.020156198	0.0112295332	-0.0300282097	0.0416270031	-0.043608803	0.1005003833	-0.070558042	-0.0934993214	0.0390965052	-0.0267222773	-0.0523684197	0.0803069734	0.0084643221	0.0503047618	0.0285334157	-0.0268428769	0.1026436998	-0.1543925971	0.0480171613	0.0480434428	0.0004294223	-0.0304906811	0.0199541058	-0.0533230081	0.0464427254	-0.0324421776	0.013246757	0.0049848063	0.016862289	-0.0736286121	0.0779665263	0.0541976687	-0.0119341936	-0.0698017879	0.0154594239	0.0461599916	-0.0860510014	0.0854361313	-0.0446048127	0.0285992688809102	-0.0095202220968389	9.063462877313972e-05	0.0008179181805225	0.0862877013643554	-0.0133217695131123	0.0074455674067441	0.0001774695429604	0.2407534215368159	-0.0257582717491189	0.0006634885635014	0.0579622099816837	0.0057155895619236	0.00016556225044	3.2667964040370005e-05	2.7410858770790192e-08	0.000422696615433	0.0004364412277519	1.904809452816343e-07	1.786724286985135e-07	-0.0002822096361967	-0.0003742477240161	7.964227876227377e-08	1.400613589312668e-07	0.0	0.0	0.0	0.0	0.0	0.0	0.0	0.0	0.0	0.0	0.0
4964.536807468068	8.400017223692885	70.56028935833712	24646625.71270524	6381.592296474028	-37.17816930101253	40724720.23841666	1382.2162725747503	5661.727344156901	2.4393729654939307	32055156.51957396	5.950540464782653	5645.754326133876	4675.653340607687	1.142894	19.337482	0.1427318393629681	0.0771082566160894	-0.0046083104	-0.0255321308	0.0777173827	0.0284931626	0.0661888444	0.0257073762	-0.0078221921	-0.011692921	0.0218211627	0.069494039	0.0518913633	-0.0128256792	-0.0003074615	-0.0255391199	0.0419659308	0.082775179	-0.0378430406	-0.0573291984	0.0701466146	-0.0199216429	0.0159325109	0.0501308286	-0.0255580831	0.0619489764	0.0747448565	-0.0195988222	-0.1293400151	0.0330373209	0.0139282067	-0.0633232135	0.0720195952	-0.091018448	-0.0628828038	-0.0211756473	-0.036880581	0.0109639341	0.0221510426	0.0681575876	-0.0898833254	0.0165433665	0.0777902513	-0.031267354	0.0200256839	0.0406767592	0.0168533018	0.0901361735	0.0276640968	0.0467298169	0.0750413567	-0.04101365	-0.0289707353	0.0190902069	-0.0942699744	-0.0428007651	0.097586407	0.027876626	-0.0090853397	0.1064467796	-0.0382833898	0.0025235224	-0.0595912075	0.0425879966	-0.001937663	0.1030933757	0.0517452472	-0.0214284092	0.0205510766	-0.1344578652	-0.0441187922	-0.0277243525	-0.0493067062	0.0344591561	0.0102730163	-0.113879319	-0.0190135835	-0.0097954947	0.0144767896	0.0094739296	0.0650065681	0.1022537874	0.2298105192	-0.072080225	-0.0705658771	0.0178092284	0.0430324377	-0.0843382767	0.0873563013	-0.0507163915	0.0135603491457914	-0.0150389197351187	0.0002261691067993	0.0001838830689557	0.1081813474872319	0.0218936461228765	0.0117032039441532	0.0004793317405537	0.1702467824559335	-0.0705066390808824	0.0049711861544818	0.0289839669365979	0.0054700256713114	-0.0002455638906122	2.9921180844805728e-05	6.030162437260061e-08	-1.38368143383083e-05	-0.0004365334297713	1.9056143530790174e-07	1.914574310328141e-10	-0.000305965004295	-2.375536809830003e-05	9.361458385323937e-08	5.643175134857308e-10	0.0	0.0	0.0	0.0	0.0	0.0	0.0	0.0	0.0	0.0	0.0
4972.366348597305	7.829541129236532	61.30171429440646	24724427.10466289	6450.475309460368	68.88301298633996	41608631.71795783	4744.86947807628	5675.93123819987	14.203894042968386	32216195.420773108	201.7506059838728	5654.63921842068	4875.449549357097	2.090497	35.370693	0.1838476001436869	0.0855074350481056	-0.1809636028	0.0934185301	-0.0641658331	-0.0262400405	-0.0146393417	-0.0772836809	0.0221504167	0.09713604	-0.123264807	-0.0546142318	-0.0378724664	0.2032075154	0.0681111868	-0.6422270863	0.0737830661	-0.2486069303	-0.0134913434	-0.0677096788	-0.2227422837	-0.0217094594	-0.1252829829	0.0603129797	0.0992083745	-0.2165080863	0.1750299352	0.030138273	-0.0436748758	0.118339928	-0.0488273176	-0.0500932534	-0.0053312657	0.0204309462	0.1245161827	0.0406576258	-0.0005379065	-0.0554644083	-0.0299315202	-0.1302428843	0.0070778064	-0.035776456	0.3015154753	0.5349956921	0.0035177573	-0.2700029537	0.1176453517	-0.0112685868	-0.1737319526	0.0325868838	-0.2304568587	0.219858491	0.1540170358	0.1048851121	-0.249646904	-0.0430083087	0.0435199606	0.0798078113	0.0550608893	0.0315949559	-0.0182958357	-0.22704253	-0.0481833413	0.4027936633	0.1922607884	-0.1238764626	-0.0491539779	-0.0502566116	0.2907609856	0.2501122295	0.1059206909	0.3677433288	0.2174549961	0.2492557817	0.1076452144	0.074435946	-0.0082011098	0.2670199086	-0.0340811023	-0.1912281132	-0.0261025243	-0.0500958846	0.0243692772	-0.0165094252	-0.0713178751	0.0201468273	0.0398385309	-0.0823943867	0.0889023983	-0.0565152869	0.0467004979172855	0.0331401487714941	0.0010982694605967	0.0021809365057223	0.0821924147953865	-0.0259889326918454	0.0067555930498968	0.0006754246224612	0.2149544129374305	0.044707630481497	0.00199877222327	0.0462053996412753	0.004465065419641	-0.0010049602516703	1.9936809201673852e-05	1.0099451074374331e-06	0.0004840372843324	0.0004978740986707	2.478786181271701e-07	2.3429209262388467e-07	-0.0002085815906591	9.73834136359e-05	4.350627996188036e-08	9.483529251380796e-09	0.0	0.0	0.0	0.0	0.0	0.0	0.0	1.0	0.0	0.0	0.0
4963.445591638801	-8.920756958504171	79.57990471270058	24635792.141158644	6415.066196871119	-35.40911258924916	41153074.31023849	1253.8052543581234	5665.6854565429685	-10.245781656901272	32099991.692482505	104.97604176089456	5648.721033078997	4785.347084868188	1.726648	29.214445	0.1506650857286932	0.0867305121562499	-0.1509189648	0.0201171608	0.0821975435	0.0333274709	0.0671138673	0.0335511425	-0.0073641409	-0.013110583	-0.012912845	0.0754838906	0.0012594419	0.1085799267	-0.0018420334	-0.1999237304	0.0234485811	0.1103310809	-0.0847598614	-0.1253059141	0.151115118	-0.010561941	-0.0190634647	0.0152693299	-0.0839685866	0.1246230922	0.0074022322	-0.1093759423	0.0726411829	-0.1800909888	0.001997369	-0.0011617642	-0.1107002018	0.0034653606	0.0050986987	-0.0143233921	-0.0183489678	-0.0018924015	0.0505845152	0.0120924103	-0.0892193375	-0.0543274804	0.1861069477	0.1166338385	0.0872148373	0.03709153	0.1423525111	0.1605592554	0.0114138391	-0.0097723197	0.0210727255	-0.1308625623	-0.0676787378	-0.0098528808	0.0295094424	0.0316156927	-0.1853558575	-0.0994528096	0.0287197538	0.0245763022	-0.1137307575	-0.1446696758	-0.0530491725	0.1160104079	0.1479520319	0.0609744148	0.0005421678	-0.0287134986	0.0951106515	-0.1510444321	-0.1247725267	0.0685958877	0.0440063249	-0.0872169895	0.0385662816	0.087018737	-0.0621902065	-0.0787064415	0.0024045844	0.1121733848	-0.0602960937	0.135521062	-0.2742509582	0.1967430013	-0.0720576532	0.0224706185	0.036583196	-0.0802246594	0.0900678015	-0.0619657467	0.0373782834022762	-0.0093222145150093	8.690368346385011e-05	0.0013971360701008	0.0853912874887328	0.0031988726933463	0.0072916719789834	1.0232786508236627e-05	0.1612837414057679	-0.0536706715316626	0.0028805409826596	0.0260124452418426	0.005623179077384	0.001158113657743	3.1620142936329174e-05	1.3412272442508714e-06	0.0008720170254996	0.0003879797411672	1.5052827955616754e-07	7.604136927611701e-07	-0.0003519547315224	-0.0001433731408633	1.238721330410047e-07	2.0555857521007676e-08	0.0	0.0	0.0	0.0	0.0	0.0	0.0	0.0	1.0	0.0	0.0
4967.506677013079	4.061085374278264	16.492414417176825	24676122.58616952	6497.232745240066	82.16654836894668	42214033.34581976	6751.341670866455	5657.101955159505	-8.583501383463044	32002802.5310695	73.67649599991199	5641.069084830476	4790.073504179911	1.256194	21.25449	0.0622144485631429	0.0358934012397969	-0.0437568839	0.0557729242	-0.0727360895	-0.0304484197	-0.0612006448	-0.0483445843	-0.0287812856	0.0474553869	0.0214886937	-0.0852950414	0.0263867544	0.0531193371	0.0499747804	-0.0379543093	-0.0895649437	-0.0371101775	-0.071478476	-0.0018080472	0.0963286266	0.0537565934	0.0712799477	-0.0451810628	-0.0380942664	0.0497171692	0.0299885824	0.0562118057	-0.1036446041	-0.07094911	0.0341747324	-0.0723890044	-0.0158624983	-0.0147617608	0.0349589666	0.0093320115	0.0689313472	0.0278091902	-0.0937270214	-0.0176959249	0.0450297856	0.0031665338	0.0030008889	0.1079560858	0.03267301	0.0757843184	0.0497068691	-0.0262079712	0.0530619622	0.0115973583	0.0572967735	-0.0785247273	-0.0362202645	-0.014076889	0.0036043214	-0.0902859702	0.0074354092	-0.0477013656	-0.0208219509	0.0646173969	-0.0858334737	-0.058963893	-0.1209409315	0.0727318162	0.1016277836	0.0370560113	-0.0480800209	0.045024092	-0.0151207177	0.0552923532	0.0479981366	-0.1086974119	-0.0287340698	-0.0313541423	0.0348025733	0.043775129	-0.0066493183	0.0829871388	0.0011198517	0.0763817507	0.0759918315	0.0445703067	-0.0117422581	-0.0636895944	-0.0727850846	0.0247790096	0.0332714524	-0.0778350419	0.0908475206	-0.0670341672	0.0405319592379385	0.0031536758356623	9.945671276440337e-06	0.0016428397196659	0.0885270928057906	0.0031358053170578	0.007837046160645	9.833274986487984e-06	0.1667800148613807	0.0054962734556127	3.02090218988738e-05	0.0278155733571623	0.0049960587282721	-0.0006271203491119	2.4960602816343837e-05	3.9327993227023147e-07	0.0007242078221303	-0.0001478092033693	2.1847560600667108e-08	5.244769696347122e-07	-0.0001183104049074	0.000233644326615	1.399735190935294e-08	5.4589671359376815e-08	0.0	0.0	0.0	0.0	0.0	0.0	0.0	0.0	0.0	0.0	0.0
4962.990320708607	-4.516356304471628	20.397474268940623	24631272.92344732	6391.071675483754	-106.16106975631192	40845797.16117072	11270.172731804523	5655.781507975261	-1.3204471842445855	31987864.465954915	1.7435807663794545	5639.707902049895	4707.792984607173	1.105371	18.702606	0.1307058041235223	0.0639846309086731	-0.0686235536	0.0002873719	0.0939158736	0.0366903614	0.0841932162	0.0488825882	0.0275186595	0.0193032483	-0.0235368919	0.0755116077	-0.0710987004	0.0463216955	-0.0522065057	-0.0324681273	-0.0298932383	0.0824600144	0.0172456941	-0.0406618436	0.0614558622	-0.0837524382	0.0131289555	0.0755909739	-0.0432367566	0.118400924	0.0373339593	0.0024452895	-0.1178565487	-0.0361620967	0.0117373917	0.0137080503	0.0023965446	0.0009781498	-0.0748978032	-0.0176271602	-0.0782786723	-0.0177797677	0.1046411886	-0.0248220762	-0.0718756589	-0.083078602	0.0544916602	-0.0138872843	-0.037403873	0.042586476	0.0283087119	0.0726563716	0.0036535154	0.0020890461	0.0554902553	-0.0259644619	-0.0442964375	-0.094425886	-0.0585978241	-0.0423579773	-0.0685639357	-0.094325842	0.034229396	0.0939916326	-0.0482538609	-0.119969769	0.0150467998	0.0101177915	0.078848029	-0.024966954	0.0221317796	0.0301595685	0.0466802365	-0.1213411249	-0.0057419248	0.0046244056	-0.0497959739	-0.0225660426	-0.0837219719	-0.068078443	0.050399129	-0.0446423088	-0.1019716129	0.006221217	0.0355083373	0.1097645431	-0.0052538182	-0.0487318202	-0.0735000446	0.0270704183	0.0299084066	-0.075232084	0.0912382167	-0.0716892996	0.037842334392792	-0.0026896248451465	7.23408180762935e-06	0.0014320422722958	0.1085946208641246	0.0200675280583339	0.0117927916806229	0.000402705682372	0.1895007517821554	0.0227207369207746	0.000516231886223	0.035910534926002	0.005770027131565	0.0007739684032928	3.329321309899622e-05	5.990270892957608e-07	-4.281326319244272e-05	-0.0007670210853227	5.883213453296781e-07	1.8329755051853703e-09	-0.0002818792022771	-0.0001635687973696	7.945588467637424e-08	2.6754751472969973e-08	0.0	0.0	0.0	0.0	0.0	0.0	0.0	0.0	0.0	0.0	0.0
4962.189873589299	-0.8004471193080462	0.6407155908085496	24623328.341552183	6459.06910553989	67.99743005613618	41719573.71013988	4623.650494239132	5648.773776855469	-7.00773111979197	31908645.18209	49.10829544730082	5634.561699497406	4747.289791730495	1.044497	17.672632	0.0644067278467038	0.037185043834357	-0.03853042	0.0211557709	-0.0878668772	0.027367545	-0.0207817228	-0.0295380684	-0.0608372555	0.0900220057	0.0750928934	-0.0386928224	0.0073695867	0.0106949797	-0.0357066112	-0.013694085	-0.0356800995	-0.0532896615	0.0109754847	-0.01607918	0.0803431586	0.0223966825	0.0268959488	-0.0739246068	-0.0997994417	0.055097905	0.0361039511	0.0755485635	0.0184193258	0.0398886916	-0.0263451776	0.0514947997	-0.1200811446	-0.0292242544	-0.134328674	0.0588452603	-0.058628445	0.0609234883	-0.0429691208	0.0076622323	-0.0116621474	-0.0180201817	-0.0783204489	0.0559292079	0.0460031589	0.0022806369	0.0717278463	-0.0716380241	0.0866809394	-0.0511773646	-0.0104746781	-0.060116788	-0.0123199736	-0.0931473826	-0.0683761996	-0.0201206103	-0.021516335	-0.046548442	0.0567889988	-0.0225137107	-0.0739829645	-0.0912298468	-0.0616507732	0.0093049852	0.0125352044	0.0481814916	0.0354344062	0.0147434388	0.0570202286	0.0182377519	0.0844647618	-0.1138761867	-0.0513026647	-0.075169618	0.0088502999	0.0048398353	0.0198505373	-0.0365016208	-0.0581865286	-0.1204384607	0.0219633014	0.1301899985	-0.0197022292	-0.0555445181	-0.0742024108	0.0293432743	0.0264992443	-0.0724229201	0.0912382167	-0.0759024438	0.0273671496420888	-0.0104751847507032	0.0001097294955613	0.0007489608795324	0.1086327573673457	3.813650322111173e-05	0.0118010759732326	1.4543928779338652e-09	0.156043251732477	-0.0334575000496784	0.0011194043095742	0.0243494964112451	0.0057600299987429	-9.997132822099976e-06	3.317794558641813e-05	9.994266466270864e-11	-0.0001935989615966	-0.0001507856984041	2.2736326843229482e-08	3.74805579312818e-08	-3.3943902641333894e-05	0.0002479352996357	1.1521885265243542e-09	6.147191280547712e-08	0.0	0.0	0.0	0.0	0.0	0.0	0.0	0.0	0.0	0.0	0.0
4953.907966609527	-8.28190697977243	68.58998322160329	24541204.141637336	6417.165682558982	-41.90342298090855	41180015.39741268	1755.8968575169342	5646.166351318359	-2.6074255371095205	31879194.466759674	6.798667931570871	5628.551128619994	4700.483076606701	1.088096	18.410318	0.1835482631385014	0.0871732339741336	-0.0424944744	-0.0132118024	0.0597437306	0.004652921	0.0293734274	0.0110720913	0.0070680428	0.0314272086	-0.0036721193	-0.0360388224	-0.0964146345	-0.0326012532	0.0448865367	-0.0468806922	-0.1331430065	0.0973938776	-0.0449589287	-0.0623019913	0.1475128732	0.0521046852	-0.0288236149	0.107308488	-0.1114103903	0.0170807383	0.0625588041	0.0956446633	0.0021278558	0.1129759338	-0.0997901946	0.0085218116	0.0980556635	-0.0132693972	-0.0158136197	-0.1324720277	-0.0772102121	0.0328513021	0.0132659863	-0.0954360681	-0.0111393426	0.0369457291	0.0430720367	0.0371357966	-0.0393884957	0.2214741957	0.0581031769	0.0719559102	0.0962894146	0.1100790859	-0.0261475943	-0.0341447887	0.0436561702	-0.1205540465	-0.1422813147	-0.0292032962	0.0187561723	0.0753153358	0.008751966	-0.0203762688	-0.1136519988	-0.113236727	-0.0432002818	0.0464674621	0.0066389154	-0.0422462432	0.0258588652	0.1170228858	0.0034708088	-0.1477847801	-0.0496364589	-0.0135955999	-0.0767788647	-0.1248465924	0.0169377717	0.094557237	0.0098155229	0.0204832486	-0.1488853212	-0.0219092129	0.0764074437	0.1734045456	-0.0081630121	0.1218741151	-0.0748920628	0.0315960199	0.0230492221	-0.06941525	0.0908475206	-0.0796476241	0.0178769169291115	-0.0094902327129773	9.006451694646449e-05	0.0003195841588903	0.1433283430192915	0.0346955856519458	0.0205430139126556	0.0012037836637315	0.1208264085369776	-0.0352168431954993	0.0012402260446563	0.0145990209999446	0.0065960143637873	0.0008359843650443	4.3507405487288375e-05	6.988698585986883e-07	7.411922526534553e-05	0.0002677181868619	7.167302757664759e-08	5.4936595539350356e-09	0.0009452655770139	0.0009792094796552	8.935270110874214e-07	9.58851205046674e-07	0.0	0.0	0.0	0.0	0.0	0.0	0.0	0.0	0.0	0.0	0.0
4965.9714387537015	12.06347214417474	145.52736017327987	24660872.330517508	6420.300636544132	3.134953985150787	41220260.26360899	9.8279364890128	5635.6892053222655	-10.477145996093896	31760992.81898591	109.77058822346636	5606.249631097499	4692.94040964164	1.425199	24.114014	0.2232125416886722	0.1511264424431616	-0.0137931476	-0.012377916	-0.0624883597	0.0824321484	0.0384985917	-0.0124761965	-0.0102451147	0.07849067	0.1564089137	-0.0087251044	-0.0391655832	0.0283325293	0.1547136064	-0.02633381	0.138682413	0.1129226722	-0.0188802726	0.2605744389	-0.1054313668	0.1284228874	0.1623423455	0.0133245726	0.0191028655	0.1224744085	-0.023181413	-0.0625097476	-0.0426659536	0.0336878586	-0.1207314991	-0.0500196818	0.0539586019	0.0220596415	0.0846454502	-0.0781052289	-0.0151710035	0.1770480781	0.0112732149	0.0352709867	0.0897488343	0.0040142566	0.167627093	-0.0317297375	0.0671848441	0.0090511464	-0.2384630558	-0.2218708103	-0.0903354949	0.0803895278	0.1121547451	0.0035720052	-0.1380506044	-0.0493865609	-0.0230555068	0.0587363348	0.0453576534	0.0211901479	0.1249537126	0.0434350263	0.0497357355	-0.0866569088	-0.0789725107	0.0173520027	-0.086039348	0.0022844465	0.1655658164	0.0416002556	0.1024621717	-0.0005797174	0.1535007811	-0.0690467684	-0.0886662522	-0.0441495022	-0.0753856037	0.0241016023	-0.0644076431	-0.1582808756	-0.123960347	-0.1194198175	0.1212271833	-0.0213648296	-0.0511293631	0.0109755775	-0.0755688824	0.0338271112	0.0195636596	-0.0662173176	0.0900678015	-0.0829017503	0.0347176592949409	0.0168407423658294	0.0002836106034322	0.0012053158669195	0.1470740519448981	0.0037457089256065	0.0216307767554905	1.4030335355368784e-05	0.2455060420693016	0.124679633532324	0.0155450110177546	0.0602732166925336	0.0065612177698161	-3.4796593971199614e-05	4.304957862295056e-05	1.2108029519965252e-09	-0.0014349653859799	-0.0015090846112452	2.277336363897214e-06	2.0591256589604435e-06	0.0009302176449321	-1.50479320818e-05	8.653048669430225e-07	2.2644025993846566e-10	0.0	0.0	0.0	0.0	0.0	0.0	0.0	0.0	0.0	0.0	0.0
4965.206599256625	-0.7648394970765366	0.5849794562882895	24653276.57330154	6482.790477222165	62.48984067803213	42026572.37156238	3904.9801879658394	5635.414058024088	-0.2751472981772167	31757891.60537552	0.0757060356942222	5608.961790567242	4733.038200228822	1.26355	21.378956	0.1676948350236345	0.0822571929872714	0.0115721232	0.0184834391	-0.0110282322	-0.0881121633	-0.0317342502	-0.0340849993	0.0616619333	-0.0030713768	0.0591567829	-0.079921559	-0.1174600999	0.0385512229	0.2036599746	-0.0315112974	0.1267604825	0.1109654626	-0.1666856139	0.4115124417	0.0117287616	0.0133527915	-0.0256955028	0.1290352144	0.0854246311	-0.0198296004	-0.127328713	0.0424021729	-0.0578732645	0.1285424428	0.0029989449	0.074499499	0.0521598882	0.1203653961	-0.114260959	-0.1187245588	0.1071707709	0.1258464886	0.0011959604	-0.0726271969	0.1941066885	0.0200979935	0.1756237577	0.0418065814	0.1202651855	0.1151801509	-0.4106464632	-0.0210473997	-0.0586456081	0.0797548408	-0.0263648802	0.1526252215	-0.0443104413	-0.09029939	0.1826496848	-0.0028727314	0.1918627396	-0.0063953686	0.0441785996	-0.0096764066	0.0107532527	-0.0398637672	-0.1553736682	0.1006826055	-0.0989982177	-0.1093351168	0.1637577949	0.213130856	-0.0185488809	0.009891133	-0.0799209703	-0.0593587016	0.0382616677	-0.0189459197	-0.1915727569	-0.0982544692	-0.2367228434	-0.3321212635	0.0465412968	-0.1594681721	0.0688295154	-0.3514380642	0.1017306642	0.0940985837	-0.0762327537	0.0360350191	0.0160479313	-0.0628378881	0.0889023983	-0.0856447597	0.0229997657437337	-0.0117178935512072	0.0001373090292774	0.0005289892242666	0.1435167979748115	-0.0035572539700865	0.0205970713009428	1.2654055807696712e-05	0.1912968498658358	-0.0542091922034657	0.0029386365193522	0.0365944847685921	0.0055802044379638	-0.0009810133318523	3.1138681569470884e-05	9.623871572719511e-07	-0.0010450677245543	0.0003898976614256	1.520201863851518e-07	1.0921665489051022e-06	0.0003369187322325	-0.0005932989126996	1.1351423212915506e-07	3.520035998105277e-07	0.0	0.0	0.0	0.0	0.0	0.0	0.0	0.0	0.0	0.0	0.0
4963.337180148866	-1.8694191077593127	3.494727800455627	24634715.96384809	6431.502105914994	-51.28837130717056	41364219.338389	2630.497031342197	5654.093432210287	18.6793741861984	31968772.5401635	348.9190199880152	5638.188741285668	4705.138970418693	1.521314	25.740246	0.1578294994719771	0.0912463189667991	0.0142700606	0.0024366134	0.0086568575	0.0936576212	0.0228761135	0.0697197707	-0.0342053529	-0.0387512498	0.0235828393	0.0482386383	0.0457972599	0.0326348649	0.009142079	0.0257388365	0.0910403427	0.029971843	0.1134737207	0.028417273	-0.0830771006	0.145421274	-0.0130809425	-0.0399466886	-0.0178295548	0.0561114	-0.0449825121	-0.11135525	0.0792025838	0.0064535286	0.0889075829	0.0633893637	-0.0593477343	-0.0769005585	0.1504929694	-0.084657929	0.0966275294	0.005239342	0.0114463424	0.0798455923	0.0028516902	-0.0288737749	0.0686004712	-0.0924314529	0.0015869703	-0.0899314485	-0.0114049578	-0.0919969057	0.013184431	0.0553856413	-0.0361939465	-0.0373991695	-0.0561809298	0.0601851387	0.0268823612	0.1875516076	-0.0483060026	-0.1002261304	0.0422421329	-0.1015476649	0.0616488005	0.0412250229	0.0060011846	-0.0387614076	-0.0647452486	-0.033296757	0.0950691493	-0.1290863242	0.0988072379	-0.0190070345	-0.0290454358	0.0096048239	0.0600635032	-0.0531912294	-0.0612641954	-0.0855936855	0.0446581894	-0.0258242029	-0.1225876639	0.1109083741	0.0392304389	-0.1725079084	0.1021074324	-0.0858457682	-0.0768835629	0.0382182304	0.0125074584	-0.0592862243	0.0873563013	-0.0878597406	0.0257606308912841	0.0027608651475504	7.622376362958493e-06	0.0006636101039169	0.1182126138268131	-0.0253041841479984	0.0139742220677672	0.0006403017353958	0.2606914841323942	0.0693946342665583	0.0048156152649893	0.0679600498991503	0.0046888539512151	-0.0008913504867486	2.198535137582546e-05	7.945056902271435e-07	-0.0010670266814023	-2.195895684800001e-05	4.821957858523266e-10	1.1385459388244057e-06	0.0006310056068332	0.0002940868746007	3.98168075854935e-07	8.648708981240787e-08	0.0	0.0	0.0	0.0	0.0	0.0	0.0	0.0	0.0	1.0	0.0
4951.691874840097	-11.645305308768911	135.6131357344414	24519252.42335743	6486.023912846647	54.52180693165337	42068506.198018536	2972.627431092486	5643.580885823568	-10.512546386718896	31850005.214833125	110.5136315329165	5630.256555064952	4722.292155670963	1.15836	19.599169	0.0742416930700336	0.0350563366524618	-0.0033462559	-0.0161350572	-0.0506701515	-0.1109669341	-0.044869943	-0.0700658825	0.0596920071	-0.0093455196	0.0096348285	-0.0853743695	-0.0398165702	-0.0333801421	-0.0381258907	0.047377428	-0.0050517942	-0.1069998694	0.0259586651	0.0871928244	-0.0328567962	0.0440817608	-0.1285000942	-0.0644109529	0.0887564685	-0.0415761437	-0.0773790001	-0.015425746	0.0568296044	0.0387110219	0.0681934254	0.0096797753	-0.1149464324	-0.0048799626	0.088777735	-0.0736714395	-0.0352396896	0.0171772524	-0.042022263	-0.0599599456	0.0398704044	-0.0033774736	-0.1219701701	0.0150239729	-0.0189893336	-0.052093155	-0.0690476506	-0.0366474408	0.0024196153	-0.0423219563	-0.1443307139	0.0488854161	-0.046039094	0.0400544546	0.1010835795	0.0642598967	-0.0117406717	-0.0151899377	0.0165451563	-0.0816778301	0.0452916878	0.0110162251	0.048899487	-0.0287639283	-0.1178738855	-0.0842508403	-0.0467455793	-0.0325988511	-0.0092457975	0.1785498158	-0.0768637331	-0.0052789566	0.0064964595	-0.0760022566	-0.0332508134	0.1041637833	-0.0476099679	-0.0742417973	-0.0008686027	0.1088525903	-0.0506022621	-0.0778660471	0.0441915646	0.002216927	-0.0775211985	0.0403752488	0.0089476998	-0.0555720611	0.0854361313	-0.089533037	0.031620067411282	0.0058594365199979	3.433299633188512e-05	0.000999828663094	0.1033050480951089	-0.0149075657317041	0.0106719329619327	0.000222235516045	0.2752526066546608	0.0145611225222666	0.0002120262891084	0.0757639974701854	0.0052583489899361	0.0005694950387209	2.7650234099962e-05	3.243245991278324e-07	-0.0009231773786866	0.0001438493027156	2.069262189179309e-08	8.522564725186621e-07	0.0006959326313178	6.49270244846e-05	4.84322227332917e-07	4.2155185084238476e-09	0.0	0.0	0.0	0.0	0.0	0.0	0.0	0.0	0.0	0.0	0.0
4947.546039779222	-4.14583506087456	17.18794835197677	24478211.815735064	6401.896595127535	-84.1273177191124	40984280.01470552	7077.405586612483	5638.150873209635	-5.4300126139323766	31788745.26907457	29.48503698746472	5621.0147712994485	4693.357853010589	1.087242	18.395861	0.1277101894871152	0.0623200304860701	0.0053786865	-0.025461954	0.0624832141	0.0211106044	0.0490450824	0.041182138	-0.017554936	-0.093205424	0.0482911076	0.0777573897	-0.0818070218	-0.0553787553	-0.0097178169	0.002470496	-0.0567966108	0.0693305931	0.0843483845	-0.0117362578	-0.0184894518	0.1006703335	-0.1179983165	-0.0600536562	0.0645366148	-0.0597070994	0.0252126279	0.0254626787	0.1479169149	0.005665742	-0.0410739296	0.0551668257	-0.0328919823	0.0237015994	-0.0549560922	-0.018242696	-0.0015576377	0.0492359879	0.1023377701	0.0117925713	-0.0088134167	0.0150966999	0.0128408097	-0.0684837577	-0.0456178499	0.060457088	0.0539832619	-0.0448067859	0.0243795978	-0.0073869261	-0.187111672	0.0635455289	-0.0532949248	0.0050316673	-0.0031200425	0.1006362424	-0.0870266132	-0.0456300882	-0.0320549822	-0.1007873454	0.0185221468	0.0551792048	-0.0231538302	-0.033507489	-0.0162526371	-0.0385687872	0.044474667	-0.1468455965	-0.0487376671	-0.0268789431	-0.1182162899	0.0503618472	0.0393581623	-0.0024027709	0.0273535945	0.0490597554	0.0532608307	-0.0613485872	-0.0341848725	0.0518572488	-0.0523626824	-0.1977556424	0.0981702292	0.0427034791	-0.0781455512	0.042504596	0.0053741445	-0.0517055788	0.0831501106	-0.0906543325	0.0292883590443011	-0.0023317083669809	5.436863908648746e-06	0.0008578079755078	0.0810177636827944	-0.0222872844123145	0.0065638780321611	0.0004967230464753	0.2319928963933009	-0.0432597102613598	0.0018714025318968	0.0538207039769528	0.0048561035734341	-0.0004022454165019	2.358174191591944e-05	1.61801375096867e-07	-0.0003548614498332	0.0005683159288534	3.229829949885028e-07	1.259266485777207e-07	0.000469864247744	-0.0002260683835738	2.2077241130803507e-07	5.110691405167077e-08	0.0	0.0	0.0	0.0	0.0	0.0	0.0	0.0	0.0	0.0	0.0
4959.027782580703	11.481742801481232	131.8304177593661	24591956.548407286	6438.616881920012	36.720286792477054	41455787.35214538	1348.3794621217648	5650.31873819987	12.167864990234191	31926101.84325257	148.05693842056695	5634.033218007762	4714.536013983434	1.06759	18.063351	0.2211751101951344	0.1052334784672047	0.0212223515	0.0108669074	-0.0128699677	-0.077230396	-0.0203352383	-0.0554057521	0.0538413568	0.0543589353	0.0154273151	-0.074214756	0.0809721339	0.0013483507	-0.0157553199	-0.0019035887	-0.0961949071	-0.0806413412	0.0031832951	-0.0317611667	0.0312186087	0.0545926488	0.0520658035	0.0083395089	0.0287409543	0.0075448379	0.0419885787	-0.0367003106	0.007060692	0.0259917017	0.0286303081	0.1261099304	0.0744331935	-0.0333539094	0.0316688308	-0.0130429094	-0.0436311275	0.0035324942	-0.1143044845	0.0182629627	-0.0207054975	0.0191667869	-0.0619760982	0.0660643681	-0.0555019297	0.0258033354	0.0493874099	-0.0218111616	0.0639177021	0.0359572689	0.0544471514	0.011452392	-0.0150259311	0.0467652213	-0.0183825698	0.0547093922	0.0515298803	-0.0409195512	-0.0176199947	-0.0252067287	-0.0769243567	0.0509652171	0.0091699023	-0.0313548152	0.0590894682	0.0533218384	-0.1406716834	-0.0733657094	-0.0249997487	0.157611785	-0.096435379	-0.0663086691	0.0612292706	0.0269503846	0.0080816051	-0.0899409653	0.0569030506	-0.1173112091	0.0103224267	0.0425581531	0.0155576311	-0.0706122507	0.132454448	0.0195166638	-0.0787565141	0.0446048127	0.0017923027	-0.047697375	0.0805080284	-0.0912167139	0.0399514797916253	0.0106631207473241	0.000113702144072	0.0015961207375406	0.0779132591235622	-0.0031045045592321	0.0060704759472553	9.637948558293493e-06	0.1856847760162878	-0.046308120377013	0.0021444420128519	0.0344788360442189	0.0037547154713646	-0.0011013881020695	1.4097888270904692e-05	1.2130557513802553e-06	0.0007459707221	0.0011008321719332	1.2118314707631663e-06	5.564723182303954e-07	-0.0005499027684846	-0.0010197670162286	3.023930547870276e-07	1.0399247673877818e-06	0.0	0.0	0.0	0.0	0.0	0.0	0.0	0.0	0.0	0.0	0.0
4960.539309918459	1.5115273377559788	2.284714892783677	24606950.245246302	6391.838981173686	-46.77790074632594	40855605.56125147	2188.171998233121	5661.879104003906	11.560365804036335	32056874.988356072	133.6420575231327	5648.046965246535	4674.732053071066	1.056006	17.867355	0.1508440792382587	0.0793144930566998	0.0299605497	-0.0041023911	0.0980356365	0.0498171049	0.055374642	0.0755176321	-0.0356800901	0.0410285969	-0.1162772615	0.067291326	0.0312041	0.0087742384	-0.05331934	-0.0411711143	-0.0742341203	0.1217191222	0.0051182004	-0.0424357934	-0.0188324319	-0.0475215764	0.0788862484	0.0251440233	-0.1094945678	-0.0690351628	0.0257576717	-0.0441229424	0.1462725679	0.0505452768	-0.0594877451	0.0922018515	0.0381256393	-0.0871593897	0.0391938241	-0.0263893122	0.0569388676	-0.1203670416	0.0411152985	-0.0117796942	-0.1166100212	0.0021049605	0.0694370936	-0.0035454724	-0.0035159429	0.0999801809	0.070517113	0.0159226232	0.0078402014	-0.0279396212	0.0969608069	0.0084888082	0.1249230486	-0.0336302195	-0.0522375036	0.1042319247	0.0700039116	-0.0204740582	-0.0085851419	-0.214047132	-0.1066560304	0.0110209762	0.1163968987	-0.0679872391	0.100245443	-0.0424559103	-0.1136046215	-0.0954542711	-0.0286384917	-0.0624533543	-0.0959076797	-0.0172882128	0.1036211693	-0.0073139827	-0.0009123069	0.0120767454	0.0478778195	-0.0388895112	-0.0236370652	0.0262526867	0.0248225546	-0.1093234641	0.1077049738	0.0675432073	-0.0793539824	0.0466744595	-0.0017923027	-0.0435584361	0.0775211985	-0.0912167139	0.0350554116126318	-0.0048960681789934	2.3971483613352697e-05	0.001228881883331	0.1172024791523966	0.0392892200288343	0.0137364211194679	0.0015436428104741	0.185748690662912	6.391464662419688e-05	4.085082053095962e-09	0.0345025760829861	0.0047229627606996	0.000968247289335	2.230637723895519e-05	9.375028133045756e-07	0.0012707177591164	0.0005247470370163	2.7535945285749097e-07	1.6147236233338051e-06	8.900043284013363e-05	0.0006389032013247	7.921077045731137e-09	4.081973006629931e-07	0.0	0.0	0.0	0.0	0.0	0.0	0.0	0.0	0.0	0.0	0.0
4970.562622742203	10.023312823743254	100.46679996261597	24706492.786601845	6471.464665090801	79.62568391711466	41879854.91151879	6340.249539268251	5654.999304199218	-6.879799804687536	31979017.130493645	47.33164535257866	5641.875712155987	4701.370651045656	1.168214	19.76589	0.2190394938915524	0.1241424242910648	0.0494682312	0.0263952407	-0.0461863616	0.023244545	-0.0463623258	-0.0061188631	0.0326406695	0.1210945107	0.0149444728	0.008036435	0.1229407019	0.0215903416	-0.0776058033	0.0424972783	-0.0105012173	-0.0507963867	0.0521581763	0.0672986369	-0.0399191102	0.0187120881	-0.0162664006	-0.1414047846	0.001765687	0.0410777524	0.0419485135	-0.0248295285	0.0672653424	0.0118137003	0.1025317158	0.0901601665	-0.0490921886	0.04590357	-0.0318325704	-0.010941829	-0.0299581262	-0.0406771237	-0.0723149963	0.0958921433	-0.0428527652	-0.0288434696	-0.0719167495	-0.0029040596	-0.0242845279	-0.0579801133	-0.0131992237	-0.117490959	0.0018278864	-0.0714860454	-0.0065969502	-0.0422102295	-0.0835108202	0.0594075484	-0.031485576	0.0418154014	0.0696435688	-0.0731360365	0.0234063496	-0.0769554446	0.0121208028	0.0415209414	0.0544853475	-0.0688449206	-0.0187228744	0.0111154486	-0.0283425786	-0.0456762176	0.0806991932	0.1009384065	0.0446765635	-0.0518620881	0.0247665643	-0.0854284544	0.0393533682	0.0747699224	0.0044627553	-0.0750904506	0.0214751332	-0.0147467476	0.049077242	0.010507048	0.0247935585	-0.0216166354	-0.0799378539	0.0487121179	-0.0053741445	-0.0393001065	0.0742024108	-0.0906543325	0.0299509850887602	-0.0051044265238716	2.605517013760392e-05	0.0008970615077871	0.1185985878376243	0.0013961086852277	0.0140656250370786	1.94911946096822e-06	0.2463214151157018	0.0605727244527898	0.0036690549476335	0.0606742395446018	0.0050413078530503	0.0003183450923506	2.5414784869226626e-05	1.0134359782377533e-07	-0.0006211901373966	-0.001891907896513	3.5793154888882445e-06	3.8587718679880683e-07	0.0009180721285697	0.0008290716957295	8.428564332564998e-07	6.873598766598988e-07	0.0	0.0	0.0	0.0	0.0	0.0	0.0	0.0	0.0	0.0	0.0
4965.433302656701	-5.129320085501604	26.309924539530183	24655527.883132234	6485.458217999793	13.99355290899257	42061168.29742105	195.8195230167744	5655.672466227214	0.673162027995204	31986631.04524061	0.4531471159346157	5641.282780391233	4713.737519307853	1.005924	17.019985	0.0782054781584709	0.0372043319718053	0.0563602235	0.0249701258	0.0587718227	-0.0444917958	-0.0514993113	0.0779687229	0.0557753505	-0.0561778462	-0.0924568329	-0.044104636	-0.0084142904	-0.0008785688	0.036220598	0.0786819484	0.0244101878	0.0045760348	0.0324789392	0.002267702	-0.0032148376	0.0196475889	-0.1574655275	0.0194555588	0.0364787037	0.0021274467	0.0557711687	-0.0721618572	0.0395323393	-0.0318990688	0.0263313366	-0.0030613391	0.0075958374	-0.063793592	-0.0105574239	-0.0739980091	0.0794378601	-0.0788188025	-0.030668811	-0.0467277713	0.0703811203	-0.0064884481	-0.0075157405	-0.0734622205	-0.0400463447	-0.01170877	-0.0493933824	0.0732061294	0.0088418869	0.0168687836	-0.0964147759	-0.015066287	-0.0292618778	0.0820157921	-0.020603719	0.0729681127	-0.0338695306	0.0404728574	0.0128228996	-0.0470442937	0.0614597868	0.086894454	-0.0030829402	-0.031776737	-0.0463418196	-0.0811445567	-0.0508848036	-0.001888886	-0.0488348806	-0.022655961	-0.0768610855	0.0833107833	-0.0166600552	-0.0059008086	0.0711568451	0.0578307484	0.0391414372	-0.0495848153	-0.0268151105	-0.0035689938	0.0405456105	-0.0069335949	-0.0251780347	0.0599907564	-0.0805080284	0.0507163915	-0.0089476998	-0.034934058	0.0705658771	-0.089533037	0.0131558505585047	-0.0167951345302555	0.0002820765438893	0.0001730764039177	0.1126323618485685	-0.0059662259890558	0.0126860489355868	3.5595852552484875e-05	0.2745687060632065	0.0282472909475046	0.0007979094458729	0.0753879743492234	0.0048979842098524	-0.0001433236431978	2.3990249319963443e-05	2.054166669951876e-08	-0.0008398112832392	-0.0002186211458425	4.779520540953135e-08	7.052829914558718e-07	0.0011000638733623	0.0001819917447926	1.2101405254768666e-06	3.3120995172654866e-08	0.0	0.0	0.0	0.0	0.0	0.0	0.0	0.0	0.0	0.0	0.0
4962.450646761105	-2.982655895595599	8.896236191531184	24625916.421539716	6483.361684634985	-2.096533364808238	42033978.73379299	4.395452149754152	5648.850082600911	-6.822383626302326	31909507.255700324	46.54491834443808	5636.586276953632	4701.0285340352775	0.993041	16.802006	0.0578225307530608	0.0282296853590915	0.0632155608	0.0223813804	-0.0733404972	0.0770487552	-0.0619181225	0.0410256724	-0.0371728608	0.0551750057	0.0048599576	0.0450462168	0.0641906549	-0.0209170116	-0.0133628221	0.0278768955	0.0703778082	0.0011717975	0.0323445336	-0.0130904546	-0.052936981	0.018088824	0.0796005108	-0.0775182216	0.0181921047	-0.0751576642	-0.0261495399	-0.084897221	-0.0148211879	-0.040488922	0.0007503365	0.0074518954	-0.066649228	0.0049500593	0.1331433615	-0.0267133132	-0.0503067536	-0.036972524	-0.0029096022	0.0809606156	-0.0119099101	0.0123927731	-0.0125267716	-0.0531473834	0.0184547034	-0.0812039737	0.0118886349	-0.0909871232	-0.0260929748	0.0053724329	0.0173205992	-0.0158728449	0.0265077276	0.0417474783	0.0109527727	0.0306824667	-0.0183513175	0.0487198651	0.0983326712	0.0329962581	0.0623829788	0.0767421311	0.0618096605	-0.0590606131	-0.0067261715	0.039261167	0.0269665088	-0.0798637344	0.051643506	0.0482424908	0.0744017014	0.0013105898	0.0255738612	-0.0625865589	0.0155369324	-0.0105572933	0.0484204788	0.0036886239	-0.0371519359	-0.0448965612	0.0444932546	-0.0728771541	-0.0275414967	0.0383327432	-0.0810644083	0.0526859066	-0.0125074584	-0.0304722578	0.0666271694	-0.0878597406	0.0080466875242279	-0.0051091630342768	2.610354691082052e-05	6.474918011256492e-05	0.106168054033418	-0.0064643078151504	0.0112716556972427	4.178727552901572e-05	0.2986151993261501	0.0240464932629436	0.0005782338382447	0.0891710372685963	0.005137021855449	0.0002390376455965	2.6388993543360687e-05	5.7138996012365614e-08	-0.0007917767637961	4.803451944309994e-05	2.307315058129546e-09	6.269104436874252e-07	0.0012570430411364	0.000156979167774	1.5801572072694492e-06	2.4642459115049025e-08	0.0	0.0	0.0	0.0	0.0	0.0	0.0	0.0	0.0	0.0	0.0
4953.627850562607	-8.822796198498509	77.84173276023974	24538428.881869517	6401.467971498603	-81.89371313638185	40978792.19012244	6706.580251264001	5645.363387858073	-3.4866947428381536	31870127.78096838	12.157040229735218	5627.651044199903	4678.69101575465	1.063309	17.990927	0.0595542026823896	0.0311074651539339	0.017812015	-0.0295688842	0.0587832294	-0.0690226907	0.0212323651	0.0034275468	0.0976860165	-0.0421619064	-0.0439136088	-0.0835013366	-0.0045818838	-0.0191115394	-0.0496732804	0.0774033516	-0.021879222	-0.0453480972	0.0418781288	0.046068325	0.0118109927	-0.0797262282	-0.1172181231	-0.0254366855	0.0041225302	-0.0566544114	-0.0717234719	-0.0403040736	0.0421389878	0.0234200643	-0.0288994004	0.0035892995	-0.0298404406	0.0115781424	-0.0603466227	0.085056524	-0.1075328793	-0.0342893668	-0.0532732109	-0.0771034436	-0.0009209169	-0.0137965458	-0.0899587573	-0.0315363401	-0.0567641562	-0.0278736798	-0.0639597282	0.0619640043	0.0081546238	-0.0798176874	-0.0578503252	0.0172716764	0.0581302872	0.0216472009	0.0709828492	0.0146918817	-0.0354312974	0.0503941857	0.0530888584	-0.0231063669	0.044591966	0.0426282102	0.0572668329	-0.0460954202	-0.0718473044	-0.0758002429	-0.105270933	0.0423540636	-0.0075254575	0.0252185962	-0.0570078012	0.0502762836	-0.0501376716	-0.0587776428	0.0608889619	0.0301658393	-0.000142801	0.0463983463	0.0340809795	-0.0336741495	0.0184576185	-0.0513263691	-0.0607362062	0.0071991135	-0.0816068982	0.0546193134	-0.0160479313	-0.0259269352	0.062403154	-0.0856447597	0.0056751732648194	-0.0023715142594084	5.624079882577841e-06	3.220759158572089e-05	0.1147602363879798	0.0085921823545618	0.013169911855825	7.382559761404316e-05	0.2984127854145058	-0.0002024139116443	4.0971391627157824e-08	0.0890501904988438	0.0055219943827395	0.0003849725272905	3.0492421963006595e-05	1.4820384676843498e-07	-0.000571034052516	0.0002207427112801	4.8727344583289606e-08	3.260798891328459e-07	0.0016190896457013	0.0003620466045648	2.6214512808171607e-06	1.3107774387697297e-07	0.0	0.0	0.0	0.0	0.0	0.0	0.0	0.0	0.0	0.0	0.0
4953.031792213642	-0.5960583489650162	0.355285555370901	24532523.93467908	6490.41208512262	88.94411362401661	42125449.03470575	7911.055348361977	5644.162513020833	-1.2008748372400078	31856570.473389644	1.442100374716215	5629.005220999514	4692.403351727654	1.040885	17.611509	0.0783985693663746	0.0462825559385795	0.0421895532	-0.0106670311	-0.0940288771	0.0705249166	-0.0811101574	0.0256041887	-0.1001513234	-0.0193975992	0.0151475586	0.0813029011	0.0045992124	-0.0253729305	0.0294330274	0.0262705557	0.0065550257	0.0051775519	8.95648e-05	-0.036002609	-0.0114220576	0.0636228948	-0.0698280357	-0.0738574488	0.03428464	-0.0473966424	-0.0457685626	-0.0617498932	0.0493317146	-0.0209874299	-0.0584289495	0.0169484093	-0.0291556616	-0.0291675768	-0.0680854962	0.0432021709	-0.0521713881	-0.0074123606	0.0544863161	0.0755959803	0.0356404092	0.0335532375	-0.0223678367	-0.0327773079	0.0211929053	-0.0047876906	0.058020537	-0.0426432853	0.0060870614	0.0183019498	-0.0860773682	0.0017672895	0.0221980224	0.065786279	0.0338551486	0.0461141584	-0.046321535	0.0713916527	0.0708027743	-0.0319451447	0.0679684665	0.087555909	0.0286254071	-0.0490580286	-0.0131639664	0.0026543608	0.0862583209	-0.0506713035	0.0005666862	0.0010871134	-0.0175761494	0.0077232612	0.0317154412	-0.0227865027	0.1285108318	0.0625606109	0.0033027805	0.0426078987	0.0219817281	-0.0115080699	0.039084141	-0.0022108861	-0.0247766506	0.0362716082	-0.0821354052	0.0565152869	-0.0195636596	-0.0213105486	0.0579119187	-0.0829017503	0.0030663397284342	-0.0026088335363852	6.8060124205681095e-06	9.402439330173924e-06	0.1165462296138599	0.00178599322588	0.0135830236372065	3.189771802889577e-06	0.3122319480528901	0.0138191626383843	0.0001909692560261	0.0974887893849026	0.0048559155967788	-0.0006660787859607	2.3579916283039605e-05	4.436609491068809e-07	-0.0010995550555421	-0.0005285210030261	2.793344506397149e-07	1.209021320168191e-06	0.001628181456029	9.09181032770004e-06	2.6509748537567145e-06	8.26610150348731e-11	0.0	0.0	0.0	0.0	0.0	0.0	0.0	0.0	0.0	0.0	0.0
4949.704021402068	-3.327770811573828	11.074058574362732	24499569.899483804	6395.535834508227	-94.87625061439304	40902878.61047884	9001.502930645114	5637.44803914388	-6.71447387695298	31780820.39404718	45.084159444283976	5618.57975640402	4649.93833953259	0.980522	16.590185	0.0492764611467705	0.0237581948153828	0.0201851084	-0.0284893837	0.0684067132	-0.0057921436	0.0193679988	0.0484158898	0.0582055201	-0.0343215238	0.0197410152	-0.0858963105	0.0136972072	-0.0449574907	-0.0528859778	0.0666712438	-0.0127054457	0.018744204	0.1337426981	-0.0012799443	-0.0548332949	-0.0529425733	-0.0769139133	0.0627718591	0.0940893108	0.0366115013	0.0064104145	-0.0162258493	-0.0813425314	-0.0100511623	-0.1177095375	0.0454745456	-0.1035718875	0.0281061068	0.0597631797	0.0860289299	-0.0096894229	0.0232880574	-0.0759207127	-0.0355253648	-0.0296297648	-0.0094099121	-0.0592703034	-0.1002497489	-0.118184207	-0.040717332	-0.0019166163	0.0070023073	0.0011896579	0.0042433474	-0.0548629962	0.0818759008	-0.0368188658	0.013163349	-0.0529866958	-0.0467452861	-0.0929804299	0.0170094851	0.1409500907	0.0189517651	0.0811841176	0.0663077643	0.0212462313	-0.0150319638	-0.0957664253	-0.0093174908	-0.1114798728	-0.0190531829	0.0325845999	0.0076019815	-0.0050385266	0.060931774	-0.0012353065	-0.0246244327	0.0111165216	-0.0451117806	0.0911993847	0.0297270535	-0.0398383474	0.0150427943	0.0489969415	0.0346678214	-0.0474754051	0.0572604452	-0.0826498387	0.0583725276	-0.0230492221	-0.0166357513	0.0531726956	-0.0796476241	2.700930173205052e-05	-0.0030393304267021	9.23752944267747e-06	7.295023800529473e-10	0.1092643071361578	-0.007281922477702	0.0119386888139446	5.302639497126304e-05	0.3250663503285764	0.0128344022756862	0.0001647218817741	0.1056681321159407	0.0052169876159108	0.000361072019132	2.721695978456665e-05	1.3037300300005957e-07	-0.0010858755677756	1.3679487766500098e-05	1.8712838555382582e-10	1.1791257486919815e-06	0.0017758460684641	0.0001476646124351	3.1536292588794013e-06	2.1804837765608312e-08	0.0	0.0	0.0	0.0	0.0	0.0	0.0	0.0	0.0	0.0	0.0
4955.728233123974	6.0242117219058855	36.29112687034827	24559242.320582066	6402.655473923841	7.119639415614074	40993997.11776693	50.68926540836552	5641.941811930338	4.4937727864580665	31831507.409207787	20.193993856311096	5625.337388410952	4665.423796859442	0.968189	16.381508	0.0810478082948839	0.0416738657637121	0.028969209	-0.0080676382	-0.040624633	0.0854338104	-0.0015649506	0.0515456878	-0.0510857988	0.1052751506	-0.0181082326	0.0786225924	-0.0170139265	-0.0421111517	-0.0520150312	0.0203289348	-0.0180046266	0.0278694222	0.09576012	0.0946226905	-0.0730469128	-0.0212558944	0.0400644408	-0.1071466695	-0.0412166946	-0.0260586091	0.0209747326	0.04040094	-0.0301451669	-0.0716388437	-0.0247493167	0.0133908567	0.1110201464	-0.111909687	0.0565944239	0.0206529676	0.0953657357	-0.0363332652	0.0817709367	0.0136473252	-0.070683314	0.0055766663	-0.0065586644	-0.0595013536	-0.0261092272	0.006053912	-0.0351157124	-0.1225299397	0.006697843	-0.1061045038	-0.0201712293	-0.056553397	0.0620163364	0.11223853	0.002366053	-0.0575666281	0.0336188834	0.009900117	-0.0341556982	-0.0325447127	0.0478159788	0.0436547992	0.0925385197	-0.0624770128	-0.0002167235	-0.0740473525	0.0610524236	-0.0322996723	0.0201381105	0.001282938	0.0265483674	0.0009174036	0.0077784645	-0.051822864	0.0787044348	0.0336354475	-0.0176393837	0.0608975391	0.0520906222	-0.0049247613	0.0630468938	-0.0199368862	0.0123748848	-0.0181207564	-0.0831501106	0.0601897627	-0.0264992443	-0.0119153566	0.0482057789	-0.0759024438	0.0099730272481934	0.0099460179464613	9.892327299133124e-05	9.946127249320804e-05	0.1184410218856157	0.0091767147494579	0.0140282756653088	8.421209359291819e-05	0.3197246707721817	-0.0053416795563946	2.853354048320504e-05	0.1022238651003799	0.0058607188755707	0.0006437312596599	3.434802573847069e-05	4.143899346633218e-07	-0.0014402022348714	-0.0003543266670957	1.255473870152178e-07	2.074182477328575e-06	0.0016422360743684	-0.0001336099940957	2.696939323956933e-06	1.7851630522253014e-08	0.0	0.0	0.0	0.0	0.0	0.0	0.0	0.0	0.0	0.0	0.0
4969.91673423245	14.188501108475975	201.313563705224	24700072.34520374	6445.0633949128205	42.40792098897964	41538842.16444517	1798.43176260754	5649.790081380208	7.848269449869804	31920127.963662177	61.59533335775967	5631.972528638234	4699.144600363339	0.973778	16.476076	0.1274828123502706	0.0593828168707841	0.0365994258	0.0336225346	0.0434608484	-0.0537452629	-0.0391273162	0.0519783689	0.0885700989	0.0271496992	0.0222769202	-0.0262168826	0.1139456085	0.0414091156	-0.0139728534	0.039674625	-0.0116654358	-0.0699638685	0.0538283994	0.0609876916	-0.0188778779	0.0196044561	-0.1135089795	-0.0852887745	-0.0827844088	0.0201206691	-0.0107175283	0.0425796099	0.009883375	-0.027118573	-0.0181679022	0.0262522196	0.1119627102	0.0318269868	-0.0019403666	-0.0126590287	0.0475733344	-0.0119349947	-0.0944168226	0.0689857314	-0.0034995668	-0.0421313377	-0.033482589	-0.002251747	-0.0380987692	-0.0383939016	-0.0525814779	0.0289668053	0.0124542564	-0.0672803289	-0.0876964708	-0.0805108721	0.0160110851	0.0279654698	0.0446310666	-0.0017419308	0.0419951357	-0.044402434	-0.0176170416	-0.0665041367	0.0386013568	0.0947346541	-0.0096428428	-0.0567606887	-0.0745081349	0.0187116553	-0.0475227936	0.0421464217	0.08564884	0.0361505868	-0.0483839995	0.0261048019	-0.054231327	-0.0344962424	0.1065826305	0.0200427486	0.0141739125	0.0586740936	0.0819023024	0.0031856287	0.0019508091	-0.066668799	-0.033233376	0.0257849087	-0.0836361352	0.0619657467	-0.0299084066	-0.0071623028	0.0430324377	-0.0716892996	0.0009231377396616	-0.0090498895085318	8.190050011663395e-05	8.52183286387528e-07	0.1147000083901161	-0.0037410134954996	0.0131560919246927	1.3995181973510144e-05	0.2857026087337075	-0.0340220620384741	0.0011575007053497	0.0816259806372459	0.0051749752783839	-0.0006857435971868	2.6780369131884525e-05	4.702442810826922e-07	-0.0009192062412579	0.0005209959936134	2.71436825361318e-07	8.449401139674768e-07	0.0020488934297234	0.000406657355355	4.197964286363717e-06	1.6537020466432286e-07	0.0	0.0	0.0	0.0	0.0	0.0	0.0	0.0	0.0	0.0	0.0
4971.333907984714	1.4171737522638068	2.0083814441054777	24714160.824678566	6461.282562862169	16.219167949348048	41748172.35714671	263.06140896915895	5655.327801513672	5.537720133464063	31982732.542573463	30.66634427657324	5641.641314990171	4708.052468991747	0.954786	16.154734	0.0722008496540878	0.0406468416238265	0.0621879855	0.0598399848	-0.0430241476	0.0655077785	-0.0717588286	0.0685521795	-0.0314225611	0.0326799822	-0.1343857291	0.0209752712	-0.0066763069	0.0251093638	0.003490829	0.0771163056	0.0444923746	-0.0048637553	0.0229930811	-0.0422556695	-0.0837224185	0.0311714637	0.036426844	-0.0881461123	-0.0675293885	-0.0459028529	-0.0024237703	0.0049589837	-0.0063265208	0.0692022736	0.0519465072	-0.1140494707	0.0261096463	-0.0625410314	0.0021756941	0.0843229735	-0.0064738939	-0.1352752894	0.0260248687	-0.0178676735	0.0571678882	-0.0182650714	-0.0118097539	-0.0762833815	0.008978581	-0.0553895355	0.0163004786	-0.0599190686	-0.0346317881	0.0095153033	-0.0011734251	-0.0732505236	0.0629342454	0.0328167242	-0.0180603045	0.021820003	0.0659950281	0.081149522	-0.0687584385	0.0238081512	0.0591674453	0.1256158495	0.0023330765	-0.0437421185	0.0151766475	-0.1219554244	0.0274247264	-0.0092868598	0.0019675479	0.0201508234	0.0545536886	0.0134767459	0.0348136944	-0.0059002061	0.0486760741	-0.0031406211	0.0577278452	0.0604703724	0.0042952367	-0.0222359237	0.0029281079	0.0124817987	-0.0273644118	0.0454212451	-0.0841078291	0.0636992625	-0.0332714524	-0.0023896175	0.037674825	-0.0670341672	-0.0087980767420248	-0.0097212144816864	9.450201099894938e-05	7.740615435855771e-05	0.113985094655149	-0.000714913734967	0.0129926018035432	5.11101648444607e-07	0.2859334127711719	0.0002308040374643	5.32705037098653e-08	0.0817579165389693	0.0045873699080714	-0.0005876053703125	2.1043962673479006e-05	3.4528007122009026e-07	-0.0014156467591319	-0.0004964405178739	2.464531877870052e-07	2.0040557466406515e-06	0.0019022609699105	-0.0001466324598129	3.618596797644836e-06	2.1501078270781753e-08	0.0	0.0	0.0	0.0	0.0	0.0	0.0	0.0	0.0	0.0	0.0
4952.8045933606645	-18.52931462404922	343.3355004370043	24530273.3400145	6394.948198533216	-66.33436432895269	40895362.46192322	4400.247890926231	5645.228939615886	-10.098861897786264	31868609.7806767	101.9870116305592	5626.625867000041	4686.996065925149	1.066138	18.038795	0.0904654344844526	0.0496301376410201	0.0262394508	0.01374048	0.0790629617	-0.0549729296	0.0127850659	0.0399126869	0.0959881569	-0.044947003	0.0291414965	0.0489089571	0.0798439117	0.0175704504	-0.0578042803	0.0467251601	0.0597091232	-0.0351698369	0.0430381717	-0.0200582939	-0.0579162427	-0.0923791085	-0.0522228938	0.0290783752	-0.0393437072	0.0479269925	-0.0316439108	0.0183583945	-0.1260291063	0.0414053678	-0.0640433018	-0.0291646454	-0.0272554093	0.0290374654	0.0238121091	0.0044476015	0.1109609268	-0.0094043328	-0.01202444	0.0904583679	-0.0358369252	-0.0595584009	-0.0536626682	-0.0445502719	-0.0382102437	-0.095406457	-0.0421854086	0.0899972908	-0.0549427055	-0.0337459491	-0.0430477548	-0.0184403875	0.0261357698	-0.0653474731	-0.008679291	-0.041074496	0.0179696878	0.0434742308	0.0889265077	0.0935600683	0.0657758237	0.0593581151	0.0745505087	-0.0836212036	-0.058825032	0.0297875298	-0.0384663285	0.0368335524	0.1226497967	0.014945204	-0.0473254931	0.0643434917	0.0009590933	-0.0049074611	-0.0058545594	-0.0010215655	0.0424598192	0.0678424136	-0.0067110757	-0.0399947987	0.0032958309	0.0339615706	-0.0488371072	-0.0277631301	-0.0845651116	0.0653891221	-0.036583196	0.0023896175	0.0321558829	-0.0619657467	-0.0105348838562946	-0.0017368071142698	3.0164989521781906e-06	0.0001109837778656	0.1151019115281002	0.0011168168729512	0.0132484500374226	1.2472799277085058e-06	0.3206271661632485	0.0346937533920765	0.0012036565244302	0.1028017796818753	0.005280263303496	0.0006928933954246	2.788118055424649e-05	4.801012574230313e-07	-0.0011980976081367	0.0002175491509951	4.732763309873228e-08	1.4354378786228816e-06	0.0020501795655938	0.0001479185956833	4.203236251178383e-06	2.1879910948919615e-08	0.0	0.0	0.0	0.0	0.0	0.0	0.0	0.0	0.0	0.0	0.0
4950.396538576447	-2.408054784217711	5.798727843793808	24506425.889149666	6528.863655545064	133.91545701184805	42626060.63269725	17933.34962669212	5641.610317789714	-3.618621826171875	31827766.97779136	13.094423920847476	5629.633913824376	4734.942810856439	1.109809	18.777689	0.1459295456447114	0.0694051992184499	0.0478512273	0.037484327	-0.1092596014	-0.0175939663	-0.1301431313	-0.0036112709	-0.0944009351	-0.0429773102	-0.0629532656	-0.0415669706	-0.0406216222	-0.0266520298	-0.0212345865	0.0965332664	-0.023962961	-0.0984081807	0.0215525303	-0.0399448638	-0.0324775275	0.0076861645	-0.1233482562	-0.1105816669	0.02468251	-0.0689637171	0.0090480882	0.0033959297	-0.0241876716	0.0318422303	0.0119142812	-0.0234136419	-0.0762708377	0.0342747165	-0.0646305044	0.0326757238	-0.04775117	-0.0617228645	-0.0154340892	-0.0484045528	0.0876367684	0.0120580038	-0.1395857931	-0.0335712958	0.0206895756	-0.0275731313	0.0596852476	-0.0294325052	0.0265365639	-0.0651545856	-0.142078583	0.0132180088	0.017685679	0.0574472331	-0.0125462882	0.0037842499	0.0386102253	0.0547096388	0.0249367423	0.0220119827	0.0215702859	0.0816562114	0.0210917383	-0.0447509318	-0.0250609214	-0.1025054184	-0.039295389	-0.0174552505	-0.0343699825	0.0638435418	-0.0275114143	-0.0335517872	0.073640185	-0.0217368644	0.0838486636	0.0846049105	0.0194982462	0.0055950691	0.0202255316	-0.0743048392	-0.0504974409	0.0307303547	0.042366229	0.0200968882	-0.0850079043	0.0670341672	-0.0398385309	0.0071623028	0.0264992443	-0.0565152869	0.0160325204536633	0.0265674043099579	0.0007058269717687	0.0002570417120971	0.1202223182888531	0.0051204067607528	0.0144534058147463	2.6218565395564e-05	0.2690500612882829	-0.0515771048749655	0.0026601977472831	0.0723879354792287	0.0047919663716361	-0.0004882969318599	2.2962941706891253e-05	2.3843389366379186e-07	-0.0013306117021785	-0.0001325140940417	1.7559985119719013e-08	1.7705275019743652e-06	0.0014176979975148	-0.000632481568079	2.009867612157474e-06	4.000329339596709e-07	0.0	0.0	0.0	0.0	0.0	0.0	0.0	0.0	0.0	0.0	0.0
4943.178991775992	-7.2175468004552386	52.09298181676165	24435018.54473551	6375.4442453952815	-153.41941014978238	40646289.32614381	23537.51541070715	5640.667086588542	-0.9432312011722388	31817125.181723267	0.8896850988648244	5620.778999536417	4631.380021637561	1.077151	18.225134	0.1213389560141208	0.0716070648780262	0.016390704	-0.0161730265	0.0519729004	0.0154144588	0.0015243961	0.0369164716	-0.0151362	-0.1192567333	0.0247692941	0.0862999337	0.0309665912	-0.0006671886	-0.0393045918	0.0392382245	0.023201044	0.0200457903	0.0602488937	-0.0731524353	-0.0188509889	0.0358159063	-0.0359394053	0.0182772123	0.1060703784	-0.1034730349	-0.000834196	-0.0972863379	-0.0430597039	0.0013842213	-0.064356185	0.0033686947	0.0316484161	-0.0149670378	-0.0648311535	0.0191296332	0.0220941535	-0.0020929169	0.0409572426	0.0787948779	-0.032913658	-0.0236703171	-0.0181763294	-0.0718760077	-0.0119678964	-0.0329744391	0.0702133036	0.0191731351	0.0205784506	0.0385820038	-0.0554349659	0.112986371	0.0257992157	0.0923881586	0.0231430888	0.0764939402	-0.0415605282	0.063894676	0.0154709564	0.0644265222	0.0539811507	0.0739506359	0.0153800451	-0.0492237003	-0.0090150689	0.0449613463	0.0133274238	-0.0956620295	0.0172179973	-0.0646549743	-0.040840018	0.0457331792	0.0502373623	0.0276109597	0.051565711	-0.008466859	0.0061929988	0.0341619486	-0.0248097906	0.037391203	-0.072148844	0.0089978831	0.056603013	0.0344560798	-0.0854361313	0.0686332704	-0.0430324377	0.0119153566	0.0207291319	-0.0507163915	0.0054105178354291	-0.0106220026182341	0.0001128269396217	2.9273703247496395e-05	0.1151202313392332	-0.0051020869496199	0.0132526676635985	2.603129124148172e-05	0.3331758012240797	0.0641257399357967	0.0041121105223134	0.1110061145213074	0.0054689383954712	0.000676972023835	2.99092871734591e-05	4.582911210553903e-07	-0.0012329869462015	9.762475597700012e-05	9.530592979568821e-09	1.5202568095033004e-06	0.0014728837479121	5.518575039729998e-05	2.1693865348635946e-06	3.0454670469130953e-09	0.0	0.0	0.0	0.0	0.0	0.0	0.0	0.0	0.0	0.0	0.0
4937.7923662349895	-5.386625541002104	29.01573471897621	24381793.452048536	6368.423366521368	-7.020878873913716	40556816.17525535	49.29274016216793	5636.555098470052	-4.111988118489535	31770753.37808874	16.908446286599105	5614.56919122639	4630.879580229715	0.952411	16.114553	0.082232687696508	0.0386275321650963	-0.0011864986	-0.0237142418	0.0138322106	-0.0798664521	0.0123341079	-0.0442257318	0.0880383023	-0.0220555584	-0.0088526006	-0.0768956059	0.0049714232	0.0006670273	-0.054571001	0.0447760785	-0.085876178	-0.058066301	0.0759700552	0.0341163514	-0.0634820648	-0.0910169644	0.0010099619	-0.0009981864	-0.0020261711	-0.0795170103	0.0654781271	-0.0594014442	-0.0464848563	-0.0959537176	-0.101013699	-0.0448217456	0.0156699058	0.0181640494	0.0239701483	-0.0442762042	0.0653763517	-0.0022622114	-0.0651180807	-0.0510119251	0.0047753513	-0.023572487	-0.0974767081	0.0113274362	-0.0904848319	-0.021204811	-0.0199026408	-0.0111187375	0.0001416016	-0.0817044895	0.0045242282	0.07344924	0.0990673403	0.0962218462	-0.0148785768	-0.0030909756	-0.0328661601	-0.0201405056	0.043112264	0.0420262195	0.0536779021	0.0256966926	0.0747915402	-0.0397560178	-0.0196037159	-0.0279612638	-0.1291899429	0.0239009986	0.0004435088	0.1002244664	-0.0276335179	0.0056522558	-0.0075467837	-0.0188691678	0.0463478196	-0.0869220309	-0.0243678196	0.0060410072	-0.0304258265	-0.0308887953	-0.0732753007	0.0069642943	0.0345073654	0.0258478559	-0.0858497193	0.0701853358	-0.0461599916	0.0166357513	0.0148702542	-0.0446048127	0.0004756201349351	-0.004934897700494	2.435321531434097e-05	2.2621451275568274e-07	0.1156824442423669	0.0005622129031336	0.0133824279058883	3.160833484500223e-07	0.352191378901395	0.0190155776773153	0.000361592194402	0.1240387673724659	0.0058549220277288	0.0003859836322576	3.428011195078393e-05	1.4898336437077078e-07	-0.0009138811938596	0.0003191057523418	1.0182848117768996e-07	8.351788364902478e-07	0.0019221943516239	0.0004493106037118	3.6948311254148254e-06	2.018800186078622e-07	0.0	0.0	0.0	0.0	0.0	0.0	0.0	0.0	0.0	0.0	0.0
4942.271545361737	4.479179126747113	20.063045649487027	24426048.028092287	6391.187711804118	22.764345282750583	40847280.36751597	518.2154161522888	5636.444512125651	-0.1105863444008719	31769506.73827137	0.0122293395679482	5620.187872702355	4640.50485134748	1.018022	17.22467	0.0889771122060326	0.045791253672175	0.0290443196	-0.0002908558	-0.0371571122	0.0902368716	-0.0114014505	0.0483368203	-0.0873945037	0.02047033	-0.0233453293	0.0880115368	-0.024419751	-0.0171543627	-0.0447240897	0.022091886	-0.026155533	0.0641003579	0.0629149759	0.0411880566	-0.0450833481	-0.0227294744	-0.0204811796	-0.1450787918	-0.0644000353	-0.1105666416	-0.0890587076	0.0093691987	0.0071448307	-0.1897117651	-0.0473116877	0.008147438	-0.0204178838	-0.0958853716	0.0082646644	-0.0664196513	0.0646280038	-0.0443083802	0.082161063	0.0296291576	-0.0445594022	-0.0061383636	0.0038952972	-0.0656085228	0.001966337	0.0214612682	0.0337299312	-0.1080583887	0.0113153574	-0.0953422462	-0.0466904022	-0.0521993967	0.1069444907	0.1136746277	0.1041162823	-0.0076895803	-0.0321191464	0.0170206925	0.035329944	-0.0637975017	0.0331086208	0.062124982	0.0827545424	-0.0853197655	0.0386381339	-0.0246676655	0.0283452559	-0.0577746766	0.0233324823	-0.0199348839	-0.0419703961	-0.0099715086	0.0643979923	-0.0097020928	0.1031249029	0.0134730726	-0.0402261097	-0.0084562302	0.0322544124	-0.0903217858	-0.0477970317	0.032281749	0.0732066543	0.0097979962	-0.0862485974	0.0716892996	-0.0492163702	0.0213105486	0.0089476998	-0.0382182304	0.0091559095754121	0.008680289440477	7.53474247704565e-05	8.383068015312298e-05	0.1146608738508234	-0.0010215703915435	0.0131471159922344	1.043606064878351e-06	0.3223243600236429	-0.0298670188777521	0.000892038816644	0.1038929930646509	0.0051989170300875	-0.0006560049976413	2.7028738285733837e-05	4.3034255693036244e-07	-0.0010370549974283	-0.0001231738035687	1.5171785885580705e-08	1.0754830676910114e-06	0.0017132084829087	-0.0002089858687152	2.935083305910329e-06	4.367509332264685e-08	0.0	0.0	0.0	0.0	0.0	0.0	0.0	0.0	0.0	0.0	0.0
4950.455145858963	8.183600497226507	66.97131709820594	24507006.15116149	6401.718756467301	10.53104466318291	40982003.03690525	110.90290169795328	5640.008682454427	3.564170328775617	31809697.93816132	12.703310132524493	5621.201487896198	4648.254183401469	0.973475	16.470951	0.0303383028829761	0.0158962352058723	0.0250978289	0.0201892183	0.0692477511	-0.0238837313	-0.0297524896	0.0633249065	0.0589316225	-0.0728730967	0.0278345539	-0.0529587606	0.1109886252	0.0150146585	-0.0105781011	0.0311141411	-0.0453626785	0.0226236292	0.0786530036	-0.046870774	0.0652269176	-0.0025943418	-0.1063105785	0.0108690365	0.02801831	-0.0058981872	-0.0433941148	-0.0219192759	0.0381844827	-0.0602667336	0.0204968891	0.0370268228	0.0646755115	0.0840133012	0.0120459678	0.1096310982	-0.0395455754	-0.0038113431	-0.1162333589	0.0592546722	-0.025332345	-0.0202001087	-0.0056353285	-0.0441982415	-0.0898778693	0.001142471	0.0419968666	0.0441291477	0.048492475	0.0018314053	-0.0322042675	-0.0206766607	-0.0222191135	0.0502300684	0.06557886	-0.0197441596	-0.043545636	0.031648776	-0.0028908664	-0.0234294347	0.0610748289	0.1088383884	-0.0277786122	-0.035032017	-0.0358446324	0.036837248	-0.1233421695	-0.0192855665	0.0321232477	-0.0002398959	-0.0484136152	0.0301365779	0.0234975002	0.0137939091	0.0777110559	-0.0009189676	-0.0116583202	-0.0165996047	-0.0004906175	-0.0472390721	0.01206284	0.0923201835	0.0386614099	0.1027687424	-0.0866326972	0.0731441312	-0.0521968607	0.0259269352	0.00298683	-0.0315960199	0.000212909103908	-0.0089430004715041	7.997725743332257e-05	4.5330286526907547e-08	0.1147545688618123	9.369501098890898e-05	0.0131686110746604	8.778755084211774e-09	0.332993115774876	0.0106687557512331	0.0001138223492794	0.1108844151534599	0.0052600445345506	6.11275044631e-05	2.766806850545564e-05	3.73657180188631e-09	-0.0011860089927295	-0.0001489539953012	2.218729271618992e-08	1.4066173308352433e-06	0.001710632949688	-2.5755332206999024e-06	2.926265088558268e-06	6.633371370928813e-12	0.0	0.0	0.0	0.0	0.0	0.0	0.0	0.0	0.0	0.0	0.0
4958.369145663675	7.913999804712148	62.63139290898392	24585424.584669523	6412.530592760503	10.81183629320185	41120548.60308937	116.89580403099671	5650.175887451172	10.167204996744658	31924487.559134632	103.37205744582954	5633.165714169909	4641.34166283701	1.002723	16.965822	0.0153229298812143	0.0079341004427192	0.0474436512	0.050040897	-0.0475284232	0.0459206771	-0.0522986989	0.0269020625	0.0190743476	0.0867377518	-0.1227175288	0.0639374213	-0.0131136726	0.0412000714	0.0065309414	0.0395857793	0.0185933495	-0.0493436893	0.0271040142	-0.0552350238	-0.1244352417	-0.0029257849	0.045667096	-0.01817501	-0.0885045143	0.0499677699	0.0034613059	0.112161155	0.0071890291	-0.0082043749	-0.0941738827	-0.1032578187	0.0432250659	-0.0658338528	-0.1060447034	0.0712771252	-0.0378783853	-0.1392275648	0.0617688283	0.0066574719	0.0207317624	-0.0309272939	0.0042108615	-0.0288911936	-0.0445996202	-0.0574251562	0.004005857	-0.0691004857	-0.078970377	0.0176912554	0.0491555458	-0.1417826323	0.0483067454	0.0197736485	-0.0795225243	-0.1004797685	0.0416400398	0.1738689821	-0.0841184675	-0.0162823814	0.0537756366	0.0860455654	0.076647789	-0.0814281237	0.0690300919	-0.094066541	0.0156744281	-0.0082094139	0.0264227947	0.043193392	0.0441077965	0.0042338903	0.0489684236	-0.0093274777	0.0329778638	-0.0364344758	0.0357829924	0.0326347581	0.0054578462	-0.0448454602	0.0223589637	0.0559689869	0.0102338306	-0.0009190701	-0.0870019529	0.0745488335	-0.0550968674	0.0304722578	-0.00298683	-0.0247790096	0.000503483752837	0.000290574648929	8.44336266002116e-08	2.534958893708293e-07	0.1211302621192231	0.0063756932574108	0.0146725404010716	4.0649464512593575e-05	0.3328832415934215	-0.0001098741814545	1.2072335750302516e-08	0.1108112525337442	0.005199121844958	-6.092268959259975e-05	2.703086795871948e-05	3.711574107196262e-09	-0.0012409198225225	-5.4910829792999966e-05	3.0151992285558127e-09	1.539882005929273e-06	0.0017657351861708	5.510223648279994e-05	3.117820747681629e-06	3.0362564654064086e-09	0.0	0.0	0.0	0.0	0.0	0.0	0.0	0.0	0.0	0.0	0.0
4957.837220156764	-0.531925506911648	0.2829447449032136	24580149.901571743	6356.187909865222	-56.34268289528154	40401124.745516814	3174.497915838251	5647.524232177734	-2.6516552734374272	31894529.953034703	7.031275689148517	5626.362209691148	4665.848574968724	1.033963	17.494402	0.1015473342429856	0.0507582808863654	0.027684111	0.0438865325	0.1049719252	-0.0267221628	0.0178255994	0.074146621	0.0800784113	-0.0540874524	0.0054056821	0.0165745389	0.1352851964	0.0490673032	-0.0436050956	0.0681258076	0.0934560844	-0.0127354403	0.0131387712	-0.0235634542	0.0132291307	-0.1160904894	-0.0820844667	-0.0427111717	-0.0655489353	0.0132353213	-0.053764716	0.0252047501	-0.034232783	0.0254547449	-0.0451487402	-0.076092079	0.0430308503	0.0042963303	-0.0979968033	-0.0040383551	0.1098800929	-0.0346452138	-0.0643204539	0.095087748	-0.0555803692	-0.0648519521	0.0019216285	-0.0783487433	0.007398031	-0.0901498212	-0.0410847836	0.1291036637	-0.017405073	-0.0900945395	-0.0110388514	-0.0905596595	0.0381214548	-0.0057598209	0.0538290628	-0.0219815121	0.0342210075	0.0883143084	-0.0145785895	0.0277359468	0.0174068061	0.0964828647	0.0117907807	-0.0851706145	-0.0247329442	0.0298536692	-0.0802771049	0.0346657139	0.1138314748	-0.0320492225	-0.063744605	0.0214831568	-0.0104998902	0.0101519604	0.0899410915	0.0070625909	-0.0184964749	0.0158621859	0.022360275	-0.0639192281	-0.0633625292	0.0795866815	-0.0089488819	-0.031744209	-0.0873563013	0.0759024438	-0.0579119187	0.034934058	-0.0089476998	-0.0178092284	0.0047830073179966	0.0042795235651596	1.8314321944756334e-05	2.287715900400903e-05	0.1415203375601095	0.0203900754408864	0.0200280059431273	0.000415755176485	0.3130496175736468	-0.0198336240197746	0.0003933726417577	0.0980000630630065	0.0058826388503892	0.0006835170054311	3.4605439844108365e-05	4.671954967136345e-07	-0.0010679802430169	0.0001729395795055	2.990809815957373e-08	1.140581799474437e-06	0.0020501608255773	0.0002844256394065	4.203159410731797e-06	8.08979443517965e-08	0.0	0.0	0.0	0.0	0.0	0.0	0.0	0.0	0.0	0.0	0.0
4953.514406397903	-4.32281375886032	18.68671879379209	24537304.97439157	6464.9508970146935	108.76298714947188	41795590.10081109	11829.387373676183	5641.052803955078	-6.471428222655959	31821476.73700945	41.87938324098806	5626.033856383248	4725.138659957188	1.033628	17.488724	0.1053487181743084	0.0482907968736139	0.0469287957	0.0982848061	-0.0444876281	-0.1024623829	-0.1274729447	-0.0415961959	0.0044453465	-0.0776311821	-0.0906912427	-0.0300933862	-0.0182679116	0.0024653458	0.0150646221	0.1144615743	-0.036262739	-0.100868145	-0.0391855315	-0.0463584061	-0.0360663429	-0.0085655013	-0.0162986085	-0.0075760301	-0.000356798	-0.1216457003	-0.036079308	0.020507003	0.005036475	-0.026503992	0.0961640019	-0.1106104944	-0.0061670719	0.0218476313	-0.1579356907	0.0164509093	0.0503398397	-0.0959393913	-0.0069310022	-0.031644479	0.1104955247	-0.0063890183	-0.1191508666	-0.0237449771	-0.0040462112	-0.0327351473	0.0298830032	0.0253322763	-0.0203169275	-0.026145308	-0.0287556606	0.0274742087	0.0911368119	0.0042482761	0.0574246389	0.006590654	-0.0140932254	0.0332873105	-0.1467310715	0.094161307	0.0543842726	0.109500665	-0.0092698351	-0.0397205536	0.0450423135	-0.0740276495	-0.0236372867	0.0361530137	-0.0606077481	0.0816794109	0.0045948429	0.0197481343	-0.0188603982	0.0704347392	0.0376459946	-0.0173099683	-0.0138960926	0.025289378	-0.0370471913	0.0296446479	-0.1451942752	0.1423027654	0.0496455308	0.0280311263	-0.0876956817	0.0772040342	-0.060637674	0.0393001065	-0.0148702542	-0.0107296473	0.0214716445710223	0.0166886372530257	0.000278510613363	0.0004610315205843	0.1310560033385286	-0.0104643342215809	0.0171756760110684	0.0001095022907009	0.3329823349374337	0.0199327173637868	0.0003973132215046	0.1108772353803852	0.0053699539570746	-0.0005126848933145	2.883640550110116e-05	2.628457998330024e-07	-0.0015300185133322	-0.0004620382703153	2.1347936323595426e-07	2.340956651139276e-06	0.0018596234024889	-0.0001905374230884	3.458199199084393e-06	3.6304509597168034e-08	0.0	0.0	0.0	0.0	0.0	0.0	0.0	0.0	0.0	0.0	0.0
4932.423529439745	-21.090876958158333	444.8250908641741	24328801.87377083	6347.55156379346	-117.39933322123306	40291410.855016805	13782.603440790115	5623.632736409505	-17.420067545573147	31625245.15401666	303.45875329233087	5604.67724609375	4657.230055167005	1.189917	20.133095	0.0839064081757894	0.0563822035766478	0.006820575	0.0284163949	-0.0227183134	0.0977497495	0.0197723474	0.0615620458	-0.0707808024	-0.024250154	0.0683184208	0.0665071421	-0.0094291331	0.008751617	-0.1167740958	0.0065854254	0.0223928583	0.0151823711	0.021208053	0.014883359	-0.0504629647	-0.0407829942	0.0600496595	-0.0206668729	0.0095985467	-0.1274719355	-0.0584922757	-0.0137006628	-0.1115822198	0.0067914447	0.0054409822	-0.0574374325	-0.0003198606	-0.0770827788	-0.0072178479	-0.0814624866	-0.0282594074	0.0335769418	0.0597965588	0.0448894691	-0.0687200911	-0.0654377107	-0.0636082177	-0.0376900064	0.0676561642	-0.0428698454	0.021191384	-0.0622922575	-0.021950394	-0.0583632007	-0.0350235369	0.1151235533	0.1240039759	-0.0159663264	0.0652645757	-0.0104833953	-0.038915225	-0.0096956615	0.0533217538	0.1301991412	0.0289672701	-0.0082183899	0.0378798856	-0.0766014512	-0.0230754729	0.0222424846	0.0625686471	-0.0331451261	0.0862663476	-0.0769668291	0.0879047872	-0.0300796746	-0.0167639528	0.0309617277	-0.0028939528	-0.0447260526	-0.0788066709	0.1148260836	0.0054385616	-0.0329547497	-0.0969329752	0.008805566	0.0104962922	-0.0563671845	-0.0880200359	0.0784527129	-0.0632699305	0.0435584361	-0.0207291319	-0.0035839144	0.0186393837076792	-0.0028322608633431	8.021701598025011e-06	0.000347426625002	0.1393305211792324	0.0082745178407037	0.0194129941320765	6.846764549612536e-05	0.3513300478516612	0.0183477129142275	0.0003366385691829	0.1234328025234505	0.0064120218145215	0.0010420678574468	4.111402374989959e-05	1.0859054195239722e-06	-0.0015730473119446	-4.302879861240003e-05	1.8514775100264782e-09	2.474477845616132e-06	0.0018635650775799	3.941675090999956e-06	3.4728747983753784e-06	1.5536802523009513e-11	0.0	0.0	0.0	0.0	0.0	0.0	0.0	0.0	0.0	0.0	0.0
4940.829279786908	8.40575034716312	70.65663889883292	24411793.97199961	6420.223613410596	72.6720496171356	41219271.24619501	5281.226795555418	5627.646637776693	4.013901367187827	31670406.67967932	16.11140418551231	5602.893468874128	4697.236892899657	1.243663	21.042473	0.1266274037924029	0.067822757014206	-0.0169196319	0.0652510256	-0.0077085806	-0.0739150677	-0.0795922291	-0.0163324358	0.0297986504	-0.0723181361	0.0044118316	-0.0795894768	-0.048527154	0.0658068574	0.1271426668	-0.0002626936	-0.0381534684	0.031780582	-0.0994090933	0.1181184305	0.0227654277	0.0484245678	0.0481602535	0.1360486133	0.1047877003	-0.0938182996	-0.0499924635	-0.0432151756	-0.0487178121	-0.0401925717	0.0199916595	0.0622384349	-0.0599916849	0.0544302369	-0.0060180917	0.00880648	-0.0405962885	0.034282982	-0.0525893642	-0.0495037326	0.1457947047	-0.024362331	0.0387697161	0.0641199275	0.0341093286	0.1053975887	-0.0843672353	0.0011948845	-0.0178081056	0.0848363255	0.0475129694	0.1660707905	0.0291273305	-0.000993099	0.1103708981	-0.019101256	-0.0461428446	-0.0770788333	0.0418723433	0.0585321591	0.0014734656	-0.001000703	-0.1353469657	0.0718255452	-0.0154146141	-0.0470767578	0.015903093	0.1465103116	0.003443465	0.0212918569	-0.0166821533	-0.0310294468	-0.0599702457	0.0204899714	-0.0533531516	-0.0631948656	-0.0868394651	0.0833138189	-0.0187912732	-0.0081227026	0.0477878833	-0.1809708699	0.107162188	0.0811810102	-0.0883293083	0.0796476241	-0.0658046293	0.047697375	-0.0264992443	0.0035839144	0.0337149789221058	0.0150755952144266	0.0002272735710692	0.001136699803718	0.1383787545285031	-0.0009517666507292	0.0191486797048597	9.058597574404627e-07	0.2936419093395841	-0.0576881385120771	0.0033279213249885	0.0862255709205965	0.0066969358627929	0.0002849140482713	4.484894995036168e-05	8.117601490239749e-08	-0.0019142327042662	-0.0003411853923215	1.16407471933644e-07	3.664286846082289e-06	0.0014314264498695	-0.0004321386277104	2.048981681386e-06	1.867437935594277e-07	0.0	0.0	0.0	0.0	0.0	0.0	0.0	0.0	0.0	0.0	0.0
4953.860908555723	13.0316287688147	169.8233483681989	24540737.90131653	6349.8588754009725	-70.36473800962358	40320707.737508506	4951.196355162965	5642.03638305664	14.38974527994742	31832574.547734857	207.06476922176904	5623.570036377269	4647.621055802489	1.310222	22.168625	0.1095376687319724	0.060777367979412	0.0164967149	0.0728472683	0.0444910295	0.0996281105	0.0090931425	0.1205488064	-0.0152019749	0.0300506437	-0.0243300725	0.1129437014	0.0302952735	0.0665777061	-0.0324283042	0.0209994277	0.0411111164	0.0657852825	0.0530609577	0.0451686662	-0.0508256237	-0.0413130274	0.063083893	0.0032925571	-0.0568507255	-0.0967005106	-0.0157479013	-0.0832306835	0.1081124755	0.0025846165	-0.0068927297	-0.0048473746	0.0649124718	0.0762596966	0.0187713882	0.0061160886	0.0051532418	-0.0631664472	0.0596218791	0.076299626	-0.0435069503	-0.0718048726	0.0610986513	-0.0555915007	0.0332341928	-0.0009628296	-0.0235300797	-0.0653675465	0.0022715382	-0.063736846	0.0576953043	0.045402405	0.0973310314	0.027934211	-0.0114025276	0.1015729074	0.0102285229	0.0188485149	-0.0396669156	-0.0696890379	0.0140597139	0.0028839799	0.022654026	-0.0563815463	0.0468024199	-0.0147054696	0.0916777851	0.0318009625	0.0808828161	-0.1056823577	0.1037939541	-0.017353788	0.0050699294	0.018703587	-0.0904847104	-0.076931074	-0.0386884851	0.05949157	0.001821109	0.0106038605	-0.0654753816	0.044295642	0.0750848432	-0.1269626198	-0.0886234459	0.0807879487	-0.0682378621	0.0517055788	-0.0321558829	0.0107296473	0.020321714452379	-0.0133932644697268	0.000179379533156	0.000412972078284	0.1527450517617126	0.0143662972332095	0.0233310508376882	0.0002063904961929	0.3399080465478903	0.0462661372083061	0.0021405554521778	0.1155374801080027	0.0060649852881659	-0.0006319505746269	3.678404654566881e-05	3.993615287713951e-07	-0.0019440327050535	-2.980000078730009e-05	8.880400469230862e-10	3.779263158317629e-06	0.0014799152708698	4.848882100030004e-05	2.190149208953633e-06	2.351165761999138e-09	0.0	0.0	0.0	0.0	0.0	0.0	0.0	0.0	0.0	0.0	0.0
4973.080171687414	19.21926313169115	369.3800753251827	24731526.39403052	6494.927168486134	145.0682930851617	42184078.92393931	21044.809658642374	5647.242620849609	5.20623779296875	31891349.218740363	27.10491195693612	5631.160192665268	4769.887148788552	1.281871	21.68894	0.1046063840113993	0.0484302400606069	0.0337645356	0.1510771497	-0.0427032369	-0.0483383279	-0.160275974	0.0471401214	0.0384343354	-0.0504910835	-0.0440485553	-0.0815898493	0.113170275	0.0926315415	0.0965381609	0.1016581918	-0.0065133144	-0.0070168128	0.033624087	-0.011846834	-0.022422667	0.1246813042	0.063771113	0.0564718832	-0.011813289	-0.0283643563	0.0851257247	0.1187887835	-0.0973828198	-0.064463916	0.122007438	0.0404779817	0.0580686007	0.0078202325	0.0517516457	0.0970513786	0.0407185515	-0.078408406	-0.1540399484	0.0593399314	0.1487512041	-0.0370514797	0.000286189	-0.0424501233	-0.0112211427	0.0097770601	0.0203728688	-0.0584276371	0.0288656248	0.1182665424	0.0067924168	0.0078426656	0.0112209319	-0.0081850631	-0.0188742968	-0.097108961	0.0437800469	-0.1132651669	-0.1350441428	0.0513719148	0.0465725809	0.1099315581	-0.1756811629	0.0141930221	0.0213272842	-0.0044640301	0.0110901526	0.0876408932	0.0016038183	0.0480986402	0.0791455766	-0.0588663883	-0.0114230191	0.0924090252	-0.0879763271	0.0344156576	-0.0349624232	0.0676755208	-0.1015267013	0.1302789109	0.0355570508	0.0687536654	-0.0208083412	0.0120191037	-0.0889023983	0.0818729053	-0.0705658771	0.0555720611	-0.037674825	0.0178092284	0.0172384539939827	-0.0030832604583963	9.506495054310168e-06	0.0002971642961026	0.1309454232349196	-0.021799628526793	0.0171467038661722	0.0004752238039061	0.3104893287934303	-0.02941871775446	0.0008654609543165	0.0964036232945948	0.005877018946249	-0.0001879663419169	3.45393516945697e-05	3.5331345693621154e-08	-0.0024730260602805	-0.0005289933552269	2.798339698743189e-07	6.115857894826491e-06	0.0011907794225787	-0.000289135848291	1.417955633236862e-06	8.359953876701398e-08	0.0	0.0	0.0	0.0	0.0	0.0	0.0	0.0	0.0	0.0	0.0
4953.257611172888	-19.82256051452623	392.9339053520544	24534760.96264214	6383.588113746896	-111.33905473923824	40750197.20597065	12396.38511022709	5646.268224690755	-0.9743961588537786	31880344.865152493	0.949447874388998	5627.2540975093225	4684.876306970135	1.253938	21.216316	0.1502591527952046	0.0731410028159427	0.0017273781	0.113069982	0.0902481073	-0.0430092281	-0.0318051094	0.0588246928	0.1419758262	-0.0110939338	-0.0695898645	0.0906136726	0.0076832622	0.0832396822	0.0253383088	0.0689639124	0.0532942182	-0.0397498574	0.0133143648	-0.0026174972	0.0090514177	-0.0543257383	-0.0143611694	0.0345639501	-0.0888216863	0.0739684945	0.047735036	0.103721707	0.011911663	0.0205642463	-0.0395186989	0.0118957074	0.0524907657	-0.0508076344	-0.0006577497	-0.1085583212	-0.0152045443	-0.0957259454	0.0562569724	0.0463023844	0.0375410117	-0.1015130712	0.0102825825	-0.041344529	0.0048568522	-0.0268327201	-0.0617642248	0.0931343693	0.0151827806	-0.0167152368	-0.0134844248	-0.101267127	0.0310013661	-0.0680623871	-0.1004296534	-0.087565963	-0.0385042378	-0.0124672389	-0.0193536085	-0.0180958009	0.0248594643	-0.0020142977	0.0081347405	-0.0680714599	0.0292229754	-0.0775418215	0.0532156882	0.1327340811	0.0770514594	-0.0798590517	-0.0496779097	0.0345841998	-0.0765705876	0.0364509971	-0.0907078115	-0.0117558919	-0.0395144984	0.1006466486	0.023686967	0.0185048601	0.0176335334	0.0578916033	-0.0757951388	-0.1311737163	-0.0891661178	0.0829017503	-0.0727850846	0.0592862243	-0.0430324377	0.0247790096	0.0136408674944448	-0.0035975864995378	1.2942628621657352e-05	0.000186073266001	0.1654918202997493	0.0345463970648297	0.0273875425861245	0.0011934535501608	0.3510910706850723	0.040601741891642	0.0016485014446355	0.1232649399147904	0.0067780592761965	0.0009010403299475	4.594208755163343e-05	8.118736761919004e-07	-0.0021453064310041	0.0003277196292763	1.0740015541306097e-07	4.60233968290755e-06	0.0013922880101387	0.0002015085875599	1.9384659031759807e-06	4.0605710860426186e-08	0.0	0.0	0.0	0.0	0.0	0.0	0.0	0.0	0.0	0.0	0.0
4949.420150999934	-3.837460172953797	14.726100579006587	24496759.83112421	6486.177422327711	102.58930858081476	42070497.55391374	10524.566235089633	5637.559056396484	-8.709168294270967	31782072.11435802	75.84961237793466	5612.303092511248	4759.917153701284	1.460479	24.710932	0.1681242139719733	0.074417109096927	0.0133505151	0.1059563093	-0.082114354	0.0474596343	-0.1317477994	0.0542682293	-0.0853432064	-0.1429075704	0.0325332412	-0.0604076855	0.0667551355	0.1163606634	0.2236079152	0.0326226409	0.2045139771	0.0080786406	-0.0434803607	-0.0357635838	0.0401554655	0.1862166279	0.054547077	0.0350979341	0.0964429408	-0.0039161133	-0.0395715596	0.1211670352	-0.0670617281	0.0644503104	-0.0305516664	-0.0348897933	-0.0562330984	0.0505872964	0.0018478005	-0.004106081	0.0648429643	0.0389180354	-0.1087411607	0.0805500064	0.2289573868	-0.0004709684	0.1588108368	-0.0450200108	0.1677474202	-0.0592900587	-0.0238247195	-0.0148348273	0.0557880748	0.1971707248	-0.0026474105	0.0312197563	-0.0921283877	-0.0725599403	0.052105252	-0.1064551598	0.1040423492	-0.0106810211	-0.014762234	-0.0112562837	0.0392869049	0.0762356205	-0.2021087705	0.0398453472	-0.040994842	0.0242043354	0.0890420779	0.0559879863	0.020242368	-0.007586658	0.037604178	-0.0877958807	0.0627044118	0.1596724471	-0.1346374194	0.0620164629	-0.0489894364	0.0908209455	-0.1116888016	0.0219483954	0.0697829142	-0.1140536888	-0.0565385048	0.0671606283	-0.0894145591	0.0838737786	-0.0748920628	0.0628378881	-0.0482057789	0.0315960199	0.0200286731964212	0.0063878057019763	4.080406168620219e-05	0.000401147750009	0.1385967288131979	-0.0268950914865513	0.0192090532377191	0.0007233459460699	0.3086590641650417	-0.0424320065200305	0.0018004751773159	0.0952704178912393	0.0060401849514282	-0.0007378743247683	3.648383424745968e-05	5.44458519152275e-07	-0.0027019997281536	-0.0005566932971494	3.099074270911814e-07	7.300802530942129e-06	0.0008386694267882	-0.0005536185833504	7.03366407429248e-07	3.0649353583101444e-07	0.0	0.0	0.0	0.0	0.0	0.0	0.0	0.0	0.0	0.0	0.0
4925.300906701928	-24.11924429800547	581.7379455068693	24258589.02155884	6395.798512035648	-90.37891029206276	40906238.60655741	8168.347425580727	5632.73021891276	-4.8288374837238734	31727649.719052996	23.31767144421671	5609.218810481011	4711.603906619003	1.38108	23.367533	0.1582752079608674	0.0838036487103297	-0.0325139884	0.055775416	-0.0257110782	-0.1115815111	-0.0513149514	-0.0589312784	0.0395819504	-0.0805648597	-0.0395346169	0.0017752943	-0.0807269778	0.0392379958	0.0412223605	0.0556199548	0.0480040828	-0.096174084	-0.028363001	-0.0408145241	0.0636484745	-0.1556376658	-0.1210878686	0.0496867787	-0.0021224326	-0.0126780524	-0.073307486	0.1531252549	0.0208971309	0.0353050461	-0.0403524564	-0.028733174	-0.0511421403	-0.0980985348	-0.109840238	-0.1146902589	0.049948476	-0.02059539	0.0516169701	-0.0506525008	0.1148066509	-0.0410828141	-0.0419681064	0.0099717735	0.0491884202	-0.0223983506	-0.0318262135	0.1410035959	0.0536264669	-0.042568981	-0.0548730314	0.0386681094	0.0828228598	-0.0780828617	0.0294462205	-0.136950663	0.0380300183	0.0341163541	-0.0152310649	-0.1385170985	0.0037663557	-0.0449444219	-0.0061392602	-0.0293845566	-0.0169937597	-0.0902904714	0.043335736	0.1276447222	-0.027565927	-0.0147951932	-0.0623554966	-0.0268381686	-0.0544793176	0.0406893318	-0.0623325548	-0.0098529109	-0.1049865626	0.0354183715	-0.0727342091	-0.1057448129	-0.0829683926	0.0734084349	-0.0300157449	-0.1013317559	-0.0896476797	0.084788324	-0.0768835629	0.0662173176	-0.0531726956	0.0382182304	0.0194330017826303	-0.0005956714137908	3.548244332076494e-07	0.0003776415582837	0.1630268165120014	0.0244300876988035	0.0265777429020377	0.0005968291849712	0.3373158414978547	0.028656777332813	0.0008212108871024	0.1137819769254058	0.0074022113815531	0.0013620264301249	5.479273333719426e-05	1.855115996358781e-06	-0.0024591305089427	0.0002428692192109	5.8985457640112213e-08	6.047322860012783e-06	0.0013256272077616	0.0004869577809734	1.7572874939578163e-06	2.371278804505378e-07	0.0	0.0	0.0	0.0	0.0	0.0	0.0	0.0	0.0	0.0	0.0
4908.6060626387625	-16.694844063165874	278.71781829342484	24094413.478174016	6414.489728308671	18.6912162730232	41145678.47457745	349.3615657649273	5629.238074544271	-3.492144368489789	31688321.29989889	12.19507229037495	5606.485655550827	4685.699641209023	1.383924	23.415653	0.1829822026726973	0.0803940295335093	-0.0206552292	0.0266126333	-0.1138186687	0.0334479616	-0.0802601535	-0.0116894944	-0.1332073531	-0.1612680892	0.0584113815	0.0327323149	0.0462174871	-0.0240403372	0.1386682309	0.020266723	0.0821573249	0.0241230907	-0.0287713969	-0.1805331542	0.0594692871	0.1688192089	0.0383384975	0.0458926471	-0.0001042789	0.0234782814	-0.0253978386	-0.0630021985	-0.050459752	-0.0017013201	-0.1123242923	-0.0149205177	0.0425987477	0.0838415811	0.0319068365	-0.0017715866	0.0195015481	0.0493056253	-0.0152536023	0.1010445941	0.1134864464	0.0815189448	0.0549599736	-0.0497194534	0.071702768	-0.0131703691	0.1382633648	0.0127497826	0.0707383441	0.2020083938	0.0153605987	-0.0266793655	-0.0235848627	-0.0219572357	-0.0022378462	-0.0416473639	0.0945376525	0.0451268219	0.0920651462	0.0076674766	0.0444267556	0.0292607181	-0.1511562868	0.048231254	0.0692706569	0.1318635603	0.0290748749	-0.0827820854	-0.0950321593	-0.0116248336	0.0185642653	-0.0494665711	-0.074018618	0.0755999618	-0.0989982358	0.0892814983	-0.0909800771	0.1908556492	-0.1797406976	-0.0092144521	0.0668729565	-0.0125710918	-0.0259918786	0.0664795597	-0.0898654396	0.0856447597	-0.0787565141	0.06941525	-0.0579119187	0.0446048127	0.0464922054220693	0.027059203639439	0.0007322005016006	0.0021615251650078	0.1348818862612688	-0.0281449302507326	0.0181931232413978	0.0007921370988186	0.3800813369626254	0.0427654954647707	0.0018288876023473	0.1444618227072968	0.0075413665249214	0.0001391551433682	5.687220906320507e-05	1.93641539258519e-08	-0.001923903234055	0.0005352272748876	2.864682357837136e-07	3.701403654007288e-06	0.0002997581596625	-0.0010258690480991	8.985495428424882e-08	1.0524073038477536e-06	0.0	0.0	0.0	0.0	0.0	0.0	0.0	0.0	0.0	0.0	0.0
4888.4784430907175	-20.127619548045004	405.1210686708434	23897221.488562647	6238.561554965594	-175.9281733430771	38919650.27509473	30950.722175831783	5620.015447591146	-9.222626953124744	31584573.63116311	85.05684791650302	5585.62786224009	4560.39553020203	1.467705	24.833195	0.2555256086012744	0.1234552944356425	-0.083207289	-0.0783560655	-0.0389899731	-0.0764046824	0.0803027713	-0.1253462783	0.0098077156	-0.0067522639	0.0192764947	-0.0510997752	-0.102586257	0.0045244274	0.0464119898	0.0292831353	0.0673680589	-0.0818297926	-0.0038187831	0.0089149423	0.0408998996	-0.0719216777	-0.0152962058	0.0772147769	0.0502636382	-0.0304981976	0.0025625654	-0.0565623513	0.063324301	0.0301779187	-0.0042950741	0.0185872606	0.079707153	-0.008414056	0.0613450869	-0.0275789491	0.0171172284	0.0713459839	0.0288010531	-0.0920927545	0.0661136893	-0.001877717	-0.0172565022	0.0098802931	-0.0141273763	-0.0545674283	-0.0656821726	0.0967952226	0.0317048032	0.0194631023	0.070049363	0.0472593865	0.0325964618	0.045309958	-0.0024458804	0.0155610113	0.0558565069	0.0407058248	0.0086166062	-0.1115341328	0.067903612	-0.0572746629	0.0363973402	0.0293399447	-0.0975179414	-0.0666691004	-0.0009169718	0.0562752569	-0.0701584311	0.0450822963	-0.1243216	-0.0284160424	0.0981092806	0.1134504477	-0.0764525765	-0.0665366933	-0.0236195558	0.0329817409	0.0080355722	-0.0766900816	0.0600835767	0.129313146	-0.0719974201	-0.0566428796	-0.0900678015	0.0864424987	-0.0805080284	0.0724229201	-0.062403154	0.0507163915	0.0340709331516677	-0.0124212722704016	0.0001542880048154	0.0011608284858254	0.1523870697402571	0.0175051834789883	0.0232218190240219	0.000306431448633	0.42296956900244	0.0428882320398145	0.0018394004475009	0.1789032563021098	0.005809909977207	-0.0017314565477144	3.375505394324944e-05	2.997941776623068e-06	-0.0028271974944087	-0.0009032942603536	8.159405207879375e-07	7.99304567239083e-06	0.0013192257678358	0.0010194676081733	1.740356626521956e-06	1.039314204114589e-06	0.0	0.0	0.0	0.0	0.0	0.0	0.0	0.0	0.0	0.0	0.0
4872.626311855021	-15.852131235696106	251.29006471373216	23742487.17498187	6283.888730889124	45.327175923530376	39487257.58219533	2054.552877202672	5611.415602620443	-8.599844970703089	31487985.06533215	73.95733352012721	5574.5180394906165	4523.566896326402	1.179962	19.964661	0.0653878772388099	0.0365009847180284	-0.0618427651	-0.0789494822	-0.1333426287	0.0321196003	0.0178423435	-0.145786417	-0.1091213298	-0.0734739453	0.1055357931	0.0541330816	-0.0634120363	-0.0500858137	0.0713352484	0.0311522025	0.1160129323	-0.0624457302	0.0451012771	-0.0477436578	0.0498683668	0.1250376727	-0.0245664596	0.0953188796	0.0751476231	-0.0625353434	0.0748221984	-0.0452687641	0.0217367794	-0.0293148123	-0.0560604801	-0.0016846073	0.024172616	-0.0642995625	-0.0202219592	0.0093593282	0.0278906286	0.1333283648	0.0820551632	0.0358070756	0.0715533697	0.0657343465	0.0090641196	-0.0371614475	0.0198505343	-0.0793788195	0.0085185789	0.0099327327	0.1052481528	0.19439088	-0.0108036256	0.0489742693	0.006678682	0.0870547294	-0.0326603035	0.0271035922	0.0162933562	0.0412179298	-0.0072832067	-0.0250871652	0.089103323	-0.0169876387	-0.0377720328	0.0512543142	-0.0721629243	0.0642957146	0.1329205676	-0.1284230038	-0.0894728906	0.036828621	-0.0856053744	-0.0411985644	0.1206388885	0.1376865882	-0.0615271696	-0.0708432528	-0.0480328394	-0.0358002541	-0.0878023357	-0.0310593509	0.0958576263	0.1110080619	-0.0711444724	0.0712506893	-0.0902547308	0.0871809944	-0.0821354052	0.075232084	-0.0666271694	0.0565152869	0.032903354002812	-0.0011675791488556	1.3632410688425858e-06	0.0010826307046343	0.1520934680763872	-0.0002936016638698	0.023132423031503	8.62019370271621e-08	0.4411047573012894	0.0181351882988494	0.0003288850546347	0.1945734069138294	0.0056154655742905	-0.0001944444029164	3.153345361604173e-05	3.7808625825554145e-08	-0.0033693305240474	-0.0005421330296387	2.939082218252357e-07	1.1352388180277526e-05	0.0011399730378463	-0.0001792527299895	1.2995385270165217e-06	3.2131541208688605e-08	0.0	0.0	0.0	0.0	0.0	0.0	0.0	0.0	0.0	0.0	0.0
4846.137190491078	-26.489121363943013	701.6735506337021	23485045.669060763	6156.275155376914	-127.61357551221045	37899723.78871105	16285.224655010636	5606.487447102864	-4.928155517578489	31432701.494521994	24.2867168054393	5569.999178281554	4440.643114526288	1.296912	21.943419	0.1574569510565495	0.0915615519283219	-0.1004421472	-0.1518921957	0.0152394881	-0.0068648404	0.1244780077	-0.1476691251	-0.0067446751	-0.0196700562	0.0679498111	-0.1146893079	-0.1110973747	-0.0665086114	-0.0511647407	0.0190598278	0.0947498991	-0.0093188764	-0.0014151505	-0.0354713573	0.0488871232	-0.1002286542	-0.0127519832	0.0264623359	0.0656790208	-0.0249317408	0.1031921347	-0.0006772059	0.0137059372	0.002528687	-0.0012444398	0.0258935171	-0.0564986854	0.0748363321	0.2047848231	0.0065297978	-0.096512154	0.1364381358	-0.0063558308	-0.1500578026	-0.0349087961	0.0264188426	-0.0427680226	-0.0581184136	0.0346665347	-0.0412920006	0.0024700698	0.1076775884	0.0412537561	-0.0234485795	0.011382163	0.0746396453	-0.017224807	0.0420890095	-0.1581364629	-0.019176038	-0.015885404	-0.0308075817	0.0523998983	0.023193738	0.0269445198	-0.1383229303	0.0613933026	0.0355836196	-0.1450058322	0.0198551645	-0.0692409304	-0.0357144234	-0.1005900376	0.009698285	-0.0396421802	-0.0431529418	0.0428880566	0.0352428455	-0.0681232082	0.0202387565	-0.025576384	0.0153953302	-0.0109670776	-0.0502972715	0.0001211639	0.0589154798	-0.051602607	0.0854553885	-0.0904261954	0.0878597406	-0.0836361352	0.0778350419	-0.0705658771	0.0619657467	0.0405162348799166	0.0076128808771046	5.79559552489849e-05	0.0016415652888445	0.1483714879420148	-0.0037219801343724	0.0220140984341274	1.3853136120662906e-05	0.4231026763685719	-0.0180020809327174	0.0003240749179081	0.1790158747502485	0.0071507254789354	0.0015352599046449	5.113287487509591e-05	2.357022974810269e-06	-0.002595869115431	0.0007734614086163	5.982425506188655e-07	6.738536464448523e-06	0.0008862941688605	-0.0002536788689858	7.855173537561244e-07	6.435296856991468e-08	0.0	0.0	0.0	0.0	0.0	0.0	0.0	0.0	0.0	0.0	0.0
4838.679453812105	-7.457736678973561	55.6178363729076	23412818.85674341	6220.843311031923	64.56815565500892	38698891.50041062	4169.0467246894605	5597.752687988282	-8.73475911458263	31334835.155880038	76.29601678978433	5560.580062925584	4485.6469733045	1.082576	18.316912	0.0204218393161521	0.0130066582509585	-0.1004101353	-0.1582488995	-0.1340187066	-0.0411116839	0.0473068322	-0.2023525289	-0.1670641889	-0.0668884359	0.1306938913	0.0442009409	-0.1570204385	-0.1134551264	0.0128810907	0.0392586118	0.033236542	-0.1114192411	-0.0562168958	-0.0401085892	0.078574169	0.0728505786	-0.0304239752	0.0322074015	0.0720730066	-0.0824771543	0.0546054786	0.0476199079	0.0090660359	-0.0363634133	-0.0047261665	-0.0279085156	0.0710241796	-0.0256067979	-0.0091026486	-0.010705007	0.0154719257	0.1759324844	0.138266052	-0.0396330625	0.0358328125	0.0855946029	-0.1047335089	0.0172588681	0.0477108234	-0.0177661591	0.0138933558	0.0380331659	0.083643166	0.0866451889	-0.0210824916	0.042925864	0.0189540878	0.0829330535	-0.0143962779	-0.0246458473	-0.0097836494	0.0202757246	-0.0639280012	0.0025891516	0.0202494436	-0.1315314267	0.0556331457	0.0207719909	-0.062660186	0.0647277924	0.1026989457	-0.0703487515	-0.1608917772	0.0464185496	-0.0947056111	-0.036625436	0.0316715751	0.0418546075	0.0184598775	0.0316711913	-0.0114963821	0.0055836655	-0.0254495248	-0.0267747399	-0.0029755424	-0.0158014461	-0.0038713546	0.131875663	-0.090582166	0.0884782721	-0.0850079043	0.0802246594	-0.0742024108	0.0670341672	0.0409397667257422	0.0004235318458255	1.7937922442843548e-07	0.0016760644995581	0.1367461710438391	-0.0116253168981756	0.0186995152951509	0.000135147992983	0.4207732321927011	-0.0023294441758708	5.426310168498539e-06	0.1770501129298927	0.0070527458378785	-9.797964105690005e-05	4.974122385371251e-05	9.600010061638973e-09	-0.002603859654588	-7.990539157000116e-06	6.384871601955212e-11	6.780085100791139e-06	0.0009011949165722	1.4900747711700048e-05	8.121522776555745e-07	2.2203228236773415e-10	0.0	0.0	0.0	0.0	0.0	0.0	0.0	0.0	0.0	0.0	0.0
4841.92311644785	3.2436626357448404	10.521347294527166	23444219.465592057	6086.876806802307	-133.96650422961557	37050069.26118785	17947.024255503606	5594.750322672526	-3.002365315755924	31301231.17304433	9.014197489254167	5557.494275203166	4377.54278704076	1.219491	20.633488	0.028122500693395	0.0145014123827773	-0.0827528457	-0.181478454	-0.0326988562	0.1127901808	0.2162441628	-0.0752774413	-0.0863552773	0.0534395957	0.1475508007	-0.090653225	-0.0891444674	-0.1072545596	-0.0901395534	-0.0137177103	0.0668160556	0.0059290022	-0.00267994	-0.0464305169	0.0031962682	0.0036482641	0.0229981927	0.0196828318	0.0227241101	-0.0291419414	0.0125941958	-0.0418051407	0.0310679424	0.0266834615	0.0368585326	0.0062397239	0.0176276525	-0.0038004407	0.0915214858	0.1140344819	-0.0383699436	0.1868267491	0.010544589	-0.1048133834	-0.1102503976	0.0662179121	-0.0420454833	-0.046739205	0.0425439606	-0.0539693915	0.0150666455	-0.0469215952	0.0036182358	0.0286841279	0.0564165022	-0.0343452572	0.0357447335	0.0883934462	0.0286029955	-0.0011242626	-0.0177108912	0.0488957596	-0.0386260078	-0.051390521	0.0075786593	-0.1273755641	0.0517268969	0.0398246109	-0.1281614483	0.0936640247	-0.0315705711	-0.1016002626	-0.0950548956	0.0020488983	0.0447630622	-0.0572123439	0.0325155736	-0.0001382413	-0.0321934054	-0.0014724181	0.0185970175	0.0683648932	0.1121114772	-0.043479768	0.0775268082	-0.0654377407	-0.0350231295	0.1019124609	-0.0907226157	0.089036165	-0.0862485974	0.0823943867	-0.0775211985	0.0716892996	0.0453116320056068	0.0043718652798645	1.911320602528557e-05	0.0020531439950115	0.1368996816500498	0.0001535106062106	0.0187415228358849	2.3565506219173033e-08	0.4208618683665008	8.863617379972766e-05	7.856371305855527e-09	0.1771247122449418	0.0072038247303578	0.0001510788924792	5.1895090745714623e-05	2.2824831752771733e-08	-0.00241880217852	0.000185057476068	3.4246269448658513e-08	5.850603978813098e-06	0.0010352283206953	0.000134033404123	1.0716976759696109e-06	1.7964953420826235e-08	0.0	0.0	0.0	0.0	0.0	0.0	0.0	0.0	0.0	0.0	0.0
4839.613696802664	-2.3094196451856988	5.333419097569639	23421860.73427995	6101.286349467095	14.409542664787296	37225695.11819351	207.63491980832532	5602.68155843099	7.931235758464027	31390040.645182703	62.90450065633844	5564.942136455294	4253.746800915089	1.268763	21.467152	0.0510939716222681	0.0315712510868629	0.0559267178	-0.2621555348	0.0383461747	-0.0568583848	0.161612624	-0.1298681309	-0.0035626418	0.0486521709	0.0164968854	0.0194932004	-0.1106594351	-0.2670637693	-0.0687371248	-0.0238167215	-0.0656706943	0.021361771	-0.006658804	0.0052251672	-0.058006696	-0.0659494519	-0.0418777113	0.0285774804	0.0482059774	0.2319413698	0.0790323619	0.0654697415	-0.113265226	0.0282664583	-0.0227862217	-0.0267167885	-0.0526591708	-0.0181456889	0.0595939456	-0.0064543237	0.0435656792	0.0660044764	0.1240625954	-0.093168366	-0.1281630478	0.1919544832	-0.0851120235	-0.026141526	-0.1208395242	0.0350256381	-0.044159493	0.0281959393	-0.0977498641	0.0137662865	-0.0018224965	-0.0534821364	-0.1530816571	0.0004108258	-0.0863824138	-0.1156729231	-0.03194232	-0.0433183864	0.0555472512	0.0159108607	-0.0145623518	-0.0616251331	0.1380874312	0.0721962808	-0.0890268881	0.0541737853	0.0124344347	-0.011969143	-0.1921460192	-0.0362962103	-0.0159550648	0.0824975501	-0.0755664131	-0.0415715277	-0.0162686085	0.0205825657	0.0387396984	0.0133139712	0.1037107913	0.0342159086	0.1532018312	-0.0131733122	-0.0385898769	0.0077597232	-0.0908475206	0.089533037	-0.0873563013	0.0843382767	-0.0805080284	0.0759024438	0.0424764257953285	-0.0028352062102782	8.03839425480061e-06	0.001804246748346	0.1625827059355913	0.0256830242855415	0.0264331362693389	0.0006596177364517	0.4207565547171725	-0.0001053136493283	1.1090964734846062e-08	0.1770360783374649	0.0073082358856598	0.0001044111553019	5.341031176044568e-05	1.0901689351498362e-08	-0.0024430806466027	-2.4278468082700178e-05	5.894440124426912e-10	5.968643045804667e-06	0.001355947246853	0.0003207189261577	1.8385929362482305e-06	1.0286062959574825e-07	0.0	0.0	0.0	0.0	0.0	0.0	0.0	0.0	0.0	0.0	0.0
4851.776476548811	12.162779746146953	147.93321115328254	23539734.9783924	6155.11821256726	53.83186310016572	37885480.210677184	2897.869484834984	5612.22748819987	9.545929768880342	31497097.379306223	91.1247751523959	5575.888625010133	4177.921752979553	1.386709	23.462763	0.1184146819447565	0.0552613851625714	0.1890422968	-0.3081942786	-0.065305404	-0.0242446398	0.0904941697	-0.1584481373	-0.0814101702	0.1288811166	0.0437990691	-0.0170397797	0.068164932	-0.3006116388	-0.0208773176	-0.1231732229	-0.0450846488	-0.037908363	0.0205962732	0.0188998359	-0.0537969432	0.0960279296	0.1315041976	-0.0101289644	-0.0148507826	0.172913909	0.1134936574	0.0781654862	-0.1131514509	-0.0418894539	0.1473424844	-0.0076219135	-0.111320057	-0.0389621107	0.0421947116	-0.2790071049	-0.1108636672	0.0653634204	-0.0052540436	0.0098960759	-0.1417709389	0.2836902347	-0.0301483549	0.0432021197	-0.0850049806	-0.0468886762	-0.0195264352	-0.1157754247	-0.0608038498	0.0288791243	0.0413803459	-0.0659656855	-0.1382621116	-0.0792847787	-0.0778572827	-0.074933882	0.0362235079	-0.2062232136	-0.0425454297	0.0799955667	-0.0298589318	0.0012013311	0.1794063145	0.1477947387	-0.0688085343	0.1600964954	0.0215421176	-0.0715940777	-0.1136135391	0.055980748	0.1039937869	0.0057095921	-0.0528515406	-0.1374091022	-0.0022346054	0.1186728639	0.0186141749	-0.2045350598	-0.0333275789	0.0652534374	0.0928087022	-0.0097712048	0.0887030323	-0.1928529679	-0.0909568593	0.0899685475	-0.0883293083	0.0860510014	-0.0831501106	0.0796476241	0.0233160720083844	-0.0191603537869441	0.0003671191572408	0.0005436392139001	0.1694898819905006	0.0069071760549093	0.0287268200971538	4.77090810535126e-05	0.3865916129891644	-0.0341649417280081	0.0011672432432781	0.1494530752335638	0.0076710904352723	0.0003628545496125	5.884562846612617e-05	1.316634241744907e-07	-0.0019801274845701	0.0004629531620325	2.143256302359827e-07	3.9209048551499125e-06	0.0010181107510002	-0.0003378364958528	1.0365495013021911e-06	1.1413349793009896e-07	0.0	0.0	0.0	0.0	0.0	0.0	0.0	0.0	0.0	0.0	0.0
4887.555558729534	35.77908218072298	1280.1427216949287	23888199.339667965	6129.520732551221	-25.5974800160393	37571024.41077526	655.2309831715313	5623.959846598307	11.7323583984371	31628924.356150053	137.64823358937755	5587.261199119954	4400.677715126985	1.789636	30.280193	0.0901760476714447	0.0499961546765521	-0.0196327073	-0.1400724929	0.1169526199	0.0174985893	0.1502119394	0.0093691879	0.0027492441	-0.0085059547	-0.1016971841	-0.040898901	-0.0159793449	-0.0695315716	0.0180374972	-0.4244683814	-0.083922059	0.0910143443	-0.0733400032	-0.0576096161	-0.1803849038	-0.0170222786	-0.1163058622	-0.0883786397	0.1282178634	0.2296417101	-0.1747156632	-0.0488151243	0.1064791408	0.043079357	-0.0008742391	0.1649697335	0.0751591458	-0.0296287979	-0.0996419776	0.0435822822	0.0640464241	-0.0340453553	0.0129396724	-0.1268487873	-0.1204866366	0.1422374783	0.2355901468	0.2424107338	-0.0870061144	-0.0342026521	0.1151201765	0.0399950002	-0.2932771159	-0.0696009838	-0.1153619111	0.0162792172	-0.2626910479	-0.0842237597	0.1416292774	0.1273762878	0.0424270941	-0.0139133163	0.0474867146	-0.1327018226	-0.0396358981	-0.1011790572	0.0521028568	0.2902579104	0.0824983831	-0.0126022297	-0.0709145574	-0.0714008261	0.0139982506	-0.0372731421	0.0549566229	0.282500413	0.1544202646	-0.1398041977	0.0797156228	0.1377381351	-0.0790487856	-0.3573272629	-0.1037156318	0.1076266832	-0.1328455195	-0.1032812666	-0.1712162285	-0.1266986068	-0.0910506129	0.0903423981	-0.0891661178	0.0875278662	-0.0854361313	0.0829017503	0.0550669986812408	0.0317509266728563	0.0010081213445851	0.0030323743437597	0.1687064455340134	-0.0007834364564872	0.028461864764721	6.137726813532324e-07	0.3902153232350756	0.0036237102459111	1.3131275946321684e-05	0.1522679984874545	0.0073353663652005	-0.0003357240700717	5.38075997117148e-05	1.1271065122557477e-07	-0.0019539325887261	2.6194895844000327e-05	6.861725682780255e-10	3.8178525612858775e-06	0.0002996702309922	-0.000718440520008	8.980224734291853e-08	5.161567807893654e-07	0.0	0.0	0.0	0.0	0.0	0.0	0.0	0.0	0.0	0.0	1.0
4906.201709711873	18.64615098233935	347.6789464561947	24070815.21637971	6216.168950162976	86.64821761175517	38640756.41697028	7507.913615294079	5623.641389973958	-0.3184566243489826	31625342.483028237	0.101414621591749	5592.866058310027	4555.685086169274	1.471042	24.889666	0.1028144341342832	0.0491425730697268	-0.0977630902	0.013244033	0.0511203065	-0.0431161888	0.062736667	-0.0408680789	0.1041542689	0.0732877666	0.0622991367	0.0516673673	0.0427670228	0.0945157405	-0.0237149473	-0.1157555744	-0.0458638766	-0.0194786393	-0.0127519669	0.0483823188	0.0745546409	0.0069497444	-0.0251494729	-0.0084781402	-0.1036257911	0.1405238783	-0.0736815884	-0.1528282512	0.0901237784	-0.1111401028	0.072457031	0.0076584154	-0.0638962366	0.0166637008	-0.1199185492	0.0738755249	0.0425251006	0.0391467766	0.0116528631	0.0586245192	-0.0632496248	-0.0763869709	0.0688861342	0.1383626552	-0.0289411394	0.0025685921	-0.0286772591	0.045175091	0.0060181545	-0.0312299412	0.0452905891	-0.1487509455	-0.0439957186	0.0124781365	0.1202475453	0.1245632486	-0.1152740247	-0.0739381397	0.014519731	0.020379056	-0.044948988	-0.1176016026	-0.0409764161	0.0593926438	0.0833947822	0.0694823627	0.0380207159	-0.0092762542	0.0776886914	0.0296410904	-0.0317387503	0.0409657807	-0.0690984274	-0.091274452	0.0462500537	-0.1031894096	-0.0033808825	-0.0635095924	0.0834300032	0.1186909892	-0.0114084374	-0.0772880069	-0.035993313	-0.0347719606	-0.0911287655	0.0906543325	-0.0898654396	0.0887648233	-0.0873563013	0.0856447597	0.0644552482078495	0.0093882495266086	8.813922917386839e-05	0.0041544790215354	0.1321855891551564	-0.0365208563788569	0.0174730299802958	0.001333772950645	0.370234772370118	-0.0199805508649575	0.0003992224128671	0.137073786671953	0.0072632442486206	-7.212211657990023e-05	5.275471701512023e-05	5.2015996999647206e-09	-0.0023459488181225	-0.0003920162293964	1.53676724110171e-07	5.503475857250354e-06	0.0005740274322931	0.0002743572013009	3.295074930250096e-07	7.527187390566257e-08	0.0	0.0	0.0	0.0	0.0	0.0	0.0	0.0	0.0	0.0	0.0
4927.202197390993	21.000487679119946	441.0204827608685	24277321.493974637	6311.499392882089	95.3304427191124	39835024.58635097	9087.89330902197	5625.338592529297	1.697202555338663	31644434.28059949	2.880496513848087	5603.418023214575	4614.009390887092	1.037124	17.547878	0.1268033554304881	0.0684726485242984	-0.0444469301	0.0855092139	-0.0186490714	0.0960615265	-0.0153393035	0.0697208494	-0.0292359152	0.1177560271	-0.0571733217	-0.0842673594	-0.016311944	0.0604444705	-0.0126984774	-0.0621490407	-0.0135887037	0.0447151982	-0.0678941304	0.0090355926	0.0634792859	-0.0468729822	0.1450984925	-0.0490601363	-0.0786396272	0.0315108551	-0.0289051987	-0.1144907207	0.0436746933	-0.0031642195	0.0322276295	0.0862722809	-0.0324974458	-0.0555558531	-0.0257861321	0.0773504182	-0.0011925915	-0.0496226665	-0.0587471145	-0.0889685421	-0.0385305923	-0.0387320083	0.0484003943	0.0630907089	0.0579065771	0.0351386735	0.0229505767	-0.0545837146	-0.0018631389	-0.0638876162	0.1234293009	-0.1031442371	0.0008326436	-0.0340149707	0.0203203071	0.0488601516	-0.0605673324	-0.0150850633	0.0458257671	0.0540711256	-0.0938962748	-0.0672488465	-0.082094567	0.0349860398	0.0643119243	-0.0592198912	-0.0487189272	-0.04150644	0.0397150187	-0.0044793823	0.1322555361	-0.0813210502	-0.0453294496	-0.0740405781	0.0406668429	-0.0965602879	0.0915453623	0.0003544117	0.1247664046	0.0554895207	-0.0023305838	-0.032509932	0.0285967368	-0.0567390169	-0.0911913037	0.090904137	-0.0904261954	0.0897584821	-0.0889023983	0.0878597406	0.0529496001458937	-0.0115056480619557	0.0001323799373255	0.00280366015561	0.1126165485022596	-0.0195690406528968	0.0126824869965617	0.0003829473520747	0.3111244723594524	-0.0591103000106655	0.0034940275673508	0.0967984373009476	0.0071427885680389	-0.0001204556805816	5.10194285277072e-05	1.4509570984400472e-08	-0.0019108441885233	0.0004351046295992	1.8931603869865705e-07	3.651325512813269e-06	0.0007508344562116	0.0001768070239184	5.637523806345691e-07	3.1260723706917014e-08	0.0	0.0	0.0	0.0	0.0	0.0	0.0	0.0	0.0	0.0	0.0
4945.818434100038	18.61623670904464	346.56426920718127	24461119.98308375	6311.4381192441015	-0.0612736379871421	39834251.13304752	0.0037544587121793	5629.859295247396	4.520702718099528	31695315.68428351	20.436753065432463	5604.964368134931	4647.1430001851	1.065489	18.027807	0.1639212466863238	0.0882513442443842	-0.0429285543	0.1056355228	0.1076746376	-0.0349291161	0.0117278225	0.0883196845	0.1004777471	0.0627748694	-0.0060074708	0.0932403821	0.0330016627	0.0947917534	-0.010312131	-0.0386890408	-0.1351055692	0.0541122528	-0.0460275404	0.0661271001	0.0859449598	-0.0370544467	0.0230282809	0.0272060619	-0.0614056047	0.0177355957	-0.0775053963	-0.0893510498	0.0262137436	0.0262094245	0.1055168993	-0.0064302815	-0.083456272	0.0134036223	-0.0439516215	-0.0524423123	-0.0410242944	-0.0438219471	0.0285169697	0.0694003959	-0.0523527396	-0.0942604642	0.0355541707	0.0947016753	-0.0279784521	0.1510664665	-0.0202595652	0.0382641317	0.027289876	-0.0579972118	0.0603400025	-0.0156656505	0.0063855375	-0.0804011063	0.0620830123	0.1353753564	-0.0882716272	-0.0302896728	-0.0200825947	0.0804981115	-0.165626307	-0.0391493681	-0.0485962032	-0.0476242076	0.1527567549	0.021065924	0.005332862	0.0737584546	0.086942667	-0.0571522516	-0.0713507752	0.0094133003	-0.0937745769	-0.0328212471	0.0865680824	-0.0825846972	0.1327639913	-0.0121075403	0.1003352212	0.0526717558	-0.0318482182	-0.0457634477	0.0822429709	-0.0791747395	-0.0912382167	0.0910916402	-0.0908475206	0.0905061192	-0.0900678015	0.089533037	0.0403155889664077	-0.0126340111794859	0.0001596182384833	0.0016253467137083	0.1306652219571304	0.0180486734548707	0.0170734002291061	0.0003257546134805	0.2360170551341553	-0.0751074172252971	0.0056411241222548	0.0557040503141989	0.0066959859091854	-0.0004468026588535	4.483622729600943e-05	1.9963261595855715e-07	-0.0012471741041617	0.0006636700843615	4.40457980876533e-07	1.5554432460915392e-06	0.0006986843028933	-5.215015331829994e-05	4.881597551094966e-07	2.71963849112219e-09	0.0	0.0	0.0	0.0	0.0	0.0	0.0	0.0	0.0	0.0	0.0
4967.253807573785	21.43537347374695	459.4752359590144	24673610.388856266	6423.113577937448	111.67545869334664	41256388.0350844	12471.408074369368	5639.494805908204	9.635510660807997	31803901.66586561	92.84306569454452	5623.421476015321	4693.107053819045	1.104214	18.683031	0.0897336769076571	0.0559783591293263	0.0482018627	0.1977188877	0.0161368036	0.0566664294	-0.1268321205	0.1123914285	0.0340064527	0.1595159539	-0.0714129148	-0.0680056335	0.1285822875	0.1173311218	-0.0505690461	-0.0254270489	-0.1735939178	0.0928325938	-0.0948700149	0.052942159	0.0470728474	-0.0111256774	0.1809019341	-0.018508639	-0.0205482549	-0.0700119642	0.0689175269	0.0902947288	0.0187218915	0.0862108904	0.0544216909	-0.0339786222	0.0666243289	0.0217510797	0.0592832835	0.1262013047	-0.1821974439	-0.1128491836	-0.1599718773	0.029360474	-0.0492412831	-0.0758369406	0.0049852916	0.0828857245	0.0564114974	0.1898882845	0.0570993484	-0.1188736639	0.005429862	-0.0552470018	0.1254467694	0.0613287316	0.0173002853	-0.0776961677	-0.0892607424	-0.0308665079	0.0317051149	0.0183417971	-0.1162985486	0.0517297625	-0.2010962129	0.0314813332	-0.1218751261	-0.055118872	0.1352398764	0.0056701271	-0.1004218835	0.0455482527	0.0714754282	-0.006155079	0.1680293902	-0.0969582799	-0.0684001859	-0.0556122906	0.0147332143	-0.0173109483	0.1165565939	-0.0455342815	0.0561910312	-0.0154840861	-0.0616863754	-0.0230477085	0.0280448416	0.021631921	-0.0912694965	0.0912167139	-0.0911287655	0.0910056853	-0.0908475206	0.0906543325	0.0426678891101488	0.002352300143741	5.533315966244386e-06	0.0018205487611159	0.1230136991530912	-0.0076515228040392	0.0151323701793272	5.854580122073197e-05	0.1847331954910984	-0.0512838596430569	0.0026300342598887	0.0341263535163523	0.0068632786107753	0.0001672927015898	4.710459328912573e-05	2.798684800524711e-08	-0.0011672203906916	7.995371347010007e-05	6.392596297658861e-09	1.3624034404462511e-06	0.0003770108316169	-0.0003216734712764	1.4213716715646654e-07	1.0347382212300896e-07	0.0	0.0	0.0	0.0	0.0	0.0	0.0	0.0	0.0	0.0	0.0
4965.7457329828185	-1.5080745909663165	2.2742889719182227	24658630.68463707	6381.266321851717	-41.847256085730805	40720559.87039895	1751.192841904734	5642.547745768229	3.052939860024708	31838345.063274123	9.320441788927685	5625.781858609963	4693.2807793710745	1.00364	16.981344	0.0853109170882761	0.0381859006187118	0.0482523058	0.1795670463	0.1540513989	-0.0001583183	-0.0545315679	0.1938765994	0.0945611897	0.0456372477	-0.106829104	0.0780910912	0.0264774781	0.1047638267	-0.068680402	0.033984653	-0.1337867681	0.1437129156	-0.0394199655	0.0859937242	0.0818079862	-0.0820415963	0.0149342888	-0.0167370747	-0.0649066604	-0.0387116902	0.0899317335	0.0482003455	0.0236374199	0.0897144948	-0.0415771712	-0.0534859164	-0.0234099275	0.1416693	0.0653239818	-0.0042537057	-0.0166904778	-0.1490221913	0.016988266	0.0349378332	-0.052528489	-0.131852143	-0.0010253908	-0.0014475413	0.0056424534	0.2089085003	-0.0190785139	0.0198054442	0.0381712343	-0.1255455216	0.0051412649	0.0789369118	-0.0122667446	-0.1305698357	-0.1256850421	0.0516280825	-0.0092134207	0.0017465811	0.0222070913	0.0318526934	-0.1872164845	0.0011162918	0.0058650758	-0.1173070302	0.1562752795	-0.0428577685	-0.034077559	0.1055352065	0.0769607463	-0.1295211209	0.019712312	0.0242217697	-0.0504748399	0.0033449301	-0.0182326242	0.029332557	0.1221034988	-0.0511847689	0.0697800378	0.0252731623	-0.1070544179	0.0182617823	0.0353614075	0.0122315445	-0.0912851377	0.0912792721	-0.0912694965	0.0912558111	-0.0912382167	0.0912167139	0.0380134352127186	-0.0046544538974302	2.16639410833032e-05	0.0014450212566715	0.1332450380062511	0.0102313388531598	0.0177542401532872	0.0001046802947281	0.2057273504391545	0.020994154948056	0.0004407545419829	0.0423237427187146	0.0065369098061174	-0.0003263688046578	4.2731189813313824e-05	1.0651659665382639e-07	-0.0009119482646828	0.0002552721260088	6.516385831705268e-08	8.316496374579702e-07	0.0007839892887428	0.0004069784571258	6.146392048634414e-07	1.65631464564578e-07	0.0	0.0	0.0	0.0	0.0	0.0	0.0	0.0	0.0	0.0	0.0
