
Mon Mar  9 01:16:49 CET 2026
cd /out/sourcedata/freesurfer/sub-v1s16x0051188_ses-1
setenv SUBJECTS_DIR /out/sourcedata/freesurfer
/opt/freesurfer/bin/recon-all -autorecon-hemi lh -noparcstats -noparcstats2 -noparcstats3 -nohyporelabel -nobalabels -lh-only -openmp 16 -subjid sub-v1s16x0051188_ses-1 -sd /out/sourcedata/freesurfer

subjid sub-v1s16x0051188_ses-1
setenv SUBJECTS_DIR /out/sourcedata/freesurfer
FREESURFER_HOME /opt/freesurfer
Actual FREESURFER_HOME /opt/freesurfer
build-stamp.txt: freesurfer-linux-ubuntu22_x86_64-7.3.2-20220804-6354275
Linux dna078 5.14.0-427.37.1.el9_4.x86_64 #1 SMP PREEMPT_DYNAMIC Fri Sep 13 12:41:50 EDT 2024 x86_64 x86_64 x86_64 GNU/Linux
cputime      unlimited
filesize     unlimited
datasize     unlimited
stacksize    8192 kbytes
coredumpsize 0 kbytes
memoryuse    67108864 kbytes
vmemoryuse   unlimited
descriptors  1024 
memorylocked unlimited
maxproc      2061970 
maxlocks     unlimited
maxsignal    2062029 
maxmessage   819200 
maxnice      0 
maxrtprio    0 
maxrttime    unlimited

               total        used        free      shared  buff/cache   available
Mem:           503Gi        49Gi       417Gi       6.4Gi        36Gi       444Gi
Swap:             0B          0B          0B

########################################
program versions used
7.3.2 (freesurfer-linux-ubuntu22_x86_64-7.3.2-20220804-6354275)
7.3.2

ProgramName: lta_convert  ProgramArguments: lta_convert -all-info  ProgramVersion: 7.3.2  TimeStamp: 2026/03/09-00:16:49-GMT  BuildTime: Aug  4 2022 06:17:15  BuildStamp: freesurfer-linux-ubuntu22_x86_64-7.3.2-20220804-6354275  User: oesteban  Machine: dna078  Platform: Linux  PlatformVersion: 5.14.0-427.37.1.el9_4.x86_64  CompilerName: GCC  CompilerVersion: 8.4.0
ProgramName: mri_and  ProgramArguments: mri_and -all-info  ProgramVersion: 7.3.2  TimeStamp: 2026/03/09-00:16:49-GMT  BuildTime: Aug  4 2022 06:17:15  BuildStamp: freesurfer-linux-ubuntu22_x86_64-7.3.2-20220804-6354275  User: oesteban  Machine: dna078  Platform: Linux  PlatformVersion: 5.14.0-427.37.1.el9_4.x86_64  CompilerName: GCC  CompilerVersion: 8.4.0
ProgramName: mri_annotation2label  ProgramArguments: mri_annotation2label -all-info  ProgramVersion: 7.3.2  TimeStamp: 2026/03/09-00:16:49-GMT  BuildTime: Aug  4 2022 06:17:15  BuildStamp: freesurfer-linux-ubuntu22_x86_64-7.3.2-20220804-6354275  User: oesteban  Machine: dna078  Platform: Linux  PlatformVersion: 5.14.0-427.37.1.el9_4.x86_64  CompilerName: GCC  CompilerVersion: 8.4.0
ProgramName: mri_aparc2aseg  ProgramArguments: mri_aparc2aseg -all-info  ProgramVersion: 7.3.2  TimeStamp: 2026/03/09-00:16:49-GMT  BuildTime: Aug  4 2022 06:17:15  BuildStamp: freesurfer-linux-ubuntu22_x86_64-7.3.2-20220804-6354275  User: oesteban  Machine: dna078  Platform: Linux  PlatformVersion: 5.14.0-427.37.1.el9_4.x86_64  CompilerName: GCC  CompilerVersion: 8.4.0
ProgramName: mri_surf2volseg  ProgramArguments: mri_surf2volseg -all-info  ProgramVersion: 7.3.2  TimeStamp: 2026/03/09-00:16:49-GMT  BuildTime: Aug  4 2022 06:17:15  BuildStamp: freesurfer-linux-ubuntu22_x86_64-7.3.2-20220804-6354275  User: oesteban  Machine: dna078  Platform: Linux  PlatformVersion: 5.14.0-427.37.1.el9_4.x86_64  CompilerName: GCC  CompilerVersion: 8.4.0
ProgramName: mri_binarize  ProgramArguments: mri_binarize -all-info  ProgramVersion: 7.3.2  TimeStamp: 2026/03/09-00:16:49-GMT  BuildTime: Aug  4 2022 06:17:15  BuildStamp: freesurfer-linux-ubuntu22_x86_64-7.3.2-20220804-6354275  User: oesteban  Machine: dna078  Platform: Linux  PlatformVersion: 5.14.0-427.37.1.el9_4.x86_64  CompilerName: GCC  CompilerVersion: 8.4.0
ProgramName: mri_ca_label  ProgramArguments: mri_ca_label -all-info  ProgramVersion: 7.3.2  TimeStamp: 2026/03/09-00:16:49-GMT  BuildTime: Aug  4 2022 06:17:15  BuildStamp: freesurfer-linux-ubuntu22_x86_64-7.3.2-20220804-6354275  User: oesteban  Machine: dna078  Platform: Linux  PlatformVersion: 5.14.0-427.37.1.el9_4.x86_64  CompilerName: GCC  CompilerVersion: 8.4.0
ProgramName: mri_ca_normalize  ProgramArguments: mri_ca_normalize -all-info  ProgramVersion: 7.3.2  TimeStamp: 2026/03/09-00:16:49-GMT  BuildTime: Aug  4 2022 06:17:15  BuildStamp: freesurfer-linux-ubuntu22_x86_64-7.3.2-20220804-6354275  User: oesteban  Machine: dna078  Platform: Linux  PlatformVersion: 5.14.0-427.37.1.el9_4.x86_64  CompilerName: GCC  CompilerVersion: 8.4.0
ProgramName: mri_ca_register  ProgramArguments: mri_ca_register -all-info  ProgramVersion: 7.3.2  TimeStamp: 2026/03/09-00:16:49-GMT  BuildTime: Aug  4 2022 06:17:15  BuildStamp: freesurfer-linux-ubuntu22_x86_64-7.3.2-20220804-6354275  User: oesteban  Machine: dna078  Platform: Linux  PlatformVersion: 5.14.0-427.37.1.el9_4.x86_64  CompilerName: GCC  CompilerVersion: 8.4.0
ProgramName: mri_cc  ProgramArguments: mri_cc -all-info  ProgramVersion: 7.3.2  TimeStamp: 2026/03/09-00:16:49-GMT  BuildTime: Aug  4 2022 06:17:15  BuildStamp: freesurfer-linux-ubuntu22_x86_64-7.3.2-20220804-6354275  User: oesteban  Machine: dna078  Platform: Linux  PlatformVersion: 5.14.0-427.37.1.el9_4.x86_64  CompilerName: GCC  CompilerVersion: 8.4.0
ProgramName: mri_compute_overlap  ProgramArguments: mri_compute_overlap -all-info  ProgramVersion: 7.3.2  TimeStamp: 2026/03/09-00:16:49-GMT  BuildTime: Aug  4 2022 06:17:15  BuildStamp: freesurfer-linux-ubuntu22_x86_64-7.3.2-20220804-6354275  User: oesteban  Machine: dna078  Platform: Linux  PlatformVersion: 5.14.0-427.37.1.el9_4.x86_64  CompilerName: GCC  CompilerVersion: 8.4.0
ProgramName: mri_compute_seg_overlap  ProgramArguments: mri_compute_seg_overlap -all-info  ProgramVersion: 7.3.2  TimeStamp: 2026/03/09-00:16:49-GMT  BuildTime: Aug  4 2022 06:17:15  BuildStamp: freesurfer-linux-ubuntu22_x86_64-7.3.2-20220804-6354275  User: oesteban  Machine: dna078  Platform: Linux  PlatformVersion: 5.14.0-427.37.1.el9_4.x86_64  CompilerName: GCC  CompilerVersion: 8.4.0
ProgramName: mri_concat  ProgramArguments: mri_concat -all-info  ProgramVersion: 7.3.2  TimeStamp: 2026/03/09-00:16:49-GMT  BuildTime: Aug  4 2022 06:17:15  BuildStamp: freesurfer-linux-ubuntu22_x86_64-7.3.2-20220804-6354275  User: oesteban  Machine: dna078  Platform: Linux  PlatformVersion: 5.14.0-427.37.1.el9_4.x86_64  CompilerName: GCC  CompilerVersion: 8.4.0
ProgramName: mri_concatenate_lta  ProgramArguments: mri_concatenate_lta -all-info  ProgramVersion: 7.3.2  TimeStamp: 2026/03/09-00:16:49-GMT  BuildTime: Aug  4 2022 06:17:15  BuildStamp: freesurfer-linux-ubuntu22_x86_64-7.3.2-20220804-6354275  User: oesteban  Machine: dna078  Platform: Linux  PlatformVersion: 5.14.0-427.37.1.el9_4.x86_64  CompilerName: GCC  CompilerVersion: 8.4.0
mri_convert -all-info 
ProgramName: mri_convert  ProgramArguments: mri_convert -all-info  ProgramVersion: 7.3.2  TimeStamp: 2026/03/09-00:16:49-GMT  BuildTime: Aug  4 2022 06:17:15  BuildStamp: freesurfer-linux-ubuntu22_x86_64-7.3.2-20220804-6354275  User: oesteban  Machine: dna078  Platform: Linux  PlatformVersion: 5.14.0-427.37.1.el9_4.x86_64  CompilerName: GCC  CompilerVersion: 8.4.0
ProgramName: mri_diff  ProgramArguments: mri_diff -all-info  ProgramVersion: 7.3.2  TimeStamp: 2026/03/09-00:16:49-GMT  BuildTime: Aug  4 2022 06:17:15  BuildStamp: freesurfer-linux-ubuntu22_x86_64-7.3.2-20220804-6354275  User: oesteban  Machine: dna078  Platform: Linux  PlatformVersion: 5.14.0-427.37.1.el9_4.x86_64  CompilerName: GCC  CompilerVersion: 8.4.0
ProgramName: mri_edit_wm_with_aseg  ProgramArguments: mri_edit_wm_with_aseg -all-info  ProgramVersion: 7.3.2  TimeStamp: 2026/03/09-00:16:49-GMT  BuildTime: Aug  4 2022 06:17:15  BuildStamp: freesurfer-linux-ubuntu22_x86_64-7.3.2-20220804-6354275  User: oesteban  Machine: dna078  Platform: Linux  PlatformVersion: 5.14.0-427.37.1.el9_4.x86_64  CompilerName: GCC  CompilerVersion: 8.4.0
ProgramName: mri_em_register  ProgramArguments: mri_em_register -all-info  ProgramVersion: 7.3.2  TimeStamp: 2026/03/09-00:16:49-GMT  BuildTime: Aug  4 2022 06:17:15  BuildStamp: freesurfer-linux-ubuntu22_x86_64-7.3.2-20220804-6354275  User: oesteban  Machine: dna078  Platform: Linux  PlatformVersion: 5.14.0-427.37.1.el9_4.x86_64  CompilerName: GCC  CompilerVersion: 8.4.0
ProgramName: mri_fill  ProgramArguments: mri_fill -all-info  ProgramVersion: 7.3.2  TimeStamp: 2026/03/09-00:16:49-GMT  BuildTime: Aug  4 2022 06:17:15  BuildStamp: freesurfer-linux-ubuntu22_x86_64-7.3.2-20220804-6354275  User: oesteban  Machine: dna078  Platform: Linux  PlatformVersion: 5.14.0-427.37.1.el9_4.x86_64  CompilerName: GCC  CompilerVersion: 8.4.0
ProgramName: mri_fuse_segmentations  ProgramArguments: mri_fuse_segmentations -all-info  ProgramVersion: 7.3.2  TimeStamp: 2026/03/09-00:16:49-GMT  BuildTime: Aug  4 2022 06:17:15  BuildStamp: freesurfer-linux-ubuntu22_x86_64-7.3.2-20220804-6354275  User: oesteban  Machine: dna078  Platform: Linux  PlatformVersion: 5.14.0-427.37.1.el9_4.x86_64  CompilerName: GCC  CompilerVersion: 8.4.0
ProgramName: mri_fwhm  ProgramArguments: mri_fwhm -all-info  ProgramVersion: 7.3.2  TimeStamp: 2026/03/09-00:16:49-GMT  BuildTime: Aug  4 2022 06:17:15  BuildStamp: freesurfer-linux-ubuntu22_x86_64-7.3.2-20220804-6354275  User: oesteban  Machine: dna078  Platform: Linux  PlatformVersion: 5.14.0-427.37.1.el9_4.x86_64  CompilerName: GCC  CompilerVersion: 8.4.0
ProgramName: mri_gcut  ProgramArguments: mri_gcut -all-info  ProgramVersion: 7.3.2  TimeStamp: 2026/03/09-00:16:49-GMT  BuildTime: Aug  4 2022 06:17:15  BuildStamp: freesurfer-linux-ubuntu22_x86_64-7.3.2-20220804-6354275  User: oesteban  Machine: dna078  Platform: Linux  PlatformVersion: 5.14.0-427.37.1.el9_4.x86_64  CompilerName: GCC  CompilerVersion: 8.4.0
ProgramName: mri_info  ProgramArguments: mri_info -all-info  ProgramVersion: 7.3.2  TimeStamp: 2026/03/09-00:16:49-GMT  BuildTime: Aug  4 2022 06:17:15  BuildStamp: freesurfer-linux-ubuntu22_x86_64-7.3.2-20220804-6354275  User: oesteban  Machine: dna078  Platform: Linux  PlatformVersion: 5.14.0-427.37.1.el9_4.x86_64  CompilerName: GCC  CompilerVersion: 8.4.0
ProgramName: mri_label2label  ProgramArguments: mri_label2label -all-info  ProgramVersion: 7.3.2  TimeStamp: 2026/03/09-00:16:49-GMT  BuildTime: Aug  4 2022 06:17:15  BuildStamp: freesurfer-linux-ubuntu22_x86_64-7.3.2-20220804-6354275  User: oesteban  Machine: dna078  Platform: Linux  PlatformVersion: 5.14.0-427.37.1.el9_4.x86_64  CompilerName: GCC  CompilerVersion: 8.4.0
ProgramName: mri_label2vol  ProgramArguments: mri_label2vol -all-info  ProgramVersion: 7.3.2  TimeStamp: 2026/03/09-00:16:49-GMT  BuildTime: Aug  4 2022 06:17:15  BuildStamp: freesurfer-linux-ubuntu22_x86_64-7.3.2-20220804-6354275  User: oesteban  Machine: dna078  Platform: Linux  PlatformVersion: 5.14.0-427.37.1.el9_4.x86_64  CompilerName: GCC  CompilerVersion: 8.4.0
ProgramName: mri_log_likelihood  ProgramArguments: mri_log_likelihood -all-info  ProgramVersion: 7.3.2  TimeStamp: 2026/03/09-00:16:49-GMT  BuildTime: Aug  4 2022 06:17:15  BuildStamp: freesurfer-linux-ubuntu22_x86_64-7.3.2-20220804-6354275  User: oesteban  Machine: dna078  Platform: Linux  PlatformVersion: 5.14.0-427.37.1.el9_4.x86_64  CompilerName: GCC  CompilerVersion: 8.4.0
ProgramName: mri_mask  ProgramArguments: mri_mask -all-info  ProgramVersion: 7.3.2  TimeStamp: 2026/03/09-00:16:49-GMT  BuildTime: Aug  4 2022 06:17:15  BuildStamp: freesurfer-linux-ubuntu22_x86_64-7.3.2-20220804-6354275  User: oesteban  Machine: dna078  Platform: Linux  PlatformVersion: 5.14.0-427.37.1.el9_4.x86_64  CompilerName: GCC  CompilerVersion: 8.4.0
ProgramName: mri_matrix_multiply  ProgramArguments: mri_matrix_multiply -all-info  ProgramVersion: 7.3.2  TimeStamp: 2026/03/09-00:16:49-GMT  BuildTime: Aug  4 2022 06:17:15  BuildStamp: freesurfer-linux-ubuntu22_x86_64-7.3.2-20220804-6354275  User: oesteban  Machine: dna078  Platform: Linux  PlatformVersion: 5.14.0-427.37.1.el9_4.x86_64  CompilerName: GCC  CompilerVersion: 8.4.0
ProgramName: mri_normalize  ProgramArguments: mri_normalize -all-info  ProgramVersion: 7.3.2  TimeStamp: 2026/03/09-00:16:49-GMT  BuildTime: Aug  4 2022 06:17:15  BuildStamp: freesurfer-linux-ubuntu22_x86_64-7.3.2-20220804-6354275  User: oesteban  Machine: dna078  Platform: Linux  PlatformVersion: 5.14.0-427.37.1.el9_4.x86_64  CompilerName: GCC  CompilerVersion: 8.4.0
ProgramName: mri_normalize_tp2  ProgramArguments: mri_normalize_tp2 -all-info  ProgramVersion: 7.3.2  TimeStamp: 2026/03/09-00:16:49-GMT  BuildTime: Aug  4 2022 06:17:15  BuildStamp: freesurfer-linux-ubuntu22_x86_64-7.3.2-20220804-6354275  User: oesteban  Machine: dna078  Platform: Linux  PlatformVersion: 5.14.0-427.37.1.el9_4.x86_64  CompilerName: GCC  CompilerVersion: 8.4.0
ProgramName: mri_or  ProgramArguments: mri_or -all-info  ProgramVersion: 7.3.2  TimeStamp: 2026/03/09-00:16:49-GMT  BuildTime: Aug  4 2022 06:17:15  BuildStamp: freesurfer-linux-ubuntu22_x86_64-7.3.2-20220804-6354275  User: oesteban  Machine: dna078  Platform: Linux  PlatformVersion: 5.14.0-427.37.1.el9_4.x86_64  CompilerName: GCC  CompilerVersion: 8.4.0
ProgramName: mri_relabel_hypointensities  ProgramArguments: mri_relabel_hypointensities -all-info  ProgramVersion: 7.3.2  TimeStamp: 2026/03/09-00:16:49-GMT  BuildTime: Aug  4 2022 06:17:15  BuildStamp: freesurfer-linux-ubuntu22_x86_64-7.3.2-20220804-6354275  User: oesteban  Machine: dna078  Platform: Linux  PlatformVersion: 5.14.0-427.37.1.el9_4.x86_64  CompilerName: GCC  CompilerVersion: 8.4.0
ProgramName: mri_relabel_nonwm_hypos  ProgramArguments: mri_relabel_nonwm_hypos -all-info  ProgramVersion: 7.3.2  TimeStamp: 2026/03/09-00:16:49-GMT  BuildTime: Aug  4 2022 06:17:15  BuildStamp: freesurfer-linux-ubuntu22_x86_64-7.3.2-20220804-6354275  User: oesteban  Machine: dna078  Platform: Linux  PlatformVersion: 5.14.0-427.37.1.el9_4.x86_64  CompilerName: GCC  CompilerVersion: 8.4.0
ProgramName: mri_remove_neck  ProgramArguments: mri_remove_neck -all-info  ProgramVersion: 7.3.2  TimeStamp: 2026/03/09-00:16:49-GMT  BuildTime: Aug  4 2022 06:17:15  BuildStamp: freesurfer-linux-ubuntu22_x86_64-7.3.2-20220804-6354275  User: oesteban  Machine: dna078  Platform: Linux  PlatformVersion: 5.14.0-427.37.1.el9_4.x86_64  CompilerName: GCC  CompilerVersion: 8.4.0
7.3.2

ProgramName: mri_robust_register  ProgramArguments: mri_robust_register -all-info  ProgramVersion: 7.3.2  TimeStamp: 2026/03/09-00:16:49-GMT  BuildTime: Aug  4 2022 06:17:15  BuildStamp: freesurfer-linux-ubuntu22_x86_64-7.3.2-20220804-6354275  User: oesteban  Machine: dna078  Platform: Linux  PlatformVersion: 5.14.0-427.37.1.el9_4.x86_64  CompilerName: GCC  CompilerVersion: 8.4.0
7.3.2

ProgramName: mri_robust_template  ProgramArguments: mri_robust_template -all-info  ProgramVersion: 7.3.2  TimeStamp: 2026/03/09-00:16:49-GMT  BuildTime: Aug  4 2022 06:17:15  BuildStamp: freesurfer-linux-ubuntu22_x86_64-7.3.2-20220804-6354275  User: oesteban  Machine: dna078  Platform: Linux  PlatformVersion: 5.14.0-427.37.1.el9_4.x86_64  CompilerName: GCC  CompilerVersion: 8.4.0
ProgramName: mris_anatomical_stats  ProgramArguments: mris_anatomical_stats -all-info  ProgramVersion: 7.3.2  TimeStamp: 2026/03/09-00:16:49-GMT  BuildTime: Aug  4 2022 06:17:15  BuildStamp: freesurfer-linux-ubuntu22_x86_64-7.3.2-20220804-6354275  User: oesteban  Machine: dna078  Platform: Linux  PlatformVersion: 5.14.0-427.37.1.el9_4.x86_64  CompilerName: GCC  CompilerVersion: 8.4.0
ProgramName: mris_ca_label  ProgramArguments: mris_ca_label -all-info  ProgramVersion: 7.3.2  TimeStamp: 2026/03/09-00:16:49-GMT  BuildTime: Aug  4 2022 06:17:15  BuildStamp: freesurfer-linux-ubuntu22_x86_64-7.3.2-20220804-6354275  User: oesteban  Machine: dna078  Platform: Linux  PlatformVersion: 5.14.0-427.37.1.el9_4.x86_64  CompilerName: GCC  CompilerVersion: 8.4.0
ProgramName: mris_calc  ProgramArguments: mris_calc -all-info  ProgramVersion: 7.3.2  TimeStamp: 2026/03/09-00:16:49-GMT  BuildTime: Aug  4 2022 06:17:15  BuildStamp: freesurfer-linux-ubuntu22_x86_64-7.3.2-20220804-6354275  User: oesteban  Machine: dna078  Platform: Linux  PlatformVersion: 5.14.0-427.37.1.el9_4.x86_64  CompilerName: GCC  CompilerVersion: 8.4.0
ProgramName: mris_convert  ProgramArguments: mris_convert -all-info  ProgramVersion: 7.3.2  TimeStamp: 2026/03/09-00:16:49-GMT  BuildTime: Aug  4 2022 06:17:15  BuildStamp: freesurfer-linux-ubuntu22_x86_64-7.3.2-20220804-6354275  User: oesteban  Machine: dna078  Platform: Linux  PlatformVersion: 5.14.0-427.37.1.el9_4.x86_64  CompilerName: GCC  CompilerVersion: 8.4.0
ProgramName: mris_curvature  ProgramArguments: mris_curvature -all-info  ProgramVersion: 7.3.2  TimeStamp: 2026/03/09-00:16:49-GMT  BuildTime: Aug  4 2022 06:17:15  BuildStamp: freesurfer-linux-ubuntu22_x86_64-7.3.2-20220804-6354275  User: oesteban  Machine: dna078  Platform: Linux  PlatformVersion: 5.14.0-427.37.1.el9_4.x86_64  CompilerName: GCC  CompilerVersion: 8.4.0
ProgramName: mris_curvature_stats  ProgramArguments: mris_curvature_stats -all-info  ProgramVersion: 7.3.2  TimeStamp: 2026/03/09-00:16:49-GMT  BuildTime: Aug  4 2022 06:17:15  BuildStamp: freesurfer-linux-ubuntu22_x86_64-7.3.2-20220804-6354275  User: oesteban  Machine: dna078  Platform: Linux  PlatformVersion: 5.14.0-427.37.1.el9_4.x86_64  CompilerName: GCC  CompilerVersion: 8.4.0
ProgramName: mris_diff  ProgramArguments: mris_diff -all-info  ProgramVersion: 7.3.2  TimeStamp: 2026/03/09-00:16:49-GMT  BuildTime: Aug  4 2022 06:17:15  BuildStamp: freesurfer-linux-ubuntu22_x86_64-7.3.2-20220804-6354275  User: oesteban  Machine: dna078  Platform: Linux  PlatformVersion: 5.14.0-427.37.1.el9_4.x86_64  CompilerName: GCC  CompilerVersion: 8.4.0
ProgramName: mris_divide_parcellation  ProgramArguments: mris_divide_parcellation -all-info  ProgramVersion: 7.3.2  TimeStamp: 2026/03/09-00:16:49-GMT  BuildTime: Aug  4 2022 06:17:15  BuildStamp: freesurfer-linux-ubuntu22_x86_64-7.3.2-20220804-6354275  User: oesteban  Machine: dna078  Platform: Linux  PlatformVersion: 5.14.0-427.37.1.el9_4.x86_64  CompilerName: GCC  CompilerVersion: 8.4.0
ProgramName: mri_segment  ProgramArguments: mri_segment -all-info  ProgramVersion: 7.3.2  TimeStamp: 2026/03/09-00:16:49-GMT  BuildTime: Aug  4 2022 06:17:15  BuildStamp: freesurfer-linux-ubuntu22_x86_64-7.3.2-20220804-6354275  User: oesteban  Machine: dna078  Platform: Linux  PlatformVersion: 5.14.0-427.37.1.el9_4.x86_64  CompilerName: GCC  CompilerVersion: 8.4.0
ProgramName: mri_segstats  ProgramArguments: mri_segstats -all-info  ProgramVersion: 7.3.2  TimeStamp: 2026/03/09-00:16:49-GMT  BuildTime: Aug  4 2022 06:17:15  BuildStamp: freesurfer-linux-ubuntu22_x86_64-7.3.2-20220804-6354275  User: oesteban  Machine: dna078  Platform: Linux  PlatformVersion: 5.14.0-427.37.1.el9_4.x86_64  CompilerName: GCC  CompilerVersion: 8.4.0
ProgramName: mris_euler_number  ProgramArguments: mris_euler_number -all-info  ProgramVersion: 7.3.2  TimeStamp: 2026/03/09-00:16:49-GMT  BuildTime: Aug  4 2022 06:17:15  BuildStamp: freesurfer-linux-ubuntu22_x86_64-7.3.2-20220804-6354275  User: oesteban  Machine: dna078  Platform: Linux  PlatformVersion: 5.14.0-427.37.1.el9_4.x86_64  CompilerName: GCC  CompilerVersion: 8.4.0
ProgramName: mris_fix_topology  ProgramArguments: mris_fix_topology -all-info  ProgramVersion: 7.3.2  TimeStamp: 2026/03/09-00:16:49-GMT  BuildTime: Aug  4 2022 06:17:15  BuildStamp: freesurfer-linux-ubuntu22_x86_64-7.3.2-20220804-6354275  User: oesteban  Machine: dna078  Platform: Linux  PlatformVersion: 5.14.0-427.37.1.el9_4.x86_64  CompilerName: GCC  CompilerVersion: 8.4.0
ProgramName: mris_topo_fixer  ProgramArguments: mris_topo_fixer -all-info  ProgramVersion: 7.3.2  TimeStamp: 2026/03/09-00:16:49-GMT  BuildTime: Aug  4 2022 06:17:15  BuildStamp: freesurfer-linux-ubuntu22_x86_64-7.3.2-20220804-6354275  User: oesteban  Machine: dna078  Platform: Linux  PlatformVersion: 5.14.0-427.37.1.el9_4.x86_64  CompilerName: GCC  CompilerVersion: 8.4.0
ProgramName: mris_jacobian  ProgramArguments: mris_jacobian -all-info  ProgramVersion: 7.3.2  TimeStamp: 2026/03/09-00:16:49-GMT  BuildTime: Aug  4 2022 06:17:15  BuildStamp: freesurfer-linux-ubuntu22_x86_64-7.3.2-20220804-6354275  User: oesteban  Machine: dna078  Platform: Linux  PlatformVersion: 5.14.0-427.37.1.el9_4.x86_64  CompilerName: GCC  CompilerVersion: 8.4.0
ProgramName: mris_label2annot  ProgramArguments: mris_label2annot -all-info  ProgramVersion: 7.3.2  TimeStamp: 2026/03/09-00:16:49-GMT  BuildTime: Aug  4 2022 06:17:15  BuildStamp: freesurfer-linux-ubuntu22_x86_64-7.3.2-20220804-6354275  User: oesteban  Machine: dna078  Platform: Linux  PlatformVersion: 5.14.0-427.37.1.el9_4.x86_64  CompilerName: GCC  CompilerVersion: 8.4.0
ProgramName: mris_left_right_register  ProgramArguments: mris_left_right_register -all-info  ProgramVersion: 7.3.2  TimeStamp: 2026/03/09-00:16:49-GMT  BuildTime: Aug  4 2022 06:17:15  BuildStamp: freesurfer-linux-ubuntu22_x86_64-7.3.2-20220804-6354275  User: oesteban  Machine: dna078  Platform: Linux  PlatformVersion: 5.14.0-427.37.1.el9_4.x86_64  CompilerName: GCC  CompilerVersion: 8.4.0
ProgramName: mris_place_surface  ProgramArguments: mris_place_surface -all-info  ProgramVersion: 7.3.2  TimeStamp: 2026/03/09-00:16:49-GMT  BuildTime: Aug  4 2022 06:17:15  BuildStamp: freesurfer-linux-ubuntu22_x86_64-7.3.2-20220804-6354275  User: oesteban  Machine: dna078  Platform: Linux  PlatformVersion: 5.14.0-427.37.1.el9_4.x86_64  CompilerName: GCC  CompilerVersion: 8.4.0
ProgramName: mrisp_paint  ProgramArguments: mrisp_paint -all-info  ProgramVersion: 7.3.2  TimeStamp: 2026/03/09-00:16:49-GMT  BuildTime: Aug  4 2022 06:17:15  BuildStamp: freesurfer-linux-ubuntu22_x86_64-7.3.2-20220804-6354275  User: oesteban  Machine: dna078  Platform: Linux  PlatformVersion: 5.14.0-427.37.1.el9_4.x86_64  CompilerName: GCC  CompilerVersion: 8.4.0
ProgramName: mris_register  ProgramArguments: mris_register -all-info  ProgramVersion: 7.3.2  TimeStamp: 2026/03/09-00:16:49-GMT  BuildTime: Aug  4 2022 06:17:15  BuildStamp: freesurfer-linux-ubuntu22_x86_64-7.3.2-20220804-6354275  User: oesteban  Machine: dna078  Platform: Linux  PlatformVersion: 5.14.0-427.37.1.el9_4.x86_64  CompilerName: GCC  CompilerVersion: 8.4.0
ProgramName: mris_smooth  ProgramArguments: mris_smooth -all-info  ProgramVersion: 7.3.2  TimeStamp: 2026/03/09-00:16:49-GMT  BuildTime: Aug  4 2022 06:17:15  BuildStamp: freesurfer-linux-ubuntu22_x86_64-7.3.2-20220804-6354275  User: oesteban  Machine: dna078  Platform: Linux  PlatformVersion: 5.14.0-427.37.1.el9_4.x86_64  CompilerName: GCC  CompilerVersion: 8.4.0
ProgramName: mris_sphere  ProgramArguments: mris_sphere -all-info  ProgramVersion: 7.3.2  TimeStamp: 2026/03/09-00:16:49-GMT  BuildTime: Aug  4 2022 06:17:15  BuildStamp: freesurfer-linux-ubuntu22_x86_64-7.3.2-20220804-6354275  User: oesteban  Machine: dna078  Platform: Linux  PlatformVersion: 5.14.0-427.37.1.el9_4.x86_64  CompilerName: GCC  CompilerVersion: 8.4.0
ProgramName: mris_surface_stats  ProgramArguments: mris_surface_stats -all-info  ProgramVersion: 7.3.2  TimeStamp: 2026/03/09-00:16:49-GMT  BuildTime: Aug  4 2022 06:17:15  BuildStamp: freesurfer-linux-ubuntu22_x86_64-7.3.2-20220804-6354275  User: oesteban  Machine: dna078  Platform: Linux  PlatformVersion: 5.14.0-427.37.1.el9_4.x86_64  CompilerName: GCC  CompilerVersion: 8.4.0
ProgramName: mri_stats2seg  ProgramArguments: mri_stats2seg -all-info  ProgramVersion: 7.3.2  TimeStamp: 2026/03/09-00:16:49-GMT  BuildTime: Aug  4 2022 06:17:15  BuildStamp: freesurfer-linux-ubuntu22_x86_64-7.3.2-20220804-6354275  User: oesteban  Machine: dna078  Platform: Linux  PlatformVersion: 5.14.0-427.37.1.el9_4.x86_64  CompilerName: GCC  CompilerVersion: 8.4.0
ProgramName: mris_thickness  ProgramArguments: mris_thickness -all-info  ProgramVersion: 7.3.2  TimeStamp: 2026/03/09-00:16:49-GMT  BuildTime: Aug  4 2022 06:17:15  BuildStamp: freesurfer-linux-ubuntu22_x86_64-7.3.2-20220804-6354275  User: oesteban  Machine: dna078  Platform: Linux  PlatformVersion: 5.14.0-427.37.1.el9_4.x86_64  CompilerName: GCC  CompilerVersion: 8.4.0
ProgramName: mris_thickness_diff  ProgramArguments: mris_thickness_diff -all-info  ProgramVersion: 7.3.2  TimeStamp: 2026/03/09-00:16:49-GMT  BuildTime: Aug  4 2022 06:17:15  BuildStamp: freesurfer-linux-ubuntu22_x86_64-7.3.2-20220804-6354275  User: oesteban  Machine: dna078  Platform: Linux  PlatformVersion: 5.14.0-427.37.1.el9_4.x86_64  CompilerName: GCC  CompilerVersion: 8.4.0
ProgramName: mris_topo_fixer  ProgramArguments: mris_topo_fixer -all-info  ProgramVersion: 7.3.2  TimeStamp: 2026/03/09-00:16:49-GMT  BuildTime: Aug  4 2022 06:17:15  BuildStamp: freesurfer-linux-ubuntu22_x86_64-7.3.2-20220804-6354275  User: oesteban  Machine: dna078  Platform: Linux  PlatformVersion: 5.14.0-427.37.1.el9_4.x86_64  CompilerName: GCC  CompilerVersion: 8.4.0
ProgramName: mri_surf2surf  ProgramArguments: mri_surf2surf -all-info  ProgramVersion: 7.3.2  TimeStamp: 2026/03/09-00:16:49-GMT  BuildTime: Aug  4 2022 06:17:15  BuildStamp: freesurfer-linux-ubuntu22_x86_64-7.3.2-20220804-6354275  User: oesteban  Machine: dna078  Platform: Linux  PlatformVersion: 5.14.0-427.37.1.el9_4.x86_64  CompilerName: GCC  CompilerVersion: 8.4.0
ProgramName: mri_surf2vol  ProgramArguments: mri_surf2vol -all-info  ProgramVersion: 7.3.2  TimeStamp: 2026/03/09-00:16:49-GMT  BuildTime: Aug  4 2022 06:17:15  BuildStamp: freesurfer-linux-ubuntu22_x86_64-7.3.2-20220804-6354275  User: oesteban  Machine: dna078  Platform: Linux  PlatformVersion: 5.14.0-427.37.1.el9_4.x86_64  CompilerName: GCC  CompilerVersion: 8.4.0
ProgramName: mri_surfcluster  ProgramArguments: mri_surfcluster -all-info  ProgramVersion: 7.3.2  TimeStamp: 2026/03/09-00:16:49-GMT  BuildTime: Aug  4 2022 06:17:15  BuildStamp: freesurfer-linux-ubuntu22_x86_64-7.3.2-20220804-6354275  User: oesteban  Machine: dna078  Platform: Linux  PlatformVersion: 5.14.0-427.37.1.el9_4.x86_64  CompilerName: GCC  CompilerVersion: 8.4.0
ProgramName: mris_volmask  ProgramArguments: mris_volmask -all-info  ProgramVersion: 7.3.2  TimeStamp: 2026/03/09-00:16:49-GMT  BuildTime: Aug  4 2022 06:17:15  BuildStamp: freesurfer-linux-ubuntu22_x86_64-7.3.2-20220804-6354275  User: oesteban  Machine: dna078  Platform: Linux  PlatformVersion: 5.14.0-427.37.1.el9_4.x86_64  CompilerName: GCC  CompilerVersion: 8.4.0
ProgramName: mri_tessellate  ProgramArguments: mri_tessellate -all-info  ProgramVersion: 7.3.2  TimeStamp: 2026/03/09-00:16:49-GMT  BuildTime: Aug  4 2022 06:17:15  BuildStamp: freesurfer-linux-ubuntu22_x86_64-7.3.2-20220804-6354275  User: oesteban  Machine: dna078  Platform: Linux  PlatformVersion: 5.14.0-427.37.1.el9_4.x86_64  CompilerName: GCC  CompilerVersion: 8.4.0
ProgramName: mri_vol2surf  ProgramArguments: mri_vol2surf -all-info  ProgramVersion: 7.3.2  TimeStamp: 2026/03/09-00:16:49-GMT  BuildTime: Aug  4 2022 06:17:15  BuildStamp: freesurfer-linux-ubuntu22_x86_64-7.3.2-20220804-6354275  User: oesteban  Machine: dna078  Platform: Linux  PlatformVersion: 5.14.0-427.37.1.el9_4.x86_64  CompilerName: GCC  CompilerVersion: 8.4.0
ProgramName: mri_vol2vol  ProgramArguments: mri_vol2vol -all-info  ProgramVersion: 7.3.2  TimeStamp: 2026/03/09-00:16:49-GMT  BuildTime: Aug  4 2022 06:17:15  BuildStamp: freesurfer-linux-ubuntu22_x86_64-7.3.2-20220804-6354275  User: oesteban  Machine: dna078  Platform: Linux  PlatformVersion: 5.14.0-427.37.1.el9_4.x86_64  CompilerName: GCC  CompilerVersion: 8.4.0
ProgramName: mri_voldiff  ProgramArguments: mri_voldiff -all-info  ProgramVersion: 7.3.2  TimeStamp: 2026/03/09-00:16:49-GMT  BuildTime: Aug  4 2022 06:17:15  BuildStamp: freesurfer-linux-ubuntu22_x86_64-7.3.2-20220804-6354275  User: oesteban  Machine: dna078  Platform: Linux  PlatformVersion: 5.14.0-427.37.1.el9_4.x86_64  CompilerName: GCC  CompilerVersion: 8.4.0
ProgramName: mri_watershed  ProgramArguments: mri_watershed -all-info  ProgramVersion: 7.3.2  TimeStamp: 2026/03/09-00:16:49-GMT  BuildTime: Aug  4 2022 06:17:15  BuildStamp: freesurfer-linux-ubuntu22_x86_64-7.3.2-20220804-6354275  User: oesteban  Machine: dna078  Platform: Linux  PlatformVersion: 5.14.0-427.37.1.el9_4.x86_64  CompilerName: GCC  CompilerVersion: 8.4.0
ProgramName: tkregister2  ProgramArguments: tkregister2_cmdl -all-info  ProgramVersion: 7.3.2  TimeStamp: 2026/03/09-00:16:49-GMT  BuildTime: Aug  4 2022 06:17:15  BuildStamp: freesurfer-linux-ubuntu22_x86_64-7.3.2-20220804-6354275  User: oesteban  Machine: dna078  Platform: Linux  PlatformVersion: 5.14.0-427.37.1.el9_4.x86_64  CompilerName: GCC  CompilerVersion: 8.4.0
mri_motion_correct.fsl 7.3.2
mri_convert -all-info 
ProgramName: mri_convert  ProgramArguments: mri_convert -all-info  ProgramVersion: 7.3.2  TimeStamp: 2026/03/09-00:16:49-GMT  BuildTime: Aug  4 2022 06:17:15  BuildStamp: freesurfer-linux-ubuntu22_x86_64-7.3.2-20220804-6354275  User: oesteban  Machine: dna078  Platform: Linux  PlatformVersion: 5.14.0-427.37.1.el9_4.x86_64  CompilerName: GCC  CompilerVersion: 8.4.0
Program nu_correct, built from:
Package MNI N3, version 1.12.0, compiled by nicks@terrier (x86_64-unknown-linux-gnu) on 2015-06-19 at 01:25:34
#######################################
GCADIR /opt/freesurfer/average
GCA RB_all_2020-01-02.gca
GCASkull RB_all_withskull_2020_01_02.gca
AvgCurvTif folding.atlas.acfb40.noaparc.i12.2016-08-02.tif
GCSDIR /opt/freesurfer/average
GCS DKaparc.atlas.acfb40.noaparc.i12.2016-08-02.gcs
#######################################
#--------------------------------------------
#@# Tessellate lh Mon Mar  9 01:16:49 CET 2026
/out/sourcedata/freesurfer/sub-v1s16x0051188_ses-1/scripts

 mri_pretess ../mri/filled.mgz 255 ../mri/norm.mgz ../mri/filled-pretess255.mgz 


Iteration Number : 1
pass   1 (xy+):   1 found -   1 modified     |    TOTAL:   1
pass   2 (xy+):   0 found -   1 modified     |    TOTAL:   1
pass   1 (xy-):   1 found -   1 modified     |    TOTAL:   2
pass   2 (xy-):   0 found -   1 modified     |    TOTAL:   2
pass   1 (yz+):   3 found -   3 modified     |    TOTAL:   5
pass   2 (yz+):   0 found -   3 modified     |    TOTAL:   5
pass   1 (yz-):   3 found -   3 modified     |    TOTAL:   8
pass   2 (yz-):   0 found -   3 modified     |    TOTAL:   8
pass   1 (xz+):   4 found -   4 modified     |    TOTAL:  12
pass   2 (xz+):   0 found -   4 modified     |    TOTAL:  12
pass   1 (xz-):   0 found -   0 modified     |    TOTAL:  12
Iteration Number : 1
pass   1 (+++):   0 found -   0 modified     |    TOTAL:   0
pass   1 (+++):   2 found -   2 modified     |    TOTAL:   2
pass   2 (+++):   0 found -   2 modified     |    TOTAL:   2
pass   1 (+++):   0 found -   0 modified     |    TOTAL:   2
pass   1 (+++):   0 found -   0 modified     |    TOTAL:   2
Iteration Number : 1
pass   1 (++):   0 found -   0 modified     |    TOTAL:   0
pass   1 (+-):   0 found -   0 modified     |    TOTAL:   0
pass   1 (--):   2 found -   2 modified     |    TOTAL:   2
pass   2 (--):   0 found -   2 modified     |    TOTAL:   2
pass   1 (-+):   0 found -   0 modified     |    TOTAL:   2
Iteration Number : 2
pass   1 (xy+):   0 found -   0 modified     |    TOTAL:   0
pass   1 (xy-):   0 found -   0 modified     |    TOTAL:   0
pass   1 (yz+):   0 found -   0 modified     |    TOTAL:   0
pass   1 (yz-):   0 found -   0 modified     |    TOTAL:   0
pass   1 (xz+):   0 found -   0 modified     |    TOTAL:   0
pass   1 (xz-):   0 found -   0 modified     |    TOTAL:   0
Iteration Number : 2
pass   1 (+++):   0 found -   0 modified     |    TOTAL:   0
pass   1 (+++):   0 found -   0 modified     |    TOTAL:   0
pass   1 (+++):   0 found -   0 modified     |    TOTAL:   0
pass   1 (+++):   0 found -   0 modified     |    TOTAL:   0
Iteration Number : 2
pass   1 (++):   0 found -   0 modified     |    TOTAL:   0
pass   1 (+-):   0 found -   0 modified     |    TOTAL:   0
pass   1 (--):   0 found -   0 modified     |    TOTAL:   0
pass   1 (-+):   0 found -   0 modified     |    TOTAL:   0

Total Number of Modified Voxels = 16 (out of 218015: 0.007339)
Ambiguous edge configurations... 

mri_pretess done


 mri_tessellate ../mri/filled-pretess255.mgz 255 ../surf/lh.orig.nofix 

7.3.2
  7.3.2
slice 50: 747 vertices, 808 faces
slice 60: 4750 vertices, 4927 faces
slice 70: 11557 vertices, 11832 faces
slice 80: 19213 vertices, 19475 faces
slice 90: 27473 vertices, 27800 faces
slice 100: 35758 vertices, 36053 faces
slice 110: 44819 vertices, 45164 faces
slice 120: 55024 vertices, 55397 faces
slice 130: 65389 vertices, 65763 faces
slice 140: 74859 vertices, 75226 faces
slice 150: 83443 vertices, 83755 faces
slice 160: 89289 vertices, 89531 faces
slice 170: 95362 vertices, 95622 faces
slice 180: 100731 vertices, 100943 faces
slice 190: 105318 vertices, 105502 faces
slice 200: 108180 vertices, 108329 faces
slice 210: 109253 vertices, 109310 faces
slice 220: 109348 vertices, 109390 faces
slice 230: 109348 vertices, 109390 faces
slice 240: 109348 vertices, 109390 faces
slice 250: 109348 vertices, 109390 faces
using the conformed surface RAS to save vertex points...
writing ../surf/lh.orig.nofix
using vox2ras matrix:
-1.00000   0.00000   0.00000   128.00000;
 0.00000   0.00000   1.00000  -128.00000;
 0.00000  -1.00000   0.00000   128.00000;
 0.00000   0.00000   0.00000   1.00000;

 rm -f ../mri/filled-pretess255.mgz 


 mris_extract_main_component ../surf/lh.orig.nofix ../surf/lh.orig.nofix 


counting number of connected components...
   109348 voxel in cpt #1: X=-42 [v=109348,e=328170,f=218780] located at (-26.929920, -8.318662, 47.730759)
For the whole surface: X=-42 [v=109348,e=328170,f=218780]
One single component has been found
nothing to do
done

#--------------------------------------------
#@# Smooth1 lh Mon Mar  9 01:16:51 CET 2026
/out/sourcedata/freesurfer/sub-v1s16x0051188_ses-1/scripts

 mris_smooth -nw -seed 1234 ../surf/lh.orig.nofix ../surf/lh.smoothwm.nofix 

setting seed for random number generator to 1234
smoothing surface tessellation for 10 iterations...
smoothing complete - recomputing first and second fundamental forms...
#--------------------------------------------
#@# Inflation1 lh Mon Mar  9 01:16:53 CET 2026
/out/sourcedata/freesurfer/sub-v1s16x0051188_ses-1/scripts

 mris_inflate -no-save-sulc ../surf/lh.smoothwm.nofix ../surf/lh.inflated.nofix 

Not saving sulc
Reading ../surf/lh.smoothwm.nofix
avg radius = 44.6 mm, total surface area = 59042 mm^2
step 000: RMS=0.154 (target=0.015)   step 005: RMS=0.118 (target=0.015)   step 010: RMS=0.090 (target=0.015)   step 015: RMS=0.077 (target=0.015)   step 020: RMS=0.070 (target=0.015)   step 025: RMS=0.062 (target=0.015)   step 030: RMS=0.057 (target=0.015)   step 035: RMS=0.054 (target=0.015)   step 040: RMS=0.052 (target=0.015)   step 045: RMS=0.049 (target=0.015)   step 050: RMS=0.048 (target=0.015)   step 055: RMS=0.049 (target=0.015)   step 060: RMS=0.049 (target=0.015)   writing inflated surface to ../surf/lh.inflated.nofix
inflation took 0.2 minutes

inflation complete.
Not saving sulc
mris_inflate utimesec    48.963162
mris_inflate stimesec    1.792663
mris_inflate ru_maxrss   176220
mris_inflate ru_ixrss    0
mris_inflate ru_idrss    0
mris_inflate ru_isrss    0
mris_inflate ru_minflt   473613
mris_inflate ru_majflt   36
mris_inflate ru_nswap    0
mris_inflate ru_inblock  1672
mris_inflate ru_oublock  7696
mris_inflate ru_msgsnd   0
mris_inflate ru_msgrcv   0
mris_inflate ru_nsignals 0
mris_inflate ru_nvcsw    6187
mris_inflate ru_nivcsw   457
#--------------------------------------------
#@# QSphere lh Mon Mar  9 01:17:04 CET 2026
/out/sourcedata/freesurfer/sub-v1s16x0051188_ses-1/scripts

 mris_sphere -q -p 6 -a 128 -seed 1234 ../surf/lh.inflated.nofix ../surf/lh.qsphere.nofix 

doing quick spherical unfolding.
limitting unfolding to 6 passes
using n_averages = 128
setting seed for random number genererator to 1234
version: 7.3.2
available threads: 16
scaling brain by 0.320...
inflating...
projecting onto sphere...
surface projected - minimizing metric distortion...
vertex spacing 1.08 +- 0.62 (0.00-->9.63) (max @ vno 40680 --> 41608)
face area 0.03 +- 0.03 (-0.11-->1.33)
Entering MRISinflateToSphere()
inflating to sphere (rms error < 2.00)
000: dt: 0.0000, rms radial error=177.759, avgs=0
005/300: dt: 0.9000, rms radial error=177.500, avgs=0
010/300: dt: 0.9000, rms radial error=176.942, avgs=0
015/300: dt: 0.9000, rms radial error=176.210, avgs=0
020/300: dt: 0.9000, rms radial error=175.377, avgs=0
025/300: dt: 0.9000, rms radial error=174.485, avgs=0
030/300: dt: 0.9000, rms radial error=173.560, avgs=0
035/300: dt: 0.9000, rms radial error=172.619, avgs=0
040/300: dt: 0.9000, rms radial error=171.671, avgs=0
045/300: dt: 0.9000, rms radial error=170.719, avgs=0
050/300: dt: 0.9000, rms radial error=169.769, avgs=0
055/300: dt: 0.9000, rms radial error=168.822, avgs=0
060/300: dt: 0.9000, rms radial error=167.876, avgs=0
065/300: dt: 0.9000, rms radial error=166.934, avgs=0
070/300: dt: 0.9000, rms radial error=165.997, avgs=0
075/300: dt: 0.9000, rms radial error=165.064, avgs=0
080/300: dt: 0.9000, rms radial error=164.137, avgs=0
085/300: dt: 0.9000, rms radial error=163.214, avgs=0
090/300: dt: 0.9000, rms radial error=162.296, avgs=0
095/300: dt: 0.9000, rms radial error=161.383, avgs=0
100/300: dt: 0.9000, rms radial error=160.475, avgs=0
105/300: dt: 0.9000, rms radial error=159.572, avgs=0
110/300: dt: 0.9000, rms radial error=158.674, avgs=0
115/300: dt: 0.9000, rms radial error=157.781, avgs=0
120/300: dt: 0.9000, rms radial error=156.893, avgs=0
125/300: dt: 0.9000, rms radial error=156.009, avgs=0
130/300: dt: 0.9000, rms radial error=155.130, avgs=0
135/300: dt: 0.9000, rms radial error=154.256, avgs=0
140/300: dt: 0.9000, rms radial error=153.387, avgs=0
145/300: dt: 0.9000, rms radial error=152.523, avgs=0
150/300: dt: 0.9000, rms radial error=151.663, avgs=0
155/300: dt: 0.9000, rms radial error=150.808, avgs=0
160/300: dt: 0.9000, rms radial error=149.958, avgs=0
165/300: dt: 0.9000, rms radial error=149.112, avgs=0
170/300: dt: 0.9000, rms radial error=148.271, avgs=0
175/300: dt: 0.9000, rms radial error=147.435, avgs=0
180/300: dt: 0.9000, rms radial error=146.603, avgs=0
185/300: dt: 0.9000, rms radial error=145.776, avgs=0
190/300: dt: 0.9000, rms radial error=144.953, avgs=0
195/300: dt: 0.9000, rms radial error=144.135, avgs=0
200/300: dt: 0.9000, rms radial error=143.322, avgs=0
205/300: dt: 0.9000, rms radial error=142.513, avgs=0
210/300: dt: 0.9000, rms radial error=141.709, avgs=0
215/300: dt: 0.9000, rms radial error=140.909, avgs=0
220/300: dt: 0.9000, rms radial error=140.113, avgs=0
225/300: dt: 0.9000, rms radial error=139.322, avgs=0
230/300: dt: 0.9000, rms radial error=138.535, avgs=0
235/300: dt: 0.9000, rms radial error=137.753, avgs=0
240/300: dt: 0.9000, rms radial error=136.975, avgs=0
245/300: dt: 0.9000, rms radial error=136.202, avgs=0
250/300: dt: 0.9000, rms radial error=135.433, avgs=0
255/300: dt: 0.9000, rms radial error=134.668, avgs=0
260/300: dt: 0.9000, rms radial error=133.908, avgs=0
265/300: dt: 0.9000, rms radial error=133.151, avgs=0
270/300: dt: 0.9000, rms radial error=132.399, avgs=0
275/300: dt: 0.9000, rms radial error=131.652, avgs=0
280/300: dt: 0.9000, rms radial error=130.908, avgs=0
285/300: dt: 0.9000, rms radial error=130.169, avgs=0
290/300: dt: 0.9000, rms radial error=129.433, avgs=0
295/300: dt: 0.9000, rms radial error=128.702, avgs=0
300/300: dt: 0.9000, rms radial error=127.975, avgs=0

spherical inflation complete.
epoch 1 (K=10.0), pass 1, starting sse = 12617.31
taking momentum steps...
taking momentum steps...
taking momentum steps...
taking momentum steps...
pass 1 complete, delta sse/iter = 0.01/13 = 0.00043
epoch 2 (K=40.0), pass 1, starting sse = 1988.87
taking momentum steps...
taking momentum steps...
taking momentum steps...
taking momentum steps...
pass 1 complete, delta sse/iter = 0.00/13 = 0.00025
epoch 3 (K=160.0), pass 1, starting sse = 192.13
taking momentum steps...
taking momentum steps...
taking momentum steps...
taking momentum steps...
pass 1 complete, delta sse/iter = 0.14/17 = 0.00843
epoch 4 (K=640.0), pass 1, starting sse = 13.28
taking momentum steps...
taking momentum steps...
taking momentum steps...
taking momentum steps...
pass 1 complete, delta sse/iter = 0.10/20 = 0.00500
final distance error %100000.00
writing spherical brain to ../surf/lh.qsphere.nofix
spherical transformation took 0.0154 hours
FSRUNTIME@ mris_sphere  0.0154 hours 16 threads
#VMPC# mris_sphere VmPeak  1517704
mris_sphere done
#@# Fix Topology lh Mon Mar  9 01:18:00 CET 2026

 mris_fix_topology -mgz -sphere qsphere.nofix -inflated inflated.nofix -orig orig.nofix -out orig.premesh -ga -seed 1234 sub-v1s16x0051188_ses-1 lh 

reading spherical homeomorphism from 'qsphere.nofix'
reading inflated coordinates from 'inflated.nofix'
reading original coordinates from 'orig.nofix'
using genetic algorithm with optimized parameters
setting seed for random number genererator to 1234

*************************************************************
Topology Correction Parameters
retessellation mode:           genetic search
number of patches/generation : 10
number of generations :        10
surface mri loglikelihood coefficient :         1.0
volume mri loglikelihood coefficient :          10.0
normal dot loglikelihood coefficient :          1.0
quadratic curvature loglikelihood coefficient : 1.0
volume resolution :                             2
eliminate vertices during search :              1
initial patch selection :                       1
select all defect vertices :                    0
ordering dependant retessellation:              0
use precomputed edge table :                    0
smooth retessellated patch :                    2
match retessellated patch :                     1
verbose mode :                                  0

*************************************************************
INFO: assuming .mgz format
writing corrected surface to 'orig.premesh'
7.3.2
  7.3.2
before topology correction, eno=-42 (nv=109348, nf=218780, ne=328170, g=22)
using quasi-homeomorphic spherical map to tessellate cortical surface...

Correction of the Topology
Finding true center and radius of Spherical Surface...done
Surface centered at (0,0,0) with radius 100.0 in 9 iterations
marking ambiguous vertices...
6678 ambiguous faces found in tessellation
segmenting defects...
33 defects found, arbitrating ambiguous regions...
analyzing neighboring defects...
33 defects to be corrected 
0 vertices coincident
reading input surface /out/sourcedata/freesurfer/sub-v1s16x0051188_ses-1/surf/lh.qsphere.nofix...
reading brain volume from brain...
reading wm segmentation from wm...
Reading original properties of orig.nofix
Reading vertex positions of inflated.nofix
Computing Initial Surface Statistics
      -face       loglikelihood: -9.2669  (-4.6335)
      -vertex     loglikelihood: -6.1170  (-3.0585)
      -normal dot loglikelihood: -3.5796  (-3.5796)
      -quad curv  loglikelihood: -5.9444  (-2.9722)
      Total Loglikelihood : -24.9079
CORRECTING DEFECT 0 (vertices=77, convex hull=109, v0=712)
After retessellation of defect 0 (v0=712), euler #=-28 (105449,315210,209733) : difference with theory (-30) = -2 
CORRECTING DEFECT 1 (vertices=1515, convex hull=540, v0=1574)
A large defect has been detected...
This often happens because cerebellum or dura has not been removed from wm.mgz.
This may cause recon-all to run very slowly or crash.
if so, see https://surfer.nmr.mgh.harvard.edu/fswiki/FsTutorial/TopologicalDefect_freeview
After retessellation of defect 1 (v0=1574), euler #=-28 (105527,315726,210171) : difference with theory (-29) = -1 
CORRECTING DEFECT 2 (vertices=188, convex hull=120, v0=11295)
After retessellation of defect 2 (v0=11295), euler #=-27 (105576,315927,210324) : difference with theory (-28) = -1 
CORRECTING DEFECT 3 (vertices=35, convex hull=79, v0=13899)
After retessellation of defect 3 (v0=13899), euler #=-26 (105596,316018,210396) : difference with theory (-27) = -1 
CORRECTING DEFECT 4 (vertices=20, convex hull=58, v0=18053)
After retessellation of defect 4 (v0=18053), euler #=-25 (105605,316068,210438) : difference with theory (-26) = -1 
CORRECTING DEFECT 5 (vertices=121, convex hull=111, v0=21433)
After retessellation of defect 5 (v0=21433), euler #=-24 (105650,316254,210580) : difference with theory (-25) = -1 
CORRECTING DEFECT 6 (vertices=36, convex hull=59, v0=26467)
After retessellation of defect 6 (v0=26467), euler #=-23 (105664,316324,210637) : difference with theory (-24) = -1 
CORRECTING DEFECT 7 (vertices=28, convex hull=44, v0=27304)
After retessellation of defect 7 (v0=27304), euler #=-22 (105673,316371,210676) : difference with theory (-23) = -1 
CORRECTING DEFECT 8 (vertices=27, convex hull=44, v0=29985)
After retessellation of defect 8 (v0=29985), euler #=-21 (105683,316418,210714) : difference with theory (-22) = -1 
CORRECTING DEFECT 9 (vertices=18, convex hull=29, v0=34106)
After retessellation of defect 9 (v0=34106), euler #=-20 (105687,316441,210734) : difference with theory (-21) = -1 
CORRECTING DEFECT 10 (vertices=50, convex hull=98, v0=37374)
After retessellation of defect 10 (v0=37374), euler #=-19 (105716,316570,210835) : difference with theory (-20) = -1 
CORRECTING DEFECT 11 (vertices=6, convex hull=25, v0=40665)
After retessellation of defect 11 (v0=40665), euler #=-18 (105719,316586,210849) : difference with theory (-19) = -1 
CORRECTING DEFECT 12 (vertices=25, convex hull=35, v0=42580)
After retessellation of defect 12 (v0=42580), euler #=-17 (105723,316608,210868) : difference with theory (-18) = -1 
CORRECTING DEFECT 13 (vertices=27, convex hull=26, v0=50631)
After retessellation of defect 13 (v0=50631), euler #=-16 (105728,316632,210888) : difference with theory (-17) = -1 
CORRECTING DEFECT 14 (vertices=162, convex hull=57, v0=53096)
After retessellation of defect 14 (v0=53096), euler #=-15 (105752,316732,210965) : difference with theory (-16) = -1 
CORRECTING DEFECT 15 (vertices=41, convex hull=28, v0=53986)
After retessellation of defect 15 (v0=53986), euler #=-14 (105756,316752,210982) : difference with theory (-15) = -1 
CORRECTING DEFECT 16 (vertices=161, convex hull=47, v0=54987)
After retessellation of defect 16 (v0=54987), euler #=-13 (105770,316812,211029) : difference with theory (-14) = -1 
CORRECTING DEFECT 17 (vertices=38, convex hull=69, v0=62266)
After retessellation of defect 17 (v0=62266), euler #=-12 (105779,316870,211079) : difference with theory (-13) = -1 
CORRECTING DEFECT 18 (vertices=121, convex hull=79, v0=63347)
After retessellation of defect 18 (v0=63347), euler #=-11 (105814,317007,211182) : difference with theory (-12) = -1 
CORRECTING DEFECT 19 (vertices=25, convex hull=24, v0=67864)
After retessellation of defect 19 (v0=67864), euler #=-10 (105816,317018,211192) : difference with theory (-11) = -1 
CORRECTING DEFECT 20 (vertices=401, convex hull=140, v0=71729)
After retessellation of defect 20 (v0=71729), euler #=-9 (105858,317222,211355) : difference with theory (-10) = -1 
CORRECTING DEFECT 21 (vertices=24, convex hull=43, v0=73367)
After retessellation of defect 21 (v0=73367), euler #=-8 (105871,317277,211398) : difference with theory (-9) = -1 
CORRECTING DEFECT 22 (vertices=153, convex hull=142, v0=75712)
After retessellation of defect 22 (v0=75712), euler #=-7 (105912,317473,211554) : difference with theory (-8) = -1 
CORRECTING DEFECT 23 (vertices=45, convex hull=37, v0=76659)
After retessellation of defect 23 (v0=76659), euler #=-6 (105919,317509,211584) : difference with theory (-7) = -1 
CORRECTING DEFECT 24 (vertices=24, convex hull=31, v0=79166)
After retessellation of defect 24 (v0=79166), euler #=-5 (105922,317526,211599) : difference with theory (-6) = -1 
CORRECTING DEFECT 25 (vertices=27, convex hull=21, v0=79168)
After retessellation of defect 25 (v0=79168), euler #=-4 (105926,317542,211612) : difference with theory (-5) = -1 
CORRECTING DEFECT 26 (vertices=11, convex hull=32, v0=79355)
After retessellation of defect 26 (v0=79355), euler #=-3 (105927,317555,211625) : difference with theory (-4) = -1 
CORRECTING DEFECT 27 (vertices=299, convex hull=227, v0=87540)
After retessellation of defect 27 (v0=87540), euler #=-3 (106013,317928,211912) : difference with theory (-3) = 0 
CORRECTING DEFECT 28 (vertices=17, convex hull=57, v0=96250)
After retessellation of defect 28 (v0=96250), euler #=-2 (106022,317976,211952) : difference with theory (-2) = 0 
CORRECTING DEFECT 29 (vertices=7, convex hull=30, v0=96635)
After retessellation of defect 29 (v0=96635), euler #=-1 (106025,317991,211965) : difference with theory (-1) = 0 
CORRECTING DEFECT 30 (vertices=8, convex hull=27, v0=98392)
After retessellation of defect 30 (v0=98392), euler #=0 (106027,318004,211977) : difference with theory (0) = 0 
CORRECTING DEFECT 31 (vertices=67, convex hull=104, v0=102253)
After retessellation of defect 31 (v0=102253), euler #=1 (106066,318164,212099) : difference with theory (1) = 0 
CORRECTING DEFECT 32 (vertices=122, convex hull=48, v0=109193)
After retessellation of defect 32 (v0=109193), euler #=2 (106072,318210,212140) : difference with theory (2) = 0 
computing original vertex metric properties...
storing new metric properties...
computing tessellation statistics...
vertex spacing 0.89 +- 0.24 (0.11-->9.80) (max @ vno 62794 --> 71110)
face area -nan +- -nan (1000.00-->-1.00)
performing soap bubble on retessellated vertices for 0 iterations...
vertex spacing 0.89 +- 0.24 (0.11-->9.80) (max @ vno 62794 --> 71110)
face area -nan +- -nan (1000.00-->-1.00)
tessellation finished, orienting corrected surface...
128 mutations (37.9%), 210 crossovers (62.1%), 397 vertices were eliminated
building final representation...
3276 vertices and 0 faces have been removed from triangulation
after topology correction, eno=2 (nv=106072, nf=212140, ne=318210, g=0)
writing corrected surface to /out/sourcedata/freesurfer/sub-v1s16x0051188_ses-1/surf/lh.orig.premesh...

0.000 % of the vertices (0 vertices) exhibit an orientation change
removing intersecting faces
000: 374 intersecting
001: 31 intersecting
002: 16 intersecting
003: 3 intersecting
terminating search with 0 intersecting
topology fixing took 2.6 minutes
FSRUNTIME@ mris_fix_topology lh  0.0436 hours 16 threads
#VMPC# mris_fix_topology VmPeak  1824876

 mris_euler_number ../surf/lh.orig.premesh 

euler # = v-e+f = 2g-2: 106072 - 318210 + 212140 = 2 --> 0 holes
      F =2V-4:          212140 = 212144-4 (0)
      2E=3F:            636420 = 636420 (0)

total defect index = 0
Mon Mar  9 01:20:37 CET 2026

setenv SUBJECTS_DIR /out/sourcedata/freesurfer
cd /out/sourcedata/freesurfer/sub-v1s16x0051188_ses-1/scripts
/opt/freesurfer/bin/defect2seg --s sub-v1s16x0051188_ses-1 --lh-only --cortex

freesurfer-linux-ubuntu22_x86_64-7.3.2-20220804-6354275
defect2seg 7.3.2
Linux dna078 5.14.0-427.37.1.el9_4.x86_64 #1 SMP PREEMPT_DYNAMIC Fri Sep 13 12:41:50 EDT 2024 x86_64 x86_64 x86_64 GNU/Linux
pid 3208510
mri_label2label --label-cortex /out/sourcedata/freesurfer/sub-v1s16x0051188_ses-1/surf/lh.orig.nofix /out/sourcedata/freesurfer/sub-v1s16x0051188_ses-1/mri/aseg.presurf.mgz 0 /out/sourcedata/freesurfer/sub-v1s16x0051188_ses-1/label/lh.nofix.cortex.label

 Generating cortex label... RemoveHipAmgy=0
 NucAccIsMedialWall=0
 mris->useRealRAS=0
15 non-cortical segments detected
only using segment with 6460 vertices
erasing segment 1 (vno[0] = 42580)
erasing segment 2 (vno[0] = 63347)
erasing segment 3 (vno[0] = 65173)
erasing segment 4 (vno[0] = 65261)
erasing segment 5 (vno[0] = 66234)
erasing segment 6 (vno[0] = 67203)
erasing segment 7 (vno[0] = 73730)
erasing segment 8 (vno[0] = 78285)
erasing segment 9 (vno[0] = 79071)
erasing segment 10 (vno[0] = 79093)
erasing segment 11 (vno[0] = 79156)
erasing segment 12 (vno[0] = 79859)
erasing segment 13 (vno[0] = 80630)
erasing segment 14 (vno[0] = 81410)
mri_label2vol --defects /out/sourcedata/freesurfer/sub-v1s16x0051188_ses-1/surf/lh.orig.nofix /out/sourcedata/freesurfer/sub-v1s16x0051188_ses-1/surf/lh.defect_labels /out/sourcedata/freesurfer/sub-v1s16x0051188_ses-1/mri/orig.mgz 1000 0 /out/sourcedata/freesurfer/sub-v1s16x0051188_ses-1/mri/lh.surface.defects.mgz /out/sourcedata/freesurfer/sub-v1s16x0051188_ses-1/label/lh.nofix.cortex.label
mri_label2vol supposed to be reproducible but seed not set
Contraining to label /out/sourcedata/freesurfer/sub-v1s16x0051188_ses-1/label/lh.nofix.cortex.label
Changing input type 0 to MRI_INT
Converting defects to volume: offset=1000, merge=0
Writing to /out/sourcedata/freesurfer/sub-v1s16x0051188_ses-1/mri/lh.surface.defects.mgz
mris_defects_pointset -s /out/sourcedata/freesurfer/sub-v1s16x0051188_ses-1/surf/lh.orig.nofix -d /out/sourcedata/freesurfer/sub-v1s16x0051188_ses-1/surf/lh.defect_labels -o /out/sourcedata/freesurfer/sub-v1s16x0051188_ses-1/surf/lh.defects.pointset --label /out/sourcedata/freesurfer/sub-v1s16x0051188_ses-1/label/lh.nofix.cortex.label
Reading in surface /out/sourcedata/freesurfer/sub-v1s16x0051188_ses-1/surf/lh.orig.nofix
Reading in defect segmentation /out/sourcedata/freesurfer/sub-v1s16x0051188_ses-1/surf/lh.defect_labels
Reading in label /out/sourcedata/freesurfer/sub-v1s16x0051188_ses-1/label/lh.nofix.cortex.label
#VMPC# mris_defects_pointset 1344460
mris_defects_pointset done
 
Started at Mon Mar 9 01:20:37 CET 2026 
Ended   at Mon Mar  9 01:20:46 CET 2026
Defect2seg-Run-Time-Sec 9
Defect2seg-Run-Time-Min 0.18
Defect2seg-Run-Time-Hours 0.00
 
tkmeditfv sub-v1s16x0051188_ses-1 brain.finalsurfs.mgz -defect
defect2seg Done

 mris_remesh --remesh --iters 3 --input /out/sourcedata/freesurfer/sub-v1s16x0051188_ses-1/surf/lh.orig.premesh --output /out/sourcedata/freesurfer/sub-v1s16x0051188_ses-1/surf/lh.orig 

iters = 3
standard remeshing without target
   adjusted l: 0.713459
remeshing to edge length 0.713459 with 3 iterations

avg qual before   : 0.893132  after: 0.971051

Removing intersections
Remeshed surface quality stats nv0 = 106072  nv = 110890  1.04542
Area    221776  0.30436  0.03387 0.036145   0.4753
Corner  665328 60.00000  8.81980 8.396881 162.7643
Edge    332664  0.84642  0.08279 0.191429   1.2724
Hinge   332664  9.72612 10.45297 0.000009 151.5722
mris_remesh done
/out/sourcedata/freesurfer/sub-v1s16x0051188_ses-1/scripts

 mris_remove_intersection ../surf/lh.orig ../surf/lh.orig 

intersection removal took 0.00 hours
writing corrected surface to ../surf/lh.orig

 rm -f ../surf/lh.inflated 

#--------------------------------------------
#@# AutoDetGWStats lh Mon Mar  9 01:21:05 CET 2026
cd /out/sourcedata/freesurfer/sub-v1s16x0051188_ses-1/mri
mris_autodet_gwstats --o ../surf/autodet.gw.stats.lh.dat --i brain.finalsurfs.mgz --wm wm.mgz --surf ../surf/lh.orig.premesh
7.3.2

cd /out/sourcedata/freesurfer/sub-v1s16x0051188_ses-1/mri
setenv SUBJECTS_DIR /out/sourcedata/freesurfer
mris_autodet_gwstats --o ../surf/autodet.gw.stats.lh.dat --i brain.finalsurfs.mgz --wm wm.mgz --surf ../surf/lh.orig.premesh 

border white:    195416 voxels (1.16%)
border gray      222295 voxels (1.32%)
Reading in intensity volume brain.finalsurfs.mgz
Reading in wm volume wm.mgz
Reading in surf ../surf/lh.orig.premesh
Auto detecting stats
MRIclipBrightWM(): nthresh=11695, wmmin=5, clip=110 
Binarizing thresholding at 5
computing class statistics... low=30, hi=110.000000
CCS WM (97.0): 97.9 +- 7.8 [70.0 --> 110.0]
CCS GM (75.0) : 74.8 +- 9.8 [30.0 --> 110.0]
white_mean = 97.8981 +/- 7.84604, gray_mean = 74.7895 +/- 9.84011
using class modes intead of means, discounting robust sigmas....
MRIScomputeClassModes(): min=0 max=207 nbins=208
intensity peaks found at WM=102+-7.0,    GM=72+-7.0
white_mode = 102, gray_mode = 72
std_scale = 1
Applying sanity checks, max_scale_down = 0.2
setting MIN_GRAY_AT_WHITE_BORDER to 62.2 (was 70.000000)
setting MAX_BORDER_WHITE to 109.8 (was 105.000000)
setting MIN_BORDER_WHITE to 72.0 (was 85.000000)
setting MAX_CSF to 52.3 (was 40.000000)
setting MAX_GRAY to 94.2 (was 95.000000)
setting MAX_GRAY_AT_CSF_BORDER to 62.2 (was 75.000000)
setting MIN_GRAY_AT_CSF_BORDER to 42.5 (was 40.000000)
When placing the white surface
  white_border_hi   = 109.846;
  white_border_low  = 72;
  white_outside_low = 62.1599;
  white_inside_hi   = 120;
  white_outside_hi  = 109.846;
When placing the pial surface
  pial_border_hi   = 62.1599;
  pial_border_low  = 42.4797;
  pial_outside_low = 10;
  pial_inside_hi   = 94.154;
  pial_outside_hi  = 57.2398;
#VMPC# mris_autodet_gwstats VmPeak  1668300
mris_autodet_gwstats done
#--------------------------------------------
#@# WhitePreAparc lh Mon Mar  9 01:21:08 CET 2026
cd /out/sourcedata/freesurfer/sub-v1s16x0051188_ses-1/mri
mris_place_surface --adgws-in ../surf/autodet.gw.stats.lh.dat --wm wm.mgz --threads 16 --invol brain.finalsurfs.mgz --lh --i ../surf/lh.orig --o ../surf/lh.white.preaparc --white --seg aseg.presurf.mgz --nsmooth 5
7.3.2
7.3.2

cd /out/sourcedata/freesurfer/sub-v1s16x0051188_ses-1/mri
setenv SUBJECTS_DIR /out/sourcedata/freesurfer
mris_place_surface --adgws-in ../surf/autodet.gw.stats.lh.dat --wm wm.mgz --threads 16 --invol brain.finalsurfs.mgz --lh --i ../surf/lh.orig --o ../surf/lh.white.preaparc --white --seg aseg.presurf.mgz --nsmooth 5 

Reading in input surface ../surf/lh.orig
Smoothing surface before ripping with 5 iterations
Area    221776  0.26892  0.06496 0.003778   0.5855
Corner  665328 60.00000  9.50444 10.936875 143.7746
Edge    332664  0.79139  0.11741 0.069244   1.3211
Hinge   332664  6.47036  6.64967 0.000038 133.4025
Not reading in aparc
Reading in input volume brain.finalsurfs.mgz
Reading in wm volume wm.mgz
MRIclipBrightWM(): nthresh=11695, wmmin=5, clip=110 
MRIfindBrightNonWM(): 165 bright non-wm voxels segmented.
Masking bright non-wm for white surface
MRImask(): AllowDiffGeom = 1
MRImask(): AllowDiffGeom = 1
Reading in seg volume aseg.presurf.mgz
Ripping frozen voxels
INFO: rip surface needed but not specified, so using input surface
Freezing midline and others
Entering: MRISripMidline(): inhibiting deformation at non-cortical midline structures...
  which=1, fix_mtl=0, using annot = 0
#FML0# MRISripMidline(): nripped=0
removing 3 vertices from ripped group in thread:0
removing 3 vertices from ripped group in thread:0
#FML# MRISripMidline(): nmarked=5393, nmarked2=79, nripped=5393
Ripping segs (eg, WMSA, BG, frozen)
Starting MRISripSegs() d = (-2 2 0.5) segnos: 247 
MRISripSegs(): -2 2 0.5 ripped 0
vertex 55445: xyz = (-8.16398,3.96682,90.6528) oxyz = (-8.16398,3.96682,90.6528) wxzy = (-8.16398,3.96682,90.6528) pxyz = (0,0,0) 
CBVO Creating mask 110890
n_averages 4
Iteration 0 =========================================
n_averages=4, current_sigma=2
Freezing midline and others
Ripping frozen voxels
INFO: rip surface needed but not specified, so using input surface
Freezing midline and others
Entering: MRISripMidline(): inhibiting deformation at non-cortical midline structures...
  which=1, fix_mtl=0, using annot = 0
#FML0# MRISripMidline(): nripped=5393
removing 3 vertices from ripped group in thread:0
removing 3 vertices from ripped group in thread:0
#FML# MRISripMidline(): nmarked=5393, nmarked2=79, nripped=5393
Ripping segs (eg, WMSA, BG, frozen)
Starting MRISripSegs() d = (-2 2 0.5) segnos: 247 247 
MRISripSegs(): -2 2 0.5 ripped 0
Computing target border values 
Entering MRIScomputeBorderValues_new(): 
  inside_hi   = 120.0000000;
  border_hi   = 109.8460460;
  border_low  =  72.0000000;
  outside_low =  62.1598930;
  outside_hi  = 109.8460460;
  sigma = 2;
  max_thickness = 10;
  step_size=0.5;
  STEP_SIZE=0.1;
  which = 1
  thresh = 0
  flags = 0
  CBVfindFirstPeakD1=0
  CBVfindFirstPeakD2=0
  nvertices=110890
  Gdiag_no=-1
  vno start=0, stop=110890
Replacing 255s with 0s
#SI# sigma=2 had to be increased for 125 vertices, nripped=5393
mean border=83.8, 128 (128) missing vertices, mean dist 0.2 [0.6 (%41.4)->0.8 (%58.6))]
%77 local maxima, %18 large gradients and % 0 min vals, 0 gradients ignored
nFirstPeakD1 0
MRIScomputeBorderValues_new() finished in 0.0092 min


Finding expansion regions
mean absolute distance = 0.68 +- 0.84
3488 vertices more than 2 sigmas from mean.
Averaging target values for 5 iterations...
Positioning Surface: tspring = 0.3, nspring = 0.3, spring = 0, niters = 100 l_repulse = 5, l_surf_repulse = 0, checktol = 0
Positioning pial surface
Entering MRISpositionSurface()
  max_mm = 0.3
  MAX_REDUCTIONS = 2, REDUCTION_PCT = 0.5
  parms->check_tol = 0, niterations = 100
tol=1.0e-04, sigma=2.0, host=dna07, nav=4, nbrs=2, l_repulse=5.000, l_tspring=0.300, l_nspring=0.300, l_intensity=0.200, l_curv=1.000
mom=0.00, dt=0.50
complete_dist_mat 0
rms 0
smooth_averages 0
remove_neg 0
ico_order 0
which_surface 0
target_radius 0.000000
nfields 0
scale 0.000000
desired_rms_height 0.000000
momentum 0.000000
nbhd_size 0
max_nbrs 0
niterations 100
nsurfaces 0
SURFACES 3
flags 0 (0)
use curv 0
no sulc 0
no rigid align 0
mris->nsize 2
mris->hemisphere 0
randomSeed 0

000: dt: 0.0000, sse=1919233.8, rms=9.229
001: dt: 0.5000, sse=1138824.9, rms=6.954 (24.650%)
002: dt: 0.5000, sse=773692.8, rms=5.563 (20.003%)
003: dt: 0.5000, sse=575453.2, rms=4.636 (16.672%)
004: dt: 0.5000, sse=455062.1, rms=3.924 (15.343%)
005: dt: 0.5000, sse=379033.9, rms=3.433 (12.521%)
006: dt: 0.5000, sse=336213.7, rms=3.119 (9.136%)
007: dt: 0.5000, sse=325261.8, rms=3.010 (3.508%)
008: dt: 0.5000, sse=312948.0, rms=2.930 (2.644%)
rms = 2.8815/2.9303, sse=306103.1/312948.0, time step reduction 1 of 3 to 0.250  0 0 1
009: dt: 0.5000, sse=306103.1, rms=2.882 (1.665%)
010: dt: 0.2500, sse=205585.3, rms=1.868 (35.189%)
011: dt: 0.2500, sse=191760.2, rms=1.679 (10.113%)
012: dt: 0.2500, sse=189012.5, rms=1.605 (4.371%)
rms = 1.5568/1.6053, sse=186069.4/189012.5, time step reduction 2 of 3 to 0.125  0 0 1
013: dt: 0.2500, sse=186069.4, rms=1.557 (3.021%)
014: dt: 0.1250, sse=180419.9, rms=1.481 (4.886%)
rms = 1.4473/1.4807, sse=178183.0/180419.9, time step reduction 3 of 3 to 0.062  0 0 1
015: dt: 0.1250, sse=178183.0, rms=1.447 (2.259%)
  maximum number of reductions reached, breaking from loop
positioning took 1.0 minutes
Iteration 1 =========================================
n_averages=2, current_sigma=1
Freezing midline and others
Ripping frozen voxels
INFO: rip surface needed but not specified, so using input surface
Freezing midline and others
Entering: MRISripMidline(): inhibiting deformation at non-cortical midline structures...
  which=1, fix_mtl=0, using annot = 0
#FML0# MRISripMidline(): nripped=5393
removing 2 vertices from ripped group in thread:0
removing 3 vertices from ripped group in thread:0
removing 2 vertices from ripped group in thread:0
removing 4 vertices from ripped group in thread:0
#FML# MRISripMidline(): nmarked=5695, nmarked2=131, nripped=5695
Ripping segs (eg, WMSA, BG, frozen)
Starting MRISripSegs() d = (-2 2 0.5) segnos: 247 247 247 
MRISripSegs(): -2 2 0.5 ripped 0
Computing target border values 
Entering MRIScomputeBorderValues_new(): 
  inside_hi   = 120.0000000;
  border_hi   = 109.8460460;
  border_low  =  72.0000000;
  outside_low =  62.1598930;
  outside_hi  = 109.8460460;
  sigma = 1;
  max_thickness = 10;
  step_size=0.5;
  STEP_SIZE=0.1;
  which = 1
  thresh = 0
  flags = 0
  CBVfindFirstPeakD1=0
  CBVfindFirstPeakD2=0
  nvertices=110890
  Gdiag_no=-1
  vno start=0, stop=110890
Replacing 255s with 0s
#SI# sigma=1 had to be increased for 102 vertices, nripped=5695
mean border=85.6, 89 (28) missing vertices, mean dist -0.1 [0.3 (%70.0)->0.3 (%30.0))]
%82 local maxima, %12 large gradients and % 0 min vals, 0 gradients ignored
nFirstPeakD1 0
MRIScomputeBorderValues_new() finished in 0.0066 min


Finding expansion regions
mean absolute distance = 0.33 +- 0.60
2676 vertices more than 2 sigmas from mean.
Averaging target values for 5 iterations...
Positioning Surface: tspring = 0.3, nspring = 0.3, spring = 0, niters = 100 l_repulse = 5, l_surf_repulse = 0, checktol = 0
Positioning pial surface
Entering MRISpositionSurface()
  max_mm = 0.3
  MAX_REDUCTIONS = 2, REDUCTION_PCT = 0.5
  parms->check_tol = 0, niterations = 100
tol=1.0e-04, sigma=1.0, host=dna07, nav=2, nbrs=2, l_repulse=5.000, l_tspring=0.300, l_nspring=0.300, l_intensity=0.200, l_curv=1.000
mom=0.00, dt=0.50
000: dt: 0.0000, sse=434101.4, rms=3.539
016: dt: 0.5000, sse=304017.2, rms=2.359 (33.349%)
017: dt: 0.5000, sse=285324.9, rms=2.212 (6.215%)
rms = 2.2313/2.2125, sse=278252.2/285324.9, time step reduction 1 of 3 to 0.250  0 0 1
   RMS increased, rejecting step
018: dt: 0.2500, sse=237011.8, rms=1.688 (23.724%)
019: dt: 0.2500, sse=216793.2, rms=1.412 (16.301%)
rms = 1.3728/1.4125, sse=218648.9/216793.2, time step reduction 2 of 3 to 0.125  0 1 1
020: dt: 0.2500, sse=218648.9, rms=1.373 (2.810%)
021: dt: 0.1250, sse=212095.1, rms=1.289 (6.140%)
rms = 1.2663/1.2885, sse=206420.3/212095.1, time step reduction 3 of 3 to 0.062  0 0 1
022: dt: 0.1250, sse=206420.3, rms=1.266 (1.721%)
  maximum number of reductions reached, breaking from loop
positioning took 0.5 minutes
Iteration 2 =========================================
n_averages=1, current_sigma=0.5
Freezing midline and others
Ripping frozen voxels
INFO: rip surface needed but not specified, so using input surface
Freezing midline and others
Entering: MRISripMidline(): inhibiting deformation at non-cortical midline structures...
  which=1, fix_mtl=0, using annot = 0
#FML0# MRISripMidline(): nripped=5695
removing 3 vertices from ripped group in thread:0
removing 3 vertices from ripped group in thread:0
removing 2 vertices from ripped group in thread:0
removing 4 vertices from ripped group in thread:0
#FML# MRISripMidline(): nmarked=5784, nmarked2=134, nripped=5784
Ripping segs (eg, WMSA, BG, frozen)
Starting MRISripSegs() d = (-2 2 0.5) segnos: 247 247 247 247 
MRISripSegs(): -2 2 0.5 ripped 0
Computing target border values 
Entering MRIScomputeBorderValues_new(): 
  inside_hi   = 120.0000000;
  border_hi   = 109.8460460;
  border_low  =  72.0000000;
  outside_low =  62.1598930;
  outside_hi  = 109.8460460;
  sigma = 0.5;
  max_thickness = 10;
  step_size=0.5;
  STEP_SIZE=0.1;
  which = 1
  thresh = 0
  flags = 0
  CBVfindFirstPeakD1=0
  CBVfindFirstPeakD2=0
  nvertices=110890
  Gdiag_no=-1
  vno start=0, stop=110890
Replacing 255s with 0s
#SI# sigma=0.5 had to be increased for 120 vertices, nripped=5784
mean border=86.7, 91 (11) missing vertices, mean dist -0.1 [0.3 (%61.5)->0.2 (%38.5))]
%85 local maxima, % 9 large gradients and % 0 min vals, 0 gradients ignored
nFirstPeakD1 0
MRIScomputeBorderValues_new() finished in 0.0039 min


Finding expansion regions
mean absolute distance = 0.26 +- 0.46
2662 vertices more than 2 sigmas from mean.
Averaging target values for 5 iterations...
Positioning Surface: tspring = 0.3, nspring = 0.3, spring = 0, niters = 100 l_repulse = 5, l_surf_repulse = 0, checktol = 0
Positioning pial surface
Entering MRISpositionSurface()
  max_mm = 0.3
  MAX_REDUCTIONS = 2, REDUCTION_PCT = 0.5
  parms->check_tol = 0, niterations = 100
tol=1.0e-04, sigma=0.5, host=dna07, nav=1, nbrs=2, l_repulse=5.000, l_tspring=0.300, l_nspring=0.300, l_intensity=0.200, l_curv=1.000
mom=0.00, dt=0.50
000: dt: 0.0000, sse=270504.7, rms=2.157
023: dt: 0.5000, sse=260819.7, rms=1.910 (11.466%)
rms = 1.8929/1.9098, sse=255929.7/260819.7, time step reduction 1 of 3 to 0.250  0 0 1
024: dt: 0.5000, sse=255929.8, rms=1.893 (0.887%)
025: dt: 0.2500, sse=232970.6, rms=1.344 (28.986%)
026: dt: 0.2500, sse=212802.7, rms=1.234 (8.167%)
rms = 1.2361/1.2344, sse=215445.4/212802.7, time step reduction 2 of 3 to 0.125  0 1 1
   RMS increased, rejecting step
rms = 1.1954/1.2344, sse=210427.1/212802.7, time step reduction 3 of 3 to 0.062  0 0 1
027: dt: 0.1250, sse=210427.1, rms=1.195 (3.162%)
  maximum number of reductions reached, breaking from loop
positioning took 0.3 minutes
Iteration 3 =========================================
n_averages=0, current_sigma=0.25
Freezing midline and others
Ripping frozen voxels
INFO: rip surface needed but not specified, so using input surface
Freezing midline and others
Entering: MRISripMidline(): inhibiting deformation at non-cortical midline structures...
  which=1, fix_mtl=0, using annot = 0
#FML0# MRISripMidline(): nripped=5784
removing 3 vertices from ripped group in thread:0
removing 4 vertices from ripped group in thread:0
removing 2 vertices from ripped group in thread:0
removing 4 vertices from ripped group in thread:0
#FML# MRISripMidline(): nmarked=5828, nmarked2=137, nripped=5828
Ripping segs (eg, WMSA, BG, frozen)
Starting MRISripSegs() d = (-2 2 0.5) segnos: 247 247 247 247 247 
MRISripSegs(): -2 2 0.5 ripped 0
Computing target border values 
Entering MRIScomputeBorderValues_new(): 
  inside_hi   = 120.0000000;
  border_hi   = 109.8460460;
  border_low  =  72.0000000;
  outside_low =  62.1598930;
  outside_hi  = 109.8460460;
  sigma = 0.25;
  max_thickness = 10;
  step_size=0.5;
  STEP_SIZE=0.1;
  which = 1
  thresh = 0
  flags = 0
  CBVfindFirstPeakD1=0
  CBVfindFirstPeakD2=0
  nvertices=110890
  Gdiag_no=-1
  vno start=0, stop=110890
Replacing 255s with 0s
#SI# sigma=0.25 had to be increased for 125 vertices, nripped=5828
mean border=87.1, 106 (4) missing vertices, mean dist -0.0 [0.3 (%53.3)->0.2 (%46.7))]
%87 local maxima, % 7 large gradients and % 0 min vals, 0 gradients ignored
nFirstPeakD1 0
MRIScomputeBorderValues_new() finished in 0.0024 min


Finding expansion regions
mean absolute distance = 0.25 +- 0.40
2585 vertices more than 2 sigmas from mean.
Averaging target values for 5 iterations...
Positioning Surface: tspring = 0.3, nspring = 0.3, spring = 0, niters = 100 l_repulse = 5, l_surf_repulse = 0, checktol = 0
Positioning pial surface
Entering MRISpositionSurface()
  max_mm = 0.3
  MAX_REDUCTIONS = 2, REDUCTION_PCT = 0.5
  parms->check_tol = 0, niterations = 100
tol=1.0e-04, sigma=0.2, host=dna07, nav=0, nbrs=2, l_repulse=5.000, l_tspring=0.300, l_nspring=0.300, l_intensity=0.200, l_curv=1.000
mom=0.00, dt=0.50
000: dt: 0.0000, sse=225845.4, rms=1.485
rms = 1.4987/1.4847, sse=228605.3/225845.4, time step reduction 1 of 3 to 0.250  0 1 1
   RMS increased, rejecting step
028: dt: 0.2500, sse=207937.7, rms=1.177 (20.722%)
rms = 1.0702/1.1770, sse=229037.9/207937.7, time step reduction 2 of 3 to 0.125  0 1 0
029: dt: 0.2500, sse=229037.9, rms=1.070 (9.074%)
030: dt: 0.1250, sse=196131.1, rms=0.975 (8.923%)
rms = 0.9347/0.9747, sse=190856.7/196131.1, time step reduction 3 of 3 to 0.062  0 0 1
031: dt: 0.1250, sse=190856.8, rms=0.935 (4.109%)
  maximum number of reductions reached, breaking from loop
positioning took 0.3 minutes


Writing output to ../surf/lh.white.preaparc
#ET# mris_place_surface  2.24 minutes
#VMPC# mris_place_surfaces VmPeak  2936884
mris_place_surface done
#--------------------------------------------
#@# CortexLabel lh Mon Mar  9 01:23:26 CET 2026
cd /out/sourcedata/freesurfer/sub-v1s16x0051188_ses-1/mri
mri_label2label --label-cortex ../surf/lh.white.preaparc aseg.presurf.mgz 0 ../label/lh.cortex.label

 Generating cortex label... RemoveHipAmgy=0
 NucAccIsMedialWall=0
 mris->useRealRAS=0
2 non-cortical segments detected
only using segment with 6980 vertices
erasing segment 1 (vno[0] = 65809)
#--------------------------------------------
#@# CortexLabel+HipAmyg lh Mon Mar  9 01:23:34 CET 2026
cd /out/sourcedata/freesurfer/sub-v1s16x0051188_ses-1/mri
mri_label2label --label-cortex ../surf/lh.white.preaparc aseg.presurf.mgz 1 ../label/lh.cortex+hipamyg.label

 Generating cortex label... RemoveHipAmgy=1
 NucAccIsMedialWall=0
 mris->useRealRAS=0
7 non-cortical segments detected
only using segment with 4694 vertices
erasing segment 1 (vno[0] = 37239)
erasing segment 2 (vno[0] = 38091)
erasing segment 3 (vno[0] = 59834)
erasing segment 4 (vno[0] = 61469)
erasing segment 5 (vno[0] = 65809)
erasing segment 6 (vno[0] = 106896)
#--------------------------------------------
#@# Smooth2 lh Mon Mar  9 01:23:41 CET 2026
/out/sourcedata/freesurfer/sub-v1s16x0051188_ses-1/scripts

 mris_smooth -n 3 -nw -seed 1234 ../surf/lh.white.preaparc ../surf/lh.smoothwm 

smoothing for 3 iterations
setting seed for random number generator to 1234
smoothing surface tessellation for 3 iterations...
smoothing complete - recomputing first and second fundamental forms...
#--------------------------------------------
#@# Inflation2 lh Mon Mar  9 01:23:43 CET 2026
/out/sourcedata/freesurfer/sub-v1s16x0051188_ses-1/scripts

 mris_inflate ../surf/lh.smoothwm ../surf/lh.inflated 

Reading ../surf/lh.smoothwm
avg radius = 44.3 mm, total surface area = 69451 mm^2
step 000: RMS=0.173 (target=0.015)   step 005: RMS=0.116 (target=0.015)   step 010: RMS=0.088 (target=0.015)   step 015: RMS=0.075 (target=0.015)   step 020: RMS=0.062 (target=0.015)   step 025: RMS=0.052 (target=0.015)   step 030: RMS=0.044 (target=0.015)   step 035: RMS=0.038 (target=0.015)   step 040: RMS=0.033 (target=0.015)   step 045: RMS=0.029 (target=0.015)   step 050: RMS=0.027 (target=0.015)   step 055: RMS=0.025 (target=0.015)   step 060: RMS=0.024 (target=0.015)   writing inflated surface to ../surf/lh.inflated
writing sulcal depths to ../surf/lh.sulc

inflation complete.
inflation took 0.2 minutes
mris_inflate utimesec    45.913252
mris_inflate stimesec    0.714696
mris_inflate ru_maxrss   169924
mris_inflate ru_ixrss    0
mris_inflate ru_idrss    0
mris_inflate ru_isrss    0
mris_inflate ru_minflt   111544
mris_inflate ru_majflt   9
mris_inflate ru_nswap    0
mris_inflate ru_inblock  130
mris_inflate ru_oublock  8680
mris_inflate ru_msgsnd   0
mris_inflate ru_msgrcv   0
mris_inflate ru_nsignals 0
mris_inflate ru_nvcsw    10910
mris_inflate ru_nivcsw   215
#--------------------------------------------
#@# Curv .H and .K lh Mon Mar  9 01:23:53 CET 2026
/out/sourcedata/freesurfer/sub-v1s16x0051188_ses-1/surf

 mris_curvature -w -seed 1234 lh.white.preaparc 

setting seed for random number generator to 1234
total integrated curvature = 20.344*4pi (255.648) --> -19 handles
ICI = 132.7, FI = 1185.9, variation=19066.859
writing Gaussian curvature to ./lh.white.preaparc.K...done.
writing mean curvature to ./lh.white.preaparc.H...done.
rm -f lh.white.H
ln -s lh.white.preaparc.H lh.white.H
rm -f lh.white.K
ln -s lh.white.preaparc.K lh.white.K

 mris_curvature -seed 1234 -thresh .999 -n -a 5 -w -distances 10 10 lh.inflated 

setting seed for random number generator to 1234
normalizing curvature values.
averaging curvature patterns 5 times.
sampling 10 neighbors out to a distance of 10 mm
141 vertices thresholded to be in k1 ~ [-0.69 0.88], k2 ~ [-0.31 0.15]
total integrated curvature = 0.434*4pi (5.450) --> 1 handles
ICI = 1.3, FI = 8.5, variation=145.430
116 vertices thresholded to be in [-0.06 0.08]
writing Gaussian curvature to ./lh.inflated.K...thresholding curvature at 99.90% level
curvature mean = 0.000, std = 0.002
98 vertices thresholded to be in [-0.36 0.34]
done.
writing mean curvature to ./lh.inflated.H...curvature mean = -0.018, std = 0.029
done.
#--------------------------------------------
#@# Sphere lh Mon Mar  9 01:24:23 CET 2026
/out/sourcedata/freesurfer/sub-v1s16x0051188_ses-1/scripts

 mris_sphere -seed 1234 ../surf/lh.inflated ../surf/lh.sphere 

setting seed for random number genererator to 1234
version: 7.3.2
available threads: 16
reading original vertex positions...
projecting onto sphere...
surface projected - minimizing metric distortion...
scaling brain by 0.295...
MRISunfold() max_passes = 1 -------
tol=5.0e-01, sigma=0.0, host=dna07, nav=1024, nbrs=2, l_area=1.000, l_dist=1.000
using quadratic fit line minimization
complete_dist_mat 0
rms 0
smooth_averages 0
remove_neg 0
ico_order 0
which_surface 0
target_radius 0.000000
nfields 0
scale 1.000000
desired_rms_height -1.000000
momentum 0.900000
nbhd_size 7
max_nbrs 8
niterations 25
nsurfaces 0
SURFACES 3
flags 0 (0)
use curv 0
no sulc 0
no rigid align 0
mris->nsize 2
mris->hemisphere 0
randomSeed 1234

singular matrix in quadratic form
--------------------
  mrisRemoveNegativeArea()
pass 1: epoch 1 of 3 starting distance error %20.60
pass 1: epoch 2 of 3 starting distance error %20.56
unfolding complete - removing small folds...
starting distance error %20.46
removing remaining folds...
final distance error %20.50
MRISunfold() return, current seed 1234
-01: dt=0.0000,  27 negative triangles  VmPeak 1584184
186: dt=0.9900,  27 negative triangles
187: dt=0.9900,   7 negative triangles
188: dt=0.9900,   5 negative triangles
189: dt=0.9900,   2 negative triangles
writing spherical brain to ../surf/lh.sphere
spherical transformation took 0.0448 hours
FSRUNTIME@ mris_sphere  0.0448 hours 16 threads
#VMPC# mris_sphere VmPeak  1584184
mris_sphere done
#--------------------------------------------
#@# Surf Reg lh Mon Mar  9 01:27:04 CET 2026
/out/sourcedata/freesurfer/sub-v1s16x0051188_ses-1/scripts

 mris_register -curv ../surf/lh.sphere /opt/freesurfer/average/lh.folding.atlas.acfb40.noaparc.i12.2016-08-02.tif ../surf/lh.sphere.reg 

using smoothwm curvature for final alignment

cwd /out/sourcedata/freesurfer/sub-v1s16x0051188_ses-1/scripts
cmdline mris_register -curv ../surf/lh.sphere /opt/freesurfer/average/lh.folding.atlas.acfb40.noaparc.i12.2016-08-02.tif ../surf/lh.sphere.reg 

0 inflated.H
1 sulc
2 smoothwm (computed)
7.3.2
  7.3.2
reading surface from ../surf/lh.sphere...
reading template parameterization from /opt/freesurfer/average/lh.folding.atlas.acfb40.noaparc.i12.2016-08-02.tif...
MRISregister() -------
max_passes = 4 
min_degrees = 0.500000 
max_degrees = 64.000000 
nangles = 8 
tol=5.0e-01, sigma=0.0, host=dna07, nav=1024, nbrs=1, l_extern=10000.000, l_parea=0.200, l_nlarea=1.000, l_corr=1.000, l_dist=5.000
using quadratic fit line minimization
complete_dist_mat 0
rms 0
smooth_averages 0
remove_neg 0
ico_order 0
which_surface 0
target_radius 0.000000
nfields 0
scale 0.000000
desired_rms_height -1.000000
momentum 0.950000
nbhd_size -10
max_nbrs 10
niterations 25
nsurfaces 0
SURFACES 3
flags 16 (10)
use curv 16
no sulc 0
no rigid align 0
mris->nsize 1
mris->hemisphere 0
randomSeed 0

tol=5.0e-01, sigma=0.0, host=dna07, nav=1024, nbrs=1, l_extern=10000.000, l_parea=0.200, l_nlarea=1.000, l_corr=1.000, l_dist=5.000
using quadratic fit line minimization
--------------------
1 Reading lh.sulc
tol=1.0e+00, sigma=0.5, host=dna07, nav=1024, nbrs=1, l_extern=10000.000, l_parea=0.200, l_nlarea=1.000, l_corr=0.050, l_spring=0.500, l_dist=5.000
using quadratic fit line minimization
curvature mean = -0.000, std = 5.660
curvature mean = 0.054, std = 0.820
curvature mean = 0.008, std = 0.890
Starting MRISrigidBodyAlignGlobal()
Starting new MRISrigidBodyAlignGlobal_findMinSSE()
  new MRISrigidBodyAlignGlobal_findMinSSE min @ (5.00, 1.00, 7.50) sse = 168772.4, elapsed since starting=0.0545 min
MRISrigidBodyAlignGlobal() done   0.05 min
curvature mean = 0.024, std = 0.844
curvature mean = 0.003, std = 0.959
curvature mean = 0.020, std = 0.855
curvature mean = 0.001, std = 0.984
curvature mean = 0.020, std = 0.859
curvature mean = 0.000, std = 0.994
2 Reading smoothwm
curvature mean = -0.023, std = 0.266
curvature mean = 0.045, std = 0.251
curvature mean = 0.044, std = 0.402
curvature mean = 0.038, std = 0.312
curvature mean = 0.028, std = 0.584
curvature mean = 0.037, std = 0.339
curvature mean = 0.014, std = 0.719
curvature mean = 0.036, std = 0.351
curvature mean = 0.003, std = 0.820
MRISregister() return, current seed 0
-01: dt=0.0000,   8 negative triangles  VmPeak 1563872
107: dt=0.9900,   8 negative triangles
expanding nbhd size to 1
108: dt=0.9900,  11 negative triangles
109: dt=0.9900,   5 negative triangles
110: dt=0.9900,   2 negative triangles
111: dt=0.9900,   2 negative triangles
112: dt=0.9900,   2 negative triangles
113: dt=0.9900,   2 negative triangles
114: dt=0.9900,   2 negative triangles
115: dt=0.9900,   2 negative triangles
116: dt=0.9900,   1 negative triangles
117: dt=0.9900,   1 negative triangles
118: dt=0.9900,   1 negative triangles
119: dt=0.9900,   1 negative triangles
writing registered surface to ../surf/lh.sphere.reg...
registration took 0.04 hours
#VMPC# mris_register VmPeak  1563872
FSRUNTIME@ mris_register  0.0443 hours 16 threads

 ln -sf lh.sphere.reg lh.fsaverage.sphere.reg 

#--------------------------------------------
#@# Jacobian white lh Mon Mar  9 01:29:44 CET 2026
/out/sourcedata/freesurfer/sub-v1s16x0051188_ses-1/scripts

 mris_jacobian ../surf/lh.white.preaparc ../surf/lh.sphere.reg ../surf/lh.jacobian_white 

reading surface from ../surf/lh.white.preaparc...
writing curvature file ../surf/lh.jacobian_white
#--------------------------------------------
#@# AvgCurv lh Mon Mar  9 01:29:44 CET 2026
/out/sourcedata/freesurfer/sub-v1s16x0051188_ses-1/scripts

 mrisp_paint -a 5 /opt/freesurfer/average/lh.folding.atlas.acfb40.noaparc.i12.2016-08-02.tif#6 ../surf/lh.sphere.reg ../surf/lh.avg_curv 

averaging curvature patterns 5 times...
reading surface from ../surf/lh.sphere.reg...
reading template parameterization from /opt/freesurfer/average/lh.folding.atlas.acfb40.noaparc.i12.2016-08-02.tif...
writing curvature file to ../surf/lh.avg_curv...
#-----------------------------------------
#@# Cortical Parc lh Mon Mar  9 01:29:45 CET 2026
/out/sourcedata/freesurfer/sub-v1s16x0051188_ses-1/scripts

 mris_ca_label -l ../label/lh.cortex.label -aseg ../mri/aseg.presurf.mgz -seed 1234 sub-v1s16x0051188_ses-1 lh ../surf/lh.sphere.reg /opt/freesurfer/average/lh.DKaparc.atlas.acfb40.noaparc.i12.2016-08-02.gcs ../label/lh.aparc.annot 

setting seed for random number generator to 1234
using ../mri/aseg.presurf.mgz aseg volume to correct midline
7.3.2
  7.3.2
reading atlas from /opt/freesurfer/average/lh.DKaparc.atlas.acfb40.noaparc.i12.2016-08-02.gcs...
reading color table from GCSA file....
average std = 0.8   using min determinant for regularization = 0.006
0 singular and 342 ill-conditioned covariance matrices regularized
input 0: MEAN CURVATURE, flags 0, avgs 5, name mean_curvature
labeling surface...
1188 labels changed using aseg
relabeling using gibbs priors...
000:   2618 changed, 110890 examined...
001:    577 changed, 11042 examined...
002:    146 changed, 3206 examined...
003:     48 changed, 884 examined...
004:     25 changed, 299 examined...
005:     12 changed, 133 examined...
006:     10 changed, 81 examined...
007:      3 changed, 57 examined...
008:      1 changed, 16 examined...
009:      0 changed, 7 examined...
248 labels changed using aseg
000: 96 total segments, 55 labels (147 vertices) changed
001: 41 total segments, 1 labels (4 vertices) changed
002: 40 total segments, 0 labels (0 vertices) changed
10 filter iterations complete (10 requested, 9 changed)
rationalizing unknown annotations with cortex label
relabeling unknown label...
relabeling corpuscallosum label...
1715 vertices marked for relabeling...
1715 labels changed in reclassification.
writing output to ../label/lh.aparc.annot...
classification took 0 minutes and 6 seconds.
#--------------------------------------------
#@# WhiteSurfs lh Mon Mar  9 01:29:51 CET 2026
cd /out/sourcedata/freesurfer/sub-v1s16x0051188_ses-1/mri
mris_place_surface --adgws-in ../surf/autodet.gw.stats.lh.dat --seg aseg.presurf.mgz --threads 16 --wm wm.mgz --invol brain.finalsurfs.mgz --lh --i ../surf/lh.white.preaparc --o ../surf/lh.white --white --nsmooth 0 --rip-label ../label/lh.cortex.label --rip-bg --rip-surf ../surf/lh.white.preaparc --aparc ../label/lh.aparc.annot
7.3.2
7.3.2

cd /out/sourcedata/freesurfer/sub-v1s16x0051188_ses-1/mri
setenv SUBJECTS_DIR /out/sourcedata/freesurfer
mris_place_surface --adgws-in ../surf/autodet.gw.stats.lh.dat --seg aseg.presurf.mgz --threads 16 --wm wm.mgz --invol brain.finalsurfs.mgz --lh --i ../surf/lh.white.preaparc --o ../surf/lh.white --white --nsmooth 0 --rip-label ../label/lh.cortex.label --rip-bg --rip-surf ../surf/lh.white.preaparc --aparc ../label/lh.aparc.annot 

Reading in input surface ../surf/lh.white.preaparc
Not smoothing input surface
Area    221776  0.34537  0.12467 0.000103   2.5791
Corner  665328 60.00000 14.15047 0.950652 177.4940
Edge    332664  0.90469  0.20523 0.036736   3.4737
Hinge   332664 10.04196 11.80785 0.000022 179.9787
Reading in aparc ../label/lh.aparc.annot
Reading in input volume brain.finalsurfs.mgz
Reading in wm volume wm.mgz
MRIclipBrightWM(): nthresh=11695, wmmin=5, clip=110 
MRIfindBrightNonWM(): 165 bright non-wm voxels segmented.
Masking bright non-wm for white surface
MRImask(): AllowDiffGeom = 1
MRImask(): AllowDiffGeom = 1
Reading in seg volume aseg.presurf.mgz
Ripping frozen voxels
Ripping vertices not in label ../label/lh.cortex.label
MRISripNotLabel() ripped 7197/110890 vertices (103693 unripped)
Reading in ripping surface ../surf/lh.white.preaparc
Reading in aparc ../label/lh.aparc.annot for ripsurf
Ripping BG
MRISripBasalGanglia(): 1 -2 2 0.5 ripped 421
Ripping segs (eg, WMSA, BG, frozen)
Starting MRISripSegs() d = (-2 2 0.5) segnos: 247 
MRISripSegs(): -2 2 0.5 ripped 0
vertex 55445: xyz = (-7.32879,3.93732,92.1364) oxyz = (-7.32879,3.93732,92.1364) wxzy = (-7.32879,3.93732,92.1364) pxyz = (0,0,0) 
CBVO Creating mask 110890
n_averages 4
Iteration 0 =========================================
n_averages=4, current_sigma=2
Computing target border values 
Entering MRIScomputeBorderValues_new(): 
  inside_hi   = 120.0000000;
  border_hi   = 109.8460460;
  border_low  =  72.0000000;
  outside_low =  62.1598930;
  outside_hi  = 109.8460460;
  sigma = 2;
  max_thickness = 10;
  step_size=0.5;
  STEP_SIZE=0.1;
  which = 1
  thresh = 0
  flags = 0
  CBVfindFirstPeakD1=0
  CBVfindFirstPeakD2=0
  nvertices=110890
  Gdiag_no=-1
  vno start=0, stop=110890
Replacing 255s with 0s
#SI# sigma=2 had to be increased for 122 vertices, nripped=7618
mean border=83.2, 132 (132) missing vertices, mean dist 0.2 [0.7 (%20.5)->0.5 (%79.5))]
%71 local maxima, %22 large gradients and % 0 min vals, 0 gradients ignored
nFirstPeakD1 0
MRIScomputeBorderValues_new() finished in 0.0085 min


Finding expansion regions
mean absolute distance = 0.52 +- 0.88
2423 vertices more than 2 sigmas from mean.
Averaging target values for 5 iterations...
Positioning Surface: tspring = 0.3, nspring = 0.3, spring = 0, niters = 100 l_repulse = 5, l_surf_repulse = 0, checktol = 0
Positioning pial surface
Entering MRISpositionSurface()
  max_mm = 0.3
  MAX_REDUCTIONS = 2, REDUCTION_PCT = 0.5
  parms->check_tol = 0, niterations = 100
tol=1.0e-04, sigma=2.0, host=dna07, nav=4, nbrs=2, l_repulse=5.000, l_tspring=0.300, l_nspring=0.300, l_intensity=0.200, l_curv=1.000
mom=0.00, dt=0.50
complete_dist_mat 0
rms 0
smooth_averages 0
remove_neg 0
ico_order 0
which_surface 0
target_radius 0.000000
nfields 0
scale 0.000000
desired_rms_height 0.000000
momentum 0.000000
nbhd_size 0
max_nbrs 0
niterations 100
nsurfaces 0
SURFACES 3
flags 0 (0)
use curv 0
no sulc 0
no rigid align 0
mris->nsize 2
mris->hemisphere 0
randomSeed 0

000: dt: 0.0000, sse=806401.9, rms=5.559
001: dt: 0.5000, sse=405683.0, rms=3.361 (39.540%)
002: dt: 0.5000, sse=300357.6, rms=2.564 (23.704%)
003: dt: 0.5000, sse=288507.7, rms=2.430 (5.228%)
004: dt: 0.5000, sse=276571.9, rms=2.293 (5.634%)
rms = 2.3899/2.2933, sse=286088.7/276571.9, time step reduction 1 of 3 to 0.250  0 1 1
   RMS increased, rejecting step
005: dt: 0.2500, sse=227704.3, rms=1.707 (25.559%)
006: dt: 0.2500, sse=211269.3, rms=1.455 (14.763%)
rms = 1.4137/1.4551, sse=208720.6/211269.3, time step reduction 2 of 3 to 0.125  0 0 1
007: dt: 0.2500, sse=208720.6, rms=1.414 (2.845%)
008: dt: 0.1250, sse=204256.0, rms=1.327 (6.158%)
rms = 1.2938/1.3267, sse=203206.1/204256.0, time step reduction 3 of 3 to 0.062  0 0 1
009: dt: 0.1250, sse=203206.1, rms=1.294 (2.478%)
  maximum number of reductions reached, breaking from loop
positioning took 0.7 minutes
Iteration 1 =========================================
n_averages=2, current_sigma=1
Computing target border values 
Entering MRIScomputeBorderValues_new(): 
  inside_hi   = 120.0000000;
  border_hi   = 109.8460460;
  border_low  =  72.0000000;
  outside_low =  62.1598930;
  outside_hi  = 109.8460460;
  sigma = 1;
  max_thickness = 10;
  step_size=0.5;
  STEP_SIZE=0.1;
  which = 1
  thresh = 0
  flags = 0
  CBVfindFirstPeakD1=0
  CBVfindFirstPeakD2=0
  nvertices=110890
  Gdiag_no=-1
  vno start=0, stop=110890
Replacing 255s with 0s
#SI# sigma=1 had to be increased for 118 vertices, nripped=7618
mean border=85.4, 101 (29) missing vertices, mean dist -0.2 [0.4 (%71.8)->0.3 (%28.2))]
%80 local maxima, %13 large gradients and % 0 min vals, 0 gradients ignored
nFirstPeakD1 0
MRIScomputeBorderValues_new() finished in 0.0065 min


Finding expansion regions
mean absolute distance = 0.33 +- 0.63
2310 vertices more than 2 sigmas from mean.
Averaging target values for 5 iterations...
Positioning Surface: tspring = 0.3, nspring = 0.3, spring = 0, niters = 100 l_repulse = 5, l_surf_repulse = 0, checktol = 0
Positioning pial surface
Entering MRISpositionSurface()
  max_mm = 0.3
  MAX_REDUCTIONS = 2, REDUCTION_PCT = 0.5
  parms->check_tol = 0, niterations = 100
tol=1.0e-04, sigma=1.0, host=dna07, nav=2, nbrs=2, l_repulse=5.000, l_tspring=0.300, l_nspring=0.300, l_intensity=0.200, l_curv=1.000
mom=0.00, dt=0.50
000: dt: 0.0000, sse=417903.7, rms=3.423
010: dt: 0.5000, sse=277438.9, rms=2.223 (35.072%)
011: dt: 0.5000, sse=266703.2, rms=2.073 (6.738%)
rms = 2.0871/2.0729, sse=266927.5/266703.2, time step reduction 1 of 3 to 0.250  0 1 1
   RMS increased, rejecting step
012: dt: 0.2500, sse=226059.5, rms=1.543 (25.567%)
013: dt: 0.2500, sse=215744.2, rms=1.272 (17.535%)
rms = 1.2182/1.2724, sse=217715.6/215744.3, time step reduction 2 of 3 to 0.125  0 1 0
014: dt: 0.2500, sse=217715.6, rms=1.218 (4.259%)
015: dt: 0.1250, sse=205843.2, rms=1.138 (6.566%)
rms = 1.1123/1.1382, sse=206656.9/205843.2, time step reduction 3 of 3 to 0.062  0 1 1
016: dt: 0.1250, sse=206656.9, rms=1.112 (2.276%)
  maximum number of reductions reached, breaking from loop
positioning took 0.5 minutes
Iteration 2 =========================================
n_averages=1, current_sigma=0.5
Computing target border values 
Entering MRIScomputeBorderValues_new(): 
  inside_hi   = 120.0000000;
  border_hi   = 109.8460460;
  border_low  =  72.0000000;
  outside_low =  62.1598930;
  outside_hi  = 109.8460460;
  sigma = 0.5;
  max_thickness = 10;
  step_size=0.5;
  STEP_SIZE=0.1;
  which = 1
  thresh = 0
  flags = 0
  CBVfindFirstPeakD1=0
  CBVfindFirstPeakD2=0
  nvertices=110890
  Gdiag_no=-1
  vno start=0, stop=110890
Replacing 255s with 0s
#SI# sigma=0.5 had to be increased for 153 vertices, nripped=7618
mean border=86.6, 104 (16) missing vertices, mean dist -0.1 [0.3 (%62.4)->0.2 (%37.6))]
%84 local maxima, % 9 large gradients and % 0 min vals, 0 gradients ignored
nFirstPeakD1 0
MRIScomputeBorderValues_new() finished in 0.0037 min


Finding expansion regions
mean absolute distance = 0.27 +- 0.47
2712 vertices more than 2 sigmas from mean.
Averaging target values for 5 iterations...
Positioning Surface: tspring = 0.3, nspring = 0.3, spring = 0, niters = 100 l_repulse = 5, l_surf_repulse = 0, checktol = 0
Positioning pial surface
Entering MRISpositionSurface()
  max_mm = 0.3
  MAX_REDUCTIONS = 2, REDUCTION_PCT = 0.5
  parms->check_tol = 0, niterations = 100
tol=1.0e-04, sigma=0.5, host=dna07, nav=1, nbrs=2, l_repulse=5.000, l_tspring=0.300, l_nspring=0.300, l_intensity=0.200, l_curv=1.000
mom=0.00, dt=0.50
000: dt: 0.0000, sse=270633.4, rms=2.114
017: dt: 0.5000, sse=244231.9, rms=1.830 (13.460%)
rms = 1.8002/1.8297, sse=241576.0/244231.9, time step reduction 1 of 3 to 0.250  0 0 1
018: dt: 0.5000, sse=241576.0, rms=1.800 (1.612%)
019: dt: 0.2500, sse=208131.8, rms=1.213 (32.631%)
020: dt: 0.2500, sse=200942.0, rms=1.132 (6.699%)
rms = 1.1507/1.1315, sse=201352.3/200941.9, time step reduction 2 of 3 to 0.125  0 1 1
   RMS increased, rejecting step
rms = 1.0931/1.1315, sse=198457.1/200941.9, time step reduction 3 of 3 to 0.062  0 0 1
021: dt: 0.1250, sse=198457.1, rms=1.093 (3.393%)
  maximum number of reductions reached, breaking from loop
positioning took 0.3 minutes
Iteration 3 =========================================
n_averages=0, current_sigma=0.25
Computing target border values 
Entering MRIScomputeBorderValues_new(): 
  inside_hi   = 120.0000000;
  border_hi   = 109.8460460;
  border_low  =  72.0000000;
  outside_low =  62.1598930;
  outside_hi  = 109.8460460;
  sigma = 0.25;
  max_thickness = 10;
  step_size=0.5;
  STEP_SIZE=0.1;
  which = 1
  thresh = 0
  flags = 0
  CBVfindFirstPeakD1=0
  CBVfindFirstPeakD2=0
  nvertices=110890
  Gdiag_no=-1
  vno start=0, stop=110890
Replacing 255s with 0s
#SI# sigma=0.25 had to be increased for 142 vertices, nripped=7618
mean border=87.0, 134 (14) missing vertices, mean dist -0.0 [0.3 (%53.4)->0.2 (%46.6))]
%86 local maxima, % 7 large gradients and % 0 min vals, 0 gradients ignored
nFirstPeakD1 0
MRIScomputeBorderValues_new() finished in 0.0025 min


Finding expansion regions
mean absolute distance = 0.25 +- 0.41
2575 vertices more than 2 sigmas from mean.
Averaging target values for 5 iterations...
Positioning Surface: tspring = 0.3, nspring = 0.3, spring = 0, niters = 100 l_repulse = 5, l_surf_repulse = 0, checktol = 0
Positioning pial surface
Entering MRISpositionSurface()
  max_mm = 0.3
  MAX_REDUCTIONS = 2, REDUCTION_PCT = 0.5
  parms->check_tol = 0, niterations = 100
tol=1.0e-04, sigma=0.2, host=dna07, nav=0, nbrs=2, l_repulse=5.000, l_tspring=0.300, l_nspring=0.300, l_intensity=0.200, l_curv=1.000
mom=0.00, dt=0.50
000: dt: 0.0000, sse=213924.8, rms=1.419
rms = 1.4328/1.4190, sse=218420.1/213924.8, time step reduction 1 of 3 to 0.250  0 1 1
   RMS increased, rejecting step
022: dt: 0.2500, sse=197017.3, rms=1.098 (22.601%)
023: dt: 0.2500, sse=195358.3, rms=0.975 (11.226%)
rms = 1.0381/0.9750, sse=197935.2/195358.3, time step reduction 2 of 3 to 0.125  0 1 1
   RMS increased, rejecting step
rms = 0.9263/0.9750, sse=191468.7/195358.3, time step reduction 3 of 3 to 0.062  0 0 1
024: dt: 0.1250, sse=191468.7, rms=0.926 (4.999%)
  maximum number of reductions reached, breaking from loop
positioning took 0.3 minutes


Writing output to ../surf/lh.white
#ET# mris_place_surface  1.78 minutes
#VMPC# mris_place_surfaces VmPeak  2847336
mris_place_surface done
#--------------------------------------------
#@# T1PialSurf lh Mon Mar  9 01:31:42 CET 2026
cd /out/sourcedata/freesurfer/sub-v1s16x0051188_ses-1/mri
mris_place_surface --adgws-in ../surf/autodet.gw.stats.lh.dat --seg aseg.presurf.mgz --threads 16 --wm wm.mgz --invol brain.finalsurfs.mgz --lh --i ../surf/lh.white --o ../surf/lh.pial.T1 --pial --nsmooth 0 --rip-label ../label/lh.cortex+hipamyg.label --pin-medial-wall ../label/lh.cortex.label --aparc ../label/lh.aparc.annot --repulse-surf ../surf/lh.white --white-surf ../surf/lh.white
7.3.2
7.3.2

cd /out/sourcedata/freesurfer/sub-v1s16x0051188_ses-1/mri
setenv SUBJECTS_DIR /out/sourcedata/freesurfer
mris_place_surface --adgws-in ../surf/autodet.gw.stats.lh.dat --seg aseg.presurf.mgz --threads 16 --wm wm.mgz --invol brain.finalsurfs.mgz --lh --i ../surf/lh.white --o ../surf/lh.pial.T1 --pial --nsmooth 0 --rip-label ../label/lh.cortex+hipamyg.label --pin-medial-wall ../label/lh.cortex.label --aparc ../label/lh.aparc.annot --repulse-surf ../surf/lh.white --white-surf ../surf/lh.white 

Reading in input surface ../surf/lh.white
Not smoothing input surface
Area    221776  0.35012  0.14067 0.001575   2.5791
Corner  665328 60.00000 15.71296 0.364987 177.2226
Edge    332664  0.91301  0.22820 0.032760   3.4373
Hinge   332664 10.21385 12.16904 0.000000 179.8373
Reading white surface coordinates from ../surf/lh.white
Reading repulsion surface coordinates from ../surf/lh.white
Reading in aparc ../label/lh.aparc.annot
Reading in input volume brain.finalsurfs.mgz
Reading in wm volume wm.mgz
MRIclipBrightWM(): nthresh=11695, wmmin=5, clip=110 
MRIfindBrightNonWM(): 165 bright non-wm voxels segmented.
Masking bright non-wm for pial surface mid_gray = 68.3168
MRImask(): AllowDiffGeom = 1
MRImask(): AllowDiffGeom = 1
MRImask(): AllowDiffGeom = 1
Reading in seg volume aseg.presurf.mgz
Ripping frozen voxels
Ripping vertices not in label ../label/lh.cortex+hipamyg.label
MRISripNotLabel() ripped 5019/110890 vertices (105871 unripped)
INFO: rip surface needed but not specified, so using input surface
Ripping segs (eg, WMSA, BG, frozen)
Starting MRISripSegs() d = (-2 2 0.5) segnos: 247 
MRISripSegs(): -2 2 0.5 ripped 0
vertex 55445: xyz = (-7.11541,4.07044,92.3515) oxyz = (-7.11541,4.07044,92.3515) wxzy = (-7.11541,4.07044,92.3515) pxyz = (-7.11541,4.07044,92.3515) 
CBVO Creating mask 110890
n_averages 16
Iteration 0 =========================================
n_averages=16, current_sigma=2
Computing target border values 
Entering MRIScomputeBorderValues_new(): 
  inside_hi   =  94.1539540;
  border_hi   =  62.1598930;
  border_low  =  42.4796830;
  outside_low =  10.0000000;
  outside_hi  =  57.2398380;
  sigma = 2;
  max_thickness = 10;
  step_size=0.5;
  STEP_SIZE=0.1;
  which = 2
  thresh = 0
  flags = 0
  CBVfindFirstPeakD1=0
  CBVfindFirstPeakD2=0
  nvertices=110890
  Gdiag_no=-1
  vno start=0, stop=110890
Replacing 255s with 0s
#SI# sigma=2 had to be increased for 158 vertices, nripped=5019
mean border=61.0, 158 (158) missing vertices, mean dist 1.6 [1.0 (%0.0)->3.4 (%100.0))]
%13 local maxima, %31 large gradients and %51 min vals, 0 gradients ignored
nFirstPeakD1 0
MRIScomputeBorderValues_new() finished in 0.0092 min


Averaging target values for 5 iterations...
Positioning Surface: tspring = 0.3, nspring = 0.3, spring = 0, niters = 100 l_repulse = 0, l_surf_repulse = 5, checktol = 0
Positioning pial surface
Entering MRISpositionSurface()
  max_mm = 0.3
  MAX_REDUCTIONS = 2, REDUCTION_PCT = 0.5
  parms->check_tol = 0, niterations = 100
tol=1.0e-04, sigma=2.0, host=dna07, nav=16, nbrs=2, l_surf_repulse=5.000, l_tspring=0.300, l_nspring=0.300, l_intensity=0.200, l_curv=1.000
mom=0.00, dt=0.50
complete_dist_mat 0
rms 0
smooth_averages 0
remove_neg 0
ico_order 0
which_surface 0
target_radius 0.000000
nfields 0
scale 0.000000
desired_rms_height 0.000000
momentum 0.000000
nbhd_size 0
max_nbrs 0
niterations 100
nsurfaces 0
SURFACES 3
flags 0 (0)
use curv 0
no sulc 0
no rigid align 0
mris->nsize 2
mris->hemisphere 0
randomSeed 0

000: dt: 0.0000, sse=15195751.0, rms=26.662
001: dt: 0.5000, sse=10686661.0, rms=22.306 (16.338%)
002: dt: 0.5000, sse=7430641.0, rms=18.533 (16.913%)
003: dt: 0.5000, sse=5285482.5, rms=15.554 (16.076%)
004: dt: 0.5000, sse=3932512.5, rms=13.335 (14.266%)
005: dt: 0.5000, sse=3071451.0, rms=11.704 (12.232%)
006: dt: 0.5000, sse=2491629.0, rms=10.461 (10.620%)
007: dt: 0.5000, sse=2079309.6, rms=9.476 (9.417%)
008: dt: 0.5000, sse=1765882.2, rms=8.650 (8.714%)
009: dt: 0.5000, sse=1509042.0, rms=7.908 (8.581%)
010: dt: 0.5000, sse=1300895.2, rms=7.249 (8.326%)
011: dt: 0.5000, sse=1138168.6, rms=6.688 (7.742%)
012: dt: 0.5000, sse=998065.5, rms=6.163 (7.852%)
013: dt: 0.5000, sse=890888.9, rms=5.727 (7.069%)
014: dt: 0.5000, sse=798823.4, rms=5.324 (7.035%)
015: dt: 0.5000, sse=730959.0, rms=5.005 (6.001%)
016: dt: 0.5000, sse=673132.4, rms=4.715 (5.785%)
017: dt: 0.5000, sse=642923.1, rms=4.553 (3.439%)
018: dt: 0.5000, sse=614046.8, rms=4.394 (3.503%)
019: dt: 0.5000, sse=603780.8, rms=4.331 (1.419%)
020: dt: 0.5000, sse=586733.9, rms=4.232 (2.300%)
rms = 4.2067/4.2317, sse=583258.2/586733.9, time step reduction 1 of 3 to 0.250  0 0 1
021: dt: 0.5000, sse=583258.2, rms=4.207 (0.592%)
022: dt: 0.2500, sse=509510.4, rms=3.751 (10.841%)
023: dt: 0.2500, sse=491596.2, rms=3.633 (3.144%)
rms = 3.6188/3.6327, sse=489841.5/491596.2, time step reduction 2 of 3 to 0.125  0 0 1
024: dt: 0.2500, sse=489841.5, rms=3.619 (0.382%)
025: dt: 0.1250, sse=471002.5, rms=3.489 (3.592%)
rms = 3.4432/3.4889, sse=464507.0/471002.5, time step reduction 3 of 3 to 0.062  0 0 1
026: dt: 0.1250, sse=464507.0, rms=3.443 (1.310%)
  maximum number of reductions reached, breaking from loop
positioning took 1.5 minutes
Iteration 1 =========================================
n_averages=8, current_sigma=1
Computing target border values 
Entering MRIScomputeBorderValues_new(): 
  inside_hi   =  94.1539540;
  border_hi   =  62.1598930;
  border_low  =  42.4796830;
  outside_low =  10.0000000;
  outside_hi  =  57.2398380;
  sigma = 1;
  max_thickness = 10;
  step_size=0.5;
  STEP_SIZE=0.1;
  which = 2
  thresh = 0
  flags = 0
  CBVfindFirstPeakD1=0
  CBVfindFirstPeakD2=0
  nvertices=110890
  Gdiag_no=-1
  vno start=0, stop=110890
Replacing 255s with 0s
#SI# sigma=1 had to be increased for 12743 vertices, nripped=5019
mean border=59.7, 1990 (32) missing vertices, mean dist 0.2 [0.2 (%38.4)->0.8 (%61.6))]
%23 local maxima, %24 large gradients and %46 min vals, 0 gradients ignored
nFirstPeakD1 0
MRIScomputeBorderValues_new() finished in 0.0030 min


Averaging target values for 5 iterations...
Positioning Surface: tspring = 0.3, nspring = 0.3, spring = 0, niters = 100 l_repulse = 0, l_surf_repulse = 5, checktol = 0
Positioning pial surface
Entering MRISpositionSurface()
  max_mm = 0.3
  MAX_REDUCTIONS = 2, REDUCTION_PCT = 0.5
  parms->check_tol = 0, niterations = 100
tol=1.0e-04, sigma=1.0, host=dna07, nav=8, nbrs=2, l_surf_repulse=5.000, l_tspring=0.300, l_nspring=0.300, l_intensity=0.200, l_curv=1.000
mom=0.00, dt=0.50
000: dt: 0.0000, sse=667162.6, rms=4.351
rms = 4.3253/4.3505, sse=662636.5/667162.6, time step reduction 1 of 3 to 0.250  0 0 1
027: dt: 0.5000, sse=662636.5, rms=4.325 (0.581%)
028: dt: 0.2500, sse=569844.5, rms=3.781 (12.582%)
029: dt: 0.2500, sse=551454.2, rms=3.663 (3.129%)
rms = 3.7069/3.6628, sse=558573.5/551454.2, time step reduction 2 of 3 to 0.125  0 1 1
   RMS increased, rejecting step
030: dt: 0.1250, sse=542234.1, rms=3.601 (1.679%)
031: dt: 0.1250, sse=531596.0, rms=3.527 (2.051%)
rms = 3.4872/3.5274, sse=525821.0/531596.0, time step reduction 3 of 3 to 0.062  0 0 1
032: dt: 0.1250, sse=525821.0, rms=3.487 (1.138%)
  maximum number of reductions reached, breaking from loop
positioning took 0.4 minutes
Iteration 2 =========================================
n_averages=4, current_sigma=0.5
Computing target border values 
Entering MRIScomputeBorderValues_new(): 
  inside_hi   =  94.1539540;
  border_hi   =  62.1598930;
  border_low  =  42.4796830;
  outside_low =  10.0000000;
  outside_hi  =  57.2398380;
  sigma = 0.5;
  max_thickness = 10;
  step_size=0.5;
  STEP_SIZE=0.1;
  which = 2
  thresh = 0
  flags = 0
  CBVfindFirstPeakD1=0
  CBVfindFirstPeakD2=0
  nvertices=110890
  Gdiag_no=-1
  vno start=0, stop=110890
Replacing 255s with 0s
#SI# sigma=0.5 had to be increased for 14751 vertices, nripped=5019
mean border=59.3, 2445 (19) missing vertices, mean dist 0.1 [0.2 (%39.8)->0.6 (%60.2))]
%29 local maxima, %18 large gradients and %46 min vals, 0 gradients ignored
nFirstPeakD1 0
MRIScomputeBorderValues_new() finished in 0.0017 min


Averaging target values for 5 iterations...
Positioning Surface: tspring = 0.3, nspring = 0.3, spring = 0, niters = 100 l_repulse = 0, l_surf_repulse = 5, checktol = 0
Positioning pial surface
Entering MRISpositionSurface()
  max_mm = 0.3
  MAX_REDUCTIONS = 2, REDUCTION_PCT = 0.5
  parms->check_tol = 0, niterations = 100
tol=1.0e-04, sigma=0.5, host=dna07, nav=4, nbrs=2, l_surf_repulse=5.000, l_tspring=0.300, l_nspring=0.300, l_intensity=0.200, l_curv=1.000
mom=0.00, dt=0.50
000: dt: 0.0000, sse=563941.7, rms=3.710
rms = 4.0288/3.7105, sse=614830.6/563941.7, time step reduction 1 of 3 to 0.250  0 1 1
   RMS increased, rejecting step
033: dt: 0.2500, sse=544060.1, rms=3.580 (3.507%)
rms = 3.5521/3.5804, sse=539481.4/544060.1, time step reduction 2 of 3 to 0.125  0 0 1
034: dt: 0.2500, sse=539481.4, rms=3.552 (0.789%)
035: dt: 0.1250, sse=529671.5, rms=3.484 (1.916%)
rms = 3.4393/3.4840, sse=523041.0/529671.5, time step reduction 3 of 3 to 0.062  0 0 1
036: dt: 0.1250, sse=523041.0, rms=3.439 (1.283%)
  maximum number of reductions reached, breaking from loop
positioning took 0.3 minutes
Iteration 3 =========================================
n_averages=2, current_sigma=0.25
Computing target border values 
Entering MRIScomputeBorderValues_new(): 
  inside_hi   =  94.1539540;
  border_hi   =  62.1598930;
  border_low  =  42.4796830;
  outside_low =  10.0000000;
  outside_hi  =  57.2398380;
  sigma = 0.25;
  max_thickness = 10;
  step_size=0.5;
  STEP_SIZE=0.1;
  which = 2
  thresh = 0
  flags = 0
  CBVfindFirstPeakD1=0
  CBVfindFirstPeakD2=0
  nvertices=110890
  Gdiag_no=-1
  vno start=0, stop=110890
Replacing 255s with 0s
#SI# sigma=0.25 had to be increased for 12498 vertices, nripped=5019
mean border=58.8, 5852 (16) missing vertices, mean dist 0.1 [0.2 (%41.3)->0.5 (%58.7))]
%32 local maxima, %15 large gradients and %44 min vals, 0 gradients ignored
nFirstPeakD1 0
MRIScomputeBorderValues_new() finished in 0.0012 min


Averaging target values for 5 iterations...
Positioning Surface: tspring = 0.3, nspring = 0.3, spring = 0, niters = 100 l_repulse = 0, l_surf_repulse = 5, checktol = 0
Positioning pial surface
Entering MRISpositionSurface()
  max_mm = 0.3
  MAX_REDUCTIONS = 2, REDUCTION_PCT = 0.5
  parms->check_tol = 0, niterations = 100
tol=1.0e-04, sigma=0.2, host=dna07, nav=2, nbrs=2, l_surf_repulse=5.000, l_tspring=0.300, l_nspring=0.300, l_intensity=0.200, l_curv=1.000
mom=0.00, dt=0.50
000: dt: 0.0000, sse=536015.6, rms=3.519
rms = 3.8198/3.5190, sse=579979.8/536015.6, time step reduction 1 of 3 to 0.250  0 1 1
   RMS increased, rejecting step
037: dt: 0.2500, sse=523645.6, rms=3.436 (2.369%)
rms = 3.4110/3.4357, sse=518973.8/523645.6, time step reduction 2 of 3 to 0.125  0 0 1
038: dt: 0.2500, sse=518973.8, rms=3.411 (0.719%)
039: dt: 0.1250, sse=508514.3, rms=3.337 (2.181%)
040: dt: 0.1250, sse=500791.6, rms=3.284 (1.583%)
rms = 3.2698/3.2838, sse=498601.1/500791.6, time step reduction 3 of 3 to 0.062  0 0 1
041: dt: 0.1250, sse=498601.1, rms=3.270 (0.424%)
  maximum number of reductions reached, breaking from loop
positioning took 0.3 minutes
Pinning medial wall to white surface
removing intersecting faces
000: 13 intersecting
terminating search with 0 intersecting


Writing output to ../surf/lh.pial.T1
#ET# mris_place_surface  2.57 minutes
#VMPC# mris_place_surfaces VmPeak  2309972
mris_place_surface done
#@# white curv lh Mon Mar  9 01:34:20 CET 2026
cd /out/sourcedata/freesurfer/sub-v1s16x0051188_ses-1/mri
mris_place_surface --curv-map ../surf/lh.white 2 10 ../surf/lh.curv
insurf  ../surf/lh.white, nbrs 2, curvature_avgs 10
writing curvature file ../surf/lh.curv
#@# white area lh Mon Mar  9 01:34:21 CET 2026
cd /out/sourcedata/freesurfer/sub-v1s16x0051188_ses-1/mri
mris_place_surface --area-map ../surf/lh.white ../surf/lh.area
writing curvature file ../surf/lh.area
#@# pial curv lh Mon Mar  9 01:34:22 CET 2026
cd /out/sourcedata/freesurfer/sub-v1s16x0051188_ses-1/mri
mris_place_surface --curv-map ../surf/lh.pial 2 10 ../surf/lh.curv.pial
insurf  ../surf/lh.pial, nbrs 2, curvature_avgs 10
writing curvature file ../surf/lh.curv.pial
#@# pial area lh Mon Mar  9 01:34:23 CET 2026
cd /out/sourcedata/freesurfer/sub-v1s16x0051188_ses-1/mri
mris_place_surface --area-map ../surf/lh.pial ../surf/lh.area.pial
writing curvature file ../surf/lh.area.pial
#@# thickness lh Mon Mar  9 01:34:23 CET 2026
cd /out/sourcedata/freesurfer/sub-v1s16x0051188_ses-1/mri
mris_place_surface --thickness ../surf/lh.white ../surf/lh.pial 20 5 ../surf/lh.thickness
0 of 110890 vertices processed
25000 of 110890 vertices processed
50000 of 110890 vertices processed
75000 of 110890 vertices processed
100000 of 110890 vertices processed
0 of 110890 vertices processed
25000 of 110890 vertices processed
50000 of 110890 vertices processed
75000 of 110890 vertices processed
100000 of 110890 vertices processed
thickness calculation complete, 489:3419 truncations.
40445 vertices at 0 distance
77800 vertices at 1 distance
58139 vertices at 2 distance
25930 vertices at 3 distance
10708 vertices at 4 distance
4581 vertices at 5 distance
1976 vertices at 6 distance
915 vertices at 7 distance
447 vertices at 8 distance
285 vertices at 9 distance
160 vertices at 10 distance
109 vertices at 11 distance
81 vertices at 12 distance
40 vertices at 13 distance
40 vertices at 14 distance
33 vertices at 15 distance
32 vertices at 16 distance
13 vertices at 17 distance
21 vertices at 18 distance
10 vertices at 19 distance
15 vertices at 20 distance
writing curvature file ../surf/lh.thickness
#@# area and vertex vol lh Mon Mar  9 01:34:38 CET 2026
cd /out/sourcedata/freesurfer/sub-v1s16x0051188_ses-1/mri
mris_place_surface --thickness ../surf/lh.white ../surf/lh.pial 20 5 ../surf/lh.thickness
/out/sourcedata/freesurfer/sub-v1s16x0051188_ses-1/surf
mris_calc -o lh.area.mid lh.area add lh.area.pial
Saving result to 'lh.area.mid' (type = MRI_CURV_FILE)                       [ ok ]
mris_calc -o lh.area.mid lh.area.mid div 2
Saving result to 'lh.area.mid' (type = MRI_CURV_FILE)                       [ ok ]
mris_convert --volume sub-v1s16x0051188_ses-1 lh /out/sourcedata/freesurfer/sub-v1s16x0051188_ses-1/surf/lh.volume
masking with /out/sourcedata/freesurfer/sub-v1s16x0051188_ses-1/label/lh.cortex.label
Total face volume 236310
Total vertex volume 236133 (mask=0)
#@# sub-v1s16x0051188_ses-1 lh 236133
 
vertexvol Done

#-----------------------------------------
#@# Curvature Stats lh Mon Mar  9 01:34:39 CET 2026
/out/sourcedata/freesurfer/sub-v1s16x0051188_ses-1/surf

 mris_curvature_stats -m --writeCurvatureFiles -G -o ../stats/lh.curv.stats -F smoothwm sub-v1s16x0051188_ses-1 lh curv sulc 

             Toggling save flag on curvature files                       [ ok ]
                 Outputting results using filestem   [ ../stats/lh.curv.stats ]
             Toggling save flag on curvature files                       [ ok ]
                                   Setting surface [ sub-v1s16x0051188_ses-1/lh.smoothwm ]
                                Reading surface...                       [ ok ]
                                   Setting texture                     [ curv ]
                                Reading texture...                       [ ok ]
                                   Setting texture                     [ sulc ]
                                Reading texture...Gb_filter = 0
                       [ ok ]
      Calculating Discrete Principal Curvatures...
      Determining geometric order for vno faces... [####################] [ ok ]
                      Determining KH curvatures... [####################] [ ok ]
                    Determining k1k2 curvatures... [####################] [ ok ]
                                   deltaViolations                      [ 252 ]
Gb_filter = 0
#-----------------------------------------
#@# Cortical Parc 2 lh Mon Mar  9 01:34:40 CET 2026
/out/sourcedata/freesurfer/sub-v1s16x0051188_ses-1/scripts

 mris_ca_label -l ../label/lh.cortex.label -aseg ../mri/aseg.presurf.mgz -seed 1234 sub-v1s16x0051188_ses-1 lh ../surf/lh.sphere.reg /opt/freesurfer/average/lh.CDaparc.atlas.acfb40.noaparc.i12.2016-08-02.gcs ../label/lh.aparc.a2009s.annot 

setting seed for random number generator to 1234
using ../mri/aseg.presurf.mgz aseg volume to correct midline
7.3.2
  7.3.2
reading atlas from /opt/freesurfer/average/lh.CDaparc.atlas.acfb40.noaparc.i12.2016-08-02.gcs...
reading color table from GCSA file....
average std = 3.0   using min determinant for regularization = 0.088
0 singular and 0 ill-conditioned covariance matrices regularized
input 0: MEAN CURVATURE, flags 0, avgs 5, name mean_curvature
labeling surface...
1 labels changed using aseg
relabeling using gibbs priors...
000:   7179 changed, 110890 examined...
001:   1606 changed, 28357 examined...
002:    467 changed, 8685 examined...
003:    188 changed, 2765 examined...
004:    101 changed, 1116 examined...
005:     66 changed, 590 examined...
006:     32 changed, 364 examined...
007:     21 changed, 199 examined...
008:     18 changed, 120 examined...
009:     13 changed, 99 examined...
010:      4 changed, 58 examined...
011:      1 changed, 21 examined...
012:      1 changed, 7 examined...
013:      0 changed, 7 examined...
0 labels changed using aseg
000: 206 total segments, 123 labels (1720 vertices) changed
001: 88 total segments, 5 labels (23 vertices) changed
002: 83 total segments, 0 labels (0 vertices) changed
10 filter iterations complete (10 requested, 30 changed)
rationalizing unknown annotations with cortex label
relabeling Medial_wall label...
1264 vertices marked for relabeling...
1264 labels changed in reclassification.
writing output to ../label/lh.aparc.a2009s.annot...
classification took 0 minutes and 8 seconds.
#-----------------------------------------
#@# Cortical Parc 3 lh Mon Mar  9 01:34:48 CET 2026
/out/sourcedata/freesurfer/sub-v1s16x0051188_ses-1/scripts

 mris_ca_label -l ../label/lh.cortex.label -aseg ../mri/aseg.presurf.mgz -seed 1234 sub-v1s16x0051188_ses-1 lh ../surf/lh.sphere.reg /opt/freesurfer/average/lh.DKTaparc.atlas.acfb40.noaparc.i12.2016-08-02.gcs ../label/lh.aparc.DKTatlas.annot 

setting seed for random number generator to 1234
using ../mri/aseg.presurf.mgz aseg volume to correct midline
7.3.2
  7.3.2
reading atlas from /opt/freesurfer/average/lh.DKTaparc.atlas.acfb40.noaparc.i12.2016-08-02.gcs...
reading color table from GCSA file....
average std = 1.4   using min determinant for regularization = 0.020
0 singular and 383 ill-conditioned covariance matrices regularized
input 0: MEAN CURVATURE, flags 0, avgs 5, name mean_curvature
labeling surface...
1379 labels changed using aseg
relabeling using gibbs priors...
000:   1724 changed, 110890 examined...
001:    387 changed, 8197 examined...
002:    114 changed, 2256 examined...
003:     39 changed, 687 examined...
004:     20 changed, 242 examined...
005:     12 changed, 112 examined...
006:      4 changed, 58 examined...
007:      7 changed, 29 examined...
008:      5 changed, 28 examined...
009:      1 changed, 24 examined...
010:      2 changed, 7 examined...
011:      2 changed, 10 examined...
012:      2 changed, 14 examined...
013:      1 changed, 14 examined...
014:      1 changed, 7 examined...
015:      1 changed, 7 examined...
016:      1 changed, 6 examined...
017:      2 changed, 8 examined...
018:      3 changed, 12 examined...
019:      1 changed, 18 examined...
020:      0 changed, 7 examined...
192 labels changed using aseg
000: 47 total segments, 14 labels (125 vertices) changed
001: 33 total segments, 0 labels (0 vertices) changed
10 filter iterations complete (10 requested, 1 changed)
rationalizing unknown annotations with cortex label
relabeling unknown label...
relabeling corpuscallosum label...
978 vertices marked for relabeling...
978 labels changed in reclassification.
writing output to ../label/lh.aparc.DKTatlas.annot...
classification took 0 minutes and 6 seconds.
#-----------------------------------------
#@# WM/GM Contrast lh Mon Mar  9 01:34:54 CET 2026
/out/sourcedata/freesurfer/sub-v1s16x0051188_ses-1/scripts

 pctsurfcon --s sub-v1s16x0051188_ses-1 --lh-only 

Log file is /out/sourcedata/freesurfer/sub-v1s16x0051188_ses-1/scripts/pctsurfcon.log
Mon Mar  9 01:34:54 CET 2026
setenv SUBJECTS_DIR /out/sourcedata/freesurfer
cd /out/sourcedata/freesurfer/sub-v1s16x0051188_ses-1/scripts
/opt/freesurfer/bin/pctsurfcon
pctsurfcon 7.3.2
Linux dna078 5.14.0-427.37.1.el9_4.x86_64 #1 SMP PREEMPT_DYNAMIC Fri Sep 13 12:41:50 EDT 2024 x86_64 x86_64 x86_64 GNU/Linux
FREESURFER_HOME /opt/freesurfer
mri_vol2surf --mov /out/sourcedata/freesurfer/sub-v1s16x0051188_ses-1/mri/rawavg.mgz --hemi lh --noreshape --interp trilinear --projdist -1 --o /out/sourcedata/freesurfer/sub-v1s16x0051188_ses-1/surf/tmp.pctsurfcon.3213441/lh.wm.mgh --regheader sub-v1s16x0051188_ses-1 --cortex
srcvol = /out/sourcedata/freesurfer/sub-v1s16x0051188_ses-1/mri/rawavg.mgz
srcreg unspecified
srcregold = 0
srcwarp unspecified
surf = white
hemi = lh
ProjDist = -1
reshape = 0
interp = trilinear
float2int = round
GetProjMax = 0
INFO: float2int code = 0
Done loading volume
Computing registration from header.
  Using /out/sourcedata/freesurfer/sub-v1s16x0051188_ses-1/mri/orig.mgz as target reference.
-------- original matrix -----------
-1.00000   0.00000   0.00000   0.00000;
 0.00000   0.00000   1.00000  -0.00002;
 0.00000  -1.00000   0.00000   0.00000;
 0.00000   0.00000   0.00000   1.00000;
-------- original matrix -----------
Loading label /out/sourcedata/freesurfer/sub-v1s16x0051188_ses-1/label/lh.cortex.label
Reading surface /out/sourcedata/freesurfer/sub-v1s16x0051188_ses-1/surf/lh.white
Done reading source surface
Mapping Source Volume onto Source Subject Surface
Projecting -1 -1 1
 1 -1 -1 -1
using old
Done mapping volume to surface
Number of source voxels hit = 64400
Masking with /out/sourcedata/freesurfer/sub-v1s16x0051188_ses-1/label/lh.cortex.label
Writing to /out/sourcedata/freesurfer/sub-v1s16x0051188_ses-1/surf/tmp.pctsurfcon.3213441/lh.wm.mgh
Dim: 110890 1 1
mri_vol2surf --mov /out/sourcedata/freesurfer/sub-v1s16x0051188_ses-1/mri/rawavg.mgz --hemi lh --noreshape --interp trilinear --o /out/sourcedata/freesurfer/sub-v1s16x0051188_ses-1/surf/tmp.pctsurfcon.3213441/lh.gm.mgh --projfrac 0.3 --regheader sub-v1s16x0051188_ses-1 --cortex
srcvol = /out/sourcedata/freesurfer/sub-v1s16x0051188_ses-1/mri/rawavg.mgz
srcreg unspecified
srcregold = 0
srcwarp unspecified
surf = white
hemi = lh
ProjFrac = 0.3
thickness = thickness
reshape = 0
interp = trilinear
float2int = round
GetProjMax = 0
INFO: float2int code = 0
Done loading volume
Computing registration from header.
  Using /out/sourcedata/freesurfer/sub-v1s16x0051188_ses-1/mri/orig.mgz as target reference.
-------- original matrix -----------
-1.00000   0.00000   0.00000   0.00000;
 0.00000   0.00000   1.00000  -0.00002;
 0.00000  -1.00000   0.00000   0.00000;
 0.00000   0.00000   0.00000   1.00000;
-------- original matrix -----------
Loading label /out/sourcedata/freesurfer/sub-v1s16x0051188_ses-1/label/lh.cortex.label
Reading surface /out/sourcedata/freesurfer/sub-v1s16x0051188_ses-1/surf/lh.white
Done reading source surface
Reading thickness /out/sourcedata/freesurfer/sub-v1s16x0051188_ses-1/surf/lh.thickness
Done
Mapping Source Volume onto Source Subject Surface
Projecting 0.3 0.3 1
 1 0.3 0.3 0.3
using old
Done mapping volume to surface
Number of source voxels hit = 72362
Masking with /out/sourcedata/freesurfer/sub-v1s16x0051188_ses-1/label/lh.cortex.label
Writing to /out/sourcedata/freesurfer/sub-v1s16x0051188_ses-1/surf/tmp.pctsurfcon.3213441/lh.gm.mgh
Dim: 110890 1 1
mri_concat /out/sourcedata/freesurfer/sub-v1s16x0051188_ses-1/surf/tmp.pctsurfcon.3213441/lh.wm.mgh /out/sourcedata/freesurfer/sub-v1s16x0051188_ses-1/surf/tmp.pctsurfcon.3213441/lh.gm.mgh --paired-diff-norm --mul 100 --o /out/sourcedata/freesurfer/sub-v1s16x0051188_ses-1/surf/lh.w-g.pct.mgh
ninputs = 2
Checking inputs
nframestot = 2
Allocing output
Done allocing
Combining pairs
nframes = 1
Multiplying by 100.000000
Writing to /out/sourcedata/freesurfer/sub-v1s16x0051188_ses-1/surf/lh.w-g.pct.mgh
mri_segstats --in /out/sourcedata/freesurfer/sub-v1s16x0051188_ses-1/surf/lh.w-g.pct.mgh --annot sub-v1s16x0051188_ses-1 lh aparc --sum /out/sourcedata/freesurfer/sub-v1s16x0051188_ses-1/stats/lh.w-g.pct.stats --snr

7.3.2
cwd 
cmdline mri_segstats --in /out/sourcedata/freesurfer/sub-v1s16x0051188_ses-1/surf/lh.w-g.pct.mgh --annot sub-v1s16x0051188_ses-1 lh aparc --sum /out/sourcedata/freesurfer/sub-v1s16x0051188_ses-1/stats/lh.w-g.pct.stats --snr 
sysname  Linux
hostname dna078
machine  x86_64
user     oesteban
whitesurfname  white
UseRobust  0
Constructing seg from annotation

Reading annotation /out/sourcedata/freesurfer/sub-v1s16x0051188_ses-1/label/lh.aparc.annot
Seg base 1000
Loading /out/sourcedata/freesurfer/sub-v1s16x0051188_ses-1/surf/lh.w-g.pct.mgh
Vertex Area is 0.700235 mm^3
Generating list of segmentation ids
Found  36 segmentations
Computing statistics for each segmentation

Reporting on  35 segmentations
Using PrintSegStat
mri_segstats done
Cleaning up

Started at Mon Mar 9 01:16:49 CET 2026 
Ended   at Mon Mar 9 01:34:56 CET 2026
#@#%# recon-all-run-time-hours 0.302
recon-all -s sub-v1s16x0051188_ses-1 finished without error at Mon Mar  9 01:34:56 CET 2026



#New# invocation of recon-all 




Mon Mar  9 01:53:19 CET 2026
cd /out/sourcedata/freesurfer/sub-v1s16x0051188_ses-1
setenv SUBJECTS_DIR /out/sourcedata/freesurfer
/opt/freesurfer/bin/recon-all -autorecon-hemi lh -nohyporelabel -lh-only -openmp 16 -subjid sub-v1s16x0051188_ses-1 -sd /out/sourcedata/freesurfer -notessellate -nosmooth1 -noinflate1 -noqsphere -nofix -nowhite -nosmooth2 -noinflate2 -nocurvHK -nocurvstats -nosphere -nosurfreg -nojacobian_white -noavgcurv -nocortparc -nopial -nocortparc2 -nocortparc3 -nopctsurfcon

subjid sub-v1s16x0051188_ses-1
setenv SUBJECTS_DIR /out/sourcedata/freesurfer
FREESURFER_HOME /opt/freesurfer
Actual FREESURFER_HOME /opt/freesurfer
build-stamp.txt: freesurfer-linux-ubuntu22_x86_64-7.3.2-20220804-6354275
Linux dna078 5.14.0-427.37.1.el9_4.x86_64 #1 SMP PREEMPT_DYNAMIC Fri Sep 13 12:41:50 EDT 2024 x86_64 x86_64 x86_64 GNU/Linux
cputime      unlimited
filesize     unlimited
datasize     unlimited
stacksize    8192 kbytes
coredumpsize 0 kbytes
memoryuse    67108864 kbytes
vmemoryuse   unlimited
descriptors  1024 
memorylocked unlimited
maxproc      2061970 
maxlocks     unlimited
maxsignal    2062029 
maxmessage   819200 
maxnice      0 
maxrtprio    0 
maxrttime    unlimited

               total        used        free      shared  buff/cache   available
Mem:           503Gi        51Gi       413Gi       6.4Gi        38Gi       442Gi
Swap:             0B          0B          0B

########################################
program versions used
7.3.2 (freesurfer-linux-ubuntu22_x86_64-7.3.2-20220804-6354275)
7.3.2

ProgramName: lta_convert  ProgramArguments: lta_convert -all-info  ProgramVersion: 7.3.2  TimeStamp: 2026/03/09-00:53:19-GMT  BuildTime: Aug  4 2022 06:17:15  BuildStamp: freesurfer-linux-ubuntu22_x86_64-7.3.2-20220804-6354275  User: oesteban  Machine: dna078  Platform: Linux  PlatformVersion: 5.14.0-427.37.1.el9_4.x86_64  CompilerName: GCC  CompilerVersion: 8.4.0
ProgramName: mri_and  ProgramArguments: mri_and -all-info  ProgramVersion: 7.3.2  TimeStamp: 2026/03/09-00:53:19-GMT  BuildTime: Aug  4 2022 06:17:15  BuildStamp: freesurfer-linux-ubuntu22_x86_64-7.3.2-20220804-6354275  User: oesteban  Machine: dna078  Platform: Linux  PlatformVersion: 5.14.0-427.37.1.el9_4.x86_64  CompilerName: GCC  CompilerVersion: 8.4.0
ProgramName: mri_annotation2label  ProgramArguments: mri_annotation2label -all-info  ProgramVersion: 7.3.2  TimeStamp: 2026/03/09-00:53:19-GMT  BuildTime: Aug  4 2022 06:17:15  BuildStamp: freesurfer-linux-ubuntu22_x86_64-7.3.2-20220804-6354275  User: oesteban  Machine: dna078  Platform: Linux  PlatformVersion: 5.14.0-427.37.1.el9_4.x86_64  CompilerName: GCC  CompilerVersion: 8.4.0
ProgramName: mri_aparc2aseg  ProgramArguments: mri_aparc2aseg -all-info  ProgramVersion: 7.3.2  TimeStamp: 2026/03/09-00:53:19-GMT  BuildTime: Aug  4 2022 06:17:15  BuildStamp: freesurfer-linux-ubuntu22_x86_64-7.3.2-20220804-6354275  User: oesteban  Machine: dna078  Platform: Linux  PlatformVersion: 5.14.0-427.37.1.el9_4.x86_64  CompilerName: GCC  CompilerVersion: 8.4.0
ProgramName: mri_surf2volseg  ProgramArguments: mri_surf2volseg -all-info  ProgramVersion: 7.3.2  TimeStamp: 2026/03/09-00:53:19-GMT  BuildTime: Aug  4 2022 06:17:15  BuildStamp: freesurfer-linux-ubuntu22_x86_64-7.3.2-20220804-6354275  User: oesteban  Machine: dna078  Platform: Linux  PlatformVersion: 5.14.0-427.37.1.el9_4.x86_64  CompilerName: GCC  CompilerVersion: 8.4.0
ProgramName: mri_binarize  ProgramArguments: mri_binarize -all-info  ProgramVersion: 7.3.2  TimeStamp: 2026/03/09-00:53:19-GMT  BuildTime: Aug  4 2022 06:17:15  BuildStamp: freesurfer-linux-ubuntu22_x86_64-7.3.2-20220804-6354275  User: oesteban  Machine: dna078  Platform: Linux  PlatformVersion: 5.14.0-427.37.1.el9_4.x86_64  CompilerName: GCC  CompilerVersion: 8.4.0
ProgramName: mri_ca_label  ProgramArguments: mri_ca_label -all-info  ProgramVersion: 7.3.2  TimeStamp: 2026/03/09-00:53:19-GMT  BuildTime: Aug  4 2022 06:17:15  BuildStamp: freesurfer-linux-ubuntu22_x86_64-7.3.2-20220804-6354275  User: oesteban  Machine: dna078  Platform: Linux  PlatformVersion: 5.14.0-427.37.1.el9_4.x86_64  CompilerName: GCC  CompilerVersion: 8.4.0
ProgramName: mri_ca_normalize  ProgramArguments: mri_ca_normalize -all-info  ProgramVersion: 7.3.2  TimeStamp: 2026/03/09-00:53:19-GMT  BuildTime: Aug  4 2022 06:17:15  BuildStamp: freesurfer-linux-ubuntu22_x86_64-7.3.2-20220804-6354275  User: oesteban  Machine: dna078  Platform: Linux  PlatformVersion: 5.14.0-427.37.1.el9_4.x86_64  CompilerName: GCC  CompilerVersion: 8.4.0
ProgramName: mri_ca_register  ProgramArguments: mri_ca_register -all-info  ProgramVersion: 7.3.2  TimeStamp: 2026/03/09-00:53:19-GMT  BuildTime: Aug  4 2022 06:17:15  BuildStamp: freesurfer-linux-ubuntu22_x86_64-7.3.2-20220804-6354275  User: oesteban  Machine: dna078  Platform: Linux  PlatformVersion: 5.14.0-427.37.1.el9_4.x86_64  CompilerName: GCC  CompilerVersion: 8.4.0
ProgramName: mri_cc  ProgramArguments: mri_cc -all-info  ProgramVersion: 7.3.2  TimeStamp: 2026/03/09-00:53:19-GMT  BuildTime: Aug  4 2022 06:17:15  BuildStamp: freesurfer-linux-ubuntu22_x86_64-7.3.2-20220804-6354275  User: oesteban  Machine: dna078  Platform: Linux  PlatformVersion: 5.14.0-427.37.1.el9_4.x86_64  CompilerName: GCC  CompilerVersion: 8.4.0
ProgramName: mri_compute_overlap  ProgramArguments: mri_compute_overlap -all-info  ProgramVersion: 7.3.2  TimeStamp: 2026/03/09-00:53:19-GMT  BuildTime: Aug  4 2022 06:17:15  BuildStamp: freesurfer-linux-ubuntu22_x86_64-7.3.2-20220804-6354275  User: oesteban  Machine: dna078  Platform: Linux  PlatformVersion: 5.14.0-427.37.1.el9_4.x86_64  CompilerName: GCC  CompilerVersion: 8.4.0
ProgramName: mri_compute_seg_overlap  ProgramArguments: mri_compute_seg_overlap -all-info  ProgramVersion: 7.3.2  TimeStamp: 2026/03/09-00:53:19-GMT  BuildTime: Aug  4 2022 06:17:15  BuildStamp: freesurfer-linux-ubuntu22_x86_64-7.3.2-20220804-6354275  User: oesteban  Machine: dna078  Platform: Linux  PlatformVersion: 5.14.0-427.37.1.el9_4.x86_64  CompilerName: GCC  CompilerVersion: 8.4.0
ProgramName: mri_concat  ProgramArguments: mri_concat -all-info  ProgramVersion: 7.3.2  TimeStamp: 2026/03/09-00:53:19-GMT  BuildTime: Aug  4 2022 06:17:15  BuildStamp: freesurfer-linux-ubuntu22_x86_64-7.3.2-20220804-6354275  User: oesteban  Machine: dna078  Platform: Linux  PlatformVersion: 5.14.0-427.37.1.el9_4.x86_64  CompilerName: GCC  CompilerVersion: 8.4.0
ProgramName: mri_concatenate_lta  ProgramArguments: mri_concatenate_lta -all-info  ProgramVersion: 7.3.2  TimeStamp: 2026/03/09-00:53:19-GMT  BuildTime: Aug  4 2022 06:17:15  BuildStamp: freesurfer-linux-ubuntu22_x86_64-7.3.2-20220804-6354275  User: oesteban  Machine: dna078  Platform: Linux  PlatformVersion: 5.14.0-427.37.1.el9_4.x86_64  CompilerName: GCC  CompilerVersion: 8.4.0
mri_convert -all-info 
ProgramName: mri_convert  ProgramArguments: mri_convert -all-info  ProgramVersion: 7.3.2  TimeStamp: 2026/03/09-00:53:19-GMT  BuildTime: Aug  4 2022 06:17:15  BuildStamp: freesurfer-linux-ubuntu22_x86_64-7.3.2-20220804-6354275  User: oesteban  Machine: dna078  Platform: Linux  PlatformVersion: 5.14.0-427.37.1.el9_4.x86_64  CompilerName: GCC  CompilerVersion: 8.4.0
ProgramName: mri_diff  ProgramArguments: mri_diff -all-info  ProgramVersion: 7.3.2  TimeStamp: 2026/03/09-00:53:19-GMT  BuildTime: Aug  4 2022 06:17:15  BuildStamp: freesurfer-linux-ubuntu22_x86_64-7.3.2-20220804-6354275  User: oesteban  Machine: dna078  Platform: Linux  PlatformVersion: 5.14.0-427.37.1.el9_4.x86_64  CompilerName: GCC  CompilerVersion: 8.4.0
ProgramName: mri_edit_wm_with_aseg  ProgramArguments: mri_edit_wm_with_aseg -all-info  ProgramVersion: 7.3.2  TimeStamp: 2026/03/09-00:53:19-GMT  BuildTime: Aug  4 2022 06:17:15  BuildStamp: freesurfer-linux-ubuntu22_x86_64-7.3.2-20220804-6354275  User: oesteban  Machine: dna078  Platform: Linux  PlatformVersion: 5.14.0-427.37.1.el9_4.x86_64  CompilerName: GCC  CompilerVersion: 8.4.0
ProgramName: mri_em_register  ProgramArguments: mri_em_register -all-info  ProgramVersion: 7.3.2  TimeStamp: 2026/03/09-00:53:19-GMT  BuildTime: Aug  4 2022 06:17:15  BuildStamp: freesurfer-linux-ubuntu22_x86_64-7.3.2-20220804-6354275  User: oesteban  Machine: dna078  Platform: Linux  PlatformVersion: 5.14.0-427.37.1.el9_4.x86_64  CompilerName: GCC  CompilerVersion: 8.4.0
ProgramName: mri_fill  ProgramArguments: mri_fill -all-info  ProgramVersion: 7.3.2  TimeStamp: 2026/03/09-00:53:19-GMT  BuildTime: Aug  4 2022 06:17:15  BuildStamp: freesurfer-linux-ubuntu22_x86_64-7.3.2-20220804-6354275  User: oesteban  Machine: dna078  Platform: Linux  PlatformVersion: 5.14.0-427.37.1.el9_4.x86_64  CompilerName: GCC  CompilerVersion: 8.4.0
ProgramName: mri_fuse_segmentations  ProgramArguments: mri_fuse_segmentations -all-info  ProgramVersion: 7.3.2  TimeStamp: 2026/03/09-00:53:19-GMT  BuildTime: Aug  4 2022 06:17:15  BuildStamp: freesurfer-linux-ubuntu22_x86_64-7.3.2-20220804-6354275  User: oesteban  Machine: dna078  Platform: Linux  PlatformVersion: 5.14.0-427.37.1.el9_4.x86_64  CompilerName: GCC  CompilerVersion: 8.4.0
ProgramName: mri_fwhm  ProgramArguments: mri_fwhm -all-info  ProgramVersion: 7.3.2  TimeStamp: 2026/03/09-00:53:19-GMT  BuildTime: Aug  4 2022 06:17:15  BuildStamp: freesurfer-linux-ubuntu22_x86_64-7.3.2-20220804-6354275  User: oesteban  Machine: dna078  Platform: Linux  PlatformVersion: 5.14.0-427.37.1.el9_4.x86_64  CompilerName: GCC  CompilerVersion: 8.4.0
ProgramName: mri_gcut  ProgramArguments: mri_gcut -all-info  ProgramVersion: 7.3.2  TimeStamp: 2026/03/09-00:53:19-GMT  BuildTime: Aug  4 2022 06:17:15  BuildStamp: freesurfer-linux-ubuntu22_x86_64-7.3.2-20220804-6354275  User: oesteban  Machine: dna078  Platform: Linux  PlatformVersion: 5.14.0-427.37.1.el9_4.x86_64  CompilerName: GCC  CompilerVersion: 8.4.0
ProgramName: mri_info  ProgramArguments: mri_info -all-info  ProgramVersion: 7.3.2  TimeStamp: 2026/03/09-00:53:19-GMT  BuildTime: Aug  4 2022 06:17:15  BuildStamp: freesurfer-linux-ubuntu22_x86_64-7.3.2-20220804-6354275  User: oesteban  Machine: dna078  Platform: Linux  PlatformVersion: 5.14.0-427.37.1.el9_4.x86_64  CompilerName: GCC  CompilerVersion: 8.4.0
ProgramName: mri_label2label  ProgramArguments: mri_label2label -all-info  ProgramVersion: 7.3.2  TimeStamp: 2026/03/09-00:53:19-GMT  BuildTime: Aug  4 2022 06:17:15  BuildStamp: freesurfer-linux-ubuntu22_x86_64-7.3.2-20220804-6354275  User: oesteban  Machine: dna078  Platform: Linux  PlatformVersion: 5.14.0-427.37.1.el9_4.x86_64  CompilerName: GCC  CompilerVersion: 8.4.0
ProgramName: mri_label2vol  ProgramArguments: mri_label2vol -all-info  ProgramVersion: 7.3.2  TimeStamp: 2026/03/09-00:53:19-GMT  BuildTime: Aug  4 2022 06:17:15  BuildStamp: freesurfer-linux-ubuntu22_x86_64-7.3.2-20220804-6354275  User: oesteban  Machine: dna078  Platform: Linux  PlatformVersion: 5.14.0-427.37.1.el9_4.x86_64  CompilerName: GCC  CompilerVersion: 8.4.0
ProgramName: mri_log_likelihood  ProgramArguments: mri_log_likelihood -all-info  ProgramVersion: 7.3.2  TimeStamp: 2026/03/09-00:53:19-GMT  BuildTime: Aug  4 2022 06:17:15  BuildStamp: freesurfer-linux-ubuntu22_x86_64-7.3.2-20220804-6354275  User: oesteban  Machine: dna078  Platform: Linux  PlatformVersion: 5.14.0-427.37.1.el9_4.x86_64  CompilerName: GCC  CompilerVersion: 8.4.0
ProgramName: mri_mask  ProgramArguments: mri_mask -all-info  ProgramVersion: 7.3.2  TimeStamp: 2026/03/09-00:53:19-GMT  BuildTime: Aug  4 2022 06:17:15  BuildStamp: freesurfer-linux-ubuntu22_x86_64-7.3.2-20220804-6354275  User: oesteban  Machine: dna078  Platform: Linux  PlatformVersion: 5.14.0-427.37.1.el9_4.x86_64  CompilerName: GCC  CompilerVersion: 8.4.0
ProgramName: mri_matrix_multiply  ProgramArguments: mri_matrix_multiply -all-info  ProgramVersion: 7.3.2  TimeStamp: 2026/03/09-00:53:19-GMT  BuildTime: Aug  4 2022 06:17:15  BuildStamp: freesurfer-linux-ubuntu22_x86_64-7.3.2-20220804-6354275  User: oesteban  Machine: dna078  Platform: Linux  PlatformVersion: 5.14.0-427.37.1.el9_4.x86_64  CompilerName: GCC  CompilerVersion: 8.4.0
ProgramName: mri_normalize  ProgramArguments: mri_normalize -all-info  ProgramVersion: 7.3.2  TimeStamp: 2026/03/09-00:53:19-GMT  BuildTime: Aug  4 2022 06:17:15  BuildStamp: freesurfer-linux-ubuntu22_x86_64-7.3.2-20220804-6354275  User: oesteban  Machine: dna078  Platform: Linux  PlatformVersion: 5.14.0-427.37.1.el9_4.x86_64  CompilerName: GCC  CompilerVersion: 8.4.0
ProgramName: mri_normalize_tp2  ProgramArguments: mri_normalize_tp2 -all-info  ProgramVersion: 7.3.2  TimeStamp: 2026/03/09-00:53:19-GMT  BuildTime: Aug  4 2022 06:17:15  BuildStamp: freesurfer-linux-ubuntu22_x86_64-7.3.2-20220804-6354275  User: oesteban  Machine: dna078  Platform: Linux  PlatformVersion: 5.14.0-427.37.1.el9_4.x86_64  CompilerName: GCC  CompilerVersion: 8.4.0
ProgramName: mri_or  ProgramArguments: mri_or -all-info  ProgramVersion: 7.3.2  TimeStamp: 2026/03/09-00:53:19-GMT  BuildTime: Aug  4 2022 06:17:15  BuildStamp: freesurfer-linux-ubuntu22_x86_64-7.3.2-20220804-6354275  User: oesteban  Machine: dna078  Platform: Linux  PlatformVersion: 5.14.0-427.37.1.el9_4.x86_64  CompilerName: GCC  CompilerVersion: 8.4.0
ProgramName: mri_relabel_hypointensities  ProgramArguments: mri_relabel_hypointensities -all-info  ProgramVersion: 7.3.2  TimeStamp: 2026/03/09-00:53:19-GMT  BuildTime: Aug  4 2022 06:17:15  BuildStamp: freesurfer-linux-ubuntu22_x86_64-7.3.2-20220804-6354275  User: oesteban  Machine: dna078  Platform: Linux  PlatformVersion: 5.14.0-427.37.1.el9_4.x86_64  CompilerName: GCC  CompilerVersion: 8.4.0
ProgramName: mri_relabel_nonwm_hypos  ProgramArguments: mri_relabel_nonwm_hypos -all-info  ProgramVersion: 7.3.2  TimeStamp: 2026/03/09-00:53:19-GMT  BuildTime: Aug  4 2022 06:17:15  BuildStamp: freesurfer-linux-ubuntu22_x86_64-7.3.2-20220804-6354275  User: oesteban  Machine: dna078  Platform: Linux  PlatformVersion: 5.14.0-427.37.1.el9_4.x86_64  CompilerName: GCC  CompilerVersion: 8.4.0
ProgramName: mri_remove_neck  ProgramArguments: mri_remove_neck -all-info  ProgramVersion: 7.3.2  TimeStamp: 2026/03/09-00:53:19-GMT  BuildTime: Aug  4 2022 06:17:15  BuildStamp: freesurfer-linux-ubuntu22_x86_64-7.3.2-20220804-6354275  User: oesteban  Machine: dna078  Platform: Linux  PlatformVersion: 5.14.0-427.37.1.el9_4.x86_64  CompilerName: GCC  CompilerVersion: 8.4.0
7.3.2

ProgramName: mri_robust_register  ProgramArguments: mri_robust_register -all-info  ProgramVersion: 7.3.2  TimeStamp: 2026/03/09-00:53:19-GMT  BuildTime: Aug  4 2022 06:17:15  BuildStamp: freesurfer-linux-ubuntu22_x86_64-7.3.2-20220804-6354275  User: oesteban  Machine: dna078  Platform: Linux  PlatformVersion: 5.14.0-427.37.1.el9_4.x86_64  CompilerName: GCC  CompilerVersion: 8.4.0
7.3.2

ProgramName: mri_robust_template  ProgramArguments: mri_robust_template -all-info  ProgramVersion: 7.3.2  TimeStamp: 2026/03/09-00:53:19-GMT  BuildTime: Aug  4 2022 06:17:15  BuildStamp: freesurfer-linux-ubuntu22_x86_64-7.3.2-20220804-6354275  User: oesteban  Machine: dna078  Platform: Linux  PlatformVersion: 5.14.0-427.37.1.el9_4.x86_64  CompilerName: GCC  CompilerVersion: 8.4.0
ProgramName: mris_anatomical_stats  ProgramArguments: mris_anatomical_stats -all-info  ProgramVersion: 7.3.2  TimeStamp: 2026/03/09-00:53:19-GMT  BuildTime: Aug  4 2022 06:17:15  BuildStamp: freesurfer-linux-ubuntu22_x86_64-7.3.2-20220804-6354275  User: oesteban  Machine: dna078  Platform: Linux  PlatformVersion: 5.14.0-427.37.1.el9_4.x86_64  CompilerName: GCC  CompilerVersion: 8.4.0
ProgramName: mris_ca_label  ProgramArguments: mris_ca_label -all-info  ProgramVersion: 7.3.2  TimeStamp: 2026/03/09-00:53:19-GMT  BuildTime: Aug  4 2022 06:17:15  BuildStamp: freesurfer-linux-ubuntu22_x86_64-7.3.2-20220804-6354275  User: oesteban  Machine: dna078  Platform: Linux  PlatformVersion: 5.14.0-427.37.1.el9_4.x86_64  CompilerName: GCC  CompilerVersion: 8.4.0
ProgramName: mris_calc  ProgramArguments: mris_calc -all-info  ProgramVersion: 7.3.2  TimeStamp: 2026/03/09-00:53:19-GMT  BuildTime: Aug  4 2022 06:17:15  BuildStamp: freesurfer-linux-ubuntu22_x86_64-7.3.2-20220804-6354275  User: oesteban  Machine: dna078  Platform: Linux  PlatformVersion: 5.14.0-427.37.1.el9_4.x86_64  CompilerName: GCC  CompilerVersion: 8.4.0
ProgramName: mris_convert  ProgramArguments: mris_convert -all-info  ProgramVersion: 7.3.2  TimeStamp: 2026/03/09-00:53:19-GMT  BuildTime: Aug  4 2022 06:17:15  BuildStamp: freesurfer-linux-ubuntu22_x86_64-7.3.2-20220804-6354275  User: oesteban  Machine: dna078  Platform: Linux  PlatformVersion: 5.14.0-427.37.1.el9_4.x86_64  CompilerName: GCC  CompilerVersion: 8.4.0
ProgramName: mris_curvature  ProgramArguments: mris_curvature -all-info  ProgramVersion: 7.3.2  TimeStamp: 2026/03/09-00:53:19-GMT  BuildTime: Aug  4 2022 06:17:15  BuildStamp: freesurfer-linux-ubuntu22_x86_64-7.3.2-20220804-6354275  User: oesteban  Machine: dna078  Platform: Linux  PlatformVersion: 5.14.0-427.37.1.el9_4.x86_64  CompilerName: GCC  CompilerVersion: 8.4.0
ProgramName: mris_curvature_stats  ProgramArguments: mris_curvature_stats -all-info  ProgramVersion: 7.3.2  TimeStamp: 2026/03/09-00:53:19-GMT  BuildTime: Aug  4 2022 06:17:15  BuildStamp: freesurfer-linux-ubuntu22_x86_64-7.3.2-20220804-6354275  User: oesteban  Machine: dna078  Platform: Linux  PlatformVersion: 5.14.0-427.37.1.el9_4.x86_64  CompilerName: GCC  CompilerVersion: 8.4.0
ProgramName: mris_diff  ProgramArguments: mris_diff -all-info  ProgramVersion: 7.3.2  TimeStamp: 2026/03/09-00:53:19-GMT  BuildTime: Aug  4 2022 06:17:15  BuildStamp: freesurfer-linux-ubuntu22_x86_64-7.3.2-20220804-6354275  User: oesteban  Machine: dna078  Platform: Linux  PlatformVersion: 5.14.0-427.37.1.el9_4.x86_64  CompilerName: GCC  CompilerVersion: 8.4.0
ProgramName: mris_divide_parcellation  ProgramArguments: mris_divide_parcellation -all-info  ProgramVersion: 7.3.2  TimeStamp: 2026/03/09-00:53:19-GMT  BuildTime: Aug  4 2022 06:17:15  BuildStamp: freesurfer-linux-ubuntu22_x86_64-7.3.2-20220804-6354275  User: oesteban  Machine: dna078  Platform: Linux  PlatformVersion: 5.14.0-427.37.1.el9_4.x86_64  CompilerName: GCC  CompilerVersion: 8.4.0
ProgramName: mri_segment  ProgramArguments: mri_segment -all-info  ProgramVersion: 7.3.2  TimeStamp: 2026/03/09-00:53:19-GMT  BuildTime: Aug  4 2022 06:17:15  BuildStamp: freesurfer-linux-ubuntu22_x86_64-7.3.2-20220804-6354275  User: oesteban  Machine: dna078  Platform: Linux  PlatformVersion: 5.14.0-427.37.1.el9_4.x86_64  CompilerName: GCC  CompilerVersion: 8.4.0
ProgramName: mri_segstats  ProgramArguments: mri_segstats -all-info  ProgramVersion: 7.3.2  TimeStamp: 2026/03/09-00:53:19-GMT  BuildTime: Aug  4 2022 06:17:15  BuildStamp: freesurfer-linux-ubuntu22_x86_64-7.3.2-20220804-6354275  User: oesteban  Machine: dna078  Platform: Linux  PlatformVersion: 5.14.0-427.37.1.el9_4.x86_64  CompilerName: GCC  CompilerVersion: 8.4.0
ProgramName: mris_euler_number  ProgramArguments: mris_euler_number -all-info  ProgramVersion: 7.3.2  TimeStamp: 2026/03/09-00:53:19-GMT  BuildTime: Aug  4 2022 06:17:15  BuildStamp: freesurfer-linux-ubuntu22_x86_64-7.3.2-20220804-6354275  User: oesteban  Machine: dna078  Platform: Linux  PlatformVersion: 5.14.0-427.37.1.el9_4.x86_64  CompilerName: GCC  CompilerVersion: 8.4.0
ProgramName: mris_fix_topology  ProgramArguments: mris_fix_topology -all-info  ProgramVersion: 7.3.2  TimeStamp: 2026/03/09-00:53:19-GMT  BuildTime: Aug  4 2022 06:17:15  BuildStamp: freesurfer-linux-ubuntu22_x86_64-7.3.2-20220804-6354275  User: oesteban  Machine: dna078  Platform: Linux  PlatformVersion: 5.14.0-427.37.1.el9_4.x86_64  CompilerName: GCC  CompilerVersion: 8.4.0
ProgramName: mris_topo_fixer  ProgramArguments: mris_topo_fixer -all-info  ProgramVersion: 7.3.2  TimeStamp: 2026/03/09-00:53:19-GMT  BuildTime: Aug  4 2022 06:17:15  BuildStamp: freesurfer-linux-ubuntu22_x86_64-7.3.2-20220804-6354275  User: oesteban  Machine: dna078  Platform: Linux  PlatformVersion: 5.14.0-427.37.1.el9_4.x86_64  CompilerName: GCC  CompilerVersion: 8.4.0
ProgramName: mris_jacobian  ProgramArguments: mris_jacobian -all-info  ProgramVersion: 7.3.2  TimeStamp: 2026/03/09-00:53:19-GMT  BuildTime: Aug  4 2022 06:17:15  BuildStamp: freesurfer-linux-ubuntu22_x86_64-7.3.2-20220804-6354275  User: oesteban  Machine: dna078  Platform: Linux  PlatformVersion: 5.14.0-427.37.1.el9_4.x86_64  CompilerName: GCC  CompilerVersion: 8.4.0
ProgramName: mris_label2annot  ProgramArguments: mris_label2annot -all-info  ProgramVersion: 7.3.2  TimeStamp: 2026/03/09-00:53:19-GMT  BuildTime: Aug  4 2022 06:17:15  BuildStamp: freesurfer-linux-ubuntu22_x86_64-7.3.2-20220804-6354275  User: oesteban  Machine: dna078  Platform: Linux  PlatformVersion: 5.14.0-427.37.1.el9_4.x86_64  CompilerName: GCC  CompilerVersion: 8.4.0
ProgramName: mris_left_right_register  ProgramArguments: mris_left_right_register -all-info  ProgramVersion: 7.3.2  TimeStamp: 2026/03/09-00:53:19-GMT  BuildTime: Aug  4 2022 06:17:15  BuildStamp: freesurfer-linux-ubuntu22_x86_64-7.3.2-20220804-6354275  User: oesteban  Machine: dna078  Platform: Linux  PlatformVersion: 5.14.0-427.37.1.el9_4.x86_64  CompilerName: GCC  CompilerVersion: 8.4.0
ProgramName: mris_place_surface  ProgramArguments: mris_place_surface -all-info  ProgramVersion: 7.3.2  TimeStamp: 2026/03/09-00:53:19-GMT  BuildTime: Aug  4 2022 06:17:15  BuildStamp: freesurfer-linux-ubuntu22_x86_64-7.3.2-20220804-6354275  User: oesteban  Machine: dna078  Platform: Linux  PlatformVersion: 5.14.0-427.37.1.el9_4.x86_64  CompilerName: GCC  CompilerVersion: 8.4.0
ProgramName: mrisp_paint  ProgramArguments: mrisp_paint -all-info  ProgramVersion: 7.3.2  TimeStamp: 2026/03/09-00:53:19-GMT  BuildTime: Aug  4 2022 06:17:15  BuildStamp: freesurfer-linux-ubuntu22_x86_64-7.3.2-20220804-6354275  User: oesteban  Machine: dna078  Platform: Linux  PlatformVersion: 5.14.0-427.37.1.el9_4.x86_64  CompilerName: GCC  CompilerVersion: 8.4.0
ProgramName: mris_register  ProgramArguments: mris_register -all-info  ProgramVersion: 7.3.2  TimeStamp: 2026/03/09-00:53:19-GMT  BuildTime: Aug  4 2022 06:17:15  BuildStamp: freesurfer-linux-ubuntu22_x86_64-7.3.2-20220804-6354275  User: oesteban  Machine: dna078  Platform: Linux  PlatformVersion: 5.14.0-427.37.1.el9_4.x86_64  CompilerName: GCC  CompilerVersion: 8.4.0
ProgramName: mris_smooth  ProgramArguments: mris_smooth -all-info  ProgramVersion: 7.3.2  TimeStamp: 2026/03/09-00:53:19-GMT  BuildTime: Aug  4 2022 06:17:15  BuildStamp: freesurfer-linux-ubuntu22_x86_64-7.3.2-20220804-6354275  User: oesteban  Machine: dna078  Platform: Linux  PlatformVersion: 5.14.0-427.37.1.el9_4.x86_64  CompilerName: GCC  CompilerVersion: 8.4.0
ProgramName: mris_sphere  ProgramArguments: mris_sphere -all-info  ProgramVersion: 7.3.2  TimeStamp: 2026/03/09-00:53:19-GMT  BuildTime: Aug  4 2022 06:17:15  BuildStamp: freesurfer-linux-ubuntu22_x86_64-7.3.2-20220804-6354275  User: oesteban  Machine: dna078  Platform: Linux  PlatformVersion: 5.14.0-427.37.1.el9_4.x86_64  CompilerName: GCC  CompilerVersion: 8.4.0
ProgramName: mris_surface_stats  ProgramArguments: mris_surface_stats -all-info  ProgramVersion: 7.3.2  TimeStamp: 2026/03/09-00:53:19-GMT  BuildTime: Aug  4 2022 06:17:15  BuildStamp: freesurfer-linux-ubuntu22_x86_64-7.3.2-20220804-6354275  User: oesteban  Machine: dna078  Platform: Linux  PlatformVersion: 5.14.0-427.37.1.el9_4.x86_64  CompilerName: GCC  CompilerVersion: 8.4.0
ProgramName: mri_stats2seg  ProgramArguments: mri_stats2seg -all-info  ProgramVersion: 7.3.2  TimeStamp: 2026/03/09-00:53:19-GMT  BuildTime: Aug  4 2022 06:17:15  BuildStamp: freesurfer-linux-ubuntu22_x86_64-7.3.2-20220804-6354275  User: oesteban  Machine: dna078  Platform: Linux  PlatformVersion: 5.14.0-427.37.1.el9_4.x86_64  CompilerName: GCC  CompilerVersion: 8.4.0
ProgramName: mris_thickness  ProgramArguments: mris_thickness -all-info  ProgramVersion: 7.3.2  TimeStamp: 2026/03/09-00:53:19-GMT  BuildTime: Aug  4 2022 06:17:15  BuildStamp: freesurfer-linux-ubuntu22_x86_64-7.3.2-20220804-6354275  User: oesteban  Machine: dna078  Platform: Linux  PlatformVersion: 5.14.0-427.37.1.el9_4.x86_64  CompilerName: GCC  CompilerVersion: 8.4.0
ProgramName: mris_thickness_diff  ProgramArguments: mris_thickness_diff -all-info  ProgramVersion: 7.3.2  TimeStamp: 2026/03/09-00:53:19-GMT  BuildTime: Aug  4 2022 06:17:15  BuildStamp: freesurfer-linux-ubuntu22_x86_64-7.3.2-20220804-6354275  User: oesteban  Machine: dna078  Platform: Linux  PlatformVersion: 5.14.0-427.37.1.el9_4.x86_64  CompilerName: GCC  CompilerVersion: 8.4.0
ProgramName: mris_topo_fixer  ProgramArguments: mris_topo_fixer -all-info  ProgramVersion: 7.3.2  TimeStamp: 2026/03/09-00:53:19-GMT  BuildTime: Aug  4 2022 06:17:15  BuildStamp: freesurfer-linux-ubuntu22_x86_64-7.3.2-20220804-6354275  User: oesteban  Machine: dna078  Platform: Linux  PlatformVersion: 5.14.0-427.37.1.el9_4.x86_64  CompilerName: GCC  CompilerVersion: 8.4.0
ProgramName: mri_surf2surf  ProgramArguments: mri_surf2surf -all-info  ProgramVersion: 7.3.2  TimeStamp: 2026/03/09-00:53:19-GMT  BuildTime: Aug  4 2022 06:17:15  BuildStamp: freesurfer-linux-ubuntu22_x86_64-7.3.2-20220804-6354275  User: oesteban  Machine: dna078  Platform: Linux  PlatformVersion: 5.14.0-427.37.1.el9_4.x86_64  CompilerName: GCC  CompilerVersion: 8.4.0
ProgramName: mri_surf2vol  ProgramArguments: mri_surf2vol -all-info  ProgramVersion: 7.3.2  TimeStamp: 2026/03/09-00:53:19-GMT  BuildTime: Aug  4 2022 06:17:15  BuildStamp: freesurfer-linux-ubuntu22_x86_64-7.3.2-20220804-6354275  User: oesteban  Machine: dna078  Platform: Linux  PlatformVersion: 5.14.0-427.37.1.el9_4.x86_64  CompilerName: GCC  CompilerVersion: 8.4.0
ProgramName: mri_surfcluster  ProgramArguments: mri_surfcluster -all-info  ProgramVersion: 7.3.2  TimeStamp: 2026/03/09-00:53:19-GMT  BuildTime: Aug  4 2022 06:17:15  BuildStamp: freesurfer-linux-ubuntu22_x86_64-7.3.2-20220804-6354275  User: oesteban  Machine: dna078  Platform: Linux  PlatformVersion: 5.14.0-427.37.1.el9_4.x86_64  CompilerName: GCC  CompilerVersion: 8.4.0
ProgramName: mris_volmask  ProgramArguments: mris_volmask -all-info  ProgramVersion: 7.3.2  TimeStamp: 2026/03/09-00:53:19-GMT  BuildTime: Aug  4 2022 06:17:15  BuildStamp: freesurfer-linux-ubuntu22_x86_64-7.3.2-20220804-6354275  User: oesteban  Machine: dna078  Platform: Linux  PlatformVersion: 5.14.0-427.37.1.el9_4.x86_64  CompilerName: GCC  CompilerVersion: 8.4.0
ProgramName: mri_tessellate  ProgramArguments: mri_tessellate -all-info  ProgramVersion: 7.3.2  TimeStamp: 2026/03/09-00:53:19-GMT  BuildTime: Aug  4 2022 06:17:15  BuildStamp: freesurfer-linux-ubuntu22_x86_64-7.3.2-20220804-6354275  User: oesteban  Machine: dna078  Platform: Linux  PlatformVersion: 5.14.0-427.37.1.el9_4.x86_64  CompilerName: GCC  CompilerVersion: 8.4.0
ProgramName: mri_vol2surf  ProgramArguments: mri_vol2surf -all-info  ProgramVersion: 7.3.2  TimeStamp: 2026/03/09-00:53:19-GMT  BuildTime: Aug  4 2022 06:17:15  BuildStamp: freesurfer-linux-ubuntu22_x86_64-7.3.2-20220804-6354275  User: oesteban  Machine: dna078  Platform: Linux  PlatformVersion: 5.14.0-427.37.1.el9_4.x86_64  CompilerName: GCC  CompilerVersion: 8.4.0
ProgramName: mri_vol2vol  ProgramArguments: mri_vol2vol -all-info  ProgramVersion: 7.3.2  TimeStamp: 2026/03/09-00:53:19-GMT  BuildTime: Aug  4 2022 06:17:15  BuildStamp: freesurfer-linux-ubuntu22_x86_64-7.3.2-20220804-6354275  User: oesteban  Machine: dna078  Platform: Linux  PlatformVersion: 5.14.0-427.37.1.el9_4.x86_64  CompilerName: GCC  CompilerVersion: 8.4.0
ProgramName: mri_voldiff  ProgramArguments: mri_voldiff -all-info  ProgramVersion: 7.3.2  TimeStamp: 2026/03/09-00:53:19-GMT  BuildTime: Aug  4 2022 06:17:15  BuildStamp: freesurfer-linux-ubuntu22_x86_64-7.3.2-20220804-6354275  User: oesteban  Machine: dna078  Platform: Linux  PlatformVersion: 5.14.0-427.37.1.el9_4.x86_64  CompilerName: GCC  CompilerVersion: 8.4.0
ProgramName: mri_watershed  ProgramArguments: mri_watershed -all-info  ProgramVersion: 7.3.2  TimeStamp: 2026/03/09-00:53:19-GMT  BuildTime: Aug  4 2022 06:17:15  BuildStamp: freesurfer-linux-ubuntu22_x86_64-7.3.2-20220804-6354275  User: oesteban  Machine: dna078  Platform: Linux  PlatformVersion: 5.14.0-427.37.1.el9_4.x86_64  CompilerName: GCC  CompilerVersion: 8.4.0
ProgramName: tkregister2  ProgramArguments: tkregister2_cmdl -all-info  ProgramVersion: 7.3.2  TimeStamp: 2026/03/09-00:53:19-GMT  BuildTime: Aug  4 2022 06:17:15  BuildStamp: freesurfer-linux-ubuntu22_x86_64-7.3.2-20220804-6354275  User: oesteban  Machine: dna078  Platform: Linux  PlatformVersion: 5.14.0-427.37.1.el9_4.x86_64  CompilerName: GCC  CompilerVersion: 8.4.0
mri_motion_correct.fsl 7.3.2
mri_convert -all-info 
ProgramName: mri_convert  ProgramArguments: mri_convert -all-info  ProgramVersion: 7.3.2  TimeStamp: 2026/03/09-00:53:19-GMT  BuildTime: Aug  4 2022 06:17:15  BuildStamp: freesurfer-linux-ubuntu22_x86_64-7.3.2-20220804-6354275  User: oesteban  Machine: dna078  Platform: Linux  PlatformVersion: 5.14.0-427.37.1.el9_4.x86_64  CompilerName: GCC  CompilerVersion: 8.4.0
Program nu_correct, built from:
Package MNI N3, version 1.12.0, compiled by nicks@terrier (x86_64-unknown-linux-gnu) on 2015-06-19 at 01:25:34
#######################################
GCADIR /opt/freesurfer/average
GCA RB_all_2020-01-02.gca
GCASkull RB_all_withskull_2020_01_02.gca
AvgCurvTif folding.atlas.acfb40.noaparc.i12.2016-08-02.tif
GCSDIR /opt/freesurfer/average
GCS DKaparc.atlas.acfb40.noaparc.i12.2016-08-02.gcs
#######################################
#--------------------------------------------
#@# AutoDetGWStats lh Mon Mar  9 01:53:19 CET 2026
cd /out/sourcedata/freesurfer/sub-v1s16x0051188_ses-1/mri
mris_autodet_gwstats --o ../surf/autodet.gw.stats.lh.dat --i brain.finalsurfs.mgz --wm wm.mgz --surf ../surf/lh.orig.premesh
  Update not needed
#--------------------------------------------
#@# WhitePreAparc lh Mon Mar  9 01:53:19 CET 2026
cd /out/sourcedata/freesurfer/sub-v1s16x0051188_ses-1/mri
mris_place_surface --adgws-in ../surf/autodet.gw.stats.lh.dat --wm wm.mgz --threads 16 --invol brain.finalsurfs.mgz --lh --i ../surf/lh.orig --o ../surf/lh.white.preaparc --white --seg aseg.presurf.mgz --nsmooth 5
   Update not needed
#--------------------------------------------
#@# CortexLabel lh Mon Mar  9 01:53:19 CET 2026
cd /out/sourcedata/freesurfer/sub-v1s16x0051188_ses-1/mri
mri_label2label --label-cortex ../surf/lh.white.preaparc aseg.presurf.mgz 0 ../label/lh.cortex.label
   Update not needed
#--------------------------------------------
#@# CortexLabel+HipAmyg lh Mon Mar  9 01:53:19 CET 2026
cd /out/sourcedata/freesurfer/sub-v1s16x0051188_ses-1/mri
mri_label2label --label-cortex ../surf/lh.white.preaparc aseg.presurf.mgz 1 ../label/lh.cortex+hipamyg.label
   Update not needed
#@# white curv lh Mon Mar  9 01:53:19 CET 2026
cd /out/sourcedata/freesurfer/sub-v1s16x0051188_ses-1/mri
mris_place_surface --curv-map ../surf/lh.white 2 10 ../surf/lh.curv
   Update not needed
#@# white area lh Mon Mar  9 01:53:19 CET 2026
cd /out/sourcedata/freesurfer/sub-v1s16x0051188_ses-1/mri
mris_place_surface --area-map ../surf/lh.white ../surf/lh.area
   Update not needed
#@# pial curv lh Mon Mar  9 01:53:19 CET 2026
cd /out/sourcedata/freesurfer/sub-v1s16x0051188_ses-1/mri
mris_place_surface --curv-map ../surf/lh.pial 2 10 ../surf/lh.curv.pial
   Update not needed
#@# pial area lh Mon Mar  9 01:53:19 CET 2026
cd /out/sourcedata/freesurfer/sub-v1s16x0051188_ses-1/mri
mris_place_surface --area-map ../surf/lh.pial ../surf/lh.area.pial
   Update not needed
#@# thickness lh Mon Mar  9 01:53:19 CET 2026
cd /out/sourcedata/freesurfer/sub-v1s16x0051188_ses-1/mri
mris_place_surface --thickness ../surf/lh.white ../surf/lh.pial 20 5 ../surf/lh.thickness
   Update not needed
#@# area and vertex vol lh Mon Mar  9 01:53:19 CET 2026
cd /out/sourcedata/freesurfer/sub-v1s16x0051188_ses-1/mri
mris_place_surface --thickness ../surf/lh.white ../surf/lh.pial 20 5 ../surf/lh.thickness
   Update not needed
#-----------------------------------------
#@# Parcellation Stats lh Mon Mar  9 01:53:19 CET 2026
/out/sourcedata/freesurfer/sub-v1s16x0051188_ses-1/scripts

 mris_anatomical_stats -th3 -mgz -noglobal -cortex ../label/lh.cortex.label -f ../stats/lh.aparc.stats -b -a ../label/lh.aparc.annot -c ../label/aparc.annot.ctab sub-v1s16x0051188_ses-1 lh white 

computing statistics for each annotation in ../label/lh.aparc.annot.
reading volume /out/sourcedata/freesurfer/sub-v1s16x0051188_ses-1/mri/wm.mgz...
reading input surface /out/sourcedata/freesurfer/sub-v1s16x0051188_ses-1/surf/lh.white...
reading input pial surface /out/sourcedata/freesurfer/sub-v1s16x0051188_ses-1/surf/lh.pial...
reading input white surface /out/sourcedata/freesurfer/sub-v1s16x0051188_ses-1/surf/lh.white...
INFO: using TH3 volume calc
INFO: assuming MGZ format for volumes.
INFO: not computing global stats
INFO: using ../label/lh.cortex.label as mask to calc cortex NumVert, SurfArea and MeanThickness.
Using TH3 vertex volume calc
Total face volume 236310
Total vertex volume 236133 (mask=0)
Saving annotation colortable ../label/aparc.annot.ctab

table columns are:
    number of vertices
    total surface area (mm^2)
    total gray matter volume (mm^3)
    average cortical thickness +- standard deviation (mm)
    integrated rectified mean curvature
    integrated rectified Gaussian curvature
    folding index
    intrinsic curvature index
    structure name

 1054    703   2202  3.110 0.454     0.083     0.014        4     0.6  bankssts
  779    529   1508  2.500 0.616     0.123     0.014        9     0.5  caudalanteriorcingulate
 2299   1607   4943  2.851 0.536     0.103     0.019       17     1.7  caudalmiddlefrontal
 2080   1522   3352  2.059 0.706     0.145     0.035       26     2.9  cuneus
  960    639   1568  1.924 0.711     0.166     0.070       24     3.2  entorhinal
 3021   2217   7843  2.969 0.637     0.123     0.027       35     3.4  fusiform
 5957   4255  15439  3.001 0.702     0.113     0.023       62     5.7  inferiorparietal
 3327   2393   8823  2.900 0.797     0.127     0.033       45     4.8  inferiortemporal
 1398    981   3123  2.751 0.953     0.126     0.032       19     1.8  isthmuscingulate
 6201   4567  12705  2.423 0.846     0.144     0.038       80     9.1  lateraloccipital
 3325   2264   8124  3.185 1.021     0.118     0.029       33     3.9  lateralorbitofrontal
 4438   3257   7388  2.201 0.820     0.142     0.037       56     7.0  lingual
 2014   1355   4356  2.781 1.078     0.127     0.032       35     3.0  medialorbitofrontal
 2992   2163   7800  2.818 0.753     0.117     0.025       37     3.3  middletemporal
 1199    717   2691  2.904 0.993     0.098     0.028       15     0.9  parahippocampal
 1633   1080   3788  3.098 0.639     0.098     0.018       10     1.2  paracentral
 1808   1307   4332  2.868 0.621     0.099     0.017       14     1.2  parsopercularis
  789    613   2927  3.229 0.886     0.133     0.027       12     0.8  parsorbitalis
 1458   1031   3685  2.948 0.717     0.105     0.022       13     1.3  parstriangularis
 2243   1640   1958  1.449 0.412     0.148     0.040       31     3.6  pericalcarine
 4986   3355   8178  2.187 0.793     0.108     0.020       41     4.4  postcentral
 1633   1144   3620  2.711 0.923     0.122     0.021       19     1.6  posteriorcingulate
 5814   3880  11914  2.779 0.667     0.108     0.021       45     5.0  precentral
 4892   3410  11703  3.156 0.649     0.116     0.024       44     5.1  precuneus
  921    627   2230  3.074 0.857     0.109     0.025       10     0.8  rostralanteriorcingulate
 6120   4594  17456  3.097 0.670     0.124     0.027       73     7.1  rostralmiddlefrontal
 8983   6316  25509  3.450 0.642     0.116     0.024       87     8.8  superiorfrontal
 7420   5128  15035  2.559 0.644     0.114     0.022       73     6.8  superiorparietal
 4462   3135   9635  2.692 0.671     0.114     0.025       49     4.7  superiortemporal
 4958   3594  12891  3.076 0.653     0.124     0.025       55     5.2  supramarginal
  312    265   1164  3.097 1.076     0.200     0.074        7     0.9  frontalpole
  414    284    903  2.332 0.928     0.159     0.062        9     1.2  temporalpole
  574    391   1059  2.415 0.569     0.112     0.019        5     0.4  transversetemporal
 3229   2176   6279  3.002 0.840     0.106     0.027       25     3.5  insula

 mris_anatomical_stats -th3 -mgz -noglobal -cortex ../label/lh.cortex.label -f ../stats/lh.aparc.pial.stats -b -a ../label/lh.aparc.annot -c ../label/aparc.annot.ctab sub-v1s16x0051188_ses-1 lh pial 

computing statistics for each annotation in ../label/lh.aparc.annot.
reading volume /out/sourcedata/freesurfer/sub-v1s16x0051188_ses-1/mri/wm.mgz...
reading input surface /out/sourcedata/freesurfer/sub-v1s16x0051188_ses-1/surf/lh.pial...
reading input pial surface /out/sourcedata/freesurfer/sub-v1s16x0051188_ses-1/surf/lh.pial...
reading input white surface /out/sourcedata/freesurfer/sub-v1s16x0051188_ses-1/surf/lh.white...
INFO: using TH3 volume calc
INFO: assuming MGZ format for volumes.
INFO: not computing global stats
INFO: using ../label/lh.cortex.label as mask to calc cortex NumVert, SurfArea and MeanThickness.
Using TH3 vertex volume calc
Total face volume 236310
Total vertex volume 236133 (mask=0)
Saving annotation colortable ../label/aparc.annot.ctab

table columns are:
    number of vertices
    total surface area (mm^2)
    total gray matter volume (mm^3)
    average cortical thickness +- standard deviation (mm)
    integrated rectified mean curvature
    integrated rectified Gaussian curvature
    folding index
    intrinsic curvature index
    structure name

 1054    683   2202  3.110 0.454     0.117     0.031       15     1.5  bankssts
  779    700   1508  2.500 0.616     0.203     0.119      118     2.3  caudalanteriorcingulate
 2299   1798   4943  2.851 0.536     0.120     0.276        9     2.6  caudalmiddlefrontal
 2080   1955   3352  2.059 0.706     0.177     0.074      271     4.9  cuneus
  960    978   1568  1.924 0.711     0.233     0.076       31     3.2  entorhinal
 3021   3067   7843  2.969 0.637     0.181     0.068       81     5.9  fusiform
 5957   5776  15439  3.001 0.702     0.156     0.037      116     8.7  inferiorparietal
 3327   3599   8823  2.900 0.797     0.185     0.041       94     6.2  inferiortemporal
 1398   1317   3123  2.751 0.953     0.195     0.075      181     3.0  isthmuscingulate
 6201   5867  12705  2.423 0.846     0.151     0.035      156     9.2  lateraloccipital
 3325   2764   8124  3.185 1.021     0.158     0.046       98     6.0  lateralorbitofrontal
 4438   3958   7388  2.201 0.820     0.174     0.054      393     9.2  lingual
 2014   1764   4356  2.781 1.078     0.179     0.047     1899     4.2  medialorbitofrontal
 2992   3235   7800  2.818 0.753     0.181     0.038       58     5.0  middletemporal
 1199   1125   2691  2.904 0.993     0.204     0.061       29     3.6  parahippocampal
 1633   1365   3788  3.098 0.639     0.126     0.030       22     2.0  paracentral
 1808   1776   4332  2.868 0.621     0.154     0.029       37     2.4  parsopercularis
  789   1081   2927  3.229 0.886     0.212     0.041       17     1.4  parsorbitalis
 1458   1423   3685  2.948 0.717     0.169     0.041       54     2.6  parstriangularis
 2243   1361   1958  1.449 0.412     0.125     0.040       78     3.5  pericalcarine
 4986   4082   8178  2.187 0.793     0.140     0.029    15034     5.8  postcentral
 1633   1456   3620  2.711 0.923     0.154     0.039       69     2.5  posteriorcingulate
 5814   4550  11914  2.779 0.667     0.122     0.029      126     6.9  precentral
 4892   4025  11703  3.156 0.649     0.152     0.045      202     7.8  precuneus
  921    809   2230  3.074 0.857     0.144     0.036       15     1.1  rostralanteriorcingulate
 6120   6418  17456  3.097 0.670     0.172     0.037      130    10.0  rostralmiddlefrontal
 8983   8432  25509  3.450 0.642     0.151     0.037      182    14.1  superiorfrontal
 7420   6571  15035  2.559 0.644     0.139     0.031      173    10.0  superiorparietal
 4462   4121   9635  2.692 0.671     0.170     0.039      140     8.3  superiortemporal
 4958   4740  12891  3.076 0.653     0.155     0.038       90     7.9  supramarginal
  312    467   1164  3.097 1.076     0.235     0.063        8     1.1  frontalpole
  414    534    903  2.332 0.928     0.235     0.059       12     1.1  temporalpole
  574    541   1059  2.415 0.569     0.162     0.047        8     1.0  transversetemporal
 3229   2143   6279  3.002 0.840     0.137     0.047       79     4.9  insula
#-----------------------------------------
#@# Parcellation Stats 2 lh Mon Mar  9 01:53:29 CET 2026
/out/sourcedata/freesurfer/sub-v1s16x0051188_ses-1/scripts

 mris_anatomical_stats -th3 -mgz -noglobal -cortex ../label/lh.cortex.label -f ../stats/lh.aparc.a2009s.stats -b -a ../label/lh.aparc.a2009s.annot -c ../label/aparc.annot.a2009s.ctab sub-v1s16x0051188_ses-1 lh white 

computing statistics for each annotation in ../label/lh.aparc.a2009s.annot.
reading volume /out/sourcedata/freesurfer/sub-v1s16x0051188_ses-1/mri/wm.mgz...
reading input surface /out/sourcedata/freesurfer/sub-v1s16x0051188_ses-1/surf/lh.white...
reading input pial surface /out/sourcedata/freesurfer/sub-v1s16x0051188_ses-1/surf/lh.pial...
reading input white surface /out/sourcedata/freesurfer/sub-v1s16x0051188_ses-1/surf/lh.white...
INFO: using TH3 volume calc
INFO: assuming MGZ format for volumes.
INFO: not computing global stats
INFO: using ../label/lh.cortex.label as mask to calc cortex NumVert, SurfArea and MeanThickness.
Using TH3 vertex volume calc
Total face volume 236310
Total vertex volume 236133 (mask=0)
Saving annotation colortable ../label/aparc.annot.a2009s.ctab

table columns are:
    number of vertices
    total surface area (mm^2)
    total gray matter volume (mm^3)
    average cortical thickness +- standard deviation (mm)
    integrated rectified mean curvature
    integrated rectified Gaussian curvature
    folding index
    intrinsic curvature index
    structure name

 1090    833   3141  3.228 0.666     0.138     0.032       14     1.5  G_and_S_frontomargin
 1316   1020   4037  3.038 0.881     0.143     0.034       18     1.8  G_and_S_occipital_inf
 1382    881   2915  2.659 0.733     0.112     0.024       12     1.4  G_and_S_paracentral
 1235    923   3361  3.096 0.540     0.131     0.026       12     1.5  G_and_S_subcentral
  509    451   1727  2.928 0.785     0.171     0.050       11     1.0  G_and_S_transv_frontopol
 1704   1231   4239  3.163 0.608     0.117     0.025       17     1.7  G_and_S_cingul-Ant
 1050    735   2154  3.035 0.578     0.107     0.016        7     0.7  G_and_S_cingul-Mid-Ant
 1142    803   2728  3.200 0.596     0.113     0.021        9     1.0  G_and_S_cingul-Mid-Post
  526    387   1844  3.435 0.911     0.137     0.034        8     0.7  G_cingul-Post-dorsal
  333    221    857  2.890 0.954     0.138     0.038        5     0.4  G_cingul-Post-ventral
 2007   1517   3206  1.829 0.708     0.158     0.039       28     3.3  G_cuneus
  989    741   2977  2.959 0.612     0.116     0.019       10     0.8  G_front_inf-Opercular
  390    294   1491  3.311 0.657     0.136     0.032        5     0.5  G_front_inf-Orbital
  745    568   2595  3.094 0.724     0.120     0.027       11     0.7  G_front_inf-Triangul
 2971   2291  10428  3.218 0.655     0.133     0.032       45     3.8  G_front_middle
 5917   4124  19286  3.627 0.650     0.121     0.026       66     6.3  G_front_sup
  457    309   1069  3.202 0.941     0.105     0.032        4     0.5  G_Ins_lg_and_S_cent_ins
  604    421   1808  3.251 0.938     0.119     0.030        8     0.7  G_insular_short
 1746   1315   5883  3.169 0.852     0.150     0.038       27     2.6  G_occipital_middle
 1486   1056   2713  2.149 0.732     0.137     0.033       18     1.9  G_occipital_sup
 1100    816   3758  3.193 0.639     0.129     0.029       17     1.4  G_oc-temp_lat-fusifor
 3158   2392   5480  1.987 0.734     0.162     0.045       50     6.1  G_oc-temp_med-Lingual
 1812   1127   3671  2.396 1.027     0.137     0.052       34     3.9  G_oc-temp_med-Parahip
 1880   1332   6021  2.966 1.137     0.134     0.040       34     2.9  G_orbital
 2535   1910   8949  3.283 0.861     0.135     0.032       41     3.5  G_pariet_inf-Angular
 2284   1672   6620  3.036 0.713     0.131     0.029       32     2.7  G_pariet_inf-Supramar
 2577   1813   6278  2.681 0.659     0.117     0.025       33     2.6  G_parietal_sup
 1828   1226   3315  2.213 0.733     0.126     0.027       22     1.9  G_postcentral
 2113   1387   5392  2.853 0.683     0.116     0.026       21     2.4  G_precentral
 2438   1768   7784  3.266 0.658     0.133     0.028       33     3.1  G_precuneus
  893    592   2313  2.451 1.273     0.157     0.056       27     2.4  G_rectus
  714    469   1056  2.394 0.810     0.115     0.039        7     1.0  G_subcallosal
  413    280    870  2.409 0.550     0.118     0.021        5     0.4  G_temp_sup-G_T_transv
 1617   1228   4664  2.756 0.753     0.154     0.043       35     2.8  G_temp_sup-Lateral
  407    282    946  2.669 0.804     0.106     0.032        4     0.6  G_temp_sup-Plan_polar
  912    646   2233  2.810 0.628     0.096     0.017        5     0.8  G_temp_sup-Plan_tempo
 1829   1356   5625  2.913 0.878     0.143     0.042       35     3.5  G_temporal_inf
 1526   1167   5550  3.193 0.740     0.137     0.035       28     2.1  G_temporal_middle
  299    192    408  2.621 0.670     0.087     0.015        1     0.1  Lat_Fis-ant-Horizont
  262    177    384  2.590 0.515     0.075     0.009        1     0.0  Lat_Fis-ant-Vertical
 1038    696   1552  2.988 0.647     0.104     0.019        6     0.8  Lat_Fis-post
 1903   1440   3469  2.104 0.719     0.163     0.053       30     3.7  Pole_occipital
 1041    783   2597  2.460 0.841     0.160     0.056       18     2.6  Pole_temporal
 2686   1848   3111  1.950 0.950     0.126     0.032       30     3.4  S_calcarine
 2576   1701   2826  1.913 0.598     0.094     0.016       14     1.8  S_central
  880    602   1477  2.792 0.512     0.093     0.017        4     0.6  S_cingul-Marginalis
  463    311    780  3.159 0.708     0.090     0.015        2     0.3  S_circular_insula_ant
 1134    728   1699  2.989 0.730     0.074     0.009        3     0.4  S_circular_insula_inf
 1497    998   2337  3.041 0.545     0.095     0.017        6     1.2  S_circular_insula_sup
  676    465   1258  2.929 0.551     0.096     0.019        5     0.5  S_collat_transv_ant
  350    256    516  2.596 0.740     0.114     0.019        3     0.3  S_collat_transv_post
 1756   1273   3747  2.672 0.551     0.115     0.022       15     1.7  S_front_inf
 1014    708   1878  2.876 0.407     0.098     0.019        5     0.8  S_front_middle
 2638   1787   5253  3.175 0.523     0.090     0.014       12     1.7  S_front_sup
  317    212    475  2.600 0.477     0.099     0.015        1     0.2  S_interm_prim-Jensen
 2919   2015   5137  2.706 0.538     0.099     0.017       19     2.0  S_intrapariet_and_P_trans
  769    511    970  2.119 0.450     0.100     0.014        4     0.5  S_oc_middle_and_Lunatus
 1464   1007   2210  2.454 0.571     0.118     0.022       12     1.3  S_oc_sup_and_transversal
  647    432    829  2.574 0.442     0.114     0.020        4     0.6  S_occipital_ant
  554    377    933  2.792 0.493     0.100     0.017        3     0.4  S_oc-temp_lat
 1918   1315   3297  2.883 0.614     0.100     0.017       14     1.2  S_oc-temp_med_and_Lingual
  314    247    780  2.697 0.915     0.142     0.027        4     0.5  S_orbital_lateral
  564    379    786  2.396 0.747     0.116     0.016        4     0.4  S_orbital_med-olfact
 1266    882   3363  3.790 0.657     0.108     0.020        8     1.1  S_orbital-H_Shaped
 1907   1268   3006  2.803 0.669     0.099     0.018        9     1.6  S_parieto_occipital
 1288    867   1368  1.889 0.484     0.116     0.017       16     1.1  S_pericallosal
 2291   1507   3438  2.562 0.544     0.091     0.013       12     1.3  S_postcentral
 1326    900   2370  2.929 0.620     0.096     0.016        8     0.8  S_precentral-inf-part
 1063    723   1791  2.775 0.588     0.098     0.015        6     0.7  S_precentral-sup-part
  573    373    939  3.033 0.628     0.096     0.010        3     0.3  S_suborbital
  901    646   1859  3.205 0.543     0.121     0.028        7     1.1  S_subparietal
  907    635   1539  2.534 0.675     0.104     0.014        5     0.7  S_temporal_inf
 4490   3035   8287  2.792 0.537     0.095     0.016       24     3.0  S_temporal_sup
  367    259    476  2.253 0.470     0.109     0.012        3     0.2  S_temporal_transverse
#-----------------------------------------
#@# Parcellation Stats 3 lh Mon Mar  9 01:53:35 CET 2026
/out/sourcedata/freesurfer/sub-v1s16x0051188_ses-1/scripts

 mris_anatomical_stats -th3 -mgz -noglobal -cortex ../label/lh.cortex.label -f ../stats/lh.aparc.DKTatlas.stats -b -a ../label/lh.aparc.DKTatlas.annot -c ../label/aparc.annot.DKTatlas.ctab sub-v1s16x0051188_ses-1 lh white 

computing statistics for each annotation in ../label/lh.aparc.DKTatlas.annot.
reading volume /out/sourcedata/freesurfer/sub-v1s16x0051188_ses-1/mri/wm.mgz...
reading input surface /out/sourcedata/freesurfer/sub-v1s16x0051188_ses-1/surf/lh.white...
reading input pial surface /out/sourcedata/freesurfer/sub-v1s16x0051188_ses-1/surf/lh.pial...
reading input white surface /out/sourcedata/freesurfer/sub-v1s16x0051188_ses-1/surf/lh.white...
INFO: using TH3 volume calc
INFO: assuming MGZ format for volumes.
INFO: not computing global stats
INFO: using ../label/lh.cortex.label as mask to calc cortex NumVert, SurfArea and MeanThickness.
Using TH3 vertex volume calc
Total face volume 236310
Total vertex volume 236133 (mask=0)
Saving annotation colortable ../label/aparc.annot.DKTatlas.ctab

table columns are:
    number of vertices
    total surface area (mm^2)
    total gray matter volume (mm^3)
    average cortical thickness +- standard deviation (mm)
    integrated rectified mean curvature
    integrated rectified Gaussian curvature
    folding index
    intrinsic curvature index
    structure name

 1389    931   2864  2.813 0.727     0.116     0.018       15     1.0  caudalanteriorcingulate
 2447   1719   5330  2.856 0.534     0.104     0.019       19     1.9  caudalmiddlefrontal
 2804   2018   4584  2.134 0.725     0.136     0.031       30     3.7  cuneus
  859    549   1392  1.918 0.717     0.162     0.069       22     2.7  entorhinal
 2839   2048   7227  3.027 0.606     0.117     0.024       30     2.9  fusiform
 6130   4419  16490  3.041 0.726     0.115     0.023       66     6.0  inferiorparietal
 3286   2421   8627  2.813 0.801     0.131     0.035       46     4.9  inferiortemporal
 1378    967   3066  2.761 0.955     0.127     0.033       19     1.8  isthmuscingulate
 6216   4571  12808  2.414 0.836     0.142     0.037       79     9.1  lateraloccipital
 3698   2568   9178  3.078 1.043     0.124     0.030       43     4.7  lateralorbitofrontal
 4507   3310   7567  2.203 0.813     0.143     0.037       58     7.1  lingual
 1964   1301   4237  2.611 1.061     0.124     0.035       34     3.1  medialorbitofrontal
 4012   2853  10096  2.873 0.723     0.117     0.026       46     4.4  middletemporal
 1266    767   2831  2.911 0.977     0.103     0.031       16     1.3  parahippocampal
 1924   1296   4489  3.099 0.618     0.102     0.018       13     1.5  paracentral
 1713   1237   4021  2.907 0.613     0.101     0.017       14     1.2  parsopercularis
  866    614   2529  3.080 0.803     0.115     0.023        8     0.8  parsorbitalis
 1710   1266   4711  2.954 0.722     0.114     0.025       18     1.8  parstriangularis
 2246   1651   1976  1.447 0.411     0.149     0.040       31     3.6  pericalcarine
 5731   3881   9628  2.253 0.794     0.110     0.022       52     5.4  postcentral
 1750   1236   3893  2.779 0.920     0.122     0.022       19     1.7  posteriorcingulate
 5693   3799  11681  2.784 0.667     0.108     0.021       43     4.9  precentral
 4847   3397  11970  3.150 0.672     0.117     0.024       47     5.1  precuneus
 1397    967   3055  2.974 0.802     0.120     0.028       16     1.6  rostralanteriorcingulate
 4357   3288  12774  3.081 0.715     0.121     0.027       51     4.8  rostralmiddlefrontal
 9613   6826  27704  3.434 0.663     0.119     0.026       99    10.1  superiorfrontal
 5900   4043  11753  2.586 0.636     0.113     0.021       55     4.9  superiorparietal
 5684   3956  12134  2.710 0.703     0.114     0.027       61     6.6  superiortemporal
 4534   3271  11367  3.030 0.625     0.122     0.025       49     4.7  supramarginal
  587    400   1067  2.406 0.560     0.114     0.019        6     0.4  transversetemporal
 2346   1570   5084  3.321 0.684     0.098     0.021       16     2.0  insula
/out/sourcedata/freesurfer/sub-v1s16x0051188_ses-1/label
#--------------------------------------------
#@# BA_exvivo Labels lh Mon Mar  9 01:53:40 CET 2026

 mri_label2label --srcsubject fsaverage --srclabel /out/sourcedata/freesurfer/fsaverage/label/lh.BA1_exvivo.label --trgsubject sub-v1s16x0051188_ses-1 --trglabel ./lh.BA1_exvivo.label --hemi lh --regmethod surface 


srclabel = /out/sourcedata/freesurfer/fsaverage/label/lh.BA1_exvivo.label
srcsubject = fsaverage
trgsubject = sub-v1s16x0051188_ses-1
trglabel = ./lh.BA1_exvivo.label
regmethod = surface

srchemi = lh
trghemi = lh
trgsurface = white
srcsurfreg = sphere.reg
trgsurfreg = sphere.reg
usehash = 1
Use ProjAbs  = 0, 0
Use ProjFrac = 0, 0
DoPaint 0

SUBJECTS_DIR    /out/sourcedata/freesurfer
FREESURFER_HOME /opt/freesurfer
Loading source label.
Found 4129 points in source label.
Starting surface-based mapping
Reading source registration 
 /out/sourcedata/freesurfer/fsaverage/surf/lh.sphere.reg
Rescaling ...  original radius = 100
Reading target surface 
 /out/sourcedata/freesurfer/sub-v1s16x0051188_ses-1/surf/lh.white
Reading target registration 
 /out/sourcedata/freesurfer/sub-v1s16x0051188_ses-1/surf/lh.sphere.reg
Rescaling ...  original radius = 100
Building target registration hash (res=16).
Building source registration hash (res=16).
INFO: found  4129 nlabel points
Performing mapping from target back to the source label 110890
Number of reverse mapping hits = 49
Checking for and removing duplicates
Writing label file ./lh.BA1_exvivo.label 4178
mri_label2label: Done


 mri_label2label --srcsubject fsaverage --srclabel /out/sourcedata/freesurfer/fsaverage/label/lh.BA2_exvivo.label --trgsubject sub-v1s16x0051188_ses-1 --trglabel ./lh.BA2_exvivo.label --hemi lh --regmethod surface 


srclabel = /out/sourcedata/freesurfer/fsaverage/label/lh.BA2_exvivo.label
srcsubject = fsaverage
trgsubject = sub-v1s16x0051188_ses-1
trglabel = ./lh.BA2_exvivo.label
regmethod = surface

srchemi = lh
trghemi = lh
trgsurface = white
srcsurfreg = sphere.reg
trgsurfreg = sphere.reg
usehash = 1
Use ProjAbs  = 0, 0
Use ProjFrac = 0, 0
DoPaint 0

SUBJECTS_DIR    /out/sourcedata/freesurfer
FREESURFER_HOME /opt/freesurfer
Loading source label.
Found 7909 points in source label.
Starting surface-based mapping
Reading source registration 
 /out/sourcedata/freesurfer/fsaverage/surf/lh.sphere.reg
Rescaling ...  original radius = 100
Reading target surface 
 /out/sourcedata/freesurfer/sub-v1s16x0051188_ses-1/surf/lh.white
Reading target registration 
 /out/sourcedata/freesurfer/sub-v1s16x0051188_ses-1/surf/lh.sphere.reg
Rescaling ...  original radius = 100
Building target registration hash (res=16).
Building source registration hash (res=16).
INFO: found  7909 nlabel points
Performing mapping from target back to the source label 110890
Number of reverse mapping hits = 50
Checking for and removing duplicates
Writing label file ./lh.BA2_exvivo.label 7959
mri_label2label: Done


 mri_label2label --srcsubject fsaverage --srclabel /out/sourcedata/freesurfer/fsaverage/label/lh.BA3a_exvivo.label --trgsubject sub-v1s16x0051188_ses-1 --trglabel ./lh.BA3a_exvivo.label --hemi lh --regmethod surface 


srclabel = /out/sourcedata/freesurfer/fsaverage/label/lh.BA3a_exvivo.label
srcsubject = fsaverage
trgsubject = sub-v1s16x0051188_ses-1
trglabel = ./lh.BA3a_exvivo.label
regmethod = surface

srchemi = lh
trghemi = lh
trgsurface = white
srcsurfreg = sphere.reg
trgsurfreg = sphere.reg
usehash = 1
Use ProjAbs  = 0, 0
Use ProjFrac = 0, 0
DoPaint 0

SUBJECTS_DIR    /out/sourcedata/freesurfer
FREESURFER_HOME /opt/freesurfer
Loading source label.
Found 4077 points in source label.
Starting surface-based mapping
Reading source registration 
 /out/sourcedata/freesurfer/fsaverage/surf/lh.sphere.reg
Rescaling ...  original radius = 100
Reading target surface 
 /out/sourcedata/freesurfer/sub-v1s16x0051188_ses-1/surf/lh.white
Reading target registration 
 /out/sourcedata/freesurfer/sub-v1s16x0051188_ses-1/surf/lh.sphere.reg
Rescaling ...  original radius = 100
Building target registration hash (res=16).
Building source registration hash (res=16).
INFO: found  4077 nlabel points
Performing mapping from target back to the source label 110890
Number of reverse mapping hits = 18
Checking for and removing duplicates
Writing label file ./lh.BA3a_exvivo.label 4095
mri_label2label: Done


 mri_label2label --srcsubject fsaverage --srclabel /out/sourcedata/freesurfer/fsaverage/label/lh.BA3b_exvivo.label --trgsubject sub-v1s16x0051188_ses-1 --trglabel ./lh.BA3b_exvivo.label --hemi lh --regmethod surface 


srclabel = /out/sourcedata/freesurfer/fsaverage/label/lh.BA3b_exvivo.label
srcsubject = fsaverage
trgsubject = sub-v1s16x0051188_ses-1
trglabel = ./lh.BA3b_exvivo.label
regmethod = surface

srchemi = lh
trghemi = lh
trgsurface = white
srcsurfreg = sphere.reg
trgsurfreg = sphere.reg
usehash = 1
Use ProjAbs  = 0, 0
Use ProjFrac = 0, 0
DoPaint 0

SUBJECTS_DIR    /out/sourcedata/freesurfer
FREESURFER_HOME /opt/freesurfer
Loading source label.
Found 5983 points in source label.
Starting surface-based mapping
Reading source registration 
 /out/sourcedata/freesurfer/fsaverage/surf/lh.sphere.reg
Rescaling ...  original radius = 100
Reading target surface 
 /out/sourcedata/freesurfer/sub-v1s16x0051188_ses-1/surf/lh.white
Reading target registration 
 /out/sourcedata/freesurfer/sub-v1s16x0051188_ses-1/surf/lh.sphere.reg
Rescaling ...  original radius = 100
Building target registration hash (res=16).
Building source registration hash (res=16).
INFO: found  5983 nlabel points
Performing mapping from target back to the source label 110890
Number of reverse mapping hits = 33
Checking for and removing duplicates
Writing label file ./lh.BA3b_exvivo.label 6016
mri_label2label: Done


 mri_label2label --srcsubject fsaverage --srclabel /out/sourcedata/freesurfer/fsaverage/label/lh.BA4a_exvivo.label --trgsubject sub-v1s16x0051188_ses-1 --trglabel ./lh.BA4a_exvivo.label --hemi lh --regmethod surface 


srclabel = /out/sourcedata/freesurfer/fsaverage/label/lh.BA4a_exvivo.label
srcsubject = fsaverage
trgsubject = sub-v1s16x0051188_ses-1
trglabel = ./lh.BA4a_exvivo.label
regmethod = surface

srchemi = lh
trghemi = lh
trgsurface = white
srcsurfreg = sphere.reg
trgsurfreg = sphere.reg
usehash = 1
Use ProjAbs  = 0, 0
Use ProjFrac = 0, 0
DoPaint 0

SUBJECTS_DIR    /out/sourcedata/freesurfer
FREESURFER_HOME /opt/freesurfer
Loading source label.
Found 5784 points in source label.
Starting surface-based mapping
Reading source registration 
 /out/sourcedata/freesurfer/fsaverage/surf/lh.sphere.reg
Rescaling ...  original radius = 100
Reading target surface 
 /out/sourcedata/freesurfer/sub-v1s16x0051188_ses-1/surf/lh.white
Reading target registration 
 /out/sourcedata/freesurfer/sub-v1s16x0051188_ses-1/surf/lh.sphere.reg
Rescaling ...  original radius = 100
Building target registration hash (res=16).
Building source registration hash (res=16).
INFO: found  5784 nlabel points
Performing mapping from target back to the source label 110890
Number of reverse mapping hits = 33
Checking for and removing duplicates
Writing label file ./lh.BA4a_exvivo.label 5817
mri_label2label: Done


 mri_label2label --srcsubject fsaverage --srclabel /out/sourcedata/freesurfer/fsaverage/label/lh.BA4p_exvivo.label --trgsubject sub-v1s16x0051188_ses-1 --trglabel ./lh.BA4p_exvivo.label --hemi lh --regmethod surface 


srclabel = /out/sourcedata/freesurfer/fsaverage/label/lh.BA4p_exvivo.label
srcsubject = fsaverage
trgsubject = sub-v1s16x0051188_ses-1
trglabel = ./lh.BA4p_exvivo.label
regmethod = surface

srchemi = lh
trghemi = lh
trgsurface = white
srcsurfreg = sphere.reg
trgsurfreg = sphere.reg
usehash = 1
Use ProjAbs  = 0, 0
Use ProjFrac = 0, 0
DoPaint 0

SUBJECTS_DIR    /out/sourcedata/freesurfer
FREESURFER_HOME /opt/freesurfer
Loading source label.
Found 4070 points in source label.
Starting surface-based mapping
Reading source registration 
 /out/sourcedata/freesurfer/fsaverage/surf/lh.sphere.reg
Rescaling ...  original radius = 100
Reading target surface 
 /out/sourcedata/freesurfer/sub-v1s16x0051188_ses-1/surf/lh.white
Reading target registration 
 /out/sourcedata/freesurfer/sub-v1s16x0051188_ses-1/surf/lh.sphere.reg
Rescaling ...  original radius = 100
Building target registration hash (res=16).
Building source registration hash (res=16).
INFO: found  4070 nlabel points
Performing mapping from target back to the source label 110890
Number of reverse mapping hits = 6
Checking for and removing duplicates
Writing label file ./lh.BA4p_exvivo.label 4076
mri_label2label: Done


 mri_label2label --srcsubject fsaverage --srclabel /out/sourcedata/freesurfer/fsaverage/label/lh.BA6_exvivo.label --trgsubject sub-v1s16x0051188_ses-1 --trglabel ./lh.BA6_exvivo.label --hemi lh --regmethod surface 


srclabel = /out/sourcedata/freesurfer/fsaverage/label/lh.BA6_exvivo.label
srcsubject = fsaverage
trgsubject = sub-v1s16x0051188_ses-1
trglabel = ./lh.BA6_exvivo.label
regmethod = surface

srchemi = lh
trghemi = lh
trgsurface = white
srcsurfreg = sphere.reg
trgsurfreg = sphere.reg
usehash = 1
Use ProjAbs  = 0, 0
Use ProjFrac = 0, 0
DoPaint 0

SUBJECTS_DIR    /out/sourcedata/freesurfer
FREESURFER_HOME /opt/freesurfer
Loading source label.
Found 13589 points in source label.
Starting surface-based mapping
Reading source registration 
 /out/sourcedata/freesurfer/fsaverage/surf/lh.sphere.reg
Rescaling ...  original radius = 100
Reading target surface 
 /out/sourcedata/freesurfer/sub-v1s16x0051188_ses-1/surf/lh.white
Reading target registration 
 /out/sourcedata/freesurfer/sub-v1s16x0051188_ses-1/surf/lh.sphere.reg
Rescaling ...  original radius = 100
Building target registration hash (res=16).
Building source registration hash (res=16).
INFO: found  13589 nlabel points
Performing mapping from target back to the source label 110890
Number of reverse mapping hits = 153
Checking for and removing duplicates
Writing label file ./lh.BA6_exvivo.label 13742
mri_label2label: Done


 mri_label2label --srcsubject fsaverage --srclabel /out/sourcedata/freesurfer/fsaverage/label/lh.BA44_exvivo.label --trgsubject sub-v1s16x0051188_ses-1 --trglabel ./lh.BA44_exvivo.label --hemi lh --regmethod surface 


srclabel = /out/sourcedata/freesurfer/fsaverage/label/lh.BA44_exvivo.label
srcsubject = fsaverage
trgsubject = sub-v1s16x0051188_ses-1
trglabel = ./lh.BA44_exvivo.label
regmethod = surface

srchemi = lh
trghemi = lh
trgsurface = white
srcsurfreg = sphere.reg
trgsurfreg = sphere.reg
usehash = 1
Use ProjAbs  = 0, 0
Use ProjFrac = 0, 0
DoPaint 0

SUBJECTS_DIR    /out/sourcedata/freesurfer
FREESURFER_HOME /opt/freesurfer
Loading source label.
Found 4181 points in source label.
Starting surface-based mapping
Reading source registration 
 /out/sourcedata/freesurfer/fsaverage/surf/lh.sphere.reg
Rescaling ...  original radius = 100
Reading target surface 
 /out/sourcedata/freesurfer/sub-v1s16x0051188_ses-1/surf/lh.white
Reading target registration 
 /out/sourcedata/freesurfer/sub-v1s16x0051188_ses-1/surf/lh.sphere.reg
Rescaling ...  original radius = 100
Building target registration hash (res=16).
Building source registration hash (res=16).
INFO: found  4181 nlabel points
Performing mapping from target back to the source label 110890
Number of reverse mapping hits = 35
Checking for and removing duplicates
Writing label file ./lh.BA44_exvivo.label 4216
mri_label2label: Done


 mri_label2label --srcsubject fsaverage --srclabel /out/sourcedata/freesurfer/fsaverage/label/lh.BA45_exvivo.label --trgsubject sub-v1s16x0051188_ses-1 --trglabel ./lh.BA45_exvivo.label --hemi lh --regmethod surface 


srclabel = /out/sourcedata/freesurfer/fsaverage/label/lh.BA45_exvivo.label
srcsubject = fsaverage
trgsubject = sub-v1s16x0051188_ses-1
trglabel = ./lh.BA45_exvivo.label
regmethod = surface

srchemi = lh
trghemi = lh
trgsurface = white
srcsurfreg = sphere.reg
trgsurfreg = sphere.reg
usehash = 1
Use ProjAbs  = 0, 0
Use ProjFrac = 0, 0
DoPaint 0

SUBJECTS_DIR    /out/sourcedata/freesurfer
FREESURFER_HOME /opt/freesurfer
Loading source label.
Found 3422 points in source label.
Starting surface-based mapping
Reading source registration 
 /out/sourcedata/freesurfer/fsaverage/surf/lh.sphere.reg
Rescaling ...  original radius = 100
Reading target surface 
 /out/sourcedata/freesurfer/sub-v1s16x0051188_ses-1/surf/lh.white
Reading target registration 
 /out/sourcedata/freesurfer/sub-v1s16x0051188_ses-1/surf/lh.sphere.reg
Rescaling ...  original radius = 100
Building target registration hash (res=16).
Building source registration hash (res=16).
INFO: found  3422 nlabel points
Performing mapping from target back to the source label 110890
Number of reverse mapping hits = 68
Checking for and removing duplicates
Writing label file ./lh.BA45_exvivo.label 3490
mri_label2label: Done


 mri_label2label --srcsubject fsaverage --srclabel /out/sourcedata/freesurfer/fsaverage/label/lh.V1_exvivo.label --trgsubject sub-v1s16x0051188_ses-1 --trglabel ./lh.V1_exvivo.label --hemi lh --regmethod surface 


srclabel = /out/sourcedata/freesurfer/fsaverage/label/lh.V1_exvivo.label
srcsubject = fsaverage
trgsubject = sub-v1s16x0051188_ses-1
trglabel = ./lh.V1_exvivo.label
regmethod = surface

srchemi = lh
trghemi = lh
trgsurface = white
srcsurfreg = sphere.reg
trgsurfreg = sphere.reg
usehash = 1
Use ProjAbs  = 0, 0
Use ProjFrac = 0, 0
DoPaint 0

SUBJECTS_DIR    /out/sourcedata/freesurfer
FREESURFER_HOME /opt/freesurfer
Loading source label.
Found 4641 points in source label.
Starting surface-based mapping
Reading source registration 
 /out/sourcedata/freesurfer/fsaverage/surf/lh.sphere.reg
Rescaling ...  original radius = 100
Reading target surface 
 /out/sourcedata/freesurfer/sub-v1s16x0051188_ses-1/surf/lh.white
Reading target registration 
 /out/sourcedata/freesurfer/sub-v1s16x0051188_ses-1/surf/lh.sphere.reg
Rescaling ...  original radius = 100
Building target registration hash (res=16).
Building source registration hash (res=16).
INFO: found  4641 nlabel points
Performing mapping from target back to the source label 110890
Number of reverse mapping hits = 1319
Checking for and removing duplicates
Writing label file ./lh.V1_exvivo.label 5960
mri_label2label: Done


 mri_label2label --srcsubject fsaverage --srclabel /out/sourcedata/freesurfer/fsaverage/label/lh.V2_exvivo.label --trgsubject sub-v1s16x0051188_ses-1 --trglabel ./lh.V2_exvivo.label --hemi lh --regmethod surface 


srclabel = /out/sourcedata/freesurfer/fsaverage/label/lh.V2_exvivo.label
srcsubject = fsaverage
trgsubject = sub-v1s16x0051188_ses-1
trglabel = ./lh.V2_exvivo.label
regmethod = surface

srchemi = lh
trghemi = lh
trgsurface = white
srcsurfreg = sphere.reg
trgsurfreg = sphere.reg
usehash = 1
Use ProjAbs  = 0, 0
Use ProjFrac = 0, 0
DoPaint 0

SUBJECTS_DIR    /out/sourcedata/freesurfer
FREESURFER_HOME /opt/freesurfer
Loading source label.
Found 8114 points in source label.
Starting surface-based mapping
Reading source registration 
 /out/sourcedata/freesurfer/fsaverage/surf/lh.sphere.reg
Rescaling ...  original radius = 100
Reading target surface 
 /out/sourcedata/freesurfer/sub-v1s16x0051188_ses-1/surf/lh.white
Reading target registration 
 /out/sourcedata/freesurfer/sub-v1s16x0051188_ses-1/surf/lh.sphere.reg
Rescaling ...  original radius = 100
Building target registration hash (res=16).
Building source registration hash (res=16).
INFO: found  8114 nlabel points
Performing mapping from target back to the source label 110890
Number of reverse mapping hits = 1882
Checking for and removing duplicates
Writing label file ./lh.V2_exvivo.label 9996
mri_label2label: Done


 mri_label2label --srcsubject fsaverage --srclabel /out/sourcedata/freesurfer/fsaverage/label/lh.MT_exvivo.label --trgsubject sub-v1s16x0051188_ses-1 --trglabel ./lh.MT_exvivo.label --hemi lh --regmethod surface 


srclabel = /out/sourcedata/freesurfer/fsaverage/label/lh.MT_exvivo.label
srcsubject = fsaverage
trgsubject = sub-v1s16x0051188_ses-1
trglabel = ./lh.MT_exvivo.label
regmethod = surface

srchemi = lh
trghemi = lh
trgsurface = white
srcsurfreg = sphere.reg
trgsurfreg = sphere.reg
usehash = 1
Use ProjAbs  = 0, 0
Use ProjFrac = 0, 0
DoPaint 0

SUBJECTS_DIR    /out/sourcedata/freesurfer
FREESURFER_HOME /opt/freesurfer
Loading source label.
Found 2018 points in source label.
Starting surface-based mapping
Reading source registration 
 /out/sourcedata/freesurfer/fsaverage/surf/lh.sphere.reg
Rescaling ...  original radius = 100
Reading target surface 
 /out/sourcedata/freesurfer/sub-v1s16x0051188_ses-1/surf/lh.white
Reading target registration 
 /out/sourcedata/freesurfer/sub-v1s16x0051188_ses-1/surf/lh.sphere.reg
Rescaling ...  original radius = 100
Building target registration hash (res=16).
Building source registration hash (res=16).
INFO: found  2018 nlabel points
Performing mapping from target back to the source label 110890
Number of reverse mapping hits = 42
Checking for and removing duplicates
Writing label file ./lh.MT_exvivo.label 2060
mri_label2label: Done


 mri_label2label --srcsubject fsaverage --srclabel /out/sourcedata/freesurfer/fsaverage/label/lh.entorhinal_exvivo.label --trgsubject sub-v1s16x0051188_ses-1 --trglabel ./lh.entorhinal_exvivo.label --hemi lh --regmethod surface 


srclabel = /out/sourcedata/freesurfer/fsaverage/label/lh.entorhinal_exvivo.label
srcsubject = fsaverage
trgsubject = sub-v1s16x0051188_ses-1
trglabel = ./lh.entorhinal_exvivo.label
regmethod = surface

srchemi = lh
trghemi = lh
trgsurface = white
srcsurfreg = sphere.reg
trgsurfreg = sphere.reg
usehash = 1
Use ProjAbs  = 0, 0
Use ProjFrac = 0, 0
DoPaint 0

SUBJECTS_DIR    /out/sourcedata/freesurfer
FREESURFER_HOME /opt/freesurfer
Loading source label.
Found 1290 points in source label.
Starting surface-based mapping
Reading source registration 
 /out/sourcedata/freesurfer/fsaverage/surf/lh.sphere.reg
Rescaling ...  original radius = 100
Reading target surface 
 /out/sourcedata/freesurfer/sub-v1s16x0051188_ses-1/surf/lh.white
Reading target registration 
 /out/sourcedata/freesurfer/sub-v1s16x0051188_ses-1/surf/lh.sphere.reg
Rescaling ...  original radius = 100
Building target registration hash (res=16).
Building source registration hash (res=16).
INFO: found  1290 nlabel points
Performing mapping from target back to the source label 110890
Number of reverse mapping hits = 371
Checking for and removing duplicates
Writing label file ./lh.entorhinal_exvivo.label 1661
mri_label2label: Done


 mri_label2label --srcsubject fsaverage --srclabel /out/sourcedata/freesurfer/fsaverage/label/lh.perirhinal_exvivo.label --trgsubject sub-v1s16x0051188_ses-1 --trglabel ./lh.perirhinal_exvivo.label --hemi lh --regmethod surface 


srclabel = /out/sourcedata/freesurfer/fsaverage/label/lh.perirhinal_exvivo.label
srcsubject = fsaverage
trgsubject = sub-v1s16x0051188_ses-1
trglabel = ./lh.perirhinal_exvivo.label
regmethod = surface

srchemi = lh
trghemi = lh
trgsurface = white
srcsurfreg = sphere.reg
trgsurfreg = sphere.reg
usehash = 1
Use ProjAbs  = 0, 0
Use ProjFrac = 0, 0
DoPaint 0

SUBJECTS_DIR    /out/sourcedata/freesurfer
FREESURFER_HOME /opt/freesurfer
Loading source label.
Found 1199 points in source label.
Starting surface-based mapping
Reading source registration 
 /out/sourcedata/freesurfer/fsaverage/surf/lh.sphere.reg
Rescaling ...  original radius = 100
Reading target surface 
 /out/sourcedata/freesurfer/sub-v1s16x0051188_ses-1/surf/lh.white
Reading target registration 
 /out/sourcedata/freesurfer/sub-v1s16x0051188_ses-1/surf/lh.sphere.reg
Rescaling ...  original radius = 100
Building target registration hash (res=16).
Building source registration hash (res=16).
INFO: found  1199 nlabel points
Performing mapping from target back to the source label 110890
Number of reverse mapping hits = 215
Checking for and removing duplicates
Writing label file ./lh.perirhinal_exvivo.label 1414
mri_label2label: Done


 mri_label2label --srcsubject fsaverage --srclabel /out/sourcedata/freesurfer/fsaverage/label/lh.FG1.mpm.vpnl.label --trgsubject sub-v1s16x0051188_ses-1 --trglabel ./lh.FG1.mpm.vpnl.label --hemi lh --regmethod surface 


srclabel = /out/sourcedata/freesurfer/fsaverage/label/lh.FG1.mpm.vpnl.label
srcsubject = fsaverage
trgsubject = sub-v1s16x0051188_ses-1
trglabel = ./lh.FG1.mpm.vpnl.label
regmethod = surface

srchemi = lh
trghemi = lh
trgsurface = white
srcsurfreg = sphere.reg
trgsurfreg = sphere.reg
usehash = 1
Use ProjAbs  = 0, 0
Use ProjFrac = 0, 0
DoPaint 0

SUBJECTS_DIR    /out/sourcedata/freesurfer
FREESURFER_HOME /opt/freesurfer
Loading source label.
Found 414 points in source label.
Starting surface-based mapping
Reading source registration 
 /out/sourcedata/freesurfer/fsaverage/surf/lh.sphere.reg
Rescaling ...  original radius = 100
Reading target surface 
 /out/sourcedata/freesurfer/sub-v1s16x0051188_ses-1/surf/lh.white
Reading target registration 
 /out/sourcedata/freesurfer/sub-v1s16x0051188_ses-1/surf/lh.sphere.reg
Rescaling ...  original radius = 100
Building target registration hash (res=16).
Building source registration hash (res=16).
INFO: found  414 nlabel points
Performing mapping from target back to the source label 110890
Number of reverse mapping hits = 38
Checking for and removing duplicates
Writing label file ./lh.FG1.mpm.vpnl.label 452
mri_label2label: Done


 mri_label2label --srcsubject fsaverage --srclabel /out/sourcedata/freesurfer/fsaverage/label/lh.FG2.mpm.vpnl.label --trgsubject sub-v1s16x0051188_ses-1 --trglabel ./lh.FG2.mpm.vpnl.label --hemi lh --regmethod surface 


srclabel = /out/sourcedata/freesurfer/fsaverage/label/lh.FG2.mpm.vpnl.label
srcsubject = fsaverage
trgsubject = sub-v1s16x0051188_ses-1
trglabel = ./lh.FG2.mpm.vpnl.label
regmethod = surface

srchemi = lh
trghemi = lh
trgsurface = white
srcsurfreg = sphere.reg
trgsurfreg = sphere.reg
usehash = 1
Use ProjAbs  = 0, 0
Use ProjFrac = 0, 0
DoPaint 0

SUBJECTS_DIR    /out/sourcedata/freesurfer
FREESURFER_HOME /opt/freesurfer
Loading source label.
Found 703 points in source label.
Starting surface-based mapping
Reading source registration 
 /out/sourcedata/freesurfer/fsaverage/surf/lh.sphere.reg
Rescaling ...  original radius = 100
Reading target surface 
 /out/sourcedata/freesurfer/sub-v1s16x0051188_ses-1/surf/lh.white
Reading target registration 
 /out/sourcedata/freesurfer/sub-v1s16x0051188_ses-1/surf/lh.sphere.reg
Rescaling ...  original radius = 100
Building target registration hash (res=16).
Building source registration hash (res=16).
INFO: found  703 nlabel points
Performing mapping from target back to the source label 110890
Number of reverse mapping hits = 38
Checking for and removing duplicates
Writing label file ./lh.FG2.mpm.vpnl.label 741
mri_label2label: Done


 mri_label2label --srcsubject fsaverage --srclabel /out/sourcedata/freesurfer/fsaverage/label/lh.FG3.mpm.vpnl.label --trgsubject sub-v1s16x0051188_ses-1 --trglabel ./lh.FG3.mpm.vpnl.label --hemi lh --regmethod surface 


srclabel = /out/sourcedata/freesurfer/fsaverage/label/lh.FG3.mpm.vpnl.label
srcsubject = fsaverage
trgsubject = sub-v1s16x0051188_ses-1
trglabel = ./lh.FG3.mpm.vpnl.label
regmethod = surface

srchemi = lh
trghemi = lh
trgsurface = white
srcsurfreg = sphere.reg
trgsurfreg = sphere.reg
usehash = 1
Use ProjAbs  = 0, 0
Use ProjFrac = 0, 0
DoPaint 0

SUBJECTS_DIR    /out/sourcedata/freesurfer
FREESURFER_HOME /opt/freesurfer
Loading source label.
Found 1873 points in source label.
Starting surface-based mapping
Reading source registration 
 /out/sourcedata/freesurfer/fsaverage/surf/lh.sphere.reg
Rescaling ...  original radius = 100
Reading target surface 
 /out/sourcedata/freesurfer/sub-v1s16x0051188_ses-1/surf/lh.white
Reading target registration 
 /out/sourcedata/freesurfer/sub-v1s16x0051188_ses-1/surf/lh.sphere.reg
Rescaling ...  original radius = 100
Building target registration hash (res=16).
Building source registration hash (res=16).
INFO: found  1873 nlabel points
Performing mapping from target back to the source label 110890
Number of reverse mapping hits = 30
Checking for and removing duplicates
Writing label file ./lh.FG3.mpm.vpnl.label 1903
mri_label2label: Done


 mri_label2label --srcsubject fsaverage --srclabel /out/sourcedata/freesurfer/fsaverage/label/lh.FG4.mpm.vpnl.label --trgsubject sub-v1s16x0051188_ses-1 --trglabel ./lh.FG4.mpm.vpnl.label --hemi lh --regmethod surface 


srclabel = /out/sourcedata/freesurfer/fsaverage/label/lh.FG4.mpm.vpnl.label
srcsubject = fsaverage
trgsubject = sub-v1s16x0051188_ses-1
trglabel = ./lh.FG4.mpm.vpnl.label
regmethod = surface

srchemi = lh
trghemi = lh
trgsurface = white
srcsurfreg = sphere.reg
trgsurfreg = sphere.reg
usehash = 1
Use ProjAbs  = 0, 0
Use ProjFrac = 0, 0
DoPaint 0

SUBJECTS_DIR    /out/sourcedata/freesurfer
FREESURFER_HOME /opt/freesurfer
Loading source label.
Found 2101 points in source label.
Starting surface-based mapping
Reading source registration 
 /out/sourcedata/freesurfer/fsaverage/surf/lh.sphere.reg
Rescaling ...  original radius = 100
Reading target surface 
 /out/sourcedata/freesurfer/sub-v1s16x0051188_ses-1/surf/lh.white
Reading target registration 
 /out/sourcedata/freesurfer/sub-v1s16x0051188_ses-1/surf/lh.sphere.reg
Rescaling ...  original radius = 100
Building target registration hash (res=16).
Building source registration hash (res=16).
INFO: found  2101 nlabel points
Performing mapping from target back to the source label 110890
Number of reverse mapping hits = 21
Checking for and removing duplicates
Writing label file ./lh.FG4.mpm.vpnl.label 2122
mri_label2label: Done


 mri_label2label --srcsubject fsaverage --srclabel /out/sourcedata/freesurfer/fsaverage/label/lh.hOc1.mpm.vpnl.label --trgsubject sub-v1s16x0051188_ses-1 --trglabel ./lh.hOc1.mpm.vpnl.label --hemi lh --regmethod surface 


srclabel = /out/sourcedata/freesurfer/fsaverage/label/lh.hOc1.mpm.vpnl.label
srcsubject = fsaverage
trgsubject = sub-v1s16x0051188_ses-1
trglabel = ./lh.hOc1.mpm.vpnl.label
regmethod = surface

srchemi = lh
trghemi = lh
trgsurface = white
srcsurfreg = sphere.reg
trgsurfreg = sphere.reg
usehash = 1
Use ProjAbs  = 0, 0
Use ProjFrac = 0, 0
DoPaint 0

SUBJECTS_DIR    /out/sourcedata/freesurfer
FREESURFER_HOME /opt/freesurfer
Loading source label.
Found 3877 points in source label.
Starting surface-based mapping
Reading source registration 
 /out/sourcedata/freesurfer/fsaverage/surf/lh.sphere.reg
Rescaling ...  original radius = 100
Reading target surface 
 /out/sourcedata/freesurfer/sub-v1s16x0051188_ses-1/surf/lh.white
Reading target registration 
 /out/sourcedata/freesurfer/sub-v1s16x0051188_ses-1/surf/lh.sphere.reg
Rescaling ...  original radius = 100
Building target registration hash (res=16).
Building source registration hash (res=16).
INFO: found  3877 nlabel points
Performing mapping from target back to the source label 110890
Number of reverse mapping hits = 1109
Checking for and removing duplicates
Writing label file ./lh.hOc1.mpm.vpnl.label 4986
mri_label2label: Done


 mri_label2label --srcsubject fsaverage --srclabel /out/sourcedata/freesurfer/fsaverage/label/lh.hOc2.mpm.vpnl.label --trgsubject sub-v1s16x0051188_ses-1 --trglabel ./lh.hOc2.mpm.vpnl.label --hemi lh --regmethod surface 


srclabel = /out/sourcedata/freesurfer/fsaverage/label/lh.hOc2.mpm.vpnl.label
srcsubject = fsaverage
trgsubject = sub-v1s16x0051188_ses-1
trglabel = ./lh.hOc2.mpm.vpnl.label
regmethod = surface

srchemi = lh
trghemi = lh
trgsurface = white
srcsurfreg = sphere.reg
trgsurfreg = sphere.reg
usehash = 1
Use ProjAbs  = 0, 0
Use ProjFrac = 0, 0
DoPaint 0

SUBJECTS_DIR    /out/sourcedata/freesurfer
FREESURFER_HOME /opt/freesurfer
Loading source label.
Found 2919 points in source label.
Starting surface-based mapping
Reading source registration 
 /out/sourcedata/freesurfer/fsaverage/surf/lh.sphere.reg
Rescaling ...  original radius = 100
Reading target surface 
 /out/sourcedata/freesurfer/sub-v1s16x0051188_ses-1/surf/lh.white
Reading target registration 
 /out/sourcedata/freesurfer/sub-v1s16x0051188_ses-1/surf/lh.sphere.reg
Rescaling ...  original radius = 100
Building target registration hash (res=16).
Building source registration hash (res=16).
INFO: found  2919 nlabel points
Performing mapping from target back to the source label 110890
Number of reverse mapping hits = 877
Checking for and removing duplicates
Writing label file ./lh.hOc2.mpm.vpnl.label 3796
mri_label2label: Done


 mri_label2label --srcsubject fsaverage --srclabel /out/sourcedata/freesurfer/fsaverage/label/lh.hOc3v.mpm.vpnl.label --trgsubject sub-v1s16x0051188_ses-1 --trglabel ./lh.hOc3v.mpm.vpnl.label --hemi lh --regmethod surface 


srclabel = /out/sourcedata/freesurfer/fsaverage/label/lh.hOc3v.mpm.vpnl.label
srcsubject = fsaverage
trgsubject = sub-v1s16x0051188_ses-1
trglabel = ./lh.hOc3v.mpm.vpnl.label
regmethod = surface

srchemi = lh
trghemi = lh
trgsurface = white
srcsurfreg = sphere.reg
trgsurfreg = sphere.reg
usehash = 1
Use ProjAbs  = 0, 0
Use ProjFrac = 0, 0
DoPaint 0

SUBJECTS_DIR    /out/sourcedata/freesurfer
FREESURFER_HOME /opt/freesurfer
Loading source label.
Found 1286 points in source label.
Starting surface-based mapping
Reading source registration 
 /out/sourcedata/freesurfer/fsaverage/surf/lh.sphere.reg
Rescaling ...  original radius = 100
Reading target surface 
 /out/sourcedata/freesurfer/sub-v1s16x0051188_ses-1/surf/lh.white
Reading target registration 
 /out/sourcedata/freesurfer/sub-v1s16x0051188_ses-1/surf/lh.sphere.reg
Rescaling ...  original radius = 100
Building target registration hash (res=16).
Building source registration hash (res=16).
INFO: found  1286 nlabel points
Performing mapping from target back to the source label 110890
Number of reverse mapping hits = 283
Checking for and removing duplicates
Writing label file ./lh.hOc3v.mpm.vpnl.label 1569
mri_label2label: Done


 mri_label2label --srcsubject fsaverage --srclabel /out/sourcedata/freesurfer/fsaverage/label/lh.hOc4v.mpm.vpnl.label --trgsubject sub-v1s16x0051188_ses-1 --trglabel ./lh.hOc4v.mpm.vpnl.label --hemi lh --regmethod surface 


srclabel = /out/sourcedata/freesurfer/fsaverage/label/lh.hOc4v.mpm.vpnl.label
srcsubject = fsaverage
trgsubject = sub-v1s16x0051188_ses-1
trglabel = ./lh.hOc4v.mpm.vpnl.label
regmethod = surface

srchemi = lh
trghemi = lh
trgsurface = white
srcsurfreg = sphere.reg
trgsurfreg = sphere.reg
usehash = 1
Use ProjAbs  = 0, 0
Use ProjFrac = 0, 0
DoPaint 0

SUBJECTS_DIR    /out/sourcedata/freesurfer
FREESURFER_HOME /opt/freesurfer
Loading source label.
Found 1006 points in source label.
Starting surface-based mapping
Reading source registration 
 /out/sourcedata/freesurfer/fsaverage/surf/lh.sphere.reg
Rescaling ...  original radius = 100
Reading target surface 
 /out/sourcedata/freesurfer/sub-v1s16x0051188_ses-1/surf/lh.white
Reading target registration 
 /out/sourcedata/freesurfer/sub-v1s16x0051188_ses-1/surf/lh.sphere.reg
Rescaling ...  original radius = 100
Building target registration hash (res=16).
Building source registration hash (res=16).
INFO: found  1006 nlabel points
Performing mapping from target back to the source label 110890
Number of reverse mapping hits = 165
Checking for and removing duplicates
Writing label file ./lh.hOc4v.mpm.vpnl.label 1171
mri_label2label: Done


 mris_label2annot --s sub-v1s16x0051188_ses-1 --ctab /opt/freesurfer/average/colortable_vpnl.txt --hemi lh --a mpm.vpnl --maxstatwinner --noverbose --l lh.FG1.mpm.vpnl.label --l lh.FG2.mpm.vpnl.label --l lh.FG3.mpm.vpnl.label --l lh.FG4.mpm.vpnl.label --l lh.hOc1.mpm.vpnl.label --l lh.hOc2.mpm.vpnl.label --l lh.hOc3v.mpm.vpnl.label --l lh.hOc4v.mpm.vpnl.label 

Reading ctab /opt/freesurfer/average/colortable_vpnl.txt
Number of ctab entries 9

7.3.2
cwd /out/sourcedata/freesurfer/sub-v1s16x0051188_ses-1/label
cmdline mris_label2annot --s sub-v1s16x0051188_ses-1 --ctab /opt/freesurfer/average/colortable_vpnl.txt --hemi lh --a mpm.vpnl --maxstatwinner --noverbose --l lh.FG1.mpm.vpnl.label --l lh.FG2.mpm.vpnl.label --l lh.FG3.mpm.vpnl.label --l lh.FG4.mpm.vpnl.label --l lh.hOc1.mpm.vpnl.label --l lh.hOc2.mpm.vpnl.label --l lh.hOc3v.mpm.vpnl.label --l lh.hOc4v.mpm.vpnl.label 
sysname  Linux
hostname dna078
machine  x86_64
user     oesteban

subject sub-v1s16x0051188_ses-1
hemi    lh
SUBJECTS_DIR /out/sourcedata/freesurfer
ColorTable /opt/freesurfer/average/colortable_vpnl.txt
AnnotName  mpm.vpnl
nlables 8
LabelThresh 0 0.000000
Loading /out/sourcedata/freesurfer/sub-v1s16x0051188_ses-1/surf/lh.orig
 1 1376057 FG1
 2 16711935 FG2
 3 16711680 FG3
 4 1705837 FG4
 5 25600 hOc1
 6 255 hOc2
 7 16776960 hOc3v
 8 65535 hOc4v
Mapping unhit to unknown
Found 96885 unhit vertices
Writing annot to /out/sourcedata/freesurfer/sub-v1s16x0051188_ses-1/label/lh.mpm.vpnl.annot

 mri_label2label --srcsubject fsaverage --srclabel /out/sourcedata/freesurfer/fsaverage/label/lh.BA1_exvivo.thresh.label --trgsubject sub-v1s16x0051188_ses-1 --trglabel ./lh.BA1_exvivo.thresh.label --hemi lh --regmethod surface 


srclabel = /out/sourcedata/freesurfer/fsaverage/label/lh.BA1_exvivo.thresh.label
srcsubject = fsaverage
trgsubject = sub-v1s16x0051188_ses-1
trglabel = ./lh.BA1_exvivo.thresh.label
regmethod = surface

srchemi = lh
trghemi = lh
trgsurface = white
srcsurfreg = sphere.reg
trgsurfreg = sphere.reg
usehash = 1
Use ProjAbs  = 0, 0
Use ProjFrac = 0, 0
DoPaint 0

SUBJECTS_DIR    /out/sourcedata/freesurfer
FREESURFER_HOME /opt/freesurfer
Loading source label.
Found 1014 points in source label.
Starting surface-based mapping
Reading source registration 
 /out/sourcedata/freesurfer/fsaverage/surf/lh.sphere.reg
Rescaling ...  original radius = 100
Reading target surface 
 /out/sourcedata/freesurfer/sub-v1s16x0051188_ses-1/surf/lh.white
Reading target registration 
 /out/sourcedata/freesurfer/sub-v1s16x0051188_ses-1/surf/lh.sphere.reg
Rescaling ...  original radius = 100
Building target registration hash (res=16).
Building source registration hash (res=16).
INFO: found  1014 nlabel points
Performing mapping from target back to the source label 110890
Number of reverse mapping hits = 10
Checking for and removing duplicates
Writing label file ./lh.BA1_exvivo.thresh.label 1024
mri_label2label: Done


 mri_label2label --srcsubject fsaverage --srclabel /out/sourcedata/freesurfer/fsaverage/label/lh.BA2_exvivo.thresh.label --trgsubject sub-v1s16x0051188_ses-1 --trglabel ./lh.BA2_exvivo.thresh.label --hemi lh --regmethod surface 


srclabel = /out/sourcedata/freesurfer/fsaverage/label/lh.BA2_exvivo.thresh.label
srcsubject = fsaverage
trgsubject = sub-v1s16x0051188_ses-1
trglabel = ./lh.BA2_exvivo.thresh.label
regmethod = surface

srchemi = lh
trghemi = lh
trgsurface = white
srcsurfreg = sphere.reg
trgsurfreg = sphere.reg
usehash = 1
Use ProjAbs  = 0, 0
Use ProjFrac = 0, 0
DoPaint 0

SUBJECTS_DIR    /out/sourcedata/freesurfer
FREESURFER_HOME /opt/freesurfer
Loading source label.
Found 2092 points in source label.
Starting surface-based mapping
Reading source registration 
 /out/sourcedata/freesurfer/fsaverage/surf/lh.sphere.reg
Rescaling ...  original radius = 100
Reading target surface 
 /out/sourcedata/freesurfer/sub-v1s16x0051188_ses-1/surf/lh.white
Reading target registration 
 /out/sourcedata/freesurfer/sub-v1s16x0051188_ses-1/surf/lh.sphere.reg
Rescaling ...  original radius = 100
Building target registration hash (res=16).
Building source registration hash (res=16).
INFO: found  2092 nlabel points
Performing mapping from target back to the source label 110890
Number of reverse mapping hits = 36
Checking for and removing duplicates
Writing label file ./lh.BA2_exvivo.thresh.label 2128
mri_label2label: Done


 mri_label2label --srcsubject fsaverage --srclabel /out/sourcedata/freesurfer/fsaverage/label/lh.BA3a_exvivo.thresh.label --trgsubject sub-v1s16x0051188_ses-1 --trglabel ./lh.BA3a_exvivo.thresh.label --hemi lh --regmethod surface 


srclabel = /out/sourcedata/freesurfer/fsaverage/label/lh.BA3a_exvivo.thresh.label
srcsubject = fsaverage
trgsubject = sub-v1s16x0051188_ses-1
trglabel = ./lh.BA3a_exvivo.thresh.label
regmethod = surface

srchemi = lh
trghemi = lh
trgsurface = white
srcsurfreg = sphere.reg
trgsurfreg = sphere.reg
usehash = 1
Use ProjAbs  = 0, 0
Use ProjFrac = 0, 0
DoPaint 0

SUBJECTS_DIR    /out/sourcedata/freesurfer
FREESURFER_HOME /opt/freesurfer
Loading source label.
Found 1504 points in source label.
Starting surface-based mapping
Reading source registration 
 /out/sourcedata/freesurfer/fsaverage/surf/lh.sphere.reg
Rescaling ...  original radius = 100
Reading target surface 
 /out/sourcedata/freesurfer/sub-v1s16x0051188_ses-1/surf/lh.white
Reading target registration 
 /out/sourcedata/freesurfer/sub-v1s16x0051188_ses-1/surf/lh.sphere.reg
Rescaling ...  original radius = 100
Building target registration hash (res=16).
Building source registration hash (res=16).
INFO: found  1504 nlabel points
Performing mapping from target back to the source label 110890
Number of reverse mapping hits = 6
Checking for and removing duplicates
Writing label file ./lh.BA3a_exvivo.thresh.label 1510
mri_label2label: Done


 mri_label2label --srcsubject fsaverage --srclabel /out/sourcedata/freesurfer/fsaverage/label/lh.BA3b_exvivo.thresh.label --trgsubject sub-v1s16x0051188_ses-1 --trglabel ./lh.BA3b_exvivo.thresh.label --hemi lh --regmethod surface 


srclabel = /out/sourcedata/freesurfer/fsaverage/label/lh.BA3b_exvivo.thresh.label
srcsubject = fsaverage
trgsubject = sub-v1s16x0051188_ses-1
trglabel = ./lh.BA3b_exvivo.thresh.label
regmethod = surface

srchemi = lh
trghemi = lh
trgsurface = white
srcsurfreg = sphere.reg
trgsurfreg = sphere.reg
usehash = 1
Use ProjAbs  = 0, 0
Use ProjFrac = 0, 0
DoPaint 0

SUBJECTS_DIR    /out/sourcedata/freesurfer
FREESURFER_HOME /opt/freesurfer
Loading source label.
Found 1996 points in source label.
Starting surface-based mapping
Reading source registration 
 /out/sourcedata/freesurfer/fsaverage/surf/lh.sphere.reg
Rescaling ...  original radius = 100
Reading target surface 
 /out/sourcedata/freesurfer/sub-v1s16x0051188_ses-1/surf/lh.white
Reading target registration 
 /out/sourcedata/freesurfer/sub-v1s16x0051188_ses-1/surf/lh.sphere.reg
Rescaling ...  original radius = 100
Building target registration hash (res=16).
Building source registration hash (res=16).
INFO: found  1996 nlabel points
Performing mapping from target back to the source label 110890
Number of reverse mapping hits = 10
Checking for and removing duplicates
Writing label file ./lh.BA3b_exvivo.thresh.label 2006
mri_label2label: Done


 mri_label2label --srcsubject fsaverage --srclabel /out/sourcedata/freesurfer/fsaverage/label/lh.BA4a_exvivo.thresh.label --trgsubject sub-v1s16x0051188_ses-1 --trglabel ./lh.BA4a_exvivo.thresh.label --hemi lh --regmethod surface 


srclabel = /out/sourcedata/freesurfer/fsaverage/label/lh.BA4a_exvivo.thresh.label
srcsubject = fsaverage
trgsubject = sub-v1s16x0051188_ses-1
trglabel = ./lh.BA4a_exvivo.thresh.label
regmethod = surface

srchemi = lh
trghemi = lh
trgsurface = white
srcsurfreg = sphere.reg
trgsurfreg = sphere.reg
usehash = 1
Use ProjAbs  = 0, 0
Use ProjFrac = 0, 0
DoPaint 0

SUBJECTS_DIR    /out/sourcedata/freesurfer
FREESURFER_HOME /opt/freesurfer
Loading source label.
Found 2319 points in source label.
Starting surface-based mapping
Reading source registration 
 /out/sourcedata/freesurfer/fsaverage/surf/lh.sphere.reg
Rescaling ...  original radius = 100
Reading target surface 
 /out/sourcedata/freesurfer/sub-v1s16x0051188_ses-1/surf/lh.white
Reading target registration 
 /out/sourcedata/freesurfer/sub-v1s16x0051188_ses-1/surf/lh.sphere.reg
Rescaling ...  original radius = 100
Building target registration hash (res=16).
Building source registration hash (res=16).
INFO: found  2319 nlabel points
Performing mapping from target back to the source label 110890
Number of reverse mapping hits = 3
Checking for and removing duplicates
Writing label file ./lh.BA4a_exvivo.thresh.label 2322
mri_label2label: Done


 mri_label2label --srcsubject fsaverage --srclabel /out/sourcedata/freesurfer/fsaverage/label/lh.BA4p_exvivo.thresh.label --trgsubject sub-v1s16x0051188_ses-1 --trglabel ./lh.BA4p_exvivo.thresh.label --hemi lh --regmethod surface 


srclabel = /out/sourcedata/freesurfer/fsaverage/label/lh.BA4p_exvivo.thresh.label
srcsubject = fsaverage
trgsubject = sub-v1s16x0051188_ses-1
trglabel = ./lh.BA4p_exvivo.thresh.label
regmethod = surface

srchemi = lh
trghemi = lh
trgsurface = white
srcsurfreg = sphere.reg
trgsurfreg = sphere.reg
usehash = 1
Use ProjAbs  = 0, 0
Use ProjFrac = 0, 0
DoPaint 0

SUBJECTS_DIR    /out/sourcedata/freesurfer
FREESURFER_HOME /opt/freesurfer
Loading source label.
Found 1549 points in source label.
Starting surface-based mapping
Reading source registration 
 /out/sourcedata/freesurfer/fsaverage/surf/lh.sphere.reg
Rescaling ...  original radius = 100
Reading target surface 
 /out/sourcedata/freesurfer/sub-v1s16x0051188_ses-1/surf/lh.white
Reading target registration 
 /out/sourcedata/freesurfer/sub-v1s16x0051188_ses-1/surf/lh.sphere.reg
Rescaling ...  original radius = 100
Building target registration hash (res=16).
Building source registration hash (res=16).
INFO: found  1549 nlabel points
Performing mapping from target back to the source label 110890
Number of reverse mapping hits = 1
Checking for and removing duplicates
Writing label file ./lh.BA4p_exvivo.thresh.label 1550
mri_label2label: Done


 mri_label2label --srcsubject fsaverage --srclabel /out/sourcedata/freesurfer/fsaverage/label/lh.BA6_exvivo.thresh.label --trgsubject sub-v1s16x0051188_ses-1 --trglabel ./lh.BA6_exvivo.thresh.label --hemi lh --regmethod surface 


srclabel = /out/sourcedata/freesurfer/fsaverage/label/lh.BA6_exvivo.thresh.label
srcsubject = fsaverage
trgsubject = sub-v1s16x0051188_ses-1
trglabel = ./lh.BA6_exvivo.thresh.label
regmethod = surface

srchemi = lh
trghemi = lh
trgsurface = white
srcsurfreg = sphere.reg
trgsurfreg = sphere.reg
usehash = 1
Use ProjAbs  = 0, 0
Use ProjFrac = 0, 0
DoPaint 0

SUBJECTS_DIR    /out/sourcedata/freesurfer
FREESURFER_HOME /opt/freesurfer
Loading source label.
Found 7035 points in source label.
Starting surface-based mapping
Reading source registration 
 /out/sourcedata/freesurfer/fsaverage/surf/lh.sphere.reg
Rescaling ...  original radius = 100
Reading target surface 
 /out/sourcedata/freesurfer/sub-v1s16x0051188_ses-1/surf/lh.white
Reading target registration 
 /out/sourcedata/freesurfer/sub-v1s16x0051188_ses-1/surf/lh.sphere.reg
Rescaling ...  original radius = 100
Building target registration hash (res=16).
Building source registration hash (res=16).
INFO: found  7035 nlabel points
Performing mapping from target back to the source label 110890
Number of reverse mapping hits = 56
Checking for and removing duplicates
Writing label file ./lh.BA6_exvivo.thresh.label 7091
mri_label2label: Done


 mri_label2label --srcsubject fsaverage --srclabel /out/sourcedata/freesurfer/fsaverage/label/lh.BA44_exvivo.thresh.label --trgsubject sub-v1s16x0051188_ses-1 --trglabel ./lh.BA44_exvivo.thresh.label --hemi lh --regmethod surface 


srclabel = /out/sourcedata/freesurfer/fsaverage/label/lh.BA44_exvivo.thresh.label
srcsubject = fsaverage
trgsubject = sub-v1s16x0051188_ses-1
trglabel = ./lh.BA44_exvivo.thresh.label
regmethod = surface

srchemi = lh
trghemi = lh
trgsurface = white
srcsurfreg = sphere.reg
trgsurfreg = sphere.reg
usehash = 1
Use ProjAbs  = 0, 0
Use ProjFrac = 0, 0
DoPaint 0

SUBJECTS_DIR    /out/sourcedata/freesurfer
FREESURFER_HOME /opt/freesurfer
Loading source label.
Found 1912 points in source label.
Starting surface-based mapping
Reading source registration 
 /out/sourcedata/freesurfer/fsaverage/surf/lh.sphere.reg
Rescaling ...  original radius = 100
Reading target surface 
 /out/sourcedata/freesurfer/sub-v1s16x0051188_ses-1/surf/lh.white
Reading target registration 
 /out/sourcedata/freesurfer/sub-v1s16x0051188_ses-1/surf/lh.sphere.reg
Rescaling ...  original radius = 100
Building target registration hash (res=16).
Building source registration hash (res=16).
INFO: found  1912 nlabel points
Performing mapping from target back to the source label 110890
Number of reverse mapping hits = 11
Checking for and removing duplicates
Writing label file ./lh.BA44_exvivo.thresh.label 1923
mri_label2label: Done


 mri_label2label --srcsubject fsaverage --srclabel /out/sourcedata/freesurfer/fsaverage/label/lh.BA45_exvivo.thresh.label --trgsubject sub-v1s16x0051188_ses-1 --trglabel ./lh.BA45_exvivo.thresh.label --hemi lh --regmethod surface 


srclabel = /out/sourcedata/freesurfer/fsaverage/label/lh.BA45_exvivo.thresh.label
srcsubject = fsaverage
trgsubject = sub-v1s16x0051188_ses-1
trglabel = ./lh.BA45_exvivo.thresh.label
regmethod = surface

srchemi = lh
trghemi = lh
trgsurface = white
srcsurfreg = sphere.reg
trgsurfreg = sphere.reg
usehash = 1
Use ProjAbs  = 0, 0
Use ProjFrac = 0, 0
DoPaint 0

SUBJECTS_DIR    /out/sourcedata/freesurfer
FREESURFER_HOME /opt/freesurfer
Loading source label.
Found 1151 points in source label.
Starting surface-based mapping
Reading source registration 
 /out/sourcedata/freesurfer/fsaverage/surf/lh.sphere.reg
Rescaling ...  original radius = 100
Reading target surface 
 /out/sourcedata/freesurfer/sub-v1s16x0051188_ses-1/surf/lh.white
Reading target registration 
 /out/sourcedata/freesurfer/sub-v1s16x0051188_ses-1/surf/lh.sphere.reg
Rescaling ...  original radius = 100
Building target registration hash (res=16).
Building source registration hash (res=16).
INFO: found  1151 nlabel points
Performing mapping from target back to the source label 110890
Number of reverse mapping hits = 26
Checking for and removing duplicates
Writing label file ./lh.BA45_exvivo.thresh.label 1177
mri_label2label: Done


 mri_label2label --srcsubject fsaverage --srclabel /out/sourcedata/freesurfer/fsaverage/label/lh.V1_exvivo.thresh.label --trgsubject sub-v1s16x0051188_ses-1 --trglabel ./lh.V1_exvivo.thresh.label --hemi lh --regmethod surface 


srclabel = /out/sourcedata/freesurfer/fsaverage/label/lh.V1_exvivo.thresh.label
srcsubject = fsaverage
trgsubject = sub-v1s16x0051188_ses-1
trglabel = ./lh.V1_exvivo.thresh.label
regmethod = surface

srchemi = lh
trghemi = lh
trgsurface = white
srcsurfreg = sphere.reg
trgsurfreg = sphere.reg
usehash = 1
Use ProjAbs  = 0, 0
Use ProjFrac = 0, 0
DoPaint 0

SUBJECTS_DIR    /out/sourcedata/freesurfer
FREESURFER_HOME /opt/freesurfer
Loading source label.
Found 3405 points in source label.
Starting surface-based mapping
Reading source registration 
 /out/sourcedata/freesurfer/fsaverage/surf/lh.sphere.reg
Rescaling ...  original radius = 100
Reading target surface 
 /out/sourcedata/freesurfer/sub-v1s16x0051188_ses-1/surf/lh.white
Reading target registration 
 /out/sourcedata/freesurfer/sub-v1s16x0051188_ses-1/surf/lh.sphere.reg
Rescaling ...  original radius = 100
Building target registration hash (res=16).
Building source registration hash (res=16).
INFO: found  3405 nlabel points
Performing mapping from target back to the source label 110890
Number of reverse mapping hits = 1030
Checking for and removing duplicates
Writing label file ./lh.V1_exvivo.thresh.label 4435
mri_label2label: Done


 mri_label2label --srcsubject fsaverage --srclabel /out/sourcedata/freesurfer/fsaverage/label/lh.V2_exvivo.thresh.label --trgsubject sub-v1s16x0051188_ses-1 --trglabel ./lh.V2_exvivo.thresh.label --hemi lh --regmethod surface 


srclabel = /out/sourcedata/freesurfer/fsaverage/label/lh.V2_exvivo.thresh.label
srcsubject = fsaverage
trgsubject = sub-v1s16x0051188_ses-1
trglabel = ./lh.V2_exvivo.thresh.label
regmethod = surface

srchemi = lh
trghemi = lh
trgsurface = white
srcsurfreg = sphere.reg
trgsurfreg = sphere.reg
usehash = 1
Use ProjAbs  = 0, 0
Use ProjFrac = 0, 0
DoPaint 0

SUBJECTS_DIR    /out/sourcedata/freesurfer
FREESURFER_HOME /opt/freesurfer
Loading source label.
Found 3334 points in source label.
Starting surface-based mapping
Reading source registration 
 /out/sourcedata/freesurfer/fsaverage/surf/lh.sphere.reg
Rescaling ...  original radius = 100
Reading target surface 
 /out/sourcedata/freesurfer/sub-v1s16x0051188_ses-1/surf/lh.white
Reading target registration 
 /out/sourcedata/freesurfer/sub-v1s16x0051188_ses-1/surf/lh.sphere.reg
Rescaling ...  original radius = 100
Building target registration hash (res=16).
Building source registration hash (res=16).
INFO: found  3334 nlabel points
Performing mapping from target back to the source label 110890
Number of reverse mapping hits = 930
Checking for and removing duplicates
Writing label file ./lh.V2_exvivo.thresh.label 4264
mri_label2label: Done


 mri_label2label --srcsubject fsaverage --srclabel /out/sourcedata/freesurfer/fsaverage/label/lh.MT_exvivo.thresh.label --trgsubject sub-v1s16x0051188_ses-1 --trglabel ./lh.MT_exvivo.thresh.label --hemi lh --regmethod surface 


srclabel = /out/sourcedata/freesurfer/fsaverage/label/lh.MT_exvivo.thresh.label
srcsubject = fsaverage
trgsubject = sub-v1s16x0051188_ses-1
trglabel = ./lh.MT_exvivo.thresh.label
regmethod = surface

srchemi = lh
trghemi = lh
trgsurface = white
srcsurfreg = sphere.reg
trgsurfreg = sphere.reg
usehash = 1
Use ProjAbs  = 0, 0
Use ProjFrac = 0, 0
DoPaint 0

SUBJECTS_DIR    /out/sourcedata/freesurfer
FREESURFER_HOME /opt/freesurfer
Loading source label.
Found 513 points in source label.
Starting surface-based mapping
Reading source registration 
 /out/sourcedata/freesurfer/fsaverage/surf/lh.sphere.reg
Rescaling ...  original radius = 100
Reading target surface 
 /out/sourcedata/freesurfer/sub-v1s16x0051188_ses-1/surf/lh.white
Reading target registration 
 /out/sourcedata/freesurfer/sub-v1s16x0051188_ses-1/surf/lh.sphere.reg
Rescaling ...  original radius = 100
Building target registration hash (res=16).
Building source registration hash (res=16).
INFO: found  513 nlabel points
Performing mapping from target back to the source label 110890
Number of reverse mapping hits = 22
Checking for and removing duplicates
Writing label file ./lh.MT_exvivo.thresh.label 535
mri_label2label: Done


 mri_label2label --srcsubject fsaverage --srclabel /out/sourcedata/freesurfer/fsaverage/label/lh.entorhinal_exvivo.thresh.label --trgsubject sub-v1s16x0051188_ses-1 --trglabel ./lh.entorhinal_exvivo.thresh.label --hemi lh --regmethod surface 


srclabel = /out/sourcedata/freesurfer/fsaverage/label/lh.entorhinal_exvivo.thresh.label
srcsubject = fsaverage
trgsubject = sub-v1s16x0051188_ses-1
trglabel = ./lh.entorhinal_exvivo.thresh.label
regmethod = surface

srchemi = lh
trghemi = lh
trgsurface = white
srcsurfreg = sphere.reg
trgsurfreg = sphere.reg
usehash = 1
Use ProjAbs  = 0, 0
Use ProjFrac = 0, 0
DoPaint 0

SUBJECTS_DIR    /out/sourcedata/freesurfer
FREESURFER_HOME /opt/freesurfer
Loading source label.
Found 470 points in source label.
Starting surface-based mapping
Reading source registration 
 /out/sourcedata/freesurfer/fsaverage/surf/lh.sphere.reg
Rescaling ...  original radius = 100
Reading target surface 
 /out/sourcedata/freesurfer/sub-v1s16x0051188_ses-1/surf/lh.white
Reading target registration 
 /out/sourcedata/freesurfer/sub-v1s16x0051188_ses-1/surf/lh.sphere.reg
Rescaling ...  original radius = 100
Building target registration hash (res=16).
Building source registration hash (res=16).
INFO: found  470 nlabel points
Performing mapping from target back to the source label 110890
Number of reverse mapping hits = 231
Checking for and removing duplicates
Writing label file ./lh.entorhinal_exvivo.thresh.label 701
mri_label2label: Done


 mri_label2label --srcsubject fsaverage --srclabel /out/sourcedata/freesurfer/fsaverage/label/lh.perirhinal_exvivo.thresh.label --trgsubject sub-v1s16x0051188_ses-1 --trglabel ./lh.perirhinal_exvivo.thresh.label --hemi lh --regmethod surface 


srclabel = /out/sourcedata/freesurfer/fsaverage/label/lh.perirhinal_exvivo.thresh.label
srcsubject = fsaverage
trgsubject = sub-v1s16x0051188_ses-1
trglabel = ./lh.perirhinal_exvivo.thresh.label
regmethod = surface

srchemi = lh
trghemi = lh
trgsurface = white
srcsurfreg = sphere.reg
trgsurfreg = sphere.reg
usehash = 1
Use ProjAbs  = 0, 0
Use ProjFrac = 0, 0
DoPaint 0

SUBJECTS_DIR    /out/sourcedata/freesurfer
FREESURFER_HOME /opt/freesurfer
Loading source label.
Found 450 points in source label.
Starting surface-based mapping
Reading source registration 
 /out/sourcedata/freesurfer/fsaverage/surf/lh.sphere.reg
Rescaling ...  original radius = 100
Reading target surface 
 /out/sourcedata/freesurfer/sub-v1s16x0051188_ses-1/surf/lh.white
Reading target registration 
 /out/sourcedata/freesurfer/sub-v1s16x0051188_ses-1/surf/lh.sphere.reg
Rescaling ...  original radius = 100
Building target registration hash (res=16).
Building source registration hash (res=16).
INFO: found  450 nlabel points
Performing mapping from target back to the source label 110890
Number of reverse mapping hits = 123
Checking for and removing duplicates
Writing label file ./lh.perirhinal_exvivo.thresh.label 573
mri_label2label: Done


 mris_label2annot --s sub-v1s16x0051188_ses-1 --hemi lh --ctab /opt/freesurfer/average/colortable_BA.txt --l lh.BA1_exvivo.label --l lh.BA2_exvivo.label --l lh.BA3a_exvivo.label --l lh.BA3b_exvivo.label --l lh.BA4a_exvivo.label --l lh.BA4p_exvivo.label --l lh.BA6_exvivo.label --l lh.BA44_exvivo.label --l lh.BA45_exvivo.label --l lh.V1_exvivo.label --l lh.V2_exvivo.label --l lh.MT_exvivo.label --l lh.perirhinal_exvivo.label --l lh.entorhinal_exvivo.label --a BA_exvivo --maxstatwinner --noverbose 

Reading ctab /opt/freesurfer/average/colortable_BA.txt
Number of ctab entries 15

7.3.2
cwd /out/sourcedata/freesurfer/sub-v1s16x0051188_ses-1/label
cmdline mris_label2annot --s sub-v1s16x0051188_ses-1 --hemi lh --ctab /opt/freesurfer/average/colortable_BA.txt --l lh.BA1_exvivo.label --l lh.BA2_exvivo.label --l lh.BA3a_exvivo.label --l lh.BA3b_exvivo.label --l lh.BA4a_exvivo.label --l lh.BA4p_exvivo.label --l lh.BA6_exvivo.label --l lh.BA44_exvivo.label --l lh.BA45_exvivo.label --l lh.V1_exvivo.label --l lh.V2_exvivo.label --l lh.MT_exvivo.label --l lh.perirhinal_exvivo.label --l lh.entorhinal_exvivo.label --a BA_exvivo --maxstatwinner --noverbose 
sysname  Linux
hostname dna078
machine  x86_64
user     oesteban

subject sub-v1s16x0051188_ses-1
hemi    lh
SUBJECTS_DIR /out/sourcedata/freesurfer
ColorTable /opt/freesurfer/average/colortable_BA.txt
AnnotName  BA_exvivo
nlables 14
LabelThresh 0 0.000000
Loading /out/sourcedata/freesurfer/sub-v1s16x0051188_ses-1/surf/lh.orig
 1 1530880 BA1_exvivo
 2 16749699 BA2_exvivo
 3 16711680 BA3a_exvivo
 4 3368703 BA3b_exvivo
 5 1376196 BA4a_exvivo
 6 13382655 BA4p_exvivo
 7 10036737 BA6_exvivo
 8 2490521 BA44_exvivo
 9 39283 BA45_exvivo
10 3993 V1_exvivo
11 8508928 V2_exvivo
12 10027163 MT_exvivo
13 16422433 perirhinal_exvivo
14 16392598 entorhinal_exvivo
Mapping unhit to unknown
Found 76305 unhit vertices
Writing annot to /out/sourcedata/freesurfer/sub-v1s16x0051188_ses-1/label/lh.BA_exvivo.annot

 mris_label2annot --s sub-v1s16x0051188_ses-1 --hemi lh --ctab /opt/freesurfer/average/colortable_BA.txt --l lh.BA1_exvivo.thresh.label --l lh.BA2_exvivo.thresh.label --l lh.BA3a_exvivo.thresh.label --l lh.BA3b_exvivo.thresh.label --l lh.BA4a_exvivo.thresh.label --l lh.BA4p_exvivo.thresh.label --l lh.BA6_exvivo.thresh.label --l lh.BA44_exvivo.thresh.label --l lh.BA45_exvivo.thresh.label --l lh.V1_exvivo.thresh.label --l lh.V2_exvivo.thresh.label --l lh.MT_exvivo.thresh.label --l lh.perirhinal_exvivo.thresh.label --l lh.entorhinal_exvivo.thresh.label --a BA_exvivo.thresh --maxstatwinner --noverbose 

Reading ctab /opt/freesurfer/average/colortable_BA.txt
Number of ctab entries 15

7.3.2
cwd /out/sourcedata/freesurfer/sub-v1s16x0051188_ses-1/label
cmdline mris_label2annot --s sub-v1s16x0051188_ses-1 --hemi lh --ctab /opt/freesurfer/average/colortable_BA.txt --l lh.BA1_exvivo.thresh.label --l lh.BA2_exvivo.thresh.label --l lh.BA3a_exvivo.thresh.label --l lh.BA3b_exvivo.thresh.label --l lh.BA4a_exvivo.thresh.label --l lh.BA4p_exvivo.thresh.label --l lh.BA6_exvivo.thresh.label --l lh.BA44_exvivo.thresh.label --l lh.BA45_exvivo.thresh.label --l lh.V1_exvivo.thresh.label --l lh.V2_exvivo.thresh.label --l lh.MT_exvivo.thresh.label --l lh.perirhinal_exvivo.thresh.label --l lh.entorhinal_exvivo.thresh.label --a BA_exvivo.thresh --maxstatwinner --noverbose 
sysname  Linux
hostname dna078
machine  x86_64
user     oesteban

subject sub-v1s16x0051188_ses-1
hemi    lh
SUBJECTS_DIR /out/sourcedata/freesurfer
ColorTable /opt/freesurfer/average/colortable_BA.txt
AnnotName  BA_exvivo.thresh
nlables 14
LabelThresh 0 0.000000
Loading /out/sourcedata/freesurfer/sub-v1s16x0051188_ses-1/surf/lh.orig
 1 1530880 BA1_exvivo
 2 16749699 BA2_exvivo
 3 16711680 BA3a_exvivo
 4 3368703 BA3b_exvivo
 5 1376196 BA4a_exvivo
 6 13382655 BA4p_exvivo
 7 10036737 BA6_exvivo
 8 2490521 BA44_exvivo
 9 39283 BA45_exvivo
10 3993 V1_exvivo
11 8508928 V2_exvivo
12 10027163 MT_exvivo
13 16422433 perirhinal_exvivo
14 16392598 entorhinal_exvivo
Mapping unhit to unknown
Found 89588 unhit vertices
Writing annot to /out/sourcedata/freesurfer/sub-v1s16x0051188_ses-1/label/lh.BA_exvivo.thresh.annot

 mris_anatomical_stats -th3 -mgz -noglobal -f ../stats/lh.BA_exvivo.stats -b -a ./lh.BA_exvivo.annot -c ./BA_exvivo.ctab sub-v1s16x0051188_ses-1 lh white 

computing statistics for each annotation in ./lh.BA_exvivo.annot.
reading volume /out/sourcedata/freesurfer/sub-v1s16x0051188_ses-1/mri/wm.mgz...
reading input surface /out/sourcedata/freesurfer/sub-v1s16x0051188_ses-1/surf/lh.white...
reading input pial surface /out/sourcedata/freesurfer/sub-v1s16x0051188_ses-1/surf/lh.pial...
reading input white surface /out/sourcedata/freesurfer/sub-v1s16x0051188_ses-1/surf/lh.white...
INFO: using TH3 volume calc
INFO: assuming MGZ format for volumes.
INFO: not computing global stats
Using TH3 vertex volume calc
Total face volume 236310
Total vertex volume 236133 (mask=0)
Saving annotation colortable ./BA_exvivo.ctab

table columns are:
    number of vertices
    total surface area (mm^2)
    total gray matter volume (mm^3)
    average cortical thickness +- standard deviation (mm)
    integrated rectified mean curvature
    integrated rectified Gaussian curvature
    folding index
    intrinsic curvature index
    structure name

  917    596   1654  2.106 0.650     0.133     0.026       12     0.9  BA1_exvivo
 3059   2069   5487  2.578 0.612     0.102     0.018       23     2.2  BA2_exvivo
  878    577    793  1.894 0.492     0.136     0.027        9     1.0  BA3a_exvivo
 1864   1311   3036  1.948 0.850     0.108     0.022       15     1.7  BA3b_exvivo
 1251    784   3187  3.112 0.671     0.094     0.018        8     0.9  BA4a_exvivo
  993    653   1559  2.447 0.493     0.078     0.015        3     0.6  BA4p_exvivo
 7328   5050  18867  3.213 0.688     0.112     0.022       63     6.7  BA6_exvivo
 1700   1262   4363  2.945 0.659     0.106     0.019       14     1.3  BA44_exvivo
 1991   1544   5911  2.945 0.702     0.125     0.028       26     2.3  BA45_exvivo
 3878   2885   4332  1.552 0.559     0.153     0.041       54     6.3  V1_exvivo
 7627   5627  13136  2.157 0.739     0.147     0.039      101    12.5  V2_exvivo
 1419   1011   3516  3.008 0.692     0.133     0.028       14     1.6  MT_exvivo
  761    551   1537  2.464 0.907     0.130     0.037       10     1.2  perirhinal_exvivo
  919    554   1489  2.010 1.142     0.156     0.074       25     3.0  entorhinal_exvivo

 mris_anatomical_stats -th3 -mgz -f ../stats/lh.BA_exvivo.thresh.stats -noglobal -b -a ./lh.BA_exvivo.thresh.annot -c ./BA_exvivo.thresh.ctab sub-v1s16x0051188_ses-1 lh white 

computing statistics for each annotation in ./lh.BA_exvivo.thresh.annot.
reading volume /out/sourcedata/freesurfer/sub-v1s16x0051188_ses-1/mri/wm.mgz...
reading input surface /out/sourcedata/freesurfer/sub-v1s16x0051188_ses-1/surf/lh.white...
reading input pial surface /out/sourcedata/freesurfer/sub-v1s16x0051188_ses-1/surf/lh.pial...
reading input white surface /out/sourcedata/freesurfer/sub-v1s16x0051188_ses-1/surf/lh.white...
INFO: using TH3 volume calc
INFO: assuming MGZ format for volumes.
INFO: not computing global stats
Using TH3 vertex volume calc
Total face volume 236310
Total vertex volume 236133 (mask=0)
Saving annotation colortable ./BA_exvivo.thresh.ctab

table columns are:
    number of vertices
    total surface area (mm^2)
    total gray matter volume (mm^3)
    average cortical thickness +- standard deviation (mm)
    integrated rectified mean curvature
    integrated rectified Gaussian curvature
    folding index
    intrinsic curvature index
    structure name

  559    356    897  1.993 0.605     0.125     0.024        7     0.4  BA1_exvivo
 1281    861   2410  2.497 0.648     0.105     0.020       11     1.1  BA2_exvivo
  770    505    659  1.859 0.465     0.135     0.028        7     0.8  BA3a_exvivo
 1226    821   1321  1.538 0.401     0.088     0.016        7     0.9  BA3b_exvivo
 1173    737   2817  2.983 0.714     0.081     0.014        5     0.7  BA4a_exvivo
  834    553   1340  2.466 0.518     0.085     0.015        3     0.5  BA4p_exvivo
 4106   2788  10295  3.085 0.665     0.114     0.023       37     4.0  BA6_exvivo
 1055    795   2763  2.983 0.711     0.106     0.018       10     0.8  BA44_exvivo
  789    624   2578  2.963 0.714     0.126     0.028       12     0.9  BA45_exvivo
 4106   3061   4809  1.590 0.583     0.150     0.039       54     6.4  V1_exvivo
 3918   2912   6351  2.022 0.717     0.159     0.048       60     7.5  V2_exvivo
  428    290    897  2.832 0.571     0.131     0.024        4     0.5  MT_exvivo
  406    286    803  2.417 0.949     0.146     0.051        7     1.0  perirhinal_exvivo
  651    372   1001  1.955 0.902     0.149     0.059       16     1.4  entorhinal_exvivo

Started at Mon Mar 9 01:53:19 CET 2026 
Ended   at Mon Mar 9 01:55:21 CET 2026
#@#%# recon-all-run-time-hours 0.034
recon-all -s sub-v1s16x0051188_ses-1 finished without error at Mon Mar  9 01:55:21 CET 2026
