global_signal	global_signal_derivative1	global_signal_power2	global_signal_derivative1_power2	csf	csf_derivative1	csf_derivative1_power2	csf_power2	white_matter	white_matter_derivative1	white_matter_derivative1_power2	white_matter_power2	csf_wm	tcompcor	std_dvars	dvars	framewise_displacement	rmsd	t_comp_cor_00	t_comp_cor_01	t_comp_cor_02	c_comp_cor_00	c_comp_cor_01	c_comp_cor_02	c_comp_cor_03	c_comp_cor_04	c_comp_cor_05	w_comp_cor_00	w_comp_cor_01	w_comp_cor_02	w_comp_cor_03	w_comp_cor_04	w_comp_cor_05	w_comp_cor_06	w_comp_cor_07	w_comp_cor_08	w_comp_cor_09	w_comp_cor_10	w_comp_cor_11	w_comp_cor_12	w_comp_cor_13	w_comp_cor_14	w_comp_cor_15	w_comp_cor_16	w_comp_cor_17	w_comp_cor_18	w_comp_cor_19	w_comp_cor_20	a_comp_cor_00	a_comp_cor_01	a_comp_cor_02	a_comp_cor_03	a_comp_cor_04	a_comp_cor_05	a_comp_cor_06	a_comp_cor_07	a_comp_cor_08	a_comp_cor_09	a_comp_cor_10	a_comp_cor_11	a_comp_cor_12	a_comp_cor_13	a_comp_cor_14	edge_comp_00	edge_comp_01	edge_comp_02	edge_comp_03	edge_comp_04	edge_comp_05	edge_comp_06	edge_comp_07	edge_comp_08	edge_comp_09	edge_comp_10	edge_comp_11	edge_comp_12	edge_comp_13	edge_comp_14	edge_comp_15	edge_comp_16	edge_comp_17	edge_comp_18	edge_comp_19	edge_comp_20	edge_comp_21	edge_comp_22	edge_comp_23	cosine00	cosine01	cosine02	cosine03	trans_x	trans_x_derivative1	trans_x_derivative1_power2	trans_x_power2	trans_y	trans_y_derivative1	trans_y_power2	trans_y_derivative1_power2	trans_z	trans_z_derivative1	trans_z_derivative1_power2	trans_z_power2	rot_x	rot_x_derivative1	rot_x_derivative1_power2	rot_x_power2	rot_y	rot_y_derivative1	rot_y_power2	rot_y_derivative1_power2	rot_z	rot_z_derivative1	rot_z_derivative1_power2	rot_z_power2	motion_outlier00	motion_outlier01	motion_outlier02	motion_outlier03	motion_outlier04	motion_outlier05	motion_outlier06	motion_outlier07	motion_outlier08	motion_outlier09	motion_outlier10	motion_outlier11	motion_outlier12	motion_outlier13
2343.0450463334405	n/a	5489860.089147674	n/a	3017.68070714614	n/a	n/a	9106396.850282026	2719.517942445468	n/a	n/a	7395777.839282833	2796.879731163612	2059.758178048472	n/a	n/a	n/a	n/a	-0.0314755243	-0.0377479518	-0.1363960826	-0.094311457	0.0986888521	-0.0675002627	-0.0385250592	0.0253884525	0.1011046593	-0.0124524939	-0.0971028815	0.0469611801	-0.0098872853	0.072915624	-0.0490637575	0.082032994	-0.0409616094	0.0795536697	0.0485510482	-0.0052588994	0.0922925023	-0.1251225257	0.0520348806	-0.0683207639	0.1771138453	-0.0310624318	0.044751985	-0.0868777936	0.1139456369	-0.00039456	-0.0157434076	0.0537941753	0.1331744966	-0.0590883144	0.0516840701	-0.0461324268	1.09079e-05	-0.0538714053	0.0659303534	-0.0490956743	0.0589525099	-0.0435976067	0.0934366316	-0.1446555984	0.0230579615	-0.0339293767	-0.0102541365	-0.0032840696	0.0398708417	-0.0027413916	0.0799668559	-0.061116996	0.0656727461	-0.0133210905	0.0562287834	-0.0801052663	0.0820015128	0.0347814112	-0.1128837476	0.0875006644	-0.029137549	0.0908438863	-0.036709773	0.1412524067	-0.069206907	0.0244869385	-0.0259298426	0.0001836101	-0.0706611359	0.1054052417	0.105393201	0.1053731342	0.1053450429	0.0365070751498848	n/a	n/a	0.0013327665359993	0.0168378985100758	n/a	0.0002835148262356	n/a	-0.0374016351244748	n/a	n/a	0.0013988823099843	0.0022500008532927	n/a	n/a	5.062503839817879e-06	-0.0004079992729355	n/a	1.664634067158966e-07	n/a	9.589995782473355e-07	n/a	n/a	9.196801910785674e-13	0.0	0.0	0.0	0.0	0.0	0.0	0.0	0.0	0.0	0.0	0.0	0.0	0.0	0.0
2342.1881100947467	-0.8569362386938337	5485845.143069201	0.7343397171867352	3021.0347724864687	3.354065340328816	11.249754307195056	9126651.09657237	2723.8895471623514	4.371604716883212	19.110927800675547	7419574.26514032	2791.8860149676984	2034.3936535715195	1.301135	23.752285	0.1710892570660176	0.1066839110435275	0.0072877062	0.0826320875	0.0160572649	-0.0557942098	0.0127142831	0.0491570219	0.056434173	-0.0171962795	0.0423025827	-0.0047075556	-0.0151412022	-0.0622917936	0.0469630635	-0.0917056355	-0.0490339574	0.0101258713	0.0214698921	0.0616726245	0.2075915667	0.0480371517	0.0851918926	-0.043588987	-0.0218467068	0.0579805043	0.0466400731	-0.0332022157	0.0211610903	0.0344822721	0.0979557447	-0.0441991187	-0.0470370555	0.0876990617	0.0054868289	0.1197158136	-0.0203979824	-0.0355055809	-0.0057862257	-0.0092603723	0.0638263699	-0.0485845075	0.0733460376	0.0313027444	0.0239374653	0.0307957637	0.1103089323	-0.0031790528	-0.0296432705	0.0007609076	0.0570016281	-0.0044560918	-0.015044602	0.0809248992	0.111991655	0.0065773844	-0.0978416313	-0.0655827248	0.0564743714	-0.0009586887	-0.1317303482	0.0482053018	-0.0829370898	0.0227362915	0.0527559635	-0.0136076052	-0.0478086661	0.0199945115	0.0415998128	-0.0021497961	-0.0119581316	0.1053731342	0.1052647956	0.1050843138	0.1048318124	0.026507103253067	-0.0099999718968178	9.99994379371458e-05	0.0007026265228687	0.0164517102069936	-0.0003861883030822	0.0002706587687348	1.491414054375098e-07	0.0381842010868354	0.0755858362113102	0.005713218635763	0.0014580332126398	0.0010699106824614	-0.0011800901708313	1.3926128112926471e-06	1.1447088684450186e-06	-0.0006571466121916	-0.0002491473392561	4.318416699148971e-07	6.20743966583942e-08	-0.0002721487034305	-0.0002731077030087	7.458781744271415e-08	7.406491677890223e-08	0.0	0.0	0.0	0.0	0.0	0.0	0.0	0.0	0.0	0.0	0.0	0.0	0.0	0.0
2347.849563681146	5.661453586399148	5512397.573677747	32.052056710951774	3018.564105663424	-2.4706668230446667	6.104194550493626	9111729.259999627	2720.308514890417	-3.5810322719344185	12.823792132635782	7400078.416185306	2800.5114990234374	2063.5971610570264	1.120842	20.461012	0.0788159337548355	0.0432949340820603	0.029180266	-0.0217950378	0.0972369758	0.0567520057	-0.0111286796	-0.0160170607	0.0965297687	0.0088803123	0.0926617715	-0.0349054004	-0.020267715	-0.0207596063	0.0639556488	-0.0510913529	0.003949901	0.000111606	0.0256975633	0.0099081432	-0.0001333081	-0.0424972591	-0.04674766	-0.0365925654	0.0951093064	0.1161908325	-0.02920553	0.0124115583	-0.1552220615	-0.0722491976	0.0246396279	0.0976897739	-0.0250853018	-0.0184942666	-0.0523719404	-0.0062709898	0.0191558797	-0.0471932048	0.0500764208	-0.0030121361	0.0223283116	-0.0363927299	0.0238183678	0.0041227552	-0.1249865762	-0.0414346971	-0.1754974435	0.0128568995	-0.0190155532	-0.006790826	-0.0220850579	-0.0183632853	-0.0306432651	0.0605396701	-0.0564372305	0.0299205549	-0.1130043938	-0.0805865062	0.0564430668	0.0177588522	-0.08847742	0.0609380524	-0.0400864334	0.0937297957	0.0981321954	0.1559950797	-0.0560988765	-0.0800386744	-0.056975865	-0.0295140754	0.0018092486	0.1053089291	0.1050081413	0.1045074645	0.1038078519	0.0166350223869216	-0.0098720808661453	9.745798062771404e-05	0.0002767239698133	0.0348000490706965	0.0183483388637028	0.0012110434153228	0.0003366615390572	0.0343318119029731	-0.0038523891838622	1.4840902423939224e-05	0.0011786733085411	0.0003358767738112	-0.0007340339086502	5.388057790482902e-07	1.1281320718582e-07	-0.0005960689505528	6.107766163879994e-05	3.552981938131164e-07	3.730480751263734e-09	-0.000411899629964	-0.0001397509265335	1.9530321466971712e-08	1.696613051644801e-07	0.0	0.0	0.0	0.0	0.0	0.0	0.0	0.0	0.0	0.0	0.0	0.0	0.0	0.0
2349.458606752379	1.6090430712333728	5519955.744842831	2.5890196050841245	3020.1317011016645	1.5675954382404598	2.457355457992299	9121195.491999231	2723.8874436099973	3.57892871958029	12.808730779836614	7419562.805456206	2813.6508497971754	2071.0256256898474	1.110072	20.264408	0.0060721198233153	0.0044340961889295	0.0341061422	-0.0438726679	0.0005630759	0.0520216669	-0.0005235288	-0.1445150917	-0.0043972746	0.062929881	-0.0618788388	-0.0001033379	0.0167818034	0.0117006053	0.0027669734	-0.0057068064	0.0094064655	0.1095719759	-0.1367541958	0.0341471669	0.1514232254	-0.0173396284	-0.0483111613	-0.0445785738	-0.050418012	0.1020445803	-0.2066976838	0.0360454677	-0.0658549123	0.0315282068	0.0349349295	-0.0249668889	0.0470216298	-0.095331616	0.0013255845	-0.0513603113	0.0115214026	-0.0038278595	-0.0303999858	-0.0453897358	0.1320250556	-0.0690313766	-0.0022871098	0.1311712126	-0.0243362666	-0.0518158624	0.0685566469	0.0201932375	-0.0005194032	0.0300620334	-0.0276056949	-0.0129862697	0.0357037706	-0.0498881723	-0.0784765764	-0.0841328384	-0.0835899025	-0.1612253047	0.0751110865	0.0152895969	-0.102894033	-0.0030010722	-0.1180856388	-0.0232237055	0.0900341228	-0.0200430985	-0.044384967	0.1433446524	0.0306201645	-0.0205800132	0.0413320005	0.1052126458	0.1046235507	0.1036441676	0.10227815	0.014381996699015	-0.0022530256879066	5.0761247503670175e-06	0.0002068418290504	0.0348001008837854	5.181308890267466e-08	0.0012110470215216	2.6845961816364685e-15	0.038150854225293	0.0038190423223198	1.4585084259670532e-05	0.0014554876781195	0.0003358767738112	0.0	0.0	1.1281320718582e-07	-0.0005960689505528	0.0	3.552981938131164e-07	0.0	-0.000411899629964	0.0	0.0	1.696613051644801e-07	0.0	0.0	0.0	0.0	0.0	0.0	0.0	0.0	0.0	0.0	0.0	0.0	0.0	0.0
2347.340434200787	-2.1181725515921244	5510007.114033939	4.486654958318291	3020.279043160233	0.1473420585684834	0.0217096822231984	9122085.498552892	2723.559201670959	-0.3282419390384348	0.1077427705437115	7417774.725006551	2798.738291266025	2061.7778818044926	1.185306	21.637806	0.0750277826403236	0.0464944376684698	0.005611627	0.0121700536	-0.1293990203	-0.093821227	0.0510567397	0.0338930229	-0.0010537758	0.0029613774	0.0127644798	-0.0020888695	0.0127361699	0.0021955425	-0.0194630675	0.049936218	-0.0364087488	-0.0096046128	0.0152590033	-0.0963174362	0.0720455792	0.0669893759	-0.1838169887	0.0299398169	0.0389483028	0.0057102988	-0.0438231436	0.1008682256	0.0086044974	0.0073210967	0.0776738737	-0.0581366265	-0.0017836921	0.025083662	0.0930982169	-0.0371501848	-0.0148277458	0.0248202615	0.0353152141	0.0399900729	-0.1222539739	0.0327441959	0.0830985391	0.0067027149	-0.0415702043	0.0619642332	0.0061752969	0.0022851673	-0.0114315246	0.0180852008	0.0296518988	0.0231095453	0.0238473364	-0.0564194415	0.0942750283	-0.0890433486	-0.0167980784	-0.0727461635	0.1351251724	-0.0325847254	-0.135401695	0.0251219755	0.038961818	0.0508897951	0.0546965507	0.0268725829	-0.0685052631	-0.0341687601	-0.0664297408	-0.1368629162	-0.0505539868	0.1050843138	0.1041114925	0.1024967892	0.1002501592	0.0167189265387293	0.0023369298397142	5.461241075747102e-06	0.0002795225046074	0.0178319055540043	-0.0169681953297811	0.0003179768556869	0.0002879196527496	0.0141692146151797	-0.0239816396101133	0.0005751190383893	0.000200766642811	0.0009698780751573	0.000634001301346	4.019576501085482e-07	9.406634806708292e-07	-0.0005961995645809	-1.3061402809994536e-07	3.554539208064547e-07	1.7060024336493318e-14	-0.0004112111881239	6.884418400999797e-07	4.739521672002461e-13	1.6909464123826948e-07	0.0	0.0	0.0	0.0	0.0	0.0	0.0	0.0	0.0	0.0	0.0	0.0	0.0	0.0
2346.9952074738803	-0.3452267269067306	5508386.503905362	0.1191814929707343	3038.247739704606	17.96869654437296	322.8740555037608	9230949.327820146	2726.4774172622547	2.918215591295848	8.515982237282175	7433679.106841055	2800.709153082432	2027.8541919360457	1.168675	21.334215	0.0619668209743723	0.0367994458063565	0.0075938184	0.0758959249	0.0497503821	-0.0137427291	-0.0763052055	0.1215454564	0.0492154174	-0.0193525395	-0.0373301116	0.0245669609	0.0253357981	-0.0339912961	0.0455321945	-0.0981139315	-0.0554515039	0.0207917724	0.0368611174	0.1018044767	0.0762011515	-0.0517086804	0.0032698316	-0.0935619651	-0.010341484	-0.0284572062	-0.0105804309	0.0368159429	0.1134247018	-0.0483494569	-0.0289791449	-0.0066121891	-0.0076464149	0.02039221	-0.063252206	0.0805842782	-0.0677219454	0.0086613399	0.0197415675	-0.0232008786	0.075927217	0.0977990267	0.073374923	-0.0250647705	0.0940802883	-0.0788007456	0.089999363	0.0056753881	-0.0228349558	0.0161832964	0.0713875843	-0.0277922659	-0.0453334392	0.1113654848	0.0957126694	-0.0571885146	-0.0741636647	-0.0589528906	0.0619512119	0.068282367	-0.1086737334	0.0316075471	-0.0689594797	-0.0306241598	-0.0305794621	0.0223553877	-0.0659149046	0.0181152951	0.0491780499	0.061010507	0.018296355	0.104923972	0.1034725904	0.1010684743	0.0977337597	0.0167290732023985	1.0146663669202e-05	1.029547836159038e-10	0.0002798618902112	0.034737827048886	0.0169059214948817	0.0012067166280783	0.0002858101815911	0.0388937280248811	0.0247245134097014	0.0006113015633465	0.0015127220796734	0.000631363422577	-0.0003385146525802	1.1459217001156121e-07	3.9861977136814346e-07	-0.0006641302376204	-6.793067303950001e-05	4.41068972521729e-07	4.614576339599454e-09	-0.0004112906506265	-7.946250260001737e-08	6.314289319457765e-15	1.691599992927697e-07	0.0	0.0	0.0	0.0	0.0	0.0	0.0	0.0	0.0	0.0	0.0	0.0	0.0	0.0
2349.450155491568	2.4549480176874567	5519916.033139352	6.026769769547573	3050.6875650243824	12.439825319776446	154.74925398655117	9306694.619394396	2724.888718866669	-1.5886983955856522	2.5239625921364253	7425018.530206837	2802.4806953625803	2041.613915549691	1.117248	20.395409	0.028288911323172	0.020792013874686	0.0135483766	-0.0716937658	0.1004371617	0.1541282989	-0.0468562524	0.0527989605	0.0227535019	-0.0635281301	4.18363e-05	-0.0035614319	0.0031214265	-0.1240255783	0.0971166898	-0.0269594585	0.0220731106	-0.087419357	0.0751269843	-0.1068082746	0.074985074	-0.0580588263	0.0380018786	-0.0819170279	0.0038343283	0.0403363717	0.152613119	0.1625829877	0.0644983652	-0.077515261	0.0919171104	0.0262883273	-0.0268602207	0.0220122461	-0.1312146147	-0.0047088317	-0.0296220745	-0.0221882797	0.0107526165	0.0787527683	-0.1341328318	-0.0228672411	0.0220851622	-0.0389929224	-0.0255854165	-0.0268284257	-0.0016573529	0.0099909278	-0.0303811537	-0.0141967888	0.044703654	-0.017036944	0.009442722	0.0790498914	-0.0773187098	0.0389966534	-0.1067894872	-0.0176357369	0.0769234726	-0.036034129	-0.0760635271	-0.0445469788	0.0444618784	0.0627574478	0.0503560449	0.0069446108	-0.0746218806	-0.1314367049	0.0264178806	-0.0057225001	-0.0501124628	0.1047316694	0.102707623	0.0993631376	0.0947412111	0.016629068504713	-0.0001000046976855	1.000093955916833e-08	0.0002765259193344	0.0398531662769556	0.0051153392280696	0.0015882748622986	2.6166695418227703e-05	0.039007055059578	0.0001133270346969	1.284301679319271e-08	0.0015215503444209	0.0002408767617785	-0.0003904866607985	1.524798322615628e-07	5.8021614364896246e-08	-0.0005960493805088	6.80808571116e-05	3.552748640049243e-07	4.6350031050500964e-09	-0.0004119279399708	-6.372893442999853e-07	4.0613770835830523e-13	1.69684627728587e-07	0.0	0.0	0.0	0.0	0.0	0.0	0.0	0.0	0.0	0.0	0.0	0.0	0.0	0.0
2353.4420297826714	3.991874291103613	5538689.3875475805	15.935060355973976	3039.627348457286	-11.060216567096177	122.32839051106872	9239334.417489473	2723.9011600460626	-0.9875588206064094	0.9752724241575224	7419637.529700286	2807.101476894281	2054.4546785037182	1.012024	18.474541	0.1031420986722794	0.0554641207795352	0.0162334702	-0.0698238471	0.0025965844	0.1154496584	-0.0129695444	-0.0210017264	-0.0352641639	0.0401092907	-0.1350373879	-0.0080062111	0.0236922872	-0.0607827341	0.0141176201	0.0395524295	0.0735472861	-0.001344609	-0.1014102629	0.11153795	0.0295974089	-0.0490775564	0.0382773304	0.1034041767	-0.0088938994	-0.0216156897	-0.0861806719	-0.0051233478	-0.0200779186	-0.0547429553	-0.094926614	0.0372946267	6.90967e-05	-0.0341677297	-0.0827798642	-0.0859526317	-0.0342477051	0.0009489016	-0.0863928357	0.0131479186	0.0798323542	0.0590498454	-0.0774161447	0.1111653393	0.0030160376	0.0475930264	0.0440583435	0.0040612378	-0.0046778189	-0.0138331569	-0.0004320849	-0.0057275237	0.0629809729	-0.0122970735	-0.0725718617	-0.003348937	-0.0945250837	-0.0478105878	0.0442449512	0.0787375695	-0.0086495167	-0.0388731457	-0.1365919039	-0.0359202054	-0.0139939431	-0.0085425997	-0.1278522217	-0.0115829548	0.0878038529	-0.0059969778	0.0897114652	0.1045074645	0.1018175221	0.0973854535	0.0912870929	0.033683420358443	0.01705435185373	0.0002908509171508	0.0011345728070435	0.0241507187005396	-0.015702447576416	0.0005832572137525	0.00024656685989	-0.0075800189953554	-0.0465870740549334	0.0021703554689998	5.745668796994868e-05	0.000468803355272	0.0002279265934934	5.195053202155118e-08	2.1977658591428506e-07	-0.0005961548067132	-1.0542620440003297e-07	3.554005535672529e-07	1.111468457419753e-14	-0.0006598604240169	-0.0002479324840461	6.147051664526963e-08	4.3541577918376317e-07	0.0	0.0	0.0	0.0	0.0	0.0	0.0	0.0	0.0	0.0	0.0	0.0	0.0	0.0
2358.5459314504687	5.103901667797345	5562738.910761559	26.04981223454452	3029.5398324205985	-10.087516036687704	101.75797979043158	9178111.596223028	2726.6480207865216	2.746860740458942	7.545243927474647	7434609.429259055	2810.992137576372	2095.079091117627	1.133164	20.685959	0.0888475671840935	0.0411729154289814	0.0331782577	-0.0017117928	-0.1191472389	-0.0455728638	0.0009223667	-0.0455999248	-0.0561093004	0.016587418	0.0132371501	0.0286297176	0.0660042363	-0.024816734	-0.0380877375	0.0699577066	-0.0914974872	0.0994608483	-0.0233361943	-0.0757673088	0.0670236802	0.0638151559	0.0084829528	0.0551432917	0.1167211887	0.0064372722	0.0422348298	-0.0535737084	0.0401011064	0.0381202227	-0.0708325601	0.0335513571	0.059356774	-0.0752647293	0.0761612447	-0.1264719976	-0.0683915924	0.0123393441	0.1088270043	-0.0052814674	-0.0320975058	-0.0256088327	0.06559853	0.0205078878	-0.0047948677	0.0425623772	0.0901583913	0.0126827155	0.0172027913	-0.0093977985	-0.0782995985	0.0476286947	0.0072522793	-0.1084665398	0.0259318954	-0.0310554871	-0.057203961	-0.063938042	0.0994948541	0.0584261649	-0.0272971812	0.0261616514	0.0904210217	0.0736981283	0.0363704304	0.0217109335	-0.1278004252	0.0378795401	0.0690797704	-0.176804609	-0.0305841553	0.1042514257	0.1008033722	0.0951408427	0.0873882332	0.0295344144619207	-0.0041490058965223	1.7214249929376828e-05	0.0008722816376085	0.0058764635407584	-0.0182742551597812	3.4532823745862755e-05	0.0003339484016447	-0.0264808199771735	-0.0189008009818181	0.0003572402777542	0.0007012338266634	0.0003059905910661	-0.0001628127642058	2.6507996188365983e-08	9.363024182098124e-08	-2.2633683792960824e-05	0.0005735211229202	5.122836420397373e-10	3.2892647843569215e-07	-0.0008739966398102	-0.0002141362157932	4.5854318914274734e-08	7.638701263995204e-07	0.0	0.0	0.0	0.0	0.0	0.0	0.0	0.0	0.0	0.0	0.0	0.0	0.0	0.0
2354.027792808829	-4.51813864163978	5541446.849316407	20.41357678507856	3037.960675806781	8.420843386182696	70.91060333461685	9229205.067748394	2726.77032389683	0.1223031103086214	0.0149580507911628	7435276.399284424	2803.2601939665965	2066.404277332267	1.232577	22.500753	0.1103286134091563	0.0544807555657447	0.0225186014	0.1051818634	0.0349686674	-0.0500579344	-0.0780880963	0.0699986062	0.0549891035	-0.0074367067	0.0264503597	0.0135904874	0.073968663	-0.005668783	-0.0006750601	-0.0707534493	-0.0421140914	-0.0596187844	0.0971238687	0.0981060072	-0.0599536101	-0.0640426243	-0.0070855098	0.0354034323	0.0031289939	0.0307897392	0.0600463837	-0.061110819	-0.0531188035	0.048570289	-0.1643871771	-0.1260412873	0.0064916645	-0.0051303562	-0.0313670714	0.1313310169	-0.0686620939	0.0300760084	0.0117282213	0.0214211842	0.0764237651	0.0900206968	-0.0599223338	-0.0776683938	-0.0620795323	0.0019322818	0.0350540891	0.0117923165	0.0124712023	0.0180336171	-0.0357468562	0.0451843031	-0.1105349003	0.044382396	0.0345592905	-0.0379802106	-0.0530152142	-0.0328570557	0.0330346844	0.0622698982	-0.0179655467	-0.0142626716	-0.0476255652	-0.0476774857	-0.0196953362	0.0162794438	-0.0508458155	-0.0057070266	-0.0494659741	0.0010502544	0.0622058212	0.1039636308	0.099666409	0.0926354574	0.0830636267	0.0168602397776709	-0.0126741746842498	0.0001606347039268	0.0002842676853605	0.0058051899188313	-7.127362192710027e-05	3.370022999370055e-05	5.079929182607228e-09	0.008854573667179	0.0353353936443525	0.0012485900440013	7.840347482749978e-05	0.0003804175048997	7.442691383359999e-05	5.539365502794117e-09	1.447174780341133e-07	-0.0005960520627172	-0.0005734183789242	3.55278061469429e-07	3.288086372881024e-07	-0.0002768865033955	0.0005971101364146	3.565405150091816e-07	7.666613576258623e-08	0.0	0.0	0.0	0.0	0.0	0.0	0.0	0.0	0.0	0.0	0.0	0.0	0.0	0.0
2352.621044475689	-1.406748333140058	5534825.778909882	1.978940872792332	3024.2557014016543	-13.704974405126904	187.8263234451836	9146122.547460413	2722.422505606592	-4.347818290238138	18.90352388492928	7411584.299033275	2804.3655778933794	2051.613291231148	1.132839	20.680023	0.0802785675826709	0.0433685246321242	-0.0023747233	-0.048503236	0.0566762717	0.1167604719	-0.0068089783	-0.0280156612	0.0823924184	-0.0493282838	-0.028137683	-0.000856054	-0.0171244364	-0.0047647038	0.0099511251	-0.0131838552	0.1221615348	-0.0238708901	-0.0746910653	-0.056387175	0.0437062954	0.0780548294	0.0085768526	0.0823317805	-0.0197716875	0.0201574628	-0.0192851424	0.0604050797	0.1123458103	-0.0968066459	0.0053123241	-0.1023496076	0.0041413415	-0.024069327	-0.0870996277	-0.0038683187	0.0473004013	2.37897e-05	-0.0557587695	0.0152860386	-0.0934569971	-0.0345753557	-0.0343987122	0.0573306223	0.0823832053	0.0136514847	0.0057468604	-0.0050715466	0.008644011	0.0156494712	0.0244729688	-0.0351031422	-0.0118558477	0.0267612117	-0.0880259585	-0.0445790552	-0.0791323697	-0.0508976243	0.0508128176	-0.1046761416	-0.0346219896	-0.1030493011	0.0021883183	-0.0283770289	-0.0243346062	-0.0570338245	-0.0423547865	0.0801212657	0.0753721363	0.0294337141	-0.0060637595	0.1036441676	0.0984080176	0.0898761648	0.0783343427	-0.0002596737346465	-0.0171199135123173	0.0002930914386692	6.74304484652609e-08	0.0058677052037268	6.251528489550039e-05	3.442996435784257e-05	3.908160845565579e-09	0.0020876346234359	-0.0067669390437431	4.579146402173479e-05	4.358218320968351e-06	0.0006977393502602	0.0003173218453605	1.006931535429931e-07	4.868402009015261e-07	-0.0012711440583432	-0.0006750919956259	1.6158072170612204e-06	4.557492025582951e-07	-0.0004110566572433	-0.0001341701538478	1.8001630183542328e-08	1.6896757546403586e-07	0.0	0.0	0.0	0.0	0.0	0.0	0.0	0.0	0.0	0.0	0.0	0.0	0.0	0.0
2358.056119463386	5.435074987697135	5560428.662538723	29.54004012189101	3028.071056091708	3.815354690053937	14.556931410916572	9169214.320740351	2728.8493633439057	6.42685773731364	41.30450037566819	7446618.847822439	2814.6459693321813	2057.8978560981805	1.256847	22.94379	0.3029512466915129	0.1499640209274211	-0.0455120709	-0.0310430689	-0.1002326944	-0.0593437929	-0.0136450613	-0.0833407406	-0.0989388242	0.0051586807	-0.0824377283	0.0762132038	0.0473420059	0.0244470961	-0.0305210801	0.0992850617	-0.0351335715	0.0240420078	-0.0394923806	0.0019372363	-0.0640114836	-0.0652575142	-0.029908276	-0.0238574152	0.0948233914	-0.0831862102	0.0491691432	-0.1404698459	0.1159403074	0.0553722842	-0.0705240134	0.0241475507	0.0987422657	-0.0567511659	0.0883383253	-0.1183385829	-0.0493312499	0.0100444566	0.0133567407	-0.0255394019	0.0243261302	0.0464494926	-0.0081276944	-0.0515484728	0.0040535678	-0.0186996891	0.0183789824	-0.0479093602	0.0424783688	0.015931758	-0.0055019836	-0.008066752	0.0427602217	-0.0855580136	0.0065970843	-0.0617783676	0.0967669416	-0.0100273555	-0.0193355005	0.0962131169	0.000105956	-0.0278904019	0.076403425	0.0119416414	-0.1268968874	0.0109153832	-0.1149884971	-0.0746046045	-0.0164608594	-0.0165748314	-0.0705011229	0.1032931334	0.0970297311	0.0868705278	0.0732234215	0.042918721069185	0.0431783948038314	0.0018643737778355	0.0018420166182145	-0.0437046221476009	-0.0495723273513277	0.0019100939970645	0.0024574156390271	-0.0936430362274478	-0.0957306708508837	0.0091643613415602	0.0087690182338951	0.0021239192560384	0.0014261799057782	2.0339891236455157e-06	4.5110330061707095e-06	-0.0004079370708431	0.0008632069875001	1.664126537680484e-07	7.451263032689977e-07	-0.0004110668376744	-1.0180431099960242e-08	1.0364117738103771e-16	1.689759450356315e-07	0.0	0.0	0.0	0.0	0.0	0.0	0.0	0.0	0.0	0.0	0.0	0.0	0.0	0.0
2350.709015780791	-7.347103682594934	5525832.876873096	53.97993252280004	3034.777200137868	6.706144046159807	44.97236796784463	9209872.654476635	2726.38223131568	-2.4671320282254783	6.0867404446959625	7433160.071233867	2796.3072962051783	2062.08518985246	1.288901	23.52895	0.1864838445735542	0.091350138505123	-0.0395830214	0.0791386178	-0.0821948878	-0.1020095233	0.0359953067	0.030602322	-0.0086599109	-0.0824997773	0.0080071103	0.0567846582	-0.0106787152	0.0390254151	-0.0190236827	-0.0198322707	0.0109393751	0.0483574076	0.0565959249	0.0906758352	-0.0139409815	0.1103614816	0.1173738246	0.0866871521	0.0141122789	0.0342066909	0.1331605234	-0.0090190633	0.0038920281	0.0686567503	0.0956260244	-0.1088112202	0.0161483653	0.1153694136	0.0678971824	0.1221432147	-0.0252464636	-0.0010085262	0.0128912883	-0.0486828785	-0.0016638993	-0.0100948192	-0.054501117	0.1008760721	0.0766005977	0.0774459813	-0.0384050861	-0.040932627	0.0142064543	-0.0010503655	0.0217742017	0.0197248992	-0.0063306099	0.0055548446	0.1258777597	-0.0082975031	-0.05017202	0.0508861385	-0.0195570213	-0.056685703	-0.0180344249	0.0405175986	-0.0163011134	-0.0946964341	-0.0826158092	-0.1118095222	0.0013526332	0.0689709087	0.0019437578	-0.0829638963	-0.0670491792	0.1029106351	0.0955332289	0.0836267848	0.0677557633	-0.0069692358270145	-0.0498879568961995	0.002488808243277	4.857024801254248e-05	-0.0137993599101662	0.0299052622374347	0.0001904223339303	0.0008943247094897	-0.0374573866413427	0.056185649586105	0.0031568272194125	0.001403055813999	0.0020471299307964	-7.678932524199985e-05	5.896600471121635e-09	4.190740953562473e-06	-0.0007240539740107	-0.0003161169031676	5.242541572806874e-07	9.992989646827383e-08	-0.0010282601263411	-0.0006171932886667	3.809275555752164e-07	1.0573188874230149e-06	0.0	0.0	0.0	0.0	0.0	0.0	0.0	0.0	0.0	0.0	0.0	0.0	0.0	0.0
2351.1547509061	0.4457351253090564	5527928.662708326	0.1986798019342802	3020.5034953597324	-14.273704778135652	203.73864809337252	9123441.365480362	2730.6886872148093	4.306455899129105	18.54556241114387	7456660.706482938	2813.0874599358976	2031.725191836764	1.372011	25.046118	0.1899962528415413	0.1122697756731544	-0.1136345643	0.0281710768	0.0779854649	-0.0337571322	-0.0098070301	-0.1413934293	-0.0349905404	-0.0193615365	0.0776186156	0.1268797285	-0.0860500469	-0.0340356104	0.025601424	-0.0603114916	-0.0662354936	-0.0976217461	0.0986489217	0.0210532185	0.0516731585	0.0301814207	0.0569597052	-0.029901126	0.0995986996	-0.2086931523	-0.0128512862	0.0057896591	-0.1438074645	0.0117054656	0.1010070336	0.0919219886	0.0973190722	0.1181294469	0.0079426465	0.0734429501	0.0168413255	-0.0939447399	-0.0406766754	0.0262820119	0.1268746917	-0.1269123647	0.062157987	-0.1643883554	-0.1500733475	0.1048994727	0.0713200459	-0.09255304	0.021499915	0.0494965368	0.0060993517	-0.0727242855	-0.0103773509	0.0568195477	0.0211384076	0.0890418798	0.01036039	0.1419451274	-0.0867679273	0.0042844458	-0.078519654	0.145545764	0.0092818017	0.0214404383	-0.1679194249	0.107019925	0.0365360683	-0.0958746432	0.0777791343	0.0625322092	-0.1478343015	0.1024967892	0.0939203342	0.0801538266	0.0619580057	0.0091619475400506	0.0161311833670651	0.0002602150768218	8.394128272663923e-05	-0.0093296773662814	0.0044696825438847	8.704287975890346e-05	1.997806204310849e-05	-0.1028426617988031	-0.0653852751574604	0.0042752342074168	0.0105766130858629	0.0034829651580183	0.0014358352272219	2.061622799731365e-06	1.2131046291969442e-05	-8.079350171907862e-05	0.0006432604722916	6.527589920030761e-09	4.137840352128398e-07	-0.0010293666622902	-1.1065359491000545e-06	1.224421806650758e-12	1.0595957254344663e-06	0.0	0.0	0.0	0.0	0.0	0.0	0.0	0.0	0.0	0.0	0.0	0.0	0.0	0.0
2354.85377749982	3.699026593719736	5545336.313405171	13.682797741045835	3017.9327743630006	-2.5707209967317795	6.608606443037633	9107918.230574358	2731.729389832083	1.040702617273837	1.0830619376006143	7462345.459272365	2819.690680088141	2033.197122366832	1.157868	21.136932	0.1520667373094947	0.0831243855590896	-0.1188557109	-0.002929805	0.07396786	-0.012732183	-0.1032969295	-0.169361101	-0.0477431305	-0.0071368704	0.141363518	0.1167121547	0.0462152987	0.0650069086	-0.0874967018	-0.0505806578	0.0285101684	0.0028095849	-0.1556703205	-0.0411544065	-0.053755848	-0.1307498025	0.0493672234	-0.0372434307	-0.0616513058	-0.0206359671	-0.0042205581	0.0150663434	0.1160941645	0.0246931248	-0.0777506953	-0.0744476397	0.1467259643	-0.0610818813	0.0152731886	0.0431463955	0.0281616308	0.0456576893	-0.0391755821	0.0078306084	0.0327725919	-0.1380497946	0.0009853696	-0.0012901903	0.0579233114	-0.1460011822	-0.0685948436	-0.1033636828	0.0489190758	0.0549014156	-0.0335934627	-0.0318519887	-0.0082178917	-0.0043232853	-0.0805184669	0.0522409926	0.1265861618	0.1083612132	-0.1511991949	-0.0522893536	-0.0179356799	0.0947956915	0.0921087782	-0.0310562614	-0.1242848972	-0.0270741633	0.0700990167	0.0523298835	-0.0132790525	0.0468458905	0.0012304797	0.1020517218	0.092193012	0.0764611723	0.055858395	0.0012500610058481	-0.0079118865342025	6.259794853009484e-05	1.5626525183419635e-06	-0.066970109342364	-0.0576404319760825	0.0044849955453281	0.0033224193983894	-0.1568569217562299	-0.0540142599574268	0.0029175402787484	0.02460409390284	0.0034740242453519	-8.94091266640017e-06	7.993991930819501e-11	1.2068844457292838e-05	8.104439584077916e-05	0.0001618378975598	6.568194097196903e-09	2.6191505086595025e-08	-0.0005501422956808	0.0004792243666093	2.2965599355218057e-07	3.026565454969409e-07	0.0	0.0	0.0	0.0	0.0	0.0	0.0	0.0	0.0	0.0	0.0	0.0	0.0	0.0
2352.9300769334427	-1.9237005663771924	5536279.946938016	3.700623869079931	3020.6132936166005	2.6805192535998685	7.185183468919596	9124104.669573328	2726.9808946457583	-4.748495186324817	22.54820653454996	7436424.79976298	2801.5582641601563	2053.646705925551	0.998543	18.228447	0.2754057657648356	0.1550702885925964	-0.0511057494	-0.0120345664	0.0706604623	0.0403675698	0.0315207384	-0.0778066452	0.0061760222	-0.0918041242	0.1208571891	0.0487401933	0.0088423891	0.0180965865	-0.0535712778	-0.0273867178	0.0372163072	-0.0117021492	-0.0100502884	-0.162578983	0.0366447854	-0.064119404	0.0383242205	0.0701947078	-0.0378477984	0.014081655	-0.0589503159	0.0546459234	-0.1122931841	-0.0140029461	-0.0202252666	-0.0375410075	0.0232801086	0.0549292628	-0.0069591187	0.0419128514	0.0082589916	0.0009060125	-0.0646666666	-0.0480099594	-0.1029547759	-0.1337710766	-0.0001434909	0.0216651421	-0.0790444318	-0.0253925323	0.0292530981	-0.0452934329	0.046319688	0.0017888779	-0.0284193095	-0.0184197571	0.0236498055	0.01574182	-0.1115799303	0.018660331	0.0250919946	0.0551252042	-0.0642812742	-0.0639036964	-0.0020122444	0.0942977249	0.0990006661	-0.0328800104	0.0026741082	-0.0936180719	0.0050011617	-0.0139057282	-0.0490741351	-0.0123981975	0.0339840951	0.1015755685	0.0903533669	0.0725589432	0.0494866478	-0.0069292863897914	-0.0081793473956395	6.690172381855468e-05	4.801500987174834e-05	-0.0278748801399189	0.0390952292024451	0.0007770089428148	0.0015284369463917	-0.0655582736532878	0.0912986481029421	0.0083354431454248	0.0042978872443993	0.0014983969136558	-0.0019756273316961	3.903103353744652e-06	2.245193310853227e-06	-0.0002007718206036	-0.0002818162164443	4.030932394848414e-08	7.942037985102519e-08	-0.0010293495688165	-0.0004792072731356	2.2963961062615325e-07	1.0595605348227144e-06	0.0	0.0	0.0	0.0	0.0	0.0	0.0	0.0	0.0	0.0	0.0	0.0	0.0	0.0
2347.148334748134	-5.781742185308758	5509105.3053109385	33.428542697378894	3025.2098057566127	4.596512140012237	21.127923853279874	9151894.368845962	2721.504774245541	-5.476120400217496	29.98789463767823	7406588.236241272	2798.4181986490885	2045.06639280195	0.856283	15.631493	0.1192189739822023	0.0593101739850745	-0.0415398198	-0.0670505944	0.040447658	0.0231024632	0.0616762465	-0.0707352111	-0.008448106	-0.0526912844	0.0379808634	0.0135393114	-0.0480527613	0.044316575	0.037342485	0.0437560098	0.1187471537	-0.0937037407	0.0070469001	0.0865249518	0.020276107	-0.060121549	0.0396052891	0.0378391742	-0.0578592202	-0.0542595288	-0.0208143118	0.0363182356	-0.0751271667	-0.0539265698	-0.0844933021	0.2147463859	-0.0110043276	0.0695033305	-0.0019827221	0.023982316	0.042636546	-0.0624201475	-0.1345049444	-0.0450598358	0.0101739442	-0.0235308669	-0.0541600859	0.0158737868	-0.0612911159	-0.0434142638	-0.102884299	-0.0319148048	0.0187472506	-0.0022365883	0.0530511884	-0.0611588564	0.0682203583	0.0223581798	-0.0663954586	-0.01291408	-0.0172738686	0.0065775329	-0.0365520302	-0.0517892139	-0.0489225751	0.0537998728	-0.009322522	-0.0654033597	-0.0354274704	-0.0726137504	0.0505155981	-0.052296268	-0.0350328685	0.0388910479	0.0751088186	0.1010684743	0.08840364	0.0684578352	0.0428738067	0.0013845912498169	0.0083138776396083	6.91205614063789e-05	1.917092929069525e-06	-0.0011711639072586	0.0267037162326603	1.3716248976652308e-06	0.0007130884606344	-0.0287959283987291	0.0367623452545586	0.0013514700286153	0.0008292054923447	0.0010721285678492	-0.0004262683458066	1.817047026366951e-07	1.1494596659983769e-06	-0.0007230526471897	-0.0005222808265861	5.228051306080328e-07	2.7277726181945986e-07	-0.0010291180441017	2.3152471479988106e-07	5.3603693563166265e-14	1.0590839486957086e-06	0.0	0.0	0.0	0.0	0.0	0.0	0.0	0.0	0.0	0.0	0.0	0.0	0.0	0.0
2349.646398515333	2.4980637671992554	5520838.198056076	6.240322584993735	3030.9001041985803	5.69029844196757	32.37949635865856	9186355.441630963	2724.786565459935	3.281791214394161	10.770153574874705	7424461.827310949	2805.1509818835134	2036.356061722884	1.051216	19.190001	0.1320098791439071	0.074348918791976	-0.0758526789	-0.0505133974	0.0096839499	0.0248418111	0.0457346818	-0.0355666158	-0.0199956353	-0.0491135479	0.0188982723	0.030693225	-0.0221338274	-0.0178344302	-0.1006022923	0.0533532485	0.1407833985	-0.0684033892	-0.016400419	0.0028796018	-0.0135718011	-0.0448054771	0.0575035627	-0.0318685071	-0.1877082076	0.0434924503	-0.1472888408	-0.0041433353	-0.0933277299	0.0063845632	-0.0807317251	-0.0105686517	0.0148971382	0.0446045392	-0.0394487175	-0.0431891304	0.0056932732	0.0421015729	-0.1257835565	-0.045237795	-0.0101616356	-0.0459932356	-0.074428328	0.020322401	-0.0314001405	-0.0390601571	0.0248605485	-0.0646973581	0.0129833482	-0.0279793351	0.0157812508	-0.0652443518	0.0913996881	-0.04394566	-0.046162146	0.0561307632	-0.0454755578	0.0536141244	-0.1802360479	0.0239487631	0.0443117673	0.1362192215	0.0414884432	-0.0991398991	-0.0826736252	-0.1994328632	0.2262686944	-0.061111405	0.154790127	-0.0287456604	0.1691513868	0.1005305936	0.086346207	0.0641690889	0.0360520886	-0.0069643616466095	-0.0083489528964264	6.970501446674677e-05	4.8502333144765386e-05	0.0053621364001799	0.0065333003074385	2.875250677413425e-05	4.268401290717599e-05	-0.0284443046411269	0.0003516237576021	1.2363926691028968e-07	0.0008090784665172	0.0019172572471109	0.0008451286792617	7.142424845106253e-07	3.675875351599267e-06	0.0003526164504548	0.0010756690976445	1.2433836113134246e-07	1.1570640076273332e-06	-0.0014438403108443	-0.0004147222667426	1.7199455853212024e-07	2.084674843218965e-06	0.0	0.0	0.0	0.0	0.0	0.0	0.0	0.0	0.0	0.0	0.0	0.0	0.0	0.0
2352.719567718377	3.073169203044017	5535289.364324948	9.4443689505382	3015.070278990502	-15.829825208078091	250.58336611830455	9090648.787251864	2725.520353604207	0.7337881442717844	0.538445040673829	7428461.197910801	2810.5710195688102	2034.2756702406527	1.057499	19.304684	0.0692099818613674	0.0391776968508135	-0.0570792079	-0.0299462135	-0.024000855	-0.0674508193	0.0023877328	-0.0679343336	-0.0321337351	0.0146183501	0.0002814168	0.0564270983	-0.0041126033	0.0587196463	-0.0623104951	0.0983696093	0.0231971657	-0.0237792909	0.0074581687	0.0772613416	-0.1368455827	-0.0028797456	-0.0756556384	-0.0223800545	0.1189592288	0.0956337472	-0.084220602	0.0485397102	-0.028453923	0.0567228515	0.0046857702	-0.0883785648	0.0715537059	-0.02750109	0.0646070106	-0.0867656849	0.0162520596	0.0072826197	-0.0662122054	-0.0294332282	0.0441344338	0.0660627051	-0.0343559398	-0.0827196071	-0.0145701091	0.0373603754	-0.1455258545	-0.0519211731	0.0375868005	-0.0339774045	-0.0293926065	-0.037274405	0.076993476	-0.0789672086	0.0300561904	0.0290308123	0.019371808	-0.0080650044	-0.1013330045	0.0773983958	0.0941119132	0.1316063742	0.0745526484	-0.0267713612	-0.1345207733	-0.0434412426	0.2030952044	-0.0276909188	0.0072637645	0.1639290832	0.0587364036	0.0999620903	0.0841835744	0.0597044597	0.0290547284	-0.0069297416935114	3.4619953098100065e-05	1.1985411525146483e-09	4.802131993879024e-05	-0.0160904323201407	-0.0214525687203206	0.000258902012249	0.0004602127047	-0.0285580332056056	-0.0001137285644786	1.293418637838511e-08	0.0008155612605724	0.0014632256555688	-0.000454031591542	2.061446861182523e-07	2.1410293191147447e-06	0.0004372457465555	8.462929610069997e-05	1.9118384288087653e-07	7.162117758499951e-09	-0.0010303199060177	0.0004135204048266	1.7099912520795526e-07	1.061559108736322e-06	0.0	0.0	0.0	0.0	0.0	0.0	0.0	0.0	0.0	0.0	0.0	0.0	0.0	0.0
2353.088974156106	0.369406437728685	5537027.720295035	0.1364611162353968	3034.8844393063214	19.81416031581921	392.60094902098473	9210523.559943644	2724.924414980728	-0.5959386234785597	0.3551428429535206	7425213.067358063	2799.724813608023	2047.03580833689	1.2054	22.004633	0.1474215870852553	0.074010737980427	-0.0674871189	0.0390400725	-0.0972347349	-0.0899818003	0.0030835719	0.0848566512	0.0089169153	-0.1186273819	-0.0324095968	0.0501214466	-0.0653393432	0.0210738587	-0.0381983419	0.0735476543	-0.0124863048	0.0489779299	0.0058380337	0.0205968459	0.008422959	0.1148429802	-0.0681870943	-0.0369209105	-0.0107138922	0.0941940537	0.0470137798	-0.0464609661	0.0381392958	-0.02378879	0.0572784786	0.0237363942	0.0305232058	0.0772498843	0.0590582572	-0.0193776584	0.0291215357	0.0277742951	0.0473608994	-0.0168089003	-0.0567986771	0.0768206646	0.024627103	0.0297490849	0.1104626546	0.0132389943	-0.0360684317	-0.0578602509	0.0342490805	-0.0334607918	-0.0135301987	0.0729284277	0.0202895071	-0.0752122012	0.0607519138	0.085075374	0.0932753086	0.068064843	-0.0392528656	-0.0651623297	0.0211468498	0.0662398616	0.0787472474	-0.0376908178	-0.0895274353	-0.0591656974	0.0498056585	0.1189699606	0.0136052431	0.0143552841	-0.0290611461	0.0993631376	0.0819183771	0.0550761846	0.0219158165	-0.0230256904766861	-0.0160959487831746	0.0002590795672305	0.0005301824219281	-0.0139735621755221	0.0021168701446186	0.0001952604398731	4.481139209177572e-06	-0.0781933927760718	-0.0496353595704662	0.0024636689196894	0.006114206673833	0.0017330018181103	0.0002697761625415	7.277917787561783e-08	3.003295301573605e-06	-1.265092968161241e-07	-0.0004373722558523	1.600460218091019e-14	1.9129449018934386e-07	-0.0001460001526716	0.000884319753346	7.820214261581068e-07	2.1316044580130508e-08	0.0	0.0	0.0	0.0	0.0	0.0	0.0	0.0	0.0	0.0	0.0	0.0	0.0	0.0
2354.940892853609	1.851918697503152	5545746.608834153	3.4296028621617696	3065.952130087061	31.067690780739667	965.2014104476564	9400062.463985387	2721.771133287818	-3.153281692910241	9.943185434842874	7408038.101998853	2796.883379813952	2040.2413556199688	1.168474	21.330547	0.169288252068109	0.0992327582383088	-0.0260902401	0.1158540829	0.026845815	0.0014138594	-0.0499660828	0.1836381393	-0.0063136402	-0.1073696959	-0.1097679348	-0.0255452918	-0.0030695611	-0.018724699	-0.0312302158	0.0431115734	0.0173124856	-0.0451846941	0.1746404527	-0.0449448109	-0.0667553435	0.0141349146	0.0315876644	0.0921465433	-0.1389276764	-0.0072212056	-0.1783363385	-0.0059708263	0.0498484737	0.1651332513	0.047717698	0.0373189048	-0.0360940014	0.0410386581	-0.0425723488	0.0402050007	-0.0121162892	0.070424185	0.0372432201	0.0398131523	-0.1319165078	0.139595548	-0.1438065833	0.0206623433	-0.0289568234	0.0617435686	0.0065518022	-0.0131397096	0.0140958617	-0.0317868179	-0.0041762147	0.023340406	-0.0391434328	0.0469562752	0.0929414833	0.0505124547	0.0046287182	0.0943238652	-0.0859343722	-0.046149862	0.0805351816	0.0849133033	-0.0317624115	-0.0685415411	0.0319543694	-0.0574629011	0.0596570283	-0.1562201184	0.0080570159	0.0589675709	0.0621417541	0.098733918	0.0795533748	0.0502969496	0.0146701329	-0.0072641710073213	0.0157615194693648	0.0002484254959831	5.276818042360734e-05	0.006332587539731	0.0203061497152531	4.010166494835632e-05	0.0004123397162582	-0.0081235207097947	0.0700698720662771	0.0049097869713844	6.59915887224634e-05	0.0006660002461384	-0.0010670015719719	1.1384923545905058e-06	4.4355632785640934e-07	-1.1388610543505709e-07	1.2623191381067018e-08	1.2970045011164941e-14	1.5934496064304466e-16	-0.0003420001738526	-0.0001960000211809	3.8416008302952445e-08	1.1696411891520861e-07	0.0	0.0	0.0	0.0	0.0	0.0	0.0	0.0	0.0	0.0	0.0	0.0	0.0	0.0
2363.2487438897942	8.307851036185184	5584944.62549669	69.02038883944324	3049.5374085669423	-16.414721520118746	269.4430825830495	9299678.406249182	2720.617675511183	-1.1534577766351504	1.3304648424801044	7401760.536303871	2808.646470759465	2071.234960796174	1.429491	26.095423	0.1852786529153639	0.0948254648914917	-0.0035143418	0.0055601147	0.1302577043	0.0596300469	-0.1808629065	0.0264815096	0.0486991451	0.1395831899	0.0131076119	-0.0106073559	0.105947901	0.0021431292	0.1786965161	-0.0515375714	0.0552510631	0.1925241027	-0.0172871074	-0.0684184725	-0.2862799575	0.0750035355	0.106881024	-0.0900021966	0.0964975147	0.1285212849	-0.1277963339	-0.1292803078	0.0895505971	0.0514736699	-0.0840677892	-0.0787022859	0.0291417192	-0.177751593	-0.1210677313	-0.008353215	-0.0593120561	-0.0758705983	0.1972942375	-0.1166320491	-0.0513316567	0.0221288274	-0.0309967494	-0.032729795	0.1978539132	-0.0809037969	-0.13910177	-0.0054226631	0.038348264	-0.0604370512	-0.0781554844	-0.0214665776	-0.0702459998	0.0483180868	-0.0766048211	0.0728919672	0.0622932381	0.013429303	-0.0570700381	0.1024655454	0.0799499215	0.0556713421	0.2043923708	-0.0846395757	0.125020007	0.0305612485	-0.0094287438	0.2507552629	-0.1913758734	0.1127080291	-0.0247708192	0.098074623	0.0770914491	0.0453798541	0.007352978	-0.0070707350574394	0.0001934359498818	3.741746670671266e-08	4.999529425250256e-05	-0.0112394761184049	-0.0175720636581359	0.0001263258234161	0.0003087774212055	-0.0267717939695941	-0.0186482732597994	0.0003477580955721	0.0007167289523503	-0.0008230884878184	-0.0014890887339567	2.217385257597065e-06	6.774746587791804e-07	0.0008009241764654	0.0008010380625708	6.414795364467792e-07	6.41661977687237e-07	-0.0010291709782759	-0.0006871708044233	4.722037144517653e-07	1.059192902525373e-06	0.0	0.0	0.0	0.0	0.0	0.0	0.0	0.0	0.0	0.0	0.0	0.0	0.0	0.0
2363.638021187255	0.3892772974609215	5586784.695202003	0.1515368143184788	3068.7368367513022	19.19942818435993	368.61804260639445	9417145.773234388	2727.652745879857	7.035070368674042	49.49221509219552	7440089.502105923	2800.837793438251	2067.935492486581	1.478453	26.989229	0.1674264102168872	0.0845309634473589	-0.0159485075	-0.0139395174	-0.0544593997	0.0758600805	-0.0030937482	0.0959368697	-0.1584583321	0.0211363772	-0.1062032663	0.0176435901	0.0429715685	-0.1024286003	-0.0463508212	0.0872193577	-0.0632344175	-0.0418043784	-0.0088827153	-0.1269647218	-0.0601552788	-0.0307267298	-0.2115339811	0.0183004374	-0.0782017235	-0.1912396744	-0.067750068	0.0137058038	0.0096690125	-0.0295046735	-0.0085063062	-0.0305235425	-0.0228571873	0.0414380656	-0.0651718829	-0.1137368799	-0.0958298703	0.0522058087	-0.0219632142	0.0656738945	-0.1191637009	0.1048796689	0.0839242601	-0.0757178141	-0.0505501853	0.0779857901	0.1138739295	-0.0060400583	0.0043853589	-0.0407975587	0.0034841985	0.0144076293	0.0393795916	-0.0305070852	0.0024168402	0.015625182	0.0238968044	0.1116080779	-0.0448865965	0.00409958	0.122432652	0.0368668631	0.0813905036	-0.0419600113	-0.0318266855	-0.0028244136	-0.0673808479	-0.1327765165	0.0238300989	-0.1005505164	0.0290723365	0.0973854535	0.0745355992	0.0403383756	0.0	-0.0071051041385459	-3.436908110649936e-05	1.1812337361051311e-09	5.048250481958208e-05	0.0242718324427642	0.0355113085611691	0.0005891218501296	0.0012610530357265	-0.0089082725039375	0.0178635214656566	0.0003191053991539	7.935731900440889e-05	0.0005020847706039	0.0013251732584222	1.7560841648375756e-06	2.520891168723709e-07	0.0002878521558618	-0.0005130720206036	8.285886363428599e-08	2.63242898326261e-07	-0.0005870720351227	0.0004420989431532	1.9545147553717638e-07	3.446535744231087e-07	0.0	0.0	0.0	0.0	0.0	0.0	0.0	0.0	0.0	0.0	0.0	0.0	0.0	0.0
2367.705922507565	4.067901320309829	5606031.3354774	16.547821151778454	3061.189306321487	-7.547530429815197	56.96521558898637	9370879.969137028	2733.4297504256256	5.777004545768705	33.37378152183228	7471638.200511898	2818.7862919734075	2069.01704687182	1.251605	22.848099	0.1809138432397996	0.1030009741201328	-0.0323238404	0.1189168535	0.0158747513	-0.0905028019	-0.1960592196	0.0560272005	-0.0572633004	0.1577898333	-0.0406357292	0.0901143078	0.1524348544	-0.0223541024	-0.0223583972	-0.0870398388	-0.0174088127	0.0542624547	0.0111164485	0.0732846726	-0.2612676757	-0.0183634376	-0.0308374851	0.0067682516	-0.0941724367	-0.1166176966	0.1025760666	-0.0604004728	-0.0248636588	-0.0051222876	0.0773481571	-0.0402160964	0.1088250379	-0.1006255849	-0.0598031796	0.0903520539	-0.1203891567	0.0761813791	0.0457911333	-0.0118602078	0.050502018	0.0973392692	-0.0742640095	-0.1146819881	0.1606934167	-0.0010638654	-0.0184373098	-0.020439733	0.0623939559	-0.0098986931	-0.0523178427	0.0406126809	-0.1293324798	0.0500610357	0.002695687	-0.0419861685	0.1280017918	0.1450615072	-0.0891266776	0.0323647889	0.1934385088	0.0279030835	0.0208348474	-0.0832915181	-0.0801852797	0.0022756542	-0.0257946808	0.0379218865	-0.0327604608	-0.0362318646	0.097984285	0.0966666195	0.0718889393	0.0351863325	-0.007352978	-0.0267363369189865	-0.0196312327804406	0.0003853853004798	0.0007148317118455	-0.0093851569734226	-0.0336569894161868	8.808117141578285e-05	0.0011327929365613	-0.1005902517184225	-0.091681979214485	0.0084055853126852	0.0101183987407756	0.0005970062527816	9.492148217769998e-05	9.010087778811415e-09	3.564164658603277e-07	7.994895805185642e-05	-0.0002079031978099	6.3918358935774985e-09	4.322373965960052e-08	-0.0001710238785366	0.0004160481565861	1.73096068598692e-07	2.9249167029701703e-08	0.0	0.0	0.0	0.0	0.0	0.0	0.0	0.0	0.0	0.0	0.0	0.0	0.0	0.0
2360.533597704345	-7.172324803219908	5572118.865891019	51.44224308288349	3027.005509120966	-34.183797200520985	1168.5319910463463	9162762.352248678	2720.3736988168903	-13.056051608735288	170.4604836099593	7400433.061214689	2803.298735476763	2083.156071139831	1.136443	20.745813	0.1350744859078562	0.0748602682630967	-0.0117627701	0.0088065683	0.0714709664	-0.0012172362	-0.0421776825	-0.0446446842	0.00610926	-0.0293391758	0.0060127933	-0.0004500768	0.0238757899	0.1130755349	0.0336821554	-0.0734374269	0.036567499	0.0635451611	0.0097896816	-0.1295035155	-0.0904320847	0.0456045002	0.1044100093	-0.0224254845	0.0770424401	0.004900472	0.1594783669	-0.0021911265	-0.2153957816	-0.0551983654	-0.0607738696	-0.0102278441	0.0282386752	-0.0675743808	0.0003515272	0.0592961339	0.0773613241	-0.0237354524	0.0112897043	-0.0490411582	-0.1156880746	-0.0869459576	-0.0130215391	-0.0177297033	0.0715567785	0.0409715365	0.0288375836	-0.0044600182	0.0493671103	0.0044890624	-0.0314637829	0.0335813977	-0.1026150825	0.0178054846	-0.1374915617	-0.0379687425	0.1862521159	0.0880275919	-0.0297434588	-0.1341302154	0.122805732	-0.0766409119	0.0625995984	0.0293319216	0.1065062506	0.0002437114	-0.0756385259	0.0608389636	-0.0741907319	-0.1324348464	0.0116090949	0.09591834	0.0691546937	0.029937846	-0.0146701329	-0.007210325584424	0.0195260113345625	0.0003812651186374	5.1988795033399294e-05	-0.0094510609469153	-6.590397349270048e-05	8.932255302230754e-05	4.343333722126568e-09	-0.0971912567793893	0.0033989949390331	1.1553166595573218e-05	0.0094461403943571	0.0001623014687608	-0.0004347047840207	1.8896824925057032e-07	2.6341766761912945e-08	-0.0007359338363834	-0.0008158827944352	5.415986115339889e-07	6.656647342554828e-07	0.0008200600562227	0.0009910839347593	9.822473657379765e-07	6.724984958119778e-07	0.0	0.0	0.0	0.0	0.0	0.0	0.0	0.0	0.0	0.0	0.0	0.0	0.0	0.0
2357.464837862441	-3.0687598419040114	5557640.461757786	9.417286967282733	3043.293492934283	16.28798381331717	265.2984167028821	9261635.28413615	2721.50529844571	1.131599628819913	1.280517719945365	7406591.089468074	2799.045227833283	2060.420281240461	1.169329	21.346153	0.1804703135779349	0.1085049279268935	-0.00111643	-0.07267063	-0.0148799182	-0.0021811378	0.0719698842	-0.0393556685	-0.1129691326	0.0245865242	-0.0563255305	-0.0139457076	0.0245836837	0.0286613662	-0.0167741598	0.0394760429	0.0906071504	-0.0459307521	-0.0082804017	0.0495617564	-0.1211048242	0.0197547108	-0.0375531083	-0.0457895215	0.0423125825	-0.1224762774	-0.1217933612	-0.1053447866	-0.0415522925	-0.0596448024	-0.0188947518	0.0541303002	-0.0221965883	0.0071052888	0.0328574369	-0.0320935051	-0.0036100253	-0.0192789391	-0.1465868231	-0.0941670304	0.0532764502	-0.0105736806	-0.0452833797	-0.1052305518	-4.57721e-05	0.007565562	-0.0054143833	0.004314811	0.0076083341	-0.0139731839	0.0536228893	-0.0107689636	0.0412069394	-0.0282060891	-0.0442032068	-0.0809722148	0.1058143862	0.0343447747	-0.0526821509	0.0274308744	0.1461047652	-0.0812192968	-0.1146319474	-0.0691315736	-0.0061581254	0.0285383503	0.0533943543	-0.0306742015	-0.0655072829	-0.0363573305	0.048667144	0.0951408427	0.0663361938	0.024607302	-0.0219158165	-0.00738323134766	-0.000172905763236	2.989640296022388e-08	5.4512105133069306e-05	0.044993596927938	0.0544446578748533	0.0020244237645137	0.0029642207711098	-0.0052359076216887	0.0919553491577006	0.0084557862387146	2.741472862285782e-05	0.0004271321396145	0.0002648306708537	7.01352842248208e-08	1.8244186469166076e-07	-0.000322825082661	0.0004131087537223	1.042160339950815e-07	1.706588424020745e-07	0.0008200686472895	8.591066800013938e-09	7.380642876230173e-17	6.725125862672303e-07	0.0	0.0	0.0	0.0	0.0	0.0	0.0	0.0	0.0	0.0	0.0	0.0	0.0	0.0
2359.5259061987954	2.0610683363543103	5567362.502023246	4.248002687122324	3060.586103451797	17.292610517513822	299.03437851042963	9367187.296642257	2720.019667093733	-1.4856313519771902	2.207100513977574	7398506.989376702	2789.6468685834834	2096.5136577444723	1.174178	21.434673	0.1766413359887514	0.1126772045056206	0.038727357	-0.0012540255	-0.1104263168	-0.0306798573	0.0703911639	0.1477274482	-0.063749467	-0.0107663214	0.0724566728	-0.0364967419	-0.0442824733	-0.0017045646	0.0139252727	0.0397019209	-0.0683672639	-0.0170004671	-0.0142278043	-0.0387187421	0.0209210706	0.2069039888	-0.0231031804	-0.0735862061	-0.1096095743	-0.0980021832	-0.0209450591	0.0833777591	0.0486961908	0.0230203749	0.0876476283	0.0773909098	-0.0702808285	0.0980841996	0.0628248922	-0.0041565375	-0.007064069	-0.0367246538	0.0361400828	0.049855313	-0.0699065204	-0.0043703861	0.0988893175	-0.0004266542	0.0991364716	0.0411758787	-0.0465073957	0.0402839295	-0.0318070346	-0.0127271607	0.0235936881	0.0414143922	0.0261725048	-0.0489399456	0.0884464932	-0.0149032137	0.0072194052	0.039667371	0.0460358729	-0.1081295778	0.1038604456	-0.1267135223	0.0364185337	0.0831988386	0.0662259439	0.007055641	0.0445063317	0.0432423225	-0.007852936	-0.0500033011	0.0624722974	0.0943343646	0.0634368734	0.019209311	-0.0290547284	-0.0029637801319921	0.0044194512156679	1.953154904766848e-05	8.78399267079111e-06	0.0594540594628085	0.0144604625348705	0.0035347851866071	0.0002091049767223	0.0811195327834894	0.0863554404051781	0.0074572620875722	0.0065803785990116	-0.0006922421677191	-0.0011193743073336	1.2529988399185768e-06	4.791992187684386e-07	-0.0006307841038153	-0.0003079590211543	3.978885856260712e-07	9.48387587103146e-08	0.0008192823391167	-7.863081728000116e-07	6.182805426120929e-13	6.712235511885313e-07	0.0	0.0	0.0	0.0	0.0	0.0	0.0	0.0	0.0	0.0	0.0	0.0	0.0	0.0
2361.010718786928	1.4848125881326268	5574371.614226767	2.204668421877109	3034.670692593444	-25.91541085835297	671.6085199572391	9209226.212485574	2713.0413167497754	-6.9783503439575725	48.69737352301277	7360593.1863913555	2787.247455772987	2108.4840325494924	0.992476	18.117701	0.1193828278737507	0.062028699721297	0.071473907	0.0697601712	-0.0763401295	-0.025615039	0.0886247085	0.0989116734	0.0413880123	0.0053095673	-0.0506099686	-0.1076650972	-0.0649376819	0.0560472232	-0.0035847213	0.0548782179	-0.0742006893	-0.1161861322	0.0962501892	0.0128858034	-0.0971935583	-0.0286659187	0.0281732995	0.2236583521	-0.0442000489	0.0062056334	-0.0422194495	-0.1273966572	-0.0432121002	0.054405175	0.0192039585	0.1136995116	-0.0947688355	0.0277126727	0.0734024197	0.0449725974	0.0675352512	-0.0108100548	0.062522368	0.0997479546	-0.0072711801	0.0757641395	-0.1937606655	0.0480164994	-0.118060209	0.0767332419	-0.0030378524	0.0681141543	-0.0301746698	0.0244595467	-0.057294049	0.0516956669	-0.0844260038	-0.026833394	0.0735311218	-0.0406385413	-0.0463140426	-0.0069268617	0.0363048784	-0.1099150326	0.0499198625	-0.1288793366	-0.0845081813	-0.0390505839	0.0993697103	0.0382289635	0.0572639133	-0.0441080168	-0.177261409	-0.067215863	0.0651927374	0.0934991514	0.060460265	0.0137586687	-0.0360520886	-0.0224579971661285	-0.0194942170341364	0.000380024497774	0.0005043616367138	0.0637789955013516	0.0043249360385431	0.0040677602671614	1.870507173748889e-05	0.1124290915736807	0.0313095587901912	0.0009802884716364	0.012640300632083	-0.0015012606591802	-0.000809018491461	6.545109195259937e-07	2.2537835668021684e-06	-0.0008529257092824	-0.000222141605467	7.274822655548851e-07	4.93468928795007e-08	0.0005653601158273	-0.0002539222232893	6.447649548023189e-08	3.196320605682581e-07	0.0	0.0	0.0	0.0	0.0	0.0	0.0	0.0	0.0	0.0	0.0	0.0	0.0	0.0
2357.349236923083	-3.6614818638449833	5557095.4248218415	13.406449439265732	3026.687903709661	-7.982788883783087	63.724918363050826	9160839.666462382	2714.7944001054343	1.7530833556588732	3.073301251888175	7370108.634843825	2794.36358986879	2085.8123774438795	1.163661	21.242689	0.0842113491781611	0.039012521317328	0.0752294679	0.030647124	0.0941487823	0.0142559687	-0.0005028393	0.0021246303	0.0831325608	0.0264917555	0.0745843505	-0.1003577151	-0.0443263409	0.0553188902	0.0021194341	-0.1547967164	0.021328187	-0.0254238783	-0.0209193715	-0.0365725028	-0.0215446682	0.1200101786	-0.2420617878	0.1559837051	0.1071956748	0.0666447311	0.0294172643	-0.0062964622	0.1256414429	0.0969368324	-0.0692169757	0.0514356392	-0.070180876	-0.0435005167	-0.0461928322	0.0429128672	0.1142128213	0.0422614961	0.0531462627	0.0614353947	0.0071388983	0.0275491774	0.1515950124	0.08542335	-0.116374666	0.164778682	-0.1611275397	0.0683230338	-0.0529160949	0.0437736317	-0.0301084636	0.0167660801	-0.1407633929	0.0604901794	-0.0459606672	-0.0574910988	-0.0241232104	-0.0378359282	0.0688739988	-0.0357491926	0.0255852148	-0.1711659069	-0.0689921708	0.1036005013	-0.0115051419	0.1121891188	0.2310645287	0.0654888693	-0.0735624562	-0.1446944967	0.013805184	0.0926354574	0.0574099951	0.0082703149	-0.0428738067	-0.0350980095752362	-0.0126400124091076	0.0001597699137023	0.0012318702761433	0.0885041381863658	0.0247251426850141	0.0078329824761113	0.0006113326807943	0.1303714644826499	0.0179423729089692	0.0003219287456045	0.0169967187513508	-0.0018261526586777	-0.0003248919994975	1.0555481133748361e-07	3.3348335327956324e-06	-0.0008532485126202	-3.2280333780001016e-07	7.280330242885836e-07	1.0420199489482749e-13	0.0008182217364934	0.000252861620666	6.393899920588664e-08	6.694868100702748e-07	0.0	0.0	0.0	0.0	0.0	0.0	0.0	0.0	0.0	0.0	0.0	0.0	0.0	0.0
2353.255548694377	-4.093688228706014	5537811.6774608735	16.758283313846185	3040.801109962214	14.113206252553027	199.18259072710185	9246471.390347432	2714.874363181865	0.0799630764308858	0.0063940935922916	7370542.807862138	2794.880318509616	2051.0705412383018	1.314325	23.993059	0.0997897632131696	0.0646109803537272	0.0253774314	-0.0982554671	0.0399891291	0.1088318509	0.0550151203	-0.0343491869	0.0057673762	0.0238960053	-0.0681971794	-0.0866484414	-0.0818332705	0.0091872852	0.0104124719	-0.0326025293	0.0682550192	-0.0895363511	0.0309866171	-0.0363520634	0.0497197342	0.0474118335	0.0633140751	0.0199867228	-0.073264329	-0.0752618877	0.0738673212	0.0401699966	-0.0494314695	-0.0567228473	0.0360135511	-0.1278833066	-0.0742193333	-0.0019220657	-0.0540771375	-0.0037715445	0.1184063273	0.0066859469	-0.0895303395	0.0449890884	-0.0332021746	-0.0304006647	-0.0485510756	0.0483418934	-0.029946621	0.1013742529	0.0995024207	0.0325374084	-0.049274473	0.0021431476	0.129368066	-0.0804456033	0.0772964169	0.0773486655	-0.0186351496	-0.0744784394	0.0248114977	-0.0298236065	0.0371757586	-0.1655629966	0.0507400193	-0.1257416563	-0.0992696973	-0.0539238361	0.0564708751	0.0605732419	0.0910380663	-0.0432518369	-0.0013856086	0.0094655041	-0.0962743497	0.0917435458	0.0542897799	0.0027592926	-0.0494866478	-0.0375397703176076	-0.0024417607423714	5.9621955229861385e-06	0.0014092343554987	0.0957725167632901	0.0072683785769243	0.0091723749671746	5.28293271374922e-05	0.111543456092356	-0.0188280083902939	0.0003544938999449	0.0124419425970273	-0.0007460100124118	0.0010801426462659	1.1667081362823011e-06	5.565309386186539e-07	-0.0011973061627403	-0.00034405765012	1.4335420473359016e-06	1.183756666061651e-07	0.000819053750179	8.320136856000519e-07	6.922467730257822e-13	6.708490456822838e-07	0.0	0.0	0.0	0.0	0.0	0.0	0.0	0.0	0.0	0.0	0.0	0.0	0.0	0.0
2358.3118647172973	5.056316022920328	5561634.851266376	25.56633172364084	3031.914297066483	-8.886812895731055	78.97544344373178	9192504.304756146	2717.5844713059146	2.710108124049384	7.344686044038472	7385265.358683047	2799.7934837928187	2092.6980037882427	1.249819	22.815504	0.2933648801440494	0.1412235573049758	0.0021551934	-0.0456007001	-0.10461753	-0.083396367	0.0131557286	-0.0306894345	-0.0556495703	0.064003629	-0.0675107303	-0.0304330947	-0.0828305114	0.0663975446	-0.0844344035	0.0342180953	0.0280377176	0.0249448181	-0.0805975557	0.0213701589	0.0390805387	0.0079249995	-0.0442440001	-0.0458953412	0.0318244456	-0.0401963125	0.096556009	0.1724422389	0.0354784406	0.0169836509	-0.1256328698	0.0344343436	-0.0014191793	-0.0137691302	0.0730031557	-0.0793141466	0.1110040801	0.0626444283	-0.0120367926	0.0123639547	0.0455042789	0.0214465923	0.0689119607	0.0330597371	0.003936342	0.0644265368	-0.0981704574	0.0041386018	0.0087930488	-0.0453402261	0.0200356772	0.0333693388	0.0701153937	-0.0624549612	0.007761813	0.0310273841	0.1532788189	0.0080351421	-0.0151787264	0.022155247	0.1536790703	-0.0307865007	-0.0803064347	0.1209280634	0.0175845006	0.1066663939	0.0197648276	0.0360255494	0.0537566023	0.1698338977	-0.2400510549	0.0908236882	0.0511034211	-0.0027592926	-0.055858395	0.016647473821564	0.0541872441391716	0.0029362574273981	0.0002771383846396	0.0423834321975249	-0.0533890845657652	0.0017963553248421	0.0028503943507704	0.0073590851017684	-0.1041843709905876	0.0108543831587043	5.415613353506962e-05	-0.0004418730813867	0.000304136931025	9.24992728133664e-08	1.9525182005417722e-07	-0.0002172579052328	0.0009800482575075	4.720099738614432e-08	9.60494587043487e-07	0.0011669521706169	0.0003478984204378	1.2103331094318578e-07	1.3617773685074944e-06	0.0	0.0	0.0	0.0	0.0	0.0	0.0	0.0	0.0	0.0	0.0	0.0	0.0	0.0
2361.449802821356	3.137938104058776	5576445.171245022	9.846655544903983	3031.473158094618	-0.4411389718648024	0.1946035924979349	9189829.508248158	2721.5607761619367	3.976304856022125	15.811000308025132	7406893.058343164	2796.8176947177985	2100.7036690111618	1.283106	23.423155	0.1307379672941026	0.0701758635361028	0.0288687563	0.0978611388	-0.0680731929	-0.0581967846	0.0831262065	0.0465569269	0.0413475035	-0.0126840994	0.024460261	-0.0037624608	0.0074777411	0.0257727146	-0.0588302017	0.0740195083	-0.106472879	0.0653622464	0.0890321126	-0.0940024606	-0.0151621783	-0.0210167591	0.1369714775	0.0090119962	0.0210713741	0.0215070707	0.022539411	-0.0314047798	-0.0680045011	0.0526445856	0.0193121319	0.0761002286	-0.0094319233	0.0409439999	0.1053396815	0.0232032757	-0.0287550024	0.0142515194	0.1020838198	-0.01260268	-0.0757950553	-0.0810985719	-0.0873129535	0.0463932278	-0.0051644392	-0.0472538337	0.0199540831	0.0241816587	0.0225478094	-0.03729884	-0.0636623871	0.0875587606	-0.0482322096	-0.069324837	0.0718765594	0.0639463354	0.0308996433	0.0869092642	-0.0435272661	-0.0735542587	0.1009494566	-0.0029255889	0.0080485785	-0.0760743235	0.1603654526	0.0036752622	-0.0344757295	0.0401909908	0.0281095902	-0.0047930698	-0.1230205709	0.0898761648	0.0478548005	-0.0082703149	-0.0619580057	-0.0127391937855634	-0.0293866676071274	0.0008635762330517	0.0001622870583061	0.0397378621986206	-0.0026455699989043	0.0015790976921165	6.999040619102497e-06	0.0108588809994643	0.0034997958976959	1.2248571325529058e-05	0.0001179152965605	-0.0011030204741794	-0.0006611473927927	4.371158749965848e-07	1.2166541664589486e-06	0.0001458417239923	0.0003630996292251	2.1269808457046213e-08	1.318413407434051e-07	0.0002870805168272	-0.0008798716537896	7.741741271426214e-07	8.241522314177227e-08	0.0	0.0	0.0	0.0	0.0	0.0	0.0	0.0	0.0	0.0	0.0	0.0	0.0	0.0
2354.184047338209	-7.265755483147132	5542182.528741711	52.79120274088261	3011.8403878804124	-19.63277021420572	385.44566628380335	9071182.522067633	2719.14136066268	-2.419415499256502	5.853571358042588	7393729.7392664915	2798.5243079552283	2082.7944749978446	1.131869	20.662323	0.1268470043396033	0.0666711575567454	0.035332744	0.0549817681	0.0773086035	-0.0524877273	-0.0351176542	-0.0376815677	0.1001524073	0.0737455348	0.0754599159	-0.0341233323	0.0532034474	0.0556437284	0.05377152	-0.0713986723	-0.0449784048	0.0091771288	0.0317796007	0.0810828146	-0.0600490555	-0.002271821	-0.0460528634	-0.0696056256	0.1038019703	0.0808235924	0.0791784548	-0.1845056486	-0.1122310297	0.0218838762	0.0339184008	0.0352314822	-0.0136680298	-0.0813282612	-0.0010069284	0.0828011418	0.0140513064	-0.025843689	0.0410796297	-0.060196408	0.0784600485	-0.0306445504	0.0543944601	-0.0948472009	-0.0371466895	0.0016539634	-0.0521517672	0.0409315764	0.0085063577	-0.0059443915	-0.023685449	0.0325560249	-0.1021356363	0.057636255	-0.0265435877	-0.0129812147	0.0532861522	0.017925722	-0.0096335465	0.043490025	0.0705353257	-0.0041987942	-0.0284140242	0.0269539816	0.0793374856	0.1504907314	0.0731748515	0.0567244588	-0.073601432	0.1230471179	-0.0696740349	0.0889012643	0.0445478763	-0.0137586687	-0.0677557633	-0.0288523886360536	-0.0161131948504901	0.0002596350482898	0.0008324603300058	0.0681001819751685	0.0283623197765479	0.004637634785051	0.0008044211831071	0.0572023239146091	0.0463434429151448	0.0021477147012292	0.0032721058612318	-0.0016580064689563	-0.0005549859947769	3.080094543985053e-07	2.7489854511009385e-06	4.131258678619077e-05	-0.0001045291372061	1.7067298269665443e-09	1.0926340525053607e-08	0.0002260347128618	-6.10458039654e-05	3.726590181782046e-09	5.109169141851638e-08	0.0	0.0	0.0	0.0	0.0	0.0	0.0	0.0	0.0	0.0	0.0	0.0	0.0	0.0
2352.157008127011	-2.0270392111979163	5532642.590881012	4.108887963733871	3014.202052696078	2.3616648156657902	5.577460701553731	9085414.014477251	2716.825382198908	-2.3159784637723533	5.36375624465735	7381140.157360242	2796.0664209610377	2075.4346173254694	1.080228	19.719608	0.0865548127092372	0.0465921414833459	0.0052775134	-0.0593225345	0.0590321398	0.0765691416	0.0557748547	-0.1128226186	0.0789275725	-0.0288698698	0.0225774818	-0.0469733737	0.0052890494	0.0100990702	0.0438841421	-0.0150551467	0.0627816276	0.0495125428	-0.0412975911	-0.114106375	0.0430511452	-0.016919372	0.1336052965	-0.0103625597	-0.0026128934	0.1015693662	-0.0198099447	-0.0634836493	-0.0024147605	0.0461228684	-0.0197353686	0.0162515966	-0.0383621228	-0.0417053468	-0.0220325907	0.0212193677	0.0538227022	-0.048619459	-0.0405989903	-0.0516381463	-0.0475494412	-0.162823617	-0.0439925585	0.0405658535	0.0563592735	-0.0385025543	0.0639549196	0.0248471746	-0.0047105733	-0.0085560846	0.0413972745	-0.008186259	-0.0162195114	0.0212359111	-0.099300967	-0.0129754276	0.0844465325	-0.0167369993	-0.019908619	-0.0964270413	0.0237468284	-0.0590711903	0.0129485013	-0.0244153293	0.1800005922	-0.0147205204	0.0612737523	0.0766648804	-0.0395530441	-0.0336086288	-0.0521896616	0.0878992835	0.0411866773	-0.019209311	-0.0732234215	-0.0286852366871102	0.0001671519489433	2.793977403557596e-08	0.0008228428037955	0.0868934515289652	0.0187932695537967	0.0075504719186166	0.0003531869805216	0.0571369452033465	-6.537871126260225e-05	4.274375886358714e-09	0.0032646305071702	-0.001008932042123	0.0006490744268333	4.2129761156897713e-07	1.0179438656224869e-06	-0.000217337509307	-0.0002586500960931	4.723559295177032e-08	6.689987220901682e-08	0.00066889043984	0.0004428557269782	1.9612119491739002e-07	4.474144205093487e-07	0.0	0.0	0.0	0.0	0.0	0.0	0.0	0.0	0.0	0.0	0.0	0.0	0.0	0.0
2351.667296318621	-0.489711808389984	5530339.0725745335	0.2398176552765884	3027.174281301062	12.972228604983684	168.27871497995693	9163784.1293706	2715.8129512820624	-1.0124309168454602	1.025016361384539	7375639.986351386	2791.029670284956	2077.2220761896733	1.088596	19.872372	0.102780191310998	0.0524684118125719	0.0228468825	-0.0708809302	-0.0487122904	-0.0237985457	0.1194690097	-0.0596417701	-0.055315864	0.0379722647	0.0541209708	-0.0453562628	-0.0832367172	0.03611724	-0.0082007698	0.0670364461	0.0130025466	-0.0616732324	0.042540469	0.053231469	0.0153542319	-0.0513036946	-0.1359715433	-0.0908899488	0.2103813886	0.0343896181	0.0887326521	-0.0317265143	-0.0416373012	0.007694498	0.0248004216	-0.0234555593	-0.0643027369	0.0567321706	0.0643641633	-0.072282019	0.0388459851	-0.0385164895	-0.0705007724	-0.0347367753	0.0886895587	0.0417001703	0.0600956629	-0.1639249897	-0.106375736	-0.11771135	-0.0867485356	0.0227372208	-0.0125668781	-0.0291382854	0.027682386	-0.0037723863	0.0934558212	-0.0469129642	0.0142838455	-0.0048008723	0.0112690768	-0.0031648801	-0.0063221783	0.0424674541	0.0751931992	-0.0350034822	-0.0564572154	0.0361688457	0.0221311888	0.1231625109	0.0635384273	-0.062703729	-0.0683520305	0.1602084427	-0.0524309308	0.0868705278	0.0377752987	-0.024607302	-0.0783343427	-0.023665635491497	0.0050196011956132	2.519639616300148e-05	0.0005600623032164	0.05571441576474	-0.0311790357642252	0.0031040961240063	0.0009721322711868	0.0883051721901111	0.0311682269867645	0.0009714583734984	0.0077978034355251	-0.0012739760908855	-0.0002650440487625	7.02483477844186e-08	1.6230150801479e-06	-0.0002171440692122	1.934400948000155e-07	4.715154679403271e-08	3.7419070276238986e-14	0.0002258613814094	-0.0004430290584306	1.9627474661390402e-07	5.1013363612162465e-08	0.0	0.0	0.0	0.0	0.0	0.0	0.0	0.0	0.0	0.0	0.0	0.0	0.0	0.0
2356.0034697051883	4.336173386567225	5550752.349262886	18.80239963837388	3025.94618733724	-1.2280939638217203	1.5082147839753457	9156350.32866078	2717.09728382752	1.2843325454578007	1.6495100873221138	7382617.649782888	2792.185960192558	2103.614020141955	0.88358	16.129795	0.1879361347793453	0.0854100434556689	0.0592933705	-0.043590754	-0.0805804612	-0.0044902726	0.0981173459	0.0190808108	0.0110429485	0.0034151865	0.0618621065	-0.0585390358	0.0226184853	0.0133404134	-0.0056247185	0.0705665648	-0.0441687234	0.1061082118	-0.0342363399	-0.0300292907	0.050070643	0.0720217085	-0.075869303	-0.0128959005	0.0085756863	0.0169785833	-0.023751192	0.1049402541	-0.0390222595	0.0180226719	-0.059423094	0.0056397059	-0.0544137112	0.0033715127	0.0831493753	-0.0812872247	-0.0309964536	-0.0218622285	0.0506456973	-0.0341688126	-0.0049849112	-0.0264387349	0.1395511955	0.054594039	0.0164411825	0.0038157457	-0.0466855768	0.0493544499	-0.0225829991	-0.0072143018	-0.0698675362	0.0553846723	0.0370652803	-0.1174986184	0.0349534258	0.0864239985	0.0148953549	-0.0467185792	-0.0274234538	0.0836797567	0.0312134613	-0.0745976696	-0.0141634141	0.1737100524	0.1239653929	-0.0276787572	0.0611405214	0.0714780094	0.1158428392	0.139659431	0.0205427825	0.0858153105	0.0343178967	-0.029937846	-0.0830636267	0.0266970387808811	0.0503626742723781	0.0025363989598656	0.0007127318796678	0.083391221442568	0.027676805677828	0.0069540958136834	0.0007660055725282	0.1040721302075553	0.0157669580174442	0.0002485969651238	0.0108310082859383	-0.0021496191168855	-0.000875643026	7.667507089824368e-07	4.620862347679597e-06	0.0003527879633327	0.0005699320325448	1.244593470724345e-07	3.248225217207609e-07	0.0006628802590984	0.000437018877689	1.9098549945655316e-07	4.394102379023619e-07	0.0	0.0	0.0	0.0	0.0	0.0	0.0	0.0	0.0	0.0	0.0	0.0	0.0	0.0
2354.657587061857	-1.3458826433311517	5544412.352307968	1.8114000896200475	3019.0143261080475	-6.931861229192691	48.05070010078481	9114447.501245627	2713.8360420159534	-3.2612418115668333	10.63569815351172	7364906.062944815	2794.136504500952	2095.222198353835	1.08402	19.788841	0.0830824384901038	0.0413435894974612	0.0388537151	0.0492362234	-0.1007677978	-0.1271551819	0.0081741177	0.0288306654	0.0589194582	0.025983766	-0.0156029319	-0.0593484794	-0.0659296877	0.1201835195	-0.0684759583	0.0302323059	-0.0859648598	-0.038185326	0.0742095782	0.0094084184	0.0928437262	-0.1263841043	0.0449992054	0.0829044762	0.0038016168	-0.0472307187	-0.0789950609	0.0820938371	0.0621551795	0.0106071788	-0.0030842045	-0.0053314488	-0.0162264088	-0.0178807612	0.1186897871	0.0405865818	0.1021444482	0.0715171512	0.076013408	0.0548564364	0.0073012882	0.0561169113	-0.1166621065	0.0067466874	-0.1029391567	-0.0571064281	0.0763121083	0.0400429312	-0.0055805009	-0.0019564582	-0.008370892	0.0605563223	-0.0351168792	-0.0608110558	0.0991064457	0.0553112605	0.1181599231	-0.0278784328	0.0166764625	0.087505999	-0.0346974625	-0.1154530037	-0.0367427445	0.0897753938	0.1926249941	-0.1647406794	-0.0504513073	-0.1261127266	-0.0173975887	0.0661921665	-0.0629725709	0.0847339531	0.0308186837	-0.0351863325	-0.0873882332	0.0535003182768605	0.0268032794959794	0.0007184157917395	0.0028622840557253	0.0704511133657064	-0.0129401080768615	0.0049633593744676	0.0001674463970408	0.0901141845026174	-0.0139579457049378	0.0001948242483019	0.0081205662485717	-0.0017096646618723	0.0004399544550132	1.935599224859619e-07	2.9229532560549263e-06	0.0004849207645238	0.0001321328011911	2.3514814786634674e-07	1.7459077150606772e-08	0.0006784151071406	1.553484804220004e-05	2.4133150369424636e-10	4.602470575965918e-07	0.0	0.0	0.0	0.0	0.0	0.0	0.0	0.0	0.0	0.0	0.0	0.0	0.0	0.0
2350.6374217741195	-4.020165287737655	5525496.28864488	16.16172894073078	3023.8289276322507	4.814601524203226	23.180387836860028	9143541.383585608	2716.2952951076813	2.459253091727988	6.0479257691736645	7378260.130224125	2793.973025121444	2055.2900764918018	1.12454	20.528522	0.1120225025111895	0.0586864009823358	0.0309190976	0.0919042052	0.0668963362	-0.0346263115	-0.0347358448	0.0564965006	0.0979722791	-0.0534345795	-0.0621593369	-0.0574504712	-0.0491698097	0.0550932162	-0.0016857927	-0.0985755941	-0.0157193428	0.0382947826	-0.0031277831	0.1479727836	0.0343651172	-0.085227812	-0.0121130086	-0.0396501933	-0.0856198084	-0.0624558185	-0.0305778239	-0.0627013123	0.1272418337	0.0325102981	-0.068671326	0.0317888296	-0.0472243392	-0.0215531287	-0.0480239233	0.0717010698	0.0639278066	0.0247153761	0.0093169081	-0.0388624586	0.1107801681	0.1090451508	0.0436456569	0.0474560901	0.0185743028	-0.0859904845	0.0431226235	0.037948358	-0.0302438607	-0.0009190085	0.0533942826	-0.0065509208	-0.0535376799	0.1095720189	0.0859337118	0.0519467919	0.0783654885	-0.0315955898	-0.0414617959	0.1996418872	0.0041521985	-0.0874701293	-0.0708538696	0.072880755	0.0712223347	-0.0763910026	-0.0016859883	-0.0040963507	0.0901902503	0.0974615414	0.0568701315	0.0836267848	0.0272819228	-0.0403383756	-0.0912870929	0.0342394854961582	-0.0192608327807023	0.0003709796794061	0.0011723423670416	0.0924572731937161	0.0220061598280097	0.0085483473664174	0.0004842710703759	0.1361208302332599	0.0460066457306425	0.0021166114513848	0.0185288804233919	-0.0019051343511805	-0.0001954696893081	3.820839943824421e-08	3.6295368960479448e-06	0.0005710578806057	8.613711608190003e-05	3.26107103001874e-07	7.419602766906721e-09	0.000465044629094	-0.0002133704780466	4.5526960901834624e-08	2.1626650704917606e-07	0.0	0.0	0.0	0.0	0.0	0.0	0.0	0.0	0.0	0.0	0.0	0.0	0.0	0.0
2354.227558416232	3.5901366421126117	5542387.396806453	12.889081109039616	3055.3257218903186	31.496794258067894	992.0480485350588	9335015.266844597	2719.4471092561703	3.1518141484889384	9.933932426615051	7395392.580041741	2792.748245630509	2069.027247162528	1.068868	19.512224	0.0912445380960259	0.0460132952734025	0.0471427775	-0.0282268436	0.1537445618	0.1158229109	0.0055715331	0.0763517747	-0.0091576968	-0.0431272403	0.0566534531	-0.0381768664	-0.0219703083	-0.0884212627	0.0329666433	-0.0716005197	-0.0052608656	-0.0519345475	0.0260594555	-0.0820011644	0.1128579763	-0.1228069172	-0.0206195075	-0.0771181626	-0.0810743865	-0.1045550823	-0.0130972203	0.0902823295	0.0389671943	0.0877701989	0.1384449915	-0.0779010761	-0.069994416	0.0576842645	-0.1048670004	0.0027634522	-0.0059488689	-0.0152018511	-0.0187438294	0.0602163833	-0.0522874287	-0.0146049333	0.093069554	0.0013333399	-0.1289859885	-0.0377879232	0.0658584308	0.0482277662	-0.0587163652	-0.0032659549	0.0117007597	-0.0141353807	-0.0078868453	0.0924660555	-0.0330155701	0.1534779932	-0.0123164949	0.0057025258	-0.0358324211	0.0757264742	-0.0212404589	-0.0924526465	0.0003404734	0.2108634446	0.0880676216	0.0008645213	0.0025669807	-0.1423648994	0.0575884465	0.0607275454	-0.0212341754	0.082494143	0.0237119231	-0.0453798541	-0.0947412111	0.0237035608430034	-0.0105359246531547	0.0001110057082969	0.0005618587966379	0.1080586084992347	0.0156013353055185	0.0116766628707908	0.0002434016633152	0.1458129268947274	0.0096920966614675	9.393673769522952e-05	0.0212614096496071	-0.0026571153495003	-0.0007519809983198	5.654754218340432e-07	7.060261980550102e-06	0.0003676797038176	-0.0002033781767881	1.3518836459939805e-07	4.136268279365168e-08	0.0006179890835038	0.0001529444544098	2.3392006134711396e-08	3.819105073298667e-07	0.0	0.0	0.0	0.0	0.0	0.0	0.0	0.0	0.0	0.0	0.0	0.0	0.0	0.0
2359.0235401438754	4.795981727643266	5564992.062952942	23.001440731888085	3052.007113986545	-3.3186079037736818	11.01315841898915	9314747.42382448	2718.74932321194	-0.6977860442302699	0.4869053635225281	7391597.882465382	2799.944154397035	2089.7231578247247	1.125349	20.543301	0.1151300036027366	0.0628208976365655	0.0657393533	-0.0750586855	0.0515722631	0.1822579448	0.0097432185	0.0193801326	-0.0168238147	0.0498530162	-0.0690612638	-0.0448297674	0.0122850122	-0.1027699565	0.0344688688	0.0120748825	0.0547209353	-0.0194318682	-0.1265149751	0.0607366265	0.0344075852	-0.052667549	-0.0486915475	0.1482655749	-0.1019807141	0.052844517	0.020624657	0.0398165155	-0.0459026168	-0.0649273262	-0.1196293594	0.0949249297	-0.038177609	-0.0450071262	-0.1202421793	-0.0641670212	-0.0293670744	0.0025412385	-0.0398721913	0.0862197652	0.038158078	0.031338333	-0.0848685061	0.1739199282	-0.0216816198	0.0133371544	-0.0163340028	0.0554710382	-0.0359852776	0.0167358138	-0.0530758967	0.004177752	0.0215321653	-0.0181706045	-0.1146198932	0.0521176015	-0.0632280359	-0.0197327507	-0.0362140459	0.0286023226	0.0026643225	-0.1225267695	-0.1370118171	-0.0060317068	0.0255105097	-0.0339955644	-0.0117309258	-0.0466366882	0.0860275699	0.0528771795	0.089762046	0.0813363727	0.0201130341	-0.0502969496	-0.0977337597	-0.0209241503547445	-0.0446277111977479	0.0019916326067495	0.0004378200680679	0.1080926887909328	3.4080291698102005e-05	0.0116840293700534	1.1614662822277203e-09	0.1424362529766938	-0.0033766739180336	1.1401926748728503e-05	0.0202880861620407	-0.002976002102004	-0.0003188867525037	1.01688760922356e-07	8.856588511132226e-06	-0.0001111098887269	-0.0004787895925445	1.23454073729041e-08	2.292394739289283e-07	7.383466464686017e-05	-0.0005441544188569	2.961040315615339e-07	5.4515577035143035e-09	0.0	0.0	0.0	0.0	0.0	0.0	0.0	0.0	0.0	0.0	0.0	0.0	0.0	0.0
2358.938709151977	-0.0848309918983432	5564591.833535596	0.0071962971864567	3032.4922656888275	-19.514848297717435	380.8293040829251	9196009.341462558	2720.6985011818133	1.9491779698732896	3.79929475823936	7402200.334332965	2796.220158503606	2091.4104995396306	1.165161	21.270071	0.1346169313570366	0.0685625063408664	0.0525556729	-0.0411836395	-0.0682496927	0.0066072877	0.015697522	0.0489815282	-0.016117052	0.0271224986	-0.1182147914	-0.0140271788	0.066568725	-0.0671692481	-0.0194892107	0.0448611592	-0.040446845	0.0012305877	-0.0071330838	-0.1211938906	0.0400803711	0.0717674422	-0.0838426364	0.0430232478	-0.0844948184	-0.0095734247	0.0803448627	-0.0425336712	0.1392092514	0.0239282591	-0.0263953161	-0.1243032801	-0.0126205672	-0.0441158246	0.0141393754	-0.1181269687	-0.0698004048	0.0395105304	0.0517957214	0.0589787406	-0.1120497501	0.0852645207	0.1090997069	0.002864189	0.0075529723	0.0874981088	0.1181548992	0.0502443184	-0.037603954	0.0176985158	-0.029584514	0.0064375241	0.0402635175	-0.0945207796	0.0222699593	-0.0258993535	-0.0574052674	-0.0077213236	0.0175249899	0.0620622652	0.011836209	-0.102940329	0.1507763929	0.0978145692	-0.0626446903	-0.1138857638	0.1600963174	0.0094593874	-0.0030686474	-0.0170336199	0.175693625	0.0801538266	0.0164896405	-0.0550761846	-0.1002501592	-0.05664120401795	-0.0357170536632055	0.0012757079223803	0.003208225992603	0.1069430007213014	-0.0011496880696313	0.0114368054032762	1.3217826574527606e-06	0.1690196014268252	0.0265833484501314	0.0007066744148211	0.0285676256664828	-0.0024050180941581	0.0005709840078459	3.2602273721576706e-07	5.784112033227859e-06	-4.364495934039425e-05	6.746492938650575e-05	1.9048824758246673e-09	4.551516697126206e-09	-0.0007110532216021	-0.0007848878862489	6.160489939803606e-07	5.05596683950725e-07	0.0	0.0	0.0	0.0	0.0	0.0	0.0	0.0	0.0	0.0	0.0	0.0	0.0	0.0
2357.4425095068227	-1.49619964515432	5557535.185629826	2.238613378159913	3052.465554630055	19.973288941227565	398.93227112976336	9317545.96220297	2719.5827172203403	-1.115783961472971	1.2449738486803164	7396130.15580357	2794.0385278946314	2065.194301710115	1.24355	22.701061	0.202384289182615	0.0946594513563417	0.0550458752	0.0622448771	0.0760703742	0.0394771968	-0.1000400203	0.1537936468	0.0186656703	-0.0394292766	-0.0588183326	-0.014758399	-0.0137539305	-0.0559921522	-0.0063769442	-0.0693614221	-0.0883301471	-0.0818513424	0.0435250278	0.0712079725	0.0310458298	-0.062081422	-0.0063232398	-0.0569218532	-0.1225910332	0.0553861329	0.0710887489	-0.0184673888	0.01952095	-0.0760885813	-0.0687221208	-0.0962312691	-0.0348084386	0.0316824748	-0.1025059865	0.0689024162	-0.0382105604	0.0449213583	0.0441749073	0.1043937701	0.0478063903	0.1519981525	-0.0153765739	-0.0196648731	0.0114253694	-0.1211473588	0.0607305706	0.0502965638	-0.0595099735	0.0252482339	-0.0064292449	0.0176759711	-0.0376321782	0.072868932	0.0595261067	0.0916552478	-0.0277815573	-0.0171255924	-0.0393859676	0.1809022749	-0.0091118383	-0.1382602731	-0.0474517345	0.0424501662	-0.0531443833	-0.1409553576	0.0311390675	-0.1308675847	-0.0035500295	0.0479451615	0.1183440361	0.0789468648	0.0128461567	-0.0597044597	-0.10227815	0.0077167624412908	0.0643579664592408	0.0041419478467687	5.954842257531635e-05	0.1360016016698182	0.0290586009485167	0.0184964356567558	0.0008444022890851	0.1892209354676239	0.0202013340407986	0.0004080938970279	0.0358045624192426	-0.0028970160542111	-0.000491997960053	2.420619926963137e-07	8.392702018356851e-06	0.0004819335876822	0.0005255785470225	2.3225998293623677e-07	2.762328090903812e-07	4.66980260034808e-05	0.0007577512476055	5.741869532478141e-07	2.180705632621769e-09	0.0	0.0	0.0	0.0	0.0	0.0	0.0	0.0	0.0	0.0	0.0	0.0	0.0	0.0
2361.4434072866898	4.000897779867046	5576414.965817771	16.007183044945055	3058.367180718316	5.901626088260855	34.82919048564112	9353609.8120949	2715.3577186787024	-4.224998541637888	17.850612676842278	7373167.540388008	2794.322873316056	2099.5988228517745	1.138502	20.783401	0.1046817113991024	0.0533211458932887	0.0756641557	-0.0783639642	0.0941614312	0.147438726	-0.0700823379	0.0907925277	0.037270343	-0.0332778632	-0.0353390392	-0.063064591	-0.0280131512	-0.0390071921	0.0397303557	-0.0947935221	0.0345189836	-0.0793304637	-0.1037633703	-0.0338577284	0.1390101734	-0.0682734711	-0.0035629807	-0.0063152155	0.0022663386	0.032459903	0.0762172252	-0.0798593896	0.062411048	0.0597763861	0.0597278338	0.172600817	-0.0608642127	-0.0354979623	-0.1566739283	-0.0126726186	0.031431748	0.0015264736	0.0316482138	0.1279324046	-0.03837558	0.0041788814	0.0559336325	0.0926167459	-0.042412005	-0.1164624075	0.0219438096	0.0644395907	-0.0699502519	0.0431496637	-0.0410335889	-0.0354182525	-0.0044443758	0.0348001985	-0.0941238601	0.1024901768	-0.0744966995	-0.0566447382	-0.0031869087	-0.00740122	-0.0796931346	-0.1504660566	0.0787242133	0.0679313784	-0.0380631266	-0.1214479869	-0.0320713986	0.0102483056	0.0661980544	-0.0289935954	0.0440700581	0.0777158551	0.0091870219	-0.0641690889	-0.1038078519	0.0010998963079771	-0.0066168661333137	4.37829174261938e-05	1.2097718883016557e-06	0.1406194711618553	0.0046178694920371	0.0197738356698398	2.132471864548701e-05	0.2120317948502261	0.0228108593826022	0.0005203353057728	0.0449574820274083	-0.0036160082625492	-0.000718992208338	5.169497956508974e-07	1.3075515754824083e-05	2.885064076019184e-05	-0.000453082946922	8.323594722736427e-10	2.052841567915313e-07	-0.0001939491465594	-0.0002406471725628	5.791106166250892e-08	3.7616271451119624e-08	0.0	0.0	0.0	0.0	0.0	0.0	0.0	0.0	0.0	0.0	0.0	0.0	0.0	0.0
2359.3046409283747	-2.1387663583150243	5566318.388706167	4.57432153546011	3032.05600593916	-26.311174779155863	692.2779182592876	9193363.623151733	2717.5080474583447	2.150328779642223	4.623913860557611	7384849.988000865	2801.524750851362	2083.360117734255	1.14225	20.851828	0.2209056894596564	0.1044389727177849	0.0373918844	-0.0812361877	-0.0315146243	0.0176242763	0.029766624	-0.0695306477	-0.0343292952	0.0681762335	-0.2065627287	-0.031992238	0.0291192441	-0.0232236048	0.0137266944	0.1203913086	0.0277207465	-0.075585504	0.0057263939	0.0289531376	-0.0370294935	-0.04481079	-0.0285248383	0.0115979656	0.0133270877	-0.050872773	-0.0151585104	-0.0547801243	0.0551442088	-0.0038206996	0.0775018356	0.0144160122	-0.0049790785	-0.0752646206	0.0135359885	-0.1029187209	-0.0280623086	0.009050146	-0.0665665925	0.0478394182	0.060719495	0.097706833	-0.0851134149	-0.056844309	-0.0562716696	0.0617782988	0.0322736266	0.0373198953	-0.0196621726	-0.0009854559	0.0199653809	-0.028725947	0.079183033	-0.0271556897	-0.0452240844	-0.0436379834	-0.0047222026	-0.0320167486	0.0388847801	0.0685927943	0.0219744096	-0.0801931278	-0.0301426544	-0.0124152404	-0.0585406523	0.0006933444	-0.0177492955	-0.0710100048	-0.065256619	0.0363431433	0.0439581958	0.0764611723	0.0055166942	-0.0684578352	-0.1048318124	-0.0222896897795976	-0.0233895860875747	0.000547072737348	0.0004968302704706	0.092560637847697	-0.0480588333141583	0.0085674716787725	0.002309651459518	0.1538597480986823	-0.0581720467515438	0.0033839870232637	0.0236728220849899	-0.0025620833309675	0.0010539249315816	1.1107577614094905e-06	6.564270994821521e-06	-0.0002250884917138	-0.0002539391324739	5.0664829101993413e-08	6.448508300164358e-08	-0.0007117895486313	-0.0005178404020719	2.681586820179871e-07	5.066443615407498e-07	0.0	0.0	0.0	0.0	0.0	0.0	0.0	0.0	0.0	0.0	0.0	0.0	0.0	0.0
2354.645033133169	-4.6596077952058295	5544353.232058702	21.71194480514293	3037.777210509855	5.721204570695136	32.73218173974291	9228090.380693035	2711.7104270732507	-5.797620385093978	33.61240212965725	7353373.440297792	2784.29019947541	2118.647850158073	1.044543	19.068176	0.1085839180345001	0.0683483969363295	0.0535701569	-0.0682163335	-0.1192285104	-0.0329909924	0.114771197	0.0665220343	-0.070819145	0.0461619668	0.0819418059	-0.0834125868	-0.0846085478	-0.0034964487	0.0166111345	0.0652576863	-0.0731763939	0.0355751566	-0.1045313345	-0.01979066	0.0303473878	0.0168192305	-0.02160081	0.0343673631	-0.042635692	-0.006579532	-0.0510225814	-0.0093467513	0.086468765	-0.09608761	0.0400226716	0.0963869174	-0.0975746213	0.06106457	0.0745056334	-0.0642291874	0.0153853222	-0.0261810508	0.0570975593	0.0449497072	0.0461938739	-0.0151445872	0.0684082814	0.0325253333	0.0698390245	-0.0703938383	0.0029546962	0.0458130814	-0.060212815	0.0126057435	-0.0020524028	0.0068302142	0.0948348015	-0.0560681997	0.0546297288	0.0413677829	-0.0866915374	-0.0267974468	0.0443276646	0.0145295706	-0.0024462584	-0.0742899203	0.0589207564	0.1358898163	-0.0926675516	-0.003770372	0.0208305022	0.1001734067	0.0272696862	-0.0012878668	0.118242231	0.0751831987	0.0018396452	-0.0725589432	-0.1053450429	-0.0220373032733647	0.0002523865062328	6.36989485284495e-08	0.0004856427355622	0.1232845733789247	0.0307239355312277	0.0151990860332234	0.000943960214527	0.2109912199004568	0.0571314718017745	0.0032640050702369	0.0445172948750829	-0.0028510701603191	-0.0002889868293515	8.351338753869064e-08	8.128601059061978e-06	-0.0002251569739109	-6.848219709999813e-08	5.06956629007137e-08	4.689811319642993e-15	-0.0005913223762747	0.0001204671723565	1.4512339615594768e-08	3.496621526831579e-07	0.0	0.0	0.0	0.0	0.0	0.0	0.0	0.0	0.0	0.0	0.0	0.0	0.0	0.0
2357.7746471792498	3.12961404608086	5559101.286881235	9.794484077426612	3030.4089403339462	-7.368270175908947	54.29140538518927	9183378.34565591	2718.012696122701	6.302269049450388	39.71859517166029	7387593.016284195	2800.6567861703725	2132.3706701695487	1.029841	18.799801	0.0822824323663935	0.0521400148718089	0.0533984027	0.0226784885	-0.1337320186	-0.088613299	0.041924581	-0.013923498	-0.0047941748	0.0686698672	0.0572655775	-0.0233920017	0.0706179422	0.0261084805	-0.0257622775	0.0509233965	-0.0733274821	0.0328274079	0.1100569208	-0.0810637439	-0.0569608314	-0.0811204728	0.1126440243	0.0015719285	0.0285233279	0.0256559386	-0.0597024658	0.0590050472	0.0087045276	0.0150997712	0.0301550139	0.0028636779	0.0147481789	-0.0610923081	0.1553645621	0.0413273866	-0.0376804207	0.022781245	0.1065456119	0.0316730022	-0.0373955564	-0.1079973204	-0.1255453598	-0.0587203691	-0.0509347547	0.0199716661	-0.0133422726	0.0461443501	-0.0187906784	0.0395563102	-0.0424807432	0.0383777127	-0.0285749483	-0.0900164529	0.0858325158	-0.0367626963	0.0077943014	-0.0481670345	0.066387303	-0.0648859277	-0.0976421606	-0.0194544361	0.0204105267	-0.0121831097	0.0545211905	-0.0830071239	0.0118519821	-0.0472014011	-0.1072628533	-0.050204199	-0.0262977483	0.0738823236	-0.0018396452	-0.0764611723	-0.1053450429	-0.0220874371824209	-5.013390905619919e-05	2.513408837255251e-09	0.0004878548812873	0.1121073164680126	-0.0111772569109121	0.0125680504056591	0.0001249310720525	0.1657582101561416	-0.0452330097443152	0.0020460251705293	0.0274757842341676	-0.002569045018387	0.000282025141932	7.9538180681821e-08	6.599992306499062e-06	-0.0002260410985626	-8.841246517000002e-07	5.109457823938704e-08	7.816763997436466e-13	-0.0003577910068163	0.0002335313694584	5.453690052111573e-08	1.2801440455862165e-07	0.0	0.0	0.0	0.0	0.0	0.0	0.0	0.0	0.0	0.0	0.0	0.0	0.0	0.0
2349.270439979049	-8.504207200200653	5519071.600159355	72.32154010394464	3010.031565148846	-20.37737518510039	415.2374194343452	9060290.023192411	2714.879968963893	-3.1327271588079384	9.81397945153286	7370573.245881389	2790.5150166829426	2055.501286485951	1.264932	23.091383	0.0781402603996289	0.0499780525686981	0.0154271325	0.0620414269	0.065677283	-0.0519089704	-0.0089268597	-0.0288043932	0.0936090091	0.0572182181	0.0541138274	-0.0340790794	-0.0156981597	0.0658740418	0.0324658526	-0.0920615897	-0.0156361543	0.0025037407	0.05287201	0.1481363174	-0.0602572908	0.0407469323	0.037085192	0.1099151688	-0.0137332785	0.0040283423	-0.0011060663	-0.0109834113	0.0884543774	0.0161410574	-0.0234935033	0.053356827	-0.0267576451	-0.0260367034	0.0096685646	0.1154764466	0.0358550351	-0.0175791717	0.0089678898	-0.073469442	0.1470466759	-0.0063166466	-0.0168318156	-0.0435667384	0.0006682132	0.057900166	-0.0738606407	0.0140964787	-0.0074295337	-0.0029731182	0.0761290722	-0.0238570588	-0.0492899847	0.111434863	0.0603629528	-0.06074447	0.0233639668	0.0022279795	0.0311810915	0.0778976871	-0.0309434184	0.0175601696	-0.0508018823	-0.0067396862	-0.0384497209	0.0205240176	0.0031069159	0.0195293756	-0.0332639161	-0.118778747	0.0323775439	0.0725589432	-0.0055166942	-0.0801538266	-0.1048318124	-0.0221968733215902	-0.0001094361391693	1.1976268556282845e-08	0.0004927011852547	0.1120637028284363	-4.3613639576292607e-05	0.01255827349162	1.9021495570907568e-09	0.1372769672517932	-0.0284812429043483	0.0008111811973764	0.0188449657378499	-0.0019330815388742	0.0006359634795128	4.044495472740278e-07	3.736804235936245e-06	-0.0002253126591105	7.284394520999779e-07	5.076579435544439e-08	5.30624035375716e-13	-0.0007112184421821	-0.0003534274353657	1.249109520692467e-07	5.05831672499933e-07	0.0	0.0	0.0	0.0	0.0	0.0	0.0	0.0	0.0	0.0	0.0	0.0	0.0	0.0
2356.043010812734	6.772570833684767	5550938.668799532	45.86771569727759	3047.661877202053	37.63031205320704	1416.0403852217387	9288242.91775074	2714.195313580268	-0.6846553836253406	0.4687529943271623	7366856.200261088	2787.65146484375	2078.578678710761	1.165296	21.272535	0.1471391030116053	0.0900823066729869	0.0387991621	-0.0729688444	0.0789035983	0.1505754272	0.0194220706	0.0427686364	0.0197859154	-0.0629727477	0.0357479531	-0.0569045797	-0.0713764394	-0.0628695664	0.0461647758	-0.0061236218	0.0517040296	-0.0771078334	-0.0148656954	-0.0309802792	0.0496760887	0.0201853499	0.0214213682	-0.0062529157	-0.057124478	0.0578730626	-0.0166950606	-0.0102998558	0.0026390473	-0.0950302179	0.0102761637	-0.0680695486	-0.0750063466	0.0424280517	-0.0998705275	-0.0067069209	0.0485395193	-0.0385576326	-0.034201433	0.068397095	-0.0684278594	-0.0319841804	-0.0088226326	0.0429150267	-0.0268849975	-0.0034121721	-0.0037175038	0.0325039191	-0.0427277348	0.0046184263	0.0059370523	-0.0250579877	0.0298058735	0.0512393336	-0.0902156328	0.0842447084	-0.0720661574	0.007831084	-0.002567724	-0.0799311976	-0.0297134627	-0.0525701335	0.0333900594	-0.0118145059	0.0090018004	-0.0303417873	-0.0654504733	-0.0173303308	0.0451652055	-0.0150140777	-0.0416594392	0.0712134607	-0.0091870219	-0.0836267848	-0.1038078519	-0.0221022248146027	9.464850698749984e-05	8.958339874962809e-09	0.0004885083417552	0.1261803446093381	0.0141166417809018	0.0159214793657313	0.0001992795751703	0.1854270510556901	0.0481500838038969	0.0023184305703222	0.0343831912632095	-0.0032179743296681	-0.0012848927907939	1.6509494838341366e-06	1.0355358786402857e-05	8.898925888778386e-05	0.0003143019179982	7.919088197397021e-09	9.878569565739995e-08	-0.0006148585725779	9.635986960419992e-05	9.285224470138411e-09	3.780510642725328e-07	0.0	0.0	0.0	0.0	0.0	0.0	0.0	0.0	0.0	0.0	0.0	0.0	0.0	0.0
2365.547698531971	9.504687719237154	5595815.914029905	90.33908864021755	3025.948401756536	-21.713475445516902	471.4750159230656	9156363.730092935	2722.49016172696	8.294848146692402	68.80450577668638	7411952.68070009	2809.699211550981	2102.2013767976664	1.20469	21.991665	0.1486583578867994	0.0730608583379413	0.033099854	-0.0512514369	-0.0461271867	-0.0171236528	-0.0591349237	-0.0956222129	-0.0187518491	0.0739718933	-0.1468874946	0.0358243948	0.0893783036	-0.0271038068	-0.0462638802	0.0769055076	0.0186175392	0.0246317693	-0.0738899585	0.0861562675	-0.0863905057	0.0199684734	-0.0574253439	-0.0056961703	0.0295811487	-0.0226806282	0.0872350101	0.0100911942	0.0309336541	-0.0910206336	-0.1326122235	0.0940436967	0.075477378	-0.1265524187	0.016550177	-0.1210860304	-0.0506064186	0.0512055439	-0.0451080569	0.0008923351	0.0571207977	0.098185676	-0.0098544534	-0.0251611555	0.0571320124	0.0749281019	-0.0422577114	0.0295629277	0.0101080829	0.013957889	-0.0301897705	0.0191299832	0.0154151854	-0.0912981617	-0.0637594784	-0.1036392012	0.029072304	-0.0113003133	0.0534549557	0.0747319918	0.013614107	0.020239674	-0.0095920972	-0.0357335866	-0.0848337997	0.0453320777	-0.0184006486	0.0169865944	-0.0551775834	0.0603315948	-0.0132447126	0.0698462859	-0.0128461567	-0.0868705278	-0.10227815	-0.0361869861017396	-0.0140847612871368	0.0001983805005156	0.0013094979631274	0.1043921697301897	-0.0217881748791484	0.0108977251009767	0.0004747245645643	0.1332965824491552	-0.0521304686065348	0.0027175857571369	0.0177679788926244	-0.0026171067025942	0.0006008676270738	3.6104190526541924e-07	6.849247492763486e-06	-0.0002243050927936	-0.0003132943516813	5.031277465314552e-08	9.815335079545865e-08	-0.0009137956561022	-0.0002989370835243	8.93633799060143e-08	8.350225011112502e-07	0.0	0.0	0.0	0.0	0.0	0.0	0.0	0.0	0.0	0.0	0.0	0.0	0.0	0.0
2356.5530186292867	-8.994679902684311	5553342.129610803	80.90426655175304	3026.9179878982845	0.9695861417485504	0.94009728627084	9162232.5054622	2718.4884033203125	-4.001758406647696	16.014070345175504	7390179.198987022	2790.689969106821	2087.5968220734217	1.223158	22.328804	0.0539717252033585	0.0309917610081198	0.0042978576	0.0750447119	-0.0785597384	-0.0840182985	0.0522079583	0.0702417297	0.022038908	-0.0376948598	-0.0359477495	-0.0001063443	0.0210707656	-0.0046465171	-0.0398420235	0.0025030691	-0.0694588683	0.1349345383	0.0250836828	0.0135843366	0.0280789543	0.0428859599	0.1499808795	0.002360662	-0.0905311966	0.0092512647	0.0440943847	0.1188583048	-0.0110530498	-0.0117426046	0.0009392587	0.0296847909	-0.0129911746	0.0393454348	0.0837170675	0.0602143815	-0.0460816169	0.0243854996	0.0624346677	-0.0429467098	-0.003090262	-0.0374329637	-0.0629172315	0.0775775077	0.1320816571	0.0207372421	0.074250875	0.0089408009	0.0078858463	-0.0162539415	0.0414883114	0.0318016199	-0.0092254215	-0.016978256	0.1137235407	-0.0293448354	-0.0104152162	0.0509703971	0.0457124729	-0.0761833486	-0.0100300566	0.017827262	0.041163627	-0.1231518022	0.00735709	-0.0712378475	-0.0637848158	0.0862030139	0.0598611061	-0.0200992568	-0.0801931278	0.0684578352	-0.0164896405	-0.0898761648	-0.1002501592	-0.0442154509480445	-0.0080284648463049	6.445624778835356e-05	0.0019550061025389	0.1219403158613943	0.0175481461312046	0.0148694406323766	0.0003079374326421	0.1287062198665012	-0.004590362582654	2.107142864023011e-05	0.0165652910323241	-0.0021861108610833	0.0004309958415109	1.8575741539968886e-07	4.779080696946367e-06	-0.0002249523523294	-6.472595357999921e-07	5.060356081853051e-08	4.189449066840213e-13	-0.0009582475879194	-4.445193181719994e-05	1.975974242280992e-09	9.182384397533482e-07	0.0	0.0	0.0	0.0	0.0	0.0	0.0	0.0	0.0	0.0	0.0	0.0	0.0	0.0
2353.945859746223	-2.607158883063676	5541061.110616385	6.797277441537832	3024.6613913143383	-2.256596583946248	5.092228142677875	9148576.532107588	2716.376024094303	-2.11237922600958	4.462145994476831	7378698.704274373	2788.6804596729767	2057.524819138081	1.116451	20.380865	0.09551942769493	0.0496548641488418	0.0088402257	0.0212567658	0.1121706915	-0.001539115	-0.0247800536	0.0289949687	0.047536051	-0.0164239639	0.0427015016	-0.009512731	-0.037382908	-0.0448869499	0.0666989775	-0.0664435659	-0.017074882	-0.0613498091	0.0704005526	0.0595165609	-0.0341015068	-0.0445552771	-0.0224754165	-0.0340361335	0.042060247	-0.0096889363	0.0104658849	0.1296742462	0.0486258474	-0.051437293	0.1251186439	-0.0661087999	-0.0405590252	0.0408459597	-0.0656120543	0.0592347617	0.0055688933	-0.0301474145	-0.0063439843	0.0134465039	0.0371498848	0.0308826302	0.0446416674	-0.1114208554	-0.022684795	-0.0122154089	-0.0667829175	0.0114534511	-0.0299007231	-0.0010653266	0.0709448667	-0.0378719807	-0.0172928488	0.13478377	0.0283998522	0.0025935177	-0.0220723348	0.0307996169	0.0089370245	0.020607627	-0.0047834275	0.0748877472	-0.002242976	-0.0322815598	-0.0775163204	0.1431714149	0.0108482958	-0.0570063843	-0.0319671575	-0.090561337	-0.0772594575	0.0670485315	-0.0201130341	-0.0926354574	-0.0977337597	-0.0442833017489476	-6.785080090310203e-05	4.603731183192391e-09	0.0019610108137883	0.1428374923854818	0.0208971765240875	0.0204025492309725	0.0004366919866788	0.1582304711770206	0.0295242513105194	0.0008716814154467	0.0250368820089019	-0.0026269133000344	-0.0004408024389511	1.9430679018523824e-07	6.900673485897621e-06	0.0001803300303364	0.0004052823826658	3.2518919841126956e-08	1.6425380969926798e-07	-0.0010127657474909	-5.451815957150004e-05	2.972229723063541e-09	1.0256944592908015e-06	0.0	0.0	0.0	0.0	0.0	0.0	0.0	0.0	0.0	0.0	0.0	0.0	0.0	0.0
2364.648732049038	10.70287230281474	5591563.625981122	114.55147553035889	3045.988333109937	21.326941795598486	454.8384463528456	9278044.925441852	2720.737642001262	4.361617906959054	19.02371076630588	7402413.316602587	2798.782520939754	2113.2312346043013	1.232892	22.506506	0.0844606525096663	0.0468604547172106	0.0334097161	-0.0579931529	0.0510326242	0.155152454	0.0197036836	-0.0116323703	0.0219630352	-0.0037124809	0.008967516	0.0136048118	0.0811532557	-0.0716773247	0.0222930495	-0.0315442928	0.0947229242	0.0749720164	-0.1187646095	-0.0403956782	-0.0688317307	0.039367027	0.0001040139	-0.0581927659	-0.1252046392	0.1537046845	-0.0034583845	0.0068978467	-0.1026152308	-0.0297963364	0.1519528016	0.0220191107	0.0084249881	-0.0489337754	-0.0838361705	-0.0226073855	-0.0634782623	-0.022683029	-0.0051171792	-0.0229745479	-0.0632527605	-0.116447813	-0.0139012595	0.1430765631	0.0918661919	-0.0215474792	-0.1187642741	0.0288102811	-0.0048225634	0.0211406837	-0.0828532563	-0.0054070308	-0.0283755784	-0.0267635994	-0.1419816342	0.0079156123	-0.0607323398	-0.0052567193	-0.0201996512	-0.0986876167	-0.038535304	0.0275515846	-0.0185215746	-0.1061358499	-0.0070707258	-0.0034360528	-0.0787545658	0.0976249356	0.095640334	-0.0146818928	-0.0232807623	0.0656188043	-0.0237119231	-0.0951408427	-0.0947412111	-0.0442276522749125	5.564947403510073e-05	3.09686396038335e-09	0.0019560852257505	0.1325294702922832	-0.0103080220931985	0.0175640604959531	0.0001062553194738	0.1445188307424914	-0.0137116404345292	0.0001880090834058	0.0208856924391768	-0.0034710244515512	-0.0008441111515168	7.125236361150184e-07	1.204801074326631e-05	-2.997629798406897e-05	-0.0002103063283204	8.985784408296974e-10	4.422875173163689e-08	-0.0011660550778117	-0.0001532893303208	2.3497618790199343e-08	1.3596844444904498e-06	0.0	0.0	0.0	0.0	0.0	0.0	0.0	0.0	0.0	0.0	0.0	0.0	0.0	0.0
2363.5382602301866	-1.110471818851238	5586313.107571937	1.2331476604627765	3023.15952315985	-22.828809950086907	521.154563737187	9139493.502472091	2717.549865182522	-3.187776818740076	10.1619210460966	7385077.269753543	2799.7262407351764	2109.41797431471	1.085832	19.821905	0.0734025474890271	0.0365847331829363	0.0200029053	-0.0147404442	-0.0907588029	-0.0399960661	0.0192342212	-0.0302719025	-0.0147205425	0.0505738533	-0.0777039252	-0.005554773	0.0684505679	0.0193720242	-0.0251380471	0.1030075293	-0.0364171359	0.021330018	0.0172592649	-0.1095546983	-0.1706844352	0.0708828184	-0.1276517833	-0.0127080743	0.0682881005	0.036446015	-0.0736049878	0.0298793566	-0.0353943581	-0.0513094937	-0.0070841334	-0.0561048558	0.0280069423	-0.0897272608	0.0782693554	-0.1118075903	-0.0236079186	0.0248234511	0.0276019118	0.0199850907	-0.0729556743	0.0401891772	0.0298255963	-0.0764830015	-0.0245771372	0.1052954075	-0.0289848438	0.0219808864	0.010831385	0.0263876861	-0.0467070705	0.0250351562	-0.0007808382	-0.1262646031	-0.0135580188	-0.0945479421	0.0165147442	-0.0077660472	0.0825378507	-0.0331582216	-0.0188761188	0.0386638343	0.0985269216	-0.0389257672	-0.1122873421	0.0636943502	-0.0305186764	-0.0537775308	0.0139869117	0.0478586747	-0.0483683217	0.0641690889	-0.0272819228	-0.0973854535	-0.0912870929	-0.0614193478330378	-0.0171916955581252	0.0002955543961632	0.0037723362882356	0.118235585256798	-0.0142938850354852	0.0139796536210175	0.0002043151494076	0.1531655477100315	0.0086467169675401	7.47657143167459e-05	0.0234596850053139	-0.0028940737927611	0.0005769506587901	3.328720626783307e-07	8.375663117946618e-06	-0.0001178125922793	-8.783629429523102e-05	1.3879806899568578e-08	7.715214595518434e-09	-0.0011666731232839	-6.180454721999799e-07	3.819802057068961e-13	1.3611261765930102e-06	0.0	0.0	0.0	0.0	0.0	0.0	0.0	0.0	0.0	0.0	0.0	0.0	0.0	0.0
2359.1486051594075	-4.389655070779099	5565582.141225577	19.26907164041666	3042.822198606005	19.662675446154932	386.6208057008242	9258766.93232948	2717.5854608316336	0.0355956491116558	0.0012670502356801	7385270.736923482	2790.7932474772138	2066.973409119977	1.176195	21.471497	0.0499923921061816	0.029497135624608	-0.0115592903	0.1101631266	0.0034796824	-0.0516305474	-0.0717839666	0.1331431955	0.0359480979	-0.0246962734	-0.1001248753	0.0011711613	0.0026191656	-0.0119100304	0.0170869067	-0.0533133995	-0.054976296	0.0437195624	0.0363041898	0.0884878457	-0.031212814	0.0128604038	-0.0031135195	-0.0901884712	-0.0433012929	0.0625196259	-0.0560325081	0.019333937	0.0081684043	-0.0450436723	-0.1001869826	0.0494827292	-0.0095915642	0.027184744	-0.0325649655	0.0955454501	-0.0399824392	0.0401607126	0.0313246005	-0.0099545021	0.0625853501	0.1462322683	-0.0341962399	0.0127739813	0.1373872065	-0.0609384783	0.0460225559	-0.0049731696	0.0107240231	0.0043568258	0.0439419569	0.0058449701	-0.0620473605	0.082147217	0.0900340736	-0.0737750203	-0.0173739372	0.0263558901	0.0451524814	-0.021315012	0.0207421471	0.0260411288	-0.045866468	-0.1349214342	-0.1113866512	0.0356847614	-0.0462150134	0.0898009986	0.0700574422	-0.0165202719	-0.0378458792	0.062699827	-0.0308186837	-0.0993631376	-0.0873882332	-0.0613870476087754	3.230022426239931e-05	1.0433044874012891e-09	0.003768369614122	0.1277871795722092	0.0095515943154111	0.01632956326302	9.123295396619544e-05	0.1493472323838034	-0.003818315326228	1.4579531930508317e-05	0.0223045958207017	-0.0024016195226759	0.0004924542700851	2.425112081251468e-07	5.7677763316980185e-06	-0.0002242594894974	-0.0001064468972181	5.0292318629634464e-08	1.1330941927360746e-08	-0.0010337706457816	0.0001329024775023	1.7663068526249393e-08	1.068681748079706e-06	0.0	0.0	0.0	0.0	0.0	0.0	0.0	0.0	0.0	0.0	0.0	0.0	0.0	0.0
2356.989740408098	-2.1588647513094656	5555400.636389033	4.660697014446481	3037.728832768459	-5.093365837545662	25.94237555507722	9227796.461432826	2714.3566575852115	-3.2288032464221037	10.425170404105913	7367732.06457716	2792.793330891927	2075.372321563588	1.130219	20.632204	0.0883768826899505	0.0566025022511944	-0.0044015604	-0.038816935	0.1048464458	0.0845275317	-0.0359033762	0.0120620044	0.0290481423	-0.0220117651	0.0131468407	-0.0262769221	-0.0248005486	-0.0077613735	0.0263134777	-0.0749258329	0.0404668722	-0.0837131673	0.0258665042	-0.0901780688	-0.0297370296	0.0393303781	0.0185894861	-0.1281437921	0.0208741957	-0.0290933353	0.0539204032	-0.0456567135	0.0151802764	0.0164783845	0.0763139499	-0.0395280934	-0.0214297328	-0.0095471272	-0.0884229999	0.0414357937	0.0509988508	-0.0069413881	0.0029380687	0.0197618161	-0.0964874859	-0.032315738	0.0265652892	-0.0782344002	-0.0083804711	-0.0373884735	0.0240633736	4.46288e-05	-0.0121661207	-0.0028515707	0.0546214078	-0.0560272456	0.0005594484	0.1077934552	-0.0358096586	0.0051689361	-0.0319590279	0.0349395616	0.0384332037	-0.0663695232	-0.0179247529	0.0261825043	0.1300949619	-0.0073174778	-0.0753371381	0.0902214096	-0.0034363914	-0.0514360353	0.0411974708	-0.03243137	-0.1384788203	0.0612114661	-0.0343178967	-0.1010684743	-0.0830636267	-0.0615887958076228	-0.0002017481988473	4.070233573816944e-08	0.003793179769033	0.1314869111801897	0.0036997316079805	0.017288807811707	1.3688013971090056e-05	0.1748518438489341	0.0255046114651306	0.0006504852059872	0.030573167297372	-0.0032840150913416	-0.0008823955686656	7.786219396008638e-07	1.0784755120159378e-05	-2.596467328586094e-05	0.0001982948162115	6.741642588415006e-10	3.9320834136368055e-08	-0.000935045202299	9.872544348259985e-05	9.746713190836016e-09	8.743095303423779e-07	0.0	0.0	0.0	0.0	0.0	0.0	0.0	0.0	0.0	0.0	0.0	0.0	0.0	0.0
2363.9018318486533	6.912091440555287	5588031.870617419	47.77700808259766	3050.912644330193	13.18381156173382	173.81288729530633	9308067.96333385	2715.172667376763	0.8160097915515507	0.6658719799080053	7372162.613669846	2791.6794837364782	2115.510898794348	1.202159	21.945471	0.06958488160132	0.0413870119977996	0.0285540833	-0.0649639006	-0.0131805108	0.0969116143	0.0645581746	-0.0297211349	-0.1099740179	0.0436908119	-0.0259347223	-0.0246856653	0.0232038782	-0.0586297753	0.0295329477	0.0306517037	0.035323435	-0.0176955265	-0.0600163399	0.0682688199	0.0771870051	0.0036615981	0.0167787631	0.0393599685	-0.0323585816	0.0410494189	-0.026599893	0.087581268	-0.133485899	0.018426644	-0.0647911619	-0.0155613741	-0.0398305908	0.0272425045	-0.0375802809	-0.0295310838	-0.0504191503	-0.0544616577	-0.0959656479	0.0022440813	0.060433396	-0.0485899981	-0.039977545	0.0944089633	-0.0349781327	-0.0148781876	0.0086212664	0.0247939948	-0.0031398138	0.0090613091	-0.0908204813	-0.0135577264	0.0397314143	-0.0613128744	-0.1153516797	0.0117014528	-0.0853412143	0.0019482986	-0.0413175959	-0.048265781	-0.0013236556	0.0956289033	-0.0963904764	-0.1470711082	-0.067487486	0.0914896817	-0.0782472182	0.0515370396	0.0791666714	0.0902463003	0.0021276883	0.0597044597	-0.0377752987	-0.1024967892	-0.0783343427	-0.0616442299507298	-5.543414310700545e-05	3.0729442220079604e-09	0.0038000110862184	0.1417762497171253	0.0102893385369355	0.0201005049838526	0.0001058704875276	0.1590608067033088	-0.0157910371456252	0.0002493568541345	0.0253003402291073	-0.0040579866927488	-0.0007739716014071	5.990320397848252e-07	1.6467255998526343e-05	6.088060746978208e-05	8.684528075564302e-05	3.706448365889685e-09	7.542102789526461e-09	-0.0009268806489488	8.164553350200037e-06	6.665993140826264e-11	8.591077373957487e-07	0.0	0.0	0.0	0.0	0.0	0.0	0.0	0.0	0.0	0.0	0.0	0.0	0.0	0.0
2361.5195596637896	-2.382272184863723	5576774.630674658	5.675220762775377	3030.705917458129	-20.20672687206388	408.3118108821886	9185178.35811572	2716.0781052851044	0.9054379083413552	0.819817805861568	7377080.274009122	2797.6681017753403	2131.2864640894227	1.17198	21.394539	0.07097875942577	0.0399958577766133	0.0122396763	-0.0035374425	-0.1349716187	-0.0971810295	0.0363474027	-0.0289145267	-0.0605743573	0.0726706264	0.0432310481	-0.0010041477	0.0404399128	0.0127755219	-0.031175428	0.0796012244	-0.0524564522	0.0751874069	-0.0392223209	-0.0859216319	0.0506559807	0.0394961065	0.0920145847	-0.0136074721	-0.0381868603	-0.0294681678	-0.0008788773	-0.0458216009	-0.0688651142	0.0308252344	0.0780779075	0.0192355663	0.0336178783	-0.0346587387	0.1680277828	-0.0603351665	-0.0231514259	0.003243333	0.0714385396	-0.0035018275	-0.0551171535	-0.1343538897	0.007035864	0.0062848376	0.0345948708	0.0469522825	0.0585758409	0.0155050927	0.0125788561	0.0253199609	-0.0609760285	0.0246275905	-0.0012837964	-0.1362995298	0.040433575	-0.0803246313	0.0108854129	-0.0080336298	0.0743761328	-0.0970121074	-0.04683892	0.0847952347	0.097273132	-0.0105246356	-0.060155726	0.0305277816	0.0129131817	0.1015024527	0.0224380593	-0.0518714143	-0.0340049234	0.0581792666	-0.0411866773	-0.1036441676	-0.0732234215	-0.0615817936961775	6.24362545523019e-05	3.8982858825198395e-09	0.0037923173148385	0.1296656157911542	-0.012110633925971	0.0168131719184992	0.0001466674540888	0.1660771340812914	0.0070163273779826	4.922884987502827e-05	0.0275816144646552	-0.0033511047060333	0.0007068819867154	4.996821431428518e-07	1.122990275079853e-05	-0.0002240217069959	-0.0002849023144656	5.0185725205356877e-08	8.11693287879024e-08	-0.0008828777127847	4.400293616410003e-05	1.9362583910618627e-09	7.794730557319432e-07	0.0	0.0	0.0	0.0	0.0	0.0	0.0	0.0	0.0	0.0	0.0	0.0	0.0	0.0
2353.6402096538905	-7.879350009899099	5539622.236499609	62.08415657849693	3015.415820950776	-15.290096507353155	233.7870512041732	9092732.57324024	2715.323854699599	-0.7542505855053605	0.5688939457351792	7372983.635900689	2786.0405102852064	2068.520214296112	1.269942	23.182842	0.0662405539396654	0.0299135382460668	-0.0092353109	0.0932059971	0.0291354409	-0.0635190209	-0.0023461277	0.0351180781	0.0868979943	0.0068579442	0.0342164397	-0.0010613873	0.0229971171	0.0099257316	0.0121385506	-0.0380380747	0.0117777445	-0.0123267439	0.0625092342	0.0518192542	-0.0176160442	-0.0369217372	-0.0423503282	0.0743217981	0.0068231582	-0.0223702485	0.0599938998	0.0436117615	0.0277964035	-0.0739315232	-0.0459771907	-0.0065289379	-0.0215133424	0.0356078504	0.0118422762	0.1016189817	-0.0216187661	-0.0027981921	-0.0291760132	-0.0377570021	0.0446050708	0.0438967304	-0.0165743958	-0.0110890082	-0.0403496566	0.0384123004	-0.0060765546	-0.0062350025	-0.0024290363	0.0107388724	0.0524220586	-0.0152088576	-0.0484835934	0.0940119639	0.0892596419	-0.0594804485	-0.0078602468	-0.0009936792	0.0280435359	-0.0160450512	-0.0139489076	0.0399917777	-0.0598820078	-0.094883883	-0.0991909809	0.0591887363	0.0234635309	0.0002941362	-0.0484346046	0.0463941804	-0.0010037585	0.0566363516	-0.0445478763	-0.1045074645	-0.0677557633	-0.0659169603612923	-0.0043351666651147	1.879367001432256e-05	0.0043450456632721	0.1412284625555457	0.0115628467643914	0.0199454786358031	0.0001336994252967	0.1814600436663056	0.0153829095850142	0.0002366339073007	0.0329277474473775	-0.002921059557569	0.0004300451484643	1.849388297176821e-07	8.5325889388652e-06	-0.0001620141002167	6.200760677920001e-05	2.6248568669026912e-08	3.844943298483891e-09	-0.0006757378495253	0.0002071398632594	4.2906922951122943e-08	4.56621641281077e-07	0.0	0.0	0.0	0.0	0.0	0.0	0.0	0.0	0.0	0.0	0.0	0.0	0.0	0.0
2353.744883428469	0.104673774578714	5540114.976265698	0.0109565990845554	3019.823817034952	4.40799608417592	19.43042947811025	9119335.885931546	2713.707139816959	-1.616714882639826	2.6137670117491068	7364206.440693541	2792.6757111378206	2069.449270333981	1.063923	19.421968	0.0835623581417542	0.042746955291305	-0.0120901307	-0.0599553209	0.0889875347	0.0674070902	0.0010815034	-0.034087918	0.0817801973	-0.0105985275	0.0325940133	-0.0062450884	-0.0155606966	-0.0062778327	0.068446805	-0.0756462251	0.0760383803	-0.013257494	-0.0161162226	-0.0583941083	-0.0282648366	0.0921946788	0.0103639419	0.0454425206	0.0963336705	0.0722711333	0.1064207048	-0.0684762831	0.0378908394	0.0308452628	0.0918257428	-0.0049034783	0.0012751673	-0.0325473636	-0.0620788026	0.0319454448	0.0581746228	-0.034870366	0.0032188809	0.0126054949	-0.056098836	-0.0715932252	-0.0073903735	0.0046336774	0.0585168139	0.0554552321	-0.0681157245	-0.0095272192	-0.0122882116	0.0179107427	0.0609585734	-0.0538331516	0.0102865219	0.0818630808	-0.0683697759	-0.0241344931	-0.0353067303	-0.0057973154	0.050080271	-0.0957654936	-0.021282752	-0.0417171356	0.1080723372	-0.0011948894	-0.0746138252	-0.0318905153	0.0368682878	0.053207451	0.0811892928	0.0020395625	0.0263756733	0.0550761846	-0.0478548005	-0.1050843138	-0.0619580057	-0.0782579487722614	-0.0123409884109691	0.0001522999949596	0.0061243065460418	0.1575836438562277	0.016355181300682	0.0248326048110064	0.0002674919553781	0.1875942035567988	0.0061341598904931	3.762791756213529e-05	0.0351915852081096	-0.0032371496498311	-0.0003160900922621	9.991294642626294e-08	1.0479137855401611e-05	-0.0002224393203424	-6.04252201257e-05	4.9479251234388846e-08	3.6512072272392997e-09	-0.0012738631079297	-0.0005981252584044	3.5775382474133026e-07	1.6227272177443144e-06	0.0	0.0	0.0	0.0	0.0	0.0	0.0	0.0	0.0	0.0	0.0	0.0	0.0	0.0
2356.415788450373	2.670905021903764	5552695.368058193	7.133733636030744	3038.363945456112	18.54012842116026	343.7363618731145	9231655.465047631	2712.825297937984	-0.8818418789751377	0.7776450995144013	7359421.097132312	2786.991512200771	2088.945396235641	1.022936	18.673737	0.0558151838945106	0.0291773215675275	-0.0033971592	-0.0751180539	-0.0329852347	0.0293935477	0.0620756112	0.000374133	-0.0945454868	0.0511031584	-0.0275985365	-0.0150360176	-0.0922013591	-0.0498604998	-0.0241701167	0.0770263897	0.0299628766	-0.0741742274	-0.01398306	0.0865999134	0.0181110637	-0.0019324671	-0.0574438198	-0.0570651723	0.1371002026	0.0477695354	0.0507218981	-0.0428818604	-0.0833142654	-0.077276735	0.0193866376	0.0042479784	-0.0389060168	0.0654718928	-0.0054896972	-0.1053203267	0.0237425539	-0.0129390686	-0.0855324666	0.0129399482	0.0689447874	0.0796361757	0.0049774137	-0.1113412219	-0.0417415648	-0.0478442991	-0.0388331308	-0.0087208621	-0.0129960546	-0.0041195554	0.0218049434	-0.0194375661	0.1044568224	-0.0247807052	-0.0196187409	-0.0217983345	-0.0677962291	-0.0056397716	0.0223952323	-0.01662896	0.0243054659	0.0598973036	-0.0571673231	-0.0545559	-0.1371788505	0.1280692864	-0.041069508	-0.0641231286	-0.0002592204	0.0107274586	-0.0311751146	0.0534992409	-0.0511034211	-0.1053731342	-0.055858395	-0.0565439873046642	0.0217139614675972	0.0004714961226162	0.00319722250031	0.1675994350500786	0.0100157911938509	0.0280895706291055	0.0001003160732388	0.1812530603328213	-0.0063411432239774	4.021009738699572e-05	0.0328526718800133	-0.003018631429905	0.000218518219926	4.7750212439671366e-08	9.112135709610304e-06	-0.0002232826390711	-8.433187287000001e-07	4.9855136910555114e-08	7.111864781761843e-13	-0.0011383388864028	0.0001355242215269	1.8366814620472282e-08	1.2958154202967669e-06	0.0	0.0	0.0	0.0	0.0	0.0	0.0	0.0	0.0	0.0	0.0	0.0	0.0	0.0
2357.5566576705787	1.1408692202057864	5558073.394126871	1.3015825776129593	3034.5218944674225	-3.842050988689607	14.761355799690786	9208323.128002156	2714.503502229674	1.6782042916897808	2.8163696446459987	7368529.263617164	2788.250597362029	2088.2181290048247	1.204255	21.983727	0.0552733935320044	0.0303599120182855	-0.0255997727	0.0933765629	-0.0629986048	-0.0397836218	0.0459875596	0.074831954	-0.0139520772	0.0172605736	0.0307860839	-0.0012112169	-0.0392815925	-0.0258114625	-0.0380201912	-0.0124616852	-0.0625884065	0.0869034019	0.009667569	0.037954845	0.0138236248	0.0998803966	0.0031661701	0.0008408989	-0.0202121317	0.1079736692	-0.1099452734	0.0661723399	0.0330215609	-0.0926164382	-0.0133669277	-0.0232044117	-0.0151310528	0.0791053898	0.0681697216	0.0126104365	-0.0143146372	0.0235496458	0.0730006255	0.0287108609	-0.0120250359	-0.0051645415	0.0072985463	0.0904798257	0.0979877506	0.0231018134	-0.0489362637	-0.0211201503	0.0167073337	-0.001991081	-0.0267819664	0.0536501108	-0.0001696786	-0.039200918	0.1085644641	0.0512479286	-0.1048754855	0.0153287599	0.0010791023	-0.1225950219	-0.0132763597	0.0476557849	-0.0525477691	-0.0717338772	-0.0205188276	0.0100877567	-0.0445501408	0.0809971948	0.0699388093	0.0523656946	-0.0294418947	0.0519060008	-0.0542897799	-0.1053731342	-0.0494866478	-0.052308250858843	0.0042357364458212	1.794146323845804e-05	0.0027361531079116	0.1421181608495203	-0.0254812742005582	0.0201975716432501	0.000649295334884	0.1776569027531991	-0.0035961575796222	1.29323493374742e-05	0.0315619750958596	-0.0027490361537373	0.0002695952761676	7.268161293193839e-08	7.557199774554769e-06	-5.3935720831344014e-05	0.0001693469182397	2.9090619815966766e-09	2.8678378717302597e-08	-0.0011380765746902	2.623117125999646e-07	6.880743456712642e-14	1.2952182898585785e-06	0.0	0.0	0.0	0.0	0.0	0.0	0.0	0.0	0.0	0.0	0.0	0.0	0.0	0.0
2360.448151295576	2.8914936249971106	5571715.474954702	8.36073538339893	3029.170718124489	-5.351176342933286	28.635088253168856	9175875.239542834	2719.007641547549	4.504139317875342	20.287270994830557	7393002.554793966	2803.8615697616187	2088.100037018573	1.162076	21.213751	0.146075755262173	0.0776123860685735	-0.0021402152	0.0721664215	0.0641970897	-0.0580560045	-0.1346126817	-0.054132204	0.0121216009	0.1328507318	0.0854334511	0.0409145135	0.0907762216	-0.0072927696	0.0085751063	-0.0603734936	-0.1026174613	0.0130489938	0.0488954612	-0.0487875782	-0.0252172567	-0.1422824593	-0.0158439911	-0.0765910036	0.049415084	-0.0664354846	-0.0471136173	-0.0984808289	-0.0247208716	0.0386679986	-0.0243652317	-0.0266472735	0.0653297769	-0.1177929853	-0.0338983239	0.0487993501	-0.0631446203	0.0088715999	0.0660827607	-0.0431753541	0.0638291706	-0.0551361993	0.0148405888	-0.1791908533	-0.081408813	-0.1090520687	0.118533328	0.0015551065	0.0109766636	0.0228606229	-0.0505777857	0.0019505228	-0.1007147614	0.0493486542	-0.0364385946	-0.0027183309	0.0241831332	0.0097757716	-0.0128559518	0.0754962138	-0.0679787182	0.1022187022	0.0473456902	-0.0034797642	-0.0176587482	0.0093666722	-0.0053548899	-0.0496521865	-0.0610420202	-0.0369475134	-0.0336075227	0.0502969496	-0.0574099951	-0.1050843138	-0.0428738067	-0.0370113772058005	0.0152968736530424	0.0002339943435571	0.00136984204267	0.1500377410892355	0.0079195802397152	0.0225113237511604	6.271975117328749e-05	0.168541823462256	-0.0091150792909431	8.308467048017979e-05	0.0284063462559822	-0.003866895003752	-0.0011178588500147	1.2496084085561871e-06	1.495287697004218e-05	0.0009509986981339	0.0010049344189652	9.043985238523726e-07	1.0098931864210123e-06	-0.0012901677472797	-0.0001520911725895	2.313172477964908e-08	1.6645328161207758e-06	0.0	0.0	0.0	0.0	0.0	0.0	0.0	0.0	0.0	0.0	0.0	0.0	0.0	0.0
2352.7448123316444	-7.703338963931401	5535408.151953464	59.34143119322371	3015.9562924453635	-13.214425679125725	174.62104602913735	9095992.357940784	2716.0761216425262	-2.931519905022924	8.593808953545613	7377069.498556707	2797.5236481495394	2078.326390201552	1.09583	20.004419	0.0736729154507947	0.0451592887754228	-0.0339472707	-0.054305883	0.0833141766	0.0511490784	-0.0018815521	-0.1057376346	0.0575987842	-0.0487573026	0.0511504684	0.0217987908	0.0319906882	0.0080083046	0.0048811651	-0.035702038	0.0802199397	-0.0081111477	-0.0628702627	-0.0191923771	-0.0629412931	-0.0191755551	0.0862751758	-0.0087989988	-0.0064880975	-0.0490503331	0.076562534	-0.0881845705	0.0287757409	0.1012981585	-0.0217634212	0.0793190422	0.0367501592	-0.0595804395	-0.0310649852	0.0315439471	0.0120908443	-0.0179610183	-0.0484392354	-0.0494722461	-0.0254419768	-0.1109454315	-0.0562758727	-0.0118142558	0.0629998387	-0.0421424315	0.000901289	-0.0232994012	0.0164718398	-0.0159131804	0.0793898409	-0.0596222534	0.0309019273	0.0702328413	-0.0546023835	-0.0131061706	0.0521837193	0.0065235234	0.0059521946	0.035650781	-0.0423783675	0.1062375001	0.1180587125	-0.0819880843	0.0493510691	-0.0217448048	-0.0897293954	0.0004530366	0.0011036024	0.0014043294	0.0552992778	0.0486725775	-0.060460265	-0.1045074645	-0.0360520886	-0.0370304042559013	-1.90270501008033e-05	3.6202863553847887e-10	0.0013712508393554	0.1549257004560047	0.0048879593667691	0.0240019726617836	2.389214677118672e-05	0.1529854763107963	-0.0155563471514597	0.0002419999366967	0.0234045559620412	-0.0031338894268495	0.0007330055769024	5.372971757701667e-07	9.821262939719088e-06	0.0008273489840635	-0.0001236497140704	6.845063414309055e-07	1.5289251789691678e-08	-0.0014977040939561	-0.0002075363466763	4.3071335191786874e-08	2.2431175530528623e-06	0.0	0.0	0.0	0.0	0.0	0.0	0.0	0.0	0.0	0.0	0.0	0.0	0.0	0.0
2355.1776200456943	2.4328077140498863	5546861.621964101	5.918553373540633	3043.47396551394	27.51767306857664	757.2223311090683	9262733.778761148	2713.0469638520635	-3.0291577904627047	9.175796919520897	7360623.8280669	2786.595559301132	2093.634898913062	1.077622	19.672031	0.1233836754790613	0.0654977712383366	-0.0052531099	-0.0742161384	-0.0049620153	0.0595431215	0.0672008275	-0.0364907038	-0.1094509954	-0.0101727463	0.0513340447	0.0021843891	-0.0242058325	-0.0321280105	0.0023894784	0.0450109039	0.0200939426	-0.0607921993	-0.0520160562	-0.0340744409	0.0808002912	0.0445679915	-0.0358047147	0.0521280943	-0.0684171547	0.094353846	-0.0905132214	-0.1061449172	-0.1809745249	-0.0779567565	-0.038031407	-0.1377955042	-0.0277141117	0.074845244	-0.0115427898	-0.0344241728	-0.0078106492	-0.04253581	-0.12300401	-0.0043955429	0.0144884736	-0.058859591	-0.004139305	0.0277326923	-0.0406165769	-0.0190387549	0.1171907886	-0.0093773593	-0.009724855	-0.0010121199	-0.0130820832	-0.0320150645	0.0956612855	-0.0221392171	-0.0772533451	0.0330849883	-0.0607419085	-0.0055127064	-0.0515017349	-0.0537091159	-0.019851584	0.0852408223	-0.0783197591	-0.0671460129	0.0285587566	0.0104248921	-0.0599759603	0.0283789054	-0.0099317296	-0.1139705968	0.0011798644	0.0470333792	-0.0634368734	-0.1036441676	-0.0290547284	-0.0370218312401959	8.573015705400089e-06	7.349659828503658e-11	0.0013706159883775	0.1598348200835317	0.0049091196275269	0.0255471697111349	2.4099455517370755e-05	0.1870571740290003	0.034071697718204	0.0011608805854006	0.0349903863557157	-0.00394133481474	-0.0008074453878904	6.519680544256394e-07	1.553412012188159e-05	0.0003157259521104	-0.0005116230319531	9.96828768360186e-08	2.617581268248828e-07	-0.0011288868114472	0.0003688172825088	1.3602618787724973e-07	1.274385433059426e-06	0.0	0.0	0.0	0.0	0.0	0.0	0.0	0.0	0.0	0.0	0.0	0.0	0.0	0.0
2355.4658420299425	0.288221984248139	5548219.332969826	0.0830719122039345	3014.8504822176264	-28.62348329631368	819.3037960143482	9089323.430127855	2713.9468726774235	0.8999088253599439	0.809835893960714	7365507.627715567	2793.1471078725963	2105.6429636799307	1.11189	20.297607	0.0750641408237686	0.041749267768334	-0.0177443234	-0.0223419248	-0.1082416701	-0.0697134545	0.0332039085	-0.0605795318	-0.0195091986	0.0272734298	0.0602857344	0.0176015562	0.0201686268	0.0406855236	-0.0423420281	0.1029804064	-0.0392834129	0.0551007186	-0.0174544936	0.0319117744	-0.0499053287	0.0211267214	0.0124979804	0.0688318348	0.0700737946	-0.0373791473	-0.072333463	0.0038276046	0.003231168	-0.1062533595	-0.0100716746	0.018755973	0.0342446413	-0.0282046406	0.1286086993	-0.0899907267	-0.0019725632	-0.0232470734	0.0260229413	-0.0193664362	0.0193249067	-0.0124502464	0.0317132226	-0.030011052	0.0207927073	0.0507831297	-0.0566802857	-0.0171670387	0.0232425337	0.0004910805	-0.0227546205	0.0092458926	0.0407388671	-0.1136621276	0.0304418982	-0.0479285217	0.0304081544	-0.0264185552	0.0177894989	0.0280467997	-0.0061605377	0.0888396482	0.0431845691	0.0445876648	-0.0357072803	0.0493298993	0.035148976	0.0018801671	-0.0595583437	0.0788107233	0.0676693848	0.0453798541	-0.0663361938	-0.1024967892	-0.0219158165	-0.037162273488903	-0.000140442248707	1.9724025221905288e-08	0.001381034570864	0.1395153000113254	-0.0203195200722063	0.0194645189372501	0.0004128828959647	0.168485033492125	-0.0185721405368752	0.0003449244041214	0.0283872065108424	-0.003386807789547	0.0005545270251929	3.075002216693976e-07	1.1470467003336235e-05	0.0003156941803883	-3.177172210001508e-08	9.966281553104049e-08	1.0094423252005869e-15	-0.0012949687738517	-0.0001660819624045	2.7583218236129773e-08	1.6769441252509755e-06	0.0	0.0	0.0	0.0	0.0	0.0	0.0	0.0	0.0	0.0	0.0	0.0	0.0	0.0
2351.7637045560937	-3.7021374738487793	5530792.522067402	13.705821875275422	3011.9381191278594	-2.912363089767041	8.481858766637425	9071771.233455468	2712.8103397335626	-1.136532943860857	1.2917071324810256	7359339.939365327	2786.2524963378905	2075.2258167846503	1.167816	21.318525	0.0351456945461274	0.0226658003332852	-0.0337437641	0.1061867233	-0.0459577117	-0.116002529	0.0042855773	0.0420281783	0.0742362017	-0.0178664404	-0.0083837215	0.0154221249	-0.0206289062	0.0488099209	-0.0161507783	-0.032738424	-0.0534467595	0.0826539211	0.0589012182	0.0363113432	0.0129108411	0.0533517898	0.0424111254	0.0793087929	-0.0668409511	0.0175901588	0.0195542819	-0.0821720941	-0.0006501445	0.0710139557	0.0027692657	0.0267504505	0.0080146957	0.044665001	0.0718880882	0.0905455377	0.0043057142	0.0147879998	0.0495506074	-0.0438726316	0.0362784422	0.0125242177	-0.050229473	0.0616760084	0.0541296903	0.051788654	0.0506442919	-0.03223643	0.027908459	-0.0196994402	0.0401271543	0.0132245669	-0.0182700203	0.0256823733	0.1351528654	-0.0089969556	0.0159836922	0.0171600472	0.0079850648	-0.0184553921	-0.0304130384	0.0138117493	-0.0080342806	-0.0351923001	0.0404103515	-0.1266004757	-0.0411838572	0.0481443803	0.0122709698	0.0026664127	-0.0045795929	0.0437125059	-0.0691546937	-0.1010684743	-0.0146701329	-0.0309524594550651	0.0062098140338378	3.856179033485012e-05	0.0009580547463174	0.127478674130856	-0.0120366258804693	0.0162508123581609	0.0001448803625863	0.1684410318200448	-4.400167208021277e-05	1.936147145854576e-09	0.0283723812006013	-0.0033918556911309	-5.047901583899762e-06	2.5481310400737728e-11	1.1504685029457074e-05	0.0003146358921792	-1.0582882090999935e-06	9.899574464740117e-08	1.1199739335200715e-12	-0.0009639699044499	0.0003309988694018	1.0956025154526987e-07	9.292379766851494e-07	0.0	0.0	0.0	0.0	0.0	0.0	0.0	0.0	0.0	0.0	0.0	0.0	0.0	0.0
2355.598538689426	3.834834133332152	5548844.475475758	14.705952830169352	3037.857085184334	25.9189660564748	671.7928014366929	9228575.670004658	2716.090886748997	3.280547015434422	10.761988720475694	7377149.705080953	2792.15485558143	2074.9898820758385	1.188713	21.700014	0.1325033612597348	0.0738771850800334	-0.0199264274	0.0145609919	0.1111000725	0.0362532096	-0.0532759135	0.0274531454	0.0143440432	-0.0965411397	0.0344360069	0.0279876659	-0.0508801126	-0.0878765323	0.0187214699	-0.1061348386	0.0580020947	-0.0655003033	0.0629590778	0.0323590345	0.0837916828	-0.0212642476	-0.1252696517	-0.0484878008	0.0482624171	0.016378432	0.095224412	0.1107651172	0.1105559558	0.1572593417	-0.041610151	-0.0334631952	0.0005869845	0.0747286889	-0.1131466987	0.0253799901	-0.0004641046	0.0212365127	-0.0158017881	0.040907611	0.0123009183	0.0398355326	0.1064466399	-0.0062108709	-0.1338338892	-0.0068593665	-0.1640911786	-0.0277988057	-0.0185979283	0.0024881649	0.0084714546	-0.0215994067	-0.0396472412	0.0915440605	-0.0153202098	0.0563560093	-0.038934038	-0.0150541269	-0.0344987238	0.0187679456	-0.0497757545	0.024236166	-0.036661997	0.0742428907	-0.080063752	0.1272680187	0.0671538128	-0.0673096013	-0.0236727375	-0.2017950456	-0.1210408747	0.0420318424	-0.0718889393	-0.0993631376	-0.007352978	-0.0371684183324845	-0.0062159588774194	3.8638144765769066e-05	0.0013814913213385	0.1821704682513427	0.0546917941204866	0.0331860795029134	0.0029911923441177	0.2059296752248585	0.0374886434048137	0.0014053983843332	0.0424070311382157	-0.0039518784694711	-0.0005600227783401	3.1362551225987665e-07	1.5617343437469242e-05	0.0003146646988636	2.880668440000426e-08	9.901387271092009e-08	8.298250661214489e-16	-0.0008418821923342	0.0001220877121157	1.4905409449646055e-08	7.087656257694388e-07	0.0	0.0	0.0	0.0	0.0	0.0	0.0	0.0	0.0	0.0	0.0	0.0	0.0	0.0
2360.170640305086	4.572101615660358	5570405.451358121	20.904113183924057	3038.121576845256	0.2644916609219763	0.0699558386972656	9230182.715692706	2715.417222824772	-0.6736639242249112	0.4538230828021068	7373490.694013398	2796.5212299053487	2107.602812837416	1.108353	20.233034	0.0609339397712151	0.0315090778123913	-0.0109155004	-0.0505311113	0.0380094734	0.116465825	-0.0422628377	-0.0411289438	0.0338345409	-0.0551144465	-0.0298057138	0.0339254647	0.0274571678	-0.0260428849	-0.0104967602	-0.0434630803	0.0851903514	0.0346259049	-0.1139179273	-0.03171684	0.0753097826	0.0394122287	0.0608328481	-0.0036601522	-0.0733454098	-0.0186745028	-0.0456776899	0.0813133145	0.043053715	-0.0876690935	0.0670569584	-0.0476403023	0.035840095	-0.023831499	-0.0995425952	-0.0201467131	-0.0071758409	0.0195574014	-0.025412915	0.0187665376	-0.0633521922	-0.0707825482	0.0204352245	0.1291037588	0.0907068305	-0.0287522207	-0.0248586671	-0.0150470305	0.0083246761	0.0195728742	-0.0564739299	-0.0211841251	-0.0115584912	-0.019620248	-0.110992991	0.0258061714	-0.0184574602	-0.0341198584	-0.04704469	-0.0667512218	-0.0507718991	0.0172914272	-0.0558183513	-0.0270514431	0.0202652984	-0.0254705334	-0.0487122136	0.0678799016	0.05347961	-0.0751442602	-0.0251459584	0.0403383756	-0.0745355992	-0.0973854535	-0.0	-0.0369854969690521	0.0001829213634323	3.3460225199967385e-08	0.0013679269860477	0.1610048289703911	-0.0211656392809516	0.0259225549517848	0.0004479842861713	0.1950200600702274	-0.010909615154631	0.0001190197028221	0.0380328238297951	-0.0043193511962521	-0.000367472726781	1.3503620492786394e-07	1.865679475656445e-05	0.0003157620856002	1.097386736599972e-06	9.970569470258803e-08	1.2042576496655365e-12	-0.0010468273582606	-0.0002049451659264	4.200252103659963e-08	1.0958475180028663e-06	0.0	0.0	0.0	0.0	0.0	0.0	0.0	0.0	0.0	0.0	0.0	0.0	0.0	0.0
2359.8524735794226	-0.3181667256635592	5568903.69705892	0.1012300653194705	3038.908381044475	0.78680419921875	0.6190608479082584	9234964.14838235	2714.824209297653	-0.593013527119183	0.3516650433463339	7370270.487388627	2798.3644407614684	2108.4481344264427	1.032061	18.840326	0.0486173374422644	0.0416483779774391	-0.0148810502	-0.0332222512	-0.081041285	-0.0492326141	-0.0150572846	-0.0509001367	-0.0867756015	0.0237835687	-0.0957761972	0.0327742174	0.0447897563	0.0252720933	-0.0229812887	0.1298635805	-0.0336296268	0.0591784999	-0.0526807795	-0.1067370764	-0.0610917053	-0.0248658994	-0.1405504119	-0.0173531334	0.1453592547	-0.0983366673	-0.0928613455	0.126469803	0.0211461578	0.0369081569	-0.0958658994	-0.0846770018	0.0562393701	-0.0595430718	0.0738896052	-0.124963497	-0.024430889	0.0007450113	0.0150785797	-0.0051003707	-0.01879662	0.0421172972	0.058959296	-0.0592098364	-0.0450206466	0.0413719285	-0.0124456529	-0.0191378513	0.017517635	0.0178045879	-0.036798016	0.0172982609	0.0155824848	-0.1138829876	-0.0206199132	-0.0735883968	0.0528471577	-0.0377369541	0.0351257032	0.027154309	-0.0150079133	0.0336391994	-0.0010463096	0.0505015306	-0.0654379299	0.0355896025	0.0001307661	-0.0724957022	-0.0698057333	-0.0006679899	-0.0452360096	0.0386326214	-0.0770914491	-0.0951408427	0.007352978	-0.0369247583800813	6.073858897080037e-05	3.689176190163832e-09	0.0013634377814273	0.1549697809899441	-0.0060350479804469	0.0240156330200712	3.642180412629728e-05	0.196813669694464	0.0017936096242366	3.217035484154188e-06	0.0387356205786015	-0.0035058418917947	0.0008135093044574	6.617973884387632e-07	1.2290927370262642e-05	0.0003148358344693	-9.262511308999812e-07	9.912160266598049e-08	8.579411574934942e-13	-0.0010469506276445	-1.2326938390004596e-07	1.5195341007096902e-14	1.0961056167252125e-06	0.0	0.0	0.0	0.0	0.0	0.0	0.0	0.0	0.0	0.0	0.0	0.0	0.0	0.0
2352.304139503114	-7.5483340763084925	5533334.764723486	56.97734732755998	3037.611774918301	-1.296606126174083	1.681187446432163	9227085.29512231	2713.2774182885096	-1.5467910091433623	2.3925624259667413	7361874.34859436	2784.9644407614683	2087.289178895191	1.219299	22.258348	0.0321575145848008	0.0305949249789728	-0.0374401186	0.0759603965	-0.0791412425	-0.0979379242	0.0067383162	0.0837691989	-0.0072480181	-0.0375000793	-0.0245283519	0.0260491045	-0.0137547826	0.0315642841	-0.0379982383	-0.0426603754	-0.0726676997	0.0017862918	0.0158868222	0.0669251047	0.0101472042	0.0196839289	0.0424186684	0.0636103097	0.0092192947	0.0430131639	-0.0951208706	-0.0493301727	0.0779484992	-0.0399315961	-0.0062353616	-0.0175395274	0.0056529834	0.0783896307	0.0587724221	0.0948565068	-0.0060922905	0.0285131489	0.0476368751	-0.0105573376	0.0377537778	0.041141238	-0.0643722937	0.039745108	0.0823256576	0.0275029119	0.0768989783	-0.0385538362	0.0068180978	-0.0113348889	0.0689567636	-0.0032325711	0.0162933313	0.0341049118	0.159792425	-0.011517961	0.0171766084	-0.0019588936	0.0091544301	-0.0259067125	-0.0054979567	-0.0060389761	-0.0258452	-0.0527244534	0.0169162187	-0.0986251864	-0.0166455862	0.0242834831	-0.0469949083	-0.0416008844	0.0370884177	0.0369150993	-0.0795533748	-0.0926354574	0.0146701329	-0.0369532459340575	-2.8487553976198895e-05	8.115407315468457e-10	0.0013655423850629	0.1546039977319253	-0.0003657832580188	0.0239023961146931	1.3379739184685473e-07	0.1984564217389248	0.0016427520444607	2.698634279580117e-06	0.0393849513294179	-0.0029048419810186	0.0006009999107761	3.612008927528802e-07	8.438106934688065e-06	0.0003140214950421	-8.143394271999658e-07	9.860949934847567e-08	6.631487026923684e-13	-0.0010475462120081	-5.955843635999797e-07	3.547207341647928e-13	1.097353066292519e-06	0.0	0.0	0.0	0.0	0.0	0.0	0.0	0.0	0.0	0.0	0.0	0.0	0.0	0.0
2352.224215756384	-0.0799237467299462	5532958.761190737	0.0063878052913526	3021.5858162275326	-16.02595869076822	256.83135195820944	9129980.844827404	2710.5725205683075	-2.704897720202098	7.316471676754507	7347203.389260028	2787.889410556891	2077.2593583412004	1.131725	20.659693	0.0592677231346377	0.0585751514438226	-0.0292459923	0.022840923	0.1018592993	0.0092330606	-0.0456789616	-0.0256323486	0.0218694915	-0.0020586308	0.0721911002	0.0155584096	-0.0716923442	0.0200544306	0.0239889732	-0.0634390866	-0.0103384862	-0.1060267847	0.0349904739	-0.0216828453	0.1023911587	-0.0516284417	-0.0036845838	-0.0419261661	0.0782982338	-0.1059761309	-0.0161180288	-0.0813458586	0.0296778849	0.0068209534	-0.020943288	-0.173585068	0.00433866	0.0395593892	-0.0543243509	0.0405387671	0.0632365478	-0.0237454376	-0.0175089289	0.0092046569	0.015650334	0.0121272624	0.0712890221	-0.0751305648	-0.1212868875	-0.0180535502	0.1020555111	-0.0307724955	0.0081185039	0.0061296019	0.0159892052	-0.0410727606	-0.0277266011	0.0941067075	0.0042979085	0.0310536933	-0.0016491336	-0.0077720026	-0.0412662232	0.0102779875	-0.0452413944	0.0724086596	-0.0001510419	0.092568469	0.0018966998	0.0633690193	0.0576800159	-0.0668186484	-0.0114691802	0.0050794598	-0.0562634395	0.0351863325	-0.0819183771	-0.0898761648	0.0219158165	-0.0369759518986967	-2.270596463919972e-05	5.155608301965877e-10	0.0013672210188147	0.1552361004596036	0.0006321027276783	0.0240982468859041	3.995538583383496e-07	0.2000806130003951	0.0016241912614702	2.6379972538364417e-06	0.0400322516986138	-0.0040423450464909	-0.0011375030654722	1.2939132239588788e-06	1.6340553474889515e-05	0.0003156167460358	1.5952509936999594e-06	9.961393037822667e-08	2.544825732900708e-12	-0.0010468700648571	6.761471509999541e-07	4.571749698053547e-13	1.0959369326939088e-06	0.0	0.0	0.0	0.0	0.0	0.0	0.0	0.0	0.0	0.0	0.0	0.0	0.0	0.0
2359.5624192554	7.33820349901589	5567534.810362397	53.84923059296905	3036.059810463899	14.473994236366252	209.49650915436348	9217659.172714086	2714.6832707497924	4.110750181484946	16.898267054578515	7369505.26048879	2796.1535544370995	2108.2854741892834	1.127638	20.585073	0.0552036848985112	0.0309201625389601	-0.0104481916	-0.0489777796	0.0100217969	0.10716144	-0.015360833	-0.0810540937	-0.001229272	-0.0170902245	0.006648517	0.0443699255	0.0452547758	-0.0401139055	0.01382325	0.0039536112	0.1300412844	0.0473595907	-0.13614756	0.1310611907	-0.0680783998	-0.1427738493	0.1465165454	-0.0198304315	-0.0446094515	-0.0901782751	0.0742833808	0.0596530129	-0.0666674027	0.0296743629	0.0292525877	-0.0056829666	0.0431200702	-0.0448972261	-0.0688750131	-0.0533695534	-0.0547486561	-0.0267710785	-0.0546730961	-0.0605338646	0.0654222258	-0.0761830207	-0.1081384096	0.1149895288	0.0726105699	-0.0853951289	-0.1010558352	-0.0146779795	0.0150465401	0.0167592418	-0.0826969755	-0.0079866925	-0.0070569862	-0.0626998127	-0.1119278571	0.008313553	-0.0067544181	-0.0396387929	-0.0681693323	0.0165555393	-0.0338648086	0.0413842766	-0.0759967783	-0.0564280948	0.013642245	-0.0597977967	-0.025722027	-0.0068702976	-0.0549105043	-0.0006438682	0.0642386758	0.0334468475	-0.0841835744	-0.0868705278	0.0290547284	-0.0369897068893436	-1.3754990646902554e-05	1.8919976769637676e-10	0.0013682384157595	0.1554467286750878	0.0002106282154842	0.0241636854557863	4.43642451580604e-08	0.2049084886206102	0.0048278756202151	2.330838300426744e-05	0.0419874887087827	-0.0043320244745378	-0.0002896794280469	8.391417103357922e-08	1.8766436047994505e-05	0.000731914141389	0.0004162973953532	5.35698310365197e-07	1.733035213778585e-07	-0.0013439217629003	-0.0002970516980432	8.82397113103485e-08	1.8061257047970504e-06	0.0	0.0	0.0	0.0	0.0	0.0	0.0	0.0	0.0	0.0	0.0	0.0	0.0	0.0
2358.075922955925	-1.4864962994752204	5560522.0584244365	2.209671248353524	3025.7803324780434	-10.279477985855465	105.66766766168712	9155346.62041094	2716.4260656306174	1.7427948808249312	3.0373339966295863	7378970.570037435	2796.588603171324	2122.939968633583	1.157547	21.131069	0.0933101368833259	0.0616153507010934	-0.034967839	-0.00191481	-0.1365962282	-0.1120567587	0.0113108782	-0.0312364768	-0.0681737009	0.0178069152	0.0022930042	0.0569059253	0.048843291	-0.0047133262	-0.0578714776	0.0651606755	-0.0300356564	0.0662162055	-0.0040501551	-0.0272008553	0.0845495873	0.1393572671	0.0194532667	-0.0091932051	0.0021581529	0.001385375	-0.0099844412	0.1033733169	-0.1400024676	0.0888729232	0.0604025819	-0.0948646631	0.0608278208	0.0197406757	0.1085563204	-0.0444957819	-0.0368295587	0.0105391841	0.0114580697	0.0001159035	-0.0907180953	-0.0762927882	0.0866486598	0.0185957235	0.0128427215	0.1508405211	0.0298965817	-0.0324914754	0.027689225	-0.0012438556	0.0061298749	0.022898613	0.0153711712	-0.0930956878	0.0572766442	-0.0709191641	0.0429227732	-0.0102301164	0.0551670736	-0.01861566	-0.0246631239	0.0250433897	0.0876912569	0.1001178675	0.0229721917	-0.0533007373	-0.0045805123	0.037974664	-0.0114730478	-0.12014911	0.0346798918	0.0316971744	-0.086346207	-0.0836267848	0.0360520886	-0.037063253733919	-7.354684457539645e-05	5.409138346997522e-09	0.0013736847773448	0.1549043360095794	-0.0005423926655084	0.0239953533145686	2.941898035973082e-07	0.1875785798037981	-0.017329908816812	0.000300325739599	0.0351857236012098	-0.003335336400107	0.0009966880744308	9.933871177125758e-07	1.1124468901878724e-05	0.0002631723604074	-0.0004687417809816	6.925969128240243e-08	2.1971885723780227e-07	-0.0013020658471841	4.185591571620006e-05	1.7519176804416432e-09	1.695375470403248e-06	0.0	0.0	0.0	0.0	0.0	0.0	0.0	0.0	0.0	0.0	0.0	0.0	0.0	0.0
2352.5446134644244	-5.531309491500451	5534466.158340478	30.59538469076298	3029.6584177453533	3.878085267309871	15.039545340525873	9178830.128215278	2713.159115951673	-3.2669496789444565	10.672960204755288	7361232.388471663	2785.334518667368	2090.06673801273	1.155998	21.102797	0.1014646566193293	0.0606837334224117	-0.0223899037	0.1042606883	-0.0389466274	-0.0845335136	0.0115573287	0.0668943616	0.0178276605	-0.0372394198	-0.016368222	0.0219814587	0.0352679279	-0.0116689013	0.0053718435	0.0097915752	-0.05889091	-0.054829372	0.0977257537	0.077310329	-0.033714763	-0.0959862497	0.0978038192	0.010470786	0.0602836252	-0.0685564845	-0.0687229542	0.047190782	-0.0035197554	0.0399269096	-0.0672922873	-0.0734937146	-0.000972743	0.0591352587	0.0248657454	0.1024346993	-0.0682521869	-0.0033825176	0.0109000981	-0.0114926516	0.0616545451	0.0141588752	-0.1320820864	-0.047840439	-0.0530675838	-0.0129218928	0.0222282682	-0.0277147993	0.0036804017	0.015786281	0.009233873	0.0015707013	-0.0276139425	0.0476039896	0.1154979664	2.78608e-05	-0.0121024931	-0.037053689	-0.0128716442	0.0207010107	-0.0426036054	0.0227662308	-0.0603712897	-0.0146227052	0.0045843193	-0.0931097355	-0.0069272274	-0.0579732794	-0.1280804352	-0.0035117668	0.1069953049	0.029937846	-0.08840364	-0.0801538266	0.0428738067	-0.0328875811313054	0.0041756726026135	1.7436241684217805e-05	0.0010815929926681	0.1552672449026175	0.0003629088930381	0.0241079173396494	1.3170286464614694e-07	0.2376948582457458	0.0501162784419476	0.0025116413648708	0.0564988456364651	-0.0037080506688166	-0.0003727142687095	1.389159260997318e-07	1.3749639762511234e-05	0.0006028313606454	0.000339659000238	3.634056493775844e-07	1.153682364426777e-07	-0.0015258885118711	-0.0002238226646869	5.00965852275892e-08	2.3283357506602e-06	0.0	0.0	0.0	0.0	0.0	0.0	0.0	0.0	0.0	0.0	0.0	0.0	0.0	0.0
2349.562968975565	-2.981644488859274	5520446.145181272	8.890203857944883	3018.8132970473343	-10.845120698018944	117.61664295459894	9113233.722429795	2713.520032224402	0.3609162727289003	0.130260555920522	7363190.965283118	2794.790068641076	2062.1920562390824	1.059508	19.34136	0.0989268186486203	0.0621124981181415	-0.0569556157	0.0762138942	0.0648387209	-0.0920083329	-0.0871607332	-0.079862851	0.0027847352	0.0527528034	0.0658222491	0.0402110732	0.0011765383	0.0626649142	-0.0331349529	-0.1197628939	-0.0073410364	0.0399517899	0.0150266089	-0.0019990955	0.0122515782	0.0786129413	-0.0372091442	-0.1071748714	0.0659259705	-0.1222275366	0.0313711169	-0.0170984183	-0.0831093397	0.0813182096	-0.0083955483	-0.0623250874	0.0578931652	-0.0335767337	-0.0031678766	0.0783138416	0.0616140242	0.0310367633	-0.0139879368	-0.0648609781	0.0373063719	-0.0735033527	0.1208030212	-0.0989781835	0.0488113302	0.0670972047	0.0353434748	-0.0520054301	0.0284164371	-0.0263850596	0.0923446368	-0.0344076962	-0.0264314088	0.1180406282	0.0347630684	-0.0339556101	0.0324810543	-0.0029784496	0.0120169711	0.0459564959	-0.0220141742	0.0707127366	0.0137509869	0.0971158006	0.0388124217	-0.0090930337	-0.0210534175	0.0422639588	0.0538064871	-0.0389298072	0.0287428047	0.0281693982	-0.0903533669	-0.0764611723	0.0494866478	-0.0369507386303098	-0.0040631574990043	1.6509248861715676e-05	0.0013653570853254	0.1506020399124281	-0.0046652049901894	0.0226809744257845	2.1764137600488163e-05	0.1886114938181293	-0.0490833644276164	0.0024091766635342	0.0355742956003062	-0.0031737656457867	0.0005342850230298	2.854604858340606e-07	1.0072788374375867e-05	0.0003159237878327	-0.0002869075728127	9.980783971856085e-08	8.231595533727477e-08	-0.0015269977506647	-1.1092387936001338e-06	1.2304107012274799e-12	2.331722130535053e-06	0.0	0.0	0.0	0.0	0.0	0.0	0.0	0.0	0.0	0.0	0.0	0.0	0.0	0.0
2350.761583058964	1.198614083398752	5526080.020385886	1.4366757209218304	3032.73423936632	13.920942318985452	193.79263504852008	9197476.96662481	2710.5582199771848	-2.96181224721704	8.772331787764852	7347125.863885884	2785.248931102264	2085.597597776377	1.062248	19.391392	0.1140629681478681	0.0654770959238882	-0.0382862489	-0.0426549836	0.0961963828	0.0822821456	0.0308570584	-0.0537193614	-0.0003649498	-0.0856840676	0.1615069384	0.0332417496	-0.0828974491	0.0096276866	0.0374230245	-0.0032331219	0.0244425859	-0.0924467667	0.0104304447	-0.0145054402	0.0450477887	-0.1728159795	0.0223775354	-0.0536080118	0.0116885274	-0.0231322985	0.0824835404	-0.0358949682	-0.1212571334	-0.0136522772	-0.0159433838	0.1557857743	0.002752654	0.0838076153	-0.0292156727	0.0229332124	0.0510770463	-0.0621125747	-0.0354171211	0.0126789014	-0.0086029602	-0.0701135694	0.0168123158	-0.0250508881	-0.1563623447	-0.1397455627	-0.0734179982	-0.0364876456	0.0061928062	-0.008552341	0.0033130608	-0.0306020221	0.0058399187	0.0478997904	-0.0706327486	0.0871056707	-0.0226261265	-0.0049290525	-0.0278157335	-0.0119450745	-0.0329157671	0.0580506084	0.0126512599	0.1167149081	0.0398440519	0.0385526111	-0.028487278	-0.1182415316	-0.0227518798	0.0284676341	0.0410780887	0.0263923698	-0.092193012	-0.0725589432	0.055858395	-0.0370480974238063	-9.735879349649644e-05	9.47873467109344e-09	0.0013725615227238	0.1868674156242065	0.0362653757117784	0.0349194310220699	0.0013151774755164	0.1975899446681026	0.0089784508499732	8.061257966538601e-05	0.0390417862339438	-0.0041991599470107	-0.001025394301224	1.051433472982655e-06	1.7632944260578904e-05	0.0005158956691131	0.0001999718812804	2.661483414096532e-07	3.9988753302822424e-08	-0.0013779282773167	0.000149069473348	2.22217078842501e-08	1.8986863374289688e-06	0.0	0.0	0.0	0.0	0.0	0.0	0.0	0.0	0.0	0.0	0.0	0.0	0.0	0.0
2355.181488480438	4.419905421474141	5546879.843680931	19.5355639347765	3018.667130214716	-14.067109151603743	197.88355988313384	9112351.24303875	2710.7959059993777	0.2376860221929746	0.0564946451459192	7348414.443982987	2796.5747314453124	2101.923856081045	0.951179	17.363815	0.0670768496632644	0.037644745950869	-0.0291285991	-0.0566755623	0.0320672871	0.0770510444	-0.0374851498	-0.1277752238	0.0457683179	-0.0303644676	0.0084390908	0.0356403365	-0.0052671205	0.0569553622	0.0213163358	-0.0254857172	0.0885192978	-0.0233866398	-0.1407137922	-0.0178580953	0.0348192514	0.0337670905	0.0011183638	0.2107394436	0.1021865767	0.0874545588	0.0360330936	-0.0436634232	-0.0256000236	0.063221343	0.0538092873	0.0668163386	0.0652268772	-0.0683618942	-0.044924097	-0.0201837937	0.0629130667	-0.021504817	-0.0379222628	0.0172356102	-0.006945691	-0.0351716416	-0.0181960666	0.1719133387	-0.018238549	0.0486619551	-0.0382613768	-0.0300668343	0.0305970309	0.0177102445	-0.0496077461	-0.0213606211	0.0166304206	-0.0571555189	-0.128586301	-0.015388226	0.0060646469	-0.0553580017	-0.0192907971	-0.0065056555	-0.0741398332	0.0541034142	-0.0443890344	-0.0027559988	0.0592974873	-0.0940109384	-0.0624679049	0.0605041913	0.0367514242	0.0250922708	0.0946540981	0.024607302	-0.0939203342	-0.0684578352	0.0619580057	-0.0371930950159935	-0.0001449975921872	2.102430174008641e-08	0.0013833263168687	0.1553110565684221	-0.0315563590557844	0.0241215242923996	0.0009958037968575	0.1785534617480948	-0.0190364829200077	0.0003623876819637	0.0318813387022283	-0.0042986854189504	-9.952547193970047e-05	9.905319564820109e-09	1.847869633109678e-05	0.0004367822340953	-7.911343501780006e-05	1.9077872002128145e-07	6.258935600315673e-09	-0.0015260695722649	-0.0001481412949482	2.19458432689296e-08	2.328888339392775e-06	0.0	0.0	0.0	0.0	0.0	0.0	0.0	0.0	0.0	0.0	0.0	0.0	0.0	0.0
2352.5549882091937	-2.6265002712443675	5534514.97254796	6.898503674846736	3014.8314560036256	-3.835674211090464	14.712396653624449	9089208.70810894	2709.230870879857	-1.5650351195208714	2.449334925333708	7339931.911728428	2789.2477518717446	2081.5518865957965	0.994643	18.157257	0.0867397191147869	0.0495108975027162	-0.0402627359	-0.0477379587	-0.0457330366	-0.033659566	0.0273590284	-0.0855544403	-0.0353566441	-0.0369093381	-0.0653148177	0.0003694685	0.0082164592	0.0435102777	-0.0458781578	0.1246556421	0.0063468261	-0.033378118	-0.021561959	-0.0654503268	0.0129456574	-0.036665169	-0.0175648701	-0.0335074873	0.0232232954	-0.068846367	-0.0597052359	0.0369512038	0.0684040464	0.0868217733	-0.0420908378	-0.1220416564	0.0099955292	-0.0147172037	0.0444983208	-0.1093944749	0.0184005064	0.0023311439	-0.1193241071	-0.0124747579	0.0049843268	0.1147935523	0.019004592	-0.0538779376	-0.0360337404	0.032252023	0.1335489676	-0.0434228897	0.0358142403	-0.0185776954	0.0139267084	0.0065679297	0.0648092456	-0.0757657545	-0.0229100171	-0.0537808054	0.0404791406	-0.0303317231	0.0124343504	0.056897728	-0.0013875981	0.0373577887	-0.0544300142	0.0251123695	0.0545008019	0.0206197784	-0.0280099373	-0.0327895458	-0.0674724639	-0.0194608833	-0.0105762932	0.0228147385	-0.0955332289	-0.0641690889	0.0677557633	-0.0287024729084492	0.0084906221075443	7.209066377312e-05	0.0008238319510602	0.1449373402202667	-0.0103737163481553	0.0210068325901253	0.0001076139908719	0.182322457622952	0.0037689958748571	1.4205329904690468e-05	0.0332414785536731	-0.0034128095587101	0.0008858758602403	7.847760397564922e-07	1.1647269084023029e-05	0.0003156354331608	-0.0001211468009344	9.962572666660587e-08	1.4676547376663362e-08	-0.0012509645377551	0.0002751050345098	7.56827800126383e-08	1.564912274720831e-06	0.0	0.0	0.0	0.0	0.0	0.0	0.0	0.0	0.0	0.0	0.0	0.0	0.0	0.0
2352.435576743808	-0.1194114653858378	5533953.142729972	0.0142590980655931	3038.6580762676163	23.826620263990662	567.7078332044105	9233442.904466411	2713.961714212873	4.73084333301631	22.380878641544868	7365588.186213277	2785.489844532502	2063.3073724948204	1.20672	22.028727	0.0638733631791974	0.0332261044752219	-0.0450223329	0.1159234796	-0.0063693162	-0.0711182012	-0.0430633183	0.1255466448	0.0055597717	-0.1204615072	-0.0197967146	0.0540474884	-0.0078643799	0.0258298443	-0.0050220606	-0.0097845238	-0.0314094432	0.0019600224	0.0879462635	0.1168198323	-0.0640532844	0.049534331	0.1070283111	0.0341951407	-0.0141286071	0.0358517319	0.1058112669	-0.0899556145	0.0870555794	-0.0767212977	0.1155703556	0.0178244954	0.0247151322	0.0698875882	0.006947646	0.0982078086	-0.0267334489	0.023325252	0.0206863761	-0.0230991705	0.0023260688	0.1273877307	-0.080530231	0.0175453806	0.1135162516	-0.0178206908	-0.0007257383	-0.0464729381	0.0167650962	-0.0139691954	0.0482666999	0.0107530226	-0.0166996455	0.0478706007	0.1313378774	-0.0085739568	0.0103016402	-0.0011549051	0.0102056713	0.0277142789	-0.0102320578	-0.0001045324	-0.0341102164	-0.0510460459	0.040348911	-0.0794039456	-0.0541972329	0.0261313383	-0.0299584865	0.0243817893	0.0508271309	0.0210152255	-0.0970297311	-0.0597044597	0.0732234215	-0.0369459747049489	-0.0082435017964996	6.795532186889372e-05	0.0013650050468987	0.1681909646525099	0.0232536244322432	0.0282882005907418	0.0005407310492358	0.1974749849856465	0.0151525273626945	0.0002295990854772	0.0389963696950813	-0.0033447662791866	6.80432795235001e-05	4.6298878883131686e-09	1.1187461462383772e-05	0.0003160543584435	4.189252826999825e-07	9.989035749113239e-08	1.7549839248526025e-13	-0.0015269765247041	-0.000276011986949	7.618261693953495e-08	2.331657306997411e-06	0.0	0.0	0.0	0.0	0.0	0.0	0.0	0.0	0.0	0.0	0.0	0.0	0.0	0.0
2354.788660863418	2.35308411961023	5545029.63733093	5.537004873961852	3039.123842725566	0.4657664579499396	0.2169383933512329	9236273.731423013	2713.5032996793766	-0.4584145334965797	0.2101438845208867	7363100.157370864	2799.614346391727	2069.452147598377	1.092222	19.93856	0.0611767911687921	0.0300936407613131	-0.0495608986	-0.0048048374	0.1044484746	0.0531566707	-0.1837331522	-0.0111234761	0.025515599	0.0056957646	0.057318385	0.0615996745	0.0057056892	-0.0007949698	0.0421612226	-0.049671695	0.006344939	-0.0317854805	0.0810605265	-0.1501599058	0.0328490731	0.0002054157	0.0582209463	0.0185725616	0.0142578442	-0.0615969244	0.1183318536	0.026539948	0.091812592	-0.0064307384	-0.0433108306	0.0604923472	0.0849716815	-0.0651026785	-0.110273017	-0.000159643	0.0275450903	0.0170158532	0.034279169	0.0256090596	-0.1039314763	-0.0029554023	0.0198528893	-0.1183353619	0.0022208276	-0.044981588	0.0972040611	-0.0444742133	0.0255016479	-0.0115305009	0.0494671043	-0.0337111468	-0.0332459951	0.0738154775	-0.0453332987	-0.0183473316	0.034899415	0.0230983908	0.0027325956	0.0099522999	0.0008593435	-0.0055668072	0.1152628417	0.0602934591	0.0567880593	0.0276873714	0.0285766564	-0.0375820191	0.014614906	0.01739068	-0.0274310149	0.019209311	-0.0984080176	-0.0550761846	0.0783343427	-0.0532915485575955	-0.0163455738526466	0.0002671777845723	0.0028399891476665	0.1550454950752993	-0.0131454695772106	0.0240391055431446	0.0001728033704053	0.1835557781594516	-0.0139192068261949	0.0001937443186703	0.0336927236957218	-0.0036992687891277	-0.0003545025099411	1.2567202955453986e-07	1.368458957421432e-05	0.0003168254421825	7.710837389999971e-07	1.0037836081413665e-07	5.945701325502157e-13	-0.0015269193001294	5.722457470012064e-08	3.274651949609688e-15	2.3314825491076564e-06	0.0	0.0	0.0	0.0	0.0	0.0	0.0	0.0	0.0	0.0	0.0	0.0	0.0	0.0
2354.071178004714	-0.7174828587039883	5541651.111112502	0.5147816525340473	3026.267724928513	-12.85611779705323	165.2797648117088	9158296.342943998	2714.390976357249	0.8876766778726051	0.7879698844389447	7367918.37252966	2795.1090178660857	2076.578696133604	1.033103	18.859341	0.0723593781839964	0.0419877057464644	-0.0521787057	-0.0583263329	0.0015395859	0.0289911515	-0.0026591486	-0.1151305243	-0.0523570267	-0.0504155187	-0.1056474274	0.0768924738	0.0206969431	-0.0045780155	0.0212984671	0.0386951159	0.0704154664	-0.0281065249	0.0058519657	0.0456182769	0.0225716568	-0.0415646579	-0.0375145511	-0.0802464837	-0.0320582509	-0.0249294935	-0.0370916974	-0.0210809482	-0.0389906758	-0.1010057317	-0.0552069942	-0.0709134269	0.0675982918	0.0010105406	-0.0176480764	-0.0469061034	-0.0388216811	-0.0202962911	-0.1231239658	-0.0735456601	0.047718968	0.0270877759	-0.0322935604	-0.0321906076	0.0098674683	-0.0295497754	0.0695812059	-0.0466079454	0.0368862814	-0.0306701726	0.0385669825	-0.0056991502	0.0606299915	-0.0193853582	-0.0758346479	-0.0423529848	0.0399301522	0.0075239294	-0.0190395716	0.083957925	0.056734183	0.0080225403	-0.0953839896	-0.0882332743	0.079065591	0.0053009703	-0.0309410311	0.0085186943	-0.0223562201	-0.0512567562	-0.0255100996	0.0173975452	-0.099666409	-0.0502969496	0.0830636267	-0.0449491137331392	0.0083424348244562	6.959621880030118e-05	0.0020204228253946	0.1621296597478618	0.0070841646725625	0.0262860265699574	5.0185389107982686e-05	0.149005723970049	-0.0345500541894026	0.0011937062444906	0.0222027057758384	-0.0036969304513755	2.3383377522000724e-06	5.467823443364087e-12	1.366729476230746e-05	0.0007608220871597	0.0004439966449772	5.788502483100421e-07	1.971330207510098e-07	-0.0015255997929073	1.3195072220998846e-06	1.7410993091737542e-12	2.3274547281187966e-06	0.0	0.0	0.0	0.0	0.0	0.0	0.0	0.0	0.0	0.0	0.0	0.0	0.0	0.0
2353.372640637658	-0.6985373670559056	5538362.785701864	0.487954453173397	3035.15738214231	8.889657213796909	79.02600537881142	9212180.33437296	2713.320659806243	-1.0703165510062718	1.1455775193579611	7362109.002931385	2788.473926563752	2116.4086721285034	1.14936	20.981627	0.066643531412994	0.0303462940787734	-0.0465810514	-0.0093296827	-0.1391905838	-0.1023222914	0.0422836292	0.0041890509	-0.0806783551	-0.0360893265	0.0873948543	0.0555198614	-0.0240981729	0.0229005984	-0.0603349514	0.0476479273	-0.0748371027	0.0873755486	-0.0088377979	-0.0518048578	0.0551943239	0.0316337483	0.0274621329	-0.0538466414	-0.0361838312	-0.0628795566	-0.0663048554	-0.0360057321	-0.0399199758	0.0975549071	0.0590772016	0.1405925761	0.0355624798	0.0731013224	0.1144802976	-0.0201706479	-0.0191080525	0.0148189648	0.0734356202	-0.0598967736	-0.0430870814	-0.0907819901	0.0934845669	0.004163474	0.0262763611	-0.0446386971	0.0243671354	-0.0473567054	0.0263996386	-0.0501890217	0.0169661108	0.039231142	0.0420555985	-0.0626506779	0.0772297553	0.0231331046	0.0171819173	0.0553894465	0.0171441466	0.0242824414	0.0693398073	0.0040798334	0.1047646516	0.0987062176	0.0439248082	0.0144824392	-0.0149140115	0.0627819944	0.1012921605	-0.0947222742	0.0038965361	0.01558048	-0.1008033722	-0.0453798541	0.0873882332	-0.0533425594707637	-0.0083934457376244	7.044993135044681e-05	0.0028454286508919	0.1571143627024298	-0.005015297045432	0.0246849229673906	2.515320445391916e-05	0.1597673843838265	0.0107616604137775	0.0001158133348614	0.0255256171128493	-0.0038438113897489	-0.0001468809383734	2.1574010057450557e-08	1.477488599996337e-05	0.0003159375143033	-0.0004448845728564	9.98165129441479e-08	1.979222831656215e-07	-0.0012679027398139	0.0002576970530934	6.640777117302261e-08	1.6075773576275942e-06	0.0	0.0	0.0	0.0	0.0	0.0	0.0	0.0	0.0	0.0	0.0	0.0	0.0	0.0
2350.912491078609	-2.460149559049114	5526789.540709431	6.05233585288955	3011.9340094273384	-23.223372714971447	539.3250402584803	9071746.477145042	2710.5675977858823	-2.7530620203606304	7.579350487952156	7347176.702166729	2784.588016294821	2075.40349392263	1.172141	21.39749	0.0651645933712125	0.0392437718233426	-0.0467641483	0.1310198634	-0.0292266775	-0.1079206364	0.0244719511	-0.0229361037	0.048491172	-0.0576087639	0.0321713257	0.0299134112	-0.0132347232	0.0351978005	-0.0395269883	0.0184153198	-0.0106261628	0.0096451182	0.1734837891	0.067571999	0.0263867778	-0.0308139127	0.0594301361	0.0099645	-0.0034001006	0.0706649689	0.0139518962	0.0507144826	-0.0992165636	-0.0346695125	0.0081797549	-0.0063032705	0.0199399062	0.0640541835	0.0774838809	0.1006367361	0.0082892802	0.0054506894	0.0078395395	-0.0547350618	0.0058592182	0.0017396502	-0.0897883585	-0.0447422767	-0.0869054142	0.0288282969	-0.0061809076	-0.0455968245	0.0389465264	-0.0370790007	0.0087870531	0.050720939	-0.0448729837	0.0322136594	0.1114741291	0.0459432946	-0.0007426066	0.0544800934	-0.0301307274	0.0320195527	0.0386214887	0.0211471004	-0.0579147772	-0.0465534528	0.0780684104	-0.0458669414	-0.0564702141	-0.1036756291	-0.0295769042	0.041210414	-0.0032660921	0.0137586687	-0.1018175221	-0.0403383756	0.0912870929	-0.053274690014291	6.78694564726981e-05	4.6062631218994615e-09	0.0028381925961187	0.1432733742484515	-0.0138409884539782	0.0205272597685368	0.0001915729613831	0.1653510768073331	0.0055836924235065	3.117762108032492e-05	0.0273409786013445	-0.0039513192539671	-0.0001075078642181	1.1557940868758882e-08	1.561292384677112e-05	0.0010037452258693	0.0006878077115659	1.007504478455412e-06	4.730794480896578e-07	-0.0013860280247748	-0.0001181252849608	1.39535829470938e-08	1.921073685461133e-06	0.0	0.0	0.0	0.0	0.0	0.0	0.0	0.0	0.0	0.0	0.0	0.0	0.0	0.0
2351.137763640309	0.2252725616999669	5527848.783615554	0.0507477270548653	3006.498763738894	-5.435245688444411	29.54189569375356	9039034.8163635	2708.569550640815	-1.998047145067176	3.992192393911092	7336349.010658587	2783.9835943760017	2082.051954388101	1.113658	20.32987	0.0866714225408281	0.0430605023406384	-0.0416285036	0.0172785895	0.100207183	-0.0072657836	-0.0067925411	-0.0768462803	0.0541230196	-0.0612749707	0.1116284467	0.0190233803	-0.0319266178	0.0558586052	0.0342504613	-0.1080343528	0.0396634163	0.0649657037	-0.0437748223	-0.0264080866	0.1018281653	0.0956011855	-0.0413728213	-0.0631021425	0.0761592204	0.0023060384	-0.0692458412	0.0641278602	0.0088355491	0.0025643776	0.0218504698	0.0607214217	0.0045381668	0.0370205938	-0.0276354894	0.0348664062	0.047286033	-0.0445113884	0.0017225186	-0.0749382791	0.0100572117	-0.0397675186	0.1859573931	0.0654422687	-0.0060111025	0.0234199991	-0.1136278383	-0.0407462282	0.0306077148	-0.0179605252	-0.0278313066	0.0053545309	-0.0638753673	0.0554015159	-0.0569708476	0.0519360115	-0.0366914951	0.0272512249	-0.0428951485	0.0372293293	0.001225366	0.0378693866	-0.0141092871	0.1252338616	0.0272223713	0.0668017369	0.0242417491	0.054905497	0.1085955556	0.0254372352	-0.0055436834	0.0119326665	-0.102707623	-0.0351863325	0.0947412111	-0.0534428897690304	-0.0001681997547394	2.8291157494395574e-08	0.0028561424668647	0.1646664796885204	0.0213931054400689	0.0271150495330099	0.0004576649603699	0.1749229067965529	0.0095718299892197	9.16199293425274e-05	0.0305980233221555	-0.0043661719932251	-0.0004148527392579	1.721027952698659e-07	1.906345787442324e-05	0.0004478341823621	-0.0005559110435071	2.0055545489193066e-07	3.090370882932639e-07	-0.0015260299891456	-0.0001400019643708	1.9600550027682774e-08	2.32876752777172e-06	0.0	0.0	0.0	0.0	0.0	0.0	0.0	0.0	0.0	0.0	0.0	0.0	0.0	0.0
2352.2789865547843	1.1412229144752928	5533216.430587203	1.3023897405234814	3010.28527951708	3.786515778186185	14.337701738452932	9061817.464077223	2705.899016253716	-2.6705343870989964	7.131753912678212	7321889.486162828	2793.185555169521	2099.3105546920933	1.043225	19.044115	0.0235260667436458	0.0126720591522666	-0.0349808976	-0.0519817076	0.026891888	0.053343162	0.0133170169	-0.1498862498	0.0537749779	-0.0307244763	0.0151601377	0.0004348729	-0.0353557131	0.1024124112	0.0061716927	0.0076447059	0.1056761395	-0.0795247559	0.0213323405	-0.0757090621	0.0041043691	-0.1103351034	-0.0190532664	0.1058201442	0.0478593624	0.0160947289	-0.1124003817	-0.073506156	-0.0361422145	-0.0384691086	-0.0237692163	0.0552224423	0.0416109218	-0.0596302691	-0.0069111472	0.0020300245	0.1185840448	-0.0236652079	-0.0583594162	0.0045650906	-0.0572913604	-0.0481010389	-0.0888642237	0.0068095894	-0.1321182438	-0.0164749103	0.0048314964	-0.031685184	0.0368003265	0.0059075997	-0.0252802962	-0.0104367348	0.0121831434	-0.0443947635	-0.1185069308	-0.0121069486	0.0162596693	-0.0358218749	-0.009393449	-0.0318667301	-0.0391062615	0.0163030913	0.0057069045	-0.0092659212	0.1130119583	-0.0602412176	5.95263e-05	-0.0918424183	-0.0288760709	0.0523428757	-0.0079630935	0.0101030294	-0.1034725904	-0.029937846	0.0977337597	-0.0445118171401759	0.0089310726288545	7.976405830187406e-05	0.0019813018651204	0.1646865786620566	2.009897353619228e-05	0.0271216691914137	4.0396873720855745e-10	0.1694658981586627	-0.0054570086378901	2.977894327400824e-05	0.0287186906387222	-0.0043230715329657	4.3100460259399946e-05	1.8576496745721137e-09	1.8688947479138405e-05	0.0005868006171414	0.0001389664347793	3.44334964277528e-07	1.9311669995269442e-08	-0.001525739154117	2.908350286000977e-07	8.458501386081965e-14	2.327879966405658e-06	0.0	0.0	0.0	0.0	0.0	0.0	0.0	0.0	0.0	0.0	0.0	0.0	0.0	0.0
2348.7389502755486	-3.540036279235665	5516574.656541486	12.531856858304687	3016.253244836346	5.967965319265659	35.61661005195766	9097783.636985786	2711.01322221334	5.114205959624087	26.15510259745453	7349592.691015557	2793.339378161308	2084.1034244255807	0.965505	17.62534	0.0988725702111577	0.0529024668049413	-0.0517942833	-0.0558787138	-0.0455716181	-0.0592675671	0.0710655998	-0.1007684644	-0.0783564309	0.0272746373	-0.0115654449	0.0413149099	0.0115811425	0.0414442355	-0.0089141442	0.0552493033	0.1002036391	0.0514744165	-0.0961639328	0.1385004418	0.0558047375	-0.003141789	0.0634360166	-0.0436626411	0.0126671026	-0.0193615769	-0.0381846561	-0.0601096891	-0.0565745973	0.0147841381	0.0653233916	0.0012261169	0.0427927439	0.0148664524	0.0521052607	-0.0592074442	-0.0140290224	-0.0385302552	-0.1473861401	-0.1231538581	0.1439817949	-0.0123764624	-0.0128373296	0.0425146761	0.0520416216	-0.0509814397	0.0107947203	-0.0528765761	0.0476376238	-0.0412433269	0.0473456066	-0.0009284678	0.0918748869	-0.0358226892	-0.0147840937	-0.0563971991	0.0110733426	-0.009791104	0.0026988282	0.0947892414	0.0367970312	0.0487024546	-0.0964464043	-0.0073468129	0.0871223339	0.0331518381	-0.0081530508	0.0739639057	0.0307316322	-0.0120140438	0.0536877522	0.0082703149	-0.1041114925	-0.024607302	0.1002501592	-0.0531922420922228	-0.0086804249520468	7.534977734811841e-05	0.0028294146187976	0.1480865369936594	-0.0166000416683972	0.0219296224387744	0.0002755613833925	0.1475974560432291	-0.0218684421154335	0.000478228760556	0.0217850090304329	-0.0035369599537965	0.0007861115791691	6.179714149038933e-07	1.2510085714760138e-05	0.0006450369279615	5.823631082010005e-05	4.160726384340094e-07	3.391467897935302e-09	-0.0017158644936333	-0.0001901253395163	3.6147644726188364e-08	2.944190960511461e-06	0.0	0.0	0.0	0.0	0.0	0.0	0.0	0.0	0.0	0.0	0.0	0.0	0.0	0.0
2347.621223257078	-1.1177270184707595	5511325.407887058	1.2493136878195334	3035.1126222298817	18.85937739353585	355.67611567181115	9211908.62961915	2710.776783630912	-0.2364385824280361	0.0559032032605792	7348310.770672353	2782.620127829527	2096.5463176015146	1.048803	19.145954	0.1233541002498172	0.0850287103973701	-0.0234035795	-0.0324383778	-0.1202495047	-0.0701826638	0.0612402873	0.0391332385	-0.1009369418	-0.0064770605	0.1630396581	0.0184673519	0.030773879	-0.0282694291	-0.0172305987	0.0795159148	-0.0753223	-0.015839435	0.0976715447	-0.0518713411	0.0869531487	0.0776172517	0.0565778182	-0.0993687486	0.078443999	-0.0377243036	0.0243500495	-0.1693490551	-0.0144361228	0.0893702721	-0.0353230042	0.0406828912	-0.0159930735	0.0900871108	0.1050044064	-0.0250924301	-0.0965847226	-0.0233491649	0.0181090031	-0.0231548084	-0.0395258261	-0.0693224124	0.0594376644	-0.1218273718	0.0209577375	-0.0968353918	0.0865243318	-0.0350458488	-0.0083503796	-0.0241716157	0.0194757297	0.0026042232	0.0956985101	-0.0444990261	0.091245534	0.038170104	-0.0360143076	0.0002659786	0.0101561538	-0.0139870095	-0.0118626365	0.0587362855	0.0884450219	0.1317909547	0.0315556005	0.0794240551	0.0385760371	-0.0023385032	0.0016550744	0.0389821248	0.030755295	0.0064350811	-0.1046235507	-0.019209311	0.10227815	-0.0651062780604974	-0.0119140359682746	0.0001419442530533	0.0042388274428908	0.1546151242912827	0.0065285872976233	0.0239058366596088	4.262245210268853e-05	0.2235005279645534	0.0759030719213243	0.0057612763270937	0.0499524860004341	-0.0040268879043913	-0.0004899279505948	2.400293967740214e-07	1.621582619453296e-05	0.0007319506527911	8.691372482959997e-05	5.357517581213175e-07	7.553995563755423e-09	-0.0017125380678058	3.3264258274998907e-06	1.1065108785858332e-11	2.932786633684023e-06	0.0	0.0	0.0	0.0	0.0	0.0	0.0	0.0	0.0	0.0	0.0	0.0	0.0	0.0
2350.1999271156565	2.578703858578592	5523439.697414437	6.64971359024812	3010.51433727788	-24.598284952001904	605.0756225798833	9063196.574955672	2712.5709020563986	1.794118425486431	3.2188609246699107	7358040.898683064	2784.7378993890225	2094.2687838564043	1.046711	19.107759	0.0991121590660012	0.0565548862979269	-0.0280083894	0.0681155258	-0.0868449935	-0.0605163875	0.0474938368	0.0283755507	0.0391652043	-0.0267596362	0.0293625865	0.0508809298	0.0148054227	-0.0140380871	-0.0212359231	0.0285889417	-0.0117622046	0.0974044172	0.0249581104	0.1080403182	-0.0462522631	-0.0023588497	0.1641735089	-0.0196005226	0.0240900501	0.0416768095	-0.0064816527	0.1383043855	0.033276252	-0.0068881536	-0.0117683013	0.0975639173	0.024639709	0.0624689354	0.077625973	0.0268345898	-0.0675141612	0.0013639333	0.0582297834	-0.0726088187	0.0259757117	-0.0347893695	-0.088636186	0.0679539079	0.0875168372	-0.0210659742	-0.1542161461	-0.0352060792	0.0247390908	-0.029852739	-0.0216410074	0.0549460361	-0.0224312881	-0.0362967403	0.1027803209	0.0581169948	-0.0247221164	0.0139680337	-0.0235833351	-0.0340259363	-0.0202333934	0.0604835591	-0.0613147419	-0.0249655244	0.114539311	0.0094236976	-0.0479521089	-0.0120467971	-0.0271554828	0.0553874032	-0.0020116078	0.0045978871	-0.1050081413	-0.0137586687	0.1038078519	-0.0491924871362385	0.0159137909242589	0.000253248741581	0.0024199007906489	0.1641980699503875	0.0095829456591047	0.0269610061754323	9.183284750535514e-05	0.1758958142724509	-0.0476047136921025	0.002266208765707	0.0309393374785685	-0.0038069603692457	0.0002199275351456	4.8368120715219366e-08	1.4492947253007356e-05	0.0007637519526537	3.180129986259995e-05	5.833170451823396e-07	1.0113226729509996e-09	-0.0014440527270033	0.0002684853408025	7.208437822583462e-08	2.085288278365667e-06	0.0	0.0	0.0	0.0	0.0	0.0	0.0	0.0	0.0	0.0	0.0	0.0	0.0	0.0
2352.456124292112	2.2561971764553164	5534049.816719464	5.090425699044942	3015.430234422871	4.91589714499105	24.166044740131152	9092819.49867157	2709.3232130202573	-3.2476890361413098	10.54748407547247	7340432.27261041	2787.429602363782	2076.3091587447566	1.053805	19.237265	0.0806095690300435	0.049916496834355	-0.0158639309	0.0797479817	0.0795032872	-0.0136514564	-0.0711634385	0.0350894068	0.0843382712	0.0173171793	-0.0100685344	0.0194499428	0.0088395519	0.0240293309	0.0454873105	-0.0817685242	-0.0430037983	0.0893023984	0.0012293572	-0.0037403543	0.1001066339	0.0405522101	-0.0732221893	0.0213787924	-0.0096274953	0.0676953606	-0.0726679366	0.0678517459	-0.0480503492	0.0310880144	-0.02663376	-0.0312129409	0.017980313	-0.0196906487	-0.0489013867	0.0322785047	0.0041305295	-0.0127154786	0.0596135963	-0.0190347566	0.019118864	0.0282658759	0.1445336684	0.0733154913	-0.0623497497	0.0891051751	0.0299443561	-0.0215582523	0.0195508515	0.0103025038	-0.049940343	0.0011002366	-0.0956244291	0.0359082548	-0.0008362279	0.0161175364	-0.0297196174	-0.0139985503	-0.0483908942	0.0279765254	-0.0647329618	0.0753179945	-0.0375537887	0.049660068	0.0440637536	0.0370923818	0.0362816382	0.0427970913	0.0390243517	-0.0580561855	-0.0276000418	0.0027592926	-0.1052647956	-0.0082703149	0.1048318124	-0.0515266221614609	-0.0023341350252224	5.448186315969982e-06	0.0026549927913699	0.1648669734539254	0.0006689035035379	0.0271811189358573	4.4743189704528326e-07	0.2109211811922691	0.0350253669198181	0.0012267763278678	0.044487744675542	-0.0043417575729707	-0.000534797203725	2.860080491120797e-07	1.8850858822448427e-05	0.0010048051301505	0.0002410531774968	1.0096333495767634e-06	5.810663438130381e-08	-0.0015198256174108	-7.577289040750011e-05	5.741530920707022e-09	2.3098699073381198e-06	0.0	0.0	0.0	0.0	0.0	0.0	0.0	0.0	0.0	0.0	0.0	0.0	0.0	0.0
2357.837867528448	5.381743236336206	5559399.409551099	28.9631602618505	3036.104001911637	20.67376748876632	427.4046621795711	9217927.510423858	2710.873809004252	1.5505959839947536	2.404347905580658	7348836.808345222	2798.378205128205	2088.1890528191707	1.071692	19.563776	0.0793210807064537	0.0370220027292336	-0.0207124853	-0.0417565821	0.0409487813	0.1149326731	-0.080360217	0.004027385	0.0871387783	-0.0161942308	-0.0746392375	0.0237517196	0.0400005231	-0.0123068333	0.0302678009	0.0159996001	0.0651927217	-0.0789323534	0.0007738419	0.0363567674	-0.0836781744	-0.0139038897	-0.0660968471	0.1484954999	-0.0155974841	0.0790589719	-0.0504065636	-0.011390664	0.0035967742	-0.1194125371	0.0498850223	-0.0534986019	0.0521079442	-0.0896605268	-0.1012254551	-0.0154140766	-0.0022224387	0.0234098549	-0.0367647032	0.0763408704	-0.0563262093	0.0840694789	-0.1117670655	0.0252453171	0.0026950197	0.0009258817	-0.0615856262	-0.0152997042	0.0136243809	0.0320415476	-0.0424085834	-0.0206424618	-0.0121594857	-0.0431020592	-0.1108420552	-0.0417896258	0.0010761808	-0.0591221233	0.0049892752	-0.031098909	-0.0687537615	0.0168733928	-0.0102233944	-0.0679909202	0.0218140067	-0.03334011	-0.0243709141	-0.0341060451	-0.0702693187	0.1704765786	0.032458911	0.0009198576	-0.105393201	-0.0027592926	0.1053450429	-0.056543580922721	-0.00501695876126	2.5169875212184463e-05	0.0031971765435642	0.1755789667279259	0.0107119932740004	0.0308279735572461	0.0001147467999022	0.2235489154686973	0.0126277342764281	0.000159459672956	0.0499741176072307	-0.0047800189775708	-0.0004382614046	1.9207305876205225e-07	2.2848581425937e-05	0.0005940436089182	-0.0004107615212323	3.5288780929655934e-07	1.6872502732507334e-07	-0.0016900905794737	-0.0001702649620628	2.8990157306280732e-08	2.8564061668257466e-06	0.0	0.0	0.0	0.0	0.0	0.0	0.0	0.0	0.0	0.0	0.0	0.0	0.0	0.0
2358.209209336905	0.3713418084571458	5561150.675001391	0.1378947387082235	3036.3620844822303	0.2580825705931602	0.0666066132439735	9219494.708081275	2712.264339750847	1.3905307465947772	1.9335757572254284	7356377.848684097	2788.8996497521034	2093.5661275507573	1.09934	20.068495	0.1770303934998636	0.1186004532996071	-0.0446099832	-0.0168089961	-0.0979189207	-0.0074474459	-0.0151824641	0.042739908	-0.1157286779	-0.018254707	-0.0736255191	0.0443824399	0.0168047776	0.012890823	-0.0284372193	0.073937416	-0.0198118451	0.0793488983	-0.0544177425	-0.0500890961	-0.0311390119	0.1743407502	-0.1033563782	-0.0148870526	-0.0352065112	-0.0124790982	0.0240108562	0.0344125285	0.0607864618	0.0076924575	-0.0178912883	0.0630241757	0.0355622695	0.0181868733	0.0155292271	-0.1090233257	-0.0390186338	0.0306595558	0.022375618	-0.0140852659	-0.1015853055	0.078442638	0.1534010715	0.0255450327	0.1092242207	0.0732797608	-0.0162152823	-0.0414153486	0.031596457	-0.028169133	0.0314911735	0.0283203201	0.0400572338	-0.070039433	0.0470051231	-0.07873219	0.0179621562	-0.005843607	0.0530729089	0.008544954	0.0207001307	0.0065444241	0.1029002702	0.070283203	0.0199098218	0.0223326081	-0.0374398846	0.074723586	0.0353934483	0.0239566991	0.0220892051	-0.0009198576	-0.105393201	0.0027592926	0.1053450429	-0.0591634136084877	-0.0026198326857667	6.863523301411576e-06	0.0035003095098089	0.1561269631208688	-0.019452003607057	0.0243756286133451	0.0003783804443289	0.1686496339590775	-0.0548992815096197	0.0030139311102724	0.0284426990345308	-0.0029125330043153	0.0018674859732555	3.487503860306042e-06	8.482848501225908e-06	0.0006012774874935	7.2338785753000125e-06	3.6153461696649604e-07	5.2328999242184537e-11	-0.0015636249173561	0.0001264656621175	1.599356369484296e-08	2.4449228821768705e-06	0.0	0.0	0.0	0.0	0.0	0.0	0.0	0.0	0.0	0.0	0.0	0.0	0.0	0.0
2357.1189030957844	-1.090306241120743	5556009.523331474	1.1887676994268437	3054.113768733405	17.751684251174538	315.12229375339814	9327610.912366962	2711.0057842963565	-1.258555454490306	1.583961832027301	7349552.362488303	2783.646502216045	2070.1397292141287	1.148971	20.97451	0.1259247570583851	0.0730771392406928	-0.0229876336	0.105839463	0.023375705	-0.0248127046	-0.1197466596	0.1436748442	-0.0444737629	-0.0374634547	-0.0878439607	0.0260126097	-0.0118718935	-0.0244714271	0.0300233607	-0.0573156448	-0.0597932467	-0.08400567	0.1366179368	0.0183036247	-0.0029179196	-0.0136471529	-0.1090352675	0.0363009726	0.019806412	0.0016876092	-0.115387251	0.0448227079	0.0133599987	-0.0039288661	-0.0604903376	-0.0654621549	-0.0011990688	0.0613465059	-0.0491374418	0.0867457746	-0.0355764597	0.0097956813	0.0411304823	0.0442437008	0.012575898	0.1605564941	-0.0394248415	-0.0844878874	-0.0529821055	0.0199024231	0.0389845039	-0.0264994583	0.0098575071	-0.0014845961	0.0300536489	-0.0079913888	-0.0429478285	0.0837157893	0.0948700678	-0.0111948366	-0.0122651941	-0.0098543299	-0.0121485252	0.0015410346	0.0050176577	-0.034060991	-0.042143886	-0.0476726746	0.0069985679	0.0065327943	-0.0228208102	-0.0807092853	-0.0419947427	0.0292933901	-0.0122211099	-0.0027592926	-0.1052647956	0.0082703149	0.1048318124	-0.0497959091419062	0.0093675044665815	8.775013993142438e-05	0.0024796325672689	0.1642630419280095	0.0081360788071407	0.026982346943443	6.619577835600415e-05	0.1974867816917154	0.0288371477326379	0.0008315810893539	0.0390010289429512	-0.0040597016077802	-0.0011471686034649	1.3159958047756092e-06	1.648117714421314e-05	0.0005209375196773	-8.033996781620003e-05	2.713758994075373e-07	6.454510428708057e-09	-0.0011994529675967	0.0003641719497593	1.3262120899156294e-07	1.4386874214765302e-06	0.0	0.0	0.0	0.0	0.0	0.0	0.0	0.0	0.0	0.0	0.0	0.0	0.0	0.0
2358.2558526070243	1.1369495112398909	5561370.666355283	1.292654191108627	3046.8131598179634	-7.300608915441444	53.2988905362231	9283070.430839922	2710.440969281492	-0.5648150148645072	0.3190160010163935	7346490.247959594	2785.352592272636	2089.5668696667108	1.091983	19.934195	0.0992995733098966	0.0561694386110934	-0.014261441	-0.040658847	0.0997388132	0.1300280175	-0.0451672026	0.0732172898	-0.0383247488	-0.0368018987	0.0141154278	0.01370511	-0.0051845472	-0.0704920944	0.0906793385	-0.0812318589	-0.0139921612	-0.0071413445	-0.0513845474	-0.077022643	0.0323640205	-0.0686869034	-0.0010840079	-0.0538840329	-0.0268413738	-0.0568674865	-0.0652211716	0.1139933555	0.1702684984	-0.0795230415	-0.0551300985	-0.0408019099	-0.0152899278	0.0398862622	-0.1210686481	0.015246078	-0.0073808575	-0.0574682708	0.0274648331	0.0527270843	-0.0510956715	-0.0038488658	0.0946960628	0.0436115633	0.0388240742	-0.0646473113	0.0205277432	-0.0165789861	-0.0104286808	0.0058253193	-0.0317556339	-0.0257746999	-0.0111851414	0.0579407891	-0.0752892247	0.0868456234	-0.0594194785	-0.0034529133	-0.0288448089	-0.0293602412	-0.0012821203	-0.0225191166	0.0447913455	0.104234825	-0.0085212498	0.052020225	-0.0326271204	0.0239827284	0.0540435895	0.0817234602	0.0492576692	-0.0045978871	-0.1050081413	0.0137586687	0.1038078519	-0.043052066484762	0.0067438426571442	4.547941378431775e-05	0.0018534804286083	0.1806862387389998	0.0164231968109903	0.0326475168696468	0.0002697213934925	0.2142028805491875	0.0167160988574721	0.0002794279610127	0.0458828740355694	-0.0049861336727537	-0.0009264320649735	8.582763710110636e-07	2.4861529002568304e-05	0.0005351117867937	1.4174267116400008e-05	2.863446243655463e-07	2.009098482870585e-10	-0.0014471753351926	-0.0002477223675959	6.136637140731823e-08	2.0943164507898144e-06	0.0	0.0	0.0	0.0	0.0	0.0	0.0	0.0	0.0	0.0	0.0	0.0	0.0	0.0
2359.4765685381058	1.220715931081486	5567129.677480355	1.490147384396139	3027.0806964550143	-19.732463362949147	389.3701103701304	9163217.542850574	2709.867259067772	-0.5737102137200054	0.3291434093266543	7343380.561767479	2793.662510485527	2102.585294444724	0.910091	16.613754	0.0635553183415461	0.0305057864001466	-0.0007816285	-0.0616805665	0.0374669854	0.0792343441	-0.0140713787	-0.0683006482	0.0026402731	0.045274703	-0.0268106001	0.0078313324	0.0211803412	-0.0323629493	0.0091506155	0.0356614486	0.0922521932	0.0006089773	-0.0285193634	-0.1322236686	-0.024737666	-0.1284779632	0.0355304677	0.0075945337	-0.0657157626	0.0010767108	0.0520397854	0.0489690833	-0.0409875017	-0.0076644875	0.0930133137	0.0515021835	0.0272651445	-0.0641445831	-0.0541431027	-0.0203034384	0.0126669385	0.0030469683	-0.0104119805	0.0010716902	-0.0609066296	-0.1046609635	-0.1036310959	0.0020093012	-0.0781774395	-0.0377743316	0.0149375477	-0.0032238568	0.0004102087	0.0315981405	-0.0556381174	-0.0218994956	0.0121967871	-0.0450649152	-0.1159855651	-0.0074603623	-0.0153449656	-0.0532817574	-0.0168532557	-0.0526786658	-0.0446651166	-0.0559107128	-0.0096436858	0.0026886446	0.0364793381	-0.0916646951	0.0317306793	-0.0792966553	-0.0576710969	0.0250115336	0.0527639027	-0.0064350811	-0.1046235507	0.019209311	0.10227815	-0.0587854957667133	-0.0157334292819512	0.0002475407969701	0.0034557345125382	0.1647190216115177	-0.0159672171274821	0.0271323560806556	0.0002549520227961	0.2016952456099048	-0.0125076349392827	0.0001564409317743	0.0406809721016398	-0.0046921988110392	0.0002939348617145	8.639770293112232e-08	2.201672968231768e-05	0.0004428996415444	-9.22121452493e-05	1.96160092480158e-07	8.503079731477998e-09	-0.0014479690680854	-7.937328928000684e-07	6.300119051127648e-13	2.096614422132102e-06	0.0	0.0	0.0	0.0	0.0	0.0	0.0	0.0	0.0	0.0	0.0	0.0	0.0	0.0
2354.5834602723544	-4.89310826575138	5544063.271388134	23.942508500364475	3025.2624248429843	-1.8182716120300029	3.306111655114185	9152212.739166854	2707.294467352133	-2.5727917156391413	6.619257212061396	7329443.332955468	2789.502854254307	2085.134246826172	0.939121	17.143692	0.0792330592263638	0.0414204292916083	-0.0156240221	-0.0652477456	-0.0211020089	-0.0315773753	0.0644186892	-0.0587328958	-0.0754252343	0.0378725496	-0.0816592882	0.0012495401	-0.0101761294	0.0486596644	0.0106826159	0.0626670457	0.1024487871	0.0108999649	-0.0907196474	0.0652261789	-0.0653623012	0.0075775561	-0.0233353184	0.0226839726	0.070523801	-0.0520287765	0.0042920734	-0.1073812461	-0.0743064709	0.0354900873	0.0573645497	-0.0049133414	0.0116922343	-0.0084044525	0.0246857221	-0.0588561607	0.0325574609	-0.0199923928	-0.1151149811	-0.062299247	0.0784584776	0.008318292	-0.030948001	0.0110137813	0.0029421227	0.0522649514	-0.0286248408	-0.0140845358	0.0041476734	-0.0064725301	0.022967312	-0.0153965761	0.0766329379	-0.037074878	-0.0239597745	-0.0482797293	0.0224083776	-0.0409408226	-0.0044407208	0.0832376252	0.0522878583	-0.05569923	-0.0914587582	-0.0179472613	0.0119572133	-0.019594329	0.0631247493	0.0632457421	-0.0310418281	0.028853184	0.1141750536	-0.0082703149	-0.1041114925	0.024607302	0.1002501592	-0.0707369958696233	-0.01195150010291	0.0001428383547098	0.0050037225846591	0.1643761084162207	-0.000342913195297	0.0270195050180611	1.1758945950879917e-07	0.187542029463593	-0.0141532161463117	0.0002003135272842	0.0351720128153231	-0.0040690649030571	0.000623133907982	3.88295867277044e-07	1.6557289185291088e-05	0.0006990887623257	0.0002561891207813	4.88725097610079e-07	6.563286560669554e-08	-0.0012715835012119	0.0001763855668735	3.1111868201285944e-08	1.6169246005543145e-06	0.0	0.0	0.0	0.0	0.0	0.0	0.0	0.0	0.0	0.0	0.0	0.0	0.0	0.0
2353.429421773757	-1.1540384985974017	5538630.04327036	1.3318048562449447	3026.3190574895325	1.0566326465482234	1.116472549751503	9158607.037724333	2709.327010433231	2.032543081098084	4.13123137651969	7340452.849463069	2788.228147692558	2089.582698948994	0.955342	17.439802	0.0557028618318782	0.0310931350383619	-0.015067846	-0.0371216731	-0.1030133	-0.0883691938	0.0144000679	-0.0082128934	-0.0503051203	0.0230192522	0.0131393677	0.0197377981	-0.0294895869	0.0156440471	-0.0041331759	0.1405535036	-0.0448875993	0.0228657634	0.0252230812	-0.0607372353	0.0017420378	0.0567098377	0.0120994907	-0.0816351081	-0.0408339858	-0.093479411	0.0072936313	-0.05884713	0.0885302212	0.1057390455	-0.1178788985	0.0851907604	0.0291180237	0.0005473188	0.0845402907	-0.0854304086	0.0166111448	-0.0046392337	0.0450187871	-0.0275111182	-0.0612178728	0.0163744773	0.0350338415	-0.1013930156	0.0411581638	0.0128773993	0.1035789072	-0.0156065518	-0.0067918903	-0.0327721758	0.0343072465	0.01850546	0.0677014103	-0.0485865052	0.0710190574	0.0225261586	0.0635547301	0.023015564	0.0261183559	0.0816984512	0.0683468131	-0.0584533815	0.0980029966	0.1130130151	0.020698953	0.0240294295	0.0538394487	0.0105514309	0.0586758886	-0.0066407008	-0.0162676365	-0.0101030294	-0.1034725904	0.029937846	0.0977337597	-0.0735161903863286	-0.0027791945167053	7.72392216168482e-06	0.0054046302489189	0.1646293991893657	0.000253290773145	0.0271028390774515	6.41562157603967e-08	0.1887631111744809	0.0012210817108879	1.491040544664962e-06	0.0356315121402694	-0.0043411064284307	-0.0002720415253735	7.400659152759474e-08	1.8845205022962346e-05	0.0010017805172637	0.000302691754938	1.0035642047691264e-06	9.162229850744626e-08	-0.0008173308849007	0.0004542526163112	2.063454394255703e-07	6.680297754125614e-07	0.0	0.0	0.0	0.0	0.0	0.0	0.0	0.0	0.0	0.0	0.0	0.0	0.0	0.0
2360.3605713027364	6.931149528979404	5571302.02656058	48.04083379307141	3052.5366689644607	26.21761147492816	687.3631514502848	9317980.115372645	2709.582218136408	0.2552077031768931	0.0651309717608251	7341835.796841016	2778.880431972406	2089.821829678526	1.230078	22.455126	0.0882945139104115	0.0520220234203349	0.0013919469	0.0981515829	-0.0203423735	-0.0010171827	0.0063064543	0.1962128927	-0.0071053948	-0.1424560751	-0.0348117074	-0.0045662947	-0.0504404945	-0.0582042385	-0.0344018146	0.0253191593	-0.0499382725	-0.0073547505	0.0332782902	0.0443202024	0.0112769106	-0.0038970596	-0.0288753372	0.0076128719	-0.0392281995	0.0630284689	0.1549310083	-0.062783399	0.0598586204	0.0096170316	-0.0017225479	0.0378364827	-0.0433273532	0.1103384119	-0.0063977243	0.0272504615	-0.0397675158	0.0283853302	0.0628990297	0.0592661446	-0.0258520707	0.1216343191	-0.0379043606	0.0737081653	0.0175212343	-0.0525272782	-0.0471907015	-0.0011922781	-0.0069675052	-0.0158767108	-0.0755732783	0.0696719584	-0.0510639878	-0.0107704057	0.0808351825	0.1460026255	-0.0358161954	0.069125636	-0.073896363	0.0123469815	0.0439159491	-0.0416923246	-0.0500162335	-0.0491018694	0.0144475717	-0.0453541101	-0.0486481956	-0.081880981	-7.97903e-05	0.0404246944	0.007564282	-0.0119326665	-0.102707623	0.0351863325	0.0947412111	-0.0735480661855945	-3.187579926589024e-05	1.0160665788393286e-09	0.0054093180396405	0.1653768957184809	0.0007474965291152	0.0273495176374813	5.587510610392863e-07	0.1951898091117314	0.0064266979372504	4.130244637665959e-05	0.0380990615810741	-0.0050651051696905	-0.0007239987412598	5.24174177345775e-07	2.5655290380025425e-05	0.0012861279534899	0.0002843474362262	1.6541251127481186e-06	8.08534644884129e-08	-0.0014307535803103	-0.0006134226954095	3.762874032435788e-07	2.047055807570742e-06	0.0	0.0	0.0	0.0	0.0	0.0	0.0	0.0	0.0	0.0	0.0	0.0	0.0	0.0
2363.18940028724	2.828828984503616	5584664.141629965	8.00227342356776	3037.80282213797	-14.733846826490662	217.08624230648897	9228245.986189416	2713.3085818670493	3.726363730641424	13.88578665303987	7362043.460433378	2796.247462033002	2084.5849582213914	1.042097	19.023527	0.0418074659609272	0.0226613399544414	0.0104127691	0.0816546896	0.0754837705	-0.002719192	-0.1421926858	0.0589370291	0.0324108773	0.0438773764	-0.022604966	0.0285314099	0.0597332125	-0.019171083	-0.0059674158	-0.1023009368	-0.0198181167	0.0591914485	-0.0213187795	0.0064890429	-0.0141521881	0.0011692433	-0.076271548	-0.0209840686	-0.1324023451	0.0525347153	0.0295656825	-0.0273794378	0.0873429343	0.1906234727	-0.0657610943	-0.0044645014	0.0445351922	-0.0728594019	-0.1013733337	0.0203760189	-0.0515880463	0.0671554408	0.0908020814	0.0251680232	0.00596813	0.0700402451	0.0786245534	0.0560396399	0.0202397206	-0.0304927053	-0.01156738	0.0064695265	-0.0036719769	0.020967295	-0.0831597197	0.0303023607	-0.1499272666	0.0329461879	-0.0359295467	0.0412714495	0.0235560477	0.0148448635	-0.0445908487	0.1246152312	0.0029520158	-0.1134377943	0.0004931649	0.0819592968	-0.0641959719	-0.0834327456	0.0596019431	0.0229423113	0.0641611439	-0.1730722419	-0.0117739337	-0.0137586687	-0.1018175221	0.0403383756	0.0912870929	-0.0592927108638292	0.0142553553217652	0.0002032151553497	0.0035156255615816	0.1651256107434591	-0.0002512849750218	0.0272664673234003	6.314413867170856e-08	0.1989787571373966	0.0037889480256652	1.4356127141192266e-05	0.039592545791943	-0.0048773049427805	0.0001878002269099	3.5268925227447334e-08	2.37881035048711e-05	0.0010050001047676	-0.0002811278487223	1.010025210582887e-06	7.903286732722844e-08	-0.0014320630574475	-1.309477137200095e-06	1.7147303728497562e-12	2.0508046005058816e-06	0.0	0.0	0.0	0.0	0.0	0.0	0.0	0.0	0.0	0.0	0.0	0.0	0.0	0.0
2362.09411262195	-1.095287665290016	5579488.596883277	1.199655069736454	3044.3122486787684	6.509426540798359	42.37263389005008	9267837.06745558	2712.9707609193515	-0.3378209476977645	0.1141229927034157	7360210.349603325	2797.897787084335	2079.079889278164	1.066029	19.460413	0.0913223010816449	0.0604169924420498	-0.0182015026	-0.0228866669	0.1018057521	0.0834693415	-0.1130383741	0.006353687	0.0301121064	-0.010549285	-0.0045039652	0.0354415754	0.0196029751	-0.0146137973	0.0217772512	-0.0409659377	0.0900821021	-0.0314809824	0.0153853562	-0.063846131	-0.1428215031	-0.0328229831	-0.0900745081	-0.0249687999	-0.1000800743	-0.1119248469	0.1203229905	-0.1016851913	0.0394822474	0.0397835868	-0.0463417033	0.1520125328	0.0553245777	-0.0716678243	-0.1146318444	0.0181623542	0.0199746055	0.0387408549	0.0071314721	0.0376394444	-0.1210078069	0.0261986395	-0.0715762001	-0.0947706521	0.0183028677	-0.0696353082	-0.0257704164	-0.006340121	0.0103267672	-0.012317759	0.0213792244	-0.0048362252	-0.0406128799	0.0330493276	-0.0871301226	-0.0013706442	0.072065268	0.0320895265	-0.0094818579	0.0352864389	0.0501599932	-0.0948591028	0.1072786693	-0.0642746497	0.0290841859	-0.0478645944	-0.0025506965	-0.1300068746	-0.0701200175	-0.0197005921	-0.021588874	-0.01558048	-0.1008033722	0.0453798541	0.0873882332	-0.073669895442535	-0.0143771845787057	0.0002067034364101	0.005427253494514	0.1644852248797548	-0.0006403858637042	0.0270553892037435	4.10094054432297e-07	0.1619218952604768	-0.0370568618769198	0.0013732110121651	0.0262187001647448	-0.0040942967064332	0.0007830082363473	6.131018981877095e-07	1.6763265520309748e-05	0.0010039400672718	-1.060037495800078e-06	1.007895658673706e-06	1.1236794925021001e-12	-0.0014329521588507	-8.891014032000842e-07	7.905013051723587e-13	2.053351889554882e-06	0.0	0.0	0.0	0.0	0.0	0.0	0.0	0.0	0.0	0.0	0.0	0.0	0.0	0.0
2357.4456004581725	-4.648512163777468	5557549.759119594	21.60866533678708	3034.8735543045345	-9.43869437423382	89.08895149019314	9210457.49061704	2710.35849782218	-2.612263097171308	6.8239184888430335	7346043.186716905	2787.3098294771635	2071.6660749819102	0.9998	18.251394	0.0194822879813669	0.0152435504863002	-0.0063612736	-0.0747985907	-0.0064121061	0.0369054364	0.0386511481	-0.009976389	-0.0699999816	-0.0336347831	-0.1688989407	0.0225526968	-0.0048931148	-0.015263239	-0.0084731084	-0.0306749225	0.0248007907	-0.0002302909	-0.068623812	0.0747389818	0.0040431703	-0.0277198868	-0.117888593	0.0994712112	-0.07883751	-0.054730423	-0.113981046	-0.0321292067	0.0843519031	0.0657973192	-0.0108624584	-0.0186607243	0.0049173272	0.0285465248	-0.0441520474	-0.0411240659	-0.0089520891	0.0190648871	-0.084447368	-0.0069485974	0.0494496114	0.0885020586	0.0385023468	0.0882415818	0.0105354413	0.0786985407	0.0779600156	-0.0086172523	-0.006214733	-0.0356011446	0.0609681958	-0.0058192192	0.0735220736	0.0213940091	-0.0310662962	-0.0063915362	0.0293001503	0.0310410833	-0.0225449024	0.1391882786	0.119046854	-0.1052213864	-0.0334230778	-0.0806620611	-0.0085810312	-0.0359550038	-0.014120952	0.0645098621	0.0454816209	-0.1755778621	-0.0372655084	-0.0173975452	-0.099666409	0.0502969496	0.0830636267	-0.0735678902340311	0.0001020052085038	1.0405062561923488e-08	0.0054122344734864	0.1693838564209357	0.0048986315411808	0.0286908908160281	2.3996590976252285e-05	0.1611824314710546	-0.0007394637894221	5.468066958666251e-07	0.0259797762149212	-0.0038197943916461	0.000274502314787	7.535152082347605e-08	1.4590829194451e-05	0.0010037402346152	-1.998326565999086e-07	1.0074944585853767e-06	3.9933090643777e-14	-0.0014330937602522	-1.416014014999408e-07	2.005095690674744e-14	2.05375772567379e-06	0.0	0.0	0.0	0.0	0.0	0.0	0.0	0.0	0.0	0.0	0.0	0.0	0.0	0.0
2361.542539149777	4.096938691604464	5576883.164213976	16.784906642765698	3057.161198235805	22.287643931270395	496.7390720070941	9346234.591998585	2708.82125044291	-1.537247379270411	2.363129505073748	7337712.56685109	2779.825330215845	2099.1420955851177	1.20849	22.061037	0.1453466649461223	0.0761466182245288	0.0155160324	0.0540491455	-0.0803801935	-0.0336469486	0.0437551032	0.1503217736	-0.083057645	-0.1123900108	0.0128291382	-0.0158251993	-0.0687660661	-0.0453472971	-0.0426928715	0.0625549472	-0.0634434421	-0.057094336	0.0675778474	-0.0012391379	-0.0782942528	-0.1057813501	-0.0982058969	-0.0314056892	-0.0944063451	0.059934646	0.0580296697	-0.0212352454	0.1096659669	-0.0521294692	-0.0574987835	0.0667804173	-0.0494926081	0.1161392283	0.0241950292	-0.0149747595	-0.0032969598	0.0241921382	0.0680080666	0.0944617348	-0.0876105802	0.1160407403	-0.0373076005	-0.005440025	-0.0412980954	-0.113204308	-0.0664285962	0.0101024312	-0.0202550433	-0.0151880885	-0.047547384	0.0676042338	-0.0104665961	-0.0422865998	0.0695583248	0.0979011439	-0.0531977317	0.0783799794	-0.019484456	-0.0547575191	0.0846622674	-0.1127341844	0.0332322565	-0.0419132399	-0.0610035498	-0.0132231631	-0.0090283317	-0.0920323826	-0.0236542238	-0.0468196745	-0.1026356327	-0.019209311	-0.0984080176	0.0550761846	0.0783343427	-0.1013512049822082	-0.0277833147481771	0.0007719125783962	0.0102720667513455	0.159787639017864	-0.0095962174030717	0.0255320895829032	9.208738844701628e-05	0.1985437440100881	0.0373613125390334	0.0013958676746393	0.0394196182855433	-0.0048490376311068	-0.0010292432394607	1.0593416459755555e-06	2.351316594788985e-05	0.0007282180053986	-0.0002755222292166	5.303014633867154e-07	7.59124987924847e-08	-0.0013257428238127	0.0001073509364395	1.15242235544376e-08	1.7575940348908714e-06	0.0	0.0	0.0	0.0	0.0	0.0	0.0	0.0	0.0	0.0	0.0	0.0	0.0	0.0
2365.44180112065	3.899261970872885	5595314.914488904	15.204243917495498	3045.652605443219	-11.508592792586114	132.44770806556505	9275999.793043068	2713.1989262673706	4.377675824460766	19.16404562406825	7361448.413498413	2795.692940266927	2098.8177088117804	1.119262	20.432177	0.0332715541144964	0.0218717917031508	0.0227049742	0.1078348942	0.0238313125	-0.040078194	-0.1050725587	0.0277949016	0.0012024287	0.0948825257	-0.0422410239	0.026288032	0.0533122523	-0.0023576668	-0.0250282323	-0.0744592045	-0.0470863855	0.0397636276	-0.0274359917	0.102937455	-0.0690652945	-0.087621228	-0.0517839146	0.0014208913	-0.0737908109	0.0745127817	0.0060156513	-0.0073890803	0.0450446469	-0.1089589941	-0.0254972841	-0.0275332547	0.0461339375	-0.0710773391	-0.0350139145	0.0663429657	-0.0404126036	0.0504343227	0.0537543708	0.0091893319	0.0780026365	0.0758629812	0.0163781165	0.0056808739	0.021713435	-0.0233685555	-0.0385739388	0.0234622998	0.0035916289	0.0377075654	-0.0767215919	0.0313848653	-0.13467321	0.0284624911	-0.0125489744	-0.026407652	0.0135340229	0.0030138638	-0.0006134883	0.0614898089	0.0209394771	-0.07996694	-0.0221888026	-0.0173454197	-0.1125737206	-0.0214278812	0.0544199635	0.0659923601	0.0113320239	0.0617676699	0.0293835986	-0.0210152255	-0.0970297311	0.0597044597	0.0732234215	-0.0810352512518051	0.0203159537304031	0.0004127379759758	0.0065667119454431	0.1609456395445079	0.0011580005266439	0.0259034988883906	1.3409652197075852e-06	0.1916803868554737	-0.0068633571546143	4.710567143179655e-05	0.036741370705064	-0.0048560819640735	-7.044332966699672e-06	4.9622626945731805e-11	2.358153204179994e-05	0.000652762036859	-7.545596853959996e-05	4.260982767643105e-07	5.693603188249099e-09	-0.0013419273763631	-1.61845525504e-05	2.6193974125665915e-10	1.800769083432753e-06	0.0	0.0	0.0	0.0	0.0	0.0	0.0	0.0	0.0	0.0	0.0	0.0	0.0	0.0
2354.976969205136	-10.464831915513969	5545916.525486608	109.51270701995976	3029.3376321231617	-16.314973320057106	266.1783544341752	9176886.489397565	2708.0607591477115	-5.138167119659101	26.400761349545903	7333593.075235679	2784.628399501703	2074.032107186214	1.247547	22.774027	0.0944548121340846	0.0455480641608137	0.0002191516	-0.0726647534	0.0787643716	0.0847310913	0.0519873407	-0.0693747128	-0.0072285122	-0.0430101575	0.0738193794	-0.0167069569	-0.0300638661	0.0050258808	0.0479356966	-0.0111324669	0.0811547324	-0.0807452902	0.088367563	-0.1730423041	-0.0253263806	0.0226456408	0.075267546	0.021007158	-0.021660195	-0.0382529021	0.0338919915	-0.0384781286	0.0041851399	0.0241585176	-0.0200341478	0.0290839192	-0.0269063351	0.0245618451	-0.016521169	0.0442373096	0.051182598	-0.0372960002	-0.0433950019	0.0123138085	-0.1152795918	-0.1264609662	-0.0498712379	-0.0796504112	-0.0207108648	0.046662186	0.0502673141	0.0096575338	-0.0285430884	0.0134469591	0.0740221735	-0.0530008742	0.0229411629	0.0758077558	-0.0481321769	-0.0179411104	0.0142186314	-0.0282571564	0.043727005	-0.0541858843	-0.0140374518	-0.1402346774	0.1473058708	-0.0167501056	-0.047139992	-0.0705750733	0.0383692835	-0.0662509491	-0.0193000246	0.0314665637	0.00376993	-0.0228147385	-0.0955332289	0.0641690889	0.0677557633	-0.0785089736285584	0.0025262776232466	6.382078629716984e-06	0.0061636589402096	0.1885476717057201	0.0276020321612121	0.035550224505648	0.0007618721794285	0.2128656876458095	0.0211853007903357	0.000448816969577	0.0453118009769233	-0.0043030960245572	0.0005529859395162	3.0579344930272455e-07	1.851663539655998e-05	0.0005468284761487	-0.0001059335607103	2.990213823271093e-07	1.122191928476282e-08	-0.0015458319073223	-0.0002039045309592	4.1577057745691435e-08	2.3895962856957003e-06	0.0	0.0	0.0	0.0	0.0	0.0	0.0	0.0	0.0	0.0	0.0	0.0	0.0	0.0
2354.254140799097	-0.7228284060388432	5542512.559469694	0.5224809045766549	3028.487455480239	-0.8501766429226336	0.7228003241711992	9171736.268001173	2706.6678129213046	-1.3929462264068206	1.9402991896610016	7326050.649504199	2783.263682830028	2084.244415636518	1.037249	18.935028	0.0289889064795624	0.0175544044211824	0.0169580779	-0.0917058166	-0.0434811162	0.0093197607	0.115196773	-0.0452308324	-0.0726283916	0.0436793075	-0.0286225183	-0.0353125841	-0.0572659993	-0.0331823876	-0.0316510874	0.0615354172	0.0031229278	-0.0552233717	-0.0519300175	0.0677274633	0.0027910004	0.0302898431	-0.0424177628	-0.0332623566	0.0119572732	-0.0644102429	0.0657206006	0.030799858	0.0005051722	-0.0063030393	0.0245503493	0.0182411356	-0.0486085809	0.0500232462	0.0327764518	-0.0727372263	0.0157205195	-0.0027816692	-0.0921496108	0.0125224103	0.107767704	0.0354819648	0.012333668	-0.0446025316	0.0060687745	-0.0024945349	-0.0444770803	0.0122703474	-0.0341861305	-0.0079385643	0.0517537245	-0.0114617152	0.1004432579	-0.000745261	-0.0031597873	-0.0175544537	-0.0354613072	-0.0174592219	0.0121148682	0.0750775776	0.0893076434	-0.0901864357	-0.0535473929	-0.04505987	-0.1268548784	0.0343584491	0.0191252363	0.0164630848	-0.0253503969	-0.0338183024	0.0303740436	-0.024607302	-0.0939203342	0.0684578352	0.0619580057	-0.0808205548952685	-0.0023115812667101	5.343407952605095e-06	0.0065319620935791	0.1878508367872911	-0.000696834918429	0.0352879368816854	4.855789035419606e-07	0.2042473519576262	-0.0086183356881832	7.427571003421379e-05	0.0417169807817024	-0.0040365745484926	0.0002665214760646	7.103369720365344e-08	1.6293934085538235e-05	0.000587041509219	4.021303307030007e-05	3.446177335461213e-07	1.617088028713047e-09	-0.0015053233243324	4.050858298990014e-05	1.640945295849627e-09	2.265998310779148e-06	0.0	0.0	0.0	0.0	0.0	0.0	0.0	0.0	0.0	0.0	0.0	0.0	0.0	0.0
2360.040956786909	5.786815987812133	5569793.31771167	33.487239276798114	3031.05308861826	2.565633138020985	6.582473398911406	9187282.826022292	2708.4027518213325	1.734938900027828	3.0100129868297696	7335445.466073366	2779.91528116862	2104.627010803664	1.276205	23.297186	0.1241030807147713	0.0644270061836176	0.0397302767	0.0900154227	-0.0451999116	-0.0264537771	0.0744221344	0.0686078335	-0.0140315907	-0.022144504	0.0549224456	-0.0334503644	-0.0080455336	-0.0139042846	-0.0326854391	0.0188367989	-0.0816033104	0.0325239384	0.072055137	-0.0579157242	0.018182902	0.0461544927	0.0651603617	0.0752543704	-3.3704e-05	0.153175288	0.1025445173	-0.0002216449	0.0201207978	0.0432618408	-0.0248941026	-0.0149394687	-0.0517236221	0.077615262	0.0807347645	0.0370151659	-0.0333134635	0.0065332281	0.0801277876	0.0396588525	-0.0547751236	-0.0503193429	-0.0446195953	0.1178279983	-0.0103777407	0.0415493302	-0.0397647872	0.0333305658	-0.0290414791	0.006581069	-0.0759090616	0.0526835854	-0.0368642826	-0.0373658492	0.0862074056	0.0916553966	-0.0522000013	0.040722908	-0.0245169449	-0.1097205637	0.0237735804	-0.0967638156	0.000132837	-0.0580461569	-0.0431650815	-0.0511280419	0.0213625053	0.0444939266	0.0548901656	-0.0094419116	-0.0794694891	-0.0263923698	-0.092193012	0.0725589432	0.055858395	-0.0962209516806353	-0.0154003967853667	0.0002371722211467	0.0092584715423271	0.1720402149298934	-0.0158106218573976	0.0295978355531239	0.0002499757635176	0.2135665283455381	0.0093191763879119	8.684704854901487e-05	0.0456106620295655	-0.005028798100497	-0.0009922235520044	9.845075771522285e-07	2.5288810335562238e-05	0.0004838408358471	-0.0001032006733719	2.341019544332204e-07	1.0650378984413596e-08	-0.0009292898360268	0.0005760334883055	3.318145796495177e-07	8.635795993427168e-07	0.0	0.0	0.0	0.0	0.0	0.0	0.0	0.0	0.0	0.0	0.0	0.0	0.0	0.0
2360.119383350508	0.0784265635988958	5570163.503666783	0.0061507258779316	3019.998911340252	-11.054177278007955	122.19483529362738	9120393.424496308	2709.694508510353	1.2917566890205308	1.6686353436292842	7342444.329451163	2793.059228515625	2105.788593341921	1.13268	20.677128	0.0789838848309944	0.0403828785843561	0.0364646631	-0.0122192838	0.0734397366	0.021685906	-0.0579844368	-0.0376523959	0.0635124297	0.1277782471	0.1117275121	-0.0174439617	0.0463001038	-0.0200691465	0.0443777958	-0.0595378694	0.0408735466	-0.0497148796	0.0475761649	-0.0185018481	-0.1100563447	0.011661829	-0.0394729191	0.0435016477	0.0552964733	-0.0014570015	0.002339557	0.0644904037	-0.0693220568	-0.0886896435	0.1237916093	9.71642e-05	0.0059145347	-0.091276799	-0.050209826	0.0240989687	0.002614981	-0.0232967078	0.0363745292	0.0268990993	0.0192859539	-0.0501449186	-0.025382418	-0.1238211354	-0.0717346684	0.109549919	-0.1329633974	0.0356796881	-0.0175751231	0.0339800811	-0.0459380372	-0.0151240801	-0.0932084209	0.0295193982	-0.0727953683	-0.0161279751	0.0110459738	-0.0047345829	0.0109678654	-0.0361148393	0.0216899103	-0.0527177242	0.034805055	0.0041800744	-0.0878788048	0.1078248739	0.1278323169	-0.0332164557	-0.0749233239	0.0206301939	-0.025120784	-0.0281693982	-0.0903533669	0.0764611723	0.0494866478	-0.1014938362647654	-0.00527288458413	2.7803311837556822e-05	0.010300998799739	0.168373354667537	-0.0036668602623564	0.0283495865620002	1.3445864183648508e-05	0.1878515927506612	-0.0257149355948768	0.0006612579126486	0.0352882208989602	-0.0048310183941331	0.0001977797063639	3.911681224939051e-08	2.3338738724452356e-05	3.74885681297954e-06	-0.0004800919790341	1.4053927404223114e-11	2.3048830833289843e-07	-0.0011380022384214	-0.0002087124023945	4.3560866913325424e-08	1.2950490946521168e-06	0.0	0.0	0.0	0.0	0.0	0.0	0.0	0.0	0.0	0.0	0.0	0.0	0.0	0.0
2358.6921988999	-1.4271844506079103	5563428.889151246	2.036855456057004	3022.9011525671467	2.9022412268946027	8.42300413908669	9137931.378191784	2709.9955249887653	0.3010164784122935	0.0906109202757387	7344075.745459134	2794.0289533566206	2099.2403051263173	1.051019	19.186407	0.1388721777922969	0.0733496336946329	0.0243810304	-0.0648637006	-0.0377718072	-0.0138797989	0.0757957756	-0.1105890544	-0.0081447485	0.0456083975	-0.1198196361	-0.0254160524	0.0339226964	0.0023837842	-0.0234826813	0.0084101655	0.0116911692	0.0681615942	-0.0586118566	0.0355764977	0.0630873439	0.1051820676	0.0271464627	-0.0702216755	-0.0539687815	0.0141456693	-0.0246905161	-0.0317435018	-0.0370912723	-0.0613677099	0.1064270399	-0.1359095346	-0.0003913297	-0.0584910633	0.0381908134	-0.0579045795	0.0030176991	0.0130725946	-0.0909349702	-0.0519054956	0.0772906244	-0.0480592598	0.0221908661	0.0214855976	0.0663655619	0.0653411923	0.1082762283	0.0262674416	0.0006386394	9.66015e-05	0.0137977574	0.0156173827	0.038594478	-0.0586737542	-0.0586910687	-0.0823301016	0.0021537707	0.0167135846	0.0321713983	0.0029598941	0.0907995899	-0.0576363535	-0.0530549328	-0.0959391533	-0.0532103718	0.035942459	0.0876047909	0.1159801031	0.0185035839	-0.0225503657	-0.0449066883	-0.029937846	-0.08840364	0.0801538266	0.0428738067	-0.1146068200156236	-0.0131129837508582	0.0001719503428502	0.0131347231940935	0.1714357292617876	0.0030623745942505	0.0293902092675209	9.378138155511524e-06	0.1370794317283241	-0.0507721610223371	0.0025778123348781	0.0187907706029602	-0.0041297488543424	0.0007012695397907	4.917789674382602e-07	1.7054825599942364e-05	0.0003421744309668	0.0003384255741538	1.1708334120745337e-07	1.1453186924134304e-07	-0.0015368002929739	-0.0003987980545525	1.5903988831485876e-07	2.361755140484665e-06	0.0	0.0	0.0	0.0	0.0	0.0	0.0	0.0	0.0	0.0	0.0	0.0	0.0	0.0
2353.275304709264	-5.416894190635958	5537904.65975448	29.342742672545587	3026.742059046926	3.840906479779278	14.752562586410445	9161167.492003623	2707.855080933697	-2.140444055068201	4.581500752876805	7332479.139338439	2779.0409674228767	2100.9551188887112	1.185914	21.648905	0.0809725843247976	0.0584337030594613	0.0369785681	0.0238969669	-0.1016571715	-0.0723552877	0.0989734023	0.0770719186	0.017764531	-0.0012984945	0.0869444993	-0.0310693661	-0.0148841784	-0.0161126403	-0.0223211028	0.0583213972	-0.0765153511	-0.1033457373	0.1298553468	-0.052737564	0.0101089535	-0.001176677	-0.0202053884	0.0047860388	0.0234831266	0.0700969257	-0.1125510899	0.0068864819	-0.0577223835	-0.0630852978	0.0284560393	-0.0414395628	-0.0588717878	0.0902753741	0.1037280693	0.0456384011	-0.0213125057	0.0095253619	0.0456451714	0.0562241352	-0.078824215	-0.0346925261	-0.0797085474	-0.0720585557	-0.0847525717	-0.0360038716	-0.0293239632	0.0312639716	-0.0356295911	-0.0015544361	0.0309578928	0.0181179334	0.03451636	-0.0159012379	0.1282127406	0.0213564291	-0.0373094775	0.0148753084	0.0456376699	-0.115307888	0.027403472	-0.079613666	0.036515637	-0.0640532341	-0.0398616563	0.0067578174	0.0964479257	-0.0381512019	-0.0971862404	-0.0289882241	-0.0628473144	-0.0316971744	-0.086346207	0.0836267848	0.0360520886	-0.1014792329370806	0.013127587078543	0.0001723335425047	0.0102980347174982	0.1714468736131067	1.1144351319103409e-05	0.0293940304717085	1.2419656632360186e-10	0.1931558677948146	0.0560764360664905	0.0031445666819191	0.0373091892635679	-0.0041488335786051	-1.9084724262700105e-05	3.642267001832939e-10	1.72128200629612e-05	0.0002519277333479	-9.024669761889996e-05	6.346758282981064e-08	8.144466431117166e-09	-0.0014109833782866	0.0001258169146873	1.5829896021431333e-08	1.9908740938010664e-06	0.0	0.0	0.0	0.0	0.0	0.0	0.0	0.0	0.0	0.0	0.0	0.0	0.0	0.0
2352.2471179358536	-1.028186773410653	5533066.50383753	1.0571680410166089	3025.318784626481	-1.4232744204450682	2.0257100758932447	9152553.748613847	2704.194417227686	-3.660663706011292	13.400458768508324	7312667.446165383	2778.9837826459834	2079.6713656965107	1.0597	19.344872	0.0452852106496275	0.0246767730215307	0.0389193393	0.048616325	0.060839651	-0.0149314704	0.0474798495	0.0177046946	0.0436152911	0.0432508173	0.0498950413	-0.0637286195	-0.0708492167	-0.0029938221	0.0311733454	-0.1112105306	-0.0685456393	0.0115337581	0.0390263677	0.1061471691	0.0802011495	0.0484554297	-0.0774488464	0.0198352524	0.0580981257	0.0402297075	-0.053041987	0.0088783669	-0.0117362422	0.0450997686	0.0197095654	0.0546348162	-0.0787906028	0.0556689612	-0.0164788016	0.0798856386	0.0438438548	-0.0358066722	0.0191309324	-0.0034214329	0.1259987053	-0.0133869568	0.1094679837	0.0305313419	-0.0668735635	0.0710163086	-0.0388050748	0.0355637842	-0.0316160895	0.0024559993	-0.0018112831	0.0046157513	-0.054500197	0.0925032212	0.020070404	0.0395647699	-0.0563783605	0.0219893827	-0.0282013276	-0.0272986198	0.0338350399	-0.0172247163	-0.0818308252	-0.0109800274	-0.0653101796	0.1064292667	0.1007267584	0.1034173561	0.0249481926	-0.0948360374	-0.0439648849	-0.0334468475	-0.0841835744	0.0868705278	0.0290547284	-0.1015846288645718	-0.0001053959274912	1.1108301531730936e-08	0.0103194368215527	0.1713640704167147	-8.280319639200617e-05	0.0293656446297847	6.856369332733144e-09	0.1713830910457403	-0.0217727767490743	0.000474053807365	0.0293721638963925	-0.0043613028949544	-0.0002124693163492	4.5143210389938887e-08	1.902096294153763e-05	0.0003417207743645	8.979304101659996e-05	1.1677308763227353e-07	8.062790215008804e-09	-0.0012467610401191	0.0001642223381674	2.6968976353200722e-08	1.55441309115886e-06	0.0	0.0	0.0	0.0	0.0	0.0	0.0	0.0	0.0	0.0	0.0	0.0	0.0	0.0
2357.5033170006045	5.256199064750945	5557821.889668853	27.627628608288703	3024.591559516059	-0.7272251104218412	0.5288563612280591	9148154.101895789	2707.336619689401	3.1422024617149877	9.873436310407726	7329671.572311231	2791.3963009565305	2107.1370034335146	1.063214	19.409023	0.0441572182977818	0.0287205467250149	0.0545023852	-0.0629715386	0.0574805574	0.1024031818	0.0416954926	-0.074907355	0.0548072226	0.0360230478	0.0908264088	-0.0445290079	0.0310492292	0.0108578518	-0.0035756324	-0.0135682738	0.052895004	-0.0212210082	0.0141292092	-0.1492032961	-0.0402823753	-0.0653322992	-0.0029068242	0.0130681777	0.0042223384	0.086134606	-0.0040175517	0.0262715338	-0.0300593933	0.1102024212	0.009471402	0.1165884039	-0.0124657461	-0.0783568289	-0.0083945749	-0.0011152035	0.0239203861	-0.005368101	0.0280191813	0.0125385273	-0.0660076983	-0.1696753864	-0.0585708645	0.004540187	-0.1232359271	-0.024651084	-0.1039092356	0.0523388687	-0.0245732783	0.0285949152	-0.0595929115	-0.0076181714	-0.0296292428	-0.0349127802	-0.1160251662	0.0318455844	0.0048291626	-0.0262068658	-0.0176956578	-0.1127270221	-0.0252375126	-0.055195371	0.028101212	-0.0141305403	0.0180705161	-0.0086951597	0.1022726392	-0.0435334702	-0.0535436434	-0.0570563914	-0.1002062234	-0.0351863325	-0.0819183771	0.0898761648	0.0219158165	-0.0939831698327111	0.0076014590318606	5.7782179413056606e-05	0.0088328362118042	0.1717447148875379	0.0003806444708231	0.0294962470918016	1.4489021316827342e-07	0.1809706391712282	0.0095875481254879	9.192107905854652e-05	0.0327503722420428	-0.0048353169232749	-0.0004740140283205	2.2468929904462827e-07	2.3380289748508647e-05	0.000341877957497	1.5718313250002829e-07	1.1688053782232056e-07	2.4706537142521447e-14	-0.0011891809181799	5.758012193920006e-05	3.3154704425331482e-09	1.4141512561631895e-06	0.0	0.0	0.0	0.0	0.0	0.0	0.0	0.0	0.0	0.0	0.0	0.0	0.0	0.0
2359.7030013443905	2.199684343785975	5568198.254553724	4.8386112122971365	3018.8362111608967	-5.7553483551623685	33.12403468927018	9113372.069816278	2709.0495921447214	1.712972455320596	2.9342746326870714	7338949.692699481	2795.257803579477	2100.418646893867	1.143782	20.879791	0.1557773468496215	0.0837350312679098	0.0360278192	-0.0494191678	-0.0759440475	-0.0652013817	0.011581671	-0.0964951443	-0.0192312579	0.0957617497	-0.1102405693	-0.0058584561	-0.0127541973	0.0530269285	-0.0547954534	0.0776293215	-0.0047656472	0.0756749529	-0.0521907457	0.0625683679	-0.0354399469	0.0457542427	-0.0365407153	-0.0217366064	0.1387608178	0.0272117785	0.038281518	0.1156139043	0.0535745603	-0.0276699189	0.0824277727	0.0640708616	0.0384594673	-0.0807100078	0.0904462581	-0.107787508	0.0460802326	0.0551133322	-0.0066634176	-0.0397914281	0.0854314627	0.0339815539	0.0241995829	-0.024018644	0.0134665087	0.0361412135	-0.0993568692	0.0369783817	0.0058750395	-0.004078517	0.0170336183	0.0142471787	0.0328364872	-0.0782961966	-0.0099648704	-0.0974704462	0.0988172892	-0.0204671545	0.0627927823	0.0817887063	0.0591305647	-0.0418617892	-0.0310055941	0.0293035392	-0.0196697396	0.0601382923	0.0577008081	0.0399757976	-0.0278364564	0.0357491626	-0.0674140239	-0.0369150993	-0.0795533748	0.0926354574	0.0146701329	-0.0602070295150269	0.0337761403176842	0.0011408276547598	0.0036248864030233	0.1485760285248289	-0.0231686863627089	0.0220748362522107	0.0005367880277735	0.1238363306525798	-0.0571343085186483	0.003264329209904	0.015335436789495	-0.0040727942951404	0.0007625226281345	5.81440758417145e-07	1.6587653370528188e-05	0.0003410666957832	-8.112617138000214e-07	1.163264909724699e-07	6.58145568277748e-13	-0.0012598112613432	-7.063034316329999e-05	4.988645375365517e-09	1.5871244142071443e-06	0.0	0.0	0.0	0.0	0.0	0.0	0.0	0.0	0.0	0.0	0.0	0.0	0.0	0.0
2353.568743388448	-6.134257955942303	5539285.829855079	37.62912067004144	3028.3397982728247	9.503587111928027	90.3181679940045	9170841.933803093	2708.0806449957654	-0.9689471489559764	0.9388585774699152	7333700.77980068	2781.2675239758614	2071.603761046392	1.214858	22.177288	0.087669006271294	0.0410018272062006	0.0306008165	0.1031914504	-0.0134532786	-0.0853487927	0.0164193717	0.0985066899	0.0471185677	-0.0408362124	-0.0316921336	-0.0326220006	0.0054726295	0.0373570783	-0.0068916283	-0.0028768309	-0.0841192897	-0.0118278844	0.1016053122	0.025022828	0.029275141	0.0471458164	0.0397580127	0.1100257166	-0.1099896521	0.0045494681	-0.0030023155	-0.0826235367	0.0307282037	0.0064371658	-0.0194069529	-0.095978497	-0.0409758132	0.0359064632	0.0511000789	0.109789589	-0.00992576	0.0219426153	0.0173755917	0.0037302688	0.0016823509	0.0440778622	-0.0794363311	0.0340386615	0.0077396501	0.0600605604	0.139200481	0.0324032262	-0.0067436937	-0.017944908	0.0627550194	0.0205434632	-0.0267720886	0.0470036697	0.1228157712	-0.0020276989	0.0116596941	0.0248084642	0.0241497244	-0.0221945337	0.0219199544	-0.0403049615	-0.0030839201	-0.0709534209	0.0567714889	-0.0583229062	0.0481296676	0.0015642024	0.0365259445	0.0083014057	-0.1249064265	-0.0386326214	-0.0770914491	0.0951408427	0.007352978	-0.076760319644535	-0.0165532901295081	0.0002740114141116	0.0058921466719311	0.1529206903941684	0.0043446618693394	0.0233847375506291	1.8876086758892503e-05	0.1538367665526863	0.0300004359001064	0.0009000261541963	0.0236657507433857	-0.0036256657838833	0.0004471285112571	1.999239055789908e-07	1.3145452376422104e-05	0.0004880416895722	0.000146974993789	2.3818469076048762e-07	2.1601648799276592e-08	-0.0014011201237439	-0.0001413088624007	1.9968194592979983e-08	1.9631376011601216e-06	0.0	0.0	0.0	0.0	0.0	0.0	0.0	0.0	0.0	0.0	0.0	0.0	0.0	0.0
2356.2243038966344	2.655560508186227	5551792.970273179	7.052001612638291	3029.7019338171467	1.3621355443219727	1.8554132411053168	9179093.807775358	2705.130948767198	-2.949696228567518	8.70070784082544	7317733.44997812	2780.541104360728	2097.73727324247	1.159237	21.161926	0.1023288158984553	0.0451124194186751	0.0426393218	-0.0288845474	0.0978917698	0.0646432395	0.0267280997	0.0129352736	0.0514792518	-0.004878147	0.0924352748	-0.064297367	-0.0223690565	-0.0198931258	0.0660431439	-0.0888979182	0.0548149969	-0.0073764813	-0.0163278139	0.0390170249	-0.035241371	0.0154499262	-0.0039506298	-0.0665992645	0.0202742256	-0.0100249701	0.0326688007	0.1122544043	-0.0021838228	-0.0097862444	0.0405340115	-0.0544540915	-0.0807136069	0.0057114999	-0.0630239829	0.0302400924	0.0242619185	-0.0528815614	-0.0172107748	-0.0246630252	0.0206774419	-0.0205724826	0.073495276	-0.0225415199	0.0168584498	0.0010938659	-0.1198477591	0.043885789	-0.0185924721	-0.0200980762	-0.0103399418	-0.0081669049	-0.0248080846	0.0584395947	-0.0613972221	0.0763317117	-0.0441171759	0.043574306	-0.0255229633	-0.0400322898	0.0489255175	0.0354141717	0.004149303	0.054119396	0.0035029393	0.1780817657	0.0766866949	0.0137142248	0.0115813248	0.1063048421	-0.0250621036	-0.0403383756	-0.0745355992	0.0973854535	0.0	-0.0974866779138636	-0.0207263582693286	0.0004295819271085	0.0095036523706813	0.1644542355764144	0.011533545182246	0.0270451955990228	0.0001330226644709	0.1359780330901756	-0.0178587334625107	0.0003189343608849	0.0184900254830728	-0.004250229724667	-0.0006245639407837	3.900801161272656e-07	1.8064452712442927e-05	0.0003430623659714	-0.0001449793236008	1.1769178694589479e-07	2.1019004271745493e-08	-0.0016757804390468	-0.0002746603153029	7.543828880228846e-08	2.8082400798918858e-06	0.0	0.0	0.0	0.0	0.0	0.0	0.0	0.0	0.0	0.0	0.0	0.0	0.0	0.0
2358.5196344914784	2.295330594844017	5562614.866281817	5.268542539626991	3028.7184312608506	-0.9835025562961164	0.9672772782409956	9173135.335859189	2708.0237229608856	2.8927741936877283	8.368142535665687	7333392.484118936	2794.6877846742286	2112.241858387132	1.132376	20.671581	0.0625620586186569	0.0345950806053803	0.0667301117	-0.0632755266	-0.0070742788	0.0594133715	0.0672356889	-0.10665978	0.0089011174	0.0553061052	-0.048371376	-0.0457098664	0.0688285734	-0.0239781539	0.0171989891	0.0233481512	0.0604619967	0.0746733877	-0.1189498914	-0.0290415619	0.0838153024	0.0400783181	0.1139146747	-0.05247882	-0.0985117914	0.0269318471	-0.0572512207	-0.0634948343	-0.0903847399	0.0927249182	0.0387576915	0.005586046	-0.0085098472	-0.1110996383	-0.0007044009	-0.07463895	-0.030671968	-0.0295908967	-0.0412638583	-0.0554393932	0.0580834673	-0.1481000911	-0.0476221504	0.1136937371	0.0473940627	-0.0164962038	0.084973345	0.06648202	-0.011934607	0.0307479504	-0.0604207531	0.0012754249	0.022214796	-0.094537276	-0.0940187488	-0.0359020198	-0.023973085	-0.0509499484	-0.0087367194	-0.0375735043	-0.0206976257	-0.0113835401	-0.0764462851	-0.0611761193	0.0022247806	-0.0543486382	0.0858827005	0.1482887911	0.043215581	0.0227685913	-0.0073442867	-0.0420318424	-0.0718889393	0.0993631376	-0.007352978	-0.0918549323388191	0.0056317455750445	3.171655822203337e-05	0.008437328594969	0.1529446844077142	-0.0115095511687002	0.0233920764885752	0.0001324697681049	0.1630109793963328	0.0270329463061572	0.0007307801859915	0.0265725794037516	-0.0044542578159632	-0.0002040280912961	4.1627462037970516e-08	1.984041269106926e-05	0.0003428705859034	-1.917800679999667e-07	1.175602386777408e-07	3.6779594482071845e-14	-0.0015122439990359	0.0001635364400109	2.6744167211438708e-08	2.286881912620091e-06	0.0	0.0	0.0	0.0	0.0	0.0	0.0	0.0	0.0	0.0	0.0	0.0	0.0	0.0
2350.7987397243032	-7.720894767175196	5526254.714689372	59.61221600579332	3023.7857873455373	-4.932643915313292	24.33097599527725	9143280.487752872	2699.483239638067	-8.540483322818545	72.9398553873417	7287209.761086834	2773.27672259991	2079.8591646451164	1.246664	22.757912	0.1014551129067214	0.0468439183893122	0.0573812003	0.0153552919	-0.1013542242	-0.0595244565	0.1111807632	0.0852725414	0.0283372703	0.0391038586	0.0926164258	-0.1182447333	-0.0922304186	0.0518074237	-0.0089652898	0.0882849183	-0.0839111996	-0.0527245312	0.0588647669	0.0813355653	-0.0085237334	0.0274492394	0.1187556984	-0.0347376051	0.082207894	0.088381777	-0.0172486481	0.0879150859	-0.0690307074	-0.1042063476	-0.0352535797	-0.0928865692	-0.1222687627	0.0571509619	0.1226495923	-0.0007708435	0.0613871961	-0.0220290434	0.0427361249	0.0762394397	-0.0082428966	0.0231795664	-0.0464940017	-0.0479753679	0.0273582845	-0.067646183	-0.063018131	0.0607040239	-0.0399394244	0.0149539419	0.0346033558	0.0039986678	0.0440075761	-0.0305422692	0.1180046038	0.0059968758	0.0065280544	-0.0287557016	0.0688238911	-0.1246827578	-0.0242251174	-0.0220588666	0.0444290483	-0.0040039274	-0.0162232676	0.0544110654	0.1061441883	-0.0306802379	-0.0903583171	0.0654860002	0.0451094297	-0.0437125059	-0.0691546937	0.1010684743	-0.0146701329	-0.1014179732302835	-0.0095630408914643	9.145175109182016e-05	0.0102856052941385	0.1714428233468226	0.0184981389391084	0.0293926416771298	0.0003421811442105	0.2003793845873502	0.0373684051910173	0.00139639770652	0.0401518977676051	-0.0043429682659335	0.0001112895500297	1.2385363945813158e-08	1.8861373358905432e-05	7.304679066777453e-05	-0.0002698237952356	5.3358336268616735e-09	7.280488047535675e-08	-0.0011728467865986	0.0003393972124372	1.1519046781020969e-07	1.375569584834662e-06	0.0	0.0	0.0	0.0	0.0	0.0	0.0	0.0	0.0	0.0	0.0	0.0	0.0	0.0
2351.0531529562622	0.2544132319590062	5527450.928025582	0.0647260925958271	3035.799485150505	12.013697804967704	144.32893494908586	9216078.514040072	2700.930956004995	1.4477163669280344	2.095882679071307	7295028.029106056	2780.79720693735	2066.830163053079	1.194268	21.801409	0.0747550769987403	0.0430145067146177	0.0649119487	-0.0266197526	0.1184384106	0.0643096335	-0.0711541345	0.106087958	0.1099429476	0.0126785295	0.041008471	-0.1119256288	-0.0493753288	0.0209784827	0.0854887492	-0.1279766445	-0.0080874128	-0.0095965462	-0.0969977204	0.0144733678	-0.0128072195	0.092111542	-0.1234282415	-0.097652642	0.024222524	0.1031188271	-0.0690615865	0.0143369145	-0.0252544909	-0.0527533506	-0.0677984758	0.0806661339	-0.0990074812	-0.0446669049	-0.1164481754	0.0164546992	0.0735935933	-0.0193888902	0.0488157697	0.0455888439	0.0385731052	0.0659918481	0.1440514383	0.040288368	0.0578801633	-0.0022123302	-0.0733356276	0.066759377	-0.059962834	0.0293782068	0.0434015631	-0.0606722827	-0.007507846	0.112510055	-0.0013506573	0.0120603785	-0.0255604454	-0.0029662651	0.0164780786	-0.0410200891	-0.0432731475	0.0171307512	0.0257745056	0.0450986499	-0.0809602057	0.1037007816	0.0684433986	0.1004356245	0.050302479	0.0506835159	0.0468888853	-0.0453798541	-0.0663361938	0.1024967892	-0.0219158165	-0.1015074734551007	-8.950022481719888e-05	8.010290242329143e-09	0.0103037671672379	0.1719706876832702	0.0005278643364476	0.0295739174222568	2.786407576932743e-07	0.2070264336649145	0.0066470490775643	4.418326143954847e-05	0.0428599442360132	-0.0048207196917447	-0.0004777514258111	2.2824642486463442e-07	2.3239338346375117e-05	0.0003447763758563	0.0002717295851885	1.1887074934860465e-07	7.383696746672812e-08	-0.0017731790427971	-0.0006003322561985	3.603988178323814e-07	3.14416391781484e-06	0.0	0.0	0.0	0.0	0.0	0.0	0.0	0.0	0.0	0.0	0.0	0.0	0.0	0.0
2360.478422808413	9.425269852150905	5571858.384544094	88.83571178586473	3037.101352267795	1.3018671172899303	1.6948579910807933	9223984.623946868	2703.505152609496	2.5741966045006848	6.626488158622855	7308940.110186093	2782.2383599697014	2105.5060489726307	1.165619	21.278435	0.0711920119581841	0.0390763700892017	0.0834100999	-0.0789795848	0.0003990778	0.1539044272	0.0309007858	0.0252096401	-0.006777682	0.052491396	-0.1060553135	-0.105602503	-0.0042046341	-0.0541548583	-0.0058430683	0.0904662023	0.0689072625	-0.0730519176	-0.0545153987	-0.0038670512	0.007200057	-0.1282584039	-0.0619459101	0.0909513045	-0.0377345527	0.0873741684	-0.0690104924	-0.1144794548	-0.031123749	0.0725657664	0.0296088633	-0.0940437007	-0.094136266	-0.0447692474	-0.0636873018	-0.106781406	0.010024691	-0.0063404473	-0.0503078269	0.0672742749	-0.0065673107	0.0655139546	-0.0941956011	0.0950981686	-0.1018194844	0.0072090677	0.0390703316	0.0774826247	-0.0365803236	0.0200918781	-0.0544211484	-0.0164812193	0.0700273785	-0.0624585332	-0.0786266337	0.0311990149	-0.0547793564	-0.0159150424	-0.0360596787	-0.045110766	-0.0078122803	0.0187426246	-0.0914125648	-0.0560205873	-0.0219439952	0.0288407811	0.0156448466	-0.0571784968	-0.0093253633	-0.0290578655	-0.0571513291	-0.0470333792	-0.0634368734	0.1036441676	-0.0290547284	-0.070243802004029	0.0312636714510717	0.0009774171526005	0.0049341917199812	0.1700104105083397	-0.0019602771749304	0.0289035396812141	3.84268660255349e-06	0.1846543199969375	-0.022372113667977	0.0005005114699728	0.0340972178935313	-0.004951056099227	-0.0001303364074822	1.698757911539205e-08	2.4512956497692877e-05	0.0005253917120515	0.0001806153361951	2.760364510924063e-07	3.2621899668905105e-08	-0.0017722117931905	9.672496066000845e-07	9.355718014680178e-13	3.1407346399234872e-06	0.0	0.0	0.0	0.0	0.0	0.0	0.0	0.0	0.0	0.0	0.0	0.0	0.0	0.0
2361.523452993666	1.0450301852529265	5576793.019039128	1.092088088089766	3026.483806934232	-10.617545333563156	112.73226891026876	9159604.23363512	2706.827273748617	3.322121139121009	11.03648886299467	7326913.889909369	2787.518198336088	2091.436066866266	1.241084	22.656036	0.0946379270325419	0.0434279733901911	0.0795039336	0.1083519114	-0.0173097423	-0.0823519203	0.0069575446	0.0848158708	0.0456417416	0.0805382627	-0.0522280007	-0.0785188042	0.0103088307	-0.0058037453	-0.0555912696	0.0065445526	-0.0680401308	0.0298098415	0.0078180672	0.0960118695	-0.0691942381	-0.0150660209	0.0475827508	0.0822906081	-0.1120069261	-0.0094758592	0.0728596094	0.0209676095	0.006681339	-0.0967612931	-0.0015046571	0.0212250769	-0.0383245967	-0.0561136825	0.0801671705	0.0536536638	0.0067126915	0.0612201101	0.0863365502	0.0696018022	0.0430060096	0.0781360873	-0.1173401104	0.0551881981	0.0859614337	0.043448194	0.0043580605	0.0794824075	-0.0132967773	0.0378960376	-0.0406152246	0.0307232915	-0.0742737328	-0.0215364729	0.0842558611	-0.0360303514	-0.0031583866	-0.0044541939	0.0401175921	-0.0643904263	-0.0278479652	-0.0006975392	-0.0426141046	-0.0820082169	-0.0274820237	-0.0643328041	-0.0005057911	0.0572125999	0.0287002509	0.1443562181	0.0507525088	-0.0486725775	-0.060460265	0.1045074645	-0.0360520886	-0.0846795727140374	-0.0144357707100084	0.0002083914759919	0.0071706300350319	0.155500216662503	-0.0145101938458367	0.0241803173820853	0.0002105457254437	0.1634189194297306	-0.0212354005672068	0.0004509422372497	0.0267057432275807	-0.0044182435866906	0.0005328125125363	2.838891735153507e-07	1.952087639133262e-05	0.0003430335248906	-0.0001823581871608	1.1767199919886994e-07	3.3254508424609806e-08	-0.001598251254698	0.0001739605384924	3.0262268952600526e-08	2.5544070731437315e-06	0.0	0.0	0.0	0.0	0.0	0.0	0.0	0.0	0.0	0.0	0.0	0.0	0.0	0.0
2358.4409827607265	-3.082470232939613	5562243.869165381	9.501622736958794	3030.700991163066	4.217184228834412	17.784642819929697	9185148.497836793	2705.600830348192	-1.226443400424614	1.5041634144450904	7320275.853180827	2791.2827657063804	2077.423712370192	1.153687	21.060612	0.101448197206276	0.058246401382814	0.0637842883	-0.0561830976	0.0440141501	0.110781064	-0.0476752851	0.0166983594	0.1261503928	0.0333460187	-0.0660502182	-0.0821006899	0.0107941867	-0.0181188197	0.0301153441	0.0115201792	0.1042295412	-0.0315243068	-0.0100229574	-0.1400226171	-0.0714579392	0.0225315017	0.0708565993	0.051156108	-0.056361183	0.0585881539	0.1190774232	0.0480136119	-0.0786288753	-0.0522603364	0.0177829067	-0.1465926676	-0.0425775617	-0.1146163821	-0.0969549436	-0.0335052912	0.0559261579	0.0293314586	0.0091213957	0.0416922938	-0.1275298548	-0.0127953615	-0.1177667567	-0.0425499225	0.0276379867	0.0252040042	0.0378744063	0.0686054827	-0.0142801674	0.0149298901	0.0448641882	-0.0301142786	0.0032637444	0.0195676775	-0.0907969596	-0.0716032567	0.0321059583	0.005326279	0.0628085773	-0.1072385669	-0.0191078538	-0.0231678508	0.0674641885	-0.0459181926	0.0160890388	-0.0488794276	-0.0842959507	-0.0110176867	0.0393789379	0.0596859556	-0.010306747	-0.0502969496	-0.0574099951	0.1050843138	-0.0428738067	-0.0701739402894219	0.0145056324246155	0.000210413372038	0.0049243818957433	0.1549294672191905	-0.0005707494433125	0.0240031398128222	3.257549270415368e-07	0.1290074087654176	-0.034411510664313	0.0011841520662001	0.0166429115163675	-0.0036863929367822	0.0007318506499084	5.356053737713477e-07	1.3589492884357694e-05	0.0001597187197441	-0.0001833148051465	2.551006943669436e-08	3.360431778589927e-08	-0.0014742106162722	0.0001240406384258	1.5386079981080062e-08	2.17329694112966e-06	0.0	0.0	0.0	0.0	0.0	0.0	0.0	0.0	0.0	0.0	0.0	0.0	0.0	0.0
2356.9906110798065	-1.4503716809199432	5555404.74071836	2.1035780128145416	3044.676394792943	13.975403629876835	195.31190661797467	9270054.349009354	2705.1811455920733	-0.4196847561188406	0.1761352945185307	7318005.030466842	2774.807861641126	2074.40080802244	1.159588	21.168339	0.0942489076253745	0.049556790510994	0.0668949029	0.0805828554	-0.0014187677	-0.0254161155	0.0472565307	0.1537900465	-0.0357026775	-0.0369027837	-0.0951026096	-0.09018088	-0.0081837196	-0.0078111184	-0.016824167	0.022634844	-0.0376539927	-0.0494146543	0.0307363396	0.0423819227	-0.0410643559	0.0603069664	0.0554102733	0.009247299	0.0044260677	-0.0257557729	0.0835919887	0.0141344252	0.0060723497	-0.1601477587	-0.0380889189	-0.0180272453	-0.1049964562	0.0380785921	0.0347291657	0.0163605696	-0.0006644924	0.0077332846	0.0428420293	0.061033513	-0.059929922	0.1282700052	-0.0258180141	0.0469035125	0.0678838781	0.0349588696	-0.0250276663	0.06992895	-0.0318623094	0.003771322	0.0540802852	-0.0093991304	0.0053692793	0.0412590648	0.1141979803	-0.0133490939	0.0119818224	0.0025590119	0.0590034549	-0.0803644626	0.0339141795	-0.0697851843	-0.023643005	-0.0333458788	-0.0848102835	0.0232008099	-0.0845378356	-0.030496734	0.0421006194	0.1565399685	0.0438374556	-0.0519060008	-0.0542897799	0.1053731342	-0.0494866478	-0.0531986077490245	0.0169753325403973	0.000288161914857	0.0028300918664345	0.1547239886748457	-0.0002054785443447	0.0239395126714537	4.222143218604669e-08	0.16047201745058	0.0314646086851624	0.0009900215997103	0.0257512683846592	-0.0037670799063826	-8.068696960039992e-05	6.510387063295861e-09	1.419089102107154e-05	-0.0001412235388074	-0.0003009422585515	1.9944087913285212e-08	9.056624298207788e-08	-0.0009437700873147	0.0005304405289575	2.8136715476071244e-07	8.907019777099964e-07	0.0	0.0	0.0	0.0	0.0	0.0	0.0	0.0	0.0	0.0	0.0	0.0	0.0	0.0
2361.6767465500475	4.68613547024097	5577517.055195217	21.95986564545056	3045.774962581061	1.098567788118089	1.206851185090671	9276745.122685663	2707.8610305110965	2.679884919023152	7.181783179207727	7332511.360560617	2783.943159054488	2100.791540430182	1.21102	22.10722	0.1228076875307309	0.0644218969471569	0.0690871195	-0.0665455696	0.0520648208	0.1433157789	-0.030351082	0.0607112206	0.0451066846	0.0056524245	-0.0069027894	-0.0623187016	-0.0123626912	-0.085044335	0.0289806963	-0.0513837635	-0.0063720609	-0.0631692132	-0.0271128647	-0.1089304912	0.0269017383	0.0127727263	-0.0425957647	-0.0060223156	-0.0216076735	-0.0053969688	0.0409859525	-0.0321298103	-0.004878947	-0.1309584928	-0.0519539054	0.081872611	-0.0724516677	-0.0140897198	-0.113021956	-0.0164197781	0.0047381127	0.0148173854	0.0353371167	0.078081618	-0.0830804799	-0.0277046158	0.0458407133	0.004190999	0.0235362084	-0.0240135904	0.0318183732	0.0669200111	-0.0135304894	-0.0080745683	-0.0159295401	0.006282014	0.0055033919	0.0242455037	-0.1106554553	0.0712864419	-0.0871087239	0.0656581575	-0.0070330557	-0.1071929143	-0.0014957686	-0.0218771651	0.0738192702	0.0407300522	0.0004062567	-0.0117848849	-0.1442192212	-0.0098309037	0.0976081125	0.040556889	-0.0176885419	-0.0534992409	-0.0511034211	0.1053731342	-0.055858395	-0.0530825467898523	0.0001160609591721	1.3470146243969736e-08	0.0028177567736968	0.1451462830750784	-0.0095777055997673	0.0210674434905107	9.173244455581413e-05	0.1198783978164286	-0.0405936196341514	0.0016478419550021	0.0143708302630339	-0.0038802033630759	-0.0001131234566933	1.2796916454240936e-08	1.5055978138825525e-05	0.0003429875356379	0.0004842110744453	1.176404496029597e-07	2.3446036461547187e-07	-0.0017968415829289	-0.0008530714956142	7.27730976629448e-07	3.228639674142435e-06	0.0	0.0	0.0	0.0	0.0	0.0	0.0	0.0	0.0	0.0	0.0	0.0	0.0	0.0
2364.734871606164	3.058125056116296	5591971.01299022	9.3521288588463	3035.403072182649	-10.371890398412232	107.57611043667588	9213671.810615864	2708.5943522495504	0.7333217384539239	0.5377607720890851	7336483.365038161	2794.247698974609	2134.748075802661	1.216759	22.211987	0.0334372335458942	0.0195703872436387	0.0799395071	-0.0447242139	-0.1264811928	-0.0217514411	0.0275099159	-0.0399985052	-0.0611594871	0.0606220778	-0.1134692185	-0.0499283359	0.0664935866	0.0111037597	-0.0315159385	0.0993434379	-0.0622065322	0.0476182956	-0.0244490209	0.0079834712	-0.0924903543	-0.053691759	0.0061737523	0.0005031098	0.0730728015	-0.0587521424	0.0212220503	0.0541117612	-0.0187066192	-0.1721555535	0.0178217584	0.0468271391	-0.0074567386	-0.127735212	0.098754121	-0.1074155326	-0.0444978786	0.009291689	0.0614654329	0.0033031321	0.038132649	0.0316161854	-0.0420583409	-0.0508481377	-0.0514049287	0.0450842344	-0.0450407565	0.0789649522	0.0028210497	0.0199556652	-0.0509600941	0.03196636	0.0090920951	-0.1234527343	-0.0057770888	-0.0914097714	0.0225501956	-0.0011836518	0.0610255078	0.0320241348	-0.0059993246	0.0479915955	0.0425746407	0.0597525348	-0.0639367829	0.049121335	-0.0603573711	-0.0509571148	-0.0400279759	0.1319021973	0.0784533901	-0.0550761846	-0.0478548005	0.1050843138	-0.0619580057	-0.0530943153184182	-1.176852856589472e-05	1.3849826460628003e-10	0.0028190063191316	0.1292595747598994	-0.0158867083151789	0.01670803766711	0.0002523875010915	0.1191064474226593	-0.0007719503937693	5.959074104405809e-07	0.0141863458176467	-0.0036738134662349	0.000206389896841	4.259678951803874e-08	1.349690538468889e-05	0.0002227854529435	-0.0001202020826943	4.9633358043240456e-08	1.4448540684071368e-08	-0.0017880974362967	8.744146632200071e-06	7.646010032541583e-11	3.197292441690831e-06	0.0	0.0	0.0	0.0	0.0	0.0	0.0	0.0	0.0	0.0	0.0	0.0	0.0	0.0
2353.0379297447166	-11.696941861447158	5536787.498817302	136.8184489100749	3016.1524745966094	-19.25059758603948	370.58550741962887	9097175.750015251	2704.155363909966	-4.438988339584284	19.704617478965243	7312456.232163041	2780.785757055038	2072.892357612312	1.317352	24.048326	0.0527058303081891	0.0250498439477159	0.0492581198	0.0756886675	0.0259469236	-0.0858089723	0.0205854481	0.0229635171	0.0763800316	0.0629135558	0.0284340005	-0.0798067447	-0.0120398325	0.1209737902	-0.0206391715	-0.1117107503	-0.0629585235	0.070379527	0.0258598413	0.0650135444	0.0242531621	-0.0250376261	0.0615005385	-0.0086922168	-0.1476268455	-0.0604489796	-0.1088705206	0.013526669	-0.045838097	-0.0822734614	0.0035912434	-0.0121400244	-0.0668336281	-0.0223926353	0.0526122769	0.1494332047	0.053345956	0.0106948283	0.024295271	-0.0554303778	0.0973119553	-0.0064507627	0.0116492907	0.0358234661	0.0229319363	-0.007187735	0.1118806326	0.0586118036	0.0050453978	-0.0029367134	0.0838102379	-0.0213959816	-0.0338732681	0.1089305247	0.092135319	-0.0629655277	0.0147616758	0.022364316	0.0223413969	0.0205546826	-0.0267713743	0.0423865285	0.0106427522	-0.0068307577	-0.0035126774	-0.0671441045	-0.060470233	0.0664006484	0.113169006	0.089484	0.0558966877	-0.0566363516	-0.0445478763	0.1045074645	-0.0677557633	-0.0532150113211145	-0.0001206960026963	1.4567525066866461e-08	0.0028318374299063	0.1401062588966368	0.0108466841367373	0.0196297637820114	0.0001176505567621	0.1260924063100148	0.0069859588873555	4.880362157582142e-05	0.0158992949290498	-0.003316238622567	0.0003575748436678	1.278597688241229e-07	1.0997438601805074e-05	0.0003411025834445	0.0001183171305009	1.163509724325121e-07	1.3998943369990662e-08	-0.0015689395848376	0.000219157851459	4.803016385616886e-08	2.461571420870381e-06	0.0	0.0	0.0	0.0	0.0	0.0	0.0	0.0	0.0	0.0	0.0	0.0	0.0	0.0
2352.651620083997	-0.3863096607196894	5534969.645483855	0.1492351539653615	3027.1666044347426	11.014129838133158	121.31105609125514	9163737.65100497	2704.554649960678	0.3992860507119076	0.159429350293112	7314615.854623926	2779.7243588178585	2086.697651003273	1.137612	20.767155	0.0504897887348073	0.0287198551438146	0.0608839592	-0.0933281018	0.050622889	0.101198847	0.0871528518	-0.0390814297	0.0610527633	-0.0174646931	0.0534282597	-0.0779121412	-0.0033109055	-0.0280810471	0.0293968159	0.022871261	0.086667456	-0.0883879752	0.0053678751	-0.0395313197	-0.0143928057	-0.0578317118	0.0864935375	0.0271400595	0.0351777185	-0.0230320436	-0.0199288879	-0.009408586	-0.0127047511	-0.0399888853	-0.0410460114	-0.116709112	-0.0937926951	0.0024729001	-0.0266467197	0.0129965405	0.0258048201	-0.0421704173	-0.0835653915	0.0315317814	-0.0722886948	-0.0862005207	-0.06408184	-0.0374694882	-0.0159560646	-0.0433340936	-0.0416228978	0.0681730538	-0.0249908208	-0.0165310567	0.0634398887	-0.0263303184	0.0679375395	0.0494081693	-0.0671038849	0.0384818412	-0.0366812455	0.0312255519	0.0034728509	-0.0626409806	-0.0215414156	0.0209025189	0.0639912069	0.0100627039	0.0549170804	-0.0119366036	-0.1141626408	-0.1078697457	-0.0051669548	0.0728879281	0.0160732258	-0.0581792666	-0.0411866773	0.1036441676	-0.0732234215	-0.0530416804452613	0.0001733308758532	3.0043592524038046e-08	0.0028134198644572	0.1551474921224382	0.0150412332258013	0.024070744311882	0.0002262386969529	0.1284836845292076	0.0023912782191927	5.718211521585886e-06	0.0165080571902009	-0.0037151975836221	-0.000398958961055	1.5916825260616454e-07	1.380269308535149e-05	0.0003428931408995	1.790557455000016e-06	1.1757570607592437e-07	3.206095999656134e-12	-0.0018258689946067	-0.000256929409769	6.601272160429803e-08	3.3337975854660813e-06	0.0	0.0	0.0	0.0	0.0	0.0	0.0	0.0	0.0	0.0	0.0	0.0	0.0	0.0
2361.549118565261	8.897498481263938	5576914.239396361	79.16547922409408	3022.634435317096	-4.53216911764639	20.540556910947657	9136318.9295647	2704.880983875916	0.3263339152381377	0.106493824234652	7316381.136933545	2785.350004382012	2127.751495449657	1.225944	22.379663	0.0998474294482084	0.0528677937627056	0.0947260594	-0.0235065276	-0.1177962458	0.0018722788	0.1143972376	-0.033877397	-0.0047201923	0.0573585493	-0.0293911301	-0.0868590188	0.0393895108	0.0418295503	-0.0045052487	0.0410566513	-0.0663611598	0.1334653199	-0.1203657983	-0.0470905523	-0.0545888549	0.0727181548	-0.0108052864	0.0814019442	0.00443797	0.0481956516	0.1538085914	0.0407981339	0.0550140213	-0.042812489	-0.030988122	0.0034257561	-0.0586744774	-0.0812683996	0.0987417593	-0.1115190178	-0.0058695871	-0.0395455756	0.0862333304	-0.0053134313	-0.0001577863	-0.0078654073	0.0989111592	0.1226327238	0.0483386657	0.0221763171	-0.084802264	0.0954137778	-0.0098281109	0.0251311613	-0.0883128985	0.0391456208	0.0069201057	-0.125432233	0.002045431	-0.0138800478	0.0068893457	0.0014588819	0.0219552398	0.0248128219	-0.0369972771	0.081041518	0.0512482094	0.0934993021	-0.0334445665	-0.0175421356	-0.1137751429	0.0534007018	0.0615042226	0.073843239	0.0957677608	-0.0597044597	-0.0377752987	0.1024967892	-0.0783343427	-0.0333760228309927	0.0196656576142685	0.0003867380894016	0.0011139589000149	0.1339253654856804	-0.0212221266367577	0.017936003520473	0.0004503786589865	0.1323868458277246	0.0039031612985169	1.5234668122240736e-05	0.0175262769482137	-0.0044924677340066	-0.0007772701503845	6.04148886678744e-07	2.01822663410904e-05	0.000620000601831	0.0002771074609314	3.844007462708022e-07	7.678854490390279e-08	-0.0017791169279494	4.675206665730007e-05	2.185755736728629e-09	3.1652570433161103e-06	0.0	0.0	0.0	0.0	0.0	0.0	0.0	0.0	0.0	0.0	0.0	0.0	0.0	0.0
2358.805945140367	-2.7431734248939392	5563965.48682954	7.525000439044344	3021.8760802823736	-0.7583550347226264	0.5751023586891559	9131735.044582762	2705.5093610645395	0.6283771886232898	0.3948578911821095	7319780.902807852	2788.076501621344	2086.494229925352	1.184808	21.628716	0.086163117009659	0.04361793353307	0.079670015	0.0208626009	0.0795519944	-0.0301821595	-0.0872929208	0.0243489069	0.0907043064	0.1442410346	0.0235948485	-0.0702515293	0.0287172208	0.0388524314	0.0113295324	-0.0544688156	-0.0170287093	-0.0480580067	0.0735639724	-0.0242211759	-0.0109312127	-0.0763628426	-0.0007636601	-0.0202324791	-0.0444879437	-0.0465192858	0.087924076	-0.0075757754	-0.0245439645	-0.0106160228	-0.0553893465	-0.0176540705	-0.0416626233	-0.0964650011	-0.01489791	0.0839420782	0.0357975767	0.0187776563	0.0018845133	0.021830928	0.0208903864	0.0347430505	0.0060040987	-0.1349332441	-0.0642670023	0.0110279018	0.0920436218	0.0878119573	-0.0042737208	0.0378019182	0.006071652	-0.0062314545	-0.085288958	0.044298806	-0.033125224	-0.0686072541	0.0549027657	0.0335364571	0.0413065967	0.0492708829	-0.0855875187	0.1016269628	0.0867319047	0.0316304378	-0.000175248	-0.0322848903	-0.0783447899	-0.0558381512	0.024107142	0.1313428275	-0.0166037005	-0.0612114661	-0.0343178967	0.1010684743	-0.0830636267	-0.0246234827748708	0.0087525400561219	7.660695743401838e-05	0.0006063159039643	0.1552626699836281	0.0213373044979476	0.024106496690445	0.0004552805632381	0.1176663201706702	-0.0147205256570543	0.0002166938756199	0.0138453629025066	-0.0039321303687596	0.000560337365247	3.139779628919503e-07	1.5461649236921507e-05	0.0004572958009616	-0.0001627048008694	2.091194495771113e-07	2.6472852225951105e-08	-0.0016751041580951	0.0001040127698543	1.0818656292763578e-08	2.8059739404674934e-06	0.0	0.0	0.0	0.0	0.0	0.0	0.0	0.0	0.0	0.0	0.0	0.0	0.0	0.0
2356.4893297981776	-2.31661534218938	5553041.961452664	5.366706643667216	3020.960129282833	-0.9159509995406552	0.8389662335595253	9126200.10271655	2706.7218571215603	1.2124960570208714	1.4701466882911602	7326343.211819588	2786.2091319548776	2081.0549646990344	1.220477	22.279858	0.1516979000713888	0.0843803129070391	0.040869882	-0.0767854437	-0.0633336519	0.0195784252	0.0382310876	0.0020076561	0.0360199178	0.0394068438	-0.1909150627	-0.0552471446	0.0322312041	0.0240151017	-0.0588348126	0.0447511067	0.022421429	0.0174365516	-0.0625788415	0.0452346574	-0.0773008751	0.0522194944	0.0190077595	-0.0793111662	0.1081492607	-0.130047759	0.1010204199	-0.0045412048	0.0122633495	-0.0386317169	-0.0548838761	-0.0254060361	-0.0412375744	-0.0762131266	0.0139350352	-0.0998287471	0.0069105984	0.0390655804	-0.0565708175	-0.0372082627	-0.0097580891	0.1289715138	0.0377640478	-0.0250147642	0.1352536663	0.0372470018	0.0186157291	0.0543882473	0.006235204	-0.0339568342	0.143850979	-0.0268462474	0.1174733635	0.0169535172	0.0360754027	-0.1093773799	0.1071292474	0.0387068141	0.0508028567	0.1190766161	0.0285170101	0.0361520225	0.0359090358	-0.0119046553	-0.0046801831	-0.0071520009	-0.175569321	-0.0463041046	0.0160581435	-0.0424389392	-0.0005007129	-0.062699827	-0.0308186837	0.0993631376	-0.0873882332	-0.0213985660893314	0.0032249166855394	1.0400087628670435e-05	0.0004578986306794	0.1163903701605022	-0.0388722998231258	0.0135467182660987	0.0015110556935389	0.0814511472128316	-0.0362151729578386	0.0013115387523661	0.0066342893822863	-0.0027489338472178	0.0011831965215417	1.3999540085886148e-06	7.556637296379656e-06	0.0006997466793905	0.0002424508784289	4.896454153180313e-07	5.878242845094528e-08	-0.0016330413459681	4.206281212699981e-05	1.7692801640312823e-09	2.666824037641304e-06	0.0	0.0	0.0	0.0	0.0	0.0	0.0	0.0	0.0	0.0	0.0	0.0	0.0	0.0
2359.0763506242715	2.587020826093976	5565241.228074731	6.692676754643959	3040.102867774714	19.14273849188112	366.444436968547	9242225.44665204	2705.8979975607544	-0.8238595608058858	0.6787445759312671	7321883.9732033	2789.124985601963	2082.0658361100946	1.208314	22.057831	0.0971366692120935	0.0462125677411512	0.0514581806	0.0372682316	0.0663699466	-0.0884987898	-0.0853362636	0.0674281983	0.0479677662	0.0544138478	-0.1217431696	-0.0553726673	0.0331437288	0.0532228429	0.0131332136	-0.0868443397	-0.0625708676	-0.0542821645	0.0366458582	-0.0710035205	0.0430951198	0.1057590225	-0.0034833593	-0.1136400114	0.0341545142	-0.074840882	-0.0318740131	0.0396715998	-0.0403492002	0.0007780612	0.0120875569	0.0619795277	-0.0294914605	-0.0676221341	-0.0117251613	0.0862383282	0.0311044208	0.0436867516	0.0018584327	-0.0117486874	-0.0243803164	0.0050222185	0.0964842342	-0.1519026162	0.0375911926	0.0214354182	0.1889313519	0.0649224458	0.017152405	-0.0114022022	0.0650104957	0.0185866911	-0.0645580857	0.0766760032	0.0019808302	-0.0603116757	0.0408387366	0.1050931351	0.0407415901	0.0426312973	-0.0032990062	0.0848891309	0.0429276762	0.0633055064	0.0067199783	-0.0470984619	-0.1174289827	-0.0258663594	0.0953385364	-0.0097178156	-0.0462160793	-0.0641690889	-0.0272819228	0.0973854535	-0.0912870929	-0.0328626344202405	-0.011464068330909	0.0001314248626957	0.0010799527410383	0.1029945637863534	-0.0133958063741488	0.0106078801695412	0.0001794476284136	0.072784811598126	-0.0086663356147056	7.510537298671475e-05	0.0052976287993746	-0.0034696962267442	-0.0007207623795264	5.194984077405585e-07	1.203879190588294e-05	0.0003421705369952	-0.0003575761423953	1.1708067638758353e-07	1.278606976103039e-07	-0.001826912001893	-0.0001938706559248	3.7585831228750954e-08	3.337607462660689e-06	0.0	0.0	0.0	0.0	0.0	0.0	0.0	0.0	0.0	0.0	0.0	0.0	0.0	0.0
2363.7004609593823	4.6241103351108	5587079.869139597	21.38239639127851	3072.1980666615605	32.09519888684645	1030.1017915862294	9438400.96079903	2707.361680022383	1.4636824616286503	2.1423663484793054	7329807.266453621	2782.3360522147937	2122.733939980977	1.452003	26.506371	0.1349909401201993	0.0642985020591595	0.0845539553	-0.0902105363	-0.057741281	0.1261786884	0.1046202845	0.0598138556	-0.1470720262	0.0653451915	-0.0369983893	-0.0847370933	0.0248853103	-0.0965586818	-0.0309734722	0.0485575659	0.0107631027	0.0028057592	-0.1394446166	0.067357663	-0.0008209633	-0.078335794	0.0109137155	-0.1026234701	-0.0373592235	-0.0313850862	0.0407182626	0.0607143057	-0.0010496246	-0.0480403598	0.0164188459	-0.0117030214	-0.1077578875	0.0192568969	-0.017128408	-0.090848734	-0.0765571941	0.0099549536	-0.067992431	0.0276306154	0.0523157642	0.0058824146	0.0292237367	0.0236036073	0.0439841266	-0.1768430429	-0.0693318464	0.0875371925	-0.0170371345	-0.0195297805	-0.0095905572	0.0199248882	0.0840057776	-0.0427258659	-0.0316517865	0.0143875357	-0.0257460974	0.0671178964	-0.0240494522	0.0150008072	0.0645210361	0.0538523609	-0.0746627174	-0.0068033225	-0.0081058844	0.0662448634	-0.1375175655	-0.0762941658	-0.0126127374	-0.1311889366	0.0374358386	-0.0656188043	-0.0237119231	0.0951408427	-0.0947412111	-0.0616750133213628	-0.0288123789011223	0.0008301531779418	0.0038038072681902	0.1186315789847469	0.0156370151983935	0.0140734515324142	0.0002445162443147	0.1100507322870996	0.0372659206889736	0.0013887488447968	0.0121111636769268	-0.0041496188490811	-0.0006799226223368	4.6229477236548587e-07	1.721933659264915e-05	0.0004998193976968	0.0001576488607015	2.498194303139919e-07	2.4853163280512477e-08	-0.0015989709782973	0.0002279410235957	5.195711023785546e-08	2.556708189437025e-06	0.0	0.0	0.0	0.0	0.0	0.0	0.0	0.0	0.0	0.0	0.0	0.0	0.0	0.0
2360.165139880955	-3.535321078427387	5570379.487509288	12.498495127572982	3016.303795509089	-55.89427115247145	3124.1695476660016	9098088.586802537	2707.6981452334244	0.3364652110412862	0.1132088382410572	7331629.245700527	2784.112826616336	2113.440925167542	1.235977	22.56282	0.10919409090623	0.0590808218562467	0.1080628092	0.0016561957	0.0616564291	-0.012416041	0.0404701007	0.0123642681	0.1055283769	0.0646497821	0.0747441668	-0.081813995	0.1154640422	-0.0044903131	0.0160718702	-0.1462841003	-0.1058130653	0.0568971715	-0.0909040922	-0.0495906133	0.0067996443	0.003367823	-0.0002672271	-0.0763764192	0.0207252458	-0.0010167913	-0.0339748611	-0.023411082	0.0288092487	0.2161059572	-0.0098594403	-0.0066541856	-0.0832039609	-0.0568471891	0.0251963134	0.1131251267	-0.0679789973	-0.0100159608	0.0399586898	0.0101674027	0.0643302587	-0.1709927742	0.1073585948	0.0280461157	0.058659687	-0.013364241	0.0555439513	0.1116309262	-0.0298177313	0.0395372691	-0.056266077	0.0071222243	-0.092240872	0.0248208497	-0.0284338188	-0.0037989003	-0.011154069	0.0472535026	-0.0223536773	0.0131257133	-0.04775269	0.0899329832	0.0116777959	0.0449911572	-0.0025113813	-0.0454884886	-0.0026215536	0.0609738048	0.0801818126	-0.1505202411	0.0646871876	-0.0670485315	-0.0201130341	0.0926354574	-0.0977337597	-0.0622920507715605	-0.0006170374501976	3.807352149464784e-07	0.0038802995893266	0.1442963433519253	0.0256647643671783	0.0208214347047367	0.0006586801300227	0.1411439374764285	0.0310932051893289	0.0009667874089457	0.0199216110863499	-0.0049022239376826	-0.0007526050886015	5.66414419388872e-07	2.403179953518829e-05	0.0003447365519224	-0.0001550828457743	1.1884329023134559e-07	2.4050689053486327e-08	-0.0017276647219119	-0.0001286937436145	1.6562079645540358e-08	2.9848253913389225e-06	0.0	0.0	0.0	0.0	0.0	0.0	0.0	0.0	0.0	0.0	0.0	0.0	0.0	0.0
2357.3625470717097	-2.8025928092451977	5557158.178336419	7.854526454432889	3018.7458017386643	2.442006229575327	5.963394425284704	9112826.21551481	2704.5880650883228	-3.11008014510162	9.67259850895531	7314796.601818197	2790.051689891326	2121.7974251996934	1.140134	20.813204	0.0895096882434644	0.0498234201519644	0.100782807	-0.0715085491	-0.0821798443	-0.0089999773	0.0910170521	-0.0764967016	0.0428923867	0.0912446599	-0.1075809137	-0.0900338038	0.0405124584	0.0288933048	-0.0383687024	0.0828787287	-0.0318470317	-0.0002152925	-0.0635205699	0.0059522925	-0.0746219626	-0.035344872	0.0418490706	-0.0255452791	0.0444840541	-0.0747950428	-0.0373396384	-0.1249858189	-0.004361747	0.0564852468	0.0132559356	-0.0388394223	-0.049272639	-0.1247418357	0.0915670285	-0.0986649629	0.0092926538	-0.0040562744	-0.0291684138	0.0115487087	0.0613500318	-0.0389203582	-0.0596069402	-0.064978621	-0.0006467645	-0.0229409425	0.0239937109	0.1067253784	-0.0253536355	0.0341918742	-0.00527859	0.0048005437	0.0434496805	-0.0793137137	-0.0316829036	-0.102197665	0.057477887	0.0071776135	0.0334414233	0.0575687437	-0.0031587267	0.0708522607	-0.030810378	-0.0238443442	-0.0217206244	-0.0074797922	-0.0274773453	-0.0844258787	-0.1386481241	-0.2070954926	0.0796635054	-0.0684578352	-0.0164896405	0.0898761648	-0.1002501592	-0.0530429141106196	0.0092491366609408	8.554652897276094e-05	0.0028135507373465	0.1578754570568605	0.0135791137049352	0.0249246599409126	0.0001843923290115	0.1201808624494802	-0.0209630750269483	0.0004394505145854	0.0144434396991008	-0.0041827527392928	0.0007194711983897	5.176388053124543e-07	1.7495420478061424e-05	0.000342213167626	-2.523384296399976e-06	1.1710985209662078e-07	6.367468307318001e-12	-0.0015352920475853	0.0001923726743265	3.700724582756806e-08	2.3571216713786637e-06	0.0	0.0	0.0	0.0	0.0	0.0	0.0	0.0	0.0	0.0	0.0	0.0	0.0	0.0
2350.506807735558	-6.855739336151601	5524882.253211204	47.00116184525639	3016.3249759050755	-2.4208258335888786	5.860397716571289	9098216.360268757	2703.253256198579	-1.3348088897437265	1.7817147721388795	7307578.16714822	2777.34076553736	2080.467438097456	1.19407	21.79781	0.0421623352760935	0.0246218042144791	0.0852428979	0.0206626024	0.0696863447	-0.0306721934	0.0365060287	0.0503974137	0.1288345101	0.0809835376	0.0549628097	-0.094484611	0.0066580856	0.0439065615	0.0275195073	-0.1168484346	-0.1115660446	0.0094454847	-0.0245370263	-0.0011882002	0.0820267138	0.0086772999	-0.0004970279	-0.0120694993	0.027383157	-0.0146157122	-0.0111059196	-0.0777472856	-0.0046545122	0.0053295981	-0.0059506882	-0.0896279255	-0.1011947061	-0.012678342	0.0176695591	0.121586157	0.0354318813	-0.0240366712	-0.006039414	-0.0191053937	0.0789739938	-0.0603338987	0.1426494169	0.0073548622	0.0349694728	0.0054851803	0.127514558	0.0932756736	-0.0330388265	0.0170627439	0.0654956076	-0.0248035024	-0.0338234476	0.1020662579	0.0393329187	-0.0549827444	0.0412883271	0.0527928506	0.0010001801	0.0259495321	-0.0356622444	0.1082682917	-0.0185651628	0.0017849611	0.0422634323	0.0026035861	-0.018457002	0.0934433892	0.0024117819	-0.1923605957	0.0677972086	-0.0698462859	-0.0128461567	0.0868705278	-0.10227815	-0.0531741525510938	-0.0001312384404741	1.7223528258099503e-08	0.0028274904995269	0.161602947836613	0.0037274907797524	0.026115512749483	1.3894187513139787e-05	0.1119163973253734	-0.0082644651241068	6.830138378757774e-05	0.0125252799902908	-0.0039358116282031	0.0002469411110897	6.097991234621579e-08	1.5490613172698735e-05	0.0003408291677009	-1.383999925100006e-06	1.1616452155568821e-07	1.9154557926768226e-12	-0.0011828343399649	0.0003524577076204	1.2422643566102738e-07	1.3990970758002009e-06	0.0	0.0	0.0	0.0	0.0	0.0	0.0	0.0	0.0	0.0	0.0	0.0	0.0	0.0
2358.7335010176994	8.226693282141241	5563623.728823213	67.67848235842783	3044.988618738511	28.66364283343546	821.604420482756	9271955.688247064	2707.3715536742084	4.118297475629333	16.960374097774938	7329860.729644297	2786.7156228089943	2124.828202508465	1.391909	25.409355	0.2545916452870797	0.1371900046758481	0.1121603524	-0.0881281171	-0.0261568675	0.0830185267	0.1243466212	-0.0271831049	-0.0472802017	0.0415957485	0.0095940961	-0.0529470256	0.0575191119	-0.0243959539	0.0183495615	0.1064744416	-0.034101481	-0.0260956242	-0.0511124468	0.0785188293	0.0938896933	-0.1529753482	0.028599599	-0.0734435408	0.0653648771	0.0124092103	-0.0407293502	0.0212163147	0.0051705823	0.1192402008	0.1262810522	-0.0356059313	-0.0705667865	-0.0190963738	0.036955378	-0.0509724159	-0.0772970379	-0.0684964761	-0.0949232663	0.0396189849	0.0394289846	-0.0320073956	-0.0261990079	0.0371288458	-0.054628398	-0.2068905296	0.0159546926	0.1086459075	-0.0384736539	0.0383706512	-0.0430716846	-0.0650917559	0.1042696773	-0.0586371535	-0.023628592	0.1083095493	0.0095901021	-0.1237079846	-0.0987081387	0.162642621	-0.1253582386	0.0591236839	-0.0076141672	-0.0517592362	0.0554564866	-0.1301582086	0.1478994442	-0.0237373672	-0.1638020525	-0.0362189775	-0.2889322732	-0.0712134607	-0.0091870219	0.0836267848	-0.1038078519	-0.0336721561010477	0.019501996450046	0.0003803278655376	0.0011338140964933	0.1693088343786541	0.0077058865420411	0.0286654813986585	5.9380687398810166e-05	0.1956878525657259	0.0837714552403525	0.0070176567130863	0.0382937356417852	-0.0051888150463746	-0.0012530034181715	1.5700175659494628e-06	2.692380158548344e-05	0.0017870315092429	0.001446202341542	3.1934816150269567e-06	2.0915012126815637e-06	-0.0013558747213442	-0.0001730403813793	2.994297358789361e-08	1.838396259980212e-06	0.0	0.0	0.0	0.0	0.0	0.0	0.0	0.0	0.0	0.0	0.0	0.0	0.0	0.0
2354.5785371137176	-4.154963903981752	5544040.087436575	17.263725043391283	3012.257119970384	-32.73149876812704	1071.351011607902	9073692.956812272	2703.781986472881	-3.5895672013275544	12.88499269284653	7310437.030375238	2779.38067580003	2095.248346751057	1.265694	23.105305	0.125417905310216	0.0699912030323723	0.1177384964	-0.0091523362	0.0615867481	-0.0419896856	0.0480184084	0.0368775266	0.1072974932	0.0276585236	0.0719704913	-0.0847877054	0.0033086431	0.001900481	0.0358576051	-0.0903435869	-0.0985503664	-0.0276021623	-0.0393710768	0.0621750604	0.0056790908	-0.0086784552	0.0537808245	0.033094422	0.0783271381	0.0325893353	-0.0368391399	-0.0765618732	0.0416495592	0.1603404238	0.0669831283	0.0181752736	-0.0859596262	-0.0284302781	0.0248313297	0.095799721	0.0104512465	-0.0151756692	0.0475902921	0.0058091248	0.1148963696	-0.0922344197	0.0281469062	0.0070921756	0.0237912069	-0.0080838747	0.0151468351	0.128850283	-0.0891925254	0.0699243266	-0.0411166687	-0.0238992334	-0.0076083654	0.036767641	0.0403699674	0.1135671013	0.1291851661	-0.0686494845	-0.0473394744	0.1589693881	-0.1217494541	0.1284391211	0.0117353268	-0.0405823244	-0.0047482151	-0.178579931	0.0757442352	0.1336377256	-0.0776243518	0.0706253834	-0.2409780577	-0.0725589432	-0.0055166942	0.0801538266	-0.1048318124	-0.0230252078492014	0.0106469482518463	0.0001133575070774	0.0005301601964989	0.2110956954997078	0.0417868611210537	0.0445613926585053	0.0017461417623502	0.1995400922654369	0.0038522396997109	1.4839750704029425e-05	0.039816248421299	-0.0062610940632618	-0.0010722790168872	1.1497822900565815e-06	3.920129886901216e-05	0.0017329617148944	-5.406979434849986e-05	3.00315630528974e-06	2.923542660889067e-09	-0.0010995864078278	0.0002562883135164	6.568369964508056e-08	1.209090268279645e-06	0.0	0.0	0.0	0.0	0.0	0.0	0.0	0.0	0.0	0.0	0.0	0.0	0.0	0.0
2352.2273700205587	-2.3511670931588924	5532973.600273835	5.527986699953236	3031.4962158203125	19.239095849928617	370.1428091227405	9189969.306532877	2705.611418057332	1.8294315844509583	3.346819922186744	7320333.145522206	2779.217506134816	2083.754683874105	1.343493	24.52552	0.0863446258483007	0.0435289740505177	0.0983070006	-0.0530871538	-0.0629686031	0.0103691814	0.1198850439	0.0097514345	-0.0238245093	0.0701016117	0.0288790888	-0.0902128349	0.0377328396	-0.1337829743	-0.0157969268	0.1138669759	-0.097667565	-0.0929950781	-0.0367730873	-0.0932243375	0.0078868212	-0.0228739343	0.0520270133	-0.1122847566	0.0247744819	-0.0075445144	-0.0481369071	-0.1257526431	-0.0160161428	0.0863775854	-0.0623423873	-0.0155111451	-0.1142758834	-0.0010875159	0.0253110678	-0.1219153059	-0.0986103674	-0.0066220441	-0.0003869013	0.0950685833	-0.0152271459	-0.0898016131	-0.0066658535	-0.1429681392	0.0192088703	-0.1589815559	0.103729982	0.1090095198	-0.108352976	-0.0011606924	0.0361418704	-0.0749223322	0.1446741694	0.0108771183	0.0987747297	0.149390784	0.0755982977	0.0178931765	-0.1117301865	0.0565662666	0.0267649751	0.1665654368	0.1042012393	-0.0089309641	0.0312298223	-0.0069084741	-0.051361336	-0.0518415951	-0.046392575	-0.1471296356	0.0588985983	-0.0738823236	-0.0018396452	0.0764611723	-0.1053450429	-0.0400608666090818	-0.0170356587598804	0.000290213669383	0.0016048730334706	0.2036650737152285	-0.0074306217844793	0.0414794622514294	5.521414010397853e-05	0.2137370267625229	0.014196934497086	0.0002015529491145	0.0456835166092834	-0.0055538664721837	0.0007072275910781	5.001708655821323e-07	3.084543279084622e-05	0.0017332534173095	2.917024150999627e-07	3.00416740861506e-06	8.509029897515094e-14	-0.0013456953304717	-0.0002461089226438	6.056960180494114e-08	1.8108959224533377e-06	0.0	0.0	0.0	0.0	0.0	0.0	0.0	0.0	0.0	0.0	0.0	0.0	0.0	0.0
2362.3940446652723	10.166674644713568	5580905.622269944	103.36127333146172	3019.335089390574	-12.161126429738488	147.89299604008397	9116384.382025186	2708.013479317184	2.4020612598524167	5.769898296083779	7333337.004163561	2799.0634319598857	2094.053384894055	1.744437	31.844769	0.5734727951217463	0.2820152559823291	0.0519709647	0.0662142347	0.0840382445	-0.0366624699	-0.1125269731	-0.0410473554	0.1139021643	0.14807056	0.0910521077	-0.0591993079	0.1253916376	0.0570691488	-0.0277969316	-0.1255042834	-0.0155378442	0.0405670743	-0.0611201968	-0.0341405744	-0.0083125276	-0.1246972822	-0.0664508546	0.064885086	0.0240408052	-0.1089660555	-0.0621076341	0.2127980487	-0.1057823491	0.1255551631	0.0007923897	0.1321920619	0.0137826541	-0.1827557879	-0.0090020149	0.0765064405	0.0075200125	0.0759139737	0.0073278756	0.0667309471	0.0658140429	-0.0595870553	0.0666333014	0.0181802947	-0.0576609621	0.0217037282	-0.0943698054	0.0742961898	0.0424837964	-0.0112475215	-0.0779498817	0.0133698986	-0.1044376352	0.0041442818	-0.043355366	-0.0101088102	0.147411597	0.0368196975	-0.107885347	-0.0940575773	0.0869001297	0.1973598475	-0.1597646459	0.0913060102	0.232729275	0.1615331989	0.051514285	-0.0345906972	0.0575104212	-0.0758688416	0.2700988599	-0.0751831987	0.0018396452	0.0725589432	-0.1053450429	-0.0716997737499127	-0.0316389071408308	0.0010010204450661	0.0051408575557886	0.068561236167568	-0.1351038375476604	0.004700643104825	0.0182530469201046	0.018559992092868	-0.1951770346696549	0.0380940748624396	0.0003444733064873	-0.0036269347202316	0.0019269317519521	3.71306597668119e-06	1.3154655464821476e-05	0.0002998623122711	-0.0014333911050384	8.99174063205707e-08	2.054610060003206e-06	-0.0004749578721902	0.0008707374582814	7.581837212545268e-07	2.255849803554424e-07	1.0	0.0	0.0	0.0	0.0	0.0	0.0	0.0	0.0	0.0	0.0	0.0	0.0	0.0
2364.186675993424	1.792631328151856	5589378.638944836	3.213527078671487	3037.099902982026	17.76481359145191	315.58860193903456	9223975.820693431	2714.9271318553824	6.913652538198221	47.79859141893471	7370829.331284493	2819.531723883213	2035.9202870094311	2.687068	49.052547	0.7957542948673184	0.4662090754926763	-0.2001948784	-0.0081831316	-0.0584133174	-0.0661466049	-0.1259523315	-0.2010141097	-0.1450079039	-0.1598445349	-0.0670200167	0.1324416313	-0.0130232151	0.2203692043	-0.1342314408	0.0192069818	0.0846033225	-0.1350940058	-0.1743330242	0.030070806	0.1182204451	0.119087001	0.1036538029	0.2993125177	0.1063248441	-0.3580399646	0.0336083393	0.0811394477	0.0192345341	0.0310101036	0.0095114274	-0.1034754358	0.2189766353	-0.051660106	0.0970532974	-0.017197203	0.1759572869	0.0589245556	-0.2308418499	0.1709242285	0.0373440859	-0.0110373442	-0.0234893812	0.1462139039	-0.0252172372	0.2561708869	0.1124774002	-0.164736504	0.1792155631	0.1419203002	0.1397119445	-0.2339827341	0.1515332255	-0.073042862	0.0949270731	-0.1458617798	0.1950015785	-0.0261144667	-0.2863942988	-0.2772742445	-0.1419199948	-0.0293917139	-0.2600207553	0.2729170953	0.0274759414	-0.0805147643	0.1011609269	-0.0049551183	0.1648493477	-0.0520399033	-0.050122156	-0.0764611723	0.0055166942	0.0684578352	-0.1048318124	-0.020042564526264	0.0516572092236486	0.0026684672647758	0.0004017043927894	0.001022162983574	-0.0675390731839939	1.0448171649889016e-06	0.0045615264065528	-0.0967561374588328	-0.1153161295517008	0.0132978097347846	0.0093617501359525	0.0043400538701285	0.00796698859036	6.347290719892799e-05	1.8836067595617367e-05	-0.0018489480920496	-0.0021488104043207	3.418609047093856e-06	4.61738615371689e-06	-0.0015839965356689	-0.0011090386634786	1.2299667570906208e-06	2.5090450250110764e-06	0.0	1.0	0.0	0.0	0.0	0.0	0.0	0.0	0.0	0.0	0.0	0.0	0.0	0.0
2364.037100025855	-0.1495759675690351	5588671.410298655	0.022372970074213	3029.5863172743057	-7.513585707720267	56.45397018725827	9178393.25381569	2712.7432221269187	-2.183909728463732	4.769461702078531	7358975.789195537	2788.289040746444	2066.101966846869	2.383198	43.505383	0.5173995473569809	0.3066030597595707	-0.0335820668	0.1883191012	-0.0177679206	-0.1196485135	0.0427295636	0.0111255794	0.0331588932	-0.1282339172	0.0552467662	0.0449296405	0.0236809568	0.0775565017	-0.0891568177	0.0671171925	0.0327097161	-0.0089516854	0.1208130962	0.0739081542	0.0873663625	-0.0648323254	0.0269907011	0.1358746198	0.0737218087	0.0928972474	-0.1683277496	-0.0143491196	0.2573853407	-0.0476925892	0.1581994584	0.1114534726	0.0267531749	0.0624979617	0.1092328683	0.0814277635	-0.0423147534	0.0742699161	0.0058080103	-0.0867028013	-0.0659181962	0.0608718811	-0.1178743553	0.0808831417	-0.0853170937	-0.0620666224	-0.0794126184	-0.0522982064	0.1512904874	-0.1650438976	0.0102602425	0.1048466441	-0.1196935477	-0.0422434053	0.0650798301	0.2533430632	0.2182040495	-0.2888544576	0.1452935115	-0.1543158638	-0.1173534963	0.0246411147	-0.1170068025	-0.125014971	-0.0358636785	0.1500973699	0.0087931314	-0.0040287728	-0.0306153573	0.0210091756	0.1721569051	-0.0777158551	0.0091870219	0.0641690889	-0.1038078519	0.0095863079476572	0.0296288724739212	0.0008778700840758	9.18973000673156e-05	0.0315869329488265	0.0305647699652525	0.0009977343331136	0.0009342051630288	-0.0314848609659605	0.0652712764928722	0.0042603395350089	0.0009912964700458	-0.0008900762738905	-0.0052301301440189	2.73542613233762e-05	7.922357733427963e-07	-0.0002792575980927	0.0015696904939569	7.798480609250398e-08	2.463928246818657e-06	-0.0005451246051461	0.0010388719305228	1.0792548880281692e-06	2.9716083513569146e-07	0.0	0.0	1.0	0.0	0.0	0.0	0.0	0.0	0.0	0.0	0.0	0.0	0.0	0.0
2334.7023798427244	-29.334720183130685	5450835.202443281	860.5258082225747	3058.894247217116	29.30792994281046	858.954757532686	9356834.015657969	2712.373319642734	-0.3699024841848768	0.136827847806143	7356969.025109744	2787.960799153646	1824.344964404182	4.562298	83.284958	1.9109869373839368	1.3820103758124598	-0.3833619728	-0.2688585552	0.0589809465	0.1283241275	-0.1183382012	0.0701401376	0.0241238948	-0.2956409538	0.0852168332	0.0874825353	-0.3570110759	-0.2509738398	-0.0195679713	-0.0856472418	0.1990363043	0.2916956652	0.1770869596	-0.0431656969	-0.1474790017	0.0660556648	0.0356074779	0.1721236398	0.0838039224	-0.0909548529	-0.0319582412	0.0252199486	0.066844059	0.0732386209	-0.0291175925	-0.2629470072	0.0176709756	0.2786788606	-0.2780147678	-0.1633376789	0.1519303589	0.1135329624	0.1934523153	-0.2923589521	0.061728596	-0.0645125646	-0.1516316164	-0.1246056294	0.0630783567	0.2945573665	-0.019897455	-0.3601345698	-0.4836584119	-0.0724469959	0.361722054	-0.0914963094	-0.4014183411	-0.3048385229	-0.0833130552	0.0103591823	-0.1626233988	-0.2050999418	-0.0755736913	-0.0332505808	0.2505984259	0.1405510722	-0.019756799	0.096511087	-0.0285670512	-0.1037071764	-0.0866375388	0.0176140025	-0.0812811844	0.0126509755	-0.04885363	-0.0789468648	0.0128461567	0.0597044597	-0.10227815	-0.0255818565695591	-0.0351681645172163	0.0012367997955099	0.0006544313855454	0.0116361076387789	-0.0199508253100476	0.0001353990009812	0.000398035430552	-0.3356830510916282	-0.3041981901256677	0.0925365388757318	0.1126831107901846	0.0235013905872961	0.0243914668611866	0.0005949436556403	0.0005523153595366	-0.0051489715383905	-0.0048697139402978	2.6511907903155435e-05	2.3714113860330727e-05	-0.0023173389522818	-0.0017722143471356	3.1407436921936147e-06	5.37005981976251e-06	0.0	0.0	0.0	1.0	0.0	0.0	0.0	0.0	0.0	0.0	0.0	0.0	0.0	0.0
2359.655410156517	24.953030313792624	5567973.654680921	622.6537218410537	3031.0906755036	-27.80357171351625	773.0386000286409	9187510.68312487	2716.3373026890035	3.963983046269732	15.713161591113863	7378488.341979771	2794.599563050881	1960.3659366988584	4.105711	74.94993599999998	1.0410638064029951	0.6067770384646005	-0.3060376496	-0.1633660688	-0.0701622874	0.0572215386	-0.0223381959	-0.0053444802	-0.0450634126	-0.0337512806	-0.008570399	0.0928565944	-0.2364258638	-0.3537298632	0.0616540594	0.0705943648	0.0138015618	0.4551820814	0.0720884374	-0.007376177	0.1243333984	-0.2327079267	-0.1649916989	0.1336477153	-0.0040014584	-0.1264009794	0.0662019378	-0.1368655278	-0.1762096846	-0.0433568479	-0.0115277489	0.0849955703	0.0439170339	0.1882908479	-0.2208522836	-0.3251878692	-0.0735507495	-0.0253473896	0.375283211	-0.3110228435	0.1549633608	-0.062269875	-0.0990933567	0.0927706197	-0.2647031839	-0.0056477694	0.1325805717	-0.3372156494	-0.4106692708	-0.540168397	-0.4481869092	-0.0635318613	0.1219137217	0.1478386843	0.0518092209	-0.2451775145	0.1152472094	0.10136082	-0.0004731331	0.0012345146	-0.211497972	-0.1001752944	-0.0069043695	-0.0406961844	0.0399396106	0.0250096816	0.0433297163	-0.0331750853	0.0711509464	0.0059846897	0.0076376516	-0.0801538266	0.0164896405	0.0550761846	-0.1002501592	-0.0759690025386987	-0.0503871459691396	0.0025388644789153	0.0057712893467248	-0.223077737147662	-0.2347138447864409	0.0497636768109213	0.0550905889344334	-0.3634843493778632	-0.027801298286235	0.0007729121864002	0.1321208722426485	0.0132001937445797	-0.0103011968427164	0.0001061146563923	0.0001742451148944	-0.0012131946148852	0.0039357769235053	1.4718411735864486e-06	1.5490339991596846e-05	-0.0019910823712799	0.0003262565810018	1.0644335664704925e-07	3.964409009221589e-06	0.0	0.0	0.0	0.0	1.0	0.0	0.0	0.0	0.0	0.0	0.0	0.0	0.0	0.0
2371.147187556808	11.491777400291085	5622338.985058561	132.0609478178409	3047.061090207568	15.970414703968345	255.05414581672832	9284581.287456932	2725.235052058127	8.89774936912363	79.16994383573996	7426906.088966263	2813.143989445613	1984.363322079958	4.564263	83.32081599999998	0.673431263047388	0.4044942573052076	-0.3156844302	0.1022753369	-0.0134056509	-0.0821541823	-0.1970567279	-0.0424597564	-0.2134400332	-0.0846958568	0.0474079525	0.2561046987	-0.2547440045	-0.0425913185	-0.3364512213	-0.1448644961	0.0091653375	-0.1313279545	-0.1436627464	0.0227201525	-0.0610321817	-0.1036001917	0.0546524892	-0.0187615042	0.1873979869	0.2732686174	0.0686575398	0.1387913268	-0.0718058834	0.2302584833	-0.0809733678	0.0814777577	0.2576857572	0.241493336	-0.0454592501	0.0485957118	0.1559116464	0.3366016038	-0.0750071839	0.1890033045	0.1628659481	-0.0801908389	0.0045688412	0.0619801845	-0.0284734855	-0.1158528941	-0.1733458357	-0.3062533364	-0.102974511	0.4205943685	-0.1466940077	0.4735264893	0.2194786975	0.3184094707	0.0034393307	-0.0958267736	0.0113242777	-0.4075643963	-0.0567206002	-0.0089704846	0.2253155714	0.083764094	0.1171464684	-0.060677184	0.0640881093	0.0106121042	0.021962677	-0.0766836951	0.1331655176	-0.0229054092	-0.0152234732	-0.0813363727	0.0201130341	0.0502969496	-0.0977337597	-0.0059137035555352	0.0700552989831635	0.0049077449156204	3.497188974274966e-05	0.1483696339569036	0.3714473711045656	0.0220135482805055	0.1379731495004929	-0.3824336421880971	-0.0189492928102338	0.0003590756980079	0.1462554906772535	0.0156420488073779	0.0024418550627981	5.962656147713195e-06	0.0002446736908923	-0.0026268987663538	-0.0014137041514686	6.900597128671117e-06	1.998559427879555e-06	-0.0023951091600016	-0.0004040267887216	1.6323764600476917e-07	5.73654788832357e-06	0.0	0.0	0.0	0.0	0.0	1.0	0.0	0.0	0.0	0.0	0.0	0.0	0.0	0.0
2364.4440669499927	-6.703120606815446	5590595.745735021	44.93182586951387	3055.929355995328	8.86826578775981	78.64613808235113	9338704.22883402	2717.7836076854605	-7.451444372666629	55.52402323894517	7386347.738203797	2821.3653146597057	1979.8803830622933	3.199805	58.412586	0.5337395716705073	0.2603327970501496	-0.3118330243	0.0089339894	0.0930940509	-0.0293475033	-0.2695696729	-0.0956654852	-0.2746717919	-0.1142577144	0.1874174721	0.3493564512	-0.3828468677	0.142186834	0.5522109575	0.1594091689	-0.2721014885	-0.1368208042	-0.193940358	0.0085275813	-0.2196007834	0.0519404155	0.0373938194	-0.0392718402	-0.1829712969	0.0160953566	-0.0611973453	0.085063536	-0.0236951843	0.1031036165	0.0544582236	-0.0096219546	0.3679799839	0.1623688249	0.0122327391	-0.0803628275	0.3107636586	-0.6134362572	0.1606566365	0.2896255556	0.0906630608	0.076321325	-0.078969214	-0.1077625055	0.2100875613	-0.028297794	0.0111045291	-0.3491720032	0.0133012862	0.3470714591	-0.1832787848	-0.3563768666	0.0405345601	-0.0144759338	-0.0102051062	0.2605192031	0.0227326422	0.2671841714	0.5922119766	0.0836833494	0.1280363539	0.0516434857	-0.1339274185	-0.0363989558	0.0998195728	-0.0639025238	0.0743769746	-0.0020578111	0.0086466758	-0.0143857481	0.0264083172	-0.082494143	0.0237119231	0.0453798541	-0.0947412111	-0.0473695625665016	-0.0414558590109664	0.0017185882463371	0.0022438754577417	-0.0403711374824951	-0.1887407714393987	0.0016298287416305	0.0356230788035393	-0.4604265305523043	-0.0779928883642072	0.0060828906353916	0.211992590036432	0.0146264291170672	-0.0010156196903106	1.0314833553468018e-06	0.0002139324287165	-0.003378785368916	-0.0007518866025622	1.1416190569200832e-05	5.653334631125278e-07	-0.0051386039242474	-0.0027434947642458	7.526763521444119e-06	2.640525029029078e-05	0.0	0.0	0.0	0.0	0.0	0.0	1.0	0.0	0.0	0.0	0.0	0.0	0.0	0.0
2389.688284306181	25.244217356188077	5710610.096150218	637.2705099264672	3112.705225726358	56.77586973103007	3223.4993837148963	9688933.822264178	2732.320608763568	14.53700107810755	211.32440034490008	7465575.909074116	2803.088335555639	2101.5215925114544	3.985018	72.74668099999998	2.0774778122176087	1.2609391342390273	0.0657571222	-0.0880394301	0.0265689349	0.2299031313	-0.0819165763	0.1671118962	-0.4074956465	0.2822120705	0.2670700559	0.1660238713	0.3088367451	-0.5171914329	0.0615963658	0.073656728	0.0675798887	-0.2564561422	0.0743332442	0.1870434867	-0.0223211612	0.2902015767	0.0697103576	0.0268744541	0.0349282983	-0.0059062868	-0.0656515035	0.0981090493	-0.0030405407	0.1175618983	-0.0368584478	0.109089533	0.0146068781	0.1548059145	-0.1445553737	0.0079485443	-0.5581711814	-0.092058797	-0.2014412459	0.2003351062	0.0485009387	-0.1373783506	-0.1058675553	-0.2018235738	0.149787216	0.283468531	-0.1467275111	0.0442746863	-0.0097719076	-0.0915968135	-0.0209532599	-0.0077992214	0.205088339	0.0581456322	-0.0332101378	0.1596000165	-0.305840107	0.0422983367	-0.1339435907	0.0590478183	0.0744935727	-0.0178481196	-0.0837723225	-0.0156692236	-0.0116141936	0.0761187311	-0.1390342186	0.0461546737	-0.1733355956	0.005276682	0.0714539685	-0.0836267848	0.0272819228	0.0403383756	-0.0912870929	-0.0575755540746172	-0.0102059915081156	0.0001041622626637	0.0033149444269991	0.1169369800054624	0.1573081174879575	0.0136742572927979	0.024745843827605	0.1602314268234863	0.6206579573757907	0.3852163000538888	0.0256741101418902	-0.0036344023171726	-0.0182608314342398	0.0003334579646697	1.3208880203069564e-05	0.0007136025486076	0.0040923879175236	5.092285973792622e-07	1.6747638867493146e-05	-0.0017057083590959	0.0034328955651515	1.178477196123684e-05	2.909441006289628e-06	0.0	0.0	0.0	0.0	0.0	0.0	0.0	1.0	0.0	0.0	0.0	0.0	0.0	0.0
2363.734904928393	-25.95337937778777	5587242.700776839	673.5779011273794	3059.1052812563826	-53.599944469975526	2872.95404718446	9358125.121810691	2737.575649835367	5.255041071799042	27.615456666294826	7494320.438571532	2829.4480517265124	1943.0496698978493	4.070315	74.30378	1.4712438730894497	1.003475138139953	-0.3215660982	-0.0486498687	-0.0987141639	-0.1094313577	-0.2324119768	-0.0591072309	-0.2569011396	-0.1794304461	-0.0572687867	0.3746735262	-0.0585649667	-0.095512217	-0.4235702827	-0.2365982048	-0.1857772062	-0.1101189769	-0.0939822553	-0.1796974846	-0.0603092248	0.0687526872	0.0410280562	-0.1099811092	-0.0730013804	0.0218226909	-0.1241271373	-0.1965435529	-0.0131167762	-0.28186316	0.0432958317	0.0241280992	0.3688943593	0.1688472204	-0.0242977506	-0.0352739536	-0.022485446	0.4447646032	0.0417103149	0.1768821525	-0.0209239535	-0.168154441	0.1357922899	-0.0313651245	0.0656374668	-0.116478831	0.1064862873	-0.2779293758	-0.0816719145	0.3153345141	0.194417858	0.2457752797	-0.0132260873	-0.1833361185	-0.0156330655	0.0204225156	-0.014755639	0.3669086969	-0.2216418029	0.1372803112	-0.4364478327	-0.2778470162	0.0788470984	-0.1360977498	0.0961271261	0.2656704816	-0.0492457015	0.0877647947	-0.0834150212	0.0332537539	0.0997104567	-0.0847339531	0.0308186837	0.0351863325	-0.0873882332	-0.0504827752987182	0.007092778775899	5.03075107638434e-05	0.0025485106018608	-0.0059246816798435	-0.1228616616853059	3.51018530074732e-05	0.0150949879120745	-0.3149245927425284	-0.4751560195660146	0.2257732429298189	0.0991774991140473	0.0117372725541541	0.0153716748713267	0.0002362883883497	0.0001377635670104	-0.0010889195235976	-0.0018025220722052	1.1857457288720242e-06	3.2490858207869285e-06	-0.0018541796768086	-0.0001484713177126	2.204373218334549e-08	3.437982273890044e-06	0.0	0.0	0.0	0.0	0.0	0.0	0.0	0.0	1.0	0.0	0.0	0.0	0.0	0.0
2391.199961454447	27.465056526054013	5717837.255659749	754.3293299793421	3029.8789429508784	-29.22633830550421	854.1788507477829	9180166.408937132	2735.6101514428065	-1.965498392560676	3.8631839311586	7483562.900676934	2828.8142307379308	2141.2179502274644	4.448704	81.21128799999998	0.9864073016293398	0.6952862506082127	0.005308824	0.2206069738	0.0217355081	-0.1128419956	-0.106961909	-0.0656696566	-0.0345820233	0.0151631084	-0.1037363608	0.3639721569	0.3560842471	0.0829927141	0.2422812077	0.0534935747	-0.1725586273	0.0080286117	-0.0552730081	-0.0558852081	0.2647429413	-0.1683543311	-0.0789900441	0.2223317604	0.0871713169	0.1484515723	0.1734312736	-0.0506601163	0.0011668011	-0.0850581118	-0.0254936577	-0.1295771043	0.3474008282	-0.0990708357	0.0305556006	0.1131195984	-0.3442346192	-0.2882274429	0.0490798695	0.0548047589	-0.0316258167	0.0862636158	0.0983502144	0.2840052465	-0.3126546124	-0.0437139529	0.0689716448	-0.0661139596	0.2435082682	0.0963051257	-0.2205827098	-0.5120751743	-0.1389038177	-0.096591728	0.248078167	-0.0867573029	-0.1468173666	-0.298058076	-0.2595544428	0.1212543902	0.0897324735	-0.2023287167	0.2588022941	-0.1692436667	0.1237735889	0.2173188371	-0.1197996761	-0.030841114	0.091828312	-0.031088596	-0.0179115166	-0.0858153105	0.0343178967	0.029937846	-0.0830636267	-0.0363213649787894	0.0141614103199287	0.0002005455422493	0.0013192415539224	-0.0547429400283903	-0.0488182583485468	0.0029967894829519	0.0023832223481854	-0.0057604214005593	0.309164171341969	0.0955824848415664	3.318245471202157e-05	0.0008036774035397	-0.0109335951506144	0.0001195435029175	6.458973689603138e-07	-0.0002709595106031	0.0008179600129945	7.341905638627145e-08	6.690585828579625e-07	-0.0023878937455776	-0.000533714068769	2.848507072019609e-07	5.70203654016862e-06	0.0	0.0	0.0	0.0	0.0	0.0	0.0	0.0	0.0	1.0	0.0	0.0	0.0	0.0
2371.093715582288	-20.10624587215898	5622085.40807382	404.26112307171	3027.312855041105	-2.5660879097731595	6.584807160683983	9164623.122297129	2719.9718241733785	-15.63832726942792	244.55727978573285	7398246.724297057	2792.105828857422	2123.9871114242264	2.655012	48.467361	0.2863126239274842	0.2008779581464095	-0.1285942848	0.1420549346	-0.0695628037	-0.050959028	-0.0531962847	-0.0031756295	0.0285630933	-0.2034473152	-0.005790059	0.1924122037	0.119680221	0.0491436935	0.1054687359	-0.0467212961	0.1055654633	0.0644062961	0.1473234854	0.0537198273	0.0577279961	0.1082769032	-0.0169009872	-0.0563798533	0.0677182114	-0.1139707061	-0.0187209495	0.0251245317	-0.0898242517	-0.0481207018	-0.0597677872	0.0488033097	0.1087284302	0.087741207	-0.0430811871	0.1313551684	-0.11880434	-0.0779530522	-0.0908822543	-0.1911030919	-0.132392786	0.0605455315	0.1372101364	0.0093226653	0.0087382764	0.0967576536	0.0010832773	-0.1659113213	0.2263780523	-0.0162863223	-0.1868205412	0.0345477206	0.0831472514	0.1233368388	-0.0023676498	-0.0591853134	-0.1126038336	0.044522728	-0.0352172225	-0.1406988592	0.078235716	-0.0137395419	-0.0040831618	0.296949729	-0.1174020596	-0.1583956905	-0.2013055039	0.1638007395	-0.4331808282	0.0394533276	-0.097348432	-0.0868705278	0.0377752987	0.024607302	-0.0783343427	-0.0347410817500843	0.001580283228705	2.49729508292661e-06	0.001206942761166	-0.0515422622222985	0.0032006778060918	0.0026566047949921	1.024433841840864e-05	-0.1751081959393516	-0.1693477745387923	0.0286786687412416	0.0306628802851343	0.0022107066789061	0.0014070292753664	1.979731381738097e-06	4.887224020160038e-06	-0.0010726814139876	-0.0008017219033845	1.150645415914437e-06	6.427580103664657e-07	-0.0024228203339046	-3.492658832700019e-05	1.219866572163746e-09	5.870058370381598e-06	0.0	0.0	0.0	0.0	0.0	0.0	0.0	0.0	0.0	0.0	1.0	0.0	0.0	0.0
2350.138196133558	-20.95551944873023	5523149.540925893	439.13379536611086	3010.2970920138887	-17.015763027216508	289.5361913983883	9061888.582187274	2708.05294772798	-11.918876445398382	142.05961572067238	7333550.767698202	2776.9646676870493	2031.986410756532	1.544557	28.19595	0.2841544767694295	0.1799483996206948	-0.1051378546	0.1766612889	0.01154571	-0.0534680675	0.0601949408	-0.0696297809	0.0223019556	-0.1228212504	0.0333334088	0.0680115251	-0.0089665225	0.0764635993	0.063832218	0.0058975693	0.0957100165	-0.049834222	0.1949652174	0.0737818597	0.1194279138	0.0542686565	0.0137584842	-0.0589126132	-0.0618477474	-0.0770451681	0.0406205994	0.00302612	-0.0682847718	-0.0046787532	-0.2875551167	0.073375448	0.0082144001	0.1278476467	0.0493252344	0.1461864929	-0.0172639826	-0.0749562734	-0.1034091855	-0.1295728829	-0.0622256251	0.081897538	0.0126685	-0.0396017468	-0.0627872937	0.0252794736	0.0596272073	-0.1038870723	0.1700255577	-0.0348283844	0.0499499421	0.0068086457	-0.0188944369	0.0862640773	0.0703471037	-0.0542225813	-0.1513233186	0.0352578699	-0.063872635	-0.041652277	-0.0237170322	-0.0303485602	-0.1201296791	0.1454180019	-0.1052454136	-0.0720393996	-0.0026953687	-0.1120193103	-0.1623240282	0.0637082225	0.0697960724	-0.0878992835	0.0411866773	0.019209311	-0.0732234215	-0.0350874062654895	-0.0003463245154051	1.199406699706464e-07	0.0012311260784395	0.0216662572844228	0.0732085195067213	0.0004694267047148	0.0053594873283659	-0.0381808697118586	0.1369273262274929	0.0187490926678102	0.0014577788119539	0.0008191650804985	-0.0013915415984076	1.9363880200987784e-06	6.710314291081139e-07	-0.001069025930807	3.655483180600109e-06	1.1428164407377727e-06	1.3362557283650288e-11	-0.0025010693827126	-7.824904880800003e-05	6.122913639356771e-09	6.255348057142387e-06	0.0	0.0	0.0	0.0	0.0	0.0	0.0	0.0	0.0	0.0	0.0	1.0	0.0	0.0
2351.944347333048	1.8061511994901596	5531642.212951877	3.262182155419741	3002.7067703546263	-7.590321659262372	57.61298289106749	9016247.94873351	2706.751249870368	-1.3016978576119982	1.694417312511666	7326502.3286748	2786.3570603590747	2044.8760479542004	1.020859	18.63582	0.1108450780246082	0.0587427287745541	-0.0884295519	0.1338793441	0.069704143	-0.043521872	-0.022531718	-0.0818856882	0.1126330144	-0.1054456449	-0.0283232473	0.0476586676	0.0032589273	0.1131815983	0.05112517	-0.0919233546	0.0674274176	0.0623147408	0.0609336791	0.0507147866	0.0346002239	0.0462444454	-0.1733919843	-0.0079902058	-0.0005758181	-0.0365148081	-0.1837090234	-0.0386508818	-0.0248732357	-0.017517509	-0.050970833	0.0528198596	0.0447507917	-0.020552162	-0.0317727835	0.0687026703	0.0623710071	-0.0521523713	-0.0109696631	-0.1526591488	-0.0618828487	0.0999263457	0.1785986444	0.0714465417	-0.0440760229	0.0778335981	-0.0529354792	-0.0975747873	0.1699070071	-0.0858645237	0.0199841077	0.0292365431	-0.0694163079	0.0792505915	-0.0288310093	0.0091620427	-0.105479862	-0.0530984736	-0.0045856014	0.0508386904	-0.0733839789	-0.0070713306	-0.0008174496	0.0829602087	-0.1635763619	-0.041231333	0.0612119788	0.1193902235	-0.0542923458	-0.0510555011	0.019025133	-0.0889012643	0.0445478763	0.0137586687	-0.0677557633	-0.0553398507474725	-0.0202524444819829	0.0004101615074958	0.0030624990807525	0.0215851488870271	-8.110839739569956e-05	0.0004659186524751	6.578572128098722e-09	-0.0508319305388482	-0.0126510608269896	0.0001600493400481	0.0025838851623062	0.0001492034909856	-0.0006699615895128	4.488485314226514e-07	2.2261681722290023e-08	-0.0002326910816232	0.0008363348491838	5.4145139466974724e-08	6.994559799592895e-07	-0.0025519822303807	-5.0912847668099954e-05	2.592118057675151e-09	6.512613304178853e-06	0.0	0.0	0.0	0.0	0.0	0.0	0.0	0.0	0.0	0.0	0.0	0.0	0.0	0.0
2352.6440858288543	0.6997384958062867	5534934.194585485	0.4896339625132446	3016.18335040722	13.476580052593818	181.6182099139696	9097362.003273724	2710.370634095859	3.619384225490649	13.09994217173054	7346108.974169188	2800.9823423727967	2035.514428852264	1.256403	22.935696	0.276412754725622	0.1403451973399385	-0.1306254701	0.0064961994	0.0623652602	0.0192011631	-0.1018504183	-0.1603958662	0.0982812325	-0.1158224875	0.005616318	0.1108053178	0.0016805202	0.1319332319	0.0191962077	0.0685506178	0.1916170646	0.0357040282	0.0750621321	-0.1509006111	-0.0286848919	-0.1211024854	0.0191893711	-0.1308736004	0.023135879	0.1644431748	0.0104402536	0.0549479976	0.1525847617	-0.1032103033	-0.102548666	-0.0152985044	0.1442710595	-0.0745788113	-0.0416654215	0.0095315544	0.097650638	0.0044750927	-0.0367619049	-0.1275814786	-0.2391260607	0.0572503779	-0.0890446144	-0.0820132027	0.0334421001	-0.1624924941	-0.0285643093	-0.1362627189	0.1953680468	-0.1458467389	0.0991543083	0.0365303017	-0.0425105503	-0.0222970941	-0.1342081075	0.1906065832	0.2200712313	-0.1875677503	0.0700370904	-0.0280658255	-0.1462017013	-0.0803357827	0.0813391305	-0.1181466262	-0.1687756571	-0.0400839988	0.0226455194	-0.0996271384	-0.0255992735	-0.0671513309	0.0559161814	-0.0898761648	0.0478548005	0.0082703149	-0.0619580057	0.0018973280729994	0.0572371788204719	0.0032760946393266	3.5998538165916163e-06	0.0183660002408743	-0.0032191486461527	0.0003373099648477	1.03629180060274e-05	-0.1387511103576955	-0.0879191798188473	0.0077297821800188	0.0192518706254933	0.0006112738955335	0.0004620704045478	2.135090587590599e-07	3.736557753607002e-07	0.0004721461832646	0.0007048372648878	2.2292201837132927e-07	4.967955699745148e-07	-0.0011581449510134	0.0013938372793673	1.942782361354037e-06	1.3412997275578308e-06	0.0	0.0	0.0	0.0	0.0	0.0	0.0	0.0	0.0	0.0	0.0	0.0	0.0	0.0
2354.0222400525754	1.3781542237211395	5541420.7066621445	1.899309064360417	3018.493240655637	2.30989024841665	5.3355929597303335	9111301.443883767	2710.515723844545	0.1450897486861322	0.021051035173805	7346895.489208518	2791.4984545585435	2064.401760250373	1.216244	22.202593	0.1964677977370495	0.1027680062486409	-0.0590417422	-0.0266582174	-0.0312062932	-0.0428412442	0.0299078885	-0.0982435955	-0.0162469378	-0.1369426413	-0.1203027725	0.0867438262	-0.0015750475	0.0665022423	-0.0544472565	0.102138697	0.2136697364	0.0461870473	-0.0401970968	0.1039290562	0.1242578179	-0.0753077371	0.0940891858	-0.1887259985	-0.0449634943	0.0759351707	-0.0548612699	-0.0054851589	0.1876371919	0.0219951823	-0.0793624065	-0.0479018583	0.0693157168	0.0300447005	-0.0064342727	-0.0326926379	0.0062396101	0.0213658266	-0.1813863808	-0.191179733	-0.0148475019	0.1015804732	-0.0503223814	0.0960583253	0.0853500756	-0.2128932406	0.0318538234	-0.0755667751	0.1575481757	-0.1243961636	0.0737374264	0.0832310114	0.0442237926	-0.040868831	-0.0994593248	0.0581621501	0.0264171092	-0.064629084	0.0360844892	0.1948142874	-0.0308097453	-0.0940352423	-0.1367834757	0.00971739	-0.073125537	-0.0704431984	-0.0688877642	0.0982749386	0.0651910448	-0.0075354499	-0.1877089819	-0.0908236882	0.0511034211	0.0027592926	-0.055858395	0.0144804748254756	0.0125831467524762	0.0001583355821943	0.0002096841511712	0.0391396686874259	0.0207736684465516	0.0015319136649614	0.0004315453007272	-0.0762559059402363	0.0624952044174591	0.00390565057518	0.0058149631907661	-0.0006299664994344	-0.0012412403949679	1.5406777181000682e-06	3.968577904096319e-07	8.624343624275e-05	-0.0003859027470218	7.437930294957283e-09	1.4892093015900997e-07	-0.0007729725305919	0.0003851724204215	1.4835779345335678e-07	5.974865330496457e-07	0.0	0.0	0.0	0.0	0.0	0.0	0.0	0.0	0.0	0.0	0.0	0.0	0.0	0.0
2356.63273551077	2.6104954581946918	5553717.850080975	6.814686537255112	3052.149710063062	33.65646940742499	1132.7579329729344	9315617.852638032	2707.520818929757	-2.994904914788094	8.969455448621881	7330668.984938061	2782.007906713241	2084.295130021665	1.248464	22.790768	0.1866093347519401	0.0944052665657028	-0.0460238644	0.0025821551	-0.1090527203	-0.0323677379	0.0820064806	0.0498906492	-0.1037787017	-0.113039797	0.1416977121	0.0452812508	-0.0235579041	0.0102020987	0.0227345576	0.1239446809	0.0815741287	0.0683009926	0.1031482506	-0.0522481097	0.1506000036	0.0036091612	-0.0003099517	-0.1174779199	0.0383232651	-0.0293743496	-0.0270259599	-0.103861832	0.1793503328	-0.0213393635	0.1343042574	0.1097415026	-0.004989895	0.1181861739	0.0532592187	-0.0703712091	-0.0646306114	-0.0354313028	-0.0211029611	-0.1228067465	-0.1192419969	0.0354628158	0.1054598044	-0.0348280619	0.0122809864	-0.1542813412	-0.0302537697	-0.0634117786	0.1299637154	-0.1829606863	0.049488606	0.1108722063	0.0055209081	-0.0929776368	0.0249605509	0.2208410557	0.0173703076	-0.1196786583	0.1248270724	0.042339183	-0.0337408419	-0.0540721147	0.0790712251	0.0184424499	-0.1033491165	0.0936171617	0.0634059675	-0.0479438635	0.1785997722	-0.0990673904	0.0555117754	-0.0917435458	0.0542897799	-0.0027592926	-0.0494866478	-0.0269597706422359	-0.0414402454677115	0.0017172939444241	0.0007268292330819	0.0395966390077546	0.0004569703203286	0.0015678938207104	2.0882187366131026e-07	-0.0224908117675539	0.0537650941726824	0.0028906853513974	0.0005058366139635	-0.0014141164784123	-0.0007841499789779	6.14891189531041e-07	1.999725414517205e-06	0.0005899224594378	0.000503679023195	3.480085081491428e-07	2.536925584067197e-07	-0.0013040840242433	-0.0005311114936513	2.8207941868862106e-07	1.7006351422865996e-06	0.0	0.0	0.0	0.0	0.0	0.0	0.0	0.0	0.0	0.0	0.0	0.0	0.0	0.0
2359.4988464687776	2.866110958007539	5567234.806487492	8.214592023610892	3024.4548387714462	-27.694871291615527	767.0058958591499	9147327.071768016	2708.683318281596	1.16249935183896	1.3514047430260023	7336965.318736996	2790.5513853415464	2077.2232760085726	1.364716	24.912945	0.1312731048248301	0.067214859348959	-0.0383521648	0.1783204081	-0.0347028791	-0.115264881	-0.0419190643	0.0036434216	0.0728419107	-0.017585931	-0.0360910291	0.0441409744	0.0522585109	0.1341492455	7.55835e-05	0.019928775	0.0130038089	0.1091832051	0.1207970038	0.0644072444	-0.0489170962	-0.0505741011	-0.0301632924	-0.029365494	-0.0918533158	0.0657248338	-0.033164232	0.0210780767	0.0473377524	-0.0536258088	-0.0790065579	0.0753464623	0.0645532298	-0.035318749	0.078820851	0.1052052083	-0.0079340972	0.0100151056	0.0553893045	-0.1426381589	-0.0342764706	0.1173535383	-0.1093487615	0.0300316288	0.0334786324	-0.0633450412	-0.0141235043	-0.036139818	0.1544262161	-0.0714652289	-0.0209177717	0.1117993402	-0.1227200852	-0.0122347418	0.0528487124	-0.0366745443	-0.0545044371	0.0843192065	-0.0027107632	0.0230508364	0.1002433232	0.0092799447	-0.068134825	-0.0806826132	0.061683635	-0.0267609493	-0.0803950295	-0.0477274999	0.0340295707	0.043331925	0.0454095449	-0.0926354574	0.0574099951	-0.0082703149	-0.0428738067	-0.0569726343797754	-0.0300128637375395	0.0009007719897281	0.0032458810681715	0.0395483273941721	-4.831161358249958e-05	0.0015640701996766	2.334012006944758e-09	-0.044553234787422	-0.0220624230198681	0.0004867505095076	0.0019849907300231	-0.0015768401360838	-0.0001627236576714	2.6478988765991516e-08	2.4864248147647768e-06	-0.0003856219844697	-0.0009755444439075	1.4870431490634953e-07	9.516869620387934e-07	-0.0017488060517411	-0.0004447220274978	1.9777768174175405e-07	3.058322606606295e-06	0.0	0.0	0.0	0.0	0.0	0.0	0.0	0.0	0.0	0.0	0.0	0.0	0.0	0.0
2357.7573798082194	-1.741466660558217	5559019.86204012	3.032706129835788	3014.105720071232	-10.349118700214149	107.1042578711222	9084833.29176612	2705.346567879736	-3.3367504018597174	11.133903244310986	7318900.052338667	2791.1048150478264	2070.210667302398	1.046321	19.100643	0.0482631744632001	0.0276448018680366	-0.0350432995	0.1058158629	0.0807913229	-0.0605704462	-0.1135564772	-0.0701509594	0.0834181848	0.0172281217	0.0157949512	0.0225680759	0.030524251	0.1231097687	0.0491373504	-0.0783640726	0.0650404997	0.0391668846	0.083577166	-0.0532959052	0.050502397	0.0231454845	-0.0879195751	-0.1411751207	0.0310022614	-0.0740364598	-0.0234068581	-0.0246020987	-0.1139051103	-0.063949913	-0.0045237875	-0.0826901739	0.0524167763	-0.0848984525	-0.0242440932	0.0566048811	0.068065594	-0.0154064367	0.0111715121	-0.1149904381	-0.0877191233	0.0618382049	0.1037386246	-0.0939762874	0.0015963752	0.0089540615	0.0487656037	-0.0305300208	0.1437103225	-0.0441090664	0.0183216403	0.0535836884	-0.1336736676	0.046702253	-0.0832320043	-0.1070192844	-0.0439848806	0.0816545592	0.0229490157	0.017702647	0.0599291874	-0.020657314	0.0389837514	0.0998376239	0.0446117653	0.0007338447	0.0333171329	0.0257546582	0.0443920949	-0.0064122894	-0.0260432875	-0.0934991514	0.060460265	-0.0137586687	-0.0360520886	-0.057022414994762	-4.978061498660258e-05	2.478109628444361e-09	0.0032515558118348	0.0590685597984332	0.0195202324042611	0.003489094756661	0.0003810394731163	-0.0295072129991496	0.0150460217882723	0.0002263827716531	0.0008706756189771	-0.0017963855111814	-0.0002195453750975	4.820017172674585e-08	3.2270009047824595e-06	-0.0004389293109763	-5.330732650660002e-05	1.926589400341295e-07	2.841671059281261e-09	-0.0017488961432505	-9.009150940000009e-08	8.116480065970305e-15	3.058637719876473e-06	0.0	0.0	0.0	0.0	0.0	0.0	0.0	0.0	0.0	0.0	0.0	0.0	0.0	0.0
2355.138430898355	-2.61894890986423	5546677.028694366	6.858893392479038	3024.8492579241984	10.743537852966256	115.42360559811878	9149713.033164574	2703.878518433697	-1.4680494460390037	2.1551691760154257	7310959.042447205	2780.920567908654	2066.4652545890312	1.125281	20.542061	0.0776424552591776	0.0431016871527815	-0.0327552419	-0.0336614981	0.0915440647	0.1079611306	0.0411698095	-0.065168987	0.0506383136	-0.1301917133	0.0154250947	0.0022936905	0.0045197022	0.0685081152	0.0745879769	0.0004133069	0.1924180951	-0.0728738657	0.0890551544	-0.0648931615	-0.0322288601	0.0417935241	-0.082784034	-0.0065745707	0.0098181384	0.0089012964	-0.0283792623	-0.0192129662	0.0047157959	-0.1225946393	0.1028774262	0.177721908	-0.0159300599	0.0212038357	-0.0296013463	0.033950818	0.0634678249	-0.0553392398	-0.1132369834	-0.0610747696	-0.2042100585	0.0347052958	-0.0114272259	-0.0082908144	0.0038917808	0.0375136929	-0.0899942174	-0.0317996269	0.1150655215	-0.0826248781	0.094158743	0.0113545851	-0.0169235691	0.031633485	-0.1063257574	-0.0320793779	-0.0527258291	0.0055156808	0.0622774606	-0.0867007149	0.0386527665	-0.0587952813	0.0527607962	-0.0929726263	0.0352587715	0.0472844014	0.0905179693	-0.1740253061	0.012909886	0.0440012838	0.0947252719	-0.0943343646	0.0634368734	-0.019209311	-0.0290547284	-0.0572511513258007	-0.0002287363310386	5.232030913704424e-08	0.0032776943281297	0.0899319396635434	0.0308633798651102	0.0080877537716472	0.000952548216698	-0.0072803758951209	0.0222268371040287	0.000494032287649	5.300387317425744e-05	-0.0020988477673296	-0.0003024622561482	9.148341639425945e-08	4.405161950424447e-06	-0.0004388586007597	7.071021660001255e-08	1.9259687146076173e-07	4.999934731620689e-15	-0.0015649590704353	0.0001839370728151	3.3832846755824175e-08	2.4490968921377184e-06	0.0	0.0	0.0	0.0	0.0	0.0	0.0	0.0	0.0	0.0	0.0	0.0	0.0	0.0
2352.958780688341	-2.179650210014188	5536415.023618365	4.750875038014893	3022.9256950827207	-1.923562841477633	3.700094005113505	9138079.75799135	2703.510626868864	-0.3678915648329166	0.1353442034752121	7308969.709592879	2781.5923161433293	2063.3296652764902	0.955581	17.444174	0.055026747631123	0.02630071965616	-0.0329221801	-0.0485008003	-0.0069617542	0.0014549955	0.0827113177	-0.0589280023	-0.0262073882	-0.0917436302	-0.062753791	0.0142903168	-0.0298899112	0.0679193707	-0.0119988863	0.0448619988	0.1541079766	0.0018593707	0.0406099061	0.0821761175	0.0942856767	0.1402743846	-0.0621933124	0.0126392012	-0.0232058003	0.049216396	0.0664337423	-0.1587688298	-0.0813394915	-0.0036876637	0.0119905306	-0.1040766224	-0.0103808275	0.0634165513	0.003031869	-0.0137987782	0.0366962142	-0.0086631566	-0.1640285642	-0.1300116673	-0.0192217182	0.0625843265	0.0363818854	0.0735667937	0.0192583188	0.0621328636	0.0300174385	-0.0309896037	0.0995163746	-0.0945897875	0.0990436051	0.0248453096	0.086565055	0.0054277567	-0.0678578359	-0.0382080871	-0.0844282796	0.0631164161	-0.00659238	0.055887145	0.074147863	-0.0227981707	-0.0895791944	-0.0376524025	0.0558001711	-0.0316803719	-0.0038940733	0.0548294398	0.1563332346	1.98541e-05	-0.0912495259	-0.0951408427	0.0663361938	-0.024607302	-0.0219158165	-0.0498082225927305	0.0074429287330701	5.539718812556192e-05	0.0024808590378469	0.0778813426403814	-0.0120505970231619	0.0060655035314684	0.0001452168886146	-0.0072582373598351	2.213853528579973e-05	4.901147446005998e-10	5.2682009571706005e-05	-0.0019460897802341	0.0001527579870955	2.3335002621468964e-08	3.787265432731608e-06	-0.0001332226586701	0.0003056359420895	1.7748276783129972e-08	9.341332909699732e-08	-0.0013131313328283	0.000251827737607	6.341720942826008e-08	1.7243138972554275e-06	0.0	0.0	0.0	0.0	0.0	0.0	0.0	0.0	0.0	0.0	0.0	0.0	0.0	0.0
2361.933894815817	8.97511412747599	5578731.723479815	80.55267360121911	3031.368090660744	8.44239557802348	71.2740430958304	9189192.501076166	2707.160816023835	3.650189154971031	13.323880867068128	7328719.683814838	2783.16584378756	2100.742466000503	1.212203	22.128826	0.0941390531792084	0.0540554997983018	-0.0032128074	0.0652914948	-0.1045285867	-0.0471355379	0.069278192	0.0716913404	-0.0223697655	-0.0802197022	0.0466989629	0.0267879445	-0.0197023905	0.011967196	-0.063021658	0.1323987078	0.0304223658	-0.0373407489	0.117730832	0.0130028734	0.0360189743	-0.0399547993	-0.0651771635	-0.0326101089	-0.0372906924	0.0576758832	0.0259096545	0.0175236842	0.0293852236	0.0278943861	0.2149096182	-0.0520850761	0.0047391641	0.0605644044	0.0717292733	-0.053753427	-0.023975597	0.0273731779	0.010442989	-0.0138510809	-0.1490738214	0.0827524645	-0.0022137876	-0.0215768966	-0.0786591823	-0.0519209288	-0.1091672672	-0.0086069866	0.0939612461	-0.0801680921	-0.0286293268	0.1276807389	-0.0174860784	-0.1012574191	0.0123628601	0.0111991498	-0.122283361	0.0766458664	0.035862414	-0.036694003	0.0542193876	0.0320769216	0.0454471295	0.0263430252	0.0508938808	0.0122881024	-0.0110191068	-0.0917688987	0.0602384434	0.04172484	-0.1659576155	-0.09591834	0.0691546937	-0.029937846	-0.0146701329	-0.0391690279616909	0.0106391946310396	0.0001131924623971	0.0015342127514637	0.0904584797381886	0.0125771370978071	0.0081827365565442	0.000158184377577	0.0131214643749615	0.0203797017347966	0.0004153322427992	0.0001721728273433	-0.0028111140579583	-0.0008650242777242	7.482670010522739e-07	7.90236224685078e-06	-0.0001509745495282	-1.7751890858100003e-05	2.2793314605242918e-08	3.151296290378945e-10	-0.0014412155585573	-0.000128084225729	1.6405568880597438e-08	2.0771022862276304e-06	0.0	0.0	0.0	0.0	0.0	0.0	0.0	0.0	0.0	0.0	0.0	0.0	0.0	0.0
2361.9207486448304	-0.0131461709866016	5578669.622878956	0.0001728218116089	3037.449557834201	6.081467173456986	36.984242981834896	9226099.816387184	2705.759751581513	-1.401064442322422	1.96298157154024	7321135.833278449	2789.4748048440006	2091.477406127753	1.129176	20.613161	0.0983841396262105	0.065624947780586	0.0226651662	0.1123579694	0.0408333798	-0.06042672	-0.1133236413	0.0393029538	0.0764866768	0.0328810732	-0.055094621	0.0174813974	0.0309080751	0.0687758795	-0.026112101	-0.0775587334	0.0338651507	0.0365619085	0.0716158686	0.1015598864	-0.0207480034	0.056064911	0.0182525508	0.0440934864	-0.1124348924	-0.0005507749	-0.0061747808	-0.1003325879	0.0202513734	0.0347361803	0.2162590202	0.0285416959	0.0345780227	-0.0533293591	-0.039602855	0.0858905398	-0.0005276336	0.0447032528	0.0111228952	-0.0561548478	0.0284372317	0.1256712832	-0.0114457506	-0.0011094976	0.0372440259	0.0528768107	-0.0072953483	0.0142815199	0.0809715287	-0.0332864441	-0.0249606033	0.0648839114	-0.1285681942	0.0343440707	-0.0246468148	-0.0871245422	-0.0918346025	0.0373516586	0.0319419135	0.0817345578	0.0249305616	-0.0115624263	-0.0259507086	-0.0021565097	0.0109476571	0.0046580874	0.0790048973	0.0844162787	0.0367046483	0.0157183651	-0.0365485045	-0.0966666195	0.0718889393	-0.0351863325	-0.007352978	-0.0431129919891191	-0.0039439640274282	1.5554852249647665e-05	0.0018587300782538	0.0949066803365923	0.0044482005984037	0.0090072779725121	1.978648856363904e-05	0.0598161730272579	0.0466947086522964	0.0021803958161228	0.0035779745556268	-0.0035660724338209	-0.0007549583758626	5.699621492850951e-07	1.271687260325732e-05	-9.50283979530564e-05	5.59461515751436e-05	9.030396417524453e-09	3.1299718760689422e-09	-0.0013861747590334	5.504079952390012e-05	3.0294896122301635e-09	1.9214804625813045e-06	0.0	0.0	0.0	0.0	0.0	0.0	0.0	0.0	0.0	0.0	0.0	0.0	0.0	0.0
2356.332712071404	-5.588036573426507	5552303.849977777	31.226152745952252	3020.533364688649	-16.91619314555237	286.157590537633	9123621.80719733	2704.186337901428	-1.573413680084741	2.4756306086778075	7312623.750092736	2787.6281329815206	2078.4017436445706	1.159269	21.162514	0.089149493523079	0.0519356912188287	-0.0075485199	-0.0520685347	0.0657655676	0.0631042414	0.0297245767	-0.1165208252	0.0775589396	-0.0965180747	-0.0058153545	-0.0109492483	0.0462718046	0.0446256913	-0.0138705488	0.0139638484	0.1159347604	0.0058574346	0.0461008885	-0.1602867197	-0.0532027201	-0.0182129563	-0.0239517432	0.1025780018	-0.0640728205	0.069053085	0.0338780986	0.1172874739	0.0287098998	0.0080972721	0.1929197915	0.0538156859	0.0086969467	-0.0603051486	-0.0206763825	0.0227242759	0.0474429496	0.0089679101	-0.0458139635	-0.0426540428	-0.1817261346	-0.0587549603	-0.0804651954	-0.0146534868	-0.0396241245	0.0728289325	-0.0215403587	-0.0002189657	0.0665397153	-0.0503770274	0.1128520763	-0.0081295746	0.0126561718	0.0422342473	-0.0840917829	-0.1083702672	-0.047083219	0.0455584301	0.0553065126	-0.0465302519	-0.0044783376	-0.0477970785	0.1060115753	-0.0471357712	0.1170481978	-0.0740572292	0.0421112732	-0.0952718303	0.0269538718	0.0098781583	-0.0792627453	-0.0973854535	0.0745355992	-0.0403383756	-0.0	-0.0339873583749721	0.009125633614147	8.327718885964973e-05	0.0011551405293087	0.1157664477737654	0.020859767437173	0.0134018704301559	0.0004351298975329	0.0422970258151309	-0.0175191472121269	0.0003069205190401	0.0017890383928058	-0.0027920352176296	0.0007740372161913	5.991336120491774e-07	7.795460656483969e-06	-4.305528445591733e-05	5.197311349713907e-05	1.8537575195799566e-09	2.7012045265864993e-09	-0.0013930633345376	-6.888575504200101e-06	4.745247247706568e-11	1.940625454033017e-06	0.0	0.0	0.0	0.0	0.0	0.0	0.0	0.0	0.0	0.0	0.0	0.0	0.0	0.0
2355.8977718002307	-0.4349402711732182	5550254.311173292	0.1891730394882325	3025.767894071691	5.234529383042172	27.400297861931865	9155271.348795036	2701.664746309804	-2.521591591624201	6.358424154949872	7298992.401453217	2784.9362196702223	2089.3973472805	1.004331	18.334106	0.1020626165552139	0.0614890649107999	0.0085201519	-0.0719988039	-0.0396451826	-0.0428547292	0.0901981222	-0.0916410636	-0.0290929014	-0.0648639866	-0.0423779481	-0.0069430196	-0.0307076095	0.057024036	-0.0516037082	0.0830278899	0.1076611798	0.0076842628	-0.0440064243	0.0937233761	0.021111025	0.0468961372	-0.0577241753	-0.1105641908	-0.1126784568	0.0307158609	0.1096522286	0.0137965526	0.0257926829	0.1215373826	-0.0033564453	-0.0296352008	-0.0014147532	0.0119866524	0.0539782388	-0.0476721961	0.0293565437	0.0274028978	-0.1311722293	-0.0800951879	0.0563392499	0.045631239	-0.0048254239	0.0214602246	0.0076873794	-0.0589852418	-0.0854051321	0.0064938896	0.0480898634	-0.0509644541	0.0846704321	0.0070660764	0.0874153478	-0.020488809	-0.0317442431	-0.1023673486	-0.0923447012	0.0157441806	0.0256718281	0.1224444874	0.0675472613	-0.0325753993	-0.0607662775	-0.022640742	0.0519232549	0.0044823245	0.1588613007	0.0268497167	-0.0106602085	-0.0354211762	-0.0334348671	-0.098074623	0.0770914491	-0.0453798541	0.007352978	-0.0369135574942873	-0.0029261991193152	8.562641285881057e-06	0.001362610726884	0.1048876045658033	-0.010878843207962	0.0110014095915523	0.0001183492295434	0.0925969637100223	0.0502999378948913	0.0025300837522299	0.0085741976883151	-0.0032340376879045	-0.0004420024702748	1.953661837291136e-07	1.0458999766786682e-05	-5.723726049722266e-05	-1.4181976041305326e-05	3.276103989226925e-09	2.011284444361583e-10	-0.0010900950541929	0.0003029682803446	9.17897788950247e-08	1.1883072271758218e-06	0.0	0.0	0.0	0.0	0.0	0.0	0.0	0.0	0.0	0.0	0.0	0.0	0.0	0.0
2362.583637950989	6.685866150758557	5581801.44631373	44.70080618585904	3048.269900652318	22.50200658062704	506.34030015458256	9291949.387222894	2700.3405669895947	-1.3241793202091685	1.7534508720696156	7291839.177729686	2775.7608173076924	2137.745112285256	1.235977	22.562817	0.1063313147197857	0.0543821357068113	0.0418167384	-0.0065633078	-0.1161353782	-0.0101787821	0.10757291	0.0692336977	-0.0530917322	-0.0177580971	0.1638189815	-0.0407297475	-0.0504533631	0.0356645421	-0.0559368704	0.0891627943	-0.0352634913	-0.0300887071	0.0332766235	-0.0822147541	0.0678489685	0.1414557945	-0.0510743644	0.002408057	-0.0796802947	0.0349440805	0.0102710111	0.0317031242	-0.0783512826	0.0066919028	-0.0232185846	0.1475873989	-0.0695033766	0.0950357796	0.0901481137	-0.0075932122	-0.0023138112	4.10091e-05	0.0199701148	0.0311327134	-0.089737914	-0.0579649687	0.111078891	0.0144161561	-0.060328951	-0.0024519092	-0.0574622241	0.0324322182	0.0253529318	-0.0318948035	-0.040419034	0.0670442037	0.0331821126	-0.095844574	0.0484772278	0.0067149747	-0.1679173095	0.0706598151	0.0050975808	-0.0682109098	0.0188795841	0.0706651524	0.0823847141	0.0626964238	0.0975673797	0.0019136796	0.0769011587	-0.0156887007	0.0919695641	-0.0429507361	0.0320207538	-0.098733918	0.0795533748	-0.0502969496	0.0146701329	-0.0391367005452849	-0.0022231430509975	4.942365025198912e-06	0.0015316813295713	0.1290000580810755	0.0241124535152722	0.0166410149849208	0.0005814104145261	0.1216191813474694	0.029022217637447	0.0008422891165953	0.0147912252716286	-0.0038626322842005	-0.000628594596296	3.951311664925314e-07	1.4919928162947973e-05	-0.0001738657043459	-0.0001166284438486	3.022928314769591e-08	1.3602193914564084e-08	-0.0013643420243696	-0.0002742469701766	7.521140065109975e-08	1.8614291594609385e-06	0.0	0.0	0.0	0.0	0.0	0.0	0.0	0.0	0.0	0.0	0.0	0.0	0.0	0.0
2360.912107779155	-1.6715301718340925	5573905.980658213	2.7940131153517105	3019.54006060432	-28.729840047998096	825.4037091835552	9117622.17759434	2704.468059978654	4.127492989059192	17.036198374732784	7314147.487444703	2788.8357982146435	2099.357636602156	1.24396	22.708544	0.0613807635612888	0.0261767691009923	0.0364511099	0.1282254057	-0.0012440848	-0.1069538955	-0.0103705037	-0.0177498439	0.0680259385	0.0796034828	0.0232681619	-0.0042432648	0.0693109009	0.0730212981	-0.0231769966	-0.0276806316	-0.0228357608	0.0220602843	0.1147716109	0.0341562267	-0.0538342491	-0.0024328418	0.0055462499	0.0738829212	-0.0495531971	0.0125105215	0.0609195687	0.064416464	-0.0670406765	0.0824114942	-0.0484578549	-0.0265170475	0.0372391595	-0.0770900144	0.0839185804	0.106417956	-0.0175401574	0.0286505116	0.0596010023	-0.0472668197	0.0629363252	0.0001791252	-0.099938669	-0.0260960894	-0.0926135947	0.0783310889	-0.0463215895	0.0368048462	0.0440897817	0.0048275764	-0.0331993234	0.0484783147	-0.1174987539	-0.0069120626	0.0284450496	-0.1043641241	-0.0613445033	0.0103801029	0.0412131113	0.065475684	-0.0428594259	0.0738272414	-0.0424420141	-0.0760676967	0.0410843611	-0.0666612875	0.0544510168	-0.0879604334	-0.0092925518	0.0724540548	0.0196434231	-0.0993631376	0.0819183771	-0.0550761846	0.0219158165	-0.0283820011903799	0.0107546993549049	0.0001156635582143	0.0008055379915707	0.1349745879242903	0.0059745298432147	0.0182181393853319	3.5695006847464046e-05	0.1056380763446469	-0.0159811050028224	0.0002553957171112	0.0111594031737974	-0.004123957306271	-0.0002613250220705	6.829076716014738e-08	1.7007023863945964e-05	8.570502650973033e-05	0.0002595707308556	7.345351569033579e-09	6.737696431692608e-08	-0.0013118291900888	5.251283428080005e-05	2.757597764202768e-09	1.720895823969037e-06	0.0	0.0	0.0	0.0	0.0	0.0	0.0	0.0	0.0	0.0	0.0	0.0	0.0	0.0
2358.419132576339	-2.492975202816069	5562140.804902132	6.214925361855822	3014.140218896804	-5.399841707515861	29.15829046622781	9085041.259171274	2701.1381260694657	-3.3299339091881848	11.088459839561306	7296147.176106065	2783.7056764260315	2087.036232491478	1.064943	19.44059	0.0477060179786756	0.0287225075844309	0.0262932665	-0.007020125	0.0817572911	0.02136202	-0.0274948299	-0.0373366951	0.1224118662	-0.0474115991	0.022377514	-0.025403338	0.0149969964	0.0727669549	-0.0051822092	-0.0591683967	0.0498571245	0.0074850622	-0.0062915258	-0.0991662053	-0.0152112979	0.0793279798	-0.0461832422	-0.0108607321	-0.056800626	0.0265694791	0.1209260822	-0.0444179154	0.0997230101	0.0220159598	-0.0682759519	-0.0035287787	-0.000898258	-0.0668993922	-0.0300181962	0.0417794524	0.0810246677	0.0165003706	-0.0095450549	-0.0162495487	-0.1298224396	0.0133256342	0.0625188609	0.0171379146	0.0366180851	0.0322627398	-0.0154020885	0.0337535308	0.0280354789	-0.0035864937	0.0426584132	0.0051515437	-0.0553734041	0.041372768	-0.0899603039	-0.0873201428	-0.0169718798	0.0266859644	0.0732211821	0.0341112695	-0.0416285936	0.006996697	0.1487471525	0.0234512202	0.0638872251	-0.1171688779	0.0432991266	0.0058600252	0.0695135626	0.0270177364	0.0056126808	-0.0999620903	0.0841835744	-0.0597044597	0.0290547284	-0.0291780523630222	-0.0007960511726422	6.33697469465179e-07	0.0008513587396992	0.1431037829214432	0.0081291949971529	0.0204786926864275	6.608381130173609e-05	0.1059293973276638	0.0002913209830168	8.486791514592584e-08	0.011221037218202	-0.0046188128512954	-0.0004948555450244	2.448820104413964e-07	2.1333432155291547e-05	0.0003036623767611	0.0002179573502513	9.221083906020025e-08	4.750540652859822e-08	-0.0013688053113303	-5.697612124149994e-05	3.246278391726101e-09	1.8736279803260395e-06	0.0	0.0	0.0	0.0	0.0	0.0	0.0	0.0	0.0	0.0	0.0	0.0	0.0	0.0
2358.791984602618	0.3728520262789061	5563899.626625557	0.1390186335002861	3031.017231860192	16.877012963388097	284.8335665663699	9187065.459833425	2702.6976439889554	1.5595179194897355	2.432096141209593	7304574.554823451	2781.255940598708	2089.213676220774	1.016908	18.563698	0.0909821215385862	0.0461477036486617	0.0375685218	-0.0785506609	-0.0096880493	0.0342376221	0.0545959828	-0.0240689116	-0.0521365271	0.0145657481	-0.0593693043	-0.0209431085	0.0079023423	-0.0278521466	-0.0254266843	0.0689715643	0.0581979159	-0.1062791153	0.0250865057	0.0482087154	-0.0989443708	-0.088067475	-0.0758014286	-0.0740014447	-0.0287617957	-0.0078148381	-0.0132793239	-0.1041995895	0.0661681638	0.1326816389	0.1308338113	-0.1328722947	-0.0357240406	0.0095317235	-0.0204689747	-0.0638857792	-0.0154143186	0.002977585	-0.1456412849	0.008208947	0.0177213091	0.0951859493	-0.0342641579	-0.0781995093	-0.0344133612	-0.0295175296	0.0192613294	0.038241445	-0.0038429074	-0.0198464337	0.0537496894	-0.0197512803	0.0791863926	-0.0173852287	-0.03440141	-0.0843651918	-0.0552211401	-0.0014116578	0.0079607102	0.1147004357	0.0271730836	0.01847239	3.49843e-05	-0.1285690183	0.0235515162	-0.0061480526	0.0906107132	-0.0836729004	-0.0663589788	-0.034372334	-0.0427267091	-0.1005305936	0.086346207	-0.0641690889	0.0360520886	-0.0506956157646953	-0.0215175634016731	0.000463005534745	0.0025700454577616	0.1604444701462029	0.0173406872247596	0.0257424280004957	0.0003006994334269	0.1418744753015772	0.0359450779739134	0.0012920486305507	0.0201283667420978	-0.0046012377757048	1.7575075590600328e-05	3.0888328201531545e-10	2.1171389068572852e-05	0.0004598068100722	0.0001561444333111	2.1142230258877221e-07	2.4381084054044572e-08	-0.0012189489614672	0.000149856349863	2.245692559429181e-08	1.4858365706619657e-06	0.0	0.0	0.0	0.0	0.0	0.0	0.0	0.0	0.0	0.0	0.0	0.0	0.0	0.0
2359.4074256043286	0.6154410017106784	5566803.399996846	0.3787676265866432	3046.3630825865503	15.345850726358094	235.49513451566528	9280328.030946229	2701.654523461266	-1.0431205276895523	1.0881004352873305	7298937.164138719	2775.424826284556	2137.741045188628	1.118292	20.414461	0.1709735651957743	0.0975070470446739	0.0616401339	-0.0569339577	-0.1177005676	-0.0141967492	0.1022016761	0.1017560868	-0.0762664339	0.0065820466	0.0968134484	-0.0342562579	0.0025187627	-0.0339349347	-0.0447073857	0.0223030793	-0.0459111942	0.0020075405	-0.0148764367	0.0189759969	0.0469008362	0.090515174	-0.0770623729	0.026099993	-0.0161111206	0.0183410276	-0.0055786206	0.0333562395	-0.0262810614	-0.0127931398	-0.0060747773	0.0691333996	-0.0669155982	0.0779278884	0.0638796801	-0.0011240822	-0.0671298195	0.0221857214	0.015176871	0.0375687351	-0.0081869258	-0.0359602281	0.0755099685	0.0348563977	0.0305516348	-0.0170462998	-0.0871362954	0.0535816962	-0.0525559084	0.0138706616	-0.004997073	0.0073447189	0.0831238024	-0.0593062259	0.058820802	-0.0032462924	-0.1173711513	0.0342330453	0.0155488658	-0.0272065462	0.0039184601	0.0213921094	0.1043972054	0.0626779474	-0.048255272	-0.0010144263	0.1439957371	0.085686792	-0.0026256163	-0.0968155036	0.0933826812	-0.1010684743	0.08840364	-0.0684578352	0.0428738067	-0.0571485391050714	-0.0064529233403761	4.1640219636770666e-05	0.0032659555218438	0.1800420230557335	0.0195975529095306	0.0324151300660012	0.0003840640800418	0.2130151681450698	0.0711406928434925	0.0050609981782521	0.0453754618598723	-0.0056258931753414	-0.0010246553996366	1.0499186880044405e-06	3.165067402035294e-05	0.0003026054425947	-0.0001572013674775	9.157005388793429e-08	2.4712269936796003e-08	-0.0009251578065338	0.0002937911549333	8.631324271710102e-08	8.559169669904322e-07	0.0	0.0	0.0	0.0	0.0	0.0	0.0	0.0	0.0	0.0	0.0	0.0	0.0	0.0
2355.2169625791225	-4.1904630252061	5547046.940820428	17.559980365619456	3016.176194533803	-30.18688805274724	911.2482103090938	9097318.836472414	2698.8938531116046	-2.760670349661268	7.621300779498869	7284028.0303636035	2775.466621907552	2106.833619798144	1.087139	19.845776	0.0611566024832964	0.0312274232937435	0.0583924537	0.0700200633	-0.0650967788	-0.0552414016	0.1222760661	-0.0008824018	0.0336606539	0.0118133444	0.0371271512	-0.0575574274	0.0337615071	0.0350212587	-0.0563297114	0.05600703	-0.0887979208	0.0357462925	0.0770501635	-0.040667235	-0.078945353	-0.0312962106	0.0737997272	0.0334659822	-0.054771536	0.0243139547	0.0241625769	0.1616853073	-0.0242178992	0.0560610702	-0.0229512132	0.0290301203	-0.0527725843	0.0134927536	0.1433770108	0.037269504	-0.0233773304	0.010320502	0.0582622205	0.0350617826	-0.0293830705	-0.0581928088	-0.1178287401	0.0287533579	-0.05322513	0.0428780799	-0.0606693466	0.0606459849	-0.0341114277	0.0378085743	-0.048935577	0.0251117181	-0.0086698661	-0.0539185848	0.0987684658	0.0026138956	-0.0779820415	0.0120220942	-0.0184580905	-0.1080273322	-0.0815900087	0.0720608755	-0.009666472	-0.0651858837	0.0598015067	-0.074038641	0.1378885303	-0.0666405834	-0.0768329842	0.0092658048	-0.0202438756	-0.1015755685	0.0903533669	-0.0725589432	0.0494866478	-0.05072965543971	0.0064188836653613	4.120206750944338e-05	0.0025734979410316	0.1801926651198897	0.0001506420641562	0.0324693965630087	2.269303149324505e-08	0.2066312481056442	-0.0063839200394255	4.075443506977962e-05	0.0426964726936962	-0.005905023045194	-0.0002791298698526	7.791348424392943e-08	3.486929716427222e-05	4.696406242743478e-05	-0.0002556413801672	2.2056231596879913e-09	6.535251525382421e-08	-0.0004958659222666	0.0004292918842672	1.842915218976831e-07	2.4588301286530577e-07	0.0	0.0	0.0	0.0	0.0	0.0	0.0	0.0	0.0	0.0	0.0	0.0	0.0	0.0
2356.712515490828	1.4955529117055448	5554093.880671106	2.236678511710933	3029.196798087725	13.020603553921774	169.53611690840032	9176033.241544925	2699.847976009403	0.9541228977982428	0.910350504102916	7289179.093562069	2787.876787547576	2090.1809384115527	1.147146	20.941206	0.1078098451755019	0.0563711778043098	0.0418884607	0.0136728517	0.0835361405	-0.0374829696	-0.0865295951	-0.0532411696	0.0460338525	0.1484942335	0.0878951518	-0.0302707005	0.0039127226	0.0645973723	-0.005726923	-0.1071345707	0.0601389295	-0.008855999	-0.0480024336	0.0582656329	-0.0770052757	-0.0039802687	-0.0436632161	0.0728250066	-0.0218649369	0.0162858418	-0.0449326925	0.0318689087	-0.0855065314	0.0447462011	0.0340046668	0.0137918759	0.0203269483	-0.1193836747	-0.0008730854	0.0567649047	0.0888220726	0.018591834	0.0149229334	-0.0151267963	0.1099863166	-0.0534065704	0.0388666483	-0.0674465272	-0.0446160567	0.0999374553	-0.1523135501	0.0494932602	-0.0162611969	0.0377638539	0.0100493693	-0.0179671227	-0.073284398	0.047635842	-0.0381286297	-0.1127211982	-0.0106477558	-0.0019465089	0.0384722674	0.0356813721	-0.060622755	0.0922169632	0.0248998978	0.0424154846	0.016972698	0.0393431759	0.1096579746	0.0588637517	0.0081765773	0.1311795473	0.0336790879	-0.1020517218	0.092193012	-0.0764611723	0.055858395	-0.044929874634306	0.005799780805404	3.363745739073273e-05	0.0020186936346544	0.1773063977541227	-0.0028862673657669	0.0314375586845431	8.330539306691566e-06	0.1718201498648	-0.0348110982408442	0.0012118125607337	0.0295221638995623	-0.0053251049686957	0.0005799180764983	3.363049754494885e-07	2.835674292762763e-05	-0.0001513284902219	-0.0001982925526493	2.290031195283968e-08	3.93199364361892e-08	-0.0010039092683887	-0.0005080433461221	2.5810804153894e-07	1.0078338191567348e-06	0.0	0.0	0.0	0.0	0.0	0.0	0.0	0.0	0.0	0.0	0.0	0.0	0.0	0.0
2352.436332436336	-4.276183054491867	5533956.69816652	18.28574151552339	3028.681486241958	-0.5153118457669734	0.265546298387765	9172911.545104794	2696.245429655092	-3.6025463543110163	12.978340234959594	7269739.416935971	2775.569786815154	2076.8194809291194	1.122101	20.484001	0.077073968657385	0.0377503472605202	0.0304755562	-0.0910230165	0.0206589874	0.0904734551	0.0683413393	-0.0419348349	-0.0037233406	0.0356651504	-0.0397731624	-0.0614114556	-0.0265084254	-0.0115704793	0.0106113746	0.0587057063	0.0384951523	-0.0631669351	-0.038263329	-0.0367166892	0.0468567165	0.0297531793	0.0072436355	0.0091897161	-0.1190252226	0.1065817838	0.0209351718	-0.0960302315	-0.1323938418	0.1006960546	-0.2176284015	-0.0610220617	-0.0568706896	-0.0027467444	-0.025801262	-0.036943339	0.0321984825	-0.015729186	-0.0943834031	-0.0130007974	0.0176500875	-0.0291169288	-0.0569417317	0.0414658719	-0.0636886685	-0.0098707379	0.1220534571	0.035906091	-0.0361154632	-0.0069615966	0.0857188325	-0.064540129	0.1063462488	0.0179186866	-0.0261239709	-0.0717759699	-0.0430810314	-0.0032471552	-0.0041840078	-0.0259988323	-0.0085885355	0.070530658	0.0038654115	-0.0988529414	0.1027666067	-0.0050073668	0.0517274395	-0.0092732921	0.0207316375	0.0342540921	-0.0062745532	-0.1024967892	0.0939203342	-0.0801538266	0.0619580057	-0.057071830700238	-0.0121419560659319	0.000147427097107	0.0032571938594766	0.1795860780600122	0.0022796803058894	0.0322511594329767	5.196942297060383e-06	0.1922880664246236	0.0204679165598236	0.0004189356082999	0.0369747004893204	-0.0049368679141062	0.0003882370545895	1.5072801055633045e-07	2.43726648013313e-05	0.0003019737355742	0.000453302225796	9.118813697663686e-08	2.054829079116984e-07	-0.0010017602342595	2.149034129200018e-06	4.61834768846648e-12	1.0035235669436484e-06	0.0	0.0	0.0	0.0	0.0	0.0	0.0	0.0	0.0	0.0	0.0	0.0	0.0	0.0
2351.7697197442794	-0.6666126920567876	5530820.814706086	0.4443724812111976	3006.363175136591	-22.31831110536677	498.1070105959379	9038219.540817363	2697.379904687932	1.134475032840328	1.2870336001380631	7275858.350214278	2774.5186931903545	2106.7709110110954	1.023822	18.689915	0.1016793522767482	0.0597279911530693	0.0415673765	-0.0605855756	-0.1095258568	-0.0452339877	0.0910875288	-0.0035066252	0.0103328513	0.0344041029	0.0175095091	-0.0670458373	0.0066351455	-0.0164266435	-0.0254073256	0.1111940036	-0.0560300156	0.0023450213	-0.0118968611	0.0436527629	-0.0248926492	0.0713387057	-0.0434000531	-0.1215976813	0.029816883	0.0364568765	-0.0020416155	0.0704053769	-0.0367168645	-0.0482423889	-0.0590643295	-0.0911237459	-0.0555344573	0.0007518075	0.1078317433	-0.0712872665	-0.0063784223	-0.0083238698	0.0025398186	0.0252118287	-0.0067255359	-0.0146528129	0.0408903656	-0.0594057313	0.07365507	-0.0269768683	-0.0611152444	0.0457060221	-0.0426317257	0.011699995	0.028224861	0.0016355747	0.0872784901	-0.0556402936	0.0638571051	-0.0566076849	-0.0281580347	0.0079549831	0.0525248897	0.0126279911	0.0161847527	0.0651375547	0.0698839262	0.0691612954	-0.0259488558	0.0645801494	0.0581153858	0.0127969113	-0.014496232	0.1148450081	0.0801578336	-0.1029106351	0.0955332289	-0.0836267848	0.0677557633	-0.0459519024953749	0.0111199282048631	0.0001236528032813	0.0021115773429444	0.1800226839804963	0.0004366059204841	0.0324081667475416	1.9062472980177889e-07	0.1938580045854365	0.0015699381608129	2.464705828776627e-06	0.0375809259418471	-0.0058130223177585	-0.0008761544036523	7.676465390393182e-07	3.3791228466758406e-05	6.20080342519369e-05	-0.0002399657013222	3.8449963117893804e-09	5.7583537811085586e-08	-0.0003468227394223	0.0006549374948372	4.289431221436274e-07	1.2028601258038866e-07	0.0	0.0	0.0	0.0	0.0	0.0	0.0	0.0	0.0	0.0	0.0	0.0	0.0	0.0
2351.4708957695866	-0.2988239746928229	5529415.373651422	0.0892957678512169	3022.8785264756943	16.51535133910329	272.75682985402085	9137794.585827865	2697.4307121344373	0.0508074465051322	0.0025813966203718	7276132.446766097	2769.0408372145434	2091.019778349638	0.998439	18.226542	0.0588750876536595	0.0298904621713567	0.0404480017	0.0073537493	-0.071417124	0.0108305494	0.0892035547	0.0736229409	0.0196741983	0.001502004	0.0374270397	-0.0546852256	-0.0376567406	-0.0517078448	0.0119642996	0.0579785851	-0.0786825462	0.0387228596	0.0620963224	-0.0455829815	0.0113318504	0.0206553899	0.1714241747	0.0537655386	0.0484356643	0.0064294779	0.0282864726	0.0957713811	0.0528437576	-0.0063190261	-0.1549808819	0.0900873425	-0.0832827649	0.0687395139	0.0726756533	-0.000857213	-0.007239211	-0.0254495702	0.0526560373	0.0396869777	-0.0161769023	-0.0944836925	-0.0578216133	0.0197846428	0.0183346454	0.0482940663	0.0132769533	0.0394365908	-0.047927069	-0.0176071899	0.00369721	0.0301444919	0.0215500023	-0.0190715324	0.1069532415	0.1293098557	-0.0413936013	-0.0393608104	0.0183065471	-0.090592362	-0.0736972313	0.0032964904	0.0171685395	-0.0212178782	0.0560215904	-0.0569595548	0.0496127029	0.0760089352	-0.0091155946	-0.0002921555	-0.0260737534	-0.1032931334	0.0970297311	-0.0868705278	0.0732234215	-0.0259593805659221	0.0199925219294527	0.0003997009330996	0.0006738894393663	0.1805013567899038	0.0004786728094074	0.0325807398029961	2.291276584660677e-07	0.2026842539126576	0.008826249327221	7.790267718627078e-05	0.0410809067841306	-0.0060999974094884	-0.0002869750917298	8.23547032733844e-08	3.720996839576519e-05	0.0002988546366951	0.0002368466024431	8.93140938741602e-08	5.6096313088869756e-08	-0.0002790915618438	6.773117757850005e-05	4.5875124161703085e-09	7.789209989241162e-08	0.0	0.0	0.0	0.0	0.0	0.0	0.0	0.0	0.0	0.0	0.0	0.0	0.0	0.0
2354.533971651471	3.063075881884288	5543830.22366085	9.382433858181209	3011.278253293505	-11.60027318218954	134.5663379014258	9067796.718758382	2700.15735160355	2.726639469112797	7.434562794523716	7290849.723418698	2778.535236065204	2084.8116047441013	1.095552	19.999342	0.0783172265217121	0.0436564118402223	0.0508306455	0.0604649764	0.0623871511	-0.0292812278	-0.0310897399	0.0015988023	0.093849081	0.0688382227	0.0116983624	-0.0390420952	0.0658846993	-0.0193733173	0.0213774881	-0.0710630867	-0.0592046052	-0.0110508692	0.0335397222	0.070335762	-0.0303337554	-0.1107077714	0.0387340618	-0.0651693695	0.0742874891	0.0515397906	0.0063224907	0.0630926035	0.0055262645	-0.01181778	0.0581776717	-0.0607553374	-0.0319608037	-0.0632828301	-0.0104092077	0.0606252495	-0.0535360122	8.19791e-05	0.0483639385	0.0070879217	0.1035902043	-0.0113503928	0.0154113158	-0.0675198492	-0.0451149204	-0.0535138171	-0.0782197821	0.0476277058	-0.0352051615	0.0252205215	-0.0584869844	-0.0014346676	-0.0747756619	0.0370461934	-0.0040877126	0.0438636967	-0.0353119684	-0.0224930903	-0.0518662749	0.0980136037	-0.0948402433	0.1106004677	-0.0508960419	0.0016157953	-0.0050132754	0.0280780062	0.0858771776	-0.0477168712	-0.0942129915	-0.1319198117	0.0017120493	-0.1036441676	0.0984080176	-0.0898761648	0.0783343427	-0.0284603012666195	-0.0025009207006973	6.254604351176772e-06	0.0008099887481867	0.1811206362911832	0.0006192795012793	0.032804684890523	3.83507100704837e-07	0.1985971996434372	-0.0040870542692204	1.670401259955272e-05	0.0394408477062152	-0.0064251995715156	-0.0003252021620271	1.057564461871652e-07	4.128318953380425e-05	0.000926912900488	0.0006280582637929	8.59167525091077e-07	3.944571827185519e-07	-0.000748030577034	-0.0004689390151902	2.199037999675547e-07	5.59549744177819e-07	0.0	0.0	0.0	0.0	0.0	0.0	0.0	0.0	0.0	0.0	0.0	0.0	0.0	0.0
2348.284219611101	-6.249752040369913	5514438.7760745175	39.05940056610789	3037.0490989934387	25.770845699933943	664.1364880898038	9223667.22969686	2693.369062575619	-6.788289027931114	46.08086792672995	7254236.907239469	2768.760120254908	2046.5013086785457	1.734444	31.662355	0.1436370994297724	0.079397301026453	-0.0084889898	-0.1249078789	0.087809878	0.1526154067	-0.0048132251	0.0663100057	0.0596029951	-0.0520269701	0.0044875827	-0.086862559	-0.0173591546	-0.1339013013	0.1878286481	-0.0853613873	0.0420765525	0.0254736319	-0.0915527884	-0.1020832974	-0.0060854913	-0.0039513587	0.2679468154	0.0361391744	0.3193335748	-0.0209577045	-0.24523488	-0.0677968405	0.1227092902	-0.1018269289	-0.0492786326	0.0697740368	-0.1026691517	-0.0117416575	-0.1389059649	-0.0037965064	0.0090431338	-0.1052797103	0.047564857	0.0005553214	0.0009005707	-0.156201045	-0.0548449822	0.069831952	0.1713793898	0.0137967692	0.0442058666	0.0037394204	-0.0777828826	-0.1089016935	0.1547462348	-0.0854674712	0.142105837	0.1615290266	0.0026380832	0.241701552	0.1153829376	-0.0742828443	-0.0126066718	-0.0491192229	0.062570422	-0.0333466611	0.1178052997	-0.0482544402	0.1718335931	0.0884447535	-0.0545844837	0.2948310499	-0.1864472319	0.04840272	0.1367141766	-0.1039636308	0.099666409	-0.0926354574	0.0830636267	-0.015032337559603	0.0134279637070165	0.0001803102093169	0.0002259711725058	0.155225544004395	-0.0258950922867881	0.0240949695114603	0.0006705558045412	0.1912951160271845	-0.0073020836162527	5.332042513874615e-05	0.0365938214158539	-0.0057702362322102	0.0006549633393054	4.2897697583408097e-07	3.3295626175511364e-05	0.0008596510887022	-6.726181178580003e-05	7.389999943068777e-07	4.524151324708388e-09	0.0004699834682691	0.0012180140453031	1.4835582145556226e-06	2.2088446044625214e-07	0.0	0.0	0.0	0.0	0.0	0.0	0.0	0.0	0.0	0.0	0.0	0.0	1.0	0.0
2365.144229862739	16.86001025163796	5593907.228053008	284.2599456853371	3023.937499202155	-13.11159979128388	171.91404908679547	9144197.999080982	2706.046981136356	12.677918560736998	160.7296190326797	7322690.264117186	2787.424679956681	2132.4418989476867	1.905301	34.781357	0.1595271202415167	0.0713134499606677	0.054301343	0.0003537761	-0.0958208486	-0.0194599017	0.0250987733	-0.0041910002	-0.0607585228	0.0840902517	-0.076279596	0.0101607055	0.0469767827	-0.1101378667	-0.0646637097	0.071317326	-0.1213775622	0.0482851278	-0.0077718267	-0.0226694987	-0.084862258	-0.0697311526	-0.079542928	0.0144372744	-0.0076142971	-0.018041697	0.022341951	0.1028131002	0.0080343922	0.0342824683	0.082527498	-0.0046638277	0.0114020562	-0.0279456594	0.0145947396	-0.114116737	-0.0934047339	0.0681039568	0.0804076247	0.0735169227	-0.0180563539	-0.0066579431	0.0225471344	-0.0158995333	-0.0277717737	0.0423043142	-0.0265098845	0.0447071016	-0.0379751433	-0.0128414803	-0.1153634357	0.0894587893	-0.01487022	-0.1326050803	-0.0255003357	0.1356343158	0.0561088313	0.0202939634	-0.0274742984	0.0025228967	0.035920564	0.0279573398	-0.0463480496	0.0623845903	-0.0012560484	0.0879377682	-0.0760939365	-0.0970274389	0.0621281086	-0.1322873661	-0.0834325384	-0.1042514257	0.1008033722	-0.0951408427	0.0873882332	-0.0157522001214545	-0.0007198625618515	5.182021079554061e-07	0.0002481318086663	0.1810513897633967	0.0258258457590016	0.0327796057352573	0.0006669743091677	0.1472884859498009	-0.0440066300773835	0.0019365834907676	0.0216938980933847	-0.0066902308203576	-0.0009199945881474	8.463900422205043e-07	4.4759188429662725e-05	0.000412055132587	-0.0004475959561152	1.6978943229129017e-07	2.0034213993068005e-07	0.0008818885608721	0.000411905092603	1.69665805312286e-07	7.777274337970637e-07	0.0	0.0	0.0	0.0	0.0	0.0	0.0	0.0	0.0	0.0	0.0	0.0	0.0	1.0
2358.036954621247	-7.1072752414920615	5560338.279359444	50.51336135832605	3030.7192111545137	6.781711952358819	45.99161700476646	9185258.936861038	2701.4859446297705	-4.561036506585424	20.803054014404967	7298026.309032204	2786.65735160632	2097.3352201823386	1.169064	21.341312	0.1192842646866659	0.0665863152689783	0.0564417714	0.080591492	0.020818893	-0.0515959429	-0.0713887818	0.0429582686	0.0243661681	0.1621395729	-0.0217084109	-0.0273916708	0.0744601632	0.0144217938	-0.0201716547	-0.10165637	-0.0712817304	0.1079989107	0.0009834733	0.0728178726	-0.0471107504	-0.0484073843	0.0520230513	-0.0132585805	-0.0630819968	-0.071105269	-0.0909007852	0.0426466686	-0.0722944213	0.0079185329	0.060167883	-0.0386196231	0.0138723151	-0.1070537157	-0.0065349851	0.0859236228	-0.0508772392	0.0503568448	0.1009979045	-0.0287066128	0.1363872868	-0.0087892308	-0.0402488656	-0.0138518853	0.0351823503	-0.033669225	0.0598628371	0.0597986512	-0.0550249035	0.068970424	-0.0723139604	-0.0065423932	-0.1265398118	0.0209770205	0.0179802749	-0.0210385096	0.1122762583	-0.0339836662	-0.0243728962	0.0299387469	-0.0385302	0.0154081047	-0.1035762722	-0.0154706345	-0.039054683	0.0089079577	-0.0268512125	0.0728882631	0.0423831942	0.0337589029	-0.0445061372	-0.1045074645	0.1018175221	-0.0973854535	0.0912870929	-0.016046368984476	-0.0002941688630214	8.65353199713614e-08	0.0002574859575859	0.2020877424537559	0.0210363526903592	0.0408394556500555	0.0004425281345131	0.2021514264993911	0.0548629405495902	0.0030099422457478	0.0408651992357387	-0.0068960058459742	-0.0002057750256166	4.23433611675124e-08	4.755489662771034e-05	-0.0001311536494652	-0.0005432087820522	1.7201279768040556e-08	2.950757808986345e-07	0.000769056316867	-0.000112832244005	1.2731115287226421e-08	5.914476185130356e-07	0.0	0.0	0.0	0.0	0.0	0.0	0.0	0.0	0.0	0.0	0.0	0.0	0.0	0.0
2350.722689344103	-7.314265277143932	5525897.162197172	53.4984765444334	3014.58852211946	-16.13068903505382	260.19912874560555	9087743.957694389	2697.912881496733	-3.5730631330375218	12.766780152671911	7278733.916146005	2777.662836319361	2077.0265184725417	1.17987	21.53858	0.0756040226303383	0.0435552673631214	0.028089325	-0.0760593589	0.0891214846	0.0758088338	-0.0036252644	-0.0285161842	0.0570203599	0.0053286402	0.0177052715	-0.0415299259	-0.0039156239	0.0028721669	0.0120731928	-0.063437678	0.0352953082	-0.0375142292	0.018864823	-0.0927800923	-0.0438473439	-0.0852904002	0.0198623126	-0.0728268375	-6.12524e-05	-0.0772170603	0.004018206	0.0664947918	-0.1076366218	0.0471411891	-0.0022943312	-0.0556759758	-0.0280839309	-0.0459072828	-0.046680299	0.0344740918	0.0675477303	0.0019752863	-0.0106557176	0.0245014079	-0.0542100651	-0.0890839511	-0.023910074	-0.0944632198	-0.0232075361	-0.0364802763	0.0314894817	0.0389410408	-0.0530556843	0.023917905	0.0533586577	-0.0624816744	0.0110299346	0.0474474474	-0.0586413882	-0.0194651447	0.1133898004	-0.0130391918	0.0205394535	-0.0927258921	-0.0278229158	-0.0361985223	0.0527597723	-0.009614407	0.109651995	0.0206312864	-0.0492874	-0.0472047155	-0.0028607653	0.0223903751	-0.1154828492	-0.1047316694	0.102707623	-0.0993631376	0.0947412111	-0.0158365772476969	0.0002097917367791	4.4012572820791345e-08	0.0002507971789222	0.2088431168391764	0.0067553743854204	0.0436154474511018	4.563508308719515e-05	0.1819744126188212	-0.0201770138805699	0.0004071118891367	0.0331146868479649	-0.0062520713105015	0.0006439345354726	4.146516859744415e-07	3.908839567159595e-05	9.690120390337675e-05	0.0002280548533685	9.389843317923798e-09	5.200901614496304e-08	0.0006718088531569	-9.72474637101e-05	9.457069198047216e-09	4.513271351799893e-07	0.0	0.0	0.0	0.0	0.0	0.0	0.0	0.0	0.0	0.0	0.0	0.0	0.0	0.0
2353.2980580915705	2.5753687474675644	5538011.750217557	6.632524185432652	3036.44737652548	21.858854406020328	477.8095159435943	9220012.67040847	2694.934411783134	-2.9784697135992246	8.871281834827847	7262671.483812905	2770.717754657452	2077.227321817975	1.076992	19.660538	0.132182752983324	0.0869880927014509	0.045823291	-0.0998858019	-0.0317742531	0.0558819714	0.048930041	0.0647040182	-0.102965348	0.029677265	-0.1103543403	-0.0833854219	-0.0885831089	-0.0463078385	-0.0145956166	0.052032916	-0.0701840922	-0.0512514269	-0.1087056132	0.1152775553	-0.0276478266	0.0164549393	-0.1151718625	-0.0159119899	0.1545307343	0.0285696992	0.0433255056	-0.0610859321	0.001656577	-0.0670972746	-0.0048156731	-0.0561873228	-0.0909301795	0.0294237213	-0.0111611447	-0.1286696395	0.0249054912	-0.0075147806	-0.0330150144	0.0790378465	0.1222005631	0.1368115486	0.0626543507	0.0097074231	0.0169385875	-0.0096500765	-0.042609271	0.0470229827	-0.0922371315	0.0378806113	0.0106424956	-0.042087026	0.1065913867	-0.0228157959	0.030125027	0.0045779406	0.0857513626	-0.0216404138	-0.0070317228	-0.0045840854	0.0632257146	-0.0159170604	-0.0772477179	0.0188513154	-0.1156555063	0.1224018025	-0.0673085878	0.0307224786	0.0041995983	0.1013982132	-0.0300762666	-0.104923972	0.1034725904	-0.1010684743	0.0977337597	-0.0204641667309743	-0.0046275894832774	2.1414584425739613e-05	0.0004187821199931	0.2196274783779586	0.0107843615387822	0.0482362292586606	0.0001163024537991	0.2549525540687014	0.0729781414498801	0.0053258091294787	0.0650008048261541	-0.0069670973715804	-0.0007150260610789	5.112622680220073e-07	4.8540445785082526e-05	9.510734562279131e-05	-1.7938582805854388e-06	9.045407191413084e-09	3.217927530824947e-12	0.0008308421440251	0.0001590332908682	2.5291587604369512e-08	6.902986682882251e-07	0.0	0.0	0.0	0.0	0.0	0.0	0.0	0.0	0.0	0.0	0.0	0.0	0.0	0.0
2357.614714199105	4.316656107534527	5558347.140608128	18.633519950715137	3043.932744044884	7.485367519404008	56.03072690054851	9265526.550268618	2692.9323671053994	-2.002044677734375	4.0081828916445374	7251884.73380389	2766.9721991123297	2085.79176831832	1.162484	21.221205	0.0433363112706277	0.0219318700912131	0.049394467	0.0734228297	-0.011187933	0.0113083404	-0.0109187814	0.1702185841	-0.0378451459	-0.0553137518	-0.1092397125	-0.1009439652	-0.1080194394	-0.0236346256	-0.0409083458	0.0115304936	-0.148456494	-0.0581374144	0.013763627	-0.0641001337	0.081679231	0.0160334287	0.0725910861	0.0991782693	0.0167414491	0.03535049	-0.0017419775	-0.0670083118	-0.0036025577	-0.0293650036	-0.1109185009	-0.0551912177	-0.10138453	0.0658609114	0.0035610328	-0.0230638965	0.055257485	0.0331389089	0.0981705767	0.1660490815	-0.0173471124	0.0782948354	-0.0523173124	0.1026027697	-0.0322067257	0.021452507	0.1440097401	0.051043125	-0.0813724364	0.053373024	-0.0603626011	0.0108393715	-0.0251422554	-0.010910071	0.0908564231	0.0926252947	0.0315900141	0.0356986953	-0.0608909334	-0.1275543418	0.0366242891	-0.0714034281	-0.0883634929	-0.033419337	-0.0746273374	-0.0560982275	-0.0911078761	-0.017199191	0.0931841427	0.0067493487	-0.0791707819	-0.1050843138	0.1041114925	-0.1024967892	0.1002501592	-0.0158348221081183	0.004629344622856	2.143083163716576e-05	0.0002507415911957	0.2296043671698981	0.0099768887919395	0.0527181654234893	9.953830996672807e-05	0.2435025001169251	-0.0114500539517762	0.0001311037354985	0.0592934675631931	-0.0073041026760394	-0.0003370053044589	1.135725752335028e-07	5.334991590212592e-05	9.499653780387084e-05	-1.1080781892047753e-07	9.02434219472226e-09	1.2278372733913336e-14	0.0008223577782219	-8.484365803200023e-06	7.198446308250995e-11	6.762723154020597e-07	0.0	0.0	0.0	0.0	0.0	0.0	0.0	0.0	0.0	0.0	0.0	0.0	0.0	0.0
2364.3977413459697	6.783027146864697	5590376.679281923	46.00945727510343	3042.2119284237133	-1.7208156211709138	2.9612064020658377	9255053.417443529	2701.526897059078	8.594529953678375	73.86594512467481	7298247.575533649	2793.3777493990383	2101.018208306364	1.171454	21.384953	0.0959055880682757	0.0600311489827334	0.0514848982	0.0100912542	0.1002968771	0.0501652773	-0.1892217351	0.0253571824	0.0183290738	0.2103311539	0.0422029826	-0.0280506244	0.0389828828	-0.0378461458	0.0239866193	-0.1208519045	-0.0552712184	0.0016901261	-0.0812993391	0.0222959518	-0.064806521	-0.0666563552	-0.055352146	0.0450538995	0.0690760076	0.0069265344	0.0603516011	-0.0068225621	-0.0400172568	-0.0507316634	0.1457121931	0.069594312	0.0268382335	-0.1589439443	-0.1210609958	-0.0274539253	-0.0226749335	0.0346900448	0.1154304249	0.0923807597	0.1044643814	0.0132276866	0.0027667092	-0.0666444411	-0.0290777279	-0.0571236594	-0.0541263676	0.0583404094	-0.0475366138	0.0787637139	-0.0993559175	-0.0159526887	-0.1211170966	0.0036316754	-0.0790997771	-0.0259504042	0.1075348328	0.0074760809	-0.0203285748	0.0090769923	0.0132085055	-0.0084962137	-0.0531207386	0.0518460088	-0.1195217858	0.0359247997	-0.0558993893	-0.0750983161	0.0033120835	0.0838896672	-0.0099587145	-0.1052126458	0.1046235507	-0.1036441676	0.10227815	-0.0161627462086215	-0.0003279241005031	1.0753421569083269e-07	0.0002612343650043	0.2196137424727311	-0.0099906246971669	0.048230195882879	9.98125818396431e-05	0.1919410442683897	-0.0515614558485353	0.0026585837292204	0.0368413644748399	-0.007165575495211	0.0001385271808283	1.9189779828264064e-08	5.134547217756837e-05	9.898146480047389e-05	3.984926996603049e-06	9.797330374047453e-09	1.58796431682558e-11	0.0002843582176055	-0.0005379995606164	2.894435272234395e-07	8.08595959197769e-08	0.0	0.0	0.0	0.0	0.0	0.0	0.0	0.0	0.0	0.0	0.0	0.0	0.0	0.0
2356.188024276277	-8.209717069692942	5551622.005742945	67.39945436440767	3026.388720543556	-15.823207880157495	250.37390761867832	9159028.68783326	2697.212706439263	-4.314190619814781	18.612240704097843	7274956.383777413	2773.820090582432	2088.4814813947883	1.148966	20.974432	0.1586073497170668	0.0855258896356633	0.0531199884	-0.1073576788	0.0449221913	0.1279637703	0.052613563	0.0079991275	0.0131982864	-0.0137102174	-0.105124693	-0.0555005595	-0.0001217859	-0.0748075529	0.0347277868	-0.0221286885	0.0160936207	-0.0266559135	-0.1733103308	-0.0042823752	0.0107977693	0.0743344044	0.1055949113	0.0699924827	-0.0681686413	-0.0421963042	0.0331201694	-0.0832683174	0.0998719236	-0.0741872587	-0.0932719429	0.006843287	-0.0597822799	-0.0098122745	-0.0694557917	-0.016528386	-0.0013164048	-0.0136811776	-0.0401524476	0.0648419438	0.0279839289	-0.0628441472	-0.0444845301	0.1163022834	0.1396858667	-0.0040131248	0.1266816367	0.057937809	-0.0905396855	0.071061186	-0.0398994035	-0.0592041158	0.0426468009	0.0086263298	-0.0552972818	0.0241147691	0.0880346849	-0.006451474	-0.0579214675	-0.0323925472	0.0177802855	-0.1267923906	-0.0433999144	-0.0215478468	-0.1017643138	-0.1328876368	-0.147423085	0.0643643814	0.0286667011	-0.0013887633	0.048238995	-0.1053089291	0.1050081413	-0.1045074645	0.1038078519	-0.0133233504161864	0.0028393957924351	8.06216846609815e-06	0.0001775116663124	0.2386223633360771	0.0190086208633459	0.0569406322840947	0.0003613276671264	0.2521652478267242	0.0602242035583345	0.0036269546942357	0.0635873122115132	-0.0079446737514651	-0.000779098256254	6.069940928981782e-07	6.311784101721854e-05	0.0001802120490626	8.123058426212611e-05	3.247638262734095e-08	6.598407819566371e-09	0.0009547319671483	0.0006703737495428	4.494009640760728e-07	9.115131290948628e-07	0.0	0.0	0.0	0.0	0.0	0.0	0.0	0.0	0.0	0.0	0.0	0.0	0.0	0.0
2357.049538498793	0.8615142225162344	5555682.526937373	0.742206755597752	3016.8424566929634	-9.546263850592368	91.13115350512662	9101338.408505237	2695.6391453025617	-1.5735611367013007	2.4760946509366897	7266470.401687525	2778.242698160808	2114.37624653928	1.143319	20.871336	0.1253895916042036	0.0577794579585726	0.0532568009	-0.0410901544	-0.1135597706	-0.0495898296	0.0704628751	-0.0166458707	-0.0215743782	0.0955076999	-0.0891700742	-0.0728558128	-0.0049106023	0.0223892723	-0.030761197	0.0845769961	-0.0721204658	-0.0003248932	-0.0937551963	-0.0127981143	0.0170951046	-0.0479167186	0.0072232003	0.0366408714	-0.0076857653	-0.1013737906	0.0045512595	-0.0908436437	-0.0784753769	-0.0065992988	0.050729243	0.0146788655	-0.0341474074	-0.071631907	0.0938343845	-0.1014029055	0.0338641846	0.0165898574	0.0292367388	0.0569311329	0.0263525232	-0.0089051939	-0.0252413048	-0.0131424822	-0.0454885873	0.0383344022	0.093146021	0.064083645	-0.0790600642	0.0856720107	-0.0411314577	-0.0220111459	-0.0003813279	-0.0701014317	0.0385062201	-0.0868642158	0.1754281982	0.0065439769	0.0228857752	-0.0461744597	0.0633757766	-0.0749747542	0.018161716	0.0505206233	-0.1028945679	-0.021451403	-0.1265667986	-0.104648754	-0.0646196488	-0.0552892977	0.0872690569	-0.1053731342	0.1052647956	-0.1050843138	0.1048318124	-0.0293108819837755	-0.0159875315675891	0.0002556011656246	0.0008591278026668	0.2169783778412579	-0.0216439854948191	0.0470796164506236	0.0004684621080999	0.2289080479361089	-0.0232571998906153	0.000540897346752	0.0523988944099199	-0.0073158580880587	0.0006288156634063	3.9540913854523057e-07	5.3521779564613896e-05	-0.0004167330991053	-0.0005969451481679	1.736664758899078e-07	3.5634350992119613e-07	0.0010189886485976	6.425668144930004e-05	4.12892111087682e-09	1.0383378659707634e-06	0.0	0.0	0.0	0.0	0.0	0.0	0.0	0.0	0.0	0.0	0.0	0.0	0.0	0.0
2353.6930713470765	-3.356467151716515	5539871.074107234	11.265871740551976	3027.325051700368	10.482595007404598	109.8847980892638	9164696.968652636	2696.7443755833447	1.105230280782962	1.221533973559585	7272430.227240403	2768.9861400115183	2075.8092576287763	1.245363	22.73415	0.1423212506235213	0.0770777603685212	0.0469432879	-0.0208942145	0.0990931197	0.0200597099	-0.0238059495	0.0940588735	0.0266806608	0.0351812431	0.0112885011	-0.0729590507	-0.0431167315	-0.0415898563	0.0335958075	-0.1535886436	-0.0595066983	-0.0430617202	-0.0951640262	0.0156278643	-0.0023487297	-0.0141872589	-0.0507892451	0.0217519956	-0.0849075265	-0.1346949154	0.0591705974	0.025015004	0.1227222533	-0.0909084989	-0.0213652384	-0.0223170784	-0.0920241285	0.0301278725	-0.0660921408	0.0594669625	0.0364557883	-0.0148571182	0.0003821494	0.0826355849	0.1195608443	-0.0077834036	0.1028232878	0.0068937102	0.041166248	0.0110471581	0.0839715679	0.0571124593	-0.1127331896	0.0789313335	0.0035742395	-0.0741958749	-0.0114261228	0.1150206426	0.0350290171	0.0209420524	0.1012302301	0.0446760222	-0.0470367379	-0.0029970447	0.0716612528	-0.0816030132	-0.0076448492	0.0473975314	-0.1907777903	0.0127835861	-0.0936681148	0.0339298057	0.0465985309	-0.0329935328	0.0729635146	-0.1054052417	0.105393201	-0.1053731342	0.1053450429	-0.0368333277174741	-0.0075224457336986	5.658718981644028e-05	0.0013566940307428	0.2336250864347278	0.0166467085934698	0.054580681011634	0.0002771129069959	0.2813521701551806	0.0524441222190717	0.0027503859553289	0.0791590436510297	-0.0081370839156021	-0.0008212258275433	6.74411859824341e-07	6.621213464955039e-05	-7.80404428457615e-06	0.0004089290548207	6.090310719562568e-11	1.6722297187657056e-07	0.0009349840494161	-8.400459918150003e-05	7.0567726836444765e-09	8.741951726625282e-07	0.0	0.0	0.0	0.0	0.0	0.0	0.0	0.0	0.0	0.0	0.0	0.0	0.0	0.0
