global_signal	global_signal_derivative1	global_signal_power2	global_signal_derivative1_power2	csf	csf_derivative1	csf_power2	csf_derivative1_power2	white_matter	white_matter_derivative1	white_matter_derivative1_power2	white_matter_power2	csf_wm	tcompcor	std_dvars	dvars	framewise_displacement	rmsd	t_comp_cor_00	t_comp_cor_01	t_comp_cor_02	t_comp_cor_03	c_comp_cor_00	c_comp_cor_01	c_comp_cor_02	c_comp_cor_03	c_comp_cor_04	c_comp_cor_05	w_comp_cor_00	w_comp_cor_01	w_comp_cor_02	w_comp_cor_03	w_comp_cor_04	w_comp_cor_05	w_comp_cor_06	w_comp_cor_07	w_comp_cor_08	w_comp_cor_09	a_comp_cor_00	a_comp_cor_01	a_comp_cor_02	a_comp_cor_03	a_comp_cor_04	a_comp_cor_05	a_comp_cor_06	a_comp_cor_07	a_comp_cor_08	a_comp_cor_09	edge_comp_00	edge_comp_01	edge_comp_02	edge_comp_03	edge_comp_04	edge_comp_05	edge_comp_06	edge_comp_07	edge_comp_08	edge_comp_09	edge_comp_10	edge_comp_11	edge_comp_12	edge_comp_13	edge_comp_14	edge_comp_15	edge_comp_16	edge_comp_17	edge_comp_18	edge_comp_19	edge_comp_20	edge_comp_21	edge_comp_22	edge_comp_23	cosine00	cosine01	cosine02	cosine03	cosine04	cosine05	trans_x	trans_x_derivative1	trans_x_power2	trans_x_derivative1_power2	trans_y	trans_y_derivative1	trans_y_power2	trans_y_derivative1_power2	trans_z	trans_z_derivative1	trans_z_derivative1_power2	trans_z_power2	rot_x	rot_x_derivative1	rot_x_power2	rot_x_derivative1_power2	rot_y	rot_y_derivative1	rot_y_derivative1_power2	rot_y_power2	rot_z	rot_z_derivative1	rot_z_derivative1_power2	rot_z_power2	motion_outlier00	motion_outlier01	motion_outlier02	motion_outlier03	motion_outlier04	motion_outlier05
2203.310654809952	n/a	4854577.84159906	n/a	2589.358799126312	n/a	6704778.990612857	n/a	2579.819549840525	n/a	n/a	6655468.909739368	2570.703586866035	1917.991148026263	n/a	n/a	n/a	n/a	0.129752693	-0.028712105	0.0202757278	-0.0683696888	-0.0118594757	-0.0821450796	0.042794153	-0.0378790092	0.09522057	0.1645801957	-0.0031751054	-0.0082456527	-0.0339934465	0.1620668463	0.1173511043	-0.0221362381	0.0262447202	0.0509674446	0.0900397369	0.0203515858	0.0160747325	-0.0093714701	0.025411744	-0.148520811	0.0956793351	-0.0461493539	0.0050550812	-0.0808458877	0.0591247047	-0.1510515156	-0.0896085608	0.157160153	-0.1155214841	0.0443755154	-0.1662257298	0.0041602376	-0.1795108964	0.2099581093	-0.0666673878	0.0261902331	-0.0152184345	0.0458703861	-0.0367000111	0.0203898842	-0.1481796696	-0.1514412293	0.0176869372	-0.1043655053	0.1187012224	-0.0874343033	0.0272201872	-0.0759439905	0.1266746727	-0.1623785732	0.0912851377	0.0912792721	0.0912694965	0.0912558111	0.0912382167	0.0912167139	-0.0005037469018844	n/a	2.537609411581313e-07	n/a	0.1171585969315174	n/a	0.0137261368349617	n/a	0.0826432904739249	n/a	n/a	0.0068299134603575	0.0103491130116807	n/a	0.0001071041401285	n/a	0.0025568481614375	n/a	n/a	6.537472520646324e-06	-0.0026533096075449	n/a	n/a	7.040051873490072e-06	0.0	0.0	0.0	0.0	0.0	0.0
2203.275774181228	-0.034880628724295	4854424.1370938895	0.0012166582602021	2588.8711906607823	-0.4876084655297745	6702254.0418333765	0.2377620156563013	2579.8467995179903	0.0272496774655337	0.0007425449219756	6655609.508983218	2570.701571305072	1918.6002541213736	0.045544	1.009399	0.0536292907097402	0.0294142351058533	0.1290383044	-0.0296526314	0.0198566136	-0.0677137491	-0.0122928883	-0.0826675799	0.0420443028	-0.0394199416	0.0956925026	0.1644319083	-0.0043934969	-0.0082653451	-0.0337043037	0.1616324702	0.1167874238	-0.0213170748	0.0258024535	0.0517413853	0.0913522834	0.0207194212	0.0161605769	-0.0083711073	0.0249654665	-0.1475633594	0.0953438517	-0.0454873122	0.0045889259	-0.0827561418	0.0599180195	-0.1520316565	-0.0912319334	0.1561923014	-0.1152135183	0.045036422	-0.1671607032	0.0030969356	-0.1802308301	0.2108261247	-0.0670488869	0.0264550933	-0.0151732518	0.0465168696	-0.036928067	0.0216374556	-0.1467280908	-0.1531713483	0.0172907231	-0.1056770066	0.1187555668	-0.089070233	0.0235152024	-0.077319821	0.1242756385	-0.1653868603	0.0912694965	0.0912167139	0.0911287655	0.0910056853	0.0908475206	0.0906543325	-0.000292041947759	0.0002117049541253	8.52884992508705e-08	4.4818987601237696e-08	0.1292925112641683	0.0121339143326509	0.016716553468995	0.0001472318770321	0.075832999154656	-0.0068102913192688	4.638006785330932e-05	0.00575064376079	0.0106421526693722	0.0002930396576915	0.0001132554134382	8.587224097995171e-08	0.0026066196368648	4.977147542730006e-05	2.4771997662103333e-09	6.794465931289183e-06	-0.0029999660765	-0.000346656468955	1.2017070746841813e-07	8.999796460150805e-06	0.0	0.0	0.0	0.0	0.0	0.0
2204.063188525864	0.7874143446360904	4857894.539014799	0.6200213501386838	2635.371934264671	46.50074360388862	6945185.231909913	2162.3191557145888	2571.6907656608373	-8.156033857153034	66.5208882790266	6613593.394185224	2568.284746814165	1946.4273682391056	1.230061	27.261768	0.3136065752714621	0.1602387140865182	0.1056438153	0.055800513	-0.0824588678	0.0412445682	0.1474488418	0.0634770726	-0.0121629386	-0.0465683487	0.1224124231	0.0135154475	-0.00633189	0.0568538947	0.064512236	-0.0217432981	0.1635744399	0.0752211245	0.1125305715	-0.060196217	0.0830968516	0.0019659072	-0.0005405478	-0.003218611	-0.1160524302	-0.0066423112	0.1850788112	-0.0032950592	-0.0399414048	-0.0980361313	-0.0447102808	-0.0473035725	-0.060756099	0.1520515166	-0.0566171645	0.0429635083	-0.0977577026	-0.0031166129	-0.0233186573	0.1960331257	0.0404422013	0.0545062613	-0.0957472484	-0.0458452369	-0.0294226779	0.0163935987	-0.0433349306	-0.0605257417	0.066914525	0.0376261472	0.0350494162	-0.0292444281	0.0026798694	-0.0275460665	0.0347590762	0.0236160406	0.0912382167	0.0910916402	0.0908475206	0.0905061192	0.0900678015	0.089533037	-0.0006223536450136	-0.0003303116972546	3.873240594617141e-07	1.0910581734321453e-07	0.0817459656844334	-0.0475465455797348	0.0066824029056805	0.0022606739965658	0.0541126767424984	-0.0217203224121575	0.000471772405688	0.0029281817842381	0.0086700003945084	-0.0019721522748637	7.516890684077582e-05	3.8893845952504606e-06	0.0011181725589357	-0.0014884470779291	2.215474703795677e-06	1.2503098715568115e-06	-0.0015803775176466	0.0014195885588534	2.0152316764274733e-06	2.4975930982828296e-06	0.0	0.0	0.0	0.0	0.0	0.0
2195.1697017431065	-8.893486782757464	4818770.01945092	79.0941071550817	2587.3078371004294	-48.0640971642415	6694161.843921302	2310.157436213648	2576.8505674589665	5.159801798129138	26.62355459597668	6640158.847013597	2564.067098248592	1901.02737801974	1.13438	25.141191	0.0579043735816093	0.0319764082761076	0.1020593368	0.0038340832	0.0417365045	-0.0358570811	-0.0136157059	-0.0280940541	0.0310624637	-0.0940623136	0.0315174493	0.1185673592	0.0408960994	-0.0105740498	0.0641923309	0.0908907618	0.0481387887	-0.025705917	0.075015076	0.0770919245	0.0700963145	0.0477413292	-0.0193245709	-0.039273208	-0.0456134899	-0.106076566	0.0314084386	-0.0045992162	0.0637539636	-0.1019126281	0.0740243217	-0.1131738123	-0.0630510555	0.1440236477	-0.0609116599	0.0420038795	-0.0962601031	0.0213673709	-0.1258587216	0.1398246341	-0.0375603276	-0.0126727092	0.0091632491	0.1133446036	-0.0116576771	-0.0224666132	-0.0074767634	-0.0364218237	0.0719252656	0.0790637172	0.0023296072	-0.0393297792	0.0405714311	-0.1441549328	0.1078711048	0.0896101914	0.0911913037	0.090904137	0.0904261954	0.0897584821	0.0889023983	0.0878597406	-0.0093183199937953	-0.0086959663487816	8.683108750676523e-05	7.561983073914372e-05	0.0786633760743029	-0.0030825896101304	0.0061879267354072	9.502358704484498e-06	0.0491125102473262	-0.0050001664951722	2.5001664979442665e-05	0.0024120386627937	0.0084094389121024	-0.000260561482406	7.0718662816382e-05	6.789228611361224e-08	0.0016226474394405	0.0005044748805047	2.5449490506033215e-07	2.632984712722811e-06	-0.0016378541772863	-5.747665963969995e-05	3.303566403337913e-09	2.6825663060541825e-06	0.0	0.0	0.0	0.0	0.0	0.0
2198.6916783150104	3.521976571903906	4834245.096291677	12.40431897303999	2611.550553882395	24.242716781965555	6820196.295483444	587.7093169705944	2569.726961748316	-7.123605710650281	50.7457583208093	6603496.657936232	2563.8225718013578	1916.347215471112	1.209853	26.813904	0.1060190150321254	0.0585050247298643	0.0860931719	0.058170763	-0.1003568015	0.0046965399	0.1050927177	0.0135236662	0.0121098809	-0.0429405363	0.0669686836	0.0185390857	-0.0575521438	0.0814181007	-0.007664982	0.0088768163	0.1460592788	0.1174817228	0.0367230948	-0.025599121	0.0653047694	0.1109066579	0.0557622118	0.0137348428	-0.0512252318	0.0150161275	0.1453176736	-0.0245369614	-0.1214215592	-0.1246459903	0.0349468303	-0.0551364616	-0.0381307388	0.1376595598	-0.0567320313	0.0543198147	-0.1552618246	-0.0241040718	-0.0249772719	0.1185788278	0.0356749912	0.0735444191	-0.0927952644	-0.0946307877	-0.0034387336	-0.0535534321	0.0394222638	0.0415974077	-0.0229145235	0.0274673947	-0.024167063	0.0784379278	0.0848501488	0.0336850571	-0.0545437391	0.1500323969	0.0911287655	0.0906543325	0.0898654396	0.0887648233	0.0873563013	0.0856447597	-0.0014117483813862	0.0079065716124091	1.993033492346556e-06	6.251387466215344e-05	0.0756244993347223	-0.0030388767395806	0.0057190648996274	9.234771838364023e-06	0.0363147280492555	-0.0127977821980707	0.0001637832291892	0.0013187594732913	0.0075239358634357	-0.0008855030486667	5.660961087709392e-05	7.841156491980204e-07	0.0017288241055364	0.0001061766660959	1.1273484423240273e-08	2.9888327878837337e-06	-0.0009840182024076	0.0006538359748787	4.275014820455801e-07	9.682918226694843e-07	0.0	0.0	0.0	0.0	0.0	0.0
2198.532790632785	-0.1588876822256679	4833546.43148758	0.0252452955630448	2585.654992023497	-25.895561858897963	6685611.737776031	670.5801239880109	2578.820524163202	9.093562414886035	82.69287739342798	6650315.295845373	2563.466595559042	1908.294957357938	1.256961	27.857944	0.167868701811697	0.0950387653764734	0.0720149366	0.0499685501	0.0514430111	0.020854952	-0.045912196	0.0153225984	0.0753218153	-0.0800660684	0.0550028844	0.0986193346	0.0191363142	-0.0050403229	0.0643114128	0.0631140623	0.0173547251	0.1423973707	0.0854581323	0.0273117752	0.0753759983	0.0109335026	0.0041070416	-0.0221621118	-0.0691660368	-0.0606600057	-0.0082411321	0.0611720799	-0.0044352163	-0.1902902287	0.0314462609	-0.0090488585	0.0001916999	0.0976057094	-0.0672747127	0.0648535511	-0.2373945559	-0.0043330864	0.0876908822	-0.0689890323	0.0273316127	0.0245244364	0.0587517351	0.1580765037	0.1191490824	0.0666570322	0.0247814305	0.0020705957	-0.0724814011	0.1289574405	-0.0923712856	0.2453420037	-0.0835579736	0.196961085	-0.1420058897	-0.0675040907	0.0910506129	0.0903423981	0.0891661178	0.0875278662	0.0854361313	0.0829017503	-0.0155120140626365	-0.0141002656812503	0.0002406225802794	0.0001988174922818	0.054073661322306	-0.0215508380124163	0.0029239608487994	0.0004644386190374	0.0007248565396551	-0.0355898715096004	0.0012666389540698	5.254170030807655e-07	0.0058599900822377	-0.001663945781198	3.433948376392421e-05	2.768715562766624e-06	0.0019732062371256	0.0002443821315891	5.9722626240081e-08	3.8935428542313695e-06	-0.0009597915830262	2.4226619381399923e-05	5.869290866512223e-10	9.21199882847939e-07	0.0	0.0	0.0	0.0	0.0	0.0
2201.7628350375144	3.230044404729597	4847759.5817524325	10.433186856524976	2585.677588076992	0.0225960534949081	6685728.58948365	0.0005105816335447	2581.9171422555905	3.0966180923883257	9.589043610106714	6666296.129473276	2568.5348844934683	1888.8363777160644	1.137407	25.208275	0.0716677715084506	0.0450869649245567	0.0498100233	0.0356479217	0.017816828	-0.1056488335	0.024027473	-0.0903312473	0.0520453135	-0.0213143039	0.0459418664	-0.0144349451	-0.0945462959	0.0045377166	-0.0236393096	0.0151590568	-0.0125171436	0.0706805073	0.1824887299	0.0339602403	-0.0586029832	0.085675476	0.0717575135	0.0455447639	0.009145407	0.0150352325	0.0091361052	-0.0601295353	0.0039132829	-0.2023242628	0.046219702	0.1251019631	0.0083074891	0.066634873	-0.0645209798	0.0362242753	-0.1315905642	-0.0508653399	-0.0006848317	-0.0128100958	-0.0304277989	0.0324541858	0.0557340417	-0.1253660569	-0.0358703079	-0.0476934149	0.1405308248	0.0606697563	0.0098851041	0.0779284047	-0.0159079407	0.1135607475	0.0083837395	0.0159830604	-0.0773528276	-0.0038267718	0.0909568593	0.0899685475	0.0883293083	0.0860510014	0.0831501106	0.0796476241	-0.0124493450864093	0.0030626689762271	0.0001549861930805	9.37994125794456e-06	0.0506475408048174	-0.0034261205174886	0.0025651733895756	1.1738301800356389e-05	0.018807399795385	0.0180825432557299	0.0003269783705953	0.0003537182870634	0.0051508015850922	-0.0007091884971454	2.6530756968988324e-05	5.029483244834923e-07	0.0018814044929378	-9.18017441877998e-05	8.427560235922232e-09	3.5396828660465407e-06	-0.0008188530491794	0.0001409385338468	1.9863670322885604e-08	6.705203161504007e-07	0.0	0.0	0.0	0.0	0.0	0.0
2204.6970130133795	2.9341779758651683	4860688.919190118	8.609400394052216	2616.403081762882	30.725493685889887	6845565.086258305	944.0559622416594	2588.330331224914	6.413188969323528	41.12899275625298	6699453.903538873	2576.6245029136785	1940.8246851811643	1.170412	25.93977	0.1202602150766576	0.0659340946348889	0.035379328	0.0949862487	-0.0187111512	0.0608471558	0.1183315796	0.0420369001	0.0211249039	-0.0108856545	-0.0389559021	0.0389701455	-0.0015570567	-0.0170946433	0.1176428935	0.0752436819	0.0645475939	0.1684666923	0.077166946	0.1068215618	0.053154172	0.0042699364	-0.0014745494	-0.0063080269	-0.1262408955	-0.0765233323	0.026135067	0.0781688468	-0.0474706934	-0.1695303552	0.0612259944	0.0078404546	0.0245734559	0.0528872046	-0.0235684317	0.0567635728	-0.1342585116	0.0395886983	0.1192553309	-0.0491086721	0.0623924792	-0.0168088176	0.0581362749	-0.0033723795	-0.0513303067	-0.0508326392	0.0729601122	0.1190910004	-0.0048987212	0.0183884956	-0.0669957221	0.0755637174	-0.0063758475	0.0554966669	-0.0586912672	0.127049182	0.0908475206	0.089533037	0.0873563013	0.0843382767	0.0805080284	0.0759024438	-0.0012337833644409	0.0112155617219684	1.5222213903711066e-06	0.0001257888247392	0.0374719539167784	-0.013175586888039	0.0014041473303411	0.0001735960898442	0.0334101780400502	0.0146027782446651	0.0002132411324628	0.0011162399966678	0.0041413995047401	-0.0010094020803521	1.7151189857861544e-05	1.018892559819148e-06	0.001603012356061	-0.0002783921368768	7.750218187483104e-08	2.569648613684238e-06	-0.0004813215019686	0.0003375315472107	1.1392754536251649e-07	2.31670388257309e-07	0.0	0.0	0.0	0.0	0.0	0.0
2200.899634540854	-3.797378472525452	4843959.201322065	14.420083263599734	2605.6029276374643	-10.80015412541752	6789166.616512925	116.64332913277308	2565.1478876236383	-23.182443601275736	537.4256913263304	6579983.685380014	2553.655143762808	1893.4745547185173	1.416931	31.403347	0.1196160520954593	0.0919100200192642	0.0440515009	0.0396696648	0.0233087807	0.015134499	-0.0140032664	0.0465778506	-0.0330143947	0.0077053174	0.0223388985	0.0532712818	0.0312851615	0.0398312058	-0.0847642357	0.0072995443	0.118809284	-0.0818009003	-0.0287899063	-0.0328950277	0.0384804593	-0.170008463	0.0228158691	-0.0312220052	0.0709088037	0.0084045881	0.1308626055	0.0128480684	0.1000048433	0.1103975059	-0.0597820974	-0.0660742512	0.0008951878	0.0492061823	-0.0591111978	0.0541160436	0.0393918657	-0.0368417592	-0.0534348561	0.0516520263	0.0731020949	-0.137588368	-0.0149573951	-0.0840082499	0.1794349907	-0.036133313	0.0450972824	0.0134274791	-0.3149554282	0.0185886081	-0.0157598967	0.0620153603	-0.2558197722	0.1494043159	-0.26444657	0.1114212451	0.0907226157	0.089036165	0.0862485974	0.0823943867	0.0775211985	0.0716892996	-0.0176194874814399	-0.016385704116999	0.0003104463391086	0.0002684912994098	0.0360729299781894	-0.0013990239385889	0.0013012562772113	1.9572679807450707e-06	-0.0553287893267011	-0.0887389673667513	0.0078746043293173	0.0030612749283584	0.0042958588082683	0.0001544593035282	1.845440290057634e-05	2.3857676446416612e-08	0.0016451148677718	4.210251171080006e-05	1.772621492358056e-09	2.706402928163827e-06	-0.0004160361837452	6.528531822339999e-05	4.262172775530603e-09	1.730861061852698e-07	0.0	0.0	0.0	0.0	0.0	0.0
2208.145779629126	7.246145088271987	4875907.784093921	52.506618640288245	2618.8936515982823	13.290723960818012	6858603.958381785	176.64334340266203	2586.340445142273	21.192557518634658	449.1244941806384	6689156.898178731	2574.034947329662	1912.7500646122169	1.30954	29.023258	0.2517716105541671	0.1322093258980173	0.001077125	0.0789467684	0.0280436208	0.0385961973	0.0053615459	0.0478601605	-0.0040657626	0.0121836263	0.005376775	-0.0482199434	-0.0589929273	0.0095752287	0.1311004384	-0.0684651454	-0.0649333814	0.0246753569	0.1243732133	0.0786285433	0.015097306	-0.1608297471	0.0151629835	0.0446285469	-0.1141685974	0.0548527779	-0.0400800141	0.0666399309	0.0993511145	-0.1038389331	0.0219334145	0.0217904993	0.0529435905	-0.0160702052	-0.0042095088	0.0451730396	-0.0376939002	-0.05111475	0.1295542424	-0.0188092865	0.0206324002	-0.0726007695	0.0240407481	-0.024080147	0.0151635914	-0.0321862135	0.0611163449	-0.003661345	0.0654389653	0.091053334	-0.0158773121	-0.0071959756	-0.0589152526	0.0675234896	-0.0079087798	0.1086427757	0.090582166	0.0884782721	0.0850079043	0.0802246594	0.0742024108	0.0670341672	-0.0315334993157847	-0.0139140118343447	0.0009943615790985	0.0001935997253262	0.0015577177288719	-0.0345152122493175	2.4264845228418304e-06	0.0011912998766154	-0.0043379543716213	0.0509908349550798	0.0026000652494161	1.881784813026835e-05	0.0024166432062081	-0.0018792156020602	5.840164386111766e-06	3.5314512790264795e-06	0.0011631706347006	-0.0004819442330711	2.322702437905871e-07	1.3529659254297968e-06	-0.0011019073789223	-0.0006858711951771	4.704192963736637e-07	1.2141998717234134e-06	0.0	0.0	0.0	0.0	0.0	0.0
2203.039232216013	-5.106547413113276	4853381.858682919	26.07682648237389	2620.315286184996	1.4216345867134803	6866052.199014756	2.0210448981400084	2576.637028965381	-9.703416176892006	94.15628550196946	6639058.3790355455	2565.7287397540986	1912.209950131276	1.081485	23.968893	0.1263033093954708	0.0664328836888821	-0.0207167561	0.0864257823	0.0625610349	0.0377875451	-0.0188212765	0.0256708343	-0.0248697191	0.0490615878	-0.0421920953	0.0744074094	0.043545132	-0.0005641242	-0.0012022394	0.07842241	0.0102332192	-0.0754637349	-0.0048562766	0.1480683708	0.0066427633	-0.0728403534	0.0258075466	-0.0535542774	0.0372698416	-0.0749836582	0.0080652621	0.0485836517	0.1165938204	0.0314048678	0.0944557176	-0.0554242267	0.0636714532	-0.0340602714	0.015686378	0.049336631	0.0356060933	-0.0045743771	-0.0039774116	-0.1256755964	0.0159045314	-0.143389064	0.104958409	0.0057961778	-0.0694154412	-0.0389042274	0.045186263	-0.0374502667	0.1084549547	-0.079493017	-0.097941817	0.0347796735	0.0307493043	-0.0178606184	-0.0257013317	0.0589686818	0.0904261954	0.0878597406	0.0836361352	0.0778350419	0.0705658771	0.0619657467	-0.0218433011793308	0.0096901981364538	0.0004771298064109	9.38999399237346e-05	0.0047610888371423	0.0032033711082704	2.2667966915161018e-05	1.0261586457301531e-05	0.0072766925035452	0.0116146468751665	0.0001349000220348	5.295025379115091e-05	0.0016771037014846	-0.0007395395047235	2.812676825533346e-06	5.4691867904668e-07	0.000313951753603	-0.0008492188810976	7.211727080126597e-07	9.856570359039884e-08	-0.0006547638992318	0.0004471434796905	1.999372914297287e-07	4.287157637372307e-07	0.0	0.0	0.0	0.0	0.0	0.0
2184.0519323867247	-18.98729982928808	4770082.843362186	360.51755480728303	2595.589501766758	-24.72578441823771	6737084.861681808	611.3644150971667	2565.6608444353856	-10.976184529995408	120.4766268365105	6582615.568668895	2554.4574334816853	1905.9413223391675	1.144773	25.371536	0.1655439481862643	0.1124437757050045	-0.0275030502	0.0658568701	0.0625751905	0.0667824355	-0.0264840698	0.0715822696	0.0005329139	-0.0640772802	-0.125308039	-0.0483794554	0.0012488489	0.0959087517	0.0178095833	-0.10678606	-0.0188605013	-0.0384928999	0.0905153212	0.1087368255	-0.0199279229	-0.0158951689	0.0205867061	-0.0299417088	-0.0201816729	0.1130879562	0.0368123765	0.0270397249	0.0987560252	0.0191918694	0.0609512593	-0.0104917519	0.0570228388	-0.0517693069	0.0232523604	-0.0168084209	0.074867706	-0.0943521708	0.130071784	-0.0595203379	0.0378154429	-0.0673114301	0.0715110885	-0.0202912904	-0.1491689435	0.0019442447	-0.0428407132	0.0169504267	0.0308282312	0.0315430983	-0.0328294371	-0.0603225309	0.1075453828	0.122805022	0.0231449125	-0.0733256774	0.0902547308	0.0871809944	0.0821354052	0.075232084	0.0666271694	0.0565152869	-0.0243961614441161	-0.0025528602647853	0.0005951726932073	6.517095531519682e-06	-0.0252736857232207	-0.030034774560363	0.0006387591900361	0.0009020876828918	0.1086431652712462	0.101366472767701	0.010275161801365	0.0118033373601553	0.0012175851534456	-0.0004595185480389	1.4825136058911453e-06	2.1115729599187069e-07	0.0002280489592367	-8.590279436630001e-05	7.379290079938825e-09	5.200632780894207e-08	-0.0007411393686948	-8.637546946300002e-05	7.460721724953649e-09	5.492875638293266e-07	0.0	0.0	0.0	0.0	0.0	0.0
2199.0959861486067	15.044053761881967	4836023.156294913	226.32355359039505	2567.723409172233	-27.86609259452507	6593203.506011074	776.519116486645	2581.0819741345326	15.42112969914706	237.81124119791545	6661984.157202216	2562.687052542264	1861.648680715092	1.278116	28.326807	0.1211757518399965	0.0587403513245644	-0.0377369699	0.006966139	0.0744553327	-0.0607796388	-0.1155418893	-0.0825380958	0.0681971755	0.03281226	-0.16739904	0.0627212612	0.0058691503	-0.0437551712	0.0465544665	0.0635263562	-0.1140220555	-0.0196540167	-0.0741376191	0.0342294243	0.017480154	0.1084439425	0.0129453149	-0.017464954	0.0076282728	-0.0483207511	-0.1760523277	-0.036414786	0.0014379244	0.0321764192	0.0566881215	-0.0071861866	0.0591457046	-0.0681435521	0.0399367758	0.0020014315	0.0500103736	0.0624228415	0.0462377702	-0.1038763586	-0.0582195913	-0.0835407568	0.0676317887	0.074532304	-0.0256490461	-0.0713656823	0.015653889	0.0710870167	0.1147526818	0.1461470235	0.0457859608	-0.069593243	0.1313300114	-0.0013826122	-0.033840659	0.023016383	0.0900678015	0.0864424987	0.0805080284	0.0724229201	0.062403154	0.0507163915	-0.0313382970387152	-0.006942135594599	0.0009820888612867	4.8193246613799766e-05	-0.0180642327094773	0.0072094530137434	0.0003263165033821	5.197621275737379e-05	0.0608187267232622	-0.047824438547984	0.0022871769224298	0.0036989175202388	0.0005392065430924	-0.0006783786103531	2.9074369611365624e-07	4.6019753898473866e-07	0.0003752035240807	0.000147154564844	2.1654465954427003e-08	1.4077768448257646e-07	-0.001099600687171	-0.0003584613184762	1.2849451684369577e-07	1.2091216712269355e-06	0.0	0.0	0.0	0.0	0.0	0.0
2205.44045265184	6.344466503233434	4863967.590193153	40.25225521065108	2619.2495191734256	51.52611000119259	6860468.043690221	2654.9400118549997	2572.2075609679614	-8.87441316657123	78.75520905101281	6616251.736700749	2562.334778432377	1906.6303457791687	1.160234	25.714207	0.117801463453982	0.0568678587901676	-0.047166258	0.0417730409	0.045468763	0.0561425667	-0.0470490351	0.0774729652	-0.0432419342	0.070902765	0.0275169273	-0.0390503135	-0.0959657931	0.0434591093	-0.1182498914	-0.0323491621	-0.0942641048	-0.0173612496	0.0274033016	-0.0623867812	-0.0989162894	0.0312615361	0.0904270862	0.0604777881	0.1041330157	0.0737728729	-0.0079241589	0.0386205284	0.0368729848	0.0341383948	-0.0426011327	0.1063447417	0.067763433	-0.067093499	0.0313226698	0.0064597126	0.066726373	-0.1114694474	0.0525852555	-0.0984903585	0.0282392625	-0.055268835	0.0154979376	-0.0322284662	-0.0396193049	-0.0135896693	0.0584708028	-0.0112815767	0.1002051729	-0.0269654603	0.0555476904	0.0489422796	0.0777853678	0.000821007	0.0029957565	0.0910979439	0.0898654396	0.0856447597	0.0787565141	0.06941525	0.0579119187	0.0446048127	-0.0106098589645711	0.0207284380741441	0.000112569107248	0.0004296681449936	-0.0099346574801586	0.0081295752293187	9.869741924807122e-05	6.608999340915219e-05	0.0307979342030648	-0.0300207925201973	0.0009012479835407	0.0009485127511763	0.0009319769184659	0.0003927703753734	8.685809765531947e-07	1.5426856777104004e-07	-6.184992883073726e-05	-0.0004370534529114	1.910157207018099e-07	3.825413696367263e-09	-0.0007509713628495	0.0003486293243215	1.2154240577686564e-07	5.639579878200354e-07	0.0	0.0	0.0	0.0	0.0	0.0
2207.31000292109	1.8695502692498849	4872217.448995503	3.495218209252317	2568.409287780296	-50.84023139312967	6596726.269556087	2584.7291281069674	2576.29706426498	4.089503297018382	16.724037216324216	6637306.563340354	2563.7788466156508	1877.4873596066327	1.150556	25.499706	0.0461220531125039	0.0406408957820103	-0.0607160348	0.0252733522	0.0256509582	-0.0699408738	-0.0666918184	-0.0614473257	0.1083292967	0.0144365857	-0.0912225161	-0.0117888751	0.0224127272	0.0277904849	0.0394230577	-0.0098867281	-0.053997293	-0.0521437268	-0.1173085061	-0.09071703	-0.0645314573	0.0584607951	0.0189544844	-0.0479275718	-0.0259158621	0.02178833	-0.0981407297	-0.0771339681	-0.0430229131	0.110155225	-0.000539393	0.0816605626	0.0741551473	-0.0606327363	0.0346828928	0.0381401756	0.0725441234	0.0869078735	0.1067440537	-0.0776928614	-0.0618425103	-0.0699076593	0.0388360099	0.0003629745	-0.0245169854	-0.0049680122	0.0236889637	0.0378743127	0.0114537452	-0.061166215	0.0131305022	0.0337225077	0.0320270158	0.0173806806	0.1013740576	0.0114461708	0.0896476797	0.084788324	0.0768835629	0.0662173176	0.0531726956	0.0382182304	-0.0098422709021264	0.0007675880624447	9.687029651084402e-05	5.891914336076088e-07	-0.0120753794957551	-0.0021407220155965	0.0001458147899665	4.582690748059546e-06	-0.0096644878443683	-0.0404624220474331	0.0016372075979446	9.340232529394265e-05	0.0009329785997495	1.0016812835999958e-06	8.704490675905377e-07	1.0033653939145354e-12	-6.182508256924457e-05	2.484626149268365e-08	6.173367101628146e-16	3.822340834693909e-09	-0.000696971470654	5.3999892195499984e-05	2.9159883571256203e-09	4.857692309055996e-07	0.0	0.0	0.0	0.0	0.0	0.0
2205.472366915953	-1.8376360051370284	4864108.361229856	3.3769060873759766	2614.6977930432968	46.28850526300084	6836644.548945487	2142.6257194828568	2578.329468333393	2.0324040684131432	4.130666297302296	6647782.847276357	2566.21790871542	1889.9316310319743	1.157926	25.66305	0.1032359716677553	0.0489052961560313	-0.0672827407	0.0246477011	0.0547869404	0.0261062028	-0.0398866907	0.0584726181	0.0112695341	0.053930426	0.0326910432	-0.0093047934	0.0268897622	-0.0041641437	-0.0764521828	0.0500631986	-0.0822508082	0.0189604582	0.0749578358	-0.0204089435	-0.066449519	-0.087436985	0.0328071136	-0.0170641458	0.0816066082	-0.0182886931	-0.0263800065	0.0575722051	0.056010099	-0.0118398012	-0.0873830443	0.1251886405	0.0608617104	-0.0627436571	0.0269455349	-7.32623e-05	0.057042807	-0.0907775414	-0.028477555	-0.0701653055	0.0292796626	-0.0415894568	0.0331279576	0.020695658	0.0116662062	-0.0426597972	0.0965998283	0.1061651394	0.0534109637	-0.0009360947	0.0840603727	0.0130215936	-0.1023299669	0.0317981213	0.0525520803	-0.0186407227	0.0894145591	0.0838737786	0.0748920628	0.0628378881	0.0482057789	0.0315960199	-0.0139793965082333	-0.0041371256061069	0.0001954235267344	1.7115808280705392e-05	0.0074128727879383	0.0194882522836934	5.495068297015614e-05	0.0003797919770728	-0.001110632377788	0.0085538554665803	7.31684433431457e-05	1.2335042785910267e-06	0.0012894989236198	0.0003565203238703	1.6628074740166228e-06	1.2710674133258366e-07	0.0002940073628912	0.0003558324454604	1.2661672924236026e-07	8.644032943423778e-08	1.1810526242750668e-05	0.0007087819968967	5.023719191249456e-07	1.3948853013070223e-10	0.0	0.0	0.0	0.0	0.0	0.0
2196.5489438720965	-8.923423043856474	4824827.262825622	79.62747881962873	2617.618445476503	2.9206524332062145	6851926.326098824	8.53021063559338	2565.7097419948755	-12.619726338517468	159.25749285907145	6582866.48016741	2555.863436539447	1887.986233533015	1.107814	24.552404	0.1787467852600763	0.1072479452219983	-0.0872166524	0.039607158	-0.0412707128	0.0349326944	0.0122010477	0.0967613007	0.0027830151	0.0123108609	-0.0236455439	-0.1005891708	0.0766331917	0.0667620756	0.0024691357	-0.0421649697	-0.1323748622	0.0543819802	0.0834265345	-0.1272557045	-0.1961877866	0.0038077909	-0.0191509377	-0.0881105227	-0.0095866822	0.0893225827	-0.0526729543	0.0731953235	0.0393409726	-0.0079698819	-0.0984278824	0.2248679838	0.0766985215	-0.0969828535	0.0103878077	-0.0150068535	0.0771046273	0.0263041214	0.0951013866	0.0108489414	0.0694033613	0.0125813673	0.0682344833	-0.0235587468	-0.0345840183	0.0260472477	0.0052373317	0.0567255432	-0.0516728246	-0.0737884838	0.0413959543	-0.0749663791	-0.0241146615	-0.0204040068	-0.0282350558	0.0664832382	0.0891661178	0.0829017503	0.0727850846	0.0592862243	0.0430324377	0.0247790096	-0.0316329719472321	-0.0176535754389988	0.0010006449142143	0.0003116487257804	-0.027207332222602	-0.0346202050105403	0.000740238926671	0.0011985585949718	0.0481767277784186	0.0492873601562066	0.0024292438711676	0.0023209970994358	-0.0001520087629467	-0.0014415076865665	2.310666401258604e-08	2.0779444104303037e-06	0.0003559960370755	6.198867418429998e-05	3.842595727127299e-09	1.2673317841346077e-07	5.202705857856274e-05	4.021653233581207e-05	1.617369473117418e-09	2.7068148243371988e-09	0.0	0.0	0.0	0.0	0.0	0.0
2189.663985399651	-6.884958472445305	4794628.368956284	47.40265316729639	2592.2433625432373	-25.37508293326573	6719725.650649469	643.8948338701138	2550.667222329236	-15.042519665639247	226.2773978911435	6505903.279064741	2543.456292824667	1894.9557653458392	1.009913	22.382648	0.1600620809401959	0.0728599340321363	-0.1082147143	0.057016306	-0.0516907853	0.0303646636	0.0431644704	0.078919042	0.0723888086	-0.0071373821	-0.1722118366	-0.0228770296	0.1121697141	0.1616171282	-0.140887177	-0.0554078751	0.0598838299	-0.0005082618	-0.1056921386	-0.0501670573	0.0730462496	-0.0355587403	0.016683439	-0.1516348576	0.1059459011	0.1206452142	0.106093792	0.036756463	-0.0383205987	0.111830332	-0.0504019342	-0.0787034484	0.0827108077	-0.1014668975	0.053241014	0.0279949214	0.0654605919	0.0403271543	-0.0348238324	-0.0740091572	0.0703370099	-0.0829059685	-0.0307664988	-0.0407619592	-0.0929925168	0.0148046685	-0.0907197068	0.0050077358	-0.0781415169	-0.0795575706	-0.0355248137	-0.071011275	0.0504733055	0.0378440407	-0.05352926	0.015469876	0.0889023983	0.0818729053	0.0705658771	0.0555720611	0.037674825	0.0178092284	0.0017764252842198	0.0334093972314519	3.155686790415397e-06	0.0011161878233689	-0.049397592570088	-0.022190260347486	0.0024401221517204	0.0004924076542892	0.0078750701602174	-0.0403016576182012	0.0016242236067747	6.20167300283465e-05	-0.0008870257563081	-0.0007350169933614	7.868146923539567e-07	5.402499805300323e-07	0.000136831090657	-0.0002191649464184	4.8033273738623975e-08	1.8722747370384152e-08	0.0003810604336598	0.0003290333750812	1.0826296191735017e-07	1.4520705410099486e-07	0.0	0.0	0.0	0.0	0.0	0.0
2197.077365471667	7.41338007201557	4827148.94986792	54.95820409215759	2600.125797650286	7.882435107048877	6760654.163606537	62.13278321683665	2565.152648365826	14.485426036589615	209.82756746150832	6580008.10941821	2554.8303879034324	1869.7122852513048	1.022194	22.654835	0.0984411878376426	0.0604251036726172	-0.1234111333	0.0113223374	-0.0535450832	-0.0044288852	0.0247692735	0.0204803137	0.0148928853	0.0546031611	-0.0993113671	-0.1092689234	0.0082322784	0.1023988521	0.0281363203	-0.1107269849	-0.0656338737	0.0256448421	-0.0918993777	-0.0233629349	0.0074068005	0.0376630473	0.0175058044	-0.0513677124	-0.0393821118	0.1422757912	-0.0580416216	0.011752689	-0.0926507186	0.074612435	-0.0182157445	-0.0091440718	0.0822099496	-0.1204536067	0.0588526519	-0.0305468734	0.0691088733	0.0054383508	0.0865083808	-0.0024521452	-0.0165460091	0.0433378187	-0.0583627293	-0.1089014011	-0.0767149683	0.0204681199	-0.0160872827	-0.035551337	0.0332465673	0.046003567	-0.0565046824	-0.0651356646	0.0056964396	0.0875539123	0.0539149699	-0.0355627055	0.0886234459	0.0807879487	0.0682378621	0.0517055788	0.0321558829	0.0107296473	-0.0090413361870531	-0.0108177614712729	8.174576004731588e-05	0.0001170239632493	-0.0526213628984066	-0.0032237703283185	0.0027690078332858	1.0392695129747385e-05	0.0635002720427735	0.0556252018825561	0.0030941630844751	0.0040322845495062	-0.0007860363029543	0.0001009894533537	6.178530695620641e-07	1.019886968869933e-08	0.0004079307320699	0.0002710996414129	7.349501557420297e-08	1.6640748216708457e-07	0.0001776604453166	-0.0002033999883431	4.1371555258013894e-08	3.156323383009262e-08	0.0	0.0	0.0	0.0	0.0	0.0
2199.5096048208866	2.432239349219799	4837842.501699333	5.915788251893151	2577.8153737774333	-22.31042387285288	6645132.101283288	497.7550133863637	2570.353548662378	5.200900296552391	27.049363894678745	6606717.365121281	2552.39606333248	1856.2676393227496	1.183899	26.238693	0.0780998427460936	0.0413359697834832	-0.1282585957	-0.0544508676	0.0713120573	-0.0763503063	-0.0790901493	-0.0842330965	0.0608674251	0.1279061625	-0.0870438971	0.0177709153	0.0425626852	0.0039987024	-0.0483597875	0.0469819734	-0.2035848614	-0.0650571098	-0.1749284045	0.0549043778	-0.0593468471	0.044947697	0.023205566	-0.0723048217	0.1062258423	0.0025354584	-0.2209262244	-0.0030372698	-0.0012999708	0.1235186526	0.0632525626	-0.0004927369	0.0773415385	-0.1344683403	0.0338863566	-0.0332654944	0.058185036	0.0255993557	-0.0738355642	-0.0555074959	-0.0815684693	0.0096072046	0.101769241	0.0596053434	0.0215030482	-0.0235146878	0.0591613715	-0.022973984	0.0335970953	0.0671885276	-0.0317193497	-0.1153783265	0.0450657942	-0.0437159042	0.1480179316	0.0503620659	0.0883293083	0.0796476241	0.0658046293	0.047697375	0.0264992443	0.0035839144	-0.0190729417588357	-0.0100316055717826	0.0003637771073359	0.0001006331103478	-0.0199575299664616	0.032663832931945	0.0003983030023622	0.001066925981806	0.0474792674525375	-0.016021004590236	0.0002566725880803	0.0022542808378295	-0.0008150760674587	-2.9039764504399908e-05	6.643489957439392e-07	8.433079224710047e-10	0.000740417101896	0.0003324863698261	1.1054718612013817e-07	5.482174847800717e-07	0.0002038023040287	2.6141858712099995e-05	6.833967769233985e-10	4.1535379127406665e-08	0.0	0.0	0.0	0.0	0.0	0.0
2212.948046068847	13.438441247960329	4897139.054599928	180.5917031748815	2617.0993475295204	39.28397375208715	6849208.994839441	1543.230593754672	2564.197008605397	-6.156540056981157	37.90298547321355	6575106.298940866	2554.276852667136	1897.1243491501104	1.241983	27.525988	0.0940480558549488	0.0563512712999627	-0.139793119	-0.0129253483	-0.0785007915	0.0335567618	0.0142152397	0.0878537286	0.0039263207	0.1608621425	0.0094095992	-0.124839551	-0.0435001784	0.1372656064	-0.0598177492	-0.0963468198	0.0165066675	0.0392425417	-0.207803281	0.0203603002	-0.0417360484	0.0669023489	0.0667246781	-0.019858658	0.0286250684	0.1525314724	0.0146893215	0.0363595822	-0.1517760321	0.1442334715	0.0908663193	-0.0138579766	0.0832586905	-0.1347133273	0.0479538754	-0.0163007335	0.0470075154	-0.0248456208	0.016862236	0.0132617218	0.0568191232	0.079821569	-0.0782795694	-0.1039894078	0.0610691997	-0.0195980545	-0.0422612883	0.0252626831	-0.0539347963	-0.0818426602	-0.0038311785	-0.0461451806	0.1028078091	-0.0368136301	0.0346944845	-0.0421503685	0.0880200359	0.0784527129	0.0632699305	0.0435584361	0.0207291319	-0.0035839144	-0.0172061243232661	0.0018668174355695	0.0002960507142276	3.4850073377466485e-06	-0.0105485710630119	0.0094089589034497	0.0001112723514714	8.85285076468054e-05	9.61459571229284e-05	-0.0473831214954145	0.0022451602026492	9.244045071083984e-09	-0.0009480264876942	-0.0001329504202355	8.987542213698013e-07	1.7675814240796077e-08	0.0002108820764519	-0.0005295350254441	2.8040734317208364e-07	4.4471250168665e-08	0.0002491000187594	4.52977147307e-05	2.051882959823876e-09	6.205081934593344e-08	0.0	0.0	0.0	0.0	0.0	0.0
2209.5349724420907	-3.4130736267561588	4882044.794444671	11.64907158165844	2609.5764989488907	-7.52284858062967	6809889.50386635	56.59325076708185	2571.7856322122275	7.588623606830424	57.587208246144	6614081.338053247	2561.962064949411	1911.3631849570352	1.155654	25.61268	0.0632016306535476	0.0379427293772787	-0.1493014621	-0.0290177028	-0.050042668	-0.0376229432	0.0695137913	-0.0407474574	0.0524624992	0.0862834983	-0.0012132929	-0.1218889124	0.0678370984	0.0408808736	-0.0034571881	-0.0134709289	-0.0733404421	-0.014182982	-0.1621095228	0.0126694718	0.0284916006	0.114908218	-0.013322524	-0.0961859249	0.016390216	0.0398786397	-0.090944945	-0.0258513781	-0.0903296338	0.0794726546	0.0508188819	-0.0284749821	0.0845250791	-0.1347968312	0.0735352074	-0.0273698545	0.0433160142	0.1117857932	0.0201911214	-0.028847426	-0.0861095346	0.0186076754	-0.0411881286	0.0581424239	-0.03966134	-0.0205651088	-0.0290818482	-0.0172026303	0.0168522162	-2.3504e-05	0.0543030194	0.0308582891	0.0183361197	-0.0145425223	-0.0842251364	-0.1656866099	0.0876956817	0.0772040342	0.060637674	0.0393001065	0.0148702542	-0.0107296473	0.0065854251089803	0.0237915494322464	4.33678238659882e-05	0.000566037824387	-0.0119924256059391	-0.0014438545429272	0.0001438182719139	2.084715941131517e-06	0.027059334579647	0.026963188622524	0.0007270135406938	0.0007322075878932	-0.0009190468297029	2.897965799130006e-05	8.446470751869513e-07	8.398205772927212e-10	0.0002102979254525	-5.841509994000021e-07	3.412323901000213e-13	4.4225217449625245e-08	0.0004395969708857	0.0001904969521263	3.6289088769409845e-08	1.93245496811883e-07	0.0	0.0	0.0	0.0	0.0	0.0
2204.150279120854	-5.384693321236682	4858278.452948539	28.99492216377093	2594.336287869752	-15.24021107913859	6730580.774557806	232.26403373669865	2575.360202054365	3.5745698421374072	12.777549556318249	6632480.170325499	2559.372974033043	1885.02358798668	1.198704	26.566811	0.1214734009729817	0.0579160711100914	-0.1663277478	-0.050358755	0.077946371	0.0071004243	-0.0875908508	0.0227050166	0.0340476062	0.0936811535	-0.0285316899	-0.0901836323	-0.0617460301	-0.0049749113	-0.1365883468	-0.0595167874	-0.1580636439	0.0406335132	0.0153581806	-0.0544906343	-0.1498371994	-0.0181951684	0.0511983682	0.0524251977	0.1429798936	0.1024804135	-0.1033180404	0.0390410889	-0.0120838853	0.0168141478	-0.08518434	0.1569144556	0.0840188887	-0.1205475793	0.0501857866	-0.03513971	0.0865158425	-0.0932341704	-0.0744354506	-0.0453531468	-0.0586751554	0.063236129	-0.0408385756	0.0500638903	-0.0565201957	0.0776077994	0.1073352091	-0.0342084281	0.0202489312	0.0256101331	0.095500791	0.0601722101	-0.0963633101	-0.0851055085	0.0738842667	-0.099587903	0.0873563013	0.0759024438	0.0579119187	0.034934058	0.0089476998	-0.0178092284	0.035369987611304	0.0287845625023237	0.0012510360236237	0.0008285510384501	-0.0076291347563426	0.0043632908495965	5.8203697130434656e-05	1.9038307038172552e-05	0.0038867636560055	-0.0231725709236415	0.0005369680432111	1.5106931717645242e-05	-0.0004579810634209	0.000461065766282	2.097466544521384e-07	2.1258164083720785e-07	-0.0003130272007629	-0.0005233251262154	2.738691877283644e-07	9.798602841745693e-08	0.0001209283294347	-0.000318668641451	1.0154970304422601e-07	1.4623660859867331e-08	0.0	0.0	0.0	0.0	0.0	0.0
2203.155199530825	-0.995079590029036	4853892.83321971	0.9901833904923542	2603.835666336176	9.499378466423876	6779960.177284358	90.23819124835764	2575.7726238845685	0.4124218302035842	0.1700917660284741	6634604.609953195	2563.764356669441	1901.2722697023485	1.23535	27.378992	0.2289239669456698	0.111390604078982	-0.1842860154	0.014192337	-0.0505093789	0.0570810983	0.0368011099	0.1296826086	0.0923752311	-0.004101167	-0.0768459321	-0.162216772	0.0367989248	0.0405367479	0.0598121284	-0.0537940289	-0.0756778202	0.0476720513	0.0260649023	-0.0850101609	-0.1923438688	-0.141736104	-0.0203364657	-0.0506526165	-0.0646489996	0.0798947545	-0.0448933897	0.1010792639	0.0150283857	0.0632620055	-0.1116233645	0.2078037212	0.086722073	-0.0989414793	0.0289537625	0.0208907148	0.1067895308	0.0822665379	0.0371081085	0.0496519474	0.0572736759	0.0811470319	-0.0593038875	0.0542209893	-0.0007027524	0.1214942176	0.0224389124	0.0256008452	-0.1161812518	-0.111929203	0.0393725168	0.0366015266	-0.0794927703	-0.0632298856	0.084338623	-0.0185007217	0.0870019529	0.0745488335	0.0550968674	0.0304722578	0.00298683	-0.0247790096	0.0015473570712316	-0.0338226305400723	2.3943139058904345e-06	0.0011439703366502	-0.0154250498655557	-0.0077959151092131	0.0002379321633548	6.07762923900571e-05	-0.0654150482353088	-0.0693018118913143	0.0048027411314191	0.0042791285356277	0.0004353460693942	0.0008933271328151	1.895262001369796e-07	7.980333662236473e-07	-0.001409893728117	-0.0010968665273541	1.2031161788298426e-06	1.9878003245836533e-06	0.0004908068573669	0.0003698785279322	1.368101254252913e-07	2.408913712383725e-07	0.0	0.0	0.0	0.0	0.0	0.0
2206.6060907844408	3.450891253615737	4869110.439886992	11.90865044428159	2597.3184600131203	-6.517206323055689	6746063.182724927	42.47397825727705	2573.609947274584	-2.162676609984373	4.677170119373502	6623468.160710688	2561.363306064293	1890.649582484511	1.194696	26.47798	0.1082627216801651	0.0551466134710644	-0.197608698	-0.0615467946	0.0186157412	-0.062043843	-0.0372397847	-0.0698925865	0.0336482286	0.114954827	-0.0629412103	-0.0456484675	-0.0580819639	0.0252270929	-0.1171809596	-0.020280604	-0.0543217688	-0.0344064597	-0.1367999638	-0.0556111273	-0.0292627621	-0.0980910544	0.0678884707	0.0041209589	0.1221743751	0.0722158139	-0.0676673962	-0.0229866041	-0.0759972183	0.0997793681	-0.0346649034	0.0181469838	0.0817241757	-0.126683855	0.0376798676	-0.0099207499	0.0579685566	0.0061432714	-0.1633877003	-0.0635441816	-0.0925039276	0.0380190056	-0.1079900161	0.0521080705	0.0166229439	0.0302826817	-0.104159022	0.0169658307	-0.1386733229	-0.0251378319	0.0713504668	-0.0988508129	-0.0315200978	-0.0399315653	0.0189796842	-0.034305061	0.0866326972	0.0731441312	0.0521968607	0.0259269352	-0.00298683	-0.0315960199	0.0032069610517453	0.0016596039805137	1.028459918741132e-05	2.7542853721369173e-06	0.00230158953498	0.0177266394005357	5.297314387529453e-06	0.0003142337444366	-0.0541876823067681	0.0112273659285407	0.0001260537456933	0.0029363049137792	-0.0001998973875658	-0.00063524345696	3.9958965555631656e-08	4.035342496104914e-07	-0.0006840299903567	0.0007258637377603	5.268781657953535e-07	4.6789702770738725e-07	0.0002989318046757	-0.0001918750526912	3.6816035845250795e-08	8.936022384667084e-08	0.0	0.0	0.0	0.0	0.0	0.0
2212.8958285231365	6.289737738695749	4896907.9478950985	39.56080082157351	2607.7561873807254	10.43772736760502	6800392.332822457	108.94615260045084	2578.3100658731723	4.700118598588233	22.09111484079501	6647682.795782922	2563.55204317687	1916.180152242692	1.155403	25.607132	0.1030419890632335	0.0582601047900843	-0.2125157671	-0.0277397028	0.0436837212	0.090431775	-0.1037182796	0.0720327059	0.0109424775	0.087832885	-0.0089563265	-0.1384011121	-0.0652082901	0.0444303036	0.0797883351	-0.1262139139	-0.1212816755	0.0094363796	-0.1159416664	0.0843357477	-0.009656221	-0.0827984695	0.0244975638	0.0336850364	-0.0566783254	0.1463764567	-0.1343140428	0.1071756438	-0.0113945093	0.0936899715	0.0373476705	-0.0297094881	0.0909736157	-0.1264364415	0.0243906862	0.0183986058	0.080295543	-0.0484873206	0.0381331086	0.0632617442	0.0048171405	0.0597434001	-0.1169362267	0.0954664897	0.0840227791	0.1201592268	-0.001589724	-0.0466452027	-0.0060472214	0.0225335817	-0.0329652918	-0.083889633	-0.1389208623	-0.0465318308	-0.0190254869	0.0293347436	0.0862485974	0.0716892996	0.0492163702	0.0213105486	-0.0089476998	-0.0382182304	-0.0015182038273309	-0.0047251648790761	2.304942861322193e-06	2.2327183134455197e-05	0.0023648916335758	6.330209859579982e-05	5.592712438556816e-06	4.007155686632361e-09	-0.0976499337880483	-0.0434622514812802	0.001888967303822	0.0095355095688102	5.087475990952752e-05	0.0002507721474753	2.588241195852069e-09	6.288666994938742e-08	-0.0012069841837591	-0.0005229541934024	2.734810883971549e-07	1.4568108198446212e-06	0.0006210308758836	0.0003220990712079	1.0374781167299184e-07	3.856793488007514e-07	0.0	0.0	0.0	0.0	0.0	0.0
2212.5885407623646	-0.307287760771942	4895548.05071293	0.0944257679202342	2607.3831572787453	-0.3730301019800208	6798446.928860879	0.1391514569832247	2577.310167785085	-0.9998980880873204	0.9997961865606788	6642527.700968383	2563.866057649206	1896.811252506444	1.191632	26.410078	0.1233290610424978	0.0696493800879841	-0.2286772409	-0.0179552867	-0.0338555602	-0.0325822492	-0.0197036932	-0.0732031475	0.0376136429	0.1225966487	-0.0902605871	-0.0337432199	-0.0021542889	0.0019231393	-0.0483583617	0.0054606227	-0.1227075356	-0.0454376902	-0.1132958216	0.0859054427	-0.0206272608	-0.090850198	0.040151371	-0.0459868186	0.0938190562	0.0324204979	-0.1361960779	-0.0221021495	-0.0249879857	0.0666638815	0.0620779739	0.0402470994	0.0957642275	-0.1194657581	0.0050703088	0.05733515	0.066124129	0.0950554988	-0.1385513566	-0.0243264706	-0.0174367458	0.0265124585	-0.0731487822	0.0132769284	0.0388113306	0.1154983693	0.0296556094	-0.0426405777	-0.0283985688	-0.1667676601	-0.1582520355	0.0049961454	-0.062450001	-0.1154909456	0.0168106323	-0.020144383	0.0858497193	0.0701853358	0.0461599916	0.0166357513	-0.0148702542	-0.0446048127	-0.0068237394896613	-0.0053055356623304	4.6563420622763055e-05	2.8148708664259675e-05	0.0023381543316389	-2.673730193689973e-05	5.466965678561752e-06	7.14883314864942e-10	-0.1641100159208974	-0.0664600821328491	0.004416942517105	0.0269320973255572	-0.0002971536996312	-0.0003480284595407	8.830032120450945e-08	1.2112380865029182e-07	-0.000785131195562	0.0004218529881971	1.779599436508227e-07	6.164309942446154e-07	0.0008818835470534	0.0002608526711697	6.80441160564198e-08	7.777185905634863e-07	0.0	0.0	0.0	0.0	0.0	0.0
2204.501277138975	-8.08726362338939	4859825.880907373	65.40383291419728	2613.915587912989	6.53243063424361	6832554.700734506	42.67264999120437	2567.803811729501	-9.506356055584092	90.37080545554034	6593616.4155325545	2556.220878025743	1880.332886567663	1.312928	29.098345	0.3309109045874923	0.2411697603390802	-0.2414679207	-0.1305435442	-0.0410676005	-0.0394519712	0.0243956497	-0.0782899533	-0.0361480466	0.1193470502	-0.0788486204	-0.2160057381	-0.0340766677	0.0915137079	-0.0154731597	-0.1771329467	-0.1205970809	-0.0154315224	-0.081234291	-0.035256587	0.0222611707	0.090757218	0.0059150035	-0.0091038783	0.0070786988	0.2215422993	-0.1032201592	-0.0565680633	-0.1030982472	0.0364102351	-0.0066846115	-0.0291201417	0.0815797104	-0.179240105	0.0696680451	-0.1011301706	0.0741303818	-0.0134931958	-0.043943176	0.0506747037	-0.1132106756	0.1776157581	-0.079669495	-0.0003032034	-0.0256272287	0.0308138941	-0.0677798829	-0.0245576174	-0.0272041774	0.0161889366	-0.0674918598	-0.0211207533	0.0314834196	0.0127539367	-0.0169722177	-0.1403751079	0.0854361313	0.0686332704	0.0430324377	0.0119153566	-0.0207291319	-0.0507163915	0.003992544844749	0.0108162843344103	1.5940414337331816e-05	0.0001169920068028	0.0062118085168805	0.0038736541852416	3.858656505038912e-05	1.5005196746839763e-05	0.059677307773768	0.2237873236946654	0.0500807662464209	0.003561381063125	-0.0013529074179713	-0.00105575371834	1.8303584816017696e-06	1.114615913788947e-06	-0.0003668436474921	0.0004182875480699	1.749644728703289e-07	1.345742617053081e-07	0.0005072519659999	-0.0003746315810534	1.403488215226451e-07	2.573045570107637e-07	0.0	0.0	0.0	0.0	0.0	0.0
2215.453245154885	10.951968015909642	4908233.08146731	119.94560342150778	2607.115250216186	-6.800337696803126	6797049.927909805	46.24459279056165	2584.4438482162054	16.640036486704503	276.89081427885714	6679350.004582589	2573.044333936348	1862.652025716813	1.626156	36.040405	0.5384558784823652	0.259842885487374	-0.217606105	-0.2396659741	-0.0830480842	0.0319017588	-0.0559782532	-0.0300329344	-0.1329245658	0.184550582	-0.1606937332	0.0150645253	0.0276645982	-0.1001415017	0.0066893004	0.0067104057	-0.1814140177	0.0580561053	-0.2131759854	-0.0461015865	-0.025759264	-0.0807413211	-0.0765332966	0.0164290236	0.0704987569	-0.0182781015	-0.2209198517	0.1411479455	-0.1323650394	0.1301222575	-0.10885815	-0.0912471685	0.0128241964	-0.1970597033	0.0024720533	-0.2537502717	0.0415941202	0.1114989703	-0.1668028575	0.1783389523	0.0786820442	0.4214332504	0.0127307817	0.0700894088	0.2803646668	-0.0830823076	-0.1274553826	0.092953592	0.0990380104	0.06487051	-0.070576258	0.147091135	0.0859262798	-0.0425850358	-0.1782228733	0.0702070442	0.0850079043	0.0670341672	0.0398385309	0.0071623028	-0.0264992443	-0.0565152869	-0.0764272033144664	-0.0804197481592153	0.0058411174064707	0.0064673358939916	0.085582224202696	0.0793704156858155	0.0073243170994805	0.0062996628861391	0.2398672486057123	0.1801899408319442	0.0324684147770195	0.0575362969536745	0.0002287826031945	0.0015816900211658	5.234147952445205e-08	2.5017433230554686e-06	0.0017610282087054	0.0021278718561975	4.527838636397394e-06	3.10122035185615e-06	0.0002472983672554	-0.0002599535987445	6.757587350021651e-08	6.11564824471867e-08	1.0	0.0	0.0	0.0	0.0	0.0
2191.9927724057907	-23.46047274909415	4804832.314279225	550.3937816109893	2588.106568314647	-19.008681901538694	6698295.608953419	361.3299876338847	2561.0161429588948	-23.427705257310663	548.8573736234217	6558803.684496054	2547.242745221248	1822.585280283944	4.011197	88.89992499999998	4.510246616343217	2.956075149558091	0.1258940725	-0.4993265939	-0.0571606774	-0.0574322239	0.0377642565	-0.2428982307	-0.534653468	-0.2841472158	-0.3486372577	-0.2286341627	0.4057699959	-0.3852028318	-0.1164821382	-0.4927032919	-0.0874570658	-0.0610433066	0.183102269	-0.0142854311	0.298587401	-0.1198823767	-0.7137682728	0.073799967	0.1832541285	0.2103548779	-0.02622337	-0.0376145666	0.2036830501	-0.1797862643	-0.2180256188	-0.2593724629	-0.5314884858	-0.3325173885	-0.6279147169	-0.3068480169	0.0428806759	0.0283667291	0.1324767115	-0.1382763073	-0.0003069473	-0.1577120846	-0.1323493481	0.003425112	-0.0331540796	-0.0469007964	-0.0134306206	-0.0042396377	0.0044018981	-0.0058985922	0.0125517116	0.0077779112	-0.0186200577	-0.0083959766	0.0389544154	0.0163644749	0.0845651116	0.0653891221	0.036583196	0.0023896175	-0.0321558829	-0.0619657467	-0.0424237736382622	0.0340034296762042	0.0017997765697105	0.0011562332297445	2.8010931283140508	2.7155109041113548	7.846122713488195	7.373999470347667	0.81626991596967	0.5764026673639577	0.3322400349442853	0.6662965757171322	0.0117539041420997	0.0115251215389052	0.0001381542625816	0.0001328284264865	0.0058131216575685	0.0040520934488631	1.641946131831925e-05	3.3792383405691945e-05	-0.0078620789488103	-0.0081093773160656	6.576200045432092e-05	6.181228539732606e-05	0.0	1.0	0.0	0.0	0.0	0.0
2225.6574616823773	33.664689276586614	4953551.136742443	1133.3113040891258	2599.1894391474834	11.082870832836306	6755785.740575809	122.83002589733373	2594.527465260357	33.511322301462314	1123.0087223924854	6731572.767990333	2579.8508500896514	1982.194736818408	4.356762	96.558647	1.688349134579562	0.947727030970937	0.221681935	-0.5336261703	-0.1606681242	0.2521434336	-0.1572887559	-0.0316181665	-0.4535257996	-0.3709873398	0.0842610701	0.14344551	0.0476821865	-0.5231128841	-0.1447341096	-0.2653769969	0.387991344	0.1324656942	-0.1949390243	0.1770702283	-0.2749023785	0.1811192733	-0.4947012383	0.359161638	0.1408730726	-0.098174785	0.2223732862	0.0791303806	-0.2262263628	0.1859991505	0.3847644891	0.2929679667	-0.6940704643	-0.2186688589	0.4484585412	0.4525220886	0.0545661898	-0.0310320177	-0.0319877164	0.0201836824	0.0351884477	0.0902155892	0.1330461079	-0.0404676088	0.0260720744	0.0249132518	0.0248416065	-0.0200794398	-0.0025330801	0.0247790895	0.0107439535	0.0066115316	0.0030024861	0.0210998398	-0.0286101852	-0.0074034018	0.0841078291	0.0636992625	0.0332714524	-0.0023896175	-0.037674825	-0.0670341672	0.1187318064512084	0.1611555800894706	0.0140972418631672	0.0259711209939737	2.1042654306278763	-0.6968276976861745	4.4279330025355215	0.4855688402626145	0.2269056504367981	-0.5893642655328719	0.3473502374871015	0.0514861742001464	0.0127918624898048	0.001037958347705	0.000163631745958	1.0773575315707e-06	0.0030821867925159	-0.0027309348650526	7.458005237159862e-06	9.499875423959452e-06	-0.0089132175614735	-0.0010511386126632	1.10489238303152e-06	7.944544729815962e-05	0.0	0.0	1.0	0.0	0.0	0.0
2209.319901950957	-16.337559731420242	4881094.4291565865	266.9158579777243	2609.206819723581	10.017380576097366	6807960.228092043	100.3479136063728	2599.9865369884246	5.459071728067556	29.801464132186496	6759929.992521061	2589.574410460425	1975.07083258707	4.322256	95.7939	2.8382583014239984	1.7651349891426344	0.3072854206	-0.0048270588	-0.0096686005	-0.0703859753	0.0452743719	-0.0639226528	0.0096326925	-0.2157760415	0.2252834199	0.1276360151	-0.1342578292	-0.2124422604	0.0303796204	0.1380359195	0.1758345286	-0.1792868716	0.0684736664	-0.1689336675	0.056261974	0.047775434	0.017482374	0.1961277187	-0.0535154158	-0.238460878	0.1191274536	-0.2351307049	0.0292093587	0.0113929148	-0.1208428433	-0.0117377765	-0.164265271	0.3393097944	0.0452213312	-0.1610025156	0.1108662067	0.0100620201	-0.0420992032	-0.1139512922	-0.0599464417	0.20359718	-0.0771696055	0.1171774436	-0.2887572611	0.1165026919	0.1225699256	0.3391341377	0.06603235	-0.117615333	-0.2090037649	-0.2042192969	-0.1479995373	0.0151510316	-0.0926144275	-0.1563732881	0.0836361352	0.0619657467	0.0299084066	-0.0071623028	-0.0430324377	-0.0716892996	0.1385903784167226	0.0198585719655141	0.0192072929896903	0.0003943628805095	0.6141987135220859	-1.4900667171057904	0.3772400596921853	2.2202988214264274	0.0578561263940642	-0.1690495240427339	0.0285777415790748	0.0033473313613259	0.0120446760184361	-0.0007471864713686	0.000145074220389	5.582876229964086e-07	-0.0061418847506862	-0.0092240715432021	8.508349583411077e-05	3.772274829071168e-05	0.0043011941901549	0.0132144117516284	0.0001746206779415	1.8500271461422266e-05	0.0	0.0	0.0	1.0	0.0	0.0
2208.5477212653177	-0.7721806856393414	4877683.037106227	0.5962630112744434	2628.275288123211	19.06846839963009	6907830.990159147	363.6064871076914	2592.648497415245	-7.338039573179685	53.8468247775511	6721826.231149527	2577.7036002737577	1925.417200257348	1.365047	30.253464	0.6154904586345532	0.3214982230702175	0.2532182452	0.0361424124	-0.0743166143	-0.0646314874	0.1002301562	-0.0224724629	-0.0335466104	-0.0873556508	0.2314630746	0.0551651051	-0.029682657	-0.0973426175	0.185548801	0.0948394732	0.1541402505	-0.1802498617	0.0183381131	-0.096908226	-0.1308210453	-0.0324126573	-0.0167632438	0.0726109341	-0.2087290684	-0.1705002032	0.0709137571	-0.1447199888	0.0177467596	0.141261422	-0.1044000348	0.0701561424	-0.0991117344	0.2719774893	0.0354965038	-0.1404349694	0.1131580185	0.0727703121	0.0669154813	-0.0350602353	-0.0135446449	0.1484831144	0.0161199154	-0.0356130394	-0.0329924892	0.0082278125	0.0328328211	0.0963601202	-0.0168479818	-0.0589097139	-0.0549402753	-0.0439534604	-0.0724843792	0.0218159266	-0.0440463897	0.0113315664	0.0831501106	0.0601897627	0.0264992443	-0.0119153566	-0.0482057789	-0.0759024438	0.0813004637499545	-0.057289914666768	0.0066097654059576	0.0032821343225255	0.4695365558675348	-0.1446621576545511	0.2204645772959466	0.0209271398572701	0.0153250795062902	-0.0425310468877739	0.00180888994937	0.0002348580618741	0.0072312464643932	-0.0048134295540429	5.229092542879916e-05	2.3169104071733637e-05	-0.0042240181145192	0.001917866636167	3.678212434122524e-06	1.7842329031786337e-05	0.0036123435918556	-0.0006888505982992	4.745151467773034e-07	1.3049026225620218e-05	0.0	0.0	0.0	0.0	1.0	0.0
2220.4782418964533	11.93052063113555	4930523.622735564	142.33732252995102	2618.2077934905774	-10.067494632633498	6855012.049894798	101.35444817810428	2600.223929028992	7.5754316137472415	57.38716413456113	6761164.481094969	2583.4176439629227	1956.695399124896	1.201967	26.639128	0.1854904428164383	0.1072921290709798	0.2339050416	0.028103699	0.0434677868	0.0249568282	-0.0295341248	0.0295787834	-0.0531142023	-0.0370072231	0.1399861319	0.1488932508	-0.1155691164	-0.1464403923	0.0693417794	0.169047918	0.1125602931	-0.1505856707	-0.0912480847	-0.0193400873	0.1184002449	-0.0200161407	0.0609726237	0.1479528253	-0.046587705	-0.2415228881	0.022276054	-0.0790677409	0.0560160094	0.166023278	-0.0431461009	-0.1734302685	-0.0782407275	0.2352417388	0.0768273329	-0.1275826594	0.1167195694	0.0242923392	-0.017928871	-0.1384552354	0.0286559998	0.025748829	-0.0234000179	0.0689410029	0.0251891799	-0.0987655082	-0.0593390023	-0.0473674895	0.1064978239	-0.0885883777	-0.1139186732	0.0671329546	0.0303831575	0.0224251821	-0.0118667365	0.0801536706	0.0826498387	0.0583725276	0.0230492221	-0.0166357513	-0.0531726956	-0.0796476241	0.0767553174460431	-0.0045451463039114	0.0058913787562428	2.065835492395955e-05	0.4200510641025659	-0.0494854917649689	0.1764428964536979	0.0024488138952208	0.0008760631432522	-0.014449016363038	0.0002087740738593	7.674866309649246e-07	0.0055289497451598	-0.0017022967192334	3.056928528450262e-05	2.8978141203127974e-06	-0.0040237754123346	0.0002002427021846	4.009713977819048e-08	1.619076856890848e-05	0.0031746672455832	-0.0004376763462724	1.91560584086358e-07	1.007851212017882e-05	0.0	0.0	0.0	0.0	0.0	0.0
2216.989380265597	-3.488861630856263	4915041.912210436	12.172155479261024	2662.045833209089	43.83803971851148	7086488.018105872	1921.7737263617903	2584.138400856508	-16.085528172484373	258.74421658778846	6677771.27478123	2574.76811883645	1939.828194089796	1.217265	26.978161	0.1379176011243253	0.0679842938817223	0.2064118024	0.0593382902	-0.0654985883	-0.1003366974	0.1634741883	-0.0467258973	-0.0098184329	-0.0242822629	0.2797785433	-0.1369398743	-0.0528693288	-0.0289268721	0.0581188696	0.0204592628	0.0657679025	-0.1623770568	0.0705081894	-0.1213645107	0.0796737478	0.0889467688	0.0241363333	0.0631153345	-0.0948861333	-0.0646876738	0.072328143	-0.2167902542	0.0186793671	0.0258168163	-0.1013025468	-0.021517545	-0.0573593131	0.2191753485	0.0480076416	-0.1071034473	0.1230683562	0.004683338	0.0741284267	-0.0600840592	-0.0579517589	0.0645914469	0.0024095162	-0.0984985724	0.0455479141	0.0180918636	-0.0297576138	-0.0560710947	-0.0042362045	0.0848495888	-0.0346317251	0.0086400234	-0.0417753041	0.0703124941	0.063893768	-0.0011391057	0.0821354052	0.0565152869	0.0195636596	-0.0213105486	-0.0579119187	-0.0829017503	0.050407523152387	-0.026347794293656	0.0025409183903584	0.0006942062641408	0.4186523676018225	-0.0013986965007433	0.1752698048986115	1.956351901191743e-06	-0.0535311739920487	-0.0544072371353009	0.0029601474526968	0.0028655865889669	0.0048191734354467	-0.0007097763097131	2.322443260091515e-05	5.037824098299469e-07	-0.0037276276241353	0.0002961477881992	8.77035124553373e-08	1.3895207704216583e-05	0.0032840206115633	0.00010935336598	1.1958158651177676e-08	1.078479137717259e-05	0.0	0.0	0.0	0.0	0.0	0.0
2209.3864909218246	-7.602889343772404	4881388.666267853	57.80392637364797	2588.4052864831824	-73.64054672590646	6699841.927094085	5422.930122090413	2580.059557993477	-4.078842863030786	16.63695910129718	6656707.322793496	2562.723030265433	1940.7389975375816	1.295633	28.715033	0.1737002517270938	0.1002508029060889	0.1843814057	0.0319204259	0.0978136648	-0.042457428	-0.0486292153	-0.0068209235	0.0694942998	-0.1165482366	0.0774099087	0.1061104324	0.085010963	-0.044656246	0.0654830154	0.1310821693	-0.0129873974	-0.1120267959	0.0605552471	-0.0394827495	0.0467542685	0.1325179334	-0.0053880791	-0.0503940484	-0.0424286224	-0.1664327597	-0.0109893692	-0.0719818432	0.1293432827	0.0171896499	-0.025811657	-0.0386533785	-0.0417908611	0.1873079591	0.0671709919	-0.0768744983	0.1043634248	0.0312570233	-0.0030364573	-0.0907884012	-0.045260642	-0.0557123835	0.0536721025	0.1042496978	0.0717020145	-0.068744977	-0.0397757934	0.005858616	0.0219888804	0.0753520141	0.0027958094	-0.0094034312	0.0495761718	-0.1046878022	0.1481075463	0.1823436211	0.0816068982	0.0546193134	0.0160479313	-0.0259269352	-0.062403154	-0.0856447597	0.0402222305075241	-0.0101852926448629	0.0016178278270004	0.0001037401862614	0.3726386645148096	-0.0460137030870129	0.1388595742913808	0.0021172608717797	-0.0755968666771167	-0.0220656926850679	0.0004868947936718	0.0057148862513977	0.0032331040275961	-0.0015860694078506	1.0452961653258124e-05	2.5156161665195527e-06	-0.0034868449319327	0.0002407826922026	5.7976304864332053e-08	1.2158087579344756e-05	0.0032021614454135	-8.185916614979975e-05	6.70092308274052e-09	1.0253837922492676e-05	0.0	0.0	0.0	0.0	0.0	0.0
2214.90483476698	5.518343845155414	4905803.427074143	30.45211879336464	2626.5616538943227	38.15636741114031	6898826.12170808	1455.90837401393	2580.848669769567	0.789111776090067	0.62269739516402	6660779.856251344	2567.6345444976305	1950.9508662739736	1.223831	27.123688	0.1526933941450891	0.0760295053883314	0.1531302991	0.0649894477	-0.0536854515	0.0337778247	0.0306919296	0.0820870302	-0.0383600231	-0.0183247816	0.1127776281	-0.0144566511	-0.0906999158	0.0061831729	-0.0027458463	0.0054404989	0.0883549013	-0.0564631492	0.0227605572	-0.1196227203	-0.0413823625	0.0229701613	0.0530704865	0.0913174995	-0.0478042156	-0.014407623	0.10211498	-0.0480100914	-0.0129485127	0.0826869876	-0.1110856928	0.008973449	-0.0222368889	0.1449112235	0.0414921864	-0.1058578997	0.0869873107	-0.0339521696	0.0508729869	-0.0240978635	0.0763392881	0.0381772178	-0.0059802957	-0.1197558916	0.1747871247	-0.071839755	-0.0545790324	-0.0659874512	-0.0001392198	0.0259612629	0.0795252686	0.0596357383	0.1315213447	0.0071396827	0.0612275019	0.0562786906	0.0810644083	0.0526859066	0.0125074584	-0.0304722578	-0.0666271694	-0.0878597406	0.0099290576602726	-0.0302931728472515	9.8586186021018e-05	0.0009176763211534	0.3505746114735757	-0.0220640530412338	0.1229025582098485	0.0004868224366063	-0.0569693889501579	0.0186274777269587	0.0003469829264683	0.0032455112773543	0.0023223774149705	-0.0009107266126256	5.393436857565061e-06	8.294229629445e-07	-0.0029071318115561	0.0005797131203766	3.360673019367745e-07	8.451415369761452e-06	0.0033458955230042	0.0001437340775906	2.0659485060849334e-08	1.119501685085955e-05	0.0	0.0	0.0	0.0	0.0	0.0
2224.8085653550243	9.903730588044256	4949773.152477081	98.0838795605634	2615.4113070655417	-11.15034682878104	6840376.305126285	124.33023440210738	2592.80993876326	11.961268993693013	143.07195593948182	6722663.37854954	2574.211959688781	1961.4220134047207	1.107976	24.556005	0.1460407377983295	0.0655813086212158	0.145964245	0.0348845588	0.0655091701	0.0243154327	-0.0929577167	-0.0065857749	0.0106655928	-0.0322695471	0.1403159913	0.0365082655	-0.0450920634	-0.0743006486	0.0961293549	0.0795197096	0.0203205544	0.0026443823	-0.0118858677	-0.1991766246	0.0587474724	0.0891738339	0.0122169665	0.068137345	-0.1134398461	-0.1142485882	-0.0210625212	-0.0618362777	-0.0044325952	0.0008823988	-0.11329817	0.0099812195	-0.0114948564	0.1252981915	0.0752506148	-0.0636986444	0.0591721012	0.0277931394	0.0974219596	-0.0277693768	-0.0133021898	-0.0940820346	0.0232816282	0.1044521637	0.1610516477	-0.1153282822	-0.1183290248	-0.0677498417	0.0136998593	-0.0232454678	0.0876286151	0.1630814869	0.0632369522	-0.0020376499	-0.0160277303	-0.0910593883	0.0805080284	0.0507163915	0.0089476998	-0.034934058	-0.0705658771	-0.089533037	0.0456833166395256	0.035754258979253	0.0020869654191871	0.0012783670351554	0.3278044334757481	-0.0227701779978276	0.1074557466063561	0.0005184810060527	-0.0900345679504468	-0.0330651790002889	0.0010933060623211	0.0081062234260236	0.0016399579336575	-0.0006824194813129	2.689462024166177e-06	4.656963484755036e-07	-0.0031299219943525	-0.0002227901827964	4.963546555045335e-08	9.796411690731531e-06	0.0031620827506944	-0.0001838127723098	3.3787135264214415e-08	9.998767322239065e-06	0.0	0.0	0.0	0.0	0.0	0.0
2213.2981214288147	-11.510443926209518	4898688.57432032	132.4903193784136	2651.2972766206462	35.885969555104566	7029377.249016056	1287.8028109098918	2578.481338920943	-14.32859984231709	205.3087734412493	6648566.015163539	2564.4057643202486	2003.8368016227344	1.120844	24.841206	0.0828776165370519	0.0511878811794669	0.1323269894	0.0818296348	0.034273228	0.1008907261	0.0130900113	0.0824638357	-0.0558311383	0.0133042955	0.1049652662	0.0155341612	-0.0044796267	-0.0013399698	-0.0621321106	0.0819766739	0.005285746	-0.0679545585	0.0941568123	-0.0722094719	0.0424140022	-0.0165006847	0.0505852453	0.0052786452	0.0466958221	-0.0600468082	0.0669639155	-0.0455420785	0.0960963193	-0.0012378084	-0.1085303093	0.0053203107	-0.0044355398	0.1195786855	0.0395266775	-0.0694332102	0.0602725392	-0.0882705559	-0.0092041047	-0.0316459053	0.0731768873	-0.0872937404	0.0149269635	-0.0354118075	0.0766766295	-0.0345190033	0.0135744715	-0.0059000425	0.0188519148	0.0621805528	0.1130080293	0.0780142629	-0.0286213688	0.0115813101	0.0607367594	-0.0211464784	0.0799378539	0.0487121179	0.0053741445	-0.0393001065	-0.0742024108	-0.0906543325	0.0380213835924507	-0.0076619330470749	0.0014456256102842	5.8705218017858495e-05	0.3318165381483027	0.0040121046725545	0.110102214988724	1.6096983903534326e-05	-0.0899793176870744	5.525026337240002e-05	3.0525916027195674e-09	0.0080962776114314	0.0014453667290233	-0.0001945912046342	2.0890849813675137e-06	3.786573692098911e-08	-0.0028495433815982	0.0002803786127542	7.86121664900257e-08	8.119897483610105e-06	0.0041100795043869	0.0009479967536925	8.986978450115191e-07	1.6892753532381268e-05	0.0	0.0	0.0	0.0	0.0	0.0
2208.545644447428	-4.752476981386735	4877673.863607705	22.58603745861077	2635.2742808101743	-16.02299581047191	6944670.535099582	256.7363947424004	2578.0759949290423	-0.405343991900736	0.1643037517700239	6646475.835629371	2566.82588651063	1956.61314874868	1.211084	26.841188	0.1272167239837682	0.0623771617633109	0.0963977273	0.1160002181	-0.0726344558	0.0011701683	0.0914151219	0.0715878433	0.0459495651	-0.0821325067	0.0321817866	-0.012239586	0.0636743729	0.0373588515	0.0946470861	0.0228502576	0.0755276298	-0.0709217567	0.1257776351	-0.1186427983	-0.0617323493	-0.0663847674	-0.0294369631	-0.0603853128	-0.1387375005	-0.0295709687	0.1091342046	-0.034593384	0.0847443847	0.0180778428	-0.1247704957	0.103250357	0.0095315015	0.1067900066	0.0221479911	-0.0101290684	0.0710357646	0.0717996689	0.0960221978	0.0287694018	0.0692815898	-0.0819699418	0.0498143442	-0.086728934	0.0476817996	0.0203872603	-0.0246099504	-0.0065912186	-0.147311123	-0.0414665642	0.0807974041	0.0761448481	0.0096100289	-0.0434980272	0.0462857064	-0.0093745022	0.0793539824	0.0466744595	0.0017923027	-0.0435584361	-0.0775211985	-0.0912167139	0.0479940309988222	0.0099726474063715	0.0023034270115159	9.94536962918082e-05	0.3038860134092545	-0.0279305247390482	0.0923467091457695	0.0007801142121985	-0.1337655596402029	-0.0437862419531284	0.0019172349843779	0.0178932249458566	0.0009892631531012	-0.0004561035759221	9.78641586083728e-07	2.08030471968927e-07	-0.0032279495114717	-0.0003784061298734	1.431911991258401e-07	1.0419658048610389e-05	0.0041861159962957	7.603649190879996e-05	5.781548101797003e-09	1.7523567134442742e-05	0.0	0.0	0.0	0.0	0.0	0.0
2211.8603566984066	3.314712250978573	4892326.237534002	10.98731730678744	2609.4166147945493	-25.857666015625	6809055.069565846	668.6188917756081	2586.5822552322247	8.506260303182444	72.35646434549749	6690407.763082222	2571.9777341748845	1947.8372883655984	1.111046	24.624054	0.0988496401551424	0.0540730354202376	0.0849497324	0.0560639831	0.0101248571	-0.0852479749	-0.0032413339	-0.0791376726	0.0430477545	-0.0406080184	0.0522604065	0.0932360275	-0.0730577586	-0.0306897541	-0.0366343582	0.0461155468	0.0116826946	-0.0913774848	0.0118962185	-0.0814889736	-0.0326998574	-0.0823787245	0.0658052127	0.0448424824	0.0291460443	-0.0540268642	0.0044576486	-0.1117681614	0.0198651323	0.0318110248	-0.0617778421	0.0378895884	0.0049829464	0.0852628447	0.0422520546	0.0043698521	0.0269070335	0.011610297	-0.0693859303	-0.0727136264	-0.067053628	-0.1726782929	-0.044453793	-0.0388545743	0.0163513744	-0.0498656166	-0.0979494331	-0.068798764	-0.1279311693	0.0270108454	0.1167632552	-0.0387343578	0.0280895062	0.0113610764	-0.044968877	0.0372565941	0.0787565141	0.0446048127	-0.0017923027	-0.047697375	-0.0805080284	-0.0912167139	0.0562251933667852	0.008231162367963	0.0031612723691323	6.775203392777027e-05	0.3072230464843386	0.0033370330750841	0.094386000291118	1.113578974420558e-05	-0.1540323622813275	-0.0202668026411246	0.0004107432892942	0.0237259686299661	3.4932723901386856e-05	-0.0009543304291998	1.2202951991705243e-09	9.107465680966994e-07	-0.0033129441741792	-8.499466270750012e-05	7.224092688761711e-09	1.0975599101227902e-05	0.0044870837458078	0.0003009677495121	9.058158624637818e-08	2.013392054189256e-05	0.0	0.0	0.0	0.0	0.0	0.0
2215.1336390422653	3.273282343858682	4906817.038816629	10.714377302616986	2618.6576747748686	9.241059980319278	6857368.017657322	85.39718955985853	2583.941864853605	-2.6403903786199407	6.971661351508754	6676755.560943125	2566.036807801293	1965.4569238131164	1.12678	24.972767	0.0781279711871725	0.0435945291305305	0.0643143215	0.100270668	0.0535858091	0.0706726637	-0.0219414526	0.086121195	0.0169350262	-0.0541489053	0.0032915384	-0.0923742493	-0.0368901973	0.0174482761	0.1553458093	-0.0461312127	0.012644747	-0.0757732589	-0.0010898672	0.0244955984	0.0090971915	-0.0989508308	0.0108420997	0.0349162363	-0.1573395102	0.0189199362	-0.0088880817	0.0345874573	0.0994189952	0.080678841	-0.0138036851	-0.0539730233	0.021763902	0.0640675718	0.0060188126	0.0029374252	0.0614332504	-0.051624115	0.1133269227	0.0384396727	0.0728056661	-0.1098605763	-0.0302508854	-0.0436610153	0.0843492513	0.0879993728	-0.0083493185	-0.1763119908	0.0020836531	0.1127690679	0.0545868002	-0.0503727154	-0.0323801325	0.0342102896	0.0671612149	-0.0187123311	0.0781455512	0.042504596	-0.0053741445	-0.0517055788	-0.0831501106	-0.0906543325	0.0564109026998238	0.0001857093330386	0.0031821899434089	3.4487956377642695e-08	0.2966454885985854	-0.0105775578857532	0.0879985459058934	0.0001118847308264	-0.1704474220007839	-0.0164150597194563	0.0002694541855933	0.0290523236667133	-0.000641813946491	-0.0006767466703923	4.119251419103522e-07	4.579860558871819e-07	-0.003652965350301	-0.0003400211761217	1.1561440021125192e-07	1.3344155850499706e-05	0.0044848587073435	-2.225038464300118e-06	4.9507961676150265e-12	2.011395762483481e-05	0.0	0.0	0.0	0.0	0.0	0.0
2214.3697063021423	-0.7639327401229821	4903433.196188636	0.5835932314318076	2615.547674513956	-3.110000260912784	6841089.6376553625	9.672101622877586	2580.198303222656	-3.7435616309489887	14.014253684713452	6657423.283953072	2565.828339723681	1945.3110195472595	1.177274	26.09185	0.1224860652204457	0.0746417431607451	0.0571878066	0.0730609284	0.0615994913	-0.0998601231	0.0095479969	-0.0639503873	0.0764982585	-0.0450497555	0.0165247033	0.0898582809	0.0567504358	0.0008825794	-0.0456224779	0.123450247	-0.0336954866	-0.1395606421	0.0043371276	0.1195897796	-0.0676843946	0.0038711151	0.026692459	-0.0772876939	0.0723473427	-0.0957181655	-0.013616044	-0.0606531222	0.1061422855	0.03543095	0.0986575097	0.0393325211	0.0175367754	0.075247284	-0.0291810263	0.0370183537	0.0431708937	0.03337062	-0.0696223238	-0.0570016138	-0.0556189746	-0.1497712618	0.07727617	-0.0668815516	0.0513061992	0.0730811899	-0.0070711775	-0.1291438025	-0.0500374086	-0.0925937455	-0.0442201381	0.0330844636	0.0392214899	-0.0277977665	-0.0156966835	-0.0055769415	0.0775211985	0.0403752488	-0.0089476998	-0.0555720611	-0.0854361313	-0.089533037	0.0677656025712138	0.01135469987139	0.0045921768918396	0.0001289292091693	0.3299792034686959	0.0333337148701105	0.108886274721835	0.0011111365470418	-0.2289438447791241	-0.0584964227783402	0.0034218314778623	0.0524152840622476	-0.0002643255578569	0.0003774883886341	6.986800053636138e-08	1.4249748355356934e-07	-0.0036456211562756	7.3441940253997536e-06	5.393718588271744e-11	1.3290553615084244e-05	0.0044860506786961	1.1919713526001297e-06	1.4207957054193825e-12	2.0124650691829746e-05	0.0	0.0	0.0	0.0	0.0	0.0
2211.5759425211336	-2.7937637810086926	4891068.14953824	7.805116064075986	2635.86608513985	20.318410625894103	6947790.018790479	412.8378103624464	2580.487174217854	0.2888709951980672	0.0834464518667218	6658914.056302845	2563.064575595543	1968.8459583970368	1.148439	25.452787	0.1540398215665589	0.0945148111424054	0.0476356096	0.0631304636	0.067488881	0.0528014467	0.0019391914	0.0580970546	-0.025680249	-0.0514016207	0.0374744057	-0.0386509676	-0.0145496579	0.0426513757	0.0330948651	-0.0294933423	0.0192959865	-0.021122787	0.1234301899	0.0803492422	0.0379835784	0.0122021997	0.0180729248	0.0048015551	-0.032048829	0.026197857	0.0638070957	0.0124799109	0.1227461588	-0.0244212878	0.0366519548	-0.0409455106	0.0191245344	0.0461694153	0.0185607661	-0.0063107008	0.0452278536	-0.1186251264	0.0645291716	0.0476313128	0.0166217599	-0.0954112484	-0.0260141426	-0.0357771542	0.0109440879	0.0365154763	-0.0796921333	-0.0753125439	-0.0376275707	0.0093753132	0.0088879706	0.0038909131	0.0734856455	0.0516322228	0.0207433686	-0.0719015752	0.0768835629	0.0382182304	-0.0125074584	-0.0592862243	-0.0873563013	-0.0878597406	0.0696025056500531	0.0018369030788392	0.0048445087927656	3.374212921049289e-06	0.2907700245844893	-0.0392091788842066	0.0845472071968645	0.0015373597087737	-0.1551893198464711	0.073754524932653	0.0054397299480413	0.0240837249944103	-0.00078292521388	-0.0005185996560231	6.129718905290439e-07	2.6894560322727765e-07	-0.0033807801989282	0.0002648409573473	7.014073268868727e-08	1.1429674753465e-05	0.0044847069986494	-1.3436800467003795e-06	1.8054760679007346e-12	2.011259686373491e-05	0.0	0.0	0.0	0.0	0.0	0.0
2213.90661498079	2.330672459656398	4901382.4998557	5.432034114200805	2631.38522036021	-4.480864779639887	6924188.177930151	20.078149173417216	2580.107652576692	-0.379521641161773	0.1440366761101256	6656955.498884808	2565.7536348936987	1941.5094941811485	1.120927	24.843027	0.1232010458102853	0.0641551367607565	0.0252055336	0.0498580108	-0.0411422104	-0.0881530176	0.0461960898	-0.1084473811	-0.0026378752	0.0438719526	0.0057975281	0.0199732199	0.0652220939	-0.0091920094	0.0170581819	0.0638846902	0.0014059935	-0.0449325498	-0.0108964849	0.0553299267	-0.002246591	0.0845924337	0.0036557124	-0.0804387733	0.0183002757	-0.0638736116	-0.0331783224	-0.0617832732	0.0052375086	0.0049487602	0.0737994814	-0.0092903568	0.0306633947	0.0181510735	0.017352393	0.0149291376	0.0004864626	0.0590248317	0.0153810206	0.004741082	-0.0637657949	-0.1295092457	0.0282969105	-0.0669594983	0.0404583984	0.0114220093	0.0091871746	-0.0353242796	0.0559042977	0.0797014295	0.1053834081	-0.0657517227	0.069985831	-0.0213106924	-0.0970040034	-0.0706079018	0.0762327537	0.0360350191	-0.0160479313	-0.0628378881	-0.0889023983	-0.0856447597	0.053892965962035	-0.0157095396880181	0.002904451780185	0.0002467896372094	0.2766313617504607	-0.0141386628340285	0.0765249103039142	0.0001999017867343	-0.1893559384217198	-0.0341666185752486	0.0011673578248665	0.0358556714155701	-0.0017758588320876	-0.0009929336182075	3.1536745915035342e-06	9.859171701668356e-07	-0.00319300286613	0.0001877773327982	3.5260326712806e-08	1.0195267303114394e-05	0.0044816934553954	-3.013543253999572e-06	9.081442943726328e-12	2.0085576228133963e-05	0.0	0.0	0.0	0.0	0.0	0.0
2228.833128649909	14.926513669119233	4967697.115367343	222.80081031440324	2647.1032537795204	15.71803341931036	7007155.636170124	247.0565745705573	2605.6700170674453	25.562364490753225	653.4344783581214	6789516.23784426	2587.1762505203	1957.408451480553	1.098787	24.352354	0.1432712531325335	0.0781102783190986	0.0071431046	0.0441634131	-0.0604144958	-0.0182109247	0.0247690766	-0.0541728326	-0.0384886983	0.1080686988	0.0638233974	-0.0538106921	-0.1619904178	-0.0847652004	0.032778683	0.0632370516	-0.0641980953	0.2004569329	0.0901167012	0.0889830828	0.0863864605	0.0272658385	0.0833013687	0.1325203222	-0.0138488794	-0.0632941349	-0.0873892122	0.0501558862	-0.0815338522	-0.2465619779	0.0648715681	0.0156530543	0.0422017653	-0.0133874112	0.0128248782	0.0305567825	-0.2296502409	-0.0573642536	0.0734503429	-0.1821181435	0.0178684498	0.0218115942	-0.0429349066	-0.0876661917	0.0044333239	0.0563308377	0.066372195	-0.072933489	0.1106680103	-0.0291167787	0.0316532452	0.0346279666	-0.0042689962	-0.1559734454	-0.0161093879	-0.0290124183	0.0755688824	0.0338271112	-0.0195636596	-0.0662173176	-0.0900678015	-0.0829017503	0.0361428391920242	-0.0177501267700108	0.0013063048248605	0.0003150670003514	0.2805150654684638	0.003883703718003	0.0786887019547765	1.5083154569230809e-05	-0.1672820143232201	0.0220739240984997	0.0004872581251063	0.027983272316034	-0.0028239297612354	-0.0010480709291478	7.974579296391024e-06	1.0984526725247329e-06	-0.0031791741827467	1.3828683383300053e-05	1.91232484115559e-10	1.0107148484243149e-05	0.0054110638137847	0.0009293703583892	8.637292630526553e-07	2.9279611596850223e-05	0.0	0.0	0.0	0.0	0.0	0.0
2221.012477122839	-7.820651527070368	4932896.423535328	61.16259030786807	2657.6301530444894	10.52689926496896	7062998.030371276	110.81560813480404	2590.8435114589306	-14.826505608514708	219.8252685593181	6712470.100868842	2572.63393574699	1994.8915965596184	1.236303	27.40012	0.1366057452937596	0.064496714541045	0.0075236378	0.0859123073	0.0297502138	0.1120743832	0.0150539433	0.074614332	-0.0221314852	0.0741988496	0.0292026558	0.0253897265	-0.0097967532	-0.0210592732	0.0705962715	0.0274608707	0.007639694	0.0866524646	0.0352442299	-0.0506241096	0.0270509051	-0.107366374	-0.0033102634	0.0063096235	-0.0807509476	-0.0442082408	-0.0067561871	0.0977967092	0.006288283	-0.0642736988	-0.062024783	-0.0060077293	0.0369950293	-0.0019474369	-0.0388226935	0.0121993982	-0.0902794265	0.0211142121	0.067097184	0.0504121879	0.1184279726	-0.0810450543	0.1180033046	0.0437645132	-0.0230787212	0.0393427484	0.0588313886	0.0446040712	-0.0509138362	-0.0625508108	0.0503958011	-0.0206302984	0.0226437204	-0.0833799091	-0.0155091377	-0.0906060515	0.0748920628	0.0315960199	-0.0230492221	-0.06941525	-0.0908475206	-0.0796476241	0.0579550763103497	0.0218122371183255	0.0033587908701384	0.000475773688106	0.3066876196975556	0.0261725542290918	0.0940572960757524	0.0006850025948747	-0.1653265030295827	0.0019555112936373	3.8240244195433605e-06	0.0273328526039906	-0.0020300155460655	0.0007939142151698	4.120963117267611e-06	6.302997810488381e-07	-0.0027190084626256	0.0004601657201211	2.1175248997457065e-07	7.3930070198296285e-06	0.0058902927315478	0.000479228917763	2.2966035562039194e-07	3.469554846332484e-05	0.0	0.0	0.0	0.0	0.0	0.0
2212.744732157348	-8.267744965490692	4896239.249690094	68.3556068143967	2627.003081576515	-30.627071467974478	6901145.190612505	938.017506704416	2578.479827040926	-12.363684418004595	152.86069238800962	6648558.218457004	2564.065569367956	1960.118997867772	1.175681	26.056538	0.0212989539490796	0.0130224580028556	0.0013309514	0.0305716267	0.0192407322	-0.0642832419	-0.0026354111	-0.0702983171	0.0286660505	0.0486723372	-0.0144517455	0.0414125003	-0.0821508445	0.0171269876	-0.1528567289	0.0116062755	0.0007789012	0.0032806176	0.0545543625	-0.0756249341	0.034502257	-0.0292662216	0.0787915593	0.0340792594	0.1330002973	0.0400346164	0.037608335	-0.0756155027	-0.0297137756	-0.1002316118	-0.0539725142	0.0192890357	0.0331216107	-0.007100809	-0.0240194697	0.0160637979	-0.1012578907	-0.0405566245	-0.0611879031	0.0021779143	-0.020005888	-0.0685383585	0.0666751258	-0.1456369606	-0.1009532284	-0.0192800739	0.0872232164	0.0823820013	-9.7607e-06	-0.0029238189	0.0800612752	-0.0473744577	-0.0691808394	-0.0100375384	0.0017716342	-0.07980673	0.0742024108	0.0293432743	-0.0264992443	-0.0724229201	-0.0912382167	-0.0759024438	0.0582384885180289	0.0002834122076792	0.0033917215448645	8.032247946160024e-08	0.3017953158972517	-0.0048923038003038	0.0910804126975219	2.3934636474467645e-05	-0.1655282238281543	-0.0002017207985715	4.06912805763585e-08	0.0273995928837035	-0.0020410816900165	-1.1066143950999672e-05	4.166014465320611e-06	1.2245954194424662e-10	-0.0026082424504731	0.0001107660121524	1.2269109448167758e-08	6.8029286804499214e-06	0.0060868909182948	0.0001965981867469	3.865084703220824e-08	3.705024105121971e-05	0.0	0.0	0.0	0.0	0.0	0.0
2214.7379519854485	1.9932198281003368	4905064.195964699	3.972925283132336	2630.1203603962904	3.1172788197754926	6917533.110171112	9.717427240220887	2585.431707259712	6.9518802187858455	48.32863857634594	6684457.112903869	2566.542050220927	1973.7018545932456	1.092702	24.217487	0.1027627116191726	0.0534182388158677	-0.0107895333	0.032386658	0.0500288885	0.0567494368	-0.0181822662	0.071157492	0.0172255873	-0.04659118	-0.0300663365	-0.0385740704	-0.033043653	0.0405349537	0.0923928051	-0.0578226503	0.0039652403	0.0566551275	0.0483900521	0.0408747115	-0.0753619815	-0.0664494181	0.0224174015	0.0071176718	-0.0962922277	0.0548408701	-0.0007730574	0.0855671377	0.0273403864	-0.047631198	0.0307746833	0.0240154388	0.0295995685	-0.0137214359	0.0036211562	0.0438542096	-0.0819549685	-0.0470042299	0.0767901748	0.0832157382	0.0209910332	-0.0972219787	-0.0244392757	0.0192363623	-0.003538732	-0.0055926017	0.0289238225	0.0042225506	0.0407242858	-0.0468221741	0.0130880559	-0.0802754458	-0.0499574564	-0.0611515738	-0.113825309	0.0873956102	0.0735000446	0.0270704183	-0.0299084066	-0.075232084	-0.0912382167	-0.0716892996	0.0581531018217589	-8.538669626999978e-05	0.0033817832514918	7.290887899905195e-09	0.2812743116324157	-0.020521004264836	0.0791152383842892	0.0004211116160374	-0.1950697038738909	-0.0295414800457365	0.0008726990432926	0.0380521893694474	-0.00276904029958	-0.0007279586095635	7.667584180698096e-06	5.299237372376246e-07	-0.0028358281364386	-0.0002275856859654	5.1795244456387136e-08	8.041921219416822e-06	0.0059901384015772	-9.675251671759956e-05	9.361049491189384e-09	3.588175807004985e-05	0.0	0.0	0.0	0.0	0.0	0.0
2225.679383505993	10.941431520544484	4953648.718163617	119.71492371876435	2643.2844517831586	13.164091386868222	6986952.693038593	173.2933020418181	2590.758906653168	5.32719939345634	28.379053377641597	6712031.712402719	2576.495771564421	1943.6887848900967	1.158501	25.675798	0.141464220344767	0.0730605660261004	-0.0183738273	0.0011909289	0.0228180009	-0.0904016624	0.0004890251	-0.0602609686	0.0287262406	0.1052154547	0.0069457857	0.1196747926	-0.0648975156	-0.0134453878	-0.0085890627	0.0597903913	-0.0022801928	0.0755875798	-0.0215155351	0.1421540973	0.0391211289	0.0277640386	0.0630666796	0.0279728077	0.0409827528	-0.0518919419	-0.0475926723	0.0280386148	-0.0614363773	-0.1002582382	0.1445978417	-0.0433303163	0.0312846994	-0.0109143216	-0.0140660111	0.0656439589	-0.2192263032	-0.0020212873	-0.0045853642	-0.1726700588	-0.0624657508	-0.0061578629	0.0002612369	0.0308984362	0.0526329384	0.0884627012	-0.0499149543	-0.1308177286	0.0261626947	-0.0950556456	-0.1043422837	-0.0075760168	-0.0452379076	-0.0354507912	-0.0668255852	0.0302164354	0.0727850846	0.0247790096	-0.0332714524	-0.0778350419	-0.0908475206	-0.0670341672	0.0742526952845992	0.0160995934628402	0.0055134627570275	0.0002591969096687	0.2848754317590902	0.0036011201266745	0.081154011619928	1.2968066166740291e-05	-0.2404455522186381	-0.0453758483447472	0.0020589676130054	0.0578140635817258	-0.0031032915508584	-0.0003342512512783	9.630418449629132e-06	1.1172389898117597e-07	-0.0037589246965834	-0.0009230965601448	8.52107259351163e-07	1.4129514874584607e-05	0.0057197330447903	-0.0002704053567869	7.311905697905068e-08	3.271534610366612e-05	0.0	0.0	0.0	0.0	0.0	0.0
2224.0145567965224	-1.664826709470617	4946240.748842832	2.7716479725667624	2649.670595591305	6.386143808146244	7020754.26514118	40.78283273832461	2576.557608228211	-14.201298424957258	201.6768769546935	6638649.108518679	2566.2258182713244	1965.4286317418832	1.119733	24.816565	0.1239486141523308	0.0661934066379953	-0.0236942527	0.0485378248	-0.0809595083	0.0358646458	0.0717976048	0.0841209983	-0.0116649005	0.0568137887	0.0041561796	-0.0148291499	-0.0358937762	0.1132276196	0.0445290131	-0.0485054255	0.0236475114	0.1125533736	-0.0401147273	-0.0254735571	0.1038026435	-0.0328488216	0.0426347392	-0.0074251012	-0.0914249654	0.0876244701	0.0536470031	0.1023685786	-0.0849714187	-0.0581138866	-0.0283233652	-0.0844197165	0.0347674775	-0.0171540865	-0.0415114625	0.0417869479	-0.1727077787	-0.0283427937	0.0798408372	0.0165248392	0.0794468854	0.0373936963	-0.0263854533	-0.0630422501	0.0255134823	0.0399791905	0.08335998	-0.0019978293	-0.0396280068	0.0419229403	-0.0707373782	-0.0989322494	0.0420274437	-0.0241384567	-0.0063448151	-0.1027624803	0.0720576532	0.0224706185	-0.036583196	-0.0802246594	-0.0900678015	-0.0619657467	0.0691441811911772	-0.005108514093422	0.0047809177925983	2.6096916242691207e-05	0.2961556961000156	0.0112802643409253	0.0877081963324847	0.0001272443636011	-0.2184558525510596	0.0219896996675784	0.0004835468914703	0.0477229595138102	-0.0030672870843553	3.600446650310011e-05	9.408250057852836e-06	1.2963216081728578e-09	-0.0028529916817199	0.0009059330148635	8.207146274196706e-07	8.139561535962944e-06	0.0064891982844318	0.0007694652396414	5.920767550165507e-07	4.2109694374672615e-05	0.0	0.0	0.0	0.0	0.0	0.0
2214.3102592430687	-9.70429755345367	4903169.924189106	94.1733910059669	2606.2053623345064	-43.465233256798456	6792306.390661135	1889.2265020678983	2580.597988863604	4.040380635392921	16.324675678858107	6659485.980126877	2561.602940093494	1943.4259955234213	1.158202	25.669165	0.063453981317772	0.0321923875275807	-0.0250527757	-0.0081992098	0.0745972961	-0.049367944	-0.0511902485	-0.0615734113	0.0459114535	0.0282756086	-0.0992350926	0.1230932877	0.0658086561	-0.0053829108	-0.030612988	0.0828504783	-0.0700510516	0.0356365692	0.0337120075	0.1283871468	0.0567227165	0.093166609	-0.0068775172	-0.0758448545	0.0768605085	-0.0635764431	-0.0796307695	0.0094049382	0.0142827237	-0.1239593488	0.1333034846	-0.0581018163	0.0310725056	-0.0191983302	-0.0459904534	0.0219259068	-0.1391740884	0.002088903	-0.0402804267	-0.0053606141	-0.0363702338	-0.0034645692	0.1380688815	0.0373758645	-0.0271357097	-0.0363897816	0.0932958946	0.0451443969	-0.028140445	0.0924423623	-0.071450437	-0.1242472805	0.070561699	-0.1200410915	0.0932713237	0.0851342299	0.0713178751	0.0201468273	-0.0398385309	-0.0823943867	-0.0889023983	-0.0565152869	0.0693489087031054	0.0002047275119281	0.0048092711383116	4.1913354140309664e-08	0.301794214317141	0.0056385182171254	0.0910797477953004	3.179288768485511e-05	-0.1948943510541312	0.0235615014969284	0.0005551443527897	0.0379838080728109	-0.0027522282732264	0.0003150588111288	7.574760467946772e-06	9.92620544699557e-08	-0.0026117901781925	0.0002412015035274	5.817816530387847e-08	6.821447934902811e-06	0.0063644739172523	-0.0001247243671795	1.5556167768326743e-08	4.0506528243384833e-05	0.0	0.0	0.0	0.0	0.0	0.0
2216.278688851336	1.9684296082673427	4911891.226656597	3.874715122703525	2642.056251118201	35.8508887836947	6980461.234072763	1285.2862265808465	2575.589943982045	-5.008044881558817	25.080513535707464	6633663.559541434	2561.867055223809	1974.9077278512425	1.098582	24.347803	0.153225268634497	0.0799147353015747	-0.0331553488	0.0284616317	-0.0703746338	0.0648216667	0.0646246249	0.0743499488	0.0117283851	0.0253210361	-0.0395553136	0.0053590125	-0.0417545645	0.1220447841	-0.0636432759	-0.0316974735	0.112069164	0.1221745809	0.0516029568	0.0769144242	-0.0502030646	0.0247388842	0.0613053506	-0.0158572204	0.0138171308	0.0794198343	0.1439717197	0.0878017008	-0.0564201895	-0.0702195785	0.0846647139	-0.0058437397	0.0322390738	-0.0329551355	-0.0169447476	0.012243912	-0.1530748357	-0.0546703244	0.050189683	0.0405917054	0.1088062747	0.069826333	0.0223618513	-0.1029802421	-0.0655069282	-0.0680718812	0.0159880706	0.0903695351	-0.1452982431	-0.0230412213	-0.0821680987	-0.0962301025	0.1437199333	-0.0427965966	-0.0047300847	-0.0604372745	0.0705658771	0.0178092284	-0.0430324377	-0.0843382767	-0.0873563013	-0.0507163915	0.0922042339149271	0.0228553252118217	0.0085016207518385	0.0005223658905381	0.2857913396088207	-0.0160028747083202	0.0816766897954042	0.0002560919989301	-0.1303696669870362	0.064524684067095	0.0041634348539584	0.0169962500703107	-0.0030963893535152	-0.0003441610802887	9.587627028562278e-06	1.1844684918555377e-07	-0.0026559426434726	-4.415246528010003e-05	1.949440190310439e-09	7.054031325416222e-06	0.005755939769876	-0.0006085341473763	3.703138085230009e-07	3.313084263444017e-05	0.0	0.0	0.0	0.0	0.0	0.0
2211.3513415177063	-4.927347333629768	4890074.755632159	24.278751746228387	2614.087969830928	-27.96828128727293	6833455.914014784	782.2247581640212	2576.2236104142776	0.6336664322325305	0.4015331473383041	6636928.090855976	2564.0153046154587	1962.949716466372	1.095512	24.279764	0.1030653741676688	0.0526131845231184	-0.0387797149	-0.0135269263	-0.0165675054	-0.0606044637	0.010107405	-0.0738323326	0.1016388604	-0.0359540796	-0.0872971963	0.0737636484	0.0919632307	0.0626290994	0.0139368706	0.0136185506	0.0340945381	0.0907757191	0.0031853738	-0.0302414968	0.0531916538	0.1171670425	-0.0311137518	-0.1142029153	-0.0246887704	0.0101903605	0.0166318074	-0.0187057074	-0.0807837386	-0.1120960603	0.0099560763	-0.0312257663	0.0257752222	-0.0485735593	0.0117673645	0.0268908511	-0.1601309533	0.0584192189	0.0440842913	-0.0110869013	-0.0836073346	-0.0421956618	0.0063302361	0.0669814759	-0.1001149993	-0.066896318	-0.0309917381	0.0335817527	-0.0894926897	0.0069328426	0.0040363	-0.0114347729	0.0756116348	0.0001958108	-0.1063750133	-0.114276482	0.0698017879	0.0154594239	-0.0461599916	-0.0860510014	-0.0854361313	-0.0446048127	0.077014428818714	-0.0151898050962131	0.0059312222462727	0.0002307301788609	0.2831758605815651	-0.0026154790272556	0.0801885680161099	6.840730542013995e-06	-0.1508490311181063	-0.0204793641310701	0.0004194043552129	0.0227554301892714	-0.0039282351339436	-0.0008318457804283	1.5431031267548892e-05	6.919674024165334e-07	-0.0030837802561234	-0.0004278376126508	1.830450227987362e-07	9.509700668056505e-06	0.0057200086446926	-3.593112518339957e-05	1.2910457569451303e-09	3.271849889535808e-05	0.0	0.0	0.0	0.0	0.0	0.0
2219.1882757632493	7.836934245543034	4924796.603285063	61.41753836896517	2629.971287385198	15.88331755426998	6916748.972470556	252.2797765297809	2580.754500362851	4.530889948573531	20.52896372608465	6660293.791143109	2565.347104332095	1981.127723862695	1.131136	25.069309	0.0937027186196866	0.0519856134010589	-0.0506719832	-0.0008999279	0.0006762981	0.0917440419	0.0085440086	0.0834027769	-0.0004968967	0.0394288368	-0.1113018513	0.0542459433	-0.0574715252	0.0852362265	-0.0837428853	-0.0324676071	-0.000938183	0.1817887769	-0.0169991117	0.0131932921	-0.0376591541	0.0284769004	0.0828167342	0.0173738535	0.0629612476	0.072138396	0.0403772223	0.1216041211	-0.1172105988	-0.0806265098	0.0075454382	-0.0082129378	0.0339505989	-0.0541136529	0.0271696099	-0.0285170679	-0.1306194335	-0.0551876257	-0.0560165795	0.0071201547	0.07564121	-0.0307188101	-0.0199236956	-0.0222393557	-0.0480739766	0.0099195732	0.074040862	0.0686012042	0.2229840778	-0.07635379	0.0804304902	0.0158542755	-0.1547150025	0.0090759273	-0.0049982964	-0.0796252094	0.0690257386	0.0130990243	-0.0492163702	-0.0875278662	-0.0831501106	-0.0382182304	0.0469371401798071	-0.0300772886389068	0.0022030951282588	0.0009046432918681	0.2477738665160131	-0.0354019940655519	0.061391888928295	0.0012533011838173	-0.1375666060590035	0.0132824250591027	0.0001764228154506	0.018924571102593	-0.0039300522217872	-1.8170878435998933e-06	1.5445310465974505e-05	3.3018082313585097e-12	-0.0028077398485208	0.0002760404076026	7.619830662940959e-08	7.883403056971605e-06	0.0056990459230163	-2.0962721676299687e-05	4.394357000780048e-10	3.247912443264871e-05	0.0	0.0	0.0	0.0	0.0	0.0
2215.4344665105227	-3.753809252726569	4908149.875402764	14.0910839058556	2610.9887024391696	-18.98258494602851	6817262.004264979	360.3385312331882	2572.101476266844	-8.653024096006902	74.87482600607606	6615706.004214079	2554.9342791447875	1937.7442810809025	1.131505	25.077486	0.1719430451988422	0.0854380349819809	-0.0473478677	-0.0171723362	0.0773791421	-0.0465269752	-0.0757175655	-0.0358480108	0.0755897459	-0.02042251	-0.01618366	0.0391699945	0.0959262589	0.1259847939	0.0682595062	-0.036583436	0.0025321684	0.0227310914	-0.0370816445	-0.0516932402	-0.0519005122	0.0180652369	-0.0224584853	-0.1197314338	-0.0797388622	0.0710471262	-0.0116257692	0.0104736388	-0.0241888531	0.0184973485	-0.0085492178	0.0154716909	0.0289277092	-0.0283926247	-0.0289159943	0.0041512164	-0.0461531211	0.030227453	0.0179057825	0.079435562	-0.0721403804	-0.0249236261	0.1317448115	0.063655651	-0.0609763583	0.0323551767	0.021515571	0.0478719745	-0.0485860178	-0.0593445793	0.0330388701	0.0253042368	-0.0106641546	-0.0346495921	-0.0294012021	0.0154069049	0.0682378621	0.0107296473	-0.0521968607	-0.0887648233	-0.0805080284	-0.0315960199	0.0836271970641888	0.0366900568843816	0.0069935080888126	0.0013461602741791	0.2863532608391068	0.0385793943230936	0.0819981899931895	0.0014883696663367	-0.1561503810556104	-0.0185837749966069	0.0003453566931245	0.0243829415038123	-0.0034052296459259	0.0005248225758612	1.159558894149263e-05	2.7543873613368944e-07	-0.0037059940622807	-0.0008982542137598	8.068606325374157e-07	1.3734391989659805e-05	0.0058377655132903	0.0001387195902739	1.9243124725786334e-08	3.407950618816156e-05	0.0	0.0	0.0	0.0	0.0	0.0
2214.7006676499	-0.7337988606227555	4904899.047288912	0.5384607678512541	2635.263187321088	24.2744848819184	6944612.0664497	589.2506162824848	2573.121089830311	1.019613563466919	1.0396118188057089	6620952.142929528	2558.3927640320826	1997.6927708860303	1.118539	24.790119	0.0747413658742945	0.0343574824538305	-0.0438843402	0.0316964596	-0.0137474308	0.0990179043	0.0580967675	0.0922134162	0.0462178838	-0.0111664045	-0.0919053272	0.0526891306	0.0026253309	0.1152283152	-0.1188554631	0.0105747031	0.0718657852	0.1092782703	-0.0591542732	-0.0615755444	0.09199138	-0.0606016748	0.0626642218	-0.062635014	0.072658767	0.051296774	0.1120902917	0.0712491095	-0.0964607835	0.0001262704	-0.069734451	-0.0883884576	0.0231958765	-0.0210088452	-0.0121094075	0.0240394398	-0.0456524776	0.0066066357	-0.1136229176	0.0516004219	0.0967420679	-0.0659337047	-0.0607562264	-0.0266164736	-0.025324301	-0.009314926	-0.0594404183	0.0752807946	-0.1075897247	0.0086843166	0.0382386742	-0.0920545985	-0.0128104835	0.0386453433	-0.0418849449	0.0278767916	0.0674382934	0.0083529168	-0.0550968674	-0.0897584821	-0.0775211985	-0.0247790096	0.0673002768839268	-0.0163269201802619	0.0045293272686532	0.0002665683225726	0.2678131607828504	-0.0185401000562563	0.0717238890885008	0.0003437353100959	-0.1738852698191166	-0.0177348887635061	0.0003145262794539	0.0302360870600669	-0.0031803558047545	0.0002248738411713	1.0114663044835645e-05	5.0568244443179984e-08	-0.0034893294106572	0.0002166646516235	4.6943571263132643e-08	1.2175419736077322e-05	0.0058390161579808	1.2506446905001525e-06	1.5641121418762218e-12	3.409410969316086e-05	0.0	0.0	0.0	0.0	0.0	0.0
2215.744051577653	1.0433839277529842	4909521.702101753	1.0886500206932446	2616.040629845539	-19.22255747554891	6843668.577002645	369.5067159007813	2590.077025807232	16.955935976920955	287.5037648534424	6708498.999614437	2571.0003407962986	1943.706791508784	1.110825	24.619158	0.1038898016005773	0.0594453521279548	-0.0468360058	-0.0488782515	0.0484135938	-0.052218962	-0.060975609	-0.0425061924	0.0186369604	-0.005000711	-0.0518949837	-0.046640408	-0.0733957822	-0.0039462523	0.0535124461	-0.06494749	-0.03853598	0.0266225554	-0.0194104092	-0.0228338883	0.0508977218	-0.007641731	0.0081895134	0.0602693444	-0.0461924433	0.0675914155	-0.0624971907	-0.0218079704	-0.0384899255	-0.0413932884	-0.0032582451	-0.0487659978	0.0222752924	-0.038136634	0.0101940907	-0.0047919707	-0.0508645561	-0.0520899166	0.0103403416	0.1292213448	-0.0873602053	-0.0370863479	-0.0219747336	-0.0193711688	0.0126521114	-0.0194678946	-0.0112880721	-0.0291184087	0.0569885519	0.0842609632	-0.0391749955	-0.0537010728	-0.0868936561	0.0061871632	-0.0560686488	0.0550882826	0.0666271694	0.0059704615	-0.0579119187	-0.0905061192	-0.0742024108	-0.0178092284	0.0739716940387182	0.0066714171547914	0.0054718115189577	4.450780685324499e-05	0.2560067660853349	-0.0118063946975154	0.0655394642814713	0.0001393909557535	-0.1559697938705611	0.0179154759485554	0.0003209642784632	0.0243265766000253	-0.0040407948082804	-0.0008604390035259	1.6328022682625838e-05	7.403552787886441e-07	-0.0030008413243092	0.000488488086348	2.386206105039311e-07	9.005048653681792e-06	0.0058380129718604	-1.0031861203997627e-06	1.0063823921627272e-12	3.4082395459610306e-05	0.0	0.0	0.0	0.0	0.0	0.0
2218.20613482157	2.4620832439168225	4920438.456560048	6.061853899975984	2647.547629785902	31.506999940362675	7009508.451984947	992.6910452420136	2581.469737761611	-8.607288045620862	74.0854075002878	6663986.006979002	2566.6366154905227	1960.606579020766	1.095247	24.273897	0.0535007186645003	0.0314806342534957	-0.0566483639	-0.0041490453	-0.0982621137	0.0195730983	0.0628323589	0.0114435901	-0.0239975413	0.1021028898	-0.0715686237	0.078451699	0.0868158278	0.0206289269	-0.028674499	0.055617577	-0.0896798811	0.0815658428	-0.0399223594	0.0408799311	-0.0026705998	-0.1023618145	-0.0125514939	-0.1003098583	0.0534406758	-0.0432661562	-0.0526964731	0.1091618026	-0.0370471966	0.0013547187	-0.0063464922	-0.0110558802	0.0273360793	-0.0399297883	0.0038731829	-0.0109763306	-0.042727642	0.0698382246	-0.0970163808	0.0772519608	0.0517773769	-0.0158615902	-0.0012175748	-0.0414374207	0.027771132	-0.0434747547	0.0646256978	-0.011732196	0.0264353844	0.0336910543	-0.0752850102	-0.054825773	-0.0150278074	-0.0562995939	0.0528736892	0.0877722676	0.0658046293	0.0035839144	-0.060637674	-0.0910056853	-0.0705658771	-0.0107296473	0.0558887850781673	-0.0180829089605508	0.0031235562975135	0.0003269915964755	0.253718551209019	-0.0022882148763159	0.0643731032276035	5.235927320193478e-06	-0.1331100064642925	0.0228597874062685	0.0005225698802597	0.0177182738209239	-0.004171021206111	-0.0001302263978305	1.7397417901827665e-05	1.6958914691933663e-08	-0.0029257130462105	7.512827809869971e-05	5.644258170075563e-09	8.559796828766324e-06	0.0058379714993624	-4.147249800003083e-08	1.7199680903625614e-15	3.408191122736767e-05	0.0	0.0	0.0	0.0	0.0	0.0
2216.4940809068567	-1.712053914713124	4912846.010695132	2.9311286068845326	2612.194499008528	-35.353130777373735	6823560.100650415	1249.84385576209	2582.875795136898	1.406057375286764	1.976997342598304	6671247.373104063	2561.2358036228866	1949.962454473777	1.140636	25.279839	0.1071528270677009	0.0597502111378596	-0.0437557287	-0.0185207414	0.0834509343	0.0221678475	-0.1186871543	0.0152316613	0.0275541205	-0.0149340665	0.0102531524	-0.0550596988	-0.0753667758	0.0767243255	0.0825506119	-0.0883899724	-0.0477473829	-0.0745706395	-0.0415900573	0.1743640632	-0.0147543771	0.0101427422	0.0368141237	0.0248801506	-0.0585410496	0.1100166686	-0.0555634679	0.0119951578	0.0911858536	0.0638190541	0.159268803	-0.0638711134	0.0244742636	-0.0210447738	-0.028848219	0.0165928842	-0.0057910656	-0.0947715309	0.008707319	0.1340606697	-0.0048210466	0.0006203701	0.0142823571	-0.0079754096	0.0689847704	0.0161017609	-0.0147762654	0.0538005785	-0.016120888	-0.005901335	-0.1000223094	-0.0240037299	0.0032784247	0.0587921078	-0.0033872447	-0.0992810453	0.0649708138	0.0011949111	-0.0632699305	-0.0912558111	-0.0666271694	-0.0035839144	0.0702205396307817	0.0143317545526144	0.0049309241860381	0.0002053991885563	0.2649264298508456	0.0112078786418265	0.070186013233515	0.0001256165436499	-0.1668095949145325	-0.03369958845024	0.0011356622617155	0.0278254409555504	-0.0034602842730498	0.0007107369330612	1.1973567250315784e-05	5.051469880172412e-07	-0.0031721432808562	-0.0002464302346456	6.072786054753465e-08	1.0062492994281137e-05	0.0058390764401159	1.104940753499442e-06	1.2208940687439149e-12	3.409481367351657e-05	0.0	0.0	0.0	0.0	0.0	0.0
2223.9375905879124	7.44350968105573	4945898.406829969	55.40583637197037	2635.411403976324	23.216904967795926	6945393.268208459	539.0246762836672	2580.2553766933056	-2.6204184435923707	6.866592819519063	6657717.808954712	2565.4365328429176	1966.407483335401	1.074418	23.81226	0.0965257109101615	0.0509190328309208	-0.0447316852	-0.0157466603	0.0072806683	-0.0635342892	0.0100291551	-0.0707604459	0.0618091119	0.0425971804	0.0118883412	0.0545148648	0.0495619907	0.0629803967	0.0060220435	0.0416951131	-0.0279174105	0.022215383	-0.0061108374	-0.0085030908	0.0516952439	0.1003029199	0.010036921	-0.0967906626	0.0016011904	-0.0010095623	-0.034777773	-0.0152116035	-0.0248495053	-0.0344923348	0.0467939109	-0.0166599014	0.0185070134	-0.0095904778	-0.0272407763	0.038924209	-0.0429816745	0.0904069975	-0.0587408063	0.0671740231	-0.0525325962	-0.0428111686	0.006203042	0.0396925593	0.0926684605	-0.0371345906	0.0517798858	0.1099326356	0.0618064638	0.0856367737	-0.0377690241	-0.0776145527	0.0458103037	-0.0477456399	-0.1401153144	-0.0081896213	0.064125866	-0.0011949111	-0.0658046293	-0.0912558111	-0.062403154	0.0035839144	0.0727612737262717	0.0025407340954899	0.0052942029542694	6.455329743985357e-06	0.2814428663761958	0.0165164365253502	0.0792100870340492	0.0002727926754959	-0.2021685239368338	-0.0353589290223012	0.0012502538616041	0.0408721120707981	-0.0031498509880759	0.0003104332849739	9.921561247082724e-06	9.636882441968668e-08	-0.0032289899782007	-5.6846697344500006e-05	3.231546998977184e-09	1.0426376279320556e-05	0.0063139886831379	0.000474912243022	2.2554163857218738e-07	3.986645309079348e-05	0.0	0.0	0.0	0.0	0.0	0.0
2231.5558777102224	7.618287122309994	4979841.635343041	58.03829867795429	2666.767340507216	31.355936530891995	7111648.04839593	983.1947557293272	2590.867792252007	10.612415558701286	112.62336399056514	6712595.916928789	2577.0466462682507	1980.83572279508	1.072539	23.770628	0.1368423459726552	0.0850494085348086	-0.0472367202	-0.0060984782	-0.0896058711	0.0552085705	0.0606645027	0.0542621799	-0.0883844614	0.1169503274	0.0232940142	0.0139820005	-0.0450233226	-0.0002171218	-0.0952137899	0.0463361718	0.0080860236	0.0959756633	0.0030608132	0.0286148902	-0.0945545928	-0.0550683771	0.0421429048	0.038176281	0.0788514183	-0.0290472107	0.0409959796	0.0851524763	-0.0701823933	-0.0083799005	-0.0114743065	0.06626793	0.0167427449	-0.0281155998	0.0019110907	0.0155055873	-0.0506877774	-0.0120915203	-0.0608032245	0.0578923711	0.0323633364	0.0040965703	-0.126126199	-0.074747677	0.0056021529	-0.0450259144	0.0983648718	-0.0074276198	0.1205770803	-0.0114489672	-0.0228826646	0.1202076618	-0.0154757803	-0.0443869265	-0.0199026795	0.002654584	0.0632699305	-0.0035839144	-0.0682378621	-0.0910056853	-0.0579119187	0.0107296473	0.0727587677871497	-2.5059391220022542e-06	0.0052938382899043	6.279730883181429e-12	0.2578651484969469	-0.0235777178792488	0.0664944348093524	0.0005559087803934	-0.1821478233555495	0.0200207005812843	0.0004008284517654	0.0331778295531644	-0.004539286795414	-0.0013894358073381	2.0605124611019904e-05	1.930531862713279e-06	-0.0034147315978549	-0.0001857416196542	3.449994927176551e-08	1.166039188538868e-05	0.0060243376786702	-0.0002896510044676	8.389770438914746e-08	3.629264446664546e-05	0.0	0.0	0.0	0.0	0.0	0.0
2220.2166671256286	-11.33921058459373	4929362.048982435	128.57769668176246	2627.4619569268843	-39.30538358033164	6903556.335098052	1544.9131783970038	2581.983532826835	-8.884259425171877	78.93006553375533	6666638.963788943	2562.78112572842	1967.2613875092047	1.097318	24.319794	0.0479088636863902	0.0249296243058512	-0.0411823132	-0.0124406119	0.0718533171	0.0259184371	-0.0806115729	0.0103268882	0.0231509105	0.0125698631	-0.0262306436	0.03180059	0.0476789856	0.0302934093	0.0442382803	-0.0037755388	-0.0563704491	0.0209396487	-0.0565371807	-0.1433124716	8.4655e-05	-0.0070978369	-0.0275585694	-0.0462110443	-0.0404281236	0.0248582874	-0.0618071068	0.0258084142	-0.0028177872	0.0211514709	-0.0793906258	0.0041530943	0.0213807491	-0.0207825566	-0.0409056701	0.0188691199	-0.0063476938	0.0247769394	-0.0052877225	0.1216956056	-0.0172192196	-0.0102619437	0.0979403223	0.1145186096	0.0506755599	0.0254937555	0.0210545918	0.0563010897	-0.043291435	-0.0468610276	-0.0064992554	0.1182151513	-0.0338079711	0.0462239387	0.0320443639	0.0327279104	0.062403154	-0.0059704615	-0.0705658771	-0.0905061192	-0.0531726956	0.0178092284	0.081678347171433	0.0089195793842833	0.0066713523966571	7.955889639253184e-05	0.2617564257625275	0.0038912772655805	0.0685164264279735	1.5142038757624306e-05	-0.1838410606670208	-0.0016932373114713	2.867052592958581e-06	0.0337975355871752	-0.0041790367889718	0.0003602500064422	1.7464348483579732e-05	1.2978006714160545e-07	-0.0035783391983612	-0.0001636076005063	2.6767446943429106e-08	1.2804511418528275e-05	0.0058800998911176	-0.0001442377875526	2.0804539358069135e-08	3.4575574729521204e-05	0.0	0.0	0.0	0.0	0.0	0.0
2219.1975818030296	-1.0190853225990395	4924837.907080415	1.0385348947367885	2653.6722766206462	26.210319693761903	7041976.551705004	686.9808584492031	2576.3660339915423	-5.617498835292736	31.55629316451524	6637661.941105309	2565.0845368932505	1967.174141005219	1.129419	25.031256	0.0944264187722832	0.050174232524485	-0.0487914317	0.0167272102	-0.077513895	-0.0443360908	0.0847281931	-0.038128161	0.0290252723	0.0612245386	0.0267286851	-0.0482362514	0.0440338209	0.0623612921	-0.1220455789	0.0076022202	-0.0190107435	0.0270438999	0.0383206514	1.26895e-05	0.006398731	0.0304896468	0.0185865593	-0.0690379905	0.0949533087	0.0400770102	0.052708044	-0.0539150813	-0.0480750876	-0.0567311103	-0.0261250575	0.0547009205	0.0211599546	-0.03274386	-0.0369747375	0.0130626412	-0.008834445	-0.0017069996	-0.1124715069	0.0619680728	0.0005066397	0.0249798431	0.0253000543	-0.1114112977	-0.0182446436	0.004637668	0.0437160368	0.1286008761	-0.0026947731	0.0261816432	0.0580434943	0.0456574662	-0.0715155591	0.1506202311	0.0784906151	0.0369349369	0.0615256851	-0.0083529168	-0.0727850846	-0.0897584821	-0.0482057789	0.0247790096	0.0680914219784654	-0.0135869251929676	0.0046364417470494	0.0001846045361992	0.2674631935900464	0.0057067678275188	0.0715365599253866	3.2567199037204654e-05	-0.151012855015729	0.0328282056512918	0.0010776910862835	0.0228048823800015	-0.004292388103583	-0.0001133513146112	1.8424595631780865e-05	1.2848520524087284e-08	-0.0030616976497863	0.0005166415485749	2.669184897138711e-07	9.373992498706952e-06	0.0056640023522936	-0.0002160975388239	4.669814628578996e-08	3.208092264678743e-05	0.0	0.0	0.0	0.0	0.0	0.0
2217.9133425000346	-1.2842393029950472	4919139.594839675	1.6492705873572049	2627.965299417044	-25.70697720360204	6906201.614940115	660.8486769465148	2587.80623185744	11.440197865897517	130.8781272108861	6696741.093640202	2566.4699430872183	1971.8213851053208	1.122152	24.870193	0.1335699544942714	0.0688027503192456	-0.0425732864	-0.0270387847	0.0719612207	0.0657215494	-0.0748478975	0.056678634	0.0180599905	-0.0099473057	-0.0265446199	-0.0214804895	-0.0237475829	0.0329604095	0.038704325	-0.0447677778	-0.0177685781	0.0346327259	0.0222379451	-0.0194092581	-0.0248316833	-0.0566390189	0.0059410953	0.0096730285	-0.0508456277	0.0640056266	-0.017537865	0.0704828915	0.042377575	-0.0018590359	-0.0168874372	0.0129363768	0.0134484793	-0.0433637364	-0.0227652335	-0.0023648963	0.0153807212	-0.0233394668	0.0198219328	0.1413207845	0.0205121721	0.0139794053	0.0879685827	0.0803401534	-0.0613126457	0.004797179	-0.0612490884	0.0517778735	-0.0315800744	-0.0645322274	-0.0149703094	0.0232623911	-0.089430105	0.084363811	-0.0005282075	0.1444607848	0.060637674	-0.0107296473	-0.0748920628	-0.0887648233	-0.0430324377	0.0315960199	0.1058012115544926	0.0377097895760271	0.0111938963663984	0.0014220282298682	0.251579920728517	-0.0158832728615294	0.0632924565137668	0.0002522783567937	-0.1044309457494492	0.0465819092662798	0.0021698742708919	0.0109058224301244	-0.0045250494918601	-0.0002326613882771	2.047607290378335e-05	5.41313215950275e-08	-0.0031870675869898	-0.0001253699372035	1.571762115440961e-08	1.0157399804040986e-05	0.0059738706826217	0.000309868330328	9.601838214032423e-08	3.5687130932687055e-05	0.0	0.0	0.0	0.0	0.0	0.0
2223.265785066413	5.352442566378613	4942910.751046974	28.64864142638168	2647.025949725668	19.06065030862373	7006746.378521075	363.3083901876381	2583.4550389281108	-4.351192929329045	18.93287990824308	6674239.938163046	2570.983069448002	1966.106889668449	1.115779	24.728935	0.0976905310476876	0.0488037901936702	-0.0506375904	-0.02572245	-0.0827453357	-0.0398452012	0.0574093199	-0.0725818262	0.0035359804	0.0895001147	-0.0026218534	0.0245673051	0.024181304	0.0151701679	-0.0675726339	0.0209698374	-0.0151746474	-0.0397936135	-0.0707671531	0.0468377711	0.0053178317	-0.010994996	0.0109753433	-0.0454103351	0.0758177209	-0.0088980875	-0.0095428282	-0.0351420748	-0.0577640194	0.0411503839	0.0271777886	-0.0122189651	0.0116111273	-0.0420466339	0.0121027009	0.020756709	-0.0229924611	0.0833594598	-0.1056140185	0.0368560676	-0.0427878056	-0.0419318033	-0.052376111	-0.0130692194	-0.059067968	-0.0446956344	-0.0406979261	-0.0702352986	0.0712302949	-0.0759899133	-0.1074398446	0.090430118	-0.034230556	0.1148591844	-0.0282170001	0.1231511872	0.059739273	-0.0130990243	-0.0768835629	-0.0875278662	-0.037674825	0.0382182304	0.0931255768289105	-0.0126756347255821	0.0086723730597173	0.0001606717156963	0.2515463084399556	-3.361228856135767e-05	0.0632755452897693	1.1297859423319758e-09	-0.1343833092121684	-0.0299523634627192	0.0008971440770028	0.0180588737948132	-0.0052390059818761	-0.000713956490016	2.744718367813356e-05	5.097338696359666e-07	-0.0034478778795041	-0.0002608102925142	6.802200868139469e-08	1.1887861871973689e-05	0.0058480590537355	-0.0001258116288862	1.5828565962998924e-08	3.419979469597775e-05	0.0	0.0	0.0	0.0	0.0	0.0
2225.7202913712995	2.4545063048863085	4953830.815421943	6.02460120072664	2642.280960199488	-4.744989526179779	6981648.672632729	22.51492560355581	2594.224830557447	10.769791629336396	115.9884117393243	6730002.471480816	2573.7664076508067	1971.4634780821248	1.130167	25.047832	0.0178124567436052	0.0094139854117443	-0.0416709403	-0.0375267905	0.0561903987	0.0550641463	-0.0715440387	0.0489863758	-0.0285155225	0.0473210911	0.0166867068	-0.1015592943	-0.0496955582	-0.0229907153	0.0525995548	-0.0387561681	-0.0677702512	0.1227369875	0.0817424843	0.1091350855	0.0758493509	0.0341371501	0.0124916724	0.0612196027	-0.0368594318	0.0423886915	-0.0668947033	0.0992133852	0.0176514497	-0.1333241901	0.0574276698	-0.0185281236	0.0164702782	-0.0482036779	-0.0048545386	0.0147373393	-0.1123291549	-0.0970756351	0.0918076068	-0.0157465567	-0.0021532078	0.0838370508	-0.0201057934	0.0574700633	-0.0015529734	0.0927946289	-0.0822386622	-0.0329229346	0.0672557088	0.0496725357	-0.1473235041	0.032683496	-0.0503430544	0.1478820622	0.0923572311	-0.0310781532	0.058830636	-0.0154594239	-0.0787565141	-0.0860510014	-0.0321558829	0.0446048127	0.0854835108757186	-0.0076420659531919	0.007307430631639	5.840117203293488e-05	0.2547113407746479	0.0031650323346922	0.0648778671192188	1.0017429679647705e-05	-0.1366933054241244	-0.0023099962119559	5.336082499251019e-06	0.0186850597477729	-0.0052051411528754	3.386482900070032e-05	2.7093494421357045e-05	1.1468266432466735e-09	-0.00341819671609	2.9681163414100112e-05	8.80971461614515e-10	1.168406878988846e-05	0.005817697801275	-3.0361252460500004e-05	9.218056509702175e-10	3.384560770695996e-05	0.0	0.0	0.0	0.0	0.0	0.0
2221.4779136154184	-4.24237775588108	4934964.120681113	17.997769023594586	2632.3264421069894	-9.954518092498802	6929142.497815642	99.09243045388598	2585.277067691908	-8.947762865539062	80.0624602979198	6683657.516733671	2570.9597145956072	1955.090619440548	1.122915	24.887091	0.0677169938450752	0.03441329703659	-0.0385457797	-0.0227619945	-0.0183788982	-0.0916821035	0.0028079716	-0.102314056	0.0452730483	0.0604520759	-0.0233597948	0.0280697013	0.0744686708	-0.0135047496	-0.0702083069	0.081515115	-0.015495934	-0.0512531305	0.0023370897	0.1173065302	-0.0141276316	0.015756939	-0.0092118359	-0.0872954483	0.0939836563	-0.0595455253	-0.035326348	-0.0505614187	0.0153609116	-0.019527324	0.1028481011	0.0108475047	0.0146139162	-0.0336416783	-0.034233565	0.0102429468	-0.0214029068	0.0667061496	-0.0846460638	-0.0017799533	-0.0450087806	0.0506726619	0.1028315875	-0.003414084	-0.070286748	0.0038003568	0.003968575	0.0192257896	0.016935999	0.0705532178	-0.0515174309	-0.0178983843	0.0463364408	0.0457894591	0.1558199898	0.1421827939	0.0579119187	-0.0178092284	-0.0805080284	-0.0843382767	-0.0264992443	0.0507163915	0.0964852015737278	0.0110016906980092	0.0093093941227228	0.0001210371982146	0.2516374911919996	-0.0030738495826483	0.0633214269734036	9.448551256747347e-06	-0.1171236027818167	0.0195697026423076	0.0003829732615083	0.0137179383285927	-0.0053329429643203	-0.0001278018114449	2.8440280660693388e-05	1.6333303008597846e-08	-0.0038883597457513	-0.0004701630296613	2.2105327446029282e-07	1.5119341512379117e-05	0.005734227623939	-8.34701773359996e-05	6.967270504503221e-09	3.288136644314511e-05	0.0	0.0	0.0	0.0	0.0	0.0
2220.3584188930704	-1.1194947223480085	4929991.508349336	1.2532684333650446	2640.659531920921	8.333089813931565	6973082.763524817	69.44038584705001	2587.5969523858585	2.319884693950371	5.381864993225206	6695657.987996583	2570.6310684954533	1980.159214832744	1.107399	24.543213	0.0892252963158509	0.0416282961489365	-0.0350849529	-0.0160309515	0.0699978285	0.0755259704	-0.0583032256	0.0841541769	-0.0209233089	-0.0326632303	0.0095541268	-0.0503989494	-0.076991719	0.0148906065	-0.0549942511	-0.0531604709	-0.0067532161	-0.0170444752	0.0525096082	0.0829117131	-0.0796319484	0.0123350592	0.0197197092	0.0734222423	0.0332173233	0.0603573305	0.0405804807	0.0513784928	0.0839661306	0.0071410871	0.0585871218	0.0120371873	0.0070913448	-0.0274254345	-0.0095315619	0.015341699	0.0117840398	-0.1232462245	-0.0061471748	0.0434924753	0.023386579	0.0201472176	-0.0130612063	0.0463143875	-0.0906110326	-0.0134334182	-0.1162217631	0.0722336106	0.0077196579	-0.0331845417	-0.0305027356	0.1034073137	0.0977709865	0.1060281925	0.059612854	0.0960912877	0.0569832784	-0.0201468273	-0.0821354052	-0.0823943867	-0.0207291319	0.0565152869	0.1193461185877851	0.0228609170140573	0.0142434960219696	0.0005226215267236	0.2428836368524685	-0.008753854339531	0.0589924610506817	7.662996579772703e-05	-0.0939687548651591	0.0231548479166576	0.0005361469820435	0.0088301268909083	-0.0047789557954991	0.0005539871688211	2.283841849533444e-05	3.069017832185285e-07	-0.0038274450660873	6.0914679664000014e-05	3.710598198567737e-09	1.4649335733916018e-05	0.0058084393163659	7.421169242689991e-05	5.507375292864793e-09	3.373796729190516e-05	0.0	0.0	0.0	0.0	0.0	0.0
2219.0798708841653	-1.278548008905091	4924315.473363284	1.6346850110751718	2646.909467624344	6.249935703423034	7006129.729799388	39.06169629692198	2584.975065178827	-2.62188720703125	6.874292526394129	6682096.087596282	2572.936516633581	1974.385198086598	1.134493	25.143698	0.1125621211744184	0.0542783683810932	-0.0453762441	0.0099767112	-0.1043770641	0.0054157271	0.0819599665	0.0126323815	0.0219662632	-0.0178404577	-0.0551362082	0.0025268822	0.1178146697	0.0033346194	0.0172394951	0.0434143535	0.0180435044	0.0755113809	0.0056418037	-0.0183029753	-0.0635482272	0.0485347514	-0.0522053635	-0.1036321059	-0.0029159376	-0.0569584964	0.0086903858	0.031721514	-0.0460416213	-0.0184365492	0.0092435619	0.0548728715	0.0088215229	-0.0254667251	0.0021037645	0.0273412697	-0.0059877784	0.1209722658	0.0343854474	0.0402389826	-0.0083202255	0.0153845794	-0.0491048779	0.0718543539	-0.0921956942	-0.0288568828	-0.0630513512	0.020724128	0.0120730354	-0.0131573584	0.0302670181	0.1478671655	0.0521478294	0.1236995869	0.065068095	0.0102664571	0.0560448744	-0.0224706185	-0.0836361352	-0.0802246594	-0.0148702542	0.0619657467	0.1014741207141298	-0.0178719978736553	0.0102969971747057	0.0003194083079959	0.2316356889118651	-0.0112479479406034	0.0536550923776743	0.0001265163328745	-0.1140487302357939	-0.0200799753706348	0.0004032054108853	0.0130071128683968	-0.0056240028630073	-0.0008450470675081	3.16294082031143e-05	7.141045463042073e-07	-0.0039811672239737	-0.0001537221578863	2.3630501825251136e-08	1.5849692465242455e-05	0.0060769140907618	0.0002684747743959	7.207870448692948e-08	3.692888486649932e-05	0.0	0.0	0.0	0.0	0.0	0.0
2217.254460516917	-1.8254103672484236	4916217.342682164	3.3321230088580243	2629.773085266579	-17.136382357764887	6915706.479992502	293.6556003115157	2588.6773659242403	3.70230074541314	13.707030809486694	6701250.504848463	2568.5506397685067	1940.5661144506737	1.142591	25.323166	0.1657231885125155	0.0743582707634896	-0.0280234458	-0.0323536115	0.103223334	-0.041009348	-0.0861827263	-0.0259057144	0.0047480684	0.030433884	-0.0092518172	-0.0447329476	-0.0302917237	-0.0180305616	-0.0577973691	-0.0058269662	-0.0762401457	-0.0294953823	0.0646065126	-0.0507869721	0.0383924819	0.0084389688	0.0288610518	0.0299934025	0.0713175426	0.0326417799	-0.0616379636	-0.0304546385	0.0445623986	-0.0396708325	-0.0469824995	0.0292258274	0.0075715892	-0.0117162283	-0.0349523424	-0.0076211432	0.0414741639	-0.0810640803	-0.0735295204	-0.0068996573	-0.0519201833	0.0663825112	0.0746868485	0.0407818093	-0.0858536611	0.0230723911	0.0342792969	-0.0025567993	0.0382161712	0.0483852105	0.0565130414	0.1566009867	-0.0368753168	0.0902205694	0.1225192408	0.011103746	0.0550968674	-0.0247790096	-0.0850079043	-0.0778350419	-0.0089476998	0.0670341672	0.1288446084446661	0.0273704877305363	0.0166009331252593	0.0007491435986074	0.2577062219385198	0.0260705330266546	0.0664124968258256	0.0006796726922938	-0.0805415991700044	0.0335071310657894	0.0011227278322599	0.0064869491968616	-0.004703804842267	0.0009201980207402	2.212577999413448e-05	8.467643973743652e-07	-0.0041858003320514	-0.0002046331080777	4.1874708921539854e-08	1.7520924419801613e-05	0.0056262444857891	-0.0004506696049727	2.0310309284624974e-07	3.165462701387225e-05	0.0	0.0	0.0	0.0	0.0	0.0
2221.050191049258	3.795730532341168	4933063.951159946	14.407570274146964	2656.4687844778746	26.695699211295505	7056826.402905356	712.6603563799634	2583.651095049097	-5.026270875143382	25.26339891031462	6675252.980948398	2570.384721999872	1972.63055855798	1.118826	24.796469	0.0841728780802676	0.0372056558865814	-0.0288424896	0.0377442447	-0.0828901679	0.003320572	0.0822316782	0.0663728905	0.0375733499	-0.0324977681	0.0185684188	-0.0503096445	0.0914258729	0.0477078204	0.0551263625	0.0075239687	0.0306288988	0.0452680051	0.0199702489	-0.0062548891	0.0057335468	0.0465436228	-0.0420989831	-0.0873262427	-0.0731974941	0.0033010064	0.0388773278	0.0168110112	-0.0161267377	-0.0102526212	-0.0061811164	0.0430775082	0.0085557909	0.0057245187	-0.0320182496	0.0260822953	0.0623056725	0.0885924612	0.0408571346	0.0449643442	0.0379758126	0.0945108199	0.0448977328	0.0135100047	-0.1022460525	0.027590223	-0.0313108143	0.0456071986	-0.0589222417	-0.0577639052	0.0595589411	0.1287396215	-0.0101129378	0.1081714067	0.0983694643	0.0734531274	0.0541394198	-0.0270704183	-0.0862485974	-0.075232084	-0.00298683	0.0716892996	0.1195882649823119	-0.0092563434623542	0.0143013531214796	8.567989429306754e-05	0.2485103562849531	-0.0091958656535666	0.0617573971808743	8.456394511844716e-05	-0.0939615091266361	-0.0134199099566316	0.0001800939832441	0.0088287651973549	-0.0043631051198856	0.0003406997223814	1.9036686287171933e-05	1.160763008307632e-07	-0.0044143935448772	-0.0002285932128257	5.225485695002128e-08	1.948687036905349e-05	0.0061029667307362	0.0004767222449471	2.2726409882740333e-07	3.7246202916472906e-05	0.0	0.0	0.0	0.0	0.0	0.0
2220.863259952328	-0.1869310969300386	4932233.619406082	0.0349432349994674	2627.0858676124167	-29.3829168654579	6901580.155808884	863.3558035224104	2585.495762816263	1.8446677671659015	3.4027991712208334	6684788.339540849	2567.722755106942	1959.0640115581573	1.087589	24.104177	0.0864547683754421	0.0386237619771139	-0.0221277876	-0.0262682525	0.077419271	-0.0564157441	-0.0532021215	-0.0357307813	0.0400040904	-0.0178186776	0.0076878222	0.0587887043	0.0516754375	0.0139787323	-0.0402946487	0.0568351145	-0.0111981044	-0.0542109084	-0.0386758151	0.0552705149	-0.0055729356	0.0397013202	-0.0005277337	-0.0641300832	0.0576340439	-0.034730599	-0.0239613154	-0.0344134996	0.0237931179	0.0278272599	0.0648286525	-0.0278635791	0.0018018235	0.0006698883	-0.0189028412	0.0504587534	0.0364363847	-0.0147270112	-0.1016927095	-0.0460577511	-0.0782978818	-0.0147942841	-0.0282546266	0.0928765207	-0.0801768529	-0.0463079695	-0.1278058397	0.0303650849	-0.0568803905	0.0126497069	0.0410412927	0.0288133015	0.0039907586	0.1159615604	0.0080612999	0.094381116	0.0531726956	-0.0293432743	-0.0873563013	-0.0724229201	0.00298683	0.0759024438	0.1295351524862411	0.0099468875039291	0.0167793557296337	9.89405710158227e-05	0.2677740562948685	0.0192637000099153	0.0717029452246074	0.000371090138072	-0.1246624464440486	-0.0307009373174124	0.0009425475521676	0.0155407255534152	-0.0047002040519919	-0.0003370989321063	2.2091918130361075e-05	1.1363569002720801e-07	-0.004220918395285	0.0001934751495921	3.7432633509724166e-08	1.78161520996553e-05	0.006102675941551	-2.9078918520070857e-07	8.4558350229692e-14	3.724265364758538e-05	0.0	0.0	0.0	0.0	0.0	0.0
2224.397617327468	3.534357375140189	4947944.759972118	12.491682055207848	2646.5057456911977	19.41987807878104	7003992.661976523	377.1316645947204	2587.151144885142	1.6553820688791347	2.740289793966564	6693351.046480501	2572.202641921747	1998.7820601916703	1.052119	23.318047	0.1315512116153427	0.0702027295524763	-0.0185900376	0.0178917145	-0.0139572649	0.0866533609	0.0183820604	0.0957249206	-0.0084107135	-0.0304784815	0.0046119016	-0.0536138901	-0.0216091154	0.0455733464	0.1001226451	-0.0717651091	0.0869044335	-0.0189250261	-0.0663507658	0.0293216105	0.0219744507	-0.057883121	-0.0057508113	0.0181271237	-0.1191826545	0.0638637615	0.0494369865	0.0490506235	-0.0036089724	0.0887765034	0.019616766	-0.0654680291	0.0055834847	0.0006896323	0.0074173022	0.0199454509	0.0496417075	-0.0205914458	0.0654222992	0.0458653541	0.033083885	0.0669910585	-0.104863438	0.0159046503	-0.0839014803	0.008928444	-0.0529775759	-0.0929942232	0.0826369044	0.1051313423	0.0164424848	0.0191882502	-0.0694274444	0.1278506178	0.1006058613	0.0993074171	0.0521968607	-0.0315960199	-0.0883293083	-0.06941525	0.0089476998	0.0796476241	0.1322608821048021	0.002725729618561	0.0174929409351403	7.429601953500793e-06	0.231997516298378	-0.0357765399964905	0.0538228475686161	0.0012799608141204	-0.0786223515973674	0.0460400948466812	0.0021196903334914	0.0061814741707	-0.0051798480803496	-0.0004796440283577	2.683082613550144e-05	2.300583939392024e-07	-0.0046350160370471	-0.0004140976417621	1.714768569129329e-07	2.1483373663683807e-05	0.0061491112145034	4.643527295240032e-05	2.15623457416392e-09	3.781156872833148e-05	0.0	0.0	0.0	0.0	0.0	0.0
2222.174559411422	-2.2230579160464004	4938059.772495346	4.941986498096564	2626.9187738549617	-19.58697183623599	6900702.244431656	383.64946571350185	2591.070791821961	3.919646936818936	15.363632109314064	6713647.848232884	2575.504658683401	1952.5345670731344	1.122338	24.87431	0.0686015418182922	0.0357100811549178	-0.0138117179	-0.0257990692	0.0300427604	-0.1140097957	-0.0211937563	-0.121593251	0.0235460908	0.0248038706	-0.0565259328	0.0444338728	0.0396152491	-0.0534976067	-0.013821861	0.0474086112	-0.0621438576	-0.1157510022	-0.0749358967	0.0903121936	-0.0030874269	-0.0362135273	-0.0213742058	-0.0266546108	0.0582310126	-0.0616935651	-0.0869921854	-0.0607549188	0.0375030674	0.0691362638	0.0675159734	-0.0311303049	0.0046036909	-0.0011732743	-0.0208686408	0.0017702927	0.0588790014	0.038387989	-0.0949411581	-0.0642731648	-0.0785920999	0.0577785327	0.0528492504	0.0519398386	-0.0598431799	-0.0092408272	0.0173243294	-0.1063443701	0.0171817777	0.0402375006	-0.0177663781	0.0371057948	0.0131313902	0.0103698115	0.0985598867	0.0966748484	0.051212082	-0.0338271112	-0.0891661178	-0.0662173176	0.0148702542	0.0829017503	0.1372736908570431	0.0050128087522409	0.018844066201515	2.5128251586543964e-05	0.2603308611616342	0.0283333448632561	0.067772157273158	0.0008027784311402	-0.0790003723690375	-0.00037802077167	1.4289970381405456e-07	0.0062410588344465	-0.0053292510714587	-0.0001494029911091	2.8400916982643703e-05	2.2321253752345827e-08	-0.0044061208827248	0.0002288951543223	5.239299167222972e-08	1.941390123318357e-05	0.0058298620113123	-0.0003192492031911	1.0192005373815224e-07	3.39872910709423e-05	0.0	0.0	0.0	0.0	0.0	0.0
2221.098093374209	-1.0764660372128674	4933276.740390546	1.1587791292727745	2639.7932324591484	12.874458604186657	6968508.310137119	165.75168435091584	2591.234984231651	0.1641924096902585	0.0269591473998936	6714498.743506006	2574.303985095415	1983.656700909724	1.143845	25.350967	0.0907442653940382	0.0464044687059405	-0.0057312475	0.0351979898	0.0581180535	0.0760365134	-0.052563831	0.1003319277	0.0009037341	-0.0858261754	0.0331968151	-0.0708694746	-0.0114337705	-0.0011326305	0.0355144633	-0.0039928577	0.0435103796	-0.059804962	0.0688918982	0.0926604564	-0.1453891084	0.0035143588	0.0039370427	0.0312519421	-0.0237526988	-0.0065060777	0.0594433562	0.0461636986	0.1234080332	0.0459965638	0.0828317075	0.0534938542	0.0022321507	0.0222066448	-0.0404335084	0.0439257731	0.0931377898	-0.0895683372	0.0653507752	0.0027152783	0.0602078434	0.0703565004	-0.0477207301	0.0356019667	-0.0539199981	0.0410867946	-0.0533122961	-0.0431984614	0.000695469	-0.0088012504	-0.0107683273	-0.0331884381	0.0509523661	0.0481329885	0.0281719622	-0.1138321689	0.0502185284	-0.0360350191	-0.0898654396	-0.0628378881	0.0207291319	0.0856447597	0.1516899001877902	0.014416209330747	0.0230098258189817	0.0002078270914679	0.2606815814020109	0.0003507202403767	0.0679548868822532	1.2300468700992186e-07	-0.1050202305577769	-0.0260198581887394	0.0006770330201621	0.0110292488264086	-0.004908214586047	0.0004210364854117	2.4090570422684525e-05	1.7727172204783674e-07	-0.0047150549556569	-0.000308934072932	9.544026141841603e-08	2.223174323486469e-05	0.006099041005652	0.0002691789943397	7.245733099373232e-08	3.719830118862456e-05	0.0	0.0	0.0	0.0	0.0	0.0
2220.739696971459	-0.3583964027498041	4931684.801704888	0.1284479815039998	2647.858317367903	8.06508490875467	7011153.668854383	65.04559458542234	2584.934205221474	-6.3007790101773935	39.699816135092014	6681884.845323972	2571.5028818599512	1984.968662249456	1.106584	24.525152	0.0572862278938387	0.0372592252187242	-0.0145246742	0.0470841278	-0.0888326404	-0.0037413995	0.0834668325	0.0003445012	0.0110736778	-0.0668535764	-0.0400386337	0.0113892564	0.0898136691	-0.0277096012	0.0184730937	0.0615043317	-0.0008014485	0.032841958	0.0602186894	-0.1045701629	-0.0672339226	0.0723767223	-0.0459871739	-0.0765635287	-0.0028214403	-0.0680521309	-0.0067384746	-0.0271730213	-0.0079420051	-0.0413716632	-0.0464854941	0.109169035	-0.0015745837	0.0189476012	-0.0106903175	0.0620300117	0.0644047798	0.1105911198	0.0242337041	-0.0483901633	-0.0106800708	0.0134455797	-0.1001556027	0.0531626987	-0.0577286952	-0.0165241008	0.01354241	-0.0224946472	0.0611984241	0.0961491283	0.076857256	-0.0106653368	0.1066215978	-0.0449628601	-0.131281351	-0.0333975785	0.0492163702	-0.0382182304	-0.0904261954	-0.0592862243	0.0264992443	0.0878597406	0.1508066048620975	-0.0008832953256927	0.0227426320700328	7.80210632390575e-07	0.2395801580977945	-0.0211014233042164	0.0573986521541642	0.0004452700654637	-0.1023293216381873	0.0026909089195896	7.240990813526894e-06	0.0104712900669315	-0.0054153033691883	-0.0005070887831413	2.932551058034216e-05	2.571390339877246e-07	-0.0048571030176403	-0.0001420480619833	2.0177651913239804e-08	2.3591449723970505e-05	0.0060959658438899	-3.0751617621001957e-06	9.45661986308318e-12	3.71607995698723e-05	0.0	0.0	0.0	0.0	0.0	0.0
2223.2736531313526	2.533956159893478	4942945.73670803	6.420933820262101	2624.053267384304	-23.80504998359902	6885655.550070242	566.6804047216477	2594.5171290406392	9.582923819165444	91.83242892392842	6731519.132885281	2575.202642722208	1942.4956927190065	1.142574	25.322796	0.1003939109881048	0.0478709010451433	-0.010385681	-0.0252377726	0.0928430105	-0.0632577756	-0.0798935546	-0.0157132058	6.98953e-05	-0.0396657136	-0.0256313884	-0.057522846	-0.0949045721	-0.0522715404	-0.0858350941	0.0151118151	-0.0458507404	-0.0439811801	0.0222698871	-0.0271060767	-0.0288485445	0.0425319061	0.0525908026	0.1048335152	0.0846448727	-0.0007772512	-0.0257260311	-0.0565626961	0.0229302027	-0.0076861746	-0.0206423032	0.0423125585	-0.0057503555	0.0083313629	-0.0055736758	0.0264006738	0.0732741564	-0.0963861175	-0.0258963266	-0.0861457185	-0.086850762	0.0294791218	-0.0768320997	0.0515102466	-0.0594026313	0.0045392357	0.0798301906	-0.0996107183	0.0781263951	0.0118004659	0.0720695006	0.0944934218	0.0224687289	-0.1606861092	-0.0532103582	-0.0172552895	0.0482057789	-0.0403752488	-0.0908475206	-0.0555720611	0.0321558829	0.089533037	0.1734210606027062	0.0226144557406087	0.0300748642605674	0.0005114136084439	0.2469088448352749	0.0073286867374803	0.0609639776578898	5.370964929612086e-05	-0.0956361493654966	0.0066931722726907	4.47985550719156e-05	0.0091462730654595	-0.0059126912987324	-0.000497387929544	3.495991839410584e-05	2.4739475245616644e-07	-0.005420007916516	-0.0005629048988757	3.1686192517826294e-07	2.937648581509612e-05	0.0058811067475632	-0.0002148590963266	4.6164431274326e-08	3.45874165762334e-05	0.0	0.0	0.0	0.0	0.0	0.0
2225.1924194471526	1.918766315799985	4951481.303565073	3.681664174648648	2642.950882074488	18.897614690184128	6985189.365058315	357.1198409786629	2589.610891919617	-4.906237121022059	24.071162687694823	6706084.571548715	2574.223200163294	1977.91733123279	1.077561	23.881918	0.0599200422137001	0.03212566494715	-0.0086287607	0.0352062448	-0.0334208414	0.0460619834	-0.0116635101	0.0805988853	0.0086695284	-0.0407792436	-0.0156946629	0.0171559211	0.0348838816	0.000882298	0.072829762	-0.0187167559	0.0295624572	-0.0039047351	-0.0222020125	-0.0784598982	-0.0407822008	-0.1104691353	-0.0294595162	-0.0132162369	-0.0801739095	-0.0048932309	0.0216502198	0.0484143115	0.0259227975	0.0796105635	-0.0965056063	0.0332867894	0.004103375	0.0180229333	-0.0202648756	0.0429465175	0.0895826177	0.0684611	0.0666662757	-0.0107030405	0.0799948895	0.0531358098	-0.0413039054	0.0981326075	-0.0090832043	0.0349292039	0.0502748952	-0.0953130007	-0.0443600099	-0.0159377468	0.0918466559	0.0229806054	0.0082738309	-0.0947560209	0.0171658385	-0.0219263976	0.0471869279	-0.042504596	-0.0911287655	-0.0517055788	0.037674825	0.0906543325	0.1501790569756735	-0.0232420036270327	0.0225537491541025	0.000540190732599	0.2426899770100732	-0.0042188678252017	0.0588984249411498	1.779884572652212e-05	-0.1014335077944323	-0.0057973584289357	3.360936475355191e-05	0.0102887565034831	-0.0059130954715744	-4.041728420001167e-07	3.496469805595368e-05	1.633556862104513e-13	-0.0050981253373512	0.0003218825791648	1.0360839476978388e-07	2.5990881955342288e-05	0.006092056242207	0.0002109494946438	4.449968929047464e-08	3.711314925821328e-05	0.0	0.0	0.0	0.0	0.0	0.0
2219.608731160769	-5.583688286383676	4926662.919445119	31.17757487949828	2603.6841994423903	-39.266682632097854	6779171.410425961	1541.8723649298952	2578.318931649584	-11.291960270033089	127.50836674000573	6647728.513302653	2562.891320600666	1949.731126728996	1.143226	25.337255	0.1114174927298512	0.0550404614181605	0.0040637025	0.0276108677	0.0791450554	-0.1221640735	-0.0595051654	-0.0692064502	0.1098306104	-0.0618337275	-0.0126458564	-0.0472613175	-0.0524995447	0.0299462758	-0.1529541633	-0.0372258915	0.0263082381	-0.1346134669	0.0076223026	-0.1314260222	0.0202074129	-0.0406464441	0.0470811469	0.0358268086	0.1183023516	0.0808069567	0.0613808618	-0.1545891921	0.0248363834	0.0295391781	-0.0905182169	0.0156085666	0.0050039914	0.0358623081	-0.0620318163	0.0744339388	0.1027917626	-0.0450995789	-0.0855049013	-0.1126031021	-0.0842303337	0.0532892783	-0.0555258305	-0.0099221131	0.050734139	0.0049323108	0.0328204191	0.0228895262	-0.0876008869	0.0421362349	0.1562715745	-0.0657954393	-0.0363999221	0.000925284	0.0245846212	-0.0330785704	0.0461599916	-0.0446048127	-0.0912694965	-0.047697375	0.0430324377	0.0912167139	0.1373698623816324	-0.012809194594041	0.0188704790907486	0.000164075466148	0.2595985249873678	0.0169085479772946	0.067391394175617	0.0002858989947004	-0.1404690683510878	-0.0390355605566554	0.0015237749879723	0.0197315591634225	-0.0055088350468908	0.0004042604246835	3.034726357385237e-05	1.634264909653646e-07	-0.0048358635275211	0.0002622618098301	6.87812568953597e-08	2.3385576056808812e-05	0.0059052946846835	-0.0001867615575235	3.4879879368603655e-08	3.48725053129512e-05	0.0	0.0	0.0	0.0	0.0	0.0
2229.5209889748085	9.912257814039547	4970763.840279208	98.2528549719881	2646.95815224684	43.27395280444989	7006387.459746007	1872.6349913217568	2596.3575411455345	18.038609495950368	325.3914325473908	6741072.481463286	2580.169835425205	1990.2723460775908	1.156216	25.625135	0.0693785920511787	0.0360899256690894	0.0011038126	0.095213477	-0.015513684	0.0336355131	0.0571457672	0.0941271244	0.0478748507	-0.0932496745	0.003846247	-0.0902200741	0.013801158	-0.0179196498	0.1215618468	-0.0107972495	0.0623140043	-0.0481713212	0.0447011428	0.0632669724	0.0005197992	-0.1135641307	-0.0303586935	0.0066251888	-0.114995051	-0.010169631	0.0376594664	0.0465121721	0.1138821214	0.0325755066	0.0238607614	0.0304073719	0.0077528792	0.0441600996	-0.0774907802	0.1311550738	0.1069711918	0.0331827193	0.0950976393	0.00177537	0.0661797283	0.0529399895	-0.0919279741	-0.0126224238	0.0343115525	0.0145090492	0.0114610516	-0.0184104161	-0.0084222683	-0.0888423498	0.0443344645	-0.0766183021	-0.0480833884	-0.0878344891	-0.070466646	0.0361101829	0.0451251461	-0.0466744595	-0.0912694965	-0.0435584361	0.0482057789	0.0912167139	0.1217851196837216	-0.0155847426979107	0.0148316153763783	0.00024288420496	0.2527715041512408	-0.006827020836127	0.0638934333108807	4.660821349691245e-05	-0.1697623801467287	-0.0292933117956409	0.0008580981159566	0.0288192657130824	-0.0054171489062083	9.168614068250004e-05	2.9345502272033783e-05	8.40634839325119e-09	-0.0049071143451882	-7.125081766709996e-05	5.0766790182303245e-09	2.407977119675181e-05	0.0060958280607639	0.0001905333760804	3.630296740059514e-08	3.715911974639657e-05	0.0	0.0	0.0	0.0	0.0	0.0
2225.114501103508	-4.406487871300669	4951134.543021113	19.417135359919904	2655.3907405474715	8.432588300631323	7051099.984985249	71.10854544794427	2585.044064023079	-11.313477122455424	127.99476460032228	6682452.812940957	2574.996100754034	1981.4714842874496	0.998842	22.137268	0.0693009431508293	0.0365515995975784	0.0027993608	0.072836878	-0.0582178885	-0.0678707586	0.120474573	-0.0761423454	0.0290099867	-0.0146771191	0.0203775586	-0.0218532633	0.0858823946	0.0113201481	-0.0387447692	0.0212009669	0.0189296725	-0.0752955266	0.0297578136	0.0616103013	0.0502833567	-0.0510975466	-0.0299740136	-0.0823451503	0.0410926669	-0.0268915638	0.0492926306	-0.0704239027	0.0473902502	-0.013982979	0.041678958	0.0076185463	0.0088105469	0.0377098214	-0.0459353352	0.1218817765	0.0710921478	0.0694719174	-0.0516382534	-0.0976690376	-0.0486397989	-0.0410290931	-0.0956201488	-0.0188574737	0.0019277244	-0.037904169	-0.0047664668	-0.098805855	0.0868323969	-0.0665393601	-0.0749598818	0.0286434403	6.59402e-05	0.0183096045	-0.0879762125	0.0060465326	0.0440825686	-0.0487121179	-0.0911287655	-0.0393001065	0.0531726956	0.0906543325	0.1233516524207658	0.0015665327370441	0.0152156301549334	2.454024816231189e-06	0.2585533893993386	0.0057818852480978	0.066849855169886	3.343019702217104e-05	-0.1511738943116114	0.0185884858351172	0.0003455318056423	0.0228535463213382	-0.0059149686362359	-0.0004978197300276	3.498685396765439e-05	2.478244836047526e-07	-0.0046900826721854	0.0002170316730027	4.710274708639416e-08	2.1996875471933745e-05	0.0062482574443449	0.000152429383581	2.3234716978883705e-08	3.904072109081146e-05	0.0	0.0	0.0	0.0	0.0	0.0
2218.719747042057	-6.39475406145084	4922717.315914369	40.892879506442014	2619.233584804389	-36.15715574308251	6860384.57176725	1307.3399114295248	2585.8932590309632	0.849195007884191	0.7211321614154312	6686843.9471017765	2565.3556954805968	1960.3617445773768	1.096542	24.302599	0.0508336229831604	0.0278635293672092	0.0080053941	0.0545098794	0.11385938	-0.0030615239	-0.0845994362	0.015231663	0.0369940988	-0.0731805847	0.0036534071	-0.0844931699	0.0152486121	0.0186095394	0.0791679866	-0.075573862	0.0020748977	-0.0590938382	0.0609145976	0.0865611495	0.0497200761	0.0335708445	-0.0076054161	2.83102e-05	-0.0680913661	0.0639092765	-0.0050973632	-0.0052202817	0.1304431779	0.0102974905	0.0683621947	-0.0205544272	0.0121394723	0.0328065612	-0.0689994832	0.1062212736	0.1152071325	-0.1026184713	0.0677615419	-0.026715036	-0.030208743	0.0258917286	-0.0579830742	0.0449342928	0.0444346141	0.0459674394	-0.0105555086	-0.0636857651	0.0042623033	0.0305240728	-0.0374406364	-0.0140226559	0.0315305217	0.0103173081	-0.0271364187	-0.1444347245	0.0430324377	-0.0507163915	-0.0908475206	-0.034934058	0.0579119187	0.089533037	0.144480861849729	0.0211292094289631	0.0208747194408404	0.0004464434910929	0.24920356835392	-0.0093498210454185	0.0621024184803268	8.741915358135244e-05	-0.1355922207215627	0.0155816735900486	0.0002427885518668	0.0183852503202049	-0.0059150658928755	-9.725663959944677e-08	3.4988004517059034e-05	9.458853946176672e-15	-0.0047133727001542	-2.329002796879961e-05	5.424254027874682e-10	2.221588221055889e-05	0.0061761863505787	-7.207109376620047e-05	5.194242556656461e-09	3.814527783707464e-05	0.0	0.0	0.0	0.0	0.0	0.0
2217.502275600067	-1.217471441989801	4917316.342291476	1.4822367120607252	2640.20698931745	20.973404513060814	6970692.946440713	439.8836968684797	2577.4710928540712	-8.422166176892006	70.9328831111837	6643357.23449836	2565.394827220479	1957.37957612022	1.11931	24.807205	0.0728589612478684	0.0370911769938214	0.0013394184	0.1212832297	-0.0426281117	-0.0679208306	0.1000037232	-0.0115790639	0.079373815	-0.0678949585	-0.0354350462	0.0187167738	0.1150435043	0.0478458344	-0.0621613071	0.0198115893	0.0867260575	-0.1139944208	0.069819409	0.0391302392	-0.0816973261	-0.0908399071	-0.0209015271	-0.1218077886	0.0442474862	-0.0080258144	0.1091502237	-0.0538333569	0.0765270467	0.0460837713	0.0211494642	0.103635158	0.0168052178	0.0441500595	-0.1124671805	0.1324453195	0.1251891962	0.0749854479	-0.0267252711	-0.078360104	0.0271968099	0.0465297048	0.0121762238	-0.0488616469	0.0526063908	0.0438427974	0.0815864308	-0.0133989796	0.0134308324	0.1000100951	-0.0051651509	-0.0937875501	0.0530679547	-0.0805910012	0.0703161457	0.0105593282	0.0419749335	-0.0526859066	-0.0904261954	-0.0304722578	0.062403154	0.0878597406	0.1217753662340896	-0.0227054956156393	0.0148292398214466	0.0005155395311518	0.2611203270550248	0.0119167587011048	0.0681838252013231	0.0001420091379403	-0.151740845570572	-0.0161486248490092	0.000260778084514	0.0230252842144721	-0.0056239170212321	0.0002911488716433	3.162844266170414e-05	8.476766545922477e-08	-0.0047060643404492	7.308359704999434e-06	5.341212157765942e-11	2.214704157644757e-05	0.0060328819402848	-0.0001433044102938	2.0536154009682403e-08	3.639566450541449e-05	0.0	0.0	0.0	0.0	0.0	0.0
2223.8536110813016	6.3513354812344005	4945524.883519345	40.33946239518701	2626.0720662124286	-14.134923105021244	6896254.4969412135	199.7960511848634	2586.952295705813	9.481202851741727	89.89320751587546	6692322.180257576	2566.2450021212217	1969.2569948665432	1.10098	24.400953	0.0498656434432071	0.0244677381522569	0.0183791502	0.083030894	0.1129333062	-0.0017119226	-0.0668970532	0.048446546	0.0542678949	-0.104638942	0.0057697684	-0.039576902	-0.0593909466	0.0231250538	-0.0259068922	-0.0408519466	0.0310793707	-0.1191313063	0.0661281352	0.0823997961	-0.0910392239	0.0091406698	0.042716056	0.0466242503	0.0223140489	0.0636772051	0.0514504586	-0.0371229713	0.1604022846	0.0504502057	0.0974753664	0.0821617371	0.0125722861	0.0469896612	-0.096575036	0.155680021	0.1303548177	-0.1200873951	0.04098053	-0.0511633434	-0.0013105269	0.0078753748	-0.0698720295	0.0453608768	0.0844698835	0.0089828777	-0.0041043369	-0.0016062408	0.0443118597	-0.0114915251	0.0125930298	0.0383073543	0.0681824212	-0.0683711706	-0.049472953	-0.0477316869	0.0409102371	-0.0546193134	-0.0898654396	-0.0259269352	0.0666271694	0.0856447597	0.1382626435177343	0.0164872772836446	0.019116558592512	0.0002718303122277	0.2578873055400663	-0.0032330215149585	0.0665058623587155	1.0452428116184702e-05	-0.1678263684799859	-0.0160855229094138	0.0002587440472692	0.02816568995718	-0.0056431071966263	-1.919017539419969e-05	3.184465883261554e-05	3.6826283166014727e-10	-0.0045579375472024	0.0001481267932468	2.1941546877580237e-08	2.0774794684197436e-05	0.0061467614063476	0.0001138794660628	1.2968532790748468e-08	3.778267578656433e-05	0.0	0.0	0.0	0.0	0.0	0.0
2214.661569921944	-9.19204115935736	4904725.869289131	84.49362067531978	2644.5041373449426	18.43207113251401	6993402.132434519	339.74124623405635	2573.001881450688	-13.950414255124995	194.61405788959476	6620338.68194878	2561.809816854508	1945.0356845543035	1.428429	31.658176	0.3901194975199253	0.2022222514766019	0.0140759882	0.1903456067	-0.0153088098	-0.0923878411	0.1278096256	0.0431328145	0.1603313052	-0.195043377	0.0357894219	-0.0948038205	0.1872808108	0.1041309938	0.0217085084	0.029925858	0.1267716388	-0.11289029	0.144265526	0.1016457668	0.0314893915	3.1783e-05	-0.0534574249	-0.1935093462	-0.0361922861	0.020466716	0.1598581299	-0.0360246859	0.1855874083	-0.041819312	0.1015040093	0.0644727164	0.0182677973	0.0892962295	-0.2520844436	0.2739219967	0.1761319563	0.0785104295	0.0074428172	-0.0359232332	6.89686e-05	0.0457702943	0.0279365753	-0.1147995439	0.3035178557	0.1362324422	0.0454281809	0.2975104672	-0.0576229782	-0.0314101091	-0.1543589644	-0.046624717	0.1026882311	-0.0924999378	-0.0695524176	-0.0768139463	0.0398385309	-0.0565152869	-0.0891661178	-0.0213105486	0.0705658771	0.0829017503	0.0667998209729034	-0.0714628225448308	0.0044622160820119	0.0051069350060739	0.2624920962879429	0.0046047907478766	0.0689021006136386	2.120409783173012e-05	-0.3194901240151537	-0.1516637555351678	0.0230018947430311	0.1020739393432182	-0.0044058535181252	0.001237253678501	1.941154522317621e-05	1.5307966649645026e-06	-0.0036481627991804	0.000909774748022	8.276900921384939e-07	1.3309091809323772e-05	0.0050460272590297	-0.0011007341473179	1.2116156630716644e-06	2.546239109887079e-05	0.0	0.0	0.0	0.0	0.0	0.0
2256.1187741728177	41.457204250873474	5090071.923175057	1718.6997842986416	2718.2490271648376	73.74488981989498	7388877.773682586	5438.30877454845	2613.0929520633244	40.091070612636486	1607.293942867405	6828254.77612302	2599.3879782754866	1985.8004265456905	2.443621	54.157833	0.8765336525470314	0.5931657823963384	0.0288371177	-0.0900910425	-0.0646782611	0.0220046818	-0.0100704416	-0.1042718748	-0.2885211617	0.2656682713	-0.0464361821	0.142104634	-0.098682348	-0.1400776999	0.0047394055	0.0392878479	-0.0587961872	-0.0062620862	-0.1208541561	-0.0073756379	0.0682148211	-0.0200169059	-0.0042330922	0.1349744947	0.0483982328	-0.0945343884	-0.1152437574	-0.0326827881	-0.0967671955	0.0672034023	-0.0493579046	-0.1050539307	-0.0281607189	-0.0228127972	0.0957564768	-0.1642457786	-0.0167035062	-0.0096069822	-0.070432159	0.0223725972	0.0549534761	0.0678516876	0.0296696949	-0.087658181	0.1318492831	-0.2053079532	0.109501672	-0.0120012992	0.0411771582	0.0306099597	0.1002218489	0.0328217472	-0.1318039767	-0.0268630557	-0.0316927165	-0.05679474	0.0387599986	-0.0583725276	-0.0883293083	-0.0166357513	0.0742024108	0.0796476241	0.0572205383244295	-0.0095792826484739	0.0032741900061375	9.17626560593533e-05	0.2136963173759198	-0.0487957789120231	0.0456661160600298	0.002381028039631	0.2222170429563306	0.5417071669714844	0.2934466547482716	0.0493804141802556	-0.0070773572808455	-0.0026715037627202	5.0088986080736805e-05	7.136932354228719e-06	-0.0029867102798497	0.0006614525193307	4.375194353289304e-07	8.920438295759872e-06	0.0072420994572797	0.00219607219825	4.822733099926588e-06	5.244800454913093e-05	0.0	0.0	0.0	0.0	0.0	1.0
2228.7852962550887	-27.333477917728946	4967483.896802884	747.1190150789757	2657.100243954258	-61.148783210579495	7060181.706421778	3739.1736881344486	2597.5869084629444	-15.506043600380051	240.4373881368872	6747457.747018077	2578.961611888448	2018.9733238095143	1.357795	30.092718	0.1050935139235099	0.0646392421593619	0.0299948021	-0.0476213129	-0.0093288809	0.112744805	-0.0314994637	0.0602699813	-0.0527049395	-0.0560076892	0.0512673123	0.0081035904	-0.0270120131	-0.0636446551	0.0586273079	-0.043230416	-0.0245490067	-0.0231551561	-0.044255085	-0.0827687462	-0.0888767389	-0.1079797026	-0.0441284808	0.0592617669	-0.056181346	0.0019707304	-0.035917409	0.0290803693	0.0087321385	0.0902629465	-0.0884462991	0.0335266061	-0.0228278203	-0.0130061983	0.0697985138	-0.1248627309	0.013652335	0.0182026282	0.0680978187	0.0710238892	0.0634994987	0.0041837751	0.0649061795	0.046453838	-0.0160430422	-0.0931346249	-0.0200920184	-0.0626271186	-0.0471892928	-0.0067292215	0.0587633237	-0.0482540067	-0.0778423545	-0.0522130279	-0.1108441323	0.0099837046	0.037674825	-0.0601897627	-0.0873563013	-0.0119153566	0.0775211985	0.0759024438	0.119933178728715	0.0627126404042855	0.0143839673599738	0.0039328752664772	0.2072058705899166	-0.0064904467860031	0.0429342728069252	4.212589948193914e-05	0.2126748883454894	-0.0095421546108412	9.105271461719812e-05	0.0452306081327663	-0.0072468877745897	-0.0001695304937442	5.251738241749766e-05	2.8740588309152315e-08	-0.0029855293212592	1.1809585904998777e-06	1.3946631924754573e-12	8.91338532809842e-06	0.0068858454671668	-0.0003562539901129	1.2691690547136258e-07	4.741486779770156e-05	0.0	0.0	0.0	0.0	0.0	0.0
2215.163205333736	-13.622090921352536	4906948.026264432	185.5613610695952	2658.3968067897185	1.2965628354604632	7067073.582349773	1.6810751862972764	2582.56971446746	-15.017193995484377	225.516115498012	6669666.330084538	2572.697988041112	2024.500495935659	1.131128	25.069122	0.1677045161783862	0.1026675158552265	0.0305877068	0.0162207511	-0.0682565435	0.084635241	0.0869324958	0.0625242544	0.0332664092	-0.082435032	-0.0673214397	0.1102352071	0.0140215154	0.0333997913	-0.1297669351	-0.0187480193	0.1027963375	0.034828281	-0.054146436	-0.1161760677	0.0837040885	-0.0398212642	0.0160355653	-0.0176318311	0.0823136739	0.0101642055	0.1431111597	0.0052997213	-0.0804682186	0.0482411929	-0.1286006559	-0.0925778174	-0.0216587188	0.030622812	0.065014288	-0.0898262194	0.0339532374	0.0152344715	-0.0713706777	-0.0431579238	0.1203311418	0.02611974	-0.0421739092	0.005927545	-0.1650940577	-0.1120900364	-0.0468150895	-0.0554848828	-0.1424156687	0.0926399604	0.1027025755	-0.0504280616	0.0010574005	0.0369125155	-0.1295338016	0.0038690568	0.036583196	-0.0619657467	-0.0862485974	-0.0071623028	0.0805080284	0.0716892996	0.1609238480907322	0.0409906693620172	0.025896484884329	0.0016802349747462	0.2061866129386516	-0.001019257651265	0.0425129193551133	1.0388861596622644e-06	0.2221831717366384	0.009508283391149	9.040745304640008e-05	0.0493653618029525	-0.0055895409365149	0.0016573468380748	3.124296788097586e-05	2.7467985416765377e-06	-0.0036508282467906	-0.0006652989255314	4.426226603132356e-07	1.3328546887564128e-05	0.0068869258190397	1.0803518729002662e-06	1.1671601692791128e-12	4.742974723695565e-05	0.0	0.0	0.0	0.0	0.0	0.0
2216.3931545677806	1.2299492340443976	4912398.615614918	1.5127751183264004	2636.326497085222	-22.070309704496594	6950217.399233636	487.0985704523965	2589.798527428863	7.228812961403037	52.25573683094854	6707056.412672708	2574.726990146324	1962.820909343782	1.19291	26.438395	0.2700708501624364	0.1503405666739567	0.0218050945	-0.0906003844	-0.0514043511	-0.0717196505	-0.0012843749	-0.1188879622	-0.0252881561	-0.0796646057	-0.0410895158	-0.0492663091	-0.0234087206	0.0071100152	0.0296906786	-0.1003343905	0.0400016482	-0.0258436837	-0.0556627818	-0.0390485795	0.038116825	0.0732828334	-0.0374553124	0.0321483176	-0.0364341972	0.0655995555	-0.0051113148	-0.1153798528	-0.1074413163	0.0253477471	0.0074328853	-0.0809786649	-0.0335167332	-0.0045148486	0.1047679777	-0.1399271161	-0.017420851	0.0003114165	0.042792172	0.0540819623	-0.1028180023	0.0064503059	-0.0342320661	-0.0797079231	-0.0417915261	-0.0787591186	0.0152916481	-0.0599347788	-0.0370418327	0.1317667106	-0.0176249837	-0.0447314917	-0.0565136357	0.063432693	-0.0745900485	0.0234534181	0.0354852986	-0.0636992625	-0.0850079043	-0.0023896175	0.0831501106	0.0670341672	0.1245727004848902	-0.036351147605842	0.0155183577060981	0.0013214059322617	0.1977962464082168	-0.0083903665304347	0.03912335509318	7.039825051504032e-05	0.287263704705623	0.0650805329689846	0.004235475771527	0.0825204360411993	-0.0076932121878471	-0.0021036712513322	5.918551376723917e-05	4.4254327336815855e-06	-0.0027960193665796	0.000854808880211	7.306982216875842e-07	7.817724298288187e-06	0.00713342174864	0.0002464959296002	6.076024330951594e-08	5.088570584397015e-05	0.0	0.0	0.0	0.0	0.0	0.0
2219.642939242493	3.249784674712373	4926814.777729053	10.561100431995404	2649.763373687977	13.436876602755092	7021245.93653829	180.5496528376672	2592.083043649656	2.2845162207927387	5.2190143630651376	6718894.505176064	2573.5545172019083	1967.5605834210503	1.149229	25.470287	0.1299968248430505	0.06303707633136	0.0211862745	-0.05365046	0.0367643695	0.0670312954	-0.0771208764	0.045763221	-0.0479820899	0.0438919024	-0.0352356254	0.0811510991	0.0138033672	-0.0027331421	-0.0233564773	0.0736136004	-0.0167934239	-0.0029953428	-0.1178777575	0.0107119889	0.0625198334	0.0114654331	0.0125927521	-0.0108884716	0.0457001776	-0.0571505461	-0.03991864	0.0821150509	-0.0174472962	0.0924039229	-0.0073802734	-0.1454697287	-0.0186852589	-0.025906537	0.0234733731	-0.1314221046	0.0096918078	0.0081768863	-0.0553233328	0.0297408838	0.1310392266	0.0200957874	0.1901384896	0.0057660033	0.0371989696	-0.0633678804	0.0393635545	-0.0934942469	-0.0438230183	0.0160266537	-0.0911074775	-0.1116144841	-0.0188213849	-0.0397503493	-0.045392345	-0.0227260532	0.034381321	-0.0653891221	-0.0836361352	0.0023896175	0.0854361313	0.0619657467	0.10713593597508	-0.0174367645098102	0.0114781087772564	0.0003040407565705	0.1981404875300683	0.0003442411218514	0.0392596527986531	1.1850194997357669e-07	0.2685276080952192	-0.0187360966104038	0.0003510413161943	0.0721070763093396	-0.0081892275952599	-0.0004960154074128	6.706344860696625e-05	2.460312843908863e-07	-0.0021856470675913	0.0006103722989882	3.725543433722626e-07	4.777053104070448e-06	0.0063702150030214	-0.0007632067456185	5.824845365577339e-07	4.057963918471894e-05	0.0	0.0	0.0	0.0	0.0	0.0
2231.4405899151816	11.797650672688633	4979327.1063210135	139.18456139479056	2643.8127515953006	-5.95062209267644	6989745.865497915	35.409903289848934	2596.075590081171	3.9925464315151658	15.940427007804484	6739608.4694153	2578.374610975922	1973.4647857165728	1.150037	25.488209	0.1248048887892862	0.0659569945850594	0.0268988004	-0.0978565926	0.0262873323	-0.0657926122	-0.0622717264	-0.0920886131	-0.00744219	0.0558446243	0.0494142925	0.0247164822	-0.0929220383	-0.0244861892	-0.0036101695	-0.0217714058	-0.0430245545	-0.0086713493	-0.1053429829	-0.0298040188	0.0404074034	0.1331707577	0.0309765371	0.0770259507	0.0135847386	0.0168422288	-0.0790722874	-0.0683719932	-0.094588119	0.0447720668	0.0298180988	-0.0543882153	-0.0264601809	-0.0173852781	0.0797023693	-0.0844008601	-0.0222723751	-0.0535137233	0.015759522	0.0113607118	-0.1227929313	-0.0162015839	-0.0404576518	-0.0746845639	0.0261169294	-0.1423854158	-0.018126895	0.0149909128	-0.0396603786	-0.0250568001	-0.0109078923	-0.0589727727	0.0328526761	-0.0519433477	-0.0476094526	-0.049978929	0.0332714524	-0.0670341672	-0.0821354052	0.0071623028	0.0873563013	0.0565152869	0.1277323496927778	0.0205964137176977	0.016315553158038	0.0004242122580305	0.2012639291731801	0.0031234416431117	0.0405071691862268	9.755887697924884e-06	0.2248260641343975	-0.0437015439608216	0.0019098249445596	0.0505467591141642	-0.0084011417842414	-0.0002119141889814	7.057918327892677e-05	4.490762349168664e-08	-0.0029310382328706	-0.0007453911652793	5.556079892764327e-07	8.59098512254921e-06	0.0061798505679291	-0.0001903644350923	3.6238618148010506e-08	3.819055304193362e-05	0.0	0.0	0.0	0.0	0.0	0.0
2236.81974358572	5.379153670538472	5003362.565294886	28.93529421126751	2667.801392533397	23.988640938096523	7117164.2700031325	575.4548940569205	2606.2702843902307	10.19469430905974	103.93179205517508	6792644.795295534	2589.4892121862194	2018.9594250788448	1.056417	23.413317	0.1374184139249598	0.075295593781006	0.0309845086	-0.0693415406	-0.0215644299	0.1149847794	-0.0166680714	0.0502863855	-0.0725234171	0.0330808167	0.0218122095	0.0754493475	-0.00691074	-0.0992236004	0.0693911951	0.0464617021	-0.003996201	0.1157067874	-0.0734395965	-0.0861716854	0.0966921441	0.0346068063	-0.0349850591	0.0507975872	-0.048046329	-0.101372551	-0.0393457162	0.1055329278	-0.0640554331	-0.0195134873	-0.0643857257	-0.0799741153	-0.0352390521	-0.012903705	0.1151211318	-0.0896823593	-0.044033377	0.0342818353	0.0583336617	0.0268968226	0.0541257252	-0.0996274785	-0.0946752385	0.1403296485	0.014734251	-0.0898148964	0.0351870565	-0.0258763447	-0.0136111187	0.0461906743	0.0063817725	-0.0396268023	0.0307949867	-0.0233776741	-0.0515075509	-0.1125067175	0.0321558829	-0.0686332704	-0.0805080284	0.0119153566	0.0889023983	0.0507163915	0.160537174660817	0.0328048249680391	0.0257721844480776	0.0010761565411836	0.1942321152260575	-0.0070318139471226	0.0377261145851884	4.944640738694793e-05	0.2473886439615356	0.022562579827138	0.0005090700084559	0.0612011411611274	-0.0094489774911322	-0.0010478357068907	8.928317562792296e-05	1.0979596686353422e-06	-0.0029692561349439	-3.821790207330029e-05	1.46060803888437e-09	8.816481994901988e-06	0.0065941808626182	0.000414330294689	1.7166959309715614e-07	4.348322124892011e-05	0.0	0.0	0.0	0.0	0.0	0.0
2231.694209573633	-5.125534012086973	4980459.045044483	26.271098909060385	2654.052897446028	-13.748495087369063	7043996.782441657	189.0211171674113	2596.9749655067376	-9.29531888349311	86.40295314582359	6744278.971468721	2583.607451692175	1974.185448568376	1.092597	24.215153	0.110631683151146	0.069742357599385	0.0264409309	-0.0901871426	-0.0780710349	-0.0705601171	0.0279868516	-0.1198904281	-0.0418595926	0.021665716	0.0337626882	-0.0071517792	-0.0576908714	-0.0328002714	-0.0127140457	-0.0233059311	-0.0389592507	0.0203309082	-0.0160659031	-0.0482719201	0.0373624495	0.1324679251	-0.0107516407	0.0635565749	-0.003566835	0.0124184992	-0.0317372192	-0.1037726316	-0.1092321247	-0.0568605133	-0.0306228297	-0.0287842073	-0.0384927432	-0.0109634914	0.0867952344	-0.1337060935	-0.0504332009	-0.014966032	-0.0329760027	-0.0145983543	-0.0714678801	-0.0122197551	-0.0396503521	-0.1198545531	-0.0374134774	-0.0342380918	0.1672755854	-0.053912551	-0.028024356	-0.0039421848	0.0231657686	0.0645277572	0.0244203707	-0.111701606	-0.0601707924	-0.0153943552	0.0310348036	-0.0701853358	-0.0787565141	0.0166357513	0.0900678015	0.0446048127	0.161266363777031	0.000729189116214	0.0260068400858656	5.317167672049571e-07	0.2062561104078213	0.0120239951817638	0.0425415830805633	0.000144576460131	0.3130672316623588	0.0656785877008231	0.0043136768823747	0.098011091540733	-0.0095444146469309	-9.543715579870064e-05	9.10958509525491e-05	9.108250706945457e-09	-0.0031020676951114	-0.0001328115601674	1.7638910514125382e-08	9.622823985053752e-06	0.0070099303696989	0.0004157495070807	1.728476526378453e-07	4.913912378802696e-05	0.0	0.0	0.0	0.0	0.0	0.0
2229.691745838221	-2.002463735412221	4971525.281459093	4.009861011641064	2651.051509944537	-3.001387501491081	7028074.108379209	9.008326934106874	2601.2274147523653	4.252449245627759	18.08332458664009	6766384.063259274	2582.5706246798154	1988.0275718313749	1.106442	24.522009	0.076382062129723	0.0377609289222183	0.0305544708	-0.0551134956	0.0501102633	0.0760012197	-0.0801459658	0.0530583224	-0.0093824645	-0.0266069746	0.0331054775	0.0237293485	-0.0461183169	-0.0354600227	0.0869536602	-0.0035681861	0.0098631971	0.0326690488	-0.0318875996	-0.1276715556	-0.0145676324	-0.0170851885	-0.019114148	0.0728176422	-0.0978507954	-0.0128457557	-0.0275742994	0.0702548834	-0.0216670169	0.0273090893	-0.1022474802	-0.000393923	-0.0283261478	-0.0115383535	0.046932755	-0.1015692489	-0.0380425157	0.0042767059	0.0701879828	0.0166272276	0.0774713265	-0.0042305513	0.1282573338	0.1075842571	0.0062115146	-0.0327674832	0.0483458769	-0.0373851288	-0.1240564955	-0.0542031238	0.0054737366	-0.0061895872	0.0421197991	-0.0937290081	-0.0142688564	-0.0886454205	0.0299084066	-0.0716892996	-0.0768835629	0.0213105486	0.0908475206	0.0382182304	0.1602954801387568	-0.0009708836382741	0.0256946409529145	9.426150390685268e-07	0.1984876453145148	-0.0077684650933065	0.0393973453425006	6.034904990592162e-05	0.2996549358282365	-0.0134122958341222	0.000179889679542	0.0897930805662245	-0.009181280904576	0.0003631337423549	8.429591904873187e-05	1.318661148366759e-07	-0.0029277657417743	0.000174301953337	3.0381170937128514e-08	8.571812238707218e-06	0.0064627577141105	-0.0005471726555883	2.993979150236616e-07	4.176723727129478e-05	0.0	0.0	0.0	0.0	0.0	0.0
2233.4745261503426	3.7827803121217594	4988408.458962497	14.309426889775988	2652.314129778447	1.2626198339098664	7034770.2430224	1.5942088449825786	2592.230650735557	-8.996764016808356	80.94176277413763	6719659.74661289	2579.358113273245	1996.518615472512	1.160919	25.729376	0.0781367508171956	0.052794890077482	0.0313434539	-0.074221336	-0.071069508	-0.0539084822	0.0166282828	-0.1085352451	-0.0080411296	0.0143111523	0.0384503272	0.0431616824	-0.0858153504	-0.0091595666	-0.080917957	-0.0187491537	-0.0107734189	0.0133244389	-0.0470433262	-0.1155339692	0.1207417983	0.0419537987	0.0426081445	0.0652694932	0.0548799463	0.0323396593	-0.0185253055	-0.1119281067	-0.151411276	-0.0636109811	-0.0964057325	-0.0631200182	-0.0285576416	-0.0134575265	0.0824132631	-0.0671157466	-0.1879702423	0.0043185496	-0.0171941039	-0.2294790086	-0.0520107288	0.0503370985	-0.0716082228	0.0204971422	0.062061451	0.042424248	0.0144577222	0.0207172778	-0.1878183651	-0.008839319	0.0388292908	-0.0595205363	-0.0561552438	-0.0214309331	0.0684882246	0.0335022146	0.0287768851	-0.0731441312	-0.0748920628	0.0259269352	0.0912382167	0.0315960199	0.160392419889277	9.693975052019188e-05	0.0257257283579381	9.397315230917044e-09	0.1955539131462131	-0.0029337321683017	0.0382413329467966	8.606784435328196e-06	0.2781254310883128	-0.0215295047399237	0.0004635195743463	0.0773537554180598	-0.0101396493638094	-0.0009583684592334	0.000102812489221	9.184701036534024e-07	-0.0029423768712675	-1.4611129493199896e-05	2.1348510506705577e-10	8.657581652569922e-06	0.0065613096085529	9.855189444240004e-05	9.712475898185956e-09	4.305078377928861e-05	0.0	0.0	0.0	0.0	0.0	0.0
2238.3278620022074	4.853335851864813	5010111.6178153725	23.55486889099635	2662.909190869513	10.595061091066327	7091085.358817325	112.2553195234276	2607.3541080579844	15.123457322427384	228.71896138328248	6798295.444806848	2589.064203781378	2002.741537125384	1.141595	25.301111	0.1080592930622352	0.0515629701972316	0.0321277273	-0.0628085194	0.039216701	0.0624521012	-0.0659665727	0.0257453721	-0.0206165774	-0.0051618263	0.076600499	-0.020661684	-0.0635416502	-0.0641862601	0.1169765083	-0.0310248348	-0.074420548	0.0584647958	-0.0447889877	-0.0236162857	-0.0269878424	-0.0616674966	-0.0101049164	0.0898718558	-0.1000700341	-0.0058611277	-0.1106047985	0.0831373119	-0.0260102267	0.0055189501	-0.0436627991	0.0005025698	-0.0278807213	-0.0131265965	0.072858181	-0.1027275063	-0.0670563236	-0.0415091467	0.092907476	0.0095138132	0.0006666002	-0.0299837605	-0.0022057141	0.0743120372	0.0950909717	0.0831974749	0.0188875378	-0.0718431258	0.0276425287	-0.0767051272	0.0038276247	-0.0801447799	-0.0994750616	-0.0565437641	-0.0990594635	0.0649988699	0.0276404327	-0.0745488335	-0.0727850846	0.0304722578	0.0912382167	0.0247790096	0.1186527683961884	-0.0417396514930886	0.0140784794480795	0.0017421985067644	0.1914963058889469	-0.0040576072572661	0.0366708351691131	1.646417665421933e-05	0.2993302471873633	0.0212048160990505	0.0004496442257945	0.089598596881248	-0.009702009121507	0.0004376402423023	9.412898099380505e-05	1.915289816825033e-07	-0.0031932961061118	-0.0002509192348442	6.296046241484893e-08	1.0197140021308785e-05	0.006428724721443	-0.0001325848871099	1.7578752289944958e-08	4.132850154409238e-05	0.0	0.0	0.0	0.0	0.0	0.0
2235.312430512011	-3.0154314901965336	4996621.662001514	9.092827072068888	2696.8600561709804	33.950865301467275	7273054.162570544	1152.6612547183745	2598.7106312043074	-8.64347685367693	74.70969212004884	6753296.94473429	2588.3724051053405	1987.8704302178053	1.111412	24.632147	0.0636608749027846	0.0334815982193656	0.0226578917	-0.0217204398	-0.0751116859	-0.0912597814	0.090579556	-0.0714905831	-0.0068024681	0.0726564528	0.0960487137	-0.0584339682	-0.0220806549	-0.0360526041	-0.008226347	-0.0186788918	-0.0542148526	0.0305437497	-0.0282872967	-0.018002777	0.0297266125	0.0307342481	-0.0052658076	0.0197408006	-0.0008380287	-0.0028865283	-0.0562916611	-0.0586363714	-0.1103387821	-0.0516100034	-0.0422050964	-0.0021704121	-0.0158570343	-0.0124571852	0.0360791595	-0.0871539262	-0.0851291377	0.0566996496	-0.0693460395	-0.1160492364	-0.0425029851	-0.0022621371	0.0444939593	-0.0959064742	0.0501887978	0.1889337961	-0.0775135595	-0.1234406647	0.0723588004	-0.1692380747	-0.0411768548	0.0321694138	-0.0441699505	0.0372605463	-0.1084061008	-0.0137073577	0.0264992443	-0.0759024438	-0.0705658771	0.034934058	0.0908475206	0.0178092284	0.1016026825865594	-0.0170500858096289	0.0103231051087851	0.0002907054261157	0.1901300798129881	-0.0013662260759587	0.0361494472496932	1.8665736906297613e-06	0.3002417001509201	0.0009114529635568	8.307465047765184e-07	0.090145078509515	-0.0099924880472775	-0.0002904789257705	9.984981737498372e-05	8.437800631678391e-08	-0.0037179039260664	-0.0005246078199546	2.752133647575182e-07	1.3822809603459952e-05	0.0063571492660953	-7.157545534770045e-05	5.1230458082306625e-09	4.0413346791416006e-05	0.0	0.0	0.0	0.0	0.0	0.0
2234.8036601476024	-0.5087703644085195	4994347.39940912	0.2588472837003777	2666.219026754831	-30.64102941614965	7108723.898629477	938.872683681348	2602.935176184418	4.22454498011075	17.846780288978934	6775271.531418208	2584.831699458888	2005.9699599469293	1.184744	26.257404	0.1992737967342309	0.0881418998947288	0.0324800512	-0.0175292676	0.0683309295	0.0634834053	-0.0667317859	0.0335931138	-0.0191978559	0.0094682554	0.0360912628	-0.0666824825	-0.0619020436	-0.0380119032	0.0524436454	-0.0432488556	-0.0568140753	0.0508609883	0.1176928401	0.0690679853	0.0585793907	0.0252285985	0.0049974779	0.0886949204	-0.0483064194	0.0181980326	-0.0244307531	0.0454479365	0.0758081123	-0.1136855837	0.0232886875	-0.0181973547	-0.009627834	-0.0050746317	0.0424765456	-0.0308616539	-0.0227447004	-0.0971184214	0.1042414325	-0.0033792542	0.0053146462	-0.0212945778	0.0008809265	0.0325562838	-0.026191607	0.0253771848	-0.0595243248	-0.0299503919	0.046995451	0.0078235681	-0.0697890748	-0.0913425583	-0.0432270984	-0.0085530887	-0.0064189011	-0.044548969	0.0253535154	-0.0772040342	-0.0682378621	0.0393001065	0.0900678015	0.0107296473	0.144102388416357	0.0424997058297976	0.0207654983472986	0.0018062249956193	0.1771625809718955	-0.0129674988410926	0.0313865800966234	0.0001681560261937	0.2516229990753444	-0.0486187010755757	0.0023637780942761	0.0633141336636707	-0.009075190087583	0.0009172979596945	8.235907512576474e-05	8.414355468596928e-07	-0.0030242743026789	0.0006936296233874	4.81122054440685e-07	9.146235057843947e-06	0.0066499795027686	0.0002928302366732	8.574954751014082e-08	4.422222738724251e-05	0.0	0.0	0.0	0.0	0.0	0.0
2234.6358972540984	-0.1677628935040047	4993597.593296629	0.028144388436836	2699.934000029819	33.7149732749881	7289643.604517018	1136.6994229331617	2598.5101419151374	-4.425034269280786	19.58092828430934	6752254.957635827	2587.454328693327	2009.9813779737128	1.170314	25.937605	0.2059146422000498	0.1123098838218951	0.0181915307	-0.0225284776	-0.1134014129	-0.0014836584	0.0967993441	-0.058412927	-0.0846814153	0.0543990644	-0.0141065681	0.0735854065	0.071855448	-0.0592236365	0.0258164429	0.0776739285	-0.0579766695	0.1270734738	0.0221463269	-0.0186805255	-0.0739475656	-0.0062957443	-0.0433799553	-0.0510453975	0.0032476559	-0.1091061846	-0.0616119044	0.0420494287	-0.0796278206	-0.0771828955	-0.0284570055	0.0743460103	-0.0229156018	-0.006778658	0.0621163207	-0.058380188	-0.1210161955	0.1108266634	0.018681829	-0.0994870591	0.0045487201	-0.0092786034	0.0014623461	0.0151012575	0.004248278	0.1041739347	0.031331516	0.0333678422	0.0329372604	0.0618340948	-0.001186273	-0.0457411814	0.0776458321	-0.0295332973	0.0619261915	0.0826272761	0.0242034423	-0.0784527129	-0.0658046293	0.0435584361	0.0889023983	0.0035839144	0.1233948061244234	-0.0207075822919336	0.015226278178484	0.0004288039643772	0.1692437504815984	-0.007918830490297	0.0286434470770775	6.270787633405896e-05	0.3189789861176635	0.0673559870423191	0.004536828990445	0.1017475935846525	-0.0105566537380349	-0.0014814636504518	0.0001114429381447	2.194734547610268e-06	-0.0035830874096447	-0.0005588131069658	3.122720885167706e-07	1.2838515385154369e-05	0.0068083475928609	0.0001583680900923	2.5080451959483064e-08	4.635359694521482e-05	0.0	0.0	0.0	0.0	0.0	0.0
2231.0829044123466	-3.552992841751802	4977730.926361032	12.623758133539546	2675.931588442271	-24.002411587548067	7160609.866023175	576.1157620180618	2599.920864280211	1.410722365073525	1.99013759131864	6759588.500519559	2582.044931880763	1990.16000871502	1.139027	25.244184	0.1053737903478809	0.0533768526480194	0.0242847883	-0.0299747921	0.0768788858	0.0405201268	-0.0841159554	0.0266256378	-0.0576363852	0.0341496669	0.0390445599	-0.0566269772	-0.0953354938	-0.0463862999	-0.0188997204	-0.0339334594	-0.0309480906	-0.018945923	0.0578411363	-0.0406890901	-0.0016354962	0.0457107221	0.0251425944	0.1003621581	0.0149714377	0.0251938134	-0.0226851992	-0.0084071054	0.0521910813	-0.0337882299	-0.0149384741	0.0158661553	-0.0170245394	-0.0033073159	0.022449361	-0.0736779887	-0.0371746343	-0.1269980692	0.0355448655	-0.0039901425	0.0130430467	-0.0011209086	0.086799118	-0.0016311466	0.0157905367	0.0483017929	-0.0502784458	0.0275872535	-0.0117626029	-0.0718225217	0.0290917923	0.0028964992	0.139655598	0.0107427279	-0.0174499782	0.0563932315	0.0230492221	-0.0796476241	-0.0632699305	0.047697375	0.0873563013	-0.0035839144	0.1223970152658751	-0.0009977908585483	0.0149810293459948	9.95586597402554e-07	0.1801053393684242	0.0108615888868258	0.0324379332690152	0.0001179741131464	0.3336872054390554	0.0147082193213918	0.0002163317156061	0.1113471510737263	-0.0099002047842988	0.000656448953736	9.801405477105286e-05	4.3092522886121933e-07	-0.0032270227776296	0.0003560646320151	1.2678202217204865e-07	1.0413676007340258e-05	0.0062447373529898	-0.0005636102398711	3.1765650248755933e-07	3.899674460782605e-05	0.0	0.0	0.0	0.0	0.0	0.0
2232.708713545022	1.6258091326753856	4984988.199539867	2.64325533589069	2692.335032688753	16.403444246482195	7248667.928243149	269.0729831474498	2593.178892363102	-6.741971917108913	45.45418533108523	6724576.767797525	2583.318327156442	2025.1594446401127	1.076165	23.850981	0.1342081333529055	0.076553401655471	0.0176594532	0.0198186303	-0.1056885177	0.0314930708	0.0901992275	0.0078945226	-0.0566880743	-0.0083260382	-0.03442687	0.0122686707	0.0662251468	0.0029030556	0.0232485529	0.0107839123	0.0171380744	0.0581229379	-0.0093139602	-0.0249829799	-0.0714810496	0.0244599692	-0.0357310059	-0.0514495488	-0.0165945878	-0.0347523391	0.0101012886	0.0210333903	-0.0501008729	0.0042866069	0.0020682117	0.0566398721	-0.0080644548	-0.004354139	0.0491504754	-0.006475374	-0.0464784134	0.1032863869	0.0987598541	-0.0005390721	0.0052768637	-0.0443420272	-0.0153948355	-0.0058319094	-0.027674315	-0.0398171089	-0.0412137654	0.0964700548	0.015172626	-0.0997524411	0.0391006805	0.0648630498	-0.005065432	0.0588428989	0.0875552898	-0.0923513652	0.0218910524	-0.0807879487	-0.060637674	0.0517055788	0.0854361313	-0.0107296473	0.123214303426451	0.0008172881605758	0.0151817645688655	6.679599374175367e-07	0.1638154099395734	-0.0162899294288508	0.0268354885336704	0.0002653618007969	0.2665581002735067	-0.0671291051655487	0.0045063167603272	0.0710532208214208	-0.0096643168757288	0.00023588790857	9.339902067449646e-05	5.5643105409529195e-08	-0.0029576699301303	0.0002693528474992	7.255095645598114e-08	8.747811415596974e-06	0.0067389328088791	0.0004941954558893	2.442291486216336e-07	4.541321540258716e-05	0.0	0.0	0.0	0.0	0.0	0.0
2234.7026368073693	1.99392326234738	4993895.874953809	3.9757299761300176	2679.140954869394	-13.19407781935888	7177796.256058489	174.08368950329802	2602.438416647255	9.25952428415303	85.7387899688197	6772685.712441472	2585.388146172196	1983.09993111032	1.080616	23.949623	0.0807349857317763	0.0521020733199786	0.0231364709	-0.0380533857	0.0687592738	0.0067317755	-0.0727217249	-0.0035558693	-0.0572432543	0.0674592132	0.0353153129	0.017729505	-0.0374257763	-0.0468420366	-0.0632442042	0.0265396355	-0.0842184465	-0.0069223322	0.1063153397	-0.0153191286	-0.0125168623	-0.0716434657	0.0325093559	0.0568108262	0.0835491577	-0.0132936106	-0.0430530327	0.0079193735	0.067711841	-0.0706892362	-0.0539996688	0.0664884619	-0.0108179673	-0.0075619097	0.0317047107	-0.0369725118	-0.0360048404	-0.0905818152	-0.0481420107	-0.0370540813	-0.0085128236	-0.0550562945	0.075683324	-0.0121969801	0.0323174076	-0.046891246	0.0674700803	0.1252616956	0.0862021414	-0.065422132	0.0454616887	0.0615168769	-0.1061824452	0.0059062902	0.0959168411	-0.0953318668	0.0207291319	-0.0818729053	-0.0579119187	0.0555720611	0.0831501106	-0.0178092284	0.1231678250138657	-4.647841258530183e-05	0.0151703131186462	2.1602428364495437e-09	0.1558581461370352	-0.0079572638025381	0.0242917617172734	6.331804722318461e-05	0.2950715850955845	0.0285134848220778	0.0008130188166988	0.0870672403308207	-0.0103784286270398	-0.000714111751311	0.0001077117807665	5.099555933604652e-07	-0.0027880786670047	0.0001695912631256	2.8761196528536517e-08	7.773382653406704e-06	0.0067382806494242	-6.521594549000961e-07	4.253119546155905e-13	4.540442611040463e-05	0.0	0.0	0.0	0.0	0.0	0.0
2234.3108825528902	-0.3917542544791104	4992145.119894275	0.1534713959024835	2697.148745937202	18.00779106780783	7274611.357710621	324.2805391418195	2596.718306515195	-5.720110132060199	32.71965992289775	6742945.963391141	2584.2305932216955	1993.948064335057	1.085107	24.049154	0.0770375523238027	0.0405987360880755	0.0128969104	0.0307355253	-0.0957676825	-0.0475040637	0.1024212497	-0.0140209434	-0.0407395054	0.0411018255	0.0293722389	-0.026692553	0.051213128	0.0153322664	0.0353213894	0.0138843249	0.0632746362	-0.0100010827	-0.0025394433	-0.0119387416	-0.0890704345	0.0127588047	-0.0282243582	-0.0592627156	-0.0494633397	-0.0213880649	0.0287819581	-0.0480416177	-0.0552925441	0.0380911767	0.0195785694	0.0805286948	-0.000364126	-0.0045054995	-0.0010018561	-0.0125145437	-0.0165554275	0.0889587612	0.0781009786	0.0227232479	-0.0008198325	0.0120563649	0.0912405699	-0.0931152583	0.007419301	-0.019464376	-0.0081826666	0.0447905486	0.0142063455	-0.0881314877	0.052968931	-0.0606765606	-0.0753379524	0.0323986485	0.0401455246	-0.0228342344	0.0195636596	-0.0829017503	-0.0550968674	0.0592862243	0.0805080284	-0.0247790096	0.0996656899215508	-0.0235021350923149	0.0099332497475387	0.0005523503538974	0.1750009708447066	0.0191428247076713	0.0306253397965898	0.0003664477377886	0.281870650072058	-0.0132009350235264	0.0001742646854953	0.0794510633720445	-0.0100166071660647	0.0003618214609751	0.0001003324191192	1.309147696221559e-07	-0.0027278579158167	6.0220751187999976e-05	3.6265388736469995e-09	7.44120880888383e-06	0.0067400715872669	1.7909378426999786e-06	3.2074583564148535e-12	4.542856500148255e-05	0.0	0.0	0.0	0.0	0.0	0.0
2245.4960398294324	11.185157276542212	5042252.464889664	125.10774330098522	2693.036885734733	-4.111860202468961	7252447.66792783	16.907394324648084	2612.3940216904384	15.675715175243568	245.72804625536148	6824602.524563943	2598.368223296619	2016.812893601715	1.089659	24.150053	0.0495941822235344	0.0252418069615159	0.0202451753	-0.0086936927	0.0277847123	0.0583590837	-0.0256454344	0.0504600033	-0.0630980833	0.0718778323	0.0106220843	0.0785148297	-0.0714958179	-0.0757730579	-0.0169699993	0.0738761225	0.0081022249	0.0674877708	-0.0678177559	0.0974933147	0.0611237701	-0.0125945248	0.0377485158	0.0709365316	0.0387314715	-0.1054548843	-0.0206949974	0.0742206462	-0.0269398409	-0.008279028	0.0848417691	-0.0716892697	-0.0014083964	-0.004015141	0.0327798578	-0.0016524064	-0.0557644536	-0.0131223978	-0.0220004494	-0.051796561	0.0225171741	-0.1120698284	-0.0362303163	0.0240269564	0.04831402	-0.096589154	-0.0450758557	0.0904490142	0.1079229759	-0.1366470984	-0.0360717739	-0.0168371393	-0.0439728751	0.03024935	0.0744601195	0.0146107921	0.0183948351	-0.0838737786	-0.0521968607	0.0628378881	0.0775211985	-0.0315960199	0.097223753248798	-0.0024419366727527	0.0094524581957831	5.9630547137349655e-06	0.1596213409953861	-0.0153796298493204	0.0254789725011653	0.0002365330143021	0.2631019877327318	-0.0187686623393262	0.0003522626860076	0.0692226559489145	-0.0100371553252274	-2.0548159162699087e-05	0.0001007444870227	4.2222684497561436e-10	-0.0026137912649952	0.0001140666508214	1.3011200829633985e-08	6.831904776965209e-06	0.0066146073300084	-0.0001254642572585	1.5741279849427213e-08	4.375303013020085e-05	0.0	0.0	0.0	0.0	0.0	0.0
2251.075975595392	5.5799357659593625	5067343.047902745	31.1356831522325	2702.2977183101743	9.260832575441327	7302412.958384374	85.76301999035525	2616.5380993764334	4.144077685994944	17.17337986756121	6846271.625488439	2599.582243972528	1988.6868523769688	1.042557	23.106123	0.1603851546165594	0.0853670692443344	0.0192426075	0.0084709105	0.0471455997	-0.0061314782	-0.072017962	0.0407044671	-0.0407559966	0.128785386	0.1210285944	-0.0985518912	-0.1087674143	-0.1035612782	0.1197800395	-0.0015091002	-0.0422445755	0.0024758207	0.0222882357	0.0103360754	0.0342911224	-0.0611596731	0.0097600831	0.1382947904	-0.0955139553	-0.0291661906	-0.0796253559	0.0332451875	0.0535396394	-0.01899463	0.001620939	0.0146394206	0.0141343522	-0.0030872835	-0.0137625291	0.0337469292	0.012348875	-0.0492277544	0.0889027057	0.0043939299	-0.0562082908	0.0012453445	0.0767395787	-0.052036498	0.1247232828	-0.0427387198	-0.0790698063	0.0022470645	0.1208136925	-0.0241608498	0.0188076543	-0.0765853306	-0.1188587925	0.0342524086	0.078409613	-0.0085966869	0.0172228587	-0.084788324	-0.0492163702	0.0662173176	0.0742024108	-0.0382182304	0.0873398214724545	-0.0098839317763435	0.0076282444148402	9.76921073594128e-05	0.1809077845369273	0.0212864435415411	0.0327276265060593	0.0004531126786472	0.204773169382797	-0.0583288183499348	0.0034022510500996	0.0419320508990756	-0.0093820877033196	0.0006550676219078	8.802356967278084e-05	4.291135892719405e-07	-0.0032761702621457	-0.0006623789971504	4.387459358661017e-07	1.0733291586567824e-05	0.0065143347300919	-0.0001002725999164	1.0054594294014377e-08	4.243655697568151e-05	0.0	0.0	0.0	0.0	0.0	0.0
2241.154514672795	-9.921460922596909	5022773.55863825	98.43538683861748	2692.222366449488	-10.075351860686167	7248061.270410882	101.51271511663224	2603.604211649764	-12.933887726669582	167.28545172609404	6778754.890920388	2592.6930021692497	2056.2527045578254	1.183553	26.231014	0.0752035418450855	0.0376933365861882	0.0185843653	0.070552883	-0.0218861578	0.10249154	0.0726163529	0.089269568	-0.0015116654	0.017662751	-0.0541937593	0.0335526717	0.0128173254	-0.0345572482	0.0126678099	0.0542003854	0.0493660705	0.0340456847	-0.0706920607	0.0689259992	-0.0072417289	-0.1036513423	-0.007622916	-0.008019401	-0.0026875287	-0.0712782281	0.0256161044	0.0831633658	0.0046925089	0.0496403224	0.0519183765	-0.0191362016	0.0172320349	-0.002912533	-0.0015896528	0.0607827417	-0.0062374892	0.0602573985	-0.0185088608	-0.0310951913	0.1272359828	-0.0758976561	0.0437106767	-0.0051987868	0.0257602781	-0.0819457282	-0.0954030052	0.0448278153	0.1014556527	-0.0600603174	-0.0844543601	-0.0870300204	-0.0439121421	-0.030310995	0.1211549349	0.0150468358	0.0160479313	-0.0856447597	-0.0461599916	0.06941525	0.0705658771	-0.0446048127	0.0864227199799785	-0.000917101492476	0.0074688865287377	8.410751475017212e-07	0.1643795609673901	-0.0165282235695372	0.0270206400638319	0.0002731821743646	0.1960189728371446	-0.0087541965456524	7.663595715991249e-05	0.0384234377121292	-0.0093292894157442	5.279828757539899e-05	8.703564100271676e-05	2.7876591708945314e-09	-0.0027749889672088	0.0005011812949368	2.511826903946278e-07	7.700563768130562e-06	0.0060882339078558	-0.000426100822236	1.8156191071028044e-07	3.706659211676511e-05	0.0	0.0	0.0	0.0	0.0	0.0
2230.985630781806	-10.168883890989036	4977296.884754892	103.40619958841631	2701.044291954914	8.821925505425952	7295640.267102223	77.82636962328493	2589.6752246541714	-13.928986995592368	194.0166787233813	6706417.769187633	2581.099493508261	2016.6587529416945	1.125574	24.946026	0.2918487284357949	0.1659663695424348	0.007707095	0.0195129025	-0.1022930096	0.0097344714	0.0980747134	0.0240772004	-0.046050957	-0.0109545907	-0.0066356875	-0.0162306457	0.01893918	0.0624122998	-0.0375480705	-0.1009268992	0.0704584408	0.0595331332	0.0594722099	-0.0766491005	0.0221619314	0.0276038274	-0.0161150802	-0.0234085961	-0.0137173901	0.0876946325	0.1057934416	-0.0468064386	-0.078740932	-0.0479085205	-0.0619384648	0.0317853254	-0.0081542277	0.0017643724	0.0307594222	-0.0272767626	-0.0196996171	-0.0239316553	0.0343656337	0.024983709	0.013243151	-0.0089262483	-0.0546909341	-0.1492689334	-0.0370646343	0.0500030029	-0.0563423788	0.0670164094	0.0020803907	-0.0492130517	-0.0017660816	0.0146616454	0.1282217704	0.0427857359	0.0418088422	0.0499240229	0.0148702542	-0.0864424987	-0.0430324377	0.0724229201	0.0666271694	-0.0507163915	0.1063811345666607	0.0199584145866822	0.0113169457916899	0.0003983383128138	0.1429982902216124	-0.0213812707457776	0.0204485110063044	0.0004571587387042	0.3326801799306196	0.136661207093475	0.0186762855242456	0.1106761021186694	-0.0106170049707835	-0.0012877155550392	0.0001127207945496	1.6582113506901706e-06	-0.0033173267823607	-0.0005423378151518	2.941303057437364e-07	1.1004656980967594e-05	0.0065351372578618	0.000446903350006	1.9972260424658547e-07	4.270801897909345e-05	0.0	0.0	0.0	0.0	0.0	0.0
2223.306288492244	-7.679342289561646	4943090.852449158	58.9722980002499	2647.0762166030536	-53.96807535186053	7007012.496505536	2912.553157184097	2592.271318628153	2.596093973981624	6.739703921743701	6719870.589382144	2574.3052348152537	1955.498291565942	1.154492	25.586933	0.0582262049523043	0.0361134053681118	0.0055274821	-0.0328100741	0.0952866383	-0.0774361607	-0.0831851054	-0.0573935716	0.0513233596	0.0056021012	-0.0778045561	0.0525666548	0.0559940281	0.0205044464	0.0205913181	0.0248439744	-0.0544812953	-0.0473908843	0.004773727	0.0082365048	0.0583405771	0.0886269158	-0.02126335	-0.0559245524	0.0053933544	-0.0022267281	-0.0695087696	-0.0539125806	0.0514302502	-0.0187358262	0.0430059189	-0.0680260251	-0.0078862576	-0.0015224772	-0.0076571432	-0.0361284971	0.0018143725	0.0294643369	-0.031754616	-0.0045492632	-0.0692288896	-0.0423314615	0.1526120199	0.0255405758	-0.021299278	0.098505275	-0.0326930307	0.0494296539	0.0187588848	0.1152787953	0.0220155188	-0.0266920792	0.1072023705	0.0409972985	-0.0477893666	-0.0566310258	0.0136900291	-0.0871809944	-0.0398385309	0.075232084	0.062403154	-0.0565152869	0.1065227229535423	0.0001415883868815	0.0113470905054371	2.0047271299732013e-08	0.1554252748818783	0.0124269846602659	0.0241570160721074	0.0001544299477464	0.3661410391731365	0.0334608592425169	0.0011196291012475	0.1340592605667842	-0.0104663626071006	0.0001506423636828	0.0001095447462233	2.2693121735970873e-08	-0.0033138044631773	3.522319183399923e-06	1.24067324297471e-11	1.0981300020173792e-05	0.0066249080282483	8.977077038649969e-05	8.058791215785651e-09	4.388940638274878e-05	0.0	0.0	0.0	0.0	0.0	0.0
2230.327297169609	7.021008677364989	4974359.852499894	49.29456284763448	2696.278627817868	49.20241121481422	7269918.438827404	2420.877269351676	2596.1634129515483	3.892094323395213	15.14839822220524	6740064.466748231	2585.455651255123	2011.4858574038649	1.034543	22.928505	0.079790040821921	0.0402415333024816	0.0048217255	-0.002642546	-0.0199176216	0.0767787836	0.0080760462	0.0713325407	-0.0461748018	0.0194822307	0.0219881789	0.0142187648	-0.0678314626	0.0225202868	-0.0988305812	-0.0002889876	0.0645242606	0.0390529958	0.0147357519	-0.0445901142	-0.0748451624	0.0270751831	0.0520286095	0.0528362834	0.0582781815	0.0150623259	0.094324352	0.0409578554	-0.0488721107	0.0211778881	-0.0327192435	0.0450128998	-0.0075751139	-0.0122639535	0.0163909485	-0.0421327372	-0.0108906143	-0.0476273795	-0.0132885441	0.0095437152	0.1121662442	-0.0050961525	0.0150236671	-0.1007084777	-0.028893627	0.088018555	-0.0243888703	0.0447201863	0.0245503717	-0.0255227897	-0.0156523545	0.0350126274	0.0942647804	-0.0810406022	0.0092238874	0.0150938365	0.0125074584	-0.0878597406	-0.036583196	0.0778350419	0.0579119187	-0.0619657467	0.1054944382251079	-0.0010282847284344	0.0111290764964311	1.0573694827314086e-06	0.1401967525397367	-0.0152285223421415	0.0196551294226881	0.0002319078927251	0.3778755114662715	0.011734472293135	0.0001376978399983	0.1427899021658963	-0.0105982959697465	-0.0001319333626459	0.0001123238774623	1.7406412179054605e-08	-0.0029767215353389	0.0003370829278384	1.1362490024010809e-07	8.860871098950378e-06	0.0060579490895684	-0.0005669589386798	3.214424381490382e-07	3.669874717180261e-05	0.0	0.0	0.0	0.0	0.0	0.0
2230.9646180860123	0.6373209164030413	4977203.127151666	0.4061779504848124	2677.7338792640744	-18.5447485537934	7170258.728158629	343.9076989234223	2592.253249422126	-3.9101635294223342	15.289378826824526	6719776.909139571	2582.1283089059298	1995.8378885738184	1.017129	22.54258	0.0521584526040073	0.0283459263557499	0.0013110654	-0.0062557257	-0.0784280739	-0.0537491094	0.0887088569	-0.049201827	0.0186216045	-0.0487579246	-0.0032347141	-0.036689887	0.0715952137	0.0498785519	0.029251061	-0.0398384711	0.028287113	0.016821402	0.0015600119	-0.0665051103	-0.0415988603	0.0906536958	-0.0383868781	-0.0767396775	-0.0587021939	0.0320661571	0.0252986917	-0.0684492436	-0.0830569754	-0.0186141222	-0.0058101786	0.0622564074	-0.0072565258	-0.0092803509	0.0329486252	-0.0185762283	-0.030012236	0.1009593789	0.0613479635	0.0475845111	-0.0454761844	-0.0335984172	0.0283648444	-0.0635647012	-0.0241842795	0.079197946	-0.0499768973	0.1041973091	-0.0352209755	-0.0668657197	-0.0094651738	0.0778070745	0.0227024005	-0.0219380749	0.0756549353	0.0264667139	0.0113227445	-0.0884782721	-0.0332714524	0.0802246594	0.0531726956	-0.0670341672	0.1056714847688056	0.0001770465436976	0.0111664626932439	3.134547863530093e-08	0.1579217103536763	0.0177249578139395	0.0249392666010304	0.0003141741295059	0.3588061177200714	-0.0190693937462	0.0003636417778476	0.1287418301133497	-0.0104852181943025	0.000113077775444	0.0001099398005821	1.2786583299363758e-08	-0.0028200441477177	0.0001566773876211	2.454780379180373e-08	7.952648995076848e-06	0.0060919350165066	3.3985926938199205e-05	1.1550432298486143e-09	3.711167224533927e-05	0.0	0.0	0.0	0.0	0.0	0.0
2222.820476856398	-8.144141229614434	4940930.872332104	66.32703636790569	2659.295356109852	-18.438523154222366	7071851.791027425	339.9791361087943	2590.792297363281	-1.4609520588451232	2.1343809182438043	6712204.728076906	2575.204377921683	1965.1282973492728	1.085211	24.05146	0.1001936260463978	0.0545010851653016	-0.0001877664	-0.0568527908	0.0743504644	-0.0500291181	-0.0538377815	-0.0179235378	0.0080534112	-0.0001941726	-0.0332286345	0.0194767553	-0.0213528338	0.0142345349	-0.1025583354	-0.0246684494	0.0100297495	-0.0234138228	-0.0678591123	-0.1135591636	0.0527340644	-0.0541225619	0.0197435584	0.0121039993	0.084720568	0.0431238705	0.0130120389	-0.0183396605	-0.0368900732	0.0307977369	-0.0865347541	-0.0728518605	-0.0148991106	-0.0084828845	0.0283163685	-0.0349799846	-0.0290240528	-0.0390672699	-0.1094634556	-0.0284572251	-0.075671226	-0.0788546274	-0.0023738743	0.0263334644	0.0245306798	0.0694451138	-0.0770049199	0.136562595	-0.1198756945	0.0669445933	0.0123219587	-0.0316783886	0.0002863816	0.0140685236	0.052336308	0.0372895799	0.0101360905	-0.089036165	-0.0299084066	0.0823943867	0.0482057789	-0.0716892996	0.1062828093404277	0.0006113245716221	0.0112960355612937	3.737177318689529e-07	0.1596816924121782	0.0017599820585018	0.0254982428916174	3.097536846248554e-06	0.3784976588975652	0.0196915411774937	0.0003877567939449	0.1432604777909376	-0.0112763773100449	-0.0007911591157423	0.0001271566852384	6.259327464222957e-07	-0.0032872054688497	-0.000467161321132	2.1823969996179574e-07	1.0805719794435377e-05	0.0063962301444078	0.0003042951279012	9.259552486440797e-08	4.091176006023103e-05	0.0	0.0	0.0	0.0	0.0	0.0
2229.7018842751945	6.881407418796698	4971570.492740353	47.35376806347024	2666.433888209685	7.138532099832901	7109869.680193018	50.95864054034472	2600.918558383207	10.126261019926003	102.54116224367286	6764777.347342179	2584.79701828253	2009.7164221091348	1.065621	23.617304	0.0925412910527832	0.0424934636327634	-0.0002723902	0.0026049654	0.0113022001	0.0800681352	-0.0541896156	0.0573967218	0.0024228017	-0.0104727763	-0.0145901943	-0.024663003	-0.0249931127	-0.0007617869	0.0923838098	-0.0653562173	-0.0051213503	-0.0085972613	0.0001700393	-0.0089087319	-0.0606829998	-0.0616744386	-0.00867379	0.0410030733	-0.0889272859	0.0497697533	-0.0240209697	0.0540178149	0.0275069377	0.0638966565	-0.0442039899	0.0274363359	-0.0017467186	-0.0019823166	0.0109734701	-0.032191125	-0.0036607515	-0.0024361439	0.0615020202	0.0888876197	0.0779591083	-0.0157154305	0.0180225024	-0.0205669839	0.0405251603	0.123590095	-0.0104395335	-0.0161911151	0.0120750372	0.0323016466	-0.0301383902	-0.0760854851	-0.0179723162	0.017280508	0.0217520289	0.0386004818	0.0089476998	-0.089533037	-0.0264992443	0.0843382767	0.0430324377	-0.0759024438	0.1066547424464943	0.0003719331060665	0.011375234086328	1.3833423538834198e-07	0.1327367101012697	-0.0269449823109085	0.0176190342085085	0.0007260320717351	0.3661220558525571	-0.0123756030450081	0.0001531555507276	0.1340453597817029	-0.0108929358154922	0.0003834414945527	0.0001186560506804	1.4702737974480894e-07	-0.0028442096652303	0.0004429958036194	1.9624528202439805e-07	8.089528619789455e-06	0.0066267682980517	0.0002305381536439	5.314784028553859e-08	4.391405807606303e-05	0.0	0.0	0.0	0.0	0.0	0.0
2234.9099219086565	5.208037633462027	4994822.359045757	27.12365599155675	2664.750894561069	-1.6829936486160475	7100897.330064017	2.832467621281957	2596.126778418865	-4.791779964341913	22.961155226668584	6739874.249623514	2582.143978331519	1968.318515164735	1.093698	24.239561	0.1038115887788034	0.0583460685794132	0.0009601254	-0.0289084518	0.0506390188	-0.1055556374	-0.0454524556	-0.077505835	0.040381057	0.0580369701	0.0083602305	0.0587447827	0.0085818923	-0.0096710755	-0.0662021391	0.0550655379	-0.0093752847	-0.0761516279	-0.0992359442	0.0181176152	0.0482028554	0.0107297679	0.0153153392	-0.0249132108	0.0812883756	-0.0400410156	-0.0316544047	-0.0541169989	-0.0281387623	0.058693018	0.0353711381	-0.0649313716	-0.0010747343	-0.0046823216	-0.0226493498	-0.0013709658	-0.0007391377	0.032510754	-0.0984632989	-0.0262075212	-0.0583319036	-0.0267644767	0.0849244332	-0.0770998464	0.0153251291	0.026035368	-0.0981602894	-0.0411085614	-0.0051628923	-0.0575187242	-0.0725321965	0.0229394437	0.0280628923	0.0495834458	-0.0062714827	-0.013933671	0.0077577759	-0.0899685475	-0.0230492221	0.0860510014	0.037674825	-0.0796476241	0.1104136757735858	0.0037589333270914	0.0121911797978345	1.4129579757519165e-05	0.1583826500739036	0.0256459399726338	0.0250850638444325	0.0006577142370799	0.3280035586622389	-0.0381184971903181	0.0014530198280482	0.1075863344950927	-0.0104062387410005	0.0004866970744916	0.0001082898047346	2.3687404231877815e-07	-0.0030119689224037	-0.0001677592571734	2.8143168367371014e-08	9.071956789525707e-06	0.0066980763321618	7.130803411009926e-05	5.084835728647079e-09	4.486422655146607e-05	0.0	0.0	0.0	0.0	0.0	0.0
2237.818087708807	2.9081658001505275	5007829.793676702	8.457428321165159	2696.723968272901	31.973073711832058	7272320.161057542	1022.2774425822462	2601.07196156913	4.945183150265166	24.454836389666507	6765575.349261082	2588.084049012231	2022.4481406290024	1.087594	24.104273	0.0454553088378283	0.0223164161072815	0.0036711041	0.0115392629	0.0013223265	0.083693876	0.0155849841	0.0762021956	-0.0397187185	0.047804781	0.0312669982	-0.0308644111	-0.0501134165	0.0056400246	-0.0023587607	-0.0323149613	0.0299043819	0.031846736	0.0498608725	0.0600796373	-0.0337332956	-0.0259426217	0.0135029975	0.0494416334	-0.0180016971	0.0250163806	0.0627313207	0.0629283945	0.0303292087	-0.0124887641	0.0319516378	0.0330804834	0.0015744336	-0.0059660102	0.0218460092	0.0070823737	-0.0006549938	-0.0651360208	0.0528072841	0.0638586939	0.0628188647	-0.0363414497	-0.0847390608	-0.0417727689	0.0056087809	0.0338804462	-0.0932763202	0.0236637341	0.0265568822	0.0211646558	-0.1122078044	-0.0423265632	0.0108947248	0.0060467654	0.0682740481	-0.0895177958	0.0065665228	-0.0903423981	-0.0195636596	0.0875278662	0.0321558829	-0.0829017503	0.107011575737232	-0.0034021000363538	0.0114514773417653	1.1574284657358528e-05	0.1517128647978012	-0.0066697852761024	0.0230167933451559	4.44860356293124e-05	0.3141997368087317	-0.0138038218535072	0.0001905454977633	0.0987214746106762	-0.0104313934675588	-2.515472655829909e-05	0.000108813969675	6.327602682227976e-10	-0.0027089986788828	0.0003029702435209	9.179096845911353e-08	7.338673842188756e-06	0.0065946092688037	-0.000103467063358	1.0705433199948971e-08	4.348887140819167e-05	0.0	0.0	0.0	0.0	0.0	0.0
2234.3770863078494	-3.4410014009577026	4992440.9638175545	11.840490641392872	2679.550054419132	-17.173913853769136	7179988.494137572	294.94331705668344	2600.1658700365538	-0.9060915325762836	0.8210018654064383	6760862.551702948	2586.9543785220285	1987.9349517321973	1.054012	23.360008	0.1618576970045517	0.0815253814722887	-0.0093936699	-0.0361248024	-0.0569007812	-0.0762016834	0.0359001237	-0.1240913744	-0.026293657	0.0408835556	-0.0027462646	0.055994695	0.1004832851	-0.0704362206	0.0168135523	0.0883549539	-0.1217325753	0.0246423814	-0.0313875078	0.0415166638	-0.0550984355	0.1065373364	-0.0609966239	-0.0738384352	0.0346181853	-0.1073134102	-0.126534403	-0.014059344	-0.0059764416	-0.0278565608	0.0542950785	0.0239340902	-0.0152956919	-0.0061145275	0.022303063	-0.0206377902	-0.0332179254	0.1044731311	-0.0403378665	0.0256316109	-0.0800331629	-0.0637315468	-0.0263159298	0.0057829382	0.0646618202	0.0776134117	0.0114301833	0.0798226074	0.0518934043	0.1265226574	0.0046584404	-0.0312715354	0.0794268853	0.0032711062	0.0507167081	0.0544088704	0.0053741445	-0.0906543325	-0.0160479313	0.0887648233	0.0264992443	-0.0856447597	0.1197653572812953	0.0127537815440633	0.0143437408047163	0.0001626589436736	0.1735719831300315	0.0218591183322303	0.0301272333276919	0.0004778210542624	0.3675664979430948	0.0533667611343631	0.0028480111939721	0.1351051304101511	-0.0113904120932497	-0.0009590186256909	0.000129741487654	9.197167244220642e-07	-0.003195013401311	-0.0004860147224282	2.3621031041696037e-07	1.0208110634556886e-05	0.0065620818970449	-3.252737175880004e-05	1.058029913535182e-09	4.30609188235244e-05	0.0	0.0	0.0	0.0	0.0	0.0
2235.2258330591126	0.8487467512632065	4996234.524774804	0.7203710477798474	2685.394781913466	5.844727494334165	7211345.134728071	34.16083948302573	2604.450691433128	4.284821396574444	18.359694400542164	6783163.4041065	2589.8649586161628	2007.224319207864	1.086061	24.070311	0.1522076563345721	0.0678244818275871	-0.0008426859	-0.0040482301	0.0629025302	0.07106038	-0.0713698505	0.0551099779	-0.0418361762	0.0160022021	0.029502358	-0.0176461778	-0.079981072	-0.0206016623	-0.0346405992	-0.0247309854	-0.0082035815	0.0040332772	0.0603571303	0.0143456775	-0.0617023132	-0.052561412	0.0225102875	0.0903381877	0.01706604	0.0160522226	0.0230787799	0.0627038361	0.0501327986	0.0058064513	-0.0200537048	0.0481366936	-0.0038810986	0.0089259666	-0.0015009913	-0.0269293169	0.026944535	-0.111513	-0.0108078407	0.0349764988	0.0534847967	0.0014215624	-0.011716693	-2.47621e-05	0.0138633135	0.1281514124	0.0054989167	-0.038958715	-0.0037016081	-0.0087515134	0.0122777916	0.0614327599	0.1015848575	-0.053825547	-0.0131505755	0.0580721671	0.0041808454	-0.090904137	-0.0125074584	0.0897584821	0.0207291319	-0.0878597406	0.1427352784068318	0.0229699211255365	0.0203733597018757	0.0005276172765133	0.151997484536821	-0.0215744985932105	0.0231032353055211	0.0004654589895484	0.3570294994883198	-0.010536998454775	0.0001110283364359	0.1274700635048801	-0.0105533718434005	0.0008370402498492	0.000111373657265	7.006363798676129e-07	-0.0038911222758559	-0.0006961088745449	4.845675652201673e-07	1.5140832565662e-05	0.006152706258218	-0.0004093756388269	1.675884136649327e-07	3.785579429991494e-05	0.0	0.0	0.0	0.0	0.0	0.0
2229.9085504762647	-5.317282582847838	4972492.143487156	28.273494065856976	2673.0942727591246	-12.300509154341398	7145432.991057633	151.30252545603653	2593.1101712568093	-11.340520176318932	128.6073978694968	6724220.360275519	2582.0855794937884	1987.4967955292248	1.047981	23.226349	0.081900898139336	0.0383637099494285	-0.0092876017	0.0090152019	-0.059769044	-0.0802502455	0.0711718144	-0.071905869	0.0467241032	-0.0372195628	0.0010173017	-0.0622558969	0.0854893575	0.0213173919	0.0122631446	0.01398309	-0.0046475077	-0.0326301031	-0.0169137247	-0.0076126465	0.0293030472	0.1139238215	-0.0378236829	-0.0909151219	-0.0117971512	-0.0084709314	-0.0113981082	-0.0710957279	-0.0163842327	0.0008608892	0.0256420222	-0.0019520551	0.0002913666	0.0036230294	-0.0145769531	-0.0088687628	0.0040598867	0.0978224142	0.0003583064	0.0302007518	-0.0480470582	-0.003295625	0.0540456349	-0.0279129813	-0.0130621508	0.0530855675	-0.0332736374	-0.0216324803	-0.0526327739	0.0059054335	0.0130505226	0.0849492278	0.040413879	0.0168370262	-0.0212836868	-0.1215416778	0.00298683	-0.0910916402	-0.0089476998	0.0905061192	0.0148702542	-0.089533037	0.1298102031867074	-0.0129250752201243	0.0168506888513742	0.0001670575694458	0.1630023399740992	0.0110048554372781	0.0265697628370318	0.0001211068431953	0.3582562299966483	0.0012267305083284	1.504867740063899e-06	0.1283475263314113	-0.0103201746562136	0.0002331971871868	0.0001065060049347	5.4380928111881564e-08	-0.0034894641330149	0.0004016581428409	1.613292637104811e-07	1.2176359935597428e-05	0.0066527356676622	0.0005000294094441	2.5002941030911525e-07	4.425889186378481e-05	0.0	0.0	0.0	0.0	0.0	0.0
2237.615673281692	7.707122805427389	5006923.90131588	59.39974193793894	2690.638997085222	17.544724326097366	7239538.212635769	307.8173516787527	2604.411015221832	11.300843965022525	127.70907432178598	6782956.736208812	2589.654507996606	2007.162338381908	1.068888	23.689693	0.0761886256123288	0.0402423557568705	-0.0053139804	-0.0054861938	0.0475020922	0.0614776852	-0.0343558307	0.0506020289	-0.0060326349	0.0203997399	0.0447768102	0.0508323713	-0.0271119458	-0.03609742	-0.069254435	0.0266080854	-0.0342493265	0.0452432245	0.0473477705	0.0032620622	0.0092457846	-0.1295771738	0.0378178138	0.0375644814	0.0667371276	-0.0267270737	0.014187998	0.0866257578	0.0499988652	-0.0290274046	-0.0756417713	0.0309521494	-0.001557619	0.0006491423	0.0106412499	0.013753087	-0.0075197465	-0.0808321109	-0.0634391935	0.0103463914	0.0386154194	-0.055097273	-0.0544899339	0.037718737	0.000903668	0.0277438117	0.0200402129	0.0459314819	0.0090276397	-0.0293921886	-0.0090810608	0.0719550379	-0.0241109102	-0.1021257376	0.033232712	-0.0315172951	0.0017923027	-0.0912167139	-0.0053741445	0.0910056853	0.0089476998	-0.0906543325	0.1434111925276227	0.0136009893409152	0.0205667701421948	0.0001849869110516	0.1607700535306548	-0.0022322864434443	0.0258470101122496	4.983102765585614e-06	0.3250701066955841	-0.0331861233010641	0.0011013187797534	0.1056705742670784	-0.010664299191749	-0.0003441245355354	0.0001137272772511	1.1842169595745493e-07	-0.0036378503986926	-0.0001483862656776	2.2018483841772916e-08	1.323395552326791e-05	0.0066018619383372	-5.087372932499959e-05	2.588136335433323e-09	4.358458105286541e-05	0.0	0.0	0.0	0.0	0.0	0.0
2237.158920564841	-0.4567527168510423	5004880.035862845	0.2086230443508084	2683.780539010317	-6.858458074904775	7202677.981570508	47.03844716522651	2596.842035976025	-7.568979245806986	57.28944682345689	6743588.559812106	2584.184407818904	2006.296799406458	1.042189	23.097979	0.0324742602255191	0.020288627993285	-0.0109036809	0.0179514487	-0.0973090889	-0.0037747356	0.0827076898	-0.0170662607	0.0003340481	-0.0405380593	0.0036719258	-0.0233729204	0.0401682125	0.0425553839	0.0880460614	-0.0359608899	0.0702057282	-0.018010254	-0.019928843	0.0169775472	-0.0715089804	-0.0186306164	-0.0356595449	-0.0501501041	-0.1030867749	0.0260706525	0.0251582608	-0.0266814263	-0.0599360904	0.0454055067	0.0146029331	0.0428038995	-0.0012263719	0.0099553827	0.0110569548	0.0078906526	-0.0037359042	0.0591949871	0.0661699355	0.076082531	-0.0163033466	0.0050085917	-0.094790835	-0.029077843	-0.0402594586	0.035523473	0.0380756525	-0.0326019249	-0.0288948064	-0.0319099129	0.0365783093	-0.0043819791	-0.0641221132	-0.0782269604	-0.0169596372	0.1012447707	0.0005974684	-0.0912792721	-0.0017923027	0.0912558111	0.00298683	-0.0912167139	0.1440966107471553	0.0006854182195326	0.0207638332288171	4.697981356672497e-07	0.1632686047089464	0.0024985511782916	0.0266566372836061	6.242757990542439e-06	0.3249583567503791	-0.000111749945205	1.24880502533249e-08	0.1055979336219066	-0.010771356982968	-0.0001070577912189	0.0001160221312545	1.1461370660690776e-08	-0.0037541590519463	-0.0001163086532537	1.3527702821689452e-08	1.4093710187310344e-05	0.0069620663115143	0.000360204373177	1.297471904559073e-07	4.8470367325922326e-05	0.0	0.0	0.0	0.0	0.0	0.0
2230.165500925265	-6.993419639576132	4973638.161517238	48.907918255209154	2658.6440019680344	-25.136537042282725	7068387.9292006055	631.8454944780516	2597.104738567947	0.2627025919223342	0.0690126518027124	6744953.0230920855	2580.934785236296	1974.9322872474545	1.051093	23.295301	0.1274965164867705	0.0677562502421216	-0.0067757607	-0.0352906995	0.0725671922	-0.0660691289	-0.0433755077	-0.0481343333	0.0398652069	-0.0240814728	-0.0453632794	0.0266903661	0.0277128639	0.0129817548	-0.0261751207	-0.0033634903	-0.0336677724	-0.0433899551	0.0115346256	0.0027211166	-0.0271167408	-0.0344137259	-0.0070351528	-0.0300804991	0.033535888	0.0104563332	-0.021901708	-0.0371210422	0.0287788082	0.0013613373	-0.0329942827	-0.0057662855	-0.0066137339	0.00921811	-0.0107218787	-0.0289914611	0.0153217696	-0.0169806022	-0.1077213283	-0.0122522412	-0.0530327349	-0.041524919	0.0202045878	0.0109136851	-0.0765900953	0.1207970561	0.0238423767	-0.068714214	-0.1171822954	0.0637940436	-0.0482810036	0.0836461677	0.0131753393	0.0242885228	-0.0473362861	0.0374617391	-0.0005974684	-0.0912792721	0.0017923027	0.0912558111	-0.00298683	-0.0912167139	0.1626435427136385	0.0185469319664832	0.0264529219864431	0.0003439886853693	0.1718763813612724	0.0086077766523259	0.0295414904698455	7.40938188963283e-05	0.3839478643804455	0.0589895076300663	0.0034797620104376	0.1474159625623049	-0.0110565296133502	-0.0002851726303821	0.0001222468470908	8.132342911910273e-08	-0.0041000873718179	-0.0003459283198715	1.196664024891879e-07	1.6810716456540613e-05	0.0067661212570102	-0.000195945054504	3.839446438461452e-08	4.578039686456529e-05	0.0	0.0	0.0	0.0	0.0	0.0
2222.8415465666026	-7.323954358662377	4941024.541142605	53.64030744776963	2656.118246063931	-2.5257559041033346	7054964.137073734	6.3794428871128535	2586.724161970506	-10.380576597441175	107.75637049534345	6691141.890122017	2573.225449058658	2007.1952920132	1.09637	24.298777	0.1571459259348245	0.0934815583593111	-0.0079466089	0.039298176	0.0653773273	0.0675618595	-0.0110812056	0.0982748465	0.0969626009	-0.0991047016	-0.0654255785	-0.0712104569	-0.0054117691	0.1432002735	0.0860265823	-0.1320921207	0.0506235087	-0.0131664493	0.0032516546	0.0456002671	-0.0081629186	-0.0801794856	0.0092703318	-0.0212578748	-0.121960189	0.1519385491	0.0799990976	0.0684813463	0.0618067756	0.0454607511	0.0091511703	-0.0611819764	0.0095457353	0.012643914	-0.0254629617	0.01773256	0.0657941954	-0.060704181	0.0480525837	0.0655241308	0.0601266122	0.0265956392	-0.0020084916	0.0236786855	-0.0897303509	0.0696734998	-0.0142057076	-0.0823727834	-0.0571423112	0.1343354939	-0.058754706	0.0100396474	-0.0763501977	-0.0325304553	-0.0349245934	0.0433813821	-0.0017923027	-0.0912167139	0.0053741445	0.0910056853	-0.0089476998	-0.0906543325	0.1656805010844522	0.0030369583708136	0.0274500284395951	9.223116146055352e-06	0.1564856600560205	-0.0153907213052519	0.0244877618031684	0.0002368743022959	0.3469632475331465	-0.0369846168472989	0.0013678618833415	0.1203834951387474	-0.0095192814215176	0.0015372481918326	9.061671878205012e-05	2.363132003292598e-06	-0.0041878096783185	-8.772230650060022e-05	7.695203057785248e-09	1.75377499018181e-05	0.0071758233469062	0.000409702089896	1.6785580246515006e-07	5.14924407060041e-05	0.0	0.0	0.0	0.0	0.0	0.0
2236.382978409332	13.541431842729253	5001408.826118994	183.37037635128175	2651.673181431894	-4.445064632036974	7031370.661125143	19.758599582986	2599.0364211896144	12.312259219108457	151.59172707852113	6754990.318670119	2583.32842177094	1981.7691718930105	1.160069	25.710537	0.1632219650251457	0.0888413441152984	-0.0109066747	-0.0059715145	0.0432541309	-0.0805970883	-0.0233356983	-0.0879125602	0.0800045068	0.0057032072	-0.0605409003	0.0768685452	0.0909954804	-0.0105324165	0.0185182321	0.0737101109	-0.0466680697	-0.0801627348	-0.031194332	0.1207862276	-0.0252283784	0.0054592217	-0.0164789074	-0.0887594307	0.0340318134	-0.0857059001	-0.0626492725	-0.0405169265	0.0672029907	0.0572368729	0.1087651583	-0.0241770122	0.0119540194	0.0050005548	-0.0142028144	0.048258805	0.0215573044	0.0607170513	-0.0568232338	-0.0045985049	-0.0556997586	-0.035397585	-0.0151569755	0.0689135092	-0.0012903266	-0.0474005149	0.0221530593	-0.0508035514	0.0132757211	0.075366043	-0.1104612464	0.0154340953	-0.0464374549	-0.1307298718	0.0440488425	0.0838683635	-0.00298683	-0.0910916402	0.0089476998	0.0905061192	-0.0148702542	-0.089533037	0.1424653096816683	-0.0232151914027839	0.0202963644626936	0.0005389451118678	0.1630287264814853	0.0065430664254648	0.0265783656581749	4.281171824804493e-05	0.2645364400748846	-0.0824268074582619	0.0067941785877613	0.069979528127493	-0.0101601671196563	-0.0006408856981387	0.0001032289958993	4.107344780787294e-07	-0.0039020889568857	0.0002857207214327	8.163633065607966e-08	1.5226298227449332e-05	0.0072699549221074	9.413157520119994e-05	8.86075344985916e-09	5.2852244569473616e-05	0.0	0.0	0.0	0.0	0.0	0.0
2238.152202584031	1.7692241746990476	5009325.281931749	3.130154180339526	2678.0451035827173	26.37192215082314	7171925.576823367	695.4782779290761	2603.8072274584288	4.77080626881434	22.760592454558203	6779812.0777647495	2589.891035236296	2022.200689847352	1.067898	23.667753	0.0729697635801028	0.0398357914170253	-0.0110565603	0.0403380528	-0.0206116854	0.0729000949	0.0397124401	0.0739458705	0.002279881	-0.0221959893	-0.0496426633	-0.0435779975	-0.0862484077	0.0107903957	-0.021467413	-0.041547059	0.0565595477	0.0005420323	0.0360551055	0.0534336397	-0.0098791635	-0.0072975844	0.0353737887	0.0794932313	0.0050668296	0.0420198274	0.0728656609	0.039396402	0.0237315357	-0.0043739117	0.0428254202	-0.0177307374	0.0121609334	0.0109859311	-0.0083721805	0.0374310029	0.0257262706	-0.0563901974	-0.0053080694	0.0428271624	0.0719760069	0.0196161968	-0.140738075	-0.040634379	-0.0340632535	-0.0038201638	0.0210283954	-0.027727984	-0.0523061412	0.038119817	-0.0117849418	0.0896986372	0.057296553	-0.0795142888	0.0057124906	0.048550607	-0.0041808454	-0.090904137	0.0125074584	0.0897584821	-0.0207291319	-0.0878597406	0.1484457333591393	0.005980423677471	0.0220361357525326	3.576546736205586e-05	0.1609524491071994	-0.0020762773742858	0.0259056908736056	4.310927734971532e-06	0.2775259927664706	0.012989552691586	0.0001687284791274	0.0770206766610151	-0.0103922897274555	-0.0002321226077991	0.0001079996857793	5.3880905051500944e-08	-0.0040762417963247	-0.0001741528394389	3.0329211484666116e-08	1.661574718210442e-05	0.0079021496716044	0.0006321947494969	3.9967020129157364e-07	6.244396943243752e-05	0.0	0.0	0.0	0.0	0.0	0.0
2225.290124300716	-12.862078283314986	4951916.137310295	165.43305776612297	2655.8722613385617	-22.172842244155618	7053657.468547605	491.634933184212	2587.768551887722	-16.0386755707068	257.2391140623871	6696546.078139078	2576.798913974449	1983.331551123447	1.114889	24.709217	0.0888032526368031	0.0513590563971914	-0.0151936603	0.0375715581	0.0062876764	-0.1112063	0.0329098544	-0.0944209028	0.1039794875	-0.0654523114	-0.0696555476	0.0418662849	0.1417780479	0.0602638301	-0.0124575058	0.0535299331	-0.0038037381	-0.0687634927	0.0610413609	-0.011991512	0.0222565866	0.1200885944	-0.0374915148	-0.1561777124	0.0210589678	-0.0201096255	0.0190598604	-0.0865344662	0.0698342374	-0.0327044999	0.0294245375	-0.0015664857	0.01833917	0.0078989923	-0.0560873785	0.0404466315	0.0490017578	0.0714730919	-0.06013098	0.0097959923	-0.0582308059	-0.011514236	0.0764333036	0.0115000835	-0.105433389	0.0167064371	0.0407443631	-0.0437010906	-0.031898529	0.1760563093	0.0111195588	0.0670919394	0.0342801602	0.0434964534	-0.1537643896	-0.0610083678	-0.0053741445	-0.0906543325	0.0160479313	0.0887648233	-0.0264992443	-0.0856447597	0.1451068238125969	-0.0033389095465423	0.02105599031698	1.1148316959991948e-05	0.178249518091107	0.0172970689839075	0.0317728906997118	0.000299188595434	0.2976931277183539	0.0201671349518832	0.0004067133321674	0.0886211982907361	-0.0095900602191375	0.0008022295083179	9.19692550066836e-05	6.435721840161377e-07	-0.0040683401253907	7.90167093400046e-06	6.243640354922769e-11	1.6551391375864014e-05	0.007752278067767	-0.0001498716038373	2.246149763679444e-08	6.009781523998125e-05	0.0	0.0	0.0	0.0	0.0	0.0
2223.4783204387904	-1.8118038619254548	4943855.841461305	3.2826332340879927	2670.674210177124	14.801948838562566	7132500.736905206	219.0976894194237	2593.545933154745	5.777381267022975	33.37813430454799	6726480.507383517	2577.4080286244875	2001.5136544399568	1.089522	24.147017	0.0566854050954738	0.0285982190828017	-0.0182183293	0.0279217428	0.0807032585	0.0654246793	-0.048533888	0.0611652283	0.0194868342	-0.0531213321	-0.0432759339	0.0235050054	-0.0046283855	0.0376425376	-0.1298913659	-0.0089564331	-0.020079671	0.0206580039	0.1148916002	-0.0477050637	-0.0331926959	-0.006941984	0.0440232316	-0.0001293698	0.1100746153	0.0504855092	0.0679438889	0.0292047435	0.0843013541	-0.0736432747	-0.069756386	0.0617109843	0.01059046	-0.0004780381	-0.0359092289	0.0349739986	0.0486457829	-0.1048875571	-0.0618734633	0.027228284	0.0452322082	-0.0197706723	-0.0138985933	0.0269031232	-0.1256081887	0.0022343907	0.0419129425	0.0056928787	-0.0236633119	0.0393466432	-0.0514845473	0.1323671617	0.0063545297	-0.0610128361	-0.0834767123	0.0088985925	-0.0065665228	-0.0903423981	0.0195636596	0.0875278662	-0.0321558829	-0.0829017503	0.1643558821426722	0.0192490583300752	0.0270128559948959	0.0003705262465946	0.1695446612089739	-0.0087048568821331	0.0287453921444657	7.577453333841999e-05	0.3162426031369492	0.0185494754185953	0.000344083038305	0.1000093840388339	-0.0093920249725921	0.0001980352465454	8.821013308579363e-05	3.921795887429789e-08	-0.0040730684157377	-4.728290347000633e-06	2.2356729605539364e-11	1.658988631928002e-05	0.007753154820168	8.767524010003594e-07	7.68694772659895e-13	6.01114096654943e-05	0.0	0.0	0.0	0.0	0.0	0.0
2225.970674969891	2.492354531100773	4954945.445825913	6.211831108698553	2680.496894195789	9.82268401866486	7185063.599793271	96.485121330534	2595.217343391628	1.6714102368832755	2.793612179958207	6735153.0594407	2581.956622614626	1989.6176250020008	1.146521	25.410284	0.0720529310205453	0.0456135802945588	-0.0250650938	0.0374434671	-0.0905528998	-0.02446429	0.0716331295	-0.0328963001	0.0036559544	-0.0664735192	-0.0656306622	-0.0035571054	0.0792600869	0.0532305307	0.0357475634	0.0056585449	0.0705486811	0.0305990877	0.0180672509	-0.0402960495	-0.0546356434	-0.0003717283	-0.0404593286	-0.0927359385	-0.0526123649	-0.0007834207	0.0515363201	-0.0238238264	-0.0554550069	-0.0018988539	-0.0063012202	0.0597920235	0.01252773	0.0010943076	-0.0177437198	0.0396349959	0.0283753573	0.0961937578	0.0374906733	0.0886588709	-0.0301946029	0.014106617	-0.0451074646	0.0080136799	-0.0946759052	-0.0014819809	0.1059221217	0.003583595	-0.0868176724	-0.0061247578	-0.0046541729	0.0843052901	-0.019728548	0.028387513	0.0169435289	0.0469273655	-0.0077577759	-0.0899685475	0.0230492221	0.0860510014	-0.037674825	-0.0796476241	0.1450245626878938	-0.0193313194547783	0.0210321237828148	0.0003736999118626	0.1664657503638267	-0.0030789108451472	0.0277108460441918	9.47969199236517e-06	0.3084261709139895	-0.0078164322229596	6.109661269612257e-05	0.0951267029046654	-0.0101712960039764	-0.0007792710313843	0.0001034552624005	6.072633403547525e-07	-0.0040185934855654	5.447493017229997e-05	2.967518017276957e-09	1.6149093602228674e-05	0.0077503754117714	-2.7794083966000208e-06	7.725111035090699e-12	6.00683190233907e-05	0.0	0.0	0.0	0.0	0.0	0.0
2227.370132865962	1.399457896070999	4961177.708783334	1.9584824028754664	2677.000238549618	-3.4966556461708933	7166330.277194712	12.226600707898788	2592.7618895364462	-2.455453855181986	6.029253634928078	6722414.215832603	2576.474871525999	1978.4690290857527	1.086639	24.083111	0.0212427673500879	0.0110883626618329	-0.0187965324	0.005875641	0.0760761262	0.0322708109	-0.0800354729	0.0536887654	-0.0119375068	-0.0123043282	0.002053023	-0.0189304956	-0.0160952545	0.0549758996	-0.0881170637	-0.0184882399	-0.0203186669	-0.029612701	-0.0272560035	0.0251839155	0.0298241751	-0.0330853862	0.0490795022	-0.0064836445	0.0849190558	0.054458255	0.017810395	0.0276304223	0.0367041841	0.0294321845	-0.0051303008	-0.0518434862	0.0103687967	-0.0029775745	-0.0411321876	0.0170716127	0.032452431	-0.0909803558	-0.1138862142	0.006556631	0.0273169217	-0.0002782272	-0.0048775318	0.087803182	-0.006547367	-0.0230952962	0.0797988141	0.0260414526	-0.1037592766	0.0154848866	0.0608893578	-0.0268397693	-0.0166442582	0.1298608982	0.0259547594	-0.0024746539	-0.0089476998	-0.089533037	0.0264992443	0.0843382767	-0.0430324377	-0.0759024438	0.1450963779895033	7.181530160951799e-05	0.0210529589056728	5.157437545266037e-09	0.1702177386771382	0.0037519883133114	0.0289740785603585	1.4077416303226073e-05	0.3083842027487975	-4.196816519197455e-05	1.761326889580864e-09	0.0951008165050114	-0.0102925527900946	-0.0001212567861182	0.0001059366429368	1.4703208179714948e-08	-0.0041769236394162	-0.0001583301538507	2.5068437618417752e-08	1.744669108951387e-05	0.0078183283832019	6.795297143049987e-05	4.6176063262343315e-09	6.112625870758043e-05	0.0	0.0	0.0	0.0	0.0	0.0
2227.318729875452	-0.0514029905102688	4960948.724453997	0.0026422674333987	2659.37248311516	-17.627755434458322	7072262.003950091	310.73776165707494	2590.9439417287845	-1.817947807661767	3.304934231382225	6712990.509181091	2579.0058783859504	1971.4460141541529	1.033467	22.904663	0.1122480330134327	0.0576646067454844	-0.0249307909	0.0297378876	-0.0386925697	-0.10091455	0.0220808696	-0.0560035172	0.0658624283	-0.0672355576	0.0123192163	-0.0829492559	0.0122115863	0.0867241347	-0.0066642093	-0.0759579634	0.0344839866	-0.0519657024	-0.0135407389	-0.0634846084	0.0133198393	0.0349201847	0.0088339911	-0.0459916425	-0.0307801295	0.0977798314	0.0336788409	-0.1214309865	-0.0547812122	0.0091845449	-0.0082411222	0.0241338021	0.0242304673	0.0016897491	-0.0538628736	0.0593736976	0.0461715957	0.0221421188	0.0438679753	0.0689279165	-0.0918676271	0.0449862467	-0.0118184056	-0.0627026314	-0.034727966	-0.0688043025	0.0733435607	-0.0436086144	-0.0276442608	-0.0482026159	0.0084350476	-0.0549583439	-0.0501697492	0.0893577905	-0.0369508599	0.0897516527	-0.0101360905	-0.089036165	0.0299084066	0.0823943867	-0.0482057789	-0.0716892996	0.1438040042156245	-0.0012923737738788	0.0206795916284473	1.6702299714097517e-06	0.1791487354226433	0.0089309967455051	0.0320942694035322	7.976270286822316e-05	0.2748759552679587	-0.0335082474808388	0.0011228026492371	0.0755567907844728	-0.0097550856008843	0.0005374671892103	9.516169508058022e-05	2.888709794776204e-07	-0.0039443634935019	0.0002325601459142	5.408422146768025e-08	1.5558003368870513e-05	0.0072180274180623	-0.0006003009651396	3.603612487475352e-07	5.209991980789912e-05	0.0	0.0	0.0	0.0	0.0	0.0
2237.8945543758587	10.575824500406725	5008172.036505123	111.84806386340315	2685.532182766281	26.159699651121173	7212083.104673426	684.3298858368693	2604.3001770579485	13.356235329164065	178.3890221680103	6782379.412224062	2591.7897877177256	2000.5662430810144	1.070273	23.720396	0.059388191004988	0.0302752869608486	-0.0217107142	0.0177872107	0.014946341	0.042071344	0.0196209886	0.0903148323	-0.0072667275	0.01223626	-0.0071753413	0.059769661	0.0066584164	0.0145852581	-0.0097076644	0.0571762938	0.0577432265	-0.0092847713	-0.0875691113	0.0453775128	0.1006224023	-0.099472839	0.0194107549	-0.0167094208	0.0086413995	-0.0564779413	0.0498895067	0.0802949654	-0.0007379915	0.0697411055	0.0099044181	-0.134929457	0.0143690668	-0.0046871302	-0.0213361265	0.0440195105	0.0225048155	0.0310695305	-0.0838232447	-0.0031930935	0.0497453454	-0.0521915337	-0.034852993	0.076886816	0.0007418618	-0.1135022569	0.0907613476	-0.0768874439	0.0671209887	-0.1087418888	-0.151434747	0.0310886466	-0.0098630588	0.0860981025	0.0268077712	0.0241122059	-0.0113227445	-0.0884782721	0.0332714524	0.0802246594	-0.0531726956	-0.0670341672	0.14458347988149	0.0007794756658655	0.0209043826546412	6.075823136764698e-07	0.1755063406520918	-0.0036423947705515	0.030802475609088	1.326703966454095e-05	0.2658494054492877	-0.009026549818671	8.147860162894972e-05	0.0706759063777397	-0.0100320494447398	-0.0002769638438554	0.0001006420160617	7.670897080321335e-08	-0.0037380481753579	0.000206315318144	4.2566010500860014e-08	1.3973004161296526e-05	0.0076535436710608	0.0004355162529985	1.896744066258536e-07	5.857673072483483e-05	0.0	0.0	0.0	0.0	0.0	0.0
2238.9637483922784	1.069194016419715	5012958.666614802	1.1431758447477216	2669.7036561456343	-15.8285266206467	7127317.611637367	250.5422549805212	2599.168753247742	-5.131423810206343	26.33151031995258	6755678.207859422	2582.041542328381	1965.957904978268	1.047011	23.204847	0.0841008386182257	0.0462701822457198	-0.0173849554	0.004281242	0.0876229237	-0.0434792108	-0.1033492503	-0.0049705096	0.0239371476	0.0295886987	0.0908737929	-0.0921462442	-0.0413910617	0.0732212012	0.0497023273	-0.0567545501	0.0125447753	-0.0563152149	-0.0548817978	0.1651256817	0.03256161	0.037574421	0.034312432	0.0205128676	-0.0426118108	0.080454395	0.0035509042	-0.0024077659	0.0628165684	0.0559986623	0.1763854869	-0.0644844804	0.0267536187	-0.0021569647	-0.0634195294	0.0663311555	0.0545710969	-0.0816831835	0.0349481837	0.0636455303	-0.0949640449	0.0296128811	0.0367699431	0.000786346	0.0353486443	-0.1251282913	0.0162011794	-0.0507328775	0.0625744274	0.0108650305	-0.0576811843	-0.033950201	-0.0437051048	0.0911611898	0.0336233651	-0.0706647695	-0.0125074584	-0.0878597406	0.036583196	0.0778350419	-0.0579119187	-0.0619657467	0.1439121067949855	-0.0006713730865045	0.0207106944821713	4.507418212825801e-07	0.1877884900491295	0.0122821493970377	0.035264516994932	0.0001508511938111	0.2337962745261492	-0.0320531309231384	0.0010274032019758	0.0546606979823065	-0.0097351378140004	0.0002969116307394	9.477290825758048e-05	8.815651646833004e-08	-0.003789285516784	-5.123734142610005e-05	2.625265156414748e-09	1.4358684727708988e-05	0.0072198089389954	-0.0004337347320654	1.8812581779984466e-07	5.2125641115597886e-05	0.0	0.0	0.0	0.0	0.0	0.0
2242.45270168063	3.488953288351695	5028594.119274757	12.172795048300106	2697.6678532025285	27.964197056894136	7277411.846202339	781.9963170368067	2605.469007019603	6.300253771860753	39.69319758984564	6788468.746539716	2592.973254194416	2026.200145533828	1.156286	25.626692	0.0863604400656421	0.0504907991384104	-0.0231303719	0.0442678349	-0.0996527945	0.0326142513	0.0839530635	0.0198675154	-0.0331734825	0.0458731616	-0.0106744166	0.0368215971	0.0703919157	-0.0568599089	0.0382842616	0.0895752188	-0.049442927	0.0657348905	0.0080264587	-0.0249679634	-0.066747654	-0.0304175674	-0.0317451907	-0.0568518153	-0.0074501478	-0.1056849404	-0.0520164827	0.0657749059	-0.0055991026	-0.024030335	-0.0230974666	0.0935540994	0.0171613677	0.0040315325	-0.0194827403	0.0668768735	0.0224820394	0.1219701713	-0.0148247024	0.025560459	0.0153749114	-0.0269840934	-0.0906559399	0.0569152355	0.0272845334	-0.1306112834	0.0930026297	0.0253641659	0.1005916493	0.0668226808	0.0157370606	-0.0399608344	0.0152851036	0.0260593381	0.0392128408	-0.0139070648	-0.0136900291	-0.0871809944	0.0398385309	0.075232084	-0.062403154	-0.0565152869	0.1452739523570301	0.0013618455620446	0.0211045212334326	1.854623334860588e-06	0.1869598798798364	-0.0008286101692931	0.0349539966846828	6.865948126559642e-07	0.2420671117440136	0.0082708372178643	6.840674828441087e-05	0.0585964865880887	-0.0103911444791773	-0.0006560066651769	0.0001079758835871	4.303447447565178e-07	-0.0040040495975499	-0.0002147640807659	4.612361038722208e-08	1.6032413179639518e-05	0.0078670211353814	0.000647212196386	4.1888362715079117e-07	6.189002154453766e-05	0.0	0.0	0.0	0.0	0.0	0.0
2234.771766076396	-7.680935604234037	4994204.846452214	58.99677175639009	2667.80854343094	-29.85930977158841	7117202.424403114	891.5783800356753	2602.617509474448	-2.8514975451548707	8.131038250024254	6773617.900622979	2584.810912485592	1977.5838289104524	1.139988	25.26549	0.0812821152077824	0.0503070183296926	-0.0179109721	0.0151693756	0.103621759	-0.0300683438	-0.0707112752	-0.0110256197	0.0143269731	0.0137603738	0.05079732	-0.0242663436	-0.0300766028	0.0031488256	-0.0434109104	0.0033587301	-0.0257625842	-0.0680054969	0.0512427929	0.0226143735	-0.0290449612	0.0863084358	0.0275009822	0.0246826575	0.0489190073	0.0215656051	-0.0049293498	-0.0319530427	0.1079176116	0.0190296752	0.0459601627	0.0577854776	0.0229482402	0.0019629425	-0.0698462292	0.0419132872	0.0627574127	-0.1162346421	-0.0259998256	0.0355862476	-0.0456667585	0.0334205742	0.0377109617	0.0252603523	0.0181240029	-0.0737790129	0.0698584738	-0.0506757636	0.0165759494	-0.0428367628	0.077987707	0.0107340609	0.0802353877	0.0158819795	-0.0608465901	0.0319774144	-0.0148702542	-0.0864424987	0.0430324377	0.0724229201	-0.0666271694	-0.0507163915	0.1450164036209571	-0.000257548736073	0.0210297573191563	6.63313514528021e-08	0.2099506584562078	0.0229907785763714	0.0440792789861952	0.0005285758995477	0.2422356344609966	0.000168522716983	2.839990613933401e-08	0.0586781026027215	-0.0096841031974154	0.0007070412817619	9.378185473819116e-05	4.999073741155112e-07	-0.0043251437960249	-0.0003210941984749	1.031014842943024e-07	1.870686885629268e-05	0.0077378513120512	-0.0001291698233302	1.668484325915535e-08	5.987434292741247e-05	0.0	0.0	0.0	0.0	0.0	0.0
2241.894814522696	7.12304844629989	5026092.3593837535	50.73781916833528	2685.621191592617	17.81264816167686	7212561.1847313475	317.2904345316901	2604.921222091815	2.3037126173667275	5.307091823414658	6785614.573304314	2592.6445444576075	2018.6681003758165	1.10698	24.533926	0.0901001566094858	0.0505902671769263	-0.0241844791	0.0457726104	-0.0980630472	0.0043801749	0.0694280943	-0.0186929334	-0.0011218792	0.0127157005	-0.0288533279	-0.0108551271	0.0223317895	-0.0205274484	0.0311360256	0.0347751215	-0.0005458003	-0.0283686669	-0.0388413277	-0.025678683	-0.068740752	0.0290352972	-0.0113159017	-0.0273945616	-0.0211182223	-0.047791259	-0.0207305816	-0.0343832336	-0.041374356	0.0423825157	0.0009387315	0.0600398966	0.0185542842	-5.06756e-05	-0.0171863051	0.0640778272	0.0221539344	0.1197925247	0.0437647557	0.0744116216	0.0119666759	-0.0068331725	-0.0720506327	0.0290666956	0.012432331	-0.1023618796	0.0515999234	-0.0114966336	0.002582564	-0.0765207227	0.0426911217	0.0843696008	-0.0124642987	0.0414763097	0.0268611671	-0.1034926748	-0.0160479313	-0.0856447597	0.0461599916	0.06941525	-0.0705658771	-0.0446048127	0.1454388799615031	0.0004224763405459	0.0211524678044565	1.784862583211273e-07	0.1808502494175314	-0.0291004090386764	0.0327068127143833	0.0008468338062182	0.2211907595194233	-0.0210448749415733	0.0004428867613064	0.0489253520967793	-0.0102641892738184	-0.000580086076403	0.0001053535814487	3.36499856036628e-07	-0.0043314551355835	-6.311339558600151e-06	3.9833007023951154e-11	1.8761503591572677e-05	0.0079421018218634	0.0002042505098122	4.1718270758543895e-08	6.307698134884594e-05	0.0	0.0	0.0	0.0	0.0	0.0
2232.8286105075936	-9.066204015102358	4985523.603901271	82.1960552434581	2665.924434749225	-19.696756843391995	7107153.091792975	387.96223014770936	2598.069398652523	-6.85182343929182	46.94748444322879	6749964.6002146825	2581.2913198002047	1975.5995586207653	1.095426	24.277864	0.1282075513237855	0.0946644988201156	-0.018105005	-0.0324861221	0.0246687817	-0.0934694344	-0.031610747	-0.080193737	0.0179489112	0.0360922679	0.0447413037	0.0107000231	-0.0290991517	-0.0219424993	-0.1145137731	-0.0088433121	-0.0673846457	-0.0786162173	0.0480667518	-0.0502201239	0.0377264343	0.0153960984	0.0202716997	0.029281827	0.1201133171	0.0450387702	-0.0362388159	-0.111500645	0.0304466421	-0.0263804612	-0.0522052549	0.0165182954	0.0065536028	0.0001864526	-0.0212394472	0.0027730424	0.0212637588	-0.0475591937	-0.102425021	0.0294494426	-0.0746107369	0.0014423417	-0.0108140055	-0.0363569286	0.0171281269	-0.0569777192	0.1721927154	0.0325033571	0.0129465716	-0.001533321	0.0881050067	0.0270644277	-0.0696082046	0.0487914443	0.0671921167	-0.0620611005	-0.0172228587	-0.084788324	0.0492163702	0.0662173176	-0.0742024108	-0.0382182304	0.1454790400831598	4.016012165669602e-05	0.0211641511035176	1.612835371480625e-09	0.1890622514699202	0.0082120020523888	0.0357445349308753	6.743697770843805e-05	0.3051078770857032	0.0839171175662799	0.0070420826206328	0.0930908166597445	-0.0109612598213033	-0.0006970705474849	0.0001201492168701	4.859073481708989e-07	-0.0043371396274092	-5.684491825700549e-06	3.2313447316456357e-11	1.8810780147643214e-05	0.0079240914295048	-1.8010392358601066e-05	3.2437423291075563e-10	6.279122498315141e-05	0.0	0.0	0.0	0.0	0.0	0.0
2243.3472020283257	10.518591520732116	5032606.668848317	110.64076758001757	2683.5833796144443	17.658944865219382	7201619.755342883	311.838333752858	2606.2693464646645	8.199947812141545	67.23914412184492	6792639.90632135	2592.11816786469	1993.39696800357	1.069106	23.694542	0.0675015113460529	0.0474480288625863	-0.0191491152	0.0080039492	-0.0754895622	0.0071869564	0.0354485078	-0.0071461992	-0.0206169207	0.0092902175	0.0444134365	-0.0322411084	0.0096814032	0.0086153246	0.1023346502	0.031777303	-0.0329307621	-0.0337467101	-0.0424418141	0.0193658547	-0.0382150186	0.0088961337	-0.0157574653	-0.0154137381	-0.0936882779	-0.0217886678	-0.0674915277	0.0137361602	-0.0270191331	0.0639939423	-0.0118827023	0.0118689374	0.0081793583	-0.0030238489	-0.0210914143	0.0095846846	0.0469701409	0.0907716255	0.0392176407	0.0940361569	0.0397125627	0.0523456763	0.0042261074	-0.0076896904	0.019268959	-0.0655243465	0.1196131088	-0.0491716783	-0.0218857434	-0.0956431523	0.0751382257	-0.021305774	-0.0475197675	0.0112070995	0.0284016947	0.0236636946	-0.0183948351	-0.0838737786	0.0521968607	0.0628378881	-0.0775211985	-0.0315960199	0.1453058633453139	-0.0001731767378458	0.021113793922527	2.999018253094501e-08	0.2057881651313664	0.0167259136614462	0.0423487689081345	0.0002797561878101	0.2969405521507724	-0.0081673249349307	6.6705196592742e-05	0.0881736915116055	-0.0101973476656489	0.0007639121556544	0.0001039858994141	5.83561781556554e-07	-0.0043301971716709	6.942455738300629e-06	4.8197691678263336e-11	1.875060754554666e-05	0.0078462441206609	-7.784730884389905e-05	6.060203494237404e-09	6.156354680100574e-05	0.0	0.0	0.0	0.0	0.0	0.0
2242.7574139694143	-0.5897880589113811	5029960.817914775	0.3478499544344547	2678.7224130412096	-4.860966573234691	7175553.7661293205	23.628996026105018	2600.869276134246	-5.400070330418657	29.160759573467868	6764520.991539076	2586.3987118580303	1995.7829965059875	1.063879	23.578697	0.1166511926679092	0.056084939158665	-0.0108503407	-0.0361865973	0.0599946343	-0.0485386899	-0.026852364	-0.047030857	0.0178419816	0.0373925254	0.0188875116	0.0403981275	0.0394061223	0.0032459725	-0.0546874161	0.0479070376	-0.0289104608	-0.0802305108	-0.0505917376	0.0139878556	-0.0041343906	-0.0052878336	0.0030657179	-0.0422966402	0.0729079339	-0.0371247866	-0.0218392478	-0.0280597355	0.0490821375	0.0700262019	0.0089869022	-0.0313071201	0.0069368962	-0.0134439052	-0.0023294337	0.0284754756	0.0150230969	0.0090221572	-0.1116494522	0.0176937716	-0.0725914615	-0.0857305001	-0.0292747451	0.0526135533	0.0505977312	-0.1377102179	-0.0458354009	0.0213361118	-0.0261852344	-0.0365390501	-0.0482149369	-0.0509898662	-0.0013371814	0.0403677241	-0.0233298191	-0.0045784081	-0.0195636596	-0.0829017503	0.0550968674	0.0592862243	-0.0805080284	-0.0247790096	0.1190017376381433	-0.0263041257071705	0.0141614135608974	0.0006919070292186	0.1993140746572379	-0.0064740904741285	0.039726100356471	4.191384746720141e-05	0.2667646253794373	-0.0301759267713351	0.0009105865565089	0.0711633653538315	-0.0108470710070833	-0.0006497233414344	0.0001176589494327	4.2214042040468347e-07	-0.0039221495129466	0.0004080476587242	1.665028917903827e-07	1.5383256801907252e-05	0.0078300741265141	-1.616999414679951e-05	2.6146871070753035e-10	6.131006082670555e-05	0.0	0.0	0.0	0.0	0.0	0.0
2239.6489118417285	-3.108502127685824	5016027.248313839	9.662785477827295	2680.6591181864264	1.93670514521682	7185933.307916029	3.750826819509303	2598.085762793865	-2.7835133403809778	7.747946516078869	6750049.6308321785	2584.1882402263705	2032.1297176173475	1.033335	22.901749	0.1069764650159627	0.0557735204826311	-0.0104270308	-0.0006702065	0.0280235971	0.1065073272	-0.056484333	0.0798956077	-0.0145130946	-0.0304107979	0.0168168749	-0.0852361679	-0.0272891328	0.058286779	0.0300029517	-0.0755265125	-0.0012713185	-0.0498881496	-0.0132180083	-0.00740564	0.0002787835	-0.0526563535	0.0119244436	0.0185212755	-0.0487342419	0.0904854429	0.0172014565	0.02947134	0.0469677008	0.0778295954	-0.0334588741	-0.0259433292	0.0066071896	-0.0039163362	0.0041331921	-0.0022232223	0.0452023519	-0.0593775456	0.0482860007	0.1160792741	0.0505745927	-0.0247667124	-0.079439527	0.0203693201	0.0246679753	0.0011742422	0.0445059366	-0.0547067117	0.0473249111	0.0535481673	-0.0843130265	-0.0548192886	-0.0376240585	0.120361401	0.0718989906	-0.0471563723	-0.0207291319	-0.0818729053	0.0579119187	0.0555720611	-0.0831501106	-0.0178092284	0.1291106509270321	0.0101089132888888	0.0166695601828019	0.0001021901278822	0.1683040124895569	-0.031010062167681	0.0283262406200849	0.0009616239556434	0.3078677247405252	0.0411030993610879	0.0016894647770874	0.0947825359369078	-0.0110481364605458	-0.0002010654534624	0.0001220613192508	4.0427316576080246e-08	-0.0040982951555501	-0.0001761456426034	3.1027287408199914e-08	1.6796023182005418e-05	0.007712197418614	-0.0001178767079001	1.3894918265365682e-08	5.947798902367644e-05	0.0	0.0	0.0	0.0	0.0	0.0
2239.2534893518755	-0.3954224898529901	5014256.18957455	0.156358945481538	2652.333059995229	-28.326058191197266	7034870.661143656	802.3655726510935	2595.328247630268	-2.7575151635969632	7.603889877467187	6735728.712947598	2578.229960657339	1982.7718191428264	1.171912	25.973017	0.2431388160342139	0.1315243489845411	-0.0131457572	-0.0231053977	0.0701722451	-0.0764362732	-0.0814620213	-0.0678350507	0.0829074498	0.0078079791	-0.0274210804	0.074793992	0.0976642805	0.0160382934	0.0150274032	0.0366242191	-0.0488767402	-0.016121296	0.0019599263	0.1346272795	0.0640649802	0.0408159935	-0.0203675717	-0.1025462475	0.0251284832	-0.0173877584	-0.0795560676	-0.026843808	0.0525556238	-0.0212877242	0.1138872621	-0.0486898996	0.020656026	-0.0118241031	-0.0449520785	0.057710854	-0.0776927784	0.01555524	-0.0044666559	-0.1795743872	-0.0708561999	0.1246530804	0.1039730497	0.0677754057	0.175655398	-0.0375910274	-0.0925131375	-0.0840701944	-0.02073438	0.0368081877	-0.0765042317	-0.046459493	-0.1147835617	0.0366949544	0.0735308198	0.007779764	-0.0218910524	-0.0807879487	0.060637674	0.0517055788	-0.0854361313	-0.0107296473	0.1248766488496784	-0.0042340020773537	0.0155941774279258	1.792677359103551e-05	0.2218137582058261	0.0535097457162692	0.0492013433293926	0.0028632928866197	0.2354213610654341	-0.0724463636750911	0.0052484756097435	0.0554232172459014	-0.0096811302727778	0.0013670061877679	9.372428335849476e-05	1.8687059173959995e-06	-0.0038971385131132	0.0002011566424368	4.046399479648674e-08	1.5187688590390164e-05	0.0070213861575089	-0.000690811261105	4.772201984696183e-07	4.92998635728576e-05	0.0	0.0	0.0	0.0	0.0	0.0
2252.742165710319	13.488676358443628	5074847.265169219	181.944389902836	2700.229942263538	47.89688226830867	7291241.741096549	2294.1113310242217	2609.1377765060565	13.8095288757886	190.7030877712392	6807599.936790968	2594.6774035844646	2016.0945679711515	1.19599	26.506647	0.1222285360752587	0.0696804039711092	-0.006595944	-0.0139468882	-0.0915618439	0.0090439712	0.0301039106	-0.0473176494	-0.0512328975	0.0939353457	0.0893062345	-0.03550209	-0.1259138952	-0.0013628389	0.019597388	-0.0128258609	0.063575409	0.1683539704	-0.1251695641	0.0651629709	0.0724092037	0.0648935622	0.0523589486	0.0788730868	-0.0303212799	0.0254934319	-0.0182128822	0.0358617003	-0.2045980884	-0.0766528545	0.1219458481	-0.0828124036	0.0116653126	0.0019361801	0.002591117	0.0206455634	-0.1431395909	-0.0501907164	0.0797506229	-0.1707888035	0.0112372758	0.2089461948	-0.0645988995	-0.0449713818	0.1591868545	-0.088737262	-0.14277743	0.0313413117	0.0001040201	-0.0140322511	0.0583856937	0.0581257212	0.0347178613	-0.0026202901	0.0903590087	0.0536271735	-0.0230492221	-0.0796476241	0.0632699305	0.047697375	-0.0873563013	-0.0035839144	0.1337368649159884	0.00886021606631	0.0178855490375573	7.850342874169791e-05	0.2062936874175136	-0.0155200707883124	0.0425570854683148	0.0002408725972742	0.3018562538093903	0.0664348927439562	0.0044135949739009	0.091117197963839	-0.0092421721327764	0.0004389581400014	8.541774573186866e-05	1.926842486734894e-07	-0.0039362846304353	-3.914611732210027e-05	1.5324185013956387e-09	1.549433669180117e-05	0.007171549029719	0.00015016287221	2.254888819038677e-08	5.143111548566353e-05	0.0	0.0	0.0	0.0	0.0	0.0
2247.174790173613	-5.567375536706095	5049794.5375918215	30.99567036671348	2703.695160610985	3.465218347447262	7309967.52151126	12.007738195485135	2612.704401698681	3.5666251926245423	12.720815264664052	6826224.290655663	2594.968626728996	2035.6483187816184	1.201948	26.638699	0.1351319363680627	0.0598409027011716	-0.0048972417	0.0361100307	0.0161480986	0.0910865776	-0.025795097	0.0713156984	-0.0458275342	0.0463312456	0.0655430491	-0.0111532012	-0.0172207166	-0.0498872111	0.0681698616	0.0656695664	-0.0329147123	0.0470720412	0.023358653	-0.0164468316	-0.0011154377	-0.1152221456	0.0100293165	0.0152914522	-0.0300619886	-0.0622006469	-0.0612597992	0.0909020988	0.0394890992	-0.0180167388	-0.0297767125	0.0005747623	0.0161206937	0.0035240832	-0.0365189667	0.0108997448	-0.005196042	0.0289539995	0.0080298715	-0.0143214821	0.0771117995	0.0237697698	0.0833030901	0.0805978569	0.0017767606	0.0075584221	-0.0735596128	0.0153988485	0.1673045233	0.0970207996	0.1175297561	-0.0459442986	0.029606984	0.049095472	-0.1336979307	-0.1073111499	-0.0242034423	-0.0784527129	0.0658046293	0.0435584361	-0.0889023983	0.0035839144	0.1199159714822428	-0.0138208934337456	0.01437984021653	0.0001910170953069	0.1947911594141089	-0.0115025280034047	0.0379435957858927	0.0001323081504691	0.2691743278349179	-0.0326819259744723	0.0010681082854008	0.0724548187653798	-0.0099106230249833	-0.0006684508922069	9.822044874332916e-05	4.468265952922025e-07	-0.0044330891087194	-0.000496804478284	2.468146896431366e-07	1.9652279045846564e-05	0.0075488254383568	0.0003772764086378	1.4233748851463626e-07	5.698476549878273e-05	0.0	0.0	0.0	0.0	0.0	0.0
2229.666609251141	-17.508180922472093	4971413.18840948	306.5363992140157	2688.685127549499	-15.010033061485956	7229027.715105867	225.30109250690143	2597.465739678899	-15.238662019782168	232.2168201531516	6746828.268805649	2588.0516191326205	2026.8974913550203	1.093866	24.243284	0.1056995959685757	0.0544509600938271	-0.0121573025	0.046626988	-0.0674318183	0.0662783331	0.0615046147	0.0930723419	-0.0002342257	-0.0598235897	-0.0446339667	-0.0032640379	-0.0368121709	0.0255486482	-0.113691517	0.0012540248	0.0723076804	0.0033714163	0.0741402265	-0.0151602494	-0.1119702803	-0.0071652131	0.0369983758	0.019860357	0.0742914289	0.0155529906	0.1237597135	0.0219050037	0.0140692995	0.0057632028	-0.022084803	0.0770838688	0.0104036936	0.0010575313	-0.0212331041	0.0125969476	0.0127301532	-0.0300174632	-0.0092649429	0.0034398008	0.1140229672	0.0491701093	0.0142303805	-0.1026551892	-0.1314651735	-0.0457556805	-0.0479336641	0.0607077577	0.0737397259	0.0143384623	0.0629880302	0.0295152691	0.0778006544	-0.0322277503	-0.0483885022	-0.0227699996	-0.0253535154	-0.0772040342	0.0682378621	0.0393001065	-0.0900678015	0.0107296473	0.1351254073651375	0.0152094358828947	0.0182588757155943	0.0002313269398758	0.1729094673392097	-0.0218816920748992	0.0298976838955292	0.0004788084480607	0.3086475972573197	0.0394732694224018	0.0015581389988935	0.0952633392927166	-0.0099050070178518	5.616007131500206e-06	9.81091640236934e-05	3.153953610106117e-11	-0.0049678051929877	-0.0005347160842683	2.859212907752237e-07	2.467908843547556e-05	0.0075911973187246	4.237188036779974e-05	1.795376245903133e-09	5.762627673181155e-05	0.0	0.0	0.0	0.0	0.0	0.0
2238.659044757442	8.992435506301263	5011594.318674304	80.86389633498764	2664.034093958731	-24.651033590768293	7097077.653774516	607.6734570931867	2608.791018984733	11.3252793058341	128.26195135515414	6805790.580735401	2590.602924884733	1996.114780163374	1.099801	24.374828	0.141280579014281	0.0787782087121626	-0.0028569814	-0.0028354762	0.0738336356	0.0036484692	-0.0752887692	-0.0132033767	0.0215839536	-0.0452734146	0.0025465687	0.0062687988	0.0231022184	-0.0339996722	0.0883729638	0.0362085172	-0.0482019532	0.0191365461	0.0464814059	-0.1258117753	-0.0558991099	0.0098841564	-0.0231979052	-0.0090182641	-0.0733328985	-0.0386324823	-0.0761068689	-0.0024400404	0.0227116222	-0.040541997	-0.0752454058	0.0902727437	0.0112279573	0.0044792297	-0.0073027861	0.0568815493	0.0145927827	0.0090985456	0.0807837883	0.0363975295	-0.0230961573	0.0237980149	0.0456790336	0.1055010251	-0.0726091927	-0.1248877092	-0.0715299647	0.0933784667	0.007591211	-0.0207969249	0.0515343311	0.0469261083	-0.0278058504	-0.1417780026	0.0261851615	0.0115367044	-0.0264992443	-0.0759024438	0.0705658771	0.034934058	-0.0908475206	0.0178092284	0.1682361427315015	0.033110735366364	0.0283033997211741	0.0010963207965013	0.1874438767283237	0.0145344093891139	0.035135206922943	0.0002112490562903	0.2413691029342217	-0.067278494323098	0.0045263957983831	0.0582590438512709	-0.0100881697152041	-0.0001831626973522	0.0001017711682027	3.3548573701370165e-08	-0.0049727247025554	-4.919509567699598e-06	2.4201574386687887e-11	2.4727990967404688e-05	0.0079302539105187	0.0003390565917941	1.1495937243903137e-07	6.288892708529713e-05	0.0	0.0	0.0	0.0	0.0	0.0
2245.3165881810605	6.657543423618336	5041446.581161038	44.32288443736375	2709.0328350503937	44.99874109166285	7338858.901381174	2024.8866998345068	2604.587321150193	-4.20369783453998	17.67107548411612	6783875.113496339	2591.9087092165087	2009.953118846456	1.194367	26.470694	0.0649189113728117	0.0305503613126209	-0.0074643666	0.0316123907	-0.0722938364	0.0230965169	0.0674120967	0.060723456	-0.0387858877	0.0846189007	0.0415419876	-0.004353159	-0.038598856	-0.0005108103	-0.0772655379	0.0368854509	0.0601992803	0.0495651488	0.0237142048	-0.0155596175	0.0915775477	-0.0744042159	0.0459273164	0.0270255819	0.0566412499	-0.0131841266	0.0643570341	0.023921695	-0.0649391097	-0.0565772682	-0.0588127326	-0.0463546892	0.0161063163	0.0058056122	-0.0309265084	0.0383832351	-0.1146785688	-0.0170881846	-0.0008646928	-0.2030047689	0.0803531525	0.1733360897	-0.0349973968	-0.0011328882	0.0855811524	-0.0154489431	-0.1029276494	-0.0288715695	-0.1301456836	0.1066259205	0.0948692237	-0.0557037376	-0.1046920486	0.0727115222	0.087858034	-0.052147444	-0.0276404327	-0.0745488335	0.0727850846	0.0304722578	-0.0912382167	0.0247790096	0.1557744028823151	-0.0124617398491864	0.0242656645933418	0.0001552949600688	0.1976619281177676	0.0102180513894439	0.0390702378272335	0.0001044085741973	0.2488562429295981	0.0074871399953763	5.605726531036486e-05	0.0619294296450351	-0.0102124848986016	-0.0001243151833975	0.0001042948478041	1.5454264823154098e-08	-0.0046748042046231	0.0002979204979322	8.87566230882294e-08	2.1853794351561812e-05	0.0076574499890724	-0.0002728039214463	7.442197955647937e-08	5.863654033514489e-05	0.0	0.0	0.0	0.0	0.0	0.0
2247.3970887235027	2.080500542442224	5050793.674402876	4.328482507102386	2683.9084500611284	-25.12438498926531	7203364.568309529	631.2347210888199	2615.638350460508	11.051029310314789	122.12524881743656	6841563.980399766	2599.20707267386	2010.7749709832865	1.069822	23.710402	0.1363381720070546	0.0680731726534241	0.0061191991	0.036622905	0.0533416794	0.0373778652	-0.0505386383	0.0537296622	0.0125007706	-0.0163030196	0.0461574781	-0.0564719636	-0.0825608876	-0.0280177117	0.1009272982	0.0048129075	-0.0311675318	0.0612538146	-4.39691e-05	0.0509286557	0.0518324765	-0.0622358587	0.0222712241	0.0740283585	-0.0868731667	-0.0016127267	-0.0438020891	0.0805993565	0.0506432778	-0.0721954456	0.058842042	-0.0206029666	0.0160491246	0.010960335	-0.0499686947	0.0606786488	-0.0279788536	-0.0561601631	0.1190325644	-0.0527386748	0.0378513467	0.1130769714	0.0696412043	0.0843014621	-0.0216232535	-0.076917825	-0.0781050646	-0.0059457339	0.055863406	-0.0513745164	0.095565912	-0.0806039747	-0.084891766	-0.0683479371	-0.0963365272	0.0907718575	-0.0287768851	-0.0731441312	0.0748920628	0.0259269352	-0.0912382167	0.0315960199	0.1652467867801732	0.0094723838978581	0.027306500541172	8.972605670840182e-05	0.2369650178455771	0.0393030897278095	0.0561524196825546	0.0015447328621522	0.2322296701960411	-0.016626572733557	0.0002764429208642	0.053930619719362	-0.0095260199373252	0.0006864649612764	9.07450558463172e-05	4.7123414306020934e-07	-0.0051170713956629	-0.0004422671910397	1.956002682702349e-07	2.618441966831146e-05	0.0079474403497128	0.0002899903606404	8.409440926434969e-08	6.316180811224313e-05	0.0	0.0	0.0	0.0	0.0	0.0
2238.0339108402127	-9.363177883290064	5008795.786070737	87.6691000741322	2713.390609158814	29.48215909768578	7362488.597871241	869.1977050612564	2601.0282391189435	-14.610111341564334	213.4553534129068	6765347.900694191	2592.6692889104124	2029.3346067334785	1.070992	23.736326	0.0935428729733142	0.0457038023960445	-0.0029248008	0.0906779925	-0.0943694047	-0.0127344548	0.1584835445	0.0241888554	-0.009310192	0.0042117338	-0.0078946329	0.021033645	0.0266772416	0.0208321069	-0.0662467357	0.0024132998	0.0928170517	-0.0161958408	0.0215998961	0.0280993608	-0.0023621189	-0.076695753	0.012847103	-0.0481619492	0.0460413274	-0.0002216641	0.1075804022	-0.025994578	-0.0214508084	-0.0231348033	0.0091921892	0.0236071678	0.0216272919	0.0129110317	-0.0435576394	0.0571565212	0.0121346839	0.0398435413	-0.0467502404	-0.0904169289	0.0752677641	0.0477718295	0.0351196179	-0.0664716486	-0.1151061219	-0.0525714551	-0.0943725883	-0.0605191132	0.1052829441	-0.0578567413	0.0421049288	-0.0155517655	-0.0216128227	0.0375595533	-0.1410863588	0.0128771712	-0.0299084066	-0.0716892996	0.0768835629	0.0213105486	-0.0908475206	0.0382182304	0.155382355845262	-0.0098644309349112	0.0241436765080236	9.730699766963327e-05	0.2150462291068891	-0.021918788738688	0.0462448806530926	0.0004804332997712	0.2304718483117511	-0.0017578218842899	3.089937776888829e-06	0.0531172728642348	-0.0089335894512958	0.0005924304860294	7.980902048430359e-05	3.509738807770316e-07	-0.0050587334817022	5.8337913960699976e-05	3.403312205286033e-09	2.5590784438894864e-05	0.0073981721213944	-0.0005492682283184	3.016955866400341e-07	5.473295073777732e-05	0.0	0.0	0.0	0.0	0.0	0.0
2229.631648317023	-8.40226252318962	4971257.287176886	70.5980155085968	2661.1025837905536	-52.288025368260605	7081466.96145676	2734.0375969118645	2595.8097203805905	-5.218518738352941	27.23293782254077	6738228.10442236	2581.500048227779	1989.5269887455167	1.08729	24.097538	0.1483673757232433	0.0745986938511762	-0.0033863024	0.0037617741	0.0499577827	-0.0724496708	-0.0072817133	-0.0334132156	0.0559171153	-0.0589667897	-0.0426233323	-0.0436318183	0.0142684197	0.0630952868	0.0008995052	-0.0718129556	0.0380175569	0.0099563306	0.0046665132	0.063437208	0.0834043629	0.079165524	-0.0083458781	-0.032920529	-0.0123362421	0.0907955397	0.0520752248	-0.0399430223	0.0124167795	-0.0634134838	0.095271716	-0.0808077569	0.0147130196	-0.0071771017	-0.0165674668	0.0282299816	0.0021650864	-0.0380572511	0.0177139949	0.0008605339	-0.084787889	0.005195499	0.0119812434	-0.082355851	-0.0518050863	0.0262431047	-0.1875249902	0.0682824405	0.1405506395	0.0133445955	0.0125561167	-0.0439583648	-0.0892897712	0.0151036931	-0.1289823159	0.0175098591	-0.0310348036	-0.0701853358	0.0787565141	0.0166357513	-0.0900678015	0.0446048127	0.1193973549855513	-0.0359850008597106	0.0142557283775457	0.0012949202868733	0.1981497187518925	-0.0168965103549965	0.0392633110414541	0.0002854920621765	0.2653448032301071	0.034872954918356	0.0012161229847376	0.0704078646012242	-0.009725431889898	-0.0007918424386022	9.4584025445045e-05	6.270144475714799e-07	-0.0048342201061737	0.0002245133755284	5.0406255791201154e-08	2.3369684034934065e-05	0.0072022697437215	-0.0001959023776729	3.8377741577895674e-08	5.187268946132616e-05	0.0	0.0	0.0	0.0	0.0	0.0
2237.6476277695992	8.015979452576175	5007066.906062915	64.25592658412344	2678.402955965232	17.300372174678614	7173842.394523294	299.30287738239406	2608.645603564901	12.83588318431066	164.75989712126918	6805031.884998487	2592.235461826012	2015.5689841848905	1.108121	24.559221	0.198488677585039	0.1056359668555533	-0.0146919838	0.0158773893	-0.02128151	0.0659445248	0.0369899596	0.0496822447	0.0096749443	-0.0034671132	-0.083711483	0.0792666232	0.0827345241	-0.0585157136	0.0266514853	0.0887481399	-0.0383009646	0.1727045848	0.0277507294	-0.0094451691	-0.0695459358	-0.0466500311	-0.0298925855	-0.0597156781	0.0108123141	-0.0984458538	-0.0432663197	0.1545178596	-0.0304109684	-0.0739837712	-0.0392972259	0.0581998078	0.0014748686	-0.0055168985	0.0141891473	-0.0002398457	-0.0429494646	0.0913681285	-0.0183871651	-0.016976371	0.0808823358	-0.0267388095	-0.0538986693	0.0360746505	0.0447895963	0.1340639356	-0.0709319256	0.1076699629	0.1747542656	0.099626016	0.0951862501	-0.08504663	-0.0140794363	-0.0042105235	-0.089615947	0.0375679742	-0.0321558829	-0.0686332704	0.0805080284	0.0119153566	-0.0889023983	0.0507163915	0.1380795534613668	0.0186821984758154	0.0190659630840904	0.0003490245398897	0.1644128730435454	-0.033736845708347	0.0270315928224329	0.0011381747583488	0.2914329202282886	0.0260881169981814	0.0006805898485108	0.084933146992788	-0.011259392424649	-0.0015339605347509	0.0001267739177722	2.3530349221735727e-06	-0.0052498448012221	-0.0004156246950483	1.727438871340753e-07	2.756087043691871e-05	0.007652314841976	0.0004500450982544	2.0254059046290227e-07	5.855792244072617e-05	0.0	0.0	0.0	0.0	0.0	0.0
2236.465056497752	-1.182571271847337	5001775.948935493	1.398474812998628	2690.181070342319	11.778114377086697	7237074.191228145	138.7239782797363	2605.6227601777523	-3.022843387148896	9.13758214322981	6789269.968356328	2593.8304661485017	1988.6641876220704	1.040558	23.061821	0.1841823068881374	0.0822897915736547	-0.0076257872	-0.0252252585	-0.0524309873	-0.091699548	0.0589868592	-0.104698183	-0.0101429667	0.003618251	0.0104346349	-0.0682826186	-0.008576998	-0.0124155162	-0.0116776226	-0.0123711946	-0.066755518	0.0495237938	0.0910007183	-0.008989004	0.0540540513	0.069953138	-0.0015945265	0.0059024014	0.0159190277	0.0211515029	-0.038042064	-0.0707858543	-0.0329254307	-0.1437999606	-0.0115571651	0.0197340742	-0.0093124047	-0.0030019887	0.0246207124	-0.0350679279	-0.0348984997	-0.0211938196	-0.0367571438	-0.0381884624	-0.0703406554	0.0102710043	-0.0528181356	-0.0895942269	-0.0243343097	0.19725663	-0.0576456393	0.025931764	0.0935239367	-0.0208859502	0.0967358115	0.0756382439	0.0239781728	-0.048746191	-0.111726554	0.1230934196	-0.0332714524	-0.0670341672	0.0821354052	0.0071623028	-0.0873563013	0.0565152869	0.1678945324084111	0.0298149789470442	0.028188574012639	0.0008889329696126	0.199567544150085	0.0351546711065396	0.0398272046780961	0.0012358509006089	0.3430575356348271	0.0516246154065385	0.002665100915873	0.1176884727558406	-0.0114803621027975	-0.0002209696781485	0.0001317987140113	4.882759866105193e-08	-0.0059733960282255	-0.0007235512270033	5.235263780981254e-07	3.568146011002018e-05	0.0072450749185676	-0.0004072399234083	1.6584435521767905e-07	5.249111057565732e-05	0.0	0.0	0.0	0.0	0.0	0.0
2229.859649898947	-6.605406598805075	4972274.0582474535	43.63139633553763	2657.9129154117963	-32.26815493052254	7064501.065912835	1041.2338226202062	2599.3956925978355	-6.22706757991682	38.77637064485113	6756857.96669618	2581.192009397413	1985.3356652681944	1.094991	24.268215	0.0811527244521367	0.0397039854488257	-0.0070602377	-0.0185065011	0.1026166264	0.0204578843	-0.0810618895	0.0056638251	0.0569041182	-0.0401808053	-0.060884985	0.0591077615	0.0844663413	0.0218161812	0.0386537373	-0.0239394493	-0.0280937986	0.029003741	-0.0415375672	-0.0592505005	0.0657791833	0.0482917035	-0.0467570946	-0.0628554177	-0.0322522118	0.0200959976	-0.0487237602	0.0255161264	0.0087347519	-0.0071747361	-0.027745494	-0.0682166466	-0.0042821657	-0.0088261579	0.0055817087	-0.0387023165	0.0027222443	0.0028976064	0.0150624631	0.0307904426	-0.0062124421	-0.036835667	0.1152092406	0.1179429745	-0.0215631737	0.1704416963	-0.1030478126	0.0500450158	0.0261013364	-0.0405407069	0.0680802544	0.0985245527	0.0011767168	-0.0294899374	-0.0341743478	-0.0482637485	-0.034381321	-0.0653891221	0.0836361352	0.0023896175	-0.0854361313	0.0619657467	0.1564945054508086	-0.0114000269576025	0.0244905302362931	0.000129960614634	0.1830788013374586	-0.0164887428126264	0.0335178474991606	0.0002718786395409	0.3451888679019248	0.0021313322670977	4.542577232771901e-06	0.1191553545234125	-0.0112494877934181	0.0002308743093794	0.0001265509756142	5.33029467314155e-08	-0.0054047575857649	0.0005686384424606	3.233496782440172e-07	2.921140456088323e-05	0.0070219352221114	-0.0002231396964562	4.9791324134565374e-08	4.930757426352867e-05	0.0	0.0	0.0	0.0	0.0	0.0
2232.462997172106	2.6033472731592155	4983891.033742663	6.777417024665524	2690.1902135019086	32.277298090112254	7237123.384821445	1041.8239719979642	2602.0271808029315	2.631488205096048	6.924730173559619	6770545.449637252	2591.2171066534324	1995.5062650586733	1.17309	25.999123	0.1504678039108288	0.0758309029253505	-0.0090698432	0.0346838019	-0.0938462571	-0.0130413103	0.1029384681	0.0462383735	0.0286001746	-0.0293679038	-0.0825621811	0.0006890709	-0.0052375615	0.0325151103	-0.0649547553	0.0040903862	0.0632103514	0.094641192	0.0552897844	0.039483257	-0.0315130602	0.0158626212	0.0278798794	-0.0115421515	0.0302267482	0.0179385484	0.1020671096	0.0348836417	-0.0421216085	-0.0761301957	0.0176732578	0.0643529213	0.0085319841	-0.0081459468	-0.0174409005	0.0237537061	-0.0446908983	-0.0079501707	0.0015642758	-0.0881982037	0.0639165871	0.0925953637	0.0365308416	-0.1223783372	-0.0793364411	-0.006037184	-0.0030992862	0.0351234589	-0.0147397832	0.0174635719	0.0457527779	0.0229503559	0.0071050166	-0.0320788195	0.0069741952	-0.0555739106	-0.0354852986	-0.0636992625	0.0850079043	-0.0023896175	-0.0831501106	0.0670341672	0.16817046449151	0.0116759590407014	0.0282813051272902	0.0001363280195201	0.1917611856799936	0.0086823843425349	0.0367723523333969	7.538379787149672e-05	0.2828577688263323	-0.0623310990755925	0.0038851659119713	0.0800085173854108	-0.0109094149843478	0.0003400728090702	0.0001190153353007	1.1564951546896397e-07	-0.0049113830122917	0.0004933745734731	2.434184697498619e-07	2.412168309342749e-05	0.0075440550686079	0.0005221198464965	2.7260913410552896e-07	5.691276687818854e-05	0.0	0.0	0.0	0.0	0.0	0.0
2232.6429854309554	0.1799882588493346	4984694.700394049	0.0323957733236151	2648.286940712965	-41.90327278894347	7013423.720350836	1755.88427042461	2608.418111538668	6.390930735736674	40.84399566898371	6803845.044602952	2591.457728651704	1980.075627611504	1.087151	24.094461	0.1202894905021939	0.0528372115967079	0.0026516772	-0.0329477565	0.0752778082	-0.02872211	-0.0596743498	-0.0245156115	0.0226756352	-0.1027917379	-0.0873492755	-0.0229263101	-0.0463748519	0.0130591007	0.0611614863	-0.0628114034	0.0455209037	-0.0388535642	0.0258777163	-0.0213492033	0.0315908367	-0.0157294552	-0.0126681368	0.0504590743	-0.0633669532	0.054551312	0.0174798942	-0.0489874838	0.0202844245	-0.0397052246	0.0286479179	-0.0454236588	-0.007735961	-0.0021264101	0.019238401	0.0028557551	-0.0259058303	-0.0323594077	0.091321389	0.0310310853	-0.0897557896	0.0178038774	0.0125918277	0.0853154453	-0.084834926	-0.0487350209	-0.0060357149	0.0206623638	-0.1053169917	-0.0016553551	0.0228042763	-0.0718525991	0.0330401845	-0.0977120317	-0.0552600989	0.1232132269	-0.036583196	-0.0619657467	0.0862485974	-0.0071623028	-0.0805080284	0.0716892996	0.1930268922668716	0.0248564277753616	0.0372593811382064	0.0006178420017517	0.2035495232802588	0.0117883376002652	0.0414324084276206	0.0001389649033778	0.3116884964519144	0.028830727625582	0.0008312108554205	0.097149718820455	-0.0112741315438222	-0.0003647165594744	0.0001271060420674	1.3301816875484366e-07	-0.0052768604895172	-0.0003654774772254	1.335737863591158e-07	2.78452566258277e-05	0.0079101409819277	0.0003660859133198	1.340188959311924e-07	6.257033035397212e-05	0.0	0.0	0.0	0.0	0.0	0.0
2233.102810847311	0.4598254163556703	4986748.163814162	0.2114394135266655	2671.8283551631084	23.541414450143293	7138666.759453601	554.1981943134155	2600.691358653777	-7.726752884891084	59.70271014417269	6763595.542976429	2588.9238441342213	2019.103795586257	1.028381	22.791956	0.1415687823601367	0.063342006076745	-0.0034501628	0.0023983717	-0.0258080568	0.0832758522	0.0223615998	0.0582139364	0.0082838114	-0.0415849298	-0.1056112884	0.130934863	0.0226516787	0.0475164514	-0.0589442039	0.0252301902	0.0715567048	0.0738815126	-0.0612932842	0.021200709	0.1485051344	-0.0379821044	0.0161128832	-0.0312719124	0.0404175775	-0.0105416949	0.0855533845	0.0702690053	-0.0645922975	-0.0064279174	-0.0165160567	-0.1571668586	-0.0090738279	-0.0043672511	0.0253767041	-0.0321635245	-0.066176157	0.0189670856	-0.0575136485	-0.0768836614	0.1076071536	-0.0048391385	-0.0532854822	0.0233391864	-0.0242724799	0.0712156987	0.00695258	-0.0449175865	-0.0843462598	-0.0286830211	-0.079745119	-0.0239797928	0.0642629186	0.0648401323	-0.0586868967	0.030469549	-0.037674825	-0.0601897627	0.0873563013	-0.0119153566	-0.0775211985	0.0759024438	0.1735121405035471	-0.0195147517633245	0.0301064629021226	0.0003808255363841	0.1724290810033721	-0.0311204422768867	0.0297317879756674	0.000968481927509	0.3525664050007648	0.0408779085488504	0.0016710034073281	0.1243030699351633	-0.0115108082660723	-0.00023667672225	0.0001324987069382	5.6015870855050936e-08	-0.0055590367374667	-0.0002821762479495	7.962343490685806e-08	3.0902889448504415e-05	0.0074278803567058	-0.0004822606252219	2.3257531063941815e-07	5.517340659353588e-05	0.0	0.0	0.0	0.0	0.0	0.0
2233.181594884707	0.0787840373959625	4987100.035731804	0.0062069245484084	2650.6157636569656	-21.21259150614287	7025763.926546799	449.9740384064847	2608.1001900489177	7.408831395140623	54.89078264162136	6802186.601333201	2590.7340966396646	1961.5887353615683	1.047618	23.218304	0.0918373743798863	0.0489775605037163	0.0052129794	-0.0350523642	0.0885625669	-0.0571653606	-0.0978662086	-0.029251984	0.0482064542	-0.0364954557	-0.0315231348	-0.0264927808	-0.0464014736	-0.0023797027	0.0533506165	-0.0380645534	0.0021129968	-0.0212228229	0.0505923782	-0.055732864	0.0396425194	0.0385657578	-0.0130899472	0.0540119647	-0.0667784021	0.037476353	-0.0227633507	-0.0711430661	-0.0160432187	-0.0657517251	-0.0198926321	-0.0160235709	-0.0056025324	-0.0034479893	0.0010266624	-0.0225938717	-0.0339615296	-0.0725053371	0.0746885656	-0.0145735557	-0.1020924623	0.0438437454	0.0535162281	0.0273020515	-0.0258517658	0.0268449994	0.0641382052	-0.0865895119	-0.0980849313	0.090251021	-0.1188777748	-0.0625675612	0.0494261111	0.0171048927	0.0477301038	-0.0157721186	-0.0387599986	-0.0583725276	0.0883293083	-0.0166357513	-0.0742024108	0.0796476241	0.1948170567625169	0.0213049162589697	0.0379536856056097	0.0004538994568017	0.202953107950023	0.0305240269466509	0.0411899640265736	0.0009317162210398	0.3418216341257292	-0.0107447708750356	0.000115450101157	0.1168420295563838	-0.011093700102602	0.0004171081634703	0.0001230701819664	1.7397922003356728e-07	-0.0057269875656884	-0.0001679508282216	2.820748070035485e-08	3.2798386577549547e-05	0.0074280945709984	2.1421429260027466e-07	4.5887763154236077e-14	5.517658895569591e-05	0.0	0.0	0.0	0.0	0.0	0.0
2238.95665701298	5.775062128273021	5012926.911982739	33.35134258541331	2682.981884206524	32.36612054955822	7198391.790980388	1047.5657594285349	2606.3725602736167	-1.7276297753010113	2.9847046405066227	6793177.922947248	2595.364849753458	2000.030837062148	1.036465	22.971117	0.1304909752356099	0.064912771343877	0.005192703	0.0268400175	-0.0916557431	-0.0075659582	0.0798069336	0.0120440078	0.0258578102	-0.0245043599	-0.0449618639	0.0503653632	0.0225505164	0.0065572257	-0.0056906317	0.0242237078	0.0756908343	-0.0080818902	0.0229026015	0.0048024415	-0.0729990489	-0.0375518027	-0.0135477261	-0.0250394183	-0.0126141188	-0.0369217743	0.0738782775	0.00867236	-0.019527849	0.0267272232	-0.0108610747	0.0455526014	-0.0015325533	0.0037836938	-0.0181256775	0.0119236378	-0.0090194737	0.0598064343	-0.0097487344	-0.0713326818	0.0485673708	0.0631306223	0.0584435724	-0.0409063841	-0.0572661665	-0.1490836686	0.1247899137	-0.093166245	-0.1006788917	-0.0156118467	-0.0877131334	-0.0563359635	0.084706866	-0.0331805375	0.0934151892	-0.0153217377	-0.0398385309	-0.0565152869	0.0891661178	-0.0213105486	-0.0705658771	0.0829017503	0.1962349821939426	0.0014179254314256	0.0385081682366569	2.010512529083721e-06	0.2089340808748687	0.0059809729248457	0.0436534501510261	3.577203712773734e-05	0.3046908076039756	-0.0371308265217535	0.0013786982781885	0.0928364882383628	-0.0105144610875435	0.0005792390150585	0.0001105538919614	3.355178365659413e-07	-0.005286985249157	0.0004400023165314	1.9360203855299845e-07	2.7952213024803705e-05	0.0081280782465602	0.0006999836755617	4.899771460530067e-07	6.606565598220513e-05	0.0	0.0	0.0	0.0	0.0	0.0
2242.4877455472592	3.531088534279206	5028751.288929629	12.468586236918073	2672.80621104932	-10.17567315720362	7143893.041823823	103.54432420223426	2611.818551999713	5.445991726096054	29.65882588070668	6821596.148569876	2596.865809706391	1996.0927588791144	0.999562	22.153234	0.0724633241496408	0.0401380842544791	0.0159674065	-0.0321596456	0.061614861	0.0317756093	-0.062362906	0.0343043739	-0.0250513414	-0.03012391	0.0459446261	0.0163343304	-0.0893730312	-0.0039429176	0.0314362423	-0.0229916053	0.050433022	-0.044873033	0.0556923463	0.1149871354	-0.0404041116	0.0506834184	0.0343413916	0.0894030818	-0.0214566354	0.0040506744	0.0352588883	0.0030690764	0.073156082	0.0053305479	0.1199962711	0.0128038402	-0.0102639334	0.0005607003	0.0160762751	-0.0055260999	-0.0350581852	-0.1255698997	0.0593347321	-0.0144483095	-0.0273650527	0.0386518915	0.0081794087	0.0579209321	-0.0088719064	-0.1688466518	0.0748423109	0.0300208669	-0.1439951961	-0.0148736534	-0.1147024643	-0.0077123444	0.1506279601	-0.0295980653	0.0689905327	-0.0722073643	-0.0409102371	-0.0546193134	0.0898654396	-0.0259269352	-0.0666271694	0.0856447597	0.1960728257193835	-0.000162156474559	0.0384445529855837	2.6294722241430568e-08	0.216333693026911	0.0073996121520422	0.0468002667386617	5.475426000065201e-05	0.33958019057971	0.0348893829757344	0.0012172690444274	0.1153147058341521	-0.0106159992184017	-0.0001015381308582	0.0001126994394051	1.0309992018177148e-08	-0.0056310976059312	-0.0003441123567742	1.1841331408469444e-07	3.170926024752409e-05	0.0079734852832465	-0.0001545929633136	2.389898430611097e-08	6.357646756214852e-05	0.0	0.0	0.0	0.0	0.0	0.0
2243.593366903187	1.105621355927724	5033711.196011978	1.2223985826834587	2683.797930768428	10.991719719108003	7202771.333196897	120.81790238342776	2611.328227471868	-0.4903245278446775	0.2404181426061059	6819035.111591369	2599.1660544473616	2010.201763215612	1.054583	23.372667	0.1236476525352864	0.0615927315797424	0.0092124332	-0.008946847	-0.1151458318	-0.004977322	0.0715152558	-0.0322739645	-0.0091123768	0.0147934961	-0.0339300637	0.0227032461	0.0092629871	-0.0564369913	0.0164004543	0.0029938598	-0.012594023	0.0449127745	-0.0618946303	-0.0130166167	-0.0425105556	0.06398232	-0.0369789	0.0108397897	-0.0090431553	-0.0413237506	-0.0338026346	-0.0139382929	-0.0929397957	-0.0056459442	0.0128017584	0.0302607878	-0.0131062253	-0.002182016	0.0546305875	-0.0249855013	-0.0468263293	0.1094908525	0.0639503633	-0.0175134443	-0.0279991414	-0.026129722	-0.0988546016	0.0399064002	0.0141192225	-0.0377925362	0.0770467017	-0.0055892124	-0.020430541	0.0113784805	-0.0309368277	0.0649017093	0.0509052913	0.0132673962	0.0043183841	-0.0850834585	-0.0419749335	-0.0526859066	0.0904261954	-0.0304722578	-0.062403154	0.0878597406	0.1721376452155709	-0.0239351805038126	0.0296313689003617	0.00057289286575	0.1853798823592285	-0.0309538106676824	0.0343657007835214	0.0009581383948507	0.3469377237195914	0.0073575331398814	5.413329390445322e-05	0.1203657841397315	-0.0113704043976813	-0.0007544051792795	0.0001292860961668	5.691271745238847e-07	-0.0059008170073253	-0.0002697194013941	7.274855548839169e-08	3.4819641353939514e-05	0.008177383267051	0.0002038979838044	4.1574387799539916e-08	6.686959709624567e-05	0.0	0.0	0.0	0.0	0.0	0.0
2241.542720033241	-2.050646869945922	5024513.765734021	4.205152585219007	2667.2268327319894	-16.571098036438798	7114098.97724552	274.60129013326576	2613.0566025480216	1.7283750761534975	2.9872804038686085	6828064.808119809	2596.249736448194	1994.1627775598745	1.036836	22.979342	0.1587256251234876	0.0870766495345631	0.0139217065	-0.0286259964	0.0677400005	0.0271550507	-0.0729561477	0.0205442949	0.0016007664	-0.0254531682	0.0347349251	0.0240293004	-0.0693629485	-0.0483881899	-0.060043262	-0.0021769366	-0.0556934314	0.0011222402	0.0426952545	-0.0143493857	-0.0327105687	0.027649924	0.0358739554	0.0861563231	0.061491344	-0.0040722119	-0.0157640203	0.0142553246	0.0472444593	-0.0128457838	-0.0221797388	0.0744681187	-0.0159091388	0.0071392516	0.0197455018	-0.0234153827	0.0124067309	-0.1008808141	-0.02651199	-0.0258926735	-0.0182018883	-0.0356550446	-0.0550130659	0.0736663711	0.0050297927	0.0416664553	0.1388336615	-0.0313755376	0.0164876596	-0.0295407449	-0.0046953178	0.1008074967	0.0023309007	-0.058562215	-0.004481794	-0.0272667546	-0.0430324377	-0.0507163915	0.0908475206	-0.034934058	-0.0579119187	0.089533037	0.1996494848674359	0.0275118396518649	0.0398599168078325	0.0007569013210299	0.2188494884115641	0.0334696060523355	0.0478950985780033	0.0011202145292985	0.3369452095741394	-0.0099925141454519	9.985033894705817e-05	0.1135320742549607	-0.010812508556248	0.0005578958414333	0.0001169103412789	3.1124776988857064e-07	-0.0070816844479957	-0.0011808674406703	1.3944479124354604e-06	5.015025462098416e-05	0.008193653290424	1.6270023373000236e-05	2.64713660557974e-10	6.713595424367603e-05	0.0	0.0	0.0	0.0	0.0	0.0
2240.779118482195	-0.763601551046122	5021091.057825843	0.5830873287600433	2689.787805455332	22.56097272334273	7234958.438376212	508.9974902234147	2606.9438750940726	-6.112727453948992	37.36543692626172	6796156.3678905	2595.2576293945312	1997.1192585929496	1.034446	22.926369	0.1164630897635166	0.0656003973278336	0.0055967891	0.0019636887	-0.0966381292	-0.0376824985	0.0935336549	-0.0339785245	-0.0179367003	0.0040510344	0.0034106829	0.0495830235	0.0270275291	-0.0057051522	0.0267635114	0.0052971547	0.0270651247	-0.0313143364	-0.0051327715	-0.0494331459	0.0005637735	0.0448871499	-0.017261378	-0.0246142703	-0.0310380079	-0.0273592364	-0.0048876843	-0.0621819886	-0.0596948569	0.0222802362	-0.0353939139	0.0060643576	-0.0180768588	0.0101035803	0.0211109367	-0.0489454039	-0.0014099467	0.0914012966	0.0449514265	0.0126220075	-0.0217035085	0.0274839001	-0.0184628382	-0.0049284668	0.0096018391	0.097302608	0.1393481135	-0.0769522638	-0.07114063	-0.0300700797	-0.0008504148	0.0289199519	0.0068994042	-0.0147500165	0.0212345494	-0.026037828	-0.0440825686	-0.0487121179	0.0911287655	-0.0393001065	-0.0531726956	0.0906543325	0.1893001681865769	-0.0103493166808589	0.0358345536754663	0.0001071083557607	0.207547213529267	-0.011302274882297	0.0430758458437631	0.000127741417515	0.384734990128905	0.0477897805547655	0.0022838631254726	0.1480210126294886	-0.0114298043386329	-0.0006172957823849	0.0001306404272194	3.8105408295018613e-07	-0.0068760460308856	0.0002056384171101	4.228715859154751e-08	4.728000901885761e-05	0.0080761531370071	-0.0001175001534169	1.3806286052995098e-08	6.522424949238961e-05	0.0	0.0	0.0	0.0	0.0	0.0
2240.64832903684	-0.1307894453548215	5020504.934415584	0.0171058790162218	2674.522760988192	-15.265044467139887	7153071.999043902	233.0215825837581	2610.1497662745483	3.2058911804756463	10.277738261051532	6812881.802383079	2594.6671294665725	2003.050372714684	1.062742	23.553495	0.0774659627316358	0.046190219657859	0.0133184192	-0.012193052	0.0648078274	0.0591534689	-0.0763638348	0.0554724336	0.0075790986	0.0049819251	0.0095701043	0.0766955293	0.0026109813	-0.0421637443	-0.0510357589	0.054704036	-0.0508997525	-0.0404670828	-0.0005075034	0.0163922484	0.0544311699	-0.0358521716	0.0161767316	0.0222546585	0.0694793485	-0.0523729402	-0.0188224243	0.0272024587	0.0776585372	0.0283863227	-0.0337027454	-0.0282513888	-0.0161979013	0.0022821925	0.010737637	-0.0301180902	0.0249132323	-0.0749684383	-0.0666841458	-0.0475548325	0.0538464736	-0.0243829164	-0.0142987615	0.0686041904	0.061143211	0.064334596	0.048615617	0.0228835417	-0.0552342756	-0.0285441283	0.0754722802	-0.0835839081	-0.0333844756	0.0438444515	0.0031090988	-0.0195313076	-0.0451251461	-0.0466744595	0.0912694965	-0.0435584361	-0.0482057789	0.0912167139	0.1885536307398041	-0.0007465374467728	0.0355524716651624	5.573181594340583e-07	0.2146857601545804	0.0071385466253134	0.04608997561315	5.095884792177344e-05	0.3437819029576303	-0.0409530871712747	0.001677155348858	0.1181859968011695	-0.0112491624553809	0.0001806418832519	0.0001265436559475	3.2631489984829124e-08	-0.0067900653475274	8.598068335820015e-05	7.392677910743075e-09	4.610498742369239e-05	0.0077702198738518	-0.0003059332631552	9.359516150484954e-08	6.037631688800148e-05	0.0	0.0	0.0	0.0	0.0	0.0
2245.071029280552	4.422700243711915	5040343.926514837	19.56027744572944	2670.453732556059	-4.069028432133109	7131323.137722588	16.55699238150763	2610.954135719789	0.804369445240809	0.6470102044370069	6817081.498832271	2597.525562924244	1987.108385880267	1.000601	22.176268	0.0752465099983343	0.0372090616063594	0.0146192656	-0.0261306403	0.0222044027	-0.0862035626	-0.0112611668	-0.0751469988	0.0472728525	0.0026151398	0.0584778606	-0.0412015861	-0.0246754766	-0.018085479	0.0366786205	-0.0210180693	-0.028096415	0.0038661667	0.0083380568	-0.0798513966	0.1068162779	0.0359889481	-0.0127082742	0.0320878595	-0.0459959411	0.0129219005	-0.0255712917	-0.0753033925	-0.027357964	-0.0566868152	-0.0279311622	-0.0124205919	-0.0145794837	0.0081032552	0.0116566109	-0.0160283863	0.0235761441	0.0018869365	0.0563026956	0.0263249129	-0.1030697826	0.0023466781	-0.0212953335	-0.0235070193	0.0003452553	0.0035618838	0.0600542513	-0.04342233	-0.0191882414	-0.0808335706	0.0074536191	-0.0481275241	-0.0352047805	-0.0353054175	-0.0350191105	0.0652171634	-0.0461599916	-0.0446048127	0.0912694965	-0.047697375	-0.0430324377	0.0912167139	0.1817277125738456	-0.0068259181659585	0.0330249615173222	4.65931588083624e-05	0.2051386578672236	-0.0095471022873568	0.0420818689515658	9.114716208525356e-05	0.3425248769005762	-0.001257026057054	1.5801145081129224e-06	0.1173232912957548	-0.0107602557355994	0.0004889067197814	0.0001157831034954	2.390297806475052e-07	-0.0069707717122935	-0.0001807063647661	3.265479026697887e-08	4.859165826491125e-05	0.0082529360590635	0.0004827161852116	2.3301491546533577e-07	6.811095359499057e-05	0.0	0.0	0.0	0.0	0.0	0.0
2245.064463430883	-0.0065658496691867	5040314.444960197	4.3110381878359344e-05	2699.55648966782	29.102757111761093	7287605.240907644	846.9704715061608	2611.143407419187	0.1892716993979775	0.0358237761929983	6818069.894108683	2598.934639552382	2034.0033242647764	1.058777	23.465601	0.1510608572923726	0.082188796935702	0.0190169948	-0.021900929	0.0166598909	0.0960619682	-0.0072078752	0.0608866238	-0.0580926053	0.0421574288	-0.0117495717	0.096213037	0.0193993327	-0.0445513441	-0.0433074878	0.0527701323	0.0100864875	0.0647043561	-0.0479666262	-0.0300101313	0.0510721782	-0.0537383047	-0.0186675702	0.006151268	0.0455112352	-0.0716531149	0.0230959928	0.0881067367	-0.0277998224	0.0220720308	-0.0450575875	-0.0411075006	-0.0232943326	0.0046501995	0.0588804672	-0.0484266761	0.0005639766	0.0121363908	-0.0472025415	-0.0057898842	0.0818367523	-0.0931143887	-0.0473278301	0.1240966016	0.0241535715	0.0651296096	0.0715886642	-0.076292673	0.0144637374	-0.068560787	-0.1340657694	-0.0174365177	0.0168590299	0.0094263838	0.0040466523	0.0734407364	-0.0471869279	-0.042504596	0.0911287655	-0.0517055788	-0.037674825	0.0906543325	0.1815327655339018	-0.0001949470399437	0.0329541449623865	3.8004348382849217e-08	0.1863939480017933	-0.0187447098654303	0.0347427038516952	0.0003513641479391	0.3989537086505947	0.0564288317500185	0.0031842130526718	0.1591640616460636	-0.0115075584140772	-0.0007473026784778	0.0001324239006533	5.584612932600942e-07	-0.00671889997029	0.0002518717420035	6.343937441987775e-08	4.514361681076296e-05	0.0077382631068052	-0.0005146729522582	2.648882477862742e-07	5.9880715910142464e-05	0.0	0.0	0.0	0.0	0.0	0.0
2240.684802905947	-4.379660524935844	5020668.385973662	19.18142631368131	2659.7041015625	-39.85238810532019	7074025.907868385	1588.212837697066	2604.813184825652	-6.330222593534927	40.071718083700056	6785051.727841557	2591.380828157018	1983.1679999679816	1.086633	24.082981	0.0605149979114853	0.0319647929630101	0.014326861	-0.0389988098	-0.0067930994	-0.0914807274	-0.0210947185	-0.1015244446	0.0145559158	-0.0331977123	0.0260524536	-0.087020992	-0.0162384552	0.0015134075	0.0295656355	-0.0895314337	-0.0399726179	-0.0279365569	-0.027130322	-0.0694556341	0.0803848088	0.1092803962	-0.0270599174	0.0289362171	-0.041700757	0.0707888747	-0.0545065755	-0.1173820077	-0.0650487637	-0.0171121113	-0.0180396957	-0.0403834932	-0.0162528014	0.0049918058	0.0168489065	-0.0583496106	0.0091242873	-0.0222863054	0.0299079557	0.0333176868	-0.1090369384	0.0050133564	-0.0057974319	-0.0845109664	0.0394536507	0.0946421911	0.0467019598	-0.0613207557	-0.0352882032	-0.0187054417	-0.0463955519	-0.0576993976	0.0605405016	0.0764493742	0.0039528603	-0.0773404418	-0.0482057789	-0.0403752488	0.0908475206	-0.0555720611	-0.0321558829	0.089533037	0.1806967221551332	-0.0008360433787686	0.0326513053976094	6.989685311828308e-07	0.2110449456500873	0.024650997648294	0.0445399690844483	0.0006076716850561	0.3951903472597919	-0.0037633613908027	1.4162888957785182e-05	0.1561754105673149	-0.0117845138731279	-0.0002769554590506	0.0001388747672259	7.670432629798348e-08	-0.0067511075033579	-3.220753306789996e-05	1.0373251863198694e-09	4.5577452521895336e-05	0.0074221341890514	-0.0003161289177537	9.99374926401887e-08	5.508807592028568e-05	0.0	0.0	0.0	0.0	0.0	0.0
2243.961584721667	3.2767818157199144	5035363.593706574	10.7372990678327	2693.1284710833133	33.42436952081334	7252940.961759545	1117.188477863876	2607.437531917467	2.6243470918147977	6.887197658316786	6798730.482851852	2594.9846647669056	2011.179601300349	1.03881	23.023083	0.0347228536026861	0.0158639184355044	0.013845181	-0.0028429793	-0.0533139105	0.0583594136	0.0387453503	0.0645394721	-0.0083735138	0.0108295991	-0.0225992724	0.0287306056	0.0580817571	-0.0257703813	0.0340866628	0.0404898645	-0.0084527084	0.0486187206	-0.0155787549	-0.0085221069	-0.0505963438	-0.0817427108	-0.0330854126	-0.0357189636	-0.0216965654	-0.0699355197	-0.0100539535	0.091885625	-0.0034440507	0.0240758102	-0.0351628391	0.0083624426	-0.0200216984	0.0070922042	0.0323020534	-0.0407733313	0.0097885634	0.0906070872	-0.0184699456	-0.012877387	0.0937692485	-0.0164413506	-0.0071321946	0.0225218745	0.0467138867	0.096859667	0.0087462262	-0.0183631161	0.0323904663	0.0370944835	0.0264362154	-0.061469734	0.0506369248	0.004757241	0.0609034427	0.0486443143	-0.0492163702	-0.0382182304	0.0904261954	-0.0592862243	-0.0264992443	0.0878597406	0.1804542640155659	-0.0002424581395672	0.0325637414013995	5.8785949442424375e-08	0.1998692323216175	-0.0111757133284698	0.0399477100288327	0.0001248965684001	0.3909242271741178	-0.0042661200856741	1.819978058539215e-05	0.1528217513916812	-0.0116208953900432	0.0001636184830846	0.0001350452096663	2.6771008006938184e-08	-0.0067990132885975	-4.79057852395999e-05	2.2949642594226677e-09	4.622658169852539e-05	0.0072528872163962	-0.0001692469726551	2.8644537752949998e-08	5.260437297376342e-05	0.0	0.0	0.0	0.0	0.0	0.0
2243.882281189265	-0.0793035324018092	5035007.69183514	0.0062890502514048	2677.306617329139	-15.8218537541743	7167970.723194397	250.33105621847932	2608.2519452856222	0.8144133681553285	0.6632691342301066	6802978.210086233	2593.012085361168	1988.312501801037	1.032688	22.887402	0.0329784392580564	0.0181296720015707	0.0171294326	-0.0486974669	0.0509988785	-0.0725986961	-0.0628310497	-0.084873454	-0.0084346876	0.0571509037	0.0397866539	-0.0541958218	-0.0440131202	-0.0078932637	-0.043059809	-0.0291263391	-0.0512747966	-0.0567870332	0.0374238845	-0.0186314026	0.0240250701	0.1168571903	0.0110937154	0.0422345244	0.0488937391	0.0342407151	-0.0366864302	-0.1043576015	0.0184207087	-0.0082215664	-0.0049066293	0.0037956992	-0.0241221035	0.0040880693	0.0364727527	-0.0455440598	0.0206922478	-0.0554763756	-0.0378365601	-0.0117483805	-0.0888602693	-0.024301804	-0.0382484252	-0.0595182934	0.0007429053	0.0638418022	-0.0226033994	0.0311141093	0.0142841055	-0.0471610407	0.0485391049	0.0276711078	0.0730887762	-0.037380969	-0.0407127161	0.1094408421	-0.0502185284	-0.0360350191	0.0898654396	-0.0628378881	-0.0207291319	0.0856447597	0.1813223740377481	0.0008681100221821	0.032877803326685	7.536150106131416e-07	0.2081221694546684	0.0082529371330509	0.0433148374185177	6.811097132209072e-05	0.3921029871906611	0.0011787600165433	1.3894751766012157e-06	0.1537447525638397	-0.0116273268455967	-6.431455553500623e-06	0.0001351947295743	4.136362053665401e-11	-0.0069716492906426	-0.0001726360020451	2.9803189202115954e-08	4.860389383171747e-05	0.0075273924005232	0.0002745051841269	7.535309611259797e-08	5.666163635145442e-05	0.0	0.0	0.0	0.0	0.0	0.0
2244.3237363210005	0.441455131735438	5036989.033413856	0.1948826333355529	2703.3121757216127	26.00555839247363	7307896.719404719	676.2890673043557	2612.652671324004	4.40072603838189	19.366389664892367	6825953.980976455	2599.2421044521643	2039.153297849561	1.024792	22.712404	0.0971476286328371	0.0563339174359342	0.0168036399	-0.0137900173	0.0078138589	0.107360962	-0.0090816401	0.0649603316	-0.0476350169	0.0316763985	0.0046143176	0.0075862642	0.0051370226	-0.0455842101	0.0727029775	-0.0213303276	0.0060040768	0.0715239618	-0.0375794217	-0.0450502536	-0.0309538398	-0.0761684559	-0.0364477606	0.0257941929	-0.0657663428	-0.0188621157	-0.024032883	0.0941117897	-0.031237759	0.0271178148	-0.0763854475	-0.0094309508	-0.0227887006	0.0038651524	0.0568206185	-0.0442457812	0.009738631	0.0443527438	0.046003719	0.0624362407	0.0741519746	-0.0880350747	-0.0472582515	0.0779480441	-0.0110504061	0.1415665629	-0.0389562527	0.0529712169	0.0078850569	-0.0429557167	0.0157438752	0.0587850114	0.0093670048	-0.0280996826	0.0783715387	0.0374231887	-0.051212082	-0.0338271112	0.0891661178	-0.0662173176	-0.0148702542	0.0829017503	0.18108921486035	-0.000233159177398	0.032793303738738	5.436320200494888e-08	0.1828243267657257	-0.0252978426889427	0.0334247344573408	0.0006399808447144	0.4242865837254825	0.0321835965348213	0.0010357838859161	0.1800191051294409	-0.0121918480228347	-0.0005645211772379	0.0001486411582118	3.18684159550176e-07	-0.0068001113026319	0.0001715379880107	2.94252813307592e-08	4.624151372818211e-05	0.007579993839908	5.2601439384800455e-05	2.7669114253528363e-09	5.745630661304323e-05	0.0	0.0	0.0	0.0	0.0	0.0
2239.2788578965983	-5.044878424402214	5014369.803422694	25.45079831699896	2673.289520030713	-30.022655690899683	7146476.85790604	901.359854734311	2610.2413671651016	-2.411304158902567	5.814387746740816	6813359.9948599385	2593.204623263	1968.6100764540367	1.117168	24.759737	0.1239005862995862	0.0617572500794916	0.0110326477	-0.0208146515	0.0722885788	-0.1111003116	-0.0526373969	-0.0745916156	0.0162078468	0.059533321	0.0144560038	-0.0635764306	-0.0323885843	-0.0535631215	-0.09232724	0.0112552238	-0.0673769577	-0.0655588081	0.0858277304	-0.0733850226	-0.0360998575	-0.0073613685	0.029828721	0.0379891587	0.108649898	0.00486653	-0.0582168081	-0.097141228	0.036212886	-0.0240104783	-0.0808573923	0.0798898902	-0.0078034312	0.0008655731	-0.0202754111	-0.0452519239	0.0400616686	-0.0495146	-0.0686566392	-0.0291462904	-0.0673319677	-0.0085514159	0.1248066159	-0.1068087114	0.0068742536	0.0870200478	-0.0120825837	0.0382534564	0.0225795964	-0.0016875456	0.121534654	0.0171638502	-0.0353284454	0.0313304456	0.0390569401	-0.0286744734	-0.0521968607	-0.0315960199	0.0883293083	-0.06941525	-0.0089476998	0.0796476241	0.1645907107176896	-0.0164985041426604	0.0270901020545541	0.0002722006389453	0.2070883969706045	0.0242640702048788	0.0428856041598546	0.0005887451029072	0.3901330486134355	-0.0341535351120469	0.0011664639606498	0.1522037956204132	-0.0116103944894829	0.0005814535333517	0.0001348012602014	3.3808821144729205e-07	-0.0069046731834208	-0.0001045618807889	1.0933186914112252e-08	4.767451176985033e-05	0.0072863197172487	-0.0002936741226593	8.624449031970965e-08	5.3090455021967176e-05	0.0	0.0	0.0	0.0	0.0	0.0
2244.617357384859	5.338499488260823	5038307.081073388	28.499576786161064	2699.522016452469	26.232496421755968	7287419.117311604	688.1438685174397	2610.966993979358	0.7256268142564295	0.5265342735679348	6817148.643649605	2599.7368962522414	2031.6796542808656	1.101133	24.404348	0.0606556206082032	0.0289882295012679	0.0164465448	0.0156242527	-0.0333614848	0.0843363099	0.0370016431	0.094657573	-0.0325408988	-0.0016314298	-0.0183230493	-0.0413904325	-0.0332591304	-0.0068963264	0.1021197265	-0.0550144771	0.0341319223	-0.0278472708	-0.0257734946	0.0108570552	0.0081256006	-0.0633534448	-0.012170397	0.0499521622	-0.1040592986	0.0276888679	0.0071697623	0.0548901685	0.0357943676	0.0799726618	-0.0174777129	-0.030239438	-0.0100483129	-0.0022739474	0.0284302037	-0.0273946504	0.0358301916	0.0375452576	0.0561376105	0.0672440055	0.0889311381	-0.014861436	0.0020836915	-0.0268326896	-0.0082187689	0.0522787153	-0.0703517745	0.0307644319	-0.0045462362	-0.0609593937	0.0721250071	-0.0743831817	-0.0234976864	-0.0318403863	0.0191443683	0.0789130178	-0.0531726956	-0.0293432743	0.0873563013	-0.0724229201	-0.00298683	0.0759024438	0.1645518241248851	-3.888659280451568e-05	0.0270773028228271	1.5121670999442103e-09	0.192552564749235	-0.0145358322213695	0.0370764901915083	0.0002112904183678	0.3987576989413597	0.0086246503279242	7.4384593278963e-05	0.159007702465008	-0.0113285004613349	0.0002818940281479	0.0001283349227024	7.946424310550491e-08	-0.0065200775643217	0.0003845956190991	1.4791379023022058e-07	4.2511411444771184e-05	0.0073689550993237	8.263538207500028e-05	6.8286063706812786e-09	5.430149925584877e-05	0.0	0.0	0.0	0.0	0.0	0.0
2241.352828232961	-3.264529151897932	5023662.500627894	10.65715058359143	2685.114451634065	-14.407564818403898	7209839.618374106	207.57792399650972	2607.6228794482868	-3.3441145310712272	11.183101996921732	6799697.081422174	2596.031590195953	1995.7237758448864	0.991266	21.969362	0.1204785474290679	0.0668476111410085	0.0120487975	-0.0343428191	-0.0310467163	-0.0737416562	0.0134310194	-0.1148616415	-0.0293406807	0.0289072927	0.0010110155	0.0341466175	0.031695844	-0.0272816948	-0.0381497929	0.0015308976	-0.0214295766	-0.0595555946	-0.0070247722	0.0098522278	-0.0251262074	0.0021324058	-0.0248354472	-0.0291425607	0.0494837837	-0.0304184723	-0.0270424776	-0.0694271062	0.0114802254	0.0351119756	0.0165325546	0.0047763775	-0.016318748	-0.0059257246	0.0379955036	-0.0243215741	0.0004370188	0.0398092171	-0.0818119673	-0.0101839097	-0.071993678	-0.0908502172	-0.0454214945	-0.0396104987	0.0306271953	-0.0094859767	-0.0655318188	0.0543255509	-0.0481138901	-0.0408945542	-0.0034170775	-0.0623660323	0.0243121766	0.0623167631	-0.0381437482	0.0130198057	-0.0541394198	-0.0270704183	0.0862485974	-0.075232084	0.00298683	0.0716892996	0.1464665335494999	-0.0180852905753851	0.0214524454500067	0.0003270777351961	0.1887637093023357	-0.0037888554468992	0.0356317379495767	1.4355425597498306e-05	0.4050735200234783	0.0063158210821185	3.9889595941333625e-05	0.1640845566242112	-0.0122666784224765	-0.0009381779611415	0.0001504713995204	8.801778867718071e-07	-0.0063868392412891	0.0001332383230325	1.7752450724539397e-08	4.0791715494070326e-05	0.0081433104216428	0.000774355322319	5.996261652039163e-07	6.631350462323624e-05	0.0	0.0	0.0	0.0	0.0	0.0
2242.9559086026943	1.6030803697331066	5030851.207935738	2.569866671823634	2701.012865838204	15.898414204139044	7295470.501423508	252.7595742063701	2606.482415715489	-1.140463732797798	1.3006575258270872	6793750.583434051	2593.7869024558145	2021.5907622790728	1.020765	22.623154	0.0780816771625225	0.0332640971093943	0.0155120217	-0.0067655419	0.0083991923	0.098743405	-0.0315198648	0.0593333483	-0.0816789605	0.0403160491	0.0299452485	-0.031367762	-0.0349354647	0.0293406769	0.0513935402	-0.0711339893	0.0080335855	-0.000830799	-0.0575590512	0.0032579752	0.0160705205	-0.0728515901	-0.0048574497	0.0392058856	-0.0719789721	0.0603848888	0.0073705347	0.068760844	-0.0039658771	0.0820057468	-0.0291601798	-0.0565978974	-0.0112417272	0.0025848797	0.0301550678	-0.0466587949	0.0301109339	-0.0328994034	0.0603396131	0.089619091	0.0663119283	-0.0339534674	-0.0296298142	-0.0418520708	0.0312080255	0.080253826	0.0066619581	-0.0614309749	0.0177864034	0.0475475254	-0.0750265463	-0.0681905526	0.0079471489	0.1008559006	0.069730886	-0.0505546196	-0.0550968674	-0.0247790096	0.0850079043	-0.0778350419	0.0089476998	0.0670341672	0.1656241861088432	0.0191576525593432	0.0274313710242167	0.0003670156515845	0.1753455635562488	-0.0134181457460869	0.0307460666588584	0.0001800466352632	0.4253719156967506	0.0202983956732722	0.0004120248669087	0.1809412666635235	-0.012089825331365	0.0001768530911114	0.0001461638765429	3.1277015835692405e-08	-0.0064319003836694	-4.5061142380300144e-05	2.0305065526176813e-09	4.1369342545446574e-05	0.0078610749914582	-0.0002822354301846	7.965683805148636e-08	6.179650002132953e-05	0.0	0.0	0.0	0.0	0.0	0.0
2239.095604210921	-3.8603043917732975	5013549.124796669	14.901949997144207	2674.028341744692	-26.984524093511936	7150427.572453869	728.1645405533262	2603.4670919715813	-3.0153237439076293	9.092177280573122	6778040.898978963	2590.797258220736	1997.1488972648244	1.084834	24.043106	0.063923399129549	0.0388218704072265	0.0134295307	-0.0189237469	-0.0056479647	-0.0890565305	0.017665066	-0.1057660938	0.0184613808	-0.0067676869	-0.0214728586	0.0560356438	0.1112712687	-0.0271055353	-0.0021356277	0.0554923365	-0.0748659642	-0.0753147125	-0.009671414	0.1129204513	-0.0065025236	0.0455490321	-0.0394693406	-0.0983562847	0.0516361737	-0.0698108457	-0.0844217851	-0.0599108587	0.0644027931	0.0205238334	0.088470863	-0.0094322752	-0.0102685013	-0.0002748366	0.0060610291	-0.0255661155	0.025393052	0.0706102597	-0.0688183385	-0.0230399776	-0.054402784	-0.0550865454	0.1005147329	-0.0667136005	0.0030048442	-0.0107300071	-0.0046992906	-0.0310869942	0.0066314751	-0.0166205867	-0.0635894636	-0.0349077787	0.0181717292	0.0419413767	0.0318796711	0.0279730711	-0.0560448744	-0.0224706185	0.0836361352	-0.0802246594	0.0148702542	0.0619657467	0.1618130119273928	-0.0038111741814503	0.0261834508290145	1.4525048641353997e-05	0.182709379145848	0.0073638155895991	0.0333827172278612	5.422578003762419e-05	0.4188851430610611	-0.0064867726356894	4.2078219227129776e-05	0.1754647630772856	-0.0114597342846998	0.0006300910466652	0.0001313255098759	3.97014727087648e-07	-0.0063799913370292	5.190904664019967e-05	2.694549123094425e-09	4.0704289460567645e-05	0.0076178423503074	-0.0002432326411507	5.916211772119358e-08	5.8031522074136974e-05	0.0	0.0	0.0	0.0	0.0	0.0
2243.946251397516	4.85064718659487	5035294.779160963	23.52877812882073	2702.7762954362474	28.747953691555267	7304999.703172086	826.4448414518062	2608.5213393465096	5.054247374928309	25.545416526969703	6804383.577826109	2597.165063076332	2018.40531361064	1.045648	23.174627	0.0832375540820657	0.0395650128809159	0.0143043576	-0.0128142367	0.0298320458	0.0751230099	-0.0347554903	0.0538986464	-0.0834838067	0.0455806754	0.0345445316	-0.0289777779	-0.0731673899	0.0055104862	-0.0336081618	-0.0409488276	0.044565437	-0.0683584187	-0.0199687641	0.0463118403	-0.110866412	0.0127896915	0.0326925586	0.0758020079	0.0241079053	0.0214003188	0.0556372968	0.0132674875	0.0295570062	0.1073076252	0.0353476757	0.0036940193	-0.0135114409	-0.0008550297	0.0402527637	-0.0206818777	0.0133724643	-0.0796219165	-0.0139558939	0.0310467424	0.0563057259	-0.0587468051	-0.093028851	-0.0144752927	0.0505933673	-0.0034333344	-0.0308091074	0.0622441148	-0.0066717132	-0.0724540094	0.0087754952	0.0036266101	0.0989688552	-0.0198262	0.0142536745	0.0979475618	-0.0569832784	-0.0201468273	0.0821354052	-0.0823943867	0.0207291319	0.0565152869	0.1654111703410592	0.0035981584136663	0.0273608552735989	1.294674396983828e-05	0.1923771325899395	0.0096677534440914	0.0370089611435271	9.34654566557428e-05	0.3931577191434883	-0.0257274239175728	0.0006619003414344	0.15457299212211	-0.0119422925537282	-0.0004825582690284	0.0001426183514388	2.328624830076869e-07	-0.006711796029835	-0.0003318046928057	1.1009435416795097e-07	4.504820594610887e-05	0.0076883637546079	7.05214043004998e-05	4.973268464514552e-09	5.911093722316848e-05	0.0	0.0	0.0	0.0	0.0	0.0
2245.539003747775	1.5927523502591612	5042445.41735255	2.5368600492560818	2684.247990033098	-18.52830540314926	7205187.271996727	343.2981011123701	2610.1942894611884	1.6729501146787698	2.798762086203709	6813114.228735798	2595.690620397349	1988.0872063308464	1.018121	22.56456	0.0795923333565154	0.04377968534087	0.0106226395	-0.0308993258	-0.0361009552	-0.0862746459	0.0242682968	-0.1162411964	-0.02750649	0.0195943022	0.0614037367	-0.009957456	0.0306160023	-0.0210466202	0.0417181974	-0.0023107797	-0.0241946796	-0.0375816594	-0.0460896166	-0.0245212885	-0.0112669962	0.0191987889	-0.0302705024	-0.0275858493	-0.0269319727	-0.0148345518	-0.0591113756	-0.0593627769	-0.0282774675	0.0316229953	0.0059038267	0.0003482913	-0.0154733465	0.0038963178	0.0309208586	-0.0267273429	0.0095575977	0.0851073555	0.0161566008	0.0230195268	-0.1006608736	-0.062397108	-0.0021886807	0.0021078774	0.0606317416	0.0122649789	0.0366603533	0.0220942479	-0.0156250842	0.0225748482	0.0245112065	0.0191203955	0.0492042903	0.0772468595	-0.0049658874	-0.1047808657	-0.0579119187	-0.0178092284	0.0805080284	-0.0843382767	0.0264992443	0.0507163915	0.165809232816656	0.0003980624755967	0.027492701687248	1.5845373447824405e-07	0.2044811185682391	0.0121039859782996	0.0418125278509182	0.0001465064765628	0.4233422402245423	0.030184521081054	0.0009111053128925	0.1792186523583341	-0.0124627669369363	-0.000520474383208	0.0001553205597243	2.7089358357585094e-07	-0.0066930631219916	1.8732907843399885e-05	3.5092183626931286e-10	4.4797093954963945e-05	0.0078872717399877	0.0001989079853798	3.956438664785117e-08	6.220905550040862e-05	0.0	0.0	0.0	0.0	0.0	0.0
2244.378685599042	-1.1603181487330405	5037235.684371283	1.3463382062792697	2697.133720106751	12.885730073652669	7274530.304136881	166.04203953103675	2607.445911092496	-2.7483783686925563	7.553583657497157	6798774.179272976	2596.30215944384	2002.971001546891	0.997902	22.116434	0.0630233533189076	0.0388339745146811	0.0089373215	0.0241735467	-0.0182967245	0.0552415266	0.0322313941	0.0850773736	-0.0467287734	0.0218114415	0.0307286003	-0.0484350296	-0.0367248781	0.0092871956	-0.0813426393	0.0175526442	0.0394771833	0.019147856	-0.0095437753	-0.0412045143	-0.081432646	-0.0027029571	0.0358938911	0.0382839121	0.0587413392	-0.0034934213	0.0681821009	0.056563397	-0.0038999874	0.0509612468	-0.0454220385	0.0288971668	-0.0039005055	0.0029106276	-0.0090538824	-0.0256349808	0.0407089194	-0.0316042463	-0.0270000542	0.0182974865	0.1111492632	0.0199724026	0.0321311294	-0.1011038953	-0.0066140293	-0.0184185511	0.0548378292	-0.0231277674	0.036769613	0.0124012641	0.0424749776	0.0215329097	0.0035083493	-0.0284935374	0.0298226182	-0.0846379864	-0.058830636	-0.0154594239	0.0787565141	-0.0860510014	0.0321558829	0.0446048127	0.1658713279399108	6.209512325480726e-05	0.0275132974325494	3.855804332029705e-09	0.1992080276480408	-0.0052730909201983	0.0396838382794225	2.7805487852677908e-05	0.4039448217576478	-0.0193974184668945	0.0003762598431798	0.1631714190248178	-0.0118507501006682	0.000612016836268	0.0001404402779484	3.745646078756141e-07	-0.0065461536764117	0.0001469094455799	2.15823852005936e-08	4.2852127955198414e-05	0.0078941604343109	6.888694323199662e-06	4.745410947848325e-11	6.231776896263966e-05	0.0	0.0	0.0	0.0	0.0	0.0
2246.5290663209853	2.150380721943293	5046892.845825038	4.624137249305358	2670.5057866919133	-26.62793341483757	7131601.156754995	709.0468379450233	2607.072463849269	-0.3734472432270195	0.1394628434738606	6796826.831761098	2592.992494676934	1995.0670045196032	1.0015	22.196188	0.0493999718782321	0.0336375704116226	0.0166557607	-0.0230315492	0.0628325359	-0.050513275	-0.0561690201	-0.0550869272	0.0134110569	0.0034717485	0.0380096695	-0.0497857643	0.0188533317	-0.005544877	0.0735501978	-0.0562279194	0.0095011682	-0.0676116423	-0.0380292004	-0.0124722442	-0.0172153183	-0.0033381611	-0.0447175276	5.02117e-05	-0.0721001471	0.0364985957	-0.026259261	-0.0511271356	0.0183333843	0.0494026589	0.0221854379	0.0080539446	-0.0013488152	-0.0075505358	0.013944632	0.0132289408	0.0301930405	0.0165384157	0.0480565459	0.0382415422	-0.0886485771	-0.0603648561	0.0487799805	0.018388537	0.000339164	-0.0554388976	-0.0839940748	0.0530285752	-0.0073677133	-0.0061183018	-0.021120986	0.047790779	-0.0797433186	-0.1037647168	-0.0071532197	-0.04066926	-0.059739273	-0.0130990243	0.0768835629	-0.0875278662	0.037674825	0.0382182304	0.1655392215881761	-0.0003321063517346	0.0274032338840192	1.1029462886252937e-07	0.1975172891166181	-0.0016907385314227	0.0390130794999777	2.8585967816374174e-06	0.3710834485456331	-0.0328613732120147	0.0010798698493793	0.1377029257845195	-0.011786570117389	6.41799832792004e-05	0.0001389232351321	4.119070253718442e-09	-0.0063959369832078	0.0001502166932038	2.2565054917114486e-08	4.0908009893165296e-05	0.0078182420351328	-7.591839917809977e-05	5.7636033337653e-09	6.112490851991748e-05	0.0	0.0	0.0	0.0	0.0	0.0
2249.341653044567	2.812586723581717	5059537.872121265	7.910644077668136	2712.0843981094945	41.578611417581214	7355401.782468939	1728.7809274142148	2610.277772116005	3.2053082667362105	10.27400108480749	6813550.047602895	2599.3767183897926	2045.05840394067	1.011384	22.415236	0.0496890203187289	0.0316827977137113	0.0105735561	0.0232561362	-0.0405620363	0.097031323	0.0784371293	0.0642183775	-0.0735351545	0.0860216401	-0.0148476252	0.0591674084	-0.0122711303	-0.016569467	-0.0870413152	0.0255946297	0.0508462347	0.0716029142	-0.0267077572	-0.0375460946	0.043408955	-0.1098904799	0.0193421481	0.0188998982	0.0706780552	-0.0336909909	0.0776556384	0.0845750634	-0.0509625287	0.0118627755	-0.0719214449	-0.0331715274	-0.0036187853	-0.0004078223	0.0308992579	-0.008111744	-0.0046122073	0.0159209596	-0.0707763724	-0.0322492704	0.09187133	-0.0903568948	-0.0946166022	-0.0243778469	-0.011152926	-0.0337708131	-0.0866824189	0.0781300396	-0.0638636648	0.0691210292	-0.0090361054	-0.0185584466	-0.0750896369	-0.0392324564	0.0498787602	-0.0127594425	-0.060637674	-0.0107296473	0.0748920628	-0.0887648233	0.0430324377	0.0315960199	0.1655419895122349	2.7679240587885623e-06	0.0274041502916688	7.661403595220549e-12	0.1835258764572103	-0.0139914126594077	0.0336817473293872	0.0001957596282058	0.3966756153820654	0.0255921668364323	0.0006549590033837	0.1573515438387402	-0.0119306208337252	-0.0001440507163362	0.0001423397134781	2.0750608876972405e-08	-0.0063651665013555	3.0770481852300524e-05	9.46822553422756e-10	4.0515344589978216e-05	0.0078454742949209	2.723225978809932e-05	7.415959731665311e-10	6.15514669122646e-05	0.0	0.0	0.0	0.0	0.0	0.0
2246.7139115712616	-2.627741473305377	5047723.400447839	6.905025250529116	2669.897646372555	-42.18675173693964	7128353.442105708	1779.7220221141797	2618.9109200293865	8.633147913381436	74.53124289432223	6858694.407049168	2600.289056696657	1988.3584395611872	1.037681	22.998058	0.1020595163689518	0.0554921318327631	0.0116470485	-0.0333850962	0.0700553221	-0.0151277749	-0.0663076146	-0.0238756582	-0.006784236	0.0036993898	0.0192148093	-0.0533670286	-0.0767923341	-0.0455405475	0.0829348305	-0.028570562	-0.0562277741	-0.0617645885	-0.0096635698	-0.067468646	0.0385147684	-0.0332121535	0.0064637268	0.0838311031	-0.0687080035	0.0221046249	-0.0936076739	-0.0547197216	0.0255106754	0.0145004952	-0.0383781164	-0.009402196	-0.0089455149	-0.0054423084	0.0086683233	-0.0288843645	0.0151204393	-0.0403224087	0.0454201663	0.0780496827	-0.0617987165	-0.0363646994	0.0473687124	0.0021644	0.0608959187	0.0096185325	0.015270426	0.0040003374	0.0129773387	0.0438069278	-0.0382031269	-0.0125831119	-0.0682038778	-0.0693102643	-0.0161346093	0.0219535206	-0.0615256851	-0.0083529168	0.0727850846	-0.0897584821	0.0482057789	0.0247790096	0.1656732670221572	0.0001312775099223	0.027447631405795	1.7233784611402673e-08	0.2085941453803883	0.025068268923178	0.0435115174869745	0.0006284181068047	0.4418971338864068	0.0452215185043413	0.0020449857358384	0.1952730769370209	-0.0122745538582005	-0.0003439330244753	0.0001506646724178	1.1828992532472829e-07	-0.0066291985888873	-0.0002640320875318	6.971294324640028e-08	4.394627393090537e-05	0.007870278211544	2.4803916623100664e-05	6.152342798457295e-10	6.194127912710424e-05	0.0	0.0	0.0	0.0	0.0	0.0
2250.3047038450163	3.590792273754687	5063871.260147006	12.893789153256357	2696.6655245482466	26.76787817569175	7272004.95128707	716.5193020286746	2613.687115310529	-5.2238047188575365	27.288135740758268	6831360.336740274	2601.508491290984	2001.9038620245265	1.004838	22.270159	0.05244277383193	0.025764814513883	0.0093670059	-0.0033072193	-0.0829559424	-0.0391916634	0.0482802192	-0.0670481365	-0.0186324529	0.0752759142	0.067146667	0.0350806696	-0.0121005613	-0.0391734989	-0.0403773335	0.0173710498	-0.0029160051	-0.0632646169	-0.0223300755	0.0309171137	-0.0816641033	0.0053148481	0.0116157564	0.0096175482	0.0458502387	-0.0270996493	-0.022390519	-0.0679428495	-0.0489638953	0.0477717821	0.0033978455	0.0738322157	-0.003987664	-0.0019614718	0.0081254012	-0.0279483808	0.0105161488	0.0691101767	-0.0761024103	-0.0155861246	0.0414828273	-0.0217944541	0.0414851228	-0.1106365355	0.0070926058	-0.0322889955	0.0101013209	-0.0645785557	0.0048779423	-0.0479148835	-0.1079456649	0.0633042982	-0.0432636252	-0.0530110557	0.0324163669	-0.0312127743	-0.062403154	-0.0059704615	0.0705658771	-0.0905061192	0.0531726956	0.0178092284	0.1654355660440245	-0.0002377009781326	0.0273689265123067	5.650175500523915e-08	0.1886280476100665	-0.0199660977703218	0.0355805403451855	0.000398645060174	0.4515355111811772	0.0096383772947704	9.28983168763457e-05	0.203884317857647	-0.012068473800795	0.0002060800574055	0.0001456480598804	4.2468990060254726e-08	-0.0064042425777517	0.0002249560111356	5.060520694604037e-08	4.1014322994687736e-05	0.007849302324311	-2.097588723300008e-05	4.399878452115356e-10	6.161154697843408e-05	0.0	0.0	0.0	0.0	0.0	0.0
2245.2081966041287	-5.096507240887604	5040959.846098364	25.974386056419775	2685.7760233405893	-10.889501207657304	7213392.847551189	118.58123655156987	2611.253421888439	-2.433693422090073	5.92286367272449	6818644.433324082	2595.6022659051614	2009.5582449490907	1.056134	23.407043	0.0843708833294936	0.0457380003370548	0.0140231013	-0.0086131117	0.0706004162	0.0429850949	-0.0537104366	0.0497650578	-0.0239288026	-0.00787813	0.0423290474	-0.0444995931	-0.0434429365	0.0216851343	0.021090683	-0.0149511319	-0.0071136722	-0.0324871179	0.0546331748	0.0993654996	-0.0504709962	-0.0258880728	0.0302874513	0.0360366135	-0.0160909406	0.0224059548	0.0188003702	0.025440039	0.0983763807	0.0330204659	0.0768699954	0.03206425	-0.000549336	-0.0087084553	0.0007109536	-0.0011162606	0.0264386564	-0.089334881	0.0408187552	0.0373897769	-0.0193269414	-0.0365902994	0.0353133098	-0.0035519891	0.0135031028	-0.0587974656	-0.0934947017	0.0250130692	0.0422900861	0.0060978532	-0.1197763254	0.0095474673	-0.0505043502	-0.0136760263	0.0260924733	-0.0918330487	-0.0632699305	-0.0035839144	0.0682378621	-0.0910056853	0.0579119187	0.0107296473	0.1649458332290834	-0.0004897328149411	0.0272071278996365	2.398382300301409e-07	0.2057738325631817	0.0171457849531152	0.0423428701677403	0.0002939779416584	0.4229852789980199	-0.0285502321831572	0.0008151157577121	0.1789165462490327	-0.0116580786262394	0.0004103951745556	0.0001359107972555	1.6842419929852144e-07	-0.0063503520412886	5.389053646309965e-05	2.904189920280673e-09	4.032697104829829e-05	0.0075498853677641	-0.0002994169565469	8.965051386780879e-08	5.7000769066378455e-05	0.0	0.0	0.0	0.0	0.0	0.0
2248.409131735672	3.200935131543247	5055343.623672359	10.245985716347782	2703.229990718929	17.453967378339712	7307452.382722261	304.6409772441468	2610.6724679929403	-0.5809538954986238	0.3375074286950258	6815610.73513635	2600.933746237833	2034.9593057601176	1.07545	23.835144	0.12891661034357	0.0836339141573111	0.0040146699	0.0436423196	-0.1098373782	0.0064738122	0.0949736701	0.0008355895	-0.0270436847	0.0161271453	-0.0392896418	0.0057116619	0.0866356243	-0.0306007751	-0.0012149737	0.0685706954	-0.0368818126	0.0832898458	-0.0023596307	-0.0205465282	-0.077842321	0.0482017662	-0.041099939	-0.0779069518	0.0149505109	-0.0814180926	-0.0214503806	0.0363314688	-0.0473764554	-0.0375931687	0.0089813775	0.1019762078	0.0116226221	-0.0046541907	0.0164186716	0.0410906587	0.004707562	0.1194178055	0.0045012729	-0.0118719882	0.005950781	-0.0695181849	-0.0650403914	-0.0428828173	0.0030619916	-0.0736868145	-0.0482121717	0.079624332	0.0935803335	0.1271459958	0.0102406206	0.0159718311	-0.0278464902	-0.0750091392	0.0045144445	-0.0411401671	-0.064125866	-0.0011949111	0.0658046293	-0.0912558111	0.062403154	0.0035839144	0.1656689690585011	0.0007231358294176	0.0274462073089065	5.229254277876062e-07	0.1824610079577411	-0.0233128246054406	0.0332920194249548	0.000543487791084	0.3460960285134433	-0.0768892504845766	0.0059119568400799	0.1197824609527781	-0.0117826383574442	-0.0001245597312048	0.0001388305666623	1.5515126637812362e-08	-0.0064721952473207	-0.0001218432060321	1.4845766856180816e-08	4.188931131944066e-05	0.0078633104190099	0.0003134250512458	9.823526274843245e-08	6.183165074570965e-05	0.0	0.0	0.0	0.0	0.0	0.0
2244.7765706647424	-3.632561070929569	5039021.852205361	13.195499934032975	2680.5862888015863	-22.643701917342696	7185542.851711062	512.7372365214693	2609.388344860952	-1.2841231319880535	1.6489722181068078	6808907.534296179	2595.9061001136656	1992.382808147493	1.11346	24.677555	0.2690056592509817	0.1500358180917626	0.0082048116	-0.033510029	0.0702702999	0.0117438696	-0.0717276643	0.0220725019	-0.0355230993	-0.0043322479	0.0122180158	-0.0050895076	-0.039729063	0.0198705813	-0.04980253	-0.0394469591	-0.0477948972	-0.0327342768	0.0404588926	0.01379956	-0.0222379585	0.0325577922	0.0217956097	0.043576478	0.0403864719	0.0529994271	-0.0017186364	-0.0057565457	0.0484606256	-0.0028245532	-0.006724151	0.0058410878	-0.0105482309	-0.0061925702	0.0004515812	-0.0356959994	0.0130940339	-0.0979816901	-0.0103693802	0.0413981397	-0.0079873451	-0.027180155	0.0365893018	-0.0183638472	0.0379834694	0.0432932775	0.01104497	0.038755766	0.023982533	0.0076827547	-0.0483727392	0.0920349676	0.0518432399	-0.0891960595	-0.0273865758	0.0381027186	-0.0649708138	0.0011949111	0.0632699305	-0.0912558111	0.0666271694	-0.0035839144	0.1904416584406334	0.0247726893821323	0.0362680252696188	0.0006136861392236	0.1977691112187329	0.0153081032609918	0.0391126213522475	0.0002343380254491	0.476752668920426	0.1306566404069827	0.0170711576824395	0.2272931073227493	-0.0126824020751457	-0.0008997637177014	0.0001608433223956	8.095747476920219e-07	-0.0073677564736933	-0.0008955612263725	8.020299101819952e-07	5.4283835455649535e-05	0.0076932708390665	-0.0001700395799434	2.8913458747327927e-08	5.918641620323096e-05	0.0	0.0	0.0	0.0	0.0	0.0
2245.3074913812766	0.5309207165341832	5041405.730852881	0.2818768072451704	2675.3124925453244	-5.273796256261903	7157296.932769077	27.812926952562066	2609.0752686666788	-0.3130761942734352	0.0980167034207377	6807273.757568102	2598.071557016842	1991.1598806912784	1.005473	22.284227	0.0718461390272078	0.0429040887304847	0.0049489505	-0.0101981341	-0.0609888112	-0.0841223187	0.0347069229	-0.096836232	0.0144803962	-0.0178219008	0.0134599784	0.0068580492	0.0670657055	-0.0070597177	0.0080250615	0.0240421168	-0.0222084234	-0.0174596989	-0.0768571484	-0.0177513133	0.0098232895	0.0584793076	-0.0543565981	-0.0575811506	-0.0130380127	-0.0233774445	-0.0350150602	-0.0632182348	-0.0681651521	0.0272700113	-0.016354703	-0.0119735695	-0.0055756885	-0.0030434612	0.0014168848	-0.0262051571	-0.0232045026	0.1061825051	0.0214407654	0.0040967102	-0.0347484761	0.0102477848	0.0704554949	-0.0330748643	0.0487776505	0.0706780645	-0.0302641236	-0.0047919778	-0.0440909546	0.0304837501	-0.0130517101	0.1217295767	-0.0586941641	-0.0109235999	0.0462392791	-0.0814830976	-0.0658046293	0.0035839144	0.060637674	-0.0910056853	0.0705658771	-0.0107296473	0.1895136693652688	-0.0009279890753645	0.0359154308762884	8.611637239960335e-07	0.191436641786197	-0.0063324694325359	0.0366479878183767	4.010016911400158e-05	0.4817806970698584	0.0050280281494323	2.5281067071484333e-05	0.2321126400691186	-0.0123791305913128	0.0003032714838328	0.0001532428741967	9.197359290620887e-08	-0.0066171562574666	0.0007506002162267	5.634006845995692e-07	4.378675693572938e-05	0.0075559894917286	-0.0001372813473379	1.8846168326909186e-08	5.709297719911302e-05	0.0	0.0	0.0	0.0	0.0	0.0
2240.99677290114	-4.310718480136529	5022066.536153324	18.58229381499059	2690.674966826694	15.362474281369488	7239731.77710783	236.0056160457389	2610.0034325275947	0.9281638609159018	0.8614881527103134	6812117.917805826	2596.9323638415726	2019.2479623763288	1.085522	24.058359	0.0914827492885826	0.0485697880605724	0.0098430647	-0.0071243848	0.0581582655	0.0791166029	-0.0290283106	0.0678436773	-0.006911504	-0.0357906337	-0.0029967293	0.0182231484	0.0426830869	-0.0195165996	-0.0679473373	0.0626875218	-0.0222744606	-0.0143722723	0.0290884749	0.0063228013	0.0335909879	-0.0331967865	0.0007233381	-0.0261714102	0.0676254739	-0.0457846522	0.0277008824	0.0555725155	0.085315821	0.0117278172	-0.0645324461	-0.0110252129	-0.0019088426	-0.0080866052	0.0044902796	-0.0079429849	0.0131169633	-0.0751252456	-0.0466656725	-0.0032315986	0.0678328966	-0.0468489782	0.0601849824	0.0143106038	-0.0110622657	-0.0325696734	-0.0270995879	0.0825337823	0.0085569194	0.0415973501	-0.0352497047	0.0487677886	-0.0955085103	-0.0753540736	0.0222780679	-0.0444729841	-0.0666271694	0.0059704615	0.0579119187	-0.0905061192	0.0742024108	-0.0178092284	0.189890642949436	0.0003769735841671	0.0360584562797501	1.4210908315985714e-07	0.1970056423224804	0.0055690005362834	0.038811223106893	3.1013766973125075e-05	0.4673334646009763	-0.014447232468882	0.0002087225260099	0.2184005671359519	-0.0116825390485943	0.0006965915427185	0.0001364817186219	4.852397773869401e-07	-0.0061489713745148	0.0004681848829518	2.1919708462459086e-07	3.780984896460242e-05	0.0078130039200433	0.0002570144283146	6.605641636193182e-08	6.104303025461196e-05	0.0	0.0	0.0	0.0	0.0	0.0
2239.6214787509675	-1.3752941501725218	5015904.368082671	1.8914339994987588	2694.657015967915	3.982049141221069	7261176.433705108	15.85671536309945	2599.750227341958	-10.253205185636489	105.128216578763	6758701.244564563	2592.900127073194	2016.3016718129643	1.066569	23.638294	0.097928181992069	0.0460310172653896	6.00478e-05	0.0272051037	-0.1044711451	-0.0165647218	0.0941184043	-0.0074252319	0.0003149267	-0.0746206171	-0.024574849	-0.0325436245	0.0617617259	0.1116366403	0.0635598452	-0.0593618743	0.0937826508	-0.04072845	-0.0854693707	0.0088033881	-0.0764395585	-0.0068281092	-0.0318366583	-0.0921517597	-0.1021372074	0.0635002628	0.0695835774	-0.0482276159	-0.0749943582	0.0884594642	0.0341799889	-0.0029825008	0.0035616051	-0.0024066476	0.0138417879	0.0053846725	-0.0034306515	0.0583528111	0.0722877323	0.0527327535	-0.0283833344	-0.0121490151	-0.0406053439	-0.09002789	-0.0425808384	-0.0307055897	-0.0213197656	0.0391118488	-0.0144851898	0.0197646343	0.0034066	-0.0257950549	-0.0918437597	-0.0620167	-0.0205623344	0.095116369	-0.0674382934	0.0083529168	0.0550968674	-0.0897584821	0.0775211985	-0.0247790096	0.1890506049449527	-0.0008400380044832	0.0357401312300525	7.05663848976268e-07	0.1855440096919522	-0.0114616326305282	0.0344265795325672	0.0001313690225571	0.4532405152337588	-0.0140929493672175	0.0001986112218669	0.2054269646493631	-0.0120353503170597	-0.0003528112684654	0.0001448496572543	1.2447579115616505e-07	-0.0066750696901209	-0.0005260983156061	2.767794376835759e-07	4.455655536797073e-05	0.007261242264318	-0.0005517616557252	3.044409247287235e-07	5.2725639221118e-05	0.0	0.0	0.0	0.0	0.0	0.0
2239.96868795352	0.3472092025526763	5017459.723012215	0.1205542303372654	2670.516367672054	-24.14064829586096	7131657.670004341	582.7709001444545	2604.303326248029	4.5530989060707725	20.730709648462867	6782395.815106547	2589.8253355933016	1987.902056784708	1.07928	23.920008	0.0349303516740791	0.0196127794964374	-0.0001360487	-0.0108520875	0.0815719365	0.0261662083	-0.0807013489	0.0305472249	0.0018073305	-0.0270192343	-0.0453807209	0.0795594476	0.0302072582	0.0293619454	-0.0738958181	0.0278237648	-0.0327081874	-0.0655111226	-0.0181960692	0.0030744183	0.0935793823	0.0051099857	0.0156210819	-0.0326206049	0.0814712291	-0.0032007386	-0.0019394523	0.0044227602	0.0699599914	0.0326460369	-0.0187786295	-0.090429372	0.0065244881	-0.0023305751	-0.0145407843	-0.0085353536	0.0162617596	-0.0505132075	-0.0820640647	-0.0226917621	0.0302658194	-0.053341649	0.0786546904	0.0321512074	-0.0099818026	-0.0075041996	-0.0712949283	-0.0083009549	-0.0331780518	0.0199375568	-0.0897922499	0.0493883953	-0.0171000807	-0.0189409839	-0.0269119782	-0.0235174688	-0.0682378621	0.0107296473	0.0521968607	-0.0887648233	0.0805080284	-0.0315960199	0.1895473427517089	0.0004967378067561	0.0359281951442338	2.467484486609468e-07	0.1878304322569164	0.0022864225649641	0.03528027128182	5.227728145577456e-06	0.4565719220272726	0.0033314067935137	1.109827122386984e-05	0.2084579199836778	-0.0122917160937185	-0.0002563657766587	0.0001510862845285	6.572341144186946e-08	-0.0066191348981254	5.59347919955001e-05	3.1287009555798623e-09	4.381294679958155e-05	0.0075252573858406	0.0002640151215226	6.970398439259345e-08	5.662949872314851e-05	0.0	0.0	0.0	0.0	0.0	0.0
2240.025858457819	0.0571705042989378	5017715.846559689	0.0032684665617948	2679.599256209745	9.082888537690906	7180252.173879818	82.49886418811684	2603.9810102270285	-0.3223160210004607	0.1038876173935694	6780717.101622975	2596.0777487833	1990.544879850794	0.996785	22.091684	0.0494063558513745	0.0260023537104195	-0.0053557677	0.028305097	-0.0646152206	-0.0627494238	0.0439723498	-0.0394089741	0.041574265	-0.0628770549	-0.0063123378	-0.0908396074	0.0222114052	0.0744942934	-0.0042269268	-0.0390072075	0.0746219015	0.0136823784	0.0026033438	-0.0503959755	-0.0385189901	0.0234505478	0.0124553061	-0.0477158147	-0.0371470917	0.0483720305	0.0849954065	-0.0563616809	-0.0534461375	-0.0001000793	-0.012430196	0.0391556407	0.0161835648	-0.0040286505	-0.0277473052	0.0114410939	0.0160678895	0.0276779716	0.0528780752	0.0307638184	-0.023579995	0.0365291408	0.0540976114	-0.1499002867	-0.0290347066	-0.0258772872	-0.0546391547	-0.0290494287	0.0206332412	0.0961371189	-0.0493368047	-0.013370777	-0.0922031379	0.0120235465	0.0351693158	-0.0241718567	-0.0690257386	0.0130990243	0.0492163702	-0.0875278662	0.0831501106	-0.0382182304	0.1831506518493171	-0.0063966909023918	0.0335441612728297	4.091765450074216e-05	0.180413063192347	-0.0074173690645693	0.0325488733704458	5.501736384003091e-05	0.4456984878672543	-0.0108734341600182	0.0001182315704322	0.198647142087157	-0.011879575873908	0.0004121402198104	0.0001411243229439	1.6985956078544707e-07	-0.0066719007491327	-5.2765851007299976e-05	2.7842350325245803e-09	4.451425960627748e-05	0.0074957862221705	-2.947116367010057e-05	8.685494880698558e-10	5.618681108848109e-05	0.0	0.0	0.0	0.0	0.0	0.0
2240.78799525004	0.7621367922206446	5021130.839656692	0.580852490056374	2682.6536744095897	3.054418199844804	7196630.736823273	9.329470539543172	2607.411126652989	3.430116425960477	11.76569869564388	6798592.78339381	2593.191075859695	1997.6601009181288	0.986869	21.871912	0.1018309257605511	0.0559525548072454	-0.0025155173	0.0174926354	0.0701391196	0.0404585676	-0.0393441965	0.060494917	0.0183491167	-0.0397547683	-0.0235447063	0.0175155197	0.0064539352	0.0266445283	0.007227367	-0.0018383933	0.0516889439	-0.0348288844	-0.0912712281	0.0367856636	-0.0297515726	-0.0739652697	0.0008443382	-0.0170307681	-0.0054576014	-0.0013932754	0.0341931063	0.0601193785	0.0404932981	0.0915802972	0.0683012825	-0.051061345	0.0150925718	-0.010573345	-0.0275238414	0.0327567492	0.0261452026	-0.0141775882	-0.0224056906	-0.011636734	0.038762766	-0.0280400079	0.1269857036	0.0631022328	-0.0016698872	-0.0976448077	-0.0625567561	0.0121738342	0.0516625968	-0.0034225289	-0.1017912877	-0.0024955668	-0.0732937293	-0.0647079875	0.0145929777	-0.0258339443	-0.0698017879	0.0154594239	0.0461599916	-0.0860510014	0.0854361313	-0.0446048127	0.1798971697764813	-0.0032534820728357	0.0323629916935881	1.0585145598263902e-05	0.2106668802725408	0.0302538170801937	0.044380534443765	0.0009152934479218	0.4230630094508427	-0.0226354784164116	0.0005123648831398	0.1789823099656038	-0.0113128577455821	0.0005667181283258	0.0001279807503717	3.2116943697321044e-07	-0.0067170385012567	-4.5137752124000015e-05	2.0374166668076677e-09	4.511860622736485e-05	0.0071938791387982	-0.0003019070833723	9.114788699036896e-08	5.1751897063635925e-05	0.0	0.0	0.0	0.0	0.0	0.0
2243.943685513016	3.15569026297635	5035283.263753738	9.958381035843743	2695.761018942331	13.10734453274108	7267127.471248994	171.8024806999775	2604.959565608873	-2.451561044115806	6.010151553026181	6785814.338457169	2595.596481373271	2006.4342771936635	1.040261	23.055252	0.1574046929057268	0.0894266892065792	-0.0072318486	0.0236275441	-0.0856182049	-0.032137301	0.0705836654	-0.045285055	-0.0151521828	0.013386353	0.0109549201	-0.0660379168	-0.0611826084	0.0505990909	-0.0426895647	-0.0666936159	0.0731842124	0.0407002709	-0.0318594495	-0.0407840301	-0.0120641133	0.1026706488	0.0265947513	0.0234605501	-0.0024399217	0.0812291696	0.0703929957	-0.064846564	-0.110133714	-0.0284587095	0.0289646715	0.0084558982	0.011436134	-0.003713744	0.004133137	0.0314564607	-0.0303043811	-0.0153068492	-0.0013440369	-0.0147992192	-0.010929732	0.0242810138	-0.0826300488	-0.1233821519	-0.0119850298	-0.0951698929	-0.0231257008	0.0705048712	0.0029468379	-0.024651609	-0.0034285677	0.052459203	0.0539801092	-0.0024505708	0.0264604552	0.0334630567	-0.0705658771	0.0178092284	0.0430324377	-0.0843382767	0.0873563013	-0.0507163915	0.1909031953099855	0.0110060255335042	0.0364440299795624	0.0001211325980441	0.1750583438385149	-0.0356085364340258	0.0306454237474837	0.0012679678669733	0.4291578018638944	0.0060947924130517	3.71464945581928e-05	0.1841764189006496	-0.0123854919634919	-0.0010726342179097	0.0001534004111777	1.1505441654309662e-06	-0.0068380462235866	-0.0001210077223299	1.4642868863470209e-08	4.675887615590696e-05	0.0080941439690614	0.0009002648302632	8.104767646088295e-07	6.551516659189304e-05	0.0	0.0	0.0	0.0	0.0	0.0
2244.844684187107	0.9009986740907152	5039327.656123112	0.8117986107132269	2676.3383779744154	-19.422640967915413	7162787.113418724	377.23898216854616	2611.73975113335	6.78018552447702	45.97091574632772	6821184.527650094	2594.639424308401	1995.8479204521805	1.069406	23.701174	0.1078704011429131	0.0581661002361023	-0.0005667184	-0.0158070093	0.0653945863	0.0368598575	-0.0658581267	0.0356929826	0.0118987468	-0.0308136985	0.0202891597	0.0159441765	0.0333005745	-0.0152178799	0.0597914308	0.0185370994	-0.04491436	0.0465791064	0.0160161461	-0.0859201782	0.0079314285	0.0166083497	-0.0225017949	-0.0226361109	-0.0489586368	-0.0205778109	-0.0615992589	0.0524112939	0.0200761364	-0.0348198107	-0.0465398404	0.0278331953	0.0004636786	-0.0038047244	-0.007028004	0.0078869454	-0.0016342902	0.0112250239	0.0256677949	0.022422813	-0.0131032196	-0.0280180025	0.0337075567	0.144229796	0.0448526622	-0.0137578079	0.0157657394	0.0104580629	0.0165883113	0.0043857011	0.0079171501	0.0253181224	0.0509219194	0.0797299311	-0.0685896115	-0.1165453324	-0.0713178751	0.0201468273	0.0398385309	-0.0823943867	0.0889023983	-0.0565152869	0.1915302809328665	0.0006270856228809	0.0366838485142227	3.93236378424047e-07	0.201933518342102	0.026875174503587	0.04077714583002	0.0007222750045982	0.4763291272622894	0.0471713253983949	0.0022251339398412	0.2268894374784542	-0.0124155103660526	-3.00184025607015e-05	0.0001541448976495	9.011044922963303e-10	-0.0073310949036722	-0.0004930486800856	2.430970009341524e-07	5.3744952486648506e-05	0.0082350131987761	0.0001408692297147	1.9844139880413044e-08	6.781544238401659e-05	0.0	0.0	0.0	0.0	0.0	0.0
2245.109347241329	0.2646630542221828	5040515.981070386	0.0700465322702141	2701.5629370303554	25.224559055940063	7298442.30273608	636.2783795666078	2611.7124236220616	-0.027327511288604	0.0007467928732287	6821041.783701823	2599.726833255956	1992.5479079449765	1.034089	22.918451	0.0989342938418	0.0517148806202611	-0.0110030937	0.0308890882	-0.0816475323	-0.050231093	0.0896317626	0.0099319321	0.0028057605	0.02778991	0.0141581445	-0.068713943	-0.0127478643	0.004531591	-0.0185113622	0.0216470493	-0.0148060295	0.0701077803	-0.0059147407	0.0064367947	-0.0361877661	0.014304246	0.0215457734	-0.0115006887	0.0132274569	-0.0021250125	-0.0076110511	0.0072015361	-0.0719169654	-0.0298225487	-0.0065020193	0.0465125685	0.0105778807	9.7978e-05	-0.0344371238	0.0078209886	0.0083115086	-0.0058391433	-0.0186279287	-0.0330827684	0.0071322896	0.0755517327	0.0203627799	-0.1340610237	-0.0271340389	-0.016221318	0.0886629714	-0.0625406788	0.0507135629	-0.030974457	0.0467072406	0.0651490961	0.0094273245	0.0232254322	0.0068196624	-0.0493185383	-0.0720576532	0.0224706185	0.036583196	-0.0802246594	0.0900678015	-0.0619657467	0.2079858570105273	0.0164555760776607	0.0432581167164035	0.0002707859840476	0.2103297154826151	0.008396197140513	0.0442385892149978	7.049612642236028e-05	0.4668871354166484	-0.0094419918456409	8.915121001315085e-05	0.2179835972175637	-0.0118616364050267	0.0005538739610259	0.000140698418205	3.067763647025214e-07	-0.0073030435167	2.8051386972200235e-05	7.868803110641251e-10	5.333444460681391e-05	0.0075241279712145	-0.0007108852275616	5.053578067653094e-07	5.661250172721242e-05	0.0	0.0	0.0	0.0	0.0	0.0
2247.4454523625463	2.336105121217315	5051011.06134509	5.457387137377767	2674.261979663645	-27.300957366710463	7151677.135874517	745.3422731389423	2619.5724285720685	7.860004950006896	61.77967781413291	6862159.708534964	2601.024848712859	1999.327079998079	1.055195	23.386221	0.0889940376076719	0.0489828007871893	0.0010974993	-0.0190212409	0.0658692999	0.0343380632	-0.0823933733	0.0345538295	-0.0023993457	-0.0152787478	0.0186615816	0.0109180177	-0.0086349211	-0.0773207262	0.0839981358	0.0444616983	-0.1001434815	0.0273357577	0.0615612411	-0.0649077248	-0.0967499673	0.0023481595	-0.0165901692	0.0345021705	-0.0538252609	-0.0505257487	-0.1073560368	0.0469023836	0.060924839	-0.0300702127	-0.0505811754	0.1258628866	5.41225e-05	-0.0005951555	-0.0010304544	0.0150829799	0.0124217434	0.0045321499	0.0722315558	0.0561737562	-0.0071859452	0.0109763598	0.034501217	0.1278577707	0.0224315241	-0.0326498392	0.0396114231	0.0206155259	-0.0272704673	-0.0699389344	0.0194169157	0.0203082548	-0.0214296611	-0.0210563826	0.0283092712	0.0071857646	-0.0727850846	0.0247790096	0.0332714524	-0.0778350419	0.0908475206	-0.0670341672	0.1998691131799859	-0.0081167438305413	0.039947662403354	6.58815304106318e-05	0.1883073236913333	-0.0220223917912817	0.0354596481557925	0.0004849857402087	0.4732856139916421	0.0063984785749937	4.094052807465347e-05	0.2239992724114456	-0.0121975841541974	-0.0003359477491707	0.0001487810591987	1.1286089017286013e-07	-0.0073280358740244	-2.4992357324399823e-05	6.246179246304817e-10	5.370010977098855e-05	0.0082123163329365	0.000688188361722	4.7360322120961126e-07	6.74421395522156e-05	0.0	0.0	0.0	0.0	0.0	0.0
2253.303296639958	5.857844277411459	5077375.746648502	34.31433957840218	2703.6448042774928	29.382824613847788	7309695.227696682	863.3503822881394	2613.932144585005	-5.6402839870634125	31.812803454723944	6832641.256494764	2602.7068963723104	1998.4605798439904	1.071695	23.751904	0.1432342051401632	0.0659440262798927	-0.0054558319	-0.0227224992	-0.0767266358	-0.0627192465	0.0403071885	-0.074792841	-0.0133702389	0.0989250722	0.1177975849	0.0038157781	-0.0660333382	-0.0233411795	-0.0353798115	0.0192383538	0.0081478023	-0.0225546272	-0.0671207169	-0.0152047177	0.0886340331	0.0232721491	0.0401906559	0.0404226078	0.0393282739	-0.015898975	-0.0142677982	-0.0651331462	-0.073259628	0.0013563514	0.0018443264	-0.0675335785	-0.0079964555	0.0024835606	0.0095603213	-0.0014804574	-0.0341987707	0.0251401176	-0.0894369351	-0.047193995	-0.0361516357	0.0011551154	-0.0980283779	-0.0058424094	0.034730447	-0.0223390254	0.0571824436	0.0093257333	-0.0790399014	-0.0095100006	0.0532170351	-0.0479147493	0.0075898799	0.0906432983	0.0332527824	0.0181612302	-0.0735000446	0.0270704183	0.0299084066	-0.075232084	0.0912382167	-0.0716892996	0.2157773452202747	0.0159082320402887	0.0465598627103096	0.0002530718466476	0.2099366573366836	0.0216293336453503	0.0440734000937001	0.0004678280739418	0.5159179584468063	0.0426323444551642	0.0018175167937437	0.2661713398479206	-0.012931638755516	-0.0007340546013185	0.0001672272809031	5.388361577170068e-07	-0.0075332041165172	-0.0002051682424928	4.209400772758459e-08	5.674916426111169e-05	0.0085343793891123	0.0003220630561757	1.0372461215329607e-07	7.283563155730483e-05	0.0	0.0	0.0	0.0	0.0	0.0
2248.587388946779	-4.715907693178906	5056145.245730492	22.23978537058399	2684.4084603113074	-19.23634396618536	7206048.781790924	370.0369291853959	2616.9668119938	3.0346674087950305	9.209206282002745	6848515.295076993	2601.23580562404	2008.8703144010951	1.074198	23.807379	0.0838047541767582	0.0480134382672117	0.0032931336	-0.0046508342	0.0669829309	0.0503362835	-0.067780665	0.0551935747	-0.0027922807	-0.013489921	0.0639216362	-0.0758895961	-0.0549976841	-0.0151404836	0.1048328387	-0.0512907051	-0.0078779631	-0.0388283964	-0.0262643802	0.001730955	-0.0079148985	-0.0967225842	-0.00517757	0.0673804495	-0.0935760812	0.0445324873	-0.042814919	0.0439255956	0.0556199423	0.0381270104	-0.0031349221	-0.0153552607	0.0037274167	-0.0003987269	-0.0298091561	-0.008371345	0.007827042	-0.0572570634	0.0507799086	0.0455337491	0.0098508664	0.0438928234	0.0786763557	0.0748704268	0.0586198448	0.0205553618	0.0342852547	-0.0566062064	0.0150386199	-0.0194234579	0.0565544667	-0.1124370268	-0.026717336	0.0370671432	-0.0711503839	0.0632528446	-0.0742024108	0.0293432743	0.0264992443	-0.0724229201	0.0912382167	-0.0759024438	0.2148545607804237	-0.0009227844398509	0.0461624822881487	8.515311224311216e-07	0.2204390816483652	0.0105024243116816	0.0485933887179746	0.0001103009164226	0.5135110973636756	-0.0024068610831307	5.792980273489119e-06	0.2636936471156463	-0.0122197234415608	0.0007119153139551	0.0001493216409882	5.068234142439297e-07	-0.007191978736796	0.0003412253797212	1.1643475976587737e-07	5.1724558150525786e-05	0.0081880663959468	-0.0003463129931654	1.199326892352471e-07	6.704443130443323e-05	0.0	0.0	0.0	0.0	0.0	0.0
2242.6401710150767	-5.947217931702198	5029434.936650532	35.369401127160174	2699.541806752445	15.133346441137746	7287525.966404255	229.0181745074965	2607.1338025014334	-9.833009492366727	96.68807567697417	6797146.664145583	2597.619902463819	2017.97700765641	1.063592	23.57233	0.0887347596255793	0.0432811378147617	-0.0085923444	0.0254122035	-0.0982073014	0.0064277786	0.0958341885	0.010334767	0.0082884544	-0.0282859334	-0.0263659006	0.0415684526	0.0728390122	0.0133763199	-0.0385688558	0.0468355913	0.0296183642	0.0123179719	0.027304962	0.0012257023	-0.1010950597	-0.046591811	-0.0116757874	-0.0818912795	0.0283079659	-0.0360764839	0.0376765155	0.0117099755	-0.0305871319	-0.0019141458	-0.0102935201	0.0992649133	0.0071296969	-0.0016093389	-0.0185352423	0.0177807412	-0.0183657906	0.0772292844	-0.0502517305	-0.0223267381	0.0282133778	0.0147888467	-0.0072329451	-0.0440474907	-0.0308207351	-0.0546314611	0.0383437978	-0.0821906647	0.0101891598	-0.1121345729	-0.0680821227	0.0078308819	0.0424030468	0.0676496497	-0.0238783093	-0.0265489242	-0.0748920628	0.0315960199	0.0230492221	-0.06941525	0.0908475206	-0.0796476241	0.1975622697806471	-0.0172922909997766	0.0390308504408811	0.0002990233280209	0.1863764527660976	-0.0340626288822676	0.0347361821456734	0.001160262686371	0.4960036176118905	-0.0175074797517851	0.0003065118472591	0.2460195886840824	-0.0120612642620895	0.0001584591794713	0.0001454740955999	2.510931155871777e-08	-0.0070091435332411	0.0001828352035548	3.3428711658961575e-08	4.912809306957554e-05	0.0082442192127556	5.61528168087997e-05	3.153138835562618e-09	6.796715042796857e-05	0.0	0.0	0.0	0.0	0.0	0.0
2247.4605490361814	4.820378021104716	5051078.919474014	23.236044266349417	2682.038622674141	-17.503184078304002	7193331.173515804	306.3614528789947	2616.280107690653	9.146305189219676	83.65489861434675	6844921.601897815	2600.565994012551	2006.0530577612703	1.013476	22.461611	0.0824210498534572	0.0450035710356537	-0.0057947146	-0.009309249	0.0397067399	0.0425437405	-0.0734949219	0.0408346908	-0.0283754816	0.0015521213	0.0503359033	-0.010768565	-0.0671852839	-0.0111261649	0.0307267268	-0.0261940011	-0.0507437898	-0.0122233064	0.07188547	0.1198913924	0.0244427219	0.0197239055	0.0192109403	0.0667195442	-0.0126833731	0.0247074904	-0.0278419083	0.0322435913	0.0730260026	-0.0426575536	0.0816941157	-0.0155290232	0.0057874151	-0.0038837104	0.0048741613	0.0224635881	-0.0189393654	-0.0959209828	0.0157736317	0.032033744	-0.0044174196	0.018793151	-0.0877797524	0.0601494843	0.0409602295	-0.0672221589	0.025215951	0.0424879019	-0.0297521885	-0.0675637473	-0.0269839112	-0.0290371122	0.0762748034	0.0210599263	0.0095408427	0.0057566594	-0.0755688824	0.0338271112	0.0195636596	-0.0662173176	0.0900678015	-0.0829017503	0.1975298649532106	-3.240482743649409e-05	0.0390180475484336	1.0500728411889602e-09	0.2047945143330309	0.0184180615669332	0.0419407931009019	0.0003392249918833	0.4574504021573631	-0.0385532154545273	0.0014863504218832	0.2092608704339332	-0.0124972491719643	-0.0004359849098748	0.0001561812368661	1.9008284163853825e-07	-0.0070487646850241	-3.962115178299946e-05	1.5698356686114814e-09	4.96850835848429e-05	0.0082114779143222	-3.274129843340058e-05	1.071992623104999e-09	6.742836953740125e-05	0.0	0.0	0.0	0.0	0.0	0.0
2247.1501270099416	-0.3104220262398485	5049683.693320797	0.0963618343748531	2687.979503369513	5.940880695372016	7225233.810534615	35.29406343664389	2609.2228886315584	-7.0572190590946775	49.804340848049165	6808044.0825588135	2597.3115750672387	1993.4353846815768	1.034223	22.921427	0.0569038734134186	0.0279359003126382	-0.0142403898	2.88657e-05	-0.069241356	-0.0751748716	0.0547398536	-0.0951683591	0.0351780153	0.0280035479	0.0462868162	0.0346453755	0.0744018311	-0.0121602435	0.0038479538	0.065959195	-0.0559289111	0.0104064507	-0.0113743471	0.0429435458	-0.0146742528	0.069979056	-0.0240750976	-0.0762423286	0.0241567296	-0.0630497332	-0.0615334875	-0.0238639045	-0.0230435065	-0.0248147829	0.0534357529	0.0006318992	0.0035759226	-0.0001003169	-0.0034011891	0.0185772549	-0.0302550126	0.0981015438	-0.0198183767	-0.018426163	-0.0618458615	-0.004733351	-0.0454344669	0.0236784076	0.0657706295	-0.0083884605	0.0564909001	0.0303688496	0.0731143366	0.0712780149	0.0748742318	-0.0638994826	0.0800337198	0.0892989034	-0.0581098225	-0.0353184553	-0.0762327537	0.0360350191	0.0160479313	-0.0628378881	0.0889023983	-0.0856447597	0.1829920906369579	-0.0145377743162526	0.0334861052356846	0.0002113468820702	0.2071733046355177	0.0023787903024868	0.042920778153601	5.658643303205266e-06	0.4799426088156622	0.022492206658299	0.0005058993603596	0.2303449077567837	-0.0126253833447663	-0.0001281341728019	0.0001594003046023	1.6418366239652447e-08	-0.0071460851690234	-9.73204839993004e-05	9.471276605858086e-09	5.10665332429362e-05	0.0083359253002485	0.0001244473859263	1.548715186388972e-08	6.948765061132306e-05	0.0	0.0	0.0	0.0	0.0	0.0
2243.123698043009	-4.026428966932599	5031603.924722144	16.212130225753917	2680.8148081539243	-7.164695215588836	7186768.035617362	51.33285753228155	2606.279787396072	-2.9431012354862105	8.661844882320459	6792694.330189315	2593.493331558978	2011.787259411421	1.083623	24.016268	0.1034176444837002	0.0485065754722768	-0.0076170538	0.0127939799	0.0518529654	0.0712523945	-0.0687036304	0.0733503666	-0.0018147365	-0.0036715881	-0.0056778706	-0.0068005683	-0.0492689626	0.0346489503	-0.0518790012	-0.0462250807	-0.012147082	0.0160334819	0.0346751362	-0.0196596084	-0.0770433916	0.0617000688	0.0305306064	0.040932023	0.0285125866	0.0634001825	0.0221445602	0.0239117346	0.0043005898	0.0082591211	-0.0174921699	0.0438659623	0.0066458802	0.008870872	-0.0349439975	-0.0070119228	0.0082082359	-0.0796187255	-0.0071308119	0.0207203924	0.0836996134	0.0451920256	0.015089494	-0.0025431099	0.015893389	0.0666692953	0.0642901783	-0.0517059103	0.0493064226	-0.0573826049	0.0671902975	-0.0465972139	0.094188161	0.0260900487	-0.0317561845	0.0292136537	-0.0768835629	0.0382182304	0.0125074584	-0.0592862243	0.0873563013	-0.0878597406	0.2130512214855997	0.0300591308486418	0.045390822976506	0.0009035513473757	0.2016109435337654	-0.0055623611017522	0.0406469725525751	3.093986102628694e-05	0.5037470493840033	0.023804440568341	0.0005666513907716	0.2537610897630894	-0.0127068749595209	-8.14916147546009e-05	0.0001614646712368	6.640883275312287e-09	-0.0074009856030603	-0.0002549004340368	6.497423127219998e-08	5.477458789670583e-05	0.0077924831097407	-0.0005434421905078	2.953294144239164e-07	6.0722793015594095e-05	0.0	0.0	0.0	0.0	0.0	0.0
2244.875044805877	1.751346762868252	5039463.9667921895	3.067215483809105	2673.826059123032	-6.98874903089245	7149345.794445403	48.84261301680016	2604.924115382203	-1.3556720138690252	1.8378466091876984	6785629.646899753	2595.838161581071	2000.614540225169	1.036338	22.9683	0.0909305451794434	0.0432149257098341	-0.0128056077	-0.0097641424	0.0056929842	-0.0856771108	0.0136471701	-0.0823710819	0.0711594573	-0.0545185642	0.0023458384	0.0036711812	0.0531349218	0.0178358655	0.0151967879	-0.0087214941	0.0369381828	-0.0026493419	-0.0147767993	-0.077276796	-0.015721059	0.0463212644	-0.0225389481	-0.0569034251	-0.0213695988	-0.0009190181	0.0010827433	-0.0602483279	-0.0461355728	0.0055090355	-0.021785016	0.0177121816	0.0021598714	0.0070998526	-0.0134701819	0.0226724387	-0.0110719174	0.0637025855	0.0314024862	0.002719878	-0.1006427505	0.0188287257	0.016763136	0.0306964286	-0.0111923641	0.0426860647	0.0025526929	0.0049966554	-0.006471411	-0.0688025371	0.0572347757	0.0404136724	0.0425575337	0.0946642978	-0.022753772	-0.0315013446	-0.0775211985	0.0403752488	0.0089476998	-0.0555720611	0.0854361313	-0.089533037	0.2331565630409215	0.0201053415553217	0.0543619828890552	0.0004042247590561	0.1924510340883074	-0.0091599094454579	0.0370374005216588	8.390394104899064e-05	0.5112707924897819	0.0075237431057786	5.6606710321751545e-05	0.2613978232531296	-0.0124457408722607	0.0002611340872602	0.0001548964658594	6.8191011529218e-08	-0.0080232600301159	-0.0006222744270556	3.8722546256737524e-07	6.43727015108554e-05	0.0075930606025988	-0.0001994225071418	3.9769336354761147e-08	5.765456931473805e-05	0.0	0.0	0.0	0.0	0.0	0.0
2248.6972281877324	3.8221833818552113	5056639.224059191	14.60908580453014	2709.5159874836	35.68992836056805	7341476.886429228	1273.7709863824794	2610.480959271072	5.556843888869025	30.87851400526103	6814610.838716817	2599.6736466204534	2025.227149788278	1.042958	23.115025	0.0806898274346792	0.0446536757350211	-0.0118301838	-0.0017550035	0.032514767	0.0742210022	-0.005035166	0.0656724863	-0.0420496578	0.0399299354	0.0020144665	0.0403955898	0.0371966162	0.0098962697	-0.0163398576	0.0561739879	-0.0158634576	0.0583873202	0.0353953697	0.0743268332	-0.0034984315	-0.0112960374	0.022026482	-0.0316161704	0.0303941078	-0.0437056617	0.012832594	0.1071478646	0.0445512073	-0.0256643298	0.0064514581	0.0005145798	-0.0010518172	0.0002919829	0.0015380255	0.0090872404	-0.0099420155	-0.0630554549	-0.0761994111	-0.0184309159	0.0594271108	-0.0177696898	-0.0666750487	0.0860767688	0.0282031462	0.0309572717	0.0760291003	0.0666782887	0.0064764846	-0.0093657522	0.0873712568	-0.0349260014	-0.0217699842	0.0808282552	0.0568500023	0.0422478424	-0.0781455512	0.042504596	0.0053741445	-0.0517055788	0.0831501106	-0.0906543325	0.233701309864287	0.0005447468233654	0.0546163022322834	2.967491015668027e-07	0.1993077890789862	0.0068567549906787	0.0397235947875536	4.701508900219838e-05	0.508978019338457	-0.0022927731513249	5.256808723436417e-06	0.2590586241696987	-0.0126896357911724	-0.0002438949189116	0.0001610268565126	5.9484731470944684e-08	-0.0073292104214182	0.0006940496086977	4.817048593334308e-07	5.3717325401425146e-05	0.0080750271243756	0.0004819665217768	2.322917281136267e-07	6.520606305940168e-05	0.0	0.0	0.0	0.0	0.0	0.0
2250.466630469275	1.7694022815426251	5064600.054855732	3.130784433928248	2683.0870612923427	-26.428926191257236	7198956.17847438	698.4881396229225	2609.1325190832854	-1.348440187786764	1.8182909400384035	6807572.502137891	2597.8054557425075	1987.316157206551	1.035793	22.956228	0.0406697038909333	0.0264603297455052	-0.0103582957	-0.0175384587	0.0156375051	-0.0898139631	-0.0126881633	-0.076058657	0.0387453307	-0.0201375932	0.0558173676	-0.0503450999	-0.0127071154	0.040877397	0.0688688555	-0.0749954814	0.0178392436	-0.0543994121	-0.0234234301	-0.018350756	0.004980291	-0.0303698979	-0.0175950269	0.0008159016	-0.0781726233	0.0728709863	-0.0072250588	-0.0636143303	-0.0273542726	0.0101304743	0.0026774925	-0.0161015712	0.0056150048	0.0054663341	-0.0184922636	0.0179571957	0.0073470908	0.0351447018	0.0650651595	0.0441234311	-0.1062535691	0.0552021786	0.0084461753	0.0171872537	0.0010798889	0.0102771347	0.0637590153	-0.0605739084	-0.0009448229	-0.0551874453	0.0764681148	-0.0760109758	-0.0316526707	0.0023462152	-0.0275023892	0.0663344572	-0.0787565141	0.0446048127	0.0017923027	-0.047697375	0.0805080284	-0.0912167139	0.2338938163626238	0.0001925064983367	0.0547063173326727	3.70587519018954e-08	0.1983289553240723	-0.0009788337549138	0.0393343745199378	9.581155197588323e-07	0.4917322592042694	-0.0172457601341876	0.0002974162426059	0.2418006147421347	-0.0123596851856427	0.0003299506055297	0.0001527618178881	1.0886740208941573e-07	-0.0074373266350127	-0.0001081162135944	1.1689115642011512e-08	5.531382747586933e-05	0.0080680418734299	-6.985250945701002e-06	4.879373077441674e-11	6.509329967141824e-05	0.0	0.0	0.0	0.0	0.0	0.0
2252.8666387961	2.400008326824718	5075408.092200437	5.760039968827983	2712.097095285664	29.010033993321485	7355470.654256937	841.5820722936681	2615.0612776170083	5.928758533722885	35.15017775119193	6838545.485691899	2603.547119140625	2021.83397126745	1.05007	23.27264	0.1191800755238827	0.0655232658042084	-0.0119046305	0.0390757843	-0.0603355371	0.0495034438	0.0805502804	0.0646094526	-0.0125667477	0.0500529369	-0.0450913823	0.0243064844	-0.0233366551	-0.032963383	-0.0425137607	0.0320202263	0.0420468743	0.0215756925	-0.0122288212	0.0156251384	0.0412004044	-0.153934717	0.0123727672	0.0195376239	0.037618484	-0.0379660224	0.0478726517	0.0655345839	-0.0076570437	0.0024963472	-0.0314740217	-0.0493897409	0.0134738405	0.0052467814	-0.0103477351	0.0480936834	0.0058365585	0.0454134315	-0.0707880926	-0.0460165752	0.1034660057	0.0100602309	-0.078011767	-0.0014551627	-0.0394907265	-0.0523440301	-0.0653743261	-0.0711811193	-0.0070009219	-0.035769352	-0.0084228321	-0.0144853644	-0.0186621029	0.0243548501	-0.057629312	-0.0156580171	-0.0793539824	0.0466744595	-0.0017923027	-0.0435584361	0.0775211985	-0.0912167139	0.2107282637467733	-0.0231655526158504	0.0444064011417296	0.0005366428279977	0.2074081105427581	0.0090791552186857	0.0430181243189169	8.243105948498955e-05	0.4368895544208229	-0.0548427047834464	0.0030077222679642	0.1908724827620251	-0.0120187140614213	0.0003409711242213	0.0001444494876902	1.1626130755280505e-07	-0.0073522305242317	8.509611078099961e-05	7.241348070052158e-09	5.405529368144434e-05	0.0082838278965455	0.0002157860231156	4.6563607772046487e-08	6.862180461958544e-05	0.0	0.0	0.0	0.0	0.0	0.0
2244.485867759994	-8.38077103610567	5037716.810574334	70.23732315962772	2699.615272580212	-12.481822705452032	7287922.619948333	155.79589805033788	2603.7520264791788	-11.309251137829506	127.89916129849796	6779524.61539443	2596.59559406218	2010.027077346552	1.023382	22.681156	0.1003459661224269	0.0625093788928143	-0.0118537416	0.0166218964	-0.0608983109	-0.0583635394	0.0955011731	-0.0507288665	0.0188608301	-0.0540084967	0.0151416469	-0.1243540202	0.0263848722	0.0591246285	-0.0064035809	-0.0628607831	0.0578754494	0.0182136893	0.081584243	-0.0440350771	0.0791581023	0.040320542	-0.0221890422	-0.0306621877	-0.0340432648	0.0700368228	0.0803221362	-0.0845068116	-0.0261380904	-0.1009909011	-0.0127766807	-0.0252261866	0.0075199224	0.0020727655	-0.0011968555	0.0207903939	-0.001854966	-0.0125212187	0.0425561053	0.0291982919	-0.0876140921	0.0204537299	-0.0977788052	-0.0834547638	-0.0715293886	0.007696659	-0.0268014215	-0.031522115	-0.0001789889	0.1069186965	-0.0669857984	0.0291064055	-0.0392381124	0.0166793189	0.011515483	-0.0012035045	-0.0799378539	0.0487121179	-0.0053741445	-0.0393001065	0.0742024108	-0.0906543325	0.2175195989500196	0.0067913352032462	0.0473147759273773	4.612223384285233e-05	0.1997395661836947	-0.0076685443590633	0.0398958942992505	5.880657258692293e-05	0.4942860986524451	0.0573965442316222	0.0032943632897325	0.2443187473210546	-0.0122444558909333	-0.000225741829512	0.000149926700065	5.095937359142512e-08	-0.0074109354230635	-5.870489883179949e-05	3.446265146851813e-09	5.492196384481737e-05	0.0085691720147716	0.0002853441182261	8.142126580623091e-08	7.343070901874478e-05	0.0	0.0	0.0	0.0	0.0	0.0
2241.837093441577	-2.648774318417054	5025833.5535305785	7.016005389905729	2700.876985739206	1.2617131589936434	7294736.492095698	1.591920095577719	2608.283634290782	4.531607811603408	20.535469358185026	6803143.516909131	2594.1717447249616	2010.626573156138	1.072418	23.767929	0.0905492409320312	0.0520086890766298	-0.0116221256	0.0208556073	0.0628463542	0.0689184126	-0.046509423	0.0647130347	-0.0190067552	0.0328360399	-0.0268426278	0.0324097955	-0.0017209498	0.0122565769	-0.0330232677	0.0157205037	0.0104850297	-0.0579087278	-0.0389734859	0.0505620493	0.0953155622	-0.1128168125	0.0129295131	-0.008042757	0.0459531278	-0.0029130532	0.0090877014	0.0467503194	0.0514350757	0.0581288231	0.0031218336	-0.1373243077	0.0074680054	0.0084874183	-0.0314246187	-0.0024444163	0.0285508586	0.0017701535	-0.0496222243	0.0110637288	0.1087122228	0.0099385978	0.0678020272	0.0679737401	-0.0463627552	0.0525461232	-0.0042182902	-0.0300065222	-0.0167429881	0.1526544832	-0.06113429	-0.0245192679	0.0162979776	-0.0507060562	0.042054823	0.0453216611	-0.0805080284	0.0507163915	-0.0089476998	-0.034934058	0.0705658771	-0.089533037	0.2170064805464875	-0.0005131184035321	0.047091812599173	2.632904960433346e-07	0.1646230634449779	-0.0351165027387168	0.0271007530180092	0.0012331687645983	0.5277162131024724	0.0334301144500273	0.0011175725521419	0.278484401571214	-0.0124005530459686	-0.0001560971550352	0.0001537737158458	2.4366321810114392e-08	-0.0072553602158695	0.0001555752071939	2.4203645093455913e-08	5.264025186202192e-05	0.0084510542702058	-0.0001181177445658	1.3951801581311706e-08	7.142031827796368e-05	0.0	0.0	0.0	0.0	0.0	0.0
2243.503059885228	1.6659664436510866	5033305.9797143815	2.775444191371449	2681.9282636569656	-18.94872208224024	7192739.211402066	359.0540685499788	2607.3770012811783	-0.9066330096038656	0.8219834141033628	6798414.826810029	2593.760144042969	1983.9976735599705	0.997741	22.112875	0.1436290737447265	0.0769213135114894	-0.0147815416	-0.0076094037	0.0670139747	-0.0755678606	-0.0374343947	-0.0349136432	0.0409753208	0.015482237	-0.0383018205	-0.054652473	0.0044237562	0.0252435329	-0.0262068201	0.0027896022	-0.0254888519	-0.0172152806	0.1001783793	0.0420315834	0.0765023752	0.1016452655	0.0161654059	-0.0095711916	0.0300610662	0.0266458662	0.0078342204	-0.0499694843	0.0892303556	-0.0773223233	0.0501445036	7.38868e-05	0.0120697939	-0.0020916911	-0.0210450824	0.0311758489	0.0136115722	-0.0769687966	-0.0120365583	0.0016907478	-0.0940773857	0.0512625196	0.0058510822	-0.0595178703	-0.0512167429	-0.0862859349	-0.1049328429	0.0483643109	-0.0627331934	0.0407825721	-0.0166998407	0.031909409	0.0510885957	-0.0733904335	-0.0194760441	0.0199453037	-0.0810644083	0.0526859066	-0.0125074584	-0.0304722578	0.0666271694	-0.0878597406	0.1949076566698551	-0.0220988238766323	0.0379889946285341	0.0004883580167304	0.1877186777470854	0.0230956143021074	0.035238301975114	0.0005334073999917	0.4766099101172258	-0.0511063029852466	0.0026118542048198	0.22715700642195	-0.0116647738054321	0.0007357792405365	0.0001360669479318	5.413710908044704e-07	-0.0071729743393169	8.238587655260039e-05	6.7874326553403116e-09	5.145156087249871e-05	0.0083226527356801	-0.0001284015345256	1.6486954068554518e-08	6.926654855872345e-05	0.0	0.0	0.0	0.0	0.0	0.0
2245.647816850571	2.144756965342822	5042934.117325735	4.59998244038655	2706.484786870825	24.55652321385924	7325059.901563214	603.0228323528075	2611.506029601491	4.1290283203125	17.048874869942665	6819963.742644942	2600.974004426549	2043.3251431324445	1.011962	22.428047	0.0602100760941599	0.0336173750598426	-0.014437781	0.044543748	-0.0378037362	0.0764906452	0.0849368731	0.0683501875	0.0130372685	-0.0158482815	-0.0688241775	0.0294954533	0.0630657711	-0.006038466	0.0259381575	0.0573381888	0.0046505787	0.1331855252	0.0234921914	0.0308412108	0.0262705249	0.0154729489	-0.0257229533	-0.0534050695	-0.0189844153	-0.0543334212	0.0146374134	0.113930798	-0.0155037865	-0.0901862048	0.0190408628	-0.0052541896	0.013492879	0.0050473951	0.0049282268	0.0508330632	-0.0596702597	0.0670307725	0.0953559038	-0.0523710546	0.0612076455	0.0362108758	-0.0661689009	0.0827534734	-0.064582116	0.0078992326	-0.083171331	0.0203229877	-0.0472190101	0.0697592357	-0.0070026234	0.1036530812	-0.0123681727	-0.0504074105	0.0429968455	-0.0233159148	-0.0816068982	0.0546193134	-0.0160479313	-0.0259269352	0.062403154	-0.0856447597	0.195502758407585	0.0005951017377298	0.0382213285449745	3.541460782491369e-07	0.1831421891073716	-0.0045764886397137	0.0335410614310402	2.094424826942946e-05	0.4646610837969547	-0.0119488263202711	0.000142774450432	0.2159099227953605	-0.0122226550755107	-0.0005578812700786	0.0001493932970949	3.112315115045135e-07	-0.0073242643830704	-0.0001512900437535	2.2888677338935966e-08	5.364484875311362e-05	0.0084752746097769	0.0001526218740968	2.3293436452819624e-08	7.1830279711129e-05	0.0	0.0	0.0	0.0	0.0	0.0
2247.6503152429245	2.002498392353573	5051931.939611618	4.009999811378644	2691.778195446684	-14.706591424140695	7245669.853482207	216.2838313166087	2618.947954370341	7.4419247688501855	55.382244265225886	6858888.387700594	2602.3613239225792	2004.259781984423	0.978909	21.695503	0.0666442614298217	0.0314990384011025	-0.0138654947	-0.0059595035	0.0553422853	0.0379060946	-0.0833445704	0.0202129488	-0.0167389869	0.027870114	-0.0106792292	0.0593473099	-0.05466524	-0.0623290633	-0.0708203066	0.0091113362	-0.1000413203	0.0397621038	0.1494525799	0.0498165351	-0.005964337	-0.022963317	0.0338613802	0.0693161912	0.0937849361	0.0002938646	-0.0461714557	0.0334488428	0.0811597348	-0.1267381341	-0.0219274253	0.0757168369	0.0087919917	-0.0002830043	-0.0097091003	0.0107228528	-0.0200487585	-0.0873096446	-0.0449507312	-0.0432143231	0.0171698585	0.0168758619	-0.0055090516	0.0592306373	-0.0059714624	0.0403249613	0.0460146455	0.0453289405	0.0319621658	0.0522734493	0.0164749815	0.1126338011	-0.0918919269	-0.065993608	0.017278952	-0.0061139913	-0.0821354052	0.0565152869	-0.0195636596	-0.0213105486	0.0579119187	-0.0829017503	0.2133432007696569	0.0178404423620719	0.0455153213146421	0.0003182813836744	0.1878333482550687	0.0046911591476971	0.0352813667167099	2.2006974149022227e-05	0.4850214936280324	0.0203604098310776	0.0004145462884894	0.2352458492811674	-0.012416502351455	-0.0001938472759442	0.0001541695306436	3.7576766391025254e-08	-0.007477304906009	-0.0001530405229386	2.342140166132032e-08	5.591008865742626e-05	0.0083471174068803	-0.0001281572028966	1.6424268654280513e-08	6.96743690042441e-05	0.0	0.0	0.0	0.0	0.0	0.0
2241.7376253072	-5.912689935724757	5025387.580717963	34.95990227602083	2687.9413065437143	-3.836888902969804	7225028.46742393	14.721716453732824	2608.685427604465	-10.262526765875918	105.31945562031964	6805239.660195891	2598.852694552062	1993.6778839111328	1.075904	23.845192	0.1351848733433077	0.077164422940107	-0.0210916231	0.0535987024	-0.0544752964	-0.1039320562	0.0761129125	-0.0726009443	0.0655980446	-0.0399519509	-0.0275850388	-0.0290667069	0.0936566501	0.02606874	0.0628806664	0.007680025	0.0264581233	0.0232881617	-0.0160431457	0.0294793941	0.024792841	0.0377838101	-0.0318695795	-0.0977901996	-0.0551114475	-0.0174313521	0.0043521906	-0.0384106648	-0.0279904813	-0.0188650481	0.0454424135	0.0060846651	0.0213792904	0.0063842496	-0.0523076826	0.048086494	0.0215452155	0.0822075531	0.0472114449	-0.0237406189	-0.0332702211	0.0745678596	0.1003870305	-0.0355550278	-0.1028231854	0.0219088525	-0.0460684451	-0.0520008014	-0.031464155	0.0278355267	0.0599964956	0.0540265122	-0.0886396532	-0.0641829357	-0.0033325461	-0.0092465155	-0.0826498387	0.0583725276	-0.0230492221	-0.0166357513	0.0531726956	-0.0796476241	0.2131435552688714	-0.0001996455007854	0.0454301751526544	3.985832598389097e-08	0.2151919599520084	0.0273586116969397	0.0463075796279867	0.0007484936339839	0.4416292252733598	-0.0433922683546725	0.0018828889529639	0.1950363726155479	-0.0115367620854338	0.0008797402660212	0.0001330968794159	7.739429356590522e-07	-0.0076261225559621	-0.000148817649953	2.2146692937563373e-08	5.815774523855391e-05	0.0080909883670364	-0.0002561290398438	6.5602085051358e-08	6.546409275551835e-05	0.0	0.0	0.0	0.0	0.0	0.0
2245.2441298606773	3.506504553477498	5041121.20267383	12.29557418355843	2679.032042991114	-8.90926355260035	7177212.687373142	79.37497704969302	2611.593778557733	2.9083509532679277	8.458505267374461	6820422.064201457	2598.452420394147	2023.738843723985	1.08395	24.023508	0.1278284621785141	0.0704547663432944	-0.0137736297	0.0579591034	0.0251086138	0.081324557	0.0276853232	0.1056026266	0.0485684934	-0.0302568616	-0.1120886553	0.072869336	-0.0034594723	0.0104077525	-0.0531511699	0.0472296284	0.0629234569	0.0822693261	-0.0028523192	-0.0163911402	0.0549125659	-0.0643182268	0.0312071594	-0.0066042176	0.0441319284	-0.0265631734	0.0779905706	0.0869903641	-0.0014997857	-0.0272468434	-0.0296533918	-0.0409485043	0.0236775435	0.0022436728	-0.0205786153	0.0701108545	0.007545353	-0.0125882482	-0.0533727183	-0.0701001581	0.1236378585	-0.0172092178	-0.0685495754	0.0574460987	-0.0921883871	-0.0781841948	-0.1256084192	0.007002735	-0.061650587	0.0797432702	0.0593566147	-0.0492893062	-0.0901171371	-0.0335791163	-0.0103110116	-0.0061651569	-0.0831501106	0.0601897627	-0.0264992443	-0.0119153566	0.0482057789	-0.0759024438	0.2131897968078817	4.624153901028327e-05	0.0454498894629858	2.1382799300395492e-09	0.2025721998066814	-0.012619760145327	0.041035496134518	0.0001592583461255	0.380928801132228	-0.0607004241411318	0.0036845414909132	0.1451067515320365	-0.0113223777032254	0.0002143843822084	0.0001281962368544	4.5960663334877386e-08	-0.0070006186932765	0.0006255038626856	3.912550822346064e-07	4.9008662088652366e-05	0.0083403408492033	0.0002493524821668	6.217666036279404e-08	6.956128548088922e-05	0.0	0.0	0.0	0.0	0.0	0.0
2244.125986005364	-1.1181438553130647	5036101.441064548	1.250245681174364	2671.198480737118	-7.833562253995751	7135301.323492289	61.36469758722699	2614.372102789923	2.7783242321897887	7.719085539172979	6834941.491846203	2600.7453397156764	1989.7171979560223	1.03511	22.941072	0.2385108461850915	0.1209828820148391	-0.0178133328	-0.0017012136	-0.0345511572	-0.0867621183	0.0104458373	-0.0824250862	0.0234897948	-0.0405428495	-0.0500441831	-0.0264729578	-0.0488751273	-0.0021186213	0.0148468667	-0.0329361495	0.005454318	0.0219736036	0.0689142151	0.0189241182	0.0493926048	0.0419068628	0.0082737104	0.0343400155	-0.0118279878	0.0487009411	-0.0202305425	-0.0860462356	-0.0366648572	-0.1158658314	0.0429482507	0.0007705503	0.0057564648	0.0022076662	-0.0072623978	0.0297832278	-0.0453616745	-0.0067687518	0.0480506723	-0.0220272546	-0.0915108685	0.0510135447	-0.0863487024	-0.0313956809	-0.0278135895	0.0814265674	-0.0164715755	-0.0395571035	0.0034343567	0.1097043748	-0.0204652624	0.0164299633	-0.0972578569	-0.0576627552	-0.0343984103	0.0825052719	-0.0836361352	0.0619657467	-0.0299084066	-0.0071623028	0.0430324377	-0.0716892996	0.2417474412763596	0.0285576444684779	0.0584418253636669	0.0008155390575879	0.2194454593743131	0.0168732595676316	0.0481563096400032	0.0002847068884366	0.4666714689212199	0.0857426677889919	0.0073518050795734	0.2177822599050891	-0.0125698495149922	-0.0012474718117667	0.0001580011168295	1.5561859211527415e-06	-0.0077508754233208	-0.0007502567300443	5.628851609767664e-07	6.00760698278384e-05	0.008489357794592	0.0001490169453886	2.2206050012978712e-08	7.206919576459993e-05	0.0	0.0	0.0	0.0	0.0	0.0
2241.20612598996	-2.9198600154040832	5023004.899174925	8.525582509555534	2678.486225623211	7.287744886092696	7174288.460853274	53.11122552477024	2608.727249005519	-5.644853784403949	31.864374247299587	6805457.859703902	2594.079712714524	1991.5291093669955	0.968744	21.470205	0.0800508036643557	0.0473204122190877	-0.0182783164	0.0585210029	-0.0105209986	0.0255475034	0.0355396465	0.0679931585	0.0487060259	-0.0100595887	-0.0630982132	0.0673760195	0.0141753825	0.0270088047	-0.0312260927	0.0286849642	0.0784384086	-0.0030651122	-0.0348702606	0.0391738272	-0.0071643064	-0.1050288611	0.023862097	-0.021190447	0.0254279324	-0.0126308224	0.0679462389	0.0728874283	-0.002158845	0.0555338941	-0.0028038739	-0.042507662	0.0171720358	0.0075898545	-0.0599172162	0.0268993918	0.0231041422	0.0183468171	-0.0532165761	-0.0480701257	0.1237128153	0.0796581254	0.0788692652	-0.0146030538	-0.0818902906	-0.0113603015	0.0184332171	-0.1442289	0.0250020492	0.0157277618	-0.0396092834	0.0129933953	-0.0223803696	-0.0346570234	-0.0487506939	-0.0328515147	-0.0841078291	0.0636992625	-0.0332714524	-0.0023896175	0.037674825	-0.0670341672	0.2411880386117388	-0.0005594026646208	0.0581716699693776	3.1293134118487053e-07	0.2160184233373741	-0.003427036036939	0.0466639592211649	1.174457599847858e-05	0.4409219985155488	-0.0257494704056711	0.0006630352261725	0.1944122087749456	-0.0119021984211629	0.0006676510938292	0.0001416623272567	4.4575798309145873e-07	-0.0077977685607468	-4.689313742599951e-05	2.198966337653676e-09	6.0805194526971216e-05	0.0081976041347048	-0.0002917536598871	8.51201980575755e-08	6.720071354932924e-05	0.0	0.0	0.0	0.0	0.0	0.0
2246.203831995236	4.997706005276086	5045431.654870084	24.977065315172656	2664.4217007469583	-14.064524876252564	7099142.999411314	197.8108599947272	2614.373100630734	5.645851625215073	31.87564057394368	6834946.709301557	2599.385477034772	1996.496877026167	1.010116	22.387144	0.0740859267229627	0.0385464696250924	-0.0056652923	-0.0229030381	0.0811787681	-0.0125390524	-0.0837957015	-0.0247597251	0.0345424173	-0.0160799137	-0.0271873367	0.0113380694	-0.0997776662	0.0072884557	0.0352445723	-0.0274995723	0.0062466017	-0.0264485995	-0.0476649878	0.0583528505	0.0438831815	0.080682486	0.0381184404	0.0786081992	-0.0242628486	0.0320843586	-0.0198510731	-0.0575895979	0.0047764268	0.0044151984	0.1094860006	-0.0449580055	0.0034200907	0.0053210068	0.0028864229	0.0229258891	-0.0023904093	-0.1021048978	0.0160805342	0.0068093116	-0.0796962445	0.0308207129	-0.07296266	0.0550876807	-0.0233944336	-0.0656951345	0.0038078873	0.0056592399	-0.0191758378	-0.0190020272	-0.0218252472	0.0185946866	0.0689815106	-0.0406657411	-0.0324276491	0.0149042116	-0.0845651116	0.0653891221	-0.036583196	0.0023896175	0.0321558829	-0.0619657467	0.241214570577867	2.6531966128201523e-05	0.0581844690590647	7.039452266280331e-10	0.1967691402784197	-0.0192492830589543	0.0387180945659084	0.0003705348982837	0.4623533411025491	0.0214313425870003	0.0004593024450813	0.2137706120286901	-0.0121503632541529	-0.0002481648329899	0.0001476313272078	6.158578433295386e-08	-0.0075161164225319	0.0002816521382148	7.932792696102508e-08	5.649200607705373e-05	0.0083353625457175	0.0001377584110126	1.897737980474386e-08	6.947826876855011e-05	0.0	0.0	0.0	0.0	0.0	0.0
2245.538526422992	-0.6653055722440513	5042443.273649943	0.4426315044589845	2696.990212010973	32.56851126401489	7273756.203682994	1060.7079259542645	2613.3225002463805	-1.0506003843534018	1.1037611676035155	6829454.490293994	2600.958935546875	2032.088737512808	1.008339	22.347763	0.1697728041546043	0.1086769807734638	-0.0126604941	0.0055596301	-0.0373374041	0.0847484392	0.0129634813	0.0478940303	-0.0023331219	-0.0202765135	-0.0591102157	0.1451742368	0.0631206683	-0.0246605949	0.0257342579	0.0497041388	0.0127157323	0.0836838827	0.0089859411	-0.0568526712	0.0356340782	-0.0467525605	-0.0327023193	-0.039252074	-0.0132903222	-0.0680735	0.0138159253	0.0816899538	-0.0091324555	-0.0316527349	-0.0580378783	-0.0110972653	-0.0081911553	0.0050885979	0.0074071665	-0.0157343965	-0.0234195889	0.0731961966	-0.0145581212	0.0281149266	0.0843329763	0.0071342023	-0.0419505899	0.0868456209	0.0038174766	0.0752831755	0.0834807327	0.0196866486	0.0339548916	0.1073642785	0.0333480327	-0.0587404089	0.1402847652	0.0701049621	-0.068960794	0.0192200903	-0.0850079043	0.0670341672	-0.0398385309	0.0071623028	0.0264992443	-0.0565152869	0.241251748928974	3.717835110700341e-05	0.0582024063612887	1.382229791035621e-09	0.1687980225800629	-0.0279711176983568	0.0284927724269394	0.0007823834252953	0.5517862338672046	0.0894328927646554	0.0079982423082543	0.3044680478853534	-0.0129805702480414	-0.0008302069938885	0.0001684952039643	6.892436527013816e-07	-0.0077033241746504	-0.0001872077521185	3.5046742453261855e-08	5.934120333975327e-05	0.0083645801065202	2.9217560802700937e-05	8.536658592595261e-10	6.996620035839349e-05	0.0	0.0	0.0	0.0	0.0	0.0
2241.963608507812	-3.574917915180322	5026400.821873369	12.78003810027722	2651.973096075859	-45.01711593511436	7032961.302310176	2026.5407271155275	2608.439031478462	-4.883468767918657	23.84826720723697	6803954.1809402965	2592.16244336738	1969.425753033748	1.029701	22.821205	0.186910012481816	0.0987164723270123	-0.0123681197	-0.0313267631	0.0902824266	-0.0596509417	-0.115620431	-0.038728343	0.0744672372	-0.032733009	-0.057546153	0.0264127276	-0.05600764	0.0087714533	-0.0641223533	-0.0105422736	-0.0018409721	-0.072319802	0.0517678957	0.0282299004	-0.0349499161	0.0763627971	0.0363474948	0.0493551844	0.0583278069	0.0430135595	0.0024266515	-0.0826425637	0.050503219	-0.0078871046	0.0436177719	0.0382663802	0.0022264239	-0.001203944	-0.0289611139	-0.0028745054	0.003240691	-0.0777879901	-0.0200812358	-0.0185062184	-0.0789168612	0.0636210819	0.0467761169	0.0166611574	-0.005008047	0.0163253868	0.0130516988	-0.0331442511	0.0078534153	-0.074172636	0.0777287532	-0.0123060962	0.1350721577	0.0004783409	-0.1001825866	0.1214244319	-0.0854361313	0.0686332704	-0.0430324377	0.0119153566	0.0207291319	-0.0507163915	0.2326333930810022	-0.0086183558479717	0.05411829557638	7.42760575222697e-05	0.2040874079148125	0.0352893853347495	0.041651670069387	0.0012453407173044	0.49868640392922	-0.0530998299379846	0.0028195919394428	0.2486881294638571	-0.0120796999810671	0.0009008702669743	0.0001459191516325	8.115672379183467e-07	-0.0077272127408385	-2.3888566188099564e-05	5.706635945232137e-10	5.970981674217684e-05	0.0074912901124604	-0.0008732899940598	7.62635413724967e-07	5.611942754904695e-05	0.0	0.0	0.0	0.0	0.0	0.0
2253.1999256357617	11.23631712794986	5076909.904885002	126.2548225998594	2698.481640997734	46.508544921875	7281803.166801822	2163.044750750065	2610.1070455848626	1.668014106400733	2.782271059151836	6812658.78941174	2600.10172399302	2029.8269889956607	1.065185	23.607635	0.0901999536113073	0.0462461864219855	-0.0054925055	0.0149859162	-0.0833900653	0.0322134073	0.0653085236	0.0101369672	0.0078779865	0.0013440616	-0.045606589	0.1021584852	0.0521848572	0.0284476785	0.0681994802	0.0224563616	0.0781815425	0.082677634	-0.0145162924	0.0441641087	-0.0012399195	-0.0104902191	-0.0163207186	-0.0480662205	-0.0531759505	-0.0345817333	0.0333487075	0.0539372084	-0.0577569351	-0.0128232227	0.049150371	-0.0159063732	0.0047500584	0.0012795292	0.0088614697	0.0411330882	-0.1047208169	0.0725656142	0.1246599664	-0.0812230734	0.0274116315	0.1108114561	-0.0605164073	0.0864748047	-0.0010324146	0.0088836245	0.044119924	-0.0121283784	-0.0696063107	-0.0615930541	0.0589288355	0.05258099	0.0323908326	-0.0188358964	0.1220845216	0.0387324103	-0.0858497193	0.0701853358	-0.0461599916	0.0166357513	0.0148702542	-0.0446048127	0.2417173045430445	0.0090839114620422	0.0584272553155549	8.251744745022335e-05	0.1946003662290678	-0.0094870416857447	0.0378693025364873	9.000395994705788e-05	0.4565476615053896	-0.0421387424238303	0.0017756736130619	0.2084357672260398	-0.012258868266251	-0.0001791682851838	0.0001502798511692	3.210127441573912e-08	-0.0074416456795087	0.0002855670613297	8.154854651653737e-08	5.5378090419350505e-05	0.0076163599267405	0.0001250698142801	1.5642458444058752e-08	5.800893853365856e-05	0.0	0.0	0.0	0.0	0.0	0.0
2252.0963871037898	-1.1035385319719353	5071938.136805943	1.217797291546774	2684.229466096136	-14.252174901597757	7205087.826658748	203.12448942573295	2614.8264165755804	4.7193709907178345	22.27246254802904	6837317.188821491	2600.526012183017	2004.829951852267	1.041847	23.090391	0.107538206500803	0.0459355847386265	-0.0016182287	-0.007232701	0.0765647943	0.0107789243	-0.0836395419	0.012832677	0.0237390398	0.0068635146	0.0249102911	0.0610364004	-0.049125094	-0.0056234788	-0.0475051293	0.045412364	-0.0435657611	-0.0179939992	0.0088121596	0.0276557122	0.0559400231	-0.0292106853	0.0534629148	0.0322534412	0.0586820448	-0.0205632668	-0.0268025406	0.0078993128	0.0529291731	-0.0193236936	-0.0069927213	-0.014803785	0.0086475997	0.0022916232	-0.0148141755	0.011049533	-0.0127083011	-0.0876650885	-0.0555568439	-0.0510600667	-0.0166487008	0.0117940376	0.0041174824	0.0827040455	0.040455874	0.0145542106	0.0894382819	0.0262983188	0.0379357445	-0.035185378	0.1177229417	-0.0211543716	-0.0415959211	0.0414351805	-0.0010325671	0.0074306585	-0.0862485974	0.0716892996	-0.0492163702	0.0213105486	0.0089476998	-0.0382182304	0.2189718990297535	-0.0227454055132909	0.0479486925646965	0.000517353471964	0.2115650570217582	0.0169646907926904	0.0447597733526198	0.0002878007336915	0.440178506680958	-0.0163691548244316	0.0002679492296662	0.1937571177438781	-0.0123786288467476	-0.0001197605804966	0.0001532304521255	1.4342596640882715e-08	-0.0071670258504055	0.0002746198291032	7.5416050536671e-08	5.136625954038068e-05	0.0082511586245485	0.0006347986978079	4.029693867387319e-07	6.808161864746109e-05	0.0	0.0	0.0	0.0	0.0	0.0
2254.7556031661284	2.6592160623386008	5083922.830009052	7.071430066199613	2672.27238545891	-11.957080637226229	7141039.702086252	142.97177736513035	2618.41580620162	3.5893896260395195	12.883717887520122	6856101.334166479	2603.9666475890112	2004.9157443687564	0.930924	20.632008	0.0615147378017173	0.031160712404068	-0.0046569149	-0.0077234314	0.0404763111	-0.0587503689	-0.0409139927	-0.0436452069	0.0589222261	-0.0140796706	-0.0454484725	-0.0700711266	-0.0517533974	0.0040236592	0.0923433757	-0.0509137304	0.0248982004	-0.0335330456	-0.0159585386	0.0016198427	0.0278806159	-0.0478771392	0.0045962064	0.0407343457	-0.0956551483	0.0312220771	-0.0194643015	-0.0388112988	0.0134182969	0.0016762599	0.0375385876	-0.0104062665	0.0075139504	-0.000159119	-0.0181576325	0.0309523595	-0.0196000058	0.0132012215	0.0921989879	0.0242617492	-0.0759724618	0.0322146678	0.0052814476	0.0384712145	0.0067663152	-0.0583426959	0.0306985627	-0.023534946	0.042397373	-0.1247719537	0.0658441172	-0.1243543338	-0.0543518645	-0.0061156146	-0.0700806102	0.1135936517	-0.0866326972	0.0731441312	-0.0521968607	0.0259269352	0.00298683	-0.0315960199	0.2369357492085697	0.0179638501788161	0.0561385492530262	0.0003226999132469	0.2334065648990702	0.0218415078773119	0.0544786245379838	0.0004770514663546	0.4317615518747288	-0.0084169548062291	7.084512821010435e-05	0.1864180376772741	-0.0124045330765946	-2.590422984699928e-05	0.0001538724408483	6.710291239661681e-10	-0.0072250024003095	-5.797654990400032e-05	3.3612803387710396e-09	5.220065968447804e-05	0.0080691909055123	-0.0001819677190362	3.311225077123752e-08	6.51118418696024e-05	0.0	0.0	0.0	0.0	0.0	0.0
2244.000948597406	-10.754654568722344	5035540.257306058	115.6625948925404	2725.9306566078244	53.65827114891454	7430697.944634365	2879.2100626904344	2603.931042032504	-14.484764169115806	209.80839303490112	6780456.871660483	2595.1236354139983	2041.69968631932	1.098569	24.347511	0.1359452236274739	0.0691774906940069	-0.00251198	0.0308117008	0.0273964558	0.0948080825	0.0333879344	0.1016073064	-0.0359231826	0.0109169486	-0.0048646742	0.0683570349	0.0260999775	0.0379247663	-0.0750933425	0.027719117	0.0071927705	-0.0135548925	-0.0283684841	-0.0057742679	0.0372859297	-0.0361890074	0.0213414722	-0.0385992333	0.0670600553	-0.0190566951	0.0466244524	0.0427516213	0.0201297873	0.0438767269	-0.0323457565	-0.0663948226	0.0070584744	0.0033067243	-0.0230014313	-0.011219217	0.0061965984	-0.0344007226	-0.0615807712	-0.0297396567	0.1156318467	-0.0117967532	0.0486582913	0.0451770457	-0.0483439924	0.0485680203	-0.0068433157	-0.0895844023	0.0082783567	-0.0781883371	-0.0327138942	-0.0091853683	0.0413882551	0.1185245476	-0.1007834642	-0.0122009498	-0.0870019529	0.0745488335	-0.0550968674	0.0304722578	-0.00298683	-0.0247790096	0.2198472141183316	-0.017088535090238	0.0483327975555915	0.0002920180315302	0.2038968720549832	-0.029509692844087	0.0415739344338061	0.0008708219717523	0.4890936617467076	0.0573321098719787	0.0032869708223726	0.2392126099608028	-0.0120476559516983	0.0003568771248963	0.0001451460139304	1.273612822742494e-07	-0.0069440447197968	0.0002809576805127	7.893721823907646e-08	4.821975707053782e-05	0.0080716538165267	2.46291101440102e-06	6.0659306648578615e-12	6.515159533385005e-05	0.0	0.0	0.0	0.0	0.0	0.0
2245.751499815211	1.7505512178049685	5043399.79892227	3.064429566158458	2677.393305887703	-48.5373507201216	7168434.914412282	2355.8744149280883	2608.3671891798667	4.43614714736259	19.679401513053243	6803579.393590079	2596.4044015352843	2004.3344338338884	1.081037	23.958954	0.0754569227759651	0.0463183829956333	-0.0093529024	-0.0114003866	0.0389964418	-0.0648488653	-0.0476649311	-0.055774977	0.0542109902	-0.0190784793	-0.0170063736	-0.063222242	-0.0050854083	0.0216951348	0.0306525085	-0.0668656868	-0.0069765504	0.0180590881	0.0616426515	-0.0409713631	0.0392687857	0.0504339401	-0.0116939506	0.0041589112	-0.045255743	0.0652184443	-0.0072432759	-0.0611375629	-0.0133212456	-0.0729345004	-0.0208871266	0.0055595389	0.0078382237	-0.0024083372	0.0126434702	0.0218875098	-0.0154363308	-0.0398477667	0.0431539683	0.0090951685	-0.1167209745	0.0031664669	-0.083350934	-0.0147904567	-0.0230524113	-0.0116460153	-0.0221809805	-0.0108488756	0.0618321519	0.0172946211	-0.0352118662	-0.0751145996	-0.0085830021	0.082624037	0.0387210366	0.0029241142	-0.0873563013	0.0759024438	-0.0579119187	0.034934058	-0.0089476998	-0.0178092284	0.2264388311383953	0.0065916170200636	0.0512745442473227	4.344941493919338e-05	0.2043197352443115	0.0004228631893282	0.0417465542103055	1.7881327688890049e-07	0.4458252572366845	-0.0432684045100231	0.0018721548288429	0.1987601599901559	-0.01235854676499	-0.0003108908132917	0.0001527336781424	9.665309778917516e-08	-0.0069359512122861	8.093507510699947e-06	6.550486382575646e-11	4.810741921921303e-05	0.0082561502568553	0.0001844964403285	3.4038936493924384e-08	6.816401706377183e-05	0.0	0.0	0.0	0.0	0.0	0.0
2243.971908879221	-1.7795909359901998	5035409.927839054	3.1669438994584755	2700.102838181357	22.70953229365432	7290555.33675502	515.7228569965284	2606.6772315349053	-1.689957644961396	2.855956841763468	6794766.189402479	2595.054340500128	2030.0711376753009	1.032241	22.877497	0.1083348615940859	0.0567417161454495	-0.010749311	0.0251549347	-0.0038512821	0.0782315759	0.0457105639	0.0474142094	0.0176490624	0.0245183726	-0.1099904765	0.0935741608	0.0480599495	0.0361274756	-0.0075360452	0.0017516099	0.0339748656	-0.0089883226	-0.0395215587	-0.0069116006	0.0750407322	-0.0801872158	-0.0108032458	-0.0475663264	0.0066515802	0.0040452147	0.0394219074	0.0632738748	0.0067382374	0.0345222665	-0.0231354864	-0.1067326153	0.004161565	0.0007828509	-0.004468127	-0.0070455073	-0.0144695799	0.0445737361	-0.0320013209	0.009346511	0.0971551025	-0.0143798543	0.0354181023	0.0586053335	0.0014640241	0.0632300624	0.0606601376	0.0010141325	0.046280344	0.0562660253	-0.0046240124	-0.1021952359	0.0681108625	0.0523558634	0.0708424659	0.061243806	-0.0876956817	0.0772040342	-0.060637674	0.0393001065	-0.0148702542	-0.0107296473	0.2205449186494235	-0.0058939124889718	0.0486400611420808	3.473820442765786e-05	0.1807235961827444	-0.0235961390615671	0.0326610182172236	0.0005567777786128	0.4810438188277715	0.0352185615910869	0.0012403470805451	0.2314031556324058	-0.0128736387179068	-0.0005150919529167	0.0001657305738391	2.653197199596427e-07	-0.0067708395415839	0.0001651116707022	2.7261863802071825e-08	4.584426809787608e-05	0.0084484716022855	0.0001923213454302	3.698749990808253e-08	7.137667241462453e-05	0.0	0.0	0.0	0.0	0.0	0.0
2238.093696212268	-5.878212666953004	5009063.393025091	34.55338415792675	2666.368446408337	-33.73439177301998	7109520.69200201	1138.009188295598	2601.993267654279	-4.683963880626379	21.93951763501253	6770368.9649181925	2588.145572449731	1970.0489817384807	1.046363	23.190477	0.0726658494866749	0.0438800533412799	-0.0069697019	-0.0232328779	0.0873789804	-0.074314986	-0.0856412516	-0.0236826488	0.0559567424	-0.0431671487	-0.0758096675	-0.0363424649	-0.0097557425	0.0700545008	-0.024846665	-0.0611795961	0.0081847908	-0.0260025622	0.0292626132	0.0512613103	-0.0066877405	0.1413425706	0.0065487946	-0.0078523565	0.0147834964	0.0959193342	0.0134785245	-0.0692868363	0.0232749123	-0.0416650366	0.094225753	-0.0076706452	0.0010961833	-0.0044217102	-0.0246722999	-0.013885071	0.0004608901	-0.0828731082	0.001573566	0.0120651546	-0.0748664465	0.0416767036	0.0847695983	-0.0427471485	-0.007523862	-0.0091667829	-0.0472833121	0.0313908445	-0.0463806946	-0.0636513612	0.0174121451	-0.0460801326	0.124037681	0.0293984186	-0.0128907757	0.034992723	-0.0880200359	0.0784527129	-0.0632699305	0.0435584361	-0.0207291319	-0.0035839144	0.2201843400952441	-0.0003605785541793	0.0484811436231781	1.3001689373410442e-07	0.2102253227924819	0.0295017266097375	0.0441946863432032	0.0008703518729556	0.4837422081468645	0.002698389319093	7.28130491739547e-06	0.2340065239428044	-0.0124016451323256	0.0004719935855812	0.0001538008019881	2.227779448297978e-07	-0.0069101441672099	-0.0001393046256259	1.9405778720799906e-08	4.7750092411625e-05	0.0082576667134194	-0.000190804888866	3.6406505615204696e-08	6.818905954991476e-05	0.0	0.0	0.0	0.0	0.0	0.0
2245.943850707632	7.850154495364222	5044263.780531426	61.62492560108711	2701.599772446028	35.231326037690906	7298641.33048043	1241.2463343740772	2610.841474900552	8.848207246272977	78.29077147299763	6816493.207060889	2600.379465171939	2023.6025763339685	1.047899	23.224529	0.1562363598957659	0.082660814981646	-0.009217459	0.0225438984	-0.0892193065	0.0142156822	0.0623315361	-0.0145417241	-0.0148958404	-0.04565939	-0.0703563675	0.0192574607	0.0639880056	-0.0056520365	0.0483906887	0.034692314	0.0237408466	0.0644158978	-0.0089696316	-0.0556722364	-0.0723703388	0.057153095	-0.0455314045	-0.0595817496	-0.0404453929	-0.0484454049	-0.0005563948	0.0101268793	-0.0716761158	-0.0290539285	3.64243e-05	0.043187179	0.0017055682	0.0019059826	0.0240716344	0.0238059573	-0.0215986638	0.1023965047	0.0566143192	0.0295408972	0.0033424614	-0.0237638686	-0.0772390987	0.02180381	-0.0159016043	0.0037439735	-0.0050958458	0.0287931728	0.0095237573	-0.0272564878	0.0345327545	0.0494989015	0.0454349459	0.0688156593	0.0306430481	-0.0478554122	-0.0883293083	0.0796476241	-0.0658046293	0.047697375	-0.0264992443	0.0035839144	0.221609420033559	0.0014250799383148	0.0491107350476103	2.0308528305875814e-06	0.1597993996871025	-0.0504259231053794	0.0255358481403583	0.0025427737210296	0.441526046876298	-0.0422161612705665	0.0017822042724224	0.1949452500702108	-0.0129547751226345	-0.0005531299903089	0.000167826198478	3.0595278617912413e-07	-0.0070043365778895	-9.419241067960046e-05	8.87221022963451e-09	4.906073089636079e-05	0.008853728224061	0.0005960615106416	3.552893244683467e-07	7.838850346553435e-05	0.0	0.0	0.0	0.0	0.0	0.0
2243.0964538223498	-2.847396885282251	5031481.701150401	8.107669022315063	2687.858689169848	-13.741083276180234	7224584.332945853	188.8173696029201	2615.102040142094	4.260565241542281	18.152416177438237	6838758.680355343	2600.08505859375	1981.2354228410568	1.012507	22.440123	0.1199402087844909	0.0836971923397291	-0.0008661368	-0.0402747775	0.0821355328	-0.0130619215	-0.0846667255	-0.0022533511	-0.0160521018	-0.0037596296	-0.0145910092	0.019923089	-0.0630186878	-0.0542664938	-0.0868695368	0.0187120521	-0.1136073353	-0.0081652777	0.1530990821	-0.0086006296	-0.0762609849	-0.0065027573	0.0371485475	0.0762682178	0.1046138927	-0.0009696657	-0.0593326601	0.0020814923	0.0734876983	-0.0829087248	-0.0610295746	0.1032867857	-0.0090104814	0.00059003	0.0031245818	-0.033226955	-0.0056729234	-0.0838811106	-0.0525447306	0.0096217145	-0.0187576182	-0.0046600217	0.0409959206	0.0116944321	0.0113465615	0.0701391787	0.1067744811	0.048280664	0.0130324212	-0.0175256181	0.0248904794	0.0767574347	0.0293554275	0.0083521419	0.02619247	0.0086035118	-0.0886234459	0.0807879487	-0.0682378621	0.0517055788	-0.0321558829	0.0107296473	0.2208944744323133	-0.0007149456012456	0.0487943688347279	5.111472127405565e-07	0.1755574025590363	0.0157580028719337	0.0308204015932755	0.0002483146545118	0.5212675309974344	0.0797414841211364	0.0063587042898414	0.2717198388721612	-0.0130963930878293	-0.0001416179651948	0.0001715155119109	2.0055648065915854e-08	-0.0070752552803308	-7.091870244130011e-05	5.0294623559576675e-09	5.005923728184887e-05	0.0085917493678936	-0.0002619788561674	6.863292107877947e-08	7.381815720070008e-05	0.0	0.0	0.0	0.0	0.0	0.0
2243.592086098696	0.4956322763464413	5033705.4488047	0.2456513533563552	2696.778678136928	8.919988967080371	7272615.238853957	79.56620317283556	2606.991184059633	-8.110856082461396	65.78598639040102	6796403.033764646	2595.417607341829	1985.2048943691568	1.013355	22.458916	0.1172578187500532	0.0750960784707169	-0.0066235351	0.0086872207	-0.0680968759	-0.0833587098	0.0502108963	-0.0618146269	0.0409903108	-0.0145026428	0.0258457887	-0.0549267124	0.0862929335	0.0212934859	0.0494138808	0.0206132228	0.0129519562	0.0424025609	-0.0106211699	-0.0686505051	-0.0246920253	0.097797319	-0.0353972731	-0.092061469	-0.0659938163	-0.0189900366	-0.0076385014	-0.0567336002	-0.0798771326	-0.0182810758	-0.0203153608	0.0707075424	0.0034847518	-0.0016151393	-0.0160702379	-0.0095769034	0.0113266708	0.0887282131	0.0454384002	0.0282370885	-0.0200754714	0.04501692	0.111280064	-0.0624710179	-0.0366941158	0.0267356789	0.0292267327	-0.0216803555	-0.033374227	-0.0598015267	0.0554047519	0.0062650934	-0.001915282	0.0510015447	0.0373671532	0.0031251016	-0.0889023983	0.0818729053	-0.0705658771	0.0555720611	-0.037674825	0.0178092284	0.2208804209342503	-1.4053498062993608e-05	0.0487881603520916	1.9750080780656507e-10	0.183064942692809	0.0075075401337727	0.0335127732431214	5.636315886020814e-05	0.4782450475098869	-0.0430224834875475	0.0018509340854362	0.2287183254677339	-0.0120283719474673	0.001068021140362	0.0001446817317066	1.1406691562601478e-06	-0.0068433912253889	0.0002318640549419	5.3760939974100434e-08	4.683200346372979e-05	0.0085573597305841	-3.4389637309499566e-05	1.1826471542789242e-09	7.32284055586224e-05	0.0	0.0	0.0	0.0	0.0	0.0
2246.644370710429	3.05228461173283	5047410.92844486	9.316441351021032	2709.4303518979605	12.65167376103227	7341012.831785906	160.06484895559245	2612.3475968947105	5.356412835077663	28.691158459784724	6824359.9670015685	2600.0164608814675	2012.155147715084	1.021566	22.640911	0.0975793360887811	0.0523139419291148	0.0025898298	-0.0095506386	0.0465290926	0.0541160928	-0.0530922044	0.0536362269	-0.0349072206	0.0206965977	0.0292335938	0.0302982515	-0.0199543959	-0.018235203	-0.054882854	0.0576096789	0.0085840768	-0.0129186081	-0.0730161581	0.0295688111	0.0552378316	-0.0242586999	0.0345849409	0.0186038631	0.057844269	-0.0600365932	0.0100586548	0.0454402325	0.0014345663	0.051490208	0.0156842368	-0.0725715801	-0.0012044282	-0.0070727878	0.0152712304	0.0097759898	0.0013154149	-0.0314892891	-0.0604986349	-0.0303012947	0.0444852049	-0.0541388364	-0.0247780172	0.0702132754	0.0088137448	-0.0316898084	-0.0509331593	0.0667140539	-0.0513282109	-0.0345358567	0.0128282677	-0.0572756423	-0.01808589	0.0900963813	0.005826929	0.0082520624	-0.0891661178	0.0829017503	-0.0727850846	0.0592862243	-0.0430324377	0.0247790096	0.2102703189799939	-0.0106101019542564	0.0442136070439483	0.0001125742634797	0.1853111777315206	0.0022462350387115	0.0343402325922432	5.04557184913559e-06	0.4320168758652087	-0.0462281716446781	0.0021370438536098	0.1866385810323351	-0.0124689296922996	-0.0004405577448322	0.0001554742076715	1.9409112653172146e-07	-0.0069227365173143	-7.934529192540028e-05	6.295675350726991e-09	4.792428088815693e-05	0.0083073662183191	-0.0002499935122649	6.249675617459069e-08	6.90123334852694e-05	0.0	0.0	0.0	0.0	0.0	0.0
2252.7240376635464	6.079666953117339	5074765.589867151	36.96235026082707	2699.960242351503	-9.47010954645748	7289785.310278786	89.68297482190508	2618.643575405856	6.295978511145677	39.63934541280813	6857294.175014365	2604.051496862193	1993.838521288262	0.988387	21.905563	0.1416286171153247	0.0711104567202438	0.0010473462	-0.044362962	-0.0359579159	-0.0824279018	-0.0001349687	-0.0903197787	-0.0135674083	0.0170046379	0.0919038129	-0.095302274	-0.0617048311	-0.0457266075	0.0513624467	-0.023656901	-0.0310383956	-0.006755107	-0.0202131703	-0.0351974829	0.0643894635	0.0247421601	-0.0080258922	0.0662138183	-0.041459452	0.0128502612	-0.0714470769	-0.067646378	-0.0554215887	-0.0385428074	-0.0035205143	-0.0435971164	-0.009895454	-0.005028525	0.0252414541	-0.019193441	-0.0186236254	-0.0060208582	0.0507218911	0.0519103733	-0.103229222	-0.0028249866	-0.0615710164	-0.0515735708	0.0621931166	0.03034336	0.0546742021	-0.004908107	0.0423620108	-0.0045672159	-0.0277745756	-0.0550121174	-0.0228453437	0.0387935673	0.0186652084	0.0541961287	-0.0894145591	0.0838737786	-0.0748920628	0.0628378881	-0.0482057789	0.0315960199	0.2214633116250581	0.0111929926450642	0.0490459983959376	0.0001252830843524	0.1882726504998118	0.0029614727682912	0.0354465909262242	8.770320957330352e-06	0.474153103903248	0.0421362280380392	0.0017754617132736	0.2248211659410842	-0.0133106975189695	-0.0008417678266699	0.0001771746684415	7.085730740165687e-07	-0.0073388066117012	-0.0004160700943868	1.7311432344312346e-07	5.385808248394925e-05	0.0087562867705409	0.0004489205522217	2.0152966220712565e-07	7.66725580079496e-05	0.0	0.0	0.0	0.0	0.0	0.0
2251.824197370911	-0.8998402926354174	5070712.215865147	0.8097125522501937	2714.040489138538	14.080246787034866	7366015.776683354	198.2533495838057	2611.939355692732	-6.704219713124076	44.94656196184146	6822227.197816565	2600.131990026255	2001.225966956967	0.954123	21.146168	0.0966498547645204	0.0629362959219193	0.0023962859	0.0133703004	-0.0628503122	0.0216187992	0.0450244675	0.0657150596	-0.0330851894	0.0602785949	0.0576625438	-0.0059513408	-1.13728e-05	-0.0084769594	-0.0198881599	0.0402723892	-0.0019239266	0.0095014986	-0.0875581109	0.0494708095	0.0403125752	-0.1249180822	0.0012630097	-0.0003931778	0.0193527843	-0.0350143588	0.0047330204	0.0924236459	-0.0172452363	0.07004886	-0.0113931587	-0.0812514259	-0.0007423435	-0.0004362574	-0.0158936336	-0.019517797	0.0117094566	0.0459122202	-0.0543531011	-0.0207898693	0.1047645325	0.0343255274	0.0682926095	-0.0561028285	0.0134659345	-0.0128280267	0.0382525672	-0.104128415	0.0561111792	-0.0906312291	-0.0503393482	-0.0252436409	0.0142174362	0.0686146747	-0.0015664253	-0.0536831586	-0.0896476797	0.084788324	-0.0768835629	0.0662173176	-0.0531726956	0.0382182304	0.2219539834590165	0.0004906718339584	0.0492635707733253	2.4075884864010004e-07	0.1929754818817173	0.0047028313819054	0.037239536607481	2.2116623006635176e-05	0.4542173549898365	-0.0199357489134114	0.0003974340847385	0.2063134055739631	-0.0122321784774752	0.0010785190414943	0.0001496261903048	1.163203322865786e-06	-0.0071047344349646	0.0002340721767366	5.478978392221024e-08	5.047725139137175e-05	0.0088741076050149	0.0001178208344739	1.3881749036149637e-08	7.874978578538328e-05	0.0	0.0	0.0	0.0	0.0	0.0
2251.8516977092545	0.0275003383435432	5070836.068476052	0.0007562686090093	2680.8291695864145	-33.211319552123314	7186845.036505385	1102.9917463932484	2613.646171359841	1.7068156671089127	2.913219721488443	6831146.309063955	2598.081198770492	2001.8346586133607	1.011194	22.411037	0.0649047190992311	0.03537904774239	0.0091221074	-0.0448698472	0.0644329599	-0.0320284141	-0.0836195249	-0.0369778331	0.0088115485	0.0181426786	0.0377944095	-0.0518824922	-0.0873712653	-0.0086806503	0.0573716953	-0.0488072918	-0.0381321492	-0.0445386679	-0.0441767582	0.0281814684	0.0720729262	0.0574135636	0.0151230673	0.07738056	-0.0424903836	0.044034495	-0.0608600268	-0.0565215721	0.0151659744	0.0066570609	0.0820201644	-0.0443921687	-0.0073356695	-0.0076207723	0.0296252566	-0.0029585404	-0.0044536656	-0.0783733443	0.0175332525	0.0120875565	-0.0985596857	-0.0233893818	-0.0865173197	0.0162540071	0.0375310321	-0.0482088552	-0.0170577021	0.0372404958	-0.0019715159	-0.0558902052	-0.0547324082	-0.0113749533	0.0609547474	-0.0317942821	-0.0113613051	-0.0034577704	-0.0898654396	0.0856447597	-0.0787565141	0.06941525	-0.0579119187	0.0446048127	0.2210917503951179	-0.0008622330638986	0.0488815620927771	7.434458564800128e-07	0.2063093342711255	0.0133338523894082	0.0425635414073949	0.0001777916195425	0.4238061329979672	-0.0304112219918692	0.0009248424230387	0.1796116383666906	-0.0123223276700097	-9.014919253449992e-05	0.000151839759207	8.126876914622339e-09	-0.0070574809082739	4.725352669069944e-05	2.2328957847086444e-09	4.980803677065059e-05	0.008605562091159	-0.0002685455138559	7.21166930121298e-08	7.405569890479285e-05	0.0	0.0	0.0	0.0	0.0	0.0
2250.6023912541914	-1.249306455063106	5065211.123519084	1.5607666186623448	2719.009967833075	38.18079824666029	7393015.205175619	1457.7733547521773	2613.5113794169297	-0.1347919429113062	0.0181688678738048	6830441.730341783	2601.6911725153686	2024.77199421867	1.051665	23.307983	0.1075739652516371	0.057754806934496	0.0028663309	0.006398426	-0.0991145007	0.0295324911	0.0644646891	0.0293156025	-0.0454523317	0.062455711	0.0244256649	0.0256684862	0.0643816833	-0.06635615	0.0259945023	0.0733937254	-0.0628122946	0.0805807407	-0.0065460709	-0.0180667104	-0.0517923495	-0.0121416439	-0.0371913342	-0.0380566889	0.003617965	-0.0926678372	-0.0706470371	0.0876411644	-0.0350286809	0.0031729644	-0.0467495638	0.0556150639	-0.0105382711	0.0002653253	0.0131299375	-0.024612313	-0.0074030605	0.0894667168	-0.0105495538	0.0101151152	0.0492041185	-0.0118114707	-0.0126111149	-0.0052060541	0.0599988486	0.0151502785	0.078144891	0.0023195226	0.068988963	0.0865398761	0.0510750267	-0.0460174833	0.100469922	0.0992851626	-0.0509838318	-0.0798254416	-0.0900678015	0.0864424987	-0.0805080284	0.0724229201	-0.062403154	0.0507163915	0.2226481390140549	0.001556388618937	0.0495721938064219	2.4223455331566367e-06	0.1924308421032492	-0.0138784921678762	0.0370296289925656	0.0001926125448538	0.4651287886194311	0.0413226556214638	0.00170756186761	0.2163447900025794	-0.0125871131436063	-0.0002647854735965	0.0001584354172899	7.011134702777548e-08	-0.0071771377782425	-0.0001196568699685	1.4317766530682416e-08	5.151130668787569e-05	0.009237448324461	0.000631886233302	3.992802118365907e-07	8.533045154708734e-05	0.0	0.0	0.0	0.0	0.0	0.0
2247.963321696062	-2.639069558129449	5053339.095690792	6.964688132645567	2688.4842846120587	-30.525683221016152	7227947.748606013	931.817336109827	2609.471773200079	-4.039606216850643	16.318418387218365	6809342.935127965	2594.7479752337345	2001.4989660044184	1.079947	23.934797	0.1095398711570652	0.066956355447734	0.01287042	-0.0101706187	0.0793280439	0.0100528704	-0.0994310071	0.0062646742	-0.0021224624	-0.025087766	0.0723061878	-0.0418302117	-0.1204009265	0.0172745837	-0.0694638917	-0.0432984358	0.0005195476	-0.062974925	0.0262069593	0.0404379871	-0.0867549481	0.0554942325	0.0715881908	0.0925904865	0.0547241596	0.0569038855	0.0229685737	-0.0316089463	0.0508764271	0.0443606767	0.0728417135	0.0654940353	0.0010012928	-0.0040706072	-0.0253828779	-0.0042850038	0.0296409615	-0.0985401446	-0.0054843714	-0.0042778498	-0.0071257753	0.0177544253	0.09246963	-0.0131969111	0.0403027422	-0.0598174946	-0.0417304081	0.0152009306	0.0177728398	-0.0906757993	0.0144208241	-0.0063678425	0.0852509781	0.022408689	-0.0460117009	-0.0144080568	-0.0902547308	0.0871809944	-0.0821354052	0.075232084	-0.0666271694	0.0565152869	0.2219219601059308	-0.000726178908124	0.0492493563772583	5.273358066043068e-07	0.1969968688293306	0.0045660267260813	0.0388077663285604	2.084860006328954e-05	0.4197929077995113	-0.0453358808199197	0.0020553420897179	0.1762260854387689	-0.0118176555198735	0.0007694576237327	0.0001396569819863	5.920650347205261e-07	-0.0072178647762406	-4.072699799809957e-05	1.658688365937206e-09	5.209757192809476e-05	0.0088693972521331	-0.0003680510723279	1.3546159184171712e-07	7.86662076161462e-05	0.0	0.0	0.0	0.0	0.0	0.0
2255.456350895768	7.493029199706143	5087083.350796054	56.14548658764888	2721.6931776672827	33.20889305522405	7407613.753360631	1102.8305779533084	2611.265708993334	1.7939357932550593	3.218205630321658	6818708.60296446	2601.496946241035	2034.660142341989	1.080562	23.948437	0.1321287310228655	0.0766383393950586	0.0084118671	-0.0058565552	-0.1055339258	0.0070250786	0.078601146	-0.0552593489	-0.0569601936	0.0411646354	0.0639673068	0.0319887466	0.0359157392	-0.0101947137	0.0526125371	0.0198971376	0.0433284242	-0.0272958379	-0.05524291	-0.0242321645	-0.0397030738	0.0513798449	-0.0219715519	-0.0326988813	-0.0438876932	-0.0505840937	-0.0105933488	-0.0580238401	-0.0814885735	0.0534527861	0.0187448108	0.0019864804	-0.0116097195	-0.0008127999	0.0450854459	-0.0190410225	-0.015997373	0.0998854753	0.0688867759	0.0387120065	-0.0183688313	-0.0301502717	-0.0614529212	0.0017309437	0.0432909575	0.0015650208	0.0423349868	0.0411600651	0.0083501127	-0.0794341438	0.0117886984	0.0496548231	0.0043714477	0.0277813816	0.0799716934	0.0185059902	-0.0904261954	0.0878597406	-0.0836361352	0.0778350419	-0.0705658771	0.0619657467	0.2220899857806699	0.0001680256747391	0.0493239617840581	2.8232627371534534e-08	0.1787900130862993	-0.0182068557430312	0.031965868779399	0.0003314895960475	0.4567896506236764	0.036996742824165	0.0013687589795974	0.2086567849169003	-0.0128559230911135	-0.00103826757124	0.0001652747585246	1.077999549488609e-06	-0.0069167477326834	0.0003011170435571	9.067147392062842e-08	4.784139919758096e-05	0.0090651547729545	0.0001957575208213	3.832100695814063e-08	8.217703105761974e-05	0.0	0.0	0.0	0.0	0.0	0.0
2252.9638448241426	-2.4925060716254848	5075846.086084783	6.212586517089906	2711.2206854201454	-10.472492247137325	7350717.605050083	109.67309386635138	2612.7796826843824	1.5139736910482495	2.292116337186261	6826617.670248302	2599.0549470495007	2022.1491547631435	1.052467	23.325758	0.0759613318276579	0.0399602341148893	0.0151533461	-0.0256393425	0.0560159827	0.0581710949	-0.068022757	0.0201079168	-0.0468278252	0.0334360197	0.0833928327	0.0128855435	-0.0064379374	-0.0417924124	-0.051828674	0.0172073361	-0.0621971749	-0.0543618936	0.0110668937	-0.0230946879	0.0030015043	-0.0434570282	0.0061421796	0.0277788826	0.0528370621	-0.0226383449	-0.0305068853	0.0247976546	0.0708719043	0.0427054503	-0.0804785298	0.0031231974	-0.0099766821	-0.000476915	0.0105144294	-0.0369154623	0.0036538676	-0.0866316522	-0.071507722	-0.0200729999	0.0266794334	-0.037159143	0.0240928274	0.0419868314	0.0872476822	0.0319144904	0.0458903124	0.0708401076	-0.0145343249	-0.0100275725	0.0826203585	-0.0356851304	-0.0357383118	0.084781467	0.0588091109	-0.004153285	-0.090582166	0.0884782721	-0.0850079043	0.0802246594	-0.0742024108	0.0670341672	0.2138562712981837	-0.0082337144824862	0.0457345047735623	6.779405417910334e-05	0.1970245738177283	0.018234560731429	0.0388186826880574	0.0003324992050681	0.4493383111937987	-0.0074513394298776	5.552245929924998e-05	0.201904917906495	-0.0127997758723919	5.614721872160104e-05	0.0001638342623834	3.1525101701713067e-09	-0.0066829343945347	0.0002338133381487	5.466867709623845e-08	4.466161212165488e-05	0.0085142809861475	-0.000550873786807	3.034619289910842e-07	7.249298071107284e-05	0.0	0.0	0.0	0.0	0.0	0.0
2249.1839604652214	-3.779884358921208	5058828.488014018	14.287525766817192	2692.608241889313	-18.61244353083248	7250139.144290256	346.4230541884278	2605.969873830813	-6.809808853569393	46.373496622152096	6791078.983313783	2594.5495949667006	2004.2466784868084	1.01939	22.59268	0.1283267576325581	0.0775970367616224	0.0126494252	0.0021226561	-0.0128639565	-0.0874787803	0.0137823291	-0.0740054949	0.0477632716	-0.036080524	0.078136643	-0.0820012127	-0.000350624	0.0491041658	0.0646995413	-0.06951202	0.0296511941	-0.1075343637	-0.0148287642	0.0449068534	-0.0677420709	0.0149116611	-0.0073242626	-0.0192103076	-0.080053637	0.0684850017	0.0082237196	-0.0813119384	0.0156566606	0.0678411615	0.0539729545	0.0424818895	0.0019627687	-0.0039582954	-0.0135641372	0.0028386536	0.025554463	0.0437338569	0.0585926117	0.0246145761	-0.0716384941	0.0272393166	0.0860551189	-0.0634403944	0.007232123	-0.0440384358	-0.0114022319	-0.0268032762	-0.0050252395	-0.0564161493	0.0571720063	-0.059142625	-0.0622485819	0.0062602674	-0.0099259595	0.0186809077	-0.0907226157	0.089036165	-0.0862485974	0.0823943867	-0.0775211985	0.0716892996	0.2209184447307137	0.00706217343253	0.0488049592222374	4.98742935911328e-05	0.2101367942249794	0.0131122204072511	0.0441574722871513	0.0001719303240083	0.4032521946494967	-0.046086116544302	0.0021239301381349	0.1626123324896355	-0.0118096214028236	0.0009901544695682	0.000139467157678	9.8040587360608e-07	-0.0069232607918876	-0.0002403263973529	5.775677726462421e-08	4.793153999248812e-05	0.0085251250641958	1.08440780482999e-05	1.1759402871761974e-10	7.267775736017944e-05	0.0	0.0	0.0	0.0	0.0	0.0
2255.74527199012	6.561311524898429	5088386.732105779	43.050808926764944	2723.582459893845	30.974218004532304	7417901.415841409	959.4021809922932	2609.187383529243	3.217509698430149	10.352368659492068	6807858.802368177	2598.826548692047	2044.4405212402344	1.014311	22.480112	0.0950942273824937	0.0448089105179505	0.0128810575	0.0181183498	-0.0253295459	0.0829242736	0.0753571848	0.048055025	-0.0401115361	0.0421596051	-0.0218173998	0.0755788608	0.0171926289	-0.0151147205	-0.0574196553	0.0349065878	0.0384266196	-0.0117351176	-0.0710279206	0.0155203906	-0.0146001388	-0.090856705	0.0020512001	-0.0115914839	0.0533223512	-0.0472030311	0.0433792354	0.0285853001	-0.0334056326	0.0611711324	-0.0143586946	-0.0327407351	-0.0041978861	0.0010454903	0.0274883507	0.0068469103	0.0020549362	0.0534496527	-0.051391374	-0.0398408142	0.0718111612	-0.0740712626	-0.0670802568	-0.0043938509	-0.008006333	-0.0551190683	-0.0644521733	-0.0551136905	0.045927641	-0.0674308658	-0.1104753482	0.0265044131	-0.0247593941	-0.0025965616	-0.0519284809	-0.0228040953	-0.0908475206	0.089533037	-0.0873563013	0.0843382767	-0.0805080284	0.0759024438	0.2423161343978677	0.0213976896671539	0.0587171089895254	0.0004578611230918	0.199739796839367	-0.0103969973856124	0.0398959864414316	0.0001080975546364	0.3819997366707994	-0.0212524579786972	0.0004516669701362	0.1459237988165601	-0.012131524013585	-0.0003219026107614	0.0001471738748921	1.0362129081500568e-07	-0.0073318533083455	-0.0004085925164579	1.6694784450539934e-07	5.375607293509686e-05	0.0086355715839971	0.0001104465198013	1.21984337362192e-08	7.457309658233819e-05	0.0	0.0	0.0	0.0	0.0	0.0
2251.24610232784	-4.499169662279655	5068109.013246292	20.242527649977628	2705.3489505680463	-18.23350932579888	7318912.944339629	332.4608623339946	2615.813346092854	6.625962563610756	43.90337989437122	6842479.461597493	2599.4900784852075	1999.898126270732	1.042429	23.103292	0.1508877714282354	0.0969634478115814	0.016607756	-0.0477330912	0.0597574812	-0.0418931565	-0.0352871247	-0.0373887751	-0.0447589925	0.0339830152	0.0234516116	-0.0904154869	-0.0603070185	-0.0320624426	0.0737819645	-0.0834613035	-0.0830590745	0.0049916799	0.0523995407	0.040357513	0.0676237863	-0.0014777012	-0.0093401942	0.0732192938	-0.0547013048	0.0673469749	-0.0855311422	-0.0225642096	0.0368799947	-0.0824887632	0.0194483216	-0.0425783341	-0.0179096692	-0.0016607623	0.0342648347	-0.0349165704	0.0066255616	-0.0696799763	0.0379728292	0.0458990104	-0.1079848492	-0.0463859353	-0.0385246171	-0.0246470136	0.0129415475	0.0437454301	-0.0301563866	-0.0042423256	0.0191740442	0.0894772824	-0.1297414237	0.0389068567	-0.0305090812	-0.0369241342	0.0225818219	-0.0293471564	-0.0909568593	0.0899685475	-0.0883293083	0.0860510014	-0.0831501106	0.0796476241	0.2472240756845991	0.0049079412867313	0.0611197435981043	2.408788767400255e-05	0.2014146700727366	0.0016748732333696	0.0405678693205093	2.8052003478580142e-06	0.4647041160200089	0.0827043793492094	0.0068400143635379	0.2159499154459379	-0.0128765919430337	-0.0007450679294486	0.0001658066200674	5.551262194929713e-07	-0.0071777400517736	0.0001541132565719	2.375089585119628e-08	5.1519952250834886e-05	0.008968401949155	0.0003328303651578	1.1077605197114085e-07	8.043223352160721e-05	0.0	0.0	0.0	0.0	0.0	0.0
2246.7170447386657	-4.529057589174499	5047737.479119243	20.512362646059128	2720.0674508364145	14.718500268368189	7398766.93709971	216.63425014995445	2604.7198167153456	-11.093529377508276	123.06639404963914	6784565.323589624	2594.8182613185195	2012.945790825516	1.100901	24.399199	0.0942896409332208	0.0483095577945825	0.0060956478	0.0362720289	-0.0806739917	0.0074050042	0.0935649693	0.0281379373	-0.0294283542	0.009116458	-0.0371127798	0.0277865169	0.0909049612	-0.0047487691	-0.0240094178	0.0027225373	0.0003277907	0.0365877025	-0.0170864305	0.0113751713	-0.0609906266	-0.0465726483	-0.0531316285	-0.0751641516	0.0218642985	-0.0275545486	0.0179219799	0.0458283714	-0.0287252664	0.0298380446	-0.0211873029	0.0244224042	-0.0046829213	0.0061060877	-0.0186813357	-0.0289588784	0.0313324478	0.0696239829	-0.041919453	-0.0076736176	0.0837220496	0.0126012028	0.0924173544	-0.0805114501	-0.0114479968	0.0129258251	0.0226870998	-0.0564343312	-0.0044184748	0.1056683122	-0.0557683362	-0.0257149819	-0.0234968551	-0.0779697537	0.0451573201	0.0190987705	-0.0910506129	0.0903423981	-0.0891661178	0.0875278662	-0.0854361313	0.0829017503	0.2222239348951404	-0.0250001407894586	0.0493834772402796	0.0006250070394927	0.1905529951043689	-0.0108616749683677	0.0363104439432456	0.0001179759831184	0.4448957425702744	-0.0198083734497344	0.0003923716587241	0.1979322217571558	-0.0122105588785786	0.000666033064455	0.0001490977481272	4.4360004294745037e-07	-0.0072713142770206	-9.35742252469998e-05	8.756135630576253e-09	5.2872011315203614e-05	0.0089811836939661	1.2781744811099852e-05	1.6337300041607795e-10	8.066166054476256e-05	0.0	0.0	0.0	0.0	0.0	0.0
2248.6371865927144	1.9201418540487796	5056369.196927598	3.686944739669884	2698.235487610329	-21.831963226085463	7280474.746599751	476.634618305148	2609.476629694668	4.756812979322604	22.627269720251984	6809368.280922645	2595.1357205750514	2010.192285706567	1.008902	22.360237	0.0584586538171282	0.0299567856724256	0.0184234842	-0.0274944613	0.0590795056	0.0465380803	-0.0741497141	0.0270511583	-0.02170839	-0.0198205649	-0.0029859716	-0.0200070365	-0.0831807937	-0.0085197771	-0.0445860778	-0.0053457338	-0.0059540968	-0.0796482618	0.0087891804	0.031311844	-0.0569373406	0.0373669467	0.036233408	0.0794757871	0.0319123253	0.0183667819	0.0152911125	-0.0388459432	0.0639262592	0.049317096	0.0404381659	0.0269410311	-0.0108510373	-0.0021983016	0.0229027503	-0.0201595626	0.0228631632	-0.0921735983	0.0006547066	0.0162946445	0.0231147745	-0.0324103539	-0.0251346767	-0.0138578768	-4.5362e-05	-0.0374111932	-0.0726807178	0.0546640297	-0.0554082151	0.0156747766	-0.0959477678	0.0535629044	0.029589047	-0.1241114311	-0.0268532129	-0.0203346321	-0.0911287655	0.0906543325	-0.0898654396	0.0887648233	-0.0873563013	0.0856447597	0.247667521057977	0.0254435861628366	0.0613392009870034	0.0006473760768256	0.1811447614789614	-0.0094082336254074	0.0328134246112698	8.851485995024819e-05	0.4339573621544303	-0.0109383804158441	0.0001196481661217	0.1883189921680313	-0.0120513853460958	0.0001591735324827	0.00014523588876	2.5336213443052823e-08	-0.0072685402797163	2.7739973043000923e-06	7.69506104426418e-12	5.283167779785831e-05	0.0088897621514924	-9.142154247370088e-05	8.357898428270696e-09	7.902787111010676e-05	0.0	0.0	0.0	0.0	0.0	0.0
2254.6290879064977	5.9919013137832735	5083352.3240340855	35.90288135411772	2704.7602529744154	6.524765364086306	7315728.026070223	42.57256305638031	2615.7013269826907	6.224697288022526	38.74685632751499	6841893.431979009	2602.833137687308	2003.9337964667648	0.971162	21.523806	0.1054455705937924	0.048067279236292	0.0118312452	-0.0286103797	-0.0300141323	-0.0782195384	0.0260217027	-0.0887962731	-0.0097172074	-0.0089528731	0.0681034012	-0.0345993151	0.0103333465	-0.0544635911	0.0639027954	-0.0040698021	0.0078484577	-0.0148750797	-0.0503380655	-0.0450565526	-0.0144860329	0.0398186515	-0.0439047725	0.01241376	-0.0504406407	-0.0287885208	-0.0427664354	-0.0530283819	-0.0365578405	0.0183716523	-0.0005717979	0.0055485571	-0.0098807258	-0.0008669396	0.0369607406	-0.0132321722	-0.0002070652	0.0766922819	0.0525591271	0.024297171	-0.0816666003	-0.0730768359	-0.0408941591	0.0116741705	0.0328580437	-0.0121436885	-0.0440938723	0.0313883073	-0.0225019765	0.0466389806	-0.0548469612	0.0803733076	-0.0491697054	-0.0978547208	-0.0245443682	-0.077075516	-0.0911913037	0.090904137	-0.0904261954	0.0897584821	-0.0889023983	0.0878597406	0.2209105984401418	-0.0267569226178352	0.0488014925031815	0.0007159329079768	0.1844706102754685	0.003325848796507	0.0340294060554037	1.106127021722756e-05	0.412846817033305	-0.0211105451211253	0.000445655115311	0.1704424943345312	-0.0123458582147109	-0.000294472868615	0.0001524202150577	8.67142703504052e-08	-0.0075144969631586	-0.0002459566834422	6.049469012993557e-08	5.6467664609319815e-05	0.0083451466223833	-0.000544615529109	2.966060745467834e-07	6.96414721490754e-05	0.0	0.0	0.0	0.0	0.0	0.0
2256.3371847577646	1.7080968512668733	5091057.491320595	2.917594853307807	2719.351101241949	14.590848267533602	7394870.4118258	212.8928531661883	2614.4332857744407	-1.268041208249997	1.6079285058201125	6835261.405765339	2603.216091268571	2028.4337354316085	0.943093	20.901711	0.095594862213136	0.0508536881032478	0.0108836218	0.0049060459	-0.0656408223	0.0543155842	0.057955173	0.0593749623	-0.0718469081	0.0289325247	0.0088675403	-0.0033012524	-0.0239719033	-0.0243010376	-0.0425864702	0.0062764114	0.0128654272	0.0666354233	0.0625279925	-0.022258423	-0.0352626716	-0.0553942801	0.0057844172	0.0443033815	0.0288317108	-0.0121550827	0.0553027357	0.0760741177	-0.0103441109	-0.0327562764	-0.0796614196	0.045555648	-0.0116192845	0.00106144	0.0345008753	-0.0208159731	0.005688375	-0.0116517484	-0.0438641987	-0.0025937605	0.0702746028	-0.0495076424	-0.0864562925	-0.0704119999	0.0093985065	0.0194136694	0.0576422942	0.0373135668	0.0232015659	0.0629309233	-0.0156783182	0.097891408	-0.0996863872	-0.1117616948	0.0624894062	-0.041623687	-0.0912382167	0.0910916402	-0.0908475206	0.0905061192	-0.0900678015	0.089533037	0.2393023682290049	0.0183917697888631	0.0572656234400102	0.0003382571959665	0.1913415029013521	0.0068708926258836	0.0366115707325481	4.72091654764218e-05	0.4168406101934394	0.0039937931601343	1.5950383805936104e-05	0.1737560943064388	-0.0129953526985276	-0.0006494944838167	0.0001688791917591	4.218430845083225e-07	-0.0074547664493136	5.973051384499956e-05	3.567734284187684e-09	5.55735428138117e-05	0.0089626897574867	0.0006175431351033	3.813595237133348e-07	8.032980768895699e-05	0.0	0.0	0.0	0.0	0.0	0.0
2245.916202795179	-10.420981962585756	5044139.5899779145	108.59686506453768	2677.768467095062	-41.5826341468869	7170443.963368638	1729.1154625938448	2602.652125367331	-11.781160407109835	138.79574053805243	6773798.085679085	2587.715126112641	1996.3222126444832	1.06793	23.668459	0.1449199210565229	0.077068724626796	0.0212636951	-0.0040390492	0.0898525639	-0.017512507	-0.0664610541	-0.0179366112	0.0511013639	-0.0726280345	-0.0055750496	-0.0305578796	0.1112782386	0.0376570514	0.0999804803	-0.0335014957	-0.0330983135	-0.0387562557	-0.0145801751	-0.0976955194	-0.0602924319	0.0420326578	-0.0657099225	-0.0924912879	-0.1011151448	0.0275973639	-0.0384076115	-0.0248847775	0.0542840073	0.0468967488	-0.0476112832	0.0668991488	-0.002851346	-0.0002160756	-0.0143536968	-0.0274625624	0.056788509	0.0062136922	0.044280144	0.0344364735	-0.0288184816	-0.0192026784	0.1689678256	0.0134148596	-0.0246813547	0.0350132915	-0.0715922287	-0.0166448345	-0.0659430807	0.0379749309	-0.0071896529	0.0577395948	-0.0799713003	-0.1335256316	-0.0120987743	-0.0215208883	-0.0912694965	0.0912167139	-0.0911287655	0.0910056853	-0.0908475206	0.0906543325	0.220750196968126	-0.0185521712608789	0.0487306494614664	0.0003441830584929	0.19931996036388	0.0079784574625279	0.0397284465994586	6.365578348136712e-05	0.4279925725676605	0.0111519623742211	0.000124366264796	0.1831776421730841	-0.0118045097292923	0.0011908429692353	0.0001393464499489	1.4181069773771472e-06	-0.0070003740371393	0.0004543924121743	2.064724642415793e-07	4.9005236659853975e-05	0.0084631785397184	-0.0004995112177682	2.495114566763693e-07	7.162539099515007e-05	0.0	0.0	0.0	0.0	0.0	0.0
2244.493801772413	-1.4224010227658257	5037752.42619478	2.0232246695652663	2719.8009890490816	42.03252195401956	7397317.420032362	1766.732901815136	2600.5501876971043	-2.1019376702265617	4.418141969517467	6762861.278731445	2592.4569740170336	2041.8914734887296	1.056062	23.405441	0.07352544322423	0.0311979081567545	0.007438868	0.0342911691	-0.0838041736	0.0442944105	0.095683928	0.043187372	-0.0295047447	-0.0069689153	-0.0557434582	0.0209773616	0.0338361655	0.0325789994	-0.1046903277	0.011199632	0.082691926	0.0518812706	-0.005981583	-0.0897357312	0.0299886265	-0.0491215967	0.0153007737	-0.0448100777	0.0676904955	0.0004356491	0.1162334226	0.0269322004	-0.0544739292	0.0179449855	-0.1084545607	-0.0067263701	-0.0073730193	-0.0004131994	0.015320852	-0.0114566003	0.0161742633	0.040561928	-0.0663425168	-0.0364085075	0.0762874837	-0.0588404114	-0.029799887	-0.0976032432	-0.0368209024	0.0094417541	-0.1123016736	0.0599231069	-0.0782667161	0.0812492323	0.0342378131	-0.0298630431	-0.0612400042	-0.0597778075	0.0213251589	-0.035053161	-0.0912851377	0.0912792721	-0.0912694965	0.0912558111	-0.0912382167	0.0912167139	0.2281034789965161	0.00735328202839	0.052031197130314	5.40707565890446e-05	0.1868895447979213	-0.0124304155659586	0.0349277019547742	0.0001545152311424	0.4109539991204443	-0.0170385734472162	0.0002903129851161	0.1688831893930861	-0.0120208440732712	-0.0002163343439788	0.0001445006922338	4.6800548384780815e-08	-0.0072622776815001	-0.0002619036443608	6.859351892946882e-08	5.274067712321447e-05	0.0082073530844048	-0.0002558254553136	6.544666358641102e-08	6.736064465208897e-05	0.0	0.0	0.0	0.0	0.0	0.0
