#!ascii label  , from subject sub-v1s16x0051170_ses-1 vox2ras=TkReg
3434
52734  -12.338  2.548  69.392 0.0000000000
89481  -27.999  8.168  53.280 0.0000000000
52735  -20.524  2.631  68.661 0.0000000000
60547  -16.484  12.896  57.510 0.0000000000
65853  -50.570  19.959  38.799 0.0000000000
99746  -7.364  6.645  60.228 0.0000000000
66854  -8.621  21.015  66.423 0.0000000000
52810  -37.195  3.004  60.632 0.0000000000
57676  -36.727  8.713  59.470 0.0000000000
56165  -31.333  6.157  62.848 0.0000000000
55198  -26.912  5.352  69.904 0.0000000000
102324  -24.394  3.359  61.286 0.0000000000
61559  -50.546  13.388  42.067 0.0000000000
55238  -9.317  5.509  66.730 0.0000000000
59051  -17.412  10.617  65.512 0.0000000000
64199  -11.575  17.536  62.008 0.0000000000
60472  -11.061  12.010  70.004 0.0000000000
59756  -4.212  11.735  67.288 0.0000000000
65072  -43.168  19.297  51.651 0.0000000000
62130  -40.750  14.272  56.216 0.0000000000
50450  -15.049  -0.285  62.968 0.0000000000
48853  -12.762  -2.656  72.048 0.0000000000
47997  -19.217  -3.689  72.310 0.0000000000
58430  -21.022  9.653  52.800 0.0000000000
99308  -21.863  8.594  62.383 0.0000000000
94512  -3.913  7.400  56.237 0.0000000000
99183  -5.958  22.731  62.116 0.0000000000
62818  -4.030  15.394  59.731 0.0000000000
63557  -8.881  16.662  54.800 0.0000000000
52029  -35.552  1.192  63.661 0.0000000000
55274  -36.558  4.460  63.806 0.0000000000
56116  -33.627  6.185  66.351 0.0000000000
101081  -29.995  4.113  68.608 0.0000000000
56920  -29.423  7.062  66.599 0.0000000000
62274  -49.431  14.421  44.476 0.0000000000
92130  -50.043  14.181  47.489 0.0000000000
54325  -10.327  3.815  70.735 0.0000000000
53526  -5.348  3.424  70.070 0.0000000000
51957  -7.638  1.161  68.981 0.0000000000
56112  -14.056  6.624  66.995 0.0000000000
60483  -15.751  12.004  69.286 0.0000000000
56892  -14.017  7.570  70.416 0.0000000000
57627  -12.219  8.386  68.070 0.0000000000
61370  -44.273  14.093  56.791 0.0000000000
59829  -42.279  11.646  59.091 0.0000000000
57701  -32.913  8.028  56.082 0.0000000000
59142  -35.130  11.024  54.536 0.0000000000
59906  -30.678  11.717  53.517 0.0000000000
51193  -18.938  0.664  65.034 0.0000000000
48070  -17.394  -2.717  67.418 0.0000000000
48880  -21.201  -2.223  68.805 0.0000000000
54378  -22.279  4.533  66.529 0.0000000000
95978  -21.641  4.823  61.253 0.0000000000
105731  -19.722  5.921  65.432 0.0000000000
54427  -17.943  4.860  62.651 0.0000000000
96178  -50.934  21.650  35.279 0.0000000000
56190  -3.891  6.684  58.865 0.0000000000
53630  -5.343  3.002  58.377 0.0000000000
65564  -9.653  19.338  64.678 0.0000000000
67957  -11.416  23.386  62.147 0.0000000000
102882  -9.763  25.480  63.665 0.0000000000
69189  -6.562  26.145  64.237 0.0000000000
67454  -6.906  22.697  65.209 0.0000000000
59798  -7.141  11.224  62.698 0.0000000000
61295  -3.204  13.346  63.233 0.0000000000
59076  -4.630  11.312  60.092 0.0000000000
59839  -3.808  11.387  57.351 0.0000000000
106652  -8.196  20.313  55.845 0.0000000000
56958  -40.738  8.029  60.832 0.0000000000
56168  -39.072  6.086  62.175 0.0000000000
56187  -34.550  6.138  60.134 0.0000000000
56216  -29.825  6.140  57.884 0.0000000000
54318  -23.037  4.044  70.305 0.0000000000
49618  -23.817  -1.255  71.335 0.0000000000
54496  -25.889  5.167  57.008 0.0000000000
55320  -27.411  5.483  61.407 0.0000000000
54382  -26.110  4.691  66.323 0.0000000000
97922  -50.960  16.897  40.491 0.0000000000
66402  -49.247  21.847  44.382 0.0000000000
64421  -49.446  17.511  42.920 0.0000000000
56143  -9.566  6.423  63.175 0.0000000000
53576  -5.395  3.322  63.341 0.0000000000
54371  -5.615  3.934  66.540 0.0000000000
59800  -18.305  12.236  62.564 0.0000000000
62811  -13.458  15.648  60.323 0.0000000000
92521  -14.879  13.453  65.006 0.0000000000
62033  -11.542  14.430  66.207 0.0000000000
62757  -8.203  15.359  68.214 0.0000000000
64153  -6.590  16.402  67.587 0.0000000000
101023  -8.533  11.974  69.392 0.0000000000
59049  -10.256  10.716  65.141 0.0000000000
63621  -48.303  15.740  51.053 0.0000000000
62900  -45.724  15.331  53.156 0.0000000000
91515  -43.238  18.055  54.592 0.0000000000
64286  -38.746  17.881  55.602 0.0000000000
59849  -38.393  11.933  57.747 0.0000000000
51991  -12.728  1.434  65.269 0.0000000000
48896  -9.841  -2.010  67.221 0.0000000000
48087  -13.410  -3.168  66.661 0.0000000000
47994  -16.113  -3.110  71.520 0.0000000000
59885  -18.797  11.973  54.938 0.0000000000
54503  -21.945  4.618  55.876 0.0000000000
100301  -20.489  7.758  57.597 0.0000000000
103619  -20.150  11.142  59.475 0.0000000000
58339  -18.778  9.746  62.902 0.0000000000
55278  -14.259  5.709  63.396 0.0000000000
57011  -7.749  7.996  54.733 0.0000000000
67482  -2.889  22.722  58.575 0.0000000000
102026  -6.134  17.236  65.846 0.0000000000
64917  -7.234  18.477  61.819 0.0000000000
65621  -7.539  19.624  59.011 0.0000000000
62839  -6.741  16.117  56.819 0.0000000000
98277  -6.827  11.506  56.562 0.0000000000
52763  -35.219  3.004  65.518 0.0000000000
53547  -33.679  3.734  66.772 0.0000000000
52748  -31.689  3.075  67.401 0.0000000000
55224  -32.388  5.368  67.673 0.0000000000
59965  -50.794  12.445  46.673 0.0000000000
59947  -50.003  11.983  49.150 0.0000000000
52712  -11.644  3.283  71.261 0.0000000000
104212  -9.356  3.403  70.190 0.0000000000
52731  -9.742  2.410  69.377 0.0000000000
54362  -13.437  4.301  68.126 0.0000000000
56898  -14.383  7.597  69.673 0.0000000000
103523  -13.391  4.353  71.188 0.0000000000
55191  -12.732  5.245  70.896 0.0000000000
59121  -41.290  10.742  56.921 0.0000000000
58382  -41.133  9.702  58.197 0.0000000000
57018  -30.705  7.958  54.596 0.0000000000
58424  -31.611  9.518  53.303 0.0000000000
58422  -29.191  9.731  52.745 0.0000000000
51981  -19.615  1.434  66.298 0.0000000000
49657  -20.141  -0.859  66.884 0.0000000000
51171  -21.449  0.379  68.412 0.0000000000
57037  -26.388  7.708  53.468 0.0000000000
89031  -20.971  5.025  68.281 0.0000000000
55255  -21.165  5.868  65.741 0.0000000000
54376  -19.609  4.320  66.888 0.0000000000
53560  -18.901  3.191  64.999 0.0000000000
66489  -50.453  21.042  37.322 0.0000000000
96789  -5.662  6.788  59.502 0.0000000000
54452  -3.602  4.251  59.958 0.0000000000
54446  -5.310  4.598  60.863 0.0000000000
62137  -16.374  14.674  55.311 0.0000000000
62852  -14.886  15.369  56.819 0.0000000000
66211  -9.312  20.611  65.983 0.0000000000
67455  -10.081  22.357  64.848 0.0000000000
67947  -9.063  23.092  64.955 0.0000000000
69191  -8.703  25.967  63.493 0.0000000000
68381  -7.612  23.252  64.979 0.0000000000
68384  -6.754  24.391  64.528 0.0000000000
66856  -7.682  21.233  66.052 0.0000000000
58353  -8.241  9.173  60.658 0.0000000000
59806  -6.368  11.288  61.710 0.0000000000
58363  -6.832  9.068  59.877 0.0000000000
58370  -4.676  9.135  58.777 0.0000000000
54449  -39.347  4.873  61.071 0.0000000000
53603  -38.323  3.775  61.835 0.0000000000
101516  -33.808  5.622  63.662 0.0000000000
55306  -35.865  5.286  62.382 0.0000000000
55324  -32.576  5.482  61.385 0.0000000000
90586  -32.165  5.856  58.933 0.0000000000
56186  -30.760  5.785  60.486 0.0000000000
55187  -24.731  4.663  70.203 0.0000000000
52701  -24.797  1.931  70.909 0.0000000000
55338  -28.731  6.071  60.131 0.0000000000
56173  -29.585  6.053  61.832 0.0000000000
56904  -27.812  6.595  68.067 0.0000000000
56114  -27.774  6.468  66.577 0.0000000000
56092  -26.384  6.184  68.671 0.0000000000
105762  -24.315  4.984  68.962 0.0000000000
62315  -50.901  14.852  41.241 0.0000000000
64422  -52.433  17.352  43.318 0.0000000000
103074  -52.503  15.391  43.792 0.0000000000
61532  -46.320  13.760  43.850 0.0000000000
62302  -46.463  14.534  42.765 0.0000000000
62318  -48.179  14.820  39.564 0.0000000000
55250  -9.139  5.784  65.254 0.0000000000
101948  -7.554  5.096  64.960 0.0000000000
54374  -7.517  4.750  66.983 0.0000000000
51153  -4.141  1.469  70.567 0.0000000000
51947  -3.665  1.585  69.301 0.0000000000
60507  -19.493  12.270  64.584 0.0000000000
60504  -16.117  12.841  63.653 0.0000000000
60496  -17.615  12.468  66.005 0.0000000000
60474  -13.343  12.140  69.839 0.0000000000
61271  -13.622  13.167  68.193 0.0000000000
61269  -11.134  13.274  68.383 0.0000000000
62026  -9.882  14.587  66.893 0.0000000000
61267  -9.466  13.549  68.696 0.0000000000
61260  -8.301  13.556  69.342 0.0000000000
60471  -9.650  12.051  70.013 0.0000000000
56100  -11.529  6.866  67.412 0.0000000000
58320  -11.362  9.629  66.398 0.0000000000
56924  -11.091  7.657  65.449 0.0000000000
57644  -10.992  8.688  64.175 0.0000000000
62191  -45.132  14.477  52.081 0.0000000000
62177  -44.185  14.431  53.532 0.0000000000
62848  -43.332  15.280  57.627 0.0000000000
63556  -44.371  15.954  56.401 0.0000000000
62879  -42.390  16.008  55.893 0.0000000000
89473  -40.690  18.430  54.606 0.0000000000
63587  -40.109  16.264  54.566 0.0000000000
57668  -38.270  8.796  60.855 0.0000000000
59095  -39.163  10.731  59.949 0.0000000000
58373  -37.035  9.966  58.703 0.0000000000
51216  -13.641  0.936  63.771 0.0000000000
49677  -12.854  -1.420  64.619 0.0000000000
102836  -14.695  -2.351  64.465 0.0000000000
48014  -18.580  -2.936  70.620 0.0000000000
105402  -16.741  -2.859  69.607 0.0000000000
47984  -17.799  -3.699  72.679 0.0000000000
48017  -24.166  -3.411  70.732 0.0000000000
48001  -23.429  -3.374  71.418 0.0000000000
59148  -19.703  11.271  53.889 0.0000000000
53637  -25.004  4.049  58.997 0.0000000000
54494  -24.225  4.448  56.515 0.0000000000
104058  -23.193  3.485  58.670 0.0000000000
106154  -21.893  6.643  62.132 0.0000000000
56195  -21.322  6.446  59.703 0.0000000000
98672  -21.963  8.030  60.624 0.0000000000
106816  -20.802  9.956  58.854 0.0000000000
59082  -22.079  10.600  61.637 0.0000000000
59803  -20.906  11.521  62.284 0.0000000000
57652  -19.782  8.808  62.439 0.0000000000
52797  -16.633  2.359  62.245 0.0000000000
55316  -16.078  5.390  61.899 0.0000000000
102385  -14.705  2.977  62.648 0.0000000000
53568  -13.544  3.517  64.509 0.0000000000
64353  -45.861  17.463  51.404 0.0000000000
62946  -46.195  15.779  49.593 0.0000000000
56989  -6.571  7.154  55.888 0.0000000000
55385  -6.364  5.764  56.961 0.0000000000
48024  -10.719  -2.880  69.283 0.0000000000
90185  -9.057  -2.310  69.322 0.0000000000
62800  -12.749  16.023  61.474 0.0000000000
64230  -12.438  17.814  59.548 0.0000000000
65592  -11.402  19.361  60.884 0.0000000000
69649  -12.834  27.296  63.005 0.0000000000
68789  -4.758  25.744  62.206 0.0000000000
67965  -4.625  22.642  60.484 0.0000000000
62021  -5.427  14.257  67.221 0.0000000000
64161  -5.875  16.901  66.755 0.0000000000
62030  -4.245  14.407  66.608 0.0000000000
62067  -3.598  14.524  61.640 0.0000000000
63465  -5.744  16.186  62.870 0.0000000000
63490  -6.324  16.535  61.453 0.0000000000
65602  -7.296  19.353  60.686 0.0000000000
64229  -7.105  17.424  59.423 0.0000000000
64248  -7.505  17.515  57.654 0.0000000000
62827  -5.033  15.553  58.320 0.0000000000
58384  -3.485  9.316  56.637 0.0000000000
59853  -4.990  11.127  56.702 0.0000000000
58390  -5.199  9.674  55.858 0.0000000000
58392  -6.614  9.540  55.034 0.0000000000
62135  -9.385  14.294  54.868 0.0000000000
52043  -36.200  1.792  62.769 0.0000000000
52791  -37.729  3.527  62.906 0.0000000000
52777  -36.316  3.268  64.380 0.0000000000
90022  -35.032  5.149  65.423 0.0000000000
56141  -32.534  6.388  64.593 0.0000000000
54333  -28.730  4.227  69.434 0.0000000000
103447  -30.604  6.691  64.599 0.0000000000
56922  -31.438  6.790  66.158 0.0000000000
56095  -29.940  6.363  68.033 0.0000000000
61535  -51.398  13.872  44.201 0.0000000000
60716  -51.188  13.089  45.219 0.0000000000
61506  -49.718  14.257  45.830 0.0000000000
61495  -46.572  13.766  46.260 0.0000000000
55212  -9.588  4.588  69.409 0.0000000000
90485  -7.759  4.416  68.633 0.0000000000
54323  -8.654  4.128  69.865 0.0000000000
103780  -6.902  2.813  69.910 0.0000000000
51154  -5.313  0.433  70.590 0.0000000000
57633  -14.986  8.821  66.614 0.0000000000
106060  -17.206  11.747  67.935 0.0000000000
57630  -15.114  9.179  68.389 0.0000000000
58310  -14.775  9.506  69.861 0.0000000000
91372  -12.972  10.113  69.972 0.0000000000
59031  -11.647  10.643  69.256 0.0000000000
103428  -12.768  8.092  69.329 0.0000000000
56077  -12.042  6.262  69.096 0.0000000000
99431  -43.415  13.822  55.011 0.0000000000
59882  -42.169  12.226  56.173 0.0000000000
60558  -43.193  12.652  57.938 0.0000000000
61341  -41.895  13.459  58.719 0.0000000000
57692  -34.667  8.393  57.487 0.0000000000
58388  -35.486  9.695  56.902 0.0000000000
58395  -33.800  9.313  55.119 0.0000000000
106730  -17.532  -0.071  63.202 0.0000000000
48918  -16.588  -2.460  65.321 0.0000000000
49668  -18.530  -1.552  65.600 0.0000000000
48878  -19.614  -2.535  68.296 0.0000000000
48034  -20.107  -2.990  70.238 0.0000000000
57765  -22.952  8.738  52.595 0.0000000000
53572  -23.536  3.476  63.930 0.0000000000
53599  -22.356  3.658  61.032 0.0000000000
54405  -22.334  4.153  64.181 0.0000000000
55281  -21.542  5.818  64.136 0.0000000000
56147  -20.741  6.751  63.864 0.0000000000
56160  -18.977  7.166  62.827 0.0000000000
55264  -18.875  5.493  64.113 0.0000000000
52788  -18.287  2.229  63.560 0.0000000000
66321  -40.776  20.657  52.942 0.0000000000
56202  -2.646  6.547  57.415 0.0000000000
55372  -4.050  5.077  57.153 0.0000000000
54472  -2.750  4.473  58.079 0.0000000000
52818  -4.242  2.398  59.835 0.0000000000
64901  -10.338  18.478  63.539 0.0000000000
66229  -10.859  20.616  61.772 0.0000000000
66865  -10.590  21.751  63.420 0.0000000000
68786  -11.461  25.381  63.460 0.0000000000
68780  -5.560  25.638  64.176 0.0000000000
67460  -6.390  22.968  63.925 0.0000000000
89228  -5.416  11.433  64.848 0.0000000000
61287  -3.029  12.223  65.327 0.0000000000
59795  -4.479  11.478  63.075 0.0000000000
60514  -3.967  12.069  61.613 0.0000000000
61310  -3.211  13.331  59.654 0.0000000000
62093  -3.531  14.175  58.731 0.0000000000
59089  -3.713  11.152  58.884 0.0000000000
103006  -3.337  8.995  57.323 0.0000000000
65016  -8.600  18.131  55.251 0.0000000000
57678  -40.433  8.260  59.072 0.0000000000
55357  -39.366  6.075  59.295 0.0000000000
56949  -39.773  7.170  61.718 0.0000000000
56954  -37.737  7.335  61.045 0.0000000000
55289  -38.017  4.694  62.676 0.0000000000
56177  -37.031  6.198  61.210 0.0000000000
56969  -35.592  7.464  59.478 0.0000000000
56976  -33.879  7.056  58.156 0.0000000000
56231  -30.915  6.930  56.664 0.0000000000
101743  -28.880  6.535  55.535 0.0000000000
53523  -21.843  3.499  69.924 0.0000000000
51953  -22.241  1.162  69.684 0.0000000000
91683  -23.527  1.886  70.555 0.0000000000
49612  -25.002  -0.987  71.582 0.0000000000
56241  -27.144  6.121  54.782 0.0000000000
55394  -28.077  5.740  56.892 0.0000000000
55351  -26.885  5.302  59.300 0.0000000000
54440  -25.884  4.155  61.412 0.0000000000
56137  -28.812  6.349  63.780 0.0000000000
55282  -26.769  4.952  63.780 0.0000000000
54416  -25.745  3.964  64.117 0.0000000000
54380  -24.074  3.857  66.923 0.0000000000
55219  -22.325  4.910  68.869 0.0000000000
65183  -50.266  18.496  39.250 0.0000000000
66438  -51.008  21.313  41.265 0.0000000000
65805  -51.431  19.294  42.631 0.0000000000
65125  -49.265  19.603  43.638 0.0000000000
62990  -50.565  15.352  43.921 0.0000000000
103460  -46.956  16.996  42.398 0.0000000000
63742  -47.334  16.511  38.216 0.0000000000
55315  -9.127  6.248  61.960 0.0000000000
54435  -6.916  4.791  61.710 0.0000000000
54411  -6.923  4.627  63.549 0.0000000000
53558  -5.562  3.618  65.153 0.0000000000
54343  -5.644  4.010  68.432 0.0000000000
101954  -16.755  12.426  59.913 0.0000000000
62096  -14.658  14.722  58.755 0.0000000000
61312  -15.210  13.354  61.213 0.0000000000
62060  -14.257  14.187  62.237 0.0000000000
62779  -12.642  15.160  63.526 0.0000000000
61279  -15.979  12.643  67.382 0.0000000000
62035  -13.325  14.286  65.693 0.0000000000
62775  -11.606  15.548  64.293 0.0000000000
63456  -9.797  16.267  65.201 0.0000000000
64167  -9.018  17.197  66.131 0.0000000000
64888  -8.536  18.417  67.497 0.0000000000
65552  -7.610  19.035  68.067 0.0000000000
63444  -7.601  15.754  68.229 0.0000000000
61253  -7.019  13.618  68.947 0.0000000000
101547  -6.467  11.761  67.638 0.0000000000
59035  -10.117  11.159  68.488 0.0000000000
59759  -9.122  11.439  67.245 0.0000000000
89229  -6.920  11.597  66.124 0.0000000000
59053  -9.046  11.175  63.829 0.0000000000
58335  -9.973  9.298  62.367 0.0000000000
60638  -48.838  13.124  50.288 0.0000000000
61425  -46.832  14.198  51.437 0.0000000000
105271  -47.294  15.580  52.236 0.0000000000
65054  -45.186  18.313  52.825 0.0000000000
62149  -44.722  14.679  55.592 0.0000000000
64291  -44.646  16.849  54.763 0.0000000000
65690  -43.220  20.269  53.330 0.0000000000
66300  -41.199  20.496  54.351 0.0000000000
58359  -41.207  10.077  60.180 0.0000000000
101709  -40.576  11.768  59.653 0.0000000000
60555  -39.833  12.948  57.106 0.0000000000
59864  -36.626  11.115  56.373 0.0000000000
60582  -37.662  12.395  55.516 0.0000000000
61398  -38.739  14.122  54.690 0.0000000000
90740  -12.520  2.248  67.167 0.0000000000
51186  -10.453  0.500  66.841 0.0000000000
49664  -11.121  -0.434  65.927 0.0000000000
106331  -11.325  -2.820  66.862 0.0000000000
89377  -13.114  -3.075  69.480 0.0000000000
89399  -15.758  -2.825  66.704 0.0000000000
48028  -14.956  -2.958  69.882 0.0000000000
47992  -14.280  -2.829  71.524 0.0000000000
49625  -22.967  -1.295  70.130 0.0000000000
48855  -21.858  -3.749  71.472 0.0000000000
47218  -21.001  -5.016  72.097 0.0000000000
60562  -17.224  12.755  56.104 0.0000000000
55420  -25.189  5.742  54.462 0.0000000000
103645  -22.756  5.935  53.821 0.0000000000
57015  -20.952  7.054  53.968 0.0000000000
54463  -21.614  4.221  58.947 0.0000000000
56228  -20.629  6.418  56.473 0.0000000000
57726  -20.126  8.471  54.745 0.0000000000
58393  -19.757  9.534  56.030 0.0000000000
59843  -18.652  11.388  57.349 0.0000000000
59831  -17.697  11.919  58.678 0.0000000000
59815  -18.271  11.845  60.693 0.0000000000
59062  -20.244  11.936  63.421 0.0000000000
58338  -17.529  9.833  63.643 0.0000000000
98440  -17.432  7.076  62.256 0.0000000000
57649  -15.992  8.207  62.771 0.0000000000
57643  -15.304  8.575  63.982 0.0000000000
89600  -14.054  6.826  64.956 0.0000000000
90324  -13.266  3.992  66.268 0.0000000000
62210  -49.108  15.103  49.818 0.0000000000
62235  -46.069  14.764  48.444 0.0000000000
51176  -8.709  0.084  67.860 0.0000000000
49630  -7.544  -1.254  69.749 0.0000000000
63534  -13.621  17.013  57.860 0.0000000000
67474  -11.602  22.505  60.556 0.0000000000
66201  -5.894  20.072  67.925 0.0000000000
66209  -6.805  19.935  66.251 0.0000000000
65563  -7.159  19.748  64.619 0.0000000000
62772  -4.644  15.270  64.541 0.0000000000
64183  -6.940  17.883  63.626 0.0000000000
66218  -6.794  20.694  61.836 0.0000000000
89070  -6.085  21.282  60.491 0.0000000000
66900  -5.936  21.359  58.559 0.0000000000
65631  -7.992  19.612  57.588 0.0000000000
64249  -8.043  17.906  57.049 0.0000000000
99762  -7.770  15.914  55.905 0.0000000000
61346  -5.082  13.678  57.580 0.0000000000
61357  -6.528  13.550  57.123 0.0000000000
61371  -8.561  13.576  55.859 0.0000000000
59869  -8.466  11.744  55.790 0.0000000000
89722  -33.986  2.663  66.433 0.0000000000
53546  -32.421  3.261  67.305 0.0000000000
59952  -49.159  11.104  47.849 0.0000000000
59946  -48.274  11.032  48.556 0.0000000000
52723  -12.342  3.027  70.701 0.0000000000
93507  -10.673  2.639  69.898 0.0000000000
52733  -11.481  2.256  69.235 0.0000000000
53534  -12.822  2.874  68.756 0.0000000000
54339  -13.616  4.787  70.065 0.0000000000
96705  -12.890  3.201  70.116 0.0000000000
53510  -13.108  3.957  71.998 0.0000000000
57040  -29.526  7.950  53.862 0.0000000000
57750  -30.107  8.476  53.385 0.0000000000
57766  -28.859  8.990  52.835 0.0000000000
58421  -28.360  9.661  52.922 0.0000000000
93385  -28.112  8.901  52.968 0.0000000000
52744  -20.230  2.286  67.909 0.0000000000
51972  -20.454  1.418  67.635 0.0000000000
51962  -20.716  1.792  68.366 0.0000000000
57038  -27.272  7.767  53.432 0.0000000000
53536  -20.187  4.104  68.129 0.0000000000
54363  -19.975  4.646  67.529 0.0000000000
53544  -19.780  3.767  67.512 0.0000000000
103526  -19.519  3.353  66.775 0.0000000000
66477  -50.165  20.195  37.847 0.0000000000
67096  -51.272  21.816  38.682 0.0000000000
66462  -51.071  20.890  39.165 0.0000000000
106919  -48.825  19.417  37.005 0.0000000000
94835  -49.242  19.985  36.659 0.0000000000
55333  -5.902  5.438  60.317 0.0000000000
55334  -7.019  5.733  60.560 0.0000000000
62125  -16.033  14.177  56.036 0.0000000000
62853  -15.367  15.325  55.973 0.0000000000
97872  -15.251  14.522  57.359 0.0000000000
66210  -9.014  20.378  66.675 0.0000000000
66859  -9.459  21.321  65.500 0.0000000000
67450  -8.741  22.464  65.309 0.0000000000
68382  -8.357  23.405  64.908 0.0000000000
67449  -8.193  22.418  65.573 0.0000000000
67945  -7.514  22.935  65.353 0.0000000000
66853  -7.928  20.976  66.906 0.0000000000
56959  -8.011  7.714  60.331 0.0000000000
58352  -7.530  9.349  60.304 0.0000000000
57672  -7.315  8.448  59.991 0.0000000000
57671  -6.327  8.394  59.562 0.0000000000
53610  -37.744  3.458  60.365 0.0000000000
53611  -38.322  3.802  60.509 0.0000000000
52811  -37.870  3.378  61.131 0.0000000000
55303  -32.648  5.767  62.958 0.0000000000
90692  -33.006  5.496  62.186 0.0000000000
55302  -32.047  5.743  62.306 0.0000000000
106500  -31.632  5.579  60.769 0.0000000000
55322  -31.168  5.666  61.000 0.0000000000
55197  -26.012  5.178  70.087 0.0000000000
53516  -25.682  3.524  70.641 0.0000000000
101075  -26.490  3.660  70.459 0.0000000000
56174  -30.354  5.876  61.266 0.0000000000
56164  -30.416  6.146  62.472 0.0000000000
56075  -27.199  5.954  69.494 0.0000000000
56093  -27.131  6.385  68.432 0.0000000000
56074  -26.357  5.828  69.633 0.0000000000
56073  -25.682  5.631  69.652 0.0000000000
62307  -50.471  13.980  41.486 0.0000000000
62309  -52.323  15.095  42.962 0.0000000000
62305  -51.874  14.510  42.946 0.0000000000
61557  -48.942  13.181  41.175 0.0000000000
92664  -9.472  5.845  66.014 0.0000000000
89284  -8.731  5.427  66.102 0.0000000000
55237  -8.414  5.062  66.913 0.0000000000
50398  -4.372  -0.143  70.687 0.0000000000
51152  -3.870  0.551  70.342 0.0000000000
59785  -19.692  11.947  65.418 0.0000000000
99680  -18.579  12.290  65.710 0.0000000000
59779  -19.082  11.924  66.051 0.0000000000
60473  -12.434  12.123  69.962 0.0000000000
60480  -12.594  12.504  69.473 0.0000000000
60479  -11.613  12.312  69.866 0.0000000000
61262  -10.289  13.044  68.966 0.0000000000
61257  -10.351  12.314  69.873 0.0000000000
61256  -9.339  12.433  69.708 0.0000000000
59737  -10.374  11.800  69.997 0.0000000000
56099  -10.849  6.206  67.263 0.0000000000
56916  -11.202  7.289  66.136 0.0000000000
56109  -10.733  6.802  65.826 0.0000000000
56120  -10.498  6.968  65.017 0.0000000000
62182  -42.977  14.062  52.724 0.0000000000
62132  -42.405  15.091  57.206 0.0000000000
62861  -43.011  15.804  56.859 0.0000000000
62878  -41.462  15.600  55.469 0.0000000000
62894  -40.845  15.906  54.805 0.0000000000
95495  -40.661  15.232  55.080 0.0000000000
57677  -37.254  8.685  60.027 0.0000000000
59083  -38.032  9.763  59.983 0.0000000000
58366  -36.935  9.389  59.179 0.0000000000
51217  -14.318  0.053  63.254 0.0000000000
50449  -13.892  -0.656  63.673 0.0000000000
91232  -15.048  -1.080  63.305 0.0000000000
90831  -18.724  -3.196  71.478 0.0000000000
94118  -18.015  -3.049  71.179 0.0000000000
47212  -18.527  -3.892  72.787 0.0000000000
59901  -19.970  11.725  53.391 0.0000000000
59149  -20.175  10.790  53.425 0.0000000000
53619  -25.065  3.769  59.792 0.0000000000
53618  -24.272  3.623  59.163 0.0000000000
53608  -24.237  3.423  59.985 0.0000000000
56171  -22.025  7.388  62.185 0.0000000000
97590  -22.009  7.349  61.189 0.0000000000
99517  -22.336  8.301  61.682 0.0000000000
57665  -22.324  8.922  61.088 0.0000000000
57654  -22.279  9.337  62.209 0.0000000000
58342  -21.957  10.144  62.427 0.0000000000
57653  -21.189  9.250  62.463 0.0000000000
51235  -15.888  1.008  62.471 0.0000000000
52796  -15.773  2.380  62.284 0.0000000000
52022  -14.639  1.588  62.806 0.0000000000
52021  -13.986  1.689  63.341 0.0000000000
64339  -44.322  18.192  51.538 0.0000000000
64352  -44.675  17.481  51.153 0.0000000000
56988  -5.225  7.471  55.941 0.0000000000
56225  -7.052  6.414  56.464 0.0000000000
56214  -5.000  5.811  56.816 0.0000000000
48007  -11.827  -2.863  70.575 0.0000000000
63491  -12.196  16.876  61.567 0.0000000000
64221  -11.837  17.906  60.903 0.0000000000
101325  -11.517  18.289  61.384 0.0000000000
68396  -5.281  24.150  61.911 0.0000000000
68793  -4.104  25.716  61.251 0.0000000000
68399  -4.602  24.310  61.106 0.0000000000
60476  -4.368  12.567  67.215 0.0000000000
62759  -4.844  14.743  66.953 0.0000000000
61275  -3.701  12.666  67.175 0.0000000000
62808  -4.005  15.251  60.831 0.0000000000
62799  -5.021  15.588  61.438 0.0000000000
62809  -4.879  15.693  60.372 0.0000000000
63501  -6.349  16.461  60.528 0.0000000000
63500  -5.704  16.057  59.960 0.0000000000
63511  -5.827  16.107  58.903 0.0000000000
62819  -4.872  15.699  59.284 0.0000000000
56986  -3.122  7.813  56.502 0.0000000000
58385  -4.102  9.518  56.222 0.0000000000
56987  -4.247  8.151  55.999 0.0000000000
98352  -5.349  8.436  55.574 0.0000000000
63575  -9.164  17.341  54.326 0.0000000000
93865  -9.594  17.049  53.833 0.0000000000
63576  -9.410  16.554  54.251 0.0000000000
51228  -35.696  1.233  63.084 0.0000000000
52789  -36.570  2.442  63.759 0.0000000000
52018  -35.903  1.849  64.090 0.0000000000
53549  -34.632  4.384  66.128 0.0000000000
54384  -35.169  4.282  65.595 0.0000000000
56118  -34.559  5.575  65.785 0.0000000000
56142  -33.837  6.134  65.219 0.0000000000
56130  -33.535  6.322  65.740 0.0000000000
54334  -29.348  4.296  69.035 0.0000000000
101452  -29.139  3.666  69.032 0.0000000000
53529  -29.814  3.469  68.448 0.0000000000
56935  -32.122  6.606  65.090 0.0000000000
56915  -32.801  6.359  66.618 0.0000000000
54342  -31.249  4.719  68.251 0.0000000000
56096  -31.264  6.011  68.013 0.0000000000
105653  -30.426  5.340  68.488 0.0000000000
95223  -29.121  5.631  68.859 0.0000000000
60715  -50.356  12.456  44.599 0.0000000000
60699  -50.563  12.423  45.349 0.0000000000
61475  -51.090  13.663  47.501 0.0000000000
61499  -51.336  13.551  46.533 0.0000000000
61497  -49.089  14.223  46.540 0.0000000000
61496  -47.667  13.984  46.387 0.0000000000
54338  -10.276  4.348  70.230 0.0000000000
54347  -8.766  4.386  69.441 0.0000000000
54324  -9.372  3.983  70.189 0.0000000000
52720  -7.746  2.139  69.219 0.0000000000
52721  -8.027  2.885  69.711 0.0000000000
106200  -6.976  1.806  69.352 0.0000000000
51161  -5.591  1.184  70.098 0.0000000000
51162  -6.736  0.902  69.385 0.0000000000
56918  -14.303  7.395  66.488 0.0000000000
99952  -14.924  8.859  67.628 0.0000000000
98166  -14.571  7.987  67.907 0.0000000000
56896  -14.216  7.540  70.280 0.0000000000
57622  -14.532  8.350  70.410 0.0000000000
57619  -14.314  8.578  71.040 0.0000000000
95474  -13.664  10.060  69.965 0.0000000000
57620  -13.438  8.680  70.488 0.0000000000
58307  -12.941  9.373  69.974 0.0000000000
56895  -13.662  8.053  70.496 0.0000000000
55189  -11.267  4.206  71.024 0.0000000000
55203  -12.408  5.824  69.977 0.0000000000
101569  -11.150  4.810  70.083 0.0000000000
55213  -10.692  5.108  69.134 0.0000000000
59111  -42.033  10.760  58.429 0.0000000000
60557  -42.833  12.274  57.617 0.0000000000
59830  -42.655  11.991  58.627 0.0000000000
61342  -42.768  13.586  58.680 0.0000000000
60530  -42.212  12.277  59.056 0.0000000000
57691  -33.979  8.053  57.153 0.0000000000
57703  -34.372  8.695  56.824 0.0000000000
57713  -33.364  8.645  55.597 0.0000000000
98432  -31.313  10.313  52.976 0.0000000000
97476  -32.131  10.232  53.337 0.0000000000
59907  -31.468  11.607  53.388 0.0000000000
60593  -29.649  12.185  54.791 0.0000000000
51203  -18.515  0.201  64.313 0.0000000000
50439  -18.189  -0.688  64.312 0.0000000000
50431  -18.796  -0.285  64.990 0.0000000000
49648  -21.009  -1.096  67.849 0.0000000000
49646  -19.866  -1.678  67.083 0.0000000000
48879  -20.427  -2.403  68.560 0.0000000000
48868  -19.825  -2.736  69.216 0.0000000000
48869  -20.711  -2.703  69.456 0.0000000000
57743  -23.626  8.578  52.848 0.0000000000
53553  -22.872  3.926  65.746 0.0000000000
53571  -22.820  3.671  63.646 0.0000000000
54391  -22.289  4.330  65.080 0.0000000000
55254  -20.594  6.013  65.907 0.0000000000
55266  -21.378  5.858  64.982 0.0000000000
56135  -20.743  6.473  64.635 0.0000000000
56148  -21.261  6.368  63.966 0.0000000000
56134  -19.966  6.531  64.481 0.0000000000
55280  -19.209  6.229  63.996 0.0000000000
55265  -19.434  5.919  64.823 0.0000000000
52767  -18.998  2.235  65.270 0.0000000000
92694  -18.556  3.041  63.999 0.0000000000
52009  -18.436  1.505  63.989 0.0000000000
52023  -17.920  1.414  63.156 0.0000000000
66517  -49.905  20.523  34.441 0.0000000000
56974  -3.030  7.082  58.107 0.0000000000
104060  -2.644  5.715  57.594 0.0000000000
55361  -2.821  5.171  58.743 0.0000000000
54444  -3.387  3.338  60.092 0.0000000000
53615  -3.217  3.243  59.439 0.0000000000
64896  -9.852  18.501  64.321 0.0000000000
97380  -10.282  20.123  63.236 0.0000000000
65565  -9.919  20.167  64.219 0.0000000000
67951  -10.171  23.532  64.532 0.0000000000
67952  -10.550  23.414  64.220 0.0000000000
68782  -11.149  25.678  63.497 0.0000000000
68783  -11.877  26.158  63.532 0.0000000000
69639  -10.760  26.561  63.431 0.0000000000
103794  -10.125  26.606  63.223 0.0000000000
69190  -7.583  25.899  63.739 0.0000000000
69634  -5.607  27.058  64.214 0.0000000000
95621  -6.904  23.264  65.189 0.0000000000
68383  -5.939  25.366  64.473 0.0000000000
101505  -6.765  23.568  64.852 0.0000000000
68389  -6.035  24.337  63.945 0.0000000000
67453  -6.673  23.020  64.745 0.0000000000
59790  -6.471  11.397  63.854 0.0000000000
92006  -4.757  11.429  64.234 0.0000000000
59789  -5.835  11.348  63.338 0.0000000000
59077  -5.564  10.957  60.353 0.0000000000
59804  -4.653  11.699  61.665 0.0000000000
59813  -4.223  11.916  60.783 0.0000000000
60513  -3.603  12.638  61.084 0.0000000000
96127  -3.967  11.814  60.020 0.0000000000
59821  -3.631  11.854  59.382 0.0000000000
104137  -3.974  11.377  59.553 0.0000000000
56963  -4.205  7.697  58.642 0.0000000000
57681  -3.997  8.522  58.356 0.0000000000
90370  -3.308  7.892  58.060 0.0000000000
56973  -2.734  7.607  57.301 0.0000000000
88923  -8.598  20.053  54.501 0.0000000000
89785  -8.516  19.729  55.309 0.0000000000
55369  -38.908  6.090  58.617 0.0000000000
54468  -38.820  5.504  59.003 0.0000000000
93448  -39.692  5.402  61.883 0.0000000000
104811  -40.318  5.918  61.273 0.0000000000
55311  -39.674  6.357  62.028 0.0000000000
56948  -39.112  7.004  61.855 0.0000000000
56179  -38.580  6.537  61.876 0.0000000000
54418  -37.065  4.140  63.541 0.0000000000
54419  -37.744  4.254  63.008 0.0000000000
55288  -37.295  4.602  63.142 0.0000000000
55344  -34.974  5.781  60.869 0.0000000000
55328  -36.399  5.672  61.569 0.0000000000
102857  -35.699  5.916  60.994 0.0000000000
56176  -36.301  6.533  60.725 0.0000000000
56200  -35.171  6.821  59.768 0.0000000000
56211  -34.192  6.808  58.869 0.0000000000
96249  -33.738  6.139  59.462 0.0000000000
56207  -30.856  5.953  58.789 0.0000000000
56219  -32.085  6.479  57.694 0.0000000000
56217  -30.499  6.410  57.373 0.0000000000
56244  -30.209  7.063  56.033 0.0000000000
56230  -29.520  6.220  57.016 0.0000000000
54317  -22.630  3.902  70.220 0.0000000000
52702  -22.611  2.824  70.374 0.0000000000
52703  -23.109  2.680  70.481 0.0000000000
51149  -25.578  0.422  70.818 0.0000000000
51146  -24.954  0.302  71.146 0.0000000000
56229  -28.677  6.139  56.315 0.0000000000
55380  -29.079  5.982  57.726 0.0000000000
92420  -28.041  5.858  60.315 0.0000000000
92419  -27.579  5.613  59.011 0.0000000000
99818  -27.453  5.544  60.564 0.0000000000
54448  -26.299  4.611  60.578 0.0000000000
54441  -26.611  4.873  61.469 0.0000000000
56127  -30.167  6.848  65.199 0.0000000000
101684  -29.290  6.526  64.179 0.0000000000
56126  -28.816  6.589  65.395 0.0000000000
55245  -26.755  5.238  66.098 0.0000000000
55256  -27.109  5.340  65.265 0.0000000000
106758  -26.710  4.908  64.917 0.0000000000
54417  -26.236  4.394  63.727 0.0000000000
54406  -25.769  4.039  64.990 0.0000000000
53565  -25.074  3.783  65.376 0.0000000000
54381  -25.422  4.326  66.668 0.0000000000
55207  -23.347  4.741  69.662 0.0000000000
104308  -23.780  4.895  69.304 0.0000000000
55206  -22.636  4.623  69.537 0.0000000000
55205  -22.147  4.661  69.283 0.0000000000
64458  -50.932  17.600  40.311 0.0000000000
90122  -51.212  18.997  40.526 0.0000000000
98684  -52.050  18.156  42.088 0.0000000000
64398  -51.557  17.863  43.628 0.0000000000
65127  -50.954  18.709  43.518 0.0000000000
96169  -49.345  18.555  43.226 0.0000000000
62275  -50.872  14.412  44.966 0.0000000000
62284  -51.411  14.758  44.589 0.0000000000
91200  -50.041  14.724  44.092 0.0000000000
63015  -47.364  15.677  42.504 0.0000000000
63032  -49.073  15.690  39.597 0.0000000000
63038  -47.671  15.469  38.939 0.0000000000
63732  -48.912  16.379  39.130 0.0000000000
64468  -48.674  17.305  38.635 0.0000000000
56154  -9.584  6.740  62.516 0.0000000000
55291  -8.639  5.566  62.305 0.0000000000
55275  -8.401  5.359  63.680 0.0000000000
54386  -6.387  4.566  66.051 0.0000000000
88822  -6.231  4.525  65.287 0.0000000000
53550  -5.424  3.572  66.027 0.0000000000
93423  -5.233  2.467  65.759 0.0000000000
52753  -4.986  2.958  66.409 0.0000000000
54335  -6.724  3.799  69.548 0.0000000000
54344  -6.425  4.118  68.800 0.0000000000
53532  -5.022  3.699  69.162 0.0000000000
91772  -3.856  2.187  68.657 0.0000000000
60518  -16.599  12.482  60.649 0.0000000000
60517  -15.822  12.911  60.821 0.0000000000
60515  -16.394  12.618  61.494 0.0000000000
61297  -15.493  13.131  63.924 0.0000000000
61299  -14.824  13.679  62.566 0.0000000000
62047  -14.282  14.042  63.814 0.0000000000
62780  -13.174  14.993  62.772 0.0000000000
62046  -13.606  14.404  64.094 0.0000000000
59754  -16.726  11.823  68.417 0.0000000000
60491  -17.044  12.260  67.529 0.0000000000
60490  -16.228  12.326  68.127 0.0000000000
61282  -12.689  13.848  67.338 0.0000000000
61283  -13.211  14.060  66.641 0.0000000000
62034  -12.472  14.387  65.972 0.0000000000
62771  -12.085  15.041  64.706 0.0000000000
62770  -11.300  15.273  64.987 0.0000000000
63457  -10.414  16.274  64.618 0.0000000000
62769  -10.395  15.574  65.220 0.0000000000
62758  -8.768  15.030  67.653 0.0000000000
62765  -9.388  15.461  66.462 0.0000000000
63450  -8.433  16.445  67.311 0.0000000000
64163  -8.564  17.358  66.937 0.0000000000
63448  -8.114  16.200  67.853 0.0000000000
63445  -7.919  16.400  67.729 0.0000000000
102132  -7.906  15.788  68.200 0.0000000000
60469  -8.561  12.418  69.281 0.0000000000
61254  -7.461  13.844  69.323 0.0000000000
98727  -7.571  13.190  69.116 0.0000000000
59734  -7.018  12.536  67.772 0.0000000000
59745  -7.848  12.083  68.555 0.0000000000
58315  -12.332  9.112  68.607 0.0000000000
103105  -11.077  10.812  69.045 0.0000000000
59042  -11.302  10.155  67.790 0.0000000000
58319  -11.125  9.733  65.672 0.0000000000
59040  -10.008  11.004  66.822 0.0000000000
59768  -9.403  11.281  66.226 0.0000000000
59767  -8.541  11.530  66.489 0.0000000000
59777  -8.750  11.435  65.610 0.0000000000
89900  -7.976  11.493  64.991 0.0000000000
59054  -9.917  10.839  64.408 0.0000000000
56155  -10.112  7.140  63.211 0.0000000000
58336  -10.477  9.130  62.948 0.0000000000
56940  -9.926  7.673  62.393 0.0000000000
96475  -9.511  7.853  61.721 0.0000000000
62903  -46.155  15.092  52.633 0.0000000000
62186  -47.008  15.197  52.249 0.0000000000
62904  -46.763  15.685  52.653 0.0000000000
64327  -46.675  17.181  52.438 0.0000000000
63597  -45.717  16.435  53.666 0.0000000000
61383  -43.848  13.746  56.069 0.0000000000
61384  -44.195  14.259  55.323 0.0000000000
62133  -44.748  14.789  56.665 0.0000000000
64289  -43.619  17.168  55.151 0.0000000000
64290  -44.120  17.049  55.147 0.0000000000
64305  -43.735  17.763  54.545 0.0000000000
65043  -44.076  18.403  53.963 0.0000000000
89770  -43.279  19.467  54.137 0.0000000000
66301  -42.056  20.566  54.199 0.0000000000
91510  -42.029  19.293  54.416 0.0000000000
64287  -39.396  18.418  55.242 0.0000000000
65039  -40.053  18.959  55.001 0.0000000000
56972  -40.678  7.804  60.260 0.0000000000
58367  -41.200  9.105  59.544 0.0000000000
57662  -41.014  8.825  60.838 0.0000000000
59825  -38.811  11.165  59.245 0.0000000000
59826  -39.766  11.394  59.608 0.0000000000
59835  -39.316  11.780  58.816 0.0000000000
60539  -39.774  12.346  58.438 0.0000000000
88959  -39.051  12.415  57.355 0.0000000000
58397  -35.167  9.842  56.157 0.0000000000
59118  -36.170  10.406  56.836 0.0000000000
59128  -36.045  10.756  55.874 0.0000000000
60601  -38.442  13.195  55.072 0.0000000000
89799  -12.297  1.414  65.869 0.0000000000
51979  -11.741  0.970  66.216 0.0000000000
51192  -12.204  0.645  65.393 0.0000000000
48101  -13.030  -2.940  65.955 0.0000000000
48913  -11.840  -2.100  65.613 0.0000000000
48086  -12.511  -3.002  66.445 0.0000000000
48066  -12.577  -3.214  67.848 0.0000000000
90777  -13.292  -3.160  68.537 0.0000000000
48901  -17.633  -2.420  66.157 0.0000000000
48899  -16.155  -2.703  65.924 0.0000000000
48069  -16.598  -2.779  67.421 0.0000000000
48012  -16.350  -2.957  70.766 0.0000000000
89979  -15.886  -2.899  70.056 0.0000000000
48011  -15.556  -2.941  70.755 0.0000000000
48010  -14.684  -2.899  70.747 0.0000000000
47993  -15.259  -2.990  71.542 0.0000000000
47975  -14.495  -3.339  73.011 0.0000000000
51156  -23.481  0.206  70.521 0.0000000000
51164  -22.498  0.194  69.484 0.0000000000
50402  -23.507  -0.838  70.742 0.0000000000
47220  -22.347  -4.647  71.195 0.0000000000
48000  -22.697  -3.475  71.329 0.0000000000
47219  -21.687  -4.629  71.634 0.0000000000
47999  -21.034  -4.102  71.922 0.0000000000
46285  -21.423  -5.452  71.550 0.0000000000
60589  -18.450  12.766  54.617 0.0000000000
61374  -17.136  13.403  55.384 0.0000000000
60563  -17.932  12.246  55.944 0.0000000000
55392  -26.670  5.495  56.019 0.0000000000
55421  -26.136  5.972  54.508 0.0000000000
55407  -25.615  5.444  55.138 0.0000000000
54504  -22.695  4.620  55.621 0.0000000000
55418  -23.441  5.248  54.698 0.0000000000
55404  -22.176  5.065  55.168 0.0000000000
56258  -22.046  6.017  53.984 0.0000000000
55416  -21.692  5.617  54.698 0.0000000000
54439  -21.975  4.061  61.575 0.0000000000
53605  -22.127  3.684  60.208 0.0000000000
98152  -21.493  4.821  60.312 0.0000000000
56975  -20.827  7.603  58.514 0.0000000000
55362  -20.864  5.755  57.930 0.0000000000
99862  -20.490  7.114  57.032 0.0000000000
56999  -20.407  7.261  56.094 0.0000000000
57700  -20.180  8.132  56.250 0.0000000000
57699  -19.973  8.664  55.631 0.0000000000
58386  -19.963  9.362  57.012 0.0000000000
59100  -20.562  10.474  58.966 0.0000000000
107192  -20.170  10.378  58.237 0.0000000000
59824  -19.322  11.302  58.803 0.0000000000
59832  -18.524  11.499  58.240 0.0000000000
93228  -18.602  11.585  59.182 0.0000000000
59822  -17.967  11.830  59.753 0.0000000000
90940  -19.858  11.501  60.334 0.0000000000
58340  -19.830  10.177  62.957 0.0000000000
59802  -20.387  11.880  62.759 0.0000000000
59067  -19.830  10.834  63.451 0.0000000000
59061  -19.989  11.604  64.102 0.0000000000
59066  -18.660  10.251  63.545 0.0000000000
55297  -18.169  5.809  62.754 0.0000000000
56945  -18.198  7.628  62.467 0.0000000000
55296  -17.540  5.695  62.289 0.0000000000
56157  -15.336  6.053  62.394 0.0000000000
107172  -15.791  6.740  62.309 0.0000000000
56937  -15.065  6.916  62.829 0.0000000000
57645  -15.576  8.408  63.334 0.0000000000
93777  -14.691  7.455  63.670 0.0000000000
56933  -14.425  7.517  64.624 0.0000000000
55263  -13.941  6.111  64.250 0.0000000000
51992  -13.131  2.054  64.951 0.0000000000
53559  -13.364  3.774  65.388 0.0000000000
52755  -13.107  3.127  66.124 0.0000000000
52754  -12.835  2.694  66.817 0.0000000000
67065  -50.214  22.110  43.182 0.0000000000
62196  -48.603  14.513  51.047 0.0000000000
61435  -49.540  14.240  50.117 0.0000000000
62925  -48.690  15.434  50.562 0.0000000000
62945  -45.120  15.646  49.578 0.0000000000
62965  -46.662  15.372  49.054 0.0000000000
62234  -45.022  14.669  48.431 0.0000000000
62260  -44.517  14.317  47.777 0.0000000000
55387  -8.465  5.484  56.786 0.0000000000
53643  -4.790  3.546  58.026 0.0000000000
54475  -6.453  4.228  57.627 0.0000000000
53631  -6.546  3.031  58.296 0.0000000000
93509  -5.728  3.826  63.241 0.0000000000
54421  -5.686  3.889  62.445 0.0000000000
50423  -9.928  -0.710  66.763 0.0000000000
51177  -9.353  0.385  67.535 0.0000000000
49645  -9.441  -1.289  67.282 0.0000000000
48860  -8.731  -2.087  71.095 0.0000000000
49631  -8.317  -1.737  69.301 0.0000000000
49624  -7.956  -1.738  70.886 0.0000000000
49622  -6.344  -1.191  71.180 0.0000000000
62086  -14.384  14.670  59.620 0.0000000000
62830  -14.277  15.498  58.464 0.0000000000
63524  -13.441  16.365  59.095 0.0000000000
66871  -11.083  21.897  61.829 0.0000000000
90825  -11.300  21.876  61.023 0.0000000000
67959  -11.706  23.623  61.343 0.0000000000
67981  -2.844  23.411  58.526 0.0000000000
67989  -3.053  23.720  57.763 0.0000000000
67504  -3.422  22.383  57.355 0.0000000000
64159  -7.270  17.387  67.508 0.0000000000
66202  -6.717  19.955  68.125 0.0000000000
65550  -5.978  19.193  67.979 0.0000000000
64165  -6.035  17.327  66.469 0.0000000000
64889  -6.395  18.364  66.692 0.0000000000
64890  -6.692  18.515  65.899 0.0000000000
97702  -7.068  20.288  65.326 0.0000000000
64892  -6.924  18.454  65.053 0.0000000000
89598  -3.216  13.261  64.278 0.0000000000
62043  -3.550  13.995  64.887 0.0000000000
100331  -4.179  14.859  64.088 0.0000000000
64196  -6.669  17.406  62.869 0.0000000000
63466  -6.234  16.801  63.305 0.0000000000
99973  -7.032  18.018  62.952 0.0000000000
65576  -7.278  19.362  62.983 0.0000000000
65589  -7.222  19.809  62.088 0.0000000000
66875  -6.317  21.336  61.283 0.0000000000
66228  -7.080  19.986  61.238 0.0000000000
65610  -7.393  19.485  59.854 0.0000000000
66244  -7.152  20.186  59.532 0.0000000000
66253  -7.268  20.297  58.639 0.0000000000
66907  -6.101  21.428  57.584 0.0000000000
66252  -6.752  20.921  58.147 0.0000000000
66261  -6.875  21.165  57.205 0.0000000000
65630  -7.692  19.817  58.277 0.0000000000
63533  -7.037  16.843  57.182 0.0000000000
64260  -7.565  17.246  56.870 0.0000000000
64261  -7.947  17.257  56.279 0.0000000000
102115  -7.198  15.827  56.372 0.0000000000
61331  -3.703  12.893  58.001 0.0000000000
62106  -4.413  14.274  57.881 0.0000000000
60544  -4.049  12.348  57.593 0.0000000000
59854  -6.040  11.320  56.703 0.0000000000
60546  -5.934  12.942  57.336 0.0000000000
60559  -6.872  12.817  56.976 0.0000000000
61359  -7.886  13.590  56.364 0.0000000000
60560  -7.617  12.796  56.591 0.0000000000
60573  -8.315  12.728  56.191 0.0000000000
59115  -7.558  11.328  56.104 0.0000000000
100092  -6.856  9.032  54.618 0.0000000000
58404  -7.295  9.581  54.604 0.0000000000
57723  -7.486  8.815  54.273 0.0000000000
52004  -35.615  2.040  64.765 0.0000000000
52774  -34.659  2.042  65.552 0.0000000000
53548  -34.278  3.863  66.379 0.0000000000
55235  -33.853  5.136  66.694 0.0000000000
53538  -31.141  3.399  67.843 0.0000000000
52737  -30.398  3.172  68.041 0.0000000000
56098  -32.733  5.865  67.419 0.0000000000
54356  -32.618  4.728  67.495 0.0000000000
93901  -31.788  3.513  67.656 0.0000000000
59964  -50.198  11.866  45.962 0.0000000000
59213  -49.129  11.007  47.187 0.0000000000
60665  -50.992  12.792  47.975 0.0000000000
60657  -50.961  13.377  48.340 0.0000000000
93884  -11.330  3.723  71.280 0.0000000000
52710  -10.025  3.611  70.520 0.0000000000
101820  -9.901  3.093  70.354 0.0000000000
51958  -8.406  1.467  68.713 0.0000000000
56101  -13.851  5.889  67.620 0.0000000000
56102  -14.165  6.646  67.962 0.0000000000
55215  -13.856  5.322  69.280 0.0000000000
100242  -13.921  5.487  69.901 0.0000000000
55184  -13.794  5.943  70.363 0.0000000000
56070  -13.166  6.384  70.315 0.0000000000
54316  -13.102  4.442  71.651 0.0000000000
54326  -11.993  3.955  71.825 0.0000000000
58375  -41.616  10.146  58.617 0.0000000000
57001  -31.239  7.733  55.355 0.0000000000
57729  -32.200  8.670  54.403 0.0000000000
57728  -31.347  8.386  54.211 0.0000000000
58423  -30.839  9.582  52.874 0.0000000000
59156  -29.570  10.507  52.839 0.0000000000
59892  -29.803  11.797  53.854 0.0000000000
51194  -19.373  0.803  65.718 0.0000000000
91762  -19.344  0.033  65.605 0.0000000000
50425  -20.271  0.030  66.797 0.0000000000
50419  -20.731  -0.426  67.448 0.0000000000
49640  -21.422  -1.381  68.402 0.0000000000
54364  -21.521  5.189  67.167 0.0000000000
54377  -21.584  5.234  66.207 0.0000000000
102090  -20.883  5.511  67.137 0.0000000000
55242  -20.443  5.664  66.668 0.0000000000
54389  -19.436  4.693  66.088 0.0000000000
53570  -19.026  4.284  65.219 0.0000000000
53552  -19.358  3.826  66.290 0.0000000000
52768  -19.310  2.093  65.914 0.0000000000
66511  -50.383  21.188  35.705 0.0000000000
66510  -49.812  20.588  35.319 0.0000000000
102341  -5.028  7.160  59.136 0.0000000000
55348  -3.693  5.692  59.268 0.0000000000
55349  -4.883  5.597  59.805 0.0000000000
55332  -4.659  4.828  60.255 0.0000000000
53604  -3.998  3.092  60.943 0.0000000000
65561  -9.359  19.388  65.621 0.0000000000
66213  -9.918  21.129  64.750 0.0000000000
66861  -9.805  21.663  65.206 0.0000000000
105279  -9.850  22.471  64.871 0.0000000000
68779  -9.441  24.765  63.976 0.0000000000
69185  -9.075  25.394  63.689 0.0000000000
68778  -8.594  24.675  64.066 0.0000000000
68777  -7.700  24.754  64.262 0.0000000000
68776  -6.924  25.049  64.534 0.0000000000
69182  -6.162  26.096  64.552 0.0000000000
68380  -7.038  23.279  64.954 0.0000000000
67944  -7.094  23.093  65.289 0.0000000000
67447  -7.278  22.042  65.484 0.0000000000
59073  -8.396  10.166  61.580 0.0000000000
59807  -7.042  11.159  61.930 0.0000000000
59072  -7.641  10.642  61.297 0.0000000000
59078  -6.440  10.658  60.493 0.0000000000
59092  -5.870  10.177  59.935 0.0000000000
59091  -5.007  10.505  59.672 0.0000000000
58362  -6.113  9.345  59.637 0.0000000000
96383  -5.342  8.006  59.110 0.0000000000
93196  -38.676  4.867  59.461 0.0000000000
54455  -38.550  4.269  59.961 0.0000000000
103243  -38.920  4.354  61.443 0.0000000000
54432  -39.114  5.027  62.132 0.0000000000
55286  -35.747  5.101  63.970 0.0000000000
98431  -36.155  5.066  63.220 0.0000000000
94119  -35.303  5.243  63.168 0.0000000000
55326  -34.490  5.462  61.476 0.0000000000
55342  -33.676  5.654  60.336 0.0000000000
56198  -32.831  5.956  59.123 0.0000000000
55355  -32.174  5.664  59.622 0.0000000000
56197  -31.520  5.778  59.263 0.0000000000
56206  -30.014  6.090  58.642 0.0000000000
55186  -24.020  4.501  70.168 0.0000000000
53514  -24.079  3.415  70.640 0.0000000000
53515  -24.840  3.451  70.678 0.0000000000
95524  -25.794  2.029  70.882 0.0000000000
55367  -29.209  6.036  58.509 0.0000000000
55339  -29.481  6.106  59.876 0.0000000000
56185  -29.392  6.058  60.825 0.0000000000
55321  -28.283  5.873  61.641 0.0000000000
56911  -28.706  6.963  67.172 0.0000000000
56919  -28.635  6.812  66.388 0.0000000000
56910  -28.035  6.802  67.206 0.0000000000
56104  -26.884  6.247  67.688 0.0000000000
55233  -26.384  5.529  67.442 0.0000000000
54368  -25.208  4.504  67.503 0.0000000000
55221  -25.473  5.600  68.658 0.0000000000
56072  -25.120  5.303  69.615 0.0000000000
63030  -50.484  15.357  40.665 0.0000000000
64432  -52.333  17.384  42.454 0.0000000000
63026  -52.236  15.818  42.428 0.0000000000
63688  -52.377  16.541  43.770 0.0000000000
95561  -52.045  16.932  43.923 0.0000000000
61534  -48.149  14.169  44.043 0.0000000000
62283  -48.637  14.584  43.577 0.0000000000
62281  -46.667  14.091  43.276 0.0000000000
62319  -49.009  15.081  40.015 0.0000000000
55261  -9.236  5.973  64.410 0.0000000000
55260  -8.482  5.448  64.514 0.0000000000
55249  -8.213  5.306  65.456 0.0000000000
54387  -7.106  4.864  66.216 0.0000000000
54372  -6.002  4.272  66.699 0.0000000000
52719  -4.955  3.010  70.597 0.0000000000
52718  -4.133  2.871  70.330 0.0000000000
51948  -3.887  2.091  70.271 0.0000000000
51158  -3.583  0.706  69.471 0.0000000000
60512  -19.037  12.310  63.665 0.0000000000
100295  -16.518  12.712  63.067 0.0000000000
60506  -18.340  12.402  64.242 0.0000000000
60501  -17.567  12.489  64.969 0.0000000000
60495  -16.425  12.717  65.348 0.0000000000
97475  -14.894  12.086  69.347 0.0000000000
60486  -14.470  12.635  68.703 0.0000000000
61265  -13.475  12.644  69.099 0.0000000000
90274  -12.736  13.502  67.971 0.0000000000
61277  -11.825  13.693  67.632 0.0000000000
62032  -10.677  14.510  66.452 0.0000000000
61276  -10.824  13.796  67.592 0.0000000000
62023  -9.419  14.280  67.804 0.0000000000
104682  -9.065  14.105  68.454 0.0000000000
62018  -8.139  14.681  68.779 0.0000000000
61261  -8.986  13.171  69.384 0.0000000000
92321  -8.690  12.752  69.414 0.0000000000
59735  -8.765  11.967  69.521 0.0000000000
56908  -11.835  7.789  67.367 0.0000000000
58317  -11.641  9.493  67.143 0.0000000000
94615  -11.679  8.126  66.811 0.0000000000
102375  -11.454  9.175  65.812 0.0000000000
57641  -11.291  9.135  65.044 0.0000000000
58326  -10.919  9.532  64.369 0.0000000000
56932  -10.794  7.778  64.567 0.0000000000
56133  -10.325  7.069  64.152 0.0000000000
61430  -44.962  13.558  50.672 0.0000000000
62184  -44.633  14.591  52.822 0.0000000000
62178  -44.784  14.778  53.588 0.0000000000
62120  -44.055  14.480  57.851 0.0000000000
62849  -44.494  15.008  57.392 0.0000000000
107010  -43.749  15.619  57.286 0.0000000000
63554  -43.172  16.314  56.229 0.0000000000
64288  -42.893  17.378  54.949 0.0000000000
92396  -41.524  18.482  54.515 0.0000000000
63589  -41.942  17.008  54.783 0.0000000000
95950  -40.372  16.990  54.529 0.0000000000
57660  -39.640  8.760  61.366 0.0000000000
58349  -40.262  9.371  61.082 0.0000000000
58358  -39.036  9.740  60.748 0.0000000000
59094  -38.376  10.462  59.601 0.0000000000
59103  -38.043  10.888  58.865 0.0000000000
52007  -13.149  1.247  64.525 0.0000000000
50437  -12.587  -0.002  64.762 0.0000000000
50438  -13.167  -0.550  64.252 0.0000000000
48930  -13.346  -2.113  64.620 0.0000000000
48102  -13.743  -2.994  65.798 0.0000000000
48050  -18.127  -2.807  68.599 0.0000000000
89241  -16.910  -2.879  69.088 0.0000000000
48031  -17.284  -2.836  69.809 0.0000000000
48013  -17.177  -2.946  70.775 0.0000000000
107365  -16.840  -3.492  72.344 0.0000000000
47986  -24.325  -2.361  71.318 0.0000000000
48857  -23.824  -2.030  71.445 0.0000000000
47222  -23.784  -3.569  71.080 0.0000000000
46295  -22.861  -4.546  70.713 0.0000000000
59886  -19.338  11.452  54.549 0.0000000000
54482  -25.303  4.722  57.481 0.0000000000
54495  -25.055  4.849  56.526 0.0000000000
54464  -24.812  4.318  57.847 0.0000000000
53651  -23.270  3.643  57.750 0.0000000000
53650  -22.450  3.712  57.468 0.0000000000
55318  -21.717  5.812  61.909 0.0000000000
55336  -21.565  5.697  60.888 0.0000000000
56183  -21.589  6.494  60.548 0.0000000000
56967  -21.564  7.183  60.121 0.0000000000
57673  -21.121  8.516  59.031 0.0000000000
58378  -20.353  9.254  57.844 0.0000000000
99649  -21.349  9.206  59.476 0.0000000000
58364  -21.184  9.988  59.537 0.0000000000
59081  -21.451  11.091  61.006 0.0000000000
59811  -20.667  11.556  61.332 0.0000000000
59074  -21.568  11.149  61.894 0.0000000000
101444  -21.154  10.171  62.696 0.0000000000
57651  -19.094  9.216  62.530 0.0000000000
53590  -17.068  3.404  62.130 0.0000000000
54437  -16.598  4.847  61.879 0.0000000000
53597  -16.413  4.041  61.939 0.0000000000
54425  -15.072  4.542  62.345 0.0000000000
54424  -14.405  4.336  62.868 0.0000000000
55277  -13.830  5.126  63.967 0.0000000000
53578  -14.180  3.338  63.086 0.0000000000
52008  -13.497  1.842  64.067 0.0000000000
102657  -47.573  16.717  51.292 0.0000000000
62923  -47.648  16.157  50.358 0.0000000000
91306  -46.415  16.895  50.735 0.0000000000
63657  -44.617  16.121  50.157 0.0000000000
56997  -7.226  7.622  55.306 0.0000000000
56235  -7.617  6.895  55.840 0.0000000000
55386  -7.503  5.656  56.920 0.0000000000
55374  -7.896  4.865  57.240 0.0000000000
52827  -5.960  2.585  58.768 0.0000000000
89575  -10.078  -2.613  68.048 0.0000000000
48883  -9.525  -2.183  67.868 0.0000000000
62810  -13.038  16.033  60.730 0.0000000000
63515  -13.099  16.411  59.985 0.0000000000
63514  -12.538  17.228  60.101 0.0000000000
64954  -11.838  18.871  60.123 0.0000000000
66246  -11.857  20.581  59.508 0.0000000000
68791  -12.287  25.877  62.830 0.0000000000
98089  -12.206  24.899  61.719 0.0000000000
103982  -3.471  22.824  59.654 0.0000000000
63442  -6.359  15.243  68.056 0.0000000000
64157  -6.208  16.739  67.171 0.0000000000
63446  -5.799  16.133  67.157 0.0000000000
89923  -5.153  15.784  66.640 0.0000000000
63452  -5.371  16.185  66.401 0.0000000000
62057  -3.353  13.971  62.446 0.0000000000
62049  -4.042  14.750  63.408 0.0000000000
62789  -5.133  15.616  62.430 0.0000000000
63478  -5.761  16.056  61.931 0.0000000000
64208  -6.660  17.238  61.885 0.0000000000
64931  -7.313  18.521  60.992 0.0000000000
64219  -6.804  17.074  60.961 0.0000000000
64220  -7.222  17.740  60.367 0.0000000000
100020  -7.466  18.097  59.465 0.0000000000
99609  -7.657  18.373  58.778 0.0000000000
105881  -7.002  17.254  58.832 0.0000000000
63523  -6.320  16.428  58.286 0.0000000000
62828  -5.807  15.903  57.917 0.0000000000
105921  -3.671  10.609  56.955 0.0000000000
59840  -4.463  11.701  57.201 0.0000000000
59112  -3.807  10.112  56.623 0.0000000000
93009  -4.559  10.313  56.371 0.0000000000
59113  -5.612  10.543  56.235 0.0000000000
107195  -7.207  10.371  55.384 0.0000000000
58391  -5.939  9.404  55.343 0.0000000000
57709  -6.169  8.877  55.033 0.0000000000
62151  -9.978  14.102  54.284 0.0000000000
52049  -36.370  2.180  61.618 0.0000000000
52805  -37.589  3.099  61.957 0.0000000000
52031  -36.757  2.366  63.043 0.0000000000
52783  -36.901  3.067  63.972 0.0000000000
54409  -36.541  4.093  64.009 0.0000000000
52776  -35.778  2.891  64.975 0.0000000000
54395  -35.687  4.172  64.970 0.0000000000
55259  -35.567  4.719  64.919 0.0000000000
55271  -34.420  5.670  64.815 0.0000000000
105725  -32.922  5.977  63.866 0.0000000000
56166  -32.079  6.140  63.298 0.0000000000
55199  -27.711  5.436  69.671 0.0000000000
53517  -27.238  3.853  70.104 0.0000000000
53525  -28.420  3.631  69.546 0.0000000000
51955  -28.004  2.379  69.094 0.0000000000
91311  -30.824  6.388  63.269 0.0000000000
56140  -31.842  6.500  64.490 0.0000000000
56128  -30.968  6.767  65.163 0.0000000000
56921  -30.700  6.939  66.191 0.0000000000
56106  -32.101  6.483  66.981 0.0000000000
99345  -30.850  6.753  67.187 0.0000000000
56912  -29.418  6.994  67.243 0.0000000000
56094  -29.055  6.201  68.230 0.0000000000
56084  -28.395  6.047  68.870 0.0000000000
60748  -50.110  12.860  42.365 0.0000000000
61555  -51.017  13.448  42.930 0.0000000000
60744  -50.682  12.986  43.382 0.0000000000
61520  -51.355  13.794  45.059 0.0000000000
62272  -51.256  14.162  45.389 0.0000000000
60700  -51.152  12.915  46.028 0.0000000000
61507  -51.012  14.123  45.942 0.0000000000
61518  -48.841  14.161  44.912 0.0000000000
61505  -48.089  13.963  45.493 0.0000000000
61504  -46.213  13.588  45.473 0.0000000000
94207  -45.236  13.375  45.474 0.0000000000
89556  -10.045  5.558  67.366 0.0000000000
55225  -9.041  4.980  67.752 0.0000000000
54361  -8.420  4.567  68.693 0.0000000000
54346  -8.038  4.300  69.340 0.0000000000
53518  -7.071  3.479  69.783 0.0000000000
53520  -9.045  3.691  69.994 0.0000000000
52708  -7.515  3.305  69.844 0.0000000000
106418  -5.698  3.150  70.292 0.0000000000
51949  -5.086  2.310  70.564 0.0000000000
51160  -4.725  1.278  70.633 0.0000000000
50399  -4.930  0.036  70.879 0.0000000000
58325  -16.464  10.056  65.903 0.0000000000
90984  -17.369  11.071  66.613 0.0000000000
58322  -16.288  10.293  66.810 0.0000000000
59043  -16.054  10.429  67.605 0.0000000000
59033  -15.424  10.544  68.802 0.0000000000
56902  -14.513  7.766  68.792 0.0000000000
58313  -15.059  9.633  69.193 0.0000000000
59028  -14.990  10.409  69.292 0.0000000000
59741  -14.295  11.300  69.569 0.0000000000
95268  -13.150  10.867  69.920 0.0000000000
59025  -12.585  10.843  69.782 0.0000000000
59024  -11.854  11.200  69.820 0.0000000000
59032  -12.408  10.303  69.579 0.0000000000
58312  -12.581  9.347  69.354 0.0000000000
57628  -12.561  8.550  68.944 0.0000000000
56078  -12.727  6.729  69.607 0.0000000000
56088  -12.396  7.012  68.748 0.0000000000
56900  -12.069  7.369  68.029 0.0000000000
56087  -11.788  6.601  68.265 0.0000000000
55226  -10.731  5.666  68.046 0.0000000000
60585  -42.522  12.757  55.672 0.0000000000
60572  -43.421  13.084  56.573 0.0000000000
59867  -41.680  11.450  56.530 0.0000000000
60571  -42.879  12.531  56.877 0.0000000000
107188  -43.806  13.342  57.481 0.0000000000
62105  -43.488  13.992  58.302 0.0000000000
62103  -42.282  14.057  58.228 0.0000000000
62116  -41.133  13.975  57.034 0.0000000000
57685  -35.664  8.467  58.503 0.0000000000
58379  -35.924  9.121  58.142 0.0000000000
57704  -35.016  9.025  57.199 0.0000000000
58387  -34.781  9.327  56.480 0.0000000000
58410  -34.164  10.000  54.555 0.0000000000
57730  -33.018  8.962  54.680 0.0000000000
58409  -33.389  9.698  54.235 0.0000000000
59909  -33.827  11.264  53.700 0.0000000000
50466  -16.515  -0.207  62.832 0.0000000000
49680  -15.787  -1.419  63.519 0.0000000000
49692  -17.399  -1.341  64.063 0.0000000000
48920  -17.900  -2.050  65.509 0.0000000000
48902  -18.450  -2.116  66.282 0.0000000000
49656  -19.518  -1.248  66.462 0.0000000000
48903  -19.200  -1.945  66.719 0.0000000000
48877  -18.804  -2.642  68.013 0.0000000000
48051  -18.947  -2.765  68.938 0.0000000000
48033  -19.185  -2.883  69.943 0.0000000000
47998  -20.167  -3.854  72.102 0.0000000000
58431  -21.630  9.071  52.665 0.0000000000
53594  -23.989  3.342  62.525 0.0000000000
53601  -23.799  3.302  61.689 0.0000000000
53581  -23.362  3.477  63.069 0.0000000000
53580  -22.705  3.668  62.747 0.0000000000
54428  -21.857  4.710  62.968 0.0000000000
54390  -21.716  5.176  65.412 0.0000000000
54414  -21.899  4.802  63.775 0.0000000000
55298  -21.723  5.623  62.761 0.0000000000
93625  -21.579  6.185  63.344 0.0000000000
56161  -21.451  6.823  63.064 0.0000000000
56939  -20.880  7.250  63.185 0.0000000000
93752  -20.807  8.140  62.659 0.0000000000
56146  -19.779  6.861  63.563 0.0000000000
56145  -18.750  6.426  63.180 0.0000000000
53569  -18.684  3.893  64.443 0.0000000000
53579  -18.437  3.790  63.692 0.0000000000
102009  -17.715  3.399  62.629 0.0000000000
52798  -17.476  2.691  62.543 0.0000000000
52037  -17.225  0.968  62.703 0.0000000000
65702  -42.175  20.343  52.178 0.0000000000
56223  -3.109  6.824  56.561 0.0000000000
55384  -3.514  5.934  56.764 0.0000000000
55371  -3.052  5.325  57.171 0.0000000000
54473  -3.179  4.512  57.624 0.0000000000
54462  -3.532  3.713  58.170 0.0000000000
54451  -3.056  3.856  59.320 0.0000000000
53628  -3.285  3.215  58.856 0.0000000000
52826  -4.729  2.592  59.006 0.0000000000
92595  -13.040  -2.936  73.171 0.0000000000
64184  -10.759  17.785  63.207 0.0000000000
65578  -10.814  19.087  62.337 0.0000000000
97148  -10.587  19.730  62.564 0.0000000000
66870  -10.524  21.055  62.919 0.0000000000
89614  -11.160  23.160  62.968 0.0000000000
67458  -10.422  22.478  64.524 0.0000000000
90714  -10.907  22.957  63.596 0.0000000000
93959  -11.348  24.614  63.356 0.0000000000
68787  -12.054  26.093  63.594 0.0000000000
69645  -8.833  26.851  62.795 0.0000000000
69181  -5.886  26.163  64.580 0.0000000000
68774  -5.508  26.226  64.312 0.0000000000
98904  -5.185  25.712  63.153 0.0000000000
68392  -5.677  24.287  63.037 0.0000000000
67463  -6.181  22.847  63.054 0.0000000000
101257  -4.552  11.433  65.893 0.0000000000
59771  -3.434  11.734  65.865 0.0000000000
59781  -3.690  11.580  64.837 0.0000000000
59787  -3.590  11.719  63.975 0.0000000000
60503  -3.419  11.963  63.106 0.0000000000
59796  -5.292  11.394  62.847 0.0000000000
60508  -3.984  11.745  62.478 0.0000000000
61298  -3.154  13.160  62.327 0.0000000000
106905  -3.282  13.752  61.792 0.0000000000
62066  -3.245  13.953  61.054 0.0000000000
62807  -3.537  14.996  60.113 0.0000000000
62084  -3.531  14.824  59.256 0.0000000000
101822  -3.281  14.013  59.277 0.0000000000
60532  -3.497  12.314  58.373 0.0000000000
59838  -3.547  11.481  57.945 0.0000000000
58360  -4.405  9.928  59.002 0.0000000000
59098  -3.802  10.337  58.456 0.0000000000
58376  -3.543  9.886  57.540 0.0000000000
58383  -3.217  9.147  56.981 0.0000000000
96658  -2.779  7.877  56.883 0.0000000000
65029  -8.882  17.902  54.620 0.0000000000
64292  -8.697  17.355  54.965 0.0000000000
56201  -39.918  6.805  59.656 0.0000000000
56962  -40.415  7.073  60.330 0.0000000000
54456  -39.277  5.399  59.814 0.0000000000
56180  -40.447  6.511  60.877 0.0000000000
95880  -40.113  7.971  61.349 0.0000000000
56956  -39.341  7.851  61.551 0.0000000000
57658  -38.101  8.015  61.057 0.0000000000
56970  -36.693  8.093  59.887 0.0000000000
53596  -38.266  3.957  62.529 0.0000000000
54431  -38.343  4.525  62.478 0.0000000000
55309  -38.656  5.202  62.252 0.0000000000
55307  -36.922  5.139  62.661 0.0000000000
55329  -37.465  5.629  61.838 0.0000000000
56167  -38.320  5.783  62.024 0.0000000000
56953  -37.141  6.973  60.815 0.0000000000
56961  -36.589  7.398  60.280 0.0000000000
57675  -36.077  8.160  59.257 0.0000000000
56978  -35.315  7.813  58.832 0.0000000000
56984  -34.298  7.743  57.795 0.0000000000
56982  -32.756  6.995  57.145 0.0000000000
56209  -32.558  6.228  58.426 0.0000000000
56991  -31.569  7.355  56.201 0.0000000000
56990  -30.867  7.314  55.938 0.0000000000
92861  -29.898  7.634  54.554 0.0000000000
57017  -29.089  7.354  54.326 0.0000000000
52724  -20.952  2.852  69.308 0.0000000000
51951  -21.064  2.120  69.019 0.0000000000
52715  -22.013  2.797  70.065 0.0000000000
51147  -23.105  1.046  70.349 0.0000000000
51148  -23.703  0.637  70.789 0.0000000000
52699  -23.849  2.077  70.656 0.0000000000
51145  -24.380  0.198  71.026 0.0000000000
49611  -24.438  -1.075  71.471 0.0000000000
48858  -24.864  -2.107  71.003 0.0000000000
56261  -27.490  6.984  53.877 0.0000000000
56242  -28.056  6.212  55.361 0.0000000000
55410  -27.877  5.825  56.135 0.0000000000
55393  -27.215  5.570  56.591 0.0000000000
55366  -28.368  5.847  58.669 0.0000000000
55365  -27.711  5.653  58.283 0.0000000000
54483  -26.040  5.085  57.910 0.0000000000
54466  -26.220  4.895  58.805 0.0000000000
101399  -25.788  4.246  59.977 0.0000000000
53602  -25.127  3.581  61.352 0.0000000000
92971  -30.149  6.459  63.351 0.0000000000
56149  -28.875  6.234  63.008 0.0000000000
55301  -28.326  5.893  62.524 0.0000000000
56125  -28.278  6.200  64.980 0.0000000000
55283  -27.520  5.538  63.773 0.0000000000
55300  -27.656  5.567  62.877 0.0000000000
93360  -26.509  4.698  63.067 0.0000000000
93847  -25.743  3.984  63.131 0.0000000000
53595  -24.868  3.480  62.816 0.0000000000
53573  -24.378  3.486  64.202 0.0000000000
106958  -24.406  3.676  65.592 0.0000000000
54379  -23.141  3.975  66.735 0.0000000000
54367  -24.395  4.198  67.711 0.0000000000
54366  -23.462  4.173  67.618 0.0000000000
54365  -22.498  4.529  67.425 0.0000000000
55218  -21.718  4.863  68.672 0.0000000000
54340  -21.238  4.162  69.227 0.0000000000
65839  -50.275  19.122  38.874 0.0000000000
91767  -50.990  20.167  39.640 0.0000000000
93335  -51.184  19.948  40.628 0.0000000000
65804  -51.148  20.076  41.927 0.0000000000
65777  -50.532  20.041  43.399 0.0000000000
65140  -51.995  18.522  42.877 0.0000000000
65778  -51.030  19.075  43.421 0.0000000000
66403  -49.800  20.771  43.893 0.0000000000
66401  -47.867  21.353  44.849 0.0000000000
62285  -51.932  14.816  44.356 0.0000000000
62991  -51.955  15.387  44.373 0.0000000000
63709  -49.988  16.713  43.142 0.0000000000
62303  -48.020  14.985  42.831 0.0000000000
63016  -48.458  15.765  42.719 0.0000000000
64420  -48.393  17.241  42.595 0.0000000000
64476  -47.511  17.664  37.437 0.0000000000
56182  -8.336  6.694  60.797 0.0000000000
55313  -7.503  5.382  61.191 0.0000000000
55290  -7.873  5.115  61.967 0.0000000000
54422  -7.095  4.660  62.562 0.0000000000
54410  -6.096  4.270  63.859 0.0000000000
54400  -7.670  5.040  64.070 0.0000000000
54398  -5.876  4.153  64.686 0.0000000000
53567  -5.548  3.495  64.289 0.0000000000
52778  -5.494  2.441  64.964 0.0000000000
54359  -7.102  4.379  67.983 0.0000000000
54358  -6.186  4.265  67.696 0.0000000000
54357  -5.599  4.003  67.363 0.0000000000
52729  -4.111  3.021  69.283 0.0000000000
52739  -4.223  2.716  68.068 0.0000000000
52740  -4.676  3.207  67.460 0.0000000000
60533  -16.487  12.715  58.387 0.0000000000
61348  -15.497  13.971  57.986 0.0000000000
95081  -15.532  13.384  59.416 0.0000000000
61321  -15.223  13.487  60.248 0.0000000000
62078  -14.125  14.479  60.780 0.0000000000
61305  -15.331  13.282  62.058 0.0000000000
61304  -14.731  13.793  61.742 0.0000000000
62068  -13.678  14.854  61.290 0.0000000000
62791  -13.229  15.303  61.829 0.0000000000
62790  -12.688  15.692  62.299 0.0000000000
63481  -12.143  16.064  62.708 0.0000000000
59761  -17.915  12.064  67.192 0.0000000000
61291  -16.535  12.664  66.256 0.0000000000
61290  -15.401  13.063  65.677 0.0000000000
103217  -14.897  13.129  67.195 0.0000000000
61284  -14.745  13.403  66.321 0.0000000000
103298  -13.954  14.115  65.402 0.0000000000
62045  -12.809  14.757  64.277 0.0000000000
62776  -12.234  15.255  64.067 0.0000000000
63468  -11.537  16.495  63.132 0.0000000000
63467  -10.897  17.040  63.540 0.0000000000
64173  -10.256  17.635  64.038 0.0000000000
64172  -9.657  17.751  64.834 0.0000000000
62768  -9.723  15.688  65.715 0.0000000000
63453  -9.301  16.306  65.878 0.0000000000
64169  -9.266  17.890  65.619 0.0000000000
100222  -9.153  19.046  66.362 0.0000000000
94920  -8.927  19.110  67.158 0.0000000000
65556  -8.856  19.679  67.379 0.0000000000
65555  -8.367  19.710  67.994 0.0000000000
64885  -8.193  18.490  68.000 0.0000000000
64160  -7.848  17.427  67.655 0.0000000000
63443  -7.091  15.877  68.350 0.0000000000
62017  -7.693  14.661  69.100 0.0000000000
62750  -7.023  14.865  69.062 0.0000000000
62752  -6.898  15.416  68.681 0.0000000000
62010  -6.171  13.708  67.873 0.0000000000
60478  -5.746  12.452  66.967 0.0000000000
89235  -4.900  11.840  67.317 0.0000000000
59747  -10.954  11.283  69.603 0.0000000000
59030  -10.456  11.163  69.183 0.0000000000
59029  -9.640  11.508  69.322 0.0000000000
59041  -10.595  10.678  67.520 0.0000000000
93169  -9.816  11.190  67.695 0.0000000000
59752  -8.212  11.767  68.580 0.0000000000
59757  -7.573  11.727  67.747 0.0000000000
89231  -6.735  11.684  67.032 0.0000000000
89230  -5.974  11.533  66.324 0.0000000000
59775  -6.146  11.469  65.473 0.0000000000
89122  -7.201  11.449  64.394 0.0000000000
59792  -8.290  11.271  63.443 0.0000000000
59060  -10.455  10.053  63.901 0.0000000000
59065  -9.530  10.132  62.668 0.0000000000
59064  -8.666  10.512  62.318 0.0000000000
58345  -9.480  9.089  61.746 0.0000000000
56950  -8.953  7.546  61.104 0.0000000000
59937  -47.839  11.534  49.153 0.0000000000
60647  -47.239  12.260  49.673 0.0000000000
61432  -47.307  13.641  50.858 0.0000000000
62192  -48.175  14.936  51.531 0.0000000000
61424  -45.660  14.110  51.420 0.0000000000
92758  -47.397  14.817  51.809 0.0000000000
63620  -47.874  16.138  51.542 0.0000000000
63619  -47.360  16.902  51.865 0.0000000000
64341  -45.619  17.996  51.996 0.0000000000
65062  -44.656  18.917  52.568 0.0000000000
61400  -43.632  14.101  54.094 0.0000000000
62169  -44.559  14.635  54.571 0.0000000000
62895  -45.386  15.619  54.068 0.0000000000
62864  -44.823  15.688  56.050 0.0000000000
62880  -45.074  15.708  55.255 0.0000000000
63590  -45.123  16.344  54.590 0.0000000000
65044  -44.803  17.940  53.535 0.0000000000
65053  -44.368  18.985  53.240 0.0000000000
65704  -43.700  19.896  52.420 0.0000000000
66965  -42.295  20.812  52.917 0.0000000000
66945  -41.052  20.893  54.056 0.0000000000
66298  -39.755  20.401  54.704 0.0000000000
65040  -40.889  19.412  54.646 0.0000000000
66291  -39.873  20.182  55.102 0.0000000000
57687  -40.607  8.880  58.498 0.0000000000
58374  -41.205  9.410  58.887 0.0000000000
59096  -41.654  10.450  59.501 0.0000000000
59086  -40.366  10.571  60.594 0.0000000000
59819  -41.330  11.211  60.012 0.0000000000
59828  -41.791  11.720  59.621 0.0000000000
60541  -41.358  12.831  58.915 0.0000000000
61354  -40.669  13.378  57.486 0.0000000000
61368  -40.369  13.608  56.633 0.0000000000
58380  -36.148  9.822  57.650 0.0000000000
59108  -37.108  10.928  57.706 0.0000000000
107044  -37.475  11.391  57.521 0.0000000000
59878  -36.492  11.502  55.415 0.0000000000
59879  -37.171  11.745  55.897 0.0000000000
60569  -38.400  12.242  56.889 0.0000000000
60570  -39.074  12.829  56.368 0.0000000000
61381  -39.240  13.494  55.459 0.0000000000
62147  -40.356  14.585  55.384 0.0000000000
62166  -39.248  14.805  54.607 0.0000000000
52742  -12.449  2.333  68.187 0.0000000000
51969  -11.520  1.551  67.621 0.0000000000
92115  -11.814  1.421  66.985 0.0000000000
51187  -11.060  0.326  66.302 0.0000000000
92264  -10.587  -1.003  66.243 0.0000000000
50430  -11.889  -0.446  65.308 0.0000000000
49654  -11.223  -2.094  66.089 0.0000000000
90040  -10.697  -2.390  66.806 0.0000000000
48064  -10.801  -2.953  68.251 0.0000000000
92486  -12.227  -3.097  69.380 0.0000000000
48008  -12.668  -2.817  70.838 0.0000000000
97467  -15.400  -2.337  64.487 0.0000000000
48104  -15.369  -2.843  65.792 0.0000000000
89895  -14.986  -3.012  67.108 0.0000000000
48049  -16.391  -2.894  68.423 0.0000000000
89239  -14.921  -3.014  68.021 0.0000000000
89376  -14.129  -3.115  68.292 0.0000000000
89244  -14.072  -3.075  69.203 0.0000000000
89987  -13.271  -2.905  70.384 0.0000000000
48854  -13.454  -2.708  71.858 0.0000000000
48836  -13.718  -3.034  73.066 0.0000000000
51163  -21.848  0.734  69.076 0.0000000000
50407  -21.988  -0.570  68.877 0.0000000000
49632  -21.872  -1.805  69.047 0.0000000000
49617  -23.319  -2.016  70.991 0.0000000000
48871  -22.474  -2.294  70.290 0.0000000000
48870  -21.624  -2.509  69.735 0.0000000000
48864  -20.977  -3.055  70.484 0.0000000000
48015  -20.518  -3.399  71.274 0.0000000000
103346  -20.496  -4.569  72.340 0.0000000000
62138  -17.024  14.140  55.007 0.0000000000
61361  -16.734  13.312  55.959 0.0000000000
60561  -16.606  13.098  56.640 0.0000000000
56277  -26.819  7.171  53.663 0.0000000000
56276  -26.046  6.953  53.686 0.0000000000
89163  -25.110  6.929  53.571 0.0000000000
55406  -24.766  5.281  55.070 0.0000000000
94361  -23.974  6.051  53.751 0.0000000000
92889  -24.126  6.809  53.375 0.0000000000
57055  -22.875  7.904  52.721 0.0000000000
57054  -22.032  7.859  52.781 0.0000000000
57742  -20.859  8.324  53.338 0.0000000000
53606  -22.811  3.424  60.464 0.0000000000
53633  -21.982  3.742  58.577 0.0000000000
103721  -21.549  4.425  57.145 0.0000000000
105217  -21.235  5.369  59.160 0.0000000000
55376  -21.181  4.981  57.487 0.0000000000
55390  -21.356  4.937  56.457 0.0000000000
56239  -20.650  6.482  55.546 0.0000000000
57014  -20.480  7.603  54.496 0.0000000000
57741  -20.414  8.386  53.942 0.0000000000
104613  -19.875  9.816  54.509 0.0000000000
58406  -19.675  10.089  55.204 0.0000000000
59872  -19.146  11.076  55.916 0.0000000000
58377  -20.073  9.955  57.676 0.0000000000
103622  -19.297  10.783  56.526 0.0000000000
59859  -18.871  11.255  56.572 0.0000000000
59858  -18.212  11.742  56.625 0.0000000000
59842  -17.792  11.888  57.501 0.0000000000
60534  -17.047  12.328  57.961 0.0000000000
60523  -17.221  12.197  59.448 0.0000000000
60519  -17.398  12.105  60.418 0.0000000000
59808  -18.484  12.019  61.647 0.0000000000
59810  -20.254  11.849  62.018 0.0000000000
59809  -19.607  12.066  62.229 0.0000000000
59801  -19.728  12.190  63.087 0.0000000000
59793  -19.775  12.104  63.960 0.0000000000
59057  -19.602  11.566  64.788 0.0000000000
58333  -17.433  10.237  64.497 0.0000000000
56946  -19.357  7.966  62.605 0.0000000000
95222  -18.634  8.467  62.471 0.0000000000
97817  -17.976  8.793  62.517 0.0000000000
55295  -16.222  6.140  61.996 0.0000000000
56943  -16.541  7.866  62.430 0.0000000000
57650  -16.896  8.654  62.650 0.0000000000
58337  -16.877  9.286  63.123 0.0000000000
58332  -16.507  9.466  63.813 0.0000000000
58328  -16.478  9.815  64.851 0.0000000000
57640  -15.176  8.678  64.796 0.0000000000
56926  -14.303  7.471  65.545 0.0000000000
56122  -13.913  6.654  65.950 0.0000000000
55262  -13.648  5.332  64.861 0.0000000000
55252  -13.605  5.481  65.751 0.0000000000
56111  -13.715  5.820  66.565 0.0000000000
54375  -13.325  4.156  67.170 0.0000000000
53542  -12.810  2.736  67.676 0.0000000000
60649  -49.437  12.526  49.697 0.0000000000
61441  -50.079  13.786  49.623 0.0000000000
62237  -50.073  14.240  48.987 0.0000000000
62948  -48.189  15.711  49.867 0.0000000000
104571  -47.278  14.915  48.534 0.0000000000
98449  -47.490  14.466  47.814 0.0000000000
61471  -45.774  13.930  46.867 0.0000000000
61493  -44.744  13.686  46.681 0.0000000000
55373  -5.569  4.891  57.335 0.0000000000
54476  -7.354  4.339  57.522 0.0000000000
55312  -6.496  5.041  60.993 0.0000000000
54433  -4.911  3.380  61.873 0.0000000000
51968  -9.659  1.059  67.900 0.0000000000
51967  -8.905  0.860  68.143 0.0000000000
51169  -8.226  0.588  68.460 0.0000000000
49638  -8.493  -1.364  68.494 0.0000000000
49637  -7.907  -1.062  69.029 0.0000000000
95839  -7.130  0.009  69.279 0.0000000000
50405  -6.310  0.063  69.961 0.0000000000
50400  -5.741  -0.438  70.753 0.0000000000
49614  -5.344  -1.561  71.485 0.0000000000
62109  -14.756  15.075  57.854 0.0000000000
63535  -14.030  16.523  57.527 0.0000000000
64241  -13.154  17.548  58.294 0.0000000000
66237  -11.120  20.419  61.142 0.0000000000
66884  -11.317  21.126  60.701 0.0000000000
67485  -11.878  22.361  59.771 0.0000000000
68400  -12.104  24.372  61.167 0.0000000000
67975  -12.340  23.832  59.725 0.0000000000
66206  -7.082  20.143  67.684 0.0000000000
66205  -6.591  20.189  67.014 0.0000000000
99766  -6.773  19.988  66.487 0.0000000000
94736  -6.260  18.797  67.374 0.0000000000
66204  -6.165  19.909  67.305 0.0000000000
94054  -7.072  20.613  65.826 0.0000000000
66862  -6.978  21.223  64.987 0.0000000000
100277  -6.777  21.588  64.145 0.0000000000
104813  -6.625  21.581  63.321 0.0000000000
61281  -3.618  13.616  66.118 0.0000000000
62037  -4.635  15.262  65.439 0.0000000000
102648  -5.847  16.657  65.546 0.0000000000
62773  -5.220  15.739  64.209 0.0000000000
63459  -6.268  16.904  64.199 0.0000000000
64171  -6.749  17.682  64.492 0.0000000000
98069  -7.215  19.192  63.961 0.0000000000
65566  -7.185  20.034  63.729 0.0000000000
102133  -6.106  22.014  61.659 0.0000000000
67473  -4.958  22.101  60.367 0.0000000000
66890  -4.732  21.804  59.736 0.0000000000
66236  -7.089  20.087  60.386 0.0000000000
66891  -5.745  21.350  59.623 0.0000000000
66899  -4.897  21.625  58.852 0.0000000000
66906  -5.151  21.621  57.830 0.0000000000
66916  -6.956  21.455  56.283 0.0000000000
66262  -8.004  20.231  56.714 0.0000000000
64984  -8.119  18.733  57.461 0.0000000000
65640  -8.283  19.309  56.804 0.0000000000
66272  -8.349  19.726  56.155 0.0000000000
65000  -8.332  17.999  56.147 0.0000000000
64273  -8.354  17.354  55.610 0.0000000000
96689  -8.488  16.040  55.302 0.0000000000
62095  -4.577  15.049  57.992 0.0000000000
62837  -5.387  15.295  57.657 0.0000000000
62108  -5.949  14.955  57.236 0.0000000000
60545  -4.855  12.667  57.466 0.0000000000
61347  -5.907  14.044  57.391 0.0000000000
62850  -6.755  15.262  56.720 0.0000000000
62122  -7.346  14.410  56.502 0.0000000000
62123  -8.059  14.410  56.000 0.0000000000
62865  -8.247  15.200  55.639 0.0000000000
62134  -8.752  14.385  55.468 0.0000000000
60587  -9.448  12.633  55.029 0.0000000000
90236  -8.014  10.939  55.388 0.0000000000
57039  -28.668  7.833  53.639 0.0000000000
57749  -29.239  8.413  53.245 0.0000000000
57748  -28.575  8.451  53.167 0.0000000000
57747  -27.369  8.633  53.167 0.0000000000
53545  -20.082  3.195  68.134 0.0000000000
52743  -19.789  2.805  67.387 0.0000000000
66478  -50.732  20.926  38.280 0.0000000000
65852  -49.858  19.369  38.197 0.0000000000
65862  -49.449  19.702  37.425 0.0000000000
56181  -6.556  6.133  60.089 0.0000000000
105056  -15.924  13.732  57.023 0.0000000000
62124  -15.506  14.626  56.467 0.0000000000
66858  -9.012  21.796  65.643 0.0000000000
66857  -8.231  21.622  66.009 0.0000000000
56965  -6.970  7.564  59.808 0.0000000000
55323  -31.775  5.590  61.334 0.0000000000
56175  -31.152  5.776  61.903 0.0000000000
52809  -36.625  2.502  60.938 0.0000000000
52822  -36.423  2.668  60.115 0.0000000000
54330  -26.695  4.534  70.223 0.0000000000
62304  -51.189  13.947  42.414 0.0000000000
105041  -49.488  12.705  41.934 0.0000000000
61558  -49.717  13.154  41.622 0.0000000000
61565  -49.409  13.752  40.939 0.0000000000
50392  -4.894  -0.918  71.018 0.0000000000
59056  -18.660  11.196  65.241 0.0000000000
59052  -18.306  11.414  66.170 0.0000000000
97959  -11.801  11.891  70.000 0.0000000000
61263  -11.047  12.753  69.269 0.0000000000
55239  -10.237  6.139  66.446 0.0000000000
62131  -41.547  14.653  56.668 0.0000000000
62860  -41.976  15.372  56.341 0.0000000000
62148  -41.135  14.922  55.819 0.0000000000
105441  -37.079  9.046  59.616 0.0000000000
57686  -36.326  8.888  58.823 0.0000000000
94402  -14.506  -0.675  63.335 0.0000000000
59164  -20.815  10.542  52.831 0.0000000000
96960  -20.519  10.003  53.226 0.0000000000
53609  -24.702  3.467  60.631 0.0000000000
56952  -22.258  8.507  62.126 0.0000000000
57657  -22.510  9.193  61.926 0.0000000000
50465  -15.778  0.157  62.677 0.0000000000
52034  -15.406  1.614  62.501 0.0000000000
51234  -15.023  0.684  62.732 0.0000000000
65073  -44.059  19.056  51.771 0.0000000000
100120  -5.818  6.561  56.444 0.0000000000
56224  -4.402  6.668  56.408 0.0000000000
48863  -12.132  -2.715  71.463 0.0000000000
89845  -11.188  -2.705  71.134 0.0000000000
97506  -5.522  23.299  61.719 0.0000000000
59749  -3.928  11.917  67.514 0.0000000000
60484  -3.920  12.256  67.400 0.0000000000
60489  -3.650  12.114  67.359 0.0000000000
63558  -9.192  15.895  54.662 0.0000000000
55247  -34.222  5.430  66.310 0.0000000000
54383  -34.740  5.090  65.876 0.0000000000
56117  -34.243  5.815  66.170 0.0000000000
56131  -34.172  6.071  65.872 0.0000000000
56931  -32.904  6.494  66.004 0.0000000000
54341  -30.781  4.254  68.331 0.0000000000
55211  -30.452  4.785  68.523 0.0000000000
55210  -29.752  4.659  68.807 0.0000000000
59968  -49.796  11.781  45.001 0.0000000000
61473  -48.432  14.326  47.393 0.0000000000
54337  -9.353  4.112  70.085 0.0000000000
57632  -14.622  8.087  66.998 0.0000000000
56909  -14.358  7.328  67.413 0.0000000000
56893  -14.180  8.050  70.766 0.0000000000
99700  -14.074  8.357  71.020 0.0000000000
57621  -13.970  8.536  71.040 0.0000000000
107449  -13.894  8.349  70.997 0.0000000000
93476  -11.911  5.025  70.526 0.0000000000
59836  -42.323  11.307  58.608 0.0000000000
60531  -42.664  12.291  58.812 0.0000000000
56993  -33.246  7.683  56.800 0.0000000000
57702  -33.673  8.352  56.451 0.0000000000
94205  -30.972  11.071  53.024 0.0000000000
49639  -20.839  -1.835  68.082 0.0000000000
99468  -22.139  4.588  65.803 0.0000000000
55253  -19.905  5.754  66.024 0.0000000000
56124  -20.897  6.265  65.236 0.0000000000
56123  -20.182  6.293  65.309 0.0000000000
51993  -18.786  1.508  64.784 0.0000000000
92440  -18.584  0.925  64.384 0.0000000000
66518  -50.410  21.114  34.879 0.0000000000
66524  -50.021  20.458  33.589 0.0000000000
66525  -50.590  20.999  34.072 0.0000000000
56203  -2.828  5.993  58.319 0.0000000000
52806  -3.600  2.817  60.223 0.0000000000
68781  -10.256  25.027  63.855 0.0000000000
68388  -10.442  24.195  64.016 0.0000000000
93024  -10.502  25.929  63.495 0.0000000000
91859  -9.745  26.110  63.395 0.0000000000
69636  -6.976  26.430  63.619 0.0000000000
69643  -6.513  27.058  63.360 0.0000000000
69635  -6.198  26.830  64.158 0.0000000000
104440  -6.566  11.312  63.196 0.0000000000
90206  -5.196  11.484  60.934 0.0000000000
66281  -8.193  20.702  55.011 0.0000000000
55310  -39.464  5.615  62.082 0.0000000000
56188  -35.437  6.404  60.416 0.0000000000
56199  -34.522  6.617  59.458 0.0000000000
98935  -30.508  6.144  58.125 0.0000000000
95172  -31.186  6.209  57.940 0.0000000000
89640  -30.138  6.643  56.665 0.0000000000
54329  -22.689  4.151  70.034 0.0000000000
53512  -22.818  3.442  70.396 0.0000000000
106050  -27.949  5.781  60.950 0.0000000000
55319  -26.909  5.221  60.823 0.0000000000
56927  -29.464  6.897  65.769 0.0000000000
89989  -29.441  6.644  64.886 0.0000000000
104065  -26.441  5.199  66.759 0.0000000000
54393  -26.370  4.650  65.429 0.0000000000
54392  -25.624  4.167  65.845 0.0000000000
55185  -23.434  4.348  70.140 0.0000000000
98636  -23.027  4.415  69.890 0.0000000000
63734  -50.306  16.953  39.937 0.0000000000
63710  -50.895  17.302  43.515 0.0000000000
64397  -50.433  18.198  43.424 0.0000000000
65139  -48.428  18.026  42.787 0.0000000000
63733  -49.677  16.281  39.723 0.0000000000
64456  -49.537  17.095  39.300 0.0000000000
55292  -9.177  6.020  62.733 0.0000000000
55276  -9.070  5.849  63.640 0.0000000000
54385  -5.835  4.141  65.767 0.0000000000
105616  -5.189  3.605  66.931 0.0000000000
101836  -6.145  3.426  69.943 0.0000000000
53533  -5.862  3.788  69.466 0.0000000000
60516  -17.371  12.205  61.445 0.0000000000
60510  -16.992  12.455  62.338 0.0000000000
61293  -14.862  13.529  64.289 0.0000000000
61296  -14.874  13.581  63.437 0.0000000000
62042  -14.272  14.007  64.738 0.0000000000
59748  -16.200  11.871  68.973 0.0000000000
60487  -16.349  12.019  68.789 0.0000000000
62029  -12.166  14.092  66.815 0.0000000000
62039  -11.821  14.751  65.431 0.0000000000
62038  -10.942  14.897  65.685 0.0000000000
62762  -8.853  15.643  67.125 0.0000000000
62761  -8.444  15.729  67.640 0.0000000000
104442  -8.310  12.145  69.147 0.0000000000
60468  -8.060  12.703  69.172 0.0000000000
103155  -7.651  12.547  68.600 0.0000000000
89919  -8.219  11.958  69.008 0.0000000000
58314  -11.880  9.438  68.032 0.0000000000
59050  -10.674  10.295  65.462 0.0000000000
59045  -10.189  10.871  65.883 0.0000000000
59778  -9.628  11.130  65.330 0.0000000000
104784  -46.033  15.825  53.242 0.0000000000
63598  -46.497  16.491  52.996 0.0000000000
100265  -44.405  14.305  56.082 0.0000000000
65042  -43.513  18.702  54.246 0.0000000000
65041  -42.936  19.029  54.388 0.0000000000
65677  -42.617  19.962  54.207 0.0000000000
64301  -39.325  17.336  54.801 0.0000000000
57669  -41.012  8.517  60.266 0.0000000000
59834  -38.522  11.556  58.486 0.0000000000
60554  -39.069  12.117  58.118 0.0000000000
59127  -35.352  10.382  55.445 0.0000000000
52765  -12.726  2.224  66.005 0.0000000000
102930  -12.743  -3.231  67.102 0.0000000000
48067  -13.394  -3.190  67.637 0.0000000000
48090  -17.173  -2.656  66.751 0.0000000000
47983  -15.849  -3.351  72.376 0.0000000000
60576  -18.290  12.302  55.290 0.0000000000
104776  -26.457  5.402  56.611 0.0000000000
55408  -26.484  5.618  55.321 0.0000000000
55391  -25.891  5.312  56.048 0.0000000000
54492  -22.490  4.195  56.306 0.0000000000
55403  -21.481  5.282  55.497 0.0000000000
53598  -21.798  4.084  60.702 0.0000000000
56981  -20.615  7.107  57.780 0.0000000000
100543  -20.347  7.749  56.831 0.0000000000
105829  -19.984  8.822  56.418 0.0000000000
57690  -20.251  8.502  57.166 0.0000000000
59099  -19.909  10.885  58.501 0.0000000000
105498  -19.364  11.434  59.565 0.0000000000
59068  -20.461  11.254  63.155 0.0000000000
56156  -14.706  6.130  62.912 0.0000000000
56144  -14.452  6.555  63.500 0.0000000000
102730  -14.276  6.910  64.182 0.0000000000
52766  -13.260  2.884  65.251 0.0000000000
67049  -49.945  21.294  43.757 0.0000000000
67048  -49.538  22.577  44.031 0.0000000000
62912  -48.634  15.142  51.129 0.0000000000
62197  -49.071  14.769  50.620 0.0000000000
62963  -44.538  15.103  48.987 0.0000000000
62233  -44.032  14.638  48.395 0.0000000000
53644  -5.989  3.554  57.977 0.0000000000
49615  -7.220  -1.493  71.575 0.0000000000
62085  -13.911  15.176  59.938 0.0000000000
62821  -14.127  15.272  59.234 0.0000000000
62820  -13.638  15.767  59.594 0.0000000000
67468  -11.403  22.720  61.428 0.0000000000
67503  -2.914  22.912  57.840 0.0000000000
64158  -6.756  17.199  67.344 0.0000000000
64883  -6.848  18.296  67.471 0.0000000000
64166  -6.497  17.953  65.992 0.0000000000
64168  -6.606  17.801  65.423 0.0000000000
62048  -3.589  14.207  63.960 0.0000000000
64197  -6.997  17.881  62.249 0.0000000000
64916  -7.212  18.534  62.600 0.0000000000
65577  -7.307  19.076  62.196 0.0000000000
65590  -7.296  19.214  61.501 0.0000000000
63532  -6.474  16.327  57.558 0.0000000000
63542  -7.421  16.550  56.413 0.0000000000
60543  -3.674  12.091  57.821 0.0000000000
96861  -6.455  12.065  56.998 0.0000000000
59855  -7.273  12.057  56.668 0.0000000000
59856  -7.944  12.065  56.361 0.0000000000
100041  -8.125  8.299  54.254 0.0000000000
52003  -34.989  1.651  65.084 0.0000000000
52751  -34.199  3.184  66.496 0.0000000000
54370  -34.000  4.410  66.537 0.0000000000
54369  -33.246  4.403  67.087 0.0000000000
53539  -32.359  3.989  67.592 0.0000000000
54354  -31.458  4.000  68.074 0.0000000000
59953  -50.219  11.794  48.292 0.0000000000
60656  -50.680  12.658  48.811 0.0000000000
53522  -11.847  3.645  71.585 0.0000000000
53521  -11.068  3.580  71.057 0.0000000000
52711  -10.783  3.199  70.804 0.0000000000
52730  -8.681  2.333  69.247 0.0000000000
51959  -9.237  1.670  68.563 0.0000000000
55228  -13.733  5.169  68.322 0.0000000000
55204  -13.649  5.116  70.492 0.0000000000
55193  -14.016  5.873  70.265 0.0000000000
55192  -13.500  5.069  70.758 0.0000000000
56067  -13.115  5.335  70.903 0.0000000000
52713  -12.548  3.557  71.613 0.0000000000
53509  -12.555  3.857  71.988 0.0000000000
59110  -41.674  10.542  57.878 0.0000000000
106838  -31.258  8.067  54.770 0.0000000000
57727  -30.674  8.304  53.902 0.0000000000
57767  -29.666  8.995  52.810 0.0000000000
97465  -30.363  9.038  52.890 0.0000000000
58434  -30.032  9.696  52.722 0.0000000000
59157  -30.474  10.416  52.814 0.0000000000
51188  -19.753  0.463  66.260 0.0000000000
51982  -20.157  0.963  66.899 0.0000000000
51170  -20.933  0.957  68.073 0.0000000000
51179  -20.630  0.529  67.427 0.0000000000
51180  -21.067  0.194  67.834 0.0000000000
50412  -21.312  -0.477  68.095 0.0000000000
96508  -26.725  8.340  53.321 0.0000000000
57036  -25.533  7.681  53.468 0.0000000000
55230  -21.142  5.233  67.861 0.0000000000
55229  -20.499  5.245  67.495 0.0000000000
55241  -19.878  5.194  66.862 0.0000000000
52756  -19.570  2.417  66.572 0.0000000000
66498  -50.451  21.243  36.499 0.0000000000
67117  -51.040  21.929  36.903 0.0000000000
67106  -51.137  21.877  37.786 0.0000000000
102588  -50.129  20.793  36.790 0.0000000000
65874  -49.189  20.074  35.805 0.0000000000
66497  -49.838  20.600  36.260 0.0000000000
56191  -4.852  6.366  59.430 0.0000000000
56192  -5.777  6.173  59.788 0.0000000000
54445  -4.142  3.924  60.638 0.0000000000
88939  -4.672  3.764  61.268 0.0000000000
65560  -9.385  20.209  65.769 0.0000000000
66212  -9.611  20.943  65.507 0.0000000000
93253  -9.395  22.361  65.054 0.0000000000
67451  -9.632  21.915  65.085 0.0000000000
67948  -9.831  23.018  64.876 0.0000000000
67950  -9.690  23.554  64.690 0.0000000000
68387  -9.047  23.944  64.490 0.0000000000
68386  -8.101  24.024  64.564 0.0000000000
68385  -7.320  24.113  64.630 0.0000000000
67448  -7.643  22.391  65.630 0.0000000000
58343  -8.062  9.889  60.843 0.0000000000
59079  -7.278  10.305  60.615 0.0000000000
58351  -6.701  9.821  60.108 0.0000000000
56964  -6.003  7.446  59.460 0.0000000000
53621  -38.085  4.333  59.063 0.0000000000
100444  -37.962  3.818  59.782 0.0000000000
104928  -38.550  3.856  61.123 0.0000000000
106143  -38.854  4.274  60.730 0.0000000000
54443  -39.346  5.001  61.712 0.0000000000
54442  -38.762  4.460  62.053 0.0000000000
55285  -34.665  5.411  64.003 0.0000000000
97209  -34.327  5.397  63.026 0.0000000000
55304  -33.937  5.392  62.187 0.0000000000
55325  -33.559  5.430  61.269 0.0000000000
90622  -32.978  5.470  60.672 0.0000000000
55340  -31.447  5.654  60.195 0.0000000000
56196  -30.806  5.848  59.734 0.0000000000
55354  -30.148  6.013  59.429 0.0000000000
54320  -24.371  4.100  70.449 0.0000000000
54321  -25.150  4.153  70.465 0.0000000000
52705  -26.215  2.840  70.707 0.0000000000
52704  -25.338  2.743  70.855 0.0000000000
88883  -30.143  5.967  60.275 0.0000000000
56172  -28.946  6.050  61.471 0.0000000000
56905  -28.629  6.763  67.662 0.0000000000
104072  -28.122  6.773  67.583 0.0000000000
95683  -26.799  6.348  68.184 0.0000000000
56103  -26.191  5.976  68.273 0.0000000000
56091  -25.675  5.944  68.934 0.0000000000
55196  -25.222  5.186  70.005 0.0000000000
55195  -24.531  4.928  69.916 0.0000000000
63031  -51.334  15.750  41.271 0.0000000000
63018  -52.569  15.853  43.461 0.0000000000
62993  -52.435  15.759  43.974 0.0000000000
96241  -52.306  15.966  44.075 0.0000000000
61533  -47.202  13.909  43.900 0.0000000000
62314  -49.882  14.640  40.598 0.0000000000
62313  -48.811  14.299  40.314 0.0000000000
63033  -49.765  15.524  40.137 0.0000000000
56119  -9.829  6.389  64.697 0.0000000000
104159  -7.901  5.075  66.232 0.0000000000
54373  -6.661  4.531  66.914 0.0000000000
51942  -4.449  2.290  70.624 0.0000000000
50397  -3.905  -0.382  70.353 0.0000000000
50404  -3.564  -0.263  69.585 0.0000000000
60475  -14.275  12.003  69.829 0.0000000000
60481  -14.085  12.265  69.445 0.0000000000
89853  -11.871  12.900  69.066 0.0000000000
61264  -12.738  13.060  68.725 0.0000000000
61270  -12.057  13.299  68.354 0.0000000000
61268  -10.185  13.629  68.105 0.0000000000
62019  -8.640  13.975  68.984 0.0000000000
60470  -9.030  12.123  69.736 0.0000000000
59736  -9.406  11.837  69.822 0.0000000000
56917  -11.475  7.426  66.740 0.0000000000
56925  -11.465  7.957  66.187 0.0000000000
57638  -11.406  8.527  65.636 0.0000000000
57637  -11.161  8.385  64.960 0.0000000000
55251  -10.007  6.282  65.523 0.0000000000
62183  -43.758  14.317  52.768 0.0000000000
62190  -44.077  14.306  52.057 0.0000000000
62119  -43.526  14.660  58.008 0.0000000000
103827  -44.056  15.170  57.705 0.0000000000
63571  -42.691  16.637  55.469 0.0000000000
63588  -40.981  16.642  54.643 0.0000000000
97108  -39.813  16.920  54.548 0.0000000000
63586  -39.317  16.423  54.575 0.0000000000
58347  -38.942  9.171  61.110 0.0000000000
58357  -38.434  9.444  60.568 0.0000000000
103656  -37.585  10.061  59.236 0.0000000000
59102  -37.373  10.590  58.459 0.0000000000
51202  -13.156  0.417  64.300 0.0000000000
92266  -13.668  0.089  63.742 0.0000000000
49679  -14.125  -2.041  64.169 0.0000000000
49678  -13.592  -1.387  64.119 0.0000000000
48915  -14.057  -2.646  64.932 0.0000000000
48032  -18.209  -2.856  69.616 0.0000000000
89240  -17.557  -2.874  69.069 0.0000000000
100919  -17.847  -2.886  70.398 0.0000000000
47996  -18.289  -3.416  72.073 0.0000000000
47995  -17.477  -3.258  71.747 0.0000000000
100912  -16.781  -3.133  71.416 0.0000000000
48002  -24.071  -3.136  71.397 0.0000000000
59900  -19.510  11.836  53.894 0.0000000000
54465  -25.387  4.504  58.385 0.0000000000
105708  -23.671  3.512  58.969 0.0000000000
53635  -23.866  3.658  58.445 0.0000000000
53665  -22.928  3.844  56.880 0.0000000000
53634  -22.537  3.565  58.234 0.0000000000
89325  -21.845  6.583  61.523 0.0000000000
56966  -21.394  7.817  59.549 0.0000000000
57674  -21.691  8.658  59.993 0.0000000000
58355  -22.327  9.805  61.384 0.0000000000
58365  -21.821  9.504  60.331 0.0000000000
58354  -21.746  10.383  60.653 0.0000000000
58341  -20.221  9.624  62.644 0.0000000000
53589  -16.150  3.173  62.053 0.0000000000
91034  -15.337  3.074  62.317 0.0000000000
53587  -14.820  3.700  62.512 0.0000000000
91989  -47.002  17.134  51.349 0.0000000000
63639  -47.317  16.686  50.818 0.0000000000
63637  -44.056  16.766  50.651 0.0000000000
56996  -6.266  8.000  55.397 0.0000000000
101073  -7.500  1.986  58.853 0.0000000000
48876  -10.179  -2.716  68.681 0.0000000000
63502  -12.643  16.655  60.799 0.0000000000
64940  -11.715  18.472  60.712 0.0000000000
65611  -11.767  19.696  59.919 0.0000000000
68788  -12.526  26.345  62.918 0.0000000000
67964  -3.972  23.046  60.252 0.0000000000
62751  -5.879  14.697  67.596 0.0000000000
63441  -5.816  15.435  67.433 0.0000000000
62756  -5.358  14.864  67.190 0.0000000000
62763  -4.799  15.205  66.637 0.0000000000
62764  -4.913  15.602  66.226 0.0000000000
62058  -3.873  14.663  62.593 0.0000000000
62798  -4.330  15.169  61.990 0.0000000000
63489  -5.764  15.991  60.962 0.0000000000
64209  -7.093  17.781  61.391 0.0000000000
64228  -6.770  16.970  60.026 0.0000000000
57698  -4.589  8.962  55.809 0.0000000000
59122  -6.224  10.033  55.644 0.0000000000
61385  -9.701  13.417  54.662 0.0000000000
52042  -36.123  1.850  62.242 0.0000000000
52044  -36.854  2.372  62.247 0.0000000000
53575  -36.760  3.657  63.935 0.0000000000
54396  -36.208  3.849  64.398 0.0000000000
53557  -35.464  3.593  65.299 0.0000000000
54394  -35.232  4.685  65.322 0.0000000000
55272  -35.207  5.213  64.797 0.0000000000
101393  -33.204  6.238  64.703 0.0000000000
55270  -33.785  5.874  64.426 0.0000000000
56153  -32.156  6.295  64.018 0.0000000000
51244  -35.697  1.338  62.592 0.0000000000
55200  -28.281  4.805  69.645 0.0000000000
54332  -28.056  4.052  69.883 0.0000000000
52727  -29.168  3.122  68.779 0.0000000000
52717  -28.476  2.989  69.333 0.0000000000
91387  -30.177  2.866  67.895 0.0000000000
56152  -31.456  6.415  63.756 0.0000000000
56929  -31.571  6.729  65.482 0.0000000000
92007  -31.059  6.834  65.741 0.0000000000
56928  -30.595  6.897  65.672 0.0000000000
93268  -32.606  6.156  67.136 0.0000000000
56097  -32.099  6.051  67.641 0.0000000000
94222  -30.718  6.434  67.762 0.0000000000
107207  -30.519  6.932  67.040 0.0000000000
97541  -30.167  6.847  67.390 0.0000000000
56906  -29.429  6.765  67.627 0.0000000000
55201  -29.098  4.917  69.171 0.0000000000
55209  -28.432  5.502  69.326 0.0000000000
60731  -50.065  12.499  43.722 0.0000000000
60732  -51.038  13.108  44.387 0.0000000000
61508  -51.340  13.685  45.733 0.0000000000
61498  -50.628  14.119  46.679 0.0000000000
102059  -47.058  13.736  45.658 0.0000000000
61494  -45.790  13.599  46.074 0.0000000000
89105  -9.889  5.110  68.365 0.0000000000
93656  -9.098  4.721  68.778 0.0000000000
54336  -8.626  4.119  69.704 0.0000000000
91329  -7.733  3.957  69.550 0.0000000000
52709  -8.554  3.394  69.919 0.0000000000
52707  -6.476  3.179  70.102 0.0000000000
93206  -5.753  2.934  70.381 0.0000000000
58321  -15.600  9.465  66.238 0.0000000000
58318  -15.429  9.706  67.963 0.0000000000
59038  -15.798  10.522  68.284 0.0000000000
58316  -15.304  9.750  68.621 0.0000000000
56090  -14.264  6.849  68.982 0.0000000000
98646  -14.768  8.916  70.551 0.0000000000
57623  -14.944  8.951  69.886 0.0000000000
59742  -14.803  11.100  69.334 0.0000000000
59027  -14.361  10.352  69.735 0.0000000000
58308  -13.545  9.276  70.195 0.0000000000
59739  -12.678  11.568  69.993 0.0000000000
57624  -12.873  8.715  69.795 0.0000000000
60586  -43.125  13.229  55.771 0.0000000000
95676  -42.846  12.763  56.221 0.0000000000
93786  -43.477  12.928  57.374 0.0000000000
61355  -43.592  13.233  57.931 0.0000000000
61344  -43.766  13.801  58.114 0.0000000000
61343  -43.290  13.425  58.468 0.0000000000
62117  -41.907  14.395  57.514 0.0000000000
91860  -41.468  13.772  57.928 0.0000000000
57684  -35.003  8.086  58.127 0.0000000000
57693  -35.313  8.722  57.832 0.0000000000
57714  -34.101  9.006  56.045 0.0000000000
58396  -34.610  9.711  55.535 0.0000000000
58408  -32.481  9.416  53.851 0.0000000000
58425  -32.953  10.245  53.650 0.0000000000
59140  -33.693  10.463  53.912 0.0000000000
50467  -17.098  -0.354  63.062 0.0000000000
49691  -16.665  -0.951  63.358 0.0000000000
50452  -17.534  -0.599  63.561 0.0000000000
91159  -18.532  -0.996  65.114 0.0000000000
49667  -18.011  -1.510  64.863 0.0000000000
95460  -19.704  -0.423  66.283 0.0000000000
48889  -20.170  -2.097  67.761 0.0000000000
48888  -19.415  -2.276  67.469 0.0000000000
48887  -18.660  -2.410  67.159 0.0000000000
102237  -19.517  -3.204  71.158 0.0000000000
57764  -22.238  8.527  52.625 0.0000000000
53582  -24.202  3.420  63.374 0.0000000000
54415  -22.278  4.067  63.283 0.0000000000
54429  -22.152  4.041  62.429 0.0000000000
56136  -21.185  6.246  64.633 0.0000000000
97121  -21.704  5.469  63.419 0.0000000000
55279  -18.555  5.586  63.381 0.0000000000
54413  -18.514  4.661  63.625 0.0000000000
53591  -18.137  3.027  63.126 0.0000000000
90495  -18.123  3.935  62.993 0.0000000000
52799  -17.859  2.225  62.936 0.0000000000
51218  -17.705  0.523  63.167 0.0000000000
51237  -17.129  0.197  62.828 0.0000000000
51236  -16.521  0.573  62.606 0.0000000000
65701  -41.271  20.185  52.324 0.0000000000
65715  -41.697  19.595  51.839 0.0000000000
56980  -2.705  7.113  56.891 0.0000000000
56213  -2.705  6.053  57.045 0.0000000000
55370  -2.730  5.190  57.572 0.0000000000
105501  -2.938  4.058  58.066 0.0000000000
105132  -3.975  5.054  59.778 0.0000000000
92834  -3.180  4.720  59.315 0.0000000000
52817  -3.622  2.766  59.365 0.0000000000
53629  -4.121  3.049  58.583 0.0000000000
52819  -5.441  2.294  59.467 0.0000000000
105693  -13.421  -3.283  73.515 0.0000000000
64918  -10.761  18.456  62.799 0.0000000000
65567  -10.451  19.196  63.050 0.0000000000
66215  -10.224  20.999  63.783 0.0000000000
101548  -10.832  21.818  62.623 0.0000000000
66866  -10.898  22.445  63.133 0.0000000000
96124  -10.127  21.941  64.814 0.0000000000
68391  -11.002  24.305  63.750 0.0000000000
67459  -10.671  23.035  64.206 0.0000000000
67954  -11.024  23.649  63.673 0.0000000000
68394  -11.809  25.411  63.221 0.0000000000
69640  -11.567  26.846  63.664 0.0000000000
69193  -11.872  26.567  63.692 0.0000000000
69638  -9.287  26.482  63.139 0.0000000000
68775  -6.304  25.534  64.455 0.0000000000
104579  -5.844  24.967  64.396 0.0000000000
68784  -5.116  26.266  63.820 0.0000000000
103402  -5.366  25.682  63.744 0.0000000000
67955  -6.072  23.605  63.488 0.0000000000
67956  -5.783  23.492  62.568 0.0000000000
59773  -4.456  11.437  65.062 0.0000000000
59788  -4.223  11.481  63.727 0.0000000000
59782  -4.050  11.471  64.341 0.0000000000
59794  -3.857  11.625  63.280 0.0000000000
59797  -6.228  11.304  62.567 0.0000000000
59805  -5.545  11.453  61.874 0.0000000000
91708  -3.451  12.434  62.162 0.0000000000
61303  -3.249  13.187  61.503 0.0000000000
97265  -3.247  13.322  60.586 0.0000000000
62075  -3.204  14.227  60.088 0.0000000000
60520  -3.386  12.488  59.163 0.0000000000
97400  -3.537  11.683  58.642 0.0000000000
59097  -3.582  10.875  58.127 0.0000000000
58361  -5.265  9.668  59.383 0.0000000000
58369  -3.804  9.336  58.138 0.0000000000
105656  -8.672  18.914  55.094 0.0000000000
56212  -39.310  6.800  58.567 0.0000000000
99879  -39.078  4.821  60.293 0.0000000000
55345  -39.697  5.389  60.661 0.0000000000
56169  -40.166  6.480  61.448 0.0000000000
56957  -40.334  7.196  61.110 0.0000000000
56955  -38.329  7.219  61.495 0.0000000000
57666  -37.320  7.880  60.515 0.0000000000
52800  -37.406  2.926  62.669 0.0000000000
104915  -37.877  3.467  62.400 0.0000000000
53585  -38.023  3.990  62.951 0.0000000000
56178  -37.791  6.500  61.457 0.0000000000
56960  -35.887  7.069  60.063 0.0000000000
107359  -36.177  7.646  59.783 0.0000000000
56977  -34.613  7.452  58.476 0.0000000000
56983  -33.564  7.347  57.462 0.0000000000
56218  -31.318  6.601  57.321 0.0000000000
56232  -31.858  6.931  56.913 0.0000000000
56243  -29.506  6.597  56.138 0.0000000000
56263  -29.513  7.043  55.213 0.0000000000
56262  -28.622  6.765  54.788 0.0000000000
53528  -21.264  3.517  69.462 0.0000000000
52714  -21.477  2.993  69.708 0.0000000000
51937  -22.976  1.992  70.452 0.0000000000
51938  -23.471  1.347  70.601 0.0000000000
53508  -24.495  2.728  70.780 0.0000000000
53507  -23.892  2.690  70.660 0.0000000000
52700  -24.186  2.195  70.748 0.0000000000
50391  -24.724  -0.478  71.356 0.0000000000
50390  -24.221  -0.427  71.323 0.0000000000
48847  -24.662  -1.609  71.403 0.0000000000
97115  -25.050  -1.457  71.197 0.0000000000
53524  -27.808  3.211  70.003 0.0000000000
105611  -27.240  2.612  70.102 0.0000000000
51946  -27.699  2.498  69.654 0.0000000000
55378  -27.468  5.593  57.545 0.0000000000
55353  -28.901  6.065  59.324 0.0000000000
97212  -28.741  5.918  58.165 0.0000000000
55352  -27.490  5.598  59.817 0.0000000000
55364  -26.905  5.418  58.337 0.0000000000
54447  -25.517  3.886  60.619 0.0000000000
56151  -30.707  6.569  63.931 0.0000000000
56150  -29.427  6.451  63.536 0.0000000000
55284  -28.277  5.955  63.347 0.0000000000
56115  -28.123  6.387  65.768 0.0000000000
55267  -27.010  5.180  64.475 0.0000000000
55268  -27.678  5.734  64.660 0.0000000000
91548  -27.068  5.218  63.163 0.0000000000
53583  -25.053  3.577  63.708 0.0000000000
53555  -24.785  3.871  66.225 0.0000000000
53564  -24.445  3.579  64.955 0.0000000000
53554  -23.821  3.752  66.083 0.0000000000
54353  -24.866  4.828  68.446 0.0000000000
102707  -23.074  4.775  68.968 0.0000000000
54352  -23.817  4.541  68.522 0.0000000000
54351  -22.826  4.609  68.279 0.0000000000
55231  -21.897  4.932  68.110 0.0000000000
54327  -21.947  4.395  69.529 0.0000000000
55217  -21.524  4.610  68.904 0.0000000000
65840  -50.820  19.280  39.639 0.0000000000
65149  -51.495  19.038  41.675 0.0000000000
65786  -51.023  19.997  42.930 0.0000000000
104365  -52.369  17.919  42.898 0.0000000000
99391  -52.247  17.911  43.336 0.0000000000
94529  -50.167  19.742  43.607 0.0000000000
97663  -49.053  20.899  44.264 0.0000000000
65776  -48.190  20.034  43.921 0.0000000000
61536  -51.686  14.241  43.524 0.0000000000
63687  -51.200  16.206  43.759 0.0000000000
63017  -49.666  15.948  43.173 0.0000000000
62282  -47.459  14.375  43.188 0.0000000000
95345  -47.177  14.887  42.667 0.0000000000
63707  -46.478  16.200  42.395 0.0000000000
63708  -47.803  16.590  42.474 0.0000000000
64419  -47.613  17.581  42.559 0.0000000000
63743  -47.998  16.337  38.667 0.0000000000
64467  -47.754  17.168  38.115 0.0000000000
64469  -49.542  17.895  38.937 0.0000000000
65193  -49.632  18.620  38.556 0.0000000000
56170  -8.916  6.648  61.384 0.0000000000
55314  -8.433  5.851  61.410 0.0000000000
54423  -7.956  5.063  63.025 0.0000000000
92806  -6.270  4.270  63.001 0.0000000000
54399  -6.669  4.688  64.564 0.0000000000
89340  -5.400  3.119  64.763 0.0000000000
52764  -5.288  3.075  65.488 0.0000000000
54360  -8.042  4.640  67.790 0.0000000000
53541  -5.020  3.773  67.959 0.0000000000
103108  -3.819  2.439  69.668 0.0000000000
53531  -4.625  3.326  69.982 0.0000000000
51966  -4.045  1.834  67.635 0.0000000000
52752  -4.498  2.393  67.080 0.0000000000
60522  -16.574  12.579  59.206 0.0000000000
61334  -15.992  13.032  58.929 0.0000000000
60521  -16.035  12.851  59.869 0.0000000000
61320  -14.568  14.202  60.191 0.0000000000
61311  -14.642  13.912  60.935 0.0000000000
60509  -16.046  12.834  62.255 0.0000000000
61300  -15.565  13.130  62.996 0.0000000000
62069  -14.173  14.315  61.495 0.0000000000
62059  -13.706  14.682  62.040 0.0000000000
96714  -12.526  15.534  62.959 0.0000000000
59769  -17.707  11.796  67.426 0.0000000000
61286  -16.596  12.549  66.945 0.0000000000
61285  -15.659  12.880  66.609 0.0000000000
61272  -14.461  13.040  67.888 0.0000000000
91352  -14.100  13.391  67.504 0.0000000000
89564  -14.081  13.696  66.899 0.0000000000
61288  -14.010  13.945  66.087 0.0000000000
61289  -14.536  13.671  65.539 0.0000000000
62041  -13.451  14.389  64.897 0.0000000000
63469  -11.962  15.743  63.506 0.0000000000
63460  -11.109  16.237  63.961 0.0000000000
64170  -9.951  16.958  64.680 0.0000000000
62766  -10.137  15.089  66.048 0.0000000000
63451  -8.859  16.382  66.616 0.0000000000
64893  -9.240  18.613  65.840 0.0000000000
64891  -8.928  18.246  66.513 0.0000000000
64886  -8.622  19.145  67.860 0.0000000000
64155  -7.468  16.470  67.697 0.0000000000
104597  -8.080  14.198  69.291 0.0000000000
62014  -7.798  14.023  69.416 0.0000000000
62013  -7.320  14.490  69.272 0.0000000000
62012  -6.949  14.271  69.184 0.0000000000
62749  -6.663  14.698  68.640 0.0000000000
104146  -6.222  14.369  68.113 0.0000000000
62011  -6.570  13.984  68.594 0.0000000000
98699  -7.031  12.079  67.729 0.0000000000
60466  -6.531  12.786  67.510 0.0000000000
59744  -6.263  12.152  67.091 0.0000000000
59743  -4.869  12.011  67.302 0.0000000000
101068  -5.724  11.762  67.272 0.0000000000
59036  -10.858  10.729  68.448 0.0000000000
59047  -11.183  10.094  67.032 0.0000000000
59753  -9.154  11.509  68.425 0.0000000000
59758  -8.465  11.616  67.897 0.0000000000
59766  -7.671  11.650  66.767 0.0000000000
89232  -5.946  11.671  66.994 0.0000000000
88915  -8.127  11.425  64.142 0.0000000000
59791  -7.368  11.357  63.503 0.0000000000
58330  -10.725  9.313  63.584 0.0000000000
57647  -10.283  8.550  62.632 0.0000000000
58329  -10.250  9.755  63.110 0.0000000000
58334  -9.191  9.727  61.960 0.0000000000
56951  -9.407  7.079  61.807 0.0000000000
60636  -46.650  12.963  50.189 0.0000000000
61426  -47.878  14.335  51.337 0.0000000000
61423  -44.494  14.024  51.362 0.0000000000
62187  -47.686  15.443  51.889 0.0000000000
63608  -47.487  16.077  52.168 0.0000000000
64326  -45.859  17.789  52.418 0.0000000000
65063  -45.222  18.339  52.353 0.0000000000
90520  -42.611  13.588  54.135 0.0000000000
106454  -42.970  13.922  53.697 0.0000000000
62170  -44.958  15.079  54.864 0.0000000000
62862  -44.248  15.525  57.117 0.0000000000
62863  -44.697  15.334  56.672 0.0000000000
63574  -44.590  16.324  55.547 0.0000000000
64307  -45.141  17.102  54.034 0.0000000000
65679  -43.725  19.297  53.812 0.0000000000
65691  -43.739  19.702  53.310 0.0000000000
65705  -44.114  19.562  52.781 0.0000000000
66325  -43.657  19.996  52.891 0.0000000000
66324  -43.226  20.330  52.670 0.0000000000
66946  -41.681  20.870  54.137 0.0000000000
66312  -40.361  20.702  53.883 0.0000000000
66299  -40.439  20.435  54.492 0.0000000000
65028  -39.957  19.819  55.186 0.0000000000
56985  -39.483  7.701  57.995 0.0000000000
90656  -40.050  8.202  58.478 0.0000000000
103390  -41.378  9.731  59.636 0.0000000000
58368  -41.494  9.897  59.153 0.0000000000
59085  -39.608  10.282  60.620 0.0000000000
59075  -40.488  10.055  60.962 0.0000000000
59818  -40.633  11.164  60.116 0.0000000000
59827  -41.254  11.757  59.806 0.0000000000
60529  -41.627  12.229  59.198 0.0000000000
60528  -40.866  12.216  59.195 0.0000000000
103990  -39.568  12.535  57.809 0.0000000000
60556  -40.220  12.830  57.972 0.0000000000
93140  -35.571  9.272  57.562 0.0000000000
59107  -36.577  10.460  57.507 0.0000000000
59119  -36.708  10.891  57.123 0.0000000000
59865  -37.235  11.426  56.938 0.0000000000
60581  -36.955  12.305  54.954 0.0000000000
60568  -37.770  12.037  56.440 0.0000000000
60583  -38.332  12.608  55.875 0.0000000000
61382  -40.006  13.932  55.801 0.0000000000
62146  -39.618  14.288  54.978 0.0000000000
62167  -39.921  14.986  54.773 0.0000000000
51970  -12.150  1.846  67.539 0.0000000000
51191  -11.551  0.217  65.749 0.0000000000
50424  -10.463  -0.229  66.455 0.0000000000
102967  -12.508  -0.770  64.788 0.0000000000
49666  -12.151  -1.381  65.169 0.0000000000
48897  -11.670  -2.641  66.327 0.0000000000
48885  -11.121  -2.945  67.392 0.0000000000
48048  -12.413  -3.171  68.698 0.0000000000
48026  -12.451  -2.970  70.066 0.0000000000
49681  -16.524  -1.744  63.970 0.0000000000
105031  -15.780  -1.959  64.037 0.0000000000
48931  -16.216  -2.250  64.580 0.0000000000
93324  -15.000  -2.999  66.341 0.0000000000
48030  -16.243  -2.918  69.351 0.0000000000
48029  -15.537  -2.987  69.392 0.0000000000
89243  -14.879  -3.057  68.916 0.0000000000
48009  -13.953  -2.855  70.757 0.0000000000
47991  -13.425  -2.773  71.130 0.0000000000
48845  -14.029  -2.873  72.410 0.0000000000
47976  -15.377  -3.767  73.134 0.0000000000
51952  -21.634  1.661  69.345 0.0000000000
50408  -22.587  -0.672  69.574 0.0000000000
49633  -22.359  -1.478  69.529 0.0000000000
91399  -23.365  -2.790  71.485 0.0000000000
48856  -22.587  -2.974  71.292 0.0000000000
48865  -21.792  -3.084  70.865 0.0000000000
48016  -21.230  -3.474  71.304 0.0000000000
60548  -17.086  12.480  57.051 0.0000000000
106147  -27.314  6.549  54.292 0.0000000000
105384  -26.113  6.452  54.049 0.0000000000
56260  -25.555  6.356  53.994 0.0000000000
56259  -24.713  6.204  53.869 0.0000000000
54507  -25.121  5.155  55.709 0.0000000000
54506  -24.312  4.826  55.758 0.0000000000
55436  -23.390  5.703  54.042 0.0000000000
56275  -23.333  6.303  53.526 0.0000000000
57034  -23.172  7.033  53.084 0.0000000000
55435  -22.531  6.498  53.458 0.0000000000
56274  -21.685  6.723  53.620 0.0000000000
57032  -21.369  7.565  53.277 0.0000000000
57031  -20.743  7.756  53.762 0.0000000000
53600  -23.039  3.378  61.347 0.0000000000
54453  -21.653  4.113  59.834 0.0000000000
53616  -22.013  3.728  59.410 0.0000000000
53649  -21.996  3.740  57.897 0.0000000000
54479  -21.567  4.197  57.965 0.0000000000
55350  -21.349  5.657  59.834 0.0000000000
56205  -21.047  5.955  58.937 0.0000000000
56215  -20.663  6.436  57.404 0.0000000000
55375  -20.869  5.676  56.934 0.0000000000
55389  -20.914  5.712  55.937 0.0000000000
92973  -20.230  7.864  55.388 0.0000000000
103702  -20.459  7.162  55.227 0.0000000000
58407  -20.100  9.157  54.200 0.0000000000
58394  -19.856  9.277  55.036 0.0000000000
59124  -19.473  10.416  55.988 0.0000000000
92783  -19.393  10.833  55.229 0.0000000000
93699  -20.850  9.338  58.718 0.0000000000
58371  -20.479  9.905  58.366 0.0000000000
59106  -19.739  10.590  57.730 0.0000000000
59844  -19.265  10.905  57.180 0.0000000000
95235  -16.991  12.339  58.727 0.0000000000
106820  -17.823  11.984  61.047 0.0000000000
106970  -19.009  12.151  62.400 0.0000000000
92558  -18.574  10.695  64.249 0.0000000000
103805  -19.969  7.488  62.961 0.0000000000
106440  -17.974  8.207  62.422 0.0000000000
55317  -16.803  5.585  61.914 0.0000000000
56942  -15.839  7.453  62.517 0.0000000000
91742  -16.637  7.064  62.170 0.0000000000
57646  -16.228  8.866  63.152 0.0000000000
58331  -15.811  8.911  63.686 0.0000000000
58327  -15.753  9.151  64.372 0.0000000000
58324  -15.688  9.329  65.303 0.0000000000
57639  -14.683  8.138  65.162 0.0000000000
54412  -13.865  4.134  63.679 0.0000000000
54401  -13.597  4.427  64.633 0.0000000000
54388  -13.476  4.654  65.547 0.0000000000
95660  -13.489  4.866  66.435 0.0000000000
55240  -13.597  5.041  67.350 0.0000000000
66449  -51.210  21.018  40.120 0.0000000000
60648  -48.375  12.339  49.743 0.0000000000
59938  -48.947  11.711  49.172 0.0000000000
61440  -49.585  13.369  50.039 0.0000000000
62211  -49.644  14.471  49.505 0.0000000000
62236  -49.198  14.785  48.979 0.0000000000
63659  -46.786  16.286  50.211 0.0000000000
62947  -47.208  15.827  49.703 0.0000000000
62263  -48.358  14.713  48.332 0.0000000000
62262  -46.501  14.404  47.743 0.0000000000
61469  -44.136  13.913  47.183 0.0000000000
61470  -44.925  14.059  47.227 0.0000000000
53645  -7.189  3.619  57.852 0.0000000000
54477  -8.162  4.014  57.514 0.0000000000
90006  -10.542  1.168  67.575 0.0000000000
51961  -11.124  1.805  68.371 0.0000000000
94198  -8.181  -0.183  68.366 0.0000000000
48874  -8.940  -2.019  68.540 0.0000000000
50411  -7.702  -0.422  68.872 0.0000000000
50406  -7.221  -0.621  69.490 0.0000000000
49629  -6.691  -0.843  70.248 0.0000000000
97900  -5.949  -1.518  71.757 0.0000000000
50393  -5.511  -0.964  71.151 0.0000000000
62097  -15.140  14.159  58.593 0.0000000000
62110  -15.074  14.495  58.121 0.0000000000
62840  -13.833  16.254  58.293 0.0000000000
62841  -14.359  15.846  57.616 0.0000000000
64250  -13.470  17.827  57.449 0.0000000000
64231  -12.906  17.179  59.173 0.0000000000
64240  -12.626  18.174  58.782 0.0000000000
65591  -10.908  19.805  61.819 0.0000000000
96262  -11.570  21.752  60.268 0.0000000000
66203  -7.426  19.645  68.097 0.0000000000
66207  -7.724  20.178  67.457 0.0000000000
104175  -6.065  19.792  68.111 0.0000000000
66855  -7.240  20.685  66.113 0.0000000000
64881  -5.974  17.021  66.939 0.0000000000
64882  -6.556  17.912  67.017 0.0000000000
64887  -6.354  17.663  66.715 0.0000000000
65558  -6.590  19.246  66.514 0.0000000000
65557  -6.343  19.041  67.018 0.0000000000
98068  -7.035  20.645  64.409 0.0000000000
66864  -6.890  20.894  63.525 0.0000000000
60494  -3.166  11.869  65.415 0.0000000000
61280  -3.261  12.670  66.014 0.0000000000
99759  -3.267  13.169  65.240 0.0000000000
62044  -4.085  14.684  64.760 0.0000000000
62036  -3.956  14.462  65.654 0.0000000000
63454  -5.343  16.040  65.683 0.0000000000
62767  -5.163  15.692  64.950 0.0000000000
62778  -5.203  15.686  63.341 0.0000000000
62777  -4.627  15.265  63.760 0.0000000000
104632  -6.602  17.333  63.703 0.0000000000
63455  -6.279  17.083  65.074 0.0000000000
64894  -7.073  18.450  64.228 0.0000000000
66214  -7.059  20.348  62.808 0.0000000000
66869  -6.688  21.174  62.686 0.0000000000
105581  -6.465  21.460  62.008 0.0000000000
66227  -6.616  20.661  60.879 0.0000000000
67467  -5.726  21.828  60.856 0.0000000000
66883  -5.405  21.658  60.261 0.0000000000
66243  -6.597  20.807  59.122 0.0000000000
66235  -6.540  20.710  60.027 0.0000000000
67495  -4.023  21.812  58.030 0.0000000000
67505  -5.408  21.706  57.012 0.0000000000
67516  -4.492  22.628  56.086 0.0000000000
67517  -5.257  22.057  56.248 0.0000000000
67527  -5.236  22.672  55.515 0.0000000000
93162  -7.425  20.878  56.763 0.0000000000
64239  -7.391  17.698  58.640 0.0000000000
64968  -7.858  19.028  58.379 0.0000000000
64983  -7.827  18.193  58.020 0.0000000000
99047  -8.298  18.550  56.708 0.0000000000
94528  -8.479  18.908  55.942 0.0000000000
63543  -8.058  16.641  55.794 0.0000000000
62094  -3.932  14.673  58.392 0.0000000000
62107  -5.148  14.647  57.598 0.0000000000
59841  -5.506  11.944  57.172 0.0000000000
62121  -6.612  14.342  56.956 0.0000000000
60574  -8.912  12.690  55.627 0.0000000000
59870  -9.111  11.896  55.290 0.0000000000
58405  -7.837  9.499  54.063 0.0000000000
59132  -7.898  10.298  54.692 0.0000000000
59133  -8.399  10.187  54.026 0.0000000000
52750  -33.369  2.984  66.949 0.0000000000
104401  -33.010  3.630  67.191 0.0000000000
59203  -48.421  10.654  48.031 0.0000000000
96247  -49.203  11.362  48.497 0.0000000000
52722  -11.532  2.763  70.303 0.0000000000
52732  -10.672  2.122  69.060 0.0000000000
53535  -13.218  3.587  69.058 0.0000000000
54348  -13.549  4.496  69.140 0.0000000000
93462  -13.344  3.915  70.208 0.0000000000
53527  -13.095  3.649  71.263 0.0000000000
57041  -30.183  8.057  54.059 0.0000000000
51971  -19.956  1.889  67.134 0.0000000000
54350  -20.762  4.445  68.593 0.0000000000
54349  -20.438  4.742  68.003 0.0000000000
66488  -49.835  20.398  37.065 0.0000000000
56193  -6.444  6.787  59.762 0.0000000000
62136  -15.788  14.808  55.795 0.0000000000
96873  -9.121  21.049  66.020 0.0000000000
67946  -8.160  22.900  65.295 0.0000000000
57664  -8.589  8.480  60.786 0.0000000000
57663  -7.985  8.639  60.360 0.0000000000
53620  -37.190  3.356  59.736 0.0000000000
94084  -33.415  5.557  62.981 0.0000000000
55341  -32.200  5.533  60.546 0.0000000000
55188  -25.382  4.761  70.256 0.0000000000
54322  -25.918  4.324  70.413 0.0000000000
56083  -27.585  6.308  68.842 0.0000000000
56082  -26.754  6.152  69.097 0.0000000000
56081  -25.962  6.022  69.256 0.0000000000
63025  -51.679  15.169  41.946 0.0000000000
62308  -51.434  14.543  42.091 0.0000000000
62286  -52.376  14.955  43.792 0.0000000000
61564  -48.556  13.502  40.630 0.0000000000
106080  -4.421  0.714  70.607 0.0000000000
60502  -19.047  12.288  65.108 0.0000000000
60498  -19.344  12.070  65.641 0.0000000000
60497  -18.522  12.048  66.399 0.0000000000
95052  -9.668  12.874  69.376 0.0000000000
56110  -11.070  6.753  66.600 0.0000000000
62176  -43.357  14.140  53.347 0.0000000000
63570  -41.760  16.273  55.090 0.0000000000
62893  -40.166  15.587  54.688 0.0000000000
58356  -37.828  9.107  60.321 0.0000000000
103421  -37.437  9.350  59.740 0.0000000000
105878  -13.955  0.475  63.459 0.0000000000
49690  -14.325  -1.323  63.667 0.0000000000
48943  -14.999  -1.848  63.863 0.0000000000
59914  -20.681  11.498  52.798 0.0000000000
53636  -24.597  3.999  58.423 0.0000000000
53607  -23.346  3.405  59.610 0.0000000000
58346  -22.389  9.995  62.073 0.0000000000
52035  -16.064  1.743  62.347 0.0000000000
52795  -15.011  2.338  62.525 0.0000000000
52787  -14.350  2.410  62.952 0.0000000000
101335  -14.241  0.884  63.176 0.0000000000
64340  -45.101  17.966  51.658 0.0000000000
64351  -43.499  17.555  51.134 0.0000000000
102206  -11.613  -2.987  69.739 0.0000000000
48025  -10.964  -2.850  70.237 0.0000000000
64211  -12.202  17.370  60.844 0.0000000000
64210  -11.846  17.562  61.337 0.0000000000
68790  -5.270  25.014  62.576 0.0000000000
68395  -4.728  24.994  61.602 0.0000000000
61258  -4.857  13.203  67.166 0.0000000000
62755  -4.972  14.358  67.105 0.0000000000
61266  -4.215  13.117  67.185 0.0000000000
62025  -4.461  14.005  67.047 0.0000000000
97468  -6.294  16.455  59.701 0.0000000000
63512  -6.605  16.808  59.043 0.0000000000
57697  -3.630  8.731  56.283 0.0000000000
57708  -5.441  9.076  55.440 0.0000000000
52030  -36.118  1.772  63.413 0.0000000000
52782  -36.231  2.588  64.364 0.0000000000
53556  -34.903  3.557  65.995 0.0000000000
55258  -34.561  5.643  65.402 0.0000000000
56129  -32.923  6.461  65.283 0.0000000000
107239  -35.445  1.003  62.878 0.0000000000
52728  -29.613  2.936  68.288 0.0000000000
56930  -32.194  6.651  65.720 0.0000000000
56923  -32.153  6.615  66.366 0.0000000000
55223  -31.714  5.385  68.076 0.0000000000
55222  -30.937  5.358  68.314 0.0000000000
56086  -30.436  5.899  68.340 0.0000000000
56085  -29.740  5.895  68.535 0.0000000000
104622  -29.865  5.309  68.695 0.0000000000
59971  -49.470  11.857  44.069 0.0000000000
60683  -51.250  13.011  47.120 0.0000000000
93134  -9.026  2.994  70.034 0.0000000000
51950  -6.062  2.024  69.799 0.0000000000
56079  -14.162  6.778  69.902 0.0000000000
58309  -14.247  9.193  70.303 0.0000000000
97482  -13.132  8.116  69.974 0.0000000000
55190  -12.321  4.468  71.427 0.0000000000
55202  -11.627  5.457  69.496 0.0000000000
55214  -11.386  5.873  68.601 0.0000000000
59851  -42.370  11.367  57.924 0.0000000000
59850  -41.952  11.164  57.332 0.0000000000
59837  -42.777  11.991  58.124 0.0000000000
60542  -43.018  12.676  58.409 0.0000000000
61330  -42.712  12.948  58.761 0.0000000000
61329  -42.084  13.055  58.990 0.0000000000
96823  -31.780  10.967  53.196 0.0000000000
51219  -18.061  -0.024  63.631 0.0000000000
50432  -19.098  -0.874  65.730 0.0000000000
49647  -20.493  -1.353  67.476 0.0000000000
96601  -23.787  3.504  64.616 0.0000000000
53562  -22.984  3.679  64.647 0.0000000000
52780  -18.656  2.266  64.437 0.0000000000
90901  -18.239  0.743  63.740 0.0000000000
65689  -39.940  20.147  53.128 0.0000000000
92468  -40.429  19.811  52.410 0.0000000000
65891  -49.310  20.037  34.000 0.0000000000
55360  -2.584  5.108  58.114 0.0000000000
55347  -2.772  4.473  58.655 0.0000000000
98548  -10.040  19.294  63.825 0.0000000000
67452  -10.222  22.900  64.605 0.0000000000
67456  -10.429  22.889  64.563 0.0000000000
68390  -10.917  24.877  63.697 0.0000000000
69192  -11.384  26.404  63.550 0.0000000000
69637  -8.128  26.398  63.177 0.0000000000
69644  -7.290  26.832  62.951 0.0000000000
67949  -6.954  23.510  64.975 0.0000000000
94652  -6.504  24.261  64.515 0.0000000000
67953  -6.429  23.658  64.291 0.0000000000
67457  -6.609  22.396  64.271 0.0000000000
89374  -5.617  11.402  64.053 0.0000000000
103925  -5.006  11.401  63.536 0.0000000000
59814  -6.083  11.278  60.992 0.0000000000
59812  -3.509  12.513  60.112 0.0000000000
57682  -4.787  8.462  58.796 0.0000000000
57680  -3.271  8.429  57.592 0.0000000000
65666  -8.797  19.334  54.511 0.0000000000
55330  -39.975  5.491  61.425 0.0000000000
55331  -40.126  5.819  61.859 0.0000000000
53584  -37.358  3.678  63.362 0.0000000000
55327  -35.384  5.533  61.564 0.0000000000
56968  -34.910  7.180  59.148 0.0000000000
56210  -33.387  6.466  58.633 0.0000000000
56208  -31.734  5.998  58.463 0.0000000000
54328  -22.247  4.068  70.018 0.0000000000
53511  -22.370  3.494  70.240 0.0000000000
51939  -25.305  1.169  70.884 0.0000000000
51936  -24.543  1.003  70.896 0.0000000000
50395  -25.193  -0.326  71.180 0.0000000000
55395  -28.759  5.924  57.114 0.0000000000
103445  -28.168  5.866  59.553 0.0000000000
55337  -26.883  5.226  60.122 0.0000000000
56138  -29.970  6.636  64.226 0.0000000000
92854  -28.819  6.424  64.557 0.0000000000
55246  -27.448  5.881  65.979 0.0000000000
54407  -26.383  4.539  64.498 0.0000000000
53574  -25.126  3.685  64.571 0.0000000000
89344  -22.828  4.811  69.360 0.0000000000
89948  -22.270  4.824  69.219 0.0000000000
90625  -22.480  4.384  69.706 0.0000000000
64457  -50.254  17.733  39.593 0.0000000000
65184  -50.854  18.407  40.017 0.0000000000
65167  -51.427  18.283  40.940 0.0000000000
64399  -52.166  17.488  43.658 0.0000000000
65126  -50.112  19.006  43.515 0.0000000000
105428  -48.374  18.986  43.332 0.0000000000
62276  -51.372  14.317  44.820 0.0000000000
62989  -49.134  15.197  43.327 0.0000000000
105828  -45.917  14.922  42.518 0.0000000000
63014  -46.530  15.257  42.494 0.0000000000
107165  -48.656  15.312  39.586 0.0000000000
63039  -48.415  15.655  39.233 0.0000000000
99030  -8.696  5.533  63.073 0.0000000000
55248  -6.877  4.850  65.447 0.0000000000
51977  -4.921  2.008  66.281 0.0000000000
54345  -7.283  4.147  69.120 0.0000000000
51167  -3.548  0.826  68.655 0.0000000000
51956  -3.680  1.309  68.179 0.0000000000
103671  -15.725  12.970  61.548 0.0000000000
62052  -14.291  14.082  62.992 0.0000000000
93025  -13.801  14.462  62.654 0.0000000000
62051  -13.695  14.435  63.305 0.0000000000
62050  -13.159  14.720  63.583 0.0000000000
59760  -17.207  11.708  67.650 0.0000000000
91191  -16.859  12.057  68.196 0.0000000000
61278  -13.417  13.655  67.444 0.0000000000
62040  -12.663  14.615  65.157 0.0000000000
62774  -10.939  15.775  64.595 0.0000000000
105186  -9.260  14.965  67.165 0.0000000000
64162  -8.163  17.307  67.555 0.0000000000
61255  -8.068  13.245  69.336 0.0000000000
60467  -7.057  12.996  68.462 0.0000000000
58311  -12.067  9.883  68.903 0.0000000000
59037  -11.476  10.287  68.567 0.0000000000
59046  -10.762  10.346  66.389 0.0000000000
106902  -8.296  11.614  67.241 0.0000000000
59776  -7.839  11.575  65.868 0.0000000000
59784  -8.951  11.334  64.721 0.0000000000
56936  -10.572  7.877  63.718 0.0000000000
57648  -10.637  8.613  63.309 0.0000000000
56941  -10.392  7.953  63.013 0.0000000000
57656  -9.803  8.510  62.003 0.0000000000
61431  -46.123  13.588  50.757 0.0000000000
62185  -45.453  14.857  52.728 0.0000000000
95266  -46.295  14.706  52.075 0.0000000000
63607  -47.127  16.521  52.483 0.0000000000
64317  -45.826  17.403  53.147 0.0000000000
63573  -44.009  16.591  55.909 0.0000000000
64306  -44.369  17.490  54.328 0.0000000000
65678  -43.276  19.939  53.860 0.0000000000
66302  -42.750  20.466  53.981 0.0000000000
65676  -41.550  20.100  54.411 0.0000000000
64302  -40.063  17.779  54.639 0.0000000000
56971  -40.367  7.645  59.648 0.0000000000
57679  -40.802  8.350  59.668 0.0000000000
95742  -41.134  9.291  60.245 0.0000000000
59817  -39.889  10.883  60.235 0.0000000000
60527  -40.109  12.070  59.109 0.0000000000
59117  -35.641  10.193  56.265 0.0000000000
106132  -38.038  12.771  55.259 0.0000000000
51980  -12.220  1.698  66.628 0.0000000000
48914  -12.587  -2.107  65.113 0.0000000000
48898  -12.430  -2.610  65.745 0.0000000000
48085  -11.906  -3.152  67.078 0.0000000000
101675  -17.258  -2.331  65.556 0.0000000000
48900  -16.908  -2.590  66.036 0.0000000000
48089  -16.518  -2.697  66.574 0.0000000000
89978  -16.602  -2.858  70.078 0.0000000000
47982  -14.923  -3.114  72.357 0.0000000000
51155  -22.874  0.687  70.052 0.0000000000
50401  -23.111  -0.269  69.988 0.0000000000
94492  -22.844  -4.068  71.284 0.0000000000
104264  -22.261  -4.133  71.374 0.0000000000
61387  -17.763  13.620  54.702 0.0000000000
60575  -17.744  12.815  55.274 0.0000000000
55409  -27.265  5.742  55.669 0.0000000000
54493  -23.406  4.316  56.172 0.0000000000
54505  -23.469  4.819  55.369 0.0000000000
54515  -22.859  5.006  55.034 0.0000000000
55417  -22.597  5.470  54.447 0.0000000000
56257  -21.301  6.305  54.319 0.0000000000
53592  -22.559  3.649  61.885 0.0000000000
56194  -21.140  6.939  59.171 0.0000000000
56204  -20.800  6.626  58.293 0.0000000000
59833  -19.254  11.120  57.956 0.0000000000
59823  -18.868  11.618  60.117 0.0000000000
59816  -19.393  11.779  61.195 0.0000000000
90830  -20.815  11.325  62.772 0.0000000000
56159  -17.970  6.595  62.497 0.0000000000
55294  -15.431  5.290  62.199 0.0000000000
106496  -15.750  5.731  62.074 0.0000000000
56938  -15.296  7.790  63.054 0.0000000000
105397  -15.069  8.096  63.617 0.0000000000
57642  -14.809  8.120  64.273 0.0000000000
66418  -50.647  21.033  42.403 0.0000000000
67074  -50.652  22.481  42.163 0.0000000000
61433  -48.302  13.761  50.793 0.0000000000
61434  -49.018  13.939  50.542 0.0000000000
62964  -45.599  15.226  49.011 0.0000000000
62261  -45.460  14.350  47.737 0.0000000000
62259  -43.593  14.252  47.754 0.0000000000
54474  -4.400  4.239  57.606 0.0000000000
94365  -5.471  4.060  57.703 0.0000000000
104262  -6.357  4.352  62.228 0.0000000000
54420  -5.334  3.422  62.703 0.0000000000
51178  -9.932  0.631  67.313 0.0000000000
51185  -9.833  0.053  66.942 0.0000000000
50418  -9.298  -0.364  67.330 0.0000000000
50417  -8.716  -0.791  67.895 0.0000000000
93066  -8.531  -2.090  70.127 0.0000000000
92224  -7.914  -1.673  70.098 0.0000000000
49623  -7.262  -1.371  70.602 0.0000000000
102621  -6.585  -1.508  72.010 0.0000000000
62829  -13.850  15.812  58.944 0.0000000000
98617  -13.382  16.858  58.544 0.0000000000
94593  -12.302  19.039  58.918 0.0000000000
66220  -10.783  21.181  62.142 0.0000000000
66876  -11.042  21.196  61.422 0.0000000000
67966  -11.703  23.157  60.793 0.0000000000
68416  -3.028  24.292  58.711 0.0000000000
68417  -3.443  24.346  57.944 0.0000000000
64884  -7.543  18.383  67.964 0.0000000000
65551  -6.841  19.303  68.019 0.0000000000
103705  -6.965  19.326  65.500 0.0000000000
61292  -3.059  12.455  64.658 0.0000000000
64900  -7.180  18.551  63.409 0.0000000000
94379  -7.482  20.435  57.643 0.0000000000
61332  -3.817  13.821  58.187 0.0000000000
61345  -4.256  13.321  57.759 0.0000000000
61358  -7.174  13.588  56.773 0.0000000000
52017  -35.218  1.247  64.369 0.0000000000
52775  -35.184  2.357  65.324 0.0000000000
52762  -34.670  2.672  65.989 0.0000000000
55236  -34.340  4.940  66.304 0.0000000000
56108  -33.829  5.861  66.668 0.0000000000
53530  -30.625  3.736  68.228 0.0000000000
52738  -30.896  3.012  67.607 0.0000000000
56107  -33.233  6.098  67.008 0.0000000000
55234  -33.130  5.347  67.150 0.0000000000
54355  -32.014  4.676  67.986 0.0000000000
59960  -50.017  11.555  46.878 0.0000000000
97644  -49.838  11.443  47.566 0.0000000000
59961  -50.599  12.137  47.448 0.0000000000
61474  -50.605  13.996  48.301 0.0000000000
56089  -14.016  5.974  68.623 0.0000000000
55216  -14.132  6.025  69.598 0.0000000000
56069  -14.034  6.926  70.178 0.0000000000
56068  -13.726  6.597  70.192 0.0000000000
56071  -13.639  7.188  70.128 0.0000000000
55183  -12.906  4.678  71.601 0.0000000000
54315  -12.783  4.194  71.994 0.0000000000
59104  -41.901  10.578  58.906 0.0000000000
57002  -32.107  7.812  55.716 0.0000000000
57712  -32.582  8.363  55.235 0.0000000000
57711  -31.806  8.160  54.943 0.0000000000
57752  -31.753  8.923  53.775 0.0000000000
57751  -30.988  8.805  53.365 0.0000000000
89605  -30.084  11.188  53.117 0.0000000000
59905  -29.086  11.218  53.406 0.0000000000
92124  -28.680  10.459  53.003 0.0000000000
55243  -20.976  5.728  66.489 0.0000000000
54403  -19.381  5.292  65.386 0.0000000000
103693  -19.163  3.786  65.712 0.0000000000
53561  -19.262  2.970  65.925 0.0000000000
51994  -19.171  1.457  65.499 0.0000000000
97652  -51.148  21.935  36.023 0.0000000000
65886  -49.237  20.060  34.899 0.0000000000
65562  -9.566  20.199  65.090 0.0000000000
93539  -9.866  24.177  64.359 0.0000000000
69184  -8.139  25.318  63.810 0.0000000000
69183  -7.184  25.459  64.169 0.0000000000
97310  -6.515  25.666  64.346 0.0000000000
106427  -6.999  23.239  65.194 0.0000000000
59063  -7.826  10.857  62.092 0.0000000000
59071  -6.897  11.065  61.062 0.0000000000
57670  -5.459  8.858  59.185 0.0000000000
66271  -7.693  21.013  55.895 0.0000000000
55287  -36.552  4.818  63.637 0.0000000000
55305  -34.872  5.340  62.272 0.0000000000
55343  -34.262  5.609  60.783 0.0000000000
55356  -32.931  5.628  59.915 0.0000000000
54319  -23.658  4.054  70.422 0.0000000000
105406  -29.547  6.089  59.152 0.0000000000
56184  -28.561  5.990  60.888 0.0000000000
56903  -27.475  6.576  67.813 0.0000000000
56105  -27.461  6.467  67.266 0.0000000000
56113  -27.037  5.828  66.839 0.0000000000
55244  -25.885  4.878  67.096 0.0000000000
55232  -25.704  5.181  67.930 0.0000000000
55220  -24.875  5.368  69.139 0.0000000000
56080  -25.339  5.594  69.336 0.0000000000
55208  -24.425  5.047  69.568 0.0000000000
55194  -23.734  4.677  69.941 0.0000000000
63725  -50.555  16.156  40.385 0.0000000000
63726  -51.291  16.529  40.980 0.0000000000
63719  -52.005  16.578  41.857 0.0000000000
63711  -52.579  16.628  43.018 0.0000000000
56132  -9.705  6.463  63.876 0.0000000000
107196  -7.517  5.072  65.648 0.0000000000
51159  -3.775  1.332  70.116 0.0000000000
60511  -17.661  12.443  63.280 0.0000000000
60505  -17.001  12.591  63.917 0.0000000000
60500  -16.277  12.776  64.414 0.0000000000
61294  -15.495  13.069  64.766 0.0000000000
61273  -15.565  12.297  68.795 0.0000000000
62028  -11.249  14.094  66.970 0.0000000000
62027  -10.532  14.198  67.086 0.0000000000
62024  -10.148  14.088  67.492 0.0000000000
62022  -8.662  14.533  68.264 0.0000000000
57631  -11.885  8.676  67.293 0.0000000000
57634  -11.660  8.809  66.447 0.0000000000
58323  -10.958  9.775  65.030 0.0000000000
59055  -10.588  10.224  64.698 0.0000000000
92194  -45.369  15.037  53.109 0.0000000000
62179  -45.012  15.039  53.838 0.0000000000
93021  -44.380  14.514  57.340 0.0000000000
63555  -43.765  16.109  56.605 0.0000000000
63572  -43.488  16.676  55.787 0.0000000000
92986  -42.499  18.344  54.529 0.0000000000
64304  -42.013  17.747  54.582 0.0000000000
64303  -41.048  17.554  54.521 0.0000000000
57661  -40.558  8.750  61.085 0.0000000000
58348  -39.623  9.605  61.031 0.0000000000
59084  -38.745  10.097  60.278 0.0000000000
59848  -37.774  11.343  58.056 0.0000000000
51201  -12.758  0.761  64.826 0.0000000000
89820  -13.177  -2.613  65.323 0.0000000000
89512  -17.278  -2.819  68.255 0.0000000000
49610  -24.029  -1.396  71.490 0.0000000000
47985  -23.874  -2.631  71.530 0.0000000000
47227  -23.734  -3.845  70.395 0.0000000000
47221  -23.335  -3.982  70.888 0.0000000000
60590  -19.112  12.237  54.246 0.0000000000
54481  -24.562  4.378  57.185 0.0000000000
53652  -24.152  3.976  57.768 0.0000000000
54480  -23.749  4.034  57.016 0.0000000000
102169  -22.282  3.923  56.886 0.0000000000
57683  -20.591  8.484  58.152 0.0000000000
59093  -21.029  10.793  59.986 0.0000000000
59080  -20.691  11.258  60.411 0.0000000000
59069  -21.394  10.898  62.529 0.0000000000
59070  -22.015  10.600  62.167 0.0000000000
91158  -20.686  10.632  62.919 0.0000000000
54426  -17.193  4.349  62.081 0.0000000000
54438  -17.259  5.057  62.066 0.0000000000
54436  -15.829  4.668  61.968 0.0000000000
53588  -15.585  3.868  62.133 0.0000000000
55293  -14.710  5.301  62.718 0.0000000000
95263  -14.188  4.927  63.291 0.0000000000
53577  -13.745  3.235  63.797 0.0000000000
52786  -13.833  2.527  63.560 0.0000000000
52779  -13.476  2.667  64.357 0.0000000000
63640  -47.883  16.302  50.933 0.0000000000
63658  -45.747  16.268  50.141 0.0000000000
63638  -45.258  16.884  50.659 0.0000000000
96004  -8.093  7.273  55.228 0.0000000000
56226  -8.078  6.256  56.409 0.0000000000
54487  -8.795  4.649  57.068 0.0000000000
91910  -10.112  -2.391  67.478 0.0000000000
48875  -9.569  -2.440  68.603 0.0000000000
94323  -10.237  -2.715  69.952 0.0000000000
64941  -12.055  17.999  60.237 0.0000000000
64955  -12.203  18.520  59.512 0.0000000000
94282  -12.019  19.184  59.516 0.0000000000
68398  -12.029  25.124  62.444 0.0000000000
68397  -11.751  24.294  62.037 0.0000000000
68407  -2.931  23.885  59.301 0.0000000000
67974  -2.961  23.083  59.183 0.0000000000
67483  -3.305  22.401  59.119 0.0000000000
63447  -6.250  16.010  67.617 0.0000000000
64156  -5.915  16.609  67.286 0.0000000000
62760  -5.307  15.514  66.946 0.0000000000
63449  -5.569  16.275  66.776 0.0000000000
64164  -5.680  16.677  66.560 0.0000000000
103632  -5.660  16.688  65.833 0.0000000000
92177  -3.533  14.228  63.123 0.0000000000
62788  -4.544  15.183  62.930 0.0000000000
63479  -6.250  16.698  62.389 0.0000000000
64939  -7.427  18.665  60.130 0.0000000000
64953  -7.620  18.874  59.294 0.0000000000
63513  -6.860  17.038  58.143 0.0000000000
62838  -6.162  15.643  57.282 0.0000000000
59852  -4.079  10.897  56.776 0.0000000000
59114  -6.611  10.832  56.132 0.0000000000
57710  -6.940  8.436  54.829 0.0000000000
52804  -37.136  2.720  61.429 0.0000000000
52790  -37.220  2.976  63.350 0.0000000000
53566  -35.894  3.564  64.791 0.0000000000
54408  -36.043  4.343  64.366 0.0000000000
55273  -35.996  4.767  64.321 0.0000000000
54331  -27.506  4.692  69.969 0.0000000000
56139  -31.197  6.614  64.479 0.0000000000
56934  -31.553  6.652  64.953 0.0000000000
89702  -30.091  7.036  66.042 0.0000000000
56914  -31.466  6.703  66.784 0.0000000000
56907  -31.418  6.457  67.381 0.0000000000
56913  -30.852  6.883  66.718 0.0000000000
90328  -30.173  7.048  66.775 0.0000000000
56899  -28.249  6.393  68.279 0.0000000000
56076  -27.860  5.992  69.336 0.0000000000
61519  -50.327  14.340  45.342 0.0000000000
61517  -47.775  13.950  44.595 0.0000000000
61516  -46.907  13.695  44.784 0.0000000000
61515  -45.806  13.527  44.619 0.0000000000
53519  -8.078  3.628  69.731 0.0000000000
59048  -16.867  11.152  67.418 0.0000000000
97326  -15.498  9.586  67.137 0.0000000000
59044  -16.497  11.246  68.081 0.0000000000
59039  -16.093  11.341  68.671 0.0000000000
104294  -14.375  7.298  68.201 0.0000000000
57629  -14.814  8.544  68.547 0.0000000000
57625  -14.725  8.384  69.448 0.0000000000
57626  -15.073  9.069  69.092 0.0000000000
59034  -15.534  11.490  69.145 0.0000000000
60482  -15.030  11.882  69.548 0.0000000000
59740  -13.586  11.606  69.876 0.0000000000
59026  -13.824  10.828  69.772 0.0000000000
59738  -11.188  11.646  70.018 0.0000000000
56894  -13.243  7.417  69.979 0.0000000000
56897  -12.780  7.495  69.392 0.0000000000
56901  -12.493  7.767  68.674 0.0000000000
55227  -11.287  6.241  67.885 0.0000000000
102992  -41.834  12.931  54.396 0.0000000000
61399  -42.548  13.155  55.037 0.0000000000
61369  -43.883  13.457  57.005 0.0000000000
59868  -42.360  11.823  57.113 0.0000000000
61356  -44.031  13.835  57.573 0.0000000000
62104  -42.988  14.196  58.232 0.0000000000
62118  -42.733  14.690  57.892 0.0000000000
59126  -34.793  10.319  54.802 0.0000000000
59141  -34.398  10.802  54.155 0.0000000000
50451  -15.788  -0.668  63.016 0.0000000000
48919  -17.165  -2.019  64.788 0.0000000000
48886  -17.922  -2.567  66.889 0.0000000000
49655  -18.993  -1.580  66.141 0.0000000000
48071  -18.027  -2.694  67.721 0.0000000000
95851  -24.610  3.411  61.978 0.0000000000
53593  -23.206  3.421  62.210 0.0000000000
91425  -21.766  4.779  62.146 0.0000000000
54404  -21.816  5.027  64.611 0.0000000000
88880  -21.718  6.483  62.580 0.0000000000
56947  -21.690  7.738  62.529 0.0000000000
54402  -18.881  4.841  64.560 0.0000000000
106003  -18.615  4.280  64.086 0.0000000000
90813  -17.626  3.981  62.475 0.0000000000
91013  -17.322  1.827  62.585 0.0000000000
52036  -16.607  1.404  62.444 0.0000000000
65716  -42.485  19.786  51.800 0.0000000000
102998  -2.954  3.817  58.649 0.0000000000
52820  -6.605  2.168  59.166 0.0000000000
89379  -12.153  -2.661  72.206 0.0000000000
48843  -12.578  -2.727  72.717 0.0000000000
64198  -11.121  17.868  62.577 0.0000000000
64919  -11.173  18.361  62.132 0.0000000000
66219  -10.628  20.425  62.399 0.0000000000
67465  -11.137  22.568  62.350 0.0000000000
66863  -10.352  21.791  64.220 0.0000000000
67462  -10.654  22.424  63.867 0.0000000000
68393  -11.376  23.970  62.834 0.0000000000
104653  -11.625  24.684  62.793 0.0000000000
69195  -12.337  26.643  63.131 0.0000000000
69641  -12.089  27.062  63.300 0.0000000000
69631  -5.981  26.561  64.499 0.0000000000
69188  -5.497  26.633  64.311 0.0000000000
96745  -4.700  26.398  62.904 0.0000000000
68785  -5.561  25.096  63.644 0.0000000000
59764  -4.376  11.521  66.531 0.0000000000
59763  -3.794  11.635  66.521 0.0000000000
59772  -3.899  11.480  65.707 0.0000000000
59780  -3.429  11.690  65.289 0.0000000000
60499  -3.199  11.867  64.752 0.0000000000
99798  -3.155  12.297  63.815 0.0000000000
99027  -4.795  11.550  62.419 0.0000000000
102384  -3.177  12.542  62.909 0.0000000000
62076  -3.464  14.637  60.741 0.0000000000
61319  -3.406  13.301  58.740 0.0000000000
59090  -4.188  10.760  59.301 0.0000000000
59105  -3.575  10.677  57.427 0.0000000000
98878  -3.448  9.961  56.962 0.0000000000
57689  -2.899  8.404  57.051 0.0000000000
57696  -3.112  8.508  56.756 0.0000000000
56979  -39.888  7.591  58.914 0.0000000000
55358  -39.821  5.991  60.180 0.0000000000
55346  -40.317  5.883  60.912 0.0000000000
56189  -40.256  6.426  60.489 0.0000000000
98980  -40.561  7.296  60.690 0.0000000000
57659  -38.783  8.416  61.301 0.0000000000
91471  -38.684  7.730  61.483 0.0000000000
57667  -37.748  8.512  60.566 0.0000000000
55308  -37.907  5.140  62.548 0.0000000000
56220  -33.083  6.680  57.862 0.0000000000
56992  -32.423  7.440  56.490 0.0000000000
57000  -30.396  7.471  55.280 0.0000000000
52725  -21.502  2.410  69.572 0.0000000000
51943  -22.077  2.015  69.859 0.0000000000
52716  -22.461  2.281  70.242 0.0000000000
51944  -22.620  1.581  70.177 0.0000000000
50394  -23.883  -0.318  71.173 0.0000000000
53513  -23.407  3.314  70.550 0.0000000000
107317  -23.535  2.521  70.534 0.0000000000
107517  -24.004  1.614  70.888 0.0000000000
94468  -24.068  0.931  70.871 0.0000000000
51934  -23.818  1.106  70.796 0.0000000000
51144  -23.984  0.303  71.005 0.0000000000
93062  -24.056  -0.886  71.458 0.0000000000
48846  -24.179  -1.846  71.456 0.0000000000
48003  -24.484  -2.801  70.858 0.0000000000
52706  -27.007  3.031  70.459 0.0000000000
104567  -27.960  7.533  53.629 0.0000000000
57016  -28.291  7.117  54.068 0.0000000000
88981  -27.836  6.590  54.489 0.0000000000
55379  -28.316  5.794  57.765 0.0000000000
55377  -26.644  5.397  57.355 0.0000000000
90471  -25.641  4.370  59.260 0.0000000000
54454  -26.314  4.765  59.663 0.0000000000
56163  -29.542  6.277  62.729 0.0000000000
56162  -28.929  6.065  62.195 0.0000000000
99646  -27.727  5.629  62.145 0.0000000000
55269  -28.245  6.089  64.170 0.0000000000
55257  -27.737  5.951  65.321 0.0000000000
55299  -26.997  5.177  62.337 0.0000000000
54430  -26.204  4.429  62.266 0.0000000000
90611  -25.430  3.782  62.164 0.0000000000
53563  -23.677  3.612  65.280 0.0000000000
104391  -24.789  4.094  67.010 0.0000000000
53537  -20.604  3.580  68.847 0.0000000000
66404  -50.430  20.811  43.206 0.0000000000
64446  -51.613  17.355  41.247 0.0000000000
65128  -51.742  18.332  43.460 0.0000000000
65787  -51.352  19.098  43.185 0.0000000000
62992  -52.345  15.423  44.117 0.0000000000
99645  -48.901  16.606  42.694 0.0000000000
64477  -48.231  17.956  37.944 0.0000000000
55335  -7.822  5.996  60.762 0.0000000000
54397  -5.733  3.831  63.889 0.0000000000
105928  -4.533  3.401  69.257 0.0000000000
53540  -4.539  3.368  68.517 0.0000000000
96440  -15.973  13.300  58.080 0.0000000000
61333  -15.517  13.629  58.721 0.0000000000
62087  -14.969  14.011  59.356 0.0000000000
92078  -14.138  14.704  60.226 0.0000000000
62077  -13.747  15.035  60.599 0.0000000000
62801  -13.309  15.478  61.046 0.0000000000
94842  -12.336  16.274  62.080 0.0000000000
63480  -11.846  16.730  62.364 0.0000000000
59770  -18.332  11.886  66.775 0.0000000000
60493  -17.528  12.339  66.838 0.0000000000
101815  -15.279  12.708  67.990 0.0000000000
64185  -11.298  17.238  62.797 0.0000000000
96063  -10.503  16.837  64.153 0.0000000000
64895  -9.479  18.563  65.133 0.0000000000
93181  -9.453  17.045  65.366 0.0000000000
65559  -9.173  19.804  66.502 0.0000000000
66208  -8.459  20.234  67.147 0.0000000000
65553  -8.129  19.227  67.990 0.0000000000
64154  -7.055  16.443  67.850 0.0000000000
62754  -7.792  15.295  68.635 0.0000000000
62753  -7.301  15.189  68.799 0.0000000000
96606  -6.736  15.944  68.142 0.0000000000
62016  -5.817  14.025  67.561 0.0000000000
61252  -6.596  13.372  68.132 0.0000000000
61251  -6.003  13.074  67.336 0.0000000000
61259  -5.610  13.408  67.208 0.0000000000
60477  -5.036  12.588  67.099 0.0000000000
59750  -4.279  11.877  67.399 0.0000000000
89233  -5.008  11.642  67.096 0.0000000000
91671  -10.142  11.554  69.642 0.0000000000
59746  -8.753  11.815  69.378 0.0000000000
59751  -7.497  11.918  68.086 0.0000000000
89234  -6.562  11.757  67.616 0.0000000000
59765  -5.118  11.504  66.461 0.0000000000
59774  -5.252  11.440  65.681 0.0000000000
89227  -7.060  11.497  65.238 0.0000000000
59783  -6.313  11.436  64.638 0.0000000000
59799  -8.039  11.136  62.803 0.0000000000
59059  -9.787  10.536  63.443 0.0000000000
59058  -8.945  10.910  63.018 0.0000000000
58344  -8.781  9.309  61.235 0.0000000000
57655  -9.248  8.476  61.398 0.0000000000
60646  -46.138  12.242  49.557 0.0000000000
60637  -47.828  12.997  50.334 0.0000000000
62911  -48.159  15.444  51.429 0.0000000000
64342  -46.501  17.472  51.925 0.0000000000
65074  -44.859  18.674  51.999 0.0000000000
65718  -44.247  19.382  52.246 0.0000000000
61401  -44.074  14.272  54.628 0.0000000000
62168  -44.337  14.453  54.134 0.0000000000
62150  -45.006  15.191  55.949 0.0000000000
65717  -43.728  19.698  51.962 0.0000000000
65703  -43.085  20.212  52.056 0.0000000000
66323  -42.578  20.567  52.556 0.0000000000
66322  -41.715  20.793  52.765 0.0000000000
66956  -42.417  20.793  53.339 0.0000000000
66955  -41.785  21.016  53.528 0.0000000000
65675  -40.578  20.148  54.716 0.0000000000
57688  -40.899  8.806  59.160 0.0000000000
98587  -42.054  11.000  59.160 0.0000000000
58350  -40.987  9.642  61.002 0.0000000000
59087  -40.933  10.491  60.602 0.0000000000
59088  -41.402  10.737  60.058 0.0000000000
59820  -41.885  11.159  59.692 0.0000000000
60540  -40.526  12.610  58.693 0.0000000000
61340  -41.009  13.183  58.340 0.0000000000
58372  -36.517  9.577  58.454 0.0000000000
59101  -36.780  10.241  58.098 0.0000000000
59866  -37.825  11.752  57.299 0.0000000000
59877  -35.836  11.204  54.984 0.0000000000
106184  -38.793  13.014  55.660 0.0000000000
61367  -39.727  13.334  56.254 0.0000000000
98505  -39.409  15.553  54.557 0.0000000000
52741  -11.975  1.960  68.430 0.0000000000
51978  -11.183  0.964  66.894 0.0000000000
49652  -10.168  -1.559  66.700 0.0000000000
49665  -11.327  -1.338  65.740 0.0000000000
49653  -10.778  -1.709  66.271 0.0000000000
48884  -10.532  -2.702  67.570 0.0000000000
48065  -11.702  -3.171  68.010 0.0000000000
48047  -11.561  -3.085  68.891 0.0000000000
48917  -15.784  -2.619  65.160 0.0000000000
48916  -14.972  -2.713  65.043 0.0000000000
48103  -14.570  -2.957  65.699 0.0000000000
48088  -14.316  -3.107  66.480 0.0000000000
48068  -14.196  -3.135  67.371 0.0000000000
89217  -15.711  -2.903  67.730 0.0000000000
89242  -15.620  -2.984  68.647 0.0000000000
48027  -14.018  -2.932  70.067 0.0000000000
47990  -12.895  -2.703  71.462 0.0000000000
48844  -13.277  -2.755  72.553 0.0000000000
47974  -14.015  -3.560  73.526 0.0000000000
51963  -21.260  1.305  68.731 0.0000000000
105343  -22.123  -2.057  69.567 0.0000000000
47214  -19.834  -4.549  72.630 0.0000000000
105077  -20.695  -5.869  71.816 0.0000000000
61373  -16.583  13.874  55.613 0.0000000000
61360  -16.353  13.612  56.245 0.0000000000
91164  -26.725  6.573  54.089 0.0000000000
57035  -24.677  7.674  53.334 0.0000000000
55405  -24.064  5.107  55.041 0.0000000000
55419  -24.235  5.566  54.383 0.0000000000
90823  -23.822  7.720  53.024 0.0000000000
57033  -22.263  7.211  53.048 0.0000000000
57763  -21.474  8.336  52.875 0.0000000000
58416  -21.024  8.878  52.957 0.0000000000
90630  -23.738  3.310  60.729 0.0000000000
53617  -22.517  3.518  59.768 0.0000000000
95898  -22.550  3.550  59.055 0.0000000000
53664  -21.889  3.955  57.307 0.0000000000
54491  -21.876  4.258  56.619 0.0000000000
95716  -21.378  4.841  59.422 0.0000000000
55363  -21.219  5.023  58.537 0.0000000000
56240  -20.974  5.899  55.042 0.0000000000
56256  -20.747  6.708  54.729 0.0000000000
58415  -20.524  9.163  53.416 0.0000000000
59136  -20.118  9.916  53.817 0.0000000000
59135  -19.708  10.589  54.355 0.0000000000
99821  -19.071  11.404  55.288 0.0000000000
59116  -19.642  10.211  56.887 0.0000000000
59871  -18.583  11.685  55.774 0.0000000000
59857  -17.626  12.203  56.642 0.0000000000
59786  -19.633  12.207  64.794 0.0000000000
56158  -17.109  6.347  62.068 0.0000000000
56944  -17.356  7.893  62.356 0.0000000000
97744  -17.674  9.426  62.918 0.0000000000
57636  -15.089  8.750  65.700 0.0000000000
57635  -14.631  8.127  66.074 0.0000000000
56121  -13.759  6.105  65.255 0.0000000000
106779  -13.711  6.046  65.875 0.0000000000
53551  -13.077  3.306  67.011 0.0000000000
53543  -13.119  3.414  67.965 0.0000000000
67081  -51.275  22.390  40.556 0.0000000000
60650  -50.245  12.908  49.498 0.0000000000
61448  -50.658  13.527  49.010 0.0000000000
62264  -49.467  14.405  48.252 0.0000000000
62924  -48.186  15.896  50.567 0.0000000000
62966  -47.564  15.463  49.238 0.0000000000
62209  -48.328  15.209  49.112 0.0000000000
61472  -47.047  14.119  47.064 0.0000000000
104166  -45.214  13.549  46.231 0.0000000000
90649  -6.898  4.972  57.311 0.0000000000
54434  -5.768  4.262  61.594 0.0000000000
51960  -10.131  1.699  68.418 0.0000000000
49644  -9.043  -1.615  67.900 0.0000000000
107421  -8.205  -0.774  68.507 0.0000000000
51168  -7.603  0.299  68.856 0.0000000000
63545  -14.430  16.412  56.786 0.0000000000
96442  -14.296  17.170  56.521 0.0000000000
64985  -12.693  18.923  58.205 0.0000000000
65579  -11.155  18.977  61.706 0.0000000000
66245  -11.475  20.381  60.356 0.0000000000
101746  -11.588  21.079  60.064 0.0000000000
66892  -11.863  21.528  59.550 0.0000000000
67960  -12.001  23.776  60.572 0.0000000000
68403  -12.399  24.471  60.368 0.0000000000
67967  -11.920  23.124  60.107 0.0000000000
67982  -12.224  23.035  59.334 0.0000000000
66852  -7.349  20.668  67.063 0.0000000000
66860  -7.009  21.631  65.385 0.0000000000
65554  -5.654  19.756  67.929 0.0000000000
92059  -6.799  22.137  64.828 0.0000000000
67461  -6.488  22.235  63.567 0.0000000000
67464  -6.361  22.016  62.632 0.0000000000
60488  -3.364  12.242  66.740 0.0000000000
61274  -3.482  12.948  66.675 0.0000000000
106254  -3.557  13.858  65.469 0.0000000000
62031  -4.459  15.022  66.167 0.0000000000
63458  -5.767  16.264  63.793 0.0000000000
94454  -5.747  16.311  64.795 0.0000000000
104395  -7.107  19.026  64.685 0.0000000000
90552  -5.441  22.574  61.137 0.0000000000
67472  -4.042  22.294  59.863 0.0000000000
67484  -3.905  21.903  59.042 0.0000000000
67494  -3.212  22.193  58.304 0.0000000000
67515  -3.786  22.712  56.591 0.0000000000
94547  -4.416  21.983  56.935 0.0000000000
106955  -8.476  16.799  55.288 0.0000000000
62826  -4.200  15.299  58.746 0.0000000000
62851  -7.535  15.198  56.166 0.0000000000
62866  -8.967  15.159  55.071 0.0000000000
61372  -9.167  13.530  55.280 0.0000000000
51935  -24.191  1.612  70.781 0.0000000000
51989  -34.119  2.159  65.951 0.0000000000
59755  -3.644  11.861  67.107 0.0000000000
59762  -3.394  11.842  66.446 0.0000000000
60485  -4.234  12.026  67.394 0.0000000000
60492  -3.130  12.019  65.968 0.0000000000
62015  -5.353  13.751  67.171 0.0000000000
62020  -4.847  13.803  67.125 0.0000000000
66313  -41.110  20.960  53.407 0.0000000000
66947  -42.305  20.869  53.950 0.0000000000
66948  -42.725  20.567  53.520 0.0000000000
66966  -42.822  20.653  52.985 0.0000000000
90117  -5.826  11.873  67.387 0.0000000000
91461  -3.899  13.492  66.931 0.0000000000
102762  -21.719  3.990  69.686 0.0000000000
104897  -12.788  3.330  71.011 0.0000000000
106138  -47.131  16.355  42.403 0.0000000000
106554  -19.620  12.169  65.162 0.0000000000
106682  -9.441  -1.802  67.550 0.0000000000
106801  -51.291  13.045  46.613 0.0000000000
