#!ascii label  , from subject sub-v1s16x0051197_ses-1 vox2ras=TkReg
3013
3764  7.357  -75.108  -7.706 0.0000000000
96159  -10.819  -86.345  -8.681 0.0000000000
18898  -10.558  -53.146  -9.499 0.0000000000
9539  -6.733  -66.722  0.389 0.0000000000
5526  -0.838  -72.591  -2.459 0.0000000000
8108  1.482  -69.051  -3.647 0.0000000000
6831  6.071  -71.447  -13.050 0.0000000000
1864  -1.723  -79.160  -12.296 0.0000000000
1964  1.330  -79.667  -20.176 0.0000000000
12982  -12.445  -61.196  -2.239 0.0000000000
10914  4.748  -63.858  1.133 0.0000000000
2524  7.160  -77.072  5.408 0.0000000000
1340  3.444  -80.572  -3.752 0.0000000000
10350  -10.136  -65.675  -6.884 0.0000000000
4895  2.566  -73.291  -4.520 0.0000000000
5588  -0.236  -71.618  -8.440 0.0000000000
4978  4.639  -73.567  -11.020 0.0000000000
377  -5.379  -84.969  -13.535 0.0000000000
1492  -6.909  -83.037  -15.387 0.0000000000
23227  -14.146  -47.592  -10.702 0.0000000000
22457  -5.421  -48.136  -8.050 0.0000000000
11670  -8.504  -64.574  -1.878 0.0000000000
91633  -13.138  -68.649  -7.032 0.0000000000
8124  -8.640  -69.184  -5.344 0.0000000000
9659  4.334  -66.289  -7.047 0.0000000000
12393  3.362  -62.581  -2.475 0.0000000000
96086  -15.839  -56.063  -9.785 0.0000000000
6681  -3.255  -70.687  1.553 0.0000000000
8089  -4.831  -68.639  -3.407 0.0000000000
7388  -4.059  -70.291  -6.330 0.0000000000
7422  4.585  -69.854  -8.859 0.0000000000
107362  5.208  -66.167  -14.895 0.0000000000
3214  1.367  -76.281  -8.021 0.0000000000
102986  2.757  -76.068  -11.674 0.0000000000
2791  -2.863  -77.088  -14.602 0.0000000000
1546  -4.125  -81.982  -20.294 0.0000000000
105633  -3.488  -60.805  -3.684 0.0000000000
10237  -0.806  -65.693  0.103 0.0000000000
6637  1.416  -69.786  4.158 0.0000000000
3649  1.895  -74.665  2.224 0.0000000000
107551  4.871  -76.594  -1.266 0.0000000000
435  5.755  -83.655  2.949 0.0000000000
97246  5.589  -78.374  -4.242 0.0000000000
104195  5.110  -80.633  -10.755 0.0000000000
530  1.519  -83.472  -12.568 0.0000000000
330  -5.032  -85.339  -8.922 0.0000000000
13007  -17.698  -62.310  -4.942 0.0000000000
103356  -14.724  -63.122  -9.795 0.0000000000
97477  -9.049  -59.072  -9.437 0.0000000000
10332  -2.671  -65.388  -6.032 0.0000000000
14389  -1.507  -59.371  -6.989 0.0000000000
18119  -4.834  -54.128  -5.154 0.0000000000
3916  5.257  -76.555  -16.240 0.0000000000
6323  5.588  -71.502  -21.986 0.0000000000
4904  5.223  -72.793  -6.232 0.0000000000
4932  4.022  -72.542  -7.693 0.0000000000
4931  7.549  -74.053  -8.774 0.0000000000
107204  -6.975  -85.034  -10.462 0.0000000000
752  -8.150  -83.212  -12.141 0.0000000000
520  -11.162  -84.578  -10.251 0.0000000000
20293  -13.978  -51.616  -10.169 0.0000000000
21025  -11.373  -50.292  -10.325 0.0000000000
22488  -9.128  -48.627  -10.121 0.0000000000
20272  -7.450  -51.456  -9.109 0.0000000000
10257  -7.151  -65.146  -1.527 0.0000000000
9620  -9.655  -67.202  -5.039 0.0000000000
8817  -8.552  -68.207  -2.497 0.0000000000
96732  4.581  -62.259  -7.035 0.0000000000
16632  -17.797  -56.825  -8.978 0.0000000000
6133  -1.838  -71.905  -0.747 0.0000000000
6143  -3.719  -71.549  -2.738 0.0000000000
97382  -2.623  -72.217  -4.302 0.0000000000
6223  1.327  -70.926  -11.838 0.0000000000
7439  0.716  -69.272  -10.072 0.0000000000
7477  5.861  -70.479  -11.185 0.0000000000
8207  6.452  -68.877  -10.460 0.0000000000
8238  5.923  -68.945  -14.790 0.0000000000
2740  -0.329  -77.495  -10.044 0.0000000000
3814  -1.640  -75.994  -10.309 0.0000000000
2767  -3.387  -77.516  -12.276 0.0000000000
1493  -8.589  -81.280  -17.071 0.0000000000
1123  -5.666  -83.375  -18.810 0.0000000000
102873  -6.379  -57.961  -3.678 0.0000000000
98833  -0.057  -61.396  0.358 0.0000000000
100714  1.877  -64.937  -0.334 0.0000000000
8748  1.032  -67.337  2.594 0.0000000000
7994  3.043  -68.118  1.367 0.0000000000
4214  5.763  -74.125  4.091 0.0000000000
4838  5.297  -72.990  2.258 0.0000000000
3071  3.471  -75.829  3.317 0.0000000000
3104  2.264  -76.755  0.356 0.0000000000
2088  3.585  -78.475  2.943 0.0000000000
1262  3.948  -80.271  0.277 0.0000000000
1292  7.819  -79.298  -1.571 0.0000000000
1324  5.582  -80.225  -4.221 0.0000000000
1783  5.258  -78.970  -8.094 0.0000000000
1380  4.600  -80.927  -7.225 0.0000000000
1025  1.330  -82.959  -9.702 0.0000000000
101436  -2.134  -83.756  -12.064 0.0000000000
94758  -13.712  -59.291  -2.690 0.0000000000
11686  -15.186  -63.125  -3.948 0.0000000000
104612  -10.799  -68.456  -10.699 0.0000000000
90773  -14.434  -66.875  -9.545 0.0000000000
90775  -11.521  -64.580  -9.137 0.0000000000
13045  -12.969  -61.910  -8.777 0.0000000000
98451  -9.091  -62.292  -8.828 0.0000000000
8086  -2.070  -68.261  -4.505 0.0000000000
9618  -3.750  -66.639  -4.359 0.0000000000
9631  0.024  -66.164  -4.497 0.0000000000
15108  3.239  -58.215  -2.740 0.0000000000
13711  0.867  -60.602  -4.151 0.0000000000
15864  0.250  -57.413  -4.680 0.0000000000
16603  -2.469  -56.596  -6.418 0.0000000000
18100  -1.174  -54.287  -4.067 0.0000000000
20215  -2.356  -50.974  -4.376 0.0000000000
2807  1.126  -77.310  -15.590 0.0000000000
3295  5.258  -76.938  -13.392 0.0000000000
2373  4.013  -78.713  -17.550 0.0000000000
4888  0.667  -73.879  -2.990 0.0000000000
4908  -1.022  -72.791  -5.508 0.0000000000
4920  1.058  -72.629  -6.095 0.0000000000
5610  2.242  -72.033  -9.527 0.0000000000
5635  2.626  -72.262  -13.221 0.0000000000
1069  -2.798  -81.325  -13.283 0.0000000000
1481  -4.742  -80.117  -13.390 0.0000000000
778  -7.073  -83.980  -14.328 0.0000000000
1094  -8.582  -81.874  -14.289 0.0000000000
23961  -7.799  -46.667  -9.373 0.0000000000
8747  6.229  -67.640  2.127 0.0000000000
11661  -10.936  -63.346  -1.693 0.0000000000
9597  -13.483  -66.396  -3.776 0.0000000000
91559  -11.951  -68.135  -3.877 0.0000000000
91318  -10.024  -71.113  -7.403 0.0000000000
94932  -8.459  -68.102  -8.173 0.0000000000
8104  6.232  -68.816  -4.228 0.0000000000
98121  2.839  -66.486  -4.029 0.0000000000
99748  5.430  -64.301  -3.576 0.0000000000
13709  4.443  -60.486  -5.068 0.0000000000
90  -15.551  -86.733  -7.682 0.0000000000
206  -14.855  -85.090  -10.664 0.0000000000
19565  -16.648  -52.947  -10.083 0.0000000000
18185  -12.752  -54.295  -9.974 0.0000000000
7997  -5.156  -68.486  2.088 0.0000000000
8044  -6.876  -68.747  -0.749 0.0000000000
6704  -5.519  -70.270  -0.577 0.0000000000
7363  -4.311  -69.196  -3.890 0.0000000000
105003  -0.920  -69.335  -5.071 0.0000000000
6187  -2.670  -70.688  -8.256 0.0000000000
8143  -0.458  -68.877  -7.923 0.0000000000
7382  2.710  -69.641  -6.026 0.0000000000
7421  7.036  -69.566  -8.063 0.0000000000
10403  4.139  -66.313  -10.661 0.0000000000
3744  3.058  -75.779  -7.325 0.0000000000
3793  5.895  -75.746  -9.402 0.0000000000
3812  0.570  -75.461  -9.760 0.0000000000
3299  -0.158  -76.175  -13.580 0.0000000000
2377  -0.578  -78.310  -17.914 0.0000000000
103765  -3.838  -79.419  -15.064 0.0000000000
1523  -2.994  -81.408  -18.107 0.0000000000
1555  -1.309  -82.090  -20.955 0.0000000000
15098  -10.373  -59.446  -2.263 0.0000000000
93175  -8.615  -59.968  -2.368 0.0000000000
104782  -6.137  -61.122  -0.571 0.0000000000
11644  -4.600  -63.545  -0.331 0.0000000000
15080  -0.818  -59.131  -2.602 0.0000000000
12951  -2.408  -61.575  0.541 0.0000000000
10227  -3.972  -65.891  0.973 0.0000000000
8730  -2.839  -67.766  3.516 0.0000000000
7249  -1.409  -69.995  3.877 0.0000000000
5497  -0.515  -72.546  1.339 0.0000000000
6650  5.455  -70.560  0.990 0.0000000000
5481  2.229  -72.408  2.569 0.0000000000
4869  -0.018  -73.654  -0.034 0.0000000000
3692  1.820  -75.362  -1.709 0.0000000000
4314  3.996  -74.661  -2.940 0.0000000000
4883  6.902  -73.405  -4.150 0.0000000000
1203  6.930  -80.560  5.592 0.0000000000
110167  5.814  -79.281  0.686 0.0000000000
3697  7.997  -75.094  -2.753 0.0000000000
3166  6.041  -75.743  -5.264 0.0000000000
2680  3.632  -77.219  -6.505 0.0000000000
2722  2.383  -77.887  -9.411 0.0000000000
1849  1.759  -79.147  -11.622 0.0000000000
1397  3.271  -80.668  -9.334 0.0000000000
1432  4.111  -81.133  -12.192 0.0000000000
1462  0.680  -81.022  -13.339 0.0000000000
556  -1.843  -83.804  -13.322 0.0000000000
201  -4.322  -86.140  -10.368 0.0000000000
83  -7.669  -87.496  -8.220 0.0000000000
164  -7.714  -86.724  -5.238 0.0000000000
92584  -11.553  -87.285  -4.934 0.0000000000
13724  -20.055  -61.055  -7.123 0.0000000000
9649  -15.203  -66.263  -6.998 0.0000000000
11768  -16.998  -63.835  -8.556 0.0000000000
14413  -17.676  -60.094  -8.309 0.0000000000
14427  -14.922  -59.298  -9.138 0.0000000000
91987  -12.756  -57.961  -9.483 0.0000000000
16631  -10.212  -55.985  -8.941 0.0000000000
98149  -7.128  -68.728  -3.746 0.0000000000
8877  -6.573  -67.237  -6.359 0.0000000000
11046  -5.473  -64.167  -7.189 0.0000000000
103961  1.235  -64.453  -6.120 0.0000000000
12424  -1.818  -62.693  -7.672 0.0000000000
12442  -5.113  -62.095  -8.189 0.0000000000
15169  -5.610  -59.033  -8.817 0.0000000000
16618  -6.614  -56.325  -7.227 0.0000000000
18858  -7.246  -53.703  -6.849 0.0000000000
20247  -5.109  -51.094  -5.839 0.0000000000
4402  6.532  -75.692  -11.372 0.0000000000
102561  4.600  -74.559  -13.228 0.0000000000
5674  7.463  -73.381  -15.941 0.0000000000
2875  5.629  -77.896  -20.402 0.0000000000
4524  7.764  -75.379  -20.142 0.0000000000
6880  7.237  -70.962  -18.627 0.0000000000
95201  6.055  -67.620  -19.950 0.0000000000
4903  7.637  -73.604  -6.869 0.0000000000
102601  6.570  -73.294  -8.015 0.0000000000
4358  7.676  -74.590  -8.130 0.0000000000
105771  -9.613  -85.901  -9.336 0.0000000000
518  -9.595  -84.112  -9.728 0.0000000000
193  -11.528  -85.898  -10.080 0.0000000000
99314  -11.873  -52.364  -9.896 0.0000000000
21007  -12.704  -50.926  -10.133 0.0000000000
20290  -11.243  -51.715  -10.016 0.0000000000
21006  -9.587  -50.913  -10.303 0.0000000000
19559  -8.749  -52.267  -9.438 0.0000000000
9550  -7.099  -66.007  -0.504 0.0000000000
9567  -8.212  -66.313  -1.573 0.0000000000
8787  -8.056  -67.764  -0.969 0.0000000000
16620  -19.359  -56.930  -8.078 0.0000000000
5516  -1.125  -72.350  -0.665 0.0000000000
5523  -2.025  -71.971  -2.722 0.0000000000
5527  -1.380  -72.419  -3.160 0.0000000000
6821  3.858  -70.816  -13.041 0.0000000000
7478  2.530  -70.001  -12.010 0.0000000000
6811  5.340  -70.701  -12.100 0.0000000000
7486  6.986  -69.871  -11.714 0.0000000000
6829  7.407  -70.902  -13.555 0.0000000000
2284  -0.523  -78.117  -10.976 0.0000000000
2741  -1.817  -77.087  -10.564 0.0000000000
2301  -2.015  -78.330  -11.764 0.0000000000
11631  4.350  -62.960  0.740 0.0000000000
12349  2.992  -62.374  0.111 0.0000000000
10915  3.798  -63.932  -0.166 0.0000000000
8773  2.542  -66.843  0.088 0.0000000000
9532  4.546  -66.693  -0.102 0.0000000000
3605  6.787  -76.436  5.105 0.0000000000
3634  5.525  -74.998  3.820 0.0000000000
3059  5.544  -76.313  4.297 0.0000000000
2555  3.669  -77.663  3.572 0.0000000000
2066  5.831  -77.888  4.865 0.0000000000
1296  2.895  -80.734  -1.546 0.0000000000
1310  4.843  -80.281  -2.615 0.0000000000
941  4.653  -80.843  -4.272 0.0000000000
962  5.492  -81.160  -6.127 0.0000000000
1352  4.060  -80.730  -5.646 0.0000000000
13679  -13.338  -61.002  -2.583 0.0000000000
12990  -14.877  -61.641  -3.134 0.0000000000
11675  -14.014  -62.913  -3.002 0.0000000000
91236  -9.950  -66.773  -9.463 0.0000000000
104388  -10.651  -66.065  -9.812 0.0000000000
91214  -10.735  -65.413  -7.401 0.0000000000
11764  -10.735  -63.886  -7.855 0.0000000000
11063  -9.153  -64.058  -8.222 0.0000000000
8084  -0.087  -68.544  -3.849 0.0000000000
8851  -1.078  -66.824  -4.359 0.0000000000
8849  0.680  -67.633  -3.884 0.0000000000
15125  1.680  -57.925  -3.541 0.0000000000
16586  1.496  -56.042  -3.396 0.0000000000
97180  -0.587  -55.529  -4.770 0.0000000000
2376  0.889  -78.117  -17.843 0.0000000000
2843  2.450  -78.205  -16.899 0.0000000000
2414  2.924  -78.822  -19.144 0.0000000000
4896  1.562  -73.313  -4.565 0.0000000000
4897  0.527  -73.193  -4.634 0.0000000000
4906  1.266  -72.935  -5.339 0.0000000000
4952  3.712  -72.442  -8.584 0.0000000000
5586  2.521  -72.040  -8.659 0.0000000000
103904  3.180  -72.654  -10.304 0.0000000000
5624  1.874  -72.265  -11.458 0.0000000000
5618  2.912  -72.786  -11.202 0.0000000000
558  -3.746  -84.186  -13.778 0.0000000000
776  -4.275  -82.709  -13.530 0.0000000000
560  -6.316  -84.555  -13.991 0.0000000000
754  -9.481  -82.163  -11.142 0.0000000000
761  -8.458  -82.494  -12.480 0.0000000000
1072  -9.376  -81.099  -12.353 0.0000000000
1483  -8.882  -80.782  -14.336 0.0000000000
101106  -14.971  -47.877  -10.649 0.0000000000
107615  -7.100  -48.886  -9.578 0.0000000000
23206  -8.112  -47.613  -9.629 0.0000000000
23197  -6.410  -47.287  -8.781 0.0000000000
97265  -4.903  -47.066  -7.400 0.0000000000
103060  -9.410  -64.250  -2.004 0.0000000000
94926  -11.277  -65.146  -4.702 0.0000000000
90776  -10.671  -65.303  -5.431 0.0000000000
8112  -9.379  -69.100  -4.625 0.0000000000
90752  -10.273  -69.846  -5.294 0.0000000000
90746  -8.828  -71.163  -6.647 0.0000000000
104440  -8.788  -71.022  -9.168 0.0000000000
7389  -8.058  -70.069  -6.691 0.0000000000
8863  6.036  -67.392  -5.093 0.0000000000
9593  5.655  -66.270  -3.652 0.0000000000
10327  5.199  -65.199  -5.761 0.0000000000
12413  4.537  -61.813  -6.326 0.0000000000
18190  -17.358  -54.374  -9.708 0.0000000000
101227  -16.071  -53.948  -10.238 0.0000000000
100545  -15.305  -53.699  -10.341 0.0000000000
95757  -14.283  -54.979  -10.169 0.0000000000
103647  -4.647  -69.701  1.939 0.0000000000
7289  -5.697  -69.479  0.787 0.0000000000
6703  -4.821  -70.858  -0.228 0.0000000000
6152  -4.241  -71.281  -4.763 0.0000000000
107817  -4.820  -70.640  -3.345 0.0000000000
94992  -4.334  -69.832  -4.873 0.0000000000
7362  -3.437  -69.126  -4.365 0.0000000000
91864  -2.208  -69.334  -6.384 0.0000000000
5565  -0.863  -72.184  -7.102 0.0000000000
5552  -1.711  -72.371  -6.730 0.0000000000
6186  -1.901  -71.420  -8.228 0.0000000000
7438  1.758  -69.247  -9.799 0.0000000000
8178  0.048  -68.824  -9.058 0.0000000000
7424  1.732  -69.277  -8.168 0.0000000000
104213  0.606  -69.313  -6.710 0.0000000000
7403  3.925  -69.732  -7.857 0.0000000000
7380  6.025  -70.141  -6.692 0.0000000000
97708  6.011  -70.390  -8.370 0.0000000000
8956  4.285  -67.800  -13.371 0.0000000000
8931  4.184  -68.015  -10.359 0.0000000000
9711  4.895  -66.075  -12.604 0.0000000000
10408  5.205  -64.986  -12.099 0.0000000000
111156  5.218  -64.590  -14.741 0.0000000000
3766  2.135  -75.769  -7.894 0.0000000000
3781  2.342  -75.488  -8.461 0.0000000000
3782  1.207  -75.829  -8.426 0.0000000000
3863  -2.458  -75.791  -12.788 0.0000000000
3844  -1.195  -75.577  -12.316 0.0000000000
3880  -1.601  -76.186  -14.163 0.0000000000
3337  -0.446  -76.765  -15.340 0.0000000000
2830  -1.516  -77.350  -16.168 0.0000000000
1887  -5.136  -80.425  -13.747 0.0000000000
1886  -4.634  -79.474  -13.555 0.0000000000
1907  -5.719  -81.650  -15.142 0.0000000000
1143  -5.063  -82.643  -19.397 0.0000000000
1524  -3.787  -82.071  -17.963 0.0000000000
1534  -3.698  -82.288  -18.888 0.0000000000
1545  -2.096  -82.199  -20.044 0.0000000000
1158  -2.758  -82.266  -21.239 0.0000000000
1997  -2.699  -80.448  -21.895 0.0000000000
15831  -10.424  -57.927  -1.368 0.0000000000
90783  -8.873  -58.533  -2.012 0.0000000000
91432  -9.187  -59.836  -2.371 0.0000000000
90784  -8.130  -58.433  -2.497 0.0000000000
14363  -6.550  -59.750  -5.542 0.0000000000
91253  -5.943  -60.189  -2.299 0.0000000000
14343  -5.001  -59.825  -0.925 0.0000000000
102171  -5.494  -62.452  -0.534 0.0000000000
13647  -4.448  -60.750  -0.058 0.0000000000
11634  -0.745  -63.698  0.300 0.0000000000
12949  -1.030  -61.412  0.502 0.0000000000
11635  -1.704  -63.551  0.362 0.0000000000
96069  -2.673  -64.395  0.405 0.0000000000
10225  -2.137  -65.986  0.559 0.0000000000
94387  -3.077  -66.466  2.441 0.0000000000
9520  -1.726  -66.202  1.259 0.0000000000
98740  1.371  -68.722  4.176 0.0000000000
7956  -0.493  -68.646  4.506 0.0000000000
6638  0.496  -69.876  4.353 0.0000000000
105140  -0.588  -71.280  2.773 0.0000000000
6653  0.306  -71.273  3.253 0.0000000000
7246  6.824  -69.559  0.928 0.0000000000
7264  6.155  -69.471  0.314 0.0000000000
6649  6.645  -70.300  0.742 0.0000000000
4266  3.169  -73.974  2.899 0.0000000000
5480  4.292  -72.739  2.377 0.0000000000
4841  1.665  -73.301  2.343 0.0000000000
4850  0.783  -73.325  1.656 0.0000000000
4295  0.806  -74.612  0.824 0.0000000000
4305  0.349  -74.364  -0.556 0.0000000000
3667  1.210  -75.426  0.428 0.0000000000
3119  3.491  -76.849  -0.733 0.0000000000
3129  3.318  -76.347  -1.246 0.0000000000
3701  4.568  -75.130  -2.352 0.0000000000
4323  4.762  -73.818  -3.411 0.0000000000
3700  6.109  -74.529  -2.092 0.0000000000
830  5.212  -82.558  6.982 0.0000000000
108301  5.990  -82.211  4.714 0.0000000000
103935  5.954  -80.774  3.769 0.0000000000
1237  6.388  -80.982  2.129 0.0000000000
2160  7.637  -78.419  -2.704 0.0000000000
2597  8.007  -77.523  -1.442 0.0000000000
2627  7.080  -76.922  -3.305 0.0000000000
3165  6.814  -75.616  -4.553 0.0000000000
2644  5.445  -76.967  -4.718 0.0000000000
103790  4.247  -76.880  -5.777 0.0000000000
2200  4.121  -77.870  -5.923 0.0000000000
1806  5.454  -79.531  -9.223 0.0000000000
2232  4.561  -78.801  -8.392 0.0000000000
2263  4.831  -79.655  -10.494 0.0000000000
2265  2.100  -78.199  -10.204 0.0000000000
1847  4.633  -80.159  -11.422 0.0000000000
734  1.361  -83.333  -11.035 0.0000000000
108183  2.285  -81.877  -11.359 0.0000000000
94531  2.444  -82.705  -13.126 0.0000000000
1460  2.878  -81.630  -13.154 0.0000000000
1085  1.584  -82.538  -13.653 0.0000000000
773  -0.516  -82.628  -13.554 0.0000000000
555  -0.199  -83.065  -13.234 0.0000000000
523  -3.740  -84.497  -10.574 0.0000000000
349  -2.449  -85.660  -12.168 0.0000000000
185  -4.155  -86.034  -10.007 0.0000000000
187  -5.284  -86.732  -9.455 0.0000000000
174  -5.063  -86.739  -8.470 0.0000000000
47  -9.836  -87.600  -4.083 0.0000000000
13703  -17.314  -61.600  -3.546 0.0000000000
13705  -19.058  -61.428  -3.876 0.0000000000
13009  -19.357  -61.655  -6.371 0.0000000000
91373  -13.512  -67.597  -5.080 0.0000000000
10315  -14.736  -66.112  -5.352 0.0000000000
105092  -14.208  -67.564  -7.398 0.0000000000
10389  -14.615  -64.633  -10.279 0.0000000000
10368  -15.628  -65.623  -8.963 0.0000000000
96299  -16.326  -63.181  -9.632 0.0000000000
12452  -17.615  -62.390  -8.929 0.0000000000
13049  -16.595  -61.329  -8.882 0.0000000000
14412  -16.656  -59.904  -8.564 0.0000000000
13048  -15.463  -61.349  -8.728 0.0000000000
96087  -11.100  -60.288  -9.412 0.0000000000
14424  -12.517  -59.521  -9.397 0.0000000000
15175  -11.259  -58.717  -9.460 0.0000000000
15907  -11.292  -57.237  -9.395 0.0000000000
15905  -9.376  -57.773  -9.185 0.0000000000
7333  -5.756  -69.055  -2.205 0.0000000000
8063  -7.309  -68.728  -2.422 0.0000000000
95558  -6.449  -68.690  -2.743 0.0000000000
9635  -3.451  -66.219  -4.731 0.0000000000
9637  -5.053  -66.428  -5.099 0.0000000000
10314  -4.723  -65.950  -5.670 0.0000000000
10336  -6.027  -65.909  -6.559 0.0000000000
11018  -4.018  -64.735  -6.696 0.0000000000
10981  3.266  -64.541  -2.832 0.0000000000
10997  1.689  -65.070  -5.377 0.0000000000
104918  1.649  -63.368  -4.258 0.0000000000
14387  -0.464  -59.698  -6.082 0.0000000000
94977  0.096  -61.898  -5.899 0.0000000000
94830  -1.175  -60.748  -7.109 0.0000000000
13024  -3.109  -61.930  -8.001 0.0000000000
13745  -3.272  -60.276  -8.268 0.0000000000
13747  -4.948  -60.483  -8.651 0.0000000000
15157  -3.583  -58.826  -8.274 0.0000000000
17339  -3.450  -55.210  -5.544 0.0000000000
16616  -4.672  -56.877  -6.971 0.0000000000
17353  -5.400  -55.400  -6.094 0.0000000000
17368  -7.526  -55.347  -7.240 0.0000000000
18839  -6.234  -53.640  -5.863 0.0000000000
19530  -6.189  -52.054  -6.417 0.0000000000
19504  -5.212  -52.705  -5.399 0.0000000000
21683  -1.625  -49.057  -4.938 0.0000000000
3810  3.837  -75.624  -10.220 0.0000000000
3809  6.233  -76.018  -10.401 0.0000000000
92773  5.567  -76.142  -11.167 0.0000000000
3311  5.338  -76.923  -14.239 0.0000000000
3858  5.737  -76.327  -13.107 0.0000000000
4449  4.618  -75.333  -15.052 0.0000000000
5033  4.485  -73.816  -15.422 0.0000000000
5032  5.434  -74.335  -16.639 0.0000000000
4526  6.424  -75.929  -20.173 0.0000000000
5738  6.795  -73.821  -21.908 0.0000000000
5708  7.754  -73.493  -19.779 0.0000000000
6895  7.155  -70.980  -21.540 0.0000000000
7547  6.743  -69.599  -19.033 0.0000000000
7592  5.938  -69.257  -22.055 0.0000000000
94669  3.452  -72.830  -5.194 0.0000000000
4918  3.307  -72.604  -5.975 0.0000000000
102814  4.785  -72.687  -6.992 0.0000000000
4951  5.677  -73.091  -8.732 0.0000000000
4967  5.972  -73.606  -9.698 0.0000000000
351  -6.115  -85.127  -11.947 0.0000000000
535  -7.304  -84.867  -12.870 0.0000000000
106899  -7.671  -84.296  -10.757 0.0000000000
525  -9.326  -83.443  -10.142 0.0000000000
743  -11.496  -82.779  -11.141 0.0000000000
21011  -16.428  -50.880  -10.037 0.0000000000
21029  -15.116  -50.116  -10.280 0.0000000000
21758  -13.646  -49.575  -10.237 0.0000000000
107951  -13.005  -48.610  -10.263 0.0000000000
109887  -11.924  -48.173  -10.311 0.0000000000
21754  -10.041  -49.597  -10.443 0.0000000000
105303  -7.903  -50.096  -9.947 0.0000000000
96030  -6.417  -49.861  -8.903 0.0000000000
10945  -7.748  -64.943  -1.867 0.0000000000
9595  -9.429  -65.812  -4.028 0.0000000000
9579  -9.002  -66.210  -3.112 0.0000000000
109039  -9.112  -68.118  -3.827 0.0000000000
8111  -8.655  -68.886  -4.484 0.0000000000
11061  4.548  -64.534  -8.466 0.0000000000
11039  4.960  -64.153  -6.998 0.0000000000
96281  4.758  -63.099  -8.672 0.0000000000
18164  -18.536  -54.561  -9.043 0.0000000000
16653  -16.382  -56.661  -9.475 0.0000000000
6689  -2.593  -71.145  0.978 0.0000000000
6122  -4.159  -71.314  -0.760 0.0000000000
6134  -2.583  -71.694  -1.214 0.0000000000
94752  -3.645  -71.628  -3.489 0.0000000000
6151  -3.733  -71.759  -5.106 0.0000000000
6218  0.183  -71.134  -10.401 0.0000000000
6799  -0.155  -70.513  -10.138 0.0000000000
108002  1.398  -69.807  -11.259 0.0000000000
100196  2.632  -69.688  -11.269 0.0000000000
100740  4.661  -69.928  -9.880 0.0000000000
7435  6.577  -70.303  -9.600 0.0000000000
7475  7.180  -70.097  -10.302 0.0000000000
8221  5.005  -68.523  -12.891 0.0000000000
92020  4.777  -68.132  -14.929 0.0000000000
2711  -0.015  -76.629  -8.883 0.0000000000
3230  -0.324  -76.220  -8.981 0.0000000000
3253  -1.558  -76.550  -10.154 0.0000000000
3267  -2.617  -76.413  -11.468 0.0000000000
3301  -3.333  -76.578  -13.189 0.0000000000
93808  -7.776  -83.703  -16.637 0.0000000000
1502  -6.731  -83.112  -16.627 0.0000000000
1112  -7.400  -84.154  -18.050 0.0000000000
1132  -5.916  -82.857  -19.678 0.0000000000
1525  -5.242  -81.110  -19.092 0.0000000000
15827  -6.889  -57.196  -2.040 0.0000000000
103916  -3.439  -58.391  -3.128 0.0000000000
14330  1.549  -59.681  -1.172 0.0000000000
12947  2.550  -60.917  0.234 0.0000000000
11633  1.024  -63.135  0.375 0.0000000000
101511  0.687  -65.267  -0.210 0.0000000000
9519  -0.094  -66.414  1.030 0.0000000000
9534  1.400  -66.327  0.129 0.0000000000
8761  1.938  -67.464  1.662 0.0000000000
7974  3.295  -68.941  1.948 0.0000000000
5477  6.835  -72.390  1.773 0.0000000000
4246  6.036  -73.332  2.907 0.0000000000
4265  4.468  -74.136  3.096 0.0000000000
3648  2.974  -74.930  2.813 0.0000000000
3097  1.674  -76.114  0.982 0.0000000000
3096  2.421  -76.982  2.088 0.0000000000
2566  2.783  -77.497  1.511 0.0000000000
2109  4.021  -78.281  1.026 0.0000000000
108139  4.901  -81.868  2.655 0.0000000000
902  5.844  -80.821  1.051 0.0000000000
1276  5.406  -79.925  -0.387 0.0000000000
109488  6.462  -79.391  -2.912 0.0000000000
1726  5.927  -79.120  -4.285 0.0000000000
2213  5.446  -78.919  -6.179 0.0000000000
1763  6.330  -79.643  -6.645 0.0000000000
1379  6.262  -80.071  -8.101 0.0000000000
1395  5.102  -80.616  -9.144 0.0000000000
721  1.088  -83.503  -9.836 0.0000000000
748  0.196  -83.353  -11.509 0.0000000000
532  -0.434  -83.349  -12.441 0.0000000000
749  -0.994  -82.868  -11.501 0.0000000000
738  -4.045  -82.957  -10.587 0.0000000000
14364  -15.145  -59.790  -3.061 0.0000000000
12992  -16.409  -61.546  -3.382 0.0000000000
11698  -16.201  -63.118  -4.825 0.0000000000
104650  -11.625  -69.723  -9.709 0.0000000000
104368  -13.464  -68.196  -9.428 0.0000000000
104404  -12.955  -68.069  -10.304 0.0000000000
104483  -12.716  -65.583  -10.699 0.0000000000
90779  -13.117  -63.941  -9.993 0.0000000000
12450  -14.106  -62.459  -8.617 0.0000000000
11752  -12.653  -63.361  -8.145 0.0000000000
13043  -10.899  -61.874  -8.929 0.0000000000
13762  -8.628  -60.350  -9.407 0.0000000000
8088  -4.000  -68.381  -3.967 0.0000000000
8838  -4.282  -67.978  -3.844 0.0000000000
8837  -3.428  -67.584  -4.232 0.0000000000
9616  -2.192  -66.394  -4.306 0.0000000000
10310  -1.461  -65.773  -5.132 0.0000000000
13685  3.323  -60.306  -2.619 0.0000000000
12997  1.442  -61.427  -3.670 0.0000000000
96249  1.992  -59.593  -2.934 0.0000000000
14373  0.772  -58.894  -4.512 0.0000000000
15141  -0.742  -58.390  -6.025 0.0000000000
15881  -2.017  -57.861  -6.995 0.0000000000
16602  -1.107  -56.973  -5.817 0.0000000000
18116  -1.839  -54.822  -4.902 0.0000000000
18101  -2.262  -54.176  -4.374 0.0000000000
19490  -3.188  -52.470  -4.560 0.0000000000
19481  -1.688  -52.335  -3.808 0.0000000000
20206  -0.010  -51.269  -3.305 0.0000000000
96377  1.566  -76.813  -13.539 0.0000000000
3279  3.846  -76.721  -12.517 0.0000000000
105565  2.681  -77.367  -14.451 0.0000000000
2805  4.525  -77.881  -15.340 0.0000000000
2825  5.416  -77.994  -16.738 0.0000000000
4889  -0.001  -73.374  -2.938 0.0000000000
4890  -0.927  -72.790  -3.808 0.0000000000
4898  -0.330  -73.063  -4.264 0.0000000000
105629  -0.341  -72.829  -5.739 0.0000000000
5564  0.063  -71.928  -7.536 0.0000000000
4919  1.835  -72.325  -6.640 0.0000000000
99101  1.096  -71.846  -7.755 0.0000000000
5611  0.496  -71.565  -9.157 0.0000000000
5625  1.221  -71.906  -11.064 0.0000000000
5636  2.324  -71.733  -12.891 0.0000000000
6233  3.929  -71.574  -14.067 0.0000000000
1464  -2.105  -80.686  -13.062 0.0000000000
1873  -3.604  -79.265  -12.647 0.0000000000
1070  -3.904  -80.891  -13.176 0.0000000000
101542  -5.484  -81.416  -13.815 0.0000000000
1482  -6.691  -83.064  -14.703 0.0000000000
547  -7.572  -84.420  -13.582 0.0000000000
95083  -7.771  -83.570  -14.503 0.0000000000
1092  -7.961  -83.392  -15.011 0.0000000000
1105  -8.565  -81.707  -15.421 0.0000000000
1494  -8.962  -80.590  -15.983 0.0000000000
101455  -10.642  -47.664  -10.321 0.0000000000
10216  5.556  -66.055  1.805 0.0000000000
11663  -12.004  -62.519  -1.891 0.0000000000
11674  -13.220  -63.170  -2.542 0.0000000000
10949  -12.212  -64.383  -2.881 0.0000000000
90765  -12.961  -66.853  -3.709 0.0000000000
91327  -12.799  -68.420  -5.198 0.0000000000
90756  -10.645  -68.503  -4.186 0.0000000000
91484  -11.355  -69.561  -5.282 0.0000000000
91656  -11.869  -69.671  -6.860 0.0000000000
104383  -10.640  -70.076  -9.906 0.0000000000
104389  -9.058  -69.188  -9.935 0.0000000000
104501  -9.083  -67.334  -8.111 0.0000000000
8106  3.961  -69.094  -3.643 0.0000000000
8864  2.377  -67.467  -3.998 0.0000000000
109070  3.970  -67.591  -3.453 0.0000000000
10279  4.727  -65.777  -2.791 0.0000000000
11682  4.050  -63.264  -2.356 0.0000000000
107182  5.115  -63.114  -5.531 0.0000000000
12397  5.101  -62.603  -3.619 0.0000000000
12988  4.600  -61.505  -3.056 0.0000000000
14371  4.191  -59.185  -3.534 0.0000000000
1994  0.787  -80.114  -21.665 0.0000000000
100170  1.705  -79.932  -22.293 0.0000000000
103878  -13.169  -86.314  -8.036 0.0000000000
194  -13.469  -85.901  -9.854 0.0000000000
20294  -15.328  -52.207  -10.303 0.0000000000
18901  -13.919  -52.972  -10.176 0.0000000000
18183  -11.058  -53.944  -9.478 0.0000000000
8764  -6.016  -67.670  1.283 0.0000000000
8018  -7.042  -68.137  0.255 0.0000000000
7290  -6.344  -68.887  0.409 0.0000000000
7319  -5.969  -69.605  -0.834 0.0000000000
6731  -5.572  -69.992  -2.190 0.0000000000
6136  -4.605  -71.193  -1.541 0.0000000000
6737  -5.226  -70.008  -2.954 0.0000000000
7350  -4.674  -68.996  -3.394 0.0000000000
7349  -3.666  -68.648  -3.933 0.0000000000
7347  -1.596  -68.872  -4.175 0.0000000000
7345  0.235  -69.155  -3.819 0.0000000000
5536  -2.129  -72.506  -4.788 0.0000000000
5543  -3.249  -72.132  -5.738 0.0000000000
6746  -3.705  -70.484  -7.045 0.0000000000
6781  -1.234  -70.048  -9.075 0.0000000000
7426  -1.537  -69.440  -8.430 0.0000000000
7408  -2.508  -69.479  -7.305 0.0000000000
92523  -1.122  -69.284  -6.188 0.0000000000
7370  1.100  -69.493  -5.540 0.0000000000
7358  2.185  -69.476  -3.982 0.0000000000
7368  4.451  -69.772  -4.648 0.0000000000
7355  6.559  -69.252  -5.234 0.0000000000
99591  6.169  -68.036  -7.165 0.0000000000
8160  6.663  -69.252  -9.372 0.0000000000
8908  4.715  -68.132  -9.363 0.0000000000
9678  3.715  -66.525  -8.523 0.0000000000
10385  4.625  -65.302  -10.318 0.0000000000
104293  5.498  -75.489  -6.886 0.0000000000
4359  7.079  -75.317  -8.395 0.0000000000
99616  3.250  -75.530  -7.769 0.0000000000
3795  2.433  -75.353  -9.373 0.0000000000
3824  1.643  -75.652  -11.164 0.0000000000
3813  -0.302  -75.554  -9.982 0.0000000000
3825  0.550  -75.618  -11.526 0.0000000000
111231  0.613  -75.813  -12.295 0.0000000000
3336  0.514  -76.914  -15.065 0.0000000000
2845  0.449  -77.769  -17.250 0.0000000000
105858  0.259  -79.078  -19.077 0.0000000000
102538  -4.019  -78.696  -12.759 0.0000000000
99010  -4.077  -77.898  -13.147 0.0000000000
108131  -3.339  -78.659  -15.146 0.0000000000
1512  -4.569  -81.621  -16.562 0.0000000000
1923  -3.215  -80.341  -16.456 0.0000000000
2361  -2.435  -78.663  -16.351 0.0000000000
1938  -1.676  -79.524  -17.895 0.0000000000
1967  -1.038  -80.956  -19.701 0.0000000000
1542  -0.318  -80.749  -20.441 0.0000000000
204  -12.705  -85.801  -10.879 0.0000000000
100413  -11.815  -59.485  -2.303 0.0000000000
15084  -10.869  -58.683  -1.887 0.0000000000
13677  -11.367  -60.226  -2.302 0.0000000000
13676  -10.081  -60.139  -2.241 0.0000000000
13663  -9.353  -60.414  -1.722 0.0000000000
12377  -8.487  -62.717  -1.014 0.0000000000
90786  -8.128  -59.248  -3.692 0.0000000000
91419  -7.086  -60.242  -1.302 0.0000000000
12376  -7.525  -62.846  -0.930 0.0000000000
101964  -6.253  -63.424  -1.246 0.0000000000
10929  -6.131  -64.331  -1.298 0.0000000000
10920  -5.079  -64.926  -0.051 0.0000000000
93539  -2.229  -58.570  -2.326 0.0000000000
14346  -1.649  -59.964  -4.419 0.0000000000
13658  0.920  -60.127  -2.223 0.0000000000
13644  -0.832  -60.649  -0.772 0.0000000000
13645  -2.783  -60.401  -0.583 0.0000000000
12355  -3.694  -62.728  0.199 0.0000000000
10919  -4.207  -64.681  0.139 0.0000000000
9523  -4.933  -66.219  1.298 0.0000000000
9508  -4.419  -66.969  2.319 0.0000000000
8750  -4.176  -67.834  2.742 0.0000000000
7251  -3.483  -69.151  3.371 0.0000000000
9483  -0.804  -66.763  2.991 0.0000000000
7234  -1.894  -69.228  4.147 0.0000000000
102352  -2.286  -70.632  2.635 0.0000000000
6679  -1.907  -71.678  1.378 0.0000000000
6108  -0.995  -72.454  0.903 0.0000000000
5515  -0.600  -72.836  -0.090 0.0000000000
8007  5.431  -68.543  0.200 0.0000000000
7973  5.019  -69.630  0.827 0.0000000000
6651  3.405  -70.468  2.629 0.0000000000
6086  5.207  -71.887  1.489 0.0000000000
6087  3.527  -71.922  2.352 0.0000000000
6073  2.903  -71.127  3.042 0.0000000000
5482  1.055  -72.700  2.201 0.0000000000
5505  -0.128  -73.197  0.503 0.0000000000
4870  -0.339  -73.217  -0.443 0.0000000000
4878  0.167  -73.797  -2.041 0.0000000000
4317  0.937  -74.423  -2.351 0.0000000000
4325  2.423  -74.306  -3.345 0.0000000000
3679  1.832  -75.777  -0.903 0.0000000000
3703  2.515  -75.317  -2.259 0.0000000000
4886  2.998  -73.686  -3.945 0.0000000000
4885  4.319  -73.338  -4.108 0.0000000000
4893  5.924  -73.082  -5.043 0.0000000000
4335  8.161  -74.347  -6.911 0.0000000000
1607  7.261  -79.434  6.207 0.0000000000
1624  5.426  -79.826  4.267 0.0000000000
1642  5.105  -79.785  2.040 0.0000000000
2585  6.047  -77.747  -0.314 0.0000000000
95610  6.982  -79.051  0.004 0.0000000000
3116  7.421  -76.833  -1.025 0.0000000000
3126  7.106  -75.826  -1.333 0.0000000000
4311  7.932  -73.902  -2.978 0.0000000000
4327  8.150  -74.063  -5.026 0.0000000000
3729  7.305  -74.959  -6.307 0.0000000000
3730  5.272  -75.610  -6.362 0.0000000000
3198  3.148  -76.252  -6.880 0.0000000000
2696  1.968  -76.859  -7.838 0.0000000000
2215  3.998  -78.100  -6.627 0.0000000000
2708  2.575  -77.589  -8.448 0.0000000000
2709  1.546  -77.150  -8.405 0.0000000000
2723  1.218  -77.471  -9.231 0.0000000000
2283  0.613  -78.283  -10.871 0.0000000000
2299  0.358  -78.919  -11.590 0.0000000000
1765  3.124  -80.225  -6.501 0.0000000000
1382  3.428  -80.454  -8.359 0.0000000000
1413  5.068  -81.046  -10.586 0.0000000000
1415  2.008  -81.376  -10.190 0.0000000000
1414  3.638  -81.358  -11.144 0.0000000000
1431  4.886  -80.989  -11.422 0.0000000000
1861  3.069  -80.252  -12.324 0.0000000000
1869  1.184  -80.454  -12.847 0.0000000000
1870  -0.105  -80.136  -12.977 0.0000000000
1463  -0.975  -81.065  -13.470 0.0000000000
99628  -2.154  -83.459  -13.683 0.0000000000
375  -2.933  -85.232  -13.487 0.0000000000
363  -2.007  -84.435  -12.738 0.0000000000
364  -2.361  -85.551  -12.751 0.0000000000
225  -4.997  -85.533  -12.518 0.0000000000
203  -5.969  -86.056  -10.005 0.0000000000
189  -7.302  -86.657  -9.221 0.0000000000
85  -9.850  -86.876  -8.104 0.0000000000
516  -5.939  -84.164  -8.838 0.0000000000
170  -6.366  -86.921  -6.589 0.0000000000
59  -7.358  -87.078  -5.721 0.0000000000
60  -9.298  -87.606  -5.232 0.0000000000
72  -11.810  -86.371  -7.177 0.0000000000
88  -13.893  -86.732  -7.102 0.0000000000
15873  -21.566  -58.393  -7.692 0.0000000000
10967  -14.146  -64.853  -4.043 0.0000000000
10984  -15.134  -64.331  -4.953 0.0000000000
10999  -16.025  -64.025  -6.202 0.0000000000
90772  -15.043  -66.418  -8.714 0.0000000000
10351  -16.067  -65.322  -8.092 0.0000000000
11731  -17.607  -63.320  -7.349 0.0000000000
12430  -18.583  -62.370  -7.881 0.0000000000
108402  -19.850  -60.696  -8.068 0.0000000000
15165  -18.762  -58.846  -8.204 0.0000000000
101372  -17.800  -58.675  -8.579 0.0000000000
15180  -16.778  -57.887  -9.010 0.0000000000
15910  -15.173  -57.687  -9.409 0.0000000000
13765  -13.744  -60.425  -9.145 0.0000000000
15178  -14.050  -58.883  -9.346 0.0000000000
16651  -13.912  -57.228  -9.624 0.0000000000
16649  -12.483  -56.462  -9.685 0.0000000000
17402  -11.543  -55.493  -9.590 0.0000000000
18162  -9.730  -54.505  -8.815 0.0000000000
8046  -8.057  -68.279  -1.606 0.0000000000
7334  -7.857  -68.784  -2.878 0.0000000000
8110  -7.954  -68.940  -4.555 0.0000000000
8856  -5.511  -67.815  -4.051 0.0000000000
8868  -6.259  -67.637  -5.255 0.0000000000
8134  -7.784  -68.539  -6.323 0.0000000000
8878  -7.321  -67.789  -6.825 0.0000000000
8893  -7.648  -67.041  -7.738 0.0000000000
10365  -7.495  -65.243  -7.951 0.0000000000
9630  1.184  -66.250  -5.314 0.0000000000
10328  0.905  -65.586  -6.099 0.0000000000
11014  -0.622  -64.961  -7.095 0.0000000000
12407  0.570  -62.189  -5.321 0.0000000000
11741  0.230  -63.440  -7.056 0.0000000000
11042  -2.006  -64.239  -7.310 0.0000000000
11745  -3.094  -63.419  -7.547 0.0000000000
11748  -6.078  -63.436  -7.679 0.0000000000
11760  -6.955  -63.195  -8.133 0.0000000000
13039  -6.676  -61.604  -8.722 0.0000000000
13760  -6.621  -60.266  -9.099 0.0000000000
14419  -7.711  -59.360  -9.318 0.0000000000
15883  -3.449  -57.599  -7.532 0.0000000000
15892  -5.604  -57.790  -8.275 0.0000000000
15903  -7.776  -58.019  -8.908 0.0000000000
16629  -8.487  -56.483  -8.348 0.0000000000
17369  -8.219  -55.087  -7.759 0.0000000000
18884  -8.300  -53.463  -8.344 0.0000000000
19546  -7.427  -52.220  -8.533 0.0000000000
20979  -6.066  -50.799  -7.765 0.0000000000
97916  -5.252  -49.669  -7.436 0.0000000000
20230  -3.852  -51.249  -4.989 0.0000000000
102568  -3.896  -49.803  -5.836 0.0000000000
3779  7.134  -75.571  -9.251 0.0000000000
4389  7.782  -75.539  -10.363 0.0000000000
4977  6.689  -75.121  -11.528 0.0000000000
97030  6.346  -76.187  -11.954 0.0000000000
4409  6.700  -75.576  -12.012 0.0000000000
97085  4.350  -74.137  -12.380 0.0000000000
5004  3.641  -73.773  -13.700 0.0000000000
5644  3.873  -72.260  -14.486 0.0000000000
6262  6.485  -72.453  -14.339 0.0000000000
1978  3.086  -79.217  -20.716 0.0000000000
2392  5.538  -78.808  -19.337 0.0000000000
3365  6.476  -77.566  -18.979 0.0000000000
3394  3.930  -76.856  -19.900 0.0000000000
92928  6.696  -76.281  -19.841 0.0000000000
4505  7.238  -75.857  -19.493 0.0000000000
5074  7.888  -74.865  -18.520 0.0000000000
110842  8.065  -73.083  -16.323 0.0000000000
6843  7.785  -71.535  -15.068 0.0000000000
7515  6.424  -69.660  -16.105 0.0000000000
91846  6.073  -68.678  -17.465 0.0000000000
8992  5.405  -66.617  -17.339 0.0000000000
9029  4.629  -66.227  -20.299 0.0000000000
10452  4.689  -64.624  -17.562 0.0000000000
4345  8.228  -74.455  -7.533 0.0000000000
178  -10.162  -86.368  -9.043 0.0000000000
191  -10.331  -85.815  -9.522 0.0000000000
192  -10.907  -86.070  -9.512 0.0000000000
109111  -11.134  -52.516  -9.776 0.0000000000
102857  -10.375  -52.178  -9.816 0.0000000000
20288  -9.389  -51.683  -9.923 0.0000000000
19560  -9.610  -52.667  -9.487 0.0000000000
10241  -6.282  -65.898  -0.043 0.0000000000
9551  -7.875  -66.833  -0.722 0.0000000000
9540  -7.379  -66.893  -0.065 0.0000000000
5521  -0.829  -72.516  -1.620 0.0000000000
98884  -1.307  -72.238  -2.324 0.0000000000
6820  6.151  -71.149  -12.373 0.0000000000
109717  6.961  -71.265  -12.244 0.0000000000
6819  7.194  -70.840  -12.109 0.0000000000
6830  7.297  -71.139  -12.605 0.0000000000
2300  -0.897  -78.748  -11.801 0.0000000000
11620  5.021  -62.926  2.379 0.0000000000
107496  4.326  -64.699  0.000 0.0000000000
10233  4.409  -65.713  -0.158 0.0000000000
3044  6.856  -76.544  5.180 0.0000000000
3058  6.051  -75.818  4.603 0.0000000000
2533  6.760  -76.717  4.911 0.0000000000
1312  3.472  -80.731  -2.908 0.0000000000
951  4.115  -80.848  -4.621 0.0000000000
110050  3.222  -80.292  -4.480 0.0000000000
100044  -12.975  -61.692  -2.409 0.0000000000
12983  -13.560  -61.832  -2.645 0.0000000000
12387  -13.062  -62.377  -2.405 0.0000000000
107427  -10.093  -66.279  -7.699 0.0000000000
91206  -10.456  -65.918  -8.133 0.0000000000
11020  -10.446  -65.210  -6.973 0.0000000000
11064  -9.959  -64.814  -7.404 0.0000000000
8833  0.046  -67.961  -3.961 0.0000000000
8083  0.732  -68.536  -3.662 0.0000000000
16574  2.749  -55.981  -2.896 0.0000000000
2416  0.931  -78.919  -19.326 0.0000000000
2395  1.345  -78.438  -18.610 0.0000000000
4887  1.992  -73.765  -3.873 0.0000000000
4905  2.284  -72.865  -5.221 0.0000000000
4968  4.744  -73.160  -10.123 0.0000000000
93652  3.404  -72.458  -9.388 0.0000000000
559  -5.049  -84.413  -13.793 0.0000000000
1058  -10.584  -81.351  -11.582 0.0000000000
1057  -9.856  -81.445  -11.558 0.0000000000
1452  -10.177  -80.790  -11.954 0.0000000000
1468  -9.815  -80.462  -12.534 0.0000000000
21720  -6.550  -49.001  -9.171 0.0000000000
22468  -6.819  -48.232  -9.253 0.0000000000
22467  -6.115  -48.179  -8.689 0.0000000000
23196  -5.566  -47.012  -7.961 0.0000000000
10964  -10.187  -65.062  -3.987 0.0000000000
10947  -9.211  -64.964  -2.661 0.0000000000
7364  -9.364  -69.640  -5.283 0.0000000000
90745  -8.713  -70.364  -6.149 0.0000000000
91569  -8.173  -71.034  -7.013 0.0000000000
7377  -8.374  -69.279  -6.077 0.0000000000
93824  5.526  -66.975  -5.903 0.0000000000
9628  5.614  -66.413  -5.168 0.0000000000
105855  5.213  -65.854  -5.785 0.0000000000
17407  -16.174  -55.254  -9.914 0.0000000000
18189  -16.512  -54.488  -9.974 0.0000000000
17406  -15.331  -55.431  -9.996 0.0000000000
95756  -14.886  -54.982  -10.201 0.0000000000
17405  -14.510  -55.568  -10.011 0.0000000000
6682  -4.143  -70.403  1.380 0.0000000000
6691  -4.461  -70.635  0.586 0.0000000000
6156  -4.247  -71.177  -5.487 0.0000000000
6741  -4.487  -70.694  -4.810 0.0000000000
7376  -4.102  -69.925  -5.874 0.0000000000
7375  -3.681  -69.635  -5.645 0.0000000000
7387  -3.726  -69.864  -6.523 0.0000000000
5589  -0.952  -71.777  -7.876 0.0000000000
6185  -1.097  -71.329  -8.664 0.0000000000
7437  3.296  -69.585  -9.421 0.0000000000
93786  1.773  -69.243  -8.956 0.0000000000
7423  2.835  -69.500  -8.459 0.0000000000
7404  2.425  -69.493  -7.345 0.0000000000
9732  4.679  -66.803  -14.084 0.0000000000
9724  4.242  -67.036  -13.103 0.0000000000
92085  5.132  -65.855  -13.528 0.0000000000
98955  5.251  -65.568  -14.411 0.0000000000
3228  0.654  -76.123  -8.390 0.0000000000
97460  -2.424  -76.455  -14.212 0.0000000000
105764  -2.124  -75.923  -13.515 0.0000000000
3339  -2.170  -76.851  -15.048 0.0000000000
3338  -1.385  -76.830  -15.459 0.0000000000
2808  -1.958  -77.188  -15.646 0.0000000000
1491  -5.766  -81.531  -14.328 0.0000000000
1896  -5.132  -80.337  -14.220 0.0000000000
95644  -4.673  -82.263  -19.736 0.0000000000
1153  -4.257  -82.351  -19.564 0.0000000000
1152  -3.390  -82.250  -20.470 0.0000000000
1556  -3.526  -81.582  -21.246 0.0000000000
15829  -8.543  -57.712  -1.667 0.0000000000
13700  -4.649  -60.444  -5.364 0.0000000000
13689  -5.056  -60.523  -3.427 0.0000000000
14348  -3.973  -59.999  -1.544 0.0000000000
14332  -4.325  -59.867  -0.603 0.0000000000
14331  -3.602  -60.008  -1.076 0.0000000000
10917  -0.585  -65.111  -0.042 0.0000000000
98467  -1.483  -64.536  0.234 0.0000000000
101578  -2.086  -64.840  0.341 0.0000000000
103357  -1.553  -65.474  0.236 0.0000000000
9537  -1.304  -66.010  0.450 0.0000000000
7231  1.607  -69.207  4.098 0.0000000000
106666  0.896  -69.220  4.439 0.0000000000
96458  1.034  -70.657  3.995 0.0000000000
91713  6.999  -69.875  2.115 0.0000000000
105423  7.189  -70.684  1.689 0.0000000000
110528  2.498  -74.377  2.616 0.0000000000
4267  2.139  -73.916  2.512 0.0000000000
4286  1.235  -74.082  1.738 0.0000000000
3662  1.379  -75.090  1.344 0.0000000000
3118  4.309  -77.041  -0.808 0.0000000000
3128  4.102  -76.488  -1.341 0.0000000000
3690  5.109  -75.808  -1.789 0.0000000000
259  4.703  -84.472  3.066 0.0000000000
251  5.023  -84.779  4.008 0.0000000000
407  5.169  -84.491  5.236 0.0000000000
427  6.007  -83.236  3.640 0.0000000000
859  6.118  -81.667  3.709 0.0000000000
872  6.019  -81.831  2.550 0.0000000000
2162  6.121  -77.788  -3.628 0.0000000000
2161  6.892  -78.061  -3.049 0.0000000000
2628  6.378  -76.803  -4.021 0.0000000000
2182  5.544  -77.688  -4.187 0.0000000000
2661  4.597  -77.547  -5.253 0.0000000000
2183  4.943  -78.033  -4.616 0.0000000000
1830  5.447  -79.975  -10.158 0.0000000000
1807  4.755  -79.249  -9.520 0.0000000000
747  1.125  -83.456  -11.661 0.0000000000
733  2.053  -82.744  -11.892 0.0000000000
746  1.843  -83.272  -12.235 0.0000000000
770  2.226  -82.943  -13.382 0.0000000000
110177  1.890  -83.208  -13.170 0.0000000000
771  1.500  -83.065  -13.366 0.0000000000
543  0.725  -83.259  -13.122 0.0000000000
341  -4.161  -85.212  -9.909 0.0000000000
340  -3.587  -85.713  -10.662 0.0000000000
329  -4.526  -85.826  -9.291 0.0000000000
323  -4.864  -86.165  -8.872 0.0000000000
40  -10.702  -86.584  -3.446 0.0000000000
13000  -17.904  -62.073  -4.289 0.0000000000
13704  -18.168  -61.639  -3.669 0.0000000000
13714  -18.712  -61.845  -4.708 0.0000000000
13008  -18.379  -62.094  -5.555 0.0000000000
91476  -13.378  -68.259  -6.091 0.0000000000
90769  -14.065  -67.399  -6.305 0.0000000000
91475  -13.722  -68.096  -7.104 0.0000000000
11801  -14.748  -63.917  -10.170 0.0000000000
11071  -15.336  -64.368  -9.905 0.0000000000
11781  -15.518  -63.541  -9.830 0.0000000000
104809  -16.512  -62.652  -9.517 0.0000000000
13061  -16.086  -61.929  -9.182 0.0000000000
12451  -15.025  -61.949  -8.869 0.0000000000
14421  -9.830  -59.436  -9.499 0.0000000000
14422  -10.752  -59.451  -9.497 0.0000000000
15174  -10.412  -58.667  -9.458 0.0000000000
15906  -10.124  -57.875  -9.344 0.0000000000
15173  -9.628  -58.531  -9.408 0.0000000000
8090  -5.428  -68.736  -2.854 0.0000000000
10312  -3.017  -65.888  -5.410 0.0000000000
10313  -3.867  -65.873  -5.523 0.0000000000
10333  -3.474  -65.374  -6.147 0.0000000000
10334  -4.344  -65.384  -6.224 0.0000000000
11017  -3.192  -64.800  -6.716 0.0000000000
11683  3.238  -63.567  -2.594 0.0000000000
11694  2.417  -63.977  -3.637 0.0000000000
12398  2.388  -62.989  -3.133 0.0000000000
14388  -0.940  -59.726  -6.558 0.0000000000
13722  -0.650  -60.410  -6.497 0.0000000000
13734  -1.772  -60.157  -7.335 0.0000000000
13037  -2.710  -61.085  -8.019 0.0000000000
13735  -2.487  -60.249  -7.881 0.0000000000
14406  -3.023  -59.518  -8.138 0.0000000000
15156  -2.769  -58.788  -7.867 0.0000000000
18118  -3.911  -54.459  -5.025 0.0000000000
17340  -4.551  -55.023  -5.682 0.0000000000
18128  -5.641  -54.404  -5.731 0.0000000000
18821  -5.507  -53.516  -5.474 0.0000000000
18820  -4.871  -53.430  -5.076 0.0000000000
95812  3.291  -75.770  -11.011 0.0000000000
3899  5.262  -76.567  -14.887 0.0000000000
111596  4.846  -75.547  -15.877 0.0000000000
4469  4.714  -74.531  -16.053 0.0000000000
4486  5.155  -75.231  -16.743 0.0000000000
5709  5.764  -73.724  -21.044 0.0000000000
5739  5.872  -72.934  -22.051 0.0000000000
5768  6.924  -72.985  -22.349 0.0000000000
6342  6.368  -71.495  -22.609 0.0000000000
6906  6.834  -70.584  -22.117 0.0000000000
6908  6.068  -70.389  -22.373 0.0000000000
104904  7.091  -73.980  -9.256 0.0000000000
352  -7.021  -84.682  -11.347 0.0000000000
343  -7.936  -84.643  -10.153 0.0000000000
519  -10.403  -84.253  -9.821 0.0000000000
526  -10.112  -83.422  -10.063 0.0000000000
742  -10.725  -82.814  -10.608 0.0000000000
527  -11.572  -83.791  -10.654 0.0000000000
21010  -15.463  -51.142  -10.239 0.0000000000
21738  -15.913  -50.365  -10.193 0.0000000000
21009  -14.498  -50.938  -10.215 0.0000000000
20307  -11.804  -50.973  -10.189 0.0000000000
21027  -13.197  -50.194  -10.191 0.0000000000
21026  -12.301  -50.216  -10.241 0.0000000000
21757  -12.853  -49.386  -10.247 0.0000000000
21756  -11.856  -49.505  -10.323 0.0000000000
20286  -7.892  -51.096  -9.723 0.0000000000
21005  -8.710  -50.810  -10.161 0.0000000000
21721  -7.076  -49.606  -9.554 0.0000000000
20990  -7.103  -50.628  -9.238 0.0000000000
10941  -7.315  -64.681  -1.772 0.0000000000
10267  -8.300  -65.211  -2.267 0.0000000000
10258  -7.854  -65.205  -1.936 0.0000000000
8802  -8.430  -67.801  -1.695 0.0000000000
8818  -8.978  -67.407  -2.884 0.0000000000
8093  -8.928  -68.771  -4.235 0.0000000000
8092  -8.386  -68.722  -3.411 0.0000000000
98567  4.548  -64.637  -9.028 0.0000000000
93987  4.857  -63.934  -8.880 0.0000000000
16633  -18.590  -56.356  -8.740 0.0000000000
17383  -18.489  -55.434  -8.952 0.0000000000
17382  -17.917  -55.943  -9.168 0.0000000000
108065  -17.373  -55.665  -9.464 0.0000000000
16654  -17.216  -56.360  -9.333 0.0000000000
6110  -2.241  -71.782  0.544 0.0000000000
6121  -2.481  -71.672  -0.283 0.0000000000
5532  -2.317  -72.126  -3.570 0.0000000000
5528  -2.946  -71.800  -3.154 0.0000000000
5533  -3.136  -71.882  -3.890 0.0000000000
5538  -3.293  -71.955  -4.504 0.0000000000
6224  0.745  -71.247  -11.159 0.0000000000
6798  0.364  -70.519  -10.744 0.0000000000
6808  0.921  -70.401  -11.346 0.0000000000
93177  3.611  -70.001  -11.672 0.0000000000
7471  4.768  -70.062  -10.847 0.0000000000
109206  3.997  -69.826  -10.529 0.0000000000
7457  6.051  -70.342  -9.962 0.0000000000
7476  7.090  -70.258  -10.558 0.0000000000
8228  6.384  -69.219  -13.348 0.0000000000
2724  0.205  -77.157  -9.212 0.0000000000
2725  -0.531  -76.764  -9.321 0.0000000000
2726  -1.206  -76.943  -9.861 0.0000000000
96725  -2.807  -77.189  -11.649 0.0000000000
2742  -2.370  -76.927  -11.072 0.0000000000
3268  -3.117  -76.827  -12.019 0.0000000000
104825  -3.029  -76.376  -12.187 0.0000000000
3281  -3.449  -76.799  -12.627 0.0000000000
1113  -7.962  -83.137  -17.655 0.0000000000
1133  -7.084  -82.751  -19.625 0.0000000000
10916  2.675  -64.068  -0.321 0.0000000000
105499  2.202  -63.125  0.049 0.0000000000
97034  1.425  -64.137  -0.131 0.0000000000
97704  0.273  -64.140  0.038 0.0000000000
104023  0.692  -65.972  -0.128 0.0000000000
10235  1.629  -65.777  -0.250 0.0000000000
102589  2.838  -67.431  0.704 0.0000000000
7995  2.063  -68.010  2.642 0.0000000000
4810  6.008  -73.338  3.897 0.0000000000
4825  6.388  -73.141  2.877 0.0000000000
4229  5.825  -73.762  3.451 0.0000000000
3070  4.919  -75.661  3.837 0.0000000000
4248  5.324  -74.296  3.485 0.0000000000
3635  4.541  -74.943  3.343 0.0000000000
3084  2.448  -76.081  2.595 0.0000000000
2542  2.982  -76.782  3.075 0.0000000000
2556  3.033  -77.664  2.473 0.0000000000
2097  3.438  -78.294  1.891 0.0000000000
2565  3.261  -77.714  0.919 0.0000000000
1263  2.703  -80.702  0.124 0.0000000000
904  3.469  -80.704  1.166 0.0000000000
98724  3.703  -81.672  2.905 0.0000000000
1261  5.134  -80.141  0.341 0.0000000000
1277  4.436  -80.133  -0.329 0.0000000000
110835  5.523  -79.943  -2.256 0.0000000000
1323  6.016  -79.446  -3.597 0.0000000000
1338  6.221  -79.121  -3.709 0.0000000000
1339  5.903  -79.854  -4.636 0.0000000000
95366  6.185  -79.651  -5.986 0.0000000000
1351  6.072  -80.294  -5.603 0.0000000000
976  5.227  -81.039  -6.906 0.0000000000
975  5.839  -81.033  -6.576 0.0000000000
98560  5.404  -80.729  -7.238 0.0000000000
111017  5.195  -80.406  -8.535 0.0000000000
990  5.024  -80.904  -7.894 0.0000000000
735  0.834  -83.558  -10.500 0.0000000000
15113  -14.929  -58.759  -3.160 0.0000000000
100824  -14.420  -59.214  -2.945 0.0000000000
12394  -14.890  -62.520  -3.397 0.0000000000
96172  -15.516  -61.293  -3.194 0.0000000000
12991  -15.683  -61.936  -3.446 0.0000000000
12998  -16.367  -62.166  -3.718 0.0000000000
100586  -15.869  -62.957  -4.246 0.0000000000
90777  -11.620  -69.080  -10.427 0.0000000000
91199  -12.556  -68.835  -9.781 0.0000000000
104364  -11.925  -68.292  -10.689 0.0000000000
90770  -10.884  -65.250  -8.800 0.0000000000
90778  -11.483  -65.389  -10.240 0.0000000000
91442  -12.287  -64.601  -10.127 0.0000000000
104600  -12.267  -64.052  -9.115 0.0000000000
11766  -12.928  -63.530  -8.917 0.0000000000
11050  -12.227  -63.700  -8.157 0.0000000000
12446  -10.159  -63.024  -8.452 0.0000000000
11765  -11.105  -63.131  -8.230 0.0000000000
13042  -9.945  -62.065  -8.860 0.0000000000
13058  -9.734  -61.235  -9.213 0.0000000000
104239  -9.224  -61.700  -9.074 0.0000000000
8087  -3.041  -68.250  -4.334 0.0000000000
8836  -2.500  -67.519  -4.502 0.0000000000
9614  -0.661  -66.392  -4.113 0.0000000000
9615  -1.421  -66.259  -4.178 0.0000000000
9633  -1.776  -66.105  -4.426 0.0000000000
9632  -0.974  -66.011  -4.335 0.0000000000
15091  3.372  -58.984  -2.716 0.0000000000
13686  2.328  -60.190  -2.748 0.0000000000
14360  2.627  -58.839  -2.722 0.0000000000
15860  1.393  -56.996  -3.615 0.0000000000
100833  0.800  -57.937  -4.370 0.0000000000
15130  0.019  -58.343  -5.213 0.0000000000
15131  -0.560  -57.619  -5.556 0.0000000000
92835  -0.335  -56.814  -4.983 0.0000000000
18115  -0.791  -54.946  -4.569 0.0000000000
18798  -1.615  -53.739  -3.804 0.0000000000
18783  -1.931  -53.233  -3.848 0.0000000000
18782  -1.102  -53.062  -3.532 0.0000000000
19479  0.315  -52.184  -3.106 0.0000000000
3335  1.471  -77.164  -14.773 0.0000000000
3314  2.647  -77.105  -13.636 0.0000000000
105424  2.019  -77.523  -15.192 0.0000000000
2359  3.410  -78.373  -16.963 0.0000000000
2827  3.524  -78.192  -16.105 0.0000000000
2358  4.400  -78.426  -16.749 0.0000000000
2804  5.205  -77.762  -15.826 0.0000000000
107245  4.982  -78.752  -17.411 0.0000000000
106427  -0.305  -73.079  -3.581 0.0000000000
96177  0.298  -73.401  -3.703 0.0000000000
4907  0.368  -72.902  -5.531 0.0000000000
4921  0.153  -72.659  -6.246 0.0000000000
91709  -0.123  -72.341  -6.811 0.0000000000
5551  0.836  -72.183  -6.880 0.0000000000
106004  2.977  -72.414  -6.660 0.0000000000
98569  2.044  -72.594  -5.947 0.0000000000
4933  2.594  -72.237  -7.179 0.0000000000
109924  1.902  -71.861  -8.041 0.0000000000
5587  1.438  -71.751  -8.712 0.0000000000
107504  1.239  -71.734  -9.677 0.0000000000
110908  0.689  -71.578  -9.759 0.0000000000
5629  2.090  -72.227  -12.325 0.0000000000
6234  3.100  -71.458  -13.493 0.0000000000
5645  3.202  -72.062  -13.976 0.0000000000
1465  -3.250  -80.278  -12.882 0.0000000000
92313  -5.425  -82.438  -13.736 0.0000000000
1090  -4.685  -81.511  -13.416 0.0000000000
1091  -6.698  -83.218  -14.457 0.0000000000
98729  -7.779  -84.102  -12.815 0.0000000000
546  -7.177  -84.895  -13.602 0.0000000000
780  -8.413  -82.586  -13.611 0.0000000000
779  -7.809  -83.687  -14.075 0.0000000000
1093  -8.219  -83.017  -14.803 0.0000000000
1104  -8.104  -82.996  -16.083 0.0000000000
1484  -9.489  -80.212  -13.900 0.0000000000
1504  -9.356  -80.289  -16.111 0.0000000000
22508  -10.593  -48.359  -10.379 0.0000000000
96467  -11.259  -47.922  -10.377 0.0000000000
23223  -9.891  -47.918  -10.158 0.0000000000
92780  -8.749  -46.893  -9.633 0.0000000000
12380  -11.384  -62.533  -1.666 0.0000000000
11662  -11.790  -63.192  -1.888 0.0000000000
11672  -11.430  -63.978  -2.375 0.0000000000
102616  -11.658  -66.052  -4.076 0.0000000000
90763  -12.453  -66.687  -3.539 0.0000000000
90768  -12.544  -67.405  -3.828 0.0000000000
104451  -12.749  -67.951  -4.384 0.0000000000
104532  -12.214  -68.486  -4.579 0.0000000000
10296  -9.719  -66.103  -5.325 0.0000000000
91392  -9.988  -66.284  -5.749 0.0000000000
91593  -9.856  -67.503  -4.961 0.0000000000
90749  -10.019  -70.413  -5.778 0.0000000000
91661  -10.779  -69.559  -4.912 0.0000000000
90751  -11.244  -69.984  -6.174 0.0000000000
103781  -11.829  -69.412  -5.921 0.0000000000
90754  -10.986  -70.428  -7.511 0.0000000000
104829  -10.926  -70.425  -9.025 0.0000000000
104582  -10.302  -70.903  -8.442 0.0000000000
106972  -7.988  -69.972  -8.699 0.0000000000
91284  -9.222  -70.243  -9.751 0.0000000000
8147  -8.284  -69.086  -9.053 0.0000000000
104401  -8.910  -68.059  -8.951 0.0000000000
8879  -8.779  -67.198  -7.901 0.0000000000
8105  5.266  -69.079  -3.739 0.0000000000
8846  4.504  -68.326  -3.473 0.0000000000
8845  5.473  -68.098  -3.671 0.0000000000
10294  5.688  -65.534  -3.712 0.0000000000
107708  5.349  -65.831  -3.128 0.0000000000
10960  5.227  -65.063  -2.906 0.0000000000
10961  4.271  -64.859  -2.537 0.0000000000
93822  4.788  -63.984  -2.624 0.0000000000
11740  4.967  -63.422  -7.242 0.0000000000
11727  5.082  -63.443  -6.269 0.0000000000
97875  4.907  -62.883  -6.932 0.0000000000
13004  4.549  -61.245  -5.447 0.0000000000
12405  4.807  -62.043  -5.428 0.0000000000
12994  4.924  -61.862  -4.183 0.0000000000
12391  4.826  -62.226  -3.094 0.0000000000
12995  4.640  -60.907  -4.067 0.0000000000
13684  4.373  -60.475  -2.995 0.0000000000
13697  4.428  -59.953  -4.116 0.0000000000
89  -14.766  -86.418  -8.271 0.0000000000
181  -13.792  -86.226  -8.654 0.0000000000
95  -15.719  -86.193  -9.000 0.0000000000
19566  -17.351  -52.881  -9.791 0.0000000000
20295  -16.209  -51.764  -10.171 0.0000000000
19564  -16.115  -52.587  -10.262 0.0000000000
18186  -13.707  -54.514  -10.159 0.0000000000
100546  -14.309  -53.703  -10.280 0.0000000000
100547  -13.369  -53.661  -10.127 0.0000000000
100548  -12.502  -53.493  -9.925 0.0000000000
18184  -11.889  -54.094  -9.766 0.0000000000
8009  -5.754  -68.401  1.520 0.0000000000
8010  -6.346  -68.330  0.914 0.0000000000
7281  -5.944  -68.895  1.095 0.0000000000
7301  -5.920  -69.657  -0.022 0.0000000000
7318  -5.990  -69.279  -1.575 0.0000000000
6719  -5.608  -70.183  -1.397 0.0000000000
6135  -3.720  -71.498  -1.655 0.0000000000
6144  -4.514  -71.211  -2.317 0.0000000000
93107  -4.810  -70.085  -3.843 0.0000000000
95785  -4.965  -70.703  -2.663 0.0000000000
7373  -1.747  -69.290  -5.216 0.0000000000
104267  -2.194  -69.060  -4.331 0.0000000000
7361  -1.198  -69.175  -4.233 0.0000000000
7346  -0.649  -69.022  -3.908 0.0000000000
7360  -0.349  -69.295  -4.286 0.0000000000
4899  -1.177  -72.801  -4.684 0.0000000000
5531  -1.779  -72.503  -4.053 0.0000000000
5541  -1.694  -72.667  -5.287 0.0000000000
5567  -2.419  -72.056  -7.100 0.0000000000
5553  -2.631  -72.291  -6.392 0.0000000000
5568  -3.146  -71.737  -7.102 0.0000000000
5554  -3.379  -71.872  -6.445 0.0000000000
6176  -3.356  -71.008  -7.613 0.0000000000
7461  0.119  -69.893  -10.280 0.0000000000
6780  -0.639  -70.495  -9.589 0.0000000000
7440  -0.021  -69.343  -9.669 0.0000000000
8162  -0.013  -68.793  -8.367 0.0000000000
8163  -0.670  -68.950  -8.535 0.0000000000
8144  -1.258  -69.025  -7.996 0.0000000000
7407  -1.962  -69.329  -7.872 0.0000000000
7385  -1.677  -69.252  -7.230 0.0000000000
7384  -0.821  -69.141  -7.225 0.0000000000
97290  1.647  -69.482  -6.407 0.0000000000
94567  2.016  -69.622  -5.091 0.0000000000
105886  1.416  -69.500  -4.476 0.0000000000
7369  3.105  -69.741  -4.714 0.0000000000
7357  3.451  -69.519  -3.975 0.0000000000
7401  6.550  -70.030  -7.678 0.0000000000
7379  6.589  -69.622  -6.448 0.0000000000
7400  7.034  -69.490  -7.228 0.0000000000
8132  6.974  -68.698  -6.828 0.0000000000
8141  6.881  -68.807  -8.008 0.0000000000
7456  7.075  -69.900  -9.886 0.0000000000
8175  6.952  -69.601  -9.798 0.0000000000
8193  6.272  -68.769  -9.962 0.0000000000
9702  3.780  -67.357  -10.904 0.0000000000
8922  3.996  -67.839  -9.838 0.0000000000
9691  3.636  -67.235  -10.196 0.0000000000
97054  4.255  -67.652  -8.634 0.0000000000
9688  3.673  -67.204  -9.371 0.0000000000
10376  3.708  -66.116  -9.169 0.0000000000
10386  3.913  -66.197  -9.884 0.0000000000
11098  5.276  -63.901  -11.623 0.0000000000
3765  4.710  -75.473  -7.305 0.0000000000
3796  1.100  -75.521  -9.058 0.0000000000
3811  1.793  -75.373  -10.143 0.0000000000
107932  -0.962  -75.818  -9.886 0.0000000000
3797  -0.418  -75.845  -9.338 0.0000000000
99505  -1.112  -75.651  -10.561 0.0000000000
3861  -0.769  -75.748  -13.072 0.0000000000
3826  -0.362  -75.506  -10.999 0.0000000000
3843  -0.320  -75.611  -12.098 0.0000000000
3860  0.210  -75.938  -12.928 0.0000000000
3298  0.614  -76.458  -13.574 0.0000000000
3316  -0.058  -76.541  -14.372 0.0000000000
2847  -1.045  -77.533  -16.882 0.0000000000
2829  -0.168  -77.406  -16.839 0.0000000000
2846  -0.516  -77.809  -17.410 0.0000000000
2862  0.061  -78.059  -17.837 0.0000000000
2397  -0.205  -78.685  -18.500 0.0000000000
1874  -4.321  -79.310  -13.002 0.0000000000
1895  -4.424  -79.393  -14.278 0.0000000000
2330  -4.177  -78.583  -13.646 0.0000000000
2329  -3.796  -78.554  -14.451 0.0000000000
1111  -6.336  -83.683  -18.075 0.0000000000
1501  -5.494  -82.119  -16.341 0.0000000000
1110  -5.235  -82.892  -17.641 0.0000000000
103741  -3.767  -81.394  -16.934 0.0000000000
1940  -3.065  -80.937  -17.179 0.0000000000
2362  -3.118  -79.322  -15.879 0.0000000000
1922  -2.686  -79.720  -16.711 0.0000000000
2379  -2.046  -79.025  -17.109 0.0000000000
1939  -2.407  -80.233  -17.506 0.0000000000
1544  -1.527  -82.304  -20.672 0.0000000000
1532  -1.849  -81.279  -19.383 0.0000000000
107675  -1.353  -81.968  -20.195 0.0000000000
1966  -0.384  -80.784  -19.974 0.0000000000
1543  -0.922  -81.666  -20.487 0.0000000000
96611  -1.156  -81.489  -21.089 0.0000000000
105819  -14.542  -85.586  -9.949 0.0000000000
205  -13.761  -85.439  -10.758 0.0000000000
15100  -12.292  -58.960  -2.240 0.0000000000
15083  -9.758  -58.857  -2.014 0.0000000000
14352  -10.986  -59.740  -2.373 0.0000000000
93357  -10.614  -59.999  -2.456 0.0000000000
14351  -9.960  -59.839  -2.436 0.0000000000
91298  -8.484  -59.632  -2.671 0.0000000000
12976  -9.073  -61.512  -1.052 0.0000000000
91948  -8.516  -60.621  -1.337 0.0000000000
15840  -6.567  -57.757  -2.966 0.0000000000
15082  -7.384  -57.995  -2.759 0.0000000000
91622  -7.250  -58.277  -3.535 0.0000000000
13662  -6.361  -60.296  -0.937 0.0000000000
91444  -6.447  -60.065  -2.028 0.0000000000
13649  -6.888  -60.955  -0.706 0.0000000000
12964  -7.275  -61.855  -0.705 0.0000000000
12375  -6.885  -63.631  -1.389 0.0000000000
12366  -6.741  -62.829  -0.884 0.0000000000
12363  -5.008  -63.019  -0.580 0.0000000000
12364  -5.658  -63.217  -0.934 0.0000000000
11645  -5.212  -63.618  -0.764 0.0000000000
10928  -5.442  -64.238  -0.794 0.0000000000
10927  -4.737  -64.110  -0.354 0.0000000000
15822  -1.410  -58.012  -1.270 0.0000000000
15092  -1.605  -59.519  -4.035 0.0000000000
14341  -0.590  -59.978  -3.492 0.0000000000
13642  1.383  -60.357  -0.845 0.0000000000
109341  0.421  -60.892  0.085 0.0000000000
12950  -1.701  -61.683  0.598 0.0000000000
92496  -1.942  -60.602  -0.221 0.0000000000
91888  -1.372  -60.767  -2.208 0.0000000000
13632  -2.612  -60.784  0.247 0.0000000000
13646  -3.503  -60.713  0.148 0.0000000000
12952  -3.230  -61.601  0.408 0.0000000000
10239  -3.597  -65.329  0.574 0.0000000000
10918  -3.423  -64.576  0.338 0.0000000000
102593  -4.497  -65.465  0.549 0.0000000000
109392  -4.697  -66.592  1.883 0.0000000000
103585  -4.267  -66.297  1.787 0.0000000000
9485  -2.499  -66.868  3.125 0.0000000000
103119  -3.746  -67.116  2.762 0.0000000000
8731  -3.535  -67.889  3.181 0.0000000000
7979  -3.853  -68.578  3.072 0.0000000000
7978  -3.174  -68.580  3.547 0.0000000000
9504  0.384  -66.797  1.817 0.0000000000
9505  -0.457  -66.583  2.020 0.0000000000
8749  0.044  -66.972  2.859 0.0000000000
7233  -0.983  -69.310  4.428 0.0000000000
7957  -1.403  -68.641  4.333 0.0000000000
101398  -2.242  -69.618  3.789 0.0000000000
108181  -2.075  -70.227  3.345 0.0000000000
103011  -1.746  -71.115  2.036 0.0000000000
6665  -1.400  -70.859  2.884 0.0000000000
6100  -0.640  -72.191  1.830 0.0000000000
6101  -1.201  -72.188  1.416 0.0000000000
6119  -1.074  -72.490  0.278 0.0000000000
5506  -0.497  -72.809  0.691 0.0000000000
9501  5.991  -67.170  1.309 0.0000000000
9516  5.341  -66.966  0.392 0.0000000000
8758  6.038  -68.167  0.587 0.0000000000
7247  5.879  -69.790  0.525 0.0000000000
7993  5.398  -69.053  0.437 0.0000000000
108656  4.697  -70.156  1.308 0.0000000000
7248  3.297  -69.683  2.555 0.0000000000
5478  6.214  -72.677  1.836 0.0000000000
6085  6.378  -72.085  1.213 0.0000000000
5479  5.373  -72.421  1.650 0.0000000000
102989  3.264  -72.452  2.620 0.0000000000
106892  4.332  -72.291  2.103 0.0000000000
6088  2.162  -71.954  2.645 0.0000000000
4851  0.249  -73.456  0.806 0.0000000000
110662  0.302  -73.183  1.247 0.0000000000
4874  -0.009  -73.790  -0.979 0.0000000000
4304  1.005  -75.127  -1.000 0.0000000000
4308  0.570  -74.421  -1.474 0.0000000000
104906  1.186  -74.894  -1.833 0.0000000000
4326  1.482  -74.202  -3.157 0.0000000000
4316  1.868  -74.840  -2.550 0.0000000000
3105  1.727  -76.062  -0.039 0.0000000000
3702  3.358  -75.381  -2.374 0.0000000000
3130  2.712  -75.869  -1.604 0.0000000000
4315  2.893  -74.870  -2.892 0.0000000000
4324  3.502  -74.116  -3.444 0.0000000000
4322  6.129  -73.542  -3.366 0.0000000000
4884  5.792  -73.255  -4.107 0.0000000000
4902  7.630  -73.640  -6.092 0.0000000000
4892  7.398  -73.568  -5.087 0.0000000000
839  5.677  -81.606  5.638 0.0000000000
1204  6.694  -80.104  6.154 0.0000000000
96445  7.142  -79.512  6.295 0.0000000000
99863  7.561  -79.875  6.055 0.0000000000
1616  6.986  -79.482  5.442 0.0000000000
1606  7.118  -80.152  5.899 0.0000000000
1249  6.011  -80.212  1.625 0.0000000000
107974  5.761  -80.510  2.957 0.0000000000
1655  5.441  -79.563  1.224 0.0000000000
2108  4.922  -78.835  0.886 0.0000000000
2125  5.673  -78.548  0.297 0.0000000000
1260  6.071  -79.869  0.299 0.0000000000
101411  6.736  -79.472  -0.098 0.0000000000
1670  7.591  -79.130  -0.495 0.0000000000
3140  7.860  -75.822  -2.247 0.0000000000
3115  7.756  -77.058  -1.211 0.0000000000
3125  7.610  -75.959  -1.695 0.0000000000
3688  7.557  -74.910  -1.771 0.0000000000
3699  7.366  -74.231  -2.112 0.0000000000
3698  7.873  -74.468  -2.477 0.0000000000
3164  7.984  -74.413  -4.405 0.0000000000
3715  7.633  -74.646  -5.447 0.0000000000
3182  5.031  -75.918  -5.789 0.0000000000
3197  4.043  -76.159  -6.275 0.0000000000
2681  2.806  -77.174  -7.394 0.0000000000
2231  5.263  -78.921  -7.100 0.0000000000
2214  4.539  -78.483  -6.367 0.0000000000
97278  4.473  -78.574  -7.305 0.0000000000
2246  3.522  -78.602  -9.471 0.0000000000
2707  3.562  -78.242  -8.390 0.0000000000
2282  1.907  -78.565  -10.938 0.0000000000
1745  2.812  -80.006  -5.720 0.0000000000
1808  2.231  -80.078  -7.960 0.0000000000
1396  4.946  -81.018  -9.453 0.0000000000
94617  4.530  -81.150  -10.788 0.0000000000
1399  1.250  -81.805  -9.006 0.0000000000
1053  2.974  -81.684  -12.720 0.0000000000
1449  4.460  -80.922  -12.187 0.0000000000
1450  3.614  -81.095  -12.731 0.0000000000
1461  2.098  -81.439  -13.389 0.0000000000
1451  2.911  -80.888  -13.098 0.0000000000
100822  -0.350  -80.739  -13.281 0.0000000000
1480  0.090  -81.438  -13.662 0.0000000000
97540  -1.091  -83.158  -13.357 0.0000000000
774  -1.479  -83.095  -13.618 0.0000000000
557  -2.682  -84.154  -13.601 0.0000000000
533  -1.554  -83.550  -12.448 0.0000000000
348  -1.953  -84.958  -12.543 0.0000000000
200  -3.595  -86.008  -10.926 0.0000000000
212  -2.811  -86.046  -12.362 0.0000000000
213  -3.308  -86.103  -11.748 0.0000000000
224  -3.625  -86.022  -12.503 0.0000000000
214  -3.970  -86.110  -11.536 0.0000000000
215  -4.903  -85.775  -11.160 0.0000000000
202  -5.035  -86.312  -10.073 0.0000000000
82  -6.521  -87.476  -8.332 0.0000000000
188  -5.948  -86.822  -9.325 0.0000000000
94  -7.148  -87.372  -8.751 0.0000000000
176  -8.210  -87.138  -8.733 0.0000000000
84  -8.839  -87.375  -8.151 0.0000000000
325  -6.570  -85.289  -7.780 0.0000000000
171  -7.609  -86.100  -6.335 0.0000000000
163  -7.167  -86.993  -5.774 0.0000000000
61  -10.523  -87.718  -4.882 0.0000000000
71  -10.168  -87.256  -6.239 0.0000000000
62  -11.221  -86.678  -6.114 0.0000000000
73  -12.863  -86.523  -6.889 0.0000000000
92953  -12.168  -86.647  -6.024 0.0000000000
93416  -15.031  -88.300  -5.676 0.0000000000
14381  -20.557  -60.630  -6.335 0.0000000000
15866  -22.197  -58.395  -6.676 0.0000000000
15143  -21.137  -59.720  -7.268 0.0000000000
10966  -13.509  -64.680  -3.635 0.0000000000
11684  -13.721  -63.685  -3.176 0.0000000000
10282  -13.824  -65.630  -3.830 0.0000000000
9648  -14.757  -66.569  -6.161 0.0000000000
10316  -14.959  -65.205  -5.361 0.0000000000
110804  -15.321  -65.073  -5.957 0.0000000000
10998  -15.424  -64.523  -5.752 0.0000000000
11021  -15.809  -64.904  -6.515 0.0000000000
104341  -13.677  -67.541  -9.964 0.0000000000
90766  -14.540  -67.197  -8.305 0.0000000000
11067  -16.459  -64.309  -9.028 0.0000000000
11051  -16.551  -64.602  -8.257 0.0000000000
11754  -16.915  -64.013  -7.629 0.0000000000
11755  -17.662  -63.382  -8.126 0.0000000000
107270  -18.120  -62.928  -7.810 0.0000000000
100373  -18.017  -62.697  -8.337 0.0000000000
101363  -18.491  -61.176  -8.572 0.0000000000
14390  -18.786  -60.369  -8.374 0.0000000000
14402  -19.506  -59.829  -8.279 0.0000000000
14414  -18.152  -59.488  -8.292 0.0000000000
98262  -18.363  -58.130  -8.498 0.0000000000
99452  -17.255  -59.277  -8.594 0.0000000000
14411  -15.719  -59.644  -8.816 0.0000000000
15163  -16.391  -59.076  -8.806 0.0000000000
15162  -15.620  -58.826  -9.046 0.0000000000
100592  -15.603  -58.174  -9.191 0.0000000000
92512  -14.938  -58.466  -9.296 0.0000000000
12449  -13.453  -62.666  -8.252 0.0000000000
13046  -13.862  -61.963  -8.719 0.0000000000
13750  -13.374  -61.170  -9.024 0.0000000000
15176  -12.153  -58.746  -9.451 0.0000000000
14425  -13.406  -59.619  -9.324 0.0000000000
106154  -13.533  -58.266  -9.464 0.0000000000
15909  -14.261  -57.910  -9.474 0.0000000000
15908  -13.524  -57.691  -9.531 0.0000000000
16650  -13.131  -56.986  -9.616 0.0000000000
93239  -12.172  -57.157  -9.502 0.0000000000
16647  -10.765  -56.658  -9.248 0.0000000000
108957  -10.992  -55.960  -9.325 0.0000000000
17401  -10.799  -55.318  -9.270 0.0000000000
17381  -10.168  -55.174  -8.926 0.0000000000
8028  -6.903  -68.605  -0.130 0.0000000000
8029  -7.518  -68.222  -0.615 0.0000000000
8045  -7.415  -68.542  -1.336 0.0000000000
104996  -7.385  -68.766  -3.084 0.0000000000
8091  -7.907  -68.893  -3.648 0.0000000000
8854  -3.949  -67.244  -4.063 0.0000000000
8855  -4.633  -67.537  -3.925 0.0000000000
9638  -5.846  -66.849  -5.599 0.0000000000
8122  -7.108  -68.355  -5.430 0.0000000000
8133  -6.957  -67.940  -6.106 0.0000000000
10346  -5.933  -64.999  -6.894 0.0000000000
10347  -6.564  -65.800  -7.232 0.0000000000
91842  -7.123  -65.756  -7.726 0.0000000000
9662  -7.877  -66.126  -8.142 0.0000000000
10348  -6.747  -65.093  -7.537 0.0000000000
9612  3.014  -67.218  -3.902 0.0000000000
8865  1.589  -67.086  -4.326 0.0000000000
9629  2.108  -66.532  -4.657 0.0000000000
95531  1.211  -65.143  -6.045 0.0000000000
98587  0.800  -65.029  -6.658 0.0000000000
10329  0.091  -65.488  -6.553 0.0000000000
11013  0.602  -64.286  -6.918 0.0000000000
96759  0.979  -62.075  -4.447 0.0000000000
13005  0.666  -61.405  -4.681 0.0000000000
97912  -0.756  -61.980  -7.169 0.0000000000
12415  0.342  -62.658  -6.393 0.0000000000
12422  -0.253  -62.655  -7.102 0.0000000000
11742  -0.571  -63.415  -7.380 0.0000000000
11743  -1.458  -63.441  -7.530 0.0000000000
11043  -2.834  -64.221  -7.274 0.0000000000
13025  -4.460  -61.865  -8.207 0.0000000000
12426  -4.566  -62.753  -7.779 0.0000000000
12427  -5.546  -62.680  -7.923 0.0000000000
12443  -6.380  -62.601  -8.182 0.0000000000
96120  -7.650  -63.087  -8.395 0.0000000000
92676  -5.894  -61.837  -8.435 0.0000000000
14409  -5.274  -59.721  -8.791 0.0000000000
13748  -5.789  -60.329  -8.878 0.0000000000
13759  -6.091  -59.635  -9.000 0.0000000000
13761  -7.635  -60.169  -9.306 0.0000000000
15170  -6.469  -58.907  -8.973 0.0000000000
110999  -2.394  -57.273  -6.862 0.0000000000
15882  -2.745  -57.704  -7.318 0.0000000000
16614  -3.021  -57.123  -6.944 0.0000000000
16617  -5.869  -56.691  -7.188 0.0000000000
16625  -5.230  -57.258  -7.558 0.0000000000
16626  -6.149  -57.159  -7.685 0.0000000000
15893  -6.508  -57.645  -8.315 0.0000000000
16627  -6.967  -56.937  -7.823 0.0000000000
15895  -8.179  -57.258  -8.571 0.0000000000
16628  -7.725  -56.698  -8.057 0.0000000000
94626  -7.199  -54.544  -6.757 0.0000000000
18146  -7.793  -54.495  -7.310 0.0000000000
18147  -8.330  -54.261  -7.930 0.0000000000
18859  -7.764  -53.699  -7.548 0.0000000000
18883  -7.749  -52.998  -8.166 0.0000000000
19532  -7.181  -52.848  -7.537 0.0000000000
20258  -6.187  -51.330  -7.081 0.0000000000
20248  -5.707  -51.242  -6.403 0.0000000000
20978  -5.608  -50.504  -7.128 0.0000000000
20965  -5.234  -50.609  -6.411 0.0000000000
19489  -2.492  -51.967  -4.257 0.0000000000
20216  -3.161  -51.621  -4.676 0.0000000000
20229  -3.119  -50.889  -4.806 0.0000000000
21696  -2.115  -48.238  -5.506 0.0000000000
21684  -2.882  -49.388  -5.297 0.0000000000
3780  5.273  -75.436  -8.271 0.0000000000
3792  7.289  -75.817  -10.116 0.0000000000
4401  7.439  -75.862  -10.835 0.0000000000
4976  6.887  -74.721  -10.667 0.0000000000
3296  3.912  -77.003  -13.124 0.0000000000
3840  5.328  -76.511  -12.181 0.0000000000
3278  5.341  -76.663  -12.767 0.0000000000
4434  5.860  -75.634  -12.825 0.0000000000
3822  6.432  -75.806  -12.133 0.0000000000
4421  5.956  -75.052  -12.461 0.0000000000
4984  6.067  -74.819  -12.070 0.0000000000
4993  3.862  -73.992  -12.913 0.0000000000
96791  4.952  -73.493  -16.005 0.0000000000
5658  4.634  -72.751  -15.186 0.0000000000
5657  5.791  -72.990  -15.659 0.0000000000
5656  7.422  -72.634  -14.863 0.0000000000
1993  2.578  -79.646  -21.534 0.0000000000
2008  2.349  -79.183  -22.760 0.0000000000
2899  3.433  -77.870  -21.620 0.0000000000
2441  3.705  -78.340  -21.027 0.0000000000
2428  5.348  -78.292  -20.143 0.0000000000
2861  6.043  -78.508  -19.101 0.0000000000
3379  6.411  -77.848  -19.371 0.0000000000
4525  7.365  -75.669  -20.649 0.0000000000
3949  6.175  -76.560  -20.215 0.0000000000
3931  6.682  -76.912  -19.366 0.0000000000
97222  7.821  -72.299  -18.243 0.0000000000
5691  8.014  -73.450  -17.628 0.0000000000
6277  7.996  -72.442  -16.756 0.0000000000
5655  7.998  -72.415  -15.580 0.0000000000
6852  7.627  -71.465  -16.295 0.0000000000
6853  7.203  -70.530  -16.113 0.0000000000
6859  7.085  -70.556  -17.410 0.0000000000
7548  6.320  -68.376  -20.317 0.0000000000
94850  6.344  -68.555  -18.810 0.0000000000
8268  6.054  -67.829  -18.691 0.0000000000
8991  5.672  -67.592  -17.700 0.0000000000
94552  5.699  -66.997  -19.436 0.0000000000
7549  4.555  -69.020  -20.836 0.0000000000
101956  5.025  -65.399  -18.346 0.0000000000
4917  7.292  -73.487  -7.465 0.0000000000
332  -8.176  -85.300  -9.652 0.0000000000
102233  -9.116  -85.013  -9.554 0.0000000000
333  -9.970  -85.039  -9.604 0.0000000000
335  -11.423  -85.406  -10.424 0.0000000000
19562  -13.530  -52.281  -10.114 0.0000000000
20292  -13.118  -51.608  -10.086 0.0000000000
20291  -12.233  -51.647  -10.045 0.0000000000
20306  -11.004  -50.963  -10.267 0.0000000000
21024  -10.360  -50.431  -10.383 0.0000000000
20289  -10.308  -51.326  -10.174 0.0000000000
20287  -8.510  -51.550  -9.786 0.0000000000
19558  -8.013  -51.876  -9.284 0.0000000000
10248  -7.724  -65.899  -1.178 0.0000000000
9552  -8.313  -67.209  -1.324 0.0000000000
5522  -1.692  -71.955  -1.652 0.0000000000
6813  2.086  -70.582  -12.293 0.0000000000
6812  3.447  -70.351  -12.360 0.0000000000
7487  6.750  -70.522  -11.632 0.0000000000
98455  7.140  -70.286  -12.433 0.0000000000
7494  7.068  -70.039  -13.350 0.0000000000
97872  -1.155  -77.483  -10.451 0.0000000000
2285  -1.482  -77.894  -11.132 0.0000000000
2756  -2.249  -77.535  -11.342 0.0000000000
2757  -2.815  -77.952  -11.901 0.0000000000
1503  -8.220  -81.496  -18.303 0.0000000000
107522  3.892  -62.165  0.538 0.0000000000
94182  3.307  -61.534  0.432 0.0000000000
11632  3.393  -63.068  -0.069 0.0000000000
10234  3.126  -65.229  -0.422 0.0000000000
101174  2.375  -66.203  -0.147 0.0000000000
9533  3.458  -66.387  -0.199 0.0000000000
8772  3.721  -67.194  0.054 0.0000000000
3620  5.899  -75.714  4.609 0.0000000000
100676  5.578  -74.865  4.130 0.0000000000
2541  4.062  -76.561  3.789 0.0000000000
2534  4.889  -77.255  4.328 0.0000000000
2067  4.464  -78.041  4.285 0.0000000000
2077  4.035  -78.430  3.802 0.0000000000
1278  3.377  -80.479  -0.772 0.0000000000
1295  4.466  -80.162  -1.134 0.0000000000
109108  3.589  -80.539  -1.573 0.0000000000
1311  4.104  -80.707  -2.878 0.0000000000
949  5.257  -80.777  -4.627 0.0000000000
948  5.795  -80.700  -5.176 0.0000000000
950  4.882  -80.982  -4.836 0.0000000000
963  4.800  -80.923  -5.440 0.0000000000
1365  4.711  -80.961  -6.324 0.0000000000
14354  -13.462  -60.095  -2.662 0.0000000000
14355  -14.269  -59.951  -2.820 0.0000000000
93384  -14.012  -60.616  -2.770 0.0000000000
12984  -14.194  -62.125  -2.944 0.0000000000
11685  -14.450  -63.401  -3.512 0.0000000000
91229  -10.115  -67.813  -10.429 0.0000000000
91200  -10.802  -67.198  -10.665 0.0000000000
104502  -11.147  -64.785  -8.081 0.0000000000
11729  -11.056  -64.206  -7.889 0.0000000000
11049  -10.651  -64.595  -7.563 0.0000000000
98013  -9.941  -63.916  -8.064 0.0000000000
11763  -9.197  -63.120  -8.529 0.0000000000
8085  -1.089  -68.305  -4.330 0.0000000000
8835  -1.561  -67.548  -4.552 0.0000000000
8834  -0.651  -67.721  -4.317 0.0000000000
8850  -0.285  -67.166  -4.155 0.0000000000
9613  0.031  -66.749  -4.102 0.0000000000
15109  2.591  -57.995  -2.837 0.0000000000
15859  2.493  -57.053  -2.947 0.0000000000
101013  2.379  -56.239  -2.902 0.0000000000
16594  0.541  -56.642  -4.180 0.0000000000
17336  0.222  -55.928  -4.228 0.0000000000
17323  0.255  -55.072  -3.829 0.0000000000
18099  0.014  -54.345  -3.535 0.0000000000
18797  -0.377  -53.595  -3.328 0.0000000000
2844  1.349  -78.029  -17.006 0.0000000000
105737  1.985  -77.968  -16.006 0.0000000000
2375  1.827  -78.270  -17.745 0.0000000000
2394  2.346  -78.517  -18.524 0.0000000000
2393  3.461  -78.804  -18.413 0.0000000000
91708  1.068  -73.682  -3.808 0.0000000000
5562  2.703  -72.125  -7.878 0.0000000000
5619  1.843  -72.127  -10.537 0.0000000000
5623  2.664  -72.765  -11.886 0.0000000000
1089  -3.486  -82.015  -13.450 0.0000000000
108341  -4.921  -83.365  -13.683 0.0000000000
777  -5.933  -83.606  -13.988 0.0000000000
753  -8.690  -82.518  -11.537 0.0000000000
1056  -9.067  -81.815  -11.846 0.0000000000
1071  -8.761  -81.808  -12.689 0.0000000000
1467  -8.812  -81.326  -13.356 0.0000000000
100105  -9.305  -80.569  -13.196 0.0000000000
1875  -9.891  -80.123  -13.119 0.0000000000
22487  -8.323  -48.470  -9.865 0.0000000000
22486  -7.529  -48.323  -9.633 0.0000000000
23205  -7.245  -47.447  -9.296 0.0000000000
23953  -6.823  -46.309  -8.810 0.0000000000
23952  -5.956  -46.172  -8.091 0.0000000000
11671  -10.341  -64.053  -2.174 0.0000000000
103055  -11.516  -64.719  -3.202 0.0000000000
10948  -10.723  -64.652  -3.017 0.0000000000
90774  -11.191  -64.937  -4.441 0.0000000000
90771  -10.937  -65.590  -5.514 0.0000000000
8857  -9.440  -68.475  -4.384 0.0000000000
8125  -9.964  -68.948  -4.345 0.0000000000
91581  -10.037  -69.531  -4.818 0.0000000000
90748  -9.586  -70.989  -6.485 0.0000000000
104370  -9.484  -71.241  -8.419 0.0000000000
6164  -8.523  -71.320  -7.388 0.0000000000
7410  -7.774  -70.574  -7.782 0.0000000000
8146  -8.050  -69.241  -7.744 0.0000000000
8862  6.005  -67.807  -4.348 0.0000000000
9610  5.533  -67.106  -3.682 0.0000000000
9627  5.854  -66.810  -4.304 0.0000000000
10305  5.899  -66.100  -4.228 0.0000000000
10980  5.531  -64.784  -4.578 0.0000000000
13019  4.019  -61.106  -7.399 0.0000000000
13012  4.180  -61.140  -6.588 0.0000000000
13718  4.093  -60.526  -6.075 0.0000000000
13710  4.158  -59.869  -5.454 0.0000000000
14379  3.887  -59.287  -5.773 0.0000000000
14386  3.358  -59.120  -6.538 0.0000000000
18191  -18.028  -54.256  -9.391 0.0000000000
18905  -17.739  -53.604  -9.590 0.0000000000
18904  -16.826  -53.655  -9.973 0.0000000000
18903  -16.088  -53.307  -10.279 0.0000000000
18187  -14.688  -54.405  -10.292 0.0000000000
95758  -12.941  -55.075  -9.959 0.0000000000
7267  -4.769  -69.100  2.375 0.0000000000
7280  -5.388  -69.189  1.660 0.0000000000
7288  -4.988  -69.953  1.131 0.0000000000
6692  -5.301  -70.204  0.274 0.0000000000
92779  -4.363  -71.234  -3.294 0.0000000000
6148  -4.525  -71.015  -4.066 0.0000000000
7374  -2.790  -69.342  -5.394 0.0000000000
98217  -0.816  -72.612  -6.312 0.0000000000
93826  -1.738  -72.626  -5.967 0.0000000000
5566  -1.748  -71.955  -7.460 0.0000000000
109850  0.407  -69.013  -9.469 0.0000000000
8177  0.857  -68.960  -9.301 0.0000000000
8161  0.776  -68.924  -8.490 0.0000000000
8142  0.302  -68.958  -7.751 0.0000000000
7406  -0.122  -69.084  -7.247 0.0000000000
7405  1.208  -69.247  -7.508 0.0000000000
109845  3.494  -69.676  -6.810 0.0000000000
7381  3.944  -69.823  -5.728 0.0000000000
104950  4.956  -69.960  -7.034 0.0000000000
7402  6.246  -70.270  -7.885 0.0000000000
93307  6.673  -70.198  -8.522 0.0000000000
8945  4.724  -68.249  -11.483 0.0000000000
8941  4.440  -68.135  -10.855 0.0000000000
9712  3.985  -67.365  -12.205 0.0000000000
9701  4.352  -66.491  -11.608 0.0000000000
10420  5.261  -64.800  -13.092 0.0000000000
3827  -1.843  -75.706  -11.042 0.0000000000
103512  -1.180  -75.552  -11.476 0.0000000000
3845  -1.965  -75.612  -11.995 0.0000000000
111641  -1.417  -75.866  -13.531 0.0000000000
3879  -0.833  -76.123  -13.955 0.0000000000
3317  -1.022  -76.450  -14.744 0.0000000000
1906  -4.703  -80.592  -15.170 0.0000000000
1131  -5.103  -83.010  -19.106 0.0000000000
1122  -4.614  -82.762  -18.214 0.0000000000
1142  -4.558  -82.763  -18.875 0.0000000000
1533  -2.707  -81.883  -19.120 0.0000000000
1151  -2.399  -82.386  -20.635 0.0000000000
1150  -1.960  -82.409  -21.196 0.0000000000
1566  -1.875  -81.807  -21.449 0.0000000000
1162  -3.012  -81.769  -21.562 0.0000000000
15830  -9.437  -57.861  -1.458 0.0000000000
15097  -9.578  -59.609  -2.314 0.0000000000
91511  -8.798  -59.271  -2.452 0.0000000000
90782  -8.103  -59.145  -2.945 0.0000000000
15112  -7.111  -58.793  -4.463 0.0000000000
104420  -7.776  -59.873  -4.221 0.0000000000
13713  -6.324  -60.397  -3.469 0.0000000000
14350  -5.507  -60.006  -1.601 0.0000000000
13648  -5.639  -60.389  -0.658 0.0000000000
12962  -5.934  -61.948  -0.519 0.0000000000
14333  -4.993  -60.287  -0.458 0.0000000000
12961  -4.841  -62.055  -0.126 0.0000000000
15079  0.313  -59.336  -2.190 0.0000000000
107868  -0.378  -62.414  0.563 0.0000000000
109099  -0.706  -61.875  0.589 0.0000000000
12352  -1.211  -62.445  0.560 0.0000000000
12353  -2.094  -62.604  0.460 0.0000000000
12354  -2.910  -62.665  0.361 0.0000000000
109608  -2.102  -64.213  0.391 0.0000000000
10238  -2.609  -65.326  0.475 0.0000000000
10226  -3.030  -65.884  0.767 0.0000000000
9522  -3.481  -66.145  1.574 0.0000000000
9521  -2.598  -66.137  1.359 0.0000000000
9507  -2.121  -66.388  2.259 0.0000000000
8726  1.266  -67.878  3.412 0.0000000000
8727  0.499  -67.538  3.591 0.0000000000
7976  0.930  -68.190  4.006 0.0000000000
7232  -0.027  -69.278  4.550 0.0000000000
6639  -0.424  -69.951  4.257 0.0000000000
97971  -0.586  -70.720  3.546 0.0000000000
109556  0.126  -70.592  3.989 0.0000000000
6099  0.115  -72.446  1.912 0.0000000000
7972  6.608  -68.655  1.715 0.0000000000
7992  6.167  -68.702  0.587 0.0000000000
4839  4.330  -73.400  2.757 0.0000000000
4840  2.928  -73.157  2.805 0.0000000000
97487  2.200  -72.688  2.632 0.0000000000
5495  1.339  -72.815  2.276 0.0000000000
4287  0.610  -73.850  1.081 0.0000000000
4296  0.366  -74.114  0.339 0.0000000000
3668  0.694  -74.947  -0.068 0.0000000000
3680  1.262  -75.506  -0.334 0.0000000000
2572  3.078  -77.229  0.057 0.0000000000
3120  2.610  -76.439  -0.599 0.0000000000
3691  3.810  -75.911  -1.844 0.0000000000
4313  5.365  -74.202  -2.771 0.0000000000
613  5.535  -82.897  5.243 0.0000000000
95796  5.907  -81.621  5.214 0.0000000000
99994  6.089  -80.766  5.231 0.0000000000
849  5.986  -81.539  4.703 0.0000000000
1223  6.140  -80.946  3.089 0.0000000000
1238  6.236  -80.652  2.193 0.0000000000
1692  7.820  -79.054  -2.489 0.0000000000
2611  8.042  -78.178  -1.874 0.0000000000
2612  7.907  -77.615  -2.257 0.0000000000
110595  7.801  -76.684  -2.346 0.0000000000
3148  7.652  -76.133  -2.791 0.0000000000
3149  7.579  -75.450  -3.558 0.0000000000
111276  4.908  -76.586  -5.323 0.0000000000
2264  3.385  -78.886  -10.385 0.0000000000
2281  3.065  -79.006  -10.987 0.0000000000
1848  3.293  -79.659  -11.676 0.0000000000
1809  1.758  -80.240  -8.381 0.0000000000
720  1.468  -83.032  -10.673 0.0000000000
1066  2.312  -82.308  -13.537 0.0000000000
1067  1.311  -81.852  -13.684 0.0000000000
1086  0.474  -82.161  -13.704 0.0000000000
772  0.665  -82.733  -13.522 0.0000000000
534  -2.446  -84.579  -11.917 0.0000000000
339  -3.021  -85.251  -11.278 0.0000000000
186  -4.878  -86.438  -9.374 0.0000000000
80  -5.275  -87.051  -8.896 0.0000000000
18  -6.150  -87.345  -7.697 0.0000000000
154  -8.022  -87.118  -4.877 0.0000000000
48  -10.961  -87.244  -4.302 0.0000000000
13692  -16.715  -60.806  -3.242 0.0000000000
13715  -19.691  -61.305  -5.487 0.0000000000
90767  -13.806  -66.734  -4.492 0.0000000000
9621  -14.339  -66.328  -4.727 0.0000000000
9639  -14.233  -66.793  -5.322 0.0000000000
104126  -14.674  -66.956  -7.117 0.0000000000
104613  -14.442  -66.078  -10.178 0.0000000000
91396  -14.928  -66.063  -9.506 0.0000000000
10367  -15.072  -65.320  -9.873 0.0000000000
11066  -15.868  -64.810  -9.385 0.0000000000
11782  -16.766  -63.507  -9.256 0.0000000000
11783  -17.451  -63.140  -8.879 0.0000000000
12466  -17.018  -62.855  -9.376 0.0000000000
13050  -17.728  -61.649  -8.928 0.0000000000
13754  -17.253  -60.732  -8.654 0.0000000000
13753  -15.910  -60.595  -8.595 0.0000000000
14410  -15.002  -60.141  -8.880 0.0000000000
110839  -11.672  -60.875  -9.246 0.0000000000
13060  -12.449  -61.039  -9.171 0.0000000000
13763  -12.029  -60.233  -9.339 0.0000000000
14423  -11.628  -59.483  -9.450 0.0000000000
105724  -11.750  -57.971  -9.441 0.0000000000
102074  -10.898  -57.975  -9.388 0.0000000000
109156  -10.583  -57.360  -9.284 0.0000000000
16646  -9.908  -57.011  -9.012 0.0000000000
96180  -6.627  -68.832  -1.417 0.0000000000
111287  -7.152  -68.709  -1.841 0.0000000000
8062  -6.497  -68.805  -2.009 0.0000000000
8109  -5.925  -68.359  -3.377 0.0000000000
9619  -4.474  -66.815  -4.406 0.0000000000
9636  -4.246  -66.246  -4.847 0.0000000000
9646  -5.536  -66.216  -5.936 0.0000000000
108524  -6.145  -66.552  -6.271 0.0000000000
10335  -5.234  -65.533  -6.349 0.0000000000
11019  -4.922  -64.795  -6.724 0.0000000000
10295  3.413  -65.691  -3.364 0.0000000000
10307  2.281  -65.797  -4.694 0.0000000000
10996  2.417  -64.990  -4.241 0.0000000000
109167  1.761  -64.278  -4.932 0.0000000000
109340  1.220  -63.599  -5.441 0.0000000000
13712  0.284  -60.644  -5.159 0.0000000000
13006  0.263  -61.459  -5.384 0.0000000000
13721  -0.187  -60.313  -5.829 0.0000000000
13014  -0.648  -61.272  -6.811 0.0000000000
96102  -1.439  -61.962  -7.555 0.0000000000
13023  -2.209  -61.921  -7.837 0.0000000000
13022  -1.825  -61.098  -7.626 0.0000000000
101318  -4.333  -61.071  -8.407 0.0000000000
105418  -5.075  -61.369  -8.438 0.0000000000
13746  -4.059  -60.332  -8.501 0.0000000000
14408  -4.511  -59.734  -8.631 0.0000000000
102138  -4.219  -59.186  -8.527 0.0000000000
17352  -2.989  -55.946  -5.939 0.0000000000
16604  -3.398  -56.503  -6.448 0.0000000000
94541  -3.895  -55.842  -5.990 0.0000000000
17365  -5.068  -56.197  -6.494 0.0000000000
17366  -5.957  -55.963  -6.654 0.0000000000
107718  -7.100  -55.825  -7.149 0.0000000000
17367  -6.818  -55.475  -6.827 0.0000000000
109990  -6.318  -54.203  -5.966 0.0000000000
18129  -6.789  -53.989  -6.217 0.0000000000
18840  -6.692  -53.015  -6.466 0.0000000000
19521  -5.994  -52.781  -5.826 0.0000000000
20232  -5.555  -51.924  -5.813 0.0000000000
3794  3.983  -75.455  -9.318 0.0000000000
3312  5.244  -77.147  -14.027 0.0000000000
3878  5.434  -76.427  -13.910 0.0000000000
95027  5.247  -75.649  -13.771 0.0000000000
4450  4.331  -74.549  -14.711 0.0000000000
106999  5.975  -73.571  -16.350 0.0000000000
3424  3.437  -77.251  -21.165 0.0000000000
5092  6.399  -75.513  -20.487 0.0000000000
5091  6.974  -75.133  -21.163 0.0000000000
5108  7.334  -75.152  -20.996 0.0000000000
5090  7.890  -74.856  -20.381 0.0000000000
5737  7.332  -73.967  -21.425 0.0000000000
6321  7.273  -72.413  -21.796 0.0000000000
100427  7.389  -71.734  -20.026 0.0000000000
102298  7.095  -70.282  -20.238 0.0000000000
108654  6.659  -69.175  -20.686 0.0000000000
7574  6.095  -68.666  -21.468 0.0000000000
102627  4.579  -72.834  -9.294 0.0000000000
106575  -5.664  -85.191  -13.295 0.0000000000
367  -6.518  -85.182  -13.225 0.0000000000
536  -7.763  -83.989  -11.670 0.0000000000
517  -8.803  -84.251  -9.866 0.0000000000
524  -8.408  -83.691  -10.498 0.0000000000
740  -9.006  -82.858  -10.758 0.0000000000
741  -9.843  -82.700  -10.513 0.0000000000
1044  -10.280  -82.011  -11.054 0.0000000000
755  -11.017  -81.967  -11.220 0.0000000000
21760  -15.889  -49.727  -10.222 0.0000000000
97771  -15.428  -49.176  -10.319 0.0000000000
21008  -13.593  -50.907  -10.145 0.0000000000
21028  -14.086  -50.165  -10.199 0.0000000000
21759  -14.459  -49.274  -10.313 0.0000000000
102997  -13.631  -48.893  -10.296 0.0000000000
22511  -13.507  -48.132  -10.381 0.0000000000
22510  -12.667  -47.958  -10.307 0.0000000000
102661  -12.292  -48.737  -10.295 0.0000000000
110193  -10.552  -49.036  -10.432 0.0000000000
21737  -9.234  -49.438  -10.362 0.0000000000
21023  -9.397  -50.215  -10.403 0.0000000000
100000  -8.690  -49.996  -10.316 0.0000000000
21736  -8.466  -49.297  -10.140 0.0000000000
21735  -7.695  -49.125  -9.857 0.0000000000
21719  -5.891  -49.074  -8.537 0.0000000000
10946  -8.496  -65.211  -2.252 0.0000000000
10269  -9.423  -65.473  -3.411 0.0000000000
10268  -8.903  -65.525  -2.852 0.0000000000
9596  -9.396  -66.747  -4.207 0.0000000000
9568  -8.691  -66.962  -2.075 0.0000000000
104934  4.324  -65.587  -7.121 0.0000000000
97036  4.804  -64.984  -6.689 0.0000000000
95542  4.471  -64.905  -7.676 0.0000000000
11759  4.859  -63.840  -8.000 0.0000000000
12420  4.748  -62.797  -7.782 0.0000000000
17409  -17.855  -55.061  -9.391 0.0000000000
103430  -16.687  -55.853  -9.640 0.0000000000
6690  -3.496  -70.852  0.793 0.0000000000
6701  -2.906  -71.316  0.319 0.0000000000
93653  -3.233  -71.520  -0.817 0.0000000000
6142  -2.790  -71.730  -2.226 0.0000000000
6147  -3.895  -71.583  -4.186 0.0000000000
6207  -0.363  -71.294  -9.223 0.0000000000
6219  -0.344  -71.021  -9.799 0.0000000000
7460  0.728  -69.842  -10.838 0.0000000000
6807  1.682  -70.160  -11.772 0.0000000000
7459  1.588  -69.455  -10.659 0.0000000000
7458  2.822  -69.546  -10.324 0.0000000000
7436  5.694  -70.296  -9.474 0.0000000000
8206  7.062  -69.555  -10.292 0.0000000000
8214  7.045  -69.596  -10.628 0.0000000000
8215  6.176  -68.796  -11.536 0.0000000000
8964  4.492  -68.068  -14.024 0.0000000000
94337  4.744  -67.287  -14.973 0.0000000000
2710  0.632  -76.734  -8.562 0.0000000000
3229  0.193  -76.290  -8.656 0.0000000000
3240  -0.993  -76.287  -9.613 0.0000000000
3254  -2.065  -76.443  -10.689 0.0000000000
3815  -2.199  -75.994  -10.895 0.0000000000
3280  -2.671  -75.907  -12.089 0.0000000000
3300  -2.838  -76.222  -13.389 0.0000000000
3318  -3.246  -76.870  -13.849 0.0000000000
1124  -6.735  -83.769  -19.089 0.0000000000
1125  -7.504  -83.147  -18.903 0.0000000000
1535  -5.036  -82.158  -19.607 0.0000000000
95277  -4.428  -80.858  -19.738 0.0000000000
15095  -5.655  -57.947  -3.671 0.0000000000
15110  -5.202  -59.282  -5.606 0.0000000000
14361  -3.806  -60.046  -6.028 0.0000000000
13641  2.448  -59.544  -0.134 0.0000000000
13629  1.674  -60.777  0.056 0.0000000000
12350  1.858  -62.081  0.335 0.0000000000
12351  0.564  -62.255  0.514 0.0000000000
99959  0.139  -63.126  0.467 0.0000000000
9536  -0.515  -66.068  0.351 0.0000000000
10236  -0.084  -65.782  -0.078 0.0000000000
9535  0.326  -66.155  0.224 0.0000000000
8762  1.137  -67.036  1.528 0.0000000000
9517  1.750  -66.958  0.720 0.0000000000
7975  1.861  -68.446  3.564 0.0000000000
7954  2.218  -69.034  3.609 0.0000000000
6060  7.035  -71.881  2.829 0.0000000000
6070  7.193  -71.702  1.684 0.0000000000
5466  6.873  -72.422  2.421 0.0000000000
4826  6.439  -72.764  2.388 0.0000000000
106118  6.046  -73.032  2.492 0.0000000000
4247  5.646  -74.003  3.538 0.0000000000
4827  5.305  -73.541  2.784 0.0000000000
3661  1.842  -75.565  1.997 0.0000000000
107631  2.029  -76.396  1.738 0.0000000000
101072  2.214  -76.933  1.211 0.0000000000
111271  2.649  -77.291  0.775 0.0000000000
2587  3.821  -77.338  -0.305 0.0000000000
873  4.075  -82.430  3.159 0.0000000000
639  5.204  -83.150  2.671 0.0000000000
107413  5.730  -82.118  2.460 0.0000000000
886  5.595  -81.372  1.867 0.0000000000
1275  6.529  -79.542  -0.538 0.0000000000
100595  5.048  -80.074  -1.767 0.0000000000
1294  5.930  -79.719  -1.557 0.0000000000
1308  7.225  -79.294  -2.348 0.0000000000
1322  7.052  -79.031  -3.035 0.0000000000
1707  6.881  -78.808  -3.249 0.0000000000
2198  5.554  -78.837  -5.198 0.0000000000
1743  5.922  -79.264  -5.095 0.0000000000
1744  6.097  -79.385  -6.094 0.0000000000
1764  6.090  -79.404  -6.915 0.0000000000
974  6.174  -80.342  -6.527 0.0000000000
1378  6.500  -79.837  -7.487 0.0000000000
1782  5.936  -79.348  -7.861 0.0000000000
1805  5.738  -79.832  -9.125 0.0000000000
1411  5.521  -80.112  -9.672 0.0000000000
1412  5.138  -80.549  -10.118 0.0000000000
531  0.721  -83.476  -12.514 0.0000000000
750  -1.941  -82.863  -11.584 0.0000000000
1054  -1.810  -82.237  -10.928 0.0000000000
751  -2.647  -83.127  -11.414 0.0000000000
737  -3.269  -83.719  -11.172 0.0000000000
104206  -4.495  -83.722  -10.111 0.0000000000
14365  -16.134  -59.944  -3.201 0.0000000000
13690  -14.814  -60.748  -3.009 0.0000000000
13691  -15.790  -60.679  -3.162 0.0000000000
12999  -17.096  -62.188  -4.080 0.0000000000
12408  -17.088  -62.719  -5.081 0.0000000000
104369  -12.500  -69.221  -8.671 0.0000000000
104495  -13.184  -68.631  -8.663 0.0000000000
91209  -13.092  -67.354  -10.563 0.0000000000
104474  -12.115  -67.342  -10.781 0.0000000000
104387  -12.396  -66.459  -10.779 0.0000000000
91224  -13.693  -66.693  -10.471 0.0000000000
91289  -13.280  -64.890  -10.548 0.0000000000
104484  -13.867  -64.420  -10.415 0.0000000000
12464  -14.753  -62.492  -9.205 0.0000000000
105239  -13.626  -63.219  -8.072 0.0000000000
11753  -13.370  -63.145  -8.626 0.0000000000
12448  -12.552  -62.607  -8.396 0.0000000000
11750  -11.477  -63.853  -7.849 0.0000000000
12447  -11.521  -62.482  -8.575 0.0000000000
13044  -11.864  -61.717  -8.971 0.0000000000
13059  -11.029  -61.144  -9.184 0.0000000000
105692  -9.558  -60.400  -9.435 0.0000000000
96088  -9.103  -59.778  -9.488 0.0000000000
110362  -3.387  -66.945  -4.226 0.0000000000
8852  -1.956  -66.735  -4.389 0.0000000000
8853  -2.777  -66.842  -4.336 0.0000000000
9617  -3.013  -66.559  -4.372 0.0000000000
9634  -2.600  -66.200  -4.599 0.0000000000
10311  -2.206  -65.831  -5.242 0.0000000000
10331  -1.947  -65.344  -5.915 0.0000000000
12989  3.638  -61.431  -2.521 0.0000000000
12996  2.431  -61.981  -2.879 0.0000000000
13698  2.402  -60.977  -2.778 0.0000000000
13699  1.581  -60.433  -3.218 0.0000000000
93866  1.183  -59.708  -3.764 0.0000000000
14372  1.815  -58.821  -3.267 0.0000000000
111670  0.565  -59.909  -4.600 0.0000000000
14380  0.114  -59.635  -5.371 0.0000000000
15140  -0.310  -59.031  -5.751 0.0000000000
15142  -1.414  -58.508  -6.705 0.0000000000
96621  -2.089  -58.678  -7.323 0.0000000000
15872  -1.281  -57.734  -6.309 0.0000000000
16613  -1.805  -57.113  -6.467 0.0000000000
102126  -1.647  -56.382  -5.965 0.0000000000
16595  -0.867  -56.180  -5.284 0.0000000000
17337  -1.464  -55.574  -5.398 0.0000000000
17351  -2.188  -55.958  -5.907 0.0000000000
17338  -2.446  -55.333  -5.532 0.0000000000
18117  -2.897  -54.648  -4.985 0.0000000000
18102  -3.216  -54.052  -4.528 0.0000000000
18103  -4.090  -53.654  -4.791 0.0000000000
18800  -3.235  -53.321  -4.481 0.0000000000
18784  -2.537  -52.867  -4.168 0.0000000000
20208  -1.829  -51.451  -3.931 0.0000000000
100291  -0.239  -52.833  -3.144 0.0000000000
19480  -0.637  -52.182  -3.373 0.0000000000
20214  -1.423  -50.723  -3.936 0.0000000000
3841  2.474  -76.408  -12.305 0.0000000000
3297  2.507  -76.779  -12.960 0.0000000000
3313  4.002  -77.259  -13.798 0.0000000000
2806  3.134  -77.804  -15.245 0.0000000000
2790  4.197  -77.504  -14.558 0.0000000000
3334  5.159  -77.330  -14.812 0.0000000000
3333  5.265  -77.199  -15.207 0.0000000000
3354  5.346  -77.550  -16.293 0.0000000000
4879  -0.373  -73.043  -2.246 0.0000000000
4880  -0.599  -72.856  -3.041 0.0000000000
102191  -0.340  -72.956  -5.070 0.0000000000
5563  1.797  -72.027  -7.346 0.0000000000
107476  0.566  -71.704  -8.291 0.0000000000
6206  0.230  -71.389  -9.812 0.0000000000
5620  0.838  -71.618  -10.355 0.0000000000
103395  1.403  -71.717  -11.701 0.0000000000
6227  1.842  -71.399  -12.362 0.0000000000
6226  2.604  -71.011  -12.862 0.0000000000
105909  4.254  -71.158  -13.473 0.0000000000
1872  -2.485  -79.709  -12.593 0.0000000000
1466  -4.197  -79.995  -13.023 0.0000000000
101712  -4.710  -80.614  -13.339 0.0000000000
378  -6.584  -84.940  -13.646 0.0000000000
561  -7.278  -84.493  -14.036 0.0000000000
760  -8.056  -83.481  -13.213 0.0000000000
111365  -7.515  -83.872  -14.274 0.0000000000
1103  -7.778  -83.471  -15.570 0.0000000000
23224  -11.138  -47.077  -10.427 0.0000000000
23207  -9.002  -47.781  -9.806 0.0000000000
101186  -10.334  -47.048  -10.155 0.0000000000
10224  5.099  -64.984  1.396 0.0000000000
9502  5.795  -66.493  3.195 0.0000000000
8723  6.323  -67.906  2.479 0.0000000000
4798  5.463  -73.676  4.917 0.0000000000
4215  5.320  -74.561  5.011 0.0000000000
3030  6.927  -76.633  5.336 0.0000000000
12978  -11.857  -61.814  -1.877 0.0000000000
11673  -12.497  -62.868  -2.126 0.0000000000
10950  -12.991  -64.017  -2.932 0.0000000000
10281  -13.260  -65.688  -3.416 0.0000000000
91536  -11.908  -64.980  -3.678 0.0000000000
90762  -12.989  -66.363  -3.417 0.0000000000
96824  -13.196  -67.195  -4.162 0.0000000000
107117  -12.504  -68.892  -6.244 0.0000000000
10963  -10.019  -65.486  -5.169 0.0000000000
90764  -10.429  -66.410  -5.706 0.0000000000
90759  -11.228  -67.797  -3.848 0.0000000000
91524  -10.606  -69.215  -4.480 0.0000000000
90760  -11.380  -68.871  -4.568 0.0000000000
91586  -11.985  -68.869  -5.281 0.0000000000
91386  -12.491  -69.169  -7.443 0.0000000000
91216  -11.807  -69.864  -8.259 0.0000000000
90757  -10.757  -69.422  -10.505 0.0000000000
91240  -9.910  -70.730  -9.478 0.0000000000
104473  -9.907  -69.803  -10.226 0.0000000000
104343  -9.952  -68.799  -10.530 0.0000000000
104658  -9.530  -67.984  -9.875 0.0000000000
91254  -9.465  -67.049  -8.649 0.0000000000
9664  -9.688  -65.838  -7.427 0.0000000000
8107  2.666  -69.126  -3.720 0.0000000000
8848  1.768  -68.408  -3.624 0.0000000000
8847  3.199  -68.282  -3.653 0.0000000000
9611  4.024  -66.682  -3.206 0.0000000000
9594  5.159  -66.508  -3.070 0.0000000000
10962  3.890  -64.071  -2.351 0.0000000000
11012  5.190  -64.365  -5.883 0.0000000000
11712  5.310  -63.713  -4.879 0.0000000000
96454  4.886  -62.597  -6.093 0.0000000000
12404  5.122  -62.740  -4.769 0.0000000000
11693  5.253  -63.359  -3.623 0.0000000000
11681  4.741  -62.958  -2.814 0.0000000000
12392  4.248  -62.323  -2.531 0.0000000000
106508  4.035  -59.835  -2.784 0.0000000000
15107  3.822  -58.644  -3.066 0.0000000000
14378  4.167  -59.169  -4.647 0.0000000000
15123  4.038  -58.582  -3.834 0.0000000000
15124  3.602  -57.861  -3.386 0.0000000000
1564  0.590  -80.414  -21.104 0.0000000000
1979  1.618  -80.128  -20.864 0.0000000000
1563  1.346  -80.222  -21.656 0.0000000000
87  -12.330  -86.280  -8.179 0.0000000000
179  -11.727  -86.191  -9.245 0.0000000000
180  -12.807  -86.184  -9.081 0.0000000000
195  -14.342  -85.978  -9.237 0.0000000000
19563  -14.387  -52.290  -10.237 0.0000000000
109077  -15.532  -52.963  -10.333 0.0000000000
18902  -14.801  -52.976  -10.304 0.0000000000
18900  -13.062  -52.919  -10.043 0.0000000000
18899  -11.621  -53.191  -9.727 0.0000000000
9525  -6.186  -67.031  0.984 0.0000000000
8775  -7.147  -67.396  0.272 0.0000000000
8774  -6.628  -67.582  0.751 0.0000000000
7302  -6.382  -69.086  -0.336 0.0000000000
109223  -6.306  -69.059  -0.983 0.0000000000
7351  -5.355  -69.203  -2.751 0.0000000000
6702  -3.868  -71.107  0.094 0.0000000000
6718  -5.093  -70.858  -1.081 0.0000000000
6730  -5.150  -70.768  -1.889 0.0000000000
7348  -2.626  -68.696  -4.189 0.0000000000
107105  0.700  -68.975  -3.637 0.0000000000
5542  -2.436  -72.466  -5.511 0.0000000000
5537  -2.976  -72.253  -4.981 0.0000000000
6155  -3.865  -71.566  -6.026 0.0000000000
6208  -0.963  -70.848  -9.215 0.0000000000
92731  -1.767  -70.711  -8.755 0.0000000000
6766  -2.168  -70.022  -8.496 0.0000000000
7425  -0.661  -69.359  -9.121 0.0000000000
109331  -2.673  -70.132  -8.166 0.0000000000
6757  -3.097  -70.291  -7.802 0.0000000000
7409  -3.214  -69.828  -7.299 0.0000000000
7386  -3.102  -69.536  -6.520 0.0000000000
7371  0.364  -69.411  -5.791 0.0000000000
7372  -0.266  -69.386  -5.436 0.0000000000
7359  0.538  -69.429  -4.605 0.0000000000
7344  1.123  -69.245  -3.839 0.0000000000
107789  4.462  -69.436  -3.947 0.0000000000
7356  5.250  -69.531  -4.245 0.0000000000
96574  5.114  -69.916  -5.769 0.0000000000
7367  5.781  -69.747  -5.213 0.0000000000
8121  6.529  -68.560  -5.409 0.0000000000
8876  6.082  -67.810  -6.142 0.0000000000
91795  4.982  -67.187  -6.851 0.0000000000
107893  6.784  -70.198  -9.172 0.0000000000
8159  6.977  -69.534  -8.768 0.0000000000
8176  5.932  -68.501  -9.885 0.0000000000
8907  6.293  -68.621  -8.775 0.0000000000
8890  5.325  -67.886  -7.896 0.0000000000
8891  4.189  -66.921  -7.749 0.0000000000
10364  4.058  -65.359  -8.594 0.0000000000
10375  4.382  -65.185  -9.512 0.0000000000
109969  4.990  -64.559  -10.077 0.0000000000
10402  5.038  -65.185  -11.136 0.0000000000
11085  5.177  -64.352  -10.715 0.0000000000
105182  3.948  -75.389  -8.491 0.0000000000
3783  0.283  -75.857  -8.803 0.0000000000
110541  0.166  -75.647  -9.318 0.0000000000
94089  0.567  -75.473  -10.566 0.0000000000
3842  1.474  -75.911  -11.990 0.0000000000
3859  1.286  -76.317  -12.799 0.0000000000
3315  0.960  -76.830  -14.240 0.0000000000
3355  0.155  -77.116  -15.943 0.0000000000
2828  0.777  -77.555  -16.470 0.0000000000
2396  0.515  -78.469  -18.542 0.0000000000
1965  0.367  -80.044  -19.874 0.0000000000
1865  -2.719  -78.769  -12.250 0.0000000000
2309  -3.484  -78.359  -12.414 0.0000000000
2310  -3.950  -78.083  -12.725 0.0000000000
2322  -4.293  -78.644  -13.035 0.0000000000
2768  -3.815  -77.458  -12.792 0.0000000000
2780  -3.713  -77.162  -13.238 0.0000000000
104271  -3.285  -77.353  -14.297 0.0000000000
2810  -3.223  -77.841  -14.783 0.0000000000
1924  -3.781  -80.415  -15.905 0.0000000000
2340  -2.787  -78.286  -15.598 0.0000000000
2809  -2.527  -77.475  -15.312 0.0000000000
2831  -2.150  -77.818  -15.971 0.0000000000
2360  -1.779  -78.026  -16.713 0.0000000000
2378  -1.263  -78.371  -17.497 0.0000000000
1952  -2.175  -80.696  -18.439 0.0000000000
1951  -1.322  -80.211  -18.745 0.0000000000
2398  -0.921  -79.069  -18.281 0.0000000000
2417  -0.427  -79.861  -19.169 0.0000000000
1553  0.643  -80.381  -20.739 0.0000000000
1554  -0.662  -80.904  -20.675 0.0000000000
1565  -0.273  -80.544  -21.050 0.0000000000
1996  -1.458  -80.580  -21.342 0.0000000000
102760  -12.339  -86.046  -10.082 0.0000000000
336  -11.987  -85.730  -10.701 0.0000000000
344  -11.770  -85.090  -10.837 0.0000000000
345  -12.411  -85.503  -11.369 0.0000000000
528  -12.232  -84.844  -11.444 0.0000000000
538  -12.006  -83.607  -11.372 0.0000000000
15101  -13.240  -58.745  -2.407 0.0000000000
14353  -12.736  -59.523  -2.464 0.0000000000
98920  -12.683  -60.336  -2.480 0.0000000000
13678  -11.915  -59.903  -2.473 0.0000000000
106344  -12.054  -60.482  -2.284 0.0000000000
13665  -11.661  -60.972  -1.953 0.0000000000
12977  -11.103  -61.622  -1.645 0.0000000000
12379  -10.532  -62.507  -1.423 0.0000000000
106984  -10.154  -61.306  -1.412 0.0000000000
12378  -9.521  -62.560  -1.198 0.0000000000
98945  -8.927  -63.593  -1.433 0.0000000000
101741  -7.939  -58.552  -2.981 0.0000000000
104426  -7.925  -59.743  -3.141 0.0000000000
90787  -7.442  -60.139  -3.196 0.0000000000
90781  -7.229  -59.981  -2.306 0.0000000000
90780  -7.864  -60.134  -1.793 0.0000000000
12975  -8.128  -61.729  -0.844 0.0000000000
11660  -7.777  -63.829  -1.491 0.0000000000
11669  -7.818  -64.724  -1.744 0.0000000000
11659  -7.148  -64.362  -1.678 0.0000000000
10940  -6.782  -64.478  -1.633 0.0000000000
12365  -6.085  -62.716  -0.825 0.0000000000
11658  -6.476  -63.928  -1.572 0.0000000000
99093  -6.557  -65.064  -1.070 0.0000000000
108981  -6.471  -65.530  -0.514 0.0000000000
10240  -5.643  -65.596  0.107 0.0000000000
14347  -2.531  -59.674  -4.961 0.0000000000
13671  -2.466  -60.265  -4.856 0.0000000000
15078  1.063  -59.678  -1.932 0.0000000000
108172  0.447  -60.047  -2.767 0.0000000000
13630  -0.570  -60.899  0.218 0.0000000000
91740  -0.119  -60.271  -2.823 0.0000000000
93197  -1.431  -60.444  -3.814 0.0000000000
13659  -2.349  -60.744  -2.489 0.0000000000
95409  -3.731  -60.085  -0.302 0.0000000000
12960  -4.042  -61.738  0.176 0.0000000000
12362  -4.391  -62.851  -0.120 0.0000000000
11637  -3.350  -63.686  0.240 0.0000000000
11643  -4.075  -63.451  0.044 0.0000000000
106213  -5.177  -65.710  0.520 0.0000000000
9538  -5.812  -66.284  0.719 0.0000000000
9524  -5.626  -66.943  1.436 0.0000000000
9509  -5.036  -66.996  1.918 0.0000000000
8751  -4.817  -67.761  2.284 0.0000000000
108822  -3.823  -66.504  2.251 0.0000000000
7996  -4.511  -68.537  2.595 0.0000000000
7252  -4.149  -69.089  2.873 0.0000000000
111462  -4.296  -69.467  2.528 0.0000000000
7279  -3.872  -70.079  2.125 0.0000000000
99682  -0.912  -66.278  1.177 0.0000000000
9506  -1.271  -66.442  2.144 0.0000000000
9484  -1.637  -66.730  3.055 0.0000000000
8728  -0.379  -67.330  3.711 0.0000000000
106971  -1.600  -67.978  4.053 0.0000000000
7977  -2.294  -68.463  3.945 0.0000000000
7250  -2.733  -69.177  3.807 0.0000000000
7265  -2.873  -69.814  3.301 0.0000000000
6666  -3.094  -70.373  2.404 0.0000000000
6680  -2.395  -70.902  1.737 0.0000000000
6678  -1.133  -71.658  2.078 0.0000000000
6109  -1.600  -72.215  0.786 0.0000000000
6120  -1.734  -72.122  0.010 0.0000000000
95357  -0.635  -72.795  -0.826 0.0000000000
98405  5.121  -66.111  0.423 0.0000000000
8771  4.705  -67.435  0.008 0.0000000000
8760  4.235  -67.955  0.359 0.0000000000
8008  4.396  -68.539  0.613 0.0000000000
7230  2.247  -69.665  3.625 0.0000000000
6071  6.285  -71.226  0.988 0.0000000000
6072  4.347  -71.249  1.839 0.0000000000
6652  2.109  -70.430  3.675 0.0000000000
6074  1.663  -71.336  3.426 0.0000000000
6089  0.871  -72.007  2.612 0.0000000000
5496  0.677  -73.017  1.791 0.0000000000
95321  0.156  -72.940  1.361 0.0000000000
4875  -0.356  -73.184  -1.345 0.0000000000
98340  3.504  -73.202  -4.531 0.0000000000
4894  4.638  -72.920  -5.097 0.0000000000
95866  6.279  -72.978  -5.915 0.0000000000
107963  7.038  -78.271  6.228 0.0000000000
93359  7.457  -78.747  5.973 0.0000000000
92022  7.393  -78.472  5.808 0.0000000000
2076  5.289  -78.731  4.537 0.0000000000
1625  4.250  -79.186  3.539 0.0000000000
1225  5.828  -80.565  3.778 0.0000000000
1635  4.926  -80.066  3.048 0.0000000000
2087  4.129  -79.131  2.537 0.0000000000
2096  4.386  -78.992  1.653 0.0000000000
2570  4.614  -78.181  0.500 0.0000000000
2599  5.316  -77.088  -0.839 0.0000000000
885  6.032  -81.290  1.889 0.0000000000
1248  5.971  -80.403  1.353 0.0000000000
2107  6.660  -79.127  0.272 0.0000000000
2583  7.922  -77.853  -0.780 0.0000000000
109935  7.435  -78.212  -0.232 0.0000000000
2124  6.899  -78.416  0.001 0.0000000000
3117  6.511  -76.923  -0.900 0.0000000000
3127  5.943  -76.215  -1.271 0.0000000000
3689  6.728  -75.049  -1.593 0.0000000000
4312  6.832  -73.782  -2.676 0.0000000000
4321  7.450  -73.565  -3.593 0.0000000000
4320  8.237  -73.902  -4.020 0.0000000000
106648  7.901  -73.682  -4.444 0.0000000000
4334  8.168  -74.233  -5.978 0.0000000000
3742  7.563  -74.987  -7.244 0.0000000000
3743  3.997  -75.777  -6.743 0.0000000000
3213  2.285  -76.229  -7.517 0.0000000000
2199  4.658  -78.286  -5.415 0.0000000000
2695  3.737  -78.023  -7.339 0.0000000000
2266  0.935  -77.776  -10.123 0.0000000000
108047  3.456  -80.356  -5.892 0.0000000000
1381  3.674  -80.485  -7.358 0.0000000000
1784  2.689  -80.108  -7.254 0.0000000000
101418  4.579  -80.849  -8.255 0.0000000000
1398  2.388  -80.706  -9.650 0.0000000000
1862  1.514  -79.776  -12.266 0.0000000000
94565  0.135  -79.556  -12.303 0.0000000000
1863  -0.816  -79.534  -12.430 0.0000000000
1871  -1.249  -80.132  -12.847 0.0000000000
1068  -1.663  -81.659  -13.570 0.0000000000
1087  -0.636  -81.893  -13.737 0.0000000000
92703  -1.263  -82.437  -13.731 0.0000000000
1088  -2.201  -82.546  -13.671 0.0000000000
775  -2.994  -83.261  -13.755 0.0000000000
376  -4.012  -85.173  -13.523 0.0000000000
544  0.023  -83.348  -12.898 0.0000000000
545  -1.038  -83.401  -13.043 0.0000000000
109637  -2.399  -84.733  -13.163 0.0000000000
365  -3.154  -85.853  -13.128 0.0000000000
366  -4.402  -85.471  -13.166 0.0000000000
342  -5.948  -85.383  -10.812 0.0000000000
331  -7.071  -85.676  -9.793 0.0000000000
190  -8.639  -86.123  -9.260 0.0000000000
177  -9.278  -86.793  -8.777 0.0000000000
515  -4.931  -84.367  -9.401 0.0000000000
95766  -6.519  -84.499  -8.274 0.0000000000
324  -5.488  -85.766  -8.396 0.0000000000
175  -5.694  -86.759  -7.565 0.0000000000
69  -6.043  -86.954  -7.193 0.0000000000
7  -7.834  -87.416  -6.360 0.0000000000
2  -8.237  -87.353  -5.244 0.0000000000
8  -8.660  -87.513  -6.227 0.0000000000
14  -8.377  -87.545  -7.330 0.0000000000
70  -9.301  -87.525  -7.001 0.0000000000
95186  -10.861  -86.545  -7.379 0.0000000000
86  -11.514  -86.305  -8.214 0.0000000000
74  -13.537  -87.127  -5.759 0.0000000000
75  -14.735  -87.777  -6.948 0.0000000000
76  -15.489  -88.030  -7.012 0.0000000000
111018  -21.860  -57.711  -7.531 0.0000000000
15886  -21.080  -57.053  -7.833 0.0000000000
106759  -14.118  -64.134  -3.716 0.0000000000
11696  -14.707  -64.043  -4.193 0.0000000000
10297  -14.519  -65.766  -4.697 0.0000000000
10983  -14.567  -64.972  -4.605 0.0000000000
11697  -15.460  -63.511  -4.578 0.0000000000
11713  -15.710  -63.725  -5.370 0.0000000000
11714  -16.467  -63.299  -5.752 0.0000000000
91489  -13.820  -67.992  -8.252 0.0000000000
9665  -15.019  -66.590  -7.799 0.0000000000
9666  -15.466  -65.981  -7.934 0.0000000000
10338  -15.704  -65.528  -7.148 0.0000000000
11022  -16.396  -64.334  -6.913 0.0000000000
11730  -16.787  -63.667  -6.696 0.0000000000
12417  -17.384  -62.998  -6.310 0.0000000000
12418  -18.146  -62.636  -7.141 0.0000000000
13015  -18.880  -62.098  -7.087 0.0000000000
99305  -18.349  -61.931  -8.545 0.0000000000
13723  -19.450  -61.372  -7.820 0.0000000000
14391  -20.459  -60.206  -7.750 0.0000000000
15151  -20.354  -59.148  -8.181 0.0000000000
15885  -19.629  -57.977  -8.078 0.0000000000
15898  -18.498  -57.336  -8.595 0.0000000000
15897  -17.605  -57.805  -8.850 0.0000000000
15164  -17.007  -58.516  -8.852 0.0000000000
15912  -16.987  -57.197  -9.161 0.0000000000
16652  -15.504  -56.880  -9.572 0.0000000000
13047  -14.611  -61.713  -8.775 0.0000000000
13751  -14.203  -61.190  -8.850 0.0000000000
13766  -14.423  -60.520  -8.957 0.0000000000
13764  -12.902  -60.315  -9.260 0.0000000000
92546  -14.633  -57.049  -9.628 0.0000000000
93088  -14.962  -56.232  -9.846 0.0000000000
93089  -13.982  -56.378  -9.844 0.0000000000
93090  -13.108  -56.093  -9.847 0.0000000000
109219  -13.022  -55.579  -9.920 0.0000000000
16648  -11.651  -56.372  -9.530 0.0000000000
17403  -12.406  -55.709  -9.799 0.0000000000
95642  -12.135  -54.899  -9.807 0.0000000000
94576  -11.324  -54.720  -9.548 0.0000000000
18182  -10.339  -53.948  -9.196 0.0000000000
8786  -7.575  -67.578  -0.252 0.0000000000
97811  -7.748  -68.588  -2.007 0.0000000000
109908  -7.797  -68.675  -2.445 0.0000000000
8064  -8.073  -68.598  -2.447 0.0000000000
8839  -4.977  -68.196  -3.388 0.0000000000
8867  -5.296  -67.110  -4.652 0.0000000000
95269  -6.525  -68.288  -4.430 0.0000000000
110858  -7.347  -68.675  -4.731 0.0000000000
8123  -7.907  -68.864  -5.423 0.0000000000
8135  -8.205  -69.079  -6.766 0.0000000000
8145  -8.048  -68.318  -7.353 0.0000000000
9647  -6.556  -66.538  -6.913 0.0000000000
105671  -7.646  -67.585  -7.405 0.0000000000
8894  -8.131  -67.580  -7.851 0.0000000000
9663  -8.648  -66.788  -7.934 0.0000000000
10366  -8.265  -65.374  -8.191 0.0000000000
8866  0.891  -66.835  -4.545 0.0000000000
10308  1.442  -65.658  -5.432 0.0000000000
9645  0.444  -65.856  -5.729 0.0000000000
10309  -0.493  -65.785  -5.388 0.0000000000
10330  -1.115  -65.431  -6.146 0.0000000000
11015  -1.627  -64.908  -6.839 0.0000000000
11695  1.584  -62.452  -3.822 0.0000000000
12406  0.958  -62.831  -4.750 0.0000000000
12414  0.760  -62.971  -5.683 0.0000000000
11728  0.792  -63.565  -6.377 0.0000000000
11040  -0.140  -64.209  -7.296 0.0000000000
11041  -1.085  -64.211  -7.360 0.0000000000
11016  -2.432  -64.880  -6.702 0.0000000000
11044  -3.687  -64.017  -7.209 0.0000000000
11045  -4.568  -64.104  -7.092 0.0000000000
12425  -3.257  -62.768  -7.801 0.0000000000
104288  -4.325  -63.492  -7.372 0.0000000000
11048  -7.146  -64.491  -7.870 0.0000000000
11062  -7.931  -64.655  -8.180 0.0000000000
111291  -9.006  -64.941  -8.100 0.0000000000
11762  -8.337  -63.468  -8.413 0.0000000000
12445  -8.211  -62.551  -8.699 0.0000000000
13040  -7.613  -61.723  -8.890 0.0000000000
109155  -6.123  -61.322  -8.679 0.0000000000
13041  -8.514  -61.744  -9.021 0.0000000000
13056  -8.070  -61.026  -9.181 0.0000000000
14420  -8.413  -59.581  -9.427 0.0000000000
108114  -2.555  -58.230  -7.508 0.0000000000
15889  -3.148  -58.173  -7.849 0.0000000000
15158  -4.384  -58.589  -8.443 0.0000000000
15884  -4.258  -57.474  -7.645 0.0000000000
15891  -4.701  -57.904  -8.238 0.0000000000
15159  -5.166  -58.459  -8.564 0.0000000000
15160  -6.031  -58.328  -8.666 0.0000000000
15171  -7.332  -58.772  -9.132 0.0000000000
105665  -8.997  -58.376  -9.292 0.0000000000
15904  -8.614  -57.853  -9.039 0.0000000000
15896  -8.984  -57.100  -8.800 0.0000000000
16630  -9.292  -56.289  -8.641 0.0000000000
17378  -8.015  -55.907  -7.816 0.0000000000
17379  -8.733  -55.680  -8.221 0.0000000000
17380  -9.481  -55.424  -8.636 0.0000000000
18161  -8.904  -54.825  -8.295 0.0000000000
18885  -8.999  -53.954  -8.526 0.0000000000
19547  -8.933  -53.096  -8.947 0.0000000000
93207  -8.187  -52.656  -8.802 0.0000000000
20271  -6.903  -51.444  -8.568 0.0000000000
19531  -6.588  -52.142  -7.249 0.0000000000
19545  -6.830  -52.063  -8.006 0.0000000000
20989  -6.379  -50.724  -8.466 0.0000000000
20988  -5.729  -49.999  -8.129 0.0000000000
21709  -5.292  -49.018  -7.863 0.0000000000
19503  -4.462  -52.775  -4.979 0.0000000000
20231  -4.669  -51.799  -5.323 0.0000000000
20951  -4.322  -50.801  -5.512 0.0000000000
20949  -2.553  -50.127  -4.825 0.0000000000
20950  -3.462  -50.413  -5.235 0.0000000000
20964  -4.660  -50.344  -6.111 0.0000000000
20977  -4.899  -49.841  -6.718 0.0000000000
21708  -4.806  -48.894  -7.105 0.0000000000
22456  -4.829  -47.935  -7.319 0.0000000000
4373  7.876  -75.059  -9.005 0.0000000000
4357  7.784  -74.689  -9.310 0.0000000000
3778  7.829  -75.397  -9.686 0.0000000000
4966  7.550  -74.703  -9.901 0.0000000000
105792  3.759  -76.482  -12.022 0.0000000000
3839  6.284  -76.251  -12.428 0.0000000000
4985  4.102  -73.714  -11.797 0.0000000000
4994  3.111  -73.135  -12.552 0.0000000000
5005  3.149  -73.017  -13.404 0.0000000000
5017  3.947  -73.319  -14.661 0.0000000000
5018  3.390  -72.855  -14.104 0.0000000000
6248  4.892  -71.936  -14.385 0.0000000000
6247  6.966  -72.031  -13.243 0.0000000000
102250  2.195  -79.457  -20.400 0.0000000000
108649  2.840  -79.314  -20.526 0.0000000000
2413  3.855  -79.018  -19.265 0.0000000000
1992  3.117  -78.970  -21.277 0.0000000000
1961  4.140  -78.851  -20.111 0.0000000000
101585  4.871  -79.029  -18.466 0.0000000000
2371  5.680  -78.786  -18.600 0.0000000000
3353  5.742  -77.777  -17.532 0.0000000000
99352  5.485  -77.045  -17.149 0.0000000000
3425  3.154  -76.405  -21.363 0.0000000000
2884  3.911  -77.478  -20.603 0.0000000000
3380  4.629  -76.822  -19.691 0.0000000000
3963  6.328  -77.049  -20.207 0.0000000000
3393  5.308  -77.467  -20.128 0.0000000000
3948  6.428  -77.156  -19.875 0.0000000000
3915  5.894  -76.156  -17.854 0.0000000000
4485  6.103  -75.128  -17.786 0.0000000000
5051  7.124  -74.102  -17.137 0.0000000000
5073  8.082  -74.615  -18.882 0.0000000000
5050  7.875  -73.632  -17.088 0.0000000000
5673  7.863  -72.872  -15.607 0.0000000000
105482  7.836  -72.346  -14.604 0.0000000000
6261  7.688  -71.675  -13.933 0.0000000000
6844  7.332  -70.687  -14.808 0.0000000000
7504  6.655  -69.817  -14.757 0.0000000000
7522  6.504  -69.627  -17.435 0.0000000000
8255  5.706  -68.822  -16.162 0.0000000000
8256  5.130  -67.972  -16.130 0.0000000000
8979  5.054  -67.046  -16.014 0.0000000000
6896  5.350  -69.744  -21.710 0.0000000000
7575  5.469  -68.585  -21.533 0.0000000000
8312  5.430  -67.839  -21.070 0.0000000000
8286  4.620  -67.129  -20.500 0.0000000000
8285  5.325  -67.080  -20.342 0.0000000000
9000  5.496  -66.285  -18.882 0.0000000000
9755  5.315  -65.658  -16.953 0.0000000000
9745  5.341  -65.977  -15.768 0.0000000000
6  -7.092  -87.271  -6.560 0.0000000000
12  -6.589  -87.290  -7.160 0.0000000000
13  -7.401  -87.474  -7.296 0.0000000000
19  -6.823  -87.513  -7.801 0.0000000000
46  -8.864  -87.327  -4.257 0.0000000000
58  -6.711  -86.736  -6.495 0.0000000000
65  -13.882  -88.139  -5.528 0.0000000000
81  -5.663  -87.132  -8.129 0.0000000000
93  -6.122  -87.362  -8.840 0.0000000000
258  5.254  -84.268  3.162 0.0000000000
312  -7.059  -85.752  -7.129 0.0000000000
334  -10.827  -85.386  -9.945 0.0000000000
350  -3.043  -85.921  -11.488 0.0000000000
419  5.620  -83.321  4.518 0.0000000000
420  5.235  -84.607  4.507 0.0000000000
428  5.545  -84.077  3.708 0.0000000000
436  5.181  -83.970  2.571 0.0000000000
537  -8.336  -83.149  -11.240 0.0000000000
591  5.371  -82.550  6.021 0.0000000000
612  6.182  -82.392  4.221 0.0000000000
626  4.347  -84.040  2.655 0.0000000000
637  6.048  -82.690  3.248 0.0000000000
638  5.613  -83.005  2.641 0.0000000000
759  1.543  -83.547  -13.022 0.0000000000
887  4.415  -81.206  1.968 0.0000000000
903  5.082  -80.824  1.020 0.0000000000
940  4.860  -80.565  -3.654 0.0000000000
961  5.951  -81.009  -5.969 0.0000000000
988  5.944  -80.355  -7.233 0.0000000000
989  5.343  -80.315  -7.865 0.0000000000
1008  5.369  -80.208  -9.103 0.0000000000
1141  -3.117  -82.282  -19.796 0.0000000000
1161  -2.473  -82.081  -21.459 0.0000000000
1214  6.173  -80.590  4.727 0.0000000000
1224  5.985  -80.977  4.323 0.0000000000
1239  6.064  -80.718  2.904 0.0000000000
1259  7.222  -79.218  -0.266 0.0000000000
1274  7.478  -79.361  -0.803 0.0000000000
1293  6.921  -79.480  -1.498 0.0000000000
1309  6.265  -79.582  -2.287 0.0000000000
1325  4.124  -80.838  -3.674 0.0000000000
1366  3.943  -80.637  -6.482 0.0000000000
1552  1.717  -80.215  -21.292 0.0000000000
1562  2.036  -80.096  -21.707 0.0000000000
1567  -2.794  -81.108  -21.687 0.0000000000
1568  -3.414  -80.571  -21.787 0.0000000000
1634  5.874  -80.415  2.369 0.0000000000
1652  7.531  -78.826  -0.267 0.0000000000
1653  7.372  -79.045  -0.169 0.0000000000
1654  6.305  -79.413  0.219 0.0000000000
1691  8.041  -78.875  -1.832 0.0000000000
1962  3.627  -79.037  -20.030 0.0000000000
1963  2.948  -79.060  -19.899 0.0000000000
1977  3.680  -78.812  -20.634 0.0000000000
2007  2.799  -79.252  -22.104 0.0000000000
2056  7.329  -77.969  5.621 0.0000000000
2106  7.340  -78.821  -0.031 0.0000000000
2122  7.854  -78.619  -0.592 0.0000000000
2123  7.608  -78.338  -0.358 0.0000000000
2137  8.047  -78.339  -1.191 0.0000000000
2149  7.902  -78.634  -2.493 0.0000000000
2181  6.278  -78.732  -3.811 0.0000000000
2357  5.233  -78.282  -16.851 0.0000000000
2372  5.492  -78.671  -17.854 0.0000000000
2374  2.873  -78.437  -17.669 0.0000000000
2411  5.600  -78.615  -19.769 0.0000000000
2412  5.129  -78.748  -19.826 0.0000000000
2415  1.935  -78.826  -19.495 0.0000000000
2429  4.486  -78.489  -20.331 0.0000000000
2442  3.093  -78.466  -21.758 0.0000000000
2452  2.804  -78.630  -22.573 0.0000000000
2571  3.883  -77.721  0.329 0.0000000000
2584  7.637  -77.664  -0.627 0.0000000000
2586  4.748  -77.669  -0.159 0.0000000000
2598  7.911  -76.578  -1.853 0.0000000000
2626  7.593  -77.326  -2.677 0.0000000000
2792  -3.690  -77.722  -13.906 0.0000000000
2826  4.751  -78.176  -16.053 0.0000000000
2841  5.950  -78.442  -18.448 0.0000000000
2842  5.630  -78.282  -17.585 0.0000000000
2874  6.036  -78.248  -19.879 0.0000000000
2876  4.678  -77.735  -20.460 0.0000000000
2883  4.616  -78.067  -20.637 0.0000000000
3294  5.473  -76.700  -13.656 0.0000000000
3356  -0.759  -77.104  -16.145 0.0000000000
3392  6.344  -77.475  -20.100 0.0000000000
3410  3.364  -76.612  -20.480 0.0000000000
3687  7.948  -75.181  -2.054 0.0000000000
3709  8.126  -74.328  -3.387 0.0000000000
3823  4.698  -76.305  -11.661 0.0000000000
3828  -2.332  -75.849  -11.443 0.0000000000
3862  -1.692  -75.640  -12.891 0.0000000000
3864  -3.051  -76.165  -12.736 0.0000000000
4230  5.668  -74.740  4.129 0.0000000000
4435  4.436  -74.633  -13.891 0.0000000000
4539  7.391  -75.514  -20.812 0.0000000000
6090  -0.212  -71.852  2.392 0.0000000000
6162  -3.714  -71.271  -6.839 0.0000000000
6163  -4.140  -70.901  -6.309 0.0000000000
6175  -2.658  -71.544  -7.720 0.0000000000
6246  7.442  -71.625  -13.214 0.0000000000
6322  6.450  -72.531  -22.541 0.0000000000
6341  6.810  -71.965  -22.594 0.0000000000
6743  -4.339  -70.448  -5.645 0.0000000000
6758  -8.110  -70.742  -8.701 0.0000000000
6907  6.618  -70.966  -22.454 0.0000000000
7266  -3.700  -69.619  2.883 0.0000000000
7383  -0.218  -69.274  -6.461 0.0000000000
7427  -2.518  -69.756  -7.990 0.0000000000
7455  7.142  -69.944  -10.283 0.0000000000
7470  6.779  -70.364  -10.278 0.0000000000
7573  6.742  -69.818  -21.510 0.0000000000
7591  6.344  -69.922  -22.057 0.0000000000
7955  0.452  -68.650  4.462 0.0000000000
8131  7.178  -69.086  -6.431 0.0000000000
8140  7.194  -69.043  -7.375 0.0000000000
8164  -8.448  -70.067  -9.376 0.0000000000
8704  0.034  -67.991  4.251 0.0000000000
8705  -0.865  -67.952  4.237 0.0000000000
8729  -2.040  -67.484  3.658 0.0000000000
8759  5.438  -67.904  0.250 0.0000000000
8763  -5.435  -67.699  1.809 0.0000000000
8892  -7.069  -67.142  -7.183 0.0000000000
9028  5.264  -66.294  -19.943 0.0000000000
9518  0.800  -66.575  0.838 0.0000000000
9598  -14.109  -66.111  -4.168 0.0000000000
9644  4.998  -66.372  -6.296 0.0000000000
9660  3.917  -65.939  -7.721 0.0000000000
9661  -7.087  -66.424  -7.550 0.0000000000
9770  4.873  -65.704  -19.651 0.0000000000
10247  -5.913  -65.085  -0.544 0.0000000000
10259  -8.489  -65.700  -2.434 0.0000000000
10280  -12.378  -65.692  -3.467 0.0000000000
10306  5.616  -65.617  -4.831 0.0000000000
10337  -15.215  -65.681  -6.193 0.0000000000
10349  -8.961  -65.860  -8.091 0.0000000000
10352  -16.188  -64.989  -8.763 0.0000000000
10432  5.277  -64.722  -13.994 0.0000000000
10965  -12.740  -64.842  -3.367 0.0000000000
10982  -10.092  -65.438  -5.552 0.0000000000
11047  -6.332  -64.311  -7.492 0.0000000000
11065  -10.460  -64.613  -7.404 0.0000000000
11070  4.989  -64.115  -9.620 0.0000000000
11072  -16.091  -63.958  -9.521 0.0000000000
11636  -2.488  -63.562  0.335 0.0000000000
11638  -4.082  -64.011  0.011 0.0000000000
11646  -5.849  -63.737  -1.252 0.0000000000
11744  -2.329  -63.477  -7.564 0.0000000000
11746  -3.782  -63.157  -7.570 0.0000000000
11747  -5.104  -63.425  -7.444 0.0000000000
11749  -6.816  -63.850  -7.885 0.0000000000
11751  -11.387  -63.626  -8.167 0.0000000000
11761  -7.589  -63.837  -8.148 0.0000000000
11767  -14.112  -63.039  -8.566 0.0000000000
11780  -13.753  -63.337  -9.346 0.0000000000
12386  -12.477  -62.080  -2.130 0.0000000000
12388  -13.608  -62.510  -2.713 0.0000000000
12399  -15.806  -62.549  -3.793 0.0000000000
12400  -16.487  -62.660  -4.198 0.0000000000
12409  -17.883  -62.308  -6.039 0.0000000000
12416  -0.232  -61.944  -6.586 0.0000000000
12423  -1.016  -62.680  -7.476 0.0000000000
12428  -11.959  -63.116  -8.134 0.0000000000
12429  -12.832  -63.129  -8.070 0.0000000000
12444  -7.149  -62.411  -8.526 0.0000000000
12465  -15.648  -62.688  -9.663 0.0000000000
12948  1.161  -61.498  0.323 0.0000000000
12963  -6.520  -61.929  -0.614 0.0000000000
13021  -1.148  -61.418  -7.275 0.0000000000
13026  -18.982  -61.833  -8.105 0.0000000000
13038  -3.562  -61.006  -8.275 0.0000000000
13055  -7.135  -60.963  -9.053 0.0000000000
13057  -8.939  -61.102  -9.270 0.0000000000
13062  -17.053  -62.221  -9.276 0.0000000000
13631  -1.662  -60.925  0.347 0.0000000000
13643  0.454  -60.533  -1.365 0.0000000000
13660  -3.266  -60.581  -2.442 0.0000000000
13661  -5.802  -60.022  -1.092 0.0000000000
13664  -10.887  -60.638  -1.898 0.0000000000
13670  3.528  -59.584  -2.699 0.0000000000
13672  -2.643  -60.796  -3.890 0.0000000000
13673  -4.180  -60.451  -2.669 0.0000000000
13674  -4.959  -60.248  -2.515 0.0000000000
13675  -5.416  -60.234  -2.514 0.0000000000
13680  -14.135  -61.315  -2.849 0.0000000000
13687  -3.508  -60.558  -4.747 0.0000000000
13688  -4.390  -60.706  -4.033 0.0000000000
13701  -5.785  -60.499  -4.915 0.0000000000
13702  -5.856  -60.474  -3.661 0.0000000000
13733  -1.216  -60.075  -6.881 0.0000000000
13749  -6.323  -60.906  -8.860 0.0000000000
13752  -14.949  -60.972  -8.694 0.0000000000
14342  -4.295  -59.755  -1.035 0.0000000000
14349  -4.618  -59.907  -1.584 0.0000000000
14358  3.993  -59.284  -2.887 0.0000000000
14359  2.805  -59.574  -2.656 0.0000000000
14362  -5.374  -60.165  -5.925 0.0000000000
14374  -6.872  -60.341  -4.322 0.0000000000
14401  -2.285  -59.445  -7.623 0.0000000000
14407  -3.773  -59.632  -8.442 0.0000000000
14418  -6.949  -59.522  -9.189 0.0000000000
14426  -14.245  -59.812  -9.191 0.0000000000
15093  -3.677  -59.124  -5.051 0.0000000000
15094  -4.790  -58.378  -4.298 0.0000000000
15096  -7.089  -58.499  -4.178 0.0000000000
15111  -6.318  -58.705  -4.901 0.0000000000
15161  -6.907  -58.183  -8.779 0.0000000000
15172  -8.284  -58.710  -9.285 0.0000000000
15177  -13.061  -58.832  -9.438 0.0000000000
15179  -16.232  -58.332  -8.997 0.0000000000
15890  -3.880  -58.042  -8.135 0.0000000000
15894  -7.354  -57.453  -8.409 0.0000000000
15911  -16.091  -57.560  -9.256 0.0000000000
16605  -4.263  -56.401  -6.456 0.0000000000
16615  -3.842  -57.049  -6.945 0.0000000000
16619  -7.341  -56.173  -7.510 0.0000000000
17354  -6.347  -54.860  -6.261 0.0000000000
17404  -13.649  -55.450  -9.990 0.0000000000
17408  -17.022  -55.116  -9.708 0.0000000000
18163  -10.565  -54.598  -9.211 0.0000000000
18188  -15.576  -54.593  -10.199 0.0000000000
18799  -2.501  -53.662  -4.144 0.0000000000
18897  -9.713  -53.561  -9.069 0.0000000000
19491  -3.771  -52.874  -4.757 0.0000000000
19502  -3.888  -52.115  -4.866 0.0000000000
19561  -12.693  -52.275  -9.994 0.0000000000
20207  -1.030  -51.382  -3.603 0.0000000000
20259  -6.413  -51.473  -7.924 0.0000000000
21755  -10.921  -49.610  -10.415 0.0000000000
22507  -9.885  -48.829  -10.377 0.0000000000
22509  -11.351  -48.772  -10.388 0.0000000000
22512  -14.293  -48.399  -10.452 0.0000000000
90747  -9.407  -70.520  -6.008 0.0000000000
90750  -9.851  -70.010  -5.427 0.0000000000
90753  -10.423  -70.573  -6.388 0.0000000000
90755  -11.047  -66.769  -4.256 0.0000000000
90758  -11.793  -67.237  -3.609 0.0000000000
90761  -13.471  -68.528  -7.753 0.0000000000
90785  -6.707  -60.280  -3.202 0.0000000000
91271  -10.786  -64.496  -7.730 0.0000000000
91331  -7.699  -60.806  -0.970 0.0000000000
91413  -9.157  -71.373  -7.360 0.0000000000
91416  -11.627  -64.210  -8.166 0.0000000000
91452  -9.278  -59.860  -2.490 0.0000000000
91461  -8.062  -59.001  -3.842 0.0000000000
91496  -7.235  -60.119  -4.027 0.0000000000
91499  -6.309  -60.349  -3.125 0.0000000000
91533  -6.406  -60.077  -1.502 0.0000000000
91538  -14.033  -63.746  -10.165 0.0000000000
91572  -10.080  -65.719  -5.007 0.0000000000
92505  -5.391  -61.288  -0.334 0.0000000000
92590  4.835  -67.387  -3.219 0.0000000000
93531  1.227  -80.390  -21.157 0.0000000000
93610  -12.849  -86.749  -5.642 0.0000000000
93884  -2.609  -62.723  -7.788 0.0000000000
93959  -10.682  -69.969  -5.582 0.0000000000
94079  5.509  -81.024  -5.322 0.0000000000
94267  -10.562  -67.446  -4.310 0.0000000000
94303  4.688  -65.731  -6.487 0.0000000000
94944  -5.365  -56.616  -6.953 0.0000000000
95006  -1.730  -76.523  -14.765 0.0000000000
95298  -3.808  -62.374  -7.954 0.0000000000
95348  2.282  -79.745  -22.261 0.0000000000
95711  4.202  -80.451  -2.035 0.0000000000
95816  6.096  -79.764  0.842 0.0000000000
96067  3.796  -77.884  -21.053 0.0000000000
96384  5.620  -79.907  -3.079 0.0000000000
96678  4.671  -78.983  -19.502 0.0000000000
96753  -10.832  -83.681  -10.173 0.0000000000
96857  -9.895  -64.611  -2.700 0.0000000000
96876  6.072  -77.112  -18.166 0.0000000000
97557  -4.839  -59.129  -8.662 0.0000000000
98052  4.261  -68.106  -12.523 0.0000000000
99118  -9.956  -63.418  -1.545 0.0000000000
99128  -12.371  -63.584  -2.365 0.0000000000
99136  3.893  -67.627  -11.484 0.0000000000
99980  6.176  -79.798  -8.443 0.0000000000
100017  -3.267  -71.409  -0.248 0.0000000000
100091  7.655  -78.855  -2.798 0.0000000000
100233  -1.225  -67.298  3.709 0.0000000000
100236  3.429  -80.677  -2.206 0.0000000000
100338  -0.872  -59.109  -6.387 0.0000000000
100855  7.438  -72.162  -13.816 0.0000000000
101272  -0.448  -69.912  -9.701 0.0000000000
101523  -0.189  -61.161  -5.991 0.0000000000
101553  -9.210  -66.192  -8.028 0.0000000000
102318  -0.053  -77.689  -17.360 0.0000000000
102859  -9.580  -47.091  -9.874 0.0000000000
102977  -16.312  -64.844  -7.431 0.0000000000
104028  7.159  -77.652  -0.447 0.0000000000
104161  6.574  -68.926  -10.801 0.0000000000
104215  -12.084  -63.463  -8.114 0.0000000000
104266  -10.383  -61.405  -9.126 0.0000000000
104325  -14.734  -51.649  -10.262 0.0000000000
104365  -14.248  -65.265  -10.441 0.0000000000
104405  -8.684  -71.369  -8.193 0.0000000000
104427  -5.808  -60.325  -2.924 0.0000000000
104536  -10.428  -65.496  -7.080 0.0000000000
104557  -7.993  -59.871  -2.715 0.0000000000
104573  -11.359  -66.415  -10.635 0.0000000000
104581  -12.943  -68.807  -7.888 0.0000000000
104648  -14.004  -67.571  -9.134 0.0000000000
104683  5.466  -79.860  -1.064 0.0000000000
104732  -7.607  -58.467  -3.348 0.0000000000
104796  8.017  -79.107  -1.057 0.0000000000
104914  5.971  -69.370  -4.341 0.0000000000
105105  5.907  -67.784  -20.822 0.0000000000
105107  -8.078  -71.210  -7.926 0.0000000000
105152  -3.859  -61.614  -8.211 0.0000000000
105232  -7.291  -59.308  -5.109 0.0000000000
105352  -10.721  -62.489  -8.624 0.0000000000
105422  -8.683  -67.678  -2.195 0.0000000000
105762  7.038  -71.353  -22.319 0.0000000000
105786  -4.655  -55.798  -6.099 0.0000000000
105946  -5.373  -60.389  -3.068 0.0000000000
105982  2.061  -83.309  -13.023 0.0000000000
106182  -14.231  -65.513  -4.233 0.0000000000
106402  4.303  -61.632  -7.064 0.0000000000
106564  -13.771  -65.786  -10.596 0.0000000000
106944  7.146  -77.547  5.448 0.0000000000
106977  1.798  -77.099  -14.112 0.0000000000
107156  -7.556  -54.095  -7.031 0.0000000000
107253  -10.235  -65.709  -7.102 0.0000000000
107449  -12.342  -52.843  -9.902 0.0000000000
107469  -10.349  -60.756  -9.334 0.0000000000
107595  1.245  -79.908  -22.218 0.0000000000
107641  -2.558  -59.079  -4.214 0.0000000000
107821  -3.185  -67.189  3.108 0.0000000000
107863  2.314  -79.858  -21.067 0.0000000000
107971  -5.679  -61.014  -8.663 0.0000000000
108199  6.431  -80.228  4.913 0.0000000000
108284  5.626  -80.101  -8.659 0.0000000000
108378  0.225  -64.875  -7.108 0.0000000000
108599  -9.972  -65.660  -5.783 0.0000000000
108906  -10.313  -60.077  -9.489 0.0000000000
108912  -9.572  -62.602  -8.666 0.0000000000
109332  7.892  -79.299  -1.115 0.0000000000
109348  -13.581  -88.117  -5.043 0.0000000000
109481  5.549  -64.936  -3.592 0.0000000000
109787  4.269  -59.723  -3.153 0.0000000000
109866  0.146  -58.989  -5.273 0.0000000000
109904  7.871  -75.800  -1.965 0.0000000000
109915  -8.366  -71.162  -8.580 0.0000000000
110146  -6.536  -62.102  -8.475 0.0000000000
110181  5.715  -79.458  -8.621 0.0000000000
110215  6.014  -79.667  -5.258 0.0000000000
110654  -9.954  -87.092  -7.228 0.0000000000
110694  -4.416  -49.766  -6.301 0.0000000000
110756  -11.337  -68.346  -4.056 0.0000000000
110768  -14.293  -64.207  -10.314 0.0000000000
110909  6.097  -78.067  -18.390 0.0000000000
111086  -12.115  -63.534  -8.071 0.0000000000
111104  -8.382  -64.169  -8.246 0.0000000000
111461  -10.359  -65.652  -7.065 0.0000000000
111502  7.555  -71.492  -17.386 0.0000000000
