#!ascii label  , from subject sub-v1s16x0051173_ses-1 vox2ras=TkReg
2613
67317  -55.155  15.175  51.297 0.6999999881
67949  -54.547  15.390  50.562 0.6999999881
66704  -55.308  14.089  51.340 0.8000000119
66132  -55.845  13.018  51.160 0.6999999881
68553  -55.391  16.356  50.363 0.6999999881
67968  -54.493  15.610  50.000 0.6999999881
67935  -55.594  16.153  51.030 0.6000000238
67948  -53.939  15.215  50.024 0.6999999881
67936  -56.376  15.732  51.599 0.6000000238
67335  -53.848  14.596  50.331 0.8000000119
67318  -56.213  14.692  51.723 0.5000000000
67336  -54.463  14.431  50.870 0.8000000119
66721  -53.928  13.699  50.478 0.8000000119
64439  -57.189  10.179  47.584 0.8999999762
63847  -57.211  9.725  47.905 0.8999999762
61944  -55.587  5.731  43.288 0.8000000119
68573  -55.225  16.076  49.608 0.6999999881
67967  -54.102  15.324  49.353 0.6999999881
67984  -54.069  15.198  48.354 0.6999999881
67361  -53.408  14.611  47.912 0.6999999881
66722  -54.745  13.388  50.879 0.6999999881
67346  -53.457  14.654  49.754 0.8000000119
67353  -53.304  14.679  48.890 0.8000000119
66141  -54.194  12.827  50.386 0.6999999881
98022  -53.372  13.988  50.143 0.8000000119
104129  -52.909  13.799  49.543 0.8000000119
67352  -52.659  13.896  48.505 0.6999999881
66726  -53.365  13.186  50.100 0.8000000119
65565  -53.561  12.308  49.798 0.6999999881
65573  -52.773  12.130  49.394 0.8000000119
65574  -54.384  11.681  49.468 0.6999999881
65581  -53.242  11.662  49.278 0.8000000119
64999  -55.255  11.323  49.033 0.8000000119
98665  -54.232  11.220  48.849 0.8999999762
65013  -56.013  10.571  47.666 0.8999999762
65012  -54.293  10.550  48.056 0.8999999762
65007  -56.915  10.475  47.475 0.8999999762
64446  -56.562  10.316  46.677 0.8999999762
64445  -55.163  10.049  47.050 0.8999999762
64447  -57.193  10.201  46.631 0.8999999762
63849  -56.306  8.343  47.342 0.8999999762
63850  -57.390  9.901  46.731 0.8999999762
63216  -55.291  7.311  47.427 0.8000000119
63230  -56.397  7.869  46.535 0.8000000119
61902  -53.519  5.301  47.761 0.8000000119
61237  -53.946  4.564  47.498 0.8000000119
60630  -54.485  3.897  47.291 0.8000000119
61249  -55.209  4.822  46.549 0.8999999762
61914  -55.862  5.421  45.927 0.8000000119
61937  -57.328  6.139  43.787 0.8000000119
62594  -55.276  6.625  43.622 0.8000000119
62582  -53.994  6.545  44.301 0.8000000119
67985  -54.975  15.650  48.760 0.6000000238
67986  -55.620  16.003  48.326 0.5000000000
104352  -54.911  15.511  47.945 0.6000000238
67360  -52.842  14.057  47.455 0.6999999881
102838  -52.494  13.215  49.085 0.8000000119
66150  -52.333  12.500  49.049 0.8999999762
65580  -52.321  11.724  48.854 1.0000000000
97151  -53.020  11.089  48.616 1.0000000000
63864  -57.357  9.108  46.444 0.8999999762
64461  -57.022  10.242  45.757 0.8999999762
62545  -54.798  6.246  47.150 0.8000000119
63865  -57.496  9.687  45.539 1.0000000000
62546  -55.692  6.934  46.693 0.8000000119
61903  -54.280  5.383  47.321 0.8000000119
62556  -55.664  6.273  46.303 0.8999999762
61238  -54.648  4.706  47.054 0.8000000119
61913  -55.016  5.474  46.764 0.8000000119
62573  -56.635  6.543  45.236 0.8999999762
63253  -57.354  7.849  43.822 0.8000000119
63252  -57.148  7.679  43.492 0.8000000119
63251  -56.405  8.210  43.713 0.8000000119
63243  -55.161  8.347  44.395 0.8999999762
62574  -57.394  6.876  44.063 0.8000000119
62583  -55.141  7.494  43.926 0.8000000119
62585  -57.219  6.713  43.339 0.8000000119
62584  -56.254  7.444  43.415 0.8000000119
61925  -52.873  5.914  44.888 0.8000000119
62600  -45.793  6.600  41.846 0.1000000015
61924  -51.877  5.724  45.328 0.6999999881
62606  -45.785  5.472  41.138 0.1000000015
61955  -45.990  4.311  40.189 0.2000000030
60694  -46.989  2.530  40.220 0.2000000030
61923  -50.919  5.601  45.532 0.6999999881
61293  -47.724  3.593  41.547 0.4000000060
61285  -47.887  4.059  42.682 0.5000000000
61262  -50.542  4.905  45.192 0.6999999881
67998  -55.828  15.947  47.722 0.6000000238
68006  -54.431  14.881  46.672 0.6999999881
67371  -53.601  14.552  47.016 0.6999999881
66728  -52.183  13.038  48.506 0.6999999881
66149  -51.823  12.291  48.497 0.8000000119
66741  -52.780  13.784  44.590 0.6999999881
66738  -52.501  13.712  45.917 0.6999999881
66740  -52.136  13.317  44.706 0.6999999881
65004  -52.006  11.066  48.305 1.0000000000
65011  -52.709  10.447  47.946 0.8999999762
64444  -53.599  9.835  47.286 0.8999999762
64460  -55.964  10.119  45.946 1.0000000000
64474  -56.641  9.979  45.107 1.0000000000
64462  -57.333  9.899  45.135 1.0000000000
63231  -57.444  8.599  45.254 0.8999999762
63876  -57.468  9.156  44.504 1.0000000000
62557  -56.537  7.275  45.804 0.8999999762
63884  -57.246  8.727  43.982 1.0000000000
62558  -57.312  7.657  44.636 0.8999999762
63885  -57.435  8.475  43.993 1.0000000000
62572  -54.090  7.492  44.632 0.8000000119
63256  -44.714  7.830  43.991 0.1000000015
62569  -51.360  6.358  45.736 0.8000000119
62571  -53.209  6.887  45.051 0.8000000119
63894  -45.746  8.542  43.061 0.1000000015
63257  -45.321  7.583  43.323 0.1000000015
92567  -45.489  6.885  42.673 0.1000000015
105714  -46.088  8.970  42.653 0.1000000015
63261  -45.844  7.585  42.479 0.1000000015
61922  -49.960  5.528  45.618 0.6999999881
63262  -46.218  7.335  41.511 0.2000000030
93890  -46.074  5.070  40.155 0.2000000030
61300  -46.551  3.415  39.429 0.3000000119
61956  -47.441  3.356  39.678 0.4000000060
61261  -49.635  4.886  45.180 0.6999999881
61271  -48.711  4.412  44.387 0.6000000238
61273  -50.229  4.229  44.722 0.6000000238
68612  -57.213  16.591  46.898 0.5000000000
68007  -55.360  15.180  46.424 0.6000000238
67380  -54.589  14.753  45.867 0.6999999881
94510  -53.788  14.473  46.214 0.6999999881
66731  -52.279  13.493  47.883 0.6999999881
66748  -52.982  13.874  43.846 0.6999999881
66734  -52.204  13.475  46.996 0.6999999881
66153  -51.319  12.161  47.899 0.8000000119
66763  -52.729  13.400  42.573 0.6999999881
105428  -52.417  13.474  44.102 0.6999999881
66733  -51.750  13.095  46.245 0.6999999881
95567  -51.467  12.697  47.123 0.6999999881
65579  -51.594  11.615  48.260 0.8999999762
66210  -52.930  12.122  40.695 0.6999999881
66203  -52.558  12.433  41.575 0.6999999881
66195  -52.250  12.758  42.472 0.6999999881
66181  -51.755  12.655  43.299 0.6999999881
66747  -51.876  13.004  44.054 0.8000000119
66160  -51.404  12.745  45.703 0.8000000119
65003  -51.378  11.082  47.956 1.0000000000
65643  -53.145  11.144  39.329 0.8000000119
66194  -51.685  12.222  42.716 0.8000000119
91411  -51.222  12.446  44.013 0.8000000119
66169  -51.401  12.750  44.884 0.8000000119
65010  -51.637  10.528  47.777 1.0000000000
64442  -51.116  9.940  47.348 1.0000000000
65655  -52.121  10.999  36.958 0.8000000119
65074  -53.021  10.553  38.876 0.8000000119
65638  -52.699  11.319  40.129 0.8000000119
65632  -52.342  11.573  41.101 0.8000000119
66202  -51.951  11.944  42.004 0.8000000119
65619  -51.196  12.074  43.271 0.8000000119
66168  -50.672  12.126  44.676 0.8000000119
64443  -52.211  9.804  47.378 1.0000000000
90118  -51.465  10.668  37.091 0.8000000119
88541  -51.510  11.391  36.909 0.8000000119
65084  -52.389  10.414  37.541 0.8000000119
65067  -52.598  10.434  39.603 0.8000000119
65637  -52.184  10.687  40.553 0.8000000119
92410  -51.575  11.020  41.603 0.8000000119
65627  -51.295  11.635  42.527 0.8000000119
66180  -50.661  11.884  43.904 0.8000000119
64459  -54.446  9.515  46.410 1.0000000000
66804  -50.205  12.875  37.643 0.8000000119
106715  -51.795  10.153  37.366 0.8000000119
65073  -52.644  10.006  39.059 0.8000000119
65066  -52.148  9.768  40.069 0.8000000119
65626  -50.792  10.953  42.426 0.8000000119
63863  -55.188  9.417  45.517 1.0000000000
64458  -53.045  9.239  46.673 1.0000000000
66220  -50.255  12.066  37.545 0.8000000119
64515  -52.336  9.578  38.891 0.8000000119
96227  -52.303  9.593  39.429 0.8000000119
63862  -53.861  8.876  45.940 1.0000000000
67453  -48.885  14.141  37.650 0.6000000238
65082  -51.153  9.944  37.326 0.6999999881
64504  -51.767  9.288  40.367 0.6999999881
63229  -53.364  8.121  45.643 1.0000000000
67452  -48.035  14.293  38.060 0.6000000238
66803  -49.438  13.359  38.107 0.6000000238
65648  -49.807  11.441  37.719 0.6999999881
65083  -51.994  9.764  37.973 0.6999999881
64514  -51.980  9.012  39.277 0.6999999881
64509  -51.943  9.070  39.792 0.6999999881
64508  -51.557  8.635  40.240 0.6999999881
64503  -51.158  9.248  41.075 0.6000000238
63875  -57.075  9.451  44.497 1.0000000000
63874  -55.885  9.292  44.649 1.0000000000
63873  -54.534  8.665  45.176 1.0000000000
94513  -50.462  10.700  37.330 0.6999999881
64527  -51.342  9.377  37.843 0.6999999881
63912  -51.693  8.401  39.590 0.6999999881
63903  -50.914  8.308  40.756 0.6000000238
64502  -50.335  8.837  41.639 0.6000000238
63890  -49.083  8.911  43.085 0.6000000238
63242  -54.053  8.036  44.999 1.0000000000
98261  -53.446  7.565  45.208 0.8999999762
66802  -48.607  13.752  38.476 0.6000000238
66219  -49.583  12.406  38.165 0.6999999881
103967  -50.183  9.981  37.402 0.6999999881
64526  -50.585  9.309  37.554 0.6999999881
63929  -51.067  8.778  38.168 0.6000000238
63897  -49.600  8.418  42.216 0.6000000238
63896  -48.907  7.989  42.816 0.6999999881
63258  -48.404  7.721  44.374 0.6999999881
63883  -56.449  8.899  44.141 0.8999999762
63241  -52.718  7.350  45.571 0.8999999762
66797  -48.951  12.997  38.724 0.5000000000
65642  -49.096  11.726  38.384 0.6000000238
90712  -49.120  10.919  37.964 0.6000000238
64525  -49.738  9.282  37.507 0.6000000238
63935  -50.087  8.440  37.686 0.6000000238
63918  -51.250  7.804  39.275 0.6000000238
63910  -50.645  7.475  40.341 0.5000000000
96128  -48.439  7.336  43.473 0.6999999881
100079  -48.627  11.930  39.182 0.5000000000
65076  -49.358  10.116  37.692 0.6000000238
88636  -50.009  7.669  37.976 0.5000000000
63276  -50.778  7.262  39.488 0.5000000000
96435  -49.944  7.011  40.761 0.5000000000
63263  -48.751  7.173  42.534 0.6000000238
65075  -48.691  10.286  38.242 0.6000000238
64519  -48.936  9.456  37.768 0.6000000238
63934  -49.226  8.557  37.620 0.5000000000
63291  -49.583  6.975  37.995 0.5000000000
63282  -50.039  6.687  38.743 0.5000000000
63269  -49.349  6.516  41.023 0.6000000238
62568  -50.383  6.233  45.940 0.8000000119
62570  -52.312  6.541  45.458 0.8000000119
63240  -51.806  7.142  45.882 0.8000000119
95920  -48.402  6.829  45.223 0.6999999881
62566  -48.699  6.343  45.606 0.6999999881
63249  -48.216  6.866  44.423 0.6999999881
103116  -48.123  6.477  43.604 0.6000000238
61933  -48.543  5.547  45.050 0.6000000238
63908  -46.792  7.941  40.165 0.3000000119
97884  -46.504  6.911  40.278 0.3000000119
62613  -46.443  5.383  39.463 0.3000000119
61305  -46.935  3.605  38.700 0.3000000119
61943  -48.002  5.190  43.479 0.6000000238
61932  -48.165  5.463  44.321 0.6000000238
63273  -46.904  6.944  39.273 0.3000000119
61260  -48.922  4.920  44.994 0.6000000238
92795  -56.399  15.708  46.217 0.5000000000
68017  -55.512  15.088  45.595 0.6999999881
90447  -56.575  16.749  48.337 0.5000000000
67386  -54.664  14.671  44.909 0.6000000238
67379  -53.834  14.381  45.431 0.6999999881
92486  -54.318  14.513  44.083 0.6999999881
105733  -53.244  14.161  45.858 0.6999999881
67370  -53.022  14.109  46.553 0.6999999881
67397  -53.856  14.205  42.789 0.6000000238
67388  -53.721  14.215  43.609 0.6000000238
67378  -53.072  14.016  45.241 0.6999999881
89610  -53.672  13.355  40.647 0.6000000238
66777  -53.272  13.723  42.139 0.6999999881
65583  -51.077  11.474  47.735 0.8000000119
65639  -53.265  11.846  39.789 0.6999999881
66211  -53.417  12.672  40.224 0.6999999881
66776  -52.753  13.109  41.981 0.6999999881
66156  -51.146  12.423  46.409 0.8000000119
66152  -50.971  11.985  47.221 0.8000000119
65009  -50.863  10.759  47.498 1.0000000000
66159  -50.751  12.173  45.637 0.8000000119
65582  -50.684  11.375  47.239 0.8999999762
65608  -50.273  11.622  44.444 0.8000000119
90376  -50.203  11.319  43.863 0.8000000119
91709  -50.483  9.293  46.950 0.8999999762
64457  -51.677  9.144  46.809 1.0000000000
65055  -50.314  10.242  42.497 0.6999999881
65617  -49.780  10.724  43.902 0.6999999881
63861  -52.674  8.584  46.312 1.0000000000
64496  -50.498  9.610  41.905 0.6999999881
99063  -49.455  10.173  43.908 0.6999999881
65041  -49.459  10.392  44.693 0.8000000119
64456  -49.185  9.402  46.117 0.8999999762
64495  -49.788  9.447  42.550 0.6000000238
64482  -49.114  9.725  44.288 0.6999999881
64473  -49.062  9.658  45.200 0.6999999881
63228  -52.280  7.881  46.059 1.0000000000
64488  -48.877  9.207  43.851 0.6999999881
67460  -46.462  14.623  37.490 0.5000000000
67461  -47.241  14.593  37.344 0.6000000238
63882  -48.507  8.343  44.876 0.8000000119
63239  -48.682  7.351  45.786 0.8000000119
67451  -47.228  14.512  38.201 0.5000000000
67459  -45.621  14.726  37.651 0.5000000000
67439  -47.805  14.090  38.851 0.5000000000
66796  -48.275  13.387  39.229 0.6000000238
67438  -47.006  14.324  39.136 0.5000000000
66788  -47.989  12.962  39.932 0.5000000000
66214  -48.509  12.643  39.318 0.5000000000
65647  -48.611  11.127  38.741 0.5000000000
95649  -48.601  8.834  37.892 0.5000000000
63927  -49.373  7.619  37.748 0.5000000000
62615  -49.475  6.053  38.851 0.6000000238
62555  -50.847  6.999  46.127 0.8000000119
65636  -48.214  11.405  39.673 0.4000000060
65072  -48.111  10.429  39.158 0.5000000000
64513  -48.351  9.561  38.415 0.5000000000
63926  -48.526  7.834  37.775 0.5000000000
63290  -48.608  6.640  37.771 0.5000000000
62622  -49.049  6.245  38.142 0.6000000238
62609  -49.549  6.166  39.962 0.6000000238
63917  -48.081  8.732  38.391 0.4000000060
61971  -47.429  4.468  38.340 0.3000000119
61962  -47.238  3.579  38.707 0.3000000119
61957  -48.122  4.516  40.000 0.5000000000
62601  -48.198  5.493  42.298 0.6000000238
99016  -46.711  6.062  39.152 0.3000000119
62619  -46.929  4.999  38.294 0.3000000119
61963  -47.899  4.408  38.482 0.3000000119
64507  -47.403  9.477  39.943 0.4000000060
63909  -47.110  8.740  40.045 0.4000000060
63274  -47.234  7.840  39.219 0.3000000119
63281  -47.521  6.624  38.261 0.3000000119
62620  -47.507  5.343  37.909 0.3000000119
68622  -57.633  16.730  45.952 0.5000000000
68018  -56.575  15.646  45.260 0.6000000238
68043  -55.242  14.889  43.967 0.6000000238
67389  -54.470  14.557  43.350 0.6000000238
66778  -53.747  13.811  41.374 0.6000000238
65649  -53.167  10.692  38.171 0.6999999881
92718  -50.229  11.516  46.076 0.8000000119
65019  -50.219  10.936  46.834 0.8999999762
65591  -49.826  10.910  45.993 0.8000000119
64441  -50.287  10.082  47.067 0.8000000119
105011  -49.692  10.880  45.246 0.8000000119
65031  -49.441  10.255  45.705 0.8000000119
65018  -49.731  10.162  46.506 0.8999999762
100601  -51.761  8.381  46.435 0.8999999762
92952  -49.705  9.392  46.732 0.8999999762
63859  -49.798  8.517  46.683 0.8999999762
63860  -50.859  8.493  46.631 0.8999999762
92808  -49.227  8.851  46.482 0.8000000119
64455  -48.864  8.605  46.094 0.8000000119
63858  -49.077  8.224  46.386 0.8000000119
63227  -50.343  7.710  46.453 0.8999999762
96834  -51.321  7.762  46.281 0.8999999762
67450  -46.221  14.547  38.524 0.5000000000
66795  -47.508  13.718  39.745 0.4000000060
68116  -44.793  15.865  36.577 0.5000000000
68108  -45.172  15.164  37.023 0.4000000060
67437  -46.352  14.325  39.419 0.5000000000
65635  -47.776  11.725  40.517 0.4000000060
66787  -47.440  13.134  40.372 0.4000000060
65071  -47.672  10.116  39.836 0.4000000060
64512  -47.793  9.535  39.120 0.4000000060
63289  -48.103  6.866  37.752 0.5000000000
104807  -48.254  5.797  37.762 0.5000000000
61972  -48.021  4.812  37.987 0.5000000000
62602  -48.481  5.585  41.508 0.6000000238
66786  -46.879  13.570  40.388 0.4000000060
66208  -47.628  12.505  40.549 0.4000000060
65065  -47.771  10.858  40.202 0.4000000060
63925  -47.798  7.789  38.308 0.5000000000
61979  -47.914  5.196  37.820 0.4000000060
65060  -47.350  10.221  40.670 0.4000000060
63916  -47.531  8.719  39.171 0.4000000060
68109  -45.940  14.846  36.842 0.5000000000
63225  -48.918  7.644  46.221 0.8000000119
63268  -48.848  6.489  41.754 0.6000000238
62553  -49.072  6.982  46.183 0.8000000119
63226  -49.468  7.653  46.424 0.8000000119
62621  -48.520  5.490  38.038 0.5000000000
62608  -48.778  5.556  40.330 0.6000000238
62554  -49.880  6.921  46.276 0.8000000119
66147  -52.822  12.805  49.575 0.8000000119
65005  -55.559  10.993  48.442 0.8000000119
101659  -57.360  10.072  45.855 0.8999999762
104830  -57.122  9.267  47.353 0.8999999762
63244  -57.544  8.510  44.237 0.8999999762
61263  -51.443  5.009  45.084 0.6999999881
62607  -46.126  6.181  40.790 0.1000000015
60698  -46.933  3.056  39.390 0.3000000119
60687  -47.587  2.450  41.261 0.3000000119
94993  -47.724  3.869  41.085 0.4000000060
61270  -48.206  4.575  43.798 0.6000000238
66730  -51.770  12.897  47.874 0.6999999881
66742  -53.621  14.227  44.528 0.6999999881
62567  -49.446  6.208  45.974 0.6999999881
61921  -49.134  5.533  45.497 0.6999999881
63900  -46.548  8.077  41.148 0.3000000119
61961  -46.406  4.172  39.218 0.3000000119
61949  -47.959  4.727  42.348 0.6000000238
65061  -50.959  10.222  41.720 0.8000000119
63911  -51.314  7.877  39.967 0.5000000000
63902  -50.173  7.891  41.310 0.6000000238
64489  -49.312  9.643  43.457 0.6000000238
63889  -48.629  8.420  43.863 0.6999999881
63250  -48.432  7.539  45.105 0.6999999881
63264  -49.373  7.377  41.822 0.5000000000
62581  -48.214  6.168  44.820 0.6000000238
62592  -47.986  5.751  43.183 0.6000000238
62580  -47.900  6.003  44.035 0.6000000238
61970  -46.770  4.278  38.506 0.3000000119
61950  -48.064  4.666  41.263 0.5000000000
68031  -55.645  15.066  44.810 0.6000000238
66155  -50.605  11.764  46.595 0.8000000119
65048  -49.771  10.216  43.233 0.6999999881
64481  -48.706  9.098  44.613 0.8000000119
63857  -48.787  7.996  46.082 0.8000000119
57057  -58.303  -1.912  48.313 0.2000000030
56335  -58.799  -2.530  47.129 0.2000000030
56350  -59.679  -2.337  46.742 0.2000000030
57080  -60.235  -2.166  45.578 0.2000000030
56348  -58.343  -3.250  46.332 0.2000000030
56362  -59.654  -3.183  45.384 0.2000000030
57086  -59.996  -2.041  45.072 0.2000000030
56368  -59.697  -2.827  45.049 0.2000000030
57084  -58.940  -2.184  45.151 0.2000000030
57085  -59.795  -1.802  44.960 0.2000000030
57079  -57.739  -2.389  45.458 0.2000000030
57031  -59.221  -0.721  50.021 0.2000000030
57044  -57.948  -1.451  49.517 0.2000000030
57058  -59.269  -1.551  47.964 0.2000000030
57069  -60.110  -1.883  46.572 0.2000000030
57820  -60.201  -0.851  45.104 0.2000000030
57819  -60.063  -0.665  44.760 0.2000000030
57812  -57.251  -0.921  45.670 0.3000000119
57813  -58.235  -0.714  45.351 0.3000000119
57762  -60.554  -0.403  51.026 0.2000000030
57778  -60.541  -0.545  49.919 0.2000000030
57790  -60.011  -0.661  48.916 0.2000000030
57791  -60.434  -0.371  48.831 0.2000000030
57804  -60.040  -0.646  47.585 0.2000000030
57814  -60.242  -0.837  46.188 0.2000000030
58532  -54.886  0.397  45.323 0.3000000119
57811  -56.513  -0.203  45.708 0.3000000119
58533  -56.123  0.579  45.113 0.3000000119
58523  -57.864  0.256  45.131 0.3000000119
57818  -59.304  -0.585  44.959 0.2000000030
57748  -59.923  -0.648  53.395 0.3000000119
57758  -60.559  -0.238  52.058 0.3000000119
57751  -59.898  -0.654  52.596 0.3000000119
107726  -47.747  0.762  44.927 0.1000000015
59305  -48.914  0.630  44.406 0.1000000015
57763  -61.218  -0.133  50.323 0.2000000030
57779  -61.168  -0.279  49.684 0.2000000030
58542  -50.351  0.599  44.315 0.1000000015
58544  -52.525  0.753  43.984 0.3000000119
58479  -61.160  -0.087  49.446 0.2000000030
58545  -53.434  0.846  44.217 0.3000000119
95530  -55.036  1.368  43.831 0.3000000119
58547  -55.627  0.957  44.395 0.3000000119
59296  -60.077  1.971  43.660 0.3000000119
58525  -60.322  0.607  45.321 0.3000000119
59294  -57.203  1.289  43.861 0.4000000060
98429  -57.770  1.149  44.236 0.4000000060
99847  -59.394  0.789  44.088 0.3000000119
58535  -60.185  0.418  44.393 0.3000000119
57742  -57.969  0.209  55.514 0.3000000119
57744  -59.792  -0.693  54.715 0.3000000119
57743  -59.072  -0.095  55.253 0.3000000119
57015  -59.932  -1.212  54.274 0.3000000119
58431  -59.633  -0.076  54.429 0.3000000119
57749  -60.030  -0.692  54.019 0.3000000119
58444  -60.056  -0.102  53.533 0.3000000119
57014  -59.779  -1.282  53.892 0.3000000119
58453  -59.993  0.432  52.425 0.3000000119
57753  -60.660  -0.148  52.032 0.3000000119
57752  -60.386  -0.288  52.645 0.3000000119
58465  -60.993  -0.126  51.181 0.2000000030
58467  -61.211  0.177  50.245 0.2000000030
59213  -59.915  1.320  49.660 0.2000000030
58478  -60.765  0.546  49.476 0.2000000030
58541  -49.530  0.551  43.896 0.1000000015
59229  -59.647  1.714  48.646 0.2000000030
59307  -52.987  1.296  43.261 0.3000000119
58494  -60.133  0.441  48.474 0.2000000030
59318  -50.581  0.883  42.680 0.3000000119
59306  -52.001  0.990  42.987 0.3000000119
59308  -54.022  1.421  43.548 0.3000000119
92443  -59.797  1.756  47.200 0.2000000030
59333  -50.847  1.448  42.483 0.3000000119
59320  -52.516  1.781  42.625 0.3000000119
59321  -53.501  2.050  42.882 0.3000000119
59309  -56.423  1.609  43.454 0.3000000119
59283  -60.317  2.566  44.562 0.3000000119
59267  -60.335  2.036  45.562 0.3000000119
100539  -59.082  1.634  43.618 0.3000000119
58430  -58.627  0.569  54.970 0.3000000119
59966  -54.439  3.123  47.710 0.8000000119
96570  -55.150  2.737  47.735 0.8000000119
59956  -55.600  2.273  48.142 0.4000000060
59245  -57.342  1.955  48.182 0.3000000119
90326  -58.155  1.989  48.690 0.3000000119
59227  -58.914  2.387  49.330 0.2000000030
58466  -60.036  0.986  50.481 0.3000000119
58464  -60.017  0.689  51.395 0.3000000119
59967  -55.967  2.589  47.342 0.6000000238
59968  -56.649  2.165  47.699 0.4000000060
59212  -59.109  2.161  49.907 0.2000000030
60644  -55.133  4.100  46.737 0.6999999881
60631  -55.283  3.271  47.130 0.6999999881
59247  -59.102  2.348  48.554 0.2000000030
59228  -59.158  2.219  49.218 0.2000000030
59979  -56.232  2.864  46.594 0.6999999881
59264  -57.802  2.199  46.884 0.4000000060
59246  -58.798  2.449  47.546 0.2000000030
60645  -55.903  3.517  46.274 0.6999999881
59980  -57.212  2.384  46.357 0.4000000060
92452  -59.260  2.299  47.239 0.2000000030
61265  -56.440  4.754  45.189 0.6999999881
60654  -56.532  3.749  45.378 0.6999999881
60646  -57.162  2.805  45.347 0.6000000238
59281  -58.340  2.406  45.444 0.4000000060
59265  -59.509  2.719  45.688 0.3000000119
61926  -56.832  5.814  44.760 0.6999999881
59322  -54.914  2.101  43.251 0.4000000060
59981  -58.623  2.442  44.244 0.4000000060
59266  -60.099  2.557  45.613 0.2000000030
60004  -51.050  2.160  42.699 0.4000000060
99228  -52.093  2.328  42.655 0.3000000119
60006  -53.004  2.557  42.540 0.4000000060
60007  -54.124  2.725  42.734 0.5000000000
60009  -56.425  2.830  42.460 0.6000000238
59993  -58.432  2.222  42.924 0.5000000000
59987  -58.594  2.340  43.524 0.4000000060
60677  -52.582  3.034  42.755 0.5000000000
106782  -54.236  3.167  42.838 0.5000000000
60680  -56.379  3.713  42.456 0.6000000238
58534  -58.558  2.073  43.618 0.4000000060
60664  -53.061  3.788  43.401 0.6000000238
60679  -55.074  3.777  43.096 0.6000000238
61286  -55.934  4.779  42.824 0.6000000238
61275  -52.639  4.484  44.247 0.6000000238
97510  -53.590  4.755  43.848 0.6000000238
61277  -54.721  4.743  43.430 0.6000000238
97573  -51.913  4.510  44.607 0.6000000238
59176  -58.415  1.665  53.771 0.3000000119
59177  -58.999  0.843  53.230 0.3000000119
58443  -59.031  0.591  54.130 0.3000000119
59188  -58.687  1.705  52.512 0.3000000119
59955  -54.636  2.425  48.261 0.5000000000
59226  -57.053  1.686  49.085 0.3000000119
102854  -58.033  1.949  49.432 0.3000000119
59211  -58.508  2.218  50.137 0.3000000119
59202  -58.869  1.907  51.396 0.3000000119
96407  -59.231  1.842  50.585 0.3000000119
101357  -57.170  4.093  44.408 0.6999999881
102521  -57.243  5.195  44.135 0.6999999881
60655  -57.714  3.062  44.363 0.6000000238
62586  -57.257  5.874  42.946 0.6999999881
61289  -57.836  4.018  42.557 0.6000000238
60666  -58.308  3.339  42.669 0.6000000238
62595  -56.615  6.729  43.095 0.6999999881
61945  -56.792  5.737  42.774 0.6999999881
61288  -57.422  4.510  42.481 0.6000000238
61295  -57.799  3.779  42.299 0.6000000238
61936  -54.375  5.685  43.803 0.6999999881
61287  -56.960  4.771  42.414 0.6000000238
61935  -53.531  5.610  44.293 0.6999999881
61264  -52.287  5.113  44.836 0.6000000238
98524  -58.432  3.095  54.085 0.3000000119
59169  -58.043  1.996  54.848 0.3000000119
94733  -58.302  1.162  54.722 0.3000000119
61900  -52.774  5.240  48.209 0.6999999881
61235  -53.205  4.446  47.930 0.6999999881
60629  -53.728  3.702  47.757 0.6999999881
59244  -56.238  1.843  48.657 0.3000000119
63212  -53.597  7.145  48.474 0.8000000119
62541  -53.256  6.167  48.167 0.8000000119
62544  -53.955  5.951  47.636 0.6999999881
62542  -54.198  6.668  47.866 0.6999999881
63213  -54.577  7.507  48.232 0.8000000119
63214  -55.485  7.980  47.995 0.8000000119
59187  -58.556  2.950  52.808 0.3000000119
90071  -58.589  2.402  50.641 0.3000000119
59925  -58.535  2.994  51.784 0.3000000119
60623  -52.979  3.588  48.186 0.6999999881
92575  -53.615  2.787  48.257 0.6999999881
62540  -52.370  6.010  48.602 0.6999999881
59243  -55.154  1.807  48.867 0.3000000119
62537  -52.708  6.876  48.750 0.8000000119
63845  -55.144  8.231  48.649 0.6999999881
107226  -57.024  10.411  48.108 0.6999999881
63843  -56.871  9.411  48.732 0.6999999881
65006  -56.629  10.765  48.200 0.6999999881
59914  -58.934  4.492  53.302 0.3000000119
61198  -55.326  6.404  54.293 0.3000000119
61188  -54.759  6.637  54.904 0.3000000119
59225  -55.942  1.391  49.546 0.3000000119
59210  -57.188  1.611  49.858 0.3000000119
61899  -52.029  5.117  48.626 0.8000000119
61234  -52.499  4.353  48.349 0.6999999881
63208  -52.220  7.447  49.373 0.6999999881
63209  -53.135  7.668  49.128 0.6999999881
63841  -54.803  8.493  49.418 0.6999999881
63842  -56.013  8.780  49.163 0.6999999881
64437  -57.139  10.094  48.571 0.6999999881
60597  -58.201  5.034  52.363 0.3000000119
60598  -58.721  5.070  52.765 0.3000000119
61199  -56.156  6.043  53.696 0.3000000119
61211  -58.517  5.861  53.265 0.3000000119
60587  -55.040  5.155  53.338 0.3000000119
61874  -56.354  6.638  54.561 0.3000000119
59924  -58.586  4.151  52.210 0.3000000119
89874  -53.851  5.354  54.480 0.3000000119
59201  -58.299  2.747  50.910 0.3000000119
59935  -58.304  3.332  51.433 0.3000000119
62536  -52.055  6.673  48.994 0.8000000119
63839  -52.813  8.083  49.836 0.6999999881
63840  -53.726  8.308  49.618 0.6999999881
63833  -54.478  8.750  50.183 0.6999999881
64435  -55.692  8.925  49.933 0.6999999881
64428  -56.258  9.675  50.067 0.6999999881
64429  -56.818  10.253  49.400 0.6999999881
65000  -56.329  11.111  48.892 0.6999999881
67411  -54.571  14.346  41.478 0.5000000000
67398  -54.725  14.618  42.435 0.5000000000
60604  -58.359  4.276  51.940 0.3000000119
107668  -57.549  1.957  50.537 0.3000000119
59242  -54.074  1.951  48.897 0.5000000000
63200  -52.045  7.983  50.101 0.8000000119
63831  -52.561  8.456  50.401 0.6999999881
64420  -53.642  9.504  51.592 0.6999999881
64426  -54.063  9.071  50.891 0.6999999881
64421  -54.670  9.663  51.242 0.6999999881
64993  -55.741  9.992  50.765 0.6000000238
65557  -56.903  11.444  51.301 0.6000000238
65547  -57.362  12.259  51.535 0.6000000238
67319  -57.237  14.121  52.113 0.6000000238
67937  -57.224  15.196  52.212 0.5000000000
65577  -56.678  11.041  49.799 0.6999999881
64994  -56.568  10.530  50.166 0.6999999881
65558  -57.347  11.924  50.994 0.6000000238
66706  -57.298  13.082  51.887 0.6000000238
65001  -56.784  10.607  48.891 0.6999999881
65576  -56.620  11.202  49.623 0.6000000238
66143  -56.784  12.171  50.593 0.6000000238
65575  -55.697  11.531  49.504 0.6000000238
65566  -54.851  12.124  49.986 0.6000000238
66226  -50.996  12.266  37.036 0.6999999881
65657  -53.743  11.258  37.868 0.5000000000
96673  -53.664  11.605  39.131 0.6000000238
103166  -54.544  12.495  39.028 0.5000000000
68044  -56.318  15.272  43.194 0.4000000060
90520  -54.930  13.838  39.939 0.5000000000
67424  -55.317  14.437  40.595 0.5000000000
67390  -55.219  14.868  43.110 0.5000000000
67399  -55.697  14.979  42.517 0.4000000060
68052  -56.806  15.397  42.156 0.5000000000
68053  -58.136  16.377  41.691 0.5000000000
99741  -56.415  1.386  50.477 0.3000000119
59209  -55.350  1.192  50.290 0.3000000119
62528  -50.961  7.180  49.822 0.8000000119
59954  -53.093  2.149  48.909 0.5000000000
60622  -52.329  3.559  48.568 0.6999999881
91664  -52.722  2.889  48.558 0.6999999881
61894  -51.616  5.960  49.043 0.8000000119
62535  -51.525  6.914  49.338 0.8000000119
63825  -51.960  8.857  51.696 0.8000000119
63830  -51.943  8.445  50.822 0.8000000119
63207  -51.585  7.518  49.799 0.8000000119
64410  -52.737  9.852  52.867 0.6999999881
63819  -51.908  9.268  52.689 0.6999999881
64419  -52.736  9.395  52.043 0.8000000119
64411  -53.442  9.915  52.348 0.8000000119
64972  -53.469  10.355  53.046 0.6999999881
64973  -54.021  10.363  52.553 0.8000000119
64974  -54.831  10.640  52.269 0.6999999881
65530  -57.282  12.303  52.783 0.6999999881
67302  -58.020  14.002  52.956 0.6999999881
65545  -56.719  11.563  52.240 0.6000000238
66707  -57.448  12.733  52.084 0.6000000238
105052  -56.748  16.655  51.427 0.5000000000
68554  -56.775  17.413  50.788 0.5000000000
68633  -58.356  17.523  44.279 0.3000000119
68646  -58.202  16.912  43.644 0.4000000060
93489  -58.186  16.786  42.718 0.4000000060
68033  -57.741  16.495  44.620 0.4000000060
68045  -57.515  16.008  43.531 0.4000000060
66811  -50.656  13.316  37.081 0.6000000238
66227  -52.244  11.847  36.559 0.5000000000
68032  -56.479  15.444  44.246 0.5000000000
93210  -57.463  15.853  42.677 0.4000000060
68068  -58.265  16.355  40.663 0.3000000119
66229  -54.376  11.797  37.463 0.5000000000
66789  -54.172  13.151  39.823 0.5000000000
67425  -56.798  15.005  40.384 0.5000000000
68067  -57.491  15.552  41.088 0.5000000000
59200  -57.127  2.136  51.109 0.3000000119
59934  -57.972  3.493  51.262 0.3000000119
61228  -51.296  3.859  49.149 0.6000000238
62534  -50.980  6.338  49.445 0.8000000119
107247  -51.116  5.693  49.247 0.8000000119
61233  -51.860  4.199  48.760 0.8000000119
104975  -52.181  3.002  48.776 0.6999999881
59224  -54.685  1.397  49.605 0.5000000000
63191  -50.167  7.603  52.215 0.6000000238
63194  -50.476  7.712  51.274 0.8000000119
63192  -50.707  8.083  51.975 0.8000000119
63198  -50.499  7.380  50.420 0.8000000119
63824  -51.226  8.298  51.381 0.8000000119
64399  -52.195  9.747  53.535 0.6999999881
64960  -52.921  10.250  53.668 0.6999999881
64953  -53.174  10.629  54.522 0.6999999881
64961  -53.693  10.740  53.834 0.6999999881
65527  -54.411  11.184  53.969 0.6999999881
65529  -56.290  11.794  53.243 0.6999999881
66102  -57.617  12.864  52.925 0.6999999881
89354  -55.950  11.991  54.186 0.6000000238
66093  -56.422  12.450  54.618 0.6999999881
66674  -57.795  13.478  53.318 0.6999999881
67927  -58.007  14.788  53.080 0.5000000000
68535  -57.049  17.236  51.617 0.5000000000
69227  -57.397  18.596  48.171 0.4000000060
68574  -56.687  17.570  49.764 0.4000000060
68593  -57.474  17.699  48.028 0.4000000060
68623  -58.289  17.531  45.316 0.3000000119
68647  -58.374  17.697  43.147 0.3000000119
68675  -58.290  17.055  40.504 0.3000000119
66824  -57.546  14.839  36.493 0.2000000030
68078  -57.906  15.709  40.209 0.4000000060
66235  -53.966  12.346  36.711 0.3000000119
66821  -53.641  13.255  36.012 0.3000000119
92506  -54.513  13.078  36.345 0.3000000119
66822  -55.625  13.309  36.338 0.3000000119
96931  -56.578  13.491  36.448 0.3000000119
66815  -57.534  14.231  37.086 0.4000000060
67442  -57.739  15.200  38.745 0.2000000030
66230  -55.294  12.214  37.616 0.4000000060
66805  -56.256  12.741  37.516 0.4000000060
98589  -56.992  13.429  37.520 0.4000000060
67441  -57.522  14.575  38.526 0.3000000119
67426  -57.766  15.257  39.417 0.4000000060
66798  -55.203  13.242  39.127 0.5000000000
67440  -56.195  14.304  39.462 0.4000000060
63199  -51.219  7.861  50.480 0.8000000119
63806  -51.111  9.019  53.925 0.6999999881
63818  -51.155  8.813  53.128 0.6999999881
90096  -51.217  8.618  52.257 0.8000000119
64398  -51.596  9.310  53.487 0.6999999881
64392  -51.683  9.598  54.299 0.6000000238
64945  -52.689  10.528  55.324 0.4000000060
104037  -53.399  10.994  55.283 0.5000000000
65516  -54.012  11.274  54.758 0.6000000238
65509  -55.756  12.160  55.135 0.5000000000
66094  -56.975  12.825  54.384 0.5000000000
106440  -57.680  14.771  53.705 0.4000000060
67912  -57.643  15.548  53.099 0.3000000119
69163  -57.063  17.559  51.660 0.4000000060
69207  -56.963  19.007  49.302 0.4000000060
69831  -57.608  18.617  47.247 0.3000000119
68515  -57.043  16.338  53.212 0.3000000119
104520  -56.989  17.569  52.109 0.3000000119
69242  -57.729  18.267  47.496 0.3000000119
68613  -58.028  17.638  46.833 0.3000000119
69276  -58.317  17.970  44.091 0.3000000119
65506  -53.253  11.091  56.083 0.4000000060
65507  -54.008  11.464  55.838 0.4000000060
65508  -54.861  11.801  55.517 0.5000000000
65498  -55.569  12.246  56.147 0.4000000060
67277  -56.407  14.433  55.000 0.3000000119
67908  -56.621  15.257  54.377 0.3000000119
69149  -56.694  17.301  52.818 0.3000000119
69169  -56.862  18.221  51.544 0.4000000060
69818  -56.745  19.157  48.982 0.3000000119
69830  -57.000  18.988  47.724 0.3000000119
69847  -57.078  18.493  45.516 0.3000000119
65487  -54.546  11.900  57.463 0.4000000060
66648  -55.337  13.483  57.538 0.1000000015
65497  -54.794  11.854  56.590 0.4000000060
66649  -55.878  13.160  56.648 0.3000000119
67902  -55.493  15.217  55.247 0.1000000015
68508  -55.370  16.142  54.861 0.2000000030
66079  -55.840  12.613  56.443 0.3000000119
89732  -56.209  13.698  55.708 0.3000000119
68514  -55.898  17.158  53.704 0.3000000119
69788  -55.963  19.167  51.395 0.3000000119
67269  -54.824  14.570  57.033 0.1000000015
67276  -54.820  15.131  56.193 0.2000000030
68503  -54.759  16.208  55.853 0.1000000015
69755  -54.405  19.536  55.569 0.2000000030
70273  -54.632  20.348  54.822 0.2000000030
68507  -54.627  17.296  55.758 0.2000000030
101455  -54.676  18.956  55.320 0.2000000030
70274  -55.191  20.622  54.207 0.2000000030
69142  -55.071  18.170  54.591 0.3000000119
70280  -55.454  20.510  53.075 0.3000000119
70297  -55.313  20.194  51.544 0.3000000119
89329  -54.447  16.388  56.753 0.2000000030
69751  -54.156  19.148  55.914 0.2000000030
66705  -56.458  13.597  51.613 0.6000000238
66142  -55.395  12.541  50.538 0.6000000238
68592  -56.039  16.645  48.972 0.4000000060
61250  -55.744  4.395  46.071 0.6999999881
61934  -52.968  5.160  44.475 0.6000000238
61274  -51.170  4.301  44.662 0.6000000238
68604  -57.668  17.419  47.436 0.4000000060
65650  -53.633  11.233  38.595 0.6000000238
65656  -52.902  11.065  37.289 0.6000000238
66810  -49.851  13.724  37.468 0.6999999881
69226  -57.176  18.201  48.845 0.4000000060
104268  -53.852  12.262  39.416 0.5000000000
57045  -59.112  -0.995  49.078 0.2000000030
57059  -59.788  -1.158  47.759 0.2000000030
58546  -54.442  0.852  44.421 0.3000000119
100704  -60.217  0.817  44.084 0.3000000119
57757  -59.353  -0.625  51.736 0.2000000030
59291  -48.562  0.795  45.166 0.1000000015
58553  -50.168  0.609  43.203 0.1000000015
58543  -51.792  0.648  43.925 0.3000000119
58509  -59.995  0.563  46.843 0.2000000030
58524  -60.451  1.862  44.303 0.3000000119
58554  -51.094  0.664  43.340 0.3000000119
59319  -51.268  1.020  42.677 0.3000000119
60005  -51.650  1.599  42.527 0.3000000119
59323  -56.422  2.228  42.845 0.6000000238
59310  -57.613  2.029  42.943 0.5000000000
59282  -59.616  2.526  43.914 0.4000000060
59295  -58.151  1.931  43.145 0.4000000060
58429  -57.723  1.003  55.125 0.3000000119
60008  -55.365  2.641  42.900 0.4000000060
60678  -53.445  3.123  42.668 0.5000000000
60010  -57.802  2.622  42.464 0.6000000238
100701  -55.218  3.039  42.828 0.5000000000
60011  -58.304  2.824  42.396 0.6000000238
60676  -51.558  2.865  43.155 0.5000000000
60020  -57.446  3.232  42.144 0.6000000238
60663  -51.999  3.740  43.908 0.6000000238
60662  -50.901  3.547  44.048 0.6000000238
61276  -54.016  3.823  43.180 0.6000000238
60665  -58.008  3.308  43.552 0.6000000238
61938  -57.424  5.672  43.208 0.6999999881
61278  -57.703  4.439  43.245 0.6000000238
95531  -57.819  2.346  43.337 0.5000000000
62596  -57.136  6.392  43.036 0.6999999881
61946  -57.224  5.443  42.697 0.6999999881
61947  -57.435  5.067  42.750 0.6999999881
59994  -57.774  2.316  42.920 0.6000000238
60021  -58.269  3.062  42.104 0.6000000238
63846  -56.368  8.749  48.208 0.8000000119
63210  -54.089  7.918  48.899 0.6999999881
64436  -56.643  9.486  49.380 0.6999999881
87905  -54.305  5.249  53.917 0.3000000119
61210  -57.173  5.538  53.006 0.3000000119
61200  -57.459  6.260  53.893 0.3000000119
64427  -55.200  9.253  50.576 0.6999999881
67412  -55.801  14.943  41.551 0.5000000000
63832  -53.386  8.639  50.332 0.6999999881
63826  -52.892  8.896  51.128 0.6999999881
64985  -55.253  10.326  51.505 0.6999999881
64984  -54.267  10.054  51.936 0.6999999881
64986  -56.279  10.763  50.953 0.6000000238
64987  -56.818  11.386  50.516 0.6000000238
64975  -55.959  10.931  51.819 0.6999999881
65546  -57.444  11.964  51.759 0.6000000238
66117  -57.448  12.541  52.265 0.6000000238
66133  -56.937  12.620  51.330 0.6000000238
66686  -57.666  13.576  52.509 0.6000000238
67926  -57.658  15.494  52.647 0.5000000000
65568  -56.946  11.663  50.389 0.6000000238
65559  -57.349  12.083  50.977 0.6000000238
65567  -56.292  11.806  50.036 0.6000000238
66228  -53.422  11.652  36.985 0.5000000000
66216  -54.241  11.864  38.679 0.5000000000
66222  -55.255  12.383  38.299 0.5000000000
66221  -54.467  11.731  38.161 0.4000000060
64962  -54.381  10.858  53.130 0.6999999881
65544  -55.515  11.213  52.714 0.6000000238
66687  -57.671  13.186  52.715 0.6999999881
104167  -57.919  14.215  53.353 0.6999999881
68536  -57.250  16.210  52.028 0.3000000119
69257  -58.333  18.166  45.750 0.3000000119
66812  -51.548  13.098  36.455 0.6000000238
66234  -53.116  12.340  36.435 0.4000000060
66799  -56.467  13.445  38.290 0.4000000060
59953  -52.358  2.463  49.012 0.5000000000
64952  -52.431  10.132  54.365 0.6000000238
65528  -55.216  11.452  53.630 0.6999999881
65518  -56.855  12.385  53.819 0.6999999881
65517  -54.990  11.680  54.528 0.6000000238
66665  -57.472  13.395  54.102 0.5000000000
66666  -57.780  13.987  53.712 0.5000000000
104405  -57.191  16.573  52.359 0.3000000119
92227  -57.165  18.045  51.015 0.5000000000
69188  -56.913  18.592  50.186 0.4000000060
69208  -57.069  19.072  48.569 0.4000000060
67454  -57.835  14.901  37.782 0.3000000119
66236  -55.016  12.409  36.935 0.4000000060
64944  -52.634  10.719  56.205 0.5000000000
64951  -52.039  10.034  55.008 0.4000000060
66088  -56.267  12.660  55.352 0.5000000000
66657  -56.840  13.101  54.815 0.4000000060
67286  -57.571  14.060  54.134 0.4000000060
68509  -57.226  15.605  53.611 0.3000000119
67285  -57.187  14.451  54.405 0.3000000119
69256  -58.090  18.301  46.487 0.3000000119
69823  -56.912  19.201  48.479 0.3000000119
69162  -56.268  18.237  52.514 0.4000000060
65496  -53.919  11.547  56.858 0.3000000119
66656  -56.348  13.089  55.624 0.3000000119
91838  -56.269  16.214  53.976 0.3000000119
69148  -55.658  18.182  53.544 0.3000000119
101575  -56.760  18.580  50.672 0.4000000060
88820  -56.412  19.075  49.875 0.3000000119
69840  -56.731  18.615  46.596 0.2000000030
66067  -54.877  12.296  57.801 0.2000000030
66068  -55.481  12.711  57.388 0.2000000030
66078  -55.279  12.228  57.088 0.3000000119
67270  -55.615  13.955  56.570 0.1000000015
106777  -55.706  14.444  55.711 0.2000000030
93901  -55.224  17.196  54.717 0.3000000119
69805  -55.883  19.287  50.730 0.3000000119
70288  -55.504  20.307  52.103 0.3000000119
69774  -55.858  19.206  52.250 0.3000000119
69756  -54.995  19.394  54.673 0.3000000119
69763  -55.513  19.315  53.356 0.3000000119
102407  -59.219  -5.336  57.767 0.2000000030
53268  -59.743  -6.099  57.417 0.2000000030
93743  -60.057  -6.917  57.237 0.2000000030
53286  -60.117  -6.604  56.989 0.2000000030
54104  -59.800  -5.644  56.956 0.2000000030
53294  -59.271  -6.304  56.332 0.2000000030
54820  -59.147  -4.429  57.564 0.2000000030
54083  -59.552  -4.952  57.205 0.2000000030
54838  -59.593  -4.845  56.690 0.2000000030
54837  -57.690  -4.268  57.460 0.2000000030
54819  -58.347  -4.805  57.748 0.2000000030
54821  -59.460  -4.109  57.157 0.2000000030
54118  -59.280  -5.172  56.321 0.2000000030
54855  -58.348  -4.694  55.620 0.2000000030
55563  -58.717  -3.782  55.466 0.2000000030
55574  -58.243  -3.132  54.910 0.2000000030
54867  -57.545  -4.104  54.822 0.1000000015
55573  -57.252  -3.212  54.340 0.2000000030
54871  -56.423  -4.006  54.161 0.2000000030
55562  -56.146  -2.986  56.114 0.2000000030
56272  -55.518  -2.595  55.525 0.2000000030
103560  -56.896  -2.659  56.395 0.2000000030
55542  -56.849  -3.325  56.625 0.2000000030
55543  -57.623  -3.551  57.251 0.2000000030
56259  -57.614  -2.740  56.991 0.2000000030
55545  -59.508  -3.485  56.835 0.2000000030
54856  -59.355  -4.247  56.149 0.2000000030
55564  -59.453  -3.452  55.798 0.2000000030
55575  -59.162  -3.075  55.269 0.2000000030
55577  -55.291  -3.843  53.146 0.1000000015
55578  -55.891  -3.588  53.473 0.1000000015
56288  -56.263  -2.881  53.173 0.1000000015
55579  -56.558  -3.235  53.787 0.2000000030
55592  -55.078  -3.098  50.946 0.1000000015
54875  -54.230  -4.376  52.164 0.1000000015
54881  -53.676  -4.169  50.537 0.1000000015
56273  -56.434  -2.229  55.913 0.2000000030
56996  -55.815  -1.771  55.162 0.2000000030
56997  -56.846  -1.408  55.709 0.2000000030
56274  -57.493  -1.969  56.458 0.2000000030
55544  -58.410  -3.057  57.357 0.2000000030
56260  -58.436  -2.223  57.064 0.2000000030
105570  -59.492  -2.948  56.658 0.2000000030
56275  -59.541  -2.604  55.580 0.2000000030
56261  -59.478  -2.498  56.382 0.2000000030
56285  -59.648  -1.966  55.020 0.2000000030
56284  -59.190  -2.415  54.726 0.2000000030
94700  -58.051  -2.582  54.388 0.2000000030
56283  -58.821  -1.925  53.936 0.2000000030
56282  -57.282  -2.488  53.691 0.2000000030
55585  -55.290  -3.191  51.914 0.1000000015
55582  -55.547  -3.298  52.787 0.1000000015
56293  -55.958  -2.675  52.341 0.1000000015
56290  -57.895  -1.637  53.190 0.2000000030
55605  -54.594  -3.629  49.232 0.1000000015
55591  -54.427  -3.699  50.430 0.1000000015
54895  -53.879  -3.877  49.626 0.1000000015
55606  -55.136  -3.220  49.877 0.1000000015
105682  -54.599  -0.663  54.123 0.2000000030
57007  -55.146  -1.175  54.446 0.2000000030
57008  -56.189  -0.804  54.941 0.2000000030
57741  -56.820  0.143  54.934 0.2000000030
57733  -57.305  -0.541  55.554 0.2000000030
56998  -57.909  -1.122  56.181 0.2000000030
56985  -58.469  -1.614  56.628 0.2000000030
57000  -59.499  -1.727  55.807 0.2000000030
57734  -58.419  -0.489  55.839 0.2000000030
56999  -58.977  -1.183  56.256 0.2000000030
57735  -59.409  -0.849  55.533 0.2000000030
57010  -59.763  -1.372  54.895 0.2000000030
56289  -56.803  -2.189  52.782 0.1000000015
56297  -55.741  -2.562  51.423 0.1000000015
56294  -56.480  -2.045  51.900 0.1000000015
55619  -53.899  -3.854  47.420 0.1000000015
55620  -54.656  -3.737  48.156 0.1000000015
102172  -54.062  -3.721  46.559 0.1000000015
55645  -53.863  -3.501  46.279 0.1000000015
105671  -53.836  4.840  59.174 0.2000000030
87920  -53.451  5.739  58.615 0.2000000030
61176  -52.171  5.150  58.095 0.2000000030
97627  -52.643  0.015  56.079 0.2000000030
58449  -49.678  0.451  52.441 0.2000000030
87916  -53.400  6.254  57.678 0.2000000030
87918  -54.426  6.403  58.441 0.2000000030
58450  -50.505  0.465  52.334 0.2000000030
94348  -51.508  0.762  54.025 0.2000000030
103618  -52.082  1.227  53.862 0.2000000030
87900  -51.898  2.839  54.751 0.2000000030
88734  -52.271  4.061  55.057 0.2000000030
87914  -52.886  5.821  56.720 0.2000000030
87909  -54.063  6.776  56.617 0.2000000030
88207  -53.454  0.007  54.212 0.2000000030
58460  -49.925  0.739  51.635 0.2000000030
58461  -50.756  0.654  51.553 0.2000000030
100101  -51.179  0.490  52.247 0.2000000030
88312  -52.015  0.708  53.307 0.2000000030
88426  -52.482  2.098  53.945 0.2000000030
88645  -52.687  3.440  54.221 0.2000000030
87910  -53.000  5.386  55.707 0.2000000030
101163  -53.621  0.720  54.284 0.2000000030
59195  -50.255  1.135  50.940 0.2000000030
58462  -51.701  0.582  51.731 0.2000000030
88221  -52.654  1.213  53.345 0.2000000030
89430  -53.223  2.936  53.546 0.2000000030
88242  -53.158  4.717  54.705 0.2000000030
58463  -52.646  0.691  51.751 0.2000000030
59919  -53.077  1.943  53.288 0.2000000030
87904  -53.455  4.212  53.890 0.2000000030
57740  -55.488  -0.129  54.188 0.2000000030
59197  -52.036  0.875  50.874 0.2000000030
59184  -53.247  1.206  52.660 0.2000000030
57013  -59.208  -1.321  53.471 0.2000000030
57019  -58.690  -1.036  52.825 0.2000000030
57018  -57.407  -1.468  52.363 0.1000000015
56305  -55.688  -2.590  50.516 0.1000000015
56298  -56.351  -2.056  51.015 0.1000000015
57022  -57.131  -1.454  51.530 0.1000000015
55635  -54.651  -3.719  47.057 0.1000000015
96936  -54.376  -3.278  46.040 0.1000000015
57803  -52.647  -1.417  46.942 0.1000000015
87902  -53.609  1.145  56.905 0.2000000030
89300  -53.214  1.122  54.851 0.2000000030
87915  -55.290  5.485  59.127 0.2000000030
87893  -52.807  0.359  54.826 0.2000000030
88201  -53.509  1.877  55.302 0.2000000030
58459  -49.213  0.762  51.842 0.2000000030
59194  -49.337  1.340  51.181 0.2000000030
90218  -55.193  6.544  57.930 0.2000000030
57739  -54.404  0.117  54.002 0.2000000030
59918  -47.277  2.291  51.861 0.3000000119
60602  -47.571  3.157  51.602 0.3000000119
99455  -47.967  1.827  51.645 0.2000000030
59932  -48.597  1.945  51.217 0.2000000030
58427  -54.529  1.155  54.202 0.2000000030
59931  -48.052  2.543  51.378 0.2000000030
59203  -49.876  1.787  50.594 0.2000000030
59196  -51.139  0.930  50.824 0.2000000030
57747  -55.239  0.734  54.132 0.2000000030
59204  -50.690  1.723  50.275 0.3000000119
59205  -51.613  1.361  50.263 0.2000000030
58442  -55.747  1.963  54.400 0.2000000030
100295  -52.790  0.828  50.965 0.2000000030
59920  -53.705  2.331  52.981 0.2000000030
59198  -53.447  0.905  51.683 0.2000000030
60595  -55.259  3.945  52.712 0.2000000030
105523  -55.943  4.962  52.968 0.2000000030
59185  -54.093  1.562  52.362 0.2000000030
59921  -54.639  2.673  52.629 0.2000000030
59199  -54.339  1.126  51.521 0.2000000030
59186  -54.993  1.951  52.009 0.2000000030
105805  -55.716  2.163  51.823 0.2000000030
90645  -55.631  1.455  51.333 0.2000000030
59933  -56.621  2.592  51.631 0.2000000030
59208  -54.426  1.076  50.485 0.2000000030
55621  -55.396  -3.386  48.683 0.1000000015
56318  -55.869  -2.686  49.582 0.1000000015
56306  -56.328  -2.241  50.243 0.1000000015
57030  -58.524  -0.820  50.672 0.1000000015
99724  -55.243  -3.615  47.688 0.1000000015
55622  -55.946  -3.411  47.632 0.1000000015
56332  -56.304  -2.842  48.613 0.1000000015
56319  -56.775  -2.208  49.525 0.1000000015
100784  -54.683  -3.436  46.164 0.1000000015
55636  -55.439  -3.560  46.747 0.1000000015
58518  -50.553  0.393  46.378 0.1000000015
57802  -51.840  -0.799  47.011 0.1000000015
106243  -52.569  -2.243  46.905 0.1000000015
102600  -54.023  -2.179  46.521 0.1000000015
58389  -53.491  0.357  59.364 0.2000000030
59140  -54.046  1.169  59.707 0.2000000030
59149  -54.688  1.918  59.837 0.2000000030
60556  -55.081  3.949  60.124 0.2000000030
90290  -55.386  2.565  59.675 0.2000000030
87912  -55.537  4.408  60.051 0.2000000030
87907  -55.636  4.042  59.724 0.2000000030
104303  -54.112  2.598  56.497 0.2000000030
87908  -55.398  5.489  58.216 0.2000000030
87894  -53.738  1.601  54.578 0.2000000030
106174  -54.038  2.320  54.852 0.2000000030
102518  -47.308  3.731  51.963 0.3000000119
87919  -54.971  6.762  57.083 0.2000000030
87911  -55.314  6.672  56.730 0.2000000030
60594  -46.889  3.159  52.007 0.3000000119
60603  -48.218  3.316  51.151 0.3000000119
61862  -55.047  6.840  55.975 0.2000000030
87897  -54.557  2.167  54.462 0.2000000030
100258  -49.185  2.881  50.450 0.4000000060
59939  -49.974  2.666  50.118 0.3000000119
60576  -55.757  6.681  55.396 0.2000000030
102087  -55.297  2.917  54.593 0.2000000030
59946  -51.370  1.997  49.809 0.2000000030
58428  -56.290  0.929  54.531 0.2000000030
99047  -51.310  2.634  49.421 0.5000000000
59947  -51.888  2.209  49.411 0.3000000119
59206  -52.537  1.215  50.189 0.3000000119
59222  -52.550  1.812  49.482 0.3000000119
59207  -53.461  0.956  50.688 0.2000000030
59223  -53.503  1.414  49.687 0.3000000119
91332  -57.884  -0.935  51.326 0.1000000015
56320  -57.265  -2.356  48.546 0.1000000015
55646  -55.685  -3.268  45.890 0.1000000015
55637  -56.445  -3.376  46.439 0.1000000015
56333  -56.819  -3.080  47.572 0.1000000015
57076  -54.883  -2.290  46.187 0.1000000015
56358  -55.249  -3.232  45.814 0.1000000015
57809  -53.471  -1.217  46.755 0.1000000015
57077  -55.608  -2.731  45.736 0.1000000015
91095  -54.462  -0.950  46.512 0.1000000015
57810  -55.508  -1.251  46.191 0.1000000015
87895  -52.602  -1.141  58.291 0.2000000030
57732  -52.339  -0.820  56.772 0.2000000030
58395  -53.141  -0.244  58.839 0.2000000030
87898  -53.077  -0.611  58.048 0.2000000030
59148  -53.837  0.695  59.507 0.2000000030
88296  -53.726  0.201  58.565 0.2000000030
88472  -54.688  1.382  58.918 0.2000000030
88213  -53.169  0.259  57.062 0.2000000030
87903  -55.102  3.384  58.144 0.2000000030
88548  -54.772  4.457  56.468 0.2000000030
88081  -54.353  3.105  55.441 0.2000000030
61214  -47.848  3.931  51.591 0.4000000060
61215  -48.472  4.237  51.094 0.4000000060
60606  -48.815  3.452  50.665 0.4000000060
100991  -55.324  4.995  55.829 0.2000000030
87901  -55.750  4.262  55.170 0.2000000030
60607  -49.447  3.504  50.255 0.5000000000
60608  -50.064  3.741  49.865 0.5000000000
60581  -56.196  6.043  55.554 0.2000000030
60614  -50.753  3.238  49.514 0.5000000000
60615  -51.387  3.177  49.192 0.5000000000
60616  -51.808  2.800  49.086 0.5000000000
56334  -57.753  -2.718  47.461 0.1000000015
106975  -56.524  -3.198  45.732 0.1000000015
99902  -57.605  -3.235  45.715 0.1000000015
56360  -57.137  -3.164  45.585 0.1000000015
56361  -58.618  -3.146  45.310 0.1000000015
57078  -56.492  -2.188  45.778 0.1000000015
62523  -49.910  7.061  50.830 0.6999999881
61887  -49.329  5.725  50.711 0.6000000238
62527  -50.287  6.548  50.023 0.6000000238
61883  -48.517  5.050  51.413 0.6000000238
61216  -48.898  5.000  50.835 0.6000000238
61220  -49.430  4.920  50.314 0.6000000238
61221  -50.003  4.704  49.857 0.6000000238
61893  -50.573  5.473  49.548 0.6000000238
61219  -49.105  4.208  50.534 0.5000000000
61227  -50.651  4.298  49.464 0.6000000238
61898  -51.297  4.926  49.090 0.6000000238
61191  -58.385  5.998  54.358 0.2000000030
60621  -51.807  3.420  48.906 0.5000000000
89959  -51.318  0.425  45.775 0.1000000015
58529  -51.958  0.539  44.911 0.2000000030
58530  -52.782  0.501  45.078 0.2000000030
58531  -53.767  0.361  45.405 0.2000000030
58522  -55.262  -0.136  46.000 0.2000000030
58559  -49.902  0.858  42.737 0.1000000015
60014  -46.201  1.959  42.034 0.1000000015
60686  -46.697  2.319  40.900 0.1000000015
59328  -46.782  0.950  42.329 0.1000000015
60015  -46.839  1.529  41.647 0.1000000015
58557  -48.585  1.078  42.509 0.2000000030
59329  -47.377  1.066  42.075 0.2000000030
58558  -49.238  0.971  42.623 0.1000000015
59331  -49.002  1.409  42.461 0.2000000030
60016  -47.619  1.752  41.717 0.1000000015
60018  -49.563  1.894  42.418 0.2000000030
60019  -50.352  1.844  42.500 0.2000000030
66193  -45.728  11.716  42.364 0.1000000015
65624  -45.566  10.940  42.788 0.1000000015
65053  -46.009  10.226  42.612 0.1000000015
63895  -46.242  8.419  42.154 0.1000000015
60692  -46.241  3.118  40.874 0.1000000015
60025  -47.011  2.128  41.007 0.1000000015
59330  -48.181  1.319  42.242 0.1000000015
60017  -48.649  1.877  42.196 0.1000000015
60002  -49.111  2.381  42.745 0.2000000030
60003  -50.066  2.274  42.804 0.2000000030
66192  -45.061  12.234  42.366 0.1000000015
64494  -46.319  9.410  42.255 0.1000000015
95831  -46.544  8.881  41.599 0.2000000030
61299  -46.087  3.615  40.413 0.1000000015
60693  -46.729  2.898  39.974 0.1000000015
60001  -48.182  2.412  42.299 0.2000000030
60674  -49.533  2.953  43.463 0.2000000030
60675  -50.517  2.817  43.390 0.4000000060
90277  -44.631  13.252  41.291 0.2000000030
102605  -45.068  12.733  41.820 0.2000000030
66199  -45.746  12.412  41.905 0.2000000030
65625  -46.327  11.035  42.176 0.2000000030
65054  -46.488  10.187  42.058 0.1000000015
64500  -46.752  9.610  41.475 0.2000000030
63901  -46.811  8.804  40.886 0.2000000030
64501  -47.087  9.469  40.725 0.2000000030
61301  -47.200  2.709  40.154 0.2000000030
60658  -48.048  3.496  42.936 0.3000000119
60673  -48.671  3.143  43.308 0.2000000030
67471  -48.623  14.607  36.748 0.6000000238
67462  -48.015  14.540  37.398 0.6000000238
66784  -44.522  13.835  40.510 0.2000000030
66774  -45.586  13.032  41.372 0.2000000030
66200  -46.478  11.971  41.788 0.2000000030
66775  -46.331  12.672  41.422 0.2000000030
65630  -46.847  11.388  41.587 0.2000000030
65059  -46.898  10.524  41.496 0.2000000030
65631  -47.370  11.158  41.044 0.2000000030
60659  -48.481  3.909  43.788 0.4000000060
60660  -49.080  3.718  44.060 0.5000000000
60661  -49.914  3.579  44.138 0.5000000000
67464  -50.171  14.030  36.870 0.5000000000
68120  -47.981  14.897  35.962 0.4000000060
67470  -47.567  14.722  36.680 0.6000000238
104803  -46.948  15.709  35.467 0.5000000000
67458  -44.776  14.896  37.787 0.4000000060
68126  -46.322  15.606  35.805 0.6000000238
67422  -45.186  14.186  40.049 0.2000000030
67436  -45.664  14.412  39.351 0.4000000060
91322  -46.249  13.359  40.913 0.2000000030
67423  -46.091  14.034  40.161 0.3000000119
66201  -47.207  12.041  41.234 0.2000000030
61272  -49.381  4.299  44.646 0.5000000000
104812  -50.465  14.380  35.587 0.3000000119
66819  -50.833  13.732  36.545 0.5000000000
68136  -48.880  15.673  34.508 0.2000000030
67473  -50.332  14.206  36.191 0.3000000119
68129  -49.263  14.989  35.131 0.2000000030
68755  -48.975  16.254  33.842 0.2000000030
67472  -49.533  14.445  36.441 0.3000000119
68128  -48.441  15.264  35.309 0.2000000030
68135  -48.075  15.793  34.849 0.2000000030
68754  -48.209  16.469  34.263 0.2000000030
68127  -47.627  15.486  35.421 0.4000000060
68747  -47.329  16.158  34.855 0.2000000030
96580  -47.422  16.831  34.332 0.2000000030
68753  -46.719  16.776  34.682 0.4000000060
105185  -57.320  2.784  54.966 0.2000000030
59922  -55.841  3.076  52.077 0.2000000030
59923  -57.498  3.971  51.756 0.2000000030
61867  -55.635  6.838  55.065 0.2000000030
61868  -56.342  6.697  54.970 0.2000000030
60588  -58.924  5.616  53.808 0.2000000030
59905  -56.385  3.415  54.841 0.2000000030
99209  -58.104  2.998  54.898 0.2000000030
59906  -58.037  3.959  55.060 0.2000000030
60582  -57.160  5.144  55.183 0.2000000030
106985  -51.693  0.158  46.229 0.1000000015
94737  -54.393  -0.033  46.075 0.2000000030
58508  -51.280  -0.002  46.694 0.1000000015
89163  -52.106  0.266  45.763 0.2000000030
58520  -52.859  0.042  45.989 0.2000000030
57808  -52.759  -0.630  46.636 0.1000000015
68107  -44.390  15.513  37.269 0.3000000119
67449  -45.244  14.588  38.495 0.4000000060
66207  -47.011  12.852  40.995 0.3000000119
99698  -58.885  -3.280  45.612 0.1000000015
56347  -57.353  -3.264  46.628 0.1000000015
57023  -58.156  -0.849  52.071 0.1000000015
57009  -59.673  -1.734  54.372 0.2000000030
58528  -51.175  0.600  44.662 0.2000000030
59332  -49.955  1.292  42.520 0.2000000030
61201  -58.380  6.157  53.971 0.2000000030
88667  -54.048  6.310  55.395 0.2000000030
60596  -56.622  4.414  52.387 0.2000000030
61869  -57.314  6.280  54.544 0.2000000030
62520  -49.848  7.199  51.649 0.6000000238
59168  -57.405  1.938  54.964 0.2000000030
54857  -59.544  -3.726  56.345 0.2000000030
54836  -56.826  -4.196  56.880 0.2000000030
56247  -59.235  -2.720  57.068 0.2000000030
104183  -59.593  -3.132  56.251 0.2000000030
55581  -54.946  -3.802  52.467 0.1000000015
87913  -52.260  5.270  57.371 0.2000000030
87896  -51.202  0.423  53.122 0.2000000030
58451  -51.731  0.522  52.605 0.2000000030
58452  -52.422  0.707  52.608 0.2000000030
59913  -54.116  3.782  53.197 0.2000000030
57029  -57.184  -1.582  50.528 0.1000000015
59937  -48.648  2.703  50.853 0.2000000030
59938  -49.241  2.205  50.687 0.2000000030
58519  -52.078  -0.150  46.435 0.1000000015
59945  -50.791  2.446  49.780 0.5000000000
59221  -51.986  1.671  49.805 0.2000000030
56359  -56.039  -3.162  45.711 0.1000000015
58521  -53.620  -0.326  46.348 0.2000000030
97523  -49.610  4.197  50.152 0.5000000000
61189  -56.673  6.400  55.080 0.2000000030
59907  -58.678  4.369  54.383 0.2000000030
62526  -49.725  6.318  50.586 0.6999999881
61888  -49.864  5.645  50.122 0.6000000238
61190  -57.696  5.955  54.804 0.2000000030
60685  -45.770  2.953  41.915 0.1000000015
58550  -47.979  0.775  42.491 0.2000000030
65616  -44.867  10.824  43.383 0.1000000015
66785  -45.398  13.660  40.750 0.2000000030
67435  -44.824  14.441  39.293 0.3000000119
91470  -47.252  18.076  33.697 0.3000000119
59182  -47.493  1.296  52.103 0.2000000030
59917  -46.523  2.548  52.109 0.2000000030
59181  -46.539  1.625  52.263 0.2000000030
95488  -43.927  0.004  54.459 0.2000000030
58435  -43.669  0.521  53.609 0.2000000030
100329  -44.616  0.189  53.750 0.2000000030
59175  -45.159  0.887  52.912 0.2000000030
58446  -46.068  0.776  52.767 0.2000000030
59916  -45.885  2.421  52.292 0.2000000030
105262  -41.973  0.138  55.064 0.2000000030
58417  -41.752  0.774  54.673 0.2000000030
103611  -42.409  0.125  54.923 0.2000000030
58418  -42.365  0.808  54.121 0.2000000030
58419  -43.104  0.098  54.500 0.2000000030
58434  -42.967  0.903  53.654 0.2000000030
59172  -42.682  1.741  53.760 0.2000000030
59174  -44.288  1.140  53.050 0.2000000030
98239  -44.214  2.050  52.945 0.2000000030
59179  -44.850  1.802  52.700 0.2000000030
59180  -45.632  1.629  52.500 0.2000000030
59912  -44.688  2.735  52.750 0.2000000030
99740  -45.387  2.927  52.461 0.2000000030
96880  -40.889  -0.074  55.610 0.1000000015
58408  -40.620  0.669  55.629 0.1000000015
99089  -41.169  0.972  55.091 0.1000000015
59166  -41.430  1.641  54.829 0.2000000030
59167  -42.025  1.668  54.269 0.2000000030
59903  -42.394  2.522  54.087 0.2000000030
59910  -43.070  2.606  53.600 0.2000000030
59911  -43.833  2.695  53.176 0.2000000030
60592  -45.203  3.529  52.832 0.3000000119
60593  -46.043  3.262  52.345 0.4000000060
61207  -46.759  4.000  52.487 0.3000000119
61208  -47.538  4.455  52.230 0.3000000119
61209  -48.088  4.712  51.762 0.4000000060
61884  -48.905  5.701  51.392 0.5000000000
56198  -38.426  -2.801  62.575 0.1000000015
56977  -39.907  -1.885  57.141 0.1000000015
56970  -39.830  -1.827  58.030 0.1000000015
57712  -39.884  -0.561  56.734 0.1000000015
57713  -40.212  -1.052  56.242 0.1000000015
92293  -40.070  0.669  56.295 0.1000000015
59163  -40.843  1.567  55.430 0.1000000015
59898  -41.224  2.455  55.319 0.2000000030
59902  -41.801  2.440  54.629 0.2000000030
60586  -43.460  3.306  53.604 0.3000000119
94881  -44.269  3.406  53.216 0.3000000119
61194  -44.768  4.063  53.531 0.3000000119
61195  -45.589  4.263  53.349 0.3000000119
61206  -45.988  3.945  52.818 0.4000000060
61197  -47.164  4.643  52.874 0.4000000060
56186  -38.793  -2.519  62.875 0.1000000015
56914  -38.011  -1.530  62.952 0.1000000015
57661  -37.730  -0.921  63.154 0.1000000015
95228  -37.215  -0.490  63.269 0.1000000015
55463  -39.632  -3.919  62.482 0.1000000015
56199  -39.089  -3.117  62.826 0.1000000015
56915  -38.767  -1.936  63.088 0.1000000015
54785  -40.507  -4.664  60.316 0.1000000015
54759  -40.296  -4.981  61.231 0.1000000015
55500  -41.238  -4.243  60.089 0.1000000015
56226  -40.583  -3.175  59.182 0.1000000015
56227  -41.258  -3.339  59.683 0.1000000015
56957  -40.276  -1.921  59.104 0.1000000015
98614  -39.732  -0.987  57.503 0.1000000015
56962  -39.949  -1.469  58.720 0.1000000015
57696  -39.477  -0.155  58.228 0.1000000015
58391  -39.543  0.495  57.540 0.1000000015
59162  -40.222  1.484  56.201 0.1000000015
59897  -40.651  2.160  55.869 0.1000000015
60579  -42.209  3.109  54.522 0.2000000030
103416  -42.632  3.568  54.520 0.2000000030
60580  -43.187  3.753  54.179 0.2000000030
61184  -43.715  4.289  54.599 0.2000000030
61196  -46.457  4.547  53.267 0.4000000060
61187  -45.976  4.680  53.860 0.4000000060
61872  -47.259  5.043  53.550 0.4000000060
61879  -47.807  5.117  52.849 0.5000000000
105839  -47.947  4.947  52.250 0.5000000000
61880  -48.402  5.487  52.184 0.5000000000
92346  -48.338  5.703  53.065 0.5000000000
61881  -49.046  6.156  52.084 0.5000000000
62522  -49.414  6.487  51.408 0.5000000000
62519  -49.503  6.870  52.535 0.5000000000
57662  -38.594  -1.066  63.300 0.1000000015
58353  -38.389  0.512  64.318 0.1000000015
55475  -40.334  -4.796  62.011 0.1000000015
56200  -39.816  -3.368  63.067 0.1000000015
56916  -39.450  -1.760  63.502 0.1000000015
54771  -41.420  -5.056  61.054 0.1000000015
54760  -40.931  -5.168  61.502 0.1000000015
95376  -40.584  -4.175  62.915 0.1000000015
54786  -41.146  -4.810  60.654 0.1000000015
54761  -41.620  -5.053  61.656 0.1000000015
98422  -40.860  -2.246  59.482 0.1000000015
56960  -41.992  -2.479  59.866 0.1000000015
57691  -39.697  -0.589  58.885 0.1000000015
106619  -40.002  -1.056  59.102 0.1000000015
56958  -40.441  -1.191  59.413 0.1000000015
57692  -39.966  -0.386  59.310 0.1000000015
58388  -39.449  0.694  58.283 0.1000000015
58383  -39.558  0.367  58.996 0.1000000015
59144  -39.613  1.234  57.730 0.1000000015
59157  -39.754  1.012  56.908 0.1000000015
59891  -40.423  2.274  56.591 0.1000000015
59892  -40.959  2.781  56.126 0.1000000015
60574  -41.528  3.248  55.676 0.1000000015
93443  -42.212  3.626  55.181 0.2000000030
61183  -42.962  4.043  54.909 0.2000000030
61185  -44.519  4.462  54.299 0.2000000030
61864  -45.918  4.921  54.531 0.3000000119
61186  -45.302  4.597  54.036 0.3000000119
61871  -46.610  4.992  54.105 0.4000000060
61873  -47.951  5.577  53.650 0.5000000000
62518  -48.863  6.164  52.841 0.5000000000
54747  -41.084  -4.958  62.276 0.1000000015
55486  -41.799  -4.522  60.574 0.1000000015
54772  -42.138  -4.752  61.075 0.1000000015
91654  -41.400  -4.625  62.958 0.1000000015
56228  -41.981  -3.634  60.103 0.1000000015
54762  -42.320  -4.749  61.796 0.1000000015
55465  -42.813  -4.518  63.062 0.1000000015
55488  -43.184  -3.545  60.909 0.1000000015
55476  -42.859  -4.342  61.239 0.1000000015
54750  -42.964  -4.456  62.100 0.1000000015
56959  -41.292  -1.319  59.798 0.1000000015
56217  -42.690  -3.114  60.331 0.1000000015
56218  -43.265  -2.758  60.740 0.1000000015
57693  -40.725  -0.383  59.735 0.1000000015
56950  -42.304  -1.375  60.255 0.1000000015
56951  -42.856  -2.201  60.444 0.1000000015
58384  -40.229  0.396  59.481 0.1000000015
57687  -41.680  -0.372  60.177 0.1000000015
59132  -39.949  1.041  59.184 0.1000000015
59133  -40.687  1.166  59.507 0.1000000015
58385  -41.156  0.479  59.906 0.1000000015
59137  -39.746  1.345  58.582 0.1000000015
59876  -39.903  1.818  57.881 0.1000000015
59877  -40.364  2.152  58.375 0.1000000015
59883  -40.342  2.313  57.467 0.1000000015
59884  -40.873  2.846  56.983 0.1000000015
60569  -41.425  3.361  56.538 0.1000000015
60575  -42.041  3.814  56.122 0.2000000030
61178  -42.764  4.206  55.762 0.2000000030
61175  -45.119  4.886  55.733 0.2000000030
61860  -46.382  5.648  55.727 0.3000000119
61180  -44.379  4.696  55.147 0.2000000030
61859  -45.820  5.130  55.345 0.3000000119
61861  -47.068  5.989  55.203 0.5000000000
62505  -47.814  6.249  54.829 0.5000000000
62506  -48.550  6.503  54.487 0.5000000000
61181  -45.180  4.812  54.846 0.2000000030
93575  -46.516  5.385  54.880 0.3000000119
61865  -47.353  5.575  54.361 0.5000000000
61866  -48.100  5.982  54.208 0.6000000238
62512  -48.652  6.145  53.707 0.5000000000
62513  -49.172  6.622  53.376 0.5000000000
92942  -49.991  7.500  52.990 0.5000000000
56209  -43.880  -2.924  61.279 0.1000000015
55477  -43.545  -3.864  61.586 0.1000000015
56952  -43.596  -2.113  60.961 0.1000000015
55467  -44.210  -3.369  62.003 0.1000000015
57689  -43.129  -1.378  60.867 0.1000000015
56941  -44.384  -2.000  61.430 0.1000000015
56210  -44.520  -2.617  61.709 0.1000000015
56201  -44.842  -2.757  62.361 0.1000000015
57688  -42.593  -0.435  60.754 0.1000000015
93126  -43.861  -1.459  61.223 0.1000000015
59134  -41.490  1.334  59.948 0.1000000015
95419  -41.092  1.869  59.426 0.1000000015
60551  -41.670  3.035  58.389 0.2000000030
104854  -41.058  2.525  58.547 0.1000000015
60559  -41.464  3.296  57.441 0.2000000030
59878  -40.936  2.728  57.861 0.1000000015
60570  -42.010  3.808  57.036 0.2000000030
61172  -42.690  4.199  56.684 0.2000000030
61174  -44.307  4.746  56.059 0.2000000030
61856  -45.719  5.255  56.225 0.3000000119
62497  -48.299  6.765  55.220 0.5000000000
105333  -49.512  7.474  54.988 0.5000000000
63173  -50.243  8.067  54.406 0.6000000238
96400  -50.692  8.633  54.373 0.5000000000
63171  -49.105  7.071  54.929 0.5000000000
63172  -49.703  7.403  54.420 0.6000000238
63805  -50.647  8.383  53.723 0.6000000238
62507  -49.174  6.805  54.086 0.5000000000
63817  -50.563  8.115  52.849 0.5000000000
63181  -49.634  7.131  53.555 0.5000000000
56942  -44.940  -2.067  61.816 0.1000000015
58381  -42.059  0.651  60.504 0.1000000015
57683  -44.478  -1.176  61.498 0.1000000015
59868  -41.801  2.114  59.877 0.1000000015
59128  -42.052  1.607  60.381 0.1000000015
59129  -42.545  1.462  60.992 0.1000000015
59873  -41.535  2.509  59.177 0.1000000015
60560  -42.120  3.646  57.901 0.2000000030
61159  -42.698  4.025  57.555 0.2000000030
61160  -43.428  4.403  57.302 0.2000000030
62496  -47.612  6.483  55.576 0.4000000060
59173  -43.496  1.698  53.295 0.2000000030
59915  -45.285  2.328  52.499 0.2000000030
57722  -40.715  -0.806  55.793 0.1000000015
60585  -42.768  3.204  54.011 0.2000000030
55462  -38.802  -3.484  62.262 0.1000000015
57703  -39.638  -0.186  57.342 0.1000000015
58403  -39.798  0.231  56.786 0.1000000015
58404  -40.263  -0.126  56.123 0.1000000015
60578  -41.730  3.029  55.011 0.2000000030
56187  -39.483  -2.579  63.264 0.1000000015
58363  -37.889  0.002  63.465 0.1000000015
54770  -40.783  -5.034  60.954 0.1000000015
99690  -39.728  -1.006  58.327 0.1000000015
61193  -43.945  3.908  53.850 0.3000000119
92142  -40.040  -2.339  63.673 0.1000000015
59145  -39.921  1.749  57.112 0.1000000015
61179  -43.557  4.505  55.451 0.2000000030
54748  -41.796  -4.881  62.457 0.1000000015
55487  -42.498  -4.046  60.656 0.1000000015
54749  -42.395  -4.731  62.557 0.1000000015
59138  -40.333  1.696  59.053 0.1000000015
61173  -43.469  4.543  56.375 0.2000000030
55466  -43.600  -4.087  62.537 0.1000000015
55458  -44.192  -3.567  63.016 0.1000000015
97929  -44.882  -1.549  61.692 0.1000000015
56192  -44.645  -2.980  63.607 0.1000000015
57682  -43.612  -0.574  61.286 0.1000000015
59872  -40.828  2.172  58.930 0.1000000015
62495  -46.940  6.255  56.005 0.3000000119
63182  -50.140  7.733  53.684 0.5000000000
56943  -45.263  -1.507  61.931 0.1000000015
57718  -48.867  0.700  57.044 0.1000000015
57717  -48.250  0.419  56.618 0.1000000015
57730  -47.654  0.233  56.217 0.1000000015
58412  -46.805  0.105  55.692 0.1000000015
58405  -48.609  1.080  56.569 0.1000000015
58413  -48.207  0.691  56.046 0.1000000015
58406  -48.825  1.449  57.022 0.1000000015
58421  -45.413  0.044  54.712 0.1000000015
58422  -46.374  0.040  54.216 0.1000000015
106370  -46.592  0.022  55.001 0.1000000015
58423  -47.082  -0.037  54.573 0.1000000015
89019  -47.602  0.070  55.314 0.1000000015
59158  -48.674  1.223  56.355 0.1000000015
59159  -48.848  1.701  56.905 0.1000000015
58436  -45.684  0.263  53.508 0.1000000015
58437  -46.478  0.301  53.275 0.1000000015
58438  -47.285  0.133  53.493 0.1000000015
58424  -47.926  -0.069  54.187 0.1000000015
100397  -48.477  0.100  54.888 0.1000000015
58414  -48.799  0.542  55.474 0.1000000015
58415  -49.313  0.848  55.477 0.1000000015
59164  -49.088  1.833  56.405 0.1000000015
58447  -46.939  0.646  52.668 0.1000000015
58448  -47.867  0.535  52.600 0.1000000015
94877  -48.738  0.031  54.044 0.1000000015
58425  -49.356  0.221  54.571 0.1000000015
58426  -50.158  0.517  54.678 0.1000000015
88608  -49.970  1.114  55.289 0.1000000015
59899  -49.701  2.771  56.855 0.1000000015
92694  -48.800  0.450  52.493 0.1000000015
58440  -49.359  0.188  53.406 0.1000000015
92307  -50.075  0.251  54.025 0.1000000015
59904  -50.322  1.817  55.507 0.1000000015
59183  -48.442  1.115  51.795 0.1000000015
94878  -50.296  0.314  53.211 0.1000000015
58441  -50.776  0.433  54.039 0.1000000015
87899  -50.810  0.913  54.678 0.1000000015
88400  -50.933  2.685  55.558 0.1000000015
88529  -51.519  1.625  54.620 0.1000000015
97329  -49.103  -0.334  57.024 0.1000000015
57716  -47.387  -0.060  56.410 0.1000000015
105101  -48.363  -0.383  56.701 0.1000000015
57729  -46.588  0.111  56.194 0.1000000015
100181  -50.317  -0.523  57.541 0.1000000015
58411  -46.106  0.089  55.630 0.1000000015
58392  -49.771  0.771  57.346 0.1000000015
59146  -49.116  1.860  57.242 0.1000000015
59160  -49.194  2.324  57.272 0.1000000015
98645  -49.501  2.569  57.661 0.1000000015
59894  -50.000  3.496  57.611 0.1000000015
59900  -50.737  3.594  56.598 0.1000000015
88877  -51.517  3.525  55.544 0.1000000015
56983  -49.111  -1.288  56.941 0.1000000015
56971  -50.099  -1.334  57.583 0.1000000015
98425  -50.897  -1.978  58.270 0.1000000015
57728  -45.893  0.012  56.168 0.1000000015
57715  -46.435  -0.208  56.309 0.1000000015
56972  -51.037  -1.610  58.271 0.1000000015
58410  -45.367  -0.050  55.830 0.1000000015
98141  -50.610  1.119  57.716 0.1000000015
60561  -50.160  3.658  58.102 0.1000000015
60571  -51.004  4.309  57.685 0.1000000015
87906  -51.957  4.486  56.327 0.1000000015
51664  -58.557  -9.014  53.615 0.1000000015
54065  -51.274  -4.899  57.980 0.1000000015
56244  -49.967  -2.162  57.704 0.1000000015
56245  -50.915  -2.569  58.348 0.1000000015
55539  -51.140  -3.107  57.685 0.1000000015
56256  -48.814  -2.195  56.898 0.1000000015
56982  -48.154  -1.190  56.569 0.1000000015
56980  -46.337  -1.198  56.286 0.1000000015
56981  -47.144  -1.075  56.415 0.1000000015
57714  -45.809  -0.372  56.214 0.1000000015
56973  -51.636  -1.959  58.388 0.1000000015
58393  -51.377  -0.391  58.186 0.1000000015
58420  -44.636  -0.012  55.175 0.1000000015
59147  -51.161  1.827  58.092 0.1000000015
99808  -50.536  3.794  58.323 0.1000000015
51651  -59.114  -9.035  54.516 0.1000000015
50717  -58.185  -9.097  52.873 0.1000000015
51663  -57.465  -8.565  53.481 0.1000000015
46967  -46.859  -13.102  65.212 0.1000000015
47917  -47.360  -12.565  65.045 0.1000000015
48839  -47.635  -11.714  64.611 0.1000000015
48840  -48.433  -11.409  64.989 0.1000000015
49743  -47.947  -10.857  64.293 0.1000000015
49744  -48.789  -10.611  64.676 0.1000000015
51540  -50.993  -9.072  63.693 0.1000000015
51560  -53.438  -9.475  63.927 0.1000000015
101564  -54.677  -9.763  63.787 0.1000000015
50599  -55.656  -9.430  63.457 0.1000000015
49759  -48.349  -10.021  63.952 0.1000000015
51539  -49.896  -8.908  63.119 0.1000000015
92610  -54.972  -8.412  61.946 0.1000000015
53218  -47.507  -5.905  62.622 0.1000000015
52414  -53.689  -6.659  61.418 0.1000000015
55527  -49.696  -3.027  57.940 0.1000000015
55514  -50.052  -2.997  58.505 0.1000000015
55528  -50.715  -2.666  58.291 0.1000000015
53230  -46.972  -5.758  61.840 0.1000000015
54805  -51.362  -3.501  58.417 0.1000000015
54066  -51.464  -4.602  58.721 0.1000000015
56243  -49.320  -2.852  57.361 0.1000000015
98642  -50.199  -2.637  57.996 0.1000000015
54818  -51.208  -3.236  57.963 0.1000000015
55540  -51.310  -3.672  56.673 0.1000000015
55538  -48.397  -3.089  56.828 0.1000000015
56246  -51.462  -2.385  57.881 0.1000000015
56255  -47.876  -2.232  56.492 0.1000000015
56984  -51.780  -2.126  57.828 0.1000000015
54100  -53.062  -5.922  56.327 0.1000000015
99014  -44.826  -0.426  55.765 0.1000000015
57726  -44.789  -0.256  55.676 0.1000000015
57727  -45.376  -0.140  55.992 0.1000000015
57705  -52.082  -1.657  58.325 0.1000000015
90603  -52.442  -1.038  58.447 0.1000000015
96998  -54.398  -7.676  56.602 0.1000000015
99185  -55.364  -8.039  56.732 0.1000000015
58394  -52.486  -0.004  58.866 0.1000000015
52466  -56.258  -7.496  56.968 0.1000000015
51634  -56.299  -8.376  56.971 0.1000000015
59886  -51.444  2.808  58.440 0.1000000015
52452  -57.026  -7.888  57.278 0.1000000015
59879  -53.029  2.455  59.162 0.1000000015
52453  -58.007  -7.798  57.760 0.1000000015
51635  -60.290  -8.481  56.759 0.1000000015
52482  -59.343  -7.901  55.776 0.1000000015
50533  -49.532  -8.251  69.229 0.1000000015
50540  -49.263  -9.605  68.776 0.1000000015
49703  -48.844  -10.873  68.830 0.1000000015
106604  -48.758  -12.935  68.104 0.1000000015
51448  -50.589  -6.931  68.870 0.1000000015
51449  -51.561  -7.758  68.274 0.1000000015
46110  -48.091  -14.186  67.259 0.1000000015
52345  -51.128  -6.952  67.933 0.1000000015
46949  -47.515  -13.294  65.787 0.1000000015
51465  -51.786  -7.562  67.913 0.1000000015
47900  -47.990  -12.805  65.747 0.1000000015
47918  -48.156  -12.180  65.351 0.1000000015
51497  -49.904  -7.809  66.072 0.1000000015
100777  -50.838  -7.724  65.947 0.1000000015
52368  -49.100  -7.813  65.361 0.1000000015
52369  -49.789  -7.512  64.936 0.1000000015
50569  -49.270  -9.849  64.344 0.1000000015
50619  -55.568  -9.116  62.589 0.1000000015
53203  -49.077  -6.804  64.009 0.1000000015
53210  -48.551  -6.176  63.346 0.1000000015
50585  -49.960  -9.276  64.008 0.1000000015
52416  -55.914  -7.884  62.900 0.1000000015
52415  -54.961  -6.900  62.444 0.1000000015
89474  -47.868  -6.110  63.135 0.1000000015
53238  -53.180  -5.444  61.107 0.1000000015
55515  -51.010  -2.715  58.879 0.1000000015
54032  -47.833  -5.363  62.009 0.1000000015
54042  -47.449  -5.324  61.270 0.1000000015
55526  -48.787  -3.583  57.406 0.1000000015
56254  -46.962  -2.259  56.259 0.1000000015
55537  -47.502  -3.216  56.421 0.1000000015
105119  -45.322  -0.581  56.039 0.1000000015
56979  -45.644  -1.344  56.116 0.1000000015
53282  -53.856  -6.281  56.396 0.1000000015
94718  -54.574  -6.665  56.549 0.1000000015
52465  -55.380  -7.094  56.737 0.1000000015
57738  -43.965  -0.267  55.383 0.1000000015
53283  -55.510  -6.161  56.738 0.1000000015
53284  -56.332  -6.606  57.034 0.1000000015
59141  -54.688  2.458  60.093 0.1000000015
97718  -56.550  -5.682  57.093 0.1000000015
53266  -57.313  -7.023  57.511 0.1000000015
103619  -57.124  -6.228  57.470 0.1000000015
53267  -58.049  -6.242  57.918 0.1000000015
98041  -58.548  -6.925  57.991 0.1000000015
105354  -59.226  -6.835  58.002 0.1000000015
54082  -58.458  -5.550  57.956 0.1000000015
100183  -59.654  -6.821  57.711 0.1000000015
102189  -59.209  -6.200  58.089 0.1000000015
52467  -60.267  -7.600  56.952 0.1000000015
51641  -60.047  -8.180  56.354 0.1000000015
52473  -59.861  -7.277  56.466 0.1000000015
52481  -58.460  -8.045  55.014 0.1000000015
51650  -57.947  -8.328  54.133 0.1000000015
54130  -57.436  -5.146  54.898 0.1000000015
53306  -57.305  -6.018  54.863 0.1000000015
102042  -57.892  -7.251  55.013 0.1000000015
90444  -57.470  -7.610  54.442 0.1000000015
48790  -49.306  -11.589  68.122 0.1000000015
50541  -50.558  -8.451  68.569 0.1000000015
104589  -50.631  -9.773  68.392 0.1000000015
91955  -48.882  -13.062  67.422 0.1000000015
47874  -49.149  -12.369  67.641 0.1000000015
46937  -48.424  -13.626  66.903 0.1000000015
50542  -52.098  -9.297  68.480 0.1000000015
46950  -48.264  -13.231  66.349 0.1000000015
51450  -52.731  -8.451  68.281 0.1000000015
48829  -48.894  -11.880  65.780 0.1000000015
51482  -51.626  -7.334  67.797 0.1000000015
51498  -51.934  -7.835  66.986 0.1000000015
50570  -50.203  -9.801  64.848 0.1000000015
51519  -51.673  -9.300  64.441 0.1000000015
51541  -52.290  -9.255  64.080 0.1000000015
50586  -55.691  -9.625  64.202 0.1000000015
51561  -56.318  -8.614  63.577 0.1000000015
53211  -49.623  -6.166  63.364 0.1000000015
52407  -56.253  -7.678  63.581 0.1000000015
54028  -49.249  -5.182  63.162 0.1000000015
53224  -55.811  -6.879  63.199 0.1000000015
53231  -54.644  -5.107  62.232 0.1000000015
53219  -48.381  -5.483  62.823 0.1000000015
55516  -51.671  -2.623  59.050 0.1000000015
54806  -51.860  -3.060  59.082 0.1000000015
54050  -54.307  -3.479  61.636 0.1000000015
55503  -52.317  -1.986  59.536 0.1000000015
54790  -52.674  -2.431  59.809 0.1000000015
54033  -48.488  -4.843  62.227 0.1000000015
55502  -51.563  -2.332  59.502 0.1000000015
54056  -47.360  -5.357  59.348 0.1000000015
54055  -46.722  -5.683  59.937 0.1000000015
54043  -48.229  -4.711  61.313 0.1000000015
55501  -50.239  -3.014  59.374 0.1000000015
54096  -46.680  -5.022  56.902 0.1000000015
54079  -47.068  -5.342  57.588 0.1000000015
54064  -47.289  -5.459  58.394 0.1000000015
54048  -47.540  -5.133  60.387 0.1000000015
55513  -49.105  -3.807  58.053 0.1000000015
55536  -46.660  -3.247  56.124 0.1000000015
55525  -47.891  -3.894  56.993 0.1000000015
54817  -48.277  -4.327  57.638 0.1000000015
56993  -44.120  -1.210  55.681 0.1000000015
55556  -45.055  -3.268  55.773 0.1000000015
92298  -45.875  -3.247  55.935 0.1000000015
56253  -46.143  -2.315  56.091 0.1000000015
57737  -43.257  -0.262  55.343 0.1000000015
56994  -44.957  -1.329  55.897 0.1000000015
56270  -45.368  -2.348  55.910 0.1000000015
56995  -51.750  -1.918  56.247 0.1000000015
54101  -54.673  -5.696  56.451 0.1000000015
57725  -44.106  -0.364  55.492 0.1000000015
54102  -55.654  -5.301  56.689 0.1000000015
54835  -55.806  -4.525  56.569 0.1000000015
53285  -57.577  -5.628  57.651 0.1000000015
53293  -57.994  -6.553  55.393 0.1000000015
54117  -58.144  -5.678  55.667 0.1000000015
49704  -49.951  -10.675  68.161 0.1000000015
47875  -49.367  -12.390  67.052 0.1000000015
48819  -49.985  -11.654  66.963 0.1000000015
50543  -53.295  -9.416  68.463 0.1000000015
47889  -48.848  -13.068  66.866 0.1000000015
48830  -49.701  -11.571  66.277 0.1000000015
51466  -52.906  -8.262  68.053 0.1000000015
88356  -53.745  -8.586  68.070 0.1000000015
48818  -49.258  -12.273  66.603 0.1000000015
49735  -50.040  -11.036  65.897 0.1000000015
88371  -52.477  -7.958  67.809 0.1000000015
50561  -50.769  -10.374  65.892 0.1000000015
49734  -49.243  -11.176  65.430 0.1000000015
49745  -49.670  -10.451  65.171 0.1000000015
52370  -51.684  -7.801  65.834 0.1000000015
50571  -50.869  -9.410  64.554 0.1000000015
87870  -53.568  -9.412  64.776 0.1000000015
52387  -51.041  -7.391  64.882 0.1000000015
52386  -50.196  -6.809  63.994 0.1000000015
88350  -56.351  -9.141  64.394 0.1000000015
88377  -56.417  -8.170  64.184 0.1000000015
55480  -54.180  -1.198  61.418 0.1000000015
91294  -49.115  -4.538  62.813 0.1000000015
55490  -52.351  -1.673  60.220 0.1000000015
55491  -53.267  -1.372  60.419 0.1000000015
54773  -47.949  -4.862  59.624 0.1000000015
54802  -47.803  -4.973  57.933 0.1000000015
55489  -50.878  -2.485  60.334 0.1000000015
54816  -47.480  -4.692  57.240 0.1000000015
54803  -48.504  -4.483  58.337 0.1000000015
54789  -49.210  -3.859  59.577 0.1000000015
54804  -49.282  -3.858  58.791 0.1000000015
107625  -46.281  -3.900  56.135 0.1000000015
54831  -46.974  -4.131  56.546 0.1000000015
54115  -53.324  -5.052  55.957 0.1000000015
54852  -52.984  -4.334  55.583 0.1000000015
56269  -44.571  -2.305  55.740 0.1000000015
57003  -52.037  -1.704  55.341 0.1000000015
54116  -54.288  -4.977  56.146 0.1000000015
54853  -53.881  -4.342  55.693 0.1000000015
54834  -55.057  -4.916  56.433 0.1000000015
88266  -52.405  -0.476  55.351 0.1000000015
54854  -54.944  -4.191  56.129 0.1000000015
55560  -54.354  -3.606  55.470 0.1000000015
55561  -55.277  -3.353  55.837 0.1000000015
49713  -50.845  -11.122  67.823 0.1000000015
49705  -51.638  -10.580  68.210 0.1000000015
48802  -49.886  -11.582  67.346 0.1000000015
49706  -52.721  -10.298  68.225 0.1000000015
48803  -51.008  -11.118  67.465 0.1000000015
49725  -50.782  -11.159  66.825 0.1000000015
87868  -52.046  -9.911  66.158 0.1000000015
87867  -53.398  -8.360  67.396 0.1000000015
50562  -51.053  -9.731  65.296 0.1000000015
50572  -51.916  -9.516  65.243 0.1000000015
87866  -54.837  -9.362  66.019 0.1000000015
87872  -52.325  -7.753  65.158 0.1000000015
88480  -52.883  -9.357  65.078 0.1000000015
87871  -55.228  -9.608  64.985 0.1000000015
87873  -56.232  -8.673  65.077 0.1000000015
105632  -51.707  -7.158  64.540 0.1000000015
52398  -51.290  -6.729  63.946 0.1000000015
88145  -56.144  -9.341  64.989 0.1000000015
53212  -50.748  -6.162  63.415 0.1000000015
53232  -55.104  -6.093  62.831 0.1000000015
54029  -50.291  -5.025  63.308 0.1000000015
54044  -54.491  -3.305  62.110 0.1000000015
54038  -54.442  -5.063  62.580 0.1000000015
54034  -50.111  -4.314  63.061 0.1000000015
54752  -49.964  -3.683  62.451 0.1000000015
55479  -53.254  -1.116  61.244 0.1000000015
54776  -53.879  -2.057  60.876 0.1000000015
54777  -54.422  -2.204  61.749 0.1000000015
54763  -49.004  -3.854  61.140 0.1000000015
54751  -49.034  -4.037  61.979 0.1000000015
54787  -47.921  -4.983  58.775 0.1000000015
54774  -48.546  -4.337  60.271 0.1000000015
55478  -51.651  -2.065  61.264 0.1000000015
54775  -49.590  -3.403  60.399 0.1000000015
54788  -48.576  -4.469  59.201 0.1000000015
55570  -52.315  -2.691  54.969 0.1000000015
55571  -53.026  -2.885  54.818 0.1000000015
56278  -52.321  -1.973  54.877 0.1000000015
55559  -53.399  -3.634  55.255 0.1000000015
103679  -52.672  -1.693  54.666 0.1000000015
55572  -53.920  -2.941  54.922 0.1000000015
57005  -53.165  -1.411  54.441 0.1000000015
56280  -53.613  -2.184  54.584 0.1000000015
101327  -54.728  -2.958  55.276 0.1000000015
101144  -53.775  -0.648  54.169 0.1000000015
57006  -54.165  -1.414  54.316 0.1000000015
56281  -54.700  -2.188  54.793 0.1000000015
49714  -52.116  -10.833  67.918 0.1000000015
49715  -52.857  -10.518  68.006 0.1000000015
49707  -53.286  -10.062  68.148 0.1000000015
87863  -52.600  -10.655  67.883 0.1000000015
49736  -51.955  -10.714  67.123 0.1000000015
51451  -53.711  -8.809  68.324 0.1000000015
89137  -53.878  -9.459  68.257 0.1000000015
87862  -54.263  -9.306  67.922 0.1000000015
87861  -53.356  -9.943  67.497 0.1000000015
87864  -53.784  -9.534  66.471 0.1000000015
100998  -54.263  -8.994  68.109 0.1000000015
87865  -54.783  -8.974  66.760 0.1000000015
88086  -54.542  -9.061  67.714 0.1000000015
88411  -54.581  -8.754  66.879 0.1000000015
88522  -55.536  -8.914  65.664 0.1000000015
87869  -52.808  -8.160  66.299 0.1000000015
90190  -53.569  -8.215  65.890 0.1000000015
87875  -54.830  -8.415  66.176 0.1000000015
52401  -55.912  -7.679  64.566 0.1000000015
87874  -53.776  -7.901  65.168 0.1000000015
88527  -56.016  -7.185  63.710 0.1000000015
52399  -52.606  -7.009  64.233 0.1000000015
53213  -52.068  -6.204  63.470 0.1000000015
53223  -55.269  -6.316  63.138 0.1000000015
53214  -53.632  -6.305  63.526 0.1000000015
53220  -51.723  -5.077  63.416 0.1000000015
54765  -54.311  -2.073  62.110 0.1000000015
54035  -51.380  -3.963  63.313 0.1000000015
55469  -53.887  -1.370  62.057 0.1000000015
54753  -51.146  -3.268  62.949 0.1000000015
54754  -52.365  -2.924  63.260 0.1000000015
55468  -52.501  -2.141  62.384 0.1000000015
105133  -50.036  -3.098  61.420 0.1000000015
54764  -50.949  -2.801  62.158 0.1000000015
60547  -42.127  2.993  59.073 0.1000000015
61155  -43.325  4.129  58.137 0.1000000015
61161  -44.270  4.667  56.999 0.1000000015
61162  -45.051  4.885  56.634 0.1000000015
61157  -44.982  4.837  57.524 0.1000000015
61842  -45.591  5.333  57.135 0.1000000015
61857  -46.279  5.957  56.671 0.2000000030
62486  -46.976  6.603  56.722 0.2000000030
95935  -47.473  6.683  56.209 0.2000000030
63160  -48.076  6.962  55.955 0.3000000119
63161  -48.693  7.184  55.600 0.3000000119
63151  -47.677  7.214  56.733 0.2000000030
63152  -48.561  7.570  56.284 0.2000000030
63162  -49.286  7.639  55.562 0.3000000119
63798  -50.402  8.582  55.120 0.3000000119
63799  -51.017  9.163  54.731 0.4000000060
60000  -46.290  1.258  42.561 0.1000000015
88436  -54.531  -9.143  67.556 0.1000000015
100997  -55.056  -8.698  66.217 0.1000000015
88456  -55.535  -8.302  65.676 0.1000000015
52400  -54.527  -7.306  64.453 0.1000000015
53215  -55.213  -6.672  63.636 0.1000000015
53222  -54.515  -5.363  63.117 0.1000000015
53221  -53.394  -4.881  63.348 0.1000000015
54036  -52.894  -3.544  63.366 0.1000000015
54037  -54.133  -3.531  62.761 0.1000000015
54755  -53.572  -2.394  62.809 0.1000000015
63788  -49.855  8.299  55.779 0.3000000119
64385  -51.467  9.685  55.260 0.4000000060
63789  -50.304  8.902  55.883 0.3000000119
64377  -51.270  9.799  56.162 0.3000000119
64943  -52.000  10.238  55.919 0.3000000119
68117  -45.613  15.543  36.296 0.4000000060
68118  -46.312  15.129  36.336 0.5000000000
67469  -46.715  14.772  36.744 0.5000000000
68738  -45.115  16.212  36.020 0.5000000000
68745  -45.712  16.197  35.622 0.5000000000
91476  -51.238  -4.264  57.528 0.1000000015
56257  -51.181  -2.958  57.285 0.1000000015
54049  -52.829  -4.049  60.505 0.1000000015
54081  -51.491  -5.692  57.113 0.1000000015
98338  -51.427  -3.303  56.205 0.1000000015
56258  -51.428  -2.639  56.508 0.1000000015
54114  -52.438  -5.192  56.099 0.1000000015
53281  -53.205  -6.669  56.513 0.1000000015
104964  -52.748  -4.783  55.813 0.1000000015
55558  -52.405  -3.567  55.330 0.1000000015
54832  -51.221  -3.988  57.091 0.1000000015
54099  -52.269  -5.884  56.497 0.1000000015
54851  -52.305  -4.434  55.766 0.1000000015
56271  -51.856  -2.351  55.402 0.1000000015
106966  -57.944  -5.228  57.771 0.1000000015
97780  -56.766  -4.737  54.473 0.1000000015
54866  -55.919  -4.979  54.171 0.1000000015
55541  -55.960  -3.745  56.380 0.1000000015
60563  -52.383  4.758  58.578 0.1000000015
60555  -53.441  3.696  59.214 0.1000000015
88268  -52.897  -0.527  54.500 0.1000000015
59139  -52.773  1.176  59.066 0.1000000015
57731  -52.060  -1.201  55.826 0.1000000015
63797  -49.851  7.861  55.058 0.4000000060
60552  -42.385  3.479  58.664 0.1000000015
106906  -42.704  3.835  58.240 0.1000000015
58439  -48.344  0.143  53.328 0.1000000015
59893  -49.497  3.118  57.809 0.1000000015
59885  -49.963  3.317  58.078 0.1000000015
57704  -51.661  -1.509  58.392 0.1000000015
60562  -51.066  4.250  58.317 0.1000000015
54080  -51.309  -5.178  57.401 0.1000000015
53255  -51.350  -5.774  58.370 0.1000000015
60554  -51.672  3.869  58.664 0.1000000015
51665  -59.308  -9.686  53.831 0.1000000015
51640  -59.607  -8.652  55.469 0.1000000015
54097  -51.307  -4.893  56.946 0.1000000015
54833  -51.486  -4.451  56.504 0.1000000015
52463  -52.945  -7.367  56.735 0.1000000015
52464  -53.732  -7.098  56.538 0.1000000015
103303  -48.795  -9.218  69.427 0.1000000015
48789  -48.637  -12.424  68.569 0.1000000015
47901  -48.614  -12.628  66.136 0.1000000015
93050  -50.963  -7.537  67.061 0.1000000015
93997  -53.850  -5.600  56.231 0.1000000015
57719  -52.067  -1.526  57.307 0.1000000015
96876  -56.432  -4.927  56.890 0.1000000015
52455  -60.004  -7.582  57.378 0.1000000015
52472  -58.720  -7.247  55.677 0.1000000015
89321  -57.264  -6.809  54.663 0.1000000015
54057  -51.918  -4.428  59.518 0.1000000015
55557  -51.739  -3.108  55.516 0.1000000015
49726  -51.793  -10.909  67.602 0.1000000015
88577  -53.384  -10.051  68.050 0.1000000015
61156  -44.215  4.525  57.984 0.1000000015
64384  -50.829  9.278  55.570 0.3000000119
53237  -52.000  -5.861  59.878 0.1000000015
106369  -51.854  -4.701  56.081 0.1000000015
98228  -51.710  -3.914  55.896 0.1000000015
68096  -43.148  15.461  38.126 0.2000000030
67448  -44.393  14.733  38.591 0.2000000030
68097  -43.951  15.147  37.952 0.2000000030
68105  -42.786  16.053  37.577 0.2000000030
66820  -52.569  12.931  36.104 0.4000000060
66829  -53.077  13.532  35.431 0.2000000030
68746  -46.462  16.197  35.223 0.4000000060
69354  -45.922  16.853  35.043 0.3000000119
68729  -43.263  16.415  37.018 0.2000000030
69336  -43.045  17.067  36.822 0.2000000030
68730  -44.041  16.182  36.818 0.3000000119
69344  -43.486  17.628  36.420 0.2000000030
68737  -44.485  16.568  36.202 0.3000000119
67483  -50.986  14.384  34.972 0.2000000030
67492  -50.695  14.909  34.383 0.2000000030
69360  -46.307  17.343  34.561 0.3000000119
69359  -45.565  17.839  34.789 0.3000000119
68744  -45.088  16.953  35.552 0.4000000060
68658  -58.428  17.491  41.910 0.3000000119
66828  -52.277  13.559  35.553 0.2000000030
67485  -53.175  14.076  34.637 0.2000000030
67474  -51.244  13.962  35.811 0.2000000030
105320  -44.444  14.214  39.876 0.2000000030
68106  -43.584  15.782  37.443 0.2000000030
67446  -42.705  15.081  38.796 0.2000000030
67447  -43.550  14.888  38.698 0.2000000030
102525  -44.002  14.444  39.318 0.2000000030
67493  -51.719  14.641  34.212 0.2000000030
104882  -42.534  17.259  37.153 0.1000000015
69335  -42.181  17.810  37.344 0.1000000015
99999  -54.245  12.727  58.847 0.1000000015
89260  -54.361  14.774  57.864 0.1000000015
66056  -54.027  12.235  58.570 0.1000000015
67256  -54.834  13.541  58.279 0.1000000015
104226  -54.329  14.254  58.620 0.1000000015
67895  -54.351  15.817  57.255 0.1000000015
66042  -53.753  12.741  59.097 0.1000000015
69345  -44.247  17.421  35.937 0.3000000119
68497  -54.035  17.253  57.581 0.1000000015
66619  -53.286  13.566  59.578 0.1000000015
66041  -52.910  12.775  59.298 0.1000000015
104189  -53.856  14.494  59.090 0.1000000015
98503  -42.827  17.778  36.867 0.1000000015
105423  -44.389  18.159  35.605 0.1000000015
69906  -44.829  18.508  35.137 0.1000000015
69900  -43.897  18.268  36.029 0.2000000030
70391  -44.738  19.434  34.980 0.1000000015
70390  -44.274  19.946  35.314 0.1000000015
69905  -44.239  18.987  35.559 0.1000000015
68727  -41.990  17.087  37.525 0.1000000015
69892  -41.814  18.551  37.630 0.1000000015
68715  -42.061  16.360  37.780 0.1000000015
67434  -43.162  14.580  39.438 0.1000000015
68095  -42.332  15.712  38.256 0.1000000015
67421  -43.664  14.061  40.105 0.1000000015
66620  -53.929  13.447  59.234 0.1000000015
67255  -53.690  15.643  58.717 0.1000000015
69135  -54.206  18.318  56.647 0.1000000015
70759  -55.042  21.616  53.193 0.1000000015
67238  -53.344  14.650  59.647 0.1000000015
67873  -53.212  16.008  59.542 0.1000000015
68491  -53.232  17.720  58.098 0.1000000015
103570  -54.182  17.585  56.960 0.1000000015
70269  -54.289  19.799  55.338 0.1000000015
70769  -55.212  21.052  52.119 0.2000000030
70401  -45.925  19.569  34.238 0.1000000015
70408  -46.457  19.309  33.918 0.2000000030
70867  -46.634  20.914  33.475 0.1000000015
100715  -46.999  20.321  33.153 0.2000000030
70874  -47.578  20.669  32.588 0.2000000030
70854  -44.378  20.707  35.091 0.1000000015
70860  -44.846  20.755  34.660 0.1000000015
70862  -46.006  20.888  33.844 0.1000000015
71301  -46.980  21.592  33.342 0.1000000015
71307  -47.500  21.548  32.831 0.1000000015
71731  -48.657  22.017  32.076 0.1000000015
71300  -46.401  21.600  33.761 0.1000000015
102604  -48.038  22.663  33.177 0.1000000015
71730  -48.084  22.230  32.671 0.1000000015
70848  -43.084  20.261  36.732 0.1000000015
70383  -43.366  19.532  36.394 0.2000000030
99402  -43.745  19.002  36.094 0.2000000030
71722  -47.489  22.305  33.331 0.1000000015
107647  -48.655  22.520  32.440 0.1000000015
107733  -42.336  19.779  37.414 0.1000000015
70382  -42.738  19.478  36.985 0.1000000015
69899  -43.220  18.587  36.529 0.1000000015
104376  -48.664  23.091  32.969 0.1000000015
70743  -54.788  21.089  54.371 0.1000000015
107400  -54.032  18.603  56.686 0.1000000015
70302  -54.996  20.311  51.298 0.2000000030
69915  -46.475  17.970  34.181 0.2000000030
70409  -46.925  19.497  33.432 0.2000000030
70416  -47.484  19.736  32.853 0.2000000030
71293  -45.062  21.474  34.545 0.1000000015
71294  -45.714  21.584  34.136 0.1000000015
70875  -48.220  20.688  31.943 0.1000000015
70861  -45.408  20.839  34.270 0.1000000015
71286  -44.206  21.410  35.332 0.1000000015
71732  -49.293  22.776  31.999 0.1000000015
71700  -43.671  22.357  36.210 0.1000000015
71285  -43.747  21.541  35.931 0.1000000015
69822  -56.019  19.149  48.798 0.2000000030
69849  -58.208  18.308  45.436 0.1000000015
69141  -53.687  18.847  55.711 0.1000000015
70272  -54.386  20.353  54.815 0.1000000015
70295  -54.319  21.011  51.989 0.1000000015
67476  -56.382  14.553  35.756 0.1000000015
67475  -54.866  14.116  35.625 0.1000000015
66830  -54.029  14.244  34.939 0.1000000015
67486  -54.985  14.935  34.373 0.1000000015
68138  -50.463  15.436  33.790 0.1000000015
68139  -51.461  15.174  33.696 0.1000000015
67498  -52.395  15.050  33.652 0.1000000015
68756  -49.624  15.821  33.821 0.1000000015
68149  -52.366  16.176  32.544 0.1000000015
68767  -50.469  16.518  32.453 0.1000000015
93977  -51.158  15.986  32.583 0.1000000015
68768  -51.635  16.378  32.062 0.1000000015
69368  -49.500  17.187  32.778 0.1000000015
69383  -51.601  17.142  30.883 0.1000000015
69375  -50.297  17.377  31.831 0.1000000015
69376  -51.226  16.681  31.609 0.1000000015
69390  -52.579  17.573  30.421 0.1000000015
69361  -46.996  17.384  34.184 0.2000000030
70438  -51.461  19.778  29.337 0.1000000015
69921  -47.433  18.874  33.236 0.2000000030
70417  -47.981  20.008  32.335 0.1000000015
70881  -48.892  20.720  31.351 0.1000000015
71317  -49.915  21.886  30.733 0.1000000015
71324  -50.351  21.268  29.918 0.1000000015
94848  -44.660  22.075  34.989 0.1000000015
101724  -45.800  22.938  34.560 0.1000000015
71713  -46.231  22.400  34.117 0.1000000015
71714  -47.074  22.820  33.904 0.1000000015
71737  -50.078  22.642  31.137 0.1000000015
71736  -49.284  21.965  31.409 0.1000000015
70891  -50.882  20.447  29.389 0.1000000015
71330  -52.512  21.488  29.308 0.1000000015
72136  -44.041  22.976  35.861 0.1000000015
72137  -44.486  22.759  35.396 0.1000000015
72138  -45.109  23.045  35.003 0.1000000015
71738  -50.832  22.406  30.329 0.1000000015
71325  -51.575  22.010  29.561 0.1000000015
72154  -47.899  23.035  33.638 0.1000000015
72156  -49.186  24.129  33.222 0.1000000015
72162  -49.673  23.774  32.303 0.1000000015
94932  -51.246  23.327  30.699 0.1000000015
92645  -53.207  20.531  52.096 0.1000000015
70767  -54.786  21.482  52.627 0.1000000015
69762  -53.713  20.165  54.140 0.1000000015
69817  -55.766  19.129  49.543 0.2000000030
68102  -57.607  15.132  37.366 0.1000000015
68123  -56.171  14.874  35.725 0.1000000015
67487  -55.380  14.929  35.039 0.1000000015
68140  -54.189  15.540  33.967 0.1000000015
68137  -49.810  15.279  34.475 0.1000000015
68146  -53.680  16.009  33.291 0.1000000015
68769  -52.520  16.672  31.977 0.1000000015
69367  -48.654  17.678  33.007 0.1000000015
69384  -52.945  17.054  30.946 0.1000000015
69945  -53.416  18.133  30.411 0.1000000015
90881  -53.719  18.770  30.332 0.1000000015
68760  -47.894  17.377  33.727 0.1000000015
69922  -47.963  18.213  33.099 0.1000000015
70422  -48.716  19.837  31.908 0.1000000015
101628  -49.516  19.306  31.526 0.1000000015
70423  -49.288  20.084  31.272 0.1000000015
91335  -44.541  23.526  35.576 0.1000000015
72572  -45.254  24.062  35.389 0.1000000015
72139  -45.906  23.671  34.877 0.1000000015
72579  -46.763  24.099  34.786 0.1000000015
72147  -47.532  23.644  34.312 0.1000000015
69295  -58.158  17.994  42.329 0.2000000030
70279  -54.120  20.973  53.877 0.1000000015
69225  -55.010  18.614  48.371 0.1000000015
69856  -57.911  18.465  45.183 0.1000000015
68079  -58.161  16.202  39.872 0.2000000030
70301  -53.985  20.116  51.335 0.1000000015
68089  -57.611  15.435  38.588 0.1000000015
68113  -56.659  15.365  37.004 0.1000000015
68122  -55.121  15.160  35.140 0.1000000015
68770  -53.086  16.955  32.373 0.1000000015
69385  -53.460  17.273  31.194 0.1000000015
69929  -53.248  18.246  31.523 0.1000000015
69930  -53.526  17.482  31.228 0.1000000015
69934  -49.017  18.839  32.154 0.1000000015
69927  -48.623  18.372  32.669 0.1000000015
69287  -58.123  18.085  43.444 0.1000000015
69816  -54.368  18.749  49.891 0.1000000015
68710  -57.565  16.253  39.416 0.1000000015
90487  -55.683  15.683  37.587 0.1000000015
68100  -54.709  15.774  37.705 0.1000000015
68112  -55.654  15.389  36.505 0.1000000015
68099  -53.684  15.849  37.936 0.1000000015
68130  -54.258  15.569  34.528 0.1000000015
68121  -53.730  15.745  35.982 0.1000000015
68757  -53.500  16.556  33.682 0.1000000015
91782  -53.155  17.006  32.548 0.1000000015
69363  -52.759  17.122  33.909 0.1000000015
69377  -53.030  17.564  32.108 0.1000000015
69917  -50.429  18.517  34.122 0.1000000015
69928  -52.033  18.583  32.520 0.1000000015
69265  -55.627  18.329  45.623 0.1000000015
69864  -56.451  18.296  43.628 0.1000000015
69869  -57.341  18.285  42.906 0.1000000015
69303  -58.104  17.732  41.249 0.2000000030
69829  -55.913  18.785  48.016 0.2000000030
69255  -55.303  18.311  46.359 0.1000000015
69803  -53.647  19.182  50.656 0.1000000015
69206  -54.758  18.710  49.050 0.1000000015
69241  -54.666  18.227  47.647 0.1000000015
93906  -54.796  17.975  45.026 0.1000000015
69275  -55.758  18.275  44.562 0.1000000015
95616  -56.088  18.261  42.689 0.1000000015
69294  -57.174  18.249  41.909 0.1000000015
68695  -57.703  17.081  39.946 0.1000000015
69224  -53.879  17.835  48.414 0.1000000015
69240  -53.682  17.553  47.387 0.1000000015
90351  -54.440  17.842  45.787 0.1000000015
69302  -56.928  18.098  40.985 0.1000000015
69205  -53.573  17.866  49.379 0.1000000015
94648  -53.954  17.598  44.976 0.1000000015
69253  -53.474  17.445  46.523 0.1000000015
69264  -53.437  17.451  45.691 0.1000000015
68088  -56.480  16.148  38.862 0.1000000015
94518  -52.930  17.191  47.941 0.1000000015
68709  -55.148  16.591  39.056 0.1000000015
69204  -52.601  17.385  49.698 0.1000000015
68110  -53.141  15.862  37.269 0.1000000015
94184  -52.256  16.481  35.884 0.1000000015
69901  -48.030  19.203  36.944 0.1000000015
106416  -48.701  18.206  36.693 0.1000000015
69907  -49.076  18.758  35.856 0.1000000015
69370  -51.958  17.993  32.934 0.1000000015
70385  -48.354  19.756  36.283 0.1000000015
69916  -49.874  18.374  34.859 0.1000000015
89902  -49.810  17.677  35.934 0.1000000015
69369  -51.272  17.867  33.692 0.1000000015
69274  -54.521  17.806  44.279 0.1000000015
69301  -55.561  17.814  40.900 0.1000000015
68694  -56.374  17.052  39.486 0.1000000015
68611  -52.192  16.779  46.629 0.1000000015
69252  -52.738  17.169  46.146 0.1000000015
68674  -54.431  17.392  40.681 0.1000000015
68693  -54.750  17.130  39.780 0.1000000015
68602  -52.278  16.742  47.496 0.1000000015
68692  -53.480  16.890  40.204 0.1000000015
68572  -52.042  16.717  49.206 0.1000000015
68708  -53.953  16.581  39.331 0.1000000015
68707  -52.989  16.357  39.455 0.1000000015
68098  -52.273  16.017  37.836 0.1000000015
102932  -52.920  15.890  38.137 0.1000000015
68740  -52.460  16.144  36.677 0.1000000015
69331  -47.651  17.480  38.412 0.1000000015
69332  -48.377  17.330  38.059 0.1000000015
69340  -49.957  17.181  37.186 0.1000000015
68731  -50.684  16.787  37.308 0.1000000015
68732  -51.498  16.329  37.540 0.1000000015
69356  -50.610  17.480  35.447 0.1000000015
90305  -51.638  17.334  34.765 0.1000000015
69293  -54.849  17.860  42.653 0.1000000015
89299  -55.803  18.128  41.765 0.1000000015
69284  -53.371  17.455  43.457 0.1000000015
69292  -53.756  17.516  42.764 0.1000000015
69300  -54.363  17.575  41.747 0.1000000015
93907  -53.181  17.410  44.925 0.1000000015
68673  -53.355  17.200  41.221 0.1000000015
68571  -51.158  16.490  49.442 0.1000000015
69272  -52.604  17.267  44.509 0.1000000015
68657  -53.128  17.323  42.178 0.1000000015
68570  -50.284  16.403  49.643 0.1000000015
67995  -51.200  15.987  47.694 0.1000000015
68621  -52.025  16.828  45.763 0.1000000015
68672  -52.551  16.782  40.809 0.1000000015
68691  -52.560  16.538  40.080 0.1000000015
68706  -52.070  16.254  39.465 0.1000000015
68717  -49.081  16.848  38.451 0.1000000015
89941  -49.921  16.582  38.511 0.1000000015
68719  -50.677  16.471  38.124 0.1000000015
67983  -50.738  15.794  48.249 0.1000000015
68610  -51.543  16.432  46.273 0.1000000015
68656  -52.230  17.105  42.595 0.1000000015
68704  -49.551  16.396  39.151 0.1000000015
89833  -50.111  16.152  39.744 0.1000000015
68720  -51.503  16.176  38.593 0.1000000015
100158  -48.582  19.003  50.383 0.1000000015
68550  -49.884  17.273  50.273 0.1000000015
67982  -50.037  15.544  48.368 0.1000000015
68005  -51.038  15.983  46.771 0.1000000015
68620  -51.380  16.532  45.527 0.1000000015
92896  -51.716  16.867  44.801 0.1000000015
101482  -51.841  16.671  41.244 0.1000000015
68670  -50.218  16.065  41.156 0.1000000015
68671  -51.082  16.388  41.216 0.1000000015
89376  -51.091  16.184  39.582 0.1000000015
67965  -49.757  15.764  49.153 0.1000000015
67994  -50.374  15.607  47.396 0.1000000015
89597  -47.237  19.660  50.835 0.1000000015
69182  -48.109  17.931  49.959 0.1000000015
100464  -47.874  19.065  50.009 0.1000000015
68569  -49.387  16.442  49.773 0.1000000015
68643  -51.472  16.820  43.069 0.1000000015
68655  -51.478  16.709  42.096 0.1000000015
68644  -52.133  17.146  43.424 0.1000000015
68619  -50.848  16.365  45.075 0.1000000015
68630  -50.845  16.491  44.321 0.1000000015
67964  -48.868  15.741  49.269 0.1000000015
89095  -50.571  16.300  41.951 0.1000000015
68003  -49.641  15.393  46.692 0.1000000015
67963  -47.948  15.833  49.283 0.1000000015
67981  -49.202  15.368  48.526 0.1000000015
68004  -50.306  15.747  46.293 0.1000000015
67979  -47.510  15.263  48.658 0.1000000015
67977  -45.718  15.399  48.380 0.1000000015
67349  -47.059  14.709  48.114 0.1000000015
67978  -46.554  15.469  48.656 0.1000000015
67962  -47.177  15.929  49.141 0.1000000015
67351  -48.684  15.023  47.858 0.1000000015
67348  -46.168  14.738  48.059 0.1000000015
67359  -47.537  14.589  47.400 0.1000000015
89174  -49.631  15.580  45.821 0.1000000015
68002  -48.851  14.979  46.929 0.1000000015
67369  -48.071  14.678  46.695 0.1000000015
91989  -49.438  15.713  44.995 0.1000000015
68029  -48.932  15.670  44.288 0.1000000015
107272  -48.684  15.330  45.512 0.1000000015
69943  -51.384  18.092  30.159 0.1000000015
69944  -52.476  18.232  30.003 0.1000000015
69935  -49.821  18.396  31.694 0.1000000015
69942  -50.288  18.808  30.886 0.1000000015
70393  -49.359  19.047  35.274 0.1000000015
70424  -53.506  19.122  31.098 0.1000000015
70432  -50.751  19.398  29.943 0.1000000015
70440  -53.871  19.649  29.894 0.1000000015
70431  -49.896  19.771  30.780 0.1000000015
69841  -57.941  18.526  46.324 0.2000000030
69913  -45.408  19.007  34.676 0.1000000015
67886  -53.752  16.671  58.098 0.1000000015
68496  -53.685  17.940  57.578 0.1000000015
70853  -43.869  20.637  35.670 0.1000000015
69754  -53.995  19.860  55.422 0.1000000015
99314  -43.418  20.905  36.378 0.2000000030
67499  -53.210  15.376  33.494 0.1000000015
70897  -51.727  20.495  29.212 0.1000000015
70898  -53.077  20.549  29.462 0.1000000015
68763  -53.347  16.509  33.182 0.1000000015
70425  -53.971  19.500  30.163 0.1000000015
68749  -53.217  16.081  35.343 0.1000000015
93512  -50.645  17.755  34.556 0.1000000015
69339  -49.147  17.314  37.527 0.1000000015
69908  -49.505  18.265  35.573 0.1000000015
68739  -51.477  16.655  36.631 0.1000000015
69283  -52.737  17.319  43.788 0.1000000015
67358  -46.689  14.495  47.392 0.1000000015
64376  -50.573  9.439  56.383 0.2000000030
65495  -52.973  11.255  56.990 0.2000000030
64938  -51.728  10.353  56.798 0.2000000030
65485  -53.003  11.453  57.825 0.2000000030
65486  -53.808  11.650  57.745 0.2000000030
65484  -52.155  11.240  57.858 0.2000000030
64927  -52.268  10.951  57.323 0.2000000030
64939  -52.301  10.671  56.701 0.2000000030
64937  -51.020  10.023  56.942 0.2000000030
64926  -51.531  10.647  57.434 0.2000000030
95967  -46.536  6.449  57.283 0.1000000015
63781  -49.224  8.204  56.345 0.1000000015
63124  -46.713  7.054  58.750 0.1000000015
62471  -46.494  6.596  58.044 0.1000000015
63135  -47.486  7.766  57.615 0.1000000015
62472  -46.990  7.017  57.406 0.1000000015
63136  -48.147  7.828  56.976 0.1000000015
64363  -49.482  9.475  57.377 0.1000000015
64364  -50.262  9.730  57.134 0.1000000015
64349  -48.309  9.682  58.450 0.1000000015
64911  -49.546  10.568  58.370 0.1000000015
63766  -47.601  8.404  58.128 0.1000000015
63756  -47.945  9.026  58.201 0.1000000015
64350  -49.105  9.959  58.016 0.1000000015
64924  -49.948  10.132  57.763 0.1000000015
64912  -50.406  10.764  58.116 0.1000000015
65483  -51.275  10.981  57.958 0.1000000015
63767  -48.230  8.473  57.496 0.1000000015
63768  -48.993  8.793  57.035 0.1000000015
66066  -54.294  11.981  58.105 0.1000000015
61843  -46.060  5.927  57.612 0.1000000015
65471  -52.824  11.707  58.274 0.1000000015
63782  -49.815  8.968  56.554 0.1000000015
63780  -48.657  8.145  56.828 0.1000000015
63134  -46.893  7.309  58.077 0.1000000015
64910  -48.676  10.321  58.793 0.1000000015
65468  -49.957  11.210  58.712 0.1000000015
63125  -47.091  7.890  58.627 0.1000000015
64362  -48.678  9.264  57.733 0.1000000015
64925  -50.743  10.372  57.571 0.1000000015
54103  -57.325  -4.956  57.413 0.1000000015
54839  -59.588  -4.201  56.815 0.2000000030
54870  -55.561  -4.295  53.642 0.1000000015
55529  -58.373  -3.925  57.578 0.2000000030
55530  -59.151  -3.583  57.376 0.2000000030
56279  -52.831  -2.154  54.664 0.1000000015
56349  -59.468  -3.240  46.059 0.2000000030
56363  -60.109  -2.923  45.791 0.2000000030
56369  -60.078  -2.867  45.267 0.2000000030
56986  -59.135  -1.924  56.648 0.2000000030
57004  -52.366  -1.228  54.854 0.1000000015
57764  -61.313  -0.081  49.944 0.2000000030
59880  -55.345  3.174  60.056 0.2000000030
60583  -58.444  5.285  54.647 0.2000000030
60681  -58.238  3.271  42.273 0.6000000238
60688  -57.949  3.395  42.130 0.6000000238
61294  -57.389  3.916  42.228 0.6000000238
62593  -48.357  6.398  42.674 0.6000000238
62614  -48.708  5.388  38.901 0.5000000000
62630  -47.978  5.903  37.599 0.5000000000
63275  -50.187  6.737  39.686 0.5000000000
63280  -47.063  5.911  38.451 0.3000000119
63292  -50.435  7.375  38.675 0.5000000000
63872  -48.635  8.134  45.633 0.8000000119
63919  -51.604  8.420  38.978 0.6000000238
63928  -50.808  8.029  38.469 0.6000000238
64472  -48.712  8.915  45.499 0.8000000119
64520  -51.762  9.172  38.605 0.6999999881
65049  -50.226  10.853  43.181 0.6999999881
65062  -51.642  10.030  40.874 0.6999999881
65077  -52.644  10.160  38.476 0.8000000119
65081  -49.730  10.663  37.601 0.6999999881
65592  -50.116  11.537  45.226 0.8000000119
65607  -49.866  11.125  44.558 0.8000000119
65618  -50.688  11.486  43.186 0.8000000119
65654  -50.706  11.429  37.246 0.8000000119
66101  -57.470  12.868  53.550 0.6999999881
66134  -57.370  12.373  51.544 0.6000000238
66182  -52.420  13.335  43.316 0.6999999881
66204  -53.115  13.081  41.210 0.6999999881
66209  -48.184  12.216  39.934 0.4000000060
66215  -48.940  12.352  38.745 0.5000000000
66630  -54.513  13.259  58.732 0.1000000015
66737  -51.932  13.229  45.432 0.6999999881
66764  -53.117  13.864  43.027 0.6999999881
66790  -54.313  13.861  40.653 0.5000000000
66794  -46.777  14.060  39.812 0.5000000000
66806  -57.417  14.113  37.831 0.3000000119
66813  -56.119  12.655  36.951 0.4000000060
66814  -56.897  13.256  36.929 0.3000000119
66823  -57.152  14.219  36.322 0.1000000015
67278  -56.925  13.700  54.761 0.3000000119
67301  -57.819  14.561  52.685 0.6000000238
67350  -47.890  14.857  48.031 0.1000000015
67463  -49.436  14.260  37.079 0.6000000238
67465  -57.821  14.957  36.957 0.1000000015
67477  -57.082  14.932  36.065 0.2000000030
67481  -48.920  14.822  35.916 0.3000000119
67482  -49.746  14.592  35.733 0.2000000030
67484  -52.045  14.101  34.815 0.2000000030
67491  -50.126  14.754  35.069 0.3000000119
67494  -53.055  14.678  33.887 0.1000000015
67495  -53.882  15.487  33.689 0.1000000015
67966  -50.593  15.907  48.965 0.1000000015
67980  -48.356  15.287  48.623 0.1000000015
67993  -49.475  15.271  47.635 0.1000000015
67996  -54.205  15.055  47.480 0.6999999881
67997  -55.134  15.329  47.189 0.6000000238
68008  -56.143  15.789  47.016 0.6000000238
68014  -48.583  15.118  45.973 0.1000000015
68015  -48.992  15.429  45.567 0.1000000015
68016  -50.225  15.910  45.409 0.1000000015
68101  -56.563  15.667  38.026 0.1000000015
68111  -54.254  15.622  36.799 0.1000000015
68114  -57.441  15.049  36.535 0.1000000015
68119  -47.021  15.071  36.009 0.6000000238
68131  -54.789  15.057  34.289 0.1000000015
68143  -50.351  15.897  33.122 0.1000000015
68144  -51.355  15.671  33.168 0.1000000015
68145  -52.604  15.678  33.183 0.1000000015
68150  -53.239  16.392  32.930 0.1000000015
68568  -48.444  16.640  49.746 0.1000000015
68589  -45.761  16.411  48.681 0.1000000015
68590  -51.411  16.197  48.594 0.1000000015
68591  -52.228  16.671  48.388 0.1000000015
68601  -51.681  16.371  47.128 0.1000000015
68603  -56.923  16.626  47.613 0.5000000000
68609  -50.878  16.166  45.858 0.1000000015
68614  -58.284  17.791  46.132 0.3000000119
68631  -51.493  16.861  43.893 0.1000000015
68632  -52.111  17.150  44.087 0.1000000015
68645  -52.864  17.334  43.042 0.1000000015
68690  -51.696  16.409  40.397 0.1000000015
68705  -50.485  16.308  38.957 0.1000000015
68718  -49.898  16.871  37.854 0.1000000015
68721  -53.352  16.098  38.747 0.1000000015
68722  -54.298  16.160  38.593 0.1000000015
68723  -55.387  16.024  38.365 0.1000000015
68728  -42.600  16.682  37.276 0.2000000030
68736  -43.749  16.864  36.513 0.2000000030
68748  -52.752  16.714  34.785 0.1000000015
68758  -53.785  16.006  33.616 0.1000000015
68761  -48.790  16.921  33.490 0.2000000030
68762  -49.589  16.454  33.270 0.1000000015
68773  -52.215  16.733  31.400 0.1000000015
68774  -53.097  17.041  31.499 0.1000000015
69136  -54.489  18.609  55.780 0.2000000030
69223  -52.875  17.173  48.898 0.1000000015
69239  -52.851  17.161  47.013 0.1000000015
69254  -54.384  17.905  46.710 0.1000000015
69263  -52.587  17.200  45.294 0.1000000015
69266  -58.395  18.040  44.922 0.3000000119
69273  -53.481  17.481  44.196 0.1000000015
69285  -54.167  17.653  43.477 0.1000000015
69286  -55.247  18.088  43.525 0.1000000015
69314  -55.513  17.514  40.143 0.1000000015
69315  -56.720  17.655  40.201 0.1000000015
69316  -57.736  17.606  40.504 0.1000000015
69330  -47.269  18.127  38.131 0.1000000015
69337  -47.895  17.848  37.745 0.1000000015
69338  -48.310  18.285  37.118 0.1000000015
69346  -48.844  17.790  36.950 0.1000000015
69347  -49.536  17.527  36.720 0.1000000015
69348  -50.505  17.227  36.449 0.1000000015
69353  -44.797  17.750  35.398 0.3000000119
69355  -50.001  17.804  35.241 0.1000000015
69357  -51.563  17.062  35.726 0.1000000015
69362  -51.658  17.518  33.988 0.1000000015
69371  -53.307  16.866  33.257 0.1000000015
69374  -49.292  17.982  32.367 0.1000000015
69378  -53.319  17.248  31.703 0.1000000015
69382  -50.623  17.920  31.064 0.1000000015
69391  -53.533  17.525  30.864 0.1000000015
69797  -47.919  19.582  50.525 0.1000000015
69798  -49.104  19.720  51.110 0.1000000015
69804  -55.094  19.424  50.517 0.2000000030
69824  -57.294  18.868  48.044 0.4000000060
69839  -55.659  18.499  47.169 0.2000000030
69842  -58.180  18.391  45.957 0.3000000119
69848  -58.083  18.480  45.743 0.2000000030
69855  -57.140  18.377  44.501 0.1000000015
69857  -58.109  18.242  44.523 0.1000000015
69865  -57.537  18.294  43.762 0.1000000015
69893  -42.511  18.560  37.129 0.1000000015
69902  -48.614  18.808  36.418 0.1000000015
69903  -49.100  18.097  36.278 0.1000000015
69914  -46.115  18.714  34.283 0.1000000015
69920  -46.790  18.720  33.796 0.2000000030
69923  -51.148  18.637  33.386 0.1000000015
69936  -53.652  18.237  30.732 0.1000000015
69949  -53.133  18.755  29.885 0.1000000015
70287  -53.835  21.075  52.811 0.1000000015
70296  -55.057  21.152  51.971 0.2000000030
70389  -43.829  19.710  35.850 0.2000000030
70399  -44.665  20.176  34.888 0.1000000015
70400  -45.239  20.014  34.543 0.1000000015
70402  -49.249  19.936  35.079 0.1000000015
70403  -49.832  19.399  34.559 0.1000000015
70419  -52.134  19.385  32.141 0.1000000015
70433  -51.915  18.897  29.645 0.1000000015
70439  -52.481  19.623  29.497 0.1000000015
70744  -54.952  21.174  54.340 0.2000000030
70748  -54.993  21.499  53.938 0.1000000015
70749  -55.141  21.374  53.698 0.2000000030
70758  -54.702  21.455  53.514 0.1000000015
70760  -55.240  21.254  52.747 0.3000000119
70768  -55.077  21.413  52.509 0.1000000015
70849  -43.515  20.203  36.199 0.2000000030
70868  -47.089  21.001  33.018 0.1000000015
70882  -49.600  20.651  30.683 0.1000000015
70890  -50.209  20.341  30.123 0.1000000015
71292  -44.596  21.290  34.892 0.1000000015
71308  -48.031  21.420  32.213 0.1000000015
71315  -48.672  21.320  31.614 0.1000000015
71316  -49.381  21.302  30.871 0.1000000015
71329  -51.255  21.106  29.237 0.1000000015
71331  -53.788  21.420  29.470 0.1000000015
71705  -44.125  22.187  35.605 0.1000000015
71712  -45.405  22.259  34.545 0.1000000015
71721  -46.840  22.157  33.696 0.1000000015
72146  -46.561  23.263  34.442 0.1000000015
87917  -54.910  5.508  59.366 0.2000000030
88234  -54.714  3.171  54.950 0.2000000030
88368  -53.024  0.855  55.638 0.2000000030
88978  -50.683  16.160  40.422 0.1000000015
89050  -49.144  15.319  46.182 0.1000000015
91223  -52.569  17.366  33.140 0.1000000015
91342  -53.815  16.095  34.098 0.1000000015
92397  -58.490  17.068  41.107 0.3000000119
92492  -52.478  13.616  45.176 0.6999999881
92631  -57.900  15.645  39.273 0.2000000030
93436  -54.692  6.825  57.732 0.2000000030
93640  -55.070  6.412  58.548 0.2000000030
93729  -54.311  14.920  33.974 0.1000000015
93807  -52.410  17.014  41.700 0.1000000015
94554  -52.492  16.048  38.722 0.1000000015
95037  -54.220  17.646  56.980 0.2000000030
95462  -48.169  19.119  32.610 0.1000000015
100801  -46.406  20.104  33.755 0.1000000015
101735  -48.479  4.999  44.564 0.6000000238
101871  -48.486  17.669  37.468 0.1000000015
102028  -49.859  16.028  40.439 0.1000000015
102635  -56.826  15.112  36.169 0.1000000015
104308  -48.419  15.356  45.111 0.1000000015
104822  -53.982  14.176  42.071 0.6000000238
105048  -60.431  2.491  44.905 0.3000000119
105496  -47.639  14.496  37.751 0.6000000238
105559  -46.785  12.372  41.378 0.2000000030
106276  -51.767  16.371  47.883 0.1000000015
106509  -47.058  9.948  41.133 0.2000000030
106541  -45.794  20.291  34.127 0.1000000015
106859  -56.579  18.879  50.247 0.3000000119
107446  -53.901  17.618  46.179 0.1000000015
107489  -48.218  14.757  47.384 0.1000000015
