
Mon Mar  9 00:37:04 CET 2026
cd /out/sourcedata/freesurfer/sub-v1s16x0051181_ses-1
setenv SUBJECTS_DIR /out/sourcedata/freesurfer
/opt/freesurfer/bin/recon-all -autorecon-hemi lh -noparcstats -noparcstats2 -noparcstats3 -nohyporelabel -nobalabels -lh-only -openmp 16 -subjid sub-v1s16x0051181_ses-1 -sd /out/sourcedata/freesurfer

subjid sub-v1s16x0051181_ses-1
setenv SUBJECTS_DIR /out/sourcedata/freesurfer
FREESURFER_HOME /opt/freesurfer
Actual FREESURFER_HOME /opt/freesurfer
build-stamp.txt: freesurfer-linux-ubuntu22_x86_64-7.3.2-20220804-6354275
Linux dna075 5.14.0-427.37.1.el9_4.x86_64 #1 SMP PREEMPT_DYNAMIC Fri Sep 13 12:41:50 EDT 2024 x86_64 x86_64 x86_64 GNU/Linux
cputime      unlimited
filesize     unlimited
datasize     unlimited
stacksize    8192 kbytes
coredumpsize 0 kbytes
memoryuse    67108864 kbytes
vmemoryuse   unlimited
descriptors  1024 
memorylocked unlimited
maxproc      2061970 
maxlocks     unlimited
maxsignal    2062029 
maxmessage   819200 
maxnice      0 
maxrtprio    0 
maxrttime    unlimited

               total        used        free      shared  buff/cache   available
Mem:           503Gi        42Gi       402Gi         9Gi        58Gi       447Gi
Swap:             0B          0B          0B

########################################
program versions used
7.3.2 (freesurfer-linux-ubuntu22_x86_64-7.3.2-20220804-6354275)
7.3.2

ProgramName: lta_convert  ProgramArguments: lta_convert -all-info  ProgramVersion: 7.3.2  TimeStamp: 2026/03/08-23:37:04-GMT  BuildTime: Aug  4 2022 06:17:15  BuildStamp: freesurfer-linux-ubuntu22_x86_64-7.3.2-20220804-6354275  User: oesteban  Machine: dna075  Platform: Linux  PlatformVersion: 5.14.0-427.37.1.el9_4.x86_64  CompilerName: GCC  CompilerVersion: 8.4.0
ProgramName: mri_and  ProgramArguments: mri_and -all-info  ProgramVersion: 7.3.2  TimeStamp: 2026/03/08-23:37:04-GMT  BuildTime: Aug  4 2022 06:17:15  BuildStamp: freesurfer-linux-ubuntu22_x86_64-7.3.2-20220804-6354275  User: oesteban  Machine: dna075  Platform: Linux  PlatformVersion: 5.14.0-427.37.1.el9_4.x86_64  CompilerName: GCC  CompilerVersion: 8.4.0
ProgramName: mri_annotation2label  ProgramArguments: mri_annotation2label -all-info  ProgramVersion: 7.3.2  TimeStamp: 2026/03/08-23:37:04-GMT  BuildTime: Aug  4 2022 06:17:15  BuildStamp: freesurfer-linux-ubuntu22_x86_64-7.3.2-20220804-6354275  User: oesteban  Machine: dna075  Platform: Linux  PlatformVersion: 5.14.0-427.37.1.el9_4.x86_64  CompilerName: GCC  CompilerVersion: 8.4.0
ProgramName: mri_aparc2aseg  ProgramArguments: mri_aparc2aseg -all-info  ProgramVersion: 7.3.2  TimeStamp: 2026/03/08-23:37:04-GMT  BuildTime: Aug  4 2022 06:17:15  BuildStamp: freesurfer-linux-ubuntu22_x86_64-7.3.2-20220804-6354275  User: oesteban  Machine: dna075  Platform: Linux  PlatformVersion: 5.14.0-427.37.1.el9_4.x86_64  CompilerName: GCC  CompilerVersion: 8.4.0
ProgramName: mri_surf2volseg  ProgramArguments: mri_surf2volseg -all-info  ProgramVersion: 7.3.2  TimeStamp: 2026/03/08-23:37:04-GMT  BuildTime: Aug  4 2022 06:17:15  BuildStamp: freesurfer-linux-ubuntu22_x86_64-7.3.2-20220804-6354275  User: oesteban  Machine: dna075  Platform: Linux  PlatformVersion: 5.14.0-427.37.1.el9_4.x86_64  CompilerName: GCC  CompilerVersion: 8.4.0
ProgramName: mri_binarize  ProgramArguments: mri_binarize -all-info  ProgramVersion: 7.3.2  TimeStamp: 2026/03/08-23:37:04-GMT  BuildTime: Aug  4 2022 06:17:15  BuildStamp: freesurfer-linux-ubuntu22_x86_64-7.3.2-20220804-6354275  User: oesteban  Machine: dna075  Platform: Linux  PlatformVersion: 5.14.0-427.37.1.el9_4.x86_64  CompilerName: GCC  CompilerVersion: 8.4.0
ProgramName: mri_ca_label  ProgramArguments: mri_ca_label -all-info  ProgramVersion: 7.3.2  TimeStamp: 2026/03/08-23:37:04-GMT  BuildTime: Aug  4 2022 06:17:15  BuildStamp: freesurfer-linux-ubuntu22_x86_64-7.3.2-20220804-6354275  User: oesteban  Machine: dna075  Platform: Linux  PlatformVersion: 5.14.0-427.37.1.el9_4.x86_64  CompilerName: GCC  CompilerVersion: 8.4.0
ProgramName: mri_ca_normalize  ProgramArguments: mri_ca_normalize -all-info  ProgramVersion: 7.3.2  TimeStamp: 2026/03/08-23:37:04-GMT  BuildTime: Aug  4 2022 06:17:15  BuildStamp: freesurfer-linux-ubuntu22_x86_64-7.3.2-20220804-6354275  User: oesteban  Machine: dna075  Platform: Linux  PlatformVersion: 5.14.0-427.37.1.el9_4.x86_64  CompilerName: GCC  CompilerVersion: 8.4.0
ProgramName: mri_ca_register  ProgramArguments: mri_ca_register -all-info  ProgramVersion: 7.3.2  TimeStamp: 2026/03/08-23:37:04-GMT  BuildTime: Aug  4 2022 06:17:15  BuildStamp: freesurfer-linux-ubuntu22_x86_64-7.3.2-20220804-6354275  User: oesteban  Machine: dna075  Platform: Linux  PlatformVersion: 5.14.0-427.37.1.el9_4.x86_64  CompilerName: GCC  CompilerVersion: 8.4.0
ProgramName: mri_cc  ProgramArguments: mri_cc -all-info  ProgramVersion: 7.3.2  TimeStamp: 2026/03/08-23:37:04-GMT  BuildTime: Aug  4 2022 06:17:15  BuildStamp: freesurfer-linux-ubuntu22_x86_64-7.3.2-20220804-6354275  User: oesteban  Machine: dna075  Platform: Linux  PlatformVersion: 5.14.0-427.37.1.el9_4.x86_64  CompilerName: GCC  CompilerVersion: 8.4.0
ProgramName: mri_compute_overlap  ProgramArguments: mri_compute_overlap -all-info  ProgramVersion: 7.3.2  TimeStamp: 2026/03/08-23:37:04-GMT  BuildTime: Aug  4 2022 06:17:15  BuildStamp: freesurfer-linux-ubuntu22_x86_64-7.3.2-20220804-6354275  User: oesteban  Machine: dna075  Platform: Linux  PlatformVersion: 5.14.0-427.37.1.el9_4.x86_64  CompilerName: GCC  CompilerVersion: 8.4.0
ProgramName: mri_compute_seg_overlap  ProgramArguments: mri_compute_seg_overlap -all-info  ProgramVersion: 7.3.2  TimeStamp: 2026/03/08-23:37:04-GMT  BuildTime: Aug  4 2022 06:17:15  BuildStamp: freesurfer-linux-ubuntu22_x86_64-7.3.2-20220804-6354275  User: oesteban  Machine: dna075  Platform: Linux  PlatformVersion: 5.14.0-427.37.1.el9_4.x86_64  CompilerName: GCC  CompilerVersion: 8.4.0
ProgramName: mri_concat  ProgramArguments: mri_concat -all-info  ProgramVersion: 7.3.2  TimeStamp: 2026/03/08-23:37:04-GMT  BuildTime: Aug  4 2022 06:17:15  BuildStamp: freesurfer-linux-ubuntu22_x86_64-7.3.2-20220804-6354275  User: oesteban  Machine: dna075  Platform: Linux  PlatformVersion: 5.14.0-427.37.1.el9_4.x86_64  CompilerName: GCC  CompilerVersion: 8.4.0
ProgramName: mri_concatenate_lta  ProgramArguments: mri_concatenate_lta -all-info  ProgramVersion: 7.3.2  TimeStamp: 2026/03/08-23:37:04-GMT  BuildTime: Aug  4 2022 06:17:15  BuildStamp: freesurfer-linux-ubuntu22_x86_64-7.3.2-20220804-6354275  User: oesteban  Machine: dna075  Platform: Linux  PlatformVersion: 5.14.0-427.37.1.el9_4.x86_64  CompilerName: GCC  CompilerVersion: 8.4.0
mri_convert -all-info 
ProgramName: mri_convert  ProgramArguments: mri_convert -all-info  ProgramVersion: 7.3.2  TimeStamp: 2026/03/08-23:37:04-GMT  BuildTime: Aug  4 2022 06:17:15  BuildStamp: freesurfer-linux-ubuntu22_x86_64-7.3.2-20220804-6354275  User: oesteban  Machine: dna075  Platform: Linux  PlatformVersion: 5.14.0-427.37.1.el9_4.x86_64  CompilerName: GCC  CompilerVersion: 8.4.0
ProgramName: mri_diff  ProgramArguments: mri_diff -all-info  ProgramVersion: 7.3.2  TimeStamp: 2026/03/08-23:37:04-GMT  BuildTime: Aug  4 2022 06:17:15  BuildStamp: freesurfer-linux-ubuntu22_x86_64-7.3.2-20220804-6354275  User: oesteban  Machine: dna075  Platform: Linux  PlatformVersion: 5.14.0-427.37.1.el9_4.x86_64  CompilerName: GCC  CompilerVersion: 8.4.0
ProgramName: mri_edit_wm_with_aseg  ProgramArguments: mri_edit_wm_with_aseg -all-info  ProgramVersion: 7.3.2  TimeStamp: 2026/03/08-23:37:04-GMT  BuildTime: Aug  4 2022 06:17:15  BuildStamp: freesurfer-linux-ubuntu22_x86_64-7.3.2-20220804-6354275  User: oesteban  Machine: dna075  Platform: Linux  PlatformVersion: 5.14.0-427.37.1.el9_4.x86_64  CompilerName: GCC  CompilerVersion: 8.4.0
ProgramName: mri_em_register  ProgramArguments: mri_em_register -all-info  ProgramVersion: 7.3.2  TimeStamp: 2026/03/08-23:37:04-GMT  BuildTime: Aug  4 2022 06:17:15  BuildStamp: freesurfer-linux-ubuntu22_x86_64-7.3.2-20220804-6354275  User: oesteban  Machine: dna075  Platform: Linux  PlatformVersion: 5.14.0-427.37.1.el9_4.x86_64  CompilerName: GCC  CompilerVersion: 8.4.0
ProgramName: mri_fill  ProgramArguments: mri_fill -all-info  ProgramVersion: 7.3.2  TimeStamp: 2026/03/08-23:37:04-GMT  BuildTime: Aug  4 2022 06:17:15  BuildStamp: freesurfer-linux-ubuntu22_x86_64-7.3.2-20220804-6354275  User: oesteban  Machine: dna075  Platform: Linux  PlatformVersion: 5.14.0-427.37.1.el9_4.x86_64  CompilerName: GCC  CompilerVersion: 8.4.0
ProgramName: mri_fuse_segmentations  ProgramArguments: mri_fuse_segmentations -all-info  ProgramVersion: 7.3.2  TimeStamp: 2026/03/08-23:37:04-GMT  BuildTime: Aug  4 2022 06:17:15  BuildStamp: freesurfer-linux-ubuntu22_x86_64-7.3.2-20220804-6354275  User: oesteban  Machine: dna075  Platform: Linux  PlatformVersion: 5.14.0-427.37.1.el9_4.x86_64  CompilerName: GCC  CompilerVersion: 8.4.0
ProgramName: mri_fwhm  ProgramArguments: mri_fwhm -all-info  ProgramVersion: 7.3.2  TimeStamp: 2026/03/08-23:37:04-GMT  BuildTime: Aug  4 2022 06:17:15  BuildStamp: freesurfer-linux-ubuntu22_x86_64-7.3.2-20220804-6354275  User: oesteban  Machine: dna075  Platform: Linux  PlatformVersion: 5.14.0-427.37.1.el9_4.x86_64  CompilerName: GCC  CompilerVersion: 8.4.0
ProgramName: mri_gcut  ProgramArguments: mri_gcut -all-info  ProgramVersion: 7.3.2  TimeStamp: 2026/03/08-23:37:04-GMT  BuildTime: Aug  4 2022 06:17:15  BuildStamp: freesurfer-linux-ubuntu22_x86_64-7.3.2-20220804-6354275  User: oesteban  Machine: dna075  Platform: Linux  PlatformVersion: 5.14.0-427.37.1.el9_4.x86_64  CompilerName: GCC  CompilerVersion: 8.4.0
ProgramName: mri_info  ProgramArguments: mri_info -all-info  ProgramVersion: 7.3.2  TimeStamp: 2026/03/08-23:37:04-GMT  BuildTime: Aug  4 2022 06:17:15  BuildStamp: freesurfer-linux-ubuntu22_x86_64-7.3.2-20220804-6354275  User: oesteban  Machine: dna075  Platform: Linux  PlatformVersion: 5.14.0-427.37.1.el9_4.x86_64  CompilerName: GCC  CompilerVersion: 8.4.0
ProgramName: mri_label2label  ProgramArguments: mri_label2label -all-info  ProgramVersion: 7.3.2  TimeStamp: 2026/03/08-23:37:04-GMT  BuildTime: Aug  4 2022 06:17:15  BuildStamp: freesurfer-linux-ubuntu22_x86_64-7.3.2-20220804-6354275  User: oesteban  Machine: dna075  Platform: Linux  PlatformVersion: 5.14.0-427.37.1.el9_4.x86_64  CompilerName: GCC  CompilerVersion: 8.4.0
ProgramName: mri_label2vol  ProgramArguments: mri_label2vol -all-info  ProgramVersion: 7.3.2  TimeStamp: 2026/03/08-23:37:04-GMT  BuildTime: Aug  4 2022 06:17:15  BuildStamp: freesurfer-linux-ubuntu22_x86_64-7.3.2-20220804-6354275  User: oesteban  Machine: dna075  Platform: Linux  PlatformVersion: 5.14.0-427.37.1.el9_4.x86_64  CompilerName: GCC  CompilerVersion: 8.4.0
ProgramName: mri_log_likelihood  ProgramArguments: mri_log_likelihood -all-info  ProgramVersion: 7.3.2  TimeStamp: 2026/03/08-23:37:04-GMT  BuildTime: Aug  4 2022 06:17:15  BuildStamp: freesurfer-linux-ubuntu22_x86_64-7.3.2-20220804-6354275  User: oesteban  Machine: dna075  Platform: Linux  PlatformVersion: 5.14.0-427.37.1.el9_4.x86_64  CompilerName: GCC  CompilerVersion: 8.4.0
ProgramName: mri_mask  ProgramArguments: mri_mask -all-info  ProgramVersion: 7.3.2  TimeStamp: 2026/03/08-23:37:04-GMT  BuildTime: Aug  4 2022 06:17:15  BuildStamp: freesurfer-linux-ubuntu22_x86_64-7.3.2-20220804-6354275  User: oesteban  Machine: dna075  Platform: Linux  PlatformVersion: 5.14.0-427.37.1.el9_4.x86_64  CompilerName: GCC  CompilerVersion: 8.4.0
ProgramName: mri_matrix_multiply  ProgramArguments: mri_matrix_multiply -all-info  ProgramVersion: 7.3.2  TimeStamp: 2026/03/08-23:37:04-GMT  BuildTime: Aug  4 2022 06:17:15  BuildStamp: freesurfer-linux-ubuntu22_x86_64-7.3.2-20220804-6354275  User: oesteban  Machine: dna075  Platform: Linux  PlatformVersion: 5.14.0-427.37.1.el9_4.x86_64  CompilerName: GCC  CompilerVersion: 8.4.0
ProgramName: mri_normalize  ProgramArguments: mri_normalize -all-info  ProgramVersion: 7.3.2  TimeStamp: 2026/03/08-23:37:04-GMT  BuildTime: Aug  4 2022 06:17:15  BuildStamp: freesurfer-linux-ubuntu22_x86_64-7.3.2-20220804-6354275  User: oesteban  Machine: dna075  Platform: Linux  PlatformVersion: 5.14.0-427.37.1.el9_4.x86_64  CompilerName: GCC  CompilerVersion: 8.4.0
ProgramName: mri_normalize_tp2  ProgramArguments: mri_normalize_tp2 -all-info  ProgramVersion: 7.3.2  TimeStamp: 2026/03/08-23:37:04-GMT  BuildTime: Aug  4 2022 06:17:15  BuildStamp: freesurfer-linux-ubuntu22_x86_64-7.3.2-20220804-6354275  User: oesteban  Machine: dna075  Platform: Linux  PlatformVersion: 5.14.0-427.37.1.el9_4.x86_64  CompilerName: GCC  CompilerVersion: 8.4.0
ProgramName: mri_or  ProgramArguments: mri_or -all-info  ProgramVersion: 7.3.2  TimeStamp: 2026/03/08-23:37:04-GMT  BuildTime: Aug  4 2022 06:17:15  BuildStamp: freesurfer-linux-ubuntu22_x86_64-7.3.2-20220804-6354275  User: oesteban  Machine: dna075  Platform: Linux  PlatformVersion: 5.14.0-427.37.1.el9_4.x86_64  CompilerName: GCC  CompilerVersion: 8.4.0
ProgramName: mri_relabel_hypointensities  ProgramArguments: mri_relabel_hypointensities -all-info  ProgramVersion: 7.3.2  TimeStamp: 2026/03/08-23:37:04-GMT  BuildTime: Aug  4 2022 06:17:15  BuildStamp: freesurfer-linux-ubuntu22_x86_64-7.3.2-20220804-6354275  User: oesteban  Machine: dna075  Platform: Linux  PlatformVersion: 5.14.0-427.37.1.el9_4.x86_64  CompilerName: GCC  CompilerVersion: 8.4.0
ProgramName: mri_relabel_nonwm_hypos  ProgramArguments: mri_relabel_nonwm_hypos -all-info  ProgramVersion: 7.3.2  TimeStamp: 2026/03/08-23:37:04-GMT  BuildTime: Aug  4 2022 06:17:15  BuildStamp: freesurfer-linux-ubuntu22_x86_64-7.3.2-20220804-6354275  User: oesteban  Machine: dna075  Platform: Linux  PlatformVersion: 5.14.0-427.37.1.el9_4.x86_64  CompilerName: GCC  CompilerVersion: 8.4.0
ProgramName: mri_remove_neck  ProgramArguments: mri_remove_neck -all-info  ProgramVersion: 7.3.2  TimeStamp: 2026/03/08-23:37:04-GMT  BuildTime: Aug  4 2022 06:17:15  BuildStamp: freesurfer-linux-ubuntu22_x86_64-7.3.2-20220804-6354275  User: oesteban  Machine: dna075  Platform: Linux  PlatformVersion: 5.14.0-427.37.1.el9_4.x86_64  CompilerName: GCC  CompilerVersion: 8.4.0
7.3.2

ProgramName: mri_robust_register  ProgramArguments: mri_robust_register -all-info  ProgramVersion: 7.3.2  TimeStamp: 2026/03/08-23:37:04-GMT  BuildTime: Aug  4 2022 06:17:15  BuildStamp: freesurfer-linux-ubuntu22_x86_64-7.3.2-20220804-6354275  User: oesteban  Machine: dna075  Platform: Linux  PlatformVersion: 5.14.0-427.37.1.el9_4.x86_64  CompilerName: GCC  CompilerVersion: 8.4.0
7.3.2

ProgramName: mri_robust_template  ProgramArguments: mri_robust_template -all-info  ProgramVersion: 7.3.2  TimeStamp: 2026/03/08-23:37:04-GMT  BuildTime: Aug  4 2022 06:17:15  BuildStamp: freesurfer-linux-ubuntu22_x86_64-7.3.2-20220804-6354275  User: oesteban  Machine: dna075  Platform: Linux  PlatformVersion: 5.14.0-427.37.1.el9_4.x86_64  CompilerName: GCC  CompilerVersion: 8.4.0
ProgramName: mris_anatomical_stats  ProgramArguments: mris_anatomical_stats -all-info  ProgramVersion: 7.3.2  TimeStamp: 2026/03/08-23:37:04-GMT  BuildTime: Aug  4 2022 06:17:15  BuildStamp: freesurfer-linux-ubuntu22_x86_64-7.3.2-20220804-6354275  User: oesteban  Machine: dna075  Platform: Linux  PlatformVersion: 5.14.0-427.37.1.el9_4.x86_64  CompilerName: GCC  CompilerVersion: 8.4.0
ProgramName: mris_ca_label  ProgramArguments: mris_ca_label -all-info  ProgramVersion: 7.3.2  TimeStamp: 2026/03/08-23:37:04-GMT  BuildTime: Aug  4 2022 06:17:15  BuildStamp: freesurfer-linux-ubuntu22_x86_64-7.3.2-20220804-6354275  User: oesteban  Machine: dna075  Platform: Linux  PlatformVersion: 5.14.0-427.37.1.el9_4.x86_64  CompilerName: GCC  CompilerVersion: 8.4.0
ProgramName: mris_calc  ProgramArguments: mris_calc -all-info  ProgramVersion: 7.3.2  TimeStamp: 2026/03/08-23:37:04-GMT  BuildTime: Aug  4 2022 06:17:15  BuildStamp: freesurfer-linux-ubuntu22_x86_64-7.3.2-20220804-6354275  User: oesteban  Machine: dna075  Platform: Linux  PlatformVersion: 5.14.0-427.37.1.el9_4.x86_64  CompilerName: GCC  CompilerVersion: 8.4.0
ProgramName: mris_convert  ProgramArguments: mris_convert -all-info  ProgramVersion: 7.3.2  TimeStamp: 2026/03/08-23:37:04-GMT  BuildTime: Aug  4 2022 06:17:15  BuildStamp: freesurfer-linux-ubuntu22_x86_64-7.3.2-20220804-6354275  User: oesteban  Machine: dna075  Platform: Linux  PlatformVersion: 5.14.0-427.37.1.el9_4.x86_64  CompilerName: GCC  CompilerVersion: 8.4.0
ProgramName: mris_curvature  ProgramArguments: mris_curvature -all-info  ProgramVersion: 7.3.2  TimeStamp: 2026/03/08-23:37:04-GMT  BuildTime: Aug  4 2022 06:17:15  BuildStamp: freesurfer-linux-ubuntu22_x86_64-7.3.2-20220804-6354275  User: oesteban  Machine: dna075  Platform: Linux  PlatformVersion: 5.14.0-427.37.1.el9_4.x86_64  CompilerName: GCC  CompilerVersion: 8.4.0
ProgramName: mris_curvature_stats  ProgramArguments: mris_curvature_stats -all-info  ProgramVersion: 7.3.2  TimeStamp: 2026/03/08-23:37:04-GMT  BuildTime: Aug  4 2022 06:17:15  BuildStamp: freesurfer-linux-ubuntu22_x86_64-7.3.2-20220804-6354275  User: oesteban  Machine: dna075  Platform: Linux  PlatformVersion: 5.14.0-427.37.1.el9_4.x86_64  CompilerName: GCC  CompilerVersion: 8.4.0
ProgramName: mris_diff  ProgramArguments: mris_diff -all-info  ProgramVersion: 7.3.2  TimeStamp: 2026/03/08-23:37:04-GMT  BuildTime: Aug  4 2022 06:17:15  BuildStamp: freesurfer-linux-ubuntu22_x86_64-7.3.2-20220804-6354275  User: oesteban  Machine: dna075  Platform: Linux  PlatformVersion: 5.14.0-427.37.1.el9_4.x86_64  CompilerName: GCC  CompilerVersion: 8.4.0
ProgramName: mris_divide_parcellation  ProgramArguments: mris_divide_parcellation -all-info  ProgramVersion: 7.3.2  TimeStamp: 2026/03/08-23:37:04-GMT  BuildTime: Aug  4 2022 06:17:15  BuildStamp: freesurfer-linux-ubuntu22_x86_64-7.3.2-20220804-6354275  User: oesteban  Machine: dna075  Platform: Linux  PlatformVersion: 5.14.0-427.37.1.el9_4.x86_64  CompilerName: GCC  CompilerVersion: 8.4.0
ProgramName: mri_segment  ProgramArguments: mri_segment -all-info  ProgramVersion: 7.3.2  TimeStamp: 2026/03/08-23:37:04-GMT  BuildTime: Aug  4 2022 06:17:15  BuildStamp: freesurfer-linux-ubuntu22_x86_64-7.3.2-20220804-6354275  User: oesteban  Machine: dna075  Platform: Linux  PlatformVersion: 5.14.0-427.37.1.el9_4.x86_64  CompilerName: GCC  CompilerVersion: 8.4.0
ProgramName: mri_segstats  ProgramArguments: mri_segstats -all-info  ProgramVersion: 7.3.2  TimeStamp: 2026/03/08-23:37:04-GMT  BuildTime: Aug  4 2022 06:17:15  BuildStamp: freesurfer-linux-ubuntu22_x86_64-7.3.2-20220804-6354275  User: oesteban  Machine: dna075  Platform: Linux  PlatformVersion: 5.14.0-427.37.1.el9_4.x86_64  CompilerName: GCC  CompilerVersion: 8.4.0
ProgramName: mris_euler_number  ProgramArguments: mris_euler_number -all-info  ProgramVersion: 7.3.2  TimeStamp: 2026/03/08-23:37:04-GMT  BuildTime: Aug  4 2022 06:17:15  BuildStamp: freesurfer-linux-ubuntu22_x86_64-7.3.2-20220804-6354275  User: oesteban  Machine: dna075  Platform: Linux  PlatformVersion: 5.14.0-427.37.1.el9_4.x86_64  CompilerName: GCC  CompilerVersion: 8.4.0
ProgramName: mris_fix_topology  ProgramArguments: mris_fix_topology -all-info  ProgramVersion: 7.3.2  TimeStamp: 2026/03/08-23:37:04-GMT  BuildTime: Aug  4 2022 06:17:15  BuildStamp: freesurfer-linux-ubuntu22_x86_64-7.3.2-20220804-6354275  User: oesteban  Machine: dna075  Platform: Linux  PlatformVersion: 5.14.0-427.37.1.el9_4.x86_64  CompilerName: GCC  CompilerVersion: 8.4.0
ProgramName: mris_topo_fixer  ProgramArguments: mris_topo_fixer -all-info  ProgramVersion: 7.3.2  TimeStamp: 2026/03/08-23:37:04-GMT  BuildTime: Aug  4 2022 06:17:15  BuildStamp: freesurfer-linux-ubuntu22_x86_64-7.3.2-20220804-6354275  User: oesteban  Machine: dna075  Platform: Linux  PlatformVersion: 5.14.0-427.37.1.el9_4.x86_64  CompilerName: GCC  CompilerVersion: 8.4.0
ProgramName: mris_jacobian  ProgramArguments: mris_jacobian -all-info  ProgramVersion: 7.3.2  TimeStamp: 2026/03/08-23:37:04-GMT  BuildTime: Aug  4 2022 06:17:15  BuildStamp: freesurfer-linux-ubuntu22_x86_64-7.3.2-20220804-6354275  User: oesteban  Machine: dna075  Platform: Linux  PlatformVersion: 5.14.0-427.37.1.el9_4.x86_64  CompilerName: GCC  CompilerVersion: 8.4.0
ProgramName: mris_label2annot  ProgramArguments: mris_label2annot -all-info  ProgramVersion: 7.3.2  TimeStamp: 2026/03/08-23:37:04-GMT  BuildTime: Aug  4 2022 06:17:15  BuildStamp: freesurfer-linux-ubuntu22_x86_64-7.3.2-20220804-6354275  User: oesteban  Machine: dna075  Platform: Linux  PlatformVersion: 5.14.0-427.37.1.el9_4.x86_64  CompilerName: GCC  CompilerVersion: 8.4.0
ProgramName: mris_left_right_register  ProgramArguments: mris_left_right_register -all-info  ProgramVersion: 7.3.2  TimeStamp: 2026/03/08-23:37:04-GMT  BuildTime: Aug  4 2022 06:17:15  BuildStamp: freesurfer-linux-ubuntu22_x86_64-7.3.2-20220804-6354275  User: oesteban  Machine: dna075  Platform: Linux  PlatformVersion: 5.14.0-427.37.1.el9_4.x86_64  CompilerName: GCC  CompilerVersion: 8.4.0
ProgramName: mris_place_surface  ProgramArguments: mris_place_surface -all-info  ProgramVersion: 7.3.2  TimeStamp: 2026/03/08-23:37:04-GMT  BuildTime: Aug  4 2022 06:17:15  BuildStamp: freesurfer-linux-ubuntu22_x86_64-7.3.2-20220804-6354275  User: oesteban  Machine: dna075  Platform: Linux  PlatformVersion: 5.14.0-427.37.1.el9_4.x86_64  CompilerName: GCC  CompilerVersion: 8.4.0
ProgramName: mrisp_paint  ProgramArguments: mrisp_paint -all-info  ProgramVersion: 7.3.2  TimeStamp: 2026/03/08-23:37:04-GMT  BuildTime: Aug  4 2022 06:17:15  BuildStamp: freesurfer-linux-ubuntu22_x86_64-7.3.2-20220804-6354275  User: oesteban  Machine: dna075  Platform: Linux  PlatformVersion: 5.14.0-427.37.1.el9_4.x86_64  CompilerName: GCC  CompilerVersion: 8.4.0
ProgramName: mris_register  ProgramArguments: mris_register -all-info  ProgramVersion: 7.3.2  TimeStamp: 2026/03/08-23:37:04-GMT  BuildTime: Aug  4 2022 06:17:15  BuildStamp: freesurfer-linux-ubuntu22_x86_64-7.3.2-20220804-6354275  User: oesteban  Machine: dna075  Platform: Linux  PlatformVersion: 5.14.0-427.37.1.el9_4.x86_64  CompilerName: GCC  CompilerVersion: 8.4.0
ProgramName: mris_smooth  ProgramArguments: mris_smooth -all-info  ProgramVersion: 7.3.2  TimeStamp: 2026/03/08-23:37:04-GMT  BuildTime: Aug  4 2022 06:17:15  BuildStamp: freesurfer-linux-ubuntu22_x86_64-7.3.2-20220804-6354275  User: oesteban  Machine: dna075  Platform: Linux  PlatformVersion: 5.14.0-427.37.1.el9_4.x86_64  CompilerName: GCC  CompilerVersion: 8.4.0
ProgramName: mris_sphere  ProgramArguments: mris_sphere -all-info  ProgramVersion: 7.3.2  TimeStamp: 2026/03/08-23:37:04-GMT  BuildTime: Aug  4 2022 06:17:15  BuildStamp: freesurfer-linux-ubuntu22_x86_64-7.3.2-20220804-6354275  User: oesteban  Machine: dna075  Platform: Linux  PlatformVersion: 5.14.0-427.37.1.el9_4.x86_64  CompilerName: GCC  CompilerVersion: 8.4.0
ProgramName: mris_surface_stats  ProgramArguments: mris_surface_stats -all-info  ProgramVersion: 7.3.2  TimeStamp: 2026/03/08-23:37:04-GMT  BuildTime: Aug  4 2022 06:17:15  BuildStamp: freesurfer-linux-ubuntu22_x86_64-7.3.2-20220804-6354275  User: oesteban  Machine: dna075  Platform: Linux  PlatformVersion: 5.14.0-427.37.1.el9_4.x86_64  CompilerName: GCC  CompilerVersion: 8.4.0
ProgramName: mri_stats2seg  ProgramArguments: mri_stats2seg -all-info  ProgramVersion: 7.3.2  TimeStamp: 2026/03/08-23:37:04-GMT  BuildTime: Aug  4 2022 06:17:15  BuildStamp: freesurfer-linux-ubuntu22_x86_64-7.3.2-20220804-6354275  User: oesteban  Machine: dna075  Platform: Linux  PlatformVersion: 5.14.0-427.37.1.el9_4.x86_64  CompilerName: GCC  CompilerVersion: 8.4.0
ProgramName: mris_thickness  ProgramArguments: mris_thickness -all-info  ProgramVersion: 7.3.2  TimeStamp: 2026/03/08-23:37:04-GMT  BuildTime: Aug  4 2022 06:17:15  BuildStamp: freesurfer-linux-ubuntu22_x86_64-7.3.2-20220804-6354275  User: oesteban  Machine: dna075  Platform: Linux  PlatformVersion: 5.14.0-427.37.1.el9_4.x86_64  CompilerName: GCC  CompilerVersion: 8.4.0
ProgramName: mris_thickness_diff  ProgramArguments: mris_thickness_diff -all-info  ProgramVersion: 7.3.2  TimeStamp: 2026/03/08-23:37:04-GMT  BuildTime: Aug  4 2022 06:17:15  BuildStamp: freesurfer-linux-ubuntu22_x86_64-7.3.2-20220804-6354275  User: oesteban  Machine: dna075  Platform: Linux  PlatformVersion: 5.14.0-427.37.1.el9_4.x86_64  CompilerName: GCC  CompilerVersion: 8.4.0
ProgramName: mris_topo_fixer  ProgramArguments: mris_topo_fixer -all-info  ProgramVersion: 7.3.2  TimeStamp: 2026/03/08-23:37:04-GMT  BuildTime: Aug  4 2022 06:17:15  BuildStamp: freesurfer-linux-ubuntu22_x86_64-7.3.2-20220804-6354275  User: oesteban  Machine: dna075  Platform: Linux  PlatformVersion: 5.14.0-427.37.1.el9_4.x86_64  CompilerName: GCC  CompilerVersion: 8.4.0
ProgramName: mri_surf2surf  ProgramArguments: mri_surf2surf -all-info  ProgramVersion: 7.3.2  TimeStamp: 2026/03/08-23:37:04-GMT  BuildTime: Aug  4 2022 06:17:15  BuildStamp: freesurfer-linux-ubuntu22_x86_64-7.3.2-20220804-6354275  User: oesteban  Machine: dna075  Platform: Linux  PlatformVersion: 5.14.0-427.37.1.el9_4.x86_64  CompilerName: GCC  CompilerVersion: 8.4.0
ProgramName: mri_surf2vol  ProgramArguments: mri_surf2vol -all-info  ProgramVersion: 7.3.2  TimeStamp: 2026/03/08-23:37:04-GMT  BuildTime: Aug  4 2022 06:17:15  BuildStamp: freesurfer-linux-ubuntu22_x86_64-7.3.2-20220804-6354275  User: oesteban  Machine: dna075  Platform: Linux  PlatformVersion: 5.14.0-427.37.1.el9_4.x86_64  CompilerName: GCC  CompilerVersion: 8.4.0
ProgramName: mri_surfcluster  ProgramArguments: mri_surfcluster -all-info  ProgramVersion: 7.3.2  TimeStamp: 2026/03/08-23:37:04-GMT  BuildTime: Aug  4 2022 06:17:15  BuildStamp: freesurfer-linux-ubuntu22_x86_64-7.3.2-20220804-6354275  User: oesteban  Machine: dna075  Platform: Linux  PlatformVersion: 5.14.0-427.37.1.el9_4.x86_64  CompilerName: GCC  CompilerVersion: 8.4.0
ProgramName: mris_volmask  ProgramArguments: mris_volmask -all-info  ProgramVersion: 7.3.2  TimeStamp: 2026/03/08-23:37:04-GMT  BuildTime: Aug  4 2022 06:17:15  BuildStamp: freesurfer-linux-ubuntu22_x86_64-7.3.2-20220804-6354275  User: oesteban  Machine: dna075  Platform: Linux  PlatformVersion: 5.14.0-427.37.1.el9_4.x86_64  CompilerName: GCC  CompilerVersion: 8.4.0
ProgramName: mri_tessellate  ProgramArguments: mri_tessellate -all-info  ProgramVersion: 7.3.2  TimeStamp: 2026/03/08-23:37:04-GMT  BuildTime: Aug  4 2022 06:17:15  BuildStamp: freesurfer-linux-ubuntu22_x86_64-7.3.2-20220804-6354275  User: oesteban  Machine: dna075  Platform: Linux  PlatformVersion: 5.14.0-427.37.1.el9_4.x86_64  CompilerName: GCC  CompilerVersion: 8.4.0
ProgramName: mri_vol2surf  ProgramArguments: mri_vol2surf -all-info  ProgramVersion: 7.3.2  TimeStamp: 2026/03/08-23:37:04-GMT  BuildTime: Aug  4 2022 06:17:15  BuildStamp: freesurfer-linux-ubuntu22_x86_64-7.3.2-20220804-6354275  User: oesteban  Machine: dna075  Platform: Linux  PlatformVersion: 5.14.0-427.37.1.el9_4.x86_64  CompilerName: GCC  CompilerVersion: 8.4.0
ProgramName: mri_vol2vol  ProgramArguments: mri_vol2vol -all-info  ProgramVersion: 7.3.2  TimeStamp: 2026/03/08-23:37:04-GMT  BuildTime: Aug  4 2022 06:17:15  BuildStamp: freesurfer-linux-ubuntu22_x86_64-7.3.2-20220804-6354275  User: oesteban  Machine: dna075  Platform: Linux  PlatformVersion: 5.14.0-427.37.1.el9_4.x86_64  CompilerName: GCC  CompilerVersion: 8.4.0
ProgramName: mri_voldiff  ProgramArguments: mri_voldiff -all-info  ProgramVersion: 7.3.2  TimeStamp: 2026/03/08-23:37:04-GMT  BuildTime: Aug  4 2022 06:17:15  BuildStamp: freesurfer-linux-ubuntu22_x86_64-7.3.2-20220804-6354275  User: oesteban  Machine: dna075  Platform: Linux  PlatformVersion: 5.14.0-427.37.1.el9_4.x86_64  CompilerName: GCC  CompilerVersion: 8.4.0
ProgramName: mri_watershed  ProgramArguments: mri_watershed -all-info  ProgramVersion: 7.3.2  TimeStamp: 2026/03/08-23:37:04-GMT  BuildTime: Aug  4 2022 06:17:15  BuildStamp: freesurfer-linux-ubuntu22_x86_64-7.3.2-20220804-6354275  User: oesteban  Machine: dna075  Platform: Linux  PlatformVersion: 5.14.0-427.37.1.el9_4.x86_64  CompilerName: GCC  CompilerVersion: 8.4.0
ProgramName: tkregister2  ProgramArguments: tkregister2_cmdl -all-info  ProgramVersion: 7.3.2  TimeStamp: 2026/03/08-23:37:04-GMT  BuildTime: Aug  4 2022 06:17:15  BuildStamp: freesurfer-linux-ubuntu22_x86_64-7.3.2-20220804-6354275  User: oesteban  Machine: dna075  Platform: Linux  PlatformVersion: 5.14.0-427.37.1.el9_4.x86_64  CompilerName: GCC  CompilerVersion: 8.4.0
mri_motion_correct.fsl 7.3.2
mri_convert -all-info 
ProgramName: mri_convert  ProgramArguments: mri_convert -all-info  ProgramVersion: 7.3.2  TimeStamp: 2026/03/08-23:37:04-GMT  BuildTime: Aug  4 2022 06:17:15  BuildStamp: freesurfer-linux-ubuntu22_x86_64-7.3.2-20220804-6354275  User: oesteban  Machine: dna075  Platform: Linux  PlatformVersion: 5.14.0-427.37.1.el9_4.x86_64  CompilerName: GCC  CompilerVersion: 8.4.0
Program nu_correct, built from:
Package MNI N3, version 1.12.0, compiled by nicks@terrier (x86_64-unknown-linux-gnu) on 2015-06-19 at 01:25:34
#######################################
GCADIR /opt/freesurfer/average
GCA RB_all_2020-01-02.gca
GCASkull RB_all_withskull_2020_01_02.gca
AvgCurvTif folding.atlas.acfb40.noaparc.i12.2016-08-02.tif
GCSDIR /opt/freesurfer/average
GCS DKaparc.atlas.acfb40.noaparc.i12.2016-08-02.gcs
#######################################
#--------------------------------------------
#@# Tessellate lh Mon Mar  9 00:37:04 CET 2026
/out/sourcedata/freesurfer/sub-v1s16x0051181_ses-1/scripts

 mri_pretess ../mri/filled.mgz 255 ../mri/norm.mgz ../mri/filled-pretess255.mgz 


Iteration Number : 1
pass   1 (xy+):   2 found -   2 modified     |    TOTAL:   2
pass   2 (xy+):   0 found -   2 modified     |    TOTAL:   2
pass   1 (xy-):   0 found -   0 modified     |    TOTAL:   2
pass   1 (yz+):   7 found -   7 modified     |    TOTAL:   9
pass   2 (yz+):   0 found -   7 modified     |    TOTAL:   9
pass   1 (yz-):   7 found -   7 modified     |    TOTAL:  16
pass   2 (yz-):   0 found -   7 modified     |    TOTAL:  16
pass   1 (xz+):   1 found -   1 modified     |    TOTAL:  17
pass   2 (xz+):   0 found -   1 modified     |    TOTAL:  17
pass   1 (xz-):   2 found -   2 modified     |    TOTAL:  19
pass   2 (xz-):   0 found -   2 modified     |    TOTAL:  19
Iteration Number : 1
pass   1 (+++):   0 found -   0 modified     |    TOTAL:   0
pass   1 (+++):   0 found -   0 modified     |    TOTAL:   0
pass   1 (+++):   0 found -   0 modified     |    TOTAL:   0
pass   1 (+++):   0 found -   0 modified     |    TOTAL:   0
Iteration Number : 1
pass   1 (++):   0 found -   0 modified     |    TOTAL:   0
pass   1 (+-):   3 found -   3 modified     |    TOTAL:   3
pass   2 (+-):   0 found -   3 modified     |    TOTAL:   3
pass   1 (--):   1 found -   1 modified     |    TOTAL:   4
pass   2 (--):   0 found -   1 modified     |    TOTAL:   4
pass   1 (-+):   0 found -   0 modified     |    TOTAL:   4
Iteration Number : 2
pass   1 (xy+):   0 found -   0 modified     |    TOTAL:   0
pass   1 (xy-):   0 found -   0 modified     |    TOTAL:   0
pass   1 (yz+):   0 found -   0 modified     |    TOTAL:   0
pass   1 (yz-):   1 found -   1 modified     |    TOTAL:   1
pass   2 (yz-):   0 found -   1 modified     |    TOTAL:   1
pass   1 (xz+):   0 found -   0 modified     |    TOTAL:   1
pass   1 (xz-):   0 found -   0 modified     |    TOTAL:   1
Iteration Number : 2
pass   1 (+++):   0 found -   0 modified     |    TOTAL:   0
pass   1 (+++):   0 found -   0 modified     |    TOTAL:   0
pass   1 (+++):   0 found -   0 modified     |    TOTAL:   0
pass   1 (+++):   0 found -   0 modified     |    TOTAL:   0
Iteration Number : 2
pass   1 (++):   0 found -   0 modified     |    TOTAL:   0
pass   1 (+-):   0 found -   0 modified     |    TOTAL:   0
pass   1 (--):   0 found -   0 modified     |    TOTAL:   0
pass   1 (-+):   0 found -   0 modified     |    TOTAL:   0
Iteration Number : 3
pass   1 (xy+):   0 found -   0 modified     |    TOTAL:   0
pass   1 (xy-):   0 found -   0 modified     |    TOTAL:   0
pass   1 (yz+):   0 found -   0 modified     |    TOTAL:   0
pass   1 (yz-):   0 found -   0 modified     |    TOTAL:   0
pass   1 (xz+):   0 found -   0 modified     |    TOTAL:   0
pass   1 (xz-):   0 found -   0 modified     |    TOTAL:   0
Iteration Number : 3
pass   1 (+++):   0 found -   0 modified     |    TOTAL:   0
pass   1 (+++):   0 found -   0 modified     |    TOTAL:   0
pass   1 (+++):   0 found -   0 modified     |    TOTAL:   0
pass   1 (+++):   0 found -   0 modified     |    TOTAL:   0
Iteration Number : 3
pass   1 (++):   0 found -   0 modified     |    TOTAL:   0
pass   1 (+-):   0 found -   0 modified     |    TOTAL:   0
pass   1 (--):   0 found -   0 modified     |    TOTAL:   0
pass   1 (-+):   0 found -   0 modified     |    TOTAL:   0

Total Number of Modified Voxels = 24 (out of 237153: 0.010120)
Ambiguous edge configurations... 

mri_pretess done


 mri_tessellate ../mri/filled-pretess255.mgz 255 ../surf/lh.orig.nofix 

7.3.2
  7.3.2
slice 50: 1027 vertices, 1112 faces
slice 60: 5322 vertices, 5512 faces
slice 70: 12086 vertices, 12297 faces
slice 80: 19359 vertices, 19628 faces
slice 90: 29752 vertices, 30097 faces
slice 100: 39454 vertices, 39757 faces
slice 110: 50577 vertices, 50995 faces
slice 120: 62948 vertices, 63424 faces
slice 130: 75188 vertices, 75635 faces
slice 140: 86974 vertices, 87409 faces
slice 150: 97193 vertices, 97547 faces
slice 160: 106021 vertices, 106430 faces
slice 170: 114569 vertices, 114914 faces
slice 180: 121199 vertices, 121515 faces
slice 190: 126930 vertices, 127191 faces
slice 200: 131500 vertices, 131695 faces
slice 210: 133644 vertices, 133718 faces
slice 220: 133650 vertices, 133720 faces
slice 230: 133650 vertices, 133720 faces
slice 240: 133650 vertices, 133720 faces
slice 250: 133650 vertices, 133720 faces
using the conformed surface RAS to save vertex points...
writing ../surf/lh.orig.nofix
using vox2ras matrix:
-1.00000   0.00000   0.00000   128.00000;
 0.00000   0.00000   1.00000  -128.00000;
 0.00000  -1.00000   0.00000   128.00000;
 0.00000   0.00000   0.00000   1.00000;

 rm -f ../mri/filled-pretess255.mgz 


 mris_extract_main_component ../surf/lh.orig.nofix ../surf/lh.orig.nofix 


counting number of connected components...
   133650 voxel in cpt #1: X=-70 [v=133650,e=401160,f=267440] located at (-32.295937, -4.803905, 38.285709)
For the whole surface: X=-70 [v=133650,e=401160,f=267440]
One single component has been found
nothing to do
done

#--------------------------------------------
#@# Smooth1 lh Mon Mar  9 00:37:07 CET 2026
/out/sourcedata/freesurfer/sub-v1s16x0051181_ses-1/scripts

 mris_smooth -nw -seed 1234 ../surf/lh.orig.nofix ../surf/lh.smoothwm.nofix 

setting seed for random number generator to 1234
smoothing surface tessellation for 10 iterations...
smoothing complete - recomputing first and second fundamental forms...
#--------------------------------------------
#@# Inflation1 lh Mon Mar  9 00:37:09 CET 2026
/out/sourcedata/freesurfer/sub-v1s16x0051181_ses-1/scripts

 mris_inflate -no-save-sulc ../surf/lh.smoothwm.nofix ../surf/lh.inflated.nofix 

Not saving sulc
Reading ../surf/lh.smoothwm.nofix
avg radius = 46.4 mm, total surface area = 71193 mm^2
step 000: RMS=0.159 (target=0.015)   step 005: RMS=0.124 (target=0.015)   step 010: RMS=0.097 (target=0.015)   step 015: RMS=0.084 (target=0.015)   step 020: RMS=0.074 (target=0.015)   step 025: RMS=0.066 (target=0.015)   step 030: RMS=0.061 (target=0.015)   step 035: RMS=0.058 (target=0.015)   step 040: RMS=0.054 (target=0.015)   step 045: RMS=0.051 (target=0.015)   step 050: RMS=0.050 (target=0.015)   step 055: RMS=0.051 (target=0.015)   step 060: RMS=0.051 (target=0.015)   writing inflated surface to ../surf/lh.inflated.nofix
inflation took 0.1 minutes

inflation complete.
Not saving sulc
mris_inflate utimesec    40.044653
mris_inflate stimesec    1.704928
mris_inflate ru_maxrss   211824
mris_inflate ru_ixrss    0
mris_inflate ru_idrss    0
mris_inflate ru_isrss    0
mris_inflate ru_minflt   610945
mris_inflate ru_majflt   31
mris_inflate ru_nswap    0
mris_inflate ru_inblock  1672
mris_inflate ru_oublock  9408
mris_inflate ru_msgsnd   0
mris_inflate ru_msgrcv   0
mris_inflate ru_nsignals 0
mris_inflate ru_nvcsw    5162
mris_inflate ru_nivcsw   212
#--------------------------------------------
#@# QSphere lh Mon Mar  9 00:37:17 CET 2026
/out/sourcedata/freesurfer/sub-v1s16x0051181_ses-1/scripts

 mris_sphere -q -p 6 -a 128 -seed 1234 ../surf/lh.inflated.nofix ../surf/lh.qsphere.nofix 

doing quick spherical unfolding.
limitting unfolding to 6 passes
using n_averages = 128
setting seed for random number genererator to 1234
version: 7.3.2
available threads: 16
scaling brain by 0.312...
inflating...
projecting onto sphere...
surface projected - minimizing metric distortion...
vertex spacing 0.98 +- 0.59 (0.00-->6.92) (max @ vno 47426 --> 47438)
face area 0.03 +- 0.03 (-0.06-->0.78)
Entering MRISinflateToSphere()
inflating to sphere (rms error < 2.00)
000: dt: 0.0000, rms radial error=176.881, avgs=0
005/300: dt: 0.9000, rms radial error=176.624, avgs=0
010/300: dt: 0.9000, rms radial error=176.071, avgs=0
015/300: dt: 0.9000, rms radial error=175.345, avgs=0
020/300: dt: 0.9000, rms radial error=174.516, avgs=0
025/300: dt: 0.9000, rms radial error=173.629, avgs=0
030/300: dt: 0.9000, rms radial error=172.711, avgs=0
035/300: dt: 0.9000, rms radial error=171.775, avgs=0
040/300: dt: 0.9000, rms radial error=170.832, avgs=0
045/300: dt: 0.9000, rms radial error=169.886, avgs=0
050/300: dt: 0.9000, rms radial error=168.940, avgs=0
055/300: dt: 0.9000, rms radial error=167.997, avgs=0
060/300: dt: 0.9000, rms radial error=167.057, avgs=0
065/300: dt: 0.9000, rms radial error=166.121, avgs=0
070/300: dt: 0.9000, rms radial error=165.190, avgs=0
075/300: dt: 0.9000, rms radial error=164.263, avgs=0
080/300: dt: 0.9000, rms radial error=163.341, avgs=0
085/300: dt: 0.9000, rms radial error=162.424, avgs=0
090/300: dt: 0.9000, rms radial error=161.512, avgs=0
095/300: dt: 0.9000, rms radial error=160.605, avgs=0
100/300: dt: 0.9000, rms radial error=159.702, avgs=0
105/300: dt: 0.9000, rms radial error=158.804, avgs=0
110/300: dt: 0.9000, rms radial error=157.911, avgs=0
115/300: dt: 0.9000, rms radial error=157.023, avgs=0
120/300: dt: 0.9000, rms radial error=156.139, avgs=0
125/300: dt: 0.9000, rms radial error=155.260, avgs=0
130/300: dt: 0.9000, rms radial error=154.385, avgs=0
135/300: dt: 0.9000, rms radial error=153.515, avgs=0
140/300: dt: 0.9000, rms radial error=152.650, avgs=0
145/300: dt: 0.9000, rms radial error=151.789, avgs=0
150/300: dt: 0.9000, rms radial error=150.934, avgs=0
155/300: dt: 0.9000, rms radial error=150.082, avgs=0
160/300: dt: 0.9000, rms radial error=149.237, avgs=0
165/300: dt: 0.9000, rms radial error=148.396, avgs=0
170/300: dt: 0.9000, rms radial error=147.560, avgs=0
175/300: dt: 0.9000, rms radial error=146.728, avgs=0
180/300: dt: 0.9000, rms radial error=145.902, avgs=0
185/300: dt: 0.9000, rms radial error=145.080, avgs=0
190/300: dt: 0.9000, rms radial error=144.263, avgs=0
195/300: dt: 0.9000, rms radial error=143.450, avgs=0
200/300: dt: 0.9000, rms radial error=142.642, avgs=0
205/300: dt: 0.9000, rms radial error=141.838, avgs=0
210/300: dt: 0.9000, rms radial error=141.039, avgs=0
215/300: dt: 0.9000, rms radial error=140.244, avgs=0
220/300: dt: 0.9000, rms radial error=139.453, avgs=0
225/300: dt: 0.9000, rms radial error=138.667, avgs=0
230/300: dt: 0.9000, rms radial error=137.886, avgs=0
235/300: dt: 0.9000, rms radial error=137.109, avgs=0
240/300: dt: 0.9000, rms radial error=136.336, avgs=0
245/300: dt: 0.9000, rms radial error=135.567, avgs=0
250/300: dt: 0.9000, rms radial error=134.802, avgs=0
255/300: dt: 0.9000, rms radial error=134.042, avgs=0
260/300: dt: 0.9000, rms radial error=133.286, avgs=0
265/300: dt: 0.9000, rms radial error=132.534, avgs=0
270/300: dt: 0.9000, rms radial error=131.787, avgs=0
275/300: dt: 0.9000, rms radial error=131.043, avgs=0
280/300: dt: 0.9000, rms radial error=130.304, avgs=0
285/300: dt: 0.9000, rms radial error=129.570, avgs=0
290/300: dt: 0.9000, rms radial error=128.839, avgs=0
295/300: dt: 0.9000, rms radial error=128.113, avgs=0
300/300: dt: 0.9000, rms radial error=127.391, avgs=0

spherical inflation complete.
epoch 1 (K=10.0), pass 1, starting sse = 15613.50
taking momentum steps...
taking momentum steps...
taking momentum steps...
taking momentum steps...
pass 1 complete, delta sse/iter = 0.00/13 = 0.00025
epoch 2 (K=40.0), pass 1, starting sse = 2586.42
taking momentum steps...
taking momentum steps...
taking momentum steps...
taking momentum steps...
pass 1 complete, delta sse/iter = 0.00/13 = 0.00031
epoch 3 (K=160.0), pass 1, starting sse = 266.04
taking momentum steps...
taking momentum steps...
taking momentum steps...
taking momentum steps...
pass 1 complete, delta sse/iter = 0.10/14 = 0.00683
epoch 4 (K=640.0), pass 1, starting sse = 19.76
taking momentum steps...
taking momentum steps...
taking momentum steps...
taking momentum steps...
pass 1 complete, delta sse/iter = 0.06/17 = 0.00330
final distance error %100000.00
writing spherical brain to ../surf/lh.qsphere.nofix
spherical transformation took 0.0102 hours
FSRUNTIME@ mris_sphere  0.0102 hours 16 threads
#VMPC# mris_sphere VmPeak  1551784
mris_sphere done
#@# Fix Topology lh Mon Mar  9 00:37:54 CET 2026

 mris_fix_topology -mgz -sphere qsphere.nofix -inflated inflated.nofix -orig orig.nofix -out orig.premesh -ga -seed 1234 sub-v1s16x0051181_ses-1 lh 

reading spherical homeomorphism from 'qsphere.nofix'
reading inflated coordinates from 'inflated.nofix'
reading original coordinates from 'orig.nofix'
using genetic algorithm with optimized parameters
setting seed for random number genererator to 1234

*************************************************************
Topology Correction Parameters
retessellation mode:           genetic search
number of patches/generation : 10
number of generations :        10
surface mri loglikelihood coefficient :         1.0
volume mri loglikelihood coefficient :          10.0
normal dot loglikelihood coefficient :          1.0
quadratic curvature loglikelihood coefficient : 1.0
volume resolution :                             2
eliminate vertices during search :              1
initial patch selection :                       1
select all defect vertices :                    0
ordering dependant retessellation:              0
use precomputed edge table :                    0
smooth retessellated patch :                    2
match retessellated patch :                     1
verbose mode :                                  0

*************************************************************
INFO: assuming .mgz format
writing corrected surface to 'orig.premesh'
7.3.2
  7.3.2
before topology correction, eno=-70 (nv=133650, nf=267440, ne=401160, g=36)
using quasi-homeomorphic spherical map to tessellate cortical surface...

Correction of the Topology
Finding true center and radius of Spherical Surface...done
Surface centered at (0,0,0) with radius 100.0 in 8 iterations
marking ambiguous vertices...
8390 ambiguous faces found in tessellation
segmenting defects...
50 defects found, arbitrating ambiguous regions...
analyzing neighboring defects...
      -merging segment 28 into 21
      -merging segment 30 into 25
48 defects to be corrected 
0 vertices coincident
reading input surface /out/sourcedata/freesurfer/sub-v1s16x0051181_ses-1/surf/lh.qsphere.nofix...
reading brain volume from brain...
reading wm segmentation from wm...
Reading original properties of orig.nofix
Reading vertex positions of inflated.nofix
Computing Initial Surface Statistics
      -face       loglikelihood: -9.4171  (-4.7085)
      -vertex     loglikelihood: -6.3013  (-3.1507)
      -normal dot loglikelihood: -3.6535  (-3.6535)
      -quad curv  loglikelihood: -6.2235  (-3.1117)
      Total Loglikelihood : -25.5954
CORRECTING DEFECT 0 (vertices=146, convex hull=118, v0=139)
After retessellation of defect 0 (v0=139), euler #=-43 (128738,384773,255992) : difference with theory (-45) = -2 
CORRECTING DEFECT 1 (vertices=192, convex hull=168, v0=770)
After retessellation of defect 1 (v0=770), euler #=-42 (128805,385052,256205) : difference with theory (-44) = -2 
CORRECTING DEFECT 2 (vertices=10, convex hull=17, v0=1588)
After retessellation of defect 2 (v0=1588), euler #=-41 (128805,385056,256210) : difference with theory (-43) = -2 
CORRECTING DEFECT 3 (vertices=46, convex hull=48, v0=5001)
After retessellation of defect 3 (v0=5001), euler #=-40 (128817,385108,256251) : difference with theory (-42) = -2 
CORRECTING DEFECT 4 (vertices=29, convex hull=68, v0=6885)
After retessellation of defect 4 (v0=6885), euler #=-39 (128832,385178,256307) : difference with theory (-41) = -2 
CORRECTING DEFECT 5 (vertices=20, convex hull=55, v0=18646)
After retessellation of defect 5 (v0=18646), euler #=-38 (128841,385226,256347) : difference with theory (-40) = -2 
CORRECTING DEFECT 6 (vertices=46, convex hull=74, v0=19909)
After retessellation of defect 6 (v0=19909), euler #=-37 (128861,385315,256417) : difference with theory (-39) = -2 
CORRECTING DEFECT 7 (vertices=58, convex hull=77, v0=22353)
After retessellation of defect 7 (v0=22353), euler #=-36 (128885,385418,256497) : difference with theory (-38) = -2 
CORRECTING DEFECT 8 (vertices=54, convex hull=43, v0=28470)
After retessellation of defect 8 (v0=28470), euler #=-35 (128894,385460,256531) : difference with theory (-37) = -2 
CORRECTING DEFECT 9 (vertices=18, convex hull=26, v0=31836)
After retessellation of defect 9 (v0=31836), euler #=-34 (128897,385476,256545) : difference with theory (-36) = -2 
CORRECTING DEFECT 10 (vertices=9, convex hull=30, v0=31966)
After retessellation of defect 10 (v0=31966), euler #=-33 (128900,385494,256561) : difference with theory (-35) = -2 
CORRECTING DEFECT 11 (vertices=42, convex hull=45, v0=34593)
After retessellation of defect 11 (v0=34593), euler #=-32 (128911,385546,256603) : difference with theory (-34) = -2 
CORRECTING DEFECT 12 (vertices=13, convex hull=22, v0=35918)
After retessellation of defect 12 (v0=35918), euler #=-31 (128912,385556,256613) : difference with theory (-33) = -2 
CORRECTING DEFECT 13 (vertices=60, convex hull=80, v0=37432)
After retessellation of defect 13 (v0=37432), euler #=-30 (128944,385681,256707) : difference with theory (-32) = -2 
CORRECTING DEFECT 14 (vertices=133, convex hull=79, v0=39655)
After retessellation of defect 14 (v0=39655), euler #=-29 (128982,385836,256825) : difference with theory (-31) = -2 
CORRECTING DEFECT 15 (vertices=371, convex hull=79, v0=41218)
After retessellation of defect 15 (v0=41218), euler #=-28 (129025,385999,256946) : difference with theory (-30) = -2 
CORRECTING DEFECT 16 (vertices=31, convex hull=56, v0=42205)
After retessellation of defect 16 (v0=42205), euler #=-27 (129039,386058,256992) : difference with theory (-29) = -2 
CORRECTING DEFECT 17 (vertices=45, convex hull=49, v0=43386)
After retessellation of defect 17 (v0=43386), euler #=-26 (129066,386161,257069) : difference with theory (-28) = -2 
CORRECTING DEFECT 18 (vertices=25, convex hull=34, v0=43699)
After retessellation of defect 18 (v0=43699), euler #=-25 (129071,386188,257092) : difference with theory (-27) = -2 
CORRECTING DEFECT 19 (vertices=26, convex hull=59, v0=44249)
After retessellation of defect 19 (v0=44249), euler #=-24 (129080,386239,257135) : difference with theory (-26) = -2 
CORRECTING DEFECT 20 (vertices=23, convex hull=44, v0=46289)
After retessellation of defect 20 (v0=46289), euler #=-23 (129093,386293,257177) : difference with theory (-25) = -2 
CORRECTING DEFECT 21 (vertices=581, convex hull=285, v0=50507)
After retessellation of defect 21 (v0=50507), euler #=-22 (129185,386724,257517) : difference with theory (-24) = -2 
CORRECTING DEFECT 22 (vertices=37, convex hull=53, v0=52730)
After retessellation of defect 22 (v0=52730), euler #=-21 (129201,386796,257574) : difference with theory (-23) = -2 
CORRECTING DEFECT 23 (vertices=22, convex hull=50, v0=57992)
After retessellation of defect 23 (v0=57992), euler #=-20 (129215,386860,257625) : difference with theory (-22) = -2 
CORRECTING DEFECT 24 (vertices=49, convex hull=61, v0=60615)
After retessellation of defect 24 (v0=60615), euler #=-19 (129238,386956,257699) : difference with theory (-21) = -2 
CORRECTING DEFECT 25 (vertices=109, convex hull=50, v0=60814)
After retessellation of defect 25 (v0=60814), euler #=-17 (129248,387007,257742) : difference with theory (-20) = -3 
CORRECTING DEFECT 26 (vertices=52, convex hull=97, v0=61927)
After retessellation of defect 26 (v0=61927), euler #=-16 (129270,387116,257830) : difference with theory (-19) = -3 
CORRECTING DEFECT 27 (vertices=52, convex hull=46, v0=62167)
After retessellation of defect 27 (v0=62167), euler #=-15 (129294,387205,257896) : difference with theory (-18) = -3 
CORRECTING DEFECT 28 (vertices=18, convex hull=28, v0=70083)
After retessellation of defect 28 (v0=70083), euler #=-14 (129297,387219,257908) : difference with theory (-17) = -3 
CORRECTING DEFECT 29 (vertices=91, convex hull=44, v0=71370)
After retessellation of defect 29 (v0=71370), euler #=-13 (129304,387261,257944) : difference with theory (-16) = -3 
CORRECTING DEFECT 30 (vertices=120, convex hull=66, v0=73733)
After retessellation of defect 30 (v0=73733), euler #=-12 (129320,387336,258004) : difference with theory (-15) = -3 
CORRECTING DEFECT 31 (vertices=13, convex hull=18, v0=73949)
After retessellation of defect 31 (v0=73949), euler #=-11 (129321,387345,258013) : difference with theory (-14) = -3 
CORRECTING DEFECT 32 (vertices=79, convex hull=52, v0=76086)
After retessellation of defect 32 (v0=76086), euler #=-10 (129338,387418,258070) : difference with theory (-13) = -3 
CORRECTING DEFECT 33 (vertices=67, convex hull=92, v0=81754)
After retessellation of defect 33 (v0=81754), euler #=-9 (129375,387570,258186) : difference with theory (-12) = -3 
CORRECTING DEFECT 34 (vertices=130, convex hull=53, v0=83421)
After retessellation of defect 34 (v0=83421), euler #=-8 (129385,387620,258227) : difference with theory (-11) = -3 
CORRECTING DEFECT 35 (vertices=5, convex hull=23, v0=84406)
After retessellation of defect 35 (v0=84406), euler #=-7 (129387,387631,258237) : difference with theory (-10) = -3 
CORRECTING DEFECT 36 (vertices=1320, convex hull=482, v0=84429)
A large defect has been detected...
This often happens because cerebellum or dura has not been removed from wm.mgz.
This may cause recon-all to run very slowly or crash.
if so, see https://surfer.nmr.mgh.harvard.edu/fswiki/FsTutorial/TopologicalDefect_freeview
After retessellation of defect 36 (v0=84429), euler #=-9 (129641,388658,259008) : difference with theory (-9) = 0 
CORRECTING DEFECT 37 (vertices=34, convex hull=22, v0=84584)
After retessellation of defect 37 (v0=84584), euler #=-8 (129645,388674,259021) : difference with theory (-8) = 0 
CORRECTING DEFECT 38 (vertices=279, convex hull=146, v0=86621)
After retessellation of defect 38 (v0=86621), euler #=-7 (129730,388994,259257) : difference with theory (-7) = 0 
CORRECTING DEFECT 39 (vertices=20, convex hull=56, v0=87383)
After retessellation of defect 39 (v0=87383), euler #=-6 (129744,389053,259303) : difference with theory (-6) = 0 
CORRECTING DEFECT 40 (vertices=187, convex hull=59, v0=89076)
After retessellation of defect 40 (v0=89076), euler #=-5 (129759,389124,259360) : difference with theory (-5) = 0 
CORRECTING DEFECT 41 (vertices=31, convex hull=58, v0=92725)
After retessellation of defect 41 (v0=92725), euler #=-4 (129776,389199,259419) : difference with theory (-4) = 0 
CORRECTING DEFECT 42 (vertices=25, convex hull=31, v0=97916)
After retessellation of defect 42 (v0=97916), euler #=-3 (129779,389223,259441) : difference with theory (-3) = 0 
CORRECTING DEFECT 43 (vertices=58, convex hull=70, v0=99545)
After retessellation of defect 43 (v0=99545), euler #=-2 (129803,389321,259516) : difference with theory (-2) = 0 
CORRECTING DEFECT 44 (vertices=99, convex hull=58, v0=104230)
After retessellation of defect 44 (v0=104230), euler #=-1 (129807,389360,259552) : difference with theory (-1) = 0 
CORRECTING DEFECT 45 (vertices=27, convex hull=56, v0=117357)
After retessellation of defect 45 (v0=117357), euler #=0 (129822,389427,259605) : difference with theory (0) = 0 
CORRECTING DEFECT 46 (vertices=24, convex hull=49, v0=129287)
After retessellation of defect 46 (v0=129287), euler #=1 (129831,389475,259645) : difference with theory (1) = 0 
CORRECTING DEFECT 47 (vertices=20, convex hull=35, v0=130649)
After retessellation of defect 47 (v0=130649), euler #=2 (129833,389493,259662) : difference with theory (2) = 0 
computing original vertex metric properties...
storing new metric properties...
computing tessellation statistics...
vertex spacing 0.89 +- 0.24 (0.07-->11.19) (max @ vno 93866 --> 98110)
face area -nan +- -nan (1000.00-->-1.00)
performing soap bubble on retessellated vertices for 0 iterations...
vertex spacing 0.89 +- 0.24 (0.07-->11.19) (max @ vno 93866 --> 98110)
face area -nan +- -nan (1000.00-->-1.00)
tessellation finished, orienting corrected surface...
158 mutations (35.4%), 288 crossovers (64.6%), 268 vertices were eliminated
building final representation...
3817 vertices and 0 faces have been removed from triangulation
after topology correction, eno=2 (nv=129833, nf=259662, ne=389493, g=0)
writing corrected surface to /out/sourcedata/freesurfer/sub-v1s16x0051181_ses-1/surf/lh.orig.premesh...

0.000 % of the vertices (0 vertices) exhibit an orientation change
removing intersecting faces
000: 501 intersecting
001: 64 intersecting
002: 3 intersecting
terminating search with 0 intersecting
topology fixing took 1.8 minutes
FSRUNTIME@ mris_fix_topology lh  0.0296 hours 16 threads
#VMPC# mris_fix_topology VmPeak  1937696

 mris_euler_number ../surf/lh.orig.premesh 

euler # = v-e+f = 2g-2: 129833 - 389493 + 259662 = 2 --> 0 holes
      F =2V-4:          259662 = 259666-4 (0)
      2E=3F:            778986 = 778986 (0)

total defect index = 0
Mon Mar  9 00:39:41 CET 2026

setenv SUBJECTS_DIR /out/sourcedata/freesurfer
cd /out/sourcedata/freesurfer/sub-v1s16x0051181_ses-1/scripts
/opt/freesurfer/bin/defect2seg --s sub-v1s16x0051181_ses-1 --lh-only --cortex

freesurfer-linux-ubuntu22_x86_64-7.3.2-20220804-6354275
defect2seg 7.3.2
Linux dna075 5.14.0-427.37.1.el9_4.x86_64 #1 SMP PREEMPT_DYNAMIC Fri Sep 13 12:41:50 EDT 2024 x86_64 x86_64 x86_64 GNU/Linux
pid 3522745
mri_label2label --label-cortex /out/sourcedata/freesurfer/sub-v1s16x0051181_ses-1/surf/lh.orig.nofix /out/sourcedata/freesurfer/sub-v1s16x0051181_ses-1/mri/aseg.presurf.mgz 0 /out/sourcedata/freesurfer/sub-v1s16x0051181_ses-1/label/lh.nofix.cortex.label

 Generating cortex label... RemoveHipAmgy=0
 NucAccIsMedialWall=0
 mris->useRealRAS=0
9 non-cortical segments detected
only using segment with 7284 vertices
erasing segment 1 (vno[0] = 85534)
erasing segment 2 (vno[0] = 85748)
erasing segment 3 (vno[0] = 86583)
erasing segment 4 (vno[0] = 86618)
erasing segment 5 (vno[0] = 88989)
erasing segment 6 (vno[0] = 91297)
erasing segment 7 (vno[0] = 93360)
erasing segment 8 (vno[0] = 96883)
mri_label2vol --defects /out/sourcedata/freesurfer/sub-v1s16x0051181_ses-1/surf/lh.orig.nofix /out/sourcedata/freesurfer/sub-v1s16x0051181_ses-1/surf/lh.defect_labels /out/sourcedata/freesurfer/sub-v1s16x0051181_ses-1/mri/orig.mgz 1000 0 /out/sourcedata/freesurfer/sub-v1s16x0051181_ses-1/mri/lh.surface.defects.mgz /out/sourcedata/freesurfer/sub-v1s16x0051181_ses-1/label/lh.nofix.cortex.label
mri_label2vol supposed to be reproducible but seed not set
Contraining to label /out/sourcedata/freesurfer/sub-v1s16x0051181_ses-1/label/lh.nofix.cortex.label
Changing input type 0 to MRI_INT
Converting defects to volume: offset=1000, merge=0
Writing to /out/sourcedata/freesurfer/sub-v1s16x0051181_ses-1/mri/lh.surface.defects.mgz
mris_defects_pointset -s /out/sourcedata/freesurfer/sub-v1s16x0051181_ses-1/surf/lh.orig.nofix -d /out/sourcedata/freesurfer/sub-v1s16x0051181_ses-1/surf/lh.defect_labels -o /out/sourcedata/freesurfer/sub-v1s16x0051181_ses-1/surf/lh.defects.pointset --label /out/sourcedata/freesurfer/sub-v1s16x0051181_ses-1/label/lh.nofix.cortex.label
Reading in surface /out/sourcedata/freesurfer/sub-v1s16x0051181_ses-1/surf/lh.orig.nofix
Reading in defect segmentation /out/sourcedata/freesurfer/sub-v1s16x0051181_ses-1/surf/lh.defect_labels
Reading in label /out/sourcedata/freesurfer/sub-v1s16x0051181_ses-1/label/lh.nofix.cortex.label
#VMPC# mris_defects_pointset 1264444
mris_defects_pointset done
 
Started at Mon Mar 9 00:39:41 CET 2026 
Ended   at Mon Mar  9 00:39:51 CET 2026
Defect2seg-Run-Time-Sec 10
Defect2seg-Run-Time-Min 0.20
Defect2seg-Run-Time-Hours 0.00
 
tkmeditfv sub-v1s16x0051181_ses-1 brain.finalsurfs.mgz -defect
defect2seg Done

 mris_remesh --remesh --iters 3 --input /out/sourcedata/freesurfer/sub-v1s16x0051181_ses-1/surf/lh.orig.premesh --output /out/sourcedata/freesurfer/sub-v1s16x0051181_ses-1/surf/lh.orig 

iters = 3
standard remeshing without target
   adjusted l: 0.712802
remeshing to edge length 0.712802 with 3 iterations

avg qual before   : 0.888891  after: 0.971314

Removing intersections
Remeshed surface quality stats nv0 = 129833  nv = 134473  1.03574
Area    268942  0.30436  0.03373 0.082030   0.4742
Corner  806826 60.00000  8.77326 18.876595 139.1736
Edge    403413  0.84635  0.08247 0.453498   1.3085
Hinge   403413  9.90436 10.89162 0.000011 149.2493
mris_remesh done
/out/sourcedata/freesurfer/sub-v1s16x0051181_ses-1/scripts

 mris_remove_intersection ../surf/lh.orig ../surf/lh.orig 

intersection removal took 0.00 hours
writing corrected surface to ../surf/lh.orig

 rm -f ../surf/lh.inflated 

#--------------------------------------------
#@# AutoDetGWStats lh Mon Mar  9 00:40:16 CET 2026
cd /out/sourcedata/freesurfer/sub-v1s16x0051181_ses-1/mri
mris_autodet_gwstats --o ../surf/autodet.gw.stats.lh.dat --i brain.finalsurfs.mgz --wm wm.mgz --surf ../surf/lh.orig.premesh
7.3.2

cd /out/sourcedata/freesurfer/sub-v1s16x0051181_ses-1/mri
setenv SUBJECTS_DIR /out/sourcedata/freesurfer
mris_autodet_gwstats --o ../surf/autodet.gw.stats.lh.dat --i brain.finalsurfs.mgz --wm wm.mgz --surf ../surf/lh.orig.premesh 

border white:    235162 voxels (1.40%)
border gray      281495 voxels (1.68%)
Reading in intensity volume brain.finalsurfs.mgz
Reading in wm volume wm.mgz
Reading in surf ../surf/lh.orig.premesh
Auto detecting stats
MRIclipBrightWM(): nthresh=13988, wmmin=5, clip=110 
Binarizing thresholding at 5
computing class statistics... low=30, hi=110.000000
CCS WM (97.0): 97.3 +- 8.3 [70.0 --> 110.0]
CCS GM (72.0) : 71.8 +- 10.5 [30.0 --> 110.0]
white_mean = 97.2517 +/- 8.28956, gray_mean = 71.8442 +/- 10.5007
using class modes intead of means, discounting robust sigmas....
MRIScomputeClassModes(): min=0 max=255 nbins=256
intensity peaks found at WM=102+-7.0,    GM=68+-7.0
white_mode = 102, gray_mode = 68
std_scale = 1
Applying sanity checks, max_scale_down = 0.2
setting MIN_GRAY_AT_WHITE_BORDER to 57.5 (was 70.000000)
setting MAX_BORDER_WHITE to 110.3 (was 105.000000)
setting MIN_BORDER_WHITE to 68.0 (was 85.000000)
setting MAX_CSF to 47.0 (was 40.000000)
setting MAX_GRAY to 93.7 (was 95.000000)
setting MAX_GRAY_AT_CSF_BORDER to 57.5 (was 75.000000)
setting MIN_GRAY_AT_CSF_BORDER to 36.5 (was 40.000000)
When placing the white surface
  white_border_hi   = 110.29;
  white_border_low  = 68;
  white_outside_low = 57.4993;
  white_inside_hi   = 120;
  white_outside_hi  = 110.29;
When placing the pial surface
  pial_border_hi   = 57.4993;
  pial_border_low  = 36.4979;
  pial_outside_low = 10;
  pial_inside_hi   = 93.7104;
  pial_outside_hi  = 52.2489;
#VMPC# mris_autodet_gwstats VmPeak  1460068
mris_autodet_gwstats done
#--------------------------------------------
#@# WhitePreAparc lh Mon Mar  9 00:40:19 CET 2026
cd /out/sourcedata/freesurfer/sub-v1s16x0051181_ses-1/mri
mris_place_surface --adgws-in ../surf/autodet.gw.stats.lh.dat --wm wm.mgz --threads 16 --invol brain.finalsurfs.mgz --lh --i ../surf/lh.orig --o ../surf/lh.white.preaparc --white --seg aseg.presurf.mgz --nsmooth 5
7.3.2
7.3.2

cd /out/sourcedata/freesurfer/sub-v1s16x0051181_ses-1/mri
setenv SUBJECTS_DIR /out/sourcedata/freesurfer
mris_place_surface --adgws-in ../surf/autodet.gw.stats.lh.dat --wm wm.mgz --threads 16 --invol brain.finalsurfs.mgz --lh --i ../surf/lh.orig --o ../surf/lh.white.preaparc --white --seg aseg.presurf.mgz --nsmooth 5 

Reading in input surface ../surf/lh.orig
Smoothing surface before ripping with 5 iterations
Area    268942  0.26733  0.06673 0.003882   0.6116
Corner  806826 60.00000  9.77440 7.899133 151.7499
Edge    403413  0.78892  0.12117 0.072930   1.3322
Hinge   403413  6.65005  7.14374 0.000057 146.9068
Not reading in aparc
Reading in input volume brain.finalsurfs.mgz
Reading in wm volume wm.mgz
MRIclipBrightWM(): nthresh=13988, wmmin=5, clip=110 
MRIfindBrightNonWM(): 545 bright non-wm voxels segmented.
Masking bright non-wm for white surface
MRImask(): AllowDiffGeom = 1
MRImask(): AllowDiffGeom = 1
Reading in seg volume aseg.presurf.mgz
Ripping frozen voxels
INFO: rip surface needed but not specified, so using input surface
Freezing midline and others
Entering: MRISripMidline(): inhibiting deformation at non-cortical midline structures...
  which=1, fix_mtl=0, using annot = 0
#FML0# MRISripMidline(): nripped=0
removing 3 vertices from ripped group in thread:0
removing 2 vertices from ripped group in thread:0
removing 4 vertices from ripped group in thread:0
#FML# MRISripMidline(): nmarked=6185, nmarked2=161, nripped=6185
Ripping segs (eg, WMSA, BG, frozen)
Starting MRISripSegs() d = (-2 2 0.5) segnos: 247 
MRISripSegs(): -2 2 0.5 ripped 0
vertex 67237: xyz = (-26.2619,6.10703,77.8689) oxyz = (-26.2619,6.10703,77.8689) wxzy = (-26.2619,6.10703,77.8689) pxyz = (0,0,0) 
CBVO Creating mask 134473
n_averages 4
Iteration 0 =========================================
n_averages=4, current_sigma=2
Freezing midline and others
Ripping frozen voxels
INFO: rip surface needed but not specified, so using input surface
Freezing midline and others
Entering: MRISripMidline(): inhibiting deformation at non-cortical midline structures...
  which=1, fix_mtl=0, using annot = 0
#FML0# MRISripMidline(): nripped=6185
removing 3 vertices from ripped group in thread:0
removing 2 vertices from ripped group in thread:0
removing 4 vertices from ripped group in thread:0
#FML# MRISripMidline(): nmarked=6185, nmarked2=161, nripped=6185
Ripping segs (eg, WMSA, BG, frozen)
Starting MRISripSegs() d = (-2 2 0.5) segnos: 247 247 
MRISripSegs(): -2 2 0.5 ripped 0
Computing target border values 
Entering MRIScomputeBorderValues_new(): 
  inside_hi   = 120.0000000;
  border_hi   = 110.2895580;
  border_low  =  68.0000000;
  outside_low =  57.4992980;
  outside_hi  = 110.2895580;
  sigma = 2;
  max_thickness = 10;
  step_size=0.5;
  STEP_SIZE=0.1;
  which = 1
  thresh = 0
  flags = 0
  CBVfindFirstPeakD1=0
  CBVfindFirstPeakD2=0
  nvertices=134473
  Gdiag_no=-1
  vno start=0, stop=134473
Replacing 255s with 0s
#SI# sigma=2 had to be increased for 137 vertices, nripped=6185
mean border=80.4, 139 (139) missing vertices, mean dist 0.3 [0.5 (%36.7)->0.7 (%63.3))]
%77 local maxima, %18 large gradients and % 0 min vals, 0 gradients ignored
nFirstPeakD1 0
MRIScomputeBorderValues_new() finished in 0.0119 min


Finding expansion regions
mean absolute distance = 0.64 +- 0.77
4188 vertices more than 2 sigmas from mean.
Averaging target values for 5 iterations...
Positioning Surface: tspring = 0.3, nspring = 0.3, spring = 0, niters = 100 l_repulse = 5, l_surf_repulse = 0, checktol = 0
Positioning pial surface
Entering MRISpositionSurface()
  max_mm = 0.3
  MAX_REDUCTIONS = 2, REDUCTION_PCT = 0.5
  parms->check_tol = 0, niterations = 100
tol=1.0e-04, sigma=2.0, host=dna07, nav=4, nbrs=2, l_repulse=5.000, l_tspring=0.300, l_nspring=0.300, l_intensity=0.200, l_curv=1.000
mom=0.00, dt=0.50
complete_dist_mat 0
rms 0
smooth_averages 0
remove_neg 0
ico_order 0
which_surface 0
target_radius 0.000000
nfields 0
scale 0.000000
desired_rms_height 0.000000
momentum 0.000000
nbhd_size 0
max_nbrs 0
niterations 100
nsurfaces 0
SURFACES 3
flags 0 (0)
use curv 0
no sulc 0
no rigid align 0
mris->nsize 2
mris->hemisphere 0
randomSeed 0

000: dt: 0.0000, sse=2436943.5, rms=9.440
001: dt: 0.5000, sse=1326697.4, rms=6.787 (28.100%)
002: dt: 0.5000, sse=878755.2, rms=5.346 (21.228%)
003: dt: 0.5000, sse=669424.5, rms=4.507 (15.698%)
004: dt: 0.5000, sse=549092.4, rms=3.950 (12.369%)
005: dt: 0.5000, sse=485381.6, rms=3.619 (8.365%)
006: dt: 0.5000, sse=448139.2, rms=3.402 (6.003%)
007: dt: 0.5000, sse=431429.1, rms=3.295 (3.153%)
008: dt: 0.5000, sse=423577.2, rms=3.210 (2.565%)
rms = 3.1728/3.2102, sse=418260.6/423577.2, time step reduction 1 of 3 to 0.250  0 0 1
009: dt: 0.5000, sse=418260.6, rms=3.173 (1.164%)
010: dt: 0.2500, sse=256407.7, rms=1.950 (38.538%)
011: dt: 0.2500, sse=238499.0, rms=1.734 (11.099%)
012: dt: 0.2500, sse=230312.5, rms=1.662 (4.143%)
rms = 1.6291/1.6618, sse=233067.5/230312.5, time step reduction 2 of 3 to 0.125  0 1 1
013: dt: 0.2500, sse=233067.5, rms=1.629 (1.968%)
014: dt: 0.1250, sse=222733.3, rms=1.579 (3.093%)
rms = 1.5585/1.5787, sse=222318.7/222733.3, time step reduction 3 of 3 to 0.062  0 0 1
015: dt: 0.1250, sse=222318.7, rms=1.559 (1.280%)
  maximum number of reductions reached, breaking from loop
positioning took 1.0 minutes
Iteration 1 =========================================
n_averages=2, current_sigma=1
Freezing midline and others
Ripping frozen voxels
INFO: rip surface needed but not specified, so using input surface
Freezing midline and others
Entering: MRISripMidline(): inhibiting deformation at non-cortical midline structures...
  which=1, fix_mtl=0, using annot = 0
#FML0# MRISripMidline(): nripped=6185
removing 3 vertices from ripped group in thread:0
removing 1 vertices from ripped group in thread:0
removing 3 vertices from ripped group in thread:0
removing 4 vertices from ripped group in thread:0
removing 3 vertices from ripped group in thread:0
#FML# MRISripMidline(): nmarked=6381, nmarked2=170, nripped=6381
Ripping segs (eg, WMSA, BG, frozen)
Starting MRISripSegs() d = (-2 2 0.5) segnos: 247 247 247 
MRISripSegs(): -2 2 0.5 ripped 0
Computing target border values 
Entering MRIScomputeBorderValues_new(): 
  inside_hi   = 120.0000000;
  border_hi   = 110.2895580;
  border_low  =  68.0000000;
  outside_low =  57.4992980;
  outside_hi  = 110.2895580;
  sigma = 1;
  max_thickness = 10;
  step_size=0.5;
  STEP_SIZE=0.1;
  which = 1
  thresh = 0
  flags = 0
  CBVfindFirstPeakD1=0
  CBVfindFirstPeakD2=0
  nvertices=134473
  Gdiag_no=-1
  vno start=0, stop=134473
Replacing 255s with 0s
#SI# sigma=1 had to be increased for 192 vertices, nripped=6381
mean border=82.5, 88 (34) missing vertices, mean dist -0.1 [0.3 (%70.9)->0.3 (%29.1))]
%82 local maxima, %13 large gradients and % 0 min vals, 0 gradients ignored
nFirstPeakD1 0
MRIScomputeBorderValues_new() finished in 0.0081 min


Finding expansion regions
mean absolute distance = 0.31 +- 0.54
2829 vertices more than 2 sigmas from mean.
Averaging target values for 5 iterations...
Positioning Surface: tspring = 0.3, nspring = 0.3, spring = 0, niters = 100 l_repulse = 5, l_surf_repulse = 0, checktol = 0
Positioning pial surface
Entering MRISpositionSurface()
  max_mm = 0.3
  MAX_REDUCTIONS = 2, REDUCTION_PCT = 0.5
  parms->check_tol = 0, niterations = 100
tol=1.0e-04, sigma=1.0, host=dna07, nav=2, nbrs=2, l_repulse=5.000, l_tspring=0.300, l_nspring=0.300, l_intensity=0.200, l_curv=1.000
mom=0.00, dt=0.50
000: dt: 0.0000, sse=572257.9, rms=3.765
016: dt: 0.5000, sse=370589.0, rms=2.494 (33.761%)
rms = 2.6040/2.4941, sse=384918.4/370589.0, time step reduction 1 of 3 to 0.250  0 1 1
   RMS increased, rejecting step
017: dt: 0.2500, sse=301225.5, rms=1.905 (23.608%)
018: dt: 0.2500, sse=276282.0, rms=1.573 (17.464%)
019: dt: 0.2500, sse=264199.5, rms=1.449 (7.837%)
rms = 1.4176/1.4493, sse=263151.9/264199.5, time step reduction 2 of 3 to 0.125  0 0 1
020: dt: 0.2500, sse=263151.9, rms=1.418 (2.185%)
rms = 1.3745/1.4176, sse=260800.4/263151.9, time step reduction 3 of 3 to 0.062  0 0 1
021: dt: 0.1250, sse=260800.4, rms=1.374 (3.043%)
  maximum number of reductions reached, breaking from loop
positioning took 0.4 minutes
Iteration 2 =========================================
n_averages=1, current_sigma=0.5
Freezing midline and others
Ripping frozen voxels
INFO: rip surface needed but not specified, so using input surface
Freezing midline and others
Entering: MRISripMidline(): inhibiting deformation at non-cortical midline structures...
  which=1, fix_mtl=0, using annot = 0
#FML0# MRISripMidline(): nripped=6381
removing 4 vertices from ripped group in thread:0
removing 3 vertices from ripped group in thread:0
removing 1 vertices from ripped group in thread:0
removing 3 vertices from ripped group in thread:0
removing 3 vertices from ripped group in thread:0
removing 4 vertices from ripped group in thread:0
removing 2 vertices from ripped group in thread:0
removing 3 vertices from ripped group in thread:0
#FML# MRISripMidline(): nmarked=6400, nmarked2=172, nripped=6400
Ripping segs (eg, WMSA, BG, frozen)
Starting MRISripSegs() d = (-2 2 0.5) segnos: 247 247 247 247 
MRISripSegs(): -2 2 0.5 ripped 0
Computing target border values 
Entering MRIScomputeBorderValues_new(): 
  inside_hi   = 120.0000000;
  border_hi   = 110.2895580;
  border_low  =  68.0000000;
  outside_low =  57.4992980;
  outside_hi  = 110.2895580;
  sigma = 0.5;
  max_thickness = 10;
  step_size=0.5;
  STEP_SIZE=0.1;
  which = 1
  thresh = 0
  flags = 0
  CBVfindFirstPeakD1=0
  CBVfindFirstPeakD2=0
  nvertices=134473
  Gdiag_no=-1
  vno start=0, stop=134473
Replacing 255s with 0s
#SI# sigma=0.5 had to be increased for 250 vertices, nripped=6400
mean border=83.8, 91 (25) missing vertices, mean dist -0.1 [0.2 (%63.3)->0.2 (%36.7))]
%85 local maxima, %10 large gradients and % 0 min vals, 0 gradients ignored
nFirstPeakD1 0
MRIScomputeBorderValues_new() finished in 0.0046 min


Finding expansion regions
mean absolute distance = 0.25 +- 0.44
3142 vertices more than 2 sigmas from mean.
Averaging target values for 5 iterations...
Positioning Surface: tspring = 0.3, nspring = 0.3, spring = 0, niters = 100 l_repulse = 5, l_surf_repulse = 0, checktol = 0
Positioning pial surface
Entering MRISpositionSurface()
  max_mm = 0.3
  MAX_REDUCTIONS = 2, REDUCTION_PCT = 0.5
  parms->check_tol = 0, niterations = 100
tol=1.0e-04, sigma=0.5, host=dna07, nav=1, nbrs=2, l_repulse=5.000, l_tspring=0.300, l_nspring=0.300, l_intensity=0.200, l_curv=1.000
mom=0.00, dt=0.50
000: dt: 0.0000, sse=347053.8, rms=2.282
022: dt: 0.5000, sse=331054.3, rms=2.122 (6.996%)
rms = 2.3716/2.1222, sse=369784.8/331054.3, time step reduction 1 of 3 to 0.250  0 1 1
   RMS increased, rejecting step
023: dt: 0.2500, sse=276277.4, rms=1.527 (28.056%)
024: dt: 0.2500, sse=264328.8, rms=1.300 (14.860%)
025: dt: 0.2500, sse=256752.6, rms=1.248 (3.980%)
rms = 1.2491/1.2482, sse=255650.7/256752.6, time step reduction 2 of 3 to 0.125  0 0 1
   RMS increased, rejecting step
rms = 1.2298/1.2482, sse=254403.0/256752.6, time step reduction 3 of 3 to 0.062  0 0 1
026: dt: 0.1250, sse=254403.0, rms=1.230 (1.473%)
  maximum number of reductions reached, breaking from loop
positioning took 0.4 minutes
Iteration 3 =========================================
n_averages=0, current_sigma=0.25
Freezing midline and others
Ripping frozen voxels
INFO: rip surface needed but not specified, so using input surface
Freezing midline and others
Entering: MRISripMidline(): inhibiting deformation at non-cortical midline structures...
  which=1, fix_mtl=0, using annot = 0
#FML0# MRISripMidline(): nripped=6400
removing 4 vertices from ripped group in thread:0
removing 4 vertices from ripped group in thread:0
removing 3 vertices from ripped group in thread:0
removing 1 vertices from ripped group in thread:0
removing 3 vertices from ripped group in thread:0
removing 3 vertices from ripped group in thread:0
removing 4 vertices from ripped group in thread:0
removing 3 vertices from ripped group in thread:0
#FML# MRISripMidline(): nmarked=6412, nmarked2=172, nripped=6412
Ripping segs (eg, WMSA, BG, frozen)
Starting MRISripSegs() d = (-2 2 0.5) segnos: 247 247 247 247 247 
MRISripSegs(): -2 2 0.5 ripped 0
Computing target border values 
Entering MRIScomputeBorderValues_new(): 
  inside_hi   = 120.0000000;
  border_hi   = 110.2895580;
  border_low  =  68.0000000;
  outside_low =  57.4992980;
  outside_hi  = 110.2895580;
  sigma = 0.25;
  max_thickness = 10;
  step_size=0.5;
  STEP_SIZE=0.1;
  which = 1
  thresh = 0
  flags = 0
  CBVfindFirstPeakD1=0
  CBVfindFirstPeakD2=0
  nvertices=134473
  Gdiag_no=-1
  vno start=0, stop=134473
Replacing 255s with 0s
#SI# sigma=0.25 had to be increased for 299 vertices, nripped=6412
mean border=84.3, 139 (24) missing vertices, mean dist -0.0 [0.2 (%52.9)->0.2 (%47.1))]
%87 local maxima, % 8 large gradients and % 0 min vals, 0 gradients ignored
nFirstPeakD1 0
MRIScomputeBorderValues_new() finished in 0.0029 min


Finding expansion regions
mean absolute distance = 0.24 +- 0.39
3174 vertices more than 2 sigmas from mean.
Averaging target values for 5 iterations...
Positioning Surface: tspring = 0.3, nspring = 0.3, spring = 0, niters = 100 l_repulse = 5, l_surf_repulse = 0, checktol = 0
Positioning pial surface
Entering MRISpositionSurface()
  max_mm = 0.3
  MAX_REDUCTIONS = 2, REDUCTION_PCT = 0.5
  parms->check_tol = 0, niterations = 100
tol=1.0e-04, sigma=0.2, host=dna07, nav=0, nbrs=2, l_repulse=5.000, l_tspring=0.300, l_nspring=0.300, l_intensity=0.200, l_curv=1.000
mom=0.00, dt=0.50
000: dt: 0.0000, sse=270529.8, rms=1.465
rms = 1.5113/1.4649, sse=278186.3/270529.8, time step reduction 1 of 3 to 0.250  0 1 1
   RMS increased, rejecting step
027: dt: 0.2500, sse=247931.5, rms=1.146 (21.768%)
028: dt: 0.2500, sse=241132.7, rms=0.991 (13.484%)
rms = 1.0132/0.9915, sse=244381.3/241132.7, time step reduction 2 of 3 to 0.125  0 1 1
   RMS increased, rejecting step
rms = 0.9732/0.9915, sse=240673.7/241132.7, time step reduction 3 of 3 to 0.062  0 0 1
029: dt: 0.1250, sse=240673.7, rms=0.973 (1.847%)
  maximum number of reductions reached, breaking from loop
positioning took 0.3 minutes


Writing output to ../surf/lh.white.preaparc
#ET# mris_place_surface  2.17 minutes
#VMPC# mris_place_surfaces VmPeak  3078200
mris_place_surface done
#--------------------------------------------
#@# CortexLabel lh Mon Mar  9 00:42:33 CET 2026
cd /out/sourcedata/freesurfer/sub-v1s16x0051181_ses-1/mri
mri_label2label --label-cortex ../surf/lh.white.preaparc aseg.presurf.mgz 0 ../label/lh.cortex.label

 Generating cortex label... RemoveHipAmgy=0
 NucAccIsMedialWall=0
 mris->useRealRAS=0
7 non-cortical segments detected
only using segment with 7473 vertices
erasing segment 0 (vno[0] = 29226)
erasing segment 2 (vno[0] = 42549)
erasing segment 3 (vno[0] = 62980)
erasing segment 4 (vno[0] = 65933)
erasing segment 5 (vno[0] = 70858)
erasing segment 6 (vno[0] = 75147)
#--------------------------------------------
#@# CortexLabel+HipAmyg lh Mon Mar  9 00:42:41 CET 2026
cd /out/sourcedata/freesurfer/sub-v1s16x0051181_ses-1/mri
mri_label2label --label-cortex ../surf/lh.white.preaparc aseg.presurf.mgz 1 ../label/lh.cortex+hipamyg.label

 Generating cortex label... RemoveHipAmgy=1
 NucAccIsMedialWall=0
 mris->useRealRAS=0
10 non-cortical segments detected
only using segment with 5026 vertices
erasing segment 0 (vno[0] = 29226)
erasing segment 1 (vno[0] = 33392)
erasing segment 3 (vno[0] = 39492)
erasing segment 4 (vno[0] = 42549)
erasing segment 5 (vno[0] = 44567)
erasing segment 6 (vno[0] = 66870)
erasing segment 7 (vno[0] = 68755)
erasing segment 8 (vno[0] = 75147)
erasing segment 9 (vno[0] = 112423)
#--------------------------------------------
#@# Smooth2 lh Mon Mar  9 00:42:50 CET 2026
/out/sourcedata/freesurfer/sub-v1s16x0051181_ses-1/scripts

 mris_smooth -n 3 -nw -seed 1234 ../surf/lh.white.preaparc ../surf/lh.smoothwm 

smoothing for 3 iterations
setting seed for random number generator to 1234
smoothing surface tessellation for 3 iterations...
smoothing complete - recomputing first and second fundamental forms...
#--------------------------------------------
#@# Inflation2 lh Mon Mar  9 00:42:52 CET 2026
/out/sourcedata/freesurfer/sub-v1s16x0051181_ses-1/scripts

 mris_inflate ../surf/lh.smoothwm ../surf/lh.inflated 

Reading ../surf/lh.smoothwm
avg radius = 46.3 mm, total surface area = 85849 mm^2
step 000: RMS=0.179 (target=0.015)   step 005: RMS=0.122 (target=0.015)   step 010: RMS=0.096 (target=0.015)   step 015: RMS=0.081 (target=0.015)   step 020: RMS=0.067 (target=0.015)   step 025: RMS=0.057 (target=0.015)   step 030: RMS=0.048 (target=0.015)   step 035: RMS=0.041 (target=0.015)   step 040: RMS=0.036 (target=0.015)   step 045: RMS=0.032 (target=0.015)   step 050: RMS=0.030 (target=0.015)   step 055: RMS=0.028 (target=0.015)   step 060: RMS=0.028 (target=0.015)   writing inflated surface to ../surf/lh.inflated
writing sulcal depths to ../surf/lh.sulc

inflation complete.
inflation took 0.1 minutes
mris_inflate utimesec    42.053095
mris_inflate stimesec    0.466805
mris_inflate ru_maxrss   207012
mris_inflate ru_ixrss    0
mris_inflate ru_idrss    0
mris_inflate ru_isrss    0
mris_inflate ru_minflt   132920
mris_inflate ru_majflt   14
mris_inflate ru_nswap    0
mris_inflate ru_inblock  130
mris_inflate ru_oublock  10520
mris_inflate ru_msgsnd   0
mris_inflate ru_msgrcv   0
mris_inflate ru_nsignals 0
mris_inflate ru_nvcsw    4571
mris_inflate ru_nivcsw   116
#--------------------------------------------
#@# Curv .H and .K lh Mon Mar  9 00:43:00 CET 2026
/out/sourcedata/freesurfer/sub-v1s16x0051181_ses-1/surf

 mris_curvature -w -seed 1234 lh.white.preaparc 

setting seed for random number generator to 1234
total integrated curvature = 37.931*4pi (476.652) --> -37 handles
ICI = 181.9, FI = 1697.7, variation=26835.396
writing Gaussian curvature to ./lh.white.preaparc.K...done.
writing mean curvature to ./lh.white.preaparc.H...done.
rm -f lh.white.H
ln -s lh.white.preaparc.H lh.white.H
rm -f lh.white.K
ln -s lh.white.preaparc.K lh.white.K

 mris_curvature -seed 1234 -thresh .999 -n -a 5 -w -distances 10 10 lh.inflated 

setting seed for random number generator to 1234
normalizing curvature values.
averaging curvature patterns 5 times.
sampling 10 neighbors out to a distance of 10 mm
252 vertices thresholded to be in k1 ~ [-1.78 0.24], k2 ~ [-0.25 0.27]
total integrated curvature = 0.022*4pi (0.274) --> 1 handles
ICI = 1.4, FI = 11.7, variation=194.585
156 vertices thresholded to be in [-0.06 0.14]
writing Gaussian curvature to ./lh.inflated.K...thresholding curvature at 99.90% level
curvature mean = 0.000, std = 0.003
114 vertices thresholded to be in [-0.59 0.13]
done.
writing mean curvature to ./lh.inflated.H...curvature mean = -0.018, std = 0.031
done.
#--------------------------------------------
#@# Sphere lh Mon Mar  9 00:43:35 CET 2026
/out/sourcedata/freesurfer/sub-v1s16x0051181_ses-1/scripts

 mris_sphere -seed 1234 ../surf/lh.inflated ../surf/lh.sphere 

setting seed for random number genererator to 1234
version: 7.3.2
available threads: 16
reading original vertex positions...
projecting onto sphere...
surface projected - minimizing metric distortion...
scaling brain by 0.282...
MRISunfold() max_passes = 1 -------
tol=5.0e-01, sigma=0.0, host=dna07, nav=1024, nbrs=2, l_area=1.000, l_dist=1.000
using quadratic fit line minimization
complete_dist_mat 0
rms 0
smooth_averages 0
remove_neg 0
ico_order 0
which_surface 0
target_radius 0.000000
nfields 0
scale 1.000000
desired_rms_height -1.000000
momentum 0.900000
nbhd_size 7
max_nbrs 8
niterations 25
nsurfaces 0
SURFACES 3
flags 0 (0)
use curv 0
no sulc 0
no rigid align 0
mris->nsize 2
mris->hemisphere 0
randomSeed 1234

singular matrix in quadratic form
--------------------
  mrisRemoveNegativeArea()
pass 1: epoch 1 of 3 starting distance error %22.38
pass 1: epoch 2 of 3 starting distance error %22.31
unfolding complete - removing small folds...
starting distance error %22.14
removing remaining folds...
final distance error %22.18
MRISunfold() return, current seed 1234
-01: dt=0.0000,  17 negative triangles  VmPeak 2001732
231: dt=0.9900,  17 negative triangles
232: dt=0.9900,   2 negative triangles
233: dt=0.9900,   1 negative triangles
writing spherical brain to ../surf/lh.sphere
spherical transformation took 0.0443 hours
FSRUNTIME@ mris_sphere  0.0443 hours 16 threads
#VMPC# mris_sphere VmPeak  2001732
mris_sphere done
#--------------------------------------------
#@# Surf Reg lh Mon Mar  9 00:46:15 CET 2026
/out/sourcedata/freesurfer/sub-v1s16x0051181_ses-1/scripts

 mris_register -curv ../surf/lh.sphere /opt/freesurfer/average/lh.folding.atlas.acfb40.noaparc.i12.2016-08-02.tif ../surf/lh.sphere.reg 

using smoothwm curvature for final alignment

cwd /out/sourcedata/freesurfer/sub-v1s16x0051181_ses-1/scripts
cmdline mris_register -curv ../surf/lh.sphere /opt/freesurfer/average/lh.folding.atlas.acfb40.noaparc.i12.2016-08-02.tif ../surf/lh.sphere.reg 

0 inflated.H
1 sulc
2 smoothwm (computed)
7.3.2
  7.3.2
reading surface from ../surf/lh.sphere...
reading template parameterization from /opt/freesurfer/average/lh.folding.atlas.acfb40.noaparc.i12.2016-08-02.tif...
MRISregister() -------
max_passes = 4 
min_degrees = 0.500000 
max_degrees = 64.000000 
nangles = 8 
tol=5.0e-01, sigma=0.0, host=dna07, nav=1024, nbrs=1, l_extern=10000.000, l_parea=0.200, l_nlarea=1.000, l_corr=1.000, l_dist=5.000
using quadratic fit line minimization
complete_dist_mat 0
rms 0
smooth_averages 0
remove_neg 0
ico_order 0
which_surface 0
target_radius 0.000000
nfields 0
scale 0.000000
desired_rms_height -1.000000
momentum 0.950000
nbhd_size -10
max_nbrs 10
niterations 25
nsurfaces 0
SURFACES 3
flags 16 (10)
use curv 16
no sulc 0
no rigid align 0
mris->nsize 1
mris->hemisphere 0
randomSeed 0

tol=5.0e-01, sigma=0.0, host=dna07, nav=1024, nbrs=1, l_extern=10000.000, l_parea=0.200, l_nlarea=1.000, l_corr=1.000, l_dist=5.000
using quadratic fit line minimization
--------------------
1 Reading lh.sulc
tol=1.0e+00, sigma=0.5, host=dna07, nav=1024, nbrs=1, l_extern=10000.000, l_parea=0.200, l_nlarea=1.000, l_corr=0.050, l_spring=0.500, l_dist=5.000
using quadratic fit line minimization
curvature mean = 0.000, std = 5.679
curvature mean = 0.058, std = 0.819
curvature mean = 0.002, std = 0.862
Starting MRISrigidBodyAlignGlobal()
Starting new MRISrigidBodyAlignGlobal_findMinSSE()
  new MRISrigidBodyAlignGlobal_findMinSSE min @ (7.00, -8.00, 23.00) sse = 247038.5, elapsed since starting=0.0454 min
MRISrigidBodyAlignGlobal() done   0.05 min
curvature mean = 0.025, std = 0.834
curvature mean = 0.001, std = 0.946
curvature mean = 0.021, std = 0.844
curvature mean = 0.001, std = 0.978
curvature mean = 0.019, std = 0.846
curvature mean = 0.000, std = 0.991
2 Reading smoothwm
curvature mean = -0.024, std = 0.289
curvature mean = 0.047, std = 0.244
curvature mean = 0.050, std = 0.340
curvature mean = 0.039, std = 0.303
curvature mean = 0.041, std = 0.517
curvature mean = 0.039, std = 0.329
curvature mean = 0.023, std = 0.657
curvature mean = 0.039, std = 0.340
curvature mean = 0.007, std = 0.772
MRISregister() return, current seed 0
-01: dt=0.0000,  12 negative triangles  VmPeak 1595976
114: dt=0.9900,  12 negative triangles
115: dt=0.9900,  11 negative triangles
116: dt=0.9900,  16 negative triangles
117: dt=0.9900,   7 negative triangles
118: dt=0.9900,   4 negative triangles
119: dt=0.9900,   6 negative triangles
120: dt=0.9900,   1 negative triangles
writing registered surface to ../surf/lh.sphere.reg...
registration took 0.05 hours
#VMPC# mris_register VmPeak  1595976
FSRUNTIME@ mris_register  0.0455 hours 16 threads

 ln -sf lh.sphere.reg lh.fsaverage.sphere.reg 

#--------------------------------------------
#@# Jacobian white lh Mon Mar  9 00:48:59 CET 2026
/out/sourcedata/freesurfer/sub-v1s16x0051181_ses-1/scripts

 mris_jacobian ../surf/lh.white.preaparc ../surf/lh.sphere.reg ../surf/lh.jacobian_white 

reading surface from ../surf/lh.white.preaparc...
writing curvature file ../surf/lh.jacobian_white
#--------------------------------------------
#@# AvgCurv lh Mon Mar  9 00:48:59 CET 2026
/out/sourcedata/freesurfer/sub-v1s16x0051181_ses-1/scripts

 mrisp_paint -a 5 /opt/freesurfer/average/lh.folding.atlas.acfb40.noaparc.i12.2016-08-02.tif#6 ../surf/lh.sphere.reg ../surf/lh.avg_curv 

averaging curvature patterns 5 times...
reading surface from ../surf/lh.sphere.reg...
reading template parameterization from /opt/freesurfer/average/lh.folding.atlas.acfb40.noaparc.i12.2016-08-02.tif...
writing curvature file to ../surf/lh.avg_curv...
#-----------------------------------------
#@# Cortical Parc lh Mon Mar  9 00:49:00 CET 2026
/out/sourcedata/freesurfer/sub-v1s16x0051181_ses-1/scripts

 mris_ca_label -l ../label/lh.cortex.label -aseg ../mri/aseg.presurf.mgz -seed 1234 sub-v1s16x0051181_ses-1 lh ../surf/lh.sphere.reg /opt/freesurfer/average/lh.DKaparc.atlas.acfb40.noaparc.i12.2016-08-02.gcs ../label/lh.aparc.annot 

setting seed for random number generator to 1234
using ../mri/aseg.presurf.mgz aseg volume to correct midline
7.3.2
  7.3.2
reading atlas from /opt/freesurfer/average/lh.DKaparc.atlas.acfb40.noaparc.i12.2016-08-02.gcs...
reading color table from GCSA file....
average std = 0.8   using min determinant for regularization = 0.006
0 singular and 342 ill-conditioned covariance matrices regularized
input 0: MEAN CURVATURE, flags 0, avgs 5, name mean_curvature
labeling surface...
1642 labels changed using aseg
relabeling using gibbs priors...
000:   3152 changed, 134473 examined...
001:    738 changed, 13270 examined...
002:    166 changed, 4109 examined...
003:     52 changed, 1032 examined...
004:     23 changed, 341 examined...
005:     16 changed, 139 examined...
006:      5 changed, 80 examined...
007:      2 changed, 29 examined...
008:      2 changed, 10 examined...
009:      3 changed, 11 examined...
010:      0 changed, 11 examined...
213 labels changed using aseg
000: 118 total segments, 70 labels (256 vertices) changed
001: 49 total segments, 4 labels (8 vertices) changed
002: 45 total segments, 2 labels (6 vertices) changed
003: 43 total segments, 0 labels (0 vertices) changed
10 filter iterations complete (10 requested, 3 changed)
rationalizing unknown annotations with cortex label
relabeling unknown label...
relabeling corpuscallosum label...
2291 vertices marked for relabeling...
2291 labels changed in reclassification.
writing output to ../label/lh.aparc.annot...
classification took 0 minutes and 7 seconds.
#--------------------------------------------
#@# WhiteSurfs lh Mon Mar  9 00:49:07 CET 2026
cd /out/sourcedata/freesurfer/sub-v1s16x0051181_ses-1/mri
mris_place_surface --adgws-in ../surf/autodet.gw.stats.lh.dat --seg aseg.presurf.mgz --threads 16 --wm wm.mgz --invol brain.finalsurfs.mgz --lh --i ../surf/lh.white.preaparc --o ../surf/lh.white --white --nsmooth 0 --rip-label ../label/lh.cortex.label --rip-bg --rip-surf ../surf/lh.white.preaparc --aparc ../label/lh.aparc.annot
7.3.2
7.3.2

cd /out/sourcedata/freesurfer/sub-v1s16x0051181_ses-1/mri
setenv SUBJECTS_DIR /out/sourcedata/freesurfer
mris_place_surface --adgws-in ../surf/autodet.gw.stats.lh.dat --seg aseg.presurf.mgz --threads 16 --wm wm.mgz --invol brain.finalsurfs.mgz --lh --i ../surf/lh.white.preaparc --o ../surf/lh.white --white --nsmooth 0 --rip-label ../label/lh.cortex.label --rip-bg --rip-surf ../surf/lh.white.preaparc --aparc ../label/lh.aparc.annot 

Reading in input surface ../surf/lh.white.preaparc
Not smoothing input surface
Area    268942  0.35486  0.13618 0.001506   1.9097
Corner  806826 60.00000 14.60150 0.324403 178.1859
Edge    403413  0.91850  0.22229 0.027826   2.9267
Hinge   403413 10.33704 12.17688 0.000007 179.9360
Reading in aparc ../label/lh.aparc.annot
Reading in input volume brain.finalsurfs.mgz
Reading in wm volume wm.mgz
MRIclipBrightWM(): nthresh=13988, wmmin=5, clip=110 
MRIfindBrightNonWM(): 545 bright non-wm voxels segmented.
Masking bright non-wm for white surface
MRImask(): AllowDiffGeom = 1
MRImask(): AllowDiffGeom = 1
Reading in seg volume aseg.presurf.mgz
Ripping frozen voxels
Ripping vertices not in label ../label/lh.cortex.label
MRISripNotLabel() ripped 7665/134473 vertices (126808 unripped)
Reading in ripping surface ../surf/lh.white.preaparc
Reading in aparc ../label/lh.aparc.annot for ripsurf
Ripping BG
MRISripBasalGanglia(): 1 -2 2 0.5 ripped 698
Ripping segs (eg, WMSA, BG, frozen)
Starting MRISripSegs() d = (-2 2 0.5) segnos: 247 
MRISripSegs(): -2 2 0.5 ripped 0
vertex 67237: xyz = (-25.8243,6.07341,78.2342) oxyz = (-25.8243,6.07341,78.2342) wxzy = (-25.8243,6.07341,78.2342) pxyz = (0,0,0) 
CBVO Creating mask 134473
n_averages 4
Iteration 0 =========================================
n_averages=4, current_sigma=2
Computing target border values 
Entering MRIScomputeBorderValues_new(): 
  inside_hi   = 120.0000000;
  border_hi   = 110.2895580;
  border_low  =  68.0000000;
  outside_low =  57.4992980;
  outside_hi  = 110.2895580;
  sigma = 2;
  max_thickness = 10;
  step_size=0.5;
  STEP_SIZE=0.1;
  which = 1
  thresh = 0
  flags = 0
  CBVfindFirstPeakD1=0
  CBVfindFirstPeakD2=0
  nvertices=134473
  Gdiag_no=-1
  vno start=0, stop=134473
Replacing 255s with 0s
#SI# sigma=2 had to be increased for 156 vertices, nripped=8363
mean border=79.7, 99 (99) missing vertices, mean dist 0.3 [0.6 (%17.1)->0.4 (%82.9))]
%71 local maxima, %23 large gradients and % 0 min vals, 0 gradients ignored
nFirstPeakD1 0
MRIScomputeBorderValues_new() finished in 0.0111 min


Finding expansion regions
mean absolute distance = 0.48 +- 0.77
2912 vertices more than 2 sigmas from mean.
Averaging target values for 5 iterations...
Positioning Surface: tspring = 0.3, nspring = 0.3, spring = 0, niters = 100 l_repulse = 5, l_surf_repulse = 0, checktol = 0
Positioning pial surface
Entering MRISpositionSurface()
  max_mm = 0.3
  MAX_REDUCTIONS = 2, REDUCTION_PCT = 0.5
  parms->check_tol = 0, niterations = 100
tol=1.0e-04, sigma=2.0, host=dna07, nav=4, nbrs=2, l_repulse=5.000, l_tspring=0.300, l_nspring=0.300, l_intensity=0.200, l_curv=1.000
mom=0.00, dt=0.50
complete_dist_mat 0
rms 0
smooth_averages 0
remove_neg 0
ico_order 0
which_surface 0
target_radius 0.000000
nfields 0
scale 0.000000
desired_rms_height 0.000000
momentum 0.000000
nbhd_size 0
max_nbrs 0
niterations 100
nsurfaces 0
SURFACES 3
flags 0 (0)
use curv 0
no sulc 0
no rigid align 0
mris->nsize 2
mris->hemisphere 0
randomSeed 0

000: dt: 0.0000, sse=1159358.2, rms=6.131
001: dt: 0.5000, sse=536717.3, rms=3.600 (41.275%)
002: dt: 0.5000, sse=419960.1, rms=2.900 (19.457%)
rms = 2.8672/2.8999, sse=415748.1/419960.1, time step reduction 1 of 3 to 0.250  0 0 1
003: dt: 0.5000, sse=415748.1, rms=2.867 (1.129%)
004: dt: 0.2500, sse=295246.3, rms=1.841 (35.795%)
005: dt: 0.2500, sse=281923.4, rms=1.679 (8.806%)
006: dt: 0.2500, sse=279114.9, rms=1.627 (3.087%)
rms = 1.5872/1.6269, sse=275566.6/279114.9, time step reduction 2 of 3 to 0.125  0 0 1
007: dt: 0.2500, sse=275566.7, rms=1.587 (2.443%)
rms = 1.5528/1.5872, sse=272872.9/275566.6, time step reduction 3 of 3 to 0.062  0 0 1
008: dt: 0.1250, sse=272872.9, rms=1.553 (2.167%)
  maximum number of reductions reached, breaking from loop
positioning took 0.6 minutes
Iteration 1 =========================================
n_averages=2, current_sigma=1
Computing target border values 
Entering MRIScomputeBorderValues_new(): 
  inside_hi   = 120.0000000;
  border_hi   = 110.2895580;
  border_low  =  68.0000000;
  outside_low =  57.4992980;
  outside_hi  = 110.2895580;
  sigma = 1;
  max_thickness = 10;
  step_size=0.5;
  STEP_SIZE=0.1;
  which = 1
  thresh = 0
  flags = 0
  CBVfindFirstPeakD1=0
  CBVfindFirstPeakD2=0
  nvertices=134473
  Gdiag_no=-1
  vno start=0, stop=134473
Replacing 255s with 0s
#SI# sigma=1 had to be increased for 206 vertices, nripped=8363
mean border=82.2, 115 (29) missing vertices, mean dist -0.2 [0.3 (%73.8)->0.3 (%26.2))]
%80 local maxima, %14 large gradients and % 0 min vals, 0 gradients ignored
nFirstPeakD1 0
MRIScomputeBorderValues_new() finished in 0.0081 min


Finding expansion regions
mean absolute distance = 0.31 +- 0.57
2711 vertices more than 2 sigmas from mean.
Averaging target values for 5 iterations...
Positioning Surface: tspring = 0.3, nspring = 0.3, spring = 0, niters = 100 l_repulse = 5, l_surf_repulse = 0, checktol = 0
Positioning pial surface
Entering MRISpositionSurface()
  max_mm = 0.3
  MAX_REDUCTIONS = 2, REDUCTION_PCT = 0.5
  parms->check_tol = 0, niterations = 100
tol=1.0e-04, sigma=1.0, host=dna07, nav=2, nbrs=2, l_repulse=5.000, l_tspring=0.300, l_nspring=0.300, l_intensity=0.200, l_curv=1.000
mom=0.00, dt=0.50
000: dt: 0.0000, sse=565613.6, rms=3.699
009: dt: 0.5000, sse=362838.5, rms=2.344 (36.627%)
rms = 2.4599/2.3445, sse=376721.4/362838.5, time step reduction 1 of 3 to 0.250  0 1 1
   RMS increased, rejecting step
010: dt: 0.2500, sse=305919.3, rms=1.767 (24.610%)
011: dt: 0.2500, sse=272265.8, rms=1.422 (19.538%)
012: dt: 0.2500, sse=265741.8, rms=1.317 (7.414%)
rms = 1.2921/1.3167, sse=265250.1/265741.8, time step reduction 2 of 3 to 0.125  0 0 1
013: dt: 0.2500, sse=265250.1, rms=1.292 (1.867%)
rms = 1.2492/1.2921, sse=263225.4/265250.1, time step reduction 3 of 3 to 0.062  0 0 1
014: dt: 0.1250, sse=263225.4, rms=1.249 (3.319%)
  maximum number of reductions reached, breaking from loop
positioning took 0.4 minutes
Iteration 2 =========================================
n_averages=1, current_sigma=0.5
Computing target border values 
Entering MRIScomputeBorderValues_new(): 
  inside_hi   = 120.0000000;
  border_hi   = 110.2895580;
  border_low  =  68.0000000;
  outside_low =  57.4992980;
  outside_hi  = 110.2895580;
  sigma = 0.5;
  max_thickness = 10;
  step_size=0.5;
  STEP_SIZE=0.1;
  which = 1
  thresh = 0
  flags = 0
  CBVfindFirstPeakD1=0
  CBVfindFirstPeakD2=0
  nvertices=134473
  Gdiag_no=-1
  vno start=0, stop=134473
Replacing 255s with 0s
#SI# sigma=0.5 had to be increased for 260 vertices, nripped=8363
mean border=83.6, 152 (24) missing vertices, mean dist -0.1 [0.3 (%63.9)->0.2 (%36.1))]
%84 local maxima, %10 large gradients and % 0 min vals, 0 gradients ignored
nFirstPeakD1 0
MRIScomputeBorderValues_new() finished in 0.0046 min


Finding expansion regions
mean absolute distance = 0.25 +- 0.45
2507 vertices more than 2 sigmas from mean.
Averaging target values for 5 iterations...
Positioning Surface: tspring = 0.3, nspring = 0.3, spring = 0, niters = 100 l_repulse = 5, l_surf_repulse = 0, checktol = 0
Positioning pial surface
Entering MRISpositionSurface()
  max_mm = 0.3
  MAX_REDUCTIONS = 2, REDUCTION_PCT = 0.5
  parms->check_tol = 0, niterations = 100
tol=1.0e-04, sigma=0.5, host=dna07, nav=1, nbrs=2, l_repulse=5.000, l_tspring=0.300, l_nspring=0.300, l_intensity=0.200, l_curv=1.000
mom=0.00, dt=0.50
000: dt: 0.0000, sse=348173.3, rms=2.243
015: dt: 0.5000, sse=340473.5, rms=2.069 (7.779%)
rms = 2.2984/2.0689, sse=361063.9/340473.5, time step reduction 1 of 3 to 0.250  0 1 1
   RMS increased, rejecting step
016: dt: 0.2500, sse=282470.5, rms=1.449 (29.971%)
017: dt: 0.2500, sse=273807.3, rms=1.201 (17.090%)
018: dt: 0.2500, sse=254131.8, rms=1.146 (4.559%)
rms = 1.1508/1.1465, sse=254846.4/254131.8, time step reduction 2 of 3 to 0.125  0 1 1
   RMS increased, rejecting step
rms = 1.1277/1.1465, sse=253027.5/254131.8, time step reduction 3 of 3 to 0.062  0 0 1
019: dt: 0.1250, sse=253027.5, rms=1.128 (1.639%)
  maximum number of reductions reached, breaking from loop
positioning took 0.4 minutes
Iteration 3 =========================================
n_averages=0, current_sigma=0.25
Computing target border values 
Entering MRIScomputeBorderValues_new(): 
  inside_hi   = 120.0000000;
  border_hi   = 110.2895580;
  border_low  =  68.0000000;
  outside_low =  57.4992980;
  outside_hi  = 110.2895580;
  sigma = 0.25;
  max_thickness = 10;
  step_size=0.5;
  STEP_SIZE=0.1;
  which = 1
  thresh = 0
  flags = 0
  CBVfindFirstPeakD1=0
  CBVfindFirstPeakD2=0
  nvertices=134473
  Gdiag_no=-1
  vno start=0, stop=134473
Replacing 255s with 0s
#SI# sigma=0.25 had to be increased for 284 vertices, nripped=8363
mean border=84.1, 190 (15) missing vertices, mean dist -0.0 [0.3 (%53.0)->0.2 (%47.0))]
%85 local maxima, % 8 large gradients and % 0 min vals, 0 gradients ignored
nFirstPeakD1 0
MRIScomputeBorderValues_new() finished in 0.0030 min


Finding expansion regions
mean absolute distance = 0.24 +- 0.40
3083 vertices more than 2 sigmas from mean.
Averaging target values for 5 iterations...
Positioning Surface: tspring = 0.3, nspring = 0.3, spring = 0, niters = 100 l_repulse = 5, l_surf_repulse = 0, checktol = 0
Positioning pial surface
Entering MRISpositionSurface()
  max_mm = 0.3
  MAX_REDUCTIONS = 2, REDUCTION_PCT = 0.5
  parms->check_tol = 0, niterations = 100
tol=1.0e-04, sigma=0.2, host=dna07, nav=0, nbrs=2, l_repulse=5.000, l_tspring=0.300, l_nspring=0.300, l_intensity=0.200, l_curv=1.000
mom=0.00, dt=0.50
000: dt: 0.0000, sse=267400.0, rms=1.373
rms = 1.4762/1.3729, sse=278980.1/267400.0, time step reduction 1 of 3 to 0.250  0 1 1
   RMS increased, rejecting step
020: dt: 0.2500, sse=246543.5, rms=1.042 (24.101%)
021: dt: 0.2500, sse=243068.1, rms=0.911 (12.558%)
rms = 0.9439/0.9111, sse=242735.3/243068.1, time step reduction 2 of 3 to 0.125  0 0 1
   RMS increased, rejecting step
rms = 0.8884/0.9111, sse=240868.1/243068.1, time step reduction 3 of 3 to 0.062  0 0 1
022: dt: 0.1250, sse=240868.1, rms=0.888 (2.491%)
  maximum number of reductions reached, breaking from loop
positioning took 0.3 minutes


Writing output to ../surf/lh.white
#ET# mris_place_surface  1.79 minutes
#VMPC# mris_place_surfaces VmPeak  2965820
mris_place_surface done
#--------------------------------------------
#@# T1PialSurf lh Mon Mar  9 00:50:58 CET 2026
cd /out/sourcedata/freesurfer/sub-v1s16x0051181_ses-1/mri
mris_place_surface --adgws-in ../surf/autodet.gw.stats.lh.dat --seg aseg.presurf.mgz --threads 16 --wm wm.mgz --invol brain.finalsurfs.mgz --lh --i ../surf/lh.white --o ../surf/lh.pial.T1 --pial --nsmooth 0 --rip-label ../label/lh.cortex+hipamyg.label --pin-medial-wall ../label/lh.cortex.label --aparc ../label/lh.aparc.annot --repulse-surf ../surf/lh.white --white-surf ../surf/lh.white
7.3.2
7.3.2

cd /out/sourcedata/freesurfer/sub-v1s16x0051181_ses-1/mri
setenv SUBJECTS_DIR /out/sourcedata/freesurfer
mris_place_surface --adgws-in ../surf/autodet.gw.stats.lh.dat --seg aseg.presurf.mgz --threads 16 --wm wm.mgz --invol brain.finalsurfs.mgz --lh --i ../surf/lh.white --o ../surf/lh.pial.T1 --pial --nsmooth 0 --rip-label ../label/lh.cortex+hipamyg.label --pin-medial-wall ../label/lh.cortex.label --aparc ../label/lh.aparc.annot --repulse-surf ../surf/lh.white --white-surf ../surf/lh.white 

Reading in input surface ../surf/lh.white
Not smoothing input surface
Area    268942  0.36152  0.15688 0.000477   2.4708
Corner  806826 60.00000 16.42493 0.108501 179.5492
Edge    403413  0.92991  0.25076 0.008982   3.2224
Hinge   403413 10.60497 13.00253 0.000007 179.9360
Reading white surface coordinates from ../surf/lh.white
Reading repulsion surface coordinates from ../surf/lh.white
Reading in aparc ../label/lh.aparc.annot
Reading in input volume brain.finalsurfs.mgz
Reading in wm volume wm.mgz
MRIclipBrightWM(): nthresh=13988, wmmin=5, clip=110 
MRIfindBrightNonWM(): 545 bright non-wm voxels segmented.
Masking bright non-wm for pial surface mid_gray = 65.1042
MRImask(): AllowDiffGeom = 1
MRImask(): AllowDiffGeom = 1
MRImask(): AllowDiffGeom = 1
Reading in seg volume aseg.presurf.mgz
Ripping frozen voxels
Ripping vertices not in label ../label/lh.cortex+hipamyg.label
MRISripNotLabel() ripped 5347/134473 vertices (129126 unripped)
INFO: rip surface needed but not specified, so using input surface
Ripping segs (eg, WMSA, BG, frozen)
Starting MRISripSegs() d = (-2 2 0.5) segnos: 247 
MRISripSegs(): -2 2 0.5 ripped 0
vertex 67237: xyz = (-25.8174,6.04838,78.2175) oxyz = (-25.8174,6.04838,78.2175) wxzy = (-25.8174,6.04838,78.2175) pxyz = (-25.8174,6.04838,78.2175) 
CBVO Creating mask 134473
n_averages 16
Iteration 0 =========================================
n_averages=16, current_sigma=2
Computing target border values 
Entering MRIScomputeBorderValues_new(): 
  inside_hi   =  93.7104420;
  border_hi   =  57.4992980;
  border_low  =  36.4978980;
  outside_low =  10.0000000;
  outside_hi  =  52.2489470;
  sigma = 2;
  max_thickness = 10;
  step_size=0.5;
  STEP_SIZE=0.1;
  which = 2
  thresh = 0
  flags = 0
  CBVfindFirstPeakD1=0
  CBVfindFirstPeakD2=0
  nvertices=134473
  Gdiag_no=-1
  vno start=0, stop=134473
Replacing 255s with 0s
#SI# sigma=2 had to be increased for 286 vertices, nripped=5347
mean border=57.0, 137 (137) missing vertices, mean dist 1.4 [4.3 (%0.0)->3.2 (%100.0))]
% 8 local maxima, %32 large gradients and %56 min vals, 0 gradients ignored
nFirstPeakD1 0
MRIScomputeBorderValues_new() finished in 0.0105 min


Averaging target values for 5 iterations...
Positioning Surface: tspring = 0.3, nspring = 0.3, spring = 0, niters = 100 l_repulse = 0, l_surf_repulse = 5, checktol = 0
Positioning pial surface
Entering MRISpositionSurface()
  max_mm = 0.3
  MAX_REDUCTIONS = 2, REDUCTION_PCT = 0.5
  parms->check_tol = 0, niterations = 100
tol=1.0e-04, sigma=2.0, host=dna07, nav=16, nbrs=2, l_surf_repulse=5.000, l_tspring=0.300, l_nspring=0.300, l_intensity=0.200, l_curv=1.000
mom=0.00, dt=0.50
complete_dist_mat 0
rms 0
smooth_averages 0
remove_neg 0
ico_order 0
which_surface 0
target_radius 0.000000
nfields 0
scale 0.000000
desired_rms_height 0.000000
momentum 0.000000
nbhd_size 0
max_nbrs 0
niterations 100
nsurfaces 0
SURFACES 3
flags 0 (0)
use curv 0
no sulc 0
no rigid align 0
mris->nsize 2
mris->hemisphere 0
randomSeed 0

000: dt: 0.0000, sse=20095670.0, rms=27.762
001: dt: 0.5000, sse=13744540.0, rms=22.902 (17.507%)
002: dt: 0.5000, sse=9259005.0, rms=18.722 (18.249%)
003: dt: 0.5000, sse=6406011.5, rms=15.486 (17.286%)
004: dt: 0.5000, sse=4673137.0, rms=13.135 (15.184%)
005: dt: 0.5000, sse=3620602.2, rms=11.471 (12.665%)
006: dt: 0.5000, sse=2948264.0, rms=10.266 (10.508%)
007: dt: 0.5000, sse=2486569.2, rms=9.346 (8.963%)
008: dt: 0.5000, sse=2143560.5, rms=8.596 (8.022%)
009: dt: 0.5000, sse=1869646.2, rms=7.945 (7.575%)
010: dt: 0.5000, sse=1641399.8, rms=7.357 (7.397%)
011: dt: 0.5000, sse=1462765.5, rms=6.861 (6.748%)
012: dt: 0.5000, sse=1323931.0, rms=6.447 (6.028%)
013: dt: 0.5000, sse=1202804.2, rms=6.063 (5.953%)
014: dt: 0.5000, sse=1109356.1, rms=5.748 (5.196%)
015: dt: 0.5000, sse=1037173.0, rms=5.492 (4.462%)
016: dt: 0.5000, sse=979460.4, rms=5.276 (3.921%)
017: dt: 0.5000, sse=933977.1, rms=5.099 (3.356%)
018: dt: 0.5000, sse=900188.6, rms=4.963 (2.681%)
019: dt: 0.5000, sse=874730.0, rms=4.856 (2.153%)
020: dt: 0.5000, sse=853553.8, rms=4.764 (1.883%)
021: dt: 0.5000, sse=837054.1, rms=4.692 (1.524%)
022: dt: 0.5000, sse=825552.4, rms=4.639 (1.134%)
rms = 4.5932/4.6386, sse=815852.5/825552.4, time step reduction 1 of 3 to 0.250  0 0 1
023: dt: 0.5000, sse=815852.5, rms=4.593 (0.979%)
024: dt: 0.2500, sse=741066.9, rms=4.250 (7.474%)
025: dt: 0.2500, sse=716645.5, rms=4.134 (2.719%)
rms = 4.1487/4.1343, sse=720284.9/716645.5, time step reduction 2 of 3 to 0.125  0 1 1
   RMS increased, rejecting step
026: dt: 0.1250, sse=704190.7, rms=4.074 (1.457%)
027: dt: 0.1250, sse=686559.8, rms=3.986 (2.170%)
rms = 3.9587/3.9857, sse=681406.7/686559.8, time step reduction 3 of 3 to 0.062  0 0 1
028: dt: 0.1250, sse=681406.8, rms=3.959 (0.675%)
  maximum number of reductions reached, breaking from loop
positioning took 1.8 minutes
Iteration 1 =========================================
n_averages=8, current_sigma=1
Computing target border values 
Entering MRIScomputeBorderValues_new(): 
  inside_hi   =  93.7104420;
  border_hi   =  57.4992980;
  border_low  =  36.4978980;
  outside_low =  10.0000000;
  outside_hi  =  52.2489470;
  sigma = 1;
  max_thickness = 10;
  step_size=0.5;
  STEP_SIZE=0.1;
  which = 2
  thresh = 0
  flags = 0
  CBVfindFirstPeakD1=0
  CBVfindFirstPeakD2=0
  nvertices=134473
  Gdiag_no=-1
  vno start=0, stop=134473
Replacing 255s with 0s
#SI# sigma=1 had to be increased for 16449 vertices, nripped=5347
mean border=56.0, 2460 (23) missing vertices, mean dist 0.2 [0.2 (%43.6)->1.0 (%56.4))]
%17 local maxima, %26 large gradients and %51 min vals, 0 gradients ignored
nFirstPeakD1 0
MRIScomputeBorderValues_new() finished in 0.0032 min


Averaging target values for 5 iterations...
Positioning Surface: tspring = 0.3, nspring = 0.3, spring = 0, niters = 100 l_repulse = 0, l_surf_repulse = 5, checktol = 0
Positioning pial surface
Entering MRISpositionSurface()
  max_mm = 0.3
  MAX_REDUCTIONS = 2, REDUCTION_PCT = 0.5
  parms->check_tol = 0, niterations = 100
tol=1.0e-04, sigma=1.0, host=dna07, nav=8, nbrs=2, l_surf_repulse=5.000, l_tspring=0.300, l_nspring=0.300, l_intensity=0.200, l_curv=1.000
mom=0.00, dt=0.50
000: dt: 0.0000, sse=913629.3, rms=4.666
rms = 4.7019/4.6659, sse=921550.8/913629.3, time step reduction 1 of 3 to 0.250  0 1 1
   RMS increased, rejecting step
029: dt: 0.2500, sse=848253.2, rms=4.384 (6.047%)
030: dt: 0.2500, sse=815732.5, rms=4.237 (3.351%)
rms = 4.2219/4.2368, sse=812196.2/815732.5, time step reduction 2 of 3 to 0.125  0 0 1
031: dt: 0.2500, sse=812196.2, rms=4.222 (0.352%)
032: dt: 0.1250, sse=767674.4, rms=4.009 (5.045%)
033: dt: 0.1250, sse=751808.2, rms=3.932 (1.930%)
rms = 3.9074/3.9316, sse=746904.5/751808.2, time step reduction 3 of 3 to 0.062  0 0 1
034: dt: 0.1250, sse=746904.4, rms=3.907 (0.615%)
  maximum number of reductions reached, breaking from loop
positioning took 0.4 minutes
Iteration 2 =========================================
n_averages=4, current_sigma=0.5
Computing target border values 
Entering MRIScomputeBorderValues_new(): 
  inside_hi   =  93.7104420;
  border_hi   =  57.4992980;
  border_low  =  36.4978980;
  outside_low =  10.0000000;
  outside_hi  =  52.2489470;
  sigma = 0.5;
  max_thickness = 10;
  step_size=0.5;
  STEP_SIZE=0.1;
  which = 2
  thresh = 0
  flags = 0
  CBVfindFirstPeakD1=0
  CBVfindFirstPeakD2=0
  nvertices=134473
  Gdiag_no=-1
  vno start=0, stop=134473
Replacing 255s with 0s
#SI# sigma=0.5 had to be increased for 18282 vertices, nripped=5347
mean border=55.5, 3044 (20) missing vertices, mean dist 0.2 [0.2 (%42.1)->0.8 (%57.9))]
%24 local maxima, %19 large gradients and %51 min vals, 0 gradients ignored
nFirstPeakD1 0
MRIScomputeBorderValues_new() finished in 0.0024 min


Averaging target values for 5 iterations...
Positioning Surface: tspring = 0.3, nspring = 0.3, spring = 0, niters = 100 l_repulse = 0, l_surf_repulse = 5, checktol = 0
Positioning pial surface
Entering MRISpositionSurface()
  max_mm = 0.3
  MAX_REDUCTIONS = 2, REDUCTION_PCT = 0.5
  parms->check_tol = 0, niterations = 100
tol=1.0e-04, sigma=0.5, host=dna07, nav=4, nbrs=2, l_surf_repulse=5.000, l_tspring=0.300, l_nspring=0.300, l_intensity=0.200, l_curv=1.000
mom=0.00, dt=0.50
000: dt: 0.0000, sse=796868.8, rms=4.125
rms = 4.4678/4.1251, sse=869850.9/796868.8, time step reduction 1 of 3 to 0.250  0 1 1
   RMS increased, rejecting step
035: dt: 0.2500, sse=766882.8, rms=3.982 (3.465%)
rms = 3.9574/3.9822, sse=760832.8/766882.8, time step reduction 2 of 3 to 0.125  0 0 1
036: dt: 0.2500, sse=760832.8, rms=3.957 (0.623%)
037: dt: 0.1250, sse=739647.9, rms=3.851 (2.692%)
038: dt: 0.1250, sse=729387.4, rms=3.801 (1.307%)
rms = 3.7758/3.8005, sse=724301.5/729387.5, time step reduction 3 of 3 to 0.062  0 0 1
039: dt: 0.1250, sse=724301.5, rms=3.776 (0.650%)
  maximum number of reductions reached, breaking from loop
positioning took 0.3 minutes
Iteration 3 =========================================
n_averages=2, current_sigma=0.25
Computing target border values 
Entering MRIScomputeBorderValues_new(): 
  inside_hi   =  93.7104420;
  border_hi   =  57.4992980;
  border_low  =  36.4978980;
  outside_low =  10.0000000;
  outside_hi  =  52.2489470;
  sigma = 0.25;
  max_thickness = 10;
  step_size=0.5;
  STEP_SIZE=0.1;
  which = 2
  thresh = 0
  flags = 0
  CBVfindFirstPeakD1=0
  CBVfindFirstPeakD2=0
  nvertices=134473
  Gdiag_no=-1
  vno start=0, stop=134473
Replacing 255s with 0s
#SI# sigma=0.25 had to be increased for 15095 vertices, nripped=5347
mean border=55.0, 7554 (19) missing vertices, mean dist 0.1 [0.2 (%42.9)->0.6 (%57.1))]
%26 local maxima, %15 large gradients and %49 min vals, 0 gradients ignored
nFirstPeakD1 0
MRIScomputeBorderValues_new() finished in 0.0012 min


Averaging target values for 5 iterations...
Positioning Surface: tspring = 0.3, nspring = 0.3, spring = 0, niters = 100 l_repulse = 0, l_surf_repulse = 5, checktol = 0
Positioning pial surface
Entering MRISpositionSurface()
  max_mm = 0.3
  MAX_REDUCTIONS = 2, REDUCTION_PCT = 0.5
  parms->check_tol = 0, niterations = 100
tol=1.0e-04, sigma=0.2, host=dna07, nav=2, nbrs=2, l_surf_repulse=5.000, l_tspring=0.300, l_nspring=0.300, l_intensity=0.200, l_curv=1.000
mom=0.00, dt=0.50
000: dt: 0.0000, sse=748460.2, rms=3.879
rms = 4.2487/3.8786, sse=821485.3/748460.2, time step reduction 1 of 3 to 0.250  0 1 1
   RMS increased, rejecting step
040: dt: 0.2500, sse=728528.2, rms=3.779 (2.557%)
rms = 3.7733/3.7794, sse=725485.1/728528.2, time step reduction 2 of 3 to 0.125  0 0 1
041: dt: 0.2500, sse=725485.1, rms=3.773 (0.162%)
042: dt: 0.1250, sse=705199.6, rms=3.667 (2.814%)
043: dt: 0.1250, sse=693681.9, rms=3.609 (1.592%)
rms = 3.5842/3.6087, sse=688663.1/693681.9, time step reduction 3 of 3 to 0.062  0 0 1
044: dt: 0.1250, sse=688663.1, rms=3.584 (0.681%)
  maximum number of reductions reached, breaking from loop
positioning took 0.3 minutes
Pinning medial wall to white surface
removing intersecting faces
000: 6 intersecting
terminating search with 0 intersecting


Writing output to ../surf/lh.pial.T1
#ET# mris_place_surface  2.99 minutes
#VMPC# mris_place_surfaces VmPeak  2418608
mris_place_surface done
#@# white curv lh Mon Mar  9 00:54:01 CET 2026
cd /out/sourcedata/freesurfer/sub-v1s16x0051181_ses-1/mri
mris_place_surface --curv-map ../surf/lh.white 2 10 ../surf/lh.curv
insurf  ../surf/lh.white, nbrs 2, curvature_avgs 10
writing curvature file ../surf/lh.curv
#@# white area lh Mon Mar  9 00:54:03 CET 2026
cd /out/sourcedata/freesurfer/sub-v1s16x0051181_ses-1/mri
mris_place_surface --area-map ../surf/lh.white ../surf/lh.area
writing curvature file ../surf/lh.area
#@# pial curv lh Mon Mar  9 00:54:03 CET 2026
cd /out/sourcedata/freesurfer/sub-v1s16x0051181_ses-1/mri
mris_place_surface --curv-map ../surf/lh.pial 2 10 ../surf/lh.curv.pial
insurf  ../surf/lh.pial, nbrs 2, curvature_avgs 10
writing curvature file ../surf/lh.curv.pial
#@# pial area lh Mon Mar  9 00:54:04 CET 2026
cd /out/sourcedata/freesurfer/sub-v1s16x0051181_ses-1/mri
mris_place_surface --area-map ../surf/lh.pial ../surf/lh.area.pial
writing curvature file ../surf/lh.area.pial
#@# thickness lh Mon Mar  9 00:54:05 CET 2026
cd /out/sourcedata/freesurfer/sub-v1s16x0051181_ses-1/mri
mris_place_surface --thickness ../surf/lh.white ../surf/lh.pial 20 5 ../surf/lh.thickness
0 of 134473 vertices processed
25000 of 134473 vertices processed
50000 of 134473 vertices processed
75000 of 134473 vertices processed
100000 of 134473 vertices processed
125000 of 134473 vertices processed
0 of 134473 vertices processed
25000 of 134473 vertices processed
50000 of 134473 vertices processed
75000 of 134473 vertices processed
100000 of 134473 vertices processed
125000 of 134473 vertices processed
thickness calculation complete, 897:3562 truncations.
44771 vertices at 0 distance
93031 vertices at 1 distance
75594 vertices at 2 distance
32544 vertices at 3 distance
12654 vertices at 4 distance
5314 vertices at 5 distance
2323 vertices at 6 distance
1111 vertices at 7 distance
559 vertices at 8 distance
302 vertices at 9 distance
186 vertices at 10 distance
122 vertices at 11 distance
91 vertices at 12 distance
71 vertices at 13 distance
54 vertices at 14 distance
47 vertices at 15 distance
46 vertices at 16 distance
43 vertices at 17 distance
26 vertices at 18 distance
25 vertices at 19 distance
32 vertices at 20 distance
writing curvature file ../surf/lh.thickness
#@# area and vertex vol lh Mon Mar  9 00:54:23 CET 2026
cd /out/sourcedata/freesurfer/sub-v1s16x0051181_ses-1/mri
mris_place_surface --thickness ../surf/lh.white ../surf/lh.pial 20 5 ../surf/lh.thickness
/out/sourcedata/freesurfer/sub-v1s16x0051181_ses-1/surf
mris_calc -o lh.area.mid lh.area add lh.area.pial
Saving result to 'lh.area.mid' (type = MRI_CURV_FILE)                       [ ok ]
mris_calc -o lh.area.mid lh.area.mid div 2
Saving result to 'lh.area.mid' (type = MRI_CURV_FILE)                       [ ok ]
mris_convert --volume sub-v1s16x0051181_ses-1 lh /out/sourcedata/freesurfer/sub-v1s16x0051181_ses-1/surf/lh.volume
masking with /out/sourcedata/freesurfer/sub-v1s16x0051181_ses-1/label/lh.cortex.label
Total face volume 294918
Total vertex volume 294717 (mask=0)
#@# sub-v1s16x0051181_ses-1 lh 294717
 
vertexvol Done

#-----------------------------------------
#@# Curvature Stats lh Mon Mar  9 00:54:24 CET 2026
/out/sourcedata/freesurfer/sub-v1s16x0051181_ses-1/surf

 mris_curvature_stats -m --writeCurvatureFiles -G -o ../stats/lh.curv.stats -F smoothwm sub-v1s16x0051181_ses-1 lh curv sulc 

             Toggling save flag on curvature files                       [ ok ]
                 Outputting results using filestem   [ ../stats/lh.curv.stats ]
             Toggling save flag on curvature files                       [ ok ]
                                   Setting surface [ sub-v1s16x0051181_ses-1/lh.smoothwm ]
                                Reading surface...                       [ ok ]
                                   Setting texture                     [ curv ]
                                Reading texture...                       [ ok ]
                                   Setting texture                     [ sulc ]
                                Reading texture...Gb_filter = 0
                       [ ok ]
      Calculating Discrete Principal Curvatures...
      Determining geometric order for vno faces... [####################] [ ok ]
                      Determining KH curvatures... [####################] [ ok ]
                    Determining k1k2 curvatures... [####################] [ ok ]
                                   deltaViolations                      [ 234 ]
Gb_filter = 0

WARN:    S lookup   min:                          -0.735906
WARN:    S explicit min:                          0.000000	vertex = 199

WARN:    C lookup   max:                          42.679016
WARN:    C explicit max:                          38.516575	vertex = 1413
#-----------------------------------------
#@# Cortical Parc 2 lh Mon Mar  9 00:54:26 CET 2026
/out/sourcedata/freesurfer/sub-v1s16x0051181_ses-1/scripts

 mris_ca_label -l ../label/lh.cortex.label -aseg ../mri/aseg.presurf.mgz -seed 1234 sub-v1s16x0051181_ses-1 lh ../surf/lh.sphere.reg /opt/freesurfer/average/lh.CDaparc.atlas.acfb40.noaparc.i12.2016-08-02.gcs ../label/lh.aparc.a2009s.annot 

setting seed for random number generator to 1234
using ../mri/aseg.presurf.mgz aseg volume to correct midline
7.3.2
  7.3.2
reading atlas from /opt/freesurfer/average/lh.CDaparc.atlas.acfb40.noaparc.i12.2016-08-02.gcs...
reading color table from GCSA file....
average std = 3.0   using min determinant for regularization = 0.088
0 singular and 0 ill-conditioned covariance matrices regularized
input 0: MEAN CURVATURE, flags 0, avgs 5, name mean_curvature
labeling surface...
3 labels changed using aseg
relabeling using gibbs priors...
000:   9340 changed, 134473 examined...
001:   2220 changed, 35916 examined...
002:    678 changed, 11724 examined...
003:    286 changed, 3870 examined...
004:    145 changed, 1670 examined...
005:     85 changed, 840 examined...
006:     35 changed, 460 examined...
007:     15 changed, 208 examined...
008:     10 changed, 93 examined...
009:      7 changed, 64 examined...
010:      6 changed, 41 examined...
011:      3 changed, 31 examined...
012:      1 changed, 16 examined...
013:      1 changed, 7 examined...
014:      0 changed, 6 examined...
0 labels changed using aseg
000: 248 total segments, 165 labels (1754 vertices) changed
001: 92 total segments, 9 labels (27 vertices) changed
002: 84 total segments, 1 labels (1 vertices) changed
003: 83 total segments, 0 labels (0 vertices) changed
10 filter iterations complete (10 requested, 31 changed)
rationalizing unknown annotations with cortex label
relabeling Medial_wall label...
1582 vertices marked for relabeling...
1582 labels changed in reclassification.
writing output to ../label/lh.aparc.a2009s.annot...
classification took 0 minutes and 9 seconds.
#-----------------------------------------
#@# Cortical Parc 3 lh Mon Mar  9 00:54:35 CET 2026
/out/sourcedata/freesurfer/sub-v1s16x0051181_ses-1/scripts

 mris_ca_label -l ../label/lh.cortex.label -aseg ../mri/aseg.presurf.mgz -seed 1234 sub-v1s16x0051181_ses-1 lh ../surf/lh.sphere.reg /opt/freesurfer/average/lh.DKTaparc.atlas.acfb40.noaparc.i12.2016-08-02.gcs ../label/lh.aparc.DKTatlas.annot 

setting seed for random number generator to 1234
using ../mri/aseg.presurf.mgz aseg volume to correct midline
7.3.2
  7.3.2
reading atlas from /opt/freesurfer/average/lh.DKTaparc.atlas.acfb40.noaparc.i12.2016-08-02.gcs...
reading color table from GCSA file....
average std = 1.4   using min determinant for regularization = 0.020
0 singular and 383 ill-conditioned covariance matrices regularized
input 0: MEAN CURVATURE, flags 0, avgs 5, name mean_curvature
labeling surface...
1595 labels changed using aseg
relabeling using gibbs priors...
000:   1965 changed, 134473 examined...
001:    427 changed, 9187 examined...
002:    117 changed, 2418 examined...
003:     53 changed, 682 examined...
004:     34 changed, 294 examined...
005:     25 changed, 194 examined...
006:     15 changed, 136 examined...
007:      6 changed, 86 examined...
008:      3 changed, 36 examined...
009:      2 changed, 20 examined...
010:      5 changed, 11 examined...
011:      1 changed, 21 examined...
012:      1 changed, 8 examined...
013:      0 changed, 7 examined...
202 labels changed using aseg
000: 57 total segments, 24 labels (358 vertices) changed
001: 33 total segments, 0 labels (0 vertices) changed
10 filter iterations complete (10 requested, 1 changed)
rationalizing unknown annotations with cortex label
relabeling unknown label...
relabeling corpuscallosum label...
1101 vertices marked for relabeling...
1101 labels changed in reclassification.
writing output to ../label/lh.aparc.DKTatlas.annot...
classification took 0 minutes and 7 seconds.
#-----------------------------------------
#@# WM/GM Contrast lh Mon Mar  9 00:54:42 CET 2026
/out/sourcedata/freesurfer/sub-v1s16x0051181_ses-1/scripts

 pctsurfcon --s sub-v1s16x0051181_ses-1 --lh-only 

Log file is /out/sourcedata/freesurfer/sub-v1s16x0051181_ses-1/scripts/pctsurfcon.log
Mon Mar  9 00:54:42 CET 2026
setenv SUBJECTS_DIR /out/sourcedata/freesurfer
cd /out/sourcedata/freesurfer/sub-v1s16x0051181_ses-1/scripts
/opt/freesurfer/bin/pctsurfcon
pctsurfcon 7.3.2
Linux dna075 5.14.0-427.37.1.el9_4.x86_64 #1 SMP PREEMPT_DYNAMIC Fri Sep 13 12:41:50 EDT 2024 x86_64 x86_64 x86_64 GNU/Linux
FREESURFER_HOME /opt/freesurfer
mri_vol2surf --mov /out/sourcedata/freesurfer/sub-v1s16x0051181_ses-1/mri/rawavg.mgz --hemi lh --noreshape --interp trilinear --projdist -1 --o /out/sourcedata/freesurfer/sub-v1s16x0051181_ses-1/surf/tmp.pctsurfcon.3526011/lh.wm.mgh --regheader sub-v1s16x0051181_ses-1 --cortex
srcvol = /out/sourcedata/freesurfer/sub-v1s16x0051181_ses-1/mri/rawavg.mgz
srcreg unspecified
srcregold = 0
srcwarp unspecified
surf = white
hemi = lh
ProjDist = -1
reshape = 0
interp = trilinear
float2int = round
GetProjMax = 0
INFO: float2int code = 0
Done loading volume
Computing registration from header.
  Using /out/sourcedata/freesurfer/sub-v1s16x0051181_ses-1/mri/orig.mgz as target reference.
-------- original matrix -----------
-1.00000   0.00000   0.00000  -0.00003;
 0.00000   0.00000   1.00000   0.00003;
 0.00000  -1.00000   0.00000   0.00000;
 0.00000   0.00000   0.00000   1.00000;
-------- original matrix -----------
Loading label /out/sourcedata/freesurfer/sub-v1s16x0051181_ses-1/label/lh.cortex.label
Reading surface /out/sourcedata/freesurfer/sub-v1s16x0051181_ses-1/surf/lh.white
Done reading source surface
Mapping Source Volume onto Source Subject Surface
Projecting -1 -1 1
 1 -1 -1 -1
using old
Done mapping volume to surface
Number of source voxels hit = 78796
Masking with /out/sourcedata/freesurfer/sub-v1s16x0051181_ses-1/label/lh.cortex.label
Writing to /out/sourcedata/freesurfer/sub-v1s16x0051181_ses-1/surf/tmp.pctsurfcon.3526011/lh.wm.mgh
Dim: 134473 1 1
mri_vol2surf --mov /out/sourcedata/freesurfer/sub-v1s16x0051181_ses-1/mri/rawavg.mgz --hemi lh --noreshape --interp trilinear --o /out/sourcedata/freesurfer/sub-v1s16x0051181_ses-1/surf/tmp.pctsurfcon.3526011/lh.gm.mgh --projfrac 0.3 --regheader sub-v1s16x0051181_ses-1 --cortex
srcvol = /out/sourcedata/freesurfer/sub-v1s16x0051181_ses-1/mri/rawavg.mgz
srcreg unspecified
srcregold = 0
srcwarp unspecified
surf = white
hemi = lh
ProjFrac = 0.3
thickness = thickness
reshape = 0
interp = trilinear
float2int = round
GetProjMax = 0
INFO: float2int code = 0
Done loading volume
Computing registration from header.
  Using /out/sourcedata/freesurfer/sub-v1s16x0051181_ses-1/mri/orig.mgz as target reference.
-------- original matrix -----------
-1.00000   0.00000   0.00000  -0.00003;
 0.00000   0.00000   1.00000   0.00003;
 0.00000  -1.00000   0.00000   0.00000;
 0.00000   0.00000   0.00000   1.00000;
-------- original matrix -----------
Loading label /out/sourcedata/freesurfer/sub-v1s16x0051181_ses-1/label/lh.cortex.label
Reading surface /out/sourcedata/freesurfer/sub-v1s16x0051181_ses-1/surf/lh.white
Done reading source surface
Reading thickness /out/sourcedata/freesurfer/sub-v1s16x0051181_ses-1/surf/lh.thickness
Done
Mapping Source Volume onto Source Subject Surface
Projecting 0.3 0.3 1
 1 0.3 0.3 0.3
using old
Done mapping volume to surface
Number of source voxels hit = 89702
Masking with /out/sourcedata/freesurfer/sub-v1s16x0051181_ses-1/label/lh.cortex.label
Writing to /out/sourcedata/freesurfer/sub-v1s16x0051181_ses-1/surf/tmp.pctsurfcon.3526011/lh.gm.mgh
Dim: 134473 1 1
mri_concat /out/sourcedata/freesurfer/sub-v1s16x0051181_ses-1/surf/tmp.pctsurfcon.3526011/lh.wm.mgh /out/sourcedata/freesurfer/sub-v1s16x0051181_ses-1/surf/tmp.pctsurfcon.3526011/lh.gm.mgh --paired-diff-norm --mul 100 --o /out/sourcedata/freesurfer/sub-v1s16x0051181_ses-1/surf/lh.w-g.pct.mgh
ninputs = 2
Checking inputs
nframestot = 2
Allocing output
Done allocing
Combining pairs
nframes = 1
Multiplying by 100.000000
Writing to /out/sourcedata/freesurfer/sub-v1s16x0051181_ses-1/surf/lh.w-g.pct.mgh
mri_segstats --in /out/sourcedata/freesurfer/sub-v1s16x0051181_ses-1/surf/lh.w-g.pct.mgh --annot sub-v1s16x0051181_ses-1 lh aparc --sum /out/sourcedata/freesurfer/sub-v1s16x0051181_ses-1/stats/lh.w-g.pct.stats --snr

7.3.2
cwd 
cmdline mri_segstats --in /out/sourcedata/freesurfer/sub-v1s16x0051181_ses-1/surf/lh.w-g.pct.mgh --annot sub-v1s16x0051181_ses-1 lh aparc --sum /out/sourcedata/freesurfer/sub-v1s16x0051181_ses-1/stats/lh.w-g.pct.stats --snr 
sysname  Linux
hostname dna075
machine  x86_64
user     oesteban
whitesurfname  white
UseRobust  0
Constructing seg from annotation

Reading annotation /out/sourcedata/freesurfer/sub-v1s16x0051181_ses-1/label/lh.aparc.annot
Seg base 1000
Loading /out/sourcedata/freesurfer/sub-v1s16x0051181_ses-1/surf/lh.w-g.pct.mgh
Vertex Area is 0.723026 mm^3
Generating list of segmentation ids
Found  36 segmentations
Computing statistics for each segmentation

Reporting on  35 segmentations
Using PrintSegStat
mri_segstats done
Cleaning up

Started at Mon Mar 9 00:37:04 CET 2026 
Ended   at Mon Mar 9 00:54:44 CET 2026
#@#%# recon-all-run-time-hours 0.294
recon-all -s sub-v1s16x0051181_ses-1 finished without error at Mon Mar  9 00:54:44 CET 2026



#New# invocation of recon-all 




Mon Mar  9 01:17:08 CET 2026
cd /out/sourcedata/freesurfer/sub-v1s16x0051181_ses-1
setenv SUBJECTS_DIR /out/sourcedata/freesurfer
/opt/freesurfer/bin/recon-all -autorecon-hemi lh -nohyporelabel -lh-only -openmp 16 -subjid sub-v1s16x0051181_ses-1 -sd /out/sourcedata/freesurfer -notessellate -nosmooth1 -noinflate1 -noqsphere -nofix -nowhite -nosmooth2 -noinflate2 -nocurvHK -nocurvstats -nosphere -nosurfreg -nojacobian_white -noavgcurv -nocortparc -nopial -nocortparc2 -nocortparc3 -nopctsurfcon

subjid sub-v1s16x0051181_ses-1
setenv SUBJECTS_DIR /out/sourcedata/freesurfer
FREESURFER_HOME /opt/freesurfer
Actual FREESURFER_HOME /opt/freesurfer
build-stamp.txt: freesurfer-linux-ubuntu22_x86_64-7.3.2-20220804-6354275
Linux dna075 5.14.0-427.37.1.el9_4.x86_64 #1 SMP PREEMPT_DYNAMIC Fri Sep 13 12:41:50 EDT 2024 x86_64 x86_64 x86_64 GNU/Linux
cputime      unlimited
filesize     unlimited
datasize     unlimited
stacksize    8192 kbytes
coredumpsize 0 kbytes
memoryuse    67108864 kbytes
vmemoryuse   unlimited
descriptors  1024 
memorylocked unlimited
maxproc      2061970 
maxlocks     unlimited
maxsignal    2062029 
maxmessage   819200 
maxnice      0 
maxrtprio    0 
maxrttime    unlimited

               total        used        free      shared  buff/cache   available
Mem:           503Gi        42Gi       401Gi        10Gi        59Gi       447Gi
Swap:             0B          0B          0B

########################################
program versions used
7.3.2 (freesurfer-linux-ubuntu22_x86_64-7.3.2-20220804-6354275)
7.3.2

ProgramName: lta_convert  ProgramArguments: lta_convert -all-info  ProgramVersion: 7.3.2  TimeStamp: 2026/03/09-00:17:08-GMT  BuildTime: Aug  4 2022 06:17:15  BuildStamp: freesurfer-linux-ubuntu22_x86_64-7.3.2-20220804-6354275  User: oesteban  Machine: dna075  Platform: Linux  PlatformVersion: 5.14.0-427.37.1.el9_4.x86_64  CompilerName: GCC  CompilerVersion: 8.4.0
ProgramName: mri_and  ProgramArguments: mri_and -all-info  ProgramVersion: 7.3.2  TimeStamp: 2026/03/09-00:17:08-GMT  BuildTime: Aug  4 2022 06:17:15  BuildStamp: freesurfer-linux-ubuntu22_x86_64-7.3.2-20220804-6354275  User: oesteban  Machine: dna075  Platform: Linux  PlatformVersion: 5.14.0-427.37.1.el9_4.x86_64  CompilerName: GCC  CompilerVersion: 8.4.0
ProgramName: mri_annotation2label  ProgramArguments: mri_annotation2label -all-info  ProgramVersion: 7.3.2  TimeStamp: 2026/03/09-00:17:08-GMT  BuildTime: Aug  4 2022 06:17:15  BuildStamp: freesurfer-linux-ubuntu22_x86_64-7.3.2-20220804-6354275  User: oesteban  Machine: dna075  Platform: Linux  PlatformVersion: 5.14.0-427.37.1.el9_4.x86_64  CompilerName: GCC  CompilerVersion: 8.4.0
ProgramName: mri_aparc2aseg  ProgramArguments: mri_aparc2aseg -all-info  ProgramVersion: 7.3.2  TimeStamp: 2026/03/09-00:17:08-GMT  BuildTime: Aug  4 2022 06:17:15  BuildStamp: freesurfer-linux-ubuntu22_x86_64-7.3.2-20220804-6354275  User: oesteban  Machine: dna075  Platform: Linux  PlatformVersion: 5.14.0-427.37.1.el9_4.x86_64  CompilerName: GCC  CompilerVersion: 8.4.0
ProgramName: mri_surf2volseg  ProgramArguments: mri_surf2volseg -all-info  ProgramVersion: 7.3.2  TimeStamp: 2026/03/09-00:17:08-GMT  BuildTime: Aug  4 2022 06:17:15  BuildStamp: freesurfer-linux-ubuntu22_x86_64-7.3.2-20220804-6354275  User: oesteban  Machine: dna075  Platform: Linux  PlatformVersion: 5.14.0-427.37.1.el9_4.x86_64  CompilerName: GCC  CompilerVersion: 8.4.0
ProgramName: mri_binarize  ProgramArguments: mri_binarize -all-info  ProgramVersion: 7.3.2  TimeStamp: 2026/03/09-00:17:08-GMT  BuildTime: Aug  4 2022 06:17:15  BuildStamp: freesurfer-linux-ubuntu22_x86_64-7.3.2-20220804-6354275  User: oesteban  Machine: dna075  Platform: Linux  PlatformVersion: 5.14.0-427.37.1.el9_4.x86_64  CompilerName: GCC  CompilerVersion: 8.4.0
ProgramName: mri_ca_label  ProgramArguments: mri_ca_label -all-info  ProgramVersion: 7.3.2  TimeStamp: 2026/03/09-00:17:08-GMT  BuildTime: Aug  4 2022 06:17:15  BuildStamp: freesurfer-linux-ubuntu22_x86_64-7.3.2-20220804-6354275  User: oesteban  Machine: dna075  Platform: Linux  PlatformVersion: 5.14.0-427.37.1.el9_4.x86_64  CompilerName: GCC  CompilerVersion: 8.4.0
ProgramName: mri_ca_normalize  ProgramArguments: mri_ca_normalize -all-info  ProgramVersion: 7.3.2  TimeStamp: 2026/03/09-00:17:08-GMT  BuildTime: Aug  4 2022 06:17:15  BuildStamp: freesurfer-linux-ubuntu22_x86_64-7.3.2-20220804-6354275  User: oesteban  Machine: dna075  Platform: Linux  PlatformVersion: 5.14.0-427.37.1.el9_4.x86_64  CompilerName: GCC  CompilerVersion: 8.4.0
ProgramName: mri_ca_register  ProgramArguments: mri_ca_register -all-info  ProgramVersion: 7.3.2  TimeStamp: 2026/03/09-00:17:08-GMT  BuildTime: Aug  4 2022 06:17:15  BuildStamp: freesurfer-linux-ubuntu22_x86_64-7.3.2-20220804-6354275  User: oesteban  Machine: dna075  Platform: Linux  PlatformVersion: 5.14.0-427.37.1.el9_4.x86_64  CompilerName: GCC  CompilerVersion: 8.4.0
ProgramName: mri_cc  ProgramArguments: mri_cc -all-info  ProgramVersion: 7.3.2  TimeStamp: 2026/03/09-00:17:08-GMT  BuildTime: Aug  4 2022 06:17:15  BuildStamp: freesurfer-linux-ubuntu22_x86_64-7.3.2-20220804-6354275  User: oesteban  Machine: dna075  Platform: Linux  PlatformVersion: 5.14.0-427.37.1.el9_4.x86_64  CompilerName: GCC  CompilerVersion: 8.4.0
ProgramName: mri_compute_overlap  ProgramArguments: mri_compute_overlap -all-info  ProgramVersion: 7.3.2  TimeStamp: 2026/03/09-00:17:08-GMT  BuildTime: Aug  4 2022 06:17:15  BuildStamp: freesurfer-linux-ubuntu22_x86_64-7.3.2-20220804-6354275  User: oesteban  Machine: dna075  Platform: Linux  PlatformVersion: 5.14.0-427.37.1.el9_4.x86_64  CompilerName: GCC  CompilerVersion: 8.4.0
ProgramName: mri_compute_seg_overlap  ProgramArguments: mri_compute_seg_overlap -all-info  ProgramVersion: 7.3.2  TimeStamp: 2026/03/09-00:17:08-GMT  BuildTime: Aug  4 2022 06:17:15  BuildStamp: freesurfer-linux-ubuntu22_x86_64-7.3.2-20220804-6354275  User: oesteban  Machine: dna075  Platform: Linux  PlatformVersion: 5.14.0-427.37.1.el9_4.x86_64  CompilerName: GCC  CompilerVersion: 8.4.0
ProgramName: mri_concat  ProgramArguments: mri_concat -all-info  ProgramVersion: 7.3.2  TimeStamp: 2026/03/09-00:17:08-GMT  BuildTime: Aug  4 2022 06:17:15  BuildStamp: freesurfer-linux-ubuntu22_x86_64-7.3.2-20220804-6354275  User: oesteban  Machine: dna075  Platform: Linux  PlatformVersion: 5.14.0-427.37.1.el9_4.x86_64  CompilerName: GCC  CompilerVersion: 8.4.0
ProgramName: mri_concatenate_lta  ProgramArguments: mri_concatenate_lta -all-info  ProgramVersion: 7.3.2  TimeStamp: 2026/03/09-00:17:08-GMT  BuildTime: Aug  4 2022 06:17:15  BuildStamp: freesurfer-linux-ubuntu22_x86_64-7.3.2-20220804-6354275  User: oesteban  Machine: dna075  Platform: Linux  PlatformVersion: 5.14.0-427.37.1.el9_4.x86_64  CompilerName: GCC  CompilerVersion: 8.4.0
mri_convert -all-info 
ProgramName: mri_convert  ProgramArguments: mri_convert -all-info  ProgramVersion: 7.3.2  TimeStamp: 2026/03/09-00:17:08-GMT  BuildTime: Aug  4 2022 06:17:15  BuildStamp: freesurfer-linux-ubuntu22_x86_64-7.3.2-20220804-6354275  User: oesteban  Machine: dna075  Platform: Linux  PlatformVersion: 5.14.0-427.37.1.el9_4.x86_64  CompilerName: GCC  CompilerVersion: 8.4.0
ProgramName: mri_diff  ProgramArguments: mri_diff -all-info  ProgramVersion: 7.3.2  TimeStamp: 2026/03/09-00:17:08-GMT  BuildTime: Aug  4 2022 06:17:15  BuildStamp: freesurfer-linux-ubuntu22_x86_64-7.3.2-20220804-6354275  User: oesteban  Machine: dna075  Platform: Linux  PlatformVersion: 5.14.0-427.37.1.el9_4.x86_64  CompilerName: GCC  CompilerVersion: 8.4.0
ProgramName: mri_edit_wm_with_aseg  ProgramArguments: mri_edit_wm_with_aseg -all-info  ProgramVersion: 7.3.2  TimeStamp: 2026/03/09-00:17:08-GMT  BuildTime: Aug  4 2022 06:17:15  BuildStamp: freesurfer-linux-ubuntu22_x86_64-7.3.2-20220804-6354275  User: oesteban  Machine: dna075  Platform: Linux  PlatformVersion: 5.14.0-427.37.1.el9_4.x86_64  CompilerName: GCC  CompilerVersion: 8.4.0
ProgramName: mri_em_register  ProgramArguments: mri_em_register -all-info  ProgramVersion: 7.3.2  TimeStamp: 2026/03/09-00:17:08-GMT  BuildTime: Aug  4 2022 06:17:15  BuildStamp: freesurfer-linux-ubuntu22_x86_64-7.3.2-20220804-6354275  User: oesteban  Machine: dna075  Platform: Linux  PlatformVersion: 5.14.0-427.37.1.el9_4.x86_64  CompilerName: GCC  CompilerVersion: 8.4.0
ProgramName: mri_fill  ProgramArguments: mri_fill -all-info  ProgramVersion: 7.3.2  TimeStamp: 2026/03/09-00:17:08-GMT  BuildTime: Aug  4 2022 06:17:15  BuildStamp: freesurfer-linux-ubuntu22_x86_64-7.3.2-20220804-6354275  User: oesteban  Machine: dna075  Platform: Linux  PlatformVersion: 5.14.0-427.37.1.el9_4.x86_64  CompilerName: GCC  CompilerVersion: 8.4.0
ProgramName: mri_fuse_segmentations  ProgramArguments: mri_fuse_segmentations -all-info  ProgramVersion: 7.3.2  TimeStamp: 2026/03/09-00:17:08-GMT  BuildTime: Aug  4 2022 06:17:15  BuildStamp: freesurfer-linux-ubuntu22_x86_64-7.3.2-20220804-6354275  User: oesteban  Machine: dna075  Platform: Linux  PlatformVersion: 5.14.0-427.37.1.el9_4.x86_64  CompilerName: GCC  CompilerVersion: 8.4.0
ProgramName: mri_fwhm  ProgramArguments: mri_fwhm -all-info  ProgramVersion: 7.3.2  TimeStamp: 2026/03/09-00:17:08-GMT  BuildTime: Aug  4 2022 06:17:15  BuildStamp: freesurfer-linux-ubuntu22_x86_64-7.3.2-20220804-6354275  User: oesteban  Machine: dna075  Platform: Linux  PlatformVersion: 5.14.0-427.37.1.el9_4.x86_64  CompilerName: GCC  CompilerVersion: 8.4.0
ProgramName: mri_gcut  ProgramArguments: mri_gcut -all-info  ProgramVersion: 7.3.2  TimeStamp: 2026/03/09-00:17:08-GMT  BuildTime: Aug  4 2022 06:17:15  BuildStamp: freesurfer-linux-ubuntu22_x86_64-7.3.2-20220804-6354275  User: oesteban  Machine: dna075  Platform: Linux  PlatformVersion: 5.14.0-427.37.1.el9_4.x86_64  CompilerName: GCC  CompilerVersion: 8.4.0
ProgramName: mri_info  ProgramArguments: mri_info -all-info  ProgramVersion: 7.3.2  TimeStamp: 2026/03/09-00:17:08-GMT  BuildTime: Aug  4 2022 06:17:15  BuildStamp: freesurfer-linux-ubuntu22_x86_64-7.3.2-20220804-6354275  User: oesteban  Machine: dna075  Platform: Linux  PlatformVersion: 5.14.0-427.37.1.el9_4.x86_64  CompilerName: GCC  CompilerVersion: 8.4.0
ProgramName: mri_label2label  ProgramArguments: mri_label2label -all-info  ProgramVersion: 7.3.2  TimeStamp: 2026/03/09-00:17:08-GMT  BuildTime: Aug  4 2022 06:17:15  BuildStamp: freesurfer-linux-ubuntu22_x86_64-7.3.2-20220804-6354275  User: oesteban  Machine: dna075  Platform: Linux  PlatformVersion: 5.14.0-427.37.1.el9_4.x86_64  CompilerName: GCC  CompilerVersion: 8.4.0
ProgramName: mri_label2vol  ProgramArguments: mri_label2vol -all-info  ProgramVersion: 7.3.2  TimeStamp: 2026/03/09-00:17:08-GMT  BuildTime: Aug  4 2022 06:17:15  BuildStamp: freesurfer-linux-ubuntu22_x86_64-7.3.2-20220804-6354275  User: oesteban  Machine: dna075  Platform: Linux  PlatformVersion: 5.14.0-427.37.1.el9_4.x86_64  CompilerName: GCC  CompilerVersion: 8.4.0
ProgramName: mri_log_likelihood  ProgramArguments: mri_log_likelihood -all-info  ProgramVersion: 7.3.2  TimeStamp: 2026/03/09-00:17:08-GMT  BuildTime: Aug  4 2022 06:17:15  BuildStamp: freesurfer-linux-ubuntu22_x86_64-7.3.2-20220804-6354275  User: oesteban  Machine: dna075  Platform: Linux  PlatformVersion: 5.14.0-427.37.1.el9_4.x86_64  CompilerName: GCC  CompilerVersion: 8.4.0
ProgramName: mri_mask  ProgramArguments: mri_mask -all-info  ProgramVersion: 7.3.2  TimeStamp: 2026/03/09-00:17:08-GMT  BuildTime: Aug  4 2022 06:17:15  BuildStamp: freesurfer-linux-ubuntu22_x86_64-7.3.2-20220804-6354275  User: oesteban  Machine: dna075  Platform: Linux  PlatformVersion: 5.14.0-427.37.1.el9_4.x86_64  CompilerName: GCC  CompilerVersion: 8.4.0
ProgramName: mri_matrix_multiply  ProgramArguments: mri_matrix_multiply -all-info  ProgramVersion: 7.3.2  TimeStamp: 2026/03/09-00:17:08-GMT  BuildTime: Aug  4 2022 06:17:15  BuildStamp: freesurfer-linux-ubuntu22_x86_64-7.3.2-20220804-6354275  User: oesteban  Machine: dna075  Platform: Linux  PlatformVersion: 5.14.0-427.37.1.el9_4.x86_64  CompilerName: GCC  CompilerVersion: 8.4.0
ProgramName: mri_normalize  ProgramArguments: mri_normalize -all-info  ProgramVersion: 7.3.2  TimeStamp: 2026/03/09-00:17:08-GMT  BuildTime: Aug  4 2022 06:17:15  BuildStamp: freesurfer-linux-ubuntu22_x86_64-7.3.2-20220804-6354275  User: oesteban  Machine: dna075  Platform: Linux  PlatformVersion: 5.14.0-427.37.1.el9_4.x86_64  CompilerName: GCC  CompilerVersion: 8.4.0
ProgramName: mri_normalize_tp2  ProgramArguments: mri_normalize_tp2 -all-info  ProgramVersion: 7.3.2  TimeStamp: 2026/03/09-00:17:08-GMT  BuildTime: Aug  4 2022 06:17:15  BuildStamp: freesurfer-linux-ubuntu22_x86_64-7.3.2-20220804-6354275  User: oesteban  Machine: dna075  Platform: Linux  PlatformVersion: 5.14.0-427.37.1.el9_4.x86_64  CompilerName: GCC  CompilerVersion: 8.4.0
ProgramName: mri_or  ProgramArguments: mri_or -all-info  ProgramVersion: 7.3.2  TimeStamp: 2026/03/09-00:17:08-GMT  BuildTime: Aug  4 2022 06:17:15  BuildStamp: freesurfer-linux-ubuntu22_x86_64-7.3.2-20220804-6354275  User: oesteban  Machine: dna075  Platform: Linux  PlatformVersion: 5.14.0-427.37.1.el9_4.x86_64  CompilerName: GCC  CompilerVersion: 8.4.0
ProgramName: mri_relabel_hypointensities  ProgramArguments: mri_relabel_hypointensities -all-info  ProgramVersion: 7.3.2  TimeStamp: 2026/03/09-00:17:08-GMT  BuildTime: Aug  4 2022 06:17:15  BuildStamp: freesurfer-linux-ubuntu22_x86_64-7.3.2-20220804-6354275  User: oesteban  Machine: dna075  Platform: Linux  PlatformVersion: 5.14.0-427.37.1.el9_4.x86_64  CompilerName: GCC  CompilerVersion: 8.4.0
ProgramName: mri_relabel_nonwm_hypos  ProgramArguments: mri_relabel_nonwm_hypos -all-info  ProgramVersion: 7.3.2  TimeStamp: 2026/03/09-00:17:08-GMT  BuildTime: Aug  4 2022 06:17:15  BuildStamp: freesurfer-linux-ubuntu22_x86_64-7.3.2-20220804-6354275  User: oesteban  Machine: dna075  Platform: Linux  PlatformVersion: 5.14.0-427.37.1.el9_4.x86_64  CompilerName: GCC  CompilerVersion: 8.4.0
ProgramName: mri_remove_neck  ProgramArguments: mri_remove_neck -all-info  ProgramVersion: 7.3.2  TimeStamp: 2026/03/09-00:17:08-GMT  BuildTime: Aug  4 2022 06:17:15  BuildStamp: freesurfer-linux-ubuntu22_x86_64-7.3.2-20220804-6354275  User: oesteban  Machine: dna075  Platform: Linux  PlatformVersion: 5.14.0-427.37.1.el9_4.x86_64  CompilerName: GCC  CompilerVersion: 8.4.0
7.3.2

ProgramName: mri_robust_register  ProgramArguments: mri_robust_register -all-info  ProgramVersion: 7.3.2  TimeStamp: 2026/03/09-00:17:08-GMT  BuildTime: Aug  4 2022 06:17:15  BuildStamp: freesurfer-linux-ubuntu22_x86_64-7.3.2-20220804-6354275  User: oesteban  Machine: dna075  Platform: Linux  PlatformVersion: 5.14.0-427.37.1.el9_4.x86_64  CompilerName: GCC  CompilerVersion: 8.4.0
7.3.2

ProgramName: mri_robust_template  ProgramArguments: mri_robust_template -all-info  ProgramVersion: 7.3.2  TimeStamp: 2026/03/09-00:17:08-GMT  BuildTime: Aug  4 2022 06:17:15  BuildStamp: freesurfer-linux-ubuntu22_x86_64-7.3.2-20220804-6354275  User: oesteban  Machine: dna075  Platform: Linux  PlatformVersion: 5.14.0-427.37.1.el9_4.x86_64  CompilerName: GCC  CompilerVersion: 8.4.0
ProgramName: mris_anatomical_stats  ProgramArguments: mris_anatomical_stats -all-info  ProgramVersion: 7.3.2  TimeStamp: 2026/03/09-00:17:08-GMT  BuildTime: Aug  4 2022 06:17:15  BuildStamp: freesurfer-linux-ubuntu22_x86_64-7.3.2-20220804-6354275  User: oesteban  Machine: dna075  Platform: Linux  PlatformVersion: 5.14.0-427.37.1.el9_4.x86_64  CompilerName: GCC  CompilerVersion: 8.4.0
ProgramName: mris_ca_label  ProgramArguments: mris_ca_label -all-info  ProgramVersion: 7.3.2  TimeStamp: 2026/03/09-00:17:08-GMT  BuildTime: Aug  4 2022 06:17:15  BuildStamp: freesurfer-linux-ubuntu22_x86_64-7.3.2-20220804-6354275  User: oesteban  Machine: dna075  Platform: Linux  PlatformVersion: 5.14.0-427.37.1.el9_4.x86_64  CompilerName: GCC  CompilerVersion: 8.4.0
ProgramName: mris_calc  ProgramArguments: mris_calc -all-info  ProgramVersion: 7.3.2  TimeStamp: 2026/03/09-00:17:08-GMT  BuildTime: Aug  4 2022 06:17:15  BuildStamp: freesurfer-linux-ubuntu22_x86_64-7.3.2-20220804-6354275  User: oesteban  Machine: dna075  Platform: Linux  PlatformVersion: 5.14.0-427.37.1.el9_4.x86_64  CompilerName: GCC  CompilerVersion: 8.4.0
ProgramName: mris_convert  ProgramArguments: mris_convert -all-info  ProgramVersion: 7.3.2  TimeStamp: 2026/03/09-00:17:08-GMT  BuildTime: Aug  4 2022 06:17:15  BuildStamp: freesurfer-linux-ubuntu22_x86_64-7.3.2-20220804-6354275  User: oesteban  Machine: dna075  Platform: Linux  PlatformVersion: 5.14.0-427.37.1.el9_4.x86_64  CompilerName: GCC  CompilerVersion: 8.4.0
ProgramName: mris_curvature  ProgramArguments: mris_curvature -all-info  ProgramVersion: 7.3.2  TimeStamp: 2026/03/09-00:17:08-GMT  BuildTime: Aug  4 2022 06:17:15  BuildStamp: freesurfer-linux-ubuntu22_x86_64-7.3.2-20220804-6354275  User: oesteban  Machine: dna075  Platform: Linux  PlatformVersion: 5.14.0-427.37.1.el9_4.x86_64  CompilerName: GCC  CompilerVersion: 8.4.0
ProgramName: mris_curvature_stats  ProgramArguments: mris_curvature_stats -all-info  ProgramVersion: 7.3.2  TimeStamp: 2026/03/09-00:17:08-GMT  BuildTime: Aug  4 2022 06:17:15  BuildStamp: freesurfer-linux-ubuntu22_x86_64-7.3.2-20220804-6354275  User: oesteban  Machine: dna075  Platform: Linux  PlatformVersion: 5.14.0-427.37.1.el9_4.x86_64  CompilerName: GCC  CompilerVersion: 8.4.0
ProgramName: mris_diff  ProgramArguments: mris_diff -all-info  ProgramVersion: 7.3.2  TimeStamp: 2026/03/09-00:17:08-GMT  BuildTime: Aug  4 2022 06:17:15  BuildStamp: freesurfer-linux-ubuntu22_x86_64-7.3.2-20220804-6354275  User: oesteban  Machine: dna075  Platform: Linux  PlatformVersion: 5.14.0-427.37.1.el9_4.x86_64  CompilerName: GCC  CompilerVersion: 8.4.0
ProgramName: mris_divide_parcellation  ProgramArguments: mris_divide_parcellation -all-info  ProgramVersion: 7.3.2  TimeStamp: 2026/03/09-00:17:08-GMT  BuildTime: Aug  4 2022 06:17:15  BuildStamp: freesurfer-linux-ubuntu22_x86_64-7.3.2-20220804-6354275  User: oesteban  Machine: dna075  Platform: Linux  PlatformVersion: 5.14.0-427.37.1.el9_4.x86_64  CompilerName: GCC  CompilerVersion: 8.4.0
ProgramName: mri_segment  ProgramArguments: mri_segment -all-info  ProgramVersion: 7.3.2  TimeStamp: 2026/03/09-00:17:08-GMT  BuildTime: Aug  4 2022 06:17:15  BuildStamp: freesurfer-linux-ubuntu22_x86_64-7.3.2-20220804-6354275  User: oesteban  Machine: dna075  Platform: Linux  PlatformVersion: 5.14.0-427.37.1.el9_4.x86_64  CompilerName: GCC  CompilerVersion: 8.4.0
ProgramName: mri_segstats  ProgramArguments: mri_segstats -all-info  ProgramVersion: 7.3.2  TimeStamp: 2026/03/09-00:17:08-GMT  BuildTime: Aug  4 2022 06:17:15  BuildStamp: freesurfer-linux-ubuntu22_x86_64-7.3.2-20220804-6354275  User: oesteban  Machine: dna075  Platform: Linux  PlatformVersion: 5.14.0-427.37.1.el9_4.x86_64  CompilerName: GCC  CompilerVersion: 8.4.0
ProgramName: mris_euler_number  ProgramArguments: mris_euler_number -all-info  ProgramVersion: 7.3.2  TimeStamp: 2026/03/09-00:17:08-GMT  BuildTime: Aug  4 2022 06:17:15  BuildStamp: freesurfer-linux-ubuntu22_x86_64-7.3.2-20220804-6354275  User: oesteban  Machine: dna075  Platform: Linux  PlatformVersion: 5.14.0-427.37.1.el9_4.x86_64  CompilerName: GCC  CompilerVersion: 8.4.0
ProgramName: mris_fix_topology  ProgramArguments: mris_fix_topology -all-info  ProgramVersion: 7.3.2  TimeStamp: 2026/03/09-00:17:08-GMT  BuildTime: Aug  4 2022 06:17:15  BuildStamp: freesurfer-linux-ubuntu22_x86_64-7.3.2-20220804-6354275  User: oesteban  Machine: dna075  Platform: Linux  PlatformVersion: 5.14.0-427.37.1.el9_4.x86_64  CompilerName: GCC  CompilerVersion: 8.4.0
ProgramName: mris_topo_fixer  ProgramArguments: mris_topo_fixer -all-info  ProgramVersion: 7.3.2  TimeStamp: 2026/03/09-00:17:08-GMT  BuildTime: Aug  4 2022 06:17:15  BuildStamp: freesurfer-linux-ubuntu22_x86_64-7.3.2-20220804-6354275  User: oesteban  Machine: dna075  Platform: Linux  PlatformVersion: 5.14.0-427.37.1.el9_4.x86_64  CompilerName: GCC  CompilerVersion: 8.4.0
ProgramName: mris_jacobian  ProgramArguments: mris_jacobian -all-info  ProgramVersion: 7.3.2  TimeStamp: 2026/03/09-00:17:08-GMT  BuildTime: Aug  4 2022 06:17:15  BuildStamp: freesurfer-linux-ubuntu22_x86_64-7.3.2-20220804-6354275  User: oesteban  Machine: dna075  Platform: Linux  PlatformVersion: 5.14.0-427.37.1.el9_4.x86_64  CompilerName: GCC  CompilerVersion: 8.4.0
ProgramName: mris_label2annot  ProgramArguments: mris_label2annot -all-info  ProgramVersion: 7.3.2  TimeStamp: 2026/03/09-00:17:08-GMT  BuildTime: Aug  4 2022 06:17:15  BuildStamp: freesurfer-linux-ubuntu22_x86_64-7.3.2-20220804-6354275  User: oesteban  Machine: dna075  Platform: Linux  PlatformVersion: 5.14.0-427.37.1.el9_4.x86_64  CompilerName: GCC  CompilerVersion: 8.4.0
ProgramName: mris_left_right_register  ProgramArguments: mris_left_right_register -all-info  ProgramVersion: 7.3.2  TimeStamp: 2026/03/09-00:17:08-GMT  BuildTime: Aug  4 2022 06:17:15  BuildStamp: freesurfer-linux-ubuntu22_x86_64-7.3.2-20220804-6354275  User: oesteban  Machine: dna075  Platform: Linux  PlatformVersion: 5.14.0-427.37.1.el9_4.x86_64  CompilerName: GCC  CompilerVersion: 8.4.0
ProgramName: mris_place_surface  ProgramArguments: mris_place_surface -all-info  ProgramVersion: 7.3.2  TimeStamp: 2026/03/09-00:17:08-GMT  BuildTime: Aug  4 2022 06:17:15  BuildStamp: freesurfer-linux-ubuntu22_x86_64-7.3.2-20220804-6354275  User: oesteban  Machine: dna075  Platform: Linux  PlatformVersion: 5.14.0-427.37.1.el9_4.x86_64  CompilerName: GCC  CompilerVersion: 8.4.0
ProgramName: mrisp_paint  ProgramArguments: mrisp_paint -all-info  ProgramVersion: 7.3.2  TimeStamp: 2026/03/09-00:17:08-GMT  BuildTime: Aug  4 2022 06:17:15  BuildStamp: freesurfer-linux-ubuntu22_x86_64-7.3.2-20220804-6354275  User: oesteban  Machine: dna075  Platform: Linux  PlatformVersion: 5.14.0-427.37.1.el9_4.x86_64  CompilerName: GCC  CompilerVersion: 8.4.0
ProgramName: mris_register  ProgramArguments: mris_register -all-info  ProgramVersion: 7.3.2  TimeStamp: 2026/03/09-00:17:08-GMT  BuildTime: Aug  4 2022 06:17:15  BuildStamp: freesurfer-linux-ubuntu22_x86_64-7.3.2-20220804-6354275  User: oesteban  Machine: dna075  Platform: Linux  PlatformVersion: 5.14.0-427.37.1.el9_4.x86_64  CompilerName: GCC  CompilerVersion: 8.4.0
ProgramName: mris_smooth  ProgramArguments: mris_smooth -all-info  ProgramVersion: 7.3.2  TimeStamp: 2026/03/09-00:17:08-GMT  BuildTime: Aug  4 2022 06:17:15  BuildStamp: freesurfer-linux-ubuntu22_x86_64-7.3.2-20220804-6354275  User: oesteban  Machine: dna075  Platform: Linux  PlatformVersion: 5.14.0-427.37.1.el9_4.x86_64  CompilerName: GCC  CompilerVersion: 8.4.0
ProgramName: mris_sphere  ProgramArguments: mris_sphere -all-info  ProgramVersion: 7.3.2  TimeStamp: 2026/03/09-00:17:08-GMT  BuildTime: Aug  4 2022 06:17:15  BuildStamp: freesurfer-linux-ubuntu22_x86_64-7.3.2-20220804-6354275  User: oesteban  Machine: dna075  Platform: Linux  PlatformVersion: 5.14.0-427.37.1.el9_4.x86_64  CompilerName: GCC  CompilerVersion: 8.4.0
ProgramName: mris_surface_stats  ProgramArguments: mris_surface_stats -all-info  ProgramVersion: 7.3.2  TimeStamp: 2026/03/09-00:17:08-GMT  BuildTime: Aug  4 2022 06:17:15  BuildStamp: freesurfer-linux-ubuntu22_x86_64-7.3.2-20220804-6354275  User: oesteban  Machine: dna075  Platform: Linux  PlatformVersion: 5.14.0-427.37.1.el9_4.x86_64  CompilerName: GCC  CompilerVersion: 8.4.0
ProgramName: mri_stats2seg  ProgramArguments: mri_stats2seg -all-info  ProgramVersion: 7.3.2  TimeStamp: 2026/03/09-00:17:08-GMT  BuildTime: Aug  4 2022 06:17:15  BuildStamp: freesurfer-linux-ubuntu22_x86_64-7.3.2-20220804-6354275  User: oesteban  Machine: dna075  Platform: Linux  PlatformVersion: 5.14.0-427.37.1.el9_4.x86_64  CompilerName: GCC  CompilerVersion: 8.4.0
ProgramName: mris_thickness  ProgramArguments: mris_thickness -all-info  ProgramVersion: 7.3.2  TimeStamp: 2026/03/09-00:17:08-GMT  BuildTime: Aug  4 2022 06:17:15  BuildStamp: freesurfer-linux-ubuntu22_x86_64-7.3.2-20220804-6354275  User: oesteban  Machine: dna075  Platform: Linux  PlatformVersion: 5.14.0-427.37.1.el9_4.x86_64  CompilerName: GCC  CompilerVersion: 8.4.0
ProgramName: mris_thickness_diff  ProgramArguments: mris_thickness_diff -all-info  ProgramVersion: 7.3.2  TimeStamp: 2026/03/09-00:17:08-GMT  BuildTime: Aug  4 2022 06:17:15  BuildStamp: freesurfer-linux-ubuntu22_x86_64-7.3.2-20220804-6354275  User: oesteban  Machine: dna075  Platform: Linux  PlatformVersion: 5.14.0-427.37.1.el9_4.x86_64  CompilerName: GCC  CompilerVersion: 8.4.0
ProgramName: mris_topo_fixer  ProgramArguments: mris_topo_fixer -all-info  ProgramVersion: 7.3.2  TimeStamp: 2026/03/09-00:17:08-GMT  BuildTime: Aug  4 2022 06:17:15  BuildStamp: freesurfer-linux-ubuntu22_x86_64-7.3.2-20220804-6354275  User: oesteban  Machine: dna075  Platform: Linux  PlatformVersion: 5.14.0-427.37.1.el9_4.x86_64  CompilerName: GCC  CompilerVersion: 8.4.0
ProgramName: mri_surf2surf  ProgramArguments: mri_surf2surf -all-info  ProgramVersion: 7.3.2  TimeStamp: 2026/03/09-00:17:08-GMT  BuildTime: Aug  4 2022 06:17:15  BuildStamp: freesurfer-linux-ubuntu22_x86_64-7.3.2-20220804-6354275  User: oesteban  Machine: dna075  Platform: Linux  PlatformVersion: 5.14.0-427.37.1.el9_4.x86_64  CompilerName: GCC  CompilerVersion: 8.4.0
ProgramName: mri_surf2vol  ProgramArguments: mri_surf2vol -all-info  ProgramVersion: 7.3.2  TimeStamp: 2026/03/09-00:17:08-GMT  BuildTime: Aug  4 2022 06:17:15  BuildStamp: freesurfer-linux-ubuntu22_x86_64-7.3.2-20220804-6354275  User: oesteban  Machine: dna075  Platform: Linux  PlatformVersion: 5.14.0-427.37.1.el9_4.x86_64  CompilerName: GCC  CompilerVersion: 8.4.0
ProgramName: mri_surfcluster  ProgramArguments: mri_surfcluster -all-info  ProgramVersion: 7.3.2  TimeStamp: 2026/03/09-00:17:08-GMT  BuildTime: Aug  4 2022 06:17:15  BuildStamp: freesurfer-linux-ubuntu22_x86_64-7.3.2-20220804-6354275  User: oesteban  Machine: dna075  Platform: Linux  PlatformVersion: 5.14.0-427.37.1.el9_4.x86_64  CompilerName: GCC  CompilerVersion: 8.4.0
ProgramName: mris_volmask  ProgramArguments: mris_volmask -all-info  ProgramVersion: 7.3.2  TimeStamp: 2026/03/09-00:17:08-GMT  BuildTime: Aug  4 2022 06:17:15  BuildStamp: freesurfer-linux-ubuntu22_x86_64-7.3.2-20220804-6354275  User: oesteban  Machine: dna075  Platform: Linux  PlatformVersion: 5.14.0-427.37.1.el9_4.x86_64  CompilerName: GCC  CompilerVersion: 8.4.0
ProgramName: mri_tessellate  ProgramArguments: mri_tessellate -all-info  ProgramVersion: 7.3.2  TimeStamp: 2026/03/09-00:17:08-GMT  BuildTime: Aug  4 2022 06:17:15  BuildStamp: freesurfer-linux-ubuntu22_x86_64-7.3.2-20220804-6354275  User: oesteban  Machine: dna075  Platform: Linux  PlatformVersion: 5.14.0-427.37.1.el9_4.x86_64  CompilerName: GCC  CompilerVersion: 8.4.0
ProgramName: mri_vol2surf  ProgramArguments: mri_vol2surf -all-info  ProgramVersion: 7.3.2  TimeStamp: 2026/03/09-00:17:08-GMT  BuildTime: Aug  4 2022 06:17:15  BuildStamp: freesurfer-linux-ubuntu22_x86_64-7.3.2-20220804-6354275  User: oesteban  Machine: dna075  Platform: Linux  PlatformVersion: 5.14.0-427.37.1.el9_4.x86_64  CompilerName: GCC  CompilerVersion: 8.4.0
ProgramName: mri_vol2vol  ProgramArguments: mri_vol2vol -all-info  ProgramVersion: 7.3.2  TimeStamp: 2026/03/09-00:17:08-GMT  BuildTime: Aug  4 2022 06:17:15  BuildStamp: freesurfer-linux-ubuntu22_x86_64-7.3.2-20220804-6354275  User: oesteban  Machine: dna075  Platform: Linux  PlatformVersion: 5.14.0-427.37.1.el9_4.x86_64  CompilerName: GCC  CompilerVersion: 8.4.0
ProgramName: mri_voldiff  ProgramArguments: mri_voldiff -all-info  ProgramVersion: 7.3.2  TimeStamp: 2026/03/09-00:17:08-GMT  BuildTime: Aug  4 2022 06:17:15  BuildStamp: freesurfer-linux-ubuntu22_x86_64-7.3.2-20220804-6354275  User: oesteban  Machine: dna075  Platform: Linux  PlatformVersion: 5.14.0-427.37.1.el9_4.x86_64  CompilerName: GCC  CompilerVersion: 8.4.0
ProgramName: mri_watershed  ProgramArguments: mri_watershed -all-info  ProgramVersion: 7.3.2  TimeStamp: 2026/03/09-00:17:08-GMT  BuildTime: Aug  4 2022 06:17:15  BuildStamp: freesurfer-linux-ubuntu22_x86_64-7.3.2-20220804-6354275  User: oesteban  Machine: dna075  Platform: Linux  PlatformVersion: 5.14.0-427.37.1.el9_4.x86_64  CompilerName: GCC  CompilerVersion: 8.4.0
ProgramName: tkregister2  ProgramArguments: tkregister2_cmdl -all-info  ProgramVersion: 7.3.2  TimeStamp: 2026/03/09-00:17:08-GMT  BuildTime: Aug  4 2022 06:17:15  BuildStamp: freesurfer-linux-ubuntu22_x86_64-7.3.2-20220804-6354275  User: oesteban  Machine: dna075  Platform: Linux  PlatformVersion: 5.14.0-427.37.1.el9_4.x86_64  CompilerName: GCC  CompilerVersion: 8.4.0
mri_motion_correct.fsl 7.3.2
mri_convert -all-info 
ProgramName: mri_convert  ProgramArguments: mri_convert -all-info  ProgramVersion: 7.3.2  TimeStamp: 2026/03/09-00:17:08-GMT  BuildTime: Aug  4 2022 06:17:15  BuildStamp: freesurfer-linux-ubuntu22_x86_64-7.3.2-20220804-6354275  User: oesteban  Machine: dna075  Platform: Linux  PlatformVersion: 5.14.0-427.37.1.el9_4.x86_64  CompilerName: GCC  CompilerVersion: 8.4.0
Program nu_correct, built from:
Package MNI N3, version 1.12.0, compiled by nicks@terrier (x86_64-unknown-linux-gnu) on 2015-06-19 at 01:25:34
#######################################
GCADIR /opt/freesurfer/average
GCA RB_all_2020-01-02.gca
GCASkull RB_all_withskull_2020_01_02.gca
AvgCurvTif folding.atlas.acfb40.noaparc.i12.2016-08-02.tif
GCSDIR /opt/freesurfer/average
GCS DKaparc.atlas.acfb40.noaparc.i12.2016-08-02.gcs
#######################################
#--------------------------------------------
#@# AutoDetGWStats lh Mon Mar  9 01:17:08 CET 2026
cd /out/sourcedata/freesurfer/sub-v1s16x0051181_ses-1/mri
mris_autodet_gwstats --o ../surf/autodet.gw.stats.lh.dat --i brain.finalsurfs.mgz --wm wm.mgz --surf ../surf/lh.orig.premesh
  Update not needed
#--------------------------------------------
#@# WhitePreAparc lh Mon Mar  9 01:17:08 CET 2026
cd /out/sourcedata/freesurfer/sub-v1s16x0051181_ses-1/mri
mris_place_surface --adgws-in ../surf/autodet.gw.stats.lh.dat --wm wm.mgz --threads 16 --invol brain.finalsurfs.mgz --lh --i ../surf/lh.orig --o ../surf/lh.white.preaparc --white --seg aseg.presurf.mgz --nsmooth 5
   Update not needed
#--------------------------------------------
#@# CortexLabel lh Mon Mar  9 01:17:08 CET 2026
cd /out/sourcedata/freesurfer/sub-v1s16x0051181_ses-1/mri
mri_label2label --label-cortex ../surf/lh.white.preaparc aseg.presurf.mgz 0 ../label/lh.cortex.label
   Update not needed
#--------------------------------------------
#@# CortexLabel+HipAmyg lh Mon Mar  9 01:17:08 CET 2026
cd /out/sourcedata/freesurfer/sub-v1s16x0051181_ses-1/mri
mri_label2label --label-cortex ../surf/lh.white.preaparc aseg.presurf.mgz 1 ../label/lh.cortex+hipamyg.label
   Update not needed
#@# white curv lh Mon Mar  9 01:17:08 CET 2026
cd /out/sourcedata/freesurfer/sub-v1s16x0051181_ses-1/mri
mris_place_surface --curv-map ../surf/lh.white 2 10 ../surf/lh.curv
   Update not needed
#@# white area lh Mon Mar  9 01:17:08 CET 2026
cd /out/sourcedata/freesurfer/sub-v1s16x0051181_ses-1/mri
mris_place_surface --area-map ../surf/lh.white ../surf/lh.area
   Update not needed
#@# pial curv lh Mon Mar  9 01:17:08 CET 2026
cd /out/sourcedata/freesurfer/sub-v1s16x0051181_ses-1/mri
mris_place_surface --curv-map ../surf/lh.pial 2 10 ../surf/lh.curv.pial
   Update not needed
#@# pial area lh Mon Mar  9 01:17:08 CET 2026
cd /out/sourcedata/freesurfer/sub-v1s16x0051181_ses-1/mri
mris_place_surface --area-map ../surf/lh.pial ../surf/lh.area.pial
   Update not needed
#@# thickness lh Mon Mar  9 01:17:08 CET 2026
cd /out/sourcedata/freesurfer/sub-v1s16x0051181_ses-1/mri
mris_place_surface --thickness ../surf/lh.white ../surf/lh.pial 20 5 ../surf/lh.thickness
   Update not needed
#@# area and vertex vol lh Mon Mar  9 01:17:08 CET 2026
cd /out/sourcedata/freesurfer/sub-v1s16x0051181_ses-1/mri
mris_place_surface --thickness ../surf/lh.white ../surf/lh.pial 20 5 ../surf/lh.thickness
   Update not needed
#-----------------------------------------
#@# Parcellation Stats lh Mon Mar  9 01:17:08 CET 2026
/out/sourcedata/freesurfer/sub-v1s16x0051181_ses-1/scripts

 mris_anatomical_stats -th3 -mgz -noglobal -cortex ../label/lh.cortex.label -f ../stats/lh.aparc.stats -b -a ../label/lh.aparc.annot -c ../label/aparc.annot.ctab sub-v1s16x0051181_ses-1 lh white 

computing statistics for each annotation in ../label/lh.aparc.annot.
reading volume /out/sourcedata/freesurfer/sub-v1s16x0051181_ses-1/mri/wm.mgz...
reading input surface /out/sourcedata/freesurfer/sub-v1s16x0051181_ses-1/surf/lh.white...
reading input pial surface /out/sourcedata/freesurfer/sub-v1s16x0051181_ses-1/surf/lh.pial...
reading input white surface /out/sourcedata/freesurfer/sub-v1s16x0051181_ses-1/surf/lh.white...
INFO: using TH3 volume calc
INFO: assuming MGZ format for volumes.
INFO: not computing global stats
INFO: using ../label/lh.cortex.label as mask to calc cortex NumVert, SurfArea and MeanThickness.
Using TH3 vertex volume calc
Total face volume 294918
Total vertex volume 294717 (mask=0)
Saving annotation colortable ../label/aparc.annot.ctab

table columns are:
    number of vertices
    total surface area (mm^2)
    total gray matter volume (mm^3)
    average cortical thickness +- standard deviation (mm)
    integrated rectified mean curvature
    integrated rectified Gaussian curvature
    folding index
    intrinsic curvature index
    structure name

 1423   1005   3080  2.858 0.716     0.101     0.020       12     1.2  bankssts
 1030    661   2041  2.903 0.733     0.098     0.011        7     0.5  caudalanteriorcingulate
 2919   2065   6511  2.763 0.606     0.113     0.023       28     3.0  caudalmiddlefrontal
 2656   2003   4684  2.188 0.702     0.152     0.038       32     4.4  cuneus
  630    459   1775  2.715 0.839     0.120     0.044        8     1.1  entorhinal
 3790   2844  10065  3.026 0.643     0.128     0.027       48     4.1  fusiform
 7143   5451  16489  2.713 0.656     0.133     0.030       93    10.0  inferiorparietal
 3692   2799   8494  2.538 0.802     0.134     0.040       66     5.5  inferiortemporal
 1677   1170   4337  3.010 1.020     0.118     0.030       19     2.0  isthmuscingulate
 7433   5672  17108  2.547 0.707     0.143     0.036      109    10.9  lateraloccipital
 3526   2658   9454  3.155 0.790     0.123     0.026       37     4.0  lateralorbitofrontal
 5012   3625   8592  2.200 0.735     0.129     0.032       52     7.0  lingual
 3493   2402   7257  2.525 0.852     0.118     0.032       50     4.7  medialorbitofrontal
 3501   2453   6736  2.431 0.677     0.114     0.028       47     4.2  middletemporal
 1091    708   2353  2.848 0.706     0.102     0.024       10     0.9  parahippocampal
 2338   1570   5058  2.866 0.640     0.117     0.028       23     2.9  paracentral
 2518   1908   6180  2.734 0.656     0.117     0.026       29     2.4  parsopercularis
 1035    802   3410  2.945 0.822     0.133     0.032       15     1.3  parsorbitalis
 1958   1453   4837  3.042 0.742     0.118     0.026       17     2.3  parstriangularis
 2210   1542   2374  1.761 0.744     0.127     0.033       21     2.8  pericalcarine
 5766   4120   9921  2.133 0.756     0.126     0.029       75     6.9  postcentral
 1634   1168   4092  2.843 1.000     0.119     0.022       17     1.7  posteriorcingulate
 7069   4854  13753  2.620 0.588     0.112     0.026       68     7.5  precentral
 6452   4543  15343  3.071 0.691     0.116     0.025       63     6.9  precuneus
 1430   1053   3821  3.131 0.769     0.119     0.026       22     1.7  rostralanteriorcingulate
 8660   6696  24307  2.879 0.661     0.136     0.034      125    13.1  rostralmiddlefrontal
12339   8799  35570  3.286 0.728     0.119     0.027      136    13.3  superiorfrontal
 8803   6555  20380  2.643 0.688     0.134     0.030      114    11.6  superiorparietal
 5245   3955  11711  2.627 0.744     0.121     0.027       67     6.6  superiortemporal
 5310   4160  12322  2.674 0.718     0.139     0.032       89     7.7  supramarginal
  353    286   1696  3.697 0.828     0.160     0.042        7     0.6  frontalpole
  642    487   1624  2.526 0.615     0.127     0.042       11     1.0  temporalpole
  587    394   1373  3.131 0.509     0.113     0.017        5     0.4  transversetemporal
 3443   2286   7967  3.472 0.819     0.093     0.022       19     2.9  insula

 mris_anatomical_stats -th3 -mgz -noglobal -cortex ../label/lh.cortex.label -f ../stats/lh.aparc.pial.stats -b -a ../label/lh.aparc.annot -c ../label/aparc.annot.ctab sub-v1s16x0051181_ses-1 lh pial 

computing statistics for each annotation in ../label/lh.aparc.annot.
reading volume /out/sourcedata/freesurfer/sub-v1s16x0051181_ses-1/mri/wm.mgz...
reading input surface /out/sourcedata/freesurfer/sub-v1s16x0051181_ses-1/surf/lh.pial...
reading input pial surface /out/sourcedata/freesurfer/sub-v1s16x0051181_ses-1/surf/lh.pial...
reading input white surface /out/sourcedata/freesurfer/sub-v1s16x0051181_ses-1/surf/lh.white...
INFO: using TH3 volume calc
INFO: assuming MGZ format for volumes.
INFO: not computing global stats
INFO: using ../label/lh.cortex.label as mask to calc cortex NumVert, SurfArea and MeanThickness.
Using TH3 vertex volume calc
Total face volume 294918
Total vertex volume 294717 (mask=0)
Saving annotation colortable ../label/aparc.annot.ctab

table columns are:
    number of vertices
    total surface area (mm^2)
    total gray matter volume (mm^3)
    average cortical thickness +- standard deviation (mm)
    integrated rectified mean curvature
    integrated rectified Gaussian curvature
    folding index
    intrinsic curvature index
    structure name

 1423   1145   3080  2.858 0.716     0.150     0.057       50     2.3  bankssts
 1030    727   2041  2.903 0.733     0.120     0.034       31     1.2  caudalanteriorcingulate
 2919   2525   6511  2.763 0.606     0.132     0.033       86     3.8  caudalmiddlefrontal
 2656   2476   4684  2.188 0.702     0.173     0.044       51     4.9  cuneus
  630    877   1775  2.715 0.839     0.286     0.077       16     2.8  entorhinal
 3790   3950  10065  3.026 0.643     0.184     0.044       80     7.0  fusiform
 7143   6762  16489  2.713 0.656     0.159     0.040      153    11.4  inferiorparietal
 3692   4005   8494  2.538 0.802     0.191     0.047       92     7.5  inferiortemporal
 1677   1759   4337  3.010 1.020     0.198     0.057       51     3.7  isthmuscingulate
 7433   7798  17108  2.547 0.707     0.174     0.043      201    12.9  lateraloccipital
 3526   3406   9454  3.155 0.790     0.178     0.049      115     7.4  lateralorbitofrontal
 5012   4615   8592  2.200 0.735     0.155     0.040      105     8.6  lingual
 3493   3507   7257  2.525 0.852     0.177     0.046       79     7.1  medialorbitofrontal
 3501   3355   6736  2.431 0.677     0.160     0.036       68     5.6  middletemporal
 1091    995   2353  2.848 0.706     0.172     0.044       16     2.3  parahippocampal
 2338   1875   5058  2.866 0.640     0.127     0.033       34     3.0  paracentral
 2518   2656   6180  2.734 0.656     0.180     0.040       50     4.5  parsopercularis
 1035   1492   3410  2.945 0.822     0.219     0.047       16     2.3  parsorbitalis
 1958   1769   4837  3.042 0.742     0.179     0.044       50     3.8  parstriangularis
 2210   1380   2374  1.761 0.744     0.131     0.038       98     3.2  pericalcarine
 5766   5386   9921  2.133 0.756     0.160     0.039       93     9.6  postcentral
 1634   1545   4092  2.843 1.000     0.183     0.055      259     4.7  posteriorcingulate
 7069   5620  13753  2.620 0.588     0.127     0.031       97     9.4  precentral
 6452   5460  15343  3.071 0.691     0.154     0.040      142    10.8  precuneus
 1430   1380   3821  3.131 0.769     0.162     0.043       31     2.3  rostralanteriorcingulate
 8660   9844  24307  2.879 0.661     0.194     0.046      255    17.3  rostralmiddlefrontal
12339  12292  35570  3.286 0.728     0.173     0.045      416    23.1  superiorfrontal
 8803   8818  20380  2.643 0.688     0.169     0.039     2804    14.9  superiorparietal
 5245   5297  11711  2.627 0.744     0.177     0.138      104     9.9  superiortemporal
 5310   5530  12322  2.674 0.718     0.179     0.041      128     9.3  supramarginal
  353    630   1696  3.697 0.828     0.257     0.051        6     0.7  frontalpole
  642    909   1624  2.526 0.615     0.227     0.062       12     1.7  temporalpole
  587    530   1373  3.131 0.509     0.183     0.055      285     1.1  transversetemporal
 3443   2205   7967  3.472 0.819     0.133     0.045       72     7.1  insula
#-----------------------------------------
#@# Parcellation Stats 2 lh Mon Mar  9 01:17:22 CET 2026
/out/sourcedata/freesurfer/sub-v1s16x0051181_ses-1/scripts

 mris_anatomical_stats -th3 -mgz -noglobal -cortex ../label/lh.cortex.label -f ../stats/lh.aparc.a2009s.stats -b -a ../label/lh.aparc.a2009s.annot -c ../label/aparc.annot.a2009s.ctab sub-v1s16x0051181_ses-1 lh white 

computing statistics for each annotation in ../label/lh.aparc.a2009s.annot.
reading volume /out/sourcedata/freesurfer/sub-v1s16x0051181_ses-1/mri/wm.mgz...
reading input surface /out/sourcedata/freesurfer/sub-v1s16x0051181_ses-1/surf/lh.white...
reading input pial surface /out/sourcedata/freesurfer/sub-v1s16x0051181_ses-1/surf/lh.pial...
reading input white surface /out/sourcedata/freesurfer/sub-v1s16x0051181_ses-1/surf/lh.white...
INFO: using TH3 volume calc
INFO: assuming MGZ format for volumes.
INFO: not computing global stats
INFO: using ../label/lh.cortex.label as mask to calc cortex NumVert, SurfArea and MeanThickness.
Using TH3 vertex volume calc
Total face volume 294918
Total vertex volume 294717 (mask=0)
Saving annotation colortable ../label/aparc.annot.a2009s.ctab

table columns are:
    number of vertices
    total surface area (mm^2)
    total gray matter volume (mm^3)
    average cortical thickness +- standard deviation (mm)
    integrated rectified mean curvature
    integrated rectified Gaussian curvature
    folding index
    intrinsic curvature index
    structure name

 1060    792   3012  2.827 0.759     0.130     0.031       13     1.3  G_and_S_frontomargin
 1559   1134   3982  2.803 0.756     0.130     0.030       21     1.7  G_and_S_occipital_inf
 1732   1086   3499  2.549 0.823     0.125     0.036       21     2.6  G_and_S_paracentral
 1717   1307   3927  2.675 0.717     0.131     0.027       20     2.1  G_and_S_subcentral
  653    539   2945  3.792 0.633     0.161     0.043       12     1.4  G_and_S_transv_frontopol
 2761   1958   6757  3.167 0.708     0.108     0.021       30     2.6  G_and_S_cingul-Ant
 1747   1212   3621  2.992 0.492     0.097     0.014        9     1.1  G_and_S_cingul-Mid-Ant
 1435   1030   3339  3.021 0.592     0.105     0.021       10     1.4  G_and_S_cingul-Mid-Post
  607    433   2497  3.894 0.854     0.145     0.041       10     1.0  G_cingul-Post-dorsal
  308    214    993  3.105 0.889     0.123     0.032        4     0.3  G_cingul-Post-ventral
 2376   1838   4607  2.103 0.798     0.158     0.042       31     4.3  G_cuneus
 1596   1302   4653  2.738 0.690     0.137     0.032       27     2.0  G_front_inf-Opercular
  432    354   1903  3.555 0.676     0.143     0.030        6     0.7  G_front_inf-Orbital
 1135    918   3613  2.931 0.739     0.147     0.040       17     2.1  G_front_inf-Triangul
 4476   3652  15459  2.941 0.696     0.150     0.039       85     7.9  G_front_middle
 7993   5748  26793  3.387 0.797     0.134     0.035      123    10.8  G_front_sup
  635    432   1950  3.951 0.801     0.094     0.026        4     0.5  G_Ins_lg_and_S_cent_ins
  652    450   2403  3.777 0.802     0.119     0.031        7     0.9  G_insular_short
 2109   1722   6967  2.811 0.813     0.169     0.048       48     4.5  G_occipital_middle
 1573   1187   4291  2.731 0.691     0.152     0.041       24     2.2  G_occipital_sup
 1481   1182   5270  3.334 0.628     0.156     0.037       31     2.1  G_oc-temp_lat-fusifor
 3369   2518   6054  2.090 0.802     0.144     0.039       42     5.7  G_oc-temp_med-Lingual
 1314    867   3150  2.699 0.821     0.109     0.034       15     1.7  G_oc-temp_med-Parahip
 2141   1737   7581  3.091 0.892     0.142     0.037       36     3.2  G_orbital
 2945   2391   8485  2.720 0.704     0.150     0.035       51     5.0  G_pariet_inf-Angular
 2766   2290   6668  2.492 0.681     0.151     0.037       61     4.9  G_pariet_inf-Supramar
 3270   2662   9075  2.584 0.796     0.153     0.040       59     6.2  G_parietal_sup
 2174   1598   4168  2.113 0.801     0.147     0.041       42     3.3  G_postcentral
 2287   1671   6033  2.744 0.585     0.122     0.034       30     3.0  G_precentral
 2839   2190   9765  3.163 0.789     0.146     0.035       48     4.4  G_precuneus
 1141    787   2732  2.458 0.955     0.142     0.041       23     2.0  G_rectus
  977    664   1858  2.663 0.968     0.130     0.052       13     2.0  G_subcallosal
  458    297   1142  2.938 0.614     0.109     0.018        4     0.3  G_temp_sup-G_T_transv
 1780   1519   5144  2.478 0.695     0.163     0.047       45     3.6  G_temp_sup-Lateral
  658    513   1753  2.786 0.807     0.134     0.035        7     1.1  G_temp_sup-Plan_polar
  841    618   1892  2.584 0.659     0.093     0.016        6     0.6  G_temp_sup-Plan_tempo
 1999   1623   5433  2.522 0.824     0.159     0.056       50     4.2  G_temporal_inf
 1976   1455   4648  2.426 0.710     0.127     0.039       39     3.2  G_temporal_middle
  330    227    747  3.580 0.696     0.108     0.015        2     0.2  Lat_Fis-ant-Horizont
  365    256    593  2.560 0.565     0.089     0.011        1     0.2  Lat_Fis-ant-Vertical
 1072    694   1601  2.980 0.699     0.092     0.017        4     0.8  Lat_Fis-post
 2165   1758   4769  2.253 0.704     0.163     0.044       35     4.1  Pole_occipital
 1176    919   3142  2.574 0.660     0.145     0.048       25     2.3  Pole_temporal
 2489   1720   3199  2.216 0.970     0.117     0.028       20     2.7  S_calcarine
 2698   1776   3199  2.111 0.585     0.101     0.018       15     2.1  S_central
 1079    720   1845  2.928 0.488     0.090     0.012        4     0.6  S_cingul-Marginalis
  487    316    804  3.104 0.725     0.076     0.014        1     0.2  S_circular_insula_ant
 1392    904   2262  3.110 1.020     0.068     0.008        4     0.5  S_circular_insula_inf
 1949   1253   3077  3.110 0.535     0.086     0.015        6     1.3  S_circular_insula_sup
  838    619   1768  2.835 0.588     0.109     0.019        7     0.7  S_collat_transv_ant
  549    378    695  2.216 0.546     0.110     0.021        3     0.5  S_collat_transv_post
 2655   1956   5461  2.654 0.509     0.116     0.024       24     2.6  S_front_inf
 1380    958   2555  2.777 0.604     0.112     0.023       11     1.5  S_front_middle
 3323   2305   6625  2.915 0.538     0.101     0.020       19     2.7  S_front_sup
  146    122    334  2.455 0.799     0.122     0.030        1     0.1  S_interm_prim-Jensen
 3505   2365   5723  2.712 0.565     0.102     0.016       23     2.4  S_intrapariet_and_P_trans
 1281    873   1852  2.439 0.467     0.105     0.019        8     1.0  S_oc_middle_and_Lunatus
 1158    817   2151  2.771 0.454     0.121     0.022        9     1.1  S_oc_sup_and_transversal
  715    484   1174  2.601 0.506     0.090     0.014        3     0.4  S_occipital_ant
  787    527   1223  2.735 0.608     0.091     0.011        3     0.4  S_oc-temp_lat
 2634   1763   4228  2.641 0.526     0.098     0.016       16     1.8  S_oc-temp_med_and_Lingual
  344    232    537  2.547 0.517     0.094     0.015        1     0.2  S_orbital_lateral
  694    464   1051  2.546 0.686     0.087     0.013        4     0.3  S_orbital_med-olfact
 1354   1009   3400  3.240 0.700     0.127     0.026       15     1.6  S_orbital-H_Shaped
 3097   2071   5323  2.812 0.671     0.107     0.021       23     2.6  S_parieto_occipital
 1587   1039   2123  2.258 0.786     0.106     0.018       16     1.3  S_pericallosal
 2419   1723   3888  2.418 0.649     0.120     0.024       23     2.4  S_postcentral
 1562    988   2151  2.591 0.464     0.082     0.011        6     0.8  S_precentral-inf-part
 1419    957   2215  2.649 0.445     0.104     0.018        8     1.1  S_precentral-sup-part
  805    585   1348  2.301 0.649     0.113     0.019       10     0.9  S_suborbital
 1163    799   2141  3.084 0.638     0.107     0.022        7     1.0  S_subparietal
 1122    775   1777  2.340 0.786     0.116     0.020        9     0.8  S_temporal_inf
 5680   4062  10923  2.727 0.665     0.111     0.022       49     5.7  S_temporal_sup
  417    296    749  3.101 0.589     0.105     0.012        2     0.2  S_temporal_transverse
#-----------------------------------------
#@# Parcellation Stats 3 lh Mon Mar  9 01:17:28 CET 2026
/out/sourcedata/freesurfer/sub-v1s16x0051181_ses-1/scripts

 mris_anatomical_stats -th3 -mgz -noglobal -cortex ../label/lh.cortex.label -f ../stats/lh.aparc.DKTatlas.stats -b -a ../label/lh.aparc.DKTatlas.annot -c ../label/aparc.annot.DKTatlas.ctab sub-v1s16x0051181_ses-1 lh white 

computing statistics for each annotation in ../label/lh.aparc.DKTatlas.annot.
reading volume /out/sourcedata/freesurfer/sub-v1s16x0051181_ses-1/mri/wm.mgz...
reading input surface /out/sourcedata/freesurfer/sub-v1s16x0051181_ses-1/surf/lh.white...
reading input pial surface /out/sourcedata/freesurfer/sub-v1s16x0051181_ses-1/surf/lh.pial...
reading input white surface /out/sourcedata/freesurfer/sub-v1s16x0051181_ses-1/surf/lh.white...
INFO: using TH3 volume calc
INFO: assuming MGZ format for volumes.
INFO: not computing global stats
INFO: using ../label/lh.cortex.label as mask to calc cortex NumVert, SurfArea and MeanThickness.
Using TH3 vertex volume calc
Total face volume 294918
Total vertex volume 294717 (mask=0)
Saving annotation colortable ../label/aparc.annot.DKTatlas.ctab

table columns are:
    number of vertices
    total surface area (mm^2)
    total gray matter volume (mm^3)
    average cortical thickness +- standard deviation (mm)
    integrated rectified mean curvature
    integrated rectified Gaussian curvature
    folding index
    intrinsic curvature index
    structure name

 1988   1368   5216  3.164 0.755     0.108     0.018       18     1.6  caudalanteriorcingulate
 3127   2220   7020  2.769 0.594     0.112     0.022       30     3.2  caudalmiddlefrontal
 3721   2720   6923  2.320 0.739     0.139     0.033       40     5.2  cuneus
  583    426   1644  2.665 0.843     0.128     0.047        8     1.2  entorhinal
 3630   2718   9463  3.019 0.652     0.126     0.025       45     3.7  fusiform
 7165   5500  16834  2.704 0.649     0.133     0.030       93    10.0  inferiorparietal
 3721   2842   9066  2.602 0.802     0.135     0.041       64     5.7  inferiortemporal
 1620   1141   4233  3.039 1.011     0.120     0.029       18     1.9  isthmuscingulate
 7485   5703  17431  2.570 0.706     0.145     0.037      111    11.2  lateraloccipital
 3854   2965  10799  3.075 0.813     0.128     0.030       45     4.8  lateralorbitofrontal
 5079   3680   8678  2.198 0.734     0.130     0.032       53     7.2  lingual
 2746   1897   5998  2.514 0.907     0.121     0.034       40     3.9  medialorbitofrontal
 4692   3249   8835  2.513 0.700     0.111     0.027       59     5.2  middletemporal
 1180    763   2488  2.820 0.701     0.100     0.023       10     1.0  parahippocampal
 2789   1901   6229  2.888 0.643     0.117     0.028       27     3.3  paracentral
 2363   1787   5833  2.771 0.653     0.120     0.026       29     2.4  parsopercularis
  978    737   2952  3.326 0.723     0.121     0.025       11     1.1  parsorbitalis
 2486   1878   6209  2.895 0.681     0.118     0.028       23     2.8  parstriangularis
 2189   1525   2354  1.771 0.756     0.126     0.032       21     2.7  pericalcarine
 6561   4678  11303  2.196 0.759     0.128     0.029       85     7.8  postcentral
 1905   1347   4495  2.848 0.945     0.117     0.021       19     1.9  posteriorcingulate
 6913   4751  13481  2.635 0.596     0.112     0.026       67     7.3  precentral
 6171   4402  15342  3.107 0.685     0.122     0.027       65     7.0  precuneus
 1952   1408   4718  3.053 0.769     0.117     0.025       27     2.3  rostralanteriorcingulate
 6425   4988  17734  2.792 0.654     0.137     0.034       98     9.7  rostralmiddlefrontal
13064   9338  37819  3.246 0.748     0.121     0.029      153    15.2  superiorfrontal
 7058   5316  16494  2.625 0.697     0.131     0.029       91     9.3  superiorparietal
 6975   5220  15670  2.637 0.736     0.120     0.028       90     8.7  superiortemporal
 4921   3846  10969  2.661 0.720     0.139     0.032       83     7.2  supramarginal
  595    401   1391  3.130 0.504     0.114     0.017        5     0.4  transversetemporal
 2872   1888   7097  3.632 0.774     0.089     0.019       15     2.2  insula
/out/sourcedata/freesurfer/sub-v1s16x0051181_ses-1/label
#--------------------------------------------
#@# BA_exvivo Labels lh Mon Mar  9 01:17:35 CET 2026

 mri_label2label --srcsubject fsaverage --srclabel /out/sourcedata/freesurfer/fsaverage/label/lh.BA1_exvivo.label --trgsubject sub-v1s16x0051181_ses-1 --trglabel ./lh.BA1_exvivo.label --hemi lh --regmethod surface 


srclabel = /out/sourcedata/freesurfer/fsaverage/label/lh.BA1_exvivo.label
srcsubject = fsaverage
trgsubject = sub-v1s16x0051181_ses-1
trglabel = ./lh.BA1_exvivo.label
regmethod = surface

srchemi = lh
trghemi = lh
trgsurface = white
srcsurfreg = sphere.reg
trgsurfreg = sphere.reg
usehash = 1
Use ProjAbs  = 0, 0
Use ProjFrac = 0, 0
DoPaint 0

SUBJECTS_DIR    /out/sourcedata/freesurfer
FREESURFER_HOME /opt/freesurfer
Loading source label.
Found 4129 points in source label.
Starting surface-based mapping
Reading source registration 
 /out/sourcedata/freesurfer/fsaverage/surf/lh.sphere.reg
Rescaling ...  original radius = 100
Reading target surface 
 /out/sourcedata/freesurfer/sub-v1s16x0051181_ses-1/surf/lh.white
Reading target registration 
 /out/sourcedata/freesurfer/sub-v1s16x0051181_ses-1/surf/lh.sphere.reg
Rescaling ...  original radius = 100
Building target registration hash (res=16).
Building source registration hash (res=16).
INFO: found  4129 nlabel points
Performing mapping from target back to the source label 134473
Number of reverse mapping hits = 270
Checking for and removing duplicates
Writing label file ./lh.BA1_exvivo.label 4399
mri_label2label: Done


 mri_label2label --srcsubject fsaverage --srclabel /out/sourcedata/freesurfer/fsaverage/label/lh.BA2_exvivo.label --trgsubject sub-v1s16x0051181_ses-1 --trglabel ./lh.BA2_exvivo.label --hemi lh --regmethod surface 


srclabel = /out/sourcedata/freesurfer/fsaverage/label/lh.BA2_exvivo.label
srcsubject = fsaverage
trgsubject = sub-v1s16x0051181_ses-1
trglabel = ./lh.BA2_exvivo.label
regmethod = surface

srchemi = lh
trghemi = lh
trgsurface = white
srcsurfreg = sphere.reg
trgsurfreg = sphere.reg
usehash = 1
Use ProjAbs  = 0, 0
Use ProjFrac = 0, 0
DoPaint 0

SUBJECTS_DIR    /out/sourcedata/freesurfer
FREESURFER_HOME /opt/freesurfer
Loading source label.
Found 7909 points in source label.
Starting surface-based mapping
Reading source registration 
 /out/sourcedata/freesurfer/fsaverage/surf/lh.sphere.reg
Rescaling ...  original radius = 100
Reading target surface 
 /out/sourcedata/freesurfer/sub-v1s16x0051181_ses-1/surf/lh.white
Reading target registration 
 /out/sourcedata/freesurfer/sub-v1s16x0051181_ses-1/surf/lh.sphere.reg
Rescaling ...  original radius = 100
Building target registration hash (res=16).
Building source registration hash (res=16).
INFO: found  7909 nlabel points
Performing mapping from target back to the source label 134473
Number of reverse mapping hits = 277
Checking for and removing duplicates
Writing label file ./lh.BA2_exvivo.label 8186
mri_label2label: Done


 mri_label2label --srcsubject fsaverage --srclabel /out/sourcedata/freesurfer/fsaverage/label/lh.BA3a_exvivo.label --trgsubject sub-v1s16x0051181_ses-1 --trglabel ./lh.BA3a_exvivo.label --hemi lh --regmethod surface 


srclabel = /out/sourcedata/freesurfer/fsaverage/label/lh.BA3a_exvivo.label
srcsubject = fsaverage
trgsubject = sub-v1s16x0051181_ses-1
trglabel = ./lh.BA3a_exvivo.label
regmethod = surface

srchemi = lh
trghemi = lh
trgsurface = white
srcsurfreg = sphere.reg
trgsurfreg = sphere.reg
usehash = 1
Use ProjAbs  = 0, 0
Use ProjFrac = 0, 0
DoPaint 0

SUBJECTS_DIR    /out/sourcedata/freesurfer
FREESURFER_HOME /opt/freesurfer
Loading source label.
Found 4077 points in source label.
Starting surface-based mapping
Reading source registration 
 /out/sourcedata/freesurfer/fsaverage/surf/lh.sphere.reg
Rescaling ...  original radius = 100
Reading target surface 
 /out/sourcedata/freesurfer/sub-v1s16x0051181_ses-1/surf/lh.white
Reading target registration 
 /out/sourcedata/freesurfer/sub-v1s16x0051181_ses-1/surf/lh.sphere.reg
Rescaling ...  original radius = 100
Building target registration hash (res=16).
Building source registration hash (res=16).
INFO: found  4077 nlabel points
Performing mapping from target back to the source label 134473
Number of reverse mapping hits = 43
Checking for and removing duplicates
Writing label file ./lh.BA3a_exvivo.label 4120
mri_label2label: Done


 mri_label2label --srcsubject fsaverage --srclabel /out/sourcedata/freesurfer/fsaverage/label/lh.BA3b_exvivo.label --trgsubject sub-v1s16x0051181_ses-1 --trglabel ./lh.BA3b_exvivo.label --hemi lh --regmethod surface 


srclabel = /out/sourcedata/freesurfer/fsaverage/label/lh.BA3b_exvivo.label
srcsubject = fsaverage
trgsubject = sub-v1s16x0051181_ses-1
trglabel = ./lh.BA3b_exvivo.label
regmethod = surface

srchemi = lh
trghemi = lh
trgsurface = white
srcsurfreg = sphere.reg
trgsurfreg = sphere.reg
usehash = 1
Use ProjAbs  = 0, 0
Use ProjFrac = 0, 0
DoPaint 0

SUBJECTS_DIR    /out/sourcedata/freesurfer
FREESURFER_HOME /opt/freesurfer
Loading source label.
Found 5983 points in source label.
Starting surface-based mapping
Reading source registration 
 /out/sourcedata/freesurfer/fsaverage/surf/lh.sphere.reg
Rescaling ...  original radius = 100
Reading target surface 
 /out/sourcedata/freesurfer/sub-v1s16x0051181_ses-1/surf/lh.white
Reading target registration 
 /out/sourcedata/freesurfer/sub-v1s16x0051181_ses-1/surf/lh.sphere.reg
Rescaling ...  original radius = 100
Building target registration hash (res=16).
Building source registration hash (res=16).
INFO: found  5983 nlabel points
Performing mapping from target back to the source label 134473
Number of reverse mapping hits = 242
Checking for and removing duplicates
Writing label file ./lh.BA3b_exvivo.label 6225
mri_label2label: Done


 mri_label2label --srcsubject fsaverage --srclabel /out/sourcedata/freesurfer/fsaverage/label/lh.BA4a_exvivo.label --trgsubject sub-v1s16x0051181_ses-1 --trglabel ./lh.BA4a_exvivo.label --hemi lh --regmethod surface 


srclabel = /out/sourcedata/freesurfer/fsaverage/label/lh.BA4a_exvivo.label
srcsubject = fsaverage
trgsubject = sub-v1s16x0051181_ses-1
trglabel = ./lh.BA4a_exvivo.label
regmethod = surface

srchemi = lh
trghemi = lh
trgsurface = white
srcsurfreg = sphere.reg
trgsurfreg = sphere.reg
usehash = 1
Use ProjAbs  = 0, 0
Use ProjFrac = 0, 0
DoPaint 0

SUBJECTS_DIR    /out/sourcedata/freesurfer
FREESURFER_HOME /opt/freesurfer
Loading source label.
Found 5784 points in source label.
Starting surface-based mapping
Reading source registration 
 /out/sourcedata/freesurfer/fsaverage/surf/lh.sphere.reg
Rescaling ...  original radius = 100
Reading target surface 
 /out/sourcedata/freesurfer/sub-v1s16x0051181_ses-1/surf/lh.white
Reading target registration 
 /out/sourcedata/freesurfer/sub-v1s16x0051181_ses-1/surf/lh.sphere.reg
Rescaling ...  original radius = 100
Building target registration hash (res=16).
Building source registration hash (res=16).
INFO: found  5784 nlabel points
Performing mapping from target back to the source label 134473
Number of reverse mapping hits = 278
Checking for and removing duplicates
Writing label file ./lh.BA4a_exvivo.label 6062
mri_label2label: Done


 mri_label2label --srcsubject fsaverage --srclabel /out/sourcedata/freesurfer/fsaverage/label/lh.BA4p_exvivo.label --trgsubject sub-v1s16x0051181_ses-1 --trglabel ./lh.BA4p_exvivo.label --hemi lh --regmethod surface 


srclabel = /out/sourcedata/freesurfer/fsaverage/label/lh.BA4p_exvivo.label
srcsubject = fsaverage
trgsubject = sub-v1s16x0051181_ses-1
trglabel = ./lh.BA4p_exvivo.label
regmethod = surface

srchemi = lh
trghemi = lh
trgsurface = white
srcsurfreg = sphere.reg
trgsurfreg = sphere.reg
usehash = 1
Use ProjAbs  = 0, 0
Use ProjFrac = 0, 0
DoPaint 0

SUBJECTS_DIR    /out/sourcedata/freesurfer
FREESURFER_HOME /opt/freesurfer
Loading source label.
Found 4070 points in source label.
Starting surface-based mapping
Reading source registration 
 /out/sourcedata/freesurfer/fsaverage/surf/lh.sphere.reg
Rescaling ...  original radius = 100
Reading target surface 
 /out/sourcedata/freesurfer/sub-v1s16x0051181_ses-1/surf/lh.white
Reading target registration 
 /out/sourcedata/freesurfer/sub-v1s16x0051181_ses-1/surf/lh.sphere.reg
Rescaling ...  original radius = 100
Building target registration hash (res=16).
Building source registration hash (res=16).
INFO: found  4070 nlabel points
Performing mapping from target back to the source label 134473
Number of reverse mapping hits = 61
Checking for and removing duplicates
Writing label file ./lh.BA4p_exvivo.label 4131
mri_label2label: Done


 mri_label2label --srcsubject fsaverage --srclabel /out/sourcedata/freesurfer/fsaverage/label/lh.BA6_exvivo.label --trgsubject sub-v1s16x0051181_ses-1 --trglabel ./lh.BA6_exvivo.label --hemi lh --regmethod surface 


srclabel = /out/sourcedata/freesurfer/fsaverage/label/lh.BA6_exvivo.label
srcsubject = fsaverage
trgsubject = sub-v1s16x0051181_ses-1
trglabel = ./lh.BA6_exvivo.label
regmethod = surface

srchemi = lh
trghemi = lh
trgsurface = white
srcsurfreg = sphere.reg
trgsurfreg = sphere.reg
usehash = 1
Use ProjAbs  = 0, 0
Use ProjFrac = 0, 0
DoPaint 0

SUBJECTS_DIR    /out/sourcedata/freesurfer
FREESURFER_HOME /opt/freesurfer
Loading source label.
Found 13589 points in source label.
Starting surface-based mapping
Reading source registration 
 /out/sourcedata/freesurfer/fsaverage/surf/lh.sphere.reg
Rescaling ...  original radius = 100
Reading target surface 
 /out/sourcedata/freesurfer/sub-v1s16x0051181_ses-1/surf/lh.white
Reading target registration 
 /out/sourcedata/freesurfer/sub-v1s16x0051181_ses-1/surf/lh.sphere.reg
Rescaling ...  original radius = 100
Building target registration hash (res=16).
Building source registration hash (res=16).
INFO: found  13589 nlabel points
Performing mapping from target back to the source label 134473
Number of reverse mapping hits = 955
Checking for and removing duplicates
Writing label file ./lh.BA6_exvivo.label 14544
mri_label2label: Done


 mri_label2label --srcsubject fsaverage --srclabel /out/sourcedata/freesurfer/fsaverage/label/lh.BA44_exvivo.label --trgsubject sub-v1s16x0051181_ses-1 --trglabel ./lh.BA44_exvivo.label --hemi lh --regmethod surface 


srclabel = /out/sourcedata/freesurfer/fsaverage/label/lh.BA44_exvivo.label
srcsubject = fsaverage
trgsubject = sub-v1s16x0051181_ses-1
trglabel = ./lh.BA44_exvivo.label
regmethod = surface

srchemi = lh
trghemi = lh
trgsurface = white
srcsurfreg = sphere.reg
trgsurfreg = sphere.reg
usehash = 1
Use ProjAbs  = 0, 0
Use ProjFrac = 0, 0
DoPaint 0

SUBJECTS_DIR    /out/sourcedata/freesurfer
FREESURFER_HOME /opt/freesurfer
Loading source label.
Found 4181 points in source label.
Starting surface-based mapping
Reading source registration 
 /out/sourcedata/freesurfer/fsaverage/surf/lh.sphere.reg
Rescaling ...  original radius = 100
Reading target surface 
 /out/sourcedata/freesurfer/sub-v1s16x0051181_ses-1/surf/lh.white
Reading target registration 
 /out/sourcedata/freesurfer/sub-v1s16x0051181_ses-1/surf/lh.sphere.reg
Rescaling ...  original radius = 100
Building target registration hash (res=16).
Building source registration hash (res=16).
INFO: found  4181 nlabel points
Performing mapping from target back to the source label 134473
Number of reverse mapping hits = 199
Checking for and removing duplicates
Writing label file ./lh.BA44_exvivo.label 4380
mri_label2label: Done


 mri_label2label --srcsubject fsaverage --srclabel /out/sourcedata/freesurfer/fsaverage/label/lh.BA45_exvivo.label --trgsubject sub-v1s16x0051181_ses-1 --trglabel ./lh.BA45_exvivo.label --hemi lh --regmethod surface 


srclabel = /out/sourcedata/freesurfer/fsaverage/label/lh.BA45_exvivo.label
srcsubject = fsaverage
trgsubject = sub-v1s16x0051181_ses-1
trglabel = ./lh.BA45_exvivo.label
regmethod = surface

srchemi = lh
trghemi = lh
trgsurface = white
srcsurfreg = sphere.reg
trgsurfreg = sphere.reg
usehash = 1
Use ProjAbs  = 0, 0
Use ProjFrac = 0, 0
DoPaint 0

SUBJECTS_DIR    /out/sourcedata/freesurfer
FREESURFER_HOME /opt/freesurfer
Loading source label.
Found 3422 points in source label.
Starting surface-based mapping
Reading source registration 
 /out/sourcedata/freesurfer/fsaverage/surf/lh.sphere.reg
Rescaling ...  original radius = 100
Reading target surface 
 /out/sourcedata/freesurfer/sub-v1s16x0051181_ses-1/surf/lh.white
Reading target registration 
 /out/sourcedata/freesurfer/sub-v1s16x0051181_ses-1/surf/lh.sphere.reg
Rescaling ...  original radius = 100
Building target registration hash (res=16).
Building source registration hash (res=16).
INFO: found  3422 nlabel points
Performing mapping from target back to the source label 134473
Number of reverse mapping hits = 781
Checking for and removing duplicates
Writing label file ./lh.BA45_exvivo.label 4203
mri_label2label: Done


 mri_label2label --srcsubject fsaverage --srclabel /out/sourcedata/freesurfer/fsaverage/label/lh.V1_exvivo.label --trgsubject sub-v1s16x0051181_ses-1 --trglabel ./lh.V1_exvivo.label --hemi lh --regmethod surface 


srclabel = /out/sourcedata/freesurfer/fsaverage/label/lh.V1_exvivo.label
srcsubject = fsaverage
trgsubject = sub-v1s16x0051181_ses-1
trglabel = ./lh.V1_exvivo.label
regmethod = surface

srchemi = lh
trghemi = lh
trgsurface = white
srcsurfreg = sphere.reg
trgsurfreg = sphere.reg
usehash = 1
Use ProjAbs  = 0, 0
Use ProjFrac = 0, 0
DoPaint 0

SUBJECTS_DIR    /out/sourcedata/freesurfer
FREESURFER_HOME /opt/freesurfer
Loading source label.
Found 4641 points in source label.
Starting surface-based mapping
Reading source registration 
 /out/sourcedata/freesurfer/fsaverage/surf/lh.sphere.reg
Rescaling ...  original radius = 100
Reading target surface 
 /out/sourcedata/freesurfer/sub-v1s16x0051181_ses-1/surf/lh.white
Reading target registration 
 /out/sourcedata/freesurfer/sub-v1s16x0051181_ses-1/surf/lh.sphere.reg
Rescaling ...  original radius = 100
Building target registration hash (res=16).
Building source registration hash (res=16).
INFO: found  4641 nlabel points
Performing mapping from target back to the source label 134473
Number of reverse mapping hits = 1386
Checking for and removing duplicates
Writing label file ./lh.V1_exvivo.label 6027
mri_label2label: Done


 mri_label2label --srcsubject fsaverage --srclabel /out/sourcedata/freesurfer/fsaverage/label/lh.V2_exvivo.label --trgsubject sub-v1s16x0051181_ses-1 --trglabel ./lh.V2_exvivo.label --hemi lh --regmethod surface 


srclabel = /out/sourcedata/freesurfer/fsaverage/label/lh.V2_exvivo.label
srcsubject = fsaverage
trgsubject = sub-v1s16x0051181_ses-1
trglabel = ./lh.V2_exvivo.label
regmethod = surface

srchemi = lh
trghemi = lh
trgsurface = white
srcsurfreg = sphere.reg
trgsurfreg = sphere.reg
usehash = 1
Use ProjAbs  = 0, 0
Use ProjFrac = 0, 0
DoPaint 0

SUBJECTS_DIR    /out/sourcedata/freesurfer
FREESURFER_HOME /opt/freesurfer
Loading source label.
Found 8114 points in source label.
Starting surface-based mapping
Reading source registration 
 /out/sourcedata/freesurfer/fsaverage/surf/lh.sphere.reg
Rescaling ...  original radius = 100
Reading target surface 
 /out/sourcedata/freesurfer/sub-v1s16x0051181_ses-1/surf/lh.white
Reading target registration 
 /out/sourcedata/freesurfer/sub-v1s16x0051181_ses-1/surf/lh.sphere.reg
Rescaling ...  original radius = 100
Building target registration hash (res=16).
Building source registration hash (res=16).
INFO: found  8114 nlabel points
Performing mapping from target back to the source label 134473
Number of reverse mapping hits = 2706
Checking for and removing duplicates
Writing label file ./lh.V2_exvivo.label 10820
mri_label2label: Done


 mri_label2label --srcsubject fsaverage --srclabel /out/sourcedata/freesurfer/fsaverage/label/lh.MT_exvivo.label --trgsubject sub-v1s16x0051181_ses-1 --trglabel ./lh.MT_exvivo.label --hemi lh --regmethod surface 


srclabel = /out/sourcedata/freesurfer/fsaverage/label/lh.MT_exvivo.label
srcsubject = fsaverage
trgsubject = sub-v1s16x0051181_ses-1
trglabel = ./lh.MT_exvivo.label
regmethod = surface

srchemi = lh
trghemi = lh
trgsurface = white
srcsurfreg = sphere.reg
trgsurfreg = sphere.reg
usehash = 1
Use ProjAbs  = 0, 0
Use ProjFrac = 0, 0
DoPaint 0

SUBJECTS_DIR    /out/sourcedata/freesurfer
FREESURFER_HOME /opt/freesurfer
Loading source label.
Found 2018 points in source label.
Starting surface-based mapping
Reading source registration 
 /out/sourcedata/freesurfer/fsaverage/surf/lh.sphere.reg
Rescaling ...  original radius = 100
Reading target surface 
 /out/sourcedata/freesurfer/sub-v1s16x0051181_ses-1/surf/lh.white
Reading target registration 
 /out/sourcedata/freesurfer/sub-v1s16x0051181_ses-1/surf/lh.sphere.reg
Rescaling ...  original radius = 100
Building target registration hash (res=16).
Building source registration hash (res=16).
INFO: found  2018 nlabel points
Performing mapping from target back to the source label 134473
Number of reverse mapping hits = 283
Checking for and removing duplicates
Writing label file ./lh.MT_exvivo.label 2301
mri_label2label: Done


 mri_label2label --srcsubject fsaverage --srclabel /out/sourcedata/freesurfer/fsaverage/label/lh.entorhinal_exvivo.label --trgsubject sub-v1s16x0051181_ses-1 --trglabel ./lh.entorhinal_exvivo.label --hemi lh --regmethod surface 


srclabel = /out/sourcedata/freesurfer/fsaverage/label/lh.entorhinal_exvivo.label
srcsubject = fsaverage
trgsubject = sub-v1s16x0051181_ses-1
trglabel = ./lh.entorhinal_exvivo.label
regmethod = surface

srchemi = lh
trghemi = lh
trgsurface = white
srcsurfreg = sphere.reg
trgsurfreg = sphere.reg
usehash = 1
Use ProjAbs  = 0, 0
Use ProjFrac = 0, 0
DoPaint 0

SUBJECTS_DIR    /out/sourcedata/freesurfer
FREESURFER_HOME /opt/freesurfer
Loading source label.
Found 1290 points in source label.
Starting surface-based mapping
Reading source registration 
 /out/sourcedata/freesurfer/fsaverage/surf/lh.sphere.reg
Rescaling ...  original radius = 100
Reading target surface 
 /out/sourcedata/freesurfer/sub-v1s16x0051181_ses-1/surf/lh.white
Reading target registration 
 /out/sourcedata/freesurfer/sub-v1s16x0051181_ses-1/surf/lh.sphere.reg
Rescaling ...  original radius = 100
Building target registration hash (res=16).
Building source registration hash (res=16).
INFO: found  1290 nlabel points
Performing mapping from target back to the source label 134473
Number of reverse mapping hits = 58
Checking for and removing duplicates
Writing label file ./lh.entorhinal_exvivo.label 1348
mri_label2label: Done


 mri_label2label --srcsubject fsaverage --srclabel /out/sourcedata/freesurfer/fsaverage/label/lh.perirhinal_exvivo.label --trgsubject sub-v1s16x0051181_ses-1 --trglabel ./lh.perirhinal_exvivo.label --hemi lh --regmethod surface 


srclabel = /out/sourcedata/freesurfer/fsaverage/label/lh.perirhinal_exvivo.label
srcsubject = fsaverage
trgsubject = sub-v1s16x0051181_ses-1
trglabel = ./lh.perirhinal_exvivo.label
regmethod = surface

srchemi = lh
trghemi = lh
trgsurface = white
srcsurfreg = sphere.reg
trgsurfreg = sphere.reg
usehash = 1
Use ProjAbs  = 0, 0
Use ProjFrac = 0, 0
DoPaint 0

SUBJECTS_DIR    /out/sourcedata/freesurfer
FREESURFER_HOME /opt/freesurfer
Loading source label.
Found 1199 points in source label.
Starting surface-based mapping
Reading source registration 
 /out/sourcedata/freesurfer/fsaverage/surf/lh.sphere.reg
Rescaling ...  original radius = 100
Reading target surface 
 /out/sourcedata/freesurfer/sub-v1s16x0051181_ses-1/surf/lh.white
Reading target registration 
 /out/sourcedata/freesurfer/sub-v1s16x0051181_ses-1/surf/lh.sphere.reg
Rescaling ...  original radius = 100
Building target registration hash (res=16).
Building source registration hash (res=16).
INFO: found  1199 nlabel points
Performing mapping from target back to the source label 134473
Number of reverse mapping hits = 34
Checking for and removing duplicates
Writing label file ./lh.perirhinal_exvivo.label 1233
mri_label2label: Done


 mri_label2label --srcsubject fsaverage --srclabel /out/sourcedata/freesurfer/fsaverage/label/lh.FG1.mpm.vpnl.label --trgsubject sub-v1s16x0051181_ses-1 --trglabel ./lh.FG1.mpm.vpnl.label --hemi lh --regmethod surface 


srclabel = /out/sourcedata/freesurfer/fsaverage/label/lh.FG1.mpm.vpnl.label
srcsubject = fsaverage
trgsubject = sub-v1s16x0051181_ses-1
trglabel = ./lh.FG1.mpm.vpnl.label
regmethod = surface

srchemi = lh
trghemi = lh
trgsurface = white
srcsurfreg = sphere.reg
trgsurfreg = sphere.reg
usehash = 1
Use ProjAbs  = 0, 0
Use ProjFrac = 0, 0
DoPaint 0

SUBJECTS_DIR    /out/sourcedata/freesurfer
FREESURFER_HOME /opt/freesurfer
Loading source label.
Found 414 points in source label.
Starting surface-based mapping
Reading source registration 
 /out/sourcedata/freesurfer/fsaverage/surf/lh.sphere.reg
Rescaling ...  original radius = 100
Reading target surface 
 /out/sourcedata/freesurfer/sub-v1s16x0051181_ses-1/surf/lh.white
Reading target registration 
 /out/sourcedata/freesurfer/sub-v1s16x0051181_ses-1/surf/lh.sphere.reg
Rescaling ...  original radius = 100
Building target registration hash (res=16).
Building source registration hash (res=16).
INFO: found  414 nlabel points
Performing mapping from target back to the source label 134473
Number of reverse mapping hits = 103
Checking for and removing duplicates
Writing label file ./lh.FG1.mpm.vpnl.label 517
mri_label2label: Done


 mri_label2label --srcsubject fsaverage --srclabel /out/sourcedata/freesurfer/fsaverage/label/lh.FG2.mpm.vpnl.label --trgsubject sub-v1s16x0051181_ses-1 --trglabel ./lh.FG2.mpm.vpnl.label --hemi lh --regmethod surface 


srclabel = /out/sourcedata/freesurfer/fsaverage/label/lh.FG2.mpm.vpnl.label
srcsubject = fsaverage
trgsubject = sub-v1s16x0051181_ses-1
trglabel = ./lh.FG2.mpm.vpnl.label
regmethod = surface

srchemi = lh
trghemi = lh
trgsurface = white
srcsurfreg = sphere.reg
trgsurfreg = sphere.reg
usehash = 1
Use ProjAbs  = 0, 0
Use ProjFrac = 0, 0
DoPaint 0

SUBJECTS_DIR    /out/sourcedata/freesurfer
FREESURFER_HOME /opt/freesurfer
Loading source label.
Found 703 points in source label.
Starting surface-based mapping
Reading source registration 
 /out/sourcedata/freesurfer/fsaverage/surf/lh.sphere.reg
Rescaling ...  original radius = 100
Reading target surface 
 /out/sourcedata/freesurfer/sub-v1s16x0051181_ses-1/surf/lh.white
Reading target registration 
 /out/sourcedata/freesurfer/sub-v1s16x0051181_ses-1/surf/lh.sphere.reg
Rescaling ...  original radius = 100
Building target registration hash (res=16).
Building source registration hash (res=16).
INFO: found  703 nlabel points
Performing mapping from target back to the source label 134473
Number of reverse mapping hits = 108
Checking for and removing duplicates
Writing label file ./lh.FG2.mpm.vpnl.label 811
mri_label2label: Done


 mri_label2label --srcsubject fsaverage --srclabel /out/sourcedata/freesurfer/fsaverage/label/lh.FG3.mpm.vpnl.label --trgsubject sub-v1s16x0051181_ses-1 --trglabel ./lh.FG3.mpm.vpnl.label --hemi lh --regmethod surface 


srclabel = /out/sourcedata/freesurfer/fsaverage/label/lh.FG3.mpm.vpnl.label
srcsubject = fsaverage
trgsubject = sub-v1s16x0051181_ses-1
trglabel = ./lh.FG3.mpm.vpnl.label
regmethod = surface

srchemi = lh
trghemi = lh
trgsurface = white
srcsurfreg = sphere.reg
trgsurfreg = sphere.reg
usehash = 1
Use ProjAbs  = 0, 0
Use ProjFrac = 0, 0
DoPaint 0

SUBJECTS_DIR    /out/sourcedata/freesurfer
FREESURFER_HOME /opt/freesurfer
Loading source label.
Found 1873 points in source label.
Starting surface-based mapping
Reading source registration 
 /out/sourcedata/freesurfer/fsaverage/surf/lh.sphere.reg
Rescaling ...  original radius = 100
Reading target surface 
 /out/sourcedata/freesurfer/sub-v1s16x0051181_ses-1/surf/lh.white
Reading target registration 
 /out/sourcedata/freesurfer/sub-v1s16x0051181_ses-1/surf/lh.sphere.reg
Rescaling ...  original radius = 100
Building target registration hash (res=16).
Building source registration hash (res=16).
INFO: found  1873 nlabel points
Performing mapping from target back to the source label 134473
Number of reverse mapping hits = 216
Checking for and removing duplicates
Writing label file ./lh.FG3.mpm.vpnl.label 2089
mri_label2label: Done


 mri_label2label --srcsubject fsaverage --srclabel /out/sourcedata/freesurfer/fsaverage/label/lh.FG4.mpm.vpnl.label --trgsubject sub-v1s16x0051181_ses-1 --trglabel ./lh.FG4.mpm.vpnl.label --hemi lh --regmethod surface 


srclabel = /out/sourcedata/freesurfer/fsaverage/label/lh.FG4.mpm.vpnl.label
srcsubject = fsaverage
trgsubject = sub-v1s16x0051181_ses-1
trglabel = ./lh.FG4.mpm.vpnl.label
regmethod = surface

srchemi = lh
trghemi = lh
trgsurface = white
srcsurfreg = sphere.reg
trgsurfreg = sphere.reg
usehash = 1
Use ProjAbs  = 0, 0
Use ProjFrac = 0, 0
DoPaint 0

SUBJECTS_DIR    /out/sourcedata/freesurfer
FREESURFER_HOME /opt/freesurfer
Loading source label.
Found 2101 points in source label.
Starting surface-based mapping
Reading source registration 
 /out/sourcedata/freesurfer/fsaverage/surf/lh.sphere.reg
Rescaling ...  original radius = 100
Reading target surface 
 /out/sourcedata/freesurfer/sub-v1s16x0051181_ses-1/surf/lh.white
Reading target registration 
 /out/sourcedata/freesurfer/sub-v1s16x0051181_ses-1/surf/lh.sphere.reg
Rescaling ...  original radius = 100
Building target registration hash (res=16).
Building source registration hash (res=16).
INFO: found  2101 nlabel points
Performing mapping from target back to the source label 134473
Number of reverse mapping hits = 188
Checking for and removing duplicates
Writing label file ./lh.FG4.mpm.vpnl.label 2289
mri_label2label: Done


 mri_label2label --srcsubject fsaverage --srclabel /out/sourcedata/freesurfer/fsaverage/label/lh.hOc1.mpm.vpnl.label --trgsubject sub-v1s16x0051181_ses-1 --trglabel ./lh.hOc1.mpm.vpnl.label --hemi lh --regmethod surface 


srclabel = /out/sourcedata/freesurfer/fsaverage/label/lh.hOc1.mpm.vpnl.label
srcsubject = fsaverage
trgsubject = sub-v1s16x0051181_ses-1
trglabel = ./lh.hOc1.mpm.vpnl.label
regmethod = surface

srchemi = lh
trghemi = lh
trgsurface = white
srcsurfreg = sphere.reg
trgsurfreg = sphere.reg
usehash = 1
Use ProjAbs  = 0, 0
Use ProjFrac = 0, 0
DoPaint 0

SUBJECTS_DIR    /out/sourcedata/freesurfer
FREESURFER_HOME /opt/freesurfer
Loading source label.
Found 3877 points in source label.
Starting surface-based mapping
Reading source registration 
 /out/sourcedata/freesurfer/fsaverage/surf/lh.sphere.reg
Rescaling ...  original radius = 100
Reading target surface 
 /out/sourcedata/freesurfer/sub-v1s16x0051181_ses-1/surf/lh.white
Reading target registration 
 /out/sourcedata/freesurfer/sub-v1s16x0051181_ses-1/surf/lh.sphere.reg
Rescaling ...  original radius = 100
Building target registration hash (res=16).
Building source registration hash (res=16).
INFO: found  3877 nlabel points
Performing mapping from target back to the source label 134473
Number of reverse mapping hits = 1199
Checking for and removing duplicates
Writing label file ./lh.hOc1.mpm.vpnl.label 5076
mri_label2label: Done


 mri_label2label --srcsubject fsaverage --srclabel /out/sourcedata/freesurfer/fsaverage/label/lh.hOc2.mpm.vpnl.label --trgsubject sub-v1s16x0051181_ses-1 --trglabel ./lh.hOc2.mpm.vpnl.label --hemi lh --regmethod surface 


srclabel = /out/sourcedata/freesurfer/fsaverage/label/lh.hOc2.mpm.vpnl.label
srcsubject = fsaverage
trgsubject = sub-v1s16x0051181_ses-1
trglabel = ./lh.hOc2.mpm.vpnl.label
regmethod = surface

srchemi = lh
trghemi = lh
trgsurface = white
srcsurfreg = sphere.reg
trgsurfreg = sphere.reg
usehash = 1
Use ProjAbs  = 0, 0
Use ProjFrac = 0, 0
DoPaint 0

SUBJECTS_DIR    /out/sourcedata/freesurfer
FREESURFER_HOME /opt/freesurfer
Loading source label.
Found 2919 points in source label.
Starting surface-based mapping
Reading source registration 
 /out/sourcedata/freesurfer/fsaverage/surf/lh.sphere.reg
Rescaling ...  original radius = 100
Reading target surface 
 /out/sourcedata/freesurfer/sub-v1s16x0051181_ses-1/surf/lh.white
Reading target registration 
 /out/sourcedata/freesurfer/sub-v1s16x0051181_ses-1/surf/lh.sphere.reg
Rescaling ...  original radius = 100
Building target registration hash (res=16).
Building source registration hash (res=16).
INFO: found  2919 nlabel points
Performing mapping from target back to the source label 134473
Number of reverse mapping hits = 1120
Checking for and removing duplicates
Writing label file ./lh.hOc2.mpm.vpnl.label 4039
mri_label2label: Done


 mri_label2label --srcsubject fsaverage --srclabel /out/sourcedata/freesurfer/fsaverage/label/lh.hOc3v.mpm.vpnl.label --trgsubject sub-v1s16x0051181_ses-1 --trglabel ./lh.hOc3v.mpm.vpnl.label --hemi lh --regmethod surface 


srclabel = /out/sourcedata/freesurfer/fsaverage/label/lh.hOc3v.mpm.vpnl.label
srcsubject = fsaverage
trgsubject = sub-v1s16x0051181_ses-1
trglabel = ./lh.hOc3v.mpm.vpnl.label
regmethod = surface

srchemi = lh
trghemi = lh
trgsurface = white
srcsurfreg = sphere.reg
trgsurfreg = sphere.reg
usehash = 1
Use ProjAbs  = 0, 0
Use ProjFrac = 0, 0
DoPaint 0

SUBJECTS_DIR    /out/sourcedata/freesurfer
FREESURFER_HOME /opt/freesurfer
Loading source label.
Found 1286 points in source label.
Starting surface-based mapping
Reading source registration 
 /out/sourcedata/freesurfer/fsaverage/surf/lh.sphere.reg
Rescaling ...  original radius = 100
Reading target surface 
 /out/sourcedata/freesurfer/sub-v1s16x0051181_ses-1/surf/lh.white
Reading target registration 
 /out/sourcedata/freesurfer/sub-v1s16x0051181_ses-1/surf/lh.sphere.reg
Rescaling ...  original radius = 100
Building target registration hash (res=16).
Building source registration hash (res=16).
INFO: found  1286 nlabel points
Performing mapping from target back to the source label 134473
Number of reverse mapping hits = 543
Checking for and removing duplicates
Writing label file ./lh.hOc3v.mpm.vpnl.label 1829
mri_label2label: Done


 mri_label2label --srcsubject fsaverage --srclabel /out/sourcedata/freesurfer/fsaverage/label/lh.hOc4v.mpm.vpnl.label --trgsubject sub-v1s16x0051181_ses-1 --trglabel ./lh.hOc4v.mpm.vpnl.label --hemi lh --regmethod surface 


srclabel = /out/sourcedata/freesurfer/fsaverage/label/lh.hOc4v.mpm.vpnl.label
srcsubject = fsaverage
trgsubject = sub-v1s16x0051181_ses-1
trglabel = ./lh.hOc4v.mpm.vpnl.label
regmethod = surface

srchemi = lh
trghemi = lh
trgsurface = white
srcsurfreg = sphere.reg
trgsurfreg = sphere.reg
usehash = 1
Use ProjAbs  = 0, 0
Use ProjFrac = 0, 0
DoPaint 0

SUBJECTS_DIR    /out/sourcedata/freesurfer
FREESURFER_HOME /opt/freesurfer
Loading source label.
Found 1006 points in source label.
Starting surface-based mapping
Reading source registration 
 /out/sourcedata/freesurfer/fsaverage/surf/lh.sphere.reg
Rescaling ...  original radius = 100
Reading target surface 
 /out/sourcedata/freesurfer/sub-v1s16x0051181_ses-1/surf/lh.white
Reading target registration 
 /out/sourcedata/freesurfer/sub-v1s16x0051181_ses-1/surf/lh.sphere.reg
Rescaling ...  original radius = 100
Building target registration hash (res=16).
Building source registration hash (res=16).
INFO: found  1006 nlabel points
Performing mapping from target back to the source label 134473
Number of reverse mapping hits = 399
Checking for and removing duplicates
Writing label file ./lh.hOc4v.mpm.vpnl.label 1405
mri_label2label: Done


 mris_label2annot --s sub-v1s16x0051181_ses-1 --ctab /opt/freesurfer/average/colortable_vpnl.txt --hemi lh --a mpm.vpnl --maxstatwinner --noverbose --l lh.FG1.mpm.vpnl.label --l lh.FG2.mpm.vpnl.label --l lh.FG3.mpm.vpnl.label --l lh.FG4.mpm.vpnl.label --l lh.hOc1.mpm.vpnl.label --l lh.hOc2.mpm.vpnl.label --l lh.hOc3v.mpm.vpnl.label --l lh.hOc4v.mpm.vpnl.label 

Reading ctab /opt/freesurfer/average/colortable_vpnl.txt
Number of ctab entries 9

7.3.2
cwd /out/sourcedata/freesurfer/sub-v1s16x0051181_ses-1/label
cmdline mris_label2annot --s sub-v1s16x0051181_ses-1 --ctab /opt/freesurfer/average/colortable_vpnl.txt --hemi lh --a mpm.vpnl --maxstatwinner --noverbose --l lh.FG1.mpm.vpnl.label --l lh.FG2.mpm.vpnl.label --l lh.FG3.mpm.vpnl.label --l lh.FG4.mpm.vpnl.label --l lh.hOc1.mpm.vpnl.label --l lh.hOc2.mpm.vpnl.label --l lh.hOc3v.mpm.vpnl.label --l lh.hOc4v.mpm.vpnl.label 
sysname  Linux
hostname dna075
machine  x86_64
user     oesteban

subject sub-v1s16x0051181_ses-1
hemi    lh
SUBJECTS_DIR /out/sourcedata/freesurfer
ColorTable /opt/freesurfer/average/colortable_vpnl.txt
AnnotName  mpm.vpnl
nlables 8
LabelThresh 0 0.000000
Loading /out/sourcedata/freesurfer/sub-v1s16x0051181_ses-1/surf/lh.orig
 1 1376057 FG1
 2 16711935 FG2
 3 16711680 FG3
 4 1705837 FG4
 5 25600 hOc1
 6 255 hOc2
 7 16776960 hOc3v
 8 65535 hOc4v
Mapping unhit to unknown
Found 118239 unhit vertices
Writing annot to /out/sourcedata/freesurfer/sub-v1s16x0051181_ses-1/label/lh.mpm.vpnl.annot

 mri_label2label --srcsubject fsaverage --srclabel /out/sourcedata/freesurfer/fsaverage/label/lh.BA1_exvivo.thresh.label --trgsubject sub-v1s16x0051181_ses-1 --trglabel ./lh.BA1_exvivo.thresh.label --hemi lh --regmethod surface 


srclabel = /out/sourcedata/freesurfer/fsaverage/label/lh.BA1_exvivo.thresh.label
srcsubject = fsaverage
trgsubject = sub-v1s16x0051181_ses-1
trglabel = ./lh.BA1_exvivo.thresh.label
regmethod = surface

srchemi = lh
trghemi = lh
trgsurface = white
srcsurfreg = sphere.reg
trgsurfreg = sphere.reg
usehash = 1
Use ProjAbs  = 0, 0
Use ProjFrac = 0, 0
DoPaint 0

SUBJECTS_DIR    /out/sourcedata/freesurfer
FREESURFER_HOME /opt/freesurfer
Loading source label.
Found 1014 points in source label.
Starting surface-based mapping
Reading source registration 
 /out/sourcedata/freesurfer/fsaverage/surf/lh.sphere.reg
Rescaling ...  original radius = 100
Reading target surface 
 /out/sourcedata/freesurfer/sub-v1s16x0051181_ses-1/surf/lh.white
Reading target registration 
 /out/sourcedata/freesurfer/sub-v1s16x0051181_ses-1/surf/lh.sphere.reg
Rescaling ...  original radius = 100
Building target registration hash (res=16).
Building source registration hash (res=16).
INFO: found  1014 nlabel points
Performing mapping from target back to the source label 134473
Number of reverse mapping hits = 89
Checking for and removing duplicates
Writing label file ./lh.BA1_exvivo.thresh.label 1103
mri_label2label: Done


 mri_label2label --srcsubject fsaverage --srclabel /out/sourcedata/freesurfer/fsaverage/label/lh.BA2_exvivo.thresh.label --trgsubject sub-v1s16x0051181_ses-1 --trglabel ./lh.BA2_exvivo.thresh.label --hemi lh --regmethod surface 


srclabel = /out/sourcedata/freesurfer/fsaverage/label/lh.BA2_exvivo.thresh.label
srcsubject = fsaverage
trgsubject = sub-v1s16x0051181_ses-1
trglabel = ./lh.BA2_exvivo.thresh.label
regmethod = surface

srchemi = lh
trghemi = lh
trgsurface = white
srcsurfreg = sphere.reg
trgsurfreg = sphere.reg
usehash = 1
Use ProjAbs  = 0, 0
Use ProjFrac = 0, 0
DoPaint 0

SUBJECTS_DIR    /out/sourcedata/freesurfer
FREESURFER_HOME /opt/freesurfer
Loading source label.
Found 2092 points in source label.
Starting surface-based mapping
Reading source registration 
 /out/sourcedata/freesurfer/fsaverage/surf/lh.sphere.reg
Rescaling ...  original radius = 100
Reading target surface 
 /out/sourcedata/freesurfer/sub-v1s16x0051181_ses-1/surf/lh.white
Reading target registration 
 /out/sourcedata/freesurfer/sub-v1s16x0051181_ses-1/surf/lh.sphere.reg
Rescaling ...  original radius = 100
Building target registration hash (res=16).
Building source registration hash (res=16).
INFO: found  2092 nlabel points
Performing mapping from target back to the source label 134473
Number of reverse mapping hits = 53
Checking for and removing duplicates
Writing label file ./lh.BA2_exvivo.thresh.label 2145
mri_label2label: Done


 mri_label2label --srcsubject fsaverage --srclabel /out/sourcedata/freesurfer/fsaverage/label/lh.BA3a_exvivo.thresh.label --trgsubject sub-v1s16x0051181_ses-1 --trglabel ./lh.BA3a_exvivo.thresh.label --hemi lh --regmethod surface 


srclabel = /out/sourcedata/freesurfer/fsaverage/label/lh.BA3a_exvivo.thresh.label
srcsubject = fsaverage
trgsubject = sub-v1s16x0051181_ses-1
trglabel = ./lh.BA3a_exvivo.thresh.label
regmethod = surface

srchemi = lh
trghemi = lh
trgsurface = white
srcsurfreg = sphere.reg
trgsurfreg = sphere.reg
usehash = 1
Use ProjAbs  = 0, 0
Use ProjFrac = 0, 0
DoPaint 0

SUBJECTS_DIR    /out/sourcedata/freesurfer
FREESURFER_HOME /opt/freesurfer
Loading source label.
Found 1504 points in source label.
Starting surface-based mapping
Reading source registration 
 /out/sourcedata/freesurfer/fsaverage/surf/lh.sphere.reg
Rescaling ...  original radius = 100
Reading target surface 
 /out/sourcedata/freesurfer/sub-v1s16x0051181_ses-1/surf/lh.white
Reading target registration 
 /out/sourcedata/freesurfer/sub-v1s16x0051181_ses-1/surf/lh.sphere.reg
Rescaling ...  original radius = 100
Building target registration hash (res=16).
Building source registration hash (res=16).
INFO: found  1504 nlabel points
Performing mapping from target back to the source label 134473
Number of reverse mapping hits = 12
Checking for and removing duplicates
Writing label file ./lh.BA3a_exvivo.thresh.label 1516
mri_label2label: Done


 mri_label2label --srcsubject fsaverage --srclabel /out/sourcedata/freesurfer/fsaverage/label/lh.BA3b_exvivo.thresh.label --trgsubject sub-v1s16x0051181_ses-1 --trglabel ./lh.BA3b_exvivo.thresh.label --hemi lh --regmethod surface 


srclabel = /out/sourcedata/freesurfer/fsaverage/label/lh.BA3b_exvivo.thresh.label
srcsubject = fsaverage
trgsubject = sub-v1s16x0051181_ses-1
trglabel = ./lh.BA3b_exvivo.thresh.label
regmethod = surface

srchemi = lh
trghemi = lh
trgsurface = white
srcsurfreg = sphere.reg
trgsurfreg = sphere.reg
usehash = 1
Use ProjAbs  = 0, 0
Use ProjFrac = 0, 0
DoPaint 0

SUBJECTS_DIR    /out/sourcedata/freesurfer
FREESURFER_HOME /opt/freesurfer
Loading source label.
Found 1996 points in source label.
Starting surface-based mapping
Reading source registration 
 /out/sourcedata/freesurfer/fsaverage/surf/lh.sphere.reg
Rescaling ...  original radius = 100
Reading target surface 
 /out/sourcedata/freesurfer/sub-v1s16x0051181_ses-1/surf/lh.white
Reading target registration 
 /out/sourcedata/freesurfer/sub-v1s16x0051181_ses-1/surf/lh.sphere.reg
Rescaling ...  original radius = 100
Building target registration hash (res=16).
Building source registration hash (res=16).
INFO: found  1996 nlabel points
Performing mapping from target back to the source label 134473
Number of reverse mapping hits = 56
Checking for and removing duplicates
Writing label file ./lh.BA3b_exvivo.thresh.label 2052
mri_label2label: Done


 mri_label2label --srcsubject fsaverage --srclabel /out/sourcedata/freesurfer/fsaverage/label/lh.BA4a_exvivo.thresh.label --trgsubject sub-v1s16x0051181_ses-1 --trglabel ./lh.BA4a_exvivo.thresh.label --hemi lh --regmethod surface 


srclabel = /out/sourcedata/freesurfer/fsaverage/label/lh.BA4a_exvivo.thresh.label
srcsubject = fsaverage
trgsubject = sub-v1s16x0051181_ses-1
trglabel = ./lh.BA4a_exvivo.thresh.label
regmethod = surface

srchemi = lh
trghemi = lh
trgsurface = white
srcsurfreg = sphere.reg
trgsurfreg = sphere.reg
usehash = 1
Use ProjAbs  = 0, 0
Use ProjFrac = 0, 0
DoPaint 0

SUBJECTS_DIR    /out/sourcedata/freesurfer
FREESURFER_HOME /opt/freesurfer
Loading source label.
Found 2319 points in source label.
Starting surface-based mapping
Reading source registration 
 /out/sourcedata/freesurfer/fsaverage/surf/lh.sphere.reg
Rescaling ...  original radius = 100
Reading target surface 
 /out/sourcedata/freesurfer/sub-v1s16x0051181_ses-1/surf/lh.white
Reading target registration 
 /out/sourcedata/freesurfer/sub-v1s16x0051181_ses-1/surf/lh.sphere.reg
Rescaling ...  original radius = 100
Building target registration hash (res=16).
Building source registration hash (res=16).
INFO: found  2319 nlabel points
Performing mapping from target back to the source label 134473
Number of reverse mapping hits = 122
Checking for and removing duplicates
Writing label file ./lh.BA4a_exvivo.thresh.label 2441
mri_label2label: Done


 mri_label2label --srcsubject fsaverage --srclabel /out/sourcedata/freesurfer/fsaverage/label/lh.BA4p_exvivo.thresh.label --trgsubject sub-v1s16x0051181_ses-1 --trglabel ./lh.BA4p_exvivo.thresh.label --hemi lh --regmethod surface 


srclabel = /out/sourcedata/freesurfer/fsaverage/label/lh.BA4p_exvivo.thresh.label
srcsubject = fsaverage
trgsubject = sub-v1s16x0051181_ses-1
trglabel = ./lh.BA4p_exvivo.thresh.label
regmethod = surface

srchemi = lh
trghemi = lh
trgsurface = white
srcsurfreg = sphere.reg
trgsurfreg = sphere.reg
usehash = 1
Use ProjAbs  = 0, 0
Use ProjFrac = 0, 0
DoPaint 0

SUBJECTS_DIR    /out/sourcedata/freesurfer
FREESURFER_HOME /opt/freesurfer
Loading source label.
Found 1549 points in source label.
Starting surface-based mapping
Reading source registration 
 /out/sourcedata/freesurfer/fsaverage/surf/lh.sphere.reg
Rescaling ...  original radius = 100
Reading target surface 
 /out/sourcedata/freesurfer/sub-v1s16x0051181_ses-1/surf/lh.white
Reading target registration 
 /out/sourcedata/freesurfer/sub-v1s16x0051181_ses-1/surf/lh.sphere.reg
Rescaling ...  original radius = 100
Building target registration hash (res=16).
Building source registration hash (res=16).
INFO: found  1549 nlabel points
Performing mapping from target back to the source label 134473
Number of reverse mapping hits = 8
Checking for and removing duplicates
Writing label file ./lh.BA4p_exvivo.thresh.label 1557
mri_label2label: Done


 mri_label2label --srcsubject fsaverage --srclabel /out/sourcedata/freesurfer/fsaverage/label/lh.BA6_exvivo.thresh.label --trgsubject sub-v1s16x0051181_ses-1 --trglabel ./lh.BA6_exvivo.thresh.label --hemi lh --regmethod surface 


srclabel = /out/sourcedata/freesurfer/fsaverage/label/lh.BA6_exvivo.thresh.label
srcsubject = fsaverage
trgsubject = sub-v1s16x0051181_ses-1
trglabel = ./lh.BA6_exvivo.thresh.label
regmethod = surface

srchemi = lh
trghemi = lh
trgsurface = white
srcsurfreg = sphere.reg
trgsurfreg = sphere.reg
usehash = 1
Use ProjAbs  = 0, 0
Use ProjFrac = 0, 0
DoPaint 0

SUBJECTS_DIR    /out/sourcedata/freesurfer
FREESURFER_HOME /opt/freesurfer
Loading source label.
Found 7035 points in source label.
Starting surface-based mapping
Reading source registration 
 /out/sourcedata/freesurfer/fsaverage/surf/lh.sphere.reg
Rescaling ...  original radius = 100
Reading target surface 
 /out/sourcedata/freesurfer/sub-v1s16x0051181_ses-1/surf/lh.white
Reading target registration 
 /out/sourcedata/freesurfer/sub-v1s16x0051181_ses-1/surf/lh.sphere.reg
Rescaling ...  original radius = 100
Building target registration hash (res=16).
Building source registration hash (res=16).
INFO: found  7035 nlabel points
Performing mapping from target back to the source label 134473
Number of reverse mapping hits = 485
Checking for and removing duplicates
Writing label file ./lh.BA6_exvivo.thresh.label 7520
mri_label2label: Done


 mri_label2label --srcsubject fsaverage --srclabel /out/sourcedata/freesurfer/fsaverage/label/lh.BA44_exvivo.thresh.label --trgsubject sub-v1s16x0051181_ses-1 --trglabel ./lh.BA44_exvivo.thresh.label --hemi lh --regmethod surface 


srclabel = /out/sourcedata/freesurfer/fsaverage/label/lh.BA44_exvivo.thresh.label
srcsubject = fsaverage
trgsubject = sub-v1s16x0051181_ses-1
trglabel = ./lh.BA44_exvivo.thresh.label
regmethod = surface

srchemi = lh
trghemi = lh
trgsurface = white
srcsurfreg = sphere.reg
trgsurfreg = sphere.reg
usehash = 1
Use ProjAbs  = 0, 0
Use ProjFrac = 0, 0
DoPaint 0

SUBJECTS_DIR    /out/sourcedata/freesurfer
FREESURFER_HOME /opt/freesurfer
Loading source label.
Found 1912 points in source label.
Starting surface-based mapping
Reading source registration 
 /out/sourcedata/freesurfer/fsaverage/surf/lh.sphere.reg
Rescaling ...  original radius = 100
Reading target surface 
 /out/sourcedata/freesurfer/sub-v1s16x0051181_ses-1/surf/lh.white
Reading target registration 
 /out/sourcedata/freesurfer/sub-v1s16x0051181_ses-1/surf/lh.sphere.reg
Rescaling ...  original radius = 100
Building target registration hash (res=16).
Building source registration hash (res=16).
INFO: found  1912 nlabel points
Performing mapping from target back to the source label 134473
Number of reverse mapping hits = 77
Checking for and removing duplicates
Writing label file ./lh.BA44_exvivo.thresh.label 1989
mri_label2label: Done


 mri_label2label --srcsubject fsaverage --srclabel /out/sourcedata/freesurfer/fsaverage/label/lh.BA45_exvivo.thresh.label --trgsubject sub-v1s16x0051181_ses-1 --trglabel ./lh.BA45_exvivo.thresh.label --hemi lh --regmethod surface 


srclabel = /out/sourcedata/freesurfer/fsaverage/label/lh.BA45_exvivo.thresh.label
srcsubject = fsaverage
trgsubject = sub-v1s16x0051181_ses-1
trglabel = ./lh.BA45_exvivo.thresh.label
regmethod = surface

srchemi = lh
trghemi = lh
trgsurface = white
srcsurfreg = sphere.reg
trgsurfreg = sphere.reg
usehash = 1
Use ProjAbs  = 0, 0
Use ProjFrac = 0, 0
DoPaint 0

SUBJECTS_DIR    /out/sourcedata/freesurfer
FREESURFER_HOME /opt/freesurfer
Loading source label.
Found 1151 points in source label.
Starting surface-based mapping
Reading source registration 
 /out/sourcedata/freesurfer/fsaverage/surf/lh.sphere.reg
Rescaling ...  original radius = 100
Reading target surface 
 /out/sourcedata/freesurfer/sub-v1s16x0051181_ses-1/surf/lh.white
Reading target registration 
 /out/sourcedata/freesurfer/sub-v1s16x0051181_ses-1/surf/lh.sphere.reg
Rescaling ...  original radius = 100
Building target registration hash (res=16).
Building source registration hash (res=16).
INFO: found  1151 nlabel points
Performing mapping from target back to the source label 134473
Number of reverse mapping hits = 326
Checking for and removing duplicates
Writing label file ./lh.BA45_exvivo.thresh.label 1477
mri_label2label: Done


 mri_label2label --srcsubject fsaverage --srclabel /out/sourcedata/freesurfer/fsaverage/label/lh.V1_exvivo.thresh.label --trgsubject sub-v1s16x0051181_ses-1 --trglabel ./lh.V1_exvivo.thresh.label --hemi lh --regmethod surface 


srclabel = /out/sourcedata/freesurfer/fsaverage/label/lh.V1_exvivo.thresh.label
srcsubject = fsaverage
trgsubject = sub-v1s16x0051181_ses-1
trglabel = ./lh.V1_exvivo.thresh.label
regmethod = surface

srchemi = lh
trghemi = lh
trgsurface = white
srcsurfreg = sphere.reg
trgsurfreg = sphere.reg
usehash = 1
Use ProjAbs  = 0, 0
Use ProjFrac = 0, 0
DoPaint 0

SUBJECTS_DIR    /out/sourcedata/freesurfer
FREESURFER_HOME /opt/freesurfer
Loading source label.
Found 3405 points in source label.
Starting surface-based mapping
Reading source registration 
 /out/sourcedata/freesurfer/fsaverage/surf/lh.sphere.reg
Rescaling ...  original radius = 100
Reading target surface 
 /out/sourcedata/freesurfer/sub-v1s16x0051181_ses-1/surf/lh.white
Reading target registration 
 /out/sourcedata/freesurfer/sub-v1s16x0051181_ses-1/surf/lh.sphere.reg
Rescaling ...  original radius = 100
Building target registration hash (res=16).
Building source registration hash (res=16).
INFO: found  3405 nlabel points
Performing mapping from target back to the source label 134473
Number of reverse mapping hits = 1094
Checking for and removing duplicates
Writing label file ./lh.V1_exvivo.thresh.label 4499
mri_label2label: Done


 mri_label2label --srcsubject fsaverage --srclabel /out/sourcedata/freesurfer/fsaverage/label/lh.V2_exvivo.thresh.label --trgsubject sub-v1s16x0051181_ses-1 --trglabel ./lh.V2_exvivo.thresh.label --hemi lh --regmethod surface 


srclabel = /out/sourcedata/freesurfer/fsaverage/label/lh.V2_exvivo.thresh.label
srcsubject = fsaverage
trgsubject = sub-v1s16x0051181_ses-1
trglabel = ./lh.V2_exvivo.thresh.label
regmethod = surface

srchemi = lh
trghemi = lh
trgsurface = white
srcsurfreg = sphere.reg
trgsurfreg = sphere.reg
usehash = 1
Use ProjAbs  = 0, 0
Use ProjFrac = 0, 0
DoPaint 0

SUBJECTS_DIR    /out/sourcedata/freesurfer
FREESURFER_HOME /opt/freesurfer
Loading source label.
Found 3334 points in source label.
Starting surface-based mapping
Reading source registration 
 /out/sourcedata/freesurfer/fsaverage/surf/lh.sphere.reg
Rescaling ...  original radius = 100
Reading target surface 
 /out/sourcedata/freesurfer/sub-v1s16x0051181_ses-1/surf/lh.white
Reading target registration 
 /out/sourcedata/freesurfer/sub-v1s16x0051181_ses-1/surf/lh.sphere.reg
Rescaling ...  original radius = 100
Building target registration hash (res=16).
Building source registration hash (res=16).
INFO: found  3334 nlabel points
Performing mapping from target back to the source label 134473
Number of reverse mapping hits = 1202
Checking for and removing duplicates
Writing label file ./lh.V2_exvivo.thresh.label 4536
mri_label2label: Done


 mri_label2label --srcsubject fsaverage --srclabel /out/sourcedata/freesurfer/fsaverage/label/lh.MT_exvivo.thresh.label --trgsubject sub-v1s16x0051181_ses-1 --trglabel ./lh.MT_exvivo.thresh.label --hemi lh --regmethod surface 


srclabel = /out/sourcedata/freesurfer/fsaverage/label/lh.MT_exvivo.thresh.label
srcsubject = fsaverage
trgsubject = sub-v1s16x0051181_ses-1
trglabel = ./lh.MT_exvivo.thresh.label
regmethod = surface

srchemi = lh
trghemi = lh
trgsurface = white
srcsurfreg = sphere.reg
trgsurfreg = sphere.reg
usehash = 1
Use ProjAbs  = 0, 0
Use ProjFrac = 0, 0
DoPaint 0

SUBJECTS_DIR    /out/sourcedata/freesurfer
FREESURFER_HOME /opt/freesurfer
Loading source label.
Found 513 points in source label.
Starting surface-based mapping
Reading source registration 
 /out/sourcedata/freesurfer/fsaverage/surf/lh.sphere.reg
Rescaling ...  original radius = 100
Reading target surface 
 /out/sourcedata/freesurfer/sub-v1s16x0051181_ses-1/surf/lh.white
Reading target registration 
 /out/sourcedata/freesurfer/sub-v1s16x0051181_ses-1/surf/lh.sphere.reg
Rescaling ...  original radius = 100
Building target registration hash (res=16).
Building source registration hash (res=16).
INFO: found  513 nlabel points
Performing mapping from target back to the source label 134473
Number of reverse mapping hits = 62
Checking for and removing duplicates
Writing label file ./lh.MT_exvivo.thresh.label 575
mri_label2label: Done


 mri_label2label --srcsubject fsaverage --srclabel /out/sourcedata/freesurfer/fsaverage/label/lh.entorhinal_exvivo.thresh.label --trgsubject sub-v1s16x0051181_ses-1 --trglabel ./lh.entorhinal_exvivo.thresh.label --hemi lh --regmethod surface 


srclabel = /out/sourcedata/freesurfer/fsaverage/label/lh.entorhinal_exvivo.thresh.label
srcsubject = fsaverage
trgsubject = sub-v1s16x0051181_ses-1
trglabel = ./lh.entorhinal_exvivo.thresh.label
regmethod = surface

srchemi = lh
trghemi = lh
trgsurface = white
srcsurfreg = sphere.reg
trgsurfreg = sphere.reg
usehash = 1
Use ProjAbs  = 0, 0
Use ProjFrac = 0, 0
DoPaint 0

SUBJECTS_DIR    /out/sourcedata/freesurfer
FREESURFER_HOME /opt/freesurfer
Loading source label.
Found 470 points in source label.
Starting surface-based mapping
Reading source registration 
 /out/sourcedata/freesurfer/fsaverage/surf/lh.sphere.reg
Rescaling ...  original radius = 100
Reading target surface 
 /out/sourcedata/freesurfer/sub-v1s16x0051181_ses-1/surf/lh.white
Reading target registration 
 /out/sourcedata/freesurfer/sub-v1s16x0051181_ses-1/surf/lh.sphere.reg
Rescaling ...  original radius = 100
Building target registration hash (res=16).
Building source registration hash (res=16).
INFO: found  470 nlabel points
Performing mapping from target back to the source label 134473
Number of reverse mapping hits = 25
Checking for and removing duplicates
Writing label file ./lh.entorhinal_exvivo.thresh.label 495
mri_label2label: Done


 mri_label2label --srcsubject fsaverage --srclabel /out/sourcedata/freesurfer/fsaverage/label/lh.perirhinal_exvivo.thresh.label --trgsubject sub-v1s16x0051181_ses-1 --trglabel ./lh.perirhinal_exvivo.thresh.label --hemi lh --regmethod surface 


srclabel = /out/sourcedata/freesurfer/fsaverage/label/lh.perirhinal_exvivo.thresh.label
srcsubject = fsaverage
trgsubject = sub-v1s16x0051181_ses-1
trglabel = ./lh.perirhinal_exvivo.thresh.label
regmethod = surface

srchemi = lh
trghemi = lh
trgsurface = white
srcsurfreg = sphere.reg
trgsurfreg = sphere.reg
usehash = 1
Use ProjAbs  = 0, 0
Use ProjFrac = 0, 0
DoPaint 0

SUBJECTS_DIR    /out/sourcedata/freesurfer
FREESURFER_HOME /opt/freesurfer
Loading source label.
Found 450 points in source label.
Starting surface-based mapping
Reading source registration 
 /out/sourcedata/freesurfer/fsaverage/surf/lh.sphere.reg
Rescaling ...  original radius = 100
Reading target surface 
 /out/sourcedata/freesurfer/sub-v1s16x0051181_ses-1/surf/lh.white
Reading target registration 
 /out/sourcedata/freesurfer/sub-v1s16x0051181_ses-1/surf/lh.sphere.reg
Rescaling ...  original radius = 100
Building target registration hash (res=16).
Building source registration hash (res=16).
INFO: found  450 nlabel points
Performing mapping from target back to the source label 134473
Number of reverse mapping hits = 13
Checking for and removing duplicates
Writing label file ./lh.perirhinal_exvivo.thresh.label 463
mri_label2label: Done


 mris_label2annot --s sub-v1s16x0051181_ses-1 --hemi lh --ctab /opt/freesurfer/average/colortable_BA.txt --l lh.BA1_exvivo.label --l lh.BA2_exvivo.label --l lh.BA3a_exvivo.label --l lh.BA3b_exvivo.label --l lh.BA4a_exvivo.label --l lh.BA4p_exvivo.label --l lh.BA6_exvivo.label --l lh.BA44_exvivo.label --l lh.BA45_exvivo.label --l lh.V1_exvivo.label --l lh.V2_exvivo.label --l lh.MT_exvivo.label --l lh.perirhinal_exvivo.label --l lh.entorhinal_exvivo.label --a BA_exvivo --maxstatwinner --noverbose 

Reading ctab /opt/freesurfer/average/colortable_BA.txt
Number of ctab entries 15

7.3.2
cwd /out/sourcedata/freesurfer/sub-v1s16x0051181_ses-1/label
cmdline mris_label2annot --s sub-v1s16x0051181_ses-1 --hemi lh --ctab /opt/freesurfer/average/colortable_BA.txt --l lh.BA1_exvivo.label --l lh.BA2_exvivo.label --l lh.BA3a_exvivo.label --l lh.BA3b_exvivo.label --l lh.BA4a_exvivo.label --l lh.BA4p_exvivo.label --l lh.BA6_exvivo.label --l lh.BA44_exvivo.label --l lh.BA45_exvivo.label --l lh.V1_exvivo.label --l lh.V2_exvivo.label --l lh.MT_exvivo.label --l lh.perirhinal_exvivo.label --l lh.entorhinal_exvivo.label --a BA_exvivo --maxstatwinner --noverbose 
sysname  Linux
hostname dna075
machine  x86_64
user     oesteban

subject sub-v1s16x0051181_ses-1
hemi    lh
SUBJECTS_DIR /out/sourcedata/freesurfer
ColorTable /opt/freesurfer/average/colortable_BA.txt
AnnotName  BA_exvivo
nlables 14
LabelThresh 0 0.000000
Loading /out/sourcedata/freesurfer/sub-v1s16x0051181_ses-1/surf/lh.orig
 1 1530880 BA1_exvivo
 2 16749699 BA2_exvivo
 3 16711680 BA3a_exvivo
 4 3368703 BA3b_exvivo
 5 1376196 BA4a_exvivo
 6 13382655 BA4p_exvivo
 7 10036737 BA6_exvivo
 8 2490521 BA44_exvivo
 9 39283 BA45_exvivo
10 3993 V1_exvivo
11 8508928 V2_exvivo
12 10027163 MT_exvivo
13 16422433 perirhinal_exvivo
14 16392598 entorhinal_exvivo
Mapping unhit to unknown
Found 93402 unhit vertices
Writing annot to /out/sourcedata/freesurfer/sub-v1s16x0051181_ses-1/label/lh.BA_exvivo.annot

 mris_label2annot --s sub-v1s16x0051181_ses-1 --hemi lh --ctab /opt/freesurfer/average/colortable_BA.txt --l lh.BA1_exvivo.thresh.label --l lh.BA2_exvivo.thresh.label --l lh.BA3a_exvivo.thresh.label --l lh.BA3b_exvivo.thresh.label --l lh.BA4a_exvivo.thresh.label --l lh.BA4p_exvivo.thresh.label --l lh.BA6_exvivo.thresh.label --l lh.BA44_exvivo.thresh.label --l lh.BA45_exvivo.thresh.label --l lh.V1_exvivo.thresh.label --l lh.V2_exvivo.thresh.label --l lh.MT_exvivo.thresh.label --l lh.perirhinal_exvivo.thresh.label --l lh.entorhinal_exvivo.thresh.label --a BA_exvivo.thresh --maxstatwinner --noverbose 

Reading ctab /opt/freesurfer/average/colortable_BA.txt
Number of ctab entries 15

7.3.2
cwd /out/sourcedata/freesurfer/sub-v1s16x0051181_ses-1/label
cmdline mris_label2annot --s sub-v1s16x0051181_ses-1 --hemi lh --ctab /opt/freesurfer/average/colortable_BA.txt --l lh.BA1_exvivo.thresh.label --l lh.BA2_exvivo.thresh.label --l lh.BA3a_exvivo.thresh.label --l lh.BA3b_exvivo.thresh.label --l lh.BA4a_exvivo.thresh.label --l lh.BA4p_exvivo.thresh.label --l lh.BA6_exvivo.thresh.label --l lh.BA44_exvivo.thresh.label --l lh.BA45_exvivo.thresh.label --l lh.V1_exvivo.thresh.label --l lh.V2_exvivo.thresh.label --l lh.MT_exvivo.thresh.label --l lh.perirhinal_exvivo.thresh.label --l lh.entorhinal_exvivo.thresh.label --a BA_exvivo.thresh --maxstatwinner --noverbose 
sysname  Linux
hostname dna075
machine  x86_64
user     oesteban

subject sub-v1s16x0051181_ses-1
hemi    lh
SUBJECTS_DIR /out/sourcedata/freesurfer
ColorTable /opt/freesurfer/average/colortable_BA.txt
AnnotName  BA_exvivo.thresh
nlables 14
LabelThresh 0 0.000000
Loading /out/sourcedata/freesurfer/sub-v1s16x0051181_ses-1/surf/lh.orig
 1 1530880 BA1_exvivo
 2 16749699 BA2_exvivo
 3 16711680 BA3a_exvivo
 4 3368703 BA3b_exvivo
 5 1376196 BA4a_exvivo
 6 13382655 BA4p_exvivo
 7 10036737 BA6_exvivo
 8 2490521 BA44_exvivo
 9 39283 BA45_exvivo
10 3993 V1_exvivo
11 8508928 V2_exvivo
12 10027163 MT_exvivo
13 16422433 perirhinal_exvivo
14 16392598 entorhinal_exvivo
Mapping unhit to unknown
Found 110214 unhit vertices
Writing annot to /out/sourcedata/freesurfer/sub-v1s16x0051181_ses-1/label/lh.BA_exvivo.thresh.annot

 mris_anatomical_stats -th3 -mgz -noglobal -f ../stats/lh.BA_exvivo.stats -b -a ./lh.BA_exvivo.annot -c ./BA_exvivo.ctab sub-v1s16x0051181_ses-1 lh white 

computing statistics for each annotation in ./lh.BA_exvivo.annot.
reading volume /out/sourcedata/freesurfer/sub-v1s16x0051181_ses-1/mri/wm.mgz...
reading input surface /out/sourcedata/freesurfer/sub-v1s16x0051181_ses-1/surf/lh.white...
reading input pial surface /out/sourcedata/freesurfer/sub-v1s16x0051181_ses-1/surf/lh.pial...
reading input white surface /out/sourcedata/freesurfer/sub-v1s16x0051181_ses-1/surf/lh.white...
INFO: using TH3 volume calc
INFO: assuming MGZ format for volumes.
INFO: not computing global stats
Using TH3 vertex volume calc
Total face volume 294918
Total vertex volume 294717 (mask=0)
Saving annotation colortable ./BA_exvivo.ctab

table columns are:
    number of vertices
    total surface area (mm^2)
    total gray matter volume (mm^3)
    average cortical thickness +- standard deviation (mm)
    integrated rectified mean curvature
    integrated rectified Gaussian curvature
    folding index
    intrinsic curvature index
    structure name

 1128    843   2287  2.106 0.661     0.144     0.040       19     1.5  BA1_exvivo
 3255   2410   6027  2.411 0.711     0.128     0.029       41     4.0  BA2_exvivo
  944    596    885  2.120 0.504     0.130     0.031        8     1.1  BA3a_exvivo
 2281   1623   3398  1.825 0.530     0.124     0.029       33     3.1  BA3b_exvivo
 1743   1120   3443  2.698 0.667     0.115     0.031       17     2.2  BA4a_exvivo
 1076    718   1772  2.624 0.495     0.092     0.018        5     0.9  BA4p_exvivo
 9585   6763  24808  3.005 0.788     0.120     0.029      113    11.1  BA6_exvivo
 2199   1646   4807  2.653 0.574     0.113     0.024       25     2.0  BA44_exvivo
 3278   2541   8797  2.842 0.693     0.127     0.031       37     4.2  BA45_exvivo
 3848   2910   5265  1.773 0.730     0.147     0.040       49     6.6  V1_exvivo
 8629   6397  17154  2.423 0.748     0.142     0.037      108    12.7  V2_exvivo
 1941   1483   4918  2.720 0.715     0.134     0.031       26     2.7  MT_exvivo
  593    419   1276  2.781 0.688     0.107     0.033        5     0.7  perirhinal_exvivo
  571    420   1718  2.765 1.020     0.128     0.042        7     1.1  entorhinal_exvivo

 mris_anatomical_stats -th3 -mgz -f ../stats/lh.BA_exvivo.thresh.stats -noglobal -b -a ./lh.BA_exvivo.thresh.annot -c ./BA_exvivo.thresh.ctab sub-v1s16x0051181_ses-1 lh white 

computing statistics for each annotation in ./lh.BA_exvivo.thresh.annot.
reading volume /out/sourcedata/freesurfer/sub-v1s16x0051181_ses-1/mri/wm.mgz...
reading input surface /out/sourcedata/freesurfer/sub-v1s16x0051181_ses-1/surf/lh.white...
reading input pial surface /out/sourcedata/freesurfer/sub-v1s16x0051181_ses-1/surf/lh.pial...
reading input white surface /out/sourcedata/freesurfer/sub-v1s16x0051181_ses-1/surf/lh.white...
INFO: using TH3 volume calc
INFO: assuming MGZ format for volumes.
INFO: not computing global stats
Using TH3 vertex volume calc
Total face volume 294918
Total vertex volume 294717 (mask=0)
Saving annotation colortable ./BA_exvivo.thresh.ctab

table columns are:
    number of vertices
    total surface area (mm^2)
    total gray matter volume (mm^3)
    average cortical thickness +- standard deviation (mm)
    integrated rectified mean curvature
    integrated rectified Gaussian curvature
    folding index
    intrinsic curvature index
    structure name

  753    561   1576  2.055 0.679     0.172     0.049       20     1.3  BA1_exvivo
 1249    932   2264  2.308 0.830     0.138     0.034       17     1.7  BA2_exvivo
  803    507    721  2.089 0.510     0.131     0.030        7     0.9  BA3a_exvivo
 1316    917   1634  1.651 0.396     0.098     0.017        8     1.0  BA3b_exvivo
 1574   1011   2810  2.559 0.580     0.108     0.026       13     1.8  BA4a_exvivo
  883    586   1363  2.539 0.522     0.093     0.020        5     0.8  BA4p_exvivo
 5363   3793  13071  2.881 0.770     0.127     0.035       74     7.5  BA6_exvivo
 1469   1116   3152  2.537 0.573     0.114     0.024       18     1.4  BA44_exvivo
 1376   1133   4394  2.852 0.707     0.138     0.035       20     1.9  BA45_exvivo
 4065   3111   5735  1.766 0.704     0.147     0.040       51     6.8  V1_exvivo
 4300   3261   7823  2.256 0.744     0.150     0.038       54     6.9  V2_exvivo
  495    369   1392  2.947 0.596     0.135     0.037        5     0.8  MT_exvivo
  247    167    474  2.651 0.668     0.081     0.021        1     0.3  perirhinal_exvivo
  366    258   1217  3.133 0.697     0.097     0.020        3     0.3  entorhinal_exvivo

Started at Mon Mar 9 01:17:08 CET 2026 
Ended   at Mon Mar 9 01:19:19 CET 2026
#@#%# recon-all-run-time-hours 0.036
recon-all -s sub-v1s16x0051181_ses-1 finished without error at Mon Mar  9 01:19:19 CET 2026
