
Sun Mar  8 23:21:47 CET 2026
cd /out/sourcedata/freesurfer/sub-v1s16x0051181_ses-1
setenv SUBJECTS_DIR /out/sourcedata/freesurfer
/opt/freesurfer/bin/recon-all -autorecon1 -i /work/fmriprep_25_2_wf/sub_v1s16x0051181_ses_1_wf/anat_fit_wf/anat_validate/sub-v1s16x0051181_ses-1_T1w_noise_corrected_ras_valid.nii.gz -noskullstrip -noT2pial -noFLAIRpial -openmp 16 -subjid sub-v1s16x0051181_ses-1 -sd /out/sourcedata/freesurfer

subjid sub-v1s16x0051181_ses-1
setenv SUBJECTS_DIR /out/sourcedata/freesurfer
FREESURFER_HOME /opt/freesurfer
Actual FREESURFER_HOME /opt/freesurfer
build-stamp.txt: freesurfer-linux-ubuntu22_x86_64-7.3.2-20220804-6354275
Linux dna075 5.14.0-427.37.1.el9_4.x86_64 #1 SMP PREEMPT_DYNAMIC Fri Sep 13 12:41:50 EDT 2024 x86_64 x86_64 x86_64 GNU/Linux
cputime      unlimited
filesize     unlimited
datasize     unlimited
stacksize    8192 kbytes
coredumpsize 0 kbytes
memoryuse    67108864 kbytes
vmemoryuse   unlimited
descriptors  1024 
memorylocked unlimited
maxproc      2061970 
maxlocks     unlimited
maxsignal    2062029 
maxmessage   819200 
maxnice      0 
maxrtprio    0 
maxrttime    unlimited

               total        used        free      shared  buff/cache   available
Mem:           503Gi        41Gi       403Gi        10Gi        58Gi       448Gi
Swap:             0B          0B          0B

########################################
program versions used
7.3.2 (freesurfer-linux-ubuntu22_x86_64-7.3.2-20220804-6354275)
7.3.2

ProgramName: lta_convert  ProgramArguments: lta_convert -all-info  ProgramVersion: 7.3.2  TimeStamp: 2026/03/08-22:21:47-GMT  BuildTime: Aug  4 2022 06:17:15  BuildStamp: freesurfer-linux-ubuntu22_x86_64-7.3.2-20220804-6354275  User: oesteban  Machine: dna075  Platform: Linux  PlatformVersion: 5.14.0-427.37.1.el9_4.x86_64  CompilerName: GCC  CompilerVersion: 8.4.0
ProgramName: mri_and  ProgramArguments: mri_and -all-info  ProgramVersion: 7.3.2  TimeStamp: 2026/03/08-22:21:47-GMT  BuildTime: Aug  4 2022 06:17:15  BuildStamp: freesurfer-linux-ubuntu22_x86_64-7.3.2-20220804-6354275  User: oesteban  Machine: dna075  Platform: Linux  PlatformVersion: 5.14.0-427.37.1.el9_4.x86_64  CompilerName: GCC  CompilerVersion: 8.4.0
ProgramName: mri_annotation2label  ProgramArguments: mri_annotation2label -all-info  ProgramVersion: 7.3.2  TimeStamp: 2026/03/08-22:21:47-GMT  BuildTime: Aug  4 2022 06:17:15  BuildStamp: freesurfer-linux-ubuntu22_x86_64-7.3.2-20220804-6354275  User: oesteban  Machine: dna075  Platform: Linux  PlatformVersion: 5.14.0-427.37.1.el9_4.x86_64  CompilerName: GCC  CompilerVersion: 8.4.0
ProgramName: mri_aparc2aseg  ProgramArguments: mri_aparc2aseg -all-info  ProgramVersion: 7.3.2  TimeStamp: 2026/03/08-22:21:47-GMT  BuildTime: Aug  4 2022 06:17:15  BuildStamp: freesurfer-linux-ubuntu22_x86_64-7.3.2-20220804-6354275  User: oesteban  Machine: dna075  Platform: Linux  PlatformVersion: 5.14.0-427.37.1.el9_4.x86_64  CompilerName: GCC  CompilerVersion: 8.4.0
ProgramName: mri_surf2volseg  ProgramArguments: mri_surf2volseg -all-info  ProgramVersion: 7.3.2  TimeStamp: 2026/03/08-22:21:47-GMT  BuildTime: Aug  4 2022 06:17:15  BuildStamp: freesurfer-linux-ubuntu22_x86_64-7.3.2-20220804-6354275  User: oesteban  Machine: dna075  Platform: Linux  PlatformVersion: 5.14.0-427.37.1.el9_4.x86_64  CompilerName: GCC  CompilerVersion: 8.4.0
ProgramName: mri_binarize  ProgramArguments: mri_binarize -all-info  ProgramVersion: 7.3.2  TimeStamp: 2026/03/08-22:21:47-GMT  BuildTime: Aug  4 2022 06:17:15  BuildStamp: freesurfer-linux-ubuntu22_x86_64-7.3.2-20220804-6354275  User: oesteban  Machine: dna075  Platform: Linux  PlatformVersion: 5.14.0-427.37.1.el9_4.x86_64  CompilerName: GCC  CompilerVersion: 8.4.0
ProgramName: mri_ca_label  ProgramArguments: mri_ca_label -all-info  ProgramVersion: 7.3.2  TimeStamp: 2026/03/08-22:21:47-GMT  BuildTime: Aug  4 2022 06:17:15  BuildStamp: freesurfer-linux-ubuntu22_x86_64-7.3.2-20220804-6354275  User: oesteban  Machine: dna075  Platform: Linux  PlatformVersion: 5.14.0-427.37.1.el9_4.x86_64  CompilerName: GCC  CompilerVersion: 8.4.0
ProgramName: mri_ca_normalize  ProgramArguments: mri_ca_normalize -all-info  ProgramVersion: 7.3.2  TimeStamp: 2026/03/08-22:21:47-GMT  BuildTime: Aug  4 2022 06:17:15  BuildStamp: freesurfer-linux-ubuntu22_x86_64-7.3.2-20220804-6354275  User: oesteban  Machine: dna075  Platform: Linux  PlatformVersion: 5.14.0-427.37.1.el9_4.x86_64  CompilerName: GCC  CompilerVersion: 8.4.0
ProgramName: mri_ca_register  ProgramArguments: mri_ca_register -all-info  ProgramVersion: 7.3.2  TimeStamp: 2026/03/08-22:21:47-GMT  BuildTime: Aug  4 2022 06:17:15  BuildStamp: freesurfer-linux-ubuntu22_x86_64-7.3.2-20220804-6354275  User: oesteban  Machine: dna075  Platform: Linux  PlatformVersion: 5.14.0-427.37.1.el9_4.x86_64  CompilerName: GCC  CompilerVersion: 8.4.0
ProgramName: mri_cc  ProgramArguments: mri_cc -all-info  ProgramVersion: 7.3.2  TimeStamp: 2026/03/08-22:21:47-GMT  BuildTime: Aug  4 2022 06:17:15  BuildStamp: freesurfer-linux-ubuntu22_x86_64-7.3.2-20220804-6354275  User: oesteban  Machine: dna075  Platform: Linux  PlatformVersion: 5.14.0-427.37.1.el9_4.x86_64  CompilerName: GCC  CompilerVersion: 8.4.0
ProgramName: mri_compute_overlap  ProgramArguments: mri_compute_overlap -all-info  ProgramVersion: 7.3.2  TimeStamp: 2026/03/08-22:21:47-GMT  BuildTime: Aug  4 2022 06:17:15  BuildStamp: freesurfer-linux-ubuntu22_x86_64-7.3.2-20220804-6354275  User: oesteban  Machine: dna075  Platform: Linux  PlatformVersion: 5.14.0-427.37.1.el9_4.x86_64  CompilerName: GCC  CompilerVersion: 8.4.0
ProgramName: mri_compute_seg_overlap  ProgramArguments: mri_compute_seg_overlap -all-info  ProgramVersion: 7.3.2  TimeStamp: 2026/03/08-22:21:47-GMT  BuildTime: Aug  4 2022 06:17:15  BuildStamp: freesurfer-linux-ubuntu22_x86_64-7.3.2-20220804-6354275  User: oesteban  Machine: dna075  Platform: Linux  PlatformVersion: 5.14.0-427.37.1.el9_4.x86_64  CompilerName: GCC  CompilerVersion: 8.4.0
ProgramName: mri_concat  ProgramArguments: mri_concat -all-info  ProgramVersion: 7.3.2  TimeStamp: 2026/03/08-22:21:47-GMT  BuildTime: Aug  4 2022 06:17:15  BuildStamp: freesurfer-linux-ubuntu22_x86_64-7.3.2-20220804-6354275  User: oesteban  Machine: dna075  Platform: Linux  PlatformVersion: 5.14.0-427.37.1.el9_4.x86_64  CompilerName: GCC  CompilerVersion: 8.4.0
ProgramName: mri_concatenate_lta  ProgramArguments: mri_concatenate_lta -all-info  ProgramVersion: 7.3.2  TimeStamp: 2026/03/08-22:21:47-GMT  BuildTime: Aug  4 2022 06:17:15  BuildStamp: freesurfer-linux-ubuntu22_x86_64-7.3.2-20220804-6354275  User: oesteban  Machine: dna075  Platform: Linux  PlatformVersion: 5.14.0-427.37.1.el9_4.x86_64  CompilerName: GCC  CompilerVersion: 8.4.0
mri_convert -all-info 
ProgramName: mri_convert  ProgramArguments: mri_convert -all-info  ProgramVersion: 7.3.2  TimeStamp: 2026/03/08-22:21:47-GMT  BuildTime: Aug  4 2022 06:17:15  BuildStamp: freesurfer-linux-ubuntu22_x86_64-7.3.2-20220804-6354275  User: oesteban  Machine: dna075  Platform: Linux  PlatformVersion: 5.14.0-427.37.1.el9_4.x86_64  CompilerName: GCC  CompilerVersion: 8.4.0
ProgramName: mri_diff  ProgramArguments: mri_diff -all-info  ProgramVersion: 7.3.2  TimeStamp: 2026/03/08-22:21:47-GMT  BuildTime: Aug  4 2022 06:17:15  BuildStamp: freesurfer-linux-ubuntu22_x86_64-7.3.2-20220804-6354275  User: oesteban  Machine: dna075  Platform: Linux  PlatformVersion: 5.14.0-427.37.1.el9_4.x86_64  CompilerName: GCC  CompilerVersion: 8.4.0
ProgramName: mri_edit_wm_with_aseg  ProgramArguments: mri_edit_wm_with_aseg -all-info  ProgramVersion: 7.3.2  TimeStamp: 2026/03/08-22:21:47-GMT  BuildTime: Aug  4 2022 06:17:15  BuildStamp: freesurfer-linux-ubuntu22_x86_64-7.3.2-20220804-6354275  User: oesteban  Machine: dna075  Platform: Linux  PlatformVersion: 5.14.0-427.37.1.el9_4.x86_64  CompilerName: GCC  CompilerVersion: 8.4.0
ProgramName: mri_em_register  ProgramArguments: mri_em_register -all-info  ProgramVersion: 7.3.2  TimeStamp: 2026/03/08-22:21:47-GMT  BuildTime: Aug  4 2022 06:17:15  BuildStamp: freesurfer-linux-ubuntu22_x86_64-7.3.2-20220804-6354275  User: oesteban  Machine: dna075  Platform: Linux  PlatformVersion: 5.14.0-427.37.1.el9_4.x86_64  CompilerName: GCC  CompilerVersion: 8.4.0
ProgramName: mri_fill  ProgramArguments: mri_fill -all-info  ProgramVersion: 7.3.2  TimeStamp: 2026/03/08-22:21:47-GMT  BuildTime: Aug  4 2022 06:17:15  BuildStamp: freesurfer-linux-ubuntu22_x86_64-7.3.2-20220804-6354275  User: oesteban  Machine: dna075  Platform: Linux  PlatformVersion: 5.14.0-427.37.1.el9_4.x86_64  CompilerName: GCC  CompilerVersion: 8.4.0
ProgramName: mri_fuse_segmentations  ProgramArguments: mri_fuse_segmentations -all-info  ProgramVersion: 7.3.2  TimeStamp: 2026/03/08-22:21:47-GMT  BuildTime: Aug  4 2022 06:17:15  BuildStamp: freesurfer-linux-ubuntu22_x86_64-7.3.2-20220804-6354275  User: oesteban  Machine: dna075  Platform: Linux  PlatformVersion: 5.14.0-427.37.1.el9_4.x86_64  CompilerName: GCC  CompilerVersion: 8.4.0
ProgramName: mri_fwhm  ProgramArguments: mri_fwhm -all-info  ProgramVersion: 7.3.2  TimeStamp: 2026/03/08-22:21:47-GMT  BuildTime: Aug  4 2022 06:17:15  BuildStamp: freesurfer-linux-ubuntu22_x86_64-7.3.2-20220804-6354275  User: oesteban  Machine: dna075  Platform: Linux  PlatformVersion: 5.14.0-427.37.1.el9_4.x86_64  CompilerName: GCC  CompilerVersion: 8.4.0
ProgramName: mri_gcut  ProgramArguments: mri_gcut -all-info  ProgramVersion: 7.3.2  TimeStamp: 2026/03/08-22:21:47-GMT  BuildTime: Aug  4 2022 06:17:15  BuildStamp: freesurfer-linux-ubuntu22_x86_64-7.3.2-20220804-6354275  User: oesteban  Machine: dna075  Platform: Linux  PlatformVersion: 5.14.0-427.37.1.el9_4.x86_64  CompilerName: GCC  CompilerVersion: 8.4.0
ProgramName: mri_info  ProgramArguments: mri_info -all-info  ProgramVersion: 7.3.2  TimeStamp: 2026/03/08-22:21:47-GMT  BuildTime: Aug  4 2022 06:17:15  BuildStamp: freesurfer-linux-ubuntu22_x86_64-7.3.2-20220804-6354275  User: oesteban  Machine: dna075  Platform: Linux  PlatformVersion: 5.14.0-427.37.1.el9_4.x86_64  CompilerName: GCC  CompilerVersion: 8.4.0
ProgramName: mri_label2label  ProgramArguments: mri_label2label -all-info  ProgramVersion: 7.3.2  TimeStamp: 2026/03/08-22:21:47-GMT  BuildTime: Aug  4 2022 06:17:15  BuildStamp: freesurfer-linux-ubuntu22_x86_64-7.3.2-20220804-6354275  User: oesteban  Machine: dna075  Platform: Linux  PlatformVersion: 5.14.0-427.37.1.el9_4.x86_64  CompilerName: GCC  CompilerVersion: 8.4.0
ProgramName: mri_label2vol  ProgramArguments: mri_label2vol -all-info  ProgramVersion: 7.3.2  TimeStamp: 2026/03/08-22:21:47-GMT  BuildTime: Aug  4 2022 06:17:15  BuildStamp: freesurfer-linux-ubuntu22_x86_64-7.3.2-20220804-6354275  User: oesteban  Machine: dna075  Platform: Linux  PlatformVersion: 5.14.0-427.37.1.el9_4.x86_64  CompilerName: GCC  CompilerVersion: 8.4.0
ProgramName: mri_log_likelihood  ProgramArguments: mri_log_likelihood -all-info  ProgramVersion: 7.3.2  TimeStamp: 2026/03/08-22:21:47-GMT  BuildTime: Aug  4 2022 06:17:15  BuildStamp: freesurfer-linux-ubuntu22_x86_64-7.3.2-20220804-6354275  User: oesteban  Machine: dna075  Platform: Linux  PlatformVersion: 5.14.0-427.37.1.el9_4.x86_64  CompilerName: GCC  CompilerVersion: 8.4.0
ProgramName: mri_mask  ProgramArguments: mri_mask -all-info  ProgramVersion: 7.3.2  TimeStamp: 2026/03/08-22:21:47-GMT  BuildTime: Aug  4 2022 06:17:15  BuildStamp: freesurfer-linux-ubuntu22_x86_64-7.3.2-20220804-6354275  User: oesteban  Machine: dna075  Platform: Linux  PlatformVersion: 5.14.0-427.37.1.el9_4.x86_64  CompilerName: GCC  CompilerVersion: 8.4.0
ProgramName: mri_matrix_multiply  ProgramArguments: mri_matrix_multiply -all-info  ProgramVersion: 7.3.2  TimeStamp: 2026/03/08-22:21:47-GMT  BuildTime: Aug  4 2022 06:17:15  BuildStamp: freesurfer-linux-ubuntu22_x86_64-7.3.2-20220804-6354275  User: oesteban  Machine: dna075  Platform: Linux  PlatformVersion: 5.14.0-427.37.1.el9_4.x86_64  CompilerName: GCC  CompilerVersion: 8.4.0
ProgramName: mri_normalize  ProgramArguments: mri_normalize -all-info  ProgramVersion: 7.3.2  TimeStamp: 2026/03/08-22:21:47-GMT  BuildTime: Aug  4 2022 06:17:15  BuildStamp: freesurfer-linux-ubuntu22_x86_64-7.3.2-20220804-6354275  User: oesteban  Machine: dna075  Platform: Linux  PlatformVersion: 5.14.0-427.37.1.el9_4.x86_64  CompilerName: GCC  CompilerVersion: 8.4.0
ProgramName: mri_normalize_tp2  ProgramArguments: mri_normalize_tp2 -all-info  ProgramVersion: 7.3.2  TimeStamp: 2026/03/08-22:21:47-GMT  BuildTime: Aug  4 2022 06:17:15  BuildStamp: freesurfer-linux-ubuntu22_x86_64-7.3.2-20220804-6354275  User: oesteban  Machine: dna075  Platform: Linux  PlatformVersion: 5.14.0-427.37.1.el9_4.x86_64  CompilerName: GCC  CompilerVersion: 8.4.0
ProgramName: mri_or  ProgramArguments: mri_or -all-info  ProgramVersion: 7.3.2  TimeStamp: 2026/03/08-22:21:47-GMT  BuildTime: Aug  4 2022 06:17:15  BuildStamp: freesurfer-linux-ubuntu22_x86_64-7.3.2-20220804-6354275  User: oesteban  Machine: dna075  Platform: Linux  PlatformVersion: 5.14.0-427.37.1.el9_4.x86_64  CompilerName: GCC  CompilerVersion: 8.4.0
ProgramName: mri_relabel_hypointensities  ProgramArguments: mri_relabel_hypointensities -all-info  ProgramVersion: 7.3.2  TimeStamp: 2026/03/08-22:21:47-GMT  BuildTime: Aug  4 2022 06:17:15  BuildStamp: freesurfer-linux-ubuntu22_x86_64-7.3.2-20220804-6354275  User: oesteban  Machine: dna075  Platform: Linux  PlatformVersion: 5.14.0-427.37.1.el9_4.x86_64  CompilerName: GCC  CompilerVersion: 8.4.0
ProgramName: mri_relabel_nonwm_hypos  ProgramArguments: mri_relabel_nonwm_hypos -all-info  ProgramVersion: 7.3.2  TimeStamp: 2026/03/08-22:21:47-GMT  BuildTime: Aug  4 2022 06:17:15  BuildStamp: freesurfer-linux-ubuntu22_x86_64-7.3.2-20220804-6354275  User: oesteban  Machine: dna075  Platform: Linux  PlatformVersion: 5.14.0-427.37.1.el9_4.x86_64  CompilerName: GCC  CompilerVersion: 8.4.0
ProgramName: mri_remove_neck  ProgramArguments: mri_remove_neck -all-info  ProgramVersion: 7.3.2  TimeStamp: 2026/03/08-22:21:47-GMT  BuildTime: Aug  4 2022 06:17:15  BuildStamp: freesurfer-linux-ubuntu22_x86_64-7.3.2-20220804-6354275  User: oesteban  Machine: dna075  Platform: Linux  PlatformVersion: 5.14.0-427.37.1.el9_4.x86_64  CompilerName: GCC  CompilerVersion: 8.4.0
7.3.2

ProgramName: mri_robust_register  ProgramArguments: mri_robust_register -all-info  ProgramVersion: 7.3.2  TimeStamp: 2026/03/08-22:21:47-GMT  BuildTime: Aug  4 2022 06:17:15  BuildStamp: freesurfer-linux-ubuntu22_x86_64-7.3.2-20220804-6354275  User: oesteban  Machine: dna075  Platform: Linux  PlatformVersion: 5.14.0-427.37.1.el9_4.x86_64  CompilerName: GCC  CompilerVersion: 8.4.0
7.3.2

ProgramName: mri_robust_template  ProgramArguments: mri_robust_template -all-info  ProgramVersion: 7.3.2  TimeStamp: 2026/03/08-22:21:47-GMT  BuildTime: Aug  4 2022 06:17:15  BuildStamp: freesurfer-linux-ubuntu22_x86_64-7.3.2-20220804-6354275  User: oesteban  Machine: dna075  Platform: Linux  PlatformVersion: 5.14.0-427.37.1.el9_4.x86_64  CompilerName: GCC  CompilerVersion: 8.4.0
ProgramName: mris_anatomical_stats  ProgramArguments: mris_anatomical_stats -all-info  ProgramVersion: 7.3.2  TimeStamp: 2026/03/08-22:21:47-GMT  BuildTime: Aug  4 2022 06:17:15  BuildStamp: freesurfer-linux-ubuntu22_x86_64-7.3.2-20220804-6354275  User: oesteban  Machine: dna075  Platform: Linux  PlatformVersion: 5.14.0-427.37.1.el9_4.x86_64  CompilerName: GCC  CompilerVersion: 8.4.0
ProgramName: mris_ca_label  ProgramArguments: mris_ca_label -all-info  ProgramVersion: 7.3.2  TimeStamp: 2026/03/08-22:21:47-GMT  BuildTime: Aug  4 2022 06:17:15  BuildStamp: freesurfer-linux-ubuntu22_x86_64-7.3.2-20220804-6354275  User: oesteban  Machine: dna075  Platform: Linux  PlatformVersion: 5.14.0-427.37.1.el9_4.x86_64  CompilerName: GCC  CompilerVersion: 8.4.0
ProgramName: mris_calc  ProgramArguments: mris_calc -all-info  ProgramVersion: 7.3.2  TimeStamp: 2026/03/08-22:21:47-GMT  BuildTime: Aug  4 2022 06:17:15  BuildStamp: freesurfer-linux-ubuntu22_x86_64-7.3.2-20220804-6354275  User: oesteban  Machine: dna075  Platform: Linux  PlatformVersion: 5.14.0-427.37.1.el9_4.x86_64  CompilerName: GCC  CompilerVersion: 8.4.0
ProgramName: mris_convert  ProgramArguments: mris_convert -all-info  ProgramVersion: 7.3.2  TimeStamp: 2026/03/08-22:21:47-GMT  BuildTime: Aug  4 2022 06:17:15  BuildStamp: freesurfer-linux-ubuntu22_x86_64-7.3.2-20220804-6354275  User: oesteban  Machine: dna075  Platform: Linux  PlatformVersion: 5.14.0-427.37.1.el9_4.x86_64  CompilerName: GCC  CompilerVersion: 8.4.0
ProgramName: mris_curvature  ProgramArguments: mris_curvature -all-info  ProgramVersion: 7.3.2  TimeStamp: 2026/03/08-22:21:48-GMT  BuildTime: Aug  4 2022 06:17:15  BuildStamp: freesurfer-linux-ubuntu22_x86_64-7.3.2-20220804-6354275  User: oesteban  Machine: dna075  Platform: Linux  PlatformVersion: 5.14.0-427.37.1.el9_4.x86_64  CompilerName: GCC  CompilerVersion: 8.4.0
ProgramName: mris_curvature_stats  ProgramArguments: mris_curvature_stats -all-info  ProgramVersion: 7.3.2  TimeStamp: 2026/03/08-22:21:48-GMT  BuildTime: Aug  4 2022 06:17:15  BuildStamp: freesurfer-linux-ubuntu22_x86_64-7.3.2-20220804-6354275  User: oesteban  Machine: dna075  Platform: Linux  PlatformVersion: 5.14.0-427.37.1.el9_4.x86_64  CompilerName: GCC  CompilerVersion: 8.4.0
ProgramName: mris_diff  ProgramArguments: mris_diff -all-info  ProgramVersion: 7.3.2  TimeStamp: 2026/03/08-22:21:48-GMT  BuildTime: Aug  4 2022 06:17:15  BuildStamp: freesurfer-linux-ubuntu22_x86_64-7.3.2-20220804-6354275  User: oesteban  Machine: dna075  Platform: Linux  PlatformVersion: 5.14.0-427.37.1.el9_4.x86_64  CompilerName: GCC  CompilerVersion: 8.4.0
ProgramName: mris_divide_parcellation  ProgramArguments: mris_divide_parcellation -all-info  ProgramVersion: 7.3.2  TimeStamp: 2026/03/08-22:21:48-GMT  BuildTime: Aug  4 2022 06:17:15  BuildStamp: freesurfer-linux-ubuntu22_x86_64-7.3.2-20220804-6354275  User: oesteban  Machine: dna075  Platform: Linux  PlatformVersion: 5.14.0-427.37.1.el9_4.x86_64  CompilerName: GCC  CompilerVersion: 8.4.0
ProgramName: mri_segment  ProgramArguments: mri_segment -all-info  ProgramVersion: 7.3.2  TimeStamp: 2026/03/08-22:21:48-GMT  BuildTime: Aug  4 2022 06:17:15  BuildStamp: freesurfer-linux-ubuntu22_x86_64-7.3.2-20220804-6354275  User: oesteban  Machine: dna075  Platform: Linux  PlatformVersion: 5.14.0-427.37.1.el9_4.x86_64  CompilerName: GCC  CompilerVersion: 8.4.0
ProgramName: mri_segstats  ProgramArguments: mri_segstats -all-info  ProgramVersion: 7.3.2  TimeStamp: 2026/03/08-22:21:48-GMT  BuildTime: Aug  4 2022 06:17:15  BuildStamp: freesurfer-linux-ubuntu22_x86_64-7.3.2-20220804-6354275  User: oesteban  Machine: dna075  Platform: Linux  PlatformVersion: 5.14.0-427.37.1.el9_4.x86_64  CompilerName: GCC  CompilerVersion: 8.4.0
ProgramName: mris_euler_number  ProgramArguments: mris_euler_number -all-info  ProgramVersion: 7.3.2  TimeStamp: 2026/03/08-22:21:48-GMT  BuildTime: Aug  4 2022 06:17:15  BuildStamp: freesurfer-linux-ubuntu22_x86_64-7.3.2-20220804-6354275  User: oesteban  Machine: dna075  Platform: Linux  PlatformVersion: 5.14.0-427.37.1.el9_4.x86_64  CompilerName: GCC  CompilerVersion: 8.4.0
ProgramName: mris_fix_topology  ProgramArguments: mris_fix_topology -all-info  ProgramVersion: 7.3.2  TimeStamp: 2026/03/08-22:21:48-GMT  BuildTime: Aug  4 2022 06:17:15  BuildStamp: freesurfer-linux-ubuntu22_x86_64-7.3.2-20220804-6354275  User: oesteban  Machine: dna075  Platform: Linux  PlatformVersion: 5.14.0-427.37.1.el9_4.x86_64  CompilerName: GCC  CompilerVersion: 8.4.0
ProgramName: mris_topo_fixer  ProgramArguments: mris_topo_fixer -all-info  ProgramVersion: 7.3.2  TimeStamp: 2026/03/08-22:21:48-GMT  BuildTime: Aug  4 2022 06:17:15  BuildStamp: freesurfer-linux-ubuntu22_x86_64-7.3.2-20220804-6354275  User: oesteban  Machine: dna075  Platform: Linux  PlatformVersion: 5.14.0-427.37.1.el9_4.x86_64  CompilerName: GCC  CompilerVersion: 8.4.0
ProgramName: mris_jacobian  ProgramArguments: mris_jacobian -all-info  ProgramVersion: 7.3.2  TimeStamp: 2026/03/08-22:21:48-GMT  BuildTime: Aug  4 2022 06:17:15  BuildStamp: freesurfer-linux-ubuntu22_x86_64-7.3.2-20220804-6354275  User: oesteban  Machine: dna075  Platform: Linux  PlatformVersion: 5.14.0-427.37.1.el9_4.x86_64  CompilerName: GCC  CompilerVersion: 8.4.0
ProgramName: mris_label2annot  ProgramArguments: mris_label2annot -all-info  ProgramVersion: 7.3.2  TimeStamp: 2026/03/08-22:21:48-GMT  BuildTime: Aug  4 2022 06:17:15  BuildStamp: freesurfer-linux-ubuntu22_x86_64-7.3.2-20220804-6354275  User: oesteban  Machine: dna075  Platform: Linux  PlatformVersion: 5.14.0-427.37.1.el9_4.x86_64  CompilerName: GCC  CompilerVersion: 8.4.0
ProgramName: mris_left_right_register  ProgramArguments: mris_left_right_register -all-info  ProgramVersion: 7.3.2  TimeStamp: 2026/03/08-22:21:48-GMT  BuildTime: Aug  4 2022 06:17:15  BuildStamp: freesurfer-linux-ubuntu22_x86_64-7.3.2-20220804-6354275  User: oesteban  Machine: dna075  Platform: Linux  PlatformVersion: 5.14.0-427.37.1.el9_4.x86_64  CompilerName: GCC  CompilerVersion: 8.4.0
ProgramName: mris_place_surface  ProgramArguments: mris_place_surface -all-info  ProgramVersion: 7.3.2  TimeStamp: 2026/03/08-22:21:48-GMT  BuildTime: Aug  4 2022 06:17:15  BuildStamp: freesurfer-linux-ubuntu22_x86_64-7.3.2-20220804-6354275  User: oesteban  Machine: dna075  Platform: Linux  PlatformVersion: 5.14.0-427.37.1.el9_4.x86_64  CompilerName: GCC  CompilerVersion: 8.4.0
ProgramName: mrisp_paint  ProgramArguments: mrisp_paint -all-info  ProgramVersion: 7.3.2  TimeStamp: 2026/03/08-22:21:48-GMT  BuildTime: Aug  4 2022 06:17:15  BuildStamp: freesurfer-linux-ubuntu22_x86_64-7.3.2-20220804-6354275  User: oesteban  Machine: dna075  Platform: Linux  PlatformVersion: 5.14.0-427.37.1.el9_4.x86_64  CompilerName: GCC  CompilerVersion: 8.4.0
ProgramName: mris_register  ProgramArguments: mris_register -all-info  ProgramVersion: 7.3.2  TimeStamp: 2026/03/08-22:21:48-GMT  BuildTime: Aug  4 2022 06:17:15  BuildStamp: freesurfer-linux-ubuntu22_x86_64-7.3.2-20220804-6354275  User: oesteban  Machine: dna075  Platform: Linux  PlatformVersion: 5.14.0-427.37.1.el9_4.x86_64  CompilerName: GCC  CompilerVersion: 8.4.0
ProgramName: mris_smooth  ProgramArguments: mris_smooth -all-info  ProgramVersion: 7.3.2  TimeStamp: 2026/03/08-22:21:48-GMT  BuildTime: Aug  4 2022 06:17:15  BuildStamp: freesurfer-linux-ubuntu22_x86_64-7.3.2-20220804-6354275  User: oesteban  Machine: dna075  Platform: Linux  PlatformVersion: 5.14.0-427.37.1.el9_4.x86_64  CompilerName: GCC  CompilerVersion: 8.4.0
ProgramName: mris_sphere  ProgramArguments: mris_sphere -all-info  ProgramVersion: 7.3.2  TimeStamp: 2026/03/08-22:21:48-GMT  BuildTime: Aug  4 2022 06:17:15  BuildStamp: freesurfer-linux-ubuntu22_x86_64-7.3.2-20220804-6354275  User: oesteban  Machine: dna075  Platform: Linux  PlatformVersion: 5.14.0-427.37.1.el9_4.x86_64  CompilerName: GCC  CompilerVersion: 8.4.0
ProgramName: mris_surface_stats  ProgramArguments: mris_surface_stats -all-info  ProgramVersion: 7.3.2  TimeStamp: 2026/03/08-22:21:48-GMT  BuildTime: Aug  4 2022 06:17:15  BuildStamp: freesurfer-linux-ubuntu22_x86_64-7.3.2-20220804-6354275  User: oesteban  Machine: dna075  Platform: Linux  PlatformVersion: 5.14.0-427.37.1.el9_4.x86_64  CompilerName: GCC  CompilerVersion: 8.4.0
ProgramName: mri_stats2seg  ProgramArguments: mri_stats2seg -all-info  ProgramVersion: 7.3.2  TimeStamp: 2026/03/08-22:21:48-GMT  BuildTime: Aug  4 2022 06:17:15  BuildStamp: freesurfer-linux-ubuntu22_x86_64-7.3.2-20220804-6354275  User: oesteban  Machine: dna075  Platform: Linux  PlatformVersion: 5.14.0-427.37.1.el9_4.x86_64  CompilerName: GCC  CompilerVersion: 8.4.0
ProgramName: mris_thickness  ProgramArguments: mris_thickness -all-info  ProgramVersion: 7.3.2  TimeStamp: 2026/03/08-22:21:48-GMT  BuildTime: Aug  4 2022 06:17:15  BuildStamp: freesurfer-linux-ubuntu22_x86_64-7.3.2-20220804-6354275  User: oesteban  Machine: dna075  Platform: Linux  PlatformVersion: 5.14.0-427.37.1.el9_4.x86_64  CompilerName: GCC  CompilerVersion: 8.4.0
ProgramName: mris_thickness_diff  ProgramArguments: mris_thickness_diff -all-info  ProgramVersion: 7.3.2  TimeStamp: 2026/03/08-22:21:48-GMT  BuildTime: Aug  4 2022 06:17:15  BuildStamp: freesurfer-linux-ubuntu22_x86_64-7.3.2-20220804-6354275  User: oesteban  Machine: dna075  Platform: Linux  PlatformVersion: 5.14.0-427.37.1.el9_4.x86_64  CompilerName: GCC  CompilerVersion: 8.4.0
ProgramName: mris_topo_fixer  ProgramArguments: mris_topo_fixer -all-info  ProgramVersion: 7.3.2  TimeStamp: 2026/03/08-22:21:48-GMT  BuildTime: Aug  4 2022 06:17:15  BuildStamp: freesurfer-linux-ubuntu22_x86_64-7.3.2-20220804-6354275  User: oesteban  Machine: dna075  Platform: Linux  PlatformVersion: 5.14.0-427.37.1.el9_4.x86_64  CompilerName: GCC  CompilerVersion: 8.4.0
ProgramName: mri_surf2surf  ProgramArguments: mri_surf2surf -all-info  ProgramVersion: 7.3.2  TimeStamp: 2026/03/08-22:21:48-GMT  BuildTime: Aug  4 2022 06:17:15  BuildStamp: freesurfer-linux-ubuntu22_x86_64-7.3.2-20220804-6354275  User: oesteban  Machine: dna075  Platform: Linux  PlatformVersion: 5.14.0-427.37.1.el9_4.x86_64  CompilerName: GCC  CompilerVersion: 8.4.0
ProgramName: mri_surf2vol  ProgramArguments: mri_surf2vol -all-info  ProgramVersion: 7.3.2  TimeStamp: 2026/03/08-22:21:48-GMT  BuildTime: Aug  4 2022 06:17:15  BuildStamp: freesurfer-linux-ubuntu22_x86_64-7.3.2-20220804-6354275  User: oesteban  Machine: dna075  Platform: Linux  PlatformVersion: 5.14.0-427.37.1.el9_4.x86_64  CompilerName: GCC  CompilerVersion: 8.4.0
ProgramName: mri_surfcluster  ProgramArguments: mri_surfcluster -all-info  ProgramVersion: 7.3.2  TimeStamp: 2026/03/08-22:21:48-GMT  BuildTime: Aug  4 2022 06:17:15  BuildStamp: freesurfer-linux-ubuntu22_x86_64-7.3.2-20220804-6354275  User: oesteban  Machine: dna075  Platform: Linux  PlatformVersion: 5.14.0-427.37.1.el9_4.x86_64  CompilerName: GCC  CompilerVersion: 8.4.0
ProgramName: mris_volmask  ProgramArguments: mris_volmask -all-info  ProgramVersion: 7.3.2  TimeStamp: 2026/03/08-22:21:48-GMT  BuildTime: Aug  4 2022 06:17:15  BuildStamp: freesurfer-linux-ubuntu22_x86_64-7.3.2-20220804-6354275  User: oesteban  Machine: dna075  Platform: Linux  PlatformVersion: 5.14.0-427.37.1.el9_4.x86_64  CompilerName: GCC  CompilerVersion: 8.4.0
ProgramName: mri_tessellate  ProgramArguments: mri_tessellate -all-info  ProgramVersion: 7.3.2  TimeStamp: 2026/03/08-22:21:48-GMT  BuildTime: Aug  4 2022 06:17:15  BuildStamp: freesurfer-linux-ubuntu22_x86_64-7.3.2-20220804-6354275  User: oesteban  Machine: dna075  Platform: Linux  PlatformVersion: 5.14.0-427.37.1.el9_4.x86_64  CompilerName: GCC  CompilerVersion: 8.4.0
ProgramName: mri_vol2surf  ProgramArguments: mri_vol2surf -all-info  ProgramVersion: 7.3.2  TimeStamp: 2026/03/08-22:21:48-GMT  BuildTime: Aug  4 2022 06:17:15  BuildStamp: freesurfer-linux-ubuntu22_x86_64-7.3.2-20220804-6354275  User: oesteban  Machine: dna075  Platform: Linux  PlatformVersion: 5.14.0-427.37.1.el9_4.x86_64  CompilerName: GCC  CompilerVersion: 8.4.0
ProgramName: mri_vol2vol  ProgramArguments: mri_vol2vol -all-info  ProgramVersion: 7.3.2  TimeStamp: 2026/03/08-22:21:48-GMT  BuildTime: Aug  4 2022 06:17:15  BuildStamp: freesurfer-linux-ubuntu22_x86_64-7.3.2-20220804-6354275  User: oesteban  Machine: dna075  Platform: Linux  PlatformVersion: 5.14.0-427.37.1.el9_4.x86_64  CompilerName: GCC  CompilerVersion: 8.4.0
ProgramName: mri_voldiff  ProgramArguments: mri_voldiff -all-info  ProgramVersion: 7.3.2  TimeStamp: 2026/03/08-22:21:48-GMT  BuildTime: Aug  4 2022 06:17:15  BuildStamp: freesurfer-linux-ubuntu22_x86_64-7.3.2-20220804-6354275  User: oesteban  Machine: dna075  Platform: Linux  PlatformVersion: 5.14.0-427.37.1.el9_4.x86_64  CompilerName: GCC  CompilerVersion: 8.4.0
ProgramName: mri_watershed  ProgramArguments: mri_watershed -all-info  ProgramVersion: 7.3.2  TimeStamp: 2026/03/08-22:21:48-GMT  BuildTime: Aug  4 2022 06:17:15  BuildStamp: freesurfer-linux-ubuntu22_x86_64-7.3.2-20220804-6354275  User: oesteban  Machine: dna075  Platform: Linux  PlatformVersion: 5.14.0-427.37.1.el9_4.x86_64  CompilerName: GCC  CompilerVersion: 8.4.0
ProgramName: tkregister2  ProgramArguments: tkregister2_cmdl -all-info  ProgramVersion: 7.3.2  TimeStamp: 2026/03/08-22:21:48-GMT  BuildTime: Aug  4 2022 06:17:15  BuildStamp: freesurfer-linux-ubuntu22_x86_64-7.3.2-20220804-6354275  User: oesteban  Machine: dna075  Platform: Linux  PlatformVersion: 5.14.0-427.37.1.el9_4.x86_64  CompilerName: GCC  CompilerVersion: 8.4.0
mri_motion_correct.fsl 7.3.2
mri_convert -all-info 
ProgramName: mri_convert  ProgramArguments: mri_convert -all-info  ProgramVersion: 7.3.2  TimeStamp: 2026/03/08-22:21:48-GMT  BuildTime: Aug  4 2022 06:17:15  BuildStamp: freesurfer-linux-ubuntu22_x86_64-7.3.2-20220804-6354275  User: oesteban  Machine: dna075  Platform: Linux  PlatformVersion: 5.14.0-427.37.1.el9_4.x86_64  CompilerName: GCC  CompilerVersion: 8.4.0
Program nu_correct, built from:
Package MNI N3, version 1.12.0, compiled by nicks@terrier (x86_64-unknown-linux-gnu) on 2015-06-19 at 01:25:34
#######################################
GCADIR /opt/freesurfer/average
GCA RB_all_2020-01-02.gca
GCASkull RB_all_withskull_2020_01_02.gca
AvgCurvTif folding.atlas.acfb40.noaparc.i12.2016-08-02.tif
GCSDIR /opt/freesurfer/average
GCS DKaparc.atlas.acfb40.noaparc.i12.2016-08-02.gcs
#######################################
/out/sourcedata/freesurfer/sub-v1s16x0051181_ses-1

 mri_convert /work/fmriprep_25_2_wf/sub_v1s16x0051181_ses_1_wf/anat_fit_wf/anat_validate/sub-v1s16x0051181_ses-1_T1w_noise_corrected_ras_valid.nii.gz /out/sourcedata/freesurfer/sub-v1s16x0051181_ses-1/mri/orig/001.mgz 

mri_convert /work/fmriprep_25_2_wf/sub_v1s16x0051181_ses_1_wf/anat_fit_wf/anat_validate/sub-v1s16x0051181_ses-1_T1w_noise_corrected_ras_valid.nii.gz /out/sourcedata/freesurfer/sub-v1s16x0051181_ses-1/mri/orig/001.mgz 
reading from /work/fmriprep_25_2_wf/sub_v1s16x0051181_ses_1_wf/anat_fit_wf/anat_validate/sub-v1s16x0051181_ses-1_T1w_noise_corrected_ras_valid.nii.gz...
TR=0.00, TE=0.00, TI=0.00, flip angle=0.00
i_ras = (1, 0, 0)
j_ras = (0, 1, 0)
k_ras = (0, 0, 1)
writing to /out/sourcedata/freesurfer/sub-v1s16x0051181_ses-1/mri/orig/001.mgz...
#--------------------------------------------
#@# MotionCor Sun Mar  8 23:21:49 CET 2026
Found 1 runs
/out/sourcedata/freesurfer/sub-v1s16x0051181_ses-1/mri/orig/001.mgz
Checking for (invalid) multi-frame inputs...
Only one run found so motion
correction will not be performed. I'll
copy the run to rawavg and continue.

 cp /out/sourcedata/freesurfer/sub-v1s16x0051181_ses-1/mri/orig/001.mgz /out/sourcedata/freesurfer/sub-v1s16x0051181_ses-1/mri/rawavg.mgz 


 mri_info /out/sourcedata/freesurfer/sub-v1s16x0051181_ses-1/mri/rawavg.mgz 

rawavg.mgz ========================================
Volume information for /out/sourcedata/freesurfer/sub-v1s16x0051181_ses-1/mri/rawavg.mgz
          type: MGH
    dimensions: 256 x 132 x 256
   voxel sizes: 0.859400, 1.500002, 0.859400
          type: FLOAT (3)
           fov: 220.006
           dof: 1
        xstart: -110.0, xend: 110.0
        ystart: -99.0, yend: 99.0
        zstart: -110.0, zend: 110.0
            TR: 0.00 msec, TE: 0.00 msec, TI: 0.00 msec, flip angle: 0.00 degrees
       nframes: 1
       PhEncDir: UNKNOWN
       FieldStrength: 0.000000
ras xform present
    xform info: x_r =   1.0000, y_r =   0.0000, z_r =   0.0000, c_r =     0.4262
              : x_a =   0.0000, y_a =   1.0000, z_a =   0.0000, c_a =    -3.3479
              : x_s =   0.0000, y_s =   0.0000, z_s =   1.0000, c_s =    -1.9148

talairach xfm : 
Orientation   : RAS
Primary Slice Direction: axial

voxel to ras transform:
                0.8594   0.0000   0.0000  -109.5770
                0.0000   1.5000   0.0000  -102.3480
                0.0000   0.0000   0.8594  -111.9180
                0.0000   0.0000   0.0000     1.0000

voxel-to-ras determinant 1.10785

ras to voxel transform:
                1.1636   0.0000   0.0000   127.5041
                0.0000   0.6667   0.0000    68.2319
                0.0000   0.0000   1.1636   130.2281
                0.0000   0.0000   0.0000     1.0000
/out/sourcedata/freesurfer/sub-v1s16x0051181_ses-1

 mri_convert /out/sourcedata/freesurfer/sub-v1s16x0051181_ses-1/mri/rawavg.mgz /out/sourcedata/freesurfer/sub-v1s16x0051181_ses-1/mri/orig.mgz --conform 

mri_convert /out/sourcedata/freesurfer/sub-v1s16x0051181_ses-1/mri/rawavg.mgz /out/sourcedata/freesurfer/sub-v1s16x0051181_ses-1/mri/orig.mgz --conform 
reading from /out/sourcedata/freesurfer/sub-v1s16x0051181_ses-1/mri/rawavg.mgz...
TR=0.00, TE=0.00, TI=0.00, flip angle=0.00
i_ras = (1, 0, 0)
j_ras = (0, 1, 0)
k_ras = (0, 0, 1)
changing data type from float to uchar (noscale = 0)...
MRIchangeType: Building histogram -0.0125198 27908.8 1000, flo=0, fhi=0.999, dest_type=0
Reslicing using trilinear interpolation 
writing to /out/sourcedata/freesurfer/sub-v1s16x0051181_ses-1/mri/orig.mgz...

 mri_add_xform_to_header -c /out/sourcedata/freesurfer/sub-v1s16x0051181_ses-1/mri/transforms/talairach.xfm /out/sourcedata/freesurfer/sub-v1s16x0051181_ses-1/mri/orig.mgz /out/sourcedata/freesurfer/sub-v1s16x0051181_ses-1/mri/orig.mgz 

INFO: extension is mgz

 mri_info /out/sourcedata/freesurfer/sub-v1s16x0051181_ses-1/mri/orig.mgz 

orig.mgz ========================================
Volume information for /out/sourcedata/freesurfer/sub-v1s16x0051181_ses-1/mri/orig.mgz
          type: MGH
    dimensions: 256 x 256 x 256
   voxel sizes: 1.000000, 1.000000, 1.000000
          type: UCHAR (0)
           fov: 256.000
           dof: 1
        xstart: -128.0, xend: 128.0
        ystart: -128.0, yend: 128.0
        zstart: -128.0, zend: 128.0
            TR: 0.00 msec, TE: 0.00 msec, TI: 0.00 msec, flip angle: 0.00 degrees
       nframes: 1
       PhEncDir: UNKNOWN
       FieldStrength: 0.000000
ras xform present
    xform info: x_r =  -1.0000, y_r =   0.0000, z_r =   0.0000, c_r =     0.4262
              : x_a =   0.0000, y_a =   0.0000, z_a =   1.0000, c_a =    -3.3479
              : x_s =   0.0000, y_s =  -1.0000, z_s =   0.0000, c_s =    -1.9148

talairach xfm : /out/sourcedata/freesurfer/sub-v1s16x0051181_ses-1/mri/transforms/talairach.xfm
Orientation   : LIA
Primary Slice Direction: coronal

voxel to ras transform:
               -1.0000   0.0000   0.0000   128.4262
                0.0000   0.0000   1.0000  -131.3479
                0.0000  -1.0000   0.0000   126.0852
                0.0000   0.0000   0.0000     1.0000

voxel-to-ras determinant -1

ras to voxel transform:
               -1.0000  -0.0000  -0.0000   128.4262
               -0.0000  -0.0000  -1.0000   126.0852
               -0.0000   1.0000  -0.0000   131.3479
               -0.0000  -0.0000  -0.0000     1.0000
#--------------------------------------------
#@# Talairach Sun Mar  8 23:21:54 CET 2026
/out/sourcedata/freesurfer/sub-v1s16x0051181_ses-1/mri

 mri_nu_correct.mni --no-rescale --i orig.mgz --o orig_nu.mgz --ants-n4 --n 1 --proto-iters 1000 --distance 50 

/usr/bin/bc
/out/sourcedata/freesurfer/sub-v1s16x0051181_ses-1/mri
/opt/freesurfer/bin/mri_nu_correct.mni
--no-rescale --i orig.mgz --o orig_nu.mgz --ants-n4 --n 1 --proto-iters 1000 --distance 50
nIters 1
mri_nu_correct.mni 7.3.2
Linux dna075 5.14.0-427.37.1.el9_4.x86_64 #1 SMP PREEMPT_DYNAMIC Fri Sep 13 12:41:50 EDT 2024 x86_64 x86_64 x86_64 GNU/Linux
Sun Mar  8 23:21:54 CET 2026
tmpdir is ./tmp.mri_nu_correct.mni.3508171
cd /out/sourcedata/freesurfer/sub-v1s16x0051181_ses-1/mri
AntsN4BiasFieldCorrectionFs -i orig.mgz -o ./tmp.mri_nu_correct.mni.3508171/nu0.mgz --dtype uchar
AntsN4BiasFieldCorrectionFs done
mri_convert ./tmp.mri_nu_correct.mni.3508171/nu0.mgz orig_nu.mgz --like orig.mgz --conform
mri_convert ./tmp.mri_nu_correct.mni.3508171/nu0.mgz orig_nu.mgz --like orig.mgz --conform 
reading from ./tmp.mri_nu_correct.mni.3508171/nu0.mgz...
TR=0.00, TE=0.00, TI=0.00, flip angle=0.00
i_ras = (-1, 0, 0)
j_ras = (0, 0, -1)
k_ras = (0, 1, 0)
INFO: transform src into the like-volume: orig.mgz
writing to orig_nu.mgz...
 
 
Sun Mar  8 23:24:27 CET 2026
mri_nu_correct.mni done

 talairach_avi --i orig_nu.mgz --xfm transforms/talairach.auto.xfm 

talairach_avi log file is transforms/talairach_avi.log...
mv -f /out/sourcedata/freesurfer/sub-v1s16x0051181_ses-1/mri/talsrcimg_to_711-2C_as_mni_average_305_t4_vox2vox.txt /out/sourcedata/freesurfer/sub-v1s16x0051181_ses-1/mri/transforms/talsrcimg_to_711-2C_as_mni_average_305_t4_vox2vox.txt
Started at Sun Mar 8 23:24:27 CET 2026
Ended   at Sun Mar  8 23:24:42 CET 2026
talairach_avi done

 cp transforms/talairach.auto.xfm transforms/talairach.xfm 

lta_convert --src orig.mgz --trg /opt/freesurfer/average/mni305.cor.mgz --inxfm transforms/talairach.xfm --outlta transforms/talairach.xfm.lta --subject fsaverage --ltavox2vox
7.3.2

--src: orig.mgz src image (geometry).
--trg: /opt/freesurfer/average/mni305.cor.mgz trg image (geometry).
--inmni: transforms/talairach.xfm input MNI/XFM transform.
--outlta: transforms/talairach.xfm.lta output LTA.
--s: fsaverage subject name
--ltavox2vox: output LTA as VOX_TO_VOX transform.
 LTA read, type : 1
 1.15377   0.00609   0.02718   5.72533;
-0.02899   1.09694  -0.07538  -13.42290;
-0.00171   0.17507   1.13319  -23.23949;
 0.00000   0.00000   0.00000   1.00000;
setting subject to fsaverage
Writing  LTA to file transforms/talairach.xfm.lta...
lta_convert successful.
#--------------------------------------------
#@# Talairach Failure Detection Sun Mar  8 23:24:44 CET 2026
/out/sourcedata/freesurfer/sub-v1s16x0051181_ses-1/mri

 talairach_afd -T 0.005 -xfm transforms/talairach.xfm 

talairach_afd: Talairach Transform: transforms/talairach.xfm OK (p=0.5302, pval=0.2115 >= threshold=0.0050)

 awk -f /opt/freesurfer/bin/extract_talairach_avi_QA.awk /out/sourcedata/freesurfer/sub-v1s16x0051181_ses-1/mri/transforms/talairach_avi.log 


 tal_QC_AZS /out/sourcedata/freesurfer/sub-v1s16x0051181_ses-1/mri/transforms/talairach_avi.log 

TalAviQA: 0.97027
z-score: -1
#--------------------------------------------
#@# Nu Intensity Correction Sun Mar  8 23:24:44 CET 2026

 mri_nu_correct.mni --i orig.mgz --o nu.mgz --uchar transforms/talairach.xfm --n 2 --ants-n4 

/usr/bin/bc
/out/sourcedata/freesurfer/sub-v1s16x0051181_ses-1/mri
/opt/freesurfer/bin/mri_nu_correct.mni
--i orig.mgz --o nu.mgz --uchar transforms/talairach.xfm --n 2 --ants-n4
nIters 2
mri_nu_correct.mni 7.3.2
Linux dna075 5.14.0-427.37.1.el9_4.x86_64 #1 SMP PREEMPT_DYNAMIC Fri Sep 13 12:41:50 EDT 2024 x86_64 x86_64 x86_64 GNU/Linux
Sun Mar  8 23:24:44 CET 2026
tmpdir is ./tmp.mri_nu_correct.mni.3508762
cd /out/sourcedata/freesurfer/sub-v1s16x0051181_ses-1/mri
AntsN4BiasFieldCorrectionFs -i orig.mgz -o ./tmp.mri_nu_correct.mni.3508762/nu0.mgz --dtype uchar
AntsN4BiasFieldCorrectionFs done
mri_binarize --i ./tmp.mri_nu_correct.mni.3508762/nu0.mgz --min -1 --o ./tmp.mri_nu_correct.mni.3508762/ones.mgz

7.3.2
cwd /out/sourcedata/freesurfer/sub-v1s16x0051181_ses-1/mri
cmdline mri_binarize --i ./tmp.mri_nu_correct.mni.3508762/nu0.mgz --min -1 --o ./tmp.mri_nu_correct.mni.3508762/ones.mgz 
sysname  Linux
hostname dna075
machine  x86_64
user     oesteban

input      ./tmp.mri_nu_correct.mni.3508762/nu0.mgz
frame      0
nErode3d   0
nErode2d   0
output     ./tmp.mri_nu_correct.mni.3508762/ones.mgz
Binarizing based on threshold
min        -1
max        +infinity
binval        1
binvalnot     0
fstart = 0, fend = 0, nframes = 1
Starting parallel 1
Found 16777216 values in range
Counting number of voxels in first frame
Found 16777215 voxels in final mask
Writing output to ./tmp.mri_nu_correct.mni.3508762/ones.mgz
Count: 16777215 16777215.000000 16777216 99.999994
mri_binarize done
mri_segstats --id 1 --seg ./tmp.mri_nu_correct.mni.3508762/ones.mgz --i orig.mgz --sum ./tmp.mri_nu_correct.mni.3508762/sum.junk --avgwf ./tmp.mri_nu_correct.mni.3508762/input.mean.dat

7.3.2
cwd 
cmdline mri_segstats --id 1 --seg ./tmp.mri_nu_correct.mni.3508762/ones.mgz --i orig.mgz --sum ./tmp.mri_nu_correct.mni.3508762/sum.junk --avgwf ./tmp.mri_nu_correct.mni.3508762/input.mean.dat 
sysname  Linux
hostname dna075
machine  x86_64
user     oesteban
whitesurfname  white
UseRobust  0
Loading ./tmp.mri_nu_correct.mni.3508762/ones.mgz
Loading orig.mgz
Voxel Volume is 1 mm^3
Generating list of segmentation ids
Found   1 segmentations
Computing statistics for each segmentation

Reporting on   1 segmentations
Using PrintSegStat
Computing spatial average of each frame

Writing to ./tmp.mri_nu_correct.mni.3508762/input.mean.dat
mri_segstats done
mri_segstats --id 1 --seg ./tmp.mri_nu_correct.mni.3508762/ones.mgz --i ./tmp.mri_nu_correct.mni.3508762/nu0.mgz --sum ./tmp.mri_nu_correct.mni.3508762/sum.junk --avgwf ./tmp.mri_nu_correct.mni.3508762/output.mean.dat

7.3.2
cwd 
cmdline mri_segstats --id 1 --seg ./tmp.mri_nu_correct.mni.3508762/ones.mgz --i ./tmp.mri_nu_correct.mni.3508762/nu0.mgz --sum ./tmp.mri_nu_correct.mni.3508762/sum.junk --avgwf ./tmp.mri_nu_correct.mni.3508762/output.mean.dat 
sysname  Linux
hostname dna075
machine  x86_64
user     oesteban
whitesurfname  white
UseRobust  0
Loading ./tmp.mri_nu_correct.mni.3508762/ones.mgz
Loading ./tmp.mri_nu_correct.mni.3508762/nu0.mgz
Voxel Volume is 1 mm^3
Generating list of segmentation ids
Found   1 segmentations
Computing statistics for each segmentation

Reporting on   1 segmentations
Using PrintSegStat
Computing spatial average of each frame

Writing to ./tmp.mri_nu_correct.mni.3508762/output.mean.dat
mri_segstats done
mris_calc -o ./tmp.mri_nu_correct.mni.3508762/nu0.mgz ./tmp.mri_nu_correct.mni.3508762/nu0.mgz mul 1.22251274392158088500
Saving result to './tmp.mri_nu_correct.mni.3508762/nu0.mgz' (type = MGH )                       [ ok ]
mri_convert ./tmp.mri_nu_correct.mni.3508762/nu0.mgz nu.mgz --like orig.mgz
mri_convert ./tmp.mri_nu_correct.mni.3508762/nu0.mgz nu.mgz --like orig.mgz 
reading from ./tmp.mri_nu_correct.mni.3508762/nu0.mgz...
TR=0.00, TE=0.00, TI=0.00, flip angle=0.00
i_ras = (-1, 0, 0)
j_ras = (0, 0, -1)
k_ras = (0, 1, 0)
INFO: transform src into the like-volume: orig.mgz
writing to nu.mgz...
mri_make_uchar nu.mgz transforms/talairach.xfm nu.mgz
type change took 0 minutes and 3 seconds.
FIRST_PERCENTILE 0.010000
WM_PERCENTILE    0.900000
MAX_R 50.000000
i1 = 2, i2 = 37
#mri_make_uchar# mapping  5 95 to  3 110  :  b -3.59 m 1.19188 : thresh 3.01204 maxsat 216.959 : nzero 13620520 nsat 19376
 
 
Sun Mar  8 23:27:27 CET 2026
mri_nu_correct.mni done

 mri_add_xform_to_header -c /out/sourcedata/freesurfer/sub-v1s16x0051181_ses-1/mri/transforms/talairach.xfm nu.mgz nu.mgz 

INFO: extension is mgz
#--------------------------------------------
#@# Intensity Normalization Sun Mar  8 23:27:28 CET 2026
/out/sourcedata/freesurfer/sub-v1s16x0051181_ses-1/mri

 mri_normalize -g 1 -seed 1234 -mprage nu.mgz T1.mgz 

using max gradient = 1.000
setting seed for random number genererator to 1234
assuming input volume is MGH (Van der Kouwe) MP-RAGE
reading mri_src from nu.mgz...
normalizing image...
NOT doing gentle normalization with control points/label
talairach transform
 1.15377   0.00609   0.02718   5.72533;
-0.02899   1.09694  -0.07538  -13.42290;
-0.00171   0.17507   1.13319  -23.23949;
 0.00000   0.00000   0.00000   1.00000;
processing without aseg, no1d=0
MRInormInit(): 
INFO: Modifying talairach volume c_(r,a,s) based on average_305
MRInormalize(): 
MRIsplineNormalize(): npeaks = 12
Starting OpenSpline(): npoints = 12
building Voronoi diagram...
performing soap bubble smoothing, sigma = 8...

Iterating 2 times
---------------------------------
3d normalization pass 1 of 2
white matter peak found at 110
white matter peak found at 110
gm peak at 53 (53), valley at 32 (32)
csf peak at 11, setting threshold to 39
building Voronoi diagram...
performing soap bubble smoothing, sigma = 8...
---------------------------------
3d normalization pass 2 of 2
white matter peak found at 110
white matter peak found at 110
gm peak at 65 (65), valley at 51 (51)
csf peak at 12, setting threshold to 47
building Voronoi diagram...
performing soap bubble smoothing, sigma = 8...
Done iterating ---------------------------------
writing output to T1.mgz
3D bias adjustment took 1 minutes and 0 seconds.

Started at Sun Mar 8 23:21:47 CET 2026 
Ended   at Sun Mar 8 23:28:28 CET 2026
#@#%# recon-all-run-time-hours 0.111
recon-all -s sub-v1s16x0051181_ses-1 finished without error at Sun Mar  8 23:28:28 CET 2026



#New# invocation of recon-all 




Sun Mar  8 23:34:01 CET 2026
cd /out/sourcedata/freesurfer/sub-v1s16x0051181_ses-1
setenv SUBJECTS_DIR /out/sourcedata/freesurfer
/opt/freesurfer/bin/recon-all -openmp 16 -subjid sub-v1s16x0051181_ses-1 -sd /out/sourcedata/freesurfer -gcareg

subjid sub-v1s16x0051181_ses-1
setenv SUBJECTS_DIR /out/sourcedata/freesurfer
FREESURFER_HOME /opt/freesurfer
Actual FREESURFER_HOME /opt/freesurfer
build-stamp.txt: freesurfer-linux-ubuntu22_x86_64-7.3.2-20220804-6354275
Linux dna075 5.14.0-427.37.1.el9_4.x86_64 #1 SMP PREEMPT_DYNAMIC Fri Sep 13 12:41:50 EDT 2024 x86_64 x86_64 x86_64 GNU/Linux
cputime      unlimited
filesize     unlimited
datasize     unlimited
stacksize    8192 kbytes
coredumpsize 0 kbytes
memoryuse    67108864 kbytes
vmemoryuse   unlimited
descriptors  1024 
memorylocked unlimited
maxproc      2061970 
maxlocks     unlimited
maxsignal    2062029 
maxmessage   819200 
maxnice      0 
maxrtprio    0 
maxrttime    unlimited

               total        used        free      shared  buff/cache   available
Mem:           503Gi        42Gi       402Gi        10Gi        58Gi       447Gi
Swap:             0B          0B          0B

########################################
program versions used
7.3.2 (freesurfer-linux-ubuntu22_x86_64-7.3.2-20220804-6354275)
7.3.2

ProgramName: lta_convert  ProgramArguments: lta_convert -all-info  ProgramVersion: 7.3.2  TimeStamp: 2026/03/08-22:34:01-GMT  BuildTime: Aug  4 2022 06:17:15  BuildStamp: freesurfer-linux-ubuntu22_x86_64-7.3.2-20220804-6354275  User: oesteban  Machine: dna075  Platform: Linux  PlatformVersion: 5.14.0-427.37.1.el9_4.x86_64  CompilerName: GCC  CompilerVersion: 8.4.0
ProgramName: mri_and  ProgramArguments: mri_and -all-info  ProgramVersion: 7.3.2  TimeStamp: 2026/03/08-22:34:01-GMT  BuildTime: Aug  4 2022 06:17:15  BuildStamp: freesurfer-linux-ubuntu22_x86_64-7.3.2-20220804-6354275  User: oesteban  Machine: dna075  Platform: Linux  PlatformVersion: 5.14.0-427.37.1.el9_4.x86_64  CompilerName: GCC  CompilerVersion: 8.4.0
ProgramName: mri_annotation2label  ProgramArguments: mri_annotation2label -all-info  ProgramVersion: 7.3.2  TimeStamp: 2026/03/08-22:34:01-GMT  BuildTime: Aug  4 2022 06:17:15  BuildStamp: freesurfer-linux-ubuntu22_x86_64-7.3.2-20220804-6354275  User: oesteban  Machine: dna075  Platform: Linux  PlatformVersion: 5.14.0-427.37.1.el9_4.x86_64  CompilerName: GCC  CompilerVersion: 8.4.0
ProgramName: mri_aparc2aseg  ProgramArguments: mri_aparc2aseg -all-info  ProgramVersion: 7.3.2  TimeStamp: 2026/03/08-22:34:01-GMT  BuildTime: Aug  4 2022 06:17:15  BuildStamp: freesurfer-linux-ubuntu22_x86_64-7.3.2-20220804-6354275  User: oesteban  Machine: dna075  Platform: Linux  PlatformVersion: 5.14.0-427.37.1.el9_4.x86_64  CompilerName: GCC  CompilerVersion: 8.4.0
ProgramName: mri_surf2volseg  ProgramArguments: mri_surf2volseg -all-info  ProgramVersion: 7.3.2  TimeStamp: 2026/03/08-22:34:01-GMT  BuildTime: Aug  4 2022 06:17:15  BuildStamp: freesurfer-linux-ubuntu22_x86_64-7.3.2-20220804-6354275  User: oesteban  Machine: dna075  Platform: Linux  PlatformVersion: 5.14.0-427.37.1.el9_4.x86_64  CompilerName: GCC  CompilerVersion: 8.4.0
ProgramName: mri_binarize  ProgramArguments: mri_binarize -all-info  ProgramVersion: 7.3.2  TimeStamp: 2026/03/08-22:34:01-GMT  BuildTime: Aug  4 2022 06:17:15  BuildStamp: freesurfer-linux-ubuntu22_x86_64-7.3.2-20220804-6354275  User: oesteban  Machine: dna075  Platform: Linux  PlatformVersion: 5.14.0-427.37.1.el9_4.x86_64  CompilerName: GCC  CompilerVersion: 8.4.0
ProgramName: mri_ca_label  ProgramArguments: mri_ca_label -all-info  ProgramVersion: 7.3.2  TimeStamp: 2026/03/08-22:34:01-GMT  BuildTime: Aug  4 2022 06:17:15  BuildStamp: freesurfer-linux-ubuntu22_x86_64-7.3.2-20220804-6354275  User: oesteban  Machine: dna075  Platform: Linux  PlatformVersion: 5.14.0-427.37.1.el9_4.x86_64  CompilerName: GCC  CompilerVersion: 8.4.0
ProgramName: mri_ca_normalize  ProgramArguments: mri_ca_normalize -all-info  ProgramVersion: 7.3.2  TimeStamp: 2026/03/08-22:34:01-GMT  BuildTime: Aug  4 2022 06:17:15  BuildStamp: freesurfer-linux-ubuntu22_x86_64-7.3.2-20220804-6354275  User: oesteban  Machine: dna075  Platform: Linux  PlatformVersion: 5.14.0-427.37.1.el9_4.x86_64  CompilerName: GCC  CompilerVersion: 8.4.0
ProgramName: mri_ca_register  ProgramArguments: mri_ca_register -all-info  ProgramVersion: 7.3.2  TimeStamp: 2026/03/08-22:34:01-GMT  BuildTime: Aug  4 2022 06:17:15  BuildStamp: freesurfer-linux-ubuntu22_x86_64-7.3.2-20220804-6354275  User: oesteban  Machine: dna075  Platform: Linux  PlatformVersion: 5.14.0-427.37.1.el9_4.x86_64  CompilerName: GCC  CompilerVersion: 8.4.0
ProgramName: mri_cc  ProgramArguments: mri_cc -all-info  ProgramVersion: 7.3.2  TimeStamp: 2026/03/08-22:34:01-GMT  BuildTime: Aug  4 2022 06:17:15  BuildStamp: freesurfer-linux-ubuntu22_x86_64-7.3.2-20220804-6354275  User: oesteban  Machine: dna075  Platform: Linux  PlatformVersion: 5.14.0-427.37.1.el9_4.x86_64  CompilerName: GCC  CompilerVersion: 8.4.0
ProgramName: mri_compute_overlap  ProgramArguments: mri_compute_overlap -all-info  ProgramVersion: 7.3.2  TimeStamp: 2026/03/08-22:34:01-GMT  BuildTime: Aug  4 2022 06:17:15  BuildStamp: freesurfer-linux-ubuntu22_x86_64-7.3.2-20220804-6354275  User: oesteban  Machine: dna075  Platform: Linux  PlatformVersion: 5.14.0-427.37.1.el9_4.x86_64  CompilerName: GCC  CompilerVersion: 8.4.0
ProgramName: mri_compute_seg_overlap  ProgramArguments: mri_compute_seg_overlap -all-info  ProgramVersion: 7.3.2  TimeStamp: 2026/03/08-22:34:01-GMT  BuildTime: Aug  4 2022 06:17:15  BuildStamp: freesurfer-linux-ubuntu22_x86_64-7.3.2-20220804-6354275  User: oesteban  Machine: dna075  Platform: Linux  PlatformVersion: 5.14.0-427.37.1.el9_4.x86_64  CompilerName: GCC  CompilerVersion: 8.4.0
ProgramName: mri_concat  ProgramArguments: mri_concat -all-info  ProgramVersion: 7.3.2  TimeStamp: 2026/03/08-22:34:01-GMT  BuildTime: Aug  4 2022 06:17:15  BuildStamp: freesurfer-linux-ubuntu22_x86_64-7.3.2-20220804-6354275  User: oesteban  Machine: dna075  Platform: Linux  PlatformVersion: 5.14.0-427.37.1.el9_4.x86_64  CompilerName: GCC  CompilerVersion: 8.4.0
ProgramName: mri_concatenate_lta  ProgramArguments: mri_concatenate_lta -all-info  ProgramVersion: 7.3.2  TimeStamp: 2026/03/08-22:34:01-GMT  BuildTime: Aug  4 2022 06:17:15  BuildStamp: freesurfer-linux-ubuntu22_x86_64-7.3.2-20220804-6354275  User: oesteban  Machine: dna075  Platform: Linux  PlatformVersion: 5.14.0-427.37.1.el9_4.x86_64  CompilerName: GCC  CompilerVersion: 8.4.0
mri_convert -all-info 
ProgramName: mri_convert  ProgramArguments: mri_convert -all-info  ProgramVersion: 7.3.2  TimeStamp: 2026/03/08-22:34:01-GMT  BuildTime: Aug  4 2022 06:17:15  BuildStamp: freesurfer-linux-ubuntu22_x86_64-7.3.2-20220804-6354275  User: oesteban  Machine: dna075  Platform: Linux  PlatformVersion: 5.14.0-427.37.1.el9_4.x86_64  CompilerName: GCC  CompilerVersion: 8.4.0
ProgramName: mri_diff  ProgramArguments: mri_diff -all-info  ProgramVersion: 7.3.2  TimeStamp: 2026/03/08-22:34:01-GMT  BuildTime: Aug  4 2022 06:17:15  BuildStamp: freesurfer-linux-ubuntu22_x86_64-7.3.2-20220804-6354275  User: oesteban  Machine: dna075  Platform: Linux  PlatformVersion: 5.14.0-427.37.1.el9_4.x86_64  CompilerName: GCC  CompilerVersion: 8.4.0
ProgramName: mri_edit_wm_with_aseg  ProgramArguments: mri_edit_wm_with_aseg -all-info  ProgramVersion: 7.3.2  TimeStamp: 2026/03/08-22:34:01-GMT  BuildTime: Aug  4 2022 06:17:15  BuildStamp: freesurfer-linux-ubuntu22_x86_64-7.3.2-20220804-6354275  User: oesteban  Machine: dna075  Platform: Linux  PlatformVersion: 5.14.0-427.37.1.el9_4.x86_64  CompilerName: GCC  CompilerVersion: 8.4.0
ProgramName: mri_em_register  ProgramArguments: mri_em_register -all-info  ProgramVersion: 7.3.2  TimeStamp: 2026/03/08-22:34:01-GMT  BuildTime: Aug  4 2022 06:17:15  BuildStamp: freesurfer-linux-ubuntu22_x86_64-7.3.2-20220804-6354275  User: oesteban  Machine: dna075  Platform: Linux  PlatformVersion: 5.14.0-427.37.1.el9_4.x86_64  CompilerName: GCC  CompilerVersion: 8.4.0
ProgramName: mri_fill  ProgramArguments: mri_fill -all-info  ProgramVersion: 7.3.2  TimeStamp: 2026/03/08-22:34:01-GMT  BuildTime: Aug  4 2022 06:17:15  BuildStamp: freesurfer-linux-ubuntu22_x86_64-7.3.2-20220804-6354275  User: oesteban  Machine: dna075  Platform: Linux  PlatformVersion: 5.14.0-427.37.1.el9_4.x86_64  CompilerName: GCC  CompilerVersion: 8.4.0
ProgramName: mri_fuse_segmentations  ProgramArguments: mri_fuse_segmentations -all-info  ProgramVersion: 7.3.2  TimeStamp: 2026/03/08-22:34:01-GMT  BuildTime: Aug  4 2022 06:17:15  BuildStamp: freesurfer-linux-ubuntu22_x86_64-7.3.2-20220804-6354275  User: oesteban  Machine: dna075  Platform: Linux  PlatformVersion: 5.14.0-427.37.1.el9_4.x86_64  CompilerName: GCC  CompilerVersion: 8.4.0
ProgramName: mri_fwhm  ProgramArguments: mri_fwhm -all-info  ProgramVersion: 7.3.2  TimeStamp: 2026/03/08-22:34:01-GMT  BuildTime: Aug  4 2022 06:17:15  BuildStamp: freesurfer-linux-ubuntu22_x86_64-7.3.2-20220804-6354275  User: oesteban  Machine: dna075  Platform: Linux  PlatformVersion: 5.14.0-427.37.1.el9_4.x86_64  CompilerName: GCC  CompilerVersion: 8.4.0
ProgramName: mri_gcut  ProgramArguments: mri_gcut -all-info  ProgramVersion: 7.3.2  TimeStamp: 2026/03/08-22:34:01-GMT  BuildTime: Aug  4 2022 06:17:15  BuildStamp: freesurfer-linux-ubuntu22_x86_64-7.3.2-20220804-6354275  User: oesteban  Machine: dna075  Platform: Linux  PlatformVersion: 5.14.0-427.37.1.el9_4.x86_64  CompilerName: GCC  CompilerVersion: 8.4.0
ProgramName: mri_info  ProgramArguments: mri_info -all-info  ProgramVersion: 7.3.2  TimeStamp: 2026/03/08-22:34:01-GMT  BuildTime: Aug  4 2022 06:17:15  BuildStamp: freesurfer-linux-ubuntu22_x86_64-7.3.2-20220804-6354275  User: oesteban  Machine: dna075  Platform: Linux  PlatformVersion: 5.14.0-427.37.1.el9_4.x86_64  CompilerName: GCC  CompilerVersion: 8.4.0
ProgramName: mri_label2label  ProgramArguments: mri_label2label -all-info  ProgramVersion: 7.3.2  TimeStamp: 2026/03/08-22:34:01-GMT  BuildTime: Aug  4 2022 06:17:15  BuildStamp: freesurfer-linux-ubuntu22_x86_64-7.3.2-20220804-6354275  User: oesteban  Machine: dna075  Platform: Linux  PlatformVersion: 5.14.0-427.37.1.el9_4.x86_64  CompilerName: GCC  CompilerVersion: 8.4.0
ProgramName: mri_label2vol  ProgramArguments: mri_label2vol -all-info  ProgramVersion: 7.3.2  TimeStamp: 2026/03/08-22:34:01-GMT  BuildTime: Aug  4 2022 06:17:15  BuildStamp: freesurfer-linux-ubuntu22_x86_64-7.3.2-20220804-6354275  User: oesteban  Machine: dna075  Platform: Linux  PlatformVersion: 5.14.0-427.37.1.el9_4.x86_64  CompilerName: GCC  CompilerVersion: 8.4.0
ProgramName: mri_log_likelihood  ProgramArguments: mri_log_likelihood -all-info  ProgramVersion: 7.3.2  TimeStamp: 2026/03/08-22:34:01-GMT  BuildTime: Aug  4 2022 06:17:15  BuildStamp: freesurfer-linux-ubuntu22_x86_64-7.3.2-20220804-6354275  User: oesteban  Machine: dna075  Platform: Linux  PlatformVersion: 5.14.0-427.37.1.el9_4.x86_64  CompilerName: GCC  CompilerVersion: 8.4.0
ProgramName: mri_mask  ProgramArguments: mri_mask -all-info  ProgramVersion: 7.3.2  TimeStamp: 2026/03/08-22:34:01-GMT  BuildTime: Aug  4 2022 06:17:15  BuildStamp: freesurfer-linux-ubuntu22_x86_64-7.3.2-20220804-6354275  User: oesteban  Machine: dna075  Platform: Linux  PlatformVersion: 5.14.0-427.37.1.el9_4.x86_64  CompilerName: GCC  CompilerVersion: 8.4.0
ProgramName: mri_matrix_multiply  ProgramArguments: mri_matrix_multiply -all-info  ProgramVersion: 7.3.2  TimeStamp: 2026/03/08-22:34:01-GMT  BuildTime: Aug  4 2022 06:17:15  BuildStamp: freesurfer-linux-ubuntu22_x86_64-7.3.2-20220804-6354275  User: oesteban  Machine: dna075  Platform: Linux  PlatformVersion: 5.14.0-427.37.1.el9_4.x86_64  CompilerName: GCC  CompilerVersion: 8.4.0
ProgramName: mri_normalize  ProgramArguments: mri_normalize -all-info  ProgramVersion: 7.3.2  TimeStamp: 2026/03/08-22:34:01-GMT  BuildTime: Aug  4 2022 06:17:15  BuildStamp: freesurfer-linux-ubuntu22_x86_64-7.3.2-20220804-6354275  User: oesteban  Machine: dna075  Platform: Linux  PlatformVersion: 5.14.0-427.37.1.el9_4.x86_64  CompilerName: GCC  CompilerVersion: 8.4.0
ProgramName: mri_normalize_tp2  ProgramArguments: mri_normalize_tp2 -all-info  ProgramVersion: 7.3.2  TimeStamp: 2026/03/08-22:34:01-GMT  BuildTime: Aug  4 2022 06:17:15  BuildStamp: freesurfer-linux-ubuntu22_x86_64-7.3.2-20220804-6354275  User: oesteban  Machine: dna075  Platform: Linux  PlatformVersion: 5.14.0-427.37.1.el9_4.x86_64  CompilerName: GCC  CompilerVersion: 8.4.0
ProgramName: mri_or  ProgramArguments: mri_or -all-info  ProgramVersion: 7.3.2  TimeStamp: 2026/03/08-22:34:01-GMT  BuildTime: Aug  4 2022 06:17:15  BuildStamp: freesurfer-linux-ubuntu22_x86_64-7.3.2-20220804-6354275  User: oesteban  Machine: dna075  Platform: Linux  PlatformVersion: 5.14.0-427.37.1.el9_4.x86_64  CompilerName: GCC  CompilerVersion: 8.4.0
ProgramName: mri_relabel_hypointensities  ProgramArguments: mri_relabel_hypointensities -all-info  ProgramVersion: 7.3.2  TimeStamp: 2026/03/08-22:34:01-GMT  BuildTime: Aug  4 2022 06:17:15  BuildStamp: freesurfer-linux-ubuntu22_x86_64-7.3.2-20220804-6354275  User: oesteban  Machine: dna075  Platform: Linux  PlatformVersion: 5.14.0-427.37.1.el9_4.x86_64  CompilerName: GCC  CompilerVersion: 8.4.0
ProgramName: mri_relabel_nonwm_hypos  ProgramArguments: mri_relabel_nonwm_hypos -all-info  ProgramVersion: 7.3.2  TimeStamp: 2026/03/08-22:34:01-GMT  BuildTime: Aug  4 2022 06:17:15  BuildStamp: freesurfer-linux-ubuntu22_x86_64-7.3.2-20220804-6354275  User: oesteban  Machine: dna075  Platform: Linux  PlatformVersion: 5.14.0-427.37.1.el9_4.x86_64  CompilerName: GCC  CompilerVersion: 8.4.0
ProgramName: mri_remove_neck  ProgramArguments: mri_remove_neck -all-info  ProgramVersion: 7.3.2  TimeStamp: 2026/03/08-22:34:01-GMT  BuildTime: Aug  4 2022 06:17:15  BuildStamp: freesurfer-linux-ubuntu22_x86_64-7.3.2-20220804-6354275  User: oesteban  Machine: dna075  Platform: Linux  PlatformVersion: 5.14.0-427.37.1.el9_4.x86_64  CompilerName: GCC  CompilerVersion: 8.4.0
7.3.2

ProgramName: mri_robust_register  ProgramArguments: mri_robust_register -all-info  ProgramVersion: 7.3.2  TimeStamp: 2026/03/08-22:34:01-GMT  BuildTime: Aug  4 2022 06:17:15  BuildStamp: freesurfer-linux-ubuntu22_x86_64-7.3.2-20220804-6354275  User: oesteban  Machine: dna075  Platform: Linux  PlatformVersion: 5.14.0-427.37.1.el9_4.x86_64  CompilerName: GCC  CompilerVersion: 8.4.0
7.3.2

ProgramName: mri_robust_template  ProgramArguments: mri_robust_template -all-info  ProgramVersion: 7.3.2  TimeStamp: 2026/03/08-22:34:01-GMT  BuildTime: Aug  4 2022 06:17:15  BuildStamp: freesurfer-linux-ubuntu22_x86_64-7.3.2-20220804-6354275  User: oesteban  Machine: dna075  Platform: Linux  PlatformVersion: 5.14.0-427.37.1.el9_4.x86_64  CompilerName: GCC  CompilerVersion: 8.4.0
ProgramName: mris_anatomical_stats  ProgramArguments: mris_anatomical_stats -all-info  ProgramVersion: 7.3.2  TimeStamp: 2026/03/08-22:34:01-GMT  BuildTime: Aug  4 2022 06:17:15  BuildStamp: freesurfer-linux-ubuntu22_x86_64-7.3.2-20220804-6354275  User: oesteban  Machine: dna075  Platform: Linux  PlatformVersion: 5.14.0-427.37.1.el9_4.x86_64  CompilerName: GCC  CompilerVersion: 8.4.0
ProgramName: mris_ca_label  ProgramArguments: mris_ca_label -all-info  ProgramVersion: 7.3.2  TimeStamp: 2026/03/08-22:34:01-GMT  BuildTime: Aug  4 2022 06:17:15  BuildStamp: freesurfer-linux-ubuntu22_x86_64-7.3.2-20220804-6354275  User: oesteban  Machine: dna075  Platform: Linux  PlatformVersion: 5.14.0-427.37.1.el9_4.x86_64  CompilerName: GCC  CompilerVersion: 8.4.0
ProgramName: mris_calc  ProgramArguments: mris_calc -all-info  ProgramVersion: 7.3.2  TimeStamp: 2026/03/08-22:34:01-GMT  BuildTime: Aug  4 2022 06:17:15  BuildStamp: freesurfer-linux-ubuntu22_x86_64-7.3.2-20220804-6354275  User: oesteban  Machine: dna075  Platform: Linux  PlatformVersion: 5.14.0-427.37.1.el9_4.x86_64  CompilerName: GCC  CompilerVersion: 8.4.0
ProgramName: mris_convert  ProgramArguments: mris_convert -all-info  ProgramVersion: 7.3.2  TimeStamp: 2026/03/08-22:34:01-GMT  BuildTime: Aug  4 2022 06:17:15  BuildStamp: freesurfer-linux-ubuntu22_x86_64-7.3.2-20220804-6354275  User: oesteban  Machine: dna075  Platform: Linux  PlatformVersion: 5.14.0-427.37.1.el9_4.x86_64  CompilerName: GCC  CompilerVersion: 8.4.0
ProgramName: mris_curvature  ProgramArguments: mris_curvature -all-info  ProgramVersion: 7.3.2  TimeStamp: 2026/03/08-22:34:01-GMT  BuildTime: Aug  4 2022 06:17:15  BuildStamp: freesurfer-linux-ubuntu22_x86_64-7.3.2-20220804-6354275  User: oesteban  Machine: dna075  Platform: Linux  PlatformVersion: 5.14.0-427.37.1.el9_4.x86_64  CompilerName: GCC  CompilerVersion: 8.4.0
ProgramName: mris_curvature_stats  ProgramArguments: mris_curvature_stats -all-info  ProgramVersion: 7.3.2  TimeStamp: 2026/03/08-22:34:01-GMT  BuildTime: Aug  4 2022 06:17:15  BuildStamp: freesurfer-linux-ubuntu22_x86_64-7.3.2-20220804-6354275  User: oesteban  Machine: dna075  Platform: Linux  PlatformVersion: 5.14.0-427.37.1.el9_4.x86_64  CompilerName: GCC  CompilerVersion: 8.4.0
ProgramName: mris_diff  ProgramArguments: mris_diff -all-info  ProgramVersion: 7.3.2  TimeStamp: 2026/03/08-22:34:01-GMT  BuildTime: Aug  4 2022 06:17:15  BuildStamp: freesurfer-linux-ubuntu22_x86_64-7.3.2-20220804-6354275  User: oesteban  Machine: dna075  Platform: Linux  PlatformVersion: 5.14.0-427.37.1.el9_4.x86_64  CompilerName: GCC  CompilerVersion: 8.4.0
ProgramName: mris_divide_parcellation  ProgramArguments: mris_divide_parcellation -all-info  ProgramVersion: 7.3.2  TimeStamp: 2026/03/08-22:34:01-GMT  BuildTime: Aug  4 2022 06:17:15  BuildStamp: freesurfer-linux-ubuntu22_x86_64-7.3.2-20220804-6354275  User: oesteban  Machine: dna075  Platform: Linux  PlatformVersion: 5.14.0-427.37.1.el9_4.x86_64  CompilerName: GCC  CompilerVersion: 8.4.0
ProgramName: mri_segment  ProgramArguments: mri_segment -all-info  ProgramVersion: 7.3.2  TimeStamp: 2026/03/08-22:34:01-GMT  BuildTime: Aug  4 2022 06:17:15  BuildStamp: freesurfer-linux-ubuntu22_x86_64-7.3.2-20220804-6354275  User: oesteban  Machine: dna075  Platform: Linux  PlatformVersion: 5.14.0-427.37.1.el9_4.x86_64  CompilerName: GCC  CompilerVersion: 8.4.0
ProgramName: mri_segstats  ProgramArguments: mri_segstats -all-info  ProgramVersion: 7.3.2  TimeStamp: 2026/03/08-22:34:01-GMT  BuildTime: Aug  4 2022 06:17:15  BuildStamp: freesurfer-linux-ubuntu22_x86_64-7.3.2-20220804-6354275  User: oesteban  Machine: dna075  Platform: Linux  PlatformVersion: 5.14.0-427.37.1.el9_4.x86_64  CompilerName: GCC  CompilerVersion: 8.4.0
ProgramName: mris_euler_number  ProgramArguments: mris_euler_number -all-info  ProgramVersion: 7.3.2  TimeStamp: 2026/03/08-22:34:01-GMT  BuildTime: Aug  4 2022 06:17:15  BuildStamp: freesurfer-linux-ubuntu22_x86_64-7.3.2-20220804-6354275  User: oesteban  Machine: dna075  Platform: Linux  PlatformVersion: 5.14.0-427.37.1.el9_4.x86_64  CompilerName: GCC  CompilerVersion: 8.4.0
ProgramName: mris_fix_topology  ProgramArguments: mris_fix_topology -all-info  ProgramVersion: 7.3.2  TimeStamp: 2026/03/08-22:34:01-GMT  BuildTime: Aug  4 2022 06:17:15  BuildStamp: freesurfer-linux-ubuntu22_x86_64-7.3.2-20220804-6354275  User: oesteban  Machine: dna075  Platform: Linux  PlatformVersion: 5.14.0-427.37.1.el9_4.x86_64  CompilerName: GCC  CompilerVersion: 8.4.0
ProgramName: mris_topo_fixer  ProgramArguments: mris_topo_fixer -all-info  ProgramVersion: 7.3.2  TimeStamp: 2026/03/08-22:34:01-GMT  BuildTime: Aug  4 2022 06:17:15  BuildStamp: freesurfer-linux-ubuntu22_x86_64-7.3.2-20220804-6354275  User: oesteban  Machine: dna075  Platform: Linux  PlatformVersion: 5.14.0-427.37.1.el9_4.x86_64  CompilerName: GCC  CompilerVersion: 8.4.0
ProgramName: mris_jacobian  ProgramArguments: mris_jacobian -all-info  ProgramVersion: 7.3.2  TimeStamp: 2026/03/08-22:34:01-GMT  BuildTime: Aug  4 2022 06:17:15  BuildStamp: freesurfer-linux-ubuntu22_x86_64-7.3.2-20220804-6354275  User: oesteban  Machine: dna075  Platform: Linux  PlatformVersion: 5.14.0-427.37.1.el9_4.x86_64  CompilerName: GCC  CompilerVersion: 8.4.0
ProgramName: mris_label2annot  ProgramArguments: mris_label2annot -all-info  ProgramVersion: 7.3.2  TimeStamp: 2026/03/08-22:34:01-GMT  BuildTime: Aug  4 2022 06:17:15  BuildStamp: freesurfer-linux-ubuntu22_x86_64-7.3.2-20220804-6354275  User: oesteban  Machine: dna075  Platform: Linux  PlatformVersion: 5.14.0-427.37.1.el9_4.x86_64  CompilerName: GCC  CompilerVersion: 8.4.0
ProgramName: mris_left_right_register  ProgramArguments: mris_left_right_register -all-info  ProgramVersion: 7.3.2  TimeStamp: 2026/03/08-22:34:01-GMT  BuildTime: Aug  4 2022 06:17:15  BuildStamp: freesurfer-linux-ubuntu22_x86_64-7.3.2-20220804-6354275  User: oesteban  Machine: dna075  Platform: Linux  PlatformVersion: 5.14.0-427.37.1.el9_4.x86_64  CompilerName: GCC  CompilerVersion: 8.4.0
ProgramName: mris_place_surface  ProgramArguments: mris_place_surface -all-info  ProgramVersion: 7.3.2  TimeStamp: 2026/03/08-22:34:01-GMT  BuildTime: Aug  4 2022 06:17:15  BuildStamp: freesurfer-linux-ubuntu22_x86_64-7.3.2-20220804-6354275  User: oesteban  Machine: dna075  Platform: Linux  PlatformVersion: 5.14.0-427.37.1.el9_4.x86_64  CompilerName: GCC  CompilerVersion: 8.4.0
ProgramName: mrisp_paint  ProgramArguments: mrisp_paint -all-info  ProgramVersion: 7.3.2  TimeStamp: 2026/03/08-22:34:01-GMT  BuildTime: Aug  4 2022 06:17:15  BuildStamp: freesurfer-linux-ubuntu22_x86_64-7.3.2-20220804-6354275  User: oesteban  Machine: dna075  Platform: Linux  PlatformVersion: 5.14.0-427.37.1.el9_4.x86_64  CompilerName: GCC  CompilerVersion: 8.4.0
ProgramName: mris_register  ProgramArguments: mris_register -all-info  ProgramVersion: 7.3.2  TimeStamp: 2026/03/08-22:34:01-GMT  BuildTime: Aug  4 2022 06:17:15  BuildStamp: freesurfer-linux-ubuntu22_x86_64-7.3.2-20220804-6354275  User: oesteban  Machine: dna075  Platform: Linux  PlatformVersion: 5.14.0-427.37.1.el9_4.x86_64  CompilerName: GCC  CompilerVersion: 8.4.0
ProgramName: mris_smooth  ProgramArguments: mris_smooth -all-info  ProgramVersion: 7.3.2  TimeStamp: 2026/03/08-22:34:01-GMT  BuildTime: Aug  4 2022 06:17:15  BuildStamp: freesurfer-linux-ubuntu22_x86_64-7.3.2-20220804-6354275  User: oesteban  Machine: dna075  Platform: Linux  PlatformVersion: 5.14.0-427.37.1.el9_4.x86_64  CompilerName: GCC  CompilerVersion: 8.4.0
ProgramName: mris_sphere  ProgramArguments: mris_sphere -all-info  ProgramVersion: 7.3.2  TimeStamp: 2026/03/08-22:34:01-GMT  BuildTime: Aug  4 2022 06:17:15  BuildStamp: freesurfer-linux-ubuntu22_x86_64-7.3.2-20220804-6354275  User: oesteban  Machine: dna075  Platform: Linux  PlatformVersion: 5.14.0-427.37.1.el9_4.x86_64  CompilerName: GCC  CompilerVersion: 8.4.0
ProgramName: mris_surface_stats  ProgramArguments: mris_surface_stats -all-info  ProgramVersion: 7.3.2  TimeStamp: 2026/03/08-22:34:01-GMT  BuildTime: Aug  4 2022 06:17:15  BuildStamp: freesurfer-linux-ubuntu22_x86_64-7.3.2-20220804-6354275  User: oesteban  Machine: dna075  Platform: Linux  PlatformVersion: 5.14.0-427.37.1.el9_4.x86_64  CompilerName: GCC  CompilerVersion: 8.4.0
ProgramName: mri_stats2seg  ProgramArguments: mri_stats2seg -all-info  ProgramVersion: 7.3.2  TimeStamp: 2026/03/08-22:34:01-GMT  BuildTime: Aug  4 2022 06:17:15  BuildStamp: freesurfer-linux-ubuntu22_x86_64-7.3.2-20220804-6354275  User: oesteban  Machine: dna075  Platform: Linux  PlatformVersion: 5.14.0-427.37.1.el9_4.x86_64  CompilerName: GCC  CompilerVersion: 8.4.0
ProgramName: mris_thickness  ProgramArguments: mris_thickness -all-info  ProgramVersion: 7.3.2  TimeStamp: 2026/03/08-22:34:01-GMT  BuildTime: Aug  4 2022 06:17:15  BuildStamp: freesurfer-linux-ubuntu22_x86_64-7.3.2-20220804-6354275  User: oesteban  Machine: dna075  Platform: Linux  PlatformVersion: 5.14.0-427.37.1.el9_4.x86_64  CompilerName: GCC  CompilerVersion: 8.4.0
ProgramName: mris_thickness_diff  ProgramArguments: mris_thickness_diff -all-info  ProgramVersion: 7.3.2  TimeStamp: 2026/03/08-22:34:01-GMT  BuildTime: Aug  4 2022 06:17:15  BuildStamp: freesurfer-linux-ubuntu22_x86_64-7.3.2-20220804-6354275  User: oesteban  Machine: dna075  Platform: Linux  PlatformVersion: 5.14.0-427.37.1.el9_4.x86_64  CompilerName: GCC  CompilerVersion: 8.4.0
ProgramName: mris_topo_fixer  ProgramArguments: mris_topo_fixer -all-info  ProgramVersion: 7.3.2  TimeStamp: 2026/03/08-22:34:01-GMT  BuildTime: Aug  4 2022 06:17:15  BuildStamp: freesurfer-linux-ubuntu22_x86_64-7.3.2-20220804-6354275  User: oesteban  Machine: dna075  Platform: Linux  PlatformVersion: 5.14.0-427.37.1.el9_4.x86_64  CompilerName: GCC  CompilerVersion: 8.4.0
ProgramName: mri_surf2surf  ProgramArguments: mri_surf2surf -all-info  ProgramVersion: 7.3.2  TimeStamp: 2026/03/08-22:34:01-GMT  BuildTime: Aug  4 2022 06:17:15  BuildStamp: freesurfer-linux-ubuntu22_x86_64-7.3.2-20220804-6354275  User: oesteban  Machine: dna075  Platform: Linux  PlatformVersion: 5.14.0-427.37.1.el9_4.x86_64  CompilerName: GCC  CompilerVersion: 8.4.0
ProgramName: mri_surf2vol  ProgramArguments: mri_surf2vol -all-info  ProgramVersion: 7.3.2  TimeStamp: 2026/03/08-22:34:01-GMT  BuildTime: Aug  4 2022 06:17:15  BuildStamp: freesurfer-linux-ubuntu22_x86_64-7.3.2-20220804-6354275  User: oesteban  Machine: dna075  Platform: Linux  PlatformVersion: 5.14.0-427.37.1.el9_4.x86_64  CompilerName: GCC  CompilerVersion: 8.4.0
ProgramName: mri_surfcluster  ProgramArguments: mri_surfcluster -all-info  ProgramVersion: 7.3.2  TimeStamp: 2026/03/08-22:34:01-GMT  BuildTime: Aug  4 2022 06:17:15  BuildStamp: freesurfer-linux-ubuntu22_x86_64-7.3.2-20220804-6354275  User: oesteban  Machine: dna075  Platform: Linux  PlatformVersion: 5.14.0-427.37.1.el9_4.x86_64  CompilerName: GCC  CompilerVersion: 8.4.0
ProgramName: mris_volmask  ProgramArguments: mris_volmask -all-info  ProgramVersion: 7.3.2  TimeStamp: 2026/03/08-22:34:01-GMT  BuildTime: Aug  4 2022 06:17:15  BuildStamp: freesurfer-linux-ubuntu22_x86_64-7.3.2-20220804-6354275  User: oesteban  Machine: dna075  Platform: Linux  PlatformVersion: 5.14.0-427.37.1.el9_4.x86_64  CompilerName: GCC  CompilerVersion: 8.4.0
ProgramName: mri_tessellate  ProgramArguments: mri_tessellate -all-info  ProgramVersion: 7.3.2  TimeStamp: 2026/03/08-22:34:01-GMT  BuildTime: Aug  4 2022 06:17:15  BuildStamp: freesurfer-linux-ubuntu22_x86_64-7.3.2-20220804-6354275  User: oesteban  Machine: dna075  Platform: Linux  PlatformVersion: 5.14.0-427.37.1.el9_4.x86_64  CompilerName: GCC  CompilerVersion: 8.4.0
ProgramName: mri_vol2surf  ProgramArguments: mri_vol2surf -all-info  ProgramVersion: 7.3.2  TimeStamp: 2026/03/08-22:34:01-GMT  BuildTime: Aug  4 2022 06:17:15  BuildStamp: freesurfer-linux-ubuntu22_x86_64-7.3.2-20220804-6354275  User: oesteban  Machine: dna075  Platform: Linux  PlatformVersion: 5.14.0-427.37.1.el9_4.x86_64  CompilerName: GCC  CompilerVersion: 8.4.0
ProgramName: mri_vol2vol  ProgramArguments: mri_vol2vol -all-info  ProgramVersion: 7.3.2  TimeStamp: 2026/03/08-22:34:01-GMT  BuildTime: Aug  4 2022 06:17:15  BuildStamp: freesurfer-linux-ubuntu22_x86_64-7.3.2-20220804-6354275  User: oesteban  Machine: dna075  Platform: Linux  PlatformVersion: 5.14.0-427.37.1.el9_4.x86_64  CompilerName: GCC  CompilerVersion: 8.4.0
ProgramName: mri_voldiff  ProgramArguments: mri_voldiff -all-info  ProgramVersion: 7.3.2  TimeStamp: 2026/03/08-22:34:01-GMT  BuildTime: Aug  4 2022 06:17:15  BuildStamp: freesurfer-linux-ubuntu22_x86_64-7.3.2-20220804-6354275  User: oesteban  Machine: dna075  Platform: Linux  PlatformVersion: 5.14.0-427.37.1.el9_4.x86_64  CompilerName: GCC  CompilerVersion: 8.4.0
ProgramName: mri_watershed  ProgramArguments: mri_watershed -all-info  ProgramVersion: 7.3.2  TimeStamp: 2026/03/08-22:34:01-GMT  BuildTime: Aug  4 2022 06:17:15  BuildStamp: freesurfer-linux-ubuntu22_x86_64-7.3.2-20220804-6354275  User: oesteban  Machine: dna075  Platform: Linux  PlatformVersion: 5.14.0-427.37.1.el9_4.x86_64  CompilerName: GCC  CompilerVersion: 8.4.0
ProgramName: tkregister2  ProgramArguments: tkregister2_cmdl -all-info  ProgramVersion: 7.3.2  TimeStamp: 2026/03/08-22:34:01-GMT  BuildTime: Aug  4 2022 06:17:15  BuildStamp: freesurfer-linux-ubuntu22_x86_64-7.3.2-20220804-6354275  User: oesteban  Machine: dna075  Platform: Linux  PlatformVersion: 5.14.0-427.37.1.el9_4.x86_64  CompilerName: GCC  CompilerVersion: 8.4.0
mri_motion_correct.fsl 7.3.2
mri_convert -all-info 
ProgramName: mri_convert  ProgramArguments: mri_convert -all-info  ProgramVersion: 7.3.2  TimeStamp: 2026/03/08-22:34:01-GMT  BuildTime: Aug  4 2022 06:17:15  BuildStamp: freesurfer-linux-ubuntu22_x86_64-7.3.2-20220804-6354275  User: oesteban  Machine: dna075  Platform: Linux  PlatformVersion: 5.14.0-427.37.1.el9_4.x86_64  CompilerName: GCC  CompilerVersion: 8.4.0
Program nu_correct, built from:
Package MNI N3, version 1.12.0, compiled by nicks@terrier (x86_64-unknown-linux-gnu) on 2015-06-19 at 01:25:34
#######################################
GCADIR /opt/freesurfer/average
GCA RB_all_2020-01-02.gca
GCASkull RB_all_withskull_2020_01_02.gca
AvgCurvTif folding.atlas.acfb40.noaparc.i12.2016-08-02.tif
GCSDIR /opt/freesurfer/average
GCS DKaparc.atlas.acfb40.noaparc.i12.2016-08-02.gcs
#######################################
#-------------------------------------
#@# EM Registration Sun Mar  8 23:34:01 CET 2026
/out/sourcedata/freesurfer/sub-v1s16x0051181_ses-1/mri

 mri_em_register -uns 3 -mask brainmask.mgz nu.mgz /opt/freesurfer/average/RB_all_2020-01-02.gca transforms/talairach.lta 

setting unknown_nbr_spacing = 3
using MR volume brainmask.mgz to mask input volume...

== Number of threads available to mri_em_register for OpenMP = 16 == 
reading 1 input volumes...
logging results to talairach.log
reading '/opt/freesurfer/average/RB_all_2020-01-02.gca'...
GCAread took 0 minutes and 1 seconds.
average std = 7.2   using min determinant for regularization = 5.2
0 singular and 884 ill-conditioned covariance matrices regularized
reading 'nu.mgz'...
MRImask(): AllowDiffGeom = 1
MRImask(): AllowDiffGeom = 1
MRImask(): AllowDiffGeom = 1
MRImask(): AllowDiffGeom = 1
MRImask(): AllowDiffGeom = 1
freeing gibbs priors...done.
accounting for voxel sizes in initial transform
bounding unknown intensity as < 5.9 or > 519.0 
total sample mean = 79.1 (1017 zeros)
************************************************
spacing=8, using 2841 sample points, tol=1.00e-05...
************************************************
register_mri: find_optimal_transform
find_optimal_transform: nsamples 2841, passno 0, spacing 8
resetting wm mean[0]: 98 --> 107
resetting gm mean[0]: 61 --> 61
input volume #1 is the most T1-like
using real data threshold=23.1
skull bounding box = (68, 35, 46) --> (198, 140, 213)
finding center of left hemi white matter
using (111, 70, 130) as brain centroid of Right_Cerebral_White_Matter...
MRImask(): AllowDiffGeom = 1
mean wm in atlas = 107, using box (95,57,109) --> (126, 82,150) to find MRI wm
before smoothing, mri peak at 107
robust fit to distribution - 106 +- 4.5
after smoothing, mri peak at 107, scaling input intensities by 1.000
scaling channel 0 by 1
initial log_p = -4.626
************************************************
First Search limited to translation only.
************************************************
max log p =    -4.054075 @ (-10.526, 31.579, -10.526)
max log p =    -3.845856 @ (5.263, -15.789, -5.263)
max log p =    -3.760313 @ (-2.632, 2.632, 2.632)
max log p =    -3.743725 @ (1.316, 1.316, 1.316)
max log p =    -3.743299 @ (-0.658, -0.658, -1.974)
max log p =    -3.736258 @ (-0.987, 0.987, 0.329)
max log p =    -3.736258 @ (0.000, 0.000, 0.000)
max log p =    -3.736258 @ (0.000, 0.000, 0.000)
Found translation: (-8.2, 20.1, -13.5): log p = -3.736
****************************************
Nine parameter search.  iteration 0 nscales = 0 ...
****************************************
Result so far: scale 1.000: max_log_p=-3.520, old_max_log_p =-3.736 (thresh=-3.7)
 1.07500   0.00000   0.00000  -18.35064;
 0.00000   1.14016  -0.13053   21.67890;
 0.00000   0.15011   0.99144  -34.86368;
 0.00000   0.00000   0.00000   1.00000;
iteration took 0 minutes and 7 seconds.
****************************************
Nine parameter search.  iteration 1 nscales = 0 ...
****************************************
Result so far: scale 1.000: max_log_p=-3.520, old_max_log_p =-3.520 (thresh=-3.5)
 1.07500   0.00000   0.00000  -18.35064;
 0.00000   1.14016  -0.13053   21.67890;
 0.00000   0.15011   0.99144  -34.86368;
 0.00000   0.00000   0.00000   1.00000;
reducing scale to 0.2500
iteration took 0 minutes and 7 seconds.
****************************************
Nine parameter search.  iteration 2 nscales = 1 ...
****************************************
Result so far: scale 0.250: max_log_p=-3.323, old_max_log_p =-3.520 (thresh=-3.5)
 1.11531   0.00000   0.00000  -23.79387;
 0.00000   1.11798  -0.12799   27.39806;
 0.00000   0.15281   1.00934  -33.71569;
 0.00000   0.00000   0.00000   1.00000;
iteration took 0 minutes and 7 seconds.
****************************************
Nine parameter search.  iteration 3 nscales = 1 ...
****************************************
Result so far: scale 0.250: max_log_p=-3.323, old_max_log_p =-3.323 (thresh=-3.3)
 1.11531   0.00000   0.00000  -23.79387;
 0.00000   1.11798  -0.12799   27.39806;
 0.00000   0.15281   1.00934  -33.71569;
 0.00000   0.00000   0.00000   1.00000;
reducing scale to 0.0625
iteration took 0 minutes and 7 seconds.
****************************************
Nine parameter search.  iteration 4 nscales = 2 ...
****************************************
Result so far: scale 0.062: max_log_p=-3.305, old_max_log_p =-3.323 (thresh=-3.3)
 1.11793   0.00000   0.00000  -24.14684;
 0.00000   1.11538  -0.13610   28.17970;
 0.00000   0.16231   1.01062  -35.25766;
 0.00000   0.00000   0.00000   1.00000;
iteration took 0 minutes and 7 seconds.
****************************************
Nine parameter search.  iteration 5 nscales = 2 ...
****************************************
Result so far: scale 0.062: max_log_p=-3.304, old_max_log_p =-3.305 (thresh=-3.3)
 1.11793   0.00000   0.00000  -24.14684;
 0.00000   1.11667  -0.12783   27.50058;
 0.00000   0.15318   1.01170  -34.03882;
 0.00000   0.00000   0.00000   1.00000;
min search scale 0.025000 reached
***********************************************
Computing MAP estimate using 2841 samples...
***********************************************
dt = 5.00e-06, momentum=0.80, tol=1.00e-05
l_intensity = 1.0000
Aligning input volume to GCA...
Transform matrix
 1.11793   0.00000   0.00000  -24.14684;
 0.00000   1.11667  -0.12783   27.50058;
 0.00000   0.15318   1.01170  -34.03882;
 0.00000   0.00000   0.00000   1.00000;
nsamples 2841
Quasinewton: input matrix
 1.11793   0.00000   0.00000  -24.14684;
 0.00000   1.11667  -0.12783   27.50058;
 0.00000   0.15318   1.01170  -34.03882;
 0.00000   0.00000   0.00000   1.00000;
 IFLAG= -1  LINE SEARCH FAILED. SEE DOCUMENTATION OF ROUTINE MCSRCH ERROR RETURN OF LINE SEARCH: INFO= 3 POSSIBLE CAUSES: FUNCTION OR GRADIENT ARE INCORRECT OR INCORRECT TOLERANCESoutof QuasiNewtonEMA: 008: -log(p) =   -0.0  tol 0.000010
Resulting transform:
 1.11793   0.00000   0.00000  -24.14684;
 0.00000   1.11667  -0.12783   27.50058;
 0.00000   0.15318   1.01170  -34.03882;
 0.00000   0.00000   0.00000   1.00000;

pass 1, spacing 8: log(p) = -3.304 (old=-4.626)
transform before final EM align:
 1.11793   0.00000   0.00000  -24.14684;
 0.00000   1.11667  -0.12783   27.50058;
 0.00000   0.15318   1.01170  -34.03882;
 0.00000   0.00000   0.00000   1.00000;

**************************************************
 EM alignment process ...
 Computing final MAP estimate using 315638 samples. 
**************************************************
dt = 5.00e-06, momentum=0.80, tol=1.00e-07
l_intensity = 1.0000
Aligning input volume to GCA...
Transform matrix
 1.11793   0.00000   0.00000  -24.14684;
 0.00000   1.11667  -0.12783   27.50058;
 0.00000   0.15318   1.01170  -34.03882;
 0.00000   0.00000   0.00000   1.00000;
nsamples 315638
Quasinewton: input matrix
 1.11793   0.00000   0.00000  -24.14684;
 0.00000   1.11667  -0.12783   27.50058;
 0.00000   0.15318   1.01170  -34.03882;
 0.00000   0.00000   0.00000   1.00000;
 IFLAG= -1  LINE SEARCH FAILED. SEE DOCUMENTATION OF ROUTINE MCSRCH ERROR RETURN OF LINE SEARCH: INFO= 6 POSSIBLE CAUSES: FUNCTION OR GRADIENT ARE INCORRECT OR INCORRECT TOLERANCESoutof QuasiNewtonEMA: 010: -log(p) =    3.8  tol 0.000000
final transform:
 1.11793   0.00000   0.00000  -24.14684;
 0.00000   1.11667  -0.12783   27.50058;
 0.00000   0.15318   1.01170  -34.03882;
 0.00000   0.00000   0.00000   1.00000;

writing output transformation to transforms/talairach.lta...
#VMPC# mri_em_register VmPeak  891284
FSRUNTIME@ mri_em_register  0.0186 hours 16 threads
registration took 1 minutes and 7 seconds.

Started at Sun Mar 8 23:34:01 CET 2026 
Ended   at Sun Mar 8 23:35:08 CET 2026
#@#%# recon-all-run-time-hours 0.019
recon-all -s sub-v1s16x0051181_ses-1 finished without error at Sun Mar  8 23:35:08 CET 2026



#New# invocation of recon-all 




Sun Mar  8 23:35:11 CET 2026
cd /out/sourcedata/freesurfer/sub-v1s16x0051181_ses-1
setenv SUBJECTS_DIR /out/sourcedata/freesurfer
/opt/freesurfer/bin/recon-all -autorecon2-volonly -openmp 16 -subjid sub-v1s16x0051181_ses-1 -sd /out/sourcedata/freesurfer -nogcareg

subjid sub-v1s16x0051181_ses-1
setenv SUBJECTS_DIR /out/sourcedata/freesurfer
FREESURFER_HOME /opt/freesurfer
Actual FREESURFER_HOME /opt/freesurfer
build-stamp.txt: freesurfer-linux-ubuntu22_x86_64-7.3.2-20220804-6354275
Linux dna075 5.14.0-427.37.1.el9_4.x86_64 #1 SMP PREEMPT_DYNAMIC Fri Sep 13 12:41:50 EDT 2024 x86_64 x86_64 x86_64 GNU/Linux
cputime      unlimited
filesize     unlimited
datasize     unlimited
stacksize    8192 kbytes
coredumpsize 0 kbytes
memoryuse    67108864 kbytes
vmemoryuse   unlimited
descriptors  1024 
memorylocked unlimited
maxproc      2061970 
maxlocks     unlimited
maxsignal    2062029 
maxmessage   819200 
maxnice      0 
maxrtprio    0 
maxrttime    unlimited

               total        used        free      shared  buff/cache   available
Mem:           503Gi        42Gi       402Gi        10Gi        58Gi       447Gi
Swap:             0B          0B          0B

########################################
program versions used
7.3.2 (freesurfer-linux-ubuntu22_x86_64-7.3.2-20220804-6354275)
7.3.2

ProgramName: lta_convert  ProgramArguments: lta_convert -all-info  ProgramVersion: 7.3.2  TimeStamp: 2026/03/08-22:35:11-GMT  BuildTime: Aug  4 2022 06:17:15  BuildStamp: freesurfer-linux-ubuntu22_x86_64-7.3.2-20220804-6354275  User: oesteban  Machine: dna075  Platform: Linux  PlatformVersion: 5.14.0-427.37.1.el9_4.x86_64  CompilerName: GCC  CompilerVersion: 8.4.0
ProgramName: mri_and  ProgramArguments: mri_and -all-info  ProgramVersion: 7.3.2  TimeStamp: 2026/03/08-22:35:11-GMT  BuildTime: Aug  4 2022 06:17:15  BuildStamp: freesurfer-linux-ubuntu22_x86_64-7.3.2-20220804-6354275  User: oesteban  Machine: dna075  Platform: Linux  PlatformVersion: 5.14.0-427.37.1.el9_4.x86_64  CompilerName: GCC  CompilerVersion: 8.4.0
ProgramName: mri_annotation2label  ProgramArguments: mri_annotation2label -all-info  ProgramVersion: 7.3.2  TimeStamp: 2026/03/08-22:35:11-GMT  BuildTime: Aug  4 2022 06:17:15  BuildStamp: freesurfer-linux-ubuntu22_x86_64-7.3.2-20220804-6354275  User: oesteban  Machine: dna075  Platform: Linux  PlatformVersion: 5.14.0-427.37.1.el9_4.x86_64  CompilerName: GCC  CompilerVersion: 8.4.0
ProgramName: mri_aparc2aseg  ProgramArguments: mri_aparc2aseg -all-info  ProgramVersion: 7.3.2  TimeStamp: 2026/03/08-22:35:11-GMT  BuildTime: Aug  4 2022 06:17:15  BuildStamp: freesurfer-linux-ubuntu22_x86_64-7.3.2-20220804-6354275  User: oesteban  Machine: dna075  Platform: Linux  PlatformVersion: 5.14.0-427.37.1.el9_4.x86_64  CompilerName: GCC  CompilerVersion: 8.4.0
ProgramName: mri_surf2volseg  ProgramArguments: mri_surf2volseg -all-info  ProgramVersion: 7.3.2  TimeStamp: 2026/03/08-22:35:11-GMT  BuildTime: Aug  4 2022 06:17:15  BuildStamp: freesurfer-linux-ubuntu22_x86_64-7.3.2-20220804-6354275  User: oesteban  Machine: dna075  Platform: Linux  PlatformVersion: 5.14.0-427.37.1.el9_4.x86_64  CompilerName: GCC  CompilerVersion: 8.4.0
ProgramName: mri_binarize  ProgramArguments: mri_binarize -all-info  ProgramVersion: 7.3.2  TimeStamp: 2026/03/08-22:35:11-GMT  BuildTime: Aug  4 2022 06:17:15  BuildStamp: freesurfer-linux-ubuntu22_x86_64-7.3.2-20220804-6354275  User: oesteban  Machine: dna075  Platform: Linux  PlatformVersion: 5.14.0-427.37.1.el9_4.x86_64  CompilerName: GCC  CompilerVersion: 8.4.0
ProgramName: mri_ca_label  ProgramArguments: mri_ca_label -all-info  ProgramVersion: 7.3.2  TimeStamp: 2026/03/08-22:35:11-GMT  BuildTime: Aug  4 2022 06:17:15  BuildStamp: freesurfer-linux-ubuntu22_x86_64-7.3.2-20220804-6354275  User: oesteban  Machine: dna075  Platform: Linux  PlatformVersion: 5.14.0-427.37.1.el9_4.x86_64  CompilerName: GCC  CompilerVersion: 8.4.0
ProgramName: mri_ca_normalize  ProgramArguments: mri_ca_normalize -all-info  ProgramVersion: 7.3.2  TimeStamp: 2026/03/08-22:35:11-GMT  BuildTime: Aug  4 2022 06:17:15  BuildStamp: freesurfer-linux-ubuntu22_x86_64-7.3.2-20220804-6354275  User: oesteban  Machine: dna075  Platform: Linux  PlatformVersion: 5.14.0-427.37.1.el9_4.x86_64  CompilerName: GCC  CompilerVersion: 8.4.0
ProgramName: mri_ca_register  ProgramArguments: mri_ca_register -all-info  ProgramVersion: 7.3.2  TimeStamp: 2026/03/08-22:35:11-GMT  BuildTime: Aug  4 2022 06:17:15  BuildStamp: freesurfer-linux-ubuntu22_x86_64-7.3.2-20220804-6354275  User: oesteban  Machine: dna075  Platform: Linux  PlatformVersion: 5.14.0-427.37.1.el9_4.x86_64  CompilerName: GCC  CompilerVersion: 8.4.0
ProgramName: mri_cc  ProgramArguments: mri_cc -all-info  ProgramVersion: 7.3.2  TimeStamp: 2026/03/08-22:35:11-GMT  BuildTime: Aug  4 2022 06:17:15  BuildStamp: freesurfer-linux-ubuntu22_x86_64-7.3.2-20220804-6354275  User: oesteban  Machine: dna075  Platform: Linux  PlatformVersion: 5.14.0-427.37.1.el9_4.x86_64  CompilerName: GCC  CompilerVersion: 8.4.0
ProgramName: mri_compute_overlap  ProgramArguments: mri_compute_overlap -all-info  ProgramVersion: 7.3.2  TimeStamp: 2026/03/08-22:35:11-GMT  BuildTime: Aug  4 2022 06:17:15  BuildStamp: freesurfer-linux-ubuntu22_x86_64-7.3.2-20220804-6354275  User: oesteban  Machine: dna075  Platform: Linux  PlatformVersion: 5.14.0-427.37.1.el9_4.x86_64  CompilerName: GCC  CompilerVersion: 8.4.0
ProgramName: mri_compute_seg_overlap  ProgramArguments: mri_compute_seg_overlap -all-info  ProgramVersion: 7.3.2  TimeStamp: 2026/03/08-22:35:11-GMT  BuildTime: Aug  4 2022 06:17:15  BuildStamp: freesurfer-linux-ubuntu22_x86_64-7.3.2-20220804-6354275  User: oesteban  Machine: dna075  Platform: Linux  PlatformVersion: 5.14.0-427.37.1.el9_4.x86_64  CompilerName: GCC  CompilerVersion: 8.4.0
ProgramName: mri_concat  ProgramArguments: mri_concat -all-info  ProgramVersion: 7.3.2  TimeStamp: 2026/03/08-22:35:11-GMT  BuildTime: Aug  4 2022 06:17:15  BuildStamp: freesurfer-linux-ubuntu22_x86_64-7.3.2-20220804-6354275  User: oesteban  Machine: dna075  Platform: Linux  PlatformVersion: 5.14.0-427.37.1.el9_4.x86_64  CompilerName: GCC  CompilerVersion: 8.4.0
ProgramName: mri_concatenate_lta  ProgramArguments: mri_concatenate_lta -all-info  ProgramVersion: 7.3.2  TimeStamp: 2026/03/08-22:35:11-GMT  BuildTime: Aug  4 2022 06:17:15  BuildStamp: freesurfer-linux-ubuntu22_x86_64-7.3.2-20220804-6354275  User: oesteban  Machine: dna075  Platform: Linux  PlatformVersion: 5.14.0-427.37.1.el9_4.x86_64  CompilerName: GCC  CompilerVersion: 8.4.0
mri_convert -all-info 
ProgramName: mri_convert  ProgramArguments: mri_convert -all-info  ProgramVersion: 7.3.2  TimeStamp: 2026/03/08-22:35:11-GMT  BuildTime: Aug  4 2022 06:17:15  BuildStamp: freesurfer-linux-ubuntu22_x86_64-7.3.2-20220804-6354275  User: oesteban  Machine: dna075  Platform: Linux  PlatformVersion: 5.14.0-427.37.1.el9_4.x86_64  CompilerName: GCC  CompilerVersion: 8.4.0
ProgramName: mri_diff  ProgramArguments: mri_diff -all-info  ProgramVersion: 7.3.2  TimeStamp: 2026/03/08-22:35:11-GMT  BuildTime: Aug  4 2022 06:17:15  BuildStamp: freesurfer-linux-ubuntu22_x86_64-7.3.2-20220804-6354275  User: oesteban  Machine: dna075  Platform: Linux  PlatformVersion: 5.14.0-427.37.1.el9_4.x86_64  CompilerName: GCC  CompilerVersion: 8.4.0
ProgramName: mri_edit_wm_with_aseg  ProgramArguments: mri_edit_wm_with_aseg -all-info  ProgramVersion: 7.3.2  TimeStamp: 2026/03/08-22:35:11-GMT  BuildTime: Aug  4 2022 06:17:15  BuildStamp: freesurfer-linux-ubuntu22_x86_64-7.3.2-20220804-6354275  User: oesteban  Machine: dna075  Platform: Linux  PlatformVersion: 5.14.0-427.37.1.el9_4.x86_64  CompilerName: GCC  CompilerVersion: 8.4.0
ProgramName: mri_em_register  ProgramArguments: mri_em_register -all-info  ProgramVersion: 7.3.2  TimeStamp: 2026/03/08-22:35:11-GMT  BuildTime: Aug  4 2022 06:17:15  BuildStamp: freesurfer-linux-ubuntu22_x86_64-7.3.2-20220804-6354275  User: oesteban  Machine: dna075  Platform: Linux  PlatformVersion: 5.14.0-427.37.1.el9_4.x86_64  CompilerName: GCC  CompilerVersion: 8.4.0
ProgramName: mri_fill  ProgramArguments: mri_fill -all-info  ProgramVersion: 7.3.2  TimeStamp: 2026/03/08-22:35:11-GMT  BuildTime: Aug  4 2022 06:17:15  BuildStamp: freesurfer-linux-ubuntu22_x86_64-7.3.2-20220804-6354275  User: oesteban  Machine: dna075  Platform: Linux  PlatformVersion: 5.14.0-427.37.1.el9_4.x86_64  CompilerName: GCC  CompilerVersion: 8.4.0
ProgramName: mri_fuse_segmentations  ProgramArguments: mri_fuse_segmentations -all-info  ProgramVersion: 7.3.2  TimeStamp: 2026/03/08-22:35:11-GMT  BuildTime: Aug  4 2022 06:17:15  BuildStamp: freesurfer-linux-ubuntu22_x86_64-7.3.2-20220804-6354275  User: oesteban  Machine: dna075  Platform: Linux  PlatformVersion: 5.14.0-427.37.1.el9_4.x86_64  CompilerName: GCC  CompilerVersion: 8.4.0
ProgramName: mri_fwhm  ProgramArguments: mri_fwhm -all-info  ProgramVersion: 7.3.2  TimeStamp: 2026/03/08-22:35:11-GMT  BuildTime: Aug  4 2022 06:17:15  BuildStamp: freesurfer-linux-ubuntu22_x86_64-7.3.2-20220804-6354275  User: oesteban  Machine: dna075  Platform: Linux  PlatformVersion: 5.14.0-427.37.1.el9_4.x86_64  CompilerName: GCC  CompilerVersion: 8.4.0
ProgramName: mri_gcut  ProgramArguments: mri_gcut -all-info  ProgramVersion: 7.3.2  TimeStamp: 2026/03/08-22:35:11-GMT  BuildTime: Aug  4 2022 06:17:15  BuildStamp: freesurfer-linux-ubuntu22_x86_64-7.3.2-20220804-6354275  User: oesteban  Machine: dna075  Platform: Linux  PlatformVersion: 5.14.0-427.37.1.el9_4.x86_64  CompilerName: GCC  CompilerVersion: 8.4.0
ProgramName: mri_info  ProgramArguments: mri_info -all-info  ProgramVersion: 7.3.2  TimeStamp: 2026/03/08-22:35:11-GMT  BuildTime: Aug  4 2022 06:17:15  BuildStamp: freesurfer-linux-ubuntu22_x86_64-7.3.2-20220804-6354275  User: oesteban  Machine: dna075  Platform: Linux  PlatformVersion: 5.14.0-427.37.1.el9_4.x86_64  CompilerName: GCC  CompilerVersion: 8.4.0
ProgramName: mri_label2label  ProgramArguments: mri_label2label -all-info  ProgramVersion: 7.3.2  TimeStamp: 2026/03/08-22:35:11-GMT  BuildTime: Aug  4 2022 06:17:15  BuildStamp: freesurfer-linux-ubuntu22_x86_64-7.3.2-20220804-6354275  User: oesteban  Machine: dna075  Platform: Linux  PlatformVersion: 5.14.0-427.37.1.el9_4.x86_64  CompilerName: GCC  CompilerVersion: 8.4.0
ProgramName: mri_label2vol  ProgramArguments: mri_label2vol -all-info  ProgramVersion: 7.3.2  TimeStamp: 2026/03/08-22:35:11-GMT  BuildTime: Aug  4 2022 06:17:15  BuildStamp: freesurfer-linux-ubuntu22_x86_64-7.3.2-20220804-6354275  User: oesteban  Machine: dna075  Platform: Linux  PlatformVersion: 5.14.0-427.37.1.el9_4.x86_64  CompilerName: GCC  CompilerVersion: 8.4.0
ProgramName: mri_log_likelihood  ProgramArguments: mri_log_likelihood -all-info  ProgramVersion: 7.3.2  TimeStamp: 2026/03/08-22:35:11-GMT  BuildTime: Aug  4 2022 06:17:15  BuildStamp: freesurfer-linux-ubuntu22_x86_64-7.3.2-20220804-6354275  User: oesteban  Machine: dna075  Platform: Linux  PlatformVersion: 5.14.0-427.37.1.el9_4.x86_64  CompilerName: GCC  CompilerVersion: 8.4.0
ProgramName: mri_mask  ProgramArguments: mri_mask -all-info  ProgramVersion: 7.3.2  TimeStamp: 2026/03/08-22:35:11-GMT  BuildTime: Aug  4 2022 06:17:15  BuildStamp: freesurfer-linux-ubuntu22_x86_64-7.3.2-20220804-6354275  User: oesteban  Machine: dna075  Platform: Linux  PlatformVersion: 5.14.0-427.37.1.el9_4.x86_64  CompilerName: GCC  CompilerVersion: 8.4.0
ProgramName: mri_matrix_multiply  ProgramArguments: mri_matrix_multiply -all-info  ProgramVersion: 7.3.2  TimeStamp: 2026/03/08-22:35:11-GMT  BuildTime: Aug  4 2022 06:17:15  BuildStamp: freesurfer-linux-ubuntu22_x86_64-7.3.2-20220804-6354275  User: oesteban  Machine: dna075  Platform: Linux  PlatformVersion: 5.14.0-427.37.1.el9_4.x86_64  CompilerName: GCC  CompilerVersion: 8.4.0
ProgramName: mri_normalize  ProgramArguments: mri_normalize -all-info  ProgramVersion: 7.3.2  TimeStamp: 2026/03/08-22:35:11-GMT  BuildTime: Aug  4 2022 06:17:15  BuildStamp: freesurfer-linux-ubuntu22_x86_64-7.3.2-20220804-6354275  User: oesteban  Machine: dna075  Platform: Linux  PlatformVersion: 5.14.0-427.37.1.el9_4.x86_64  CompilerName: GCC  CompilerVersion: 8.4.0
ProgramName: mri_normalize_tp2  ProgramArguments: mri_normalize_tp2 -all-info  ProgramVersion: 7.3.2  TimeStamp: 2026/03/08-22:35:11-GMT  BuildTime: Aug  4 2022 06:17:15  BuildStamp: freesurfer-linux-ubuntu22_x86_64-7.3.2-20220804-6354275  User: oesteban  Machine: dna075  Platform: Linux  PlatformVersion: 5.14.0-427.37.1.el9_4.x86_64  CompilerName: GCC  CompilerVersion: 8.4.0
ProgramName: mri_or  ProgramArguments: mri_or -all-info  ProgramVersion: 7.3.2  TimeStamp: 2026/03/08-22:35:11-GMT  BuildTime: Aug  4 2022 06:17:15  BuildStamp: freesurfer-linux-ubuntu22_x86_64-7.3.2-20220804-6354275  User: oesteban  Machine: dna075  Platform: Linux  PlatformVersion: 5.14.0-427.37.1.el9_4.x86_64  CompilerName: GCC  CompilerVersion: 8.4.0
ProgramName: mri_relabel_hypointensities  ProgramArguments: mri_relabel_hypointensities -all-info  ProgramVersion: 7.3.2  TimeStamp: 2026/03/08-22:35:11-GMT  BuildTime: Aug  4 2022 06:17:15  BuildStamp: freesurfer-linux-ubuntu22_x86_64-7.3.2-20220804-6354275  User: oesteban  Machine: dna075  Platform: Linux  PlatformVersion: 5.14.0-427.37.1.el9_4.x86_64  CompilerName: GCC  CompilerVersion: 8.4.0
ProgramName: mri_relabel_nonwm_hypos  ProgramArguments: mri_relabel_nonwm_hypos -all-info  ProgramVersion: 7.3.2  TimeStamp: 2026/03/08-22:35:11-GMT  BuildTime: Aug  4 2022 06:17:15  BuildStamp: freesurfer-linux-ubuntu22_x86_64-7.3.2-20220804-6354275  User: oesteban  Machine: dna075  Platform: Linux  PlatformVersion: 5.14.0-427.37.1.el9_4.x86_64  CompilerName: GCC  CompilerVersion: 8.4.0
ProgramName: mri_remove_neck  ProgramArguments: mri_remove_neck -all-info  ProgramVersion: 7.3.2  TimeStamp: 2026/03/08-22:35:11-GMT  BuildTime: Aug  4 2022 06:17:15  BuildStamp: freesurfer-linux-ubuntu22_x86_64-7.3.2-20220804-6354275  User: oesteban  Machine: dna075  Platform: Linux  PlatformVersion: 5.14.0-427.37.1.el9_4.x86_64  CompilerName: GCC  CompilerVersion: 8.4.0
7.3.2

ProgramName: mri_robust_register  ProgramArguments: mri_robust_register -all-info  ProgramVersion: 7.3.2  TimeStamp: 2026/03/08-22:35:11-GMT  BuildTime: Aug  4 2022 06:17:15  BuildStamp: freesurfer-linux-ubuntu22_x86_64-7.3.2-20220804-6354275  User: oesteban  Machine: dna075  Platform: Linux  PlatformVersion: 5.14.0-427.37.1.el9_4.x86_64  CompilerName: GCC  CompilerVersion: 8.4.0
7.3.2

ProgramName: mri_robust_template  ProgramArguments: mri_robust_template -all-info  ProgramVersion: 7.3.2  TimeStamp: 2026/03/08-22:35:11-GMT  BuildTime: Aug  4 2022 06:17:15  BuildStamp: freesurfer-linux-ubuntu22_x86_64-7.3.2-20220804-6354275  User: oesteban  Machine: dna075  Platform: Linux  PlatformVersion: 5.14.0-427.37.1.el9_4.x86_64  CompilerName: GCC  CompilerVersion: 8.4.0
ProgramName: mris_anatomical_stats  ProgramArguments: mris_anatomical_stats -all-info  ProgramVersion: 7.3.2  TimeStamp: 2026/03/08-22:35:11-GMT  BuildTime: Aug  4 2022 06:17:15  BuildStamp: freesurfer-linux-ubuntu22_x86_64-7.3.2-20220804-6354275  User: oesteban  Machine: dna075  Platform: Linux  PlatformVersion: 5.14.0-427.37.1.el9_4.x86_64  CompilerName: GCC  CompilerVersion: 8.4.0
ProgramName: mris_ca_label  ProgramArguments: mris_ca_label -all-info  ProgramVersion: 7.3.2  TimeStamp: 2026/03/08-22:35:11-GMT  BuildTime: Aug  4 2022 06:17:15  BuildStamp: freesurfer-linux-ubuntu22_x86_64-7.3.2-20220804-6354275  User: oesteban  Machine: dna075  Platform: Linux  PlatformVersion: 5.14.0-427.37.1.el9_4.x86_64  CompilerName: GCC  CompilerVersion: 8.4.0
ProgramName: mris_calc  ProgramArguments: mris_calc -all-info  ProgramVersion: 7.3.2  TimeStamp: 2026/03/08-22:35:11-GMT  BuildTime: Aug  4 2022 06:17:15  BuildStamp: freesurfer-linux-ubuntu22_x86_64-7.3.2-20220804-6354275  User: oesteban  Machine: dna075  Platform: Linux  PlatformVersion: 5.14.0-427.37.1.el9_4.x86_64  CompilerName: GCC  CompilerVersion: 8.4.0
ProgramName: mris_convert  ProgramArguments: mris_convert -all-info  ProgramVersion: 7.3.2  TimeStamp: 2026/03/08-22:35:11-GMT  BuildTime: Aug  4 2022 06:17:15  BuildStamp: freesurfer-linux-ubuntu22_x86_64-7.3.2-20220804-6354275  User: oesteban  Machine: dna075  Platform: Linux  PlatformVersion: 5.14.0-427.37.1.el9_4.x86_64  CompilerName: GCC  CompilerVersion: 8.4.0
ProgramName: mris_curvature  ProgramArguments: mris_curvature -all-info  ProgramVersion: 7.3.2  TimeStamp: 2026/03/08-22:35:11-GMT  BuildTime: Aug  4 2022 06:17:15  BuildStamp: freesurfer-linux-ubuntu22_x86_64-7.3.2-20220804-6354275  User: oesteban  Machine: dna075  Platform: Linux  PlatformVersion: 5.14.0-427.37.1.el9_4.x86_64  CompilerName: GCC  CompilerVersion: 8.4.0
ProgramName: mris_curvature_stats  ProgramArguments: mris_curvature_stats -all-info  ProgramVersion: 7.3.2  TimeStamp: 2026/03/08-22:35:11-GMT  BuildTime: Aug  4 2022 06:17:15  BuildStamp: freesurfer-linux-ubuntu22_x86_64-7.3.2-20220804-6354275  User: oesteban  Machine: dna075  Platform: Linux  PlatformVersion: 5.14.0-427.37.1.el9_4.x86_64  CompilerName: GCC  CompilerVersion: 8.4.0
ProgramName: mris_diff  ProgramArguments: mris_diff -all-info  ProgramVersion: 7.3.2  TimeStamp: 2026/03/08-22:35:11-GMT  BuildTime: Aug  4 2022 06:17:15  BuildStamp: freesurfer-linux-ubuntu22_x86_64-7.3.2-20220804-6354275  User: oesteban  Machine: dna075  Platform: Linux  PlatformVersion: 5.14.0-427.37.1.el9_4.x86_64  CompilerName: GCC  CompilerVersion: 8.4.0
ProgramName: mris_divide_parcellation  ProgramArguments: mris_divide_parcellation -all-info  ProgramVersion: 7.3.2  TimeStamp: 2026/03/08-22:35:11-GMT  BuildTime: Aug  4 2022 06:17:15  BuildStamp: freesurfer-linux-ubuntu22_x86_64-7.3.2-20220804-6354275  User: oesteban  Machine: dna075  Platform: Linux  PlatformVersion: 5.14.0-427.37.1.el9_4.x86_64  CompilerName: GCC  CompilerVersion: 8.4.0
ProgramName: mri_segment  ProgramArguments: mri_segment -all-info  ProgramVersion: 7.3.2  TimeStamp: 2026/03/08-22:35:11-GMT  BuildTime: Aug  4 2022 06:17:15  BuildStamp: freesurfer-linux-ubuntu22_x86_64-7.3.2-20220804-6354275  User: oesteban  Machine: dna075  Platform: Linux  PlatformVersion: 5.14.0-427.37.1.el9_4.x86_64  CompilerName: GCC  CompilerVersion: 8.4.0
ProgramName: mri_segstats  ProgramArguments: mri_segstats -all-info  ProgramVersion: 7.3.2  TimeStamp: 2026/03/08-22:35:11-GMT  BuildTime: Aug  4 2022 06:17:15  BuildStamp: freesurfer-linux-ubuntu22_x86_64-7.3.2-20220804-6354275  User: oesteban  Machine: dna075  Platform: Linux  PlatformVersion: 5.14.0-427.37.1.el9_4.x86_64  CompilerName: GCC  CompilerVersion: 8.4.0
ProgramName: mris_euler_number  ProgramArguments: mris_euler_number -all-info  ProgramVersion: 7.3.2  TimeStamp: 2026/03/08-22:35:11-GMT  BuildTime: Aug  4 2022 06:17:15  BuildStamp: freesurfer-linux-ubuntu22_x86_64-7.3.2-20220804-6354275  User: oesteban  Machine: dna075  Platform: Linux  PlatformVersion: 5.14.0-427.37.1.el9_4.x86_64  CompilerName: GCC  CompilerVersion: 8.4.0
ProgramName: mris_fix_topology  ProgramArguments: mris_fix_topology -all-info  ProgramVersion: 7.3.2  TimeStamp: 2026/03/08-22:35:11-GMT  BuildTime: Aug  4 2022 06:17:15  BuildStamp: freesurfer-linux-ubuntu22_x86_64-7.3.2-20220804-6354275  User: oesteban  Machine: dna075  Platform: Linux  PlatformVersion: 5.14.0-427.37.1.el9_4.x86_64  CompilerName: GCC  CompilerVersion: 8.4.0
ProgramName: mris_topo_fixer  ProgramArguments: mris_topo_fixer -all-info  ProgramVersion: 7.3.2  TimeStamp: 2026/03/08-22:35:11-GMT  BuildTime: Aug  4 2022 06:17:15  BuildStamp: freesurfer-linux-ubuntu22_x86_64-7.3.2-20220804-6354275  User: oesteban  Machine: dna075  Platform: Linux  PlatformVersion: 5.14.0-427.37.1.el9_4.x86_64  CompilerName: GCC  CompilerVersion: 8.4.0
ProgramName: mris_jacobian  ProgramArguments: mris_jacobian -all-info  ProgramVersion: 7.3.2  TimeStamp: 2026/03/08-22:35:11-GMT  BuildTime: Aug  4 2022 06:17:15  BuildStamp: freesurfer-linux-ubuntu22_x86_64-7.3.2-20220804-6354275  User: oesteban  Machine: dna075  Platform: Linux  PlatformVersion: 5.14.0-427.37.1.el9_4.x86_64  CompilerName: GCC  CompilerVersion: 8.4.0
ProgramName: mris_label2annot  ProgramArguments: mris_label2annot -all-info  ProgramVersion: 7.3.2  TimeStamp: 2026/03/08-22:35:11-GMT  BuildTime: Aug  4 2022 06:17:15  BuildStamp: freesurfer-linux-ubuntu22_x86_64-7.3.2-20220804-6354275  User: oesteban  Machine: dna075  Platform: Linux  PlatformVersion: 5.14.0-427.37.1.el9_4.x86_64  CompilerName: GCC  CompilerVersion: 8.4.0
ProgramName: mris_left_right_register  ProgramArguments: mris_left_right_register -all-info  ProgramVersion: 7.3.2  TimeStamp: 2026/03/08-22:35:11-GMT  BuildTime: Aug  4 2022 06:17:15  BuildStamp: freesurfer-linux-ubuntu22_x86_64-7.3.2-20220804-6354275  User: oesteban  Machine: dna075  Platform: Linux  PlatformVersion: 5.14.0-427.37.1.el9_4.x86_64  CompilerName: GCC  CompilerVersion: 8.4.0
ProgramName: mris_place_surface  ProgramArguments: mris_place_surface -all-info  ProgramVersion: 7.3.2  TimeStamp: 2026/03/08-22:35:11-GMT  BuildTime: Aug  4 2022 06:17:15  BuildStamp: freesurfer-linux-ubuntu22_x86_64-7.3.2-20220804-6354275  User: oesteban  Machine: dna075  Platform: Linux  PlatformVersion: 5.14.0-427.37.1.el9_4.x86_64  CompilerName: GCC  CompilerVersion: 8.4.0
ProgramName: mrisp_paint  ProgramArguments: mrisp_paint -all-info  ProgramVersion: 7.3.2  TimeStamp: 2026/03/08-22:35:11-GMT  BuildTime: Aug  4 2022 06:17:15  BuildStamp: freesurfer-linux-ubuntu22_x86_64-7.3.2-20220804-6354275  User: oesteban  Machine: dna075  Platform: Linux  PlatformVersion: 5.14.0-427.37.1.el9_4.x86_64  CompilerName: GCC  CompilerVersion: 8.4.0
ProgramName: mris_register  ProgramArguments: mris_register -all-info  ProgramVersion: 7.3.2  TimeStamp: 2026/03/08-22:35:11-GMT  BuildTime: Aug  4 2022 06:17:15  BuildStamp: freesurfer-linux-ubuntu22_x86_64-7.3.2-20220804-6354275  User: oesteban  Machine: dna075  Platform: Linux  PlatformVersion: 5.14.0-427.37.1.el9_4.x86_64  CompilerName: GCC  CompilerVersion: 8.4.0
ProgramName: mris_smooth  ProgramArguments: mris_smooth -all-info  ProgramVersion: 7.3.2  TimeStamp: 2026/03/08-22:35:11-GMT  BuildTime: Aug  4 2022 06:17:15  BuildStamp: freesurfer-linux-ubuntu22_x86_64-7.3.2-20220804-6354275  User: oesteban  Machine: dna075  Platform: Linux  PlatformVersion: 5.14.0-427.37.1.el9_4.x86_64  CompilerName: GCC  CompilerVersion: 8.4.0
ProgramName: mris_sphere  ProgramArguments: mris_sphere -all-info  ProgramVersion: 7.3.2  TimeStamp: 2026/03/08-22:35:11-GMT  BuildTime: Aug  4 2022 06:17:15  BuildStamp: freesurfer-linux-ubuntu22_x86_64-7.3.2-20220804-6354275  User: oesteban  Machine: dna075  Platform: Linux  PlatformVersion: 5.14.0-427.37.1.el9_4.x86_64  CompilerName: GCC  CompilerVersion: 8.4.0
ProgramName: mris_surface_stats  ProgramArguments: mris_surface_stats -all-info  ProgramVersion: 7.3.2  TimeStamp: 2026/03/08-22:35:11-GMT  BuildTime: Aug  4 2022 06:17:15  BuildStamp: freesurfer-linux-ubuntu22_x86_64-7.3.2-20220804-6354275  User: oesteban  Machine: dna075  Platform: Linux  PlatformVersion: 5.14.0-427.37.1.el9_4.x86_64  CompilerName: GCC  CompilerVersion: 8.4.0
ProgramName: mri_stats2seg  ProgramArguments: mri_stats2seg -all-info  ProgramVersion: 7.3.2  TimeStamp: 2026/03/08-22:35:11-GMT  BuildTime: Aug  4 2022 06:17:15  BuildStamp: freesurfer-linux-ubuntu22_x86_64-7.3.2-20220804-6354275  User: oesteban  Machine: dna075  Platform: Linux  PlatformVersion: 5.14.0-427.37.1.el9_4.x86_64  CompilerName: GCC  CompilerVersion: 8.4.0
ProgramName: mris_thickness  ProgramArguments: mris_thickness -all-info  ProgramVersion: 7.3.2  TimeStamp: 2026/03/08-22:35:11-GMT  BuildTime: Aug  4 2022 06:17:15  BuildStamp: freesurfer-linux-ubuntu22_x86_64-7.3.2-20220804-6354275  User: oesteban  Machine: dna075  Platform: Linux  PlatformVersion: 5.14.0-427.37.1.el9_4.x86_64  CompilerName: GCC  CompilerVersion: 8.4.0
ProgramName: mris_thickness_diff  ProgramArguments: mris_thickness_diff -all-info  ProgramVersion: 7.3.2  TimeStamp: 2026/03/08-22:35:11-GMT  BuildTime: Aug  4 2022 06:17:15  BuildStamp: freesurfer-linux-ubuntu22_x86_64-7.3.2-20220804-6354275  User: oesteban  Machine: dna075  Platform: Linux  PlatformVersion: 5.14.0-427.37.1.el9_4.x86_64  CompilerName: GCC  CompilerVersion: 8.4.0
ProgramName: mris_topo_fixer  ProgramArguments: mris_topo_fixer -all-info  ProgramVersion: 7.3.2  TimeStamp: 2026/03/08-22:35:11-GMT  BuildTime: Aug  4 2022 06:17:15  BuildStamp: freesurfer-linux-ubuntu22_x86_64-7.3.2-20220804-6354275  User: oesteban  Machine: dna075  Platform: Linux  PlatformVersion: 5.14.0-427.37.1.el9_4.x86_64  CompilerName: GCC  CompilerVersion: 8.4.0
ProgramName: mri_surf2surf  ProgramArguments: mri_surf2surf -all-info  ProgramVersion: 7.3.2  TimeStamp: 2026/03/08-22:35:11-GMT  BuildTime: Aug  4 2022 06:17:15  BuildStamp: freesurfer-linux-ubuntu22_x86_64-7.3.2-20220804-6354275  User: oesteban  Machine: dna075  Platform: Linux  PlatformVersion: 5.14.0-427.37.1.el9_4.x86_64  CompilerName: GCC  CompilerVersion: 8.4.0
ProgramName: mri_surf2vol  ProgramArguments: mri_surf2vol -all-info  ProgramVersion: 7.3.2  TimeStamp: 2026/03/08-22:35:11-GMT  BuildTime: Aug  4 2022 06:17:15  BuildStamp: freesurfer-linux-ubuntu22_x86_64-7.3.2-20220804-6354275  User: oesteban  Machine: dna075  Platform: Linux  PlatformVersion: 5.14.0-427.37.1.el9_4.x86_64  CompilerName: GCC  CompilerVersion: 8.4.0
ProgramName: mri_surfcluster  ProgramArguments: mri_surfcluster -all-info  ProgramVersion: 7.3.2  TimeStamp: 2026/03/08-22:35:11-GMT  BuildTime: Aug  4 2022 06:17:15  BuildStamp: freesurfer-linux-ubuntu22_x86_64-7.3.2-20220804-6354275  User: oesteban  Machine: dna075  Platform: Linux  PlatformVersion: 5.14.0-427.37.1.el9_4.x86_64  CompilerName: GCC  CompilerVersion: 8.4.0
ProgramName: mris_volmask  ProgramArguments: mris_volmask -all-info  ProgramVersion: 7.3.2  TimeStamp: 2026/03/08-22:35:11-GMT  BuildTime: Aug  4 2022 06:17:15  BuildStamp: freesurfer-linux-ubuntu22_x86_64-7.3.2-20220804-6354275  User: oesteban  Machine: dna075  Platform: Linux  PlatformVersion: 5.14.0-427.37.1.el9_4.x86_64  CompilerName: GCC  CompilerVersion: 8.4.0
ProgramName: mri_tessellate  ProgramArguments: mri_tessellate -all-info  ProgramVersion: 7.3.2  TimeStamp: 2026/03/08-22:35:11-GMT  BuildTime: Aug  4 2022 06:17:15  BuildStamp: freesurfer-linux-ubuntu22_x86_64-7.3.2-20220804-6354275  User: oesteban  Machine: dna075  Platform: Linux  PlatformVersion: 5.14.0-427.37.1.el9_4.x86_64  CompilerName: GCC  CompilerVersion: 8.4.0
ProgramName: mri_vol2surf  ProgramArguments: mri_vol2surf -all-info  ProgramVersion: 7.3.2  TimeStamp: 2026/03/08-22:35:11-GMT  BuildTime: Aug  4 2022 06:17:15  BuildStamp: freesurfer-linux-ubuntu22_x86_64-7.3.2-20220804-6354275  User: oesteban  Machine: dna075  Platform: Linux  PlatformVersion: 5.14.0-427.37.1.el9_4.x86_64  CompilerName: GCC  CompilerVersion: 8.4.0
ProgramName: mri_vol2vol  ProgramArguments: mri_vol2vol -all-info  ProgramVersion: 7.3.2  TimeStamp: 2026/03/08-22:35:11-GMT  BuildTime: Aug  4 2022 06:17:15  BuildStamp: freesurfer-linux-ubuntu22_x86_64-7.3.2-20220804-6354275  User: oesteban  Machine: dna075  Platform: Linux  PlatformVersion: 5.14.0-427.37.1.el9_4.x86_64  CompilerName: GCC  CompilerVersion: 8.4.0
ProgramName: mri_voldiff  ProgramArguments: mri_voldiff -all-info  ProgramVersion: 7.3.2  TimeStamp: 2026/03/08-22:35:11-GMT  BuildTime: Aug  4 2022 06:17:15  BuildStamp: freesurfer-linux-ubuntu22_x86_64-7.3.2-20220804-6354275  User: oesteban  Machine: dna075  Platform: Linux  PlatformVersion: 5.14.0-427.37.1.el9_4.x86_64  CompilerName: GCC  CompilerVersion: 8.4.0
ProgramName: mri_watershed  ProgramArguments: mri_watershed -all-info  ProgramVersion: 7.3.2  TimeStamp: 2026/03/08-22:35:11-GMT  BuildTime: Aug  4 2022 06:17:15  BuildStamp: freesurfer-linux-ubuntu22_x86_64-7.3.2-20220804-6354275  User: oesteban  Machine: dna075  Platform: Linux  PlatformVersion: 5.14.0-427.37.1.el9_4.x86_64  CompilerName: GCC  CompilerVersion: 8.4.0
ProgramName: tkregister2  ProgramArguments: tkregister2_cmdl -all-info  ProgramVersion: 7.3.2  TimeStamp: 2026/03/08-22:35:11-GMT  BuildTime: Aug  4 2022 06:17:15  BuildStamp: freesurfer-linux-ubuntu22_x86_64-7.3.2-20220804-6354275  User: oesteban  Machine: dna075  Platform: Linux  PlatformVersion: 5.14.0-427.37.1.el9_4.x86_64  CompilerName: GCC  CompilerVersion: 8.4.0
mri_motion_correct.fsl 7.3.2
mri_convert -all-info 
ProgramName: mri_convert  ProgramArguments: mri_convert -all-info  ProgramVersion: 7.3.2  TimeStamp: 2026/03/08-22:35:11-GMT  BuildTime: Aug  4 2022 06:17:15  BuildStamp: freesurfer-linux-ubuntu22_x86_64-7.3.2-20220804-6354275  User: oesteban  Machine: dna075  Platform: Linux  PlatformVersion: 5.14.0-427.37.1.el9_4.x86_64  CompilerName: GCC  CompilerVersion: 8.4.0
Program nu_correct, built from:
Package MNI N3, version 1.12.0, compiled by nicks@terrier (x86_64-unknown-linux-gnu) on 2015-06-19 at 01:25:34
#######################################
GCADIR /opt/freesurfer/average
GCA RB_all_2020-01-02.gca
GCASkull RB_all_withskull_2020_01_02.gca
AvgCurvTif folding.atlas.acfb40.noaparc.i12.2016-08-02.tif
GCSDIR /opt/freesurfer/average
GCS DKaparc.atlas.acfb40.noaparc.i12.2016-08-02.gcs
#######################################
#--------------------------------------
#@# CA Normalize Sun Mar  8 23:35:11 CET 2026
/out/sourcedata/freesurfer/sub-v1s16x0051181_ses-1/mri

 mri_ca_normalize -c ctrl_pts.mgz -mask brainmask.mgz nu.mgz /opt/freesurfer/average/RB_all_2020-01-02.gca transforms/talairach.lta norm.mgz 

writing control point volume to ctrl_pts.mgz
using MR volume brainmask.mgz to mask input volume...
reading 1 input volume
reading atlas from '/opt/freesurfer/average/RB_all_2020-01-02.gca'...
reading transform from 'transforms/talairach.lta'...
reading input volume from nu.mgz...
resetting wm mean[0]: 98 --> 107
resetting gm mean[0]: 61 --> 61
input volume #1 is the most T1-like
using real data threshold=23.1
skull bounding box = (68, 35, 46) --> (198, 140, 213)
finding center of left hemi white matter
using (111, 70, 130) as brain centroid of Right_Cerebral_White_Matter...
mean wm in atlas = 107, using box (95,57,109) --> (126, 82,150) to find MRI wm
before smoothing, mri peak at 107
robust fit to distribution - 106 +- 4.5
after smoothing, mri peak at 107, scaling input intensities by 1.000
scaling channel 0 by 1
using 246437 sample points...
INFO: compute sample coordinates transform
 1.11793   0.00000   0.00000  -24.14684;
 0.00000   1.11667  -0.12783   27.50058;
 0.00000   0.15318   1.01170  -34.03882;
 0.00000   0.00000   0.00000   1.00000;
INFO: transform used
finding control points in Left_Cerebral_White_Matter....
found 40230 control points for structure...
bounding box (134, 35, 43) --> (193, 144, 209)
Left_Cerebral_White_Matter: limiting intensities to 91.0 --> 132.0
7 of 6254 (0.1%) samples deleted
finding control points in Right_Cerebral_White_Matter....
found 39478 control points for structure...
bounding box (77, 35, 45) --> (136, 146, 210)
Right_Cerebral_White_Matter: limiting intensities to 90.0 --> 132.0
6 of 5363 (0.1%) samples deleted
finding control points in Left_Cerebellum_White_Matter....
found 3105 control points for structure...
bounding box (136, 106, 60) --> (179, 147, 115)
Left_Cerebellum_White_Matter: limiting intensities to 88.0 --> 132.0
30 of 277 (10.8%) samples deleted
finding control points in Right_Cerebellum_White_Matter....
found 2710 control points for structure...
bounding box (95, 106, 59) --> (134, 147, 116)
Right_Cerebellum_White_Matter: limiting intensities to 88.0 --> 132.0
12 of 139 (8.6%) samples deleted
finding control points in Brain_Stem....
found 3475 control points for structure...
bounding box (120, 105, 93) --> (150, 164, 127)
Brain_Stem: limiting intensities to 92.0 --> 132.0
0 of 470 (0.0%) samples deleted
using 12503 total control points for intensity normalization...
bias field = 0.982 +- 0.063
87 of 12448 control points discarded
finding control points in Left_Cerebral_White_Matter....
found 40230 control points for structure...
bounding box (134, 35, 43) --> (193, 144, 209)
Left_Cerebral_White_Matter: limiting intensities to 93.0 --> 132.0
60 of 6336 (0.9%) samples deleted
finding control points in Right_Cerebral_White_Matter....
found 39478 control points for structure...
bounding box (77, 35, 45) --> (136, 146, 210)
Right_Cerebral_White_Matter: limiting intensities to 92.0 --> 132.0
5 of 5463 (0.1%) samples deleted
finding control points in Left_Cerebellum_White_Matter....
found 3105 control points for structure...
bounding box (136, 106, 60) --> (179, 147, 115)
Left_Cerebellum_White_Matter: limiting intensities to 88.0 --> 132.0
117 of 306 (38.2%) samples deleted
finding control points in Right_Cerebellum_White_Matter....
found 2710 control points for structure...
bounding box (95, 106, 59) --> (134, 147, 116)
Right_Cerebellum_White_Matter: limiting intensities to 88.0 --> 132.0
53 of 150 (35.3%) samples deleted
finding control points in Brain_Stem....
found 3475 control points for structure...
bounding box (120, 105, 93) --> (150, 164, 127)
Brain_Stem: limiting intensities to 88.0 --> 132.0
21 of 518 (4.1%) samples deleted
using 12773 total control points for intensity normalization...
bias field = 0.987 +- 0.052
84 of 12410 control points discarded
finding control points in Left_Cerebral_White_Matter....
found 40230 control points for structure...
bounding box (134, 35, 43) --> (193, 144, 209)
Left_Cerebral_White_Matter: limiting intensities to 94.0 --> 132.0
53 of 6281 (0.8%) samples deleted
finding control points in Right_Cerebral_White_Matter....
found 39478 control points for structure...
bounding box (77, 35, 45) --> (136, 146, 210)
Right_Cerebral_White_Matter: limiting intensities to 92.0 --> 132.0
19 of 5480 (0.3%) samples deleted
finding control points in Left_Cerebellum_White_Matter....
found 3105 control points for structure...
bounding box (136, 106, 60) --> (179, 147, 115)
Left_Cerebellum_White_Matter: limiting intensities to 88.0 --> 132.0
270 of 333 (81.1%) samples deleted
finding control points in Right_Cerebellum_White_Matter....
found 2710 control points for structure...
bounding box (95, 106, 59) --> (134, 147, 116)
Right_Cerebellum_White_Matter: limiting intensities to 95.0 --> 132.0
162 of 177 (91.5%) samples deleted
finding control points in Brain_Stem....
found 3475 control points for structure...
bounding box (120, 105, 93) --> (150, 164, 127)
Brain_Stem: limiting intensities to 88.0 --> 132.0
65 of 582 (11.2%) samples deleted
using 12853 total control points for intensity normalization...
bias field = 0.991 +- 0.046
74 of 12173 control points discarded
writing normalized volume to norm.mgz...
writing control points to ctrl_pts.mgz
freeing GCA...done.
normalization took 0 minutes and 55 seconds.
#--------------------------------------
#@# CA Reg Sun Mar  8 23:36:06 CET 2026
/out/sourcedata/freesurfer/sub-v1s16x0051181_ses-1/mri

 mri_ca_register -nobigventricles -T transforms/talairach.lta -align-after -mask brainmask.mgz norm.mgz /opt/freesurfer/average/RB_all_2020-01-02.gca transforms/talairach.m3z 

not handling expanded ventricles...
using previously computed transform transforms/talairach.lta
renormalizing sequences with structure alignment, equivalent to:
	-renormalize
	-regularize_mean 0.500
	-regularize 0.500
using MR volume brainmask.mgz to mask input volume...

== Number of threads available to mri_ca_register for OpenMP = 16 == 
reading 1 input volumes...
logging results to talairach.log
reading input volume 'norm.mgz'...
reading GCA '/opt/freesurfer/average/RB_all_2020-01-02.gca'...
label assignment complete, 0 changed (0.00%)
freeing gibbs priors...done.
average std[0] = 5.0
Starting GCAMregister()
label assignment complete, 0 changed (0.00%)
npasses = 1, nlevels = 6
#pass# 1 of 1 ************************
enabling zero nodes
setting smoothness cost coefficient to 0.156

#GCAMreg# pass 0 level1 5 level2 0 tsec 0 sigma 2
l_jacobian=1.00 l_label=1.00 l_log_likelihood=0.20 l_smoothness=0.16 
tol=2.50e-01, dt=5.00e-02, exp_k=20.0, momentum=0.90, levels=6, niter=500, lbl_dist=10.00, avgs=256, sigma=2.0,type=2, relabel=0, neg=no

blurring input image with Gaussian with sigma=2.000...
GCAMRegisterLevel(): init RMS 0.802532
#FOTS# QuadFit found better minimum quadopt=(dt=221.952,rms=0.750649) vs oldopt=(dt=369.92,rms=0.767271)
#GCMRL#    0 dt 221.952000 rms  0.751  6.465% neg 0  invalid 762 tFOTS 2.6970 tGradient 2.4270 tsec 5.3520
#FOTS# QuadFit found better minimum quadopt=(dt=208.142,rms=0.731828) vs oldopt=(dt=92.48,rms=0.737818)
#GCMRL#    1 dt 208.141593 rms  0.732  2.507% neg 0  invalid 762 tFOTS 2.8390 tGradient 2.0500 tsec 5.1190
#FOTS# QuadFit found better minimum quadopt=(dt=165.913,rms=0.721756) vs oldopt=(dt=92.48,rms=0.724101)
#GCMRL#    2 dt 165.913043 rms  0.722  1.376% neg 0  invalid 762 tFOTS 2.8910 tGradient 2.2720 tsec 5.3920
#FOTS# QuadFit found better minimum quadopt=(dt=221.952,rms=0.714936) vs oldopt=(dt=369.92,rms=0.71597)
#GCMRL#    3 dt 221.952000 rms  0.715  0.945% neg 0  invalid 762 tFOTS 2.6910 tGradient 2.2410 tsec 5.1580
#FOTS# QuadFit found better minimum quadopt=(dt=165.333,rms=0.710324) vs oldopt=(dt=92.48,rms=0.71156)
#GCMRL#    4 dt 165.333333 rms  0.710  0.645% neg 0  invalid 762 tFOTS 2.8570 tGradient 2.3500 tsec 5.4350
#FOTS# QuadFit found better minimum quadopt=(dt=295.936,rms=0.706228) vs oldopt=(dt=369.92,rms=0.706392)
#GCMRL#    5 dt 295.936000 rms  0.706  0.577% neg 0  invalid 762 tFOTS 2.7010 tGradient 2.2030 tsec 5.1400
#FOTS# QuadFit found better minimum quadopt=(dt=129.472,rms=0.702842) vs oldopt=(dt=92.48,rms=0.703287)
#GCMRL#    6 dt 129.472000 rms  0.703  0.480% neg 0  invalid 762 tFOTS 3.0360 tGradient 2.2740 tsec 5.5310
#FOTS# QuadFit found better minimum quadopt=(dt=517.888,rms=0.6989) vs oldopt=(dt=369.92,rms=0.699372)
#GCMRL#    7 dt 517.888000 rms  0.699  0.561% neg 0  invalid 762 tFOTS 2.9310 tGradient 2.3430 tsec 5.5030
#FOTS# QuadFit found better minimum quadopt=(dt=129.472,rms=0.696048) vs oldopt=(dt=92.48,rms=0.696283)
#GCMRL#    8 dt 129.472000 rms  0.696  0.408% neg 0  invalid 762 tFOTS 3.1400 tGradient 2.0510 tsec 5.4210
#FOTS# QuadFit found better minimum quadopt=(dt=295.936,rms=0.694771) vs oldopt=(dt=369.92,rms=0.694825)
#GCMRL#    9 dt 295.936000 rms  0.695  0.000% neg 0  invalid 762 tFOTS 3.0550 tGradient 2.1360 tsec 5.4500
#GCMRL#   10 dt 295.936000 rms  0.694  0.067% neg 0  invalid 762 tFOTS 0.0000 tGradient 2.1920 tsec 2.4060
#GCMRL#   11 dt 295.936000 rms  0.691  0.462% neg 0  invalid 762 tFOTS 0.0000 tGradient 2.1000 tsec 2.3090
#GCMRL#   12 dt 295.936000 rms  0.688  0.502% neg 0  invalid 762 tFOTS 0.0000 tGradient 2.2590 tsec 2.4880
#GCMRL#   13 dt 295.936000 rms  0.686  0.198% neg 0  invalid 762 tFOTS 0.0000 tGradient 2.3020 tsec 2.5180
#GCMRL#   14 dt 295.936000 rms  0.684  0.358% neg 0  invalid 762 tFOTS 0.0000 tGradient 2.2520 tsec 2.4630
#GCMRL#   15 dt 295.936000 rms  0.681  0.436% neg 0  invalid 762 tFOTS 0.0000 tGradient 2.2650 tsec 2.4750
#GCMRL#   16 dt 295.936000 rms  0.680  0.128% neg 0  invalid 762 tFOTS 0.0000 tGradient 2.1770 tsec 2.3940
#GCMRL#   17 dt 295.936000 rms  0.679  0.203% neg 0  invalid 762 tFOTS 0.0000 tGradient 2.4380 tsec 2.6470
#GCMRL#   18 dt 295.936000 rms  0.677  0.298% neg 0  invalid 762 tFOTS 0.0000 tGradient 2.3840 tsec 2.5920
#GCMRL#   19 dt 295.936000 rms  0.675  0.177% neg 0  invalid 762 tFOTS 0.0000 tGradient 2.3550 tsec 2.5690
#GCMRL#   20 dt 295.936000 rms  0.675  0.057% neg 0  invalid 762 tFOTS 0.0000 tGradient 2.4640 tsec 2.6820
#GCMRL#   21 dt 295.936000 rms  0.674  0.203% neg 0  invalid 762 tFOTS 0.0000 tGradient 2.2680 tsec 2.4870
#GCMRL#   22 dt 295.936000 rms  0.672  0.189% neg 0  invalid 762 tFOTS 0.0000 tGradient 2.2180 tsec 2.4340
#GCMRL#   23 dt 295.936000 rms  0.672  0.059% neg 0  invalid 762 tFOTS 0.0000 tGradient 2.1830 tsec 2.3990
#GCMRL#   24 dt 295.936000 rms  0.671  0.086% neg 0  invalid 762 tFOTS 0.0000 tGradient 2.1640 tsec 2.4020
#GCMRL#   25 dt 295.936000 rms  0.670  0.149% neg 0  invalid 762 tFOTS 0.0000 tGradient 2.2840 tsec 2.5010
#GCMRL#   26 dt 295.936000 rms  0.670  0.085% neg 0  invalid 762 tFOTS 0.0000 tGradient 2.2100 tsec 2.4260
#GCMRL#   27 dt 295.936000 rms  0.670  0.038% neg 0  invalid 762 tFOTS 0.0000 tGradient 2.3780 tsec 2.6030
#FOTS# QuadFit found better minimum quadopt=(dt=110.976,rms=0.668985) vs oldopt=(dt=92.48,rms=0.668996)
#GCMRL#   28 dt 110.976000 rms  0.669  0.080% neg 0  invalid 762 tFOTS 3.0500 tGradient 2.1890 tsec 5.4670
#FOTS# QuadFit found better minimum quadopt=(dt=295.936,rms=0.668857) vs oldopt=(dt=369.92,rms=0.66886)
#GCMRL#   29 dt 295.936000 rms  0.669  0.000% neg 0  invalid 762 tFOTS 3.2210 tGradient 2.1790 tsec 5.6510

#GCAMreg# pass 0 level1 5 level2 1 tsec 120.268 sigma 0.5
l_jacobian=1.00 l_label=1.00 l_log_likelihood=0.20 l_smoothness=0.16 
tol=2.50e-01, dt=5.00e-02, exp_k=20.0, momentum=0.90, levels=6, niter=500, lbl_dist=10.00, avgs=256, sigma=0.5,type=2, relabel=0, neg=no

blurring input image with Gaussian with sigma=0.500...
GCAMRegisterLevel(): init RMS 0.66942
#FOTS# QuadFit found better minimum quadopt=(dt=129.472,rms=0.668238) vs oldopt=(dt=92.48,rms=0.668357)
#GCMRL#   31 dt 129.472000 rms  0.668  0.177% neg 0  invalid 762 tFOTS 3.1110 tGradient 2.1860 tsec 5.5340
#GCMRL#   32 dt 369.920000 rms  0.668  0.000% neg 0  invalid 762 tFOTS 3.3320 tGradient 2.2040 tsec 5.7840
#GCMRL#   33 dt 369.920000 rms  0.668  0.017% neg 0  invalid 762 tFOTS 0.0000 tGradient 2.2470 tsec 2.4670
#GCMRL#   34 dt 369.920000 rms  0.668  0.023% neg 0  invalid 762 tFOTS 0.0000 tGradient 2.1840 tsec 2.3970
#GCMRL#   35 dt 369.920000 rms  0.667  0.020% neg 0  invalid 762 tFOTS 0.0000 tGradient 2.2440 tsec 2.4570
setting smoothness cost coefficient to 0.615

#GCAMreg# pass 0 level1 4 level2 0 tsec 0 sigma 2
l_jacobian=1.00 l_label=1.00 l_log_likelihood=0.20 l_smoothness=0.62 
tol=2.50e-01, dt=5.00e-02, exp_k=20.0, momentum=0.90, levels=6, niter=500, lbl_dist=10.00, avgs=64, sigma=2.0,type=2, relabel=0, neg=no

blurring input image with Gaussian with sigma=2.000...
GCAMRegisterLevel(): init RMS 0.681789
#FOTS# QuadFit found better minimum quadopt=(dt=36.288,rms=0.679672) vs oldopt=(dt=25.92,rms=0.679952)
#GCMRL#   37 dt  36.288000 rms  0.680  0.310% neg 0  invalid 762 tFOTS 3.1540 tGradient 1.6860 tsec 5.0670
#FOTS# QuadFit found better minimum quadopt=(dt=36.288,rms=0.67886) vs oldopt=(dt=25.92,rms=0.679025)
#GCMRL#   38 dt  36.288000 rms  0.679  0.000% neg 0  invalid 762 tFOTS 2.9590 tGradient 1.7390 tsec 4.9620
#GCMRL#   39 dt  36.288000 rms  0.678  0.097% neg 0  invalid 762 tFOTS 0.0000 tGradient 1.8040 tsec 2.0200
#GCMRL#   40 dt  36.288000 rms  0.678  0.103% neg 0  invalid 762 tFOTS 0.0000 tGradient 1.7520 tsec 1.9680
#GCMRL#   41 dt  36.288000 rms  0.677  0.070% neg 0  invalid 762 tFOTS 0.0000 tGradient 1.8250 tsec 2.0380
#GCMRL#   42 dt  36.288000 rms  0.676  0.121% neg 0  invalid 762 tFOTS 0.0000 tGradient 1.6560 tsec 1.8710
#GCMRL#   43 dt  36.288000 rms  0.675  0.224% neg 0  invalid 762 tFOTS 0.0000 tGradient 1.6160 tsec 1.8280
#GCMRL#   44 dt  36.288000 rms  0.672  0.340% neg 0  invalid 762 tFOTS 0.0000 tGradient 1.7250 tsec 1.9700
#GCMRL#   45 dt  36.288000 rms  0.669  0.445% neg 0  invalid 762 tFOTS 0.0000 tGradient 1.6180 tsec 1.8310
#GCMRL#   46 dt  36.288000 rms  0.666  0.493% neg 0  invalid 762 tFOTS 0.0000 tGradient 1.6900 tsec 1.9050
#GCMRL#   47 dt  36.288000 rms  0.663  0.455% neg 0  invalid 762 tFOTS 0.0000 tGradient 1.7450 tsec 1.9620
#GCMRL#   48 dt  36.288000 rms  0.661  0.383% neg 0  invalid 762 tFOTS 0.0000 tGradient 1.7420 tsec 1.9520
#GCMRL#   49 dt  36.288000 rms  0.659  0.282% neg 0  invalid 762 tFOTS 0.0000 tGradient 1.7000 tsec 1.9170
#GCMRL#   50 dt  36.288000 rms  0.658  0.169% neg 0  invalid 762 tFOTS 0.0000 tGradient 1.6890 tsec 1.9050
#GCMRL#   51 dt  36.288000 rms  0.657  0.064% neg 0  invalid 762 tFOTS 0.0000 tGradient 1.7670 tsec 1.9830
#GCMRL#   52 dt  36.288000 rms  0.657 -0.019% neg 0  invalid 762 tFOTS 0.0000 tGradient 1.7360 tsec 2.1110

#GCAMreg# pass 0 level1 4 level2 1 tsec 50.658 sigma 0.5
l_jacobian=1.00 l_label=1.00 l_log_likelihood=0.20 l_smoothness=0.62 
tol=2.50e-01, dt=5.00e-02, exp_k=20.0, momentum=0.90, levels=6, niter=500, lbl_dist=10.00, avgs=64, sigma=0.5,type=2, relabel=0, neg=no

blurring input image with Gaussian with sigma=0.500...
GCAMRegisterLevel(): init RMS 0.657737
#FOTS# QuadFit found better minimum quadopt=(dt=0.00221484,rms=0.657153) vs oldopt=(dt=0.00158203,rms=0.657153)
#GCMRL#   54 dt   0.002215 rms  0.657  0.089% neg 0  invalid 762 tFOTS 4.1520 tGradient 1.7290 tsec 6.1090
setting smoothness cost coefficient to 2.353

#GCAMreg# pass 0 level1 3 level2 0 tsec 0 sigma 2
l_jacobian=1.00 l_label=1.00 l_log_likelihood=0.20 l_smoothness=2.35 
tol=2.50e-01, dt=5.00e-02, exp_k=20.0, momentum=0.90, levels=6, niter=500, lbl_dist=10.00, avgs=16, sigma=2.0,type=2, relabel=0, neg=no

blurring input image with Gaussian with sigma=2.000...
GCAMRegisterLevel(): init RMS 0.696207
#FOTS# QuadFit found better minimum quadopt=(dt=5.51412,rms=0.692833) vs oldopt=(dt=8,rms=0.693463)
#GCMRL#   56 dt   5.514124 rms  0.693  0.485% neg 0  invalid 762 tFOTS 2.7960 tGradient 1.5650 tsec 4.5820
#FOTS# QuadFit found better minimum quadopt=(dt=0.7,rms=0.692828) vs oldopt=(dt=0.5,rms=0.692831)
#GCMRL#   57 dt   0.700000 rms  0.693  0.000% neg 0  invalid 762 tFOTS 2.7530 tGradient 1.6240 tsec 4.6100

#GCAMreg# pass 0 level1 3 level2 1 tsec 19.109 sigma 0.5
l_jacobian=1.00 l_label=1.00 l_log_likelihood=0.20 l_smoothness=2.35 
tol=2.50e-01, dt=5.00e-02, exp_k=20.0, momentum=0.90, levels=6, niter=500, lbl_dist=10.00, avgs=16, sigma=0.5,type=2, relabel=0, neg=no

blurring input image with Gaussian with sigma=0.500...
GCAMRegisterLevel(): init RMS 0.693345
#FOTS# QuadFit found better minimum quadopt=(dt=0.15,rms=0.692829) vs oldopt=(dt=0.125,rms=0.692829)
#GCMRL#   59 dt   0.150000 rms  0.693  0.074% neg 0  invalid 762 tFOTS 2.6780 tGradient 1.6370 tsec 4.5370
#FOTS# QuadFit found better minimum quadopt=(dt=0.001,rms=0.692829) vs oldopt=(dt=0.00125,rms=0.692829)
setting smoothness cost coefficient to 8.000

#GCAMreg# pass 0 level1 2 level2 0 tsec 0 sigma 2
l_jacobian=1.00 l_label=1.00 l_log_likelihood=0.20 l_smoothness=8.00 
tol=2.50e-01, dt=5.00e-02, exp_k=20.0, momentum=0.90, levels=6, niter=500, lbl_dist=10.00, avgs=4, sigma=2.0,type=2, relabel=0, neg=no

blurring input image with Gaussian with sigma=2.000...
GCAMRegisterLevel(): init RMS 0.773117
#FOTS# QuadFit found better minimum quadopt=(dt=2.85592,rms=0.747191) vs oldopt=(dt=2.88,rms=0.747193)
#GCMRL#   61 dt   2.855917 rms  0.747  3.353% neg 0  invalid 762 tFOTS 2.6940 tGradient 1.4450 tsec 4.3590
#FOTS# QuadFit found better minimum quadopt=(dt=2.51074,rms=0.742167) vs oldopt=(dt=2.88,rms=0.742293)
#GCMRL#   62 dt   2.510740 rms  0.742  0.672% neg 0  invalid 762 tFOTS 2.6910 tGradient 1.3780 tsec 4.2910
#FOTS# QuadFit found better minimum quadopt=(dt=2.15385,rms=0.740654) vs oldopt=(dt=2.88,rms=0.740824)
#GCMRL#   63 dt   2.153846 rms  0.741  0.000% neg 0  invalid 762 tFOTS 2.6900 tGradient 1.3140 tsec 4.2350
#GCMRL#   64 dt   2.153846 rms  0.741  0.014% neg 0  invalid 762 tFOTS 0.0000 tGradient 1.3740 tsec 1.5940

#GCAMreg# pass 0 level1 2 level2 1 tsec 24.138 sigma 0.5
l_jacobian=1.00 l_label=1.00 l_log_likelihood=0.20 l_smoothness=8.00 
tol=2.50e-01, dt=5.00e-02, exp_k=20.0, momentum=0.90, levels=6, niter=500, lbl_dist=10.00, avgs=4, sigma=0.5,type=2, relabel=0, neg=no

blurring input image with Gaussian with sigma=0.500...
GCAMRegisterLevel(): init RMS 0.740975
#GCMRL#   66 dt   0.000000 rms  0.741  0.058% neg 0  invalid 762 tFOTS 2.5600 tGradient 1.3810 tsec 4.1650
setting smoothness cost coefficient to 20.000

#GCAMreg# pass 0 level1 1 level2 0 tsec 0 sigma 2
l_jacobian=1.00 l_label=1.00 l_log_likelihood=0.20 l_smoothness=20.00 
tol=2.50e-01, dt=5.00e-02, exp_k=20.0, momentum=0.90, levels=6, niter=500, lbl_dist=10.00, avgs=1, sigma=2.0,type=2, relabel=0, neg=no

blurring input image with Gaussian with sigma=2.000...
GCAMRegisterLevel(): init RMS 0.785523
#FOTS# QuadFit found better minimum quadopt=(dt=0.112,rms=0.784913) vs oldopt=(dt=0.08,rms=0.784945)
#GCMRL#   68 dt   0.112000 rms  0.785  0.078% neg 0  invalid 762 tFOTS 2.7370 tGradient 1.1480 tsec 4.1130
#GCMRL#   69 dt   0.320000 rms  0.784  0.000% neg 0  invalid 762 tFOTS 2.7300 tGradient 1.1760 tsec 4.1440
#GCMRL#   70 dt   0.320000 rms  0.783  0.237% neg 0  invalid 762 tFOTS 0.0000 tGradient 1.2360 tsec 1.4550
#GCMRL#   71 dt   0.320000 rms  0.780  0.275% neg 0  invalid 762 tFOTS 0.0000 tGradient 1.3060 tsec 1.5340
#GCMRL#   72 dt   0.320000 rms  0.779  0.241% neg 0  invalid 762 tFOTS 0.0000 tGradient 1.1880 tsec 1.4210
#GCMRL#   73 dt   0.320000 rms  0.777  0.242% neg 0  invalid 762 tFOTS 0.0000 tGradient 1.2840 tsec 1.5140
#GCMRL#   74 dt   0.320000 rms  0.775  0.239% neg 0  invalid 762 tFOTS 0.0000 tGradient 1.3330 tsec 1.5670
#GCMRL#   75 dt   0.320000 rms  0.774  0.138% neg 0  invalid 762 tFOTS 0.0000 tGradient 1.1490 tsec 1.3840
#GCMRL#   76 dt   0.320000 rms  0.774  0.021% neg 0  invalid 762 tFOTS 0.0000 tGradient 1.3300 tsec 1.5570
#GCMRL#   77 dt   0.320000 rms  0.774 -0.008% neg 0  invalid 762 tFOTS 0.0000 tGradient 1.1750 tsec 1.5570
#FOTS# QuadFit found better minimum quadopt=(dt=1.792,rms=0.770555) vs oldopt=(dt=1.28,rms=0.771007)
#GCMRL#   78 dt   1.792000 rms  0.771  0.394% neg 0  invalid 762 tFOTS 2.7090 tGradient 1.1670 tsec 4.1020
#FOTS# QuadFit found better minimum quadopt=(dt=0.192,rms=0.769881) vs oldopt=(dt=0.32,rms=0.770109)
#GCMRL#   79 dt   0.192000 rms  0.770  0.000% neg 0  invalid 762 tFOTS 2.6880 tGradient 1.1530 tsec 4.0790
#GCMRL#   80 dt   0.192000 rms  0.769  0.063% neg 0  invalid 762 tFOTS 0.0000 tGradient 1.2140 tsec 1.4440
#GCMRL#   81 dt   0.192000 rms  0.769  0.076% neg 0  invalid 762 tFOTS 0.0000 tGradient 1.2190 tsec 1.4490
#GCMRL#   82 dt   0.192000 rms  0.768  0.065% neg 0  invalid 762 tFOTS 0.0000 tGradient 1.1950 tsec 1.4190
#GCMRL#   83 dt   0.192000 rms  0.768  0.051% neg 0  invalid 762 tFOTS 0.0000 tGradient 1.1870 tsec 1.4270

#GCAMreg# pass 0 level1 1 level2 1 tsec 46.376 sigma 0.5
l_jacobian=1.00 l_label=1.00 l_log_likelihood=0.20 l_smoothness=20.00 
tol=2.50e-01, dt=5.00e-02, exp_k=20.0, momentum=0.90, levels=6, niter=500, lbl_dist=10.00, avgs=1, sigma=0.5,type=2, relabel=0, neg=no

blurring input image with Gaussian with sigma=0.500...
GCAMRegisterLevel(): init RMS 0.768261
#FOTS# QuadFit found better minimum quadopt=(dt=0.384,rms=0.767516) vs oldopt=(dt=0.32,rms=0.767531)
#GCMRL#   85 dt   0.384000 rms  0.768  0.097% neg 0  invalid 762 tFOTS 2.7080 tGradient 1.1400 tsec 4.0730
resetting metric properties...
setting smoothness cost coefficient to 40.000

#GCAMreg# pass 0 level1 0 level2 0 tsec 0 sigma 2
l_jacobian=1.00 l_label=1.00 l_log_likelihood=0.20 l_smoothness=40.00 
tol=2.50e-01, dt=5.00e-02, exp_k=20.0, momentum=0.90, levels=6, niter=500, lbl_dist=10.00, avgs=0, sigma=2.0,type=2, relabel=0, neg=no

blurring input image with Gaussian with sigma=2.000...
GCAMRegisterLevel(): init RMS 0.746105
#FOTS# QuadFit found better minimum quadopt=(dt=0.141204,rms=0.742429) vs oldopt=(dt=0.08,rms=0.743401)
#GCMRL#   87 dt   0.141204 rms  0.742  0.493% neg 0  invalid 762 tFOTS 2.7890 tGradient 0.7260 tsec 3.7310
#FOTS# QuadFit found better minimum quadopt=(dt=0.004,rms=0.742394) vs oldopt=(dt=0.005,rms=0.742394)
#GCMRL#   88 dt   0.004000 rms  0.742  0.000% neg 0  invalid 762 tFOTS 2.6470 tGradient 0.6790 tsec 3.5550

#GCAMreg# pass 0 level1 0 level2 1 tsec 16.326 sigma 0.5
l_jacobian=1.00 l_label=1.00 l_log_likelihood=0.20 l_smoothness=40.00 
tol=2.50e-01, dt=5.00e-02, exp_k=20.0, momentum=0.90, levels=6, niter=500, lbl_dist=10.00, avgs=0, sigma=0.5,type=2, relabel=0, neg=no

blurring input image with Gaussian with sigma=0.500...
GCAMRegisterLevel(): init RMS 0.742816
#FOTS# QuadFit found better minimum quadopt=(dt=0.007,rms=0.742365) vs oldopt=(dt=0.005,rms=0.74237)
#GCMRL#   90 dt   0.007000 rms  0.742  0.061% neg 0  invalid 762 tFOTS 2.6910 tGradient 0.6700 tsec 3.5780
#FOTS# QuadFit found better minimum quadopt=(dt=0.00175,rms=0.742366) vs oldopt=(dt=0.00125,rms=0.742366)
GCAMregister done in 5.81543 min
Starting GCAmapRenormalizeWithAlignment() without scales
renormalizing by structure alignment....
renormalizing input #0
gca peak = 0.10253 (16)
mri peak = 0.11163 (21)
Left_Lateral_Ventricle (4): linear fit = 1.10 x + 0.0 (765 voxels, overlap=0.488)
Left_Lateral_Ventricle (4): linear fit = 1.10 x + 0.0 (765 voxels, peak = 18), gca=17.5
gca peak = 0.17690 (16)
mri peak = 0.14169 (24)
Right_Lateral_Ventricle (43): linear fit = 1.46 x + 0.0 (694 voxels, overlap=0.381)
Right_Lateral_Ventricle (43): linear fit = 1.46 x + 0.0 (694 voxels, peak = 23), gca=23.3
gca peak = 0.28275 (96)
mri peak = 0.13572 (95)
Right_Pallidum (52): linear fit = 0.98 x + 0.0 (847 voxels, overlap=0.632)
Right_Pallidum (52): linear fit = 0.98 x + 0.0 (847 voxels, peak = 94), gca=93.6
gca peak = 0.18948 (93)
mri peak = 0.12686 (98)
Left_Pallidum (13): linear fit = 1.03 x + 0.0 (789 voxels, overlap=0.720)
Left_Pallidum (13): linear fit = 1.03 x + 0.0 (789 voxels, peak = 96), gca=96.3
gca peak = 0.20755 (55)
mri peak = 0.11242 (60)
Right_Hippocampus (53): linear fit = 1.04 x + 0.0 (821 voxels, overlap=0.945)
Right_Hippocampus (53): linear fit = 1.04 x + 0.0 (821 voxels, peak = 57), gca=57.5
gca peak = 0.31831 (58)
mri peak = 0.10614 (66)
Left_Hippocampus (17): linear fit = 1.12 x + 0.0 (1021 voxels, overlap=0.885)
Left_Hippocampus (17): linear fit = 1.12 x + 0.0 (1021 voxels, peak = 65), gca=64.7
gca peak = 0.11957 (102)
mri peak = 0.09315 (108)
Right_Cerebral_White_Matter (41): linear fit = 1.07 x + 0.0 (53920 voxels, overlap=0.422)
Right_Cerebral_White_Matter (41): linear fit = 1.07 x + 0.0 (53920 voxels, peak = 109), gca=108.6
gca peak = 0.11429 (102)
mri peak = 0.11343 (108)
Left_Cerebral_White_Matter (2): linear fit = 1.07 x + 0.0 (59529 voxels, overlap=0.450)
Left_Cerebral_White_Matter (2): linear fit = 1.07 x + 0.0 (59529 voxels, peak = 109), gca=108.6
gca peak = 0.14521 (59)
mri peak = 0.03944 (60)
Left_Cerebral_Cortex (3): linear fit = 1.02 x + 0.0 (33490 voxels, overlap=0.990)
Left_Cerebral_Cortex (3): linear fit = 1.02 x + 0.0 (33490 voxels, peak = 60), gca=60.5
gca peak = 0.14336 (58)
mri peak = 0.03968 (62)
Right_Cerebral_Cortex (42): linear fit = 1.02 x + 0.0 (29031 voxels, overlap=0.974)
Right_Cerebral_Cortex (42): linear fit = 1.02 x + 0.0 (29031 voxels, peak = 59), gca=59.4
gca peak = 0.13305 (70)
mri peak = 0.20154 (69)
Right_Caudate (50): linear fit = 1.01 x + 0.0 (695 voxels, overlap=0.689)
Right_Caudate (50): linear fit = 1.01 x + 0.0 (695 voxels, peak = 71), gca=71.0
gca peak = 0.15761 (71)
mri peak = 0.13810 (76)
Left_Caudate (11): linear fit = 1.01 x + 0.0 (1001 voxels, overlap=0.810)
Left_Caudate (11): linear fit = 1.01 x + 0.0 (1001 voxels, peak = 72), gca=72.1
gca peak = 0.13537 (57)
mri peak = 0.04393 (47)
Left_Cerebellum_Cortex (8): linear fit = 0.88 x + 0.0 (27162 voxels, overlap=0.541)
Left_Cerebellum_Cortex (8): linear fit = 0.88 x + 0.0 (27162 voxels, peak = 50), gca=49.9
gca peak = 0.13487 (56)
mri peak = 0.03675 (40)
Right_Cerebellum_Cortex (47): linear fit = 0.75 x + 0.0 (26929 voxels, overlap=0.218)
Right_Cerebellum_Cortex (47): linear fit = 0.75 x + 0.0 (26929 voxels, peak = 42), gca=41.7
gca peak = 0.19040 (84)
mri peak = 0.05033 (82)
Left_Cerebellum_White_Matter (7): linear fit = 1.00 x + 0.0 (9696 voxels, overlap=0.937)
Left_Cerebellum_White_Matter (7): linear fit = 1.00 x + 0.0 (9696 voxels, peak = 84), gca=83.6
gca peak = 0.18871 (83)
mri peak = 0.05695 (85)
Right_Cerebellum_White_Matter (46): linear fit = 1.00 x + 0.0 (7482 voxels, overlap=0.974)
Right_Cerebellum_White_Matter (46): linear fit = 1.00 x + 0.0 (7482 voxels, peak = 83), gca=82.6
gca peak = 0.24248 (57)
mri peak = 0.12015 (63)
Left_Amygdala (18): linear fit = 1.09 x + 0.0 (396 voxels, overlap=0.957)
Left_Amygdala (18): linear fit = 1.09 x + 0.0 (396 voxels, peak = 62), gca=61.8
gca peak = 0.35833 (56)
mri peak = 0.09470 (57)
Right_Amygdala (54): linear fit = 1.04 x + 0.0 (305 voxels, overlap=1.000)
Right_Amygdala (54): linear fit = 1.04 x + 0.0 (305 voxels, peak = 59), gca=58.5
gca peak = 0.12897 (85)
mri peak = 0.04742 (82)
Left_Thalamus (10): linear fit = 0.99 x + 0.0 (5371 voxels, overlap=0.974)
Left_Thalamus (10): linear fit = 0.99 x + 0.0 (5371 voxels, peak = 84), gca=83.7
gca peak = 0.13127 (83)
mri peak = 0.06341 (88)
Right_Thalamus (49): linear fit = 1.01 x + 0.0 (4299 voxels, overlap=0.828)
Right_Thalamus (49): linear fit = 1.01 x + 0.0 (4299 voxels, peak = 84), gca=84.2
gca peak = 0.12974 (78)
mri peak = 0.12336 (82)
Left_Putamen (12): linear fit = 1.03 x + 0.0 (2189 voxels, overlap=0.870)
Left_Putamen (12): linear fit = 1.03 x + 0.0 (2189 voxels, peak = 81), gca=80.7
gca peak = 0.17796 (79)
mri peak = 0.07996 (80)
Right_Putamen (51): linear fit = 1.00 x + 0.0 (2169 voxels, overlap=0.982)
Right_Putamen (51): linear fit = 1.00 x + 0.0 (2169 voxels, peak = 79), gca=78.6
gca peak = 0.10999 (80)
mri peak = 0.06115 (94)
Brain_Stem (16): linear fit = 1.22 x + 0.0 (11581 voxels, overlap=0.109)
Brain_Stem (16): linear fit = 1.22 x + 0.0 (11581 voxels, peak = 97), gca=97.2
gca peak = 0.13215 (88)
mri peak = 0.07678 (98)
Right_VentralDC (60): linear fit = 1.13 x + 0.0 (726 voxels, overlap=0.481)
Right_VentralDC (60): linear fit = 1.13 x + 0.0 (726 voxels, peak = 100), gca=99.9
gca peak = 0.11941 (89)
mri peak = 0.06704 (95)
Left_VentralDC (28): linear fit = 1.15 x + 0.0 (912 voxels, overlap=0.528)
Left_VentralDC (28): linear fit = 1.15 x + 0.0 (912 voxels, peak = 103), gca=102.8
gca peak = 0.20775 (25)
uniform distribution in MR - rejecting arbitrary fit
gca peak = 0.13297 (21)
mri peak = 0.20700 (11)
Fourth_Ventricle (15): linear fit = 0.57 x + 0.0 (310 voxels, overlap=0.181)
Fourth_Ventricle (15): linear fit = 0.57 x + 0.0 (310 voxels, peak = 12), gca=12.1
gca peak Unknown = 0.94777 ( 0)
gca peak Left_Inf_Lat_Vent = 0.19087 (28)
gca peak Third_Ventricle = 0.20775 (25)
gca peak Fourth_Ventricle = 0.13297 (21)
gca peak CSF = 0.16821 (33)
gca peak Left_Accumbens_area = 0.32850 (63)
gca peak Left_undetermined = 0.98480 (28)
gca peak Left_vessel = 0.40887 (53)
gca peak Left_choroid_plexus = 0.10898 (46)
gca peak Right_Inf_Lat_Vent = 0.17798 (26)
gca peak Right_Accumbens_area = 0.30137 (64)
gca peak Right_vessel = 0.47828 (52)
gca peak Right_choroid_plexus = 0.11612 (45)
gca peak Fifth_Ventricle = 0.59466 (35)
gca peak WM_hypointensities = 0.10053 (78)
gca peak non_WM_hypointensities = 0.07253 (60)
gca peak Optic_Chiasm = 0.25330 (73)
not using caudate to estimate GM means
estimating mean gm scale to be 1.06 x + 0.0
estimating mean wm scale to be 1.07 x + 0.0
estimating mean csf scale to be 1.28 x + 0.0
saving intensity scales to talairach.label_intensities.txt
GCAmapRenormalizeWithAlignment() took 2.07123 min
noneg pre
Starting GCAMregister()
label assignment complete, 0 changed (0.00%)
npasses = 1, nlevels = 6
#pass# 1 of 1 ************************
enabling zero nodes
setting smoothness cost coefficient to 0.008

#GCAMreg# pass 0 level1 5 level2 0 tsec 0 sigma 2
l_jacobian=1.00 l_label=1.00 l_log_likelihood=0.20 l_smoothness=0.01 
tol=5.00e-02, dt=5.00e-02, exp_k=20.0, momentum=0.90, levels=6, niter=500, lbl_dist=10.00, avgs=256, sigma=2.0,type=2, relabel=0, neg=no

blurring input image with Gaussian with sigma=2.000...
GCAMRegisterLevel(): init RMS 0.78115
#FOTS# QuadFit found better minimum quadopt=(dt=316.186,rms=0.757541) vs oldopt=(dt=369.92,rms=0.75823)
#GCMRL#   92 dt 316.185894 rms  0.758  3.022% neg 0  invalid 762 tFOTS 2.8160 tGradient 1.7130 tsec 4.7430
#FOTS# QuadFit found better minimum quadopt=(dt=218.916,rms=0.74705) vs oldopt=(dt=92.48,rms=0.750898)
#GCMRL#   93 dt 218.915888 rms  0.747  1.385% neg 0  invalid 762 tFOTS 2.8200 tGradient 1.9180 tsec 4.9520
#FOTS# QuadFit found better minimum quadopt=(dt=130.857,rms=0.742841) vs oldopt=(dt=92.48,rms=0.743367)
#GCMRL#   94 dt 130.857143 rms  0.743  0.563% neg 0  invalid 762 tFOTS 2.7980 tGradient 1.9000 tsec 4.9120
#FOTS# QuadFit found better minimum quadopt=(dt=443.904,rms=0.736124) vs oldopt=(dt=369.92,rms=0.736443)
#GCMRL#   95 dt 443.904000 rms  0.736  0.904% neg 0  invalid 762 tFOTS 2.6330 tGradient 1.8580 tsec 4.7100
#FOTS# QuadFit found better minimum quadopt=(dt=110.976,rms=0.732091) vs oldopt=(dt=92.48,rms=0.7322)
#GCMRL#   96 dt 110.976000 rms  0.732  0.548% neg 0  invalid 762 tFOTS 2.8120 tGradient 2.0260 tsec 5.0550
#FOTS# QuadFit found better minimum quadopt=(dt=517.888,rms=0.727488) vs oldopt=(dt=369.92,rms=0.728033)
#GCMRL#   97 dt 517.888000 rms  0.727  0.629% neg 0  invalid 762 tFOTS 2.8120 tGradient 1.9660 tsec 4.9950
#GCMRL#   98 dt  92.480000 rms  0.725  0.354% neg 0  invalid 762 tFOTS 2.7870 tGradient 1.9730 tsec 4.9770
#FOTS# QuadFit found better minimum quadopt=(dt=2071.55,rms=0.713413) vs oldopt=(dt=1479.68,rms=0.715392)
#GCMRL#   99 dt 2071.552000 rms  0.713  1.586% neg 0  invalid 762 tFOTS 2.8300 tGradient 2.2220 tsec 5.2700
#FOTS# QuadFit found better minimum quadopt=(dt=295.936,rms=0.712188) vs oldopt=(dt=369.92,rms=0.712273)
#GCMRL#  100 dt 295.936000 rms  0.712  0.172% neg 0  invalid 762 tFOTS 2.8120 tGradient 1.9670 tsec 4.9920
#FOTS# QuadFit found better minimum quadopt=(dt=110.976,rms=0.711629) vs oldopt=(dt=92.48,rms=0.711652)
#GCMRL#  101 dt 110.976000 rms  0.712  0.079% neg 0  invalid 762 tFOTS 2.7960 tGradient 1.9910 tsec 4.9950
#FOTS# QuadFit found better minimum quadopt=(dt=1183.74,rms=0.709834) vs oldopt=(dt=1479.68,rms=0.710067)
#GCMRL#  102 dt 1183.744000 rms  0.710  0.252% neg 0  invalid 762 tFOTS 2.9420 tGradient 1.9530 tsec 5.1120
#GCMRL#  103 dt  92.480000 rms  0.708  0.215% neg 0  invalid 762 tFOTS 2.9720 tGradient 2.0300 tsec 5.2180
#FOTS# QuadFit found better minimum quadopt=(dt=517.888,rms=0.707379) vs oldopt=(dt=369.92,rms=0.707532)
#GCMRL#  104 dt 517.888000 rms  0.707  0.131% neg 0  invalid 762 tFOTS 2.9780 tGradient 2.0200 tsec 5.2160
#FOTS# QuadFit found better minimum quadopt=(dt=295.936,rms=0.706661) vs oldopt=(dt=369.92,rms=0.706719)
#GCMRL#  105 dt 295.936000 rms  0.707  0.101% neg 0  invalid 762 tFOTS 2.7960 tGradient 1.7900 tsec 4.7990
#FOTS# QuadFit found better minimum quadopt=(dt=221.952,rms=0.706257) vs oldopt=(dt=369.92,rms=0.706389)
#GCMRL#  106 dt 221.952000 rms  0.706  0.057% neg 0  invalid 762 tFOTS 2.7940 tGradient 1.9830 tsec 4.9900
#FOTS# QuadFit found better minimum quadopt=(dt=517.888,rms=0.705347) vs oldopt=(dt=369.92,rms=0.705433)
#GCMRL#  107 dt 517.888000 rms  0.705  0.129% neg 0  invalid 762 tFOTS 2.7760 tGradient 1.9770 tsec 4.9700
#FOTS# QuadFit found better minimum quadopt=(dt=110.976,rms=0.705002) vs oldopt=(dt=92.48,rms=0.705004)
#GCMRL#  108 dt 110.976000 rms  0.705  0.000% neg 0  invalid 762 tFOTS 2.8000 tGradient 1.9550 tsec 4.9840
#GCMRL#  109 dt 110.976000 rms  0.705  0.030% neg 0  invalid 762 tFOTS 0.0000 tGradient 1.9790 tsec 2.1800
#GCMRL#  110 dt 110.976000 rms  0.704  0.043% neg 0  invalid 762 tFOTS 0.0000 tGradient 1.9300 tsec 2.1320
#GCMRL#  111 dt 110.976000 rms  0.704  0.069% neg 0  invalid 762 tFOTS 0.0000 tGradient 2.0240 tsec 2.2260
#GCMRL#  112 dt 110.976000 rms  0.703  0.094% neg 0  invalid 762 tFOTS 0.0000 tGradient 1.9550 tsec 2.1520
#GCMRL#  113 dt 110.976000 rms  0.703  0.106% neg 0  invalid 762 tFOTS 0.0000 tGradient 1.9770 tsec 2.1930
#GCMRL#  114 dt 110.976000 rms  0.702  0.112% neg 0  invalid 762 tFOTS 0.0000 tGradient 1.9730 tsec 2.1760
#GCMRL#  115 dt 110.976000 rms  0.701  0.113% neg 0  invalid 762 tFOTS 0.0000 tGradient 1.9030 tsec 2.1100
#GCMRL#  116 dt 110.976000 rms  0.700  0.117% neg 0  invalid 762 tFOTS 0.0000 tGradient 1.9660 tsec 2.1660
#GCMRL#  117 dt 110.976000 rms  0.699  0.116% neg 0  invalid 762 tFOTS 0.0000 tGradient 2.0060 tsec 2.2090
#GCMRL#  118 dt 110.976000 rms  0.699  0.118% neg 0  invalid 762 tFOTS 0.0000 tGradient 1.8920 tsec 2.1000
#GCMRL#  119 dt 110.976000 rms  0.698  0.122% neg 0  invalid 762 tFOTS 0.0000 tGradient 1.9760 tsec 2.1790
#GCMRL#  120 dt 110.976000 rms  0.697  0.117% neg 0  invalid 762 tFOTS 0.0000 tGradient 1.9840 tsec 2.1860
#GCMRL#  121 dt 110.976000 rms  0.696  0.110% neg 0  invalid 762 tFOTS 0.0000 tGradient 1.9370 tsec 2.1330
#GCMRL#  122 dt 110.976000 rms  0.695  0.109% neg 0  invalid 762 tFOTS 0.0000 tGradient 2.0210 tsec 2.2220
#GCMRL#  123 dt 110.976000 rms  0.695  0.101% neg 0  invalid 762 tFOTS 0.0000 tGradient 1.9140 tsec 2.1170
#GCMRL#  124 dt 110.976000 rms  0.694  0.102% neg 0  invalid 762 tFOTS 0.0000 tGradient 1.9290 tsec 2.1340
#GCMRL#  125 dt 110.976000 rms  0.693  0.101% neg 0  invalid 762 tFOTS 0.0000 tGradient 1.9380 tsec 2.1460
#GCMRL#  126 dt 110.976000 rms  0.693  0.095% neg 0  invalid 762 tFOTS 0.0000 tGradient 1.8820 tsec 2.0880
#GCMRL#  127 dt 110.976000 rms  0.692  0.093% neg 0  invalid 762 tFOTS 0.0000 tGradient 1.8860 tsec 2.0870
#GCMRL#  128 dt 110.976000 rms  0.691  0.095% neg 0  invalid 762 tFOTS 0.0000 tGradient 1.9900 tsec 2.1910
#GCMRL#  129 dt 110.976000 rms  0.691  0.094% neg 0  invalid 762 tFOTS 0.0000 tGradient 1.9530 tsec 2.1560
#GCMRL#  130 dt 110.976000 rms  0.690  0.092% neg 0  invalid 762 tFOTS 0.0000 tGradient 1.9890 tsec 2.1950
#GCMRL#  131 dt 110.976000 rms  0.689  0.093% neg 0  invalid 762 tFOTS 0.0000 tGradient 2.1060 tsec 2.3100
#GCMRL#  132 dt 110.976000 rms  0.689  0.092% neg 0  invalid 762 tFOTS 0.0000 tGradient 2.0630 tsec 2.2630
#GCMRL#  133 dt 110.976000 rms  0.688  0.087% neg 0  invalid 762 tFOTS 0.0000 tGradient 1.9070 tsec 2.1070
#GCMRL#  134 dt 110.976000 rms  0.688  0.084% neg 0  invalid 762 tFOTS 0.0000 tGradient 1.9950 tsec 2.1980
#GCMRL#  135 dt 110.976000 rms  0.687  0.079% neg 0  invalid 762 tFOTS 0.0000 tGradient 1.9040 tsec 2.1080
#GCMRL#  136 dt 110.976000 rms  0.686  0.079% neg 0  invalid 762 tFOTS 0.0000 tGradient 1.9590 tsec 2.1620
#GCMRL#  137 dt 110.976000 rms  0.686  0.078% neg 0  invalid 762 tFOTS 0.0000 tGradient 1.9460 tsec 2.1490
#GCMRL#  138 dt 110.976000 rms  0.685  0.082% neg 0  invalid 762 tFOTS 0.0000 tGradient 2.0370 tsec 2.2410
#GCMRL#  139 dt 110.976000 rms  0.685  0.078% neg 0  invalid 762 tFOTS 0.0000 tGradient 1.9240 tsec 2.1290
#GCMRL#  140 dt 110.976000 rms  0.684  0.074% neg 0  invalid 762 tFOTS 0.0000 tGradient 2.0320 tsec 2.2300
#GCMRL#  141 dt 110.976000 rms  0.684  0.069% neg 0  invalid 762 tFOTS 0.0000 tGradient 1.9160 tsec 2.1220
#GCMRL#  142 dt 110.976000 rms  0.683  0.065% neg 0  invalid 762 tFOTS 0.0000 tGradient 1.9300 tsec 2.1320
#GCMRL#  143 dt 110.976000 rms  0.683  0.064% neg 0  invalid 762 tFOTS 0.0000 tGradient 1.9820 tsec 2.1810
#GCMRL#  144 dt 110.976000 rms  0.683  0.063% neg 0  invalid 762 tFOTS 0.0000 tGradient 1.9180 tsec 2.1160
#GCMRL#  145 dt 110.976000 rms  0.682  0.063% neg 0  invalid 762 tFOTS 0.0000 tGradient 2.0620 tsec 2.2620
#GCMRL#  146 dt 110.976000 rms  0.682  0.063% neg 0  invalid 762 tFOTS 0.0000 tGradient 2.0160 tsec 2.2180
#GCMRL#  147 dt 110.976000 rms  0.681  0.061% neg 0  invalid 762 tFOTS 0.0000 tGradient 1.9070 tsec 2.1090
#GCMRL#  148 dt 110.976000 rms  0.681  0.058% neg 0  invalid 762 tFOTS 0.0000 tGradient 1.9400 tsec 2.1440
#GCMRL#  149 dt 110.976000 rms  0.681  0.056% neg 0  invalid 762 tFOTS 0.0000 tGradient 1.9330 tsec 2.1300
#GCMRL#  150 dt 110.976000 rms  0.680  0.054% neg 0  invalid 762 tFOTS 0.0000 tGradient 1.9540 tsec 2.1560
#GCMRL#  151 dt 110.976000 rms  0.680  0.053% neg 0  invalid 762 tFOTS 0.0000 tGradient 2.0030 tsec 2.2010
#GCMRL#  152 dt 110.976000 rms  0.679  0.050% neg 0  invalid 762 tFOTS 0.0000 tGradient 2.0330 tsec 2.2320
#GCMRL#  153 dt 110.976000 rms  0.679  0.049% neg 0  invalid 762 tFOTS 0.0000 tGradient 1.9800 tsec 2.1800
#GCMRL#  154 dt 110.976000 rms  0.679  0.048% neg 0  invalid 762 tFOTS 0.0000 tGradient 1.8960 tsec 2.0970
#GCMRL#  155 dt 110.976000 rms  0.678  0.047% neg 0  invalid 762 tFOTS 0.0000 tGradient 1.9660 tsec 2.1690
#GCMRL#  156 dt 110.976000 rms  0.678  0.045% neg 0  invalid 762 tFOTS 0.0000 tGradient 1.8710 tsec 2.0740
#GCMRL#  157 dt 110.976000 rms  0.678  0.043% neg 0  invalid 762 tFOTS 0.0000 tGradient 1.8960 tsec 2.0970
#GCMRL#  158 dt 110.976000 rms  0.678  0.041% neg 0  invalid 762 tFOTS 0.0000 tGradient 1.9640 tsec 2.1690
#GCMRL#  159 dt 110.976000 rms  0.677  0.042% neg 0  invalid 762 tFOTS 0.0000 tGradient 2.0330 tsec 2.2360
#GCMRL#  160 dt 110.976000 rms  0.677  0.044% neg 0  invalid 762 tFOTS 0.0000 tGradient 1.8550 tsec 2.0590
#GCMRL#  161 dt 110.976000 rms  0.677  0.042% neg 0  invalid 762 tFOTS 0.0000 tGradient 1.8320 tsec 2.0370
#GCMRL#  162 dt 110.976000 rms  0.676  0.041% neg 0  invalid 762 tFOTS 0.0000 tGradient 1.8960 tsec 2.1020
#GCMRL#  163 dt 110.976000 rms  0.676  0.038% neg 0  invalid 762 tFOTS 0.0000 tGradient 1.8730 tsec 2.0740
#GCMRL#  164 dt 110.976000 rms  0.676  0.038% neg 0  invalid 762 tFOTS 0.0000 tGradient 2.0730 tsec 2.2730
#GCMRL#  165 dt 110.976000 rms  0.676  0.038% neg 0  invalid 762 tFOTS 0.0000 tGradient 1.9670 tsec 2.1690
#GCMRL#  166 dt 110.976000 rms  0.675  0.042% neg 0  invalid 762 tFOTS 0.0000 tGradient 2.0020 tsec 2.2060
#GCMRL#  167 dt 110.976000 rms  0.675  0.040% neg 0  invalid 762 tFOTS 0.0000 tGradient 1.9880 tsec 2.1900
#GCMRL#  168 dt 110.976000 rms  0.675  0.037% neg 0  invalid 762 tFOTS 0.0000 tGradient 1.8780 tsec 2.0830
#GCMRL#  169 dt 110.976000 rms  0.675  0.039% neg 0  invalid 762 tFOTS 0.0000 tGradient 2.0310 tsec 2.2350
#GCMRL#  170 dt 110.976000 rms  0.674  0.038% neg 0  invalid 762 tFOTS 0.0000 tGradient 2.0530 tsec 2.2540
#GCMRL#  171 dt 110.976000 rms  0.674  0.040% neg 0  invalid 762 tFOTS 0.0000 tGradient 2.0680 tsec 2.2720
#GCMRL#  172 dt 110.976000 rms  0.674  0.037% neg 0  invalid 762 tFOTS 0.0000 tGradient 2.0280 tsec 2.2320
#GCMRL#  173 dt 110.976000 rms  0.674  0.034% neg 0  invalid 762 tFOTS 0.0000 tGradient 1.9890 tsec 2.1950
#GCMRL#  174 dt 110.976000 rms  0.673  0.034% neg 0  invalid 762 tFOTS 0.0000 tGradient 1.9830 tsec 2.1830
#GCMRL#  175 dt 110.976000 rms  0.673  0.032% neg 0  invalid 762 tFOTS 0.0000 tGradient 1.9660 tsec 2.1690
#GCMRL#  176 dt 110.976000 rms  0.673  0.034% neg 0  invalid 762 tFOTS 0.0000 tGradient 1.9630 tsec 2.1640
#GCMRL#  177 dt 110.976000 rms  0.673  0.036% neg 0  invalid 762 tFOTS 0.0000 tGradient 1.9380 tsec 2.1400
#GCMRL#  178 dt 110.976000 rms  0.672  0.034% neg 0  invalid 762 tFOTS 0.0000 tGradient 1.9660 tsec 2.1670
#GCMRL#  179 dt 110.976000 rms  0.672  0.035% neg 0  invalid 762 tFOTS 0.0000 tGradient 1.9470 tsec 2.1460
#GCMRL#  180 dt 110.976000 rms  0.672  0.032% neg 0  invalid 762 tFOTS 0.0000 tGradient 1.9300 tsec 2.1330
#GCMRL#  181 dt 110.976000 rms  0.672  0.030% neg 0  invalid 762 tFOTS 0.0000 tGradient 1.9270 tsec 2.1280
#GCMRL#  182 dt 110.976000 rms  0.672  0.031% neg 0  invalid 762 tFOTS 0.0000 tGradient 1.9070 tsec 2.1110
#GCMRL#  183 dt 110.976000 rms  0.671  0.029% neg 0  invalid 762 tFOTS 0.0000 tGradient 1.9430 tsec 2.1440
#GCMRL#  184 dt 110.976000 rms  0.671  0.030% neg 0  invalid 762 tFOTS 0.0000 tGradient 1.8630 tsec 2.0620
#GCMRL#  185 dt 110.976000 rms  0.671  0.032% neg 0  invalid 762 tFOTS 0.0000 tGradient 1.9500 tsec 2.1530
#GCMRL#  186 dt 110.976000 rms  0.671  0.029% neg 0  invalid 762 tFOTS 0.0000 tGradient 1.9960 tsec 2.1990
#GCMRL#  187 dt 110.976000 rms  0.671  0.029% neg 0  invalid 762 tFOTS 0.0000 tGradient 2.0010 tsec 2.2060
#GCMRL#  188 dt 110.976000 rms  0.670  0.030% neg 0  invalid 762 tFOTS 0.0000 tGradient 2.0270 tsec 2.2330
#GCMRL#  189 dt 110.976000 rms  0.670  0.015% neg 0  invalid 762 tFOTS 0.0000 tGradient 1.9940 tsec 2.1960
#GCMRL#  190 dt 110.976000 rms  0.670  0.029% neg 0  invalid 762 tFOTS 0.0000 tGradient 1.7970 tsec 2.0030
#GCMRL#  191 dt 110.976000 rms  0.670  0.042% neg 0  invalid 762 tFOTS 0.0000 tGradient 2.2520 tsec 2.4560
#GCMRL#  192 dt 110.976000 rms  0.670  0.027% neg 0  invalid 762 tFOTS 0.0000 tGradient 2.0150 tsec 2.2180
#GCMRL#  193 dt 110.976000 rms  0.669  0.032% neg 0  invalid 762 tFOTS 0.0000 tGradient 2.4350 tsec 2.6420
#GCMRL#  194 dt 110.976000 rms  0.669  0.025% neg 0  invalid 762 tFOTS 0.0000 tGradient 2.0000 tsec 2.1960
#GCMRL#  195 dt 110.976000 rms  0.669  0.031% neg 0  invalid 762 tFOTS 0.0000 tGradient 1.8980 tsec 2.1070
#GCMRL#  196 dt 110.976000 rms  0.669  0.030% neg 0  invalid 762 tFOTS 0.0000 tGradient 1.8680 tsec 2.0750
#GCMRL#  197 dt 110.976000 rms  0.669  0.030% neg 0  invalid 762 tFOTS 0.0000 tGradient 1.8470 tsec 2.0550
#GCMRL#  198 dt 110.976000 rms  0.668  0.034% neg 0  invalid 762 tFOTS 0.0000 tGradient 2.1870 tsec 2.3880
#GCMRL#  199 dt 110.976000 rms  0.668  0.028% neg 0  invalid 762 tFOTS 0.0000 tGradient 2.0350 tsec 2.2390
#GCMRL#  200 dt 110.976000 rms  0.668  0.028% neg 0  invalid 762 tFOTS 0.0000 tGradient 1.9860 tsec 2.1850
#GCMRL#  201 dt 110.976000 rms  0.668  0.030% neg 0  invalid 762 tFOTS 0.0000 tGradient 2.1480 tsec 2.3450
#GCMRL#  202 dt 110.976000 rms  0.668  0.030% neg 0  invalid 762 tFOTS 0.0000 tGradient 2.0890 tsec 2.2940
#GCMRL#  203 dt 110.976000 rms  0.667  0.029% neg 0  invalid 762 tFOTS 0.0000 tGradient 2.1390 tsec 2.3440
#GCMRL#  204 dt 110.976000 rms  0.667  0.026% neg 0  invalid 762 tFOTS 0.0000 tGradient 2.0710 tsec 2.2760
#GCMRL#  205 dt 110.976000 rms  0.667  0.027% neg 0  invalid 762 tFOTS 0.0000 tGradient 2.0070 tsec 2.2100
#GCMRL#  206 dt 110.976000 rms  0.667  0.027% neg 0  invalid 762 tFOTS 0.0000 tGradient 2.0060 tsec 2.2100
#GCMRL#  207 dt 110.976000 rms  0.667  0.029% neg 0  invalid 762 tFOTS 0.0000 tGradient 2.0660 tsec 2.2690
#GCMRL#  208 dt 110.976000 rms  0.667  0.027% neg 0  invalid 762 tFOTS 0.0000 tGradient 2.0160 tsec 2.2190
#GCMRL#  209 dt 110.976000 rms  0.666  0.027% neg 0  invalid 762 tFOTS 0.0000 tGradient 1.9960 tsec 2.1980
#GCMRL#  210 dt 110.976000 rms  0.666  0.027% neg 0  invalid 762 tFOTS 0.0000 tGradient 1.9900 tsec 2.1900
#GCMRL#  211 dt 110.976000 rms  0.666  0.026% neg 0  invalid 762 tFOTS 0.0000 tGradient 2.0030 tsec 2.2030
#GCMRL#  212 dt 110.976000 rms  0.666  0.028% neg 0  invalid 762 tFOTS 0.0000 tGradient 2.0340 tsec 2.2340
#GCMRL#  213 dt 110.976000 rms  0.666  0.026% neg 0  invalid 762 tFOTS 0.0000 tGradient 1.9810 tsec 2.1860
#GCMRL#  214 dt 110.976000 rms  0.665  0.024% neg 0  invalid 762 tFOTS 0.0000 tGradient 1.9360 tsec 2.1370
#GCMRL#  215 dt 110.976000 rms  0.665  0.024% neg 0  invalid 762 tFOTS 0.0000 tGradient 1.9790 tsec 2.2010
#FOTS# QuadFit found better minimum quadopt=(dt=7102.46,rms=0.664659) vs oldopt=(dt=5918.72,rms=0.664686)
#GCMRL#  216 dt 7102.464000 rms  0.665  0.100% neg 0  invalid 762 tFOTS 2.9900 tGradient 1.9450 tsec 5.1500
#GCMRL#  217 dt  92.480000 rms  0.664  0.000% neg 0  invalid 762 tFOTS 2.7890 tGradient 1.9740 tsec 4.9940
#GCMRL#  218 dt  92.480000 rms  0.664  0.005% neg 0  invalid 762 tFOTS 0.0000 tGradient 1.9290 tsec 2.1330

#GCAMreg# pass 0 level1 5 level2 1 tsec 340.948 sigma 0.5
l_jacobian=1.00 l_label=1.00 l_log_likelihood=0.20 l_smoothness=0.01 
tol=5.00e-02, dt=5.00e-02, exp_k=20.0, momentum=0.90, levels=6, niter=500, lbl_dist=10.00, avgs=256, sigma=0.5,type=2, relabel=0, neg=no

blurring input image with Gaussian with sigma=0.500...
GCAMRegisterLevel(): init RMS 0.66529
#FOTS# QuadFit found better minimum quadopt=(dt=221.952,rms=0.663807) vs oldopt=(dt=369.92,rms=0.66391)
#GCMRL#  220 dt 221.952000 rms  0.664  0.223% neg 0  invalid 762 tFOTS 2.8120 tGradient 1.9240 tsec 4.9540
#GCMRL#  221 dt 369.920000 rms  0.663  0.062% neg 0  invalid 762 tFOTS 2.9530 tGradient 1.9440 tsec 5.1130
#FOTS# QuadFit found better minimum quadopt=(dt=129.472,rms=0.66326) vs oldopt=(dt=92.48,rms=0.663268)
#GCMRL#  222 dt 129.472000 rms  0.663  0.000% neg 0  invalid 762 tFOTS 2.7980 tGradient 1.9830 tsec 5.0120
#GCMRL#  223 dt 129.472000 rms  0.663  0.013% neg 0  invalid 762 tFOTS 0.0000 tGradient 1.8750 tsec 2.0790
#GCMRL#  224 dt 129.472000 rms  0.663  0.022% neg 0  invalid 762 tFOTS 0.0000 tGradient 1.9400 tsec 2.1450
#GCMRL#  225 dt 129.472000 rms  0.663  0.027% neg 0  invalid 762 tFOTS 0.0000 tGradient 2.0240 tsec 2.2260
#GCMRL#  226 dt 129.472000 rms  0.663  0.025% neg 0  invalid 762 tFOTS 0.0000 tGradient 1.9610 tsec 2.1670
#GCMRL#  227 dt 129.472000 rms  0.663  0.027% neg 0  invalid 762 tFOTS 0.0000 tGradient 2.1470 tsec 2.3450
#GCMRL#  228 dt 129.472000 rms  0.662  0.018% neg 0  invalid 762 tFOTS 0.0000 tGradient 1.9320 tsec 2.1380
#GCMRL#  229 dt 129.472000 rms  0.662  0.020% neg 0  invalid 762 tFOTS 0.0000 tGradient 1.8250 tsec 2.0240
#GCMRL#  230 dt 129.472000 rms  0.662  0.021% neg 0  invalid 762 tFOTS 0.0000 tGradient 1.9990 tsec 2.2000
#GCMRL#  231 dt 129.472000 rms  0.662  0.021% neg 0  invalid 762 tFOTS 0.0000 tGradient 2.0590 tsec 2.2760
#FOTS# QuadFit found better minimum quadopt=(dt=1183.74,rms=0.66174) vs oldopt=(dt=1479.68,rms=0.661769)
#GCMRL#  232 dt 1183.744000 rms  0.662  0.035% neg 0  invalid 762 tFOTS 2.9820 tGradient 2.0800 tsec 5.2750
#FOTS# QuadFit found better minimum quadopt=(dt=110.976,rms=0.661617) vs oldopt=(dt=92.48,rms=0.661622)
#GCMRL#  233 dt 110.976000 rms  0.662  0.000% neg 0  invalid 762 tFOTS 2.7940 tGradient 1.9970 tsec 5.0220
#GCMRL#  234 dt 110.976000 rms  0.662  0.002% neg 0  invalid 762 tFOTS 0.0000 tGradient 1.9770 tsec 2.1810
#GCMRL#  235 dt 110.976000 rms  0.662  0.005% neg 0  invalid 762 tFOTS 0.0000 tGradient 2.0540 tsec 2.2580
#GCMRL#  236 dt 110.976000 rms  0.662  0.006% neg 0  invalid 762 tFOTS 0.0000 tGradient 1.9670 tsec 2.1730
#GCMRL#  237 dt 110.976000 rms  0.661  0.012% neg 0  invalid 762 tFOTS 0.0000 tGradient 1.9000 tsec 2.1040
#GCMRL#  238 dt 110.976000 rms  0.661  0.014% neg 0  invalid 762 tFOTS 0.0000 tGradient 2.0320 tsec 2.2360
#GCMRL#  239 dt 110.976000 rms  0.661  0.015% neg 0  invalid 762 tFOTS 0.0000 tGradient 1.9420 tsec 2.1400
#GCMRL#  240 dt 110.976000 rms  0.661  0.012% neg 0  invalid 762 tFOTS 0.0000 tGradient 2.0370 tsec 2.2410
setting smoothness cost coefficient to 0.031

#GCAMreg# pass 0 level1 4 level2 0 tsec 0 sigma 2
l_jacobian=1.00 l_label=1.00 l_log_likelihood=0.20 l_smoothness=0.03 
tol=5.00e-02, dt=5.00e-02, exp_k=20.0, momentum=0.90, levels=6, niter=500, lbl_dist=10.00, avgs=64, sigma=2.0,type=2, relabel=0, neg=no

blurring input image with Gaussian with sigma=2.000...
GCAMRegisterLevel(): init RMS 0.665674
#FOTS# QuadFit found better minimum quadopt=(dt=156.215,rms=0.660322) vs oldopt=(dt=103.68,rms=0.660727)
#GCMRL#  242 dt 156.215054 rms  0.660  0.804% neg 0  invalid 762 tFOTS 2.7790 tGradient 1.5780 tsec 4.5720
#FOTS# QuadFit found better minimum quadopt=(dt=91.2906,rms=0.65588) vs oldopt=(dt=103.68,rms=0.655975)
#GCMRL#  243 dt  91.290566 rms  0.656  0.673% neg 0  invalid 762 tFOTS 2.7780 tGradient 1.6370 tsec 4.6350
#FOTS# QuadFit found better minimum quadopt=(dt=70.8795,rms=0.653363) vs oldopt=(dt=103.68,rms=0.653701)
#GCMRL#  244 dt  70.879479 rms  0.653  0.384% neg 0  invalid 762 tFOTS 2.7670 tGradient 1.4600 tsec 4.4420
#FOTS# QuadFit found better minimum quadopt=(dt=145.152,rms=0.649359) vs oldopt=(dt=103.68,rms=0.650063)
#GCMRL#  245 dt 145.152000 rms  0.649  0.613% neg 0  invalid 762 tFOTS 2.6140 tGradient 1.4960 tsec 4.3230
#FOTS# QuadFit found better minimum quadopt=(dt=36.288,rms=0.647941) vs oldopt=(dt=25.92,rms=0.648234)
#GCMRL#  246 dt  36.288000 rms  0.648  0.218% neg 0  invalid 762 tFOTS 2.8030 tGradient 1.4670 tsec 4.4890
#GCMRL#  247 dt 414.720000 rms  0.644  0.624% neg 0  invalid 762 tFOTS 2.6200 tGradient 1.3890 tsec 4.2220
#FOTS# QuadFit found better minimum quadopt=(dt=36.288,rms=0.639262) vs oldopt=(dt=25.92,rms=0.640317)
#GCMRL#  248 dt  36.288000 rms  0.639  0.720% neg 0  invalid 762 tFOTS 2.7860 tGradient 1.5540 tsec 4.5610
#FOTS# QuadFit found better minimum quadopt=(dt=124.416,rms=0.637023) vs oldopt=(dt=103.68,rms=0.63708)
#GCMRL#  249 dt 124.416000 rms  0.637  0.350% neg 0  invalid 762 tFOTS 2.8020 tGradient 1.4650 tsec 4.4850
#FOTS# QuadFit found better minimum quadopt=(dt=36.288,rms=0.63621) vs oldopt=(dt=25.92,rms=0.636326)
#GCMRL#  250 dt  36.288000 rms  0.636  0.128% neg 0  invalid 762 tFOTS 2.6390 tGradient 1.5100 tsec 4.3660
#FOTS# QuadFit found better minimum quadopt=(dt=331.776,rms=0.634223) vs oldopt=(dt=414.72,rms=0.634243)
#GCMRL#  251 dt 331.776000 rms  0.634  0.312% neg 0  invalid 762 tFOTS 2.6150 tGradient 1.4550 tsec 4.2850
#FOTS# QuadFit found better minimum quadopt=(dt=62.208,rms=0.631258) vs oldopt=(dt=103.68,rms=0.632418)
#GCMRL#  252 dt  62.208000 rms  0.631  0.468% neg 0  invalid 762 tFOTS 2.8590 tGradient 1.4060 tsec 4.4810
#FOTS# QuadFit found better minimum quadopt=(dt=36.288,rms=0.630975) vs oldopt=(dt=25.92,rms=0.631032)
#GCMRL#  253 dt  36.288000 rms  0.631  0.000% neg 0  invalid 762 tFOTS 2.8050 tGradient 1.4520 tsec 4.4900
#GCMRL#  254 dt  36.288000 rms  0.631  0.051% neg 0  invalid 762 tFOTS 0.0000 tGradient 1.4590 tsec 1.6600
#GCMRL#  255 dt  36.288000 rms  0.630  0.099% neg 0  invalid 762 tFOTS 0.0000 tGradient 1.4030 tsec 1.6060
#GCMRL#  256 dt  36.288000 rms  0.629  0.151% neg 0  invalid 762 tFOTS 0.0000 tGradient 1.5230 tsec 1.7260
#GCMRL#  257 dt  36.288000 rms  0.628  0.199% neg 0  invalid 762 tFOTS 0.0000 tGradient 1.4730 tsec 1.6780
#GCMRL#  258 dt  36.288000 rms  0.626  0.227% neg 0  invalid 762 tFOTS 0.0000 tGradient 1.5390 tsec 1.7390
#GCMRL#  259 dt  36.288000 rms  0.625  0.238% neg 0  invalid 762 tFOTS 0.0000 tGradient 1.4920 tsec 1.6940
#GCMRL#  260 dt  36.288000 rms  0.623  0.240% neg 0  invalid 762 tFOTS 0.0000 tGradient 1.5240 tsec 1.7300
#GCMRL#  261 dt  36.288000 rms  0.622  0.238% neg 0  invalid 762 tFOTS 0.0000 tGradient 1.4570 tsec 1.6620
#GCMRL#  262 dt  36.288000 rms  0.620  0.237% neg 0  invalid 762 tFOTS 0.0000 tGradient 1.4790 tsec 1.6800
#GCMRL#  263 dt  36.288000 rms  0.620  0.039% neg 0  invalid 762 tFOTS 0.0000 tGradient 1.4570 tsec 1.7800
#GCMRL#  264 dt  36.288000 rms  0.620  0.066% neg 0  invalid 762 tFOTS 0.0000 tGradient 1.5040 tsec 1.7090
#GCMRL#  265 dt  36.288000 rms  0.619  0.084% neg 0  invalid 762 tFOTS 0.0000 tGradient 1.5090 tsec 1.7100
#GCMRL#  266 dt  36.288000 rms  0.619  0.098% neg 0  invalid 762 tFOTS 0.0000 tGradient 1.4480 tsec 1.6460
#GCMRL#  267 dt  36.288000 rms  0.618  0.029% neg 0  invalid 762 tFOTS 0.0000 tGradient 1.5070 tsec 1.8270
#GCMRL#  268 dt   1.134000 rms  0.618  0.001% neg 0  invalid 762 tFOTS 0.0000 tGradient 1.4660 tsec 2.3740
#GCMRL#  269 dt   0.141750 rms  0.618  0.000% neg 0  invalid 762 tFOTS 0.0000 tGradient 1.5000 tsec 2.1830
#GCMRL#  270 dt   0.025312 rms  0.618  0.000% neg 0  invalid 762 tFOTS 1.6090 tGradient 1.4640 tsec 3.2980
#GCMRL#  271 dt   0.000099 rms  0.618  0.000% neg 0  invalid 762 tFOTS 0.0000 tGradient 1.4950 tsec 2.7610

#GCAMreg# pass 0 level1 4 level2 1 tsec 97.911 sigma 0.5
l_jacobian=1.00 l_label=1.00 l_log_likelihood=0.20 l_smoothness=0.03 
tol=5.00e-02, dt=5.00e-02, exp_k=20.0, momentum=0.90, levels=6, niter=500, lbl_dist=10.00, avgs=64, sigma=0.5,type=2, relabel=0, neg=no

blurring input image with Gaussian with sigma=0.500...
GCAMRegisterLevel(): init RMS 0.61948
#GCMRL#  273 dt 103.680000 rms  0.616  0.481% neg 0  invalid 762 tFOTS 2.7920 tGradient 1.4640 tsec 4.4680
#FOTS# QuadFit found better minimum quadopt=(dt=76.323,rms=0.615429) vs oldopt=(dt=103.68,rms=0.615557)
#GCMRL#  274 dt  76.322981 rms  0.615  0.174% neg 0  invalid 762 tFOTS 2.9490 tGradient 1.4900 tsec 4.6560
#FOTS# QuadFit found better minimum quadopt=(dt=82.944,rms=0.614709) vs oldopt=(dt=103.68,rms=0.614806)
#GCMRL#  275 dt  82.944000 rms  0.615  0.117% neg 0  invalid 762 tFOTS 2.6390 tGradient 1.4820 tsec 4.3370
#FOTS# QuadFit found better minimum quadopt=(dt=62.208,rms=0.614001) vs oldopt=(dt=103.68,rms=0.614124)
#GCMRL#  276 dt  62.208000 rms  0.614  0.115% neg 0  invalid 762 tFOTS 2.8070 tGradient 1.4530 tsec 4.4730
#GCMRL#  277 dt 103.680000 rms  0.613  0.094% neg 0  invalid 762 tFOTS 2.7980 tGradient 1.4890 tsec 4.5000
#FOTS# QuadFit found better minimum quadopt=(dt=62.208,rms=0.612799) vs oldopt=(dt=103.68,rms=0.612945)
#GCMRL#  278 dt  62.208000 rms  0.613  0.102% neg 0  invalid 762 tFOTS 2.7720 tGradient 1.4870 tsec 4.4750
#FOTS# QuadFit found better minimum quadopt=(dt=82.944,rms=0.612393) vs oldopt=(dt=103.68,rms=0.612399)
#GCMRL#  279 dt  82.944000 rms  0.612  0.066% neg 0  invalid 762 tFOTS 2.8210 tGradient 1.4930 tsec 4.5320
#FOTS# QuadFit found better minimum quadopt=(dt=82.944,rms=0.611851) vs oldopt=(dt=103.68,rms=0.611868)
#GCMRL#  280 dt  82.944000 rms  0.612  0.089% neg 0  invalid 762 tFOTS 2.7920 tGradient 1.4910 tsec 4.4960
#FOTS# QuadFit found better minimum quadopt=(dt=36.288,rms=0.611563) vs oldopt=(dt=25.92,rms=0.611615)
#GCMRL#  281 dt  36.288000 rms  0.612  0.000% neg 0  invalid 762 tFOTS 2.9650 tGradient 1.5560 tsec 4.7510
#GCMRL#  282 dt  36.288000 rms  0.611  0.031% neg 0  invalid 762 tFOTS 0.0000 tGradient 1.5070 tsec 1.7070
#GCMRL#  283 dt  36.288000 rms  0.611  0.059% neg 0  invalid 762 tFOTS 0.0000 tGradient 1.5020 tsec 1.6930
#GCMRL#  284 dt  36.288000 rms  0.611  0.080% neg 0  invalid 762 tFOTS 0.0000 tGradient 1.4940 tsec 1.6950
#GCMRL#  285 dt  36.288000 rms  0.610  0.098% neg 0  invalid 762 tFOTS 0.0000 tGradient 1.4420 tsec 1.6470
#GCMRL#  286 dt  36.288000 rms  0.609  0.108% neg 0  invalid 762 tFOTS 0.0000 tGradient 1.4610 tsec 1.6660
#GCMRL#  287 dt  36.288000 rms  0.609  0.117% neg 0  invalid 762 tFOTS 0.0000 tGradient 1.5220 tsec 1.7260
#GCMRL#  288 dt  36.288000 rms  0.608  0.123% neg 0  invalid 762 tFOTS 0.0000 tGradient 1.4690 tsec 1.6720
#GCMRL#  289 dt  36.288000 rms  0.607  0.131% neg 0  invalid 762 tFOTS 0.0000 tGradient 1.4380 tsec 1.6410
#GCMRL#  290 dt  36.288000 rms  0.606  0.136% neg 0  invalid 762 tFOTS 0.0000 tGradient 1.5050 tsec 1.7110
#GCMRL#  291 dt  36.288000 rms  0.605  0.139% neg 0  invalid 762 tFOTS 0.0000 tGradient 1.4620 tsec 1.6600
#GCMRL#  292 dt  36.288000 rms  0.604  0.142% neg 0  invalid 762 tFOTS 0.0000 tGradient 1.4250 tsec 1.6320
#GCMRL#  293 dt  36.288000 rms  0.604  0.139% neg 0  invalid 762 tFOTS 0.0000 tGradient 1.5550 tsec 1.7560
#GCMRL#  294 dt  36.288000 rms  0.603  0.139% neg 0  invalid 762 tFOTS 0.0000 tGradient 1.4880 tsec 1.6870
#GCMRL#  295 dt  36.288000 rms  0.602  0.136% neg 0  invalid 762 tFOTS 0.0000 tGradient 1.4390 tsec 1.6410
#GCMRL#  296 dt  36.288000 rms  0.601  0.133% neg 0  invalid 762 tFOTS 0.0000 tGradient 1.3940 tsec 1.6020
#GCMRL#  297 dt  36.288000 rms  0.600  0.128% neg 0  invalid 762 tFOTS 0.0000 tGradient 1.4260 tsec 1.6280
#GCMRL#  298 dt  36.288000 rms  0.600  0.128% neg 0  invalid 762 tFOTS 0.0000 tGradient 1.3910 tsec 1.5940
#GCMRL#  299 dt  36.288000 rms  0.599  0.124% neg 0  invalid 762 tFOTS 0.0000 tGradient 1.4420 tsec 1.6480
#GCMRL#  300 dt  36.288000 rms  0.598  0.120% neg 0  invalid 762 tFOTS 0.0000 tGradient 1.4210 tsec 1.6230
#GCMRL#  301 dt  36.288000 rms  0.597  0.118% neg 0  invalid 762 tFOTS 0.0000 tGradient 1.4190 tsec 1.6250
#GCMRL#  302 dt  36.288000 rms  0.597  0.117% neg 0  invalid 762 tFOTS 0.0000 tGradient 1.4410 tsec 1.6470
#GCMRL#  303 dt  36.288000 rms  0.596  0.115% neg 0  invalid 762 tFOTS 0.0000 tGradient 1.4700 tsec 1.6700
#GCMRL#  304 dt  36.288000 rms  0.595  0.109% neg 0  invalid 762 tFOTS 0.0000 tGradient 1.4040 tsec 1.6070
#GCMRL#  305 dt  36.288000 rms  0.595  0.106% neg 0  invalid 762 tFOTS 0.0000 tGradient 1.4010 tsec 1.6030
#GCMRL#  306 dt  36.288000 rms  0.594  0.105% neg 0  invalid 762 tFOTS 0.0000 tGradient 1.3870 tsec 1.5920
#GCMRL#  307 dt  36.288000 rms  0.594  0.103% neg 0  invalid 762 tFOTS 0.0000 tGradient 1.4080 tsec 1.6150
#GCMRL#  308 dt  36.288000 rms  0.593  0.100% neg 0  invalid 762 tFOTS 0.0000 tGradient 1.4160 tsec 1.6230
#GCMRL#  309 dt  36.288000 rms  0.592  0.094% neg 0  invalid 762 tFOTS 0.0000 tGradient 1.4380 tsec 1.6370
#GCMRL#  310 dt  36.288000 rms  0.592  0.095% neg 0  invalid 762 tFOTS 0.0000 tGradient 1.4370 tsec 1.6380
#GCMRL#  311 dt  36.288000 rms  0.591  0.088% neg 0  invalid 762 tFOTS 0.0000 tGradient 1.4750 tsec 1.6710
#GCMRL#  312 dt  36.288000 rms  0.591  0.085% neg 0  invalid 762 tFOTS 0.0000 tGradient 1.4530 tsec 1.6530
#GCMRL#  313 dt  36.288000 rms  0.590  0.080% neg 0  invalid 762 tFOTS 0.0000 tGradient 1.5180 tsec 1.7200
#GCMRL#  314 dt  36.288000 rms  0.590  0.080% neg 0  invalid 762 tFOTS 0.0000 tGradient 1.4860 tsec 1.6910
#GCMRL#  315 dt  36.288000 rms  0.589  0.076% neg 0  invalid 762 tFOTS 0.0000 tGradient 1.4780 tsec 1.6850
#GCMRL#  316 dt  36.288000 rms  0.589  0.070% neg 0  invalid 762 tFOTS 0.0000 tGradient 1.5760 tsec 1.7750
#GCMRL#  317 dt  36.288000 rms  0.589  0.070% neg 0  invalid 762 tFOTS 0.0000 tGradient 1.5350 tsec 1.7370
#GCMRL#  318 dt  36.288000 rms  0.588  0.066% neg 0  invalid 762 tFOTS 0.0000 tGradient 1.5460 tsec 1.7510
#GCMRL#  319 dt  36.288000 rms  0.588  0.064% neg 0  invalid 762 tFOTS 0.0000 tGradient 1.4940 tsec 1.6970
#GCMRL#  320 dt  36.288000 rms  0.587  0.066% neg 0  invalid 762 tFOTS 0.0000 tGradient 1.4750 tsec 1.6790
#GCMRL#  321 dt  36.288000 rms  0.587  0.063% neg 0  invalid 762 tFOTS 0.0000 tGradient 1.4500 tsec 1.6480
#GCMRL#  322 dt  36.288000 rms  0.587  0.060% neg 0  invalid 762 tFOTS 0.0000 tGradient 1.4730 tsec 1.6750
#GCMRL#  323 dt  36.288000 rms  0.586  0.060% neg 0  invalid 762 tFOTS 0.0000 tGradient 1.4710 tsec 1.6730
#GCMRL#  324 dt  36.288000 rms  0.586  0.058% neg 0  invalid 762 tFOTS 0.0000 tGradient 1.4710 tsec 1.6730
#GCMRL#  325 dt  36.288000 rms  0.586  0.054% neg 0  invalid 762 tFOTS 0.0000 tGradient 1.4290 tsec 1.6300
#GCMRL#  326 dt  36.288000 rms  0.585  0.053% neg 0  invalid 762 tFOTS 0.0000 tGradient 1.4530 tsec 1.6590
#GCMRL#  327 dt  36.288000 rms  0.585  0.052% neg 0  invalid 762 tFOTS 0.0000 tGradient 1.4430 tsec 1.6420
#GCMRL#  328 dt  36.288000 rms  0.585  0.049% neg 0  invalid 762 tFOTS 0.0000 tGradient 1.4480 tsec 1.6510
#GCMRL#  329 dt  36.288000 rms  0.585  0.049% neg 0  invalid 762 tFOTS 0.0000 tGradient 1.4370 tsec 1.6370
#GCMRL#  330 dt  36.288000 rms  0.584  0.048% neg 0  invalid 762 tFOTS 0.0000 tGradient 1.4240 tsec 1.6300
#GCMRL#  331 dt  36.288000 rms  0.584  0.047% neg 0  invalid 762 tFOTS 0.0000 tGradient 1.4140 tsec 1.6130
#GCMRL#  332 dt  36.288000 rms  0.584  0.045% neg 0  invalid 762 tFOTS 0.0000 tGradient 1.4230 tsec 1.6280
#GCMRL#  333 dt  36.288000 rms  0.583  0.043% neg 0  invalid 762 tFOTS 0.0000 tGradient 1.4330 tsec 1.6350
#GCMRL#  334 dt  36.288000 rms  0.583  0.041% neg 0  invalid 762 tFOTS 0.0000 tGradient 1.4420 tsec 1.6460
#GCMRL#  335 dt  36.288000 rms  0.583  0.042% neg 0  invalid 762 tFOTS 0.0000 tGradient 1.4960 tsec 1.7020
#GCMRL#  336 dt  36.288000 rms  0.583  0.040% neg 0  invalid 762 tFOTS 0.0000 tGradient 1.4570 tsec 1.6630
#GCMRL#  337 dt  36.288000 rms  0.583  0.036% neg 0  invalid 762 tFOTS 0.0000 tGradient 1.4620 tsec 1.6760
#GCMRL#  338 dt  36.288000 rms  0.582  0.036% neg 0  invalid 762 tFOTS 0.0000 tGradient 1.4810 tsec 1.6860
#GCMRL#  339 dt  36.288000 rms  0.582  0.036% neg 0  invalid 762 tFOTS 0.0000 tGradient 1.4960 tsec 1.6990
#GCMRL#  340 dt  36.288000 rms  0.582  0.035% neg 0  invalid 762 tFOTS 0.0000 tGradient 1.4840 tsec 1.6830
#GCMRL#  341 dt  36.288000 rms  0.582  0.034% neg 0  invalid 762 tFOTS 0.0000 tGradient 1.4640 tsec 1.6670
#GCMRL#  342 dt  36.288000 rms  0.582  0.033% neg 0  invalid 762 tFOTS 0.0000 tGradient 1.5250 tsec 1.7280
#GCMRL#  343 dt  36.288000 rms  0.581  0.034% neg 0  invalid 762 tFOTS 0.0000 tGradient 1.4480 tsec 1.6500
#GCMRL#  344 dt  36.288000 rms  0.581  0.034% neg 0  invalid 762 tFOTS 0.0000 tGradient 1.4530 tsec 1.6560
#GCMRL#  345 dt  36.288000 rms  0.581  0.034% neg 0  invalid 762 tFOTS 0.0000 tGradient 1.4420 tsec 1.6460
#GCMRL#  346 dt  36.288000 rms  0.581  0.035% neg 0  invalid 762 tFOTS 0.0000 tGradient 1.5130 tsec 1.7110
#GCMRL#  347 dt  36.288000 rms  0.581  0.032% neg 0  invalid 762 tFOTS 0.0000 tGradient 1.4260 tsec 1.6220
#GCMRL#  348 dt  36.288000 rms  0.580  0.031% neg 0  invalid 762 tFOTS 0.0000 tGradient 1.4970 tsec 1.6940
#GCMRL#  349 dt  36.288000 rms  0.580  0.030% neg 0  invalid 762 tFOTS 0.0000 tGradient 1.5420 tsec 1.7440
#GCMRL#  350 dt  36.288000 rms  0.580  0.030% neg 0  invalid 762 tFOTS 0.0000 tGradient 1.5250 tsec 1.7230
#GCMRL#  351 dt  36.288000 rms  0.580  0.029% neg 0  invalid 762 tFOTS 0.0000 tGradient 1.4920 tsec 1.6920
#GCMRL#  352 dt  36.288000 rms  0.580  0.029% neg 0  invalid 762 tFOTS 0.0000 tGradient 1.4780 tsec 1.6820
#GCMRL#  353 dt  36.288000 rms  0.580  0.028% neg 0  invalid 762 tFOTS 0.0000 tGradient 1.4890 tsec 1.6910
#GCMRL#  354 dt  36.288000 rms  0.579  0.027% neg 0  invalid 762 tFOTS 0.0000 tGradient 1.4970 tsec 1.6990
#GCMRL#  355 dt  36.288000 rms  0.579  0.026% neg 0  invalid 762 tFOTS 0.0000 tGradient 1.4460 tsec 1.6350
#GCMRL#  356 dt  36.288000 rms  0.579  0.025% neg 0  invalid 762 tFOTS 0.0000 tGradient 1.4110 tsec 1.6090
#GCMRL#  357 dt  36.288000 rms  0.579  0.027% neg 0  invalid 762 tFOTS 0.0000 tGradient 1.4810 tsec 1.6850
#GCMRL#  358 dt  36.288000 rms  0.579  0.029% neg 0  invalid 762 tFOTS 0.0000 tGradient 1.5020 tsec 1.7030
#GCMRL#  359 dt  36.288000 rms  0.579  0.029% neg 0  invalid 762 tFOTS 0.0000 tGradient 1.4860 tsec 1.6910
#GCMRL#  360 dt  36.288000 rms  0.578  0.026% neg 0  invalid 762 tFOTS 0.0000 tGradient 1.4270 tsec 1.6250
#GCMRL#  361 dt  36.288000 rms  0.578  0.027% neg 0  invalid 762 tFOTS 0.0000 tGradient 1.4720 tsec 1.6770
#GCMRL#  362 dt  36.288000 rms  0.578  0.025% neg 0  invalid 762 tFOTS 0.0000 tGradient 1.5060 tsec 1.7040
#GCMRL#  363 dt  36.288000 rms  0.578  0.023% neg 0  invalid 762 tFOTS 0.0000 tGradient 1.4970 tsec 1.6960
#GCMRL#  364 dt  36.288000 rms  0.578  0.023% neg 0  invalid 762 tFOTS 0.0000 tGradient 1.5510 tsec 1.7550
#GCMRL#  365 dt  36.288000 rms  0.578  0.023% neg 0  invalid 762 tFOTS 0.0000 tGradient 1.4290 tsec 1.6470
#FOTS# QuadFit found better minimum quadopt=(dt=995.328,rms=0.577494) vs oldopt=(dt=1658.88,rms=0.577544)
#GCMRL#  366 dt 995.328000 rms  0.577  0.040% neg 0  invalid 762 tFOTS 2.9240 tGradient 1.4770 tsec 4.6170
#FOTS# QuadFit found better minimum quadopt=(dt=36.288,rms=0.5774) vs oldopt=(dt=25.92,rms=0.577422)
#GCMRL#  367 dt  36.288000 rms  0.577  0.000% neg 0  invalid 762 tFOTS 2.9050 tGradient 1.4710 tsec 4.6080
#GCMRL#  368 dt  36.288000 rms  0.577  0.006% neg 0  invalid 762 tFOTS 0.0000 tGradient 1.5350 tsec 1.7360
#GCMRL#  369 dt  36.288000 rms  0.577  0.006% neg 0  invalid 762 tFOTS 0.0000 tGradient 1.4970 tsec 1.7000
#GCMRL#  370 dt  36.288000 rms  0.577  0.002% neg 0  invalid 762 tFOTS 0.0000 tGradient 1.5140 tsec 1.7150
#GCMRL#  371 dt  36.288000 rms  0.577  0.005% neg 0  invalid 762 tFOTS 0.0000 tGradient 1.5090 tsec 1.7130
#GCMRL#  372 dt  36.288000 rms  0.577  0.011% neg 0  invalid 762 tFOTS 0.0000 tGradient 1.4330 tsec 1.6330
setting smoothness cost coefficient to 0.118

#GCAMreg# pass 0 level1 3 level2 0 tsec 0 sigma 2
l_jacobian=1.00 l_label=1.00 l_log_likelihood=0.20 l_smoothness=0.12 
tol=5.00e-02, dt=5.00e-02, exp_k=20.0, momentum=0.90, levels=6, niter=500, lbl_dist=10.00, avgs=16, sigma=2.0,type=2, relabel=0, neg=no

blurring input image with Gaussian with sigma=2.000...
GCAMRegisterLevel(): init RMS 0.59278
#GCMRL#  374 dt  32.000000 rms  0.589  0.555% neg 0  invalid 762 tFOTS 2.8990 tGradient 1.3810 tsec 4.5000
#FOTS# QuadFit found better minimum quadopt=(dt=76.8,rms=0.585005) vs oldopt=(dt=128,rms=0.586437)
#GCMRL#  375 dt  76.800000 rms  0.585  0.760% neg 0  invalid 762 tFOTS 2.9360 tGradient 1.3090 tsec 4.4590
#FOTS# QuadFit found better minimum quadopt=(dt=30.9647,rms=0.582296) vs oldopt=(dt=32,rms=0.582313)
#GCMRL#  376 dt  30.964706 rms  0.582  0.463% neg 0  invalid 762 tFOTS 2.8990 tGradient 1.2490 tsec 4.3610
#FOTS# QuadFit found better minimum quadopt=(dt=44.8,rms=0.579262) vs oldopt=(dt=32,rms=0.579491)
#GCMRL#  377 dt  44.800000 rms  0.579  0.521% neg 0  invalid 762 tFOTS 2.9040 tGradient 1.2920 tsec 4.4110
#FOTS# QuadFit found better minimum quadopt=(dt=25.6,rms=0.57734) vs oldopt=(dt=32,rms=0.577516)
#GCMRL#  378 dt  25.600000 rms  0.577  0.332% neg 0  invalid 762 tFOTS 2.9200 tGradient 1.3310 tsec 4.4640
#FOTS# QuadFit found better minimum quadopt=(dt=92.6316,rms=0.574759) vs oldopt=(dt=32,rms=0.57541)
#GCMRL#  379 dt  92.631579 rms  0.575  0.447% neg 0  invalid 762 tFOTS 2.8910 tGradient 1.3360 tsec 4.4390
#FOTS# QuadFit found better minimum quadopt=(dt=20.6222,rms=0.571666) vs oldopt=(dt=32,rms=0.572416)
#GCMRL#  380 dt  20.622222 rms  0.572  0.538% neg 0  invalid 762 tFOTS 2.8520 tGradient 1.2380 tsec 4.3040
#FOTS# QuadFit found better minimum quadopt=(dt=179.2,rms=0.565569) vs oldopt=(dt=128,rms=0.567108)
#GCMRL#  381 dt 179.200000 rms  0.566  1.067% neg 0  invalid 762 tFOTS 2.6300 tGradient 1.2830 tsec 4.1350
#FOTS# QuadFit found better minimum quadopt=(dt=38.4,rms=0.564714) vs oldopt=(dt=32,rms=0.564744)
#GCMRL#  382 dt  38.400000 rms  0.565  0.151% neg 0  invalid 762 tFOTS 2.8720 tGradient 1.2040 tsec 4.2870
#FOTS# QuadFit found better minimum quadopt=(dt=44.8,rms=0.563947) vs oldopt=(dt=32,rms=0.563998)
#GCMRL#  383 dt  44.800000 rms  0.564  0.136% neg 0  invalid 762 tFOTS 2.8290 tGradient 1.3010 tsec 4.3570
#FOTS# QuadFit found better minimum quadopt=(dt=38.4,rms=0.56278) vs oldopt=(dt=32,rms=0.562824)
#GCMRL#  384 dt  38.400000 rms  0.563  0.207% neg 0  invalid 762 tFOTS 2.8560 tGradient 1.1960 tsec 4.2760
#GCMRL#  385 dt  32.000000 rms  0.562  0.085% neg 0  invalid 762 tFOTS 2.8040 tGradient 1.2870 tsec 4.3170
#FOTS# QuadFit found better minimum quadopt=(dt=44.8,rms=0.561165) vs oldopt=(dt=32,rms=0.561347)
#GCMRL#  386 dt  44.800000 rms  0.561  0.203% neg 0  invalid 762 tFOTS 2.8460 tGradient 1.2640 tsec 4.3350
#FOTS# QuadFit found better minimum quadopt=(dt=25.6,rms=0.56076) vs oldopt=(dt=32,rms=0.560762)
#GCMRL#  387 dt  25.600000 rms  0.561  0.072% neg 0  invalid 762 tFOTS 2.8300 tGradient 1.2520 tsec 4.3050
#FOTS# QuadFit found better minimum quadopt=(dt=153.6,rms=0.558831) vs oldopt=(dt=128,rms=0.558906)
#GCMRL#  388 dt 153.600000 rms  0.559  0.344% neg 0  invalid 762 tFOTS 2.6720 tGradient 1.2510 tsec 4.1550
#FOTS# QuadFit found better minimum quadopt=(dt=21.4468,rms=0.557738) vs oldopt=(dt=32,rms=0.558118)
#GCMRL#  389 dt  21.446809 rms  0.558  0.196% neg 0  invalid 762 tFOTS 2.6990 tGradient 1.1810 tsec 4.1160
#FOTS# QuadFit found better minimum quadopt=(dt=44.8,rms=0.557166) vs oldopt=(dt=32,rms=0.557196)
#GCMRL#  390 dt  44.800000 rms  0.557  0.103% neg 0  invalid 762 tFOTS 2.6820 tGradient 1.2380 tsec 4.1450
#FOTS# QuadFit found better minimum quadopt=(dt=38.4,rms=0.556428) vs oldopt=(dt=32,rms=0.556438)
#GCMRL#  391 dt  38.400000 rms  0.556  0.132% neg 0  invalid 762 tFOTS 2.9430 tGradient 1.2620 tsec 4.4370
#FOTS# QuadFit found better minimum quadopt=(dt=19.2,rms=0.556156) vs oldopt=(dt=32,rms=0.556249)
#GCMRL#  392 dt  19.200000 rms  0.556  0.000% neg 0  invalid 762 tFOTS 2.8590 tGradient 1.2080 tsec 4.3190
#GCMRL#  393 dt  19.200000 rms  0.556  0.060% neg 0  invalid 762 tFOTS 0.0000 tGradient 1.3120 tsec 1.5270
#GCMRL#  394 dt  19.200000 rms  0.555  0.084% neg 0  invalid 762 tFOTS 0.0000 tGradient 1.2120 tsec 1.4140
#GCMRL#  395 dt  19.200000 rms  0.555  0.111% neg 0  invalid 762 tFOTS 0.0000 tGradient 1.2590 tsec 1.4580
#GCMRL#  396 dt  19.200000 rms  0.554  0.144% neg 0  invalid 762 tFOTS 0.0000 tGradient 1.2490 tsec 1.4490
#GCMRL#  397 dt  19.200000 rms  0.553  0.155% neg 0  invalid 762 tFOTS 0.0000 tGradient 1.2470 tsec 1.4490
#GCMRL#  398 dt  19.200000 rms  0.552  0.172% neg 0  invalid 762 tFOTS 0.0000 tGradient 1.2460 tsec 1.4460
#GCMRL#  399 dt  19.200000 rms  0.551  0.181% neg 0  invalid 762 tFOTS 0.0000 tGradient 1.2490 tsec 1.4540
#GCMRL#  400 dt  19.200000 rms  0.550  0.188% neg 0  invalid 762 tFOTS 0.0000 tGradient 1.2540 tsec 1.4510
#GCMRL#  401 dt  19.200000 rms  0.549  0.178% neg 0  invalid 762 tFOTS 0.0000 tGradient 1.2750 tsec 1.4730
#GCMRL#  402 dt  19.200000 rms  0.548  0.169% neg 0  invalid 762 tFOTS 0.0000 tGradient 1.3130 tsec 1.5130
#GCMRL#  403 dt  19.200000 rms  0.547  0.169% neg 0  invalid 762 tFOTS 0.0000 tGradient 1.2480 tsec 1.4440
#GCMRL#  404 dt  19.200000 rms  0.546  0.152% neg 0  invalid 762 tFOTS 0.0000 tGradient 1.2970 tsec 1.5020
#GCMRL#  405 dt  19.200000 rms  0.546  0.143% neg 0  invalid 762 tFOTS 0.0000 tGradient 1.2420 tsec 1.4430
#GCMRL#  406 dt  19.200000 rms  0.545  0.142% neg 0  invalid 762 tFOTS 0.0000 tGradient 1.2610 tsec 1.4600
#GCMRL#  407 dt  19.200000 rms  0.544  0.122% neg 0  invalid 762 tFOTS 0.0000 tGradient 1.2700 tsec 1.4720
#GCMRL#  408 dt  19.200000 rms  0.544  0.007% neg 0  invalid 762 tFOTS 0.0000 tGradient 1.2860 tsec 1.6040
#GCMRL#  409 dt  19.200000 rms  0.544  0.021% neg 0  invalid 762 tFOTS 0.0000 tGradient 1.2500 tsec 1.4490
#GCMRL#  410 dt  19.200000 rms  0.544  0.018% neg 0  invalid 762 tFOTS 0.0000 tGradient 1.2080 tsec 1.4310
#GCMRL#  411 dt 128.000000 rms  0.544  0.023% neg 0  invalid 762 tFOTS 2.7090 tGradient 1.1970 tsec 4.1270
#FOTS# QuadFit found better minimum quadopt=(dt=25.6,rms=0.543679) vs oldopt=(dt=32,rms=0.543698)
#GCMRL#  412 dt  25.600000 rms  0.544  0.027% neg 0  invalid 762 tFOTS 2.7250 tGradient 1.2580 tsec 4.2040
#FOTS# QuadFit found better minimum quadopt=(dt=25.6,rms=0.54357) vs oldopt=(dt=32,rms=0.543573)
#GCMRL#  413 dt  25.600000 rms  0.544  0.000% neg 0  invalid 762 tFOTS 2.7640 tGradient 1.2040 tsec 4.2040

#GCAMreg# pass 0 level1 3 level2 1 tsec 130.511 sigma 0.5
l_jacobian=1.00 l_label=1.00 l_log_likelihood=0.20 l_smoothness=0.12 
tol=5.00e-02, dt=5.00e-02, exp_k=20.0, momentum=0.90, levels=6, niter=500, lbl_dist=10.00, avgs=16, sigma=0.5,type=2, relabel=0, neg=no

blurring input image with Gaussian with sigma=0.500...
GCAMRegisterLevel(): init RMS 0.544358
#GCMRL#  415 dt  32.000000 rms  0.542  0.464% neg 0  invalid 762 tFOTS 2.7280 tGradient 1.1810 tsec 4.1290
#FOTS# QuadFit found better minimum quadopt=(dt=25.6,rms=0.540994) vs oldopt=(dt=32,rms=0.541009)
#GCMRL#  416 dt  25.600000 rms  0.541  0.155% neg 0  invalid 762 tFOTS 2.6950 tGradient 1.1880 tsec 4.1030
#FOTS# QuadFit found better minimum quadopt=(dt=19.2,rms=0.540675) vs oldopt=(dt=32,rms=0.540762)
#GCMRL#  417 dt  19.200000 rms  0.541  0.059% neg 0  invalid 762 tFOTS 2.7100 tGradient 1.1730 tsec 4.1030
#FOTS# QuadFit found better minimum quadopt=(dt=44.8,rms=0.540143) vs oldopt=(dt=32,rms=0.540217)
#GCMRL#  418 dt  44.800000 rms  0.540  0.098% neg 0  invalid 762 tFOTS 2.5620 tGradient 1.1760 tsec 3.9620
#FOTS# QuadFit found better minimum quadopt=(dt=11.2,rms=0.540024) vs oldopt=(dt=8,rms=0.540053)
#GCMRL#  419 dt  11.200000 rms  0.540  0.000% neg 0  invalid 762 tFOTS 2.7310 tGradient 1.2110 tsec 4.1780
#GCMRL#  420 dt  11.200000 rms  0.540  0.023% neg 0  invalid 762 tFOTS 0.0000 tGradient 1.2030 tsec 1.4110
#GCMRL#  421 dt  11.200000 rms  0.540  0.026% neg 0  invalid 762 tFOTS 0.0000 tGradient 1.1760 tsec 1.3740
#GCMRL#  422 dt  11.200000 rms  0.540  0.046% neg 0  invalid 762 tFOTS 0.0000 tGradient 1.1670 tsec 1.3690
#GCMRL#  423 dt  11.200000 rms  0.539  0.051% neg 0  invalid 762 tFOTS 0.0000 tGradient 1.1630 tsec 1.3610
#GCMRL#  424 dt  11.200000 rms  0.539  0.048% neg 0  invalid 762 tFOTS 0.0000 tGradient 1.1580 tsec 1.3570
#GCMRL#  425 dt  11.200000 rms  0.539  0.048% neg 0  invalid 762 tFOTS 0.0000 tGradient 1.2040 tsec 1.4050
#GCMRL#  426 dt   5.600000 rms  0.539  0.006% neg 0  invalid 762 tFOTS 0.0000 tGradient 1.1960 tsec 1.6450
#GCMRL#  427 dt   1.400000 rms  0.539  0.002% neg 0  invalid 762 tFOTS 0.0000 tGradient 1.1860 tsec 1.7710
#FOTS# QuadFit found better minimum quadopt=(dt=0.7,rms=0.538682) vs oldopt=(dt=0.5,rms=0.538683)
#GCMRL#  428 dt   0.700000 rms  0.539  0.000% neg 0  invalid 762 tFOTS 2.2120 tGradient 1.1700 tsec 3.6160
setting smoothness cost coefficient to 0.400

#GCAMreg# pass 0 level1 2 level2 0 tsec 0 sigma 2
l_jacobian=1.00 l_label=1.00 l_log_likelihood=0.20 l_smoothness=0.40 
tol=5.00e-02, dt=5.00e-02, exp_k=20.0, momentum=0.90, levels=6, niter=500, lbl_dist=10.00, avgs=4, sigma=2.0,type=2, relabel=0, neg=no

blurring input image with Gaussian with sigma=2.000...
GCAMRegisterLevel(): init RMS 0.575724
#GCMRL#  430 dt   0.000000 rms  0.575  0.122% neg 0  invalid 762 tFOTS 2.7900 tGradient 1.1000 tsec 4.1130
#GCMRL#  431 dt   0.150000 rms  0.575  0.000% neg 0  invalid 762 tFOTS 2.7420 tGradient 1.0920 tsec 4.2060

#GCAMreg# pass 0 level1 2 level2 1 tsec 17.58 sigma 0.5
l_jacobian=1.00 l_label=1.00 l_log_likelihood=0.20 l_smoothness=0.40 
tol=5.00e-02, dt=5.00e-02, exp_k=20.0, momentum=0.90, levels=6, niter=500, lbl_dist=10.00, avgs=4, sigma=0.5,type=2, relabel=0, neg=no

blurring input image with Gaussian with sigma=0.500...
GCAMRegisterLevel(): init RMS 0.575724
#GCMRL#  433 dt   0.000000 rms  0.575  0.122% neg 0  invalid 762 tFOTS 2.6900 tGradient 1.1210 tsec 4.0400
#GCMRL#  434 dt   0.150000 rms  0.575  0.000% neg 0  invalid 762 tFOTS 2.6780 tGradient 1.0670 tsec 4.1310
setting smoothness cost coefficient to 1.000

#GCAMreg# pass 0 level1 1 level2 0 tsec 0 sigma 2
l_jacobian=1.00 l_label=1.00 l_log_likelihood=0.20 l_smoothness=1.00 
tol=5.00e-02, dt=5.00e-02, exp_k=20.0, momentum=0.90, levels=6, niter=500, lbl_dist=10.00, avgs=1, sigma=2.0,type=2, relabel=0, neg=no

blurring input image with Gaussian with sigma=2.000...
GCAMRegisterLevel(): init RMS 0.646112
#FOTS# QuadFit found better minimum quadopt=(dt=2.10236,rms=0.635999) vs oldopt=(dt=1.28,rms=0.637734)
#GCMRL#  436 dt   2.102362 rms  0.636  1.565% neg 0  invalid 762 tFOTS 2.6710 tGradient 0.9400 tsec 3.8330
#FOTS# QuadFit found better minimum quadopt=(dt=1.024,rms=0.635075) vs oldopt=(dt=1.28,rms=0.635085)
#GCMRL#  437 dt   1.024000 rms  0.635  0.145% neg 0  invalid 762 tFOTS 2.6780 tGradient 0.9620 tsec 3.8700
#FOTS# QuadFit found better minimum quadopt=(dt=0.448,rms=0.634966) vs oldopt=(dt=0.32,rms=0.634973)
#GCMRL#  438 dt   0.448000 rms  0.635  0.000% neg 0  invalid 762 tFOTS 2.6920 tGradient 0.9780 tsec 3.9090

#GCAMreg# pass 0 level1 1 level2 1 tsec 20.878 sigma 0.5
l_jacobian=1.00 l_label=1.00 l_log_likelihood=0.20 l_smoothness=1.00 
tol=5.00e-02, dt=5.00e-02, exp_k=20.0, momentum=0.90, levels=6, niter=500, lbl_dist=10.00, avgs=1, sigma=0.5,type=2, relabel=0, neg=no

blurring input image with Gaussian with sigma=0.500...
GCAMRegisterLevel(): init RMS 0.63563
#FOTS# QuadFit found better minimum quadopt=(dt=1.792,rms=0.633678) vs oldopt=(dt=1.28,rms=0.633749)
#GCMRL#  440 dt   1.792000 rms  0.634  0.307% neg 0  invalid 762 tFOTS 2.6730 tGradient 0.9730 tsec 3.8690
#FOTS# QuadFit found better minimum quadopt=(dt=0.448,rms=0.63359) vs oldopt=(dt=0.32,rms=0.633606)
#GCMRL#  441 dt   0.448000 rms  0.634  0.000% neg 0  invalid 762 tFOTS 2.6960 tGradient 0.9660 tsec 3.9090
#GCMRL#  442 dt   0.448000 rms  0.634  0.006% neg 0  invalid 762 tFOTS 0.0000 tGradient 0.9250 tsec 1.1390
resetting metric properties...
setting smoothness cost coefficient to 2.000

#GCAMreg# pass 0 level1 0 level2 0 tsec 0 sigma 2
l_jacobian=1.00 l_label=1.00 l_log_likelihood=0.20 l_smoothness=2.00 
tol=5.00e-02, dt=5.00e-02, exp_k=20.0, momentum=0.90, levels=6, niter=500, lbl_dist=10.00, avgs=0, sigma=2.0,type=2, relabel=0, neg=no

blurring input image with Gaussian with sigma=2.000...
GCAMRegisterLevel(): init RMS 0.572424
#FOTS# QuadFit found better minimum quadopt=(dt=0.448,rms=0.557442) vs oldopt=(dt=0.32,rms=0.561351)
#GCMRL#  444 dt   0.448000 rms  0.557  2.617% neg 0  invalid 762 tFOTS 2.5280 tGradient 0.5300 tsec 3.2850
#FOTS# QuadFit found better minimum quadopt=(dt=0.448,rms=0.552892) vs oldopt=(dt=0.32,rms=0.55417)
#GCMRL#  445 dt   0.448000 rms  0.553  0.816% neg 0  invalid 762 tFOTS 2.5500 tGradient 0.5250 tsec 3.3050
#FOTS# QuadFit found better minimum quadopt=(dt=0.448,rms=0.550007) vs oldopt=(dt=0.32,rms=0.55082)
#GCMRL#  446 dt   0.448000 rms  0.550  0.522% neg 0  invalid 762 tFOTS 2.4770 tGradient 0.5210 tsec 3.2290
#FOTS# QuadFit found better minimum quadopt=(dt=0.448,rms=0.548051) vs oldopt=(dt=0.32,rms=0.548601)
#GCMRL#  447 dt   0.448000 rms  0.548  0.356% neg 0  invalid 762 tFOTS 2.4840 tGradient 0.5330 tsec 3.2490
#FOTS# QuadFit found better minimum quadopt=(dt=0.448,rms=0.546601) vs oldopt=(dt=0.32,rms=0.547013)
#GCMRL#  448 dt   0.448000 rms  0.547  0.265% neg 0  invalid 762 tFOTS 2.4600 tGradient 0.4910 tsec 3.1750
#FOTS# QuadFit found better minimum quadopt=(dt=0.448,rms=0.545464) vs oldopt=(dt=0.32,rms=0.545782)
#GCMRL#  449 dt   0.448000 rms  0.545  0.208% neg 0  invalid 762 tFOTS 2.5050 tGradient 0.5300 tsec 3.2670
#FOTS# QuadFit found better minimum quadopt=(dt=0.625,rms=0.54422) vs oldopt=(dt=0.32,rms=0.544819)
#GCMRL#  450 dt   0.625000 rms  0.544  0.228% neg 0  invalid 762 tFOTS 2.4860 tGradient 0.4980 tsec 3.2160
#FOTS# QuadFit found better minimum quadopt=(dt=0.448,rms=0.543531) vs oldopt=(dt=0.32,rms=0.543718)
#GCMRL#  451 dt   0.448000 rms  0.544  0.127% neg 0  invalid 762 tFOTS 2.4650 tGradient 0.5310 tsec 3.2290
#FOTS# QuadFit found better minimum quadopt=(dt=0.448,rms=0.542938) vs oldopt=(dt=0.32,rms=0.543105)
#GCMRL#  452 dt   0.448000 rms  0.543  0.109% neg 0  invalid 762 tFOTS 2.5620 tGradient 0.5200 tsec 3.3050
#FOTS# QuadFit found better minimum quadopt=(dt=0.448,rms=0.542459) vs oldopt=(dt=0.32,rms=0.54259)
#GCMRL#  453 dt   0.448000 rms  0.542  0.088% neg 0  invalid 762 tFOTS 2.4670 tGradient 0.5250 tsec 3.2240
#FOTS# QuadFit found better minimum quadopt=(dt=0.448,rms=0.542027) vs oldopt=(dt=0.32,rms=0.542142)
#GCMRL#  454 dt   0.448000 rms  0.542  0.080% neg 0  invalid 762 tFOTS 2.4820 tGradient 0.5090 tsec 3.2240
#FOTS# QuadFit found better minimum quadopt=(dt=0.448,rms=0.541674) vs oldopt=(dt=0.32,rms=0.541768)
#GCMRL#  455 dt   0.448000 rms  0.542  0.065% neg 0  invalid 762 tFOTS 2.5120 tGradient 0.5000 tsec 3.2440
#FOTS# QuadFit found better minimum quadopt=(dt=0.448,rms=0.541338) vs oldopt=(dt=0.32,rms=0.541423)
#GCMRL#  456 dt   0.448000 rms  0.541  0.062% neg 0  invalid 762 tFOTS 2.5970 tGradient 0.5010 tsec 3.3230
#FOTS# QuadFit found better minimum quadopt=(dt=0.448,rms=0.541065) vs oldopt=(dt=0.32,rms=0.541135)
#GCMRL#  457 dt   0.448000 rms  0.541  0.050% neg 0  invalid 762 tFOTS 2.4960 tGradient 0.4990 tsec 3.2290
#FOTS# QuadFit found better minimum quadopt=(dt=0.448,rms=0.5408) vs oldopt=(dt=0.32,rms=0.540866)
#GCMRL#  458 dt   0.448000 rms  0.541  0.000% neg 0  invalid 762 tFOTS 2.5230 tGradient 0.5180 tsec 3.2880
#GCMRL#  459 dt   0.448000 rms  0.541  0.040% neg 0  invalid 762 tFOTS 0.0000 tGradient 0.5080 tsec 0.7300
#GCMRL#  460 dt   0.448000 rms  0.540  0.076% neg 0  invalid 762 tFOTS 0.0000 tGradient 0.5000 tsec 0.7220
#GCMRL#  461 dt   0.448000 rms  0.540  0.098% neg 0  invalid 762 tFOTS 0.0000 tGradient 0.4990 tsec 0.7250
#GCMRL#  462 dt   0.448000 rms  0.539  0.106% neg 0  invalid 762 tFOTS 0.0000 tGradient 0.5070 tsec 0.7220
#GCMRL#  463 dt   0.448000 rms  0.539  0.011% neg 0  invalid 762 tFOTS 0.0000 tGradient 0.5360 tsec 0.8770
#GCMRL#  464 dt   0.448000 rms  0.539  0.024% neg 0  invalid 762 tFOTS 0.0000 tGradient 0.4980 tsec 0.7190
#GCMRL#  465 dt   0.448000 rms  0.539  0.035% neg 0  invalid 762 tFOTS 0.0000 tGradient 0.5270 tsec 0.7410
#GCMRL#  466 dt   0.448000 rms  0.538  0.039% neg 0  invalid 762 tFOTS 0.0000 tGradient 0.5200 tsec 0.7410
#GCMRL#  467 dt   0.448000 rms  0.538  0.035% neg 0  invalid 762 tFOTS 0.0000 tGradient 0.5000 tsec 0.7230
#GCMRL#  468 dt   0.448000 rms  0.538  0.008% neg 0  invalid 762 tFOTS 0.0000 tGradient 0.5030 tsec 0.8520
#GCMRL#  469 dt   0.448000 rms  0.538  0.011% neg 0  invalid 762 tFOTS 0.0000 tGradient 0.5360 tsec 0.7520
#GCMRL#  470 dt   0.448000 rms  0.538  0.006% neg 0  invalid 762 tFOTS 0.0000 tGradient 0.5110 tsec 0.8780
#FOTS# QuadFit found better minimum quadopt=(dt=0.384,rms=0.538123) vs oldopt=(dt=0.32,rms=0.538124)
#GCMRL#  471 dt   0.384000 rms  0.538  0.007% neg 0  invalid 762 tFOTS 2.5240 tGradient 0.5100 tsec 3.2570
#FOTS# QuadFit found better minimum quadopt=(dt=0.384,rms=0.5381) vs oldopt=(dt=0.32,rms=0.5381)
#GCMRL#  472 dt   0.384000 rms  0.538  0.000% neg 0  invalid 762 tFOTS 2.5130 tGradient 0.5000 tsec 3.2540
#GCMRL#  473 dt   0.384000 rms  0.538  0.003% neg 0  invalid 762 tFOTS 0.0000 tGradient 0.5450 tsec 0.7670
#GCMRL#  474 dt   0.384000 rms  0.538  0.010% neg 0  invalid 762 tFOTS 0.0000 tGradient 0.4970 tsec 0.7150
#GCMRL#  475 dt   0.384000 rms  0.538  0.009% neg 0  invalid 762 tFOTS 0.0000 tGradient 0.5280 tsec 0.7460
#GCMRL#  476 dt   0.384000 rms  0.538  0.012% neg 0  invalid 762 tFOTS 0.0000 tGradient 0.4980 tsec 0.7220
#GCMRL#  477 dt   0.384000 rms  0.538  0.012% neg 0  invalid 762 tFOTS 0.0000 tGradient 0.5090 tsec 0.7340
#GCMRL#  478 dt   0.384000 rms  0.538  0.013% neg 0  invalid 762 tFOTS 0.0000 tGradient 0.5290 tsec 0.7560

#GCAMreg# pass 0 level1 0 level2 1 tsec 77.545 sigma 0.5
l_jacobian=1.00 l_label=1.00 l_log_likelihood=0.20 l_smoothness=2.00 
tol=5.00e-02, dt=5.00e-02, exp_k=20.0, momentum=0.90, levels=6, niter=500, lbl_dist=10.00, avgs=0, sigma=0.5,type=2, relabel=0, neg=no

blurring input image with Gaussian with sigma=0.500...
GCAMRegisterLevel(): init RMS 0.538516
#FOTS# QuadFit found better minimum quadopt=(dt=0.448,rms=0.533934) vs oldopt=(dt=0.32,rms=0.534925)
#GCMRL#  480 dt   0.448000 rms  0.534  0.851% neg 0  invalid 762 tFOTS 2.5190 tGradient 0.5040 tsec 3.2520
#FOTS# QuadFit found better minimum quadopt=(dt=0.448,rms=0.533462) vs oldopt=(dt=0.32,rms=0.533579)
#GCMRL#  481 dt   0.448000 rms  0.533  0.088% neg 0  invalid 762 tFOTS 2.4930 tGradient 0.4990 tsec 3.2150
#FOTS# QuadFit found better minimum quadopt=(dt=0.448,rms=0.533278) vs oldopt=(dt=0.32,rms=0.533316)
#GCMRL#  482 dt   0.448000 rms  0.533  0.000% neg 0  invalid 762 tFOTS 2.5150 tGradient 0.4960 tsec 3.2590
#GCMRL#  483 dt   0.448000 rms  0.533  0.007% neg 0  invalid 762 tFOTS 0.0000 tGradient 0.4970 tsec 0.7090
#GCMRL#  484 dt   0.448000 rms  0.533  0.005% neg 0  invalid 762 tFOTS 0.0000 tGradient 0.5150 tsec 0.7400
GCAMregister done in 17.0549 min
********************* ALLOWING NEGATIVE NODES IN DEFORMATION********************************
noneg post
Starting GCAMregister()
label assignment complete, 0 changed (0.00%)
npasses = 1, nlevels = 6
#pass# 1 of 1 ************************
enabling zero nodes
setting smoothness cost coefficient to 0.008

#GCAMreg# pass 0 level1 5 level2 0 tsec 0 sigma 2
l_jacobian=1.00 l_label=1.00 l_log_likelihood=0.20 l_smoothness=0.01 
tol=2.50e-01, dt=5.00e-02, exp_k=20.0, momentum=0.90, levels=6, niter=500, lbl_dist=10.00, avgs=256, sigma=2.0,type=2, relabel=0, neg=yes

blurring input image with Gaussian with sigma=2.000...
GCAMRegisterLevel(): init RMS 0.530466
#FOTS# QuadFit found better minimum quadopt=(dt=32.368,rms=0.529638) vs oldopt=(dt=23.12,rms=0.529639)
#GCMRL#  486 dt  32.368000 rms  0.530  0.156% neg 0  invalid 762 tFOTS 3.1980 tGradient 1.6190 tsec 5.0390
#FOTS# QuadFit found better minimum quadopt=(dt=32.368,rms=0.529613) vs oldopt=(dt=23.12,rms=0.529617)
#GCMRL#  487 dt  32.368000 rms  0.530  0.000% neg 0  invalid 762 tFOTS 3.1800 tGradient 1.5930 tsec 5.0100
#GCMRL#  488 dt  32.368000 rms  0.530  0.003% neg 0  invalid 762 tFOTS 0.0000 tGradient 1.5800 tsec 1.7890
#GCMRL#  489 dt  32.368000 rms  0.530  0.003% neg 0  invalid 762 tFOTS 0.0000 tGradient 1.6480 tsec 1.8540

#GCAMreg# pass 0 level1 5 level2 1 tsec 23.474 sigma 0.5
l_jacobian=1.00 l_label=1.00 l_log_likelihood=0.20 l_smoothness=0.01 
tol=2.50e-01, dt=5.00e-02, exp_k=20.0, momentum=0.90, levels=6, niter=500, lbl_dist=10.00, avgs=256, sigma=0.5,type=2, relabel=0, neg=yes

blurring input image with Gaussian with sigma=0.500...
GCAMRegisterLevel(): init RMS 0.530385
#FOTS# QuadFit found better minimum quadopt=(dt=129.472,rms=0.528663) vs oldopt=(dt=92.48,rms=0.528805)
#GCMRL#  491 dt 129.472000 rms  0.529  0.325% neg 0  invalid 762 tFOTS 3.0240 tGradient 1.5810 tsec 4.8330
#FOTS# QuadFit found better minimum quadopt=(dt=55.488,rms=0.528571) vs oldopt=(dt=92.48,rms=0.528589)
#GCMRL#  492 dt  55.488000 rms  0.529  0.000% neg 0  invalid 762 tFOTS 3.0710 tGradient 1.6200 tsec 4.9360
#GCMRL#  493 dt  55.488000 rms  0.528  0.017% neg 0  invalid 762 tFOTS 0.0000 tGradient 1.6250 tsec 1.8330
#GCMRL#  494 dt  55.488000 rms  0.528  0.025% neg 0  invalid 762 tFOTS 0.0000 tGradient 1.6310 tsec 1.8370
#GCMRL#  495 dt  55.488000 rms  0.528  0.035% neg 0  invalid 762 tFOTS 0.0000 tGradient 1.6100 tsec 1.8210
#GCMRL#  496 dt  55.488000 rms  0.528  0.043% neg 0  invalid 762 tFOTS 0.0000 tGradient 1.5670 tsec 1.7720
#GCMRL#  497 dt  55.488000 rms  0.528  0.043% neg 0  invalid 762 tFOTS 0.0000 tGradient 1.5870 tsec 1.7950
#GCMRL#  498 dt  55.488000 rms  0.528  0.037% neg 0  invalid 762 tFOTS 0.0000 tGradient 1.6680 tsec 1.8750
#GCMRL#  499 dt  55.488000 rms  0.527  0.032% neg 0  invalid 762 tFOTS 0.0000 tGradient 1.5860 tsec 1.8070
#FOTS# QuadFit found better minimum quadopt=(dt=129.472,rms=0.527335) vs oldopt=(dt=92.48,rms=0.527336)
setting smoothness cost coefficient to 0.031

#GCAMreg# pass 0 level1 4 level2 0 tsec 0 sigma 2
l_jacobian=1.00 l_label=1.00 l_log_likelihood=0.20 l_smoothness=0.03 
tol=2.50e-01, dt=5.00e-02, exp_k=20.0, momentum=0.90, levels=6, niter=500, lbl_dist=10.00, avgs=64, sigma=2.0,type=2, relabel=0, neg=yes

blurring input image with Gaussian with sigma=2.000...
GCAMRegisterLevel(): init RMS 0.528174
#FOTS# QuadFit found better minimum quadopt=(dt=36.288,rms=0.526887) vs oldopt=(dt=25.92,rms=0.526921)
#GCMRL#  501 dt  36.288000 rms  0.527  0.244% neg 0  invalid 762 tFOTS 3.2630 tGradient 1.3240 tsec 4.8080
#FOTS# QuadFit found better minimum quadopt=(dt=62.208,rms=0.526328) vs oldopt=(dt=103.68,rms=0.526456)
#GCMRL#  502 dt  62.208000 rms  0.526  0.000% neg 0  invalid 762 tFOTS 3.0670 tGradient 1.3000 tsec 4.6090
#GCMRL#  503 dt  62.208000 rms  0.526  0.116% neg 0  invalid 762 tFOTS 0.0000 tGradient 1.3340 tsec 1.5420
#GCMRL#  504 dt  62.208000 rms  0.525  0.103% neg 0  invalid 762 tFOTS 0.0000 tGradient 1.3090 tsec 1.5080
iter 0, gcam->neg = 4
after 0 iterations, nbhd size=0, neg = 0

#GCAMreg# pass 0 level1 4 level2 1 tsec 22.503 sigma 0.5
l_jacobian=1.00 l_label=1.00 l_log_likelihood=0.20 l_smoothness=0.03 
tol=2.50e-01, dt=5.00e-02, exp_k=20.0, momentum=0.90, levels=6, niter=500, lbl_dist=10.00, avgs=64, sigma=0.5,type=2, relabel=0, neg=yes

blurring input image with Gaussian with sigma=0.500...
GCAMRegisterLevel(): init RMS 0.525986
#FOTS# QuadFit found better minimum quadopt=(dt=90.0367,rms=0.522355) vs oldopt=(dt=103.68,rms=0.52242)
#GCMRL#  506 dt  90.036745 rms  0.522  0.690% neg 0  invalid 762 tFOTS 3.2560 tGradient 1.5590 tsec 5.0490
#FOTS# QuadFit found better minimum quadopt=(dt=36.288,rms=0.521384) vs oldopt=(dt=25.92,rms=0.521512)
#GCMRL#  507 dt  36.288000 rms  0.521  0.000% neg 0  invalid 762 tFOTS 3.2890 tGradient 1.5240 tsec 5.0480
#GCMRL#  508 dt  36.288000 rms  0.521  0.088% neg 0  invalid 762 tFOTS 0.0000 tGradient 1.4580 tsec 1.6670
#GCMRL#  509 dt  36.288000 rms  0.520  0.133% neg 0  invalid 762 tFOTS 0.0000 tGradient 1.4950 tsec 1.6980
#GCMRL#  510 dt  36.288000 rms  0.519  0.155% neg 0  invalid 762 tFOTS 0.0000 tGradient 1.4670 tsec 1.6780
#GCMRL#  511 dt  36.288000 rms  0.519  0.159% neg 0  invalid 762 tFOTS 0.0000 tGradient 1.4840 tsec 1.6910
#GCMRL#  512 dt  36.288000 rms  0.518  0.147% neg 0  invalid 762 tFOTS 0.0000 tGradient 1.4260 tsec 1.6220
#GCMRL#  513 dt  36.288000 rms  0.517  0.135% neg 0  invalid 762 tFOTS 0.0000 tGradient 1.4060 tsec 1.6670
#GCMRL#  514 dt  36.288000 rms  0.517  0.119% neg 0  invalid 762 tFOTS 0.0000 tGradient 1.4500 tsec 1.6450
#GCMRL#  515 dt  36.288000 rms  0.516  0.115% neg 0  invalid 762 tFOTS 0.0000 tGradient 1.4130 tsec 1.6230
#FOTS# QuadFit found better minimum quadopt=(dt=145.152,rms=0.515597) vs oldopt=(dt=103.68,rms=0.515658)
#GCMRL#  516 dt 145.152000 rms  0.516  0.000% neg 0  invalid 762 tFOTS 2.9680 tGradient 1.4780 tsec 4.6760
setting smoothness cost coefficient to 0.118

#GCAMreg# pass 0 level1 3 level2 0 tsec 0 sigma 2
l_jacobian=1.00 l_label=1.00 l_log_likelihood=0.20 l_smoothness=0.12 
tol=2.50e-01, dt=5.00e-02, exp_k=20.0, momentum=0.90, levels=6, niter=500, lbl_dist=10.00, avgs=16, sigma=2.0,type=2, relabel=0, neg=yes

blurring input image with Gaussian with sigma=2.000...
GCAMRegisterLevel(): init RMS 0.517205
#FOTS# QuadFit found better minimum quadopt=(dt=44.2985,rms=0.512478) vs oldopt=(dt=32,rms=0.512665)
iter 0, gcam->neg = 54
after 11 iterations, nbhd size=1, neg = 0
#GCMRL#  518 dt  44.298507 rms  0.512  0.923% neg 0  invalid 762 tFOTS 3.2120 tGradient 1.2030 tsec 7.3840
#FOTS# QuadFit found better minimum quadopt=(dt=78.993,rms=0.506615) vs oldopt=(dt=32,rms=0.5084)
iter 0, gcam->neg = 41
after 11 iterations, nbhd size=1, neg = 0
#GCMRL#  519 dt  78.993007 rms  0.507  1.121% neg 0  invalid 762 tFOTS 3.2560 tGradient 1.2160 tsec 7.4110
#FOTS# QuadFit found better minimum quadopt=(dt=11.2,rms=0.504868) vs oldopt=(dt=8,rms=0.505268)
iter 0, gcam->neg = 3
after 0 iterations, nbhd size=0, neg = 0
#GCMRL#  520 dt  11.200000 rms  0.505  0.359% neg 0  invalid 762 tFOTS 3.2860 tGradient 1.3360 tsec 5.3020
#FOTS# QuadFit found better minimum quadopt=(dt=24,rms=0.503862) vs oldopt=(dt=32,rms=0.504015)
iter 0, gcam->neg = 9
after 9 iterations, nbhd size=1, neg = 0
#GCMRL#  521 dt  24.000000 rms  0.504  0.000% neg 0  invalid 762 tFOTS 3.2780 tGradient 1.2660 tsec 7.2330
iter 0, gcam->neg = 6
after 3 iterations, nbhd size=0, neg = 0
#GCMRL#  522 dt  24.000000 rms  0.503  0.256% neg 0  invalid 762 tFOTS 0.0000 tGradient 1.2220 tsec 2.5260
iter 0, gcam->neg = 7
after 2 iterations, nbhd size=0, neg = 0
#GCMRL#  523 dt  24.000000 rms  0.501  0.334% neg 0  invalid 762 tFOTS 0.0000 tGradient 1.2360 tsec 2.3510
iter 0, gcam->neg = 19
after 3 iterations, nbhd size=0, neg = 0
#GCMRL#  524 dt  24.000000 rms  0.499  0.359% neg 0  invalid 762 tFOTS 0.0000 tGradient 1.1990 tsec 2.5060
iter 0, gcam->neg = 31
after 10 iterations, nbhd size=1, neg = 0
#GCMRL#  525 dt  24.000000 rms  0.497  0.360% neg 0  invalid 762 tFOTS 0.0000 tGradient 1.2080 tsec 4.0290
iter 0, gcam->neg = 19
after 2 iterations, nbhd size=0, neg = 0
#GCMRL#  526 dt  24.000000 rms  0.496  0.330% neg 0  invalid 762 tFOTS 0.0000 tGradient 1.1930 tsec 2.3150
iter 0, gcam->neg = 36
after 19 iterations, nbhd size=1, neg = 0
#GCMRL#  527 dt  24.000000 rms  0.494  0.278% neg 0  invalid 762 tFOTS 0.0000 tGradient 1.2090 tsec 5.9620
iter 0, gcam->neg = 27
after 14 iterations, nbhd size=1, neg = 0
#GCMRL#  528 dt  24.000000 rms  0.493  0.239% neg 0  invalid 762 tFOTS 0.0000 tGradient 1.2330 tsec 4.8700
iter 0, gcam->neg = 34
after 14 iterations, nbhd size=1, neg = 0
#GCMRL#  529 dt  24.000000 rms  0.492  0.212% neg 0  invalid 762 tFOTS 0.0000 tGradient 1.2540 tsec 4.9970
iter 0, gcam->neg = 41
after 16 iterations, nbhd size=1, neg = 0
#GCMRL#  530 dt  24.000000 rms  0.491  0.136% neg 0  invalid 762 tFOTS 0.0000 tGradient 1.2090 tsec 5.2170
iter 0, gcam->neg = 49
after 19 iterations, nbhd size=1, neg = 0
#GCMRL#  531 dt  24.000000 rms  0.491  0.122% neg 0  invalid 762 tFOTS 0.0000 tGradient 1.2100 tsec 5.9230
iter 0, gcam->neg = 40
after 18 iterations, nbhd size=1, neg = 0
#GCMRL#  532 dt  24.000000 rms  0.490  0.131% neg 0  invalid 762 tFOTS 0.0000 tGradient 1.2100 tsec 5.5990
iter 0, gcam->neg = 34
after 17 iterations, nbhd size=1, neg = 0
#GCMRL#  533 dt  24.000000 rms  0.489  0.164% neg 0  invalid 762 tFOTS 0.0000 tGradient 1.2320 tsec 5.3760
iter 0, gcam->neg = 46
after 14 iterations, nbhd size=1, neg = 0
#GCMRL#  534 dt  24.000000 rms  0.489  0.131% neg 0  invalid 762 tFOTS 0.0000 tGradient 1.2110 tsec 4.8080
iter 0, gcam->neg = 40
after 14 iterations, nbhd size=1, neg = 0
#GCMRL#  535 dt  24.000000 rms  0.488  0.102% neg 0  invalid 762 tFOTS 0.0000 tGradient 1.2070 tsec 4.8330
iter 0, gcam->neg = 46
after 12 iterations, nbhd size=1, neg = 0
#GCMRL#  536 dt  24.000000 rms  0.488  0.074% neg 0  invalid 762 tFOTS 0.0000 tGradient 1.2330 tsec 4.3820
#FOTS# QuadFit found better minimum quadopt=(dt=44.8,rms=0.487281) vs oldopt=(dt=32,rms=0.487344)
iter 0, gcam->neg = 8
after 15 iterations, nbhd size=1, neg = 0
#GCMRL#  537 dt  44.800000 rms  0.487  0.121% neg 0  invalid 762 tFOTS 3.2580 tGradient 1.2340 tsec 8.3680
#FOTS# QuadFit found better minimum quadopt=(dt=11.2,rms=0.487179) vs oldopt=(dt=8,rms=0.487199)
iter 0, gcam->neg = 2
after 0 iterations, nbhd size=0, neg = 0
#GCMRL#  538 dt  11.200000 rms  0.487  0.000% neg 0  invalid 762 tFOTS 3.2540 tGradient 1.2620 tsec 5.2220
iter 0, gcam->neg = 2
after 0 iterations, nbhd size=0, neg = 0
#GCMRL#  539 dt  11.200000 rms  0.487  0.015% neg 0  invalid 762 tFOTS 0.0000 tGradient 1.3070 tsec 1.9700
iter 0, gcam->neg = 3
after 0 iterations, nbhd size=0, neg = 0
#GCMRL#  540 dt  11.200000 rms  0.487  0.009% neg 0  invalid 762 tFOTS 0.0000 tGradient 1.2050 tsec 1.8510
iter 0, gcam->neg = 3
after 1 iterations, nbhd size=0, neg = 0
#GCMRL#  541 dt  11.200000 rms  0.487  0.032% neg 0  invalid 762 tFOTS 0.0000 tGradient 1.2240 tsec 2.0880
iter 0, gcam->neg = 8
after 3 iterations, nbhd size=0, neg = 0
#GCMRL#  542 dt  11.200000 rms  0.487  0.038% neg 0  invalid 762 tFOTS 0.0000 tGradient 1.2330 tsec 2.5400
iter 0, gcam->neg = 7
after 8 iterations, nbhd size=1, neg = 0

#GCAMreg# pass 0 level1 3 level2 1 tsec 126.587 sigma 0.5
l_jacobian=1.00 l_label=1.00 l_log_likelihood=0.20 l_smoothness=0.12 
tol=2.50e-01, dt=5.00e-02, exp_k=20.0, momentum=0.90, levels=6, niter=500, lbl_dist=10.00, avgs=16, sigma=0.5,type=2, relabel=0, neg=yes

blurring input image with Gaussian with sigma=0.500...
GCAMRegisterLevel(): init RMS 0.487395
#FOTS# QuadFit found better minimum quadopt=(dt=44.8,rms=0.48343) vs oldopt=(dt=32,rms=0.483669)
#GCMRL#  544 dt  44.800000 rms  0.483  0.813% neg 0  invalid 762 tFOTS 3.2160 tGradient 1.1910 tsec 4.6330
#FOTS# QuadFit found better minimum quadopt=(dt=25.6,rms=0.482191) vs oldopt=(dt=32,rms=0.4823)
iter 0, gcam->neg = 2
after 0 iterations, nbhd size=0, neg = 0
#GCMRL#  545 dt  25.600000 rms  0.482  0.257% neg 0  invalid 762 tFOTS 3.2220 tGradient 1.2080 tsec 5.1070
#FOTS# QuadFit found better minimum quadopt=(dt=19.2,rms=0.481702) vs oldopt=(dt=32,rms=0.481833)
iter 0, gcam->neg = 1
after 0 iterations, nbhd size=0, neg = 0
#GCMRL#  546 dt  19.200000 rms  0.482  0.000% neg 0  invalid 762 tFOTS 3.3060 tGradient 1.2370 tsec 5.2430
iter 0, gcam->neg = 1
after 1 iterations, nbhd size=0, neg = 0
#GCMRL#  547 dt  19.200000 rms  0.481  0.085% neg 0  invalid 762 tFOTS 0.0000 tGradient 1.2430 tsec 2.1330
iter 0, gcam->neg = 2
after 1 iterations, nbhd size=0, neg = 0
#GCMRL#  548 dt  19.200000 rms  0.481  0.102% neg 0  invalid 762 tFOTS 0.0000 tGradient 1.1940 tsec 2.0830
iter 0, gcam->neg = 1
after 0 iterations, nbhd size=0, neg = 0
#GCMRL#  549 dt  19.200000 rms  0.480  0.116% neg 0  invalid 762 tFOTS 0.0000 tGradient 1.1920 tsec 1.8600
iter 0, gcam->neg = 6
after 2 iterations, nbhd size=0, neg = 0
#GCMRL#  550 dt  19.200000 rms  0.480  0.100% neg 0  invalid 762 tFOTS 0.0000 tGradient 1.2590 tsec 2.3390
iter 0, gcam->neg = 3
after 2 iterations, nbhd size=0, neg = 0
#GCMRL#  551 dt  19.200000 rms  0.479  0.082% neg 0  invalid 762 tFOTS 0.0000 tGradient 1.2080 tsec 2.3430
#FOTS# QuadFit found better minimum quadopt=(dt=19.2,rms=0.479278) vs oldopt=(dt=32,rms=0.4793)
setting smoothness cost coefficient to 0.400

#GCAMreg# pass 0 level1 2 level2 0 tsec 0 sigma 2
l_jacobian=1.00 l_label=1.00 l_log_likelihood=0.20 l_smoothness=0.40 
tol=2.50e-01, dt=5.00e-02, exp_k=20.0, momentum=0.90, levels=6, niter=500, lbl_dist=10.00, avgs=4, sigma=2.0,type=2, relabel=0, neg=yes

blurring input image with Gaussian with sigma=2.000...
GCAMRegisterLevel(): init RMS 0.49262
#FOTS# QuadFit found better minimum quadopt=(dt=1.008,rms=0.491692) vs oldopt=(dt=0.72,rms=0.491696)
#GCMRL#  553 dt   1.008000 rms  0.492  0.188% neg 0  invalid 762 tFOTS 3.4310 tGradient 1.0880 tsec 4.7580
#FOTS# QuadFit found better minimum quadopt=(dt=0.252,rms=0.491684) vs oldopt=(dt=0.18,rms=0.491685)
#GCMRL#  554 dt   0.252000 rms  0.492  0.000% neg 0  invalid 762 tFOTS 3.4320 tGradient 1.0790 tsec 4.7640
#GCMRL#  555 dt   0.252000 rms  0.492  0.000% neg 0  invalid 762 tFOTS 0.0000 tGradient 1.1260 tsec 1.3400

#GCAMreg# pass 0 level1 2 level2 1 tsec 20.732 sigma 0.5
l_jacobian=1.00 l_label=1.00 l_log_likelihood=0.20 l_smoothness=0.40 
tol=2.50e-01, dt=5.00e-02, exp_k=20.0, momentum=0.90, levels=6, niter=500, lbl_dist=10.00, avgs=4, sigma=0.5,type=2, relabel=0, neg=yes

blurring input image with Gaussian with sigma=0.500...
GCAMRegisterLevel(): init RMS 0.492549
#GCMRL#  557 dt   2.880000 rms  0.491  0.219% neg 0  invalid 762 tFOTS 3.4020 tGradient 1.1000 tsec 4.7380
#FOTS# QuadFit found better minimum quadopt=(dt=1.008,rms=0.491427) vs oldopt=(dt=0.72,rms=0.491435)
#GCMRL#  558 dt   1.008000 rms  0.491  0.000% neg 0  invalid 762 tFOTS 3.4690 tGradient 1.0690 tsec 4.7950
#GCMRL#  559 dt   1.008000 rms  0.491  0.004% neg 0  invalid 762 tFOTS 0.0000 tGradient 1.0710 tsec 1.2850
setting smoothness cost coefficient to 1.000

#GCAMreg# pass 0 level1 1 level2 0 tsec 0 sigma 2
l_jacobian=1.00 l_label=1.00 l_log_likelihood=0.20 l_smoothness=1.00 
tol=2.50e-01, dt=5.00e-02, exp_k=20.0, momentum=0.90, levels=6, niter=500, lbl_dist=10.00, avgs=1, sigma=2.0,type=2, relabel=0, neg=yes

blurring input image with Gaussian with sigma=2.000...
GCAMRegisterLevel(): init RMS 0.512268
#GCMRL#  561 dt   1.280000 rms  0.510  0.413% neg 0  invalid 762 tFOTS 3.3750 tGradient 0.9220 tsec 4.5330
#FOTS# QuadFit found better minimum quadopt=(dt=0.384,rms=0.510091) vs oldopt=(dt=0.32,rms=0.510091)
#GCMRL#  562 dt   0.384000 rms  0.510  0.000% neg 0  invalid 762 tFOTS 3.4010 tGradient 0.8960 tsec 4.5610

#GCAMreg# pass 0 level1 1 level2 1 tsec 18.779 sigma 0.5
l_jacobian=1.00 l_label=1.00 l_log_likelihood=0.20 l_smoothness=1.00 
tol=2.50e-01, dt=5.00e-02, exp_k=20.0, momentum=0.90, levels=6, niter=500, lbl_dist=10.00, avgs=1, sigma=0.5,type=2, relabel=0, neg=yes

blurring input image with Gaussian with sigma=0.500...
GCAMRegisterLevel(): init RMS 0.510892
#FOTS# QuadFit found better minimum quadopt=(dt=1.536,rms=0.50913) vs oldopt=(dt=1.28,rms=0.509136)
#GCMRL#  564 dt   1.536000 rms  0.509  0.345% neg 0  invalid 762 tFOTS 3.3420 tGradient 0.9030 tsec 4.4860
#FOTS# QuadFit found better minimum quadopt=(dt=0.448,rms=0.509012) vs oldopt=(dt=0.32,rms=0.509028)
#GCMRL#  565 dt   0.448000 rms  0.509  0.000% neg 0  invalid 762 tFOTS 3.4050 tGradient 0.8870 tsec 4.5510
#GCMRL#  566 dt   0.448000 rms  0.509  0.009% neg 0  invalid 762 tFOTS 0.0000 tGradient 0.9120 tsec 1.1280
resetting metric properties...
setting smoothness cost coefficient to 2.000

#GCAMreg# pass 0 level1 0 level2 0 tsec 0 sigma 2
l_jacobian=1.00 l_label=1.00 l_log_likelihood=0.20 l_smoothness=2.00 
tol=2.50e-01, dt=5.00e-02, exp_k=20.0, momentum=0.90, levels=6, niter=500, lbl_dist=10.00, avgs=0, sigma=2.0,type=2, relabel=0, neg=yes

blurring input image with Gaussian with sigma=2.000...
GCAMRegisterLevel(): init RMS 0.49312
#FOTS# QuadFit found better minimum quadopt=(dt=2.02581,rms=0.462768) vs oldopt=(dt=1.28,rms=0.467025)
iter 0, gcam->neg = 1125
after 14 iterations, nbhd size=1, neg = 0
#GCMRL#  568 dt   2.025813 rms  0.463  6.129% neg 0  invalid 762 tFOTS 3.3940 tGradient 0.5430 tsec 7.8450
#FOTS# QuadFit found better minimum quadopt=(dt=0.028,rms=0.46281) vs oldopt=(dt=0.02,rms=0.462823)
#GCMRL#  569 dt   0.028000 rms  0.463  0.000% neg 0  invalid 762 tFOTS 3.3970 tGradient 0.5480 tsec 4.1970
#GCMRL#  570 dt   0.028000 rms  0.463  0.002% neg 0  invalid 762 tFOTS 0.0000 tGradient 0.5370 tsec 0.7690

#GCAMreg# pass 0 level1 0 level2 1 tsec 22.135 sigma 0.5
l_jacobian=1.00 l_label=1.00 l_log_likelihood=0.20 l_smoothness=2.00 
tol=2.50e-01, dt=5.00e-02, exp_k=20.0, momentum=0.90, levels=6, niter=500, lbl_dist=10.00, avgs=0, sigma=0.5,type=2, relabel=0, neg=yes

blurring input image with Gaussian with sigma=0.500...
GCAMRegisterLevel(): init RMS 0.463761
#FOTS# QuadFit found better minimum quadopt=(dt=0.064,rms=0.462648) vs oldopt=(dt=0.08,rms=0.462655)
#GCMRL#  572 dt   0.064000 rms  0.463  0.240% neg 0  invalid 762 tFOTS 3.4130 tGradient 0.5050 tsec 4.1550
#FOTS# QuadFit found better minimum quadopt=(dt=0.00075,rms=0.462655) vs oldopt=(dt=0.00125,rms=0.462655)
label assignment complete, 0 changed (0.00%)
GCAMregister done in 6.00075 min
Starting GCAMcomputeMaxPriorLabels()
Morphing with label term set to 0 *******************************
Starting GCAMregister()
label assignment complete, 0 changed (0.00%)
npasses = 1, nlevels = 6
#pass# 1 of 1 ************************
enabling zero nodes
setting smoothness cost coefficient to 0.008

#GCAMreg# pass 0 level1 5 level2 0 tsec 0 sigma 2
l_jacobian=1.00 l_log_likelihood=0.20 l_smoothness=0.01 
tol=2.50e-01, dt=5.00e-02, exp_k=20.0, momentum=0.90, levels=6, niter=500, lbl_dist=10.00, avgs=256, sigma=2.0,type=2, relabel=0, neg=yes

blurring input image with Gaussian with sigma=2.000...
GCAMRegisterLevel(): init RMS 0.449264

#GCAMreg# pass 0 level1 5 level2 1 tsec 13.216 sigma 0.5
l_jacobian=1.00 l_log_likelihood=0.20 l_smoothness=0.01 
tol=2.50e-01, dt=5.00e-02, exp_k=20.0, momentum=0.90, levels=6, niter=500, lbl_dist=10.00, avgs=256, sigma=0.5,type=2, relabel=0, neg=yes

blurring input image with Gaussian with sigma=0.500...
GCAMRegisterLevel(): init RMS 0.449264
#FOTS# QuadFit found better minimum quadopt=(dt=73.984,rms=0.449189) vs oldopt=(dt=92.48,rms=0.4492)
#GCMRL#  575 dt  73.984000 rms  0.449  0.017% neg 0  invalid 762 tFOTS 2.9930 tGradient 1.5440 tsec 4.7520
#FOTS# QuadFit found better minimum quadopt=(dt=129.472,rms=0.449122) vs oldopt=(dt=92.48,rms=0.449134)
#GCMRL#  576 dt 129.472000 rms  0.449  0.000% neg 0  invalid 762 tFOTS 2.9300 tGradient 1.5280 tsec 4.6860
#GCMRL#  577 dt 129.472000 rms  0.449  0.014% neg 0  invalid 762 tFOTS 0.0000 tGradient 1.5250 tsec 1.7100
#GCMRL#  578 dt 129.472000 rms  0.449  0.015% neg 0  invalid 762 tFOTS 0.0000 tGradient 1.5440 tsec 1.7360
#GCMRL#  579 dt 129.472000 rms  0.449  0.006% neg 0  invalid 762 tFOTS 0.0000 tGradient 1.5470 tsec 1.7420
#GCMRL#  580 dt 129.472000 rms  0.449  0.006% neg 0  invalid 762 tFOTS 0.0000 tGradient 1.5270 tsec 1.7130
setting smoothness cost coefficient to 0.031

#GCAMreg# pass 0 level1 4 level2 0 tsec 0 sigma 2
l_jacobian=1.00 l_log_likelihood=0.20 l_smoothness=0.03 
tol=2.50e-01, dt=5.00e-02, exp_k=20.0, momentum=0.90, levels=6, niter=500, lbl_dist=10.00, avgs=64, sigma=2.0,type=2, relabel=0, neg=yes

blurring input image with Gaussian with sigma=2.000...
GCAMRegisterLevel(): init RMS 0.44911

#GCAMreg# pass 0 level1 4 level2 1 tsec 12.819 sigma 0.5
l_jacobian=1.00 l_log_likelihood=0.20 l_smoothness=0.03 
tol=2.50e-01, dt=5.00e-02, exp_k=20.0, momentum=0.90, levels=6, niter=500, lbl_dist=10.00, avgs=64, sigma=0.5,type=2, relabel=0, neg=yes

blurring input image with Gaussian with sigma=0.500...
GCAMRegisterLevel(): init RMS 0.44911
#FOTS# QuadFit found better minimum quadopt=(dt=145.152,rms=0.448342) vs oldopt=(dt=103.68,rms=0.448456)
#GCMRL#  583 dt 145.152000 rms  0.448  0.171% neg 0  invalid 762 tFOTS 2.8980 tGradient 1.1190 tsec 4.2280
#FOTS# QuadFit found better minimum quadopt=(dt=145.152,rms=0.448031) vs oldopt=(dt=103.68,rms=0.448051)
#GCMRL#  584 dt 145.152000 rms  0.448  0.000% neg 0  invalid 762 tFOTS 2.9140 tGradient 1.1100 tsec 4.2530
#GCMRL#  585 dt 145.152000 rms  0.448  0.011% neg 0  invalid 762 tFOTS 0.0000 tGradient 1.1240 tsec 1.3140
setting smoothness cost coefficient to 0.118

#GCAMreg# pass 0 level1 3 level2 0 tsec 0 sigma 2
l_jacobian=1.00 l_log_likelihood=0.20 l_smoothness=0.12 
tol=2.50e-01, dt=5.00e-02, exp_k=20.0, momentum=0.90, levels=6, niter=500, lbl_dist=10.00, avgs=16, sigma=2.0,type=2, relabel=0, neg=yes

blurring input image with Gaussian with sigma=2.000...
GCAMRegisterLevel(): init RMS 0.448654
#FOTS# QuadFit found better minimum quadopt=(dt=11.2,rms=0.447707) vs oldopt=(dt=8,rms=0.447883)
#GCMRL#  587 dt  11.200000 rms  0.448  0.211% neg 0  invalid 762 tFOTS 3.0790 tGradient 0.8880 tsec 4.1790
#FOTS# QuadFit found better minimum quadopt=(dt=11.2,rms=0.447323) vs oldopt=(dt=8,rms=0.447394)
#GCMRL#  588 dt  11.200000 rms  0.447  0.000% neg 0  invalid 762 tFOTS 3.0800 tGradient 0.8870 tsec 4.2070
iter 0, gcam->neg = 2
after 2 iterations, nbhd size=0, neg = 0
#GCMRL#  589 dt  11.200000 rms  0.447  0.056% neg 0  invalid 762 tFOTS 0.0000 tGradient 0.9000 tsec 1.9830
iter 0, gcam->neg = 9
after 11 iterations, nbhd size=1, neg = 0
#GCMRL#  590 dt  11.200000 rms  0.447  0.003% neg 0  invalid 762 tFOTS 0.0000 tGradient 0.8900 tsec 3.9680
iter 0, gcam->neg = 22
after 9 iterations, nbhd size=1, neg = 0

#GCAMreg# pass 0 level1 3 level2 1 tsec 26.391 sigma 0.5
l_jacobian=1.00 l_log_likelihood=0.20 l_smoothness=0.12 
tol=2.50e-01, dt=5.00e-02, exp_k=20.0, momentum=0.90, levels=6, niter=500, lbl_dist=10.00, avgs=16, sigma=0.5,type=2, relabel=0, neg=yes

blurring input image with Gaussian with sigma=0.500...
GCAMRegisterLevel(): init RMS 0.447056
#FOTS# QuadFit found better minimum quadopt=(dt=38.4,rms=0.443366) vs oldopt=(dt=32,rms=0.443436)
iter 0, gcam->neg = 1
after 0 iterations, nbhd size=0, neg = 0
#GCMRL#  592 dt  38.400000 rms  0.443  0.825% neg 0  invalid 762 tFOTS 3.0980 tGradient 0.8950 tsec 4.6920
#FOTS# QuadFit found better minimum quadopt=(dt=25.6,rms=0.441918) vs oldopt=(dt=32,rms=0.441957)
iter 0, gcam->neg = 3
after 0 iterations, nbhd size=0, neg = 0
#GCMRL#  593 dt  25.600000 rms  0.442  0.327% neg 0  invalid 762 tFOTS 3.0950 tGradient 0.8810 tsec 4.6810
#FOTS# QuadFit found better minimum quadopt=(dt=38.4,rms=0.440931) vs oldopt=(dt=32,rms=0.440974)
iter 0, gcam->neg = 6
after 10 iterations, nbhd size=1, neg = 0
#GCMRL#  594 dt  38.400000 rms  0.441  0.000% neg 0  invalid 762 tFOTS 3.1000 tGradient 0.8910 tsec 6.9890
iter 0, gcam->neg = 6
after 0 iterations, nbhd size=0, neg = 0
#GCMRL#  595 dt  38.400000 rms  0.440  0.136% neg 0  invalid 762 tFOTS 0.0000 tGradient 0.8780 tsec 1.5490
iter 0, gcam->neg = 12
after 12 iterations, nbhd size=1, neg = 0
#GCMRL#  596 dt  38.400000 rms  0.439  0.402% neg 0  invalid 762 tFOTS 0.0000 tGradient 0.8770 tsec 4.2270
iter 0, gcam->neg = 21
after 11 iterations, nbhd size=1, neg = 0
#GCMRL#  597 dt  38.400000 rms  0.438  0.190% neg 0  invalid 762 tFOTS 0.0000 tGradient 0.8840 tsec 3.9740
iter 0, gcam->neg = 25
after 12 iterations, nbhd size=1, neg = 0
#GCMRL#  598 dt  38.400000 rms  0.436  0.361% neg 0  invalid 762 tFOTS 0.0000 tGradient 0.8960 tsec 4.2080
iter 0, gcam->neg = 40
after 11 iterations, nbhd size=1, neg = 0
#GCMRL#  599 dt  38.400000 rms  0.435  0.197% neg 0  invalid 762 tFOTS 0.0000 tGradient 0.8690 tsec 3.9290
iter 0, gcam->neg = 30
after 12 iterations, nbhd size=1, neg = 0
#GCMRL#  600 dt  38.400000 rms  0.435  0.147% neg 0  invalid 762 tFOTS 0.0000 tGradient 0.9450 tsec 4.2250
iter 0, gcam->neg = 41
after 13 iterations, nbhd size=1, neg = 0
#GCMRL#  601 dt  38.400000 rms  0.434  0.194% neg 0  invalid 762 tFOTS 0.0000 tGradient 1.1150 tsec 4.4480
iter 0, gcam->neg = 33
after 10 iterations, nbhd size=1, neg = 0
#GCMRL#  602 dt  38.400000 rms  0.433  0.092% neg 0  invalid 762 tFOTS 0.0000 tGradient 0.8860 tsec 3.6480
iter 0, gcam->neg = 36
after 13 iterations, nbhd size=1, neg = 0
#GCMRL#  603 dt  38.400000 rms  0.433  0.148% neg 0  invalid 762 tFOTS 0.0000 tGradient 0.9060 tsec 4.2080
iter 0, gcam->neg = 36
after 11 iterations, nbhd size=1, neg = 0
#GCMRL#  604 dt  38.400000 rms  0.432  0.102% neg 0  invalid 762 tFOTS 0.0000 tGradient 0.8810 tsec 3.7940
iter 0, gcam->neg = 31
after 4 iterations, nbhd size=0, neg = 0
#GCMRL#  605 dt  38.400000 rms  0.432  0.056% neg 0  invalid 762 tFOTS 0.0000 tGradient 0.8840 tsec 2.4010
#FOTS# QuadFit found better minimum quadopt=(dt=19.2,rms=0.431889) vs oldopt=(dt=32,rms=0.431952)
iter 0, gcam->neg = 1
after 0 iterations, nbhd size=0, neg = 0
#GCMRL#  606 dt  19.200000 rms  0.432  0.057% neg 0  invalid 762 tFOTS 3.2210 tGradient 0.8840 tsec 4.8200
#FOTS# QuadFit found better minimum quadopt=(dt=44.8,rms=0.431744) vs oldopt=(dt=32,rms=0.431766)
iter 0, gcam->neg = 2
after 1 iterations, nbhd size=0, neg = 0
#GCMRL#  607 dt  44.800000 rms  0.432  0.000% neg 0  invalid 762 tFOTS 3.0600 tGradient 0.8870 tsec 4.8530
iter 0, gcam->neg = 4
after 3 iterations, nbhd size=0, neg = 0
#GCMRL#  608 dt  44.800000 rms  0.432  0.016% neg 0  invalid 762 tFOTS 0.0000 tGradient 0.8940 tsec 2.1250
iter 0, gcam->neg = 15
after 11 iterations, nbhd size=1, neg = 0
#GCMRL#  609 dt  44.800000 rms  0.432  0.011% neg 0  invalid 762 tFOTS 0.0000 tGradient 0.8860 tsec 3.8620
iter 0, gcam->neg = 23
after 15 iterations, nbhd size=1, neg = 0
setting smoothness cost coefficient to 0.400

#GCAMreg# pass 0 level1 2 level2 0 tsec 0 sigma 2
l_jacobian=1.00 l_log_likelihood=0.20 l_smoothness=0.40 
tol=2.50e-01, dt=5.00e-02, exp_k=20.0, momentum=0.90, levels=6, niter=500, lbl_dist=10.00, avgs=4, sigma=2.0,type=2, relabel=0, neg=yes

blurring input image with Gaussian with sigma=2.000...
GCAMRegisterLevel(): init RMS 0.438241
#FOTS# QuadFit found better minimum quadopt=(dt=0.252,rms=0.438238) vs oldopt=(dt=0.18,rms=0.438239)
#GCMRL#  611 dt   0.252000 rms  0.438  0.001% neg 0  invalid 762 tFOTS 2.9350 tGradient 0.8310 tsec 3.9840
#GCMRL#  612 dt   0.180000 rms  0.438  0.000% neg 0  invalid 762 tFOTS 3.0260 tGradient 0.7790 tsec 4.0300

#GCAMreg# pass 0 level1 2 level2 1 tsec 17.145 sigma 0.5
l_jacobian=1.00 l_log_likelihood=0.20 l_smoothness=0.40 
tol=2.50e-01, dt=5.00e-02, exp_k=20.0, momentum=0.90, levels=6, niter=500, lbl_dist=10.00, avgs=4, sigma=0.5,type=2, relabel=0, neg=yes

blurring input image with Gaussian with sigma=0.500...
GCAMRegisterLevel(): init RMS 0.438237
iter 0, gcam->neg = 2
after 0 iterations, nbhd size=0, neg = 0
#GCMRL#  614 dt   2.880000 rms  0.438  0.029% neg 0  invalid 762 tFOTS 3.0140 tGradient 0.7740 tsec 4.4680
#FOTS# QuadFit found better minimum quadopt=(dt=2.22222,rms=0.438068) vs oldopt=(dt=2.88,rms=0.438072)
iter 0, gcam->neg = 3
after 1 iterations, nbhd size=0, neg = 0
#GCMRL#  615 dt   2.222222 rms  0.438  0.000% neg 0  invalid 762 tFOTS 3.0050 tGradient 0.7690 tsec 4.6490
iter 0, gcam->neg = 1
after 0 iterations, nbhd size=0, neg = 0
#GCMRL#  616 dt   2.222222 rms  0.438  0.004% neg 0  invalid 762 tFOTS 0.0000 tGradient 0.7720 tsec 1.4110
setting smoothness cost coefficient to 1.000

#GCAMreg# pass 0 level1 1 level2 0 tsec 0 sigma 2
l_jacobian=1.00 l_log_likelihood=0.20 l_smoothness=1.00 
tol=2.50e-01, dt=5.00e-02, exp_k=20.0, momentum=0.90, levels=6, niter=500, lbl_dist=10.00, avgs=1, sigma=2.0,type=2, relabel=0, neg=yes

blurring input image with Gaussian with sigma=2.000...
GCAMRegisterLevel(): init RMS 0.449349
#FOTS# QuadFit found better minimum quadopt=(dt=4e-05,rms=0.449349) vs oldopt=(dt=5e-05,rms=0.449349)
#GCMRL#  618 dt   0.000040 rms  0.449  0.000% neg 0  invalid 762 tFOTS 3.8220 tGradient 0.6020 tsec 4.6340

#GCAMreg# pass 0 level1 1 level2 1 tsec 16.338 sigma 0.5
l_jacobian=1.00 l_log_likelihood=0.20 l_smoothness=1.00 
tol=2.50e-01, dt=5.00e-02, exp_k=20.0, momentum=0.90, levels=6, niter=500, lbl_dist=10.00, avgs=1, sigma=0.5,type=2, relabel=0, neg=yes

blurring input image with Gaussian with sigma=0.500...
GCAMRegisterLevel(): init RMS 0.449349
#FOTS# QuadFit found better minimum quadopt=(dt=0.112,rms=0.449342) vs oldopt=(dt=0.08,rms=0.449343)
#GCMRL#  620 dt   0.112000 rms  0.449  0.002% neg 0  invalid 762 tFOTS 3.0170 tGradient 0.5980 tsec 3.8180
#GCMRL#  621 dt   0.020000 rms  0.449  0.000% neg 0  invalid 762 tFOTS 3.0130 tGradient 0.6020 tsec 3.8450
resetting metric properties...
setting smoothness cost coefficient to 2.000

#GCAMreg# pass 0 level1 0 level2 0 tsec 0 sigma 2
l_jacobian=1.00 l_log_likelihood=0.20 l_smoothness=2.00 
tol=2.50e-01, dt=5.00e-02, exp_k=20.0, momentum=0.90, levels=6, niter=500, lbl_dist=10.00, avgs=0, sigma=2.0,type=2, relabel=0, neg=yes

blurring input image with Gaussian with sigma=2.000...
GCAMRegisterLevel(): init RMS 0.430856
#FOTS# QuadFit found better minimum quadopt=(dt=0.883749,rms=0.423053) vs oldopt=(dt=1.28,rms=0.424884)
iter 0, gcam->neg = 704
after 14 iterations, nbhd size=1, neg = 0
#GCMRL#  623 dt   0.883749 rms  0.423  1.718% neg 0  invalid 762 tFOTS 3.0370 tGradient 0.2000 tsec 6.9870
#FOTS# QuadFit found better minimum quadopt=(dt=0.016,rms=0.423447) vs oldopt=(dt=0.02,rms=0.423447)
#GCMRL#  624 dt   0.016000 rms  0.423  0.000% neg 0  invalid 762 tFOTS 3.0030 tGradient 0.1990 tsec 3.4360
#GCMRL#  625 dt   0.016000 rms  0.423  0.000% neg 0  invalid 762 tFOTS 0.0000 tGradient 0.1940 tsec 0.3890

#GCAMreg# pass 0 level1 0 level2 1 tsec 19.207 sigma 0.5
l_jacobian=1.00 l_log_likelihood=0.20 l_smoothness=2.00 
tol=2.50e-01, dt=5.00e-02, exp_k=20.0, momentum=0.90, levels=6, niter=500, lbl_dist=10.00, avgs=0, sigma=0.5,type=2, relabel=0, neg=yes

blurring input image with Gaussian with sigma=0.500...
GCAMRegisterLevel(): init RMS 0.423446
#FOTS# QuadFit found better minimum quadopt=(dt=0.256,rms=0.422706) vs oldopt=(dt=0.32,rms=0.422749)
iter 0, gcam->neg = 2
after 0 iterations, nbhd size=0, neg = 0
#GCMRL#  627 dt   0.256000 rms  0.423  0.175% neg 0  invalid 762 tFOTS 3.0280 tGradient 0.1990 tsec 3.8990
#FOTS# QuadFit found better minimum quadopt=(dt=0.448,rms=0.421691) vs oldopt=(dt=0.32,rms=0.421799)
iter 0, gcam->neg = 11
after 5 iterations, nbhd size=0, neg = 0
#GCMRL#  628 dt   0.448000 rms  0.422  0.227% neg 0  invalid 762 tFOTS 2.9980 tGradient 0.1980 tsec 4.9360
#FOTS# QuadFit found better minimum quadopt=(dt=0.256,rms=0.421466) vs oldopt=(dt=0.32,rms=0.421472)
iter 0, gcam->neg = 5
after 0 iterations, nbhd size=0, neg = 0
#GCMRL#  629 dt   0.256000 rms  0.421  0.000% neg 0  invalid 762 tFOTS 2.9580 tGradient 0.1970 tsec 3.8490
#GCMRL#  630 dt   0.256000 rms  0.421  0.111% neg 0  invalid 762 tFOTS 0.0000 tGradient 0.1950 tsec 0.3880
iter 0, gcam->neg = 7
after 2 iterations, nbhd size=0, neg = 0
#GCMRL#  631 dt   0.256000 rms  0.421  0.116% neg 0  invalid 762 tFOTS 0.0000 tGradient 0.1990 tsec 1.2680
iter 0, gcam->neg = 9
after 2 iterations, nbhd size=0, neg = 0
#GCMRL#  632 dt   0.256000 rms  0.420  0.083% neg 0  invalid 762 tFOTS 0.0000 tGradient 0.1970 tsec 1.2860
iter 0, gcam->neg = 18
after 7 iterations, nbhd size=0, neg = 0
GCAMregister done in 4.25963 min
writing output transformation to transforms/talairach.m3z...
GCAMwrite
Calls to gcamLogLikelihoodEnergy 4276 tmin = 1.02593
Calls to gcamLabelEnergy         3680 tmin = 0.681333
Calls to gcamJacobianEnergy      4276 tmin = 0.602383
Calls to gcamSmoothnessEnergy    4276 tmin = 3.08208
Calls to gcamLogLikelihoodTerm 634 tmin = 0.449683
Calls to gcamLabelTerm         574 tmin = 4.8717
Calls to gcamJacobianTerm      634 tmin = 0.616867
Calls to gcamSmoothnessTerm    634 tmin = 0.287083
Calls to gcamComputeGradient    634 tmin = 15.2421
Calls to gcamComputeMetricProperties    6462 tmin = 1.52878
mri_ca_register took 0 hours, 35 minutes and 23 seconds.
#VMPC# mri_ca_register VmPeak  3115016
FSRUNTIME@ mri_ca_register  0.5897 hours 16 threads
#--------------------------------------
#@# SubCort Seg Mon Mar  9 00:11:29 CET 2026

 mri_ca_label -relabel_unlikely 9 .3 -prior 0.5 -align norm.mgz transforms/talairach.m3z /opt/freesurfer/average/RB_all_2020-01-02.gca aseg.auto_noCCseg.mgz 

sysname  Linux
hostname dna075
machine  x86_64

setenv SUBJECTS_DIR /out/sourcedata/freesurfer
cd /out/sourcedata/freesurfer/sub-v1s16x0051181_ses-1/mri
mri_ca_label -relabel_unlikely 9 .3 -prior 0.5 -align norm.mgz transforms/talairach.m3z /opt/freesurfer/average/RB_all_2020-01-02.gca aseg.auto_noCCseg.mgz 

relabeling unlikely voxels with window_size = 9 and prior threshold 0.30
using Gibbs prior factor = 0.500
renormalizing sequences with structure alignment, equivalent to:
	-renormalize
	-renormalize_mean 0.500
	-regularize 0.500

== Number of threads available to for OpenMP = 16 == 
reading 1 input volumes
reading classifier array from /opt/freesurfer/average/RB_all_2020-01-02.gca
reading input volume from norm.mgz
average std[0] = 7.2
reading transform from transforms/talairach.m3z
setting orig areas to linear transform determinant scaled 6.23
Atlas used for the 3D morph was /opt/freesurfer/average/RB_all_2020-01-02.gca
average std = 7.2   using min determinant for regularization = 5.2
0 singular and 0 ill-conditioned covariance matrices regularized
labeling volume...
renormalizing by structure alignment....
renormalizing input #0
gca peak = 0.15521 (20)
mri peak = 0.27958 (21)
Left_Lateral_Ventricle (4): linear fit = 0.98 x + 0.0 (381 voxels, overlap=0.827)
Left_Lateral_Ventricle (4): linear fit = 0.98 x + 0.0 (381 voxels, peak = 20), gca=19.5
gca peak = 0.20380 (13)
mri peak = 0.17708 (24)
Right_Lateral_Ventricle (43): linear fit = 1.54 x + 0.0 (629 voxels, overlap=0.354)
Right_Lateral_Ventricle (43): linear fit = 1.50 x + 0.0 (629 voxels, peak = 20), gca=19.5
gca peak = 0.26283 (96)
mri peak = 0.19923 (95)
Right_Pallidum (52): linear fit = 1.01 x + 0.0 (783 voxels, overlap=1.006)
Right_Pallidum (52): linear fit = 1.01 x + 0.0 (783 voxels, peak = 97), gca=97.4
gca peak = 0.15814 (97)
mri peak = 0.23916 (98)
Left_Pallidum (13): linear fit = 1.03 x + 0.0 (853 voxels, overlap=0.616)
Left_Pallidum (13): linear fit = 1.03 x + 0.0 (853 voxels, peak = 100), gca=100.4
gca peak = 0.27624 (56)
mri peak = 0.12633 (60)
Right_Hippocampus (53): linear fit = 1.04 x + 0.0 (990 voxels, overlap=0.968)
Right_Hippocampus (53): linear fit = 1.04 x + 0.0 (990 voxels, peak = 59), gca=58.5
gca peak = 0.28723 (59)
mri peak = 0.09614 (66)
Left_Hippocampus (17): linear fit = 1.12 x + 0.0 (1111 voxels, overlap=0.885)
Left_Hippocampus (17): linear fit = 1.12 x + 0.0 (1111 voxels, peak = 66), gca=65.8
gca peak = 0.07623 (103)
mri peak = 0.10995 (108)
Right_Cerebral_White_Matter (41): linear fit = 1.05 x + 0.0 (28922 voxels, overlap=0.516)
Right_Cerebral_White_Matter (41): linear fit = 1.05 x + 0.0 (28922 voxels, peak = 109), gca=108.7
gca peak = 0.07837 (105)
mri peak = 0.11462 (108)
Left_Cerebral_White_Matter (2): linear fit = 1.05 x + 0.0 (33441 voxels, overlap=0.361)
Left_Cerebral_White_Matter (2): linear fit = 1.05 x + 0.0 (33441 voxels, peak = 111), gca=110.8
gca peak = 0.10165 (58)
mri peak = 0.04531 (60)
Left_Cerebral_Cortex (3): linear fit = 1.02 x + 0.0 (48580 voxels, overlap=0.997)
Left_Cerebral_Cortex (3): linear fit = 1.02 x + 0.0 (48580 voxels, peak = 59), gca=59.4
gca peak = 0.11113 (58)
mri peak = 0.04347 (60)
Right_Cerebral_Cortex (42): linear fit = 1.02 x + 0.0 (44171 voxels, overlap=0.904)
Right_Cerebral_Cortex (42): linear fit = 1.02 x + 0.0 (44171 voxels, peak = 59), gca=59.4
gca peak = 0.27796 (67)
mri peak = 0.19985 (72)
Right_Caudate (50): linear fit = 1.07 x + 0.0 (1306 voxels, overlap=0.419)
Right_Caudate (50): linear fit = 1.07 x + 0.0 (1306 voxels, peak = 71), gca=71.4
gca peak = 0.14473 (69)
mri peak = 0.17003 (72)
Left_Caudate (11): linear fit = 1.01 x + 0.0 (1063 voxels, overlap=0.894)
Left_Caudate (11): linear fit = 1.01 x + 0.0 (1063 voxels, peak = 70), gca=70.0
gca peak = 0.14301 (56)
mri peak = 0.05350 (50)
Left_Cerebellum_Cortex (8): linear fit = 0.89 x + 0.0 (23547 voxels, overlap=0.796)
Left_Cerebellum_Cortex (8): linear fit = 0.89 x + 0.0 (23547 voxels, peak = 50), gca=50.1
gca peak = 0.14610 (55)
mri peak = 0.05345 (44)
Right_Cerebellum_Cortex (47): linear fit = 0.77 x + 0.0 (18619 voxels, overlap=0.262)
Right_Cerebellum_Cortex (47): linear fit = 0.77 x + 0.0 (18619 voxels, peak = 43), gca=42.6
gca peak = 0.16309 (85)
mri peak = 0.07073 (85)
Left_Cerebellum_White_Matter (7): linear fit = 0.99 x + 0.0 (7776 voxels, overlap=0.969)
Left_Cerebellum_White_Matter (7): linear fit = 0.99 x + 0.0 (7776 voxels, peak = 84), gca=83.7
gca peak = 0.15172 (84)
mri peak = 0.05699 (85)
Right_Cerebellum_White_Matter (46): linear fit = 0.99 x + 0.0 (7370 voxels, overlap=0.987)
Right_Cerebellum_White_Matter (46): linear fit = 0.99 x + 0.0 (7370 voxels, peak = 83), gca=82.7
gca peak = 0.30461 (58)
mri peak = 0.11794 (63)
Left_Amygdala (18): linear fit = 1.10 x + 0.0 (404 voxels, overlap=0.860)
Left_Amygdala (18): linear fit = 1.10 x + 0.0 (404 voxels, peak = 64), gca=63.5
gca peak = 0.32293 (57)
mri peak = 0.11451 (58)
Right_Amygdala (54): linear fit = 0.98 x + 0.0 (530 voxels, overlap=1.016)
Right_Amygdala (54): linear fit = 0.98 x + 0.0 (530 voxels, peak = 56), gca=55.6
gca peak = 0.11083 (90)
mri peak = 0.08659 (82)
Left_Thalamus (10): linear fit = 0.95 x + 0.0 (4134 voxels, overlap=0.971)
Left_Thalamus (10): linear fit = 0.95 x + 0.0 (4134 voxels, peak = 86), gca=85.9
gca peak = 0.11393 (83)
mri peak = 0.08989 (82)
Right_Thalamus (49): linear fit = 1.01 x + 0.0 (3847 voxels, overlap=0.979)
Right_Thalamus (49): linear fit = 1.01 x + 0.0 (3847 voxels, peak = 84), gca=84.2
gca peak = 0.08575 (81)
mri peak = 0.15665 (82)
Left_Putamen (12): linear fit = 1.03 x + 0.0 (2245 voxels, overlap=0.714)
Left_Putamen (12): linear fit = 1.03 x + 0.0 (2245 voxels, peak = 84), gca=83.8
gca peak = 0.08618 (78)
mri peak = 0.12378 (78)
Right_Putamen (51): linear fit = 0.99 x + 0.0 (2157 voxels, overlap=0.768)
Right_Putamen (51): linear fit = 0.99 x + 0.0 (2157 voxels, peak = 77), gca=76.8
gca peak = 0.08005 (78)
mri peak = 0.06371 (94)
Brain_Stem (16): linear fit = 1.20 x + 0.0 (10004 voxels, overlap=0.240)
Brain_Stem (16): linear fit = 1.20 x + 0.0 (10004 voxels, peak = 93), gca=93.2
gca peak = 0.12854 (88)
mri peak = 0.07306 (101)
Right_VentralDC (60): linear fit = 1.13 x + 0.0 (1500 voxels, overlap=0.416)
Right_VentralDC (60): linear fit = 1.13 x + 0.0 (1500 voxels, peak = 100), gca=99.9
gca peak = 0.15703 (87)
mri peak = 0.08269 (101)
Left_VentralDC (28): linear fit = 1.14 x + 0.0 (1594 voxels, overlap=0.274)
Left_VentralDC (28): linear fit = 1.14 x + 0.0 (1594 voxels, peak = 100), gca=99.6
gca peak = 0.17522 (25)
uniform distribution in MR - rejecting arbitrary fit
gca peak = 0.17113 (14)
mri peak = 0.18470 (11)
Fourth_Ventricle (15): linear fit = 0.64 x + 0.0 (470 voxels, overlap=0.261)
Fourth_Ventricle (15): linear fit = 0.64 x + 0.0 (470 voxels, peak =  9), gca=9.0
gca peak Unknown = 0.94777 ( 0)
gca peak Left_Inf_Lat_Vent = 0.16627 (28)
gca peak Third_Ventricle = 0.17522 (25)
gca peak Fourth_Ventricle = 0.17113 (14)
gca peak CSF = 0.20346 (36)
gca peak Left_Accumbens_area = 0.70646 (62)
gca peak Left_undetermined = 1.00000 (28)
gca peak Left_vessel = 0.89917 (53)
gca peak Left_choroid_plexus = 0.11689 (35)
gca peak Right_Inf_Lat_Vent = 0.25504 (23)
gca peak Right_Accumbens_area = 0.31650 (65)
gca peak Right_vessel = 0.77268 (52)
gca peak Right_choroid_plexus = 0.13275 (38)
gca peak Fifth_Ventricle = 0.60973 (33)
gca peak WM_hypointensities = 0.11013 (77)
gca peak non_WM_hypointensities = 0.11354 (41)
gca peak Optic_Chiasm = 0.51646 (76)
not using caudate to estimate GM means
estimating mean gm scale to be 1.05 x + 0.0
estimating mean wm scale to be 1.05 x + 0.0
estimating mean csf scale to be 1.24 x + 0.0
saving intensity scales to aseg.auto_noCCseg.label_intensities.txt
renormalizing by structure alignment....
renormalizing input #0
gca peak = 0.17460 (20)
mri peak = 0.27958 (21)
Left_Lateral_Ventricle (4): linear fit = 1.09 x + 0.0 (381 voxels, overlap=0.838)
Left_Lateral_Ventricle (4): linear fit = 1.09 x + 0.0 (381 voxels, peak = 22), gca=21.7
gca peak = 0.16078 (19)
mri peak = 0.17708 (24)
Right_Lateral_Ventricle (43): linear fit = 1.08 x + 0.0 (629 voxels, overlap=0.290)
Right_Lateral_Ventricle (43): linear fit = 1.08 x + 0.0 (629 voxels, peak = 20), gca=20.4
gca peak = 0.21835 (97)
mri peak = 0.19923 (95)
Right_Pallidum (52): linear fit = 1.00 x + 0.0 (783 voxels, overlap=1.000)
Right_Pallidum (52): linear fit = 1.00 x + 0.0 (783 voxels, peak = 97), gca=96.5
gca peak = 0.16123 (99)
mri peak = 0.23916 (98)
Left_Pallidum (13): linear fit = 1.00 x + 0.0 (853 voxels, overlap=0.888)
Left_Pallidum (13): linear fit = 1.00 x + 0.0 (853 voxels, peak = 99), gca=98.5
gca peak = 0.27693 (58)
mri peak = 0.12633 (60)
Right_Hippocampus (53): linear fit = 1.02 x + 0.0 (990 voxels, overlap=1.003)
Right_Hippocampus (53): linear fit = 1.02 x + 0.0 (990 voxels, peak = 59), gca=59.4
gca peak = 0.32512 (63)
mri peak = 0.09614 (66)
Left_Hippocampus (17): linear fit = 0.99 x + 0.0 (1111 voxels, overlap=1.008)
Left_Hippocampus (17): linear fit = 0.99 x + 0.0 (1111 voxels, peak = 62), gca=62.1
gca peak = 0.07418 (109)
mri peak = 0.10995 (108)
Right_Cerebral_White_Matter (41): linear fit = 1.00 x + 0.0 (28922 voxels, overlap=0.752)
Right_Cerebral_White_Matter (41): linear fit = 1.00 x + 0.0 (28922 voxels, peak = 108), gca=108.5
gca peak = 0.07395 (111)
mri peak = 0.11462 (108)
Left_Cerebral_White_Matter (2): linear fit = 1.00 x + 0.0 (33441 voxels, overlap=0.635)
Left_Cerebral_White_Matter (2): linear fit = 1.00 x + 0.0 (33441 voxels, peak = 112), gca=111.6
gca peak = 0.09370 (59)
mri peak = 0.04531 (60)
Left_Cerebral_Cortex (3): linear fit = 0.96 x + 0.0 (48580 voxels, overlap=0.986)
Left_Cerebral_Cortex (3): linear fit = 0.96 x + 0.0 (48580 voxels, peak = 57), gca=56.9
gca peak = 0.11163 (60)
mri peak = 0.04347 (60)
Right_Cerebral_Cortex (42): linear fit = 1.02 x + 0.0 (44171 voxels, overlap=0.931)
Right_Cerebral_Cortex (42): linear fit = 1.02 x + 0.0 (44171 voxels, peak = 62), gca=61.5
gca peak = 0.22833 (72)
mri peak = 0.19985 (72)
Right_Caudate (50): linear fit = 1.01 x + 0.0 (1306 voxels, overlap=1.000)
Right_Caudate (50): linear fit = 1.01 x + 0.0 (1306 voxels, peak = 73), gca=73.1
gca peak = 0.14459 (70)
mri peak = 0.17003 (72)
Left_Caudate (11): linear fit = 1.00 x + 0.0 (1063 voxels, overlap=0.774)
Left_Caudate (11): linear fit = 1.00 x + 0.0 (1063 voxels, peak = 70), gca=70.0
gca peak = 0.15815 (50)
mri peak = 0.05350 (50)
Left_Cerebellum_Cortex (8): linear fit = 1.00 x + 0.0 (23547 voxels, overlap=1.000)
Left_Cerebellum_Cortex (8): linear fit = 1.00 x + 0.0 (23547 voxels, peak = 50), gca=50.0
gca peak = 0.19368 (43)
mri peak = 0.05345 (44)
Right_Cerebellum_Cortex (47): linear fit = 1.03 x + 0.0 (18619 voxels, overlap=0.999)
Right_Cerebellum_Cortex (47): linear fit = 1.03 x + 0.0 (18619 voxels, peak = 45), gca=44.5
gca peak = 0.15875 (83)
mri peak = 0.07073 (85)
Left_Cerebellum_White_Matter (7): linear fit = 1.00 x + 0.0 (7776 voxels, overlap=0.926)
Left_Cerebellum_White_Matter (7): linear fit = 1.00 x + 0.0 (7776 voxels, peak = 83), gca=82.6
gca peak = 0.17031 (83)
mri peak = 0.05699 (85)
Right_Cerebellum_White_Matter (46): linear fit = 1.00 x + 0.0 (7370 voxels, overlap=0.965)
Right_Cerebellum_White_Matter (46): linear fit = 1.00 x + 0.0 (7370 voxels, peak = 83), gca=82.6
gca peak = 0.23078 (63)
mri peak = 0.11794 (63)
Left_Amygdala (18): linear fit = 1.00 x + 0.0 (404 voxels, overlap=1.028)
Left_Amygdala (18): linear fit = 1.00 x + 0.0 (404 voxels, peak = 63), gca=63.0
gca peak = 0.34495 (56)
mri peak = 0.11451 (58)
Right_Amygdala (54): linear fit = 1.04 x + 0.0 (530 voxels, overlap=0.945)
Right_Amygdala (54): linear fit = 1.04 x + 0.0 (530 voxels, peak = 59), gca=58.5
gca peak = 0.11308 (84)
mri peak = 0.08659 (82)
Left_Thalamus (10): linear fit = 1.00 x + 0.0 (4134 voxels, overlap=0.957)
Left_Thalamus (10): linear fit = 1.00 x + 0.0 (4134 voxels, peak = 84), gca=84.0
gca peak = 0.10243 (82)
mri peak = 0.08989 (82)
Right_Thalamus (49): linear fit = 0.99 x + 0.0 (3847 voxels, overlap=0.986)
Right_Thalamus (49): linear fit = 0.99 x + 0.0 (3847 voxels, peak = 81), gca=80.8
gca peak = 0.08071 (86)
mri peak = 0.15665 (82)
Left_Putamen (12): linear fit = 1.00 x + 0.0 (2245 voxels, overlap=0.692)
Left_Putamen (12): linear fit = 1.00 x + 0.0 (2245 voxels, peak = 86), gca=86.0
gca peak = 0.09459 (76)
mri peak = 0.12378 (78)
Right_Putamen (51): linear fit = 1.00 x + 0.0 (2157 voxels, overlap=0.813)
Right_Putamen (51): linear fit = 1.00 x + 0.0 (2157 voxels, peak = 76), gca=76.0
gca peak = 0.07143 (94)
mri peak = 0.06371 (94)
Brain_Stem (16): linear fit = 1.00 x + 0.0 (10004 voxels, overlap=0.872)
Brain_Stem (16): linear fit = 1.00 x + 0.0 (10004 voxels, peak = 94), gca=94.0
gca peak = 0.11181 (102)
mri peak = 0.07306 (101)
Right_VentralDC (60): linear fit = 1.01 x + 0.0 (1500 voxels, overlap=0.639)
Right_VentralDC (60): linear fit = 1.01 x + 0.0 (1500 voxels, peak = 104), gca=103.5
gca peak = 0.13317 (98)
mri peak = 0.08269 (101)
Left_VentralDC (28): linear fit = 1.02 x + 0.0 (1594 voxels, overlap=0.895)
Left_VentralDC (28): linear fit = 1.02 x + 0.0 (1594 voxels, peak = 100), gca=100.4
gca peak = 0.13279 (33)
uniform distribution in MR - rejecting arbitrary fit
gca peak = 0.14502 (17)
mri peak = 0.18470 (11)
Fourth_Ventricle (15): linear fit = 0.57 x + 0.0 (470 voxels, overlap=0.032)
Fourth_Ventricle (15): linear fit = 0.57 x + 0.0 (470 voxels, peak = 10), gca=9.8
gca peak Unknown = 0.94777 ( 0)
gca peak Left_Inf_Lat_Vent = 0.17678 (31)
gca peak Third_Ventricle = 0.13279 (33)
gca peak Fourth_Ventricle = 0.14502 (17)
gca peak CSF = 0.19582 (45)
gca peak Left_Accumbens_area = 0.78275 (63)
gca peak Left_undetermined = 1.00000 (28)
gca peak Left_vessel = 0.89917 (53)
gca peak Left_choroid_plexus = 0.10623 (35)
gca peak Right_Inf_Lat_Vent = 0.24866 (24)
gca peak Right_Accumbens_area = 0.29187 (69)
gca peak Right_vessel = 0.77268 (52)
gca peak Right_choroid_plexus = 0.13305 (38)
gca peak Fifth_Ventricle = 0.59466 (40)
gca peak WM_hypointensities = 0.09380 (80)
gca peak non_WM_hypointensities = 0.14669 (43)
gca peak Optic_Chiasm = 0.53633 (76)
not using caudate to estimate GM means
estimating mean gm scale to be 1.01 x + 0.0
estimating mean wm scale to be 1.00 x + 0.0
estimating mean csf scale to be 1.08 x + 0.0
saving intensity scales to aseg.auto_noCCseg.label_intensities.txt
saving sequentially combined intensity scales to aseg.auto_noCCseg.label_intensities.txt
62793 voxels changed in iteration 0 of unlikely voxel relabeling
208 voxels changed in iteration 1 of unlikely voxel relabeling
8 voxels changed in iteration 2 of unlikely voxel relabeling
0 voxels changed in iteration 3 of unlikely voxel relabeling
28038 gm and wm labels changed (%28 to gray, %72 to white out of all changed labels)
263 hippocampal voxels changed.
0 amygdala voxels changed.
Reclassifying using Gibbs Priors
pass 1: 68988 changed. image ll: -2.103, PF=0.500
pass 2: 21102 changed. image ll: -2.103, PF=0.500
pass 3: 7907 changed.
pass 4: 3219 changed.
34887 voxels changed in iteration 0 of unlikely voxel relabeling
117 voxels changed in iteration 1 of unlikely voxel relabeling
2 voxels changed in iteration 2 of unlikely voxel relabeling
0 voxels changed in iteration 3 of unlikely voxel relabeling
6538 voxels changed in iteration 0 of unlikely voxel relabeling
63 voxels changed in iteration 1 of unlikely voxel relabeling
6 voxels changed in iteration 2 of unlikely voxel relabeling
0 voxels changed in iteration 3 of unlikely voxel relabeling
6682 voxels changed in iteration 0 of unlikely voxel relabeling
76 voxels changed in iteration 1 of unlikely voxel relabeling
0 voxels changed in iteration 2 of unlikely voxel relabeling
6607 voxels changed in iteration 0 of unlikely voxel relabeling
47 voxels changed in iteration 1 of unlikely voxel relabeling
0 voxels changed in iteration 2 of unlikely voxel relabeling
 !!!!!!!!! ventricle segment 1 with volume 2792 above threshold 100 - not erasing !!!!!!!!!!
 !!!!!!!!! ventricle segment 2 with volume 4838 above threshold 100 - not erasing !!!!!!!!!!
writing labeled volume to aseg.auto_noCCseg.mgz
mri_ca_label utimesec    1370.292266
mri_ca_label stimesec    2.792457
mri_ca_label ru_maxrss   2180496
mri_ca_label ru_ixrss    0
mri_ca_label ru_idrss    0
mri_ca_label ru_isrss    0
mri_ca_label ru_minflt   3527016
mri_ca_label ru_majflt   8
mri_ca_label ru_nswap    0
mri_ca_label ru_inblock  1142
mri_ca_label ru_oublock  640
mri_ca_label ru_msgsnd   0
mri_ca_label ru_msgrcv   0
mri_ca_label ru_nsignals 0
mri_ca_label ru_nvcsw    3344
mri_ca_label ru_nivcsw   1014
auto-labeling took 21 minutes and 33 seconds.
#--------------------------------------
#@# CC Seg Mon Mar  9 00:33:03 CET 2026

 mri_cc -aseg aseg.auto_noCCseg.mgz -o aseg.auto.mgz -lta /out/sourcedata/freesurfer/sub-v1s16x0051181_ses-1/mri/transforms/cc_up.lta sub-v1s16x0051181_ses-1 

will read input aseg from aseg.auto_noCCseg.mgz
writing aseg with cc labels to aseg.auto.mgz
will write lta as /out/sourcedata/freesurfer/sub-v1s16x0051181_ses-1/mri/transforms/cc_up.lta
reading aseg from /out/sourcedata/freesurfer/sub-v1s16x0051181_ses-1/mri/aseg.auto_noCCseg.mgz
reading norm from /out/sourcedata/freesurfer/sub-v1s16x0051181_ses-1/mri/norm.mgz
28246 voxels in left wm, 35910 in right wm, xrange [131, 137]
searching rotation angles z=[-8  6], y=[-8  6]
searching scale 1 Z rot -7.9  searching scale 1 Z rot -7.6  searching scale 1 Z rot -7.4  searching scale 1 Z rot -7.1  searching scale 1 Z rot -6.9  searching scale 1 Z rot -6.6  searching scale 1 Z rot -6.4  searching scale 1 Z rot -6.1  searching scale 1 Z rot -5.9  searching scale 1 Z rot -5.6  searching scale 1 Z rot -5.4  searching scale 1 Z rot -5.1  searching scale 1 Z rot -4.9  searching scale 1 Z rot -4.6  searching scale 1 Z rot -4.4  searching scale 1 Z rot -4.1  searching scale 1 Z rot -3.9  searching scale 1 Z rot -3.6  searching scale 1 Z rot -3.4  searching scale 1 Z rot -3.1  searching scale 1 Z rot -2.9  searching scale 1 Z rot -2.6  searching scale 1 Z rot -2.4  searching scale 1 Z rot -2.1  searching scale 1 Z rot -1.9  searching scale 1 Z rot -1.6  searching scale 1 Z rot -1.4  searching scale 1 Z rot -1.1  searching scale 1 Z rot -0.9  searching scale 1 Z rot -0.6  searching scale 1 Z rot -0.4  searching scale 1 Z rot -0.1  searching scale 1 Z rot 0.1  searching scale 1 Z rot 0.4  searching scale 1 Z rot 0.6  searching scale 1 Z rot 0.9  searching scale 1 Z rot 1.1  searching scale 1 Z rot 1.4  searching scale 1 Z rot 1.6  searching scale 1 Z rot 1.9  searching scale 1 Z rot 2.1  searching scale 1 Z rot 2.4  searching scale 1 Z rot 2.6  searching scale 1 Z rot 2.9  searching scale 1 Z rot 3.1  searching scale 1 Z rot 3.4  searching scale 1 Z rot 3.6  searching scale 1 Z rot 3.9  searching scale 1 Z rot 4.1  searching scale 1 Z rot 4.4  searching scale 1 Z rot 4.6  searching scale 1 Z rot 4.9  searching scale 1 Z rot 5.1  searching scale 1 Z rot 5.4  searching scale 1 Z rot 5.6  global minimum found at slice 134.0, rotations (-0.52, -1.15)
final transformation (x=134.0, yr=-0.521, zr=-1.147):
 0.99976   0.02002  -0.00909  -6.42615;
-0.02002   0.99980   0.00018   49.67607;
 0.00909   0.00000   0.99996  -1.21289;
 0.00000   0.00000   0.00000   1.00000;
updating x range to be [126, 130] in xformed coordinates
best xformed slice 128
min_x_fornix = 105
min_x_fornix = 105
min_x_fornix = 105
min_x_fornix = 105
min_x_fornix = 105
cc center is found at 128 81 128
eigenvectors:
 0.00109  -0.00433   0.99999;
 0.21587  -0.97641  -0.00447;
 0.97642   0.21587  -0.00013;
writing aseg with callosum to /out/sourcedata/freesurfer/sub-v1s16x0051181_ses-1/mri/aseg.auto.mgz...
corpus callosum segmentation took 0.3 minutes
#VMPC# mri_cc VmPeak  553952
mri_cc done
#--------------------------------------
#@# Merge ASeg Mon Mar  9 00:33:21 CET 2026

 cp aseg.auto.mgz aseg.presurf.mgz 

#--------------------------------------------
#@# Intensity Normalization2 Mon Mar  9 00:33:21 CET 2026
/out/sourcedata/freesurfer/sub-v1s16x0051181_ses-1/mri

 mri_normalize -seed 1234 -mprage -aseg aseg.presurf.mgz -mask brainmask.mgz norm.mgz brain.mgz 

setting seed for random number genererator to 1234
assuming input volume is MGH (Van der Kouwe) MP-RAGE
using segmentation for initial intensity normalization
using MR volume brainmask.mgz to mask input volume...
reading mri_src from norm.mgz...
Reading aseg aseg.presurf.mgz
normalizing image...
NOT doing gentle normalization with control points/label
processing with aseg
removing outliers in the aseg WM...
1141 control points removed
Building bias image
building Voronoi diagram...
performing soap bubble smoothing, sigma = 0...
Smoothing with sigma 8
Applying bias correction
building Voronoi diagram...
performing soap bubble smoothing, sigma = 8...

Iterating 2 times
---------------------------------
3d normalization pass 1 of 2
white matter peak found at 110
white matter peak found at 109
gm peak at 65 (65), valley at  0 (-1)
csf peak at 32, setting threshold to 54
building Voronoi diagram...
performing soap bubble smoothing, sigma = 8...
---------------------------------
3d normalization pass 2 of 2
white matter peak found at 110
white matter peak found at 110
gm peak at 65 (65), valley at  0 (-1)
csf peak at 32, setting threshold to 54
building Voronoi diagram...
performing soap bubble smoothing, sigma = 8...
Done iterating ---------------------------------
writing output to brain.mgz
3D bias adjustment took 1 minutes and 24 seconds.
#--------------------------------------------
#@# Mask BFS Mon Mar  9 00:34:46 CET 2026
/out/sourcedata/freesurfer/sub-v1s16x0051181_ses-1/mri

 mri_mask -T 5 brain.mgz brainmask.mgz brain.finalsurfs.mgz 

threshold mask volume at 5
DoAbs = 0
Found 1477830 voxels in mask (pct=  8.81)
Writing masked volume to brain.finalsurfs.mgz...done.
#--------------------------------------------
#@# WM Segmentation Mon Mar  9 00:34:47 CET 2026

 AntsDenoiseImageFs -i brain.mgz -o antsdn.brain.mgz 


 mri_segment -wsizemm 13 -mprage antsdn.brain.mgz wm.seg.mgz 

wsizemm = 13, voxres = 1, wsize = 13
Widening wm low from 89 to 79
assuming input volume is MGH (Van der Kouwe) MP-RAGE
wm mean:  110
wsize:    13
wm low:   79
wm hi:    125
gray low: 30
gray hi:  99
Doing initial trinary intensity segmentation 
Using local statistics to label ambiguous voxels
Autodetecting stats
Computing class statistics for intensity windows...
CCS WM (103.0): 103.0 +- 5.3 [79.0 --> 125.0]
CCS GM (73.0) : 71.3 +- 10.1 [30.0 --> 95.0]
 white_mean 102.99
 white_sigma 5.26217
 gray_mean 71.2517
 gray_sigma 10.0681
setting bottom of white matter range wm_low to 81.3
setting top of gray matter range gray_hi to 91.4
 wm_low 81.3198
 wm_hi  125
 gray_low 30
 gray_hi  91.388
Redoing initial intensity segmentation...
Recomputing local statistics to label ambiguous voxels...
 wm_low 81.3198
 wm_hi  125
 gray_low 30
 gray_hi  91.388
using local geometry to label remaining ambiguous voxels...
polvwsize = 5, polvlen = 3, gray_hi = 91.388, wm_low = 81.3198
MRIcpolvMedianCurveSegment(): wsize=5, len=3, gmhi=91.388, wmlow=81.3198
    135394 voxels processed (0.81%)
     67047 voxels white (0.40%)
     68347 voxels non-white (0.41%)

Reclassifying voxels using Gaussian border classifier niter=1
MRIreclassify(): wm_low=76.3198, gray_hi=91.388, wsize=13
    225651 voxels tested (1.34%)
     48052 voxels changed (0.29%)
     54066 multi-scale searches  (0.32%)
Recovering bright white
MRIrecoverBrightWhite()
 wm_low 81.3198
 wm_hi 125
 slack 5.26217
 pct_thresh 0.33
 intensity_thresh 130.262
 nvox_thresh 8.58
      148 voxels tested (0.00%)
      112 voxels changed (0.00%)

removing voxels with positive offset direction...
MRIremoveWrongDirection() wsize=3, lowthr=76.3198, hithr=91.388
  smoothing input volume with sigma = 0.250
    91756 voxels tested (0.55%)
    14285 voxels changed (0.09%)
thicken = 1
removing 1-dimensional structures...
MRIremove1dStructures(): max_iter=10000, thresh=2, WM_MIN_VAL=5
 2436 sparsely connected voxels removed in 1 iterations
thickening thin strands....
thickness 4
nsegments 20
wm_hi 125
1469 diagonally connected voxels added...
MRIthickenThinWMStrands(): thickness=4, nsegments=20
  20 segments, 2714 filled
MRIfindBrightNonWM(): 312 bright non-wm voxels segmented.
MRIfilterMorphology() WM_MIN_VAL=5, DIAGONAL_FILL=230
white matter segmentation took 0.8 minutes
writing output to wm.seg.mgz...

 mri_edit_wm_with_aseg -keep-in wm.seg.mgz brain.mgz aseg.presurf.mgz wm.asegedit.mgz 

preserving editing changes in input volume...
auto filling took 0.33 minutes
reading wm segmentation from wm.seg.mgz...
0 voxels added to wm to prevent paths from MTL structures to cortex
3439 additional wm voxels added
0 additional wm voxels added
SEG EDIT: 44967 voxels turned on, 26100 voxels turned off.
propagating editing to output volume from wm.seg.mgz
writing edited volume to wm.asegedit.mgz....

 mri_pretess wm.asegedit.mgz wm norm.mgz wm.mgz 


Iteration Number : 1
pass   1 (xy+):  40 found -  40 modified     |    TOTAL:  40
pass   2 (xy+):   0 found -  40 modified     |    TOTAL:  40
pass   1 (xy-):  16 found -  16 modified     |    TOTAL:  56
pass   2 (xy-):   0 found -  16 modified     |    TOTAL:  56
pass   1 (yz+):  40 found -  40 modified     |    TOTAL:  96
pass   2 (yz+):   0 found -  40 modified     |    TOTAL:  96
pass   1 (yz-):  20 found -  20 modified     |    TOTAL: 116
pass   2 (yz-):   0 found -  20 modified     |    TOTAL: 116
pass   1 (xz+):  12 found -  12 modified     |    TOTAL: 128
pass   2 (xz+):   0 found -  12 modified     |    TOTAL: 128
pass   1 (xz-):  24 found -  24 modified     |    TOTAL: 152
pass   2 (xz-):   0 found -  24 modified     |    TOTAL: 152
Iteration Number : 1
pass   1 (+++):  18 found -  18 modified     |    TOTAL:  18
pass   2 (+++):   0 found -  18 modified     |    TOTAL:  18
pass   1 (+++):   8 found -   8 modified     |    TOTAL:  26
pass   2 (+++):   0 found -   8 modified     |    TOTAL:  26
pass   1 (+++):   8 found -   8 modified     |    TOTAL:  34
pass   2 (+++):   0 found -   8 modified     |    TOTAL:  34
pass   1 (+++):  19 found -  19 modified     |    TOTAL:  53
pass   2 (+++):   0 found -  19 modified     |    TOTAL:  53
Iteration Number : 1
pass   1 (++):  59 found -  59 modified     |    TOTAL:  59
pass   2 (++):   0 found -  59 modified     |    TOTAL:  59
pass   1 (+-): 167 found - 167 modified     |    TOTAL: 226
pass   2 (+-):   0 found - 167 modified     |    TOTAL: 226
pass   1 (--): 115 found - 115 modified     |    TOTAL: 341
pass   2 (--):   0 found - 115 modified     |    TOTAL: 341
pass   1 (-+): 150 found - 150 modified     |    TOTAL: 491
pass   2 (-+):   0 found - 150 modified     |    TOTAL: 491
Iteration Number : 2
pass   1 (xy+):   1 found -   1 modified     |    TOTAL:   1
pass   2 (xy+):   0 found -   1 modified     |    TOTAL:   1
pass   1 (xy-):   1 found -   1 modified     |    TOTAL:   2
pass   2 (xy-):   0 found -   1 modified     |    TOTAL:   2
pass   1 (yz+):   1 found -   1 modified     |    TOTAL:   3
pass   2 (yz+):   0 found -   1 modified     |    TOTAL:   3
pass   1 (yz-):   2 found -   2 modified     |    TOTAL:   5
pass   2 (yz-):   0 found -   2 modified     |    TOTAL:   5
pass   1 (xz+):   2 found -   2 modified     |    TOTAL:   7
pass   2 (xz+):   0 found -   2 modified     |    TOTAL:   7
pass   1 (xz-):   2 found -   2 modified     |    TOTAL:   9
pass   2 (xz-):   0 found -   2 modified     |    TOTAL:   9
Iteration Number : 2
pass   1 (+++):   0 found -   0 modified     |    TOTAL:   0
pass   1 (+++):   0 found -   0 modified     |    TOTAL:   0
pass   1 (+++):   0 found -   0 modified     |    TOTAL:   0
pass   1 (+++):   0 found -   0 modified     |    TOTAL:   0
Iteration Number : 2
pass   1 (++):   0 found -   0 modified     |    TOTAL:   0
pass   1 (+-):   0 found -   0 modified     |    TOTAL:   0
pass   1 (--):   1 found -   1 modified     |    TOTAL:   1
pass   2 (--):   0 found -   1 modified     |    TOTAL:   1
pass   1 (-+):   1 found -   1 modified     |    TOTAL:   2
pass   2 (-+):   0 found -   1 modified     |    TOTAL:   2
Iteration Number : 3
pass   1 (xy+):   0 found -   0 modified     |    TOTAL:   0
pass   1 (xy-):   0 found -   0 modified     |    TOTAL:   0
pass   1 (yz+):   0 found -   0 modified     |    TOTAL:   0
pass   1 (yz-):   0 found -   0 modified     |    TOTAL:   0
pass   1 (xz+):   0 found -   0 modified     |    TOTAL:   0
pass   1 (xz-):   0 found -   0 modified     |    TOTAL:   0
Iteration Number : 3
pass   1 (+++):   0 found -   0 modified     |    TOTAL:   0
pass   1 (+++):   0 found -   0 modified     |    TOTAL:   0
pass   1 (+++):   0 found -   0 modified     |    TOTAL:   0
pass   1 (+++):   0 found -   0 modified     |    TOTAL:   0
Iteration Number : 3
pass   1 (++):   0 found -   0 modified     |    TOTAL:   0
pass   1 (+-):   0 found -   0 modified     |    TOTAL:   0
pass   1 (--):   0 found -   0 modified     |    TOTAL:   0
pass   1 (-+):   0 found -   0 modified     |    TOTAL:   0

Total Number of Modified Voxels = 707 (out of 489457: 0.144446)
binarizing input wm segmentation...
Ambiguous edge configurations... 

mri_pretess done

#--------------------------------------------
#@# Fill Mon Mar  9 00:36:23 CET 2026
/out/sourcedata/freesurfer/sub-v1s16x0051181_ses-1/mri

 mri_fill -a ../scripts/ponscc.cut.log -xform transforms/talairach.lta -segmentation aseg.presurf.mgz -ctab /opt/freesurfer/SubCorticalMassLUT.txt wm.mgz filled.mgz 

logging cutting plane coordinates to ../scripts/ponscc.cut.log...
INFO: Using transforms/talairach.lta and its offset for Talairach volume ...
using segmentation aseg.presurf.mgz...
reading input volume...done.
searching for cutting planes...voxel to talairach voxel transform
 1.11793   0.00000   0.00000  -24.14684;
 0.00000   1.11667  -0.12783   27.50058;
 0.00000   0.15318   1.01170  -34.03880;
 0.00000   0.00000   0.00000   1.00000;
voxel to talairach voxel transform
 1.11793   0.00000   0.00000  -24.14684;
 0.00000   1.11667  -0.12783   27.50058;
 0.00000   0.15318   1.01170  -34.03880;
 0.00000   0.00000   0.00000   1.00000;
reading segmented volume aseg.presurf.mgz
removing CC from segmentation
Looking for area (min, max) = (350, 1400)
area[0] = 1984 (min = 350, max = 1400), aspect = 1.22 (min = 0.10, max = 0.75)
need search nearby
using seed (126, 120, 144), TAL = (2.0, 16.0, 8.0)
talairach voxel to voxel transform
 0.89451   0.00000   0.00000   21.59965;
 0.00000   0.88026   0.11122  -20.42189;
 0.00000  -0.13328   0.97159   36.73721;
 0.00000   0.00000   0.00000   1.00000;
segmentation indicates cc at (126,  120,  144) --> (2.0, 16.0, 8.0)
done.
filling took 0.6 minutes
talairach cc position changed to (2.00, 16.00, 8.00)
Erasing brainstem...done.
seed_search_size = 9, min_neighbors = 5
search rh wm seed point around talairach space:(20.00, 16.00, 8.00) SRC: (118.21, 101.22, 160.65)
search lh wm seed point around talairach space (-16.00, 16.00, 8.00), SRC: (150.41, 101.22, 160.65)
compute mri_fill using aseg
Erasing Brain Stem and Cerebellum ...
Define left and right masks using aseg:
Building Voronoi diagram ...
Using the Voronoi diagram for separating WM into two hemispheres ...
Find the largest connected component for each hemisphere ...
Embedding colortable
mri_fill done, writing output to filled.mgz...
 cp filled.mgz filled.auto.mgz

Started at Sun Mar 8 23:35:11 CET 2026 
Ended   at Mon Mar 9 00:37:01 CET 2026
#@#%# recon-all-run-time-hours 1.031
recon-all -s sub-v1s16x0051181_ses-1 finished without error at Mon Mar  9 00:37:01 CET 2026



#New# invocation of recon-all 




Mon Mar  9 01:13:47 CET 2026
cd /out/sourcedata/freesurfer/sub-v1s16x0051181_ses-1
setenv SUBJECTS_DIR /out/sourcedata/freesurfer
/opt/freesurfer/bin/recon-all -parallel -subjid sub-v1s16x0051181_ses-1 -sd /out/sourcedata/freesurfer -cortribbon

subjid sub-v1s16x0051181_ses-1
setenv SUBJECTS_DIR /out/sourcedata/freesurfer
FREESURFER_HOME /opt/freesurfer
Actual FREESURFER_HOME /opt/freesurfer
build-stamp.txt: freesurfer-linux-ubuntu22_x86_64-7.3.2-20220804-6354275
Linux dna075 5.14.0-427.37.1.el9_4.x86_64 #1 SMP PREEMPT_DYNAMIC Fri Sep 13 12:41:50 EDT 2024 x86_64 x86_64 x86_64 GNU/Linux
cputime      unlimited
filesize     unlimited
datasize     unlimited
stacksize    8192 kbytes
coredumpsize 0 kbytes
memoryuse    67108864 kbytes
vmemoryuse   unlimited
descriptors  1024 
memorylocked unlimited
maxproc      2061970 
maxlocks     unlimited
maxsignal    2062029 
maxmessage   819200 
maxnice      0 
maxrtprio    0 
maxrttime    unlimited

               total        used        free      shared  buff/cache   available
Mem:           503Gi        42Gi       401Gi        10Gi        59Gi       447Gi
Swap:             0B          0B          0B

########################################
program versions used
7.3.2 (freesurfer-linux-ubuntu22_x86_64-7.3.2-20220804-6354275)
7.3.2

ProgramName: lta_convert  ProgramArguments: lta_convert -all-info  ProgramVersion: 7.3.2  TimeStamp: 2026/03/09-00:13:47-GMT  BuildTime: Aug  4 2022 06:17:15  BuildStamp: freesurfer-linux-ubuntu22_x86_64-7.3.2-20220804-6354275  User: oesteban  Machine: dna075  Platform: Linux  PlatformVersion: 5.14.0-427.37.1.el9_4.x86_64  CompilerName: GCC  CompilerVersion: 8.4.0
ProgramName: mri_and  ProgramArguments: mri_and -all-info  ProgramVersion: 7.3.2  TimeStamp: 2026/03/09-00:13:47-GMT  BuildTime: Aug  4 2022 06:17:15  BuildStamp: freesurfer-linux-ubuntu22_x86_64-7.3.2-20220804-6354275  User: oesteban  Machine: dna075  Platform: Linux  PlatformVersion: 5.14.0-427.37.1.el9_4.x86_64  CompilerName: GCC  CompilerVersion: 8.4.0
ProgramName: mri_annotation2label  ProgramArguments: mri_annotation2label -all-info  ProgramVersion: 7.3.2  TimeStamp: 2026/03/09-00:13:47-GMT  BuildTime: Aug  4 2022 06:17:15  BuildStamp: freesurfer-linux-ubuntu22_x86_64-7.3.2-20220804-6354275  User: oesteban  Machine: dna075  Platform: Linux  PlatformVersion: 5.14.0-427.37.1.el9_4.x86_64  CompilerName: GCC  CompilerVersion: 8.4.0
ProgramName: mri_aparc2aseg  ProgramArguments: mri_aparc2aseg -all-info  ProgramVersion: 7.3.2  TimeStamp: 2026/03/09-00:13:47-GMT  BuildTime: Aug  4 2022 06:17:15  BuildStamp: freesurfer-linux-ubuntu22_x86_64-7.3.2-20220804-6354275  User: oesteban  Machine: dna075  Platform: Linux  PlatformVersion: 5.14.0-427.37.1.el9_4.x86_64  CompilerName: GCC  CompilerVersion: 8.4.0
ProgramName: mri_surf2volseg  ProgramArguments: mri_surf2volseg -all-info  ProgramVersion: 7.3.2  TimeStamp: 2026/03/09-00:13:47-GMT  BuildTime: Aug  4 2022 06:17:15  BuildStamp: freesurfer-linux-ubuntu22_x86_64-7.3.2-20220804-6354275  User: oesteban  Machine: dna075  Platform: Linux  PlatformVersion: 5.14.0-427.37.1.el9_4.x86_64  CompilerName: GCC  CompilerVersion: 8.4.0
ProgramName: mri_binarize  ProgramArguments: mri_binarize -all-info  ProgramVersion: 7.3.2  TimeStamp: 2026/03/09-00:13:47-GMT  BuildTime: Aug  4 2022 06:17:15  BuildStamp: freesurfer-linux-ubuntu22_x86_64-7.3.2-20220804-6354275  User: oesteban  Machine: dna075  Platform: Linux  PlatformVersion: 5.14.0-427.37.1.el9_4.x86_64  CompilerName: GCC  CompilerVersion: 8.4.0
ProgramName: mri_ca_label  ProgramArguments: mri_ca_label -all-info  ProgramVersion: 7.3.2  TimeStamp: 2026/03/09-00:13:47-GMT  BuildTime: Aug  4 2022 06:17:15  BuildStamp: freesurfer-linux-ubuntu22_x86_64-7.3.2-20220804-6354275  User: oesteban  Machine: dna075  Platform: Linux  PlatformVersion: 5.14.0-427.37.1.el9_4.x86_64  CompilerName: GCC  CompilerVersion: 8.4.0
ProgramName: mri_ca_normalize  ProgramArguments: mri_ca_normalize -all-info  ProgramVersion: 7.3.2  TimeStamp: 2026/03/09-00:13:47-GMT  BuildTime: Aug  4 2022 06:17:15  BuildStamp: freesurfer-linux-ubuntu22_x86_64-7.3.2-20220804-6354275  User: oesteban  Machine: dna075  Platform: Linux  PlatformVersion: 5.14.0-427.37.1.el9_4.x86_64  CompilerName: GCC  CompilerVersion: 8.4.0
ProgramName: mri_ca_register  ProgramArguments: mri_ca_register -all-info  ProgramVersion: 7.3.2  TimeStamp: 2026/03/09-00:13:47-GMT  BuildTime: Aug  4 2022 06:17:15  BuildStamp: freesurfer-linux-ubuntu22_x86_64-7.3.2-20220804-6354275  User: oesteban  Machine: dna075  Platform: Linux  PlatformVersion: 5.14.0-427.37.1.el9_4.x86_64  CompilerName: GCC  CompilerVersion: 8.4.0
ProgramName: mri_cc  ProgramArguments: mri_cc -all-info  ProgramVersion: 7.3.2  TimeStamp: 2026/03/09-00:13:47-GMT  BuildTime: Aug  4 2022 06:17:15  BuildStamp: freesurfer-linux-ubuntu22_x86_64-7.3.2-20220804-6354275  User: oesteban  Machine: dna075  Platform: Linux  PlatformVersion: 5.14.0-427.37.1.el9_4.x86_64  CompilerName: GCC  CompilerVersion: 8.4.0
ProgramName: mri_compute_overlap  ProgramArguments: mri_compute_overlap -all-info  ProgramVersion: 7.3.2  TimeStamp: 2026/03/09-00:13:47-GMT  BuildTime: Aug  4 2022 06:17:15  BuildStamp: freesurfer-linux-ubuntu22_x86_64-7.3.2-20220804-6354275  User: oesteban  Machine: dna075  Platform: Linux  PlatformVersion: 5.14.0-427.37.1.el9_4.x86_64  CompilerName: GCC  CompilerVersion: 8.4.0
ProgramName: mri_compute_seg_overlap  ProgramArguments: mri_compute_seg_overlap -all-info  ProgramVersion: 7.3.2  TimeStamp: 2026/03/09-00:13:47-GMT  BuildTime: Aug  4 2022 06:17:15  BuildStamp: freesurfer-linux-ubuntu22_x86_64-7.3.2-20220804-6354275  User: oesteban  Machine: dna075  Platform: Linux  PlatformVersion: 5.14.0-427.37.1.el9_4.x86_64  CompilerName: GCC  CompilerVersion: 8.4.0
ProgramName: mri_concat  ProgramArguments: mri_concat -all-info  ProgramVersion: 7.3.2  TimeStamp: 2026/03/09-00:13:47-GMT  BuildTime: Aug  4 2022 06:17:15  BuildStamp: freesurfer-linux-ubuntu22_x86_64-7.3.2-20220804-6354275  User: oesteban  Machine: dna075  Platform: Linux  PlatformVersion: 5.14.0-427.37.1.el9_4.x86_64  CompilerName: GCC  CompilerVersion: 8.4.0
ProgramName: mri_concatenate_lta  ProgramArguments: mri_concatenate_lta -all-info  ProgramVersion: 7.3.2  TimeStamp: 2026/03/09-00:13:47-GMT  BuildTime: Aug  4 2022 06:17:15  BuildStamp: freesurfer-linux-ubuntu22_x86_64-7.3.2-20220804-6354275  User: oesteban  Machine: dna075  Platform: Linux  PlatformVersion: 5.14.0-427.37.1.el9_4.x86_64  CompilerName: GCC  CompilerVersion: 8.4.0
mri_convert -all-info 
ProgramName: mri_convert  ProgramArguments: mri_convert -all-info  ProgramVersion: 7.3.2  TimeStamp: 2026/03/09-00:13:47-GMT  BuildTime: Aug  4 2022 06:17:15  BuildStamp: freesurfer-linux-ubuntu22_x86_64-7.3.2-20220804-6354275  User: oesteban  Machine: dna075  Platform: Linux  PlatformVersion: 5.14.0-427.37.1.el9_4.x86_64  CompilerName: GCC  CompilerVersion: 8.4.0
ProgramName: mri_diff  ProgramArguments: mri_diff -all-info  ProgramVersion: 7.3.2  TimeStamp: 2026/03/09-00:13:47-GMT  BuildTime: Aug  4 2022 06:17:15  BuildStamp: freesurfer-linux-ubuntu22_x86_64-7.3.2-20220804-6354275  User: oesteban  Machine: dna075  Platform: Linux  PlatformVersion: 5.14.0-427.37.1.el9_4.x86_64  CompilerName: GCC  CompilerVersion: 8.4.0
ProgramName: mri_edit_wm_with_aseg  ProgramArguments: mri_edit_wm_with_aseg -all-info  ProgramVersion: 7.3.2  TimeStamp: 2026/03/09-00:13:47-GMT  BuildTime: Aug  4 2022 06:17:15  BuildStamp: freesurfer-linux-ubuntu22_x86_64-7.3.2-20220804-6354275  User: oesteban  Machine: dna075  Platform: Linux  PlatformVersion: 5.14.0-427.37.1.el9_4.x86_64  CompilerName: GCC  CompilerVersion: 8.4.0
ProgramName: mri_em_register  ProgramArguments: mri_em_register -all-info  ProgramVersion: 7.3.2  TimeStamp: 2026/03/09-00:13:47-GMT  BuildTime: Aug  4 2022 06:17:15  BuildStamp: freesurfer-linux-ubuntu22_x86_64-7.3.2-20220804-6354275  User: oesteban  Machine: dna075  Platform: Linux  PlatformVersion: 5.14.0-427.37.1.el9_4.x86_64  CompilerName: GCC  CompilerVersion: 8.4.0
ProgramName: mri_fill  ProgramArguments: mri_fill -all-info  ProgramVersion: 7.3.2  TimeStamp: 2026/03/09-00:13:47-GMT  BuildTime: Aug  4 2022 06:17:15  BuildStamp: freesurfer-linux-ubuntu22_x86_64-7.3.2-20220804-6354275  User: oesteban  Machine: dna075  Platform: Linux  PlatformVersion: 5.14.0-427.37.1.el9_4.x86_64  CompilerName: GCC  CompilerVersion: 8.4.0
ProgramName: mri_fuse_segmentations  ProgramArguments: mri_fuse_segmentations -all-info  ProgramVersion: 7.3.2  TimeStamp: 2026/03/09-00:13:47-GMT  BuildTime: Aug  4 2022 06:17:15  BuildStamp: freesurfer-linux-ubuntu22_x86_64-7.3.2-20220804-6354275  User: oesteban  Machine: dna075  Platform: Linux  PlatformVersion: 5.14.0-427.37.1.el9_4.x86_64  CompilerName: GCC  CompilerVersion: 8.4.0
ProgramName: mri_fwhm  ProgramArguments: mri_fwhm -all-info  ProgramVersion: 7.3.2  TimeStamp: 2026/03/09-00:13:47-GMT  BuildTime: Aug  4 2022 06:17:15  BuildStamp: freesurfer-linux-ubuntu22_x86_64-7.3.2-20220804-6354275  User: oesteban  Machine: dna075  Platform: Linux  PlatformVersion: 5.14.0-427.37.1.el9_4.x86_64  CompilerName: GCC  CompilerVersion: 8.4.0
ProgramName: mri_gcut  ProgramArguments: mri_gcut -all-info  ProgramVersion: 7.3.2  TimeStamp: 2026/03/09-00:13:47-GMT  BuildTime: Aug  4 2022 06:17:15  BuildStamp: freesurfer-linux-ubuntu22_x86_64-7.3.2-20220804-6354275  User: oesteban  Machine: dna075  Platform: Linux  PlatformVersion: 5.14.0-427.37.1.el9_4.x86_64  CompilerName: GCC  CompilerVersion: 8.4.0
ProgramName: mri_info  ProgramArguments: mri_info -all-info  ProgramVersion: 7.3.2  TimeStamp: 2026/03/09-00:13:47-GMT  BuildTime: Aug  4 2022 06:17:15  BuildStamp: freesurfer-linux-ubuntu22_x86_64-7.3.2-20220804-6354275  User: oesteban  Machine: dna075  Platform: Linux  PlatformVersion: 5.14.0-427.37.1.el9_4.x86_64  CompilerName: GCC  CompilerVersion: 8.4.0
ProgramName: mri_label2label  ProgramArguments: mri_label2label -all-info  ProgramVersion: 7.3.2  TimeStamp: 2026/03/09-00:13:47-GMT  BuildTime: Aug  4 2022 06:17:15  BuildStamp: freesurfer-linux-ubuntu22_x86_64-7.3.2-20220804-6354275  User: oesteban  Machine: dna075  Platform: Linux  PlatformVersion: 5.14.0-427.37.1.el9_4.x86_64  CompilerName: GCC  CompilerVersion: 8.4.0
ProgramName: mri_label2vol  ProgramArguments: mri_label2vol -all-info  ProgramVersion: 7.3.2  TimeStamp: 2026/03/09-00:13:47-GMT  BuildTime: Aug  4 2022 06:17:15  BuildStamp: freesurfer-linux-ubuntu22_x86_64-7.3.2-20220804-6354275  User: oesteban  Machine: dna075  Platform: Linux  PlatformVersion: 5.14.0-427.37.1.el9_4.x86_64  CompilerName: GCC  CompilerVersion: 8.4.0
ProgramName: mri_log_likelihood  ProgramArguments: mri_log_likelihood -all-info  ProgramVersion: 7.3.2  TimeStamp: 2026/03/09-00:13:47-GMT  BuildTime: Aug  4 2022 06:17:15  BuildStamp: freesurfer-linux-ubuntu22_x86_64-7.3.2-20220804-6354275  User: oesteban  Machine: dna075  Platform: Linux  PlatformVersion: 5.14.0-427.37.1.el9_4.x86_64  CompilerName: GCC  CompilerVersion: 8.4.0
ProgramName: mri_mask  ProgramArguments: mri_mask -all-info  ProgramVersion: 7.3.2  TimeStamp: 2026/03/09-00:13:47-GMT  BuildTime: Aug  4 2022 06:17:15  BuildStamp: freesurfer-linux-ubuntu22_x86_64-7.3.2-20220804-6354275  User: oesteban  Machine: dna075  Platform: Linux  PlatformVersion: 5.14.0-427.37.1.el9_4.x86_64  CompilerName: GCC  CompilerVersion: 8.4.0
ProgramName: mri_matrix_multiply  ProgramArguments: mri_matrix_multiply -all-info  ProgramVersion: 7.3.2  TimeStamp: 2026/03/09-00:13:47-GMT  BuildTime: Aug  4 2022 06:17:15  BuildStamp: freesurfer-linux-ubuntu22_x86_64-7.3.2-20220804-6354275  User: oesteban  Machine: dna075  Platform: Linux  PlatformVersion: 5.14.0-427.37.1.el9_4.x86_64  CompilerName: GCC  CompilerVersion: 8.4.0
ProgramName: mri_normalize  ProgramArguments: mri_normalize -all-info  ProgramVersion: 7.3.2  TimeStamp: 2026/03/09-00:13:47-GMT  BuildTime: Aug  4 2022 06:17:15  BuildStamp: freesurfer-linux-ubuntu22_x86_64-7.3.2-20220804-6354275  User: oesteban  Machine: dna075  Platform: Linux  PlatformVersion: 5.14.0-427.37.1.el9_4.x86_64  CompilerName: GCC  CompilerVersion: 8.4.0
ProgramName: mri_normalize_tp2  ProgramArguments: mri_normalize_tp2 -all-info  ProgramVersion: 7.3.2  TimeStamp: 2026/03/09-00:13:47-GMT  BuildTime: Aug  4 2022 06:17:15  BuildStamp: freesurfer-linux-ubuntu22_x86_64-7.3.2-20220804-6354275  User: oesteban  Machine: dna075  Platform: Linux  PlatformVersion: 5.14.0-427.37.1.el9_4.x86_64  CompilerName: GCC  CompilerVersion: 8.4.0
ProgramName: mri_or  ProgramArguments: mri_or -all-info  ProgramVersion: 7.3.2  TimeStamp: 2026/03/09-00:13:47-GMT  BuildTime: Aug  4 2022 06:17:15  BuildStamp: freesurfer-linux-ubuntu22_x86_64-7.3.2-20220804-6354275  User: oesteban  Machine: dna075  Platform: Linux  PlatformVersion: 5.14.0-427.37.1.el9_4.x86_64  CompilerName: GCC  CompilerVersion: 8.4.0
ProgramName: mri_relabel_hypointensities  ProgramArguments: mri_relabel_hypointensities -all-info  ProgramVersion: 7.3.2  TimeStamp: 2026/03/09-00:13:47-GMT  BuildTime: Aug  4 2022 06:17:15  BuildStamp: freesurfer-linux-ubuntu22_x86_64-7.3.2-20220804-6354275  User: oesteban  Machine: dna075  Platform: Linux  PlatformVersion: 5.14.0-427.37.1.el9_4.x86_64  CompilerName: GCC  CompilerVersion: 8.4.0
ProgramName: mri_relabel_nonwm_hypos  ProgramArguments: mri_relabel_nonwm_hypos -all-info  ProgramVersion: 7.3.2  TimeStamp: 2026/03/09-00:13:47-GMT  BuildTime: Aug  4 2022 06:17:15  BuildStamp: freesurfer-linux-ubuntu22_x86_64-7.3.2-20220804-6354275  User: oesteban  Machine: dna075  Platform: Linux  PlatformVersion: 5.14.0-427.37.1.el9_4.x86_64  CompilerName: GCC  CompilerVersion: 8.4.0
ProgramName: mri_remove_neck  ProgramArguments: mri_remove_neck -all-info  ProgramVersion: 7.3.2  TimeStamp: 2026/03/09-00:13:47-GMT  BuildTime: Aug  4 2022 06:17:15  BuildStamp: freesurfer-linux-ubuntu22_x86_64-7.3.2-20220804-6354275  User: oesteban  Machine: dna075  Platform: Linux  PlatformVersion: 5.14.0-427.37.1.el9_4.x86_64  CompilerName: GCC  CompilerVersion: 8.4.0
7.3.2

ProgramName: mri_robust_register  ProgramArguments: mri_robust_register -all-info  ProgramVersion: 7.3.2  TimeStamp: 2026/03/09-00:13:47-GMT  BuildTime: Aug  4 2022 06:17:15  BuildStamp: freesurfer-linux-ubuntu22_x86_64-7.3.2-20220804-6354275  User: oesteban  Machine: dna075  Platform: Linux  PlatformVersion: 5.14.0-427.37.1.el9_4.x86_64  CompilerName: GCC  CompilerVersion: 8.4.0
7.3.2

ProgramName: mri_robust_template  ProgramArguments: mri_robust_template -all-info  ProgramVersion: 7.3.2  TimeStamp: 2026/03/09-00:13:47-GMT  BuildTime: Aug  4 2022 06:17:15  BuildStamp: freesurfer-linux-ubuntu22_x86_64-7.3.2-20220804-6354275  User: oesteban  Machine: dna075  Platform: Linux  PlatformVersion: 5.14.0-427.37.1.el9_4.x86_64  CompilerName: GCC  CompilerVersion: 8.4.0
ProgramName: mris_anatomical_stats  ProgramArguments: mris_anatomical_stats -all-info  ProgramVersion: 7.3.2  TimeStamp: 2026/03/09-00:13:47-GMT  BuildTime: Aug  4 2022 06:17:15  BuildStamp: freesurfer-linux-ubuntu22_x86_64-7.3.2-20220804-6354275  User: oesteban  Machine: dna075  Platform: Linux  PlatformVersion: 5.14.0-427.37.1.el9_4.x86_64  CompilerName: GCC  CompilerVersion: 8.4.0
ProgramName: mris_ca_label  ProgramArguments: mris_ca_label -all-info  ProgramVersion: 7.3.2  TimeStamp: 2026/03/09-00:13:47-GMT  BuildTime: Aug  4 2022 06:17:15  BuildStamp: freesurfer-linux-ubuntu22_x86_64-7.3.2-20220804-6354275  User: oesteban  Machine: dna075  Platform: Linux  PlatformVersion: 5.14.0-427.37.1.el9_4.x86_64  CompilerName: GCC  CompilerVersion: 8.4.0
ProgramName: mris_calc  ProgramArguments: mris_calc -all-info  ProgramVersion: 7.3.2  TimeStamp: 2026/03/09-00:13:47-GMT  BuildTime: Aug  4 2022 06:17:15  BuildStamp: freesurfer-linux-ubuntu22_x86_64-7.3.2-20220804-6354275  User: oesteban  Machine: dna075  Platform: Linux  PlatformVersion: 5.14.0-427.37.1.el9_4.x86_64  CompilerName: GCC  CompilerVersion: 8.4.0
ProgramName: mris_convert  ProgramArguments: mris_convert -all-info  ProgramVersion: 7.3.2  TimeStamp: 2026/03/09-00:13:47-GMT  BuildTime: Aug  4 2022 06:17:15  BuildStamp: freesurfer-linux-ubuntu22_x86_64-7.3.2-20220804-6354275  User: oesteban  Machine: dna075  Platform: Linux  PlatformVersion: 5.14.0-427.37.1.el9_4.x86_64  CompilerName: GCC  CompilerVersion: 8.4.0
ProgramName: mris_curvature  ProgramArguments: mris_curvature -all-info  ProgramVersion: 7.3.2  TimeStamp: 2026/03/09-00:13:47-GMT  BuildTime: Aug  4 2022 06:17:15  BuildStamp: freesurfer-linux-ubuntu22_x86_64-7.3.2-20220804-6354275  User: oesteban  Machine: dna075  Platform: Linux  PlatformVersion: 5.14.0-427.37.1.el9_4.x86_64  CompilerName: GCC  CompilerVersion: 8.4.0
ProgramName: mris_curvature_stats  ProgramArguments: mris_curvature_stats -all-info  ProgramVersion: 7.3.2  TimeStamp: 2026/03/09-00:13:47-GMT  BuildTime: Aug  4 2022 06:17:15  BuildStamp: freesurfer-linux-ubuntu22_x86_64-7.3.2-20220804-6354275  User: oesteban  Machine: dna075  Platform: Linux  PlatformVersion: 5.14.0-427.37.1.el9_4.x86_64  CompilerName: GCC  CompilerVersion: 8.4.0
ProgramName: mris_diff  ProgramArguments: mris_diff -all-info  ProgramVersion: 7.3.2  TimeStamp: 2026/03/09-00:13:47-GMT  BuildTime: Aug  4 2022 06:17:15  BuildStamp: freesurfer-linux-ubuntu22_x86_64-7.3.2-20220804-6354275  User: oesteban  Machine: dna075  Platform: Linux  PlatformVersion: 5.14.0-427.37.1.el9_4.x86_64  CompilerName: GCC  CompilerVersion: 8.4.0
ProgramName: mris_divide_parcellation  ProgramArguments: mris_divide_parcellation -all-info  ProgramVersion: 7.3.2  TimeStamp: 2026/03/09-00:13:47-GMT  BuildTime: Aug  4 2022 06:17:15  BuildStamp: freesurfer-linux-ubuntu22_x86_64-7.3.2-20220804-6354275  User: oesteban  Machine: dna075  Platform: Linux  PlatformVersion: 5.14.0-427.37.1.el9_4.x86_64  CompilerName: GCC  CompilerVersion: 8.4.0
ProgramName: mri_segment  ProgramArguments: mri_segment -all-info  ProgramVersion: 7.3.2  TimeStamp: 2026/03/09-00:13:47-GMT  BuildTime: Aug  4 2022 06:17:15  BuildStamp: freesurfer-linux-ubuntu22_x86_64-7.3.2-20220804-6354275  User: oesteban  Machine: dna075  Platform: Linux  PlatformVersion: 5.14.0-427.37.1.el9_4.x86_64  CompilerName: GCC  CompilerVersion: 8.4.0
ProgramName: mri_segstats  ProgramArguments: mri_segstats -all-info  ProgramVersion: 7.3.2  TimeStamp: 2026/03/09-00:13:47-GMT  BuildTime: Aug  4 2022 06:17:15  BuildStamp: freesurfer-linux-ubuntu22_x86_64-7.3.2-20220804-6354275  User: oesteban  Machine: dna075  Platform: Linux  PlatformVersion: 5.14.0-427.37.1.el9_4.x86_64  CompilerName: GCC  CompilerVersion: 8.4.0
ProgramName: mris_euler_number  ProgramArguments: mris_euler_number -all-info  ProgramVersion: 7.3.2  TimeStamp: 2026/03/09-00:13:47-GMT  BuildTime: Aug  4 2022 06:17:15  BuildStamp: freesurfer-linux-ubuntu22_x86_64-7.3.2-20220804-6354275  User: oesteban  Machine: dna075  Platform: Linux  PlatformVersion: 5.14.0-427.37.1.el9_4.x86_64  CompilerName: GCC  CompilerVersion: 8.4.0
ProgramName: mris_fix_topology  ProgramArguments: mris_fix_topology -all-info  ProgramVersion: 7.3.2  TimeStamp: 2026/03/09-00:13:47-GMT  BuildTime: Aug  4 2022 06:17:15  BuildStamp: freesurfer-linux-ubuntu22_x86_64-7.3.2-20220804-6354275  User: oesteban  Machine: dna075  Platform: Linux  PlatformVersion: 5.14.0-427.37.1.el9_4.x86_64  CompilerName: GCC  CompilerVersion: 8.4.0
ProgramName: mris_topo_fixer  ProgramArguments: mris_topo_fixer -all-info  ProgramVersion: 7.3.2  TimeStamp: 2026/03/09-00:13:47-GMT  BuildTime: Aug  4 2022 06:17:15  BuildStamp: freesurfer-linux-ubuntu22_x86_64-7.3.2-20220804-6354275  User: oesteban  Machine: dna075  Platform: Linux  PlatformVersion: 5.14.0-427.37.1.el9_4.x86_64  CompilerName: GCC  CompilerVersion: 8.4.0
ProgramName: mris_jacobian  ProgramArguments: mris_jacobian -all-info  ProgramVersion: 7.3.2  TimeStamp: 2026/03/09-00:13:47-GMT  BuildTime: Aug  4 2022 06:17:15  BuildStamp: freesurfer-linux-ubuntu22_x86_64-7.3.2-20220804-6354275  User: oesteban  Machine: dna075  Platform: Linux  PlatformVersion: 5.14.0-427.37.1.el9_4.x86_64  CompilerName: GCC  CompilerVersion: 8.4.0
ProgramName: mris_label2annot  ProgramArguments: mris_label2annot -all-info  ProgramVersion: 7.3.2  TimeStamp: 2026/03/09-00:13:47-GMT  BuildTime: Aug  4 2022 06:17:15  BuildStamp: freesurfer-linux-ubuntu22_x86_64-7.3.2-20220804-6354275  User: oesteban  Machine: dna075  Platform: Linux  PlatformVersion: 5.14.0-427.37.1.el9_4.x86_64  CompilerName: GCC  CompilerVersion: 8.4.0
ProgramName: mris_left_right_register  ProgramArguments: mris_left_right_register -all-info  ProgramVersion: 7.3.2  TimeStamp: 2026/03/09-00:13:47-GMT  BuildTime: Aug  4 2022 06:17:15  BuildStamp: freesurfer-linux-ubuntu22_x86_64-7.3.2-20220804-6354275  User: oesteban  Machine: dna075  Platform: Linux  PlatformVersion: 5.14.0-427.37.1.el9_4.x86_64  CompilerName: GCC  CompilerVersion: 8.4.0
ProgramName: mris_place_surface  ProgramArguments: mris_place_surface -all-info  ProgramVersion: 7.3.2  TimeStamp: 2026/03/09-00:13:47-GMT  BuildTime: Aug  4 2022 06:17:15  BuildStamp: freesurfer-linux-ubuntu22_x86_64-7.3.2-20220804-6354275  User: oesteban  Machine: dna075  Platform: Linux  PlatformVersion: 5.14.0-427.37.1.el9_4.x86_64  CompilerName: GCC  CompilerVersion: 8.4.0
ProgramName: mrisp_paint  ProgramArguments: mrisp_paint -all-info  ProgramVersion: 7.3.2  TimeStamp: 2026/03/09-00:13:47-GMT  BuildTime: Aug  4 2022 06:17:15  BuildStamp: freesurfer-linux-ubuntu22_x86_64-7.3.2-20220804-6354275  User: oesteban  Machine: dna075  Platform: Linux  PlatformVersion: 5.14.0-427.37.1.el9_4.x86_64  CompilerName: GCC  CompilerVersion: 8.4.0
ProgramName: mris_register  ProgramArguments: mris_register -all-info  ProgramVersion: 7.3.2  TimeStamp: 2026/03/09-00:13:47-GMT  BuildTime: Aug  4 2022 06:17:15  BuildStamp: freesurfer-linux-ubuntu22_x86_64-7.3.2-20220804-6354275  User: oesteban  Machine: dna075  Platform: Linux  PlatformVersion: 5.14.0-427.37.1.el9_4.x86_64  CompilerName: GCC  CompilerVersion: 8.4.0
ProgramName: mris_smooth  ProgramArguments: mris_smooth -all-info  ProgramVersion: 7.3.2  TimeStamp: 2026/03/09-00:13:47-GMT  BuildTime: Aug  4 2022 06:17:15  BuildStamp: freesurfer-linux-ubuntu22_x86_64-7.3.2-20220804-6354275  User: oesteban  Machine: dna075  Platform: Linux  PlatformVersion: 5.14.0-427.37.1.el9_4.x86_64  CompilerName: GCC  CompilerVersion: 8.4.0
ProgramName: mris_sphere  ProgramArguments: mris_sphere -all-info  ProgramVersion: 7.3.2  TimeStamp: 2026/03/09-00:13:47-GMT  BuildTime: Aug  4 2022 06:17:15  BuildStamp: freesurfer-linux-ubuntu22_x86_64-7.3.2-20220804-6354275  User: oesteban  Machine: dna075  Platform: Linux  PlatformVersion: 5.14.0-427.37.1.el9_4.x86_64  CompilerName: GCC  CompilerVersion: 8.4.0
ProgramName: mris_surface_stats  ProgramArguments: mris_surface_stats -all-info  ProgramVersion: 7.3.2  TimeStamp: 2026/03/09-00:13:47-GMT  BuildTime: Aug  4 2022 06:17:15  BuildStamp: freesurfer-linux-ubuntu22_x86_64-7.3.2-20220804-6354275  User: oesteban  Machine: dna075  Platform: Linux  PlatformVersion: 5.14.0-427.37.1.el9_4.x86_64  CompilerName: GCC  CompilerVersion: 8.4.0
ProgramName: mri_stats2seg  ProgramArguments: mri_stats2seg -all-info  ProgramVersion: 7.3.2  TimeStamp: 2026/03/09-00:13:47-GMT  BuildTime: Aug  4 2022 06:17:15  BuildStamp: freesurfer-linux-ubuntu22_x86_64-7.3.2-20220804-6354275  User: oesteban  Machine: dna075  Platform: Linux  PlatformVersion: 5.14.0-427.37.1.el9_4.x86_64  CompilerName: GCC  CompilerVersion: 8.4.0
ProgramName: mris_thickness  ProgramArguments: mris_thickness -all-info  ProgramVersion: 7.3.2  TimeStamp: 2026/03/09-00:13:47-GMT  BuildTime: Aug  4 2022 06:17:15  BuildStamp: freesurfer-linux-ubuntu22_x86_64-7.3.2-20220804-6354275  User: oesteban  Machine: dna075  Platform: Linux  PlatformVersion: 5.14.0-427.37.1.el9_4.x86_64  CompilerName: GCC  CompilerVersion: 8.4.0
ProgramName: mris_thickness_diff  ProgramArguments: mris_thickness_diff -all-info  ProgramVersion: 7.3.2  TimeStamp: 2026/03/09-00:13:47-GMT  BuildTime: Aug  4 2022 06:17:15  BuildStamp: freesurfer-linux-ubuntu22_x86_64-7.3.2-20220804-6354275  User: oesteban  Machine: dna075  Platform: Linux  PlatformVersion: 5.14.0-427.37.1.el9_4.x86_64  CompilerName: GCC  CompilerVersion: 8.4.0
ProgramName: mris_topo_fixer  ProgramArguments: mris_topo_fixer -all-info  ProgramVersion: 7.3.2  TimeStamp: 2026/03/09-00:13:47-GMT  BuildTime: Aug  4 2022 06:17:15  BuildStamp: freesurfer-linux-ubuntu22_x86_64-7.3.2-20220804-6354275  User: oesteban  Machine: dna075  Platform: Linux  PlatformVersion: 5.14.0-427.37.1.el9_4.x86_64  CompilerName: GCC  CompilerVersion: 8.4.0
ProgramName: mri_surf2surf  ProgramArguments: mri_surf2surf -all-info  ProgramVersion: 7.3.2  TimeStamp: 2026/03/09-00:13:47-GMT  BuildTime: Aug  4 2022 06:17:15  BuildStamp: freesurfer-linux-ubuntu22_x86_64-7.3.2-20220804-6354275  User: oesteban  Machine: dna075  Platform: Linux  PlatformVersion: 5.14.0-427.37.1.el9_4.x86_64  CompilerName: GCC  CompilerVersion: 8.4.0
ProgramName: mri_surf2vol  ProgramArguments: mri_surf2vol -all-info  ProgramVersion: 7.3.2  TimeStamp: 2026/03/09-00:13:47-GMT  BuildTime: Aug  4 2022 06:17:15  BuildStamp: freesurfer-linux-ubuntu22_x86_64-7.3.2-20220804-6354275  User: oesteban  Machine: dna075  Platform: Linux  PlatformVersion: 5.14.0-427.37.1.el9_4.x86_64  CompilerName: GCC  CompilerVersion: 8.4.0
ProgramName: mri_surfcluster  ProgramArguments: mri_surfcluster -all-info  ProgramVersion: 7.3.2  TimeStamp: 2026/03/09-00:13:47-GMT  BuildTime: Aug  4 2022 06:17:15  BuildStamp: freesurfer-linux-ubuntu22_x86_64-7.3.2-20220804-6354275  User: oesteban  Machine: dna075  Platform: Linux  PlatformVersion: 5.14.0-427.37.1.el9_4.x86_64  CompilerName: GCC  CompilerVersion: 8.4.0
ProgramName: mris_volmask  ProgramArguments: mris_volmask -all-info  ProgramVersion: 7.3.2  TimeStamp: 2026/03/09-00:13:47-GMT  BuildTime: Aug  4 2022 06:17:15  BuildStamp: freesurfer-linux-ubuntu22_x86_64-7.3.2-20220804-6354275  User: oesteban  Machine: dna075  Platform: Linux  PlatformVersion: 5.14.0-427.37.1.el9_4.x86_64  CompilerName: GCC  CompilerVersion: 8.4.0
ProgramName: mri_tessellate  ProgramArguments: mri_tessellate -all-info  ProgramVersion: 7.3.2  TimeStamp: 2026/03/09-00:13:47-GMT  BuildTime: Aug  4 2022 06:17:15  BuildStamp: freesurfer-linux-ubuntu22_x86_64-7.3.2-20220804-6354275  User: oesteban  Machine: dna075  Platform: Linux  PlatformVersion: 5.14.0-427.37.1.el9_4.x86_64  CompilerName: GCC  CompilerVersion: 8.4.0
ProgramName: mri_vol2surf  ProgramArguments: mri_vol2surf -all-info  ProgramVersion: 7.3.2  TimeStamp: 2026/03/09-00:13:47-GMT  BuildTime: Aug  4 2022 06:17:15  BuildStamp: freesurfer-linux-ubuntu22_x86_64-7.3.2-20220804-6354275  User: oesteban  Machine: dna075  Platform: Linux  PlatformVersion: 5.14.0-427.37.1.el9_4.x86_64  CompilerName: GCC  CompilerVersion: 8.4.0
ProgramName: mri_vol2vol  ProgramArguments: mri_vol2vol -all-info  ProgramVersion: 7.3.2  TimeStamp: 2026/03/09-00:13:47-GMT  BuildTime: Aug  4 2022 06:17:15  BuildStamp: freesurfer-linux-ubuntu22_x86_64-7.3.2-20220804-6354275  User: oesteban  Machine: dna075  Platform: Linux  PlatformVersion: 5.14.0-427.37.1.el9_4.x86_64  CompilerName: GCC  CompilerVersion: 8.4.0
ProgramName: mri_voldiff  ProgramArguments: mri_voldiff -all-info  ProgramVersion: 7.3.2  TimeStamp: 2026/03/09-00:13:47-GMT  BuildTime: Aug  4 2022 06:17:15  BuildStamp: freesurfer-linux-ubuntu22_x86_64-7.3.2-20220804-6354275  User: oesteban  Machine: dna075  Platform: Linux  PlatformVersion: 5.14.0-427.37.1.el9_4.x86_64  CompilerName: GCC  CompilerVersion: 8.4.0
ProgramName: mri_watershed  ProgramArguments: mri_watershed -all-info  ProgramVersion: 7.3.2  TimeStamp: 2026/03/09-00:13:47-GMT  BuildTime: Aug  4 2022 06:17:15  BuildStamp: freesurfer-linux-ubuntu22_x86_64-7.3.2-20220804-6354275  User: oesteban  Machine: dna075  Platform: Linux  PlatformVersion: 5.14.0-427.37.1.el9_4.x86_64  CompilerName: GCC  CompilerVersion: 8.4.0
ProgramName: tkregister2  ProgramArguments: tkregister2_cmdl -all-info  ProgramVersion: 7.3.2  TimeStamp: 2026/03/09-00:13:47-GMT  BuildTime: Aug  4 2022 06:17:15  BuildStamp: freesurfer-linux-ubuntu22_x86_64-7.3.2-20220804-6354275  User: oesteban  Machine: dna075  Platform: Linux  PlatformVersion: 5.14.0-427.37.1.el9_4.x86_64  CompilerName: GCC  CompilerVersion: 8.4.0
mri_motion_correct.fsl 7.3.2
mri_convert -all-info 
ProgramName: mri_convert  ProgramArguments: mri_convert -all-info  ProgramVersion: 7.3.2  TimeStamp: 2026/03/09-00:13:47-GMT  BuildTime: Aug  4 2022 06:17:15  BuildStamp: freesurfer-linux-ubuntu22_x86_64-7.3.2-20220804-6354275  User: oesteban  Machine: dna075  Platform: Linux  PlatformVersion: 5.14.0-427.37.1.el9_4.x86_64  CompilerName: GCC  CompilerVersion: 8.4.0
Program nu_correct, built from:
Package MNI N3, version 1.12.0, compiled by nicks@terrier (x86_64-unknown-linux-gnu) on 2015-06-19 at 01:25:34
#######################################
GCADIR /opt/freesurfer/average
GCA RB_all_2020-01-02.gca
GCASkull RB_all_withskull_2020_01_02.gca
AvgCurvTif folding.atlas.acfb40.noaparc.i12.2016-08-02.tif
GCSDIR /opt/freesurfer/average
GCS DKaparc.atlas.acfb40.noaparc.i12.2016-08-02.gcs
#######################################
#@# white curv lh Mon Mar  9 01:13:47 CET 2026
cd /out/sourcedata/freesurfer/sub-v1s16x0051181_ses-1/mri
mris_place_surface --curv-map ../surf/lh.white 2 10 ../surf/lh.curv
   Update not needed
#@# white area lh Mon Mar  9 01:13:47 CET 2026
cd /out/sourcedata/freesurfer/sub-v1s16x0051181_ses-1/mri
mris_place_surface --area-map ../surf/lh.white ../surf/lh.area
   Update not needed
#@# pial curv lh Mon Mar  9 01:13:47 CET 2026
cd /out/sourcedata/freesurfer/sub-v1s16x0051181_ses-1/mri
mris_place_surface --curv-map ../surf/lh.pial 2 10 ../surf/lh.curv.pial
   Update not needed
#@# pial area lh Mon Mar  9 01:13:47 CET 2026
cd /out/sourcedata/freesurfer/sub-v1s16x0051181_ses-1/mri
mris_place_surface --area-map ../surf/lh.pial ../surf/lh.area.pial
   Update not needed
#@# thickness lh Mon Mar  9 01:13:47 CET 2026
cd /out/sourcedata/freesurfer/sub-v1s16x0051181_ses-1/mri
mris_place_surface --thickness ../surf/lh.white ../surf/lh.pial 20 5 ../surf/lh.thickness
   Update not needed
#@# area and vertex vol lh Mon Mar  9 01:13:47 CET 2026
cd /out/sourcedata/freesurfer/sub-v1s16x0051181_ses-1/mri
mris_place_surface --thickness ../surf/lh.white ../surf/lh.pial 20 5 ../surf/lh.thickness
   Update not needed
#@# white curv rh Mon Mar  9 01:13:47 CET 2026
cd /out/sourcedata/freesurfer/sub-v1s16x0051181_ses-1/mri
mris_place_surface --curv-map ../surf/rh.white 2 10 ../surf/rh.curv
   Update not needed
#@# white area rh Mon Mar  9 01:13:47 CET 2026
cd /out/sourcedata/freesurfer/sub-v1s16x0051181_ses-1/mri
mris_place_surface --area-map ../surf/rh.white ../surf/rh.area
   Update not needed
#@# pial curv rh Mon Mar  9 01:13:48 CET 2026
cd /out/sourcedata/freesurfer/sub-v1s16x0051181_ses-1/mri
mris_place_surface --curv-map ../surf/rh.pial 2 10 ../surf/rh.curv.pial
   Update not needed
#@# pial area rh Mon Mar  9 01:13:48 CET 2026
cd /out/sourcedata/freesurfer/sub-v1s16x0051181_ses-1/mri
mris_place_surface --area-map ../surf/rh.pial ../surf/rh.area.pial
   Update not needed
#@# thickness rh Mon Mar  9 01:13:48 CET 2026
cd /out/sourcedata/freesurfer/sub-v1s16x0051181_ses-1/mri
mris_place_surface --thickness ../surf/rh.white ../surf/rh.pial 20 5 ../surf/rh.thickness
   Update not needed
#@# area and vertex vol rh Mon Mar  9 01:13:48 CET 2026
cd /out/sourcedata/freesurfer/sub-v1s16x0051181_ses-1/mri
mris_place_surface --thickness ../surf/rh.white ../surf/rh.pial 20 5 ../surf/rh.thickness
   Update not needed
#--------------------------------------------
#@# Cortical ribbon mask Mon Mar  9 01:13:48 CET 2026
/out/sourcedata/freesurfer/sub-v1s16x0051181_ses-1/mri

 mris_volmask --aseg_name aseg.presurf --label_left_white 2 --label_left_ribbon 3 --label_right_white 41 --label_right_ribbon 42 --save_ribbon sub-v1s16x0051181_ses-1 

SUBJECTS_DIR is /out/sourcedata/freesurfer
loading input data...
Running hemis serially
Processing left hemi
computing distance to left white surface 
computing distance to left pial surface 
Processing right hemi
computing distance to right white surface 
computing distance to right pial surface 
 hemi masks overlap voxels = 1330
writing volume /out/sourcedata/freesurfer/sub-v1s16x0051181_ses-1/mri/ribbon.mgz
mris_volmask took 3.29 minutes
 writing ribbon files

Started at Mon Mar 9 01:13:47 CET 2026 
Ended   at Mon Mar 9 01:17:05 CET 2026
#@#%# recon-all-run-time-hours 0.055
recon-all -s sub-v1s16x0051181_ses-1 finished without error at Mon Mar  9 01:17:05 CET 2026



#New# invocation of recon-all 




Mon Mar  9 01:21:38 CET 2026
cd /out/sourcedata/freesurfer/sub-v1s16x0051181_ses-1
setenv SUBJECTS_DIR /out/sourcedata/freesurfer
/opt/freesurfer/bin/recon-all -autorecon3 -openmp 16 -subjid sub-v1s16x0051181_ses-1 -sd /out/sourcedata/freesurfer -nosphere -nosurfreg -nojacobian_white -noavgcurv -nocortparc -nopial -noparcstats -nocortparc2 -noparcstats2 -nocortparc3 -noparcstats3 -nopctsurfcon -nocortribbon -nobalabels

subjid sub-v1s16x0051181_ses-1
setenv SUBJECTS_DIR /out/sourcedata/freesurfer
FREESURFER_HOME /opt/freesurfer
Actual FREESURFER_HOME /opt/freesurfer
build-stamp.txt: freesurfer-linux-ubuntu22_x86_64-7.3.2-20220804-6354275
Linux dna075 5.14.0-427.37.1.el9_4.x86_64 #1 SMP PREEMPT_DYNAMIC Fri Sep 13 12:41:50 EDT 2024 x86_64 x86_64 x86_64 GNU/Linux
cputime      unlimited
filesize     unlimited
datasize     unlimited
stacksize    8192 kbytes
coredumpsize 0 kbytes
memoryuse    67108864 kbytes
vmemoryuse   unlimited
descriptors  1024 
memorylocked unlimited
maxproc      2061970 
maxlocks     unlimited
maxsignal    2062029 
maxmessage   819200 
maxnice      0 
maxrtprio    0 
maxrttime    unlimited

               total        used        free      shared  buff/cache   available
Mem:           503Gi        42Gi       401Gi        10Gi        59Gi       447Gi
Swap:             0B          0B          0B

########################################
program versions used
7.3.2 (freesurfer-linux-ubuntu22_x86_64-7.3.2-20220804-6354275)
7.3.2

ProgramName: lta_convert  ProgramArguments: lta_convert -all-info  ProgramVersion: 7.3.2  TimeStamp: 2026/03/09-00:21:38-GMT  BuildTime: Aug  4 2022 06:17:15  BuildStamp: freesurfer-linux-ubuntu22_x86_64-7.3.2-20220804-6354275  User: oesteban  Machine: dna075  Platform: Linux  PlatformVersion: 5.14.0-427.37.1.el9_4.x86_64  CompilerName: GCC  CompilerVersion: 8.4.0
ProgramName: mri_and  ProgramArguments: mri_and -all-info  ProgramVersion: 7.3.2  TimeStamp: 2026/03/09-00:21:38-GMT  BuildTime: Aug  4 2022 06:17:15  BuildStamp: freesurfer-linux-ubuntu22_x86_64-7.3.2-20220804-6354275  User: oesteban  Machine: dna075  Platform: Linux  PlatformVersion: 5.14.0-427.37.1.el9_4.x86_64  CompilerName: GCC  CompilerVersion: 8.4.0
ProgramName: mri_annotation2label  ProgramArguments: mri_annotation2label -all-info  ProgramVersion: 7.3.2  TimeStamp: 2026/03/09-00:21:38-GMT  BuildTime: Aug  4 2022 06:17:15  BuildStamp: freesurfer-linux-ubuntu22_x86_64-7.3.2-20220804-6354275  User: oesteban  Machine: dna075  Platform: Linux  PlatformVersion: 5.14.0-427.37.1.el9_4.x86_64  CompilerName: GCC  CompilerVersion: 8.4.0
ProgramName: mri_aparc2aseg  ProgramArguments: mri_aparc2aseg -all-info  ProgramVersion: 7.3.2  TimeStamp: 2026/03/09-00:21:38-GMT  BuildTime: Aug  4 2022 06:17:15  BuildStamp: freesurfer-linux-ubuntu22_x86_64-7.3.2-20220804-6354275  User: oesteban  Machine: dna075  Platform: Linux  PlatformVersion: 5.14.0-427.37.1.el9_4.x86_64  CompilerName: GCC  CompilerVersion: 8.4.0
ProgramName: mri_surf2volseg  ProgramArguments: mri_surf2volseg -all-info  ProgramVersion: 7.3.2  TimeStamp: 2026/03/09-00:21:38-GMT  BuildTime: Aug  4 2022 06:17:15  BuildStamp: freesurfer-linux-ubuntu22_x86_64-7.3.2-20220804-6354275  User: oesteban  Machine: dna075  Platform: Linux  PlatformVersion: 5.14.0-427.37.1.el9_4.x86_64  CompilerName: GCC  CompilerVersion: 8.4.0
ProgramName: mri_binarize  ProgramArguments: mri_binarize -all-info  ProgramVersion: 7.3.2  TimeStamp: 2026/03/09-00:21:38-GMT  BuildTime: Aug  4 2022 06:17:15  BuildStamp: freesurfer-linux-ubuntu22_x86_64-7.3.2-20220804-6354275  User: oesteban  Machine: dna075  Platform: Linux  PlatformVersion: 5.14.0-427.37.1.el9_4.x86_64  CompilerName: GCC  CompilerVersion: 8.4.0
ProgramName: mri_ca_label  ProgramArguments: mri_ca_label -all-info  ProgramVersion: 7.3.2  TimeStamp: 2026/03/09-00:21:38-GMT  BuildTime: Aug  4 2022 06:17:15  BuildStamp: freesurfer-linux-ubuntu22_x86_64-7.3.2-20220804-6354275  User: oesteban  Machine: dna075  Platform: Linux  PlatformVersion: 5.14.0-427.37.1.el9_4.x86_64  CompilerName: GCC  CompilerVersion: 8.4.0
ProgramName: mri_ca_normalize  ProgramArguments: mri_ca_normalize -all-info  ProgramVersion: 7.3.2  TimeStamp: 2026/03/09-00:21:38-GMT  BuildTime: Aug  4 2022 06:17:15  BuildStamp: freesurfer-linux-ubuntu22_x86_64-7.3.2-20220804-6354275  User: oesteban  Machine: dna075  Platform: Linux  PlatformVersion: 5.14.0-427.37.1.el9_4.x86_64  CompilerName: GCC  CompilerVersion: 8.4.0
ProgramName: mri_ca_register  ProgramArguments: mri_ca_register -all-info  ProgramVersion: 7.3.2  TimeStamp: 2026/03/09-00:21:38-GMT  BuildTime: Aug  4 2022 06:17:15  BuildStamp: freesurfer-linux-ubuntu22_x86_64-7.3.2-20220804-6354275  User: oesteban  Machine: dna075  Platform: Linux  PlatformVersion: 5.14.0-427.37.1.el9_4.x86_64  CompilerName: GCC  CompilerVersion: 8.4.0
ProgramName: mri_cc  ProgramArguments: mri_cc -all-info  ProgramVersion: 7.3.2  TimeStamp: 2026/03/09-00:21:38-GMT  BuildTime: Aug  4 2022 06:17:15  BuildStamp: freesurfer-linux-ubuntu22_x86_64-7.3.2-20220804-6354275  User: oesteban  Machine: dna075  Platform: Linux  PlatformVersion: 5.14.0-427.37.1.el9_4.x86_64  CompilerName: GCC  CompilerVersion: 8.4.0
ProgramName: mri_compute_overlap  ProgramArguments: mri_compute_overlap -all-info  ProgramVersion: 7.3.2  TimeStamp: 2026/03/09-00:21:38-GMT  BuildTime: Aug  4 2022 06:17:15  BuildStamp: freesurfer-linux-ubuntu22_x86_64-7.3.2-20220804-6354275  User: oesteban  Machine: dna075  Platform: Linux  PlatformVersion: 5.14.0-427.37.1.el9_4.x86_64  CompilerName: GCC  CompilerVersion: 8.4.0
ProgramName: mri_compute_seg_overlap  ProgramArguments: mri_compute_seg_overlap -all-info  ProgramVersion: 7.3.2  TimeStamp: 2026/03/09-00:21:38-GMT  BuildTime: Aug  4 2022 06:17:15  BuildStamp: freesurfer-linux-ubuntu22_x86_64-7.3.2-20220804-6354275  User: oesteban  Machine: dna075  Platform: Linux  PlatformVersion: 5.14.0-427.37.1.el9_4.x86_64  CompilerName: GCC  CompilerVersion: 8.4.0
ProgramName: mri_concat  ProgramArguments: mri_concat -all-info  ProgramVersion: 7.3.2  TimeStamp: 2026/03/09-00:21:38-GMT  BuildTime: Aug  4 2022 06:17:15  BuildStamp: freesurfer-linux-ubuntu22_x86_64-7.3.2-20220804-6354275  User: oesteban  Machine: dna075  Platform: Linux  PlatformVersion: 5.14.0-427.37.1.el9_4.x86_64  CompilerName: GCC  CompilerVersion: 8.4.0
ProgramName: mri_concatenate_lta  ProgramArguments: mri_concatenate_lta -all-info  ProgramVersion: 7.3.2  TimeStamp: 2026/03/09-00:21:38-GMT  BuildTime: Aug  4 2022 06:17:15  BuildStamp: freesurfer-linux-ubuntu22_x86_64-7.3.2-20220804-6354275  User: oesteban  Machine: dna075  Platform: Linux  PlatformVersion: 5.14.0-427.37.1.el9_4.x86_64  CompilerName: GCC  CompilerVersion: 8.4.0
mri_convert -all-info 
ProgramName: mri_convert  ProgramArguments: mri_convert -all-info  ProgramVersion: 7.3.2  TimeStamp: 2026/03/09-00:21:38-GMT  BuildTime: Aug  4 2022 06:17:15  BuildStamp: freesurfer-linux-ubuntu22_x86_64-7.3.2-20220804-6354275  User: oesteban  Machine: dna075  Platform: Linux  PlatformVersion: 5.14.0-427.37.1.el9_4.x86_64  CompilerName: GCC  CompilerVersion: 8.4.0
ProgramName: mri_diff  ProgramArguments: mri_diff -all-info  ProgramVersion: 7.3.2  TimeStamp: 2026/03/09-00:21:38-GMT  BuildTime: Aug  4 2022 06:17:15  BuildStamp: freesurfer-linux-ubuntu22_x86_64-7.3.2-20220804-6354275  User: oesteban  Machine: dna075  Platform: Linux  PlatformVersion: 5.14.0-427.37.1.el9_4.x86_64  CompilerName: GCC  CompilerVersion: 8.4.0
ProgramName: mri_edit_wm_with_aseg  ProgramArguments: mri_edit_wm_with_aseg -all-info  ProgramVersion: 7.3.2  TimeStamp: 2026/03/09-00:21:38-GMT  BuildTime: Aug  4 2022 06:17:15  BuildStamp: freesurfer-linux-ubuntu22_x86_64-7.3.2-20220804-6354275  User: oesteban  Machine: dna075  Platform: Linux  PlatformVersion: 5.14.0-427.37.1.el9_4.x86_64  CompilerName: GCC  CompilerVersion: 8.4.0
ProgramName: mri_em_register  ProgramArguments: mri_em_register -all-info  ProgramVersion: 7.3.2  TimeStamp: 2026/03/09-00:21:38-GMT  BuildTime: Aug  4 2022 06:17:15  BuildStamp: freesurfer-linux-ubuntu22_x86_64-7.3.2-20220804-6354275  User: oesteban  Machine: dna075  Platform: Linux  PlatformVersion: 5.14.0-427.37.1.el9_4.x86_64  CompilerName: GCC  CompilerVersion: 8.4.0
ProgramName: mri_fill  ProgramArguments: mri_fill -all-info  ProgramVersion: 7.3.2  TimeStamp: 2026/03/09-00:21:38-GMT  BuildTime: Aug  4 2022 06:17:15  BuildStamp: freesurfer-linux-ubuntu22_x86_64-7.3.2-20220804-6354275  User: oesteban  Machine: dna075  Platform: Linux  PlatformVersion: 5.14.0-427.37.1.el9_4.x86_64  CompilerName: GCC  CompilerVersion: 8.4.0
ProgramName: mri_fuse_segmentations  ProgramArguments: mri_fuse_segmentations -all-info  ProgramVersion: 7.3.2  TimeStamp: 2026/03/09-00:21:38-GMT  BuildTime: Aug  4 2022 06:17:15  BuildStamp: freesurfer-linux-ubuntu22_x86_64-7.3.2-20220804-6354275  User: oesteban  Machine: dna075  Platform: Linux  PlatformVersion: 5.14.0-427.37.1.el9_4.x86_64  CompilerName: GCC  CompilerVersion: 8.4.0
ProgramName: mri_fwhm  ProgramArguments: mri_fwhm -all-info  ProgramVersion: 7.3.2  TimeStamp: 2026/03/09-00:21:38-GMT  BuildTime: Aug  4 2022 06:17:15  BuildStamp: freesurfer-linux-ubuntu22_x86_64-7.3.2-20220804-6354275  User: oesteban  Machine: dna075  Platform: Linux  PlatformVersion: 5.14.0-427.37.1.el9_4.x86_64  CompilerName: GCC  CompilerVersion: 8.4.0
ProgramName: mri_gcut  ProgramArguments: mri_gcut -all-info  ProgramVersion: 7.3.2  TimeStamp: 2026/03/09-00:21:38-GMT  BuildTime: Aug  4 2022 06:17:15  BuildStamp: freesurfer-linux-ubuntu22_x86_64-7.3.2-20220804-6354275  User: oesteban  Machine: dna075  Platform: Linux  PlatformVersion: 5.14.0-427.37.1.el9_4.x86_64  CompilerName: GCC  CompilerVersion: 8.4.0
ProgramName: mri_info  ProgramArguments: mri_info -all-info  ProgramVersion: 7.3.2  TimeStamp: 2026/03/09-00:21:38-GMT  BuildTime: Aug  4 2022 06:17:15  BuildStamp: freesurfer-linux-ubuntu22_x86_64-7.3.2-20220804-6354275  User: oesteban  Machine: dna075  Platform: Linux  PlatformVersion: 5.14.0-427.37.1.el9_4.x86_64  CompilerName: GCC  CompilerVersion: 8.4.0
ProgramName: mri_label2label  ProgramArguments: mri_label2label -all-info  ProgramVersion: 7.3.2  TimeStamp: 2026/03/09-00:21:38-GMT  BuildTime: Aug  4 2022 06:17:15  BuildStamp: freesurfer-linux-ubuntu22_x86_64-7.3.2-20220804-6354275  User: oesteban  Machine: dna075  Platform: Linux  PlatformVersion: 5.14.0-427.37.1.el9_4.x86_64  CompilerName: GCC  CompilerVersion: 8.4.0
ProgramName: mri_label2vol  ProgramArguments: mri_label2vol -all-info  ProgramVersion: 7.3.2  TimeStamp: 2026/03/09-00:21:38-GMT  BuildTime: Aug  4 2022 06:17:15  BuildStamp: freesurfer-linux-ubuntu22_x86_64-7.3.2-20220804-6354275  User: oesteban  Machine: dna075  Platform: Linux  PlatformVersion: 5.14.0-427.37.1.el9_4.x86_64  CompilerName: GCC  CompilerVersion: 8.4.0
ProgramName: mri_log_likelihood  ProgramArguments: mri_log_likelihood -all-info  ProgramVersion: 7.3.2  TimeStamp: 2026/03/09-00:21:38-GMT  BuildTime: Aug  4 2022 06:17:15  BuildStamp: freesurfer-linux-ubuntu22_x86_64-7.3.2-20220804-6354275  User: oesteban  Machine: dna075  Platform: Linux  PlatformVersion: 5.14.0-427.37.1.el9_4.x86_64  CompilerName: GCC  CompilerVersion: 8.4.0
ProgramName: mri_mask  ProgramArguments: mri_mask -all-info  ProgramVersion: 7.3.2  TimeStamp: 2026/03/09-00:21:38-GMT  BuildTime: Aug  4 2022 06:17:15  BuildStamp: freesurfer-linux-ubuntu22_x86_64-7.3.2-20220804-6354275  User: oesteban  Machine: dna075  Platform: Linux  PlatformVersion: 5.14.0-427.37.1.el9_4.x86_64  CompilerName: GCC  CompilerVersion: 8.4.0
ProgramName: mri_matrix_multiply  ProgramArguments: mri_matrix_multiply -all-info  ProgramVersion: 7.3.2  TimeStamp: 2026/03/09-00:21:38-GMT  BuildTime: Aug  4 2022 06:17:15  BuildStamp: freesurfer-linux-ubuntu22_x86_64-7.3.2-20220804-6354275  User: oesteban  Machine: dna075  Platform: Linux  PlatformVersion: 5.14.0-427.37.1.el9_4.x86_64  CompilerName: GCC  CompilerVersion: 8.4.0
ProgramName: mri_normalize  ProgramArguments: mri_normalize -all-info  ProgramVersion: 7.3.2  TimeStamp: 2026/03/09-00:21:38-GMT  BuildTime: Aug  4 2022 06:17:15  BuildStamp: freesurfer-linux-ubuntu22_x86_64-7.3.2-20220804-6354275  User: oesteban  Machine: dna075  Platform: Linux  PlatformVersion: 5.14.0-427.37.1.el9_4.x86_64  CompilerName: GCC  CompilerVersion: 8.4.0
ProgramName: mri_normalize_tp2  ProgramArguments: mri_normalize_tp2 -all-info  ProgramVersion: 7.3.2  TimeStamp: 2026/03/09-00:21:38-GMT  BuildTime: Aug  4 2022 06:17:15  BuildStamp: freesurfer-linux-ubuntu22_x86_64-7.3.2-20220804-6354275  User: oesteban  Machine: dna075  Platform: Linux  PlatformVersion: 5.14.0-427.37.1.el9_4.x86_64  CompilerName: GCC  CompilerVersion: 8.4.0
ProgramName: mri_or  ProgramArguments: mri_or -all-info  ProgramVersion: 7.3.2  TimeStamp: 2026/03/09-00:21:38-GMT  BuildTime: Aug  4 2022 06:17:15  BuildStamp: freesurfer-linux-ubuntu22_x86_64-7.3.2-20220804-6354275  User: oesteban  Machine: dna075  Platform: Linux  PlatformVersion: 5.14.0-427.37.1.el9_4.x86_64  CompilerName: GCC  CompilerVersion: 8.4.0
ProgramName: mri_relabel_hypointensities  ProgramArguments: mri_relabel_hypointensities -all-info  ProgramVersion: 7.3.2  TimeStamp: 2026/03/09-00:21:38-GMT  BuildTime: Aug  4 2022 06:17:15  BuildStamp: freesurfer-linux-ubuntu22_x86_64-7.3.2-20220804-6354275  User: oesteban  Machine: dna075  Platform: Linux  PlatformVersion: 5.14.0-427.37.1.el9_4.x86_64  CompilerName: GCC  CompilerVersion: 8.4.0
ProgramName: mri_relabel_nonwm_hypos  ProgramArguments: mri_relabel_nonwm_hypos -all-info  ProgramVersion: 7.3.2  TimeStamp: 2026/03/09-00:21:38-GMT  BuildTime: Aug  4 2022 06:17:15  BuildStamp: freesurfer-linux-ubuntu22_x86_64-7.3.2-20220804-6354275  User: oesteban  Machine: dna075  Platform: Linux  PlatformVersion: 5.14.0-427.37.1.el9_4.x86_64  CompilerName: GCC  CompilerVersion: 8.4.0
ProgramName: mri_remove_neck  ProgramArguments: mri_remove_neck -all-info  ProgramVersion: 7.3.2  TimeStamp: 2026/03/09-00:21:38-GMT  BuildTime: Aug  4 2022 06:17:15  BuildStamp: freesurfer-linux-ubuntu22_x86_64-7.3.2-20220804-6354275  User: oesteban  Machine: dna075  Platform: Linux  PlatformVersion: 5.14.0-427.37.1.el9_4.x86_64  CompilerName: GCC  CompilerVersion: 8.4.0
7.3.2

ProgramName: mri_robust_register  ProgramArguments: mri_robust_register -all-info  ProgramVersion: 7.3.2  TimeStamp: 2026/03/09-00:21:38-GMT  BuildTime: Aug  4 2022 06:17:15  BuildStamp: freesurfer-linux-ubuntu22_x86_64-7.3.2-20220804-6354275  User: oesteban  Machine: dna075  Platform: Linux  PlatformVersion: 5.14.0-427.37.1.el9_4.x86_64  CompilerName: GCC  CompilerVersion: 8.4.0
7.3.2

ProgramName: mri_robust_template  ProgramArguments: mri_robust_template -all-info  ProgramVersion: 7.3.2  TimeStamp: 2026/03/09-00:21:38-GMT  BuildTime: Aug  4 2022 06:17:15  BuildStamp: freesurfer-linux-ubuntu22_x86_64-7.3.2-20220804-6354275  User: oesteban  Machine: dna075  Platform: Linux  PlatformVersion: 5.14.0-427.37.1.el9_4.x86_64  CompilerName: GCC  CompilerVersion: 8.4.0
ProgramName: mris_anatomical_stats  ProgramArguments: mris_anatomical_stats -all-info  ProgramVersion: 7.3.2  TimeStamp: 2026/03/09-00:21:38-GMT  BuildTime: Aug  4 2022 06:17:15  BuildStamp: freesurfer-linux-ubuntu22_x86_64-7.3.2-20220804-6354275  User: oesteban  Machine: dna075  Platform: Linux  PlatformVersion: 5.14.0-427.37.1.el9_4.x86_64  CompilerName: GCC  CompilerVersion: 8.4.0
ProgramName: mris_ca_label  ProgramArguments: mris_ca_label -all-info  ProgramVersion: 7.3.2  TimeStamp: 2026/03/09-00:21:38-GMT  BuildTime: Aug  4 2022 06:17:15  BuildStamp: freesurfer-linux-ubuntu22_x86_64-7.3.2-20220804-6354275  User: oesteban  Machine: dna075  Platform: Linux  PlatformVersion: 5.14.0-427.37.1.el9_4.x86_64  CompilerName: GCC  CompilerVersion: 8.4.0
ProgramName: mris_calc  ProgramArguments: mris_calc -all-info  ProgramVersion: 7.3.2  TimeStamp: 2026/03/09-00:21:38-GMT  BuildTime: Aug  4 2022 06:17:15  BuildStamp: freesurfer-linux-ubuntu22_x86_64-7.3.2-20220804-6354275  User: oesteban  Machine: dna075  Platform: Linux  PlatformVersion: 5.14.0-427.37.1.el9_4.x86_64  CompilerName: GCC  CompilerVersion: 8.4.0
ProgramName: mris_convert  ProgramArguments: mris_convert -all-info  ProgramVersion: 7.3.2  TimeStamp: 2026/03/09-00:21:38-GMT  BuildTime: Aug  4 2022 06:17:15  BuildStamp: freesurfer-linux-ubuntu22_x86_64-7.3.2-20220804-6354275  User: oesteban  Machine: dna075  Platform: Linux  PlatformVersion: 5.14.0-427.37.1.el9_4.x86_64  CompilerName: GCC  CompilerVersion: 8.4.0
ProgramName: mris_curvature  ProgramArguments: mris_curvature -all-info  ProgramVersion: 7.3.2  TimeStamp: 2026/03/09-00:21:38-GMT  BuildTime: Aug  4 2022 06:17:15  BuildStamp: freesurfer-linux-ubuntu22_x86_64-7.3.2-20220804-6354275  User: oesteban  Machine: dna075  Platform: Linux  PlatformVersion: 5.14.0-427.37.1.el9_4.x86_64  CompilerName: GCC  CompilerVersion: 8.4.0
ProgramName: mris_curvature_stats  ProgramArguments: mris_curvature_stats -all-info  ProgramVersion: 7.3.2  TimeStamp: 2026/03/09-00:21:38-GMT  BuildTime: Aug  4 2022 06:17:15  BuildStamp: freesurfer-linux-ubuntu22_x86_64-7.3.2-20220804-6354275  User: oesteban  Machine: dna075  Platform: Linux  PlatformVersion: 5.14.0-427.37.1.el9_4.x86_64  CompilerName: GCC  CompilerVersion: 8.4.0
ProgramName: mris_diff  ProgramArguments: mris_diff -all-info  ProgramVersion: 7.3.2  TimeStamp: 2026/03/09-00:21:38-GMT  BuildTime: Aug  4 2022 06:17:15  BuildStamp: freesurfer-linux-ubuntu22_x86_64-7.3.2-20220804-6354275  User: oesteban  Machine: dna075  Platform: Linux  PlatformVersion: 5.14.0-427.37.1.el9_4.x86_64  CompilerName: GCC  CompilerVersion: 8.4.0
ProgramName: mris_divide_parcellation  ProgramArguments: mris_divide_parcellation -all-info  ProgramVersion: 7.3.2  TimeStamp: 2026/03/09-00:21:38-GMT  BuildTime: Aug  4 2022 06:17:15  BuildStamp: freesurfer-linux-ubuntu22_x86_64-7.3.2-20220804-6354275  User: oesteban  Machine: dna075  Platform: Linux  PlatformVersion: 5.14.0-427.37.1.el9_4.x86_64  CompilerName: GCC  CompilerVersion: 8.4.0
ProgramName: mri_segment  ProgramArguments: mri_segment -all-info  ProgramVersion: 7.3.2  TimeStamp: 2026/03/09-00:21:38-GMT  BuildTime: Aug  4 2022 06:17:15  BuildStamp: freesurfer-linux-ubuntu22_x86_64-7.3.2-20220804-6354275  User: oesteban  Machine: dna075  Platform: Linux  PlatformVersion: 5.14.0-427.37.1.el9_4.x86_64  CompilerName: GCC  CompilerVersion: 8.4.0
ProgramName: mri_segstats  ProgramArguments: mri_segstats -all-info  ProgramVersion: 7.3.2  TimeStamp: 2026/03/09-00:21:38-GMT  BuildTime: Aug  4 2022 06:17:15  BuildStamp: freesurfer-linux-ubuntu22_x86_64-7.3.2-20220804-6354275  User: oesteban  Machine: dna075  Platform: Linux  PlatformVersion: 5.14.0-427.37.1.el9_4.x86_64  CompilerName: GCC  CompilerVersion: 8.4.0
ProgramName: mris_euler_number  ProgramArguments: mris_euler_number -all-info  ProgramVersion: 7.3.2  TimeStamp: 2026/03/09-00:21:38-GMT  BuildTime: Aug  4 2022 06:17:15  BuildStamp: freesurfer-linux-ubuntu22_x86_64-7.3.2-20220804-6354275  User: oesteban  Machine: dna075  Platform: Linux  PlatformVersion: 5.14.0-427.37.1.el9_4.x86_64  CompilerName: GCC  CompilerVersion: 8.4.0
ProgramName: mris_fix_topology  ProgramArguments: mris_fix_topology -all-info  ProgramVersion: 7.3.2  TimeStamp: 2026/03/09-00:21:38-GMT  BuildTime: Aug  4 2022 06:17:15  BuildStamp: freesurfer-linux-ubuntu22_x86_64-7.3.2-20220804-6354275  User: oesteban  Machine: dna075  Platform: Linux  PlatformVersion: 5.14.0-427.37.1.el9_4.x86_64  CompilerName: GCC  CompilerVersion: 8.4.0
ProgramName: mris_topo_fixer  ProgramArguments: mris_topo_fixer -all-info  ProgramVersion: 7.3.2  TimeStamp: 2026/03/09-00:21:38-GMT  BuildTime: Aug  4 2022 06:17:15  BuildStamp: freesurfer-linux-ubuntu22_x86_64-7.3.2-20220804-6354275  User: oesteban  Machine: dna075  Platform: Linux  PlatformVersion: 5.14.0-427.37.1.el9_4.x86_64  CompilerName: GCC  CompilerVersion: 8.4.0
ProgramName: mris_jacobian  ProgramArguments: mris_jacobian -all-info  ProgramVersion: 7.3.2  TimeStamp: 2026/03/09-00:21:38-GMT  BuildTime: Aug  4 2022 06:17:15  BuildStamp: freesurfer-linux-ubuntu22_x86_64-7.3.2-20220804-6354275  User: oesteban  Machine: dna075  Platform: Linux  PlatformVersion: 5.14.0-427.37.1.el9_4.x86_64  CompilerName: GCC  CompilerVersion: 8.4.0
ProgramName: mris_label2annot  ProgramArguments: mris_label2annot -all-info  ProgramVersion: 7.3.2  TimeStamp: 2026/03/09-00:21:38-GMT  BuildTime: Aug  4 2022 06:17:15  BuildStamp: freesurfer-linux-ubuntu22_x86_64-7.3.2-20220804-6354275  User: oesteban  Machine: dna075  Platform: Linux  PlatformVersion: 5.14.0-427.37.1.el9_4.x86_64  CompilerName: GCC  CompilerVersion: 8.4.0
ProgramName: mris_left_right_register  ProgramArguments: mris_left_right_register -all-info  ProgramVersion: 7.3.2  TimeStamp: 2026/03/09-00:21:38-GMT  BuildTime: Aug  4 2022 06:17:15  BuildStamp: freesurfer-linux-ubuntu22_x86_64-7.3.2-20220804-6354275  User: oesteban  Machine: dna075  Platform: Linux  PlatformVersion: 5.14.0-427.37.1.el9_4.x86_64  CompilerName: GCC  CompilerVersion: 8.4.0
ProgramName: mris_place_surface  ProgramArguments: mris_place_surface -all-info  ProgramVersion: 7.3.2  TimeStamp: 2026/03/09-00:21:38-GMT  BuildTime: Aug  4 2022 06:17:15  BuildStamp: freesurfer-linux-ubuntu22_x86_64-7.3.2-20220804-6354275  User: oesteban  Machine: dna075  Platform: Linux  PlatformVersion: 5.14.0-427.37.1.el9_4.x86_64  CompilerName: GCC  CompilerVersion: 8.4.0
ProgramName: mrisp_paint  ProgramArguments: mrisp_paint -all-info  ProgramVersion: 7.3.2  TimeStamp: 2026/03/09-00:21:38-GMT  BuildTime: Aug  4 2022 06:17:15  BuildStamp: freesurfer-linux-ubuntu22_x86_64-7.3.2-20220804-6354275  User: oesteban  Machine: dna075  Platform: Linux  PlatformVersion: 5.14.0-427.37.1.el9_4.x86_64  CompilerName: GCC  CompilerVersion: 8.4.0
ProgramName: mris_register  ProgramArguments: mris_register -all-info  ProgramVersion: 7.3.2  TimeStamp: 2026/03/09-00:21:38-GMT  BuildTime: Aug  4 2022 06:17:15  BuildStamp: freesurfer-linux-ubuntu22_x86_64-7.3.2-20220804-6354275  User: oesteban  Machine: dna075  Platform: Linux  PlatformVersion: 5.14.0-427.37.1.el9_4.x86_64  CompilerName: GCC  CompilerVersion: 8.4.0
ProgramName: mris_smooth  ProgramArguments: mris_smooth -all-info  ProgramVersion: 7.3.2  TimeStamp: 2026/03/09-00:21:38-GMT  BuildTime: Aug  4 2022 06:17:15  BuildStamp: freesurfer-linux-ubuntu22_x86_64-7.3.2-20220804-6354275  User: oesteban  Machine: dna075  Platform: Linux  PlatformVersion: 5.14.0-427.37.1.el9_4.x86_64  CompilerName: GCC  CompilerVersion: 8.4.0
ProgramName: mris_sphere  ProgramArguments: mris_sphere -all-info  ProgramVersion: 7.3.2  TimeStamp: 2026/03/09-00:21:38-GMT  BuildTime: Aug  4 2022 06:17:15  BuildStamp: freesurfer-linux-ubuntu22_x86_64-7.3.2-20220804-6354275  User: oesteban  Machine: dna075  Platform: Linux  PlatformVersion: 5.14.0-427.37.1.el9_4.x86_64  CompilerName: GCC  CompilerVersion: 8.4.0
ProgramName: mris_surface_stats  ProgramArguments: mris_surface_stats -all-info  ProgramVersion: 7.3.2  TimeStamp: 2026/03/09-00:21:38-GMT  BuildTime: Aug  4 2022 06:17:15  BuildStamp: freesurfer-linux-ubuntu22_x86_64-7.3.2-20220804-6354275  User: oesteban  Machine: dna075  Platform: Linux  PlatformVersion: 5.14.0-427.37.1.el9_4.x86_64  CompilerName: GCC  CompilerVersion: 8.4.0
ProgramName: mri_stats2seg  ProgramArguments: mri_stats2seg -all-info  ProgramVersion: 7.3.2  TimeStamp: 2026/03/09-00:21:38-GMT  BuildTime: Aug  4 2022 06:17:15  BuildStamp: freesurfer-linux-ubuntu22_x86_64-7.3.2-20220804-6354275  User: oesteban  Machine: dna075  Platform: Linux  PlatformVersion: 5.14.0-427.37.1.el9_4.x86_64  CompilerName: GCC  CompilerVersion: 8.4.0
ProgramName: mris_thickness  ProgramArguments: mris_thickness -all-info  ProgramVersion: 7.3.2  TimeStamp: 2026/03/09-00:21:38-GMT  BuildTime: Aug  4 2022 06:17:15  BuildStamp: freesurfer-linux-ubuntu22_x86_64-7.3.2-20220804-6354275  User: oesteban  Machine: dna075  Platform: Linux  PlatformVersion: 5.14.0-427.37.1.el9_4.x86_64  CompilerName: GCC  CompilerVersion: 8.4.0
ProgramName: mris_thickness_diff  ProgramArguments: mris_thickness_diff -all-info  ProgramVersion: 7.3.2  TimeStamp: 2026/03/09-00:21:38-GMT  BuildTime: Aug  4 2022 06:17:15  BuildStamp: freesurfer-linux-ubuntu22_x86_64-7.3.2-20220804-6354275  User: oesteban  Machine: dna075  Platform: Linux  PlatformVersion: 5.14.0-427.37.1.el9_4.x86_64  CompilerName: GCC  CompilerVersion: 8.4.0
ProgramName: mris_topo_fixer  ProgramArguments: mris_topo_fixer -all-info  ProgramVersion: 7.3.2  TimeStamp: 2026/03/09-00:21:38-GMT  BuildTime: Aug  4 2022 06:17:15  BuildStamp: freesurfer-linux-ubuntu22_x86_64-7.3.2-20220804-6354275  User: oesteban  Machine: dna075  Platform: Linux  PlatformVersion: 5.14.0-427.37.1.el9_4.x86_64  CompilerName: GCC  CompilerVersion: 8.4.0
ProgramName: mri_surf2surf  ProgramArguments: mri_surf2surf -all-info  ProgramVersion: 7.3.2  TimeStamp: 2026/03/09-00:21:38-GMT  BuildTime: Aug  4 2022 06:17:15  BuildStamp: freesurfer-linux-ubuntu22_x86_64-7.3.2-20220804-6354275  User: oesteban  Machine: dna075  Platform: Linux  PlatformVersion: 5.14.0-427.37.1.el9_4.x86_64  CompilerName: GCC  CompilerVersion: 8.4.0
ProgramName: mri_surf2vol  ProgramArguments: mri_surf2vol -all-info  ProgramVersion: 7.3.2  TimeStamp: 2026/03/09-00:21:38-GMT  BuildTime: Aug  4 2022 06:17:15  BuildStamp: freesurfer-linux-ubuntu22_x86_64-7.3.2-20220804-6354275  User: oesteban  Machine: dna075  Platform: Linux  PlatformVersion: 5.14.0-427.37.1.el9_4.x86_64  CompilerName: GCC  CompilerVersion: 8.4.0
ProgramName: mri_surfcluster  ProgramArguments: mri_surfcluster -all-info  ProgramVersion: 7.3.2  TimeStamp: 2026/03/09-00:21:38-GMT  BuildTime: Aug  4 2022 06:17:15  BuildStamp: freesurfer-linux-ubuntu22_x86_64-7.3.2-20220804-6354275  User: oesteban  Machine: dna075  Platform: Linux  PlatformVersion: 5.14.0-427.37.1.el9_4.x86_64  CompilerName: GCC  CompilerVersion: 8.4.0
ProgramName: mris_volmask  ProgramArguments: mris_volmask -all-info  ProgramVersion: 7.3.2  TimeStamp: 2026/03/09-00:21:38-GMT  BuildTime: Aug  4 2022 06:17:15  BuildStamp: freesurfer-linux-ubuntu22_x86_64-7.3.2-20220804-6354275  User: oesteban  Machine: dna075  Platform: Linux  PlatformVersion: 5.14.0-427.37.1.el9_4.x86_64  CompilerName: GCC  CompilerVersion: 8.4.0
ProgramName: mri_tessellate  ProgramArguments: mri_tessellate -all-info  ProgramVersion: 7.3.2  TimeStamp: 2026/03/09-00:21:38-GMT  BuildTime: Aug  4 2022 06:17:15  BuildStamp: freesurfer-linux-ubuntu22_x86_64-7.3.2-20220804-6354275  User: oesteban  Machine: dna075  Platform: Linux  PlatformVersion: 5.14.0-427.37.1.el9_4.x86_64  CompilerName: GCC  CompilerVersion: 8.4.0
ProgramName: mri_vol2surf  ProgramArguments: mri_vol2surf -all-info  ProgramVersion: 7.3.2  TimeStamp: 2026/03/09-00:21:38-GMT  BuildTime: Aug  4 2022 06:17:15  BuildStamp: freesurfer-linux-ubuntu22_x86_64-7.3.2-20220804-6354275  User: oesteban  Machine: dna075  Platform: Linux  PlatformVersion: 5.14.0-427.37.1.el9_4.x86_64  CompilerName: GCC  CompilerVersion: 8.4.0
ProgramName: mri_vol2vol  ProgramArguments: mri_vol2vol -all-info  ProgramVersion: 7.3.2  TimeStamp: 2026/03/09-00:21:38-GMT  BuildTime: Aug  4 2022 06:17:15  BuildStamp: freesurfer-linux-ubuntu22_x86_64-7.3.2-20220804-6354275  User: oesteban  Machine: dna075  Platform: Linux  PlatformVersion: 5.14.0-427.37.1.el9_4.x86_64  CompilerName: GCC  CompilerVersion: 8.4.0
ProgramName: mri_voldiff  ProgramArguments: mri_voldiff -all-info  ProgramVersion: 7.3.2  TimeStamp: 2026/03/09-00:21:38-GMT  BuildTime: Aug  4 2022 06:17:15  BuildStamp: freesurfer-linux-ubuntu22_x86_64-7.3.2-20220804-6354275  User: oesteban  Machine: dna075  Platform: Linux  PlatformVersion: 5.14.0-427.37.1.el9_4.x86_64  CompilerName: GCC  CompilerVersion: 8.4.0
ProgramName: mri_watershed  ProgramArguments: mri_watershed -all-info  ProgramVersion: 7.3.2  TimeStamp: 2026/03/09-00:21:38-GMT  BuildTime: Aug  4 2022 06:17:15  BuildStamp: freesurfer-linux-ubuntu22_x86_64-7.3.2-20220804-6354275  User: oesteban  Machine: dna075  Platform: Linux  PlatformVersion: 5.14.0-427.37.1.el9_4.x86_64  CompilerName: GCC  CompilerVersion: 8.4.0
ProgramName: tkregister2  ProgramArguments: tkregister2_cmdl -all-info  ProgramVersion: 7.3.2  TimeStamp: 2026/03/09-00:21:38-GMT  BuildTime: Aug  4 2022 06:17:15  BuildStamp: freesurfer-linux-ubuntu22_x86_64-7.3.2-20220804-6354275  User: oesteban  Machine: dna075  Platform: Linux  PlatformVersion: 5.14.0-427.37.1.el9_4.x86_64  CompilerName: GCC  CompilerVersion: 8.4.0
mri_motion_correct.fsl 7.3.2
mri_convert -all-info 
ProgramName: mri_convert  ProgramArguments: mri_convert -all-info  ProgramVersion: 7.3.2  TimeStamp: 2026/03/09-00:21:38-GMT  BuildTime: Aug  4 2022 06:17:15  BuildStamp: freesurfer-linux-ubuntu22_x86_64-7.3.2-20220804-6354275  User: oesteban  Machine: dna075  Platform: Linux  PlatformVersion: 5.14.0-427.37.1.el9_4.x86_64  CompilerName: GCC  CompilerVersion: 8.4.0
Program nu_correct, built from:
Package MNI N3, version 1.12.0, compiled by nicks@terrier (x86_64-unknown-linux-gnu) on 2015-06-19 at 01:25:34
#######################################
GCADIR /opt/freesurfer/average
GCA RB_all_2020-01-02.gca
GCASkull RB_all_withskull_2020_01_02.gca
AvgCurvTif folding.atlas.acfb40.noaparc.i12.2016-08-02.tif
GCSDIR /opt/freesurfer/average
GCS DKaparc.atlas.acfb40.noaparc.i12.2016-08-02.gcs
#######################################
#--------------------------------------------
#@# WhiteSurfs lh Mon Mar  9 01:21:38 CET 2026
cd /out/sourcedata/freesurfer/sub-v1s16x0051181_ses-1/mri
mris_place_surface --adgws-in ../surf/autodet.gw.stats.lh.dat --seg aseg.presurf.mgz --threads 16 --wm wm.mgz --invol brain.finalsurfs.mgz --lh --i ../surf/lh.white.preaparc --o ../surf/lh.white --white --nsmooth 0 --rip-label ../label/lh.cortex.label --rip-bg --rip-surf ../surf/lh.white.preaparc --aparc ../label/lh.aparc.annot
   Update not needed
#--------------------------------------------
#@# WhiteSurfs rh Mon Mar  9 01:21:38 CET 2026
cd /out/sourcedata/freesurfer/sub-v1s16x0051181_ses-1/mri
mris_place_surface --adgws-in ../surf/autodet.gw.stats.rh.dat --seg aseg.presurf.mgz --threads 16 --wm wm.mgz --invol brain.finalsurfs.mgz --rh --i ../surf/rh.white.preaparc --o ../surf/rh.white --white --nsmooth 0 --rip-label ../label/rh.cortex.label --rip-bg --rip-surf ../surf/rh.white.preaparc --aparc ../label/rh.aparc.annot
   Update not needed
#@# white curv lh Mon Mar  9 01:21:38 CET 2026
cd /out/sourcedata/freesurfer/sub-v1s16x0051181_ses-1/mri
mris_place_surface --curv-map ../surf/lh.white 2 10 ../surf/lh.curv
   Update not needed
#@# white area lh Mon Mar  9 01:21:38 CET 2026
cd /out/sourcedata/freesurfer/sub-v1s16x0051181_ses-1/mri
mris_place_surface --area-map ../surf/lh.white ../surf/lh.area
   Update not needed
#@# pial curv lh Mon Mar  9 01:21:38 CET 2026
cd /out/sourcedata/freesurfer/sub-v1s16x0051181_ses-1/mri
mris_place_surface --curv-map ../surf/lh.pial 2 10 ../surf/lh.curv.pial
   Update not needed
#@# pial area lh Mon Mar  9 01:21:38 CET 2026
cd /out/sourcedata/freesurfer/sub-v1s16x0051181_ses-1/mri
mris_place_surface --area-map ../surf/lh.pial ../surf/lh.area.pial
   Update not needed
#@# thickness lh Mon Mar  9 01:21:38 CET 2026
cd /out/sourcedata/freesurfer/sub-v1s16x0051181_ses-1/mri
mris_place_surface --thickness ../surf/lh.white ../surf/lh.pial 20 5 ../surf/lh.thickness
   Update not needed
#@# area and vertex vol lh Mon Mar  9 01:21:38 CET 2026
cd /out/sourcedata/freesurfer/sub-v1s16x0051181_ses-1/mri
mris_place_surface --thickness ../surf/lh.white ../surf/lh.pial 20 5 ../surf/lh.thickness
   Update not needed
#@# white curv rh Mon Mar  9 01:21:38 CET 2026
cd /out/sourcedata/freesurfer/sub-v1s16x0051181_ses-1/mri
mris_place_surface --curv-map ../surf/rh.white 2 10 ../surf/rh.curv
   Update not needed
#@# white area rh Mon Mar  9 01:21:38 CET 2026
cd /out/sourcedata/freesurfer/sub-v1s16x0051181_ses-1/mri
mris_place_surface --area-map ../surf/rh.white ../surf/rh.area
   Update not needed
#@# pial curv rh Mon Mar  9 01:21:38 CET 2026
cd /out/sourcedata/freesurfer/sub-v1s16x0051181_ses-1/mri
mris_place_surface --curv-map ../surf/rh.pial 2 10 ../surf/rh.curv.pial
   Update not needed
#@# pial area rh Mon Mar  9 01:21:38 CET 2026
cd /out/sourcedata/freesurfer/sub-v1s16x0051181_ses-1/mri
mris_place_surface --area-map ../surf/rh.pial ../surf/rh.area.pial
   Update not needed
#@# thickness rh Mon Mar  9 01:21:38 CET 2026
cd /out/sourcedata/freesurfer/sub-v1s16x0051181_ses-1/mri
mris_place_surface --thickness ../surf/rh.white ../surf/rh.pial 20 5 ../surf/rh.thickness
   Update not needed
#@# area and vertex vol rh Mon Mar  9 01:21:39 CET 2026
cd /out/sourcedata/freesurfer/sub-v1s16x0051181_ses-1/mri
mris_place_surface --thickness ../surf/rh.white ../surf/rh.pial 20 5 ../surf/rh.thickness
   Update not needed

#-----------------------------------------
#@# Curvature Stats lh Mon Mar  9 01:21:39 CET 2026
/out/sourcedata/freesurfer/sub-v1s16x0051181_ses-1/surf

 mris_curvature_stats -m --writeCurvatureFiles -G -o ../stats/lh.curv.stats -F smoothwm sub-v1s16x0051181_ses-1 lh curv sulc 

             Toggling save flag on curvature files                       [ ok ]
                 Outputting results using filestem   [ ../stats/lh.curv.stats ]
             Toggling save flag on curvature files                       [ ok ]
                                   Setting surface [ sub-v1s16x0051181_ses-1/lh.smoothwm ]
                                Reading surface...                       [ ok ]
                                   Setting texture                     [ curv ]
                                Reading texture...                       [ ok ]
                                   Setting texture                     [ sulc ]
                                Reading texture...Gb_filter = 0
                       [ ok ]
      Calculating Discrete Principal Curvatures...
      Determining geometric order for vno faces... [####################] [ ok ]
                      Determining KH curvatures... [####################] [ ok ]
                    Determining k1k2 curvatures... [####################] [ ok ]
                                   deltaViolations                      [ 234 ]
Gb_filter = 0

WARN:    S lookup   min:                          -0.735906
WARN:    S explicit min:                          0.000000	vertex = 199

WARN:    C lookup   max:                          42.679016
WARN:    C explicit max:                          38.516575	vertex = 1413

#-----------------------------------------
#@# Curvature Stats rh Mon Mar  9 01:21:40 CET 2026
/out/sourcedata/freesurfer/sub-v1s16x0051181_ses-1/surf

 mris_curvature_stats -m --writeCurvatureFiles -G -o ../stats/rh.curv.stats -F smoothwm sub-v1s16x0051181_ses-1 rh curv sulc 

             Toggling save flag on curvature files                       [ ok ]
                 Outputting results using filestem   [ ../stats/rh.curv.stats ]
             Toggling save flag on curvature files                       [ ok ]
                                   Setting surface [ sub-v1s16x0051181_ses-1/rh.smoothwm ]
                                Reading surface...                       [ ok ]
                                   Setting texture                     [ curv ]
                                Reading texture...                       [ ok ]
                                   Setting texture                     [ sulc ]
                                Reading texture...Gb_filter = 0
                       [ ok ]
      Calculating Discrete Principal Curvatures...
      Determining geometric order for vno faces... [####################] [ ok ]
                      Determining KH curvatures... [####################] [ ok ]
                    Determining k1k2 curvatures... [####################] [ ok ]
                                   deltaViolations                      [ 253 ]
Gb_filter = 0

WARN:    S lookup   min:                          -0.199886
WARN:    S explicit min:                          0.000000	vertex = 6
#-----------------------------------------
#@# Relabel Hypointensities Mon Mar  9 01:21:42 CET 2026
/out/sourcedata/freesurfer/sub-v1s16x0051181_ses-1/mri

 mri_relabel_hypointensities aseg.presurf.mgz ../surf aseg.presurf.hypos.mgz 

reading input surface ../surf/lh.white...
relabeling lh hypointensities...
3976 voxels changed to hypointensity...
reading input surface ../surf/rh.white...
relabeling rh hypointensities...
4432 voxels changed to hypointensity...
8574 hypointense voxels neighboring cortex changed
#-----------------------------------------
#@# APas-to-ASeg Mon Mar  9 01:21:52 CET 2026
/out/sourcedata/freesurfer/sub-v1s16x0051181_ses-1/mri

 mri_surf2volseg --o aseg.mgz --i aseg.presurf.hypos.mgz --fix-presurf-with-ribbon /out/sourcedata/freesurfer/sub-v1s16x0051181_ses-1/mri/ribbon.mgz --threads 16 --lh-cortex-mask /out/sourcedata/freesurfer/sub-v1s16x0051181_ses-1/label/lh.cortex.label --lh-white /out/sourcedata/freesurfer/sub-v1s16x0051181_ses-1/surf/lh.white --lh-pial /out/sourcedata/freesurfer/sub-v1s16x0051181_ses-1/surf/lh.pial --rh-cortex-mask /out/sourcedata/freesurfer/sub-v1s16x0051181_ses-1/label/rh.cortex.label --rh-white /out/sourcedata/freesurfer/sub-v1s16x0051181_ses-1/surf/rh.white --rh-pial /out/sourcedata/freesurfer/sub-v1s16x0051181_ses-1/surf/rh.pial 

SUBJECTS_DIR /out/sourcedata/freesurfer
outvol aseg.mgz
16 avail.processors, using 16
Loading aseg.presurf.hypos.mgz
Loading /out/sourcedata/freesurfer/sub-v1s16x0051181_ses-1/mri/ribbon.mgz
Loading /out/sourcedata/freesurfer/sub-v1s16x0051181_ses-1/surf/lh.white
Loading /out/sourcedata/freesurfer/sub-v1s16x0051181_ses-1/surf/lh.pial
Loading /out/sourcedata/freesurfer/sub-v1s16x0051181_ses-1/label/lh.cortex.label
Loading /out/sourcedata/freesurfer/sub-v1s16x0051181_ses-1/surf/rh.white
Loading /out/sourcedata/freesurfer/sub-v1s16x0051181_ses-1/surf/rh.pial
Loading /out/sourcedata/freesurfer/sub-v1s16x0051181_ses-1/label/rh.cortex.label
Done loading
  0  32 160 112  64 176  48  16 128 208 224 240  96  80 144 192 241  17 225  33  49  65 209   1 242  34 226  18 210  50  66   2 243  35 227  19 
 51 211 244  67   3  36 228 245 212  52  20  68  37   4 229 161 246 193 213  53  21  38   5 230 247 177  69 214  54  22  39 
231 248   6 215  55  23  40 232 249   7 216  56 250  24 233  41  70   8 113 217 251  57 234  81  25 194  42 252 162   9 218 235  58  43  26 145  97 253  10 129 219 
236  59 
 44 254  27  11 220 237  71 178 255  28  12 221  45  60 238  29 222  13  46 163 239 
 61 195  30 223  14  47  62  31  15  63  72 179 
146 164  82 196  98 165 147 180 197  73 166  83 198  99 
130 181 148 114 167 199 
200 201 202 149 203  84 182 168 100 204  74 205 206 207 169 150 183 101 131  85 170  75 115 151 184 171 102 152  76  86 185 172 103 186 153 116  77 173 132 187  87 188 154 104 189 174  78 190  88 155 191 175 117 105 156  79 
 89 157 133 118 106 158 159 
 90 107 119 
108  91 120 109 121  92 110 122 134 111 123  93 124 125  94 126  95 127 135 136 137 138 139 
140 141 142 143 
nrelabeled = 201663
ndotcheck = 0
Starting Surf2VolSeg free
free done
#VMPC# mri_surf2volseg VmPeak  1932884
mri_surf2volseg done

 mri_brainvol_stats sub-v1s16x0051181_ses-1 

ComputeBrainVolumeStats2 VoxelVol=1, KeepCSF=1
  #CBVS2 MaskVol              1480151.0
  #CBVS2 BrainSegVol          1196814.0
  #CBVS2 BrainSegVolNotVent   1184645.0
  #CBVS2 SupraTentVol         1070819.0
  #CBVS2 SupraTentVolNotVent  1058650.0
  #CBVS2 lhCtxGM               294114.0
  #CBVS2 rhCtxGM               276202.5
  #CBVS2 lhCerebralWM          217787.5
  #CBVS2 rhCerebralWM          210814.5
  #CBVS2 SubCortGMVol           61421.0
  #CBVS2 CerebellumVol         125995.0
  #CBVS2 CerebellumGMVol        91451.0
  #CBVS2 VentChorVol             8621.0
  #CBVS2 3rd4th5thCSF            3548.0
  #CBVS2 AllCSF                 12169.0
  #CBVS2 CCVol                   3479.0
#-----------------------------------------
#@# AParc-to-ASeg aparc Mon Mar  9 01:21:58 CET 2026
/out/sourcedata/freesurfer/sub-v1s16x0051181_ses-1/mri

 mri_surf2volseg --o aparc+aseg.mgz --label-cortex --i aseg.mgz --threads 16 --lh-annot /out/sourcedata/freesurfer/sub-v1s16x0051181_ses-1/label/lh.aparc.annot 1000 --lh-cortex-mask /out/sourcedata/freesurfer/sub-v1s16x0051181_ses-1/label/lh.cortex.label --lh-white /out/sourcedata/freesurfer/sub-v1s16x0051181_ses-1/surf/lh.white --lh-pial /out/sourcedata/freesurfer/sub-v1s16x0051181_ses-1/surf/lh.pial --rh-annot /out/sourcedata/freesurfer/sub-v1s16x0051181_ses-1/label/rh.aparc.annot 2000 --rh-cortex-mask /out/sourcedata/freesurfer/sub-v1s16x0051181_ses-1/label/rh.cortex.label --rh-white /out/sourcedata/freesurfer/sub-v1s16x0051181_ses-1/surf/rh.white --rh-pial /out/sourcedata/freesurfer/sub-v1s16x0051181_ses-1/surf/rh.pial 

SUBJECTS_DIR /out/sourcedata/freesurfer
outvol aparc+aseg.mgz
16 avail.processors, using 16
Loading aseg.mgz
Loading /out/sourcedata/freesurfer/sub-v1s16x0051181_ses-1/surf/lh.white
Loading /out/sourcedata/freesurfer/sub-v1s16x0051181_ses-1/surf/lh.pial
Loading /out/sourcedata/freesurfer/sub-v1s16x0051181_ses-1/label/lh.cortex.label
Ripping lh vertices labeled not in lh.cortex.label
  ripped 7665 vertices from lh hemi
Loading /out/sourcedata/freesurfer/sub-v1s16x0051181_ses-1/label/lh.aparc.annot
Loading /out/sourcedata/freesurfer/sub-v1s16x0051181_ses-1/surf/rh.white
Loading /out/sourcedata/freesurfer/sub-v1s16x0051181_ses-1/surf/rh.pial
Loading /out/sourcedata/freesurfer/sub-v1s16x0051181_ses-1/label/rh.cortex.label
Ripping rh vertices labeled not in rh.cortex.label
  ripped 7710 vertices from rh hemi
Loading /out/sourcedata/freesurfer/sub-v1s16x0051181_ses-1/label/rh.aparc.annot
Done loading
 96 160  16 144 128 192  48 112  64 224 176  32   0  80 208 240  65  33  17   1 209 241 225  49  34  18  66   2 210 242  50 226  35  67  19 
  3 211  36 243  51 227  68  20   4  37 212  52 244 228  21  69  38   5 213  53 245  22 229  39 
 54   6 246 214  23 230  40  55 247   7  24 215 231  41  56 248  25   8 216 232  42  57  26 249   9  70 217 233  43  58  27 250  10 218  44 234  59 
 28 251  11  45  60 219 
235  29 252  46  12  61 220 236  30 253  47  13  62 221 237  31 254  63  14 222 238 255  15 223 239 
 71  72  73 193  74  81 194  75 195  76 196  82 197  77 113  97 198 199 
200 201 202 203 204 205 206 207  78 145  83  79 
177  84 161 114  98 129  85  86 146 115  99 
178  87 162  88 116 100 130 179 
147  89 117 101  90 163 180 148 102 118  91 131 181 149 103  92 119 
164 104 182 150  93 132 120 165 151 105 183  94 121 133 152 184 106  95 185 166 122 153 134 107 186 187 154 123 135 188 108 189 167 190 136 155 191 124 109 137 156 168 110 125 138 157 111 126 169 158 139 
127 159 
170 140 171 172 141 173 142 174 143 175 
nrelabeled = 568600
ndotcheck = 46678
Starting Surf2VolSeg free
free done
#VMPC# mri_surf2volseg VmPeak  1917080
mri_surf2volseg done
#-----------------------------------------
#@# AParc-to-ASeg aparc.a2009s Mon Mar  9 01:22:23 CET 2026
/out/sourcedata/freesurfer/sub-v1s16x0051181_ses-1/mri

 mri_surf2volseg --o aparc.a2009s+aseg.mgz --label-cortex --i aseg.mgz --threads 16 --lh-annot /out/sourcedata/freesurfer/sub-v1s16x0051181_ses-1/label/lh.aparc.a2009s.annot 11100 --lh-cortex-mask /out/sourcedata/freesurfer/sub-v1s16x0051181_ses-1/label/lh.cortex.label --lh-white /out/sourcedata/freesurfer/sub-v1s16x0051181_ses-1/surf/lh.white --lh-pial /out/sourcedata/freesurfer/sub-v1s16x0051181_ses-1/surf/lh.pial --rh-annot /out/sourcedata/freesurfer/sub-v1s16x0051181_ses-1/label/rh.aparc.a2009s.annot 12100 --rh-cortex-mask /out/sourcedata/freesurfer/sub-v1s16x0051181_ses-1/label/rh.cortex.label --rh-white /out/sourcedata/freesurfer/sub-v1s16x0051181_ses-1/surf/rh.white --rh-pial /out/sourcedata/freesurfer/sub-v1s16x0051181_ses-1/surf/rh.pial 

SUBJECTS_DIR /out/sourcedata/freesurfer
outvol aparc.a2009s+aseg.mgz
16 avail.processors, using 16
Loading aseg.mgz
Loading /out/sourcedata/freesurfer/sub-v1s16x0051181_ses-1/surf/lh.white
Loading /out/sourcedata/freesurfer/sub-v1s16x0051181_ses-1/surf/lh.pial
Loading /out/sourcedata/freesurfer/sub-v1s16x0051181_ses-1/label/lh.cortex.label
Ripping lh vertices labeled not in lh.cortex.label
  ripped 7665 vertices from lh hemi
Loading /out/sourcedata/freesurfer/sub-v1s16x0051181_ses-1/label/lh.aparc.a2009s.annot
Loading /out/sourcedata/freesurfer/sub-v1s16x0051181_ses-1/surf/rh.white
Loading /out/sourcedata/freesurfer/sub-v1s16x0051181_ses-1/surf/rh.pial
Loading /out/sourcedata/freesurfer/sub-v1s16x0051181_ses-1/label/rh.cortex.label
Ripping rh vertices labeled not in rh.cortex.label
  ripped 7710 vertices from rh hemi
Loading /out/sourcedata/freesurfer/sub-v1s16x0051181_ses-1/label/rh.aparc.a2009s.annot
Done loading
 32 128  48 240  96   0  64 224 160  80 176 192 144  16 112 208 225 209  17  65   1  49  33 241 226 210  18   2  50  66  34 242 227 211  19 
  3  51  67  35 243 228 212  20   4  52  68 229  36 244 213  21   5  53 230 214 245  37  22  69   6  54 231 215  38 246  23   7 232  55 216  39 
247  24 233   8 217  56  25 248  40 234   9 218  57  26 249 235  41 219 
 10  58  27 250 236 220  42  11  59 
 28  70 237 251 221  43  12  60  29 222  44 238 252  13  61  30 223 239 
 45  14 253  62  31 254  15  63  46 255  47  71  72 193  73  81  74 194  75  82 195 196  76 197 198 199 
200 201 202 203 204 205 206 207  97  83  77 113 145  84  78 161 177  85  79 
129  98  86 114  87 146  88 162 178  99 
115  89  90 130 100 147 179 
163 116  91 101  92 148 117 180 164  93 131 102 149 118 181  94 165 103  95 150 119 
182 132 166 104 151 183 120 133 105 152 184 167 185 121 134 106 186 153 187 168 188 135 122 189 107 154 190 136 191 169 108 123 155 137 170 109 124 156 138 171 110 125 157 139 
172 111 126 158 173 140 159 
127 174 141 175 142 143 
nrelabeled = 568600
ndotcheck = 46678
Starting Surf2VolSeg free
free done
#VMPC# mri_surf2volseg VmPeak  1917152
mri_surf2volseg done
#-----------------------------------------
#@# AParc-to-ASeg aparc.DKTatlas Mon Mar  9 01:22:49 CET 2026
/out/sourcedata/freesurfer/sub-v1s16x0051181_ses-1/mri

 mri_surf2volseg --o aparc.DKTatlas+aseg.mgz --label-cortex --i aseg.mgz --threads 16 --lh-annot /out/sourcedata/freesurfer/sub-v1s16x0051181_ses-1/label/lh.aparc.DKTatlas.annot 1000 --lh-cortex-mask /out/sourcedata/freesurfer/sub-v1s16x0051181_ses-1/label/lh.cortex.label --lh-white /out/sourcedata/freesurfer/sub-v1s16x0051181_ses-1/surf/lh.white --lh-pial /out/sourcedata/freesurfer/sub-v1s16x0051181_ses-1/surf/lh.pial --rh-annot /out/sourcedata/freesurfer/sub-v1s16x0051181_ses-1/label/rh.aparc.DKTatlas.annot 2000 --rh-cortex-mask /out/sourcedata/freesurfer/sub-v1s16x0051181_ses-1/label/rh.cortex.label --rh-white /out/sourcedata/freesurfer/sub-v1s16x0051181_ses-1/surf/rh.white --rh-pial /out/sourcedata/freesurfer/sub-v1s16x0051181_ses-1/surf/rh.pial 

SUBJECTS_DIR /out/sourcedata/freesurfer
outvol aparc.DKTatlas+aseg.mgz
16 avail.processors, using 16
Loading aseg.mgz
Loading /out/sourcedata/freesurfer/sub-v1s16x0051181_ses-1/surf/lh.white
Loading /out/sourcedata/freesurfer/sub-v1s16x0051181_ses-1/surf/lh.pial
Loading /out/sourcedata/freesurfer/sub-v1s16x0051181_ses-1/label/lh.cortex.label
Ripping lh vertices labeled not in lh.cortex.label
  ripped 7665 vertices from lh hemi
Loading /out/sourcedata/freesurfer/sub-v1s16x0051181_ses-1/label/lh.aparc.DKTatlas.annot
Loading /out/sourcedata/freesurfer/sub-v1s16x0051181_ses-1/surf/rh.white
Loading /out/sourcedata/freesurfer/sub-v1s16x0051181_ses-1/surf/rh.pial
Loading /out/sourcedata/freesurfer/sub-v1s16x0051181_ses-1/label/rh.cortex.label
Ripping rh vertices labeled not in rh.cortex.label
  ripped 7710 vertices from rh hemi
Loading /out/sourcedata/freesurfer/sub-v1s16x0051181_ses-1/label/rh.aparc.DKTatlas.annot
Done loading
  0 128 176  32 240  16 160  96  80 208 144 192  64 112  48 224 209  49   1 225  17 241  65  33 210  50   2 226  18 242  66 211  34  51   3 227  19 
243 212  52  67  35   4 228  53  20 213 244   5  68  36 229  54 214  21 245   6 230  37  55  69 215   7 246 231  22  38  56 216   8 232 247  23  57  39 
217   9 233  58 248  24 218  40  10 234  59 
249 219 
 25  11  41  60 235 220 250  12  26  61 236  42  70 221 251 237  62 222  13  27  43  63 238 252 223  14  28  44 239 
253  15  29  45 254  30  46 255  31  47  71  72  73 193  74  81 194  75 195  76 196 197  97  77  82 198 199 
200 201 202 203 204 205 206 207 113  78 177  83 145  79 
161  84  98 129 114  85 178  86  99 
146 115  87 162 179 
 88 130 100 116 147  89 101 180 163 117  90 148 131 102 181  91 118 164 149 103  92 182 119 
132 104 150  93 183 165 133 120 105 151 184  94 185 166 152 121 106 186 134  95 187 153 167 188 122 107 135 189 190 191 154 136 168 123 108 137 155 169 124 109 170 156 110 138 125 171 111 157 172 126 139 
173 158 127 174 140 159 
175 141 142 143 
nrelabeled = 568600
ndotcheck = 46678
Starting Surf2VolSeg free
free done
#VMPC# mri_surf2volseg VmPeak  1917068
mri_surf2volseg done
#-----------------------------------------
#@# WMParc Mon Mar  9 01:23:15 CET 2026
/out/sourcedata/freesurfer/sub-v1s16x0051181_ses-1/mri

 mri_surf2volseg --o wmparc.mgz --label-wm --i aparc+aseg.mgz --threads 16 --lh-annot /out/sourcedata/freesurfer/sub-v1s16x0051181_ses-1/label/lh.aparc.annot 3000 --lh-cortex-mask /out/sourcedata/freesurfer/sub-v1s16x0051181_ses-1/label/lh.cortex.label --lh-white /out/sourcedata/freesurfer/sub-v1s16x0051181_ses-1/surf/lh.white --lh-pial /out/sourcedata/freesurfer/sub-v1s16x0051181_ses-1/surf/lh.pial --rh-annot /out/sourcedata/freesurfer/sub-v1s16x0051181_ses-1/label/rh.aparc.annot 4000 --rh-cortex-mask /out/sourcedata/freesurfer/sub-v1s16x0051181_ses-1/label/rh.cortex.label --rh-white /out/sourcedata/freesurfer/sub-v1s16x0051181_ses-1/surf/rh.white --rh-pial /out/sourcedata/freesurfer/sub-v1s16x0051181_ses-1/surf/rh.pial 

SUBJECTS_DIR /out/sourcedata/freesurfer
outvol wmparc.mgz
16 avail.processors, using 16
Loading aparc+aseg.mgz
Loading /out/sourcedata/freesurfer/sub-v1s16x0051181_ses-1/surf/lh.white
Loading /out/sourcedata/freesurfer/sub-v1s16x0051181_ses-1/surf/lh.pial
Loading /out/sourcedata/freesurfer/sub-v1s16x0051181_ses-1/label/lh.cortex.label
Ripping lh vertices labeled not in lh.cortex.label
  ripped 7665 vertices from lh hemi
Loading /out/sourcedata/freesurfer/sub-v1s16x0051181_ses-1/label/lh.aparc.annot
Loading /out/sourcedata/freesurfer/sub-v1s16x0051181_ses-1/surf/rh.white
Loading /out/sourcedata/freesurfer/sub-v1s16x0051181_ses-1/surf/rh.pial
Loading /out/sourcedata/freesurfer/sub-v1s16x0051181_ses-1/label/rh.cortex.label
Ripping rh vertices labeled not in rh.cortex.label
  ripped 7710 vertices from rh hemi
Loading /out/sourcedata/freesurfer/sub-v1s16x0051181_ses-1/label/rh.aparc.annot
Done loading
160 112  32   0  96  64  16 240 224 176 128 192  48 208  80 144  33 225   1  17  65  49 209 241  34 226  18  66   2 210  50 242  35 227  19 
 67   3  51 243 211  36 228  68  20  52  37 244 212   4 229  69  38  21 230 245  53 213   5  70  39 
231  22  54 246 214   6  40 232  71  23  55 247 215   7  41 233  72  24  56 248  42 216 234   8  25  43 249  57 235 217   9  26  44 236  58 250 218  10  45 237  27  73  59 
251  46 219 
238  11  28  60  47 239 
252 193 220  12  29  61 253 221  13  30  62 254 222  14  31  63 255  74 223  15 194  75  81 195  76 196 197 198 199 
200 201 202 203 204 205 206 207  77  82  78  79 
 83 177  97 129  84 161 145  85 178 130 113  86  98  87 131 179 
162 132  88 133 146 180  99 
 89 134 135 163 114 181 136  90 100 137 182 147  91 138 164 183 139 
 92 101 184 115 185 165  93 140 186 148 102 187 188  94 189 141 190 191 166 116 103  95 149 142 167 104 117 168 150 105 143 169 106 118 151 170 107 171 152 119 
108 172 109 120 173 153 174 121 110 175 154 122 111 123 155 124 125 156 126 157 127 158 159 

nrelabeled = 425123
ndotcheck = 4345
Starting Surf2VolSeg free
free done
#VMPC# mri_surf2volseg VmPeak  1917080
mri_surf2volseg done

 mri_segstats --seed 1234 --seg mri/wmparc.mgz --sum stats/wmparc.stats --pv mri/norm.mgz --excludeid 0 --brainmask mri/brainmask.mgz --in mri/norm.mgz --in-intensity-name norm --in-intensity-units MR --subject sub-v1s16x0051181_ses-1 --surf-wm-vol --ctab /opt/freesurfer/WMParcStatsLUT.txt --etiv 

setting seed for random number genererator to 1234

7.3.2
cwd 
cmdline mri_segstats --seed 1234 --seg mri/wmparc.mgz --sum stats/wmparc.stats --pv mri/norm.mgz --excludeid 0 --brainmask mri/brainmask.mgz --in mri/norm.mgz --in-intensity-name norm --in-intensity-units MR --subject sub-v1s16x0051181_ses-1 --surf-wm-vol --ctab /opt/freesurfer/WMParcStatsLUT.txt --etiv 
sysname  Linux
hostname dna075
machine  x86_64
user     oesteban
whitesurfname  white
UseRobust  0
atlas_icv (eTIV) = 1343972 mm^3    (det: 1.449513 )
Loading mri/wmparc.mgz
Getting Brain Volume Statistics
Loading mri/norm.mgz
Loading mri/norm.mgz
Voxel Volume is 1 mm^3
Generating list of segmentation ids
Found 390 segmentations
Computing statistics for each segmentation

Reporting on  70 segmentations
Using PrintSegStat
mri_segstats done
#--------------------------------------------
#@# ASeg Stats Mon Mar  9 01:24:55 CET 2026
/out/sourcedata/freesurfer/sub-v1s16x0051181_ses-1

 mri_segstats --seed 1234 --seg mri/aseg.mgz --sum stats/aseg.stats --pv mri/norm.mgz --empty --brainmask mri/brainmask.mgz --brain-vol-from-seg --excludeid 0 --excl-ctxgmwm --supratent --subcortgray --in mri/norm.mgz --in-intensity-name norm --in-intensity-units MR --etiv --surf-wm-vol --surf-ctx-vol --totalgray --euler --ctab /opt/freesurfer/ASegStatsLUT.txt --subject sub-v1s16x0051181_ses-1 

setting seed for random number genererator to 1234

7.3.2
cwd 
cmdline mri_segstats --seed 1234 --seg mri/aseg.mgz --sum stats/aseg.stats --pv mri/norm.mgz --empty --brainmask mri/brainmask.mgz --brain-vol-from-seg --excludeid 0 --excl-ctxgmwm --supratent --subcortgray --in mri/norm.mgz --in-intensity-name norm --in-intensity-units MR --etiv --surf-wm-vol --surf-ctx-vol --totalgray --euler --ctab /opt/freesurfer/ASegStatsLUT.txt --subject sub-v1s16x0051181_ses-1 
sysname  Linux
hostname dna075
machine  x86_64
user     oesteban
whitesurfname  white
UseRobust  0
atlas_icv (eTIV) = 1343972 mm^3    (det: 1.449513 )
Computing euler number
orig.nofix lheno =  -70, rheno = -50
orig.nofix lhholes =   36, rhholes = 26
Loading mri/aseg.mgz
Getting Brain Volume Statistics
Loading mri/norm.mgz
Loading mri/norm.mgz
Voxel Volume is 1 mm^3
Generating list of segmentation ids
Found  50 segmentations
Computing statistics for each segmentation

Reporting on  45 segmentations
Using PrintSegStat
mri_segstats done

Started at Mon Mar 9 01:21:38 CET 2026 
Ended   at Mon Mar 9 01:25:11 CET 2026
#@#%# recon-all-run-time-hours 0.059
recon-all -s sub-v1s16x0051181_ses-1 finished without error at Mon Mar  9 01:25:11 CET 2026
