
Thu Mar 12 11:38:52 CET 2026
cd /out/sourcedata/freesurfer/sub-v1s16x0051160_ses-1
setenv SUBJECTS_DIR /out/sourcedata/freesurfer
/opt/freesurfer/bin/recon-all -autorecon1 -i /work/fmriprep_25_2_wf/sub_v1s16x0051160_ses_1_wf/anat_fit_wf/anat_validate/sub-v1s16x0051160_ses-1_T1w_noise_corrected_ras_valid.nii.gz -noskullstrip -noT2pial -noFLAIRpial -openmp 16 -subjid sub-v1s16x0051160_ses-1 -sd /out/sourcedata/freesurfer

subjid sub-v1s16x0051160_ses-1
setenv SUBJECTS_DIR /out/sourcedata/freesurfer
FREESURFER_HOME /opt/freesurfer
Actual FREESURFER_HOME /opt/freesurfer
build-stamp.txt: freesurfer-linux-ubuntu22_x86_64-7.3.2-20220804-6354275
Linux dna010 5.14.0-427.37.1.el9_4.x86_64 #1 SMP PREEMPT_DYNAMIC Fri Sep 13 12:41:50 EDT 2024 x86_64 x86_64 x86_64 GNU/Linux
cputime      unlimited
filesize     unlimited
datasize     unlimited
stacksize    8192 kbytes
coredumpsize 0 kbytes
memoryuse    67108864 kbytes
vmemoryuse   unlimited
descriptors  1024 
memorylocked unlimited
maxproc      2061970 
maxlocks     unlimited
maxsignal    2061970 
maxmessage   819200 
maxnice      0 
maxrtprio    0 
maxrttime    unlimited

               total        used        free      shared  buff/cache   available
Mem:           503Gi        46Gi       400Gi       9.5Gi        56Gi       444Gi
Swap:             0B          0B          0B

########################################
program versions used
7.3.2 (freesurfer-linux-ubuntu22_x86_64-7.3.2-20220804-6354275)
7.3.2

ProgramName: lta_convert  ProgramArguments: lta_convert -all-info  ProgramVersion: 7.3.2  TimeStamp: 2026/03/12-10:38:52-GMT  BuildTime: Aug  4 2022 06:17:15  BuildStamp: freesurfer-linux-ubuntu22_x86_64-7.3.2-20220804-6354275  User: oesteban  Machine: dna010  Platform: Linux  PlatformVersion: 5.14.0-427.37.1.el9_4.x86_64  CompilerName: GCC  CompilerVersion: 8.4.0
ProgramName: mri_and  ProgramArguments: mri_and -all-info  ProgramVersion: 7.3.2  TimeStamp: 2026/03/12-10:38:52-GMT  BuildTime: Aug  4 2022 06:17:15  BuildStamp: freesurfer-linux-ubuntu22_x86_64-7.3.2-20220804-6354275  User: oesteban  Machine: dna010  Platform: Linux  PlatformVersion: 5.14.0-427.37.1.el9_4.x86_64  CompilerName: GCC  CompilerVersion: 8.4.0
ProgramName: mri_annotation2label  ProgramArguments: mri_annotation2label -all-info  ProgramVersion: 7.3.2  TimeStamp: 2026/03/12-10:38:52-GMT  BuildTime: Aug  4 2022 06:17:15  BuildStamp: freesurfer-linux-ubuntu22_x86_64-7.3.2-20220804-6354275  User: oesteban  Machine: dna010  Platform: Linux  PlatformVersion: 5.14.0-427.37.1.el9_4.x86_64  CompilerName: GCC  CompilerVersion: 8.4.0
ProgramName: mri_aparc2aseg  ProgramArguments: mri_aparc2aseg -all-info  ProgramVersion: 7.3.2  TimeStamp: 2026/03/12-10:38:52-GMT  BuildTime: Aug  4 2022 06:17:15  BuildStamp: freesurfer-linux-ubuntu22_x86_64-7.3.2-20220804-6354275  User: oesteban  Machine: dna010  Platform: Linux  PlatformVersion: 5.14.0-427.37.1.el9_4.x86_64  CompilerName: GCC  CompilerVersion: 8.4.0
ProgramName: mri_surf2volseg  ProgramArguments: mri_surf2volseg -all-info  ProgramVersion: 7.3.2  TimeStamp: 2026/03/12-10:38:52-GMT  BuildTime: Aug  4 2022 06:17:15  BuildStamp: freesurfer-linux-ubuntu22_x86_64-7.3.2-20220804-6354275  User: oesteban  Machine: dna010  Platform: Linux  PlatformVersion: 5.14.0-427.37.1.el9_4.x86_64  CompilerName: GCC  CompilerVersion: 8.4.0
ProgramName: mri_binarize  ProgramArguments: mri_binarize -all-info  ProgramVersion: 7.3.2  TimeStamp: 2026/03/12-10:38:52-GMT  BuildTime: Aug  4 2022 06:17:15  BuildStamp: freesurfer-linux-ubuntu22_x86_64-7.3.2-20220804-6354275  User: oesteban  Machine: dna010  Platform: Linux  PlatformVersion: 5.14.0-427.37.1.el9_4.x86_64  CompilerName: GCC  CompilerVersion: 8.4.0
ProgramName: mri_ca_label  ProgramArguments: mri_ca_label -all-info  ProgramVersion: 7.3.2  TimeStamp: 2026/03/12-10:38:52-GMT  BuildTime: Aug  4 2022 06:17:15  BuildStamp: freesurfer-linux-ubuntu22_x86_64-7.3.2-20220804-6354275  User: oesteban  Machine: dna010  Platform: Linux  PlatformVersion: 5.14.0-427.37.1.el9_4.x86_64  CompilerName: GCC  CompilerVersion: 8.4.0
ProgramName: mri_ca_normalize  ProgramArguments: mri_ca_normalize -all-info  ProgramVersion: 7.3.2  TimeStamp: 2026/03/12-10:38:52-GMT  BuildTime: Aug  4 2022 06:17:15  BuildStamp: freesurfer-linux-ubuntu22_x86_64-7.3.2-20220804-6354275  User: oesteban  Machine: dna010  Platform: Linux  PlatformVersion: 5.14.0-427.37.1.el9_4.x86_64  CompilerName: GCC  CompilerVersion: 8.4.0
ProgramName: mri_ca_register  ProgramArguments: mri_ca_register -all-info  ProgramVersion: 7.3.2  TimeStamp: 2026/03/12-10:38:52-GMT  BuildTime: Aug  4 2022 06:17:15  BuildStamp: freesurfer-linux-ubuntu22_x86_64-7.3.2-20220804-6354275  User: oesteban  Machine: dna010  Platform: Linux  PlatformVersion: 5.14.0-427.37.1.el9_4.x86_64  CompilerName: GCC  CompilerVersion: 8.4.0
ProgramName: mri_cc  ProgramArguments: mri_cc -all-info  ProgramVersion: 7.3.2  TimeStamp: 2026/03/12-10:38:52-GMT  BuildTime: Aug  4 2022 06:17:15  BuildStamp: freesurfer-linux-ubuntu22_x86_64-7.3.2-20220804-6354275  User: oesteban  Machine: dna010  Platform: Linux  PlatformVersion: 5.14.0-427.37.1.el9_4.x86_64  CompilerName: GCC  CompilerVersion: 8.4.0
ProgramName: mri_compute_overlap  ProgramArguments: mri_compute_overlap -all-info  ProgramVersion: 7.3.2  TimeStamp: 2026/03/12-10:38:52-GMT  BuildTime: Aug  4 2022 06:17:15  BuildStamp: freesurfer-linux-ubuntu22_x86_64-7.3.2-20220804-6354275  User: oesteban  Machine: dna010  Platform: Linux  PlatformVersion: 5.14.0-427.37.1.el9_4.x86_64  CompilerName: GCC  CompilerVersion: 8.4.0
ProgramName: mri_compute_seg_overlap  ProgramArguments: mri_compute_seg_overlap -all-info  ProgramVersion: 7.3.2  TimeStamp: 2026/03/12-10:38:52-GMT  BuildTime: Aug  4 2022 06:17:15  BuildStamp: freesurfer-linux-ubuntu22_x86_64-7.3.2-20220804-6354275  User: oesteban  Machine: dna010  Platform: Linux  PlatformVersion: 5.14.0-427.37.1.el9_4.x86_64  CompilerName: GCC  CompilerVersion: 8.4.0
ProgramName: mri_concat  ProgramArguments: mri_concat -all-info  ProgramVersion: 7.3.2  TimeStamp: 2026/03/12-10:38:52-GMT  BuildTime: Aug  4 2022 06:17:15  BuildStamp: freesurfer-linux-ubuntu22_x86_64-7.3.2-20220804-6354275  User: oesteban  Machine: dna010  Platform: Linux  PlatformVersion: 5.14.0-427.37.1.el9_4.x86_64  CompilerName: GCC  CompilerVersion: 8.4.0
ProgramName: mri_concatenate_lta  ProgramArguments: mri_concatenate_lta -all-info  ProgramVersion: 7.3.2  TimeStamp: 2026/03/12-10:38:52-GMT  BuildTime: Aug  4 2022 06:17:15  BuildStamp: freesurfer-linux-ubuntu22_x86_64-7.3.2-20220804-6354275  User: oesteban  Machine: dna010  Platform: Linux  PlatformVersion: 5.14.0-427.37.1.el9_4.x86_64  CompilerName: GCC  CompilerVersion: 8.4.0
mri_convert -all-info 
ProgramName: mri_convert  ProgramArguments: mri_convert -all-info  ProgramVersion: 7.3.2  TimeStamp: 2026/03/12-10:38:52-GMT  BuildTime: Aug  4 2022 06:17:15  BuildStamp: freesurfer-linux-ubuntu22_x86_64-7.3.2-20220804-6354275  User: oesteban  Machine: dna010  Platform: Linux  PlatformVersion: 5.14.0-427.37.1.el9_4.x86_64  CompilerName: GCC  CompilerVersion: 8.4.0
ProgramName: mri_diff  ProgramArguments: mri_diff -all-info  ProgramVersion: 7.3.2  TimeStamp: 2026/03/12-10:38:53-GMT  BuildTime: Aug  4 2022 06:17:15  BuildStamp: freesurfer-linux-ubuntu22_x86_64-7.3.2-20220804-6354275  User: oesteban  Machine: dna010  Platform: Linux  PlatformVersion: 5.14.0-427.37.1.el9_4.x86_64  CompilerName: GCC  CompilerVersion: 8.4.0
ProgramName: mri_edit_wm_with_aseg  ProgramArguments: mri_edit_wm_with_aseg -all-info  ProgramVersion: 7.3.2  TimeStamp: 2026/03/12-10:38:53-GMT  BuildTime: Aug  4 2022 06:17:15  BuildStamp: freesurfer-linux-ubuntu22_x86_64-7.3.2-20220804-6354275  User: oesteban  Machine: dna010  Platform: Linux  PlatformVersion: 5.14.0-427.37.1.el9_4.x86_64  CompilerName: GCC  CompilerVersion: 8.4.0
ProgramName: mri_em_register  ProgramArguments: mri_em_register -all-info  ProgramVersion: 7.3.2  TimeStamp: 2026/03/12-10:38:53-GMT  BuildTime: Aug  4 2022 06:17:15  BuildStamp: freesurfer-linux-ubuntu22_x86_64-7.3.2-20220804-6354275  User: oesteban  Machine: dna010  Platform: Linux  PlatformVersion: 5.14.0-427.37.1.el9_4.x86_64  CompilerName: GCC  CompilerVersion: 8.4.0
ProgramName: mri_fill  ProgramArguments: mri_fill -all-info  ProgramVersion: 7.3.2  TimeStamp: 2026/03/12-10:38:53-GMT  BuildTime: Aug  4 2022 06:17:15  BuildStamp: freesurfer-linux-ubuntu22_x86_64-7.3.2-20220804-6354275  User: oesteban  Machine: dna010  Platform: Linux  PlatformVersion: 5.14.0-427.37.1.el9_4.x86_64  CompilerName: GCC  CompilerVersion: 8.4.0
ProgramName: mri_fuse_segmentations  ProgramArguments: mri_fuse_segmentations -all-info  ProgramVersion: 7.3.2  TimeStamp: 2026/03/12-10:38:53-GMT  BuildTime: Aug  4 2022 06:17:15  BuildStamp: freesurfer-linux-ubuntu22_x86_64-7.3.2-20220804-6354275  User: oesteban  Machine: dna010  Platform: Linux  PlatformVersion: 5.14.0-427.37.1.el9_4.x86_64  CompilerName: GCC  CompilerVersion: 8.4.0
ProgramName: mri_fwhm  ProgramArguments: mri_fwhm -all-info  ProgramVersion: 7.3.2  TimeStamp: 2026/03/12-10:38:53-GMT  BuildTime: Aug  4 2022 06:17:15  BuildStamp: freesurfer-linux-ubuntu22_x86_64-7.3.2-20220804-6354275  User: oesteban  Machine: dna010  Platform: Linux  PlatformVersion: 5.14.0-427.37.1.el9_4.x86_64  CompilerName: GCC  CompilerVersion: 8.4.0
ProgramName: mri_gcut  ProgramArguments: mri_gcut -all-info  ProgramVersion: 7.3.2  TimeStamp: 2026/03/12-10:38:53-GMT  BuildTime: Aug  4 2022 06:17:15  BuildStamp: freesurfer-linux-ubuntu22_x86_64-7.3.2-20220804-6354275  User: oesteban  Machine: dna010  Platform: Linux  PlatformVersion: 5.14.0-427.37.1.el9_4.x86_64  CompilerName: GCC  CompilerVersion: 8.4.0
ProgramName: mri_info  ProgramArguments: mri_info -all-info  ProgramVersion: 7.3.2  TimeStamp: 2026/03/12-10:38:53-GMT  BuildTime: Aug  4 2022 06:17:15  BuildStamp: freesurfer-linux-ubuntu22_x86_64-7.3.2-20220804-6354275  User: oesteban  Machine: dna010  Platform: Linux  PlatformVersion: 5.14.0-427.37.1.el9_4.x86_64  CompilerName: GCC  CompilerVersion: 8.4.0
ProgramName: mri_label2label  ProgramArguments: mri_label2label -all-info  ProgramVersion: 7.3.2  TimeStamp: 2026/03/12-10:38:53-GMT  BuildTime: Aug  4 2022 06:17:15  BuildStamp: freesurfer-linux-ubuntu22_x86_64-7.3.2-20220804-6354275  User: oesteban  Machine: dna010  Platform: Linux  PlatformVersion: 5.14.0-427.37.1.el9_4.x86_64  CompilerName: GCC  CompilerVersion: 8.4.0
ProgramName: mri_label2vol  ProgramArguments: mri_label2vol -all-info  ProgramVersion: 7.3.2  TimeStamp: 2026/03/12-10:38:53-GMT  BuildTime: Aug  4 2022 06:17:15  BuildStamp: freesurfer-linux-ubuntu22_x86_64-7.3.2-20220804-6354275  User: oesteban  Machine: dna010  Platform: Linux  PlatformVersion: 5.14.0-427.37.1.el9_4.x86_64  CompilerName: GCC  CompilerVersion: 8.4.0
ProgramName: mri_log_likelihood  ProgramArguments: mri_log_likelihood -all-info  ProgramVersion: 7.3.2  TimeStamp: 2026/03/12-10:38:53-GMT  BuildTime: Aug  4 2022 06:17:15  BuildStamp: freesurfer-linux-ubuntu22_x86_64-7.3.2-20220804-6354275  User: oesteban  Machine: dna010  Platform: Linux  PlatformVersion: 5.14.0-427.37.1.el9_4.x86_64  CompilerName: GCC  CompilerVersion: 8.4.0
ProgramName: mri_mask  ProgramArguments: mri_mask -all-info  ProgramVersion: 7.3.2  TimeStamp: 2026/03/12-10:38:53-GMT  BuildTime: Aug  4 2022 06:17:15  BuildStamp: freesurfer-linux-ubuntu22_x86_64-7.3.2-20220804-6354275  User: oesteban  Machine: dna010  Platform: Linux  PlatformVersion: 5.14.0-427.37.1.el9_4.x86_64  CompilerName: GCC  CompilerVersion: 8.4.0
ProgramName: mri_matrix_multiply  ProgramArguments: mri_matrix_multiply -all-info  ProgramVersion: 7.3.2  TimeStamp: 2026/03/12-10:38:53-GMT  BuildTime: Aug  4 2022 06:17:15  BuildStamp: freesurfer-linux-ubuntu22_x86_64-7.3.2-20220804-6354275  User: oesteban  Machine: dna010  Platform: Linux  PlatformVersion: 5.14.0-427.37.1.el9_4.x86_64  CompilerName: GCC  CompilerVersion: 8.4.0
ProgramName: mri_normalize  ProgramArguments: mri_normalize -all-info  ProgramVersion: 7.3.2  TimeStamp: 2026/03/12-10:38:53-GMT  BuildTime: Aug  4 2022 06:17:15  BuildStamp: freesurfer-linux-ubuntu22_x86_64-7.3.2-20220804-6354275  User: oesteban  Machine: dna010  Platform: Linux  PlatformVersion: 5.14.0-427.37.1.el9_4.x86_64  CompilerName: GCC  CompilerVersion: 8.4.0
ProgramName: mri_normalize_tp2  ProgramArguments: mri_normalize_tp2 -all-info  ProgramVersion: 7.3.2  TimeStamp: 2026/03/12-10:38:53-GMT  BuildTime: Aug  4 2022 06:17:15  BuildStamp: freesurfer-linux-ubuntu22_x86_64-7.3.2-20220804-6354275  User: oesteban  Machine: dna010  Platform: Linux  PlatformVersion: 5.14.0-427.37.1.el9_4.x86_64  CompilerName: GCC  CompilerVersion: 8.4.0
ProgramName: mri_or  ProgramArguments: mri_or -all-info  ProgramVersion: 7.3.2  TimeStamp: 2026/03/12-10:38:53-GMT  BuildTime: Aug  4 2022 06:17:15  BuildStamp: freesurfer-linux-ubuntu22_x86_64-7.3.2-20220804-6354275  User: oesteban  Machine: dna010  Platform: Linux  PlatformVersion: 5.14.0-427.37.1.el9_4.x86_64  CompilerName: GCC  CompilerVersion: 8.4.0
ProgramName: mri_relabel_hypointensities  ProgramArguments: mri_relabel_hypointensities -all-info  ProgramVersion: 7.3.2  TimeStamp: 2026/03/12-10:38:53-GMT  BuildTime: Aug  4 2022 06:17:15  BuildStamp: freesurfer-linux-ubuntu22_x86_64-7.3.2-20220804-6354275  User: oesteban  Machine: dna010  Platform: Linux  PlatformVersion: 5.14.0-427.37.1.el9_4.x86_64  CompilerName: GCC  CompilerVersion: 8.4.0
ProgramName: mri_relabel_nonwm_hypos  ProgramArguments: mri_relabel_nonwm_hypos -all-info  ProgramVersion: 7.3.2  TimeStamp: 2026/03/12-10:38:53-GMT  BuildTime: Aug  4 2022 06:17:15  BuildStamp: freesurfer-linux-ubuntu22_x86_64-7.3.2-20220804-6354275  User: oesteban  Machine: dna010  Platform: Linux  PlatformVersion: 5.14.0-427.37.1.el9_4.x86_64  CompilerName: GCC  CompilerVersion: 8.4.0
ProgramName: mri_remove_neck  ProgramArguments: mri_remove_neck -all-info  ProgramVersion: 7.3.2  TimeStamp: 2026/03/12-10:38:53-GMT  BuildTime: Aug  4 2022 06:17:15  BuildStamp: freesurfer-linux-ubuntu22_x86_64-7.3.2-20220804-6354275  User: oesteban  Machine: dna010  Platform: Linux  PlatformVersion: 5.14.0-427.37.1.el9_4.x86_64  CompilerName: GCC  CompilerVersion: 8.4.0
7.3.2

ProgramName: mri_robust_register  ProgramArguments: mri_robust_register -all-info  ProgramVersion: 7.3.2  TimeStamp: 2026/03/12-10:38:53-GMT  BuildTime: Aug  4 2022 06:17:15  BuildStamp: freesurfer-linux-ubuntu22_x86_64-7.3.2-20220804-6354275  User: oesteban  Machine: dna010  Platform: Linux  PlatformVersion: 5.14.0-427.37.1.el9_4.x86_64  CompilerName: GCC  CompilerVersion: 8.4.0
7.3.2

ProgramName: mri_robust_template  ProgramArguments: mri_robust_template -all-info  ProgramVersion: 7.3.2  TimeStamp: 2026/03/12-10:38:53-GMT  BuildTime: Aug  4 2022 06:17:15  BuildStamp: freesurfer-linux-ubuntu22_x86_64-7.3.2-20220804-6354275  User: oesteban  Machine: dna010  Platform: Linux  PlatformVersion: 5.14.0-427.37.1.el9_4.x86_64  CompilerName: GCC  CompilerVersion: 8.4.0
ProgramName: mris_anatomical_stats  ProgramArguments: mris_anatomical_stats -all-info  ProgramVersion: 7.3.2  TimeStamp: 2026/03/12-10:38:53-GMT  BuildTime: Aug  4 2022 06:17:15  BuildStamp: freesurfer-linux-ubuntu22_x86_64-7.3.2-20220804-6354275  User: oesteban  Machine: dna010  Platform: Linux  PlatformVersion: 5.14.0-427.37.1.el9_4.x86_64  CompilerName: GCC  CompilerVersion: 8.4.0
ProgramName: mris_ca_label  ProgramArguments: mris_ca_label -all-info  ProgramVersion: 7.3.2  TimeStamp: 2026/03/12-10:38:53-GMT  BuildTime: Aug  4 2022 06:17:15  BuildStamp: freesurfer-linux-ubuntu22_x86_64-7.3.2-20220804-6354275  User: oesteban  Machine: dna010  Platform: Linux  PlatformVersion: 5.14.0-427.37.1.el9_4.x86_64  CompilerName: GCC  CompilerVersion: 8.4.0
ProgramName: mris_calc  ProgramArguments: mris_calc -all-info  ProgramVersion: 7.3.2  TimeStamp: 2026/03/12-10:38:53-GMT  BuildTime: Aug  4 2022 06:17:15  BuildStamp: freesurfer-linux-ubuntu22_x86_64-7.3.2-20220804-6354275  User: oesteban  Machine: dna010  Platform: Linux  PlatformVersion: 5.14.0-427.37.1.el9_4.x86_64  CompilerName: GCC  CompilerVersion: 8.4.0
ProgramName: mris_convert  ProgramArguments: mris_convert -all-info  ProgramVersion: 7.3.2  TimeStamp: 2026/03/12-10:38:53-GMT  BuildTime: Aug  4 2022 06:17:15  BuildStamp: freesurfer-linux-ubuntu22_x86_64-7.3.2-20220804-6354275  User: oesteban  Machine: dna010  Platform: Linux  PlatformVersion: 5.14.0-427.37.1.el9_4.x86_64  CompilerName: GCC  CompilerVersion: 8.4.0
ProgramName: mris_curvature  ProgramArguments: mris_curvature -all-info  ProgramVersion: 7.3.2  TimeStamp: 2026/03/12-10:38:53-GMT  BuildTime: Aug  4 2022 06:17:15  BuildStamp: freesurfer-linux-ubuntu22_x86_64-7.3.2-20220804-6354275  User: oesteban  Machine: dna010  Platform: Linux  PlatformVersion: 5.14.0-427.37.1.el9_4.x86_64  CompilerName: GCC  CompilerVersion: 8.4.0
ProgramName: mris_curvature_stats  ProgramArguments: mris_curvature_stats -all-info  ProgramVersion: 7.3.2  TimeStamp: 2026/03/12-10:38:53-GMT  BuildTime: Aug  4 2022 06:17:15  BuildStamp: freesurfer-linux-ubuntu22_x86_64-7.3.2-20220804-6354275  User: oesteban  Machine: dna010  Platform: Linux  PlatformVersion: 5.14.0-427.37.1.el9_4.x86_64  CompilerName: GCC  CompilerVersion: 8.4.0
ProgramName: mris_diff  ProgramArguments: mris_diff -all-info  ProgramVersion: 7.3.2  TimeStamp: 2026/03/12-10:38:53-GMT  BuildTime: Aug  4 2022 06:17:15  BuildStamp: freesurfer-linux-ubuntu22_x86_64-7.3.2-20220804-6354275  User: oesteban  Machine: dna010  Platform: Linux  PlatformVersion: 5.14.0-427.37.1.el9_4.x86_64  CompilerName: GCC  CompilerVersion: 8.4.0
ProgramName: mris_divide_parcellation  ProgramArguments: mris_divide_parcellation -all-info  ProgramVersion: 7.3.2  TimeStamp: 2026/03/12-10:38:53-GMT  BuildTime: Aug  4 2022 06:17:15  BuildStamp: freesurfer-linux-ubuntu22_x86_64-7.3.2-20220804-6354275  User: oesteban  Machine: dna010  Platform: Linux  PlatformVersion: 5.14.0-427.37.1.el9_4.x86_64  CompilerName: GCC  CompilerVersion: 8.4.0
ProgramName: mri_segment  ProgramArguments: mri_segment -all-info  ProgramVersion: 7.3.2  TimeStamp: 2026/03/12-10:38:53-GMT  BuildTime: Aug  4 2022 06:17:15  BuildStamp: freesurfer-linux-ubuntu22_x86_64-7.3.2-20220804-6354275  User: oesteban  Machine: dna010  Platform: Linux  PlatformVersion: 5.14.0-427.37.1.el9_4.x86_64  CompilerName: GCC  CompilerVersion: 8.4.0
ProgramName: mri_segstats  ProgramArguments: mri_segstats -all-info  ProgramVersion: 7.3.2  TimeStamp: 2026/03/12-10:38:53-GMT  BuildTime: Aug  4 2022 06:17:15  BuildStamp: freesurfer-linux-ubuntu22_x86_64-7.3.2-20220804-6354275  User: oesteban  Machine: dna010  Platform: Linux  PlatformVersion: 5.14.0-427.37.1.el9_4.x86_64  CompilerName: GCC  CompilerVersion: 8.4.0
ProgramName: mris_euler_number  ProgramArguments: mris_euler_number -all-info  ProgramVersion: 7.3.2  TimeStamp: 2026/03/12-10:38:53-GMT  BuildTime: Aug  4 2022 06:17:15  BuildStamp: freesurfer-linux-ubuntu22_x86_64-7.3.2-20220804-6354275  User: oesteban  Machine: dna010  Platform: Linux  PlatformVersion: 5.14.0-427.37.1.el9_4.x86_64  CompilerName: GCC  CompilerVersion: 8.4.0
ProgramName: mris_fix_topology  ProgramArguments: mris_fix_topology -all-info  ProgramVersion: 7.3.2  TimeStamp: 2026/03/12-10:38:53-GMT  BuildTime: Aug  4 2022 06:17:15  BuildStamp: freesurfer-linux-ubuntu22_x86_64-7.3.2-20220804-6354275  User: oesteban  Machine: dna010  Platform: Linux  PlatformVersion: 5.14.0-427.37.1.el9_4.x86_64  CompilerName: GCC  CompilerVersion: 8.4.0
ProgramName: mris_topo_fixer  ProgramArguments: mris_topo_fixer -all-info  ProgramVersion: 7.3.2  TimeStamp: 2026/03/12-10:38:53-GMT  BuildTime: Aug  4 2022 06:17:15  BuildStamp: freesurfer-linux-ubuntu22_x86_64-7.3.2-20220804-6354275  User: oesteban  Machine: dna010  Platform: Linux  PlatformVersion: 5.14.0-427.37.1.el9_4.x86_64  CompilerName: GCC  CompilerVersion: 8.4.0
ProgramName: mris_jacobian  ProgramArguments: mris_jacobian -all-info  ProgramVersion: 7.3.2  TimeStamp: 2026/03/12-10:38:53-GMT  BuildTime: Aug  4 2022 06:17:15  BuildStamp: freesurfer-linux-ubuntu22_x86_64-7.3.2-20220804-6354275  User: oesteban  Machine: dna010  Platform: Linux  PlatformVersion: 5.14.0-427.37.1.el9_4.x86_64  CompilerName: GCC  CompilerVersion: 8.4.0
ProgramName: mris_label2annot  ProgramArguments: mris_label2annot -all-info  ProgramVersion: 7.3.2  TimeStamp: 2026/03/12-10:38:53-GMT  BuildTime: Aug  4 2022 06:17:15  BuildStamp: freesurfer-linux-ubuntu22_x86_64-7.3.2-20220804-6354275  User: oesteban  Machine: dna010  Platform: Linux  PlatformVersion: 5.14.0-427.37.1.el9_4.x86_64  CompilerName: GCC  CompilerVersion: 8.4.0
ProgramName: mris_left_right_register  ProgramArguments: mris_left_right_register -all-info  ProgramVersion: 7.3.2  TimeStamp: 2026/03/12-10:38:53-GMT  BuildTime: Aug  4 2022 06:17:15  BuildStamp: freesurfer-linux-ubuntu22_x86_64-7.3.2-20220804-6354275  User: oesteban  Machine: dna010  Platform: Linux  PlatformVersion: 5.14.0-427.37.1.el9_4.x86_64  CompilerName: GCC  CompilerVersion: 8.4.0
ProgramName: mris_place_surface  ProgramArguments: mris_place_surface -all-info  ProgramVersion: 7.3.2  TimeStamp: 2026/03/12-10:38:53-GMT  BuildTime: Aug  4 2022 06:17:15  BuildStamp: freesurfer-linux-ubuntu22_x86_64-7.3.2-20220804-6354275  User: oesteban  Machine: dna010  Platform: Linux  PlatformVersion: 5.14.0-427.37.1.el9_4.x86_64  CompilerName: GCC  CompilerVersion: 8.4.0
ProgramName: mrisp_paint  ProgramArguments: mrisp_paint -all-info  ProgramVersion: 7.3.2  TimeStamp: 2026/03/12-10:38:53-GMT  BuildTime: Aug  4 2022 06:17:15  BuildStamp: freesurfer-linux-ubuntu22_x86_64-7.3.2-20220804-6354275  User: oesteban  Machine: dna010  Platform: Linux  PlatformVersion: 5.14.0-427.37.1.el9_4.x86_64  CompilerName: GCC  CompilerVersion: 8.4.0
ProgramName: mris_register  ProgramArguments: mris_register -all-info  ProgramVersion: 7.3.2  TimeStamp: 2026/03/12-10:38:53-GMT  BuildTime: Aug  4 2022 06:17:15  BuildStamp: freesurfer-linux-ubuntu22_x86_64-7.3.2-20220804-6354275  User: oesteban  Machine: dna010  Platform: Linux  PlatformVersion: 5.14.0-427.37.1.el9_4.x86_64  CompilerName: GCC  CompilerVersion: 8.4.0
ProgramName: mris_smooth  ProgramArguments: mris_smooth -all-info  ProgramVersion: 7.3.2  TimeStamp: 2026/03/12-10:38:53-GMT  BuildTime: Aug  4 2022 06:17:15  BuildStamp: freesurfer-linux-ubuntu22_x86_64-7.3.2-20220804-6354275  User: oesteban  Machine: dna010  Platform: Linux  PlatformVersion: 5.14.0-427.37.1.el9_4.x86_64  CompilerName: GCC  CompilerVersion: 8.4.0
ProgramName: mris_sphere  ProgramArguments: mris_sphere -all-info  ProgramVersion: 7.3.2  TimeStamp: 2026/03/12-10:38:53-GMT  BuildTime: Aug  4 2022 06:17:15  BuildStamp: freesurfer-linux-ubuntu22_x86_64-7.3.2-20220804-6354275  User: oesteban  Machine: dna010  Platform: Linux  PlatformVersion: 5.14.0-427.37.1.el9_4.x86_64  CompilerName: GCC  CompilerVersion: 8.4.0
ProgramName: mris_surface_stats  ProgramArguments: mris_surface_stats -all-info  ProgramVersion: 7.3.2  TimeStamp: 2026/03/12-10:38:53-GMT  BuildTime: Aug  4 2022 06:17:15  BuildStamp: freesurfer-linux-ubuntu22_x86_64-7.3.2-20220804-6354275  User: oesteban  Machine: dna010  Platform: Linux  PlatformVersion: 5.14.0-427.37.1.el9_4.x86_64  CompilerName: GCC  CompilerVersion: 8.4.0
ProgramName: mri_stats2seg  ProgramArguments: mri_stats2seg -all-info  ProgramVersion: 7.3.2  TimeStamp: 2026/03/12-10:38:53-GMT  BuildTime: Aug  4 2022 06:17:15  BuildStamp: freesurfer-linux-ubuntu22_x86_64-7.3.2-20220804-6354275  User: oesteban  Machine: dna010  Platform: Linux  PlatformVersion: 5.14.0-427.37.1.el9_4.x86_64  CompilerName: GCC  CompilerVersion: 8.4.0
ProgramName: mris_thickness  ProgramArguments: mris_thickness -all-info  ProgramVersion: 7.3.2  TimeStamp: 2026/03/12-10:38:53-GMT  BuildTime: Aug  4 2022 06:17:15  BuildStamp: freesurfer-linux-ubuntu22_x86_64-7.3.2-20220804-6354275  User: oesteban  Machine: dna010  Platform: Linux  PlatformVersion: 5.14.0-427.37.1.el9_4.x86_64  CompilerName: GCC  CompilerVersion: 8.4.0
ProgramName: mris_thickness_diff  ProgramArguments: mris_thickness_diff -all-info  ProgramVersion: 7.3.2  TimeStamp: 2026/03/12-10:38:53-GMT  BuildTime: Aug  4 2022 06:17:15  BuildStamp: freesurfer-linux-ubuntu22_x86_64-7.3.2-20220804-6354275  User: oesteban  Machine: dna010  Platform: Linux  PlatformVersion: 5.14.0-427.37.1.el9_4.x86_64  CompilerName: GCC  CompilerVersion: 8.4.0
ProgramName: mris_topo_fixer  ProgramArguments: mris_topo_fixer -all-info  ProgramVersion: 7.3.2  TimeStamp: 2026/03/12-10:38:53-GMT  BuildTime: Aug  4 2022 06:17:15  BuildStamp: freesurfer-linux-ubuntu22_x86_64-7.3.2-20220804-6354275  User: oesteban  Machine: dna010  Platform: Linux  PlatformVersion: 5.14.0-427.37.1.el9_4.x86_64  CompilerName: GCC  CompilerVersion: 8.4.0
ProgramName: mri_surf2surf  ProgramArguments: mri_surf2surf -all-info  ProgramVersion: 7.3.2  TimeStamp: 2026/03/12-10:38:53-GMT  BuildTime: Aug  4 2022 06:17:15  BuildStamp: freesurfer-linux-ubuntu22_x86_64-7.3.2-20220804-6354275  User: oesteban  Machine: dna010  Platform: Linux  PlatformVersion: 5.14.0-427.37.1.el9_4.x86_64  CompilerName: GCC  CompilerVersion: 8.4.0
ProgramName: mri_surf2vol  ProgramArguments: mri_surf2vol -all-info  ProgramVersion: 7.3.2  TimeStamp: 2026/03/12-10:38:53-GMT  BuildTime: Aug  4 2022 06:17:15  BuildStamp: freesurfer-linux-ubuntu22_x86_64-7.3.2-20220804-6354275  User: oesteban  Machine: dna010  Platform: Linux  PlatformVersion: 5.14.0-427.37.1.el9_4.x86_64  CompilerName: GCC  CompilerVersion: 8.4.0
ProgramName: mri_surfcluster  ProgramArguments: mri_surfcluster -all-info  ProgramVersion: 7.3.2  TimeStamp: 2026/03/12-10:38:53-GMT  BuildTime: Aug  4 2022 06:17:15  BuildStamp: freesurfer-linux-ubuntu22_x86_64-7.3.2-20220804-6354275  User: oesteban  Machine: dna010  Platform: Linux  PlatformVersion: 5.14.0-427.37.1.el9_4.x86_64  CompilerName: GCC  CompilerVersion: 8.4.0
ProgramName: mris_volmask  ProgramArguments: mris_volmask -all-info  ProgramVersion: 7.3.2  TimeStamp: 2026/03/12-10:38:53-GMT  BuildTime: Aug  4 2022 06:17:15  BuildStamp: freesurfer-linux-ubuntu22_x86_64-7.3.2-20220804-6354275  User: oesteban  Machine: dna010  Platform: Linux  PlatformVersion: 5.14.0-427.37.1.el9_4.x86_64  CompilerName: GCC  CompilerVersion: 8.4.0
ProgramName: mri_tessellate  ProgramArguments: mri_tessellate -all-info  ProgramVersion: 7.3.2  TimeStamp: 2026/03/12-10:38:53-GMT  BuildTime: Aug  4 2022 06:17:15  BuildStamp: freesurfer-linux-ubuntu22_x86_64-7.3.2-20220804-6354275  User: oesteban  Machine: dna010  Platform: Linux  PlatformVersion: 5.14.0-427.37.1.el9_4.x86_64  CompilerName: GCC  CompilerVersion: 8.4.0
ProgramName: mri_vol2surf  ProgramArguments: mri_vol2surf -all-info  ProgramVersion: 7.3.2  TimeStamp: 2026/03/12-10:38:53-GMT  BuildTime: Aug  4 2022 06:17:15  BuildStamp: freesurfer-linux-ubuntu22_x86_64-7.3.2-20220804-6354275  User: oesteban  Machine: dna010  Platform: Linux  PlatformVersion: 5.14.0-427.37.1.el9_4.x86_64  CompilerName: GCC  CompilerVersion: 8.4.0
ProgramName: mri_vol2vol  ProgramArguments: mri_vol2vol -all-info  ProgramVersion: 7.3.2  TimeStamp: 2026/03/12-10:38:53-GMT  BuildTime: Aug  4 2022 06:17:15  BuildStamp: freesurfer-linux-ubuntu22_x86_64-7.3.2-20220804-6354275  User: oesteban  Machine: dna010  Platform: Linux  PlatformVersion: 5.14.0-427.37.1.el9_4.x86_64  CompilerName: GCC  CompilerVersion: 8.4.0
ProgramName: mri_voldiff  ProgramArguments: mri_voldiff -all-info  ProgramVersion: 7.3.2  TimeStamp: 2026/03/12-10:38:53-GMT  BuildTime: Aug  4 2022 06:17:15  BuildStamp: freesurfer-linux-ubuntu22_x86_64-7.3.2-20220804-6354275  User: oesteban  Machine: dna010  Platform: Linux  PlatformVersion: 5.14.0-427.37.1.el9_4.x86_64  CompilerName: GCC  CompilerVersion: 8.4.0
ProgramName: mri_watershed  ProgramArguments: mri_watershed -all-info  ProgramVersion: 7.3.2  TimeStamp: 2026/03/12-10:38:53-GMT  BuildTime: Aug  4 2022 06:17:15  BuildStamp: freesurfer-linux-ubuntu22_x86_64-7.3.2-20220804-6354275  User: oesteban  Machine: dna010  Platform: Linux  PlatformVersion: 5.14.0-427.37.1.el9_4.x86_64  CompilerName: GCC  CompilerVersion: 8.4.0
ProgramName: tkregister2  ProgramArguments: tkregister2_cmdl -all-info  ProgramVersion: 7.3.2  TimeStamp: 2026/03/12-10:38:53-GMT  BuildTime: Aug  4 2022 06:17:15  BuildStamp: freesurfer-linux-ubuntu22_x86_64-7.3.2-20220804-6354275  User: oesteban  Machine: dna010  Platform: Linux  PlatformVersion: 5.14.0-427.37.1.el9_4.x86_64  CompilerName: GCC  CompilerVersion: 8.4.0
mri_motion_correct.fsl 7.3.2
mri_convert -all-info 
ProgramName: mri_convert  ProgramArguments: mri_convert -all-info  ProgramVersion: 7.3.2  TimeStamp: 2026/03/12-10:38:53-GMT  BuildTime: Aug  4 2022 06:17:15  BuildStamp: freesurfer-linux-ubuntu22_x86_64-7.3.2-20220804-6354275  User: oesteban  Machine: dna010  Platform: Linux  PlatformVersion: 5.14.0-427.37.1.el9_4.x86_64  CompilerName: GCC  CompilerVersion: 8.4.0
Program nu_correct, built from:
Package MNI N3, version 1.12.0, compiled by nicks@terrier (x86_64-unknown-linux-gnu) on 2015-06-19 at 01:25:34
#######################################
GCADIR /opt/freesurfer/average
GCA RB_all_2020-01-02.gca
GCASkull RB_all_withskull_2020_01_02.gca
AvgCurvTif folding.atlas.acfb40.noaparc.i12.2016-08-02.tif
GCSDIR /opt/freesurfer/average
GCS DKaparc.atlas.acfb40.noaparc.i12.2016-08-02.gcs
#######################################
/out/sourcedata/freesurfer/sub-v1s16x0051160_ses-1

 mri_convert /work/fmriprep_25_2_wf/sub_v1s16x0051160_ses_1_wf/anat_fit_wf/anat_validate/sub-v1s16x0051160_ses-1_T1w_noise_corrected_ras_valid.nii.gz /out/sourcedata/freesurfer/sub-v1s16x0051160_ses-1/mri/orig/001.mgz 

mri_convert /work/fmriprep_25_2_wf/sub_v1s16x0051160_ses_1_wf/anat_fit_wf/anat_validate/sub-v1s16x0051160_ses-1_T1w_noise_corrected_ras_valid.nii.gz /out/sourcedata/freesurfer/sub-v1s16x0051160_ses-1/mri/orig/001.mgz 
reading from /work/fmriprep_25_2_wf/sub_v1s16x0051160_ses_1_wf/anat_fit_wf/anat_validate/sub-v1s16x0051160_ses-1_T1w_noise_corrected_ras_valid.nii.gz...
TR=0.00, TE=0.00, TI=0.00, flip angle=0.00
i_ras = (1, 0, 0)
j_ras = (0, 1, 0)
k_ras = (0, 0, 1)
writing to /out/sourcedata/freesurfer/sub-v1s16x0051160_ses-1/mri/orig/001.mgz...
#--------------------------------------------
#@# MotionCor Thu Mar 12 11:38:55 CET 2026
Found 1 runs
/out/sourcedata/freesurfer/sub-v1s16x0051160_ses-1/mri/orig/001.mgz
Checking for (invalid) multi-frame inputs...
Only one run found so motion
correction will not be performed. I'll
copy the run to rawavg and continue.

 cp /out/sourcedata/freesurfer/sub-v1s16x0051160_ses-1/mri/orig/001.mgz /out/sourcedata/freesurfer/sub-v1s16x0051160_ses-1/mri/rawavg.mgz 


 mri_info /out/sourcedata/freesurfer/sub-v1s16x0051160_ses-1/mri/rawavg.mgz 

rawavg.mgz ========================================
Volume information for /out/sourcedata/freesurfer/sub-v1s16x0051160_ses-1/mri/rawavg.mgz
          type: MGH
    dimensions: 256 x 132 x 256
   voxel sizes: 0.859400, 1.499996, 0.859400
          type: FLOAT (3)
           fov: 220.006
           dof: 1
        xstart: -110.0, xend: 110.0
        ystart: -99.0, yend: 99.0
        zstart: -110.0, zend: 110.0
            TR: 0.00 msec, TE: 0.00 msec, TI: 0.00 msec, flip angle: 0.00 degrees
       nframes: 1
       PhEncDir: UNKNOWN
       FieldStrength: 0.000000
ras xform present
    xform info: x_r =   1.0000, y_r =   0.0000, z_r =   0.0000, c_r =     0.4262
              : x_a =   0.0000, y_a =   1.0000, z_a =   0.0000, c_a =   -32.0303
              : x_s =   0.0000, y_s =   0.0000, z_s =   1.0000, c_s =    17.4022

talairach xfm : 
Orientation   : RAS
Primary Slice Direction: axial

voxel to ras transform:
                0.8594   0.0000   0.0000  -109.5770
                0.0000   1.5000   0.0000  -131.0300
                0.0000   0.0000   0.8594   -92.6010
                0.0000   0.0000   0.0000     1.0000

voxel-to-ras determinant 1.10785

ras to voxel transform:
                1.1636   0.0000   0.0000   127.5041
                0.0000   0.6667   0.0000    87.3536
                0.0000   0.0000   1.1636   107.7508
                0.0000   0.0000   0.0000     1.0000
/out/sourcedata/freesurfer/sub-v1s16x0051160_ses-1

 mri_convert /out/sourcedata/freesurfer/sub-v1s16x0051160_ses-1/mri/rawavg.mgz /out/sourcedata/freesurfer/sub-v1s16x0051160_ses-1/mri/orig.mgz --conform 

mri_convert /out/sourcedata/freesurfer/sub-v1s16x0051160_ses-1/mri/rawavg.mgz /out/sourcedata/freesurfer/sub-v1s16x0051160_ses-1/mri/orig.mgz --conform 
reading from /out/sourcedata/freesurfer/sub-v1s16x0051160_ses-1/mri/rawavg.mgz...
TR=0.00, TE=0.00, TI=0.00, flip angle=0.00
i_ras = (1, 0, 0)
j_ras = (0, 1, 0)
k_ras = (0, 0, 1)
changing data type from float to uchar (noscale = 0)...
MRIchangeType: Building histogram -0.00741577 31692 1000, flo=0, fhi=0.999, dest_type=0
Reslicing using trilinear interpolation 
writing to /out/sourcedata/freesurfer/sub-v1s16x0051160_ses-1/mri/orig.mgz...

 mri_add_xform_to_header -c /out/sourcedata/freesurfer/sub-v1s16x0051160_ses-1/mri/transforms/talairach.xfm /out/sourcedata/freesurfer/sub-v1s16x0051160_ses-1/mri/orig.mgz /out/sourcedata/freesurfer/sub-v1s16x0051160_ses-1/mri/orig.mgz 

INFO: extension is mgz

 mri_info /out/sourcedata/freesurfer/sub-v1s16x0051160_ses-1/mri/orig.mgz 

orig.mgz ========================================
Volume information for /out/sourcedata/freesurfer/sub-v1s16x0051160_ses-1/mri/orig.mgz
          type: MGH
    dimensions: 256 x 256 x 256
   voxel sizes: 1.000000, 1.000000, 1.000000
          type: UCHAR (0)
           fov: 256.000
           dof: 1
        xstart: -128.0, xend: 128.0
        ystart: -128.0, yend: 128.0
        zstart: -128.0, zend: 128.0
            TR: 0.00 msec, TE: 0.00 msec, TI: 0.00 msec, flip angle: 0.00 degrees
       nframes: 1
       PhEncDir: UNKNOWN
       FieldStrength: 0.000000
ras xform present
    xform info: x_r =  -1.0000, y_r =   0.0000, z_r =   0.0000, c_r =     0.4262
              : x_a =   0.0000, y_a =   0.0000, z_a =   1.0000, c_a =   -32.0302
              : x_s =   0.0000, y_s =  -1.0000, z_s =   0.0000, c_s =    17.4022

talairach xfm : /out/sourcedata/freesurfer/sub-v1s16x0051160_ses-1/mri/transforms/talairach.xfm
Orientation   : LIA
Primary Slice Direction: coronal

voxel to ras transform:
               -1.0000   0.0000   0.0000   128.4262
                0.0000   0.0000   1.0000  -160.0302
                0.0000  -1.0000   0.0000   145.4022
                0.0000   0.0000   0.0000     1.0000

voxel-to-ras determinant -1

ras to voxel transform:
               -1.0000  -0.0000  -0.0000   128.4262
               -0.0000  -0.0000  -1.0000   145.4022
               -0.0000   1.0000  -0.0000   160.0302
               -0.0000  -0.0000  -0.0000     1.0000
#--------------------------------------------
#@# Talairach Thu Mar 12 11:39:04 CET 2026
/out/sourcedata/freesurfer/sub-v1s16x0051160_ses-1/mri

 mri_nu_correct.mni --no-rescale --i orig.mgz --o orig_nu.mgz --ants-n4 --n 1 --proto-iters 1000 --distance 50 

/usr/bin/bc
/out/sourcedata/freesurfer/sub-v1s16x0051160_ses-1/mri
/opt/freesurfer/bin/mri_nu_correct.mni
--no-rescale --i orig.mgz --o orig_nu.mgz --ants-n4 --n 1 --proto-iters 1000 --distance 50
nIters 1
mri_nu_correct.mni 7.3.2
Linux dna010 5.14.0-427.37.1.el9_4.x86_64 #1 SMP PREEMPT_DYNAMIC Fri Sep 13 12:41:50 EDT 2024 x86_64 x86_64 x86_64 GNU/Linux
Thu Mar 12 11:39:04 CET 2026
tmpdir is ./tmp.mri_nu_correct.mni.1193894
cd /out/sourcedata/freesurfer/sub-v1s16x0051160_ses-1/mri
AntsN4BiasFieldCorrectionFs -i orig.mgz -o ./tmp.mri_nu_correct.mni.1193894/nu0.mgz --dtype uchar
AntsN4BiasFieldCorrectionFs done
mri_convert ./tmp.mri_nu_correct.mni.1193894/nu0.mgz orig_nu.mgz --like orig.mgz --conform
mri_convert ./tmp.mri_nu_correct.mni.1193894/nu0.mgz orig_nu.mgz --like orig.mgz --conform 
reading from ./tmp.mri_nu_correct.mni.1193894/nu0.mgz...
TR=0.00, TE=0.00, TI=0.00, flip angle=0.00
i_ras = (-1, 0, 0)
j_ras = (0, 0, -1)
k_ras = (0, 1, 0)
INFO: transform src into the like-volume: orig.mgz
writing to orig_nu.mgz...
 
 
Thu Mar 12 11:41:58 CET 2026
mri_nu_correct.mni done

 talairach_avi --i orig_nu.mgz --xfm transforms/talairach.auto.xfm 

talairach_avi log file is transforms/talairach_avi.log...
mv -f /out/sourcedata/freesurfer/sub-v1s16x0051160_ses-1/mri/talsrcimg_to_711-2C_as_mni_average_305_t4_vox2vox.txt /out/sourcedata/freesurfer/sub-v1s16x0051160_ses-1/mri/transforms/talsrcimg_to_711-2C_as_mni_average_305_t4_vox2vox.txt
Started at Thu Mar 12 11:41:58 CET 2026
Ended   at Thu Mar 12 11:43:28 CET 2026
talairach_avi done

 cp transforms/talairach.auto.xfm transforms/talairach.xfm 

lta_convert --src orig.mgz --trg /opt/freesurfer/average/mni305.cor.mgz --inxfm transforms/talairach.xfm --outlta transforms/talairach.xfm.lta --subject fsaverage --ltavox2vox
7.3.2

--src: orig.mgz src image (geometry).
--trg: /opt/freesurfer/average/mni305.cor.mgz trg image (geometry).
--inmni: transforms/talairach.xfm input MNI/XFM transform.
--outlta: transforms/talairach.xfm.lta output LTA.
--s: fsaverage subject name
--ltavox2vox: output LTA as VOX_TO_VOX transform.
 LTA read, type : 1
 1.01923  -0.10968   0.14240  -5.78969;
 0.01913   1.29383  -0.06396   35.00613;
-0.17232  -0.28011   1.36433  -69.14012;
 0.00000   0.00000   0.00000   1.00000;
setting subject to fsaverage
Writing  LTA to file transforms/talairach.xfm.lta...
lta_convert successful.
#--------------------------------------------
#@# Talairach Failure Detection Thu Mar 12 11:43:30 CET 2026
/out/sourcedata/freesurfer/sub-v1s16x0051160_ses-1/mri

 talairach_afd -T 0.005 -xfm transforms/talairach.xfm 

talairach_afd: Talairach Transform: transforms/talairach.xfm OK (p=0.4182, pval=0.0643 >= threshold=0.0050)

 awk -f /opt/freesurfer/bin/extract_talairach_avi_QA.awk /out/sourcedata/freesurfer/sub-v1s16x0051160_ses-1/mri/transforms/talairach_avi.log 


 tal_QC_AZS /out/sourcedata/freesurfer/sub-v1s16x0051160_ses-1/mri/transforms/talairach_avi.log 

TalAviQA: 0.97082
z-score: -1
#--------------------------------------------
#@# Nu Intensity Correction Thu Mar 12 11:43:30 CET 2026

 mri_nu_correct.mni --i orig.mgz --o nu.mgz --uchar transforms/talairach.xfm --n 2 --ants-n4 

/usr/bin/bc
/out/sourcedata/freesurfer/sub-v1s16x0051160_ses-1/mri
/opt/freesurfer/bin/mri_nu_correct.mni
--i orig.mgz --o nu.mgz --uchar transforms/talairach.xfm --n 2 --ants-n4
nIters 2
mri_nu_correct.mni 7.3.2
Linux dna010 5.14.0-427.37.1.el9_4.x86_64 #1 SMP PREEMPT_DYNAMIC Fri Sep 13 12:41:50 EDT 2024 x86_64 x86_64 x86_64 GNU/Linux
Thu Mar 12 11:43:30 CET 2026
tmpdir is ./tmp.mri_nu_correct.mni.1195031
cd /out/sourcedata/freesurfer/sub-v1s16x0051160_ses-1/mri
AntsN4BiasFieldCorrectionFs -i orig.mgz -o ./tmp.mri_nu_correct.mni.1195031/nu0.mgz --dtype uchar
AntsN4BiasFieldCorrectionFs done
mri_binarize --i ./tmp.mri_nu_correct.mni.1195031/nu0.mgz --min -1 --o ./tmp.mri_nu_correct.mni.1195031/ones.mgz

7.3.2
cwd /out/sourcedata/freesurfer/sub-v1s16x0051160_ses-1/mri
cmdline mri_binarize --i ./tmp.mri_nu_correct.mni.1195031/nu0.mgz --min -1 --o ./tmp.mri_nu_correct.mni.1195031/ones.mgz 
sysname  Linux
hostname dna010
machine  x86_64
user     oesteban

input      ./tmp.mri_nu_correct.mni.1195031/nu0.mgz
frame      0
nErode3d   0
nErode2d   0
output     ./tmp.mri_nu_correct.mni.1195031/ones.mgz
Binarizing based on threshold
min        -1
max        +infinity
binval        1
binvalnot     0
fstart = 0, fend = 0, nframes = 1
Starting parallel 1
Found 16777216 values in range
Counting number of voxels in first frame
Found 16777215 voxels in final mask
Writing output to ./tmp.mri_nu_correct.mni.1195031/ones.mgz
Count: 16777215 16777215.000000 16777216 99.999994
mri_binarize done
mri_segstats --id 1 --seg ./tmp.mri_nu_correct.mni.1195031/ones.mgz --i orig.mgz --sum ./tmp.mri_nu_correct.mni.1195031/sum.junk --avgwf ./tmp.mri_nu_correct.mni.1195031/input.mean.dat

7.3.2
cwd 
cmdline mri_segstats --id 1 --seg ./tmp.mri_nu_correct.mni.1195031/ones.mgz --i orig.mgz --sum ./tmp.mri_nu_correct.mni.1195031/sum.junk --avgwf ./tmp.mri_nu_correct.mni.1195031/input.mean.dat 
sysname  Linux
hostname dna010
machine  x86_64
user     oesteban
whitesurfname  white
UseRobust  0
Loading ./tmp.mri_nu_correct.mni.1195031/ones.mgz
Loading orig.mgz
Voxel Volume is 1 mm^3
Generating list of segmentation ids
Found   1 segmentations
Computing statistics for each segmentation

Reporting on   1 segmentations
Using PrintSegStat
Computing spatial average of each frame

Writing to ./tmp.mri_nu_correct.mni.1195031/input.mean.dat
mri_segstats done
mri_segstats --id 1 --seg ./tmp.mri_nu_correct.mni.1195031/ones.mgz --i ./tmp.mri_nu_correct.mni.1195031/nu0.mgz --sum ./tmp.mri_nu_correct.mni.1195031/sum.junk --avgwf ./tmp.mri_nu_correct.mni.1195031/output.mean.dat

7.3.2
cwd 
cmdline mri_segstats --id 1 --seg ./tmp.mri_nu_correct.mni.1195031/ones.mgz --i ./tmp.mri_nu_correct.mni.1195031/nu0.mgz --sum ./tmp.mri_nu_correct.mni.1195031/sum.junk --avgwf ./tmp.mri_nu_correct.mni.1195031/output.mean.dat 
sysname  Linux
hostname dna010
machine  x86_64
user     oesteban
whitesurfname  white
UseRobust  0
Loading ./tmp.mri_nu_correct.mni.1195031/ones.mgz
Loading ./tmp.mri_nu_correct.mni.1195031/nu0.mgz
Voxel Volume is 1 mm^3
Generating list of segmentation ids
Found   1 segmentations
Computing statistics for each segmentation

Reporting on   1 segmentations
Using PrintSegStat
Computing spatial average of each frame

Writing to ./tmp.mri_nu_correct.mni.1195031/output.mean.dat
mri_segstats done
mris_calc -o ./tmp.mri_nu_correct.mni.1195031/nu0.mgz ./tmp.mri_nu_correct.mni.1195031/nu0.mgz mul 1.26024757151874146228
Saving result to './tmp.mri_nu_correct.mni.1195031/nu0.mgz' (type = MGH )                       [ ok ]
mri_convert ./tmp.mri_nu_correct.mni.1195031/nu0.mgz nu.mgz --like orig.mgz
mri_convert ./tmp.mri_nu_correct.mni.1195031/nu0.mgz nu.mgz --like orig.mgz 
reading from ./tmp.mri_nu_correct.mni.1195031/nu0.mgz...
TR=0.00, TE=0.00, TI=0.00, flip angle=0.00
i_ras = (-1, 0, 0)
j_ras = (0, 0, -1)
k_ras = (0, 1, 0)
INFO: transform src into the like-volume: orig.mgz
writing to nu.mgz...
mri_make_uchar nu.mgz transforms/talairach.xfm nu.mgz
type change took 0 minutes and 6 seconds.
FIRST_PERCENTILE 0.010000
WM_PERCENTILE    0.900000
MAX_R 50.000000
i1 = 19, i2 = 66
#mri_make_uchar# mapping 49 170 to  3 110  :  b -40.8872 m 0.887572 : thresh 46.0664 maxsat 333.367 : nzero 14812583 nsat 0
 
 
Thu Mar 12 11:46:44 CET 2026
mri_nu_correct.mni done

 mri_add_xform_to_header -c /out/sourcedata/freesurfer/sub-v1s16x0051160_ses-1/mri/transforms/talairach.xfm nu.mgz nu.mgz 

INFO: extension is mgz
#--------------------------------------------
#@# Intensity Normalization Thu Mar 12 11:46:45 CET 2026
/out/sourcedata/freesurfer/sub-v1s16x0051160_ses-1/mri

 mri_normalize -g 1 -seed 1234 -mprage nu.mgz T1.mgz 

using max gradient = 1.000
setting seed for random number genererator to 1234
assuming input volume is MGH (Van der Kouwe) MP-RAGE
reading mri_src from nu.mgz...
normalizing image...
NOT doing gentle normalization with control points/label
talairach transform
 1.01923  -0.10968   0.14240  -5.78969;
 0.01913   1.29383  -0.06396   35.00613;
-0.17232  -0.28011   1.36433  -69.14012;
 0.00000   0.00000   0.00000   1.00000;
processing without aseg, no1d=0
MRInormInit(): 
INFO: Modifying talairach volume c_(r,a,s) based on average_305
MRInormalize(): 
MRIsplineNormalize(): npeaks = 15
Starting OpenSpline(): npoints = 15
building Voronoi diagram...
performing soap bubble smoothing, sigma = 8...

Iterating 2 times
---------------------------------
3d normalization pass 1 of 2
white matter peak found at 110
white matter peak found at 109
gm peak at 62 (62), valley at 46 (46)
csf peak at 32, setting threshold to 52
building Voronoi diagram...
performing soap bubble smoothing, sigma = 8...
---------------------------------
3d normalization pass 2 of 2
white matter peak found at 110
white matter peak found at 110
gm peak at 65 (65), valley at 48 (48)
csf peak at 33, setting threshold to 54
building Voronoi diagram...
performing soap bubble smoothing, sigma = 8...
Done iterating ---------------------------------
writing output to T1.mgz
3D bias adjustment took 1 minutes and 26 seconds.

Started at Thu Mar 12 11:38:52 CET 2026 
Ended   at Thu Mar 12 11:48:12 CET 2026
#@#%# recon-all-run-time-hours 0.156
recon-all -s sub-v1s16x0051160_ses-1 finished without error at Thu Mar 12 11:48:12 CET 2026



#New# invocation of recon-all 




Thu Mar 12 11:55:09 CET 2026
cd /out/sourcedata/freesurfer/sub-v1s16x0051160_ses-1
setenv SUBJECTS_DIR /out/sourcedata/freesurfer
/opt/freesurfer/bin/recon-all -openmp 16 -subjid sub-v1s16x0051160_ses-1 -sd /out/sourcedata/freesurfer -gcareg

subjid sub-v1s16x0051160_ses-1
setenv SUBJECTS_DIR /out/sourcedata/freesurfer
FREESURFER_HOME /opt/freesurfer
Actual FREESURFER_HOME /opt/freesurfer
build-stamp.txt: freesurfer-linux-ubuntu22_x86_64-7.3.2-20220804-6354275
Linux dna010 5.14.0-427.37.1.el9_4.x86_64 #1 SMP PREEMPT_DYNAMIC Fri Sep 13 12:41:50 EDT 2024 x86_64 x86_64 x86_64 GNU/Linux
cputime      unlimited
filesize     unlimited
datasize     unlimited
stacksize    8192 kbytes
coredumpsize 0 kbytes
memoryuse    67108864 kbytes
vmemoryuse   unlimited
descriptors  1024 
memorylocked unlimited
maxproc      2061970 
maxlocks     unlimited
maxsignal    2061970 
maxmessage   819200 
maxnice      0 
maxrtprio    0 
maxrttime    unlimited

               total        used        free      shared  buff/cache   available
Mem:           503Gi        48Gi       397Gi       9.5Gi        57Gi       442Gi
Swap:             0B          0B          0B

########################################
program versions used
7.3.2 (freesurfer-linux-ubuntu22_x86_64-7.3.2-20220804-6354275)
7.3.2

ProgramName: lta_convert  ProgramArguments: lta_convert -all-info  ProgramVersion: 7.3.2  TimeStamp: 2026/03/12-10:55:09-GMT  BuildTime: Aug  4 2022 06:17:15  BuildStamp: freesurfer-linux-ubuntu22_x86_64-7.3.2-20220804-6354275  User: oesteban  Machine: dna010  Platform: Linux  PlatformVersion: 5.14.0-427.37.1.el9_4.x86_64  CompilerName: GCC  CompilerVersion: 8.4.0
ProgramName: mri_and  ProgramArguments: mri_and -all-info  ProgramVersion: 7.3.2  TimeStamp: 2026/03/12-10:55:09-GMT  BuildTime: Aug  4 2022 06:17:15  BuildStamp: freesurfer-linux-ubuntu22_x86_64-7.3.2-20220804-6354275  User: oesteban  Machine: dna010  Platform: Linux  PlatformVersion: 5.14.0-427.37.1.el9_4.x86_64  CompilerName: GCC  CompilerVersion: 8.4.0
ProgramName: mri_annotation2label  ProgramArguments: mri_annotation2label -all-info  ProgramVersion: 7.3.2  TimeStamp: 2026/03/12-10:55:09-GMT  BuildTime: Aug  4 2022 06:17:15  BuildStamp: freesurfer-linux-ubuntu22_x86_64-7.3.2-20220804-6354275  User: oesteban  Machine: dna010  Platform: Linux  PlatformVersion: 5.14.0-427.37.1.el9_4.x86_64  CompilerName: GCC  CompilerVersion: 8.4.0
ProgramName: mri_aparc2aseg  ProgramArguments: mri_aparc2aseg -all-info  ProgramVersion: 7.3.2  TimeStamp: 2026/03/12-10:55:09-GMT  BuildTime: Aug  4 2022 06:17:15  BuildStamp: freesurfer-linux-ubuntu22_x86_64-7.3.2-20220804-6354275  User: oesteban  Machine: dna010  Platform: Linux  PlatformVersion: 5.14.0-427.37.1.el9_4.x86_64  CompilerName: GCC  CompilerVersion: 8.4.0
ProgramName: mri_surf2volseg  ProgramArguments: mri_surf2volseg -all-info  ProgramVersion: 7.3.2  TimeStamp: 2026/03/12-10:55:09-GMT  BuildTime: Aug  4 2022 06:17:15  BuildStamp: freesurfer-linux-ubuntu22_x86_64-7.3.2-20220804-6354275  User: oesteban  Machine: dna010  Platform: Linux  PlatformVersion: 5.14.0-427.37.1.el9_4.x86_64  CompilerName: GCC  CompilerVersion: 8.4.0
ProgramName: mri_binarize  ProgramArguments: mri_binarize -all-info  ProgramVersion: 7.3.2  TimeStamp: 2026/03/12-10:55:09-GMT  BuildTime: Aug  4 2022 06:17:15  BuildStamp: freesurfer-linux-ubuntu22_x86_64-7.3.2-20220804-6354275  User: oesteban  Machine: dna010  Platform: Linux  PlatformVersion: 5.14.0-427.37.1.el9_4.x86_64  CompilerName: GCC  CompilerVersion: 8.4.0
ProgramName: mri_ca_label  ProgramArguments: mri_ca_label -all-info  ProgramVersion: 7.3.2  TimeStamp: 2026/03/12-10:55:09-GMT  BuildTime: Aug  4 2022 06:17:15  BuildStamp: freesurfer-linux-ubuntu22_x86_64-7.3.2-20220804-6354275  User: oesteban  Machine: dna010  Platform: Linux  PlatformVersion: 5.14.0-427.37.1.el9_4.x86_64  CompilerName: GCC  CompilerVersion: 8.4.0
ProgramName: mri_ca_normalize  ProgramArguments: mri_ca_normalize -all-info  ProgramVersion: 7.3.2  TimeStamp: 2026/03/12-10:55:09-GMT  BuildTime: Aug  4 2022 06:17:15  BuildStamp: freesurfer-linux-ubuntu22_x86_64-7.3.2-20220804-6354275  User: oesteban  Machine: dna010  Platform: Linux  PlatformVersion: 5.14.0-427.37.1.el9_4.x86_64  CompilerName: GCC  CompilerVersion: 8.4.0
ProgramName: mri_ca_register  ProgramArguments: mri_ca_register -all-info  ProgramVersion: 7.3.2  TimeStamp: 2026/03/12-10:55:09-GMT  BuildTime: Aug  4 2022 06:17:15  BuildStamp: freesurfer-linux-ubuntu22_x86_64-7.3.2-20220804-6354275  User: oesteban  Machine: dna010  Platform: Linux  PlatformVersion: 5.14.0-427.37.1.el9_4.x86_64  CompilerName: GCC  CompilerVersion: 8.4.0
ProgramName: mri_cc  ProgramArguments: mri_cc -all-info  ProgramVersion: 7.3.2  TimeStamp: 2026/03/12-10:55:09-GMT  BuildTime: Aug  4 2022 06:17:15  BuildStamp: freesurfer-linux-ubuntu22_x86_64-7.3.2-20220804-6354275  User: oesteban  Machine: dna010  Platform: Linux  PlatformVersion: 5.14.0-427.37.1.el9_4.x86_64  CompilerName: GCC  CompilerVersion: 8.4.0
ProgramName: mri_compute_overlap  ProgramArguments: mri_compute_overlap -all-info  ProgramVersion: 7.3.2  TimeStamp: 2026/03/12-10:55:09-GMT  BuildTime: Aug  4 2022 06:17:15  BuildStamp: freesurfer-linux-ubuntu22_x86_64-7.3.2-20220804-6354275  User: oesteban  Machine: dna010  Platform: Linux  PlatformVersion: 5.14.0-427.37.1.el9_4.x86_64  CompilerName: GCC  CompilerVersion: 8.4.0
ProgramName: mri_compute_seg_overlap  ProgramArguments: mri_compute_seg_overlap -all-info  ProgramVersion: 7.3.2  TimeStamp: 2026/03/12-10:55:09-GMT  BuildTime: Aug  4 2022 06:17:15  BuildStamp: freesurfer-linux-ubuntu22_x86_64-7.3.2-20220804-6354275  User: oesteban  Machine: dna010  Platform: Linux  PlatformVersion: 5.14.0-427.37.1.el9_4.x86_64  CompilerName: GCC  CompilerVersion: 8.4.0
ProgramName: mri_concat  ProgramArguments: mri_concat -all-info  ProgramVersion: 7.3.2  TimeStamp: 2026/03/12-10:55:09-GMT  BuildTime: Aug  4 2022 06:17:15  BuildStamp: freesurfer-linux-ubuntu22_x86_64-7.3.2-20220804-6354275  User: oesteban  Machine: dna010  Platform: Linux  PlatformVersion: 5.14.0-427.37.1.el9_4.x86_64  CompilerName: GCC  CompilerVersion: 8.4.0
ProgramName: mri_concatenate_lta  ProgramArguments: mri_concatenate_lta -all-info  ProgramVersion: 7.3.2  TimeStamp: 2026/03/12-10:55:09-GMT  BuildTime: Aug  4 2022 06:17:15  BuildStamp: freesurfer-linux-ubuntu22_x86_64-7.3.2-20220804-6354275  User: oesteban  Machine: dna010  Platform: Linux  PlatformVersion: 5.14.0-427.37.1.el9_4.x86_64  CompilerName: GCC  CompilerVersion: 8.4.0
mri_convert -all-info 
ProgramName: mri_convert  ProgramArguments: mri_convert -all-info  ProgramVersion: 7.3.2  TimeStamp: 2026/03/12-10:55:09-GMT  BuildTime: Aug  4 2022 06:17:15  BuildStamp: freesurfer-linux-ubuntu22_x86_64-7.3.2-20220804-6354275  User: oesteban  Machine: dna010  Platform: Linux  PlatformVersion: 5.14.0-427.37.1.el9_4.x86_64  CompilerName: GCC  CompilerVersion: 8.4.0
ProgramName: mri_diff  ProgramArguments: mri_diff -all-info  ProgramVersion: 7.3.2  TimeStamp: 2026/03/12-10:55:09-GMT  BuildTime: Aug  4 2022 06:17:15  BuildStamp: freesurfer-linux-ubuntu22_x86_64-7.3.2-20220804-6354275  User: oesteban  Machine: dna010  Platform: Linux  PlatformVersion: 5.14.0-427.37.1.el9_4.x86_64  CompilerName: GCC  CompilerVersion: 8.4.0
ProgramName: mri_edit_wm_with_aseg  ProgramArguments: mri_edit_wm_with_aseg -all-info  ProgramVersion: 7.3.2  TimeStamp: 2026/03/12-10:55:09-GMT  BuildTime: Aug  4 2022 06:17:15  BuildStamp: freesurfer-linux-ubuntu22_x86_64-7.3.2-20220804-6354275  User: oesteban  Machine: dna010  Platform: Linux  PlatformVersion: 5.14.0-427.37.1.el9_4.x86_64  CompilerName: GCC  CompilerVersion: 8.4.0
ProgramName: mri_em_register  ProgramArguments: mri_em_register -all-info  ProgramVersion: 7.3.2  TimeStamp: 2026/03/12-10:55:09-GMT  BuildTime: Aug  4 2022 06:17:15  BuildStamp: freesurfer-linux-ubuntu22_x86_64-7.3.2-20220804-6354275  User: oesteban  Machine: dna010  Platform: Linux  PlatformVersion: 5.14.0-427.37.1.el9_4.x86_64  CompilerName: GCC  CompilerVersion: 8.4.0
ProgramName: mri_fill  ProgramArguments: mri_fill -all-info  ProgramVersion: 7.3.2  TimeStamp: 2026/03/12-10:55:09-GMT  BuildTime: Aug  4 2022 06:17:15  BuildStamp: freesurfer-linux-ubuntu22_x86_64-7.3.2-20220804-6354275  User: oesteban  Machine: dna010  Platform: Linux  PlatformVersion: 5.14.0-427.37.1.el9_4.x86_64  CompilerName: GCC  CompilerVersion: 8.4.0
ProgramName: mri_fuse_segmentations  ProgramArguments: mri_fuse_segmentations -all-info  ProgramVersion: 7.3.2  TimeStamp: 2026/03/12-10:55:09-GMT  BuildTime: Aug  4 2022 06:17:15  BuildStamp: freesurfer-linux-ubuntu22_x86_64-7.3.2-20220804-6354275  User: oesteban  Machine: dna010  Platform: Linux  PlatformVersion: 5.14.0-427.37.1.el9_4.x86_64  CompilerName: GCC  CompilerVersion: 8.4.0
ProgramName: mri_fwhm  ProgramArguments: mri_fwhm -all-info  ProgramVersion: 7.3.2  TimeStamp: 2026/03/12-10:55:09-GMT  BuildTime: Aug  4 2022 06:17:15  BuildStamp: freesurfer-linux-ubuntu22_x86_64-7.3.2-20220804-6354275  User: oesteban  Machine: dna010  Platform: Linux  PlatformVersion: 5.14.0-427.37.1.el9_4.x86_64  CompilerName: GCC  CompilerVersion: 8.4.0
ProgramName: mri_gcut  ProgramArguments: mri_gcut -all-info  ProgramVersion: 7.3.2  TimeStamp: 2026/03/12-10:55:09-GMT  BuildTime: Aug  4 2022 06:17:15  BuildStamp: freesurfer-linux-ubuntu22_x86_64-7.3.2-20220804-6354275  User: oesteban  Machine: dna010  Platform: Linux  PlatformVersion: 5.14.0-427.37.1.el9_4.x86_64  CompilerName: GCC  CompilerVersion: 8.4.0
ProgramName: mri_info  ProgramArguments: mri_info -all-info  ProgramVersion: 7.3.2  TimeStamp: 2026/03/12-10:55:09-GMT  BuildTime: Aug  4 2022 06:17:15  BuildStamp: freesurfer-linux-ubuntu22_x86_64-7.3.2-20220804-6354275  User: oesteban  Machine: dna010  Platform: Linux  PlatformVersion: 5.14.0-427.37.1.el9_4.x86_64  CompilerName: GCC  CompilerVersion: 8.4.0
ProgramName: mri_label2label  ProgramArguments: mri_label2label -all-info  ProgramVersion: 7.3.2  TimeStamp: 2026/03/12-10:55:09-GMT  BuildTime: Aug  4 2022 06:17:15  BuildStamp: freesurfer-linux-ubuntu22_x86_64-7.3.2-20220804-6354275  User: oesteban  Machine: dna010  Platform: Linux  PlatformVersion: 5.14.0-427.37.1.el9_4.x86_64  CompilerName: GCC  CompilerVersion: 8.4.0
ProgramName: mri_label2vol  ProgramArguments: mri_label2vol -all-info  ProgramVersion: 7.3.2  TimeStamp: 2026/03/12-10:55:09-GMT  BuildTime: Aug  4 2022 06:17:15  BuildStamp: freesurfer-linux-ubuntu22_x86_64-7.3.2-20220804-6354275  User: oesteban  Machine: dna010  Platform: Linux  PlatformVersion: 5.14.0-427.37.1.el9_4.x86_64  CompilerName: GCC  CompilerVersion: 8.4.0
ProgramName: mri_log_likelihood  ProgramArguments: mri_log_likelihood -all-info  ProgramVersion: 7.3.2  TimeStamp: 2026/03/12-10:55:09-GMT  BuildTime: Aug  4 2022 06:17:15  BuildStamp: freesurfer-linux-ubuntu22_x86_64-7.3.2-20220804-6354275  User: oesteban  Machine: dna010  Platform: Linux  PlatformVersion: 5.14.0-427.37.1.el9_4.x86_64  CompilerName: GCC  CompilerVersion: 8.4.0
ProgramName: mri_mask  ProgramArguments: mri_mask -all-info  ProgramVersion: 7.3.2  TimeStamp: 2026/03/12-10:55:09-GMT  BuildTime: Aug  4 2022 06:17:15  BuildStamp: freesurfer-linux-ubuntu22_x86_64-7.3.2-20220804-6354275  User: oesteban  Machine: dna010  Platform: Linux  PlatformVersion: 5.14.0-427.37.1.el9_4.x86_64  CompilerName: GCC  CompilerVersion: 8.4.0
ProgramName: mri_matrix_multiply  ProgramArguments: mri_matrix_multiply -all-info  ProgramVersion: 7.3.2  TimeStamp: 2026/03/12-10:55:09-GMT  BuildTime: Aug  4 2022 06:17:15  BuildStamp: freesurfer-linux-ubuntu22_x86_64-7.3.2-20220804-6354275  User: oesteban  Machine: dna010  Platform: Linux  PlatformVersion: 5.14.0-427.37.1.el9_4.x86_64  CompilerName: GCC  CompilerVersion: 8.4.0
ProgramName: mri_normalize  ProgramArguments: mri_normalize -all-info  ProgramVersion: 7.3.2  TimeStamp: 2026/03/12-10:55:09-GMT  BuildTime: Aug  4 2022 06:17:15  BuildStamp: freesurfer-linux-ubuntu22_x86_64-7.3.2-20220804-6354275  User: oesteban  Machine: dna010  Platform: Linux  PlatformVersion: 5.14.0-427.37.1.el9_4.x86_64  CompilerName: GCC  CompilerVersion: 8.4.0
ProgramName: mri_normalize_tp2  ProgramArguments: mri_normalize_tp2 -all-info  ProgramVersion: 7.3.2  TimeStamp: 2026/03/12-10:55:09-GMT  BuildTime: Aug  4 2022 06:17:15  BuildStamp: freesurfer-linux-ubuntu22_x86_64-7.3.2-20220804-6354275  User: oesteban  Machine: dna010  Platform: Linux  PlatformVersion: 5.14.0-427.37.1.el9_4.x86_64  CompilerName: GCC  CompilerVersion: 8.4.0
ProgramName: mri_or  ProgramArguments: mri_or -all-info  ProgramVersion: 7.3.2  TimeStamp: 2026/03/12-10:55:09-GMT  BuildTime: Aug  4 2022 06:17:15  BuildStamp: freesurfer-linux-ubuntu22_x86_64-7.3.2-20220804-6354275  User: oesteban  Machine: dna010  Platform: Linux  PlatformVersion: 5.14.0-427.37.1.el9_4.x86_64  CompilerName: GCC  CompilerVersion: 8.4.0
ProgramName: mri_relabel_hypointensities  ProgramArguments: mri_relabel_hypointensities -all-info  ProgramVersion: 7.3.2  TimeStamp: 2026/03/12-10:55:09-GMT  BuildTime: Aug  4 2022 06:17:15  BuildStamp: freesurfer-linux-ubuntu22_x86_64-7.3.2-20220804-6354275  User: oesteban  Machine: dna010  Platform: Linux  PlatformVersion: 5.14.0-427.37.1.el9_4.x86_64  CompilerName: GCC  CompilerVersion: 8.4.0
ProgramName: mri_relabel_nonwm_hypos  ProgramArguments: mri_relabel_nonwm_hypos -all-info  ProgramVersion: 7.3.2  TimeStamp: 2026/03/12-10:55:09-GMT  BuildTime: Aug  4 2022 06:17:15  BuildStamp: freesurfer-linux-ubuntu22_x86_64-7.3.2-20220804-6354275  User: oesteban  Machine: dna010  Platform: Linux  PlatformVersion: 5.14.0-427.37.1.el9_4.x86_64  CompilerName: GCC  CompilerVersion: 8.4.0
ProgramName: mri_remove_neck  ProgramArguments: mri_remove_neck -all-info  ProgramVersion: 7.3.2  TimeStamp: 2026/03/12-10:55:09-GMT  BuildTime: Aug  4 2022 06:17:15  BuildStamp: freesurfer-linux-ubuntu22_x86_64-7.3.2-20220804-6354275  User: oesteban  Machine: dna010  Platform: Linux  PlatformVersion: 5.14.0-427.37.1.el9_4.x86_64  CompilerName: GCC  CompilerVersion: 8.4.0
7.3.2

ProgramName: mri_robust_register  ProgramArguments: mri_robust_register -all-info  ProgramVersion: 7.3.2  TimeStamp: 2026/03/12-10:55:09-GMT  BuildTime: Aug  4 2022 06:17:15  BuildStamp: freesurfer-linux-ubuntu22_x86_64-7.3.2-20220804-6354275  User: oesteban  Machine: dna010  Platform: Linux  PlatformVersion: 5.14.0-427.37.1.el9_4.x86_64  CompilerName: GCC  CompilerVersion: 8.4.0
7.3.2

ProgramName: mri_robust_template  ProgramArguments: mri_robust_template -all-info  ProgramVersion: 7.3.2  TimeStamp: 2026/03/12-10:55:09-GMT  BuildTime: Aug  4 2022 06:17:15  BuildStamp: freesurfer-linux-ubuntu22_x86_64-7.3.2-20220804-6354275  User: oesteban  Machine: dna010  Platform: Linux  PlatformVersion: 5.14.0-427.37.1.el9_4.x86_64  CompilerName: GCC  CompilerVersion: 8.4.0
ProgramName: mris_anatomical_stats  ProgramArguments: mris_anatomical_stats -all-info  ProgramVersion: 7.3.2  TimeStamp: 2026/03/12-10:55:09-GMT  BuildTime: Aug  4 2022 06:17:15  BuildStamp: freesurfer-linux-ubuntu22_x86_64-7.3.2-20220804-6354275  User: oesteban  Machine: dna010  Platform: Linux  PlatformVersion: 5.14.0-427.37.1.el9_4.x86_64  CompilerName: GCC  CompilerVersion: 8.4.0
ProgramName: mris_ca_label  ProgramArguments: mris_ca_label -all-info  ProgramVersion: 7.3.2  TimeStamp: 2026/03/12-10:55:09-GMT  BuildTime: Aug  4 2022 06:17:15  BuildStamp: freesurfer-linux-ubuntu22_x86_64-7.3.2-20220804-6354275  User: oesteban  Machine: dna010  Platform: Linux  PlatformVersion: 5.14.0-427.37.1.el9_4.x86_64  CompilerName: GCC  CompilerVersion: 8.4.0
ProgramName: mris_calc  ProgramArguments: mris_calc -all-info  ProgramVersion: 7.3.2  TimeStamp: 2026/03/12-10:55:09-GMT  BuildTime: Aug  4 2022 06:17:15  BuildStamp: freesurfer-linux-ubuntu22_x86_64-7.3.2-20220804-6354275  User: oesteban  Machine: dna010  Platform: Linux  PlatformVersion: 5.14.0-427.37.1.el9_4.x86_64  CompilerName: GCC  CompilerVersion: 8.4.0
ProgramName: mris_convert  ProgramArguments: mris_convert -all-info  ProgramVersion: 7.3.2  TimeStamp: 2026/03/12-10:55:09-GMT  BuildTime: Aug  4 2022 06:17:15  BuildStamp: freesurfer-linux-ubuntu22_x86_64-7.3.2-20220804-6354275  User: oesteban  Machine: dna010  Platform: Linux  PlatformVersion: 5.14.0-427.37.1.el9_4.x86_64  CompilerName: GCC  CompilerVersion: 8.4.0
ProgramName: mris_curvature  ProgramArguments: mris_curvature -all-info  ProgramVersion: 7.3.2  TimeStamp: 2026/03/12-10:55:09-GMT  BuildTime: Aug  4 2022 06:17:15  BuildStamp: freesurfer-linux-ubuntu22_x86_64-7.3.2-20220804-6354275  User: oesteban  Machine: dna010  Platform: Linux  PlatformVersion: 5.14.0-427.37.1.el9_4.x86_64  CompilerName: GCC  CompilerVersion: 8.4.0
ProgramName: mris_curvature_stats  ProgramArguments: mris_curvature_stats -all-info  ProgramVersion: 7.3.2  TimeStamp: 2026/03/12-10:55:09-GMT  BuildTime: Aug  4 2022 06:17:15  BuildStamp: freesurfer-linux-ubuntu22_x86_64-7.3.2-20220804-6354275  User: oesteban  Machine: dna010  Platform: Linux  PlatformVersion: 5.14.0-427.37.1.el9_4.x86_64  CompilerName: GCC  CompilerVersion: 8.4.0
ProgramName: mris_diff  ProgramArguments: mris_diff -all-info  ProgramVersion: 7.3.2  TimeStamp: 2026/03/12-10:55:09-GMT  BuildTime: Aug  4 2022 06:17:15  BuildStamp: freesurfer-linux-ubuntu22_x86_64-7.3.2-20220804-6354275  User: oesteban  Machine: dna010  Platform: Linux  PlatformVersion: 5.14.0-427.37.1.el9_4.x86_64  CompilerName: GCC  CompilerVersion: 8.4.0
ProgramName: mris_divide_parcellation  ProgramArguments: mris_divide_parcellation -all-info  ProgramVersion: 7.3.2  TimeStamp: 2026/03/12-10:55:09-GMT  BuildTime: Aug  4 2022 06:17:15  BuildStamp: freesurfer-linux-ubuntu22_x86_64-7.3.2-20220804-6354275  User: oesteban  Machine: dna010  Platform: Linux  PlatformVersion: 5.14.0-427.37.1.el9_4.x86_64  CompilerName: GCC  CompilerVersion: 8.4.0
ProgramName: mri_segment  ProgramArguments: mri_segment -all-info  ProgramVersion: 7.3.2  TimeStamp: 2026/03/12-10:55:09-GMT  BuildTime: Aug  4 2022 06:17:15  BuildStamp: freesurfer-linux-ubuntu22_x86_64-7.3.2-20220804-6354275  User: oesteban  Machine: dna010  Platform: Linux  PlatformVersion: 5.14.0-427.37.1.el9_4.x86_64  CompilerName: GCC  CompilerVersion: 8.4.0
ProgramName: mri_segstats  ProgramArguments: mri_segstats -all-info  ProgramVersion: 7.3.2  TimeStamp: 2026/03/12-10:55:09-GMT  BuildTime: Aug  4 2022 06:17:15  BuildStamp: freesurfer-linux-ubuntu22_x86_64-7.3.2-20220804-6354275  User: oesteban  Machine: dna010  Platform: Linux  PlatformVersion: 5.14.0-427.37.1.el9_4.x86_64  CompilerName: GCC  CompilerVersion: 8.4.0
ProgramName: mris_euler_number  ProgramArguments: mris_euler_number -all-info  ProgramVersion: 7.3.2  TimeStamp: 2026/03/12-10:55:09-GMT  BuildTime: Aug  4 2022 06:17:15  BuildStamp: freesurfer-linux-ubuntu22_x86_64-7.3.2-20220804-6354275  User: oesteban  Machine: dna010  Platform: Linux  PlatformVersion: 5.14.0-427.37.1.el9_4.x86_64  CompilerName: GCC  CompilerVersion: 8.4.0
ProgramName: mris_fix_topology  ProgramArguments: mris_fix_topology -all-info  ProgramVersion: 7.3.2  TimeStamp: 2026/03/12-10:55:09-GMT  BuildTime: Aug  4 2022 06:17:15  BuildStamp: freesurfer-linux-ubuntu22_x86_64-7.3.2-20220804-6354275  User: oesteban  Machine: dna010  Platform: Linux  PlatformVersion: 5.14.0-427.37.1.el9_4.x86_64  CompilerName: GCC  CompilerVersion: 8.4.0
ProgramName: mris_topo_fixer  ProgramArguments: mris_topo_fixer -all-info  ProgramVersion: 7.3.2  TimeStamp: 2026/03/12-10:55:09-GMT  BuildTime: Aug  4 2022 06:17:15  BuildStamp: freesurfer-linux-ubuntu22_x86_64-7.3.2-20220804-6354275  User: oesteban  Machine: dna010  Platform: Linux  PlatformVersion: 5.14.0-427.37.1.el9_4.x86_64  CompilerName: GCC  CompilerVersion: 8.4.0
ProgramName: mris_jacobian  ProgramArguments: mris_jacobian -all-info  ProgramVersion: 7.3.2  TimeStamp: 2026/03/12-10:55:09-GMT  BuildTime: Aug  4 2022 06:17:15  BuildStamp: freesurfer-linux-ubuntu22_x86_64-7.3.2-20220804-6354275  User: oesteban  Machine: dna010  Platform: Linux  PlatformVersion: 5.14.0-427.37.1.el9_4.x86_64  CompilerName: GCC  CompilerVersion: 8.4.0
ProgramName: mris_label2annot  ProgramArguments: mris_label2annot -all-info  ProgramVersion: 7.3.2  TimeStamp: 2026/03/12-10:55:09-GMT  BuildTime: Aug  4 2022 06:17:15  BuildStamp: freesurfer-linux-ubuntu22_x86_64-7.3.2-20220804-6354275  User: oesteban  Machine: dna010  Platform: Linux  PlatformVersion: 5.14.0-427.37.1.el9_4.x86_64  CompilerName: GCC  CompilerVersion: 8.4.0
ProgramName: mris_left_right_register  ProgramArguments: mris_left_right_register -all-info  ProgramVersion: 7.3.2  TimeStamp: 2026/03/12-10:55:09-GMT  BuildTime: Aug  4 2022 06:17:15  BuildStamp: freesurfer-linux-ubuntu22_x86_64-7.3.2-20220804-6354275  User: oesteban  Machine: dna010  Platform: Linux  PlatformVersion: 5.14.0-427.37.1.el9_4.x86_64  CompilerName: GCC  CompilerVersion: 8.4.0
ProgramName: mris_place_surface  ProgramArguments: mris_place_surface -all-info  ProgramVersion: 7.3.2  TimeStamp: 2026/03/12-10:55:09-GMT  BuildTime: Aug  4 2022 06:17:15  BuildStamp: freesurfer-linux-ubuntu22_x86_64-7.3.2-20220804-6354275  User: oesteban  Machine: dna010  Platform: Linux  PlatformVersion: 5.14.0-427.37.1.el9_4.x86_64  CompilerName: GCC  CompilerVersion: 8.4.0
ProgramName: mrisp_paint  ProgramArguments: mrisp_paint -all-info  ProgramVersion: 7.3.2  TimeStamp: 2026/03/12-10:55:09-GMT  BuildTime: Aug  4 2022 06:17:15  BuildStamp: freesurfer-linux-ubuntu22_x86_64-7.3.2-20220804-6354275  User: oesteban  Machine: dna010  Platform: Linux  PlatformVersion: 5.14.0-427.37.1.el9_4.x86_64  CompilerName: GCC  CompilerVersion: 8.4.0
ProgramName: mris_register  ProgramArguments: mris_register -all-info  ProgramVersion: 7.3.2  TimeStamp: 2026/03/12-10:55:09-GMT  BuildTime: Aug  4 2022 06:17:15  BuildStamp: freesurfer-linux-ubuntu22_x86_64-7.3.2-20220804-6354275  User: oesteban  Machine: dna010  Platform: Linux  PlatformVersion: 5.14.0-427.37.1.el9_4.x86_64  CompilerName: GCC  CompilerVersion: 8.4.0
ProgramName: mris_smooth  ProgramArguments: mris_smooth -all-info  ProgramVersion: 7.3.2  TimeStamp: 2026/03/12-10:55:09-GMT  BuildTime: Aug  4 2022 06:17:15  BuildStamp: freesurfer-linux-ubuntu22_x86_64-7.3.2-20220804-6354275  User: oesteban  Machine: dna010  Platform: Linux  PlatformVersion: 5.14.0-427.37.1.el9_4.x86_64  CompilerName: GCC  CompilerVersion: 8.4.0
ProgramName: mris_sphere  ProgramArguments: mris_sphere -all-info  ProgramVersion: 7.3.2  TimeStamp: 2026/03/12-10:55:09-GMT  BuildTime: Aug  4 2022 06:17:15  BuildStamp: freesurfer-linux-ubuntu22_x86_64-7.3.2-20220804-6354275  User: oesteban  Machine: dna010  Platform: Linux  PlatformVersion: 5.14.0-427.37.1.el9_4.x86_64  CompilerName: GCC  CompilerVersion: 8.4.0
ProgramName: mris_surface_stats  ProgramArguments: mris_surface_stats -all-info  ProgramVersion: 7.3.2  TimeStamp: 2026/03/12-10:55:09-GMT  BuildTime: Aug  4 2022 06:17:15  BuildStamp: freesurfer-linux-ubuntu22_x86_64-7.3.2-20220804-6354275  User: oesteban  Machine: dna010  Platform: Linux  PlatformVersion: 5.14.0-427.37.1.el9_4.x86_64  CompilerName: GCC  CompilerVersion: 8.4.0
ProgramName: mri_stats2seg  ProgramArguments: mri_stats2seg -all-info  ProgramVersion: 7.3.2  TimeStamp: 2026/03/12-10:55:09-GMT  BuildTime: Aug  4 2022 06:17:15  BuildStamp: freesurfer-linux-ubuntu22_x86_64-7.3.2-20220804-6354275  User: oesteban  Machine: dna010  Platform: Linux  PlatformVersion: 5.14.0-427.37.1.el9_4.x86_64  CompilerName: GCC  CompilerVersion: 8.4.0
ProgramName: mris_thickness  ProgramArguments: mris_thickness -all-info  ProgramVersion: 7.3.2  TimeStamp: 2026/03/12-10:55:09-GMT  BuildTime: Aug  4 2022 06:17:15  BuildStamp: freesurfer-linux-ubuntu22_x86_64-7.3.2-20220804-6354275  User: oesteban  Machine: dna010  Platform: Linux  PlatformVersion: 5.14.0-427.37.1.el9_4.x86_64  CompilerName: GCC  CompilerVersion: 8.4.0
ProgramName: mris_thickness_diff  ProgramArguments: mris_thickness_diff -all-info  ProgramVersion: 7.3.2  TimeStamp: 2026/03/12-10:55:09-GMT  BuildTime: Aug  4 2022 06:17:15  BuildStamp: freesurfer-linux-ubuntu22_x86_64-7.3.2-20220804-6354275  User: oesteban  Machine: dna010  Platform: Linux  PlatformVersion: 5.14.0-427.37.1.el9_4.x86_64  CompilerName: GCC  CompilerVersion: 8.4.0
ProgramName: mris_topo_fixer  ProgramArguments: mris_topo_fixer -all-info  ProgramVersion: 7.3.2  TimeStamp: 2026/03/12-10:55:09-GMT  BuildTime: Aug  4 2022 06:17:15  BuildStamp: freesurfer-linux-ubuntu22_x86_64-7.3.2-20220804-6354275  User: oesteban  Machine: dna010  Platform: Linux  PlatformVersion: 5.14.0-427.37.1.el9_4.x86_64  CompilerName: GCC  CompilerVersion: 8.4.0
ProgramName: mri_surf2surf  ProgramArguments: mri_surf2surf -all-info  ProgramVersion: 7.3.2  TimeStamp: 2026/03/12-10:55:09-GMT  BuildTime: Aug  4 2022 06:17:15  BuildStamp: freesurfer-linux-ubuntu22_x86_64-7.3.2-20220804-6354275  User: oesteban  Machine: dna010  Platform: Linux  PlatformVersion: 5.14.0-427.37.1.el9_4.x86_64  CompilerName: GCC  CompilerVersion: 8.4.0
ProgramName: mri_surf2vol  ProgramArguments: mri_surf2vol -all-info  ProgramVersion: 7.3.2  TimeStamp: 2026/03/12-10:55:09-GMT  BuildTime: Aug  4 2022 06:17:15  BuildStamp: freesurfer-linux-ubuntu22_x86_64-7.3.2-20220804-6354275  User: oesteban  Machine: dna010  Platform: Linux  PlatformVersion: 5.14.0-427.37.1.el9_4.x86_64  CompilerName: GCC  CompilerVersion: 8.4.0
ProgramName: mri_surfcluster  ProgramArguments: mri_surfcluster -all-info  ProgramVersion: 7.3.2  TimeStamp: 2026/03/12-10:55:09-GMT  BuildTime: Aug  4 2022 06:17:15  BuildStamp: freesurfer-linux-ubuntu22_x86_64-7.3.2-20220804-6354275  User: oesteban  Machine: dna010  Platform: Linux  PlatformVersion: 5.14.0-427.37.1.el9_4.x86_64  CompilerName: GCC  CompilerVersion: 8.4.0
ProgramName: mris_volmask  ProgramArguments: mris_volmask -all-info  ProgramVersion: 7.3.2  TimeStamp: 2026/03/12-10:55:09-GMT  BuildTime: Aug  4 2022 06:17:15  BuildStamp: freesurfer-linux-ubuntu22_x86_64-7.3.2-20220804-6354275  User: oesteban  Machine: dna010  Platform: Linux  PlatformVersion: 5.14.0-427.37.1.el9_4.x86_64  CompilerName: GCC  CompilerVersion: 8.4.0
ProgramName: mri_tessellate  ProgramArguments: mri_tessellate -all-info  ProgramVersion: 7.3.2  TimeStamp: 2026/03/12-10:55:09-GMT  BuildTime: Aug  4 2022 06:17:15  BuildStamp: freesurfer-linux-ubuntu22_x86_64-7.3.2-20220804-6354275  User: oesteban  Machine: dna010  Platform: Linux  PlatformVersion: 5.14.0-427.37.1.el9_4.x86_64  CompilerName: GCC  CompilerVersion: 8.4.0
ProgramName: mri_vol2surf  ProgramArguments: mri_vol2surf -all-info  ProgramVersion: 7.3.2  TimeStamp: 2026/03/12-10:55:09-GMT  BuildTime: Aug  4 2022 06:17:15  BuildStamp: freesurfer-linux-ubuntu22_x86_64-7.3.2-20220804-6354275  User: oesteban  Machine: dna010  Platform: Linux  PlatformVersion: 5.14.0-427.37.1.el9_4.x86_64  CompilerName: GCC  CompilerVersion: 8.4.0
ProgramName: mri_vol2vol  ProgramArguments: mri_vol2vol -all-info  ProgramVersion: 7.3.2  TimeStamp: 2026/03/12-10:55:09-GMT  BuildTime: Aug  4 2022 06:17:15  BuildStamp: freesurfer-linux-ubuntu22_x86_64-7.3.2-20220804-6354275  User: oesteban  Machine: dna010  Platform: Linux  PlatformVersion: 5.14.0-427.37.1.el9_4.x86_64  CompilerName: GCC  CompilerVersion: 8.4.0
ProgramName: mri_voldiff  ProgramArguments: mri_voldiff -all-info  ProgramVersion: 7.3.2  TimeStamp: 2026/03/12-10:55:09-GMT  BuildTime: Aug  4 2022 06:17:15  BuildStamp: freesurfer-linux-ubuntu22_x86_64-7.3.2-20220804-6354275  User: oesteban  Machine: dna010  Platform: Linux  PlatformVersion: 5.14.0-427.37.1.el9_4.x86_64  CompilerName: GCC  CompilerVersion: 8.4.0
ProgramName: mri_watershed  ProgramArguments: mri_watershed -all-info  ProgramVersion: 7.3.2  TimeStamp: 2026/03/12-10:55:09-GMT  BuildTime: Aug  4 2022 06:17:15  BuildStamp: freesurfer-linux-ubuntu22_x86_64-7.3.2-20220804-6354275  User: oesteban  Machine: dna010  Platform: Linux  PlatformVersion: 5.14.0-427.37.1.el9_4.x86_64  CompilerName: GCC  CompilerVersion: 8.4.0
ProgramName: tkregister2  ProgramArguments: tkregister2_cmdl -all-info  ProgramVersion: 7.3.2  TimeStamp: 2026/03/12-10:55:09-GMT  BuildTime: Aug  4 2022 06:17:15  BuildStamp: freesurfer-linux-ubuntu22_x86_64-7.3.2-20220804-6354275  User: oesteban  Machine: dna010  Platform: Linux  PlatformVersion: 5.14.0-427.37.1.el9_4.x86_64  CompilerName: GCC  CompilerVersion: 8.4.0
mri_motion_correct.fsl 7.3.2
mri_convert -all-info 
ProgramName: mri_convert  ProgramArguments: mri_convert -all-info  ProgramVersion: 7.3.2  TimeStamp: 2026/03/12-10:55:09-GMT  BuildTime: Aug  4 2022 06:17:15  BuildStamp: freesurfer-linux-ubuntu22_x86_64-7.3.2-20220804-6354275  User: oesteban  Machine: dna010  Platform: Linux  PlatformVersion: 5.14.0-427.37.1.el9_4.x86_64  CompilerName: GCC  CompilerVersion: 8.4.0
Program nu_correct, built from:
Package MNI N3, version 1.12.0, compiled by nicks@terrier (x86_64-unknown-linux-gnu) on 2015-06-19 at 01:25:34
#######################################
GCADIR /opt/freesurfer/average
GCA RB_all_2020-01-02.gca
GCASkull RB_all_withskull_2020_01_02.gca
AvgCurvTif folding.atlas.acfb40.noaparc.i12.2016-08-02.tif
GCSDIR /opt/freesurfer/average
GCS DKaparc.atlas.acfb40.noaparc.i12.2016-08-02.gcs
#######################################
#-------------------------------------
#@# EM Registration Thu Mar 12 11:55:09 CET 2026
/out/sourcedata/freesurfer/sub-v1s16x0051160_ses-1/mri

 mri_em_register -uns 3 -mask brainmask.mgz nu.mgz /opt/freesurfer/average/RB_all_2020-01-02.gca transforms/talairach.lta 

setting unknown_nbr_spacing = 3
using MR volume brainmask.mgz to mask input volume...

== Number of threads available to mri_em_register for OpenMP = 16 == 
reading 1 input volumes...
logging results to talairach.log
reading '/opt/freesurfer/average/RB_all_2020-01-02.gca'...
GCAread took 0 minutes and 1 seconds.
average std = 7.2   using min determinant for regularization = 5.2
0 singular and 884 ill-conditioned covariance matrices regularized
reading 'nu.mgz'...
MRImask(): AllowDiffGeom = 1
MRImask(): AllowDiffGeom = 1
MRImask(): AllowDiffGeom = 1
MRImask(): AllowDiffGeom = 1
MRImask(): AllowDiffGeom = 1
freeing gibbs priors...done.
accounting for voxel sizes in initial transform
bounding unknown intensity as < 5.9 or > 519.0 
total sample mean = 79.1 (1017 zeros)
************************************************
spacing=8, using 2841 sample points, tol=1.00e-05...
************************************************
register_mri: find_optimal_transform
find_optimal_transform: nsamples 2841, passno 0, spacing 8
resetting wm mean[0]: 98 --> 107
resetting gm mean[0]: 61 --> 61
input volume #1 is the most T1-like
using real data threshold=19.0
skull bounding box = (63, 42, 52) --> (203, 151, 202)
finding center of left hemi white matter
using (110, 78, 127) as brain centroid of Right_Cerebral_White_Matter...
MRImask(): AllowDiffGeom = 1
mean wm in atlas = 107, using box (93,65,109) --> (127, 91,145) to find MRI wm
before smoothing, mri peak at 107
robust fit to distribution - 107 +- 3.7
after smoothing, mri peak at 107, scaling input intensities by 1.000
scaling channel 0 by 1
initial log_p = -4.526
************************************************
First Search limited to translation only.
************************************************
max log p =    -4.057374 @ (-10.526, 10.526, -10.526)
max log p =    -3.960088 @ (5.263, 5.263, -5.263)
max log p =    -3.946340 @ (-2.632, -2.632, -2.632)
max log p =    -3.923802 @ (-1.316, 1.316, 1.316)
max log p =    -3.920403 @ (0.658, 0.658, 0.658)
max log p =    -3.913116 @ (3.618, -0.987, 4.276)
max log p =    -3.913116 @ (0.000, 0.000, 0.000)
max log p =    -3.913116 @ (0.000, 0.000, 0.000)
Found translation: (-4.9, 14.1, -12.2): log p = -3.913
****************************************
Nine parameter search.  iteration 0 nscales = 0 ...
****************************************
Result so far: scale 1.000: max_log_p=-3.535, old_max_log_p =-3.913 (thresh=-3.9)
 0.99618   0.10394   0.04813  -21.01980;
-0.17898   1.21027   0.15867   4.45597;
-0.03885  -0.15505   1.13884  -7.07696;
 0.00000   0.00000   0.00000   1.00000;
iteration took 0 minutes and 12 seconds.
****************************************
Nine parameter search.  iteration 1 nscales = 0 ...
****************************************
Result so far: scale 1.000: max_log_p=-3.495, old_max_log_p =-3.535 (thresh=-3.5)
 1.07089   0.11173   0.05174  -32.10645;
-0.17238   1.22015   0.00866   20.12231;
-0.06188   0.00425   1.14980  -28.60341;
 0.00000   0.00000   0.00000   1.00000;
iteration took 0 minutes and 11 seconds.
****************************************
Nine parameter search.  iteration 2 nscales = 0 ...
****************************************
Result so far: scale 1.000: max_log_p=-3.495, old_max_log_p =-3.495 (thresh=-3.5)
 1.07089   0.11173   0.05174  -32.10645;
-0.17238   1.22015   0.00866   20.12231;
-0.06188   0.00425   1.14980  -28.60341;
 0.00000   0.00000   0.00000   1.00000;
reducing scale to 0.2500
iteration took 0 minutes and 11 seconds.
****************************************
Nine parameter search.  iteration 3 nscales = 1 ...
****************************************
Result so far: scale 0.250: max_log_p=-3.340, old_max_log_p =-3.495 (thresh=-3.5)
 1.04533   0.10455   0.12426  -38.76435;
-0.17606   1.21782   0.08384   11.56903;
-0.12040  -0.08270   1.14094  -7.41499;
 0.00000   0.00000   0.00000   1.00000;
iteration took 0 minutes and 11 seconds.
****************************************
Nine parameter search.  iteration 4 nscales = 1 ...
****************************************
Result so far: scale 0.250: max_log_p=-3.337, old_max_log_p =-3.340 (thresh=-3.3)
 1.03070   0.06337   0.12037  -32.23491;
-0.14031   1.24557   0.05145   7.90708;
-0.12610  -0.04281   1.14307  -10.87912;
 0.00000   0.00000   0.00000   1.00000;
reducing scale to 0.0625
iteration took 0 minutes and 12 seconds.
****************************************
Nine parameter search.  iteration 5 nscales = 2 ...
****************************************
Result so far: scale 0.062: max_log_p=-3.299, old_max_log_p =-3.337 (thresh=-3.3)
 1.02947   0.08384   0.12134  -34.69437;
-0.15938   1.24495   0.06825   8.95986;
-0.12395  -0.06339   1.14613  -10.42529;
 0.00000   0.00000   0.00000   1.00000;
iteration took 0 minutes and 15 seconds.
****************************************
Nine parameter search.  iteration 6 nscales = 2 ...
****************************************
Result so far: scale 0.062: max_log_p=-3.289, old_max_log_p =-3.299 (thresh=-3.3)
 1.02947   0.08384   0.12134  -34.69437;
-0.15901   1.24203   0.06809   9.21844;
-0.12424  -0.06354   1.14881  -10.22806;
 0.00000   0.00000   0.00000   1.00000;
iteration took 0 minutes and 15 seconds.
****************************************
Nine parameter search.  iteration 7 nscales = 2 ...
****************************************
Result so far: scale 0.062: max_log_p=-3.288, old_max_log_p =-3.289 (thresh=-3.3)
 1.03188   0.08404   0.12163  -35.07288;
-0.15901   1.24203   0.06809   9.21844;
-0.12424  -0.06354   1.14881  -10.22806;
 0.00000   0.00000   0.00000   1.00000;
min search scale 0.025000 reached
***********************************************
Computing MAP estimate using 2841 samples...
***********************************************
dt = 5.00e-06, momentum=0.80, tol=1.00e-05
l_intensity = 1.0000
Aligning input volume to GCA...
Transform matrix
 1.03188   0.08404   0.12163  -35.07288;
-0.15901   1.24203   0.06809   9.21844;
-0.12424  -0.06354   1.14881  -10.22806;
 0.00000   0.00000   0.00000   1.00000;
nsamples 2841
Quasinewton: input matrix
 1.03188   0.08404   0.12163  -35.07288;
-0.15901   1.24203   0.06809   9.21844;
-0.12424  -0.06354   1.14881  -10.22806;
 0.00000   0.00000   0.00000   1.00000;
 IFLAG= -1  LINE SEARCH FAILED. SEE DOCUMENTATION OF ROUTINE MCSRCH ERROR RETURN OF LINE SEARCH: INFO= 3 POSSIBLE CAUSES: FUNCTION OR GRADIENT ARE INCORRECT OR INCORRECT TOLERANCESoutof QuasiNewtonEMA: 010: -log(p) =   -0.0  tol 0.000010
Resulting transform:
 1.03188   0.08404   0.12163  -35.07288;
-0.15901   1.24203   0.06809   9.21844;
-0.12424  -0.06354   1.14881  -10.22806;
 0.00000   0.00000   0.00000   1.00000;

pass 1, spacing 8: log(p) = -3.288 (old=-4.526)
transform before final EM align:
 1.03188   0.08404   0.12163  -35.07288;
-0.15901   1.24203   0.06809   9.21844;
-0.12424  -0.06354   1.14881  -10.22806;
 0.00000   0.00000   0.00000   1.00000;

**************************************************
 EM alignment process ...
 Computing final MAP estimate using 315638 samples. 
**************************************************
dt = 5.00e-06, momentum=0.80, tol=1.00e-07
l_intensity = 1.0000
Aligning input volume to GCA...
Transform matrix
 1.03188   0.08404   0.12163  -35.07288;
-0.15901   1.24203   0.06809   9.21844;
-0.12424  -0.06354   1.14881  -10.22806;
 0.00000   0.00000   0.00000   1.00000;
nsamples 315638
Quasinewton: input matrix
 1.03188   0.08404   0.12163  -35.07288;
-0.15901   1.24203   0.06809   9.21844;
-0.12424  -0.06354   1.14881  -10.22806;
 0.00000   0.00000   0.00000   1.00000;
 IFLAG= -1  LINE SEARCH FAILED. SEE DOCUMENTATION OF ROUTINE MCSRCH ERROR RETURN OF LINE SEARCH: INFO= 3 POSSIBLE CAUSES: FUNCTION OR GRADIENT ARE INCORRECT OR INCORRECT TOLERANCESoutof QuasiNewtonEMA: 012: -log(p) =    3.8  tol 0.000000
final transform:
 1.03188   0.08404   0.12163  -35.07288;
-0.15901   1.24203   0.06809   9.21844;
-0.12424  -0.06354   1.14881  -10.22806;
 0.00000   0.00000   0.00000   1.00000;

writing output transformation to transforms/talairach.lta...
#VMPC# mri_em_register VmPeak  891284
FSRUNTIME@ mri_em_register  0.0416 hours 16 threads
registration took 2 minutes and 30 seconds.

Started at Thu Mar 12 11:55:09 CET 2026 
Ended   at Thu Mar 12 11:57:39 CET 2026
#@#%# recon-all-run-time-hours 0.042
recon-all -s sub-v1s16x0051160_ses-1 finished without error at Thu Mar 12 11:57:39 CET 2026



#New# invocation of recon-all 




Thu Mar 12 11:57:43 CET 2026
cd /out/sourcedata/freesurfer/sub-v1s16x0051160_ses-1
setenv SUBJECTS_DIR /out/sourcedata/freesurfer
/opt/freesurfer/bin/recon-all -autorecon2-volonly -openmp 16 -subjid sub-v1s16x0051160_ses-1 -sd /out/sourcedata/freesurfer -nogcareg

subjid sub-v1s16x0051160_ses-1
setenv SUBJECTS_DIR /out/sourcedata/freesurfer
FREESURFER_HOME /opt/freesurfer
Actual FREESURFER_HOME /opt/freesurfer
build-stamp.txt: freesurfer-linux-ubuntu22_x86_64-7.3.2-20220804-6354275
Linux dna010 5.14.0-427.37.1.el9_4.x86_64 #1 SMP PREEMPT_DYNAMIC Fri Sep 13 12:41:50 EDT 2024 x86_64 x86_64 x86_64 GNU/Linux
cputime      unlimited
filesize     unlimited
datasize     unlimited
stacksize    8192 kbytes
coredumpsize 0 kbytes
memoryuse    67108864 kbytes
vmemoryuse   unlimited
descriptors  1024 
memorylocked unlimited
maxproc      2061970 
maxlocks     unlimited
maxsignal    2061970 
maxmessage   819200 
maxnice      0 
maxrtprio    0 
maxrttime    unlimited

               total        used        free      shared  buff/cache   available
Mem:           503Gi        48Gi       397Gi       9.5Gi        57Gi       442Gi
Swap:             0B          0B          0B

########################################
program versions used
7.3.2 (freesurfer-linux-ubuntu22_x86_64-7.3.2-20220804-6354275)
7.3.2

ProgramName: lta_convert  ProgramArguments: lta_convert -all-info  ProgramVersion: 7.3.2  TimeStamp: 2026/03/12-10:57:43-GMT  BuildTime: Aug  4 2022 06:17:15  BuildStamp: freesurfer-linux-ubuntu22_x86_64-7.3.2-20220804-6354275  User: oesteban  Machine: dna010  Platform: Linux  PlatformVersion: 5.14.0-427.37.1.el9_4.x86_64  CompilerName: GCC  CompilerVersion: 8.4.0
ProgramName: mri_and  ProgramArguments: mri_and -all-info  ProgramVersion: 7.3.2  TimeStamp: 2026/03/12-10:57:43-GMT  BuildTime: Aug  4 2022 06:17:15  BuildStamp: freesurfer-linux-ubuntu22_x86_64-7.3.2-20220804-6354275  User: oesteban  Machine: dna010  Platform: Linux  PlatformVersion: 5.14.0-427.37.1.el9_4.x86_64  CompilerName: GCC  CompilerVersion: 8.4.0
ProgramName: mri_annotation2label  ProgramArguments: mri_annotation2label -all-info  ProgramVersion: 7.3.2  TimeStamp: 2026/03/12-10:57:43-GMT  BuildTime: Aug  4 2022 06:17:15  BuildStamp: freesurfer-linux-ubuntu22_x86_64-7.3.2-20220804-6354275  User: oesteban  Machine: dna010  Platform: Linux  PlatformVersion: 5.14.0-427.37.1.el9_4.x86_64  CompilerName: GCC  CompilerVersion: 8.4.0
ProgramName: mri_aparc2aseg  ProgramArguments: mri_aparc2aseg -all-info  ProgramVersion: 7.3.2  TimeStamp: 2026/03/12-10:57:43-GMT  BuildTime: Aug  4 2022 06:17:15  BuildStamp: freesurfer-linux-ubuntu22_x86_64-7.3.2-20220804-6354275  User: oesteban  Machine: dna010  Platform: Linux  PlatformVersion: 5.14.0-427.37.1.el9_4.x86_64  CompilerName: GCC  CompilerVersion: 8.4.0
ProgramName: mri_surf2volseg  ProgramArguments: mri_surf2volseg -all-info  ProgramVersion: 7.3.2  TimeStamp: 2026/03/12-10:57:43-GMT  BuildTime: Aug  4 2022 06:17:15  BuildStamp: freesurfer-linux-ubuntu22_x86_64-7.3.2-20220804-6354275  User: oesteban  Machine: dna010  Platform: Linux  PlatformVersion: 5.14.0-427.37.1.el9_4.x86_64  CompilerName: GCC  CompilerVersion: 8.4.0
ProgramName: mri_binarize  ProgramArguments: mri_binarize -all-info  ProgramVersion: 7.3.2  TimeStamp: 2026/03/12-10:57:43-GMT  BuildTime: Aug  4 2022 06:17:15  BuildStamp: freesurfer-linux-ubuntu22_x86_64-7.3.2-20220804-6354275  User: oesteban  Machine: dna010  Platform: Linux  PlatformVersion: 5.14.0-427.37.1.el9_4.x86_64  CompilerName: GCC  CompilerVersion: 8.4.0
ProgramName: mri_ca_label  ProgramArguments: mri_ca_label -all-info  ProgramVersion: 7.3.2  TimeStamp: 2026/03/12-10:57:43-GMT  BuildTime: Aug  4 2022 06:17:15  BuildStamp: freesurfer-linux-ubuntu22_x86_64-7.3.2-20220804-6354275  User: oesteban  Machine: dna010  Platform: Linux  PlatformVersion: 5.14.0-427.37.1.el9_4.x86_64  CompilerName: GCC  CompilerVersion: 8.4.0
ProgramName: mri_ca_normalize  ProgramArguments: mri_ca_normalize -all-info  ProgramVersion: 7.3.2  TimeStamp: 2026/03/12-10:57:43-GMT  BuildTime: Aug  4 2022 06:17:15  BuildStamp: freesurfer-linux-ubuntu22_x86_64-7.3.2-20220804-6354275  User: oesteban  Machine: dna010  Platform: Linux  PlatformVersion: 5.14.0-427.37.1.el9_4.x86_64  CompilerName: GCC  CompilerVersion: 8.4.0
ProgramName: mri_ca_register  ProgramArguments: mri_ca_register -all-info  ProgramVersion: 7.3.2  TimeStamp: 2026/03/12-10:57:43-GMT  BuildTime: Aug  4 2022 06:17:15  BuildStamp: freesurfer-linux-ubuntu22_x86_64-7.3.2-20220804-6354275  User: oesteban  Machine: dna010  Platform: Linux  PlatformVersion: 5.14.0-427.37.1.el9_4.x86_64  CompilerName: GCC  CompilerVersion: 8.4.0
ProgramName: mri_cc  ProgramArguments: mri_cc -all-info  ProgramVersion: 7.3.2  TimeStamp: 2026/03/12-10:57:43-GMT  BuildTime: Aug  4 2022 06:17:15  BuildStamp: freesurfer-linux-ubuntu22_x86_64-7.3.2-20220804-6354275  User: oesteban  Machine: dna010  Platform: Linux  PlatformVersion: 5.14.0-427.37.1.el9_4.x86_64  CompilerName: GCC  CompilerVersion: 8.4.0
ProgramName: mri_compute_overlap  ProgramArguments: mri_compute_overlap -all-info  ProgramVersion: 7.3.2  TimeStamp: 2026/03/12-10:57:43-GMT  BuildTime: Aug  4 2022 06:17:15  BuildStamp: freesurfer-linux-ubuntu22_x86_64-7.3.2-20220804-6354275  User: oesteban  Machine: dna010  Platform: Linux  PlatformVersion: 5.14.0-427.37.1.el9_4.x86_64  CompilerName: GCC  CompilerVersion: 8.4.0
ProgramName: mri_compute_seg_overlap  ProgramArguments: mri_compute_seg_overlap -all-info  ProgramVersion: 7.3.2  TimeStamp: 2026/03/12-10:57:43-GMT  BuildTime: Aug  4 2022 06:17:15  BuildStamp: freesurfer-linux-ubuntu22_x86_64-7.3.2-20220804-6354275  User: oesteban  Machine: dna010  Platform: Linux  PlatformVersion: 5.14.0-427.37.1.el9_4.x86_64  CompilerName: GCC  CompilerVersion: 8.4.0
ProgramName: mri_concat  ProgramArguments: mri_concat -all-info  ProgramVersion: 7.3.2  TimeStamp: 2026/03/12-10:57:43-GMT  BuildTime: Aug  4 2022 06:17:15  BuildStamp: freesurfer-linux-ubuntu22_x86_64-7.3.2-20220804-6354275  User: oesteban  Machine: dna010  Platform: Linux  PlatformVersion: 5.14.0-427.37.1.el9_4.x86_64  CompilerName: GCC  CompilerVersion: 8.4.0
ProgramName: mri_concatenate_lta  ProgramArguments: mri_concatenate_lta -all-info  ProgramVersion: 7.3.2  TimeStamp: 2026/03/12-10:57:43-GMT  BuildTime: Aug  4 2022 06:17:15  BuildStamp: freesurfer-linux-ubuntu22_x86_64-7.3.2-20220804-6354275  User: oesteban  Machine: dna010  Platform: Linux  PlatformVersion: 5.14.0-427.37.1.el9_4.x86_64  CompilerName: GCC  CompilerVersion: 8.4.0
mri_convert -all-info 
ProgramName: mri_convert  ProgramArguments: mri_convert -all-info  ProgramVersion: 7.3.2  TimeStamp: 2026/03/12-10:57:43-GMT  BuildTime: Aug  4 2022 06:17:15  BuildStamp: freesurfer-linux-ubuntu22_x86_64-7.3.2-20220804-6354275  User: oesteban  Machine: dna010  Platform: Linux  PlatformVersion: 5.14.0-427.37.1.el9_4.x86_64  CompilerName: GCC  CompilerVersion: 8.4.0
ProgramName: mri_diff  ProgramArguments: mri_diff -all-info  ProgramVersion: 7.3.2  TimeStamp: 2026/03/12-10:57:43-GMT  BuildTime: Aug  4 2022 06:17:15  BuildStamp: freesurfer-linux-ubuntu22_x86_64-7.3.2-20220804-6354275  User: oesteban  Machine: dna010  Platform: Linux  PlatformVersion: 5.14.0-427.37.1.el9_4.x86_64  CompilerName: GCC  CompilerVersion: 8.4.0
ProgramName: mri_edit_wm_with_aseg  ProgramArguments: mri_edit_wm_with_aseg -all-info  ProgramVersion: 7.3.2  TimeStamp: 2026/03/12-10:57:43-GMT  BuildTime: Aug  4 2022 06:17:15  BuildStamp: freesurfer-linux-ubuntu22_x86_64-7.3.2-20220804-6354275  User: oesteban  Machine: dna010  Platform: Linux  PlatformVersion: 5.14.0-427.37.1.el9_4.x86_64  CompilerName: GCC  CompilerVersion: 8.4.0
ProgramName: mri_em_register  ProgramArguments: mri_em_register -all-info  ProgramVersion: 7.3.2  TimeStamp: 2026/03/12-10:57:43-GMT  BuildTime: Aug  4 2022 06:17:15  BuildStamp: freesurfer-linux-ubuntu22_x86_64-7.3.2-20220804-6354275  User: oesteban  Machine: dna010  Platform: Linux  PlatformVersion: 5.14.0-427.37.1.el9_4.x86_64  CompilerName: GCC  CompilerVersion: 8.4.0
ProgramName: mri_fill  ProgramArguments: mri_fill -all-info  ProgramVersion: 7.3.2  TimeStamp: 2026/03/12-10:57:43-GMT  BuildTime: Aug  4 2022 06:17:15  BuildStamp: freesurfer-linux-ubuntu22_x86_64-7.3.2-20220804-6354275  User: oesteban  Machine: dna010  Platform: Linux  PlatformVersion: 5.14.0-427.37.1.el9_4.x86_64  CompilerName: GCC  CompilerVersion: 8.4.0
ProgramName: mri_fuse_segmentations  ProgramArguments: mri_fuse_segmentations -all-info  ProgramVersion: 7.3.2  TimeStamp: 2026/03/12-10:57:43-GMT  BuildTime: Aug  4 2022 06:17:15  BuildStamp: freesurfer-linux-ubuntu22_x86_64-7.3.2-20220804-6354275  User: oesteban  Machine: dna010  Platform: Linux  PlatformVersion: 5.14.0-427.37.1.el9_4.x86_64  CompilerName: GCC  CompilerVersion: 8.4.0
ProgramName: mri_fwhm  ProgramArguments: mri_fwhm -all-info  ProgramVersion: 7.3.2  TimeStamp: 2026/03/12-10:57:43-GMT  BuildTime: Aug  4 2022 06:17:15  BuildStamp: freesurfer-linux-ubuntu22_x86_64-7.3.2-20220804-6354275  User: oesteban  Machine: dna010  Platform: Linux  PlatformVersion: 5.14.0-427.37.1.el9_4.x86_64  CompilerName: GCC  CompilerVersion: 8.4.0
ProgramName: mri_gcut  ProgramArguments: mri_gcut -all-info  ProgramVersion: 7.3.2  TimeStamp: 2026/03/12-10:57:43-GMT  BuildTime: Aug  4 2022 06:17:15  BuildStamp: freesurfer-linux-ubuntu22_x86_64-7.3.2-20220804-6354275  User: oesteban  Machine: dna010  Platform: Linux  PlatformVersion: 5.14.0-427.37.1.el9_4.x86_64  CompilerName: GCC  CompilerVersion: 8.4.0
ProgramName: mri_info  ProgramArguments: mri_info -all-info  ProgramVersion: 7.3.2  TimeStamp: 2026/03/12-10:57:43-GMT  BuildTime: Aug  4 2022 06:17:15  BuildStamp: freesurfer-linux-ubuntu22_x86_64-7.3.2-20220804-6354275  User: oesteban  Machine: dna010  Platform: Linux  PlatformVersion: 5.14.0-427.37.1.el9_4.x86_64  CompilerName: GCC  CompilerVersion: 8.4.0
ProgramName: mri_label2label  ProgramArguments: mri_label2label -all-info  ProgramVersion: 7.3.2  TimeStamp: 2026/03/12-10:57:43-GMT  BuildTime: Aug  4 2022 06:17:15  BuildStamp: freesurfer-linux-ubuntu22_x86_64-7.3.2-20220804-6354275  User: oesteban  Machine: dna010  Platform: Linux  PlatformVersion: 5.14.0-427.37.1.el9_4.x86_64  CompilerName: GCC  CompilerVersion: 8.4.0
ProgramName: mri_label2vol  ProgramArguments: mri_label2vol -all-info  ProgramVersion: 7.3.2  TimeStamp: 2026/03/12-10:57:43-GMT  BuildTime: Aug  4 2022 06:17:15  BuildStamp: freesurfer-linux-ubuntu22_x86_64-7.3.2-20220804-6354275  User: oesteban  Machine: dna010  Platform: Linux  PlatformVersion: 5.14.0-427.37.1.el9_4.x86_64  CompilerName: GCC  CompilerVersion: 8.4.0
ProgramName: mri_log_likelihood  ProgramArguments: mri_log_likelihood -all-info  ProgramVersion: 7.3.2  TimeStamp: 2026/03/12-10:57:43-GMT  BuildTime: Aug  4 2022 06:17:15  BuildStamp: freesurfer-linux-ubuntu22_x86_64-7.3.2-20220804-6354275  User: oesteban  Machine: dna010  Platform: Linux  PlatformVersion: 5.14.0-427.37.1.el9_4.x86_64  CompilerName: GCC  CompilerVersion: 8.4.0
ProgramName: mri_mask  ProgramArguments: mri_mask -all-info  ProgramVersion: 7.3.2  TimeStamp: 2026/03/12-10:57:43-GMT  BuildTime: Aug  4 2022 06:17:15  BuildStamp: freesurfer-linux-ubuntu22_x86_64-7.3.2-20220804-6354275  User: oesteban  Machine: dna010  Platform: Linux  PlatformVersion: 5.14.0-427.37.1.el9_4.x86_64  CompilerName: GCC  CompilerVersion: 8.4.0
ProgramName: mri_matrix_multiply  ProgramArguments: mri_matrix_multiply -all-info  ProgramVersion: 7.3.2  TimeStamp: 2026/03/12-10:57:43-GMT  BuildTime: Aug  4 2022 06:17:15  BuildStamp: freesurfer-linux-ubuntu22_x86_64-7.3.2-20220804-6354275  User: oesteban  Machine: dna010  Platform: Linux  PlatformVersion: 5.14.0-427.37.1.el9_4.x86_64  CompilerName: GCC  CompilerVersion: 8.4.0
ProgramName: mri_normalize  ProgramArguments: mri_normalize -all-info  ProgramVersion: 7.3.2  TimeStamp: 2026/03/12-10:57:43-GMT  BuildTime: Aug  4 2022 06:17:15  BuildStamp: freesurfer-linux-ubuntu22_x86_64-7.3.2-20220804-6354275  User: oesteban  Machine: dna010  Platform: Linux  PlatformVersion: 5.14.0-427.37.1.el9_4.x86_64  CompilerName: GCC  CompilerVersion: 8.4.0
ProgramName: mri_normalize_tp2  ProgramArguments: mri_normalize_tp2 -all-info  ProgramVersion: 7.3.2  TimeStamp: 2026/03/12-10:57:43-GMT  BuildTime: Aug  4 2022 06:17:15  BuildStamp: freesurfer-linux-ubuntu22_x86_64-7.3.2-20220804-6354275  User: oesteban  Machine: dna010  Platform: Linux  PlatformVersion: 5.14.0-427.37.1.el9_4.x86_64  CompilerName: GCC  CompilerVersion: 8.4.0
ProgramName: mri_or  ProgramArguments: mri_or -all-info  ProgramVersion: 7.3.2  TimeStamp: 2026/03/12-10:57:43-GMT  BuildTime: Aug  4 2022 06:17:15  BuildStamp: freesurfer-linux-ubuntu22_x86_64-7.3.2-20220804-6354275  User: oesteban  Machine: dna010  Platform: Linux  PlatformVersion: 5.14.0-427.37.1.el9_4.x86_64  CompilerName: GCC  CompilerVersion: 8.4.0
ProgramName: mri_relabel_hypointensities  ProgramArguments: mri_relabel_hypointensities -all-info  ProgramVersion: 7.3.2  TimeStamp: 2026/03/12-10:57:43-GMT  BuildTime: Aug  4 2022 06:17:15  BuildStamp: freesurfer-linux-ubuntu22_x86_64-7.3.2-20220804-6354275  User: oesteban  Machine: dna010  Platform: Linux  PlatformVersion: 5.14.0-427.37.1.el9_4.x86_64  CompilerName: GCC  CompilerVersion: 8.4.0
ProgramName: mri_relabel_nonwm_hypos  ProgramArguments: mri_relabel_nonwm_hypos -all-info  ProgramVersion: 7.3.2  TimeStamp: 2026/03/12-10:57:43-GMT  BuildTime: Aug  4 2022 06:17:15  BuildStamp: freesurfer-linux-ubuntu22_x86_64-7.3.2-20220804-6354275  User: oesteban  Machine: dna010  Platform: Linux  PlatformVersion: 5.14.0-427.37.1.el9_4.x86_64  CompilerName: GCC  CompilerVersion: 8.4.0
ProgramName: mri_remove_neck  ProgramArguments: mri_remove_neck -all-info  ProgramVersion: 7.3.2  TimeStamp: 2026/03/12-10:57:43-GMT  BuildTime: Aug  4 2022 06:17:15  BuildStamp: freesurfer-linux-ubuntu22_x86_64-7.3.2-20220804-6354275  User: oesteban  Machine: dna010  Platform: Linux  PlatformVersion: 5.14.0-427.37.1.el9_4.x86_64  CompilerName: GCC  CompilerVersion: 8.4.0
7.3.2

ProgramName: mri_robust_register  ProgramArguments: mri_robust_register -all-info  ProgramVersion: 7.3.2  TimeStamp: 2026/03/12-10:57:43-GMT  BuildTime: Aug  4 2022 06:17:15  BuildStamp: freesurfer-linux-ubuntu22_x86_64-7.3.2-20220804-6354275  User: oesteban  Machine: dna010  Platform: Linux  PlatformVersion: 5.14.0-427.37.1.el9_4.x86_64  CompilerName: GCC  CompilerVersion: 8.4.0
7.3.2

ProgramName: mri_robust_template  ProgramArguments: mri_robust_template -all-info  ProgramVersion: 7.3.2  TimeStamp: 2026/03/12-10:57:43-GMT  BuildTime: Aug  4 2022 06:17:15  BuildStamp: freesurfer-linux-ubuntu22_x86_64-7.3.2-20220804-6354275  User: oesteban  Machine: dna010  Platform: Linux  PlatformVersion: 5.14.0-427.37.1.el9_4.x86_64  CompilerName: GCC  CompilerVersion: 8.4.0
ProgramName: mris_anatomical_stats  ProgramArguments: mris_anatomical_stats -all-info  ProgramVersion: 7.3.2  TimeStamp: 2026/03/12-10:57:43-GMT  BuildTime: Aug  4 2022 06:17:15  BuildStamp: freesurfer-linux-ubuntu22_x86_64-7.3.2-20220804-6354275  User: oesteban  Machine: dna010  Platform: Linux  PlatformVersion: 5.14.0-427.37.1.el9_4.x86_64  CompilerName: GCC  CompilerVersion: 8.4.0
ProgramName: mris_ca_label  ProgramArguments: mris_ca_label -all-info  ProgramVersion: 7.3.2  TimeStamp: 2026/03/12-10:57:43-GMT  BuildTime: Aug  4 2022 06:17:15  BuildStamp: freesurfer-linux-ubuntu22_x86_64-7.3.2-20220804-6354275  User: oesteban  Machine: dna010  Platform: Linux  PlatformVersion: 5.14.0-427.37.1.el9_4.x86_64  CompilerName: GCC  CompilerVersion: 8.4.0
ProgramName: mris_calc  ProgramArguments: mris_calc -all-info  ProgramVersion: 7.3.2  TimeStamp: 2026/03/12-10:57:43-GMT  BuildTime: Aug  4 2022 06:17:15  BuildStamp: freesurfer-linux-ubuntu22_x86_64-7.3.2-20220804-6354275  User: oesteban  Machine: dna010  Platform: Linux  PlatformVersion: 5.14.0-427.37.1.el9_4.x86_64  CompilerName: GCC  CompilerVersion: 8.4.0
ProgramName: mris_convert  ProgramArguments: mris_convert -all-info  ProgramVersion: 7.3.2  TimeStamp: 2026/03/12-10:57:43-GMT  BuildTime: Aug  4 2022 06:17:15  BuildStamp: freesurfer-linux-ubuntu22_x86_64-7.3.2-20220804-6354275  User: oesteban  Machine: dna010  Platform: Linux  PlatformVersion: 5.14.0-427.37.1.el9_4.x86_64  CompilerName: GCC  CompilerVersion: 8.4.0
ProgramName: mris_curvature  ProgramArguments: mris_curvature -all-info  ProgramVersion: 7.3.2  TimeStamp: 2026/03/12-10:57:43-GMT  BuildTime: Aug  4 2022 06:17:15  BuildStamp: freesurfer-linux-ubuntu22_x86_64-7.3.2-20220804-6354275  User: oesteban  Machine: dna010  Platform: Linux  PlatformVersion: 5.14.0-427.37.1.el9_4.x86_64  CompilerName: GCC  CompilerVersion: 8.4.0
ProgramName: mris_curvature_stats  ProgramArguments: mris_curvature_stats -all-info  ProgramVersion: 7.3.2  TimeStamp: 2026/03/12-10:57:43-GMT  BuildTime: Aug  4 2022 06:17:15  BuildStamp: freesurfer-linux-ubuntu22_x86_64-7.3.2-20220804-6354275  User: oesteban  Machine: dna010  Platform: Linux  PlatformVersion: 5.14.0-427.37.1.el9_4.x86_64  CompilerName: GCC  CompilerVersion: 8.4.0
ProgramName: mris_diff  ProgramArguments: mris_diff -all-info  ProgramVersion: 7.3.2  TimeStamp: 2026/03/12-10:57:43-GMT  BuildTime: Aug  4 2022 06:17:15  BuildStamp: freesurfer-linux-ubuntu22_x86_64-7.3.2-20220804-6354275  User: oesteban  Machine: dna010  Platform: Linux  PlatformVersion: 5.14.0-427.37.1.el9_4.x86_64  CompilerName: GCC  CompilerVersion: 8.4.0
ProgramName: mris_divide_parcellation  ProgramArguments: mris_divide_parcellation -all-info  ProgramVersion: 7.3.2  TimeStamp: 2026/03/12-10:57:43-GMT  BuildTime: Aug  4 2022 06:17:15  BuildStamp: freesurfer-linux-ubuntu22_x86_64-7.3.2-20220804-6354275  User: oesteban  Machine: dna010  Platform: Linux  PlatformVersion: 5.14.0-427.37.1.el9_4.x86_64  CompilerName: GCC  CompilerVersion: 8.4.0
ProgramName: mri_segment  ProgramArguments: mri_segment -all-info  ProgramVersion: 7.3.2  TimeStamp: 2026/03/12-10:57:43-GMT  BuildTime: Aug  4 2022 06:17:15  BuildStamp: freesurfer-linux-ubuntu22_x86_64-7.3.2-20220804-6354275  User: oesteban  Machine: dna010  Platform: Linux  PlatformVersion: 5.14.0-427.37.1.el9_4.x86_64  CompilerName: GCC  CompilerVersion: 8.4.0
ProgramName: mri_segstats  ProgramArguments: mri_segstats -all-info  ProgramVersion: 7.3.2  TimeStamp: 2026/03/12-10:57:43-GMT  BuildTime: Aug  4 2022 06:17:15  BuildStamp: freesurfer-linux-ubuntu22_x86_64-7.3.2-20220804-6354275  User: oesteban  Machine: dna010  Platform: Linux  PlatformVersion: 5.14.0-427.37.1.el9_4.x86_64  CompilerName: GCC  CompilerVersion: 8.4.0
ProgramName: mris_euler_number  ProgramArguments: mris_euler_number -all-info  ProgramVersion: 7.3.2  TimeStamp: 2026/03/12-10:57:43-GMT  BuildTime: Aug  4 2022 06:17:15  BuildStamp: freesurfer-linux-ubuntu22_x86_64-7.3.2-20220804-6354275  User: oesteban  Machine: dna010  Platform: Linux  PlatformVersion: 5.14.0-427.37.1.el9_4.x86_64  CompilerName: GCC  CompilerVersion: 8.4.0
ProgramName: mris_fix_topology  ProgramArguments: mris_fix_topology -all-info  ProgramVersion: 7.3.2  TimeStamp: 2026/03/12-10:57:43-GMT  BuildTime: Aug  4 2022 06:17:15  BuildStamp: freesurfer-linux-ubuntu22_x86_64-7.3.2-20220804-6354275  User: oesteban  Machine: dna010  Platform: Linux  PlatformVersion: 5.14.0-427.37.1.el9_4.x86_64  CompilerName: GCC  CompilerVersion: 8.4.0
ProgramName: mris_topo_fixer  ProgramArguments: mris_topo_fixer -all-info  ProgramVersion: 7.3.2  TimeStamp: 2026/03/12-10:57:43-GMT  BuildTime: Aug  4 2022 06:17:15  BuildStamp: freesurfer-linux-ubuntu22_x86_64-7.3.2-20220804-6354275  User: oesteban  Machine: dna010  Platform: Linux  PlatformVersion: 5.14.0-427.37.1.el9_4.x86_64  CompilerName: GCC  CompilerVersion: 8.4.0
ProgramName: mris_jacobian  ProgramArguments: mris_jacobian -all-info  ProgramVersion: 7.3.2  TimeStamp: 2026/03/12-10:57:43-GMT  BuildTime: Aug  4 2022 06:17:15  BuildStamp: freesurfer-linux-ubuntu22_x86_64-7.3.2-20220804-6354275  User: oesteban  Machine: dna010  Platform: Linux  PlatformVersion: 5.14.0-427.37.1.el9_4.x86_64  CompilerName: GCC  CompilerVersion: 8.4.0
ProgramName: mris_label2annot  ProgramArguments: mris_label2annot -all-info  ProgramVersion: 7.3.2  TimeStamp: 2026/03/12-10:57:43-GMT  BuildTime: Aug  4 2022 06:17:15  BuildStamp: freesurfer-linux-ubuntu22_x86_64-7.3.2-20220804-6354275  User: oesteban  Machine: dna010  Platform: Linux  PlatformVersion: 5.14.0-427.37.1.el9_4.x86_64  CompilerName: GCC  CompilerVersion: 8.4.0
ProgramName: mris_left_right_register  ProgramArguments: mris_left_right_register -all-info  ProgramVersion: 7.3.2  TimeStamp: 2026/03/12-10:57:43-GMT  BuildTime: Aug  4 2022 06:17:15  BuildStamp: freesurfer-linux-ubuntu22_x86_64-7.3.2-20220804-6354275  User: oesteban  Machine: dna010  Platform: Linux  PlatformVersion: 5.14.0-427.37.1.el9_4.x86_64  CompilerName: GCC  CompilerVersion: 8.4.0
ProgramName: mris_place_surface  ProgramArguments: mris_place_surface -all-info  ProgramVersion: 7.3.2  TimeStamp: 2026/03/12-10:57:43-GMT  BuildTime: Aug  4 2022 06:17:15  BuildStamp: freesurfer-linux-ubuntu22_x86_64-7.3.2-20220804-6354275  User: oesteban  Machine: dna010  Platform: Linux  PlatformVersion: 5.14.0-427.37.1.el9_4.x86_64  CompilerName: GCC  CompilerVersion: 8.4.0
ProgramName: mrisp_paint  ProgramArguments: mrisp_paint -all-info  ProgramVersion: 7.3.2  TimeStamp: 2026/03/12-10:57:43-GMT  BuildTime: Aug  4 2022 06:17:15  BuildStamp: freesurfer-linux-ubuntu22_x86_64-7.3.2-20220804-6354275  User: oesteban  Machine: dna010  Platform: Linux  PlatformVersion: 5.14.0-427.37.1.el9_4.x86_64  CompilerName: GCC  CompilerVersion: 8.4.0
ProgramName: mris_register  ProgramArguments: mris_register -all-info  ProgramVersion: 7.3.2  TimeStamp: 2026/03/12-10:57:43-GMT  BuildTime: Aug  4 2022 06:17:15  BuildStamp: freesurfer-linux-ubuntu22_x86_64-7.3.2-20220804-6354275  User: oesteban  Machine: dna010  Platform: Linux  PlatformVersion: 5.14.0-427.37.1.el9_4.x86_64  CompilerName: GCC  CompilerVersion: 8.4.0
ProgramName: mris_smooth  ProgramArguments: mris_smooth -all-info  ProgramVersion: 7.3.2  TimeStamp: 2026/03/12-10:57:43-GMT  BuildTime: Aug  4 2022 06:17:15  BuildStamp: freesurfer-linux-ubuntu22_x86_64-7.3.2-20220804-6354275  User: oesteban  Machine: dna010  Platform: Linux  PlatformVersion: 5.14.0-427.37.1.el9_4.x86_64  CompilerName: GCC  CompilerVersion: 8.4.0
ProgramName: mris_sphere  ProgramArguments: mris_sphere -all-info  ProgramVersion: 7.3.2  TimeStamp: 2026/03/12-10:57:43-GMT  BuildTime: Aug  4 2022 06:17:15  BuildStamp: freesurfer-linux-ubuntu22_x86_64-7.3.2-20220804-6354275  User: oesteban  Machine: dna010  Platform: Linux  PlatformVersion: 5.14.0-427.37.1.el9_4.x86_64  CompilerName: GCC  CompilerVersion: 8.4.0
ProgramName: mris_surface_stats  ProgramArguments: mris_surface_stats -all-info  ProgramVersion: 7.3.2  TimeStamp: 2026/03/12-10:57:43-GMT  BuildTime: Aug  4 2022 06:17:15  BuildStamp: freesurfer-linux-ubuntu22_x86_64-7.3.2-20220804-6354275  User: oesteban  Machine: dna010  Platform: Linux  PlatformVersion: 5.14.0-427.37.1.el9_4.x86_64  CompilerName: GCC  CompilerVersion: 8.4.0
ProgramName: mri_stats2seg  ProgramArguments: mri_stats2seg -all-info  ProgramVersion: 7.3.2  TimeStamp: 2026/03/12-10:57:43-GMT  BuildTime: Aug  4 2022 06:17:15  BuildStamp: freesurfer-linux-ubuntu22_x86_64-7.3.2-20220804-6354275  User: oesteban  Machine: dna010  Platform: Linux  PlatformVersion: 5.14.0-427.37.1.el9_4.x86_64  CompilerName: GCC  CompilerVersion: 8.4.0
ProgramName: mris_thickness  ProgramArguments: mris_thickness -all-info  ProgramVersion: 7.3.2  TimeStamp: 2026/03/12-10:57:43-GMT  BuildTime: Aug  4 2022 06:17:15  BuildStamp: freesurfer-linux-ubuntu22_x86_64-7.3.2-20220804-6354275  User: oesteban  Machine: dna010  Platform: Linux  PlatformVersion: 5.14.0-427.37.1.el9_4.x86_64  CompilerName: GCC  CompilerVersion: 8.4.0
ProgramName: mris_thickness_diff  ProgramArguments: mris_thickness_diff -all-info  ProgramVersion: 7.3.2  TimeStamp: 2026/03/12-10:57:43-GMT  BuildTime: Aug  4 2022 06:17:15  BuildStamp: freesurfer-linux-ubuntu22_x86_64-7.3.2-20220804-6354275  User: oesteban  Machine: dna010  Platform: Linux  PlatformVersion: 5.14.0-427.37.1.el9_4.x86_64  CompilerName: GCC  CompilerVersion: 8.4.0
ProgramName: mris_topo_fixer  ProgramArguments: mris_topo_fixer -all-info  ProgramVersion: 7.3.2  TimeStamp: 2026/03/12-10:57:43-GMT  BuildTime: Aug  4 2022 06:17:15  BuildStamp: freesurfer-linux-ubuntu22_x86_64-7.3.2-20220804-6354275  User: oesteban  Machine: dna010  Platform: Linux  PlatformVersion: 5.14.0-427.37.1.el9_4.x86_64  CompilerName: GCC  CompilerVersion: 8.4.0
ProgramName: mri_surf2surf  ProgramArguments: mri_surf2surf -all-info  ProgramVersion: 7.3.2  TimeStamp: 2026/03/12-10:57:43-GMT  BuildTime: Aug  4 2022 06:17:15  BuildStamp: freesurfer-linux-ubuntu22_x86_64-7.3.2-20220804-6354275  User: oesteban  Machine: dna010  Platform: Linux  PlatformVersion: 5.14.0-427.37.1.el9_4.x86_64  CompilerName: GCC  CompilerVersion: 8.4.0
ProgramName: mri_surf2vol  ProgramArguments: mri_surf2vol -all-info  ProgramVersion: 7.3.2  TimeStamp: 2026/03/12-10:57:43-GMT  BuildTime: Aug  4 2022 06:17:15  BuildStamp: freesurfer-linux-ubuntu22_x86_64-7.3.2-20220804-6354275  User: oesteban  Machine: dna010  Platform: Linux  PlatformVersion: 5.14.0-427.37.1.el9_4.x86_64  CompilerName: GCC  CompilerVersion: 8.4.0
ProgramName: mri_surfcluster  ProgramArguments: mri_surfcluster -all-info  ProgramVersion: 7.3.2  TimeStamp: 2026/03/12-10:57:43-GMT  BuildTime: Aug  4 2022 06:17:15  BuildStamp: freesurfer-linux-ubuntu22_x86_64-7.3.2-20220804-6354275  User: oesteban  Machine: dna010  Platform: Linux  PlatformVersion: 5.14.0-427.37.1.el9_4.x86_64  CompilerName: GCC  CompilerVersion: 8.4.0
ProgramName: mris_volmask  ProgramArguments: mris_volmask -all-info  ProgramVersion: 7.3.2  TimeStamp: 2026/03/12-10:57:43-GMT  BuildTime: Aug  4 2022 06:17:15  BuildStamp: freesurfer-linux-ubuntu22_x86_64-7.3.2-20220804-6354275  User: oesteban  Machine: dna010  Platform: Linux  PlatformVersion: 5.14.0-427.37.1.el9_4.x86_64  CompilerName: GCC  CompilerVersion: 8.4.0
ProgramName: mri_tessellate  ProgramArguments: mri_tessellate -all-info  ProgramVersion: 7.3.2  TimeStamp: 2026/03/12-10:57:43-GMT  BuildTime: Aug  4 2022 06:17:15  BuildStamp: freesurfer-linux-ubuntu22_x86_64-7.3.2-20220804-6354275  User: oesteban  Machine: dna010  Platform: Linux  PlatformVersion: 5.14.0-427.37.1.el9_4.x86_64  CompilerName: GCC  CompilerVersion: 8.4.0
ProgramName: mri_vol2surf  ProgramArguments: mri_vol2surf -all-info  ProgramVersion: 7.3.2  TimeStamp: 2026/03/12-10:57:43-GMT  BuildTime: Aug  4 2022 06:17:15  BuildStamp: freesurfer-linux-ubuntu22_x86_64-7.3.2-20220804-6354275  User: oesteban  Machine: dna010  Platform: Linux  PlatformVersion: 5.14.0-427.37.1.el9_4.x86_64  CompilerName: GCC  CompilerVersion: 8.4.0
ProgramName: mri_vol2vol  ProgramArguments: mri_vol2vol -all-info  ProgramVersion: 7.3.2  TimeStamp: 2026/03/12-10:57:43-GMT  BuildTime: Aug  4 2022 06:17:15  BuildStamp: freesurfer-linux-ubuntu22_x86_64-7.3.2-20220804-6354275  User: oesteban  Machine: dna010  Platform: Linux  PlatformVersion: 5.14.0-427.37.1.el9_4.x86_64  CompilerName: GCC  CompilerVersion: 8.4.0
ProgramName: mri_voldiff  ProgramArguments: mri_voldiff -all-info  ProgramVersion: 7.3.2  TimeStamp: 2026/03/12-10:57:43-GMT  BuildTime: Aug  4 2022 06:17:15  BuildStamp: freesurfer-linux-ubuntu22_x86_64-7.3.2-20220804-6354275  User: oesteban  Machine: dna010  Platform: Linux  PlatformVersion: 5.14.0-427.37.1.el9_4.x86_64  CompilerName: GCC  CompilerVersion: 8.4.0
ProgramName: mri_watershed  ProgramArguments: mri_watershed -all-info  ProgramVersion: 7.3.2  TimeStamp: 2026/03/12-10:57:43-GMT  BuildTime: Aug  4 2022 06:17:15  BuildStamp: freesurfer-linux-ubuntu22_x86_64-7.3.2-20220804-6354275  User: oesteban  Machine: dna010  Platform: Linux  PlatformVersion: 5.14.0-427.37.1.el9_4.x86_64  CompilerName: GCC  CompilerVersion: 8.4.0
ProgramName: tkregister2  ProgramArguments: tkregister2_cmdl -all-info  ProgramVersion: 7.3.2  TimeStamp: 2026/03/12-10:57:43-GMT  BuildTime: Aug  4 2022 06:17:15  BuildStamp: freesurfer-linux-ubuntu22_x86_64-7.3.2-20220804-6354275  User: oesteban  Machine: dna010  Platform: Linux  PlatformVersion: 5.14.0-427.37.1.el9_4.x86_64  CompilerName: GCC  CompilerVersion: 8.4.0
mri_motion_correct.fsl 7.3.2
mri_convert -all-info 
ProgramName: mri_convert  ProgramArguments: mri_convert -all-info  ProgramVersion: 7.3.2  TimeStamp: 2026/03/12-10:57:43-GMT  BuildTime: Aug  4 2022 06:17:15  BuildStamp: freesurfer-linux-ubuntu22_x86_64-7.3.2-20220804-6354275  User: oesteban  Machine: dna010  Platform: Linux  PlatformVersion: 5.14.0-427.37.1.el9_4.x86_64  CompilerName: GCC  CompilerVersion: 8.4.0
Program nu_correct, built from:
Package MNI N3, version 1.12.0, compiled by nicks@terrier (x86_64-unknown-linux-gnu) on 2015-06-19 at 01:25:34
#######################################
GCADIR /opt/freesurfer/average
GCA RB_all_2020-01-02.gca
GCASkull RB_all_withskull_2020_01_02.gca
AvgCurvTif folding.atlas.acfb40.noaparc.i12.2016-08-02.tif
GCSDIR /opt/freesurfer/average
GCS DKaparc.atlas.acfb40.noaparc.i12.2016-08-02.gcs
#######################################
#--------------------------------------
#@# CA Normalize Thu Mar 12 11:57:43 CET 2026
/out/sourcedata/freesurfer/sub-v1s16x0051160_ses-1/mri

 mri_ca_normalize -c ctrl_pts.mgz -mask brainmask.mgz nu.mgz /opt/freesurfer/average/RB_all_2020-01-02.gca transforms/talairach.lta norm.mgz 

writing control point volume to ctrl_pts.mgz
using MR volume brainmask.mgz to mask input volume...
reading 1 input volume
reading atlas from '/opt/freesurfer/average/RB_all_2020-01-02.gca'...
reading transform from 'transforms/talairach.lta'...
reading input volume from nu.mgz...
resetting wm mean[0]: 98 --> 107
resetting gm mean[0]: 61 --> 61
input volume #1 is the most T1-like
using real data threshold=19.0
skull bounding box = (63, 42, 52) --> (203, 151, 202)
finding center of left hemi white matter
using (110, 78, 127) as brain centroid of Right_Cerebral_White_Matter...
mean wm in atlas = 107, using box (93,65,109) --> (127, 91,145) to find MRI wm
before smoothing, mri peak at 107
robust fit to distribution - 107 +- 3.7
after smoothing, mri peak at 107, scaling input intensities by 1.000
scaling channel 0 by 1
using 246437 sample points...
INFO: compute sample coordinates transform
 1.03188   0.08404   0.12163  -35.07288;
-0.15901   1.24203   0.06809   9.21844;
-0.12424  -0.06354   1.14881  -10.22806;
 0.00000   0.00000   0.00000   1.00000;
INFO: transform used
finding control points in Left_Cerebral_White_Matter....
found 40230 control points for structure...
bounding box (130, 47, 54) --> (198, 143, 199)
Left_Cerebral_White_Matter: limiting intensities to 95.0 --> 132.0
3 of 6049 (0.0%) samples deleted
finding control points in Right_Cerebral_White_Matter....
found 39478 control points for structure...
bounding box (72, 45, 51) --> (139, 136, 196)
Right_Cerebral_White_Matter: limiting intensities to 94.0 --> 132.0
4 of 6154 (0.1%) samples deleted
finding control points in Left_Cerebellum_White_Matter....
found 3105 control points for structure...
bounding box (136, 113, 75) --> (181, 154, 121)
Left_Cerebellum_White_Matter: limiting intensities to 88.0 --> 132.0
9 of 9 (100.0%) samples deleted
finding control points in Right_Cerebellum_White_Matter....
found 2710 control points for structure...
bounding box (91, 113, 69) --> (136, 147, 119)
Right_Cerebellum_White_Matter: limiting intensities to 88.0 --> 132.0
33 of 33 (100.0%) samples deleted
finding control points in Brain_Stem....
found 3475 control points for structure...
bounding box (116, 107, 103) --> (149, 163, 131)
Brain_Stem: limiting intensities to 92.0 --> 132.0
55 of 179 (30.7%) samples deleted
using 12424 total control points for intensity normalization...
bias field = 0.980 +- 0.050
39 of 12320 control points discarded
finding control points in Left_Cerebral_White_Matter....
found 40230 control points for structure...
bounding box (130, 47, 54) --> (198, 143, 199)
Left_Cerebral_White_Matter: limiting intensities to 89.0 --> 132.0
3 of 6295 (0.0%) samples deleted
finding control points in Right_Cerebral_White_Matter....
found 39478 control points for structure...
bounding box (72, 45, 51) --> (139, 136, 196)
Right_Cerebral_White_Matter: limiting intensities to 89.0 --> 132.0
5 of 6427 (0.1%) samples deleted
finding control points in Left_Cerebellum_White_Matter....
found 3105 control points for structure...
bounding box (136, 113, 75) --> (181, 154, 121)
Left_Cerebellum_White_Matter: limiting intensities to 88.0 --> 132.0
9 of 9 (100.0%) samples deleted
finding control points in Right_Cerebellum_White_Matter....
found 2710 control points for structure...
bounding box (91, 113, 69) --> (136, 147, 119)
Right_Cerebellum_White_Matter: limiting intensities to 88.0 --> 132.0
55 of 55 (100.0%) samples deleted
finding control points in Brain_Stem....
found 3475 control points for structure...
bounding box (116, 107, 103) --> (149, 163, 131)
Brain_Stem: limiting intensities to 88.0 --> 132.0
100 of 231 (43.3%) samples deleted
using 13017 total control points for intensity normalization...
bias field = 1.031 +- 0.050
24 of 12724 control points discarded
finding control points in Left_Cerebral_White_Matter....
found 40230 control points for structure...
bounding box (130, 47, 54) --> (198, 143, 199)
Left_Cerebral_White_Matter: limiting intensities to 90.0 --> 132.0
20 of 6284 (0.3%) samples deleted
finding control points in Right_Cerebral_White_Matter....
found 39478 control points for structure...
bounding box (72, 45, 51) --> (139, 136, 196)
Right_Cerebral_White_Matter: limiting intensities to 89.0 --> 132.0
12 of 6388 (0.2%) samples deleted
finding control points in Left_Cerebellum_White_Matter....
found 3105 control points for structure...
bounding box (136, 113, 75) --> (181, 154, 121)
Left_Cerebellum_White_Matter: limiting intensities to 88.0 --> 132.0
8 of 8 (100.0%) samples deleted
finding control points in Right_Cerebellum_White_Matter....
found 2710 control points for structure...
bounding box (91, 113, 69) --> (136, 147, 119)
Right_Cerebellum_White_Matter: limiting intensities to 88.0 --> 132.0
50 of 50 (100.0%) samples deleted
finding control points in Brain_Stem....
found 3475 control points for structure...
bounding box (116, 107, 103) --> (149, 163, 131)
Brain_Stem: limiting intensities to 88.0 --> 132.0
121 of 257 (47.1%) samples deleted
using 12987 total control points for intensity normalization...
bias field = 1.025 +- 0.048
22 of 12589 control points discarded
writing normalized volume to norm.mgz...
writing control points to ctrl_pts.mgz
freeing GCA...done.
normalization took 1 minutes and 23 seconds.
#--------------------------------------
#@# CA Reg Thu Mar 12 11:59:06 CET 2026
/out/sourcedata/freesurfer/sub-v1s16x0051160_ses-1/mri

 mri_ca_register -nobigventricles -T transforms/talairach.lta -align-after -mask brainmask.mgz norm.mgz /opt/freesurfer/average/RB_all_2020-01-02.gca transforms/talairach.m3z 

not handling expanded ventricles...
using previously computed transform transforms/talairach.lta
renormalizing sequences with structure alignment, equivalent to:
	-renormalize
	-regularize_mean 0.500
	-regularize 0.500
using MR volume brainmask.mgz to mask input volume...

== Number of threads available to mri_ca_register for OpenMP = 16 == 
reading 1 input volumes...
logging results to talairach.log
reading input volume 'norm.mgz'...
reading GCA '/opt/freesurfer/average/RB_all_2020-01-02.gca'...
label assignment complete, 0 changed (0.00%)
freeing gibbs priors...done.
average std[0] = 5.0
Starting GCAMregister()
label assignment complete, 0 changed (0.00%)
npasses = 1, nlevels = 6
#pass# 1 of 1 ************************
enabling zero nodes
setting smoothness cost coefficient to 0.156

#GCAMreg# pass 0 level1 5 level2 0 tsec 0 sigma 2
l_jacobian=1.00 l_label=1.00 l_log_likelihood=0.20 l_smoothness=0.16 
tol=2.50e-01, dt=5.00e-02, exp_k=20.0, momentum=0.90, levels=6, niter=500, lbl_dist=10.00, avgs=256, sigma=2.0,type=2, relabel=0, neg=no

blurring input image with Gaussian with sigma=2.000...
GCAMRegisterLevel(): init RMS 0.827821
#FOTS# QuadFit found better minimum quadopt=(dt=221.952,rms=0.762476) vs oldopt=(dt=369.92,rms=0.775482)
#GCMRL#    0 dt 221.952000 rms  0.762  7.894% neg 0  invalid 762 tFOTS 4.4870 tGradient 3.0010 tsec 7.8860
#FOTS# QuadFit found better minimum quadopt=(dt=219.839,rms=0.741802) vs oldopt=(dt=92.48,rms=0.74923)
#GCMRL#    1 dt 219.838565 rms  0.742  2.711% neg 0  invalid 762 tFOTS 4.4820 tGradient 3.0250 tsec 7.8340
#FOTS# QuadFit found better minimum quadopt=(dt=179.014,rms=0.728491) vs oldopt=(dt=92.48,rms=0.731797)
#GCMRL#    2 dt 179.014493 rms  0.728  1.794% neg 0  invalid 762 tFOTS 4.3990 tGradient 3.4240 tsec 8.1510
#FOTS# QuadFit found better minimum quadopt=(dt=184.14,rms=0.720545) vs oldopt=(dt=92.48,rms=0.722922)
#GCMRL#    3 dt 184.140351 rms  0.721  1.091% neg 0  invalid 762 tFOTS 4.3190 tGradient 3.0600 tsec 7.6950
#FOTS# QuadFit found better minimum quadopt=(dt=168.649,rms=0.715731) vs oldopt=(dt=92.48,rms=0.717043)
#GCMRL#    4 dt 168.648649 rms  0.716  0.668% neg 0  invalid 762 tFOTS 4.4340 tGradient 3.1340 tsec 7.8980
#FOTS# QuadFit found better minimum quadopt=(dt=295.936,rms=0.711601) vs oldopt=(dt=369.92,rms=0.711795)
#GCMRL#    5 dt 295.936000 rms  0.712  0.577% neg 0  invalid 762 tFOTS 4.2200 tGradient 3.0560 tsec 7.6040
#FOTS# QuadFit found better minimum quadopt=(dt=129.472,rms=0.708693) vs oldopt=(dt=92.48,rms=0.709057)
#GCMRL#    6 dt 129.472000 rms  0.709  0.409% neg 0  invalid 762 tFOTS 4.8920 tGradient 2.9270 tsec 8.1470
#FOTS# QuadFit found better minimum quadopt=(dt=517.888,rms=0.704855) vs oldopt=(dt=369.92,rms=0.705217)
#GCMRL#    7 dt 517.888000 rms  0.705  0.541% neg 0  invalid 762 tFOTS 4.2670 tGradient 3.0810 tsec 7.6650
#FOTS# QuadFit found better minimum quadopt=(dt=110.976,rms=0.702564) vs oldopt=(dt=92.48,rms=0.702681)
#GCMRL#    8 dt 110.976000 rms  0.703  0.325% neg 0  invalid 762 tFOTS 4.5990 tGradient 3.2340 tsec 8.1610
#GCMRL#    9 dt 1479.680000 rms  0.696  0.881% neg 0  invalid 762 tFOTS 4.4080 tGradient 3.1980 tsec 7.9280
#GCMRL#   10 dt  92.480000 rms  0.694  0.334% neg 0  invalid 762 tFOTS 5.0130 tGradient 3.5960 tsec 8.9670
#FOTS# QuadFit found better minimum quadopt=(dt=517.888,rms=0.693077) vs oldopt=(dt=369.92,rms=0.693226)
#GCMRL#   11 dt 517.888000 rms  0.693  0.000% neg 0  invalid 762 tFOTS 4.6050 tGradient 3.4220 tsec 8.3790

#GCAMreg# pass 0 level1 5 level2 1 tsec 109.807 sigma 0.5
l_jacobian=1.00 l_label=1.00 l_log_likelihood=0.20 l_smoothness=0.16 
tol=2.50e-01, dt=5.00e-02, exp_k=20.0, momentum=0.90, levels=6, niter=500, lbl_dist=10.00, avgs=256, sigma=0.5,type=2, relabel=0, neg=no

blurring input image with Gaussian with sigma=0.500...
GCAMRegisterLevel(): init RMS 0.69411
#FOTS# QuadFit found better minimum quadopt=(dt=129.472,rms=0.691866) vs oldopt=(dt=92.48,rms=0.692099)
#GCMRL#   13 dt 129.472000 rms  0.692  0.323% neg 0  invalid 762 tFOTS 4.9690 tGradient 3.2790 tsec 8.6250
#FOTS# QuadFit found better minimum quadopt=(dt=517.888,rms=0.690866) vs oldopt=(dt=369.92,rms=0.690929)
#GCMRL#   14 dt 517.888000 rms  0.691  0.000% neg 0  invalid 762 tFOTS 5.1930 tGradient 3.3270 tsec 8.9090
#GCMRL#   15 dt 517.888000 rms  0.690  0.072% neg 0  invalid 762 tFOTS 0.0000 tGradient 3.1530 tsec 3.6090
setting smoothness cost coefficient to 0.615

#GCAMreg# pass 0 level1 4 level2 0 tsec 0 sigma 2
l_jacobian=1.00 l_label=1.00 l_log_likelihood=0.20 l_smoothness=0.62 
tol=2.50e-01, dt=5.00e-02, exp_k=20.0, momentum=0.90, levels=6, niter=500, lbl_dist=10.00, avgs=64, sigma=2.0,type=2, relabel=0, neg=no

blurring input image with Gaussian with sigma=2.000...
GCAMRegisterLevel(): init RMS 0.706252
#FOTS# QuadFit found better minimum quadopt=(dt=110.855,rms=0.697134) vs oldopt=(dt=103.68,rms=0.697151)
#GCMRL#   17 dt 110.855403 rms  0.697  1.291% neg 0  invalid 762 tFOTS 4.5010 tGradient 2.5300 tsec 7.3550
#FOTS# QuadFit found better minimum quadopt=(dt=130.723,rms=0.689103) vs oldopt=(dt=103.68,rms=0.689427)
#GCMRL#   18 dt 130.723404 rms  0.689  1.152% neg 0  invalid 762 tFOTS 4.8920 tGradient 2.3210 tsec 7.5890
#FOTS# QuadFit found better minimum quadopt=(dt=63.5061,rms=0.685089) vs oldopt=(dt=103.68,rms=0.686442)
#GCMRL#   19 dt  63.506064 rms  0.685  0.583% neg 0  invalid 762 tFOTS 4.6650 tGradient 2.8360 tsec 7.8260
#FOTS# QuadFit found better minimum quadopt=(dt=331.776,rms=0.680245) vs oldopt=(dt=414.72,rms=0.680694)
#GCMRL#   20 dt 331.776000 rms  0.680  0.707% neg 0  invalid 762 tFOTS 4.3510 tGradient 2.3070 tsec 6.9820
#FOTS# QuadFit found better minimum quadopt=(dt=66.623,rms=0.676673) vs oldopt=(dt=25.92,rms=0.677606)
#GCMRL#   21 dt  66.622951 rms  0.677  0.525% neg 0  invalid 762 tFOTS 4.6970 tGradient 2.6050 tsec 7.6490
#FOTS# QuadFit found better minimum quadopt=(dt=62.208,rms=0.676021) vs oldopt=(dt=103.68,rms=0.676148)
#GCMRL#   22 dt  62.208000 rms  0.676  0.000% neg 0  invalid 762 tFOTS 4.4730 tGradient 2.8450 tsec 7.7100
#GCMRL#   23 dt  62.208000 rms  0.676  0.071% neg 0  invalid 762 tFOTS 0.0000 tGradient 2.4630 tsec 2.7830
#GCMRL#   24 dt  62.208000 rms  0.675  0.121% neg 0  invalid 762 tFOTS 0.0000 tGradient 2.5290 tsec 2.8580
#GCMRL#   25 dt  62.208000 rms  0.674  0.169% neg 0  invalid 762 tFOTS 0.0000 tGradient 2.5810 tsec 2.9120
#GCMRL#   26 dt  62.208000 rms  0.672  0.183% neg 0  invalid 762 tFOTS 0.0000 tGradient 2.5420 tsec 2.8680
#GCMRL#   27 dt  62.208000 rms  0.671  0.203% neg 0  invalid 762 tFOTS 0.0000 tGradient 2.5140 tsec 2.8820
#GCMRL#   28 dt  62.208000 rms  0.670  0.214% neg 0  invalid 762 tFOTS 0.0000 tGradient 2.6220 tsec 2.9260
#GCMRL#   29 dt  62.208000 rms  0.668  0.210% neg 0  invalid 762 tFOTS 0.0000 tGradient 2.4570 tsec 2.7630
#GCMRL#   30 dt  62.208000 rms  0.667  0.197% neg 0  invalid 762 tFOTS 0.0000 tGradient 2.3700 tsec 2.6730
#GCMRL#   31 dt  62.208000 rms  0.666  0.154% neg 0  invalid 762 tFOTS 0.0000 tGradient 2.6810 tsec 3.0470
#GCMRL#   32 dt  62.208000 rms  0.665  0.126% neg 0  invalid 762 tFOTS 0.0000 tGradient 2.5050 tsec 2.8120
#GCMRL#   33 dt  62.208000 rms  0.664  0.106% neg 0  invalid 762 tFOTS 0.0000 tGradient 2.4680 tsec 2.7740
#GCMRL#   34 dt  62.208000 rms  0.664  0.104% neg 0  invalid 762 tFOTS 0.0000 tGradient 2.3650 tsec 2.6910

#GCAMreg# pass 0 level1 4 level2 1 tsec 95.928 sigma 0.5
l_jacobian=1.00 l_label=1.00 l_log_likelihood=0.20 l_smoothness=0.62 
tol=2.50e-01, dt=5.00e-02, exp_k=20.0, momentum=0.90, levels=6, niter=500, lbl_dist=10.00, avgs=64, sigma=0.5,type=2, relabel=0, neg=no

blurring input image with Gaussian with sigma=0.500...
GCAMRegisterLevel(): init RMS 0.664652
#GCMRL#   36 dt   0.000000 rms  0.664  0.163% neg 0  invalid 762 tFOTS 4.1580 tGradient 2.4950 tsec 6.9760
setting smoothness cost coefficient to 2.353

#GCAMreg# pass 0 level1 3 level2 0 tsec 0 sigma 2
l_jacobian=1.00 l_label=1.00 l_log_likelihood=0.20 l_smoothness=2.35 
tol=2.50e-01, dt=5.00e-02, exp_k=20.0, momentum=0.90, levels=6, niter=500, lbl_dist=10.00, avgs=16, sigma=2.0,type=2, relabel=0, neg=no

blurring input image with Gaussian with sigma=2.000...
GCAMRegisterLevel(): init RMS 0.714025
#FOTS# QuadFit found better minimum quadopt=(dt=5.80858,rms=0.710674) vs oldopt=(dt=8,rms=0.711103)
#GCMRL#   38 dt   5.808581 rms  0.711  0.469% neg 0  invalid 762 tFOTS 4.1780 tGradient 2.0850 tsec 6.5820
#FOTS# QuadFit found better minimum quadopt=(dt=1.6,rms=0.710617) vs oldopt=(dt=2,rms=0.710621)
#GCMRL#   39 dt   1.600000 rms  0.711  0.000% neg 0  invalid 762 tFOTS 3.7980 tGradient 1.9610 tsec 6.1010

#GCAMreg# pass 0 level1 3 level2 1 tsec 24.606 sigma 0.5
l_jacobian=1.00 l_label=1.00 l_log_likelihood=0.20 l_smoothness=2.35 
tol=2.50e-01, dt=5.00e-02, exp_k=20.0, momentum=0.90, levels=6, niter=500, lbl_dist=10.00, avgs=16, sigma=0.5,type=2, relabel=0, neg=no

blurring input image with Gaussian with sigma=0.500...
GCAMRegisterLevel(): init RMS 0.711618
#FOTS# QuadFit found better minimum quadopt=(dt=0.7,rms=0.71059) vs oldopt=(dt=0.5,rms=0.710592)
#GCMRL#   41 dt   0.700000 rms  0.711  0.145% neg 0  invalid 762 tFOTS 4.1500 tGradient 2.0280 tsec 6.5230
#FOTS# QuadFit found better minimum quadopt=(dt=0.15,rms=0.710583) vs oldopt=(dt=0.125,rms=0.710584)
#GCMRL#   42 dt   0.150000 rms  0.711  0.000% neg 0  invalid 762 tFOTS 4.2060 tGradient 2.0640 tsec 6.6340
#GCMRL#   43 dt   0.150000 rms  0.711  0.001% neg 0  invalid 762 tFOTS 0.0000 tGradient 2.1110 tsec 2.4320
setting smoothness cost coefficient to 8.000

#GCAMreg# pass 0 level1 2 level2 0 tsec 0 sigma 2
l_jacobian=1.00 l_label=1.00 l_log_likelihood=0.20 l_smoothness=8.00 
tol=2.50e-01, dt=5.00e-02, exp_k=20.0, momentum=0.90, levels=6, niter=500, lbl_dist=10.00, avgs=4, sigma=2.0,type=2, relabel=0, neg=no

blurring input image with Gaussian with sigma=2.000...
GCAMRegisterLevel(): init RMS 0.812684
#FOTS# QuadFit found better minimum quadopt=(dt=2.7033,rms=0.792542) vs oldopt=(dt=2.88,rms=0.792631)
#GCMRL#   45 dt   2.703297 rms  0.793  2.478% neg 0  invalid 762 tFOTS 4.3370 tGradient 2.1400 tsec 6.8580
#FOTS# QuadFit found better minimum quadopt=(dt=3.98225,rms=0.782537) vs oldopt=(dt=2.88,rms=0.783303)
#GCMRL#   46 dt   3.982249 rms  0.783  1.262% neg 0  invalid 762 tFOTS 4.6570 tGradient 2.1730 tsec 7.1980
#FOTS# QuadFit found better minimum quadopt=(dt=2.56386,rms=0.777402) vs oldopt=(dt=2.88,rms=0.777485)
#GCMRL#   47 dt   2.563855 rms  0.777  0.656% neg 0  invalid 762 tFOTS 4.2740 tGradient 1.9400 tsec 6.5470
#FOTS# QuadFit found better minimum quadopt=(dt=2.49793,rms=0.774532) vs oldopt=(dt=2.88,rms=0.774606)
#GCMRL#   48 dt   2.497925 rms  0.775  0.369% neg 0  invalid 762 tFOTS 4.2490 tGradient 1.9640 tsec 6.5550
#FOTS# QuadFit found better minimum quadopt=(dt=3.33333,rms=0.771355) vs oldopt=(dt=2.88,rms=0.771408)
#GCMRL#   49 dt   3.333333 rms  0.771  0.410% neg 0  invalid 762 tFOTS 4.2760 tGradient 1.9660 tsec 6.5830
#FOTS# QuadFit found better minimum quadopt=(dt=1.53125,rms=0.770172) vs oldopt=(dt=0.72,rms=0.77051)
#GCMRL#   50 dt   1.531250 rms  0.770  0.000% neg 0  invalid 762 tFOTS 4.2360 tGradient 2.1680 tsec 6.7720
#GCMRL#   51 dt   1.531250 rms  0.769  0.115% neg 0  invalid 762 tFOTS 0.0000 tGradient 2.1130 tsec 2.4450
#GCMRL#   52 dt   1.531250 rms  0.768  0.147% neg 0  invalid 762 tFOTS 0.0000 tGradient 2.0580 tsec 2.3910
#GCMRL#   53 dt   1.531250 rms  0.767  0.107% neg 0  invalid 762 tFOTS 0.0000 tGradient 2.0710 tsec 2.3980
#GCMRL#   54 dt   1.531250 rms  0.767  0.013% neg 0  invalid 762 tFOTS 0.0000 tGradient 1.9660 tsec 2.3200
#FOTS# QuadFit found better minimum quadopt=(dt=7.66667,rms=0.766672) vs oldopt=(dt=2.88,rms=0.766834)
#GCMRL#   55 dt   7.666667 rms  0.767  0.073% neg 0  invalid 762 tFOTS 4.4530 tGradient 2.0610 tsec 6.8390
#FOTS# QuadFit found better minimum quadopt=(dt=1.5,rms=0.76655) vs oldopt=(dt=0.72,rms=0.766588)
#GCMRL#   56 dt   1.500000 rms  0.767  0.000% neg 0  invalid 762 tFOTS 4.0840 tGradient 1.8320 tsec 6.2570
#GCMRL#   57 dt   1.500000 rms  0.766  0.019% neg 0  invalid 762 tFOTS 0.0000 tGradient 1.9970 tsec 2.3080

#GCAMreg# pass 0 level1 2 level2 1 tsec 77.432 sigma 0.5
l_jacobian=1.00 l_label=1.00 l_log_likelihood=0.20 l_smoothness=8.00 
tol=2.50e-01, dt=5.00e-02, exp_k=20.0, momentum=0.90, levels=6, niter=500, lbl_dist=10.00, avgs=4, sigma=0.5,type=2, relabel=0, neg=no

blurring input image with Gaussian with sigma=0.500...
GCAMRegisterLevel(): init RMS 0.767491
#GCMRL#   59 dt   0.000000 rms  0.766  0.133% neg 0  invalid 762 tFOTS 3.9720 tGradient 2.0570 tsec 6.3660
setting smoothness cost coefficient to 20.000

#GCAMreg# pass 0 level1 1 level2 0 tsec 0 sigma 2
l_jacobian=1.00 l_label=1.00 l_log_likelihood=0.20 l_smoothness=20.00 
tol=2.50e-01, dt=5.00e-02, exp_k=20.0, momentum=0.90, levels=6, niter=500, lbl_dist=10.00, avgs=1, sigma=2.0,type=2, relabel=0, neg=no

blurring input image with Gaussian with sigma=2.000...
GCAMRegisterLevel(): init RMS 0.79881
#GCMRL#   61 dt   0.000000 rms  0.798  0.122% neg 0  invalid 762 tFOTS 3.9010 tGradient 1.9080 tsec 6.1420

#GCAMreg# pass 0 level1 1 level2 1 tsec 21.91 sigma 0.5
l_jacobian=1.00 l_label=1.00 l_log_likelihood=0.20 l_smoothness=20.00 
tol=2.50e-01, dt=5.00e-02, exp_k=20.0, momentum=0.90, levels=6, niter=500, lbl_dist=10.00, avgs=1, sigma=0.5,type=2, relabel=0, neg=no

blurring input image with Gaussian with sigma=0.500...
GCAMRegisterLevel(): init RMS 0.79881
#GCMRL#   63 dt   0.000000 rms  0.798  0.122% neg 0  invalid 762 tFOTS 3.8300 tGradient 1.9100 tsec 6.0670
resetting metric properties...
setting smoothness cost coefficient to 40.000

#GCAMreg# pass 0 level1 0 level2 0 tsec 0 sigma 2
l_jacobian=1.00 l_label=1.00 l_log_likelihood=0.20 l_smoothness=40.00 
tol=2.50e-01, dt=5.00e-02, exp_k=20.0, momentum=0.90, levels=6, niter=500, lbl_dist=10.00, avgs=0, sigma=2.0,type=2, relabel=0, neg=no

blurring input image with Gaussian with sigma=2.000...
GCAMRegisterLevel(): init RMS 0.745882
#FOTS# QuadFit found better minimum quadopt=(dt=0.20206,rms=0.740981) vs oldopt=(dt=0.32,rms=0.741928)
#GCMRL#   65 dt   0.202060 rms  0.741  0.657% neg 0  invalid 762 tFOTS 4.1860 tGradient 1.3950 tsec 5.9090
#GCMRL#   66 dt   0.020000 rms  0.741  0.000% neg 0  invalid 762 tFOTS 4.2240 tGradient 1.2140 tsec 5.7890

#GCAMreg# pass 0 level1 0 level2 1 tsec 23.058 sigma 0.5
l_jacobian=1.00 l_label=1.00 l_log_likelihood=0.20 l_smoothness=40.00 
tol=2.50e-01, dt=5.00e-02, exp_k=20.0, momentum=0.90, levels=6, niter=500, lbl_dist=10.00, avgs=0, sigma=0.5,type=2, relabel=0, neg=no

blurring input image with Gaussian with sigma=0.500...
GCAMRegisterLevel(): init RMS 0.741808
#FOTS# QuadFit found better minimum quadopt=(dt=0.012,rms=0.740657) vs oldopt=(dt=0.02,rms=0.740669)
#GCMRL#   68 dt   0.012000 rms  0.741  0.155% neg 0  invalid 762 tFOTS 4.2500 tGradient 1.4020 tsec 5.9870
#FOTS# QuadFit found better minimum quadopt=(dt=0.00175,rms=0.740668) vs oldopt=(dt=0.00125,rms=0.740669)
GCAMregister done in 7.59217 min
Starting GCAmapRenormalizeWithAlignment() without scales
renormalizing by structure alignment....
renormalizing input #0
gca peak = 0.10253 (16)
mri peak = 0.05096 (30)
Left_Lateral_Ventricle (4): linear fit = 1.62 x + 0.0 (1201 voxels, overlap=0.521)
Left_Lateral_Ventricle (4): linear fit = 1.50 x + 0.0 (1201 voxels, peak = 26), gca=24.0
gca peak = 0.17690 (16)
mri peak = 0.12273 (11)
Right_Lateral_Ventricle (43): linear fit = 0.62 x + 0.0 (489 voxels, overlap=0.037)
Right_Lateral_Ventricle (43): linear fit = 0.62 x + 0.0 (489 voxels, peak = 10), gca=9.8
gca peak = 0.28275 (96)
mri peak = 0.07258 (100)
Right_Pallidum (52): linear fit = 1.00 x + 0.0 (742 voxels, overlap=1.004)
Right_Pallidum (52): linear fit = 1.00 x + 0.0 (742 voxels, peak = 96), gca=95.5
gca peak = 0.18948 (93)
mri peak = 0.06327 (94)
Left_Pallidum (13): linear fit = 0.92 x + 0.0 (645 voxels, overlap=0.866)
Left_Pallidum (13): linear fit = 0.92 x + 0.0 (645 voxels, peak = 85), gca=85.1
gca peak = 0.20755 (55)
mri peak = 0.07506 (76)
Right_Hippocampus (53): linear fit = 1.32 x + 0.0 (425 voxels, overlap=0.267)
Right_Hippocampus (53): linear fit = 1.32 x + 0.0 (425 voxels, peak = 72), gca=72.3
gca peak = 0.31831 (58)
mri peak = 0.06985 (55)
Left_Hippocampus (17): linear fit = 0.94 x + 0.0 (471 voxels, overlap=0.854)
Left_Hippocampus (17): linear fit = 0.94 x + 0.0 (471 voxels, peak = 54), gca=54.2
gca peak = 0.11957 (102)
mri peak = 0.10227 (104)
Right_Cerebral_White_Matter (41): linear fit = 1.01 x + 0.0 (49761 voxels, overlap=0.711)
Right_Cerebral_White_Matter (41): linear fit = 1.01 x + 0.0 (49761 voxels, peak = 104), gca=103.5
gca peak = 0.11429 (102)
mri peak = 0.08863 (106)
Left_Cerebral_White_Matter (2): linear fit = 1.04 x + 0.0 (52341 voxels, overlap=0.580)
Left_Cerebral_White_Matter (2): linear fit = 1.04 x + 0.0 (52341 voxels, peak = 107), gca=106.6
gca peak = 0.14521 (59)
mri peak = 0.03482 (62)
Left_Cerebral_Cortex (3): linear fit = 1.02 x + 0.0 (22980 voxels, overlap=0.821)
Left_Cerebral_Cortex (3): linear fit = 1.02 x + 0.0 (22980 voxels, peak = 60), gca=60.5
gca peak = 0.14336 (58)
mri peak = 0.03774 (60)
Right_Cerebral_Cortex (42): linear fit = 1.02 x + 0.0 (22166 voxels, overlap=0.902)
Right_Cerebral_Cortex (42): linear fit = 1.02 x + 0.0 (22166 voxels, peak = 59), gca=59.4
gca peak = 0.13305 (70)
mri peak = 0.11884 (68)
Right_Caudate (50): linear fit = 1.00 x + 0.0 (669 voxels, overlap=0.946)
Right_Caudate (50): linear fit = 1.00 x + 0.0 (669 voxels, peak = 70), gca=70.0
gca peak = 0.15761 (71)
mri peak = 0.09981 (73)
Left_Caudate (11): linear fit = 1.01 x + 0.0 (768 voxels, overlap=0.969)
Left_Caudate (11): linear fit = 1.01 x + 0.0 (768 voxels, peak = 72), gca=72.1
gca peak = 0.13537 (57)
mri peak = 0.02972 (44)
Left_Cerebellum_Cortex (8): linear fit = 0.88 x + 0.0 (18778 voxels, overlap=0.131)
Left_Cerebellum_Cortex (8): linear fit = 0.88 x + 0.0 (18778 voxels, peak = 50), gca=49.9
gca peak = 0.13487 (56)
mri peak = 0.03478 (54)
Right_Cerebellum_Cortex (47): linear fit = 0.94 x + 0.0 (21563 voxels, overlap=0.501)
Right_Cerebellum_Cortex (47): linear fit = 0.94 x + 0.0 (21563 voxels, peak = 53), gca=52.9
gca peak = 0.19040 (84)
mri peak = 0.05271 (55)
Left_Cerebellum_White_Matter (7): linear fit = 0.64 x + 0.0 (7704 voxels, overlap=0.002)
Left_Cerebellum_White_Matter (7): linear fit = 0.64 x + 0.0 (7704 voxels, peak = 54), gca=54.2
gca peak = 0.18871 (83)
mri peak = 0.05613 (60)
Right_Cerebellum_White_Matter (46): linear fit = 0.73 x + 0.0 (6821 voxels, overlap=0.009)
Right_Cerebellum_White_Matter (46): linear fit = 0.73 x + 0.0 (6821 voxels, peak = 60), gca=60.2
gca peak = 0.24248 (57)
mri peak = 0.05788 (72)
Left_Amygdala (18): linear fit = 0.89 x + 0.0 (198 voxels, overlap=0.573)
Left_Amygdala (18): linear fit = 0.89 x + 0.0 (198 voxels, peak = 51), gca=51.0
gca peak = 0.35833 (56)
mri peak = 0.07123 (56)
Right_Amygdala (54): linear fit = 0.94 x + 0.0 (250 voxels, overlap=0.527)
Right_Amygdala (54): linear fit = 0.94 x + 0.0 (250 voxels, peak = 53), gca=52.9
gca peak = 0.12897 (85)
mri peak = 0.04449 (83)
Left_Thalamus (10): linear fit = 1.13 x + 0.0 (4306 voxels, overlap=0.915)
Left_Thalamus (10): linear fit = 1.13 x + 0.0 (4306 voxels, peak = 96), gca=96.5
gca peak = 0.13127 (83)
mri peak = 0.09259 (75)
Right_Thalamus (49): linear fit = 0.98 x + 0.0 (3668 voxels, overlap=0.850)
Right_Thalamus (49): linear fit = 0.98 x + 0.0 (3668 voxels, peak = 81), gca=80.9
gca peak = 0.12974 (78)
mri peak = 0.08448 (89)
Left_Putamen (12): linear fit = 1.14 x + 0.0 (1858 voxels, overlap=0.248)
Left_Putamen (12): linear fit = 1.14 x + 0.0 (1858 voxels, peak = 89), gca=89.3
gca peak = 0.17796 (79)
mri peak = 0.08600 (75)
Right_Putamen (51): linear fit = 0.98 x + 0.0 (1904 voxels, overlap=0.862)
Right_Putamen (51): linear fit = 0.98 x + 0.0 (1904 voxels, peak = 77), gca=77.0
gca peak = 0.10999 (80)
mri peak = 0.08006 (87)
Brain_Stem (16): linear fit = 1.10 x + 0.0 (8589 voxels, overlap=0.416)
Brain_Stem (16): linear fit = 1.10 x + 0.0 (8589 voxels, peak = 88), gca=87.6
gca peak = 0.13215 (88)
mri peak = 0.09101 (99)
Right_VentralDC (60): linear fit = 1.12 x + 0.0 (1120 voxels, overlap=0.524)
Right_VentralDC (60): linear fit = 1.12 x + 0.0 (1120 voxels, peak = 99), gca=99.0
gca peak = 0.11941 (89)
mri peak = 0.08134 (99)
Left_VentralDC (28): linear fit = 1.14 x + 0.0 (1439 voxels, overlap=0.286)
Left_VentralDC (28): linear fit = 1.14 x + 0.0 (1439 voxels, peak = 102), gca=101.9
gca peak = 0.20775 (25)
uniform distribution in MR - rejecting arbitrary fit
gca peak = 0.13297 (21)
mri peak = 0.23026 (55)
Fourth_Ventricle (15): linear fit = 2.54 x + 0.0 (337 voxels, overlap=0.011)
Fourth_Ventricle (15): linear fit = 2.54 x + 0.0 (337 voxels, peak = 53), gca=53.2
gca peak Unknown = 0.94777 ( 0)
gca peak Left_Inf_Lat_Vent = 0.19087 (28)
gca peak Left_Cerebellum_White_Matter = 0.19040 (84)
gca peak Third_Ventricle = 0.20775 (25)
gca peak Fourth_Ventricle = 0.13297 (21)
gca peak CSF = 0.16821 (33)
gca peak Left_Accumbens_area = 0.32850 (63)
gca peak Left_undetermined = 0.98480 (28)
gca peak Left_vessel = 0.40887 (53)
gca peak Left_choroid_plexus = 0.10898 (46)
gca peak Right_Inf_Lat_Vent = 0.17798 (26)
gca peak Right_Accumbens_area = 0.30137 (64)
gca peak Right_vessel = 0.47828 (52)
gca peak Right_choroid_plexus = 0.11612 (45)
gca peak Fifth_Ventricle = 0.59466 (35)
gca peak WM_hypointensities = 0.10053 (78)
gca peak non_WM_hypointensities = 0.07253 (60)
gca peak Optic_Chiasm = 0.25330 (73)
not using caudate to estimate GM means
setting label Left_Cerebellum_White_Matter based on Right_Cerebellum_White_Matter = 0.73 x +  0: 60
estimating mean gm scale to be 1.02 x + 0.0
estimating mean wm scale to be 1.03 x + 0.0
estimating mean csf scale to be 1.06 x + 0.0
saving intensity scales to talairach.label_intensities.txt
GCAmapRenormalizeWithAlignment() took 3.49558 min
noneg pre
Starting GCAMregister()
label assignment complete, 0 changed (0.00%)
npasses = 1, nlevels = 6
#pass# 1 of 1 ************************
enabling zero nodes
setting smoothness cost coefficient to 0.008

#GCAMreg# pass 0 level1 5 level2 0 tsec 0 sigma 2
l_jacobian=1.00 l_label=1.00 l_log_likelihood=0.20 l_smoothness=0.01 
tol=5.00e-02, dt=5.00e-02, exp_k=20.0, momentum=0.90, levels=6, niter=500, lbl_dist=10.00, avgs=256, sigma=2.0,type=2, relabel=0, neg=no

blurring input image with Gaussian with sigma=2.000...
GCAMRegisterLevel(): init RMS 0.741123
#FOTS# QuadFit found better minimum quadopt=(dt=280.486,rms=0.713533) vs oldopt=(dt=369.92,rms=0.7155)
#GCMRL#   70 dt 280.485892 rms  0.714  3.723% neg 0  invalid 762 tFOTS 4.1970 tGradient 2.5380 tsec 7.0700
#GCMRL#   71 dt 369.920000 rms  0.701  1.779% neg 0  invalid 762 tFOTS 4.2080 tGradient 2.4950 tsec 7.0540
#FOTS# QuadFit found better minimum quadopt=(dt=129.472,rms=0.697262) vs oldopt=(dt=92.48,rms=0.697583)
#GCMRL#   72 dt 129.472000 rms  0.697  0.511% neg 0  invalid 762 tFOTS 4.4650 tGradient 2.4340 tsec 7.2210
#FOTS# QuadFit found better minimum quadopt=(dt=517.888,rms=0.692039) vs oldopt=(dt=369.92,rms=0.693065)
#GCMRL#   73 dt 517.888000 rms  0.692  0.749% neg 0  invalid 762 tFOTS 4.2770 tGradient 2.4450 tsec 7.0590
#FOTS# QuadFit found better minimum quadopt=(dt=129.472,rms=0.690199) vs oldopt=(dt=92.48,rms=0.690582)
#GCMRL#   74 dt 129.472000 rms  0.690  0.266% neg 0  invalid 762 tFOTS 4.1560 tGradient 2.4840 tsec 6.9640
#FOTS# QuadFit found better minimum quadopt=(dt=1183.74,rms=0.684326) vs oldopt=(dt=1479.68,rms=0.684331)
#GCMRL#   75 dt 1183.744000 rms  0.684  0.851% neg 0  invalid 762 tFOTS 4.4350 tGradient 2.5820 tsec 7.3610
#FOTS# QuadFit found better minimum quadopt=(dt=129.472,rms=0.682048) vs oldopt=(dt=92.48,rms=0.682284)
#GCMRL#   76 dt 129.472000 rms  0.682  0.333% neg 0  invalid 762 tFOTS 4.6790 tGradient 2.4290 tsec 7.4790
#FOTS# QuadFit found better minimum quadopt=(dt=443.904,rms=0.680963) vs oldopt=(dt=369.92,rms=0.680969)
#GCMRL#   77 dt 443.904000 rms  0.681  0.159% neg 0  invalid 762 tFOTS 5.0430 tGradient 3.0080 tsec 8.4610
#FOTS# QuadFit found better minimum quadopt=(dt=129.472,rms=0.679759) vs oldopt=(dt=92.48,rms=0.679917)
#GCMRL#   78 dt 129.472000 rms  0.680  0.177% neg 0  invalid 762 tFOTS 4.9890 tGradient 2.9120 tsec 8.2780
#GCMRL#   79 dt 369.920000 rms  0.679  0.122% neg 0  invalid 762 tFOTS 4.9940 tGradient 2.9060 tsec 8.2660
#FOTS# QuadFit found better minimum quadopt=(dt=129.472,rms=0.678046) vs oldopt=(dt=92.48,rms=0.678184)
#GCMRL#   80 dt 129.472000 rms  0.678  0.130% neg 0  invalid 762 tFOTS 5.1180 tGradient 2.9880 tsec 8.4620
#FOTS# QuadFit found better minimum quadopt=(dt=443.904,rms=0.677293) vs oldopt=(dt=369.92,rms=0.67731)
#GCMRL#   81 dt 443.904000 rms  0.677  0.111% neg 0  invalid 762 tFOTS 4.5560 tGradient 2.7120 tsec 7.6180
#FOTS# QuadFit found better minimum quadopt=(dt=129.472,rms=0.676339) vs oldopt=(dt=92.48,rms=0.676431)
#GCMRL#   82 dt 129.472000 rms  0.676  0.141% neg 0  invalid 762 tFOTS 4.6160 tGradient 2.4810 tsec 7.4320
#FOTS# QuadFit found better minimum quadopt=(dt=221.952,rms=0.675904) vs oldopt=(dt=369.92,rms=0.675978)
#GCMRL#   83 dt 221.952000 rms  0.676  0.064% neg 0  invalid 762 tFOTS 4.4710 tGradient 2.4370 tsec 7.2450
#FOTS# QuadFit found better minimum quadopt=(dt=221.952,rms=0.675327) vs oldopt=(dt=369.92,rms=0.675537)
#GCMRL#   84 dt 221.952000 rms  0.675  0.085% neg 0  invalid 762 tFOTS 4.5330 tGradient 2.3750 tsec 7.2460
#FOTS# QuadFit found better minimum quadopt=(dt=129.472,rms=0.67489) vs oldopt=(dt=92.48,rms=0.674917)
#GCMRL#   85 dt 129.472000 rms  0.675  0.065% neg 0  invalid 762 tFOTS 4.5940 tGradient 2.4430 tsec 7.3690
#FOTS# QuadFit found better minimum quadopt=(dt=517.888,rms=0.674069) vs oldopt=(dt=369.92,rms=0.674148)
#GCMRL#   86 dt 517.888000 rms  0.674  0.122% neg 0  invalid 762 tFOTS 4.4870 tGradient 2.6130 tsec 7.4310
#GCMRL#   87 dt  92.480000 rms  0.673  0.088% neg 0  invalid 762 tFOTS 4.4780 tGradient 2.4980 tsec 7.3090
#GCMRL#   88 dt 5918.720000 rms  0.666  1.169% neg 0  invalid 762 tFOTS 4.5310 tGradient 2.4780 tsec 7.3730
#FOTS# QuadFit found better minimum quadopt=(dt=110.976,rms=0.664161) vs oldopt=(dt=92.48,rms=0.664208)
#GCMRL#   89 dt 110.976000 rms  0.664  0.217% neg 0  invalid 762 tFOTS 4.8710 tGradient 2.8920 tsec 8.0890
#FOTS# QuadFit found better minimum quadopt=(dt=129.472,rms=0.663959) vs oldopt=(dt=92.48,rms=0.66399)
#GCMRL#   90 dt 129.472000 rms  0.664  0.000% neg 0  invalid 762 tFOTS 4.4990 tGradient 2.5930 tsec 7.4550
#GCMRL#   91 dt 129.472000 rms  0.664  0.030% neg 0  invalid 762 tFOTS 0.0000 tGradient 2.5940 tsec 2.9330
#GCMRL#   92 dt 129.472000 rms  0.663  0.046% neg 0  invalid 762 tFOTS 0.0000 tGradient 2.5580 tsec 2.8840
#GCMRL#   93 dt 129.472000 rms  0.663  0.047% neg 0  invalid 762 tFOTS 0.0000 tGradient 2.5340 tsec 2.8570
#GCMRL#   94 dt 129.472000 rms  0.663  0.056% neg 0  invalid 762 tFOTS 0.0000 tGradient 2.5310 tsec 2.8550
#GCMRL#   95 dt 129.472000 rms  0.662  0.066% neg 0  invalid 762 tFOTS 0.0000 tGradient 2.5190 tsec 2.8420
#GCMRL#   96 dt 129.472000 rms  0.662  0.077% neg 0  invalid 762 tFOTS 0.0000 tGradient 2.7040 tsec 3.0270
#GCMRL#   97 dt 129.472000 rms  0.661  0.069% neg 0  invalid 762 tFOTS 0.0000 tGradient 2.5570 tsec 2.8800
#GCMRL#   98 dt 129.472000 rms  0.661  0.075% neg 0  invalid 762 tFOTS 0.0000 tGradient 2.6200 tsec 2.9430
#GCMRL#   99 dt 129.472000 rms  0.660  0.077% neg 0  invalid 762 tFOTS 0.0000 tGradient 2.5980 tsec 2.9260
#GCMRL#  100 dt 129.472000 rms  0.660  0.074% neg 0  invalid 762 tFOTS 0.0000 tGradient 2.5280 tsec 2.8510
#GCMRL#  101 dt 129.472000 rms  0.659  0.082% neg 0  invalid 762 tFOTS 0.0000 tGradient 2.5850 tsec 2.9080
#GCMRL#  102 dt 129.472000 rms  0.659  0.081% neg 0  invalid 762 tFOTS 0.0000 tGradient 2.5090 tsec 2.8300
#GCMRL#  103 dt 129.472000 rms  0.658  0.085% neg 0  invalid 762 tFOTS 0.0000 tGradient 2.5200 tsec 2.8410
#GCMRL#  104 dt 129.472000 rms  0.658  0.079% neg 0  invalid 762 tFOTS 0.0000 tGradient 2.4750 tsec 2.8030
#GCMRL#  105 dt 129.472000 rms  0.657  0.080% neg 0  invalid 762 tFOTS 0.0000 tGradient 2.6730 tsec 2.9890
#GCMRL#  106 dt 129.472000 rms  0.657  0.072% neg 0  invalid 762 tFOTS 0.0000 tGradient 2.6100 tsec 2.9330
#GCMRL#  107 dt 129.472000 rms  0.656  0.065% neg 0  invalid 762 tFOTS 0.0000 tGradient 2.6500 tsec 2.9770
#GCMRL#  108 dt 129.472000 rms  0.656  0.062% neg 0  invalid 762 tFOTS 0.0000 tGradient 2.6120 tsec 2.9310
#GCMRL#  109 dt 129.472000 rms  0.655  0.067% neg 0  invalid 762 tFOTS 0.0000 tGradient 2.6290 tsec 2.9500
#GCMRL#  110 dt 129.472000 rms  0.655  0.067% neg 0  invalid 762 tFOTS 0.0000 tGradient 2.5830 tsec 2.9100
#GCMRL#  111 dt 129.472000 rms  0.655  0.060% neg 0  invalid 762 tFOTS 0.0000 tGradient 2.8040 tsec 3.1290
#GCMRL#  112 dt 129.472000 rms  0.654  0.059% neg 0  invalid 762 tFOTS 0.0000 tGradient 2.6660 tsec 2.9920
#GCMRL#  113 dt 129.472000 rms  0.654  0.063% neg 0  invalid 762 tFOTS 0.0000 tGradient 2.6070 tsec 2.9310
#GCMRL#  114 dt 129.472000 rms  0.653  0.062% neg 0  invalid 762 tFOTS 0.0000 tGradient 2.6170 tsec 2.9400
#GCMRL#  115 dt 129.472000 rms  0.653  0.062% neg 0  invalid 762 tFOTS 0.0000 tGradient 2.6360 tsec 2.9830
#GCMRL#  116 dt 129.472000 rms  0.653  0.058% neg 0  invalid 762 tFOTS 0.0000 tGradient 2.6120 tsec 2.9340
#GCMRL#  117 dt 129.472000 rms  0.652  0.056% neg 0  invalid 762 tFOTS 0.0000 tGradient 2.6050 tsec 2.9440
#GCMRL#  118 dt 129.472000 rms  0.652  0.050% neg 0  invalid 762 tFOTS 0.0000 tGradient 2.6010 tsec 2.9290
#GCMRL#  119 dt 129.472000 rms  0.652  0.046% neg 0  invalid 762 tFOTS 0.0000 tGradient 2.6500 tsec 2.9750
#GCMRL#  120 dt 129.472000 rms  0.651  0.046% neg 0  invalid 762 tFOTS 0.0000 tGradient 2.6990 tsec 3.0240
#GCMRL#  121 dt 129.472000 rms  0.651  0.038% neg 0  invalid 762 tFOTS 0.0000 tGradient 2.6140 tsec 2.9400
#GCMRL#  122 dt 129.472000 rms  0.651  0.043% neg 0  invalid 762 tFOTS 0.0000 tGradient 2.5890 tsec 2.9150
#GCMRL#  123 dt 129.472000 rms  0.651  0.041% neg 0  invalid 762 tFOTS 0.0000 tGradient 2.6040 tsec 2.9250
#GCMRL#  124 dt 129.472000 rms  0.650  0.045% neg 0  invalid 762 tFOTS 0.0000 tGradient 2.6430 tsec 2.9600
#GCMRL#  125 dt 129.472000 rms  0.650  0.046% neg 0  invalid 762 tFOTS 0.0000 tGradient 2.6570 tsec 2.9830
#GCMRL#  126 dt 129.472000 rms  0.650  0.042% neg 0  invalid 762 tFOTS 0.0000 tGradient 2.6030 tsec 2.9240
#GCMRL#  127 dt 129.472000 rms  0.649  0.050% neg 0  invalid 762 tFOTS 0.0000 tGradient 2.5980 tsec 2.9250
#GCMRL#  128 dt 129.472000 rms  0.649  0.047% neg 0  invalid 762 tFOTS 0.0000 tGradient 2.5660 tsec 2.8880
#GCMRL#  129 dt 129.472000 rms  0.649  0.045% neg 0  invalid 762 tFOTS 0.0000 tGradient 2.5970 tsec 2.9240
#GCMRL#  130 dt 129.472000 rms  0.648  0.044% neg 0  invalid 762 tFOTS 0.0000 tGradient 2.6270 tsec 2.9530
#GCMRL#  131 dt 129.472000 rms  0.648  0.044% neg 0  invalid 762 tFOTS 0.0000 tGradient 2.7400 tsec 3.0650
#GCMRL#  132 dt 129.472000 rms  0.648  0.041% neg 0  invalid 762 tFOTS 0.0000 tGradient 2.6940 tsec 3.0210
#GCMRL#  133 dt 129.472000 rms  0.648  0.038% neg 0  invalid 762 tFOTS 0.0000 tGradient 2.6680 tsec 2.9940
#GCMRL#  134 dt 129.472000 rms  0.647  0.032% neg 0  invalid 762 tFOTS 0.0000 tGradient 2.7170 tsec 3.0440
#GCMRL#  135 dt 129.472000 rms  0.647  0.031% neg 0  invalid 762 tFOTS 0.0000 tGradient 2.7830 tsec 3.1040
#GCMRL#  136 dt 129.472000 rms  0.647  0.030% neg 0  invalid 762 tFOTS 0.0000 tGradient 2.6780 tsec 3.0010
#GCMRL#  137 dt 129.472000 rms  0.647  0.037% neg 0  invalid 762 tFOTS 0.0000 tGradient 2.7220 tsec 3.0360
#GCMRL#  138 dt 129.472000 rms  0.647  0.038% neg 0  invalid 762 tFOTS 0.0000 tGradient 2.6110 tsec 2.9320
#GCMRL#  139 dt 129.472000 rms  0.646  0.043% neg 0  invalid 762 tFOTS 0.0000 tGradient 2.6770 tsec 2.9900
#GCMRL#  140 dt 129.472000 rms  0.646  0.039% neg 0  invalid 762 tFOTS 0.0000 tGradient 2.5720 tsec 2.8880
#GCMRL#  141 dt 129.472000 rms  0.646  0.034% neg 0  invalid 762 tFOTS 0.0000 tGradient 2.7130 tsec 3.0290
#GCMRL#  142 dt 129.472000 rms  0.646  0.029% neg 0  invalid 762 tFOTS 0.0000 tGradient 2.6250 tsec 2.9410
#GCMRL#  143 dt 129.472000 rms  0.645  0.034% neg 0  invalid 762 tFOTS 0.0000 tGradient 2.5360 tsec 2.8540
#GCMRL#  144 dt 129.472000 rms  0.645  0.038% neg 0  invalid 762 tFOTS 0.0000 tGradient 2.5630 tsec 2.8830
#GCMRL#  145 dt 129.472000 rms  0.645  0.036% neg 0  invalid 762 tFOTS 0.0000 tGradient 2.5480 tsec 2.8630
#GCMRL#  146 dt 129.472000 rms  0.645  0.029% neg 0  invalid 762 tFOTS 0.0000 tGradient 2.5930 tsec 2.9130
#GCMRL#  147 dt 129.472000 rms  0.645  0.029% neg 0  invalid 762 tFOTS 0.0000 tGradient 2.8520 tsec 3.2000
#GCMRL#  148 dt 129.472000 rms  0.644  0.033% neg 0  invalid 762 tFOTS 0.0000 tGradient 2.5970 tsec 2.9020
#GCMRL#  149 dt 129.472000 rms  0.644  0.031% neg 0  invalid 762 tFOTS 0.0000 tGradient 2.5280 tsec 2.8300
#GCMRL#  150 dt 129.472000 rms  0.644  0.030% neg 0  invalid 762 tFOTS 0.0000 tGradient 2.5120 tsec 2.8160
#GCMRL#  151 dt 129.472000 rms  0.644  0.029% neg 0  invalid 762 tFOTS 0.0000 tGradient 2.5670 tsec 2.8870
#GCMRL#  152 dt 129.472000 rms  0.644  0.030% neg 0  invalid 762 tFOTS 0.0000 tGradient 2.5680 tsec 2.8690
#GCMRL#  153 dt 129.472000 rms  0.643  0.030% neg 0  invalid 762 tFOTS 0.0000 tGradient 2.5260 tsec 2.8700
#GCMRL#  154 dt 129.472000 rms  0.643  0.031% neg 0  invalid 762 tFOTS 0.0000 tGradient 2.5740 tsec 2.8800
#GCMRL#  155 dt 129.472000 rms  0.643  0.029% neg 0  invalid 762 tFOTS 0.0000 tGradient 2.4630 tsec 2.7670
#GCMRL#  156 dt 129.472000 rms  0.643  0.029% neg 0  invalid 762 tFOTS 0.0000 tGradient 2.4510 tsec 2.7670
#GCMRL#  157 dt 129.472000 rms  0.643  0.027% neg 0  invalid 762 tFOTS 0.0000 tGradient 2.4640 tsec 2.7710
#GCMRL#  158 dt 129.472000 rms  0.642  0.026% neg 0  invalid 762 tFOTS 0.0000 tGradient 2.4890 tsec 2.7930
#GCMRL#  159 dt 129.472000 rms  0.642  0.026% neg 0  invalid 762 tFOTS 0.0000 tGradient 2.5340 tsec 2.8400
#GCMRL#  160 dt 129.472000 rms  0.642  0.025% neg 0  invalid 762 tFOTS 0.0000 tGradient 2.4570 tsec 2.7630
#GCMRL#  161 dt 129.472000 rms  0.642  0.031% neg 0  invalid 762 tFOTS 0.0000 tGradient 2.5380 tsec 2.8450
#GCMRL#  162 dt 129.472000 rms  0.642  0.032% neg 0  invalid 762 tFOTS 0.0000 tGradient 2.4570 tsec 2.7600
#GCMRL#  163 dt 129.472000 rms  0.642  0.027% neg 0  invalid 762 tFOTS 0.0000 tGradient 2.5590 tsec 2.8630
#GCMRL#  164 dt 129.472000 rms  0.641  0.025% neg 0  invalid 762 tFOTS 0.0000 tGradient 2.6250 tsec 2.9480
#GCMRL#  165 dt 129.472000 rms  0.641  0.025% neg 0  invalid 762 tFOTS 0.0000 tGradient 2.6280 tsec 2.9450
#GCMRL#  166 dt 129.472000 rms  0.641  0.023% neg 0  invalid 762 tFOTS 0.0000 tGradient 2.5820 tsec 2.9390
#GCMRL#  167 dt 369.920000 rms  0.641  0.000% neg 0  invalid 762 tFOTS 4.7070 tGradient 2.6380 tsec 7.7200
#GCMRL#  168 dt 369.920000 rms  0.641  0.004% neg 0  invalid 762 tFOTS 0.0000 tGradient 2.5690 tsec 2.8980

#GCAMreg# pass 0 level1 5 level2 1 tsec 403.471 sigma 0.5
l_jacobian=1.00 l_label=1.00 l_log_likelihood=0.20 l_smoothness=0.01 
tol=5.00e-02, dt=5.00e-02, exp_k=20.0, momentum=0.90, levels=6, niter=500, lbl_dist=10.00, avgs=256, sigma=0.5,type=2, relabel=0, neg=no

blurring input image with Gaussian with sigma=0.500...
GCAMRegisterLevel(): init RMS 0.642193
#FOTS# QuadFit found better minimum quadopt=(dt=129.472,rms=0.64068) vs oldopt=(dt=92.48,rms=0.64075)
#GCMRL#  170 dt 129.472000 rms  0.641  0.236% neg 0  invalid 762 tFOTS 4.4170 tGradient 2.5740 tsec 7.3240
#FOTS# QuadFit found better minimum quadopt=(dt=443.904,rms=0.640341) vs oldopt=(dt=369.92,rms=0.640345)
#GCMRL#  171 dt 443.904000 rms  0.640  0.053% neg 0  invalid 762 tFOTS 4.4210 tGradient 2.5670 tsec 7.3220
#FOTS# QuadFit found better minimum quadopt=(dt=517.888,rms=0.639759) vs oldopt=(dt=369.92,rms=0.63988)
#GCMRL#  172 dt 517.888000 rms  0.640  0.091% neg 0  invalid 762 tFOTS 4.5520 tGradient 2.4870 tsec 7.3790
#FOTS# QuadFit found better minimum quadopt=(dt=32.368,rms=0.639754) vs oldopt=(dt=23.12,rms=0.639755)
#GCMRL#  173 dt  32.368000 rms  0.640  0.000% neg 0  invalid 762 tFOTS 5.1620 tGradient 2.5610 tsec 8.0970
#GCMRL#  174 dt  32.368000 rms  0.640  0.001% neg 0  invalid 762 tFOTS 0.0000 tGradient 2.5270 tsec 2.8590
setting smoothness cost coefficient to 0.031

#GCAMreg# pass 0 level1 4 level2 0 tsec 0 sigma 2
l_jacobian=1.00 l_label=1.00 l_log_likelihood=0.20 l_smoothness=0.03 
tol=5.00e-02, dt=5.00e-02, exp_k=20.0, momentum=0.90, levels=6, niter=500, lbl_dist=10.00, avgs=64, sigma=2.0,type=2, relabel=0, neg=no

blurring input image with Gaussian with sigma=2.000...
GCAMRegisterLevel(): init RMS 0.644336
#FOTS# QuadFit found better minimum quadopt=(dt=145.152,rms=0.637992) vs oldopt=(dt=103.68,rms=0.638991)
#GCMRL#  176 dt 145.152000 rms  0.638  0.985% neg 0  invalid 762 tFOTS 4.4990 tGradient 2.1250 tsec 6.9670
#FOTS# QuadFit found better minimum quadopt=(dt=235.594,rms=0.631117) vs oldopt=(dt=103.68,rms=0.633032)
#GCMRL#  177 dt 235.594203 rms  0.631  1.078% neg 0  invalid 762 tFOTS 4.5130 tGradient 2.1300 tsec 6.9800
#FOTS# QuadFit found better minimum quadopt=(dt=76.1379,rms=0.626943) vs oldopt=(dt=25.92,rms=0.628261)
#GCMRL#  178 dt  76.137931 rms  0.627  0.661% neg 0  invalid 762 tFOTS 4.5290 tGradient 2.1800 tsec 7.0490
#FOTS# QuadFit found better minimum quadopt=(dt=170.044,rms=0.623312) vs oldopt=(dt=103.68,rms=0.623756)
#GCMRL#  179 dt 170.043796 rms  0.623  0.579% neg 0  invalid 762 tFOTS 4.5270 tGradient 2.1300 tsec 6.9980
#FOTS# QuadFit found better minimum quadopt=(dt=63.2967,rms=0.620824) vs oldopt=(dt=103.68,rms=0.621626)
#GCMRL#  180 dt  63.296703 rms  0.621  0.399% neg 0  invalid 762 tFOTS 4.5280 tGradient 2.1950 tsec 7.0610
#FOTS# QuadFit found better minimum quadopt=(dt=580.608,rms=0.613746) vs oldopt=(dt=414.72,rms=0.614453)
#GCMRL#  181 dt 580.608000 rms  0.614  1.140% neg 0  invalid 762 tFOTS 4.2660 tGradient 2.1470 tsec 6.7530
#FOTS# QuadFit found better minimum quadopt=(dt=63.1899,rms=0.60958) vs oldopt=(dt=25.92,rms=0.610699)
#GCMRL#  182 dt  63.189873 rms  0.610  0.679% neg 0  invalid 762 tFOTS 4.5510 tGradient 2.0660 tsec 6.9550
#FOTS# QuadFit found better minimum quadopt=(dt=145.152,rms=0.608016) vs oldopt=(dt=103.68,rms=0.60825)
#GCMRL#  183 dt 145.152000 rms  0.608  0.257% neg 0  invalid 762 tFOTS 4.2530 tGradient 2.0570 tsec 6.6450
#FOTS# QuadFit found better minimum quadopt=(dt=74.5316,rms=0.607071) vs oldopt=(dt=103.68,rms=0.607202)
#GCMRL#  184 dt  74.531646 rms  0.607  0.155% neg 0  invalid 762 tFOTS 4.4740 tGradient 2.0850 tsec 6.8880
#FOTS# QuadFit found better minimum quadopt=(dt=145.152,rms=0.605623) vs oldopt=(dt=103.68,rms=0.605881)
#GCMRL#  185 dt 145.152000 rms  0.606  0.239% neg 0  invalid 762 tFOTS 4.1970 tGradient 2.0370 tsec 6.5610
#FOTS# QuadFit found better minimum quadopt=(dt=82.944,rms=0.604916) vs oldopt=(dt=103.68,rms=0.60502)
#GCMRL#  186 dt  82.944000 rms  0.605  0.117% neg 0  invalid 762 tFOTS 4.1960 tGradient 2.1150 tsec 6.6400
#FOTS# QuadFit found better minimum quadopt=(dt=145.152,rms=0.60373) vs oldopt=(dt=103.68,rms=0.603832)
#GCMRL#  187 dt 145.152000 rms  0.604  0.196% neg 0  invalid 762 tFOTS 4.1920 tGradient 2.0080 tsec 6.5320
#FOTS# QuadFit found better minimum quadopt=(dt=36.288,rms=0.603056) vs oldopt=(dt=25.92,rms=0.603187)
#GCMRL#  188 dt  36.288000 rms  0.603  0.112% neg 0  invalid 762 tFOTS 4.1830 tGradient 1.9670 tsec 6.4740
#FOTS# QuadFit found better minimum quadopt=(dt=145.152,rms=0.602192) vs oldopt=(dt=103.68,rms=0.602362)
#GCMRL#  189 dt 145.152000 rms  0.602  0.143% neg 0  invalid 762 tFOTS 4.1770 tGradient 2.1200 tsec 6.6240
#FOTS# QuadFit found better minimum quadopt=(dt=124.416,rms=0.600946) vs oldopt=(dt=103.68,rms=0.601004)
#GCMRL#  190 dt 124.416000 rms  0.601  0.207% neg 0  invalid 762 tFOTS 4.1640 tGradient 1.9070 tsec 6.3910
#FOTS# QuadFit found better minimum quadopt=(dt=36.288,rms=0.600492) vs oldopt=(dt=25.92,rms=0.600579)
#GCMRL#  191 dt  36.288000 rms  0.600  0.076% neg 0  invalid 762 tFOTS 4.1370 tGradient 1.8950 tsec 6.3560
#FOTS# QuadFit found better minimum quadopt=(dt=331.776,rms=0.599359) vs oldopt=(dt=414.72,rms=0.599496)
#GCMRL#  192 dt 331.776000 rms  0.599  0.189% neg 0  invalid 762 tFOTS 4.1620 tGradient 1.8880 tsec 6.3780
#FOTS# QuadFit found better minimum quadopt=(dt=63.4435,rms=0.597736) vs oldopt=(dt=103.68,rms=0.598248)
#GCMRL#  193 dt  63.443478 rms  0.598  0.271% neg 0  invalid 762 tFOTS 4.4510 tGradient 1.9440 tsec 6.7250
#FOTS# QuadFit found better minimum quadopt=(dt=124.416,rms=0.597218) vs oldopt=(dt=103.68,rms=0.597234)
#GCMRL#  194 dt 124.416000 rms  0.597  0.087% neg 0  invalid 762 tFOTS 4.5570 tGradient 2.2960 tsec 7.1650
#GCMRL#  195 dt 103.680000 rms  0.596  0.127% neg 0  invalid 762 tFOTS 4.2050 tGradient 2.0150 tsec 6.5430
#FOTS# QuadFit found better minimum quadopt=(dt=62.208,rms=0.596001) vs oldopt=(dt=103.68,rms=0.596112)
#GCMRL#  196 dt  62.208000 rms  0.596  0.077% neg 0  invalid 762 tFOTS 4.0190 tGradient 2.1240 tsec 6.4520
#FOTS# QuadFit found better minimum quadopt=(dt=331.776,rms=0.594706) vs oldopt=(dt=414.72,rms=0.594709)
#GCMRL#  197 dt 331.776000 rms  0.595  0.217% neg 0  invalid 762 tFOTS 4.2440 tGradient 2.0120 tsec 6.5830
#FOTS# QuadFit found better minimum quadopt=(dt=36.288,rms=0.594029) vs oldopt=(dt=25.92,rms=0.594151)
#GCMRL#  198 dt  36.288000 rms  0.594  0.114% neg 0  invalid 762 tFOTS 4.0000 tGradient 2.0360 tsec 6.3530
#FOTS# QuadFit found better minimum quadopt=(dt=124.416,rms=0.593604) vs oldopt=(dt=103.68,rms=0.593619)
#GCMRL#  199 dt 124.416000 rms  0.594  0.072% neg 0  invalid 762 tFOTS 4.4190 tGradient 2.3000 tsec 7.0380
#GCMRL#  200 dt 103.680000 rms  0.593  0.098% neg 0  invalid 762 tFOTS 4.2720 tGradient 1.9050 tsec 6.5100
#FOTS# QuadFit found better minimum quadopt=(dt=82.944,rms=0.592621) vs oldopt=(dt=103.68,rms=0.592662)
#GCMRL#  201 dt  82.944000 rms  0.593  0.068% neg 0  invalid 762 tFOTS 5.1770 tGradient 2.0450 tsec 7.5460
#FOTS# QuadFit found better minimum quadopt=(dt=145.152,rms=0.592097) vs oldopt=(dt=103.68,rms=0.592127)
#GCMRL#  202 dt 145.152000 rms  0.592  0.089% neg 0  invalid 762 tFOTS 4.4790 tGradient 2.0050 tsec 6.8090
#FOTS# QuadFit found better minimum quadopt=(dt=36.288,rms=0.591728) vs oldopt=(dt=25.92,rms=0.591801)
#GCMRL#  203 dt  36.288000 rms  0.592  0.062% neg 0  invalid 762 tFOTS 4.5000 tGradient 1.9530 tsec 6.7480
#FOTS# QuadFit found better minimum quadopt=(dt=331.776,rms=0.591019) vs oldopt=(dt=414.72,rms=0.591088)
#GCMRL#  204 dt 331.776000 rms  0.591  0.120% neg 0  invalid 762 tFOTS 4.2650 tGradient 1.9750 tsec 6.6020
#FOTS# QuadFit found better minimum quadopt=(dt=64.9187,rms=0.590021) vs oldopt=(dt=103.68,rms=0.590306)
#GCMRL#  205 dt  64.918660 rms  0.590  0.169% neg 0  invalid 762 tFOTS 4.8460 tGradient 2.3060 tsec 7.4790
#FOTS# QuadFit found better minimum quadopt=(dt=82.944,rms=0.589794) vs oldopt=(dt=103.68,rms=0.589796)
#GCMRL#  206 dt  82.944000 rms  0.590  0.000% neg 0  invalid 762 tFOTS 4.5160 tGradient 2.0020 tsec 6.8700
#GCMRL#  207 dt  82.944000 rms  0.589  0.066% neg 0  invalid 762 tFOTS 0.0000 tGradient 1.9580 tsec 2.2650
#GCMRL#  208 dt  82.944000 rms  0.589  0.093% neg 0  invalid 762 tFOTS 0.0000 tGradient 2.0120 tsec 2.3160
#GCMRL#  209 dt  82.944000 rms  0.588  0.127% neg 0  invalid 762 tFOTS 0.0000 tGradient 1.9230 tsec 2.2260
#GCMRL#  210 dt  82.944000 rms  0.587  0.169% neg 0  invalid 762 tFOTS 0.0000 tGradient 2.0210 tsec 2.3250
#GCMRL#  211 dt  82.944000 rms  0.586  0.207% neg 0  invalid 762 tFOTS 0.0000 tGradient 2.2130 tsec 2.5690
#GCMRL#  212 dt  82.944000 rms  0.585  0.199% neg 0  invalid 762 tFOTS 0.0000 tGradient 2.3840 tsec 2.6860
#GCMRL#  213 dt  82.944000 rms  0.583  0.212% neg 0  invalid 762 tFOTS 0.0000 tGradient 1.9980 tsec 2.2890
#GCMRL#  214 dt  82.944000 rms  0.582  0.194% neg 0  invalid 762 tFOTS 0.0000 tGradient 2.0300 tsec 2.3250
#GCMRL#  215 dt  82.944000 rms  0.581  0.196% neg 0  invalid 762 tFOTS 0.0000 tGradient 1.9490 tsec 2.2550
#GCMRL#  216 dt  82.944000 rms  0.580  0.178% neg 0  invalid 762 tFOTS 0.0000 tGradient 1.9210 tsec 2.2280
#GCMRL#  217 dt  82.944000 rms  0.579  0.177% neg 0  invalid 762 tFOTS 0.0000 tGradient 2.0040 tsec 2.3150
#GCMRL#  218 dt  82.944000 rms  0.578  0.163% neg 0  invalid 762 tFOTS 0.0000 tGradient 2.0500 tsec 2.3610
#GCMRL#  219 dt  82.944000 rms  0.577  0.162% neg 0  invalid 762 tFOTS 0.0000 tGradient 1.9950 tsec 2.2900
#GCMRL#  220 dt  82.944000 rms  0.576  0.152% neg 0  invalid 762 tFOTS 0.0000 tGradient 1.9020 tsec 2.1980
#GCMRL#  221 dt  82.944000 rms  0.576  0.006% neg 0  invalid 762 tFOTS 0.0000 tGradient 1.8950 tsec 2.3790
#GCMRL#  222 dt  82.944000 rms  0.576  0.019% neg 0  invalid 762 tFOTS 0.0000 tGradient 1.9750 tsec 2.2880
#GCMRL#  223 dt  82.944000 rms  0.576  0.031% neg 0  invalid 762 tFOTS 0.0000 tGradient 1.9810 tsec 2.2750
#GCMRL#  224 dt  82.944000 rms  0.576  0.047% neg 0  invalid 762 tFOTS 0.0000 tGradient 1.8730 tsec 2.1690
#GCMRL#  225 dt  82.944000 rms  0.576  0.050% neg 0  invalid 762 tFOTS 0.0000 tGradient 1.8440 tsec 2.1400
#GCMRL#  226 dt  82.944000 rms  0.575  0.049% neg 0  invalid 762 tFOTS 0.0000 tGradient 1.8560 tsec 2.1640
#GCMRL#  227 dt  82.944000 rms  0.575  0.028% neg 0  invalid 762 tFOTS 0.0000 tGradient 1.8470 tsec 2.3350
#GCMRL#  228 dt  82.944000 rms  0.575  0.031% neg 0  invalid 762 tFOTS 0.0000 tGradient 1.8570 tsec 2.1610
#GCMRL#  229 dt  20.736000 rms  0.575  0.000% neg 0  invalid 762 tFOTS 0.0000 tGradient 1.8840 tsec 2.7260
#GCMRL#  230 dt   2.592000 rms  0.575  0.003% neg 0  invalid 762 tFOTS 0.0000 tGradient 1.9030 tsec 2.9110
#GCMRL#  231 dt   1.296000 rms  0.575  0.000% neg 0  invalid 762 tFOTS 0.0000 tGradient 1.9130 tsec 2.5960
#FOTS# QuadFit found better minimum quadopt=(dt=0.567,rms=0.574877) vs oldopt=(dt=0.405,rms=0.574877)

#GCAMreg# pass 0 level1 4 level2 1 tsec 283.312 sigma 0.5
l_jacobian=1.00 l_label=1.00 l_log_likelihood=0.20 l_smoothness=0.03 
tol=5.00e-02, dt=5.00e-02, exp_k=20.0, momentum=0.90, levels=6, niter=500, lbl_dist=10.00, avgs=64, sigma=0.5,type=2, relabel=0, neg=no

blurring input image with Gaussian with sigma=0.500...
GCAMRegisterLevel(): init RMS 0.575999
#FOTS# QuadFit found better minimum quadopt=(dt=82.944,rms=0.574149) vs oldopt=(dt=103.68,rms=0.574174)
#GCMRL#  233 dt  82.944000 rms  0.574  0.321% neg 0  invalid 762 tFOTS 4.2470 tGradient 1.8460 tsec 6.4380
#FOTS# QuadFit found better minimum quadopt=(dt=145.152,rms=0.573015) vs oldopt=(dt=103.68,rms=0.573203)
#GCMRL#  234 dt 145.152000 rms  0.573  0.197% neg 0  invalid 762 tFOTS 4.2090 tGradient 1.8430 tsec 6.3820
#FOTS# QuadFit found better minimum quadopt=(dt=36.288,rms=0.572766) vs oldopt=(dt=25.92,rms=0.572804)
#GCMRL#  235 dt  36.288000 rms  0.573  0.000% neg 0  invalid 762 tFOTS 4.3690 tGradient 1.8790 tsec 6.6050
#GCMRL#  236 dt  36.288000 rms  0.573  0.024% neg 0  invalid 762 tFOTS 0.0000 tGradient 1.8470 tsec 2.1400
#GCMRL#  237 dt  36.288000 rms  0.572  0.040% neg 0  invalid 762 tFOTS 0.0000 tGradient 1.8750 tsec 2.1730
#GCMRL#  238 dt  36.288000 rms  0.572  0.061% neg 0  invalid 762 tFOTS 0.0000 tGradient 1.8960 tsec 2.1900
#GCMRL#  239 dt  36.288000 rms  0.572  0.083% neg 0  invalid 762 tFOTS 0.0000 tGradient 1.9040 tsec 2.2000
#GCMRL#  240 dt  36.288000 rms  0.571  0.085% neg 0  invalid 762 tFOTS 0.0000 tGradient 2.2650 tsec 2.5540
#GCMRL#  241 dt  36.288000 rms  0.571  0.091% neg 0  invalid 762 tFOTS 0.0000 tGradient 2.2920 tsec 2.5800
#GCMRL#  242 dt  36.288000 rms  0.570  0.092% neg 0  invalid 762 tFOTS 0.0000 tGradient 2.4260 tsec 2.7160
#GCMRL#  243 dt  36.288000 rms  0.570  0.087% neg 0  invalid 762 tFOTS 0.0000 tGradient 2.2110 tsec 2.5400
#GCMRL#  244 dt  36.288000 rms  0.569  0.088% neg 0  invalid 762 tFOTS 0.0000 tGradient 2.5440 tsec 2.8590
#GCMRL#  245 dt  36.288000 rms  0.569  0.080% neg 0  invalid 762 tFOTS 0.0000 tGradient 2.6960 tsec 3.0230
#GCMRL#  246 dt  36.288000 rms  0.568  0.080% neg 0  invalid 762 tFOTS 0.0000 tGradient 2.2720 tsec 2.5730
#GCMRL#  247 dt  36.288000 rms  0.568  0.083% neg 0  invalid 762 tFOTS 0.0000 tGradient 2.2540 tsec 2.5730
#GCMRL#  248 dt  36.288000 rms  0.568  0.010% neg 0  invalid 762 tFOTS 0.0000 tGradient 2.3090 tsec 2.8520
#GCMRL#  249 dt  36.288000 rms  0.568  0.017% neg 0  invalid 762 tFOTS 0.0000 tGradient 2.3860 tsec 2.6840
#GCMRL#  250 dt  36.288000 rms  0.567  0.023% neg 0  invalid 762 tFOTS 0.0000 tGradient 2.3820 tsec 2.7430
#GCMRL#  251 dt  36.288000 rms  0.567  0.032% neg 0  invalid 762 tFOTS 0.0000 tGradient 2.3600 tsec 2.6690
#GCMRL#  252 dt  36.288000 rms  0.567  0.034% neg 0  invalid 762 tFOTS 0.0000 tGradient 2.4460 tsec 2.7550
#GCMRL#  253 dt  36.288000 rms  0.567  0.037% neg 0  invalid 762 tFOTS 0.0000 tGradient 2.5620 tsec 2.9130
#GCMRL#  254 dt  18.144000 rms  0.567  0.005% neg 0  invalid 762 tFOTS 0.0000 tGradient 2.4870 tsec 3.1610
#GCMRL#  255 dt   2.268000 rms  0.567 -0.000% neg 0  invalid 762 tFOTS 0.0000 tGradient 2.3250 tsec 3.5890
#FOTS# QuadFit found better minimum quadopt=(dt=2.268,rms=0.566759) vs oldopt=(dt=1.62,rms=0.566759)
#GCMRL#  256 dt   2.268000 rms  0.567  0.001% neg 0  invalid 762 tFOTS 3.3360 tGradient 2.3940 tsec 6.0680
#GCMRL#  257 dt   1.620000 rms  0.567  0.001% neg 0  invalid 762 tFOTS 3.6110 tGradient 2.4530 tsec 6.3940
#FOTS# QuadFit found better minimum quadopt=(dt=0.14175,rms=0.566752) vs oldopt=(dt=0.10125,rms=0.566752)
setting smoothness cost coefficient to 0.118

#GCAMreg# pass 0 level1 3 level2 0 tsec 0 sigma 2
l_jacobian=1.00 l_label=1.00 l_log_likelihood=0.20 l_smoothness=0.12 
tol=5.00e-02, dt=5.00e-02, exp_k=20.0, momentum=0.90, levels=6, niter=500, lbl_dist=10.00, avgs=16, sigma=2.0,type=2, relabel=0, neg=no

blurring input image with Gaussian with sigma=2.000...
GCAMRegisterLevel(): init RMS 0.581441
#FOTS# QuadFit found better minimum quadopt=(dt=64.3216,rms=0.574631) vs oldopt=(dt=32,rms=0.575874)
#GCMRL#  259 dt  64.321608 rms  0.575  1.171% neg 0  invalid 762 tFOTS 4.2780 tGradient 1.9190 tsec 6.5080
#FOTS# QuadFit found better minimum quadopt=(dt=11.2,rms=0.572324) vs oldopt=(dt=8,rms=0.572946)
#GCMRL#  260 dt  11.200000 rms  0.572  0.401% neg 0  invalid 762 tFOTS 3.7400 tGradient 2.1030 tsec 6.1610
#FOTS# QuadFit found better minimum quadopt=(dt=11.2,rms=0.570629) vs oldopt=(dt=8,rms=0.571098)
#GCMRL#  261 dt  11.200000 rms  0.571  0.296% neg 0  invalid 762 tFOTS 4.2300 tGradient 1.9370 tsec 6.4920
#FOTS# QuadFit found better minimum quadopt=(dt=9.6,rms=0.569416) vs oldopt=(dt=8,rms=0.569616)
#GCMRL#  262 dt   9.600000 rms  0.569  0.212% neg 0  invalid 762 tFOTS 3.8980 tGradient 1.8770 tsec 6.0970
#GCMRL#  263 dt   0.500000 rms  0.569  0.000% neg 0  invalid 762 tFOTS 3.3610 tGradient 1.8920 tsec 5.6100
#GCMRL#  264 dt   0.007812 rms  0.569  0.001% neg 0  invalid 762 tFOTS 0.0000 tGradient 1.8440 tsec 3.3120
#GCMRL#  265 dt   0.001953 rms  0.569  0.000% neg 0  invalid 762 tFOTS 0.0000 tGradient 1.8440 tsec 2.6880
#GCMRL#  266 dt   0.000977 rms  0.569  0.000% neg 0  invalid 762 tFOTS 0.0000 tGradient 1.8630 tsec 2.5510
#FOTS# QuadFit found better minimum quadopt=(dt=0.000683594,rms=0.569344) vs oldopt=(dt=0.000488281,rms=0.569344)

#GCAMreg# pass 0 level1 3 level2 1 tsec 55.164 sigma 0.5
l_jacobian=1.00 l_label=1.00 l_log_likelihood=0.20 l_smoothness=0.12 
tol=5.00e-02, dt=5.00e-02, exp_k=20.0, momentum=0.90, levels=6, niter=500, lbl_dist=10.00, avgs=16, sigma=0.5,type=2, relabel=0, neg=no

blurring input image with Gaussian with sigma=0.500...
GCAMRegisterLevel(): init RMS 0.570423
#FOTS# QuadFit found better minimum quadopt=(dt=76.9673,rms=0.563513) vs oldopt=(dt=32,rms=0.565095)
#GCMRL#  268 dt  76.967320 rms  0.564  1.211% neg 0  invalid 762 tFOTS 4.6390 tGradient 1.8460 tsec 6.8400
#GCMRL#  269 dt   8.000000 rms  0.561  0.382% neg 0  invalid 762 tFOTS 3.9200 tGradient 2.2080 tsec 6.4750
#FOTS# QuadFit found better minimum quadopt=(dt=0.7,rms=0.561251) vs oldopt=(dt=0.5,rms=0.561289)
#GCMRL#  270 dt   0.700000 rms  0.561  0.000% neg 0  invalid 762 tFOTS 3.5550 tGradient 1.8700 tsec 5.7750
#GCMRL#  271 dt   0.175000 rms  0.561  0.005% neg 0  invalid 762 tFOTS 0.0000 tGradient 2.0070 tsec 2.8400
#GCMRL#  272 dt   0.087500 rms  0.561  0.003% neg 0  invalid 762 tFOTS 0.0000 tGradient 1.9260 tsec 2.5830
#GCMRL#  273 dt   0.021875 rms  0.561  0.001% neg 0  invalid 762 tFOTS 0.0000 tGradient 1.9290 tsec 2.7830
setting smoothness cost coefficient to 0.400

#GCAMreg# pass 0 level1 2 level2 0 tsec 0 sigma 2
l_jacobian=1.00 l_label=1.00 l_log_likelihood=0.20 l_smoothness=0.40 
tol=5.00e-02, dt=5.00e-02, exp_k=20.0, momentum=0.90, levels=6, niter=500, lbl_dist=10.00, avgs=4, sigma=2.0,type=2, relabel=0, neg=no

blurring input image with Gaussian with sigma=2.000...
GCAMRegisterLevel(): init RMS 0.596168
#FOTS# QuadFit found better minimum quadopt=(dt=4.032,rms=0.590033) vs oldopt=(dt=2.88,rms=0.591342)
#GCMRL#  275 dt   4.032000 rms  0.590  1.029% neg 0  invalid 762 tFOTS 3.8540 tGradient 1.6820 tsec 5.8930
#GCMRL#  276 dt  11.520000 rms  0.582  1.323% neg 0  invalid 762 tFOTS 4.1400 tGradient 1.8510 tsec 6.3260
#FOTS# QuadFit found better minimum quadopt=(dt=4.032,rms=0.580431) vs oldopt=(dt=2.88,rms=0.580925)
#GCMRL#  277 dt   4.032000 rms  0.580  0.308% neg 0  invalid 762 tFOTS 3.8810 tGradient 1.6840 tsec 5.9080
#FOTS# QuadFit found better minimum quadopt=(dt=4.032,rms=0.57893) vs oldopt=(dt=2.88,rms=0.579344)
#GCMRL#  278 dt   4.032000 rms  0.579  0.259% neg 0  invalid 762 tFOTS 4.1170 tGradient 1.6620 tsec 6.1650
#FOTS# QuadFit found better minimum quadopt=(dt=4.032,rms=0.577655) vs oldopt=(dt=2.88,rms=0.578012)
#GCMRL#  279 dt   4.032000 rms  0.578  0.220% neg 0  invalid 762 tFOTS 3.8240 tGradient 1.6580 tsec 5.8200
#FOTS# QuadFit found better minimum quadopt=(dt=4.032,rms=0.576577) vs oldopt=(dt=2.88,rms=0.576878)
#GCMRL#  280 dt   4.032000 rms  0.577  0.187% neg 0  invalid 762 tFOTS 3.9360 tGradient 1.7290 tsec 6.0020
#FOTS# QuadFit found better minimum quadopt=(dt=4.032,rms=0.575635) vs oldopt=(dt=2.88,rms=0.575896)
#GCMRL#  281 dt   4.032000 rms  0.576  0.163% neg 0  invalid 762 tFOTS 4.2540 tGradient 1.7170 tsec 6.3220
#FOTS# QuadFit found better minimum quadopt=(dt=4.032,rms=0.574816) vs oldopt=(dt=2.88,rms=0.575052)
#GCMRL#  282 dt   4.032000 rms  0.575  0.142% neg 0  invalid 762 tFOTS 3.5110 tGradient 1.8940 tsec 5.7390
#FOTS# QuadFit found better minimum quadopt=(dt=4.032,rms=0.574061) vs oldopt=(dt=2.88,rms=0.574273)
#GCMRL#  283 dt   4.032000 rms  0.574  0.131% neg 0  invalid 762 tFOTS 3.7620 tGradient 1.6540 tsec 5.7520
#FOTS# QuadFit found better minimum quadopt=(dt=4.032,rms=0.573371) vs oldopt=(dt=2.88,rms=0.573559)
#GCMRL#  284 dt   4.032000 rms  0.573  0.120% neg 0  invalid 762 tFOTS 3.5070 tGradient 1.6710 tsec 5.5120
#FOTS# QuadFit found better minimum quadopt=(dt=4.032,rms=0.572796) vs oldopt=(dt=2.88,rms=0.572954)
#GCMRL#  285 dt   4.032000 rms  0.573  0.100% neg 0  invalid 762 tFOTS 3.9540 tGradient 1.6050 tsec 5.9060
#FOTS# QuadFit found better minimum quadopt=(dt=4.032,rms=0.572253) vs oldopt=(dt=2.88,rms=0.572401)
#GCMRL#  286 dt   4.032000 rms  0.572  0.095% neg 0  invalid 762 tFOTS 3.4950 tGradient 1.7630 tsec 5.5890
#FOTS# QuadFit found better minimum quadopt=(dt=4.032,rms=0.571815) vs oldopt=(dt=2.88,rms=0.571938)
#GCMRL#  287 dt   4.032000 rms  0.572  0.077% neg 0  invalid 762 tFOTS 3.7680 tGradient 1.6280 tsec 5.7180
#FOTS# QuadFit found better minimum quadopt=(dt=4.032,rms=0.571401) vs oldopt=(dt=2.88,rms=0.571516)
#GCMRL#  288 dt   4.032000 rms  0.571  0.072% neg 0  invalid 762 tFOTS 3.7710 tGradient 1.6390 tsec 5.7580
#FOTS# QuadFit found better minimum quadopt=(dt=1.008,rms=0.571338) vs oldopt=(dt=0.72,rms=0.571362)
#GCMRL#  289 dt   1.008000 rms  0.571  0.000% neg 0  invalid 762 tFOTS 3.5230 tGradient 1.5760 tsec 5.4600
#GCMRL#  290 dt   1.008000 rms  0.571  0.019% neg 0  invalid 762 tFOTS 0.0000 tGradient 1.5860 tsec 1.9030
#GCMRL#  291 dt   0.504000 rms  0.571  0.004% neg 0  invalid 762 tFOTS 0.0000 tGradient 1.5750 tsec 2.2330
#GCMRL#  292 dt   0.126000 rms  0.571  0.003% neg 0  invalid 762 tFOTS 0.0000 tGradient 1.5740 tsec 2.4140
#FOTS# QuadFit found better minimum quadopt=(dt=0.0135,rms=0.571199) vs oldopt=(dt=0.01125,rms=0.571199)

#GCAMreg# pass 0 level1 2 level2 1 tsec 109.573 sigma 0.5
l_jacobian=1.00 l_label=1.00 l_log_likelihood=0.20 l_smoothness=0.40 
tol=5.00e-02, dt=5.00e-02, exp_k=20.0, momentum=0.90, levels=6, niter=500, lbl_dist=10.00, avgs=4, sigma=0.5,type=2, relabel=0, neg=no

blurring input image with Gaussian with sigma=0.500...
GCAMRegisterLevel(): init RMS 0.572184
#FOTS# QuadFit found better minimum quadopt=(dt=0.01575,rms=0.571197) vs oldopt=(dt=0.01125,rms=0.571198)
#GCMRL#  294 dt   0.015750 rms  0.571  0.172% neg 0  invalid 762 tFOTS 2.5980 tGradient 1.6190 tsec 4.5520
#FOTS# QuadFit found better minimum quadopt=(dt=0.00063,rms=0.571198) vs oldopt=(dt=0.00045,rms=0.571198)
#GCMRL#  295 dt   0.000630 rms  0.571  0.000% neg 0  invalid 762 tFOTS 3.4070 tGradient 1.6360 tsec 5.6280
#GCMRL#  296 dt   0.000630 rms  0.571  0.000% neg 0  invalid 762 tFOTS 0.0000 tGradient 1.6210 tsec 1.9340
#GCMRL#  297 dt   0.000020 rms  0.571  0.000% neg 0  invalid 762 tFOTS 0.0000 tGradient 1.6390 tsec 2.9610
setting smoothness cost coefficient to 1.000

#GCAMreg# pass 0 level1 1 level2 0 tsec 0 sigma 2
l_jacobian=1.00 l_label=1.00 l_log_likelihood=0.20 l_smoothness=1.00 
tol=5.00e-02, dt=5.00e-02, exp_k=20.0, momentum=0.90, levels=6, niter=500, lbl_dist=10.00, avgs=1, sigma=2.0,type=2, relabel=0, neg=no

blurring input image with Gaussian with sigma=2.000...
GCAMRegisterLevel(): init RMS 0.617495
#GCMRL#  299 dt   0.000000 rms  0.617  0.147% neg 0  invalid 762 tFOTS 3.6990 tGradient 1.3940 tsec 5.4370
#GCMRL#  300 dt   0.100000 rms  0.617  0.000% neg 0  invalid 762 tFOTS 3.6840 tGradient 1.3830 tsec 5.6410

#GCAMreg# pass 0 level1 1 level2 1 tsec 23.099 sigma 0.5
l_jacobian=1.00 l_label=1.00 l_log_likelihood=0.20 l_smoothness=1.00 
tol=5.00e-02, dt=5.00e-02, exp_k=20.0, momentum=0.90, levels=6, niter=500, lbl_dist=10.00, avgs=1, sigma=0.5,type=2, relabel=0, neg=no

blurring input image with Gaussian with sigma=0.500...
GCAMRegisterLevel(): init RMS 0.617495
#GCMRL#  302 dt   0.000000 rms  0.617  0.147% neg 0  invalid 762 tFOTS 3.6940 tGradient 1.3870 tsec 5.4220
#GCMRL#  303 dt   0.100000 rms  0.617  0.000% neg 0  invalid 762 tFOTS 3.7000 tGradient 1.3730 tsec 5.7470
resetting metric properties...
setting smoothness cost coefficient to 2.000

#GCAMreg# pass 0 level1 0 level2 0 tsec 0 sigma 2
l_jacobian=1.00 l_label=1.00 l_log_likelihood=0.20 l_smoothness=2.00 
tol=5.00e-02, dt=5.00e-02, exp_k=20.0, momentum=0.90, levels=6, niter=500, lbl_dist=10.00, avgs=0, sigma=2.0,type=2, relabel=0, neg=no

blurring input image with Gaussian with sigma=2.000...
GCAMRegisterLevel(): init RMS 0.539863
#GCMRL#  305 dt   0.320000 rms  0.530  1.881% neg 0  invalid 762 tFOTS 3.9920 tGradient 1.0110 tsec 5.3400
#GCMRL#  306 dt   0.320000 rms  0.525  0.798% neg 0  invalid 762 tFOTS 3.9250 tGradient 0.9260 tsec 5.1860
#GCMRL#  307 dt   0.320000 rms  0.523  0.448% neg 0  invalid 762 tFOTS 4.0020 tGradient 0.9260 tsec 5.2590
#GCMRL#  308 dt   0.320000 rms  0.522  0.289% neg 0  invalid 762 tFOTS 3.9370 tGradient 0.9280 tsec 5.2020
#GCMRL#  309 dt   0.320000 rms  0.520  0.219% neg 0  invalid 762 tFOTS 4.0110 tGradient 0.9290 tsec 5.2860
#GCMRL#  310 dt   0.320000 rms  0.520  0.151% neg 0  invalid 762 tFOTS 4.0400 tGradient 0.9780 tsec 5.3620
#FOTS# QuadFit found better minimum quadopt=(dt=0.325,rms=0.518964) vs oldopt=(dt=0.32,rms=0.518972)
#GCMRL#  311 dt   0.325000 rms  0.519  0.139% neg 0  invalid 762 tFOTS 4.0920 tGradient 0.9290 tsec 5.3610
#GCMRL#  312 dt   0.320000 rms  0.518  0.098% neg 0  invalid 762 tFOTS 4.3610 tGradient 0.9550 tsec 5.6540
#FOTS# QuadFit found better minimum quadopt=(dt=0.112,rms=0.518239) vs oldopt=(dt=0.08,rms=0.518295)
#GCMRL#  313 dt   0.112000 rms  0.518  0.000% neg 0  invalid 762 tFOTS 3.6580 tGradient 0.9170 tsec 4.9380
#GCMRL#  314 dt   0.112000 rms  0.518  0.040% neg 0  invalid 762 tFOTS 0.0000 tGradient 0.9580 tsec 1.3050
#GCMRL#  315 dt   0.112000 rms  0.518  0.076% neg 0  invalid 762 tFOTS 0.0000 tGradient 0.9890 tsec 1.3600
#GCMRL#  316 dt   0.112000 rms  0.517  0.094% neg 0  invalid 762 tFOTS 0.0000 tGradient 0.8980 tsec 1.2200
#GCMRL#  317 dt   0.112000 rms  0.517  0.099% neg 0  invalid 762 tFOTS 0.0000 tGradient 0.9160 tsec 1.2390
#GCMRL#  318 dt   0.112000 rms  0.516  0.103% neg 0  invalid 762 tFOTS 0.0000 tGradient 0.9710 tsec 1.3460
#GCMRL#  319 dt   0.112000 rms  0.516  0.102% neg 0  invalid 762 tFOTS 0.0000 tGradient 0.9030 tsec 1.2240
#GCMRL#  320 dt   0.112000 rms  0.515  0.101% neg 0  invalid 762 tFOTS 0.0000 tGradient 0.8670 tsec 1.1860
#GCMRL#  321 dt   0.112000 rms  0.515  0.098% neg 0  invalid 762 tFOTS 0.0000 tGradient 0.8570 tsec 1.1780
#GCMRL#  322 dt   0.112000 rms  0.514  0.088% neg 0  invalid 762 tFOTS 0.0000 tGradient 0.8440 tsec 1.1610
#GCMRL#  323 dt   0.112000 rms  0.514  0.076% neg 0  invalid 762 tFOTS 0.0000 tGradient 0.8440 tsec 1.1690
#GCMRL#  324 dt   0.112000 rms  0.513  0.067% neg 0  invalid 762 tFOTS 0.0000 tGradient 0.8670 tsec 1.1900
#GCMRL#  325 dt   0.112000 rms  0.513  0.059% neg 0  invalid 762 tFOTS 0.0000 tGradient 0.8710 tsec 1.1920
#GCMRL#  326 dt   0.112000 rms  0.513  0.047% neg 0  invalid 762 tFOTS 0.0000 tGradient 0.8750 tsec 1.1990
#GCMRL#  327 dt   0.112000 rms  0.513  0.032% neg 0  invalid 762 tFOTS 0.0000 tGradient 0.8950 tsec 1.2190
#GCMRL#  328 dt   0.112000 rms  0.512  0.032% neg 0  invalid 762 tFOTS 0.0000 tGradient 0.8960 tsec 1.2010
#GCMRL#  329 dt   0.112000 rms  0.512  0.022% neg 0  invalid 762 tFOTS 0.0000 tGradient 0.8660 tsec 1.1810
#GCMRL#  330 dt   0.112000 rms  0.512  0.017% neg 0  invalid 762 tFOTS 0.0000 tGradient 0.8070 tsec 1.1450
#FOTS# QuadFit found better minimum quadopt=(dt=0,rms=0.512309) vs oldopt=(dt=0,rms=0.512309)

#GCAMreg# pass 0 level1 0 level2 1 tsec 83.453 sigma 0.5
l_jacobian=1.00 l_label=1.00 l_log_likelihood=0.20 l_smoothness=2.00 
tol=5.00e-02, dt=5.00e-02, exp_k=20.0, momentum=0.90, levels=6, niter=500, lbl_dist=10.00, avgs=0, sigma=0.5,type=2, relabel=0, neg=no

blurring input image with Gaussian with sigma=0.500...
GCAMRegisterLevel(): init RMS 0.513395
#FOTS# QuadFit found better minimum quadopt=(dt=0.125,rms=0.511427) vs oldopt=(dt=0.08,rms=0.511737)
#GCMRL#  332 dt   0.125000 rms  0.511  0.383% neg 0  invalid 762 tFOTS 3.8520 tGradient 0.8140 tsec 5.0050
#FOTS# QuadFit found better minimum quadopt=(dt=0.112,rms=0.510837) vs oldopt=(dt=0.08,rms=0.511)
#GCMRL#  333 dt   0.112000 rms  0.511  0.115% neg 0  invalid 762 tFOTS 3.6850 tGradient 0.8630 tsec 4.8890
#FOTS# QuadFit found better minimum quadopt=(dt=0.112,rms=0.510396) vs oldopt=(dt=0.08,rms=0.510518)
#GCMRL#  334 dt   0.112000 rms  0.510  0.086% neg 0  invalid 762 tFOTS 3.6060 tGradient 0.8370 tsec 4.7710
#FOTS# QuadFit found better minimum quadopt=(dt=0.112,rms=0.510068) vs oldopt=(dt=0.08,rms=0.510162)
#GCMRL#  335 dt   0.112000 rms  0.510  0.064% neg 0  invalid 762 tFOTS 3.6460 tGradient 0.8220 tsec 4.7960
#FOTS# QuadFit found better minimum quadopt=(dt=0.112,rms=0.509814) vs oldopt=(dt=0.08,rms=0.509884)
#GCMRL#  336 dt   0.112000 rms  0.510  0.000% neg 0  invalid 762 tFOTS 3.7670 tGradient 0.8130 tsec 4.9830
#GCMRL#  337 dt   0.112000 rms  0.510  0.040% neg 0  invalid 762 tFOTS 0.0000 tGradient 0.9360 tsec 1.2940
#GCMRL#  338 dt   0.112000 rms  0.509  0.062% neg 0  invalid 762 tFOTS 0.0000 tGradient 0.9600 tsec 1.2980
#GCMRL#  339 dt   0.112000 rms  0.509  0.069% neg 0  invalid 762 tFOTS 0.0000 tGradient 0.8390 tsec 1.1590
#GCMRL#  340 dt   0.112000 rms  0.509  0.057% neg 0  invalid 762 tFOTS 0.0000 tGradient 0.8530 tsec 1.1650
#GCMRL#  341 dt   0.112000 rms  0.509  0.030% neg 0  invalid 762 tFOTS 0.0000 tGradient 0.8700 tsec 1.1910
#GCMRL#  342 dt   0.112000 rms  0.508  0.006% neg 0  invalid 762 tFOTS 0.0000 tGradient 0.8470 tsec 1.1660
#GCMRL#  343 dt   0.112000 rms  0.508 -0.024% neg 0  invalid 762 tFOTS 0.0000 tGradient 0.8740 tsec 1.4500
#FOTS# QuadFit found better minimum quadopt=(dt=0,rms=0.508475) vs oldopt=(dt=0,rms=0.508475)
GCAMregister done in 19.9081 min
********************* ALLOWING NEGATIVE NODES IN DEFORMATION********************************
noneg post
Starting GCAMregister()
label assignment complete, 0 changed (0.00%)
npasses = 1, nlevels = 6
#pass# 1 of 1 ************************
enabling zero nodes
setting smoothness cost coefficient to 0.008

#GCAMreg# pass 0 level1 5 level2 0 tsec 0 sigma 2
l_jacobian=1.00 l_label=1.00 l_log_likelihood=0.20 l_smoothness=0.01 
tol=2.50e-01, dt=5.00e-02, exp_k=20.0, momentum=0.90, levels=6, niter=500, lbl_dist=10.00, avgs=256, sigma=2.0,type=2, relabel=0, neg=yes

blurring input image with Gaussian with sigma=2.000...
GCAMRegisterLevel(): init RMS 0.506473
#FOTS# QuadFit found better minimum quadopt=(dt=32.368,rms=0.505337) vs oldopt=(dt=23.12,rms=0.505345)
#GCMRL#  345 dt  32.368000 rms  0.505  0.224% neg 0  invalid 762 tFOTS 5.1420 tGradient 2.7830 tsec 8.2710
#FOTS# QuadFit found better minimum quadopt=(dt=32.368,rms=0.505326) vs oldopt=(dt=23.12,rms=0.50533)
#GCMRL#  346 dt  32.368000 rms  0.505  0.000% neg 0  invalid 762 tFOTS 5.1580 tGradient 2.7620 tsec 8.2950
#GCMRL#  347 dt  32.368000 rms  0.505  0.004% neg 0  invalid 762 tFOTS 0.0000 tGradient 2.7690 tsec 3.0870
#GCMRL#  348 dt  32.368000 rms  0.505  0.001% neg 0  invalid 762 tFOTS 0.0000 tGradient 2.7770 tsec 3.0980

#GCAMreg# pass 0 level1 5 level2 1 tsec 36.037 sigma 0.5
l_jacobian=1.00 l_label=1.00 l_log_likelihood=0.20 l_smoothness=0.01 
tol=2.50e-01, dt=5.00e-02, exp_k=20.0, momentum=0.90, levels=6, niter=500, lbl_dist=10.00, avgs=256, sigma=0.5,type=2, relabel=0, neg=yes

blurring input image with Gaussian with sigma=0.500...
GCAMRegisterLevel(): init RMS 0.506411
#FOTS# QuadFit found better minimum quadopt=(dt=129.472,rms=0.504901) vs oldopt=(dt=92.48,rms=0.504947)
#GCMRL#  350 dt 129.472000 rms  0.505  0.298% neg 0  invalid 762 tFOTS 4.8860 tGradient 2.7860 tsec 8.0160
#FOTS# QuadFit found better minimum quadopt=(dt=129.472,rms=0.50474) vs oldopt=(dt=92.48,rms=0.50475)
#GCMRL#  351 dt 129.472000 rms  0.505  0.000% neg 0  invalid 762 tFOTS 4.8670 tGradient 2.7710 tsec 8.0140
#GCMRL#  352 dt 129.472000 rms  0.505  0.022% neg 0  invalid 762 tFOTS 0.0000 tGradient 2.7840 tsec 3.0990
#GCMRL#  353 dt 129.472000 rms  0.504  0.053% neg 0  invalid 762 tFOTS 0.0000 tGradient 2.7800 tsec 3.0950
#GCMRL#  354 dt 129.472000 rms  0.504  0.032% neg 0  invalid 762 tFOTS 0.0000 tGradient 2.7790 tsec 3.0970
#GCMRL#  355 dt 129.472000 rms  0.504  0.035% neg 0  invalid 762 tFOTS 0.0000 tGradient 2.7810 tsec 3.0970
#GCMRL#  356 dt 129.472000 rms  0.504  0.034% neg 0  invalid 762 tFOTS 0.0000 tGradient 2.7850 tsec 3.1310
#FOTS# QuadFit found better minimum quadopt=(dt=110.976,rms=0.50374) vs oldopt=(dt=92.48,rms=0.50374)
setting smoothness cost coefficient to 0.031

#GCAMreg# pass 0 level1 4 level2 0 tsec 0 sigma 2
l_jacobian=1.00 l_label=1.00 l_log_likelihood=0.20 l_smoothness=0.03 
tol=2.50e-01, dt=5.00e-02, exp_k=20.0, momentum=0.90, levels=6, niter=500, lbl_dist=10.00, avgs=64, sigma=2.0,type=2, relabel=0, neg=yes

blurring input image with Gaussian with sigma=2.000...
GCAMRegisterLevel(): init RMS 0.504879
#FOTS# QuadFit found better minimum quadopt=(dt=36.288,rms=0.503054) vs oldopt=(dt=25.92,rms=0.503201)
#GCMRL#  358 dt  36.288000 rms  0.503  0.361% neg 0  invalid 762 tFOTS 4.8940 tGradient 2.1700 tsec 7.4100
#FOTS# QuadFit found better minimum quadopt=(dt=124.416,rms=0.50213) vs oldopt=(dt=103.68,rms=0.502136)
#GCMRL#  359 dt 124.416000 rms  0.502  0.000% neg 0  invalid 762 tFOTS 4.9260 tGradient 2.2450 tsec 7.5500
#GCMRL#  360 dt 124.416000 rms  0.501  0.260% neg 0  invalid 762 tFOTS 0.0000 tGradient 2.2330 tsec 2.5560
#GCMRL#  361 dt 124.416000 rms  0.500  0.166% neg 0  invalid 762 tFOTS 0.0000 tGradient 2.3070 tsec 2.6290
iter 0, gcam->neg = 12
after 8 iterations, nbhd size=1, neg = 0
#GCMRL#  362 dt 124.416000 rms  0.500 -0.133% neg 0  invalid 762 tFOTS 0.0000 tGradient 2.1700 tsec 6.4750
#FOTS# QuadFit found better minimum quadopt=(dt=31.104,rms=0.499745) vs oldopt=(dt=25.92,rms=0.499749)
#GCMRL#  363 dt  31.104000 rms  0.500  0.053% neg 0  invalid 762 tFOTS 4.9110 tGradient 1.7920 tsec 7.0480
#FOTS# QuadFit found better minimum quadopt=(dt=145.152,rms=0.499379) vs oldopt=(dt=103.68,rms=0.499435)
iter 0, gcam->neg = 2
after 7 iterations, nbhd size=1, neg = 0
#GCMRL#  364 dt 145.152000 rms  0.499  0.073% neg 0  invalid 762 tFOTS 4.9040 tGradient 1.8010 tsec 10.4400
#FOTS# QuadFit found better minimum quadopt=(dt=62.208,rms=0.499173) vs oldopt=(dt=103.68,rms=0.499228)

#GCAMreg# pass 0 level1 4 level2 1 tsec 61.056 sigma 0.5
l_jacobian=1.00 l_label=1.00 l_log_likelihood=0.20 l_smoothness=0.03 
tol=2.50e-01, dt=5.00e-02, exp_k=20.0, momentum=0.90, levels=6, niter=500, lbl_dist=10.00, avgs=64, sigma=0.5,type=2, relabel=0, neg=yes

blurring input image with Gaussian with sigma=0.500...
GCAMRegisterLevel(): init RMS 0.500248
#FOTS# QuadFit found better minimum quadopt=(dt=80.8081,rms=0.497898) vs oldopt=(dt=103.68,rms=0.497998)
#GCMRL#  366 dt  80.808081 rms  0.498  0.470% neg 0  invalid 762 tFOTS 5.1360 tGradient 1.8310 tsec 7.3080
#FOTS# QuadFit found better minimum quadopt=(dt=64,rms=0.497145) vs oldopt=(dt=103.68,rms=0.497377)
#GCMRL#  367 dt  64.000000 rms  0.497  0.000% neg 0  invalid 762 tFOTS 5.1380 tGradient 1.7260 tsec 7.2370
#GCMRL#  368 dt  64.000000 rms  0.497  0.125% neg 0  invalid 762 tFOTS 0.0000 tGradient 1.7320 tsec 2.0550
#GCMRL#  369 dt  64.000000 rms  0.496  0.131% neg 0  invalid 762 tFOTS 0.0000 tGradient 1.6970 tsec 2.0200
#GCMRL#  370 dt  64.000000 rms  0.495  0.118% neg 0  invalid 762 tFOTS 0.0000 tGradient 1.6940 tsec 2.0180
#GCMRL#  371 dt  64.000000 rms  0.495  0.143% neg 0  invalid 762 tFOTS 0.0000 tGradient 1.7960 tsec 2.1240
#GCMRL#  372 dt  64.000000 rms  0.494  0.147% neg 0  invalid 762 tFOTS 0.0000 tGradient 1.8200 tsec 2.1780
iter 0, gcam->neg = 1
after 7 iterations, nbhd size=1, neg = 0
#GCMRL#  373 dt  64.000000 rms  0.494  0.070% neg 0  invalid 762 tFOTS 0.0000 tGradient 2.1730 tsec 6.4610
iter 0, gcam->neg = 1
after 4 iterations, nbhd size=0, neg = 0
#GCMRL#  374 dt  64.000000 rms  0.493  0.035% neg 0  invalid 762 tFOTS 0.0000 tGradient 1.8540 tsec 4.7360
#FOTS# QuadFit found better minimum quadopt=(dt=82.944,rms=0.49283) vs oldopt=(dt=103.68,rms=0.492913)
#GCMRL#  375 dt  82.944000 rms  0.493  0.103% neg 0  invalid 762 tFOTS 4.8230 tGradient 1.8190 tsec 6.9810
#FOTS# QuadFit found better minimum quadopt=(dt=15.552,rms=0.492793) vs oldopt=(dt=25.92,rms=0.492803)
#GCMRL#  376 dt  15.552000 rms  0.493  0.000% neg 0  invalid 762 tFOTS 4.9300 tGradient 2.0300 tsec 7.3220
#GCMRL#  377 dt  15.552000 rms  0.493  0.001% neg 0  invalid 762 tFOTS 0.0000 tGradient 1.7470 tsec 2.1250
setting smoothness cost coefficient to 0.118

#GCAMreg# pass 0 level1 3 level2 0 tsec 0 sigma 2
l_jacobian=1.00 l_label=1.00 l_log_likelihood=0.20 l_smoothness=0.12 
tol=2.50e-01, dt=5.00e-02, exp_k=20.0, momentum=0.90, levels=6, niter=500, lbl_dist=10.00, avgs=16, sigma=2.0,type=2, relabel=0, neg=yes

blurring input image with Gaussian with sigma=2.000...
GCAMRegisterLevel(): init RMS 0.494775
#FOTS# QuadFit found better minimum quadopt=(dt=44.8,rms=0.490938) vs oldopt=(dt=32,rms=0.491089)
iter 0, gcam->neg = 81
after 15 iterations, nbhd size=1, neg = 0
#GCMRL#  379 dt  44.800000 rms  0.491  0.730% neg 0  invalid 762 tFOTS 4.9290 tGradient 1.5480 tsec 14.0120
#FOTS# QuadFit found better minimum quadopt=(dt=44.8,rms=0.488573) vs oldopt=(dt=32,rms=0.488795)
iter 0, gcam->neg = 2
after 8 iterations, nbhd size=1, neg = 0
#GCMRL#  380 dt  44.800000 rms  0.489  0.525% neg 0  invalid 762 tFOTS 4.9430 tGradient 1.5640 tsec 11.1460
#FOTS# QuadFit found better minimum quadopt=(dt=23.7884,rms=0.487292) vs oldopt=(dt=32,rms=0.487529)
iter 0, gcam->neg = 5
after 11 iterations, nbhd size=1, neg = 0
#GCMRL#  381 dt  23.788360 rms  0.487  0.000% neg 0  invalid 762 tFOTS 5.0770 tGradient 1.5480 tsec 12.4400
#GCMRL#  382 dt  23.788360 rms  0.486  0.185% neg 0  invalid 762 tFOTS 0.0000 tGradient 1.5580 tsec 1.8760
iter 0, gcam->neg = 4
after 13 iterations, nbhd size=1, neg = 0
#GCMRL#  383 dt  23.788360 rms  0.485  0.220% neg 0  invalid 762 tFOTS 0.0000 tGradient 1.5530 tsec 8.2080
iter 0, gcam->neg = 22
after 20 iterations, nbhd size=1, neg = 0
#GCMRL#  384 dt  23.788360 rms  0.484  0.258% neg 0  invalid 762 tFOTS 0.0000 tGradient 1.5640 tsec 11.1360
iter 0, gcam->neg = 125
after 25 iterations, nbhd size=1, neg = 0
#GCMRL#  385 dt  23.788360 rms  0.483  0.186% neg 0  invalid 762 tFOTS 0.0000 tGradient 1.6140 tsec 13.4350
iter 0, gcam->neg = 197
after 33 iterations, nbhd size=1, neg = 0
#GCMRL#  386 dt  23.788360 rms  0.482  0.199% neg 0  invalid 762 tFOTS 0.0000 tGradient 1.5340 tsec 16.6430
iter 0, gcam->neg = 216
after 43 iterations, nbhd size=1, neg = 0
#GCMRL#  387 dt  23.788360 rms  0.482  0.052% neg 0  invalid 762 tFOTS 0.0000 tGradient 1.5750 tsec 21.3030
iter 0, gcam->neg = 104
after 31 iterations, nbhd size=1, neg = 0
#GCMRL#  388 dt  23.788360 rms  0.482  0.045% neg 0  invalid 762 tFOTS 0.0000 tGradient 1.5310 tsec 15.7370
#FOTS# QuadFit found better minimum quadopt=(dt=25.6,rms=0.481323) vs oldopt=(dt=32,rms=0.481335)
iter 0, gcam->neg = 69
after 24 iterations, nbhd size=1, neg = 0
#GCMRL#  389 dt  25.600000 rms  0.481  0.108% neg 0  invalid 762 tFOTS 4.7180 tGradient 1.5730 tsec 17.6410
#FOTS# QuadFit found better minimum quadopt=(dt=25.6,rms=0.480859) vs oldopt=(dt=32,rms=0.480861)
iter 0, gcam->neg = 45
after 27 iterations, nbhd size=1, neg = 0
#GCMRL#  390 dt  25.600000 rms  0.481  0.000% neg 0  invalid 762 tFOTS 4.8610 tGradient 1.5510 tsec 18.7300
iter 0, gcam->neg = 56
after 25 iterations, nbhd size=1, neg = 0
#GCMRL#  391 dt  25.600000 rms  0.481  0.025% neg 0  invalid 762 tFOTS 0.0000 tGradient 1.5480 tsec 12.8910
iter 0, gcam->neg = 139
after 42 iterations, nbhd size=2, neg = 0

#GCAMreg# pass 0 level1 3 level2 1 tsec 205.417 sigma 0.5
l_jacobian=1.00 l_label=1.00 l_log_likelihood=0.20 l_smoothness=0.12 
tol=2.50e-01, dt=5.00e-02, exp_k=20.0, momentum=0.90, levels=6, niter=500, lbl_dist=10.00, avgs=16, sigma=0.5,type=2, relabel=0, neg=yes

blurring input image with Gaussian with sigma=0.500...
GCAMRegisterLevel(): init RMS 0.481776
iter 0, gcam->neg = 71
after 22 iterations, nbhd size=0, neg = 0
#GCMRL#  393 dt  32.000000 rms  0.479  0.501% neg 0  invalid 762 tFOTS 4.9500 tGradient 1.7100 tsec 16.6880
#FOTS# QuadFit found better minimum quadopt=(dt=38.4,rms=0.477703) vs oldopt=(dt=32,rms=0.477719)
iter 0, gcam->neg = 120
after 31 iterations, nbhd size=1, neg = 0
#GCMRL#  394 dt  38.400000 rms  0.478  0.360% neg 0  invalid 762 tFOTS 4.9630 tGradient 1.5300 tsec 18.9860
#FOTS# QuadFit found better minimum quadopt=(dt=11.2,rms=0.477287) vs oldopt=(dt=8,rms=0.477364)
iter 0, gcam->neg = 22
after 31 iterations, nbhd size=3, neg = 0
#GCMRL#  395 dt  11.200000 rms  0.477  0.000% neg 0  invalid 762 tFOTS 5.1270 tGradient 1.5200 tsec 19.1680
iter 0, gcam->neg = 6
after 10 iterations, nbhd size=1, neg = 0
#GCMRL#  396 dt  11.200000 rms  0.477  0.079% neg 0  invalid 762 tFOTS 0.0000 tGradient 1.5530 tsec 6.2240
iter 0, gcam->neg = 11
after 10 iterations, nbhd size=1, neg = 0
#GCMRL#  397 dt  11.200000 rms  0.477  0.067% neg 0  invalid 762 tFOTS 0.0000 tGradient 1.6390 tsec 6.2940
iter 0, gcam->neg = 10
after 11 iterations, nbhd size=1, neg = 0
#GCMRL#  398 dt  11.200000 rms  0.476  0.115% neg 0  invalid 762 tFOTS 0.0000 tGradient 1.5100 tsec 6.5550
iter 0, gcam->neg = 25
after 7 iterations, nbhd size=0, neg = 0
#GCMRL#  399 dt  11.200000 rms  0.475  0.172% neg 0  invalid 762 tFOTS 0.0000 tGradient 1.4980 tsec 5.0770
iter 0, gcam->neg = 65
after 10 iterations, nbhd size=0, neg = 0
#GCMRL#  400 dt  11.200000 rms  0.475  0.161% neg 0  invalid 762 tFOTS 0.0000 tGradient 1.4710 tsec 6.1510
iter 0, gcam->neg = 102
after 23 iterations, nbhd size=1, neg = 0
#GCMRL#  401 dt  11.200000 rms  0.474  0.093% neg 0  invalid 762 tFOTS 0.0000 tGradient 1.4950 tsec 10.8640
iter 0, gcam->neg = 111
after 12 iterations, nbhd size=0, neg = 0
#GCMRL#  402 dt  11.200000 rms  0.474  0.047% neg 0  invalid 762 tFOTS 0.0000 tGradient 1.4640 tsec 6.8930
#FOTS# QuadFit found better minimum quadopt=(dt=11.2,rms=0.473809) vs oldopt=(dt=8,rms=0.473814)
iter 0, gcam->neg = 10
after 14 iterations, nbhd size=0, neg = 0
#GCMRL#  403 dt  11.200000 rms  0.474  0.000% neg 0  invalid 762 tFOTS 4.8620 tGradient 1.4690 tsec 12.5360
iter 0, gcam->neg = 9
after 5 iterations, nbhd size=0, neg = 0
#GCMRL#  404 dt  11.200000 rms  0.474  0.022% neg 0  invalid 762 tFOTS 0.0000 tGradient 1.4790 tsec 4.3560
iter 0, gcam->neg = 8
after 10 iterations, nbhd size=0, neg = 0
#GCMRL#  405 dt  11.200000 rms  0.474  0.028% neg 0  invalid 762 tFOTS 0.0000 tGradient 1.4880 tsec 6.1690
iter 0, gcam->neg = 16
after 12 iterations, nbhd size=0, neg = 0
#GCMRL#  406 dt  11.200000 rms  0.473  0.037% neg 0  invalid 762 tFOTS 0.0000 tGradient 1.5040 tsec 6.8850
iter 0, gcam->neg = 26
after 11 iterations, nbhd size=0, neg = 0
#GCMRL#  407 dt  11.200000 rms  0.473  0.043% neg 0  invalid 762 tFOTS 0.0000 tGradient 1.5040 tsec 6.5510
iter 0, gcam->neg = 22
after 11 iterations, nbhd size=0, neg = 0
#GCMRL#  408 dt  11.200000 rms  0.473  0.024% neg 0  invalid 762 tFOTS 0.0000 tGradient 1.4920 tsec 6.5340
iter 0, gcam->neg = 25
after 9 iterations, nbhd size=0, neg = 0
setting smoothness cost coefficient to 0.400

#GCAMreg# pass 0 level1 2 level2 0 tsec 0 sigma 2
l_jacobian=1.00 l_label=1.00 l_log_likelihood=0.20 l_smoothness=0.40 
tol=2.50e-01, dt=5.00e-02, exp_k=20.0, momentum=0.90, levels=6, niter=500, lbl_dist=10.00, avgs=4, sigma=2.0,type=2, relabel=0, neg=yes

blurring input image with Gaussian with sigma=2.000...
GCAMRegisterLevel(): init RMS 0.482871
#FOTS# QuadFit found better minimum quadopt=(dt=3.456,rms=0.481566) vs oldopt=(dt=2.88,rms=0.481572)
iter 0, gcam->neg = 5
after 3 iterations, nbhd size=0, neg = 0
#GCMRL#  410 dt   3.456000 rms  0.482  0.272% neg 0  invalid 762 tFOTS 4.7320 tGradient 1.3420 tsec 8.2250
#FOTS# QuadFit found better minimum quadopt=(dt=3.456,rms=0.481385) vs oldopt=(dt=2.88,rms=0.48139)
#GCMRL#  411 dt   3.456000 rms  0.481  0.000% neg 0  invalid 762 tFOTS 4.7330 tGradient 1.3570 tsec 6.4330
iter 0, gcam->neg = 1
after 0 iterations, nbhd size=0, neg = 0
#GCMRL#  412 dt   3.456000 rms  0.481  0.021% neg 0  invalid 762 tFOTS 0.0000 tGradient 1.3510 tsec 2.3890
iter 0, gcam->neg = 5
after 3 iterations, nbhd size=0, neg = 0

#GCAMreg# pass 0 level1 2 level2 1 tsec 30.723 sigma 0.5
l_jacobian=1.00 l_label=1.00 l_log_likelihood=0.20 l_smoothness=0.40 
tol=2.50e-01, dt=5.00e-02, exp_k=20.0, momentum=0.90, levels=6, niter=500, lbl_dist=10.00, avgs=4, sigma=0.5,type=2, relabel=0, neg=yes

blurring input image with Gaussian with sigma=0.500...
GCAMRegisterLevel(): init RMS 0.482344
#FOTS# QuadFit found better minimum quadopt=(dt=8.84472,rms=0.480532) vs oldopt=(dt=11.52,rms=0.480608)
iter 0, gcam->neg = 40
after 13 iterations, nbhd size=1, neg = 0
#GCMRL#  414 dt   8.844720 rms  0.481  0.369% neg 0  invalid 762 tFOTS 4.8650 tGradient 1.3560 tsec 11.9560
#FOTS# QuadFit found better minimum quadopt=(dt=14.439,rms=0.479231) vs oldopt=(dt=11.52,rms=0.47929)
iter 0, gcam->neg = 176
after 16 iterations, nbhd size=1, neg = 0
#GCMRL#  415 dt  14.439024 rms  0.479  0.261% neg 0  invalid 762 tFOTS 4.9140 tGradient 1.3570 tsec 13.0700
#FOTS# QuadFit found better minimum quadopt=(dt=11.3083,rms=0.478556) vs oldopt=(dt=11.52,rms=0.478556)
iter 0, gcam->neg = 73
after 17 iterations, nbhd size=1, neg = 0
#GCMRL#  416 dt  11.308271 rms  0.479  0.000% neg 0  invalid 762 tFOTS 4.7810 tGradient 1.3870 tsec 13.4370
iter 0, gcam->neg = 65
after 14 iterations, nbhd size=1, neg = 0
#GCMRL#  417 dt  11.308271 rms  0.477  0.256% neg 0  invalid 762 tFOTS 0.0000 tGradient 1.3990 tsec 7.5210
iter 0, gcam->neg = 229
after 20 iterations, nbhd size=1, neg = 0
#GCMRL#  418 dt  11.308271 rms  0.476  0.257% neg 0  invalid 762 tFOTS 0.0000 tGradient 1.3470 tsec 9.6620
iter 0, gcam->neg = 331
after 26 iterations, nbhd size=1, neg = 0
#GCMRL#  419 dt  11.308271 rms  0.475  0.255% neg 0  invalid 762 tFOTS 0.0000 tGradient 1.5080 tsec 11.8960
iter 0, gcam->neg = 458
after 24 iterations, nbhd size=1, neg = 0
#GCMRL#  420 dt  11.308271 rms  0.474  0.253% neg 0  invalid 762 tFOTS 0.0000 tGradient 1.4550 tsec 11.1230
iter 0, gcam->neg = 527
after 23 iterations, nbhd size=1, neg = 0
#GCMRL#  421 dt  11.308271 rms  0.472  0.294% neg 0  invalid 762 tFOTS 0.0000 tGradient 1.4350 tsec 10.7750
iter 0, gcam->neg = 652
after 27 iterations, nbhd size=1, neg = 0
#GCMRL#  422 dt  11.308271 rms  0.471  0.226% neg 0  invalid 762 tFOTS 0.0000 tGradient 1.3760 tsec 12.3190
iter 0, gcam->neg = 759
after 26 iterations, nbhd size=1, neg = 0
#GCMRL#  423 dt  11.308271 rms  0.470  0.168% neg 0  invalid 762 tFOTS 0.0000 tGradient 1.6220 tsec 16.1160
iter 0, gcam->neg = 938
after 31 iterations, nbhd size=1, neg = 0
#GCMRL#  424 dt  11.308271 rms  0.470  0.078% neg 0  invalid 762 tFOTS 0.0000 tGradient 1.6360 tsec 14.0260
iter 0, gcam->neg = 1092
after 29 iterations, nbhd size=1, neg = 0
#GCMRL#  425 dt  11.308271 rms  0.470 -0.022% neg 0  invalid 762 tFOTS 0.0000 tGradient 1.5700 tsec 13.3490
#FOTS# QuadFit found better minimum quadopt=(dt=5.5,rms=0.469875) vs oldopt=(dt=2.88,rms=0.469948)
iter 0, gcam->neg = 74
after 18 iterations, nbhd size=1, neg = 0
#GCMRL#  426 dt   5.500000 rms  0.470  0.060% neg 0  invalid 762 tFOTS 5.0480 tGradient 1.3600 tsec 13.7750
#FOTS# QuadFit found better minimum quadopt=(dt=9.216,rms=0.469617) vs oldopt=(dt=11.52,rms=0.469633)
iter 0, gcam->neg = 69
after 23 iterations, nbhd size=1, neg = 0
setting smoothness cost coefficient to 1.000

#GCAMreg# pass 0 level1 1 level2 0 tsec 0 sigma 2
l_jacobian=1.00 l_label=1.00 l_log_likelihood=0.20 l_smoothness=1.00 
tol=2.50e-01, dt=5.00e-02, exp_k=20.0, momentum=0.90, levels=6, niter=500, lbl_dist=10.00, avgs=1, sigma=2.0,type=2, relabel=0, neg=yes

blurring input image with Gaussian with sigma=2.000...
GCAMRegisterLevel(): init RMS 0.480047
#GCMRL#  428 dt   0.000000 rms  0.479  0.230% neg 0  invalid 762 tFOTS 4.9990 tGradient 1.4360 tsec 6.7950

#GCAMreg# pass 0 level1 1 level2 1 tsec 23.752 sigma 0.5
l_jacobian=1.00 l_label=1.00 l_log_likelihood=0.20 l_smoothness=1.00 
tol=2.50e-01, dt=5.00e-02, exp_k=20.0, momentum=0.90, levels=6, niter=500, lbl_dist=10.00, avgs=1, sigma=0.5,type=2, relabel=0, neg=yes

blurring input image with Gaussian with sigma=0.500...
GCAMRegisterLevel(): init RMS 0.480047
#FOTS# QuadFit found better minimum quadopt=(dt=4e-05,rms=0.478943) vs oldopt=(dt=5e-05,rms=0.478943)
#GCMRL#  430 dt   0.000040 rms  0.479  0.230% neg 0  invalid 762 tFOTS 6.4940 tGradient 1.3570 tsec 8.1820
resetting metric properties...
setting smoothness cost coefficient to 2.000

#GCAMreg# pass 0 level1 0 level2 0 tsec 0 sigma 2
l_jacobian=1.00 l_label=1.00 l_log_likelihood=0.20 l_smoothness=2.00 
tol=2.50e-01, dt=5.00e-02, exp_k=20.0, momentum=0.90, levels=6, niter=500, lbl_dist=10.00, avgs=0, sigma=2.0,type=2, relabel=0, neg=yes

blurring input image with Gaussian with sigma=2.000...
GCAMRegisterLevel(): init RMS 0.464489
#FOTS# QuadFit found better minimum quadopt=(dt=0.965402,rms=0.451009) vs oldopt=(dt=1.28,rms=0.452295)
iter 0, gcam->neg = 1593
after 18 iterations, nbhd size=1, neg = 0
#GCMRL#  432 dt   0.965402 rms  0.450  3.183% neg 0  invalid 762 tFOTS 5.2080 tGradient 0.9380 tsec 14.4540
#GCMRL#  433 dt   0.000020 rms  0.450  0.000% neg 0  invalid 762 tFOTS 6.2780 tGradient 0.9240 tsec 7.5630

#GCAMreg# pass 0 level1 0 level2 1 tsec 33.481 sigma 0.5
l_jacobian=1.00 l_label=1.00 l_log_likelihood=0.20 l_smoothness=2.00 
tol=2.50e-01, dt=5.00e-02, exp_k=20.0, momentum=0.90, levels=6, niter=500, lbl_dist=10.00, avgs=0, sigma=0.5,type=2, relabel=0, neg=yes

blurring input image with Gaussian with sigma=0.500...
GCAMRegisterLevel(): init RMS 0.450914
#FOTS# QuadFit found better minimum quadopt=(dt=0.007,rms=0.449692) vs oldopt=(dt=0.005,rms=0.449692)
#GCMRL#  435 dt   0.007000 rms  0.450  0.271% neg 0  invalid 762 tFOTS 4.9490 tGradient 0.9190 tsec 6.2040
#GCMRL#  436 dt   0.005000 rms  0.450  0.000% neg 0  invalid 762 tFOTS 4.9650 tGradient 0.9160 tsec 6.2350
label assignment complete, 0 changed (0.00%)
GCAMregister done in 14.1614 min
Starting GCAMcomputeMaxPriorLabels()
Morphing with label term set to 0 *******************************
Starting GCAMregister()
label assignment complete, 0 changed (0.00%)
npasses = 1, nlevels = 6
#pass# 1 of 1 ************************
enabling zero nodes
setting smoothness cost coefficient to 0.008

#GCAMreg# pass 0 level1 5 level2 0 tsec 0 sigma 2
l_jacobian=1.00 l_log_likelihood=0.20 l_smoothness=0.01 
tol=2.50e-01, dt=5.00e-02, exp_k=20.0, momentum=0.90, levels=6, niter=500, lbl_dist=10.00, avgs=256, sigma=2.0,type=2, relabel=0, neg=yes

blurring input image with Gaussian with sigma=2.000...
GCAMRegisterLevel(): init RMS 0.446099

#GCAMreg# pass 0 level1 5 level2 1 tsec 16.369 sigma 0.5
l_jacobian=1.00 l_log_likelihood=0.20 l_smoothness=0.01 
tol=2.50e-01, dt=5.00e-02, exp_k=20.0, momentum=0.90, levels=6, niter=500, lbl_dist=10.00, avgs=256, sigma=0.5,type=2, relabel=0, neg=yes

blurring input image with Gaussian with sigma=0.500...
GCAMRegisterLevel(): init RMS 0.446099
setting smoothness cost coefficient to 0.031

#GCAMreg# pass 0 level1 4 level2 0 tsec 0 sigma 2
l_jacobian=1.00 l_log_likelihood=0.20 l_smoothness=0.03 
tol=2.50e-01, dt=5.00e-02, exp_k=20.0, momentum=0.90, levels=6, niter=500, lbl_dist=10.00, avgs=64, sigma=2.0,type=2, relabel=0, neg=yes

blurring input image with Gaussian with sigma=2.000...
GCAMRegisterLevel(): init RMS 0.446154
#FOTS# QuadFit found better minimum quadopt=(dt=9.072,rms=0.446111) vs oldopt=(dt=6.48,rms=0.446118)
#GCMRL#  440 dt   9.072000 rms  0.446  0.010% neg 0  invalid 762 tFOTS 4.7100 tGradient 1.2450 tsec 6.2620
#FOTS# QuadFit found better minimum quadopt=(dt=7.776,rms=0.446099) vs oldopt=(dt=6.48,rms=0.4461)
#GCMRL#  441 dt   7.776000 rms  0.446  0.000% neg 0  invalid 762 tFOTS 4.0760 tGradient 1.1900 tsec 5.5970

#GCAMreg# pass 0 level1 4 level2 1 tsec 23.423 sigma 0.5
l_jacobian=1.00 l_log_likelihood=0.20 l_smoothness=0.03 
tol=2.50e-01, dt=5.00e-02, exp_k=20.0, momentum=0.90, levels=6, niter=500, lbl_dist=10.00, avgs=64, sigma=0.5,type=2, relabel=0, neg=yes

blurring input image with Gaussian with sigma=0.500...
GCAMRegisterLevel(): init RMS 0.446099
#FOTS# QuadFit found better minimum quadopt=(dt=36.288,rms=0.445895) vs oldopt=(dt=25.92,rms=0.445932)
#GCMRL#  443 dt  36.288000 rms  0.446  0.046% neg 0  invalid 762 tFOTS 4.3150 tGradient 1.1800 tsec 5.8200
#FOTS# QuadFit found better minimum quadopt=(dt=124.416,rms=0.445511) vs oldopt=(dt=103.68,rms=0.445528)
iter 0, gcam->neg = 28
after 13 iterations, nbhd size=1, neg = 0
#GCMRL#  444 dt 124.416000 rms  0.446  0.074% neg 0  invalid 762 tFOTS 4.3630 tGradient 1.2180 tsec 11.4330
#FOTS# QuadFit found better minimum quadopt=(dt=145.152,rms=0.445148) vs oldopt=(dt=103.68,rms=0.445223)
iter 0, gcam->neg = 36
after 11 iterations, nbhd size=1, neg = 0
#GCMRL#  445 dt 145.152000 rms  0.445  0.094% neg 0  invalid 762 tFOTS 4.3070 tGradient 1.2170 tsec 10.6160
#FOTS# QuadFit found better minimum quadopt=(dt=36.288,rms=0.445113) vs oldopt=(dt=25.92,rms=0.445117)
iter 0, gcam->neg = 4
after 1 iterations, nbhd size=0, neg = 0
#GCMRL#  446 dt  36.288000 rms  0.445  0.000% neg 0  invalid 762 tFOTS 4.5890 tGradient 1.2130 tsec 7.2420
iter 0, gcam->neg = 2
after 2 iterations, nbhd size=0, neg = 0
#GCMRL#  447 dt  36.288000 rms  0.445  0.006% neg 0  invalid 762 tFOTS 0.0000 tGradient 1.1590 tsec 2.9170
iter 0, gcam->neg = 14
after 10 iterations, nbhd size=1, neg = 0
#GCMRL#  448 dt  36.288000 rms  0.445  0.006% neg 0  invalid 762 tFOTS 0.0000 tGradient 1.1990 tsec 5.8240
iter 0, gcam->neg = 13
after 4 iterations, nbhd size=0, neg = 0
#GCMRL#  449 dt  36.288000 rms  0.445  0.016% neg 0  invalid 762 tFOTS 0.0000 tGradient 1.1960 tsec 3.6690
iter 0, gcam->neg = 21
after 10 iterations, nbhd size=1, neg = 0
setting smoothness cost coefficient to 0.118

#GCAMreg# pass 0 level1 3 level2 0 tsec 0 sigma 2
l_jacobian=1.00 l_log_likelihood=0.20 l_smoothness=0.12 
tol=2.50e-01, dt=5.00e-02, exp_k=20.0, momentum=0.90, levels=6, niter=500, lbl_dist=10.00, avgs=16, sigma=2.0,type=2, relabel=0, neg=yes

blurring input image with Gaussian with sigma=2.000...
GCAMRegisterLevel(): init RMS 0.445264
#FOTS# QuadFit found better minimum quadopt=(dt=25.6,rms=0.444094) vs oldopt=(dt=32,rms=0.444129)
iter 0, gcam->neg = 138
after 23 iterations, nbhd size=1, neg = 0
#GCMRL#  451 dt  25.600000 rms  0.444  0.173% neg 0  invalid 762 tFOTS 4.6970 tGradient 0.9610 tsec 15.2500
#FOTS# QuadFit found better minimum quadopt=(dt=38.4,rms=0.4438) vs oldopt=(dt=32,rms=0.443803)
iter 0, gcam->neg = 227
after 24 iterations, nbhd size=1, neg = 0
#GCMRL#  452 dt  38.400000 rms  0.444  0.000% neg 0  invalid 762 tFOTS 4.5150 tGradient 0.9930 tsec 15.2760
iter 0, gcam->neg = 226
after 26 iterations, nbhd size=1, neg = 0
#GCMRL#  453 dt  38.400000 rms  0.444  0.045% neg 0  invalid 762 tFOTS 0.0000 tGradient 1.0050 tsec 11.5040
iter 0, gcam->neg = 560
after 37 iterations, nbhd size=1, neg = 0

#GCAMreg# pass 0 level1 3 level2 1 tsec 67.537 sigma 0.5
l_jacobian=1.00 l_log_likelihood=0.20 l_smoothness=0.12 
tol=2.50e-01, dt=5.00e-02, exp_k=20.0, momentum=0.90, levels=6, niter=500, lbl_dist=10.00, avgs=16, sigma=0.5,type=2, relabel=0, neg=yes

blurring input image with Gaussian with sigma=0.500...
GCAMRegisterLevel(): init RMS 0.443917
iter 0, gcam->neg = 148
after 26 iterations, nbhd size=1, neg = 0
#GCMRL#  455 dt  32.000000 rms  0.442  0.395% neg 0  invalid 762 tFOTS 4.4940 tGradient 0.9860 tsec 15.7920
#FOTS# QuadFit found better minimum quadopt=(dt=38.4,rms=0.440885) vs oldopt=(dt=32,rms=0.440919)
iter 0, gcam->neg = 176
after 25 iterations, nbhd size=1, neg = 0
#GCMRL#  456 dt  38.400000 rms  0.441  0.302% neg 0  invalid 762 tFOTS 4.6270 tGradient 0.9690 tsec 15.5260
#FOTS# QuadFit found better minimum quadopt=(dt=11.2,rms=0.440473) vs oldopt=(dt=8,rms=0.440543)
iter 0, gcam->neg = 52
after 28 iterations, nbhd size=2, neg = 0
#GCMRL#  457 dt  11.200000 rms  0.441  0.000% neg 0  invalid 762 tFOTS 4.5850 tGradient 1.0250 tsec 16.7570
iter 0, gcam->neg = 52
after 28 iterations, nbhd size=2, neg = 0
setting smoothness cost coefficient to 0.400

#GCAMreg# pass 0 level1 2 level2 0 tsec 0 sigma 2
l_jacobian=1.00 l_log_likelihood=0.20 l_smoothness=0.40 
tol=2.50e-01, dt=5.00e-02, exp_k=20.0, momentum=0.90, levels=6, niter=500, lbl_dist=10.00, avgs=4, sigma=2.0,type=2, relabel=0, neg=yes

blurring input image with Gaussian with sigma=2.000...
GCAMRegisterLevel(): init RMS 0.443108
#FOTS# QuadFit found better minimum quadopt=(dt=13.5194,rms=0.440395) vs oldopt=(dt=11.52,rms=0.440456)
iter 0, gcam->neg = 486
after 32 iterations, nbhd size=1, neg = 0
#GCMRL#  459 dt  13.519380 rms  0.440  0.594% neg 0  invalid 762 tFOTS 4.6880 tGradient 0.9010 tsec 18.2910
#FOTS# QuadFit found better minimum quadopt=(dt=10.8208,rms=0.439345) vs oldopt=(dt=11.52,rms=0.439349)
iter 0, gcam->neg = 307
after 28 iterations, nbhd size=1, neg = 0
#GCMRL#  460 dt  10.820809 rms  0.439  0.277% neg 0  invalid 762 tFOTS 4.6680 tGradient 0.8850 tsec 16.8760
#FOTS# QuadFit found better minimum quadopt=(dt=4.032,rms=0.438867) vs oldopt=(dt=2.88,rms=0.438957)
iter 0, gcam->neg = 81
after 27 iterations, nbhd size=1, neg = 0
#GCMRL#  461 dt   4.032000 rms  0.439  0.000% neg 0  invalid 762 tFOTS 4.6180 tGradient 0.8970 tsec 16.5460
iter 0, gcam->neg = 61
after 31 iterations, nbhd size=1, neg = 0
#GCMRL#  462 dt   4.032000 rms  0.439  0.047% neg 0  invalid 762 tFOTS 0.0000 tGradient 0.8980 tsec 13.2290
iter 0, gcam->neg = 143
after 25 iterations, nbhd size=1, neg = 0
#GCMRL#  463 dt   4.032000 rms  0.438  0.063% neg 0  invalid 762 tFOTS 0.0000 tGradient 0.9010 tsec 11.0180
iter 0, gcam->neg = 275
after 25 iterations, nbhd size=1, neg = 0
#GCMRL#  464 dt   4.032000 rms  0.438  0.061% neg 0  invalid 762 tFOTS 0.0000 tGradient 0.9080 tsec 11.0330
iter 0, gcam->neg = 331
after 32 iterations, nbhd size=1, neg = 0
#GCMRL#  465 dt   4.032000 rms  0.438  0.020% neg 0  invalid 762 tFOTS 0.0000 tGradient 0.8890 tsec 13.5710
#FOTS# QuadFit found better minimum quadopt=(dt=8,rms=0.437954) vs oldopt=(dt=2.88,rms=0.437991)
iter 0, gcam->neg = 162
after 23 iterations, nbhd size=1, neg = 0

#GCAMreg# pass 0 level1 2 level2 1 tsec 125.554 sigma 0.5
l_jacobian=1.00 l_log_likelihood=0.20 l_smoothness=0.40 
tol=2.50e-01, dt=5.00e-02, exp_k=20.0, momentum=0.90, levels=6, niter=500, lbl_dist=10.00, avgs=4, sigma=0.5,type=2, relabel=0, neg=yes

blurring input image with Gaussian with sigma=0.500...
GCAMRegisterLevel(): init RMS 0.438079
#FOTS# QuadFit found better minimum quadopt=(dt=12.9778,rms=0.4363) vs oldopt=(dt=11.52,rms=0.436328)
iter 0, gcam->neg = 273
after 25 iterations, nbhd size=1, neg = 0
#GCMRL#  467 dt  12.977778 rms  0.436  0.390% neg 0  invalid 762 tFOTS 4.6770 tGradient 0.8950 tsec 15.6160
#FOTS# QuadFit found better minimum quadopt=(dt=11.6111,rms=0.435406) vs oldopt=(dt=11.52,rms=0.435406)
iter 0, gcam->neg = 315
after 29 iterations, nbhd size=1, neg = 0
#GCMRL#  468 dt  11.611111 rms  0.435  0.000% neg 0  invalid 762 tFOTS 4.7220 tGradient 0.8990 tsec 16.9860
iter 0, gcam->neg = 282
after 29 iterations, nbhd size=1, neg = 0
#GCMRL#  469 dt  11.611111 rms  0.435  0.086% neg 0  invalid 762 tFOTS 0.0000 tGradient 0.8950 tsec 12.0500
iter 0, gcam->neg = 544
after 30 iterations, nbhd size=1, neg = 0
#GCMRL#  470 dt  11.611111 rms  0.434  0.129% neg 0  invalid 762 tFOTS 0.0000 tGradient 0.9070 tsec 12.5160
iter 0, gcam->neg = 843
after 33 iterations, nbhd size=1, neg = 0
#GCMRL#  471 dt  11.611111 rms  0.434 -0.044% neg 0  invalid 762 tFOTS 0.0000 tGradient 0.8850 tsec 13.6180
#FOTS# QuadFit found better minimum quadopt=(dt=6.66667,rms=0.434244) vs oldopt=(dt=2.88,rms=0.434322)
iter 0, gcam->neg = 156
after 20 iterations, nbhd size=0, neg = 0
#GCMRL#  472 dt   6.666667 rms  0.434  0.073% neg 0  invalid 762 tFOTS 4.5250 tGradient 0.8830 tsec 13.4060
#FOTS# QuadFit found better minimum quadopt=(dt=5.14286,rms=0.434026) vs oldopt=(dt=2.88,rms=0.434066)
iter 0, gcam->neg = 81
after 22 iterations, nbhd size=0, neg = 0
setting smoothness cost coefficient to 1.000

#GCAMreg# pass 0 level1 1 level2 0 tsec 0 sigma 2
l_jacobian=1.00 l_log_likelihood=0.20 l_smoothness=1.00 
tol=2.50e-01, dt=5.00e-02, exp_k=20.0, momentum=0.90, levels=6, niter=500, lbl_dist=10.00, avgs=1, sigma=2.0,type=2, relabel=0, neg=yes

blurring input image with Gaussian with sigma=2.000...
GCAMRegisterLevel(): init RMS 0.439949
#FOTS# QuadFit found better minimum quadopt=(dt=-0.000189887,rms=0.439949) vs oldopt=(dt=7.8125e-05,rms=0.439949)
#GCMRL#  474 dt  -0.000190 rms  0.440  0.000% neg 0  invalid 762 tFOTS 6.0200 tGradient 0.7670 tsec 7.0980
#FOTS# QuadFit found better minimum quadopt=(dt=0,rms=0.439949) vs oldopt=(dt=0,rms=0.439949)
#GCMRL#  475 dt   0.100000 rms  0.440  0.000% neg 0  invalid 762 tFOTS 4.5200 tGradient 0.7770 tsec 5.6360

#GCAMreg# pass 0 level1 1 level2 1 tsec 24.018 sigma 0.5
l_jacobian=1.00 l_log_likelihood=0.20 l_smoothness=1.00 
tol=2.50e-01, dt=5.00e-02, exp_k=20.0, momentum=0.90, levels=6, niter=500, lbl_dist=10.00, avgs=1, sigma=0.5,type=2, relabel=0, neg=yes

blurring input image with Gaussian with sigma=0.500...
GCAMRegisterLevel(): init RMS 0.439949
#FOTS# QuadFit found better minimum quadopt=(dt=-0.00053267,rms=0.439948) vs oldopt=(dt=0.0003125,rms=0.439949)
#GCMRL#  477 dt  -0.000533 rms  0.440  0.000% neg 0  invalid 762 tFOTS 4.8240 tGradient 0.7750 tsec 5.9050
resetting metric properties...
setting smoothness cost coefficient to 2.000

#GCAMreg# pass 0 level1 0 level2 0 tsec 0 sigma 2
l_jacobian=1.00 l_log_likelihood=0.20 l_smoothness=2.00 
tol=2.50e-01, dt=5.00e-02, exp_k=20.0, momentum=0.90, levels=6, niter=500, lbl_dist=10.00, avgs=0, sigma=2.0,type=2, relabel=0, neg=yes

blurring input image with Gaussian with sigma=2.000...
GCAMRegisterLevel(): init RMS 0.429996
#FOTS# QuadFit found better minimum quadopt=(dt=0.498168,rms=0.425455) vs oldopt=(dt=0.32,rms=0.426193)
iter 0, gcam->neg = 701
after 23 iterations, nbhd size=1, neg = 0
#GCMRL#  479 dt   0.498168 rms  0.426  1.001% neg 0  invalid 762 tFOTS 5.1890 tGradient 0.3970 tsec 18.6140
#FOTS# QuadFit found better minimum quadopt=(dt=0.256,rms=0.424883) vs oldopt=(dt=0.32,rms=0.424921)
iter 0, gcam->neg = 73
after 9 iterations, nbhd size=1, neg = 0
#GCMRL#  480 dt   0.256000 rms  0.425  0.000% neg 0  invalid 762 tFOTS 5.1180 tGradient 0.4480 tsec 11.3620
iter 0, gcam->neg = 46
after 2 iterations, nbhd size=0, neg = 0
#GCMRL#  481 dt   0.256000 rms  0.424  0.168% neg 0  invalid 762 tFOTS 0.0000 tGradient 0.3600 tsec 2.7270
iter 0, gcam->neg = 84
after 11 iterations, nbhd size=1, neg = 0
#GCMRL#  482 dt   0.256000 rms  0.423  0.154% neg 0  invalid 762 tFOTS 0.0000 tGradient 0.3600 tsec 7.1000
iter 0, gcam->neg = 171
after 15 iterations, nbhd size=1, neg = 0
#GCMRL#  483 dt   0.256000 rms  0.423  0.113% neg 0  invalid 762 tFOTS 0.0000 tGradient 0.4380 tsec 7.6310
iter 0, gcam->neg = 221
after 20 iterations, nbhd size=1, neg = 0
#GCMRL#  484 dt   0.256000 rms  0.423  0.058% neg 0  invalid 762 tFOTS 0.0000 tGradient 0.3410 tsec 8.8840
#FOTS# QuadFit found better minimum quadopt=(dt=0.112,rms=0.422542) vs oldopt=(dt=0.08,rms=0.422576)
#GCMRL#  485 dt   0.112000 rms  0.423  0.000% neg 0  invalid 762 tFOTS 4.9120 tGradient 0.3310 tsec 5.6470
#GCMRL#  486 dt   0.112000 rms  0.422  0.029% neg 0  invalid 762 tFOTS 0.0000 tGradient 0.3900 tsec 0.6940
#GCMRL#  487 dt   0.112000 rms  0.422  0.029% neg 0  invalid 762 tFOTS 0.0000 tGradient 0.3630 tsec 0.6770
iter 0, gcam->neg = 4
after 1 iterations, nbhd size=0, neg = 0
#GCMRL#  488 dt   0.112000 rms  0.422  0.016% neg 0  invalid 762 tFOTS 0.0000 tGradient 0.4200 tsec 1.9470
iter 0, gcam->neg = 1
after 9 iterations, nbhd size=1, neg = 0

#GCAMreg# pass 0 level1 0 level2 1 tsec 80.506 sigma 0.5
l_jacobian=1.00 l_log_likelihood=0.20 l_smoothness=2.00 
tol=2.50e-01, dt=5.00e-02, exp_k=20.0, momentum=0.90, levels=6, niter=500, lbl_dist=10.00, avgs=0, sigma=0.5,type=2, relabel=0, neg=yes

blurring input image with Gaussian with sigma=0.500...
GCAMRegisterLevel(): init RMS 0.422232
#FOTS# QuadFit found better minimum quadopt=(dt=0.384,rms=0.420781) vs oldopt=(dt=0.32,rms=0.420851)
iter 0, gcam->neg = 263
after 13 iterations, nbhd size=1, neg = 0
#GCMRL#  490 dt   0.384000 rms  0.421  0.365% neg 0  invalid 762 tFOTS 4.3120 tGradient 0.3690 tsec 12.1560
#FOTS# QuadFit found better minimum quadopt=(dt=0.256,rms=0.420383) vs oldopt=(dt=0.32,rms=0.420447)
iter 0, gcam->neg = 41
after 1 iterations, nbhd size=0, neg = 0
#GCMRL#  491 dt   0.256000 rms  0.420  0.000% neg 0  invalid 762 tFOTS 4.5320 tGradient 0.4390 tsec 6.8150
iter 0, gcam->neg = 20
after 1 iterations, nbhd size=0, neg = 0
#GCMRL#  492 dt   0.256000 rms  0.420  0.046% neg 0  invalid 762 tFOTS 0.0000 tGradient 0.3590 tsec 2.1550
iter 0, gcam->neg = 38
after 2 iterations, nbhd size=0, neg = 0
#GCMRL#  493 dt   0.256000 rms  0.420  0.051% neg 0  invalid 762 tFOTS 0.0000 tGradient 0.3520 tsec 2.6180
iter 0, gcam->neg = 104
after 9 iterations, nbhd size=0, neg = 0
#GCMRL#  494 dt   0.256000 rms  0.420  0.021% neg 0  invalid 762 tFOTS 0.0000 tGradient 0.3750 tsec 5.9080
iter 0, gcam->neg = 113
after 7 iterations, nbhd size=0, neg = 0
GCAMregister done in 10.1727 min
writing output transformation to transforms/talairach.m3z...
GCAMwrite
Calls to gcamLogLikelihoodEnergy 4443 tmin = 1.97052
Calls to gcamLabelEnergy         3769 tmin = 1.19333
Calls to gcamJacobianEnergy      4443 tmin = 0.8654
Calls to gcamSmoothnessEnergy    4443 tmin = 5.24383
Calls to gcamLogLikelihoodTerm 496 tmin = 0.68675
Calls to gcamLabelTerm         438 tmin = 5.24945
Calls to gcamJacobianTerm      496 tmin = 0.96955
Calls to gcamSmoothnessTerm    496 tmin = 0.389517
Calls to gcamComputeGradient    496 tmin = 15.6895
Calls to gcamComputeMetricProperties    7734 tmin = 2.91093
mri_ca_register took 0 hours, 55 minutes and 33 seconds.
#VMPC# mri_ca_register VmPeak  3712496
FSRUNTIME@ mri_ca_register  0.9259 hours 16 threads
#--------------------------------------
#@# SubCort Seg Thu Mar 12 12:54:39 CET 2026

 mri_ca_label -relabel_unlikely 9 .3 -prior 0.5 -align norm.mgz transforms/talairach.m3z /opt/freesurfer/average/RB_all_2020-01-02.gca aseg.auto_noCCseg.mgz 

sysname  Linux
hostname dna010
machine  x86_64

setenv SUBJECTS_DIR /out/sourcedata/freesurfer
cd /out/sourcedata/freesurfer/sub-v1s16x0051160_ses-1/mri
mri_ca_label -relabel_unlikely 9 .3 -prior 0.5 -align norm.mgz transforms/talairach.m3z /opt/freesurfer/average/RB_all_2020-01-02.gca aseg.auto_noCCseg.mgz 

relabeling unlikely voxels with window_size = 9 and prior threshold 0.30
using Gibbs prior factor = 0.500
renormalizing sequences with structure alignment, equivalent to:
	-renormalize
	-renormalize_mean 0.500
	-regularize 0.500

== Number of threads available to for OpenMP = 16 == 
reading 1 input volumes
reading classifier array from /opt/freesurfer/average/RB_all_2020-01-02.gca
reading input volume from norm.mgz
average std[0] = 7.2
reading transform from transforms/talairach.m3z
setting orig areas to linear transform determinant scaled 5.29
Atlas used for the 3D morph was /opt/freesurfer/average/RB_all_2020-01-02.gca
average std = 7.2   using min determinant for regularization = 5.2
0 singular and 0 ill-conditioned covariance matrices regularized
labeling volume...
renormalizing by structure alignment....
renormalizing input #0
gca peak = 0.15521 (20)
mri peak = 0.06267 (14)
Left_Lateral_Ventricle (4): linear fit = 0.67 x + 0.0 (1035 voxels, overlap=0.714)
Left_Lateral_Ventricle (4): linear fit = 0.67 x + 0.0 (1035 voxels, peak = 13), gca=13.3
gca peak = 0.20380 (13)
mri peak = 0.12914 (11)
Right_Lateral_Ventricle (43): linear fit = 0.69 x + 0.0 (314 voxels, overlap=0.409)
Right_Lateral_Ventricle (43): linear fit = 0.69 x + 0.0 (314 voxels, peak =  9), gca=9.0
gca peak = 0.26283 (96)
mri peak = 0.08882 (96)
Right_Pallidum (52): linear fit = 0.99 x + 0.0 (912 voxels, overlap=1.006)
Right_Pallidum (52): linear fit = 0.99 x + 0.0 (912 voxels, peak = 95), gca=94.6
gca peak = 0.15814 (97)
mri peak = 0.07369 (103)
Left_Pallidum (13): linear fit = 1.05 x + 0.0 (673 voxels, overlap=0.928)
Left_Pallidum (13): linear fit = 1.05 x + 0.0 (673 voxels, peak = 102), gca=102.3
gca peak = 0.27624 (56)
mri peak = 0.07380 (69)
Right_Hippocampus (53): linear fit = 1.13 x + 0.0 (622 voxels, overlap=0.401)
Right_Hippocampus (53): linear fit = 1.13 x + 0.0 (622 voxels, peak = 64), gca=63.6
gca peak = 0.28723 (59)
mri peak = 0.09350 (66)
Left_Hippocampus (17): linear fit = 1.15 x + 0.0 (167 voxels, overlap=0.136)
Left_Hippocampus (17): linear fit = 1.15 x + 0.0 (167 voxels, peak = 68), gca=68.1
gca peak = 0.07623 (103)
mri peak = 0.11731 (104)
Right_Cerebral_White_Matter (41): linear fit = 1.01 x + 0.0 (38863 voxels, overlap=0.618)
Right_Cerebral_White_Matter (41): linear fit = 1.01 x + 0.0 (38863 voxels, peak = 105), gca=104.5
gca peak = 0.07837 (105)
mri peak = 0.09945 (107)
Left_Cerebral_White_Matter (2): linear fit = 1.03 x + 0.0 (36515 voxels, overlap=0.516)
Left_Cerebral_White_Matter (2): linear fit = 1.03 x + 0.0 (36515 voxels, peak = 109), gca=108.7
gca peak = 0.10165 (58)
mri peak = 0.04433 (62)
Left_Cerebral_Cortex (3): linear fit = 1.10 x + 0.0 (33921 voxels, overlap=0.885)
Left_Cerebral_Cortex (3): linear fit = 1.10 x + 0.0 (33921 voxels, peak = 64), gca=63.5
gca peak = 0.11113 (58)
mri peak = 0.04635 (60)
Right_Cerebral_Cortex (42): linear fit = 1.02 x + 0.0 (31276 voxels, overlap=0.921)
Right_Cerebral_Cortex (42): linear fit = 1.02 x + 0.0 (31276 voxels, peak = 59), gca=59.4
gca peak = 0.27796 (67)
mri peak = 0.12116 (70)
Right_Caudate (50): linear fit = 1.03 x + 0.0 (1025 voxels, overlap=1.003)
Right_Caudate (50): linear fit = 1.03 x + 0.0 (1025 voxels, peak = 69), gca=69.3
gca peak = 0.14473 (69)
mri peak = 0.09947 (72)
Left_Caudate (11): linear fit = 1.01 x + 0.0 (1033 voxels, overlap=0.999)
Left_Caudate (11): linear fit = 1.01 x + 0.0 (1033 voxels, peak = 70), gca=70.0
gca peak = 0.14301 (56)
mri peak = 0.05550 (44)
Left_Cerebellum_Cortex (8): linear fit = 0.81 x + 0.0 (13182 voxels, overlap=0.265)
Left_Cerebellum_Cortex (8): linear fit = 0.81 x + 0.0 (13182 voxels, peak = 45), gca=45.1
gca peak = 0.14610 (55)
mri peak = 0.05538 (53)
Right_Cerebellum_Cortex (47): linear fit = 0.93 x + 0.0 (11616 voxels, overlap=0.732)
Right_Cerebellum_Cortex (47): linear fit = 0.93 x + 0.0 (11616 voxels, peak = 51), gca=50.9
gca peak = 0.16309 (85)
mri peak = 0.06737 (68)
Left_Cerebellum_White_Matter (7): linear fit = 0.81 x + 0.0 (3582 voxels, overlap=0.021)
Left_Cerebellum_White_Matter (7): linear fit = 0.81 x + 0.0 (3582 voxels, peak = 68), gca=68.4
gca peak = 0.15172 (84)
mri peak = 0.06187 (62)
Right_Cerebellum_White_Matter (46): linear fit = 0.81 x + 0.0 (2211 voxels, overlap=0.018)
Right_Cerebellum_White_Matter (46): linear fit = 0.81 x + 0.0 (2211 voxels, peak = 68), gca=67.6
gca peak = 0.30461 (58)
mri peak = 0.09524 (59)
Left_Amygdala (18): linear fit = 1.00 x + 0.0 (77 voxels, overlap=1.041)
Left_Amygdala (18): linear fit = 1.00 x + 0.0 (77 voxels, peak = 58), gca=58.0
gca peak = 0.32293 (57)
mri peak = 0.08654 (53)
Right_Amygdala (54): linear fit = 0.92 x + 0.0 (265 voxels, overlap=1.018)
Right_Amygdala (54): linear fit = 0.92 x + 0.0 (265 voxels, peak = 52), gca=52.2
gca peak = 0.11083 (90)
mri peak = 0.04979 (83)
Left_Thalamus (10): linear fit = 1.07 x + 0.0 (4576 voxels, overlap=0.822)
Left_Thalamus (10): linear fit = 1.07 x + 0.0 (4576 voxels, peak = 96), gca=95.9
gca peak = 0.11393 (83)
mri peak = 0.09071 (83)
Right_Thalamus (49): linear fit = 0.99 x + 0.0 (3954 voxels, overlap=0.975)
Right_Thalamus (49): linear fit = 0.99 x + 0.0 (3954 voxels, peak = 82), gca=81.8
gca peak = 0.08575 (81)
mri peak = 0.08655 (89)
Left_Putamen (12): linear fit = 1.12 x + 0.0 (1802 voxels, overlap=0.517)
Left_Putamen (12): linear fit = 1.12 x + 0.0 (1802 voxels, peak = 90), gca=90.3
gca peak = 0.08618 (78)
mri peak = 0.10192 (75)
Right_Putamen (51): linear fit = 0.95 x + 0.0 (2286 voxels, overlap=0.710)
Right_Putamen (51): linear fit = 0.95 x + 0.0 (2286 voxels, peak = 74), gca=74.5
gca peak = 0.08005 (78)
mri peak = 0.09685 (87)
Brain_Stem (16): linear fit = 1.07 x + 0.0 (6343 voxels, overlap=0.492)
Brain_Stem (16): linear fit = 1.07 x + 0.0 (6343 voxels, peak = 83), gca=83.1
gca peak = 0.12854 (88)
mri peak = 0.11309 (99)
Right_VentralDC (60): linear fit = 1.12 x + 0.0 (1368 voxels, overlap=0.516)
Right_VentralDC (60): linear fit = 1.12 x + 0.0 (1368 voxels, peak = 98), gca=98.1
gca peak = 0.15703 (87)
mri peak = 0.10795 (98)
Left_VentralDC (28): linear fit = 1.12 x + 0.0 (1083 voxels, overlap=0.463)
Left_VentralDC (28): linear fit = 1.12 x + 0.0 (1083 voxels, peak = 98), gca=97.9
gca peak = 0.17522 (25)
mri peak = 0.14878 (51)
gca peak = 0.17113 (14)
mri peak = 0.04422 (30)
gca peak Unknown = 0.94777 ( 0)
gca peak Left_Inf_Lat_Vent = 0.16627 (28)
gca peak Third_Ventricle = 0.17522 (25)
gca peak Fourth_Ventricle = 0.17113 (14)
gca peak CSF = 0.20346 (36)
gca peak Left_Accumbens_area = 0.70646 (62)
gca peak Left_undetermined = 1.00000 (28)
gca peak Left_vessel = 0.89917 (53)
gca peak Left_choroid_plexus = 0.11689 (35)
gca peak Right_Inf_Lat_Vent = 0.25504 (23)
gca peak Right_Accumbens_area = 0.31650 (65)
gca peak Right_vessel = 0.77268 (52)
gca peak Right_choroid_plexus = 0.13275 (38)
gca peak Fifth_Ventricle = 0.60973 (33)
gca peak WM_hypointensities = 0.11013 (77)
gca peak non_WM_hypointensities = 0.11354 (41)
gca peak Optic_Chiasm = 0.51646 (76)
not using caudate to estimate GM means
estimating mean gm scale to be 1.05 x + 0.0
estimating mean wm scale to be 1.02 x + 0.0
estimating mean csf scale to be 0.68 x + 0.0
Left_Pallidum too bright - rescaling by 1.011 (from 1.055) to 103.4 (was 102.3)
saving intensity scales to aseg.auto_noCCseg.label_intensities.txt
renormalizing by structure alignment....
renormalizing input #0
gca peak = 0.20711 (12)
mri peak = 0.06267 (14)
Left_Lateral_Ventricle (4): linear fit = 1.04 x + 0.0 (1035 voxels, overlap=0.986)
Left_Lateral_Ventricle (4): linear fit = 1.04 x + 0.0 (1035 voxels, peak = 13), gca=12.5
gca peak = 0.28559 ( 9)
mri peak = 0.12914 (11)
Right_Lateral_Ventricle (43): linear fit = 1.05 x + 0.0 (314 voxels, overlap=0.759)
Right_Lateral_Ventricle (43): linear fit = 1.05 x + 0.0 (314 voxels, peak =  9), gca=9.5
gca peak = 0.22366 (92)
mri peak = 0.08882 (96)
Right_Pallidum (52): linear fit = 1.00 x + 0.0 (912 voxels, overlap=1.014)
Right_Pallidum (52): linear fit = 1.00 x + 0.0 (912 voxels, peak = 92), gca=91.5
gca peak = 0.15986 (101)
mri peak = 0.07369 (103)
Left_Pallidum (13): linear fit = 1.00 x + 0.0 (673 voxels, overlap=0.895)
Left_Pallidum (13): linear fit = 1.00 x + 0.0 (673 voxels, peak = 102), gca=101.5
gca peak = 0.23680 (63)
mri peak = 0.07380 (69)
Right_Hippocampus (53): linear fit = 1.00 x + 0.0 (622 voxels, overlap=0.991)
Right_Hippocampus (53): linear fit = 1.00 x + 0.0 (622 voxels, peak = 63), gca=63.0
gca peak = 0.25214 (65)
mri peak = 0.09350 (66)
Left_Hippocampus (17): linear fit = 1.00 x + 0.0 (167 voxels, overlap=0.988)
Left_Hippocampus (17): linear fit = 1.00 x + 0.0 (167 voxels, peak = 65), gca=65.0
gca peak = 0.07894 (105)
mri peak = 0.11731 (104)
Right_Cerebral_White_Matter (41): linear fit = 1.00 x + 0.0 (38863 voxels, overlap=0.687)
Right_Cerebral_White_Matter (41): linear fit = 1.00 x + 0.0 (38863 voxels, peak = 104), gca=104.5
gca peak = 0.07604 (108)
mri peak = 0.09945 (107)
Left_Cerebral_White_Matter (2): linear fit = 1.00 x + 0.0 (36515 voxels, overlap=0.682)
Left_Cerebral_White_Matter (2): linear fit = 1.00 x + 0.0 (36515 voxels, peak = 108), gca=108.0
gca peak = 0.08814 (63)
mri peak = 0.04433 (62)
Left_Cerebral_Cortex (3): linear fit = 0.99 x + 0.0 (33921 voxels, overlap=0.966)
Left_Cerebral_Cortex (3): linear fit = 0.99 x + 0.0 (33921 voxels, peak = 62), gca=62.1
gca peak = 0.11167 (60)
mri peak = 0.04635 (60)
Right_Cerebral_Cortex (42): linear fit = 1.02 x + 0.0 (31276 voxels, overlap=0.948)
Right_Cerebral_Cortex (42): linear fit = 1.02 x + 0.0 (31276 voxels, peak = 62), gca=61.5
gca peak = 0.22980 (69)
mri peak = 0.12116 (70)
Right_Caudate (50): linear fit = 0.99 x + 0.0 (1025 voxels, overlap=1.005)
Right_Caudate (50): linear fit = 0.99 x + 0.0 (1025 voxels, peak = 68), gca=68.0
gca peak = 0.14517 (70)
mri peak = 0.09947 (72)
Left_Caudate (11): linear fit = 1.00 x + 0.0 (1033 voxels, overlap=1.000)
Left_Caudate (11): linear fit = 1.00 x + 0.0 (1033 voxels, peak = 70), gca=70.0
gca peak = 0.17497 (45)
mri peak = 0.05550 (44)
Left_Cerebellum_Cortex (8): linear fit = 1.05 x + 0.0 (13182 voxels, overlap=1.000)
Left_Cerebellum_Cortex (8): linear fit = 1.05 x + 0.0 (13182 voxels, peak = 47), gca=47.5
gca peak = 0.16488 (51)
mri peak = 0.05538 (53)
Right_Cerebellum_Cortex (47): linear fit = 0.98 x + 0.0 (11616 voxels, overlap=0.898)
Right_Cerebellum_Cortex (47): linear fit = 0.98 x + 0.0 (11616 voxels, peak = 50), gca=49.7
gca peak = 0.20649 (68)
mri peak = 0.06737 (68)
Left_Cerebellum_White_Matter (7): linear fit = 1.00 x + 0.0 (3582 voxels, overlap=0.991)
Left_Cerebellum_White_Matter (7): linear fit = 1.00 x + 0.0 (3582 voxels, peak = 68), gca=68.0
gca peak = 0.21277 (68)
mri peak = 0.06187 (62)
Right_Cerebellum_White_Matter (46): linear fit = 1.00 x + 0.0 (2211 voxels, overlap=0.989)
Right_Cerebellum_White_Matter (46): linear fit = 1.00 x + 0.0 (2211 voxels, peak = 68), gca=68.0
gca peak = 0.23763 (58)
mri peak = 0.09524 (59)
Left_Amygdala (18): linear fit = 1.00 x + 0.0 (77 voxels, overlap=1.016)
Left_Amygdala (18): linear fit = 1.00 x + 0.0 (77 voxels, peak = 58), gca=58.0
gca peak = 0.31212 (53)
mri peak = 0.08654 (53)
Right_Amygdala (54): linear fit = 1.00 x + 0.0 (265 voxels, overlap=0.987)
Right_Amygdala (54): linear fit = 1.00 x + 0.0 (265 voxels, peak = 53), gca=53.0
gca peak = 0.11025 (94)
mri peak = 0.04979 (83)
Left_Thalamus (10): linear fit = 0.98 x + 0.0 (4576 voxels, overlap=0.916)
Left_Thalamus (10): linear fit = 0.98 x + 0.0 (4576 voxels, peak = 92), gca=91.7
gca peak = 0.10672 (82)
mri peak = 0.09071 (83)
Right_Thalamus (49): linear fit = 1.01 x + 0.0 (3954 voxels, overlap=0.937)
Right_Thalamus (49): linear fit = 1.01 x + 0.0 (3954 voxels, peak = 83), gca=83.2
gca peak = 0.08292 (84)
mri peak = 0.08655 (89)
Left_Putamen (12): linear fit = 0.99 x + 0.0 (1802 voxels, overlap=0.792)
Left_Putamen (12): linear fit = 0.99 x + 0.0 (1802 voxels, peak = 83), gca=82.7
gca peak = 0.10231 (76)
mri peak = 0.10192 (75)
Right_Putamen (51): linear fit = 1.01 x + 0.0 (2286 voxels, overlap=0.774)
Right_Putamen (51): linear fit = 1.01 x + 0.0 (2286 voxels, peak = 77), gca=77.1
gca peak = 0.06766 (86)
mri peak = 0.09685 (87)
Brain_Stem (16): linear fit = 1.02 x + 0.0 (6343 voxels, overlap=0.709)
Brain_Stem (16): linear fit = 1.02 x + 0.0 (6343 voxels, peak = 88), gca=88.2
gca peak = 0.12035 (98)
mri peak = 0.11309 (99)
Right_VentralDC (60): linear fit = 1.00 x + 0.0 (1368 voxels, overlap=0.889)
Right_VentralDC (60): linear fit = 1.00 x + 0.0 (1368 voxels, peak = 98), gca=98.0
gca peak = 0.15089 (96)
mri peak = 0.10795 (98)
Left_VentralDC (28): linear fit = 1.00 x + 0.0 (1083 voxels, overlap=0.697)
Left_VentralDC (28): linear fit = 1.00 x + 0.0 (1083 voxels, peak = 96), gca=95.5
gca peak = 0.24190 (18)
mri peak = 0.14878 (51)
gca peak = 0.25483 (10)
mri peak = 0.04422 (30)
gca peak Unknown = 0.94777 ( 0)
gca peak Left_Inf_Lat_Vent = 0.21071 (32)
gca peak Third_Ventricle = 0.24190 (18)
gca peak Fourth_Ventricle = 0.25483 (10)
gca peak CSF = 0.23380 (21)
gca peak Left_Accumbens_area = 0.75249 (63)
gca peak Left_undetermined = 1.00000 (28)
gca peak Left_vessel = 0.89837 (53)
gca peak Left_choroid_plexus = 0.11689 (35)
gca peak Right_Inf_Lat_Vent = 0.23439 (26)
gca peak Right_Accumbens_area = 0.29450 (67)
gca peak Right_vessel = 0.78757 (52)
gca peak Right_choroid_plexus = 0.13275 (38)
gca peak Fifth_Ventricle = 0.91910 (22)
gca peak WM_hypointensities = 0.10760 (78)
gca peak non_WM_hypointensities = 0.11377 (42)
gca peak Optic_Chiasm = 0.46227 (76)
not using caudate to estimate GM means
estimating mean gm scale to be 1.00 x + 0.0
estimating mean wm scale to be 1.00 x + 0.0
estimating mean csf scale to be 1.05 x + 0.0
Left_Pallidum too bright - rescaling by 1.015 (from 1.005) to 103.1 (was 101.5)
saving intensity scales to aseg.auto_noCCseg.label_intensities.txt
saving sequentially combined intensity scales to aseg.auto_noCCseg.label_intensities.txt
38743 voxels changed in iteration 0 of unlikely voxel relabeling
219 voxels changed in iteration 1 of unlikely voxel relabeling
1 voxels changed in iteration 2 of unlikely voxel relabeling
0 voxels changed in iteration 3 of unlikely voxel relabeling
24909 gm and wm labels changed (%38 to gray, %62 to white out of all changed labels)
458 hippocampal voxels changed.
0 amygdala voxels changed.
Reclassifying using Gibbs Priors
pass 1: 51085 changed. image ll: -2.053, PF=0.500
pass 2: 14346 changed. image ll: -2.052, PF=0.500
pass 3: 5379 changed.
pass 4: 2126 changed.
22034 voxels changed in iteration 0 of unlikely voxel relabeling
98 voxels changed in iteration 1 of unlikely voxel relabeling
2 voxels changed in iteration 2 of unlikely voxel relabeling
0 voxels changed in iteration 3 of unlikely voxel relabeling
5454 voxels changed in iteration 0 of unlikely voxel relabeling
59 voxels changed in iteration 1 of unlikely voxel relabeling
20 voxels changed in iteration 2 of unlikely voxel relabeling
0 voxels changed in iteration 3 of unlikely voxel relabeling
5853 voxels changed in iteration 0 of unlikely voxel relabeling
51 voxels changed in iteration 1 of unlikely voxel relabeling
6 voxels changed in iteration 2 of unlikely voxel relabeling
0 voxels changed in iteration 3 of unlikely voxel relabeling
5632 voxels changed in iteration 0 of unlikely voxel relabeling
41 voxels changed in iteration 1 of unlikely voxel relabeling
0 voxels changed in iteration 2 of unlikely voxel relabeling
 !!!!!!!!! ventricle segment 1 with volume 4171 above threshold 100 - not erasing !!!!!!!!!!
 !!!!!!!!! ventricle segment 2 with volume 3060 above threshold 100 - not erasing !!!!!!!!!!
writing labeled volume to aseg.auto_noCCseg.mgz
mri_ca_label utimesec    1654.913908
mri_ca_label stimesec    3.249441
mri_ca_label ru_maxrss   2117812
mri_ca_label ru_ixrss    0
mri_ca_label ru_idrss    0
mri_ca_label ru_isrss    0
mri_ca_label ru_minflt   5243681
mri_ca_label ru_majflt   18
mri_ca_label ru_nswap    0
mri_ca_label ru_inblock  1142
mri_ca_label ru_oublock  544
mri_ca_label ru_msgsnd   0
mri_ca_label ru_msgrcv   0
mri_ca_label ru_nsignals 0
mri_ca_label ru_nvcsw    4030
mri_ca_label ru_nivcsw   2668
auto-labeling took 25 minutes and 52 seconds.
#--------------------------------------
#@# CC Seg Thu Mar 12 13:20:31 CET 2026

 mri_cc -aseg aseg.auto_noCCseg.mgz -o aseg.auto.mgz -lta /out/sourcedata/freesurfer/sub-v1s16x0051160_ses-1/mri/transforms/cc_up.lta sub-v1s16x0051160_ses-1 

will read input aseg from aseg.auto_noCCseg.mgz
writing aseg with cc labels to aseg.auto.mgz
will write lta as /out/sourcedata/freesurfer/sub-v1s16x0051160_ses-1/mri/transforms/cc_up.lta
reading aseg from /out/sourcedata/freesurfer/sub-v1s16x0051160_ses-1/mri/aseg.auto_noCCseg.mgz
reading norm from /out/sourcedata/freesurfer/sub-v1s16x0051160_ses-1/mri/norm.mgz
69079 voxels in left wm, 76367 in right wm, xrange [126, 144]
searching rotation angles z=[-16 -2], y=[-2 12]
searching scale 1 Z rot -15.6  searching scale 1 Z rot -15.3  searching scale 1 Z rot -15.1  searching scale 1 Z rot -14.8  searching scale 1 Z rot -14.6  searching scale 1 Z rot -14.3  searching scale 1 Z rot -14.1  searching scale 1 Z rot -13.8  searching scale 1 Z rot -13.6  searching scale 1 Z rot -13.3  searching scale 1 Z rot -13.1  searching scale 1 Z rot -12.8  searching scale 1 Z rot -12.6  searching scale 1 Z rot -12.3  searching scale 1 Z rot -12.1  searching scale 1 Z rot -11.8  searching scale 1 Z rot -11.6  searching scale 1 Z rot -11.3  searching scale 1 Z rot -11.1  searching scale 1 Z rot -10.8  searching scale 1 Z rot -10.6  searching scale 1 Z rot -10.3  searching scale 1 Z rot -10.1  searching scale 1 Z rot -9.8  searching scale 1 Z rot -9.6  searching scale 1 Z rot -9.3  searching scale 1 Z rot -9.1  searching scale 1 Z rot -8.8  searching scale 1 Z rot -8.6  searching scale 1 Z rot -8.3  searching scale 1 Z rot -8.1  searching scale 1 Z rot -7.8  searching scale 1 Z rot -7.6  searching scale 1 Z rot -7.3  searching scale 1 Z rot -7.1  searching scale 1 Z rot -6.8  searching scale 1 Z rot -6.6  searching scale 1 Z rot -6.3  searching scale 1 Z rot -6.1  searching scale 1 Z rot -5.8  searching scale 1 Z rot -5.6  searching scale 1 Z rot -5.3  searching scale 1 Z rot -5.1  searching scale 1 Z rot -4.8  searching scale 1 Z rot -4.6  searching scale 1 Z rot -4.3  searching scale 1 Z rot -4.1  searching scale 1 Z rot -3.8  searching scale 1 Z rot -3.6  searching scale 1 Z rot -3.3  searching scale 1 Z rot -3.1  searching scale 1 Z rot -2.8  searching scale 1 Z rot -2.6  searching scale 1 Z rot -2.3  searching scale 1 Z rot -2.1  global minimum found at slice 136.0, rotations (5.69, -8.84)
final transformation (x=136.0, yr=5.689, zr=-8.840):
 0.98325   0.15368   0.09796  -30.14786;
-0.15292   0.98812  -0.01523   66.57381;
-0.09913   0.00000   0.99507   26.05355;
 0.00000   0.00000   0.00000   1.00000;
updating x range to be [125, 129] in xformed coordinates
best xformed slice 127
min_x_fornix = 142
min_x_fornix = 145
min_x_fornix = 144
min_x_fornix = 140
min_x_fornix = 140
cc center is found at 127 85 116
eigenvectors:
 0.00228  -0.00334   0.99999;
-0.04438  -0.99901  -0.00323;
 0.99901  -0.04438  -0.00242;
writing aseg with callosum to /out/sourcedata/freesurfer/sub-v1s16x0051160_ses-1/mri/aseg.auto.mgz...
corpus callosum segmentation took 0.8 minutes
#VMPC# mri_cc VmPeak  555744
mri_cc done
#--------------------------------------
#@# Merge ASeg Thu Mar 12 13:21:18 CET 2026

 cp aseg.auto.mgz aseg.presurf.mgz 

#--------------------------------------------
#@# Intensity Normalization2 Thu Mar 12 13:21:18 CET 2026
/out/sourcedata/freesurfer/sub-v1s16x0051160_ses-1/mri

 mri_normalize -seed 1234 -mprage -aseg aseg.presurf.mgz -mask brainmask.mgz norm.mgz brain.mgz 

setting seed for random number genererator to 1234
assuming input volume is MGH (Van der Kouwe) MP-RAGE
using segmentation for initial intensity normalization
using MR volume brainmask.mgz to mask input volume...
reading mri_src from norm.mgz...
Reading aseg aseg.presurf.mgz
normalizing image...
NOT doing gentle normalization with control points/label
processing with aseg
removing outliers in the aseg WM...
1134 control points removed
Building bias image
building Voronoi diagram...
performing soap bubble smoothing, sigma = 0...
Smoothing with sigma 8
Applying bias correction
building Voronoi diagram...
performing soap bubble smoothing, sigma = 8...

Iterating 2 times
---------------------------------
3d normalization pass 1 of 2
white matter peak found at 110
white matter peak found at 110
gm peak at 64 (64), valley at  0 (-1)
csf peak at 32, setting threshold to 53
building Voronoi diagram...
performing soap bubble smoothing, sigma = 8...
---------------------------------
3d normalization pass 2 of 2
white matter peak found at 110
white matter peak found at 110
gm peak at 66 (66), valley at  0 (-1)
csf peak at 33, setting threshold to 55
building Voronoi diagram...
performing soap bubble smoothing, sigma = 8...
Done iterating ---------------------------------
writing output to brain.mgz
3D bias adjustment took 2 minutes and 19 seconds.
#--------------------------------------------
#@# Mask BFS Thu Mar 12 13:23:37 CET 2026
/out/sourcedata/freesurfer/sub-v1s16x0051160_ses-1/mri

 mri_mask -T 5 brain.mgz brainmask.mgz brain.finalsurfs.mgz 

threshold mask volume at 5
DoAbs = 0
Found 1198439 voxels in mask (pct=  7.14)
Writing masked volume to brain.finalsurfs.mgz...done.
#--------------------------------------------
#@# WM Segmentation Thu Mar 12 13:23:38 CET 2026

 AntsDenoiseImageFs -i brain.mgz -o antsdn.brain.mgz 


 mri_segment -wsizemm 13 -mprage antsdn.brain.mgz wm.seg.mgz 

wsizemm = 13, voxres = 1, wsize = 13
Widening wm low from 89 to 79
assuming input volume is MGH (Van der Kouwe) MP-RAGE
wm mean:  110
wsize:    13
wm low:   79
wm hi:    125
gray low: 30
gray hi:  99
Doing initial trinary intensity segmentation 
Using local statistics to label ambiguous voxels
Autodetecting stats
Computing class statistics for intensity windows...
CCS WM (100.0): 98.7 +- 6.9 [79.0 --> 125.0]
CCS GM (75.0) : 73.6 +- 9.0 [30.0 --> 95.0]
 white_mean 98.7207
 white_sigma 6.89562
 gray_mean 73.634
 gray_sigma 8.99518
setting bottom of white matter range wm_low to 82.6
setting top of gray matter range gray_hi to 91.6
 wm_low 82.6292
 wm_hi  125
 gray_low 30
 gray_hi  91.6244
Redoing initial intensity segmentation...
Recomputing local statistics to label ambiguous voxels...
 wm_low 82.6292
 wm_hi  125
 gray_low 30
 gray_hi  91.6244
using local geometry to label remaining ambiguous voxels...
polvwsize = 5, polvlen = 3, gray_hi = 91.6244, wm_low = 82.6292
MRIcpolvMedianCurveSegment(): wsize=5, len=3, gmhi=91.6244, wmlow=82.6292
    107444 voxels processed (0.64%)
     49871 voxels white (0.30%)
     57573 voxels non-white (0.34%)

Reclassifying voxels using Gaussian border classifier niter=1
MRIreclassify(): wm_low=77.6292, gray_hi=91.6244, wsize=13
    194844 voxels tested (1.16%)
     36888 voxels changed (0.22%)
     44591 multi-scale searches  (0.27%)
Recovering bright white
MRIrecoverBrightWhite()
 wm_low 82.6292
 wm_hi 125
 slack 6.89562
 pct_thresh 0.33
 intensity_thresh 131.896
 nvox_thresh 8.58
       65 voxels tested (0.00%)
       26 voxels changed (0.00%)

removing voxels with positive offset direction...
MRIremoveWrongDirection() wsize=3, lowthr=77.6292, hithr=91.6244
  smoothing input volume with sigma = 0.250
    72072 voxels tested (0.43%)
    12727 voxels changed (0.08%)
thicken = 1
removing 1-dimensional structures...
MRIremove1dStructures(): max_iter=10000, thresh=2, WM_MIN_VAL=5
 1195 sparsely connected voxels removed in 1 iterations
thickening thin strands....
thickness 4
nsegments 20
wm_hi 125
744 diagonally connected voxels added...
MRIthickenThinWMStrands(): thickness=4, nsegments=20
  20 segments, 1448 filled
MRIfindBrightNonWM(): 732 bright non-wm voxels segmented.
MRIfilterMorphology() WM_MIN_VAL=5, DIAGONAL_FILL=230
white matter segmentation took 0.8 minutes
writing output to wm.seg.mgz...

 mri_edit_wm_with_aseg -keep-in wm.seg.mgz brain.mgz aseg.presurf.mgz wm.asegedit.mgz 

preserving editing changes in input volume...
auto filling took 0.42 minutes
reading wm segmentation from wm.seg.mgz...
0 voxels added to wm to prevent paths from MTL structures to cortex
3630 additional wm voxels added
0 additional wm voxels added
SEG EDIT: 35614 voxels turned on, 4121 voxels turned off.
propagating editing to output volume from wm.seg.mgz
writing edited volume to wm.asegedit.mgz....

 mri_pretess wm.asegedit.mgz wm norm.mgz wm.mgz 


Iteration Number : 1
pass   1 (xy+):  25 found -  25 modified     |    TOTAL:  25
pass   2 (xy+):   0 found -  25 modified     |    TOTAL:  25
pass   1 (xy-):  21 found -  21 modified     |    TOTAL:  46
pass   2 (xy-):   0 found -  21 modified     |    TOTAL:  46
pass   1 (yz+):  23 found -  23 modified     |    TOTAL:  69
pass   2 (yz+):   0 found -  23 modified     |    TOTAL:  69
pass   1 (yz-):  15 found -  15 modified     |    TOTAL:  84
pass   2 (yz-):   0 found -  15 modified     |    TOTAL:  84
pass   1 (xz+):  22 found -  22 modified     |    TOTAL: 106
pass   2 (xz+):   0 found -  22 modified     |    TOTAL: 106
pass   1 (xz-):   9 found -   9 modified     |    TOTAL: 115
pass   2 (xz-):   0 found -   9 modified     |    TOTAL: 115
Iteration Number : 1
pass   1 (+++):   4 found -   4 modified     |    TOTAL:   4
pass   2 (+++):   0 found -   4 modified     |    TOTAL:   4
pass   1 (+++):   5 found -   5 modified     |    TOTAL:   9
pass   2 (+++):   0 found -   5 modified     |    TOTAL:   9
pass   1 (+++):   8 found -   8 modified     |    TOTAL:  17
pass   2 (+++):   0 found -   8 modified     |    TOTAL:  17
pass   1 (+++):   6 found -   6 modified     |    TOTAL:  23
pass   2 (+++):   0 found -   6 modified     |    TOTAL:  23
Iteration Number : 1
pass   1 (++):  28 found -  28 modified     |    TOTAL:  28
pass   2 (++):   0 found -  28 modified     |    TOTAL:  28
pass   1 (+-):  30 found -  30 modified     |    TOTAL:  58
pass   2 (+-):   0 found -  30 modified     |    TOTAL:  58
pass   1 (--):  18 found -  18 modified     |    TOTAL:  76
pass   2 (--):   0 found -  18 modified     |    TOTAL:  76
pass   1 (-+):  38 found -  38 modified     |    TOTAL: 114
pass   2 (-+):   0 found -  38 modified     |    TOTAL: 114
Iteration Number : 2
pass   1 (xy+):   1 found -   1 modified     |    TOTAL:   1
pass   2 (xy+):   0 found -   1 modified     |    TOTAL:   1
pass   1 (xy-):   3 found -   3 modified     |    TOTAL:   4
pass   2 (xy-):   0 found -   3 modified     |    TOTAL:   4
pass   1 (yz+):   4 found -   4 modified     |    TOTAL:   8
pass   2 (yz+):   0 found -   4 modified     |    TOTAL:   8
pass   1 (yz-):   3 found -   3 modified     |    TOTAL:  11
pass   2 (yz-):   0 found -   3 modified     |    TOTAL:  11
pass   1 (xz+):   3 found -   3 modified     |    TOTAL:  14
pass   2 (xz+):   0 found -   3 modified     |    TOTAL:  14
pass   1 (xz-):   0 found -   0 modified     |    TOTAL:  14
Iteration Number : 2
pass   1 (+++):   2 found -   2 modified     |    TOTAL:   2
pass   2 (+++):   0 found -   2 modified     |    TOTAL:   2
pass   1 (+++):   0 found -   0 modified     |    TOTAL:   2
pass   1 (+++):   0 found -   0 modified     |    TOTAL:   2
pass   1 (+++):   0 found -   0 modified     |    TOTAL:   2
Iteration Number : 2
pass   1 (++):   0 found -   0 modified     |    TOTAL:   0
pass   1 (+-):   1 found -   1 modified     |    TOTAL:   1
pass   2 (+-):   0 found -   1 modified     |    TOTAL:   1
pass   1 (--):   0 found -   0 modified     |    TOTAL:   1
pass   1 (-+):   1 found -   1 modified     |    TOTAL:   2
pass   2 (-+):   0 found -   1 modified     |    TOTAL:   2
Iteration Number : 3
pass   1 (xy+):   0 found -   0 modified     |    TOTAL:   0
pass   1 (xy-):   0 found -   0 modified     |    TOTAL:   0
pass   1 (yz+):   0 found -   0 modified     |    TOTAL:   0
pass   1 (yz-):   0 found -   0 modified     |    TOTAL:   0
pass   1 (xz+):   0 found -   0 modified     |    TOTAL:   0
pass   1 (xz-):   0 found -   0 modified     |    TOTAL:   0
Iteration Number : 3
pass   1 (+++):   0 found -   0 modified     |    TOTAL:   0
pass   1 (+++):   0 found -   0 modified     |    TOTAL:   0
pass   1 (+++):   0 found -   0 modified     |    TOTAL:   0
pass   1 (+++):   0 found -   0 modified     |    TOTAL:   0
Iteration Number : 3
pass   1 (++):   0 found -   0 modified     |    TOTAL:   0
pass   1 (+-):   0 found -   0 modified     |    TOTAL:   0
pass   1 (--):   0 found -   0 modified     |    TOTAL:   0
pass   1 (-+):   0 found -   0 modified     |    TOTAL:   0

Total Number of Modified Voxels = 270 (out of 457061: 0.059073)
binarizing input wm segmentation...
Ambiguous edge configurations... 

mri_pretess done

#--------------------------------------------
#@# Fill Thu Mar 12 13:25:28 CET 2026
/out/sourcedata/freesurfer/sub-v1s16x0051160_ses-1/mri

 mri_fill -a ../scripts/ponscc.cut.log -xform transforms/talairach.lta -segmentation aseg.presurf.mgz -ctab /opt/freesurfer/SubCorticalMassLUT.txt wm.mgz filled.mgz 

logging cutting plane coordinates to ../scripts/ponscc.cut.log...
INFO: Using transforms/talairach.lta and its offset for Talairach volume ...
using segmentation aseg.presurf.mgz...
reading input volume...done.
searching for cutting planes...voxel to talairach voxel transform
 1.03188   0.08404   0.12163  -35.07288;
-0.15901   1.24203   0.06809   9.21844;
-0.12424  -0.06354   1.14881  -10.22806;
 0.00000   0.00000   0.00000   1.00000;
voxel to talairach voxel transform
 1.03188   0.08404   0.12163  -35.07288;
-0.15901   1.24203   0.06809   9.21844;
-0.12424  -0.06354   1.14881  -10.22806;
 0.00000   0.00000   0.00000   1.00000;
reading segmented volume aseg.presurf.mgz
removing CC from segmentation
Looking for area (min, max) = (350, 1400)
area[0] = 1767 (min = 350, max = 1400), aspect = 0.69 (min = 0.10, max = 0.75)
need search nearby
using seed (124, 121, 94), TAL = (4.0, -34.0, 7.0)
talairach voxel to voxel transform
 0.94689  -0.06899  -0.09616   32.86272;
 0.11526   0.79430  -0.05928  -3.88603;
 0.10878   0.03647   0.85679   12.24214;
 0.00000   0.00000   0.00000   1.00000;
segmentation indicates cc at (124,  121,  94) --> (4.0, -34.0, 7.0)
done.
filling took 1.0 minutes
talairach cc position changed to (4.00, -34.00, 7.00)
Erasing brainstem...done.
seed_search_size = 9, min_neighbors = 5
search rh wm seed point around talairach space:(22.00, -34.00, 7.00) SRC: (115.85, 98.87, 108.72)
search lh wm seed point around talairach space (-14.00, -34.00, 7.00), SRC: (149.93, 103.02, 112.64)
compute mri_fill using aseg
Erasing Brain Stem and Cerebellum ...
Define left and right masks using aseg:
Building Voronoi diagram ...
Using the Voronoi diagram for separating WM into two hemispheres ...
Find the largest connected component for each hemisphere ...
Embedding colortable
mri_fill done, writing output to filled.mgz...
 cp filled.mgz filled.auto.mgz

Started at Thu Mar 12 11:57:43 CET 2026 
Ended   at Thu Mar 12 13:26:30 CET 2026
#@#%# recon-all-run-time-hours 1.480
recon-all -s sub-v1s16x0051160_ses-1 finished without error at Thu Mar 12 13:26:30 CET 2026



#New# invocation of recon-all 




Thu Mar 12 14:04:24 CET 2026
cd /out/sourcedata/freesurfer/sub-v1s16x0051160_ses-1
setenv SUBJECTS_DIR /out/sourcedata/freesurfer
/opt/freesurfer/bin/recon-all -parallel -subjid sub-v1s16x0051160_ses-1 -sd /out/sourcedata/freesurfer -cortribbon

subjid sub-v1s16x0051160_ses-1
setenv SUBJECTS_DIR /out/sourcedata/freesurfer
FREESURFER_HOME /opt/freesurfer
Actual FREESURFER_HOME /opt/freesurfer
build-stamp.txt: freesurfer-linux-ubuntu22_x86_64-7.3.2-20220804-6354275
Linux dna010 5.14.0-427.37.1.el9_4.x86_64 #1 SMP PREEMPT_DYNAMIC Fri Sep 13 12:41:50 EDT 2024 x86_64 x86_64 x86_64 GNU/Linux
cputime      unlimited
filesize     unlimited
datasize     unlimited
stacksize    8192 kbytes
coredumpsize 0 kbytes
memoryuse    67108864 kbytes
vmemoryuse   unlimited
descriptors  1024 
memorylocked unlimited
maxproc      2061970 
maxlocks     unlimited
maxsignal    2061970 
maxmessage   819200 
maxnice      0 
maxrtprio    0 
maxrttime    unlimited

               total        used        free      shared  buff/cache   available
Mem:           503Gi        48Gi       403Gi       9.4Gi        51Gi       442Gi
Swap:             0B          0B          0B

########################################
program versions used
7.3.2 (freesurfer-linux-ubuntu22_x86_64-7.3.2-20220804-6354275)
7.3.2

ProgramName: lta_convert  ProgramArguments: lta_convert -all-info  ProgramVersion: 7.3.2  TimeStamp: 2026/03/12-13:04:24-GMT  BuildTime: Aug  4 2022 06:17:15  BuildStamp: freesurfer-linux-ubuntu22_x86_64-7.3.2-20220804-6354275  User: oesteban  Machine: dna010  Platform: Linux  PlatformVersion: 5.14.0-427.37.1.el9_4.x86_64  CompilerName: GCC  CompilerVersion: 8.4.0
ProgramName: mri_and  ProgramArguments: mri_and -all-info  ProgramVersion: 7.3.2  TimeStamp: 2026/03/12-13:04:24-GMT  BuildTime: Aug  4 2022 06:17:15  BuildStamp: freesurfer-linux-ubuntu22_x86_64-7.3.2-20220804-6354275  User: oesteban  Machine: dna010  Platform: Linux  PlatformVersion: 5.14.0-427.37.1.el9_4.x86_64  CompilerName: GCC  CompilerVersion: 8.4.0
ProgramName: mri_annotation2label  ProgramArguments: mri_annotation2label -all-info  ProgramVersion: 7.3.2  TimeStamp: 2026/03/12-13:04:24-GMT  BuildTime: Aug  4 2022 06:17:15  BuildStamp: freesurfer-linux-ubuntu22_x86_64-7.3.2-20220804-6354275  User: oesteban  Machine: dna010  Platform: Linux  PlatformVersion: 5.14.0-427.37.1.el9_4.x86_64  CompilerName: GCC  CompilerVersion: 8.4.0
ProgramName: mri_aparc2aseg  ProgramArguments: mri_aparc2aseg -all-info  ProgramVersion: 7.3.2  TimeStamp: 2026/03/12-13:04:24-GMT  BuildTime: Aug  4 2022 06:17:15  BuildStamp: freesurfer-linux-ubuntu22_x86_64-7.3.2-20220804-6354275  User: oesteban  Machine: dna010  Platform: Linux  PlatformVersion: 5.14.0-427.37.1.el9_4.x86_64  CompilerName: GCC  CompilerVersion: 8.4.0
ProgramName: mri_surf2volseg  ProgramArguments: mri_surf2volseg -all-info  ProgramVersion: 7.3.2  TimeStamp: 2026/03/12-13:04:24-GMT  BuildTime: Aug  4 2022 06:17:15  BuildStamp: freesurfer-linux-ubuntu22_x86_64-7.3.2-20220804-6354275  User: oesteban  Machine: dna010  Platform: Linux  PlatformVersion: 5.14.0-427.37.1.el9_4.x86_64  CompilerName: GCC  CompilerVersion: 8.4.0
ProgramName: mri_binarize  ProgramArguments: mri_binarize -all-info  ProgramVersion: 7.3.2  TimeStamp: 2026/03/12-13:04:24-GMT  BuildTime: Aug  4 2022 06:17:15  BuildStamp: freesurfer-linux-ubuntu22_x86_64-7.3.2-20220804-6354275  User: oesteban  Machine: dna010  Platform: Linux  PlatformVersion: 5.14.0-427.37.1.el9_4.x86_64  CompilerName: GCC  CompilerVersion: 8.4.0
ProgramName: mri_ca_label  ProgramArguments: mri_ca_label -all-info  ProgramVersion: 7.3.2  TimeStamp: 2026/03/12-13:04:24-GMT  BuildTime: Aug  4 2022 06:17:15  BuildStamp: freesurfer-linux-ubuntu22_x86_64-7.3.2-20220804-6354275  User: oesteban  Machine: dna010  Platform: Linux  PlatformVersion: 5.14.0-427.37.1.el9_4.x86_64  CompilerName: GCC  CompilerVersion: 8.4.0
ProgramName: mri_ca_normalize  ProgramArguments: mri_ca_normalize -all-info  ProgramVersion: 7.3.2  TimeStamp: 2026/03/12-13:04:24-GMT  BuildTime: Aug  4 2022 06:17:15  BuildStamp: freesurfer-linux-ubuntu22_x86_64-7.3.2-20220804-6354275  User: oesteban  Machine: dna010  Platform: Linux  PlatformVersion: 5.14.0-427.37.1.el9_4.x86_64  CompilerName: GCC  CompilerVersion: 8.4.0
ProgramName: mri_ca_register  ProgramArguments: mri_ca_register -all-info  ProgramVersion: 7.3.2  TimeStamp: 2026/03/12-13:04:24-GMT  BuildTime: Aug  4 2022 06:17:15  BuildStamp: freesurfer-linux-ubuntu22_x86_64-7.3.2-20220804-6354275  User: oesteban  Machine: dna010  Platform: Linux  PlatformVersion: 5.14.0-427.37.1.el9_4.x86_64  CompilerName: GCC  CompilerVersion: 8.4.0
ProgramName: mri_cc  ProgramArguments: mri_cc -all-info  ProgramVersion: 7.3.2  TimeStamp: 2026/03/12-13:04:24-GMT  BuildTime: Aug  4 2022 06:17:15  BuildStamp: freesurfer-linux-ubuntu22_x86_64-7.3.2-20220804-6354275  User: oesteban  Machine: dna010  Platform: Linux  PlatformVersion: 5.14.0-427.37.1.el9_4.x86_64  CompilerName: GCC  CompilerVersion: 8.4.0
ProgramName: mri_compute_overlap  ProgramArguments: mri_compute_overlap -all-info  ProgramVersion: 7.3.2  TimeStamp: 2026/03/12-13:04:24-GMT  BuildTime: Aug  4 2022 06:17:15  BuildStamp: freesurfer-linux-ubuntu22_x86_64-7.3.2-20220804-6354275  User: oesteban  Machine: dna010  Platform: Linux  PlatformVersion: 5.14.0-427.37.1.el9_4.x86_64  CompilerName: GCC  CompilerVersion: 8.4.0
ProgramName: mri_compute_seg_overlap  ProgramArguments: mri_compute_seg_overlap -all-info  ProgramVersion: 7.3.2  TimeStamp: 2026/03/12-13:04:24-GMT  BuildTime: Aug  4 2022 06:17:15  BuildStamp: freesurfer-linux-ubuntu22_x86_64-7.3.2-20220804-6354275  User: oesteban  Machine: dna010  Platform: Linux  PlatformVersion: 5.14.0-427.37.1.el9_4.x86_64  CompilerName: GCC  CompilerVersion: 8.4.0
ProgramName: mri_concat  ProgramArguments: mri_concat -all-info  ProgramVersion: 7.3.2  TimeStamp: 2026/03/12-13:04:24-GMT  BuildTime: Aug  4 2022 06:17:15  BuildStamp: freesurfer-linux-ubuntu22_x86_64-7.3.2-20220804-6354275  User: oesteban  Machine: dna010  Platform: Linux  PlatformVersion: 5.14.0-427.37.1.el9_4.x86_64  CompilerName: GCC  CompilerVersion: 8.4.0
ProgramName: mri_concatenate_lta  ProgramArguments: mri_concatenate_lta -all-info  ProgramVersion: 7.3.2  TimeStamp: 2026/03/12-13:04:24-GMT  BuildTime: Aug  4 2022 06:17:15  BuildStamp: freesurfer-linux-ubuntu22_x86_64-7.3.2-20220804-6354275  User: oesteban  Machine: dna010  Platform: Linux  PlatformVersion: 5.14.0-427.37.1.el9_4.x86_64  CompilerName: GCC  CompilerVersion: 8.4.0
mri_convert -all-info 
ProgramName: mri_convert  ProgramArguments: mri_convert -all-info  ProgramVersion: 7.3.2  TimeStamp: 2026/03/12-13:04:24-GMT  BuildTime: Aug  4 2022 06:17:15  BuildStamp: freesurfer-linux-ubuntu22_x86_64-7.3.2-20220804-6354275  User: oesteban  Machine: dna010  Platform: Linux  PlatformVersion: 5.14.0-427.37.1.el9_4.x86_64  CompilerName: GCC  CompilerVersion: 8.4.0
ProgramName: mri_diff  ProgramArguments: mri_diff -all-info  ProgramVersion: 7.3.2  TimeStamp: 2026/03/12-13:04:24-GMT  BuildTime: Aug  4 2022 06:17:15  BuildStamp: freesurfer-linux-ubuntu22_x86_64-7.3.2-20220804-6354275  User: oesteban  Machine: dna010  Platform: Linux  PlatformVersion: 5.14.0-427.37.1.el9_4.x86_64  CompilerName: GCC  CompilerVersion: 8.4.0
ProgramName: mri_edit_wm_with_aseg  ProgramArguments: mri_edit_wm_with_aseg -all-info  ProgramVersion: 7.3.2  TimeStamp: 2026/03/12-13:04:24-GMT  BuildTime: Aug  4 2022 06:17:15  BuildStamp: freesurfer-linux-ubuntu22_x86_64-7.3.2-20220804-6354275  User: oesteban  Machine: dna010  Platform: Linux  PlatformVersion: 5.14.0-427.37.1.el9_4.x86_64  CompilerName: GCC  CompilerVersion: 8.4.0
ProgramName: mri_em_register  ProgramArguments: mri_em_register -all-info  ProgramVersion: 7.3.2  TimeStamp: 2026/03/12-13:04:24-GMT  BuildTime: Aug  4 2022 06:17:15  BuildStamp: freesurfer-linux-ubuntu22_x86_64-7.3.2-20220804-6354275  User: oesteban  Machine: dna010  Platform: Linux  PlatformVersion: 5.14.0-427.37.1.el9_4.x86_64  CompilerName: GCC  CompilerVersion: 8.4.0
ProgramName: mri_fill  ProgramArguments: mri_fill -all-info  ProgramVersion: 7.3.2  TimeStamp: 2026/03/12-13:04:24-GMT  BuildTime: Aug  4 2022 06:17:15  BuildStamp: freesurfer-linux-ubuntu22_x86_64-7.3.2-20220804-6354275  User: oesteban  Machine: dna010  Platform: Linux  PlatformVersion: 5.14.0-427.37.1.el9_4.x86_64  CompilerName: GCC  CompilerVersion: 8.4.0
ProgramName: mri_fuse_segmentations  ProgramArguments: mri_fuse_segmentations -all-info  ProgramVersion: 7.3.2  TimeStamp: 2026/03/12-13:04:24-GMT  BuildTime: Aug  4 2022 06:17:15  BuildStamp: freesurfer-linux-ubuntu22_x86_64-7.3.2-20220804-6354275  User: oesteban  Machine: dna010  Platform: Linux  PlatformVersion: 5.14.0-427.37.1.el9_4.x86_64  CompilerName: GCC  CompilerVersion: 8.4.0
ProgramName: mri_fwhm  ProgramArguments: mri_fwhm -all-info  ProgramVersion: 7.3.2  TimeStamp: 2026/03/12-13:04:24-GMT  BuildTime: Aug  4 2022 06:17:15  BuildStamp: freesurfer-linux-ubuntu22_x86_64-7.3.2-20220804-6354275  User: oesteban  Machine: dna010  Platform: Linux  PlatformVersion: 5.14.0-427.37.1.el9_4.x86_64  CompilerName: GCC  CompilerVersion: 8.4.0
ProgramName: mri_gcut  ProgramArguments: mri_gcut -all-info  ProgramVersion: 7.3.2  TimeStamp: 2026/03/12-13:04:24-GMT  BuildTime: Aug  4 2022 06:17:15  BuildStamp: freesurfer-linux-ubuntu22_x86_64-7.3.2-20220804-6354275  User: oesteban  Machine: dna010  Platform: Linux  PlatformVersion: 5.14.0-427.37.1.el9_4.x86_64  CompilerName: GCC  CompilerVersion: 8.4.0
ProgramName: mri_info  ProgramArguments: mri_info -all-info  ProgramVersion: 7.3.2  TimeStamp: 2026/03/12-13:04:24-GMT  BuildTime: Aug  4 2022 06:17:15  BuildStamp: freesurfer-linux-ubuntu22_x86_64-7.3.2-20220804-6354275  User: oesteban  Machine: dna010  Platform: Linux  PlatformVersion: 5.14.0-427.37.1.el9_4.x86_64  CompilerName: GCC  CompilerVersion: 8.4.0
ProgramName: mri_label2label  ProgramArguments: mri_label2label -all-info  ProgramVersion: 7.3.2  TimeStamp: 2026/03/12-13:04:24-GMT  BuildTime: Aug  4 2022 06:17:15  BuildStamp: freesurfer-linux-ubuntu22_x86_64-7.3.2-20220804-6354275  User: oesteban  Machine: dna010  Platform: Linux  PlatformVersion: 5.14.0-427.37.1.el9_4.x86_64  CompilerName: GCC  CompilerVersion: 8.4.0
ProgramName: mri_label2vol  ProgramArguments: mri_label2vol -all-info  ProgramVersion: 7.3.2  TimeStamp: 2026/03/12-13:04:24-GMT  BuildTime: Aug  4 2022 06:17:15  BuildStamp: freesurfer-linux-ubuntu22_x86_64-7.3.2-20220804-6354275  User: oesteban  Machine: dna010  Platform: Linux  PlatformVersion: 5.14.0-427.37.1.el9_4.x86_64  CompilerName: GCC  CompilerVersion: 8.4.0
ProgramName: mri_log_likelihood  ProgramArguments: mri_log_likelihood -all-info  ProgramVersion: 7.3.2  TimeStamp: 2026/03/12-13:04:24-GMT  BuildTime: Aug  4 2022 06:17:15  BuildStamp: freesurfer-linux-ubuntu22_x86_64-7.3.2-20220804-6354275  User: oesteban  Machine: dna010  Platform: Linux  PlatformVersion: 5.14.0-427.37.1.el9_4.x86_64  CompilerName: GCC  CompilerVersion: 8.4.0
ProgramName: mri_mask  ProgramArguments: mri_mask -all-info  ProgramVersion: 7.3.2  TimeStamp: 2026/03/12-13:04:24-GMT  BuildTime: Aug  4 2022 06:17:15  BuildStamp: freesurfer-linux-ubuntu22_x86_64-7.3.2-20220804-6354275  User: oesteban  Machine: dna010  Platform: Linux  PlatformVersion: 5.14.0-427.37.1.el9_4.x86_64  CompilerName: GCC  CompilerVersion: 8.4.0
ProgramName: mri_matrix_multiply  ProgramArguments: mri_matrix_multiply -all-info  ProgramVersion: 7.3.2  TimeStamp: 2026/03/12-13:04:24-GMT  BuildTime: Aug  4 2022 06:17:15  BuildStamp: freesurfer-linux-ubuntu22_x86_64-7.3.2-20220804-6354275  User: oesteban  Machine: dna010  Platform: Linux  PlatformVersion: 5.14.0-427.37.1.el9_4.x86_64  CompilerName: GCC  CompilerVersion: 8.4.0
ProgramName: mri_normalize  ProgramArguments: mri_normalize -all-info  ProgramVersion: 7.3.2  TimeStamp: 2026/03/12-13:04:24-GMT  BuildTime: Aug  4 2022 06:17:15  BuildStamp: freesurfer-linux-ubuntu22_x86_64-7.3.2-20220804-6354275  User: oesteban  Machine: dna010  Platform: Linux  PlatformVersion: 5.14.0-427.37.1.el9_4.x86_64  CompilerName: GCC  CompilerVersion: 8.4.0
ProgramName: mri_normalize_tp2  ProgramArguments: mri_normalize_tp2 -all-info  ProgramVersion: 7.3.2  TimeStamp: 2026/03/12-13:04:24-GMT  BuildTime: Aug  4 2022 06:17:15  BuildStamp: freesurfer-linux-ubuntu22_x86_64-7.3.2-20220804-6354275  User: oesteban  Machine: dna010  Platform: Linux  PlatformVersion: 5.14.0-427.37.1.el9_4.x86_64  CompilerName: GCC  CompilerVersion: 8.4.0
ProgramName: mri_or  ProgramArguments: mri_or -all-info  ProgramVersion: 7.3.2  TimeStamp: 2026/03/12-13:04:24-GMT  BuildTime: Aug  4 2022 06:17:15  BuildStamp: freesurfer-linux-ubuntu22_x86_64-7.3.2-20220804-6354275  User: oesteban  Machine: dna010  Platform: Linux  PlatformVersion: 5.14.0-427.37.1.el9_4.x86_64  CompilerName: GCC  CompilerVersion: 8.4.0
ProgramName: mri_relabel_hypointensities  ProgramArguments: mri_relabel_hypointensities -all-info  ProgramVersion: 7.3.2  TimeStamp: 2026/03/12-13:04:24-GMT  BuildTime: Aug  4 2022 06:17:15  BuildStamp: freesurfer-linux-ubuntu22_x86_64-7.3.2-20220804-6354275  User: oesteban  Machine: dna010  Platform: Linux  PlatformVersion: 5.14.0-427.37.1.el9_4.x86_64  CompilerName: GCC  CompilerVersion: 8.4.0
ProgramName: mri_relabel_nonwm_hypos  ProgramArguments: mri_relabel_nonwm_hypos -all-info  ProgramVersion: 7.3.2  TimeStamp: 2026/03/12-13:04:24-GMT  BuildTime: Aug  4 2022 06:17:15  BuildStamp: freesurfer-linux-ubuntu22_x86_64-7.3.2-20220804-6354275  User: oesteban  Machine: dna010  Platform: Linux  PlatformVersion: 5.14.0-427.37.1.el9_4.x86_64  CompilerName: GCC  CompilerVersion: 8.4.0
ProgramName: mri_remove_neck  ProgramArguments: mri_remove_neck -all-info  ProgramVersion: 7.3.2  TimeStamp: 2026/03/12-13:04:24-GMT  BuildTime: Aug  4 2022 06:17:15  BuildStamp: freesurfer-linux-ubuntu22_x86_64-7.3.2-20220804-6354275  User: oesteban  Machine: dna010  Platform: Linux  PlatformVersion: 5.14.0-427.37.1.el9_4.x86_64  CompilerName: GCC  CompilerVersion: 8.4.0
7.3.2

ProgramName: mri_robust_register  ProgramArguments: mri_robust_register -all-info  ProgramVersion: 7.3.2  TimeStamp: 2026/03/12-13:04:24-GMT  BuildTime: Aug  4 2022 06:17:15  BuildStamp: freesurfer-linux-ubuntu22_x86_64-7.3.2-20220804-6354275  User: oesteban  Machine: dna010  Platform: Linux  PlatformVersion: 5.14.0-427.37.1.el9_4.x86_64  CompilerName: GCC  CompilerVersion: 8.4.0
7.3.2

ProgramName: mri_robust_template  ProgramArguments: mri_robust_template -all-info  ProgramVersion: 7.3.2  TimeStamp: 2026/03/12-13:04:24-GMT  BuildTime: Aug  4 2022 06:17:15  BuildStamp: freesurfer-linux-ubuntu22_x86_64-7.3.2-20220804-6354275  User: oesteban  Machine: dna010  Platform: Linux  PlatformVersion: 5.14.0-427.37.1.el9_4.x86_64  CompilerName: GCC  CompilerVersion: 8.4.0
ProgramName: mris_anatomical_stats  ProgramArguments: mris_anatomical_stats -all-info  ProgramVersion: 7.3.2  TimeStamp: 2026/03/12-13:04:24-GMT  BuildTime: Aug  4 2022 06:17:15  BuildStamp: freesurfer-linux-ubuntu22_x86_64-7.3.2-20220804-6354275  User: oesteban  Machine: dna010  Platform: Linux  PlatformVersion: 5.14.0-427.37.1.el9_4.x86_64  CompilerName: GCC  CompilerVersion: 8.4.0
ProgramName: mris_ca_label  ProgramArguments: mris_ca_label -all-info  ProgramVersion: 7.3.2  TimeStamp: 2026/03/12-13:04:24-GMT  BuildTime: Aug  4 2022 06:17:15  BuildStamp: freesurfer-linux-ubuntu22_x86_64-7.3.2-20220804-6354275  User: oesteban  Machine: dna010  Platform: Linux  PlatformVersion: 5.14.0-427.37.1.el9_4.x86_64  CompilerName: GCC  CompilerVersion: 8.4.0
ProgramName: mris_calc  ProgramArguments: mris_calc -all-info  ProgramVersion: 7.3.2  TimeStamp: 2026/03/12-13:04:24-GMT  BuildTime: Aug  4 2022 06:17:15  BuildStamp: freesurfer-linux-ubuntu22_x86_64-7.3.2-20220804-6354275  User: oesteban  Machine: dna010  Platform: Linux  PlatformVersion: 5.14.0-427.37.1.el9_4.x86_64  CompilerName: GCC  CompilerVersion: 8.4.0
ProgramName: mris_convert  ProgramArguments: mris_convert -all-info  ProgramVersion: 7.3.2  TimeStamp: 2026/03/12-13:04:24-GMT  BuildTime: Aug  4 2022 06:17:15  BuildStamp: freesurfer-linux-ubuntu22_x86_64-7.3.2-20220804-6354275  User: oesteban  Machine: dna010  Platform: Linux  PlatformVersion: 5.14.0-427.37.1.el9_4.x86_64  CompilerName: GCC  CompilerVersion: 8.4.0
ProgramName: mris_curvature  ProgramArguments: mris_curvature -all-info  ProgramVersion: 7.3.2  TimeStamp: 2026/03/12-13:04:24-GMT  BuildTime: Aug  4 2022 06:17:15  BuildStamp: freesurfer-linux-ubuntu22_x86_64-7.3.2-20220804-6354275  User: oesteban  Machine: dna010  Platform: Linux  PlatformVersion: 5.14.0-427.37.1.el9_4.x86_64  CompilerName: GCC  CompilerVersion: 8.4.0
ProgramName: mris_curvature_stats  ProgramArguments: mris_curvature_stats -all-info  ProgramVersion: 7.3.2  TimeStamp: 2026/03/12-13:04:24-GMT  BuildTime: Aug  4 2022 06:17:15  BuildStamp: freesurfer-linux-ubuntu22_x86_64-7.3.2-20220804-6354275  User: oesteban  Machine: dna010  Platform: Linux  PlatformVersion: 5.14.0-427.37.1.el9_4.x86_64  CompilerName: GCC  CompilerVersion: 8.4.0
ProgramName: mris_diff  ProgramArguments: mris_diff -all-info  ProgramVersion: 7.3.2  TimeStamp: 2026/03/12-13:04:24-GMT  BuildTime: Aug  4 2022 06:17:15  BuildStamp: freesurfer-linux-ubuntu22_x86_64-7.3.2-20220804-6354275  User: oesteban  Machine: dna010  Platform: Linux  PlatformVersion: 5.14.0-427.37.1.el9_4.x86_64  CompilerName: GCC  CompilerVersion: 8.4.0
ProgramName: mris_divide_parcellation  ProgramArguments: mris_divide_parcellation -all-info  ProgramVersion: 7.3.2  TimeStamp: 2026/03/12-13:04:24-GMT  BuildTime: Aug  4 2022 06:17:15  BuildStamp: freesurfer-linux-ubuntu22_x86_64-7.3.2-20220804-6354275  User: oesteban  Machine: dna010  Platform: Linux  PlatformVersion: 5.14.0-427.37.1.el9_4.x86_64  CompilerName: GCC  CompilerVersion: 8.4.0
ProgramName: mri_segment  ProgramArguments: mri_segment -all-info  ProgramVersion: 7.3.2  TimeStamp: 2026/03/12-13:04:24-GMT  BuildTime: Aug  4 2022 06:17:15  BuildStamp: freesurfer-linux-ubuntu22_x86_64-7.3.2-20220804-6354275  User: oesteban  Machine: dna010  Platform: Linux  PlatformVersion: 5.14.0-427.37.1.el9_4.x86_64  CompilerName: GCC  CompilerVersion: 8.4.0
ProgramName: mri_segstats  ProgramArguments: mri_segstats -all-info  ProgramVersion: 7.3.2  TimeStamp: 2026/03/12-13:04:24-GMT  BuildTime: Aug  4 2022 06:17:15  BuildStamp: freesurfer-linux-ubuntu22_x86_64-7.3.2-20220804-6354275  User: oesteban  Machine: dna010  Platform: Linux  PlatformVersion: 5.14.0-427.37.1.el9_4.x86_64  CompilerName: GCC  CompilerVersion: 8.4.0
ProgramName: mris_euler_number  ProgramArguments: mris_euler_number -all-info  ProgramVersion: 7.3.2  TimeStamp: 2026/03/12-13:04:24-GMT  BuildTime: Aug  4 2022 06:17:15  BuildStamp: freesurfer-linux-ubuntu22_x86_64-7.3.2-20220804-6354275  User: oesteban  Machine: dna010  Platform: Linux  PlatformVersion: 5.14.0-427.37.1.el9_4.x86_64  CompilerName: GCC  CompilerVersion: 8.4.0
ProgramName: mris_fix_topology  ProgramArguments: mris_fix_topology -all-info  ProgramVersion: 7.3.2  TimeStamp: 2026/03/12-13:04:24-GMT  BuildTime: Aug  4 2022 06:17:15  BuildStamp: freesurfer-linux-ubuntu22_x86_64-7.3.2-20220804-6354275  User: oesteban  Machine: dna010  Platform: Linux  PlatformVersion: 5.14.0-427.37.1.el9_4.x86_64  CompilerName: GCC  CompilerVersion: 8.4.0
ProgramName: mris_topo_fixer  ProgramArguments: mris_topo_fixer -all-info  ProgramVersion: 7.3.2  TimeStamp: 2026/03/12-13:04:24-GMT  BuildTime: Aug  4 2022 06:17:15  BuildStamp: freesurfer-linux-ubuntu22_x86_64-7.3.2-20220804-6354275  User: oesteban  Machine: dna010  Platform: Linux  PlatformVersion: 5.14.0-427.37.1.el9_4.x86_64  CompilerName: GCC  CompilerVersion: 8.4.0
ProgramName: mris_jacobian  ProgramArguments: mris_jacobian -all-info  ProgramVersion: 7.3.2  TimeStamp: 2026/03/12-13:04:24-GMT  BuildTime: Aug  4 2022 06:17:15  BuildStamp: freesurfer-linux-ubuntu22_x86_64-7.3.2-20220804-6354275  User: oesteban  Machine: dna010  Platform: Linux  PlatformVersion: 5.14.0-427.37.1.el9_4.x86_64  CompilerName: GCC  CompilerVersion: 8.4.0
ProgramName: mris_label2annot  ProgramArguments: mris_label2annot -all-info  ProgramVersion: 7.3.2  TimeStamp: 2026/03/12-13:04:24-GMT  BuildTime: Aug  4 2022 06:17:15  BuildStamp: freesurfer-linux-ubuntu22_x86_64-7.3.2-20220804-6354275  User: oesteban  Machine: dna010  Platform: Linux  PlatformVersion: 5.14.0-427.37.1.el9_4.x86_64  CompilerName: GCC  CompilerVersion: 8.4.0
ProgramName: mris_left_right_register  ProgramArguments: mris_left_right_register -all-info  ProgramVersion: 7.3.2  TimeStamp: 2026/03/12-13:04:24-GMT  BuildTime: Aug  4 2022 06:17:15  BuildStamp: freesurfer-linux-ubuntu22_x86_64-7.3.2-20220804-6354275  User: oesteban  Machine: dna010  Platform: Linux  PlatformVersion: 5.14.0-427.37.1.el9_4.x86_64  CompilerName: GCC  CompilerVersion: 8.4.0
ProgramName: mris_place_surface  ProgramArguments: mris_place_surface -all-info  ProgramVersion: 7.3.2  TimeStamp: 2026/03/12-13:04:24-GMT  BuildTime: Aug  4 2022 06:17:15  BuildStamp: freesurfer-linux-ubuntu22_x86_64-7.3.2-20220804-6354275  User: oesteban  Machine: dna010  Platform: Linux  PlatformVersion: 5.14.0-427.37.1.el9_4.x86_64  CompilerName: GCC  CompilerVersion: 8.4.0
ProgramName: mrisp_paint  ProgramArguments: mrisp_paint -all-info  ProgramVersion: 7.3.2  TimeStamp: 2026/03/12-13:04:24-GMT  BuildTime: Aug  4 2022 06:17:15  BuildStamp: freesurfer-linux-ubuntu22_x86_64-7.3.2-20220804-6354275  User: oesteban  Machine: dna010  Platform: Linux  PlatformVersion: 5.14.0-427.37.1.el9_4.x86_64  CompilerName: GCC  CompilerVersion: 8.4.0
ProgramName: mris_register  ProgramArguments: mris_register -all-info  ProgramVersion: 7.3.2  TimeStamp: 2026/03/12-13:04:24-GMT  BuildTime: Aug  4 2022 06:17:15  BuildStamp: freesurfer-linux-ubuntu22_x86_64-7.3.2-20220804-6354275  User: oesteban  Machine: dna010  Platform: Linux  PlatformVersion: 5.14.0-427.37.1.el9_4.x86_64  CompilerName: GCC  CompilerVersion: 8.4.0
ProgramName: mris_smooth  ProgramArguments: mris_smooth -all-info  ProgramVersion: 7.3.2  TimeStamp: 2026/03/12-13:04:24-GMT  BuildTime: Aug  4 2022 06:17:15  BuildStamp: freesurfer-linux-ubuntu22_x86_64-7.3.2-20220804-6354275  User: oesteban  Machine: dna010  Platform: Linux  PlatformVersion: 5.14.0-427.37.1.el9_4.x86_64  CompilerName: GCC  CompilerVersion: 8.4.0
ProgramName: mris_sphere  ProgramArguments: mris_sphere -all-info  ProgramVersion: 7.3.2  TimeStamp: 2026/03/12-13:04:24-GMT  BuildTime: Aug  4 2022 06:17:15  BuildStamp: freesurfer-linux-ubuntu22_x86_64-7.3.2-20220804-6354275  User: oesteban  Machine: dna010  Platform: Linux  PlatformVersion: 5.14.0-427.37.1.el9_4.x86_64  CompilerName: GCC  CompilerVersion: 8.4.0
ProgramName: mris_surface_stats  ProgramArguments: mris_surface_stats -all-info  ProgramVersion: 7.3.2  TimeStamp: 2026/03/12-13:04:24-GMT  BuildTime: Aug  4 2022 06:17:15  BuildStamp: freesurfer-linux-ubuntu22_x86_64-7.3.2-20220804-6354275  User: oesteban  Machine: dna010  Platform: Linux  PlatformVersion: 5.14.0-427.37.1.el9_4.x86_64  CompilerName: GCC  CompilerVersion: 8.4.0
ProgramName: mri_stats2seg  ProgramArguments: mri_stats2seg -all-info  ProgramVersion: 7.3.2  TimeStamp: 2026/03/12-13:04:24-GMT  BuildTime: Aug  4 2022 06:17:15  BuildStamp: freesurfer-linux-ubuntu22_x86_64-7.3.2-20220804-6354275  User: oesteban  Machine: dna010  Platform: Linux  PlatformVersion: 5.14.0-427.37.1.el9_4.x86_64  CompilerName: GCC  CompilerVersion: 8.4.0
ProgramName: mris_thickness  ProgramArguments: mris_thickness -all-info  ProgramVersion: 7.3.2  TimeStamp: 2026/03/12-13:04:24-GMT  BuildTime: Aug  4 2022 06:17:15  BuildStamp: freesurfer-linux-ubuntu22_x86_64-7.3.2-20220804-6354275  User: oesteban  Machine: dna010  Platform: Linux  PlatformVersion: 5.14.0-427.37.1.el9_4.x86_64  CompilerName: GCC  CompilerVersion: 8.4.0
ProgramName: mris_thickness_diff  ProgramArguments: mris_thickness_diff -all-info  ProgramVersion: 7.3.2  TimeStamp: 2026/03/12-13:04:24-GMT  BuildTime: Aug  4 2022 06:17:15  BuildStamp: freesurfer-linux-ubuntu22_x86_64-7.3.2-20220804-6354275  User: oesteban  Machine: dna010  Platform: Linux  PlatformVersion: 5.14.0-427.37.1.el9_4.x86_64  CompilerName: GCC  CompilerVersion: 8.4.0
ProgramName: mris_topo_fixer  ProgramArguments: mris_topo_fixer -all-info  ProgramVersion: 7.3.2  TimeStamp: 2026/03/12-13:04:24-GMT  BuildTime: Aug  4 2022 06:17:15  BuildStamp: freesurfer-linux-ubuntu22_x86_64-7.3.2-20220804-6354275  User: oesteban  Machine: dna010  Platform: Linux  PlatformVersion: 5.14.0-427.37.1.el9_4.x86_64  CompilerName: GCC  CompilerVersion: 8.4.0
ProgramName: mri_surf2surf  ProgramArguments: mri_surf2surf -all-info  ProgramVersion: 7.3.2  TimeStamp: 2026/03/12-13:04:24-GMT  BuildTime: Aug  4 2022 06:17:15  BuildStamp: freesurfer-linux-ubuntu22_x86_64-7.3.2-20220804-6354275  User: oesteban  Machine: dna010  Platform: Linux  PlatformVersion: 5.14.0-427.37.1.el9_4.x86_64  CompilerName: GCC  CompilerVersion: 8.4.0
ProgramName: mri_surf2vol  ProgramArguments: mri_surf2vol -all-info  ProgramVersion: 7.3.2  TimeStamp: 2026/03/12-13:04:24-GMT  BuildTime: Aug  4 2022 06:17:15  BuildStamp: freesurfer-linux-ubuntu22_x86_64-7.3.2-20220804-6354275  User: oesteban  Machine: dna010  Platform: Linux  PlatformVersion: 5.14.0-427.37.1.el9_4.x86_64  CompilerName: GCC  CompilerVersion: 8.4.0
ProgramName: mri_surfcluster  ProgramArguments: mri_surfcluster -all-info  ProgramVersion: 7.3.2  TimeStamp: 2026/03/12-13:04:24-GMT  BuildTime: Aug  4 2022 06:17:15  BuildStamp: freesurfer-linux-ubuntu22_x86_64-7.3.2-20220804-6354275  User: oesteban  Machine: dna010  Platform: Linux  PlatformVersion: 5.14.0-427.37.1.el9_4.x86_64  CompilerName: GCC  CompilerVersion: 8.4.0
ProgramName: mris_volmask  ProgramArguments: mris_volmask -all-info  ProgramVersion: 7.3.2  TimeStamp: 2026/03/12-13:04:24-GMT  BuildTime: Aug  4 2022 06:17:15  BuildStamp: freesurfer-linux-ubuntu22_x86_64-7.3.2-20220804-6354275  User: oesteban  Machine: dna010  Platform: Linux  PlatformVersion: 5.14.0-427.37.1.el9_4.x86_64  CompilerName: GCC  CompilerVersion: 8.4.0
ProgramName: mri_tessellate  ProgramArguments: mri_tessellate -all-info  ProgramVersion: 7.3.2  TimeStamp: 2026/03/12-13:04:24-GMT  BuildTime: Aug  4 2022 06:17:15  BuildStamp: freesurfer-linux-ubuntu22_x86_64-7.3.2-20220804-6354275  User: oesteban  Machine: dna010  Platform: Linux  PlatformVersion: 5.14.0-427.37.1.el9_4.x86_64  CompilerName: GCC  CompilerVersion: 8.4.0
ProgramName: mri_vol2surf  ProgramArguments: mri_vol2surf -all-info  ProgramVersion: 7.3.2  TimeStamp: 2026/03/12-13:04:24-GMT  BuildTime: Aug  4 2022 06:17:15  BuildStamp: freesurfer-linux-ubuntu22_x86_64-7.3.2-20220804-6354275  User: oesteban  Machine: dna010  Platform: Linux  PlatformVersion: 5.14.0-427.37.1.el9_4.x86_64  CompilerName: GCC  CompilerVersion: 8.4.0
ProgramName: mri_vol2vol  ProgramArguments: mri_vol2vol -all-info  ProgramVersion: 7.3.2  TimeStamp: 2026/03/12-13:04:24-GMT  BuildTime: Aug  4 2022 06:17:15  BuildStamp: freesurfer-linux-ubuntu22_x86_64-7.3.2-20220804-6354275  User: oesteban  Machine: dna010  Platform: Linux  PlatformVersion: 5.14.0-427.37.1.el9_4.x86_64  CompilerName: GCC  CompilerVersion: 8.4.0
ProgramName: mri_voldiff  ProgramArguments: mri_voldiff -all-info  ProgramVersion: 7.3.2  TimeStamp: 2026/03/12-13:04:24-GMT  BuildTime: Aug  4 2022 06:17:15  BuildStamp: freesurfer-linux-ubuntu22_x86_64-7.3.2-20220804-6354275  User: oesteban  Machine: dna010  Platform: Linux  PlatformVersion: 5.14.0-427.37.1.el9_4.x86_64  CompilerName: GCC  CompilerVersion: 8.4.0
ProgramName: mri_watershed  ProgramArguments: mri_watershed -all-info  ProgramVersion: 7.3.2  TimeStamp: 2026/03/12-13:04:24-GMT  BuildTime: Aug  4 2022 06:17:15  BuildStamp: freesurfer-linux-ubuntu22_x86_64-7.3.2-20220804-6354275  User: oesteban  Machine: dna010  Platform: Linux  PlatformVersion: 5.14.0-427.37.1.el9_4.x86_64  CompilerName: GCC  CompilerVersion: 8.4.0
ProgramName: tkregister2  ProgramArguments: tkregister2_cmdl -all-info  ProgramVersion: 7.3.2  TimeStamp: 2026/03/12-13:04:24-GMT  BuildTime: Aug  4 2022 06:17:15  BuildStamp: freesurfer-linux-ubuntu22_x86_64-7.3.2-20220804-6354275  User: oesteban  Machine: dna010  Platform: Linux  PlatformVersion: 5.14.0-427.37.1.el9_4.x86_64  CompilerName: GCC  CompilerVersion: 8.4.0
mri_motion_correct.fsl 7.3.2
mri_convert -all-info 
ProgramName: mri_convert  ProgramArguments: mri_convert -all-info  ProgramVersion: 7.3.2  TimeStamp: 2026/03/12-13:04:24-GMT  BuildTime: Aug  4 2022 06:17:15  BuildStamp: freesurfer-linux-ubuntu22_x86_64-7.3.2-20220804-6354275  User: oesteban  Machine: dna010  Platform: Linux  PlatformVersion: 5.14.0-427.37.1.el9_4.x86_64  CompilerName: GCC  CompilerVersion: 8.4.0
Program nu_correct, built from:
Package MNI N3, version 1.12.0, compiled by nicks@terrier (x86_64-unknown-linux-gnu) on 2015-06-19 at 01:25:34
#######################################
GCADIR /opt/freesurfer/average
GCA RB_all_2020-01-02.gca
GCASkull RB_all_withskull_2020_01_02.gca
AvgCurvTif folding.atlas.acfb40.noaparc.i12.2016-08-02.tif
GCSDIR /opt/freesurfer/average
GCS DKaparc.atlas.acfb40.noaparc.i12.2016-08-02.gcs
#######################################
#@# white curv lh Thu Mar 12 14:04:24 CET 2026
cd /out/sourcedata/freesurfer/sub-v1s16x0051160_ses-1/mri
mris_place_surface --curv-map ../surf/lh.white 2 10 ../surf/lh.curv
   Update not needed
#@# white area lh Thu Mar 12 14:04:24 CET 2026
cd /out/sourcedata/freesurfer/sub-v1s16x0051160_ses-1/mri
mris_place_surface --area-map ../surf/lh.white ../surf/lh.area
   Update not needed
#@# pial curv lh Thu Mar 12 14:04:24 CET 2026
cd /out/sourcedata/freesurfer/sub-v1s16x0051160_ses-1/mri
mris_place_surface --curv-map ../surf/lh.pial 2 10 ../surf/lh.curv.pial
   Update not needed
#@# pial area lh Thu Mar 12 14:04:24 CET 2026
cd /out/sourcedata/freesurfer/sub-v1s16x0051160_ses-1/mri
mris_place_surface --area-map ../surf/lh.pial ../surf/lh.area.pial
   Update not needed
#@# thickness lh Thu Mar 12 14:04:24 CET 2026
cd /out/sourcedata/freesurfer/sub-v1s16x0051160_ses-1/mri
mris_place_surface --thickness ../surf/lh.white ../surf/lh.pial 20 5 ../surf/lh.thickness
   Update not needed
#@# area and vertex vol lh Thu Mar 12 14:04:24 CET 2026
cd /out/sourcedata/freesurfer/sub-v1s16x0051160_ses-1/mri
mris_place_surface --thickness ../surf/lh.white ../surf/lh.pial 20 5 ../surf/lh.thickness
   Update not needed
#@# white curv rh Thu Mar 12 14:04:24 CET 2026
cd /out/sourcedata/freesurfer/sub-v1s16x0051160_ses-1/mri
mris_place_surface --curv-map ../surf/rh.white 2 10 ../surf/rh.curv
   Update not needed
#@# white area rh Thu Mar 12 14:04:24 CET 2026
cd /out/sourcedata/freesurfer/sub-v1s16x0051160_ses-1/mri
mris_place_surface --area-map ../surf/rh.white ../surf/rh.area
   Update not needed
#@# pial curv rh Thu Mar 12 14:04:24 CET 2026
cd /out/sourcedata/freesurfer/sub-v1s16x0051160_ses-1/mri
mris_place_surface --curv-map ../surf/rh.pial 2 10 ../surf/rh.curv.pial
   Update not needed
#@# pial area rh Thu Mar 12 14:04:24 CET 2026
cd /out/sourcedata/freesurfer/sub-v1s16x0051160_ses-1/mri
mris_place_surface --area-map ../surf/rh.pial ../surf/rh.area.pial
   Update not needed
#@# thickness rh Thu Mar 12 14:04:24 CET 2026
cd /out/sourcedata/freesurfer/sub-v1s16x0051160_ses-1/mri
mris_place_surface --thickness ../surf/rh.white ../surf/rh.pial 20 5 ../surf/rh.thickness
   Update not needed
#@# area and vertex vol rh Thu Mar 12 14:04:24 CET 2026
cd /out/sourcedata/freesurfer/sub-v1s16x0051160_ses-1/mri
mris_place_surface --thickness ../surf/rh.white ../surf/rh.pial 20 5 ../surf/rh.thickness
   Update not needed
#--------------------------------------------
#@# Cortical ribbon mask Thu Mar 12 14:04:24 CET 2026
/out/sourcedata/freesurfer/sub-v1s16x0051160_ses-1/mri

 mris_volmask --aseg_name aseg.presurf --label_left_white 2 --label_left_ribbon 3 --label_right_white 41 --label_right_ribbon 42 --save_ribbon sub-v1s16x0051160_ses-1 

SUBJECTS_DIR is /out/sourcedata/freesurfer
loading input data...
Running hemis serially
Processing left hemi
computing distance to left white surface 
computing distance to left pial surface 
Processing right hemi
computing distance to right white surface 
computing distance to right pial surface 
 hemi masks overlap voxels = 78
writing volume /out/sourcedata/freesurfer/sub-v1s16x0051160_ses-1/mri/ribbon.mgz
mris_volmask took 2.26 minutes
 writing ribbon files

Started at Thu Mar 12 14:04:24 CET 2026 
Ended   at Thu Mar 12 14:06:40 CET 2026
#@#%# recon-all-run-time-hours 0.038
recon-all -s sub-v1s16x0051160_ses-1 finished without error at Thu Mar 12 14:06:40 CET 2026



#New# invocation of recon-all 




Thu Mar 12 14:11:52 CET 2026
cd /out/sourcedata/freesurfer/sub-v1s16x0051160_ses-1
setenv SUBJECTS_DIR /out/sourcedata/freesurfer
/opt/freesurfer/bin/recon-all -autorecon3 -openmp 16 -subjid sub-v1s16x0051160_ses-1 -sd /out/sourcedata/freesurfer -nosphere -nosurfreg -nojacobian_white -noavgcurv -nocortparc -nopial -noparcstats -nocortparc2 -noparcstats2 -nocortparc3 -noparcstats3 -nopctsurfcon -nocortribbon -nobalabels

subjid sub-v1s16x0051160_ses-1
setenv SUBJECTS_DIR /out/sourcedata/freesurfer
FREESURFER_HOME /opt/freesurfer
Actual FREESURFER_HOME /opt/freesurfer
build-stamp.txt: freesurfer-linux-ubuntu22_x86_64-7.3.2-20220804-6354275
Linux dna010 5.14.0-427.37.1.el9_4.x86_64 #1 SMP PREEMPT_DYNAMIC Fri Sep 13 12:41:50 EDT 2024 x86_64 x86_64 x86_64 GNU/Linux
cputime      unlimited
filesize     unlimited
datasize     unlimited
stacksize    8192 kbytes
coredumpsize 0 kbytes
memoryuse    67108864 kbytes
vmemoryuse   unlimited
descriptors  1024 
memorylocked unlimited
maxproc      2061970 
maxlocks     unlimited
maxsignal    2061970 
maxmessage   819200 
maxnice      0 
maxrtprio    0 
maxrttime    unlimited

               total        used        free      shared  buff/cache   available
Mem:           503Gi        47Gi       404Gi       9.4Gi        52Gi       443Gi
Swap:             0B          0B          0B

########################################
program versions used
7.3.2 (freesurfer-linux-ubuntu22_x86_64-7.3.2-20220804-6354275)
7.3.2

ProgramName: lta_convert  ProgramArguments: lta_convert -all-info  ProgramVersion: 7.3.2  TimeStamp: 2026/03/12-13:11:52-GMT  BuildTime: Aug  4 2022 06:17:15  BuildStamp: freesurfer-linux-ubuntu22_x86_64-7.3.2-20220804-6354275  User: oesteban  Machine: dna010  Platform: Linux  PlatformVersion: 5.14.0-427.37.1.el9_4.x86_64  CompilerName: GCC  CompilerVersion: 8.4.0
ProgramName: mri_and  ProgramArguments: mri_and -all-info  ProgramVersion: 7.3.2  TimeStamp: 2026/03/12-13:11:52-GMT  BuildTime: Aug  4 2022 06:17:15  BuildStamp: freesurfer-linux-ubuntu22_x86_64-7.3.2-20220804-6354275  User: oesteban  Machine: dna010  Platform: Linux  PlatformVersion: 5.14.0-427.37.1.el9_4.x86_64  CompilerName: GCC  CompilerVersion: 8.4.0
ProgramName: mri_annotation2label  ProgramArguments: mri_annotation2label -all-info  ProgramVersion: 7.3.2  TimeStamp: 2026/03/12-13:11:52-GMT  BuildTime: Aug  4 2022 06:17:15  BuildStamp: freesurfer-linux-ubuntu22_x86_64-7.3.2-20220804-6354275  User: oesteban  Machine: dna010  Platform: Linux  PlatformVersion: 5.14.0-427.37.1.el9_4.x86_64  CompilerName: GCC  CompilerVersion: 8.4.0
ProgramName: mri_aparc2aseg  ProgramArguments: mri_aparc2aseg -all-info  ProgramVersion: 7.3.2  TimeStamp: 2026/03/12-13:11:52-GMT  BuildTime: Aug  4 2022 06:17:15  BuildStamp: freesurfer-linux-ubuntu22_x86_64-7.3.2-20220804-6354275  User: oesteban  Machine: dna010  Platform: Linux  PlatformVersion: 5.14.0-427.37.1.el9_4.x86_64  CompilerName: GCC  CompilerVersion: 8.4.0
ProgramName: mri_surf2volseg  ProgramArguments: mri_surf2volseg -all-info  ProgramVersion: 7.3.2  TimeStamp: 2026/03/12-13:11:52-GMT  BuildTime: Aug  4 2022 06:17:15  BuildStamp: freesurfer-linux-ubuntu22_x86_64-7.3.2-20220804-6354275  User: oesteban  Machine: dna010  Platform: Linux  PlatformVersion: 5.14.0-427.37.1.el9_4.x86_64  CompilerName: GCC  CompilerVersion: 8.4.0
ProgramName: mri_binarize  ProgramArguments: mri_binarize -all-info  ProgramVersion: 7.3.2  TimeStamp: 2026/03/12-13:11:52-GMT  BuildTime: Aug  4 2022 06:17:15  BuildStamp: freesurfer-linux-ubuntu22_x86_64-7.3.2-20220804-6354275  User: oesteban  Machine: dna010  Platform: Linux  PlatformVersion: 5.14.0-427.37.1.el9_4.x86_64  CompilerName: GCC  CompilerVersion: 8.4.0
ProgramName: mri_ca_label  ProgramArguments: mri_ca_label -all-info  ProgramVersion: 7.3.2  TimeStamp: 2026/03/12-13:11:52-GMT  BuildTime: Aug  4 2022 06:17:15  BuildStamp: freesurfer-linux-ubuntu22_x86_64-7.3.2-20220804-6354275  User: oesteban  Machine: dna010  Platform: Linux  PlatformVersion: 5.14.0-427.37.1.el9_4.x86_64  CompilerName: GCC  CompilerVersion: 8.4.0
ProgramName: mri_ca_normalize  ProgramArguments: mri_ca_normalize -all-info  ProgramVersion: 7.3.2  TimeStamp: 2026/03/12-13:11:52-GMT  BuildTime: Aug  4 2022 06:17:15  BuildStamp: freesurfer-linux-ubuntu22_x86_64-7.3.2-20220804-6354275  User: oesteban  Machine: dna010  Platform: Linux  PlatformVersion: 5.14.0-427.37.1.el9_4.x86_64  CompilerName: GCC  CompilerVersion: 8.4.0
ProgramName: mri_ca_register  ProgramArguments: mri_ca_register -all-info  ProgramVersion: 7.3.2  TimeStamp: 2026/03/12-13:11:52-GMT  BuildTime: Aug  4 2022 06:17:15  BuildStamp: freesurfer-linux-ubuntu22_x86_64-7.3.2-20220804-6354275  User: oesteban  Machine: dna010  Platform: Linux  PlatformVersion: 5.14.0-427.37.1.el9_4.x86_64  CompilerName: GCC  CompilerVersion: 8.4.0
ProgramName: mri_cc  ProgramArguments: mri_cc -all-info  ProgramVersion: 7.3.2  TimeStamp: 2026/03/12-13:11:52-GMT  BuildTime: Aug  4 2022 06:17:15  BuildStamp: freesurfer-linux-ubuntu22_x86_64-7.3.2-20220804-6354275  User: oesteban  Machine: dna010  Platform: Linux  PlatformVersion: 5.14.0-427.37.1.el9_4.x86_64  CompilerName: GCC  CompilerVersion: 8.4.0
ProgramName: mri_compute_overlap  ProgramArguments: mri_compute_overlap -all-info  ProgramVersion: 7.3.2  TimeStamp: 2026/03/12-13:11:52-GMT  BuildTime: Aug  4 2022 06:17:15  BuildStamp: freesurfer-linux-ubuntu22_x86_64-7.3.2-20220804-6354275  User: oesteban  Machine: dna010  Platform: Linux  PlatformVersion: 5.14.0-427.37.1.el9_4.x86_64  CompilerName: GCC  CompilerVersion: 8.4.0
ProgramName: mri_compute_seg_overlap  ProgramArguments: mri_compute_seg_overlap -all-info  ProgramVersion: 7.3.2  TimeStamp: 2026/03/12-13:11:52-GMT  BuildTime: Aug  4 2022 06:17:15  BuildStamp: freesurfer-linux-ubuntu22_x86_64-7.3.2-20220804-6354275  User: oesteban  Machine: dna010  Platform: Linux  PlatformVersion: 5.14.0-427.37.1.el9_4.x86_64  CompilerName: GCC  CompilerVersion: 8.4.0
ProgramName: mri_concat  ProgramArguments: mri_concat -all-info  ProgramVersion: 7.3.2  TimeStamp: 2026/03/12-13:11:52-GMT  BuildTime: Aug  4 2022 06:17:15  BuildStamp: freesurfer-linux-ubuntu22_x86_64-7.3.2-20220804-6354275  User: oesteban  Machine: dna010  Platform: Linux  PlatformVersion: 5.14.0-427.37.1.el9_4.x86_64  CompilerName: GCC  CompilerVersion: 8.4.0
ProgramName: mri_concatenate_lta  ProgramArguments: mri_concatenate_lta -all-info  ProgramVersion: 7.3.2  TimeStamp: 2026/03/12-13:11:52-GMT  BuildTime: Aug  4 2022 06:17:15  BuildStamp: freesurfer-linux-ubuntu22_x86_64-7.3.2-20220804-6354275  User: oesteban  Machine: dna010  Platform: Linux  PlatformVersion: 5.14.0-427.37.1.el9_4.x86_64  CompilerName: GCC  CompilerVersion: 8.4.0
mri_convert -all-info 
ProgramName: mri_convert  ProgramArguments: mri_convert -all-info  ProgramVersion: 7.3.2  TimeStamp: 2026/03/12-13:11:52-GMT  BuildTime: Aug  4 2022 06:17:15  BuildStamp: freesurfer-linux-ubuntu22_x86_64-7.3.2-20220804-6354275  User: oesteban  Machine: dna010  Platform: Linux  PlatformVersion: 5.14.0-427.37.1.el9_4.x86_64  CompilerName: GCC  CompilerVersion: 8.4.0
ProgramName: mri_diff  ProgramArguments: mri_diff -all-info  ProgramVersion: 7.3.2  TimeStamp: 2026/03/12-13:11:52-GMT  BuildTime: Aug  4 2022 06:17:15  BuildStamp: freesurfer-linux-ubuntu22_x86_64-7.3.2-20220804-6354275  User: oesteban  Machine: dna010  Platform: Linux  PlatformVersion: 5.14.0-427.37.1.el9_4.x86_64  CompilerName: GCC  CompilerVersion: 8.4.0
ProgramName: mri_edit_wm_with_aseg  ProgramArguments: mri_edit_wm_with_aseg -all-info  ProgramVersion: 7.3.2  TimeStamp: 2026/03/12-13:11:52-GMT  BuildTime: Aug  4 2022 06:17:15  BuildStamp: freesurfer-linux-ubuntu22_x86_64-7.3.2-20220804-6354275  User: oesteban  Machine: dna010  Platform: Linux  PlatformVersion: 5.14.0-427.37.1.el9_4.x86_64  CompilerName: GCC  CompilerVersion: 8.4.0
ProgramName: mri_em_register  ProgramArguments: mri_em_register -all-info  ProgramVersion: 7.3.2  TimeStamp: 2026/03/12-13:11:52-GMT  BuildTime: Aug  4 2022 06:17:15  BuildStamp: freesurfer-linux-ubuntu22_x86_64-7.3.2-20220804-6354275  User: oesteban  Machine: dna010  Platform: Linux  PlatformVersion: 5.14.0-427.37.1.el9_4.x86_64  CompilerName: GCC  CompilerVersion: 8.4.0
ProgramName: mri_fill  ProgramArguments: mri_fill -all-info  ProgramVersion: 7.3.2  TimeStamp: 2026/03/12-13:11:52-GMT  BuildTime: Aug  4 2022 06:17:15  BuildStamp: freesurfer-linux-ubuntu22_x86_64-7.3.2-20220804-6354275  User: oesteban  Machine: dna010  Platform: Linux  PlatformVersion: 5.14.0-427.37.1.el9_4.x86_64  CompilerName: GCC  CompilerVersion: 8.4.0
ProgramName: mri_fuse_segmentations  ProgramArguments: mri_fuse_segmentations -all-info  ProgramVersion: 7.3.2  TimeStamp: 2026/03/12-13:11:52-GMT  BuildTime: Aug  4 2022 06:17:15  BuildStamp: freesurfer-linux-ubuntu22_x86_64-7.3.2-20220804-6354275  User: oesteban  Machine: dna010  Platform: Linux  PlatformVersion: 5.14.0-427.37.1.el9_4.x86_64  CompilerName: GCC  CompilerVersion: 8.4.0
ProgramName: mri_fwhm  ProgramArguments: mri_fwhm -all-info  ProgramVersion: 7.3.2  TimeStamp: 2026/03/12-13:11:52-GMT  BuildTime: Aug  4 2022 06:17:15  BuildStamp: freesurfer-linux-ubuntu22_x86_64-7.3.2-20220804-6354275  User: oesteban  Machine: dna010  Platform: Linux  PlatformVersion: 5.14.0-427.37.1.el9_4.x86_64  CompilerName: GCC  CompilerVersion: 8.4.0
ProgramName: mri_gcut  ProgramArguments: mri_gcut -all-info  ProgramVersion: 7.3.2  TimeStamp: 2026/03/12-13:11:52-GMT  BuildTime: Aug  4 2022 06:17:15  BuildStamp: freesurfer-linux-ubuntu22_x86_64-7.3.2-20220804-6354275  User: oesteban  Machine: dna010  Platform: Linux  PlatformVersion: 5.14.0-427.37.1.el9_4.x86_64  CompilerName: GCC  CompilerVersion: 8.4.0
ProgramName: mri_info  ProgramArguments: mri_info -all-info  ProgramVersion: 7.3.2  TimeStamp: 2026/03/12-13:11:52-GMT  BuildTime: Aug  4 2022 06:17:15  BuildStamp: freesurfer-linux-ubuntu22_x86_64-7.3.2-20220804-6354275  User: oesteban  Machine: dna010  Platform: Linux  PlatformVersion: 5.14.0-427.37.1.el9_4.x86_64  CompilerName: GCC  CompilerVersion: 8.4.0
ProgramName: mri_label2label  ProgramArguments: mri_label2label -all-info  ProgramVersion: 7.3.2  TimeStamp: 2026/03/12-13:11:52-GMT  BuildTime: Aug  4 2022 06:17:15  BuildStamp: freesurfer-linux-ubuntu22_x86_64-7.3.2-20220804-6354275  User: oesteban  Machine: dna010  Platform: Linux  PlatformVersion: 5.14.0-427.37.1.el9_4.x86_64  CompilerName: GCC  CompilerVersion: 8.4.0
ProgramName: mri_label2vol  ProgramArguments: mri_label2vol -all-info  ProgramVersion: 7.3.2  TimeStamp: 2026/03/12-13:11:52-GMT  BuildTime: Aug  4 2022 06:17:15  BuildStamp: freesurfer-linux-ubuntu22_x86_64-7.3.2-20220804-6354275  User: oesteban  Machine: dna010  Platform: Linux  PlatformVersion: 5.14.0-427.37.1.el9_4.x86_64  CompilerName: GCC  CompilerVersion: 8.4.0
ProgramName: mri_log_likelihood  ProgramArguments: mri_log_likelihood -all-info  ProgramVersion: 7.3.2  TimeStamp: 2026/03/12-13:11:52-GMT  BuildTime: Aug  4 2022 06:17:15  BuildStamp: freesurfer-linux-ubuntu22_x86_64-7.3.2-20220804-6354275  User: oesteban  Machine: dna010  Platform: Linux  PlatformVersion: 5.14.0-427.37.1.el9_4.x86_64  CompilerName: GCC  CompilerVersion: 8.4.0
ProgramName: mri_mask  ProgramArguments: mri_mask -all-info  ProgramVersion: 7.3.2  TimeStamp: 2026/03/12-13:11:52-GMT  BuildTime: Aug  4 2022 06:17:15  BuildStamp: freesurfer-linux-ubuntu22_x86_64-7.3.2-20220804-6354275  User: oesteban  Machine: dna010  Platform: Linux  PlatformVersion: 5.14.0-427.37.1.el9_4.x86_64  CompilerName: GCC  CompilerVersion: 8.4.0
ProgramName: mri_matrix_multiply  ProgramArguments: mri_matrix_multiply -all-info  ProgramVersion: 7.3.2  TimeStamp: 2026/03/12-13:11:52-GMT  BuildTime: Aug  4 2022 06:17:15  BuildStamp: freesurfer-linux-ubuntu22_x86_64-7.3.2-20220804-6354275  User: oesteban  Machine: dna010  Platform: Linux  PlatformVersion: 5.14.0-427.37.1.el9_4.x86_64  CompilerName: GCC  CompilerVersion: 8.4.0
ProgramName: mri_normalize  ProgramArguments: mri_normalize -all-info  ProgramVersion: 7.3.2  TimeStamp: 2026/03/12-13:11:52-GMT  BuildTime: Aug  4 2022 06:17:15  BuildStamp: freesurfer-linux-ubuntu22_x86_64-7.3.2-20220804-6354275  User: oesteban  Machine: dna010  Platform: Linux  PlatformVersion: 5.14.0-427.37.1.el9_4.x86_64  CompilerName: GCC  CompilerVersion: 8.4.0
ProgramName: mri_normalize_tp2  ProgramArguments: mri_normalize_tp2 -all-info  ProgramVersion: 7.3.2  TimeStamp: 2026/03/12-13:11:52-GMT  BuildTime: Aug  4 2022 06:17:15  BuildStamp: freesurfer-linux-ubuntu22_x86_64-7.3.2-20220804-6354275  User: oesteban  Machine: dna010  Platform: Linux  PlatformVersion: 5.14.0-427.37.1.el9_4.x86_64  CompilerName: GCC  CompilerVersion: 8.4.0
ProgramName: mri_or  ProgramArguments: mri_or -all-info  ProgramVersion: 7.3.2  TimeStamp: 2026/03/12-13:11:52-GMT  BuildTime: Aug  4 2022 06:17:15  BuildStamp: freesurfer-linux-ubuntu22_x86_64-7.3.2-20220804-6354275  User: oesteban  Machine: dna010  Platform: Linux  PlatformVersion: 5.14.0-427.37.1.el9_4.x86_64  CompilerName: GCC  CompilerVersion: 8.4.0
ProgramName: mri_relabel_hypointensities  ProgramArguments: mri_relabel_hypointensities -all-info  ProgramVersion: 7.3.2  TimeStamp: 2026/03/12-13:11:52-GMT  BuildTime: Aug  4 2022 06:17:15  BuildStamp: freesurfer-linux-ubuntu22_x86_64-7.3.2-20220804-6354275  User: oesteban  Machine: dna010  Platform: Linux  PlatformVersion: 5.14.0-427.37.1.el9_4.x86_64  CompilerName: GCC  CompilerVersion: 8.4.0
ProgramName: mri_relabel_nonwm_hypos  ProgramArguments: mri_relabel_nonwm_hypos -all-info  ProgramVersion: 7.3.2  TimeStamp: 2026/03/12-13:11:52-GMT  BuildTime: Aug  4 2022 06:17:15  BuildStamp: freesurfer-linux-ubuntu22_x86_64-7.3.2-20220804-6354275  User: oesteban  Machine: dna010  Platform: Linux  PlatformVersion: 5.14.0-427.37.1.el9_4.x86_64  CompilerName: GCC  CompilerVersion: 8.4.0
ProgramName: mri_remove_neck  ProgramArguments: mri_remove_neck -all-info  ProgramVersion: 7.3.2  TimeStamp: 2026/03/12-13:11:52-GMT  BuildTime: Aug  4 2022 06:17:15  BuildStamp: freesurfer-linux-ubuntu22_x86_64-7.3.2-20220804-6354275  User: oesteban  Machine: dna010  Platform: Linux  PlatformVersion: 5.14.0-427.37.1.el9_4.x86_64  CompilerName: GCC  CompilerVersion: 8.4.0
7.3.2

ProgramName: mri_robust_register  ProgramArguments: mri_robust_register -all-info  ProgramVersion: 7.3.2  TimeStamp: 2026/03/12-13:11:52-GMT  BuildTime: Aug  4 2022 06:17:15  BuildStamp: freesurfer-linux-ubuntu22_x86_64-7.3.2-20220804-6354275  User: oesteban  Machine: dna010  Platform: Linux  PlatformVersion: 5.14.0-427.37.1.el9_4.x86_64  CompilerName: GCC  CompilerVersion: 8.4.0
7.3.2

ProgramName: mri_robust_template  ProgramArguments: mri_robust_template -all-info  ProgramVersion: 7.3.2  TimeStamp: 2026/03/12-13:11:52-GMT  BuildTime: Aug  4 2022 06:17:15  BuildStamp: freesurfer-linux-ubuntu22_x86_64-7.3.2-20220804-6354275  User: oesteban  Machine: dna010  Platform: Linux  PlatformVersion: 5.14.0-427.37.1.el9_4.x86_64  CompilerName: GCC  CompilerVersion: 8.4.0
ProgramName: mris_anatomical_stats  ProgramArguments: mris_anatomical_stats -all-info  ProgramVersion: 7.3.2  TimeStamp: 2026/03/12-13:11:52-GMT  BuildTime: Aug  4 2022 06:17:15  BuildStamp: freesurfer-linux-ubuntu22_x86_64-7.3.2-20220804-6354275  User: oesteban  Machine: dna010  Platform: Linux  PlatformVersion: 5.14.0-427.37.1.el9_4.x86_64  CompilerName: GCC  CompilerVersion: 8.4.0
ProgramName: mris_ca_label  ProgramArguments: mris_ca_label -all-info  ProgramVersion: 7.3.2  TimeStamp: 2026/03/12-13:11:52-GMT  BuildTime: Aug  4 2022 06:17:15  BuildStamp: freesurfer-linux-ubuntu22_x86_64-7.3.2-20220804-6354275  User: oesteban  Machine: dna010  Platform: Linux  PlatformVersion: 5.14.0-427.37.1.el9_4.x86_64  CompilerName: GCC  CompilerVersion: 8.4.0
ProgramName: mris_calc  ProgramArguments: mris_calc -all-info  ProgramVersion: 7.3.2  TimeStamp: 2026/03/12-13:11:52-GMT  BuildTime: Aug  4 2022 06:17:15  BuildStamp: freesurfer-linux-ubuntu22_x86_64-7.3.2-20220804-6354275  User: oesteban  Machine: dna010  Platform: Linux  PlatformVersion: 5.14.0-427.37.1.el9_4.x86_64  CompilerName: GCC  CompilerVersion: 8.4.0
ProgramName: mris_convert  ProgramArguments: mris_convert -all-info  ProgramVersion: 7.3.2  TimeStamp: 2026/03/12-13:11:52-GMT  BuildTime: Aug  4 2022 06:17:15  BuildStamp: freesurfer-linux-ubuntu22_x86_64-7.3.2-20220804-6354275  User: oesteban  Machine: dna010  Platform: Linux  PlatformVersion: 5.14.0-427.37.1.el9_4.x86_64  CompilerName: GCC  CompilerVersion: 8.4.0
ProgramName: mris_curvature  ProgramArguments: mris_curvature -all-info  ProgramVersion: 7.3.2  TimeStamp: 2026/03/12-13:11:52-GMT  BuildTime: Aug  4 2022 06:17:15  BuildStamp: freesurfer-linux-ubuntu22_x86_64-7.3.2-20220804-6354275  User: oesteban  Machine: dna010  Platform: Linux  PlatformVersion: 5.14.0-427.37.1.el9_4.x86_64  CompilerName: GCC  CompilerVersion: 8.4.0
ProgramName: mris_curvature_stats  ProgramArguments: mris_curvature_stats -all-info  ProgramVersion: 7.3.2  TimeStamp: 2026/03/12-13:11:52-GMT  BuildTime: Aug  4 2022 06:17:15  BuildStamp: freesurfer-linux-ubuntu22_x86_64-7.3.2-20220804-6354275  User: oesteban  Machine: dna010  Platform: Linux  PlatformVersion: 5.14.0-427.37.1.el9_4.x86_64  CompilerName: GCC  CompilerVersion: 8.4.0
ProgramName: mris_diff  ProgramArguments: mris_diff -all-info  ProgramVersion: 7.3.2  TimeStamp: 2026/03/12-13:11:52-GMT  BuildTime: Aug  4 2022 06:17:15  BuildStamp: freesurfer-linux-ubuntu22_x86_64-7.3.2-20220804-6354275  User: oesteban  Machine: dna010  Platform: Linux  PlatformVersion: 5.14.0-427.37.1.el9_4.x86_64  CompilerName: GCC  CompilerVersion: 8.4.0
ProgramName: mris_divide_parcellation  ProgramArguments: mris_divide_parcellation -all-info  ProgramVersion: 7.3.2  TimeStamp: 2026/03/12-13:11:52-GMT  BuildTime: Aug  4 2022 06:17:15  BuildStamp: freesurfer-linux-ubuntu22_x86_64-7.3.2-20220804-6354275  User: oesteban  Machine: dna010  Platform: Linux  PlatformVersion: 5.14.0-427.37.1.el9_4.x86_64  CompilerName: GCC  CompilerVersion: 8.4.0
ProgramName: mri_segment  ProgramArguments: mri_segment -all-info  ProgramVersion: 7.3.2  TimeStamp: 2026/03/12-13:11:52-GMT  BuildTime: Aug  4 2022 06:17:15  BuildStamp: freesurfer-linux-ubuntu22_x86_64-7.3.2-20220804-6354275  User: oesteban  Machine: dna010  Platform: Linux  PlatformVersion: 5.14.0-427.37.1.el9_4.x86_64  CompilerName: GCC  CompilerVersion: 8.4.0
ProgramName: mri_segstats  ProgramArguments: mri_segstats -all-info  ProgramVersion: 7.3.2  TimeStamp: 2026/03/12-13:11:52-GMT  BuildTime: Aug  4 2022 06:17:15  BuildStamp: freesurfer-linux-ubuntu22_x86_64-7.3.2-20220804-6354275  User: oesteban  Machine: dna010  Platform: Linux  PlatformVersion: 5.14.0-427.37.1.el9_4.x86_64  CompilerName: GCC  CompilerVersion: 8.4.0
ProgramName: mris_euler_number  ProgramArguments: mris_euler_number -all-info  ProgramVersion: 7.3.2  TimeStamp: 2026/03/12-13:11:52-GMT  BuildTime: Aug  4 2022 06:17:15  BuildStamp: freesurfer-linux-ubuntu22_x86_64-7.3.2-20220804-6354275  User: oesteban  Machine: dna010  Platform: Linux  PlatformVersion: 5.14.0-427.37.1.el9_4.x86_64  CompilerName: GCC  CompilerVersion: 8.4.0
ProgramName: mris_fix_topology  ProgramArguments: mris_fix_topology -all-info  ProgramVersion: 7.3.2  TimeStamp: 2026/03/12-13:11:52-GMT  BuildTime: Aug  4 2022 06:17:15  BuildStamp: freesurfer-linux-ubuntu22_x86_64-7.3.2-20220804-6354275  User: oesteban  Machine: dna010  Platform: Linux  PlatformVersion: 5.14.0-427.37.1.el9_4.x86_64  CompilerName: GCC  CompilerVersion: 8.4.0
ProgramName: mris_topo_fixer  ProgramArguments: mris_topo_fixer -all-info  ProgramVersion: 7.3.2  TimeStamp: 2026/03/12-13:11:52-GMT  BuildTime: Aug  4 2022 06:17:15  BuildStamp: freesurfer-linux-ubuntu22_x86_64-7.3.2-20220804-6354275  User: oesteban  Machine: dna010  Platform: Linux  PlatformVersion: 5.14.0-427.37.1.el9_4.x86_64  CompilerName: GCC  CompilerVersion: 8.4.0
ProgramName: mris_jacobian  ProgramArguments: mris_jacobian -all-info  ProgramVersion: 7.3.2  TimeStamp: 2026/03/12-13:11:52-GMT  BuildTime: Aug  4 2022 06:17:15  BuildStamp: freesurfer-linux-ubuntu22_x86_64-7.3.2-20220804-6354275  User: oesteban  Machine: dna010  Platform: Linux  PlatformVersion: 5.14.0-427.37.1.el9_4.x86_64  CompilerName: GCC  CompilerVersion: 8.4.0
ProgramName: mris_label2annot  ProgramArguments: mris_label2annot -all-info  ProgramVersion: 7.3.2  TimeStamp: 2026/03/12-13:11:52-GMT  BuildTime: Aug  4 2022 06:17:15  BuildStamp: freesurfer-linux-ubuntu22_x86_64-7.3.2-20220804-6354275  User: oesteban  Machine: dna010  Platform: Linux  PlatformVersion: 5.14.0-427.37.1.el9_4.x86_64  CompilerName: GCC  CompilerVersion: 8.4.0
ProgramName: mris_left_right_register  ProgramArguments: mris_left_right_register -all-info  ProgramVersion: 7.3.2  TimeStamp: 2026/03/12-13:11:52-GMT  BuildTime: Aug  4 2022 06:17:15  BuildStamp: freesurfer-linux-ubuntu22_x86_64-7.3.2-20220804-6354275  User: oesteban  Machine: dna010  Platform: Linux  PlatformVersion: 5.14.0-427.37.1.el9_4.x86_64  CompilerName: GCC  CompilerVersion: 8.4.0
ProgramName: mris_place_surface  ProgramArguments: mris_place_surface -all-info  ProgramVersion: 7.3.2  TimeStamp: 2026/03/12-13:11:52-GMT  BuildTime: Aug  4 2022 06:17:15  BuildStamp: freesurfer-linux-ubuntu22_x86_64-7.3.2-20220804-6354275  User: oesteban  Machine: dna010  Platform: Linux  PlatformVersion: 5.14.0-427.37.1.el9_4.x86_64  CompilerName: GCC  CompilerVersion: 8.4.0
ProgramName: mrisp_paint  ProgramArguments: mrisp_paint -all-info  ProgramVersion: 7.3.2  TimeStamp: 2026/03/12-13:11:52-GMT  BuildTime: Aug  4 2022 06:17:15  BuildStamp: freesurfer-linux-ubuntu22_x86_64-7.3.2-20220804-6354275  User: oesteban  Machine: dna010  Platform: Linux  PlatformVersion: 5.14.0-427.37.1.el9_4.x86_64  CompilerName: GCC  CompilerVersion: 8.4.0
ProgramName: mris_register  ProgramArguments: mris_register -all-info  ProgramVersion: 7.3.2  TimeStamp: 2026/03/12-13:11:52-GMT  BuildTime: Aug  4 2022 06:17:15  BuildStamp: freesurfer-linux-ubuntu22_x86_64-7.3.2-20220804-6354275  User: oesteban  Machine: dna010  Platform: Linux  PlatformVersion: 5.14.0-427.37.1.el9_4.x86_64  CompilerName: GCC  CompilerVersion: 8.4.0
ProgramName: mris_smooth  ProgramArguments: mris_smooth -all-info  ProgramVersion: 7.3.2  TimeStamp: 2026/03/12-13:11:52-GMT  BuildTime: Aug  4 2022 06:17:15  BuildStamp: freesurfer-linux-ubuntu22_x86_64-7.3.2-20220804-6354275  User: oesteban  Machine: dna010  Platform: Linux  PlatformVersion: 5.14.0-427.37.1.el9_4.x86_64  CompilerName: GCC  CompilerVersion: 8.4.0
ProgramName: mris_sphere  ProgramArguments: mris_sphere -all-info  ProgramVersion: 7.3.2  TimeStamp: 2026/03/12-13:11:52-GMT  BuildTime: Aug  4 2022 06:17:15  BuildStamp: freesurfer-linux-ubuntu22_x86_64-7.3.2-20220804-6354275  User: oesteban  Machine: dna010  Platform: Linux  PlatformVersion: 5.14.0-427.37.1.el9_4.x86_64  CompilerName: GCC  CompilerVersion: 8.4.0
ProgramName: mris_surface_stats  ProgramArguments: mris_surface_stats -all-info  ProgramVersion: 7.3.2  TimeStamp: 2026/03/12-13:11:52-GMT  BuildTime: Aug  4 2022 06:17:15  BuildStamp: freesurfer-linux-ubuntu22_x86_64-7.3.2-20220804-6354275  User: oesteban  Machine: dna010  Platform: Linux  PlatformVersion: 5.14.0-427.37.1.el9_4.x86_64  CompilerName: GCC  CompilerVersion: 8.4.0
ProgramName: mri_stats2seg  ProgramArguments: mri_stats2seg -all-info  ProgramVersion: 7.3.2  TimeStamp: 2026/03/12-13:11:52-GMT  BuildTime: Aug  4 2022 06:17:15  BuildStamp: freesurfer-linux-ubuntu22_x86_64-7.3.2-20220804-6354275  User: oesteban  Machine: dna010  Platform: Linux  PlatformVersion: 5.14.0-427.37.1.el9_4.x86_64  CompilerName: GCC  CompilerVersion: 8.4.0
ProgramName: mris_thickness  ProgramArguments: mris_thickness -all-info  ProgramVersion: 7.3.2  TimeStamp: 2026/03/12-13:11:52-GMT  BuildTime: Aug  4 2022 06:17:15  BuildStamp: freesurfer-linux-ubuntu22_x86_64-7.3.2-20220804-6354275  User: oesteban  Machine: dna010  Platform: Linux  PlatformVersion: 5.14.0-427.37.1.el9_4.x86_64  CompilerName: GCC  CompilerVersion: 8.4.0
ProgramName: mris_thickness_diff  ProgramArguments: mris_thickness_diff -all-info  ProgramVersion: 7.3.2  TimeStamp: 2026/03/12-13:11:52-GMT  BuildTime: Aug  4 2022 06:17:15  BuildStamp: freesurfer-linux-ubuntu22_x86_64-7.3.2-20220804-6354275  User: oesteban  Machine: dna010  Platform: Linux  PlatformVersion: 5.14.0-427.37.1.el9_4.x86_64  CompilerName: GCC  CompilerVersion: 8.4.0
ProgramName: mris_topo_fixer  ProgramArguments: mris_topo_fixer -all-info  ProgramVersion: 7.3.2  TimeStamp: 2026/03/12-13:11:52-GMT  BuildTime: Aug  4 2022 06:17:15  BuildStamp: freesurfer-linux-ubuntu22_x86_64-7.3.2-20220804-6354275  User: oesteban  Machine: dna010  Platform: Linux  PlatformVersion: 5.14.0-427.37.1.el9_4.x86_64  CompilerName: GCC  CompilerVersion: 8.4.0
ProgramName: mri_surf2surf  ProgramArguments: mri_surf2surf -all-info  ProgramVersion: 7.3.2  TimeStamp: 2026/03/12-13:11:52-GMT  BuildTime: Aug  4 2022 06:17:15  BuildStamp: freesurfer-linux-ubuntu22_x86_64-7.3.2-20220804-6354275  User: oesteban  Machine: dna010  Platform: Linux  PlatformVersion: 5.14.0-427.37.1.el9_4.x86_64  CompilerName: GCC  CompilerVersion: 8.4.0
ProgramName: mri_surf2vol  ProgramArguments: mri_surf2vol -all-info  ProgramVersion: 7.3.2  TimeStamp: 2026/03/12-13:11:52-GMT  BuildTime: Aug  4 2022 06:17:15  BuildStamp: freesurfer-linux-ubuntu22_x86_64-7.3.2-20220804-6354275  User: oesteban  Machine: dna010  Platform: Linux  PlatformVersion: 5.14.0-427.37.1.el9_4.x86_64  CompilerName: GCC  CompilerVersion: 8.4.0
ProgramName: mri_surfcluster  ProgramArguments: mri_surfcluster -all-info  ProgramVersion: 7.3.2  TimeStamp: 2026/03/12-13:11:52-GMT  BuildTime: Aug  4 2022 06:17:15  BuildStamp: freesurfer-linux-ubuntu22_x86_64-7.3.2-20220804-6354275  User: oesteban  Machine: dna010  Platform: Linux  PlatformVersion: 5.14.0-427.37.1.el9_4.x86_64  CompilerName: GCC  CompilerVersion: 8.4.0
ProgramName: mris_volmask  ProgramArguments: mris_volmask -all-info  ProgramVersion: 7.3.2  TimeStamp: 2026/03/12-13:11:52-GMT  BuildTime: Aug  4 2022 06:17:15  BuildStamp: freesurfer-linux-ubuntu22_x86_64-7.3.2-20220804-6354275  User: oesteban  Machine: dna010  Platform: Linux  PlatformVersion: 5.14.0-427.37.1.el9_4.x86_64  CompilerName: GCC  CompilerVersion: 8.4.0
ProgramName: mri_tessellate  ProgramArguments: mri_tessellate -all-info  ProgramVersion: 7.3.2  TimeStamp: 2026/03/12-13:11:52-GMT  BuildTime: Aug  4 2022 06:17:15  BuildStamp: freesurfer-linux-ubuntu22_x86_64-7.3.2-20220804-6354275  User: oesteban  Machine: dna010  Platform: Linux  PlatformVersion: 5.14.0-427.37.1.el9_4.x86_64  CompilerName: GCC  CompilerVersion: 8.4.0
ProgramName: mri_vol2surf  ProgramArguments: mri_vol2surf -all-info  ProgramVersion: 7.3.2  TimeStamp: 2026/03/12-13:11:52-GMT  BuildTime: Aug  4 2022 06:17:15  BuildStamp: freesurfer-linux-ubuntu22_x86_64-7.3.2-20220804-6354275  User: oesteban  Machine: dna010  Platform: Linux  PlatformVersion: 5.14.0-427.37.1.el9_4.x86_64  CompilerName: GCC  CompilerVersion: 8.4.0
ProgramName: mri_vol2vol  ProgramArguments: mri_vol2vol -all-info  ProgramVersion: 7.3.2  TimeStamp: 2026/03/12-13:11:52-GMT  BuildTime: Aug  4 2022 06:17:15  BuildStamp: freesurfer-linux-ubuntu22_x86_64-7.3.2-20220804-6354275  User: oesteban  Machine: dna010  Platform: Linux  PlatformVersion: 5.14.0-427.37.1.el9_4.x86_64  CompilerName: GCC  CompilerVersion: 8.4.0
ProgramName: mri_voldiff  ProgramArguments: mri_voldiff -all-info  ProgramVersion: 7.3.2  TimeStamp: 2026/03/12-13:11:52-GMT  BuildTime: Aug  4 2022 06:17:15  BuildStamp: freesurfer-linux-ubuntu22_x86_64-7.3.2-20220804-6354275  User: oesteban  Machine: dna010  Platform: Linux  PlatformVersion: 5.14.0-427.37.1.el9_4.x86_64  CompilerName: GCC  CompilerVersion: 8.4.0
ProgramName: mri_watershed  ProgramArguments: mri_watershed -all-info  ProgramVersion: 7.3.2  TimeStamp: 2026/03/12-13:11:52-GMT  BuildTime: Aug  4 2022 06:17:15  BuildStamp: freesurfer-linux-ubuntu22_x86_64-7.3.2-20220804-6354275  User: oesteban  Machine: dna010  Platform: Linux  PlatformVersion: 5.14.0-427.37.1.el9_4.x86_64  CompilerName: GCC  CompilerVersion: 8.4.0
ProgramName: tkregister2  ProgramArguments: tkregister2_cmdl -all-info  ProgramVersion: 7.3.2  TimeStamp: 2026/03/12-13:11:52-GMT  BuildTime: Aug  4 2022 06:17:15  BuildStamp: freesurfer-linux-ubuntu22_x86_64-7.3.2-20220804-6354275  User: oesteban  Machine: dna010  Platform: Linux  PlatformVersion: 5.14.0-427.37.1.el9_4.x86_64  CompilerName: GCC  CompilerVersion: 8.4.0
mri_motion_correct.fsl 7.3.2
mri_convert -all-info 
ProgramName: mri_convert  ProgramArguments: mri_convert -all-info  ProgramVersion: 7.3.2  TimeStamp: 2026/03/12-13:11:52-GMT  BuildTime: Aug  4 2022 06:17:15  BuildStamp: freesurfer-linux-ubuntu22_x86_64-7.3.2-20220804-6354275  User: oesteban  Machine: dna010  Platform: Linux  PlatformVersion: 5.14.0-427.37.1.el9_4.x86_64  CompilerName: GCC  CompilerVersion: 8.4.0
Program nu_correct, built from:
Package MNI N3, version 1.12.0, compiled by nicks@terrier (x86_64-unknown-linux-gnu) on 2015-06-19 at 01:25:34
#######################################
GCADIR /opt/freesurfer/average
GCA RB_all_2020-01-02.gca
GCASkull RB_all_withskull_2020_01_02.gca
AvgCurvTif folding.atlas.acfb40.noaparc.i12.2016-08-02.tif
GCSDIR /opt/freesurfer/average
GCS DKaparc.atlas.acfb40.noaparc.i12.2016-08-02.gcs
#######################################
#--------------------------------------------
#@# WhiteSurfs lh Thu Mar 12 14:11:52 CET 2026
cd /out/sourcedata/freesurfer/sub-v1s16x0051160_ses-1/mri
mris_place_surface --adgws-in ../surf/autodet.gw.stats.lh.dat --seg aseg.presurf.mgz --threads 16 --wm wm.mgz --invol brain.finalsurfs.mgz --lh --i ../surf/lh.white.preaparc --o ../surf/lh.white --white --nsmooth 0 --rip-label ../label/lh.cortex.label --rip-bg --rip-surf ../surf/lh.white.preaparc --aparc ../label/lh.aparc.annot
   Update not needed
#--------------------------------------------
#@# WhiteSurfs rh Thu Mar 12 14:11:52 CET 2026
cd /out/sourcedata/freesurfer/sub-v1s16x0051160_ses-1/mri
mris_place_surface --adgws-in ../surf/autodet.gw.stats.rh.dat --seg aseg.presurf.mgz --threads 16 --wm wm.mgz --invol brain.finalsurfs.mgz --rh --i ../surf/rh.white.preaparc --o ../surf/rh.white --white --nsmooth 0 --rip-label ../label/rh.cortex.label --rip-bg --rip-surf ../surf/rh.white.preaparc --aparc ../label/rh.aparc.annot
   Update not needed
#@# white curv lh Thu Mar 12 14:11:53 CET 2026
cd /out/sourcedata/freesurfer/sub-v1s16x0051160_ses-1/mri
mris_place_surface --curv-map ../surf/lh.white 2 10 ../surf/lh.curv
   Update not needed
#@# white area lh Thu Mar 12 14:11:53 CET 2026
cd /out/sourcedata/freesurfer/sub-v1s16x0051160_ses-1/mri
mris_place_surface --area-map ../surf/lh.white ../surf/lh.area
   Update not needed
#@# pial curv lh Thu Mar 12 14:11:53 CET 2026
cd /out/sourcedata/freesurfer/sub-v1s16x0051160_ses-1/mri
mris_place_surface --curv-map ../surf/lh.pial 2 10 ../surf/lh.curv.pial
   Update not needed
#@# pial area lh Thu Mar 12 14:11:53 CET 2026
cd /out/sourcedata/freesurfer/sub-v1s16x0051160_ses-1/mri
mris_place_surface --area-map ../surf/lh.pial ../surf/lh.area.pial
   Update not needed
#@# thickness lh Thu Mar 12 14:11:53 CET 2026
cd /out/sourcedata/freesurfer/sub-v1s16x0051160_ses-1/mri
mris_place_surface --thickness ../surf/lh.white ../surf/lh.pial 20 5 ../surf/lh.thickness
   Update not needed
#@# area and vertex vol lh Thu Mar 12 14:11:53 CET 2026
cd /out/sourcedata/freesurfer/sub-v1s16x0051160_ses-1/mri
mris_place_surface --thickness ../surf/lh.white ../surf/lh.pial 20 5 ../surf/lh.thickness
   Update not needed
#@# white curv rh Thu Mar 12 14:11:53 CET 2026
cd /out/sourcedata/freesurfer/sub-v1s16x0051160_ses-1/mri
mris_place_surface --curv-map ../surf/rh.white 2 10 ../surf/rh.curv
   Update not needed
#@# white area rh Thu Mar 12 14:11:53 CET 2026
cd /out/sourcedata/freesurfer/sub-v1s16x0051160_ses-1/mri
mris_place_surface --area-map ../surf/rh.white ../surf/rh.area
   Update not needed
#@# pial curv rh Thu Mar 12 14:11:53 CET 2026
cd /out/sourcedata/freesurfer/sub-v1s16x0051160_ses-1/mri
mris_place_surface --curv-map ../surf/rh.pial 2 10 ../surf/rh.curv.pial
   Update not needed
#@# pial area rh Thu Mar 12 14:11:53 CET 2026
cd /out/sourcedata/freesurfer/sub-v1s16x0051160_ses-1/mri
mris_place_surface --area-map ../surf/rh.pial ../surf/rh.area.pial
   Update not needed
#@# thickness rh Thu Mar 12 14:11:53 CET 2026
cd /out/sourcedata/freesurfer/sub-v1s16x0051160_ses-1/mri
mris_place_surface --thickness ../surf/rh.white ../surf/rh.pial 20 5 ../surf/rh.thickness
   Update not needed
#@# area and vertex vol rh Thu Mar 12 14:11:53 CET 2026
cd /out/sourcedata/freesurfer/sub-v1s16x0051160_ses-1/mri
mris_place_surface --thickness ../surf/rh.white ../surf/rh.pial 20 5 ../surf/rh.thickness
   Update not needed

#-----------------------------------------
#@# Curvature Stats lh Thu Mar 12 14:11:53 CET 2026
/out/sourcedata/freesurfer/sub-v1s16x0051160_ses-1/surf

 mris_curvature_stats -m --writeCurvatureFiles -G -o ../stats/lh.curv.stats -F smoothwm sub-v1s16x0051160_ses-1 lh curv sulc 

             Toggling save flag on curvature files                       [ ok ]
                 Outputting results using filestem   [ ../stats/lh.curv.stats ]
             Toggling save flag on curvature files                       [ ok ]
                                   Setting surface [ sub-v1s16x0051160_ses-1/lh.smoothwm ]
                                Reading surface...                       [ ok ]
                                   Setting texture                     [ curv ]
                                Reading texture...                       [ ok ]
                                   Setting texture                     [ sulc ]
                                Reading texture...Gb_filter = 0
                       [ ok ]
      Calculating Discrete Principal Curvatures...
      Determining geometric order for vno faces... [####################] [ ok ]
                      Determining KH curvatures... [####################] [ ok ]
                    Determining k1k2 curvatures... [####################] [ ok ]
                                   deltaViolations                      [ 220 ]
Gb_filter = 0

#-----------------------------------------
#@# Curvature Stats rh Thu Mar 12 14:11:54 CET 2026
/out/sourcedata/freesurfer/sub-v1s16x0051160_ses-1/surf

 mris_curvature_stats -m --writeCurvatureFiles -G -o ../stats/rh.curv.stats -F smoothwm sub-v1s16x0051160_ses-1 rh curv sulc 

             Toggling save flag on curvature files                       [ ok ]
                 Outputting results using filestem   [ ../stats/rh.curv.stats ]
             Toggling save flag on curvature files                       [ ok ]
                                   Setting surface [ sub-v1s16x0051160_ses-1/rh.smoothwm ]
                                Reading surface...                       [ ok ]
                                   Setting texture                     [ curv ]
                                Reading texture...                       [ ok ]
                                   Setting texture                     [ sulc ]
                                Reading texture...Gb_filter = 0
                       [ ok ]
      Calculating Discrete Principal Curvatures...
      Determining geometric order for vno faces... [####################] [ ok ]
                      Determining KH curvatures... [####################] [ ok ]
                    Determining k1k2 curvatures... [####################] [ ok ]
                                   deltaViolations                      [ 216 ]
Gb_filter = 0
#-----------------------------------------
#@# Relabel Hypointensities Thu Mar 12 14:11:56 CET 2026
/out/sourcedata/freesurfer/sub-v1s16x0051160_ses-1/mri

 mri_relabel_hypointensities aseg.presurf.mgz ../surf aseg.presurf.hypos.mgz 

reading input surface ../surf/lh.white...
relabeling lh hypointensities...
5973 voxels changed to hypointensity...
reading input surface ../surf/rh.white...
relabeling rh hypointensities...
2745 voxels changed to hypointensity...
8768 hypointense voxels neighboring cortex changed
#-----------------------------------------
#@# APas-to-ASeg Thu Mar 12 14:12:09 CET 2026
/out/sourcedata/freesurfer/sub-v1s16x0051160_ses-1/mri

 mri_surf2volseg --o aseg.mgz --i aseg.presurf.hypos.mgz --fix-presurf-with-ribbon /out/sourcedata/freesurfer/sub-v1s16x0051160_ses-1/mri/ribbon.mgz --threads 16 --lh-cortex-mask /out/sourcedata/freesurfer/sub-v1s16x0051160_ses-1/label/lh.cortex.label --lh-white /out/sourcedata/freesurfer/sub-v1s16x0051160_ses-1/surf/lh.white --lh-pial /out/sourcedata/freesurfer/sub-v1s16x0051160_ses-1/surf/lh.pial --rh-cortex-mask /out/sourcedata/freesurfer/sub-v1s16x0051160_ses-1/label/rh.cortex.label --rh-white /out/sourcedata/freesurfer/sub-v1s16x0051160_ses-1/surf/rh.white --rh-pial /out/sourcedata/freesurfer/sub-v1s16x0051160_ses-1/surf/rh.pial 

SUBJECTS_DIR /out/sourcedata/freesurfer
outvol aseg.mgz
16 avail.processors, using 16
Loading aseg.presurf.hypos.mgz
Loading /out/sourcedata/freesurfer/sub-v1s16x0051160_ses-1/mri/ribbon.mgz
Loading /out/sourcedata/freesurfer/sub-v1s16x0051160_ses-1/surf/lh.white
Loading /out/sourcedata/freesurfer/sub-v1s16x0051160_ses-1/surf/lh.pial
Loading /out/sourcedata/freesurfer/sub-v1s16x0051160_ses-1/label/lh.cortex.label
Loading /out/sourcedata/freesurfer/sub-v1s16x0051160_ses-1/surf/rh.white
Loading /out/sourcedata/freesurfer/sub-v1s16x0051160_ses-1/surf/rh.pial
Loading /out/sourcedata/freesurfer/sub-v1s16x0051160_ses-1/label/rh.cortex.label
Done loading
  0  32 240 144 128  48 160  96  64  80 112 192 224  16 176 208   1  33 241  49 225 209  65  17 193 113  81  97  34   2 242 177  50 129 161 226 145 210  66  18 194   3  35 243  51  82  98 114 227 211  67 178  36   4 244 195  19 
146 162  52 130  83 228  99 
212  68   5  37 245 115  53 179 
196  20 163 147 229 213 246   6  38  84  69  54 100 131 197  21 180 116   7  39 
247 230 214  55 164 148  70  85  22 198 101   8  40 248  56 231 215 181 117 132 165  23 149 199 
 57   9  41 249  71  86 232 216 102 182  58  42  10  24 200 250 166 118 150 233  87  72 217  59 
183  43  11 103 251 133  25 201  60 234 218 167  88 119 
151  73 252  12  44  26 184 202  61 104 235 219 
 45  13 253 168 120  62 203 134 152 185  74  27  89 236  46  14 254 220 105  63 204 186 121 169  28 255 237  15  47  75 221 153  90 106 205 187 135  29 238 122 170 222  76 206 188  30 239 
154 107  91 223 123 171 207 189  77  31 136 155 108 124 190  92 172  78 191 156 125 109  93  79 
173 137 157 126 110  94 174 158 127 111 138  95 175 159 
139 
140 141 142 143 
nrelabeled = 189248
ndotcheck = 0
Starting Surf2VolSeg free
free done
#VMPC# mri_surf2volseg VmPeak  1804892
mri_surf2volseg done

 mri_brainvol_stats sub-v1s16x0051160_ses-1 

ComputeBrainVolumeStats2 VoxelVol=1, KeepCSF=1
  #CBVS2 MaskVol              1202825.0
  #CBVS2 BrainSegVol           891289.0
  #CBVS2 BrainSegVolNotVent    881643.0
  #CBVS2 SupraTentVol          826212.0
  #CBVS2 SupraTentVolNotVent   816566.0
  #CBVS2 lhCtxGM               190088.6
  #CBVS2 rhCtxGM               184182.4
  #CBVS2 lhCerebralWM          196244.5
  #CBVS2 rhCerebralWM          191628.5
  #CBVS2 SubCortGMVol           55066.0
  #CBVS2 CerebellumVol          65077.0
  #CBVS2 CerebellumGMVol        51112.0
  #CBVS2 VentChorVol             8179.0
  #CBVS2 3rd4th5thCSF            1467.0
  #CBVS2 AllCSF                  9646.0
  #CBVS2 CCVol                   3849.0
#-----------------------------------------
#@# AParc-to-ASeg aparc Thu Mar 12 14:12:16 CET 2026
/out/sourcedata/freesurfer/sub-v1s16x0051160_ses-1/mri

 mri_surf2volseg --o aparc+aseg.mgz --label-cortex --i aseg.mgz --threads 16 --lh-annot /out/sourcedata/freesurfer/sub-v1s16x0051160_ses-1/label/lh.aparc.annot 1000 --lh-cortex-mask /out/sourcedata/freesurfer/sub-v1s16x0051160_ses-1/label/lh.cortex.label --lh-white /out/sourcedata/freesurfer/sub-v1s16x0051160_ses-1/surf/lh.white --lh-pial /out/sourcedata/freesurfer/sub-v1s16x0051160_ses-1/surf/lh.pial --rh-annot /out/sourcedata/freesurfer/sub-v1s16x0051160_ses-1/label/rh.aparc.annot 2000 --rh-cortex-mask /out/sourcedata/freesurfer/sub-v1s16x0051160_ses-1/label/rh.cortex.label --rh-white /out/sourcedata/freesurfer/sub-v1s16x0051160_ses-1/surf/rh.white --rh-pial /out/sourcedata/freesurfer/sub-v1s16x0051160_ses-1/surf/rh.pial 

SUBJECTS_DIR /out/sourcedata/freesurfer
outvol aparc+aseg.mgz
16 avail.processors, using 16
Loading aseg.mgz
Loading /out/sourcedata/freesurfer/sub-v1s16x0051160_ses-1/surf/lh.white
Loading /out/sourcedata/freesurfer/sub-v1s16x0051160_ses-1/surf/lh.pial
Loading /out/sourcedata/freesurfer/sub-v1s16x0051160_ses-1/label/lh.cortex.label
Ripping lh vertices labeled not in lh.cortex.label
  ripped 6321 vertices from lh hemi
Loading /out/sourcedata/freesurfer/sub-v1s16x0051160_ses-1/label/lh.aparc.annot
Loading /out/sourcedata/freesurfer/sub-v1s16x0051160_ses-1/surf/rh.white
Loading /out/sourcedata/freesurfer/sub-v1s16x0051160_ses-1/surf/rh.pial
Loading /out/sourcedata/freesurfer/sub-v1s16x0051160_ses-1/label/rh.cortex.label
Ripping rh vertices labeled not in rh.cortex.label
  ripped 6884 vertices from rh hemi
Loading /out/sourcedata/freesurfer/sub-v1s16x0051160_ses-1/label/rh.aparc.annot
Done loading
  0 224 128 208  32 160  96 240  48  80 192  64 176  16 144 112 241  65 225  49  33 209   1  17 242 226  50  34  66 243   2 210  18 227  51  35 244   3  36  52 211  67 228  19 
245 229 246   4 212  20  37  53 230 247   5 213  21  38  54 248 231   6 249  39 
 55 232 214  22 250  68 233   7 215  23  56 251 234   8  40 252  24   9 216 235 253  10 236  57  25 217 254  11 237  41  26 218 238  58  27  42  12 255 219 
239 
 69  13  28  43  59 
220  14  29  60  44  15  30 221 193  61  45 222  62  46  31 223  63  70  47  71  81  72 194  73  82  74 161 195 113 177  75 196  97  83 197  76 129 198 145 199 
200 201 202 203 204 205 206  77 207  84 114 162 178  78  98  85  79 
130  86 115 146  99 
163  87 179 
 88 131 100 116 164 147 180  89 101  90 165 117 132 181 148 102  91 166 182 118 149 103 133  92 104 183 119 
167  93 150 134 105 120 184  94 151 168 185 106 135 121 186 152  95 169 107 187 122 136 153 188 108 123 170 189 137 154 190 109 124 191 171 138 110 155 125 111 172 139 
126 156 173 140 127 157 174 141 158 175 142 159 
143 
nrelabeled = 373616
ndotcheck = 25327
Starting Surf2VolSeg free
free done
#VMPC# mri_surf2volseg VmPeak  1788828
mri_surf2volseg done
#-----------------------------------------
#@# AParc-to-ASeg aparc.a2009s Thu Mar 12 14:12:33 CET 2026
/out/sourcedata/freesurfer/sub-v1s16x0051160_ses-1/mri

 mri_surf2volseg --o aparc.a2009s+aseg.mgz --label-cortex --i aseg.mgz --threads 16 --lh-annot /out/sourcedata/freesurfer/sub-v1s16x0051160_ses-1/label/lh.aparc.a2009s.annot 11100 --lh-cortex-mask /out/sourcedata/freesurfer/sub-v1s16x0051160_ses-1/label/lh.cortex.label --lh-white /out/sourcedata/freesurfer/sub-v1s16x0051160_ses-1/surf/lh.white --lh-pial /out/sourcedata/freesurfer/sub-v1s16x0051160_ses-1/surf/lh.pial --rh-annot /out/sourcedata/freesurfer/sub-v1s16x0051160_ses-1/label/rh.aparc.a2009s.annot 12100 --rh-cortex-mask /out/sourcedata/freesurfer/sub-v1s16x0051160_ses-1/label/rh.cortex.label --rh-white /out/sourcedata/freesurfer/sub-v1s16x0051160_ses-1/surf/rh.white --rh-pial /out/sourcedata/freesurfer/sub-v1s16x0051160_ses-1/surf/rh.pial 

SUBJECTS_DIR /out/sourcedata/freesurfer
outvol aparc.a2009s+aseg.mgz
16 avail.processors, using 16
Loading aseg.mgz
Loading /out/sourcedata/freesurfer/sub-v1s16x0051160_ses-1/surf/lh.white
Loading /out/sourcedata/freesurfer/sub-v1s16x0051160_ses-1/surf/lh.pial
Loading /out/sourcedata/freesurfer/sub-v1s16x0051160_ses-1/label/lh.cortex.label
Ripping lh vertices labeled not in lh.cortex.label
  ripped 6321 vertices from lh hemi
Loading /out/sourcedata/freesurfer/sub-v1s16x0051160_ses-1/label/lh.aparc.a2009s.annot
Loading /out/sourcedata/freesurfer/sub-v1s16x0051160_ses-1/surf/rh.white
Loading /out/sourcedata/freesurfer/sub-v1s16x0051160_ses-1/surf/rh.pial
Loading /out/sourcedata/freesurfer/sub-v1s16x0051160_ses-1/label/rh.cortex.label
Ripping rh vertices labeled not in rh.cortex.label
  ripped 6884 vertices from rh hemi
Loading /out/sourcedata/freesurfer/sub-v1s16x0051160_ses-1/label/rh.aparc.a2009s.annot
Done loading
  0 112 176 128 144  32 240  80  64 192  96  16 208 160  48 224  65 241   1 225  17  33 209  49 242   2 226  34 210  66  18  50 243   3 227  35 211 244 228  19 
  4  51  36  67 212 245 229  20   5  37  52   6  38 213  21  53   7  39 
214 246 230  22   8  40  54 247 231  68   9  23 248 232  55 215  10 249 233  41 216 250  11  56 234 217 251  24  12 235 218  57 252 236  13  42 219 
 69 253 237  58  14 220  25 238 254 221  15  59 
239 
255  43 222  60 223  26  44 193  61  70  27  45  28  46  62  29  47  63  30  31  71  81  72  73 194  74 161  82 113 195  75 196  76  83 197 198  77 199 
145 200 129 201 114 202 203 204 205 206 207 162  97  78  84 177  79 
 85 115 130 163 146  86  87 116  98 164  88 131 147 178 117  89 165 148 118  90 132  99 
166 119 
 91 149 179 
133 167 120  92 150 100 121  93 134 151 168 122 180 101  94 152 169 135 123 153  95 170 102 124 136 181 154 125 171 103 155 182 137 126 172 104 156 183 127 173 138 105 184 174 157 185 175 158 186 106 139 
187 159 
188 189 107 190 140 191 108 109 141 110 111 142 143 
nrelabeled = 373616
ndotcheck = 25327
Starting Surf2VolSeg free
free done
#VMPC# mri_surf2volseg VmPeak  2184972
mri_surf2volseg done
#-----------------------------------------
#@# AParc-to-ASeg aparc.DKTatlas Thu Mar 12 14:12:53 CET 2026
/out/sourcedata/freesurfer/sub-v1s16x0051160_ses-1/mri

 mri_surf2volseg --o aparc.DKTatlas+aseg.mgz --label-cortex --i aseg.mgz --threads 16 --lh-annot /out/sourcedata/freesurfer/sub-v1s16x0051160_ses-1/label/lh.aparc.DKTatlas.annot 1000 --lh-cortex-mask /out/sourcedata/freesurfer/sub-v1s16x0051160_ses-1/label/lh.cortex.label --lh-white /out/sourcedata/freesurfer/sub-v1s16x0051160_ses-1/surf/lh.white --lh-pial /out/sourcedata/freesurfer/sub-v1s16x0051160_ses-1/surf/lh.pial --rh-annot /out/sourcedata/freesurfer/sub-v1s16x0051160_ses-1/label/rh.aparc.DKTatlas.annot 2000 --rh-cortex-mask /out/sourcedata/freesurfer/sub-v1s16x0051160_ses-1/label/rh.cortex.label --rh-white /out/sourcedata/freesurfer/sub-v1s16x0051160_ses-1/surf/rh.white --rh-pial /out/sourcedata/freesurfer/sub-v1s16x0051160_ses-1/surf/rh.pial 

SUBJECTS_DIR /out/sourcedata/freesurfer
outvol aparc.DKTatlas+aseg.mgz
16 avail.processors, using 16
Loading aseg.mgz
Loading /out/sourcedata/freesurfer/sub-v1s16x0051160_ses-1/surf/lh.white
Loading /out/sourcedata/freesurfer/sub-v1s16x0051160_ses-1/surf/lh.pial
Loading /out/sourcedata/freesurfer/sub-v1s16x0051160_ses-1/label/lh.cortex.label
Ripping lh vertices labeled not in lh.cortex.label
  ripped 6321 vertices from lh hemi
Loading /out/sourcedata/freesurfer/sub-v1s16x0051160_ses-1/label/lh.aparc.DKTatlas.annot
Loading /out/sourcedata/freesurfer/sub-v1s16x0051160_ses-1/surf/rh.white
Loading /out/sourcedata/freesurfer/sub-v1s16x0051160_ses-1/surf/rh.pial
Loading /out/sourcedata/freesurfer/sub-v1s16x0051160_ses-1/label/rh.cortex.label
Ripping rh vertices labeled not in rh.cortex.label
  ripped 6884 vertices from rh hemi
Loading /out/sourcedata/freesurfer/sub-v1s16x0051160_ses-1/label/rh.aparc.DKTatlas.annot
Done loading
  0  48 240  80  16 176 144 208  32  64 128 224 160  96 112 192 241  17  33  65   1 225  49 209 242 226  34  18   2  66 210  50 243 227  35  19 
  3  36 244  20 228   4 211  67  51 245  37 229  21   5 212 246  52 230  38  22   6 213 247 231  39 
 23   7  53  40  24   8 214  54  41  25 215  68   9 248 232  42  26  10 249 233  55  43  27  11 216  56  44  28  12 250 234  45  13 235 217  57  46  14 236  29 218 251  47  15 237  30 252 238  69  58 219 
239 
 59 
 31 253 220  60 254 221  61 255 222 193  62 223  63  70  71  81  72 194  73 113  82 195  74 196 177 197  83  75 198 161 199 
200 201 202 203 114 204 205 206 129 207  76  97  84  77 178 115  85  78 162  79 
 86 145 130 179 
116  87 163  98  88 117 180 164  89 131 118 181 165  99 
 90 146 119 
182  91 166 132 120 183 100  92 121 167 184  93 147 185 133 122 101 168  94 186 123 187 134 169  95 188 124 102 148 189 135 125 170 190 191 103 126 149 171 136 104 150 127 172 105 137 151 106 173 152 107 138 174 153 108 175 139 
154 109 110 140 155 111 156 141 157 142 158 143 159 

nrelabeled = 373616
ndotcheck = 25327
Starting Surf2VolSeg free
free done
#VMPC# mri_surf2volseg VmPeak  1788964
mri_surf2volseg done
#-----------------------------------------
#@# WMParc Thu Mar 12 14:13:12 CET 2026
/out/sourcedata/freesurfer/sub-v1s16x0051160_ses-1/mri

 mri_surf2volseg --o wmparc.mgz --label-wm --i aparc+aseg.mgz --threads 16 --lh-annot /out/sourcedata/freesurfer/sub-v1s16x0051160_ses-1/label/lh.aparc.annot 3000 --lh-cortex-mask /out/sourcedata/freesurfer/sub-v1s16x0051160_ses-1/label/lh.cortex.label --lh-white /out/sourcedata/freesurfer/sub-v1s16x0051160_ses-1/surf/lh.white --lh-pial /out/sourcedata/freesurfer/sub-v1s16x0051160_ses-1/surf/lh.pial --rh-annot /out/sourcedata/freesurfer/sub-v1s16x0051160_ses-1/label/rh.aparc.annot 4000 --rh-cortex-mask /out/sourcedata/freesurfer/sub-v1s16x0051160_ses-1/label/rh.cortex.label --rh-white /out/sourcedata/freesurfer/sub-v1s16x0051160_ses-1/surf/rh.white --rh-pial /out/sourcedata/freesurfer/sub-v1s16x0051160_ses-1/surf/rh.pial 

SUBJECTS_DIR /out/sourcedata/freesurfer
outvol wmparc.mgz
16 avail.processors, using 16
Loading aparc+aseg.mgz
Loading /out/sourcedata/freesurfer/sub-v1s16x0051160_ses-1/surf/lh.white
Loading /out/sourcedata/freesurfer/sub-v1s16x0051160_ses-1/surf/lh.pial
Loading /out/sourcedata/freesurfer/sub-v1s16x0051160_ses-1/label/lh.cortex.label
Ripping lh vertices labeled not in lh.cortex.label
  ripped 6321 vertices from lh hemi
Loading /out/sourcedata/freesurfer/sub-v1s16x0051160_ses-1/label/lh.aparc.annot
Loading /out/sourcedata/freesurfer/sub-v1s16x0051160_ses-1/surf/rh.white
Loading /out/sourcedata/freesurfer/sub-v1s16x0051160_ses-1/surf/rh.pial
Loading /out/sourcedata/freesurfer/sub-v1s16x0051160_ses-1/label/rh.cortex.label
Ripping rh vertices labeled not in rh.cortex.label
  ripped 6884 vertices from rh hemi
Loading /out/sourcedata/freesurfer/sub-v1s16x0051160_ses-1/label/rh.aparc.annot
Done loading
  0  80 144 176 128 208 192 224 240  64  16  48 112  96 160  32   1 209  65 225 241  49  17  33   2 226  66 210 242  50  34  18 193   3 227  67 243 211  51   4  35  19 
228  68   5 194 244 212 229  69  52  36  20   6 230 245 213 195  53  37  21   7  70 231  81   8 246 214  71  54  38  22 196 232   9 247 215 233  72  55 197  23  10 248 234  39 
216  56  11  24 249 235  73  40  12 198 217  57  25 250 236  13 199 
218 251 237  58  26  14  41  74 238 219 
 59 
 15  27  82  42 252 200 239 
177 220 253  60  28  43 201  75 254 221  61 202  29  44 255 222  62 203  30  45  76  97 223  63 204  31  46 205  47 206 129  83  77 207 145  78 178  79 
 84  98 161  85 179 
 86 130 146 180  99 
 87 113  88 181 162  89 100 131 182 147  90 183 132 101 114  91 184 163 133 185 148  92 186 134 102 187 188  93 135 189 164 190 149 191 115 103  94 136 137 165  95 150 104 138 116 139 
166 105 140 151 141 106 117 167 142 152 107 168 143 118 108 169 153 119 
170 109 154 171 120 110 172 121 155 173 122 111 174 156 123 175 124 157 125 158 126 127 159 

nrelabeled = 384024
ndotcheck = 3315
Starting Surf2VolSeg free
free done
#VMPC# mri_surf2volseg VmPeak  1788828
mri_surf2volseg done

 mri_segstats --seed 1234 --seg mri/wmparc.mgz --sum stats/wmparc.stats --pv mri/norm.mgz --excludeid 0 --brainmask mri/brainmask.mgz --in mri/norm.mgz --in-intensity-name norm --in-intensity-units MR --subject sub-v1s16x0051160_ses-1 --surf-wm-vol --ctab /opt/freesurfer/WMParcStatsLUT.txt --etiv 

setting seed for random number genererator to 1234

7.3.2
cwd 
cmdline mri_segstats --seed 1234 --seg mri/wmparc.mgz --sum stats/wmparc.stats --pv mri/norm.mgz --excludeid 0 --brainmask mri/brainmask.mgz --in mri/norm.mgz --in-intensity-name norm --in-intensity-units MR --subject sub-v1s16x0051160_ses-1 --surf-wm-vol --ctab /opt/freesurfer/WMParcStatsLUT.txt --etiv 
sysname  Linux
hostname dna010
machine  x86_64
user     oesteban
whitesurfname  white
UseRobust  0
atlas_icv (eTIV) = 1074209 mm^3    (det: 1.813526 )
Loading mri/wmparc.mgz
Getting Brain Volume Statistics
Loading mri/norm.mgz
Loading mri/norm.mgz
Voxel Volume is 1 mm^3
Generating list of segmentation ids
Found 390 segmentations
Computing statistics for each segmentation

Reporting on  70 segmentations
Using PrintSegStat
mri_segstats done
#--------------------------------------------
#@# ASeg Stats Thu Mar 12 14:17:00 CET 2026
/out/sourcedata/freesurfer/sub-v1s16x0051160_ses-1

 mri_segstats --seed 1234 --seg mri/aseg.mgz --sum stats/aseg.stats --pv mri/norm.mgz --empty --brainmask mri/brainmask.mgz --brain-vol-from-seg --excludeid 0 --excl-ctxgmwm --supratent --subcortgray --in mri/norm.mgz --in-intensity-name norm --in-intensity-units MR --etiv --surf-wm-vol --surf-ctx-vol --totalgray --euler --ctab /opt/freesurfer/ASegStatsLUT.txt --subject sub-v1s16x0051160_ses-1 

setting seed for random number genererator to 1234

7.3.2
cwd 
cmdline mri_segstats --seed 1234 --seg mri/aseg.mgz --sum stats/aseg.stats --pv mri/norm.mgz --empty --brainmask mri/brainmask.mgz --brain-vol-from-seg --excludeid 0 --excl-ctxgmwm --supratent --subcortgray --in mri/norm.mgz --in-intensity-name norm --in-intensity-units MR --etiv --surf-wm-vol --surf-ctx-vol --totalgray --euler --ctab /opt/freesurfer/ASegStatsLUT.txt --subject sub-v1s16x0051160_ses-1 
sysname  Linux
hostname dna010
machine  x86_64
user     oesteban
whitesurfname  white
UseRobust  0
atlas_icv (eTIV) = 1074209 mm^3    (det: 1.813526 )
Computing euler number
orig.nofix lheno =  -52, rheno = -40
orig.nofix lhholes =   27, rhholes = 21
Loading mri/aseg.mgz
Getting Brain Volume Statistics
Loading mri/norm.mgz
Loading mri/norm.mgz
Voxel Volume is 1 mm^3
Generating list of segmentation ids
Found  50 segmentations
Computing statistics for each segmentation

Reporting on  45 segmentations
Using PrintSegStat
mri_segstats done

Started at Thu Mar 12 14:11:52 CET 2026 
Ended   at Thu Mar 12 14:17:41 CET 2026
#@#%# recon-all-run-time-hours 0.097
recon-all -s sub-v1s16x0051160_ses-1 finished without error at Thu Mar 12 14:17:41 CET 2026
