global_signal	global_signal_derivative1	global_signal_power2	global_signal_derivative1_power2	csf	csf_derivative1	csf_power2	csf_derivative1_power2	white_matter	white_matter_derivative1	white_matter_derivative1_power2	white_matter_power2	csf_wm	tcompcor	std_dvars	dvars	framewise_displacement	rmsd	t_comp_cor_00	t_comp_cor_01	t_comp_cor_02	t_comp_cor_03	t_comp_cor_04	c_comp_cor_00	c_comp_cor_01	c_comp_cor_02	c_comp_cor_03	c_comp_cor_04	c_comp_cor_05	c_comp_cor_06	w_comp_cor_00	w_comp_cor_01	w_comp_cor_02	w_comp_cor_03	w_comp_cor_04	w_comp_cor_05	w_comp_cor_06	w_comp_cor_07	w_comp_cor_08	w_comp_cor_09	w_comp_cor_10	w_comp_cor_11	w_comp_cor_12	w_comp_cor_13	w_comp_cor_14	a_comp_cor_00	a_comp_cor_01	a_comp_cor_02	a_comp_cor_03	a_comp_cor_04	a_comp_cor_05	a_comp_cor_06	a_comp_cor_07	a_comp_cor_08	a_comp_cor_09	a_comp_cor_10	a_comp_cor_11	a_comp_cor_12	a_comp_cor_13	a_comp_cor_14	edge_comp_00	edge_comp_01	edge_comp_02	edge_comp_03	edge_comp_04	edge_comp_05	edge_comp_06	edge_comp_07	edge_comp_08	edge_comp_09	edge_comp_10	edge_comp_11	edge_comp_12	edge_comp_13	edge_comp_14	edge_comp_15	edge_comp_16	edge_comp_17	edge_comp_18	edge_comp_19	edge_comp_20	edge_comp_21	edge_comp_22	edge_comp_23	cosine00	cosine01	cosine02	cosine03	cosine04	cosine05	non_steady_state_outlier00	non_steady_state_outlier01	trans_x	trans_x_derivative1	trans_x_derivative1_power2	trans_x_power2	trans_y	trans_y_derivative1	trans_y_power2	trans_y_derivative1_power2	trans_z	trans_z_derivative1	trans_z_derivative1_power2	trans_z_power2	rot_x	rot_x_derivative1	rot_x_power2	rot_x_derivative1_power2	rot_y	rot_y_derivative1	rot_y_derivative1_power2	rot_y_power2	rot_z	rot_z_derivative1	rot_z_derivative1_power2	rot_z_power2	motion_outlier00	motion_outlier01	motion_outlier02	motion_outlier03	motion_outlier04	motion_outlier05	motion_outlier06	motion_outlier07	motion_outlier08	motion_outlier09	motion_outlier10	motion_outlier11	motion_outlier12	motion_outlier13	motion_outlier14	motion_outlier15	motion_outlier16	motion_outlier17	motion_outlier18	motion_outlier19	motion_outlier20	motion_outlier21	motion_outlier22	motion_outlier23	motion_outlier24	motion_outlier25
2407.2214663409504	n/a	5794715.188012675	n/a	2965.123076923077	n/a	8791954.861301776	n/a	2797.615984405458	n/a	n/a	7826655.196200921	2830.7186206896554	1790.2426584234931	n/a	n/a	n/a	n/a	0.0	0.0	0.0	0.0	0.0	0.0	0.0	0.0	0.0	0.0	0.0	0.0	0.0	0.0	0.0	0.0	0.0	0.0	0.0	0.0	0.0	0.0	0.0	0.0	0.0	0.0	0.0	0.0	0.0	0.0	0.0	0.0	0.0	0.0	0.0	0.0	0.0	0.0	0.0	0.0	0.0	0.0	0.0	0.0	0.0	0.0	0.0	0.0	0.0	0.0	0.0	0.0	0.0	0.0	0.0	0.0	0.0	0.0	0.0	0.0	0.0	0.0	0.0	0.0	0.0	0.0	0.0	0.0	0.0	0.0	0.0	0.0	1.0	0.0	0.0	n/a	n/a	0.0	0.0	n/a	0.0	n/a	0.0	n/a	n/a	0.0	-0.0	n/a	0.0	n/a	0.0	n/a	n/a	0.0	0.0	n/a	n/a	0.0	0.0	0.0	0.0	0.0	0.0	0.0	0.0	0.0	0.0	0.0	0.0	0.0	0.0	0.0	0.0	0.0	0.0	0.0	0.0	0.0	0.0	0.0	0.0	0.0	0.0	0.0
2407.2214663409504	0.0	5794715.188012675	0.0	2965.123076923077	0.0	8791954.861301776	0.0	2797.615984405458	0.0	0.0	7826655.196200921	2830.7186206896554	1790.2426584234931	0.0	0.0	0.0	0.0	0.0	0.0	0.0	0.0	0.0	0.0	0.0	0.0	0.0	0.0	0.0	0.0	0.0	0.0	0.0	0.0	0.0	0.0	0.0	0.0	0.0	0.0	0.0	0.0	0.0	0.0	0.0	0.0	0.0	0.0	0.0	0.0	0.0	0.0	0.0	0.0	0.0	0.0	0.0	0.0	0.0	0.0	0.0	0.0	0.0	0.0	0.0	0.0	0.0	0.0	0.0	0.0	0.0	0.0	0.0	0.0	0.0	0.0	0.0	0.0	0.0	0.0	0.0	0.0	0.0	0.0	0.0	0.0	0.0	0.0	0.0	0.0	0.0	1.0	0.0	0.0	0.0	0.0	0.0	0.0	0.0	0.0	0.0	0.0	0.0	0.0	-0.0	0.0	0.0	0.0	0.0	0.0	0.0	0.0	0.0	0.0	0.0	0.0	0.0	0.0	0.0	0.0	0.0	0.0	0.0	0.0	0.0	0.0	0.0	0.0	0.0	0.0	0.0	0.0	0.0	0.0	0.0	0.0	0.0	0.0	0.0	0.0	0.0	0.0
2409.335474599421	2.114008258470676	5804897.429163218	4.469030916882221	2978.319317157452	13.196240234375182	8870385.954953233	174.14075632334234	2795.165967320373	-2.4500170850851646	6.002583717209206	7812952.784866037	2830.705218042834	1734.1930679722216	0.923848	20.546186	0.1147479604997983	0.0609594997873779	-0.0459081971	0.0117236135	-0.0838397843	0.0815968355	-0.0395828522	-0.0587270032	0.0069478366	-0.0283524976	-0.0151826021	-0.0487581834	0.0256597902	-0.0027351991	0.083358656	-0.0051711214	0.0084362177	-0.1243191399	0.1759750332	-0.0509189931	0.0936465716	-0.0215994317	0.0400155535	-0.0315292706	0.0159907431	-0.1406773772	0.172035205	-0.0317882986	0.0145394879	-0.0449467994	0.013339369	-0.0592896514	0.0516598468	-0.1925114254	0.120614375	-0.0845048367	0.0258155936	-0.0327849147	0.0761463155	-0.1168092665	0.0151606775	-0.0138953348	0.0240607066	-0.0304200023	0.0249694739	-0.0057857963	0.0257996208	-0.0194451435	0.0320883814	0.0381462254	-0.0220689123	0.0295151076	-0.0275598734	0.0223985332	-0.0794571445	0.0781294779	-0.1257795074	0.0622302781	-0.0101800229	-0.0804865042	0.0263295009	-0.0187879501	-0.1364166325	-0.0599398707	0.0212211175	-0.0093806722	0.0575935378	-0.0230354589	0.0916678532	0.0916618636	0.0916518812	0.0916379066	0.0916199402	0.0915979829	0.0	0.0	-0.0246880372322948	-0.0246880372322948	0.0006094991823831	0.0006094991823831	5.730016019356299e-05	5.730016019356299e-05	3.28330835820798e-09	3.28330835820798e-09	0.01909431581619	0.01909431581619	0.0003645928964884	0.0003645928964884	-0.0008670249919506	-0.0008670249919506	7.51732336666938e-07	7.51732336666938e-07	0.0004379512112235	0.0004379512112235	1.9180126341213075e-07	1.9180126341213075e-07	0.0001131899426483	0.0001131899426483	1.2811963116725442e-08	1.2811963116725442e-08	0.0	0.0	0.0	0.0	0.0	0.0	0.0	0.0	0.0	0.0	0.0	0.0	0.0	0.0	0.0	0.0	0.0	0.0	0.0	0.0	0.0	0.0	0.0	0.0	0.0	0.0
2415.6921030087788	6.356628409357654	5835568.336538976	40.40672473465282	3002.080596454327	23.761279296874815	9012487.907607568	564.5983938240919	2803.9126895064264	8.746722186053375	76.50514899999834	7861926.370375162	2837.8055874528554	1746.10654214803	0.7942679999999999	17.664345	0.0762061279895322	0.0414905989671013	-0.0362374838	0.0062845403	-0.0631953755	0.0555831649	-0.0142521661	-0.0150908418	-0.0482855622	-0.0131031439	-0.0802146302	0.0075145175	-0.0079105386	-0.0396002136	0.0553342558	0.0769402843	-0.1031460024	0.0109762188	0.0707785434	-0.066158462	-0.0554769342	0.1128186266	0.038506965	-0.0775293859	-0.1363024701	0.0830362634	0.0226348061	0.1170327774	-0.006747388	-0.0325820372	0.0963195794	0.0887126949	0.0046945036	-0.0962210474	-0.020731003	0.0040780859	0.0244023976	-0.1071368194	0.0325296961	0.0774683044	-0.0320220872	-0.0325765768	0.0307484717	-0.0286680408	0.0263318366	-0.0070944827	0.0204465474	-0.0184322582	0.0211986703	0.0311428062	-0.0096154065	0.0230219448	-0.0147362422	-0.0056669981	-0.0588538264	0.0521935082	-0.080246856	0.0794538074	0.0318200569	0.093079983	0.0691636838	-0.0018195019	-0.0867424395	-0.0288231156	0.0157311075	0.0485144645	0.0281566965	-0.0463532023	0.0916518812	0.0915979829	0.0915081759	0.0913824953	0.0912209905	0.0910237247	0.0	0.0	0.0005621859318125	0.0252502231641073	0.0006375737698372	3.160530219278889e-07	-0.0182672982733578	-0.0183245984335513	0.0003336941862078	0.0003357909077509	0.0182288099953567	-0.0008655058208333	7.491003258963299e-07	0.0003322895138468	-0.0013860006073285	-0.0005189756153779	1.920997683514971e-06	2.693356893568701e-07	0.0004339999958031	-3.951215420400027e-06	1.5612103298406964e-11	1.883559963570908e-07	8.007620257951317e-07	-0.0001123891806225	1.2631327920998024e-08	6.412198219555229e-13	0.0	0.0	0.0	0.0	0.0	0.0	0.0	0.0	0.0	0.0	0.0	0.0	0.0	0.0	0.0	0.0	0.0	0.0	0.0	0.0	0.0	0.0	0.0	0.0	0.0	0.0
2415.425114729353	-0.2669882794257319	5834278.484865308	0.0712827413507126	2995.3443979116587	-6.736198542668262	8972088.062100757	45.37637080624602	2799.175996598212	-4.736692908214536	22.43625970672988	7835386.259931593	2833.5050594356144	1767.2219254554147	0.7639049999999998	16.989092	0.0521076279990297	0.0315440938750465	-0.0331610378	0.0067453788	-0.046245405	0.0410750154	0.0285801581	-0.0166329411	-0.0306839677	0.0073416799	-0.0811480958	-0.0162674581	0.0177739703	-0.0347059509	0.059810393	-0.0372102924	0.0953360028	-0.0070131807	-0.0742815796	-0.0933574898	-0.005445373	-0.0066974038	0.0487576372	-0.0550719345	0.0472668928	-0.0426896999	0.0104963499	0.0345897124	-0.069265189	-0.0388686657	-0.0030065071	-0.0889612696	-0.0065718039	0.0164410811	-0.0538782197	-0.1147624195	-0.0268545589	-0.0226689695	-0.0078286638	0.0402382612	0.0118068404	0.0481845558	0.0067005092	-0.1042105976	0.0203472953	-0.0062820076	0.0198467762	-0.0267090852	0.006088263	0.0308256082	-0.0132751011	0.0037358839	-0.0225729334	-0.0080745378	-0.0142471899	0.0359083154	-0.0997658286	0.0250530124	-0.0480773647	-0.0199192187	-0.0611400659	-0.0224365845	-0.0983308355	-0.0110142948	0.0415378348	-0.0291687026	0.0546066523	-0.002224337	0.0916199402	0.0914702662	0.0912209905	0.0908723846	0.0904248282	0.0898788085	0.0	0.0	-0.0127674552015122	-0.0133296411333247	0.0001776793327432	0.0001630079123226	-0.0242075560727954	-0.0059402577994376	0.0005860057710175	3.528666272377924e-05	0.0182543772009182	2.5567205561502493e-05	6.53682000224124e-10	0.0003332222869934	-0.0019060018254954	-0.0005200012181668	3.632842958791797e-06	2.704012668950598e-07	0.0005699995666279	0.0001359995708248	1.8495883264529807e-08	3.2489950595599384e-07	1.0432102482141805e-06	2.424482224190488e-07	5.878114055415656e-14	1.088287621979092e-12	0.0	0.0	0.0	0.0	0.0	0.0	0.0	0.0	0.0	0.0	0.0	0.0	0.0	0.0	0.0	0.0	0.0	0.0	0.0	0.0	0.0	0.0	0.0	0.0	0.0	0.0
2414.5191490985258	-0.905965630827268	5829902.721363469	0.8207737242402494	3009.1153094951924	13.770911583533689	9054774.945838347	189.63800584150232	2805.8370377984893	6.661041200277396	44.36946987179292	7872721.482681801	2841.3823494746766	1799.3602960931462	0.8868859999999998	19.724171	0.0961238664337246	0.0441020239496643	-0.0124914208	0.0223652849	-0.0458908779	0.0680725758	0.1017201923	0.0198978368	0.0083228733	-0.0916524331	-0.070450997	-0.024191078	0.0190625009	-0.0215440618	0.0060481328	0.0453373932	-0.0501277096	0.0222748547	-0.1260065381	-0.0811278492	0.0533886036	0.0146728594	-0.0120114146	-0.0541093703	-0.0369657612	-0.0168357309	-0.0274015115	0.0903825318	-0.042241136	0.0079501905	0.0436073773	0.0756322389	0.0025343217	0.0702511656	-0.0624727178	-0.1099070546	0.0266126524	-0.0030281733	-0.0137749644	0.016217243	-0.0098289191	0.035540563	-0.022710327	0.0778409449	0.0223798005	-0.0094106565	0.0114557794	-0.0231113428	0.0282977737	0.031482166	-0.006634648	0.0093124661	-0.0012929806	-0.0235278623	-0.0255474944	0.0424330961	-0.049522726	0.0308280035	0.020111281	0.0579675669	0.1192779845	0.0219784947	-0.0127933498	0.0119080202	0.0660683574	-0.0314575349	-0.0231674973	0.0439887295	0.0915720357	0.0912788023	0.0907907753	0.0901089963	0.0892349201	0.0881704121	0.0	0.0	-0.0247232454321846	-0.0119557902306723	0.0001429409200398	0.0006112388647	-0.0182007362968192	0.0060068197759762	0.0003312668017463	3.608188382105877e-05	0.0431894252789035	0.0249350480779853	0.0006217566226514	0.0018653264559219	-0.0013588601503029	0.0005471416751924	1.84650090808122e-06	2.9936401273245506e-07	0.0006622886877343	9.228912110639992e-05	8.517281874591753e-09	4.386263059008211e-07	-0.0004240501604347	-0.0004250933706829	1.807043737985615e-07	1.798185385646948e-07	0.0	0.0	0.0	0.0	0.0	0.0	0.0	0.0	0.0	0.0	0.0	0.0	0.0	0.0	0.0	0.0	0.0	0.0	0.0	0.0	0.0	0.0	0.0	0.0	0.0	0.0
2415.706101162188	1.1869520636623747	5835635.96719222	1.40885520143237	2999.916924579327	-9.198384915865518	8999501.554377487	84.61028506042229	2806.0743762754323	0.2373384769430231	0.0563295526376339	7874053.405189556	2839.10122811153	1796.901918885881	0.874857	19.456648	0.1024155684638047	0.0619531306502358	-0.0133709297	0.0109998811	-0.0344198897	0.0284528187	0.0788186392	0.0101238859	-0.0055352856	-0.0549348051	0.1380455365	0.0123465456	0.0326620791	0.0019291352	0.0029554752	-0.0266553975	0.0677465852	0.0178350611	0.0410560597	-0.008637531	0.0026287082	-0.0300403669	-0.0944480926	-0.0494929044	-0.0319673847	0.0595770071	-0.0224276715	0.0660455975	-0.0654745302	0.0075048226	-0.0208157223	-0.081236104	-0.0412950219	-0.0053860629	-0.0167770582	0.0120074043	0.0201853268	-0.003774384	-0.0627908708	-0.0201361532	-0.0343779486	-0.0106340147	0.0395182189	0.1390185504	0.0220015534	-0.011584208	0.0077316182	-0.0278743308	0.0322315741	0.0542794267	0.008124715	-0.0126842552	-0.0318204243	-0.0047357093	-0.0095511945	0.0382674713	-0.0634249015	0.0053502647	-0.0320300285	0.0571963293	-0.0697508091	-0.0187842069	-0.0176392106	0.0447285315	-0.09983277	-0.00772191	0.0188694807	0.0181583151	0.0915081759	0.0910237247	0.090218205	0.0890944581	0.0876564477	0.0859092462	0.0	0.0	-0.0305829559290486	-0.005859710496864	3.4336207107058165e-05	0.0009353171933581	-0.0176380107998426	0.0005627254969765	0.0003110994249753	3.166599849475601e-07	0.0696855238337477	0.0264960985548441	0.000702043238628	0.0048560722319838	-0.0022642648724393	-0.0009054047221363	5.126895412562559e-06	8.197577108668913e-07	0.0011449789529436	0.0004826902652092	2.3298989212782437e-07	1.3109768026838226e-06	-0.000422204469478	1.845690956699998e-06	3.4065751076441536e-12	1.7825661404719946e-07	0.0	0.0	0.0	0.0	0.0	0.0	0.0	0.0	0.0	0.0	0.0	0.0	0.0	0.0	0.0	0.0	0.0	0.0	0.0	0.0	0.0	0.0	0.0	0.0	0.0	0.0
2419.991523551463	4.285422389275027	5856358.974060932	18.36484505449968	2982.016517991286	-17.900406588040823	8892422.513572874	320.4245560171753	2803.167552806713	-2.906823468719267	8.449622678297112	7857748.329108376	2836.7788409213363	1833.748352321996	1.033891	22.993517	0.1482253284693952	0.0694215414532935	0.0353279618	-0.0184934277	0.01531009	-0.152956536	0.000705679	-0.0425729068	0.0239529941	-0.0019811624	0.0502024355	-0.0335436284	-0.0146816312	-0.0746224414	-0.0288449552	0.0271548471	0.0080238584	-0.0165118853	-0.1279676602	-0.0131533845	-0.0511231447	-0.0189701122	0.0873066317	0.0348290904	-0.0237909966	-0.1398355723	0.0240287675	-0.1217229323	0.0345897405	0.0434589924	0.0158949902	0.0267654922	0.0565140934	0.1067992269	-0.0372039949	-0.0630157618	-0.1252241335	0.0056840517	0.1025343244	-0.0373407631	0.0013784209	0.0294821397	-0.0142893569	0.0612915729	0.0179232956	-0.0089034116	0.0278946903	-0.0237118171	0.0099708593	0.0631388591	0.0124025679	-0.0322169971	-0.0169318526	-0.0797251681	0.0356882651	0.1057171492	-0.0085629574	-0.043977695	0.0056754426	-0.0540229701	0.0794660084	0.0083478471	0.0378762099	-0.0188923713	-0.1202448931	-0.0035778465	-0.0370808914	0.0993892407	0.091428372	0.0907052112	0.0895041772	0.0878315976	0.0856962841	0.0831094865	0.0	0.0	-0.0445334770805203	-0.0139505211514717	0.0001946170403976	0.0019832305808812	-0.0595047224555855	-0.0418667116557429	0.0035408119945162	0.0017528215448651	0.0232977245855821	-0.0463877992481655	0.0021518279190881	0.0005427839708656	-0.002700862727358	-0.0004365978549187	7.294659472031694e-06	1.9061768691961024e-07	0.0006620727941109	-0.0004829061588327	2.331983582385529e-07	4.3834038470181413e-07	-0.0004231063840069	-9.019145288999664e-07	8.134498174408487e-13	1.790190121873943e-07	0.0	0.0	0.0	0.0	0.0	0.0	0.0	0.0	0.0	0.0	0.0	0.0	0.0	0.0	0.0	0.0	0.0	0.0	0.0	0.0	0.0	0.0	0.0	0.0	0.0	0.0
2422.500798458314	2.5092749068508056	5868510.118531168	6.296460558151119	3010.96792179988	28.951403808594023	9065927.82610789	838.1837824882725	2802.1525186460617	-1.0150341606513391	1.030294347289169	7852058.737754467	2840.320902646821	1790.6423620020587	1.044047	23.219391	0.1546077050912873	0.0811331050443876	-0.0062620721	-0.0216078908	-0.0315633269	-0.1025156968	-0.026046094	0.0374162467	0.0046374456	-0.062299627	0.0642443596	0.061425689	-0.0911690782	-0.0497120537	0.0812284156	0.0267431235	0.0352949057	0.006937887	0.1357351691	0.0389466768	0.1367300775	0.042215891	-0.1347793469	-0.1463638106	0.0533502591	-0.1120298101	-0.01308578	-0.0541526429	-0.0604137061	-0.0657733381	0.0389667202	-0.0281220483	-0.0586306523	-0.0483241962	0.1721373093	-0.0384109285	0.0832557924	-0.1303619958	-0.0661961054	-0.0284322544	0.0642671311	0.0395450663	0.0222604384	0.1469758175	0.0120392037	0.001578062	0.0526369553	-0.0317243199	-0.0030870259	0.0603463034	0.0002361639	0.0733847778	-0.1200697669	-0.0920556887	-0.0376532685	0.1122365654	0.2046899286	-0.0507335819	-0.0335515186	0.0590193389	0.0344989601	-0.0233277963	-0.0970273388	0.0523485293	-0.1123498293	0.0888435101	0.0010223579	0.0524412884	0.091332638	0.0903234838	0.0886498116	0.0863239347	0.0833629647	0.0797886859	0.0	0.0	-0.0316061043602502	0.0129273727202701	0.0001671169654487	0.000998945832831	-0.0250642589439848	0.0344404635116007	0.0006282170764111	0.0011861455268938	-0.0367023358382994	-0.0600000604238814	0.0036000072508694	0.0013470614559873	-0.0021998888696689	0.000500973857689	4.83951103889311e-06	2.509748060878985e-07	0.0009267699980008	0.0002646972038899	7.00646097471313e-08	8.589026291944028e-07	-0.0002439812768752	0.0001791251071316	3.208580400494299e-08	5.9526863465653015e-08	0.0	0.0	0.0	0.0	0.0	0.0	0.0	0.0	0.0	0.0	0.0	0.0	0.0	0.0	0.0	0.0	0.0	0.0	0.0	0.0	0.0	0.0	0.0	0.0	0.0	0.0
2422.2963195676216	-0.2044788906923713	5867519.459790845	0.0418116167387827	3019.723505108173	8.755583308292898	9118730.04730279	76.66023906845722	2807.9145855225083	5.7620668764466245	33.20141468864336	7884384.31959004	2842.0320570110453	1810.7452708012904	0.99344	22.093908	0.0957975429045149	0.0385522790964319	0.0027851247	-0.0067914643	-0.0414979521	-0.0462119522	0.0926082509	0.0368285058	0.0157310764	-0.0094360074	-0.0506362231	0.0286108509	-0.0104464185	-0.0917862064	-0.0745882267	-0.036356081	-0.0479331752	-0.0513979477	0.0534862393	0.0497321674	0.1201403516	-0.000105285	0.0246152234	-0.013407113	-0.0853641338	-0.0225270992	0.026885289	-0.1070447912	0.0401947339	0.0340098779	-0.0798490133	0.0506419168	0.0395527584	-0.0136248044	0.1377628042	-0.0166434868	0.0470638819	-0.0629820733	0.0412749507	-0.0366705131	-0.0281278402	-0.0216865719	-0.0060998303	0.0452689169	0.0121451208	0.0018351105	0.0584755389	-0.0316953908	0.0228694843	0.0474482387	-0.019074788	0.0476593069	-0.0699920516	-0.1325713293	-0.0060689378	0.0783027699	0.0981332038	-0.0685693825	-0.0329706681	-0.05858497	0.1009389188	-0.0205099288	-0.0864561141	-0.0036023109	0.0421370071	-0.0502070764	0.0264174911	0.0897735132	0.0912209905	0.0898788085	0.0876564477	0.0845756715	0.0806666498	0.0759676635	0.0	0.0	-0.0420419620573397	-0.0104358576970894	0.0001089071258739	0.0017675265736307	-0.0160754456277629	0.0089888133162218	0.0002584199521311	8.079876483388811e-05	-0.0597640524805029	-0.0230617166422035	0.0005318427744852	0.0035717419688923	-0.0025210346429981	-0.0003211457733292	6.355615671196559e-06	1.0313460772721009e-07	0.0005408555614436	-0.0003859144365572	1.4892995234326114e-07	2.9252473834447174e-07	0.0001151816182184	0.0003591628950936	1.2899798521201634e-07	1.3266805175409254e-08	0.0	0.0	0.0	0.0	0.0	0.0	0.0	0.0	0.0	0.0	0.0	0.0	0.0	0.0	0.0	0.0	0.0	0.0	0.0	0.0	0.0	0.0	0.0	0.0	0.0	0.0
2423.20642509326	0.9101055256383006	5871929.378613257	0.8282920677973674	3008.570135967548	-11.153369140624818	9051494.263035793	124.397643187042	2810.5950558905947	2.680470368086389	7.1849213941891845	7899444.568196655	2844.830033001077	1809.1255311567963	0.7951559999999999	17.684101	0.0871553562933094	0.049062752036713	-0.0054941289	0.0007740122	-0.0298893304	-0.0262531394	0.0864179331	0.0062889596	-0.0159795373	0.0432131143	-0.0321278421	0.0006558539	0.021862915	-0.0408609093	-0.017587321	0.0444651081	-0.0347111354	0.0706974387	0.0420396976	0.0295022038	0.0245025537	0.0209853192	0.0191010792	-0.0426292361	0.0634352693	-0.0013354116	-0.0039285659	0.0691017876	-0.0015931137	0.0118959475	0.0304904167	0.0503399315	-0.0609394474	-0.0119256343	0.0109732744	0.0496965898	0.0449538027	-0.0274777772	-0.0034461616	-0.0379012846	0.0062259477	0.0783233545	-0.0003613958	0.0008064549	0.0110346101	0.0031015093	0.0403994854	-0.0302546211	0.0089102171	0.0263122804	-0.0148294362	0.0301979703	-0.0342467089	-0.079994833	-0.0059422628	0.0721056802	0.0667085347	-0.0076996369	-0.0167669455	0.094408456	0.0465193642	-0.0394058893	-0.0652227705	0.0283027444	0.0030405017	0.0155378065	0.0084799961	0.0406578195	0.0910934489	0.0893714952	0.086525643	0.0825916807	0.0776190801	0.0716703745	0.0	0.0	-0.0269218572578751	0.0151201047994645	0.0002286175691467	0.0007247863982134	-0.0423239370552863	-0.0262484914275234	0.0017913156478598	0.0006889833022207	-0.0241507125757465	0.0356133399047564	0.0012683099791717	0.0005832569179163	-0.0027010355957731	-0.000180000952775	7.295593289633347e-06	3.2400342999907785e-08	0.0005268583417976	-1.3997219645999924e-05	1.9592215781836623e-10	2.775797123217168e-07	0.0001057113874081	-9.470230810299991e-06	8.968527160035526e-11	1.1174897427745404e-08	0.0	0.0	0.0	0.0	0.0	0.0	0.0	0.0	0.0	0.0	0.0	0.0	0.0	0.0	0.0	0.0	0.0	0.0	0.0	0.0	0.0	0.0	0.0	0.0	0.0	0.0
2424.57308196125	1.3666568679900593	5878554.629771074	1.8677509948243984	3014.0937575120192	5.523621544471098	9084761.179072922	30.51039496654528	2810.108341566536	-0.4867143240585392	0.2368908332437607	7896708.891341829	2846.894854862608	1790.0374473324146	0.761945	16.945501	0.0498511220256263	0.0329687061146924	-0.0082331194	0.0002854565	-0.0391668879	-0.0239670675	0.0258195498	0.0313482856	-0.0197104243	0.0605656796	-0.0416576861	-0.0172373857	-0.0288747451	-0.0192337671	-0.0457771469	-0.1191848394	0.0444854919	0.0139497413	0.0291162167	0.0211026504	0.0492601493	-0.0311256706	-0.0306006081	0.0459193199	0.046323106	-0.0433179517	0.0031485115	0.0480814537	0.0175582318	0.0060386956	-0.1332742829	-0.0548673369	-0.0512023346	-0.0267852337	0.0341712731	0.004129805	0.0175525421	0.0517782867	-0.0149405921	-0.042696639	0.0203279253	0.0056726051	-0.0350864975	-0.0208943208	0.0099463587	0.0016231291	0.0402240842	-0.0205586806	-0.0031680753	0.0204685756	0.0067926246	0.0132467145	-0.0442309564	-0.040879059	0.0155681881	0.052543356	0.0191734839	-0.0154388215	-0.0401891389	-0.0779527635	-0.0277643461	-0.0392087747	-0.0786393769	-0.0291474548	0.0258271113	-0.013838639	0.0242156534	0.0237053082	0.0909500356	0.0888018974	0.0852591707	0.0803774921	0.074233526	0.0669237601	0.0	0.0	-0.0240363873495397	0.0028854699083354	8.32593659190911e-06	0.0005777479168171	-0.0458085285004301	-0.0034845914451437	0.0020984212833747	1.214237753956935e-05	0.0071510787423676	0.0313017913181141	0.0009798021397227	5.113792717954177e-05	-0.0027010021461761	3.3449597000231874e-08	7.295412593647898e-06	1.1188755394779208e-15	0.0003859965042281	-0.0001408618375695	1.9842057283456212e-08	1.4899330127631366e-07	3.021287493939649e-06	-0.0001026900999141	1.0545256620380237e-08	9.128178121036124e-12	0.0	0.0	0.0	0.0	0.0	0.0	0.0	0.0	0.0	0.0	0.0	0.0	0.0	0.0	0.0	0.0	0.0	0.0	0.0	0.0	0.0	0.0	0.0	0.0	0.0	0.0
2425.948228792945	1.3751468316950195	5885224.808783627	1.8910288087208504	3018.4218411959137	4.32808368389442	9110870.411408529	18.73230837479309	2806.259839152732	-3.848502413803999	14.810970829055206	7875094.284841518	2840.348835701778	1792.5674204288348	0.815443	18.13529	0.0626551254359388	0.0295611645997184	-0.002128548	-0.0033504737	-0.0157091566	-0.0255780058	-0.0241327801	0.0303708295	-0.0335878893	0.0413310172	-0.0197712839	-0.0234793059	-0.1128246946	0.0575802505	0.0049579831	0.0931057972	-0.0519317498	0.0455255916	-0.082064228	-0.0294133406	0.0354382917	-0.0263430968	-0.0296583604	0.1022199534	-0.0215354033	0.0223234804	0.0123673075	0.04467701	0.0386981537	0.0095364223	0.0789476155	0.0727040006	-0.010745993	0.0508227018	-0.061419146	-0.0404390024	0.0238138882	0.0510590481	-0.0065447349	-0.0686438802	0.0259382249	-0.0452463806	-0.0598250388	-0.0480675682	0.0090017865	-0.0008215282	0.0172124747	-0.0214686303	0.0062793905	-0.0064645326	0.0079948758	0.0008055211	-0.0011175048	-0.0346608431	-0.0059638719	0.0065797298	0.0200029533	0.0057900809	0.0487556142	0.0460722526	0.0995337111	-0.0488381554	-0.0124233274	-0.0272360548	-0.0210961571	0.0619715987	-0.0317065219	-0.0349406829	0.0907907753	0.0881704121	0.0838590164	0.077939277	0.0705247295	0.0617575784	0.0	0.0	-0.0340570726009588	-0.010020685251419	0.000100414132908	0.0011598841941469	-0.0439212377141586	0.0018872907862714	0.0019290751223436	3.5618665119452933e-06	0.0112002388641556	0.004049160121788	1.639569769187822e-05	0.0001254453506141	-0.003065015119106	-0.0003640129729299	9.394317680348368e-06	1.3250544446126426e-07	6.0121341203256407e-05	-0.0003258751630248	1.0619462187646841e-07	3.6145756680783756e-09	0.0002470929370684	0.0002440716495744	5.9570970125998184e-08	6.105491954908828e-08	0.0	0.0	0.0	0.0	0.0	0.0	0.0	0.0	0.0	0.0	0.0	0.0	0.0	0.0	0.0	0.0	0.0	0.0	0.0	0.0	0.0	0.0	0.0	0.0	0.0	0.0
2424.8870412251545	-1.0611875677905118	5880077.162701684	1.126119054033142	3015.956661283053	-2.465179912860549	9095994.58273762	6.077112002771144	2809.642821075856	3.38298192312368	11.44456669218159	7894092.782023094	2842.3807140692347	1816.843809101276	0.801598	17.827366	0.1138042889399687	0.0702411870526931	0.0197708674	-0.0057516077	-0.0085794179	-0.0357849841	-0.0271637926	0.024886979	-0.0141206719	-0.0187370206	0.0798734535	-0.0308163309	-0.0150537233	0.1066608499	-0.0239152021	-0.027881695	0.0408032071	0.0715628085	-0.0234315136	0.0254556011	-0.0689785727	-0.0473566709	-0.0297416895	0.0734690137	0.0066424906	-0.0061075864	0.0476076846	-0.0137784434	-0.0385570886	0.0172908144	-0.0310186865	-0.0365908957	-0.0564415174	0.044840137	-0.0556156612	0.0507619124	-0.0816351096	0.0572116016	0.0027694949	-0.0391431266	0.0025787562	-0.0579701739	-0.008982941	-0.0483335739	0.007249269	-0.0042352293	0.015519205	-0.0052925632	-0.0122106827	0.0088949298	0.0416649554	-0.0126115316	0.0090136934	0.0199811463	0.0273668602	-0.0215520447	0.0460711729	-0.0054781489	0.0180820668	-0.0342663163	-0.0884017871	-0.0262909072	-0.0415783225	-0.0142027984	-0.1424031986	0.0024244382	-0.0629895715	-0.0589636584	0.0906156961	0.0874774795	0.0823273756	0.0752838312	0.0665088402	0.0562042179	0.0	0.0	-0.0274938098001342	0.0065632628008245	4.307641859268794e-05	0.0007559095773259	-0.0350790759857773	0.0088421617283813	0.0012305415720159	7.8183824030851e-05	0.0787979037635224	0.0675976648993668	0.004569444299847	0.0062091096375253	-0.0025220021632341	0.0005430129558719	6.36049491135748e-06	2.9486307024473815e-07	-7.96335221764366e-07	-6.091767642502077e-05	3.7109633010235318e-09	6.341497854225019e-13	0.0002349995791374	-1.209335793100002e-05	1.4624930604728106e-10	5.5224802194755125e-08	0.0	0.0	0.0	0.0	0.0	0.0	0.0	0.0	0.0	0.0	0.0	0.0	0.0	0.0	0.0	0.0	0.0	0.0	0.0	0.0	0.0	0.0	0.0	0.0	0.0	0.0
2420.978014406525	-3.909026818629627	5861134.54623976	15.280490668765664	3015.4319270207334	-0.5247342623197255	9092829.706495974	0.2753460460522265	2803.4560818142363	-6.18673926161955	38.27574269126482	7859366.00266123	2840.2821514682114	1807.322406538856	0.80817	17.973534	0.0709354414692128	0.0479608312661529	0.0021059114	0.0068930474	-0.0177457719	-0.0166361754	-0.0100600126	0.0351488557	0.0264796053	-0.1136614621	0.0519976418	-0.0237693416	-0.0223509653	0.0113487353	0.0113820977	0.0608864185	-0.0427847874	-0.0216665749	-0.0698702214	-0.0485233376	0.037361764	-0.0107263831	0.0340009534	0.0718458991	0.027320855	0.0180726521	0.0207032354	-0.0437516933	0.0041444362	0.0128701189	0.0404138826	0.0656278228	0.0396218438	0.0422495828	-0.0058028677	-0.0975644972	-0.0500384315	0.05645808	0.0358935686	-0.0527370047	0.0445506968	-0.0210772505	0.038928287	0.0282513611	0.0050825817	0.0002991372	0.0225799158	-0.0041914185	0.0220453189	0.0076204326	0.0001965982	0.0077914688	-0.0181870293	-0.0197513889	-0.0062172829	0.0161308597	0.0386524921	-0.0160125276	0.0344971008	-0.0171939808	0.0804013466	0.001369145	0.0534702345	-0.0713761718	-0.0625218027	-0.0140666967	0.0003280847	-0.0249677351	0.0904248282	0.0867235824	0.0806666498	0.0724185559	0.062203345	0.0502984945	0.0	0.0	-0.0330578324282555	-0.0055640226281213	3.095834780624589e-05	0.0010928202848546	-0.0192566600343724	0.0158224159514049	0.0003708189556793	0.0002503488465392	0.0353996079197287	-0.0433982958437937	0.0018834120821454	0.0012531322408705	-0.0023990025362102	0.0001229996270239	5.7552131687429714e-06	1.5128908248018556e-08	-7.818828267058819e-07	1.4452395058484058e-08	2.088717229264944e-16	6.113407546975802e-13	0.0002349996406363	6.149890002088952e-11	3.782114703779365e-21	5.5224831099190154e-08	0.0	0.0	0.0	0.0	0.0	0.0	0.0	0.0	0.0	0.0	0.0	0.0	0.0	0.0	0.0	0.0	0.0	0.0	0.0	0.0	0.0	0.0	0.0	0.0	0.0	0.0
2421.7737958929256	0.795781486400756	5864988.31847363	0.6332681740981966	3011.85053898738	-3.5813880333535053	9071243.66919857	12.826340245447687	2809.945474546555	6.48939273231872	42.112218034271024	7895793.569924665	2843.625871329472	1797.5643617137691	0.726573	16.158823	0.0519979357665273	0.0286352456945618	0.0034009788	0.0076634513	-0.0169673267	-0.0333960075	-0.0397986544	0.0260821663	0.0158437236	-0.0699678285	0.1075435684	0.0412067216	-0.0427800505	0.0010357929	0.0032747846	-0.0277101326	0.0035663017	0.0724271274	0.0379417992	0.0453735365	-0.0735466414	-0.0176772287	0.0545718418	-0.1175621223	-0.043462497	0.0875471434	-0.04433366	-0.0489173675	-0.0543244008	-0.0155079549	-0.0091685145	-0.0030150618	-0.0656450192	0.0008942761	-0.0315589152	0.0820803751	-0.0259415943	-0.0800990114	-0.0183605757	0.0453322134	-0.1224830166	0.0190778137	0.0432451395	-0.07231139	0.0043174285	0.0036497968	0.0283692961	0.0021758735	0.0102359914	0.0060315506	0.0104884934	0.0081674798	-0.0217701372	0.0033086834	0.0172039227	0.0140149154	0.0428482371	0.0141849973	-0.0110409657	0.0289307252	-0.0553863389	-0.0077738986	0.0176333895	-0.0080640874	-0.1044075851	0.0225056251	0.0212089126	-0.0225912567	0.090218205	0.0859092462	0.0788794428	0.069351437	0.0576269915	0.0440774331	0.0	0.0	-0.0424093053786833	-0.0093514729504277	8.745004634258279e-05	0.0017985491827024	-0.0349578961270253	-0.0157012360926529	0.0012220545016278	0.0002465288148372	0.0355833670592105	0.0001837591394817	3.3767421343091535e-08	0.0012661760112705	-0.0028050036014223	-0.0004060010652121	7.868045203992073e-06	1.6483686495335993e-07	-1.010509426802031e-06	-2.28626600096149e-07	5.227012227152443e-14	1.0211293016557693e-12	0.0003639993005034	0.000128999659867	1.6640912245827485e-08	1.3249549076696448e-07	0.0	0.0	0.0	0.0	0.0	0.0	0.0	0.0	0.0	0.0	0.0	0.0	0.0	0.0	0.0	0.0	0.0	0.0	0.0	0.0	0.0	0.0	0.0	0.0	0.0	0.0
2423.184933900133	1.411138007207228	5871825.223880591	1.9913104753847863	3017.6422720102164	5.7917330228365245	9106164.88182298	33.54417140781511	2804.745231405336	-5.200243141218834	27.04252872779353	7866595.813090973	2838.9316421403555	1796.0279644313146	0.736247	16.373974	0.0958743334744589	0.0538807421462025	0.003340267	-0.0013401341	0.0052336309	-0.0443314843	-0.0489462028	0.0473500132	0.006653678	-0.075865412	0.1005465495	0.037452753	-0.0345842499	0.0030389682	-0.09313444	-0.0077619009	-0.0786657548	-0.1102349162	0.082998168	0.1196493682	0.0365799856	-0.0338912876	-0.008906575	-0.0813118992	-0.0947572908	0.0376153887	0.0397791388	0.000284096	-0.0267781692	0.0691531075	-0.0532817999	0.0617521464	0.0923086947	-0.051347926	0.1186312678	0.084546803	0.0501609127	-0.0451376881	-0.0126024338	-0.0486876998	-0.0957774782	-0.0114076044	0.018302573	0.0567630602	0.0043238359	0.0023105134	0.0117152004	-0.0026248763	-0.0084734375	0.0030655102	0.0160019326	-0.0260421982	-0.0256747678	0.0046776589	0.0187713456	-0.0001844916	-0.0107879127	-0.0471509663	0.008902432	-0.0825744638	0.0390843436	0.0175326245	0.0395877523	-0.0260976993	-0.000580508	-0.0011250914	0.0445610244	-0.006348602	0.0899958625	0.0850350384	0.0769685571	0.0660910233	0.0527997072	0.0375800356	0.0	0.0	-0.0290438045602741	0.0133655008184092	0.0001786366121268	0.0008435425833353	-0.0343089802243383	0.000648915902687	0.001177106124034	4.210918487600859e-07	0.0548369314258181	0.0192535643666076	0.0003706997408191	0.0030070890481998	-0.0036640367689481	-0.0008590331675258	1.3425165444203631e-05	7.379379829094092e-07	0.0002640684280448	0.0002650789374716	7.026684309107351e-08	6.973213469005172e-08	0.0002359843577657	-0.0001280149427377	1.638782556413661e-08	5.5688617110089895e-08	0.0	0.0	0.0	0.0	0.0	0.0	0.0	0.0	0.0	0.0	0.0	0.0	0.0	0.0	0.0	0.0	0.0	0.0	0.0	0.0	0.0	0.0	0.0	0.0	0.0	0.0
2421.535266764513	-1.649667135619893	5863833.048184281	2.7214016583443428	3009.3024658203126	-8.339806189903811	9055901.330792213	69.55236728515793	2805.673109504447	0.9278780991107852	0.8609577668094439	7871801.597396352	2838.7946561826507	1801.4265992578803	0.849307	18.888409	0.0687060735550468	0.0490164543653663	0.0098637778	0.0075710816	0.006170395	0.0080098605	0.0358596798	0.010140791	-0.015277714	-0.0273735814	0.1059692779	0.0460845591	-0.035863399	-0.0098200149	-0.0092095158	0.0256077673	0.0057233184	0.0026405998	0.0799440088	0.0757976587	-0.0455589702	0.0044076429	-0.0948907214	-0.0871185028	-0.0374663049	-0.0469019982	-0.049056813	0.0449931675	-0.0129232859	0.010188268	0.0290787174	-0.0157499284	-0.0184677064	-0.0218072757	0.0370507607	0.1058359157	0.0001067143	-0.0483534733	-0.0429741597	-0.0062730464	0.0021410421	0.0490150501	-0.0424966597	0.1441588423	0.0062386746	-0.0058623834	-0.0027015383	0.0012926823	0.0224293015	-0.0047127011	0.0279057811	-0.0260777782	0.0108823879	0.0163823423	-0.0118414209	-0.0220210156	0.0024284986	-0.0013745964	-0.0099623674	0.1045510279	-0.0194349091	0.0183211866	0.0297783672	0.0674395216	-0.0722160586	0.0188197195	-0.014305826	-0.0423021112	0.0897578394	0.0841015683	0.0749369886	0.062646402	0.0477425119	0.0308470363	0.0	0.0	-0.0260278748487223	0.0030159297115518	9.095832025020927e-06	0.0006774502691407	-0.0340591065300088	0.0002498736943295	0.0011600227376224	6.243686311787305e-08	0.0964621579636286	0.0416252265378105	0.001732659484324	0.009304947919	-0.0040420538150992	-0.0003780170461511	1.6338199044158e-05	1.4289688718080313e-07	0.0002618300746526	-2.238353392199999e-06	5.010225908373242e-12	6.85549879925861e-08	0.0003320298304495	9.60454726838e-05	9.224732823054568e-09	1.1024380830832373e-07	0.0	0.0	0.0	0.0	0.0	0.0	0.0	0.0	0.0	0.0	0.0	0.0	0.0	0.0	0.0	0.0	0.0	0.0	0.0	0.0	0.0	0.0	0.0	0.0	0.0	0.0
2423.742528146249	2.207261381735861	5874527.8427447695	4.872002807302504	3010.70151554988	1.3990497295671958	9064323.615734342	1.957340145802044	2810.327935588755	4.654826084307842	21.66740587515268	7897943.105550553	2843.1010691675647	1829.018222036465	0.7616319999999999	16.93854	0.0354179475968678	0.020625606041677	0.0177748248	0.0104722414	0.0103242938	0.0100382518	0.0628218613	0.0018547427	0.0075656486	0.0048053416	0.0082290438	-0.0062823216	0.0606809252	-0.0454907394	-0.0741684421	-0.0409588335	0.0079013459	0.0085598011	-0.0299707586	0.0232912553	-0.0230270082	-0.0538195261	0.0361132035	0.0221516415	0.0013088534	-0.0364402892	-0.0091097836	-0.1056759494	0.0261137121	0.0533795078	-0.0677760388	-0.0010304151	0.0008233782	0.0402529228	0.0053669736	0.01056318	-0.0399414082	0.03218712	0.0287754584	-0.008811624	-0.0477664748	0.0139636766	-6.10656e-05	0.0269594105	-0.0019118825	0.0030958744	0.0033462126	0.0101827205	0.0013836805	-0.0128281923	0.0317942012	-0.0288067825	0.0119288214	0.0289412097	0.0325463785	-0.028692964	-0.0459198943	-0.0336681885	-0.0406914766	-0.0977773288	-0.0425337523	0.0048121579	4.0011e-06	0.0182025061	0.0213400155	-0.0342053475	-0.003970449	-0.0233034738	0.0895041772	0.0831094865	0.0727879229	0.0590271739	0.0424774267	0.0239206467	0.0	0.0	-0.0423627612779711	-0.0163348864292488	0.0002668285146564	0.0017946035430943	-0.0340743940341496	-1.5287504140801267e-05	0.0011610643287944	2.337077828550159e-10	0.0934258239198371	-0.0030363340437915	9.219324425487242e-06	0.0087283845751004	-0.004042009926216	4.388888320046997e-08	1.6337844243628673e-05	1.9262340685844946e-15	-1.786169922635139e-06	-0.0002636162445752	6.94935244039502e-08	3.190402992526419e-12	0.0003889984893848	5.69686589353e-05	3.245428100886537e-09	1.5131982474365637e-07	0.0	0.0	0.0	0.0	0.0	0.0	0.0	0.0	0.0	0.0	0.0	0.0	0.0	0.0	0.0	0.0	0.0	0.0	0.0	0.0	0.0	0.0	0.0	0.0	0.0	0.0
2423.19141326742	-0.5511148788286846	5871856.625332957	0.3037276096663557	3005.245014836238	-5.456500713641617	9031497.599198062	29.77340003797148	2811.2551276669865	0.9271920782316556	0.8596851499355366	7903155.392833925	2843.313119948815	1833.6166183495263	0.731769	16.274385	0.0681552150251135	0.0333700579686376	0.0263051734	0.0024435985	-0.0056238801	-0.023872926	0.0537587711	-0.0041804674	0.0409962442	-0.0253195443	-0.0593841455	-0.0116001296	0.0590652555	-0.0482784936	-0.0235522741	0.0531855655	-0.0851612488	0.0508300694	-0.0106499399	0.0096651717	-0.0541392846	0.0320506715	0.0618718185	0.0007317168	0.0011514144	0.0977477495	-0.0502717498	0.0607869046	0.0702650637	0.0179203929	0.0510088714	0.0944403127	-0.0106358269	0.0228813759	-0.0289063908	0.0408170784	-0.0169207764	-0.0218418601	0.0366841962	0.0752554197	-0.0756847125	0.0193590983	0.0102300152	0.0193637161	-0.0051570127	0.0039423308	0.0158336065	0.0194872038	0.0080060467	0.0214244527	0.0337075467	-0.0212085881	0.0288417658	0.0086469456	0.036741326	-0.0150388598	0.0251112882	-0.0031505229	0.0367314765	0.0758447215	0.0170104448	0.0445321066	0.0665470005	0.019786821	0.0230522119	-0.0052871046	-0.0371720338	-0.0686934431	0.0892349201	0.0820594844	0.0705247295	0.0552434265	0.0370273778	0.0168442907	0.0	0.0	-0.0241555676832661	0.018207193594705	0.000331501898595	0.0005834914501008	-0.0341399017286363	-6.550769448669669e-05	0.0011655328900409	4.291258036962392e-09	0.075367635621852	-0.018058188297985	0.0003260981646054	0.0056802804992282	-0.0041025619357074	-6.055200949140003e-05	1.6831014436315247e-05	3.666545853446599e-09	0.0004220164449622	0.0004238026148848	1.7960865638322388e-07	1.780978798185336e-07	0.0002368666050023	-0.0001521318843824	2.3144110245770343e-08	5.6105788565315624e-08	0.0	0.0	0.0	0.0	0.0	0.0	0.0	0.0	0.0	0.0	0.0	0.0	0.0	0.0	0.0	0.0	0.0	0.0	0.0	0.0	0.0	0.0	0.0	0.0	0.0	0.0
2419.4693950099963	-3.7220182574237697	5853832.153390038	13.853419908595876	2993.330911020132	-11.914103816106037	8960029.942868615	141.9458697409524	2803.003602620918	-8.25152504606831	68.08766558589261	7856829.196305846	2834.990850451239	1818.1779607333576	0.7863949999999998	17.489262	0.0800728644278913	0.0394835503662082	0.0173937908	0.0088367929	-0.0105668584	0.0200282887	0.053814754	-0.0304556446	0.0288120265	0.0527853627	-0.0414826142	-0.0362771352	0.0565919406	-0.0357956199	0.0506375048	-0.1192785696	0.1634578892	0.0115891	-0.0962718994	-0.0802181888	-0.0104563796	-0.0192143134	0.0472610486	-0.0253570262	0.1125821624	-0.0060709436	-0.0470366854	0.0364028057	-0.0087314244	-0.0414384144	-0.0737572166	-0.1657896537	-0.0237967701	0.0618707683	-0.087198616	-0.1019517005	-0.0138803108	0.0309484939	-0.0081734127	0.0706289256	-0.0010115982	0.0778149654	0.0042237071	0.0048337396	-0.0062682058	0.0042053083	0.0163120024	0.0191024852	0.0195907382	0.005375561	0.0428910195	-0.028788845	0.0409531556	0.0432143188	0.0446552072	-0.0605582523	-0.0432183148	0.0018986635	-0.0065112042	-0.0631883671	-0.1396204599	0.0038914916	0.0097769653	0.0383358817	0.0178254377	-0.0455542721	-0.0364293611	-0.0292117594	0.088950115	0.0809522936	0.068150957	0.0513057058	0.031416097	0.0096623322	0.0	0.0	-0.0250198209834451	-0.000864253300179	7.469337668702962e-07	0.0006259914420436	-0.0457409591842292	-0.0116010574555929	0.0020922353470933	0.0001345845340879	0.1021565264259436	0.0267888908040915	0.0007176446705135	0.0104359558914145	-0.0037110088115326	0.0003915531241748	1.37715863992726e-05	1.5331384905104636e-07	-9.360423307569476e-07	-0.0004229524872929	1.788888065072989e-07	8.76175244968899e-13	0.0002349989591095	-1.8676458928000065e-06	3.4881011808927324e-12	5.5224510782548464e-08	0.0	0.0	0.0	0.0	0.0	0.0	0.0	0.0	0.0	0.0	0.0	0.0	0.0	0.0	0.0	0.0	0.0	0.0	0.0	0.0	0.0	0.0	0.0	0.0	0.0	0.0
2418.136909501849	-1.3324855081473288	5847386.113095153	1.7755176294226451	2984.544604492188	-8.786306527944362	8907506.49620343	77.1991824029977	2805.5562175430982	2.552614922180055	6.515842940936289	7871145.689794736	2837.7074368601834	1785.9273518675814	0.8485749999999999	18.872129	0.0773927684128685	0.0497504056106777	-0.0012189091	0.0094822104	-0.0013183256	0.0238284562	-0.0034693588	-0.0457390773	-0.0059829705	0.058107893	-0.0921188986	-0.0089793827	0.006836185	-0.0336724564	-0.0294879601	0.0038200454	-0.0180080151	-0.0165518078	-0.0732994282	-0.0539462569	-0.0057754719	0.0108341695	-0.0188605133	0.0516764868	-0.0159823415	0.0211900721	-0.0566264538	0.0847292985	0.0020830569	0.0301875096	-0.0011928027	0.0308367141	0.0439119248	0.0304572698	-0.0556075941	-0.0420007475	-0.0107594447	0.0667684209	-0.0078097549	0.0464392332	0.0401834409	0.0188835262	-0.0606273423	-0.0076364428	-0.0026124463	0.0022858597	-0.0015346913	0.0209590009	0.0284812126	-0.0115075213	0.0384873252	-0.0413375634	0.0680056901	0.0325518715	0.0359557597	-0.0751636797	-0.0460921639	0.0362179191	0.056112218	0.0258660552	0.0570635918	0.0507271907	0.0967660298	-0.0015824465	0.0858508935	-0.0459208336	-0.0754735106	0.000107011	0.0886498116	0.0797886859	0.0656703274	0.0472249869	0.0256680179	0.0024197973	0.0	0.0	-0.0249770759001108	4.274508333430155e-05	1.8271421492563839e-09	0.0006238543205198	-0.0473886274855743	-0.001647668301345	0.0022456820149665	2.714810831257446e-06	0.1421933546022202	0.0400368281762766	0.0016029476104166	0.0202189500930327	-0.0040420117470555	-0.0003310029355229	1.6337858963334654e-05	1.0956294332477709e-07	-2.244935498607603e-06	-1.3088931678506557e-06	1.7132013248461242e-12	5.039735392908568e-12	0.000615997667457	0.0003809987083475	1.451600157624634e-07	3.794531263124648e-07	0.0	0.0	0.0	0.0	0.0	0.0	0.0	0.0	0.0	0.0	0.0	0.0	0.0	0.0	0.0	0.0	0.0	0.0	0.0	0.0	0.0	0.0	0.0	0.0	0.0	0.0
2422.620490244698	4.483580742848972	5869090.03975346	20.102496277646136	3006.266279484676	21.72167499248826	9037636.943166636	471.8311644792899	2805.705733687789	0.1495161446905513	0.0223550775231258	7871984.664048533	2839.9634422144395	1809.042418961916	0.7318789999999998	16.276831	0.0679756102949895	0.0355291499289914	0.0144345409	0.0181009357	0.0122015543	0.0081427995	-0.0092136148	-0.0074573755	-0.0056977796	0.057503443	-0.0461068722	-0.018279778	0.0317422201	0.0372310106	0.0294473109	-0.0086797661	0.0515703418	0.0396729167	0.0040769463	0.0150178808	-0.0390887943	-0.0748774424	0.0907754355	0.0211286413	-0.0164126033	0.0017874056	0.003882127	0.0528018807	0.0459080892	-0.0240470681	0.008821148	-0.0559392854	-0.0514197728	-0.0083352578	-0.0338380191	0.0278726439	-0.0277062625	0.0507533908	0.0322789962	-0.0019949374	-0.0734419225	0.0277807291	-0.0468087157	-0.0777127275	-0.0126207886	0.0081071824	0.0031193623	0.0284056997	0.003175117	-0.0119585867	0.0502734206	-0.0447206452	0.0386040589	0.063537988	0.0401633558	-0.0737976712	-0.060254281	0.0484859415	0.0032281334	0.0239279194	-0.144445964	-0.0054768491	0.0299663608	0.0089559866	0.0281589458	-0.0019773	-0.0243564671	-0.0366532461	0.0883340621	0.0785694722	0.0630867301	0.0430126435	0.0198081701	-0.0048379081	0.0	0.0	-0.0250041498939026	-2.707399379180131e-05	7.330011398384957e-10	0.0006252075119167	-0.0503691031624811	-0.0029804756769068	0.0025370465533926	8.883235260633075e-06	0.1146786025620656	-0.0275147520401546	0.0007570615798311	0.0131511818855882	-0.0043240260985217	-0.0002820143514662	1.86972017006968e-05	7.953209443290166e-08	8.39915031887184e-05	8.6236438687326e-05	7.436723357472937e-09	7.054572607900492e-09	0.0002351822859278	-0.0003808153815292	1.4502035480923018e-07	5.531070761422547e-08	0.0	0.0	0.0	0.0	0.0	0.0	0.0	0.0	0.0	0.0	0.0	0.0	0.0	0.0	0.0	0.0	0.0	0.0	0.0	0.0	0.0	0.0	0.0	0.0	0.0	0.0
2416.82808344246	-5.79240680223802	5841057.984916154	33.551976562613284	3012.170008263221	5.9037287785449735	9073168.158680452	34.854013490620126	2806.255845811632	0.5501121238430642	0.3026233487991268	7875071.872151957	2838.8035141096443	1807.3398236329256	0.783041	17.414677	0.0202418922415002	0.0143140596895351	0.0157900328	0.028250656	0.0007256398	0.0423896735	0.0286394818	0.0223552372	0.0181479959	-0.0358955463	-0.1115326843	-0.0014846419	-0.0048971891	-0.0250684318	-0.0710540514	-0.0234590059	-0.0574823049	-0.0412041902	-0.1294379357	-0.0273508181	-0.0547190543	0.0638704911	0.0352735987	0.0629667377	-0.086403659	-0.0389731594	-0.08442546	-0.0422356478	0.0793417095	0.0490160189	-0.0410360444	0.0713750023	0.0840112088	0.0791461705	-0.0573602448	-0.0319517933	-0.0591139691	-0.0174876501	0.0374368768	0.0880149584	0.0553724115	0.0014069943	-0.0661508758	0.0187802132	-0.012835288	0.0091973737	0.010064703	0.0266847892	0.0370690698	-0.0086476156	0.0335990573	-0.0423981107	0.052918612	0.0143751912	0.0308414768	-0.0592772437	-0.0820963424	-0.0013090586	0.0357917562	-0.0440571814	0.0421270859	0.0206203191	0.0851842378	-0.0176108354	0.1035193827	-0.044222657	-0.0101532763	0.0086127478	0.0880029215	0.0772955021	0.0604042161	0.0386804161	0.0138620696	-0.0120652831	0.0	0.0	-0.0249907395060944	1.341038780820064e-05	1.7983850116633638e-10	0.0006245370610614	-0.0502295848795881	0.000139518282893	0.0025230111971757	1.94653512614128e-08	0.1176247796992058	0.0029461771371401	8.679959723407602e-06	0.0138355887992866	-0.0045740183210773	-0.0002499922225555	2.09216436015508e-05	6.24961113382886e-08	-1.055740691757734e-06	-8.504724388047613e-05	7.233033691665184e-09	1.114588408233099e-12	0.0002429985481649	7.81626223709999e-06	6.109395535911534e-11	5.9048294410249226e-08	0.0	0.0	0.0	0.0	0.0	0.0	0.0	0.0	0.0	0.0	0.0	0.0	0.0	0.0	0.0	0.0	0.0	0.0	0.0	0.0	0.0	0.0	0.0	0.0	0.0	0.0
2417.808833143221	0.9807497007609528	5845799.553625383	0.9618699755426984	2982.592287973257	-29.577720289963963	8895856.756277548	874.8415375513459	2799.269304717958	-6.986541093673623	48.81175645359022	7835908.6403361615	2832.2117340719287	1802.6696641972112	0.7659129999999998	17.033737	0.0432642107681006	0.0249506144824499	0.0136111281	0.0343659967	-0.0016299953	0.0394015537	0.0108593508	-0.0451326275	0.0180290681	0.0451533739	-0.0429640005	-0.0114802372	0.0874302841	-0.0110283918	0.0730992326	0.0877640251	0.0378585196	0.0012334296	0.0122297268	0.1382064936	0.0494222647	-0.0695940336	-0.0902114761	-0.0102788946	0.062308046	-0.0364080149	-0.1306205683	0.0303595773	0.0587456703	-0.0497366107	0.0970280013	-0.0419461416	-0.0128233989	0.0380176506	0.1005095457	0.0650092999	0.0168658653	0.0351424396	-0.0557578364	-0.0316192367	0.0514740231	0.0973970865	-0.1546891896	0.0249558082	-0.014919146	0.0131213864	0.0166028937	0.0360148541	0.0287211949	-0.0067621625	0.0511942349	-0.0291136214	0.0331571667	0.0336936524	0.0228902678	-0.0444568319	-0.0209250036	0.080478619	0.0255188639	0.0915033926	-0.0918538045	0.0317742238	0.0569805976	0.0129859476	0.0309380406	0.0074081175	-0.0128618307	-0.0124254177	0.0876564477	0.0759676635	0.0576269915	0.0342403795	0.0078556081	-0.0192170168	0.0	0.0	-0.007889345945685	0.0171013935604094	0.000292457661708	6.224177945069634e-05	-0.0499010420106458	0.0003285428689422	0.0024901139937482	1.0794041673283353e-07	0.1176028191659597	-2.196053324610148e-05	4.822650204531283e-10	0.0138304230757814	-0.0047490550844082	-0.0001750367633309	2.255352419474338e-05	3.0637868517357563e-08	0.00033194497197	0.0003330007126617	1.1088947463323856e-07	1.1018746441616409e-07	0.0002347897480475	-8.208800117399988e-06	6.738439936742606e-11	5.5126225788208536e-08	0.0	0.0	0.0	0.0	0.0	0.0	0.0	0.0	0.0	0.0	0.0	0.0	0.0	0.0	0.0	0.0	0.0	0.0	0.0	0.0	0.0	0.0	0.0	0.0	0.0	0.0
2419.455688815107	1.6468556718859872	5853765.830139783	2.7121336040230464	2991.1578040489785	8.565516075721462	8947025.008723108	73.36806564344279	2809.880334210907	10.611029492949	112.59394690023352	7895427.4925852	2841.0238540544183	1788.3129249348706	0.7830519999999999	17.414923	0.0373615863361723	0.0244747559979176	0.0096427466	0.0161420918	0.0070386522	0.0332570022	-0.0138877205	-0.0437126979	-0.0202399908	0.1015860136	-0.0509164032	-0.0443352998	0.0291688142	-0.0191754145	-0.0797567827	-0.0826469058	0.0255971631	0.021393891	-0.0781523865	0.0439219933	-0.0606437181	-0.0476590265	0.0834414148	0.0469450856	-0.0076180074	-0.0549202511	0.0002400072	-0.0368887476	0.0774240079	0.0438454438	-0.0941828237	-0.0150202018	0.0153022038	0.0625964096	-0.048309736	0.0402718545	-0.0738709146	0.0464746509	0.0676748992	-0.0058181535	-0.0015173148	0.0203534391	-0.0609104215	-0.0825919045	-0.0139399964	0.0126089798	0.0083723491	0.0378410823	0.0466135773	-0.0229176694	0.0310258829	-0.0384410108	0.0646809166	0.0272966282	0.0178824249	-0.0950412981	-0.0669124259	-0.0095346567	0.0342206825	-0.1058111677	-0.0150845216	0.0179088228	0.0382982679	0.0029927244	0.07374976	-0.0616016434	-0.0002044924	0.0003298645	0.0872947008	0.0745868818	0.0547594108	0.0297049088	0.0018149402	-0.0262482726	0.0	0.0	-0.0080931587238097	-0.0002038127781246	4.153964852690798e-08	6.549921812877704e-05	-0.0496765084167805	0.0002245335938653	0.0024677554884824	5.041533477406889e-08	0.1149094340830316	-0.0026933850829281	7.254323204939615e-06	0.0132041780412825	-0.0050990218913699	-0.0003499668069616	2.6000024248669477e-05	1.224767659749677e-07	-1.0940347869858869e-06	-0.0003330390067569	1.1091498002167973e-07	1.1969121151352549e-12	0.0002329984641411	-1.7912839064000005e-06	3.2086980333276448e-12	5.428828429211146e-08	0.0	0.0	0.0	0.0	0.0	0.0	0.0	0.0	0.0	0.0	0.0	0.0	0.0	0.0	0.0	0.0	0.0	0.0	0.0	0.0	0.0	0.0	0.0	0.0	0.0	0.0
2427.727964688473	8.272275873366198	5893863.070530436	68.43054812507648	3009.912048339844	18.7542442908657	9059570.538741356	351.7216789214687	2815.510626303987	5.630292093079788	31.700189053396784	7927100.086830669	2846.5407612136314	1805.3428186242693	0.7988739999999999	17.76679	0.0586358268283546	0.0391288166558853	0.0094948679	0.0041691444	0.0258500262	0.003175592	-0.0613329681	-0.0010105033	-0.0069914056	0.0609867329	-0.0319115954	-0.0382273907	-0.0101929284	0.0437174768	-0.0648547543	0.0357559497	-0.0752805599	0.0935541371	0.0019203361	0.0428217147	-0.0909358668	0.0462775934	-0.0653962522	-0.0266764971	-0.0094203704	0.0426829184	-0.0807105551	0.041871119	-0.0056093544	0.0362360491	0.018802592	0.0884347813	-0.048649606	0.0158550667	-0.0270324345	0.1231146715	-0.0261376637	-0.0312239112	-0.03968266	0.0629075561	0.0174455309	-0.0420070092	-0.03637461	-0.0790332441	-0.0156217168	0.0142951872	-0.0051485261	0.0332177202	0.0022084206	-0.0407083896	0.0306042437	-0.0305352237	0.0470620736	0.0495946576	0.0136115948	-0.0938406501	-0.0037893647	0.0646771663	0.0559141425	0.0833640752	-0.014964744	0.0325566243	0.0810166992	-0.0005312844	0.0510864699	0.0027430351	0.0111318623	-0.0786683981	0.0869177441	0.0731541193	0.0518059702	0.0250866452	-0.0042336307	-0.0331149692	0.0	0.0	-0.008112299768527	-1.914104471730134e-05	3.6637959286972944e-10	6.580940753444322e-05	-0.0493002798444024	0.0003762285723781	0.0024305175927363	1.4154793867366513e-07	0.1177702382343923	0.0028608041513606	8.184200392442594e-06	0.0138698290137855	-0.005721036031313	-0.000622014139943	3.27302532715816e-05	3.869015902891536e-07	-6.947305647275748e-05	-6.837902168577159e-05	4.675690606703222e-09	4.826505575666951e-09	-0.000184201435428	-0.0004171998995691	1.7405575620046718e-07	3.393016881373565e-08	0.0	0.0	0.0	0.0	0.0	0.0	0.0	0.0	0.0	0.0	0.0	0.0	0.0	0.0	0.0	0.0	0.0	0.0	0.0	0.0	0.0	0.0	0.0	0.0	0.0	0.0
2421.811259438249	-5.916705250223913	5865169.776341879	35.00740101802722	3004.7373460036056	-5.174702336238624	9028446.518468792	26.77754426867348	2804.777949342486	-10.732676961501056	115.19035475993554	7866779.345117841	2837.7439611395475	1802.1839526970928	0.7910589999999998	17.592985	0.0849360824657986	0.0504931503761445	0.008666613	0.0130008097	0.0278897414	0.0322045709	-0.0338737346	-0.0130652398	-0.008940705	0.0507838504	-0.0246554528	-0.0116703068	0.0416960864	0.0807278545	-0.0254487984	-0.0931185684	0.0666102819	-0.0418730485	0.0390317978	0.0301715931	-0.0591675935	-0.0536150822	0.0108966517	0.0854055999	0.0242455889	-0.047771949	0.0054083552	0.1231930868	-0.0132813467	0.0099057308	-0.0900207969	-0.0998336451	0.0056236991	-0.0511983773	-0.0277793677	0.0762609538	-0.0271417826	0.1017165503	0.0317586441	-0.0368497924	0.0127547095	0.0322329654	-0.0244704446	0.0092586244	-0.0169947111	0.0089323437	-0.0243578909	0.0298983236	0.0025100145	-0.0359931588	0.0381858356	-0.0442881218	0.0528036078	0.0679698003	0.0362287209	-0.1221795783	-0.068951947	0.0032978513	0.0121569024	-0.0823083304	-0.1306383529	-0.0089116721	0.0294866937	-0.013175747	0.0668134553	-0.050641475	0.0182117908	-0.0290585667	0.086525643	0.0716703745	0.0487713005	0.0203984606	-0.0102637667	-0.0397740572	0.0	0.0	-0.0080920796387005	2.0220129826499855e-05	4.0885365020050916e-10	6.548175287907123e-05	-0.0486019893488531	0.0006982904955493	0.002362153368666	4.876096161744872e-07	0.1484156217895815	0.0306453835551892	0.0009391395332446	0.0220271967911881	-0.0063070423958367	-0.0005860063645237	3.977878378288154e-05	3.43403459262284e-07	-1.234766159985412e-06	6.823829031277207e-05	4.656464264810162e-09	1.5246474698451202e-12	0.0002329976754402	0.0004171991108681	1.740550981092166e-07	5.4287916760536784e-08	0.0	0.0	0.0	0.0	0.0	0.0	0.0	0.0	0.0	0.0	0.0	0.0	0.0	0.0	0.0	0.0	0.0	0.0	0.0	0.0	0.0	0.0	0.0	0.0	0.0	0.0
2415.450235802977	-6.361023635271977	5834399.841640658	40.46262168848871	2986.133774038461	-18.60357196514451	8916994.916453183	346.0928898623108	2793.9270952310244	-10.850854111461558	117.7410349482222	7806028.61346607	2827.6970905172416	1786.129961276165	0.767513	17.06933	0.0573005707847284	0.0306242644284137	-0.0058921133	0.0250057301	0.0131030124	0.0703070963	-0.0175492627	-0.0453988624	0.0186414302	0.0118086608	-0.0640926582	0.0243981984	0.0810360794	0.0118057737	0.1078651328	0.1173009365	-0.0274855378	-0.049572353	-0.1091250461	-0.0799171583	0.0715806817	-0.0339087043	0.0721754412	0.1121162634	-0.0091378552	0.0987168354	0.0104797616	0.0873471747	0.0184032313	-0.0492653749	0.1396095937	0.0242901785	0.0681768911	0.0288582415	-0.0875649826	-0.1135575723	0.0710025964	0.1224138067	0.049134179	-0.0199400218	-0.0327523954	-0.0128478528	-0.002551099	-0.0539265623	-0.0151732097	0.0088761914	-0.0256892612	0.0406415653	0.0358893378	-0.0469744945	0.013008923	-0.0268750273	0.0824716108	0.0721532512	-0.0065410612	-0.1004575639	-0.0569074922	0.0426738275	0.0582247256	0.0526244965	0.0304253453	0.0325691811	0.0868687696	-0.0076139836	0.0804444336	0.0043851428	-0.0274707665	-0.0822142525	0.0861184661	0.0701366814	0.04566016	0.0156534218	-0.0162492101	-0.0461837883	0.0	0.0	-0.0138454227250832	-0.0057533430863826	3.31009566696276e-05	0.0001916957304362	-0.0514280434686327	-0.0028260541197796	0.0026448436550115	7.986581887923275e-06	0.1484902572001019	7.463541052038503e-05	5.5704445035464e-09	0.0220493564833524	-0.0061599020202197	0.0001471403756169	3.794439289870674e-05	2.165029013671178e-08	-0.0004468929784127	-0.0004456582122527	1.986112421482856e-07	1.99713334154574e-07	0.0006131298509314	0.0003801321754912	1.445004708436725e-07	3.759282141031608e-07	0.0	0.0	0.0	0.0	0.0	0.0	0.0	0.0	0.0	0.0	0.0	0.0	0.0	0.0	0.0	0.0	0.0	0.0	0.0	0.0	0.0	0.0	0.0	0.0	0.0	0.0
2418.0007321518246	2.550496348847446	5846727.54068676	6.505031625484152	2978.193396935096	-7.940377103364881	8869635.909547808	63.049588543641256	2799.2627329092043	5.3356376781798645	28.46902943281261	7835871.847854307	2831.15343985722	1816.9972127475176	0.7477819999999998	16.630518	0.1094373545113368	0.0706671363508444	0.0033176643	0.0205582886	0.039117733	0.066971154	0.0161837697	-0.0608282525	0.0229928175	0.0278008182	-0.037110321	0.0021375049	0.104286786	-0.0143815497	0.0766271938	0.0052014428	0.0637807523	-0.0083229964	-0.0181342336	0.0014307212	-0.0374726694	0.0079649733	0.0331418955	0.0273451757	-0.058321221	-0.0377723697	-0.0109256305	0.0329035715	-0.0255754095	-0.051336775	0.0381860899	-0.0793161831	0.0030013722	0.0071112284	-0.0202224312	-0.0118331915	-0.0266919194	0.0231348596	0.0447081854	0.0516919592	-0.0246713535	-0.025452135	-0.0352305416	-0.024587132	-0.0181819813	0.0094079628	-0.030543197	0.0223117315	-0.0125030362	-0.0465999493	-0.0010905032	-0.0273861013	0.0463240463	0.0675767188	0.0418055724	-0.0859532857	-0.0269423426	0.0585714011	-0.0138417374	-0.0180440311	-0.1570969652	0.0333568825	0.054823034	0.0290884805	0.1105862879	-0.032915149	0.0597564504	0.0153006765	0.0856962841	0.068554109	0.0424774267	0.0108647541	-0.0221638981	-0.0523039779	0.0	0.0	-0.0179051199273345	-0.0040596972022513	1.6481141373967048e-05	0.0003205933196122	-0.0649374923956003	-0.0135094489269676	0.0042168779186286	0.0001825052103103	0.1604375998563298	0.0119473426562279	0.0001427389965453	0.0257402234476597	-0.007373013236385	-0.0012131112161653	5.436132418390842e-05	1.471638822786054e-06	-0.0004448531002276	2.0398781851000097e-06	4.161103010046909e-12	1.978942807821071e-07	0.000229863630764	-0.0003832662201674	1.4689299552140593e-07	5.2837288748008533e-08	0.0	0.0	0.0	0.0	0.0	0.0	0.0	0.0	0.0	0.0	0.0	0.0	0.0	0.0	0.0	0.0	0.0	0.0	0.0	0.0	0.0	0.0	0.0	0.0	0.0	0.0
2426.302285396197	8.301553244372371	5886942.780118809	68.91578626914945	2996.9474984975964	18.754101562500185	8981694.308751	351.7163254165717	2810.023108409859	10.760375500654844	115.785680915093	7896229.869797407	2841.369005926724	1812.04356230982	0.7411999999999999	16.484129	0.0605819562325084	0.0394988798880908	0.0014539437	-0.0015500139	0.0532325241	0.0277051508	-0.0101995591	-0.0269169192	-0.0278715152	0.1148168206	-0.032519365	-0.0065194558	0.0288719795	-0.0332410181	-0.045530381	-0.0091419502	-0.032032292	0.0054156343	-0.05802652	-0.0674389337	0.0113442745	0.0224888908	0.0160085115	0.1020326952	-0.067324557	-0.0345660628	-0.0483842815	-0.0438245852	0.000325146	0.0381111358	-0.0219584793	0.0437167415	0.0239704706	0.0128639984	-0.0688835832	-0.0370579244	0.0246084679	0.0626616086	0.0537367119	0.0459881348	0.006102514	-0.0751227047	-0.0604192575	0.0057845811	-0.0159752792	0.0026545335	-0.042583158	0.0223833635	-0.0304414017	-0.0439834009	0.0120329377	-0.0399518953	0.0651294182	0.0452106414	0.0309249375	-0.0992761278	-0.0437307338	0.0053148248	0.0555505256	-0.0499432823	0.0326870901	0.0478919297	0.0748404213	0.0093948244	0.1378421199	0.0095712629	0.0638857431	-0.0219737486	0.0852591707	0.0669237601	0.039228091	0.0060458045	-0.0279820755	-0.0580962564	0.0	0.0	-0.0081631891579263	0.0097419307694082	9.490521511594228e-05	6.663765722808549e-05	-0.0719172889755839	-0.0069797965799835	0.0051720964535976	4.871756029795075e-05	0.1531909894379381	-0.0072466104183916	5.251336255594308e-05	0.0234674792449744	-0.0081050391313963	-0.0007320258950112	6.569165932146528e-05	5.358619109670938e-07	-0.0004449368940824	-8.379385480004452e-08	7.021410102250945e-15	1.9796883971569285e-07	0.0002297009503356	-1.626804283999875e-07	2.646492178440345e-14	5.2762526585077786e-08	0.0	0.0	0.0	0.0	0.0	0.0	0.0	0.0	0.0	0.0	0.0	0.0	0.0	0.0	0.0	0.0	0.0	0.0	0.0	0.0	0.0	0.0	0.0	0.0	0.0	0.0
2427.029924637098	0.7276392409007713	5890474.255083957	0.5294588648986506	3009.18610933744	12.23861083984366	9055201.0406294	149.7835952891387	2802.60501092684	-7.41809748301921	55.02817026757594	7854594.847272232	2836.3131276939657	1814.921027582985	0.765343	17.021063	0.1086401676567034	0.052461091532634	0.005604184	0.0051497346	0.0457255611	-0.0006066162	-0.0513173234	-0.0047077359	-0.0263528426	0.1303595149	-0.0415689758	0.0013972477	0.0074101972	0.0418415272	0.0759953044	0.0357961364	0.0404103943	0.0085119591	0.0482454605	0.0554931779	-0.0222036992	-0.0747517175	0.0231373723	0.0469694725	0.0769064402	0.0653272104	-0.0086634319	0.0629850508	0.0956180349	-0.0523361199	0.0658640466	-0.0603532891	-0.0355436181	-0.0413945807	-0.0002426776	0.063185892	0.0243999424	0.0589851038	0.0021570563	-0.0459627752	-0.036713365	0.0265201661	-0.0409137192	-0.0909839968	-0.0196912009	0.0100664713	-0.0239234501	0.0340797657	-0.0211269175	-0.0537911194	0.0005135169	-0.0256111654	0.0912362397	0.0531789905	0.0199814512	-0.1126489909	0.0161376763	0.067002667	0.0374326863	0.0596455553	-0.0943462427	-0.0198617283	0.0284705423	0.0173055784	0.0504715343	-0.0102301082	0.0812372883	-0.0533933361	0.084807202	0.0652467709	0.0359172478	0.001210004	-0.0336784079	-0.0635243102	0.0	0.0	0.0083887184403153	0.0165519075982416	0.0002739656451407	7.037059707088596e-05	-0.0475438745554299	0.0243734144201539	0.0022604200077424	0.0005940633304965	0.1258646706758952	-0.0273263187620428	0.0007467276970847	0.0158419153243515	-0.0078809707620367	0.0002240683693595	6.210970015207733e-05	5.020663414746984e-08	-0.0010239071207283	-0.0005789702266459	3.3520652334240485e-07	1.0483857918781176e-06	0.0002249690088158	-4.73194151980001e-06	2.2391270546807223e-11	5.06110549275635e-08	0.0	0.0	0.0	0.0	0.0	0.0	0.0	0.0	0.0	0.0	0.0	0.0	0.0	0.0	0.0	0.0	0.0	0.0	0.0	0.0	0.0	0.0	0.0	0.0	0.0	0.0
2427.064586396997	0.0346617598993361	5890642.5065424265	0.0012014375993192	3013.2059298001805	4.019820462740427	9079409.97538297	16.15895655266666	2807.366675185413	4.761664258573092	22.67344651137243	7881307.6489416	2840.231545157597	1821.9390055731608	0.80074	17.808292	0.0490170101952451	0.0271414617272423	0.0150588718	0.0121116018	0.0311605953	-0.0030232837	-0.0833942912	0.0107453624	0.016017981	0.0475130125	-0.0129825596	-0.0442966999	-0.0592032606	0.0793169175	-0.1017203805	-0.0232191081	-0.0598506461	-0.0811172752	0.0103739388	0.1396424757	0.0032970578	-0.0602337568	-0.0991453458	0.0690624611	0.1132810878	0.0161839517	0.0363210859	-0.0127483272	-0.000628829	0.0597228664	-0.0668979083	0.0514273707	0.0748789182	6.6583e-06	0.0854908155	0.1175959316	0.0013829753	0.0387129884	-0.0662804041	-0.079411371	0.0483826103	-0.0386238351	-0.0657730727	-0.0729321446	-0.0271809809	0.0195323818	-0.005124223	0.038842655	-0.0008947572	-0.0717324065	0.0059284304	-0.0320169858	0.0465092731	0.0340277394	0.0263923026	-0.098398864	0.0006695371	-0.0115977798	0.0489462689	-0.0962371243	0.0121825544	-0.0233681531	0.0677666561	-0.0655826642	0.1000483599	-0.0315595976	0.0593442096	-0.0785028673	0.0843404568	0.0635243102	0.0325500881	-0.0036291689	-0.039228091	-0.068554109	0.0	0.0	-0.0105408219968552	-0.0189295404371705	0.0003583275011624	0.0001111089283693	-0.0475862594978764	-4.238494244649532e-05	0.0022644520929992	1.7964833461927211e-09	0.1174763503854521	-0.0083883202904431	7.036391729505972e-05	0.0138006928998855	-0.0077244927757987	0.000156477986238	5.966778864336631e-05	2.4485360177099865e-08	-0.0007498885255847	0.0002740185951436	7.508619048447222e-08	5.623328008035953e-07	0.0002276077179379	2.6387091220999995e-06	6.962785831053751e-12	5.1805273264898646e-08	0.0	0.0	0.0	0.0	0.0	0.0	0.0	0.0	0.0	0.0	0.0	0.0	0.0	0.0	0.0	0.0	0.0	0.0	0.0	0.0	0.0	0.0	0.0	0.0	0.0	0.0
2417.911402112032	-9.153184284964937	5846295.548463373	83.78078255452908	3014.11049616887	0.9045663686897568	9084862.083115352	0.8182403153645733	2805.5146125064725	-1.852062678940456	3.4301361667240986	7870912.240987343	2841.350924703664	1731.863393132064	1.657896	36.871269	0.2144713977619933	0.1144383979989126	-0.1271163645	0.0386942682	-0.0542628865	0.2384992929	-0.1533466413	0.0041703687	-0.0383518386	-0.045575386	-0.0104776684	0.0484655478	-0.0742531104	0.1883575017	0.0330810006	0.0519084496	-0.0495586515	-0.0077091614	0.1840390439	-0.0206457394	-0.1003124702	0.2814236015	0.0804494942	-0.0344429224	0.2676331708	0.1180337971	0.1608166807	-0.1093567068	-0.0976447096	-0.0264182945	0.0608550071	0.0216309219	-0.032212042	-0.1467990703	0.0187734967	0.1299714056	0.031377166	-0.0700932587	0.0060252927	0.0563059569	0.2671993565	0.022789348	0.3678833795	-0.1434932941	-9.30357e-05	0.0101166925	-0.0905851103	0.0053627104	-0.1069782409	-0.1428317038	-0.2385840258	0.1724149602	-0.1079496155	0.336663599	-0.4246965245	0.0162803225	-0.0306600899	-0.0373758777	0.0370531407	0.0482250154	-0.0306554742	0.007538755	0.0799063358	0.052988577	0.0019443169	-0.0049788999	-0.0786195181	-0.0509102517	0.0838590164	0.0617575784	0.0291318917	-0.0084582266	-0.0446069594	-0.0731541193	0.0	0.0	-0.0106957816972368	-0.0001549597003815	2.401250874235512e-08	0.0001143997461149	0.0271176739283447	0.0747039334262211	0.000735368239284	0.0055806776693492	0.1704679824782857	0.0529916320928336	0.0028081130718622	0.0290593330502171	-0.0089591196939052	-0.0012346269181065	8.026582568972001e-05	1.5243036269131555e-06	-0.0010180110565505	-0.0002681225309658	7.188969161150643e-08	1.0363465112590654e-06	-2.060283840940244e-06	-0.0002296680017788	5.274739104108536e-08	4.244769505239485e-12	1.0	0.0	0.0	0.0	0.0	0.0	0.0	0.0	0.0	0.0	0.0	0.0	0.0	0.0	0.0	0.0	0.0	0.0	0.0	0.0	0.0	0.0	0.0	0.0	0.0	0.0
2417.301714713817	-0.609687398215101	5843347.579958361	0.3717187235422991	2995.339583646334	-18.77091252253604	8972059.221358595	352.3471569287002	2805.5251445807444	0.0105320742718504	0.0001109245884677	7870971.336874806	2838.306027411099	1732.785575925659	0.971558	21.607243	0.2688240984202827	0.1601880083148331	-0.1528277082	-0.0253064033	-0.0405100233	0.22210224	-0.1350618563	-0.0431375178	-0.0412027642	0.0049468783	0.0538414075	-0.0139926913	-0.0654935503	0.1406149219	-0.023491088	-0.0431724855	-0.0067012669	-0.0654355964	0.1451628995	0.0001138322	-0.1427555937	0.3062444446	0.1024444853	0.0559643189	0.1811421543	0.0820385063	0.2715138769	-0.1902049727	-0.2116662926	0.0132468724	-0.0413051193	-0.031432295	0.0378761634	-0.1249761212	-0.0245941022	0.1362316996	-0.038379985	-0.0463153721	0.1320627397	-0.0084359033	0.2320212898	-0.1447751717	0.4402234133	-0.0543285357	0.0115691483	-0.0119668057	-0.1311700523	-0.0569912516	-0.1088558358	-0.1196907078	-0.3157072371	0.2205385883	-0.1468717825	0.2658774782	-0.4170528608	0.0102965548	0.0245661489	-0.0649948149	0.0098286489	-0.1258255238	0.0366689809	0.0106803283	0.0072222228	0.0435204509	-0.0850259145	-0.0452423606	-0.011496052	0.1147222583	0.0833629647	0.0599478067	0.0256680179	-0.0132637098	-0.0497915913	-0.0772955021	0.0	0.0	-0.0387002596113319	-0.0280044779140951	0.000784250783241	0.0014977100939844	0.0696557638525661	0.0425380899242213	0.0048519254378844	0.0018094890944011	0.1865931786412389	0.0161251961629531	0.0002600219512937	0.0348170143154412	-0.0118725303361072	-0.002913410642202	0.0001409569765817	8.48796157009587e-06	-0.0013989709371504	-0.0003809598805999	1.4513043062669009e-07	1.9571196829914685e-06	-0.0003508164494193	-0.0003487561655783	1.216308630289203e-07	1.2307218118316428e-07	0.0	0.0	0.0	0.0	0.0	0.0	0.0	0.0	0.0	0.0	0.0	0.0	0.0	0.0	0.0	0.0	0.0	0.0	0.0	0.0	0.0	0.0	0.0	0.0	0.0	0.0
2434.5465731155587	17.244858401741567	5927017.01666871	297.3851412961168	3035.9244356595555	40.58485201322128	9216837.17903479	1647.1302129350713	2810.6979552151865	5.172810634442158	26.75796985979788	7900022.995450831	2844.6125348531787	1864.5284503777573	1.966762	43.740379	0.2052398043454252	0.1327038899910077	0.0040340772	-0.1089356004	0.1192556984	-0.1486834173	-0.0614827971	0.0625305584	-0.0267020522	-0.0346712059	0.0660848161	0.117128329	-0.0650675007	0.0440667422	0.0145994935	0.0579641655	-0.0966058929	0.0370587238	0.0976962618	-0.0400264921	-0.077758143	0.1024417386	-0.0281324562	-0.0136756514	-0.0293476672	0.0505424898	0.0424510683	-0.0613515683	0.0854364971	-0.0124839507	0.0713044865	0.0834346313	-0.0332542237	-0.0861046795	-0.0326510584	0.0839706691	0.0410487924	-0.0896089093	-0.0321119518	0.0909550946	-0.0607049315	-0.0995580607	0.0903863364	0.0210708479	-0.0060655487	-0.0239837219	-0.10292344	-0.0418938776	-0.1486080161	0.004898585	-0.0388924664	0.0101761787	0.0245670788	-0.0512931643	-0.0098582078	-0.0220093328	0.1706441213	-0.0754933257	-0.020899502	0.0414214082	0.1158355418	-0.0098068258	-0.0766705492	0.0143006682	-0.1371911781	0.1624650583	0.0491154503	-0.0318208409	0.0828523881	0.0580962564	0.0221638981	-0.0180322247	-0.0547594108	-0.0809522936	0.0	0.0	-0.0322892821227895	0.0064109774885423	4.110063235859741e-05	0.001042597740005	-0.0373030515566057	-0.1069588154091717	0.0013915176554347	0.0114401881937332	0.1853295301167179	-0.0012636485245209	1.5968075935240707e-06	0.0343470347332834	-0.01319983471867	-0.0013273043825628	0.0001742356366002	1.761736923970417e-06	-0.0016487054182341	-0.0002497344810836	6.23673110421449e-08	2.7182295561144788e-06	-0.0005859048442366	-0.0002350883948172	5.52665533777747e-08	3.432844864999145e-07	0.0	1.0	0.0	0.0	0.0	0.0	0.0	0.0	0.0	0.0	0.0	0.0	0.0	0.0	0.0	0.0	0.0	0.0	0.0	0.0	0.0	0.0	0.0	0.0	0.0	0.0
2423.4375197084632	-11.109053407095416	5873049.411930708	123.41106760169828	3035.9179837740385	-0.0064518855169808	9216798.004202625	4.162682672422709e-05	2803.311678583394	-7.386276631792498	54.55708248136393	7858556.367282046	2835.505585769128	1891.4157582066343	1.148563	25.543812	0.2104480196083046	0.1178301661818604	0.0775471794	-0.0557985885	0.1405857338	-0.1489561453	-0.0040116299	0.0633164739	-0.000203143	-0.0523928059	0.1062909097	0.0854466502	0.0133611525	0.053185855	0.0457499707	-0.146222912	0.1493233412	-0.0223921537	-0.0470037454	-0.0838534172	0.0193166944	0.062282445	-0.1084277236	-0.0436802506	0.0010395181	0.0036778987	-0.0243941471	-0.0776640097	0.0008897708	-0.0448283347	-0.1056328464	-0.1535189517	0.0132399952	0.045049973	-0.0478043592	-0.0941535895	0.0269059979	-0.0841832841	-0.0994649618	0.076089821	0.0408673107	-0.0139531826	0.041654858	0.0502639307	-0.0240034978	-0.0016999158	-0.0413666372	-0.0031071518	-0.0305417762	-0.0418201735	-0.0137109652	-0.0199319463	0.0159814447	-0.0398605523	0.107460916	0.0419027979	0.1218862511	-0.1011896214	-0.0794637302	-0.0783781804	-0.0865592351	-0.0335995652	0.0163464323	0.0312815208	-0.1801436608	-0.0124661108	-0.1350311884	0.1506137312	0.0823273756	0.0562042179	0.0186250264	-0.0227504805	-0.059488786	-0.0841015683	0.0	0.0	-0.0365234420393534	-0.0042341599165638	1.7928110199036374e-05	0.001333961818402	-0.0781302191113013	-0.0408271675546956	0.0061043311383799	0.0016668576105391	0.192959120894713	0.0076295907779951	5.821065543966794e-05	0.0372332223364604	-0.0111168613993222	0.0020829733193478	0.0001235846073717	4.338777849114792e-06	-0.0011083255961372	0.0005403798220969	2.920103521294773e-07	1.2283856270528797e-06	-0.0011176937299729	-0.0005317888857363	2.827994189926556e-07	1.249239274020734e-06	0.0	0.0	0.0	0.0	0.0	0.0	0.0	0.0	0.0	0.0	0.0	0.0	0.0	0.0	0.0	0.0	0.0	0.0	0.0	0.0	0.0	0.0	0.0	0.0	0.0	0.0
2417.425817043206	-6.011702665257417	5843947.580907011	36.14056893546313	2998.979652756911	-36.93833101712744	8993878.957649963	1364.440298330879	2796.082904302586	-7.228774280808011	52.25517760287138	7818079.607733184	2828.25374882139	1894.1452940479496	0.821199	18.263298	0.1197037614102752	0.0635918485734169	0.064915047	-0.0641037221	0.1408772078	-0.1321024243	-0.0003299028	-0.0430486438	0.0127981827	-0.0237420554	0.080962809	-0.0230644711	0.0066820691	0.0370630477	0.042408984	0.0382009576	0.0279421703	-0.1043550642	-0.0837305287	-0.0884413689	0.0500292486	-0.0040203186	-0.0482367914	0.095471402	-0.0294299346	-0.054026646	-0.030647563	-0.0348728888	0.014136651	-0.0055635634	0.0520010564	-0.0253574163	0.1122666885	0.033783521	-0.014602685	-0.1303295697	-0.0178032193	0.0405781492	-0.0237461696	0.0035846296	0.054330035	-0.0491575765	-0.040454599	0.0521136552	-0.0185256576	-0.005208525	-0.0669678282	-0.0162403309	-0.044197986	-0.0305358514	-0.0371581072	-0.0278887889	0.0478908104	-0.0395207465	0.1127300982	0.0728201787	0.087542632	-0.0705325766	-0.0137011448	-0.0182397753	0.1115305944	-0.0234124721	0.0744304266	-0.0247656722	-0.13451197	0.0026548885	-0.1542497283	0.1410265244	0.0817880187	0.0542730098	0.0150569516	-0.0274053266	-0.0639591232	-0.0867235824	0.0	0.0	-0.0341121590548567	0.0024112829844967	5.814285631323314e-06	0.0011636393953838	-0.1096306314958042	-0.0315004123845028	0.0120188753621688	0.0009922759803937	0.2097375665660337	0.0167784456713206	0.0002815162391454	0.0439898468290414	-0.0119732346816916	-0.0008563732823693	0.0001433583487428	7.333751987561389e-07	-0.0013592272426186	-0.0002509016464814	6.295163620707746e-08	1.8474986970765628e-06	-0.0013906912085212	-0.0002729974785483	7.452762329372953e-08	1.934022037458156e-06	0.0	0.0	0.0	0.0	0.0	0.0	0.0	0.0	0.0	0.0	0.0	0.0	0.0	0.0	0.0	0.0	0.0	0.0	0.0	0.0	0.0	0.0	0.0	0.0	0.0	0.0
2417.943096957942	0.5172799147362639	5846448.820126564	0.2675785101895564	3003.535903695913	4.556250939001984	9021227.924790423	20.75942261915646	2805.5633749562166	9.480470653630618	89.87932381435137	7871185.850895717	2837.9075102707434	1859.552240622283	0.827065	18.393749	0.0896564964215593	0.0406216836361732	0.0431380295	-0.0401997102	0.1130950297	-0.057860044	-0.0306969445	-0.0246550245	0.0335167098	-0.0356134615	0.071110844	0.0286160183	0.0645093204	0.0607463091	0.0419759711	-0.0060836466	0.0445803586	0.0299100507	0.0156712861	0.0369267557	-0.0548456996	-0.107909808	0.0614734283	-0.0109993901	-0.0875719679	0.0698549732	-0.0132281609	-0.0533749352	-0.0389379242	-0.0406213241	0.0299637793	-0.0439728118	-0.0335678921	-0.0055365189	0.0040740459	0.034511115	-0.0753761709	-0.0051969726	-0.0393743276	0.0593286274	-0.160145151	-0.060775636	-0.0366829537	-0.1206408983	-0.0198671632	0.0018614731	-0.040955094	0.0028326658	-0.0296336432	-0.0475550396	-0.0072522474	-0.0049100449	0.0317179997	-0.0209297705	0.0975699766	0.0781640006	0.0795073498	0.0170244256	-0.1001601402	0.0117535232	-0.0800843759	-0.0415748719	-0.0329324395	-0.0340211504	-0.1086766084	0.0673308021	-0.149275845	0.0661692445	0.0812344112	0.0523039779	0.0114652683	-0.0319837892	-0.068150957	-0.0888018974	0.0	0.0	-0.0218364723581174	0.0122756866967392	0.0001506924838765	0.0004768315250468	-0.1098286078907335	-0.0001979763949293	0.0120623231112164	3.91946529492022e-08	0.2371860007211594	0.0274484341551256	0.0007534165375682	0.0562571989380978	-0.011514350985013	0.0004588836966786	0.000132580278606	2.1057424707741777e-07	-0.0012147829787756	0.000144444263843	2.086414535714621e-08	1.47569768552292e-06	-0.0017820512314949	-0.0003913600229737	1.5316266758197505e-07	3.1757065916724898e-06	0.0	0.0	0.0	0.0	0.0	0.0	0.0	0.0	0.0	0.0	0.0	0.0	0.0	0.0	0.0	0.0	0.0	0.0	0.0	0.0	0.0	0.0	0.0	0.0	0.0	0.0
2420.852941626716	2.909844668773985	5860528.964982725	8.467195996392384	2993.5165799654446	-10.019323730468386	8961141.514528012	100.38684801592694	2806.904479861492	1.3411049052751878	1.7985623669531705	7878712.759066512	2835.6622728650323	1836.152104797835	0.8144749999999998	18.113752	0.1510491968109838	0.0866068362055183	0.0246302054	-0.0650591415	0.0980399338	-0.0547686835	-0.0318701154	-0.0504769518	-0.0098922405	0.0210412519	0.0320030294	0.0073273736	0.0030098408	0.0569480335	-0.0787296444	-0.0084592077	-0.0488584209	-0.0849254537	-0.0123580348	-0.0522442103	0.0016329724	0.0189175902	-0.0535832835	0.0918081343	-0.110104394	0.0429414755	-0.0418790677	-0.1654545761	0.0698060156	0.0680805677	-0.0234754601	0.0465228605	0.1107691664	-0.0286106731	-0.0066257893	-0.0238925678	0.030332404	-0.0294784081	-0.0463708058	0.1029365517	0.0191079241	-0.1233867035	-0.087747659	-0.1004235764	-0.0076036661	-0.012906959	-0.0659533361	-0.0119956603	-0.0355124548	-0.019293952	-0.0163897096	-0.0125465311	0.0208875448	-0.0499303357	0.0905969647	0.0539473471	-0.0051982464	-0.0373639008	-0.0349196281	-0.0536078973	0.096463108	-0.0252492715	-0.014780016	-0.038020618	0.0205455197	0.040156329	-0.0857085932	0.0643159934	0.0806666498	0.0502984945	0.0078556081	-0.0364731072	-0.0720460343	-0.0903234838	0.0	0.0	-0.0418847395253436	-0.0200482671672262	0.0004019330164084	0.0017543314051058	-0.1061728488629114	0.0036557590278221	0.0112726738356666	1.3364574069502788e-05	0.2455720960689049	0.0083860953477455	7.032659518147887e-05	0.0603056543676754	-0.012996311433537	-0.001481960448524	0.0001689041108774	2.196206770989456e-06	-0.0005897148017888	0.0006250681769868	3.9071022588160153e-07	3.4776354744880373e-07	-0.0015098983516419	0.000272152879853	7.406719001228147e-08	2.279793032290927e-06	0.0	0.0	0.0	0.0	0.0	0.0	0.0	0.0	0.0	0.0	0.0	0.0	0.0	0.0	0.0	0.0	0.0	0.0	0.0	0.0	0.0	0.0	0.0	0.0	0.0	0.0
2422.1444538977207	1.291512271004649	5866783.755547488	1.6680039461555858	2999.415762094351	5.899182128906432	8996494.913900036	34.80034979000902	2803.3147253441766	-3.589754517315214	12.886337494584984	7858573.449331497	2837.541279633621	1833.7954609324056	0.8216	18.272215	0.1408002733902659	0.0755383544375135	0.0187240224	-0.0316190014	0.0785978366	-0.0338065847	-0.0058566668	-0.0268010187	0.0074752228	0.0117561732	-0.0137290403	0.0428715427	0.072093111	-0.0095969664	0.100258294	0.0516455824	0.0524882196	0.0211776551	0.095480732	0.0208039128	0.0834628263	-0.0135654167	-0.0417990445	-0.0248214321	0.0935898774	0.0666063342	-0.0507973336	0.0237437429	0.0964618028	-0.0685761527	0.083978376	-0.0606047874	-0.0627867967	-0.0627369476	0.0555339229	-0.0019514409	0.1149092444	0.0059285413	-0.0723593711	0.0054306616	0.0162560604	0.0706761733	-0.0378570145	-0.0562447438	-0.0164825731	-0.004445453	-0.0504489215	0.0230976589	-0.0163982021	-0.0424633466	0.0136100969	0.0097982466	0.0718287823	-0.0471871306	0.0364962638	0.0167762707	0.1017474506	0.031076058	-0.081157353	0.0963334551	-0.016241112	0.0079427576	-0.0522029928	0.0644450155	-0.0411236466	0.091006162	-0.0256793361	0.0220132241	0.0800848332	0.0482579572	0.0042336307	-0.0408607681	-0.0756273945	-0.0912788023	0.0	0.0	-0.0216888544766646	0.020195885048679	0.0004078737728994	0.0004704064085099	-0.1093315476802132	-0.0031586988173018	0.0119533873181507	9.97737821842386e-06	0.2423977673319797	-0.0031743287369251	1.0076362930069085e-05	0.0587566776075285	-0.0117824787420257	0.0012138326915112	0.0001388268053062	1.4733898029815653e-06	-0.001211997526425	-0.0006222827246361	3.872357893806526e-07	1.4689380040603183e-06	-0.0019592101512416	-0.0004493117995996	2.018810932595208e-07	3.838504416728132e-06	0.0	0.0	0.0	0.0	0.0	0.0	0.0	0.0	0.0	0.0	0.0	0.0	0.0	0.0	0.0	0.0	0.0	0.0	0.0	0.0	0.0	0.0	0.0	0.0	0.0	0.0
2426.0357026828824	3.891248785161679	5885649.230692027	15.14181710802224	2985.5134023813102	-13.902359713040823	8913290.275798427	193.2756055907805	2812.543013723273	9.228288379096284	85.16130640776352	7910398.20404359	2845.5941803609912	1841.9873246866548	0.7727629999999999	17.186083	0.0816859732963116	0.0500150092250522	0.0248589251	0.0042915297	0.0524631195	-0.0084067827	-0.003235379	-0.0545782508	0.0054318637	0.0400012782	-0.0248656777	-0.0280269855	0.0174436421	-0.0459189334	-0.041225922	-0.0530732615	0.0108510831	0.0091319251	-0.0002020497	-0.0457141333	0.0224950668	-0.0392674048	-0.0249946719	0.0233509057	0.0543518501	0.0035579725	0.0185899242	-0.0609643743	0.1438217031	0.02038402	-0.0636394552	-8.20905e-05	-0.0209211579	-0.0221599626	-0.0287679814	-0.0320109729	0.0401233288	0.0614564424	-0.0093005681	0.0024513471	-0.0024683109	-0.0053067127	-0.0139262718	-0.0414338743	-0.0271694269	0.0110548466	-0.0243208786	0.0225784953	-0.0423186032	-0.0531265223	0.0309566019	-0.0137408272	-0.0002926595	0.0022070301	0.0689161534	0.0173271815	0.0245515769	-0.0473293446	-0.0506375143	-0.0998251328	-0.0106086449	0.0294414303	-0.042999061	0.0196834088	0.0939225194	0.0497558691	0.0023259709	0.0511576118	0.079489063	0.0461837883	0.0006050152	-0.0451345427	-0.0788794428	-0.0916618636	0.0	0.0	-0.0213162300535003	0.0003726244231643	1.3884896073852786e-07	0.0004543816636937	-0.1095146020838626	-0.0001830544036493	0.0119934480695867	3.3508914695435144e-08	0.2310826402962718	-0.0113151270357079	0.0001280320998342	0.0533991866462961	-0.0111572435448783	0.0006252351971474	0.0001244840835197	3.909190517519492e-07	-0.000533101700809	0.0006788958256159	4.608995420388302e-07	2.841974234054486e-07	-0.0018670378253292	9.217232591239988e-05	8.495737664101665e-09	3.485830241209988e-06	0.0	0.0	0.0	0.0	0.0	0.0	0.0	0.0	0.0	0.0	0.0	0.0	0.0	0.0	0.0	0.0	0.0	0.0	0.0	0.0	0.0	0.0	0.0	0.0	0.0	0.0
2429.3227213997247	3.28701871684234	5901608.884708964	10.804492044871862	3060.446670297476	74.93326791616573	9366333.821734907	5614.994640595873	2812.7667962087294	0.2237824854564678	0.0500786007970742	7911657.04985432	2855.0744026131465	1823.5376376899355	1.087717	24.190605	0.3066226487097359	0.1975075465106076	0.0220625421	-0.0025329447	-0.0034092851	-0.0148656074	0.0423110792	0.1724335674	0.0711850299	-0.0713068609	-0.1423348749	-0.0077515626	-0.0129004529	-0.1043109653	0.047889884	-0.0212902964	-0.0626539639	0.0940179164	-0.033875717	0.010480465	0.086374786	-0.0052722332	-0.10712272	-0.1194093178	0.0634650836	-0.0449152345	-0.0358006194	-0.0189143227	-0.0205761623	-0.1054163195	-0.0395947464	0.1045921628	-0.0984673221	0.0621783464	0.1220565234	-0.0786191934	-0.0247181306	-0.0436113043	-0.0988859707	-0.0095309807	0.0979597191	0.0472650565	0.0070843168	-0.0125542238	-0.0419220495	0.024788717	0.0384932303	-0.0328329031	-0.0039005005	-0.024783998	-0.0583203698	0.0169943647	-0.0536423438	-0.1522251826	-0.023981312	-0.0235704917	0.1220565493	0.068903114	-0.1114599769	0.0907889152	0.0678159498	0.0095624239	0.0031424273	-0.0282461938	0.1127886305	0.0184108308	0.1154041495	0.0625636121	0.0788794428	0.0440774331	-0.0030245489	-0.0492825193	-0.0817880187	-0.0914702662	0.0	0.0	-0.0203380604954617	0.0009781695580385	9.56815684273428e-07	0.000413636704717	-0.055898942699585	0.0536156593842776	0.0031246917949314	0.0028746389312108	0.0503059723825671	-0.1807766679137047	0.0326802036619818	0.0025306908573556	-0.0112099588014855	-5.271525660720082e-05	0.000125663176331	2.778898279163029e-09	0.0003980029691772	0.0009311046699862	8.669559064701105e-07	1.584063634738672e-07	-0.0014258147148483	0.0004412231104808	1.9467783322244045e-07	2.032947601077939e-06	0.0	0.0	0.0	0.0	0.0	0.0	0.0	0.0	0.0	0.0	0.0	0.0	0.0	0.0	0.0	0.0	0.0	0.0	0.0	0.0	0.0	0.0	0.0	0.0	0.0	0.0
2436.548834755011	7.226113355286088	5936770.224146001	52.21671422344397	3043.209359036959	-17.23731126051689	9261123.20293014	297.1248994919424	2816.596945957831	3.830149749101565	14.670047100542783	7933218.355978981	2851.0136201845366	1842.53942963071	1.116954	24.840826	0.3164239523596601	0.1758805181567895	0.0233398049	-0.0117205331	0.0412511985	-0.0580161393	-0.0880537361	0.0696964051	-0.0367594454	0.1463227203	0.0376242473	-0.0550228705	-0.0990694811	0.0380181173	-0.0577953385	-0.0813353541	-0.0278696055	0.0663378729	0.0352464478	0.0181734252	0.0146991433	-0.0821546308	-0.0754347707	0.0900762968	0.055137994	0.0251640931	0.0454051392	0.0191849989	0.0837433072	0.0229509275	-0.1150619532	0.0043674417	-0.0754037856	-0.0502101907	-0.0405278404	0.0509232821	0.0653421271	0.0804746185	-0.0689378496	-0.1123583993	-0.0388225573	-0.1215864686	-0.0255332684	-0.0332140991	-0.025490883	0.0072156124	-0.0102311881	0.0128488721	-0.0539134281	-0.0505712038	0.0285272639	-0.0030789403	-0.0023315252	-0.0626248321	0.0258592028	-0.0311586299	0.0694922128	-0.0475430506	-0.0476872292	-0.0749451881	-0.0446171412	-0.0302279744	-0.0383835802	0.0219031061	0.0139534786	0.0529890988	0.0634347521	0.0026484359	0.078256079	0.0419403596	-0.0066493708	-0.0532931366	-0.0843404568	-0.0907052112	0.0	0.0	-0.0404121073538306	-0.0200740468583689	0.0004029673572719	0.0016331384207775	-0.1340693293757198	-0.0781703866761348	0.0179745850792552	0.0061106093530964	0.1895107229918835	0.1392047506093164	0.0193779625922019	0.0359143141289064	-0.0118871523135557	-0.0006771935120702	0.0001413043901256	4.5859105278997213e-07	-0.0004220515979791	-0.0008200545671563	6.724894931139065e-07	1.7812755135671186e-07	-0.0015080619999386	-8.224728509030003e-05	6.764615904725089e-09	2.27425099565881e-06	0.0	0.0	0.0	0.0	0.0	0.0	0.0	0.0	0.0	0.0	0.0	0.0	0.0	0.0	0.0	0.0	0.0	0.0	0.0	0.0	0.0	0.0	0.0	0.0	0.0	0.0
2429.559557658024	-6.989277096986825	5902759.644207453	48.84999433846458	3030.749528620793	-12.459830416165914	9185442.70523516	155.24737399961327	2810.851344534296	-5.745601423534936	33.01193571812668	7900885.281070259	2846.3105091594825	1861.427860737584	0.910105	20.240551	0.0740888697889104	0.0368543429804778	0.0357015801	-0.0037562118	0.0496888042	-0.0858847025	-0.054540412	0.0639234931	0.0104088865	-0.0038299829	0.06954642	0.0574980692	-0.1257123097	0.0230819646	-0.0098949379	0.0689032613	-0.0638130719	0.0633085423	-0.1248412773	-0.0381119624	0.0131004029	-0.0336327843	-0.090514776	0.0833197413	0.0356562843	-0.0140604054	0.0597173298	0.0236998123	-0.01539586	0.0095081735	0.0377043284	0.0886223334	-0.0273656316	0.099216958	-0.095858433	-0.0378642599	0.0040923954	0.0777904666	-0.0335290274	-0.1101454116	0.0562412824	-0.0547429843	0.0212085102	0.0685491219	-0.0219219456	0.0067516392	-0.011584942	0.0142140065	-0.0157641674	-0.0322760649	0.0371507863	-0.0073845125	-0.0298372448	-0.0655074511	0.0407623761	-0.0183393225	0.0925788271	-0.0897465286	0.0230400737	0.0278471135	0.0685841639	0.0220956161	0.0951167809	0.0013267666	-0.0423340294	0.0818696553	-0.0441412036	-0.0100076683	0.0776190801	0.0397740572	-0.0102637667	-0.0571552164	-0.086525643	-0.0893714952	0.0	0.0	-0.0585811367786135	-0.0181690294247829	0.0003301136302386	0.0034317495862746	-0.1575202525078936	-0.0234509231321737	0.0248126299501505	0.0005499457957511	0.2108771390789172	0.0213664160870336	0.0004565237364042	0.0444691677861089	-0.0116960987177357	0.00019105359582	0.000136798725215	3.6501476475752324e-08	-0.0004220144207476	3.7177231499970025e-08	1.3821465420023629e-15	1.7809617131893238e-07	-0.0015390212497855	-3.0959249846900004e-05	9.584751510827779e-10	2.3685864072913226e-06	0.0	0.0	0.0	0.0	0.0	0.0	0.0	0.0	0.0	0.0	0.0	0.0	0.0	0.0	0.0	0.0	0.0	0.0	0.0	0.0	0.0	0.0	0.0	0.0	0.0	0.0
2423.132051961026	-6.427505696998196	5871568.941240852	41.31282948494427	3038.150143667368	7.400615046574785	9230356.295466049	54.76910306758911	2808.995921709384	-1.855422824911784	3.442593859203625	7890458.088179953	2842.3310137728986	1871.969491006418	0.8556049999999998	19.028471	0.0655327800237734	0.035888270474876	0.0356240758	0.0301450797	0.0333886555	-0.0355707708	-0.0141510963	0.0649909191	0.0169881613	-0.0389121283	0.1026885399	0.0978264028	0.0320637091	0.0363211161	0.0331903266	-0.1049160473	0.0836558198	0.0400987385	-0.0018096003	-0.0240641577	0.0407342982	0.0493745285	-0.0833684432	0.0070633584	-0.0511737619	0.0342393595	0.0145881974	0.0276179268	-0.0797247069	-0.0435961034	-0.0809266567	-0.0872392143	-0.0462283157	0.034847909	-0.0433087079	-0.0200898124	0.0513017258	-0.0340102266	-0.0443793097	0.0129601267	0.0204064808	-0.0218125247	0.0330488433	0.1069831224	-0.0246741988	0.0100017308	-0.0059870665	0.0183074352	-0.0203760349	-0.0218331557	0.0337025125	-0.0235845742	-0.0235490286	-0.0462118425	0.0290292038	0.003642029	0.0304159768	-0.0487120309	-0.0766575341	0.0006431223	-0.0980072046	0.0025048089	0.0082215891	0.0537465026	-0.0661383812	0.0265154141	0.0489498418	0.0536036025	0.0769685571	0.0375800356	-0.0138620696	-0.0608579944	-0.0883340621	-0.0874774795	0.0	0.0	-0.0746152880313815	-0.0160341512527679	0.0002570940063966	0.005567441208006	-0.157961697640161	-0.0004414451322674	0.0249518979213616	1.9487380480258585e-07	0.1935630818156042	-0.017314057263313	0.0002997765789172	0.0374666666419542	-0.0112921254765288	0.0004039732412069	0.0001275120977776	1.631943796112083e-07	-0.0004200325480592	1.981872688400026e-06	3.927819353025947e-12	1.7642734142910418e-07	-0.0017679286633987	-0.0002289074136131	5.2398604007084575e-08	3.1255717588667134e-06	0.0	0.0	0.0	0.0	0.0	0.0	0.0	0.0	0.0	0.0	0.0	0.0	0.0	0.0	0.0	0.0	0.0	0.0	0.0	0.0	0.0	0.0	0.0	0.0	0.0	0.0
2419.341447507521	-3.790604453504784	5853213.039627787	14.368682122930302	3015.2573439378007	-22.892799729567287	9091776.85017084	524.080279458076	2806.8391620122898	-2.156759697094458	4.6516123910109775	7878346.081405853	2838.755983129041	1834.5683188106768	0.8389539999999999	18.658167	0.1064142155056617	0.060437531310375	0.0036454911	0.0352905835	0.0004812204	0.0554327318	0.042392184	0.0178144231	0.0189113825	-0.0560457083	0.0289727516	0.0240975089	-0.0382376411	-0.0599360999	-0.0295417044	0.0041820537	-0.0244632848	-0.0363810209	-0.0390233849	-0.0124311538	0.0530262386	-0.0345351876	0.0012732906	-0.0879931589	-0.0206030949	-0.0135218547	-0.0913018319	0.0436703889	-0.0484362996	0.0244847974	-0.007668455	0.0368264111	0.0483299006	0.0397901516	0.0104093844	-0.0372141571	0.0287988025	0.0048314208	-0.0395131398	0.0130819862	-0.0611533868	0.0790122536	0.0062705709	0.1414683198	-0.0129265177	0.0036597557	-0.0212216547	0.0249456007	0.0285446026	-0.0149231195	0.007620945	-0.0105874855	0.0072847677	-0.0442143865	0.0084088217	0.0001798878	-0.030246431	-0.0522844585	-0.0325732881	0.0102552554	0.0964373214	0.0515924028	0.0536788202	0.0442853096	0.0552083743	0.0052979151	0.041703498	0.0270994798	0.0763046233	0.0353598238	-0.0174386375	-0.0643911502	-0.0897578394	-0.0850350384	0.0	0.0	-0.0584421728334803	0.0161731151979011	0.0002615696552045	0.0034154875654983	-0.1586852707099098	-0.0007235730697487	0.0251810151402773	5.235579872656949e-07	0.2409943802810659	0.0474312984654617	0.0022497280741197	0.058078291327055	-0.011691132279138	-0.0003990068026092	0.0001366825739683	1.5920642852841845e-07	-0.0005007991938195	-8.076664576029996e-05	6.523251067369781e-09	2.507998325302611e-07	-0.0014059775363172	0.0003619511270814	1.3100861839556814e-07	1.976772832628583e-06	0.0	0.0	0.0	0.0	0.0	0.0	0.0	0.0	0.0	0.0	0.0	0.0	0.0	0.0	0.0	0.0	0.0	0.0	0.0	0.0	0.0	0.0	0.0	0.0	0.0	0.0
2420.961102979937	1.6196554724160706	5861052.662141833	2.6232838493273247	2995.9508150540864	-19.30652888371424	8975721.286223244	372.74205753769206	2800.310751991198	-6.528410021091986	42.62013740349426	7841740.307717508	2833.8444061489763	1836.448007386103	0.784172	17.439819	0.0946504497040878	0.0558768364940775	-0.0052493575	0.0232675763	-0.0070912598	0.0452039485	0.0529855485	-0.0249225569	0.0279445657	0.0189348171	-0.0033828596	0.0369551122	-0.0056376706	-0.0555466527	0.1136071118	0.012085637	0.0785857366	-0.0078637341	0.0444438516	0.0316358189	0.0428036109	-0.0863864733	0.0073963601	-0.0799594021	-0.0145583089	-0.0492092647	-0.0496790455	-0.0011917111	-0.0639101864	-0.0892012727	0.0566782788	-0.0898552164	-0.0310782557	-0.0099237432	0.0668034315	-0.0172792967	0.0066343373	-0.0107413944	-0.0273772504	0.0046361946	-0.0803597666	0.0707069699	-0.0369998597	0.0542010997	-0.0136751742	0.0004910374	-0.0105390789	0.0144164387	0.0041027189	0.0026058056	0.0102199598	-0.0026845185	-0.0232130565	-0.037017948	0.0342283623	0.0088820109	-0.0150213681	0.0274412542	-0.0617043576	0.0981381866	-0.0827728554	0.0387294776	0.0021753095	0.0599349343	0.068254693	0.0111545253	0.0516956148	0.0504049024	0.0756273945	0.0331149692	-0.0209878625	-0.0677448364	-0.0907907753	-0.0820594844	0.0	0.0	-0.0580939969927811	0.0003481758406991	1.2122641604659256e-07	0.0033749124865972	-0.1907699929089545	-0.0320847221990447	0.0363931901944825	0.0010294293985898	0.2415701676877262	0.0005757874066603	3.3153113766860615e-07	0.0583561459166761	-0.0122962449667313	-0.0006051126875932	0.0001511976402818	3.661613646863863e-07	8.788732106457253e-05	0.000588686514884	3.465518128063553e-07	7.724181203907256e-09	-0.0014450136189935	-3.903608267630016e-05	1.523815750710941e-09	2.0880643590766924e-06	0.0	0.0	0.0	0.0	0.0	0.0	0.0	0.0	0.0	0.0	0.0	0.0	0.0	0.0	0.0	0.0	0.0	0.0	0.0	0.0	0.0	0.0	0.0	0.0	0.0	0.0
2421.871458611479	0.9103556315417336	5865461.362036892	0.8287473758797487	2985.2809814453126	-10.669833608773844	8911902.538179088	113.84534923891984	2803.376758240817	3.066006249619022	9.4003943227029	7858921.248644791	2835.1463892443426	1822.4216525565712	0.803778	17.875862	0.0959636238833981	0.0454436468664174	-0.0088247672	0.0088636405	0.0008966806	0.0234071487	0.0141608981	-0.0399590233	0.0239155463	0.0421259077	-0.0738364803	-0.0465226848	-0.0487740403	-0.0928967013	-0.0474238893	-0.0217896671	-0.0241113658	-0.1142626729	-0.0146123774	0.0368073995	0.0894077629	-0.0678619552	0.0206921987	-0.0343322032	0.0075552924	-0.013822919	-0.0009272224	-0.0852529247	-0.0601289943	0.0267661311	-0.0479965161	0.0146312823	0.1007768888	-0.005411883	0.0922873093	-0.0291972148	0.0716970378	0.0123076529	-0.0449434873	-0.0033609317	-0.0450475349	0.0397026729	-0.0339203355	-0.0549565363	-0.013101078	0.0002451601	-0.0160552953	0.0014934977	-0.0175954907	0.0001487777	0.008924119	-0.0124981077	-0.0287004251	-0.0632600798	0.0139121265	-0.0082760892	-0.0528341576	-0.0460087866	-0.0279571697	-0.0598374662	0.0595004762	0.0239705044	-0.0165417318	-0.0060734129	0.1371017618	0.0382750342	0.0984618557	0.0060037206	0.0749369886	0.0308470363	-0.0245041797	-0.0709097055	-0.091428372	-0.0785694722	0.0	0.0	-0.0583187920927485	-0.0002247950999673	5.053283696935126e-08	0.0034010815111572	-0.158228318853034	0.0325416740559204	0.0250362008870573	0.0010589605503617	0.2188716846951521	-0.0226984829925741	0.0005152211301641	0.047904814361294	-0.0128113628933839	-0.0005151179266525	0.0001641310191859	2.653464783588725e-07	8.27356565480386e-08	-8.78045854080245e-05	7.709645218675068e-09	6.8451888644350025e-15	-0.0016520645416316	-0.000207050922638	4.2870084565288434e-08	2.729317249716429e-06	0.0	0.0	0.0	0.0	0.0	0.0	0.0	0.0	0.0	0.0	0.0	0.0	0.0	0.0	0.0	0.0	0.0	0.0	0.0	0.0	0.0	0.0	0.0	0.0	0.0	0.0
2425.3543432678007	3.4828846563218576	5882343.690407985	12.130485529242224	2998.8248460036057	13.54386455829308	8992950.45700855	183.43626717338745	2814.981333236248	11.604574995430994	134.66616082458225	7924119.906468523	2846.1704259832973	1819.2220412995755	0.791033	17.592417	0.0553579232997931	0.0372547951860676	-0.0137143487	0.0031147273	-0.0065133742	0.0257380974	-0.0275576518	0.0041394361	0.0045736536	-0.0068895164	0.0219491909	-0.0348627937	-0.1008773372	0.0044162751	-0.0237425882	0.027714803	-0.0536297246	0.0898260377	0.0161927052	0.0389649137	-0.0518210697	0.0123917174	-0.0538874038	0.0127421167	-0.0543219096	0.060998966	-0.0164217176	0.0123542993	-0.0195342485	0.0052002947	0.0228234516	0.0605393615	-0.0606346615	0.0086383961	-0.0238006221	0.1090175993	-0.0051789302	-0.0289577165	-0.0497640911	0.0122735148	0.0039069461	-0.0322434842	-0.0544622729	-0.0621522043	-0.0100658238	-0.0067568076	-0.0136571058	-0.0054279332	-0.032249651	0.0172617616	0.0028069018	-0.0113140163	-0.0460641098	-0.0423320205	-0.0113702933	-0.0201205665	-0.0184690467	0.0146157732	0.0270572619	0.1203135782	0.007467006	-0.0269604901	-0.0043489511	-0.0225094724	0.0495902274	0.0557440435	0.070460717	-0.0622849761	0.074233526	0.0285576056	-0.0279820755	-0.0738769366	-0.0916678532	-0.0745868818	0.0	0.0	-0.0419719588153526	0.0163468332773958	0.0002672189581989	0.0017616453267976	-0.1586533347927599	-0.0004250159397258	0.0251708806408635	1.8063854902107398e-07	0.2152518361676527	-0.0036198485274994	1.3103303362039676e-05	0.046333352973546	-0.0134644086955997	-0.0006530458022158	0.0001812903015221	4.264688197916784e-07	4.3393286310866586e-06	4.25659297453862e-06	1.8118583750891532e-11	1.8829772968568416e-11	-0.0016100424257185	4.202211591309993e-05	1.7658582258140063e-09	2.592236612613512e-06	0.0	0.0	0.0	0.0	0.0	0.0	0.0	0.0	0.0	0.0	0.0	0.0	0.0	0.0	0.0	0.0	0.0	0.0	0.0	0.0	0.0	0.0	0.0	0.0	0.0	0.0
2421.5043526476693	-3.849990620131394	5863683.329891608	14.822427775099712	3030.0415471003607	31.21670109675506	9181151.777154349	974.4824273641484	2813.945482874939	-1.0358503613088033	1.0729859710235785	7918289.180592273	2849.3977490234374	1836.2442444177832	0.804562	17.893303	0.0996659926159937	0.0458596523897723	-0.0099024062	-0.0118403491	-0.0051438739	0.0196162858	0.0150018935	0.0793736771	0.0604204763	-0.1018552398	0.0298494932	-0.0897017277	0.0061249568	0.0623511174	-0.0687471294	-0.0513541317	-0.0140249914	0.0213938626	-0.0417862229	0.0813523725	0.004106074	-0.0898950125	0.0251011196	-0.021797633	-0.0415366764	0.000444099	0.0389146246	-0.1502336524	0.071650798	0.0213802383	-0.09243255	0.0331630979	-0.0251452854	0.0585004955	0.0652006056	0.019155873	-0.0810912672	0.0153375635	-0.0394088102	-0.0679733666	-0.0714371052	-0.0342818003	0.0118343721	-0.052917365	-0.0081141694	-0.0078417304	-0.0155804421	-0.024218228	0.0023902875	0.0192983684	-0.0339377123	-0.0034645021	-0.0463569266	-0.0785998173	0.0124569549	-0.0263341022	0.0008646408	-0.0324226617	-0.0544621663	-0.0496417245	-0.0246719422	-0.0671649803	0.0472789732	-0.0711511453	0.0240846005	-0.0564245825	0.0727378453	-0.0441316896	0.0735171291	0.0262482726	-0.031416097	-0.0766382594	-0.0915081759	-0.0701366814	0.0	0.0	-0.0608018579062559	-0.0188298990909032	0.0003545650997736	0.0036968659248525	-0.1744194251072457	-0.0157660903144858	0.030422135854742	0.0002485696038045	0.2088409021302624	-0.0064109340373902	4.110007523176939e-05	0.0436145224025818	-0.0134226034800213	4.180521557839954e-05	0.0001801662841818	1.7476760495564599e-09	-0.0004279065189296	-0.0004322458475606	1.8683647273345643e-07	1.831039889424481e-07	-0.0009109121053933	0.0006991303203252	4.887832047980168e-07	8.297608637520546e-07	0.0	0.0	0.0	0.0	0.0	0.0	0.0	0.0	0.0	0.0	0.0	0.0	0.0	0.0	0.0	0.0	0.0	0.0	0.0	0.0	0.0	0.0	0.0	0.0	0.0	0.0
2419.6875628407647	-1.8167898069045805	5854887.90176628	3.3007252024723828	3008.585806039664	-21.45574106069671	9051588.552303337	460.34882446366674	2814.6976458752133	0.7521630002743223	0.5657491789816701	7922522.837695467	2844.8229030845905	1868.8907885072404	0.800961	17.813211	0.1399849613265739	0.0821326041647077	0.0051277779	-0.0218784361	0.0177306822	0.0056386067	0.0289151002	-0.0007622925	0.0294629784	-0.1101168642	0.0573101028	-0.023722433	-0.0432731833	0.0470369483	-0.0518004677	0.0354698368	-0.0673249304	0.0628258479	-0.0824619036	-0.009019356	-0.1121116512	0.0582127302	-0.0104887057	-0.0337247746	-0.0671962834	0.1709513878	-0.0783570242	0.0368657002	0.0295509046	0.0364908239	0.0286068096	0.0967018583	0.0008677773	0.0724701098	-0.087951723	0.0502153763	-0.0469284464	-0.0635497679	-0.0770096541	0.1138797756	-0.0721012545	-0.0289245736	0.0305270451	-0.0125602977	-0.0013700126	-0.0134231571	-0.0337417165	-0.0199846768	-0.0113252468	0.0288551983	-0.0324317791	-0.0006462345	-0.0178375314	-0.0393939887	0.0470655023	0.0408933075	0.0223008748	0.0136973707	0.0065893142	0.1047555301	0.0401433091	-0.0219507321	0.0708883204	-0.0748459402	0.0006512676	0.0015622136	0.0006827833	-0.0614068184	0.0727879229	0.0239206467	-0.0348008596	-0.0791859776	-0.0909500356	-0.0652467709	0.0	0.0	-0.0461588388445761	0.0146430190616798	0.0002144180072407	0.0021306384034795	-0.1734054187170386	0.0010140063902071	0.0300694392404314	1.0282089593808349e-06	0.2721931360766945	0.063352233946432	0.0040135055460034	0.0740891033272659	-0.0140752791291883	-0.0006526756491669	0.0001981134825645	4.259855030155646e-07	-0.0004191827965209	8.723722408700003e-06	7.610333266405457e-11	1.7571421689908225e-07	-0.0014690267723827	-0.0005581146669893	3.114919815086888e-07	2.1580396579771326e-06	0.0	0.0	0.0	0.0	0.0	0.0	0.0	0.0	0.0	0.0	0.0	0.0	0.0	0.0	0.0	0.0	0.0	0.0	0.0	0.0	0.0	0.0	0.0	0.0	0.0	0.0
2415.6038558727814	-4.083706967983289	5835141.98850745	16.67666260035527	2994.0087017352766	-14.577104304387376	8964088.106066557	212.49196990098895	2812.2225660655	-2.4750798097134066	6.126020064450953	7908595.761088025	2843.5866529162176	1829.002850940828	0.804906	17.900951	0.091690980610354	0.0523770818042836	-0.0198727401	-0.0397133921	0.0017653859	0.0166718758	-0.0190700659	-0.0211242517	0.0153309109	-0.0508512609	0.1056943535	-0.0358996077	0.0174448876	0.0620985421	0.0182629855	-0.0703567983	0.087187949	0.09389461	-0.0668784701	-0.0546526143	-0.0679986001	-0.0504222749	0.0395353511	-0.0265869701	-0.044078038	0.0460337854	-0.0137243695	-0.0645072863	-0.1029502241	-0.0242767788	-0.0534045511	-0.0660668554	-0.0703946887	0.0771720335	-0.055666794	-0.0399081668	-0.0920522534	0.0065385718	-0.0557879957	0.0788500429	-0.0741571215	-0.0410654536	0.0209255812	-0.0579782771	0.0064743406	-0.0246995383	-0.0379692155	-0.0306096828	-0.0102697023	0.0526220658	-0.0543751531	0.0100680872	-0.033153753	-0.023277856	0.040877468	0.0310575022	-0.0198516698	0.0028679535	-0.0342416007	-0.0317268848	-0.0986653478	-0.067050794	0.0251413138	-0.0582349164	0.0024642402	-0.0434534837	0.0783800636	-0.0227562312	0.0720460343	0.0215763502	-0.0381310563	-0.0815129903	-0.0899958625	-0.0599478067	0.0	0.0	-0.0561860017736961	-0.01002716292912	0.0001005439964071	0.0031568667953137	-0.1675296706242761	0.0058757480927625	0.0280661905394784	3.452441564960223e-05	0.281240924233316	0.0090477881566214	8.186247052710019e-05	0.0790964574636097	-0.0149885700904526	-0.0009132909612642	0.0002246572333564	8.341003799270685e-07	-0.0007397884031503	-0.0003206056066294	1.027879550022056e-07	5.472868814356709e-07	-0.0013681177116394	0.0001009090607432	1.0182638540094984e-08	1.8717460729014288e-06	0.0	0.0	0.0	0.0	0.0	0.0	0.0	0.0	0.0	0.0	0.0	0.0	0.0	0.0	0.0	0.0	0.0	0.0	0.0	0.0	0.0	0.0	0.0	0.0	0.0	0.0
2411.772820475696	-3.831035397085543	5816648.1375852935	14.676832213722385	2979.6213500976564	-14.387351637620212	8878143.38995778	206.99588714453304	2805.509548373157	-6.7130176923428735	45.06460653770844	7870883.826012956	2832.636474946121	1838.485479292951	0.7293119999999998	16.21974	0.1132221270590914	0.0669081982058542	-0.0246717133	-0.0631642214	0.0053345108	0.010571058	0.0103437858	-0.0884753683	-0.0088387651	-0.0171175502	0.0179826214	-0.048951617	0.0484328613	0.0365720791	-0.0263691186	0.0192324995	0.0061043046	-0.0454249163	-0.0605967697	-0.0464873073	-0.0137049326	-0.0119073813	-0.0851809627	0.0359981492	-0.0011444551	-0.0280260792	-0.0457261524	0.0095889214	-0.0634037655	0.0317098603	0.0175809773	-0.0005053331	0.0834421369	0.0401761333	-0.014161647	-0.0347967284	-0.0471496535	0.0407766938	-0.0733298892	0.0384794536	0.0496835923	-0.041236713	-0.061562501	0.0268604346	0.0174874109	-0.0383529536	-0.0523409259	-0.0398545776	-0.0071314814	0.074132049	-0.0710198515	0.015275426	-0.0052082476	-0.0372969926	0.0455930834	0.0583777784	-0.0375812598	0.0170315062	0.0655304121	0.0201211339	0.1065018982	-0.0750565589	0.0391301845	-0.1039176657	0.0265261031	-0.0612983741	0.0057466575	-0.0041278096	0.0712915927	0.0192170168	-0.0414014655	-0.0836128117	-0.0886498116	-0.0542730098	0.0	0.0	-0.0658480461475221	-0.009662044373826	9.335510148178266e-05	0.0043359651814462	-0.1657962642304795	0.0017334063937965	0.0274884012327829	3.004697726054931e-06	0.2837224484372598	0.0024815242039438	6.1579623747590045e-06	0.0804984277472335	-0.0161366760296404	-0.0011481059391878	0.0002603923132855	1.3181472475983012e-06	-0.0010373952684685	-0.0002976068653181	8.856984628452521e-08	1.0761889430408312e-06	-0.0008269274743949	0.0005411902372445	2.928868728887583e-07	6.83809047909128e-07	0.0	0.0	0.0	0.0	0.0	0.0	0.0	0.0	0.0	0.0	0.0	0.0	0.0	0.0	0.0	0.0	0.0	0.0	0.0	0.0	0.0	0.0	0.0	0.0	0.0	0.0
2408.942620131636	-2.830200344059904	5803004.547086671	8.010033987516797	2976.426979417068	-3.194370680588236	8859117.563801812	10.204004045001748	2801.836580927144	-3.67296744601299	13.490689859471184	7850288.226221508	2832.036291588093	1831.696832270674	0.747526	16.624821	0.1293963970631627	0.0679384086227331	-0.0308945552	-0.0675281215	0.007599311	0.0461337376	0.0474486096	-0.0860021111	0.0095776444	-0.0263759219	0.0298043245	-0.0439149847	0.1044894246	0.0371198957	0.0675015794	0.0241361428	0.0680427443	-0.0144909713	0.040860406	0.0267373778	-0.0144404344	-0.1020221789	0.0488026175	0.0254071053	-0.0958276748	0.066478209	0.0248726453	-0.025437772	-0.0465807767	-0.0447962612	0.054378801	-0.083780547	0.001588914	-0.0253447003	0.0608224097	0.0035486726	-0.0631378449	0.0321516844	-0.0125805669	0.0270408723	-0.0934339906	-0.0617283292	-0.0445159821	-0.1122399644	0.0263550027	-0.0449196541	-0.0563237489	-0.0432603378	1.822e-06	0.1072201908	-0.0726171018	0.0261011768	-0.0093681257	-0.0292612472	0.025008566	0.0586808363	-0.0375535832	0.0816754831	-0.0396012877	0.0613935058	-0.0650333729	-0.0733968747	-0.0680914182	-0.0675682513	0.0192482509	-0.0264117189	0.0380298569	-0.0325762309	0.0705247295	0.0168442907	-0.0446069594	-0.0854795891	-0.0869177441	-0.0482579572	0.0	0.0	-0.0427401071730315	0.0231079389744906	0.0005339768436487	0.0018267167611622	-0.1606570454376452	0.0051392187928342	0.0258106862487535	2.6411569800621232e-05	0.3263719113444026	0.0426494629071427	0.0018189766862677	0.1065186245145985	-0.0169381395974004	-0.00080146356776	0.000286900573021	6.423438504465897e-07	-0.0007880658537675	0.000249329414701	6.216515703514328e-08	6.210477898742986e-07	-0.000707724929082	0.0001192025453128	1.4209246809073974e-08	5.008745752441219e-07	0.0	0.0	0.0	0.0	0.0	0.0	0.0	0.0	0.0	0.0	0.0	0.0	0.0	0.0	0.0	0.0	0.0	0.0	0.0	0.0	0.0	0.0	0.0	0.0	0.0	0.0
2411.4408738749003	2.4982537432642857	5815047.088194543	6.241271765734016	2981.4584369365984	5.0314575195302496	8889094.411180425	25.31556477083749	2805.540733411763	3.704152484619044	13.720745629309436	7871058.806832613	2833.3154977101294	1827.3839445983792	0.8260659999999999	18.37154	0.064969766586138	0.0383776175268651	-0.0262502701	-0.0414614284	0.0003013904	0.0703568973	0.083609695	-0.057224106	0.0152532821	-0.0495256865	-0.0469844822	-0.0341347755	0.0636290304	-0.0599854873	-0.0578002146	-0.023735344	-0.0602504735	-0.0930642653	-0.009325138	-0.052633393	-0.0271584649	0.0574566673	0.0193412171	0.0173914966	-0.1401514007	-0.023690188	-0.1046096496	0.0543874771	-0.0051706816	0.0522567491	-0.0308899983	0.037733536	0.1186396829	-0.0214472851	0.0011241032	-0.0281886118	-0.004507933	-0.0412519287	0.0374224316	0.1411399084	-0.0213857856	-0.0391946434	-0.055131301	0.0986165045	0.0270429563	-0.0407514636	-0.0542322496	-0.0224329871	0.0187678356	0.0884151108	-0.0405056237	0.0205386852	-0.0008181984	-0.0265495431	0.0367936034	0.0327062465	-0.0711688868	-0.0055508279	0.0163889396	-0.0481406118	0.0771000511	0.0259917019	-0.0351191166	-0.0293741816	0.1135486276	-0.0261877093	0.0280752546	0.0011680978	0.0697455783	0.0144598255	-0.0477425119	-0.0871081196	-0.084807202	-0.0419403596	0.0	0.0	-0.0425912409446027	0.0001488662284288	2.2161153966616005e-08	0.0018140138052012	-0.1623405830940072	-0.001683537656362	0.0263544649193022	2.8342990403888733e-06	0.3495794557570448	0.0232075444126422	0.0005385901176647	0.1222057958873916	-0.016295498273441	0.0006426413239594	0.0002655432639797	4.129878712602909e-07	-0.0007666861662729	2.137968749459996e-05	4.570910373667538e-10	5.878076775542369e-07	-0.0008423002834021	-0.0001345753543201	1.8110525990380465e-08	7.09469767419258e-07	0.0	0.0	0.0	0.0	0.0	0.0	0.0	0.0	0.0	0.0	0.0	0.0	0.0	0.0	0.0	0.0	0.0	0.0	0.0	0.0	0.0	0.0	0.0	0.0	0.0	0.0
2413.94272210183	2.501848226929724	5827119.465588393	6.2592445505914025	2980.8003774789663	-0.6580594576321346	8885170.890378747	0.4330422497790991	2798.140178598623	-7.400554813139934	54.76821154228864	7829588.459087934	2828.8755396349675	1842.8644321447543	0.838794	18.654598	0.2314439403107501	0.1329144188739221	-0.0428247027	-0.0783387269	-0.0054034346	0.0282889761	0.0949059958	-0.0504325384	-0.049093971	-0.0020067476	0.0462144352	0.00990223	0.0385890824	-0.0432178415	0.0791554776	0.1069690416	0.1125710344	-0.04790753	0.0507209252	0.0619557948	0.0388678829	-0.0117702913	-0.0868248056	0.0270309385	-0.0182925914	-0.0438936863	-0.0693182375	0.0577819785	-0.0144709669	-0.0255452518	0.1291709832	-0.1132772322	0.0037951782	0.0149259937	0.0958426709	0.0121725525	0.0287434349	0.0111303751	-0.0030847891	-0.016957146	0.045929989	0.0139738119	-0.0424111151	0.1895593311	0.0476910601	-0.0649837117	-0.0693315635	-0.0312325144	0.0218554297	0.1475524532	-0.0535894151	0.0494086646	-0.0086331559	-0.0528543214	0.0309308187	0.0378498412	-0.0182497362	0.0571430593	0.0073982158	0.0994502647	-0.0464840307	0.07197366	-0.0683969107	0.0427597257	0.0112940324	-0.0740854113	0.0036703995	-0.007952594	0.0689542748	0.0120652831	-0.0508032066	-0.0884938642	-0.0823273756	-0.0353598238	0.0	0.0	-0.0646967638909785	-0.0221055229463758	0.0004886541447327	0.004185671257965	-0.1641981496229618	-0.0018575665289546	0.0269610323396045	3.450553409492468e-06	0.4154421007827196	0.0658626450256748	0.004337888009778	0.1725921391027593	-0.0182108106537598	-0.0019153123803187	0.000331633624667	3.668421514202466e-06	-0.0004142257913533	0.0003524603749196	1.24228315888465e-07	1.7158300622226764e-07	-0.0014068916443586	-0.0005645913609565	3.1876340486671295e-07	1.9793440989660457e-06	0.0	0.0	0.0	0.0	0.0	0.0	0.0	0.0	0.0	0.0	0.0	0.0	0.0	0.0	0.0	0.0	0.0	0.0	0.0	0.0	0.0	0.0	0.0	0.0	0.0	0.0
2417.778595917683	3.83587381585312	5845653.338877684	14.713927931147571	2989.553955078125	8.753577599158689	8937432.85032326	76.6251207844928	2809.609777141965	11.469598543341815	131.55169074542874	7893907.099811722	2838.1189944773705	1843.0564361996776	0.746727	16.607048	0.0546317208031142	0.0340431441718042	-0.0430886222	-0.0776940206	-0.0102844533	-0.0084771996	0.0494504099	-0.0449129612	-0.0482536865	0.0438598223	0.0079711744	0.0062835098	0.0256751635	-0.0599974873	-0.0817280173	-0.0190850229	0.0355701423	-0.0503158778	0.039767363	0.019049475	-0.004361106	-0.0493968526	-0.0239288075	0.0827308863	-0.0534249046	0.0196326711	-0.0246577594	-0.0267128215	-0.0161192975	0.0796290054	-0.0444683855	-0.0291213817	0.0457490763	-0.0025833276	0.0438407665	0.0245498696	-0.015768029	0.0409515556	0.0213320208	0.0190482427	-0.0223209114	-0.0592963838	-0.0038405049	0.0907413063	0.0492380782	-0.0618148645	-0.0657648309	-0.0285275249	-0.0145653631	0.1268232044	-0.0383403173	0.0464740058	-0.0201592629	-0.0446970454	0.0515760583	0.0436397452	-0.0500793074	0.0064420252	0.0155434597	-0.0986784686	0.0297398989	0.071820202	-0.1083915034	0.0157482395	0.0636409929	-0.1035302105	0.0085541507	0.0237467326	0.068150957	0.0096623322	-0.0537842446	-0.0896329605	-0.079489063	-0.0285576056	0.0	0.0	-0.0655082127846782	-0.0008114488936996	6.584493070864508e-07	0.0042913259422426	-0.1871945094229801	-0.0229963598000182	0.0350417843581101	0.0005288325640518	0.4150905678990284	-0.0003515328836912	1.2357536831626413e-07	0.1723001795587379	-0.0184119175088134	-0.0002011068550536	0.0003389987063513	4.044396714954982e-08	-0.0004068935603669	7.332230986400014e-06	5.3761611237924515e-11	1.655623694680521e-07	-0.0018079001428327	-0.000401008498474	1.608078158484522e-07	3.268502926454497e-06	0.0	0.0	0.0	0.0	0.0	0.0	0.0	0.0	0.0	0.0	0.0	0.0	0.0	0.0	0.0	0.0	0.0	0.0	0.0	0.0	0.0	0.0	0.0	0.0	0.0	0.0
2425.581722366123	7.803126448439798	5883446.691876607	60.88878237034069	3005.440971491887	15.887016413762012	9032675.433122098	252.3972905311436	2814.7065460621498	5.096768920184786	25.97705342576159	7922572.940445117	2846.5740931438577	1847.7762949028192	0.717705	15.96161	0.0562389032371528	0.0336116923517068	-0.0447355944	-0.081627409	-0.0160294331	-0.0383627351	0.0305413411	0.0021668179	-0.0541303404	-0.0051811649	0.0465265037	0.0485247882	-0.0296475247	-0.0439550393	-0.0688004555	0.0923451959	-0.0027048204	0.0758501048	-0.0006997144	0.0414965007	-0.10409183	0.0014864951	-0.0266973361	-0.0742132289	0.0470725566	0.0472930563	-0.1221061325	0.0173594954	-0.1300772117	0.0649024258	0.0719956604	0.049974482	-0.0651778858	0.0534326417	-0.0082292392	0.0995705998	-0.0364697215	-0.0112599581	-0.0395764651	0.0746814294	-0.0359972246	0.0413435537	0.0824579697	0.1107081796	0.0491940045	-0.0624277594	-0.0634627451	-0.0265216307	-0.0436577707	0.1336783394	-0.0196235291	0.0405342562	-0.0257197232	-0.0499306899	0.0247216957	0.0254000417	-0.0070611506	0.031065275	0.06426682	0.1071609956	0.059617696	0.0878171108	-0.0631819407	0.055564971	0.0226381559	-0.0417518077	0.0344173085	-0.0668197647	0.0673357648	0.0072526474	-0.0566809517	-0.0905222337	-0.0763046233	-0.0215763502	0.0	0.0	-0.0519536313431245	0.0135545814415536	0.0001837266780557	0.0026991798097372	-0.176170058883045	0.0110244505399351	0.0310358896468555	0.0001215385097074	0.3870366900641144	-0.0280538778349139	0.0007870200615762	0.1497973994557853	-0.0183449190845238	6.699842428960212e-05	0.0003365360562177	4.4887888572895476e-09	-0.0004070000036022	-1.0644323530001376e-07	1.1330162341134092e-14	1.6564900293219084e-07	-0.0018028851419426	5.015000890099984e-06	2.5150233927703627e-11	3.2503948350373887e-06	0.0	0.0	0.0	0.0	0.0	0.0	0.0	0.0	0.0	0.0	0.0	0.0	0.0	0.0	0.0	0.0	0.0	0.0	0.0	0.0	0.0	0.0	0.0	0.0	0.0	0.0
2422.4818503044435	-3.0998720616794344	5868418.31505444	9.609206798780708	2997.2850435697114	-8.155927922175579	8983717.632406687	66.51916027172325	2806.5051233838176	-8.201422678332165	67.26333394866114	7876471.007579617	2836.7902650188576	1855.5210572704093	0.812582	18.071659	0.1676754783897642	0.084518625672409	-0.0405820728	-0.085171457	0.0087265405	-0.0740477013	-0.0121985982	-0.0185180909	-0.0565247781	0.0682318039	0.1052196163	-0.0163181964	-0.0311175386	0.029724307	-0.1132760579	0.0034465315	0.0397892458	-0.1144874738	0.1066765506	0.1186903115	-0.0642014644	-0.0519730374	0.0284001312	0.0253333216	0.0374773893	0.003858208	0.0369124708	0.1044272842	-0.0509257731	0.1023473532	-0.0440904504	-0.0687021286	0.0573125853	-0.0396030762	0.0931059123	0.1436949562	-0.0203702853	0.1152552753	0.0489082878	-0.0569200072	-0.0499328165	0.0044860142	0.1188299695	0.1455344425	0.0577187222	-0.0636431412	-0.072896284	-0.0089421756	-0.0153731297	0.1070384025	-0.012537071	0.0528115223	0.011515248	-0.0141881019	0.0609610465	0.0001647105	-0.0058490582	-0.0249087707	0.0483686998	-0.0825054821	-0.0531620857	0.0219529973	-0.0770793756	0.0053678498	-0.0791386557	-0.105941803	-0.027862445	-0.028030695	0.0665088402	0.0048379081	-0.059488786	-0.0911592051	-0.0727879229	-0.0144598255	0.0	0.0	-0.062191949232897	-0.0102383178897724	0.000104823153212	0.0038678385493872	-0.1962144350929264	-0.0200443762098814	0.0385001045388362	0.0004017770176432	0.4596969941938198	0.0726603041297054	0.0052795197962212	0.2113213264708328	-0.0177608217892714	0.0005840972952523	0.0003154467906302	3.4116965032116655e-07	-0.0010526509429158	-0.0006456509393136	4.16865135436534e-07	1.1080740076215228e-06	-0.0017379837733005	6.490136864209994e-05	4.212187651617754e-09	3.020587596255844e-06	0.0	0.0	0.0	0.0	0.0	0.0	0.0	0.0	0.0	0.0	0.0	0.0	0.0	0.0	0.0	0.0	0.0	0.0	0.0	0.0	0.0	0.0	0.0	0.0	0.0	0.0
2417.311351444509	-5.170498859934469	5843394.169822479	26.73405846058364	2979.477186936598	-17.80785663311326	8877284.307475625	317.119757865516	2796.8805519386574	-9.6245714451602	92.6323755029931	7822540.821812688	2827.176543642241	1851.6493663168765	0.8612349999999999	19.153694	0.1007990595753508	0.0509411119064137	-0.0585116373	-0.1001352676	0.0114412908	-0.0366154272	-0.0252201246	-0.0946379818	-0.0648919925	0.007385674	-0.0151316349	0.011713416	0.0455366003	0.0609884027	0.0245653581	0.1568614107	0.0310359242	-0.1171121774	-0.0169426195	-0.069485573	0.04137452	0.0197785541	0.0031298128	0.113392668	0.0592665869	0.0114978121	0.0115916435	-0.0039918541	-0.0664461497	0.0403535725	0.1492546386	-0.0280052346	0.0910594194	-0.0043606874	0.0276952833	-0.0713218168	0.0051459031	0.1305925367	0.0208040036	0.0040311374	0.0952563008	-0.0505348162	0.0481898713	0.0041711597	0.0686108028	-0.0677779183	-0.0826302902	-0.0046168654	-0.0249449615	0.1133308058	0.0046776742	0.0630606861	0.0304409578	-0.0031321653	0.03369549	0.0281074021	-0.0299395222	0.0564243857	0.1160675888	0.0353961658	0.0914292281	0.0201012089	-0.0565670609	-0.0751086432	-0.0426805693	-0.0030721424	-0.1093171699	-0.089697375	0.0656703274	0.0024197973	-0.062203345	-0.0915420995	-0.0689542748	-0.0072526474	0.0	0.0	-0.0650386016505422	-0.0028466524176452	8.103429986885309e-06	0.0042300197046579	-0.2261426834865147	-0.0299282483935882	0.0511405132944819	0.0008957000519083	0.4870515261931771	0.0273545319993572	0.0007482704209038	0.237219189167103	-0.0180478728537801	-0.0002870510645087	0.0003257257145462	8.23983136355781e-08	-0.0015037597559106	-0.0004511088129948	2.034991611615776e-07	2.261293403496308e-06	-0.0018132164310922	-7.523265779169996e-05	5.659952798403033e-09	3.287753825982735e-06	0.0	0.0	0.0	0.0	0.0	0.0	0.0	0.0	0.0	0.0	0.0	0.0	0.0	0.0	0.0	0.0	0.0	0.0	0.0	0.0	0.0	0.0	0.0	0.0	0.0	0.0
2418.015909050637	0.704557606128219	5846800.936421979	0.4964014203531267	2987.917584698017	8.440397761418808	8927651.49294763	71.24031437096363	2800.70989811769	3.829346179032655	14.663892158871992	7843975.9334144015	2831.5553683997846	1842.2038404178768	0.801597	17.827347	0.1146857520878342	0.066795894636388	-0.0621668567	-0.0909648489	-0.0081381349	-0.0200293109	-0.0004759675	-0.0672220328	-0.105012887	0.0342934882	0.0077067659	0.0535504045	0.1416579378	0.0630806077	0.0373201605	0.0891214524	0.0869618821	-0.0434144493	0.0515946381	0.0053757338	-0.0242263037	-0.0481573388	0.0851350148	0.1157538086	-0.0031195136	0.0572510135	0.047442697	0.0313941117	-0.0894113964	0.0123990286	0.1064336692	-0.0929358496	0.005075609	-0.0376005698	0.0206471614	0.0262898948	-0.02195888	0.105081392	0.0901172332	0.0281740492	-0.0172760153	-0.0362743715	0.0580514793	-0.0532075806	0.0699952691	-0.0768846492	-0.0743916017	0.0034372702	-0.0425211262	0.1407686937	0.0147764177	0.0710966804	0.0138867962	0.0035945843	0.0446709736	0.0299000619	-0.0261791097	0.0610032432	0.0596455036	0.0069770728	-0.106016796	0.0065312326	-0.1495920739	0.0023107435	-0.040242246	-0.0557371838	-0.0608282753	-0.0532724285	0.0648203724	0.0	-0.0648203724	-0.0916698497	-0.0648203724	-0.0	0.0	0.0	-0.0667945228887845	-0.0017559212382422	3.083259394910353e-06	0.0044615082879403	-0.2245188526415091	0.0016238308450056	0.0504087151914596	2.6368266131916456e-06	0.5089561264974236	0.0219046003042465	0.0004798115144887	0.2590363386992614	-0.0191113246785917	-0.0010634518248115	0.0003652427309705	1.1309297836951163e-06	-0.0010759386102734	0.0004278211456372	1.8303093265432642e-07	1.1576438930770552e-06	-0.0021099714546502	-0.0002967550235579	8.806354400690905e-08	4.45197953943868e-06	0.0	0.0	0.0	0.0	0.0	0.0	0.0	0.0	0.0	0.0	0.0	0.0	0.0	0.0	0.0	0.0	0.0	0.0	0.0	0.0	0.0	0.0	0.0	0.0	0.0	0.0
2434.521547530835	16.50563848019783	5926895.165391932	272.4361016389874	2979.753531588041	-8.164053109976066	8878931.109011402	66.65176318250988	2806.2885159200628	5.578617802372719	31.120976584949823	7875255.234584828	2835.7494447063577	1833.044847255512	1.593742	35.4445	0.5546540980962664	0.5008531237548848	0.0442253301	0.0633168336	-0.0274351127	-0.0075642285	-0.1169252747	-0.0874853628	-0.0806351743	0.1856014523	0.0538805454	0.0616396875	0.1047503389	0.0300366895	0.0016582349	0.0538974166	-0.0070631294	-0.0340632883	0.0322123467	-0.0567427926	0.03392435	0.1105815597	0.0694940643	0.1314069135	0.0016195717	-0.0441377635	-0.0354999437	0.0449362257	0.0646318543	0.046886045	0.0708471736	-0.0084986167	0.0291050807	-0.0616571222	-0.1384352098	0.0121052028	0.1424175345	0.1597351844	0.2141640955	0.0350597319	0.0425696537	-0.0257583572	0.0056397778	0.0522877265	0.0086108466	0.0038141683	-0.0101119004	0.1195014245	0.0351114569	0.0686012748	0.2493085348	-0.0315955281	0.2474436162	0.1358368496	-0.0951112048	-0.2308692664	-0.1000093859	0.0437785256	0.1354334072	-0.1146645334	0.1236574904	0.1649139407	-0.1602669157	0.155936958	-0.4212626344	0.2195254831	-0.1583679249	-0.0568379846	0.0639591232	-0.0024197973	-0.0673357648	-0.0915420995	-0.0604042161	0.0072526474	0.0	0.0	-0.0669213860049069	-0.0001268631161223	1.6094250232284104e-08	0.0044784719048177	-0.1956850864918351	0.0288337661496739	0.0382926530753169	0.000831386070374	0.4791787600572235	-0.0297773664402001	0.0008866915521139	0.2296122840899781	-0.0095091593399108	0.0096021653386808	9.04241113518128e-05	9.220157919136484e-05	-0.0010988925276205	-2.295391734710001e-05	5.268823215774987e-10	1.2075647872601714e-06	-0.0018167686628728	0.0002932027917773	8.596787710606136e-08	3.300648374396621e-06	0.0	0.0	1.0	0.0	0.0	0.0	0.0	0.0	0.0	0.0	0.0	0.0	0.0	0.0	0.0	0.0	0.0	0.0	0.0	0.0	0.0	0.0	0.0	0.0	0.0	0.0
2471.509754968112	36.98820743727674	6108360.468902536	1368.1274894230146	3113.048521071214	133.29498948317314	9691071.094543671	17767.55422131924	2821.058401959217	14.769886039154244	218.14953360960345	7958370.507264691	2867.914543036099	1944.880049267729	2.853701	63.465725	1.129051934613457	0.7936655044376312	0.1625393288	0.2716512992	-0.3279075885	-0.2586099396	-0.1830526263	0.3121483935	0.0938742709	-0.0093441963	-0.0378590726	-0.0948038011	-0.0369047685	-0.2249528114	0.0730943227	-0.0816437296	-0.1303248761	0.1749815271	-0.0189467779	0.1102160582	0.1854884772	0.1301348955	0.0237151485	-0.1468819756	0.1009347801	-0.1461576861	0.1470569025	-0.070503835	0.0603630567	-0.1600920347	-0.110468289	0.1864767521	-0.1799815087	0.081476169	0.2002896233	-0.1151442019	-0.0190773125	-0.1834248665	0.181009596	-0.1478019635	0.1451591891	0.0612591638	0.0545351922	-0.0617576979	-0.0924302075	0.1247576555	0.4077396212	0.154619438	-0.1412049409	0.0832935973	0.1501450063	0.1238714915	-0.2934061562	0.162837332	0.058400205	0.2506662551	0.1880966958	0.1270031689	0.2368532836	-0.1111956089	-0.1404379361	0.3023656181	-0.0808754099	-0.2238681245	0.1084269605	-0.0360264206	-0.2157455975	0.049349732	0.0630867301	-0.0048379081	-0.0697455783	-0.0911592051	-0.0557250359	0.0144598255	0.0	0.0	-0.1066939157285276	-0.0397725297236207	0.0015818541206162	0.0113835916534861	-0.2264031227110479	-0.0307180362192127	0.0512583739733138	0.0009435977491648	-0.2091265479212651	-0.6883053079784885	0.4737641969913619	0.0437339130454651	-0.0037861772259299	0.0057229821139809	1.4335137986150234e-05	3.2752524276945304e-05	-0.0013167925222425	-0.0002178999946219	4.7480407656267595e-08	1.7339425466337649e-06	-0.0032810077681126	-0.0014642391052398	2.14399615731345e-06	1.0765011974415225e-05	0.0	0.0	0.0	1.0	0.0	0.0	0.0	0.0	0.0	0.0	0.0	0.0	0.0	0.0	0.0	0.0	0.0	0.0	0.0	0.0	0.0	0.0	0.0	0.0	0.0	0.0
2422.9699953593467	-48.53975960876505	5870783.598411673	2356.1082628766994	3025.168387545072	-87.88013352614189	9151643.773002053	7722.917868572527	2818.050989935505	-3.0074120237118223	9.044527080366436	7941411.381876481	2845.47229997306	1810.1672659023468	2.580661	57.393356	0.5048950415836704	0.2569928675172701	0.0443664008	0.1805177428	-0.186610227	0.0452151898	0.1240152106	0.0448169419	0.0750857803	0.0693384403	-0.1814379647	0.1674920332	-0.1499191561	-0.0918035128	-0.0091561287	-0.086163779	-0.1343767763	0.0351901622	0.0098758656	-0.0296225203	0.1660261765	0.1229777516	-0.00085521	-0.1088427951	0.1117267421	0.0084254333	0.0613929875	0.1532946324	0.138198354	-0.0229517647	-0.088293259	0.08791405	0.012524088	-0.0421069649	-0.1055066164	0.01408317	0.2595365836	-0.1398615241	0.0323168173	-0.1598624273	0.0439139131	0.2245543508	-0.030033002	-0.0072171084	-0.0413266911	0.1009048871	0.2599812936	0.0706749432	0.2438122226	-0.0509245958	-0.044507551	0.0446592916	0.0741765029	-0.2020502536	-0.1969939065	-0.013368209	0.1236169803	-0.1437836066	0.0364495485	0.0129284902	0.1676496496	-0.155331405	-0.1445070067	0.0905613521	-0.0229050485	-0.2778715719	0.2023620974	-0.004641436	0.062203345	-0.0072526474	-0.0720460343	-0.0905222337	-0.0508032066	0.0215763502	0.0	0.0	-0.1042240256910105	0.0024698900375171	6.100356797426236e-06	0.0108626475312404	-0.0567553859839193	0.1696477367271286	0.0032211738381836	0.0287803545766371	-0.0656327591067054	0.1434937888145597	0.0205904674283574	0.0043076590679588	-0.0057380259184903	-0.0019518486925604	3.2924941441266455e-05	3.809713318649743e-06	-0.0004157665146045	0.0009010260076379	8.118478664400731e-07	1.7286179466637395e-07	-0.0023482099482217	0.0009327978198908	8.701117727932158e-07	5.514089960927358e-06	0.0	0.0	0.0	0.0	1.0	0.0	0.0	0.0	0.0	0.0	0.0	0.0	0.0	0.0	0.0	0.0	0.0	0.0	0.0	0.0	0.0	0.0	0.0	0.0	0.0	0.0
2424.43048273197	1.4604873726234473	5877863.165599974	2.1330233655925404	3032.340180851863	7.1717933067907325	9195086.972408708	51.43461923532835	2812.6915038110683	-5.3594861244368985	28.72409151803165	7911233.495610969	2848.232250639817	1810.932005774661	1.46204	32.515472	0.2951219164047388	0.1430217247612682	0.0357036697	0.1948389772	-0.2070590687	0.0671212557	-0.0527679979	0.0949268435	0.1035379118	-0.1008709156	-0.0666002652	0.1341027243	-0.1511102313	-0.0562105386	0.0846140397	-0.0183038911	-0.1189168916	0.0783860917	0.0611826187	-0.0119780136	0.1335905796	0.0570477193	0.0213193474	-0.1515391838	0.0480309237	-0.0868423076	0.0766101527	0.0747334639	0.0148738558	-0.094426795	-0.0202859308	0.0924339266	-0.0706546619	-0.0443357716	0.0254468192	-0.052008904	0.0960450296	-0.1027735056	0.0368496211	-0.1544149375	0.031045433	0.1366367103	0.0225433419	0.1051463938	-0.040024055	0.0908740384	0.2548805231	0.0981772555	0.1734165059	-0.0596513146	0.1013113707	0.0033327116	-0.0767283473	0.0061560787	-0.1214466648	0.0243781714	0.066957287	0.0044810116	0.0523392598	0.1027153158	-0.0067717341	-0.0196418169	0.1194089249	-0.0090512836	-0.0432097081	-0.1197685798	0.0111863542	-0.0530665734	0.0613091217	-0.0096623322	-0.074233526	-0.0896329605	-0.04566016	0.0285576056	0.0	0.0	-0.1161800896438052	-0.0119560639527947	0.0001429474652433	0.0134978132296426	-0.1112246285778297	-0.0544692425939104	0.0123709180022761	0.0029668983887542	0.0602496059715633	0.1258823650782687	0.0158463698376985	0.0036300150197286	-0.0047127104104381	0.0010253155080521	2.2209639412651648e-05	1.0512718910523407e-06	0.0003012960741506	0.0007170625887551	5.141787561921656e-07	9.077932429856385e-08	-0.0020343031494337	0.0003139067987879	9.85374783253298e-08	4.138389303795871e-06	0.0	0.0	0.0	0.0	0.0	0.0	0.0	0.0	0.0	0.0	0.0	0.0	0.0	0.0	0.0	0.0	0.0	0.0	0.0	0.0	0.0	0.0	0.0	0.0	0.0	0.0
2428.8341659250527	4.403683193082543	5899235.405564847	19.39242566503766	3033.075946514423	0.7357656625599702	9199549.697324362	0.541351110202312	2813.788436443485	1.0969326324166104	1.2032612000604346	7917405.365063071	2845.6537777815192	1876.339721703272	1.182781	26.304804	0.4653143947884387	0.2787858802860902	0.0551025383	0.114694254	-0.0578685505	-0.0303245107	0.0098988344	0.0632712078	0.0118094897	-0.0387132176	0.0521471569	0.1032147069	0.0066917867	-0.0545199389	-0.0083623595	-0.0849847936	-0.0156560696	0.0177510566	0.0089320308	-0.0247365289	0.0338585255	-0.0283057612	0.1228917089	-0.1032673493	-0.0492569907	-0.0744698441	0.0683829524	-0.0390266674	0.0499483491	-0.0027052871	-0.0903434188	-0.0006792356	-0.0143285554	-0.019952449	-0.0384765182	-0.041259896	0.0217170108	-0.063100636	0.0887525076	-0.0941700153	-0.1193539526	0.0816196624	0.0614655337	0.0870554435	-0.0263576361	0.0560193471	0.1437757265	0.0392900455	0.0775330825	-0.0667888437	0.0649614698	-0.0531143217	-0.0141040501	-0.0071062916	-0.0273872761	0.0416966943	-0.0203323776	-0.0885781538	-0.0457329949	-0.0958118078	-0.0399150469	0.0041105061	0.0723472083	0.0703986443	-0.0652193528	-0.0327923589	0.0338242414	0.0806956412	0.0604042161	-0.0120652831	-0.0763046233	-0.0884938642	-0.0403182907	0.0353598238	0.0	0.0	-0.1334350649285198	-0.0172549752847146	0.0002977341720761	0.0178049165524782	-0.1414865122640094	-0.0302618836861797	0.0200184331526336	0.0009157816042358	0.1714379900917677	0.1111883841202043	0.0123628567632621	0.029390984446705	-0.0090429687409996	-0.0043302583305615	8.17752836506959e-05	1.875113720939727e-05	-0.0010879599919888	-0.0013892560661394	1.930032417305121e-06	1.1836569441682695e-06	-0.0024469717866796	-0.0004126686372458	1.702954041663881e-07	5.987670924805954e-06	0.0	0.0	0.0	0.0	0.0	0.0	0.0	0.0	0.0	0.0	0.0	0.0	0.0	0.0	0.0	0.0	0.0	0.0	0.0	0.0	0.0	0.0	0.0	0.0	0.0	0.0
2421.811182304549	-7.02298362050351	5865169.402735358	49.32229893386059	3009.2764423076924	-23.79950420673049	9055744.706228042	566.4164004861823	2804.8876010827853	-8.900835360699602	79.22487011828042	7867394.454707942	2836.2838104458515	1862.5173868359147	0.923241	20.532686	0.1242110160780773	0.069822600372268	0.0246400841	0.1084259477	-0.060116419	0.0600329918	0.1045390756	0.0040335485	0.0411963381	-0.0292872608	-0.0681919408	0.0264501082	0.0261962702	-0.1322757715	0.0822090574	0.088179248	-0.0978979349	-0.0100166618	-0.0077573886	-0.0554526338	0.0314489879	0.0259858341	0.120314121	-0.0760880696	-0.1489042799	-0.0010316742	0.0392272447	0.1148585449	0.0404016107	-0.0462426195	0.1117071025	0.080313211	0.025394652	-0.0391656051	-0.0398947031	-0.0571728112	0.0545987085	-0.0918560719	0.1145855728	-0.0165458587	-0.1562645564	0.0324942618	0.0139071786	0.094327826	-0.0112813181	0.0471495532	0.1004085493	0.0268009934	0.084311593	-0.0420400606	0.0601269901	-0.0518530504	-0.0141367678	-0.0185379884	-0.0601978542	0.0247756733	-0.0881281129	-0.0133112958	-0.040366386	0.1128218945	0.0537017794	0.0516167229	0.105074053	0.0987337023	-0.0096720296	0.0375114911	0.0297974606	0.0397055753	0.059488786	-0.0144598255	-0.078256079	-0.0871081196	-0.0348008596	0.0419403596	0.0	0.0	-0.1334564559127073	-2.1390984187491524e-05	4.5757420450951237e-10	0.0178106256247803	-0.1520061373761194	-0.0105196251121099	0.0231058658000076	0.0001106625124993	0.2089986335938576	0.0375606435020899	0.001410801940291	0.0436804288440995	-0.0099228568141388	-0.0008798880731392	9.846308735390084e-05	7.742030212526143e-07	-0.0005369201584961	0.0005510398334927	3.0364489809566254e-07	2.882832565994772e-07	-0.0025382310096415	-9.125922296190004e-05	8.328245775609781e-09	6.442616658305709e-06	0.0	0.0	0.0	0.0	0.0	0.0	0.0	0.0	0.0	0.0	0.0	0.0	0.0	0.0	0.0	0.0	0.0	0.0	0.0	0.0	0.0	0.0	0.0	0.0	0.0	0.0
2423.840578074918	2.0293957703688648	5875003.147922553	4.118447192791038	2998.1532958984376	-11.123146409254788	8988923.185706664	123.72438604171764	2803.5962727864585	-1.2913282963268102	1.667528768894302	7860152.060782122	2835.63364998653	1842.729968511708	0.955126	21.241802	0.0955119530698529	0.0548335697958654	0.0022990526	0.0814094717	-0.0585127322	0.0453780765	0.0813088269	-0.0105392799	0.0134698297	0.0423957896	-0.0758492487	0.014552235	0.0048086545	-0.1065132027	0.071140491	-0.0743542886	0.0843912522	-0.0243547483	-0.0710537033	-0.0879959807	0.0459172564	0.0127511047	0.1159609468	-0.1676569502	0.0230566716	-0.0645223311	-0.0173677398	0.0100041199	-0.0253583668	-0.05807554	-0.0381867416	-0.0871387937	0.0061914122	0.0069254527	-0.0341927986	-0.1493870814	0.0170328854	-0.0841872899	0.0314215532	0.0329967491	-0.0404313636	0.1395560745	-0.0040489444	-0.0754806766	-0.0109524556	0.0410086749	0.0977643326	0.0072102749	0.0602706753	-0.035227994	0.0468250216	-0.0494720412	-0.0457729501	-0.0108350324	-0.0282260032	0.0200984077	-0.1080450327	-0.0170078499	-0.08631719	-0.019108995	-0.1074104868	-0.0295956582	0.0231455441	0.0680827651	0.0330070741	0.0287967361	0.0930080288	0.0831091372	0.0585629907	-0.0168442907	-0.0800848332	-0.0854795891	-0.0291318917	0.0482579572	0.0	0.0	-0.133743292480915	-0.0002868365682076	8.227521686116359e-08	0.0178872682836355	-0.1630795463022565	-0.011073408926137	0.0265949384221498	0.0001226203852454	0.2226770708929208	0.0136784372990632	0.0001870996469444	0.0495850779014508	-0.0108043407165137	-0.0008814839023748	0.0001167337783185	7.770138701460812e-07	-0.0007858032328031	-0.000248883074307	6.194278467650368e-08	6.174867206838029e-07	-0.0028173294384885	-0.000279098428847	7.789593298486403e-08	7.937345164973928e-06	0.0	0.0	0.0	0.0	0.0	0.0	0.0	0.0	0.0	0.0	0.0	0.0	0.0	0.0	0.0	0.0	0.0	0.0	0.0	0.0	0.0	0.0	0.0	0.0	0.0	0.0
2425.123552433063	1.2829743581451112	5881224.2445655605	1.64602320365786	3007.9717350886417	9.818439190204115	9047893.959092174	96.40174813173608	2813.93651225367	10.340239467211632	106.92055223928108	7918238.694994349	2845.7587129579742	1800.984558647899	1.006709	22.389009	0.3921996521175842	0.1978290398352366	-0.0112222584	0.136691537	-0.1229665677	0.0817210599	-0.0228308103	0.015694031	0.0401999157	0.0429447373	-0.0906691739	-0.045077881	-0.0796840087	-0.0668209564	0.029079018	-0.0235291518	-0.090352418	0.0449222778	-0.0456876872	-0.0131719082	0.0418792434	-0.026724027	0.0924125235	-0.0321630859	0.0153807006	0.0118103657	0.0655477844	0.0391842203	0.1192657647	-0.0279125077	-0.0169975966	0.0734440831	-0.0136349861	-0.0253044027	-0.0574733198	-0.0475683426	0.0202539912	-0.0347728928	0.0643028532	-0.0944597839	-0.0355384241	0.0944163506	-0.0758001072	-0.0858637658	-0.0249837747	0.0641976976	0.1337450918	0.0323520886	0.072584672	-0.0822930248	0.0509802251	-0.0475773298	0.0364350076	0.0154240593	-0.1041015574	-0.035666288	-0.0454359107	0.0307112309	0.0107337655	0.0164135792	0.1112985561	-0.0597960513	0.0658379182	0.0047082596	-0.0018186268	0.0530338388	0.1199962562	-0.0255157392	0.0576269915	-0.0192170168	-0.0817880187	-0.0836128117	-0.0233360719	0.0542730098	0.0	0.0	-0.1049837965851452	0.0287594958957697	0.0008271086041787	0.0110215975454311	-0.0973872597910059	0.0656922865112505	0.0094842783696008	0.0043154765070762	0.125492613326422	-0.0971844575664988	0.0094448187924946	0.0157483959994948	-0.0083690018572656	0.0024353388592481	7.004019208691506e-05	5.930875359363838e-06	-0.0014560315457652	-0.0006702283129621	4.492059914960226e-07	2.1200278622633977e-06	-0.0019116283678174	0.0009057010706711	8.202944294147771e-07	3.654323016644217e-06	0.0	0.0	0.0	0.0	0.0	0.0	0.0	0.0	0.0	0.0	0.0	0.0	0.0	0.0	0.0	0.0	0.0	0.0	0.0	0.0	0.0	0.0	0.0	0.0	0.0	0.0
2429.444039588649	4.320487155585852	5902198.341492813	18.666609261582323	3026.0821993314303	18.110464242788566	9157173.477110546	327.98891508932326	2822.083985564769	8.14747331109902	66.38132135507082	7964158.021581132	2855.516818595097	1829.4766842165536	0.934576	20.784769	0.1502341894872358	0.0792437564724215	0.0257960531	0.126236565	-0.0748514832	0.0163140945	-0.0400340288	0.0630721298	0.0311888935	-0.0551616526	-0.0094588876	-0.0034600622	-0.0686529735	-0.0268180562	-0.0189688017	-0.0739579062	-0.012163202	0.1491086931	0.013476222	0.0545069316	-0.0022088068	-0.0251906958	0.0573826714	-0.1120359847	-0.0392151879	-0.0415793761	0.0007869253	-0.0362755104	-0.0383463335	-0.0183879755	-0.0780704328	0.0366104599	-0.1300965546	0.026127162	-0.0084855299	0.0342117688	-0.0417133362	-0.0818146436	0.0123141888	-0.0423181821	-0.0508178092	0.0733481837	-0.0235203803	-0.0175138485	-0.0230542258	0.0652338085	0.1399368649	0.0419819929	0.0661998411	-0.1117404469	0.0646930813	-0.0264468599	-0.0158549444	0.0739243754	-0.0341379443	-0.0058838322	0.0265013665	0.0215452179	-0.0227748574	-0.0057022692	-0.1061441164	-0.0069843532	0.1096193429	-0.0064436155	-0.0529208351	0.0188117577	0.0095863413	-0.0485059336	0.0566809517	-0.0215763502	-0.0833629647	-0.0815129903	-0.0174386375	0.0599478067	0.0	0.0	-0.1250036695074641	-0.0200198729223189	0.0004007953118257	0.0156259173903313	-0.1332359094978557	-0.0358486497068497	0.0177518075797207	0.0012851256858044	0.1914988895468141	0.0660062762203921	0.0043568285004826	0.0366718246976629	-0.0082452889567357	0.0001237129005299	6.798478998006768e-05	1.5304881757521042e-08	-0.0018279481670246	-0.0003719166212593	1.3832197316900798e-07	3.3413945013285947e-06	-0.0018400700768532	7.15582909642e-05	5.120589005717106e-09	3.3858578877305416e-06	0.0	0.0	0.0	0.0	0.0	0.0	0.0	0.0	0.0	0.0	0.0	0.0	0.0	0.0	0.0	0.0	0.0	0.0	0.0	0.0	0.0	0.0	0.0	0.0	0.0	0.0
2428.883650828412	-0.5603887602369468	5899475.789261555	0.3140355625999023	3011.7488440880406	-14.333355243389631	9070631.099865649	205.4450725332051	2818.8522080687285	-3.2317774960406496	10.44438578391477	7945927.770933947	2847.563422009698	1856.5333945084208	0.880988	19.593	0.3292160395227431	0.213716328729828	0.0107709005	0.0263391954	-0.0028434286	-0.0414207156	-0.0134940043	0.0125810475	0.0120175419	-0.0276327879	0.0358051549	-0.0167894522	-0.0597091352	-0.0755381881	-0.1466865481	-0.0523139345	-0.0576777925	-0.0159367437	-0.0823731237	0.0277504327	-0.068106325	0.0277139503	-0.0164246103	-0.1179030934	-0.0368853079	-0.0044753762	-0.1297034339	-0.0616280567	0.1185732573	0.0978605851	-0.081862284	0.0880766646	0.0500396797	0.0653026157	-0.0523332376	0.0346085878	-0.0359820353	-0.0684093236	-0.0554388983	0.0905254858	-0.043270053	0.0644695032	-0.0090264995	0.0399888958	-7.91754e-05	0.0275049499	0.056313771	-0.0047453088	0.0028687553	-0.0793520645	0.0288613677	-0.0378941822	0.0125305804	0.0047046954	-0.0210420749	0.0403214421	-0.0548835561	-0.0702909484	-0.0227803412	-0.0612177787	0.0611842217	-0.0302879331	0.0632507826	-0.0224839463	-0.0345085831	0.081716703	0.0037087316	-0.0604545699	0.0557250359	-0.0239206467	-0.084807202	-0.0791859776	-0.0114652683	0.0652467709	0.0	0.0	-0.122429819523063	0.0025738499844011	6.624703742201571e-06	0.0149890607084497	-0.1576153148469217	-0.024379405349066	0.0248425874742942	0.000594355405174	0.2362177913759851	0.0447189018291709	0.001999780180807	0.0557988449625484	-0.0119485204228467	-0.003703231466111	0.0001427671402951	1.3713923291594626e-05	-0.0021780369378594	-0.0003500887708348	1.225621474646211e-07	4.743844902679951e-06	-0.0029376274871095	-0.0010975574102562	1.2046322688085154e-06	8.629655253021274e-06	0.0	0.0	0.0	0.0	0.0	0.0	0.0	0.0	0.0	0.0	0.0	0.0	0.0	0.0	0.0	0.0	0.0	0.0	0.0	0.0	0.0	0.0	0.0	0.0	0.0	0.0
2422.968800096168	-5.914850732244304	5870777.806239463	34.98545918473098	2993.796470289964	-17.952373798076678	8962817.305520646	322.28772498587006	2807.140029163621	-11.71217890510752	137.17513470524565	7880035.143332735	2837.020694201239	1855.709074229693	0.762567	16.959339	0.0627357315143388	0.0461156709027928	0.0068098531	0.0172523933	0.0091644354	-0.0256232174	0.0067826587	-0.0163379321	0.0103400807	-0.028849022	0.0309610502	-0.0195599191	-0.0084899281	-0.0056904711	0.0754748438	0.0510075779	0.0678848863	0.0291263456	-0.0534817268	0.0269272846	-0.0286375506	0.0072321834	-0.071015076	-0.0468728337	0.0932272867	-0.0176683263	-0.0626553341	0.0112730919	0.0409645257	-0.0404613709	0.0736906293	-0.0570657124	-0.0166738214	0.0690174634	-0.0133518864	-0.0038836776	-0.0320544067	-0.034076434	-0.0644433847	-0.026594654	0.0819427871	0.0893705357	-0.0375097456	0.0237432054	0.0059011065	0.0200380182	0.0394147862	-0.0062437099	0.0313003585	-0.0706366129	0.0160820696	-0.0378988589	0.0319592851	0.0182757142	-0.0134640073	0.0350273116	-0.017606721	0.0297928481	-0.0135331184	0.0979024547	-0.0366816406	-0.031619634	0.023053988	0.0087149145	-0.1185626585	0.0363161957	-0.0603427192	-0.0027014492	0.0547594108	-0.0262482726	-0.0861184661	-0.0766382594	-0.0054419748	0.0701366814	0.0	0.0	-0.1258252839125475	-0.0033954643894844	1.152917842025726e-05	0.0158320020716731	-0.1570087210072728	0.0006065938396488	0.0246517384723396	3.679560862999888e-07	0.2756006674606155	0.0393828760846304	0.0015510109286973	0.0759557279047367	-0.0123130141384099	-0.0003644937155632	0.0001516103171726	1.328556686850678e-07	-0.0021738893221356	4.147615723799989e-06	1.7202716192312907e-11	4.725794784895178e-06	-0.002956002099834	-1.83746127245003e-05	3.376263927753683e-10	8.737948414223017e-06	0.0	0.0	0.0	0.0	0.0	0.0	0.0	0.0	0.0	0.0	0.0	0.0	0.0	0.0	0.0	0.0	0.0	0.0	0.0	0.0	0.0	0.0	0.0	0.0	0.0	0.0
2419.461633742116	-3.5071663540516056	5853794.59715007	12.300215834991633	2992.839913236178	-0.9565570537861277	8957090.746259533	0.9150013971479968	2803.0091678849903	-4.1308612786306185	17.064014903289788	7856860.395247306	2831.506382509429	1857.1611657592207	0.7872559999999998	17.508411	0.1357707548234728	0.0751856220690103	-0.0077799901	-0.0041289107	0.0136942215	0.0126853114	0.0076421813	-0.058929654	0.0053986068	-0.0001211332	-0.0323101194	-0.0395763447	0.1000781983	0.0213239645	0.0190147409	-0.0053797381	-0.0046256544	-0.112287527	0.0323096564	-5.71206e-05	0.0175810754	-0.0393469048	0.0530338693	0.0238521282	-0.050759704	-0.0464528855	0.0574077551	0.0058266113	0.0437862804	0.011300879	0.0034700624	-0.0352105013	0.1070876524	-0.0604659168	0.0523609976	-0.039219541	-0.0248260294	-0.0135469957	0.0358726605	-0.0232001557	-0.0296595184	-0.0042346048	-0.0888003698	-0.0547724603	0.016287224	0.011147749	0.0172274645	-0.0036200405	0.0226993858	-0.0618900711	0.0287606314	-0.0347072199	0.0455931093	0.0195904772	-0.0267079703	0.0413423087	-0.1041597441	0.0060542504	-0.0522899552	-0.0838374675	0.0233822752	-0.0713965651	-0.058898468	-0.0487219933	-0.0450711814	0.0503882672	-0.0564595418	-0.0023473482	0.0537842446	-0.0285576056	-0.0872947008	-0.0738769366	0.0006050152	0.0745868818	0.0	0.0	-0.1260575290119163	-0.0002322450993688	5.3937786180828797e-08	0.0158905006205901	-0.1739765917407822	-0.0169678707335093	0.0302678544737388	0.000287908637229	0.3268076782222451	0.0512070107616295	0.0026221579511416	0.1068032585450144	-0.0130234766796512	-0.0007104625412413	0.0001696109448254	5.047570225070463e-07	-0.0023408032877461	-0.0001669139656105	2.7860271915823272e-08	5.479360031922952e-06	-0.0034258981575615	-0.0004698960577274	2.208023050678459e-07	1.173677818598328e-05	0.0	0.0	0.0	0.0	0.0	0.0	0.0	0.0	0.0	0.0	0.0	0.0	0.0	0.0	0.0	0.0	0.0	0.0	0.0	0.0	0.0	0.0	0.0	0.0	0.0	0.0
2421.6776643812946	2.2160306391783706	5864522.710163242	4.910791793777298	2997.2377704326923	4.397857196514451	8983434.252508337	19.341147920933945	2808.1978674102247	5.1886995252343695	26.92260276316737	7885975.2625273345	2839.0740099676723	1841.3936125388288	0.72477	16.118725	0.0513594586610372	0.0294519848617821	-0.0110219873	-0.0009461864	0.0040414131	0.0224016276	-0.0139756834	-0.0380125362	-0.0063934427	-0.0397455123	-0.0798923737	-0.003990794	0.0669777426	0.0137098191	0.0296645711	0.0947099558	-0.0547279694	-0.0059893606	0.0354388872	-0.026979007	-0.0631705313	0.0469435102	0.0180483903	-0.0370837695	-0.0689653886	-0.0074215243	0.0098337651	0.017011422	-0.01709095	-0.0001433084	0.1046139976	0.0500877112	0.0118911547	-0.0631567471	0.0081929385	0.0106395471	-0.0503959594	-0.0526233094	0.0198906811	0.0388480297	0.000117498	-0.0378560623	-0.0238296302	-0.1143266324	0.0185662782	0.0122165348	0.0160773605	-0.0117423524	0.0121883208	-0.0616484512	0.0152432299	-0.0151115563	0.0250834639	0.0358040305	-0.0156514507	0.0645533603	-0.0953875442	0.0737404893	-0.0168257214	0.0891321397	0.0461078008	-0.0254121206	-0.0886771602	-0.0236517537	0.002918762	0.1059599214	-0.0647787547	-0.0264109309	0.0527997072	-0.0308470363	-0.0883340621	-0.0709097055	0.0066493708	0.0785694722	0.0	0.0	-0.1263554426835185	-0.0002979136716022	8.875255572750422e-08	0.0159656978957479	-0.1614513863137574	0.0125252054270247	0.0260665501426341	0.0001568807709891	0.3215745834486299	-0.0052330947736152	2.7385280909638944e-05	0.1034102127201598	-0.0135536290629726	-0.0005301523833213	0.0001837008607766	2.810615495413603e-07	-0.00233700528578	3.798001966100195e-06	1.4424818934500947e-11	5.461593705763659e-06	-0.0035580126680499	-0.0001321145104883	1.7454243881589513e-08	1.2659454146003566e-05	0.0	0.0	0.0	0.0	0.0	0.0	0.0	0.0	0.0	0.0	0.0	0.0	0.0	0.0	0.0	0.0	0.0	0.0	0.0	0.0	0.0	0.0	0.0	0.0	0.0	0.0
2422.478499232825	0.8008348515304533	5868402.0792453205	0.6413364594258032	2996.4343505859374	-0.8034198467548777	8978618.817371368	0.645483450159631	2805.397717927632	-2.8001494825925874	7.840837124863535	7870256.355753566	2836.0833967537715	1839.0454064299925	0.715253	15.907086	0.1310909029648476	0.0695831196186408	-0.0140195549	-0.0116057473	-0.0013038532	0.0182371499	0.0022240748	-0.0364470177	0.0007672815	0.00109204	-0.0645025337	-0.0235585122	0.0684043932	0.0133395779	0.033724585	-0.104519424	0.0674298514	-0.083250103	0.0297800888	-0.0538173062	0.0467327793	-0.0133984609	0.0058648868	0.0492811406	-0.041878971	-0.0268879038	0.0309657158	0.1036245102	0.0210719263	-0.0280175068	-0.082644813	-0.1113461616	0.0323172378	-0.0833369749	0.0207904422	-0.0783109676	0.0235001477	0.0091672216	0.0193397799	-0.0049066059	-0.003818919	-0.0327444858	-0.0646546751	-0.0432496883	0.0165282731	0.0051010929	0.019153112	-0.030078692	0.0045356412	-0.0336727947	-0.0009517039	-0.0325493943	-0.0084187471	0.0090333386	-0.0193063064	0.0581285352	-0.1253776292	0.0099316894	-0.0942016572	-0.0528399296	-0.0673838714	-0.0840962372	-0.1445994241	-0.006774761	0.0212215449	0.0735176952	0.0240018726	0.0063897231	0.0518059702	-0.0331149692	-0.0892349201	-0.0677448364	0.0126647723	0.0820594844	0.0	0.0	-0.136247369005261	-0.0098919263217424	9.785020635478187e-05	0.0185633455608557	-0.1612640901872453	0.0001872961265121	0.0260061067839199	3.507983900644024e-08	0.3056275173847069	-0.0159470660639229	0.0002543089160471	0.0934081793827393	-0.0146297184923093	-0.0010760894293367	0.0002140286631642	1.1579684599301855e-06	-0.0016168379157563	0.0007201673700236	5.186410408468527e-07	2.6141648458271765e-06	-0.0038630481577429	-0.000305035489693	9.304664997224837e-08	1.4923141069040814e-05	0.0	0.0	0.0	0.0	0.0	0.0	0.0	0.0	0.0	0.0	0.0	0.0	0.0	0.0	0.0	0.0	0.0	0.0	0.0	0.0	0.0	0.0	0.0	0.0	0.0	0.0
2427.9289625440274	5.450463311202384	5894839.047160117	29.707550306763256	3000.1650080754207	3.730657489483292	9000990.075680189	13.91780530383778	2814.4723952146533	9.074677287021132	82.3497678635772	7921254.863425307	2844.815379680765	1834.6837694501207	0.692401	15.398864	0.055568707024899	0.0307190730083571	-0.016249603	-0.0114371168	0.00465436	0.0146385763	-0.0069648699	-0.0217943964	-0.0308268495	0.0088188757	-0.0757516572	-0.0766347198	-0.031415423	-0.006668275	-0.0389797397	0.041054551	-0.0399602883	0.0071060964	-0.0100504283	-0.028084767	0.0294371401	-0.0081727262	-0.0909594402	0.0240839798	0.0304874669	-0.0310486072	0.0183751011	0.1035562988	0.0052388529	0.0396662605	0.0162677283	0.0500605475	-1.7423e-05	-0.0221479093	-0.0109151153	-0.0241742028	0.0305965438	0.0202610912	-0.0291610575	-0.0571943059	0.0646950192	-0.0107416562	-0.074977552	-0.0279479313	0.0185625219	0.0036145843	0.004440766	-0.0252748435	-0.0096540414	-0.0416292746	0.0160455123	-0.0348904277	-0.0081919998	0.0149766004	-0.0453059878	0.0358933364	-0.1317874634	0.0068147731	0.0160524913	0.0446970188	0.1112909912	-0.0347544968	-0.0747757208	-0.0183778605	0.0157642398	0.1430676934	-0.0234892375	-0.0376026453	0.0508032066	-0.0353598238	-0.0899958625	-0.0643911502	0.0186250264	0.0850350384	0.0	0.0	-0.1354799520360217	0.0007674169692392	5.889288046764218e-07	0.0183548174036827	-0.1583498551439248	0.0029142350433205	0.0250746766241019	8.492765887717243e-06	0.3036818325608976	-0.0019456848238093	3.785689433601833e-06	0.092222655427545	-0.014364627067627	0.0002650914246823	0.000206342510792	7.027346344009155e-08	-0.0020212362840361	-0.0004043983682797	1.6353804026736452e-07	4.085396115904061e-06	-0.0035337105469344	0.0003293376108085	1.0846326189305101e-07	1.2487110229515415e-05	0.0	0.0	0.0	0.0	0.0	0.0	0.0	0.0	0.0	0.0	0.0	0.0	0.0	0.0	0.0	0.0	0.0	0.0	0.0	0.0	0.0	0.0	0.0	0.0	0.0	0.0
2428.8372131234887	0.9082505794613098	5899250.207853476	0.824919115091805	3032.351231032152	32.1862229567314	9195153.988342209	1035.9529482204234	2814.046894988121	-0.4255002265322218	0.1810504427789721	7918859.927192285	2844.410967807112	1861.480256093893	0.760004	16.902336	0.1055861395711317	0.0528300304810748	-0.0204349499	-0.0315670385	0.0159318719	0.0011704788	0.0305114395	0.0374572659	-0.0328648134	0.0199099449	-0.0606876344	-0.0255871439	0.0412705201	0.0682694417	0.0037268813	-0.0217942909	0.0811118143	0.0532283437	-0.0281094398	0.0001162128	-0.0266915647	-0.0643139602	-0.0277316576	-0.0124479565	0.0058135929	-0.0038986561	0.0708118058	0.0368378866	-0.0013357464	-0.0075648797	-0.0214311446	-0.0694216234	-0.0491474536	0.0395227241	-0.0065250706	-0.0094392928	-0.0558555933	0.0077793369	-0.0502969374	-0.0505797223	0.0221203075	1.99755e-05	-0.0316003485	-0.1102838625	0.0246026724	-0.0074253532	0.0018444489	-0.0412190554	-0.0024696585	-0.0516354928	-0.0145341315	-0.0159746813	0.0090800709	-0.0037019833	-0.0247371376	0.0413754426	-0.0660505846	0.0398855304	-0.0870506018	0.0135969014	-0.0863137158	-0.0883130232	-0.1097128515	-0.009549833	-0.0380574943	0.0289038712	-0.0075147642	-0.0258069237	0.0497915913	-0.0375800356	-0.0906156961	-0.0608579944	0.0245041797	0.0874774795	0.0	0.0	-0.1501567451105359	-0.0146767930745141	0.0002154082549521	0.0225470481021904	-0.1573635185761475	0.0009863365677773	0.0247632769786655	9.728598249347076e-07	0.3301291009040028	0.0264472683431052	0.0006994580028122	0.1089852232636852	-0.0150584465755095	-0.0006938195078825	0.0002267568132674	4.813855095183144e-07	-0.0023360031215682	-0.0003147668375321	9.907816200995961e-08	5.456910583976375e-06	-0.0032727820606343	0.0002609284863001	6.808367496286155e-08	1.0711102416409691e-05	0.0	0.0	0.0	0.0	0.0	0.0	0.0	0.0	0.0	0.0	0.0	0.0	0.0	0.0	0.0	0.0	0.0	0.0	0.0	0.0	0.0	0.0	0.0	0.0	0.0	0.0
2426.762950104528	-2.0742630189606643	5889178.416000032	4.302567071827809	3020.481089430589	-11.87014160156332	9123306.011607796	140.90026164116418	2812.445189715826	-1.6017052722950211	2.565459779297668	7909847.945155689	2841.760993568157	1864.956595018437	0.697791	15.518719	0.0951704154397974	0.0461129904843654	-0.01775064	-0.0283635184	0.010246544	0.0259099588	0.0499570007	0.0018589323	-0.0463555651	0.0177669605	-0.0558527815	-0.0320686296	0.0545633561	0.0637521203	-0.0351175865	-0.026686093	0.0566538478	-0.0312212923	-0.0920420189	-0.0876471862	-0.0019600248	0.0211968057	-0.0318403693	-0.0064075176	0.0136057717	-0.0171272082	-0.1243018843	-0.0805459097	0.0044930789	0.0421402322	-0.0198127413	-0.0233888218	0.038052005	0.0378147224	-0.0731132705	-0.0966741371	-0.009542558	0.015128715	-0.0504487069	0.0754448954	0.0671606766	0.056385078	-0.027473548	-0.0151471225	0.0275393914	-0.008258051	-0.0084243922	-0.0354015842	0.0009524058	-0.0315023725	-0.0165791793	-0.0185160742	0.0073444028	0.0084342213	-0.008061925	0.0790822548	-0.1194984702	-0.0234085904	-0.0200264544	-0.0213901801	0.0839105306	-0.0829299718	-0.0806485729	-0.0343138631	0.0638390856	0.0506265578	-0.0293061607	-0.0248314963	0.0487713005	-0.0397740572	-0.0910934489	-0.0571552164	0.030276632	0.0893714952	0.0	0.0	-0.1454993166204303	0.0046574284901055	2.16916401404472e-05	0.0211700511370122	-0.1677574425686572	-0.0103939239925097	0.0281425595371763	0.000108033655962	0.3447668271877049	0.014637726283702	0.0002142630307565	0.1188641651290767	-0.0156346481851609	-0.0005762016096514	0.0002444422238737	3.320082949648652e-07	-0.0027420381737679	-0.0004060350521996	1.648644636148129e-07	7.5187733464004e-06	-0.0036001721322528	-0.0003273900716185	1.0718425899436661e-07	1.2961239381849672e-05	0.0	0.0	0.0	0.0	0.0	0.0	0.0	0.0	0.0	0.0	0.0	0.0	0.0	0.0	0.0	0.0	0.0	0.0	0.0	0.0	0.0	0.0	0.0	0.0	0.0	0.0
2422.974025869285	-3.78892423524303	5870803.130037211	14.35594686041198	3020.441933969351	-0.0391554612378968	9123069.476480512	0.0015331501447524	2813.250563712613	0.8053739967867841	0.648627274700319	7914378.734229334	2845.89906957166	1825.1275010499555	0.7564499999999998	16.823301	0.1469070919343899	0.0812991663208596	-0.0228821058	0.0008475344	0.0014723512	0.0473772084	0.0284120725	0.0275311293	-0.0124172863	-3.41527e-05	-0.0782211386	0.0106569939	0.0622454171	0.0591942316	0.0457455208	-0.0205118369	0.0642254138	0.0475540451	0.0190374075	0.0407258333	-0.0618835697	-0.0372372437	0.0303427186	-0.026664302	0.0918562211	-0.0052080014	0.0149310093	0.0478513465	0.0005661706	-0.0454543036	0.009774938	-0.0590024206	-0.0739046933	-0.0108576525	0.0100339909	0.0357410439	-0.0517837773	-0.0262413461	-0.0201716336	0.0225760067	-0.0073428597	0.0783534972	-0.012983371	-0.1267309863	0.0131645824	0.0082525811	0.0078338752	-0.0419319881	0.020907986	-0.0631093216	-0.0390460722	-0.0174178233	0.0379964996	0.0353283319	-0.0187998582	0.0354252719	-0.0566289557	0.0674857956	-0.082560602	0.0745225621	-0.0525253547	-0.0799462067	-0.1050720089	-0.0252809295	0.012985355	0.0528140581	-0.0147495065	-0.0351491161	0.0477425119	-0.0419403596	-0.091428372	-0.0532931366	0.0359172478	0.0907052112	0.0	0.0	-0.1080393637649024	0.0374599528555279	0.0014032480679383	0.0116725041227249	-0.1497282251004463	0.0180292174682109	0.0224185413917299	0.000325052682516	0.3088457806445888	-0.0359210465431161	0.0012903215847527	0.0953857162219654	-0.0145914442340563	0.0010432039511046	0.0002129102448355	1.0882744836002504e-06	-0.0027468413133922	-4.803139624300241e-06	2.3070150250523064e-11	7.545137200958187e-06	-0.003538241721631	6.193041062179999e-05	3.8353757597847574e-09	1.2519154480690304e-05	0.0	0.0	0.0	0.0	0.0	0.0	0.0	0.0	0.0	0.0	0.0	0.0	0.0	0.0	0.0	0.0	0.0	0.0	0.0	0.0	0.0	0.0	0.0	0.0	0.0	0.0
2426.8658100573944	3.891784188109341	5889677.660025533	15.145984166817884	3011.1542931189906	-9.287640850360276	9067050.176968928	86.26027256528096	2809.561606721339	-3.688956991273699	13.6084036834671	7893636.421962593	2841.901751077586	1839.323578753464	0.742838	16.520563	0.1006133316223659	0.0502071835261929	-0.0217891206	-0.0086458257	0.0064343722	0.0307733579	-6.8364e-06	-0.0002351008	-0.0300982504	0.0294879945	-0.0289409779	-0.073242456	-0.0307551163	0.0354675508	-0.0021673355	0.007824111	-0.0204331385	-0.0452149428	0.0340960039	0.0207907974	0.0361761981	-0.0845189036	0.0129103584	0.0840783886	0.0087549147	-0.0660879642	0.0624195207	-0.0346465083	0.0217687615	0.0100028051	-0.0059668151	0.0019450222	0.0275590599	-0.0521913289	0.0411791024	-0.0096600418	-0.008102092	0.0673792859	0.0189349813	-0.0790260828	-0.009089511	-0.0647501524	-0.0610572689	-0.0576847819	0.0133686181	0.0033890647	-0.0072614894	-0.0449132275	-0.0155927795	-0.0358574198	-0.0023082704	-0.0436501182	0.0196335036	0.0438381478	-0.0349243981	-0.0307617067	-0.0777441929	0.0253153595	-0.0305718942	-0.0840167246	0.0313185896	-0.052558612	-0.0655913197	-0.0376763212	0.0709859608	0.0286142797	0.0350008714	0.0044287201	0.0467054048	-0.0440774331	-0.0916199402	-0.0492825193	0.0414014655	0.0914702662	0.0	0.0	-0.1106847432412792	-0.0026453794763767	6.998032574035532e-06	0.0122511123863879	-0.1577061578623357	-0.0079779327618893	0.0248712322276999	6.364741115322787e-05	0.3280044288242436	0.0191586481796547	0.0003670538000717	0.1075869053283182	-0.0147396202209368	-0.0001481759868804	0.0002172564042574	2.195612308800999e-08	-0.0020568035003076	0.0006900378130846	4.761521834865776e-07	4.230440638877595e-06	-0.0029598280975072	0.0005784136241237	3.345623205720284e-07	8.76058236679309e-06	0.0	0.0	0.0	0.0	0.0	0.0	0.0	0.0	0.0	0.0	0.0	0.0	0.0	0.0	0.0	0.0	0.0	0.0	0.0	0.0	0.0	0.0	0.0	0.0	0.0	0.0
2426.85181685568	-0.0139932017141291	5889609.740975716	0.0001958096942123	3021.9149498572715	10.760656738280886	9131969.964170877	115.79173343910983	2809.95751953125	0.3959128099108966	0.1567469530515417	7895861.261570215	2841.7267182448813	1864.0070688521844	0.839291	18.665655	0.1076815171846603	0.0675380292428715	-0.026338275	-0.0250300946	0.0172796832	0.0281520508	0.0436522697	0.0423997885	-0.0276280839	-0.0578085389	-0.0053732382	-0.0518103961	-0.0526404688	0.0627011216	0.0491989168	0.0831025362	0.017545228	0.0268270835	0.0080745446	0.0552387952	-0.0459683133	-0.0024891072	-0.0509067445	-0.0005290418	-0.0572265327	-0.066360434	-0.0417825517	-0.0649619047	0.007711556	-0.0168356459	0.0983706263	-0.0046334422	-0.0265195722	0.0230899232	0.0237753169	0.0393445413	-0.0612013976	-0.03688053	-0.0291239327	-0.0001753551	0.0230406246	-0.0119499052	-0.07551538	0.0090872899	0.0217531701	-0.0096432358	-0.0254164631	-0.0500215374	0.0190585043	-0.0241947816	-0.0298753564	-0.0234650203	0.0085093862	0.0296991391	-0.0092026273	-0.0316915596	0.0366999387	0.0567372653	0.0030908628	0.1032160823	-0.0135875637	-0.0185828269	0.0606181629	-0.000925377	-0.0137169702	-0.055251834	-0.034165166	-0.0085740338	0.04566016	-0.0461837883	-0.0916678532	-0.0451345427	0.0467054048	0.0916618636	0.0	0.0	-0.1083998948845703	0.0022848483567088	5.220532013155318e-06	0.0117505372109858	-0.1565497162399367	0.001156441622399	0.0245078136548046	1.3373572260168347e-06	0.378666461849221	0.0506620330249774	0.0025666415902239	0.1433882893294075	-0.0154197328140315	-0.0006801125930947	0.0002377681600561	4.625531392859972e-07	-0.0022981674819466	-0.000241363981639	5.8256571632631626e-08	5.2815737750767766e-06	-0.003109915406385	-0.0001500873088777	2.252620028618008e-08	9.67157383487078e-06	0.0	0.0	0.0	0.0	0.0	0.0	0.0	0.0	0.0	0.0	0.0	0.0	0.0	0.0	0.0	0.0	0.0	0.0	0.0	0.0	0.0	0.0	0.0	0.0	0.0	0.0
2425.418513838142	-1.4333030175380372	5882654.967268823	2.054357540083643	3009.1107806865984	-12.804169170673047	9054747.69044431	163.94674815121417	2814.915379574424	4.957860043174151	24.58037620770279	7923748.594164625	2845.0136656452046	1882.7930509635064	0.716423	15.933104	0.0887183948666857	0.0517755489031402	-0.0057293294	-0.0368783463	0.0367046621	-0.0042392569	0.0470987159	-0.0100549967	0.0124630514	-0.0437008818	0.0168605043	-0.060090364	0.0513839298	0.0546763506	-0.0667713974	-0.0376511182	0.0325552942	-0.0266243235	0.0267497796	0.0201478318	-0.0694844404	-0.0675249694	0.0483612321	-0.0189975995	-0.0262530647	-0.0739740194	0.0713977428	-0.0452636763	0.0062087139	0.0569423582	-0.0564585828	-0.0347819391	0.0100354116	-0.0169425347	0.0143796095	0.0354739477	-0.1004120431	0.0138458143	0.0056213115	-0.0448347193	-0.0513269804	0.0201925004	0.0072005424	-0.0037298601	0.0232515945	-0.015581132	-0.0329674821	-0.0505068504	0.0057374372	0.0058183513	-0.0107365607	-0.0342857163	0.014865275	0.0415159379	0.0245858367	-0.0223903295	0.0022515461	-0.0050222602	-0.0263282611	-0.10202046	-0.0684666033	-0.0569568213	0.0193003433	-0.0164410134	-0.0313726411	-0.0752345723	-0.0637935185	0.0676474915	0.0446069594	-0.0482579572	-0.0915720357	-0.0408607681	0.0518059702	0.0912788023	0.0	0.0	-0.1086162393675493	-0.0002163444829789	4.680493531544967e-08	0.0117974874543487	-0.1837329314469826	-0.0271832152070459	0.0337577900981016	0.0007389271889925	0.3956439414223069	0.0169774795730859	0.0002882348126545	0.1565341283841778	-0.0161185979298379	-0.0006988651158063	0.0002598091992237	4.884124500910916e-07	-0.0022542508012894	4.391668065720005e-05	1.928674839946489e-09	5.081646675113902e-06	-0.0029658700907771	0.0001440453156078	2.0749052948579472e-08	8.796385395366164e-06	0.0	0.0	0.0	0.0	0.0	0.0	0.0	0.0	0.0	0.0	0.0	0.0	0.0	0.0	0.0	0.0	0.0	0.0	0.0	0.0	0.0	0.0	0.0	0.0	0.0	0.0
2425.5892983024346	0.1707844642924101	5883483.444039297	0.0291673332436455	3004.5519615760218	-4.558819110576678	9027332.48981032	20.78283168295913	2808.220645778128	-6.694733796296077	44.81946060326889	7886103.195374527	2840.195289601293	1873.318936213828	0.678782	15.095971	0.0691537737624664	0.0413713526992658	-0.0156945429	-0.0445008779	0.0279595409	-0.0030129018	0.0130060982	-0.0283471335	0.0012234594	-0.0202170905	0.0133661734	-0.0641067695	0.0112672237	0.0481480444	0.0194576946	0.0813711613	-0.0082692032	-0.045696583	-0.0102278635	-0.0567563602	0.0451988811	-0.0434779122	-0.0534166843	0.1010920385	-0.0021122579	-0.0007086619	0.0459783091	0.0764263274	0.0156644956	0.0177703153	0.0747370727	0.0246624747	0.0428469529	-0.0166120636	0.0176907184	-0.0939266803	-0.0230344182	0.058367443	-0.0298309393	-0.0552741139	0.0501059462	-0.0707864404	-0.0429285795	0.0147735884	0.02358784	-0.0196392712	-0.0361286404	-0.0480810556	-0.027520219	0.0289267667	-0.0032658183	-0.0420833612	0.0022435958	0.054362005	0.0187124252	0.0013995927	0.0166205045	0.028936863	0.0639110813	0.0451028281	0.0486254217	-0.0211450325	0.0528569547	-0.0265819631	0.028728226	0.0028649602	-0.0332599182	0.0235720835	0.0435459867	-0.0502984945	-0.091332638	-0.0364731072	0.0566809517	0.0903234838	0.0	0.0	-0.1182584014549945	-0.0096421620874452	9.297128972056556e-05	0.0139850495146906	-0.1818650277968885	0.001867903650094	0.033074888335563	3.4890640460348385e-06	0.3869512460444397	-0.0086926953778672	7.556295293239396e-05	0.1497312668153445	-0.0168926576844755	-0.0007740597546375	0.0002853618836448	5.991685037496208e-07	-0.0021472862084102	0.0001069645928791	1.1441424129812986e-08	4.6108380608286536e-06	-0.0030638659962015	-9.799590542439998e-05	9.603197479947944e-09	9.38727484267981e-06	0.0	0.0	0.0	0.0	0.0	0.0	0.0	0.0	0.0	0.0	0.0	0.0	0.0	0.0	0.0	0.0	0.0	0.0	0.0	0.0	0.0	0.0	0.0	0.0	0.0	0.0
2427.1756148692048	1.586316566770165	5891181.465415702	2.516400250009484	3002.897423377404	-1.6545381986179564	9017392.93532665	2.737496650685952	2812.286824306317	4.066178528189084	16.53380782310595	7908957.182166911	2844.4999626212284	1857.713487911077	0.735952	16.367426	0.2330142050142263	0.1540125300846303	0.0059104457	-0.000442514	0.0339444192	0.0039333404	0.0212317791	-0.017350572	-0.0071257409	0.0010806465	-0.0071629163	-0.0310605024	0.0093188304	-0.0116905789	0.0316004481	-0.015863649	0.0297022701	0.0174127467	-0.0216167337	-0.0027062025	-0.0373867034	-0.0567639359	0.0610291045	0.0161066793	-0.0411591402	-0.0748551463	0.1215877076	-0.0292941527	0.026669578	-0.0225812057	-0.0074940164	-0.0333648607	-0.0297037028	-0.0049213517	-0.0148930122	-0.0330138001	-0.083358825	0.0120162388	0.0626583753	-0.07960105	-0.0638975004	-0.0702562527	-0.0140904473	-0.0615288539	-0.0033530989	0.0138468425	0.0038258972	-0.0593290798	0.0073979925	-0.0233272231	-0.0212936701	-0.0755607527	-0.0099276997	0.0448770915	0.012468462	-0.0391229257	0.0317300798	0.0029594455	-0.026621852	-0.0474693536	-0.1051124281	-0.0311701857	0.0633388619	0.0256038682	0.0088169362	-0.027952814	0.0420507663	0.0806037733	0.0424774267	-0.0523039779	-0.0909500356	-0.0319837892	0.0613091217	0.0888018974	0.0	0.0	-0.1076944243714734	0.010563977083521	0.0001115976118211	0.011598089040703	-0.186230031585481	-0.0043650037885924	0.0346816246643292	1.9053258074426665e-05	0.2960741363189569	-0.0908771097254828	0.0082586490720574	0.0876598941970162	-0.0147283407383376	0.0021643169461378	0.0002169240209045	4.684267843339679e-06	-0.001874331075228	0.0002729551331822	7.450450473051264e-08	3.5131169795653506e-06	-0.002956975787189	0.0001068902090125	1.1425516782735964e-08	8.743705806022005e-06	0.0	0.0	0.0	0.0	0.0	0.0	0.0	0.0	0.0	0.0	0.0	0.0	0.0	0.0	0.0	0.0	0.0	0.0	0.0	0.0	0.0	0.0	0.0	0.0	0.0	0.0
2428.850995670324	1.675380801119445	5899317.159168725	2.806900828759633	3015.157901705228	12.26047832782433	9091177.172215477	150.3193288270501	2812.6304767452484	0.3436524389312581	0.118096998783402	7910890.198716204	2845.220342638739	1854.6678220580864	0.7731679999999999	17.195105	0.2158417734736315	0.1408729670951329	-0.014765948	-0.0420662728	0.0411627025	-0.0037832282	0.0207252712	0.0142370353	-0.050621974	-0.0069472607	0.0183211918	-0.0417089691	-0.0422801048	-0.0320641447	-0.0236563939	0.0440924436	-0.020860736	-0.0416852067	-0.0269991902	-0.044825295	-0.0253160193	0.0010824157	-0.0274326157	0.0253155482	0.0012090239	-0.0454028557	-0.0013297969	0.0082275248	-0.0594866477	0.0391769962	0.030864158	0.043550943	0.0362754307	-0.0024916133	-0.0113828074	-0.0451385579	-0.0436308652	0.0211622264	0.0016353939	-0.0188428422	0.0648127292	-0.0453947674	0.0275127191	0.0669781337	0.0223767328	-0.0139776215	-0.0343110323	-0.0616809045	0.0309050617	-0.0029861743	-0.0335419944	-0.0292440858	-0.0181868559	0.0178404402	0.0174075512	-0.0425225265	0.0336754235	-0.0200556549	0.0567027011	-0.0116225482	0.0807424759	0.0347571292	0.1185784039	0.0028233146	0.0278236233	-0.0733763012	-0.0179241205	0.0625562815	0.0414014655	-0.0542730098	-0.0904248282	-0.0274053266	0.0656703274	0.0867235824	0.0	0.0	-0.1181978278033426	-0.0105034034318692	0.0001103214836526	0.0139707264974286	-0.1828878855234847	0.0033421460619962	0.0334479786712512	1.1169940299717291e-05	0.387589351313288	0.091515214994331	0.0083750345754586	0.1502255052514553	-0.0165351799089535	-0.0018068391706158	0.0002734121746214	3.2646677884719506e-06	-0.0022671345563067	-0.0003928034810787	1.542945747475447e-07	5.139899096399977e-06	-0.0029669533152031	-9.977528014100314e-06	9.955106527215656e-11	8.802811974594667e-06	0.0	0.0	0.0	0.0	0.0	0.0	0.0	0.0	0.0	0.0	0.0	0.0	0.0	0.0	0.0	0.0	0.0	0.0	0.0	0.0	0.0	0.0	0.0	0.0	0.0	0.0
2432.687822478741	3.836826808416845	5917970.041636359	14.721239957786192	3018.864059682993	3.706157977764633	9113540.21084568	13.735606956148434	2821.397009063185	8.766532317936708	76.85208888142874	7960281.082750686	2852.425555798761	1887.4187015728007	0.863793	19.210587	0.2084622786399372	0.1056589378422814	-0.0180163155	-0.0974239111	0.0424255203	-0.0241275127	0.0764330845	0.0190321928	-0.0441795075	-0.0342855668	0.033850929	-0.0142416474	-0.0286188125	0.0664177822	0.0158474847	-0.0006924019	0.0348484063	0.112656834	0.0927528602	0.0220346159	0.0033771386	-0.0411702897	-0.0443258502	0.0219483125	-0.0386327999	0.0331891875	0.0608671612	0.027241812	-0.0486942733	-0.005697005	0.0062692122	-0.0336591249	-0.116732445	-0.0269325818	0.0062612474	0.046992596	-0.0121206624	-0.0059600888	-0.0354369663	-0.047157676	-0.0199338289	-0.0784418258	-0.0190869344	0.0154321629	0.0201845826	-0.0289167145	-0.0528898126	-0.081361831	0.011877526	0.0701107608	-0.0115160619	-0.0038244457	-0.0628691835	-0.0207130853	0.0002557753	-0.1311736782	0.1572510074	-0.0415394671	0.0006029172	0.0146048865	-0.0623426874	-0.0496749813	0.0772254491	0.0486387133	-0.0311650493	-0.0448927943	-0.0349150813	0.0095631862	0.0403182907	-0.0562042179	-0.0897578394	-0.0227504805	0.0697455783	0.0841015683	0.0	0.0	-0.1350463991897328	-0.0168485713863901	0.0002838743577622	0.0182375299341126	-0.1511766629133717	0.031711222610113	0.0228543834096232	0.0010056016394281	0.4166024945941871	0.0290131432808991	0.0008417624830379	0.1735576385020996	-0.0180522621638708	-0.0015170822549172	0.0003258841692331	2.301538568184955e-06	-0.0011824645878091	0.0010846699684976	1.1765089405605843e-06	1.398222501422545e-06	-0.0029509187113673	1.6034603835800212e-05	2.5710852017105886e-10	8.707921241097646e-06	0.0	0.0	0.0	0.0	0.0	0.0	0.0	0.0	0.0	0.0	0.0	0.0	0.0	0.0	0.0	0.0	0.0	0.0	0.0	0.0	0.0	0.0	0.0	0.0	0.0	0.0
2435.2775147032207	2.589692224479677	5930576.573619096	6.7065058175304975	3018.293577223558	-0.5704824594349702	9110096.118308982	0.3254502365229724	2823.1846148098653	1.7876057466801285	3.19553430556382	7970371.369299127	2854.8120563375537	1870.2352825795665	0.762669	16.96159	0.1049794204502654	0.0619639284413826	-0.0194205327	-0.0753259348	0.0419784654	-0.0379258486	0.030775466	0.0182515628	-0.0392839943	-0.0077349012	0.0222133476	-0.0355581342	-0.1121147677	0.0300804756	-0.1336897533	-0.02114725	-0.0372039712	0.0044632946	-0.0143612243	-0.0400173342	-0.0626569535	0.0546719582	-0.0244081402	0.0128171754	0.0492802072	0.022215928	-0.0869382227	-0.0116223506	-0.00063067	0.1072136619	-0.0553883919	0.0740915705	0.0035285797	0.0119799122	-0.0489324677	0.0160247699	-0.0134806859	-0.0122127459	-0.0313679254	0.0960108001	0.0433829461	-0.0033433417	0.0463627009	0.0645116766	0.0261153445	-0.0298010651	-0.0497327017	-0.054262016	-0.0053276206	0.0282169041	0.0017709411	0.0004033161	-0.0371467589	0.0008338062	0.0344245384	-0.0673140362	0.1096730484	-0.0920121052	0.0260336758	-0.0793761386	0.057416292	0.0142820374	0.0898844694	0.0158080577	0.0374732193	-0.0612646192	-0.0430512639	-0.0068010516	0.039228091	-0.0580962564	-0.088950115	-0.0180322247	0.0735171291	0.0809522936	0.0	0.0	-0.1360642808807171	-0.0010178816909842	1.0360831368410494e-06	0.0185134885315866	-0.1625223942954932	-0.0113457313821214	0.0264135286475397	0.0001287256205952	0.4506440936773117	0.0340415990831245	0.0011588304681361	0.2030800991662456	-0.0181540917998471	-0.0001018296359763	0.0003295710490772	1.0369274763065893e-08	-0.0021428925554825	-0.0009604279676733	9.224218810892572e-07	4.591988504342318e-06	-0.0028416921491363	0.000109226562231	1.193044189680253e-08	8.075214270462884e-06	0.0	0.0	0.0	0.0	0.0	0.0	0.0	0.0	0.0	0.0	0.0	0.0	0.0	0.0	0.0	0.0	0.0	0.0	0.0	0.0	0.0	0.0	0.0	0.0	0.0	0.0
2429.474812699852	-5.802702003368722	5902347.865542981	33.67135053989938	3015.198708871694	-3.0948683518636244	9091423.25398153	9.578210115367067	2816.5082236842104	-6.676391125654845	44.57419846272278	7932718.574080787	2848.6489784819505	1866.980368365092	0.71575	15.918136	0.1171146895393115	0.0626135659071287	-0.0223828208	-0.0638611507	0.0361161489	-0.0299921841	0.0254429295	0.017346033	-0.0368855458	-0.0489226452	0.0777906381	-0.0011967928	-0.0545661127	0.0424469524	-0.0073725668	0.084357867	0.0206269298	0.0355426758	0.0933532326	0.0242515125	-0.0310808146	0.0515751193	-0.092505899	0.0224416062	0.0593930757	0.0152532265	-0.0532649638	0.045456594	-0.0290885427	0.0232734925	0.0670931942	-0.0118244727	-0.0603814627	-0.0178421157	0.0400241529	0.0810675171	0.0178779618	0.0030220215	-0.06714147	0.0137314443	0.0905080016	0.0090249492	0.0406671554	0.1103017468	0.0330248974	-0.0374815242	-0.0582568532	-0.0418896563	-0.0057643182	0.0493075232	0.0074317078	0.0029073042	-0.0411878501	0.0101256385	0.0276732033	-0.0568820666	0.10969201	-0.0222932221	0.0415378421	0.0857367876	-0.0530641892	0.0397366046	0.1046742957	0.0699369272	-0.0354521475	-0.0656999229	-0.0634477676	0.0177862098	0.0381310563	-0.0599478067	-0.0880029215	-0.0132637098	0.0769685571	0.0772955021	0.0	0.0	-0.1360430332417905	2.124763892658033e-05	4.514621599543315e-10	0.0185077068936269	-0.1741337997005274	-0.0116114054050341	0.0303225801981433	0.00013482473548	0.4746380881274774	0.0239939944501657	0.0005757117696745	0.2252813147013069	-0.0189619713693102	-0.0008078795694631	0.0003595563582105	6.52669398755888e-07	-0.0019052014641025	0.0002376910913799	5.6497054921415453e-08	3.629792618818309e-06	-0.0034258823291969	-0.0005841901800606	3.412781664792365e-07	1.1736669733503575e-05	0.0	0.0	0.0	0.0	0.0	0.0	0.0	0.0	0.0	0.0	0.0	0.0	0.0	0.0	0.0	0.0	0.0	0.0	0.0	0.0	0.0	0.0	0.0	0.0	0.0	0.0
2427.566225989158	-1.9085867106941805	5893077.781563243	3.642703232238432	2991.8148916391224	-23.3838172325718	8950956.345833614	546.802908366322	2819.4198009944566	2.91157731024623	8.47728243354067	7949128.014239621	2848.1941152007003	1874.729743308962	0.726311	16.153017	0.0830188000415241	0.0405312571467874	-0.0206748958	-0.060667547	0.0385674999	-0.0081318516	0.0471125903	-0.0479136633	-0.0182843717	-0.0346345121	0.0582109445	-0.0319386691	0.0103693333	-0.0092920411	-0.0924587058	-0.0049352868	0.0254702737	0.0023134675	-0.0070473327	0.0453139728	-0.050380074	-0.0993865156	0.047762887	0.0416140015	0.02931441	0.0180905333	0.0118620802	-0.0272324597	-0.0337679464	0.079111659	-0.034942602	-0.008293491	0.0085536984	0.0352180118	0.0224356642	0.0592818507	-0.078392883	0.0849619382	0.0082403895	-0.0082033251	-0.0518659084	0.0076625157	0.0453273092	0.0192210415	0.032740994	-0.0394467926	-0.0617707473	-0.0463275448	0.0112005319	0.0683017646	-0.0045404391	-0.0111788873	-0.0385259753	0.0013304557	0.0223913388	-0.0676937594	0.0403793782	-0.0487878161	0.0249268751	-0.0943096171	-0.0190849139	0.0179436492	0.092664226	0.0245294701	0.0059388898	-0.1148685094	-0.0175020779	0.0809643675	0.0370273778	-0.0617575784	-0.0869177441	-0.0084582266	0.0800848332	0.0731541193	0.0	0.0	-0.1358326904696127	0.0002103427721778	4.424408180745194e-08	0.0184505198002136	-0.189426587114923	-0.0152927874143956	0.0358824319060075	0.0002338693469018	0.4683709814293166	-0.0062671066981607	3.927662636613163e-05	0.2193713762450612	-0.0193930749504302	-0.0004311035811199	0.000376091356033	1.858502976544867e-07	-0.0015870452135251	0.0003181562505773	1.0122339978146933e-07	2.5187125097729304e-06	-0.0029501708977585	0.0004757114314383	2.2630136600117149e-07	8.703508325981195e-06	0.0	0.0	0.0	0.0	0.0	0.0	0.0	0.0	0.0	0.0	0.0	0.0	0.0	0.0	0.0	0.0	0.0	0.0	0.0	0.0	0.0	0.0	0.0	0.0	0.0	0.0
2425.474623242809	-2.0916027463490536	5882927.147994845	4.374802048534904	2996.451490196815	4.6365985576926505	8978721.533102714	21.49804618519757	2813.73852943584	-5.681271558616572	32.27684652274558	7917124.512031764	2843.858073983028	1878.6761038660816	0.68016	15.126609	0.1392351472786678	0.0710083723289341	-0.0334773798	-0.0670644638	0.0226370368	0.0166996571	0.0493570687	-0.0344831973	-0.0105712665	-0.0784322154	0.0515560323	-0.0230846085	0.0078016171	0.0313707141	-0.0366551957	0.0824199935	0.0167485267	-0.0045393547	0.0145467502	0.004626238	-0.1157048235	0.0669604113	-0.0183925863	0.0240198163	-0.0168153644	0.0573876916	-0.0734215991	-0.0059475686	-0.0622979753	0.0498248134	0.0733959815	-0.0010188959	0.0045187394	0.0126131198	-0.0009866053	0.0849115191	-0.0656149793	-0.0171626722	-0.0260717625	0.0850897986	0.037555762	-0.0168847772	0.0484025792	0.0284645397	0.0400791671	-0.0466228097	-0.0716147961	-0.0416884488	0.0143847876	0.0790959623	-0.0133772015	0.0041945561	-0.0202535326	0.0012063511	0.0133024971	-0.0531656021	0.0585455287	0.0196095598	0.0558370059	0.0783894905	0.0221229677	0.0137310565	0.1122695521	-0.0050240641	0.0034777201	-0.0608850359	-0.028981976	0.0159355752	0.0359172478	-0.0635243102	-0.0856962841	-0.0036291689	0.0828523881	0.068554109	0.0	0.0	-0.1162382277866385	0.0195944626829741	0.0003839429678344	0.0135113255989784	-0.1976771068490705	-0.0082505197341475	0.0390762385722188	6.80710758835574e-05	0.5015705635821277	0.0331995821528111	0.0011022122551212	0.2515730302520932	-0.0201214550828804	-0.0007283801324502	0.0004048729546523	5.305376173481721e-07	-0.0015971811995685	-1.0135986043400018e-05	1.0273821307199994e-10	2.5509877842550725e-06	-0.0037754664334396	-0.000825295535681	6.811127212151537e-07	1.4254146790029136e-05	0.0	0.0	0.0	0.0	0.0	0.0	0.0	0.0	0.0	0.0	0.0	0.0	0.0	0.0	0.0	0.0	0.0	0.0	0.0	0.0	0.0	0.0	0.0	0.0	0.0	0.0
2422.7551898648426	-2.719433377966197	5869742.710017029	7.395317897196644	3003.9763962965744	7.524906099759391	9023874.189506954	56.624211810196094	2807.5457311559608	-6.192798279879298	38.35075053527599	7882313.032532059	2841.2053520676186	1866.4028163125747	0.747585	16.626144	0.2645605462566746	0.1680657528872244	-0.0072659807	-0.0334920373	0.0527114309	0.0253880033	0.0339454618	-0.0143673151	0.0339139824	-0.0960271887	0.0271579609	0.0081805646	0.0477777911	0.0088005335	-0.009176638	-0.0643069918	0.0675746059	-0.1173247739	0.0416687347	0.029826668	-0.0255858388	0.0072232825	-0.0197120768	0.0592967321	-0.0280366846	-0.0946712868	-0.0044562771	0.1035032308	0.008126943	0.0096257065	-0.0655441548	-0.0937612844	0.0560122645	-0.0332577774	0.0661795767	-0.0038004176	-0.0737950964	0.0533932869	0.0176018921	0.0143956388	0.0146406652	-0.0453639856	-0.0088186856	0.0684156666	0.0010562381	-0.0054023799	-0.0532386429	-0.0477112818	0.0245589688	0.0234409781	0.0040226739	-0.0605970246	-0.0161849248	0.0390658512	0.0324549017	-0.0786238432	0.0573361184	-0.0014768969	-0.0390058633	-0.060196204	-0.1096782383	-0.0204459887	0.0959498224	-0.0210037565	0.0208247392	-0.0673805678	-0.0250241891	0.0672474628	0.0348008596	-0.0652467709	-0.0843404568	0.001210004	0.0852591707	0.0635243102	0.0	0.0	-0.0913014100096489	0.0249368177769895	0.0006218448808427	0.00833594746975	-0.2009290190998314	-0.0032519122507609	0.0403724707164204	1.0574933286648871e-05	0.4226070370953536	-0.0789635264867741	0.0062352385152274	0.1785967078025135	-0.0175365076345151	0.0025849474483653	0.0003075291000154	6.681953310810278e-06	-0.0015803147054147	1.6866494153800057e-05	2.8447862504017147e-10	2.49739456814995e-06	-0.0032291145811157	0.0005463518523238	2.985003465377565e-07	1.0427180977974023e-05	0.0	0.0	0.0	0.0	0.0	0.0	0.0	0.0	0.0	0.0	0.0	0.0	0.0	0.0	0.0	0.0	0.0	0.0	0.0	0.0	0.0	0.0	0.0	0.0	0.0	0.0
2421.256477044573	-1.4987128202697022	5862482.927630296	2.2461401176407647	2971.7233464167666	-32.253049879807804	8831139.647638466	1040.2592265493702	2807.289999086257	-0.2557320697037539	0.0653988914749656	7880877.138969717	2836.873116918104	1868.3841946939413	0.755939	16.81192	0.3360717158700889	0.1749104793612281	-0.0217287671	-0.053179608	0.0348740547	0.0301084784	0.0250539258	-0.0986280266	-0.0089613887	-0.0301073432	0.0597365663	-0.0419742802	0.0343576602	0.0025980835	-0.0021302076	0.1056435338	-0.0330167193	-0.0870963349	-0.0475688505	-0.0154894564	-0.0487510006	0.0132094395	-0.0104786431	0.1069541152	-0.0082249972	-0.0100509757	0.0013638259	0.0573892156	-0.0461704322	0.0370349482	0.0971834775	0.0232119712	0.0896380108	0.0087985672	-0.0096938758	0.0006064166	-0.0412397145	0.0803091808	0.0465844301	-0.0038022269	0.0527885433	-0.0279659558	-0.0095426148	0.0607283652	0.0263787602	-0.0323456899	-0.0665707249	-0.0344272275	0.0302652144	0.0775011446	0.0149718291	-0.0317903939	-0.0425349214	0.0094839677	0.0094148843	-0.0453372404	-0.0057578761	-0.0160132818	0.056801609	0.0193385868	0.0415766066	0.0327735066	0.1345156853	-0.001973591	0.0257939899	-0.022111169	-0.0720601837	0.0561104616	0.0336784079	-0.0669237601	-0.0828523881	0.0060458045	0.0872947008	0.0580962564	0.0	0.0	-0.1354427348777989	-0.0441413248681499	0.0019484565611155	0.0183447344311777	-0.2212756989347468	-0.0203466798349153	0.0489629349390607	0.0004139873803045	0.4982269430285271	0.0756199059331735	0.005718370173342	0.2482300867595512	-0.0199792023173689	-0.0024426946828538	0.0003991685252383	5.966757313642227e-06	-0.0008929511795827	0.000687363525832	4.724686166441985e-07	7.973618091181353e-07	-0.0040183324771069	-0.0007892178959912	6.228648873527767e-07	1.614699589657208e-05	0.0	0.0	0.0	0.0	0.0	0.0	0.0	0.0	0.0	0.0	0.0	0.0	0.0	0.0	0.0	0.0	0.0	0.0	0.0	0.0	0.0	0.0	0.0	0.0	0.0	0.0
2426.782746926238	5.52626988166503	5889274.500778857	30.539658804998023	2979.1804847130406	7.457138296274024	8875516.360495027	55.60891156975666	2815.4935859546326	8.203586868375623	67.29883750698497	7927004.132551677	2845.9413058997843	1867.252983647484	0.803817	17.876726	0.1804219113726405	0.0740410358118388	-0.0284794794	-0.0519159434	0.034021792	0.0096230073	-0.0075754979	-0.0527305948	0.000606798	-0.0785818373	0.0128087985	-0.0517252719	0.0052760608	-0.01112334	0.013720874	-0.0570142304	0.0656403394	0.0332539207	0.0407148695	-0.0285695605	-0.0651855869	0.0272229452	-0.0676444462	0.0065069385	-0.1199952716	0.006961596	0.0124514816	0.0071235161	-0.1333626445	-0.0169638659	-0.0368673531	-0.0683401954	-0.0462867195	-0.0160931627	-0.001706793	0.0027944629	-0.0521241052	-0.0247978016	-0.0081699754	0.0921181974	-0.0131604299	-0.1556773546	0.0302756927	0.0777779988	0.0224182293	-0.0355534407	-0.0646468675	-0.0594937072	-0.0033091016	0.0673986271	0.005642023	0.0174717628	-0.11414457	0.0103550963	-0.0101515552	-0.1039891912	0.0814566534	0.0128757783	-0.0148945085	-0.0343726836	-0.1021779907	0.0553365417	0.00495527	0.0464039436	-0.0393799529	0.0485737995	0.0497491563	0.0529408016	0.0325500881	-0.068554109	-0.0812344112	0.0108647541	0.088950115	0.0523039779	0.0	0.0	-0.1552043651032306	-0.0197616302254317	0.0003905220291666	0.0240883949470969	-0.1968443369339922	0.0244313620007546	0.038747692982983	0.0005968914492119	0.4689864455855428	-0.0292404974429842	0.0008550066907131	0.2199482861429613	-0.0206297601448238	-0.0006505578274548	0.0004255870036329	4.232254868628385e-07	-0.001847769763084	-0.0009548185835013	9.116785273994292e-07	3.414253097367502e-06	-0.0034839404539937	0.0005343920231132	2.8557483436701937e-07	1.2137841086973827e-05	0.0	0.0	0.0	0.0	0.0	0.0	0.0	0.0	0.0	0.0	0.0	0.0	0.0	0.0	0.0	0.0	0.0	0.0	0.0	0.0	0.0	0.0	0.0	0.0	0.0	0.0
2426.753870787671	-0.0288761385668294	5889134.349382944	0.0008338313785307	2992.5494112454926	13.368926532451953	8955351.978745744	178.72819663009776	2813.0794922826817	-2.4140936719509227	5.827848256953489	7913416.22990139	2844.2611257408407	1868.347658396136	0.713582	15.869912	0.0927581446773072	0.0443546688128837	-0.0222954004	-0.0508774576	0.0421095754	0.0133158123	-0.006619526	-0.0388421847	-0.0202772192	-0.0017419119	0.0068182058	-0.037631929	-0.0383766026	-0.0247542587	-1.24981e-05	0.0179351482	-0.0228172984	-0.0512749067	-0.008769298	-0.1497223062	0.0491687794	0.0303958339	-0.0513162119	-0.0373152578	0.0168242224	-0.0256386844	-0.0083967167	0.0513731202	-0.0639032876	0.0236041253	0.0214046034	0.0309103539	0.037353403	-0.0509205761	-0.0385543996	-0.1203148331	0.03949404	-0.0019674023	-0.025307612	0.0557117928	0.0069365074	-0.0233576391	0.0323771858	0.1193494133	0.0197304439	-0.0287147811	-0.0737693672	-0.0302167098	0.0290646605	0.0570966162	0.0283968615	0.0128513302	-0.0941125079	-0.0259308637	-0.0143067245	-0.0864679253	0.0700143669	-0.0729665022	-0.0032332804	-0.0539069551	0.098629989	0.0428904564	0.0574233056	-0.0102227054	0.0091186699	0.1036269957	0.0019888681	-0.0072260223	0.031416097	-0.0701366814	-0.079489063	0.0156534218	0.090218205	0.0461837883	0.0	0.0	-0.1535750285594446	0.0016293365437859	2.6547375729164995e-06	0.0235852893970342	-0.2007379992227242	-0.003893662288732	0.0402957443319424	1.5160606018693738e-05	0.4938683562176322	0.0248819106320893	0.0006191094767032	0.243905953273106	-0.0201646927930951	0.0004650673517286	0.0004066148354399	2.162876416439444e-07	-0.0021179387270904	-0.0002701689640063	7.299126911229133e-08	4.485664451709303e-06	-0.0039957688425126	-0.0005118283885189	2.61968299293854e-07	1.596616864279448e-05	0.0	0.0	0.0	0.0	0.0	0.0	0.0	0.0	0.0	0.0	0.0	0.0	0.0	0.0	0.0	0.0	0.0	0.0	0.0	0.0	0.0	0.0	0.0	0.0	0.0	0.0
2428.358565927705	1.6046951400339822	5896925.32471446	2.575046492448682	3005.710498046875	13.161086801382226	9034295.598069193	173.2142057935174	2817.0838401749816	4.004347892299848	16.03480204256623	7935961.362575021	2848.345302734375	1874.758419113513	0.68266	15.18221	0.0844488946792774	0.0512451953779967	-0.0272214919	-0.0635065128	0.028003764	0.0303062302	0.0081077293	-0.0025027524	-0.0103964291	-0.0201718186	0.0461381803	-0.0186450623	-0.0265298755	0.0454163987	0.0480615732	-0.0350273886	0.054500013	0.0586604807	0.1088255089	-0.0160174866	-0.0540143729	0.0033376642	-0.0691952122	-0.1127619459	-0.0550159344	0.0065842602	0.015096696	-0.01882568	-0.1866259883	-0.0435593488	0.0117621939	-0.0501455179	-0.0840291563	-0.0594670222	0.034245439	0.0468006813	-0.0603983913	-0.0963100472	-0.0693318069	0.0888278262	-0.0453878705	-0.0527206345	0.0342473547	0.059287599	0.0221939441	-0.0332904452	-0.0629921213	-0.0437828313	0.0177349656	0.0499134561	0.0018396253	0.0116072436	-0.0823739445	-0.0195469735	-0.0085960751	-0.0782179582	0.0986510051	0.043331054	-0.0182363033	0.0691617599	-0.0563006137	0.0057977133	0.0148443968	0.0030400292	0.0194965174	0.0483527188	0.0155927065	-0.0212110794	0.030276632	-0.0716703745	-0.0776190801	0.0203984606	0.0910934489	0.0397740572	0.0	0.0	-0.1438333810478838	0.0097416475115608	9.4899696239499e-05	0.0206880415036657	-0.1979196154476028	0.0028183837751213	0.0391721741789269	7.943287103867505e-06	0.490495738400412	-0.0033726178172202	1.1374550941031164e-05	0.2405860693889654	-0.0210769629704305	-0.0009122701773353	0.0004442383680568	8.322368764555614e-07	-0.0021708780723437	-5.293934525330002e-05	2.802574275848099e-09	4.712711604982698e-06	-0.0044008842314314	-0.0004051153889188	1.641184783388307e-07	1.9367782018461542e-05	0.0	0.0	0.0	0.0	0.0	0.0	0.0	0.0	0.0	0.0	0.0	0.0	0.0	0.0	0.0	0.0	0.0	0.0	0.0	0.0	0.0	0.0	0.0	0.0	0.0	0.0
2438.655522176487	10.296956248781951	5947040.7558418745	106.02730798932971	3034.3503662109374	28.63986816406259	9207282.14492445	820.2420484548859	2823.0850006757887	6.001160500807146	36.01392735644787	7969808.921040618	2854.4910530037714	1870.161638958561	0.7900979999999999	17.571617	0.1462984417704481	0.0980477824185395	-0.0334571411	-0.0660320857	0.0071622601	0.0039047086	-0.0460589821	0.0415361424	-0.0844596911	0.1049800623	0.0431387851	-0.0739599305	-0.0101453102	0.0511179611	-0.1028356682	-0.0303940528	-0.0258578769	0.0076519814	0.077213065	-0.037113605	0.0030732787	-0.0789412966	-0.0481623297	0.0716321052	-0.0069133899	0.0228156265	0.0393430841	-0.022162502	-0.0840069931	0.0797411742	-0.0643967048	0.0364635643	-0.0192919403	-0.0656283178	0.0161372296	0.0294015758	0.0096028076	0.0811726321	-0.0331135717	-0.0054579503	-0.0102150767	-0.1093809935	0.0085981752	0.0387295717	0.0335912275	-0.0457143457	-0.0652793289	-0.0067800025	-0.0205050973	0.0620076944	0.0377409011	0.0305772369	-0.0698196191	-0.0248209448	-0.008031128	-0.0697179339	0.0148291371	-0.0286107732	0.0204969109	-0.1125472528	0.0446563061	-0.0004833687	-0.0596174658	-0.031342815	0.069937806	0.0627589088	0.0312207324	-0.0723034276	0.0291318917	-0.0731541193	-0.0756273945	0.0250866452	0.0915720357	0.0331149692	0.0	0.0	-0.1453042795650958	-0.001470898517212	2.1635424479365237e-06	0.0211133336599315	-0.2132208100339312	-0.0153011945863283	0.0454631138315257	0.0002341265557686	0.5097685798204097	0.0192728414199976	0.0003714424164003	0.2598640049721174	-0.0227889661108659	-0.0017120031404353	0.0005193369764021	2.9309547528606703e-06	-0.0026490515805341	-0.0004781735081904	2.286499039351146e-07	7.017474276330213e-06	-0.0044157777277438	-1.489349631240023e-05	2.2181623240747924e-10	1.94990929408382e-05	0.0	0.0	0.0	0.0	0.0	0.0	0.0	0.0	0.0	0.0	0.0	0.0	0.0	0.0	0.0	0.0	0.0	0.0	0.0	0.0	0.0	0.0	0.0	0.0	0.0	0.0
2433.375439037267	-5.280083139220096	5921316.027309812	27.879277957076347	3014.793120868389	-19.557245342548413	9088977.56163536	382.4858453886316	2816.02704702158	-7.057953654208632	49.814709784956975	7930008.329557081	2847.807004310345	1863.6581657091283	0.811824	18.054802	0.0880059230022147	0.0679519634117301	-0.0376387733	-0.0464173224	0.0256390578	0.0387884215	-0.0263066083	-0.0016922732	-0.0787184332	0.0249882034	-0.051798261	0.0476001262	-0.0242811119	0.0876845482	-0.00406995	0.1039876781	0.0110895802	0.0547877331	0.0142575938	0.074759176	-0.0701908607	-0.0052775399	-0.0862531612	0.0421530724	0.0464908696	-0.0392943075	0.0395694495	0.0139956047	-0.0418955341	0.015179857	0.0985636296	0.0045000416	-0.0623242068	0.0270494309	0.0123536547	0.1216730102	-0.034099208	0.0566102392	-0.050131694	-0.0163486844	0.115232517	0.0150700565	-0.033456703	-0.0299119056	0.0267486857	-0.0337453802	-0.0721316142	0.0033764405	-0.0028929349	0.0247065557	0.0353951116	0.0231988405	-0.0435120699	-0.003686698	-0.028828967	-0.0693527139	0.0180716339	0.0334154236	0.0384442138	0.1267171293	0.0088719893	0.0070123499	-0.0291925842	0.0127526927	0.0498388192	0.0465620404	0.0238666415	-0.0478659049	0.0279820755	-0.0745868818	-0.0735171291	0.0297049088	0.0916518812	0.0262482726	0.0	0.0	-0.1446440854417829	0.0006601941233129	4.3585628045691286e-07	0.0209219114532897	-0.1978219940916261	0.0153988159423051	0.0391335413463873	0.0002371235324249	0.5178507708729114	0.0080821910525017	6.532181220913921e-05	0.2681694208936686	-0.0215206561752015	0.0012683099356643	0.0004631386422112	1.6086100929050315e-06	-0.0026543530091172	-5.3014285831000894e-06	2.8105145021710618e-11	7.045589897009534e-06	-0.0044120946543094	3.683073434400039e-06	1.3565029923183296e-11	1.9466579238585583e-05	0.0	0.0	0.0	0.0	0.0	0.0	0.0	0.0	0.0	0.0	0.0	0.0	0.0	0.0	0.0	0.0	0.0	0.0	0.0	0.0	0.0	0.0	0.0	0.0	0.0	0.0
2428.517996080237	-4.857442957029889	5897699.65728557	23.59475208079927	3003.7736703725964	-11.019450495792626	9022656.26282366	121.42828922922436	2818.6009897451418	2.573942723561686	6.625181144176149	7944511.539392292	2848.6425609509697	1896.4650906027744	1.01971	22.678139	0.0962544039056872	0.0545690264921336	-0.0253646428	-0.0033947878	0.0233227562	0.1008437146	0.1008897561	-0.0170254815	-0.0129007195	-0.0192183657	-0.0939024446	-0.0184000399	0.0735835372	0.0272042944	-0.0805395706	-0.0105229797	0.0046215812	-0.0260169077	0.0233913174	0.0509918504	-0.0615201167	-0.0454468586	0.0340187588	-0.0177623223	0.042404529	-0.0028549176	-0.0075479315	-0.0071756314	0.0492787958	0.0705127855	-0.0455571731	-0.0071745789	0.0143409205	-0.0127398368	0.005972606	0.0774486798	-0.0202188447	0.0434611059	0.0118399436	-0.0337705931	-0.0113094286	0.0556618246	0.0446411808	0.0282900871	0.0257270483	-0.0328057081	-0.0726077121	0.020295418	0.0283822092	0.030625926	0.0383451166	0.0118357061	-0.0313431226	-0.0103811943	-0.0071941033	-0.0567783254	-0.0399369598	-0.0190919815	-0.0385857624	-0.0566214858	-0.0455504017	0.0678861614	-0.0536163443	0.0659046642	0.1032886449	-0.0501380386	0.0478215246	0.042582819	0.0268273839	-0.0759676635	-0.0712915927	0.0342403795	0.091332638	0.0192170168	0.0	0.0	-0.1439111006086477	0.0007329848331351	5.372667656062249e-07	0.0207104048783923	-0.1874797474773117	0.0103422466143144	0.0351486557141565	0.0001069620650312	0.5477483623946142	0.0298975915217027	0.0008938659787985	0.3000282685059816	-0.0217407632872151	-0.0002201071120135	0.0004726607883107	4.844714075896611e-08	-0.0017869606655933	0.0008673923435238	7.523694776038832e-07	3.19322842037765e-06	-0.0043939624911162	1.813216319319997e-05	3.2877534206483564e-10	1.9306906373336083e-05	0.0	0.0	0.0	0.0	0.0	0.0	0.0	0.0	0.0	0.0	0.0	0.0	0.0	0.0	0.0	0.0	0.0	0.0	0.0	0.0	0.0	0.0	0.0	0.0	0.0	0.0
2449.546308031993	21.028311951755768	6000277.115193167	442.18990354035446	3006.365578988882	2.591908616285764	9038233.994529156	6.717990275176383	2816.463749876264	-2.137239868877714	4.567794257120427	7932468.054367067	2849.0934890220906	1988.7377601635328	1.786877	39.73978	0.6011666419930595	0.4516724511330854	0.0956598129	0.0289898645	0.0175168933	-0.1534632572	-0.0381841819	-0.0111962324	0.0820062838	0.016709919	0.05225605	0.0277553364	-0.0382029008	-0.0927125521	-0.0144693513	-0.0250615992	-0.0223089309	0.0099439159	-0.1356594453	-0.0026979982	-0.0770032154	0.0360492442	-0.0333127018	-0.0176160913	-0.0324404783	-0.0242630836	0.0232779909	-0.0191503992	-3.6029e-06	-0.0163913466	-0.0282447461	0.0506172382	0.0289176125	0.091092202	-0.0702239137	-0.0094202286	-0.093793526	-0.0341765788	0.0158103033	-0.0128335709	-0.0185026896	-0.0515319957	0.0383987006	0.0159695942	-0.1010886902	0.0296638569	0.011778849	-0.0461484963	-0.2670667914	0.0971355775	0.0094689428	-0.1784743776	-0.1063402733	0.0913673836	0.0520842095	0.075031698	-0.08612471	-0.109140032	0.1424987651	0.0383503587	0.0403470929	-0.0151186096	0.0427142405	0.0778351701	0.0897941108	0.1556825093	0.1917574569	0.122193129	0.0256680179	-0.0772955021	-0.0689542748	0.0386804161	0.0906156961	0.0120652831	0.0	0.0	-0.1296085895586287	0.014302511050019	0.0002045618223359	0.016798386487377	-0.2161196157297951	-0.0286398682524834	0.0467076883031943	0.0008202420535196	0.1155059153701572	-0.432242447024457	0.1868335330096905	0.0133416164854979	-0.0201093865284595	0.0016313767587556	0.0004043874265509	2.6613901290079284e-06	-0.0026604614706058	-0.0008735008050124	7.63003656357485e-07	7.078055236577975e-06	-0.0044087212406701	-1.4758749553899985e-05	2.1782068839474296e-10	1.9436822977935703e-05	0.0	0.0	0.0	0.0	0.0	1.0	0.0	0.0	0.0	0.0	0.0	0.0	0.0	0.0	0.0	0.0	0.0	0.0	0.0	0.0	0.0	0.0	0.0	0.0	0.0	0.0
2452.272068573499	2.725760541506133	6013638.298305747	7.42977052963181	3157.6566969651444	151.29111797626229	9970795.815888826	22889.002378507317	2812.885242960374	-3.5785069158901024	12.805711747073293	7912323.390064242	2853.3679884496228	1943.2989375779207	2.680441	59.612453	1.838967675698841	1.1169510163543366	0.1992911739	0.2585234682	-0.2834939803	-0.1439270742	0.1094180077	0.3677421998	0.1585853689	0.1900035159	0.2235992962	-0.0258993353	0.3542945229	-0.1637367011	0.1482195986	-0.1773211323	-0.1054132919	0.0197006096	-0.1761505781	0.2256745247	0.2544950513	0.1631863759	0.3324573195	0.0468869424	0.116960902	0.0297697872	-0.117672093	-0.0693760423	-0.0141110191	-0.3021858065	-0.1612372032	0.1186830748	0.0415059527	0.2874017302	0.2075367089	-0.0532499717	0.1065979705	0.0711212768	0.3235902546	0.1563802659	0.0614156057	0.1129043461	0.192827514	-0.1405841666	-0.2557473319	0.1569662786	0.3289912824	0.0192509713	-0.1087544561	0.3068791502	-0.4751241717	0.2747990838	0.2577127603	-0.1845443836	0.0446086623	-0.2621007178	-0.0712432516	0.0582715788	-0.0850832821	-0.0360602491	-0.025783056	0.0516162936	0.1090314712	0.0277625486	-0.0031685154	0.1300221141	-0.0766113966	-0.1441672868	0.0245041797	-0.0785694722	-0.0665088402	0.0430126435	0.0895041772	0.0048379081	0.0	0.0	-0.1182927386961694	0.0113158508624593	0.0001280484807414	0.0139931720282402	-0.0613015517451458	0.1548180639846493	0.0037578802463627	0.0239686329359549	-0.85047412197585	-0.9659800373460072	0.9331174325509936	0.7233062321505931	-0.016115749534072	0.0039936369943874	0.0002597173830449	1.5949136442940407e-05	-0.0112430442454758	-0.00858258277487	7.366072708749523e-05	0.0001264060439057	-0.0028478665398131	0.001560854700857	2.436267397187395e-06	8.11034382858704e-06	0.0	0.0	0.0	0.0	0.0	0.0	1.0	0.0	0.0	0.0	0.0	0.0	0.0	0.0	0.0	0.0	0.0	0.0	0.0	0.0	0.0	0.0	0.0	0.0	0.0	0.0
2449.133612519923	-3.1384560535757373	5998255.451974889	9.84990640022619	3016.2046095628007	-141.45208740234375	9097490.246747889	20008.69303048029	2820.5601873267697	7.674944366395721	58.90477102726941	7955559.770332822	2845.0323255657327	1899.0384417479336	2.911533	64.751892	1.5540857203575351	1.167381829253344	0.0601411776	0.0069093894	0.0973391588	-0.036877142	-0.0372014416	0.0019090902	0.0565047411	0.0747019764	-0.0117054617	0.0195154779	-0.0863604357	-0.1459439236	0.0230010494	-0.0917154717	-0.0145225473	0.0350919543	-0.0971799362	-0.0481318199	-0.0005675446	0.1056750829	0.0168373039	0.0921521562	-0.021183388	0.0360859456	-0.0657322996	-0.1794867196	0.1221063045	-0.0304026993	-0.0513774231	-0.0053652945	0.0272028823	0.0400750892	-0.1619018111	-0.0277658122	0.0581906374	-0.1348626523	0.0310128777	0.0462970829	-0.0063563084	-0.0351530701	-0.0764901945	-0.0608491949	-0.0613966968	0.0442066927	-0.0028982843	0.0137895851	-0.0435569095	-0.2131966403	-0.0559999137	-0.031814492	0.2110834999	0.0141091701	0.0577412077	0.0984240624	0.122453852	-0.0207668038	-0.0484698389	-0.0116382532	0.0826871681	0.1342122453	-0.0590934384	0.0078711041	0.010715267	-0.0110947314	-0.0250875765	-0.0423167509	0.0233360719	-0.0797886859	-0.0639591232	0.0472249869	0.0880029215	-0.0024197973	0.0	0.0	-0.1019405794132097	0.0163521592829596	0.0002673931132152	0.0103918817311009	-0.1611565706497657	-0.0998550189046199	0.0259714402635929	0.009971024800442	0.2824540670733455	1.1329281890491956	1.28352628154229	0.0797803000062739	-0.0177476615738122	-0.0016319120397402	0.0003149794913385	2.66313690544902e-06	-0.0074162217965927	0.003826822448883	1.4644570055275644e-05	5.500034573625666e-05	-0.003488139113605	-0.0006402725737918	4.099489687501037e-07	1.2167114475861074e-05	0.0	0.0	0.0	0.0	0.0	0.0	0.0	1.0	0.0	0.0	0.0	0.0	0.0	0.0	0.0	0.0	0.0	0.0	0.0	0.0	0.0	0.0	0.0	0.0	0.0	0.0
2451.681402337297	2.547789817373996	6010741.6985665765	6.491232953514619	2944.561146897536	-71.64346266526445	8670440.347818533	5132.785742669142	2813.036892599065	-7.523294727704524	56.59996355990669	7913176.559123404	2837.175714237608	2023.361465088551	1.946706	43.294327	0.5614116378856296	0.475209458722353	0.195298041	0.0340127749	0.0291212136	-0.2723164857	-0.0519238088	-0.1541308068	0.2009697939	0.0338742224	0.0166588498	0.2708655514	-0.1638620606	-0.1889850345	0.1006314044	-0.0196120418	-0.0923185437	-0.0071255712	0.03048067	0.2004215206	0.0534036187	0.1367664905	-0.0175575178	-0.0250135584	-0.1702968983	0.129250402	-0.0096924533	-0.2437648743	0.1595357819	-0.1465460603	0.0078242187	0.032026925	0.0732972045	0.0231932338	0.0902924511	0.1509950543	0.0978444919	-0.2263693909	0.0499408417	-0.0020884423	-0.1272270944	-0.1678983591	-0.0825863781	-0.1836800764	-0.1957490363	0.0999344988	0.1219431075	-0.0380067314	-0.3629893997	0.0236705828	-0.1404283004	-0.081246753	0.0957509564	0.086718784	0.1548451083	0.1269885435	0.005627261	-0.0439661089	0.0598452695	-0.0011746384	-0.0358021665	-0.0412617261	-0.0126600135	0.0811654063	-0.0200281981	0.1193416715	0.0796367589	0.0432704293	0.0221638981	-0.0809522936	-0.0613091217	0.0513057058	0.0861184661	-0.0096623322	0.0	0.0	-0.0900527460095617	0.011887833403648	0.0001413205830328	0.0081094970638626	-0.1748176967878976	-0.0136611261381318	0.0305612271102253	0.0001866263673619	-0.1957918338867443	-0.4782459009600898	0.228719141785128	0.0383344422167344	-0.0186688968421532	-0.0009212352683409	0.0003485277093029	8.486744196353109e-07	-0.0075020461792787	-8.582438268599918e-05	7.365824663432836e-09	5.628069687603013e-05	-0.0033428632169568	0.0001452758966481	2.1105086146938482e-08	1.1174734487282764e-05	0.0	0.0	0.0	0.0	0.0	0.0	0.0	0.0	1.0	0.0	0.0	0.0	0.0	0.0	0.0	0.0	0.0	0.0	0.0	0.0	0.0	0.0	0.0	0.0	0.0	0.0
2434.4318997683235	-17.24950256897364	5926458.674609609	297.5453388770282	3002.755245267428	58.19409836989189	9016539.062981052	3386.553085084654	2817.158606456734	4.121713857668965	16.98852512450038	7936382.613933248	2837.149337284483	1889.5971367259667	2.097894	46.656723	0.6390080201391236	0.5009441659804927	0.0512085268	-0.0213768169	0.0950980428	0.0069601145	-0.0260264223	-0.0238858089	0.0683263533	0.0730704596	-0.0590334576	-0.0130742456	-0.1438305418	-0.0196232553	-0.0854597727	-0.1061448868	-0.0279410543	-0.0787972472	-0.0725207888	-0.0107937319	-0.083199997	0.1130986587	-0.0969737146	0.0356329342	0.0159129359	-0.0300543868	-0.1064095688	-0.1060046158	0.1544298866	0.0618720932	-0.0875844082	-0.0048629723	0.1395963687	0.0201068567	-0.1369824756	0.0537723407	0.0267731204	-0.156642511	-0.0640533507	0.092235405	0.0732637362	0.0023402228	-0.1356084211	-0.0258661107	-0.0512009256	0.0314221895	-0.0265665425	-0.0012933939	0.0146947227	-0.1986724894	-0.0745241558	-0.0165133863	0.1623416569	0.0184044878	0.054128853	0.0624736385	0.0929377029	-0.0108027517	-0.0022945761	-0.0609570536	0.0921640031	-0.0230475679	-0.0544411219	-0.0597695718	0.0069098603	-0.1339455507	-0.0715313065	-0.0260675601	0.0209878625	-0.0820594844	-0.0585629907	0.0552434265	0.0838590164	-0.0168442907	0.0	0.0	-0.1046185989124381	-0.0145658529028764	0.0002121640707882	0.0109450512384015	-0.1149399655777898	0.0598777312101078	0.0132111956870235	0.0035853426948699	0.296627798637445	0.4924196325241893	0.2424770944952576	0.0879880509244966	-0.0192114552564911	-0.0005425584143379	0.0003690800130721	2.943696329688594e-07	-0.0066146949431094	0.0008873512361692	7.873922163311833e-07	4.3754189190397074e-05	-0.003329876797425	1.2986419531799912e-05	1.6864709225591426e-10	1.1088079486029374e-05	0.0	0.0	0.0	0.0	0.0	0.0	0.0	0.0	0.0	1.0	0.0	0.0	0.0	0.0	0.0	0.0	0.0	0.0	0.0	0.0	0.0	0.0	0.0	0.0	0.0	0.0
2429.238825130796	-5.193074637527388	5901201.26952285	26.968024190930212	2990.882149564303	-11.873095703125273	8945376.032582385	140.97040157557183	2814.9908490097314	-2.167757447002714	4.699172349035724	7924173.480008529	2842.0325816608297	1881.918882632366	0.884355	19.667864	0.2896878453795813	0.1946949286213821	0.0131576596	-0.0276836788	0.0568304312	0.0118431685	-0.071409852	-0.0489189407	0.0195533971	-0.0209644764	-0.0417435748	0.0628023073	-0.0557769058	0.0476616229	0.0710672171	0.0729661201	-0.0202265339	0.0249657848	0.0511712593	0.0317759298	-0.0403625374	0.0054376657	-0.0645508382	0.0744645058	0.0988715697	0.0467042272	0.0171409153	-0.0748745365	0.1033432988	-0.0434197606	0.0947543143	-0.007821944	-0.016045813	-0.0429423237	-0.0230009249	0.0700883111	0.0319278239	-0.0023224885	-0.0783982855	-0.0359982394	0.0704211751	-0.0408502988	-0.0509467111	-0.1105646024	-0.0272821484	-0.0012017973	-0.0449021633	0.0269862839	-0.0188274307	-0.1333800415	-0.0498810924	0.0236679054	0.1423173952	0.0278300438	0.0360198902	0.0726202526	0.0968982689	0.1019330704	0.0162362441	0.0961144762	0.0003134454	-0.0050173659	-0.1022195938	-0.0612282157	-0.0022740697	-0.091868764	-0.0078073273	-0.0583208174	0.0198081701	-0.0831094865	-0.0557250359	0.0590271739	0.0812344112	-0.0239206467	0.0	0.0	-0.1073325017469386	-0.0027139028345005	7.365268595109852e-06	0.0115202659312565	-0.1357071000570329	-0.0207671344792431	0.0184164170058895	0.0004312738744789	0.4219540932425829	0.1253262946051379	0.0157066801194538	0.1780452568041703	-0.0217500378171079	-0.0025385825606167	0.0004730641450456	6.444401417067734e-06	-0.0068714333383632	-0.0002567383952537	6.591460359749624e-08	4.721659612356923e-05	-0.0033521661107684	-2.2289313343399828e-05	4.968134893202615e-10	1.123701763418414e-05	0.0	0.0	0.0	0.0	0.0	0.0	0.0	0.0	0.0	0.0	0.0	0.0	0.0	0.0	0.0	0.0	0.0	0.0	0.0	0.0	0.0	0.0	0.0	0.0	0.0	0.0
2428.0200430512846	-1.218782079511584	5895281.329458762	1.485429757338581	3007.0050095778247	16.12286001352186	9042079.127626134	259.94661501562206	2817.2843253152414	2.293476305510012	5.260033563935854	7937090.969666955	2844.353790746228	1880.2784501743463	0.691377	15.376078	0.158779084535134	0.0949763062913176	0.0001094364	-0.024302871	0.0465810673	0.026070554	-0.0804691091	-0.0410585844	-0.013983951	0.0226400105	-0.06210428	0.048014822	0.0075313673	0.072080909	-0.0243777446	-0.0462156096	-0.0066268812	-0.0480979041	0.049199357	0.0029549131	0.0032394192	-0.0726974735	-0.0273551915	0.12061788	0.1043870679	0.0171926179	0.1216425153	-0.0644617824	0.1384829342	0.0187400821	-0.0502667955	-0.0265699926	0.0467630525	-0.0618992046	-0.009373156	0.0330731947	0.0177747016	0.0671635479	-0.0317923055	-0.087456326	0.0509384175	-0.0392078445	-0.0481994258	-0.1268142813	-0.0113823366	-0.012053631	-0.0505616629	0.0478793074	0.0014121888	-0.1155578898	-0.0406376978	0.0448604569	0.1618479187	0.0236964497	0.0441820422	0.0710024019	0.0262797205	0.0731653167	-0.0072324669	-0.0843606042	0.0439448186	-0.0222892081	-0.1403605748	-0.1090885815	0.0305086365	-0.1435698851	1.29499e-05	-0.0166485958	0.0186250264	-0.0841015683	-0.0527997072	0.062646402	0.078256079	-0.0308470363	0.0	0.0	-0.107019065870574	0.0003134358763646	9.8242048592449e-08	0.0114530804598102	-0.1555999288818981	-0.0198928288248652	0.0242113378680517	0.0003957246386553	0.479035039727222	0.0570809464846391	0.0032582344515822	0.2294745692864611	-0.0229596314256507	-0.0012095936085428	0.0005271446752017	1.4631166978275958e-06	-0.0072738582988012	-0.000402424960438	1.6194584878352598e-07	5.290901455103909e-05	-0.0033699850087729	-1.781889800450036e-05	3.1751312609478697e-10	1.1356798959354084e-05	0.0	0.0	0.0	0.0	0.0	0.0	0.0	0.0	0.0	0.0	0.0	0.0	0.0	0.0	0.0	0.0	0.0	0.0	0.0	0.0	0.0	0.0	0.0	0.0	0.0	0.0
2427.0817049606203	-0.9383380906642742	5890725.602554551	0.8804783723914756	3012.903338153545	5.89832857572037	9077586.525056776	34.790279987159494	2816.950394479852	-0.3339308353893102	0.1115098028238026	7935209.524960195	2845.896109913793	1885.872592710822	0.764379	16.999626	0.125257363450965	0.0603583371832003	-0.0059901294	0.0068023388	0.0532743415	0.0636687118	-0.0522516399	-0.0274035987	-0.0177732761	-4.3535e-05	-0.0428116316	0.0471205371	0.0907266772	0.1071648494	0.0156603826	0.0860292841	-0.0708311317	0.0247897654	0.0021176213	0.0318712398	-0.0771970824	0.0100285557	0.0622872878	0.0069166064	0.0934898539	0.1135004327	0.0127376646	0.0242128846	0.1115980867	-0.0049917112	0.0875735604	0.0567417124	-0.0038033931	-0.0170077776	-0.0340547595	0.0869325104	-0.0070788537	0.0408676723	-0.0021580773	0.0157270284	0.0296888338	0.0659118295	0.0109893652	-0.164328789	-0.0096297726	-0.0044719239	-0.0617004525	0.0617279745	-0.0001028687	-0.1086738507	-0.0097579504	0.0347370087	0.1381947642	0.036159522	0.0350264679	0.0906597206	0.0204219693	0.1214391038	0.0069004317	0.1086068167	0.042416107	0.0358593984	-0.0862146899	-0.0610355144	0.0500229137	-0.051846907	0.0013879617	-0.0171438047	0.0174386375	-0.0850350384	-0.0497915913	0.0660910233	0.0749369886	-0.0375800356	0.0	0.0	-0.1067875031275349	0.000231562743039	5.36213039637891e-08	0.0114035708242132	-0.1765847629668115	-0.0209848340849133	0.031182178512045	0.0004403632615713	0.5148852852291697	0.0358502455019476	0.0012852401025499	0.2651068569455234	-0.0227483948387708	0.0002112365868798	0.0005174894677406	4.462089563666908e-08	-0.006588771193261	0.0006850871055401	4.69344342177449e-07	4.341190583714598e-05	-0.0038374757387741	-0.0004674907300011	2.185475826370547e-07	1.4726220045679824e-05	0.0	0.0	0.0	0.0	0.0	0.0	0.0	0.0	0.0	0.0	0.0	0.0	0.0	0.0	0.0	0.0	0.0	0.0	0.0	0.0	0.0	0.0	0.0	0.0	0.0	0.0
2427.8508120419647	0.769107081344373	5894459.565532827	0.59152570257406	3000.842199707032	-12.061138446513269	9005053.907542538	145.47106062596052	2808.262384068896	-8.68801041095594	75.4815249008788	7886337.61777632	2837.3999754175647	1901.5942169917976	0.80164	17.828312	0.1160282041267242	0.0667547657550568	-0.0039816477	0.0164289737	0.0334036215	0.0441600395	-0.0386281558	-0.0443397061	0.0022251455	0.0206608985	-0.087871544	0.0428993853	0.1006976078	0.0772006339	0.0385748468	-0.1252907919	0.159522036	-0.0931383668	-0.0132999152	-0.0905422513	0.026501734	0.0581184824	-0.0132878558	0.0476004539	0.1350375281	0.0410421217	-0.0521951604	0.0929689461	0.097470299	-0.0294999429	-0.0887114718	-0.1910566348	0.035351824	-0.0352890092	-0.0619101025	-0.0769780081	0.0728635841	0.0648964942	-0.0019914539	0.0655222461	0.0821894372	0.0426699758	0.0451819821	-0.0313360835	-0.0045783981	-0.0095692414	-0.0534184621	0.0800524045	-0.0191010907	-0.0963380571	-0.0025947308	0.0395760481	0.1314164661	0.0438558647	0.0498754418	0.1057113426	0.0047366037	0.0654303479	-0.0326177432	-0.0259747351	-0.0699830619	0.0377921936	-0.1564641819	0.011925678	0.0544989686	-0.1195541492	0.0633250418	0.0395696775	0.0162492101	-0.0859092462	-0.0467054048	0.069351437	0.0712915927	-0.0440774331	0.0	0.0	-0.1264294291319316	-0.0196419260043966	0.0003858052571621	0.0159844005506261	-0.1844129896939534	-0.0078282267271418	0.0340081507678621	6.128113369153871e-05	0.5359419696341803	0.0210566844050106	0.0004433839581322	0.2872337948153646	-0.0238577595698847	-0.0011093647311139	0.0005691926916944	1.230690106639416e-06	-0.0066518695453028	-6.30983520417995e-05	3.981402030390864e-09	4.424736844772688e-05	-0.0036599114821263	0.0001775642566478	3.1529065238885825e-08	1.3394952056999929e-05	0.0	0.0	0.0	0.0	0.0	0.0	0.0	0.0	0.0	0.0	0.0	0.0	0.0	0.0	0.0	0.0	0.0	0.0	0.0	0.0	0.0	0.0	0.0	0.0	0.0	0.0
2432.0633709258545	4.212558883889869	5914932.240199231	17.74565235023946	2998.2851271409254	-2.557072566106399	8989713.703634474	6.538620108333964	2814.237787257858	5.975403188961991	35.70544327065713	7919934.323230006	2843.5523562095905	1887.2349714134723	0.940892	20.925238	0.3297222260758963	0.2005359917146665	0.0307369712	0.0411522779	0.0898404677	0.0783639162	-0.0164558059	-0.0376906738	-0.0083642071	0.0671124668	-0.1380658839	-0.002367883	-0.006361868	-0.0241745434	0.017395803	0.015639618	-0.0436012461	-0.0168293378	-0.05145672	-0.0840162708	-0.0116877556	0.0320930462	0.0154699949	0.0622103361	-0.013671401	0.1012964367	0.021320117	0.0891319065	0.0249621308	-0.0101282422	0.022981582	0.0323641677	0.0388315832	-0.012624525	-0.0932668759	-0.0286874414	0.0543865432	0.0536636169	0.0116560982	0.0296057361	0.0210186075	-0.0165975028	0.0444336599	0.0087349165	-0.0431528627	0.0343591016	-0.05806742	0.0472579591	0.0129985548	-0.1665669006	0.0357461569	0.0450041448	0.0513507908	0.0183932816	0.0244885014	0.019188852	0.0865493323	0.0257569049	0.0217510198	-0.014029883	0.0757056164	0.1348144162	-0.0804779229	0.0452958849	0.0628728116	0.1094047264	-0.0178503588	0.1141153771	0.0150569516	-0.0867235824	-0.0435459867	0.0724185559	0.0673357648	-0.0502984945	0.0	0.0	-0.1427000923234231	-0.0162706631914915	0.0002647344806909	0.0203633163491134	-0.1597949471880042	0.0246180425059492	0.025534425146817	0.0006060480168247	0.4104140478725497	-0.1255279217616305	0.015757259141794	0.1684396906911315	-0.0212802809952828	0.0025774785746019	0.0004528503592381	6.643395802531852e-06	-0.0059662595268081	0.0006856100184946	4.7006109746030203e-07	3.559625274122842e-05	-0.0036629348613662	-3.0233792398999017e-06	9.140822028257708e-12	1.3417091798611822e-05	0.0	0.0	0.0	0.0	0.0	0.0	0.0	0.0	0.0	0.0	0.0	0.0	0.0	0.0	0.0	0.0	0.0	0.0	0.0	0.0	0.0	0.0	0.0	0.0	0.0	0.0
2440.396417134871	8.33304620901663	5955534.672764716	69.43965912160641	3037.1063927283653	38.82126558743994	9224015.240751505	1507.0906618105485	2820.28627772638	6.048490468521777	36.58423694779879	7954014.688331719	2853.721296807651	1902.3038302249115	0.995814	22.146698	0.2090888339122283	0.1099019583145513	0.0032060083	-0.0085678382	0.0664221323	0.0203382821	-0.0563370162	0.0553705343	-0.0037246176	0.0356149813	0.0209584068	0.0252885049	0.0007574603	0.0882964751	0.0683850258	-0.0735245497	0.0510388882	0.0885732729	0.0497004339	-0.08940949	0.0736050553	-0.0455760517	-0.0386274868	0.0197589113	-0.0119550073	0.09861106	0.0349446611	-0.0576682984	-0.0548185311	-0.0657886933	-0.0500120269	-0.0611412855	-0.1158027179	-0.041482604	-0.0147317729	-0.0737857245	0.0614739191	0.0177528956	-0.0895764378	0.0191681153	-0.0582780766	-0.101042269	0.0033094904	-0.0698604604	-0.025298178	0.0112637482	-0.0547608002	0.0250960446	-0.0158183251	-0.1155975575	0.0258490276	0.039750752	0.0107481814	-0.0256791084	0.0061585768	-0.0413898231	0.1790065196	-0.0091866048	-0.0503356383	-0.024659678	-0.0753908641	0.0075666266	-0.021950836	0.0283392349	0.0077543821	-0.0015036865	0.0881878072	-0.0692648832	0.0138620696	-0.0874774795	-0.0403182907	0.0752838312	0.0630867301	-0.0562042179	0.0	0.0	-0.1184104890202348	0.0242896033031883	0.0005899848286262	0.0140210439100111	-0.1391328814038672	0.0206620657841369	0.0193579586877425	0.000426920962468	0.4431073174581428	0.0326932695855931	0.0010688498761962	0.1963440947849513	-0.0230050220001868	-0.0017247410049039	0.000529231037229	2.974731533997257e-06	-0.0050722036641799	0.0008940558626282	7.993358854998551e-07	2.5727250010920006e-05	-0.0036528538241122	1.008103725399969e-05	1.016273121165296e-10	1.3343341060331125e-05	0.0	0.0	0.0	0.0	0.0	0.0	0.0	0.0	0.0	0.0	0.0	0.0	0.0	0.0	0.0	0.0	0.0	0.0	0.0	0.0	0.0	0.0	0.0	0.0	0.0	0.0
2442.738199508619	2.3417823737477192	5966969.91133861	5.483944685995502	3047.620842097356	10.51444936899088	9287992.797186198	110.55364553307274	2824.093412105568	3.807134379188028	14.494272181195411	7975503.600298069	2856.419190463362	1891.2046574765047	0.833912	18.546036	0.3532517315427261	0.2176057291044708	-0.0262503738	-0.0089038232	0.0240088781	-0.0174040515	-0.1132291542	0.0745598655	-0.0683803957	0.0395850364	0.0544040697	0.026633772	-0.0693656065	0.0700004728	-0.0525509768	0.0078941846	-0.0478220095	0.0457988907	-0.0164479509	-0.0702031528	0.0343275408	-0.0001776929	-0.0058502686	0.0595678352	0.0214895059	0.037467684	-0.070244821	-0.0782461119	-0.0026965168	0.0487199546	-0.0189082352	0.0675291917	-0.0457068761	-0.0018906998	-0.0581574893	-0.02556664	0.0617495965	0.0801790184	-0.0459024983	0.0276180541	0.0147778952	0.0007282251	0.0217321665	0.0647477913	0.0149026093	-0.0183309868	-0.0465383174	0.0734922655	-0.0206842954	-0.0588738396	0.0459985644	0.0767894179	-0.0124707709	-0.0296467064	0.0223886791	0.0200355719	0.0494269674	-0.0607693391	0.0288192499	-0.047025589	0.0728884724	0.040294372	0.0388898584	-0.0403312958	0.0143923802	0.0001950843	0.0497388283	-0.0828710251	0.0126647723	-0.0881704121	-0.0370273778	0.077939277	0.0585629907	-0.0617575784	0.0	0.0	-0.1408398858277308	-0.022429396807496	0.0005030778411481	0.0198358734399682	-0.1933374024979031	-0.0542045210940358	0.0373793512046361	0.0029381301070337	0.565511514933867	0.1224041974757241	0.014982787559676	0.3198032735227972	-0.025964117658761	-0.0029590956585742	0.0006741354057979	8.756247116592682e-06	-0.0050650088593113	7.194804868600017e-06	5.1765217097230516e-11	2.565431474490196e-05	-0.0035348719642456	0.0001179818598666	1.3919719257582112e-08	1.2495319803609545e-05	0.0	0.0	0.0	0.0	0.0	0.0	0.0	0.0	0.0	0.0	0.0	0.0	0.0	0.0	0.0	0.0	0.0	0.0	0.0	0.0	0.0	0.0	0.0	0.0	0.0	0.0
2438.1859223273686	-4.552277181250247	5944750.591835361	20.72322753493169	3028.461741286057	-19.15910081129914	9171580.518433375	367.07114389752337	2813.811651456658	-10.281760648909769	105.7146020414694	7917536.009873246	2845.4863963160024	1896.9507294998289	0.697881	15.520718	0.0744058699829364	0.0586676777512889	-0.0274036164	-0.0049813493	0.0116678656	-0.0254977219	-0.1141823021	0.0423925133	-0.0292525233	-0.0028449487	0.0856229965	0.086971823	-0.0495901051	0.0387784183	0.0771217905	0.0246731118	0.0910167072	0.0417001206	0.0622164538	-0.0175583751	0.0432492434	0.044049619	-0.0603970217	0.0063520585	0.0251862627	-0.0443017659	-0.114952586	-0.1221959934	-0.1126325479	-0.054766424	0.0601894914	-0.0779503066	-0.0763738274	-0.0004285602	0.0329591951	0.0070355111	0.048475985	-0.0166436235	-0.0675484788	0.0824309856	0.0498077275	-0.0033361862	0.0061185692	0.0746708836	0.017543078	-0.0261695337	-0.0378907977	0.0791905963	-0.0332120484	-0.022657917	0.0479470657	0.067139861	-0.0141145933	-0.0261693423	-0.0009411705	0.0288707811	0.0182598227	-0.006645056	0.0080386236	0.0602878155	-0.0782839349	-0.0050908306	0.020902903	-0.0261195364	-0.0842387613	-0.022488829	0.0487501882	-0.0464365595	0.0114652683	-0.0888018974	-0.0336784079	0.0803774921	0.0537842446	-0.0669237601	0.0	0.0	-0.1433219757085311	-0.0024820898808003	6.16077017637132e-06	0.0205411887209967	-0.1910517984071589	0.0022856040907441	0.0365007896746096	5.22398605962656e-06	0.5548056827997101	-0.0107058321341568	0.0001146148416847	0.3078093456668525	-0.0271165927129749	-0.0011524750542139	0.0007353096003613	1.3281987505853334e-06	-0.0050602506030901	4.758256221200179e-06	2.2641002266590203e-11	2.560613616607372e-05	-0.0035562855313552	-2.141356710960024e-05	4.5854085635735317e-10	1.2647166780526338e-05	0.0	0.0	0.0	0.0	0.0	0.0	0.0	0.0	0.0	0.0	0.0	0.0	0.0	0.0	0.0	0.0	0.0	0.0	0.0	0.0	0.0	0.0	0.0	0.0	0.0	0.0
2434.7721272009144	-3.4137951264542608	5928115.311394465	11.653997165402862	3017.2200129582334	-11.241728327823694	9103616.606595682	126.3764557965937	2816.0331819471094	2.221530490451187	4.9351977200042905	7930042.881827162	2846.66993787042	1895.44150827399	0.747306	16.619926	0.0949908934793856	0.0435507401291683	-0.0319905652	0.0018262254	0.0136050995	-0.0073462782	-0.0770555651	0.0140219233	-0.0269358415	0.0083840954	0.0794934838	0.0301460041	-0.0325180572	0.0102083584	-0.0809626196	0.0568558397	-0.0120176359	-0.0562187909	-0.0046412957	0.0813487465	0.0863563085	-0.1207777447	-0.002839981	0.0150572767	0.0109135824	0.1068322275	0.0112465408	-0.0100109736	-0.0221942611	0.0744308542	-0.0027428398	0.0284905525	0.0453961119	0.0373598128	0.0830478811	0.0269083242	0.0834576176	0.1151193147	-0.0560152329	-0.0776633239	-0.0761962059	0.0318742611	0.0433698183	0.0258517795	0.029590331	-0.0225456398	-0.0422496297	0.0861438354	0.0203090794	-0.0147121557	0.045865743	0.0626407042	-0.0149865735	-0.0520318172	-0.013690917	0.0261366607	-0.0478946015	-0.0658915656	-0.0191294565	-0.0956834766	0.0264111679	0.0321108773	0.0846486123	-0.0456254469	-0.0681769637	-0.0170539634	0.0688014981	-0.0197876953	0.0102637667	-0.0893714952	-0.030276632	0.0825916807	0.0487713005	-0.0716703745	0.0	0.0	-0.1530405060630073	-0.0097185303544761	9.44498322508748e-05	0.0234213964960213	-0.184885951471827	0.0061658469353319	0.0341828150516427	3.80176684299421e-05	0.5859648679135177	0.0311591851138075	0.0009708948169565	0.3433548264289062	-0.02738978267347	-0.0002731899604951	0.0007502001948999	7.463275451531442e-08	-0.0046312196596358	0.0004290309434543	1.8406755044128705e-07	2.144819553579713e-05	-0.0032995598137892	0.0002567257175659	6.590809405977753e-08	1.088709496477262e-05	0.0	0.0	0.0	0.0	0.0	0.0	0.0	0.0	0.0	0.0	0.0	0.0	0.0	0.0	0.0	0.0	0.0	0.0	0.0	0.0	0.0	0.0	0.0	0.0	0.0	0.0
2434.3490954339272	-0.423031766987151	5926055.518439979	0.1789558758802712	3015.3509333683896	-1.86907958984375	9092341.25136562	3.4934585131704807	2816.4812042652748	0.4480223181653855	0.2007239975742859	7932566.373979572	2847.4410693359373	1900.488381965083	0.649554	14.445948	0.0428207464603415	0.0267054124137766	-0.0292966398	0.005948089	0.0269336033	-0.0067187365	-0.06904066	0.0102531849	-0.0092893202	-0.0487869553	0.0845947361	0.0648774592	-0.0285870296	0.0218716971	0.0175844391	0.0784505433	0.0190113614	0.0411631392	0.0322674405	0.0350400109	0.0224689921	-0.0541702739	-0.0728095157	-0.0663278202	0.0245860901	0.0975555476	-0.051071481	0.0030708084	0.0213369813	-0.0009699179	0.0714136515	-0.0032830858	-0.0478363513	0.0133979046	0.0313003664	0.0399393883	0.048364358	0.0401863751	-0.1113428515	-0.0273886601	-0.0199181109	0.0652816396	0.0394584685	0.0739264438	0.0226657303	-0.015123841	-0.042610778	0.0829856622	0.0117089875	-0.0417355228	0.0467403527	0.0557257624	-0.0137593608	-0.0367657082	-0.0255063784	0.0780713072	-0.0340489858	-0.0012076329	-0.0256236696	0.0910752156	-0.0158473389	0.0515407763	0.1000010452	-0.0126056496	-0.0856387031	-0.0047073535	0.0712504453	-0.0184043102	0.0090604767	-0.0898788085	-0.0268273839	0.0845756715	0.0435459867	-0.0759676635	0.0	0.0	-0.1702017735460685	-0.0171612674830612	0.0002945091016251	0.0289686437182271	-0.1856262671825135	-0.0007403157106865	0.0344571110681138	5.480673514892591e-07	0.5833953481528837	-0.0025695197606339	6.602431800288143e-06	0.3403501322464244	-0.0270037761250838	0.0003860065483861	0.0007292039250136	1.4900105539702685e-07	-0.0046908203322397	-5.960067260390046e-05	3.55224017483733e-09	2.200379538935337e-05	-0.0033009454629183	-1.385649129099879e-06	1.920023508975254e-12	1.0896240949160913e-05	0.0	0.0	0.0	0.0	0.0	0.0	0.0	0.0	0.0	0.0	0.0	0.0	0.0	0.0	0.0	0.0	0.0	0.0	0.0	0.0	0.0	0.0	0.0	0.0	0.0	0.0
2435.932376660377	1.5832812264497989	5933766.543662273	2.506779442028379	3008.080880033053	-7.270053335336797	9048550.580820426	52.85367549864169	2820.186343544408	3.705139279133164	13.72805707777542	7953451.012314377	2849.734537816541	1892.5555819079527	0.718401	15.97708	0.226938316234502	0.1481516706803898	-0.0458934689	0.010994186	-0.0101695719	-0.0176887771	-0.0923963138	-0.0153253289	-0.0200928451	-0.0190798273	0.1065415253	0.084668495	0.0421468367	0.0104050223	-0.041068917	-0.0042583312	0.0389257411	0.0355276604	0.0354647637	0.0128015326	0.0476496292	-0.1370565541	0.1329430195	-0.0316118207	0.0426550798	0.0711211542	-0.0441400271	-0.0951199285	-0.0252941132	0.0375761916	-0.0249368445	-0.0308424163	-0.0538896861	-0.0026608816	0.0250792891	0.0009132153	0.0466201224	0.1252128242	0.0113866858	-0.0102045891	-0.1429928197	0.0830027137	0.0936991561	0.0227547176	0.0426730117	-0.0250333251	-0.0161537323	0.1145009535	-0.00941	-0.0032232015	0.0602563602	0.092005104	-0.0329163071	-0.0388422166	-0.003126092	0.0484973904	-0.0758673168	-0.0501215201	-0.0606963473	-0.080641787	-0.0641593577	0.0377484396	0.0229701946	0.0271194132	-0.0224956804	-0.0280490268	0.0761869472	-0.0098941228	0.0078556081	-0.0903234838	-0.0233360719	0.0863239347	0.0381310563	-0.0797886859	0.0	0.0	-0.1717178773803596	-0.001516103834291	2.298570836352173e-06	0.0294870294120162	-0.2134420176933957	-0.0278157505108822	0.0455574949170278	0.0007737159764836	0.6351889471732974	0.0517935990204136	0.0026825768994873	0.403464998611122	-0.0294394064703401	-0.0024356303452563	0.0008666786533259	5.932295178733325e-06	-0.0045809899293127	0.0001098304029269	1.2062717407107152e-08	2.098546873246438e-05	-0.0036717419721133	-0.000370796509195	1.3749005123119774e-07	1.3481689109778468e-05	0.0	0.0	0.0	0.0	0.0	0.0	0.0	0.0	0.0	0.0	0.0	0.0	0.0	0.0	0.0	0.0	0.0	0.0	0.0	0.0	0.0	0.0	0.0	0.0	0.0	0.0
2437.9627169380383	2.030340277661253	5943662.2091799015	4.122281643093573	3012.6761333759014	4.595253342848537	9076217.484612772	21.116353284960653	2814.713478370949	-5.472865173459013	29.952253206860554	7922611.965323086	2843.923803374192	1910.1871969231863	0.752961	16.745686	0.1792149315981744	0.1187278450972497	-0.0553174866	0.0188795192	-0.0500032343	-0.02463827	-0.0419326556	-0.0076159872	-0.0533640319	0.0193002297	0.0864911623	0.0805126984	0.0289568167	0.0054300688	-0.0033221023	0.1435825581	-0.0409084138	0.0269665612	-0.0631988139	-0.0545633408	0.082274254	-0.0303743137	0.0994951809	0.0318083722	-0.0092448528	0.0863493938	-0.0511762742	0.0166482778	-0.0891979516	0.0388821293	0.1396094172	0.0672786962	-0.0163619315	0.0318308851	-0.0542361593	-0.046113756	0.1176006365	0.0948675729	0.0385144302	0.0514927589	-0.1158717447	0.0115429531	0.0710152837	0.0190524442	0.0630238181	-0.0328936792	0.0054934388	0.1391939226	-0.0194812418	0.0306882499	0.058646733	0.1031110748	0.0001121705	-0.0405346359	-0.0101038602	0.0434687352	-0.0812322827	-0.0447361977	0.012574526	0.0749088547	0.0499104196	0.0232274562	0.0502563855	0.0629329401	-0.0215810047	-0.0103057055	-0.0017288634	-0.0114908065	0.0066493708	-0.0907052112	-0.0198081701	0.0878315976	0.0325500881	-0.0831094865	0.0	0.0	-0.1966165942343991	-0.0248987168540394	0.0006199461009776	0.0386580851283343	-0.2273950003046252	-0.0139529826112294	0.0517084861635404	0.0001946857237492	0.6514432207963381	0.0162542736230406	0.0002642014110126	0.4243782699215065	-0.0315865821610696	-0.0021471756907294	0.000997712172618	4.610363446859687e-06	-0.0048959733424716	-0.0003149834131588	9.921455056523025e-08	2.397055497019253e-05	-0.0036917620384222	-2.002006630889971e-05	4.008030550127413e-10	1.3629106948335236e-05	0.0	0.0	0.0	0.0	0.0	0.0	0.0	0.0	0.0	0.0	0.0	0.0	0.0	0.0	0.0	0.0	0.0	0.0	0.0	0.0	0.0	0.0	0.0	0.0	0.0	0.0
2434.4495292798374	-3.513187658200877	5926544.510610822	12.342487521734965	3016.7578444260816	4.0817110501802745	9100827.8919063	16.66036509716376	2815.5208725957145	0.8073942247656305	0.6518854341848934	7927157.784022134	2846.256694841056	1912.0832722824543	0.7926379999999998	17.628096	0.1281305116136442	0.0611395966789997	-0.061607029	0.0264362545	-0.0403580341	0.0352697825	0.0147255991	-0.0003919572	-0.0136209063	-0.0007800937	0.0201723143	0.060723116	0.0828776055	0.0110874727	-0.0002138195	-0.0699192775	0.0654498098	-0.0023186754	0.0146996432	-0.0706442018	0.0365758949	0.0059043977	0.0870970024	-0.0385330592	0.0176571287	0.0703099179	-0.0938674524	0.0864074542	-0.0890408568	0.0015804693	-0.0556721355	-0.0750452624	-0.0327186895	-0.0190922143	-0.0250334398	-0.059905111	0.0534290388	0.0647940532	0.0078536245	0.098536904	-0.0516398639	0.0783058683	0.0681970794	0.0426527595	0.0561365115	-0.025520635	-0.0118595024	0.1149323301	0.0202477044	0.03762798	0.0625348901	0.1151295054	-0.0292494314	-0.0475468447	-0.0330639349	0.0056962359	-0.0491367123	-0.029178113	-0.0612736299	-0.0149530709	-0.0980518713	-0.0037570462	0.0294280637	0.0426885417	-0.0173642452	-0.0004075262	0.0536492134	0.022556366	0.0054419748	-0.0910237247	-0.0162492101	0.0890944581	0.0268273839	-0.0859092462	0.0	0.0	-0.1799460736113758	0.0166705206230232	0.0002779062578426	0.0323805894081506	-0.2156390829839125	0.0117559173207127	0.0465002141101427	0.0001382015920514	0.6612336966146515	0.0097904758183133	9.58534167489791e-05	0.4372300015386769	-0.0310630608320695	0.000523521329	0.0009649137482568	2.740745819180278e-07	-0.0044831633847803	0.0004128099576913	1.704120611690933e-07	2.0098753934634754e-05	-0.0028298213680817	0.0008619406703405	7.429417191870304e-07	8.007888975251783e-06	0.0	0.0	0.0	0.0	0.0	0.0	0.0	0.0	0.0	0.0	0.0	0.0	0.0	0.0	0.0	0.0	0.0	0.0	0.0	0.0	0.0	0.0	0.0	0.0	0.0	0.0
2433.62529785087	-0.8242314289673232	5922532.090339736	0.6793574484975154	3021.85725003756	5.0994056114782325	9131621.239604564	26.003937590375685	2815.192936769006	-0.3279358267086536	0.107541906439088	7925311.2712341	2844.623431775324	1919.584685642532	0.712229	15.839816	0.240978321134042	0.1629278757150549	-0.073961145	0.0338092822	-0.0806799016	0.0310224394	0.0274732396	0.0007290593	-0.041316542	-0.0207444488	-0.0507061437	0.0554263904	0.1021588823	0.0133911189	-0.0472254025	0.0589217814	-0.0073224142	-0.0150603398	-0.0314154438	-0.0255522041	0.1052320676	-0.0169073374	0.0994617402	-0.0558561791	0.0141940343	0.0437947658	-0.0917930419	0.0533950841	-0.0632225949	0.0535879278	0.034912839	0.0328199433	0.0095208941	0.0365045523	0.0401029351	-0.0551001921	0.0819838281	0.0769729117	0.003689132	0.0710574598	-0.0719945839	0.113930149	0.0197268386	0.0157367658	0.0794716014	-0.0294220503	0.0142403467	0.1370963485	0.0354628323	0.0752219646	0.0477040198	0.1363166036	-0.0176715073	-0.045106641	-0.0196707372	0.0253731598	-0.0882873368	-0.0346283677	-0.0154852232	0.0267391694	0.0675502095	-0.014573197	0.0858387884	0.0281772528	0.0563385944	0.0176439011	-0.0257498536	0.0361623863	0.0042336307	-0.0912788023	-0.0126647723	0.0901089963	0.0209878625	-0.0881704121	0.0	0.0	-0.1778915428156153	0.0020545307957604	4.221096790728208e-06	0.0316454010053198	-0.2586996025106884	-0.0430605195267759	0.0669254843391881	0.0018542083419158	0.7234169556757521	0.0621832590611006	0.0038667577074599	0.5233320917591732	-0.0336476025176529	-0.0025845416855833	0.0011321611551859	6.679855724518273e-06	-0.004515251661163	-3.208827638270014e-05	1.0296574812125515e-09	2.038749756363523e-05	-0.0028867916411237	-5.697027304199997e-05	3.2456120104800286e-09	8.333565979261663e-06	0.0	0.0	0.0	0.0	0.0	0.0	0.0	0.0	0.0	0.0	0.0	0.0	0.0	0.0	0.0	0.0	0.0	0.0	0.0	0.0	0.0	0.0	0.0	0.0	0.0	0.0
2438.59503318252	4.969735331650099	5946745.735862456	24.698269266651323	3016.909703650841	-4.947546386718841	9101744.159982605	24.47821524873466	2823.1486114442464	7.955674675240516	63.29275953826329	7970168.082299576	2852.3504179014008	1909.199690168755	0.757685	16.850746	0.1445168865699716	0.0699081839335557	-0.0759003135	0.0395215895	-0.0766560975	0.009778263	-0.0373336843	0.0069151114	-0.0529581009	0.0189824777	-0.0251764195	0.0864199101	0.1488916306	0.0467629431	-0.0168915906	0.0230939599	0.0256536317	0.1199016033	0.0816395063	-0.0031456105	0.0221155053	0.0053880744	0.1117014241	-0.057349439	-0.0863150404	0.0321321682	-0.07424077	0.0495060349	-0.1018839785	0.0131096437	0.0243126047	-0.0058749741	-0.131581501	-0.0166760761	0.0198402269	0.026868495	0.0553140249	0.0281757613	0.0248867021	0.1321799534	-0.130880623	0.0410933627	0.024611469	-8.78106e-05	0.0663204897	-0.0254874375	0.0181157702	0.1218865658	-0.0068919744	0.0470494217	0.0736781233	0.1399522884	-0.0644734279	-0.0306260467	-0.023905156	0.0002795563	-0.0358614025	0.008012015	-0.0556331072	0.0509141275	-0.0749770497	-0.0718223841	-0.0078810218	0.0472824299	0.0237822148	0.0814296999	0.0089613655	0.0139720153	0.0030245489	-0.0914702662	-0.0090604767	0.0908723846	0.0150569516	-0.0898788085	0.0	0.0	-0.1821242979433748	-0.0042327551277595	1.791621597157436e-05	0.0331692599013671	-0.2268984106099338	0.0318011919007546	0.0514828887373141	0.0010113158063086	0.6804260567499796	-0.0429908989257725	0.0018482173904459	0.4629796187043264	-0.0333233903095942	0.0003242122080586	0.0011104483417255	1.0511355585429748e-07	-0.0043239055812951	0.0001913460798678	3.661332228081271e-08	1.869615947595492e-05	-0.0036810741655108	-0.0007942825243871	6.308847285467441e-07	1.3550307011991033e-05	0.0	0.0	0.0	0.0	0.0	0.0	0.0	0.0	0.0	0.0	0.0	0.0	0.0	0.0	0.0	0.0	0.0	0.0	0.0	0.0	0.0	0.0	0.0	0.0	0.0	0.0
2437.026763698439	-1.5682694840811564	5939099.446982487	2.4594691747001765	3009.0434053861177	-7.866298264723355	9054342.215497684	61.878648389589664	2818.7419359828064	-4.406675461440045	19.41878862245784	7945306.101668099	2845.855193460399	1895.3297686687392	0.695575	15.469442	0.1536928943991871	0.1109442659393735	-0.0762129078	0.0429256864	-0.0999138664	-0.0007549883	-0.0537442867	-0.0213993697	-0.0764187042	0.0626551965	-0.0320662102	0.0396493986	0.0838851295	-0.00266387	-0.1544091859	-0.011861156	-0.0607602575	-0.0811302577	0.0756850493	0.0016310678	0.1009144087	0.0631661933	0.0049504063	-0.0791024732	-0.018452955	0.0138715469	-0.125342241	0.0442375593	-0.0674986492	0.1208939959	-0.0644896319	0.0673713193	0.0651968958	-0.0638664325	0.1026918343	0.0104464844	0.1458050548	-0.005880367	-0.0288006596	0.1332704484	-0.0035370934	0.0826312925	-0.0120980483	0.0061360268	0.0809191036	-0.0292807925	0.040076787	0.1339924548	0.0018582564	0.0751387602	0.0699688231	0.1282983526	-0.0348684907	-0.0446940855	-0.0240744508	0.0229077251	-0.0991685048	-0.0538543271	-0.0423745134	-0.0718806891	0.0543728349	-0.0784235081	0.0190731909	0.0035454098	0.0271953686	0.0808905792	-0.0516909062	0.0266377581	0.0018149402	-0.0915979829	-0.0054419748	0.0913824953	0.0090604767	-0.0910237247	0.0	0.0	-0.1759359690871775	0.0061883288561973	3.829541403244419e-05	0.0309534652186442	-0.2401435121983155	-0.0132451015883817	0.0576689064509425	0.0001754327160865	0.7007971928338677	0.020371136083888	0.0004149831853482	0.4911167054838291	-0.0353466675901443	-0.0020232772805501	0.0012493869097281	4.093650953990212e-06	-0.0044801298757031	-0.0001562242944079	2.4406030163277356e-08	2.0071563703167472e-05	-0.0035828091830545	9.826498245629972e-05	9.656006777136893e-09	1.2836521642179654e-05	0.0	0.0	0.0	0.0	0.0	0.0	0.0	0.0	0.0	0.0	0.0	0.0	0.0	0.0	0.0	0.0	0.0	0.0	0.0	0.0	0.0	0.0	0.0	0.0	0.0	0.0
2434.129307475513	-2.897456222925939	5924985.485511221	8.39525256377225	3011.376163423978	2.332758037860458	9068386.397638118	5.441760063202574	2813.9312092147143	-4.810726768092081	23.14309203723768	7918208.850192584	2845.3537538725755	1881.7297486743007	0.724958	16.12291	0.1051489024933033	0.0547307281636663	-0.0871744619	0.0339665437	-0.0739659449	0.0127135914	-0.0771543195	-0.0102116906	-0.0830764524	0.0533733022	0.0084586934	0.0428624547	0.0690373435	0.0599172569	0.0158954346	0.1155669744	0.0486184337	0.0201677213	0.1168605584	0.0447838866	0.1346945159	-0.0174146921	-8.0599e-05	0.0045695304	0.033195213	0.014745057	-0.085287155	0.0100019517	-0.0281723983	0.012863659	0.093755358	-0.0318237501	-0.0760468566	-0.0505299543	0.141467448	0.0065175891	0.1214103336	0.1017698506	-0.0195036295	0.0016414753	0.0513433176	0.0529494606	-0.0279407889	-0.0317090658	0.0859691506	-0.0244022029	0.0220243474	0.139207374	0.0297838401	0.0426950158	0.0590708467	0.1364515845	-0.0100299173	-0.0411256297	-0.0393742591	0.0109880831	-0.0515582971	0.0494019677	-0.0384659482	0.0936952934	-0.0393116783	-0.0672115776	0.0358738579	0.0102996668	-0.0158520763	0.0630167817	-0.0636246832	0.0388518786	0.0006050152	-0.0916618636	-0.0018149402	0.0916379066	0.0030245489	-0.0915979829	0.0	0.0	-0.1830102906217661	-0.0070743215345885	5.004602517474386e-05	0.0334927664734632	-0.2119730531691601	0.0281704590291554	0.0449325752698555	0.0007935747619133	0.711278678217532	0.0104814853836643	0.0001098615358479	0.5059173580868794	-0.0346021000699945	0.0007445675201497	0.0011973053292539	5.543807920620224e-07	-0.0045931554967038	-0.0001130256210007	1.2774791002594017e-08	2.1097077416900332e-05	-0.0032519495932871	0.0003308595897674	1.0946806814105225e-07	1.0575176157280136e-05	0.0	0.0	0.0	0.0	0.0	0.0	0.0	0.0	0.0	0.0	0.0	0.0	0.0	0.0	0.0	0.0	0.0	0.0	0.0	0.0	0.0	0.0	0.0	0.0	0.0	0.0
2436.097649420888	1.9683419453749595	5934571.757513976	3.87437001392248	3011.1025512695314	-0.2736121544467096	9066738.57426188	0.07486361106097	2822.860769171464	8.929559956749927	79.73704102119176	7968542.92212731	2850.636133822737	1887.180604002391	0.671465	14.933232	0.0972691659664595	0.0550160620566422	-0.0913304945	0.0362901432	-0.0488875982	-0.0110987553	-0.1014480541	-0.011482828	-0.0809984663	0.0378264375	0.0200580134	0.0014649156	0.0496152483	0.058007118	-0.086920092	-0.0033686294	0.0266434023	0.0405284425	0.0497173237	-0.006133579	0.0960912587	-0.0478007221	0.0622040214	-0.0104290433	0.0585259461	0.0064325763	-0.0438459985	-0.0684493854	-0.0527192533	0.0809395535	-0.0297646335	-0.0013170487	-0.0553924971	-0.0239234513	0.0304209177	-0.0011473854	0.0864527716	0.1210736924	-0.0015145058	0.0482639334	0.0061616242	0.0940698131	-0.0107338894	-0.0858097096	0.0872751299	-0.0170811341	0.0064200861	0.1508331346	0.0143651369	0.0028248338	0.086498382	0.1359605469	0.0098679432	-0.0486678117	-0.0319818739	0.0203433213	-0.0964093594	2.22903e-05	-0.0581584027	-0.0686424816	0.0075252721	-0.1074178889	0.0489914438	-0.0399119429	-0.0274317013	0.0379422689	-0.0241475099	0.040027012	-0.0006050152	-0.0916618636	0.0018149402	0.0916379066	-0.0030245489	-0.0915979829	0.0	0.0	-0.182420525563117	0.0005897650586491	3.478228244033828e-07	0.0332772481467238	-0.2271260230392329	-0.0151529698700728	0.0515862303416181	0.0002296124958833	0.7265071221925297	0.0152284439749976	0.0002319055058996	0.5278125985964712	-0.0335677387382637	0.0010343613317308	0.0011267930840003	1.0699033645799142e-06	-0.0048140053590612	-0.0002208498623573	4.877466170328228e-08	2.3174647597069952e-05	-0.0031812010461205	7.074854716660004e-05	5.005356926184631e-09	1.0120040095838164e-05	0.0	0.0	0.0	0.0	0.0	0.0	0.0	0.0	0.0	0.0	0.0	0.0	0.0	0.0	0.0	0.0	0.0	0.0	0.0	0.0	0.0	0.0	0.0	0.0	0.0	0.0
2453.111747982042	17.014098561153787	6017757.248087509	289.4795498486554	3023.786142202524	12.683590932992502	9143282.633776022	160.8734789554896	2819.352128830105	-3.508640341359296	12.310557045013878	7948746.426338844	2857.4109075296337	1949.2118025106108	1.495956	33.269745	0.9211890252581668	0.5790989032028239	0.0299391468	0.0262414702	0.078207462	-0.0550286636	-0.0965163712	0.0415236476	0.0610532988	-0.0013264684	-0.0188417243	-0.1472313657	-0.0282640574	-0.008608627	0.0186551298	0.0083239183	-0.0526529858	0.0440128726	-0.0369844412	-0.0295955216	0.0740234817	-0.0717736916	-0.1838155985	0.0094188044	-0.0084992275	-0.0199839783	0.0688541941	-0.0484990251	0.0380138098	-0.0447441254	-0.0202144944	0.0959599226	-0.0546309813	0.0013586776	0.0750032655	-0.1205506492	-0.0354967962	0.0368220551	-0.1175623598	-0.0955817817	0.0571369877	-0.1278679661	-0.0578699817	-0.005848048	-0.0566865777	0.0316684451	-0.0248780692	-0.0040103035	-0.1472352138	-0.0571569078	0.1014071984	-0.0957590678	-0.1332486237	0.016942969	0.009147298	0.0513445612	-0.1031630355	0.0416911613	0.0412531276	0.0592308179	0.0069331792	0.0143781065	0.0797520346	-0.0924529014	0.0266886327	0.1152736954	0.0605800085	-0.0530145063	-0.0018149402	-0.0915979829	0.0054419748	0.0913824953	-0.0090604767	-0.0910237247	0.0	0.0	-0.0977509716085194	0.0846695539545976	0.0071689333668705	0.0095552524504095	-0.2486356814123951	-0.0215096583731621	0.061819702071406	0.0004626654033301	0.2682125877776826	-0.4582945344148471	0.2100338802745214	0.071937992242401	-0.0277824279359788	0.0057853108022849	0.0007718633020178	3.3469821079034354e-05	-0.003660824448783	0.0011531809102781	1.3298262118300574e-06	1.3401635644807356e-05	-0.0033770149038686	-0.000195813857748	3.834306688619312e-08	1.140422966095065e-05	0.0	0.0	0.0	0.0	0.0	0.0	0.0	0.0	0.0	0.0	1.0	0.0	0.0	0.0	0.0	0.0	0.0	0.0	0.0	0.0	0.0	0.0	0.0	0.0	0.0	0.0
2451.9534229834862	-1.1583249985555994	6012075.588480435	1.3417168022788295	3047.494203538161	23.70806133563701	9287220.92059869	562.0721722943266	2822.419436211242	3.067307381137198	9.408374570378736	7966051.473902985	2855.2871041554417	1957.078184077692	1.354624	30.126558	0.5367620230342133	0.3588232048860884	0.1389078075	0.0254106406	0.0533263014	-0.0719132779	-0.0111594958	0.135700727	0.1121722052	0.0507705559	-0.0567876479	-0.0772568127	-0.0179142126	-0.0890593188	0.0530197728	-0.152378783	-0.1657844577	0.0768276887	0.0100693497	0.0417862932	-0.045141135	0.0339582529	-0.1071832932	-0.0935896225	-0.0290117004	-0.0155094282	0.1992743967	0.2606684622	0.0632800527	-0.121652245	-0.1485365187	0.1269274111	-0.0231004581	-0.0245200695	-0.0376670728	0.0435615839	-0.0370019779	-0.1384086271	0.037819428	-0.1363216698	0.0102374452	-0.0561922699	0.019577497	0.0636583474	-0.1625900451	0.0807952317	0.0188282272	-0.0928813741	-0.0804418296	0.0327982813	0.0555322867	-0.22883781	-0.1177800223	-0.100684317	-0.1264040208	-0.0716817094	-0.0302861816	-0.120657669	-0.019954044	-0.01729847	-0.0219007304	-0.0332083563	-0.1539658738	0.0513706139	-0.0392133947	0.1356764534	0.0761058137	-0.0280167205	-0.0030245489	-0.0914702662	0.0090604767	0.0908723846	-0.0150569516	-0.0898788085	0.0	0.0	-0.119693985648297	-0.0219430140397776	0.0004814958651498	0.0143266502003747	-0.1669692528849395	0.0816664285274555	0.0278787314089548	0.00666940554843	-0.0727814097970025	-0.340993997574685	0.1162769063819643	0.0052971336120392	-0.0275339704760625	0.0002484574599163	0.0007581195301766	6.173110938805983e-08	-0.0025281408913278	0.0011326835574551	1.282972041329367e-06	6.391496366403723e-06	-0.003839045544343	-0.0004620306404744	2.1347231273718438e-07	1.4738270691539842e-05	0.0	0.0	0.0	0.0	0.0	0.0	0.0	0.0	0.0	0.0	0.0	1.0	0.0	0.0	0.0	0.0	0.0	0.0	0.0	0.0	0.0	0.0	0.0	0.0	0.0	0.0
2438.646866055054	-13.3065569284322	5946998.537320137	177.06445728960702	3041.7201434795675	-5.774060058593477	9252061.43124936	33.339769560244505	2813.570628740634	-8.84880747060788	78.30139365188583	7916179.682911968	2846.477302498653	1923.4376621157896	1.266973	28.177206	0.4171508101023741	0.1929883271805877	0.0997358932	0.0364705218	0.1091830332	0.0046884159	-0.01212806	0.1193554378	0.1353428674	-0.0151010986	-0.0707667248	0.0462758985	-0.1227439712	-0.0123214385	0.0753081016	-0.0412318541	-0.1400446439	0.0047784283	-0.1044694328	-0.0124915688	0.0292797949	-0.0330402365	-0.0758604164	0.0037492143	-0.0370862646	-0.0753920405	0.1189380374	0.0112496298	0.0378706644	-0.0984893268	-0.0363410844	0.1164282164	0.0295337141	0.0269651668	-0.0522455967	-0.0601885782	-0.0091252581	-0.0423787995	-0.041847072	-0.1326890537	0.0158509767	-0.0986153587	-0.0509116639	0.0271150665	-0.1362137677	0.0953246914	-0.0024500341	-0.0922613055	-0.0007551392	-0.1559918558	0.0014153035	-0.1214142251	-0.1189885252	-0.063402951	-0.0343595471	-0.0667507666	0.0588961073	-0.0325582421	-0.0192130957	0.0453605766	0.0225607102	-0.0236085887	0.0074472668	-0.087236799	0.0639820304	0.0885571697	-0.0417901074	-0.0276142974	-0.0042336307	-0.0912788023	0.0126647723	0.0901089963	-0.0209878625	-0.0881704121	0.0	0.0	-0.0812744378223015	0.0384195478259955	0.0014760616551539	0.0066055342433311	-0.0970352063988855	0.0699340464860539	0.0094158312808743	0.0048907708579135	0.0150574300296071	0.0878388398266096	0.0077156617820847	0.0002267261990965	-0.0249786134307976	0.0025553570452649	0.0006239311289252	6.529849628784963e-06	-0.0035669341528896	-0.0010387932615618	1.0790914402662024e-06	1.2723019251050247e-05	-0.0030140283318954	0.0008250172124476	6.806534008348087e-07	9.084366785468166e-06	0.0	0.0	0.0	0.0	0.0	0.0	0.0	0.0	0.0	0.0	0.0	0.0	0.0	0.0	0.0	0.0	0.0	0.0	0.0	0.0	0.0	0.0	0.0	0.0	0.0	0.0
2426.502660005952	-12.144206049102197	5887915.15901596	147.48174056305035	3022.367691744291	-19.352451735276645	9134706.464099713	374.517388166212	2816.9303304512364	3.3597017106021667	11.287595584223125	7935096.486616112	2845.34843514278	1950.817034831924	1.274069	28.335032	0.4809653277041337	0.3303475289162757	0.1073688176	0.0272988514	-0.0022559953	0.1122178976	0.1463886975	0.0409441137	0.076578721	0.0413728766	-0.0745714347	0.0120335377	-0.0685626249	0.0723443169	0.0454386004	-0.0341799018	-0.0064057696	0.0620131914	-0.0669265863	0.0831592853	-0.0797262475	-0.0668151504	-0.1043453897	-0.0469458645	-0.0024911805	-0.0055704013	0.1424613071	0.0358889612	0.0365122542	-0.0776544521	-0.0287694442	-0.0057170012	-0.0194477402	0.0681520397	-0.0599776692	0.0893395166	-0.0620040434	-0.049299728	-0.0877799653	-0.1696355266	0.0138213622	-0.004195766	-0.0167373947	-0.0334669068	-0.0989882785	0.0327134426	-0.0006846447	-0.0866073471	0.1099871193	0.0059109053	-0.0569027992	-0.1120536871	-0.1028368114	-0.004972292	-0.0343727349	-0.065869194	-0.023190458	-0.0407405988	0.0034379496	0.0697677042	-0.0930713604	-0.1328662525	-0.1004185119	-0.063399584	-0.0346753127	-0.0813388801	-0.1339031915	-0.0839485647	-0.0054419748	-0.0910237247	0.0162492101	0.0890944581	-0.0268273839	-0.0859092462	0.0	0.0	-0.0877119277040208	-0.0064374898817192	4.144127597723836e-05	0.0076933822615553	-0.1028335062119794	-0.0057982998130938	0.0105747299998492	3.3620280722524646e-05	0.1102206591267176	0.0951632290971104	0.0090560401721891	0.012148593698328	-0.0307880117018467	-0.0058093982710491	0.000947901664553	3.3749108271668274e-05	-0.0028000166297885	0.0007669175231011	5.881624872395269e-07	7.84009312709215e-06	-0.0039090387159894	-0.000895010384094	8.010435876360894e-07	1.5280583683104056e-05	0.0	0.0	0.0	0.0	0.0	0.0	0.0	0.0	0.0	0.0	0.0	0.0	0.0	0.0	0.0	0.0	0.0	0.0	0.0	0.0	0.0	0.0	0.0	0.0	0.0	0.0
2411.216988795712	-15.285671210239798	5813967.367057061	233.6517443475538	2991.30580866887	-31.06188307542061	8947910.440976124	964.8405801911014	2804.928402549342	-12.001927901894303	144.04627336226903	7867623.343428004	2832.8272545123923	1938.1328348103773	0.970466	21.582972	0.2034364661962361	0.1168635922242207	0.1096578744	0.0101722583	-0.015764713	0.1043660919	0.0756290996	-0.0185018084	0.1708265197	-0.0965620271	0.0242671305	-0.0743037696	-0.0144451242	0.0080718943	0.0536427073	-0.0126659184	-0.0009828155	-0.078371461	-0.1726786883	-0.0232894848	-0.0315486319	-0.0234599171	-0.0545144272	-0.0480661595	-0.0300941025	-0.0955795812	0.0896560157	-0.0533552415	-0.0455652917	-0.0572467409	-0.0026352838	0.011942483	0.1364650599	0.1321181462	-0.0272248055	-0.0992121231	-0.1293518749	-0.0636539153	-0.0585511932	-0.0740183878	0.0422007303	-0.0078512293	-0.0286493724	0.0398186696	-0.0908345845	0.0171657924	-0.0008244942	-0.0754645729	0.1240505206	0.0775131295	-0.0709411762	-0.1275380934	-0.0697092598	0.0278595718	-0.0199102532	0.0298133816	-0.0779036401	-0.0280136881	-0.0161404187	-0.0049132816	0.0694330872	-0.0503652631	-0.0091531369	-0.1739828606	-0.0844479054	-0.0118091152	-0.1762827871	-0.0800441845	-0.0066493708	-0.0907052112	0.0198081701	0.0878315976	-0.0325500881	-0.0831094865	0.0	0.0	-0.0958132685778281	-0.0081013408738073	6.563172395362087e-05	0.009180182435567	-0.1209225786931114	-0.018089072481132	0.0146222700377917	0.0003272145432276	0.1386102590893045	0.0283895999625869	0.0008059693860357	0.0192128039248041	-0.0327589352127581	-0.0019709235109113	0.0010731478362736	3.884539485863317e-06	-0.0033921917005796	-0.0005921750707911	3.506713144664447e-07	1.150696453348112e-05	-0.0034950082401177	0.0004140304758716	1.714212349505462e-07	1.2215082598490624e-05	0.0	0.0	0.0	0.0	0.0	0.0	0.0	0.0	0.0	0.0	0.0	0.0	0.0	0.0	0.0	0.0	0.0	0.0	0.0	0.0	0.0	0.0	0.0	0.0	0.0	0.0
2403.1287590100465	-8.08822978566559	5775027.832381166	65.41946106572803	2943.318844839243	-47.98696382962726	8663125.822385816	2302.7486975859547	2798.1969948335463	-6.73140771579574	45.31184983627442	7829906.42189549	2821.5110228650324	1910.6481502951567	0.879156	19.552256	0.1377447485566629	0.1014713258062202	0.0970276018	0.017770257	0.0435829942	0.089587212	0.0944183337	-0.1077842199	0.179113489	-0.1128961696	0.0643856157	-0.0758073763	0.0341705577	-0.0609216927	0.1708433988	-0.031174288	0.0777400862	-0.0772497748	-0.040060312	0.1119287381	-0.1394202573	0.0276302278	3.43446e-05	-0.159016919	-0.1157809991	-0.0830031809	0.0255300902	-0.0099563846	-0.0396987076	-0.1458725276	0.0553691316	-0.1193216702	0.108763277	0.0581855606	0.0052199026	0.070006059	-0.1240403911	-0.1815434906	0.0064676757	0.0092148783	-0.0888900685	0.0579228075	-0.0134828268	0.0688180965	-0.0890376243	0.0337728806	-0.0167625923	-0.0908577136	0.1403894455	0.0299143328	-0.0817440341	-0.1319416776	-0.0303758796	-0.0014930035	-0.0252192378	0.0868977109	-0.054912442	0.0393898821	-0.09469159	0.0822887439	-0.0754811923	0.0284524209	0.0396211308	-0.0500282812	-0.1005704592	0.0044303756	-0.0675360296	0.0409481352	-0.0078556081	-0.0903234838	0.0233360719	0.0863239347	-0.0381310563	-0.0797886859	0.0	0.0	-0.1044458728249253	-0.0086326042470972	7.452185608700071e-05	0.0109089403501604	-0.1237274169503166	-0.0028048382572051	0.0153084737051974	7.867117649081857e-06	0.1505159132399001	0.0119056541505956	0.0001417446007535	0.0226550401384411	-0.0307899301940356	0.0019690050187224	0.0009480198013535	3.876980763754387e-06	-0.0033030368853641	8.915481521550028e-05	7.948581076110001e-09	1.0910052666075774e-05	-0.0032651350360204	0.0002298732040973	5.2841689961958974e-08	1.066110680344794e-05	0.0	0.0	0.0	0.0	0.0	0.0	0.0	0.0	0.0	0.0	0.0	0.0	0.0	0.0	0.0	0.0	0.0	0.0	0.0	0.0	0.0	0.0	0.0	0.0	0.0	0.0
2405.0071531699377	1.878394159891286	5784059.406798569	3.5283646199136904	2934.656838754507	-8.662006084735822	8612210.761248598	75.0303494120004	2799.9288974932992	1.7319026597529046	2.9994868228591853	7839601.831018042	2823.5966271551724	1883.6382537322952	0.7880859999999998	17.526867	0.2381523730036144	0.1635652982843964	0.0647436529	0.0003612411	0.0006976081	0.069579076	0.0398651385	-0.1468567764	0.1067726472	-0.0536337865	0.0582790385	-0.0903548915	0.0129287797	-0.0622111823	0.0506208677	-0.0088073454	-0.0255336984	-0.1833792439	0.0032798071	0.0256043123	0.0027333436	-0.0218833319	0.0474408514	-0.0570575726	-0.1648261891	0.0028684167	0.0781238909	-0.0014214824	-0.0165540397	-0.0338700913	0.0019173804	-0.0310994544	0.1963905593	-0.0363693824	0.0499634835	-0.0161376918	-0.0209647534	-0.0726570139	0.0555257817	-0.0828302996	-0.1105508836	-0.0374050789	0.0068232468	0.0594059793	-0.0602505693	0.0169656682	-0.0047581392	-0.0639036434	0.1315922782	0.0856479496	-0.062458013	-0.1245672479	-0.0598167598	0.017002032	-0.0165589241	0.0877501097	-0.1147278367	-0.0107946039	-0.0524468388	-0.0762576545	0.0361386995	0.0733819708	-0.004646258	-0.0407243277	-0.0393203735	0.0137393499	-0.0664202988	0.0250755119	-0.0090604767	-0.0898788085	0.0268273839	0.0845756715	-0.0435459867	-0.0759676635	0.0	0.0	-0.0962636855772274	0.0081821872476978	6.69481881563901e-05	0.0092666971609112	-0.1475115536426301	-0.0237841366923135	0.0217596584580625	0.0005656851581986	0.2081397350474532	0.0576238218075531	0.0033205048397086	0.043322149305624	-0.0335547125305734	-0.0027647823365377	0.0011259187330094	7.644021368431406e-06	-0.003347406139414	-4.436925404990031e-05	1.9686307049445952e-09	1.120512786218654e-05	-0.0031030420814871	0.0001620929545333	2.6274125909334468e-08	9.628870159479792e-06	0.0	0.0	0.0	0.0	0.0	0.0	0.0	0.0	0.0	0.0	0.0	0.0	0.0	0.0	0.0	0.0	0.0	0.0	0.0	0.0	0.0	0.0	0.0	0.0	0.0	0.0
2414.286404238019	9.279251068081066	5828778.841688543	86.10450038448361	2967.850034743089	33.19319598858192	8808133.828724556	1101.788259936411	2804.5605228416634	4.631625348364196	21.45195336760976	7865559.726281905	2828.013168440194	1871.950662556904	0.845825	18.810966	0.1361899746104291	0.0846926356359844	0.0259372665	-0.0018528914	-0.0115570561	0.091754286	0.0651846631	-0.084185149	0.0379551886	0.0622419605	-0.0269649106	-0.0954531905	-0.0211033003	-0.1023176773	0.0756751295	0.0402252875	0.0071956961	-0.0508836406	-0.0434073734	0.0518623825	-0.1109902889	0.0525342861	-0.0400945678	-0.0462427131	-0.1151209818	-0.0891050625	-0.0084004724	0.0513550971	0.0094555795	-0.0525574854	0.0792994243	-0.0461670592	0.074340591	0.0186425437	-0.0266727252	0.0542733305	-0.0731497617	-0.1068370116	0.0516350191	-0.0269364535	-0.0043830019	-0.03021415	-0.0564761885	0.0974090683	-0.0254969876	0.0036646156	-0.0020666762	-0.0468273839	0.1364135307	0.0592211641	-0.0514568624	-0.0971118923	-0.024474058	-0.0083403613	-0.0568254771	0.0618969502	-0.0792916032	0.0471802443	-0.0035137997	0.107275665	-0.0135416439	0.0493970162	-0.0343670609	-0.0014001061	-0.0217128116	0.00606934	-0.0505257366	0.0277725987	-0.0102637667	-0.0893714952	0.030276632	0.0825916807	-0.0487713005	-0.0716703745	0.0	0.0	-0.1128641486142214	-0.0166004630369939	0.0002755753730426	0.012738316042413	-0.1502672471942787	-0.0027556935516485	0.0225802455793464	7.593846950597628e-06	0.2757626868173446	0.0676229517698914	0.004572863606073	0.0760450594407208	-0.0343307624051681	-0.0007760498745947	0.0011786012473201	6.022534078584543e-07	-0.0032901409304169	5.726520899709993e-05	3.279304161481534e-09	1.0825027342004583e-05	-0.0032539443229332	-0.0001509022414461	2.2771486473457108e-08	1.0588153656749202e-05	0.0	0.0	0.0	0.0	0.0	0.0	0.0	0.0	0.0	0.0	0.0	0.0	0.0	0.0	0.0	0.0	0.0	0.0	0.0	0.0	0.0	0.0	0.0	0.0	0.0	0.0
2420.1611716496545	5.87476741163573	5857180.096760629	34.51289214081718	2972.835994779147	4.985960036057804	8837753.85185452	24.85979748116554	2813.3943532605385	8.833830418875095	78.03655986944294	7915187.786958284	2838.071748215248	1879.068433782233	0.762112	16.949209	0.0531116653490401	0.0317285871494632	0.017669387	-0.004306793	-0.0147567643	0.0668403295	0.0284346813	-0.0706497699	-0.0015243942	0.0795192589	-0.0566261541	-0.1167430438	-0.0671617344	-0.0477673363	-0.014296812	-0.078662606	0.054210729	0.0001899921	-0.0418893678	0.0463105725	-0.0830909163	-0.0719190473	0.0508340978	-0.0233249443	0.0393048025	-0.0708784396	0.0714114065	0.0266064855	0.0025423205	-0.0087935768	-0.0781391511	-0.0659317788	0.0239689656	0.0355087571	-0.0214917559	0.0403781134	-0.1174536999	0.0254105086	0.0441358142	-0.0847544794	0.0014456208	0.0387555544	0.0029625864	-0.0497011106	-0.0278378775	0.0021348509	0.0077161309	-0.048857858	0.0854540958	0.0391973802	-0.0373055648	-0.0887446243	-0.0427658958	-0.0011757844	-0.024660384	0.0048414899	-0.091434752	0.0320040318	-0.0224172286	-0.0829697468	-0.0467151277	0.0232489196	-0.0778514686	-0.0212163942	0.0066588772	-0.027549533	-0.0119481813	0.0148075804	-0.0114652683	-0.0888018974	0.0336784079	0.0803774921	-0.0537842446	-0.0669237601	0.0	0.0	-0.1131113997593615	-0.0002472511451401	6.11331287730968e-08	0.012794188755522	-0.1614101844126025	-0.0111429372183237	0.0260532476321103	0.0001241650498515	0.2581699747007633	-0.0175927121165813	0.0003095035196169	0.0666517358369927	-0.0347970945338104	-0.0004663321286422	0.0012108377879949	2.1746565420405687e-07	-0.0032881565086928	1.9844217241000994e-06	3.937929579080411e-12	1.0811973225658824e-05	-0.0032682030699467	-1.4258747013499736e-05	2.0331186639498758e-10	1.0681151306409034e-05	0.0	0.0	0.0	0.0	0.0	0.0	0.0	0.0	0.0	0.0	0.0	0.0	0.0	0.0	0.0	0.0	0.0	0.0	0.0	0.0	0.0	0.0	0.0	0.0	0.0	0.0
2423.224917280751	3.063745631096481	5872018.999730303	9.386537292062773	2978.674088228666	5.838093449518965	8872499.323884875	34.083335125316246	2809.4205691094053	-3.973784151133259	15.790960479797876	7892843.934135014	2836.524429721175	1886.7838841575367	0.719895	16.010323	0.079132196906922	0.0401390705653988	0.018899693	-0.0031373891	-0.0112505242	0.0464245572	0.0015050647	-0.0412918255	0.0138151747	0.0156388008	0.0059338224	-0.0936311613	-0.1376678182	-0.0264922013	0.0492478824	0.0905855762	-0.0374129635	0.0184478104	-0.1461455218	-0.0333400427	-0.0924287997	-0.0083438871	-0.0128401422	-0.0801246947	0.0098098251	0.0288957066	0.0997742966	0.0736424104	0.0402042897	-0.0251998347	0.0993492785	0.0580027293	0.0309928212	0.0782286425	-0.099632866	-0.037235275	-0.0764335816	-0.0245444369	-0.0242522359	-0.0589245527	-0.01072199	-0.0199803709	0.0582848019	-0.0583173249	-0.0216224581	0.0015765967	0.0077304145	-0.0505749483	0.0383974711	0.0362266915	-0.0182674863	-0.097764215	-0.034721565	0.0051569727	-0.0206317262	-0.029013284	-0.0379245738	0.0435731303	0.1027880636	0.0505528804	0.0787969705	0.025758752	-0.0080059825	-0.0186675504	0.0004670382	-0.0139944144	-0.0178509804	-0.0122800772	-0.0126647723	-0.0881704121	0.0370273778	0.077939277	-0.0585629907	-0.0617575784	0.0	0.0	-0.1136662859609316	-0.00055488620157	3.078986966928919e-07	0.0129200245641522	-0.1896315718859256	-0.0282213874733231	0.0359601330559269	0.0007964467109194	0.2353984804495894	-0.0227714942511739	0.0005185409504312	0.0554124445979757	-0.0350257532505439	-0.0002286587167334	0.0012268033907679	5.228480873821034e-08	-0.0034590187499725	-0.0001708622412796	2.919390549512232e-08	1.1964810712661314e-05	-0.0031160354483428	0.0001521676216038	2.3154985064587632e-08	9.709676915328916e-06	0.0	0.0	0.0	0.0	0.0	0.0	0.0	0.0	0.0	0.0	0.0	0.0	0.0	0.0	0.0	0.0	0.0	0.0	0.0	0.0	0.0	0.0	0.0	0.0	0.0	0.0
2430.027840961198	6.802923680446838	5905035.307846541	46.27977060198435	2999.363862492488	20.689774263822077	8996183.579625856	428.0667590879142	2812.726813541286	3.306244431880714	10.931252243342223	7911432.127614116	2842.5350634765623	1896.069071844888	0.7513309999999999	16.709438	0.1088486267663763	0.0799741161607246	0.0150766121	-0.0120649044	-0.0261245044	0.0196008721	-0.0204559384	-0.0017836223	-0.0006907581	0.0093092097	0.0471667035	-0.0375734949	-0.0431142722	0.0273354293	0.0191567541	-0.0513670952	0.0788316123	0.0262188471	-0.0416960347	-0.0185841659	-0.0134332418	-0.0475344777	0.0115578731	-0.0127582335	-0.0406226067	0.02371002	0.0852816748	0.028699338	-0.0339834096	-0.0184223723	-0.0457015502	-0.0747103724	-0.0412089735	0.0320423921	-0.028410177	-0.0315778191	-0.0705598294	0.0146018809	-0.0032287084	-0.0935470611	-0.0202426179	-0.0422897637	0.041071693	-0.0009648413	-0.0151572549	-0.0020504473	0.0250228228	-0.0379907654	0.0268720217	0.0579624044	-0.0194900274	-0.0743601133	-0.044946506	0.0132603335	-0.006837013	-0.0577863124	0.0196813061	-0.0021442119	0.0635665744	-0.0492518226	-0.0939322818	-0.0032438599	-0.0533257577	0.013672839	-0.0694012178	-0.0278677015	0.052787321	-0.0640936928	-0.0138620696	-0.0874774795	0.0403182907	0.0752838312	-0.0630867301	-0.0562042179	0.0	0.0	-0.1136987579614157	-3.24720004840906e-05	1.0544308154387803e-09	0.0129274075619685	-0.1873179185157738	0.0023136533701517	0.035088002597082	5.352991917214768e-06	0.2269261450434641	-0.0084723354061252	7.178046723388431e-05	0.0514954753042873	-0.0365595538626862	-0.0015338006121423	0.0013366009786386	2.3525443178081063e-06	-0.0032980185961093	0.0001610001538631	2.5921049543973962e-08	1.087692666028276e-05	-0.002850232894556	0.0002658025537868	7.065099759958478e-08	8.123827553209074e-06	0.0	0.0	0.0	0.0	0.0	0.0	0.0	0.0	0.0	0.0	0.0	0.0	0.0	0.0	0.0	0.0	0.0	0.0	0.0	0.0	0.0	0.0	0.0	0.0	0.0	0.0
2429.0004721011446	-1.0273688600532296	5900043.293467583	1.0554867746070724	3003.3028592623195	3.938996769831647	9019828.064453224	15.515695552744148	2809.594741791545	-3.132071749741044	9.809873445525929	7893822.613102698	2839.201969793912	1893.3814187853195	0.750434	16.689503	0.1585925122026355	0.0733423544751949	0.0074827879	-0.017247518	-0.0076603379	-0.0064405267	-0.0013345644	0.0174553087	-0.004112346	-0.021954779	0.0148653424	-0.0308104383	-0.1127234926	-0.0384614681	0.017502392	0.03434724	-0.0161167988	-0.0430934139	-0.0622221564	-0.0630597639	-0.0378587923	-0.0461592571	0.0301751794	0.0016173825	0.0342702574	-0.0951385954	0.0668896119	-0.0116060548	0.0042679646	0.0072223463	0.03084884	0.0221646087	0.0404984992	0.0105080498	-0.0514823523	-0.0769791009	-0.0715205948	0.0241354595	0.0333728415	-0.0919951739	0.0257957028	0.0102523918	0.0395707493	0.0396286629	0.0038666596	0.0006894584	0.0167259527	-0.0473161051	0.0406232113	0.0127946991	-0.0232802482	-0.0831355129	-0.0193374403	-0.0152926488	-0.0057199085	-0.0275296178	0.0336560771	-0.0219948004	0.0885655908	-0.0070116776	0.0639656042	0.1013163866	0.0096229265	0.041015524	-0.0157680824	-0.0839306901	-0.0201462297	-0.0156604476	-0.0150569516	-0.0867235824	0.0435459867	0.0724185559	-0.0673357648	-0.0502984945	0.0	0.0	-0.1064222544282813	0.0072765035331344	5.294750366771742e-05	0.0113256962375978	-0.1624445528489957	0.0248733656667781	0.0263882327503101	0.0006186843195932	0.268656467859742	0.0417303228162779	0.0017414198423507	0.0721762977228726	-0.0357700282453869	0.0007895256172993	0.0012794949206757	6.233507003718426e-07	-0.0037690069395481	-0.0004709883434387	2.218300196552249e-07	1.4205413310361735e-05	-0.0032839653375468	-0.0004337324429908	1.8812383210276786e-07	1.078442833820887e-05	0.0	0.0	0.0	0.0	0.0	0.0	0.0	0.0	0.0	0.0	0.0	0.0	0.0	0.0	0.0	0.0	0.0	0.0	0.0	0.0	0.0	0.0	0.0	0.0	0.0	0.0
2428.0204142425964	-0.9800578585482072	5895283.131978789	0.9605134061020976	2990.463168569712	-12.839690692607746	8942869.962572	164.857657081838	2810.2362729197125	0.6415311281675713	0.4115621884079568	7897427.9096336765	2835.707204337285	1906.8441816327008	0.662058	14.724026	0.1362726486413629	0.0862312093215046	-0.0016345301	-0.0100359455	-0.0266511355	-0.0216870028	-0.0051048526	-0.0093326059	0.0054297727	-0.0382133621	0.0823362358	0.0301298867	-0.0382277441	-0.0153855319	0.0366332319	0.036327755	0.0103498758	0.0082697766	0.0139199808	0.0309987023	-0.09072484	0.0097020933	0.0767901162	-0.0175472091	-0.11794147	0.051208466	0.0763554723	0.0391036838	-0.0109254432	-0.0152440377	0.0492397628	-0.0339345349	-0.0020558974	0.0001569267	-0.0418338598	0.057241789	-0.0653743255	-0.040296771	0.0642067936	-0.049391039	-0.0857326238	-0.0384375795	0.0769146661	-0.0079940717	0.0097222718	-0.0006485964	0.029765122	-0.0312387755	0.0211665375	0.0391529906	-0.0301514632	-0.0742044342	-0.0377369397	0.0180795649	0.0021786357	-0.034359785	0.0365941646	0.0033005049	0.0444985464	0.0488061648	-0.0867769243	0.0585132528	-0.0295174235	0.0747319602	-0.0706693653	-0.0887361297	0.0179929589	-0.017080404	-0.0162492101	-0.0859092462	0.0467054048	0.069351437	-0.0712915927	-0.0440774331	0.0	0.0	-0.1185403246997509	-0.0121180702714696	0.0001468476271042	0.0140518085799223	-0.1670938627221119	-0.0046493098731162	0.0279203589593959	2.1616082296255857e-05	0.2790357923308093	0.0103793244710672	0.0001077303764756	0.0778609734016825	-0.0372978640499205	-0.0015278358045335	0.0013911306626863	2.3342822456148258e-06	-0.003377073229168	0.00039193371038	1.5361203333231204e-07	1.1404623595163184e-05	-0.0035467147031473	-0.0002627493656004	6.9037229123465e-08	1.257918518552124e-05	0.0	0.0	0.0	0.0	0.0	0.0	0.0	0.0	0.0	0.0	0.0	0.0	0.0	0.0	0.0	0.0	0.0	0.0	0.0	0.0	0.0	0.0	0.0	0.0	0.0	0.0
2428.020354244401	-5.9998195411026245e-05	5895282.840625106	3.59978345257969e-09	2984.5849722055286	-5.878196364183168	8907747.456315076	34.55319249589622	2807.278615375244	-2.957657544468475	8.747738150351289	7880813.224343147	2832.037783034752	1897.2839298867368	0.673852	14.986333	0.0985391999137306	0.0529707546839777	-0.0067721165	-0.0187337214	-0.0249368189	-0.0307799058	-0.004723663	-0.0390991831	-0.0253855303	-0.0250429325	0.0557494181	0.0144104699	-0.0769957387	-0.0846031376	-0.1008155116	0.0025776626	-0.07123468	-0.1866025683	0.0687940933	0.0155352804	0.0080422399	0.0734469589	-0.0451891972	-0.0612553846	-0.0926400262	0.0211752754	-0.0123655707	0.0642039071	-0.0028184582	0.1006554289	-0.0219996639	0.0500836012	0.1623008797	-0.0920061917	0.0647280566	0.0308794918	0.0488537033	-0.153900896	0.0158930772	0.017416146	-0.0436591755	-0.0230875469	-0.0108119436	0.0575656519	0.0225591394	-0.0081504915	0.0344435831	-0.0301905318	0.01707297	0.0365140946	-0.0209366836	-0.0872687227	-0.0023682953	0.013897242	-0.004377204	-0.0227718114	0.0030550269	-0.0544009358	0.0780459515	-0.0774110109	0.0560502826	0.0642515327	-0.0134109515	0.0513997998	-0.016013737	-0.0876791122	-0.0271648882	0.0048525539	-0.0174386375	-0.0850350384	0.0497915913	0.0660910233	-0.0749369886	-0.0375800356	0.0	0.0	-0.0991833067267435	0.0193570179730074	0.0003746941448073	0.0098373283332512	-0.1641152943569324	0.0029785683651795	0.0269338298418625	8.871869506048155e-06	0.2777769896088955	-0.0012588027219137	1.5845842926974766e-06	0.0771600559561804	-0.037871500319535	-0.0005736362696144	0.0014342505364525	3.2905856981723905e-07	-0.0040663133663545	-0.0006892401371864	4.750519667088651e-07	1.6534904393393266e-05	-0.0033106948928757	0.0002360198102715	5.570535084064201e-08	1.0960700673713242e-05	0.0	0.0	0.0	0.0	0.0	0.0	0.0	0.0	0.0	0.0	0.0	0.0	0.0	0.0	0.0	0.0	0.0	0.0	0.0	0.0	0.0	0.0	0.0	0.0	0.0	0.0
2428.223873435273	0.2035191908721572	5896271.179521002	0.0414200610532575	2992.238153545673	7.653181340144329	8953489.167534418	58.57118462513334	2807.506471630193	0.2278562549490743	0.0519184729194175	7882092.588245416	2834.077276064116	1909.891578025759	0.792504	17.62513	0.1259320743289894	0.0678688047847713	0.0001074993	-0.0107729464	-0.0413929707	-0.0044911208	0.0529571459	-0.0097718	-0.0080342027	-0.0749279563	0.0361437192	0.0415235781	-0.0584219542	-0.0200647198	0.0346446252	0.0705878697	0.039370026	-0.0359323108	0.036305831	0.0789333461	-0.0225812514	0.0045251355	-0.0765464838	-0.0169837685	0.0249263553	-0.0886048929	0.0028468378	0.0353206315	0.088904241	-0.0092210121	0.0743324796	-0.0517608648	0.0093760375	0.0004442256	0.0642312208	0.0475322543	-0.0258174773	-0.0446979911	-0.0048990304	-0.0858700118	0.0673269689	0.0463320412	-0.047177937	0.0806641364	0.0208244309	-0.0119221059	0.038975502	-0.023330036	0.0144724244	0.034102361	-0.03245556	-0.0683720855	0.0352540049	0.0469132077	-0.0004099637	-0.0050905268	0.0443782355	0.0346451833	0.0549115795	0.0931480622	-0.0071797688	0.0475867403	-0.053365759	0.0906444936	-0.0145705036	-0.1277757462	-0.0503488012	0.0349251026	-0.0186250264	-0.0841015683	0.0527997072	0.062646402	-0.078256079	-0.0308470363	0.0	0.0	-0.0817795993195318	0.0174037074072117	0.0003028890315158	0.0066879028648631	-0.1642808547095597	-0.0001655603526272	0.0269881992241034	2.7410230362075095e-08	0.2603532986628352	-0.0174236909460603	0.0003035850061838	0.0677838401246194	-0.0385089646725622	-0.0006374643530272	0.0014829403601526	4.063608013803892e-07	-0.0051059258243402	-0.0010396124579857	1.0807940627990694e-06	2.607047852366415e-05	-0.0031689893914268	0.0001417055014488	2.0080449140884197e-08	1.00424937629756e-05	0.0	0.0	0.0	0.0	0.0	0.0	0.0	0.0	0.0	0.0	0.0	0.0	0.0	0.0	0.0	0.0	0.0	0.0	0.0	0.0	0.0	0.0	0.0	0.0	0.0	0.0
2427.623419329409	-0.6004541058641735	5893355.466076612	0.360545133249144	2999.6710787259617	7.432925180288748	8998026.580544975	55.24837673577052	2816.3158625255087	8.809390895315573	77.60536794646892	7931635.0375128	2841.897183459052	1925.7743487350724	0.7402379999999998	16.462749	0.1199316905582684	0.0747948929462226	0.0046715799	-0.0046838162	-0.0537686202	0.0313220108	0.0922103014	-0.0127861368	-0.0116057009	-0.0244118933	-0.0666165067	-0.0370310592	0.0189502618	-0.0499917118	-0.0807610322	-0.021878721	0.0155380897	-0.023726259	0.0135907878	0.0569274447	0.0042742709	-0.0374166712	-0.0305828167	-0.0527343961	0.0275483093	0.0068935979	0.0286946096	-0.0412351232	0.0518802138	0.0605772623	-0.0597748891	-0.0051094581	0.0225550143	0.0200679928	0.0675904198	0.0288086035	-0.0506280812	-0.0186211239	-0.0073282232	-0.0806357107	0.0016579179	0.0485015884	0.0249536313	0.0078528889	0.0238368599	-0.0105618181	0.0465281149	-0.0272076568	0.0449433243	0.0541435033	-0.0380338597	-0.0587568303	0.0272866495	0.0487774434	0.0076643703	-0.0228757221	-0.0024148298	-0.0133212846	0.0221798098	-0.0875060636	0.0263320523	0.0337323649	-0.0590408718	0.0330662295	0.0332088874	-0.1185578881	-0.0409398484	0.0078732574	-0.0198081701	-0.0831094865	0.0557250359	0.0590271739	-0.0812344112	-0.0239206467	0.0	0.0	-0.0949229781430744	-0.0131433788235426	0.0001727484068991	0.0090103717795505	-0.1806534315148269	-0.0163725768052672	0.0326356623180822	0.0002680612712443	0.2575385790281217	-0.0028147196347134	7.922646622041527e-06	0.066326119687824	-0.0398007692375426	-0.0012918045649804	0.0015841012319001	1.668759034104209e-06	-0.0050898402183998	1.608560594040017e-05	2.5874671846983723e-10	2.590647344884012e-05	-0.0027248592564527	0.0004441301349741	1.972515767921124e-07	7.42485796747596e-06	0.0	0.0	0.0	0.0	0.0	0.0	0.0	0.0	0.0	0.0	0.0	0.0	0.0	0.0	0.0	0.0	0.0	0.0	0.0	0.0	0.0	0.0	0.0	0.0	0.0	0.0
2427.7714276897536	0.1480083603446473	5894074.105106745	0.0219064747319109	3005.093796011118	5.422717285156068	9030588.72282451	29.4058627547304	2815.8607986777383	-0.4550638477703614	0.2070831055475667	7929072.03753003	2840.60265153556	1918.1550401926409	0.680861	15.142214	0.1438060433616634	0.0921429971363363	-0.0194345853	0.0041904604	-0.0846374474	0.0012099017	0.050354114	0.003057671	-0.0112569992	-0.065139282	-0.0669414981	0.0116400925	-0.0123703851	-0.0423177634	-0.0603137818	0.0432195425	-0.0221361876	0.0162482303	0.0006990972	0.0527589168	-0.1332623908	0.0391264898	0.0326089674	-0.0540100649	0.0503021072	-0.0166423102	-0.0168850476	0.0481437252	0.0915602567	0.0500814786	0.0303858364	0.0326539892	-0.0054847834	0.0247756008	-0.0068973347	0.1037834172	-0.0788959399	-0.0803131803	0.0105403617	0.0156346169	0.0187915605	0.0839376165	0.0186188983	-0.0142869188	0.0394683465	-0.014010641	0.0563440585	-0.0059481165	0.0038202911	0.0705183038	-0.0300310169	-0.0615898115	0.024189158	0.0771153577	0.0078232805	-0.0117071812	-0.0044701953	0.0220788474	0.0515447163	0.0714468692	0.0637380045	0.023157195	-0.0425698954	0.0610524183	0.0346401641	-0.0730459907	0.0021724356	0.0026843059	-0.0209878625	-0.0820594844	0.0585629907	0.0552434265	-0.0838590164	-0.0168442907	0.0	0.0	-0.0932029156439284	0.001720062499146	2.95861500096842e-06	0.0086867834845292	-0.1799407506684929	0.0007126808463339	0.0323786737511407	5.079139887313411e-07	0.3026670322284701	0.0451284532003483	0.002036577288256	0.0916073323979897	-0.0412061954458262	-0.0014054262082836	0.0016979505431196	1.975222826930417e-06	-0.0051761869035447	-8.634668514490018e-05	7.455750035512525e-09	2.6792910860427672e-05	-0.0031579832993409	-0.0004331240428882	1.8759643652781966e-07	9.97285851891604e-06	0.0	0.0	0.0	0.0	0.0	0.0	0.0	0.0	0.0	0.0	0.0	0.0	0.0	0.0	0.0	0.0	0.0	0.0	0.0	0.0	0.0	0.0	0.0	0.0	0.0	0.0
2428.002004836684	0.2305771469305	5895193.735490957	0.0531658206866094	3003.538851224459	-1.5549447866587798	9021245.630814742	2.417853289557318	2808.091102287783	-7.769696389955243	60.368181992083535	7885375.638747817	2834.988526232489	1904.5870396703988	0.712791	15.852332	0.1219484232244245	0.0657637732853068	-0.0275704934	0.003850444	-0.0931593592	0.0113203793	0.0451744606	-0.0005892888	-0.0599486129	0.0173049798	-0.0503911225	0.0207646218	-0.0141663376	-0.0412270895	-0.0372330517	-0.0980858706	0.1034306043	-0.0945397623	-0.0016282077	-0.0787909602	0.0459114702	0.0628851581	0.0122931809	-0.0204434951	0.0184387911	-0.0077899903	0.0051334048	0.1074664157	0.0678125846	0.0451398428	-0.0934073772	-0.1217362918	0.0374191783	-0.0348181758	-0.0174046505	-0.0825531619	0.0279723918	-0.026277875	0.0422780053	-0.0183981458	0.047643122	0.0304581468	0.0464200149	0.0263352639	0.0527168101	-0.0143481729	0.0695077893	0.0056738112	0.0312002014	0.0602027675	-0.0475783041	-0.0378052676	0.0597630248	0.0752179987	0.0223446138	-0.0333396366	0.0026802277	-0.0226982189	0.0151874231	-0.0368482997	-0.0371469791	-0.0209406693	-0.1031629445	0.0526971976	0.0168469912	-0.0663866219	0.0067536459	0.0435189885	-0.0221638981	-0.0809522936	0.0613091217	0.0513057058	-0.0861184661	-0.0096623322	0.0	0.0	-0.1045904052848953	-0.0113874896409669	0.0001296749203231	0.0109391528776586	-0.1772503881499716	0.0026903625185213	0.0314177000993155	7.238050481064331e-06	0.3180413254402765	0.0153742932118064	0.0002363688917625	0.1011502846878078	-0.0423254489569684	-0.0011192535111421	0.0017914436294089	1.2527284222041397e-06	-0.0054718798713742	-0.0002956929678294	8.743433122381765e-08	2.994146932675013e-05	-0.00272300422125	0.0004349790780909	1.892067983768096e-07	7.414751988945318e-06	0.0	0.0	0.0	0.0	0.0	0.0	0.0	0.0	0.0	0.0	0.0	0.0	0.0	0.0	0.0	0.0	0.0	0.0	0.0	0.0	0.0	0.0	0.0	0.0	0.0	0.0
2428.550282707086	0.5482778704017619	5897856.475636667	0.3006086231722912	2994.6892080453727	-8.849643179086343	8968163.45278342	78.31618439714943	2806.950229339897	-1.140872947886237	1.3015910832186324	7878969.589991299	2833.941293608567	1903.302439717642	0.745002	16.56868	0.2113711836637772	0.1326671694353239	-0.0149623556	-0.0166238508	-0.0515258573	0.0025359031	0.027142099	-0.0218583451	-0.0373923624	-0.002476009	-0.1011151798	-0.0225125176	-0.0461849409	-0.0370252651	0.0169884185	0.0840468453	0.0129478377	-0.0468755565	-0.0693487162	-0.0980322358	0.0437331435	0.0242090856	0.0056978212	-0.0373491603	0.0424524232	-0.0068036675	-0.0077719452	-0.0009649345	-0.0384095688	0.0211286442	0.0916074581	0.0172591264	0.0417900684	0.0161637982	-0.0299002606	-0.1131321736	0.0082911893	-0.0081859885	-0.0030582413	0.0072135962	0.0344830329	0.0264106339	0.042711475	-0.050862333	0.0341700739	-0.0142942599	0.0453615464	-0.0320318734	-0.0016009193	0.0368458938	-0.0239880446	-0.0626734942	0.0279978044	0.0512450445	0.0019838798	-0.0133703373	-0.0221733024	-0.0026698827	0.0838900194	0.014173447	0.0848889302	-0.0030863682	-0.0362430921	-0.0174451732	0.0259225141	-0.0293944581	-0.0239290131	0.0038717535	-0.0233360719	-0.0797886859	0.0639591232	0.0472249869	-0.0880029215	-0.0024197973	0.0	0.0	-0.09084426483561	0.0137461404492852	0.0001889563772514	0.0082526804535224	-0.1778218860132057	-0.000571497863234	0.0316206231452935	3.2660980768114146e-07	0.2287759034525436	-0.0892654219877329	0.007968315562648	0.0523384140005275	-0.0405544211492232	0.0017710278077451	0.0016446610747485	3.136539495806764e-06	-0.0053467784913119	0.0001251013800623	1.5650355293492048e-08	2.858804023515556e-05	-0.002982637500713	-0.000259633279463	6.740943980471229e-08	8.89612646065949e-06	0.0	0.0	0.0	0.0	0.0	0.0	0.0	0.0	0.0	0.0	0.0	0.0	0.0	0.0	0.0	0.0	0.0	0.0	0.0	0.0	0.0	0.0	0.0	0.0	0.0	0.0
2436.6115965252075	8.061313818121562	5937076.072321121	64.98478047423764	3009.6707228440505	14.981514798677836	9058117.859944629	224.445785663003	2814.241135982045	7.290906642148002	53.15731966451786	7919953.17145351	2840.4784393521013	1917.1583576467715	0.970036	21.573395	0.392253563995683	0.2287988713999955	-0.0614892844	-0.0423725668	0.0160661285	-0.0951060432	-0.0086390048	0.021094728	-0.1007983296	-0.0115567079	-0.0045098315	-0.0880470036	0.006179957	0.0209660517	0.0073468117	-0.0775536597	0.1142523229	0.0285320865	0.0230308963	-0.1121393255	-0.0575366122	0.0956067514	0.0042419441	0.0983840555	0.0205645824	0.0047161848	0.0392220256	-0.0055859926	0.0134181124	0.0379030819	-0.0414078785	-0.1228207458	-0.0601010949	-0.0702784342	-0.133562598	-0.062777208	-0.0187624544	-0.0403817286	0.0882816005	0.0157300861	0.0907266971	-0.071080264	0.007875036	-0.0086540197	0.0729118333	-0.0160962845	0.0207382385	-0.0654512628	-0.0446984264	-0.0936093916	0.0077023118	-0.0114847093	0.0037161513	-0.0162207567	0.0162866865	0.007516949	0.063513213	0.021273837	0.1001121046	-0.0293564698	-0.0752992482	-0.0450254465	0.042493314	0.0317460805	-0.0463127871	-0.0519052132	0.0863793932	0.0071078347	-0.0245041797	-0.0785694722	0.0665088402	0.0430126435	-0.0895041772	0.0048379081	0.0	0.0	-0.1158848650019024	-0.0250406001662923	0.0006270316566881	0.0134293019365091	-0.1416612107562684	0.0361606752569373	0.0200678986329318	0.0013075944350376	0.3509746993640519	0.1221987959115083	0.0149325457222224	0.1231832395936866	-0.0368310556933537	0.0037233654558695	0.0013565266634869	1.3863450317962298e-05	-0.0056218239747305	-0.0002750454834186	7.565001794897143e-08	3.160490480285464e-05	-0.0028039785867822	0.0001786589139307	3.191900752693297e-08	7.862295915133104e-06	0.0	0.0	0.0	0.0	0.0	0.0	0.0	0.0	0.0	0.0	0.0	0.0	0.0	0.0	0.0	0.0	0.0	0.0	0.0	0.0	0.0	0.0	0.0	0.0	0.0	0.0
2437.589829203256	0.9782326780486984	5941844.175435159	0.9569391724023282	3038.933551494892	29.262828650841584	9235117.130401358	856.3131406485151	2818.6794973748933	4.438361392848492	19.699051853528005	7944954.108921581	2848.5598131061424	1918.09778409837	1.132196	25.17981	0.2678247793552492	0.1850366414116804	-0.0085275015	-0.0467662803	0.0535412131	-0.0162720069	0.0916958229	0.090169731	-0.0089135741	-0.0828431856	-0.149854607	-0.0180685904	-0.002808221	-0.038658323	-0.0364188285	-0.0061470771	-0.0644755209	0.0401364207	-0.0172302889	-0.1673715084	0.0428105076	0.0073811349	-0.0863063055	0.0358440419	-0.0581138716	-0.0926814965	-0.0270158137	-0.0495352878	-0.0171118199	0.0277729385	-0.0178035204	0.1104000914	-0.0337845468	-0.0294910315	-0.0250763916	-0.1430897835	-0.0344926551	-0.0404379735	-0.0484474374	0.0629313543	0.0448739235	-0.0539084054	-0.092374456	0.0242297363	0.0190037555	-0.0027508679	0.008718459	-0.1253654112	0.0035595867	-0.1415517831	0.0168468033	0.0104966285	-0.0163135342	-0.0800068653	-0.0097373454	-0.0020644462	0.0734256557	-0.0175201227	0.0198300037	-0.0245555377	0.0797628946	0.053211898	0.003179298	0.0580639692	0.0628043101	0.0427559814	-0.0188932065	-0.0558871726	-0.0256680179	-0.0772955021	0.0689542748	0.0386804161	-0.0906156961	0.0120652831	0.0	0.0	-0.1225873645728654	-0.006702499570963	4.49235004987592e-05	0.0150276619529206	-0.1286669835759823	0.012994227180286	0.0165551926625421	0.0001688499400128	0.1864547499653071	-0.1645199493987448	0.0270668137501655	0.0347653737846251	-0.0354908338689839	0.0013402218243698	0.0012595992887158	1.796194538517126e-06	-0.0058559091364485	-0.000234085161718	5.479586293654235e-08	3.429167181434102e-05	-0.0029018336647995	-9.785507801730008e-05	9.575616293771884e-09	8.420638618163697e-06	0.0	0.0	0.0	0.0	0.0	0.0	0.0	0.0	0.0	0.0	0.0	0.0	0.0	0.0	0.0	0.0	0.0	0.0	0.0	0.0	0.0	0.0	0.0	0.0	0.0	0.0
2437.53590180972	-0.0539273935360142	5941581.272611326	0.0029081637735881	3034.462135667068	-4.471415827823876	9207960.452797145	19.993559505313875	2817.1207344397235	-1.5587629351698524	2.4297418880593336	7936169.232410207	2843.1695762055497	1917.5049236598304	1.102869	24.527588	0.6147613233615616	0.3844779443877347	-0.108408875	-0.0429173583	-0.0313816194	-0.0691533378	0.0176658169	0.0673125174	-0.1152477514	-0.0213775927	0.0168553046	-0.0169738875	0.0225293941	0.1191185498	0.0013678072	-0.0077962829	0.1076148928	0.0775363901	0.1043087404	-0.0550146981	0.0083777297	0.0471742618	-0.0860605808	-0.0438245338	0.0547712948	-0.1528020633	-0.0786494856	-0.0709355937	0.04267412	0.0338823187	0.0210749166	-0.085940715	-0.12495237	-0.0623907652	0.0205318068	-0.0325606325	-0.0035531039	-0.1302143803	-0.0524642553	0.0602182183	0.0816247716	0.0697376118	-0.1091863791	0.0540640225	0.1140552917	-0.0249266945	0.0590266891	-0.0587187921	-0.0413681587	-0.0615444812	0.0152169447	0.0257590543	-0.0058854352	-0.0193761246	-0.0033367586	-0.0137414327	0.0511169536	0.057648413	0.0262717426	0.0490331403	-0.0529775741	-0.1041049358	0.0112075433	-0.0084301045	-0.0097693744	0.0286324203	-0.0474673433	-0.0225984068	-0.0268273839	-0.0759676635	0.0712915927	0.0342403795	-0.091332638	0.0192170168	0.0	0.0	-0.1122449986754929	0.0103423658973725	0.0001069645323551	0.0125989397276614	-0.189456947121684	-0.0607899635457017	0.0358939348126685	0.0036954196678877	0.4469766410521245	0.2605218910868174	0.0678716557354515	0.1997881176462397	-0.04017826447688	-0.0046874306078961	0.0016142929363741	2.197200570384121e-05	-0.0053573601221734	0.0004985490142751	2.485511196346741e-07	2.870130747865379e-05	-0.0033779960992617	-0.0004761624344621	2.267306639929687e-07	1.141085764662726e-05	0.0	0.0	0.0	0.0	0.0	0.0	0.0	0.0	0.0	0.0	0.0	0.0	1.0	0.0	0.0	0.0	0.0	0.0	0.0	0.0	0.0	0.0	0.0	0.0	0.0	0.0
2431.889497803464	-5.646404006256034	5914086.529526785	31.881878201864197	3031.11359018179	-3.348545485278009	9187649.59658474	11.21275686697574	2821.38191612794	4.261181688216311	18.15766937999001	7960195.916653765	2848.781204370959	1909.8794088230989	0.744329	16.553724	0.158092163185201	0.0752347598004567	-0.0960459164	-0.0306586395	-0.0454235148	-0.0741059079	0.0085009824	0.0658222318	-0.084490863	-0.0830227934	0.0123619094	-0.0315258441	0.0169040822	0.0682593391	-0.0985239558	-0.0008647346	-0.0016648148	0.0507899668	0.1037203997	-0.0540539363	0.047944184	-0.0923631762	0.01866287	0.0713858555	-0.0063018132	-0.085906953	0.0351497511	-0.0440035014	0.0400854663	0.1096618413	-0.0414542217	0.0325630619	-0.0724661553	-0.0748963479	0.0373512148	-0.0460581563	-0.0285572405	0.0047412577	0.0151554971	-0.047439998	-0.0218492787	-0.0040657078	-0.0930967908	0.0016029966	0.1108907931	-0.0240303544	0.0587351128	-0.0524485514	-0.0461121226	-0.0288954746	0.0166537523	0.0110646666	-0.0057697417	0.0067236594	0.0103281695	0.0105493344	0.0029410714	-0.0045706913	0.0019574729	-0.1144724378	0.0112857208	-0.0570671058	0.0548475313	-0.0598681051	-0.03219932	0.0352089227	0.0081037977	-0.035102718	-0.0279820755	-0.0745868818	0.0735171291	0.0297049088	-0.0916518812	0.0262482726	0.0	0.0	-0.0981480502718312	0.0140969484036617	0.0001987239542955	0.0096330397721619	-0.1844151981963335	0.0050417489253505	0.0340089653257929	2.541923222627296e-05	0.4067378820080307	-0.0402387590440938	0.0016191577294086	0.1654357046603786	-0.0412795559384386	-0.0011012914615586	0.0017040017384746	1.21284288330188e-06	-0.0059833088411718	-0.0006259487189984	3.9181179881573817e-07	3.579998468884463e-05	-0.0036250500549466	-0.0002470539556849	6.103565701955666e-08	1.3140987900868348e-05	0.0	0.0	0.0	0.0	0.0	0.0	0.0	0.0	0.0	0.0	0.0	0.0	0.0	0.0	0.0	0.0	0.0	0.0	0.0	0.0	0.0	0.0	0.0	0.0	0.0	0.0
2429.295024012476	-2.594473790988104	5901474.313691776	6.731294252124185	3017.5826819786657	-13.530908203124454	9105805.242577557	183.08547680138065	2814.999409874513	-6.382506253426982	40.73638607503453	7924221.677593855	2843.747814352101	1896.0784642309457	0.702188	15.616522	0.1118930348415159	0.0694939542976528	-0.0922686637	-0.0410714358	-0.035987262	-0.084334755	0.0196788518	0.044608791	-0.1228062016	-0.0584292358	0.0535188762	-0.0016596073	-0.0637981288	-0.0069478114	0.0024418336	0.0792128897	0.0242488047	0.0577197774	0.1098127925	-0.0334954559	0.0290380084	0.0372692685	-0.0200774529	0.0080010576	0.0180682704	-0.0322571395	-0.0537679685	-0.018365871	0.1140768578	0.0424161384	0.0730719658	-0.0033287409	-0.0967547929	-0.0639371677	0.0288289644	-0.0306160809	0.025475357	-0.0425234358	0.0089369619	-0.0145321299	0.0393295702	0.0119958631	-0.0153272607	0.063936369	0.1109927593	-0.0297382276	0.0595111891	-0.0488598654	-0.03287947	-0.0278883719	-0.0171162022	0.0076577648	0.0558010692	0.0051134787	0.0065772974	0.0481803267	0.0509366404	0.0215883958	0.0310305937	0.0373852947	0.0059960466	0.0042223845	0.0892188274	0.0159052076	-0.0644858823	0.0288566194	0.0886269664	0.0371324487	-0.0291318917	-0.0731541193	0.0756273945	0.0250866452	-0.0915720357	0.0331149692	0.0	0.0	-0.0952931938350047	0.0028548564368264	8.150205274889668e-06	0.0090807927912757	-0.1920575825477328	-0.0076423843513993	0.0368861150140792	5.840603857451291e-05	0.4024883662475105	-0.0042495157605201	1.805838419890944e-05	0.1619968849645901	-0.041329644748088	-5.0088809649399824e-05	0.0017081395350031	2.508888852093809e-09	-0.006936066662976	-0.0009527578218041	9.07747467009083e-07	4.8109020753247024e-05	-0.0026849711205448	0.0009400789344018	8.837484029060244e-07	7.209069918159598e-06	0.0	0.0	0.0	0.0	0.0	0.0	0.0	0.0	0.0	0.0	0.0	0.0	0.0	0.0	0.0	0.0	0.0	0.0	0.0	0.0	0.0	0.0	0.0	0.0	0.0	0.0
2432.492964366065	3.19794035358882	5917022.021690406	10.226822505111784	2998.5757427509016	-19.006939227764175	8991456.48501412	361.26373880792073	2818.117653889498	3.1182440149850663	9.723445736990186	7941787.111163648	2846.901597184806	1903.4699359640272	0.751989	16.724077	0.1356704441904746	0.0821597649239886	-0.092065417	-0.0348222068	-0.0633713011	-0.0880389364	0.0575569686	0.0015368507	-0.0954498959	-0.0867070578	0.0487638918	0.0088406469	0.0109426927	-0.0688837003	-0.0853778524	-0.0167261115	0.0348836572	0.032957127	0.0853371379	0.0096760092	-0.0222752121	-0.0863959708	0.151356292	-0.0079020391	0.0005860682	-0.0452791686	0.0148650487	-0.0422704436	0.0283350469	0.0904885177	-0.043633946	-0.0152685411	-0.0862521538	-0.0651084331	0.0447795597	-0.0062958797	-0.0826214592	0.0378993535	0.1030746393	-0.0298681329	-0.1015660546	0.0401863366	0.0244092721	-0.023944236	0.1144069947	-0.0295717758	0.0722701726	-0.0383479662	-0.0535965054	-0.0081984434	-0.0102527997	0.0026409751	0.0536749942	0.0198262169	0.0039253126	0.0304791703	0.0011258754	-0.0157296028	-0.0512352377	-0.082293382	-0.0157447388	0.0224288573	0.0117969424	0.0564931816	-0.0158583007	-0.0104268357	0.0595888352	0.0077151696	-0.030276632	-0.0716703745	0.0776190801	0.0203984606	-0.0910934489	0.0397740572	0.0	0.0	-0.0906020358122674	0.0046911580227372	2.200696359429253e-05	0.0082087288933273	-0.186265869775795	0.0057917127719377	0.0346949742433334	3.3543936832627384e-05	0.3893835251163011	-0.0131048411312094	0.0001717368610742	0.151619529631997	-0.0428512295518519	-0.0015215848037639	0.0018362278741055	2.3152203150452324e-06	-0.006682135419578	0.000253931243398	6.448107637365448e-08	4.465093376557885e-05	-0.0031511097186747	-0.0004661385981299	2.1728519266650866e-07	9.929492459126147e-06	0.0	0.0	0.0	0.0	0.0	0.0	0.0	0.0	0.0	0.0	0.0	0.0	0.0	0.0	0.0	0.0	0.0	0.0	0.0	0.0	0.0	0.0	0.0	0.0	0.0	0.0
2432.1177540631843	-0.3752103028805322	5915196.769629348	0.1407827713877007	2994.098439378005	-4.477303372896586	8964625.464685805	20.046245492951144	2809.308899520666	-8.80875436883207	77.59415353041807	7892216.492926015	2836.764485957705	1897.968891880796	0.670291	14.907137	0.0980166111843146	0.0483200106489625	-0.0894706122	-0.0399659951	-0.0696671656	-0.0843172979	0.0607983362	-0.0075255627	-0.082239193	-0.0687217922	-0.0473895075	-0.0054614686	-0.0427567567	-0.1003288789	0.0439491881	0.1857298434	-0.0338022886	0.0419214858	0.0008068746	-0.1306012722	-0.0008574632	-0.0251557034	0.1384434549	0.0151453195	-0.002917268	-0.033070162	0.0029739271	-0.0072160814	0.0327666439	0.0317052084	0.1932730928	0.064778612	-0.0500407488	-0.0423691081	-0.0433763407	-0.1165575939	-0.0318042656	-0.0098356782	0.1015042299	0.0099596805	-0.096358432	-0.0057602239	0.0254496612	-0.0391507945	0.1130305739	-0.0322062812	0.0760236201	-0.0420169618	-0.0522943857	-0.0107260375	-0.0089088605	0.0070860101	0.0779722239	0.0273695425	0.0129629929	0.0085503273	0.0422354414	0.0136615951	0.0015074266	0.0386508639	0.0843396233	0.037451755	0.0441299948	0.0731235912	0.0320406026	0.0333145484	0.0230463644	0.0011550169	-0.031416097	-0.0701366814	0.079489063	0.0156534218	-0.090218205	0.0461837883	0.0	0.0	-0.0854262672332595	0.0051757685790079	2.6788580383445545e-05	0.0072976471334082	-0.1668733851273316	0.0193924846484634	0.0278467266638547	0.0003760684608408	0.3739685425537828	-0.0154149825625182	0.0002376216874027	0.1398524708198004	-0.043698656614144	-0.000847427062292	0.0019095725898808	7.181326259050185e-07	-0.0065651590831474	0.0001169763364305	1.36834632847249e-08	4.310131378703281e-05	-0.0029548456095109	0.0001962641091638	3.8519600545860094e-08	8.731112576045841e-06	0.0	0.0	0.0	0.0	0.0	0.0	0.0	0.0	0.0	0.0	0.0	0.0	0.0	0.0	0.0	0.0	0.0	0.0	0.0	0.0	0.0	0.0	0.0	0.0	0.0	0.0
2436.3542360366946	4.236481973510308	5935821.963453946	17.947779511877798	3013.366721754808	19.2682823768032	9080378.99977932	371.2667057522248	2816.393971820556	7.085072299890271	50.19824949467242	7932075.004507167	2843.4021284011314	1913.6816589732807	0.683335	15.197219	0.1736519091362753	0.0845032768627434	-0.1117800719	-0.0406585068	-0.0725093685	-0.1032898147	0.0874711795	0.0167512451	-0.1434213767	0.0122929433	-0.0116569517	-0.0026721514	0.039702122	-0.0481812143	-0.0277600097	0.0008011239	0.0859404096	0.0654627774	0.0493504241	-0.0988073705	0.0351669042	0.0452705971	0.0811652681	0.0554708858	-0.000359164	0.0035969417	-0.0191536461	0.0150958775	0.0653175039	0.0715237499	0.0031217684	-0.0639275426	-0.1100255839	-0.0477871121	-0.0350993986	-0.097140983	0.008388335	-0.0236132314	0.1006617025	0.0281190529	-0.0151102349	-0.0171535451	-0.0059318506	0.0039742351	0.1300997335	-0.033785138	0.0950526625	-0.0387297202	-0.0855892619	-0.0158918606	0.0022812671	0.0239711201	0.0644890519	0.0253922268	0.0353271948	-0.0078190377	0.034686166	-0.0136566665	-0.0118485056	-0.008648558	-0.0611261575	-0.0563588631	-0.0032458046	0.0880926094	0.0136031707	0.013272185	0.0498222813	0.0202833454	-0.0325500881	-0.068554109	0.0812344112	0.0108647541	-0.088950115	0.0523039779	0.0	0.0	-0.0801305657744535	0.0052957014588059	2.804445394079992e-05	0.006420907571334	-0.2093189078900934	-0.0424455227627617	0.0438144052003014	0.0018016224026041	0.4165172368883603	0.0425486943345774	0.0018103913895773	0.1734866086251144	-0.0444555805317285	-0.0007569239175845	0.0019762986404129	5.729338170114685e-07	-0.0071062267081556	-0.0005410676250082	2.927541748320149e-07	5.049845802770398e-05	-0.0033240938785208	-0.0003692482690099	1.363442841668077e-07	1.1049600113219455e-05	0.0	0.0	0.0	0.0	0.0	0.0	0.0	0.0	0.0	0.0	0.0	0.0	0.0	0.0	0.0	0.0	0.0	0.0	0.0	0.0	0.0	0.0	0.0	0.0	0.0	0.0
2434.319286800787	-2.0349492359077885	5925910.390090291	4.141018392721692	2984.6659236027645	-28.70079815204372	8908230.675515544	823.735814564356	2822.0278558266327	5.6338840060766415	31.740648993926182	7963841.219061462	2844.2003052599675	1890.6027062252465	0.7546199999999998	16.782591	0.2164515168449189	0.0959343880926053	-0.1350172114	-0.0436884239	-0.0865916265	-0.0702906992	0.1084386333	-0.0386781066	-0.1878906463	0.0370957206	-0.0639915067	-0.017492583	0.0225811727	-0.040989059	-0.1302600134	0.0603121893	0.0041596458	0.0654651299	0.0459603838	-0.084495103	-0.0084555856	0.0531282421	0.0589908616	0.0702066202	0.1123258167	-0.0705338752	-0.0407136168	0.0097851244	0.0225320275	0.159681761	0.0344837564	0.0305213842	-0.0676303144	-0.0465736477	-0.0531926548	-0.0171823077	-0.0143495674	0.0181137829	0.0939011642	0.0407378717	0.1010452248	0.0955007905	-0.0469316899	-0.0666940678	0.157004497	-0.0292419809	0.0954262214	-0.0481354827	-0.0448058263	-0.0089484403	-0.0092961705	0.0221516131	0.0925362637	0.0229553527	0.0247691244	-0.0536767646	0.0482263775	-0.0261184035	0.0597437812	-0.0240784447	0.0499578831	-0.0786433441	0.0257977351	0.0295815314	0.0884265095	0.061283176	-0.0230659087	0.0929078742	-0.0336784079	-0.0669237601	0.0828523881	0.0060458045	-0.0872947008	0.0580962564	0.0	0.0	-0.0593170555879964	0.0208135101864571	0.0004332022062817	0.0035185130836294	-0.1659047161142268	0.0434141917758665	0.0275243748289421	0.0018847920475517	0.4772334591117655	0.0607162222234052	0.0036864596410819	0.2277517744957811	-0.0455196122390204	-0.0010640317072918	0.0020720350983907	1.1321634741225127e-06	-0.0065152932591721	0.0005909334489835	3.492023411275355e-07	4.24490462530134e-05	-0.0031489071816124	0.0001751866969084	3.06903787736757e-08	9.915616438410148e-06	0.0	0.0	0.0	0.0	0.0	0.0	0.0	0.0	0.0	0.0	0.0	0.0	0.0	0.0	0.0	0.0	0.0	0.0	0.0	0.0	0.0	0.0	0.0	0.0	0.0	0.0
2431.8034621510783	-2.51582464970852	5913668.078529971	6.329373668080998	2998.764347956731	14.098424353966491	8992587.614576358	198.76556926451556	2815.7242752878287	-6.303580538803999	39.73512760918852	7928303.194445169	2842.673798154633	1891.013649328783	0.691274	15.37378	0.1838583998841049	0.0910048948979156	-0.1565962378	-0.0315677986	-0.082814444	-0.1014403922	0.0705087918	-0.0102954899	-0.1776312267	-0.0268188215	-0.0559353509	-0.0115317959	0.0320208381	0.0081585059	-0.0583761565	0.0636463533	0.0979376898	0.0656012406	0.0905007549	-0.0499276671	0.0099169561	0.0094803751	0.1123920753	0.0602277572	0.0789839615	0.0205971796	0.0072163639	0.056615972	0.1001037187	0.1085303759	0.0494383965	-0.0622140945	-0.120377908	-0.0630353897	0.0288036143	-0.0463377571	-0.0335380347	0.0416480865	0.0722382334	0.016778232	0.0758909163	0.0702597988	-0.0249825919	-0.1445087216	0.1797314687	-0.0234672696	0.1076601826	-0.0388151424	-0.0635540922	-0.0264587489	-0.0127809632	0.0562775378	0.1047138788	0.0407797164	0.0229602278	-0.0408447568	0.0357425504	0.0350765099	-0.0084191219	0.0304641926	-0.0554752541	-0.1379415448	0.0252105848	-0.042163868	0.0197765042	0.0639647559	-0.0002437816	0.0897109665	-0.0348008596	-0.0652467709	0.0843404568	0.001210004	-0.0852591707	0.0635243102	0.0	0.0	-0.0816529419148963	-0.0223358863268999	0.0004988918180081	0.0066672029233574	-0.1896479501856589	-0.023743234071432	0.0359663450096221	0.0005637411641708	0.5392826509969737	0.0620491918852081	0.0038501022136073	0.2908257776663237	-0.0460084285752578	-0.0004888163362373	0.0021167754999645	2.3894141057255015e-07	-0.0075124884180832	-0.0009971951589111	9.943981849557352e-07	5.643748223183423e-05	-0.0031774974384752	-2.859025686280034e-05	8.174027874809018e-10	1.009648997151646e-05	0.0	0.0	0.0	0.0	0.0	0.0	0.0	0.0	0.0	0.0	0.0	0.0	0.0	0.0	0.0	0.0	0.0	0.0	0.0	0.0	0.0	0.0	0.0	0.0	0.0	0.0
2434.208846272013	2.405384120934741	5925372.707268924	5.785872769244997	2995.015557391827	-3.748790564904084	8970118.189019075	14.053430699513882	2814.327706439221	-1.3965688486077852	1.9504045489016748	7920440.439231446	2839.805543507543	1903.133673866897	0.645159	14.348196	0.1661986132987876	0.0888284798580589	-0.1544432503	-0.0630469784	-0.0608781565	-0.134574894	0.0794441186	-0.0185760216	-0.1463069163	-0.0906987114	-0.0641604794	-0.0617818498	0.0108113713	0.0028215729	-0.2072597134	0.0093983332	-0.0207479661	-0.0994033527	0.1086106044	-0.0030573523	-0.0120833508	0.0804861165	0.0565465384	-0.0418970192	0.0964234421	-0.0929145329	-0.0793562054	0.0089998924	0.0192101026	0.2106058695	-0.0473989196	0.0446687211	0.040443119	-0.11281254	0.1111874084	0.0010803671	-0.042746727	-0.0547224179	0.0290814854	0.1102583324	0.1047854928	0.1012936571	-0.0425628092	-0.1007992588	0.185107374	-0.0358006609	0.0976794581	-0.0763662645	-0.0835168762	-0.0424663819	0.0225805188	0.0371467375	0.0464639861	-0.0055469005	0.0221863977	-0.014106624	-0.0121015218	0.0140954857	0.0063570204	-0.0817260582	0.0516997927	-0.1164717227	0.0957023233	-0.0601338434	0.0427410091	0.0591641017	-0.0489540693	0.0481464626	-0.0359172478	-0.0635243102	0.0856962841	-0.0036291689	-0.0828523881	0.068554109	0.0	0.0	-0.0778402790753318	0.0038126628395645	1.4536397928196109e-05	0.0060591090465255	-0.2007942196934351	-0.0111462695077762	0.0403183186622954	0.0001242393239399	0.5327756102090717	-0.0065070407879019	4.234157981542009e-05	0.2838498508336487	-0.045110883755023	0.0008975448202347	0.0020349918331591	8.055867043303138e-07	-0.0062099185722586	0.0013025698458246	1.6966882032515231e-06	3.856308867408229e-05	-0.0038720355756867	-0.0006945381372114	4.823832240412201e-07	1.4992659499383432e-05	0.0	0.0	0.0	0.0	0.0	0.0	0.0	0.0	0.0	0.0	0.0	0.0	0.0	0.0	0.0	0.0	0.0	0.0	0.0	0.0	0.0	0.0	0.0	0.0	0.0	0.0
2434.0036076036818	-0.2052386683312761	5924373.561827738	0.0421229109783955	3002.759060434195	7.743503042368047	9016561.975019649	59.96183936716321	2816.9015192399947	2.573812800773794	6.624512333427043	7934934.16909659	2843.61779650458	1913.6347388100955	0.662436	14.732446	0.1438543466404508	0.0862122678342841	-0.1326656579	-0.0588471996	-0.0689782901	-0.1369031825	0.0815797278	0.0104923859	-0.1393126684	-0.1310292627	-0.0505503482	-0.0094725143	0.0651936263	0.0342163533	-0.095076957	0.1080885243	0.0189395688	0.0446733697	0.1426940524	0.0351888187	-0.0093395138	0.0490128359	0.0320229835	0.033520582	0.0091089881	-0.0096432503	-0.065953603	-0.0320679666	0.0476826957	0.1282721234	0.073263537	0.0228189258	-0.0951989232	-0.0870602352	0.0908705303	0.0499266227	-0.0291900471	-0.0339268862	0.0107868014	0.0494190869	0.0707632511	0.0640363674	-0.0784229715	-0.1258133445	0.1617223694	-0.0421738705	0.0974103803	-0.0763976594	-0.1193663093	-0.0143559186	0.0248695967	0.0078635695	0.029183159	0.0514078911	0.0203000055	0.0130694303	0.0019093205	0.0523661264	0.0361368547	0.0620901393	0.0007059647	-0.1781042594	0.0676305076	0.0119555285	0.0130080307	0.0333881142	-0.0182527057	0.0402694781	-0.0370273778	-0.0617575784	0.0869177441	-0.0084582266	-0.0800848332	0.0731541193	0.0	0.0	-0.0768007760848661	0.0010395029904656	1.0805664671871192e-06	0.0058983592072377	-0.1844100654936795	0.0163841541997556	0.0340070722553831	0.0002684405088413	0.4524389242175672	-0.0803366859915045	0.0064539831160975	0.2047009801471495	-0.045760686974583	-0.0006498032195599	0.0020940404723857	4.22244224150541e-07	-0.0059689097035025	0.0002410088687561	5.8085274819095076e-08	3.56278830485663e-05	-0.0039031035565451	-3.106798085840022e-05	9.652194346179223e-10	1.523421737311501e-05	0.0	0.0	0.0	0.0	0.0	0.0	0.0	0.0	0.0	0.0	0.0	0.0	0.0	0.0	0.0	0.0	0.0	0.0	0.0	0.0	0.0	0.0	0.0	0.0	0.0	0.0
2435.5912322490085	1.5876246453267413	5932104.650608243	2.520552014448861	3086.993083308293	84.23402287409817	9529526.296393242	7095.370609554094	2820.436966269569	3.535447029574243	12.49938569892534	7954864.68069989	2861.753121800916	1845.589712741386	1.790801	39.827034	0.6868039394602239	0.3660495637250964	-0.0744053923	-0.0755088254	0.0188031172	0.0815234476	0.0915422109	0.2652530745	0.0119971919	-0.2177871489	-0.0931481497	-0.2767762858	0.089202841	0.0390635963	-0.0085367978	-0.0446275242	-0.1014738502	0.0890157561	0.1107432179	-0.0499028171	-0.0345474807	-0.1688587666	0.0263381141	0.0066059345	-0.1390834502	-0.2857713604	-0.0084930743	-0.0723713895	-0.0392893977	-0.0507669707	-0.0945311385	0.1520083743	-0.1298540345	-0.0736009467	0.2369795734	-0.1356228945	-0.3349512769	0.0815234114	0.0051366352	0.0734794405	-0.0281116828	-0.172171984	-0.0500777629	0.058577974	0.0959932537	-0.0373184755	0.0088201398	-0.2252998554	0.0977034205	-0.0967734599	0.0522189625	0.084555601	-0.0654035202	-0.1504363534	-0.1053953639	-0.145161444	0.1679039389	0.2511530527	-0.2326322613	-0.1372868117	-0.0429519226	0.2744313797	-0.0064732557	-0.2342833199	0.0878370006	0.1824532192	-0.023013677	-0.2064643209	-0.0381310563	-0.0599478067	0.0880029215	-0.0132637098	-0.0769685571	0.0772955021	0.0	0.0	-0.0599476611982083	0.0168531148866577	0.0002840274813828	0.0035937220831351	-0.0763824690872212	0.1080275964064583	0.0058342815838603	0.0116699615853566	0.2646902296801343	-0.1877486945374329	0.0352495723005103	0.0700609176881222	-0.04103079192266	0.0047298950519229	0.0016835258858006	2.2371907202205664e-05	-0.0036662694924662	0.0023026402110363	5.302151941481296e-06	1.3441531991388368e-05	-0.0043540589661793	-0.0004509554096341	2.0336078147834882e-07	1.8957829480966357e-05	0.0	0.0	0.0	0.0	0.0	0.0	0.0	0.0	0.0	0.0	0.0	0.0	0.0	1.0	0.0	0.0	0.0	0.0	0.0	0.0	0.0	0.0	0.0	0.0	0.0	0.0
2466.1359722156826	30.544739966674115	6081826.63345619	932.981139631739	3087.500141789363	0.5070584810700893	9532657.125549337	0.2571083032251061	2814.498666744716	-5.938299524852937	35.26340124686862	7921402.745107784	2844.1807970770474	1958.9189945557016	2.769357	61.589924	1.3860700661420151	1.1466932461122306	0.2091179656	0.1432170204	0.1035401865	-0.0888728796	0.0180170421	0.2587268425	0.0944047129	0.1463284343	-0.0702614966	0.0692070109	0.226677535	-0.0131778092	0.0591178483	-0.0959290847	-0.1630399525	0.0782653251	0.0023591615	0.1812925529	0.0213119852	0.0910070877	-0.1006170516	0.2509525356	-0.0906663095	-0.1789496985	-0.1448803422	-0.0138229917	-0.2133598971	-0.1678308875	-0.0831252435	0.1465307205	-0.035814935	0.0595670946	0.0832919859	0.1710546422	0.0197408076	0.2086141534	0.1197443178	0.2293707287	0.217714793	-0.1629240036	-0.1491409548	0.1849066175	-0.2357062437	0.1247582102	-0.0280108871	-0.105094927	-0.248120857	-0.0360202292	0.2210117874	0.1866835026	-0.1520014028	0.0325560067	0.0506033416	-0.2962912664	-0.1487422027	0.346911256	-0.2367641506	0.0480715073	0.2442158942	0.0441386871	-0.0713085917	-0.0641948357	-0.2133322977	-0.2879568244	0.1445622196	0.3093672642	-0.039228091	-0.0580962564	0.088950115	-0.0180322247	-0.0735171291	0.0809522936	0.0	0.0	-0.086575794703279	-0.0266281335050707	0.0007090574939638	0.0074953682285043	-0.0958141234658143	-0.0194316543785931	0.0091803462555223	0.000377589191889	-0.8643707477767322	-1.1290609774568665	1.274778690815855	0.7471367896121072	-0.0386334405938198	0.0023973513288402	0.0014925427321162	5.747293393891892e-06	-0.0054752481289692	-0.001808978636503	3.2724037073242537e-06	2.997834207378073e-05	-0.0043414029154928	1.2656050686499914e-05	1.6017561897925495e-10	1.8847779274649385e-05	0.0	0.0	0.0	0.0	0.0	0.0	0.0	0.0	0.0	0.0	0.0	0.0	0.0	0.0	1.0	0.0	0.0	0.0	0.0	0.0	0.0	0.0	0.0	0.0	0.0	0.0
2445.712852458638	-20.423119757044788	5981511.356681366	417.1038206105931	3009.7173790564902	-77.78276273287292	9058398.701794667	6050.158178358405	2829.6233176664537	15.124650921737611	228.7550655044184	8006768.119881708	2852.393356007543	1977.7705097699643	1.88527	41.928017	0.5873703817507692	0.39109594581297	0.2002633647	0.0350800287	0.0508403208	-0.0316115628	-0.0623834126	0.024677174	0.1456209169	0.1184259843	0.0216407354	0.2260082727	-0.0462852244	0.1022587727	0.0052219567	-0.1461563219	-0.1201576097	0.1957430589	0.049860124	0.0010325579	0.1053774514	-0.0619480894	-0.0567759071	0.1643324627	-0.0550275951	0.0820979888	-0.0040670205	0.0343404284	-0.1313025333	-0.0843657584	-0.1463134427	0.0883083507	-0.1327220525	-0.0229642417	-0.1331262181	0.0976787864	0.2103996538	0.0806726496	-0.0376819085	-0.0297748231	-0.1039095137	-0.1298441382	-0.0838415306	0.0447732909	-0.219761943	0.0538750198	-0.0763476707	0.0273384008	-0.0777181348	0.0326359349	0.1846960771	0.141011664	-0.0866956354	0.0591373725	0.0592274249	-0.0881214065	0.0827150669	-0.1396584084	0.0514770493	-0.0314970198	0.0275070943	-0.2826085697	-0.1310899746	0.1088339813	0.0389817982	-0.0865448842	-0.0843169045	-0.2521318578	-0.0403182907	-0.0562042179	0.0897578394	-0.0227504805	-0.0697455783	0.0841015683	0.0	0.0	-0.06708405158966	0.019491743113619	0.0003799280496073	0.0045002699776841	-0.0742955210013605	0.0215186024644538	0.0055198244408635	0.0004630502520231	-0.6929183071754608	0.1714524406012714	0.0293959393881324	0.4801357804189062	-0.0451581513148445	-0.0065247107210247	0.0020392586301743	4.257184999305468e-05	-0.0063137473206591	-0.0008384991916898	7.03080894464615e-07	3.986340522912996e-05	-0.0044763449142067	-0.0001349419987139	1.820934301690224e-08	2.003766379094419e-05	0.0	0.0	0.0	0.0	0.0	0.0	0.0	0.0	0.0	0.0	0.0	0.0	0.0	0.0	0.0	1.0	0.0	0.0	0.0	0.0	0.0	0.0	0.0	0.0	0.0	0.0
2422.062296189685	-23.65055626895264	5866385.766623651	559.3488118308951	3001.171514423077	-8.545864633413203	9007030.458984505	73.03180233262258	2816.102457206384	-13.520860460069798	182.81366758067887	7930433.049483833	2839.565042261584	1943.8297242956144	1.394385	31.01083	0.3977751956330272	0.2038525193673158	0.2166276152	0.1341626275	0.1159375638	0.1429238799	0.0206986068	-0.0125050275	0.1690083044	0.1522488698	-0.0531601033	0.2334432971	0.1080187837	0.1856477827	0.0430920397	-0.0731875613	-0.1380015128	0.0679758054	-0.05744102	0.0638418944	0.0468209623	0.0418201995	-0.03340404	0.1169241281	0.0814365706	0.1004576402	-0.1112047889	0.1030074153	-0.1735890493	-0.1153375658	-0.0481209234	0.1064054005	-8.55026e-05	0.0616791379	-0.0985510851	0.149021739	0.1725226409	0.1405758031	-0.0291399371	0.1291067884	0.039572901	0.0339694446	-0.0310544805	-0.0084499215	-0.2311183802	0.0851754288	-0.1279511673	0.0845428673	0.0651257474	0.0465684062	0.143148087	0.13464158	0.0575828767	-0.0094448889	-0.0470676099	-0.0765342328	0.0572677794	-0.1052682027	0.0848601334	0.0585486509	0.0009933586	-0.1707287228	-0.0100221468	-0.0659119035	0.1114893607	0.034916701	-0.144145261	0.1179064875	-0.0414014655	-0.0542730098	0.0904248282	-0.0274053266	-0.0656703274	0.0867235824	0.0	0.0	-0.078336023651957	-0.011251972062297	0.0001266068752907	0.0061365326015999	0.0059753163835978	0.0802708373849583	3.570440588409229e-05	0.0064434073344824	-0.8647923509958275	-0.1718740438203667	0.0295406869391653	0.7478658103408905	-0.0462829676099656	-0.0011248162951211	0.0021421130907851	1.2652116977699618e-06	-0.0069350210086838	-0.0006212736880247	3.859809954318123e-07	4.809451639088567e-05	-0.0035348680500444	0.0009414768641623	8.863786857528779e-07	1.24952921312247e-05	0.0	0.0	0.0	0.0	0.0	0.0	0.0	0.0	0.0	0.0	0.0	0.0	0.0	0.0	0.0	0.0	0.0	0.0	0.0	0.0	0.0	0.0	0.0	0.0	0.0	0.0
2406.710984719088	-15.351311470597013	5792257.763967523	235.66276386728336	2986.5419104942907	-14.62960392878631	8919432.583138889	214.02531111315983	2808.8225214253625	-7.279935781021322	52.99746497579453	7889483.956866331	2829.8425814924567	1932.6634498106823	1.016184	22.599718	0.3980236490216201	0.224533701572113	0.1930551217	0.075221889	0.1075759911	0.1551538658	0.0359615047	-0.0372604432	0.19456834	0.0713068739	0.0676689538	0.1004373063	0.1194292513	0.107617288	0.0784280508	-0.1335183541	-0.0071453206	0.0154521912	-0.1156139272	0.1571118116	0.0097593713	-0.0099983327	-0.0319821676	0.0824638695	0.0739298902	0.1671460548	-0.0606948881	0.0085883313	-0.1049059288	-0.1363106575	-0.1014091085	-0.0454889334	0.0465392721	0.1336054338	-0.0323134764	0.1234409241	0.081558694	0.1131247482	-0.0500114917	0.0691593521	-0.0076128304	0.0201049364	-0.0541433084	-0.0644291581	-0.1989397128	0.0432747459	-0.1059278677	0.0200853709	0.1327738904	0.0259251286	0.0313017815	0.1366307065	0.0385145094	0.025049932	0.0281185062	0.0272097923	0.0265470562	-0.0679644793	-0.0076847759	0.0071688441	-0.1069722472	-0.096009666	0.1005822119	-0.0595900458	0.0076590648	0.0366356929	-0.0430830215	0.0424596277	-0.0424774267	-0.0523039779	0.0909500356	-0.0319837892	-0.0613091217	0.0888018974	0.0	0.0	-0.0690928873127632	0.0092431363391938	8.543556938492517e-05	0.0047738270772141	-0.0505974635617434	-0.0565727799453412	0.0025601033188819	0.0032004794307439	-0.6551929763047823	0.2095993746910451	0.0439318978708771	0.4292778361991191	-0.0450286023385665	0.001254365271399	0.0020275750285647	1.5734322340921327e-06	-0.007895386542678	-0.0009603655339942	9.223019588839664e-07	6.233712865830087e-05	-0.0032974316945169	0.0002374363555274	5.637602292618136e-08	1.0873055780004595e-05	0.0	0.0	0.0	0.0	0.0	0.0	0.0	0.0	0.0	0.0	0.0	0.0	0.0	0.0	0.0	0.0	0.0	0.0	0.0	0.0	0.0	0.0	0.0	0.0	0.0	0.0
2404.7368034122787	-1.9741813068094416	5782759.093685504	3.8973918321558343	2952.4087064302885	-34.13320406400226	8716717.169805368	1165.0756196748202	2804.6351346913834	-4.18738673397911	17.53420765990424	7865978.238745354	2825.1362601023707	1894.578661979074	0.875372	19.468098	0.2177278428666226	0.1296893848277377	0.1673129548	0.0388008702	0.0889859971	0.1273224528	0.0083189029	-0.1069938188	0.1793412821	0.032455795	0.0113259723	-0.0056256515	0.0795548345	0.0171348759	0.0501175642	-0.0312849105	-0.0708593755	-0.0600657047	-0.1252562174	0.1128063242	0.013966111	-0.045554089	0.0324745631	0.0089687968	0.0730291233	0.0249268537	-0.0132312661	0.0239817123	-0.116772398	-0.0873100432	-0.0163849108	0.042310224	0.1257359586	0.1059548392	-0.0205017715	0.0719435515	0.0484282618	0.0780998175	-0.0142617344	0.0027590968	-0.0240701741	0.07700768	-0.0431057141	-0.0208906692	-0.1728552191	0.0171984605	-0.1035059316	0.0327411445	0.1190933957	0.0475647968	0.0292398035	0.082795765	0.0484831731	0.0278716578	0.015464302	0.099676683	-0.0192236545	-0.0352740362	-0.0401647011	-0.0016655119	0.0571416199	0.0343117058	0.073987323	0.0104828333	0.0706393662	0.0432515104	-0.0458402429	0.0750940651	-0.0435459867	-0.0502984945	0.091332638	-0.0364731072	-0.0566809517	0.0903234838	0.0	0.0	-0.0862972279254421	-0.0172043406126789	0.000295989335917	0.0074472115476157	-0.0416355075781638	0.0089619559835796	0.0017335154912913	8.031665505161821e-05	-0.5564748521663532	0.0987181241384291	0.0097452680334103	0.3096642610935646	-0.046546358612704	-0.0015177562741374	0.0021665635001024	2.3035841076837444e-06	-0.0079092331594341	-1.3846616756098967e-05	1.917287955902807e-10	6.255596917029191e-05	-0.0029721661427718	0.0003252655517451	1.0579767915204437e-07	8.833771580239e-06	0.0	0.0	0.0	0.0	0.0	0.0	0.0	0.0	0.0	0.0	0.0	0.0	0.0	0.0	0.0	0.0	0.0	0.0	0.0	0.0	0.0	0.0	0.0	0.0	0.0	0.0
2406.769771672006	2.032968259727113	5792540.73383412	4.132959945057887	2946.0236572265626	-6.385049203725885	8679055.38893857	40.76885333400055	2793.8637690553423	-10.771365636041082	116.0223176652867	7805674.760040123	2815.8087323208515	1879.542643751944	0.839667	18.674021	0.1331471898482918	0.0840007264895955	0.1354030324	0.0161210557	0.0658239588	0.1169419246	0.0112278165	-0.1193471465	0.1484338217	0.0782719488	-0.0326415437	0.0186579443	0.1075056867	0.0282048544	0.2166183251	-0.0959176136	0.0356260847	-0.1114206467	0.0484104191	0.1070769332	-0.0214913719	0.061490727	0.0287438346	0.0402976872	0.0164474311	-0.0266992264	-0.1099670261	0.0385396479	-0.0280314502	-0.2061219154	0.0049671455	-0.1310187699	0.1005009855	-0.0523979531	0.0084496254	0.0755939344	0.0593982657	-0.00741137	0.0553202734	0.0749072066	0.0130505791	0.0624734625	-0.0881495986	0.0463113709	-0.1542902513	-0.0093119747	-0.0926622725	0.009065976	0.0875370012	0.0633234592	0.0257895254	0.0614865602	0.0931969359	0.0109295346	-0.0288786796	0.0884851868	0.0303005662	0.0201372987	-0.0124125255	0.0410357342	-0.0905684612	-0.0070476055	-0.0095064383	-0.0373101333	0.0681552991	0.1142569776	-0.0002726365	0.0860410751	-0.0446069594	-0.0482579572	0.0915720357	-0.0408607681	-0.0518059702	0.0912788023	0.0	0.0	-0.0873991441920623	-0.0011019162666201	1.2142194586421831e-06	0.0076386104055048	-0.0477024968435841	-0.0060669892654203	0.0022755282051121	3.680835874672522e-05	-0.4821206074814768	0.0743542446848763	0.0055285537026584	0.2324402801583082	-0.0471389427405349	-0.0005925841278308	0.0022220799226954	3.51155948557107e-07	-0.0082074669339204	-0.0002982337744862	8.89433842443452e-08	6.736251347139672e-05	-0.0028305032524615	0.0001416628903103	2.006837449106814e-08	8.01174866219513e-06	0.0	0.0	0.0	0.0	0.0	0.0	0.0	0.0	0.0	0.0	0.0	0.0	0.0	0.0	0.0	0.0	0.0	0.0	0.0	0.0	0.0	0.0	0.0	0.0	0.0	0.0
2413.73675189034	6.966980218334356	5826125.107426129	48.53881336266223	2970.053112792969	24.02945556640634	8821215.492811205	577.4147348178967	2801.6097504911368	7.74598143579442	60.00022840367178	7849017.19404701	2823.9001089372305	1880.457481973875	0.912769	20.299791	0.1357076945238098	0.0735153466449757	0.1243464199	-0.0363311674	0.0481612229	0.0721761701	-0.021675906	-0.0773190808	0.0855939278	0.1440866893	-0.0171662257	-0.1881012024	-0.0307930527	0.0336076015	0.0514367238	-0.0221633793	-0.0463095804	-0.1171590333	-0.0360285058	0.0451093348	0.0151294412	-0.0213758852	-0.0096991027	0.1277921362	0.027457386	0.0186478265	0.0292940102	-0.060004149	-0.0072477141	-0.0540496598	-0.0108276114	-0.0081027751	0.1325550417	-0.0315020929	-0.0061076419	0.0162737474	0.0487227237	0.0700112932	0.0136196356	-0.0615770424	0.0253594377	-0.0728494709	-0.0614616748	-0.0800969925	-0.1304084235	-0.026804756	-0.0692755461	-0.0222429876	0.0565266087	0.0326000785	0.0070624183	0.0532948154	0.056831272	0.0689041721	0.0262488239	0.0782563644	-0.0207161398	0.001160947	0.0335315487	-0.0771306098	0.0128079712	-0.0378154652	0.025792229	-0.0892577538	0.0054169925	0.0527454863	0.034147371	-0.0098526303	-0.04566016	-0.0461837883	0.0916678532	-0.0451345427	-0.0467054048	0.0916618636	0.0	0.0	-0.0684255933391568	0.0189735508529054	0.0003599956319677	0.0046820618238156	-0.0289169256525525	0.0187855711910316	0.0008361885891952	0.0003528976849733	-0.431247466776874	0.0508731407046028	0.0025880764451503	0.185974377601471	-0.0462584462224394	0.0008804965180954	0.0021398438469143	7.752741183782965e-07	-0.0082441375933055	-3.667065938510114e-05	1.3447372597381062e-09	6.796580465735301e-05	-0.0028061617944367	2.434145802479972e-05	5.925065787730864e-10	7.874544016556202e-06	0.0	0.0	0.0	0.0	0.0	0.0	0.0	0.0	0.0	0.0	0.0	0.0	0.0	0.0	0.0	0.0	0.0	0.0	0.0	0.0	0.0	0.0	0.0	0.0	0.0	0.0
2410.334782739949	-3.401969150391324	5809713.7648860365	11.573394100214264	2961.882728928786	-8.170383864182895	8772749.299926633	66.75517248810021	2802.8866416529604	1.2768911618236416	1.6304510391433291	7856173.525956611	2823.730772494612	1881.1853792877432	0.757842	16.854239	0.1387883011172982	0.0739981500275494	0.1297159431	-0.0346054868	0.0591839626	0.0750837322	-0.0340221159	-0.0714790618	0.1212743155	0.0403467543	0.0342693765	-0.0180461856	-0.0177731174	0.0181137877	0.126620659	0.0069241845	-0.0059529484	-0.0094330209	-0.0450214464	0.0775496131	-0.0567982558	0.0615314913	-0.050065617	0.0809271251	0.0558286846	0.0270343164	-0.0489816501	-0.0605590108	-0.0462955587	-0.1293704344	0.0543454591	-0.0277822086	0.0552667368	0.0630470342	-0.0325150567	0.0962345216	-0.0071561795	0.0264798025	-0.018686806	0.0329594216	0.1053659672	-0.0217070878	-0.0226701651	-0.0205104551	-0.1350549045	-0.0265249609	-0.0821290372	-0.0091976109	0.0903021023	0.0400093649	0.0024233938	0.0600182284	0.0517349017	0.0616203654	0.0165109104	0.0754664438	0.0399319766	0.0108832222	0.0773165379	0.0457223077	-0.0348440286	-0.0246327241	0.0704953754	-0.0466049695	-0.0264755079	0.042467179	0.1145679046	0.0234508552	-0.0467054048	-0.0440774331	0.0916199402	-0.0492825193	-0.0414014655	0.0914702662	0.0	0.0	-0.0705620852959754	-0.0021364919568185	4.564597881550514e-06	0.0049790078813165	-0.0426229690180832	-0.0137060433655306	0.0018167174879164	0.0001878556247378	-0.467010042943663	-0.035762576166789	0.0012789618540853	0.2180983802102419	-0.047341077762955	-0.0010826315405155	0.0022411776437581	1.172091052519177e-06	-0.0080118278417751	0.0002323097515304	5.396782065611637e-08	6.418938536624267e-05	-0.0023774392939195	0.0004287225005172	1.8380298244972059e-07	5.652217596272451e-06	0.0	0.0	0.0	0.0	0.0	0.0	0.0	0.0	0.0	0.0	0.0	0.0	0.0	0.0	0.0	0.0	0.0	0.0	0.0	0.0	0.0	0.0	0.0	0.0	0.0	0.0
2409.1009275377764	-1.2338552021724354	5803767.279063375	1.5223986599279813	2965.022586763822	3.139857835035855	8791358.940019626	9.858707224236046	2803.274493301124	0.3878516481636325	0.1504289009832461	7858347.884792673	2826.0975654970366	1881.4913657894456	0.721923	16.055408	0.1936352159363616	0.1014302063318751	0.1131084607	-0.0450750545	0.0425576535	0.0692141315	-0.029422551	-0.0692215762	0.1231263846	0.0192541978	0.0439172236	-0.0373478818	0.0118608086	0.0397783427	0.0171660505	-0.0280716131	-0.0276072091	-0.0872511157	-0.0767525689	0.1383822502	-0.0780620608	-0.0990265727	0.0740733491	0.0109396295	0.1333942255	-0.0098495234	0.0738886348	-0.0004295918	-0.0584948256	-0.0397798268	-0.0291564606	-0.0124062306	0.1062493001	0.0618132939	0.0026324303	0.0946104369	-0.0786724266	0.1382736815	0.030582637	-0.1026985514	-0.0133498006	0.090763016	0.0668991318	-0.0050957574	-0.1135635811	-0.0439442562	-0.0664675702	-0.0028985331	0.0753446187	0.0325818085	-0.0192930462	0.0492808613	0.0506903944	0.060812319	0.0237419651	0.0885907411	0.0032936655	-0.0395751268	0.0130633972	-0.0835164929	-0.0465024451	0.0286010697	0.0632262722	-0.0402156797	0.0018511771	0.0266780699	0.1300659225	-0.0021239446	-0.0477425119	-0.0419403596	0.091428372	-0.0532931366	-0.0359172478	0.0907052112	0.0	0.0	-0.0708417133625829	-0.0002796280666075	7.819185563464918e-08	0.0050185483521463	-0.0586150150788995	-0.0159920460608163	0.0034357199926996	0.0002557455372112	-0.3975636700964102	0.0694463728472528	0.0048227987016396	0.1580568717805272	-0.0480202395347376	-0.0006791617717826	0.0023059434049735	4.6126071225088134e-07	-0.0087031797555601	-0.000691351913785	4.779674686941828e-07	7.574533785759117e-05	-0.0031652689875856	-0.000787829693666	6.206756262220205e-07	1.0018927763771168e-05	0.0	0.0	0.0	0.0	0.0	0.0	0.0	0.0	0.0	0.0	0.0	0.0	0.0	0.0	0.0	0.0	0.0	0.0	0.0	0.0	0.0	0.0	0.0	0.0	0.0	0.0
2407.887084798625	-1.2138427391514597	5797920.213140021	1.4734141953907185	2958.893549992488	-6.129036771334086	8755051.040187147	37.56509174436536	2799.322399117096	-3.952094184027828	15.619048439426583	7836205.894198695	2819.144279364224	1861.6214434168253	0.659729	14.672238	0.1165028680285533	0.0847714439008245	0.0897248825	-0.0415227254	0.0374131507	0.0859410347	-0.0635640991	-0.0917881647	0.1087816573	0.0271921605	0.0416100272	-0.02670168	-0.004332648	0.029669364	0.1074696597	0.0772254999	-0.0486815485	-0.0489401848	-0.1190103122	0.0576970666	-0.1206881811	0.0290266459	-0.007294696	-0.0289361699	0.0089870416	0.0489904562	0.0255567237	-0.0086331689	-0.0321065535	-0.0890989947	0.1174644388	0.0237795932	0.1154551881	0.0761180228	-0.0761326665	0.0703144325	-0.0484878377	-0.0116438865	-0.0194744521	0.0072612358	-0.0344280557	-0.0045553821	0.0286975002	-0.01776581	-0.1014016057	-0.0433246346	-0.0703253563	0.0234607967	0.0849553117	0.0380265174	-0.0216666066	0.0415077521	0.0300831239	0.0661786125	0.0196035016	0.079567124	0.0262805472	0.0065969541	0.0538523329	0.0186663202	0.0290795335	0.0497854015	0.0671346581	-0.0210968381	0.0040738372	0.0674485641	0.1435883002	0.0034974704	-0.0487713005	-0.0397740572	0.0910934489	-0.0571552164	-0.030276632	0.0893714952	0.0	0.0	-0.0683188370517484	0.0025228763108344	6.364904879769848e-06	0.0046674634961033	-0.0598183240618652	-0.0012033089829657	0.0035782318935703	1.4479525084859522e-06	-0.3708456763923422	0.0267179937040679	0.0007138511875706	0.1375265156988938	-0.0495319192072036	-0.001511679672466	0.0024534110203489	2.285175432146917e-06	-0.0085888898922685	0.0001142898632916	1.306217285121295e-08	7.3769029581512e-05	-0.0030700647427295	9.52042448561e-05	9.063848238620246e-09	9.42529752455075e-06	0.0	0.0	0.0	0.0	0.0	0.0	0.0	0.0	0.0	0.0	0.0	0.0	0.0	0.0	0.0	0.0	0.0	0.0	0.0	0.0	0.0	0.0	0.0	0.0	0.0	0.0
2412.287758427997	4.400673629371795	5819132.229461569	19.365928392248325	2970.5846012995794	11.691051307091584	8824372.873478182	136.68068066504784	2801.0516469260174	1.7292478089211727	2.990297984658677	7845890.328746954	2822.129150053879	1868.0866787894247	0.7681759999999999	17.08408	0.3024373641036778	0.2058530185798504	0.0539530632	-0.0430558931	-0.0043355876	0.0532067752	-0.0893518011	-0.0654220766	0.0555165662	0.080454695	0.064505679	-0.0151577466	0.0046130297	-0.0036050443	0.0879034719	-0.0602916164	0.0480275091	-0.063976953	-0.0104533729	-0.0498882814	-0.0123663537	0.0122039067	-0.0425799079	0.0173055577	-0.05893372	0.1549942197	0.037443772	0.0608632176	-0.0486044445	-0.0763898596	-0.0178192636	-0.0925907475	0.075702774	-0.0221923231	-0.0625692569	-0.0231095752	0.0433510019	0.0071863978	-0.0342549852	0.0044195299	-0.0344286885	-0.0761193392	0.0625898081	0.0465477033	-0.0604561114	-0.0500500758	-0.0451204072	0.0706813028	0.0588881755	0.055971481	-0.0296468465	0.0018221696	0.0022315932	0.0816074652	0.0226416355	0.063101232	0.0297244486	-0.0087830316	-0.0037112534	-0.0655391562	-0.0502369181	0.040835308	-0.035686692	0.0349161928	-0.0348179173	0.0381617319	0.1836130623	-0.04678316	-0.0497915913	-0.0375800356	0.0906156961	-0.0608579944	-0.0245041797	0.0874774795	0.0	0.0	-0.0641625136074139	0.0041563234443345	1.7275024573924628e-05	0.0041168281524215	-0.0891170470134881	-0.0292987229516229	0.0079418480684042	0.0008584151665959	-0.2664543061082867	0.1043913702840555	0.0108975581897827	0.0709978972436485	-0.05268625277175	-0.0031543335645463	0.0027758412311287	9.949820236423984e-06	-0.008500982010104	8.790788216449935e-05	7.727795746647503e-09	7.226669513611184e-05	-0.0030204872409671	4.9577501762399726e-05	2.457928681000748e-09	9.123343172845044e-06	0.0	0.0	0.0	0.0	0.0	0.0	0.0	0.0	0.0	0.0	0.0	0.0	0.0	0.0	0.0	0.0	0.0	0.0	0.0	0.0	0.0	0.0	0.0	0.0	0.0	0.0
2416.2364355521845	3.948677124187725	5838198.512489926	15.59205103108344	2967.537447415865	-3.0471538837146	8806278.501815466	9.28514679103697	2804.913552326998	3.861905400980504	14.914313326122388	7867540.036027659	2826.9670778892782	1859.070408981772	0.751774	16.719288	0.1614425935861798	0.0742388878984255	0.0339070728	-0.0385004462	-0.0135284713	0.0739404007	-0.0519299311	-0.0739110958	0.0436088808	0.000580215	0.011651182	-0.0049252173	-0.0287302766	-0.0244861612	0.0497548332	0.0392878135	-0.0419017645	-0.0744682397	-0.0108048141	-0.0933054457	-0.01202746	0.035940695	0.0287757706	-0.0369732752	0.049032315	-0.0039877952	-0.0038386526	-0.0472499129	-0.0412583174	-0.0345621463	0.0562863592	0.0292171658	0.0804369885	-0.0351918542	-0.0279502214	-0.0585326062	0.0202971314	-0.0260802921	-0.0153007085	0.0290847958	0.0137382042	0.0119124223	0.0690952781	0.0017109187	-0.0402218609	-0.0499297606	-0.0362412994	0.0689801404	0.055236593	0.0250737996	-0.0455991012	-0.0159226366	0.0029240964	0.0673902173	0.0197620108	0.0355632562	0.0319545183	-0.0101091943	-0.0015995264	0.0114874345	0.0763139494	0.1063870017	-0.0108834349	0.0433373877	0.0459696904	0.0227939704	0.0893486081	-0.0158923287	-0.0508032066	-0.0353598238	0.0899958625	-0.0643911502	-0.0186250264	0.0850350384	0.0	0.0	-0.0914374195580336	-0.0272749059506196	0.0007439204946151	0.0083608016954318	-0.0646865354858476	0.0244305115276405	0.0041843478731618	0.0005968498935021	-0.217045301569172	0.0494090045391146	0.0024412497295462	0.0471086629332528	-0.0533131746371198	-0.0006269218653697	0.002842294589888	3.9303102527874857e-07	-0.0083462473722764	0.0001547346378275	2.3942808143638507e-08	6.965984519923072e-05	-0.0034453941691458	-0.0004249069281786	1.8054589761425874e-07	1.1870740980783875e-05	0.0	0.0	0.0	0.0	0.0	0.0	0.0	0.0	0.0	0.0	0.0	0.0	0.0	0.0	0.0	0.0	0.0	0.0	0.0	0.0	0.0	0.0	0.0	0.0	0.0	0.0
2421.2203019967	4.98386644451557	5862307.750800991	24.83892473676827	2981.039530123197	13.502082707332193	8886596.68015713	182.30623743563905	2810.6891621074715	5.775609780473587	33.35766833630216	7899973.5659884	2831.799797110722	1866.1780259664497	0.706805	15.719193	0.2673074692424186	0.1460520925401405	0.0045808827	-0.0114799346	-0.0222393831	0.0324625736	-0.0855811233	-0.0461300054	-0.0105686009	0.026687569	0.0882029622	0.0148179666	-0.0367626359	-0.0064473007	0.0350756961	-0.0046896661	0.0619354917	0.0226725817	0.0185032733	0.0262424557	-0.0594657309	-0.031502329	0.032757359	0.0223247876	-0.0341742293	0.0627769367	0.0576413921	-0.0132597796	0.0291990795	-0.0233311319	0.018434564	-0.0719280841	-0.0196382224	0.0121195639	-0.0386342939	0.0480327142	-0.0314336053	0.0094167211	0.0188640714	-0.0484733871	-0.0562636643	-0.0306130295	0.0722544563	0.0207748164	-0.0134673842	-0.0299279607	-0.021818347	0.1039628782	0.0237851575	0.0316072264	-0.0500448743	-0.0437339498	-0.0288209487	0.0800424882	0.0281398727	0.0266996082	0.0351416279	0.0189936805	-0.075921168	0.0324679227	-0.0201350814	0.0495645041	-0.0682801809	0.0942777627	0.0025571512	0.0063559903	0.076155044	-0.0507191535	-0.0518059702	-0.0331149692	0.0892349201	-0.0677448364	-0.0126647723	0.0820594844	0.0	0.0	-0.1131111456814579	-0.0216737261234243	0.0004697504040732	0.0127941312773719	-0.055415270319969	0.0092712651658786	0.0030708521846352	8.595635777603401e-05	-0.1455570905507315	0.0714882110184405	0.005110564314617	0.0211868666095938	-0.055523010347321	-0.0022098357102012	0.0030828046780287	4.883373866080458e-06	-0.0077050618408225	0.0006411855314538	4.1111888574582005e-07	5.9367977970899015e-05	-0.0038918582661842	-0.0004464640970384	1.993301899443139e-07	1.5146560764066286e-05	0.0	0.0	0.0	0.0	0.0	0.0	0.0	0.0	0.0	0.0	0.0	0.0	0.0	0.0	0.0	0.0	0.0	0.0	0.0	0.0	0.0	0.0	0.0	0.0	0.0	0.0
2419.5343854619537	-1.6859165347464111	5854146.642432754	2.842314562131348	2987.3046987680286	6.265168644831647	8923989.363281542	39.252338148181614	2807.523609540616	-3.1655525668556947	10.020723053526678	7882188.818127968	2827.379557516164	1865.1167292646496	0.690493	15.356418	0.1258383164342933	0.059472093247562	-0.0036348013	-0.0054616355	-0.0203734029	0.0196506091	-0.1096048762	-0.0293634376	-0.0082138661	0.0120517499	0.0529690435	-0.020765315	-0.0493112384	-0.0147135741	-0.1263403861	0.0183691864	-0.0861954031	-0.1542665846	-0.0038335062	0.0179356619	0.0032595161	0.0551597754	-0.0945102416	-0.0973939392	-0.0758623628	0.0767205403	-0.0012592253	0.0071307039	-0.0613776544	0.0987911429	-0.0232528408	0.0758967154	0.1589167705	-0.0150699477	0.0443354368	0.0406114202	0.060246014	-0.1041112722	-0.082477771	0.0296982899	-0.0285023018	-0.0809448267	0.0748140173	0.0238985971	-0.0052992841	-0.0219825689	-0.0215620288	0.1189612156	0.0173188325	0.022035167	-0.0583145824	-0.058323258	-0.0342064116	0.0531893607	0.0399155102	0.0271448784	0.0017882808	-0.0397876549	-0.0360099978	-0.0637350638	0.0684339603	0.07438846	-0.0278419271	0.055649242	-0.0172618448	0.0198741521	0.0476073924	-0.025020148	-0.0527997072	-0.0308470363	0.0883340621	-0.0709097055	-0.0066493708	0.0785694722	0.0	0.0	-0.1288646774264208	-0.0157535317449628	0.0002481737624395	0.0166061050882154	-0.045929704190172	0.009485566129797	0.0021095377269967	8.997596480275205e-05	-0.1370765513074729	0.0084805392432585	7.191954585644896e-05	0.0187899809183502	-0.0563768549940031	-0.000853844646682	0.0031783497790148	7.290506806676737e-07	-0.0082932978443228	-0.0005882360035003	3.460215958140056e-07	6.877878913464921e-05	-0.0042921512023273	-0.0004002929361431	1.6023443472606406e-07	1.842256194363969e-05	0.0	0.0	0.0	0.0	0.0	0.0	0.0	0.0	0.0	0.0	0.0	0.0	0.0	0.0	0.0	0.0	0.0	0.0	0.0	0.0	0.0	0.0	0.0	0.0	0.0	0.0
2420.4300871945225	0.8957017325687957	5858481.806996483	0.8022815937267425	2995.2794442983773	7.974745530348628	8971698.949436396	63.59656627381541	2805.306291784692	-2.2173177559238866	4.91649803073534	7869743.390726779	2829.01238045528	1854.5655356971704	0.711756	15.829315	0.1528402148899195	0.0878620002203739	-0.0195219025	0.0029620914	-0.0151893664	0.0462337343	-0.0765307479	-0.0067843993	-0.003423582	-0.0274774799	0.066987401	0.0318383067	-0.0461233715	-0.0109043188	0.0173641703	0.0626897822	0.0772911339	-0.0299430974	-0.0122130489	0.0608536642	-0.0126558146	-0.0064319227	-0.1234734531	-0.0766277749	0.0117826007	0.0194103911	0.0064834751	-0.0148849753	0.0869011236	-0.005051356	0.0545252893	-0.0612628054	0.0124231673	0.0541377797	0.0536742448	0.0243231773	0.012422007	-0.0189516564	-0.1090054758	-0.0585331356	0.0394935064	0.0102494339	0.0590292257	0.0668081819	0.0135550312	-0.0128123984	-0.0186958418	0.1202428208	0.0495943168	0.0043369409	-0.0824468752	-0.0468798846	-0.0359013937	0.0413240488	0.0418076278	0.0087010194	0.0540990392	0.018291398	-0.0631109316	0.0749092541	-0.0077898638	0.0891542907	-0.0523964496	0.1039329605	-0.0056395653	0.0014471326	-0.0026636913	0.018746788	-0.0537842446	-0.0285576056	0.0872947008	-0.0738769366	-0.0006050152	0.0745868818	0.0	0.0	-0.1258254020367104	0.0030392753897104	9.23719489449937e-06	0.0158320317976998	-0.0343927216640054	0.0115369825261665	0.0011828593034577	0.000133101965809	-0.0894012430287105	0.0476753082787624	0.002272935019475	0.0079925822550785	-0.057736112686352	-0.0013592576923489	0.0033334587081311	1.847581474209665e-06	-0.0080888721329359	0.0002044257113869	4.1789871476040213e-08	6.542985238298699e-05	-0.0045402407724971	-0.0002480895701698	6.154843482703622e-08	2.0613786272245064e-05	0.0	0.0	0.0	0.0	0.0	0.0	0.0	0.0	0.0	0.0	0.0	0.0	0.0	0.0	0.0	0.0	0.0	0.0	0.0	0.0	0.0	0.0	0.0	0.0	0.0	0.0
2422.0456380445708	1.6155508500482938	5866305.072770732	2.6100045490917645	2982.7098106971152	-12.569633601262012	8896557.81482882	157.99568886997503	2811.891413816932	6.585122032240179	43.36383217949502	7906733.3230973855	2834.050353582974	1877.500321047752	0.696959	15.500228	0.1542625231944012	0.0849713338161786	-0.0199820309	0.0230557964	0.0007814662	-0.0062117534	-0.1223599264	-0.0437203223	0.0136716688	-0.0108199843	0.0757782991	0.0303832044	-0.0320397443	-0.0017383843	-0.0319286261	-0.0265650208	0.0994796116	0.0032362966	-0.0803307196	0.0215693312	0.0022274425	-0.0696510489	0.0109364874	-0.1225214295	0.0001246959	0.0554579137	0.010411796	-0.0939205254	0.0379982987	0.0192855498	-0.0376921413	-0.0671656974	0.0022446382	0.0960624032	0.0118196623	-0.0268161746	-0.0263439523	0.0145422218	-0.0772335093	-0.0219136491	-0.0948906023	0.0333669577	0.1023906831	-0.0200712401	0.0116315648	0.006189555	-0.0285575991	0.1444115024	-0.0124415962	0.012182159	-0.0614036133	-0.0776590286	-0.0527978975	0.0253777967	0.0305574253	0.0182909386	0.0153087717	0.0019340903	-0.110450714	-0.0756359988	0.0245757331	0.0676058207	-0.0222263445	0.0737684859	-0.0207291762	-0.0194560057	-0.0067227406	-0.0563199408	-0.0547594108	-0.0262482726	0.0861184661	-0.0766382594	0.0054419748	0.0701366814	0.0	0.0	-0.1419674369417691	-0.0161420349050587	0.0002605652908761	0.0201547531518151	-0.0497740636094761	-0.0153813419454707	0.0024774574082001	0.0002365856800434	-0.1074211337531423	-0.0180198907244318	0.0003247164617204	0.0115392999768104	-0.0590833915742553	-0.0013472788879032	0.0034908471599167	1.8151604017899525e-06	-0.007919914779044	0.0001689573538919	2.854658743415307e-08	6.272505010731956e-05	-0.0051183896430907	-0.0005781488705935	3.342561165686547e-07	2.619791253849814e-05	0.0	0.0	0.0	0.0	0.0	0.0	0.0	0.0	0.0	0.0	0.0	0.0	0.0	0.0	0.0	0.0	0.0	0.0	0.0	0.0	0.0	0.0	0.0	0.0	0.0	0.0
2423.345686605016	1.300048560445248	5872604.316787137	1.6901262595157611	2999.672776442308	16.962965745192832	8998036.765729105	287.7422068725854	2814.2498903032865	2.358476486354448	5.562411336686822	7920002.44507206	2836.2293536166485	1853.389887743424	0.706606	15.71477	0.1485381736876747	0.1004167064186924	-0.0503900677	0.0118431686	0.0038877873	-0.010703836	-0.1186431175	0.0057096377	-0.0161398944	-0.0092985916	0.0872272928	-0.0082157157	-0.0774132297	-0.0257487585	-0.0227710302	0.0719021343	0.000242732	0.0532067367	0.0125999577	0.009658357	-0.0721838136	-0.0072509172	-0.0143505444	-0.0867988885	-0.0344477324	0.0534065186	0.0100457136	-0.0595733905	0.0243193297	0.0104233645	0.055069661	0.0165172646	-0.035126292	0.0335916328	0.0209839088	0.0754126827	-0.023120506	-0.0405248268	-0.0754055364	0.0112578202	-0.0705284756	-0.0319177291	0.1154445756	0.0114236483	0.0384105657	0.0114176838	-0.0145894257	0.1157104425	0.0172883859	-0.000570526	-0.0735709457	-0.0644299024	-0.044818305	0.0038006969	0.0328612341	-0.0043145287	0.0465030537	0.0037536165	-0.068419664	0.0531632816	0.0365722638	0.0871724163	-8.8112e-05	0.0370629291	-0.0638350479	0.030859177	-0.0054710934	-0.0378734782	-0.0557250359	-0.0239206467	0.084807202	-0.0791859776	0.0114652683	0.0652467709	0.0	0.0	-0.1546147080085234	-0.0126472710667542	0.0001599534654359	0.0239057079325609	-0.0586099607102994	-0.0088358971008232	0.0034351274944628	7.807307757633753e-05	-0.015079551607215	0.0923415821459273	0.008526967793213	0.0002273928766746	-0.0594408354579698	-0.0003574438837144	0.0035332129199414	1.277661300049024e-07	-0.0079069672427452	1.2947536298799772e-05	1.6763869620873768e-10	6.252013097784563e-05	-0.0054422666905608	-0.0003238770474701	1.0489634187794949e-07	2.96182667311876e-05	0.0	0.0	0.0	0.0	0.0	0.0	0.0	0.0	0.0	0.0	0.0	0.0	0.0	0.0	0.0	0.0	0.0	0.0	0.0	0.0	0.0	0.0	0.0	0.0	0.0	0.0
2434.6147245891298	11.269037984113766	5927348.857186204	126.99121708739884	3027.596837439904	27.92406099759592	9166342.610076107	779.7531825974575	2816.0169037638584	1.7670134605718886	3.122336569842241	7929951.202283788	2834.5843312230604	1831.0429002269527	1.527315	33.967167	0.964061477678817	0.5995535405630957	-0.178962127	0.2096711299	0.114749994	-0.0147753889	-0.068366868	0.0448506242	-0.2068273973	0.127857179	0.1888507265	-0.0621398159	0.0352333463	-0.1239838176	-0.1059501958	-0.0646149545	0.2281632194	0.0505028331	-0.1129766111	-0.0474860002	0.0380829288	0.2298404082	-0.0278497497	-0.0236833335	-0.1062124316	0.0573360214	0.1096072037	0.024949944	0.0452489364	0.1233283218	-0.0839002732	-0.1731970481	-0.0443862447	0.148924235	-0.060275658	-0.0707896617	0.0945138909	-0.1632746274	0.0464885576	0.0450323407	0.0562675086	-0.1255241715	0.062710134	-0.0175943612	0.1280699667	0.2393302387	-0.0561661893	0.0538683819	-0.0154557667	-0.0282250473	-0.0685423887	-0.0125994179	-0.0483776048	0.0130526392	0.0211154	-0.0816061283	-0.064960972	-0.1359598424	-0.0586075001	0.0110179188	-0.0547226276	0.0809816153	-0.0447008446	-0.0192396523	0.0232736513	0.0355079284	-0.0752016663	-0.014560958	-0.0566809517	-0.0215763502	0.0833629647	-0.0815129903	0.0174386375	0.0599478067	0.0	0.0	-0.1833584242559567	-0.0287437162474333	0.0008262012237129	0.0336203117456274	-0.1162673127844158	-0.0576573520741163	0.0135180880221091	0.0033243702481986	0.3141347086535475	0.3292142602607625	0.108382029159041	0.0986806151808491	-0.0681316922273237	-0.0086908567693538	0.0046419274857587	7.553099138542445e-05	-0.0072777233578911	0.000629243884854	3.959478666262793e-07	5.296525727399371e-05	-0.0070910890182829	-0.001648822327722	2.7186150683949237e-06	5.028354346521234e-05	0.0	0.0	0.0	0.0	0.0	0.0	0.0	0.0	0.0	0.0	0.0	0.0	0.0	0.0	0.0	0.0	1.0	0.0	0.0	0.0	0.0	0.0	0.0	0.0	0.0	0.0
2424.1096619018144	-10.50506268731533	5876307.652925729	110.3563420644248	2989.0240609975963	-38.57277644230771	8934264.837222561	1487.859082468249	2815.882522434287	-0.1343813295716245	0.0180583417374375	7929194.380150882	2838.989934839709	1812.1517840861536	0.990196	22.021751	0.2472662978529066	0.1168216519470748	-0.1869553723	0.2083223493	0.1107207809	0.0046816372	-0.0554415432	-0.0335834041	-0.1225618264	-0.0394830971	0.0131001361	0.1154691517	-0.0003199816	-0.1103410079	-0.0895306117	0.102717664	0.0780708596	0.0533736334	-0.0949168459	-0.0731378059	0.1255723583	0.0919130581	0.0044303434	-0.083588148	-0.0095595214	0.0022117767	0.1107967446	-0.0216542277	-0.051170696	0.1079578199	0.0528715223	0.0006643528	-0.0622880443	0.1161432335	0.0318745945	-0.1290059909	0.1169161946	-0.0563161506	0.0070501709	0.012363058	-0.0159152298	-0.1031724496	0.1091119843	-0.0316646658	0.1241350196	0.2456288641	-0.0822748358	0.0765056697	-0.0508538709	-0.026498744	-0.0514996657	-0.0287769408	-0.0727582581	-0.0398200128	-0.0019253068	-0.043903946	-0.0786849316	-0.0613146142	-0.025015962	0.0468947986	0.0303818126	0.0936796649	-0.0210614968	-0.0103394977	0.0766855758	0.0138026561	-0.0604058938	-0.0013035158	-0.0576269915	-0.0192170168	0.0817880187	-0.0836128117	0.0233360719	0.0542730098	0.0	0.0	-0.1876933067132711	-0.0043348824573144	1.879120591873231e-05	0.035228777384962	-0.0121721716035523	0.1040951411808634	0.0001481617615463	0.0108357984174639	0.2680393285564193	-0.0460953800971281	0.0021247840662987	0.0718450816529761	-0.0689686988660728	-0.0008370066387491	0.004756681423279	7.005801133100838e-07	-0.0077072417094659	-0.0004295183515747	1.8448601433953345e-07	5.940157476813085e-05	-0.007679381910311	-0.0005882928920281	3.460885268107863e-07	5.897290652441182e-05	0.0	0.0	0.0	0.0	0.0	0.0	0.0	0.0	0.0	0.0	0.0	0.0	0.0	0.0	0.0	0.0	0.0	0.0	0.0	0.0	0.0	0.0	0.0	0.0	0.0	0.0
2435.555001219776	11.445339317961498	5931928.163966663	130.99579210327536	3040.578723144531	51.55466214693479	9245118.971639227	2657.883189084591	2825.382949561404	9.500427127117293	90.2581155976661	7982788.811672299	2850.821835432381	1850.234902371579	0.801637	17.828251	0.1628072963987871	0.0937068110175188	-0.1718632871	0.2025295761	0.1177628482	-0.0279371186	-0.0224548316	0.0907097176	-0.119259912	-0.0065165	-0.0043424873	0.2061556905	0.0138549729	-0.0283832689	-0.1184242908	0.0276323881	0.0983125066	0.1661626625	-0.0336934945	0.0058500409	0.1303629536	0.0327334846	0.0144850118	-0.0421166857	-0.1508422531	0.074061556	0.0320492009	-0.0505790709	0.0192390864	0.0971290133	-0.033558595	-0.0166856167	-0.17270927	0.1443096112	0.0491547569	-0.0388331547	0.1049722112	-0.0311479747	-0.0089334812	0.008762114	-0.0785753357	-0.1121028953	0.0634659019	0.002416712	0.1137125588	0.2428924158	-0.086151636	0.0986083064	-0.0865762569	-0.0270423486	-0.0369277866	-0.0418112257	-0.0530856125	-0.0920439179	-0.0022079798	-0.0468451585	-0.027269886	-0.0372884694	0.0101748212	0.0499276156	-0.064704268	-0.0099658975	-0.0776495451	0.0468359941	0.0634385585	-0.0448854774	-0.0901998622	-0.0219838349	-0.0585629907	-0.0168442907	0.0800848332	-0.0854795891	0.0291318917	0.0482579572	0.0	0.0	-0.1751668756214712	0.0125264310917999	0.0001569114758976	0.0306834343149879	-0.0177585672455364	-0.0055863956419841	0.0003153667106142	3.120781626877895e-05	0.219914169030666	-0.0481251595257533	0.0023160309793792	0.0483622417404483	-0.0704062564902133	-0.0014375576241404	0.0049570409529657	2.066571922724465e-06	-0.0079579909322835	-0.0002507492228176	6.287517274363046e-08	6.332961967830642e-05	-0.0074363025544841	0.0002430793558269	5.90875732292208e-08	5.5298595681826746e-05	0.0	0.0	0.0	0.0	0.0	0.0	0.0	0.0	0.0	0.0	0.0	0.0	0.0	0.0	0.0	0.0	0.0	0.0	0.0	0.0	0.0	0.0	0.0	0.0	0.0	0.0
2424.9250309448	-10.629970274976133	5880261.405702638	112.99626804687612	3020.4996732271634	-20.079049917367684	9123418.2759654	403.1682455841432	2816.628105297423	-8.754844263980885	76.64729808655902	7933393.883551352	2837.3338404162178	1863.4247526967729	0.816762	18.164627	0.1442157563749818	0.0760945128534685	-0.1597754189	0.1884828582	0.1382791584	0.001453724	0.0382378875	0.0513948814	-0.0863443545	-0.1103753904	-0.03792159	0.1745240202	0.029460287	-0.0456660539	-0.1325032541	0.0762517448	0.103453568	0.0710428316	-0.1531130254	0.039545444	0.0730999529	0.0018544624	0.0117973454	-0.1184397724	0.016233372	-0.0115956592	0.0878748963	0.0369919288	-0.0441986833	0.1273192395	0.0084583491	-0.0172458639	-0.0419183733	0.2369888748	0.0342266076	-0.0173214322	0.0322702309	-0.0362926196	-0.0601409061	-0.0529352335	-0.0194911092	0.0511330785	0.0713172716	-0.0433520783	0.1237678199	0.2333239406	-0.0784228887	0.0635514195	-0.0200783335	-0.0342794655	-0.0574125694	-0.0320204916	-0.0059308752	-0.0995994769	0.010388159	-0.0380716884	-0.0417375568	-0.0688314373	0.0136872693	0.0290629503	0.0021370408	0.0242658112	-0.0179365723	-0.0349245552	0.055390819	-0.0257063341	-0.1129968384	0.0484737349	-0.059488786	-0.0144598255	0.078256079	-0.0871081196	0.0348008596	0.0419403596	0.0	0.0	-0.1780875220104718	-0.0029206463890005	8.530175329582131e-06	0.0317151654958302	-0.0310773416492367	-0.0133187744037003	0.0009658011639833	0.0001773897516166	0.2863395098699968	0.0664253408393308	0.0044123259056212	0.0819903149125899	-0.0697459286694373	0.000660327820776	0.0048644945659622	4.360328308907877e-07	-0.0083518970357399	-0.0003939061034563	1.551620183402034e-07	6.975418409560092e-05	-0.0072595165838575	0.0001767859706265	3.1253279410388914e-08	5.270058103130207e-05	0.0	0.0	0.0	0.0	0.0	0.0	0.0	0.0	0.0	0.0	0.0	0.0	0.0	0.0	0.0	0.0	0.0	0.0	0.0	0.0	0.0	0.0	0.0	0.0	0.0	0.0
2422.5884282275406	-2.336602717259211	5868934.692581985	5.45971225830313	2980.798900428185	-39.700772798978505	8885162.084793877	1576.1513608361115	2806.3320086443864	-10.296096653036784	106.00960628867529	7875499.342742036	2827.466216830549	1882.7295746545333	0.813772	18.098124	0.1319463339503997	0.0677472095704574	-0.1220024149	0.1643530174	0.1206695137	-0.0520514458	0.0188003412	-0.0410757696	-0.028422123	-0.1306445192	0.0850855321	0.0842783629	0.0504632148	-0.1261648406	-0.0639757234	0.1242078	0.1364763302	-0.0282412194	-0.0786757274	0.160279397	0.0943624703	0.0501388916	-0.0573511666	-0.0779411846	-0.0417984092	0.0229396252	-0.0724548095	0.0254820476	0.1101788466	0.0883426586	0.0784096188	-0.0826137825	0.0165570604	0.1898221933	0.1425876482	0.0169600499	0.075177276	-0.0595955452	-0.0347458356	-0.0053125152	-0.0154151216	0.0174544058	-0.0165210456	0.049874052	0.1069332788	0.2025349486	-0.0691319887	0.0754205998	-0.0726841014	-0.005674598	-0.0498413145	-0.052416017	-0.032384985	-0.0471775521	0.0358709081	0.029519699	-0.0532303855	-0.0244040364	-0.0907531367	0.0946044714	-0.0260209582	0.0247758238	0.0219102369	0.021863123	-0.0135670977	-0.0864623138	-0.0675703415	-0.0274431197	-0.0604042161	-0.0120652831	0.0763046233	-0.0884938642	0.0403182907	0.0353598238	0.0	0.0	-0.1769883641817244	0.0010991578287473	1.2081479324966846e-06	0.0313248810557227	-0.0718482157998323	-0.0407708741505956	0.0051621661136192	0.0016622641790037	0.2545967442865802	-0.0317427655834166	0.0010076031668837	0.0648195022013263	-0.0686932517078987	0.0010526769615386	0.0047187628302047	1.1081287853541417e-06	-0.0084640951104515	-0.0001121980747116	1.2588407968989913e-08	7.164090603876899e-05	-0.0072577208923549	1.7956915026005882e-06	3.2245079725119587e-12	5.26745125513248e-05	0.0	0.0	0.0	0.0	0.0	0.0	0.0	0.0	0.0	0.0	0.0	0.0	0.0	0.0	0.0	0.0	0.0	0.0	0.0	0.0	0.0	0.0	0.0	0.0	0.0	0.0
2421.824083535443	-0.7643446920974384	5865231.891592289	0.5842228083375279	2983.505741060697	2.706840632512012	8901306.506942138	7.32698620981803	2813.388116966679	7.056108322292403	49.7886646559241	7915152.696689315	2832.672297279095	1876.813981700349	0.7793839999999999	17.33334	0.1754494322853081	0.0969727402774183	-0.1166252398	0.1396670787	0.1507235433	-0.1064284925	-0.0291720444	-0.0505382691	-0.0320023615	-0.0745027456	0.0743742992	0.0707117766	0.0603784289	-0.0860048379	-0.1002466527	0.0557397029	0.0694264835	-0.0148749732	-0.008828504	0.0352420618	0.2051920225	-0.0237911182	0.0103993103	-0.0115087774	-0.0964135597	0.1054805967	0.0429971803	-0.0091286839	0.0309420741	0.0999597294	-0.0063256985	-0.0283176717	0.0188854171	0.0951843703	0.1275180233	-0.0466305081	0.1452397362	0.0030703135	-0.0057526558	-0.0214041011	-0.124976446	-0.0783034284	0.014118249	-0.0453118861	0.094384777	0.2061933323	-0.0847667438	0.0846277211	-0.0589764059	-0.0019419238	-0.0342786361	-0.0513463104	-0.044106661	-0.1063138332	0.0142310337	0.0513798511	-0.0008218878	0.0103056279	-0.0808315356	-0.0699222891	0.0248756741	-0.006735008	0.0406847515	0.0574802008	-0.0344044274	-0.024037213	-0.1045040408	-0.0716820448	-0.0613091217	-0.0096623322	0.074233526	-0.0896329605	0.04566016	0.0285576056	0.0	0.0	-0.1595787718801204	0.0174095923016039	0.000303093904108	0.0254653844347675	-0.0591081105384176	0.0127401052614147	0.0034937687314217	0.0001623102820719	0.2045020500806913	-0.0500946942058888	0.0025094783875815	0.0418210884872055	-0.070306527037506	-0.0016132753296073	0.0049430077440755	2.602657289119578e-06	-0.0084681859249726	-4.09081452109987e-06	1.6734763446041558e-11	7.171017285990405e-05	-0.0075444555585545	-0.0002867346661996	8.22167688005961e-08	5.691880967500389e-05	0.0	0.0	0.0	0.0	0.0	0.0	0.0	0.0	0.0	0.0	0.0	0.0	0.0	0.0	0.0	0.0	0.0	0.0	0.0	0.0	0.0	0.0	0.0	0.0	0.0	0.0
2459.262004795748	37.43792126030485	6047969.608232002	1401.5979482927858	3042.75366398738	59.24792292668326	9258349.859708626	3510.3163711262	2807.1281664515564	-6.259950515122455	39.186980451781885	7879968.542885677	2837.5630613550647	1976.095564616703	2.54444	56.587818	1.695896339567418	0.982999368119544	0.0805621824	-0.0505880886	0.0136010636	-0.2338976317	-0.0675233384	0.0504998322	0.1319292	0.2465164304	0.190589968	-0.1952466632	-0.024826653	-0.0977344015	0.1405331992	-0.0899931404	-0.1921743565	-0.0366391161	0.1373244423	-0.0329041313	-0.0300132395	-0.0333527917	0.1600352161	-0.0002229467	-0.069518524	0.0059121517	-0.1758215625	0.1594834327	0.2305181546	-0.1557441815	-0.0198691238	0.0928987214	0.0097818359	-0.2228950904	-0.0363201263	0.0101279763	-0.0286313993	0.0581735177	0.1626433953	0.0682969041	-0.20241877	0.1289335211	-0.0494340892	0.1278665654	-0.0943749281	-0.0966923422	-0.059596764	0.0281163518	-0.3194066228	0.2225450013	0.2440482383	-0.2368298986	0.3147673305	-0.2518401295	-0.5577595461	0.1511198295	0.0961534435	0.0506091747	-0.0580232336	-0.050543371	-0.105817392	0.0463397505	0.0951479005	-0.0541254799	0.1234340746	-0.1330903593	-0.0988190389	0.0011575517	-0.062203345	-0.0072526474	0.0720460343	-0.0905222337	0.0508032066	0.0215763502	0.0	0.0	-0.0819991183918347	0.0775796534882857	0.0060186026353624	0.0067238554170381	-0.1475527997298513	-0.0884446891914337	0.0217718287081176	0.0078224630461693	-0.3910144989876869	-0.5955165490683783	0.3546399602143101	0.1528923384185918	-0.056017720397289	0.014288806640217	0.0031379849985088	0.0002041699952015	-0.0110155704648311	-0.0025473845398584	6.4891679939101e-06	0.0001213427926656	-0.0056935377822436	0.0018509177763108	3.425896614663686e-06	3.241637247783537e-05	0.0	0.0	0.0	0.0	0.0	0.0	0.0	0.0	0.0	0.0	0.0	0.0	0.0	0.0	0.0	0.0	0.0	1.0	0.0	0.0	0.0	0.0	0.0	0.0	0.0	0.0
2439.066261466851	-20.19574332889715	5949044.22782588	407.8680486066938	3013.3902794471155	-29.363384540264637	9080520.976266364	862.2083516594521	2815.687600416514	8.559433964957861	73.26390980047425	7928096.663139308	2840.5819081694503	1949.0869883046453	2.663587	59.237614	1.101770150956305	0.9275436056151986	0.1506001137	-0.2236931189	0.0652375451	-0.1013091132	0.2612065957	0.0324305222	0.0620410252	-0.0248880434	-0.217153761	0.0738939918	0.0107174199	-0.0519980759	0.0352692451	-0.1575224527	-0.1444229205	-0.0265502285	0.0461467107	-0.0239095221	-0.0527388872	-0.0278497951	-0.1101543204	0.0591029386	-0.0010143108	-0.0267149485	0.0192305777	-0.0530124089	0.0279558192	-0.0861164753	-0.1317309854	0.0755188258	0.0303792453	-0.1550354476	-0.079948644	0.0320985845	-0.0292124671	0.0183856465	-0.0252736528	-0.0419907271	0.079298942	-0.0244670228	-0.0954003976	0.0131371938	-0.1513328468	-0.1435242881	0.0431954722	-0.3539392139	-0.0389229375	-0.2814651018	0.029422609	0.2036042372	0.000509701	-0.25871458	0.0570601492	0.1597066799	-0.3176665407	-0.0344182188	0.1091478029	-0.0252982022	-0.1302225681	0.1445056605	0.1283099652	0.306194542	-0.0286935472	-0.1044593536	-0.2017080428	-0.031754233	-0.0630867301	-0.0048379081	0.0697455783	-0.0911592051	0.0557250359	0.0144598255	0.0	0.0	-0.1382884540073234	-0.0562893356154887	0.0031684893040331	0.0191236965117355	-0.1973502970034815	-0.0497974972736302	0.0389471397273623	0.0024797907347172	-0.3967745205845929	-0.0057600215969059	3.317784879682324e-05	0.1574300201851335	-0.038111558098134	0.017906162299155	0.0014524908606674	0.0003206306482836	-0.0110719579806382	-5.638751580709992e-05	3.1795519388959432e-09	0.000122588253525	-0.0075294538966871	-0.0018359161144434	3.3705879792733177e-06	5.669267598233655e-05	0.0	0.0	0.0	0.0	0.0	0.0	0.0	0.0	0.0	0.0	0.0	0.0	0.0	0.0	0.0	0.0	0.0	0.0	1.0	0.0	0.0	0.0	0.0	0.0	0.0	0.0
2439.4694036168744	0.403142150023541	5951010.971182869	0.1625235931256032	3042.525668569712	29.13538912259628	9256962.443905571	848.8708993251016	2814.0084704423275	-1.6791299741867078	2.819477470212254	7918643.671721168	2842.510355771821	1900.6686828825536	1.532656	34.085957	1.0094942139166383	0.707062222374116	0.0773753524	-0.1529306342	-0.0542979195	0.0038858019	-0.0045753545	0.0905232793	-0.0031944047	0.0482269769	-0.0672726751	0.0015588579	-0.115684763	0.1343220455	0.1237056909	0.0474458291	-0.107979447	0.0896799434	0.0074858043	-0.1657942464	0.082100005	-0.0933505714	-0.1134455685	0.0441871962	0.0015295087	0.0042716844	0.0176875696	-0.0325262923	-0.0354790736	-0.0993933036	0.0710983577	0.1123290602	-0.0832575115	-0.0942161049	-0.10025377	-0.1333434042	0.0694825124	0.0388721838	-0.1147204829	-0.0655788636	0.0081355067	-0.0637118468	-0.0289390873	0.0371251796	-0.0836319684	-0.1612751634	0.015550844	-0.0784087182	-0.0052610975	-0.1058578829	0.0552131367	0.1092736338	-0.1054617577	-0.0872998238	0.034006271	0.0290182896	-0.0422101339	-0.0477509657	0.1309098201	0.0620205236	0.0323084421	0.0207242909	-0.0658821754	0.1022835679	0.0211295134	0.0152252753	-0.0184576223	-0.2349332032	-0.0639591232	-0.0024197973	0.0673357648	-0.0915420995	0.0604042161	0.0072526474	0.0	0.0	-0.1576549537640943	-0.0193664997567709	0.000375061312829	0.0248550844463587	-0.1481386898417156	0.0492116071617659	0.02194507142802	0.0024217822794439	-0.2374262498458463	0.1593482707387466	0.0253918713874288	0.0563712241158622	-0.0512236602832221	-0.0131121021850881	0.0026238633728109	0.0001719272237121	-0.0092360305897798	0.0018359273908583	3.370629384504128e-06	8.530426105534822e-05	-0.0068461267474465	0.0006833271492406	4.669359928892852e-07	4.686945144210239e-05	0.0	0.0	0.0	0.0	0.0	0.0	0.0	0.0	0.0	0.0	0.0	0.0	0.0	0.0	0.0	0.0	0.0	0.0	0.0	1.0	0.0	0.0	0.0	0.0	0.0	0.0
2431.2261667111807	-8.24323690569372	5910860.673701142	67.95095468339099	3039.7425001878005	-2.7831683819113096	9240034.46744798	7.746026242070817	2818.550750078049	4.54227963572157	20.63230428909088	7944228.330765533	2844.329373147899	1876.114397287737	0.9721010000000002	21.619328	0.4907477571664943	0.3279025631534311	0.0137603867	-0.0769585563	-0.0547864557	0.0371223017	-0.0939807633	0.0859095722	-0.0058357036	0.0360723017	-0.0017187783	0.0226410308	-0.0953621981	0.1711053477	-0.0100427903	-0.0507820648	-0.0201284033	0.0738898664	-0.0146176685	-0.0981121477	-0.0076042554	-0.094780189	-0.0061380243	0.0259844377	-0.0241309798	0.0808503868	0.0084664724	-0.0282604122	0.0020792369	-0.0066064585	-0.053176932	0.025477119	-0.0725907702	-0.0244536666	-0.1008091995	-0.0354091887	0.0002126915	0.0336112545	-0.0842402389	-0.0406764156	-0.0522967263	-0.032033443	0.0319890642	0.0023594224	-0.0216172523	-0.1074055411	0.0194005138	0.0396479777	-0.0030205455	-0.0632126716	-0.0217937925	0.0132168075	-0.0761874516	-0.0450895075	0.010684399	-0.0368758955	0.0033624216	-0.0504957205	0.0606551103	-0.0319287278	-0.0744804482	-0.0334964965	-0.0511270747	-0.0444251492	-0.0630006639	0.0436832174	0.067123071	-0.1300739136	-0.0648203724	-0.0	0.0648203724	-0.0916698497	0.0648203724	0.0	0.0	0.0	-0.1598816174468709	-0.0022266636827766	4.958031156196264e-06	0.0255621315974275	-0.1233036126503321	0.0248350771913835	0.0152037808926231	0.0006167810591019	-0.1201562485387768	0.1172700013070695	0.01375225320656	0.0144375240629123	-0.0570599775134222	-0.0058363172302	0.0032558410338322	3.406259881153052e-05	-0.0098161455862988	-0.0005801149965189	3.365334091862381e-07	9.63567141714134e-05	-0.0063342386744603	0.0005118880729861	2.6202939926552504e-07	4.012257958502858e-05	0.0	0.0	0.0	0.0	0.0	0.0	0.0	0.0	0.0	0.0	0.0	0.0	0.0	0.0	0.0	0.0	0.0	0.0	0.0	0.0	0.0	0.0	0.0	0.0	0.0	0.0
2423.4846618696665	-7.741504841514143	5873277.906317532	59.93089721118691	3002.271766075721	-37.4707341120793	9013635.75737543	1404.055914898143	2810.4213398418465	-8.129410236202602	66.08731078847565	7898468.107438439	2834.6956940328664	1876.565120219448	0.740777	16.474733	0.2560205709154636	0.1381792222253961	0.0015366049	-0.0712416598	-0.0472677607	0.0185789356	-0.0613952243	0.0008968973	0.0332937186	-0.0754042692	-0.0144399426	-0.0314849385	-0.0916016623	0.0798111583	-0.000604066	-0.0033787991	-0.0235432953	-0.0498965732	-0.0305719463	-0.1129462143	-0.01022911	-0.0500034222	-0.0378748088	-0.0425636225	0.11170761	0.0123034393	-0.028410434	-0.0721851365	0.0232852389	0.0032339124	-0.0092239297	0.0295637621	0.043353398	-0.0256813087	-0.0264621228	-0.0793722164	-0.0333038498	0.014244286	-0.1177101117	-0.0110951617	0.0530073743	0.0768245386	0.044811183	-0.0342433806	0.0053803826	-0.0945439139	0.0280398598	0.0294507999	-0.0137822104	-0.047815049	-0.0493067287	-0.0204850601	-0.0206809275	-0.02931312	0.0129881123	-0.0151952991	-0.0252632554	-0.0388998623	0.0374810462	0.0281122049	0.0351406062	0.0357303532	0.0611742243	-0.1226116836	-0.0597529398	-0.0058318735	0.0151304717	-0.0341343268	-0.0656703274	0.0024197973	0.062203345	-0.0915420995	0.0689542748	-0.0072526474	0.0	0.0	-0.143515614126656	0.0163660033202149	0.0002678460646772	0.0205967314981512	-0.1473052318107051	-0.0240016191603729	0.0216988313188055	0.0005760777223195	-0.0107311205647064	0.1094251279740703	0.0119738586321416	0.0001151569485742	-0.0579326906947507	-0.0008727131813285	0.0033561966511336	7.616282968645199e-07	-0.0108440661025372	-0.0010279205162384	1.0566205877038204e-06	0.0001175937696361	-0.0065581613861095	-0.0002239227116492	5.0141380792330846e-08	4.300948076625768e-05	0.0	0.0	0.0	0.0	0.0	0.0	0.0	0.0	0.0	0.0	0.0	0.0	0.0	0.0	0.0	0.0	0.0	0.0	0.0	0.0	0.0	0.0	0.0	0.0	0.0	0.0
2424.990365288276	1.5057034186093006	5880578.271740966	2.2671427848117345	2993.2453829251804	-9.026383150540823	8959517.922402909	81.47559278036728	2809.3924981725145	-1.028841669331996	1.0585151805538482	7892686.208788002	2833.4996959186424	1890.2732656912235	0.686997	15.278679	0.2143493056622158	0.1024556403455439	0.0155887437	-0.0498540452	-0.0477020206	0.0038875765	-0.0862663881	-0.0152845631	0.0638672995	-0.077425082	0.0538663818	0.0217565911	-0.0237060186	0.0431239263	0.0917043442	-0.0374791965	0.0498279544	0.007683875	0.075679618	-0.0033007673	-0.0332497296	-0.0503140231	0.0140020877	-0.0608597123	0.0055153984	0.1240215163	-0.0350066817	-0.0303286867	0.0017385594	-0.0804810841	0.0066031629	-0.0710010738	-0.0389224629	-0.0694018093	-0.0087712554	0.030422237	-0.0015030106	0.0010050196	-0.0727898664	0.0218878897	-0.0862920416	0.0293401578	0.0476144926	-0.0360416284	-0.0167519832	-0.0887686203	0.0091593084	0.0764636432	-0.0396289719	-0.0295647339	-0.0363378718	-0.0247919496	-0.0474357212	-0.0224920884	0.0167169178	0.0014346449	-0.0127284709	0.0061798077	-0.0015255956	0.0534655347	-0.0551402122	-0.018793561	0.0306315161	-0.0368891561	-0.0667576554	-0.0299044756	0.0756348212	-0.044667002	-0.0665088402	0.0048379081	0.059488786	-0.0911592051	0.0727879229	-0.0144598255	0.0	0.0	-0.1309245558170175	0.0125910583096384	0.0001585347493567	0.0171412393158833	-0.1219729730597833	0.0253322587509217	0.0148774061570426	0.0006417233334236	-0.0724981550649772	-0.0617670345002707	0.0038151665509576	0.0052559824878254	-0.0593206460238064	-0.0013879553290556	0.0035189390446817	1.926419995454104e-06	-0.0111903366069863	-0.000346270504449	1.19903262251434e-07	0.0001252236333776	-0.0059992081375866	0.0005589532485229	3.1242873403430305e-07	3.599049827808528e-05	0.0	0.0	0.0	0.0	0.0	0.0	0.0	0.0	0.0	0.0	0.0	0.0	0.0	0.0	0.0	0.0	0.0	0.0	0.0	0.0	0.0	0.0	0.0	0.0	0.0	0.0
2424.126648329808	-0.8637169584676485	5876390.00714271	0.7460069843446057	2991.69201566256	-1.5533672626202133	8950221.116579112	2.4129498525802147	2806.512463545474	-2.880034627040459	8.294599452952076	7876512.208036086	2828.516885944235	1869.8275259687136	0.665185	14.793578	0.1699980262564926	0.0737449495779791	0.0073548511	-0.0632378324	-0.0406070101	0.0014748042	-0.0973684402	-0.030436028	0.0359482645	-0.0167097797	0.0009757845	0.0072562384	-0.0608885582	0.0118731522	-0.0402871031	0.0041328537	-0.0873796716	-0.1558164334	0.0443799768	-0.0385661395	0.0287693891	-0.0335202861	-0.0512404589	-0.1063695528	0.0520131157	0.1129153876	-0.0359739273	-0.0517931512	-0.0322379292	0.0331770049	-0.0150229658	0.055572794	0.1330408325	-0.0901215609	0.0392206029	-0.0159432696	0.0613368251	-0.0151581944	-0.1114393489	0.0100248923	-0.0474969704	0.0311695546	0.0810301217	-0.0339660747	-0.0088487189	-0.0880879213	0.0187742928	0.0780423425	-0.021014527	-0.036458415	-0.0547554959	-0.031406582	-0.0190230641	-0.0572178101	0.0107912477	-0.0047902818	-0.0251071578	-0.0294784952	0.0229106864	-0.0463437114	0.0272066152	0.0363328493	0.0525918264	-0.0719697531	-0.0647042958	0.0007562819	0.0527659047	0.0028260678	-0.0673357648	0.0072526474	0.0566809517	-0.0905222337	0.0763046233	-0.0215763502	0.0	0.0	-0.1471464333767045	-0.0162218775596869	0.0002631493115614	0.0216520728554849	-0.1278995976893924	-0.0059266246296091	0.0163583070891084	3.512487950028928e-05	-0.0312442527547105	0.0412539023102666	0.001701884455825	0.0009762033302002	-0.059925460546466	-0.0006048145226595	0.003591060821706	3.6580060681995773e-07	-0.0119334521420515	-0.0007431155350651	5.522206984552377e-07	0.0001424072800266	-0.0052152257601728	0.0007839823774137	6.146283680953936e-07	2.719857972956996e-05	0.0	0.0	0.0	0.0	0.0	0.0	0.0	0.0	0.0	0.0	0.0	0.0	0.0	0.0	0.0	0.0	0.0	0.0	0.0	0.0	0.0	0.0	0.0	0.0	0.0	0.0
2425.7676188506075	1.6409705207993284	5884348.540664147	2.692784250132419	2998.160329965445	6.468314302884664	8988965.364178505	41.839089920902325	2805.147343864218	-1.3651196812561466	1.8635517441528835	7868851.620788476	2828.254939217403	1879.7401751322209	0.680564	15.135612	0.0839350518481949	0.0443507689663366	0.0120625205	-0.0746043185	-0.0522069145	-0.0211405151	-0.0824866048	-0.0138570797	0.00392152	0.0088569421	0.0507573536	0.0537653192	-0.0672398402	-0.0243996497	0.1173558139	0.0667843939	-0.0081174877	-0.0200757722	0.0931336754	-0.0439689674	-0.0200958032	-0.018758759	0.0048477499	0.0368494585	0.0048200099	0.0200499958	0.0181098441	-0.0527914966	0.0819902842	-0.0752912141	0.1045152295	-0.0262422586	0.0013762605	-0.0972922491	0.0006512686	-0.0117089426	0.0086797757	0.0133773789	0.0030135347	-0.0270466954	-0.0020239698	-0.0281571614	0.0378559664	0.0226168172	-0.0062747831	-0.1003099824	0.0311693032	0.0530139969	-0.0154145046	-0.0317583476	-0.0455884089	-0.0292408699	0.0018849715	-0.037162137	-0.0008828553	-0.0057945544	0.0057475807	0.0086921009	-0.0047263941	0.07084351	-0.0288072596	0.0538715774	-0.0008177258	-0.0047346747	-0.0541502022	-0.0084192677	0.0467758025	0.0320099986	-0.068150957	0.0096623322	0.0537842446	-0.0896329605	0.079489063	-0.0285576056	0.0	0.0	-0.1384598134452517	0.0086866199314527	7.545736583351274e-05	0.0191711199392939	-0.1199713213482027	0.0079282763411897	0.0143931179460337	6.285756574226854e-05	0.0070171186060221	0.0382613713607326	0.0014639325384038	4.923995353098154e-05	-0.0595865482907785	0.0003389122556874	0.0035505567372092	1.148615170551865e-07	-0.0117089816045665	0.000224470537485	5.038702219880485e-08	0.000137100250216	-0.0051974328690489	1.7792891123900346e-05	3.165869745469717e-10	2.701330842826988e-05	0.0	0.0	0.0	0.0	0.0	0.0	0.0	0.0	0.0	0.0	0.0	0.0	0.0	0.0	0.0	0.0	0.0	0.0	0.0	0.0	0.0	0.0	0.0	0.0	0.0	0.0
2431.0337555869773	5.266136736369845	5909925.120803324	27.73219612614404	3007.358435058594	9.198105093149024	9044204.756918076	84.60513730461402	2813.80078934043	8.653445476212255	74.88211860977835	7917474.882092828	2836.553722891972	1884.316199914381	0.753835	16.765125	0.1113836730995362	0.0660337421890333	0.0177584083	-0.0779078618	-0.0627878584	0.0123074919	-0.0139525374	-0.0080447354	-0.012277214	0.0707451685	-0.0786441749	-0.0032061938	-0.0231918106	-0.0372699625	0.0082604675	-0.0557045947	0.0060285905	-0.0223602696	0.0178722475	-0.0423119632	0.0136307742	-0.0468257513	0.0233131296	-0.0077522336	0.0329336355	0.0327462264	-0.0137806427	-0.0860707362	0.0511362324	-0.0091886414	-0.0474349988	-0.0132233691	0.0108337649	-0.0518675718	-0.0059204541	-0.0462778917	0.0038831027	0.0113107867	-0.0140568171	-0.0073818712	-0.0214776514	0.0246544709	0.0134693393	-0.0155467632	-0.0109758624	-0.0951201518	0.0318180891	0.047332112	-0.0214805148	-0.0232355918	-0.0295790657	-0.0351551112	-0.0159286911	-0.0185086514	0.0011880192	-0.0318084269	-0.009303073	0.0073797372	0.000702648	-0.057731166	0.0252790067	-6.2026e-05	-0.0240024336	0.0265109363	0.0217323509	-0.0248452196	0.0066467628	0.0019875318	-0.0689542748	0.0120652831	0.0508032066	-0.0884938642	0.0823273756	-0.0353598238	0.0	0.0	-0.1320147070040036	0.0064451064412481	4.153939703901774e-05	0.0174278828653529	-0.1264418130218274	-0.0064704916736246	0.0159875320802467	4.186726249844647e-05	-0.0075471583077515	-0.0145642769137736	0.000212118162021	5.695959852226248e-05	-0.0601165254426842	-0.0005299771519056	0.0036139966313008	2.808757815420745e-07	-0.0106199998091502	0.0010889817954162	1.1858813507481078e-06	0.0001127843959463	-0.0051383158549531	5.911701409580007e-05	3.4948213556030243e-09	2.6402289825262404e-05	0.0	0.0	0.0	0.0	0.0	0.0	0.0	0.0	0.0	0.0	0.0	0.0	0.0	0.0	0.0	0.0	0.0	0.0	0.0	0.0	0.0	0.0	0.0	0.0	0.0	0.0
2430.7393431451924	-0.2944124417849707	5908493.754313922	0.0866786858777887	3014.7900907076323	7.4316556490384755	9088959.291028934	55.229505685885485	2815.6288805509867	1.828091210556522	3.3419174741140103	7927765.992992802	2838.911124393858	1893.7935479943867	0.7380339999999999	16.413727	0.0904658945417019	0.0395909623897932	0.0219903998	-0.0695641294	-0.0718347197	0.0363136647	0.0040295861	0.0305754038	0.0144219281	0.030051549	-0.1084785534	0.050000374	0.004582701	0.0702264871	0.0204351424	0.0453047037	-0.0767853794	0.0369209612	0.0175276868	0.004830399	-0.1528915707	-0.049580968	0.0336156741	-0.0222443816	0.0544738402	0.0445631222	0.044530021	-0.0003874153	0.0384585151	-0.025813824	0.0554032845	0.0715760704	-0.0269010752	-0.0381608538	-0.0501759663	0.0909693151	-0.0839769893	0.010604263	-0.0451129577	-0.0078498712	-0.0304979308	0.0636498836	0.0541354295	-0.0297614912	-0.0219389424	-0.1041748426	0.0333643652	0.041655754	-0.0164524772	-0.0046047519	-0.003289674	-0.0376618721	-0.0237167584	0.0065455033	-0.0022721524	-0.0514150147	0.0302135704	0.0337519447	0.0541856188	0.0496208057	0.0460483415	-0.0542601627	-0.0550924587	0.0098784757	0.0567407579	-0.0015389052	-0.0116141375	0.0188224538	-0.0697455783	0.0144598255	0.0477425119	-0.0871081196	0.084807202	-0.0419403596	0.0	0.0	-0.123882273059948	0.0081324339440556	6.613648185442782e-05	0.0153468175784995	-0.0981836115402501	0.0282582014815772	0.0096400215750867	0.0007985259509734	-0.0187250422177456	-0.0111778839099941	0.0001249450887053	0.0003506272060563	-0.0599028495092973	0.0002136759333868	0.0035883513793335	4.56574045087625e-08	-0.0102285963826873	0.0003914034264628	1.5319664224689877e-07	0.0001046241839599	-0.0053911839992248	-0.0002528681442717	6.394229838741345e-08	2.906486491349751e-05	0.0	0.0	0.0	0.0	0.0	0.0	0.0	0.0	0.0	0.0	0.0	0.0	0.0	0.0	0.0	0.0	0.0	0.0	0.0	0.0	0.0	0.0	0.0	0.0	0.0	0.0
2427.3838128329703	-3.355530312222072	5892192.174803529	11.259583676241157	3009.427760667067	-5.362330040565212	9056655.446673598	28.754583463948105	2814.5343660053454	-1.094514545641232	1.1979620906202324	7921603.697425112	2834.7697393588364	1876.858755757304	0.788023	17.525457	0.1990796384244042	0.1054900345515769	-1.62541e-05	-0.0484708469	-0.0614950022	0.0579092787	-0.0265795955	-0.003802707	0.0114071841	0.0410377672	-0.0912130994	-0.0189096698	-0.0241476971	0.1207081657	-0.0329055006	-0.157931682	0.0595776223	-0.0338893037	-0.041935549	-0.0380289246	-0.0447455065	0.054538129	-0.0990724099	-0.0106951822	0.0564870495	0.0892440478	-0.0377534498	0.0927803635	0.0819504764	0.0051045398	-0.1469389866	-0.0799646206	0.0405494905	0.0061141483	-0.0650944742	-0.0213886485	-0.0211610772	-0.0207923909	-0.0870835692	0.0371007378	0.1095436279	0.0288033095	-0.0023071509	-0.0421058602	-0.0023799527	-0.0804042942	0.033992102	0.0452802637	0.0086727477	-0.038114144	-0.0492013432	-0.0203896482	-0.0210020034	-0.0045712145	0.0171062306	-0.0622318939	-0.0159041948	0.0021007393	0.0371978423	-0.0326693679	-0.0383816661	-0.0894388247	-0.049277931	-0.0901435863	-0.0103736002	0.0053641278	-0.0098146555	0.0227440806	-0.0705247295	0.0168442907	0.0446069594	-0.0854795891	0.0869177441	-0.0482579572	0.0	0.0	-0.1201438087807247	0.0037384642792233	1.3976115167028649e-05	0.0144345347883393	-0.0916431533551929	0.0065404581850572	0.0083984675568834	4.277759327048179e-05	0.042181058292563	0.0609061005103086	0.0037095530793718	0.0017792416786805	-0.0611160374880252	-0.0012131879787279	0.0037351700382377	1.471825071729892e-06	-0.0112430959918348	-0.0010144996091475	1.0292094569604306e-06	0.0001264072074816	-0.0057213887203457	-0.0003302047211208	1.0903515785053116e-07	3.273428888929901e-05	0.0	0.0	0.0	0.0	0.0	0.0	0.0	0.0	0.0	0.0	0.0	0.0	0.0	0.0	0.0	0.0	0.0	0.0	0.0	0.0	0.0	0.0	0.0	0.0	0.0	0.0
2425.2669233881834	-2.1168894447869206	5881919.649680785	4.481220921450277	3017.3171349158656	7.889374248798504	9104202.692656888	62.24222603760496	2814.5036449766994	-0.0307210286459849	0.0009437816010674	7921430.767587127	2837.2001471578665	1899.399025364305	0.745074	16.570299	0.1885733753176991	0.1022899100705938	0.0017454029	-0.0199638321	-0.0309970245	0.0304202974	-0.0274457786	0.0212365906	0.0358949525	-0.0285666062	-0.040547024	-0.0654501127	-0.0231618771	0.1210159336	-0.0523655357	0.0332502549	-0.0544945745	-0.0280146544	-0.0443311296	0.0071192513	-0.0325429648	-0.0858020004	-0.0535223351	-0.1009641491	0.1692511682	-0.0393833189	-0.00767549	0.0355724261	-0.0049012307	0.0310033124	0.0025119418	0.0666974959	0.0339458488	0.0236542506	0.0215294664	0.0158244475	-0.0558054149	0.0356495133	-0.1281560199	-0.0482669272	0.0451971667	0.1324941985	0.0189060041	-0.0613543882	0.0067592966	-0.050302751	0.0188323519	0.0531992047	-0.0084059586	-0.0239033762	-0.0428988842	-0.041495643	-0.008127876	-0.0144631763	0.0074574054	-0.0217473219	-0.0053829675	0.035665019	0.0094048427	0.0320877421	0.0271681499	-0.0759793332	0.0430304993	-0.1301523344	-0.0180540632	-0.0009742219	-0.028268471	0.030352152	-0.0712915927	0.0192170168	0.0414014655	-0.0836128117	0.0886498116	-0.0542730098	0.0	0.0	-0.1401584572670913	-0.0200146484863666	0.0004005861540328	0.019644393143491	-0.1181149953632285	-0.0264718420080356	0.0139511521296554	0.0007007584192983	0.0863141291625098	0.0441330708699468	0.0019477279444117	0.0074501288930824	-0.0626359470870028	-0.0015199095989776	0.0039232618674858	2.3101251890642592e-06	-0.0115691607597854	-0.0003260647679505	1.0631823289867853e-07	0.0001338454806857	-0.0056082868082069	0.0001131019121387	1.2792042529452695e-08	3.145288092310754e-05	0.0	0.0	0.0	0.0	0.0	0.0	0.0	0.0	0.0	0.0	0.0	0.0	0.0	0.0	0.0	0.0	0.0	0.0	0.0	0.0	0.0	0.0	0.0	0.0	0.0	0.0
2422.088862304516	-3.1780610836672167	5866514.456899585	10.100072251520045	3005.6032912034257	-11.71384371243994	9033651.144092863	137.2141345194687	2810.2871469717043	-4.216498004995174	17.77885542612828	7897713.848434362	2834.54347891972	1880.8651829620785	0.633059	14.079111	0.0908952882672563	0.0520433455632608	0.0042226767	-0.0402196814	-0.0568869122	0.0402707711	-0.0344229632	-0.0001475436	0.0273540366	-0.0368904328	-0.0064776497	-0.0381498145	0.0221762076	0.0852080653	0.0502619107	0.0097708864	0.0290850752	-0.0013020421	0.0621347952	0.0211742032	-0.0119940607	-0.0891135107	0.0751279729	0.0019664765	-0.0501301489	0.1147144322	0.0120165803	0.0255852836	0.0257823656	-0.0358318917	0.0211155162	-0.0416416987	-0.0200836766	-0.0467228565	0.0197843023	0.0248469709	-0.0249697668	0.0573798667	-0.0192547653	-0.0357790878	-0.0791540675	0.0197375478	0.0173273245	-0.0698609964	-0.0015673588	-0.0752297204	0.0329671019	0.035445746	-0.0088093822	-0.0064165046	-0.034274905	-0.0429244372	-0.0173613622	0.0118417445	0.0088592827	-0.0201413266	-0.005723448	0.062521063	-0.0219472967	0.0313607494	-0.033860361	-0.1004068845	-0.0197792042	-0.0702601496	-0.0342496323	-0.0042339208	-0.0013669649	0.0155306381	-0.0720460343	0.0215763502	0.0381310563	-0.0815129903	0.0899958625	-0.0599478067	0.0	0.0	-0.1472850017440095	-0.0071265444769181	5.078763618149307e-05	0.0216928717387328	-0.1117616055747987	0.0063533897884298	0.0124906564806568	4.0365561803724165e-05	0.0822919116887916	-0.0040222174737181	1.6178233405884003e-05	0.0067719587293958	-0.0619340142870494	0.0007019327999534	0.0038358221257084	4.927096556504262e-07	-0.0109050863083877	0.0006640744513976	4.409948769991554e-07	0.0001189209073933	-0.0057101422874196	-0.0001018554792126	1.0374538645648672e-08	3.260572494257754e-05	0.0	0.0	0.0	0.0	0.0	0.0	0.0	0.0	0.0	0.0	0.0	0.0	0.0	0.0	0.0	0.0	0.0	0.0	0.0	0.0	0.0	0.0	0.0	0.0	0.0	0.0
2421.8453593627064	-0.2435029418097656	5865334.944666676	0.05929368267001	2980.373659104567	-25.229632098858477	8882627.147884347	636.5343358437499	2807.333747135036	-2.953399836668268	8.722570595232153	7881122.767803242	2827.870796403556	1869.73904960196	0.623236	13.860642	0.057344459712185	0.0376023173229929	0.0052278095	-0.0479509075	-0.0617464858	0.0347916492	-0.022796203	-0.0656410167	0.0070200234	0.0113289815	-0.0356059525	-0.0924655937	-0.0329390218	0.0091296055	0.0176658296	0.0212182294	-0.0402424176	-0.0895408879	0.0029706321	-0.0817300759	-0.0129947215	-0.0282652832	0.048512515	-0.0247464643	-0.0017413605	-0.0177350988	0.072285169	-0.0224372135	-0.0426177001	0.0080223344	0.0349787846	0.0231797315	0.0922866737	-0.0747277817	-0.0325271846	-0.0541782442	-0.0345529252	-0.0217219071	0.0313603917	-0.0451485322	0.0032376355	0.0347768831	0.005577094	-0.0745678581	0.0040060795	-0.0682469718	0.0356673171	0.0260685304	0.0074035907	0.0037770019	-0.0322060569	-0.0503798587	-0.0197406429	0.0227894051	0.0135570121	-0.0219692761	-0.0405215837	0.015970895	0.0308175191	-0.0296002093	0.0537595392	-0.0855832586	-0.0011707311	-0.0919941383	-0.0142482458	0.0237264278	-0.0185260437	0.0295575601	-0.0727879229	0.0239206467	0.0348008596	-0.0791859776	0.0909500356	-0.0652467709	0.0	0.0	-0.1476972056285745	-0.000412203884565	1.699120424504795e-07	0.0218144645504894	-0.109470936560541	0.0022906690142577	0.0119838859514419	5.247164532880349e-06	0.1070696927186389	0.0247777810298473	0.000613938432763	0.0114639190988637	-0.0624643852595941	-0.0005303709725446	0.0039017994258589	2.8129336851801066e-07	-0.0108401286109505	6.495769743720091e-05	4.219502456342938e-09	0.0001175083883019	-0.005712089733108	-1.947445688399788e-06	3.7925447092669216e-12	3.262796911907782e-05	0.0	0.0	0.0	0.0	0.0	0.0	0.0	0.0	0.0	0.0	0.0	0.0	0.0	0.0	0.0	0.0	0.0	0.0	0.0	0.0	0.0	0.0	0.0	0.0	0.0	0.0
2422.062850021012	0.2174906583054507	5866388.449451907	0.0473021864501383	2986.70769136869	6.334032264122925	8920422.83368089	40.119964722950186	2800.790142810368	-6.543604324668195	42.8187575578163	7844425.424063721	2822.5628726091054	1864.0558006369165	0.647651	14.403628	0.0795598638738418	0.0487610738836852	0.0118265575	-0.061095956	-0.0705157407	0.0456047241	-0.0579684674	-0.043395569	0.0303313238	-0.0055889962	-0.0314272797	-0.0674269163	-0.0175357361	0.0379507455	0.1266036472	-0.0126916639	0.0896929952	-0.0950139698	0.0564006239	0.0153006391	-0.0283250901	0.028817842	-0.051133595	-0.0227858177	-0.0158178501	-0.0591808356	-0.0948449471	-0.0973813642	0.0503109845	-0.0986994491	0.0456155266	-0.1297081871	0.0507029375	-0.0668154647	0.073816114	0.0013574148	-0.0411043677	-0.0406764603	-0.0430477996	0.0443718373	0.0715862074	0.011997676	-0.0544395264	-0.0099007624	-0.0024084636	-0.0882587031	0.0410069961	0.026183341	0.0228516065	-0.0122427032	-0.0456275659	-0.0340755872	0.0043128759	0.0082335851	-0.0035994141	-0.0264747971	-0.0173239724	0.0647033789	0.0158654684	0.0565505705	-0.032663117	-0.0387601767	-0.0151926489	-0.09285223	-0.0441906403	0.0192473378	0.0029257127	0.0743438827	-0.0735171291	0.0262482726	0.031416097	-0.0766382594	0.0915081759	-0.0701366814	0.0	0.0	-0.1489662453866174	-0.0012690397580429	1.6104619074935969e-06	0.0221909422645859	-0.1139895394142769	-0.0045186028537359	0.0129936150958789	2.041777174979033e-05	0.1007891690456759	-0.006280523672963	3.9444977606648666e-05	0.0101584565969178	-0.0617410473173349	0.0007233379422591	0.0038119569238413	5.232177787117719e-07	-0.0114376588047426	-0.0005975301937921	3.570423324932258e-07	0.0001308200389337	-0.0057410555488387	-2.896581573070059e-05	8.390184809449017e-10	3.295971881485163e-05	0.0	0.0	0.0	0.0	0.0	0.0	0.0	0.0	0.0	0.0	0.0	0.0	0.0	0.0	0.0	0.0	0.0	0.0	0.0	0.0	0.0	0.0	0.0	0.0	0.0	0.0
2423.8616544045817	1.798804383569859	5875105.319692916	3.2356972103501405	2990.772198955829	4.064507587138905	8944718.346047085	16.520221925909727	2805.8083281935305	5.018185383162745	25.182184539788224	7872560.3745601745	2826.774534449084	1875.1018561904173	0.664535	14.779129	0.1616831075515444	0.0786297020619222	0.0105545321	-0.047972442	-0.0554544533	0.0249267907	-0.0373752117	-0.040443163	0.0163285512	0.0121635994	-0.0444171562	-0.1258457218	-0.0343712158	0.0408314656	-0.0003034027	-0.0123405036	-0.0206366513	-0.1282550617	0.0168160837	-0.0017670772	0.0302006999	-0.0765097167	0.033215471	0.0392690078	0.0091006212	-0.0052411963	0.061061389	-0.0256162429	-0.0048637478	0.0070021267	-0.0104765124	-0.0112216724	0.113079065	-0.0589209758	0.0410386821	-0.0248308734	-0.0343983196	0.0478155522	0.0129349684	-0.0620791784	-0.0089809431	-0.0099178459	-0.0194737723	-0.0737133995	0.0031630955	-0.0670902696	0.0361352869	0.030603506	0.0254097688	-0.0121201115	-0.0392670915	-0.0412063147	-0.0087905697	0.0032775826	0.0143245281	-0.0375878345	-0.026113325	0.0315159764	0.0188526759	-0.0724324659	0.031556097	-0.0059160947	0.0238017816	-0.1188063177	-0.0599311205	0.0272348156	0.0120963787	0.0229280302	-0.074233526	0.0285576056	0.0279820755	-0.0738769366	0.0916678532	-0.0745868818	0.0	0.0	-0.1705490890256129	-0.0215828436389954	0.0004658191395453	0.0290869917674664	-0.1067974184047955	0.0071921210094814	0.0114056885779289	5.172660461502392e-05	0.1236442554065533	0.0228550863608773	0.0005223549725631	0.0152879018950409	-0.0629984161904476	-0.0012573688731127	0.0039688004425048	1.580976483072706e-06	-0.0111192618875644	0.0003183969171782	1.0137659686858157e-07	0.0001236379849242	-0.0051157602082858	0.0006252953405529	3.90994262917168e-07	2.6171002508680367e-05	0.0	0.0	0.0	0.0	0.0	0.0	0.0	0.0	0.0	0.0	0.0	0.0	0.0	0.0	0.0	0.0	0.0	0.0	0.0	0.0	0.0	0.0	0.0	0.0	0.0	0.0
2430.389068360608	6.527413956026066	5906791.023606743	42.60713295332386	3016.207428448017	25.435229492187773	9097507.251424998	646.9508993202587	2811.817966513234	6.009638319703299	36.115752733646296	7906320.276806617	2834.8347954269934	1880.0061370283595	0.696747	15.495502	0.0916792163610978	0.0415099621835963	0.0123577856	-0.0480494488	-0.0594338342	-0.0199673094	-0.0493635426	0.0225400232	-0.0139854021	0.0406153191	0.0161351384	-0.0737912527	-0.0408956189	-0.0097906122	0.0364562681	0.0659659086	-0.0091591115	0.0017683085	0.0188807043	0.0187287431	-0.0089792927	0.0070864314	-0.0808038106	-0.0217770858	-0.0135546131	-0.026056528	0.0168221356	-0.0304902201	0.078938936	-0.0228480099	0.0688883065	0.0010024123	-0.0159254204	-0.0272705489	0.0240907723	0.0214661556	0.0143033187	-0.0264695768	-0.0319674557	-0.0522705201	0.0282452528	-0.026898443	-0.0243059558	-0.0062769539	-0.0006879934	-0.0713561826	0.0507326062	0.0258988525	-0.0267936218	0.0026497357	-0.0208678408	-0.044635923	-0.0025505147	0.0238767687	0.0176382709	-0.0261552618	-0.0098162635	0.0051931635	0.0166256074	0.0566461857	0.0085756064	0.004119805	0.0205557399	-0.0556794926	-0.0872576461	-0.0567155829	0.0754484653	0.0026693099	-0.0749369886	0.0308470363	0.0245041797	-0.0709097055	0.091428372	-0.0785694722	0.0	0.0	-0.1562675356256875	0.0142815533999254	0.0002039627675149	0.0244195426905255	-0.1261632813945112	-0.0193658629897156	0.0159171735722306	0.0003750366493364	0.1418852698400599	0.0182410144335065	0.0003327346075633	0.0201314297975866	-0.0629413044793085	5.711171113910452e-05	0.003961607809557	3.2617475492365142e-09	-0.0113863890636123	-0.0002671271760478	7.135692818332531e-08	0.0001296498559079	-0.0055873370318578	-0.000471576823572	2.2238470053025733e-07	3.1218335107569526e-05	0.0	0.0	0.0	0.0	0.0	0.0	0.0	0.0	0.0	0.0	0.0	0.0	0.0	0.0	0.0	0.0	0.0	0.0	0.0	0.0	0.0	0.0	0.0	0.0	0.0	0.0
2431.556762974276	1.167694613668118	5912468.291565939	1.3635107107895357	3018.494491811899	2.287063363882225	9111308.997098774	5.230658830412281	2818.0838247079832	6.265858194749399	39.26097891670819	7941596.443080775	2840.2557184469288	1878.845501907089	0.679295	15.107375	0.0668974081330334	0.0377421441133109	0.0203119845	-0.0549536041	-0.0676260603	-0.0344843054	-0.0483382222	0.027967807	-0.0345118584	0.0447361497	0.0258153196	0.0025754966	-0.0626519061	0.0171892398	-0.0652613735	-0.0785015608	-0.0067770466	-0.0099080612	0.0182183917	0.0448371117	-0.0651159733	-0.0353410539	-0.0204818356	0.0079879761	0.021410414	-0.0242299379	0.0771118381	0.0720215664	0.0037903805	0.0450504894	-0.0938936439	-0.0156384872	0.0044301382	-0.0307774653	-0.0494623459	0.0691728263	-0.0522445926	0.0384654521	0.0376684345	-0.1301496139	0.0296251113	0.0367985473	0.0274627723	0.0760976856	0.0007637139	-0.0691921935	0.0539602978	0.021341695	-0.0039010562	-0.0090894579	-0.0277917869	-0.0364710717	-0.0024925486	0.0136654594	0.0280877826	-0.0490644497	-0.036133052	-0.047695162	0.0074343894	-0.0477907875	-0.0250030108	0.0175625622	-0.0277870623	-0.0270623661	-0.0799647758	-0.0659164965	0.0398647592	0.008922005	-0.0756273945	0.0331149692	0.0209878625	-0.0677448364	0.0907907753	-0.0820594844	0.0	0.0	-0.1442674201165061	0.0120001155091813	0.0001440027722336	0.0208130885070724	-0.1125758669548417	0.0135874144396694	0.0126733258206342	0.0001846178311553	0.1523612020186178	0.0104759321785579	0.0001097451550097	0.023213935880558	-0.062911716626229	2.958785307949352e-05	0.0039578840888589	8.75441049853694e-10	-0.0119314057852586	-0.0005450167216463	2.970432268740811e-07	0.0001423584440125	-0.0055452626864711	4.207434538669973e-05	1.7702505397193007e-09	3.074993826196868e-05	0.0	0.0	0.0	0.0	0.0	0.0	0.0	0.0	0.0	0.0	0.0	0.0	0.0	0.0	0.0	0.0	0.0	0.0	0.0	0.0	0.0	0.0	0.0	0.0	0.0	0.0
2427.5362088391043	-4.020554135171551	5892932.045224932	16.164855553845058	3003.9920419546274	-14.502449857271586	9023968.188126732	210.32105186267663	2801.7804571378533	-16.30336757012992	265.799794126764	7849973.729999598	2826.1456697871768	1884.624005065635	0.781016	17.369631	0.0648071355285381	0.0286710037233171	0.0384124894	-0.0640470185	-0.0754872935	-0.0219977237	-0.00638909	6.56746e-05	0.0424439885	-0.0395453905	-0.0223566588	0.0375093834	-0.0449875885	-0.0104353925	0.0982078543	0.1143619229	-0.0343395819	-0.0664868988	-0.0957395817	-0.0311946745	-0.0137442987	-0.0535855408	0.058860133	0.0001782432	0.0344504755	-0.0364015746	-0.0011955041	-0.0631747207	-0.0555624669	-0.0529787632	0.1423199767	0.0354148915	0.0653424784	0.0196320236	-0.0347931528	-0.0712876686	-0.0588993674	0.0347470786	0.0296392176	-0.0261738143	-0.0299877203	0.0341054716	0.0332598502	-0.0320857961	-0.0083946936	-0.0916550599	0.052796736	0.0230669999	-0.0153453945	0.0043248102	-0.0118298621	-0.0554135581	0.0223059116	-0.0061255417	-0.0108265396	-0.0369129479	-0.0188199959	-0.0236873406	-0.0035647152	0.0578127628	0.0350959092	0.0770456392	-0.0089206708	-0.0163093297	-0.0125521478	-0.070786699	-0.0134373581	0.012901038	-0.0763046233	0.0353598238	0.0174386375	-0.0643911502	0.0897578394	-0.0850350384	0.0	0.0	-0.1456982937213524	-0.0014308736048463	2.0473992730458773e-06	0.0212279927933134	-0.13024567432943	-0.0176698073745882	0.0169639356815279	0.000312222092655	0.1358931382578347	-0.0164680637607831	0.0002711971240292	0.0184669450255629	-0.0628500847074691	6.163191875990792e-05	0.003950133147736	3.79849341002789e-09	-0.0121977688878462	-0.0002663631025876	7.094930242009244e-08	0.0001487855658413	-0.00580203548089	-0.0002567727944189	6.593226795369078e-08	3.3663615721506454e-05	0.0	0.0	0.0	0.0	0.0	0.0	0.0	0.0	0.0	0.0	0.0	0.0	0.0	0.0	0.0	0.0	0.0	0.0	0.0	0.0	0.0	0.0	0.0	0.0	0.0	0.0
2435.703472681363	8.167263842258762	5932651.406832051	66.70419866906737	3006.040245643029	2.0482036884013723	9036277.9584256	4.195138349180986	2821.640036302236	19.859579164382467	394.4028845863742	7961652.494463682	2839.6796358095366	1859.971273478253	1.247282	27.739292	0.4237143762148082	0.2693704479937445	0.0229415082	-0.1304743045	-0.1717382212	0.0589300098	0.0638676135	-0.0025776645	-0.0618105955	0.0812715718	-0.1567281312	-0.0247117345	-0.026008306	-0.0035684881	-0.0090662631	-0.0751233489	-0.0490341601	0.0750967078	0.1015995844	-0.1321485818	-0.1910121266	0.0142924281	0.0545355658	0.0625449381	-0.0205894004	-0.0837399905	0.0214250938	0.0573033283	-0.0300002565	0.0298176345	-0.0331433649	0.0031009477	-0.0562085662	-0.1754932246	-0.2370541844	0.0705450943	-0.1031429219	-0.056177809	0.1352099697	-0.0335246587	0.0714433259	0.0928226813	-0.024056938	0.1071733439	0.0042902642	-0.1787727853	0.1133855373	-0.100576408	0.0453987122	-0.0233826042	0.035331577	0.0375610935	0.0245557219	-0.0314575531	-0.0616650205	-0.1448447732	0.0076607482	-0.0579467746	0.133114594	-0.0124388838	-0.0569943829	0.0335168519	-0.2071838571	0.0513193933	0.0480424104	0.1282821258	-0.0058444309	0.2040902391	-0.0769685571	0.0375800356	0.0138620696	-0.0608579944	0.0883340621	-0.0874774795	0.0	0.0	-0.1613189657411879	-0.0156206720198354	0.0002440053943512	0.0260238087078065	-0.1054297516911759	0.024815922638254	0.011115432541663	0.0006158300163878	0.2146538791073382	0.0787607408495035	0.0062032542991626	0.0460762878158277	-0.0580516066736176	0.0047984780338515	0.0033699890373884	2.302539144135536e-05	-0.011195839864631	0.0010019290232152	1.0038617675609668e-06	0.0001253468302744	-0.0055121017238124	0.0002899337570776	8.406158349313294e-08	3.038326541365563e-05	0.0	0.0	0.0	0.0	0.0	0.0	0.0	0.0	0.0	0.0	0.0	0.0	0.0	0.0	0.0	0.0	0.0	0.0	0.0	0.0	0.0	0.0	0.0	0.0	0.0	0.0
2442.903462578744	7.199989897380874	5967777.327479217	51.83985452238665	3070.0437828650843	64.00353722205546	9425168.828708556	4096.452776935038	2820.536046197308	-1.1039901049275611	1.218794151777968	7955423.587898344	2851.695010270744	1876.2616419843764	1.539352	34.234863	0.8186237269472637	0.4816911089745755	0.010191506	-0.0330706905	-0.0081367955	0.0228692256	-0.0969216564	0.1858285042	0.062529271	-0.055515827	-0.0054585373	-0.0109988435	0.0364950789	0.1329390017	0.0055168359	-0.0358219369	-0.0735796577	0.0473943059	0.0110102868	-0.1198216326	0.0086288462	-0.0679060017	-0.0374680941	-0.090306798	0.0339738013	-0.0398334468	-0.0076546216	-0.0715915366	-0.1220352096	-0.0673086739	-0.0586956795	0.1217369402	-0.0567427092	-0.0011136025	0.0531571722	-0.099419248	-0.1026394013	0.094014209	-0.0968586467	0.0357952534	0.0637861989	-0.0119092935	0.1678116774	0.1004569069	-0.0416428587	-0.03028844	-0.00260672	0.0771058515	0.028372947	-0.0624155871	-0.0151740022	-0.0024236628	-0.1493674105	-0.0818869887	-0.0049684684	-0.078397901	0.078626619	0.1292428955	0.070798982	-0.0868592606	0.0669321019	-0.0288903017	-0.0067049177	0.1439515114	0.0598324292	0.0134734146	-0.0910071122	-0.0281433208	-0.0776190801	0.0397740572	0.0102637667	-0.0571552164	0.086525643	-0.0893714952	0.0	0.0	-0.1695734858720072	-0.0082545201308193	6.813710259010132e-05	0.0287551671107838	-0.0491126975559979	0.056317054135178	0.0024120570612269	0.0031716105864645	-0.0486726957963483	-0.2633265749036865	0.0693408850505068	0.0023690313160838	-0.066075086529319	-0.0080234798557013	0.0043659170598569	6.437622899484614e-05	-0.0100359022285538	0.0011599376360771	1.3454553195883617e-06	0.000100719333541	-0.0061431957875854	-0.000631094063773	3.982797173295198e-07	3.7738854484607e-05	0.0	0.0	0.0	0.0	0.0	0.0	0.0	0.0	0.0	0.0	0.0	0.0	0.0	0.0	0.0	0.0	0.0	0.0	0.0	0.0	1.0	0.0	0.0	0.0	0.0	0.0
2450.667264081256	7.763801502511797	6005770.039239507	60.27661377040443	3088.768781926082	18.72499906099756	9540492.588201132	350.6255898343596	2831.9299975538347	11.393951356526486	129.82212751489175	8019827.511045262	2850.6006187702046	1858.4473970935005	1.796164	39.946308	0.9707933500884526	0.6339672795586265	-0.0667342598	0.1122630706	0.0216056924	0.040180616	0.0804953479	0.1466510828	-0.242341759	0.2971897692	0.0620693652	-0.0505351562	-0.0698700051	-0.106587197	-0.0530659027	0.0131499895	0.0276536443	0.208225181	0.0499463502	0.0026131771	0.0553410833	0.13437934	-0.0023507664	0.143496118	-0.0428993086	-0.0130659677	0.0827574794	0.0254870288	-0.0203022961	0.0761596316	0.0054235735	-0.0124414287	-0.1821454277	0.0088431784	-0.1111799787	0.0456913265	0.1585078873	-0.0894438843	0.1719718923	-0.0421247987	0.0467456553	-0.0665201017	-0.0760080367	0.0511535024	0.0542873879	0.1205254187	0.0097284137	-0.1100719264	0.03054251	-0.0372110354	0.0456144891	0.11059284	0.0385168476	-0.001491359	-0.0285245568	-0.1400896381	-0.0559118236	-0.1701977401	0.1664306516	0.1008614461	-0.0920271105	0.0581920798	-0.1606169928	-0.090673848	0.1031888388	0.0400458854	0.0272600007	0.1362565319	-0.078256079	0.0419403596	0.0066493708	-0.0532931366	0.0843404568	-0.0907052112	0.0	0.0	-0.1491883040156096	0.0203851818563976	0.0004155556393184	0.0222571500550539	-0.1509882630930548	-0.1018755655370569	0.0227974555918575	0.0103786308534951	0.5087293521781149	0.5574020479744631	0.3106970430861257	0.2588055537675644	-0.0705795155059701	-0.004504428976651	0.0049814680090574	2.028988040569406e-05	-0.0107970085198756	-0.0007611062913217	5.792827866896236e-07	0.0001165753929782	-0.0067002716140232	-0.0005570758264377	3.1033347640135773e-07	4.489363970168506e-05	0.0	0.0	0.0	0.0	0.0	0.0	0.0	0.0	0.0	0.0	0.0	0.0	0.0	0.0	0.0	0.0	0.0	0.0	0.0	0.0	0.0	1.0	0.0	0.0	0.0	0.0
2436.2726408138824	-14.39462326737339	5935424.380378248	207.20517900960735	3036.36040226863	-52.40837965745186	9219484.492464917	2746.638258319614	2821.258292214912	-10.671705338922491	113.88529484078684	7959498.351391403	2842.8136373585667	1910.7821182180223	1.398134	31.094217	0.2322845383167194	0.1315086242444759	-0.0241528183	0.0572495098	0.0487276921	-0.0857855898	0.0021870707	0.0768154118	-0.0248329796	-0.0543376395	-0.0200269169	0.1456135769	-0.0610287048	-0.0202144086	-0.1380837766	0.0113761533	-0.0306126449	-0.0226897814	0.0233913221	0.0739719993	0.1310500735	-0.001213431	-0.1068480556	0.0378111076	-0.0070396398	0.0253976425	0.0471388057	0.0113982389	-0.011781356	0.1145958455	-0.0518298394	0.0554301232	0.0105098448	0.0228686016	0.0856144528	0.0283361456	0.0964745873	-0.0477524765	-0.0443213618	-0.0858380281	0.0399091283	-0.0369355168	-0.0795919617	-0.0173301666	0.0392092846	0.0915939462	0.0066185305	-0.0679972568	-0.0424562626	0.0048366046	0.0620241182	0.0312950899	0.0057769257	0.0002004727	-0.008755328	-0.0085317276	-0.0144348955	-0.0631359722	0.0123937902	-0.0060730385	0.0147649375	-0.0099823243	0.0293858532	-0.1081180495	-0.0668509404	-0.0897101442	0.0223156023	-0.0111073227	-0.0788794428	0.0440774331	0.0030245489	-0.0492825193	0.0817880187	-0.0914702662	0.0	0.0	-0.1537271796442638	-0.0045388756286542	2.0601391972391148e-05	0.0236320457613797	-0.0929462833887271	0.0580419797043277	0.0086390115957775	0.0033688714079975	0.4110957898098419	-0.0976335623682729	0.0095323125007194	0.1689997483993777	-0.0695836922528701	0.0009958232530999	0.0048418902275421	9.916639514146512e-07	-0.0104384849018983	0.0003585236179772	1.2853918464753225e-07	0.0001089619670471	-0.0067873271552552	-8.705554123200013e-05	7.578667259196475e-09	4.606780991246465e-05	0.0	0.0	0.0	0.0	0.0	0.0	0.0	0.0	0.0	0.0	0.0	0.0	0.0	0.0	0.0	0.0	0.0	0.0	0.0	0.0	0.0	0.0	0.0	0.0	0.0	0.0
2430.488991888059	-5.7836489258234	5907276.7396890335	33.45059489717816	3041.9441021259013	5.583699857271313	9253423.920458555	31.17770409609168	2819.442624335633	-1.8156678792793173	3.2966498478466533	7949256.7119206	2846.2863330078126	1926.6390661154128	1.020562	22.697088	0.2575828274387309	0.1154263679263655	0.0112709782	0.0411827582	-0.0057743892	-0.0361020086	0.1140550588	0.0777380564	-0.0068168962	-0.1072726641	-0.1367933903	0.1115329397	0.0567116158	0.0455576046	-0.0077492555	0.0444890705	-0.028767556	0.0785227347	-0.0063169711	0.0422460519	0.0219476746	-0.0018005749	-0.0299472644	0.0347656477	0.0542238851	-0.084104991	-0.0278332359	0.0548137129	0.0573005842	0.0103236457	0.0279533191	0.0598367767	-0.0881706932	0.0332054455	0.0360992531	0.0026670587	-0.0088742495	0.0024413544	-0.0129546782	-0.0003052203	0.048317994	0.026797622	-0.0916507334	0.0011750381	0.0189340396	0.0444048069	0.031441256	-0.0543996969	-0.0147961067	0.0330160839	0.0446790236	0.0171472959	0.0269572568	0.057320178	0.0212786691	0.0147039289	0.0553049425	-0.0278008252	-0.0405968489	0.0962784499	0.007033572	-0.0881557272	0.0014964402	0.0070767283	0.0312806371	-0.0695398597	-0.0859461129	0.0273263145	-0.079489063	0.0461837883	-0.0006050152	-0.0451345427	0.0788794428	-0.0916618636	0.0	0.0	-0.0965349777206796	0.0571922019235842	0.003270947960868	0.0093190019235321	-0.1200147902655146	-0.0270685068767875	0.0144035498824754	0.0007327040645386	0.3765318624574476	-0.0345639273523943	0.0011946650740215	0.1417762434456742	-0.068373890669725	0.001209801583145	0.0046749889253155	1.4636198705803858e-06	-0.0116207281596862	-0.0011822432577878	1.3976991205849467e-06	0.0001350413229613	-0.0064042081704689	0.0003831189847863	1.4678015650368537e-07	4.101388229070062e-05	0.0	0.0	0.0	0.0	0.0	0.0	0.0	0.0	0.0	0.0	0.0	0.0	0.0	0.0	0.0	0.0	0.0	0.0	0.0	0.0	0.0	0.0	0.0	0.0	0.0	0.0
2420.384728136773	-10.104263751285998	5858262.232197721	102.0961459555522	2997.922039325421	-44.0220628004804	8987536.55387309	1937.94201320944	2816.549463699668	-2.893160635964705	8.370378465495696	7932950.881466889	2838.579026636584	1921.74336183716	0.907115	20.17404	0.2164350428439819	0.124531496169583	-8.25298e-05	0.0621269067	0.0304975511	-0.0006285641	0.1048344849	-0.0168152014	0.0098811433	-0.0730622865	0.0418032447	-0.011847109	0.0822198806	0.0039291483	-0.0119834374	-0.0060443259	0.0330381879	0.0169805717	0.0413769936	0.0668392495	0.0620217451	-0.0650133073	0.04708439	0.0625280917	0.0592914024	-0.0458270421	0.0173666012	0.0280505329	-0.0351438632	0.0186082229	-0.0195557978	-0.0267646085	-0.0268360755	0.004596651	0.0788137	0.0049248584	-0.0225908522	0.0664638378	0.0363935205	-0.0324869852	-0.0138530893	0.0375677978	-0.0689421973	-0.0562417182	0.0243504714	0.0782667935	0.0073886745	-0.0719100629	0.0315251084	0.0447261451	0.0298191215	0.0286110107	0.0271587385	0.0538696309	0.0187191581	0.0685887139	0.0107265037	0.0232188962	-0.0287109927	-0.0576326749	-0.0019197	-0.1125410796	0.0457034241	-0.0385296794	-0.0040326504	-0.0122695578	-0.0500496947	-0.0064296548	-0.0800848332	0.0482579572	-0.0042336307	-0.0408607681	0.0756273945	-0.0912788023	0.0	0.0	-0.1144932412510542	-0.0179582635303746	0.0003224992290263	0.013108702292172	-0.1099779976829467	0.0100367925825679	0.0120951599743502	0.0001007372053454	0.4381045838657371	0.0615727214082895	0.0037912000216228	0.1919356264041706	-0.0703534805248691	-0.001979589855144	0.0049496122219631	3.918775994589432e-06	-0.0110933570719617	0.0005273710877245	2.781202641677223e-07	0.000123062571126	-0.0064345925340553	-3.038436358640019e-05	9.232095505505617e-10	4.140398107932021e-05	0.0	0.0	0.0	0.0	0.0	0.0	0.0	0.0	0.0	0.0	0.0	0.0	0.0	0.0	0.0	0.0	0.0	0.0	0.0	0.0	0.0	0.0	0.0	0.0	0.0	0.0
2417.9662724130617	-2.418455723711304	5846560.894527117	5.848928087551967	2981.5351853590746	-16.38685396634628	8889552.061534172	268.5289829143588	2816.234705041956	-0.3147586577119909	0.0990730126046542	7931177.913882754	2833.318817517511	1889.0853743324687	0.829476	18.447369	0.0600747914445852	0.0274766015679498	-0.0152914898	0.0587875058	0.0424603749	-0.0070920574	0.0728889783	-0.0702063728	0.0075654069	-0.1091588471	0.0635018488	0.0107957936	0.0696990457	-0.0804655875	-0.0447950142	0.0341000327	-0.0310723292	0.0051384256	0.0021242999	0.031444747	-0.0817051616	0.0774122847	0.0762080591	-0.0384926379	-0.1225268732	-0.082491578	-0.0177477535	0.0218325019	-0.0163730239	0.0374040709	0.0398340737	0.0332641756	0.0261346697	0.0309575365	0.0181627954	0.0631665188	-0.0533274422	-0.1294329129	0.082947579	0.130306635	-0.103809932	-0.039675659	-0.0507140347	-0.0125722035	0.0277381381	0.0799802118	-0.0030716701	-0.0847020309	0.0541813585	0.0534922159	0.0304425496	0.0300954389	0.034235922	0.0520364575	0.0108085905	0.0606876478	0.0279086941	0.0287985196	-0.0288328813	0.0253907798	0.0184064475	-0.0064203892	0.0879269505	-0.0152524168	-0.0557171932	0.0540160662	0.0584790825	0.02028394	-0.0806666498	0.0502984945	-0.0078556081	-0.0364731072	0.0720460343	-0.0903234838	0.0	0.0	-0.1255531462688708	-0.0110599050178165	0.0001223214990031	0.0157635925380124	-0.1191404807925948	-0.0091624831096481	0.0141944541634906	8.395109673458688e-05	0.4612620064454376	0.0231574225797004	0.0005362662205348	0.2127626385900708	-0.0702300424807777	0.0001234380440914	0.0049322588668518	1.5236950729110582e-08	-0.0110969646763543	-3.6076043925994256e-06	1.301480945350267e-11	0.0001231426250282	-0.0062277385677909	0.0002068539662644	4.2788563359313537e-08	3.8784727668750254e-05	0.0	0.0	0.0	0.0	0.0	0.0	0.0	0.0	0.0	0.0	0.0	0.0	0.0	0.0	0.0	0.0	0.0	0.0	0.0	0.0	0.0	0.0	0.0	0.0	0.0	0.0
2416.457733031324	-1.5085393817375916	5839267.975526886	2.275691066253235	2979.8783860426684	-1.65679931640625	8879675.195604257	2.7449839748442173	2812.7896588122867	-3.445046229669515	11.86834352456014	7911785.66472134	2832.969100720636	1882.825850850832	0.720869	16.031988	0.1562201770970232	0.0721097510904929	-0.0140534505	0.0553501929	0.0432857908	-0.0251416683	0.0770032176	-0.0540496988	-0.0076055533	-0.0970270451	0.0761039038	-0.0134437079	0.088772055	-0.0929970599	0.0033096281	-0.0592051195	0.0733707157	-0.0214195152	-0.0037298366	0.0259930544	0.0452100192	0.1176740232	0.050047686	0.039844465	-0.0977275558	-0.0038955028	-0.0066990836	0.0877039529	0.0497584524	0.0171911381	-0.0431344706	-0.0819129182	0.0189611962	0.0190067373	0.0095798484	-0.0353629219	0.0318836451	-0.0582822127	0.1177930287	0.0556832004	-0.0232982556	-0.0418630833	-0.0582782686	0.0174978273	0.0314143681	0.0836779793	-0.0022318419	-0.0932460832	0.0706972046	0.0561751312	0.0200453737	0.0511660965	0.0587978976	0.0478255542	0.0145311514	0.0816896367	-0.015821176	-0.0103106963	-0.0466878302	-0.040960196	-0.0325261216	0.0334637441	0.0748740852	-0.011557895	-0.0643638843	0.0289297148	0.0791788766	0.0418567791	-0.0812344112	0.0523039779	-0.0114652683	-0.0319837892	0.068150957	-0.0888018974	0.0	0.0	-0.1436268350158087	-0.0180736887469379	0.0003266582249211	0.0206286677366583	-0.1109146158123479	0.0082258649802468	0.0123020520008007	6.766485467325228e-05	0.5082840581364607	0.0470220516910231	0.0022110733452332	0.258352683755669	-0.0708732961802283	-0.0006432536994506	0.0050230241114503	4.137753218568892e-07	-0.0119104597277963	-0.000813495051442	6.617741987206236e-07	0.0001418590509274	-0.0060265158851072	0.0002012226826837	4.049056802642518e-08	3.631889371344942e-05	0.0	0.0	0.0	0.0	0.0	0.0	0.0	0.0	0.0	0.0	0.0	0.0	0.0	0.0	0.0	0.0	0.0	0.0	0.0	0.0	0.0	0.0	0.0	0.0	0.0	0.0
2419.4793582125294	3.0216251812053088	5853880.364816513	9.130218735694015	2970.760075495793	-9.118310546875364	8825415.42615977	83.1435872292585	2813.532986587019	0.7433277747322791	0.5525361806884418	7915967.866613271	2833.732272191541	1875.4898275938435	0.658316	14.64082	0.0934002387326616	0.0502710929618354	-0.0191343579	0.0481266383	0.0554513358	-0.0417048346	0.0450192831	-0.0930634281	-0.0181461616	-0.0625027455	0.0286744079	-0.048996248	0.0434946024	-0.1064326579	-0.015528985	0.0341421023	0.0167089245	-0.017646489	-0.0647301883	0.0200349389	0.0035828327	0.0720149058	0.1116232607	-0.0008280109	0.011459844	-0.11470664	-0.0324868343	-0.0168796692	-0.0515629891	0.0273662001	0.0375232883	0.0068492019	0.0288555891	0.0593284915	0.0128350396	-0.0379551343	-0.0371300826	-0.0149412469	0.1350413887	0.0526999287	0.0098265983	0.0134020405	-0.0134343462	-0.0240257486	0.0298787169	0.091081449	-0.0091267591	-0.0753294315	0.0448638731	0.0462755422	0.0252633161	0.0305415445	0.0297944016	0.0241768183	0.0054340472	0.0862290257	-0.0199332773	0.0148437716	-0.0210236799	-0.020698007	0.0350981901	0.085762241	0.0871781222	0.0042231275	-0.0498082279	0.008899142	0.0944914245	0.0246910381	-0.0817880187	0.0542730098	-0.0150569516	-0.0274053266	0.0639591232	-0.0867235824	0.0	0.0	-0.1432510743140227	0.0003757607017859	1.411961050067021e-07	0.0205208702921216	-0.1004648575535327	0.0104497582588152	0.0100931876032516	0.0001091974476676	0.4681731546284098	-0.0401109035080509	0.0016088845802321	0.2191861027147169	-0.0713923390070209	-0.0005190428267925	0.0050968660688933	2.694054560448426e-07	-0.0116320525817077	0.0002784071460886	7.751053899319956e-08	0.0001353046472636	-0.0059746895327082	5.182635239900021e-05	2.685970802985355e-09	3.569691501225292e-05	0.0	0.0	0.0	0.0	0.0	0.0	0.0	0.0	0.0	0.0	0.0	0.0	0.0	0.0	0.0	0.0	0.0	0.0	0.0	0.0	0.0	0.0	0.0	0.0	0.0	0.0
2430.052734715579	10.57337650304953	5905156.293498664	111.79629067523992	3008.419444861778	37.65936936598519	9050587.55622245	1418.2281010437034	2824.435524983248	10.90253839622892	118.86534348124586	7977436.034787395	2846.1580106748384	1870.343472193345	0.86544	19.247213	0.1120075289614572	0.0606084215189206	-0.0250099324	0.0598668059	0.0323613566	-0.0247883806	0.0857444484	-0.0034023302	-0.0690141064	0.025098496	0.0418298706	0.0132627487	0.0398581927	-0.0835546637	-0.0390872476	0.005062917	0.029545462	0.1364854449	0.0051873338	0.0507495416	-0.0293623753	0.0082786587	0.0884992208	0.0448319245	-0.0974029663	-0.0786584049	-0.0457943486	0.0319257063	0.0034192541	0.0325541961	-0.0086578046	-0.0035904992	-0.1238313645	0.051194281	-0.0097565904	0.0309620314	-0.0373402754	0.0065110811	0.1223798165	0.0273173214	-0.039982464	-0.0499160014	-0.0585327485	0.0719057218	0.0256448549	0.095197946	0.0028740912	-0.0893512547	0.0248009093	0.0510765293	0.0645181178	0.0395232658	0.0297293765	0.0397842782	-0.0079170635	0.0167507267	0.0377807865	-0.0026946764	-0.0341484246	0.012057884	-0.024140731	0.0130521153	-0.0400669412	0.0770813089	0.0480120106	0.0231713603	0.0194537973	-0.0121516812	-0.0823273756	0.0562042179	-0.0186250264	-0.0227504805	0.059488786	-0.0841015683	0.0	0.0	-0.1357742103035519	0.0074768640104707	5.590349543107335e-05	0.0184346361835531	-0.1051811418840031	-0.0047162843304704	0.0110630726080227	2.2243337885840648e-05	0.4648007623435291	-0.0033723922848807	1.1373029723123085e-05	0.2160397486751258	-0.0718254423523893	-0.0004331033453684	0.0051588941691163	1.8757850776930362e-07	-0.0109692338724172	0.0006628187092905	4.393286413855249e-07	0.0001203240917477	-0.006807607244762	-0.0008329177120538	6.937519150529374e-07	4.634351639893607e-05	0.0	0.0	0.0	0.0	0.0	0.0	0.0	0.0	0.0	0.0	0.0	0.0	0.0	0.0	0.0	0.0	0.0	0.0	0.0	0.0	0.0	0.0	0.0	0.0	0.0	0.0
2426.7802374281923	-3.2724972873866136	5889262.320772033	10.709238495952745	2994.278802020733	-14.140642841045064	8965705.544230716	199.95777995799904	2823.832730834248	-0.602794148999692	0.3633607860682628	7974031.291730807	2842.5382273706896	1891.9373171539544	0.744719	16.562391	0.0574532872882556	0.027750418782551	-0.0161669319	0.0599465087	0.0244720487	-0.0067574447	0.1255815114	-0.0313594261	-0.0436787996	0.000236518	-0.0503450616	0.036030325	-0.0102449443	-0.1021864561	-0.1140921975	-0.0210322266	-0.0207326626	0.054292333	-0.0817327824	0.0248722988	-0.0701012053	0.0854216447	0.0544221051	0.0092644247	0.0357055053	-0.1369453637	0.0265168136	0.1093264742	-0.0672925312	0.0983682112	-0.0418718342	0.049065149	-0.0162364471	0.0862702726	-0.0767162006	0.0522035452	-0.0521727976	-0.0498118752	0.1149225696	0.0077181187	0.080278642	0.078829852	-0.0533704236	0.0492198198	0.0267633189	0.093265202	0.0048128269	-0.097270921	0.0342345954	0.0484385994	0.0693230749	0.0507838717	0.0392763243	0.05680941	-0.0003670541	0.0143820856	-0.0032481572	-0.0699036444	0.0380022126	-0.0073963377	0.0241545894	-0.0043432479	-0.0358758627	0.00794533	0.0540365456	0.0077642357	0.0273790503	0.0156688855	-0.0828523881	0.0580962564	-0.0221638981	-0.0180322247	0.0547594108	-0.0809522936	0.0	0.0	-0.1394104816346697	-0.0036362713311177	1.3222469193509193e-05	0.0194352823896105	-0.1014807897727365	0.0037003521112665	0.0102983506928983	1.3692605747355162e-05	0.48608104666841	0.0212802843248809	0.0004528505009477	0.236274783930257	-0.0717600386985242	6.540365386510649e-05	0.0051495031540136	4.277637938906659e-09	-0.0111466201334131	-0.0001773862609959	3.146588559010559e-08	0.0001242471403986	-0.0064736695692032	0.0003339376755588	1.1151437115761449e-07	4.190839769122754e-05	0.0	0.0	0.0	0.0	0.0	0.0	0.0	0.0	0.0	0.0	0.0	0.0	0.0	0.0	0.0	0.0	0.0	0.0	0.0	0.0	0.0	0.0	0.0	0.0	0.0	0.0
2421.1675070568413	-5.612730371351063	5862052.09722784	31.50274222148664	2992.927062049279	-1.351739971454208	8957612.398746928	1.827200950427023	2809.4553479646383	-14.377382869609846	206.70913817935065	7893039.3522071075	2830.5753608230066	1891.7918247417467	0.666887	14.831428	0.1130300891803543	0.0502796536409322	-0.020692852	0.0670149694	0.0387237127	0.0200049337	0.1439866972	-0.0282914737	-0.0249310849	-0.0418494946	-0.0054944505	0.0548609034	0.0894683194	-0.0815022247	0.0553257722	0.0448405102	0.1543881831	0.0202599573	-0.0093588817	0.1312353849	-0.0262231481	0.0552562227	-0.0476219712	0.0344453652	0.0343706516	-0.1275771408	-0.0972325909	0.0407242332	0.0350951622	-0.0162185913	0.0629204166	-0.1347434346	-0.0432536905	0.0991833637	0.0646577266	0.0516795209	-0.0391578822	-0.0096430571	0.0426401326	0.0147566518	0.1167186667	0.0732786003	-0.0924590052	0.1288059879	0.0331214047	0.0926228814	0.0003379443	-0.11351234	0.0709366622	0.045572787	0.0615647545	0.0528379318	0.0431327439	0.0674817361	-0.0022090881	0.0111457898	0.0126037474	-0.0299901982	0.0052433802	0.066138857	-0.028218223	0.0089706063	-0.0447736226	0.0407895788	0.0560663936	0.0232631557	0.0043101021	0.0574633019	-0.0833629647	0.0599478067	-0.0256680179	-0.0132637098	0.0497915913	-0.0772955021	0.0	0.0	-0.1479755147131953	-0.0085650330785256	7.335979163623776e-05	0.021896752954635	-0.0935288164428556	0.0079519733298809	0.0087476395052013	6.323387983913716e-05	0.511659874311583	0.0255788276431729	0.0006542764235991	0.2617958269805449	-0.0713337223967456	0.0004263163017785	0.0050884999509759	1.8174558916218077e-07	-0.0105002362684625	0.0006463838649505	4.178121008684747e-07	0.0001102549616935	-0.0061276846333569	0.0003459849358462	1.1970557583256797e-07	3.754851896587829e-05	0.0	0.0	0.0	0.0	0.0	0.0	0.0	0.0	0.0	0.0	0.0	0.0	0.0	0.0	0.0	0.0	0.0	0.0	0.0	0.0	0.0	0.0	0.0	0.0	0.0	0.0
2419.582436490661	-1.585070566180093	5854379.166974084	2.5124486997704807	2984.33246506911	-8.594596980168717	8906240.262065472	73.86709725152522	2816.307122005589	6.851774040950659	46.94680750824532	7931585.805459403	2835.029861092403	1895.0948864525585	0.66179	14.718068	0.1422441668459975	0.071487841048148	-0.0167573894	0.0661788066	0.0295538164	0.0206193266	0.1670872677	-0.0542715152	-0.0271464393	-0.0668558505	-0.0328217867	-0.0197656585	0.1198751266	-0.0889427023	-0.0950325904	-0.0095918834	-0.0004557225	-0.0495388312	0.010807439	0.0795718742	0.0528966087	0.0019875995	0.0487738249	0.0300949326	-0.041520928	-0.0587570488	0.0241371492	0.0810695164	-0.0452825891	0.0903838374	-0.0452495673	0.0039289841	0.050162366	0.0239805882	0.0722233234	0.0116472359	-0.0005471468	0.0021278893	0.1093965963	-0.0098342083	-0.0244857261	0.0074859083	-0.077169774	0.0261196076	0.0366539949	0.0939153874	0.0003284092	-0.1242594913	0.0892888885	0.0589234642	0.0649038779	0.0630226626	0.0509635769	0.0623339415	-0.0051230159	0.0331845916	0.0021203093	-0.0471556788	-0.0252955705	-0.0344528522	0.0223024815	0.0471202169	-0.0062450899	-0.0184889219	0.0369873764	0.0577775256	0.0102647517	0.0214897021	-0.0838590164	0.0617575784	-0.0291318917	-0.0084582266	0.0446069594	-0.0731541193	0.0	0.0	-0.1479323945925585	4.31201206368137e-05	1.8593448037333662e-09	0.0218839933698884	-0.0946918577501918	-0.0011630413073362	0.0089665479241825	1.352665082570301e-06	0.5591213125477523	0.0474614382361693	0.0022525881194457	0.3126166421451213	-0.0718619417509206	-0.000528219354175	0.0051641386722127	2.790156861250596e-07	-0.0112791582198403	-0.0007789219513777	6.067194063381992e-07	0.0001272194101481	-0.0055632945952726	0.0005643900380843	3.185361150887978e-07	3.0950246753789324e-05	0.0	0.0	0.0	0.0	0.0	0.0	0.0	0.0	0.0	0.0	0.0	0.0	0.0	0.0	0.0	0.0	0.0	0.0	0.0	0.0	0.0	0.0	0.0	0.0	0.0	0.0
2424.539878442172	4.957441951510646	5878393.622156382	24.57623070259768	2990.2482694185696	5.915804349459449	8941584.71276075	34.99674110108334	2816.262724342867	-0.0443976627220763	0.0019711524551832	7931335.732523107	2836.944779936692	1897.2204782421104	0.678834	15.097128	0.0565020391472129	0.0280405706825979	-0.0097468538	0.0689195002	0.0443752054	-0.011560156	0.1373318003	-0.0452413329	-0.038489533	-0.0292573416	-0.0473643501	0.0051121235	0.1301006596	-0.0957983083	-0.0033627586	0.0692987872	-0.0019923941	0.0287619555	0.0171172442	0.0467632629	0.0248506487	0.0698725886	0.0350118305	0.0254399334	0.0061566035	-0.0988499744	-0.0534705215	0.0223732128	-0.0173466074	0.0302999024	0.0675935885	0.0133524409	-0.0340340682	0.0069792141	0.0376613509	0.0197377931	0.0201459877	-0.0355519204	0.092047946	0.0526149571	0.0169425466	0.0055493101	-0.1056291518	-0.0085289227	0.0287808964	0.0957318238	0.001711241	-0.1219076125	0.0406041484	0.0520286565	0.0757259651	0.0662963694	0.0572461374	0.0708589252	0.0048598847	0.048208335	0.0160154938	-0.0403738139	-0.0125672342	0.0796243508	0.0089466282	0.0357949863	-0.018824519	-0.0044920639	0.0271938193	0.0097803806	0.0618510715	-0.004292218	-0.0843404568	0.0635243102	-0.0325500881	-0.0036291689	0.039228091	-0.068554109	0.0	0.0	-0.1421300231569802	0.0058023714355782	3.366751427641494e-05	0.0202009434826037	-0.1104078217669553	-0.0157159640167634	0.0121898871073237	0.0002469915249762	0.5549212908195358	-0.0042000217282165	1.7640182517491057e-05	0.3079376390048198	-0.0719295337169041	-6.759196598349337e-05	0.0051738578207312	4.568673865513726e-09	-0.011415390714123	-0.0001362324942826	1.8559292498485852e-08	0.000130311145156	-0.0059751437743395	-0.0004118491790668	1.696197462980794e-07	3.570234312402809e-05	0.0	0.0	0.0	0.0	0.0	0.0	0.0	0.0	0.0	0.0	0.0	0.0	0.0	0.0	0.0	0.0	0.0	0.0	0.0	0.0	0.0	0.0	0.0	0.0	0.0	0.0
2429.157241725683	4.617363283511168	5900804.905028328	21.320043691917032	3015.013321627104	24.765052208534144	9090305.3295889	613.3078108914218	2809.67914258574	-6.583581757126922	43.3435487527744	7894296.884281339	2836.778119275323	1890.6468632313347	0.896096	19.928991	0.2913556610398339	0.1800459841151737	-0.012293401	0.0484466946	0.0368744963	-0.0310669847	0.035458955	0.0384246496	0.0096584475	-0.0467563131	-0.0184160407	-0.0990683126	0.0662717129	-0.0283944987	0.0788228122	-0.0573646242	0.0703029908	-0.0308140449	0.1027144308	-0.1010363169	0.0710143215	0.0611578172	0.0139168593	0.0018528617	-0.0696167948	-0.0575199455	-0.0344547469	0.0259274243	-0.0085408522	-0.0657256732	-0.0378619671	-0.0732518636	-0.0230701495	-0.0858497789	0.1287176511	-0.1525002514	-0.0194847611	-0.001328859	0.0239883203	0.1325564797	0.0310110327	-0.1071719651	0.0002548762	-0.0114728698	0.0136472471	0.0680362405	-0.0062525886	-0.0698398545	-0.0159355912	0.0500344207	0.0548750476	0.0159088596	0.0256453044	0.0436417295	-0.0206216969	0.0268337465	0.0266679935	0.0110042899	-0.0814526589	-0.044117297	0.0033809433	0.0280961787	-0.0166721317	-0.041210677	-0.0250201903	0.0023376431	0.0228943981	-0.1303867254	-0.084807202	0.0652467709	-0.0359172478	0.001210004	0.0336784079	-0.0635243102	0.0	0.0	-0.123686873265683	0.0184431498912971	0.0003401497779128	0.0152984426182411	-0.1092091796293175	0.0011986421376377	0.0119266449153085	1.4367429741208902e-06	0.3836310298587619	-0.1712902609607738	0.02934035350001	0.1471727670704942	-0.0710338387940267	0.0008956949228774	0.0050458062538157	8.02269394868355e-07	-0.0120382080319576	-0.0006228173178346	3.879014113946853e-07	0.0001449184526206	-0.00646510369463	-0.0004899599202904	2.4006072349107304e-07	4.179756578231848e-05	0.0	0.0	0.0	0.0	0.0	0.0	0.0	0.0	0.0	0.0	0.0	0.0	0.0	0.0	0.0	0.0	0.0	0.0	0.0	0.0	0.0	0.0	0.0	0.0	0.0	0.0
2427.5482595039507	-1.6089822217322762	5892990.55222066	2.588823789850532	2981.6247774564304	-33.38854417067341	8890086.313542107	1114.7948818370096	2807.6510930646928	-2.028049521047251	4.112984859819984	7882904.660387364	2828.370336240572	1891.78882216228	0.951262	21.15587	0.1088244004315481	0.050011755131639	0.0047932141	0.0301511241	0.0082997924	-0.0454900224	0.0202801069	-0.0464491006	-0.0570856865	0.0327616988	0.0446470337	-0.038421184	-0.0451577476	-0.1106016014	0.0590047211	0.1277106788	0.0283499075	-0.023998114	-0.0719291422	0.0272285547	0.016183115	0.0910877036	0.0171833279	0.1392396333	0.0061988653	-0.1441791021	0.0736352888	-0.0150784794	0.036295171	0.007013853	0.1337149623	-0.0156053244	0.0289156474	0.0543802194	-0.0267325259	-0.0470093361	0.0085171892	-0.0068035047	0.1501433433	-0.0919424997	0.1187223363	-0.0873883418	-0.0674168056	-0.00613085	0.0132033615	0.0659020982	0.0084549444	-0.0848760686	0.011168707	0.0636533069	0.059275435	0.0272130794	0.0284545799	0.1171196724	0.0199707258	0.0063779678	0.058172132	-0.059022119	0.0232813486	0.0148419622	0.0228105363	0.0141914843	-0.0204219871	-0.0115690273	-0.0435806105	-0.0665742221	0.0636999144	-0.0573755984	-0.0852591707	0.0669237601	-0.039228091	0.0060458045	0.0279820755	-0.0580962564	0.0	0.0	-0.0945615761873597	0.0291252970783233	0.0008482829299005	0.0089418916910378	-0.125504477593509	-0.0162952979641914	0.0157513738960196	0.0002655367357417	0.4029565573077747	0.0193255274490127	0.0003734760111825	0.1623739870773339	-0.071093581256724	-5.974246269731254e-05	0.0050542972959064	3.5691618491397804e-09	-0.0117973268832327	0.0002408811487248	5.8023727811026814e-08	0.0001391769215898	-0.0058841617472518	0.0005809419473781	3.374935462235753e-07	3.462335946782136e-05	0.0	0.0	0.0	0.0	0.0	0.0	0.0	0.0	0.0	0.0	0.0	0.0	0.0	0.0	0.0	0.0	0.0	0.0	0.0	0.0	0.0	0.0	0.0	0.0	0.0	0.0
2427.570593105336	0.0223336013850712	5893098.984509791	0.0004987897508272	3007.422919170673	25.79814171424277	9044592.614753053	665.5441159081531	2820.053080597816	12.401987533123249	153.80929477174445	7952699.377389232	2840.6203249595906	1916.4799762826065	1.138627	25.322828	0.5346404611633169	0.301020727952431	0.0287474663	-0.0237111655	-0.0726214672	-0.0364728798	0.1300694261	0.0283325054	0.0020563713	-0.1136000491	-0.0487472841	-0.043119795	0.0396852346	0.0176183975	-0.053852415	-0.0172274632	0.0093402525	0.0417198914	0.008298631	0.0759653112	-0.0783401953	-0.0235846025	0.0672090929	0.0770594545	0.0281514367	-0.0722461193	-0.0567133404	0.124757896	-0.0161468563	0.0548990093	-0.0331088501	-0.0122860218	-0.0331501208	0.0216943015	-0.0076386504	0.0726398232	-0.0962638434	0.0274578091	0.0898910367	-0.0194973503	0.0221720955	0.0603343925	-0.0827021596	0.0305927761	0.0409178916	-0.033267688	0.0852758611	-0.1391442092	0.0842208048	0.0777422465	0.0682587733	0.005880141	0.1227346886	0.1591021596	-0.0201326813	-0.0576069458	0.1343202927	-0.1146342213	-0.1767992527	0.0142597073	0.0237728728	0.0491520046	-0.0442740621	-0.0083819357	0.0278856906	0.0515288371	-0.0172959573	0.0087150319	-0.0856962841	0.068554109	-0.0424774267	0.0108647541	0.0221638981	-0.0523039779	0.0	0.0	-0.13448573766982	-0.0399241614824602	0.0015939386700775	0.0180864136365956	-0.0767116566275945	0.0487928209659145	0.0058846782625499	0.0023807393778117	0.4947581838279262	0.0918016265201515	0.0084275386317453	0.244785660464708	-0.0660478230563949	0.0050457582003291	0.0043623149304888	2.545967581618848e-05	-0.0108280914955145	0.0009692353877182	9.394172368052498e-07	0.0001172475654352	-0.0048167182914033	0.0010674434558485	1.1394355314337883e-06	2.3200775098739127e-05	0.0	0.0	0.0	0.0	0.0	0.0	0.0	0.0	0.0	0.0	0.0	0.0	0.0	0.0	0.0	0.0	0.0	0.0	0.0	0.0	0.0	0.0	1.0	0.0	0.0	0.0
2445.304613701255	17.734020595919446	5979514.653788645	314.4954864964951	3055.524176494892	48.10125732421875	9336227.993144788	2313.730956170708	2821.174093205562	1.1210126077457971	1.2566692667250323	7959023.264174224	2848.4490385910563	2012.2276119131943	1.578324	35.101601	0.6257860717218957	0.292647037044949	0.1019734389	-0.0626048698	-0.1700010166	-0.083472876	0.1450074336	0.1090530495	0.0760963823	-0.1292211445	0.033010937	-0.0884472892	0.0598176678	0.030178439	-0.0183916342	-0.0606939415	-0.079473646	0.0534647393	-0.0270003037	-0.1070066366	-0.0860904825	-0.0607246581	0.1069264372	-0.1157409399	0.0831413734	-0.0851206872	-0.2141186951	-0.0015528266	-0.0754141519	-0.0179668601	-0.0541581664	0.1189187346	-0.0528046182	-0.0279065495	0.0032878332	-0.1039076946	-0.1349596413	-0.0028819646	-0.0791327028	0.2409809107	-0.0967754202	0.1639200112	-0.0206017959	-0.0686155851	-0.0244870785	-0.1099895827	0.1263294371	-0.0701431256	-0.1382226738	0.0690053715	0.1209501012	0.0107994372	-0.0696925157	0.2509737305	0.0897996591	0.0567608594	-0.0243989147	-0.0703443202	-0.3358295186	0.0518886292	0.1603655026	-0.1028812965	0.0781228296	0.0850469759	0.077937434	-0.1341872833	-0.0831810011	-0.2956653091	-0.0861184661	0.0701366814	-0.04566016	0.0156534218	0.0162492101	-0.0461837883	0.0	0.0	-0.1378985412684699	-0.0034128035986498	1.1647228402957704e-05	0.0190160076839718	-0.2332755841976279	-0.1565639275700334	0.0544174981827445	0.0245122634161546	0.3129648305981334	-0.1817933532297928	0.0330488232785322	0.0979469851913183	-0.0627915279423433	0.0032562951140515	0.003942775981334	1.0603457869796284e-05	-0.0131914255557399	-0.0023633340602253	5.585347880221471e-06	0.0001740137081926	-0.0048774088635947	-6.069057219139969e-05	3.683345552919498e-09	2.378911722267214e-05	0.0	0.0	0.0	0.0	0.0	0.0	0.0	0.0	0.0	0.0	0.0	0.0	0.0	0.0	0.0	0.0	0.0	0.0	0.0	0.0	0.0	0.0	0.0	1.0	0.0	0.0
2420.3249259157565	-24.979687785498754	5857972.747009112	623.9848018609956	2990.3821627103366	-65.14201378455527	8942385.47905615	4243.48195990719	2819.3057347347863	-1.8683584707755472	3.4907633753187413	7948484.825908453	2841.1121977707435	1914.0228445297785	1.442354	32.07766	0.6107505154891849	0.2906062904537891	0.0450952107	-0.034458279	-0.0558273591	0.0640240272	0.0482775433	-0.0325425899	0.0606918547	-0.0629457066	0.0482019368	-0.0022212558	0.0873309965	0.0398725698	0.0492144397	-0.0196468215	0.0141249428	0.0724318856	0.0113164668	0.0233113738	-0.0300341786	-0.0719964005	-0.0315162245	-0.0246454767	0.0169626561	0.0408385127	0.0236161341	0.0186249275	0.0466686416	-0.0594860941	-0.0006583998	-0.0100464491	-0.0615781084	0.0171842647	-0.0126811172	0.0241692344	-0.0320293159	0.0161071945	-0.0431520279	-0.0249639419	-0.0410223595	0.0424741045	0.0038602202	0.0450693469	-0.0354308564	-0.0585155496	0.0228762296	0.0251136729	0.0861448924	0.0305672209	-0.0166679533	-0.0433281445	-0.0506370221	0.0785976526	0.0044054423	0.0441792493	0.0623922566	0.1030956963	-0.1403989483	-0.028909695	0.0331866632	-0.0522642401	0.0200102232	0.2175960451	0.0890903385	0.0689906731	-0.0961799644	0.0020122597	-0.086525643	0.0716703745	-0.0487713005	0.0203984606	0.0102637667	-0.0397740572	0.0	0.0	-0.1383128149561656	-0.0004142736876956	1.7162268831699333e-07	0.0191304347810985	-0.0875044706244239	0.145771113573204	0.0076570323792606	0.0212492175523719	0.1866619375873384	-0.126302893010795	0.0159524207828963	0.0348426789438594	-0.0674360684505747	-0.0046445405082314	0.0045476233280705	2.1571756532602427e-05	-0.0120922011006914	0.0010992244550485	1.2082944025766716e-06	0.0001462213274595	-0.0038559291225248	0.0010214797410699	1.04342086141623e-06	1.4868189397934872e-05	0.0	0.0	0.0	0.0	0.0	0.0	0.0	0.0	0.0	0.0	0.0	0.0	0.0	0.0	0.0	0.0	0.0	0.0	0.0	0.0	0.0	0.0	0.0	0.0	1.0	0.0
2414.867416780024	-5.45750913573238	5831584.640625827	29.78440596660239	2966.4510150615984	-23.93114764873826	8799831.624759987	572.6998277857108	2811.335659569932	-7.970075164854279	63.522098133426965	7903608.190769505	2831.1810269059806	1883.660457723108	0.809397	18.00083	0.2074036999922008	0.1086839982197254	0.0174135786	-0.0138334089	-0.0248810741	0.0592209573	0.0239558333	-0.0813899771	0.0863463932	-0.0238978279	-0.0401503279	-0.0506304859	0.043982364	-0.0148414852	-0.0476527398	-0.0307388835	-0.0944688254	-0.1451403435	0.0585829678	0.0363949404	0.0393689589	-0.0692991549	-0.0142031962	-0.0830902772	0.0519203315	0.017175468	-0.0349323665	0.0176308088	-0.0721185113	0.0082393212	-0.0609909617	0.0537632724	0.1309834562	-0.0697256791	0.1069276415	0.0336640355	0.0153734555	0.0472477317	-0.051240842	-0.0271134232	-0.0336699284	0.0584612093	0.0215337108	0.038245138	-0.0253298179	-0.0290192349	0.0018759416	0.0323120507	0.0752609234	0.0248058943	-0.0254804522	-0.0514763009	-0.0390838088	0.0310598599	0.0050859055	0.0493186781	0.0186791527	0.1405719988	-0.0872606221	-0.1069456172	0.0782732124	-0.0261276854	0.0456739851	0.1478766292	0.0733945036	0.0658210954	-0.0699723817	0.0661671157	-0.0869177441	0.0731541193	-0.0518059702	0.0250866452	0.0042336307	-0.0331149692	0.0	0.0	-0.1281230083613991	0.0101898065947665	0.0001038321584387	0.0164155052715751	-0.0584910495104082	0.0290134211140157	0.003421202872829	0.0008417786047392	0.1727410160551699	-0.0139209215321685	0.0001937920563047	0.0298394586277724	-0.0691482221191125	-0.0017121536685378	0.0047814766222341	2.9314701846874554e-06	-0.0132292005543102	-0.0011369994536188	1.2927677575294502e-06	0.0001750117473061	-0.0036194912296564	0.0002364378928683	5.59028771840489e-08	1.31007167615596e-05	0.0	0.0	0.0	0.0	0.0	0.0	0.0	0.0	0.0	0.0	0.0	0.0	0.0	0.0	0.0	0.0	0.0	0.0	0.0	0.0	0.0	0.0	0.0	0.0	0.0	0.0
2416.0154941669366	1.1480773869125187	5837130.868054707	1.3180816863398772	2964.518576284556	-1.9324387770425344	8788370.38913621	3.734319627017647	2809.478027105796	-1.857632464135804	3.45079837181126	7893166.784790277	2828.860598902209	1883.1448789004007	0.725055	16.125067	0.1783849806588777	0.104493162966122	-0.0070624139	0.0133025119	0.0060394518	0.0630827487	0.0335495594	-0.0958386778	0.042099916	0.0246533882	-0.0635072492	-0.0055964346	0.0202181891	-0.04265056	0.0668731124	0.0426835588	-0.0029488869	-0.0227519562	0.0088546262	-0.0182405625	-0.0269940562	0.0275316308	0.0233144701	0.0043417884	-0.0615312348	-0.0331625126	-0.0235941606	-0.0461188933	-0.0849867743	-0.0562933717	0.0660165673	-0.0114051151	0.0314417003	-0.0085288126	0.0093933972	0.007907911	-0.0119962991	-0.0012500587	0.0124497049	0.0649822966	0.0055705332	-0.0564722766	0.0185357137	0.0320502704	-0.0175147068	0.0079443086	-0.016077808	0.0325037115	0.0609509849	0.0163761209	-0.0292717074	-0.0352521448	-0.0236340261	-0.0034868166	-0.0186030542	0.0593496186	0.021448217	0.1849703786	-0.0111035313	0.0015939484	0.0081854018	-0.0567040321	0.0122529893	0.1671539257	0.0724409903	0.0326678782	-0.0545289485	0.1303890806	-0.0872947008	0.0745868818	-0.0547594108	0.0297049088	-0.0018149402	-0.0262482726	0.0	0.0	-0.1423295207669781	-0.014206512405579	0.0002018249947298	0.0202576924817576	-0.050926594763041	0.0075644547473672	0.0025935180541589	5.722097562496619e-05	0.1952182728267217	0.0224772567715517	0.0005052270719742	0.0381101740454483	-0.0710315685212239	-0.0018833464021113	0.0050454837265853	3.546993670345932e-06	-0.0137437635247872	-0.000514562970477	2.647750505861145e-07	0.0001888910358252	-0.0039043169917556	-0.0002848257620992	8.112571475539007e-08	1.52436911721115e-05	0.0	0.0	0.0	0.0	0.0	0.0	0.0	0.0	0.0	0.0	0.0	0.0	0.0	0.0	0.0	0.0	0.0	0.0	0.0	0.0	0.0	0.0	0.0	0.0	0.0	0.0
2422.6309798093007	6.615485642364092	5869140.864331773	43.76465028432545	2989.4948411207934	24.976264836237533	8937079.405087838	623.8138051698755	2814.40570508574	4.927677979943837	24.282010274023374	7920879.472819162	2835.2475686961207	1872.2802077327297	0.756035	16.81406	0.0765333520586917	0.0420191264391489	-0.0185152287	0.0181464729	0.0024338658	0.0620328834	-0.0262695572	-0.0529010946	-0.0164338547	0.0962435223	-0.0257524365	-0.0381363038	0.0299964638	0.0247569662	0.0194475275	-0.0650826777	0.0140430156	-0.0383371358	0.0538241719	-0.0476827607	0.0880929589	0.0283191314	-0.0205006758	0.0250727338	-0.0632907972	0.0710756182	0.0785610927	0.0069143536	-0.0537773839	-0.0287290217	-0.0606487359	-0.034249371	0.0302521749	-0.0629914715	0.0253855316	-0.0508074049	0.0854202546	0.0092803463	0.0150239341	-0.006760938	0.0100332865	-0.0864564528	0.024637058	-0.0152531829	-0.0198013263	0.0078107522	-0.0235867891	0.042044859	0.0313279532	-0.0008389419	-0.039152665	-0.0422612249	-0.0336683568	-0.0242195428	-0.0095592976	0.0257455456	-0.0109058402	0.1639403902	0.023247464	-0.1298938275	0.0281548161	-0.0688181502	0.0157490722	0.0885507786	0.0326702458	0.0469829491	-0.0088028956	0.025877013	-0.0876564477	0.0759676635	-0.0576269915	0.0342403795	-0.0078556081	-0.0192170168	0.0	0.0	-0.1512279683644948	-0.0088984475975167	7.918236964575085e-05	0.0228698984156526	-0.0521012228355743	-0.0011746280725333	0.0027145374209621	1.379751108783302e-06	0.1710148637830002	-0.0242034090437214	0.0005858050093376	0.0292460836347181	-0.0710642599971398	-3.2691475915905266e-05	0.005050129048941	1.068732597560214e-09	-0.0143595448535565	-0.0006157813287692	3.791866448608839e-07	0.0002061965284013	-0.0037076524495424	0.0001966645422132	3.8676942163927594e-08	1.3746686686597758e-05	0.0	0.0	0.0	0.0	0.0	0.0	0.0	0.0	0.0	0.0	0.0	0.0	0.0	0.0	0.0	0.0	0.0	0.0	0.0	0.0	0.0	0.0	0.0	0.0	0.0	0.0
2433.9285612750787	11.297581465777968	5924008.241390575	127.63534697588985	3028.746087176983	39.25124605618976	9173302.860589886	1540.6603169635518	2819.274849518001	4.869144432260782	23.708567502216177	7948310.677124746	2842.950182179418	1880.3011428620755	0.7846619999999999	17.450712	0.1286729553202264	0.0687944529090511	-0.0074539319	-0.0107690917	-0.005066566	0.024816802	-0.0780102311	0.0487539852	-0.0309992381	0.0972775721	0.0494159028	-0.0278385059	-0.067697193	0.0584430317	0.0647156635	0.0721208018	-0.0676354331	0.0718844595	0.0064414959	-0.0703142213	0.0185082048	0.0261862507	-0.0294368325	-0.0075343254	-0.0767761192	0.0424785176	0.046709622	-0.0751060085	0.0433008582	-0.0570870291	0.0820000515	0.0787640184	-0.0592871938	-0.0264427531	-0.0340834172	-0.0323772412	0.0604782214	-0.0101140432	-0.0286615367	-0.0019775928	-0.0493729776	-0.1373984044	0.0537243646	-0.0252278214	-0.026113586	-0.0069870447	-0.0166527039	0.0602996764	0.0051624834	-0.0206402324	-0.0273261528	-0.0318420514	-0.037729143	-0.0402330224	-0.0071822959	-0.023445323	0.0419203259	0.1785630646	0.0816597949	-0.0375923265	0.0449817935	-0.0752915845	0.0199762373	0.0686364709	0.0318897592	0.0287615126	0.0009232252	0.0367260073	-0.0880029215	0.0772955021	-0.0604042161	0.0386804161	-0.0138620696	-0.0120652831	0.0	0.0	-0.1334421389202305	0.0177858294442643	0.0003163357290204	0.017806804439606	-0.056483777048939	-0.0043825542133646	0.0031904170697142	1.9206781433080663e-05	0.1222583352103328	-0.0487565285726674	0.0023771990784573	0.0149471005284021	-0.0708985717995582	0.0001656881975816	0.0050266074832171	2.745257881783966e-08	-0.015086528613992	-0.0007269837604354	5.285053879369402e-07	0.0002276033456207	-0.0034453635457609	0.0002622889037815	6.879546904690096e-08	1.187052996245812e-05	0.0	0.0	0.0	0.0	0.0	0.0	0.0	0.0	0.0	0.0	0.0	0.0	0.0	0.0	0.0	0.0	0.0	0.0	0.0	0.0	0.0	0.0	0.0	0.0	0.0	0.0
2430.8634289158176	-3.0651323592610424	5909097.010040366	9.395036379789165	3023.015354567308	-5.730732609675215	9138621.833949706	32.8412962435949	2817.838718228405	-1.436131289595778	2.0624730809560328	7940215.0419471	2838.0628618332435	1890.609256938952	0.772026	17.169697	0.1590250821021106	0.0748082215274821	-0.0103586404	-0.0016778638	0.017917307	0.004243867	-0.0624942072	0.0346978505	-0.0021785596	0.0659966447	-0.0056730097	0.0265263635	-0.0634519853	0.0935636045	-0.0035967081	-0.1101376035	0.0773866982	0.0213412952	-0.0629664608	-0.0628609639	-0.0070351509	0.0479695843	-0.0818991859	0.0220139384	0.0008314548	0.0662705476	0.0428888849	0.0428929254	0.0420688233	-0.0128015553	-0.0973819919	-0.0793836939	-0.0114917649	0.0407805304	-0.0814222771	-0.0341462969	0.0308710084	-0.0315362978	-0.0817160855	0.0056102075	0.0696386142	-0.0315329186	-0.0062696019	-0.0545890275	-0.0158240409	0.0104738621	-0.0215052566	0.0439674354	-0.0054442838	-0.0164117665	-0.016776583	-0.0269098236	-0.0200834405	-0.037932414	-0.0062651165	-0.0191714787	0.0198370353	0.0909015417	0.0871889483	-0.0850412543	-0.0230848607	-0.1266073479	-0.0205430014	0.0317749521	0.0011129738	0.0123441084	-0.0267902805	-0.0055254348	-0.0883340621	0.0785694722	-0.0630867301	0.0430126435	-0.0198081701	-0.0048379081	0.0	0.0	-0.1009991493176158	0.0324429896026146	0.0010525475743553	0.010200828162882	-0.0480616153374029	0.008422161711536	0.0023099188688404	7.093280789526466e-05	0.1639507612360731	0.0416924260257403	0.0017382583879118	0.0268798521098878	-0.0716344655507131	-0.0007358937511548	0.0051314966547363	5.415396129888147e-07	-0.0152888083661868	-0.0002022797521948	4.0917098147990056e-08	0.0002337476612579	-0.0040365401376556	-0.0005911765918947	3.4948976280423324e-07	1.6293656282904694e-05	0.0	0.0	0.0	0.0	0.0	0.0	0.0	0.0	0.0	0.0	0.0	0.0	0.0	0.0	0.0	0.0	0.0	0.0	0.0	0.0	0.0	0.0	0.0	0.0	0.0	0.0
2427.07233130456	-3.7910976112575554	5890680.101384152	14.372421098082745	2981.54828913762	-41.46706542968786	8889630.20045947	1719.5175153500145	2820.631780256305	2.7930620278998504	7.801195491696024	7955963.639791852	2840.932584691541	1890.4685908852623	0.718096	15.970298	0.0891528620449264	0.0457998092898775	-0.008169522	0.0022628189	0.0187512292	0.0148621807	-0.0558717316	-0.0540040409	0.010828261	0.0436833029	0.0089968921	-0.0864850311	-0.0722396755	0.0668420771	-0.0563693937	0.0187599624	-0.0600676838	0.017043421	-0.0509588331	0.0098768598	-0.0366872387	-0.0158749491	-0.0752875879	-0.0385803666	0.1289235019	-0.0262643738	0.0257664749	0.0155424046	-0.0611881767	0.0263574734	-0.0038192689	0.0796225147	0.0104399121	0.0312685622	-0.0350939773	0.04118969	-0.0128321281	0.030937434	-0.0763776206	-0.0455502527	0.0770117894	0.0190644678	0.030911995	-0.0411245192	-0.01391715	0.0092436195	-0.0212125611	0.0332208594	0.0074859646	-0.0046922773	-0.0155668314	-0.037410756	-0.0331781667	-0.0093718694	-0.0089484077	-0.0083005832	0.0321443522	0.0927160739	0.0941965301	-0.0519543742	0.0465387022	-0.0836529528	0.0177624362	0.0186783215	-0.0021156092	0.0191269801	-0.0152066888	0.0097624037	-0.0886498116	0.0797886859	-0.0656703274	0.0472249869	-0.0256680179	0.0024197973	0.0	0.0	-0.1294147320381	-0.0284155827204841	0.0008074453413446	0.0167481728684932	-0.0349006359369497	0.0131609794004532	0.0012180543888035	0.0001732113787791	0.1646999395114576	0.0007491782753844	5.61268088308067e-07	0.0271260700750777	-0.0711693411416336	0.0004651244090794	0.0050650751185342	2.163407159215446e-07	-0.0149642624706634	0.0003245458955234	1.0533003830108629e-07	0.0002239291512909	-0.0038896680092864	0.0001468721283692	2.157142209169888e-08	1.5129517222466024e-05	0.0	0.0	0.0	0.0	0.0	0.0	0.0	0.0	0.0	0.0	0.0	0.0	0.0	0.0	0.0	0.0	0.0	0.0	0.0	0.0	0.0	0.0	0.0	0.0	0.0	0.0
2428.377330225472	1.3049989209121122	5897016.457952992	1.7030221835817774	2997.536835186298	15.988546048678018	8985227.078298688	255.63360475069743	2821.1305041099386	0.4987238536336917	0.24872548218324	7958777.321219596	2841.0753333782327	1887.6124897740167	0.663146	14.748222	0.0629904521163547	0.0331390954571521	-0.0062120638	-0.0002950935	0.0198190815	0.0057725701	-0.0578411289	-0.0167973716	0.0136193448	0.0301640279	0.0553895103	-0.0227581505	-0.0142039665	0.0673173007	-0.0080823688	0.0008079066	0.0328551735	0.0801581451	-0.0417589723	0.0838476518	-0.0819799113	-0.041020194	0.0846316123	0.0203898793	-0.0768964073	0.094425447	0.0130564094	-0.1389875004	-0.0240931962	-0.0054494934	0.0041140277	-0.0131946164	-0.0512890722	0.0720806922	-0.051481885	0.0918329411	-0.0700847636	0.0497439529	0.030596218	0.0016059229	-0.086672421	-0.0721407385	0.0501938276	-0.0562920639	-0.0123177431	0.0099070349	-0.0182836528	0.0300853725	0.0128989549	-0.0158677163	-0.0332569717	-0.0140977869	-0.0314601757	-0.0185234372	-0.002266399	-0.0159707632	0.0572925134	0.0873314757	0.0528882573	-0.0491841472	-0.029338205	-0.0711162599	0.0120220937	0.0509388177	-0.0347681037	0.0277510104	0.0024770061	0.0053042304	-0.088950115	0.0809522936	-0.068150957	0.0513057058	-0.031416097	0.0096623322	0.0	0.0	-0.1309600796106451	-0.001545347572545	2.388099119971024e-06	0.0171505424516265	-0.0664113009007536	-0.0315106649638039	0.0044104608873304	0.000992922006461	0.162337602048872	-0.0023623374625856	5.580638287135375e-06	0.0263534970389779	-0.0710711271004327	9.821404120090305e-05	0.0050511051073258	9.645997889012681e-09	-0.0152435771836567	-0.0002793147129933	7.801670889453e-08	0.000232366645354	-0.0040635812974406	-0.0001739132881542	3.0245831796605834e-08	1.651269296090903e-05	0.0	0.0	0.0	0.0	0.0	0.0	0.0	0.0	0.0	0.0	0.0	0.0	0.0	0.0	0.0	0.0	0.0	0.0	0.0	0.0	0.0	0.0	0.0	0.0	0.0	0.0
2427.100636088401	-1.27669413707099	5890817.497700722	1.62994791963144	3004.266940542368	6.730105356069998	9025619.8500358	45.29431810380208	2812.854160479867	-8.276343630071551	68.49786388302594	7912148.528128898	2831.514291823815	1898.083152523365	0.668282	14.862454	0.1808181080309534	0.0906457376371143	-0.0016932507	0.0034318268	0.036896537	-0.0209824589	-0.0509670634	-0.0027369539	0.0300370072	-0.0132204082	-0.0165323261	-0.0196854693	-0.0434163001	0.0631408151	-0.0585003573	-0.0608490738	-0.0099486947	-0.1090225253	-0.0247111184	-0.0287752058	-0.0112666105	0.0905823415	-0.0370922829	-0.0663843518	0.0136236086	0.0078307336	-0.0253385716	-0.0260332849	-0.0736262194	0.0264871121	-0.0660681824	0.0111109587	0.1152736511	0.0162030188	0.0214811825	-0.0143439737	0.0019262968	-0.0755118472	-0.0745984467	0.1196669806	0.0388310942	0.0110262362	0.0411058366	-0.0350772025	-0.0083711725	0.0276880215	-0.026597534	0.0253963613	-0.0070931979	-0.0073732234	-0.0210438249	-0.0131177464	-0.0343327226	-0.0248131696	0.009406179	0.0138849928	0.0122999343	0.0755261599	0.0702018216	-0.0818321219	0.0301494959	-0.0784870502	0.0596876861	-0.0111631483	-0.0200586507	-0.0091438789	-0.0271756898	-0.0272852306	-0.0892349201	0.0820594844	-0.0705247295	0.0552434265	-0.0370273778	0.0168442907	0.0	0.0	-0.1234939858424724	0.0074660937681726	5.5742556155147214e-05	0.0152507645392607	-0.0954557133074018	-0.0290444124066481	0.0091117932030248	0.0008435778920474	0.1986307395036846	0.0362931374548126	0.0013171918263139	0.0394541706757806	-0.0722420280562418	-0.0011709009558091	0.0052189106176788	1.3710090483146665e-06	-0.0158156607285504	-0.0005720835448936	3.272795823381408e-07	0.0002501351242806	-0.0044808860847642	-0.0004173047873235	1.741432855231949e-07	2.007834010463344e-05	0.0	0.0	0.0	0.0	0.0	0.0	0.0	0.0	0.0	0.0	0.0	0.0	0.0	0.0	0.0	0.0	0.0	0.0	0.0	0.0	0.0	0.0	0.0	0.0	0.0	0.0
2426.3358884286067	-0.764747659794466	5887105.843476636	0.5848389831611124	2997.3341768704927	-6.932763671875364	8984012.167835914	48.06321213007477	2810.593707644219	-2.2604528356478117	5.109647022188231	7899436.989449278	2832.985558829472	1904.2838127218768	0.690171	15.349257	0.1812118065623626	0.0869901570105796	-0.0179646889	0.0150145991	0.0518677728	-0.01712163	-0.0279364079	-0.0110098852	0.0136837867	-0.0231898017	0.0496732038	-0.0172909501	0.0153003866	0.0904908854	0.0844672778	0.0652337869	0.0351203613	0.0093579185	0.0150594742	0.022449944	0.0433322836	0.0424340362	-0.0248216454	0.0413295813	0.036653865	-0.0330652797	-0.0426750189	-0.0367198454	0.017564858	-0.0568139163	0.0773995528	-0.0361720152	-0.0205643397	0.0239368124	0.054463411	-0.0107226317	0.0450001934	0.0165943235	-0.0343085119	0.0268448283	0.0598374525	-0.0103420772	-0.0221780615	0.0100865983	5.86033e-05	0.0438155352	-0.0381041697	0.0195692797	-0.0055037638	-0.0025373872	-0.012923378	-0.0003111535	-0.0115532788	-0.0481991741	-0.0063882034	0.0298535893	0.0163568029	0.126039667	0.0820988488	-0.0087541439	-0.0300648157	-0.088329637	0.0165220633	0.0311446826	-0.0063469626	0.011405755	-0.0007569321	-0.0420252579	-0.0895041772	0.0831094865	-0.0727879229	0.0590271739	-0.0424774267	0.0239206467	0.0	0.0	-0.1377604033964132	-0.0142664175539408	0.0002035306698233	0.0189779287439424	-0.0573128475063384	0.0381428658010633	0.0032847624892848	0.0014548782115179	0.2493374768306679	0.0507067373269833	0.0025711732103476	0.0621691773522838	-0.0735584293033204	-0.0013164012470786	0.0054108425215715	1.7329122433100996e-06	-0.015891841394126	-7.618066557560019e-05	5.8034938075414356e-09	0.000252550622896	-0.0043115522798109	0.0001693338049533	2.8673937499962248e-08	1.8589483061542567e-05	0.0	0.0	0.0	0.0	0.0	0.0	0.0	0.0	0.0	0.0	0.0	0.0	0.0	0.0	0.0	0.0	0.0	0.0	0.0	0.0	0.0	0.0	0.0	0.0	0.0	0.0
2422.4651658315524	-3.870722597054282	5868337.479667291	14.982493423346646	2974.183995643029	-23.15018122746369	8845770.439939134	535.9308908644123	2809.558872155976	-1.0348354882430613	1.070884487727255	7893621.056110361	2829.1337516837284	1886.827152847691	0.668862	14.875352	0.1895330052523538	0.0976777380938851	-0.0138227221	0.0092008674	0.0413438856	-0.0063051038	-0.0588929091	-0.0686316014	0.0251962736	0.0047915755	0.0074268559	-0.0746851556	-0.038416781	0.0223308612	-0.0063506607	-0.018929036	-0.032555693	-0.1112445574	0.0434994794	0.004057529	0.0806388668	-0.0082859604	0.0222775579	0.0582247061	-0.0801969459	0.0679699301	0.0717660928	0.0419749164	-0.0422795292	0.0054956741	-0.0251905087	-0.0038799271	0.1041189778	-0.0511592663	0.0567141676	-0.0169203936	0.0464324861	0.0367895403	0.0375705666	-0.0315023872	-0.036598975	-0.098001217	0.0284363553	-0.0163059901	-0.0014129169	0.0301039904	-0.0369709386	0.0238021522	-0.0115313721	-0.0163405778	-0.0264456499	0.0006690113	-0.0078766715	-0.0712874809	-0.0109434773	0.0098915102	-0.014774037	0.0750206059	0.0930518398	-0.0969905902	-0.0093099266	-0.0466475384	0.0469514719	-0.0466351955	-0.0812198717	0.0248238404	0.0073404616	-0.0038195758	-0.0897578394	0.0841015683	-0.0749369886	0.062646402	-0.0477425119	0.0308470363	0.0	0.0	-0.1333403452976256	0.0044200580987876	1.9536913596658043e-05	0.01777964768409	-0.0773367374957558	-0.0200238899894174	0.0059809709664874	0.0004009561703082	0.2264656517486543	-0.0228718250820136	0.0005231203825822	0.0512866914219427	-0.0730391139180402	0.0005193153852802	0.0053347121619324	2.696884693887257e-07	-0.0174551898380688	-0.0015633484439428	2.44405835717838e-06	0.000304683652283	-0.0035498714673912	0.0007616808124196	5.801576600083341e-07	1.2601587434998152e-05	0.0	0.0	0.0	0.0	0.0	0.0	0.0	0.0	0.0	0.0	0.0	0.0	0.0	0.0	0.0	0.0	0.0	0.0	0.0	0.0	0.0	0.0	0.0	0.0	0.0	0.0
2427.287003551654	4.821837720101485	5891722.197610767	23.25011899899348	2994.0985896183893	19.91459397536028	8964626.364354828	396.59105320345583	2812.0755905538044	2.516718397828299	6.333871493967441	7907769.126988528	2831.5420682920258	1893.827698626511	0.668366	14.864326	0.0703412049271888	0.0429335890386737	-0.0185822784	0.0141747922	0.0508052851	-0.0185802243	-0.039894699	-0.011046442	0.0367196257	-0.0131428552	0.0553973833	-0.0153402324	-0.0307320227	-0.0258905635	0.0048594503	0.0301779637	-0.0056433245	-0.0439422382	0.0319388262	0.0361096581	0.0407358748	0.0986510344	-0.0906369197	-0.0354382675	-0.0902186185	-0.0049293587	0.0318166023	-0.0403989779	-0.0590221748	-0.0141707391	0.0281822632	-0.0146672445	0.0326002777	-0.0002808037	0.0743505039	0.0538018287	0.0666587081	-0.0721836865	-0.0277228775	0.0249879833	-0.0099792208	-0.1005039419	0.0056014259	-0.0016478777	0.0020354678	0.033477014	-0.0364814906	0.0216899124	-0.0026460002	-0.0153893291	-0.0311158241	0.005604032	-0.0081666229	-0.0615663455	-0.0039605235	0.0149511296	0.0237226835	0.0816902227	0.0669339928	0.0046459701	-0.0161062361	0.0134538058	0.0498316739	0.018113989	-0.0608872812	0.0186529013	0.0675510752	-0.0134622928	-0.0899958625	0.0850350384	-0.0769685571	0.0660910233	-0.0527997072	0.0375800356	0.0	0.0	-0.1345894450639946	-0.0012490997663689	1.5602502263430892e-06	0.018114318722634	-0.079527927047863	-0.0021911895521072	0.0063246911805302	4.801311653263767e-06	0.2445449715504466	0.0180793198017923	0.0003268618044954	0.0598022431106087	-0.0728959442963503	0.0001431696216899	0.0053138186948566	2.0497540574830927e-08	-0.0167366223327354	0.0007185675053333	5.163392597210657e-07	0.0002801145271086	-0.0036645662565063	-0.000114694789115	1.3154894650157242e-08	1.3429045848324596e-05	0.0	0.0	0.0	0.0	0.0	0.0	0.0	0.0	0.0	0.0	0.0	0.0	0.0	0.0	0.0	0.0	0.0	0.0	0.0	0.0	0.0	0.0	0.0	0.0	0.0	0.0
2432.722200749458	5.435197197803973	5918137.306019286	29.54136857901616	3015.879185133714	21.78059551532488	9095527.259322796	474.3943410021901	2818.8109456856114	6.735355131806955	45.365008751558285	7945695.147517011	2841.070906014278	1901.0601669618115	0.695437	15.466373	0.083213782679379	0.035323146766603	-0.0177023848	0.0153389965	0.0493510935	-0.038076085	-0.0372310529	0.0281555615	0.0035117276	0.0283103771	0.0780188564	0.059703038	-0.0285135102	-0.0120577846	-0.0412951889	-0.0444112045	0.0229094721	-0.0085097518	0.0261722562	0.0210242536	0.0317147746	-0.0318347826	-0.0103596468	0.0185326065	-0.0098626144	0.0661629734	0.0597573899	0.0844022493	0.0191289576	0.0268556795	-0.0624474399	-0.023565125	-0.0101362232	-0.0102413175	-0.00256047	0.0187709402	0.0414302433	0.0470046196	0.0120584728	-0.0685364071	-0.0425293086	-0.0394806265	0.0612566337	0.0598894331	0.0054519774	0.0441386742	-0.0365031228	0.0231147756	-0.0166517868	-0.0174620112	-0.027331431	0.0007457683	-0.0175522297	-0.0611620406	0.0021295738	0.0115859644	0.0013060031	0.0441787968	0.0252875761	-0.0926258294	-0.0170484314	0.0356654728	0.0138614016	0.0613063668	-0.0340869794	-0.0154096069	0.0515203032	-0.0655818448	-0.090218205	0.0859092462	-0.0788794428	0.069351437	-0.0576269915	0.0440774331	0.0	0.0	-0.1271711239082122	0.0074183211557823	5.503148877032861e-05	0.0161724947560778	-0.0521363049881529	0.0273916220597101	0.0027181942978176	0.0007503009590619	0.2355034698856002	-0.0090415016648464	8.174875235542036e-05	0.0554618843281577	-0.0733172739856153	-0.000421329689265	0.0053754226646817	1.7751870705614506e-07	-0.0168968003091161	-0.0001601779763806	2.5656984117415913e-08	0.0002855018606861	-0.0038703053468414	-0.0002057390903351	4.232857329191444e-08	1.4979263477789128e-05	0.0	0.0	0.0	0.0	0.0	0.0	0.0	0.0	0.0	0.0	0.0	0.0	0.0	0.0	0.0	0.0	0.0	0.0	0.0	0.0	0.0	0.0	0.0	0.0	0.0	0.0
2431.307140879332	-1.4150598701257877	5911254.413290832	2.002394436040411	3006.9363206129806	-8.942864520733565	9041666.03622153	79.97482583619517	2810.94783290692	-7.863112778691175	61.828542570416445	7901427.719324111	2832.95566641972	1891.8685760969724	0.70172	15.606097	0.0697433338258484	0.0353933448278585	-0.0160848018	0.0207025873	0.0382468078	-0.0378384012	-0.0136526469	0.0057264618	-0.0146242297	0.026036585	0.0576025256	0.0461854398	-0.0607387114	-0.0315615104	0.0522125438	0.1265073214	-0.0132671838	0.0088523366	-0.1173688517	-0.0307157028	0.097555542	-0.0659885954	-0.0347236719	0.0063239356	0.0343868697	-0.0146205928	0.0459376174	-0.0307588669	-0.0135108098	-0.0130919956	0.1143698409	0.0373769266	0.0080936645	0.0888897948	-0.0272914565	-0.1004348968	0.0753527775	0.0477244167	-0.026715389	-0.0953485197	-0.0165263351	-0.0211399715	0.0065993652	0.0251433252	0.0088806705	0.0476409665	-0.0338721482	0.0164567986	-0.037200034	-0.0087933324	-0.0008384048	-0.0080311039	-0.0015614436	-0.0444929019	-0.0045685864	0.0155960685	0.0041704783	0.0231223545	0.0566845011	0.0005892542	0.0406289746	0.0397955616	-0.0075006443	0.0766481125	0.0101910924	-0.030783929	0.0256055066	-0.060404635	-0.0904248282	0.0867235824	-0.0806666498	0.0724185559	-0.062203345	0.0502984945	0.0	0.0	-0.1079996321179237	0.0191714917902885	0.000367546097465	0.0116639205376068	-0.0595652998047597	-0.0074289948166067	0.0035480249408309	5.518996398517066e-05	0.2477341199285234	0.0122306500429232	0.0001495888004724	0.06137219417676	-0.0734052052531001	-8.793126748479763e-05	0.0053883241582497	7.731907801483029e-09	-0.016949733970218	-5.293366110190045e-05	2.801972477650849e-09	0.0002872934816611	-0.0043476843617753	-0.0004773790149339	2.2789072389926077e-07	1.8902359309625496e-05	0.0	0.0	0.0	0.0	0.0	0.0	0.0	0.0	0.0	0.0	0.0	0.0	0.0	0.0	0.0	0.0	0.0	0.0	0.0	0.0	0.0	0.0	0.0	0.0	0.0	0.0
2430.4189849702702	-0.8881559090618794	5906936.442503919	0.7888209188015333	3020.060229492188	13.123908879207193	9120763.789760403	172.2369842697334	2820.37365151567	9.425818608749978	88.84605644505737	7954507.534163835	2838.702244073276	1899.08747432184	0.732282	16.285791	0.088309592465706	0.0429174498004216	-0.0247423418	0.0206833354	0.0375760581	-0.0027514557	0.0245641282	0.0335561	-0.0295297941	0.0525750863	0.0257518586	0.073177876	0.004119978	0.0073159527	-0.033394005	-0.0508463031	0.0606185882	0.0530841204	-0.0297067605	0.0139121888	-0.0269378294	0.0287945924	-0.0632787092	0.0551572765	-0.0301445898	0.0689892437	-0.0096428087	0.007636276	0.0504790562	0.0201261633	-0.0555087236	-0.0516487514	-0.0299547564	0.0682922022	-0.0514571231	0.0314920463	0.0097169501	-0.0199084109	-0.0268509365	0.0139370462	0.0379906712	-0.0498043566	0.0047469239	0.0536202121	0.0083056257	0.0415443047	-0.0332318241	0.0148804391	-0.0072026088	-0.0063441664	-0.0110579388	-0.0047454642	-0.0108400646	-0.0392603795	-0.0031155789	-0.0086268814	0.0129061883	0.0098936681	0.0462675944	-0.0210785245	-0.0416671929	-0.0034228543	-0.049964036	0.0841029673	0.0055520629	-0.0001615409	0.0125549773	-0.0358961472	-0.0906156961	0.0874774795	-0.0823273756	0.0752838312	-0.0665088402	0.0562042179	0.0	0.0	-0.1131067545570232	-0.0051071224390994	2.608269960795361e-05	0.0127931379264226	-0.048450013973607	0.0111152858311526	0.0023474038540427	0.0001235495791082	0.2407679968244096	-0.0069661231041137	4.852687110166797e-05	0.0579692282948389	-0.0730417899208944	0.0003634153322056	0.005335103074848	1.320707036821788e-07	-0.0163487761291558	0.0006009578410622	3.611503267341425e-07	0.0002672824809212	-0.0040096363132164	0.0003380480485588	1.1427648313448015e-07	1.6077183364263608e-05	0.0	0.0	0.0	0.0	0.0	0.0	0.0	0.0	0.0	0.0	0.0	0.0	0.0	0.0	0.0	0.0	0.0	0.0	0.0	0.0	0.0	0.0	0.0	0.0	0.0	0.0
2426.867991464428	-3.550993505842144	5889688.247994588	12.609554878533077	3014.340301983173	-5.719927509014724	9086247.456160009	32.717570708383384	2817.286544472618	-3.087107043052129	9.530229895262057	7937103.473666465	2835.8370554956896	1911.9181171399548	0.713818	15.875159	0.1550712766247741	0.0890638375380545	-0.0199065081	0.0348129571	0.0532061222	0.0203653396	0.0725412711	0.0137774935	-0.033414586	0.0116817355	-0.069524582	0.0671496334	0.0334240344	-0.0169797732	-0.0474716468	0.0667056348	0.003227868	0.0216207545	-0.1096864775	-0.010032757	0.0206524951	-0.0104745883	-0.005095884	-0.04133657	0.0876801299	-0.0381044825	0.0161454337	0.0183456892	-0.0412848105	0.0563449337	0.0404739098	0.0390538588	0.0115421375	0.1169135588	-0.0312411211	-0.0279872418	-0.0024050134	0.0088462053	-0.0223121061	-0.0356511942	0.0335121465	0.0680983788	0.0227627568	0.0094596511	0.0179112424	0.0550784182	-0.0343688908	-0.012790424	0.0093115359	-0.0068516622	-0.0167117966	0.0127023722	0.0200125267	-0.0349130147	0.0030719559	0.009940376	-0.0161847674	-0.0054959044	0.065734456	0.0192148133	0.0074531537	0.0387654795	-0.0144950576	0.0127241576	0.0264573724	-0.0225582764	-0.0031235243	0.0146249241	-0.0907907753	0.0881704121	-0.0838590164	0.077939277	-0.0705247295	0.0617575784	0.0	0.0	-0.121420258604985	-0.0083135040479618	6.911434955547724e-05	0.0147428791997014	-0.0666243183612209	-0.0181743043876139	0.0044387997970973	0.0003303053399736	0.317981817216598	0.0772138203921884	0.0059619740595571	0.1011124360803699	-0.0736347021751963	-0.0005929122543019	0.0054220693644298	3.515449413013609e-07	-0.0167591831665836	-0.0004104070374278	1.6843393637026525e-07	0.000280870220411	-0.0040337099774269	-2.4073664210499425e-05	5.795413085198811e-10	1.627081618199332e-05	0.0	0.0	0.0	0.0	0.0	0.0	0.0	0.0	0.0	0.0	0.0	0.0	0.0	0.0	0.0	0.0	0.0	0.0	0.0	0.0	0.0	0.0	0.0	0.0	0.0	0.0
2426.3256449547084	-0.542346509719664	5887056.135364882	0.2941397366051016	2997.9517540564902	-16.388547926682804	8987714.719650386	268.58450314517927	2812.6575887282224	-4.6289557443956255	21.42723128357326	7911042.711430458	2833.164558694774	1908.6070505227704	0.621996	13.833062	0.1007863523564681	0.0536062327157993	-0.0354104552	0.0471766944	0.0611474912	0.0112431904	0.0662375824	-0.0176413051	-0.0060828684	0.0160133345	-0.0116900338	0.0728697953	0.0739285905	-0.0157856518	0.0526729322	0.038604376	0.0830624239	0.0197142807	0.0085502731	0.0819573518	0.0055061727	-0.0354632578	0.0483487918	-0.0272722788	0.0440837662	0.0266118763	-0.0028836708	0.0482259035	0.0588368308	-0.0275630332	0.0505503742	-0.0844499965	-0.0386871377	0.0441386261	0.0347810295	0.0357070486	0.0002574988	0.028477717	0.024666368	-0.0415089816	-0.0481706342	0.0656924745	0.0131449165	0.0359658658	0.0211327971	0.0645689909	-0.041134732	-0.0172567149	0.0027588617	0.0014853757	-0.0080330041	0.0173499693	0.0187905056	-0.0361901843	-0.001304332	0.0294288085	-0.0135585038	0.0353822609	0.0327995558	0.024042145	-0.0515396322	0.0191870048	-0.0214620923	0.0368152693	0.0200222333	-0.0069715496	0.0278132785	-0.0027356706	-0.0909500356	0.0888018974	-0.0852591707	0.0803774921	-0.074233526	0.0669237601	0.0	0.0	-0.11333091652358	0.0080893420814049	6.543745530998967e-05	0.0128438966400746	-0.0711698427875546	-0.0045455244263337	0.0050651465224052	2.066179231039631e-05	0.3463977681622125	0.0284159509456145	0.0008074662681435	0.1199914137877619	-0.0744146922525428	-0.0007799900773464	0.0055375464230406	6.083845207589967e-07	-0.0165373836679783	0.0002217994986053	4.919501758156296e-08	0.0002734850585819	-0.0038407888553164	0.0001929211221104	3.721855935637432e-08	1.4751659031122665e-05	0.0	0.0	0.0	0.0	0.0	0.0	0.0	0.0	0.0	0.0	0.0	0.0	0.0	0.0	0.0	0.0	0.0	0.0	0.0	0.0	0.0	0.0	0.0	0.0	0.0	0.0
2429.633282959316	3.3076380046077247	5903117.889663665	10.94046916952537	3008.741461651142	10.789707594651643	9052525.18305865	116.4177899780834	2815.554674888447	2.897086160224717	8.393108219765594	7927348.127286189	2836.60416133486	1896.1305791274103	0.738013	16.413263	0.1713331732562804	0.1012759094635837	-0.0353885383	0.0513954685	0.0578055603	-0.0185002989	0.0368253579	-0.0001168725	-0.0770584632	0.0416022265	-0.053412176	0.0130057673	-0.006118171	-0.0591553545	-0.059219977	0.0110080576	0.0081598666	-0.0407355204	0.0009366388	0.069736939	0.0967079247	-0.0631002265	0.0702728393	-0.0055545592	-0.0395159493	0.0823954325	0.0832913736	0.056868952	-0.0388887803	0.0652852662	-0.0222801513	-0.0059508121	0.0272696496	-0.0032759519	0.0444606319	0.0044603187	0.0906350039	0.025857527	0.0420305511	-0.0812927886	-0.0907866654	-0.0066214215	-0.0230368608	-0.0799119348	0.0284770882	0.0795439749	-0.0324894144	-0.0416198916	-0.0232064334	0.0069662779	0.0164108281	0.0290176604	0.0224341854	-0.0171713691	0.0227542689	0.0545940572	-0.0542610828	-0.0476724852	0.0485099609	-0.0192240143	-0.0101287552	0.047120213	-0.0134673947	-0.0766311345	-0.0372072879	-0.0309459556	0.0687057266	-0.0916341687	-0.0910934489	0.0893714952	-0.086525643	0.0825916807	-0.0776190801	0.0716703745	0.0	0.0	-0.127542374579292	-0.0142114580557119	0.0002019655400692	0.0162670573133244	-0.0848869685521691	-0.0137171257646144	0.0072057974299769	0.0001881595392422	0.4370442136191315	0.0906464454569189	0.0082167780739741	0.191007644657965	-0.0745432367212226	-0.0001285444686797	0.0055566941408762	1.6523680428171472e-08	-0.0172452081617089	-0.0007078244937306	5.010155139249814e-07	0.0002973972045406	-0.0040595827724867	-0.0002187939171703	4.7870778190724246e-08	1.6480212286670804e-05	0.0	0.0	0.0	0.0	0.0	0.0	0.0	0.0	0.0	0.0	0.0	0.0	0.0	0.0	0.0	0.0	0.0	0.0	0.0	0.0	0.0	0.0	0.0	0.0	0.0	0.0
2429.7290647071013	0.0957817477851676	5903583.327882445	0.0091741432087814	3002.587509390024	-6.153952261117865	9015531.751544988	37.871128432117686	2814.549160070587	-1.0055148178603304	1.0110600489366934	7921686.974454046	2835.658145373114	1892.7695590259489	0.666302	14.818428	0.1341969274786602	0.0838801835929417	-0.029651564	0.0299137116	0.0557956612	-0.0258847901	-0.0133212938	0.0113285717	-0.0460688517	-0.0021769812	0.0219533836	0.0119639788	-0.0311948608	-0.0294650212	-0.0034261345	0.0522137583	0.0092904066	-0.0035870667	0.0171128579	0.0478494202	0.006481094	0.0792106138	-0.0203613859	0.0492717789	-0.0960829308	-0.0065883485	0.0199505434	-0.007880602	0.0894728386	0.0190527042	0.054225254	-0.0114547959	-0.0124986629	-0.0012462705	0.0254541363	0.0483088568	0.0261440818	-0.0372692515	0.0412294632	0.0004927019	0.0258415122	-0.0813875779	-0.0481615952	-0.0325180313	0.0252479642	0.0573605312	-0.0302174421	-0.0181837304	-0.0314973579	-0.0097648328	0.0096147119	0.0296932329	0.0111391142	-0.0325704898	-0.0064212228	0.0266619173	-0.0474241226	-0.0317962992	0.0576913866	0.0668408402	-0.0470272688	0.0288246266	0.0152550229	-0.0972245626	-0.0648449874	-0.0008187774	0.0800684977	-0.0676618922	-0.0912209905	0.0898788085	-0.0876564477	0.0845756715	-0.0806666498	0.0759676635	0.0	0.0	-0.1255021429198137	0.0020402316594782	4.1625452243375e-06	0.0157507878774653	-0.0858897598058519	-0.0010027912536827	0.0073770508395069	1.0055902984627215e-06	0.3660344417053522	-0.0710097719137792	0.0050423877072469	0.1339812125145489	-0.0738081714235567	0.0007350652976658	0.0054476461688891	5.403209918326565e-07	-0.0176760092038745	-0.0004308010421655	1.855895379309661e-07	0.0003124413013754	-0.0040965990856896	-3.701631320289934e-05	1.3702074431351398e-09	1.6782124068872864e-05	0.0	0.0	0.0	0.0	0.0	0.0	0.0	0.0	0.0	0.0	0.0	0.0	0.0	0.0	0.0	0.0	0.0	0.0	0.0	0.0	0.0	0.0	0.0	0.0	0.0	0.0
2429.7555390724706	0.0264743653692676	5903711.979653352	0.0007008920217054	2991.2405301607573	-11.346979229266708	8947519.90927641	128.7539376294101	2814.8735441984954	0.3243841279086155	0.105225062439033	7923513.069828599	2834.3543120285563	1893.5015952745584	0.699287	15.552004	0.1506352796612853	0.0786982317964071	-0.0224346525	0.0136090257	0.059112995	-0.0285800147	-0.0323414642	-0.0326996393	-0.0367623708	-0.0063724505	-0.000505744	-0.0160079567	-0.0367765935	-0.0506106455	-0.0483146998	-0.0097947698	0.0435945818	-0.0448596651	-0.0124516646	0.0523785062	0.0437356631	-0.0108625094	0.0113113247	0.0429260223	0.0147830438	-0.0431978046	0.0918489375	-0.0083799458	-0.0163981913	0.0544788776	-0.0286238837	-0.0527251513	0.0236920002	0.0106260569	0.0362086789	0.0105436029	-0.0077172514	0.0282553644	0.0654766745	-0.0936942084	0.0080811379	-0.0322163583	-0.0085213	-0.0425256139	0.0231098708	0.0445718428	-0.0275422745	-0.0207623766	-0.0126490501	-0.0237758486	-0.0099171585	0.0369074994	0.0256396957	-0.0330068036	0.0132640921	-0.0077453236	-0.0440393583	-0.0864814985	0.06122916	-0.0061333806	-0.0611079933	0.0366045877	0.01967296	-0.1369425275	-0.1012919481	-0.0215181419	0.0753179285	-0.0396138217	-0.091332638	0.0903234838	-0.0886498116	0.0863239347	-0.0833629647	0.0797886859	0.0	0.0	-0.1107664645449233	0.0147356783748904	0.0002171402171682	0.0122692096677817	-0.1073469072658781	-0.0214571474600262	0.011523358499549	0.0004604091771213	0.3622759737600987	-0.0037584679452535	1.4126081295498287e-05	0.1312438811638277	-0.0727046154283345	0.0011035559952222	0.005285961104582	1.2178358345908656e-06	-0.0187108165996618	-0.0010348073957873	1.0708263463760956e-06	0.0003500946578261	-0.0041719154123024	-7.531632661279992e-05	5.672549054445954e-09	1.74048782074063e-05	0.0	0.0	0.0	0.0	0.0	0.0	0.0	0.0	0.0	0.0	0.0	0.0	0.0	0.0	0.0	0.0	0.0	0.0	0.0	0.0	0.0	0.0	0.0	0.0	0.0	0.0
2435.71574229484	5.960203222369273	5932711.177262902	35.524022451941065	3003.104575758714	11.864045597956649	9018637.092942923	140.7555779503945	2821.855172735441	6.981628536945664	48.74313702789405	7962866.615893766	2840.418763974946	1929.7597106273245	0.945698	21.032131	0.2940623706318553	0.1888088652564966	0.0103063297	-0.0026657358	0.0522382942	-0.0935443624	-0.0570461652	0.0031352138	-0.019755714	-0.0079764853	0.0642411904	0.0505424336	-0.0371256613	-0.0373887264	-0.0335803032	0.0573244205	0.000543767	0.0816938429	-0.0717878266	0.0499123985	-0.0986135302	0.021893581	0.0145456066	-0.0335754449	0.0197488488	0.016921598	0.0719213743	-0.0595660222	0.0485894703	0.025991233	0.0533902472	0.0312453815	-0.0424938989	0.0874731949	-0.0619060734	0.0874472524	-0.0370210523	-0.0467146676	0.0131643345	-0.0149457527	-0.0548647122	-0.0136939775	0.0542921213	-0.0563631229	0.001527718	-0.0049241562	-0.0210714559	0.031668826	-0.0840131001	0.015960641	0.0038197161	-0.0497208169	0.0389498352	-0.0260291218	-0.0377544824	0.0230318066	-0.0173261225	-0.1075451573	-0.0274665522	0.0616085859	0.0157628842	0.0570908858	0.0135932675	-0.0344590799	-0.1125453574	-0.063793306	0.0931360564	-0.0415421297	-0.091428372	0.0907052112	-0.0895041772	0.0878315976	-0.0856962841	0.0831094865	0.0	0.0	-0.094741521196255	0.0160249433486683	0.000256798809328	0.0089759558385804	-0.095553547743421	0.0117933595224571	0.0091304804863542	0.0001390833288259	0.2099945322759637	-0.1522814414841349	0.023189637420486	0.0440977035858007	-0.0707071493756723	0.0019974660526621	0.0049995009728336	3.9898706315379e-06	-0.0185652764703452	0.0001455401293166	2.1181929241493273e-08	0.0003446694904203	-0.0040356690687493	0.000136246343553	1.856306613158925e-08	1.6286624832459844e-05	0.0	0.0	0.0	0.0	0.0	0.0	0.0	0.0	0.0	0.0	0.0	0.0	0.0	0.0	0.0	0.0	0.0	0.0	0.0	0.0	0.0	0.0	0.0	0.0	0.0	0.0
2441.727352515735	6.011610220895364	5962032.464023502	36.1394574479736	3058.829033954327	55.7244581956129	9356435.05896196	3105.215241194609	2817.951014349568	-3.904158385872961	15.242452701982163	7940847.91927376	2844.0111887122844	1923.525183228105	1.331581	29.614077	0.7342652417596723	0.4789536139412824	0.0926365622	-0.1206960153	-0.1449901149	-0.0134691908	-0.1056906326	0.117969642	0.0871952924	0.0083119968	0.0802414153	-0.0535151926	0.0401352909	0.0421730528	0.0281317746	-0.1015188023	-0.0287377245	0.0015704762	0.0339128945	-0.1038442437	-0.0256799205	-0.1272040321	-0.0007704091	-0.0317327985	0.0282933869	0.0830258892	-0.0952305803	-0.0601270686	0.0387424391	-0.063972259	-0.086668047	0.0175020581	-0.0235874473	-0.0810623195	-0.0091247087	-0.069681034	-0.0816423349	0.0790263594	-0.1073514221	0.0591554903	-0.0631416637	0.0765967592	0.0554331568	0.01384766	-0.0612437507	-0.1998108193	0.0648129341	0.0701184961	-0.0616293256	-0.0212552317	0.0215057503	-0.0065666647	-0.0235702608	0.0494140889	0.0110106208	-0.0481153148	-0.0203828279	-0.1862367231	-0.2178255218	0.0463006447	-0.0237298268	0.1093742434	-0.0353648019	-0.0042454176	0.0703913213	-0.0266464163	-0.0992225864	-0.046061906	-0.0915081759	0.0910237247	-0.090218205	0.0890944581	-0.0876564477	0.0859092462	0.0	0.0	-0.0838115351078414	0.0109299860884135	0.0001194645958929	0.0070243734171329	-0.1539856904818464	-0.0584321427384254	0.023711592873171	0.0034143153050037	0.00457873206458	-0.2054158002113837	0.0421956509764831	2.0964787319213027e-05	-0.0623097154099276	0.0083974339657446	0.0038825006344661	7.051689720904268e-05	-0.0191709283206102	-0.0006056518502649	3.668141637294173e-07	0.0003675244926739	-0.0042223295071686	-0.0001866604384192	3.4842119270885276e-08	1.7828066467106632e-05	0.0	0.0	0.0	0.0	0.0	0.0	0.0	0.0	0.0	0.0	0.0	0.0	0.0	0.0	0.0	0.0	0.0	0.0	0.0	0.0	0.0	0.0	0.0	0.0	0.0	1.0
2426.408234947293	-15.31911756844238	5887456.922620037	234.67536307576	2991.362969501202	-67.466064453125	8948252.415303048	4551.669852793217	2817.101690995066	-0.8493233545023031	0.7213501605030449	7936061.93740726	2836.901890490302	1892.8859198215016	0.941977	20.949383	0.3783349255210084	0.1779378241476356	0.0413946885	-0.0721059387	-0.0800766184	0.0529318123	-0.0470282938	-0.0272234492	0.043814613	-0.0199233562	-0.0536938715	0.040367597	-0.0110757679	0.0091846964	0.0108212877	-0.0467581076	-0.0830324078	-0.0177835091	-0.0097557828	-0.1060673456	-0.0723765221	-0.0344683835	-0.039006533	-0.0774387698	0.0905376816	0.0508476371	-0.0455972638	0.0596931496	0.0346002672	-0.021379885	-0.0270624993	0.0634740966	0.0328516911	-0.0725987336	-0.1121648633	-0.0227454437	-0.0170348591	-0.0012576272	-0.0662286358	0.0057319114	0.0011522523	0.1050289263	0.0661276135	0.0568437508	-0.0348206206	-0.1359426258	0.033938388	0.0752576003	-0.0208017584	-0.0602171833	-0.0322613083	0.0042109272	-0.0084850035	-0.0157135001	0.0151693009	-0.0671548207	-0.046073845	-0.1589670991	-0.0564848634	0.1024285587	0.0292547418	0.1064731727	-0.0058294	-0.0796799926	0.0509992158	0.00361534	-0.0738339405	0.1126000235	-0.0915720357	0.0912788023	-0.0907907753	0.0901089963	-0.0892349201	0.0881704121	0.0	0.0	-0.0859635139182586	-0.0021519788104172	4.631012800484646e-06	0.0073897257251746	-0.0924715698470066	0.0615141206348398	0.0085509912299698	0.0037839870374776	0.0687546724697512	0.0641759404051712	0.004118551326888	0.0047272049864227	-0.0649317208136443	-0.0026220054037167	0.004216128367821	6.8749123371195885e-06	-0.0207981713068567	-0.0016272429862465	2.647919736288434e-06	0.0004325639297093	-0.0034617201837202	0.0007606093234484	5.785265429166331e-07	1.1983506630375814e-05	0.0	0.0	0.0	0.0	0.0	0.0	0.0	0.0	0.0	0.0	0.0	0.0	0.0	0.0	0.0	0.0	0.0	0.0	0.0	0.0	0.0	0.0	0.0	0.0	0.0	0.0
2431.233503270413	4.825268323120326	5910896.347424526	23.283214390108448	2995.1542630709137	3.791293569711797	8970949.059591867	14.373906931738023	2814.2856533355416	-2.816037659524227	7.930068099858686	7920203.738570256	2834.799693729796	1904.79619672678	0.745863	16.587849	0.1739148442419464	0.1044972001614084	0.0239619621	-0.0464487669	-0.0588360319	0.0412974554	-0.049409381	-0.0208924527	-0.0015732557	0.0349025557	-0.0627982596	0.072119073	-0.0157939636	-0.0232092081	0.0715872375	-0.0445325854	0.0008807714	0.0074736392	0.0682549455	-0.0438411231	-0.0560705048	-0.0048528114	0.0133142792	0.0160518442	-0.0291460816	0.051200423	-0.0652983003	-0.0113187504	0.0681371601	-0.0617262904	-0.0061363416	-0.0387634233	-0.0154794094	-0.0886121629	-0.0589132601	0.0150633972	-0.0076690705	-0.0063740506	0.0100009981	0.0115158765	0.0032429474	0.0347105516	0.0047362417	0.0542062915	-0.0301389426	-0.1011917915	0.0193146938	0.0848348718	-0.0347862881	-0.047443236	-0.0317845551	-0.0160435865	-0.0103784553	-0.0266746268	-0.0030351714	-0.0699611822	-0.032900916	-0.1027317969	-0.0543189169	0.0803605789	-0.0608630427	0.0318345306	-0.057173333	-0.0527494156	0.0334539726	-0.0040116655	-0.0556137952	0.112859071	-0.0916199402	0.0914702662	-0.0912209905	0.0908723846	-0.0904248282	0.0898788085	0.0	0.0	-0.1065435721988024	-0.0205800582805437	0.0004235387988305	0.0113515327768814	-0.0811698324157674	0.0113017374312391	0.0065885416944037	0.0001277292689646	0.0719310324977797	0.0031763600280284	1.0089263027657209e-05	0.0051740734361966	-0.0667370317934384	-0.001805310979794	0.0044538314125984	3.259147733765124e-06	-0.0199513161306272	0.0008468551762295	7.17163689506698e-07	0.0003980550153442	-0.0033367525697011	0.0001249676140191	1.5616904553626765e-08	1.1133917711406892e-05	0.0	0.0	0.0	0.0	0.0	0.0	0.0	0.0	0.0	0.0	0.0	0.0	0.0	0.0	0.0	0.0	0.0	0.0	0.0	0.0	0.0	0.0	0.0	0.0	0.0	0.0
2429.8608180704914	-1.3726851999217615	5904223.595194198	1.8842646580842464	3017.21576960637	22.06150653545637	9103591.00036136	486.7100706139843	2816.306484051383	2.0208307158413845	4.0837567820880025	7931582.212109863	2837.347963193696	1886.903535775092	0.758667	16.872602	0.2491634660816929	0.1298928702678305	0.0271152649	-0.0761879109	-0.0771366914	0.0723299576	-0.0949934792	0.0287892144	0.0226195839	-0.0046008935	-0.1046615308	0.0150143663	-0.0558368569	0.0586191112	0.0118502756	-0.0314336902	-0.0934783579	-0.0510428635	0.0356782434	-0.105451362	-0.0184409328	-0.0256544186	0.0227421417	-0.0504298617	0.0300299242	0.0325434542	-0.0448132257	-0.1487926412	-0.0166075031	-0.0165601301	-0.0164533387	0.0719860442	0.0557726239	-0.109156744	-0.0333625035	-0.0441560876	-0.0035825078	-0.0268473882	-0.0669678604	0.0469464473	0.0048164904	0.0573194723	0.037736072	-0.0820846719	-0.0341215373	-0.1412140931	0.0279326457	0.0798194409	-0.0073745699	-0.0616915866	-0.0462165131	-0.0037652787	0.0101986419	-0.0308919378	-0.0034503909	-0.0725934968	-0.0469965023	-0.124830889	-0.0495426371	0.04760145	0.0081705025	0.0467780652	0.00518531	-0.1572896224	0.0383692129	0.0117781887	-0.0707769142	0.11203312	-0.0916518812	0.0915979829	-0.0915081759	0.0913824953	-0.0912209905	0.0910237247	0.0	0.0	-0.0699529358888355	0.0365906363099668	0.0013388746655682	0.0048934132394675	-0.0847639473614805	-0.0035941149457131	0.0071849267722998	1.2917662242998283e-05	0.0350551846632214	-0.0368758478345583	0.0013598281535174	0.0012288659717725	-0.0647891696075461	0.0019478621858922	0.0041976364984353	3.794167095229114e-06	-0.02090932863187	-0.0009580125012427	9.177879525374828e-07	0.0004372000238355	-0.0028005699170071	0.0005361826526939	2.874918370499742e-07	7.843191860045156e-06	0.0	0.0	0.0	0.0	0.0	0.0	0.0	0.0	0.0	0.0	0.0	0.0	0.0	0.0	0.0	0.0	0.0	0.0	0.0	0.0	0.0	0.0	0.0	0.0	0.0	0.0
2433.1365283016016	3.2757102311102244	5920153.365355571	10.7302775182002	3029.192398775541	11.976629169170792	9176006.588799516	143.43964625583266	2815.578794840019	-0.7276892113641225	0.5295315883357384	7927483.949952773	2838.4879421470905	1896.237210163193	0.679209	15.105459	0.2122076910097012	0.1207049593141797	0.0267058231	-0.0670261139	-0.0782215096	0.0475204091	-0.1069027588	0.0675430763	0.0463686958	-0.0197062786	0.0292278379	-0.0053573891	-0.0191374173	0.1180873305	0.056151336	-0.0124927031	0.0053830402	0.0044201293	0.0741378388	-0.0132896052	-0.0043558795	-0.0499192554	-0.0757534962	-0.0229324662	0.03928014	0.0309186656	-0.1017924613	-0.0367912015	0.0724944857	-0.0621480529	0.001297149	-0.0227262586	-0.0315167129	-0.062827669	0.0323162758	0.0137813452	0.0309979217	-0.0044220677	-0.1472044226	0.0164698714	0.0353823359	0.0706194002	-0.030667907	0.0076765453	-0.0316129406	-0.1244869371	0.0259364729	0.0780042593	-0.0243467441	-0.0476622937	-0.0375124478	-0.0137819077	-0.0161551951	0.003751747	0.0021038732	-0.0690715305	-0.0054988277	-0.0679889264	-0.0572572885	0.0951056006	-0.0367756409	0.0109132682	-0.0403727062	-0.0959943602	0.0301254545	-0.0019379069	-0.0622491186	0.065137134	-0.0916678532	0.0916618636	-0.0916518812	0.0916379066	-0.0916199402	0.0915979829	0.0	0.0	-0.0889293752256179	-0.0189764393367824	0.0003601052499025	0.0079084337780187	-0.0909615474965761	-0.0061976001350955	0.0082740031229718	3.841024743453698e-05	0.0719492696677051	0.0368940850044837	0.001361173508318	0.0051766974057161	-0.0656369989281789	-0.0008478293206327	0.0043082156282977	7.188145569246624e-07	-0.0189973322240539	0.001911996407816	3.655730263501668e-06	0.000360898631631	-0.003043535519225	-0.0002429656022178	5.9032283861106634e-08	9.263108456784189e-06	0.0	0.0	0.0	0.0	0.0	0.0	0.0	0.0	0.0	0.0	0.0	0.0	0.0	0.0	0.0	0.0	0.0	0.0	0.0	0.0	0.0	0.0	0.0	0.0	0.0	0.0
