#!ascii label  , from subject sub-v1s16x0051195_ses-1 vox2ras=TkReg
3425
64  17.555  -85.161  18.380 0.0000000000
16744  11.801  -49.342  6.006 0.0000000000
6541  2.446  -65.631  23.304 0.0000000000
6321  11.854  -66.975  0.106 0.0000000000
22633  21.080  -42.083  10.056 0.0000000000
270  25.227  -84.078  3.173 0.0000000000
76711  4.703  -56.355  12.177 0.0000000000
21881  9.606  -42.890  12.403 0.0000000000
22709  15.070  -42.446  5.693 0.0000000000
1555  17.516  -77.890  24.261 0.0000000000
2695  15.630  -74.158  16.591 0.0000000000
76634  4.101  -71.164  14.990 0.0000000000
10939  9.822  -59.529  25.355 0.0000000000
3531  19.945  -72.776  2.509 0.0000000000
9163  12.420  -63.637  7.588 0.0000000000
523  22.777  -82.614  16.004 0.0000000000
225  27.045  -84.102  10.867 0.0000000000
22  21.983  -86.174  10.773 0.0000000000
23390  16.392  -42.300  8.479 0.0000000000
82450  13.399  -76.235  21.657 0.0000000000
3879  6.417  -72.481  18.638 0.0000000000
6056  3.864  -67.964  19.502 0.0000000000
8258  3.477  -63.156  19.101 0.0000000000
10304  17.958  -60.781  22.385 0.0000000000
11011  17.947  -58.904  19.536 0.0000000000
12963  23.982  -57.093  19.751 0.0000000000
4027  11.332  -71.647  0.558 0.0000000000
2797  15.090  -74.604  1.223 0.0000000000
4575  16.482  -70.800  -2.481 0.0000000000
86766  22.132  -66.912  -4.130 0.0000000000
5790  17.654  -67.955  -0.246 0.0000000000
15470  6.540  -51.649  9.136 0.0000000000
11184  5.075  -59.083  3.862 0.0000000000
13102  10.318  -56.545  8.859 0.0000000000
86091  27.934  -44.681  14.375 0.0000000000
292  24.034  -83.706  -1.231 0.0000000000
5766  4.362  -67.896  1.394 0.0000000000
17352  2.858  -49.393  13.334 0.0000000000
19584  9.521  -46.169  10.535 0.0000000000
87960  15.228  -43.105  10.145 0.0000000000
78564  16.587  -82.198  23.086 0.0000000000
755  16.543  -81.660  14.379 0.0000000000
1006  11.698  -81.744  20.666 0.0000000000
86327  10.852  -72.937  20.025 0.0000000000
88957  8.642  -74.743  13.434 0.0000000000
10226  2.949  -58.813  28.146 0.0000000000
82508  26.756  -50.929  17.964 0.0000000000
23288  23.455  -42.184  18.096 0.0000000000
659  22.946  -81.033  27.534 0.0000000000
494  23.040  -82.918  21.537 0.0000000000
641  17.635  -81.958  -4.084 0.0000000000
1744  21.973  -78.522  0.229 0.0000000000
92030  0.311  -60.001  9.421 0.0000000000
89525  5.334  -65.429  7.122 0.0000000000
9866  8.988  -61.209  3.218 0.0000000000
10494  16.912  -60.742  3.015 0.0000000000
189  21.351  -84.800  16.578 0.0000000000
363  22.782  -83.607  13.629 0.0000000000
1  19.855  -85.699  14.398 0.0000000000
6010  4.921  -67.555  24.263 0.0000000000
5472  8.302  -68.574  21.632 0.0000000000
6574  6.764  -66.111  20.489 0.0000000000
7119  5.196  -64.873  17.079 0.0000000000
7610  5.528  -64.121  21.979 0.0000000000
10336  17.418  -59.903  21.180 0.0000000000
11653  21.221  -58.490  21.144 0.0000000000
11673  21.644  -59.003  19.580 0.0000000000
91411  11.507  -68.958  -0.545 0.0000000000
4036  14.548  -71.869  -1.149 0.0000000000
91740  13.807  -69.330  -3.862 0.0000000000
5217  18.025  -67.286  -4.330 0.0000000000
86771  14.425  -68.282  -0.979 0.0000000000
16721  8.667  -49.799  8.077 0.0000000000
14294  8.523  -53.873  5.936 0.0000000000
15482  10.643  -52.103  7.922 0.0000000000
22579  27.806  -41.886  14.472 0.0000000000
86385  26.198  -42.894  13.489 0.0000000000
591  25.493  -81.868  6.177 0.0000000000
1099  25.793  -80.060  8.907 0.0000000000
1143  24.064  -80.841  5.025 0.0000000000
1457  21.970  -79.040  1.449 0.0000000000
609  22.919  -82.970  1.701 0.0000000000
85429  6.519  -45.651  13.327 0.0000000000
18833  6.438  -47.280  11.550 0.0000000000
81101  7.336  -41.657  11.794 0.0000000000
21888  22.530  -43.381  11.246 0.0000000000
21903  20.460  -43.743  10.371 0.0000000000
23408  14.507  -41.109  8.325 0.0000000000
21927  16.527  -44.034  9.619 0.0000000000
961  15.425  -80.533  25.232 0.0000000000
1295  15.121  -79.102  21.654 0.0000000000
1278  13.698  -78.857  24.110 0.0000000000
2381  13.799  -75.140  18.903 0.0000000000
1584  10.105  -79.182  20.160 0.0000000000
1867  11.563  -77.761  17.077 0.0000000000
2150  13.966  -75.532  15.021 0.0000000000
77538  2.904  -72.707  16.772 0.0000000000
76629  5.676  -75.762  16.256 0.0000000000
77827  3.762  -75.005  11.237 0.0000000000
8916  10.354  -62.219  24.902 0.0000000000
9597  6.956  -61.642  27.398 0.0000000000
10906  6.469  -58.637  27.480 0.0000000000
10924  3.331  -57.889  26.055 0.0000000000
12265  5.890  -56.680  24.873 0.0000000000
88437  23.242  -49.884  18.620 0.0000000000
17275  28.559  -50.041  17.386 0.0000000000
19502  26.402  -46.481  18.428 0.0000000000
94807  28.871  -44.189  18.482 0.0000000000
1540  21.031  -78.438  24.593 0.0000000000
1520  23.560  -78.322  28.231 0.0000000000
1250  19.818  -80.128  26.700 0.0000000000
472  18.162  -82.418  26.841 0.0000000000
3525  17.948  -72.879  3.399 0.0000000000
2219  17.258  -76.691  4.160 0.0000000000
1996  19.158  -77.100  1.988 0.0000000000
1191  18.270  -79.837  0.259 0.0000000000
2256  19.887  -76.431  -0.526 0.0000000000
3165  21.479  -72.644  -0.252 0.0000000000
13075  1.359  -56.263  10.302 0.0000000000
10454  7.398  -60.805  7.387 0.0000000000
9165  4.253  -62.152  6.439 0.0000000000
82755  8.698  -64.224  7.571 0.0000000000
7253  8.455  -66.045  5.319 0.0000000000
8432  11.142  -62.919  5.240 0.0000000000
201  26.170  -84.356  14.553 0.0000000000
234  24.280  -83.463  10.107 0.0000000000
42  24.237  -84.875  7.067 0.0000000000
24085  20.614  -40.334  8.521 0.0000000000
24829  15.602  -38.356  5.828 0.0000000000
25577  14.775  -37.974  3.914 0.0000000000
1830  15.389  -77.181  23.187 0.0000000000
2378  18.210  -74.781  19.908 0.0000000000
3006  17.364  -72.861  19.914 0.0000000000
4364  16.478  -70.836  17.705 0.0000000000
77411  6.218  -75.901  21.384 0.0000000000
3843  8.260  -71.948  21.534 0.0000000000
4333  4.237  -70.522  20.544 0.0000000000
4367  1.960  -70.645  18.600 0.0000000000
86794  0.779  -66.465  16.611 0.0000000000
85326  13.751  -59.668  23.631 0.0000000000
12285  10.081  -56.830  24.452 0.0000000000
11642  14.135  -58.126  22.974 0.0000000000
12927  14.825  -56.234  21.612 0.0000000000
11678  24.070  -57.762  18.304 0.0000000000
2812  11.799  -75.196  -1.755 0.0000000000
3561  15.369  -72.765  -0.508 0.0000000000
4523  18.183  -70.618  1.424 0.0000000000
4024  20.639  -70.739  0.604 0.0000000000
79586  19.120  -68.473  -2.223 0.0000000000
6336  20.843  -64.869  -4.103 0.0000000000
90383  7.616  -55.614  10.025 0.0000000000
94498  3.883  -56.800  7.729 0.0000000000
94650  6.059  -55.413  5.917 0.0000000000
12488  7.711  -57.249  5.559 0.0000000000
11160  10.564  -59.378  7.849 0.0000000000
89829  25.379  -45.684  12.840 0.0000000000
21874  24.816  -43.280  12.215 0.0000000000
23342  23.609  -41.757  11.141 0.0000000000
607  25.832  -81.969  0.852 0.0000000000
920  25.484  -81.236  -4.586 0.0000000000
5761  9.654  -69.248  1.935 0.0000000000
6786  9.618  -66.287  2.214 0.0000000000
14819  5.615  -53.543  12.482 0.0000000000
16096  6.303  -51.101  11.741 0.0000000000
17362  9.379  -50.079  11.414 0.0000000000
17383  11.311  -49.207  10.142 0.0000000000
83756  13.813  -43.357  12.338 0.0000000000
21905  15.905  -43.032  11.047 0.0000000000
23346  11.996  -40.837  11.572 0.0000000000
87594  11.116  -43.823  10.408 0.0000000000
19581  12.372  -46.705  10.322 0.0000000000
17410  14.147  -49.191  8.071 0.0000000000
498  17.055  -83.228  20.745 0.0000000000
525  17.343  -82.600  16.433 0.0000000000
91015  17.365  -79.994  18.707 0.0000000000
1034  13.482  -81.139  17.329 0.0000000000
1290  10.849  -79.657  23.264 0.0000000000
708  8.689  -81.399  18.841 0.0000000000
88974  12.448  -71.205  17.713 0.0000000000
3010  7.309  -75.701  18.378 0.0000000000
76637  9.327  -74.146  16.986 0.0000000000
3442  12.349  -72.738  14.962 0.0000000000
8903  1.126  -61.936  26.220 0.0000000000
86407  5.251  -61.270  23.863 0.0000000000
10326  2.332  -60.510  21.862 0.0000000000
14167  25.644  -54.285  18.816 0.0000000000
16578  25.390  -50.849  19.205 0.0000000000
14189  26.574  -54.974  16.974 0.0000000000
14192  28.288  -54.287  15.481 0.0000000000
81948  29.408  -43.682  16.823 0.0000000000
1246  26.814  -79.293  27.351 0.0000000000
481  22.555  -82.235  24.393 0.0000000000
156  18.882  -83.658  23.717 0.0000000000
170  20.501  -84.096  20.533 0.0000000000
93  18.831  -85.214  12.396 0.0000000000
34  19.875  -86.334  9.205 0.0000000000
288  21.068  -84.315  -0.455 0.0000000000
459  22.041  -82.935  -4.113 0.0000000000
77925  22.416  -80.267  -5.953 0.0000000000
892  20.744  -81.156  -2.570 0.0000000000
1756  23.971  -78.367  -2.465 0.0000000000
11163  1.930  -59.005  6.034 0.0000000000
81442  1.693  -63.907  6.282 0.0000000000
5718  4.592  -68.282  5.280 0.0000000000
7832  6.223  -64.488  3.352 0.0000000000
8497  10.075  -63.514  0.678 0.0000000000
12439  13.553  -58.029  10.220 0.0000000000
10447  14.581  -61.011  8.260 0.0000000000
9839  17.548  -61.638  5.736 0.0000000000
9185  14.728  -62.254  5.092 0.0000000000
10512  12.457  -59.705  3.083 0.0000000000
11237  11.457  -58.397  -0.052 0.0000000000
8515  12.521  -63.609  -0.619 0.0000000000
7279  14.892  -66.139  1.899 0.0000000000
89894  17.788  -67.881  3.474 0.0000000000
65  19.646  -85.139  17.920 0.0000000000
80  20.753  -85.599  15.613 0.0000000000
76  18.346  -85.434  16.422 0.0000000000
6530  3.693  -66.618  23.620 0.0000000000
6538  5.801  -66.773  22.872 0.0000000000
7067  4.465  -65.968  22.352 0.0000000000
7081  6.513  -65.419  20.711 0.0000000000
7611  4.246  -65.319  22.437 0.0000000000
11654  20.728  -58.531  21.754 0.0000000000
12305  22.247  -57.467  21.326 0.0000000000
5807  11.939  -68.618  -0.991 0.0000000000
4578  13.004  -69.564  -2.495 0.0000000000
5816  12.739  -68.754  -2.247 0.0000000000
5820  14.078  -68.523  -3.457 0.0000000000
5794  12.617  -68.051  -0.517 0.0000000000
16746  10.194  -49.187  6.082 0.0000000000
16139  9.863  -50.515  6.559 0.0000000000
16138  10.803  -50.536  6.360 0.0000000000
24042  26.824  -40.395  14.732 0.0000000000
410  26.152  -83.822  5.324 0.0000000000
829  25.156  -81.356  5.246 0.0000000000
596  24.296  -82.333  3.748 0.0000000000
838  22.818  -81.674  3.565 0.0000000000
418  23.807  -83.728  2.411 0.0000000000
21095  7.963  -43.508  13.156 0.0000000000
21883  7.260  -43.372  12.406 0.0000000000
22602  7.424  -40.507  12.372 0.0000000000
21901  21.860  -43.199  10.901 0.0000000000
21125  20.945  -44.184  10.897 0.0000000000
22634  20.789  -42.928  10.185 0.0000000000
22710  14.325  -41.722  6.655 0.0000000000
1268  16.887  -79.001  25.587 0.0000000000
1277  15.515  -79.325  24.052 0.0000000000
1807  15.462  -77.997  24.334 0.0000000000
2385  14.358  -74.650  18.082 0.0000000000
1861  11.906  -76.973  18.534 0.0000000000
2144  13.103  -75.810  17.484 0.0000000000
2148  12.570  -76.676  16.507 0.0000000000
2390  15.232  -74.512  15.851 0.0000000000
76651  2.441  -71.939  14.851 0.0000000000
77737  2.562  -73.602  13.737 0.0000000000
76631  2.661  -72.165  12.494 0.0000000000
10252  9.816  -60.643  25.558 0.0000000000
10237  8.274  -60.635  26.390 0.0000000000
10921  8.043  -59.240  26.217 0.0000000000
11596  6.474  -57.650  26.213 0.0000000000
11594  8.527  -58.626  25.606 0.0000000000
88489  25.763  -46.937  18.469 0.0000000000
1553  19.743  -78.119  24.172 0.0000000000
1533  20.419  -78.850  25.240 0.0000000000
1267  18.920  -78.877  25.321 0.0000000000
1252  17.819  -80.225  26.470 0.0000000000
80242  19.448  -72.992  3.002 0.0000000000
2491  19.187  -75.172  3.612 0.0000000000
2788  19.990  -74.896  1.897 0.0000000000
2006  19.597  -77.363  1.030 0.0000000000
2787  20.504  -74.392  1.230 0.0000000000
3152  20.962  -74.203  0.368 0.0000000000
3544  21.172  -72.269  0.844 0.0000000000
82902  2.570  -55.434  11.067 0.0000000000
9146  9.587  -62.155  7.704 0.0000000000
85665  7.992  -62.416  7.605 0.0000000000
8390  10.574  -63.932  7.584 0.0000000000
7241  10.983  -65.285  6.353 0.0000000000
7794  12.237  -64.413  6.657 0.0000000000
521  25.603  -83.330  16.463 0.0000000000
186  24.894  -84.113  16.407 0.0000000000
220  22.112  -84.385  12.258 0.0000000000
380  23.669  -83.438  11.801 0.0000000000
235  22.700  -84.192  10.433 0.0000000000
104  23.999  -84.230  8.862 0.0000000000
30  22.655  -86.095  9.158 0.0000000000
24102  19.574  -40.319  7.626 0.0000000000
24787  19.537  -39.734  7.133 0.0000000000
25546  15.963  -37.801  5.382 0.0000000000
25548  14.178  -37.864  5.533 0.0000000000
91530  17.813  -69.877  18.559 0.0000000000
3426  17.206  -71.600  18.353 0.0000000000
4903  16.550  -69.312  18.116 0.0000000000
4303  8.661  -70.813  23.984 0.0000000000
5503  6.191  -68.360  19.974 0.0000000000
4877  6.102  -69.859  20.726 0.0000000000
5488  4.014  -69.547  20.406 0.0000000000
4346  2.229  -70.788  19.867 0.0000000000
5506  1.559  -69.031  19.755 0.0000000000
5538  1.039  -67.985  18.562 0.0000000000
6071  1.372  -66.998  19.043 0.0000000000
8277  4.834  -63.667  17.329 0.0000000000
7675  3.370  -64.165  15.934 0.0000000000
10306  15.883  -60.224  22.939 0.0000000000
10953  14.155  -58.979  23.495 0.0000000000
10968  15.433  -59.303  23.005 0.0000000000
11003  17.696  -59.442  20.277 0.0000000000
11655  16.127  -58.809  21.115 0.0000000000
91045  16.259  -58.226  20.462 0.0000000000
12334  22.931  -58.159  19.782 0.0000000000
11016  21.836  -59.117  18.709 0.0000000000
11671  23.146  -58.346  19.037 0.0000000000
11679  23.444  -58.353  18.276 0.0000000000
12340  24.089  -57.433  19.036 0.0000000000
3563  9.384  -73.423  -1.103 0.0000000000
4046  15.104  -71.518  -1.988 0.0000000000
3579  14.614  -72.912  -0.939 0.0000000000
4034  16.296  -71.451  -0.631 0.0000000000
4026  16.551  -71.537  0.326 0.0000000000
4033  17.218  -70.875  -0.058 0.0000000000
5195  18.919  -69.631  -0.458 0.0000000000
4554  18.295  -69.793  -1.116 0.0000000000
5803  17.588  -66.557  -2.473 0.0000000000
6337  19.122  -65.451  -4.109 0.0000000000
80260  19.352  -67.451  -0.403 0.0000000000
14851  7.003  -53.435  9.806 0.0000000000
80558  6.641  -55.713  8.750 0.0000000000
14267  6.045  -53.841  8.283 0.0000000000
13719  9.257  -55.160  7.579 0.0000000000
13122  8.465  -56.005  5.827 0.0000000000
12486  8.999  -56.621  6.816 0.0000000000
11816  9.470  -58.667  7.482 0.0000000000
92689  10.266  -57.994  8.119 0.0000000000
20337  26.855  -44.959  13.606 0.0000000000
23329  25.348  -41.629  12.821 0.0000000000
21869  25.466  -43.132  12.824 0.0000000000
94081  24.845  -41.904  12.204 0.0000000000
21886  23.788  -42.513  11.391 0.0000000000
24056  24.401  -40.656  11.863 0.0000000000
1955  24.370  -77.441  6.613 0.0000000000
872  23.878  -81.837  0.701 0.0000000000
1171  23.785  -80.140  2.009 0.0000000000
424  25.517  -82.510  -0.659 0.0000000000
633  25.991  -82.320  -2.726 0.0000000000
637  25.245  -82.594  -3.040 0.0000000000
5137  6.045  -70.117  2.478 0.0000000000
5136  8.744  -69.471  3.028 0.0000000000
5764  7.398  -68.463  2.466 0.0000000000
6304  9.715  -68.191  2.085 0.0000000000
6306  8.020  -67.461  2.609 0.0000000000
18048  3.918  -48.020  14.607 0.0000000000
16650  2.638  -50.130  14.111 0.0000000000
15428  3.154  -52.493  14.664 0.0000000000
16087  2.937  -51.242  12.771 0.0000000000
15446  5.227  -51.648  12.084 0.0000000000
16666  4.199  -49.911  12.593 0.0000000000
85083  7.862  -46.474  10.968 0.0000000000
90998  7.328  -47.970  11.372 0.0000000000
18830  9.314  -47.604  11.217 0.0000000000
18104  10.318  -49.080  11.270 0.0000000000
18829  10.393  -48.051  11.218 0.0000000000
22647  18.419  -42.521  8.389 0.0000000000
22636  18.889  -43.002  8.885 0.0000000000
20379  15.743  -43.925  9.425 0.0000000000
21147  16.641  -43.896  9.685 0.0000000000
93994  15.366  -42.845  10.511 0.0000000000
23344  13.412  -39.582  11.062 0.0000000000
22620  13.484  -40.366  10.601 0.0000000000
22622  11.479  -41.644  10.869 0.0000000000
85705  12.844  -43.338  10.397 0.0000000000
18870  15.789  -46.884  9.151 0.0000000000
19580  13.714  -46.262  9.933 0.0000000000
18872  14.142  -47.078  9.630 0.0000000000
18143  13.485  -48.270  9.274 0.0000000000
491  16.201  -83.676  22.141 0.0000000000
697  17.566  -81.465  19.494 0.0000000000
982  16.857  -80.977  20.969 0.0000000000
1306  13.684  -80.041  20.727 0.0000000000
1327  14.096  -80.044  18.997 0.0000000000
82881  12.058  -81.593  19.264 0.0000000000
716  12.043  -82.982  17.786 0.0000000000
507  11.461  -82.793  18.268 0.0000000000
2104  14.017  -76.519  22.391 0.0000000000
1832  13.412  -77.340  23.279 0.0000000000
1568  11.837  -77.720  22.337 0.0000000000
1328  8.908  -80.349  18.608 0.0000000000
1013  8.742  -80.827  19.723 0.0000000000
88790  12.355  -70.730  19.008 0.0000000000
3863  10.987  -72.072  19.061 0.0000000000
3397  6.886  -73.892  20.254 0.0000000000
94444  5.925  -76.080  19.774 0.0000000000
3011  6.481  -75.003  18.671 0.0000000000
77902  7.027  -75.614  15.810 0.0000000000
2691  7.492  -75.598  16.961 0.0000000000
77494  9.468  -74.019  15.894 0.0000000000
76645  10.691  -72.886  15.973 0.0000000000
77799  10.647  -73.153  14.811 0.0000000000
77572  11.793  -73.137  13.443 0.0000000000
88958  10.867  -73.612  12.048 0.0000000000
10212  5.019  -59.912  29.147 0.0000000000
8878  6.019  -62.043  28.673 0.0000000000
9575  3.060  -60.424  29.393 0.0000000000
9577  1.083  -60.818  28.810 0.0000000000
89462  2.509  -60.494  26.983 0.0000000000
8901  4.159  -61.735  25.293 0.0000000000
81873  4.337  -60.800  25.777 0.0000000000
94328  2.841  -57.759  24.439 0.0000000000
10957  1.161  -58.746  23.727 0.0000000000
12907  10.708  -56.254  23.891 0.0000000000
12909  8.157  -55.946  23.372 0.0000000000
14155  25.266  -54.750  19.581 0.0000000000
88204  25.503  -52.990  19.400 0.0000000000
17269  25.489  -50.008  19.026 0.0000000000
17259  24.789  -50.319  19.598 0.0000000000
15998  26.379  -51.444  18.204 0.0000000000
15356  26.201  -52.653  18.271 0.0000000000
15368  27.297  -52.340  17.401 0.0000000000
14187  27.998  -54.367  16.205 0.0000000000
15367  28.243  -52.237  16.939 0.0000000000
17274  29.253  -48.680  16.972 0.0000000000
16020  29.368  -51.023  15.885 0.0000000000
16608  29.321  -50.329  15.626 0.0000000000
21837  29.288  -43.899  17.897 0.0000000000
22550  25.510  -42.635  18.146 0.0000000000
23296  26.480  -41.676  17.375 0.0000000000
2067  25.340  -76.938  26.908 0.0000000000
938  23.336  -79.984  28.723 0.0000000000
1236  24.842  -79.106  29.173 0.0000000000
943  25.325  -80.198  27.922 0.0000000000
958  25.060  -80.974  26.311 0.0000000000
311  16.473  -82.978  25.628 0.0000000000
92885  18.274  -83.302  24.957 0.0000000000
154  16.323  -84.255  24.321 0.0000000000
83319  17.304  -84.219  22.062 0.0000000000
330  22.234  -83.111  20.309 0.0000000000
174  21.075  -83.893  19.886 0.0000000000
326  21.667  -83.615  21.321 0.0000000000
744  17.351  -81.555  15.116 0.0000000000
357  18.540  -83.719  13.352 0.0000000000
365  18.273  -83.076  12.759 0.0000000000
117  21.588  -85.084  7.627 0.0000000000
652  22.116  -81.588  -5.440 0.0000000000
922  20.256  -80.642  -4.710 0.0000000000
2790  15.120  -75.149  2.880 0.0000000000
1479  20.320  -79.860  -0.126 0.0000000000
81354  19.685  -80.702  -0.470 0.0000000000
1210  21.264  -80.107  -1.103 0.0000000000
1216  22.256  -80.538  -2.829 0.0000000000
1483  22.820  -79.396  -1.529 0.0000000000
1742  24.132  -77.639  -1.214 0.0000000000
1731  23.220  -77.326  -0.010 0.0000000000
5193  21.514  -68.282  -3.000 0.0000000000
12490  4.169  -57.854  5.074 0.0000000000
11819  2.497  -58.315  6.230 0.0000000000
11186  3.563  -59.385  3.916 0.0000000000
8396  4.301  -63.725  6.714 0.0000000000
79894  2.447  -63.085  6.229 0.0000000000
7779  2.900  -64.531  6.059 0.0000000000
7232  1.783  -65.444  7.056 0.0000000000
84490  3.880  -66.228  7.082 0.0000000000
5677  3.799  -68.758  6.632 0.0000000000
6231  5.265  -67.557  6.554 0.0000000000
8435  7.973  -63.119  4.420 0.0000000000
7261  7.160  -65.324  4.524 0.0000000000
9210  7.149  -62.530  3.295 0.0000000000
8462  7.505  -63.007  2.579 0.0000000000
82769  9.404  -61.716  1.776 0.0000000000
88135  15.194  -56.530  10.410 0.0000000000
11782  14.921  -58.675  9.571 0.0000000000
11144  13.773  -59.808  8.782 0.0000000000
11142  15.503  -59.786  8.523 0.0000000000
9858  17.011  -61.448  4.027 0.0000000000
9173  16.350  -62.356  5.442 0.0000000000
9860  15.371  -60.945  3.865 0.0000000000
9862  13.616  -60.858  4.149 0.0000000000
11201  14.498  -59.396  2.954 0.0000000000
10543  15.312  -60.085  -0.427 0.0000000000
11894  13.478  -57.342  -0.430 0.0000000000
10544  13.133  -59.729  -0.377 0.0000000000
9901  11.862  -61.401  -0.414 0.0000000000
9239  13.862  -62.636  -0.653 0.0000000000
7298  13.845  -65.434  0.416 0.0000000000
346  21.567  -83.589  16.203 0.0000000000
88074  23.228  -83.436  15.534 0.0000000000
196  22.094  -84.160  14.964 0.0000000000
87  22.060  -84.873  13.570 0.0000000000
8  21.279  -85.475  12.507 0.0000000000
5439  8.218  -68.905  23.615 0.0000000000
6016  7.433  -67.727  23.098 0.0000000000
6039  7.682  -67.287  21.510 0.0000000000
6054  6.579  -67.358  19.693 0.0000000000
6592  4.170  -66.446  18.309 0.0000000000
6590  6.417  -66.202  18.724 0.0000000000
8256  6.029  -63.768  19.774 0.0000000000
8248  5.066  -63.284  20.284 0.0000000000
10302  19.267  -60.068  22.534 0.0000000000
10318  17.340  -60.279  22.027 0.0000000000
10981  19.401  -59.545  21.837 0.0000000000
78753  19.733  -59.361  21.013 0.0000000000
11001  19.368  -59.353  20.284 0.0000000000
80462  19.093  -59.193  19.621 0.0000000000
11666  21.418  -58.763  20.411 0.0000000000
12323  22.638  -57.834  20.540 0.0000000000
12946  23.750  -56.558  20.565 0.0000000000
87984  11.617  -70.588  0.272 0.0000000000
83405  12.848  -72.366  -0.522 0.0000000000
4556  12.949  -70.198  -1.316 0.0000000000
4047  14.270  -71.158  -2.101 0.0000000000
4593  15.677  -70.540  -3.449 0.0000000000
5215  17.154  -69.417  -4.032 0.0000000000
5219  15.815  -69.097  -4.386 0.0000000000
5813  16.231  -67.311  -3.334 0.0000000000
84772  15.832  -68.146  -0.688 0.0000000000
16122  7.112  -51.019  8.677 0.0000000000
14883  7.580  -52.787  6.612 0.0000000000
15495  8.370  -52.130  6.839 0.0000000000
14869  9.493  -53.068  7.829 0.0000000000
14285  10.379  -54.684  8.865 0.0000000000
21859  29.652  -42.200  14.413 0.0000000000
21864  26.796  -43.462  13.923 0.0000000000
81229  27.561  -41.468  14.407 0.0000000000
23324  26.556  -41.270  14.107 0.0000000000
400  25.391  -81.851  8.028 0.0000000000
82750  26.810  -81.212  8.671 0.0000000000
1125  26.444  -80.866  6.840 0.0000000000
1117  24.742  -79.648  7.390 0.0000000000
1421  23.680  -78.850  5.607 0.0000000000
1667  23.480  -78.364  4.751 0.0000000000
87354  22.415  -79.871  4.353 0.0000000000
848  22.257  -81.617  1.741 0.0000000000
431  22.748  -82.653  -0.362 0.0000000000
18794  5.155  -47.472  13.617 0.0000000000
18095  5.078  -48.084  13.033 0.0000000000
19555  5.776  -46.072  12.751 0.0000000000
21117  6.965  -44.025  12.038 0.0000000000
21133  8.206  -43.908  10.757 0.0000000000
21103  23.114  -44.845  11.772 0.0000000000
21113  20.726  -44.906  11.115 0.0000000000
21938  16.078  -43.865  9.379 0.0000000000
80628  15.811  -44.120  9.239 0.0000000000
674  15.140  -81.285  24.965 0.0000000000
973  15.512  -80.734  22.525 0.0000000000
974  15.452  -79.926  23.031 0.0000000000
1296  14.421  -79.275  22.695 0.0000000000
976  12.240  -80.475  23.115 0.0000000000
2369  13.765  -75.419  20.100 0.0000000000
1847  12.038  -77.229  21.316 0.0000000000
86135  12.064  -76.732  19.436 0.0000000000
1587  10.665  -78.638  18.502 0.0000000000
1345  10.156  -79.360  16.948 0.0000000000
82272  5.383  -72.612  18.169 0.0000000000
3418  6.088  -73.761  17.851 0.0000000000
76627  4.232  -74.330  16.367 0.0000000000
77835  4.605  -75.594  14.815 0.0000000000
80360  5.475  -75.607  12.006 0.0000000000
78114  8.289  -74.735  9.798 0.0000000000
10225  6.651  -60.407  28.275 0.0000000000
10892  4.631  -58.615  28.469 0.0000000000
10254  3.442  -58.700  26.531 0.0000000000
11584  3.757  -57.160  27.381 0.0000000000
12249  4.378  -56.951  25.519 0.0000000000
12266  4.453  -56.964  24.494 0.0000000000
81786  26.264  -49.012  18.206 0.0000000000
88188  27.859  -50.317  17.678 0.0000000000
18023  26.678  -48.665  17.973 0.0000000000
18761  27.919  -47.663  17.887 0.0000000000
18760  28.798  -47.258  17.524 0.0000000000
19510  29.014  -46.227  17.438 0.0000000000
20322  27.419  -45.914  17.854 0.0000000000
86089  25.847  -44.903  18.592 0.0000000000
94261  23.804  -43.424  18.023 0.0000000000
1538  22.947  -78.047  24.605 0.0000000000
87535  24.082  -77.601  26.620 0.0000000000
1524  22.471  -78.600  26.486 0.0000000000
1244  21.130  -79.867  27.485 0.0000000000
941  20.885  -80.665  27.825 0.0000000000
82571  20.340  -82.103  26.946 0.0000000000
662  18.757  -81.799  27.647 0.0000000000
480  16.433  -81.784  26.593 0.0000000000
757  14.858  -82.489  14.601 0.0000000000
3134  16.374  -73.556  2.689 0.0000000000
2780  16.550  -74.852  3.698 0.0000000000
2779  17.833  -74.656  4.021 0.0000000000
91712  17.743  -77.667  2.930 0.0000000000
1722  16.975  -78.786  1.941 0.0000000000
1474  16.588  -79.899  0.175 0.0000000000
1472  18.301  -78.963  0.677 0.0000000000
1735  19.693  -78.610  0.669 0.0000000000
1703  21.746  -77.417  1.312 0.0000000000
79491  22.757  -76.410  0.385 0.0000000000
80629  21.233  -75.268  -0.255 0.0000000000
3164  21.800  -73.175  -0.752 0.0000000000
11786  1.162  -58.075  9.165 0.0000000000
10455  6.608  -60.100  6.681 0.0000000000
10468  4.897  -60.749  5.461 0.0000000000
9822  6.108  -61.623  7.349 0.0000000000
85849  6.774  -63.264  7.575 0.0000000000
7776  6.363  -64.657  7.451 0.0000000000
6745  7.564  -66.894  6.672 0.0000000000
6726  9.064  -66.525  6.913 0.0000000000
8423  10.033  -64.053  5.198 0.0000000000
9189  10.285  -62.176  4.553 0.0000000000
1352  25.651  -80.015  14.831 0.0000000000
725  26.630  -81.756  15.678 0.0000000000
349  26.959  -83.902  15.772 0.0000000000
87167  26.427  -84.354  12.823 0.0000000000
80820  24.163  -83.735  13.681 0.0000000000
218  24.993  -84.153  11.990 0.0000000000
233  26.058  -84.175  10.467 0.0000000000
245  24.449  -82.662  8.517 0.0000000000
83392  24.801  -83.283  6.610 0.0000000000
264  24.814  -84.456  5.590 0.0000000000
23375  20.679  -41.594  9.417 0.0000000000
86067  20.358  -42.392  9.646 0.0000000000
23387  20.276  -41.100  8.816 0.0000000000
24103  18.026  -41.184  7.450 0.0000000000
24827  17.542  -38.944  5.926 0.0000000000
24813  16.871  -39.430  6.262 0.0000000000
82300  15.823  -39.804  7.119 0.0000000000
24128  14.659  -39.855  7.763 0.0000000000
24141  13.732  -39.766  6.227 0.0000000000
24157  14.648  -40.262  4.605 0.0000000000
1813  18.976  -77.588  23.100 0.0000000000
88356  16.793  -77.583  23.823 0.0000000000
1839  17.921  -76.864  22.027 0.0000000000
2113  17.473  -76.215  21.511 0.0000000000
2366  16.144  -74.969  21.050 0.0000000000
2677  17.770  -73.746  20.131 0.0000000000
2666  15.735  -74.133  20.692 0.0000000000
2679  15.335  -73.527  20.103 0.0000000000
3018  15.464  -72.986  18.557 0.0000000000
3433  16.199  -73.043  16.526 0.0000000000
3391  7.617  -72.810  21.129 0.0000000000
3852  7.685  -72.393  20.428 0.0000000000
91750  8.024  -69.892  22.041 0.0000000000
4332  6.698  -70.772  20.503 0.0000000000
3865  6.572  -71.645  19.275 0.0000000000
3881  3.229  -72.057  18.768 0.0000000000
3892  2.176  -71.649  18.223 0.0000000000
77998  2.591  -71.501  16.244 0.0000000000
88566  4.194  -69.577  16.536 0.0000000000
4921  3.291  -69.343  17.358 0.0000000000
6614  2.083  -65.644  17.434 0.0000000000
10936  12.186  -59.878  24.115 0.0000000000
82210  9.723  -58.027  25.118 0.0000000000
11627  11.791  -58.396  23.638 0.0000000000
78644  11.804  -57.622  23.314 0.0000000000
12282  11.995  -56.615  23.186 0.0000000000
10984  15.880  -58.996  22.140 0.0000000000
86239  13.136  -56.784  22.281 0.0000000000
86203  12.995  -55.344  22.888 0.0000000000
78851  19.607  -58.965  18.816 0.0000000000
1825  20.724  -77.624  22.593 0.0000000000
2808  13.949  -74.812  -0.574 0.0000000000
3168  12.608  -74.431  -1.473 0.0000000000
3155  14.414  -74.218  -0.757 0.0000000000
3144  15.533  -73.896  1.034 0.0000000000
3548  16.418  -72.474  1.577 0.0000000000
4004  17.919  -71.524  2.628 0.0000000000
4013  19.216  -71.106  2.091 0.0000000000
4012  20.684  -71.588  1.321 0.0000000000
86654  19.817  -70.127  0.648 0.0000000000
5180  20.036  -69.524  -0.493 0.0000000000
89336  20.570  -68.527  -2.170 0.0000000000
79569  18.660  -68.044  -3.359 0.0000000000
5206  20.149  -66.835  -3.685 0.0000000000
5809  21.685  -65.245  -4.262 0.0000000000
5799  21.818  -65.828  -2.092 0.0000000000
86969  6.380  -56.621  11.012 0.0000000000
13072  4.197  -56.034  10.202 0.0000000000
85013  5.993  -56.760  9.343 0.0000000000
12475  5.099  -56.772  6.640 0.0000000000
12500  5.864  -57.333  4.332 0.0000000000
14302  7.487  -54.188  5.492 0.0000000000
12498  7.071  -56.680  4.854 0.0000000000
11826  6.614  -58.411  5.186 0.0000000000
11818  8.137  -59.193  6.828 0.0000000000
10452  9.233  -60.287  7.527 0.0000000000
9819  10.897  -61.067  7.895 0.0000000000
20342  24.362  -45.774  12.475 0.0000000000
90963  25.964  -43.728  13.229 0.0000000000
21100  25.229  -43.975  12.625 0.0000000000
21102  23.738  -44.215  11.917 0.0000000000
21110  23.174  -43.884  11.602 0.0000000000
22606  23.036  -42.653  11.165 0.0000000000
22605  22.881  -41.943  10.848 0.0000000000
24749  23.973  -39.983  11.467 0.0000000000
1695  23.007  -77.928  3.260 0.0000000000
912  27.444  -81.129  -3.641 0.0000000000
1230  26.285  -79.427  -5.700 0.0000000000
6005  3.856  -67.657  25.349 0.0000000000
5135  9.573  -69.524  2.717 0.0000000000
5171  10.140  -69.951  1.404 0.0000000000
5778  10.533  -68.988  0.680 0.0000000000
85867  10.599  -67.998  0.816 0.0000000000
6303  10.901  -66.554  1.367 0.0000000000
16729  13.342  -50.847  7.208 0.0000000000
89606  12.896  -51.292  7.338 0.0000000000
79572  5.227  -55.997  13.261 0.0000000000
14238  5.358  -54.281  13.300 0.0000000000
13045  6.540  -55.587  12.393 0.0000000000
14829  6.689  -53.971  11.793 0.0000000000
14828  7.230  -53.516  11.175 0.0000000000
16094  8.205  -52.120  11.056 0.0000000000
17365  6.233  -49.339  11.903 0.0000000000
16678  7.871  -50.494  11.606 0.0000000000
16093  8.990  -51.502  11.052 0.0000000000
16697  9.803  -50.637  10.247 0.0000000000
17414  10.610  -49.381  8.690 0.0000000000
17413  11.904  -48.526  7.200 0.0000000000
21880  10.821  -43.017  12.356 0.0000000000
21923  20.039  -43.220  9.814 0.0000000000
21144  18.847  -44.181  9.669 0.0000000000
21127  18.003  -44.891  10.224 0.0000000000
21128  17.355  -44.465  10.358 0.0000000000
21114  17.309  -44.291  11.620 0.0000000000
22596  15.062  -42.084  11.983 0.0000000000
22599  12.167  -41.437  12.021 0.0000000000
22601  9.502  -40.927  12.004 0.0000000000
91835  8.556  -40.166  11.450 0.0000000000
21911  9.615  -42.634  10.618 0.0000000000
84847  9.663  -44.683  10.291 0.0000000000
19582  11.513  -46.503  10.508 0.0000000000
18127  12.402  -48.208  10.126 0.0000000000
17396  12.367  -48.930  8.900 0.0000000000
17426  13.105  -49.886  7.766 0.0000000000
79495  14.439  -49.780  7.426 0.0000000000
334  17.446  -83.822  19.637 0.0000000000
93995  17.272  -84.319  17.241 0.0000000000
80711  17.236  -83.084  18.231 0.0000000000
714  17.740  -81.197  17.515 0.0000000000
1031  16.281  -80.150  16.390 0.0000000000
1317  16.295  -79.199  19.695 0.0000000000
1333  15.752  -79.444  17.679 0.0000000000
1032  15.245  -80.471  16.339 0.0000000000
733  13.983  -82.182  16.017 0.0000000000
1817  13.790  -77.815  24.047 0.0000000000
1272  11.691  -79.450  24.696 0.0000000000
985  11.286  -80.867  22.269 0.0000000000
1574  10.663  -78.788  21.517 0.0000000000
996  9.720  -81.549  21.705 0.0000000000
699  10.367  -82.244  20.598 0.0000000000
4905  14.859  -69.435  18.212 0.0000000000
81366  13.840  -70.598  17.680 0.0000000000
3899  14.331  -71.613  16.552 0.0000000000
80059  9.176  -75.314  19.278 0.0000000000
3029  7.174  -75.559  17.616 0.0000000000
3019  8.756  -75.014  18.242 0.0000000000
3416  9.732  -73.655  18.435 0.0000000000
3891  10.688  -72.415  17.794 0.0000000000
76653  12.631  -72.181  16.252 0.0000000000
3906  14.153  -72.253  15.783 0.0000000000
3046  15.138  -73.731  14.687 0.0000000000
3056  14.242  -73.915  13.385 0.0000000000
7027  1.193  -64.629  25.592 0.0000000000
8201  1.758  -63.598  24.372 0.0000000000
8199  4.088  -63.094  23.921 0.0000000000
8954  5.509  -62.700  22.950 0.0000000000
9676  4.310  -62.132  21.812 0.0000000000
10268  4.555  -59.630  24.940 0.0000000000
9653  3.989  -60.740  23.087 0.0000000000
81762  1.995  -62.238  20.229 0.0000000000
8991  1.806  -61.501  19.368 0.0000000000
12263  8.562  -57.404  24.651 0.0000000000
12894  6.060  -56.327  24.300 0.0000000000
12945  24.382  -56.323  19.895 0.0000000000
79932  24.806  -56.114  19.353 0.0000000000
12961  25.055  -56.312  18.597 0.0000000000
12988  25.592  -56.249  17.661 0.0000000000
17260  23.933  -49.896  19.451 0.0000000000
16572  24.810  -51.051  19.775 0.0000000000
15357  25.683  -52.337  18.952 0.0000000000
14178  26.105  -54.632  17.642 0.0000000000
15378  28.933  -52.152  16.455 0.0000000000
20336  28.313  -45.416  14.471 0.0000000000
20319  29.912  -45.344  16.702 0.0000000000
21084  30.430  -44.178  15.496 0.0000000000
21085  30.456  -43.009  14.895 0.0000000000
21855  28.821  -43.148  15.785 0.0000000000
2064  29.298  -77.736  25.962 0.0000000000
1787  24.918  -77.800  28.611 0.0000000000
1517  26.680  -78.500  27.868 0.0000000000
676  24.537  -81.605  23.309 0.0000000000
486  22.662  -82.561  23.322 0.0000000000
478  20.414  -82.539  25.857 0.0000000000
313  20.247  -82.888  24.436 0.0000000000
318  21.249  -83.104  23.221 0.0000000000
86554  19.335  -84.026  21.952 0.0000000000
80974  17.663  -84.146  20.800 0.0000000000
62  18.996  -84.687  19.306 0.0000000000
742  21.193  -81.631  15.760 0.0000000000
524  20.205  -82.164  17.155 0.0000000000
93840  20.566  -83.801  17.604 0.0000000000
178  20.501  -84.105  18.942 0.0000000000
197  18.186  -85.013  15.239 0.0000000000
85  19.298  -85.501  14.046 0.0000000000
10  19.979  -85.967  12.040 0.0000000000
32  21.324  -86.582  9.502 0.0000000000
39  22.355  -86.242  8.450 0.0000000000
47  22.925  -85.844  6.725 0.0000000000
123  23.255  -85.346  5.621 0.0000000000
132  23.049  -85.246  3.695 0.0000000000
277  22.684  -84.709  1.646 0.0000000000
281  22.131  -84.375  0.610 0.0000000000
82364  22.409  -84.047  -1.107 0.0000000000
450  23.513  -83.253  -3.214 0.0000000000
82568  23.783  -82.440  -4.625 0.0000000000
81527  24.465  -81.125  -5.627 0.0000000000
1773  24.816  -79.265  -5.800 0.0000000000
1203  17.331  -80.391  -0.208 0.0000000000
883  18.059  -81.507  -1.547 0.0000000000
906  18.602  -81.464  -3.610 0.0000000000
76606  20.967  -80.535  -5.037 0.0000000000
1496  23.586  -79.657  -4.826 0.0000000000
1761  24.871  -78.512  -4.240 0.0000000000
82581  25.064  -77.923  -1.210 0.0000000000
80630  21.155  -71.497  0.361 0.0000000000
13105  2.151  -56.203  8.521 0.0000000000
12462  1.483  -57.416  8.236 0.0000000000
11164  1.650  -60.171  7.205 0.0000000000
9834  2.402  -61.345  5.174 0.0000000000
9823  1.478  -61.779  6.283 0.0000000000
9824  0.634  -61.622  7.674 0.0000000000
6279  2.761  -67.443  3.010 0.0000000000
6263  7.117  -67.149  5.774 0.0000000000
6763  5.631  -66.272  3.297 0.0000000000
6774  5.399  -66.495  2.853 0.0000000000
7283  7.281  -65.021  2.498 0.0000000000
7294  9.819  -64.969  1.610 0.0000000000
7293  10.478  -65.350  0.790 0.0000000000
89466  12.843  -52.634  7.796 0.0000000000
14284  11.414  -53.957  8.994 0.0000000000
91783  11.814  -55.381  9.760 0.0000000000
13681  12.961  -55.903  10.392 0.0000000000
12442  11.226  -57.177  9.701 0.0000000000
11804  11.684  -58.518  8.583 0.0000000000
10437  12.221  -59.888  8.194 0.0000000000
87637  13.516  -62.312  7.969 0.0000000000
84661  16.279  -61.706  7.635 0.0000000000
9141  15.093  -62.995  7.425 0.0000000000
8408  13.638  -63.830  7.004 0.0000000000
9187  12.959  -62.475  5.169 0.0000000000
88508  11.826  -61.056  3.946 0.0000000000
10513  10.521  -59.865  2.404 0.0000000000
11228  14.135  -57.726  1.144 0.0000000000
11881  11.477  -57.817  0.895 0.0000000000
86489  9.825  -59.661  0.699 0.0000000000
9892  9.977  -61.023  -0.093 0.0000000000
8495  11.151  -63.551  -0.232 0.0000000000
85071  12.209  -65.877  0.161 0.0000000000
7291  13.264  -66.025  0.492 0.0000000000
5776  14.579  -67.947  0.746 0.0000000000
82164  16.321  -68.298  1.112 0.0000000000
6290  16.372  -67.123  2.964 0.0000000000
92531  17.685  -68.448  1.551 0.0000000000
5757  18.294  -68.569  2.154 0.0000000000
84358  18.567  -85.323  17.924 0.0000000000
69  19.001  -85.469  17.218 0.0000000000
70  17.835  -85.338  17.384 0.0000000000
6540  3.114  -66.198  23.180 0.0000000000
6539  4.077  -66.377  22.932 0.0000000000
7055  3.686  -65.976  22.609 0.0000000000
7056  3.200  -65.525  22.783 0.0000000000
6329  11.494  -67.716  -0.094 0.0000000000
5817  12.338  -68.821  -1.753 0.0000000000
5806  12.285  -68.553  -1.344 0.0000000000
6328  12.109  -67.580  -0.189 0.0000000000
16745  10.957  -49.036  5.741 0.0000000000
16732  10.497  -49.816  5.941 0.0000000000
16731  11.322  -49.877  5.889 0.0000000000
267  26.010  -84.070  4.572 0.0000000000
595  25.304  -82.841  4.530 0.0000000000
597  25.330  -83.405  3.660 0.0000000000
84082  24.432  -83.096  3.108 0.0000000000
415  24.939  -83.713  2.908 0.0000000000
82828  9.078  -43.780  12.758 0.0000000000
20360  8.703  -44.653  12.959 0.0000000000
21870  7.641  -42.187  12.720 0.0000000000
21882  8.412  -42.376  12.961 0.0000000000
22617  21.535  -42.688  10.518 0.0000000000
22689  14.952  -42.829  6.737 0.0000000000
1543  17.054  -78.443  24.921 0.0000000000
1544  16.356  -78.407  24.659 0.0000000000
1805  16.704  -78.002  24.480 0.0000000000
2690  15.071  -74.332  17.354 0.0000000000
2388  13.735  -75.254  17.794 0.0000000000
2387  14.422  -74.874  17.153 0.0000000000
2392  13.729  -75.400  16.853 0.0000000000
2700  15.956  -73.969  15.953 0.0000000000
77822  2.018  -72.380  13.232 0.0000000000
77849  2.544  -71.729  13.930 0.0000000000
10266  10.523  -60.211  25.066 0.0000000000
84402  9.243  -60.055  25.743 0.0000000000
10920  8.972  -59.348  25.771 0.0000000000
11595  7.575  -58.277  25.840 0.0000000000
1554  18.681  -77.874  24.020 0.0000000000
1541  19.660  -78.650  24.900 0.0000000000
1542  18.848  -78.431  24.733 0.0000000000
1534  17.889  -78.807  25.400 0.0000000000
3132  19.830  -73.586  2.705 0.0000000000
85751  20.123  -74.162  2.230 0.0000000000
3131  20.394  -73.519  2.030 0.0000000000
3142  20.812  -73.588  1.233 0.0000000000
3545  20.663  -72.659  1.668 0.0000000000
76706  3.727  -55.626  12.661 0.0000000000
13057  2.704  -55.447  12.149 0.0000000000
90643  3.646  -55.792  11.371 0.0000000000
9145  10.543  -62.901  7.714 0.0000000000
85844  9.815  -63.104  7.633 0.0000000000
8389  11.477  -63.816  7.583 0.0000000000
8411  11.333  -64.710  7.254 0.0000000000
8410  12.089  -64.444  7.162 0.0000000000
728  23.307  -81.973  15.965 0.0000000000
88311  24.703  -83.376  16.464 0.0000000000
344  24.233  -83.756  16.268 0.0000000000
98  22.128  -85.164  11.817 0.0000000000
90848  22.576  -83.849  11.156 0.0000000000
99  22.998  -85.270  9.903 0.0000000000
106  22.508  -86.073  9.987 0.0000000000
5518  17.124  -68.840  18.557 0.0000000000
4902  17.273  -69.569  18.307 0.0000000000
5504  4.702  -68.682  19.969 0.0000000000
5487  5.460  -69.342  20.413 0.0000000000
5505  3.044  -68.854  20.036 0.0000000000
87275  2.593  -69.829  20.305 0.0000000000
6057  2.003  -67.961  19.635 0.0000000000
5507  0.979  -67.836  19.292 0.0000000000
6070  3.000  -67.108  19.078 0.0000000000
8269  3.872  -63.286  18.145 0.0000000000
8286  3.636  -63.619  16.444 0.0000000000
8278  3.178  -63.138  17.429 0.0000000000
9007  2.513  -62.785  18.581 0.0000000000
9662  18.829  -61.011  22.733 0.0000000000
10305  16.627  -60.322  22.450 0.0000000000
11012  17.161  -58.936  19.922 0.0000000000
11667  16.589  -58.778  20.370 0.0000000000
12325  16.256  -57.396  20.185 0.0000000000
11675  16.816  -58.061  19.763 0.0000000000
11672  22.437  -58.720  19.290 0.0000000000
12333  23.532  -57.747  19.441 0.0000000000
4045  15.933  -71.376  -1.680 0.0000000000
4555  16.845  -70.948  -1.237 0.0000000000
87047  17.561  -70.427  -0.790 0.0000000000
4574  17.479  -70.176  -1.894 0.0000000000
6335  18.433  -65.627  -3.587 0.0000000000
5802  18.313  -66.678  -1.760 0.0000000000
5789  18.566  -67.650  -0.391 0.0000000000
94008  6.405  -52.420  9.322 0.0000000000
14852  6.100  -53.041  9.015 0.0000000000
14870  6.167  -52.864  8.343 0.0000000000
13709  9.811  -55.678  8.521 0.0000000000
13111  9.355  -56.146  7.679 0.0000000000
13103  9.778  -56.582  8.299 0.0000000000
12473  9.503  -57.087  7.697 0.0000000000
12458  10.127  -57.381  8.363 0.0000000000
24051  25.277  -40.737  12.877 0.0000000000
23330  24.875  -41.176  12.267 0.0000000000
1929  24.820  -77.737  9.128 0.0000000000
81630  23.904  -77.785  7.047 0.0000000000
425  24.382  -82.526  -0.902 0.0000000000
616  24.272  -82.008  -0.029 0.0000000000
429  24.677  -82.809  -1.232 0.0000000000
437  24.802  -82.894  -1.617 0.0000000000
443  24.329  -83.444  -2.054 0.0000000000
5747  5.132  -69.509  1.572 0.0000000000
5746  6.713  -69.449  2.227 0.0000000000
5765  6.000  -68.393  2.019 0.0000000000
6307  6.790  -67.429  2.511 0.0000000000
17332  2.961  -48.611  14.090 0.0000000000
17308  3.339  -48.806  14.719 0.0000000000
16649  2.407  -49.657  13.636 0.0000000000
16088  2.535  -50.657  13.323 0.0000000000
16667  2.596  -50.421  12.848 0.0000000000
16086  3.756  -51.023  12.390 0.0000000000
17351  3.989  -48.694  13.319 0.0000000000
19585  8.570  -45.910  10.638 0.0000000000
18831  8.424  -47.244  11.084 0.0000000000
19563  8.941  -46.754  10.810 0.0000000000
18853  9.952  -47.019  10.872 0.0000000000
22664  17.638  -42.029  8.043 0.0000000000
22648  17.424  -42.834  8.447 0.0000000000
21130  15.898  -43.139  10.082 0.0000000000
21907  14.874  -42.361  10.396 0.0000000000
22619  14.220  -41.197  10.469 0.0000000000
21908  13.265  -41.794  10.444 0.0000000000
85706  13.908  -42.806  10.290 0.0000000000
18871  15.006  -47.050  9.446 0.0000000000
18883  15.322  -47.770  8.784 0.0000000000
91323  16.822  -82.316  22.202 0.0000000000
81055  17.094  -81.964  21.080 0.0000000000
686  16.756  -81.694  21.683 0.0000000000
993  12.508  -80.802  20.754 0.0000000000
91487  12.485  -81.003  19.884 0.0000000000
705  11.612  -82.367  18.600 0.0000000000
698  11.236  -82.113  20.103 0.0000000000
93546  14.059  -75.979  21.781 0.0000000000
1840  13.130  -76.851  22.497 0.0000000000
2117  12.537  -76.887  22.000 0.0000000000
3406  7.010  -73.361  18.958 0.0000000000
3398  6.960  -73.664  19.452 0.0000000000
3417  6.651  -73.834  18.426 0.0000000000
77774  7.185  -75.536  13.268 0.0000000000
77540  8.184  -75.208  15.189 0.0000000000
89098  8.905  -74.569  15.187 0.0000000000
83794  10.105  -73.439  15.323 0.0000000000
88744  9.473  -74.043  14.500 0.0000000000
76663  10.242  -73.665  13.553 0.0000000000
88805  9.548  -74.232  12.814 0.0000000000
10880  3.067  -59.110  28.573 0.0000000000
9574  4.548  -60.738  29.591 0.0000000000
10227  2.124  -59.141  28.653 0.0000000000
10228  1.384  -59.727  28.593 0.0000000000
10240  2.238  -59.428  27.815 0.0000000000
9598  3.549  -60.296  26.820 0.0000000000
10239  3.230  -59.102  27.292 0.0000000000
11645  2.270  -57.517  23.565 0.0000000000
80869  10.323  -55.556  23.642 0.0000000000
79592  9.039  -55.856  23.558 0.0000000000
15980  24.857  -51.650  20.208 0.0000000000
15347  25.287  -52.338  19.773 0.0000000000
17268  26.200  -49.703  18.334 0.0000000000
16577  26.112  -50.649  18.460 0.0000000000
15369  26.561  -52.111  17.897 0.0000000000
16010  26.992  -51.535  17.700 0.0000000000
94098  27.825  -52.906  16.947 0.0000000000
16009  27.870  -51.555  17.383 0.0000000000
17280  29.491  -48.962  16.411 0.0000000000
17291  29.519  -49.606  16.054 0.0000000000
21828  25.052  -43.167  18.471 0.0000000000
22551  24.477  -42.354  18.222 0.0000000000
654  22.932  -80.390  28.286 0.0000000000
945  23.665  -80.520  28.233 0.0000000000
658  23.993  -81.044  27.338 0.0000000000
951  24.872  -80.884  27.227 0.0000000000
665  23.394  -81.580  26.606 0.0000000000
666  22.480  -81.700  26.796 0.0000000000
484  16.087  -82.860  24.860 0.0000000000
151  16.587  -84.039  24.985 0.0000000000
163  15.389  -84.086  23.553 0.0000000000
324  16.150  -84.247  22.755 0.0000000000
92958  23.215  -82.825  20.903 0.0000000000
331  21.789  -83.488  20.486 0.0000000000
320  22.311  -83.237  21.872 0.0000000000
745  17.048  -81.190  15.065 0.0000000000
545  17.621  -82.058  14.409 0.0000000000
767  17.296  -82.080  13.692 0.0000000000
456  17.035  -82.354  -3.968 0.0000000000
454  19.308  -82.500  -3.416 0.0000000000
648  20.628  -81.506  -4.081 0.0000000000
639  19.423  -81.323  -3.975 0.0000000000
1478  21.580  -79.346  -0.561 0.0000000000
81434  20.940  -79.743  -0.472 0.0000000000
93662  22.422  -80.101  -1.933 0.0000000000
1477  22.439  -78.962  -0.744 0.0000000000
1751  23.267  -78.428  -1.143 0.0000000000
1743  22.805  -78.113  -0.194 0.0000000000
4553  21.556  -69.784  -1.893 0.0000000000
4552  22.276  -68.009  -3.621 0.0000000000
11842  4.508  -58.639  3.943 0.0000000000
11827  3.546  -58.597  4.444 0.0000000000
11185  4.355  -59.519  3.767 0.0000000000
7777  5.200  -64.533  7.158 0.0000000000
7778  3.941  -64.536  6.472 0.0000000000
7230  4.552  -65.322  6.855 0.0000000000
7231  3.492  -65.276  6.654 0.0000000000
83285  4.954  -66.072  6.991 0.0000000000
6729  4.394  -66.864  7.045 0.0000000000
6728  5.280  -66.763  6.851 0.0000000000
9199  8.420  -61.550  3.681 0.0000000000
9192  7.265  -62.523  3.943 0.0000000000
9200  7.695  -61.927  3.510 0.0000000000
9209  7.732  -62.036  2.914 0.0000000000
9873  9.377  -61.165  2.429 0.0000000000
11781  15.757  -58.693  9.261 0.0000000000
11800  15.198  -59.283  8.996 0.0000000000
86760  15.885  -59.273  8.763 0.0000000000
10493  17.712  -60.830  3.685 0.0000000000
9859  16.278  -61.273  3.811 0.0000000000
10495  15.879  -60.600  3.121 0.0000000000
10496  14.951  -60.120  3.474 0.0000000000
10511  15.274  -59.787  2.586 0.0000000000
93838  13.922  -59.827  -0.359 0.0000000000
88613  13.758  -61.668  -0.478 0.0000000000
8513  14.339  -63.228  -0.650 0.0000000000
338  21.043  -83.889  16.798 0.0000000000
87972  21.603  -84.294  16.026 0.0000000000
3  20.734  -85.659  14.724 0.0000000000
84  21.714  -85.374  14.590 0.0000000000
2  21.104  -85.541  13.934 0.0000000000
4  21.706  -85.105  12.985 0.0000000000
6  20.646  -85.630  13.415 0.0000000000
5441  6.950  -68.101  23.844 0.0000000000
6009  5.898  -67.847  24.096 0.0000000000
6551  7.032  -66.735  21.837 0.0000000000
6563  7.089  -66.720  21.045 0.0000000000
6573  7.024  -66.919  20.130 0.0000000000
6582  6.694  -66.534  19.447 0.0000000000
87703  6.862  -66.222  19.935 0.0000000000
7619  5.849  -64.704  21.557 0.0000000000
7629  6.468  -64.633  20.247 0.0000000000
8247  6.034  -63.817  20.657 0.0000000000
10966  19.867  -59.428  22.463 0.0000000000
10316  18.830  -59.900  21.945 0.0000000000
11640  20.370  -58.790  22.460 0.0000000000
10980  20.100  -59.117  21.742 0.0000000000
87804  20.088  -59.253  20.283 0.0000000000
12925  22.548  -56.723  21.757 0.0000000000
12324  21.883  -58.176  20.882 0.0000000000
12947  23.008  -57.085  20.978 0.0000000000
12924  23.251  -56.277  21.416 0.0000000000
5182  11.548  -69.678  -0.156 0.0000000000
4038  12.448  -71.146  -0.198 0.0000000000
4557  12.214  -69.904  -0.641 0.0000000000
4595  13.223  -69.130  -3.405 0.0000000000
4577  13.782  -70.139  -3.091 0.0000000000
4576  14.824  -70.982  -2.973 0.0000000000
4594  14.601  -70.036  -3.757 0.0000000000
4605  16.206  -69.706  -4.062 0.0000000000
4607  14.593  -69.114  -4.229 0.0000000000
85440  14.834  -68.092  -3.060 0.0000000000
5819  15.253  -68.173  -3.623 0.0000000000
5814  15.211  -67.978  -2.096 0.0000000000
5804  16.552  -67.273  -2.220 0.0000000000
16129  7.991  -50.515  8.220 0.0000000000
16130  7.570  -51.274  7.837 0.0000000000
16140  8.689  -50.884  7.320 0.0000000000
15493  10.182  -51.274  7.161 0.0000000000
15483  9.739  -52.061  7.697 0.0000000000
91958  10.200  -52.756  8.232 0.0000000000
84520  9.719  -54.017  8.307 0.0000000000
14868  10.350  -53.590  8.537 0.0000000000
22578  29.113  -42.749  14.473 0.0000000000
22583  28.451  -42.094  14.453 0.0000000000
24739  26.083  -40.070  14.371 0.0000000000
84635  25.842  -41.039  13.494 0.0000000000
588  25.757  -81.528  7.097 0.0000000000
590  26.257  -81.232  7.019 0.0000000000
824  26.180  -81.148  6.336 0.0000000000
1127  25.004  -80.188  6.366 0.0000000000
1135  24.242  -79.933  5.650 0.0000000000
1415  24.189  -79.274  6.534 0.0000000000
1136  23.344  -79.751  4.857 0.0000000000
94222  23.355  -78.962  4.799 0.0000000000
1144  22.702  -80.742  4.601 0.0000000000
599  22.358  -81.738  2.600 0.0000000000
92258  6.191  -46.435  13.539 0.0000000000
18793  5.646  -47.056  13.647 0.0000000000
80704  5.835  -46.160  13.222 0.0000000000
19539  5.560  -46.726  13.110 0.0000000000
82716  6.095  -45.537  13.005 0.0000000000
22603  7.250  -41.347  12.149 0.0000000000
21893  7.228  -42.804  11.935 0.0000000000
21116  7.504  -43.836  11.437 0.0000000000
21892  7.723  -42.771  11.355 0.0000000000
21111  22.365  -44.294  11.433 0.0000000000
21112  21.521  -44.663  11.247 0.0000000000
81361  20.002  -44.619  10.676 0.0000000000
23407  14.786  -41.276  8.588 0.0000000000
23392  14.932  -41.985  8.986 0.0000000000
21158  15.529  -43.510  8.758 0.0000000000
21157  16.015  -44.517  8.916 0.0000000000
679  14.973  -81.172  24.060 0.0000000000
964  15.144  -80.560  24.531 0.0000000000
1564  14.841  -78.612  23.696 0.0000000000
1289  14.549  -78.964  23.379 0.0000000000
88391  13.428  -80.054  22.701 0.0000000000
975  13.365  -79.845  23.723 0.0000000000
2138  12.473  -76.217  19.866 0.0000000000
2137  13.073  -75.725  19.400 0.0000000000
85308  11.590  -77.516  17.859 0.0000000000
1590  11.123  -78.172  17.757 0.0000000000
1591  10.494  -78.908  17.724 0.0000000000
1597  10.981  -78.533  16.920 0.0000000000
78830  13.008  -76.354  15.727 0.0000000000
85658  12.488  -77.073  15.642 0.0000000000
88956  3.887  -73.373  16.739 0.0000000000
76632  5.062  -73.479  17.220 0.0000000000
92133  3.483  -74.870  13.268 0.0000000000
94678  4.546  -75.614  13.134 0.0000000000
77850  6.841  -75.281  10.469 0.0000000000
8897  9.569  -62.159  25.341 0.0000000000
10890  7.309  -59.554  27.044 0.0000000000
10238  7.625  -60.451  26.915 0.0000000000
10891  6.599  -59.520  27.939 0.0000000000
10211  5.890  -59.581  28.660 0.0000000000
84583  5.693  -58.572  28.155 0.0000000000
11567  4.624  -57.623  27.960 0.0000000000
11566  5.575  -57.894  27.669 0.0000000000
12248  5.431  -56.959  25.748 0.0000000000
12239  5.414  -57.180  26.632 0.0000000000
80680  5.071  -56.730  24.954 0.0000000000
18014  25.076  -48.548  18.804 0.0000000000
86257  25.957  -48.327  18.252 0.0000000000
18752  26.234  -47.388  18.325 0.0000000000
80870  27.128  -47.033  18.039 0.0000000000
19511  28.114  -46.670  17.720 0.0000000000
82048  25.203  -44.778  18.516 0.0000000000
21053  24.837  -43.944  18.508 0.0000000000
1539  21.989  -78.392  24.700 0.0000000000
1531  22.709  -78.349  25.440 0.0000000000
80777  21.305  -78.734  25.326 0.0000000000
1257  20.135  -79.481  26.010 0.0000000000
1249  20.614  -79.792  26.749 0.0000000000
947  20.456  -80.431  27.501 0.0000000000
946  21.409  -80.074  27.921 0.0000000000
94302  19.202  -81.534  27.538 0.0000000000
952  19.362  -80.801  27.209 0.0000000000
960  16.061  -80.378  25.785 0.0000000000
955  16.636  -81.196  26.174 0.0000000000
671  15.859  -81.303  25.714 0.0000000000
93349  15.975  -81.837  26.074 0.0000000000
3133  17.100  -73.104  3.111 0.0000000000
3124  17.478  -73.789  3.601 0.0000000000
2245  18.806  -76.800  3.047 0.0000000000
2233  19.129  -76.013  3.353 0.0000000000
1997  18.401  -77.438  2.607 0.0000000000
1705  17.202  -78.218  2.742 0.0000000000
1721  17.646  -78.431  1.854 0.0000000000
1464  17.610  -78.785  1.146 0.0000000000
1720  18.329  -78.332  1.347 0.0000000000
2257  19.661  -76.655  0.003 0.0000000000
1719  19.701  -78.023  0.970 0.0000000000
2014  19.741  -77.119  0.034 0.0000000000
1734  20.595  -78.237  0.868 0.0000000000
93847  20.077  -77.196  -0.243 0.0000000000
2013  20.653  -76.753  -0.361 0.0000000000
2514  20.600  -75.856  -0.635 0.0000000000
3151  21.561  -73.795  0.045 0.0000000000
3577  21.443  -72.622  -1.578 0.0000000000
12424  0.990  -57.382  10.489 0.0000000000
10456  5.802  -60.780  6.644 0.0000000000
88003  6.589  -60.973  7.258 0.0000000000
8392  8.398  -63.350  7.598 0.0000000000
9147  7.589  -63.080  7.600 0.0000000000
8393  7.719  -63.954  7.579 0.0000000000
89217  6.854  -64.082  7.545 0.0000000000
7775  7.328  -64.832  7.515 0.0000000000
7228  7.787  -65.856  7.437 0.0000000000
7226  9.402  -65.922  7.234 0.0000000000
7806  11.551  -64.713  6.191 0.0000000000
7807  10.785  -64.947  5.768 0.0000000000
8422  11.048  -64.018  5.555 0.0000000000
8433  10.133  -63.009  4.986 0.0000000000
1039  25.415  -80.620  15.543 0.0000000000
1028  26.245  -81.033  15.853 0.0000000000
726  25.485  -81.338  15.897 0.0000000000
184  26.426  -83.922  16.373 0.0000000000
88422  26.190  -83.493  16.323 0.0000000000
193  26.807  -84.157  15.000 0.0000000000
200  27.316  -84.110  14.290 0.0000000000
91787  26.089  -84.421  13.696 0.0000000000
356  22.877  -83.566  14.331 0.0000000000
91471  23.383  -83.576  14.930 0.0000000000
355  23.471  -83.600  14.015 0.0000000000
82847  23.845  -83.411  10.925 0.0000000000
219  24.214  -83.559  12.226 0.0000000000
228  24.670  -83.763  10.910 0.0000000000
227  25.615  -84.265  11.185 0.0000000000
86198  25.178  -84.028  10.157 0.0000000000
79944  24.738  -82.924  9.417 0.0000000000
240  24.604  -83.246  9.517 0.0000000000
116  24.369  -84.511  7.580 0.0000000000
247  24.146  -83.849  8.157 0.0000000000
118  24.445  -84.313  6.929 0.0000000000
260  25.159  -84.160  6.367 0.0000000000
81959  24.395  -84.454  6.314 0.0000000000
24077  20.978  -40.796  9.191 0.0000000000
24125  18.900  -40.377  7.253 0.0000000000
23405  19.200  -40.963  7.793 0.0000000000
24828  16.644  -38.636  5.781 0.0000000000
24814  15.751  -38.976  6.368 0.0000000000
24815  14.607  -39.146  6.914 0.0000000000
25561  14.135  -37.663  4.936 0.0000000000
25529  14.063  -38.507  5.883 0.0000000000
25549  14.070  -38.408  5.289 0.0000000000
94086  13.972  -39.809  5.345 0.0000000000
24842  14.463  -38.633  4.399 0.0000000000
1826  19.351  -77.433  22.208 0.0000000000
1827  18.401  -77.277  22.553 0.0000000000
1838  18.840  -77.126  21.691 0.0000000000
2127  18.161  -75.947  20.794 0.0000000000
94896  17.461  -75.586  20.999 0.0000000000
2353  16.789  -75.542  21.334 0.0000000000
84749  17.796  -75.234  20.422 0.0000000000
3412  18.409  -71.959  19.014 0.0000000000
3005  18.331  -73.197  19.651 0.0000000000
2665  16.502  -74.311  20.770 0.0000000000
2678  16.491  -73.403  20.393 0.0000000000
2667  14.955  -74.312  20.312 0.0000000000
90530  16.559  -72.675  19.748 0.0000000000
3889  16.797  -71.622  17.838 0.0000000000
3017  16.271  -72.457  18.926 0.0000000000
3026  16.074  -72.758  17.522 0.0000000000
3898  16.386  -72.298  17.304 0.0000000000
77444  8.436  -72.087  23.194 0.0000000000
88992  7.846  -72.668  22.147 0.0000000000
5471  8.339  -68.574  22.319 0.0000000000
84449  8.271  -69.939  22.693 0.0000000000
4865  8.097  -69.396  21.493 0.0000000000
84318  5.630  -70.344  20.675 0.0000000000
84680  6.644  -70.257  20.793 0.0000000000
3854  6.954  -71.368  19.818 0.0000000000
4344  4.462  -71.171  20.065 0.0000000000
3880  4.433  -72.166  18.708 0.0000000000
3867  3.908  -71.635  19.505 0.0000000000
4355  1.871  -70.609  19.433 0.0000000000
3869  2.092  -71.225  19.085 0.0000000000
4356  2.029  -71.178  18.657 0.0000000000
4381  2.318  -71.546  16.841 0.0000000000
4940  2.395  -70.169  17.738 0.0000000000
4922  1.853  -69.310  18.625 0.0000000000
6090  0.721  -66.818  18.143 0.0000000000
6089  1.297  -67.261  17.681 0.0000000000
6612  5.187  -65.727  17.673 0.0000000000
6613  3.674  -65.709  17.572 0.0000000000
86890  4.501  -65.224  16.947 0.0000000000
94057  14.368  -60.101  23.543 0.0000000000
10284  13.750  -60.552  23.712 0.0000000000
10285  13.030  -60.218  23.914 0.0000000000
10937  11.375  -59.020  24.110 0.0000000000
10955  12.356  -59.023  23.705 0.0000000000
11625  13.998  -58.543  23.282 0.0000000000
11626  12.544  -58.267  23.296 0.0000000000
12299  12.646  -57.364  22.760 0.0000000000
10319  16.773  -59.880  21.724 0.0000000000
10983  16.361  -59.417  21.610 0.0000000000
12326  15.733  -57.792  21.017 0.0000000000
12296  15.164  -57.793  21.867 0.0000000000
12308  14.430  -57.211  21.766 0.0000000000
12917  13.463  -55.886  22.452 0.0000000000
11010  20.035  -59.236  19.463 0.0000000000
78201  20.983  -59.200  19.035 0.0000000000
11025  21.187  -59.212  18.154 0.0000000000
11688  24.060  -58.368  17.485 0.0000000000
12349  24.712  -57.552  17.753 0.0000000000
88628  19.871  -77.625  22.793 0.0000000000
2810  9.250  -75.505  -0.968 0.0000000000
87200  12.956  -75.124  -1.205 0.0000000000
82211  11.925  -73.465  -1.104 0.0000000000
3580  13.671  -73.057  -1.030 0.0000000000
3166  14.756  -73.554  -0.812 0.0000000000
3154  15.381  -73.560  -0.031 0.0000000000
3153  15.947  -73.143  0.963 0.0000000000
3560  16.075  -72.461  0.454 0.0000000000
81208  17.348  -71.045  0.966 0.0000000000
4015  17.572  -71.207  1.861 0.0000000000
4014  18.440  -71.039  2.082 0.0000000000
4522  19.063  -70.530  1.551 0.0000000000
82798  18.812  -70.163  0.722 0.0000000000
5181  19.426  -69.792  -0.034 0.0000000000
5194  19.663  -69.013  -1.379 0.0000000000
5214  18.039  -68.275  -4.137 0.0000000000
5208  17.826  -69.344  -3.093 0.0000000000
5818  18.546  -66.785  -4.233 0.0000000000
5811  20.058  -65.215  -4.091 0.0000000000
5812  19.298  -66.205  -4.265 0.0000000000
5810  20.900  -65.343  -4.358 0.0000000000
6332  21.317  -65.145  -3.313 0.0000000000
5773  19.966  -67.973  0.231 0.0000000000
13069  7.167  -56.180  10.491 0.0000000000
13070  6.616  -56.595  9.880 0.0000000000
13700  7.203  -56.077  9.519 0.0000000000
91580  5.876  -55.455  7.284 0.0000000000
85287  5.801  -55.914  7.995 0.0000000000
13113  5.558  -56.450  5.964 0.0000000000
12489  5.231  -57.182  5.281 0.0000000000
13124  5.903  -56.583  4.806 0.0000000000
14890  7.118  -53.610  6.203 0.0000000000
14889  7.961  -53.618  5.769 0.0000000000
12497  7.887  -56.335  5.191 0.0000000000
12499  6.372  -57.130  4.505 0.0000000000
11839  6.857  -57.534  5.037 0.0000000000
11172  7.170  -59.197  6.296 0.0000000000
11825  7.652  -58.261  6.046 0.0000000000
93865  10.020  -59.029  7.757 0.0000000000
85722  8.981  -59.334  7.253 0.0000000000
11161  9.750  -59.486  7.612 0.0000000000
10451  10.204  -60.225  7.726 0.0000000000
89786  10.949  -60.085  7.914 0.0000000000
21094  26.546  -44.206  13.535 0.0000000000
21101  24.450  -44.090  12.185 0.0000000000
21875  23.990  -43.399  11.768 0.0000000000
89724  23.360  -42.228  11.123 0.0000000000
24069  22.739  -40.607  10.458 0.0000000000
1107  26.687  -80.691  8.900 0.0000000000
1683  22.108  -77.998  3.032 0.0000000000
1682  22.893  -78.103  3.810 0.0000000000
1446  22.290  -77.933  2.038 0.0000000000
90869  24.588  -80.991  1.823 0.0000000000
85154  25.242  -81.524  1.399 0.0000000000
643  25.654  -82.091  -3.533 0.0000000000
913  26.477  -81.681  -3.520 0.0000000000
919  25.963  -81.417  -4.133 0.0000000000
923  27.016  -80.438  -4.969 0.0000000000
924  26.242  -80.858  -5.063 0.0000000000
5762  9.040  -69.015  2.407 0.0000000000
5157  9.895  -69.853  2.073 0.0000000000
83943  10.527  -69.916  0.846 0.0000000000
5172  10.008  -69.437  1.469 0.0000000000
6305  9.153  -67.462  2.414 0.0000000000
94787  10.000  -67.123  2.120 0.0000000000
84673  10.560  -66.445  1.945 0.0000000000
83800  4.403  -53.063  13.110 0.0000000000
14820  4.645  -53.794  13.719 0.0000000000
13667  5.987  -54.903  12.948 0.0000000000
14237  6.283  -54.395  12.414 0.0000000000
13666  6.795  -54.901  12.015 0.0000000000
15445  5.992  -52.630  11.797 0.0000000000
83577  6.456  -51.986  11.614 0.0000000000
14827  7.668  -52.809  10.826 0.0000000000
16095  7.445  -51.793  11.425 0.0000000000
18818  5.729  -47.696  12.180 0.0000000000
18094  5.727  -48.556  12.137 0.0000000000
18108  6.582  -48.443  11.603 0.0000000000
17363  8.370  -49.811  11.589 0.0000000000
17364  7.270  -49.506  11.656 0.0000000000
16677  8.899  -50.824  11.386 0.0000000000
16112  9.257  -51.160  10.349 0.0000000000
16676  9.682  -50.798  11.000 0.0000000000
17384  10.667  -49.540  10.709 0.0000000000
17398  10.788  -49.714  9.810 0.0000000000
79108  11.209  -48.446  7.478 0.0000000000
17397  11.515  -49.199  9.030 0.0000000000
85929  11.904  -42.793  12.361 0.0000000000
23376  19.992  -41.911  9.004 0.0000000000
22635  19.682  -42.723  9.210 0.0000000000
21925  18.310  -43.840  9.119 0.0000000000
21126  18.904  -44.743  10.243 0.0000000000
21129  16.569  -43.775  10.438 0.0000000000
21115  16.606  -43.635  11.608 0.0000000000
21890  16.135  -43.302  12.062 0.0000000000
21891  15.397  -42.490  11.685 0.0000000000
23345  12.639  -39.631  11.289 0.0000000000
23332  13.196  -39.757  11.430 0.0000000000
23334  11.774  -40.872  11.576 0.0000000000
23335  10.824  -41.369  11.866 0.0000000000
23347  10.466  -41.519  11.762 0.0000000000
22609  8.953  -40.213  11.734 0.0000000000
92206  11.495  -42.926  10.535 0.0000000000
22623  10.065  -41.788  10.922 0.0000000000
21910  10.674  -42.771  10.602 0.0000000000
85703  10.159  -43.804  10.384 0.0000000000
19579  14.353  -45.237  9.901 0.0000000000
89533  13.017  -46.728  10.095 0.0000000000
80747  12.901  -46.038  10.191 0.0000000000
79897  12.156  -45.961  10.392 0.0000000000
93200  11.628  -45.903  10.451 0.0000000000
18851  11.872  -47.539  10.503 0.0000000000
18850  12.720  -47.427  10.155 0.0000000000
18157  13.857  -48.656  8.682 0.0000000000
18144  12.744  -48.503  9.474 0.0000000000
17395  13.107  -48.812  8.799 0.0000000000
17412  12.597  -49.219  8.100 0.0000000000
17411  13.449  -49.264  8.161 0.0000000000
17425  13.771  -49.978  7.639 0.0000000000
80885  17.233  -83.350  20.058 0.0000000000
81374  17.256  -83.268  19.245 0.0000000000
1004  17.625  -80.580  19.096 0.0000000000
704  17.773  -81.240  18.526 0.0000000000
1011  17.721  -80.528  18.142 0.0000000000
1020  17.512  -80.538  17.293 0.0000000000
1332  16.594  -79.514  17.510 0.0000000000
1294  15.888  -79.356  21.512 0.0000000000
992  16.438  -79.969  21.272 0.0000000000
1304  15.698  -79.135  20.641 0.0000000000
1021  13.897  -80.395  18.062 0.0000000000
1326  14.865  -79.669  18.320 0.0000000000
1343  14.847  -80.263  16.859 0.0000000000
87187  14.271  -80.474  17.220 0.0000000000
1033  14.289  -81.070  16.587 0.0000000000
512  12.122  -84.142  17.687 0.0000000000
735  12.651  -83.536  17.109 0.0000000000
1829  16.361  -77.165  23.079 0.0000000000
1815  15.772  -77.617  23.920 0.0000000000
1566  11.057  -78.959  23.850 0.0000000000
1559  11.985  -78.888  24.681 0.0000000000
1281  11.337  -79.656  24.206 0.0000000000
977  11.308  -80.279  23.304 0.0000000000
986  10.652  -80.540  22.560 0.0000000000
1848  11.581  -77.922  20.727 0.0000000000
1575  10.174  -79.172  20.947 0.0000000000
1007  9.172  -81.322  20.837 0.0000000000
700  9.581  -81.814  20.689 0.0000000000
691  9.930  -82.084  21.458 0.0000000000
707  9.786  -81.980  19.544 0.0000000000
77547  12.193  -71.012  18.356 0.0000000000
88973  13.151  -71.065  17.591 0.0000000000
93494  14.373  -71.033  17.097 0.0000000000
77851  13.659  -71.297  17.091 0.0000000000
88987  6.529  -76.887  21.239 0.0000000000
2682  6.417  -75.968  18.732 0.0000000000
2669  6.364  -76.439  19.395 0.0000000000
3009  8.541  -75.479  18.581 0.0000000000
76628  5.984  -75.666  17.205 0.0000000000
77786  6.307  -75.363  17.737 0.0000000000
77923  6.554  -75.663  17.114 0.0000000000
3028  8.348  -75.279  17.210 0.0000000000
3027  9.086  -74.482  17.786 0.0000000000
3427  9.980  -73.195  17.650 0.0000000000
3415  10.491  -72.635  18.439 0.0000000000
77876  11.309  -72.405  16.507 0.0000000000
93586  11.898  -72.374  16.045 0.0000000000
76658  13.245  -72.453  15.511 0.0000000000
3440  14.771  -72.786  15.111 0.0000000000
3441  13.788  -72.740  14.679 0.0000000000
3450  12.531  -72.997  13.296 0.0000000000
3449  13.244  -73.029  13.350 0.0000000000
8868  4.386  -62.306  29.384 0.0000000000
78754  0.635  -62.616  27.421 0.0000000000
8177  0.855  -62.914  25.831 0.0000000000
8202  1.210  -63.437  25.123 0.0000000000
8176  1.538  -62.775  25.193 0.0000000000
8200  2.811  -63.334  24.008 0.0000000000
8920  2.345  -62.815  24.624 0.0000000000
91788  5.229  -61.565  24.395 0.0000000000
8918  4.864  -62.223  24.460 0.0000000000
8942  5.261  -62.269  23.705 0.0000000000
9665  5.272  -62.277  22.530 0.0000000000
9652  5.249  -61.802  23.103 0.0000000000
10923  3.939  -59.103  25.573 0.0000000000
10940  3.110  -58.264  25.102 0.0000000000
10308  1.458  -59.763  22.720 0.0000000000
10288  2.152  -59.707  23.470 0.0000000000
9667  2.286  -60.588  22.275 0.0000000000
9677  2.422  -61.486  21.494 0.0000000000
79552  1.958  -61.350  21.067 0.0000000000
9692  1.987  -61.450  20.299 0.0000000000
12261  10.280  -57.697  24.715 0.0000000000
12262  9.548  -57.423  24.821 0.0000000000
12910  6.847  -55.630  23.206 0.0000000000
12893  6.835  -56.454  24.009 0.0000000000
12911  5.929  -55.786  23.500 0.0000000000
12912  5.396  -56.081  23.165 0.0000000000
13530  5.678  -55.461  22.518 0.0000000000
14144  24.758  -54.901  20.438 0.0000000000
13577  24.820  -55.580  19.852 0.0000000000
85648  25.493  -54.985  18.835 0.0000000000
13593  25.510  -55.543  18.343 0.0000000000
14179  25.736  -54.790  18.198 0.0000000000
15989  25.305  -51.608  19.451 0.0000000000
83121  26.474  -54.068  17.399 0.0000000000
14749  26.304  -53.337  17.873 0.0000000000
12987  26.259  -55.923  16.977 0.0000000000
13615  27.003  -55.765  16.386 0.0000000000
14193  27.937  -55.023  15.669 0.0000000000
16581  28.334  -50.819  17.392 0.0000000000
16594  28.983  -50.615  16.895 0.0000000000
15396  28.730  -51.693  14.760 0.0000000000
19528  28.563  -46.227  14.583 0.0000000000
20335  29.433  -45.266  14.817 0.0000000000
20321  28.674  -44.921  17.950 0.0000000000
20320  29.526  -45.144  17.569 0.0000000000
21081  30.372  -43.178  17.040 0.0000000000
21854  30.055  -42.918  15.531 0.0000000000
1790  28.042  -77.701  26.949 0.0000000000
82851  23.150  -78.351  27.210 0.0000000000
1793  24.637  -77.495  27.437 0.0000000000
1519  24.238  -78.048  28.855 0.0000000000
1241  26.312  -79.109  28.170 0.0000000000
1518  25.892  -78.622  28.620 0.0000000000
1245  27.480  -78.482  27.190 0.0000000000
93381  28.128  -78.122  27.034 0.0000000000
1529  28.083  -78.533  26.549 0.0000000000
1254  27.517  -79.257  25.837 0.0000000000
83590  23.413  -81.844  24.641 0.0000000000
90058  24.453  -81.375  24.103 0.0000000000
485  23.311  -82.112  23.707 0.0000000000
471  19.762  -82.340  26.609 0.0000000000
94476  20.407  -82.313  26.434 0.0000000000
479  19.525  -82.667  25.887 0.0000000000
315  18.889  -83.204  24.473 0.0000000000
94959  19.554  -82.921  24.661 0.0000000000
314  19.608  -83.089  23.991 0.0000000000
319  20.422  -83.100  23.604 0.0000000000
323  19.691  -83.350  23.178 0.0000000000
322  20.568  -83.433  22.661 0.0000000000
81486  19.030  -83.949  22.790 0.0000000000
329  16.708  -83.622  21.571 0.0000000000
167  17.739  -84.178  21.470 0.0000000000
332  17.142  -83.736  20.623 0.0000000000
173  17.683  -84.120  19.976 0.0000000000
504  20.080  -82.303  17.919 0.0000000000
336  20.538  -83.088  17.445 0.0000000000
503  20.428  -83.224  18.341 0.0000000000
81003  20.019  -84.317  19.667 0.0000000000
179  19.756  -84.580  18.732 0.0000000000
175  19.061  -84.467  19.894 0.0000000000
347  17.512  -83.795  16.631 0.0000000000
198  17.669  -84.804  16.103 0.0000000000
85487  17.734  -84.185  16.086 0.0000000000
212  18.842  -84.373  13.069 0.0000000000
205  18.600  -84.704  14.161 0.0000000000
89  19.359  -85.351  13.303 0.0000000000
79433  20.284  -85.687  12.837 0.0000000000
92  19.473  -85.569  12.586 0.0000000000
26  18.802  -86.339  10.415 0.0000000000
18  18.403  -86.208  11.126 0.0000000000
25  19.602  -86.446  10.066 0.0000000000
87757  20.259  -86.439  10.553 0.0000000000
24  20.490  -86.556  9.791 0.0000000000
86332  21.974  -86.544  9.175 0.0000000000
40  21.520  -86.434  8.646 0.0000000000
79912  21.790  -85.770  7.225 0.0000000000
51  22.651  -85.916  6.113 0.0000000000
136  23.133  -84.801  2.516 0.0000000000
137  22.479  -85.306  2.039 0.0000000000
147  21.812  -85.022  0.487 0.0000000000
282  21.545  -84.201  -0.090 0.0000000000
287  21.983  -83.673  -0.476 0.0000000000
82246  21.624  -83.836  -0.854 0.0000000000
453  20.780  -83.335  -3.180 0.0000000000
452  21.681  -83.719  -3.551 0.0000000000
303  22.203  -84.130  -3.120 0.0000000000
451  22.605  -83.343  -3.368 0.0000000000
457  24.063  -82.803  -3.911 0.0000000000
458  23.083  -82.893  -4.326 0.0000000000
927  22.504  -81.154  -6.028 0.0000000000
926  23.578  -81.148  -5.712 0.0000000000
933  23.107  -80.512  -6.339 0.0000000000
1232  24.569  -79.799  -6.080 0.0000000000
1503  23.435  -79.974  -5.919 0.0000000000
2771  16.575  -75.706  4.131 0.0000000000
1473  17.513  -79.466  0.530 0.0000000000
881  20.066  -81.209  -1.293 0.0000000000
882  19.132  -81.403  -1.320 0.0000000000
894  19.455  -81.521  -2.249 0.0000000000
895  18.393  -81.603  -2.486 0.0000000000
905  19.775  -81.449  -3.241 0.0000000000
1222  20.113  -80.597  -4.760 0.0000000000
914  20.295  -80.942  -3.766 0.0000000000
1215  23.101  -80.117  -3.258 0.0000000000
1219  22.913  -80.229  -4.320 0.0000000000
1493  23.672  -79.440  -3.865 0.0000000000
1492  24.265  -78.948  -4.500 0.0000000000
1487  24.276  -78.593  -3.441 0.0000000000
1755  24.701  -78.133  -2.717 0.0000000000
1749  24.434  -77.950  -1.926 0.0000000000
4023  21.085  -70.659  -0.374 0.0000000000
78455  4.457  -56.494  8.432 0.0000000000
80231  3.638  -55.812  9.281 0.0000000000
13104  3.155  -56.167  8.501 0.0000000000
11807  1.888  -58.079  7.319 0.0000000000
11808  1.375  -58.525  8.272 0.0000000000
93516  1.866  -59.559  6.701 0.0000000000
9832  5.070  -61.466  6.524 0.0000000000
84652  4.039  -60.789  4.149 0.0000000000
9833  3.834  -61.331  5.406 0.0000000000
82622  1.724  -63.255  6.408 0.0000000000
9167  1.934  -61.641  5.684 0.0000000000
9152  1.318  -62.677  6.656 0.0000000000
9153  0.658  -62.887  7.270 0.0000000000
91446  0.450  -63.725  7.684 0.0000000000
7781  1.253  -64.258  6.889 0.0000000000
6731  1.712  -66.756  7.630 0.0000000000
5701  4.251  -68.649  5.955 0.0000000000
5702  2.859  -69.780  6.181 0.0000000000
5719  2.519  -69.327  5.457 0.0000000000
94536  1.530  -68.385  3.503 0.0000000000
5734  2.558  -68.274  4.282 0.0000000000
6251  8.796  -66.846  5.991 0.0000000000
6252  7.524  -67.110  6.162 0.0000000000
6754  7.575  -66.243  5.103 0.0000000000
7823  6.502  -64.299  4.032 0.0000000000
7262  6.159  -65.192  3.749 0.0000000000
7271  6.092  -65.474  3.209 0.0000000000
79907  6.762  -65.659  2.741 0.0000000000
7284  6.380  -64.819  2.873 0.0000000000
8479  8.776  -63.326  2.020 0.0000000000
7844  8.179  -63.947  2.203 0.0000000000
8478  9.638  -63.668  1.391 0.0000000000
7856  9.983  -64.422  0.707 0.0000000000
15490  13.442  -52.125  7.058 0.0000000000
15491  12.672  -51.889  7.451 0.0000000000
14880  13.618  -52.855  6.913 0.0000000000
14283  12.660  -53.893  8.858 0.0000000000
14264  12.107  -54.652  9.424 0.0000000000
87272  12.545  -55.246  9.865 0.0000000000
12422  14.050  -57.343  10.580 0.0000000000
13066  14.457  -56.567  10.560 0.0000000000
12423  13.215  -57.370  10.529 0.0000000000
13068  12.415  -56.879  10.546 0.0000000000
12440  12.614  -57.818  10.159 0.0000000000
11785  12.099  -58.222  9.385 0.0000000000
11784  12.948  -58.607  9.612 0.0000000000
10435  14.188  -60.294  8.520 0.0000000000
11145  12.814  -59.661  8.563 0.0000000000
10448  13.684  -60.695  8.337 0.0000000000
88031  13.178  -61.148  8.123 0.0000000000
9816  14.039  -61.640  8.100 0.0000000000
10444  17.247  -60.912  7.358 0.0000000000
9830  17.233  -61.673  6.687 0.0000000000
9174  15.484  -62.815  5.833 0.0000000000
9161  15.744  -62.885  6.819 0.0000000000
8406  14.933  -63.315  6.668 0.0000000000
9162  14.375  -63.455  7.213 0.0000000000
9175  14.368  -63.130  5.849 0.0000000000
9176  13.560  -63.049  5.612 0.0000000000
9186  13.803  -62.346  5.132 0.0000000000
10498  13.141  -60.264  3.692 0.0000000000
9863  12.705  -61.025  4.145 0.0000000000
90940  12.325  -60.551  3.620 0.0000000000
10499  11.422  -60.405  3.181 0.0000000000
93126  11.446  -59.607  2.649 0.0000000000
11212  14.704  -58.895  1.979 0.0000000000
11878  14.325  -57.504  0.214 0.0000000000
11895  12.446  -57.501  -0.269 0.0000000000
11890  12.574  -56.886  -0.051 0.0000000000
11891  11.716  -57.754  0.256 0.0000000000
11229  10.682  -58.525  1.304 0.0000000000
82552  10.191  -59.346  0.387 0.0000000000
10534  9.889  -60.012  0.038 0.0000000000
10546  10.443  -60.399  -0.204 0.0000000000
85712  12.315  -62.282  -0.520 0.0000000000
9241  11.395  -62.171  -0.365 0.0000000000
84655  11.782  -63.786  -0.453 0.0000000000
7865  11.284  -64.385  -0.251 0.0000000000
7864  11.957  -64.816  -0.264 0.0000000000
6800  12.596  -66.484  0.306 0.0000000000
7299  13.001  -65.460  -0.028 0.0000000000
7855  14.564  -65.353  0.908 0.0000000000
7290  14.239  -66.008  1.212 0.0000000000
6798  14.634  -66.541  1.568 0.0000000000
89702  15.497  -68.128  1.061 0.0000000000
95005  15.558  -67.441  2.151 0.0000000000
5744  16.896  -67.702  2.986 0.0000000000
5759  16.629  -68.042  2.434 0.0000000000
5758  17.434  -68.255  2.603 0.0000000000
5743  18.271  -68.463  3.100 0.0000000000
92979  20.470  -85.010  17.510 0.0000000000
73  21.270  -85.294  16.205 0.0000000000
68  20.063  -85.346  17.093 0.0000000000
75  19.410  -85.566  16.390 0.0000000000
89996  19.706  -85.676  15.424 0.0000000000
6018  5.386  -67.194  23.585 0.0000000000
81759  4.904  -66.678  23.134 0.0000000000
83504  5.700  -66.350  22.281 0.0000000000
6565  6.149  -66.246  21.784 0.0000000000
7074  6.054  -65.533  21.486 0.0000000000
7066  5.259  -65.294  22.059 0.0000000000
93591  5.022  -64.776  22.271 0.0000000000
11639  20.862  -58.082  22.515 0.0000000000
12306  21.408  -57.825  21.752 0.0000000000
12294  21.905  -57.125  22.024 0.0000000000
5196  11.887  -69.051  -1.106 0.0000000000
5210  12.382  -69.195  -1.801 0.0000000000
5209  12.746  -68.957  -2.618 0.0000000000
5821  13.200  -68.842  -3.183 0.0000000000
5216  13.701  -68.939  -3.863 0.0000000000
5815  13.770  -68.395  -2.481 0.0000000000
5793  13.866  -68.196  -0.171 0.0000000000
17430  9.809  -49.159  6.667 0.0000000000
78955  9.258  -50.305  6.928 0.0000000000
16733  9.757  -49.773  6.424 0.0000000000
15492  11.309  -51.380  7.232 0.0000000000
78449  26.729  -40.414  15.953 0.0000000000
23316  27.186  -41.252  15.132 0.0000000000
409  25.752  -83.124  5.597 0.0000000000
593  25.532  -82.159  5.734 0.0000000000
831  25.329  -82.166  5.252 0.0000000000
832  24.604  -81.809  4.681 0.0000000000
833  23.327  -81.440  4.370 0.0000000000
598  23.446  -82.345  2.857 0.0000000000
601  23.742  -83.150  2.488 0.0000000000
20343  8.442  -45.484  13.162 0.0000000000
20344  7.655  -44.583  13.171 0.0000000000
20345  6.898  -44.807  13.140 0.0000000000
21108  6.844  -44.532  12.817 0.0000000000
21096  7.316  -43.841  12.912 0.0000000000
89384  7.160  -40.068  12.064 0.0000000000
21889  21.736  -43.852  11.093 0.0000000000
21902  21.226  -43.432  10.678 0.0000000000
23430  14.161  -40.772  7.654 0.0000000000
22651  14.864  -42.372  8.656 0.0000000000
22690  14.540  -41.870  7.836 0.0000000000
1261  15.870  -79.800  25.372 0.0000000000
1270  15.642  -79.660  24.768 0.0000000000
1545  15.841  -78.642  24.450 0.0000000000
1556  15.139  -78.245  24.142 0.0000000000
2142  12.454  -76.204  18.946 0.0000000000
2141  13.089  -75.719  18.416 0.0000000000
2145  12.517  -76.299  18.001 0.0000000000
1866  12.134  -76.985  17.382 0.0000000000
2147  13.105  -76.008  16.608 0.0000000000
2397  14.491  -75.070  15.401 0.0000000000
76649  2.557  -72.371  15.795 0.0000000000
77687  2.920  -73.506  15.529 0.0000000000
89000  2.412  -72.733  14.502 0.0000000000
78058  2.479  -73.477  11.662 0.0000000000
94879  3.806  -73.946  10.467 0.0000000000
9611  10.101  -61.512  25.371 0.0000000000
9612  9.331  -61.442  25.757 0.0000000000
10253  8.976  -60.717  25.968 0.0000000000
10905  7.999  -60.000  26.526 0.0000000000
10922  7.085  -58.529  26.674 0.0000000000
11582  6.056  -57.780  27.056 0.0000000000
12247  6.856  -57.420  25.244 0.0000000000
18753  25.443  -47.687  18.442 0.0000000000
80171  25.022  -47.010  18.275 0.0000000000
19504  24.598  -46.276  18.085 0.0000000000
19503  25.566  -46.172  18.449 0.0000000000
1552  20.677  -78.096  23.987 0.0000000000
83584  20.322  -78.440  24.561 0.0000000000
1266  19.540  -79.164  25.558 0.0000000000
88537  19.396  -79.694  26.153 0.0000000000
1251  18.891  -80.273  26.548 0.0000000000
1258  18.494  -79.455  26.012 0.0000000000
1259  17.278  -79.460  26.080 0.0000000000
3524  18.820  -72.859  3.330 0.0000000000
3123  18.386  -73.644  3.647 0.0000000000
3122  19.248  -73.625  3.319 0.0000000000
2502  19.651  -75.452  2.709 0.0000000000
2244  19.465  -76.311  2.338 0.0000000000
2007  18.709  -77.760  1.716 0.0000000000
84628  19.776  -75.752  1.431 0.0000000000
2507  20.094  -75.320  0.536 0.0000000000
2515  20.162  -75.722  -0.428 0.0000000000
2806  20.630  -75.067  0.063 0.0000000000
3141  21.215  -73.220  0.627 0.0000000000
13058  1.996  -55.542  11.571 0.0000000000
13074  1.998  -55.471  10.335 0.0000000000
83269  8.956  -61.302  7.608 0.0000000000
9820  8.081  -61.502  7.568 0.0000000000
89765  8.697  -62.034  7.635 0.0000000000
85728  8.972  -62.801  7.612 0.0000000000
8391  9.506  -63.875  7.589 0.0000000000
7773  9.527  -65.009  7.467 0.0000000000
7772  10.489  -64.883  7.369 0.0000000000
7795  11.565  -64.880  6.763 0.0000000000
9178  12.126  -63.927  5.884 0.0000000000
343  25.119  -83.914  16.882 0.0000000000
195  25.154  -84.239  15.725 0.0000000000
373  22.546  -83.679  12.723 0.0000000000
362  23.515  -83.507  12.879 0.0000000000
381  23.026  -83.538  12.060 0.0000000000
91664  23.048  -83.601  11.191 0.0000000000
387  23.467  -83.557  10.218 0.0000000000
241  23.938  -83.449  9.386 0.0000000000
242  23.110  -84.082  9.356 0.0000000000
111  24.144  -85.079  8.314 0.0000000000
38  23.251  -85.772  8.353 0.0000000000
24101  20.198  -39.827  7.785 0.0000000000
24811  18.755  -39.670  6.655 0.0000000000
26348  14.869  -36.893  5.147 0.0000000000
25547  14.657  -37.779  5.638 0.0000000000
26362  14.616  -36.587  4.792 0.0000000000
3876  18.044  -71.437  18.829 0.0000000000
3016  17.136  -72.267  19.282 0.0000000000
3877  17.591  -71.211  18.527 0.0000000000
3888  17.080  -71.000  18.141 0.0000000000
4918  16.091  -69.956  17.763 0.0000000000
88994  7.903  -72.063  24.272 0.0000000000
77957  8.478  -71.576  24.031 0.0000000000
76622  8.401  -71.637  22.571 0.0000000000
94390  7.737  -68.333  20.592 0.0000000000
81773  8.004  -68.820  20.877 0.0000000000
4878  4.774  -70.018  20.740 0.0000000000
4879  3.622  -70.113  20.606 0.0000000000
4345  3.275  -71.055  20.194 0.0000000000
4893  1.875  -70.109  20.003 0.0000000000
4908  1.612  -69.687  19.534 0.0000000000
5521  1.102  -68.453  19.315 0.0000000000
6072  0.786  -66.882  18.581 0.0000000000
6594  0.823  -66.219  18.391 0.0000000000
7664  5.532  -64.390  17.511 0.0000000000
7133  4.199  -64.735  16.314 0.0000000000
7674  4.732  -64.194  16.755 0.0000000000
9664  16.497  -61.035  22.846 0.0000000000
89761  15.099  -60.098  23.361 0.0000000000
10307  14.655  -59.393  23.478 0.0000000000
10969  14.689  -58.623  23.185 0.0000000000
81144  16.791  -59.449  20.789 0.0000000000
12307  15.237  -56.995  21.258 0.0000000000
11680  22.699  -58.860  18.450 0.0000000000
3169  10.670  -74.625  -1.992 0.0000000000
4035  15.373  -71.917  -0.963 0.0000000000
3578  15.960  -72.036  -0.299 0.0000000000
4540  17.916  -70.490  0.706 0.0000000000
80116  18.142  -70.255  -0.059 0.0000000000
6340  18.213  -65.928  -4.185 0.0000000000
6343  18.427  -66.255  -4.288 0.0000000000
6334  19.319  -65.435  -3.158 0.0000000000
6333  20.301  -65.267  -2.952 0.0000000000
14252  7.524  -54.599  10.136 0.0000000000
13699  7.224  -55.285  9.343 0.0000000000
13710  6.504  -54.870  8.639 0.0000000000
13711  6.070  -54.989  7.805 0.0000000000
13721  6.062  -54.993  6.558 0.0000000000
13720  8.819  -54.688  6.582 0.0000000000
13729  8.430  -54.926  5.557 0.0000000000
13728  8.873  -55.609  6.697 0.0000000000
12487  8.440  -56.969  6.071 0.0000000000
11824  8.326  -57.756  6.303 0.0000000000
12474  9.064  -57.696  6.965 0.0000000000
11806  9.750  -57.930  7.801 0.0000000000
11815  10.308  -58.566  7.939 0.0000000000
78868  26.195  -45.562  13.185 0.0000000000
23325  25.918  -41.652  13.458 0.0000000000
22589  25.672  -42.327  13.151 0.0000000000
22595  24.529  -42.552  11.881 0.0000000000
23341  24.337  -41.654  11.641 0.0000000000
24057  23.822  -40.926  11.301 0.0000000000
1184  22.551  -81.122  1.438 0.0000000000
1172  22.569  -80.006  1.613 0.0000000000
1183  23.438  -80.948  1.505 0.0000000000
608  24.852  -81.775  0.636 0.0000000000
615  25.457  -82.175  -0.004 0.0000000000
83632  26.316  -82.469  -0.562 0.0000000000
78795  25.546  -82.594  -1.110 0.0000000000
644  25.209  -81.807  -4.162 0.0000000000
5745  8.023  -69.094  2.774 0.0000000000
94552  9.151  -68.299  2.371 0.0000000000
5763  8.520  -68.360  2.550 0.0000000000
6787  8.471  -66.503  2.490 0.0000000000
17307  4.345  -48.643  15.166 0.0000000000
16623  3.171  -49.869  14.793 0.0000000000
16047  3.273  -51.178  15.049 0.0000000000
15401  3.114  -52.531  15.529 0.0000000000
16073  3.216  -51.398  14.349 0.0000000000
16072  3.230  -51.761  13.679 0.0000000000
15427  3.852  -52.153  13.086 0.0000000000
15439  4.848  -52.472  12.408 0.0000000000
85989  4.115  -51.643  12.510 0.0000000000
16085  5.075  -50.802  12.143 0.0000000000
87699  6.938  -46.603  11.340 0.0000000000
18832  7.557  -47.282  11.207 0.0000000000
83340  8.416  -48.068  11.370 0.0000000000
18106  8.884  -49.120  11.517 0.0000000000
92230  9.720  -49.407  11.419 0.0000000000
18105  9.565  -48.566  11.424 0.0000000000
18129  10.992  -48.770  10.878 0.0000000000
21106  15.501  -43.905  12.564 0.0000000000
22607  14.695  -41.383  11.325 0.0000000000
23343  14.311  -40.729  10.953 0.0000000000
23359  13.696  -40.056  10.879 0.0000000000
23361  12.185  -40.201  10.996 0.0000000000
23362  11.046  -41.363  11.420 0.0000000000
22621  12.668  -40.753  10.730 0.0000000000
21909  12.275  -42.421  10.574 0.0000000000
85704  11.949  -43.668  10.389 0.0000000000
19606  14.622  -46.218  9.724 0.0000000000
18849  13.403  -47.212  9.866 0.0000000000
18126  13.105  -47.958  9.813 0.0000000000
91383  13.706  -47.716  9.569 0.0000000000
18156  14.625  -48.473  8.469 0.0000000000
17409  14.834  -48.924  7.793 0.0000000000
502  17.225  -82.661  19.937 0.0000000000
84035  17.129  -82.565  20.715 0.0000000000
79530  17.419  -80.700  20.048 0.0000000000
1302  17.090  -79.846  19.641 0.0000000000
1305  14.771  -79.321  20.688 0.0000000000
1005  13.398  -80.375  19.812 0.0000000000
1012  13.108  -80.708  19.006 0.0000000000
1022  12.763  -81.162  18.162 0.0000000000
715  12.632  -82.078  17.493 0.0000000000
1023  12.135  -82.037  18.243 0.0000000000
506  11.801  -83.432  17.935 0.0000000000
513  11.518  -83.818  17.961 0.0000000000
2103  15.029  -76.548  22.470 0.0000000000
1831  14.408  -77.216  23.228 0.0000000000
1841  12.407  -77.599  23.133 0.0000000000
1569  11.003  -78.721  22.667 0.0000000000
86175  10.080  -79.238  19.275 0.0000000000
1320  9.453  -80.109  20.086 0.0000000000
4343  11.989  -70.940  19.686 0.0000000000
77651  11.663  -71.343  18.863 0.0000000000
88963  11.716  -71.452  17.929 0.0000000000
89421  6.151  -75.483  20.291 0.0000000000
77577  6.023  -76.457  20.309 0.0000000000
2997  6.274  -75.427  19.427 0.0000000000
88912  8.799  -74.878  16.239 0.0000000000
76639  10.043  -73.303  16.556 0.0000000000
76647  11.352  -72.830  15.127 0.0000000000
76648  11.026  -73.329  13.505 0.0000000000
9586  6.566  -61.326  28.353 0.0000000000
8877  6.492  -62.151  27.684 0.0000000000
9573  5.552  -60.889  29.508 0.0000000000
8867  5.217  -61.646  29.475 0.0000000000
8859  2.885  -61.327  29.578 0.0000000000
10214  0.981  -59.971  28.965 0.0000000000
9588  0.913  -60.573  28.240 0.0000000000
9616  1.847  -61.122  26.532 0.0000000000
8902  2.529  -62.023  25.460 0.0000000000
9615  3.203  -61.135  26.084 0.0000000000
90582  5.141  -61.267  25.079 0.0000000000
11612  3.146  -57.848  25.139 0.0000000000
84558  1.948  -57.994  24.398 0.0000000000
10958  0.783  -58.737  23.357 0.0000000000
10992  1.599  -59.717  22.286 0.0000000000
12891  9.103  -56.647  24.183 0.0000000000
12908  9.849  -56.074  23.929 0.0000000000
14731  25.249  -53.163  20.180 0.0000000000
14742  25.476  -53.783  19.511 0.0000000000
17270  24.623  -49.512  19.219 0.0000000000
15999  25.806  -51.472  18.774 0.0000000000
88058  26.137  -52.009  18.453 0.0000000000
85866  26.660  -52.725  17.700 0.0000000000
14757  27.041  -53.302  17.210 0.0000000000
14769  27.168  -54.213  16.757 0.0000000000
14768  27.915  -53.611  16.619 0.0000000000
15379  28.537  -52.967  16.508 0.0000000000
17281  29.210  -49.652  16.806 0.0000000000
16593  29.340  -50.427  16.313 0.0000000000
16617  28.919  -50.304  14.893 0.0000000000
21827  26.589  -43.858  17.933 0.0000000000
21050  27.542  -44.103  17.693 0.0000000000
21838  27.668  -43.200  17.668 0.0000000000
23285  26.625  -42.522  17.586 0.0000000000
90728  27.960  -43.091  16.746 0.0000000000
88212  26.115  -76.668  26.883 0.0000000000
1239  22.777  -79.345  28.635 0.0000000000
1515  23.839  -78.544  29.001 0.0000000000
937  24.173  -79.782  28.840 0.0000000000
936  24.944  -79.798  28.632 0.0000000000
1247  26.066  -79.809  27.703 0.0000000000
82397  26.889  -79.731  26.233 0.0000000000
950  25.594  -80.529  27.029 0.0000000000
670  23.661  -81.721  25.673 0.0000000000
476  22.177  -82.148  25.349 0.0000000000
310  17.070  -83.092  25.738 0.0000000000
80383  18.011  -83.024  25.827 0.0000000000
90671  17.476  -83.635  25.051 0.0000000000
153  17.199  -84.199  24.430 0.0000000000
86981  17.963  -84.188  23.854 0.0000000000
157  18.415  -84.144  23.278 0.0000000000
88497  17.179  -84.337  22.848 0.0000000000
168  16.379  -84.157  22.240 0.0000000000
333  21.580  -83.312  19.848 0.0000000000
335  20.831  -83.611  19.161 0.0000000000
169  21.253  -83.853  20.688 0.0000000000
164  20.817  -83.949  21.277 0.0000000000
535  17.612  -82.202  15.307 0.0000000000
351  17.705  -83.250  15.669 0.0000000000
79742  17.915  -82.747  14.710 0.0000000000
221  18.670  -84.620  12.423 0.0000000000
41  20.674  -86.246  8.573 0.0000000000
446  18.627  -83.148  -3.066 0.0000000000
460  21.188  -82.647  -3.759 0.0000000000
646  22.178  -82.273  -4.853 0.0000000000
647  21.393  -81.904  -4.415 0.0000000000
653  21.304  -81.433  -5.361 0.0000000000
76605  21.208  -80.703  -5.975 0.0000000000
1201  19.651  -79.893  0.092 0.0000000000
82931  18.972  -80.252  -0.033 0.0000000000
1211  20.836  -80.896  -1.571 0.0000000000
1217  21.285  -80.949  -2.996 0.0000000000
1489  23.054  -79.840  -2.325 0.0000000000
1482  23.455  -78.946  -1.966 0.0000000000
1750  23.799  -78.156  -1.776 0.0000000000
2015  24.039  -77.232  -0.458 0.0000000000
4539  20.721  -69.750  -0.815 0.0000000000
12476  4.379  -57.176  6.666 0.0000000000
94637  3.620  -57.121  7.226 0.0000000000
12477  3.351  -57.676  6.594 0.0000000000
11829  2.661  -59.038  4.794 0.0000000000
11177  2.226  -59.789  4.875 0.0000000000
8412  4.727  -62.923  7.054 0.0000000000
9150  3.493  -62.861  6.392 0.0000000000
8397  3.213  -63.845  6.027 0.0000000000
8398  2.294  -63.928  5.947 0.0000000000
93328  1.534  -64.766  6.863 0.0000000000
89503  2.593  -65.108  6.527 0.0000000000
87212  2.781  -65.987  7.133 0.0000000000
6730  2.816  -67.037  7.509 0.0000000000
6233  2.733  -68.338  7.573 0.0000000000
82166  3.574  -67.194  7.312 0.0000000000
80783  4.527  -67.499  6.870 0.0000000000
5700  5.733  -67.782  5.884 0.0000000000
7809  8.474  -64.994  5.005 0.0000000000
7821  7.907  -63.974  4.605 0.0000000000
8436  6.984  -63.441  4.168 0.0000000000
8449  6.505  -63.714  3.536 0.0000000000
7845  7.026  -64.049  2.620 0.0000000000
9217  8.331  -62.521  2.377 0.0000000000
9216  9.455  -62.676  1.592 0.0000000000
12420  15.806  -56.922  10.362 0.0000000000
12437  15.587  -57.841  9.961 0.0000000000
12438  14.525  -57.989  10.180 0.0000000000
11783  13.943  -58.760  9.754 0.0000000000
11801  14.331  -59.339  9.183 0.0000000000
11143  14.683  -59.811  8.698 0.0000000000
10434  15.055  -60.375  8.389 0.0000000000
9845  17.530  -61.441  4.699 0.0000000000
9160  16.954  -62.289  6.028 0.0000000000
9183  16.471  -61.858  4.555 0.0000000000
9846  15.729  -61.572  4.273 0.0000000000
9847  14.975  -61.492  4.435 0.0000000000
9848  14.109  -61.539  4.562 0.0000000000
9861  14.520  -60.743  4.047 0.0000000000
10497  14.100  -60.052  3.644 0.0000000000
11202  13.622  -59.421  3.117 0.0000000000
11236  15.115  -59.021  0.143 0.0000000000
85307  14.019  -56.946  -0.201 0.0000000000
91194  14.113  -57.785  -0.278 0.0000000000
11244  12.801  -58.553  -0.436 0.0000000000
83662  12.299  -59.682  -0.356 0.0000000000
10545  11.416  -60.273  -0.317 0.0000000000
85711  12.497  -60.632  -0.382 0.0000000000
91453  13.134  -62.276  -0.552 0.0000000000
9240  12.837  -62.936  -0.742 0.0000000000
81974  13.514  -64.793  -0.190 0.0000000000
7874  13.943  -64.003  -0.471 0.0000000000
7862  14.479  -64.639  0.160 0.0000000000
7854  15.307  -64.801  1.049 0.0000000000
88154  22.105  -83.072  16.045 0.0000000000
87351  23.091  -83.147  15.754 0.0000000000
345  22.145  -83.610  15.556 0.0000000000
350  22.608  -83.627  14.944 0.0000000000
204  22.245  -83.879  14.261 0.0000000000
78  22.156  -85.100  15.193 0.0000000000
83  22.266  -84.931  14.398 0.0000000000
211  22.086  -83.981  13.550 0.0000000000
80487  21.966  -84.325  13.001 0.0000000000
14  21.999  -85.663  11.434 0.0000000000
5425  7.549  -68.805  24.269 0.0000000000
5440  7.766  -68.341  23.506 0.0000000000
5455  8.157  -68.268  22.813 0.0000000000
6017  6.417  -67.438  23.378 0.0000000000
6030  7.683  -67.466  22.309 0.0000000000
5485  8.034  -67.911  21.027 0.0000000000
6047  7.304  -67.806  20.322 0.0000000000
6055  5.455  -67.796  19.452 0.0000000000
6069  4.804  -67.189  18.874 0.0000000000
6591  5.589  -66.447  18.384 0.0000000000
6611  6.029  -65.845  18.164 0.0000000000
7090  6.739  -65.472  19.948 0.0000000000
7639  6.536  -64.763  19.252 0.0000000000
7648  6.141  -64.577  18.279 0.0000000000
8276  5.653  -63.893  17.990 0.0000000000
8268  4.943  -63.459  18.391 0.0000000000
10301  19.948  -59.851  23.056 0.0000000000
10303  18.600  -60.339  22.287 0.0000000000
10317  18.118  -60.057  21.703 0.0000000000
10982  18.847  -59.633  21.124 0.0000000000
10335  18.093  -59.750  20.876 0.0000000000
11002  18.553  -59.464  20.294 0.0000000000
87709  18.375  -59.190  19.752 0.0000000000
11009  20.793  -59.132  19.915 0.0000000000
11665  22.223  -58.536  20.105 0.0000000000
12322  23.361  -57.461  20.197 0.0000000000
3581  11.416  -72.468  -0.149 0.0000000000
4037  13.665  -71.403  -0.983 0.0000000000
4048  13.544  -70.510  -2.041 0.0000000000
81275  15.612  -71.200  -2.589 0.0000000000
4591  17.124  -70.128  -2.999 0.0000000000
4592  16.541  -70.220  -3.428 0.0000000000
92469  16.676  -69.040  -4.429 0.0000000000
5823  16.716  -68.271  -4.298 0.0000000000
5824  15.505  -68.493  -4.155 0.0000000000
6342  16.386  -67.573  -4.005 0.0000000000
6345  17.253  -67.268  -4.208 0.0000000000
6338  17.495  -66.316  -3.501 0.0000000000
79131  17.122  -67.572  -1.161 0.0000000000
15497  6.610  -52.321  7.771 0.0000000000
15484  6.661  -51.545  8.402 0.0000000000
15496  7.328  -51.967  7.405 0.0000000000
14882  8.285  -53.111  6.268 0.0000000000
15494  9.264  -51.282  7.020 0.0000000000
86993  9.030  -52.240  7.023 0.0000000000
14881  8.774  -53.038  6.616 0.0000000000
14293  9.140  -54.044  7.342 0.0000000000
82549  9.605  -54.732  8.227 0.0000000000
21089  29.071  -43.453  14.192 0.0000000000
21090  27.418  -44.038  14.149 0.0000000000
21863  27.978  -43.007  14.486 0.0000000000
22584  27.158  -42.507  14.283 0.0000000000
23321  26.949  -41.228  14.568 0.0000000000
22588  26.452  -42.028  13.854 0.0000000000
395  25.879  -82.172  9.432 0.0000000000
391  26.158  -82.659  10.147 0.0000000000
584  26.100  -81.741  8.748 0.0000000000
817  26.574  -81.045  7.862 0.0000000000
1115  26.623  -80.836  7.871 0.0000000000
1126  26.143  -80.870  6.112 0.0000000000
82315  25.730  -80.458  6.810 0.0000000000
1116  25.765  -80.318  7.694 0.0000000000
1403  24.848  -79.448  8.485 0.0000000000
1410  23.742  -78.045  7.333 0.0000000000
1658  23.617  -78.088  6.174 0.0000000000
1430  22.670  -78.813  4.215 0.0000000000
1431  21.886  -79.182  3.485 0.0000000000
834  22.311  -81.203  4.159 0.0000000000
1156  21.703  -79.970  2.943 0.0000000000
1157  21.718  -79.536  1.923 0.0000000000
873  23.120  -82.023  0.901 0.0000000000
430  23.425  -82.875  -1.216 0.0000000000
18074  4.814  -47.541  14.262 0.0000000000
18075  4.109  -47.885  14.010 0.0000000000
90515  5.393  -47.274  12.886 0.0000000000
19565  6.147  -46.290  11.907 0.0000000000
20361  6.508  -45.034  12.739 0.0000000000
20370  6.614  -44.876  12.128 0.0000000000
19564  6.873  -45.710  11.478 0.0000000000
20369  7.334  -44.785  11.365 0.0000000000
20385  8.174  -44.959  10.622 0.0000000000
21132  8.842  -44.559  10.390 0.0000000000
23406  15.325  -41.664  8.697 0.0000000000
21148  15.011  -44.166  9.675 0.0000000000
21131  14.362  -43.878  10.142 0.0000000000
678  15.995  -81.917  24.210 0.0000000000
682  16.031  -81.442  22.482 0.0000000000
683  15.031  -81.011  23.148 0.0000000000
85956  15.340  -79.257  22.645 0.0000000000
1288  15.247  -79.346  23.525 0.0000000000
79935  14.055  -79.557  21.705 0.0000000000
984  12.733  -80.512  21.851 0.0000000000
994  11.462  -81.473  21.670 0.0000000000
2129  13.364  -75.853  20.806 0.0000000000
2130  12.670  -76.407  20.870 0.0000000000
1856  12.023  -76.928  20.291 0.0000000000
1857  11.549  -77.614  19.575 0.0000000000
1583  10.813  -78.483  19.364 0.0000000000
1588  9.937  -79.426  18.517 0.0000000000
1870  12.052  -77.383  16.388 0.0000000000
78078  5.465  -75.111  17.065 0.0000000000
78100  4.703  -75.387  16.037 0.0000000000
76630  3.623  -74.772  15.022 0.0000000000
76633  5.720  -75.856  14.349 0.0000000000
90029  8.121  -75.174  11.282 0.0000000000
9596  7.638  -61.694  26.680 0.0000000000
9613  8.482  -61.413  26.215 0.0000000000
9585  7.215  -60.995  27.447 0.0000000000
9572  6.117  -60.592  29.092 0.0000000000
10879  3.985  -59.111  28.731 0.0000000000
10893  3.559  -58.421  28.205 0.0000000000
10907  3.282  -57.855  27.651 0.0000000000
88372  3.247  -57.508  26.898 0.0000000000
12250  3.639  -57.429  26.264 0.0000000000
11597  4.432  -56.892  26.584 0.0000000000
12267  3.682  -57.436  24.983 0.0000000000
12287  3.700  -57.453  24.025 0.0000000000
18015  24.004  -49.039  18.502 0.0000000000
80897  25.591  -49.141  18.710 0.0000000000
16582  27.483  -50.887  17.710 0.0000000000
17277  26.879  -49.314  17.908 0.0000000000
17276  27.797  -49.623  17.779 0.0000000000
18022  27.659  -48.678  17.873 0.0000000000
18762  26.838  -47.974  17.900 0.0000000000
82377  28.624  -49.171  17.456 0.0000000000
18021  28.702  -48.231  17.546 0.0000000000
18020  29.306  -47.773  17.064 0.0000000000
18759  29.339  -46.805  17.065 0.0000000000
84424  28.502  -45.750  17.618 0.0000000000
21066  27.440  -44.916  17.709 0.0000000000
20312  26.345  -45.540  18.408 0.0000000000
21051  26.453  -44.607  18.174 0.0000000000
21052  25.689  -44.169  18.447 0.0000000000
21829  24.298  -43.255  18.344 0.0000000000
22552  23.678  -42.903  18.073 0.0000000000
1798  23.949  -77.562  25.746 0.0000000000
1530  23.372  -77.981  25.308 0.0000000000
1523  23.396  -78.127  26.249 0.0000000000
91815  22.575  -78.796  27.775 0.0000000000
1532  21.625  -78.925  26.186 0.0000000000
1525  21.887  -78.958  27.089 0.0000000000
91987  22.447  -79.200  28.321 0.0000000000
1240  22.132  -79.681  28.300 0.0000000000
940  21.781  -80.254  28.131 0.0000000000
655  22.204  -80.508  28.056 0.0000000000
660  21.947  -81.124  27.407 0.0000000000
464  20.285  -81.646  27.387 0.0000000000
465  19.585  -81.993  27.410 0.0000000000
466  17.840  -81.754  27.294 0.0000000000
953  18.415  -81.051  26.890 0.0000000000
467  17.231  -81.873  27.555 0.0000000000
473  17.340  -82.163  27.433 0.0000000000
90356  16.222  -82.119  26.555 0.0000000000
82641  16.127  -82.589  25.634 0.0000000000
93781  15.658  -81.749  14.641 0.0000000000
768  16.401  -82.188  13.706 0.0000000000
448  16.525  -82.652  -3.409 0.0000000000
3135  15.587  -74.272  2.143 0.0000000000
2789  15.987  -74.487  3.070 0.0000000000
3125  16.709  -73.890  3.288 0.0000000000
2770  17.717  -75.531  4.170 0.0000000000
2476  17.763  -76.101  4.179 0.0000000000
88459  18.456  -75.023  4.052 0.0000000000
2234  18.326  -76.458  3.799 0.0000000000
1984  17.912  -77.179  3.597 0.0000000000
1458  15.994  -79.208  1.844 0.0000000000
1465  16.822  -79.169  0.990 0.0000000000
90922  19.016  -77.998  1.210 0.0000000000
1736  19.005  -78.469  0.795 0.0000000000
1190  19.128  -79.291  0.390 0.0000000000
1471  20.043  -79.147  0.375 0.0000000000
1470  20.943  -78.980  0.206 0.0000000000
1733  21.174  -77.738  0.795 0.0000000000
1732  22.308  -77.749  0.905 0.0000000000
2012  21.963  -77.244  0.845 0.0000000000
93921  21.465  -75.739  -0.241 0.0000000000
2804  21.686  -74.572  0.069 0.0000000000
2805  21.074  -74.836  -0.037 0.0000000000
3150  22.234  -73.768  0.058 0.0000000000
3163  22.383  -73.144  -0.676 0.0000000000
93510  5.512  -59.407  4.340 0.0000000000
11174  4.807  -60.106  4.035 0.0000000000
10467  5.652  -60.048  5.481 0.0000000000
94099  6.672  -62.064  7.568 0.0000000000
9149  6.302  -62.447  7.546 0.0000000000
9164  5.357  -62.246  7.225 0.0000000000
8395  5.203  -63.603  7.259 0.0000000000
90887  5.934  -65.235  7.313 0.0000000000
89879  5.990  -66.087  7.155 0.0000000000
7229  6.777  -65.550  7.416 0.0000000000
6727  8.188  -66.579  7.095 0.0000000000
6753  9.174  -66.535  5.860 0.0000000000
7242  10.437  -65.779  6.473 0.0000000000
6742  9.895  -66.256  6.093 0.0000000000
7252  9.493  -65.883  5.628 0.0000000000
7820  8.940  -64.065  4.859 0.0000000000
9190  9.214  -62.170  4.323 0.0000000000
9852  9.469  -61.523  3.879 0.0000000000
10509  17.338  -60.148  1.585 0.0000000000
10510  16.361  -60.256  1.845 0.0000000000
10542  16.051  -60.191  -0.529 0.0000000000
1357  26.117  -79.489  14.629 0.0000000000
1037  27.178  -80.170  15.453 0.0000000000
93577  26.783  -80.614  15.603 0.0000000000
1027  27.212  -80.947  15.661 0.0000000000
519  26.914  -82.056  15.409 0.0000000000
520  26.385  -82.731  15.785 0.0000000000
341  26.573  -83.212  15.809 0.0000000000
534  27.026  -82.464  15.227 0.0000000000
90619  27.259  -83.472  15.020 0.0000000000
216  27.338  -84.175  12.697 0.0000000000
82671  26.795  -84.288  11.974 0.0000000000
187  24.185  -84.029  15.846 0.0000000000
202  25.473  -84.346  14.738 0.0000000000
210  24.625  -84.008  12.936 0.0000000000
82693  25.539  -84.366  12.901 0.0000000000
217  25.961  -84.391  12.076 0.0000000000
226  26.334  -84.307  11.354 0.0000000000
238  26.357  -83.640  10.105 0.0000000000
392  25.438  -82.882  9.835 0.0000000000
396  25.008  -82.465  8.870 0.0000000000
253  24.551  -82.197  7.655 0.0000000000
84965  24.106  -83.428  8.936 0.0000000000
254  24.263  -82.916  7.569 0.0000000000
404  25.702  -83.181  5.910 0.0000000000
405  26.001  -83.833  6.121 0.0000000000
263  25.789  -84.158  5.491 0.0000000000
128  24.311  -84.611  4.750 0.0000000000
23374  21.434  -41.309  9.750 0.0000000000
24086  19.934  -40.673  8.148 0.0000000000
23388  19.606  -41.417  8.415 0.0000000000
24812  17.863  -39.610  6.330 0.0000000000
24126  17.967  -40.328  6.868 0.0000000000
24104  16.764  -40.676  7.263 0.0000000000
24105  14.491  -40.504  8.104 0.0000000000
25528  14.315  -38.492  6.078 0.0000000000
24816  13.963  -39.032  6.491 0.0000000000
24129  13.970  -39.751  7.389 0.0000000000
23446  13.837  -40.648  6.565 0.0000000000
24140  14.066  -40.572  5.446 0.0000000000
23445  14.454  -41.525  5.551 0.0000000000
23462  15.077  -41.138  4.707 0.0000000000
24172  15.150  -39.674  3.914 0.0000000000
1814  17.958  -77.509  23.482 0.0000000000
1828  17.386  -77.167  22.876 0.0000000000
2101  16.934  -76.692  22.292 0.0000000000
2102  15.980  -76.593  22.458 0.0000000000
2114  16.495  -76.083  21.859 0.0000000000
2354  16.118  -75.557  21.544 0.0000000000
2355  15.494  -75.419  21.397 0.0000000000
3403  18.852  -72.617  19.233 0.0000000000
2379  17.326  -74.373  20.504 0.0000000000
2356  14.880  -75.362  21.160 0.0000000000
2368  14.610  -75.109  20.515 0.0000000000
2380  14.360  -74.771  19.718 0.0000000000
3007  15.741  -72.869  19.639 0.0000000000
92508  15.070  -73.289  19.321 0.0000000000
84377  14.345  -74.429  18.941 0.0000000000
2686  14.860  -73.842  18.452 0.0000000000
2689  15.599  -73.645  17.400 0.0000000000
2694  16.012  -73.559  16.534 0.0000000000
78039  6.466  -75.631  22.652 0.0000000000
88735  7.532  -72.940  23.087 0.0000000000
77586  6.864  -74.202  22.311 0.0000000000
2996  6.822  -74.082  21.246 0.0000000000
90388  7.355  -72.479  19.594 0.0000000000
3864  7.170  -72.216  19.153 0.0000000000
4849  8.450  -69.606  23.932 0.0000000000
4312  8.313  -70.733  22.882 0.0000000000
4322  8.038  -70.799  22.088 0.0000000000
4876  7.360  -69.768  20.961 0.0000000000
4323  7.692  -70.297  21.511 0.0000000000
3844  7.819  -71.287  21.141 0.0000000000
3853  7.549  -71.587  20.162 0.0000000000
3419  3.975  -72.678  17.743 0.0000000000
3868  2.751  -71.443  19.445 0.0000000000
3420  2.590  -72.200  17.950 0.0000000000
77810  2.383  -71.823  16.386 0.0000000000
76656  3.012  -71.351  15.455 0.0000000000
79859  4.263  -70.401  15.972 0.0000000000
4379  3.180  -70.458  16.753 0.0000000000
6593  2.214  -66.211  18.340 0.0000000000
7121  0.924  -65.667  16.723 0.0000000000
83466  11.265  -59.991  24.559 0.0000000000
10938  10.611  -59.298  24.745 0.0000000000
11610  9.396  -58.664  25.399 0.0000000000
81915  10.097  -58.566  25.030 0.0000000000
11609  10.668  -58.477  24.521 0.0000000000
11628  11.058  -57.898  23.987 0.0000000000
12284  10.605  -57.098  24.176 0.0000000000
12283  11.231  -56.919  23.635 0.0000000000
12906  11.588  -55.899  23.597 0.0000000000
10967  16.181  -59.699  22.374 0.0000000000
11641  15.287  -58.457  22.553 0.0000000000
11656  15.642  -58.368  21.786 0.0000000000
12297  14.626  -57.938  22.578 0.0000000000
12298  13.647  -57.448  22.368 0.0000000000
12905  12.350  -55.564  23.283 0.0000000000
11018  18.776  -58.758  19.089 0.0000000000
11682  18.754  -58.009  18.533 0.0000000000
11017  20.395  -59.139  18.505 0.0000000000
11681  19.324  -58.239  18.251 0.0000000000
1811  21.123  -77.794  23.256 0.0000000000
1812  20.289  -77.799  23.406 0.0000000000
94559  19.531  -77.763  23.522 0.0000000000
2798  14.232  -75.118  0.871 0.0000000000
3167  13.936  -73.960  -1.123 0.0000000000
2811  13.290  -74.686  -1.261 0.0000000000
2807  14.921  -74.487  0.174 0.0000000000
3143  16.122  -73.310  1.841 0.0000000000
3535  16.709  -72.689  2.446 0.0000000000
4016  16.787  -71.712  1.277 0.0000000000
3547  17.104  -71.904  2.183 0.0000000000
3534  17.500  -72.287  2.894 0.0000000000
3533  18.399  -72.140  3.099 0.0000000000
4003  18.873  -71.522  2.675 0.0000000000
3546  19.857  -71.780  2.245 0.0000000000
4025  19.887  -70.926  1.507 0.0000000000
5205  21.590  -66.582  -4.028 0.0000000000
5207  18.319  -69.287  -2.199 0.0000000000
5204  22.550  -66.022  -3.938 0.0000000000
5798  22.657  -66.163  -2.574 0.0000000000
5786  22.095  -67.022  -0.757 0.0000000000
13056  5.548  -56.670  11.588 0.0000000000
90133  4.751  -56.393  11.144 0.0000000000
13071  5.596  -56.659  10.322 0.0000000000
13092  5.029  -56.552  9.297 0.0000000000
13090  6.478  -56.440  8.969 0.0000000000
13091  5.567  -56.589  8.443 0.0000000000
12459  4.898  -56.767  7.598 0.0000000000
12501  5.103  -57.802  4.139 0.0000000000
11841  5.387  -58.177  4.026 0.0000000000
14884  6.540  -53.198  7.325 0.0000000000
14303  6.704  -54.368  5.920 0.0000000000
13730  6.534  -55.116  5.432 0.0000000000
13736  8.081  -54.915  4.993 0.0000000000
13738  7.236  -55.173  4.927 0.0000000000
84287  6.797  -55.663  4.936 0.0000000000
13133  6.509  -56.483  4.772 0.0000000000
11840  6.094  -57.786  4.251 0.0000000000
11183  5.795  -58.634  4.228 0.0000000000
11173  6.231  -59.271  5.368 0.0000000000
11162  7.678  -59.953  7.096 0.0000000000
11817  8.627  -58.494  6.818 0.0000000000
94570  8.488  -59.880  7.283 0.0000000000
10453  8.310  -60.638  7.452 0.0000000000
82936  9.867  -61.152  7.729 0.0000000000
83905  10.433  -61.932  7.803 0.0000000000
9144  11.417  -62.489  7.854 0.0000000000
20341  25.806  -44.718  13.112 0.0000000000
20348  24.854  -44.850  12.576 0.0000000000
78944  23.980  -44.863  12.235 0.0000000000
21887  23.312  -43.175  11.436 0.0000000000
22616  22.297  -42.621  10.865 0.0000000000
23358  21.960  -41.829  10.410 0.0000000000
24068  23.182  -41.147  10.843 0.0000000000
86571  22.588  -41.297  10.514 0.0000000000
24076  21.693  -40.499  9.539 0.0000000000
390  26.813  -82.149  10.216 0.0000000000
1965  23.757  -77.903  5.367 0.0000000000
1975  23.522  -77.952  4.305 0.0000000000
1983  23.853  -77.875  4.006 0.0000000000
1456  22.850  -78.824  1.789 0.0000000000
1445  23.355  -78.266  2.589 0.0000000000
632  26.597  -82.260  -2.014 0.0000000000
917  27.697  -80.384  -4.479 0.0000000000
1498  26.611  -78.996  -5.542 0.0000000000
5428  4.573  -67.898  24.993 0.0000000000
6011  3.984  -67.159  24.422 0.0000000000
6531  3.161  -66.619  24.080 0.0000000000
6532  2.416  -66.168  23.896 0.0000000000
81526  11.094  -71.190  0.892 0.0000000000
82951  9.380  -69.647  3.452 0.0000000000
5156  10.452  -70.234  2.261 0.0000000000
4512  10.586  -70.465  1.428 0.0000000000
4525  10.951  -70.338  0.725 0.0000000000
5183  11.026  -69.391  0.175 0.0000000000
5779  10.099  -68.593  1.386 0.0000000000
6330  10.985  -67.999  0.214 0.0000000000
79362  11.109  -67.130  0.567 0.0000000000
6801  11.194  -66.324  0.864 0.0000000000
16730  12.658  -50.321  7.211 0.0000000000
86001  11.975  -50.252  6.299 0.0000000000
16136  13.377  -51.938  6.573 0.0000000000
76714  4.641  -56.044  13.000 0.0000000000
14789  3.017  -52.865  15.478 0.0000000000
13046  6.066  -56.277  12.695 0.0000000000
12409  5.478  -56.482  12.557 0.0000000000
91254  6.132  -56.614  12.049 0.0000000000
13682  7.293  -55.395  11.156 0.0000000000
14245  7.268  -54.385  11.230 0.0000000000
85507  6.604  -53.321  11.629 0.0000000000
14841  7.446  -53.602  10.547 0.0000000000
90757  8.042  -52.252  10.530 0.0000000000
17350  5.167  -49.117  12.425 0.0000000000
16665  5.714  -50.122  12.098 0.0000000000
86919  7.396  -51.037  11.602 0.0000000000
85433  8.285  -51.413  11.358 0.0000000000
15469  7.716  -51.705  9.662 0.0000000000
16121  8.003  -50.618  9.052 0.0000000000
16696  10.204  -50.174  10.508 0.0000000000
16710  10.132  -50.100  9.534 0.0000000000
16720  9.576  -49.444  8.300 0.0000000000
85481  10.167  -48.731  7.566 0.0000000000
17428  11.490  -48.460  6.381 0.0000000000
17427  12.227  -49.082  6.989 0.0000000000
21904  19.611  -44.025  10.015 0.0000000000
21924  19.280  -43.528  9.415 0.0000000000
20377  18.558  -45.200  10.879 0.0000000000
20378  17.920  -44.957  11.112 0.0000000000
20367  17.845  -44.883  12.089 0.0000000000
21104  16.785  -44.003  12.408 0.0000000000
21876  15.626  -43.090  12.268 0.0000000000
21877  14.967  -43.059  12.359 0.0000000000
22597  14.326  -41.102  11.479 0.0000000000
21878  14.354  -42.066  12.112 0.0000000000
83878  13.094  -42.291  12.146 0.0000000000
81397  10.086  -42.110  12.019 0.0000000000
78901  8.868  -41.380  12.592 0.0000000000
81075  8.121  -39.784  12.470 0.0000000000
23336  7.511  -39.329  11.739 0.0000000000
23364  7.923  -40.024  11.458 0.0000000000
23363  9.531  -41.122  11.509 0.0000000000
22624  8.934  -41.097  11.012 0.0000000000
22625  7.915  -41.405  11.337 0.0000000000
21912  8.579  -42.645  10.794 0.0000000000
86035  9.152  -43.764  10.399 0.0000000000
81458  13.278  -44.241  10.297 0.0000000000
81570  12.350  -44.459  10.333 0.0000000000
92246  11.593  -44.480  10.361 0.0000000000
81945  10.760  -44.819  10.347 0.0000000000
20383  10.077  -45.552  10.347 0.0000000000
19583  10.498  -46.374  10.558 0.0000000000
18852  10.934  -47.258  10.754 0.0000000000
83541  11.211  -48.029  10.839 0.0000000000
18128  11.674  -48.489  10.429 0.0000000000
17382  12.015  -48.825  9.724 0.0000000000
88527  12.047  -48.918  8.185 0.0000000000
17424  15.156  -49.407  7.043 0.0000000000
180  16.951  -84.905  18.237 0.0000000000
183  16.785  -84.941  17.467 0.0000000000
337  17.337  -84.167  17.865 0.0000000000
339  17.269  -83.409  17.314 0.0000000000
511  17.218  -82.330  17.391 0.0000000000
505  17.359  -82.289  18.931 0.0000000000
81557  17.385  -81.989  18.127 0.0000000000
79293  17.373  -81.663  16.735 0.0000000000
81756  17.531  -81.027  16.616 0.0000000000
1045  17.243  -81.090  15.819 0.0000000000
1046  16.715  -80.748  15.732 0.0000000000
983  16.106  -80.818  21.820 0.0000000000
991  16.934  -80.112  20.494 0.0000000000
81030  16.846  -79.378  18.794 0.0000000000
1318  15.329  -79.259  19.750 0.0000000000
85465  15.776  -79.217  18.749 0.0000000000
1325  16.495  -79.279  18.085 0.0000000000
88561  16.237  -79.680  17.059 0.0000000000
1047  15.757  -80.810  15.722 0.0000000000
1048  14.805  -81.397  15.824 0.0000000000
1806  16.087  -77.963  24.397 0.0000000000
1557  14.166  -78.159  24.163 0.0000000000
1558  12.731  -78.914  24.623 0.0000000000
1279  12.687  -79.714  24.539 0.0000000000
969  11.768  -80.250  24.057 0.0000000000
1573  11.507  -78.096  21.662 0.0000000000
1297  10.361  -79.709  22.381 0.0000000000
1308  9.634  -80.217  21.117 0.0000000000
1307  10.002  -79.685  21.671 0.0000000000
987  10.016  -80.807  22.100 0.0000000000
995  10.529  -81.737  22.086 0.0000000000
690  10.873  -82.169  21.331 0.0000000000
706  10.920  -82.330  19.285 0.0000000000
4919  15.259  -69.885  17.731 0.0000000000
4906  13.665  -70.051  18.558 0.0000000000
4920  14.432  -69.948  18.001 0.0000000000
4365  15.716  -70.655  17.385 0.0000000000
80032  15.251  -71.290  16.802 0.0000000000
90626  15.796  -71.982  16.444 0.0000000000
3039  16.130  -73.515  16.085 0.0000000000
88698  6.963  -77.006  20.417 0.0000000000
2995  10.246  -73.990  19.906 0.0000000000
93930  6.406  -74.763  18.112 0.0000000000
3021  6.645  -75.525  18.173 0.0000000000
3020  7.828  -75.439  17.973 0.0000000000
3008  9.492  -74.294  18.979 0.0000000000
3405  10.423  -73.041  19.259 0.0000000000
3878  11.115  -71.912  18.259 0.0000000000
76644  10.641  -72.618  17.038 0.0000000000
89480  11.999  -71.838  17.025 0.0000000000
76661  12.863  -71.534  17.029 0.0000000000
76662  13.475  -71.940  16.443 0.0000000000
3905  15.070  -72.035  16.087 0.0000000000
3040  15.805  -73.603  15.608 0.0000000000
2701  15.411  -74.096  15.233 0.0000000000
2702  14.843  -74.625  14.877 0.0000000000
92371  13.041  -72.785  14.424 0.0000000000
3447  14.553  -73.460  14.100 0.0000000000
2706  14.735  -74.258  14.231 0.0000000000
76640  9.181  -74.670  11.002 0.0000000000
84656  1.932  -66.043  24.828 0.0000000000
7047  1.425  -65.176  24.707 0.0000000000
7588  1.228  -64.234  24.833 0.0000000000
88216  2.040  -65.033  23.483 0.0000000000
7603  2.713  -64.865  23.139 0.0000000000
8223  3.314  -63.932  23.388 0.0000000000
8230  4.917  -64.118  22.577 0.0000000000
8919  3.487  -62.553  24.610 0.0000000000
8943  5.012  -62.843  23.729 0.0000000000
8229  5.511  -63.271  22.530 0.0000000000
80661  5.752  -62.963  22.017 0.0000000000
8976  4.191  -62.920  20.697 0.0000000000
80501  3.185  -63.025  20.111 0.0000000000
93898  4.236  -59.980  26.519 0.0000000000
10267  4.707  -60.147  25.466 0.0000000000
10286  5.172  -60.772  24.686 0.0000000000
10956  2.660  -58.911  24.273 0.0000000000
10287  4.466  -60.210  24.144 0.0000000000
9666  3.878  -61.482  22.301 0.0000000000
8963  2.729  -62.150  21.190 0.0000000000
8990  2.211  -62.513  19.477 0.0000000000
8992  1.454  -61.468  18.644 0.0000000000
11611  9.020  -58.008  25.203 0.0000000000
12246  8.025  -57.936  25.139 0.0000000000
12264  7.517  -57.215  24.582 0.0000000000
12892  7.887  -56.641  23.989 0.0000000000
87286  6.644  -56.838  24.609 0.0000000000
12895  5.320  -56.441  24.096 0.0000000000
13567  23.802  -55.810  21.130 0.0000000000
13566  24.301  -55.711  20.540 0.0000000000
12962  24.492  -56.743  19.200 0.0000000000
12978  24.600  -57.117  18.486 0.0000000000
13576  25.202  -55.564  19.127 0.0000000000
12989  25.071  -56.861  17.950 0.0000000000
12348  25.341  -57.159  17.319 0.0000000000
12357  25.753  -57.657  16.661 0.0000000000
93103  24.557  -51.076  20.160 0.0000000000
17261  23.052  -50.060  18.768 0.0000000000
17256  23.878  -49.900  19.586 0.0000000000
15990  24.338  -50.517  19.987 0.0000000000
14750  25.800  -53.350  18.684 0.0000000000
14166  25.925  -54.051  18.053 0.0000000000
13607  25.932  -55.341  17.616 0.0000000000
13000  25.905  -56.729  16.870 0.0000000000
13614  27.639  -55.643  15.867 0.0000000000
16008  28.696  -51.448  16.942 0.0000000000
86283  28.986  -52.899  15.878 0.0000000000
16021  29.175  -51.280  16.402 0.0000000000
19519  29.650  -46.329  16.555 0.0000000000
20330  29.860  -45.891  15.831 0.0000000000
21065  29.864  -44.120  18.366 0.0000000000
21080  30.306  -44.422  17.000 0.0000000000
88170  30.091  -45.102  15.201 0.0000000000
93797  30.117  -44.671  14.877 0.0000000000
21088  29.593  -44.358  14.600 0.0000000000
22573  27.654  -42.350  15.386 0.0000000000
22558  27.140  -42.328  16.509 0.0000000000
22559  22.970  -42.729  17.640 0.0000000000
1797  24.600  -77.104  26.345 0.0000000000
1792  25.389  -77.519  27.802 0.0000000000
2062  26.101  -77.356  27.540 0.0000000000
1784  25.346  -78.250  28.928 0.0000000000
1786  25.897  -77.978  28.322 0.0000000000
1785  26.685  -77.927  27.665 0.0000000000
89629  28.347  -77.991  27.028 0.0000000000
80044  23.377  -82.448  22.800 0.0000000000
490  22.832  -82.847  22.396 0.0000000000
462  21.547  -81.815  26.943 0.0000000000
469  21.897  -82.042  26.180 0.0000000000
477  21.315  -82.397  25.592 0.0000000000
309  19.032  -82.974  25.289 0.0000000000
483  20.771  -82.698  24.996 0.0000000000
482  21.613  -82.516  24.712 0.0000000000
487  21.861  -82.730  23.775 0.0000000000
317  22.070  -82.989  22.816 0.0000000000
321  21.508  -83.415  22.310 0.0000000000
159  20.254  -83.834  21.931 0.0000000000
165  19.854  -84.096  21.231 0.0000000000
161  18.356  -84.139  21.988 0.0000000000
166  18.670  -84.188  21.176 0.0000000000
172  18.427  -84.308  20.323 0.0000000000
177  17.555  -84.605  19.077 0.0000000000
63  18.038  -85.044  19.104 0.0000000000
1358  25.254  -79.537  14.138 0.0000000000
82662  24.518  -79.825  14.199 0.0000000000
92632  22.310  -81.844  15.796 0.0000000000
729  21.739  -82.426  16.122 0.0000000000
730  20.704  -81.969  16.420 0.0000000000
510  21.112  -82.958  16.640 0.0000000000
89703  20.701  -84.473  17.314 0.0000000000
82402  20.421  -83.929  18.202 0.0000000000
182  20.274  -84.414  18.042 0.0000000000
66  18.717  -85.092  18.634 0.0000000000
77  17.248  -85.081  16.848 0.0000000000
82  17.883  -85.176  16.004 0.0000000000
81532  19.178  -85.609  14.770 0.0000000000
206  18.180  -83.956  14.894 0.0000000000
86  18.787  -85.304  14.582 0.0000000000
7  19.885  -85.618  13.546 0.0000000000
87874  20.863  -85.627  12.886 0.0000000000
9  20.751  -85.806  12.236 0.0000000000
15  21.388  -85.907  11.564 0.0000000000
374  17.715  -83.364  12.480 0.0000000000
11  18.597  -85.741  11.820 0.0000000000
81000  19.199  -85.941  11.742 0.0000000000
23  21.151  -86.455  10.513 0.0000000000
31  21.873  -86.509  9.895 0.0000000000
91109  22.191  -86.352  9.553 0.0000000000
44  22.991  -85.979  7.538 0.0000000000
45  21.383  -86.086  7.892 0.0000000000
84941  22.066  -86.166  7.789 0.0000000000
46  23.583  -85.383  6.958 0.0000000000
50  23.300  -85.431  6.345 0.0000000000
122  24.003  -84.773  5.630 0.0000000000
129  23.582  -85.039  4.731 0.0000000000
87486  22.945  -85.513  4.738 0.0000000000
271  24.479  -84.295  3.265 0.0000000000
276  24.423  -84.045  2.615 0.0000000000
85949  23.332  -84.115  2.185 0.0000000000
421  22.970  -83.590  1.881 0.0000000000
279  22.547  -83.995  1.421 0.0000000000
286  22.728  -83.376  -0.888 0.0000000000
293  23.329  -84.111  -1.227 0.0000000000
300  22.208  -84.302  -2.510 0.0000000000
299  23.045  -84.167  -2.772 0.0000000000
444  23.886  -83.817  -2.600 0.0000000000
449  24.488  -83.110  -2.964 0.0000000000
638  24.867  -82.436  -3.663 0.0000000000
649  24.882  -81.643  -4.932 0.0000000000
651  23.051  -81.898  -5.058 0.0000000000
650  24.047  -81.752  -5.076 0.0000000000
925  25.339  -81.016  -5.477 0.0000000000
931  24.980  -80.394  -6.021 0.0000000000
1500  25.890  -79.073  -5.719 0.0000000000
1770  25.589  -78.830  -5.571 0.0000000000
2781  15.482  -75.283  3.493 0.0000000000
2493  15.224  -75.854  4.013 0.0000000000
91338  16.803  -81.617  -3.704 0.0000000000
1192  16.088  -80.597  -0.865 0.0000000000
1202  18.680  -81.084  -0.632 0.0000000000
884  17.696  -81.173  -0.846 0.0000000000
1212  16.625  -81.148  -1.137 0.0000000000
896  16.852  -81.684  -1.883 0.0000000000
908  17.241  -81.632  -2.807 0.0000000000
81834  18.797  -81.508  -3.802 0.0000000000
915  19.728  -80.898  -4.226 0.0000000000
1226  20.323  -80.580  -5.130 0.0000000000
76603  21.776  -80.415  -5.418 0.0000000000
1220  21.905  -80.556  -4.468 0.0000000000
1225  22.218  -80.371  -5.015 0.0000000000
87378  23.120  -80.027  -5.536 0.0000000000
1495  24.189  -79.293  -5.332 0.0000000000
1766  24.853  -78.782  -5.102 0.0000000000
1760  25.635  -78.397  -4.021 0.0000000000
81104  22.803  -77.033  0.396 0.0000000000
2254  23.476  -76.029  0.599 0.0000000000
89497  21.430  -71.344  -1.037 0.0000000000
13073  2.984  -55.395  10.172 0.0000000000
13093  2.484  -55.552  9.299 0.0000000000
13094  1.692  -55.901  9.318 0.0000000000
12460  2.850  -56.876  7.703 0.0000000000
12461  1.888  -56.953  7.833 0.0000000000
94462  1.351  -57.174  8.783 0.0000000000
11149  1.067  -59.575  8.347 0.0000000000
10438  0.587  -60.667  8.310 0.0000000000
11175  3.762  -60.274  3.765 0.0000000000
11176  2.787  -60.108  4.059 0.0000000000
10470  2.208  -60.732  4.784 0.0000000000
9166  2.375  -62.166  5.859 0.0000000000
9835  1.932  -61.270  5.403 0.0000000000
10457  1.720  -61.001  5.852 0.0000000000
10458  1.293  -61.076  7.091 0.0000000000
9804  0.124  -61.354  8.609 0.0000000000
5120  1.968  -70.642  4.256 0.0000000000
6230  6.280  -66.883  6.782 0.0000000000
91141  6.737  -67.393  5.957 0.0000000000
6264  5.979  -67.392  5.458 0.0000000000
6762  6.393  -66.240  4.403 0.0000000000
6278  4.695  -67.024  4.072 0.0000000000
6775  4.235  -66.856  2.651 0.0000000000
6308  5.442  -67.241  2.243 0.0000000000
6789  6.238  -66.472  2.722 0.0000000000
6788  7.357  -66.528  2.629 0.0000000000
7282  8.557  -65.484  2.320 0.0000000000
79290  7.949  -64.623  2.312 0.0000000000
7843  8.972  -64.761  2.117 0.0000000000
7281  9.555  -65.422  2.094 0.0000000000
7280  10.302  -65.718  1.832 0.0000000000
6785  10.886  -66.009  1.389 0.0000000000
7292  11.230  -65.910  0.542 0.0000000000
16137  11.781  -50.775  6.556 0.0000000000
15481  11.795  -52.322  7.912 0.0000000000
14866  12.212  -53.150  8.405 0.0000000000
14867  11.069  -53.026  8.362 0.0000000000
14265  11.250  -55.052  9.400 0.0000000000
13698  10.642  -55.753  9.209 0.0000000000
13695  13.487  -55.128  9.862 0.0000000000
13696  12.006  -56.000  10.239 0.0000000000
13088  11.535  -56.714  10.124 0.0000000000
13089  10.930  -56.590  9.523 0.0000000000
12457  10.764  -57.274  9.041 0.0000000000
11805  10.856  -58.058  8.429 0.0000000000
11147  11.201  -58.844  8.146 0.0000000000
11803  12.433  -58.949  8.809 0.0000000000
11146  12.000  -59.168  8.279 0.0000000000
11159  11.470  -59.557  8.047 0.0000000000
10450  11.654  -60.383  7.998 0.0000000000
9818  11.895  -61.421  7.961 0.0000000000
94346  12.288  -62.510  7.927 0.0000000000
11141  16.425  -59.757  8.271 0.0000000000
10433  15.794  -60.339  8.204 0.0000000000
10446  15.593  -61.251  8.062 0.0000000000
9831  16.499  -62.259  6.931 0.0000000000
9140  15.771  -62.322  7.556 0.0000000000
9815  14.954  -62.089  7.958 0.0000000000
79703  14.355  -62.818  7.794 0.0000000000
9142  13.743  -63.399  7.600 0.0000000000
8388  13.198  -63.727  7.411 0.0000000000
8421  12.956  -63.949  6.513 0.0000000000
9177  12.956  -63.380  5.771 0.0000000000
85641  12.084  -62.717  5.272 0.0000000000
9849  13.210  -61.655  4.626 0.0000000000
9850  12.193  -61.776  4.591 0.0000000000
9188  11.253  -62.080  4.686 0.0000000000
9851  10.530  -61.558  4.094 0.0000000000
9865  9.928  -61.140  3.415 0.0000000000
10501  9.566  -60.874  2.787 0.0000000000
11213  14.028  -58.597  2.339 0.0000000000
11867  13.534  -57.956  1.792 0.0000000000
79635  13.768  -56.723  0.162 0.0000000000
11880  12.345  -57.374  1.014 0.0000000000
85938  11.985  -58.833  2.390 0.0000000000
11215  10.826  -58.937  2.067 0.0000000000
10521  10.003  -59.390  1.508 0.0000000000
10514  9.765  -60.334  2.159 0.0000000000
10522  9.681  -60.238  1.379 0.0000000000
9893  9.796  -61.243  0.424 0.0000000000
9228  10.078  -61.961  0.188 0.0000000000
9902  10.837  -61.247  -0.323 0.0000000000
9242  10.551  -62.055  -0.156 0.0000000000
8496  10.533  -62.996  0.155 0.0000000000
7866  10.457  -64.043  0.017 0.0000000000
7301  11.354  -65.289  -0.022 0.0000000000
80419  11.670  -66.413  0.382 0.0000000000
6320  12.975  -67.166  0.310 0.0000000000
6319  14.316  -67.209  1.039 0.0000000000
5792  15.029  -68.257  0.177 0.0000000000
94070  15.884  -68.285  0.442 0.0000000000
5791  16.669  -68.252  0.131 0.0000000000
7842  15.698  -65.266  2.030 0.0000000000
78333  16.146  -65.679  2.691 0.0000000000
6301  15.653  -67.018  2.497 0.0000000000
5760  15.975  -68.053  1.888 0.0000000000
81980  17.164  -68.355  0.888 0.0000000000
90552  17.943  -68.259  0.564 0.0000000000
5774  18.703  -68.308  0.777 0.0000000000
82381  19.216  -68.661  1.717 0.0000000000
5756  19.598  -68.945  2.641 0.0000000000
5  21.233  -85.440  13.268 0.0000000000
16  20.527  -86.212  11.353 0.0000000000
33  20.777  -86.486  9.126 0.0000000000
43  23.874  -85.372  7.637 0.0000000000
67  20.881  -85.189  16.924 0.0000000000
71  17.027  -85.123  17.660 0.0000000000
72  21.870  -85.041  15.923 0.0000000000
74  20.387  -85.505  16.313 0.0000000000
79  21.525  -85.380  15.401 0.0000000000
81  18.621  -85.462  15.447 0.0000000000
88  21.754  -85.236  13.812 0.0000000000
90  18.981  -85.078  13.470 0.0000000000
91  21.986  -84.965  12.659 0.0000000000
105  23.444  -85.313  9.084 0.0000000000
119  24.008  -84.936  6.410 0.0000000000
148  21.158  -85.014  0.111 0.0000000000
152  18.192  -83.900  24.508 0.0000000000
155  15.828  -84.222  24.100 0.0000000000
158  17.118  -84.315  23.746 0.0000000000
160  19.768  -83.634  22.506 0.0000000000
162  18.018  -84.215  22.689 0.0000000000
171  19.462  -84.258  20.497 0.0000000000
176  18.231  -84.550  19.628 0.0000000000
185  25.560  -84.122  16.376 0.0000000000
188  21.972  -84.477  15.522 0.0000000000
190  17.219  -84.721  16.838 0.0000000000
194  26.093  -84.221  15.577 0.0000000000
203  24.331  -84.062  14.707 0.0000000000
208  26.967  -84.304  13.518 0.0000000000
209  25.132  -84.301  13.810 0.0000000000
229  22.433  -84.628  11.423 0.0000000000
239  25.408  -83.425  9.918 0.0000000000
246  24.198  -83.052  8.791 0.0000000000
255  24.281  -83.708  7.156 0.0000000000
259  24.863  -82.749  6.565 0.0000000000
268  25.199  -84.373  4.685 0.0000000000
269  23.955  -84.671  3.893 0.0000000000
272  23.769  -84.482  3.041 0.0000000000
285  24.139  -83.532  -1.326 0.0000000000
294  21.986  -84.207  -1.650 0.0000000000
298  23.638  -84.140  -1.950 0.0000000000
305  19.039  -82.473  26.507 0.0000000000
306  17.257  -82.515  26.719 0.0000000000
307  16.673  -82.490  26.467 0.0000000000
308  19.943  -82.750  25.177 0.0000000000
312  21.041  -82.891  24.142 0.0000000000
316  15.788  -83.990  24.975 0.0000000000
327  21.007  -83.757  21.915 0.0000000000
328  16.908  -84.087  21.358 0.0000000000
340  11.695  -84.310  17.492 0.0000000000
342  25.841  -83.659  16.652 0.0000000000
358  18.096  -82.718  13.633 0.0000000000
364  18.534  -83.765  12.451 0.0000000000
382  22.586  -83.734  11.799 0.0000000000
401  24.988  -81.903  6.674 0.0000000000
412  26.031  -83.777  4.499 0.0000000000
414  25.762  -83.965  3.683 0.0000000000
436  26.345  -82.440  -1.206 0.0000000000
441  25.722  -82.573  -1.795 0.0000000000
442  25.108  -82.857  -2.358 0.0000000000
455  17.947  -82.466  -3.786 0.0000000000
461  19.646  -81.552  27.559 0.0000000000
463  20.848  -81.871  27.070 0.0000000000
470  20.990  -82.204  26.435 0.0000000000
474  16.698  -82.090  27.271 0.0000000000
475  22.923  -81.949  25.226 0.0000000000
488  16.262  -82.678  23.868 0.0000000000
495  16.974  -82.828  21.465 0.0000000000
522  23.747  -82.963  16.071 0.0000000000
553  17.681  -82.680  12.882 0.0000000000
560  17.321  -82.879  12.655 0.0000000000
583  26.895  -81.744  9.729 0.0000000000
586  26.508  -81.379  8.383 0.0000000000
587  26.195  -81.423  7.802 0.0000000000
594  25.921  -83.249  5.201 0.0000000000
617  23.089  -82.188  0.451 0.0000000000
622  23.565  -82.374  -0.549 0.0000000000
640  18.330  -81.686  -4.005 0.0000000000
642  17.096  -81.576  -3.993 0.0000000000
645  24.497  -82.205  -4.416 0.0000000000
656  21.311  -80.782  27.884 0.0000000000
657  20.440  -81.169  27.759 0.0000000000
661  21.023  -81.394  27.485 0.0000000000
663  17.847  -81.701  27.469 0.0000000000
664  24.269  -81.280  26.416 0.0000000000
667  16.976  -81.779  27.191 0.0000000000
672  23.950  -81.712  23.947 0.0000000000
673  15.791  -81.918  25.340 0.0000000000
689  17.283  -81.723  20.395 0.0000000000
724  27.080  -81.733  15.532 0.0000000000
732  17.389  -81.593  15.942 0.0000000000
734  13.326  -82.198  16.688 0.0000000000
743  20.317  -81.306  15.893 0.0000000000
746  16.204  -81.221  15.102 0.0000000000
754  17.253  -81.618  14.505 0.0000000000
756  15.568  -82.306  14.127 0.0000000000
811  26.948  -80.982  8.666 0.0000000000
818  26.376  -80.799  7.142 0.0000000000
828  25.862  -81.349  5.697 0.0000000000
839  21.868  -81.121  3.245 0.0000000000
840  21.728  -80.503  2.349 0.0000000000
849  21.842  -81.143  2.245 0.0000000000
861  24.239  -81.519  1.264 0.0000000000
862  23.304  -81.619  1.141 0.0000000000
893  20.239  -81.323  -2.099 0.0000000000
907  17.548  -81.460  -3.734 0.0000000000
909  16.325  -81.831  -3.247 0.0000000000
916  17.931  -81.515  -3.957 0.0000000000
918  26.856  -81.084  -4.338 0.0000000000
921  20.405  -81.197  -5.281 0.0000000000
928  21.573  -81.103  -6.113 0.0000000000
929  20.743  -80.855  -5.743 0.0000000000
930  20.402  -80.702  -5.355 0.0000000000
932  24.051  -80.469  -6.250 0.0000000000
934  22.091  -80.580  -6.190 0.0000000000
935  23.620  -79.444  28.979 0.0000000000
939  22.567  -79.956  28.557 0.0000000000
942  19.793  -81.098  27.653 0.0000000000
944  24.547  -80.462  28.097 0.0000000000
948  18.865  -81.444  27.466 0.0000000000
949  26.269  -80.159  26.699 0.0000000000
954  17.472  -81.181  26.587 0.0000000000
959  16.841  -80.236  26.209 0.0000000000
967  15.165  -80.263  23.785 0.0000000000
968  12.395  -80.164  24.204 0.0000000000
1030  17.180  -80.586  16.486 0.0000000000
1038  26.352  -80.207  15.274 0.0000000000
1134  25.304  -80.761  5.587 0.0000000000
1145  21.935  -80.503  4.026 0.0000000000
1173  21.925  -80.377  1.694 0.0000000000
1200  20.571  -80.444  -0.775 0.0000000000
1221  21.250  -80.774  -3.992 0.0000000000
1228  26.711  -80.005  -5.529 0.0000000000
1229  25.896  -80.200  -5.746 0.0000000000
1231  25.481  -79.593  -5.929 0.0000000000
1233  23.701  -80.059  -6.090 0.0000000000
1235  23.127  -79.535  28.811 0.0000000000
1237  24.078  -78.970  29.261 0.0000000000
1238  23.386  -79.033  28.984 0.0000000000
1242  25.595  -79.317  28.591 0.0000000000
1243  21.819  -79.416  27.802 0.0000000000
1248  21.307  -79.389  26.882 0.0000000000
1256  20.896  -79.234  25.977 0.0000000000
1260  16.435  -79.580  25.768 0.0000000000
1269  16.249  -79.019  25.122 0.0000000000
1271  12.169  -79.472  24.784 0.0000000000
1280  11.933  -79.964  24.671 0.0000000000
1287  15.912  -79.827  22.197 0.0000000000
1303  16.446  -79.532  20.534 0.0000000000
1319  14.389  -79.679  19.806 0.0000000000
1324  17.220  -79.782  17.903 0.0000000000
1331  16.939  -79.977  17.067 0.0000000000
1334  14.872  -79.949  17.485 0.0000000000
1342  15.533  -79.878  16.918 0.0000000000
1447  21.687  -78.575  2.189 0.0000000000
1484  22.049  -79.785  -1.276 0.0000000000
1488  23.621  -79.254  -2.854 0.0000000000
1499  24.158  -79.522  -5.775 0.0000000000
1501  25.117  -79.308  -5.809 0.0000000000
1502  24.298  -79.610  -5.860 0.0000000000
1513  25.320  -78.664  29.085 0.0000000000
1514  24.669  -78.366  29.226 0.0000000000
1516  23.066  -78.845  28.608 0.0000000000
1522  28.631  -77.992  26.812 0.0000000000
1560  11.407  -79.067  24.464 0.0000000000
1565  11.748  -78.457  24.067 0.0000000000
1694  24.012  -78.062  3.492 0.0000000000
1704  17.986  -77.954  2.152 0.0000000000
1716  21.276  -77.722  1.146 0.0000000000
1717  21.168  -77.739  1.131 0.0000000000
1718  20.537  -77.897  0.976 0.0000000000
1765  25.583  -78.587  -4.885 0.0000000000
1768  26.973  -78.874  -5.388 0.0000000000
1769  26.246  -78.926  -5.754 0.0000000000
1771  24.850  -79.066  -5.709 0.0000000000
1772  25.470  -79.061  -5.848 0.0000000000
1788  24.241  -77.839  28.196 0.0000000000
1789  28.657  -77.897  26.680 0.0000000000
1794  23.827  -77.916  27.331 0.0000000000
1816  14.831  -77.746  24.050 0.0000000000
1818  12.739  -78.137  24.170 0.0000000000
1837  19.730  -77.181  21.362 0.0000000000
1862  11.301  -77.875  18.575 0.0000000000
1939  24.459  -77.552  8.343 0.0000000000
1947  24.357  -77.455  7.490 0.0000000000
1956  23.895  -77.745  6.246 0.0000000000
1964  24.344  -77.504  5.742 0.0000000000
2005  21.223  -77.705  1.112 0.0000000000
2011  23.671  -76.718  0.168 0.0000000000
2065  28.482  -77.259  26.325 0.0000000000
2111  19.213  -76.835  21.023 0.0000000000
2115  15.641  -75.957  21.949 0.0000000000
2116  14.742  -75.844  21.795 0.0000000000
2128  14.111  -75.620  21.155 0.0000000000
2252  19.590  -76.541  1.079 0.0000000000
2365  16.992  -75.002  20.830 0.0000000000
2367  15.347  -74.925  20.835 0.0000000000
2391  14.483  -75.004  16.277 0.0000000000
2398  13.752  -75.631  15.839 0.0000000000
2492  18.494  -75.694  3.953 0.0000000000
2516  19.709  -76.036  0.049 0.0000000000
2680  14.671  -73.919  19.541 0.0000000000
2696  15.048  -74.593  16.637 0.0000000000
2778  19.657  -74.468  2.966 0.0000000000
2791  14.759  -75.070  2.004 0.0000000000
3404  17.966  -72.438  19.391 0.0000000000
3413  17.612  -71.866  18.855 0.0000000000
3414  16.847  -72.072  18.330 0.0000000000
3434  16.158  -72.507  16.518 0.0000000000
3438  16.101  -73.084  15.942 0.0000000000
3439  15.702  -72.592  15.903 0.0000000000
3448  13.929  -73.192  13.617 0.0000000000
3532  19.260  -72.287  2.905 0.0000000000
3828  8.507  -71.204  23.431 0.0000000000
3866  5.407  -71.693  19.143 0.0000000000
3882  2.417  -71.742  18.722 0.0000000000
3890  16.248  -71.629  17.092 0.0000000000
4304  8.508  -70.201  23.518 0.0000000000
4331  7.346  -70.663  20.931 0.0000000000
4352  17.441  -70.436  18.367 0.0000000000
4353  16.830  -70.163  18.001 0.0000000000
4354  12.938  -70.665  18.300 0.0000000000
4366  14.819  -70.494  17.372 0.0000000000
4368  2.183  -71.515  17.603 0.0000000000
4380  2.316  -71.052  17.283 0.0000000000
4606  15.349  -69.698  -4.086 0.0000000000
4854  8.498  -69.153  23.035 0.0000000000
4864  8.390  -69.161  22.207 0.0000000000
4892  2.826  -70.389  20.340 0.0000000000
4904  15.624  -69.173  18.173 0.0000000000
5197  11.350  -68.458  -0.255 0.0000000000
5218  17.357  -68.362  -4.319 0.0000000000
5427  5.373  -68.190  24.779 0.0000000000
5486  7.029  -68.942  20.409 0.0000000000
5522  0.857  -67.553  18.910 0.0000000000
5735  1.106  -69.487  4.631 0.0000000000
5775  16.827  -68.313  1.835 0.0000000000
5777  13.524  -67.762  0.307 0.0000000000
5795  11.849  -68.178  -0.621 0.0000000000
5805  13.084  -68.343  -1.396 0.0000000000
5808  22.146  -65.513  -3.428 0.0000000000
5822  17.505  -67.568  -4.310 0.0000000000
5825  14.493  -68.675  -3.958 0.0000000000
6012  3.359  -67.052  24.866 0.0000000000
6019  4.460  -66.902  23.666 0.0000000000
6029  8.177  -67.945  21.940 0.0000000000
6031  6.864  -67.081  22.650 0.0000000000
6046  7.441  -67.184  20.772 0.0000000000
6068  6.065  -66.953  19.011 0.0000000000
6232  3.731  -67.914  7.202 0.0000000000
6253  6.560  -67.316  6.268 0.0000000000
6254  5.262  -68.028  6.119 0.0000000000
6262  8.045  -66.935  5.949 0.0000000000
6277  6.352  -66.892  5.090 0.0000000000
6300  16.158  -67.571  2.528 0.0000000000
6302  15.074  -67.031  1.929 0.0000000000
6318  15.165  -67.629  1.538 0.0000000000
6322  10.468  -67.385  1.548 0.0000000000
6339  18.720  -65.834  -4.286 0.0000000000
6341  17.316  -66.582  -4.028 0.0000000000
6344  17.873  -66.685  -4.298 0.0000000000
6552  6.334  -66.605  22.287 0.0000000000
6553  5.384  -65.987  22.035 0.0000000000
6554  4.983  -66.325  22.580 0.0000000000
6564  6.538  -66.159  21.154 0.0000000000
6615  0.136  -65.972  17.646 0.0000000000
6743  9.288  -66.612  6.266 0.0000000000
6744  8.449  -66.838  6.428 0.0000000000
6755  7.364  -66.717  5.425 0.0000000000
6773  15.947  -66.455  2.792 0.0000000000
6784  15.252  -66.501  2.210 0.0000000000
6799  13.738  -66.568  0.762 0.0000000000
7026  1.569  -65.487  25.675 0.0000000000
7046  1.849  -65.541  23.914 0.0000000000
7100  6.391  -65.439  18.548 0.0000000000
7101  0.919  -65.764  17.824 0.0000000000
7118  5.859  -65.173  17.825 0.0000000000
7225  10.276  -65.710  7.099 0.0000000000
7227  8.642  -66.102  7.304 0.0000000000
7243  9.827  -66.235  6.675 0.0000000000
7251  10.390  -65.694  5.930 0.0000000000
7278  15.374  -65.959  2.349 0.0000000000
7289  14.963  -65.641  1.692 0.0000000000
7300  12.259  -65.286  -0.126 0.0000000000
7302  10.500  -64.772  0.008 0.0000000000
7562  0.954  -63.738  25.682 0.0000000000
7587  1.603  -64.680  24.022 0.0000000000
7602  3.772  -64.587  22.839 0.0000000000
7618  6.216  -64.652  20.998 0.0000000000
7774  8.455  -65.117  7.492 0.0000000000
7780  1.999  -64.510  6.307 0.0000000000
7796  10.989  -65.372  6.904 0.0000000000
7808  9.807  -65.028  5.402 0.0000000000
7822  7.311  -64.359  4.478 0.0000000000
7846  6.397  -64.017  2.994 0.0000000000
7857  9.373  -64.171  1.825 0.0000000000
7863  12.678  -64.809  -0.317 0.0000000000
7875  13.058  -64.168  -0.531 0.0000000000
7876  12.200  -64.265  -0.434 0.0000000000
8221  5.351  -63.111  23.196 0.0000000000
8222  4.580  -63.605  23.281 0.0000000000
8224  2.266  -64.236  23.637 0.0000000000
8238  5.821  -63.917  21.335 0.0000000000
8257  4.844  -63.354  19.414 0.0000000000
8267  5.891  -63.816  18.811 0.0000000000
8394  6.035  -63.850  7.465 0.0000000000
8399  1.178  -63.459  6.774 0.0000000000
8407  14.224  -63.556  6.619 0.0000000000
8409  12.831  -64.151  7.066 0.0000000000
8420  13.656  -63.586  6.232 0.0000000000
8434  9.069  -63.048  4.663 0.0000000000
8448  6.842  -63.037  3.649 0.0000000000
8463  6.720  -63.322  3.056 0.0000000000
8514  13.425  -63.442  -0.671 0.0000000000
8858  3.981  -61.498  29.745 0.0000000000
8879  5.131  -62.620  28.656 0.0000000000
8880  0.769  -61.609  28.155 0.0000000000
8890  0.763  -61.644  27.332 0.0000000000
8962  4.457  -62.593  21.262 0.0000000000
8977  2.762  -62.489  20.724 0.0000000000
8978  1.967  -61.991  20.846 0.0000000000
9143  13.013  -63.032  7.872 0.0000000000
9148  7.090  -62.494  7.596 0.0000000000
9151  1.800  -62.387  6.221 0.0000000000
9184  15.628  -62.117  4.893 0.0000000000
9191  8.103  -62.170  4.133 0.0000000000
9208  8.671  -61.853  2.503 0.0000000000
9229  9.801  -61.912  0.959 0.0000000000
9576  1.843  -60.551  29.225 0.0000000000
9587  6.021  -61.307  29.222 0.0000000000
9599  1.473  -60.315  27.651 0.0000000000
9600  1.011  -61.029  27.203 0.0000000000
9814  16.784  -61.523  7.357 0.0000000000
9817  12.705  -61.787  8.004 0.0000000000
9821  7.138  -61.700  7.543 0.0000000000
9825  0.305  -62.305  7.832 0.0000000000
9840  17.068  -62.048  5.123 0.0000000000
9864  10.903  -61.039  3.674 0.0000000000
9867  8.264  -61.479  3.104 0.0000000000
9880  9.643  -61.059  1.221 0.0000000000
9900  12.851  -61.540  -0.436 0.0000000000
10213  3.737  -59.764  29.128 0.0000000000
10224  7.128  -60.229  27.562 0.0000000000
10251  10.514  -60.963  25.266 0.0000000000
10289  0.983  -59.080  23.258 0.0000000000
10436  12.914  -60.307  8.326 0.0000000000
10445  16.458  -60.806  7.861 0.0000000000
10449  12.415  -60.726  8.102 0.0000000000
10469  3.151  -60.589  4.433 0.0000000000
10500  10.296  -60.614  2.909 0.0000000000
10535  9.693  -60.461  0.498 0.0000000000
10954  13.329  -58.871  23.493 0.0000000000
10973  0.894  -58.858  22.924 0.0000000000
11000  20.586  -58.987  20.886 0.0000000000
11148  1.668  -59.106  7.362 0.0000000000
11214  13.104  -58.729  2.504 0.0000000000
11230  10.257  -58.943  0.861 0.0000000000
11238  10.811  -58.683  0.368 0.0000000000
11241  15.526  -59.570  -0.192 0.0000000000
11242  14.638  -59.147  -0.240 0.0000000000
11243  13.718  -58.666  -0.389 0.0000000000
11245  10.714  -59.438  -0.057 0.0000000000
11568  3.836  -57.696  27.987 0.0000000000
11583  4.872  -57.171  27.327 0.0000000000
11802  13.330  -59.285  9.138 0.0000000000
11828  3.174  -58.298  5.357 0.0000000000
11868  12.664  -57.963  1.812 0.0000000000
11869  11.574  -58.186  1.639 0.0000000000
11879  13.315  -57.125  0.975 0.0000000000
11882  10.915  -58.319  0.774 0.0000000000
11888  14.444  -57.972  0.034 0.0000000000
11889  13.285  -56.726  -0.181 0.0000000000
12281  13.409  -58.116  23.063 0.0000000000
12341  23.636  -57.913  18.814 0.0000000000
12421  14.971  -57.217  10.475 0.0000000000
12441  11.777  -57.462  10.019 0.0000000000
12443  1.569  -56.633  8.608 0.0000000000
12456  11.385  -57.779  9.195 0.0000000000
12478  2.489  -57.616  7.203 0.0000000000
12524  12.972  -56.656  0.206 0.0000000000
12525  12.229  -57.211  0.400 0.0000000000
12918  12.701  -56.244  22.806 0.0000000000
12928  13.826  -56.619  21.885 0.0000000000
13025  27.644  -55.612  15.190 0.0000000000
13055  6.727  -56.225  11.699 0.0000000000
13067  13.505  -56.646  10.637 0.0000000000
13112  5.754  -55.817  6.608 0.0000000000
13123  6.148  -55.867  5.288 0.0000000000
13131  8.070  -55.479  4.992 0.0000000000
13132  7.366  -55.800  4.857 0.0000000000
13697  11.329  -55.940  9.764 0.0000000000
13737  7.766  -55.203  4.884 0.0000000000
14188  27.451  -55.050  16.357 0.0000000000
14266  6.578  -54.116  9.193 0.0000000000
14295  6.280  -54.107  7.002 0.0000000000
14301  8.100  -54.375  5.321 0.0000000000
14310  7.708  -54.755  5.047 0.0000000000
14311  7.118  -54.679  5.281 0.0000000000
14767  28.579  -53.706  16.090 0.0000000000
14810  3.408  -52.824  14.174 0.0000000000
15444  7.244  -52.658  11.283 0.0000000000
15461  7.412  -52.601  10.023 0.0000000000
15471  6.161  -52.147  8.750 0.0000000000
16030  29.103  -51.045  15.241 0.0000000000
16041  28.648  -50.928  14.638 0.0000000000
16113  8.575  -51.753  10.442 0.0000000000
16583  26.961  -50.192  17.885 0.0000000000
16622  3.919  -49.655  15.341 0.0000000000
16675  10.105  -49.953  11.160 0.0000000000
16679  6.820  -50.263  11.774 0.0000000000
16711  9.275  -50.365  9.303 0.0000000000
16734  9.274  -49.668  7.218 0.0000000000
17309  2.593  -49.235  14.233 0.0000000000
17415  9.585  -49.129  7.358 0.0000000000
17429  10.420  -48.599  6.622 0.0000000000
18107  7.801  -48.801  11.515 0.0000000000
18142  14.347  -47.918  9.195 0.0000000000
18767  29.573  -47.282  16.510 0.0000000000
19509  29.457  -45.882  17.078 0.0000000000
20313  25.576  -45.366  18.537 0.0000000000
20346  6.513  -45.110  13.019 0.0000000000
20368  7.739  -45.587  10.938 0.0000000000
20384  9.123  -45.336  10.372 0.0000000000
21118  6.812  -44.446  12.479 0.0000000000
21879  12.613  -43.706  12.465 0.0000000000
21906  15.213  -42.176  10.951 0.0000000000
22598  13.769  -40.967  11.617 0.0000000000
22600  11.222  -41.789  12.170 0.0000000000
22608  14.001  -40.319  11.107 0.0000000000
22618  14.705  -41.454  10.852 0.0000000000
23331  13.792  -40.170  11.246 0.0000000000
23333  12.486  -40.213  11.536 0.0000000000
23337  7.319  -39.587  12.216 0.0000000000
23348  7.964  -39.284  11.625 0.0000000000
23349  7.364  -39.457  11.810 0.0000000000
23360  13.084  -39.593  10.792 0.0000000000
23393  14.733  -41.649  8.620 0.0000000000
24047  26.404  -40.654  14.219 0.0000000000
24058  7.792  -39.169  11.555 0.0000000000
24127  17.111  -40.042  6.693 0.0000000000
24158  14.242  -39.303  4.846 0.0000000000
24830  13.933  -39.096  5.735 0.0000000000
25527  14.866  -38.526  6.207 0.0000000000
26349  14.268  -37.131  5.188 0.0000000000
26382  14.375  -37.037  4.739 0.0000000000
76604  20.791  -80.643  -5.540 0.0000000000
77431  21.503  -80.496  -5.886 0.0000000000
77739  7.321  -40.428  11.825 0.0000000000
77922  2.288  -72.046  17.149 0.0000000000
78157  24.968  -78.239  -3.473 0.0000000000
78213  22.924  -80.250  -6.094 0.0000000000
78400  8.572  -70.252  24.189 0.0000000000
78710  25.327  -83.660  9.833 0.0000000000
79136  11.092  -62.800  -0.220 0.0000000000
79205  15.662  -81.522  23.356 0.0000000000
79310  10.864  -78.503  20.339 0.0000000000
79375  9.384  -80.003  19.263 0.0000000000
79558  18.858  -74.396  3.719 0.0000000000
79996  15.473  -73.201  15.274 0.0000000000
80186  17.463  -84.031  18.705 0.0000000000
80357  24.239  -78.894  8.152 0.0000000000
80409  13.026  -75.872  20.214 0.0000000000
80522  5.716  -71.042  20.170 0.0000000000
80710  7.153  -66.502  7.154 0.0000000000
80821  15.303  -83.879  24.366 0.0000000000
81211  15.251  -81.645  15.157 0.0000000000
81223  13.342  -78.337  24.231 0.0000000000
81345  6.234  -45.546  12.408 0.0000000000
81358  22.278  -86.022  7.036 0.0000000000
81424  22.450  -85.428  10.871 0.0000000000
81894  18.004  -78.274  24.667 0.0000000000
82106  6.699  -65.769  19.296 0.0000000000
82140  8.015  -41.058  12.815 0.0000000000
82475  24.800  -84.387  3.936 0.0000000000
82479  25.415  -84.205  3.950 0.0000000000
82635  0.706  -62.458  26.649 0.0000000000
82761  25.916  -82.114  15.823 0.0000000000
83058  22.018  -78.642  25.575 0.0000000000
83106  12.661  -76.334  17.209 0.0000000000
83350  0.902  -62.272  7.105 0.0000000000
83537  8.606  -60.011  26.097 0.0000000000
83665  11.861  -63.052  -0.568 0.0000000000
83706  11.261  -72.068  17.459 0.0000000000
83806  5.384  -56.383  7.289 0.0000000000
83827  0.861  -59.058  9.072 0.0000000000
84032  5.417  -63.221  21.062 0.0000000000
84200  6.142  -65.762  3.085 0.0000000000
84333  14.899  -79.473  19.101 0.0000000000
84517  12.924  -40.976  11.713 0.0000000000
84669  11.594  -78.265  23.228 0.0000000000
84990  7.707  -65.823  2.539 0.0000000000
85901  8.332  -66.624  5.680 0.0000000000
85961  1.995  -60.038  5.910 0.0000000000
85964  22.832  -84.299  -1.860 0.0000000000
86464  10.095  -62.667  0.692 0.0000000000
86600  8.671  -50.079  7.640 0.0000000000
86764  5.692  -46.824  12.346 0.0000000000
86792  20.680  -75.405  -0.395 0.0000000000
86876  20.438  -85.671  13.976 0.0000000000
87165  30.284  -44.917  15.960 0.0000000000
87213  11.795  -58.915  -0.286 0.0000000000
87452  7.842  -61.066  26.693 0.0000000000
87704  1.730  -59.642  29.025 0.0000000000
87778  18.838  -82.154  27.272 0.0000000000
87788  10.159  -75.243  -1.703 0.0000000000
88061  5.731  -63.040  7.475 0.0000000000
88525  22.345  -80.531  -3.732 0.0000000000
88645  11.352  -61.500  4.217 0.0000000000
88949  8.075  -75.403  16.391 0.0000000000
89548  23.676  -83.817  -0.967 0.0000000000
90168  23.782  -78.396  6.664 0.0000000000
90219  27.408  -79.076  26.731 0.0000000000
90330  18.786  -82.761  26.056 0.0000000000
90358  11.026  -45.760  10.455 0.0000000000
90482  23.507  -77.691  -0.660 0.0000000000
90807  21.743  -85.284  12.095 0.0000000000
91013  13.429  -60.139  8.522 0.0000000000
91057  12.937  -59.544  23.761 0.0000000000
91124  24.259  -83.539  11.558 0.0000000000
91465  24.719  -83.482  9.727 0.0000000000
91468  23.010  -80.119  -5.006 0.0000000000
91525  9.337  -50.782  6.851 0.0000000000
91566  13.442  -60.752  -0.403 0.0000000000
91707  3.163  -61.996  5.780 0.0000000000
92070  16.268  -62.634  6.218 0.0000000000
92378  27.607  -78.056  27.315 0.0000000000
92551  17.043  -61.792  4.576 0.0000000000
92583  7.005  -66.661  20.475 0.0000000000
92687  6.801  -54.445  11.847 0.0000000000
92750  18.969  -85.594  15.901 0.0000000000
92757  23.626  -84.223  2.570 0.0000000000
92850  21.834  -76.282  0.092 0.0000000000
92896  22.046  -85.782  2.554 0.0000000000
92986  18.230  -80.582  -0.224 0.0000000000
93189  22.908  -85.702  9.543 0.0000000000
93259  7.780  -44.409  10.975 0.0000000000
93297  6.986  -66.930  6.750 0.0000000000
93352  12.756  -67.624  0.010 0.0000000000
93356  25.730  -84.397  14.167 0.0000000000
93441  0.114  -62.890  7.983 0.0000000000
93474  2.180  -60.280  22.864 0.0000000000
93488  1.767  -60.095  22.299 0.0000000000
93603  21.601  -80.575  -1.997 0.0000000000
93670  4.311  -67.033  2.049 0.0000000000
93814  15.922  -83.456  22.928 0.0000000000
93936  22.117  -84.485  13.989 0.0000000000
93947  2.563  -59.439  28.974 0.0000000000
93958  10.768  -70.736  1.088 0.0000000000
94481  17.804  -84.259  23.303 0.0000000000
94537  7.514  -77.119  21.333 0.0000000000
94624  16.188  -84.263  23.338 0.0000000000
94753  26.647  -84.335  14.194 0.0000000000
94880  13.121  -51.834  7.395 0.0000000000
94956  11.775  -80.829  22.151 0.0000000000
