global_signal	global_signal_derivative1	global_signal_power2	global_signal_derivative1_power2	csf	csf_derivative1	csf_power2	csf_derivative1_power2	white_matter	white_matter_derivative1	white_matter_derivative1_power2	white_matter_power2	csf_wm	tcompcor	std_dvars	dvars	framewise_displacement	rmsd	t_comp_cor_00	t_comp_cor_01	t_comp_cor_02	t_comp_cor_03	t_comp_cor_04	c_comp_cor_00	c_comp_cor_01	c_comp_cor_02	c_comp_cor_03	c_comp_cor_04	c_comp_cor_05	w_comp_cor_00	w_comp_cor_01	w_comp_cor_02	w_comp_cor_03	w_comp_cor_04	w_comp_cor_05	w_comp_cor_06	w_comp_cor_07	w_comp_cor_08	w_comp_cor_09	w_comp_cor_10	w_comp_cor_11	w_comp_cor_12	w_comp_cor_13	w_comp_cor_14	w_comp_cor_15	w_comp_cor_16	w_comp_cor_17	w_comp_cor_18	w_comp_cor_19	w_comp_cor_20	w_comp_cor_21	w_comp_cor_22	w_comp_cor_23	w_comp_cor_24	a_comp_cor_00	a_comp_cor_01	a_comp_cor_02	a_comp_cor_03	a_comp_cor_04	a_comp_cor_05	a_comp_cor_06	a_comp_cor_07	a_comp_cor_08	a_comp_cor_09	a_comp_cor_10	a_comp_cor_11	a_comp_cor_12	a_comp_cor_13	a_comp_cor_14	a_comp_cor_15	a_comp_cor_16	a_comp_cor_17	a_comp_cor_18	a_comp_cor_19	a_comp_cor_20	edge_comp_00	edge_comp_01	edge_comp_02	edge_comp_03	edge_comp_04	edge_comp_05	edge_comp_06	edge_comp_07	edge_comp_08	edge_comp_09	edge_comp_10	edge_comp_11	edge_comp_12	edge_comp_13	edge_comp_14	edge_comp_15	edge_comp_16	edge_comp_17	edge_comp_18	edge_comp_19	edge_comp_20	edge_comp_21	edge_comp_22	edge_comp_23	cosine00	cosine01	cosine02	cosine03	trans_x	trans_x_derivative1	trans_x_derivative1_power2	trans_x_power2	trans_y	trans_y_derivative1	trans_y_power2	trans_y_derivative1_power2	trans_z	trans_z_derivative1	trans_z_power2	trans_z_derivative1_power2	rot_x	rot_x_derivative1	rot_x_power2	rot_x_derivative1_power2	rot_y	rot_y_derivative1	rot_y_power2	rot_y_derivative1_power2	rot_z	rot_z_derivative1	rot_z_derivative1_power2	rot_z_power2	motion_outlier00	motion_outlier01	motion_outlier02	motion_outlier03	motion_outlier04	motion_outlier05	motion_outlier06	motion_outlier07	motion_outlier08	motion_outlier09	motion_outlier10	motion_outlier11	motion_outlier12	motion_outlier13	motion_outlier14	motion_outlier15	motion_outlier16	motion_outlier17
4446.858206140332	n/a	19774547.90551761	n/a	5472.809605670797	n/a	29951644.979922548	n/a	5122.997508416316	n/a	n/a	26245103.471239783	5243.549422191241	4065.865202629056	n/a	n/a	n/a	n/a	-0.0228023145	-0.0660993379	0.034608918	0.0159165983	-0.0042131982	0.0124629855	-0.000977697	0.0478967809	-0.0211797037	0.0175167708	-0.0081503398	-0.0485963903	0.0451060989	-0.0818352206	0.0290045455	-0.0964982785	0.0072927398	-0.0418753099	0.0061969739	-0.0268163659	0.108945068	-0.0452682828	0.0110092521	-0.052841336	0.0004362999	-0.0437024954	0.077739853	-0.0187206043	0.0326686851	-0.1324809645	0.1571601478	-0.1131642078	-0.0121537497	0.1397470518	-0.0677082616	0.1270359158	-0.0311901296	0.0592496679	-0.0580955579	0.0402332043	-0.0402686714	0.0163109685	-0.0918069998	0.0134000383	-0.0293031824	0.0346343469	0.0513963903	-0.0097786541	0.0849704527	-0.0585303309	0.0373500242	-0.0234789385	0.0364772416	-0.0172572628	0.1660142357	-0.090376281	0.0275401362	-0.0139185677	-0.0745245697	0.0089681357	-0.1450184664	0.0664414119	-0.0131478577	0.0254246094	-0.0345397345	0.0690401306	-0.0143532108	0.1138945773	-0.184727928	0.0172483627	0.0086234825	-0.0136741069	0.1739127501	-0.0439200521	0.0594496196	-0.0771756609	0.0706167625	-0.0149281041	0.0218378812	-0.074006164	0.0523274611	0.1054052417	0.105393201	0.1053731342	0.1053450429	0.0674260370620771	n/a	n/a	0.0045462704738965	0.0294740453170305	n/a	0.0008687193473503	n/a	0.0153656477154555	n/a	0.0002361031297154	n/a	0.0021360212051878	n/a	4.562586589011942e-06	n/a	-0.0014099562556053	n/a	1.987976642720518e-06	n/a	0.0028550103245198	n/a	n/a	8.151083953114655e-06	0.0	0.0	0.0	0.0	0.0	0.0	0.0	0.0	0.0	0.0	0.0	0.0	0.0	0.0	0.0	0.0	0.0	0.0
4442.565712334173	-4.292493806158745	19736390.10840724	18.425503075911195	5493.70697147764	20.89736580684257	30180816.28846202	436.6998976649931	5127.250077585276	4.252569168959781	18.08434453678728	26288693.358098216	5255.5439453125	4082.337904407496	0.889078	17.563183	0.08661091586287	0.0457395967729285	-0.0481971332	-0.0748936122	0.0258843826	0.0639952325	-0.0132064502	-0.0220744298	-0.0932155834	-0.0167903419	-0.0308405639	-0.0071015016	0.0325705839	-0.0179526348	0.0465821429	0.0622342089	0.071030743	-0.1085415093	0.0235099944	-0.0069720178	0.0208540434	-0.0052987373	0.0884664935	0.0769908274	0.1380513387	-0.0664819863	0.0106187726	-0.0489314327	-0.012965042	-0.0541478145	-0.0822694818	0.0438173382	-0.0616939465	-0.0706776802	0.0179751772	0.0908876623	0.1493943079	-0.0112687524	0.0272651881	0.0759594852	0.0180100092	-0.1251069944	-0.0152360504	0.0449960006	-0.0525612442	0.0007710942	-0.0725323513	0.0029309321	0.0225148431	0.0531002787	-0.0070610168	-0.115184428	0.0648655092	-0.0238794053	-0.0300497522	0.1691661208	0.0334798746	-0.0241134658	-0.019470225	-0.0251511906	-0.0806666395	0.0144896696	-0.104511426	0.043255561	0.0596669468	-0.1402422917	-0.1210257301	0.0391256387	-0.0150458814	0.1427049734	-0.0342376891	0.0777906796	-0.0555700565	-0.0092989974	0.1170799282	-0.0629222911	0.0376452605	-0.0653820867	0.1017870473	-0.0325915584	-0.014161478	-0.077758422	0.0567946491	0.1053731342	0.1052647956	0.1050843138	0.1048318124	0.0718896790620107	0.0044636419999335	1.9924099903571216e-05	0.0051681259556389	0.0088601639082384	-0.020613881408792	7.850250448085037e-05	0.0004249321067357	0.0229419770054448	0.0075763292899893	0.0005263343089183	5.740076551034976e-05	0.0020489128414369	-8.710836375089986e-05	4.198043831805032e-06	7.587867035359085e-09	-0.0017397625814887	-0.0003298063258834	3.026773839948225e-06	1.0877221259270752e-07	0.002192783750871	-0.0006622265736488	4.385440348466296e-07	4.808300578083892e-06	0.0	0.0	0.0	0.0	0.0	0.0	0.0	0.0	0.0	0.0	0.0	0.0	0.0	0.0	0.0	0.0	0.0	0.0
4456.610544789477	14.044832455303547	19861377.54792876	197.25731869754796	5489.191436557112	-4.515534920527898	30131222.62717193	20.39005561850689	5138.278952379506	11.028874794230433	121.63607922681136	26401910.59246624	5256.786682616074	4060.758969914085	1.299891	25.678526	0.3013470823440164	0.1595082454406588	0.0566566746	-0.0660596462	-0.0639910196	-0.0996313145	0.122245611	0.0060186632	0.0007988655	-0.0704320182	0.0425545829	0.1128003476	-0.002470752	0.0328541948	-0.0772657974	-0.0822862009	-0.0193420754	-0.0614523042	0.0394150435	-0.1558543842	0.015152813	-0.0543592894	0.1761189674	-0.087218413	0.0462924946	-0.0859009878	-0.0371872707	0.0050346454	-0.0928298068	-0.0664241647	0.0077819051	-0.0828454214	0.0397424313	-0.1472845698	0.1107783525	0.0328235903	0.0182950032	-0.1502702762	0.0040849768	-0.0571943178	-0.0890253432	0.0239066563	0.058756303	-0.0600382896	-0.1212051711	-0.008277233	-0.1349926947	-0.0139993019	0.058434966	0.0456929757	0.1734689569	-0.1205441701	-0.0054936397	-0.0511497517	-0.0925453162	-0.1023839463	0.0668695126	-0.0161999903	-0.1054597477	0.046896555	0.0277436829	-0.0113203985	0.0136393158	0.2101954923	-0.0300115498	0.0384892416	-0.074778792	0.0613045288	-0.0679405399	0.3129741908	0.1707096901	0.1283473932	0.1008398655	-0.0654353393	0.0372712293	0.1455296156	-0.066939331	0.1064754329	0.0453815747	0.1235816283	0.0426815687	-0.0855182322	0.0798166918	0.1053089291	0.1050081413	0.1045074645	0.1038078519	0.0585185665804459	-0.0133711124815648	0.0001787866489946	0.00342442263463	0.0152110925546367	0.0063509286463983	0.0002313773367057	4.033429467164255e-05	0.1053674184481181	0.0824254414426733	0.0111022928704208	0.0067939533970195	-0.0002323715341062	-0.0022812843755431	5.399652986286887e-08	5.204258402097073e-06	-0.0001132638187486	0.0016264987627401	1.2828692637515713e-08	2.6454982251950765e-06	0.0022689926080554	7.620885718439977e-05	5.80778991335224e-09	5.148327455410046e-06	0.0	0.0	0.0	0.0	0.0	0.0	0.0	0.0	0.0	0.0	0.0	0.0	0.0	0.0	0.0	0.0	0.0	0.0
4448.908099632614	-7.7024451568631775	19792783.278976675	59.32766139448502	5478.563028690733	-10.628407866379348	30014652.85933697	112.9630537741144	5127.428884239394	-10.850068140111944	117.72397864507224	26290526.96293244	5245.453929522698	4051.2477264404297	0.892061	17.622097	0.139659699587183	0.0676800602300826	0.0704034729	-0.0782761336	-0.0730981332	-0.1084729986	0.1112455569	0.0446609151	0.0087253985	-0.0756074095	0.0098633608	0.0926904174	0.0069743866	-0.0207263623	0.0776755384	0.0315980473	-0.0495194948	-0.0159662752	0.11028164	-0.0894495111	-0.0358084392	-0.0026432851	0.0348542542	-0.0405711748	0.0295136743	-0.0553124804	0.0369227081	0.0497952469	0.0731038168	0.104542066	-0.0190852547	-0.0534344008	0.0363821471	-0.0385984521	0.0005782618	0.0075584211	-0.0948720394	-0.0462151872	-0.0332755229	0.0452619866	0.0555364931	0.000807939	0.0929282871	-0.0193582272	-0.076894062	-0.0865486309	-0.0229122207	0.0488926583	-0.0250277038	-0.0492820453	0.0840490244	-0.0274944597	0.0850390128	0.0116819126	0.0101312023	-0.0831269456	0.0203897689	0.1483869493	0.0007986572	0.0628623222	0.0210220569	-0.0751647435	-0.0166509958	0.0582149143	-0.0617894995	-0.1385183295	-0.0193210648	0.0360660421	-0.0730600032	0.1330808137	-0.0148665788	0.0078796105	-0.047701169	0.0029500471	-0.0134472278	0.0083727408	-0.1636973512	0.0047418519	-0.0189017572	0.065374204	-0.0788583261	-0.1026544045	-0.002464287	0.1052126458	0.1046235507	0.1036441676	0.10227815	0.0377602005482202	-0.0207583660322257	0.0004309097603278	0.0014258327454418	0.0199233184902709	0.0047122259356341	0.0003969386196647	2.22050732684636e-05	0.1322012199293212	0.0268338014812031	0.0174771625508007	0.0007200529019326	0.0002592117243461	0.0004915832584523	6.719071803847854e-08	2.416540999905808e-07	-0.0003408389469399	-0.0002275751281913	1.1617118775110001e-07	5.179043897128664e-08	0.0012410448719366	-0.0010279477361188	1.0566765481917662e-06	1.5401923741601315e-06	0.0	0.0	0.0	0.0	0.0	0.0	0.0	0.0	0.0	0.0	0.0	0.0	0.0	0.0	0.0	0.0	0.0	0.0
4450.688304298719	1.7802046661054192	19808626.38202141	3.169128653223507	5489.363451306574	10.800422615840944	30133111.10054042	116.64912868076854	5135.918686835465	8.489802596071058	72.07674812025488	26377660.75778573	5253.624968542884	4068.521321644635	0.857732	16.943943	0.1077343763803531	0.0560327108489358	0.0371550829	-0.0676699924	-0.0756256786	-0.1050279642	0.0789176023	0.0362778665	0.0334145292	-0.1071593526	0.0293728714	0.0811147774	0.0481324569	0.0181103182	-0.115592413	-0.005348937	-0.0210184489	-0.0794387648	0.0627870336	-0.131044538	0.0341985222	-0.0163239657	-0.0326962469	-0.0631976319	0.002032721	0.0733830172	0.0025027471	-0.1213725568	0.0526906376	0.064495116	-0.0058385602	-0.0240166764	0.046619151	0.0818344723	0.1302940522	0.0375578532	-0.0360728227	-0.036425951	-0.0255270758	-0.1249979588	-0.0441155564	-0.0086139799	0.0627481791	-0.0124130522	-0.1315280633	-0.044667428	0.0241315644	0.0383418537	0.0430819079	-0.0398827404	-0.0011126717	0.0728104195	0.0432225454	0.1387093025	-0.0296715997	-0.0268361882	-0.0392188023	0.0548372717	0.0489274387	0.0432406777	0.0059780371	-0.0767107592	-0.049181589	0.1661449273	0.0731907626	-0.014359525	-0.0179197198	0.0403657348	-0.0742838841	0.0726604278	-0.1293426323	-0.0779607562	-0.0412124278	-0.0294199105	-0.0744381612	0.0030598883	-0.12290142	0.0737549007	0.0335532331	0.061665525	-0.0394952998	-0.0425679608	0.0137834356	0.1050843138	0.1041114925	0.1024967892	0.1002501592	0.0438345660744943	0.006074365526274	3.689791654678721e-05	0.0019214691829392	0.0258092726530492	0.0058859541627783	0.0006661185548794	3.46444564063272e-05	0.1128917223781655	-0.0193094975511557	0.0127445409815087	0.000372856695678	0.0012049695447416	0.0009457578203955	1.451951603754779e-06	8.94457854839247e-07	-0.0005970556070182	-0.0002562166600783	3.564753978718713e-07	6.564697690167913e-08	0.0015683615742657	0.0003273167023291	1.071362236235967e-07	2.4597580276331847e-06	0.0	0.0	0.0	0.0	0.0	0.0	0.0	0.0	0.0	0.0	0.0	0.0	0.0	0.0	0.0	0.0	0.0	0.0
4454.442781162603	3.7544768638836095	19842060.490651622	14.09609652143731	5475.234951676994	-14.128499629579892	29978197.77606537	199.61450178303917	5131.504883234159	-4.413803601306427	19.48166223090558	26332342.36665602	5253.690079483502	4080.491340039928	0.815994	16.119442	0.1013825976777944	0.0498819154496132	0.0372603636	-0.0398599358	-0.0852649686	-0.0895668265	0.0272986727	0.0338472333	0.0558896107	-0.0578381015	0.0505188817	0.0236779035	0.0453089103	0.0005972864	0.0682451202	-0.0277287948	-0.1084850982	-0.045635834	0.0505444599	-0.1009882447	0.0179663103	0.0665980557	0.034270304	0.0249590709	-0.0049553573	0.018746582	-0.021746638	-0.1121379426	0.0769048648	0.1202315984	-0.0030997954	0.0191144263	-0.077283106	0.0573951735	-0.0342073043	-0.0163219211	-0.0694020735	-0.1023437345	-0.0080136776	0.029207872	0.0535774623	0.1146001637	0.0562975831	0.049058466	-0.0979037958	-0.0970899785	-0.019871226	-0.0196429879	0.0559276285	-0.0808596529	-0.007250822	0.0212587273	0.0681441788	0.0740446151	-0.0235686643	0.0837325805	-0.1165594469	0.1096427622	0.0314370473	0.029558682	-0.0290075243	-0.0653499581	-0.0669864136	0.1386158259	-0.0910503919	-0.0681115343	-0.0231954666	-0.041117184	-0.0346049243	0.0780992179	-0.1042747837	-0.1280380974	-0.0372442009	-0.0108924757	-0.0134050684	-0.0514280551	-0.0801544489	0.0401040648	0.0053557285	-0.0447960223	-0.0424073067	-0.0108741873	0.0956777262	0.104923972	0.1034725904	0.1010684743	0.0977337597	0.0443379492568993	0.000503383182405	2.5339462832818945e-07	0.0019658537443073	0.0209429783045749	-0.0048662943484742	0.0004386083402658	2.3680820685992892e-05	0.0878784152421303	-0.0250133071360351	0.0077226158654682	0.0006256655338816	0.0008662534917896	-0.000338716052952	7.503951120376746e-07	1.1472856452738213e-07	-0.0012626427918265	-0.0006655871848083	1.594266819751418e-06	4.430063005810381e-07	0.001984050596723	0.0004156890224572	1.727973633915055e-07	3.936456770356891e-06	0.0	0.0	0.0	0.0	0.0	0.0	0.0	0.0	0.0	0.0	0.0	0.0	0.0	0.0	0.0	0.0	0.0	0.0
4451.418908876376	-3.023872286226833	19815130.302302144	9.143803603410696	5499.301751077586	24.06679940059257	30242319.749405008	579.210833388363	5131.948171348769	0.4432881146103682	0.1965043525548149	26336892.03340998	5242.461745363276	4055.494454613464	0.977709	19.314024	0.0614143449243157	0.0309047828918937	0.0045644358	-0.0131124724	-0.1262567296	-0.0612636936	-0.0570973879	-0.0080646518	0.0578604579	-0.0620622557	0.0348083462	0.0717100528	0.0511304431	-0.0180122855	-0.0944107488	0.0513288782	-0.0418832868	-0.0592213862	0.0101265954	-0.1094028934	-0.0890099184	0.0360940522	-0.0990210358	-0.0180828687	0.0294439914	0.0418898941	0.0246045799	-0.0466977171	0.066960787	0.0888375587	-0.1375555813	-0.091341291	0.0723037092	-0.0473838001	-0.0031138302	-0.1131129404	0.0346385752	-0.006280417	-0.0636807584	-0.106987874	0.0061932051	-0.0270590361	0.0400379738	-0.0033677525	-0.1270890332	-0.014730116	0.0257215219	-0.0483634446	-0.0714009173	-0.0458395513	-0.0181411139	0.0008169095	0.0412363169	0.0734569595	-0.019737833	0.0452246402	-0.0289427548	0.0516452645	0.0529227965	0.0412647253	-0.0329024585	0.0041110594	0.0109689977	0.161716184	0.0802045095	-0.1240554099	-0.0301876446	-0.0324385288	-0.025106907	-0.0395289881	-0.0839761654	-0.1228966584	-0.0104244684	-0.0379206339	0.0169004836	-0.0873406672	0.0797854111	0.0207701825	-0.01101539	-0.0696501475	-0.0146610347	-0.0031180288	0.0041307587	0.1047316694	0.102707623	0.0993631376	0.0947412111	0.0595978375457519	0.0152598882888526	0.0002328641905882	0.0035519022401298	0.0176544536433169	-0.003288524661258	0.000311679733444	1.0814394447702047e-05	0.0957424454615605	0.0078640302194301	0.0091666158629598	6.184297129211124e-05	0.0008673554322851	1.1019404954999354e-06	7.523054459144726e-07	1.2142728556226434e-12	-0.001541960493258	-0.0002793177014314	2.3776421627684547e-06	7.801837833297656e-08	0.0024036689898915	0.0004196183931685	1.7607959588531385e-07	5.777624612966023e-06	0.0	0.0	0.0	0.0	0.0	0.0	0.0	0.0	0.0	0.0	0.0	0.0	0.0	0.0	0.0	0.0	0.0	0.0
4450.414125825868	-1.0047830505081947	19806185.891350426	1.0095889785885537	5469.064779768319	-30.23697130926757	29910669.565302286	914.2744339574704	5125.512640075157	-6.435531273612469	41.41606277364412	26270879.823570207	5244.867428578428	4098.369290440614	1.022305	20.194986	0.0738186896519319	0.035989397222541	0.0439343948	-0.0673473523	-0.0946877642	-0.0813466629	0.0864202243	0.0323080452	0.0531207131	-0.0222491335	0.050794624	0.0430871968	0.0572624453	-0.0456769464	0.0409638131	-0.0835802302	-0.0682114062	-0.0959600686	-0.0143845597	-0.1017225468	-0.0251261263	0.0544568106	0.0659368927	0.03632845	-0.0210760429	0.1053692266	-0.0670278507	0.022527095	0.0733892581	0.0341971284	-0.0914520301	-0.0146482218	0.028795361	0.0286606314	0.0572525126	0.0692703658	0.0545237076	0.0123860557	-0.0473436123	0.0291866691	-0.0158277836	0.1165665097	0.00915243	0.0507899778	-0.1397279274	-0.0404428887	-0.0186659928	-0.0364725172	0.0564957334	-0.045815407	0.017227099	-0.0245355631	0.0593761016	-0.055872224	0.0397479112	-0.0297796095	-0.1370845643	0.0331794127	-0.0232616418	0.0336038037	-0.0257233434	-0.0199054452	-0.0281153386	0.1734513164	-0.0728599083	-0.0226312436	0.0260181848	0.0230580885	0.0040676197	0.0218056495	-0.0930897866	-0.0638702098	0.0544194204	-0.025190453	-0.0662893429	-0.0529369361	-0.0634083235	-0.0458967653	0.0539545454	-0.0582345804	0.000547672	-0.013011237	-0.0399129125	0.1045074645	0.1018175221	0.0973854535	0.0912870929	0.0482242986322205	-0.0113735389135314	0.0001293573874176	0.0023255829785695	0.0001928521983671	-0.0174616014449498	3.719197041502329e-08	0.0003049075250222	0.0998228119521513	0.0040803664905908	0.0099645937860345	1.664939069753633e-05	0.000409053792128	-0.000458301640157	1.6732500485429706e-07	2.1004039337068794e-07	-0.001464063697846	7.789679541199998e-05	2.143482511350504e-06	6.067910735458981e-09	0.0021218037694034	-0.000281865220488	7.944800252080503e-08	4.502051235854477e-06	0.0	0.0	0.0	0.0	0.0	0.0	0.0	0.0	0.0	0.0	0.0	0.0	0.0	0.0	0.0	0.0	0.0	0.0
4476.301202393164	25.88707656729639	20037272.45454649	670.1407332010658	5509.278908775593	40.214129007274096	30352154.094679587	1617.1761718136838	5130.73255933587	5.219919260713141	27.247557088364022	26324416.595429208	5269.88208453223	4055.280774768733	1.380858	27.277973	0.2251168946947843	0.1310633668023141	-0.0488898829	-0.0089806192	-0.1222218625	-0.046842502	-0.099725474	-0.1313512906	-0.0138027291	0.0843869301	0.1612254269	0.0144146041	-0.1255156428	0.0365855855	-0.0258483643	0.098870748	-0.005507381	-0.1985684164	0.0542101071	0.0212179514	0.2199311929	0.1375477487	0.0688387895	0.241778376	-0.0166059473	-0.2598221978	-0.0001631428	0.0005825049	-0.1354069608	0.0908657322	0.0297966306	0.1208215423	-0.2407763162	-0.003401854	-0.0863369856	0.079942788	-0.1170638957	-0.0376027836	0.0964707625	-0.0375602675	0.088274626	-0.0585697077	-0.0938024736	0.2230979187	-0.0912744445	-0.2137066067	-0.097121958	0.0342021282	0.1426171987	0.0746233108	-0.1049351361	-0.1974903165	-0.1342914993	-0.1603727562	0.0075090204	0.1518143374	-0.0359357193	0.1503909048	0.0653835533	-0.0433746567	-0.0891897806	-0.0035960197	0.0206522978	0.1157175401	0.0582040742	-0.1047031409	-0.113743524	-0.0978443996	0.0319770525	-0.1171323311	-0.0437361586	0.247126695	-0.0069992848	0.129976801	0.0276737285	0.0100446367	0.0240796054	-0.0787858395	-0.0910440616	-0.1478731083	0.0574098972	-0.0387641089	-0.1947283813	0.1042514257	0.1008033722	0.0951408427	0.0873882332	0.0445850033306101	-0.0036392953016103	1.3244470292323513e-05	0.0019878225219905	-0.0542255001668081	-0.0544183523651752	0.0029404048683405	0.0029613570741403	-0.0168268117558625	-0.1166496237080138	0.0002831415938672	0.0136071347112212	0.0009547017640048	0.0005456479718768	9.114554581938768e-07	2.977317092132651e-07	-0.00136766342684	9.640027100599992e-05	1.870503249115732e-06	9.29301225003023e-09	0.0017556595458865	-0.0003661442235169	1.3406159241479378e-07	3.0823404410623918e-06	0.0	0.0	0.0	0.0	0.0	0.0	0.0	0.0	0.0	0.0	0.0	0.0	0.0	0.0	0.0	0.0	0.0	0.0
4471.8907074561575	-4.410494937006661	19997806.49943273	19.45246558936139	5516.799701980065	7.520793204472284	30435078.951767333	56.56233042443648	5141.1677790034	10.435219667529964	108.89380950960415	26431606.131862752	5259.239054315583	4068.93555093199	1.537525	30.372843	0.2014899222244007	0.1064953100535794	0.026680793	0.1294382192	-0.0226960573	-0.1025247392	0.0527732568	-0.0572211951	0.0877879181	0.0351997495	0.0551428293	0.0184558101	0.0523416059	0.0301111639	-0.0472657856	-0.1018908869	-0.0588082736	0.0238790414	-0.1051396282	0.041862589	-0.1022595823	0.0803088551	-0.0301374161	-0.0947603204	0.0601319858	-0.000468025	-0.0245057845	0.0248389989	0.1041941068	-0.0853810281	0.0778117215	0.0134337414	-0.1167509919	0.0818221217	-0.1113040677	-0.0446273299	0.0460434005	0.0019880265	0.013440313	-0.0540407978	-0.0537321137	0.1133052333	-0.0114367974	-0.0107164685	0.0307508644	0.062258568	0.0306806021	-0.1151619186	-0.0665098558	0.042611997	0.0723936321	-0.0327009082	0.0389986395	0.0574129279	0.0220888695	-0.0103645413	0.0238575738	-0.1287620845	-0.0092451216	0.0217174738	-0.0130390437	0.0669733345	0.0350095701	0.0199654603	-0.0414729853	0.1093832066	-0.0010574766	-0.069121223	-0.0108227483	-0.0696352807	0.0240458386	-0.0307687809	0.0193289736	-0.0641058498	-0.0020240921	-0.0696958327	-0.0580495725	0.0467412309	-0.07402139	0.1486414967	0.094182763	-0.0278994892	-0.1370509146	0.1039636308	0.099666409	0.0926354574	0.0830636267	0.0442132011040143	-0.0003718022265958	1.3823689570159618e-07	0.001954807151864	0.0038726353911897	0.0580981355579977	1.4997304873095e-05	0.0033753933553154	0.0703805042148246	0.0872073159706871	0.0049534153735329	0.0076051159588112	0.0003258431053355	-0.0006288586586693	1.0617372929468177e-07	3.954632125833512e-07	-0.0010927491628713	0.0002749142639687	1.1941007329559271e-06	7.557785253345207e-08	0.0015431790991421	-0.0002124804467444	4.514794024869984e-08	2.381401732029023e-06	1.0	0.0	0.0	0.0	0.0	0.0	0.0	0.0	0.0	0.0	0.0	0.0	0.0	0.0	0.0	0.0	0.0	0.0
4461.133408925725	-10.757298530432308	19901711.292233262	115.7194716728411	5520.453106478987	3.6534044989221	30475402.5008335	13.34736443274424	5141.028916116823	-0.1388628865770442	0.019282901268509	26430178.31634932	5265.540302133071	4093.393087998451	1.15186	22.754255	0.0766082457454305	0.0461794975683923	0.0015071305	0.0213046405	0.0677556521	0.0567438612	-0.0602890674	-0.0739669127	-0.0509850678	-0.0459686131	-0.0400578436	-0.1173638863	0.0087185905	0.0441396283	0.0593459201	0.0937765236	-0.0410829776	-0.0042239014	0.0066970241	0.0848036688	-0.0996701043	-0.0233032007	-0.0660880659	-0.006414166	0.0365399859	-0.0110577756	0.0077917444	0.031858333	-0.0365416382	-0.1049823945	0.0299475953	-0.0166253807	0.0234054193	0.0860857591	0.0001629482	0.0507366708	0.0755171929	-0.0078099786	0.0468126923	0.0443530293	0.0577848488	-0.072761041	0.0949907654	0.0462321571	0.0589803775	0.1205014042	0.0152807163	-0.0247006876	-0.1180779971	0.0278843202	-0.0684262662	-0.0084624976	-0.0300871433	0.0265667341	0.0107131753	-0.0111550309	0.0638253174	-0.0579895092	-0.0155133055	0.011059943	-0.0234871003	0.0079616664	-0.0377044818	-0.0917007204	-0.0095948671	-0.0366011455	-0.0574931882	-0.060613558	-0.1174031754	-0.0467734133	0.0262323212	-0.0139111087	-0.1207694203	-0.031780969	0.0387068803	-0.0352354079	0.0324236675	0.0172151101	-0.0410364718	0.0095370557	0.0841458966	0.0250863835	-0.1003387171	0.1036441676	0.0984080176	0.0898761648	0.0783343427	0.0352625689808263	-0.0089506321231879	8.011381540464483e-05	0.0012434487711275	-0.0009478036924832	-0.0048204390836729	8.983318394847883e-07	2.323663295940123e-05	0.0760954668884892	0.0057149626736646	0.0057905200809771	3.266079836137964e-05	0.001173037430825	0.0008471943254895	1.3760168141165168e-06	7.17738225141609e-07	-0.0011879796054408	-9.52304425694999e-05	1.4112955429432788e-06	9.068837191982818e-09	0.0017431985683812	0.0002000194692391	4.0007788074691314e-08	3.038741248806265e-06	0.0	0.0	0.0	0.0	0.0	0.0	0.0	0.0	0.0	0.0	0.0	0.0	0.0	0.0	0.0	0.0	0.0	0.0
4444.319967727645	-16.81344119808	19751979.975542657	282.6918049212938	5487.660880253233	-32.79222622575435	30114421.936661687	1075.3301008410513	5128.377202747193	-12.65171336962976	160.06585118726844	26300252.733657125	5244.179588117784	4134.993305369705	0.98328	19.424067	0.0946838786724452	0.0509614306174024	0.0221457255	-0.0209979942	0.0447129002	0.1274539232	-0.0219130132	-0.0060765021	-0.0366848835	-0.0587647238	-0.0827462022	-0.0318849038	0.0168248631	-0.0537373991	-0.0920765353	-0.0458962906	0.0425620313	0.0226958522	-0.0141305216	0.0239109386	-0.0357699226	0.0020049325	-0.0995891593	-0.087679159	0.0316409827	0.0206755804	-0.072545465	-0.0032351767	-0.0412081957	-0.0017334526	0.0700437739	0.0735277503	0.0316085483	0.0648237338	0.0934285223	0.0856643409	-0.0446763628	-0.0171233073	-0.0479116902	-0.0358305107	-0.121737416	-0.0479565356	0.0011773102	-0.0113766096	0.0501740933	0.0746095185	0.0221858171	-0.0371020125	-0.0541223364	0.0676861004	-0.0252484761	-0.009298152	-0.0755025328	0.128212343	0.0365375188	-0.0507580025	-0.0268140234	-0.0372538001	0.0394770136	0.0383849645	0.0101979132	0.0655853747	-0.0134650976	0.0203355225	0.0562974481	0.0550364415	0.0259243814	0.0415140359	-0.0770666831	-0.0266147952	0.0132414367	-0.0575464927	-0.0648683548	0.0042740903	0.068811252	-0.0358145307	0.101682595	-0.0135238414	-0.0065182799	0.043589109	-0.010142413	0.0251801632	-0.0402379779	0.1032931334	0.0970297311	0.0868705278	0.0732234215	0.0390877304239438	0.0038251614431174	1.4631860065912714e-05	0.0015278506696949	-0.0048878035842534	-0.0039399998917702	2.389062387824038e-05	1.5523599147149185e-05	0.1041182388641317	0.0280227719756425	0.0108406076641683	0.0007852757491988	0.0004667577082	-0.000706279722625	2.1786275816411638e-07	4.988310465912471e-07	-0.001189703377816	-1.7237723751999546e-06	1.4153941271867998e-06	2.971391201502493e-12	0.0012732831561431	-0.0004699154122381	2.208204946589035e-07	1.621249995717734e-06	0.0	0.0	0.0	0.0	0.0	0.0	0.0	0.0	0.0	0.0	0.0	0.0	0.0	0.0	0.0	0.0	0.0	0.0
4450.96855722677	6.648589499124682	19811121.09742136	44.20374232787099	5457.402918743265	-30.25796150996757	29783246.61750751	915.544234738679	5125.28365387859	-3.093548868603648	9.57004460243891	26268532.532715067	5242.435898749287	4050.367467657678	0.876498	17.314671	0.1103002066939386	0.0667384881869409	0.0228274172	-0.0395950339	0.0479814925	0.0347080651	-0.028112903	0.0078828053	-0.0144889339	0.0435247338	-0.0225959486	-0.0252108577	-0.0520634154	-0.0473223924	0.1093158958	0.0245973452	0.0133475151	0.0776198763	-0.0485604057	-0.0287588146	-0.0151344356	-0.0505418269	-0.0720728813	-0.0368371978	0.0165654471	-0.0825127682	0.0626051173	-0.0202666415	0.0590072941	0.0253154431	0.0649695391	0.0704772288	0.0930819868	-0.0435724692	-0.1243857736	-0.0567230235	-0.0462472643	-0.0397475248	-0.0307786567	0.1108584152	0.0375407868	0.009066283	0.0059590232	-0.0504368818	0.034573398	0.0537160255	-0.0338694183	-0.0133331988	-0.046234662	-0.0257985874	-0.0107699264	0.0120422108	-0.0136604519	0.0682281591	0.0055864444	0.0206830663	0.1061206201	0.015709165	0.1211923564	0.0212489489	-0.0343761645	0.0205442424	-0.0106629881	-0.0675689816	-0.0685292195	-0.0348396653	-0.0067347546	0.0173480831	-0.0584991843	-0.0102356389	-0.0015620378	-0.0316659051	-0.0299147561	0.0702907248	0.0566499234	-0.0008318368	0.0954027325	-0.0226316916	0.0212224205	0.0806449258	-0.1119863637	-0.0246226542	0.0354288358	0.1029106351	0.0955332289	0.0836267848	0.0677557633	0.0272369464794479	-0.0118507839444958	0.0001404410800991	0.0007418512535243	0.0024376528529614	0.0073254564372148	5.942151431550854e-06	5.366231201353176e-05	0.0435725050755237	-0.0605457337886079	0.0018985631985565	0.0036657858800009	0.0001337884529579	-0.0003329692552421	1.7899350144868223e-08	1.1086852493647873e-07	-0.0010879029908188	0.0001018003869971	1.18353291743249e-06	1.0363318792779663e-08	0.0014500781643762	0.000176795008233	3.125647493614188e-08	2.1027266828006497e-06	0.0	0.0	0.0	0.0	0.0	0.0	0.0	0.0	0.0	0.0	0.0	0.0	0.0	0.0	0.0	0.0	0.0	0.0
4464.829189761723	13.860632534952856	19934699.69374832	192.1171342689936	5498.382011045259	40.97909230199366	30232204.739386104	1679.286005895316	5126.021932176976	0.738278298386831	0.5450548458689547	26276100.849159382	5241.243610864898	4053.231561207173	0.885729	17.497009	0.0924030119577754	0.0479962923757543	0.0615209538	-0.0078280209	0.043652408	-0.0380405174	-0.1021054934	-0.0251822299	0.0978220703	-0.032349057	-0.0487405583	0.0324788954	-0.052001037	-0.0831262069	-0.0865222389	0.0380205445	0.0451271971	0.0448295827	-0.0805552836	-0.000572342	0.0532194776	0.0281807526	-0.1404300771	0.0160043046	-0.0674859743	0.0028606197	-0.081901752	-0.0149973975	-0.0238702074	-0.0897431423	0.0956507708	0.0534814712	-0.0596023719	0.0212971582	0.0364935788	0.1217876535	0.0251606654	-0.0480068756	-0.0783006303	-0.0659917619	-0.0005773443	-0.0395203316	-0.0938925259	-0.040590539	-0.0022828307	0.0076397648	-0.0528271636	-0.0388738485	0.0173465046	0.0016548335	-0.1043809224	0.0405704404	-0.1226083658	0.0545638756	0.0116750302	-0.0036795806	-0.0100129819	-0.166361834	0.0190275982	0.0489325959	-0.0010328	-0.0133179428	0.0407508221	-0.0142376751	0.0674300527	0.0753271861	0.0044274261	0.0369939799	-0.0625356638	-0.0674954528	-0.0104907897	-0.0643875301	0.0025907374	0.1207888373	-0.0038252139	-0.043893695	0.0812356606	-0.0335635646	-0.0121139406	0.1216180893	-0.0574980766	-0.0261722405	-0.0030469767	0.1024967892	0.0939203342	0.0801538266	0.0619580057	0.0269992047346931	-0.0002377417447547	5.652113719905607e-08	0.0007289570563058	0.0055709968748232	0.0031333440218618	3.103600617928986e-05	9.81784475933708e-06	0.0702311848193275	0.0266586797438037	0.0049324193211265	0.0007106852056826	-0.0001641863809259	-0.0002979748338838	2.6957167681544744e-08	8.878900162807823e-08	-0.0008535605039408	0.000234342486878	7.285655338876723e-07	5.491640115616564e-08	0.0007349305561909	-0.0007151476081852	5.114361014931553e-07	5.401229224230657e-07	0.0	0.0	0.0	0.0	0.0	0.0	0.0	0.0	0.0	0.0	0.0	0.0	0.0	0.0	0.0	0.0	0.0	0.0
4469.457204602502	4.628014840779542	19976047.70377321	21.41852136647569	5487.45659263874	-10.925418406518476	30112179.85609437	119.36476735749268	5131.089143795876	5.067211618899819	25.676633590713323	26328075.801579896	5258.971080053628	4048.1179245648746	1.00715	19.895618	0.1442119924647757	0.0793194087506158	0.0267345863	0.0316702208	0.0693678363	0.0042575186	-0.1182935293	-0.0607895686	0.0126283778	0.0343609222	-0.0399089256	-0.0849671381	-0.0990431291	-0.009092605	0.0774225318	-0.0594632886	-0.0317731818	0.0181016662	-0.1674572807	1.16927e-05	0.0416946972	-0.0516599411	0.0112945514	0.2030876439	-0.0375279458	0.0356657182	0.0481269929	0.1015071217	-0.0425605899	-0.077788254	0.0074233925	0.0388850074	-0.0166304856	-0.124566328	-0.1542726866	0.0120967654	0.0594088887	0.0649431929	0.0345376442	0.0659988765	0.0232699055	0.1092550054	-0.0904367331	0.0328292417	0.0509387777	0.0653921105	-0.1138574129	-0.0577718799	-0.0127289351	0.0275616545	-0.0891901452	0.05419877	-0.0365408973	-0.1957781113	-0.0204234378	0.060833117	-0.0614608123	-0.0426099392	-0.0022613678	0.0117577904	-0.0360900643	0.048158478	0.0648897844	-0.0733651396	-0.1298917046	0.0776695622	0.0366900201	0.0176181892	0.0259567109	-0.1083153031	0.0242896293	0.0471725744	0.0676902881	0.0910378992	0.0055175067	-0.0001028871	-0.0193973624	-0.0807828292	-0.0157139066	-0.0195575015	-0.0721572765	-0.0034834303	0.0162096965	0.1020517218	0.092193012	0.0764611723	0.055858395	0.0551195607520469	0.0281203560173538	0.0007907544225427	0.0030381659774985	-0.0053050485572327	-0.0108760454320558	2.8143540194596748e-05	0.0001182883642401	0.0040457135103864	-0.066185471308941	1.6367797808123047e-05	0.0043805166123866	-0.0004458622375223	-0.0002816758565964	1.9879313484839186e-07	7.93412881893157e-08	-0.0003996535572525	0.0004539069466883	1.597229658245773e-07	2.060315162518952e-07	0.0006899109653471	-4.501959084380008e-05	2.0267635597431686e-09	4.759771401061674e-07	0.0	0.0	0.0	0.0	0.0	0.0	0.0	0.0	0.0	0.0	0.0	0.0	0.0	0.0	0.0	0.0	0.0	0.0
4471.777585880433	2.3203812779311197	19996794.77758264	5.384169274973254	5501.364049872037	13.907457233296554	30265006.40922446	193.41736669597265	5142.830970355678	11.741826559801666	137.87049096046383	26448710.389649525	5258.268346179714	4056.4158436762527	0.7849699999999998	15.50659	0.0544194078649746	0.0260495991437204	0.0525058769	0.0434015958	0.046539942	-0.0210077972	-0.124089842	-0.0524072131	0.1321397287	-0.0104992347	0.0181289123	-0.0252044308	0.0120799372	0.0312130075	-0.0306543748	0.1218623916	-0.0655498179	0.0442797871	-0.1062467242	0.0121328083	0.0209186244	-0.0203573089	-0.0074532961	-0.0196556907	-0.0772657138	0.0185043032	0.1119185669	0.0668084841	0.0889540368	0.0112841688	-0.1493038475	-0.0509273507	0.02811671	-0.0257771324	0.0165293287	0.0017558413	-0.0935414832	0.0205655349	-0.0079452826	-0.0980687108	0.1355568329	0.0080647669	-0.0315159527	-0.0098903074	0.0120592909	0.0421880094	-0.0191099195	-0.0256386706	-0.028221571	-0.0157280051	0.0384175935	0.0663565643	-0.0373373532	-0.0820850042	0.0409991665	-0.0498371957	0.0277743441	0.0380850211	0.0498677506	0.0263492212	-0.0193292571	0.0127486169	0.1530222184	-0.092964976	0.0394921725	0.0308245899	-0.0077268002	-0.0146344622	-0.0024525823	-0.140406977	0.060875638	-0.0466173286	0.1019137695	0.0492567656	-0.031827833	-0.0189282391	0.0456237637	-0.0650149984	-0.0125642059	-0.0318227548	-0.0436554078	-0.0068621665	0.0179100615	0.1015755685	0.0903533669	0.0725589432	0.0494866478	0.0449286133445667	-0.0101909474074802	0.000103855409062	0.0020185802970655	-0.0052245102112209	8.053834601179973e-05	2.7295506947151452e-05	6.4864251783163784e-09	0.013309397667939	0.0092636841575526	0.0001771400662833	8.581584417089103e-05	-0.000831876558193	-0.0003860143206707	6.920186080710317e-07	1.4900705576286206e-07	-0.0005072018840077	-0.0001075483267552	2.572537511409604e-07	1.1566642587843281e-08	0.0004857888536944	-0.0002041221116526	4.16658364655573e-08	2.3599081037371923e-07	0.0	0.0	0.0	0.0	0.0	0.0	0.0	0.0	0.0	0.0	0.0	0.0	0.0	0.0	0.0	0.0	0.0	0.0
4471.029946917357	-0.747638963076497	19990108.786231823	0.5589640191100996	5471.291392780173	-30.07265709186413	29935029.5047104	904.364704564846	5140.403501625918	-2.4274687297602213	5.892604433963703	26423748.159527995	5259.437054032746	4073.175056491328	0.862261	17.033421	0.1002753807169181	0.0590831706493267	-0.0035585241	0.0456325169	0.0648849482	0.015981342	-0.0967671343	-0.04833895	0.0180306916	0.0545276188	-0.0249304986	-0.1342661999	-0.0401867577	0.0589909803	-0.0049881144	-0.0784209602	-0.0544389325	-0.0324833927	-0.0260185853	0.0864501277	0.0289591885	-0.0578546888	0.0153010674	0.0727428594	0.0038726789	0.1220508497	-0.0048165615	0.0479610378	0.1001321397	-0.1445703775	0.0660183794	-0.0210744698	0.1547471479	0.0073853665	-0.1713917437	-0.0472161367	-0.0328799426	-0.0997595842	0.0306198198	-0.030664782	-0.0261532557	0.1109349381	0.0151869441	0.0404060023	0.0216503353	0.0788838355	0.0646226239	0.0572673652	0.0470444462	0.0261805325	-0.1009566907	0.0451281128	0.0652670685	-0.0638552046	0.028700405	-0.0651903674	0.0317824466	-0.1320568005	0.0111874374	-0.0182717936	0.011966271	0.014808649	-0.016192255	-0.0548999075	-0.0588937982	0.1285854485	0.0205873831	-0.0472143849	0.0042651922	-0.1679686414	0.0127510533	-0.0263645439	0.0108377297	0.0305185135	-0.031325826	0.0937263691	0.0281113819	-0.0900378785	0.0218727357	-0.0732853347	0.0454869626	0.0004589106	-0.0851121199	0.1010684743	0.08840364	0.0684578352	0.0428738067	0.026702014873905	-0.0182265984706617	0.0003322088918107	0.0007129975983262	-0.0166167161582393	-0.0113922059470184	0.0002761152558834	0.0001297823563392	0.0039074709701409	-0.0094019266977981	1.5268329382493862e-05	8.839622563076869e-05	0.0002591571368435	0.0010910336950365	6.71624215769206e-08	1.1903545237049986e-06	-0.0005064195728941	7.823111136000043e-07	2.564607838102427e-07	6.120106784620789e-13	0.0006190658395731	0.0001332769858786	1.776275496491119e-08	3.832425137263472e-07	0.0	0.0	0.0	0.0	0.0	0.0	0.0	0.0	0.0	0.0	0.0	0.0	0.0	0.0	0.0	0.0	0.0	0.0
4460.473801054321	-10.556145863036363	19895826.52989198	111.43221548169971	5474.245190429688	2.953797649514854	29967360.40494257	8.724920554279477	5138.467653264654	-1.9358483612641064	3.747508877808927	26403849.82364716	5254.873390119459	4099.648275716266	0.8539419999999999	16.86908	0.0842230375257164	0.0580693944470111	-0.0378770797	0.0194089719	0.0781564873	0.0890530791	-0.0718176298	-0.0293437864	-0.0222251471	-0.009011002	-0.0090460077	-0.1275035328	0.0093719521	0.0490518989	0.0038258926	0.1024294481	-0.0088368116	-0.0789849692	0.0266463773	0.0825021193	0.0125797794	-0.0654980566	0.0100089361	-0.0473559632	0.0644315317	-0.0041724809	-0.24553114	-0.0352404308	-0.0555148481	-0.0451607793	-0.0317098501	0.0233865281	0.0013775178	0.0394416609	0.1157918832	0.0400551804	-0.0765997431	0.0846382059	0.0150860966	-0.0204473203	0.0666288978	-0.08239719	0.069643877	0.0468753593	-0.0048679929	0.0933580723	0.1118203197	0.0499163	0.0470260558	0.0777616691	-0.0133394683	-0.1330646222	0.0083215645	0.0667255746	0.042526908	0.0165265279	-0.0254422491	-0.0903874003	-0.0699413966	-0.0218131594	-0.0174466225	-0.0140772268	-0.0712241554	-0.1272928151	0.0651676428	-0.0530582403	-0.0206937842	-0.0779742126	-0.0545921216	-0.1092676837	-0.0448868927	0.008977563	0.0110489704	-0.0378127201	-0.0243101894	0.0660925531	0.016328714	0.0044125862	0.0504779501	-0.1606739611	0.0877081969	-0.0425485475	-0.0672911562	0.1005305936	0.086346207	0.0641690889	0.0360520886	0.0269025634295019	0.0002005485555969	4.021972315200294e-08	0.0007237479190783	-0.0143542895985717	0.0022624265596676	0.0002060456298796	5.118573937889373e-06	0.003840658547304	-6.681242283689947e-05	1.4750658076979272e-05	4.463899845336646e-09	0.0012783690991688	0.0010192119623253	1.6342275537096491e-06	1.0387930241469888e-06	-0.0009770131449693	-0.0004705935720751	9.54554685442802e-07	2.2145831007849638e-07	0.0007631253049249	0.0001440594653518	2.0753129557446483e-08	5.823602310167217e-07	0.0	0.0	0.0	0.0	0.0	0.0	0.0	0.0	0.0	0.0	0.0	0.0	0.0	0.0	0.0	0.0	0.0	0.0
4455.264552679774	-5.209248374546405	19849382.23436491	27.136268627714365	5463.927938948006	-10.317251481681524	29854508.522016607	106.4456781362596	5133.862502445623	-4.605150819030314	21.20741406601557	26356544.194017235	5261.3273989809	4170.225499726469	0.999511	19.744699	0.0826234626388573	0.0492888575608396	-0.0362978072	0.0449014129	0.0477957934	0.1508891008	0.0362247864	0.0003805911	-0.0548237294	-0.0359465505	-0.0276478044	-0.1013963547	0.0448149064	0.0031529058	-0.0565238585	-0.0036366915	0.0509566859	-0.1479330338	-0.0033578095	0.1512340579	-0.0261824817	-0.0547087802	0.0385060044	0.0097323952	0.0306521318	0.1805443981	0.0014018782	-0.1033193973	0.0004211122	0.096648412	0.158176161	0.1401802844	-0.0527659165	0.1817931089	-0.0039448114	-0.1542434089	-0.0205871277	0.1467332374	0.0360580129	-0.0064863752	-0.0735399196	-0.0710174512	-0.032076048	0.1483085239	-0.0405732607	0.1011861534	0.180755467	-0.0017105408	0.0804321359	0.0092397739	-0.0471463691	0.0969975168	0.1664232009	0.0369557657	-0.0698065135	-0.0465942339	-0.0771620949	0.0646028352	0.0140988391	-0.0425744037	-0.0944463783	-0.0368663551	-0.071864425	-0.0177081189	0.0774358971	0.135103352	0.022099431	-0.0305319553	0.0103872622	-0.049848162	-0.1144890852	0.0495468503	-0.0770905895	-0.1016876001	-0.0053042062	0.0364666783	-0.0040462539	0.0688030746	-0.0011914869	-0.1312646123	0.0635219662	0.0380310054	-0.0381250259	0.0999620903	0.0841835744	0.0597044597	0.0290547284	0.0274713778026551	0.0005688143731532	3.23549791105668e-07	0.0007546765983762	-0.0004381194986393	0.0139161700999324	1.919486950879516e-07	0.0001936597902502	0.0040018877382408	0.0001612291909367	1.6015105469482067e-05	2.599485201013509e-08	0.001391116015001	0.0001127469158321	1.9352037671922624e-06	1.2711867029673181e-08	-0.0014449294700891	-0.0004679163251198	2.087821173531968e-06	2.189456873136185e-07	0.0015420070434696	0.0007788817385447	6.066567626384145e-07	2.377785722109857e-06	0.0	0.0	0.0	0.0	0.0	0.0	0.0	0.0	0.0	0.0	0.0	0.0	0.0	0.0	0.0	0.0	0.0	0.0
4447.835846972761	-7.42870570701325	19783243.721615896	55.18566848141124	5480.894623855064	16.966684907058152	30040205.877803348	287.86839673539487	5134.551950932373	0.689448486749825	0.4753392158816235	26363623.73682344	5270.855748245082	4093.341120169117	1.188652	23.48107	0.2956113395810009	0.1354833594817467	-0.1435342856	0.0329801171	0.0671824734	0.1391168873	0.0475716856	-0.0447564582	-0.1317178355	0.0413253327	-0.0321324683	0.0207184518	0.0652695386	0.0450120822	0.1002984962	0.0220219517	0.0761138582	0.1022137063	0.0651088778	0.1398476566	0.0126096322	-0.0777918388	-0.1051676832	-0.0269184918	-0.1113464332	-0.0005220275	0.0092861182	-0.0547686175	-0.0621541583	-0.1787599143	0.0791517501	0.0539555551	0.1229966017	0.0568544215	0.145440953	-0.0065716042	0.09359754	-0.1237445606	0.0920216622	0.0992441525	0.0312574246	-0.05929367	-0.0034425096	0.0077997728	0.1846001141	-0.0270684361	0.0235204807	0.095683794	0.0216814939	-0.0302737812	-0.1173913953	0.0321952345	-0.1289841404	-0.0114831494	-0.0956110721	-0.2823848554	0.0347087735	-0.1799754189	0.1401226002	-0.1023150458	0.0944707592	0.0115032413	-0.179529233	-0.1580608666	0.018029121	-0.0729076615	-0.0866099459	-0.0741356888	0.0678875537	-0.1211174415	0.0240637561	0.1505933007	-0.0930630802	-0.1037184107	-0.1856029079	0.1664509046	0.0251824375	-0.1024391092	0.0385143892	-0.1266398788	0.0948862942	0.0459609824	-0.1394273308	0.0993631376	0.0819183771	0.0550761846	0.0219158165	-0.0048792811906253	-0.0323506589932804	0.0010465651372995	2.3807384937189848e-05	-0.0100380828399693	-0.0095999633413299	0.000100763107102	9.215929615487985e-05	-0.0412547200154023	-0.0452566077536431	0.0017019519235492	0.0020481605453671	0.0028819841828911	0.0014908681678901	8.305832830434481e-06	2.222687894027984e-06	-0.0004051386844969	0.0010397907855921	1.6413735367587868e-07	1.0811648778024442e-06	-9.541619290304778e-05	-0.0016374232363726	2.681154855013076e-06	9.104249868111623e-09	0.0	0.0	0.0	0.0	0.0	0.0	0.0	0.0	0.0	0.0	0.0	0.0	0.0	0.0	0.0	0.0	0.0	0.0
4458.082339349327	10.246492376566492	19874498.14441837	104.99060602303528	5431.245489291488	-49.6491345635759	29498427.56494914	2465.036562912067	5137.913523619657	3.361572687284024	11.300170931893936	26398155.37619376	5254.395286220781	4056.7900073729024	1.272538	25.138176	0.2728135067529275	0.152882018156257	-0.0228239279	0.0280429948	0.065043787	0.0183879949	-0.0170253786	0.0278254844	-0.008263209	0.0773286565	-0.0157216175	-0.0117100699	-0.0398637362	0.0480261478	-0.0904838818	0.004943698	0.0965401831	0.1272362283	-0.064120885	0.0180873812	-0.0096429694	-0.0707081803	-0.0496316929	-0.0170672253	-0.1208389204	-0.1418385588	-0.0149923556	-0.0290874519	-0.0527110475	0.0506721073	0.0571864347	-0.037825704	0.0234479114	-0.100930927	-0.0274877584	-0.0217274878	-0.006386324	0.0391786974	0.0245622428	-0.078202686	-0.0322094107	-0.0410853393	-0.0730630118	-0.1276932768	0.0921341388	0.0480725419	0.0020842371	0.0078720763	-0.0332588343	-0.0584207076	0.0149131336	0.0134038492	-0.1351197525	-0.0227923038	-0.0429619625	0.0193626022	0.1804046859	0.0435455149	-0.0634662961	-0.0264841136	0.0736359132	-0.0100243708	0.0302884618	-0.0698175094	0.0778612123	0.1539149309	-0.0551839232	-0.0274648337	0.0103204459	0.0889342662	0.1735497235	0.087999748	0.038845587	-0.0120576747	0.0468282928	0.2217667148	-0.002671771	0.0863166546	-0.1289583899	0.0274575201	0.0329620558	0.159507063	0.0967864816	0.098733918	0.0795533748	0.0502969496	0.0146701329	0.0034845369237359	0.0083638181143612	6.995345345011654e-05	1.214199757287885e-05	-0.0055810070192592	0.00445707582071	3.114763934902046e-05	1.9865524871558604e-05	0.0081579038843315	0.0494126238997338	6.655139578599097e-05	0.0024416074006565	0.0002228880509784	-0.0026590961319127	4.967908326894984e-08	7.070792238753084e-06	0.0007550332286594	0.0011601719131563	5.700751763798378e-07	1.345998868076749e-06	0.0002969155403904	0.0003923317332934	1.5392418894904106e-07	8.815883812532326e-08	0.0	0.0	0.0	0.0	0.0	0.0	0.0	0.0	0.0	0.0	0.0	0.0	0.0	0.0	0.0	0.0	0.0	0.0
4452.781612613421	-5.30072673590621	19827264.08962818	28.097703928750903	5437.103347252155	5.857857960666479	29562092.808700588	34.31449988734364	5132.170821273883	-5.742702345773978	32.97863023215795	26339177.338735044	5253.197827120599	4073.229764952441	0.963776	19.03878	0.0975407520334321	0.0454617771887544	-0.032129254	0.0992649275	0.0145372866	0.0117927943	0.0840094329	0.0161986417	-0.0298321407	0.0447758678	0.0104241388	-0.0727661715	-0.0032814332	0.0231102791	0.1011361168	-0.0382116477	0.0333872191	0.0858469067	-0.0260569991	0.1026320647	-0.0290458347	-0.0011744569	0.0172163396	-0.0155828523	-0.2322917504	-0.0420733327	0.12474704	-0.0683981085	0.005415587	-0.0574854974	0.033819969	0.1110148618	0.1081239206	-0.1696339989	0.064450851	-0.0557348871	0.0378265737	-0.1254016879	0.0349929923	0.0959329579	0.0050018818	0.053576091	-0.0047631757	-0.0437768876	0.0979568749	-0.0083418698	0.086196578	-0.0231699072	0.0160792938	-0.0980838017	0.0534683612	0.0618578396	-0.1019213227	-0.1308304223	-0.0691392507	-0.0494913536	0.1363495881	-0.0411191312	0.1551995034	-0.0381529334	0.0167621112	-0.0076676622	0.0280416318	-0.0900285198	-0.1179720034	0.0745175556	0.0025099514	-0.1032938255	0.0785801806	0.082089969	0.1079670803	0.0830022978	0.046919805	-0.1091028102	-0.0688301827	0.1365093771	-0.0463683369	0.0270732218	-0.1623339514	0.0597966489	-0.020924225	0.0759602549	0.0257027215	0.098074623	0.0770914491	0.0453798541	0.007352978	0.0147614193048042	0.0112768823810683	0.0001271680762364	0.0002178994998922	0.0014078909729136	0.0069888979921728	1.982156991611603e-06	4.884469514499699e-05	-0.0095139855261479	-0.0176718894104794	9.051592059175174e-05	0.0003122956753362	-0.0001060231415006	-0.000328911192479	1.1240906533656251e-08	1.081825725379578e-07	8.697180404326765e-05	-0.0006680614246161	7.564094698540549e-09	4.463060670601363e-07	0.0005320045682895	0.000235089027899	5.5266851038543814e-08	2.830288606808973e-07	0.0	0.0	0.0	0.0	0.0	0.0	0.0	0.0	0.0	0.0	0.0	0.0	0.0	0.0	0.0	0.0	0.0	0.0
4446.495959432354	-6.285653181067573	19771326.317248248	39.509435912664905	5430.742830684268	-6.360516567887316	29492967.693028573	40.45617101036905	5127.322755592886	-4.848065680997024	23.503740847261135	26289438.640020628	5245.063378015429	4024.903623437248	0.8426749999999998	16.646502	0.0744947880661699	0.0353389933844473	-0.0259267246	0.1167825247	-0.0123207463	-0.0194979146	0.0980218805	0.0401850943	-0.0035830171	0.019280146	-0.0006246045	-0.0555346892	0.0274542596	-0.0371402062	-0.0660203121	0.0614553438	0.0951441794	0.055376785	-0.0574472596	0.0551931402	-0.0009399727	0.0154066922	-0.0402615704	0.0397563772	-0.1285162115	0.0429317731	-0.0098403608	0.0689538983	0.0204162951	-0.0310634538	-0.0097828312	0.080107428	0.0108856753	0.0223774491	0.0605858584	0.0418886959	-0.0088922722	-0.0152159464	-0.0271124104	-0.0418430105	0.0005958769	-0.0976930363	-0.0757443367	-0.0301303975	0.0654441121	0.0159244091	0.0635208184	-0.0279019456	0.0078993885	-0.0566431435	-0.0488663515	0.0804438847	-0.0613202449	-0.0573647378	0.0713080764	0.0070465572	0.0092490038	-0.051366804	0.0545226451	-0.0141054807	0.0297648285	-0.0065868721	0.0564473433	-0.0743880348	0.1041583808	0.0526668826	0.0128250756	-0.0581559453	0.0355608482	-0.0589455612	0.0409604307	0.0266420947	-0.0080921516	-0.0531580489	-0.0500240768	0.0167945996	-0.0674541394	-0.0847554201	-0.0992637963	0.0469141202	-0.0045241631	-0.0045209799	-0.0762317579	0.0973854535	0.0745355992	0.0403383756	0.0	0.0035589651071603	-0.0112024541976439	0.0001254949800503	1.2666232633984523e-05	-0.0099479777019695	-0.0113558686748831	9.896226035888238e-05	0.0001289557533611	0.0145238730711483	0.0240378585972962	0.0002109428889868	0.0005778186459436	-0.0002700050000219	-0.0001639818585213	7.290270003682621e-08	2.689004992409965e-08	6.097786050163201e-05	-2.5993943541635645e-05	3.7182994713564933e-09	6.756851008457415e-10	0.0001640082384255	-0.0003679963298639	1.3542129879337386e-07	2.6898702271435658e-08	0.0	0.0	0.0	0.0	0.0	0.0	0.0	0.0	0.0	0.0	0.0	0.0	0.0	0.0	0.0	0.0	0.0	0.0
4450.189119194446	3.693159762092364	19804183.19659664	13.639429028338126	5420.317232118804	-10.425598565463588	29379838.896804053	108.69310544819642	5135.304437877807	7.98168228492068	63.70725209741661	26371351.6696875	5250.904766226304	4054.406240804157	0.927875	18.32958	0.0855188544673875	0.0416433985728626	-0.0100429505	0.068580221	0.0614409126	0.0236775813	0.036144428	0.047803794	-0.0132126788	0.0670548981	-0.0374857687	-0.0196641096	0.0265199139	0.025136883	0.0374891255	-0.102845617	-0.0196583921	0.0378615456	-0.0416019643	0.0677258525	0.0253298584	-0.0493073338	0.0109955225	0.0729360293	-0.0894489939	0.1369678334	0.0460409165	-0.0790758665	-0.0911279538	0.0076955352	0.1063323883	-0.0988642795	-0.0952708722	-0.0026726184	0.0132151074	-0.0161469237	0.0356633122	-0.0054398587	0.0080529337	0.0445104399	-0.0356170829	0.0865738476	0.0006644811	-0.0229097639	0.048353885	0.0644437876	0.0823982854	0.0308097267	0.0415706742	-0.005693587	-0.0690001468	0.1064747595	0.0183043372	-0.0977965916	-0.0805378092	0.0325286834	-0.0026573012	-0.0389433237	-0.0582589457	-0.0207368552	0.0201038505	-0.0185409486	-0.0455077783	-0.0679305713	-0.0651863107	0.1145364177	0.0733294112	-0.0007468275	0.0402609769	-0.0389077881	0.0098206034	-0.0148745442	0.0313149663	-0.0182176593	0.0443959674	0.1296796771	-0.0159738093	-0.0199057278	0.0036085243	-0.0613647753	-0.0225967986	0.0738416266	-0.0499316933	0.0966666195	0.0718889393	0.0351863325	-0.007352978	0.0121253720903666	0.0085664069832063	7.338332860192566e-05	0.0001470246483298	0.0032963574245172	0.0132443351264866	1.0865972270169669e-05	0.0001754124129426	-0.008081392895086	-0.0226052659662343	6.530891112474648e-05	0.0005109980494041	0.0002719864565886	0.0005419914566105	7.397663256762239e-08	2.937547390387715e-07	6.10603844677371e-05	8.252396610508583e-08	3.7283705513478695e-09	6.8102049817133546e-15	0.0004439911856781	0.0002799829472525	7.839045075225216e-08	1.9712817295984506e-07	0.0	0.0	0.0	0.0	0.0	0.0	0.0	0.0	0.0	0.0	0.0	0.0	0.0	0.0	0.0	0.0	0.0	0.0
4456.477750490436	6.288631295989944	19860193.94061629	39.546883576904165	5420.751614695582	0.4343825767782618	29384548.06822476	0.1886882230085225	5134.543029468912	-0.7614084088945674	0.5797427651353567	26363532.121467795	5255.337122291904	4070.839564336103	0.996035	19.676039	0.112848681391001	0.0756780760165382	-0.0181977666	-0.0127629644	0.076870449	0.045918221	-0.0794808563	0.0337061391	-0.0688279732	0.083457631	-0.0383537296	-0.0047477155	-0.0471602333	0.026469864	-0.0227143096	0.0847652756	0.0697622353	0.006240808	0.0421733034	0.1033463523	-0.0148260457	-0.0124239132	-0.0050450306	0.044627509	0.0020516672	-0.0243443369	0.0220133709	0.1432544915	-0.0126931009	-0.0178905442	-0.025455214	-0.1446240803	-0.0997625991	0.0091565466	-0.0421540995	-0.1501974709	-0.0005242624	0.0062997298	0.0359297239	-0.0040870043	0.0413465319	-0.1082416447	-0.0406069979	0.013550219	0.0642860419	-0.0003791429	0.0323577546	0.0514059242	-0.0953619797	0.0185458147	0.030967351	-0.0021577446	-0.0173091225	-0.0482244109	0.0652918918	0.1237751116	0.0469750884	-0.0192160083	-0.1405474137	-0.0648159601	-0.0548313718	-0.0864289844	0.0424859827	-0.13493144	0.0637753388	0.0033589952	-0.0082641156	0.0483314492	0.0894547556	-0.0263100082	0.0178565053	-0.0200129152	0.0542582849	0.1070569362	0.0591874444	0.0331129723	0.0927145179	-0.0082045569	-0.0273444684	0.0378567985	-0.0248529092	0.0381175565	0.0038317983	0.09591834	0.0691546937	0.029937846	-0.0146701329	0.0181267231619841	0.0060013510716175	3.601621468480452e-05	0.0003285780925912	0.0061403969979778	0.0028440395734605	3.770447529277477e-05	8.08856109540995e-06	-0.0808259520608771	-0.0727445591657911	0.0065328345265472	0.0052917708882252	0.0003311109415657	5.912448497710001e-05	1.096344556245244e-07	3.4957047238073244e-09	-0.0004169119327819	-0.0004779723172496	1.7381555969593954e-07	2.2845753605698775e-07	0.000532069015054	8.807782937589998e-05	7.757704027570149e-09	2.830974367805336e-07	0.0	0.0	0.0	0.0	0.0	0.0	0.0	0.0	0.0	0.0	0.0	0.0	0.0	0.0	0.0	0.0	0.0	0.0
4447.051821078015	-9.425929412421285	19776269.899353288	88.84814528794863	5436.475168372845	15.723553677262316	29555262.256334547	247.2301402417493	5132.826257471799	-1.7167719971130282	2.9473060900714554	26345905.389391955	5246.571714707899	4023.794887187738	1.088591	21.504435	0.0969755906840079	0.051760955832268	-0.0963620276	-0.0788231567	0.0406619906	-0.0166367505	0.0206471465	0.017059217	-0.0145114875	0.0318499869	-0.0293223722	0.0337659155	-0.0113674859	0.021888293	-0.0423870723	-0.1230452027	0.0287735245	0.0454406297	0.0414025587	-0.0307402633	-0.0069813572	-0.0898885356	-0.035761837	0.0042831876	0.1209477987	0.0124293093	-0.0359236559	0.1241385037	-0.0715194903	-0.0490736815	-0.0083391739	-0.1059972577	0.0102470568	0.0023608818	0.1837426239	-0.1575334338	-0.0132470508	0.0408485163	-0.0082366204	-0.0174040046	-0.1048966688	0.059503621	0.0266536271	-0.1312933634	-0.0219445355	0.0050048886	0.0207460613	0.0833074329	-0.0612994376	0.0491247011	-0.0052056375	-0.1464839964	0.029796167	-0.0215214055	-0.0185021862	-0.0441925908	0.0414216491	-0.0657232301	-0.0910317064	-0.0774521105	0.0602067719	0.0496975565	-0.0691940979	0.0012488428	0.0077106651	0.0461051261	0.0427350794	0.0662448472	0.1997984317	-0.042255932	-0.0172358482	-0.1038315927	0.1148851991	0.0333222479	-0.0264939159	0.0128336327	-0.0170592754	-0.0279976606	-0.0576740611	0.1044429922	0.0035389177	-0.0276994235	-0.0228721889	0.0951408427	0.0663361938	0.024607302	-0.0219158165	0.0262105239054335	0.0080838007434493	6.534783445979304e-05	0.0006869915633973	0.0139280653094431	0.0077876683114653	0.0001939910032641	6.06477777294008e-05	-0.0888744555848504	-0.0080485035239732	0.0078986688555035	6.477840897541053e-05	0.0010639806307017	0.000732869689136	1.1320547825083873e-06	5.370979812542973e-07	-0.0003340605949042	8.285133787769999e-05	1.1159648106774802e-07	6.864344188124805e-09	-0.0001133223200347	-0.0006453913350887	4.165299754075746e-07	1.2841948218046972e-08	0.0	0.0	0.0	0.0	0.0	0.0	0.0	0.0	0.0	0.0	0.0	0.0	0.0	0.0	0.0	0.0	0.0	0.0
4449.901604656152	2.8497835781372487	19801624.2911214	8.12126644222074	5467.7281553071125	31.252986934267938	29896051.18033812	976.7491923135224	5131.478521528227	-1.3477359435719336	1.8163921735957305	26332071.81690552	5253.438649994209	4103.644809649649	1.036106	20.467611	0.1833142591721927	0.0988942129034056	-0.0320130068	-0.0645620452	-0.0542928605	0.007259942	0.0159261673	-0.0108580593	-0.0144369608	-0.0804483747	-0.0524698239	0.0188295452	-0.0042599441	0.0251313079	0.0853057359	0.0859843451	0.0175166311	0.1022845145	0.0883521086	-0.0861380885	-0.0440581159	0.056177554	-0.0928535883	-0.0532178359	0.1072640369	0.0059407657	0.0832749135	-0.0049043527	0.0726209056	-0.0441213506	-0.0207547534	-0.0137700725	-0.043520952	0.026513359	-0.0223518902	-0.1742702932	-0.0205261682	0.1541891694	0.0079562381	0.0480143092	0.0819605564	-0.0451237363	0.0937849014	-0.0929480568	0.015635038	-0.0796992657	0.0008164039	-0.0062448786	-0.0819314435	-0.0446858246	-0.00619614	0.0134834774	0.0410729989	0.1541135688	0.0094116457	0.0125661545	-0.0293674941	0.0131879605	0.0477128769	-0.0313750331	0.0224293171	-0.0278166751	0.0053319167	-0.0449896757	-0.0101172372	-0.1455990274	0.0175183985	-0.043654527	0.0965161081	-0.016982687	0.0409288708	-0.1517819905	0.0270400409	0.0032489944	-0.088466174	-0.0022724601	-0.0106317805	0.0666474584	-0.1330178927	-0.0528133198	-0.0648436099	0.0247847624	0.0929501737	0.0943343646	0.0634368734	0.019209311	-0.0290547284	0.0462885691760277	0.0200780452705942	0.000403127901888	0.0021426316363639	0.0067679728198157	-0.0071600924896273	4.580545608976408e-05	5.126692446001869e-05	-0.0146072793633393	0.074267176221511	0.0002133726103986	0.0055156134639169	-0.0001889713445861	-0.0012529519752878	3.5710169074678545e-08	1.5698886523775996e-06	-0.0004860111171887	-0.0001519505222844	2.362068060310083e-07	2.3088961222532324e-08	0.0001179540862022	0.0002312764062369	5.34887760818556e-08	1.3913166451796029e-08	0.0	0.0	0.0	0.0	0.0	0.0	0.0	0.0	0.0	0.0	0.0	0.0	0.0	0.0	0.0	0.0	0.0	0.0
4441.139530268329	-8.762074387823304	19723720.32731199	76.77394757774913	5463.32104408001	-4.4071112271021775	29847876.830687493	19.42262936805006	5129.270258611966	-2.2082629162614467	4.876425107335509	26309413.385881264	5244.701866436983	4142.639549176485	0.8122089999999998	16.04467	0.0848006200373343	0.0434598716091181	-0.0041273572	-0.0770864618	-0.084125357	0.0513253326	0.0530502055	0.0104648573	-0.0109050169	-0.119388118	-0.0491065266	0.0663681491	0.0305132468	-0.0141231439	-0.083759735	-0.0335101136	0.0049884321	0.0670661132	0.0720028272	-0.1297986302	-0.0810160671	0.0259041731	-0.0662828906	0.0594170205	0.1060848131	0.0246790915	0.0023201204	0.0405493931	0.0372282862	0.0096846157	-0.0547953169	0.0754904747	-0.0666295037	-0.015139678	0.0643016711	-0.111038291	0.0558041621	0.0381787486	-0.0342958838	-0.0468538139	-0.0974417832	-0.0334948409	0.0724430919	-0.0766720731	-0.0096764715	-0.0375614255	-0.0591251702	-0.0497368379	-0.0980525813	0.0024871301	-0.0554146266	-0.0314112462	0.0563015192	0.0362501558	-0.0096256715	0.0469435648	-0.0906301227	0.0326737212	0.0497754905	-0.0044554763	0.0527845261	0.0188154409	0.0327143574	0.0866406727	0.0666554524	-0.0095231574	0.076074355	0.0301531107	0.1133329367	-0.0175359397	0.0110970387	-0.1561317587	0.0358217365	-0.0129817286	-0.155245852	-0.0325054209	0.0330354003	0.091578338	-0.1050336408	-0.0455274124	-0.0542066605	0.0453948891	0.1066433623	0.0934991514	0.060460265	0.0137586687	-0.0360520886	0.0297119668357765	-0.0165766023402512	0.0002747837451468	0.0008828009732502	0.0049404004621891	-0.0018275723576266	2.440755672679827e-05	3.3400207223608515e-06	0.0183315206713672	0.0329388000347065	0.0003360446501247	0.0010849645477263	-0.0004699551614909	-0.0002809838169048	2.208578538119379e-07	7.89519053623902e-08	-0.0008600241099396	-0.0003740129927509	7.396414696774012e-07	1.398857187464848e-07	0.0001037979897629	-1.4156096439300003e-05	2.0039506639876228e-10	1.0774022678819092e-08	0.0	0.0	0.0	0.0	0.0	0.0	0.0	0.0	0.0	0.0	0.0	0.0	0.0	0.0	0.0	0.0	0.0	0.0
4434.954675336608	-6.18485493172102	19668822.972290035	38.25243052643382	5433.808523875269	-29.51252020474112	29526275.07413953	870.988848835253	5128.758044412511	-0.5122141994552294	0.2623633861235615	26304159.07812604	5241.763671596618	4107.877243830852	0.7677279999999999	15.165987	0.0644203645403272	0.0313391498714188	0.0009292945	-0.046862182	-0.0819463651	0.0261630225	0.0490262699	0.0544806558	-0.0021466192	-0.0756111175	-0.02056555	0.0249685226	0.0715090445	0.0009489066	0.0985588	-0.0051915659	-0.0609938139	0.1137734234	0.0737410693	-0.0767315661	-0.0167251015	0.0938620051	-0.0724060278	-0.0381240343	0.0464217893	0.0413621024	-0.0592859641	-0.0584520069	-0.0056150673	0.0590366745	-0.0273345685	0.050030546	-0.0640151898	0.0036323825	0.0326838948	-0.1404286091	-0.0892060447	-0.004165619	-0.0409335606	0.0592038921	0.0273386004	0.0390072647	0.1438906891	-0.0917980035	0.0410950046	-0.0705078856	0.0087463001	-0.0446542402	0.0061647706	0.0023139232	0.0013916912	0.0027257854	-0.0151114709	0.1142532818	-0.0436870184	0.0445173219	-0.0969147769	0.0505601473	0.014568168	0.0116912691	0.0639080435	-0.0205159533	0.0198586819	-0.0089627448	-0.0847618314	-0.0855568881	0.0822649826	-0.0396864666	0.0834252402	0.0232536401	-0.0026908498	-0.1626882636	0.0524189603	-0.0162551505	-0.1513823333	0.0109922855	0.0649927929	0.066585238	-0.0333210545	-0.0593833043	-0.0315266106	0.0619605398	0.1544368079	0.0926354574	0.0574099951	0.0082703149	-0.0428738067	0.0239819509035044	-0.005730015932272	3.283308258409208e-05	0.000575133969138	0.0167956835996392	0.0118552831374501	0.0002820949875791	0.0001405477382691	0.0239973981427823	0.0056658774714151	0.0005758751176232	3.210216752108918e-05	-0.0010040514265937	-0.0005340962651027	1.008119267244844e-06	2.852588203967604e-07	-0.0008009368806654	5.908722927419998e-05	6.414998868100212e-07	3.4913006633018752e-09	-0.0001264022758439	-0.0002302002656068	5.299216228544128e-08	1.5977535338517392e-08	0.0	0.0	0.0	0.0	0.0	0.0	0.0	0.0	0.0	0.0	0.0	0.0	0.0	0.0	0.0	0.0	0.0	0.0
4434.806340169156	-0.1483351674514779	19667507.274804544	0.0220033219028579	5399.350360317888	-34.45816355738134	29152984.313464902	1187.3650357472434	5126.420645442034	-2.3373989704768974	5.46343394718646	26280188.63401432	5244.971099818718	4104.264043472718	0.994589	19.647482	0.070478966069593	0.0355904171169387	0.0149437441	0.0461529366	-0.1352952746	0.0520611459	-0.0228456664	0.0720032842	0.0112749796	-0.0166741344	0.1008849264	0.0254970565	-0.0224317662	-0.0458082409	-0.0674829869	0.0675569177	0.0298338842	0.0733404543	0.0035140676	-0.0134952968	-0.0683791044	0.0809959464	-0.0354155572	0.072509842	-0.0030675682	0.0470397531	0.0770720281	-0.0189995575	0.0426799396	0.0912374058	-0.084155735	0.161477695	-0.0440857178	0.0147885257	-0.0153420212	0.012086054	0.0774765184	0.1882275348	-0.0394857239	-0.0499263277	-0.0072317851	-0.0858003181	-0.0121088899	-0.016930367	0.0612791974	-0.0339007417	-0.0029733965	-0.0747494739	-0.0122811736	-0.0717860017	-0.0276654863	0.0680241046	0.0435860266	0.0037559322	0.0361642201	0.1386149899	-0.1277312739	0.0964885449	0.1100905012	0.0215567671	0.0303616998	-0.0144861332	0.1262168798	0.0377777347	0.073508528	0.0145665102	0.0618643715	-0.0527044128	0.085212207	-0.0014401653	-0.0218948323	-0.0706652481	-0.0018010147	0.0292230107	-0.0329336773	-0.0727105251	0.1675282025	-0.0113367011	-0.0663986536	0.0788096503	0.0262937222	0.0786255224	0.1706947403	0.0917435458	0.0542897799	0.0027592926	-0.0494866478	0.0256864388520199	0.0017044879485154	2.905279166634577e-06	0.0006597931408985	0.0020050875320265	-0.0147905960676127	4.020376011088121e-06	0.0002187617320352	0.0062263370403954	-0.0177710611023869	3.876727294059975e-05	0.0003158106127047	-0.0014429839609667	-0.000438932534373	2.082202711607147e-06	1.9266176973110486e-07	-0.0006780260735208	0.0001229108071446	4.597193563740333e-07	1.5107066512937062e-08	3.601080166005936e-05	0.0001624130775039	2.6378007744307116e-08	1.296777836200134e-09	0.0	0.0	0.0	0.0	0.0	0.0	0.0	0.0	0.0	0.0	0.0	0.0	0.0	0.0	0.0	0.0	0.0	0.0
4433.75352552753	-1.0528146416263553	19658170.3251278	1.1084186696228309	5389.495894228179	-9.854466089708694	29046665.9939024	97.11050191321856	5132.24417351441	5.823528072376575	33.91347920975803	26339930.25657261	5262.512926090811	4056.8459642373655	0.8931569999999999	17.643742	0.1313183192252239	0.0700574230963819	-0.0480358708	0.0748093337	-0.0991605127	0.0451694873	0.032561978	0.0524195674	-0.0707541643	0.0553653883	0.114406921	0.0321134435	-0.0392918069	0.013986856	0.0453092037	-0.1217919459	-0.0481280564	0.0380834982	0.0227582639	0.07485938	-0.0202872535	0.0877876543	0.0100319165	0.015027843	0.0418496301	0.0205953142	0.039744516	-0.023675721	-0.0840812819	0.0642997097	-0.1167845716	-0.0336327345	-0.1307355124	-0.1278943155	-0.0195648979	0.1660460598	0.0851430476	0.1229349785	0.0516882135	0.0673562065	-0.0562136686	0.086316347	0.0091365554	0.0518120943	0.1041426785	-0.0538502568	-0.0010619336	-0.0299653797	-0.0031406132	0.0094140958	0.0770764704	0.0182785661	0.00336935	-0.0689608616	-0.0304005831	0.1489299101	-0.0589414041	0.0172366838	-0.0220199772	-0.0220279687	0.0150402058	0.0368923955	0.0708970723	-0.0507812911	-0.1168830198	0.0039056977	0.0921333748	-0.0396756192	0.1359565332	0.0336544324	-0.040123863	0.0161295302	-0.0075930077	-0.008103728	0.0281385938	-0.0756558561	0.067435138	-0.0354673831	-0.0400852103	0.1227971752	-0.035129704	-0.0223569649	0.1132952494	0.0908236882	0.0511034211	-0.0027592926	-0.055858395	0.0462764737576861	0.0205900349056662	0.0004239495374165	0.0021415120234458	-0.0081102600257167	-0.0101153475577432	6.577631768473826e-05	0.0001023202562139	-0.0440849884694571	-0.0503113255098525	0.0019434862083521	0.0025312294745583	-0.0015700072901794	-0.0001270233292127	2.4649228912164627e-06	1.6134926164277982e-08	0.0001149037846521	0.0007929298581729	1.3202879727376172e-08	6.287377599820953e-07	0.0001220898393137	8.607903765364065e-05	7.409600723376885e-09	1.4905928863645088e-08	0.0	0.0	0.0	0.0	0.0	0.0	0.0	0.0	0.0	0.0	0.0	0.0	0.0	0.0	0.0	0.0	0.0	0.0
4436.724778701767	2.971253174237063	19684526.76194624	8.828345425413822	5407.312646484375	17.816752256196196	29239030.05682986	317.43666095867223	5136.216282872544	3.972109358133821	15.777652752974276	26380717.704445053	5268.3845690876215	4004.0043879499112	1.160222	22.919443	0.1183419354393611	0.0667329388033024	-0.0930876433	0.1168379492	0.010829446	-0.0132730512	0.1506524574	0.0202960179	-0.0924959533	0.0941815415	0.0614595036	0.016432696	-0.0011297855	0.0441077437	-0.0180760611	0.0857321704	0.0327406759	0.0522082614	0.0620529084	0.1694989577	0.0284075631	-0.0441027835	0.125964671	-0.0563037326	0.0690689583	0.0128532356	-0.0107231688	0.0242135701	-0.0663665983	-0.0568014142	0.0174579632	-0.0135832051	0.0181922377	-0.0327596335	-0.0860873368	-0.0248315251	0.0268122223	0.1480656891	0.0869067859	-0.0044573206	0.0458690823	-0.0947984432	-0.0521559522	0.048723319	0.1442157945	-0.0530634961	0.0006156781	0.082586379	0.0088808687	0.0433877969	0.1092699496	-0.0153015018	0.104218254	-0.0715255131	-0.0243638933	-0.0377076749	-0.0305229438	-0.0743112983	-0.0611570778	-0.069686422	-0.0100397948	0.0420046384	0.1243693269	-0.1486321064	0.0723370851	-0.0300178595	-0.002416899	-0.0076134019	0.1443867923	0.0388732499	-0.0071994256	0.0813675872	0.0331839027	-0.0065390015	-0.0294403267	-0.1086863329	-0.0086165938	0.0064894588	-0.0275341286	0.1189285173	-0.0172828107	-0.0376428817	-0.0243763016	0.0898761648	0.0478548005	-0.0082703149	-0.0619580057	0.0462844588408586	7.985083172498686e-06	6.376155327172168e-11	0.0021422511301911	-0.0148083796017033	-0.0066981195759865	0.0002192881064281	4.48648058542149e-05	-0.1046293093620391	-0.060544320892582	0.0109472923775772	0.0036656147923439	-0.0012570213548743	0.0003129859353051	1.5801026866100208e-06	9.796019569880829e-08	-0.0001167769402801	-0.0002316807249322	1.3636853781182044e-08	5.367595830510972e-08	-0.0003550736982014	-0.0004771635375151	2.2768504153392426e-07	1.2607733115441888e-07	0.0	0.0	0.0	0.0	0.0	0.0	0.0	0.0	0.0	0.0	0.0	0.0	0.0	0.0	0.0	0.0	0.0	0.0
4422.661116416639	-14.063662285127975	19559931.35066367	197.78659687013104	5395.506876346983	-11.805770137392756	29111494.452707574	139.37620853695458	5125.455419247221	-10.760863625323507	115.7961859628106	26270293.254690703	5245.444721217574	4010.834621637928	1.028895	20.325171	0.0720173379341721	0.0497353275408268	-0.0405441649	0.0955757529	0.0379738006	0.0233009477	0.1360313163	0.0626159446	-0.0691780628	0.0504621954	-0.0345310545	0.007538163	0.0937929149	-0.0247420957	0.0144357537	-0.13588663	0.0124525337	0.0647809473	-0.0593269725	0.0676740754	-0.0176007169	-0.0476964168	0.0905350586	0.1156389959	0.0268792387	0.0644771848	0.0118811733	0.1013807827	-0.1028929751	0.0643314106	-0.0094775572	-0.0662931693	0.0079824407	0.067624735	-0.0892117072	-0.1434778042	0.122877803	0.0350181439	-0.004069195	0.055970241	-0.1071249063	0.0621533877	-0.0237255279	-0.0237416892	0.0927664457	0.0610442556	0.0417150339	-0.0056985559	0.0277734572	0.0255238691	-0.0453671129	0.0144012247	0.0942988472	-0.1216360163	0.0031355374	-0.0416683639	-0.0537652579	0.0579170325	-0.0971718548	-0.0386567087	0.0361137241	0.0891047848	0.032848374	-0.0764122657	-0.0545386946	0.0762163596	0.1009531919	0.0567619655	0.1215927302	0.0553772014	-0.0082500593	0.031234023	0.0432711134	-0.0646951502	-0.0056196463	-0.1155056453	-0.1004578533	0.0137656669	0.0244954808	0.0691025072	0.0764891736	0.0507971118	-0.0932173201	0.0889012643	0.0445478763	-0.0137586687	-0.0677557633	0.0461757912190421	-0.0001086676218165	1.1808652031254052e-08	0.0021322036947045	-0.0188718862422092	-0.0040635066405059	0.0003561480903388	1.651208621743556e-05	-0.0577409479103394	0.0468883614516996	0.0033340170655845	0.0021985184396252	-0.001617025863274	-0.0003600045083997	2.614772642497025e-06	1.2960324606810973e-07	-0.0001161658959765	6.110443036000119e-07	1.3494515388023016e-08	3.7337514096202353e-13	-0.0004135941899011	-5.85204916997e-05	3.4246479487746563e-09	1.7106015391994718e-07	0.0	0.0	0.0	0.0	0.0	0.0	0.0	0.0	0.0	0.0	0.0	0.0	0.0	0.0	0.0	0.0	0.0	0.0
4425.568993045051	2.907876628411941	19585660.912201785	8.455746486064397	5390.46292261584	-5.04395373114221	29057090.52009611	25.441469241903423	5125.667203860374	0.2117846131532132	0.0448527223684562	26272464.284729823	5245.85352982246	4003.035077273934	1.01555	20.061546	0.0992483787890733	0.0646087614906902	0.0296040293	0.0164043972	0.0862568542	0.0481186632	0.012603963	0.0625866895	-0.0661426167	0.0677639814	-0.0447265195	0.0162909723	0.0015065937	-0.0134877675	0.0666106221	0.0780597312	0.0728370197	0.0725633459	0.0228068141	0.0842614278	-0.0204782751	-0.0295292836	0.0923384268	-0.0340957075	0.0134719833	-0.0392196771	0.1499928479	-0.014645487	0.0476435051	-0.0938224678	-0.0768780616	-0.081455159	-0.051084027	0.0657437034	-0.0408699176	0.0319287936	-0.0401811609	-0.0497437496	0.0159046692	0.0810424861	0.0574549296	-0.0869113007	-0.0490480678	-0.020016951	0.0985575703	0.0024519736	0.0022645703	0.0254026516	-0.0567762097	-0.0232689651	0.0631401165	0.068888	0.0886653105	-0.0046863784	-0.0384894159	0.014164274	0.0586215962	-0.0069096778	-0.0775895688	8.25106e-05	-9.48294e-05	0.0280916431	0.0916670261	-0.1377336703	0.0183252078	-0.0739105077	0.0235245651	0.0911555254	-0.0124678434	0.0635331819	0.1131181168	0.051785341	-0.0572621161	-0.0037902372	0.0611804854	-0.1021128258	-0.0395034846	0.0464016797	0.1077262372	-0.0469142588	0.0124806264	0.0423829647	-0.0023812572	0.0878992835	0.0411866773	-0.019209311	-0.0732234215	0.0462193232307868	4.353201174470134e-05	1.895036046540815e-09	0.0021362258399119	-0.0170868584146433	0.0017850278275659	0.000291960730482	3.1863243451846464e-06	-0.0052468991935867	0.0524940487167527	2.752995114766076e-05	0.0027556251506768	-0.0024320216179876	-0.0008149957547135	5.914729150359023e-06	6.642180802011901e-07	-0.0001160983934895	6.750248699999154e-08	1.3478836970842776e-08	4.556585751184027e-15	-0.0003301420424415	8.34521474596e-05	6.9642609156188235e-09	1.0899376818744517e-07	0.0	0.0	0.0	0.0	0.0	0.0	0.0	0.0	0.0	0.0	0.0	0.0	0.0	0.0	0.0	0.0	0.0	0.0
4419.571510043663	-5.997483001387991	19532612.332389623	35.96980235193791	5398.582306539602	8.119383923761234	29144690.92048245	65.92439530143237	5121.19898177758	-4.468222082793545	19.96500858116389	26226679.01095973	5243.731046670111	4009.782731567563	0.740074	14.619688	0.0418450836826184	0.0242064993865555	0.0323934848	-0.0061180378	0.087178226	0.0663085244	0.0084198099	0.0502989718	-0.0665608611	0.0673923356	-0.0536360599	0.0207229833	0.0115528885	-0.0483297823	-0.0016943889	-0.0883297118	0.1037705291	0.0029463245	0.0202198776	0.0556765092	-0.0341153393	-0.0250035284	0.1008561711	-0.0964952933	0.0255816816	-0.0693045525	-0.1017191345	0.0390411634	-0.0520158595	0.1404280729	0.0559197471	-0.0211087323	0.018227462	-0.0721303169	-0.1160613608	0.0400818328	-0.093971978	0.0154863573	0.0048219006	0.0584501511	-0.1126077177	-0.015588967	-0.093756187	-0.0072103293	0.059449268	0.02700962	0.0125713418	0.042074103	-0.0384615141	0.024690635	0.1126120641	-0.0593506173	0.007263646	0.0269202854	0.0679920514	-0.0592700056	0.0114421179	0.1558532944	-0.1232215891	0.0059141264	0.0137685136	0.0868710343	0.0469878563	-0.0352059117	0.0104268435	0.0750260223	0.0833405644	0.1542628611	0.0032641139	0.0405364558	0.0718935901	0.0875875637	-0.1200145346	0.0398954621	0.0729073215	-0.0797172733	-0.0402107827	0.1183775843	0.132367295	-0.0236122219	-0.0030238362	0.0637792069	0.0090855617	0.0868705278	0.0377752987	-0.024607302	-0.0783343427	0.0462246643631658	5.341132379002578e-06	2.8527695090029732e-11	0.0021367195954873	-0.010116580415314	0.0069702779993292	0.0001023451992995	4.858477538793405e-05	-0.0005892088830066	0.0046576903105801	3.471671078138853e-07	2.1694079029271743e-05	-0.0023716246699491	6.039694803850002e-05	5.624603575111177e-06	3.6477913323652715e-09	-0.0005279523174579	-0.0004118539239683	2.787336495091672e-07	1.6962365468816858e-07	-0.0004621266552412	-0.0001319846127997	1.7419938015886735e-08	2.135610454844189e-07	0.0	0.0	0.0	0.0	0.0	0.0	0.0	0.0	0.0	0.0	0.0	0.0	0.0	0.0	0.0	0.0	0.0	0.0
4415.681599012713	-3.8899110309494063	19498243.983859472	15.131407828701873	5375.876857152479	-22.705449387122822	28900051.983267613	515.5374318711963	5121.368943710196	0.1699619326154788	0.0288870585383885	26228419.857599284	5235.269823829016	3972.2524620968975	0.8735319999999999	17.256071	0.0760591316084718	0.0416637701719864	-0.0230293866	-0.038049461	0.1006013954	0.0373785934	-0.0154533146	0.0739597763	-0.01790263	0.1336881524	-0.0277769485	0.0624095551	0.0095173992	-0.0446300973	0.113573219	0.0222323434	0.0707279827	0.0583372569	0.0520301258	0.0167854569	0.0117745668	0.0632122573	-0.0633741356	-0.0797488939	0.0350526814	-0.1228341622	-0.0696981836	0.0645460169	-0.0558760025	-0.0043745073	-0.1348913619	-0.1963962154	0.1631271669	0.0163737344	-0.0196074582	0.0570794783	0.0533816295	-0.047617217	-0.0225897454	0.1257064467	0.0530212039	-0.0309575996	-0.0430838989	-0.0575620732	0.0470208248	-0.0465661097	0.0156741027	0.0517486396	-0.0619990399	0.0360413826	0.0286003551	-0.0514486303	-0.0977228906	0.1131266598	0.0293821537	-0.0301902261	0.0127055361	0.0761781234	-0.1900709292	-0.0179562079	0.0091518434	0.0916393987	0.0024269352	-0.1177953672	-0.043072187	-0.1045382173	0.0432896026	0.0964684514	-0.0088381467	0.031292178	0.0583554612	0.0558532927	-0.0325746333	0.0374437514	0.0560336136	-0.0562319297	0.0308005825	0.0437875859	0.151506444	-0.044080582	-0.0574300197	0.0216993572	0.0195066559	0.0858153105	0.0343178967	-0.029937846	-0.0830636267	0.0460618016630007	-0.000162862700165	2.6524259105067012e-08	0.0021216895724416	-0.0017018820042267	0.0084146984110873	2.896402356310689e-06	7.080714934955512e-05	-0.0353833656079061	-0.0347941567248995	0.0012519825617427	0.0012106333421968	-0.0019556066283642	0.0004160180415848	3.824397284901994e-06	1.730710109241354e-07	-0.0006346766706464	-0.0001067243531885	4.028144762627989e-07	1.1390087563503696e-08	-0.0003311207745682	0.0001310058806729	1.7162540770908308e-08	1.0964096735064473e-07	0.0	0.0	0.0	0.0	0.0	0.0	0.0	0.0	0.0	0.0	0.0	0.0	0.0	0.0	0.0	0.0	0.0	0.0
4422.135134147162	6.45353513444843	19555279.144658737	41.64811573156031	5399.432285492996	23.55542834051721	29153869.00562412	554.8582043052413	5121.507699917018	0.1387562068221086	0.0192532849316597	26229841.1203093	5234.324503812713	3963.260347712868	0.7631489999999999	15.075532	0.0304265114903014	0.0199423085173297	-0.0205780143	-0.0115247189	0.1090907467	0.0098575776	-0.0672465936	0.0358903497	0.0511403629	0.0993466184	-0.0117438787	0.0347691248	0.0802468123	-0.0636902224	-0.079254578	-0.0259627692	0.1132639085	0.0341512018	-0.0230937687	0.0365149293	0.0557136297	0.0221844754	-0.080317968	-0.1394818649	-0.0133158125	-0.014484464	-0.0924601067	0.0109466147	-0.0496955927	0.1081171864	0.0488040223	-0.0664183634	0.009743753	0.0247458302	-0.0227435593	-0.0119019774	0.058606223	-0.0538871891	-0.0653827942	-0.0361582206	-0.0636131886	-0.0350725057	-0.1211824982	-0.0679940644	0.0006527274	0.0059270803	0.0711082326	0.0439184104	0.0285083674	0.0422895319	0.0216730342	-0.0168124759	-0.1144787256	0.1260757587	0.009497311	-0.0789222329	0.0075969191	0.0636595879	-0.114668748	-0.0193014243	0.0042442265	0.0778732393	0.0056127584	-0.0653577231	0.1196586313	0.0109046085	0.0491607152	0.1147257499	-0.0138018	0.0074464643	-0.0145638337	0.0452293302	0.0518205356	0.0594151556	0.0125889166	-0.0698792963	-0.0023061443	0.1439916414	0.1513209875	0.0599111713	0.0325602018	0.0163616955	-0.0172948909	0.0847339531	0.0308186837	-0.0351863325	-0.0873882332	0.0461183110754035	5.650941240279567e-05	3.1933136901092363e-09	0.0021268986164476	-0.0071896209315269	-0.0054877389273002	5.1690649139049725e-05	3.011527853420595e-05	-0.0353285151911677	5.485041673840285e-05	0.0012481039856125	3.0085682163764638e-09	-0.0015921282210344	0.0003634784073298	2.5348722722141637e-06	1.321165525950081e-07	-0.0007677371482137	-0.0001330604775673	5.894203287473047e-07	1.7705090690437947e-08	-0.0003311114047881	9.369780100019697e-09	8.779277912272509e-17	1.0963476238074901e-07	0.0	0.0	0.0	0.0	0.0	0.0	0.0	0.0	0.0	0.0	0.0	0.0	0.0	0.0	0.0	0.0	0.0	0.0
4430.947929600125	8.812795452962746	19633299.55482763	77.66536369576085	5413.519679418104	14.08739392510779	29306195.31944709	198.45466760116383	5130.341850847366	8.834150930348187	78.04222266017175	26320407.50655598	5242.501484052077	3929.759849108832	0.796035	15.725164	0.0759788409331033	0.0415389196253824	-0.0328230277	0.021423197	0.1142675021	-0.0335952923	-0.0625312232	0.0225961399	0.0856292978	0.0673155247	-0.0203323383	0.0409885033	0.0755373666	-0.0035299169	0.0753315989	-0.0189685387	-0.0589905002	0.0043822322	-0.0438181784	0.0206666734	0.0366865966	-0.0299606175	-0.0799610525	0.160254331	0.0361891034	0.0291275219	-0.0503403676	-0.0554371345	-0.0703837412	0.0966969539	-0.0129299069	0.0198823779	-0.1010649133	-0.0198033302	-0.1492059006	-0.0244123964	0.0916534356	-0.069393001	-0.0296593515	0.040685297	0.0668418473	0.1027873996	-0.0110533502	-0.0294703509	-0.0322506891	0.0425382064	0.0268020488	0.026951021	0.004673907	0.0220315162	-0.12780327	-0.0399714701	-0.0101802536	-0.0271054957	-0.0884121598	0.0658077875	-0.0758722556	0.1172324889	-0.1085759611	-0.0285861257	-0.0061489808	0.0577973704	-0.0409561136	-0.1001762401	-0.0781024818	0.0024101135	0.0739933806	0.0495244227	0.0071909925	0.0154644858	0.0030476597	-0.0285266574	0.0749715148	-0.0115868948	0.0726496181	-0.0101463708	0.0106458176	0.0033728777	0.1250819717	-0.0749930656	-0.0099089217	0.0992387637	0.0302538564	0.0836267848	0.0272819228	-0.0403383756	-0.0912870929	0.0461609288193329	4.261774392939899e-05	1.8162720976318243e-09	0.0021308313494635	-0.0329400355145423	-0.0257504145830154	0.0010850459396993	0.0006630838511971	-0.0656784974411763	-0.0303499822500086	0.0043136650261306	0.0009211214225758	-0.0013950944822257	0.0001970337388086	1.9462886143365943e-06	3.882229422893496e-08	-0.0005682693760489	0.0001994677721648	3.229300837550061e-07	3.978739213238857e-08	-0.0003308963886386	2.1501614950000155e-07	4.6231944545806997e-14	1.094924200140674e-07	0.0	0.0	0.0	0.0	0.0	0.0	0.0	0.0	0.0	0.0	0.0	0.0	0.0	0.0	0.0	0.0	0.0	0.0
4442.793689223756	11.845759623631238	19738415.76500643	140.3220210608521	5423.5793170797415	10.05963766163768	29415212.608655155	101.1963098834392	5132.91412406223	2.572273214864253	6.6165894919080825	26346807.40499753	5248.71041163724	3989.270292589196	0.853427	16.858912	0.1790182705000912	0.084715344586148	0.0460917464	0.0141096823	0.0942959854	-0.0292766673	-0.0639078767	0.0046424125	0.091043995	0.0117844256	-0.0464344598	-0.0378541194	0.0281055992	-0.021354167	-0.0830586319	0.0794975393	-0.003413417	0.0256880968	-0.0413652204	-0.0206427721	0.1096196746	-0.0389152865	-0.0104198089	-0.1567040163	-0.0918445841	-0.0383691012	0.019102468	0.0049497739	0.0377459174	0.0877356169	-0.16667626	-0.0562428506	-0.0742668211	0.1033161501	-0.0568390647	0.0555621213	-0.0483481404	0.061394506	-0.0389265094	-0.0983285964	0.0545001537	-0.031198536	-0.0492333792	0.0030800519	-0.0077978464	0.0557147816	0.0043534305	0.1122459248	0.0808793907	-0.0422790299	0.067968684	0.1639408692	-0.0824790805	0.129963038	0.1373638454	0.0416702307	0.0143407138	0.1240529765	-0.0588834622	0.0185012229	0.0226192355	-0.0054923609	0.0582470506	-0.0660584397	0.0875766324	0.034318234	0.018397122	0.0667843175	-0.0549089803	-0.0075218079	0.0481853595	-0.0279144239	0.0590651237	0.0847132331	0.0564658067	-0.0438649842	-1.7444e-05	-0.0419829252	0.1070832756	-0.1281829644	-0.0267138957	0.0917960289	-0.0021676237	0.082494143	0.0237119231	-0.0453798541	-0.0947412111	0.0460974935803193	-6.343523901359421e-05	4.0240295487118255e-09	0.0021249789143875	-0.0112877257979562	0.021652309716586	0.0001274127536898	0.0004688225160629	-0.0082031774041197	0.0574753200370566	6.729211952346002e-05	0.003303412413362	-0.0025420662686979	-0.0011469717864721	6.462100914451663e-06	1.3155442789632294e-06	-0.0001650117631168	0.000403257612932	2.7228881966914923e-08	1.6261670238769538e-07	-0.000777211099383	-0.0004463147107444	1.9919682102685745e-07	6.040570930041315e-07	0.0	0.0	0.0	0.0	0.0	0.0	0.0	0.0	0.0	0.0	0.0	0.0	0.0	0.0	0.0	0.0	0.0	0.0
4441.048774943181	-1.7449142805744486	19722914.22142433	3.044725846552646	5412.016083816002	-11.563233263739676	29289918.091483094	133.7083635116557	5131.317462084413	-1.596661977817348	2.5493294714076056	26330418.89669242	5250.713818470727	4017.7154957082457	0.802878	15.860353	0.0897169266915187	0.0576357829241622	0.0786669721	0.0012019331	0.0910264835	-0.0065054808	-0.0590062797	0.0031149468	0.0095688746	0.0657008355	-0.0720482586	-0.0516568568	-0.0454732289	-0.018666369	0.0340779305	-0.082184089	-0.0940001574	0.0168154424	-0.010644582	0.013268426	-0.0737406716	-0.0793207796	0.0603192709	-0.0040161646	-0.0648601537	-0.0551774148	0.1091357868	0.084169465	-0.0477590312	0.0507859693	-0.0998138652	-0.0534429974	0.0389678502	0.1020582953	-0.0533753433	0.0872016837	-0.0285698725	0.0631826053	-0.0055022716	0.0207157182	-0.0202632755	0.1127653749	-0.0061693697	0.0676834647	0.05884378	0.0493186005	-0.0741537849	0.0461119932	-0.096847586	-0.0607060655	0.0792972052	0.0527238161	-0.0298519249	-0.0741509578	0.0993013115	-0.0031724129	-0.0099222641	0.1034566033	-0.0443327824	0.0527723376	0.0525491026	0.0324238283	-0.0218062709	-0.0470406241	-0.1087772332	0.035595417	0.0720801914	0.0723656024	-0.0973907911	-0.0369214948	0.0875701017	0.0306799777	-0.02462793	0.0783549742	0.0993400196	-0.0875134156	-0.0823810648	0.0241022183	0.1214798077	-0.0526567987	-0.0065163974	-0.0326567639	-0.031135806	0.0813363727	0.0201130341	-0.0502969496	-0.0977337597	0.039105336707081	-0.0069921568732383	4.88902577399736e-05	0.0015292273589741	-0.0016540998204703	0.0096336259774859	2.7360462160798787e-06	9.280674947409117e-05	0.0479588245290898	0.0561620019332095	0.002300048850212	0.0031541704611458	-0.002789045887188	-0.0002469796184901	7.7787769608403e-06	6.099893194951552e-08	-0.0001148591939028	5.015256921400001e-05	1.3192634424001011e-08	2.515280198765061e-09	-0.0008186617498306	-4.145065044760003e-05	1.7181564225291243e-09	6.702070606356999e-07	0.0	0.0	0.0	0.0	0.0	0.0	0.0	0.0	0.0	0.0	0.0	0.0	0.0	0.0	0.0	0.0	0.0	0.0
4439.560039092214	-1.4887358509677142	19709693.340704456	2.2163344339565643	5422.984625875539	10.968542059536958	29408762.25248246	120.30891491183124	5126.173394659434	-5.144067424978857	26.46142967272861	26277653.672114227	5241.519950214242	4036.984880929155	0.7489789999999998	14.795613	0.0575948797085188	0.0289329390210923	0.0911819551	-0.0181326881	0.0944936255	0.0100572027	-0.0684128951	0.0204786488	0.0387735851	-0.0035109819	-0.0678403809	-0.0237974412	-0.04582108	-0.0402456048	0.0198580989	0.1269067921	0.0220442207	0.034630784	0.0276227574	0.0392629791	-0.0270440312	-0.0668825777	0.0618555966	-0.0680990522	-0.0677594864	0.0210862054	0.0118656961	0.0132444074	0.0842983833	0.0059584333	-0.0358353711	-0.0155122824	-0.0808157137	0.1267699103	0.1663522198	0.0300023645	-0.044510632	-0.0934747665	-0.0366965283	0.0017984366	0.0912757136	-0.0839424246	-0.0291991262	0.0078094662	0.0484058032	0.0327026711	-0.0246590338	0.0497143325	-0.023670694	-0.0512299982	0.0460830449	0.0308474882	0.0289379588	0.0015664569	0.0997745952	-0.0576986416	-0.0076395531	-0.0105609471	-0.0312264369	0.0631902495	0.0037257676	-0.0495403513	0.0535939944	-0.1020949318	0.0393628483	-0.0169866563	-0.003190611	0.0397980863	-0.1660639438	0.0248124438	0.0726214881	0.0252441082	-0.0150059569	0.0294888916	0.0773653685	-0.1484249762	0.0017477392	0.1004899547	0.067755803	-0.0312787186	-0.0179529351	0.0120097248	0.0183069716	0.0801538266	0.0164896405	-0.0550761846	-0.1002501592	0.0462089447723457	0.0071036080652647	5.0461247544893706e-05	0.0021352665769736	-0.0093338063173433	-0.0076797064968729	8.711994036967768e-05	5.897789187811335e-05	0.0537037223696259	0.0057448978405361	0.0028840897963538	3.30038511981964e-05	-0.0031910279685683	-0.0004019820813803	1.0182659496185132e-05	1.6158959375083818e-07	-0.0001157339526527	-8.747587498999918e-07	1.3394347796617404e-08	7.652028705265964e-13	-0.0004801852438439	0.0003384765059867	1.1456634510496456e-07	2.305778684054257e-07	0.0	0.0	0.0	0.0	0.0	0.0	0.0	0.0	0.0	0.0	0.0	0.0	0.0	0.0	0.0	0.0	0.0	0.0
4444.181628883031	4.621589790817779	19750750.350501437	21.359092194591128	5410.022946693157	-12.961679182381886	29268348.283746507	168.00512722699196	5124.064835991472	-2.1085586679619155	4.446019656237327	26256040.44344431	5241.935047736869	4089.384583601395	1.163591	22.985998	0.1516475197578877	0.1096848269822793	0.0473758015	0.0808016288	0.0386359325	0.0164981519	0.0910470899	0.0138514495	0.0090223716	-0.000815658	-0.0434720899	-0.0953675386	0.0358145341	-0.0503494595	-0.0300457981	-0.0737930652	0.0483912818	-0.0664813004	-0.0590258043	0.0034541266	0.0229842904	-0.0462950697	0.1019237234	-0.1383863452	-0.1070415509	0.0971794312	-0.0886048459	0.0243489398	-0.0197917115	0.1415326504	0.0728344771	0.0952839791	0.0655931759	0.1197036984	0.0677440359	-0.0237913355	0.1922012943	-0.0493964357	-0.0263808798	0.0173706475	-0.0775228957	0.0216353576	-0.0747018663	0.03599073	-0.0322353895	0.0547869657	0.0678478684	-0.0213240382	0.1242804788	0.003410663	0.1042168234	0.0616541275	-0.0063078728	-0.0005879088	0.059863281	-0.2006113141	-0.0524758994	0.0819268266	-0.02837272	-0.0123449842	-0.0624720909	-0.1006877076	0.0616337425	-0.0298589889	0.002645851	0.17519017	0.0974850826	0.0516017892	0.0068429172	0.0677907341	-0.1110534946	0.0960741285	0.0652951881	-0.0598880695	-0.0553855856	0.0355108445	-0.0285795844	0.0877699865	0.1604211453	-0.0116705398	0.0542560355	-0.0201592295	-0.1005747063	0.0789468648	0.0128461567	-0.0597044597	-0.10227815	0.0462157475569	6.802784554296726e-06	4.6277877692178096e-11	0.0021358953222431	-0.0080842725073893	0.0012495338099539	6.53554619737305e-05	1.5613347422181557e-06	-0.0498199414135385	-0.1035236637831644	0.0024820265624484	0.0107171489630896	-0.0023330248344619	0.0008580031341064	5.443004878215977e-06	7.36169378136405e-07	-0.0001160318524255	-2.978997728000097e-07	1.3463390777293012e-08	8.874427463429739e-14	-0.0004011358901188	7.904935372509997e-05	6.248800324355977e-09	1.60910002341402e-07	0.0	0.0	0.0	0.0	0.0	0.0	0.0	0.0	0.0	0.0	0.0	0.0	0.0	0.0	0.0	0.0	0.0	0.0
4454.378751255678	10.197122372646843	19841490.05963809	103.98130468273484	5447.502524750808	37.47957805765145	29675283.75716643	1404.718771379588	5146.260785618389	22.195949626916445	492.6601798406123	26484000.073593598	5276.590588699045	3974.3534838001697	1.550173	30.622677	0.2912892393371564	0.1501664385047883	-0.1577970514	0.023302407	0.0884362525	-0.0017746443	-0.0235914328	-0.1079190825	-0.0746853535	0.0744474616	-0.0517030561	-0.070291508	-0.0259620461	0.1172736399	0.0717711487	0.0946101734	0.0424374538	0.0267116425	-0.0746033247	0.0103836055	-0.0835463795	-0.0329389352	0.0901625241	-0.0467910317	0.1206958228	-0.0918160708	0.0412769035	0.0552123874	0.0071816987	0.0564646855	0.1051119682	-0.1545685532	-0.054442945	0.0169626053	0.0884294142	0.0516385196	-0.1021329862	0.1172357234	0.1258195754	0.0253010531	0.109060463	-0.0463065545	-0.0306506024	-0.0143629288	0.0024933618	0.0434098498	-0.0288482031	-0.0123929457	0.0021179546	-0.0920182764	0.0486721134	-0.0520796556	0.1419867337	0.0883299238	0.035492504	0.0505077456	0.1370941275	0.0007370013	-0.1470688924	-0.1278165009	0.0084009099	0.0177278543	-0.1111980882	-0.0504050028	0.0246426235	-0.0884041515	-0.1091743063	-0.0150007878	0.0643614592	0.0300228248	0.1740636015	-0.0308280247	0.0621940364	-0.0410057322	0.1003328395	0.0115980487	-0.0469306872	-0.1137762006	0.0971055621	0.0268071073	-0.0319504594	0.0472196564	-0.0474194993	0.0777158551	0.0091870219	-0.0641690889	-0.1038078519	0.0278451321433408	-0.0183706154135592	0.0003374795106728	0.0007753513840801	-0.0273989547424235	-0.0193146822350342	0.0007507027209773	0.0003730569498403	-0.1465676154305413	-0.0967476740170028	0.021482065892995	0.0093601124277002	-1.4999470196951402e-05	0.0023180253642649	2.2498410618923327e-10	5.373241589375648e-06	-0.0005319999411861	-0.0004159680887605	2.830239374220139e-07	1.7302945086714638e-07	1.9960102868566903e-06	0.0004031319004056	1.6251532912467634e-07	3.984057065237727e-12	0.0	1.0	0.0	0.0	0.0	0.0	0.0	0.0	0.0	0.0	0.0	0.0	0.0	0.0	0.0	0.0	0.0	0.0
4455.191795172796	0.8130439171181933	19848733.931775004	0.6610404111628957	5446.261887122845	-1.240637627963224	29661768.54312689	1.5391817239182153	5144.843787106001	-1.416998512387181	2.007884784107484	26469417.593723223	5258.423797224647	4029.740188666249	1.373855	27.139635	0.2533626162506902	0.1336395072366078	-0.024155705	-0.0994387523	-0.0157691119	-0.0980341817	0.0621056039	-0.0201029774	0.0301150708	-0.0116800872	-0.0187209852	0.1157472157	-0.0324622852	0.0876219687	-0.1031719164	-0.0425886693	0.0006879557	-0.0364438497	0.0166694267	-0.127080439	0.0394492979	-0.0538132528	-0.0394153153	-0.0856464184	0.0146777309	-0.0058377455	-0.0682227512	0.0030035495	-0.0406823567	-0.0720504242	0.1040040729	-0.006843267	-0.021765417	-0.0693145234	0.008503823	0.1064896218	0.0083864812	-0.0326867311	0.0117092972	-0.1217774832	-0.0404082033	0.0340885363	0.0453984623	-0.1225738302	-0.1315287689	-0.0042229167	-0.0024146788	0.0598220156	-0.0282268835	0.0282630972	0.0233370165	-0.0424589177	-0.0369999297	0.0274646902	-0.065184522	-0.1010953326	0.0661165429	-0.114316616	-0.0468004532	-0.0271146602	0.0497334904	-0.0362359415	-0.0235822521	0.0882438419	0.0798514839	0.0261696131	0.019465219	0.0457169537	0.0152631509	0.0172885997	0.0423034208	-0.1146965116	0.0567232141	0.0363992252	-0.0312871727	0.1361876928	-0.0988220253	0.0264293602	-0.0190355373	0.0607043394	-0.0583874431	-0.0706737187	-0.0432046182	0.0764611723	0.0055166942	-0.0684578352	-0.1048318124	0.0098649398818082	-0.0179801922615326	0.0003232873137616	9.731703887169e-05	-0.0332872832555892	-0.0058883285131657	0.0011080432265378	3.4672412678960214e-05	-0.0415481509148847	0.1050194645156566	0.001726248844446	0.0110290879271552	-0.0016180240545859	-0.0016030245843889	2.618001841218596e-06	2.5696878181553617e-06	-0.0001161216975382	0.0004158782436479	1.3484248639153205e-08	1.729547135396621e-07	-0.000468593780883	-0.0004705897911698	2.214547515532893e-07	2.19580131482225e-07	0.0	0.0	0.0	0.0	0.0	0.0	0.0	0.0	0.0	0.0	0.0	0.0	0.0	0.0	0.0	0.0	0.0	0.0
4458.728473221065	3.536678048268186	19880259.597912244	12.508091617102066	5454.0974617793645	7.835574656519384	29747179.122588105	61.39623019788886	5139.264459534218	-5.579327571783324	31.128896153261604	26412039.185031537	5261.489439317274	4076.213673804324	0.982986	19.418272	0.1074193806501276	0.0531114686359952	0.0013253586	-0.0580575452	-0.0560239342	-0.0662888714	-0.0429553796	-0.0204283757	0.09471981	-0.0713865597	0.0639487672	0.0126382445	-0.0442186331	0.0717927922	0.1024150757	0.0172887928	-0.0838019685	-0.0412519263	-0.0181089938	-0.0938562596	0.0791475965	0.0321732226	-0.0081256491	-0.0325935517	-0.0170023676	0.0869169582	0.0120280974	0.0078369516	-0.0140197761	0.0195245832	0.0093009986	0.1126814176	-0.046396685	-0.0193498354	-0.0321313569	-0.0859214263	-0.1236787584	0.1440568571	0.0270399605	0.0147430271	0.111906221	0.1140670398	0.073502457	-0.0069188022	-0.0985609133	-0.0286314645	0.0092451985	-0.0025374602	0.0594349981	0.0051969274	0.0289821682	0.0490278978	-0.0423202922	0.0127907933	0.0034208737	0.0165280367	-0.1147375766	0.0322913923	0.1126099814	-0.0081483829	0.015371368	-0.0704830287	-0.0777520306	0.0470525502	-0.0623273428	-0.0880542248	0.0192205001	-0.0898184925	-0.0346220916	-0.0197783947	0.009587095	-0.0601246598	0.0348152546	0.00829665	-0.0306479662	0.0523601946	-0.1223120555	0.0562625508	0.0237162437	-0.012251782	0.0726603426	0.0184717832	0.0923945766	0.0751831987	0.0018396452	-0.0725589432	-0.1053450429	0.0186283447792874	0.0087634048974792	7.679726539716242e-05	0.000347015229216	-0.0038198397955397	0.0294674434600495	1.4591176063588775e-05	0.0008683302240712	-0.0118238163607458	0.0297243345541389	0.0001398026333326	0.0008835360646863	-0.0013031067784752	0.0003149172761107	1.6980872761080135e-06	9.917289079298295e-08	-0.0005257370296152	-0.000409615332077	2.763994243086137e-07	1.67784720272551e-07	-0.0004038424343015	6.475134658149998e-05	4.1927368841175304e-09	1.6308871174256133e-07	0.0	0.0	0.0	0.0	0.0	0.0	0.0	0.0	0.0	0.0	0.0	0.0	0.0	0.0	0.0	0.0	0.0	0.0
4457.486759087964	-1.241714133100686	19869188.20744452	1.5418539883419882	5436.844711408944	-17.252750370420472	29559280.415975403	297.6573953440437	5126.692475577504	-12.571983956713666	158.0547806078658	26282975.739143	5252.492266281981	4077.248705414585	0.970885	19.179228	0.155295421751217	0.0830956847042097	0.039126833	0.0116946684	-0.1020105443	-0.0485246569	-0.0978134628	-0.0588439038	0.0338299666	0.0484162796	0.065641884	0.0047839628	-0.1682537975	-0.0363358912	-0.0747157739	0.0491971482	0.0781784396	-0.0036790429	-0.0754932083	-0.0520234373	-0.0300487117	0.1196670719	-0.0986086491	0.0804786761	-0.050545834	-0.0575801788	0.0135628522	0.0010121492	-0.0862156825	-0.0673175008	0.0308300274	0.12458441	0.0270862285	0.0109646672	-0.0653034321	0.1587799395	0.0210354176	-0.0325592702	0.0119481799	-0.0590653521	0.0113291917	-0.0438600598	-0.1516940802	0.0188334335	-0.0051633387	-0.0863594727	-0.0804763369	-0.0941990956	-0.0740523565	-0.0573480244	-0.0458413683	0.0339018738	-0.118061456	-0.0394322095	-0.016716322	0.0212099951	-0.1420930874	0.0019260713	0.058634632	0.0322919981	0.0007851725	0.0055492373	0.0658456632	0.1276069397	0.0582159792	0.0039863145	-0.0182129554	-0.0628216125	-0.0725194129	-0.0731297852	0.0949537109	0.0407589509	-0.100503339	0.0123038631	0.0888098528	-0.0009250544	-0.0052706636	0.0138641126	-0.0680236029	0.0277314984	-0.0075314745	-0.0256666031	0.073193522	0.0738823236	-0.0018396452	-0.0764611723	-0.1053450429	0.0380708317244682	0.0194424869451808	0.0003780102986135	0.0014493882281927	-0.0214641896201612	-0.0176443498246215	0.0004607114360502	0.0003113230807336	0.0160701682689961	0.0278939846297419	0.0002582503081938	0.0007780743785242	-0.002705002790777	-0.0014018960123018	7.3170400981113585e-06	1.965312429307689e-06	-0.0005260020093111	-2.649796958999629e-07	2.766781137993145e-07	7.021423923923682e-14	2.8858073425753854e-07	0.0004041310150357	1.633218773138317e-07	8.327884018462009e-14	0.0	0.0	0.0	0.0	0.0	0.0	0.0	0.0	0.0	0.0	0.0	0.0	0.0	0.0	0.0	0.0	0.0	0.0
4451.284752754953	-6.202006333011013	19813935.95010872	38.46488255470872	5423.120650929418	-13.724060479526088	29410237.594537117	188.34983604568984	5128.54477007772	1.852294500215976	3.430994915530352	26301971.458691537	5241.858858880594	4078.714393514298	0.8051319999999998	15.904878	0.0476899887565628	0.0297878104271541	0.0050095179	0.0352115185	-0.09728462	-0.0245697095	-0.0920257914	-0.0148087059	0.0216828519	-0.0041541409	0.0850429382	-0.0259458956	-0.1198747499	-0.0260494512	0.0847001428	-0.049986245	-0.0690729747	-0.0041011589	-0.0489473032	-0.0280088319	0.0071022892	0.1119070135	-0.0032755563	0.0365465568	-0.1586562264	0.0591107462	0.0357625197	-0.0270917637	0.0368669699	-0.0853036984	-0.0368824594	0.0737499296	0.0949916819	-0.1201005213	0.1133204724	-0.0064474453	0.0784337619	0.0010554934	-0.0373781107	0.0548274474	0.0141113485	0.0973448849	0.0415721003	-0.0079480165	-0.0160732688	-0.0317393655	0.0383987813	-0.1102129802	0.0171324249	0.0021563074	-0.0146417741	0.0526276721	-0.1064624694	-0.1179585753	0.0272112139	0.0546975286	0.0267219204	-0.1107548768	0.1014728757	0.0381331242	0.0252756942	0.0279130039	-0.0420763883	0.0952943483	-0.1078903079	-0.0394589508	0.0416158333	-0.1044456106	-0.0756622373	-0.093057249	0.0173404031	0.0476131438	-0.0613232334	0.0078722673	0.0520222814	0.0161699296	-0.0331425375	0.0199203449	-0.0202895068	0.0643460214	0.021287256	-0.0546085738	0.0693025127	0.0725589432	-0.0055166942	-0.0801538266	-0.1048318124	0.0277535409379794	-0.0103172907864888	0.0001064464891729	0.000770259034596	-0.0213091224691197	0.0001550671510414	0.0004540787004039	2.4045821332126467e-08	0.0224653623903208	0.0063951941213247	0.0005046925073284	4.0898507849426006e-05	-0.0021890293877964	0.0005159734029806	4.7918496606362816e-06	2.662285525833808e-07	-0.0005258907792395	1.1123007160002229e-07	2.765611116891285e-07	1.2372128828146084e-14	-0.0001000755201677	-0.0001003641009019	1.0072952749858316e-08	1.0015109736835732e-08	0.0	0.0	0.0	0.0	0.0	0.0	0.0	0.0	0.0	0.0	0.0	0.0	0.0	0.0	0.0	0.0	0.0	0.0
4445.213934750594	-6.070818004359353	19759926.92570085	36.85483124205368	5424.236554586476	1.11590365705797	29422342.200112164	1.245240971835352	5131.174865406412	2.630095328691823	6.917401438006548	26328955.499378517	5240.286196561877	4081.0713409468894	0.77552	15.319904	0.0601769048486048	0.0325680112942074	0.0288790471	0.0001138966	-0.1044945369	0.0017328659	-0.0906203006	0.0175374658	0.040958084	-0.0986803518	0.0995662826	-0.0161833803	-0.0816727923	-0.0275605564	-0.0711251945	0.0972148484	-0.036179098	-0.0004328003	-0.0037046079	-0.0279581271	-0.020008613	0.072124272	-0.043168554	0.0496040561	0.0319317847	-0.0113676577	-0.0807814561	0.0109810238	-0.1010554833	-0.0445680827	-0.0604861131	0.0368726032	0.0104902765	-0.0096380311	-0.0060119603	0.0777640082	-0.0991754522	0.0134255183	-0.0665911136	-0.0857715596	0.0419489403	-0.0680377776	0.0418152172	-0.0090533645	-0.015046057	-0.0292143341	-0.0022542486	-0.0962673722	-0.0514572515	0.0574588356	-0.0582252084	-0.0450598837	-0.0280675701	-0.0229498478	0.0467929111	0.1022283123	-0.0581439918	-0.0320077221	-0.0003108452	0.0632159704	0.0319033233	0.0046339073	0.0437290589	0.0853304226	0.0678225101	-0.1076022043	-0.005771648	-0.0797574157	-0.1009037966	-0.0682580666	-0.0036299763	0.0087728343	-0.0130868426	-0.0018611727	-0.0406157539	-0.0409803652	0.0750460007	-0.0269268949	-0.0711083401	0.0165099396	0.0705351801	0.0354534953	0.0919458033	0.0712134607	-0.0091870219	-0.0836267848	-0.1038078519	0.0277908127244899	3.727178651050101e-05	1.3891860696843643e-09	0.0007723292718876	-0.0328195653176521	-0.0115104428485324	0.0010771238676396	0.0001324902945693	0.0366530451164948	0.014187682726174	0.0013434457163118	0.0002012903411385	-0.0027000013788194	-0.000510971991023	7.290007445626661e-06	2.610923756100089e-07	-0.0004490019880991	7.688879114039994e-05	2.0160278531694443e-07	5.911886203032043e-09	8.938474166584037e-07	0.0001009693675843	1.0194813190385286e-08	7.989632042669018e-13	0.0	0.0	0.0	0.0	0.0	0.0	0.0	0.0	0.0	0.0	0.0	0.0	0.0	0.0	0.0	0.0	0.0	0.0
4457.590427618116	12.376492867522757	19870112.420392662	153.17757569984167	5458.877911166487	34.641356580011234	29799348.04902139	1200.0235857034877	5135.481718969263	4.306853562850847	18.548987611841035	26373172.485867497	5244.690033828927	4129.117850412118	0.918041	18.135321	0.1208739439646793	0.0743930836592752	0.1077086079	0.0053397435	-0.1294258613	-0.0162076698	-0.0612020178	0.0083401886	0.106965158	-0.1856134947	0.0361425482	0.003240098	-0.0196483587	-0.021998937	-0.0833232076	-0.034169106	-0.1735973465	-0.0405643974	0.0360840418	0.002787707	-0.0346356675	0.0723255027	0.0014641621	0.0401569195	0.0641576312	0.1166273718	-0.0180078783	0.204336525	0.0019375268	0.0954825479	-0.0201001241	0.0382986799	0.0400477947	0.1332563657	0.0343030368	-0.1245686187	0.0102277036	-0.0373595165	-0.0791725445	-0.1095545411	-0.0493743857	0.0922703911	0.1416752028	0.05982659	-0.0184687837	0.0165591153	0.0112311366	-0.0592968993	-0.0236154304	0.1087102018	-0.0426239443	0.0092587795	0.0739632627	-0.0149412783	0.1551079014	-0.0267930591	-0.0930955075	0.1118503475	-0.0164058576	0.106173467	0.0274868216	-0.0608524379	0.0705366557	0.1363202166	-0.0880156401	0.0776901689	0.0582559299	-0.0430087396	-0.0570869903	-0.0268976319	-0.0665176863	0.0258057028	0.0088468904	-0.022075399	-0.0455610082	-0.0147340641	0.1120992226	-0.1255459029	-0.0501560359	0.0184954754	0.1185350459	0.0362458746	0.0581466838	0.0698462859	-0.0128461567	-0.0868705278	-0.10227815	0.027768744197516	-2.2068526973898637e-05	4.870198827976914e-10	0.000771103154307	-0.0321068226335086	0.0007127426841435	0.0010308480596195	5.080021338000826e-07	0.0721398863366005	0.0354868412201056	0.0052041632006576	0.0012593158997809	-0.0039770105472196	-0.0012770091684002	1.581661289269594e-05	1.6307524161781703e-06	-3.400386233787245e-05	0.0004149981257612	1.1562626538929803e-09	1.7222344438533166e-07	1.932383924356778e-06	1.0385365076983745e-06	1.0785580778223357e-12	3.734107631112502e-12	0.0	0.0	0.0	0.0	0.0	0.0	0.0	0.0	0.0	0.0	0.0	0.0	0.0	0.0	0.0	0.0	0.0	0.0
4454.377215533502	-3.213212084614497	19841476.37826399	10.324731900712642	5451.913234105604	-6.964677060883332	29723357.912215825	48.50672656239449	5137.914812209899	2.4330932406355714	5.9199427176265065	26398168.61752588	5274.525502534386	4106.475321128766	1.034681	20.439463	0.1440198035031796	0.0989761321739779	0.0377802488	0.0031561027	-0.1024551989	0.0341790853	-0.0523304638	-0.0579330321	-0.0876692315	-0.0748803263	0.0972040086	-0.0305903749	-0.040975835	0.0365954857	0.0216810476	0.142693481	-0.0838333199	-0.0256936805	0.0228791062	0.0372451094	0.0200395513	0.0830340555	0.0607675137	-0.0082833191	0.0270103212	-0.0650851413	0.0965992886	0.0663558997	0.1081968453	-0.0675650967	-0.0459406766	0.0631453776	0.1226625656	0.0716280713	-0.0442842191	-0.0554306998	0.028233888	-0.0760962532	0.0709446289	-0.01507965	0.1178399401	-0.0709272187	0.0513484902	0.1348559113	0.0597221387	-0.063902021	-0.0853647691	-0.0555669832	-0.0009206222	0.0361845207	0.0372233037	0.0341318251	0.035824271	0.042482613	0.0133239125	0.0564788686	0.040132689	-0.0316450089	0.0305651665	0.0396715643	-0.0310316592	-0.0548840519	0.0627193304	0.0155086083	-0.0023635428	-0.0737246247	-0.017675142	-0.0883087039	-0.106243155	-0.0281903587	-0.0123321049	0.066146628	-0.0777422202	0.0370660824	-0.0203496012	-0.0278349029	0.0379317725	-0.0295787765	-0.0558669634	0.109208845	0.0861664382	-0.0064712035	0.0674832119	0.0684578352	-0.0164896405	-0.0898761648	-0.1002501592	0.0277122812879326	-5.646290958340183e-05	3.1880601586234103e-09	0.0007679705341814	-0.0328788029539595	-0.0007719803204509	0.0010810156836852	5.959536151634749e-07	-0.0099490197773093	-0.0820889061139098	9.89829945292916e-05	0.0067385885069782	-0.0027700038634321	0.0012070066837874	7.672921403428762e-06	1.4568651347076974e-06	-1.9002757976727125e-05	1.5001104361145323e-05	3.611048107220664e-10	2.2503313205397322e-10	1.9736789604232058e-06	4.129503606642784e-08	1.7052800037275764e-15	3.895408638817226e-12	0.0	0.0	0.0	0.0	0.0	0.0	0.0	0.0	0.0	0.0	0.0	0.0	0.0	0.0	0.0	0.0	0.0	0.0
4438.261263226435	-16.115952307066436	19698163.040656317	259.72391876364	5404.645357960668	-47.26787614493605	29210191.4453258	2234.252115253015	5127.716144990015	-10.198667219883646	104.0128130619292	26293472.86359126	5248.714033102908	4082.97405318425	0.800544	15.814242	0.1117265980790519	0.0543277754290706	0.0401775116	0.0120118837	-0.1035678225	0.030598603	-0.0349558396	0.011306018	-0.0406397842	-0.027284829	0.0817292641	-0.0213522092	-0.1345409167	-0.048390384	-0.050364744	-0.0717097615	-0.0383447257	-0.0470160709	-0.0045731084	0.0142393092	0.0227066291	0.1349359799	0.0165254606	-0.0369051889	0.0268919153	0.0384448438	-0.0347659336	-0.0075166923	0.0715780407	-0.0657970961	0.1264531603	-0.0582558841	-0.0451407034	-0.1280573455	-0.0773600011	0.0198769255	-0.1223140759	-0.038621719	-0.0168800354	-0.0135599983	-0.0838089285	0.0325635356	-0.0200407003	0.0667575004	-0.0065664551	-0.0696100762	-0.0046871363	-0.0899555074	0.0017214263	0.0971099371	0.0315065744	-0.0064756512	0.0305055259	0.0259069078	0.041276032	0.0138084751	0.004352043	-0.0936119019	-0.024250568	0.0629488191	0.0234388922	0.0497456745	0.011025025	0.1354236739	0.0050476744	0.0431906249	0.0343946125	-0.0477751158	-0.0808636616	-0.0414113792	0.0089974443	0.0664924977	-0.1161519875	0.0123559648	-0.0066354137	0.0127353328	0.0321508957	-0.0086497254	-0.036545515	0.0059829056	0.0368892147	-0.014255417	0.0726311553	0.0670485315	-0.0201130341	-0.0926354574	-0.0977337597	0.0352818196185324	0.0075695383305997	5.729791053841958e-05	0.0012448067955946	-0.0200466127703009	0.0128321901836585	0.0004018666835623	0.0001646651049095	0.0332562519997594	0.0432052717770687	0.0011059782970715	0.0018666955093303	-0.003128046432795	-0.0003580425693628	9.784674485721523e-06	1.2819448147598706e-07	-0.0004312033939755	-0.0004122006359987	1.859363669759903e-07	1.699093643177929e-07	-0.0001901750714324	-0.0001921487503928	3.6921142277523485e-08	3.616655779431845e-08	0.0	0.0	0.0	0.0	0.0	0.0	0.0	0.0	0.0	0.0	0.0	0.0	0.0	0.0	0.0	0.0	0.0	0.0
4435.482452276267	-2.7788109501680083	19673504.58445069	7.721790296773629	5400.638047211745	-4.007310748922464	29166891.31699109	16.05853943842952	5129.601225172712	1.8850801826965835	3.5535272951953845	26312808.729293384	5244.661375839599	4094.320204043142	0.78469	15.501056	0.1429766878521616	0.0684859248842619	0.0258952181	-0.0003867054	-0.0916590398	0.0484429658	-0.0263010785	0.0527822781	-0.0161360422	-0.1118379148	0.0579136648	-0.0494711983	-0.0670689839	-0.0096133336	0.1041340498	0.024625354	-0.0817765129	-0.0041176331	0.0694120682	-0.0209462137	0.0595737105	0.0987758477	0.0003084639	-0.0691567024	0.0068727312	-0.0266063582	0.0072277824	-0.0730337585	0.0230651088	-0.0120284753	0.0600930597	0.0049780109	0.0962332531	0.1104460147	0.0455341811	-0.0044069341	0.0206774779	0.06111488	-0.0256494607	0.0751096987	0.0579173347	0.029662403	0.122427723	0.0168486525	-0.0057706776	-0.0756353449	0.017321208	-0.0520776702	0.0688917569	0.063190447	-0.0057928405	0.0752181036	-0.0237883548	0.1258667235	-0.0293656571	0.0112594346	0.0721810509	-0.0323273765	0.0245632309	0.0454895379	0.0122066507	-0.0343860437	0.0050072534	0.0187175772	-0.0808863092	-0.107017355	0.0209971656	-0.0796573537	-0.061274594	0.0007623232	-0.0474415508	0.030322923	-0.0804165216	0.010499361	-0.0322603949	0.054221698	0.068860043	-0.0243439161	-0.0042495605	-0.0058549671	0.0312818835	0.0666342075	0.0993891172	0.0656188043	-0.0237119231	-0.0951408427	-0.0947412111	0.0277232553482917	-0.0075585642702406	5.7131893827359294e-05	0.0007685788871065	0.0052834436148003	0.0253300563851012	2.791477643077406e-05	0.0006416117564724	-0.0077619350874016	-0.041018187087161	6.0247636301036086e-05	0.0016824916719173	-0.0023510026301781	0.0007770438026169	5.527213367104344e-06	6.037970711853323e-07	-1.900232935025948e-05	0.0004122010646252	3.6108852073573286e-10	1.6990971767818174e-07	1.977663518633278e-06	0.000192152734951	3.6922673549162056e-08	3.9111529929329575e-12	0.0	0.0	0.0	0.0	0.0	0.0	0.0	0.0	0.0	0.0	0.0	0.0	0.0	0.0	0.0	0.0	0.0	0.0
4433.158865127295	-2.323587148972365	19652897.523456726	5.399057238869523	5411.8625984981145	11.224551286369206	29288256.785022765	125.9905515803326	5119.790743654874	-9.810481517837616	96.24554761183344	26212257.258814126	5236.4385339091	4051.9773090762615	0.953108	18.828043	0.0797428021227191	0.0553882309833232	0.048567797	-0.0652421886	-0.0716967667	-0.0134060752	0.0337992417	0.0531644701	-0.0147277533	-0.0839957643	-0.0216462988	0.0585081557	-0.0420546144	-0.0840104413	-0.0993608026	-0.0443823767	0.01949155	0.027466817	0.0192950975	-0.1031674761	0.0305811065	0.0680584681	-0.0722314104	0.018932722	0.0791034315	-0.0284568797	0.0804437074	-0.10638988	0.0581274067	-0.1172719169	-0.0149998438	0.0088467147	0.0069317919	0.0068797499	-0.0440411139	-0.0380952862	-0.0161998302	0.0203923842	-0.0691298558	-0.0569296529	-0.0859223663	-0.0199303726	-0.0470522751	-0.0295886553	-0.0333585524	-0.1116284067	-0.0957571479	-0.056185009	-0.0353763361	-0.0030217565	-0.0524804468	0.0718890157	0.0402453062	0.1146881996	-0.0694411612	0.066439297	0.0235130897	-0.0744519014	0.0666254002	0.0579913679	0.0717742474	0.0507243437	0.0489122176	0.1132911917	0.055970588	-0.0395157383	-0.0043290294	0.0517475051	-0.0255060858	-0.0202403409	0.0290280681	-0.004151788	-0.0748612434	0.0244957899	-0.1225714507	0.0269818994	-0.0524279129	-0.0047048053	-0.0233459007	-0.1337152018	-0.1109863808	0.0222268491	0.0482829373	0.0641690889	-0.0272819228	-0.0973854535	-0.0912870929	0.0276889054297129	-3.434991857879932e-05	1.1799169063701428e-09	0.0007666754838955	0.0033700020025406	-0.0019134416122596	1.1356913497127655e-05	3.661258803526999e-06	-0.0110439932136969	-0.0032820581262953	0.0001219697861041	1.077190554438102e-05	-0.0027934813138348	-0.0004424786836567	7.803537850744202e-06	1.957873854905663e-07	4.886622607891411e-05	6.786855542917358e-05	2.387908051195545e-09	4.606140816042807e-09	-0.0009779341467072	-0.0009799118102258	9.602271558200694e-07	9.563551952959392e-07	0.0	0.0	0.0	0.0	0.0	0.0	0.0	0.0	0.0	0.0	0.0	0.0	0.0	0.0	0.0	0.0	0.0	0.0
4452.281036575312	19.12217144801707	19822806.428648137	365.65744088735926	5464.459799299569	52.59720080145416	29860320.898161083	2766.46553214849	5129.057486473176	9.266742818302191	85.87252246055523	26307230.69954653	5238.615106876247	4069.499940227018	1.29545	25.590799	0.3263216759693669	0.1551435753563551	0.1608784899	-0.0841410017	-0.0517427724	-0.1448604457	0.1574215575	0.0024306171	0.0840006052	-0.2108043207	-0.1099056605	0.0735861067	0.0005532765	-0.0370765	0.0309607581	-0.0763710365	-0.1657647862	0.0640776246	0.059472909	-0.1832870495	0.113492566	-0.0644863254	0.0504466578	-0.024283469	-0.0745949415	-0.0384435535	0.0033124926	-0.0737095948	-0.0037221523	0.0352979613	-0.0581196967	0.1078795961	-0.0663750169	-0.0152459969	0.0348932952	0.0310278922	-0.0669724161	-0.1859727995	-0.0900953405	0.0109083657	-0.024919136	0.1055263191	0.1900739152	-0.0440582162	-0.0431093453	-0.0027326709	-0.1457923274	0.0520172941	0.1383559305	-0.0053296988	-0.001409452	0.0886002499	-0.0237059395	0.0479183328	-0.0198705573	-0.0499513113	-0.0251348283	0.1022303908	0.0753034638	0.13971523	0.1428514995	-0.0965377787	0.032653247	0.0651770827	-0.1617278553	0.0006185559	-0.0185981932	0.059539825	-0.0670379633	0.0664718243	0.0332686167	0.0069984132	0.0019853961	-0.0261087205	-0.1860804836	0.0230245725	-0.0755185162	-0.0987821123	0.0141275072	-0.0238752711	-0.074543311	-0.1239463711	0.0020954457	0.062699827	-0.0308186837	-0.0993631376	-0.0873882332	-0.0166643847127687	-0.0443532901424816	0.0019672143464631	0.0002777017178551	-0.0092387226668222	-0.0126087246693628	8.53539965144543e-05	0.0001589799377877	0.0963289945889513	0.1073729878026482	0.0092792751985182	0.0115289585096676	-0.0045472265315055	-0.0017537452176706	2.067726912882754e-05	3.07562228850285e-06	0.0011960008431448	0.0011471346170658	1.4304180168030726e-06	1.3159178296708968e-06	-0.0013167877790681	-0.0003388536323609	1.1482178416417601e-07	1.7339300551030993e-06	0.0	0.0	0.0	0.0	0.0	0.0	0.0	0.0	0.0	0.0	0.0	0.0	0.0	0.0	0.0	0.0	0.0	0.0
4451.538919939398	-0.7421166359144991	19816198.75573522	0.5507371013010531	5465.360534247036	0.900734947467754	29870165.76930505	0.8113234455897375	5126.894750512737	-2.162735960439022	4.677426834576099	26285049.782835063	5245.432853533442	4006.6139004367847	1.265519	24.999519	0.1923247269205099	0.0894968526864557	0.0837690541	-0.0420024845	-0.0619924371	-0.0937139442	-0.0193946496	-0.0573919616	0.0970686512	-0.0175091184	-0.1385968574	0.076833492	-0.0653293815	-0.0598907653	-0.0990450369	0.0773351447	-0.0110393578	0.0241178227	-0.0207296984	-0.053745572	0.1008159039	-0.0468564886	0.0172863316	0.0670562849	0.0042766795	0.0699166821	0.2259805937	1.6269e-06	0.0352207697	-0.1015501083	-0.0007199337	0.0239280565	-0.0412741886	0.0955152684	-0.0426464953	0.1433860183	0.0351464929	-0.1944431387	-0.0477163683	-0.0826745725	0.0254282977	-0.0690139753	-0.0764165992	0.0224850615	0.0004583158	-0.020561761	-0.20814191	0.0407441266	-0.0413333104	0.0574317673	-0.0252945014	0.1515586839	0.0751298173	-0.0720759685	-0.0031684616	0.0263285301	-0.0356771925	-0.1423563007	0.0997617674	0.0907568033	0.0766758926	-0.0148963009	0.0835023742	0.0270022221	0.0629179669	-0.0402306508	-0.0556184696	0.0549107593	-0.1366708964	-0.0451217437	0.0943164111	0.0316705863	-0.0506781794	0.0612968691	-0.0140955655	0.0200440352	0.0333812859	-0.078970998	-0.037779862	-0.181835354	-0.010654766	-0.1051674035	-0.0482346609	0.0612114661	-0.0343178967	-0.1010684743	-0.0830636267	0.0071807004395765	0.0238450851523452	0.0005685880859225	5.156245880293414e-05	-0.0286193937265295	-0.0193806710597073	0.0008190696972741	0.0003756104107245	0.0196359027847989	-0.0766930918041524	0.000385568678174	0.0058818303304801	-0.0039021478312642	0.0006450787002412	1.52267576970399e-05	4.161265295050046e-07	0.0007927925931101	-0.0004032082500347	6.285200956902366e-07	1.625768928960452e-07	-0.000916957151258	0.0003998306278101	1.5986453093501873e-07	8.408104172431866e-07	0.0	0.0	0.0	0.0	0.0	0.0	0.0	0.0	0.0	0.0	0.0	0.0	0.0	0.0	0.0	0.0	0.0	0.0
4436.015556600248	-15.52336333914991	19678234.018399406	240.97480935926345	5407.822119982489	-57.5384142645471	29244540.081371903	3310.669116078637	5125.7622205243415	-1.1325299883956177	1.282624174615378	26273438.341354627	5244.483068833737	4094.5858770508535	1.239899	24.493429	0.0971545276102879	0.0447437883602358	0.131058728	0.0715663568	0.0486623549	-0.0077433767	0.0859651298	0.0460514413	0.0801605304	-0.0303866867	-0.1000753864	-0.0563030805	0.0421380236	-0.0755572485	-0.0092527055	-0.0867643374	-0.1229788157	0.0288542637	-0.0645627311	0.0553382422	0.0545698248	-0.0087559134	0.0767877798	-0.0648572576	-0.1106649821	0.0179477584	0.0894380619	0.0424736138	-0.0579426099	0.1041418292	-0.0300857802	0.0926645867	0.0012852696	0.1488715867	-0.0142642956	-0.0322877528	0.1547617259	-0.0714648924	-0.0557098873	-0.0120838785	-0.0274707496	0.136948465	-0.0270042961	0.1053948624	0.0898779822	0.0215550648	-0.0327625045	-0.0230377538	0.0473562863	0.0245416342	0.0864327016	0.114145144	-0.0303749278	-0.0382728138	0.0558725765	-0.0926976906	-0.0379300118	0.1408009768	0.0806205399	0.1164442305	0.0700926371	0.0254474853	0.019493714	-0.0095591922	-0.1075755479	0.1196040671	0.023804046	0.0548452929	-0.1181677232	0.0339734442	-0.0133891771	0.1077356025	-0.0130267255	-0.0774748331	-0.0917045377	-0.0582425676	-0.0588658119	-0.0559578795	0.0066360084	-0.0361260094	0.0095799422	-0.0293289144	-0.0975189355	0.0597044597	-0.0377752987	-0.1024967892	-0.0783343427	0.0273517300935282	0.0201710296539517	0.0004068704373005	0.0007481171391092	-0.0138107656941315	0.014808628032398	0.0001907372490581	0.0002192954642019	0.0538922653519122	0.0342563625671133	0.0029043762647609	0.0011734983763295	-0.0042891434577076	-0.0003869956264433	1.8396751600795905e-05	1.4976561488631928e-07	0.0008888084498748	9.601585676469997e-05	7.899804605688449e-07	9.219044750259376e-09	-0.0008415984873296	7.535866392839998e-05	5.678928229073532e-09	7.082880138754709e-07	0.0	0.0	0.0	0.0	0.0	0.0	0.0	0.0	0.0	0.0	0.0	0.0	0.0	0.0	0.0	0.0	0.0	0.0
4445.166099056724	9.150542456476614	19759501.648203176	83.73242724778108	5428.641247979526	20.81912799703696	29470145.799264707	433.4360905570081	5131.075510291856	5.313289767514107	28.23104815357011	26327935.892316826	5245.074965090953	3992.194392735356	0.877104	17.326641	0.0988013939220029	0.0486580067795174	0.106849364	0.0842464892	0.0485676695	-0.0799239839	0.0424446712	0.0127989725	0.1240115002	-0.0322249652	-0.0289237145	0.0016065513	0.0418188276	-0.0618216075	-0.0524903947	0.1154041919	-0.1020400519	-0.0139971152	-0.0238554596	0.038945097	0.0541054835	-0.035419681	0.1463130299	0.0024399351	-0.0423296813	0.0313673114	-0.0576905784	0.0404405419	0.0897962687	0.0464387291	0.0399936556	0.0152278179	0.1366147965	-0.1216403028	-0.2197960391	0.1099209417	-0.0200239677	-0.004049194	-0.0663446043	-0.07783434	0.1228595947	0.0065414618	-0.0468330716	0.0943178953	0.0186225318	-0.0015691295	-0.0358444127	0.0209722906	0.081681064	0.0008331979	0.026904413	-0.0224166303	0.1129081499	-0.0362862537	0.1188710401	-0.1345607317	0.0220564071	0.054171659	0.0372660611	0.1042585245	0.0308664879	-0.0350058619	0.071888306	-0.0697996956	0.0338399553	-0.016315727	-0.0488995121	-0.0192311241	-0.157883637	0.0100196575	-0.0346958938	0.0634374583	0.0348002771	-0.0920789065	-0.0778356615	-0.0637492478	-0.0177578538	-0.0601264204	-0.0546600282	-0.0076007419	-0.0701421029	-0.0248609071	-0.0977056835	0.0581792666	-0.0411866773	-0.1036441676	-0.0732234215	0.0237985072896691	-0.003553222803859	1.2625392293864318e-05	0.0005663689492164	0.0047790536850698	0.0185898193792013	2.283935412477923e-05	0.0003455813845513	0.0259933345892946	-0.0278989307626176	0.000675653443071	0.0007783503376973	-0.0038068185336422	0.0004823249240653	1.449186734808175e-05	2.326373323746937e-07	0.0009452754197889	5.6466969914100015e-05	8.935456192570812e-07	3.188518691279876e-09	-0.0004052019617826	0.000436396525547	1.9044192750949345e-07	1.6418862983246765e-07	0.0	0.0	0.0	0.0	0.0	0.0	0.0	0.0	0.0	0.0	0.0	0.0	0.0	0.0	0.0	0.0	0.0	0.0
4432.137919287648	-13.028179769075903	19643846.535587445	169.7334680953587	5362.54991244612	-66.09133553340598	28756941.56347589	4368.064632589252	5122.726367271832	-8.349143020023803	69.70818916881218	26242325.433942057	5238.242603123664	4006.4414682768647	1.078086	21.296904	0.0653205358757899	0.0318145721199303	0.0683658386	0.1010301619	-0.0298157443	-0.0569786989	0.1072878563	0.0626462334	0.027369379	-0.0033185071	0.0832621958	-0.1271198415	0.0688729297	-0.0862021805	-0.0733629176	-0.0952797128	-0.0691773227	-0.0093448075	0.0812145029	0.0649477151	0.0535376658	0.0840868416	0.010982037	-0.0561328805	0.0291122248	0.0213670658	-0.02606312	0.0020653731	0.1598264751	-0.0239744807	-0.0502251336	0.1433334024	-0.051172463	0.0134215359	-0.0295167819	0.0334546859	0.0303844893	-0.0074286564	-0.0653137817	-0.0351699441	-0.10586055	0.0600280229	0.002879214	0.0855915236	0.0208353603	-0.1025860116	0.0204525028	0.0258609157	0.0289936413	0.0479324929	0.0467154813	-0.0104859859	0.0346772973	0.0586735273	0.1396881357	0.0212483927	0.0057710948	-0.0695269178	0.1080639575	0.0962515549	0.0523847041	0.0514434575	0.0232184968	0.0849723298	-0.0292114846	0.0877837777	0.0463373641	-0.0401926829	-0.0630193712	-0.0099618533	-0.0870127623	0.095113287	0.0233556547	-0.0548492892	-0.0589242697	-0.0779925252	-0.0032031239	-0.0901346395	-0.0152844569	0.026507693	-0.0538281179	-0.0916227132	-0.0674430786	0.0566363516	-0.0445478763	-0.1045074645	-0.0677557633	0.0190417633611019	-0.0047567439285672	2.2626612801960915e-05	0.0003625887519002	-0.0170583519706468	-0.0218374056557165	0.0002909873719544	0.0004768722857723	0.0325585725465558	0.0065652379572612	0.0010600606462693	4.3102349435463246e-05	-0.003498883428392	0.0003079351052501	1.2242185245476155e-05	9.482402904545156e-08	0.0006127151514179	-0.000332560268371	3.754198567770602e-07	1.1059633209899153e-07	-0.0004079295548463	-2.727593063699986e-06	7.439763921144278e-12	1.664065217171005e-07	0.0	0.0	0.0	0.0	0.0	0.0	0.0	0.0	0.0	0.0	0.0	0.0	0.0	0.0	0.0	0.0	0.0	0.0
4465.202448647311	33.06452935966263	19938032.907405943	1093.263101775992	5413.175294652478	50.62538220635816	29302466.770635948	2562.929323539845	5134.751348887495	12.02498161566291	144.60018285703094	26365671.414901946	5251.718171244745	4149.585189684103	1.490346	29.440834	0.2015707958759801	0.1507424201916178	0.0799493055	0.0054723691	-0.1165027932	0.0501402172	-0.0755609614	0.0026035858	-0.0451574962	-0.089948406	0.0831183396	-0.1618262097	-0.0673369892	0.018579965	0.0224413603	0.0507329275	-0.096503446	-0.0792319199	0.0655681332	-0.0274913038	0.1928486176	0.032527656	-0.0172095044	0.0364656337	0.0481202932	0.1350665936	-0.1423907271	-0.1099036697	-0.083041115	-0.0491105168	-0.0461072653	-0.0138683237	0.036274671	0.0040042962	-0.0232420933	-0.0521629704	0.0179960393	0.1110812917	-0.0096130886	-0.0144243078	0.0585582958	-0.0027267559	0.1212168581	0.070982643	-0.061324022	-0.056503038	0.0501794068	0.0393051809	0.1392143109	0.1631923108	-0.1193704111	0.0385304672	-0.0027468088	0.0690562591	0.0121320661	0.14032093	-0.0292506989	-0.0907060574	-0.0316258132	0.0103262455	-0.0812549076	-0.2852215046	0.0831625259	0.0231669755	-0.0673846719	0.040990361	0.0024260849	-0.0522074632	-0.0431967954	0.031987513	-0.2173803704	-0.0135223913	-0.0557527369	0.0639344545	-0.0639316893	0.2467730067	0.1914677366	0.0946139158	0.0965129871	0.1402481944	0.0726583501	0.032446913	0.0267495789	0.0550761846	-0.0478548005	-0.1050843138	-0.0619580057	0.0179599614123588	-0.0010818019487431	1.1702954563043725e-06	0.0003225602139334	-0.0215287823446459	-0.0044704303739991	0.0004634884692431	1.998474772877373e-05	-0.1156763196953321	-0.1482348922418879	0.0133810109382566	0.0219735832779641	-0.0027699482124543	0.0007289352159377	7.672613099678773e-06	5.313465490341413e-07	0.0006117532145888	-9.619368291000337e-07	3.742419955597304e-07	9.25322463179027e-13	-0.0001821532813861	0.0002257762734602	5.097492565757501e-08	3.317981791972372e-08	0.0	0.0	0.0	0.0	0.0	0.0	0.0	0.0	0.0	0.0	0.0	0.0	0.0	0.0	0.0	0.0	0.0	0.0
4494.098041288296	28.895592640985345	20196917.204711303	834.9552740737662	5592.97485435749	179.79955970501123	31281367.721475184	32327.881670115898	5174.244194175707	39.492845288212266	1559.6848289586696	26772802.98096101	5346.991732624537	4097.648012237323	2.296754	45.37093	0.7064310889033009	0.3523019961516178	-0.2529373914	-0.0720984028	-0.0458253915	0.0554742478	-0.0547156063	-0.3423536687	-0.1526989077	0.004895509	0.1471243423	0.1372683883	0.1877015374	0.3730105874	-0.1150735481	-0.0706595633	0.0667498947	-0.0060312099	0.0768214868	0.0162310661	0.0733252031	-0.0321572464	0.0441702053	0.1130569736	-0.0440552754	-0.1168458707	0.0376451056	-0.0577564445	-0.1347042999	-0.059913661	0.0636377117	-0.010545312	0.0171850174	0.0763927567	0.0561909987	-0.0824168852	-0.1691073785	-0.1252022695	0.4190271821	-0.1294853681	-0.0913398815	-0.0440578488	0.0147701225	0.0346089506	0.0364451983	-0.0370617845	-0.1097382227	0.0604975811	0.1524004056	-0.0544535085	-0.0780338038	0.0053823363	-0.0649858702	0.0015508637	-0.3193890638	-0.13940472	-0.0274588757	0.1069045017	-0.0681382739	-0.2372207164	0.0799171413	-0.0806666853	-0.1095088764	0.0627766593	0.0229574212	0.0979055825	-0.2551987235	-0.0370572599	0.143087652	-0.0669251121	0.1164131407	0.0580652642	-0.2175699414	0.0329889246	-0.1143888123	-0.0044640803	-0.072563664	-0.2164710118	0.0905223445	0.1486697561	0.0378527244	-0.0490224675	0.0615237157	0.0534992409	-0.0511034211	-0.1053731342	-0.055858395	-0.0303782827226655	-0.0483382441350243	0.0023365858460572	0.0009228400611781	-0.0881564127503651	-0.0666276304057192	0.0077715531090127	0.0044392411334811	-0.3592083463883995	-0.2435320266930674	0.1290306361150884	0.0593078480252328	0.0020509871247098	0.0048209353371641	4.206548185725373e-06	2.324141752511754e-05	0.001041063034652	0.0004293098200632	1.0838122421188316e-06	1.8430692160269726e-07	-0.0018905718775486	-0.0017084185961625	2.918694099713847e-06	3.574262024177638e-06	0.0	0.0	1.0	0.0	0.0	0.0	0.0	0.0	0.0	0.0	0.0	0.0	0.0	0.0	0.0	0.0	0.0	0.0
4483.911279766592	-10.186761521704284	20105460.36481808	103.77011030007498	5462.513741749731	-130.46111260775888	29839056.378804646	17020.10190285434	5149.5228813316335	-24.72131284407351	611.1433087345539	26517585.90535805	5275.550408775477	3984.774480912675	1.775843	35.080658	0.3055656837855264	0.1847215188096364	-0.1270654404	0.0835973944	-0.0134570908	-0.1474452362	-0.0158085876	-0.110255396	0.0018954088	0.1069777773	0.0734904707	0.1464480718	-0.1933261292	0.166935857	0.1212394721	0.007997766	0.0562229763	0.0361704517	-0.0314862954	-0.0137964644	0.0380961379	0.0273761174	-0.1187268221	0.0010860028	-0.0540305382	-0.0204976713	0.1215122805	0.0956716841	-0.0357841765	-0.0307743607	0.1831248494	0.0002103885	0.0857237619	-0.0650307061	-0.0792392255	-0.0241840045	-0.0075767903	0.1337279026	0.1514642202	0.0634966791	0.1011207317	0.0647194229	-0.0259806792	-0.1287867482	-0.0031210984	-0.0859473336	0.0461005828	-0.0095684825	-0.1307377471	0.063457866	0.0143508451	0.0493437598	-0.0860534096	-0.0945998924	-0.0290190933	-0.0741685474	0.0952760311	-0.0371449942	0.1231465423	-0.1615166861	-0.0077174991	-0.0353864782	0.1028878057	-0.04106491	-0.1541126226	-0.0079945229	-0.1327406595	-0.0399231031	0.1661826659	-0.0700371841	-0.0043125678	-0.0297129394	-0.0168959068	0.1155040982	0.0240841861	0.0334940666	0.0148861638	-0.0031785128	-0.1075858769	0.0537043677	-0.0454935905	-0.1459424765	-0.0905393129	0.0519060008	-0.0542897799	-0.1053731342	-0.0494866478	-0.0172995620227851	0.0130787206998803	0.0001710529351454	0.0002992748461801	-0.0555230563436026	0.0326333564067625	0.0030828097857348	0.0010649359503707	-0.298931337208046	0.0602770091803535	0.0893599443649905	0.0036333178357284	-0.0014310947065689	-0.0034820818312787	2.0480320591695257e-06	1.2124893879721223e-05	0.0011870937662783	0.0001460307316263	1.4091916099367991e-06	2.1324974579312464e-08	-0.001527152490483	0.0003634193870655	1.320736508951363e-07	2.33219472918843e-06	0.0	0.0	0.0	1.0	0.0	0.0	0.0	0.0	0.0	0.0	0.0	0.0	0.0	0.0	0.0	0.0	0.0	0.0
4462.953207465681	-20.958072300911223	19917951.33202821	439.2407945702224	5458.333267948546	-4.180473801185144	29793402.06399385	17.476361202395367	5144.40173698254	-5.121144349093811	26.22611944425547	26464869.23146897	5253.529686609179	4066.9471138485073	1.534	30.3032	0.1290542983697611	0.0657653677422581	-0.1454908065	-0.0955812573	-0.0624613049	0.0315056173	-0.0579094657	-0.0824702815	0.0262779413	-0.0012515987	-0.036203369	0.035050018	-0.0392743664	0.0970435228	-0.1228485519	0.0076464655	0.0974556707	0.0922585307	0.0087332355	-0.0654067286	0.0311854749	-0.0069641621	-0.1461716284	0.0469072576	0.0260168602	0.0611684047	0.0696214541	0.0230875234	-0.0512051808	0.006427709	0.0134730232	-0.1341004703	-0.0699067053	-0.1116498398	0.1228062498	0.0289909503	0.0266563719	0.0162074521	0.020094764	-0.1294816525	-0.0411928459	-0.0502544361	0.0272485658	-0.2069673147	-0.0232147165	0.0077443393	0.0678323158	0.0387907311	-0.1122618582	0.0817969993	-0.0759195475	0.003060397	-0.0617543907	-0.0665460921	-0.0342243335	0.0832075867	0.0679764733	-0.0728574591	-0.0058405285	-0.129275681	0.0793008575	0.0348031657	0.0428634088	0.0536313181	0.0864336624	-0.0694788023	-0.0880027322	0.0807508142	0.1704169028	-0.0560830316	0.042388295	-0.1352619453	0.0733730494	0.0236174054	-0.0241183406	0.0862146149	0.0321966802	0.0807441208	-0.0509105675	-0.1032799951	0.0198309317	-0.137248937	-0.1114647411	0.0502969496	-0.0574099951	-0.1050843138	-0.0428738067	-0.0066660121532606	0.0106335498695245	0.0001130723828276	4.443571802741802e-05	-0.0207997454241279	0.0347233109194747	0.0004326294097085	0.0012057083212105	-0.269109688351584	0.0298216488564619	0.0724200243646866	0.0008893307405181	-0.0006720727348439	0.0007590219717249	4.516817609205592e-07	5.761143535613064e-07	0.0010725877962101	-0.0001145059700682	1.1504445805788392e-06	1.311161718125952e-08	-0.0017311403231758	-0.0002039878326928	4.1611035886705776e-08	2.996846818525213e-06	0.0	0.0	0.0	0.0	1.0	0.0	0.0	0.0	0.0	0.0	0.0	0.0	0.0	0.0	0.0	0.0	0.0	0.0
4448.737401352607	-14.215806113073995	19791264.466193546	202.089143444512	5471.368417463632	13.035149515086232	29935872.35961849	169.91512288065283	5135.057080415452	-9.34465656708744	87.32260635681043	26368811.21912487	5273.193182881093	4122.188116617358	1.485194	29.339066	0.2499558352258481	0.1232108589728992	-0.0503104607	-0.124608561	0.0606928182	0.0257343777	0.046990709	-0.0263263779	-0.1521332031	-0.0913032144	-0.096604566	0.0112136102	0.2111251241	0.0658796807	0.1077091674	-0.0770549653	0.0529507534	0.0227941982	0.0714901671	-0.0491149171	-0.1200999636	-0.1885214536	0.1087972913	0.0231237465	-0.0341298163	-0.0505333808	0.0588154015	-0.1537332043	-0.0801100059	-0.0144997795	-0.007403465	0.0724789813	0.039478697	-0.0025520361	0.075602764	0.0355025212	0.0889631177	0.0775145368	0.0766701234	0.1186976526	-0.1120067759	-0.0575913809	0.1775385844	-0.0604166907	0.0085112508	0.1608040131	-0.0880330107	0.036775465	0.054132155	-0.1119716923	0.0215448996	-0.0357578084	-0.0273833891	-0.0832970151	-0.1537696451	0.0325944285	0.0309681322	-0.0123621501	0.1420192755	-0.0707280245	-0.0185748626	-0.0413980993	-0.1117340226	-0.049836326	-0.0835043257	0.0561254435	-0.0112005967	0.0629722385	0.0140315681	0.0668231981	0.0346587797	-0.0965376579	-0.0770412552	0.0544501674	0.1222553911	0.057940633	-0.0438797243	0.0477204842	-0.0220836346	-0.1318537404	0.1851132358	-0.0646713165	0.0985901885	0.0486725775	-0.060460265	-0.1045074645	-0.0360520886	0.010183040069748	0.0168490522230086	0.0002838905608136	0.000103694305062	0.0125294988254864	0.0333292442496143	0.0001569883408178	0.0011108385222504	-0.1803479715468938	0.0887617168046902	0.0325253908410792	0.007878642370116	-0.0002009169149472	0.0004711558198967	4.03676067119004e-08	2.2198780662253166e-07	0.0001925867294483	-0.0008800010667618	3.7089648359592714e-08	7.744018775019062e-07	-0.0008619807708636	0.0008691595523122	7.55438327375544e-07	7.430108493386061e-07	0.0	0.0	0.0	0.0	0.0	0.0	0.0	0.0	0.0	0.0	0.0	0.0	0.0	0.0	0.0	0.0	0.0	0.0
4419.251115073953	-29.486286278654006	19529780.41808237	869.4410785067395	5338.268985721983	-133.0994317416489	28497115.76392121	17715.45872994986	5128.419759957902	-6.637320457550231	44.054022856214814	26300689.234326664	5250.289888458078	4065.709672079833	1.468865	29.016504	0.1635710283627394	0.0754070643194947	-0.1061242933	0.0343603083	0.0647196858	0.1246744772	0.0945230889	0.0760545028	-0.1025140838	0.1502438679	0.0319003231	-0.0520789743	0.1577132227	0.0225988967	-0.032199728	0.0941632143	0.1790620989	-0.0081205441	0.0982665334	0.1503309946	-0.1265901245	-0.0238396029	0.0737763919	0.1042864718	0.0336579049	0.0133132444	0.0076643374	-0.0674082501	-0.0612681567	0.0134587413	-0.1883891813	-0.0041591859	-0.0915621432	-0.0926275916	-0.028533295	-0.0139160966	-0.0164753492	-0.0331578972	0.0277308177	0.0033159638	-0.0299292504	-0.2076156398	-0.0092965443	-0.0160191092	0.0716525524	0.0178617253	0.145344322	0.0059030373	0.0121360017	-0.1089961696	0.0185155267	-0.1348072018	0.0423481785	-0.1369622562	-0.0243898067	0.1512744667	0.0049729589	0.0495586497	0.051254878	-0.0912726027	-0.060837647	0.0050790408	-0.0395440924	-0.0805899282	0.1463916785	-0.0491382976	-0.0535342353	0.0175078589	0.0785477272	0.0767369762	-0.092026585	-0.0183214816	-0.0661619441	-0.1304025578	0.0215863359	-0.0558896257	0.049212555	0.0239735403	-0.0421271226	-0.0036996629	-0.0304614872	0.0425246762	0.018866459	0.0470333792	-0.0634368734	-0.1036441676	-0.0290547284	0.0301405485021888	0.0199575084324408	0.0003983021428309	0.0009084526640127	-0.0435409744640367	-0.0560704732895231	0.0018958164572778	0.0031438979749111	-0.1956900452230243	-0.0153420736761304	0.0382945937993892	0.0002353792246838	-0.0005510598268305	-0.0003501429118833	3.0366693274646066e-07	1.226000587421164e-07	-0.0003664098919289	-0.0005589966213772	1.3425620890334817e-07	3.124772227111247e-07	-0.0003271008448312	0.0005348799260324	2.860965352724257e-07	1.0699496268928477e-07	0.0	0.0	0.0	0.0	0.0	0.0	0.0	0.0	0.0	0.0	0.0	0.0	0.0	0.0	0.0	0.0	0.0	0.0
4409.707625481939	-9.54348959201343	19445521.342233565	91.07819359286866	5350.14016870959	11.871182987607426	28623999.824839883	140.92498552525998	5107.078092532249	-21.341667425653213	455.46676850718745	26082246.64322283	5225.899879516463	4078.7371351954857	1.35351	26.737728	0.0859283841813094	0.0431759559184651	-0.0820288093	-0.1567592632	-0.0087510065	0.1383626849	0.1800517234	0.1103000688	-0.1573650124	0.0891832246	-0.0461479196	0.11292622	0.0545485535	-0.1047504245	0.0305376097	-0.1401923191	0.2032091159	-0.0303092944	0.0949193924	-0.0593362593	-0.0830088572	-0.0170988088	0.0624653106	-0.0081219651	0.1169665051	0.0355597297	-0.100869969	0.0991808252	0.0932734701	-0.0001107874	0.1159931413	-0.0361432665	0.0822309352	-0.0336265497	-0.0857356131	-0.011708129	0.0244534998	-0.1808560715	-0.0437775261	0.1586793251	-0.1938912053	-0.0619979706	-0.0471141182	-0.0813684925	-0.065981882	-0.0401758035	0.0229752906	0.001443232	-0.0355614167	0.018452023	0.0216577775	-0.1095249123	0.1310884726	-0.0139754526	0.0265622395	-0.1193032331	-0.0252365646	-0.0389289656	-0.0767699708	-0.0751098107	-0.0256907993	0.0874002941	-0.0802211917	0.0693523667	-0.0227462323	-0.0284199209	0.0422680011	0.146552905	0.1459739753	0.1048108188	-0.1052879475	-0.0205535015	-0.0414739414	-0.0798842011	-0.0192918444	-0.0065777824	-0.0257187206	-0.0098755878	-0.0097397228	0.1223279904	-0.0650433588	0.0149302961	-0.0998776736	0.0453798541	-0.0663361938	-0.1024967892	-0.0219158165	0.0302043271014582	6.377859926939844e-05	4.067709724766511e-09	0.0009123013756518	-0.0392198727483901	0.0043211017156465	0.0015381984183999	1.8671920036963977e-05	-0.1814888311774609	0.0142012140455634	0.0329381958421609	0.0002016744803679	-0.0011745496737142	-0.0006234898468837	1.3795669360221338e-06	3.887395891670597e-07	-0.0001230259511448	0.0002433839407841	1.5135384655082714e-08	5.9235742631598295e-08	-0.00080707285358	-0.0004799720087488	2.3037312918235819e-07	6.513665909857642e-07	0.0	0.0	0.0	0.0	0.0	0.0	0.0	0.0	0.0	0.0	0.0	0.0	0.0	0.0	0.0	0.0	0.0	0.0
4428.919003797781	19.21137831584201	19615323.54220113	369.0770567944047	5385.014014513739	34.873845804148914	28998375.93650938	1216.1851211715548	5121.895636418529	14.817543886279964	219.55960682183277	26233814.910363164	5235.761355462068	3914.116437903536	1.326511	26.20439	0.0411073939506835	0.0221790620888348	-0.0577248033	-0.111949033	0.0819927784	-0.0928324621	0.1023232633	0.0569843383	0.0262073668	0.1199738144	-0.0645228065	0.1628594923	0.0399114225	-0.0269714102	0.0809063364	0.0413440107	0.1095200998	-0.0310832937	0.0050329852	-0.1219895716	0.0218145147	-0.0801778956	0.0511153754	-0.0270940627	0.0806229718	-0.0455276239	-0.0190721572	-0.1054858512	0.1111379901	-0.0247563857	0.0590834394	-0.0511702006	-0.1940127125	-0.0202446331	0.1134285809	-0.0199227768	0.044777104	-0.0596044198	-0.0278647493	0.0929561818	0.0675956897	-0.0494494109	-0.081673108	-0.1092386662	-0.1259291207	-0.0065022957	-0.0607961659	0.1000870845	0.0352792771	-0.0436362209	0.0579204096	-0.1276801175	0.1085042378	0.048248551	-0.0724330093	0.0317513805	0.0017085833	-0.0793264808	-0.0463039259	-0.0530325975	-0.0519815524	0.0379865046	-0.0597437813	-0.0535890814	0.0393965267	-0.1383645758	-0.0411537804	0.100823174	0.0197172574	0.091586477	-0.0080591369	-0.046847579	0.0327101191	-0.0325257136	0.0723054858	-0.0080947438	0.0341465386	-0.0411587884	0.0696743235	0.0621410253	-0.0570735458	-0.0862683008	-0.0351777106	0.0437125059	-0.0691546937	-0.1010684743	-0.0146701329	0.0303214554233761	0.0001171283219178	1.3719043795303132e-08	0.0009193906589917	-0.0432133923284681	-0.003993519580078	0.0018673972765341	1.594819863646637e-05	-0.1887471465122985	-0.0072583153348376	0.035625485316535	5.268314149993891e-05	-0.0013224024500433	-0.000147852776329	1.7487482398805226e-06	2.1860443468222854e-08	0.0002161049195377	0.0003391308706825	4.67013362483958e-08	1.1500974744987053e-07	-0.0009148578208454	-0.0001077849672654	1.1617599168403356e-08	8.36964832361994e-07	0.0	0.0	0.0	0.0	0.0	0.0	0.0	0.0	0.0	0.0	0.0	0.0	0.0	0.0	0.0	0.0	0.0	0.0
4440.399556940309	11.480553142527242	19717148.225275688	131.80310045839212	5391.769857051455	6.75584253771558	29071182.191408668	45.641408394407286	5132.330555021454	10.43491860292488	108.88752624966776	26340816.926006824	5255.832322437108	3973.351887870576	1.201865	23.742079	0.0754026553642021	0.0408789617381478	-0.038626372	0.0422622754	0.112224835	-0.0424479706	-0.0242940762	0.0431830743	0.0112871711	0.1244581514	-0.0221845804	0.0562796637	0.1154562637	0.0210298608	-0.0305219487	-0.0881548347	0.0682548733	-0.0538534785	-0.019098704	0.0852228624	0.0055454339	0.0340709375	-0.0230182771	-0.0322951329	-0.0048004975	-0.0477677559	0.0026366632	-0.0449120844	0.009471862	-0.0873258102	0.0117201615	-0.0703233937	0.0050023402	-0.0255649453	0.1094507361	-0.1369095628	-0.1345942033	0.060779293	0.0309436054	-0.0199702555	-0.0507874028	0.0551749777	-0.1057938298	0.013104775	-0.0332651728	-0.0087833609	0.128959658	0.0430328528	0.0458339403	-0.0566322925	0.0164327411	-0.067744382	-0.0437257374	0.0172919092	-0.1137898192	-0.0440000221	0.0256819654	-0.0097828002	-0.0288326444	-0.0547675745	-0.0692417182	0.0347330995	-0.0918046596	-0.0087600097	0.0824363645	0.1240257933	0.0096039046	0.0060953183	0.0368172962	0.0301408642	-0.1116878132	0.0127884574	-0.0275944161	-0.0706637961	0.0573651676	0.010840508	-0.0130341211	0.0376992504	0.0160397317	0.0363411832	-0.0332380534	0.0563548503	0.0012342923	0.0420318424	-0.0718889393	-0.0993631376	-0.007352978	0.0302935218378763	-2.793358549979877e-05	7.802851988745681e-10	0.0009176974653418	-0.0383324161737448	0.0048809761547233	0.0014693741297171	2.3823928222977507e-05	-0.1648898212170948	0.0238573252952037	0.0271886531410054	0.0005691719702411	-0.0010609835118438	0.0002614189381995	1.1256860124044027e-06	6.833986124935406e-08	8.569840618899427e-05	-0.0001304065133487	7.344216823333851e-09	1.7005858723766166e-08	-0.0003739548658181	0.0005409029550273	2.925760067572654e-07	1.398422416690332e-07	0.0	0.0	0.0	0.0	0.0	0.0	0.0	0.0	0.0	0.0	0.0	0.0	0.0	0.0	0.0	0.0	0.0	0.0
4439.953442949332	-0.4461139909763005	19713186.57555763	0.1990176929448028	5387.761421571929	-4.00843547952627	29027973.13577877	16.067554993524997	5133.503926489638	1.1733714681840866	1.376800602348479	26352862.563284528	5251.577628645685	3954.965400436604	1.295067	25.583227	0.0451660460834968	0.0238779244796666	-0.0913293934	0.0514362758	-0.0726948922	-0.0129112842	-0.045567054	0.0185104142	-0.0071541354	0.0420583075	0.1309705232	0.0687630205	-0.0635161893	0.0295361913	0.1071105231	0.0584199331	0.007308638	-0.061838902	0.0024026693	-0.0300927036	-0.0693785409	0.042341279	-0.0506151098	0.0882260298	0.0233144079	-0.0189452152	0.0471611773	-0.009615761	-5.98896e-05	0.026985353	-0.0268759423	0.0012811203	0.213022841	-0.0947652733	0.0525629312	0.0159750868	-0.0781159282	0.1110200228	0.0241738529	0.0687691263	0.1065124954	0.0050851728	-0.0038520328	-0.005174521	-0.0630381473	-0.0817152006	0.034012293	-0.0454994489	-0.1017006369	-0.0084704486	-0.031609026	-0.0899835714	-0.0487529654	-0.1164802184	-0.0944528127	-0.0589352512	-0.008042202	0.0315368569	0.0522864605	-0.042964284	-0.0477008352	0.0453446443	-0.0385278942	0.0242241133	-0.0463634196	-0.1535430753	-0.034481604	-0.0829754222	0.0897781756	-0.0148018385	-0.0783930427	0.0276980253	0.0368056908	-0.0454430204	0.1028865318	-0.0066203955	0.015011304	-0.0474092469	0.0091455549	0.0935402982	-0.0669772502	0.000302752	0.0453854151	0.0403383756	-0.0745355992	-0.0973854535	-0.0	0.0303388462491653	4.532441128899875e-05	2.054302258694317e-09	0.0009204455917304	-0.0280692243799194	0.0102631917938254	0.0007878813572902	0.0001053331057968	-0.178465708780962	-0.0135758875638671	0.0318500092106911	0.0001843047231467	-0.0013569603404337	-0.0002959768285899	1.8413413655099431e-06	8.760228306213512e-08	0.0002152533622732	0.0001295549560842	4.6334009969917486e-08	1.6784486645980478e-08	-0.0003738538042019	1.0106161620000765e-07	1.0213450268957644e-14	1.397666669162326e-07	0.0	0.0	0.0	0.0	0.0	0.0	0.0	0.0	0.0	0.0	0.0	0.0	0.0	0.0	0.0	0.0	0.0	0.0
4468.269481320429	28.31603837109651	19965432.157699533	801.79802903341	5488.723621026401	100.96219945447228	30126086.988013167	10193.365718684645	5139.038997564497	5.535071074858934	30.63701180374003	26409721.818488702	5258.108851364293	3989.628399081209	0.996199	19.679274	0.0552838285932441	0.0261516322223943	-0.0325794011	-0.0075864121	-0.0850741412	-0.0690706013	-0.1183951515	-0.0750710433	0.0823039623	-0.0381107678	0.1274307435	0.1810744078	0.0045828021	0.029284539	-0.1259290984	0.0016586114	0.0082446659	-0.0630480717	-0.037192535	-0.0969299427	-0.0244403799	0.1145644699	-0.1522467959	0.0268151992	0.01499143	-0.0011439893	-0.1036792945	-0.0327155953	0.0014987053	-0.0601100105	0.0025502503	-0.0437623345	0.0512846066	-0.0710954611	-0.0947503042	-0.0167591909	-0.1038539563	-0.008434341	-0.0031930782	-0.1418873312	-0.0129324138	0.024336582	-0.051071427	-0.0415530546	-0.1464888714	-0.0798167854	0.0398559586	-0.046489337	-0.0291862104	-0.0548893357	-0.047954317	-0.1175790899	-0.0731132617	0.0587127955	-0.0967129671	-0.0317027271	-0.0631404027	-0.0425807178	-0.0556012783	-0.017588888	-0.0367421686	0.0112974269	0.0057215052	0.1263119333	0.0972569255	-0.008961352	-0.0344403883	-0.0249998208	0.0408856208	-0.0896460472	-0.0267010935	-0.0508465324	0.0669510598	0.0433608884	0.137278956	0.0508749622	0.0273957948	0.0260764647	-0.0162257613	0.0607914894	-0.0400344514	0.0328723043	-0.0139546109	0.0386326214	-0.0770914491	-0.0951408427	0.007352978	0.0383147577340565	0.0079759114848912	6.361516401481938e-05	0.0014680206602194	-0.040183793407408	-0.0121145690274886	0.0016147372526092	0.0001467627827217	-0.1649045869583076	0.0135611218226543	0.02719352279989	0.0001839040250888	-0.0016139427898295	-0.0002569824493957	2.6048113288426293e-06	6.603997929746486e-08	0.0002154432582623	1.8989598909999249e-07	4.64157975306761e-08	3.606048667626447e-14	-0.0005493259839812	-0.0001754721797793	3.079048587649899e-08	3.0175903667691365e-07	0.0	0.0	0.0	0.0	0.0	0.0	0.0	0.0	0.0	0.0	0.0	0.0	0.0	0.0	0.0	0.0	0.0	0.0
4473.801137969558	5.531656649129218	20014896.622097712	30.599225283855485	5457.739110486261	-30.98451054014004	29786916.198131364	960.039893412049	5139.951940981217	0.9129434167207364	0.8334656821337322	26419105.955596585	5252.982806598311	4074.686718894248	1.081291	21.36022	0.0383234948769938	0.0251150079040832	-0.0158178317	-0.0894532735	-0.0319127073	-0.0383403686	-0.0709038178	-0.0431557977	-0.0125160822	-0.0159978942	-0.0477410645	0.0294865949	-0.1224066426	0.0588177861	0.0993376457	-0.0383937211	-0.0882155519	-0.070768335	0.0558352921	-0.0208408495	-0.0352470809	-0.1165706896	-0.1324227243	0.0150486519	-0.0574587257	0.0279254558	-0.0302952763	-0.0618983464	0.0607771615	0.0430781355	0.0349596843	-0.0218678304	-0.0780384874	-0.0269881459	0.0173369264	0.1164567353	0.0237261576	0.0341503995	0.0182744946	0.0525090443	0.0372926508	0.0683480905	0.1306328659	-0.0080286203	-0.0961482623	0.0463679336	0.0828613606	0.1357680697	-0.0933727903	-0.0399554233	-0.0642566074	0.0351605054	0.0085338567	-0.0107689976	0.0048889336	0.0715344303	0.0570421614	-0.0304133832	-0.0131288118	-0.0210116482	-0.0646778976	-0.0321076905	-0.0985169346	0.028389021	-0.0992552201	-0.0477533296	-0.0147468425	0.0299542443	-0.0247055372	-0.0335901351	-0.0075896425	-0.0968970091	0.060166651	0.0526583057	0.0900851831	0.0880906178	-0.0400756929	0.054827615	-0.0972791919	-0.1515856385	0.0582032938	-0.0045939474	-0.0890244451	0.0369150993	-0.0795533748	-0.0926354574	0.0146701329	0.0303367618670051	-0.0079779958670514	6.364841805468924e-05	0.0009203191205753	-0.0402319385494251	-4.814514201709891e-05	0.0016186088794447	2.317954699846622e-09	-0.1647901429848772	0.0001144439734303	0.0271557912249762	1.3097423054534372e-08	-0.0011859598758924	0.0004279829139371	1.4065008272267168e-06	1.8316937462209114e-07	0.0002152212767552	-2.2198150709999787e-07	4.63201979681384e-08	4.9275789494386393e-14	-0.0003738726815355	0.0001754533024457	3.0783861339102293e-08	1.397807819985454e-07	0.0	0.0	0.0	0.0	0.0	0.0	0.0	0.0	0.0	0.0	0.0	0.0	0.0	0.0	0.0	0.0	0.0	0.0
4459.868622186881	-13.932515782677	19890428.12716711	194.1149960345437	5433.137716359106	-24.60139412715489	29518985.44492384	605.2285929996111	5135.318313835816	-4.633627145401079	21.470500522597742	26371494.18441753	5257.495759692132	4133.592281144338	1.23386	24.374126	0.0426453957392185	0.0271095502573625	0.0266403524	0.0267522319	0.0739471085	0.0493938101	0.0110002211	0.0041528485	-0.0036025656	-0.0086823552	-0.0547419251	-0.0935963453	0.0579545626	0.0011444849	-0.0309174007	0.1167404518	0.0687568901	-0.011215829	-0.0070180309	0.1051032428	-0.1490363928	-0.0992622982	-0.0040703416	0.0974904623	-0.0291213582	0.0344936395	0.0052426806	0.0309662848	0.0391396363	0.0113794308	-0.0214696704	0.068744527	-0.023901026	0.0561884851	0.0797775917	0.0610854291	-0.067028112	0.1424000743	0.0176081169	-0.0161497563	0.0251588816	-0.1460260249	-0.0224749161	0.0490557663	0.075859416	0.1189941897	0.0482776158	-0.0012039057	-0.0711806838	-0.0800135903	-0.0437373674	0.0140280492	0.0781750385	-0.1007602536	0.0519194086	0.0514200625	-0.0496378896	-0.0215106947	0.0753647654	-0.0094127646	-0.1015435347	-0.0146796111	0.051578356	-0.0460670139	0.1044493543	0.0534380831	-0.0380982136	-0.0135628191	0.0079681535	0.007524141	-0.082648015	-0.0123896828	0.0108081356	-0.0807954235	0.0485292448	-0.0406152281	-0.0569651626	0.0585825891	-0.1543934494	-2.48065e-05	-0.0513756173	0.0414240052	0.0002368016	0.0351863325	-0.0819183771	-0.0898761648	0.0219158165	0.0303801370725267	4.337520552160149e-05	1.881408454041168e-09	0.0009229527285455	-0.038088074670469	0.002143863878956	0.0014507014321032	4.596152331492688e-06	-0.1543427487877764	0.0104473941971008	0.0238216841033666	0.0001091480455096	-0.0016839417904313	-0.0004979819145389	2.8356599535609727e-06	2.479859872078284e-07	0.0003173147074611	0.0001020934307058	1.0068862357112347e-07	1.0423068593300398e-08	-0.0003737327776275	1.399039080000105e-07	1.95731034736754e-14	1.3967618907316637e-07	0.0	0.0	0.0	0.0	0.0	0.0	0.0	0.0	0.0	0.0	0.0	0.0	0.0	0.0	0.0	0.0	0.0	0.0
4449.707922308767	-10.160699878114428	19799900.5938574	103.23982201311456	5430.490439789871	-2.647276569235146	29490226.416649185	7.0080732340214045	5128.405849845504	-6.912463990312062	47.78215841736096	26300546.56072959	5247.480869062678	4079.5873962582655	1.298297	25.647034	0.0645124524271445	0.0359883996280181	-0.0368793416	-0.0322212846	-0.0913378199	0.1214268997	-0.0778347288	0.0034595167	-0.0950872254	-0.0912148188	0.0427648798	-0.0781241765	0.0296691629	-0.0153546528	0.0761323019	-0.104736064	0.0228278144	-0.0341054117	0.0106608143	0.005161928	-0.1046853726	0.0510677671	-0.0170274181	0.0061849108	-0.0729911185	-0.0113954651	-0.0180449968	-0.096909207	0.007692544	0.0650922052	0.0421010983	-0.0735711681	-0.047489329	0.0367928107	0.0311815021	0.0318545798	-0.0683511212	-0.0648483735	-0.0042861427	0.1022612845	-0.0808384812	0.0300718967	0.0607866992	0.0031058523	-0.030092563	-0.0214288197	0.0687080665	-0.0985006248	0.016630195	-0.0712361252	-0.0532197815	0.0277843446	-0.0061033157	0.0266138322	0.0224325393	0.0238357234	0.0887640756	0.0125239209	-0.0304694477	-0.0132535657	-0.051243308	0.0337945342	-0.090717847	0.1257707761	-0.0768851924	-0.0451130318	0.0151033683	-0.0249885718	0.0638970098	-0.0157949823	-0.0293068856	-0.0674326167	-0.1083177846	-0.0298596986	0.1110365715	0.0847090575	0.0224892665	0.0002514219	-0.001521792	0.0182597094	-0.0037631936	0.0870852844	-0.061726203	0.0334468475	-0.0841835744	-0.0868705278	0.0290547284	0.0301385165471117	-0.000241620525415	5.83804783018212e-08	0.0009083301796605	-0.049956727921625	-0.0118686532511559	0.0024956746646352	0.0001408649299961	-0.1491582910257278	0.0051844577620485	0.0222481957817157	2.687860228646592e-05	-0.0011860239991918	0.0004979177912395	1.4066529266589109e-06	2.479221268328223e-07	-0.0001282781227143	-0.0004455928301753	1.6455276767105012e-08	1.9855297030372287e-07	-0.0003745765739831	-8.437963555999991e-07	7.119922897238399e-13	1.403076097769168e-07	0.0	0.0	0.0	0.0	0.0	0.0	0.0	0.0	0.0	0.0	0.0	0.0	0.0	0.0	0.0	0.0	0.0	0.0
4451.228260393583	1.5203380848161032	19813433.02612648	2.3114278921422966	5425.943533640894	-4.546906148976632	29440863.230259437	20.674355527601502	5117.56776694395	-10.838082901554117	117.4640409809597	26189499.849263687	5233.721252371811	4001.4132158513257	1.322162	26.118473	0.0464749584044522	0.0242501499359143	0.0231688289	-0.110647326	0.08811887	-0.058377859	0.0437436412	0.0175845222	0.0425178548	0.0683987622	-0.0767942932	0.030128889	-0.0213612989	-0.0965528496	0.0586114798	0.1092290311	0.1384289622	-0.0238800652	-0.0635209873	-0.0870403114	-0.0176070176	-0.0495309083	0.0158054116	0.0330813364	0.0532782258	-0.039887629	-0.0002030434	0.0513661523	0.0493131267	-0.1919551552	-0.0537991297	-0.1073556822	-0.1016190475	-0.0724397803	-0.0170071552	-0.0134677978	0.0185104093	-0.0567261282	-0.0705880408	0.0824755774	0.0531663444	-0.1180960132	-0.0742614094	-0.0571511506	-0.0780059866	0.08465898	-0.0908554383	0.0061749504	-0.0165257098	-0.0528924804	-0.0048300722	-0.0818150783	0.0324340638	-0.0082970516	0.0350219719	0.0989285348	0.03158372	-0.1394095985	-0.0481306112	0.0086465304	-0.0985691105	-0.0016067804	-0.0588905507	-0.0645272885	0.0698009489	-0.0622356988	-0.0607177857	0.0507006295	-0.0874596939	0.0619590302	-0.0057255029	-0.0506706841	0.0681257763	0.0018961696	0.0624675375	-0.0888084476	-0.0028794206	0.0478496559	-0.0817929431	0.0763764855	0.0662714092	-0.0943132144	0.0038324403	0.0316971744	-0.086346207	-0.0836267848	0.0360520886	0.0303427031245178	0.0002041865774061	4.1692158392817536e-08	0.0009206796329026	-0.0350706248308654	0.0148861030907595	0.0012299487260273	0.0002215960652287	-0.1440833149196763	0.0050749761060515	0.0207600016382426	2.5755382476993744e-05	-0.0013679603570125	-0.0001819363578206	1.8713155383577664e-06	3.310083829706174e-08	0.0002152554197176	0.0003435335424319	4.6334895717800145e-08	1.1801529477581005e-07	-0.000373852621631	7.239523520999585e-07	5.241070081110622e-13	1.397657827003717e-07	0.0	0.0	0.0	0.0	0.0	0.0	0.0	0.0	0.0	0.0	0.0	0.0	0.0	0.0	0.0	0.0	0.0	0.0
4454.716181234006	3.4879208404236124	19844496.25534809	12.16559178906136	5420.452575262661	-5.49095837823279	29381306.12067162	30.15062391148487	5126.317233123516	8.749466179566298	76.55315842737447	26279128.374619145	5248.928021664767	4017.544667817289	1.227779	24.253994	0.0920391461518757	0.0522097433500054	-0.0129360958	0.0805131172	0.04087297	-0.0475936401	0.0116046257	-0.0130034531	0.0391802684	0.0990695148	0.0951605637	-0.0453223942	0.0908218926	-0.0606687282	-0.0269149805	-0.1135967006	0.0308075799	-0.0450208985	-0.0829967025	0.0783048208	0.0229159191	0.0801113152	0.0014597412	0.0117255233	0.0785170715	0.0305099306	-0.0495001133	-0.0099692826	0.0338501415	-0.0400013846	-0.0717532933	-0.0726985807	0.0550165376	-0.0662118799	-0.0332522666	0.0287711883	-0.0411133365	0.0324233049	-0.0154605461	0.0012484249	-0.0738382624	0.0877959404	-0.1442597125	0.0525675896	-0.0209756474	-0.0420210473	0.0660405123	-0.0483802445	0.0272167607	0.0067805272	0.0144422063	-0.10038103	0.0095444337	-0.0041381109	-0.0159763892	-0.0337673326	-0.0343317153	-0.0623672036	0.0065566777	-0.0138385325	-0.0820820509	0.0506996515	-0.0336573906	0.0799999167	0.012007201	0.1027360158	0.0097876967	-0.0398195657	0.0686932189	-0.0177830144	-0.0970274066	0.0191365524	0.0091474445	-0.0200697242	0.0379306286	-0.0273368101	-0.0565527634	0.0536639747	0.0009323831	0.0018799417	-0.1267975266	0.0120108773	-0.0177785769	0.029937846	-0.08840364	-0.0801538266	0.0428738067	0.0408131730082317	0.0104704698837139	0.0001096307395857	0.0016657150909998	-0.0482431856061822	-0.0131725607753168	0.0023274049574325	0.0001735163573794	-0.1780346527796013	-0.0339513378599249	0.0316963375903531	0.0011526933424787	-0.0013778876540722	-9.927297059700042e-06	1.8985743872445908e-06	9.85512269115291e-11	0.0002162244404197	9.690207020999976e-07	4.67530086348124e-08	9.390011210983724e-13	-0.0010518518565276	-0.0006779992348966	4.596829625203751e-07	1.106392328080559e-06	0.0	0.0	0.0	0.0	0.0	0.0	0.0	0.0	0.0	0.0	0.0	0.0	0.0	0.0	0.0	0.0	0.0	0.0
4462.932289673982	8.21610843997587	19917764.622214653	67.50443789744271	5457.214023774246	36.76144851158461	29781184.9012783	1351.4040966698858	5131.14875079272	4.831517669204004	23.34356298783049	26328687.502761696	5244.708563462087	4027.927509166994	1.271937	25.126316	0.0735054733274482	0.0415447969838486	-0.0262529651	-0.0823145756	-0.0696381491	0.0094000367	-0.1026113938	-0.0470072904	0.0338736592	-0.024591689	-0.0182008237	0.0311079587	-0.0732217532	-0.0135643983	0.0956297394	0.1105342972	-0.012624351	-0.0625163069	0.0274836032	-0.0411363633	0.0086186341	0.002503863	-0.0799570487	-0.0066984131	0.0868791115	0.080400239	-0.0303162436	0.0063274597	0.179591741	-0.0311643603	0.1066014013	-0.0574764354	0.0629888477	0.0230762547	-0.0254037656	0.0565110254	0.0083260675	-0.0091670304	-0.0263883829	0.0585177263	0.1291542084	-0.0181222195	0.0257523629	-0.0155264486	-0.1213595555	-0.0388449984	0.0385027052	0.0289493458	-0.0508532734	0.0081325511	-0.0866955501	-0.030898926	0.1036245162	0.0997916752	0.0528080372	-0.0721301999	0.0536223586	-0.0846859725	-0.0095105289	-0.0153176032	-0.0872607095	-0.0221232976	-0.0425806756	0.0503512784	-0.0324825037	-0.1711028306	-0.0512313405	0.0153076173	0.0166603161	-0.0515267824	-0.0487646219	-0.0575162685	0.0184220117	0.0364376516	0.0692427945	0.0117553577	0.0165743294	0.0321370765	0.0047794283	0.0136562338	-0.0301173133	0.1307545646	-0.0825963522	0.0281693982	-0.0903533669	-0.0764611723	0.0494866478	0.0428828193030739	0.0020696462948422	4.283435785754049e-06	0.00183893619138	-0.0323820684669584	0.0158611171392238	0.0010485983581987	0.0002515750369041	-0.1863111470292935	-0.0082764942496922	0.034711843507371	6.850035706518817e-05	-0.0011859455001382	0.0001919421539339	1.4064667292980454e-06	3.684179045682333e-08	0.000292221276041	7.599683562130001e-05	8.539327417103034e-08	5.775519024450895e-09	-0.0003738265332091	0.0006780253233185	4.5971833906115657e-07	1.3974627693113433e-07	0.0	0.0	0.0	0.0	0.0	0.0	0.0	0.0	0.0	0.0	0.0	0.0	0.0	0.0	0.0	0.0	0.0	0.0
4458.410520751385	-4.521768922597403	19877424.371546637	20.44639418936768	5462.553723565464	5.339699791217754	29839493.182838917	28.512393860330924	5137.179585036836	6.030834244115795	36.37096167999973	26390614.08891924	5249.400880019776	3996.3597719989816	1.210282	23.908363	0.0743137474077673	0.0374681492953568	-0.0089269729	-0.0955817193	0.1142089235	-0.0486316195	-0.0573240198	-0.0507534669	0.0847897567	0.0393831928	-0.0529137021	-0.042973077	0.0251856681	-0.0214673824	-0.0990279873	-0.0584968224	-0.0032961024	-0.0375896797	-0.0527200838	0.0014769288	0.0452886172	-0.0967392313	-0.0789591294	-0.0848221033	0.0559110427	-0.0498396387	-0.0520477258	0.0089518828	-0.0624576027	0.0080660076	0.012833088	0.0476472388	-0.0318633214	-0.1089638872	-0.0603233308	-0.0443088991	0.0527792015	0.0131704675	-0.039286253	-0.0671308424	-0.0723342074	0.02814114	-0.0431885237	0.0073027649	-0.0326078422	0.1345959193	-0.0111791151	0.0928373738	-0.0149965529	0.0917041407	0.0324474682	-0.0433046666	-0.0719705759	0.0473808203	-0.0413483779	0.0462040522	-0.0193205132	0.009763007	0.0022889001	0.0066315024	-0.0313661029	0.0791813036	-0.1027032584	2.24238e-05	0.1105319654	0.0459179446	-0.0247766696	0.0433872053	-0.060375418	-0.0249007126	-0.0435720095	-0.0301903926	0.1038198442	0.0619453361	0.0433663547	-0.0044460915	0.0304531828	0.0552812774	-0.0430068098	-0.0878941429	0.040927559	-0.0848114332	0.0506543255	0.0263923698	-0.092193012	-0.0725589432	0.055858395	0.030265695010911	-0.0126171242921629	0.0001591918254038	0.0009160122944934	-0.0315581484624374	0.000823920004521	0.0009959167343772	6.788441738498854e-07	-0.1635334733927251	0.0227776736365684	0.0267431969198891	0.000518822416294	-0.0009889075357106	0.0001970379644276	9.779381141852118e-07	3.8823959425772176e-08	0.0002154259717326	-7.679530430840001e-05	4.640834929693497e-08	5.8975187638197625e-09	-0.0008618938539634	-0.0004880673207543	2.3820970958828078e-07	7.428610154998826e-07	0.0	0.0	0.0	0.0	0.0	0.0	0.0	0.0	0.0	0.0	0.0	0.0	0.0	0.0	0.0	0.0	0.0	0.0
4460.814860393445	2.404339642060222	19898869.21870699	5.780849114382277	5421.43627845501	-41.117445110453446	29391971.321348112	1690.644292411152	5130.072141235562	-7.107443801273803	50.515757388265406	26317640.17428123	5251.478660105028	4046.855817335571	1.226179	24.222395	0.1129410114931034	0.0539777919283216	-0.0072922995	0.0777047535	0.0521984547	-0.0033751825	0.0123412943	-0.0030424656	0.0100242865	0.0799132438	0.0058493439	-0.0463617211	0.0373930521	-0.0290284358	0.1175132173	0.0047078317	-0.041808579	0.0186095952	0.002305243	0.0932523825	-0.0472927948	-0.0688641522	-0.0839621001	0.0136465778	0.0290814842	0.0080781639	0.0036834333	-0.0592971454	-0.0148187902	0.1165717696	0.0216350357	0.0069805146	0.131221966	-0.1217933014	0.2074816576	0.038019066	-0.0232484842	-0.0720272441	-0.000355401	0.0832964639	0.0840955261	0.0858590085	-0.0428517674	0.0416137491	0.0673858085	-0.0204965735	0.08237821	0.0440131199	-0.067974604	-0.0410037531	-0.0471123867	-0.1055328444	0.017217895	-0.0467444024	-0.0641373159	-0.121003262	-0.0204584327	0.0727173479	0.1374558731	-0.0044282698	-0.0312506072	0.0569499518	-0.014975441	-0.0877917362	-0.0933405007	-0.0308415029	0.0053795615	-0.0490438407	0.0404571781	-0.0633352058	-0.0667575114	0.001595503	0.0783509349	-0.0544073541	-0.0439855132	-0.0425697711	-0.1290833232	0.1320023529	-0.0260740113	0.0014680379	-0.1269594174	0.0277455009	-0.0216931772	0.024607302	-0.0939203342	-0.0684578352	0.0619580057	0.0308014310834323	0.0005357360725212	2.870131394005475e-07	0.0009487281567874	-0.0217411805304266	0.0098169679320108	0.0004726789308566	9.637285937812842e-05	-0.1849050514898564	-0.0213715780971313	0.0341898780664664	0.0004567443503617	-0.0015890105206074	-0.0006001029848967	2.524954434601e-06	3.601235924820489e-07	0.0007021129596203	0.0004866869878877	4.92962608066777e-07	2.3686422417920225e-07	-0.0013994384690077	-0.0005375446150442	2.889542131631246e-07	1.958428028538615e-06	0.0	0.0	0.0	0.0	0.0	0.0	0.0	0.0	0.0	0.0	0.0	0.0	0.0	0.0	0.0	0.0	0.0	0.0
4467.631041426178	6.816181032732857	19959727.122314755	46.46032387098715	5484.947874292834	63.51159583782373	30084653.18370948	4033.722805867069	5134.591933492552	4.519792256989604	20.428522046343176	26364034.323486783	5249.671015914517	4035.723601438446	1.266293	25.014824	0.1695860569659131	0.0998296599353819	0.0232717564	0.0790692532	-0.1097530463	-0.0449960168	-0.0047660958	-0.0381092056	0.0230728653	-0.1805415403	0.0058221925	-0.0271365616	-0.022943461	-0.0303384502	-0.1061547021	0.0344349874	0.0013861711	-0.0235480269	-0.0149131821	-0.0706198616	-0.122236028	0.0540631845	0.0151978027	0.0563951488	-0.0429776192	-0.0388454788	0.0023308124	0.0403296964	-0.0376710112	0.0744174007	-0.0053392635	0.0140586977	0.0694761408	-0.069633248	0.1174105746	0.1459497197	0.0525818898	0.0150929853	-0.0432903202	-0.0839073164	-0.0481840752	-0.0750697821	0.0367776669	0.0100580957	-0.0538881832	-0.0144073871	-0.0263929979	-0.1452309674	-0.0582151484	-0.0526223495	-0.0395868579	0.019995065	-0.0353110476	-0.0843845518	0.0705231036	-0.0386793542	0.0746323413	0.0519676762	0.0209212983	0.0541553723	-0.0209120817	-0.0057093656	0.0707832054	0.1306882746	0.0844811668	-0.0357219035	-0.0304735215	-0.0409466516	0.0358242846	-0.0093786754	0.0451227932	-0.0177807439	0.074272192	0.0117090153	0.0461602744	0.0070917653	-0.0732604962	-0.1149433791	0.0701502345	-0.0702704051	-0.0709564433	0.0361177423	-0.0390141112	0.0228147385	-0.0955332289	-0.0641690889	0.0677557633	0.0245668027624645	-0.0062346283209678	3.887059030061377e-05	0.0006035277979698	-0.0454708399748682	-0.0237296594444416	0.00206759728802	0.0005630967373491	-0.0964317449363676	0.0884733065534888	0.0092990814314726	0.0078275259725076	-0.0024223818021735	-0.000833371281566	5.867933595501333e-06	6.945076929391238e-07	0.0008906964226003	0.00018858346298	7.933401172329722e-07	3.556372250952904e-08	-0.0013984239606135	1.0145083941999215e-06	1.0292272819021038e-12	1.9555895736179475e-06	0.0	0.0	0.0	0.0	0.0	0.0	0.0	0.0	0.0	0.0	0.0	0.0	0.0	0.0	0.0	0.0	0.0	0.0
4462.939785190004	-4.691256236174013	19917831.5262318	22.007885073441567	5471.295651771282	-13.652222521552176	29935076.109091338	186.38317977797644	5129.253834567951	-5.338098924600672	28.49530012882285	26309244.899430037	5243.018660472491	4060.009590723666	1.38623	27.3841	0.0937548958184101	0.0536635409616613	0.0933056703	-0.1387448485	0.01908589	-0.0619632645	0.1207421163	-0.0188670815	0.0533892741	-0.0447378803	-0.1290312259	-0.0230942701	-0.0025061672	-0.0326247053	0.0794007234	-0.0794280228	-0.0745588466	-0.0214229125	0.0054501761	-0.1822582598	-0.0663031321	-0.0859411513	0.1395829577	-0.0500486332	-0.0843789329	-0.0964264119	-0.0296695937	0.120419883	0.0390144259	0.1312267281	-0.0248318597	0.0938684966	-0.0331086993	-0.0682972313	-0.0036750134	0.0243180985	-0.0093414297	0.0151088284	-0.0501704073	0.0817898937	-0.0395746096	0.068778213	0.102169125	-0.0160662829	-0.073799966	0.1000756306	-0.1381441804	0.0366112525	0.0235315525	-0.0692974221	0.162529963	-0.0431940762	0.0033078219	-0.0959083968	0.117873863	0.0415276537	0.0002649914	0.1098188072	0.0501169782	0.0883973837	-0.0405910212	0.0238423044	-0.0533250606	0.0410750064	-0.119809344	0.0003612432	0.0498769951	0.1020753701	-0.087888227	0.0545435511	0.0718481729	-0.061733556	0.0873639468	-0.0162796353	0.0591743828	0.0422053318	-0.0298198299	-0.118653065	-0.008750074	-0.0844565445	0.0257356453	-0.1127703551	-0.0658152353	0.0210152255	-0.0970297311	-0.0597044597	0.0732234215	0.0306651237494861	0.0060983209870216	3.718951886074811e-05	0.0009403498145712	-0.005259644048138	0.0402111959267302	2.766385551311348e-05	0.0016169402778578	-0.0746762511766192	0.0217554937597483	0.0055765424897935	0.0004733015087304	-0.0024331063106429	-1.072450846939998e-05	5.920006318890303e-06	1.1501508191023192e-10	0.0008751096974162	-1.5586725184099995e-05	7.65816982511873e-07	2.4294600196465703e-10	-0.0009109374913688	0.0004874864692446	2.3764305769666377e-07	8.298071131812827e-07	0.0	0.0	0.0	0.0	0.0	0.0	0.0	0.0	0.0	0.0	0.0	0.0	0.0	0.0	0.0	0.0	0.0	0.0
4456.338709263434	-6.601075926570047	19858954.691679686	43.5742033883426	5422.765640995421	-48.53001077586123	29406387.197160475	2355.161945905207	5132.978598691845	3.724764123893692	13.873867778645543	26347469.294628497	5247.9990020021205	4047.9958464539386	1.260254	24.895515	0.0769110887088748	0.048117542295824	0.0692171119	0.043214498	0.0882940911	0.0295392091	-0.0438780947	0.0449461106	0.0450248287	-0.0141209993	-0.0387126877	-0.0856975921	0.0571427657	-0.0464618709	-0.0718601987	0.1097675421	-0.0264184298	-0.0202063408	-0.0839074815	0.0284317297	-0.0452518905	-0.0971884594	0.0602206839	0.1102771331	-0.0407237808	0.0815543979	-0.0848534413	-0.008171107	-0.0437331362	-0.0443471769	-0.0267889602	-0.0225503319	-0.1173307435	-0.0547398555	-0.0601784676	-0.0105466787	-0.084141257	-0.0507427965	-0.0512554222	-0.0721918962	0.0646992339	-0.0621416055	-0.057927916	0.0770716288	0.0152575596	0.0978982527	0.0192838324	-0.0118848221	0.0340877531	-0.0714608034	-0.0622080805	-0.0113514959	0.0611146232	-0.1045545872	-0.0272876499	-0.0018604552	-0.1577570717	-0.0181396044	-0.0946368245	0.0720465839	-0.0498782064	0.0299636829	-0.0150133605	-0.0820846749	0.115861901	-0.0310082327	-0.0006089317	-0.0338912758	-0.117371104	-0.0430027876	-0.0435786157	0.0161627094	0.0806839449	-0.0786096916	-0.0445548517	-0.1449138391	-0.0904138617	0.1172519681	-0.024545615	0.0972325111	0.0535797185	0.0671277992	-0.0446559925	0.019209311	-0.0984080176	-0.0550761846	0.0783343427	0.0307768961827292	0.0001117724332431	1.24930768330834e-08	0.0009472173386424	-0.0019535303255366	0.0033061137226013	3.816280732791135e-06	1.0930387946773283e-05	-0.0922268848716996	-0.0175506336950803	0.0085057982931377	0.0003080247430988	-0.0015722146546437	0.0008608916559991	2.471858920276409e-06	7.411344433690445e-07	0.000624222596957	-0.0002508871004591	3.896538505517413e-07	6.29443371768247e-08	-0.0009180101120694	-7.07262070059997e-06	5.0021963574555215e-11	8.427425658616724e-07	0.0	0.0	0.0	0.0	0.0	0.0	0.0	0.0	0.0	0.0	0.0	0.0	0.0	0.0	0.0	0.0	0.0	0.0
4460.977252552471	4.638543289037443	19900318.047790594	21.516083844274306	5398.494207132274	-24.27143386314674	29143739.70444072	589.1025017731063	5133.8055949104055	0.8269962185604527	0.683922745513288	26355959.886333384	5249.019402359339	4038.1351086209406	0.960364	18.971375	0.0455708722223052	0.02535091933358	0.0603393528	0.0963990282	0.0309366716	-0.0147818895	0.074154816	0.0774028978	0.0070808417	0.0371996207	0.0270328731	-0.1054898226	0.0769821231	-0.0356984679	-0.0104142321	-0.0997504676	-0.0662806228	-0.0318312715	-0.058428621	0.1061949296	-0.0066414748	0.0145514906	0.0299077338	-0.070032339	0.0064345016	0.0903025364	-0.0802590218	-0.0681697824	0.1300088777	-0.0501271405	-0.0490041822	-0.034349436	-0.0924393296	0.0092643333	0.0203908701	0.0422649683	-0.057985416	-0.0043205638	-0.0398795584	-0.0044213804	-0.0462065642	0.120795539	-0.0214598896	0.0739874922	0.02066735	0.0276157742	0.1175445269	-0.0170383635	0.101730901	-0.0541953942	0.0588568037	-0.026786426	0.0760634886	0.0648693237	0.0274555671	0.0082159921	-0.0449774771	-0.1183889407	-0.0206493376	0.0549196102	-0.0808651113	-0.0163843396	-0.032291172	0.0394253148	-0.0072446706	0.1450179597	0.0771835794	-0.0820972765	0.0049405946	0.0214352181	-0.0961267359	-0.0474621425	0.0274031377	-0.0681629159	-0.0312269836	0.0061347441	-0.0402625928	-0.0007648946	-0.0019583503	-0.0410642492	-0.0715070102	0.0051720894	-0.0440951588	0.0173975452	-0.099666409	-0.0502969496	0.0830636267	0.030667145214295	-0.0001097509684341	1.2045275072244682e-08	0.0009404737955946	-0.014501730431192	-0.0125482001056554	0.0002103001854989	0.0001574573258915	-0.1123453767028053	-0.0201184918311057	0.0126214836664952	0.0004047537135582	-0.0016382073763496	-6.599272170589986e-05	2.68372340792624e-06	4.355039318152347e-09	0.0005618568956449	-6.236570131209996e-05	3.156831711837241e-07	3.889480700150067e-09	-0.0010455402753936	-0.0001275301633242	1.626394255749713e-08	1.093154467470125e-06	0.0	0.0	0.0	0.0	0.0	0.0	0.0	0.0	0.0	0.0	0.0	0.0	0.0	0.0	0.0	0.0	0.0	0.0
4459.565962587983	-1.411289964487878	19887728.574673288	1.991739363864196	5423.495858028017	25.001650895743296	29414307.32204706	625.0825475126215	5138.304761290345	4.499166379939197	20.24249811437518	26402175.819899023	5263.130751084575	4051.869919431791	1.254071	24.773376	0.0932353863952355	0.0613054972173822	-0.0405491075	0.0875310881	-0.0792603868	0.0558539688	0.0308312821	0.0071085542	-0.0855502813	0.0125673233	0.0957933163	-0.1138685333	-0.0123716934	0.0055420308	0.0459849985	0.115274806	0.0029550173	-0.1049600578	0.0195046178	0.067382124	-0.0596193882	0.0526263749	0.044523323	-0.1245070999	0.0601618685	0.0556710233	-0.0184704258	0.0888476308	0.0131148646	0.0307254407	0.0075684496	0.1119010719	-0.0748654037	-0.0635975077	0.0594637081	-0.0438976825	0.0532511072	-0.0197928304	0.044511942	0.046185316	0.0785176851	-0.0891009276	-0.003848569	0.1280301689	-0.0094739778	-0.0298014351	0.038219195	-0.0512781831	-0.0270730062	0.0308898069	0.1172592202	-0.0327074673	0.0437470412	0.0505583001	0.0468866534	-0.0100616012	-0.0829132399	0.0024680395	0.0148278535	-0.0125520641	-0.1057100209	0.0056441549	0.0262174172	0.0103391459	0.01550014	-0.1023051133	-0.0218871815	-0.1084845811	0.0498840099	0.0144967162	0.0289386444	0.0451745446	0.0610037117	-0.0844545687	-0.0177024932	-0.0217831516	0.0235477268	-0.079450472	0.1293883615	0.0188072301	-0.0194857579	-0.1579893454	-0.0161531344	0.01558048	-0.1008033722	-0.0453798541	0.0873882332	0.0305903776003901	-7.676761390490103e-05	5.893266544651954e-09	0.0009357712017344	-0.0083156326318203	0.0061860977993716	6.914974606739463e-05	3.8267805983391374e-05	-0.1711894394939292	-0.0588440627911239	0.0293058241942456	0.0034626237257657	-0.0013986396111823	0.0002395677651672	1.9561927619681755e-06	5.7392714107254585e-08	0.0005379403145964	-2.3916581048500024e-05	2.893797820680739e-07	5.720028490494705e-10	-0.0013446250929945	-0.0002990848176009	8.945172811936362e-08	1.808016640710468e-06	0.0	0.0	0.0	0.0	0.0	0.0	0.0	0.0	0.0	0.0	0.0	0.0	0.0	0.0	0.0	0.0	0.0	0.0
4471.977183368268	12.411220780284566	19998579.92856639	154.03840125696743	5455.063940429687	31.56808240166993	29757722.594176263	996.5438265186224	5144.733725223311	6.428963932966326	41.33157725138185	26468285.103450127	5275.341558580388	4091.289447260396	1.355893	26.784815	0.3568297307646952	0.1669323214880408	-0.0939213686	-0.0077814701	-0.0565109336	0.0590226056	0.023534861	-0.0754288611	-0.0967019076	0.0475326256	0.1456208424	-0.0670893212	0.0679352921	0.097014961	-0.0636849838	-0.0869194788	0.0248150842	-0.116946788	0.0204849126	0.0827129585	0.0940103487	0.0343186198	0.0458051232	0.1028719724	0.1154205874	-0.11069928	-0.0564990744	0.0034692629	0.0364484159	-0.0906868632	0.0564977516	-0.0207401979	0.0520120882	0.1120227354	0.1294686463	-0.1316286734	0.1861058086	-0.0823933234	0.10556584	-0.0377955554	-0.1195168572	-0.0036468251	0.0374627234	0.0477051311	-0.0092671172	0.0185630727	0.0322577172	0.016609844	0.0935836068	0.1055355435	-0.0591526549	-0.1543194499	0.014328658	0.0155213877	-0.0226546824	0.0461314272	0.1254088543	-0.060200106	-0.0721775029	-0.0901582987	0.027085105	-0.028743452	-0.1670384032	0.1151971804	0.055512525	0.1146412391	-0.1387379292	-0.1010500672	0.0489650991	0.1001366691	0.0583737899	0.2306800982	0.0928023029	0.0644172391	-0.143646271	0.0246652512	0.1391235329	0.0776759253	0.0463007486	-0.0319979704	0.0020867919	0.0197369232	0.1615944101	0.0137586687	-0.1018175221	-0.0403383756	0.0912870929	-0.0014471291262196	-0.0320375067266097	0.0010264018372575	2.094182707953103e-06	-0.0544008034477343	-0.046085170815914	0.002959447415759	0.0021238429691319	-0.2513839936750557	-0.0801945541811265	0.0631939122760204	0.0064311665203096	0.0011678420601925	0.0025664816713748	1.3638550775546628e-06	6.586828169502788e-06	0.0014969571359639	0.0009590168213675	2.240880666913242e-06	9.197132636658234e-07	-0.0017893765810731	-0.0004447514880786	1.9780388614812915e-07	3.2018685488928566e-06	0.0	0.0	0.0	0.0	0.0	0.0	0.0	0.0	0.0	0.0	0.0	0.0	0.0	0.0	0.0	0.0	0.0	0.0
4462.770302806981	-9.206880561287107	19916318.775615912	84.7666496698064	5432.352325228987	-22.71161520070018	29510451.785420783	515.8174650246755	5140.787881432831	-3.945843790479557	15.56968321886608	26427700.04188666	5259.4706802977125	4032.278113000326	1.415499	27.96229	0.1541495035940532	0.0855392049624253	-0.0433574787	0.0875657504	0.0280304972	-0.0014026261	0.1155119631	0.0165147967	-0.0339265487	0.0394292204	-0.0326427485	-0.0707564261	0.038744534	0.060878389	0.12317882	0.039616033	0.006463314	-0.0271668898	-0.042834745	0.0080515681	-0.0405312921	0.0262034626	-0.0209559248	-0.0779604452	0.0216947621	-0.0230206118	-0.1716553941	-0.1618517144	-0.0343842241	0.0237669661	-0.0157851411	-0.0088943386	-0.0044293867	0.0270675999	0.0253076237	-0.0310048593	0.0303693037	0.0554582698	0.0400280622	0.0857828423	0.0867086629	-0.0114275065	0.0658839256	-0.0113124375	-0.0135839281	0.0899419532	0.0867286373	-0.0539877515	0.0753339515	-0.0206599257	0.0283488258	-0.0367337002	-0.0274643355	0.1275048818	-0.084733864	0.0383258349	-0.0297421144	0.0008506352	-0.0151241324	-0.0368702224	-0.0381897474	-0.0363030799	-0.0943903972	-0.1044449679	-0.0326030814	-0.0280637904	-0.0122549304	-0.1105392859	0.0179239195	0.0322150432	-0.0361793311	-0.0306980669	0.0085509036	-0.0718917171	-0.0579628654	-0.009792937	-0.0839895034	0.0546474655	-0.0172605876	0.0559677846	0.0786545651	0.0029736926	-0.0325115657	0.0119326665	-0.102707623	-0.0351863325	0.0947412111	-0.0064899066829582	-0.0050427775567386	2.5429605486746523e-05	4.21188887535055e-05	-0.0300637155437613	0.0243370879039729	0.0009038269922961	0.0005922938476457	-0.194313329265924	0.0570706644091316	0.0377576699304074	0.0032570607360997	-0.0001037241528449	-0.0012715662130374	1.0758699883392176e-08	1.6168806341382743e-06	0.0014210945891284	-7.586254683549995e-05	2.0195098312500163e-06	5.7551260123684244e-09	-0.0017959272956844	-6.550714611299954e-06	4.291186191869871e-11	3.225354851384282e-06	0.0	0.0	0.0	0.0	0.0	0.0	0.0	0.0	0.0	0.0	0.0	0.0	0.0	0.0	0.0	0.0	0.0	0.0
4470.6024033061285	7.8321004991476	19986285.848446533	61.34179822874809	5481.307248450969	48.954923221982426	30044729.15192114	2396.5845076701944	5144.731357185746	3.94347575291431	15.551001013823084	26468260.737610284	5253.531799803574	4019.103745408389	1.020043	20.150299	0.1307638893258605	0.0854063230113415	0.0148244514	0.0816909783	0.0409376922	-0.0186482341	0.0713573773	-0.0387607152	0.1060205171	-0.0110471063	-0.0156147451	0.0422464957	0.0915472744	0.0406483594	-0.0647865506	0.0095665533	-0.0578723554	-0.0673735566	-0.1677656957	-0.1126162716	-0.0700260686	-0.0190388286	0.0999454633	0.0117855532	0.0610826076	-0.0259797171	0.0664427323	-0.0837817985	-0.1665785203	0.1261392752	0.0569900704	0.0229724958	0.0324795378	-0.0642362318	0.0511096573	-0.0571454688	0.0669592213	-0.076619358	-0.0161135618	-0.0906377147	0.0151085056	0.0375369299	0.0095058023	-0.0292380065	-0.0939828083	0.1341672231	-0.0467429125	-0.1735585407	0.0050134304	0.0973955152	0.0719722602	-0.0270571205	0.0225623329	-0.079551639	-0.1796414613	-0.0475475637	0.0945305109	0.1354648435	0.0178049528	0.0127566293	-0.029602908	0.0615247704	0.0286639768	0.0313365633	0.082376014	0.0960364803	-0.0716433977	-0.0718201887	-0.0110864493	0.1696877044	0.1488914371	0.0317299435	0.1953877701	-0.0820333548	-0.0412968191	0.0688930118	0.0230689702	0.0787119994	0.0188643996	-0.0712324435	0.0762978153	0.1211440856	0.0528486228	0.0101030294	-0.1034725904	-0.029937846	0.0977337597	0.003436315413424	0.0099262220963822	9.852988510670622e-05	1.1808263620535357e-05	-0.0306794822939906	-0.0006157667502292	0.0009412306338272	3.7916869068795205e-07	-0.182975621026145	0.011337708239779	0.0334800778899034	0.0001285436281303	-0.001714629433107	-0.0016109052802621	2.939954092876832e-06	2.5950158219763146e-06	0.0011862572247016	-0.0002348373644268	1.4072062031567424e-06	5.514858773092569e-08	-0.0014639860955839	0.0003319412001005	1.1018496032416025e-07	2.143255288062992e-06	0.0	0.0	0.0	0.0	0.0	0.0	0.0	0.0	0.0	0.0	0.0	0.0	0.0	0.0	0.0	0.0	0.0	0.0
4472.438360979861	1.8359576737320824	20002704.892764226	3.3707405797357186	5455.839900996767	-25.467347454202358	29766189.02530841	648.5857863530671	5137.227458947269	-7.503898238476722	56.308488773414055	26391105.964961816	5257.177732426329	4022.2412424467866	0.957885	18.922409	0.1170683200437093	0.07827333722812	-0.0031447927	0.0420512727	0.0898927749	0.0116941655	-0.0392612047	-0.0227307632	0.0271218355	0.0418551979	-0.0741455739	-0.0546971043	-0.0996160527	-0.0048259978	0.1188947071	-0.0369777792	-0.0504852139	0.0123613695	-0.0885987812	0.0394551254	-0.0154904859	0.0001532825	-0.073929897	0.1549176492	-0.0688485366	0.0207205002	0.0922998618	0.005818152	-0.0986683839	0.016044041	0.0558101634	0.0043295324	-0.0030877385	0.0699836656	-0.0492747012	-0.0757579219	0.0553154852	0.0537701873	0.008163898	0.090993125	0.0572908883	0.0977446421	-0.0272837474	0.0294293105	0.0297482218	0.0613846549	-0.0145911888	-0.0401483745	-0.0409133759	-0.0069176505	-0.1496360152	0.0918658873	-0.0582766354	-0.0827000162	-0.0634592592	0.0147968085	0.0562580294	0.0290009562	-0.027662855	-0.0062038706	-0.0435620585	0.0327922898	-0.0914317073	-0.0861828164	-0.0863517169	0.0291397278	0.0179427154	-0.0412588614	-0.0301210863	-0.0502818404	0.0356352233	0.001853794	0.0052571294	-0.025324327	0.002877055	0.022884145	-0.015956596	-0.026603856	-0.0346895225	-0.0360452573	0.047558754	0.0872957409	-0.001068426	0.0082703149	-0.1041114925	-0.024607302	0.1002501592	0.0037292357702085	0.0002929203567844	8.58023354187587e-08	1.3907199429802583e-05	-0.0142281830303261	0.0164512992636645	0.0002024411923444	0.0002706452474626	-0.1944237519150604	-0.0114481308889153	0.0378005953087289	0.0001310597008497	-0.000276885422945	0.001437744010162	7.666553743943153e-08	2.067107838756709e-06	0.0014212185031536	0.000234961278452	2.01986203370616e-06	5.520680237179831e-08	-0.0015688001976568	-0.0001048141020729	1.09859959933483e-08	2.461134060168015e-06	0.0	0.0	0.0	0.0	0.0	0.0	0.0	0.0	0.0	0.0	0.0	0.0	0.0	0.0	0.0	0.0	0.0	0.0
4479.273424875949	6.835063896088286	20063890.414799917	46.71809846360958	5477.293445245151	21.45354424838388	30000743.485325497	460.25456081736496	5145.65175089729	8.424291950021143	70.96869485919103	26477731.941512343	5254.963051529539	4020.890663158242	0.836399	16.52253	0.2009962789793341	0.0937516203115461	0.0421813085	0.0172230869	0.0981210602	-0.0148687224	-0.0986256667	-0.0037791219	0.0569845717	-0.0561168208	-0.049807565	-0.0010968575	-0.0050437185	0.0209435969	-0.1158850498	0.0708860436	-0.0179750825	0.0733199608	-0.0636194744	-0.0182773725	-0.0023636017	-0.0105459117	-0.0599235415	-0.0096545809	-0.1717165714	-0.0885284294	-0.0893022151	0.0372567953	0.0642429405	0.0681985808	-0.0471853445	-0.1217577324	0.0385334493	0.0872683097	-0.1113742357	-0.0754527238	-0.0884532305	0.0788608066	-0.0313690189	-0.1338846184	0.0374885983	-0.0381238702	0.0015558554	-0.0471830526	0.0267432861	0.097058005	-0.0220027138	-0.0086792279	0.0107857289	-0.0472874626	-0.070323302	0.0414707922	-0.1570767468	0.0205596987	0.1051671518	0.0059548789	0.1240048236	0.0533210864	-0.0513098968	0.039752109	0.0302979414	-0.0428441881	-0.0365416003	-0.0508103359	0.1298180855	0.0533871993	-0.0252774702	-0.0217831738	-0.0924433946	-0.0362138575	0.0656729009	-0.1018335965	0.0093677209	0.0143294965	0.0388552986	0.0594001159	-0.0049711315	-0.0714910074	-0.0300913843	0.0669213316	0.0369653835	0.0905242242	0.0035228431	0.0064350811	-0.1046235507	-0.019209311	0.10227815	-0.0228205685330777	-0.0265498043032861	0.0007048921085427	0.0005207783481728	0.0053671664693126	0.0195953494996387	2.880647590931348e-05	0.0003839777220129	-0.1214618575044212	0.0729618944106391	0.0147529828284243	0.0053234380359892	-0.0007568909612701	-0.0004800055383251	5.72883927252376e-07	2.30405316822769e-07	0.0023536840772835	0.0009324655741298	5.53982873565788e-06	8.694920469374037e-07	-0.0017941137005172	-0.0002253135028604	5.076617457122349e-08	3.2188439703835213e-06	0.0	0.0	0.0	0.0	0.0	0.0	0.0	0.0	0.0	0.0	0.0	0.0	0.0	0.0	0.0	0.0	0.0	0.0
4477.258603551418	-2.0148213245311126	20045844.60307519	4.059504969785307	5461.518197737069	-15.77524750808152	29828181.024213165	248.85843394123225	5141.662052029361	-3.989698867929292	15.917697056756271	26436688.65727878	5256.151091311378	4032.474071418165	0.8751919999999999	17.288874	0.1920072246409281	0.0992609206694954	0.0399428153	-0.0130587848	0.1018274925	-5.1729e-06	-0.1185735697	-0.0025485359	0.0404878242	0.0102621879	-0.0411899698	-0.0394841119	-0.0576096774	-0.0025726904	0.0390394682	-0.0648570454	-0.0964543281	-0.0738289361	-0.1150081139	0.0208598401	-0.0691371565	-0.1330307405	-0.0388969939	0.0172405517	-0.0059504269	-0.0594135977	-0.0053348135	-0.0113638638	0.0246098173	0.1059555759	0.0035500031	-0.0116406457	0.0103845627	0.0641320933	0.0144662676	-0.0307771638	-0.0252866536	0.1264406201	-0.0158042765	0.0059288213	0.0056280335	0.1188054256	-0.0035051511	0.0664918191	-0.0526416693	0.1527876175	-0.0145329837	0.014864119	-0.0625362162	-0.0650957687	-0.0145485141	-0.0185716073	-0.0174154452	0.015016888	0.0506264621	0.0894341943	0.1172884975	0.0538977997	0.0641198413	0.0421484123	-0.0827645899	0.0140479052	-0.133959794	0.0131730052	-0.0502111163	0.0667999916	0.0351911179	-0.0245473904	-0.0839540318	-0.0405189393	0.0285337042	-0.0531562678	0.0067942742	0.0336866361	0.1295276008	0.0256294132	0.0487992637	-0.0732166447	-0.0025765277	0.0681080553	-0.037922484	0.0635647082	-0.0193256002	0.0045978871	-0.1050081413	-0.0137586687	0.1038078519	0.0142916953162028	0.0371122638492805	0.0013773201280186	0.0002042525550111	0.0018975151602234	-0.0034696513090891	3.600563783277636e-06	1.2038480206664394e-05	-0.1369821516067446	-0.0155202941023233	0.0187641098588131	0.0002408795290226	-0.0004961511354187	0.0002607398258513	2.461659491772652e-07	6.798525678501835e-08	0.0009731785149393	-0.0013805055623442	9.470764219394612e-07	1.905795607663276e-06	-0.0007172587811081	0.0010768549194091	1.1596165174555792e-06	5.144601590766772e-07	0.0	0.0	0.0	0.0	0.0	0.0	0.0	0.0	0.0	0.0	0.0	0.0	0.0	0.0	0.0	0.0	0.0	0.0
4481.603005832812	4.34440228139465	20084765.5018897	18.873831182587043	5486.838535492996	25.32033775592663	30105397.114570927	641.1195040742036	5132.862150781924	-8.799901247436537	77.43826196463512	26346273.85892964	5249.923028891551	4022.074201800799	0.865156	17.090601	0.1260178305690299	0.0661024359498742	0.0969030067	-0.0403412435	0.0808044222	-0.0502426082	-0.1023896645	-0.0239324375	0.0889821335	-0.0268147739	-0.0424590821	-0.0079051113	-0.0358642036	-0.066835905	0.0041785125	0.1243145818	-0.0033332878	0.014421467	-0.0979367173	-0.0426871693	-0.0673735535	-0.0508570113	-0.0303582791	-0.0058520595	-0.0103236747	-0.0385136838	-0.012480125	0.1482583835	0.0883603403	-0.1634144465	-0.1366658016	-0.0139198743	-0.0892195302	0.0743654446	0.0662130443	-0.0869310569	-0.0456133929	-0.048993616	-0.0509919224	-0.0122222674	0.1058034663	-0.0446637755	-0.0710654444	0.0181368492	-0.0037503827	0.0866087268	-0.1099276345	-0.0282396411	-0.0786087617	-0.0889404652	0.0174498725	-0.0230172423	-0.0470476104	0.0250978316	0.0727222261	0.0011785946	-0.04134781	-0.0849907189	-0.0279796414	0.0795678386	-0.0843036378	-0.0147382096	0.0078743732	-0.0765551129	0.0505881762	-0.0261740945	-0.0275329778	-0.0282298517	-0.1182610602	-0.0227122411	0.1011893762	-0.086348503	0.0689964691	-0.0138405715	0.0851829875	-0.0495665254	0.0513252667	-0.0697224095	-0.1196428712	0.0366942929	0.0291349594	-0.0169132503	0.0506533482	0.0027592926	-0.1052647956	-0.0082703149	0.1048318124	0.0036466294299231	-0.0106450658862797	0.0001133174277232	1.3297906199181271e-05	0.002798389311053	0.0009008741508295	7.830982736215684e-06	8.115742356329525e-07	-0.112053426090064	0.0249287255166806	0.0125559702985214	0.000621441355886	-0.0015998223291836	-0.0011036711937649	2.5594314849544387e-06	1.2180901039464397e-06	0.0014222665993619	0.0004490880844225	2.022842279660463e-06	2.0168010757036026e-07	-0.0009553628032254	-0.0002381040221173	5.66935253484357e-08	9.127180857866944e-07	0.0	0.0	0.0	0.0	0.0	0.0	0.0	0.0	0.0	0.0	0.0	0.0	0.0	0.0	0.0	0.0	0.0	0.0
4475.117929632013	-6.485076200799085	20026680.48411392	42.0562133301707	5456.433720029634	-30.40481546336196	29772668.94107643	924.4528033610944	5135.505062439281	2.642911657356308	6.984982028589866	26373412.24633948	5252.56488767861	4073.560730589017	1.065702	21.052265	0.0433731527243962	0.0248630415149738	0.0922940193	0.0569462341	0.0833704632	0.05713467	-0.0406229571	0.0191648246	0.0186979495	-0.033934238	-0.049294615	-0.1513592166	-0.0109876697	-0.0574717002	-0.0562203891	-0.0541537516	-0.0417512144	-0.0314106576	-0.0711352158	0.0819894753	-0.0981422541	-0.0525095679	0.0398888645	0.0104406105	0.0018860008	0.0124577691	-0.0370992566	0.0217487425	0.0056385085	0.0570053033	0.1305892936	-0.1066474988	-0.0348177519	0.0595551526	0.0290058422	-0.0659270505	0.0205244468	0.0712482542	-0.0401443366	-0.0290351014	-0.0564683878	0.0474184131	-0.0503051371	0.0902409458	0.0345461183	0.0775572229	0.0261668664	-0.0509862139	-0.0558399985	-0.0303989371	-0.025053602	0.0057967243	0.0630013833	-0.0102394366	-0.008352952	-0.0465666754	0.0017222477	0.0287651356	-0.1373266798	0.0837241597	-0.0566788992	0.0741339381	-0.0004068238	0.0053407039	-0.0019225327	0.1354674188	0.0678148498	-0.0076957674	-0.0439704413	-0.0469692378	0.031062214	-0.0432806339	0.0050180494	-0.0684586199	0.0362585824	0.0105398363	0.0125150048	-0.0052730577	-0.0915957683	-0.0840049705	0.0377952338	0.0715458238	-0.0079410239	0.0009198576	-0.105393201	-0.0027592926	0.1053450429	0.0130922483745763	0.0094456189446531	8.921971724759141e-05	0.0001714069675015	-0.000264278992347	-0.0030626683033999	6.984338579594568e-08	9.379937136651034e-06	-0.113769842324352	-0.001716416234288	0.0129435770225079	2.9460846893274124e-06	-0.001978678373879	-0.0003788560446954	3.915168107256444e-06	1.4353190260224297e-07	0.0014231487106113	8.821112494001096e-07	2.0253522525146057e-06	7.781202563182225e-13	-0.0011585936321217	-0.0002032308288962	4.130276981387713e-08	1.342339204392953e-06	0.0	0.0	0.0	0.0	0.0	0.0	0.0	0.0	0.0	0.0	0.0	0.0	0.0	0.0	0.0	0.0	0.0	0.0
4480.069760671672	4.951831039658828	20071025.060484733	24.520630645328627	5457.913997676455	1.480277646821378	29788825.206032585	2.191221911679036	5141.954579723932	6.449517284650938	41.5962732050112	26439696.899943914	5246.832450492624	4102.522117445705	0.978775	19.335085	0.2597207367129187	0.1183526100171333	0.1305256983	0.0653044178	0.0719065918	0.0604092498	-0.0035404673	0.0557955337	0.0384645619	-0.1218846765	-0.0735437668	-0.0722296966	0.0768955794	-0.0259353915	0.0147463875	0.0771274821	-0.1413092131	0.0581957764	-0.0392660982	0.0205944261	0.0801935223	-0.0366266829	0.0138992197	0.0006441319	0.0331121318	0.0392877483	-0.1072850659	-0.0710224522	-0.0534263885	-0.1154775064	-0.0128274959	-0.0456384117	-0.0653300332	0.0479777191	0.0043221143	-0.0642960331	0.1171069478	-0.0064915962	-0.0950167103	-0.036007309	0.0818014734	0.0077356675	0.1505740812	0.0152965057	0.0627401115	0.1467258952	-0.0241118105	-0.0242561887	0.159942609	0.0648633753	-0.1172042348	0.0216327097	-0.0225155425	0.1202301563	0.0100884946	0.0076323273	-0.0039828278	-0.0556091278	-0.0243368821	0.1014108481	0.0045371109	-0.1666526958	0.0100888887	-0.1235311369	-0.0300550164	0.0579130998	0.0408034538	-0.0355030795	-0.0576578295	0.017963904	-0.054373601	-0.1198374735	0.0398597744	0.092083702	-0.1397501953	0.0506978129	0.0766617478	-0.0521979539	0.1608174952	-0.0419966923	0.0635245995	0.1165568805	-0.0324040889	-0.0009198576	-0.105393201	0.0027592926	0.1053450429	-0.0555489546955954	-0.0686412030701717	0.0047116147589205	0.0030856863677733	0.0348608354457837	0.0351251144381307	0.001215277847978	0.0012337736642917	-0.0829285898826057	0.0308412524417463	0.0068771510199174	0.0009511828521755	-0.0021009357183004	-0.0001222573444214	4.413930892430418e-06	1.4946858264972826e-08	0.002370730470359	0.0009475817597477	5.6203629630886064e-06	8.979111914065481e-07	-0.00259101786321	-0.0014324242310883	2.051839177808908e-06	6.713373567473315e-06	0.0	0.0	0.0	0.0	0.0	0.0	0.0	0.0	0.0	0.0	0.0	0.0	0.0	0.0	0.0	0.0	0.0	0.0
4488.686328499786	8.616567828114057	20148304.95566089	74.24524113649021	5505.641503064386	47.72750538793025	30312088.36026507	2277.9147705549112	5146.30506193329	4.350482209358233	18.926695453942497	26484455.790480204	5290.477548249091	4063.530641316311	1.610698	31.818317	0.3836649380069176	0.2137744005369146	-0.060439296	-0.0793496013	0.0736656692	0.0714363971	-0.0073153149	-0.1123227189	-0.1402160788	0.0230957941	-0.0900109245	-0.0336063728	-0.0564043223	0.0550633386	-0.0781702069	-0.0590679113	0.0216801197	-0.0281144913	0.0533564201	-0.0021844981	0.0934017406	-0.1409420142	-0.0768539582	-0.103620367	0.0419897172	-0.1077646873	0.1371582648	0.0346632104	0.0300895338	-0.0984575797	-0.0456091943	0.0586964796	-0.0749288442	0.1172752634	-0.0697857285	0.057690915	0.0540395852	0.10660321	0.1417499551	-0.0415163251	-0.0858856415	-0.0206564532	-0.0971452992	0.0971547407	0.0375015024	-0.0329284899	-0.1908430958	0.1561895054	-0.0828045412	0.0379840349	0.0397334159	0.0736426571	-0.0149815585	0.1474683632	0.0597729334	0.0418680848	0.0390144691	-0.0782958993	0.1046142611	-0.0545588334	0.0061361065	0.062581101	0.0036837707	-0.0304838822	0.0675616838	0.0868794979	-0.008378902	0.1139865911	0.0524295684	-0.0501281029	0.0397747128	-0.0358018206	-0.0194968579	0.2351989606	-0.0084876098	-0.0586760187	0.0259497392	-0.0511936218	-0.031314554	0.0435182317	0.0477975939	-0.1340968467	-0.0162427803	-0.0027592926	-0.1052647956	0.0082703149	0.1048318124	-0.0372712651375479	0.0182776895580474	0.0003340739355803	0.0013891472049533	-0.0198205761983274	-0.0546814116441111	0.0003928552408337	0.0029900567793927	-0.2719221065034247	-0.1889935166208189	0.0739416320052598	0.0357185493247037	-0.0002257808054101	0.0018751549128903	5.0976972091633445e-08	3.5162059473366287e-06	0.0023658627160074	-4.867754351600261e-06	5.597306390993911e-06	2.369503242752328e-11	-0.0031452415996469	-0.0005542237364368	3.071639500300781e-07	9.89254472014939e-06	0.0	0.0	0.0	0.0	0.0	1.0	0.0	0.0	0.0	0.0	0.0	0.0	0.0	0.0	0.0	0.0	0.0	0.0
4452.548461962525	-36.13786653726129	19825187.806124847	1305.9453978649092	5482.836960365033	-22.80454269935308	30061501.13394487	520.0471677266178	5132.652875462139	-13.652186471151252	186.3821954430853	26344125.53998976	5263.06199752129	4104.27675593727	1.141317	22.546001	0.1345400191633842	0.0716206061562653	-0.0250154657	-0.0617860691	0.1002866607	0.1784669183	-0.069906145	0.0028189087	-0.1214701802	-0.0738494698	-0.1313660271	-0.026056925	0.0325968854	-0.0126107709	0.1144281362	-0.0170686356	0.0422788117	0.0608488967	0.0367217178	0.0522278248	0.0485486437	-0.0014379291	-0.0705427383	-0.0526916046	0.0637294958	-0.1671543819	-0.0781453579	0.0294362878	-0.1662011917	0.0197721064	-0.1174874121	-0.0475166585	0.1752468233	0.0493618521	-0.1729231429	0.0350437146	0.0630744968	-0.0883042389	0.0383466884	0.1523982504	-0.0363648518	-0.0588636245	0.0648661177	0.0201042686	0.1157123386	0.0812836553	-0.0881879067	0.0035666667	-0.0384850037	0.142879549	-0.0585809517	-0.0187857801	-0.2007115365	0.1148642209	-0.0495118157	-0.0618736959	0.003629773	0.1278255299	-0.0883686939	-0.0193139842	0.0249328028	0.0269279859	-0.0640655596	-0.1561258836	-0.0666362223	-0.0249195396	0.0415204127	0.0769639265	-0.0207870193	0.0477085829	-0.0191025404	0.0218912127	-0.1152952479	0.1426576473	-0.0252999392	0.0632754417	0.0869048572	-0.010362843	0.0315814865	-0.1351429061	0.111978198	0.0096032429	0.0495943639	-0.0045978871	-0.1050081413	0.0137586687	0.1038078519	-0.053182817368409	-0.015911552230861	0.0002531774943954	0.0028284120632415	-0.0308882589863088	-0.0110676827879814	0.0009540845432052	0.0001224936022953	-0.206587665588863	0.0653344409145617	0.0426784635734558	0.0042685891696183	-0.0006431378510217	-0.0004173570456115	4.1362629541681045e-07	1.741869035216431e-07	0.0026099606360228	0.0002440979200154	6.81189452158854e-06	5.9583794555844725e-08	-0.0029621697006743	0.0001830718989725	3.3515320193433806e-08	8.774449335592872e-06	0.0	0.0	0.0	0.0	0.0	0.0	0.0	0.0	0.0	0.0	0.0	0.0	0.0	0.0	0.0	0.0	0.0	0.0
4442.494960587736	-10.05350137478854	19735761.474847432	101.07288989287504	5410.711884597252	-72.1250757677808	29275803.098121945	5202.026554508121	5129.985661060287	-2.667214401851197	7.11403266544244	26316752.882684156	5246.1512892406645	4077.327360392673	0.928766	18.347193	0.1262373963955096	0.0624873638496867	0.0284548527	-0.0263783385	0.0993794071	0.1803982395	-0.0006127625	0.1134022113	-0.0537855148	-0.0286633259	-0.0691677519	-0.0074883807	0.0468709487	-0.0675982664	-0.0680801691	0.0224239367	0.0906293086	-0.0056350556	-0.005506058	0.0377102285	0.0019729236	-0.0598883662	-0.0875158225	-0.0477834124	-0.044295243	-0.1165914066	0.0030607265	-0.0905076028	-0.0920995131	0.2149285844	-0.0571850857	0.0038544165	0.1248673233	0.1353593612	-0.0566067016	0.0148747911	0.0375498742	0.0033224925	-0.0581616452	-0.0223625734	-0.0799805467	-0.1183841535	-0.0113948068	-0.0083791645	0.0317849291	0.1056433627	0.0119065524	0.0009532806	0.016550468	0.0080232605	-0.0608893627	0.0487445687	-0.156780354	0.1315238285	0.0383235027	0.0113056898	0.1139861216	0.1798657003	0.0990906025	0.0303436903	0.026913368	0.0240288658	-0.022794664	-0.0984617663	0.1405279568	0.033846678	0.035535818	0.0721524599	-0.0193501357	0.0903825881	-0.0254024277	-0.0203517138	-0.1085478966	0.0956323373	-0.0024576434	-0.0611519042	0.0478952053	-0.0459504903	0.0246524917	-0.0630204715	0.1134551367	0.1313671801	0.0715760158	-0.0064350811	-0.1046235507	0.019209311	0.10227815	-0.0446739284346335	0.0085088889337755	7.240119088732717e-05	0.0019957598817827	-0.0056969903499037	0.0251912686364051	3.245569904689588e-05	0.0006346000155115	-0.1544030015488289	0.052184664040034	0.0238402868872876	0.0027232391609712	-0.0009409827852365	-0.0002978449342148	8.854486021114411e-07	8.871160483741858e-08	0.0027332201634742	0.0001232595274513	7.470492462021933e-06	1.519291110754242e-08	-0.0025762226666346	0.0003859470340397	1.489551130840414e-07	6.636923228081889e-06	0.0	0.0	0.0	0.0	0.0	0.0	0.0	0.0	0.0	0.0	0.0	0.0	0.0	0.0	0.0	0.0	0.0	0.0
4438.406329297793	-4.088631289943805	19699450.743950702	16.716905825107546	5380.975901636584	-29.73598296066757	28954901.65399365	884.2286826371121	5122.188824009607	-7.796837050680551	60.790667994865	26236818.34880892	5240.647599571516	4042.971962414605	0.923566	18.244471	0.1077042475772743	0.0711082005006149	0.0393401736	0.0455349603	0.0779257254	0.1325497823	0.0853438508	0.1364726136	-0.0914912498	0.0733486243	-0.0613185119	-0.0155318713	0.0514248797	-0.0959704856	0.0977275427	-0.0997997941	0.0323537069	0.0391837355	-0.0059894794	0.1101402088	0.0049345572	0.010574329	-0.0069893441	-0.0121858311	0.0122363211	0.0084063346	-0.0268236448	-0.0578360468	-0.0486273369	0.0600919815	-0.0193869874	0.0045592415	-0.0535427872	0.0474123614	-0.1001132621	-0.0657993679	-0.0446494672	-0.0750820189	-0.038545894	0.1523581009	-0.0587639246	0.0453261225	-0.0526995113	0.0427946942	0.108029447	-0.0036891261	0.0499146705	-0.0190289104	0.0477145781	-0.0108916067	-0.0136212446	0.0360435567	0.0155423227	0.0622759516	-0.0485726141	-0.0233321363	-0.0742391837	0.0782055951	-0.0151498225	0.0304551723	-0.0092338476	0.0853359412	-0.0058258661	-0.0958671753	-0.076313908	0.0506362146	0.0946645332	0.0423031844	0.0201188431	0.1141476744	0.0043103807	0.0286260243	-0.1588779269	-0.0573621476	-0.0852600141	0.0095596943	0.0240771737	-0.0233145269	-0.0119279939	-0.0403408581	-0.0254567449	0.0759769962	0.0237046098	-0.0082703149	-0.1041114925	0.024607302	0.1002501592	-0.0463248513165694	-0.0016509228819359	2.7255463620995554e-06	0.0021459918495022	-0.0139752717919918	-0.0082782814420881	0.00019530822166	6.852994363442024e-05	-0.1654639003779792	-0.0110608988291502	0.0273783023282938	0.0001223434829086	-0.002197639173144	-0.0012566563879075	4.829617935337044e-06	1.5791852772687251e-06	0.0027328115317373	-4.086317369001239e-07	7.468258867996367e-06	1.6697989640201205e-13	-0.002099004797797	0.0004772178688375	2.277368943379006e-07	4.405821141174826e-06	0.0	0.0	0.0	0.0	0.0	0.0	0.0	0.0	0.0	0.0	0.0	0.0	0.0	0.0	0.0	0.0	0.0	0.0
4444.033722538404	5.627393240611127	19749435.72705854	31.667554684475803	5375.252572737069	-5.723328899514854	28893340.220716484	32.75649369202191	5120.142079302273	-2.0467447073342555	4.189163897000787	26215854.9122418	5235.493217511759	3989.869043798179	0.938677	18.542969	0.1149229387532988	0.0569085844616124	0.0048216759	0.0890304496	0.0329842493	0.0487600207	0.1172832255	0.130956167	-0.0349800764	0.1183059301	0.0754817155	-0.0211572556	0.0716943649	-0.1270781766	-0.0114296033	0.059254637	0.125614921	0.0391367134	-0.0363239763	0.1089633855	0.0264921379	0.0787094027	0.0018769388	0.0749732018	-0.036826266	-0.0406480823	0.0949926649	-0.0880735818	0.0330963126	0.0190254425	-0.0148585076	0.2102342873	-0.0215952259	-0.0297973257	-0.0297131392	-0.0583787371	-0.1649741442	-0.096708447	-0.0592041681	0.0561096097	0.0069843529	-0.0950207447	-0.1726869582	0.0225253429	0.0772510203	-0.0907250309	0.0590727862	-0.0400196493	0.0378786174	-0.0761731999	-0.0162823103	0.0042154817	0.0445322891	0.0037692191	-0.0259680559	0.0221741722	-0.0279639363	0.0511854888	0.1849414386	0.0118925997	-0.0605421783	0.0690274351	0.1129964098	-0.096878309	0.0827407399	-0.0500244243	0.0276167231	-0.029678622	0.0567065419	0.0619258259	-0.0814423936	0.0303558798	-0.0793681246	-0.0460406705	-0.1408902209	-0.1075868176	0.0482241125	-0.0739842465	-0.0445638086	0.0019414512	-0.0954633221	-0.0005030211	-0.0060407441	-0.0101030294	-0.1034725904	0.029937846	0.0977337597	-0.0329695072440472	0.0133553440725222	0.0001783652152954	0.0010869884079152	-0.0301774154807219	-0.0162021436887301	0.0009106764050961	0.0002625094601102	-0.2098193709241158	-0.0443554705461365	0.0440241684149916	0.0019674077673691	-0.0022452791666215	-4.763999347750028e-05	5.041278536064538e-06	2.2695689785362684e-09	0.0022682093591799	-0.0004646021725573	5.144773697071292e-06	2.1585517874505606e-07	-0.0024069622406803	-0.0003079574428832	9.483778662722081e-08	5.7934672280607295e-06	0.0	0.0	0.0	0.0	0.0	0.0	0.0	0.0	0.0	0.0	0.0	0.0	0.0	0.0	0.0	0.0	0.0	0.0
4453.747671903569	9.713949365165718	19835868.324986465	94.36081226900345	5388.9183501144935	13.665777377424092	29040440.98420072	186.7534713293161	5131.774729463515	11.632650161242054	135.31854977384478	26335111.873960327	5245.615477123717	3939.7781911649945	0.941227	18.593342	0.0804492354783863	0.0418415063205813	-0.0324568149	0.1151542461	-0.0247586694	-0.0348601529	0.1116649145	0.0877503401	-0.0147409503	0.1299091645	0.1075664674	0.0114593917	0.0713693951	-0.0452259037	0.0153840152	-0.1069969451	0.0269223823	-0.060713337	-0.0672782902	0.0459868998	0.0764603315	0.1203516971	0.0784205881	-0.0201907632	0.0202436673	-0.0292574432	0.0834379336	0.0066684146	0.1696512621	-0.0959039089	-0.0524746441	0.0641683063	0.0348805032	-0.0268326474	-0.0097663257	-0.0230928945	-0.0687872176	-0.0690185454	-0.0250737519	0.0545291516	-0.0607429719	0.0698742367	-0.0883603272	0.0234032755	-0.0434962558	-0.0680255423	0.0351919827	-0.0522176337	0.052537617	0.0526927991	0.0900926276	-0.0178775102	0.036412916	-0.007787718	0.0228395735	0.0352250838	0.0868184265	-0.0828775521	0.0367430997	-0.0082609943	-0.0660028187	0.1533650761	0.0798005074	0.0235036459	-0.0540682204	0.0453562828	0.0839848599	-0.0450295663	0.1340966927	0.0106884456	-0.0459286502	0.0239120495	-0.0469542692	0.0001699131	-0.1205337495	-0.1328467518	0.0620080118	-0.1474206548	0.0884219823	-0.0697927453	-0.0649956297	-0.1462838873	-0.0339385949	-0.0119326665	-0.102707623	0.0351863325	0.0947412111	-0.0275592761451974	0.0054102310988498	2.927060054296153e-05	0.0007595137016472	-0.0339137957256525	-0.0037363802449306	0.0011501455405212	1.3960537334707658e-05	-0.2432333721924067	-0.0334140012682909	0.0591624733480898	0.0011164954807573	-0.0023460665431219	-0.0001007873765003	5.504028224755941e-06	1.0158095261833304e-08	0.0018461062289651	-0.0004221031302147	3.4081082086237425e-06	1.7817105253713238e-07	-0.0026418441912914	-0.000234881950611	5.5169530722875215e-08	6.97934073106011e-06	0.0	0.0	0.0	0.0	0.0	0.0	0.0	0.0	0.0	0.0	0.0	0.0	0.0	0.0	0.0	0.0	0.0	0.0
4473.709361617644	19.961689714074964	20014075.45222535	398.46905624100623	5450.500186893858	61.581836779364494	29707952.28732998	3792.3226211202896	5139.553137059451	7.778407595936187	60.50362472851777	26415006.448657643	5255.040212772591	4016.344513254997	1.079006	21.315081	0.2128097123724755	0.1045534550981153	0.0427777264	0.1206327787	-0.0991272545	-0.0429282479	0.0824805146	0.0086766043	0.0343933149	0.0190973678	0.1277191133	0.0371687246	-0.0144182029	-0.0261727279	0.083688355	0.083304749	-0.0702186421	-0.0367663398	-0.0068550161	0.0284138014	-0.0105981685	0.1118232481	0.152332042	-0.1566838077	0.0549323247	-0.0653804883	0.1792047128	0.1209890685	0.0227485596	0.059169721	0.0315622798	0.0073751884	-0.0337196802	-0.1166129337	0.0234576847	0.037251278	0.1054222062	0.025551638	-0.0040884083	0.0566759989	0.1053993965	-0.0129728063	0.0012815134	0.0689554837	0.0278869605	-0.0816321339	-0.0358201629	-0.086268961	-0.066653821	0.1004897634	0.2930167902	0.0157267514	0.0526083785	-0.0483404597	0.0595980085	0.0086039715	0.1568643551	0.0262264962	0.0002434288	0.0436320901	-0.0574946113	0.047419848	0.2389473114	0.0295657409	-0.0469667724	-0.0896748401	-0.0762021939	-0.0860046226	0.0669898269	0.2177470389	0.1263719079	0.2430000101	0.1325146827	-0.017534838	-0.0368885046	0.0035867313	0.0933996591	-0.0740243766	-0.0268661789	-0.0934826497	0.0017598828	-0.0364964069	0.0075252332	-0.0137586687	-0.1018175221	0.0403383756	0.0912870929	-0.0165288966967267	0.0110303794484707	0.0001216692707772	0.000273204426011	-0.045198639981848	-0.0112848442561954	0.0020429170562087	0.0001273477098865	-0.1783353124024174	0.0648980597899893	0.0318034836496678	0.004211758164505	-0.003865904407187	-0.0015198378640651	1.4945216885507871e-05	2.3099071330459664e-06	0.0023877510225551	0.00054164479359	5.701354945712926e-06	2.9337908242315384e-07	-0.0021913982713901	0.0004504459199012	2.0290152675572838e-07	4.802226383851518e-06	0.0	0.0	0.0	0.0	0.0	0.0	0.0	0.0	0.0	0.0	0.0	0.0	0.0	0.0	0.0	0.0	0.0	0.0
4466.757888662645	-6.95147295499919	19951926.03592997	48.32297624408517	5441.577221679688	-8.92296521417029	29610762.65950323	79.61930821329305	5136.685832759877	-2.8673042995742435	8.221433946356942	26385541.344476026	5253.853780644242	4076.453045302691	1.10673	21.862755	0.061526954437691	0.0317348213156902	0.0481806757	-0.027809519	-0.1368874027	0.0605851658	-0.0392063695	0.0525796245	-0.0355448136	-0.0304768669	0.0647794482	0.0001614045	-0.0789296267	-0.0542594554	-0.0954259894	-0.0548652874	-0.0256019489	-0.05471881	0.0038953771	-0.023430462	-0.0297777342	0.1355086796	0.0180330655	-0.0174249909	0.0699600805	-0.0796429272	0.0754202271	0.1928820401	-0.0696777246	0.0434891125	0.0657816956	0.0132304125	-0.0641685256	-0.0133107251	0.0125760798	0.0089243997	-0.0230387036	0.0465800708	-0.0233991647	-0.0483680637	-0.0948216279	0.0058162511	-0.028832282	0.0576510044	-0.0405261305	-0.0973068768	-0.0276774921	-0.0906129366	-0.1281134476	0.0952435074	0.0832900941	-0.0100128982	0.0176949043	-0.0382808056	0.0879766429	0.0149965416	0.0535973875	0.0741963901	-0.0722412036	0.04146939	-0.0218933827	0.098419114	0.1703292519	0.1523945246	-0.0151473094	0.0167737765	0.0386925304	0.0236699589	0.0971544478	0.0271511841	0.0942564774	0.1096295652	-0.0362072221	0.0366316951	-0.0470208166	0.0364261075	0.1100667442	-0.0249694732	0.0174188053	-0.0509665763	0.0864050521	0.0589236764	-0.0058034131	-0.01558048	-0.1008033722	0.0453798541	0.0873882332	-0.0302423839296608	-0.0137134872329341	0.0001880597320878	0.000914601785749	-0.0454761251734794	-0.0002774851916313	0.0020680779607939	7.699803157471432e-08	-0.1729843370530019	0.0053509753494155	0.0299235808656665	2.863293719005238e-05	-0.0034793460110864	0.0003865583961006	1.2105848664862843e-05	1.4942739359586854e-07	0.0024430252517722	5.527422921709985e-05	5.968372380796621e-06	3.0552404155444947e-09	-0.0025932657793466	-0.0004018675079565	1.6149749395116757e-07	6.725027402330128e-06	0.0	0.0	0.0	0.0	0.0	0.0	0.0	0.0	0.0	0.0	0.0	0.0	0.0	0.0	0.0	0.0	0.0	0.0
4473.462820349681	6.704931687036151	20011869.605050925	44.95610892782145	5489.193333277209	47.61611159752101	30131243.450094957	2267.2940836675757	5130.372876946379	-6.312955813497865	39.85341110317649	26320725.856507063	5242.734558731827	4068.775173711284	1.127473	22.272524	0.1650029153749463	0.0913705100395687	0.0630309105	-0.0897317521	-0.0555173757	-0.0253966721	0.0140972748	0.0192827564	-0.0169633693	-0.0421566373	-0.0664102694	0.1723531471	-0.1268386938	-0.0706691737	0.0770944561	0.0440431626	-0.0138611545	-0.0634439239	0.0870532515	-0.00028111	0.0379614076	0.0367981432	-0.0536565141	-0.0417913843	0.0224111579	0.1284325101	0.0992884199	0.057067862	-0.0441621213	-0.0100927228	-0.009136478	-0.0205968148	-0.0632254414	0.1442507437	-0.0522206369	0.1419737104	0.1170027047	0.0358909156	-0.0574764858	0.0882743966	0.0423824235	-0.0303204504	0.0314369217	0.0313683033	-0.0709824719	-0.0773763631	0.0544988206	0.0654265595	-0.0911762767	0.0656414684	0.0141893815	0.1152708148	0.0808591983	0.0244943803	0.0558390986	-0.036306848	-0.0475021106	-0.0393634517	-0.029921414	0.0324259742	0.0043264865	0.0257754503	0.041497377	-0.0053709957	-0.0659971729	-0.1606650223	0.0923075991	0.1815660524	-0.0130048555	-0.0794843909	-0.0530112782	0.140184658	-0.0077416132	0.0349404992	-0.2185997236	0.0680728731	-0.0598652734	0.2382930594	0.0509584403	0.124087638	0.0813722459	-0.0260039591	-0.2551623021	-0.0173975452	-0.099666409	0.0502969496	0.0830636267	-0.0595441672717953	-0.0293017833421344	0.0008585945070293	0.0035455078560915	0.0053099045177731	0.0507860296912524	2.819508598786718e-05	0.0025792208118007	-0.1705242820347976	0.0024600550182042	0.0290785307634832	6.051870692592099e-06	-0.0023162056605608	0.0011631403505255	5.364808662013892e-06	1.3528954750208154e-06	0.0028780739035081	0.0004350486517359	8.283309394054352e-06	1.892673293772244e-07	-0.0026441777235522	-5.091194420560026e-05	2.592026062794154e-09	6.991675833729695e-06	0.0	0.0	0.0	0.0	0.0	0.0	0.0	0.0	0.0	0.0	0.0	0.0	0.0	0.0	0.0	0.0	0.0	0.0
4489.396006262467	15.93318591278603	20154676.50104539	253.8664133314032	5497.221324420798	8.027991143589134	30219442.28966675	64.44864180154556	5140.318882232297	9.946005285918543	98.92302114751963	26422878.211033896	5253.624469404754	4059.4189789855145	1.422309	28.096815	0.4987707662432599	0.2755065292844805	-0.0177616843	-0.1322014195	0.0064573484	-0.1273341798	0.1299536883	-0.0006318541	0.0517379353	-0.0607215335	-0.0848106407	0.1257814483	0.0222019345	-0.00949396	-0.1431561783	0.015746859	0.0514391986	0.1703157099	0.2028333079	-0.0789832817	0.0970642129	-0.0835940869	-0.0106935235	-0.0745119917	-0.0877246626	0.0695622517	-0.0645295808	0.0598959067	0.0496774382	0.0026809211	0.1374987102	-0.0196279451	0.1090172741	0.0417338608	-0.0826273769	0.0408934376	0.0865838729	-0.0148443747	-0.0484706794	-0.1288433152	-0.0655547329	-0.060969995	0.0493926669	-0.1422381414	0.0754489812	-0.1212876548	-0.0520774597	0.2189960629	0.0805041007	-0.0323401522	-0.0267308214	0.066116719	-0.0034837123	0.0371051219	0.0975856882	-0.2177080196	-0.013164787	0.0030483092	0.0004019415	-0.0103834371	0.3132030888	-0.1363359423	-0.0079307716	-0.0091559722	0.0735604903	0.0114596086	-0.0545015428	0.1533351976	-0.0686742706	0.0015690782	-0.0713427109	0.0178228803	0.0199101143	0.0269881912	-0.0271141439	0.1360794522	-0.0606026371	-0.0780555301	-0.0434688133	0.0521915215	-0.0786228891	-0.0203675991	-0.1508707152	-0.019209311	-0.0984080176	0.0550761846	0.0783343427	-0.129321232426534	-0.0697770651547387	0.0048688388216086	0.0167239811563176	0.0043915876893407	-0.0009183168284324	1.9286042433168783e-05	8.43305797382143e-07	-0.1774820649874513	-0.0069577829526537	0.0314998833922098	4.841074361623846e-05	-0.0004048884573121	0.0019113172032487	1.639346628645722e-07	3.6531334514344327e-06	0.0069971191381412	0.0041190452346331	4.8959676233341855e-05	1.6966533644953652e-05	-0.0050361673118191	-0.0023919895882669	5.721614190377255e-06	2.5362981192635224e-05	0.0	0.0	0.0	0.0	0.0	0.0	0.0	0.0	0.0	0.0	0.0	0.0	0.0	0.0	0.0	0.0	0.0	0.0
4486.103539166769	-3.292467095698157	20125124.964124613	10.840339576255058	5491.857821760506	-5.363502660291488	30160502.33443205	28.767160786953863	5136.450904121465	-3.867978110832155	14.961254665876686	26383127.890450217	5270.532306458007	4037.0651174345257	1.39767	27.610088	0.3342933748644454	0.1546779724890043	-0.0937427296	-0.1215566089	0.037489091	-0.1059653648	0.0275582367	-0.057398997	-0.0399497468	0.0545906353	-0.0667072761	0.0054041788	-0.0433798936	0.0493498417	0.0729152644	-0.0261083821	-0.0300889822	0.0447439824	0.2064577537	0.0417777318	0.3357569453	-0.1285748498	-0.0240168987	0.2550630375	0.1062842393	-0.0718230532	0.074112396	-0.0234146516	0.186442145	0.1532374725	-0.0245260567	-0.1857647844	-0.0481221803	0.0043347756	0.0403602832	0.0251925803	0.134039739	-0.0051020819	0.0830661559	0.0329034017	0.0396900467	0.0673293589	0.0161633375	-0.0236020053	0.0577179982	-0.1842963654	-0.1101011919	0.2738759297	0.0856402345	0.1097777415	-0.2138190241	-0.0333537869	0.1794601448	-0.0546720747	0.0106871639	0.1911307021	0.1401165551	0.1417136722	-0.0847823825	-0.0903006061	0.214961834	-0.0665621868	-0.0945253997	-0.0027641983	-0.091916946	0.0029035306	-0.0781716425	0.0704277657	0.0148455639	0.0709877041	-0.0759355529	0.1607618114	0.1059222302	0.3614150494	-0.0895906756	-0.1192198317	0.0480729456	0.1872146989	-0.0815585953	-0.141760504	-0.267214353	0.0877158395	0.0662073125	-0.0210152255	-0.0970297311	0.0597044597	0.0732234215	-0.1047796792938839	0.0245415531326501	0.0006022878301626	0.0109787811929291	-0.0233382969047255	-0.0277298845940662	0.0005446761024131	0.0007689464996002	-0.2813901678739654	-0.1039081028865141	0.0791804265761384	0.0107968938454744	0.0005912702469698	0.0009961587042819	3.496005049517283e-07	9.92332164116594e-07	0.0050468905661602	-0.001950228571981	2.5471104386796828e-05	3.80339148297105e-06	-0.0056520567205805	-0.0006158894087613	3.793197638244661e-07	3.1945745172659194e-05	0.0	0.0	0.0	0.0	0.0	0.0	0.0	0.0	0.0	0.0	0.0	0.0	0.0	0.0	0.0	0.0	0.0	0.0
4485.564436688114	-0.5391024786549679	20120288.31568116	0.29063148249193	5498.680021720097	6.822199959590762	30235481.981263727	46.54241228864019	5160.484955624595	24.03405150313029	577.6356316551191	26630604.97722778	5272.516286712959	4036.541181600957	1.646686	32.529243	0.273012649009969	0.1206753508719425	-0.0517222703	0.0488035907	-0.0936838074	-0.0807760432	-0.0298751332	-0.0126762991	0.085593579	-0.001493532	0.0994908919	0.0742390839	0.2122656576	0.1124206663	-0.1464609116	0.059586751	-0.0600466684	0.2559366875	0.0412815438	-0.006264956	0.0460046188	-0.0080937271	0.0967229547	-0.037606759	0.0663153491	0.1496626141	-0.023129325	-0.0575942993	-0.0205486812	0.0240140523	-0.0358708156	0.071163666	0.0172453504	-0.1679126646	0.0432102585	0.0860866923	0.2203032045	-0.0451684141	0.0082460015	-0.2214053175	0.0375986622	0.002825431	0.0879198368	-0.1626236519	0.1764696972	0.0160526954	-0.006053668	0.0501172359	0.0931124057	0.0243393836	0.1007157288	-0.0343918896	0.0516869223	-0.045979886	-0.0245414328	-0.0133025858	-0.1123383616	-0.0580472457	0.1187191768	-0.0299088956	0.2943949098	-0.0931106394	0.0587903191	-0.046908844	0.0801005574	0.0112353168	-0.0265442949	-0.0714891325	0.0237449008	-0.0091887538	-0.0126141679	-0.1108484712	-0.0037960182	0.0228146969	-0.0024933373	0.0083945965	0.0350162216	-0.0162628596	0.1353258647	-0.0188494059	0.0582435028	-0.1472072228	-0.022128826	-0.0228147385	-0.0955332289	0.0641690889	0.0677557633	-0.1401358227928426	-0.0353561434989586	0.0012500568831189	0.0196380488298269	0.0152319579629818	0.0385702548677073	0.000232012543386	0.0014876645605598	-0.2025890504592524	0.078801117414713	0.0410423233659815	0.0062096161058073	-0.000774294238158	-0.0013655644851278	5.995315672446775e-07	1.8647663630423531e-06	0.0059738131770192	0.0009269226108589	3.568644387392823e-05	8.591855265216648e-07	-0.0057652722891655	-0.000113215568585	1.2817764970024864e-08	3.32383645682196e-05	0.0	0.0	0.0	0.0	0.0	0.0	1.0	0.0	0.0	0.0	0.0	0.0	0.0	0.0	0.0	0.0	0.0	0.0
4479.647646830143	-5.916789857971708	20067243.039750837	35.00840222339686	5460.30756330819	-38.372458411907246	29814958.685920622	1472.445564573551	5156.843680426247	-3.641275198348012	13.258885070104354	26593036.744352125	5273.4944075929125	4058.137614217784	1.113895	22.004284	0.1623586191620105	0.0791168073328105	-0.0257504828	0.0945119758	0.0028886502	-0.0158742882	0.0909939459	0.0335765191	-0.0273741933	-0.014745794	-0.0006563111	-0.0739204573	0.024445395	0.1114104049	-0.0463858628	-0.1117123302	-0.0864770021	0.1871218693	0.1229515537	0.1224154255	0.0085497268	-0.0046119726	0.0717626232	-0.1149405544	-0.0261248716	0.0128090523	-0.0458395056	-0.050717378	0.0643293279	-0.1394873478	-0.1374299787	-0.0138273363	0.0353312613	0.0361424924	-0.0423348278	0.0191336928	-0.08787297	0.0511304303	0.0571021623	-0.0689670816	-0.0719569506	0.097012393	0.110656729	-0.0414460074	0.2201482962	-0.009130662	0.0700248442	0.0908973536	0.0658497867	-0.0415698612	0.0895781308	0.025508492	0.0320217326	0.0590404345	0.0495357915	0.075233398	-0.0225225146	-0.1102046469	-0.0043859282	-0.0013292248	0.2473529132	-0.0285510813	-0.0424516156	-0.0740385684	-0.059842047	0.0964748301	0.0207495338	-0.1140557889	0.0159306312	0.0648738422	0.0247663629	-0.0664118161	-0.0984082085	-0.0723085104	0.07428993	0.0379932073	-0.0537162188	0.1469003804	-0.0213096798	0.0208050728	-0.0449754065	-0.0932743337	-0.0090299519	-0.024607302	-0.0939203342	0.0684578352	0.0619580057	-0.1120338287152691	0.0281019940775734	0.0007897220711359	0.0125515787766022	0.0067602401563817	-0.0084717178066001	4.570084697195567e-05	7.17700025946652e-05	-0.1478730998057855	0.0547159506534669	0.0218664536461718	0.0029938352559126	-0.0009926381247809	-0.0002183438866228	9.853304467685414e-07	4.767405282559379e-08	0.0053471405619085	-0.0006266726151107	2.859191218880715e-05	3.927185665296838e-07	-0.0051889096584117	0.0005763626307537	3.321938821294405e-07	2.692478344315823e-05	0.0	0.0	0.0	0.0	0.0	0.0	0.0	0.0	0.0	0.0	0.0	0.0	0.0	0.0	0.0	0.0	0.0	0.0
4474.660123413647	-4.9875234164956055	20022583.220068235	24.875389830092	5455.58743433459	-4.720128973599458	29763434.25366948	22.27961752741307	5145.667787436582	-11.175892989665044	124.90058411644428	26477896.97866249	5261.14778274658	4109.958815243607	1.093708	21.605503	0.1197800362900108	0.088099756638588	-0.0082479941	0.08329321	-0.0802903753	0.0672721104	0.0898092471	0.0535203518	-0.0613453505	-0.0859584186	0.1175337863	-0.0204397484	0.0341220953	0.0166054656	-0.0489450307	0.0911434882	-0.0257332774	0.1335320058	0.1483445671	0.0586212283	-0.0373842719	0.0265461389	0.1412107842	0.0626562474	-0.0363366721	0.0035201046	-0.1106676355	-0.0313887641	-0.1016798551	-0.1279348145	-0.050346886	0.0869807427	-0.0797931657	0.0397706438	0.0427175912	0.0524844524	-0.0300913864	0.0311528783	-0.0189893599	-0.0614182944	0.0201456841	-0.100495852	0.1138722056	-0.0038112763	0.1766596738	-0.0686346303	-0.0090034285	0.0086245918	0.0891117628	-0.0861335446	0.0101303021	-0.0480393467	-0.0099133716	-0.0557545857	0.007238849	0.0429068654	-0.099757253	-0.091872695	-0.0678455115	0.0422433351	0.2206839846	-0.0924234359	-0.0300350769	-0.0796791843	0.0873996987	-0.0846564354	0.0111309137	-0.1424008648	0.0233215383	0.0609296477	0.0294894543	0.000718271	-0.1021463318	-0.0006592017	0.10634799	-0.0361718637	-0.0506423303	0.0295257953	0.0507593825	0.0239790445	-0.0384797388	-0.1139148835	0.0506206207	-0.0263923698	-0.092193012	0.0725589432	0.055858395	-0.1017390731778959	0.0102947555373731	0.0001059819915742	0.0103508390110972	-0.0024228836587809	-0.0091831238151626	5.87036522398752e-06	8.432976300460652e-05	-0.0635840493166455	0.08428905048914	0.0040429313275016	0.0071046440323607	-0.0010208991759202	-2.826105113930017e-05	1.0422351273945435e-06	7.986870114981395e-10	0.0050552021305187	-0.0002919384313898	2.5555068580400804e-05	8.522804772233699e-08	-0.0051889723048493	-6.26464375999558e-08	3.924576143965157e-15	2.692543358049306e-05	0.0	0.0	0.0	0.0	0.0	0.0	0.0	0.0	0.0	0.0	0.0	0.0	0.0	0.0	0.0	0.0	0.0	0.0
4474.014682234994	-0.645441178652618	20016807.376854297	0.4165943151004806	5432.3104433257	-23.27699100889004	29509996.752665468	541.8183104279476	5135.857473739071	-9.810313697511448	96.24225484358072	26377031.99056147	5247.961009322442	4111.967197457656	0.991033	19.577227	0.1482287695397511	0.0830176517784131	0.0490144706	0.026329364	-0.1278028083	0.0835574057	-0.0065800015	0.0943772183	-0.0183246405	-0.0516076563	0.142237078	0.0685148884	-0.0911937117	-0.050625191	-0.0803194645	-0.0625323971	-0.0137037112	0.119589432	0.1071997236	0.0282478194	0.0181514049	0.1179194489	0.0799450514	0.0555329061	-0.1094599138	-0.0029215332	-0.0206793402	0.0338353696	0.0199577792	-0.074102678	0.1464286367	-0.0220779	-0.0254618951	0.0398279281	0.105044162	0.0050842282	-0.1493132171	-0.0369548549	-0.0591467655	-0.0422170988	-0.0995093652	0.0178133763	0.0206029497	-0.0141972949	0.1072174706	-0.1715897307	-0.0165222494	-0.0471038949	0.0769835175	-0.0761173056	-0.0135928401	0.0140775789	-0.0034070262	-0.0506977658	-0.0035711142	-0.0287447858	-0.0381126227	-0.0725417932	-0.1158472474	0.0807733855	0.1698374098	-0.0066471887	-0.00301416	0.0410839689	0.0233952186	0.0446551283	0.1341786919	-0.0318509157	0.1176481168	-0.0384801673	-0.0537358844	0.0528395517	-0.1016276175	0.0369986305	0.0950162624	-0.0492671209	-0.0372102635	0.0749253746	0.0212479862	0.1067094659	0.0334071065	-0.0925859534	0.0227702108	-0.0281693982	-0.0903533669	0.0764611723	0.0494866478	-0.0861392036356107	0.0155998695422852	0.0002433559297363	0.0074199624029772	-0.0025934153698017	-0.0001705317110208	6.725803280323689e-06	2.9081064463681712e-08	-0.0645281176708607	-0.0009440683542151	0.0041638779701444	8.912650574305797e-07	-0.00213403509777	-0.0011131359218497	4.554105798514213e-06	1.2390715805124034e-06	0.0046249178866835	-0.0004302842438351	2.1389865458564973e-05	1.851445304928297e-07	-0.0041021064718897	0.0010868658329596	1.181277338854965e-06	1.6827277506719366e-05	0.0	0.0	0.0	0.0	0.0	0.0	0.0	0.0	0.0	0.0	0.0	0.0	0.0	0.0	0.0	0.0	0.0	0.0
4469.025632034705	-4.989050200289057	19972190.0997832	24.89062190100428	5427.5450801454745	-4.765363180225904	29458245.597011343	22.708686239452742	5136.469393451803	0.611919712731833	0.374445734829809	26383317.82986713	5249.769046309329	4097.524016026732	0.8035259999999999	15.873156	0.0396824731587046	0.0271182306680052	0.0415236659	0.0002249001	-0.1216588521	0.0616556825	-0.0362524831	0.1071358422	-0.0371650702	-0.053423107	0.125989945	0.0491033148	-0.1209701039	-0.0396498806	0.0546838629	0.1029219323	-0.0041187667	0.1744194247	0.0821412385	-0.0689545608	-0.0629565878	0.1561444218	0.0700103747	0.0573794463	-0.0293914388	0.0281457057	-0.0295040343	-0.0469891413	-0.045597481	-0.0215486048	0.0346165531	-0.0682237246	0.0261495264	0.0300742344	0.0023883582	-0.0347722877	0.1439816114	0.0812399326	-0.0452443641	0.0295725472	0.0917419185	-0.0524152507	0.042803523	-0.0713032532	0.1063253614	-0.1642650788	-0.0482195553	-0.0865753317	0.0228638582	-0.0933635752	-0.014228189	0.0308302778	0.0046178669	0.017414508	-0.0501471795	0.0035609749	-0.1260724096	-0.0309669328	-0.1343635367	0.0682445014	0.1437341367	-0.0470734821	0.0197828889	-0.0609700132	-0.0210266262	-0.1421820925	0.0887666151	-0.0672508165	0.0614599453	-0.0130360653	0.0055835353	-0.0112179758	-0.1047263983	-0.0038624564	0.0680842437	-0.0033888695	0.0171798943	0.0814997774	0.0092349154	0.1119039918	0.0832218812	-0.0194538638	0.0281900207	-0.029937846	-0.08840364	0.0801538266	0.0428738067	-0.0861098327137455	2.937092186519608e-05	8.626510512114528e-10	0.0074149032899892	-0.0021742601875445	0.0004191551822572	4.727407363141043e-06	1.756910668130668e-07	-0.0803215910913479	-0.0157934734204872	0.0064515579954456	0.0002494338026836	-0.0025404007722346	-0.0004063656744646	6.453636083570152e-06	1.651330613830694e-07	0.0046383176663395	1.3399779656000229e-05	2.1513990773877107e-05	1.7955409482935756e-10	-0.004151150490451	-4.904401856129989e-05	2.4053157566411283e-09	1.723205039437158e-05	0.0	0.0	0.0	0.0	0.0	0.0	0.0	0.0	0.0	0.0	0.0	0.0	0.0	0.0	0.0	0.0	0.0	0.0
4478.612052440291	9.586420405586068	20057965.91626344	91.89945619263696	5426.498512425916	-1.0465677195588796	29446886.10536068	1.0953039916226737	5142.34721097798	5.877817526176841	34.54873887103164	26443734.838253006	5261.116622385441	4090.32041667448	0.811189	16.024523	0.111247823415064	0.0576644795356163	0.044239289	-0.0089284203	-0.1205902375	0.0267877533	-0.0449579979	0.1004192192	-0.014600799	0.0242216843	0.0965772932	0.093344402	-0.1393048288	-0.0250583648	-0.1374951958	-0.0465554572	-0.0142404063	0.0068090565	0.0704518111	-0.0042693619	0.0182710104	0.1257383794	-0.065320971	-0.1379815207	-0.0299549338	-0.0460713524	-0.0066300728	0.0061578792	-0.0690019135	-0.0354374367	0.1468004128	-0.0084811584	-0.1273948646	-0.096111524	-0.0943451083	-0.0066746775	0.0269208963	0.0454904802	-0.0123093516	-0.1036405986	-0.0784389524	0.0161216037	-0.0629066565	0.0400437624	0.0082947742	-0.1671631212	-0.0007442445	0.029039597	-0.0818601097	-0.0336701117	0.1055798966	0.0233362285	-0.0792401612	0.1136583391	-0.0409386471	0.0388847923	-0.0972572784	-0.0320672489	-0.1269191716	0.0489997167	0.0524826488	0.0059731629	0.0422868281	0.0768411385	0.0776461344	-0.0076552908	0.1243013022	0.002507641	0.0823806069	-0.0898223011	0.0344213963	0.056022784	-0.0744537984	0.0739000146	0.0745033014	-0.0136226368	-0.0267049208	0.0348655743	0.012769795	0.0803151764	-0.0024836009	0.009586528	-0.015744695	-0.0316971744	-0.086346207	0.0836267848	0.0360520886	-0.0873898972573528	-0.0012800645436072	1.6385652358005538e-06	0.0076369941426506	0.0034351617084666	0.0056094218960111	1.180033596331517e-05	3.1465614007448764e-05	-0.1154939756215185	-0.0351723845301706	0.0133388584048639	0.0012370966335381	-0.0024660415583928	7.435921384180014e-05	6.081360967720389e-06	5.529292683170561e-09	0.0039209203356636	-0.0007173973306759	1.5373616278620356e-05	5.146589300609074e-07	-0.0035591879860632	0.0005919625043878	3.5041960660107653e-07	1.2667819120136615e-05	0.0	0.0	0.0	0.0	0.0	0.0	0.0	0.0	0.0	0.0	0.0	0.0	0.0	0.0	0.0	0.0	0.0	0.0
4480.872122901833	2.260070461541545	20078214.98179878	5.107918491132613	5448.180842537716	21.682330111800184	29682674.49299497	470.12343907707697	5142.88303513601	0.535824158030664	0.2871075283292699	26449245.913089786	5259.420813252744	4066.423105484978	0.767533	15.162119	0.0596050570743938	0.029230621412723	0.0225254858	-0.0113165405	-0.0993118171	0.0204198426	-0.0565098616	0.0595408478	0.0131794586	0.016005301	0.091900981	0.1175927008	-0.1456029119	-0.0001150771	0.0950170784	0.0343189991	-0.1037080105	0.0855157417	0.1743974216	0.0390858455	-0.1283710075	0.0083115603	-0.1389227711	0.0157180772	-0.0114520434	0.0053379486	0.0686407443	-0.0203835266	0.0680391721	-0.0105188706	0.1390163265	0.0712483355	-0.0132824373	-0.0780230666	0.0072721935	0.0772421738	-0.0471423293	0.0638379986	-0.0052459932	0.0430673679	0.0871213003	0.0572205558	0.0835354561	0.0245473005	0.0886227116	-0.1641770833	0.0372522458	0.0701710999	-0.1856202176	-0.1518919888	0.012460975	-0.0104607577	0.0285527701	0.0082867813	-0.0445806602	-0.0317109028	-0.0265222177	-0.0333315597	0.052414381	0.0431901401	0.0582914121	-0.0039184689	0.0017138055	-0.0101531346	-0.0741375106	-0.1366547262	0.1081893279	-0.0525875698	0.0471479448	-0.0642383184	0.0326792453	-0.0061518523	-0.0439694359	0.0504232124	0.1295674074	0.0204011079	0.0063294082	0.0580320983	-0.060764415	0.0127530246	-0.0573778677	0.0726926254	0.0493633977	-0.0334468475	-0.0841835744	0.0868705278	0.0290547284	-0.067110560239314	0.0202793370180388	0.0004112515098911	0.0045038272956345	0.000380931458821	-0.0030542302496456	1.4510877631949526e-07	9.328322417850223e-06	-0.126175691577643	-0.0106817159561244	0.0159203051450964	0.0001140990557673	-0.0021384283557962	0.0003276132025965	4.57287583287324e-06	1.073304105156007e-07	0.0038559570920468	-6.496324361679982e-05	1.4868405095706014e-05	4.220223021215683e-09	-0.0036784070168615	-0.0001192190307982	1.421317730448599e-08	1.3530678181695918e-05	0.0	0.0	0.0	0.0	0.0	0.0	0.0	0.0	0.0	0.0	0.0	0.0	0.0	0.0	0.0	0.0	0.0	0.0
4492.14191415799	11.269791256157076	20179338.97693501	127.00819495735452	5482.679119241649	34.49827670393279	30059770.32456838	1190.1310955411118	5145.71516631922	2.83213118320964	8.020967038908434	26478384.57288764	5256.71586680222	4094.114206919818	1.015537	20.0613	0.2404487164678911	0.1280270735532456	0.1078542287	-0.0249199059	-0.109335616	-0.037235818	-0.0527269455	0.0332350164	0.0601670126	-0.1053195677	0.0971355995	0.0665190645	-0.103397124	-0.0061660574	-0.1336150875	0.0807611883	-0.058262054	0.0680116541	0.0421660885	-0.0892407033	-0.1569611604	0.042335394	-0.0119609859	0.056615167	-0.1117531062	-0.0056099229	0.0705133527	-0.0264113109	0.008422652	0.0330527935	0.0267662398	0.0082807135	-0.0242568785	-0.0143194761	0.0012426668	-0.0621677871	0.0049708269	0.0006442569	-0.0428023848	-0.1455011317	0.0120902898	-0.0406664845	0.0436809455	-0.027815316	0.0171115113	-0.0667512165	-0.0479119078	-0.0665434354	-0.135333468	-0.1078373845	0.0203449957	0.0499128527	-0.016504271	-0.1045523638	-0.0334378487	-0.0308705903	-0.0326718376	0.0617025897	-0.0362311786	0.1033740141	0.0764216935	-0.0545027457	0.1292420604	0.0669254439	0.0568504306	-0.0408580666	0.0088176272	0.0243744857	0.0534024812	-0.048638367	0.1751348647	-0.0298730937	-0.010313987	-0.0599573615	0.1132839042	-0.0169540298	0.0170068295	0.0575138594	-0.0204912915	-0.0358401164	-0.01841595	0.0375909893	0.0134336905	-0.0351863325	-0.0819183771	0.0898761648	0.0219158165	-0.0651241917198888	0.0019863685194251	3.945659894963459e-06	0.0042411603471688	-0.0001612545653415	-0.0005421860241625	2.6003034843476096e-08	2.93965684797139e-07	-0.0561388964637146	0.0700367951139284	0.0031515756961636	0.0049051526698303	-0.0040490591718535	-0.0019106308160572	1.639488017717095e-05	3.650510115267784e-06	0.0049132943796712	0.0010573372876244	2.4140461661308604e-05	1.1179621398009236e-06	-0.0040681062493873	-0.0003896992325258	1.5186549183119766e-07	1.6549488456304006e-05	0.0	0.0	0.0	0.0	0.0	0.0	0.0	0.0	0.0	0.0	0.0	0.0	0.0	0.0	0.0	0.0	0.0	0.0
4488.685770018505	-3.456144139485332	20148299.941966616	11.944932312898803	5483.082376414332	0.4032571726838796	30064192.346545443	0.1626163473209963	5138.63626377982	-7.078902539399678	50.11086116231921	26405582.65143303	5248.901949561716	4078.573356188911	0.747402	14.764462	0.0440597095921701	0.0207708841371104	0.1058180065	-0.0399482966	-0.104854974	-0.062690406	-0.048201121	0.0509548225	0.0837806667	-0.0902370255	0.062722505	0.0542942672	-0.1034004816	-0.031189311	0.0382861061	-0.0684774718	-0.1089360459	0.0786728495	0.0136972251	-0.1054054899	-0.0245496791	0.0537240657	0.0336209184	0.0362102398	-0.0970045544	0.0730306765	0.0093645508	0.0332032379	-0.1507709464	-0.057909872	0.0366070843	-0.0379514447	-0.0439682734	0.0116196871	0.0041772818	-0.1020461062	-0.0522202253	-0.0316793991	-0.0626121504	0.0080418703	-0.0040732246	0.1278124721	0.0731120023	-0.0412727232	-0.0088586154	-0.0640498648	-0.0377943121	-0.0198179995	0.0138964768	-0.0747492337	0.0088131891	0.0621801736	-0.0454857116	-0.0908259757	-0.0596342486	-0.0237195754	-0.120850529	-0.0004332922	-0.1302420831	0.0983781077	0.046324485	-0.0484222058	0.0452441176	0.0539023358	-0.1226599156	-0.0424921689	0.1317789105	0.0364021839	0.070350128	-0.1166232175	0.036881359	-0.0324295384	0.0446299391	-0.0800952161	0.1382997157	0.0057057382	0.0206447812	-0.0317969839	-0.0118946052	-0.0276307786	-0.063463821	0.05395628	-0.0179765914	-0.0369150993	-0.0795533748	0.0926354574	0.0146701329	-0.0566332571507786	0.0084909345691102	7.209596985691065e-05	0.0032073258155062	-0.0006996469198981	-0.0005383923545566	4.895058125228984e-07	2.898663274449996e-07	-0.0666116101093479	-0.0104727136456332	0.0044371066013597	0.0001096777311034	-0.0039925201673053	5.653900454819991e-05	1.5940217286339542e-05	3.196659035301369e-09	0.0047276774165698	-0.0001856169631014	2.23509337551441e-05	3.4453656990986595e-08	-0.0038191088365795	0.0002489974128078	6.199971158497798e-08	1.4585592305639624e-05	0.0	0.0	0.0	0.0	0.0	0.0	0.0	0.0	0.0	0.0	0.0	0.0	0.0	0.0	0.0	0.0	0.0	0.0
4524.665941723454	35.9801717049495	20472601.88419219	1294.5727559176485	5529.432112068966	46.34973565463315	30574619.481979463	2148.2979952543715	5157.6898178601305	19.05355408031028	363.0379230913084	26601764.257258065	5283.477977791833	4121.615635205583	1.359405	26.854191	0.2553827656686539	0.146606389870274	0.0511342127	0.0420405563	-0.1090196492	-0.0910175998	-0.0327929555	-0.0587045734	0.109822103	-0.0288507596	0.0162203102	-0.0795005771	-0.0671251	0.1132171638	-0.0207191104	0.0815934481	-0.0242838894	-0.1238097708	-0.0980534796	-0.1124546879	0.1832655105	0.0327325885	0.1611577866	-0.0730350322	-0.2191454261	0.0607680265	-0.0383594316	-0.1568360597	-0.0755911744	-0.0343770032	-0.1159570926	-0.0852771214	-0.0039537254	-0.0591614784	0.0057973392	-0.0721713673	-0.0093959407	0.0940703089	0.0843467024	-0.0972222069	0.12731316	0.0150438419	-0.0360533805	0.0379555857	-0.1668461209	-0.0179066746	-0.0213339618	0.0167443454	0.2886266853	-0.0560274664	0.1336844316	0.1794200482	-0.0794053145	-0.06645717	-0.0386326136	0.1047632205	-0.0276452106	-0.065533169	-0.0690095347	-0.0172344006	-0.1299394124	-0.2604620972	0.1670955492	0.0107066854	-0.0212184025	0.0354514291	0.0471416264	-0.0256308305	0.0319500598	-0.0185250858	0.0316629921	0.007109236	0.0888454534	0.0525546422	0.0555572452	-0.0073825973	-0.1392479837	-0.164193285	0.1120717215	0.0800777317	0.0865730886	-0.0153467941	-0.0093120307	-0.0386326214	-0.0770914491	0.0951408427	0.007352978	-0.0569833803882318	-0.0003501232374532	1.225862814047125e-07	0.0032471056404699	-0.019868949676649	-0.0191693027567509	0.0003947751612532	0.0003674621681799	-0.2034234979186777	-0.1368118878093298	0.0413811195054702	0.0187174926459526	-0.0029479631583451	0.0010445570089602	8.690486782960018e-06	1.0910993449678791e-06	0.0044002720474487	-0.0003274053691211	1.9362394091558373e-05	1.071942757293239e-07	-0.0032100421773584	0.0006090666592211	3.7096219537475173e-07	1.0304370780419856e-05	0.0	0.0	0.0	0.0	0.0	0.0	0.0	0.0	0.0	0.0	0.0	0.0	0.0	0.0	0.0	0.0	0.0	0.0
4529.920529418348	5.254587694894326	20520180.00284581	27.610691843334862	5616.911494814116	87.47938274515036	31549694.740574945	7652.64240547251	5160.597473671605	2.907655811474797	8.45446231800316	26631766.285265755	5292.829545581082	4004.579090293084	1.757563	34.71954	0.2245909548006764	0.1229744232973334	-0.1288913922	0.0602264859	0.0282373074	-0.1564728667	-0.1084320951	-0.2394415871	-0.005912743	0.0480341428	-0.1013634235	-0.0087308454	-0.1691459967	0.1337548763	0.04948999	-0.0766113857	0.0408943401	0.0154260217	-0.2598512418	-0.0769074464	0.0253341452	0.1027098591	-0.0453045	-0.0886760861	-0.1431480837	0.0324595292	0.0819737126	0.1193295336	0.001516618	0.012587336	0.0901400378	-0.0759289933	-0.0298203332	0.0113565134	0.0544178095	-0.0017679056	-0.0274940822	-0.0023148468	0.1605872731	0.0188325377	0.0388749306	0.1273285489	-0.1298284812	-0.078336246	-0.0777234687	0.0395994093	-0.1087892029	-0.1786272685	-0.0172707882	0.0644621095	-0.0196606167	0.1068526833	-0.1421411856	-0.039035839	0.1820181291	-0.0980996705	0.0347929651	-0.0895355236	0.0115089453	-0.1342628922	-0.0361540819	0.1095425469	0.0292851608	0.0916247586	-0.0720527552	0.0186319889	0.0261901908	0.0083927917	-0.0709424783	-0.1203081821	0.2460324006	0.0541677493	0.1094212604	-0.135513014	0.0621250776	0.0876874985	-0.0152174348	0.0229777161	0.1364261734	0.095304144	-0.0570985345	-0.0825190959	-0.0426980977	-0.0403383756	-0.0745355992	0.0973854535	0.0	-0.0851620963408379	-0.0281787159526061	0.0007940400327376	0.0072525826531661	-0.0217570756501856	-0.0018881259735365	0.0004733703408478	3.565019691943532e-06	-0.3044006159586914	-0.1009771180400136	0.0926597349960307	0.0101963783676668	-0.0015389384616549	0.0014090246966902	2.36833158876075e-06	1.9853505958829104e-06	0.0041431511275882	-0.0002571209198604	1.7165701266035373e-05	6.61111674299096e-08	-0.0034148364574981	-0.0002047942801396	4.1940697177937916e-08	1.1661108031458171e-05	0.0	0.0	0.0	0.0	0.0	0.0	0.0	1.0	0.0	0.0	0.0	0.0	0.0	0.0	0.0	0.0	0.0	0.0
4532.957442409577	3.0369129912287463	20547703.17469637	9.222840516293932	5575.281103515625	-41.6303912984913	31083759.3832184	1733.0894796655004	5159.421672181968	-1.1758014896377065	1.382509143034249	26619631.99138097	5270.211612296893	4097.701989899358	1.597232	31.552298	0.1892216268618527	0.0975303933920206	-0.0223189644	-0.1105607559	-0.0074675958	-0.1464956817	-0.0422581744	-0.1161086575	0.0814293212	-0.0514446228	-0.0539004157	0.0273850959	-0.0662056107	0.1062261473	0.0429895615	0.1118505607	-0.0396608688	-0.1546620884	-0.0517131171	-0.0974823895	-0.1196130401	-0.0050771503	-0.1072794372	0.0134121511	-0.0941463535	-0.0214308069	-0.0632296763	0.1196518506	0.0681549405	-0.0700995739	0.013134637	0.0135476346	0.0431668536	-0.0593728275	-0.0270667225	0.0891332428	0.1251969664	0.0878528874	0.0222501873	-0.0350020711	0.145601624	-0.0263874735	0.0893739161	-0.0342324765	-0.2391770099	0.0587225134	0.0907172364	-0.0212489038	-0.091029973	-0.0773400728	-0.0191916491	-0.0657558116	-0.1118713741	-0.0590707162	0.100269681	-0.0626251953	0.095180255	-0.0898120505	-0.0301368845	-0.0839665372	-0.1587399401	-0.149218121	-0.043691316	0.0286536669	-0.0141895905	-0.0579391823	0.0698753746	-0.0110099644	-0.099247354	-0.0915312687	0.1816792443	-0.0164120602	0.1580291903	0.0347138686	-0.0744074359	0.0156979963	-0.1789560226	0.043606676	0.0305936702	0.1146819574	0.0718138464	0.0647949863	0.0117247508	-0.0420318424	-0.0718889393	0.0993631376	-0.007352978	-0.0552989067924869	0.029863189548351	0.0008918100900007	0.0030579690924441	-0.0059980729958226	0.015759002654363	3.5976879663216295e-05	0.0002483461646602	-0.2381789764395776	0.0662216395191137	0.0567292248178048	0.0043853055405994	-0.001119839140877	0.0004190993207778	1.2540397014401377e-06	1.7564424067649708e-07	0.0032168156507159	-0.0009263354768722	1.034790293069076e-05	8.580974157122311e-07	-0.0032127153523478	0.0002021211051502	4.085294114717859e-08	1.0321539935211248e-05	0.0	0.0	0.0	0.0	0.0	0.0	0.0	0.0	1.0	0.0	0.0	0.0	0.0	0.0	0.0	0.0	0.0	0.0
4534.537493189227	1.5800507796493548	20562030.27713884	2.496560466270534	5710.717162244073	135.4360587284482	32612290.507149	18342.926003895667	5175.432374311852	16.01070212988452	256.3425826918888	26785100.261075214	5333.2869348297645	4175.239089898204	1.646096	32.51759	0.4180837043499978	0.270323634930381	-0.1776953396	-0.1111693874	-0.0325981803	-0.0301641448	-0.1198577448	-0.3470606655	-0.132271142	-0.0975580899	-0.1267634568	-0.0107231019	0.0997960441	0.2967859269	-0.0038084815	-0.0895552536	0.0492617754	-0.2517686978	0.0077244441	-0.0941185276	-0.0379167043	-0.0346997442	-0.0942877336	-0.0645106016	0.0423253541	0.1738593509	0.0687362379	0.0479711988	-0.092980283	-0.1327069752	-0.1069706261	0.0609781494	0.0507701032	0.0908152349	-0.1611758164	0.0421669941	-0.0856437811	-0.0726592088	0.3503579987	0.0086461575	-0.1038391824	-0.0199688716	0.0616577196	0.0847834845	-0.2311773051	0.0978168291	0.0123127042	0.01023891	-0.1930936912	0.1218303085	-0.0125551821	0.2083187223	0.0066754225	0.035320615	-0.0249629281	-0.0554939401	-0.2501376342	-0.0958393933	0.0222539579	-0.2529694829	-0.1917658608	-0.0780068818	0.0066292929	0.1112628384	-0.0376216282	0.0719188318	0.0050548344	0.1065451927	-0.0002078268	-0.1712929309	0.1985551662	-0.0768554509	-0.2093302257	-0.0320637783	-0.1525594226	-0.1255232751	0.0171715131	0.1435403749	0.0625771703	-0.0744539523	0.1523530773	-0.2187999455	0.1876760594	-0.0437125059	-0.0691546937	0.1010684743	-0.0146701329	-0.0680775843197523	-0.0127786775272654	0.0001632945993458	0.0046345574868129	-0.023946492359272	-0.0179484193634494	0.0005734344963126	0.0003221457576462	-0.4968125328222257	-0.258633556382648	0.2468226927692351	0.0668913164871363	0.0003161513583155	0.0014359904991925	9.995168136473568e-08	2.0620687137711257e-06	0.0036439022522412	0.0004270866015252	1.3278023623888487e-05	1.8240296520243018e-07	-0.0039240992731627	-0.0007113839208149	5.060670827939804e-07	1.5398555105636032e-05	0.0	0.0	0.0	0.0	0.0	0.0	0.0	0.0	0.0	1.0	0.0	0.0	0.0	0.0	0.0	0.0	0.0	0.0
4482.242954648791	-52.2945385404355	20090501.90449873	2734.718761157093	5478.138873080549	-232.57828916352355	30010005.512756232	54092.66059023158	5127.387971920876	-48.04440239097585	2308.2646011060056	26290107.414598875	5260.480709271665	4167.617602755436	1.675373	33.09594	0.2674781805861235	0.1390451659153379	-0.1482521628	-0.181861689	0.0100784722	0.0479656482	0.0783605883	0.0116737569	-0.1839487057	0.0745167355	-0.0909890736	0.1553505406	0.0733896983	0.007231111	0.1234767053	-0.0583828097	0.2589697913	-0.2049308694	0.1766351403	-0.0108590666	0.0050388561	-0.0183821102	-0.0603494188	-0.0136053973	0.0407913308	0.1600521596	0.1350147672	0.233978077	-0.063393846	0.1599771339	-0.1049746908	0.0437198535	-0.048671653	-0.0335697855	0.1215564692	-0.0347962574	-0.1233123685	-0.1126318711	0.072522061	0.2115797192	-0.1459281683	-0.1598719092	0.0376736232	-0.0328612665	-0.1813437034	-0.0131694205	0.1749281504	0.1296145691	-0.0316317648	0.1169731285	0.0004033687	0.0229549443	0.0147088589	-0.0775924029	0.1021510816	-0.0477904834	-0.101134718	0.2226382108	0.0832565214	-0.2191236015	-0.1106177414	-0.0736516285	0.0566204228	0.0441772962	-0.0703841659	-0.0874909968	0.0554448793	0.1984068781	-0.0856395389	0.0400406807	-0.1045110811	0.0824333631	-0.0802834962	-0.0644466383	-0.0344540855	-0.0641679282	-0.127029719	-0.111260911	-0.2416298844	-0.186097362	0.0631855051	-0.0317603818	0.1165559426	-0.0453798541	-0.0663361938	0.1024967892	-0.0219158165	-0.0759097249717939	-0.0078321406520415	6.134242719336244e-05	0.0057622863452933	-0.0395287852936547	-0.0155822929343827	0.0015625248667918	0.0002428078530929	-0.4549134077555266	0.0418991250666991	0.206946208555746	0.0017555366813548	-0.0013652184334402	-0.0016813697917557	1.8638213710049136e-06	2.8270043766286064e-06	0.0055889464528748	0.0019450442006336	3.123632245310181e-05	3.7831969424184014e-06	-0.003507220826892	0.0004168784462707	1.7378763896507321e-07	1.2300597928585004e-05	0.0	0.0	0.0	0.0	0.0	0.0	0.0	0.0	0.0	0.0	1.0	0.0	0.0	0.0	0.0	0.0	0.0	0.0
4471.198479997308	-11.044474651483142	19991615.84753024	121.98042032725368	5443.056561489763	-35.08231159078605	29626864.731576763	1230.7685865530011	5143.589728215404	16.201756294527513	262.4969070272619	26456515.29220301	5251.289956939941	4088.8905678866	1.532485	30.273275	0.2135537621975451	0.1292856432281413	-0.1320925998	-0.0740879826	-0.0513320335	0.058827336	-0.01596469	0.0337379998	0.007234874	0.1270357995	0.1041123114	0.1476676794	0.106752362	0.0667260042	-0.0780917698	-0.0285317265	0.1135773038	0.104328713	0.0355723102	-0.1140051073	-0.0667594539	0.0254525509	-0.0241911388	0.0838528862	0.0549577651	-0.0118808164	-0.0232669069	-0.0637284879	-0.0611198596	0.1198963588	-0.100448068	0.0942105669	0.0690334977	-0.0756815488	-0.0533521783	-0.2462803609	-0.0459305856	-0.0645277577	-0.0027006315	-0.067644472	-0.0867252058	-0.0477590041	0.0222805729	-0.232407424	0.004642126	-0.0119199343	0.0180985717	-0.0807758518	-0.0182740269	0.0219694626	0.0085297738	-0.1568002084	-0.0820282512	-0.0552329332	-0.1040370885	0.0324335735	-0.1118384024	0.1737112917	0.1033766121	-0.130645917	0.0390383387	0.0710648135	0.0820068012	0.0376899511	0.1004472234	-0.0335919621	0.1141995173	0.0535364874	-0.0126608227	-0.0290046021	-0.044793704	-0.0709267818	0.0501593952	-0.1629674762	-0.0504241248	-0.000716659	0.0861928974	0.0011754572	-0.1002499972	-0.0563174184	0.0312506578	-0.0148697968	0.1106499657	-0.0470333792	-0.0634368734	0.1036441676	-0.0290547284	-0.0868122259648487	-0.0109025009930548	0.0001188645279035	0.0075363625769719	-0.0409982408192632	-0.0014694555256084	0.0016808557502742	2.1592995417413403e-06	-0.3351395129272347	0.1197738948282918	0.1123184931251041	0.0143457858823387	-0.0021300113905712	-0.000764792957131	4.5369485239630575e-06	5.849082672771798e-07	0.0052353298013818	-0.000353616651493	2.7408678129236395e-05	1.2504473621312205e-07	-0.0040169694352798	-0.0005097486083877	2.5984364375329844e-07	1.6136043443972113e-05	0.0	0.0	0.0	0.0	0.0	0.0	0.0	0.0	0.0	0.0	0.0	1.0	0.0	0.0	0.0	0.0	0.0	0.0
4473.668048269313	2.4695682720048358	20013705.806105763	6.098767450092948	5435.39507930361	-7.66148218615308	29543519.6681179	58.69830928874098	5130.517142972798	-13.072585242605784	170.89248492519448	26322206.15433776	5246.418565600057	4007.694701291962	1.362648	26.918251	0.1384747715540044	0.0664130394874049	-0.0947956006	0.090438552	0.0401664384	-0.0397750414	0.06319663	0.049423608	-0.0333431559	0.1817131058	-0.088650695	0.0389357685	-0.0330846289	-0.0250690985	0.1338741453	-0.0483181539	0.1198209485	0.1160333723	-0.056774854	0.0117342899	0.0012250048	0.0915249916	-0.1360250141	0.0113688522	-0.0197681215	0.0219402673	-0.0214678567	0.0104369824	0.0196997888	0.0571059056	-0.1222107638	0.0237885554	0.0672769016	0.0071456841	-0.0770918812	-0.0038560763	-0.0480157543	-0.1162406988	0.008115206	0.1509187907	0.0135807008	0.0387001867	-0.0943262837	-0.1418688896	0.0679859574	-0.0237970603	0.0993306596	-0.0683047351	-0.0237996132	-0.0038573502	-0.060403451	0.0660053424	-0.0600180957	0.0787385483	-0.0032547822	0.0799157981	-0.0516565383	0.1020098827	0.0237460943	-0.1016747951	-0.0448620176	0.1003665432	0.0716250625	-0.0557616731	-0.1023240827	-0.0104047706	0.1111707946	-0.0146080517	-0.0254674311	-0.0490232177	-0.0086293135	0.0008104667	-0.0354261476	-0.1414497582	0.0247898462	0.0407305805	-0.0376934817	-0.0527763396	-0.0822598051	-0.0420175997	-0.0925392817	-0.0208548711	0.0796460115	-0.0486725775	-0.060460265	0.1045074645	-0.0360520886	-0.0835325235147479	0.0032797024501007	1.0756448161197186e-05	0.0069776824847419	-0.0345429939167019	0.0064552469025612	0.0011932184287293	4.167021257302719e-05	-0.3056271174002773	0.0295123955269573	0.0934079348904028	0.0008709814897395	-0.0030039450760048	-0.0008739336854336	9.023686019653483e-06	7.637600865355545e-07	0.0046997106289563	-0.0005356191724254	2.2087279995924823e-05	2.868878978697769e-07	-0.0034419737596512	0.0005749956756285	3.306200269915896e-07	1.1847183362127418e-05	0.0	0.0	0.0	0.0	0.0	0.0	0.0	0.0	0.0	0.0	0.0	0.0	0.0	0.0	0.0	0.0	0.0	0.0
4487.386448902799	13.718400633486452	20136637.141796477	188.19451594084157	5457.52555394666	22.13047464304964	29784585.171980795	489.757907926663	5128.102005663725	-2.415137309072634	5.832888221674603	26297430.180492323	5239.417299242356	4108.045785878575	1.292337	25.529295	0.155553016376701	0.0744799200078648	-0.0531340026	0.0062782315	0.0912579755	0.0330547291	-0.0688080216	-0.0046915436	-0.0064924848	0.1205539927	-0.0657729339	-0.0403413371	-0.0832759155	-0.0547185475	0.027119806	0.0442648985	0.246428472	-0.1066851602	-0.1035637516	0.0216634027	0.150091622	0.023992662	-0.0383419337	0.0531927222	-0.0811518871	0.3073828529	-0.1112837419	-0.0409688424	-0.0668165514	-0.014031424	-0.059206746	-0.0048313072	-0.0191771216	0.0441092901	0.0335723629	0.1374319583	-0.0233263054	0.0554556466	-0.0269402218	0.08221111	-0.0106780074	-0.142943692	-0.152908229	-0.0645649218	-0.1090149	0.0816395809	0.1747027084	0.0106910433	0.1037063013	0.1491602385	-0.1241124585	0.1737472312	-0.0553480119	-0.0755464922	0.0344195665	0.0829135678	-0.1811641136	-0.0853896302	-0.0711431148	-0.1450307152	-0.130414316	-0.1468778249	0.1250231031	-0.0382305211	0.0878559791	0.0173974611	0.0991492882	0.139884503	-0.1123954916	-0.061184395	-0.1440390876	0.1140602015	-0.0590914702	-0.1687613721	0.0367415842	0.3000081584	0.0650708647	0.1080609962	0.1733579054	0.0108869972	-0.184161436	-0.0349451388	0.1377796775	-0.0502969496	-0.0574099951	0.1050843138	-0.0428738067	-0.101744216401741	-0.0182116928869931	0.0003316657578101	0.0103518855712043	-0.028944343599079	0.0055986503176229	0.0008377750263815	3.134488537901904e-05	-0.3590257441544224	-0.053398626754145	0.1288994849656367	0.0028514133392284	-0.0025899138746242	0.0004140312013806	6.7076538779709365e-06	1.7142183571666308e-07	0.005249787632704	0.0005500770037476	2.7560270188491867e-05	3.025847100520467e-07	-0.0040447464828817	-0.0006027727232304	3.633349558707129e-07	1.635997411078388e-05	0.0	0.0	0.0	0.0	0.0	0.0	0.0	0.0	0.0	0.0	0.0	0.0	0.0	0.0	0.0	0.0	0.0	0.0
4505.124263435064	17.737814532264565	20296144.628991324	314.630064381016	5528.028952552532	70.50339860587246	30559104.100259047	4970.729214978539	5149.346637943248	21.244632279523103	451.334400692155	26515770.79769744	5279.8158661897805	3944.449567651114	1.982436	39.161774	0.6315408714709521	0.3220653851345005	-0.2679202439	-0.1132636558	0.0783806509	-0.1669156197	-0.0023680938	-0.1628389666	-0.0064824601	0.1417912456	-0.0610821799	0.0015662322	-0.0906719542	0.1539332447	0.109451219	-0.0872953642	0.1567445303	0.0685738689	0.0114049446	-0.0605204746	0.139076897	-0.0938306531	0.0256568109	0.1108440151	-0.1526906651	0.0451707011	-0.1248128366	0.1682343063	0.2656244045	0.0257848347	0.0243345408	0.1662641286	0.0189191374	0.0429422728	0.05946589	0.0324822689	-0.0375236352	0.0678935533	0.1500033154	0.0589051598	0.015116779	0.0937800149	-0.0731073983	-0.2073388263	-0.0846243682	-0.0679658794	0.0508606187	0.174101064	0.1703725615	-0.1292997731	-0.1722488561	-0.0188886992	0.0531768008	-0.0880775945	0.3212533755	-0.1031540981	0.0344745228	0.0112828794	0.1300553947	-0.2657928881	0.195344991	-0.1175109009	-0.2214719799	0.0888029951	-0.0540359413	0.0595603132	-0.0268293332	0.056458098	-0.2460259845	-0.1322861425	0.0016055388	0.1232757087	0.092214799	-0.173678361	-0.0432928607	-0.2663059416	0.1147273162	-0.1695619818	-0.0208000578	0.0892257083	-0.2063514457	0.2897659166	0.0615494955	-0.0519060008	-0.0542897799	0.1053731342	-0.0494866478	-0.154936720500217	-0.053192504098476	0.0028294424922663	0.0240053873593623	-0.0324724886356051	-0.003528145036526	0.0010544625181895	1.2447807398763742e-05	-0.4576145877122073	-0.0985888435577849	0.2094111108870134	0.0097197600740613	0.0022289259542716	0.0048188398288958	4.968110909625564e-06	2.3221217296552503e-05	0.008128125897715	0.0028783382650109	6.606643060910527e-05	8.284831167826531e-06	-0.0058721959645382	-0.0018274494816565	3.339571608006612e-06	3.448268544593872e-05	0.0	0.0	0.0	0.0	0.0	0.0	0.0	0.0	0.0	0.0	0.0	0.0	1.0	0.0	0.0	0.0	0.0	0.0
4515.955826023972	10.831562588908128	20393857.022599854	117.32274811743412	5564.736111765895	36.7071592133625	30966287.99359141	1347.4155375151436	5154.500128606029	5.153490662780314	26.55846601136388	26568871.57579957	5272.411059876532	4086.6882803845087	1.715122	33.881157	0.4505036557510031	0.2700613295256122	-0.1332587677	0.0413686275	-0.0680293156	-0.1006287712	-0.1117389375	-0.1617407417	0.1124348518	0.0788560016	0.162388685	0.1251046627	0.1764814145	0.1051285979	0.0005138675	0.0918215171	0.0638090961	0.0421636606	-0.013323359	0.0102101359	0.0814187437	0.0171244127	0.1227364928	-0.1465595782	-0.0631075088	0.0253061673	-0.0269910844	0.1563269111	0.001452545	0.0315372711	0.0328257069	0.0592733967	0.0335843415	-0.0254419169	-0.0501424925	-0.0239534503	-0.012625418	0.0884097099	0.0692245424	-0.0486243934	0.10988353	-0.0343282812	-0.040793858	-0.1145213395	0.0019384594	-0.0426039308	0.0451333339	0.0106984489	0.0549725635	0.1011272027	0.2300809395	-0.0004615412	-0.0238426457	-0.1054732561	0.0787501716	-0.0848369548	-0.0433545344	0.0168357125	-0.0202801299	-0.1630622018	0.0615722839	-0.0861220762	0.1497892631	-0.0237864481	0.0011669257	-0.0720307326	0.0206005356	0.0324297404	-0.0854384385	-0.1104427116	-0.0592498458	0.0342810244	0.0793255439	-0.035932385	0.1068735835	-0.1073166782	-0.0986946406	-0.01367709	0.0224441621	0.0445044645	0.0225227372	-0.0026121004	-0.000290339	-0.0534992409	-0.0511034211	0.1053731342	-0.055858395	-0.1443675879453678	0.0105691325548492	0.0001117065629619	0.0208420004491635	-0.0344866560876226	-0.0020141674520175	0.0011893294481059	4.0568705247666845e-06	-0.3517122766481009	0.1059023110641064	0.1237015255449902	0.0112152994887187	-0.0024891812561827	-0.0047181072104543	6.196023326131285e-06	2.2260535649340865e-05	0.0068960606678645	-0.0012320652298504	4.755565273486777e-05	1.517984730606565e-06	-0.0051820075112424	0.0006901884532958	4.763601010628496e-07	2.685320184657265e-05	0.0	0.0	0.0	0.0	0.0	0.0	0.0	0.0	0.0	0.0	0.0	0.0	0.0	1.0	0.0	0.0	0.0	0.0
4495.189795312429	-20.766030711542957	20206731.295881	431.22803151274513	5500.289853010507	-64.44625875538804	30253188.46713034	4153.32026756643	5148.725786647236	-5.77434195879232	33.343025057069525	26509377.226086203	5262.088484691241	4048.1108016178914	1.245147	24.597095	0.1409159524050538	0.0646222155556192	-0.1146604331	0.1006209023	-0.0295075321	-0.0932802608	0.0294095532	-0.0782861267	0.0166408149	0.0817997278	0.0538827015	-0.0421049182	0.0246140652	0.0682318	-0.075029387	-0.1000324513	0.0193846837	0.0655578689	-0.0339606764	0.0089419155	-0.0073244228	0.0135088561	0.1281182356	-0.0347778841	0.262933819	0.1065808478	0.1522901341	-0.1523091796	-0.0312053499	-0.0367512537	-0.0042192873	-0.027302425	0.0643776921	-0.0014749757	-0.0793162492	0.033592227	-0.0490285084	0.1232635566	0.0457352357	-0.0589613832	-0.0716618696	0.0581104999	-0.0357722918	-0.1081926564	0.0535263777	0.0194950765	0.0376141358	-0.0481047776	-0.0590393463	0.1870365044	0.1175848816	0.0190034	0.2223828628	-0.0355684083	-0.1393352183	0.0982225733	0.0274644837	-0.0646667615	0.0329865983	-0.0924931711	0.082105449	0.1596548803	0.1382529054	0.0613578428	-0.0991394474	0.0994196965	-0.2189419548	-0.013481098	-0.0160739036	0.1123291119	-0.1114521332	-0.1357491207	0.0195920891	0.087724889	0.0719724944	-0.1072244514	-0.1674470475	-0.1041527983	0.0682286728	0.0048628252	0.288492379	0.2777505241	0.0427614171	-0.0550761846	-0.0478548005	0.1050843138	-0.0619580057	-0.126359674275605	0.0180079136697628	0.0003242849547376	0.0159667672830369	-0.0081320355093907	0.0263546205782319	6.613000152599128e-05	0.0006945660258225	-0.3211900576180468	0.030522219030054	0.1031630531126842	0.0009316058545185	-0.0034700408452538	-0.000980859589071	1.2041183467729706e-05	9.620855334727268e-07	0.006902697238728	6.636570863500536e-06	4.764722916954316e-05	4.4044072826264254e-11	-0.0055151353338479	-0.0003331278226055	1.1097414619388157e-07	3.0416717750657585e-05	0.0	0.0	0.0	0.0	0.0	0.0	0.0	0.0	0.0	0.0	0.0	0.0	0.0	0.0	0.0	0.0	0.0	0.0
4492.090226579389	-3.099568733039632	20178874.603730068	9.60732633083691	5500.591438240841	0.3015852303342399	30256506.170448445	0.0909536511557565	5135.448427717509	-13.277358929727598	176.2882601488172	26372830.553746235	5246.189997917706	4033.3527021084087	1.04271	20.598083	0.3088338025424649	0.1780618539238417	0.0034026886	0.1118282803	-0.0261824916	-0.0857111818	0.0357005382	-0.0584159647	0.0595191611	0.0548537334	0.0048029953	-0.0360204053	-0.0001184573	-0.0170263861	0.1009205786	0.0424190359	0.0139788202	0.0870713042	-0.0281344988	0.0333964173	0.1058139487	0.0728036539	0.0480014505	-0.1728244289	0.2090398955	0.0362840121	0.1552500662	-0.090242149	-0.1280665633	-0.0103183377	-0.0114391459	0.0214922555	-0.0146066418	0.0068464351	0.0185182447	0.0594313554	-0.1313878485	0.0071206136	-0.0235976834	0.069297021	0.097294814	0.0027526734	-0.0168271137	-0.0854678479	0.0855042123	-0.0458895285	0.0363377987	-0.042527543	0.0184042711	0.2277231766	0.1339659777	0.0813888726	0.1196878406	0.0905951488	-0.1506806462	0.0311389323	0.0630455784	-0.001153524	0.074169682	0.0068552417	0.0054149432	0.117985608	0.1721524515	-0.0580014602	-0.127843653	-0.0179738053	-0.2988497258	0.0005448534	-0.0090654946	0.0854121791	-0.1390785394	-0.0533524024	-0.0545111585	0.0211095542	0.0009678753	-0.0058378298	-0.1281428586	0.0635961414	-0.0001155378	0.0829284585	0.0654938034	0.08163903	0.0058758337	-0.0566363516	-0.0445478763	0.1045074645	-0.0677557633	-0.13346177786444	-0.007102103588835	5.043987538654309e-05	0.0178120461507371	-0.0228914687725705	-0.0147594332631797	0.0005240193425655	0.0002178408702502	-0.2190962711356618	0.102093786482385	0.0480031760255514	0.0104231412383108	-0.0063143434532116	-0.0028443026079578	3.98709332451162e-05	8.090057325635545e-06	0.0066870585064124	-0.0002156387323156	4.471675146818244e-05	4.650006287467912e-08	-0.00487750708996	0.0006376282438878	4.06569777403567e-07	2.3790075412610067e-05	0.0	0.0	0.0	0.0	0.0	0.0	0.0	0.0	0.0	0.0	0.0	0.0	0.0	0.0	0.0	0.0	0.0	0.0
4492.926757760882	0.8365311814923189	20186390.850603707	0.699784417608935	5537.395401737608	36.80396349676721	30662747.835184805	1354.531729071373	5139.088035254075	3.639607536566473	13.246743020231468	26410225.834091596	5243.080509338031	4017.6557195936734	1.013755	20.026079	0.1074910031137382	0.052986211955047	0.0263041483	0.0879700109	0.0376659741	-0.0696576357	-0.0171984449	-0.0780335054	0.1505980124	-0.0584693665	-0.0604506601	0.0055565905	0.0488457174	-0.0556101199	-0.086604677	-0.0168347616	-0.0252721818	0.1019741356	-0.147125758	-0.0264297427	0.1556198985	0.00910676	-0.0208029711	-0.0291707425	0.1870371934	0.0242707457	0.0605682843	0.0169174361	-0.0073400582	0.1363924718	0.0488964761	-0.006839119	0.1107068172	0.0063690553	0.0970594347	0.0830948507	-0.1072243294	0.0135283158	-0.0916791674	-0.0907935736	-0.0121236403	0.0529998639	-0.0664602268	-0.1059555528	0.0322751383	0.0458123793	-0.0322334351	-0.0728676524	0.0516434055	0.2456955616	-0.072082812	0.0207645058	0.0889968487	0.0574850883	-0.0750052314	-0.0232630791	0.1232782005	0.0918758778	0.0575460438	0.0473051861	0.0688192617	0.159012001	0.1241253219	0.0413434379	-0.0080149231	0.0612484308	-0.2343135021	0.0784627113	-0.0026548976	-0.033423573	-0.1464323887	-0.0673469602	0.0416660967	-0.0447031245	0.0280977334	0.1240376231	-0.0572272812	-0.1010214041	0.0894223723	0.0012998619	0.0108958481	0.0571167305	0.0613890253	-0.0581792666	-0.0411866773	0.1036441676	-0.0732234215	-0.1432577587133749	-0.0097959808489349	9.59612407926994e-05	0.0205227854315795	0.0024532759888984	0.0253447447614688	6.018563077705422e-06	0.000642356087024	-0.1864686555000574	0.0326276156356044	0.034770559483999	0.0010645613020647	-0.0058711690815006	0.0004431743717109	3.4470626383568604e-05	1.9640352374143944e-07	0.0070058854781109	0.0003188269716984	4.908243133240519e-05	1.01650637882436e-07	-0.0048450551960149	3.245189394510042e-05	1.053125420624045e-09	2.3474559852430975e-05	0.0	0.0	0.0	0.0	0.0	0.0	0.0	0.0	0.0	0.0	0.0	0.0	0.0	0.0	0.0	0.0	0.0	0.0
4498.7551222364	5.828364475518356	20238797.649848245	33.96983245948436	5521.24386954472	-16.151532192888226	30484133.866985157	260.8719921779048	5138.944480988234	-0.1435542658409758	0.0206078272411415	26408750.378679432	5243.280009253403	4025.0860909443663	1.112253	21.971848	0.2926887508938202	0.1393913785991233	0.1106375571	0.0081891015	0.094008799	-0.0616892842	-0.1801811613	-0.0602292502	0.1760527003	-0.0130052317	-0.0194160745	-0.0559924692	0.0125641692	-0.0671795437	0.0592803694	0.0265627016	-0.1197079157	0.0452508024	-0.1299455293	0.0611652021	0.0287339617	-0.0943673757	-0.090913881	0.1327919484	0.090887226	0.0579911713	0.0894289334	0.0021677415	-0.1410282772	0.017417958	0.0009956428	-0.0340392534	0.0334313987	-0.0876120481	0.1294365931	0.1540697862	-0.0084584978	-0.1300501363	-0.0886590322	0.0163400848	0.1200005888	0.1106546858	-0.0494858538	0.0121215638	0.0449847898	0.0581275973	-0.0535360484	0.0024152956	-0.1289964197	0.1097379362	-0.1309895526	-0.0197958933	0.0472835768	-0.1152590263	-0.180595818	-0.0288650286	0.0091442794	0.0522296618	-0.0836927554	0.1005927219	-0.0501919783	0.130540605	0.0861413809	-0.0367291992	-0.1778777759	0.01152971	-0.2381752936	0.0873542784	-0.0364201964	-0.1224855038	-0.1148704098	-0.0403708674	0.0326414959	-0.0199366237	-0.0694180854	0.1132777504	0.1783548343	0.0497512803	0.0400409927	0.0152210899	-0.0389536536	-0.0434098752	0.0034325041	-0.0597044597	-0.0377752987	0.1024967892	-0.0783343427	-0.1262012000013186	0.0170565587120563	0.0002909261950978	0.0159267428817728	0.010468299117349	0.0080150231284506	0.0001095852864102	6.424059574959805e-05	-0.1241466692133741	0.0623219862866833	0.0154123954767749	0.0038840299747175	-0.0075314665518124	-0.0016602974703117	5.672298842106897e-05	2.7565876899237616e-06	0.0055521429104701	-0.0014537425676407	3.082629089828339e-05	2.1133674529708654e-06	-0.0038531915786349	0.0009918636173799	9.83793435482138e-07	1.4847085341662914e-05	0.0	0.0	0.0	0.0	0.0	0.0	0.0	0.0	0.0	0.0	0.0	0.0	0.0	0.0	0.0	0.0	0.0	0.0
4490.315327184121	-8.439795052278896	20162931.73754464	71.23014052447134	5476.923075498384	-44.32079404633623	29996686.374926675	1964.3327848977533	5145.364745250432	6.420264262197634	41.21979319645213	26474778.36166604	5254.864816802666	4068.6465913330258	0.904066	17.859261	0.1500307293447644	0.0805541842898971	0.0883153334	0.0108535338	0.1016492237	0.001894743	-0.1790434705	-0.0243545625	0.1162139067	0.0208176027	-0.0374876538	-0.1949755573	-0.0454994188	-0.0284206344	-0.1142255558	0.0716740949	-0.0675765894	0.062812862	-0.0689284645	0.093595669	-0.0037804526	-0.1550242402	-0.109409032	0.0164152412	0.0689233672	-0.0032662693	0.1198213795	0.0226194515	-0.0158049611	0.0734425619	0.0920316096	-0.0047979668	0.0069420524	-0.0700552345	-0.0319505997	0.0225249706	-0.096622257	-0.0193441737	-0.0447332812	-0.1284303204	0.0435539468	0.0021816594	-0.0643855201	0.0382804155	0.0935242036	0.068417623	-0.0054460193	0.0820207603	-0.1617809969	0.0380983559	-0.0727666217	0.0488905471	0.0825015602	-0.0292530691	-0.0251046959	0.0142149572	0.0918300347	0.059597062	0.0590044468	0.0961283916	-0.0051473287	0.109032114	0.0537963123	-0.0242207033	0.0446627031	0.0233580359	-0.2162800216	0.0477609436	-0.0295325708	-0.1434963821	-0.0801456751	-0.0412514952	0.0116939913	-0.0005715753	0.031756176	0.0759225609	0.0346682825	0.0647564997	-0.0694682773	-0.034321352	-0.0229453658	-0.0533572353	0.05149624	-0.0612114661	-0.0343178967	0.1010684743	-0.0830636267	-0.1189136675211983	0.0072875324801203	5.310812964880839e-05	0.014140460323342	0.0087532404876213	-0.0017150586297277	7.661921903413277e-05	2.9414261034034586e-06	-0.1015113370854976	0.0226353321278764	0.0103045515568855	0.0005123582605392	-0.0062262808329313	0.0013051857188811	3.8766573010527686e-05	1.703509760771174e-06	0.0060718111603592	0.000519668249889	3.686689076706253e-05	2.700550899428e-07	-0.0043961937320055	-0.0005430021533706	2.9485133856510857e-07	1.9326519329324445e-05	0.0	0.0	0.0	0.0	0.0	0.0	0.0	0.0	0.0	0.0	0.0	0.0	0.0	0.0	0.0	0.0	0.0	0.0
4482.572529897572	-7.742797286548921	20093456.48579232	59.95090982058933	5481.3019430226295	4.378867524245834	30044670.99058365	19.17448079489484	5141.773913553136	-3.5908316972963803	12.894072278308403	26437838.978095528	5264.086203632768	4117.381068895979	0.969372	19.149326	0.2053641838180448	0.1188332782106519	0.0599296962	-0.0059518693	0.1194406324	0.1189786807	-0.1187134481	-0.0028177601	-0.0045664549	-0.042082801	-0.0492994553	-0.2218713756	0.061777108	-0.018114872	0.0086205807	-0.0700247689	-0.0946411325	-0.0187690216	0.0216308995	0.1798175229	0.0005185559	-0.0844653626	-0.1474555058	-0.0537957564	0.0302359081	-0.0173068538	-0.0428038692	0.0084479087	0.0947821814	0.0308301799	-0.1012808715	-0.0926621304	-0.039898435	-0.0085963519	-0.0536935139	-0.0736302735	0.0067937825	-0.1046836923	-0.0080043312	0.0170253073	-0.0386085204	0.0670653465	0.0689363153	0.135768408	0.0748528263	0.0939269994	0.0934950453	0.1187543761	-0.0505608621	-0.0100908374	-0.1041014029	-0.019142762	-0.0172926823	0.1344787499	-0.0029399556	0.084354563	0.0506119061	-0.0049409394	-0.0711229504	0.0815517197	-0.0519781906	0.1037648095	-0.0990092065	-0.0521593678	-0.0614744343	0.054010356	-0.0496367732	-0.0530526636	-0.046321473	-0.0834666477	-0.0269854359	-0.0177891322	-0.0765659737	0.1056867117	-0.0175486179	0.0381902906	-0.0409712162	0.0943073522	-0.0083900722	-0.0632289411	-0.0426867803	-0.0201396499	0.099629879	-0.062699827	-0.0308186837	0.0993631376	-0.0873882332	-0.1262855715481947	-0.0073719040269964	5.4344968983245794e-05	0.0159480455812542	0.0051338341901328	-0.0036194062974885	2.63562534917765e-05	1.3100101946299416e-05	-0.0921183591989276	0.00939297788657	0.0084857921015026	8.822803357759319e-05	-0.0047332105720192	0.0014930702609121	2.2403282319074323e-05	2.2292588040201264e-06	0.0044027426051533	-0.0016690685552058	1.938414244723207e-05	2.785789841977109e-06	-0.0049336528280273	-0.0005374590960217	2.8886227989657e-07	2.434093022750177e-05	0.0	0.0	0.0	0.0	0.0	0.0	0.0	0.0	0.0	0.0	0.0	0.0	0.0	0.0	0.0	0.0	0.0	0.0
4472.6542003969535	-9.91832950061871	20004635.59632851	98.3732600828434	5467.380952821929	-13.920990200700544	29892254.483280025	193.79396816800056	5139.568799165452	-2.205114387683352	4.862529462768125	26415167.44135501	5259.437430961374	4161.797734112648	1.02291	20.206949	0.1636120302383255	0.0845829131769417	0.0728013484	0.0474515032	0.0494738104	0.1385318498	0.0636864598	0.0469204101	-0.0446782165	-0.0883380864	-0.0340351043	-0.132292824	0.0705171979	-0.046434224	-0.0314989034	0.1086091979	-0.0071505095	-0.0564012822	-0.0268456394	0.1193298761	-0.2067989899	-0.0821561417	0.05661405	0.0158393759	-0.0100326962	0.0476959973	-0.0350417579	-0.0052441577	0.0346645502	-0.0622936916	0.0612422241	-0.0096253375	0.0145992713	-0.0036693463	0.0028499505	0.0623042114	0.0044626252	-0.1039633719	-0.029962471	-0.0104812544	0.0208328438	-0.1176349821	0.0272064012	0.1303216284	0.0517529942	0.1246843208	0.0594368254	-0.0761250663	-0.0473005932	-0.1064650691	-0.0258222842	-0.0544037442	0.087230976	-0.0656466262	0.0252006084	-0.1423874522	-0.003400311	-0.0563962587	0.0466392478	0.1058675164	-0.0580457091	0.0444012998	-0.0393154894	-0.0715302584	0.0920271638	-0.0042190358	-0.1156051686	-0.0740154426	-0.0346176764	0.0193561719	0.0499969092	-0.0324223869	-0.1270420049	-0.0843994388	-0.0823653068	-0.0238748722	-0.0806884274	0.0544698775	0.0157435348	0.0394694296	-0.027387516	0.0072132645	0.0065264636	-0.0641690889	-0.0272819228	0.0973854535	-0.0912870929	-0.1274381185305202	-0.0011525469823255	1.3283645464676234e-06	0.0162404740545989	-0.0011504287331689	-0.0062842629233016	1.3234862701006e-06	3.949196048918442e-05	-0.0247877281876043	0.0673306310113232	0.0006144314687025	0.0045334138723829	-0.0056629904762916	-0.0009297799042723	3.206946113456936e-05	8.644906703887924e-07	0.0048729840606962	0.0004702414555429	2.374597365579923e-05	2.211270265111052e-07	-0.0045567824014151	0.0003768704266122	1.420313184548617e-07	2.0764265853846363e-05	0.0	0.0	0.0	0.0	0.0	0.0	0.0	0.0	0.0	0.0	0.0	0.0	0.0	0.0	0.0	0.0	0.0	0.0
4470.698300300076	-1.9559000968774851	19987143.292305987	3.8255451889653567	5444.496236866919	-22.8847159550096	29642539.273258045	523.7102243414708	5125.773066439982	-13.79573272546986	190.3222414326001	26273549.52864154	5243.521307045949	4157.012429613483	0.961312	18.990107	0.1085102617726712	0.0604300588391104	0.1178801404	0.0759851865	0.0066843081	0.1047228106	0.0883190905	0.089462083	-0.0566061844	-0.0591356826	-0.0195102919	-0.1371694279	0.1120763699	-0.1113445732	-0.0031574001	-0.1027294874	-0.0505215984	-0.0588611208	-0.0161250596	0.0651911646	-0.0218002661	0.0189185175	0.0617590192	0.0512231714	0.0055786096	-0.0820342112	-0.0061028796	-0.0336382824	-0.0108900744	-0.0938890215	-0.013912676	-0.0473919206	0.0344554903	0.106911791	0.0935641386	0.0157440685	-0.0036325563	0.0067348373	-0.0821294084	0.0451878748	-0.1108988258	0.0398468044	0.0325618619	0.1290421859	0.0312322744	0.0731977361	0.0067012131	-0.0648568883	0.1160129723	-0.0488796644	-0.0580114786	-0.062490965	0.014196587	0.0482519426	0.0026064828	-0.0189784555	0.1091600247	-0.0239544837	0.0383735972	0.1326528566	-0.0628451496	0.0009119391	-0.13492445	0.0068503182	-0.0104705332	0.1408673974	-0.0328088989	-0.0760160327	0.0352765773	0.0344777727	-0.0015213012	-0.0119020198	-0.1411823823	-0.0326343804	-0.0864443136	-0.0769203761	-0.0076418972	-0.0163440168	-0.0262042655	0.0294454756	0.0009713097	-0.0094749753	-0.0869872805	-0.0656188043	-0.0237119231	0.0951408427	-0.0947412111	-0.1221122819337807	0.0053258365967395	2.836453545516984e-05	0.0149114093990751	0.0341264491340211	0.03527687786719	0.0011646145304969	0.0012444581120566	0.0224339328460274	0.0472216610336317	0.00050328134294	0.0022298852707752	-0.0057831716313463	-0.0001201811550547	3.3445074117608626e-05	1.4443510030281948e-08	0.0047283265439943	-0.0001446575167019	2.235707190664108e-05	2.0925797138360565e-08	-0.0044079033476695	0.0001488790537455	2.2164972644185048e-08	1.9429611922395987e-05	0.0	0.0	0.0	0.0	0.0	0.0	0.0	0.0	0.0	0.0	0.0	0.0	0.0	0.0	0.0	0.0	0.0	0.0
4464.8662469246665	-5.832053375409487	19935030.60292716	34.01284657362519	5464.946247811153	20.450010944233327	29865637.4914652	418.2029476192628	5130.453913502537	4.680847062554676	21.91032922302674	26321557.358573496	5253.555196381485	4143.356460345901	1.103181	21.792643	0.131079966422088	0.068121301118509	0.025828444	0.0765262525	-0.0655248047	0.1050506222	0.0705769558	0.0695710431	-0.1073708403	-0.1401528154	0.095719857	-0.0390102952	-0.0351272429	-0.0649515253	0.0533179808	0.0903639822	-0.0290230895	-0.1017588897	0.0024877176	-0.0066932263	-0.0372300896	0.0919676415	0.0862226494	0.0365153649	-0.0301379462	-0.0954287864	0.0229470248	-0.027950232	0.0433855492	-0.0595738934	0.0454791131	0.0214948204	0.0886514289	0.1274548453	0.0908624156	-0.1919259415	-0.0097563969	0.0175542221	-0.0418455386	0.068299989	0.0376099734	-0.0974013532	0.0793663324	0.1281629029	-0.0273811744	-0.0196184123	-0.0655083784	-0.1667112075	0.1271630486	-0.0529238786	-0.067294957	-0.0146290184	-0.038641372	0.0377514345	-0.0583024324	-0.0834954484	0.1038833154	0.0058990599	0.0399847579	0.0907843841	-0.0747492151	-0.0237670561	-0.1125611886	-0.02851004	0.036821404	-0.1084392482	0.0078442534	-0.150979879	0.0552233357	0.0629094183	0.0133514482	0.0007262081	-0.045609305	0.0806306927	-0.1006562467	-0.071966667	0.0142886955	-0.0371190429	0.1175840659	0.0881536362	0.0472479926	-0.0114911826	0.040796422	-0.0670485315	-0.0201130341	0.0926354574	-0.0977337597	-0.1217825199413056	0.000329761992475	1.087429716811479e-07	0.0148309821632544	0.0297004466242185	-0.0044260025098026	0.000882116529678	1.9589498216778927e-05	-0.0137940208617379	-0.0362279537077653	0.000190275011534	0.0013124646298519	-0.0047087571547081	0.0010744144766382	2.217239394201472e-05	1.154366467609738e-06	0.0044510025275747	-0.0002773240164195	1.9811423500476367e-05	7.690861008309849e-08	-0.0048580898188526	-0.000450186471183	2.026678588362917e-07	2.3601036688039284e-05	0.0	0.0	0.0	0.0	0.0	0.0	0.0	0.0	0.0	0.0	0.0	0.0	0.0	0.0	0.0	0.0	0.0	0.0
4461.071905532996	-3.7943413916700592	19901162.5463358	14.397026596540682	5451.205643857758	-13.740603953394384	29715642.97162668	188.80419700403735	5121.786043420769	-8.667870081768342	75.13197175441472	26232692.27457977	5235.926996385494	4164.686989585617	1.339087	26.452824	0.0751187049523534	0.0475689315197309	0.0712087051	-0.1287021517	-0.0400684624	0.0966060879	0.1289291689	0.1035215836	-0.0580644378	-0.1044675921	-0.093215478	0.0856579936	0.026541147	-0.1315680787	-0.0455880441	-0.0384218907	0.0238039588	-0.0281518514	-0.0389730707	-0.1810818197	-0.1533107622	-0.0135710064	0.1208615865	0.1063534972	0.1262026905	0.0039918897	0.0571087651	-0.0451963797	-0.0204531706	-0.0183585726	0.0645623894	0.1024599336	0.0844520025	0.0601661656	0.0354826094	0.0293551556	-0.0299858212	-0.0057477788	-0.1138398483	0.0232947042	-0.1100721836	-0.0494634725	0.0259031939	0.0027161863	-0.1156823526	0.0412981699	-0.1347928198	-0.1326803412	-0.0192604104	-0.0914863888	-0.0418969714	-0.0172200684	0.1762867966	0.0064308795	-0.1034445431	-0.0633800148	-0.0161088253	0.0361775334	0.1079021301	0.1013282455	-0.0390891681	0.0426517387	-0.1085483348	0.1081054264	0.0948537633	-0.014555416	0.0356311619	0.0664856024	0.0967870908	0.058431804	0.0676487613	-0.1367792821	-0.0191059894	-0.0090555082	-0.2049631458	-0.0355769266	-0.0092370261	-0.0197238226	0.0776132013	-0.0234504539	0.0273003541	0.0834936379	-0.0181410008	-0.0684578352	-0.0164896405	0.0898761648	-0.1002501592	-0.1226164833185237	-0.0008339633772181	6.954949145410372e-07	0.0150348019814018	0.0235514139753973	-0.0061490326488212	0.0005546691002405	3.781060251626907e-05	-0.0126709724452638	0.001123048416474	0.0001605535427086	1.261237745744983e-06	-0.0055083393542432	-0.0007995821995351	3.0341802441504398e-05	6.39331693813389e-07	0.0042930107019416	-0.000157991825633	1.842994088698511e-05	2.49614169668798e-08	-0.0052407690038812	-0.0003826791850286	1.4644335865415384e-07	2.7465659752041948e-05	0.0	0.0	0.0	0.0	0.0	0.0	0.0	0.0	0.0	0.0	0.0	0.0	0.0	0.0	0.0	0.0	0.0	0.0
4464.866799365175	3.7948938321787855	19935035.536073424	14.401219197508595	5430.9356689453125	-20.269974912445832	29495062.24022247	410.8718829511834	5121.9089781344455	0.122934713676841	0.0151129438268068	26233951.58029424	5242.493092796822	4048.045572616149	1.130288	22.328127	0.152835221133518	0.0736450505586076	0.0677838734	-0.1435615	0.0670987993	-0.0199817401	0.1083783015	0.0746758861	-0.0217156923	0.0527721283	-0.1014219514	0.018371591	-0.0500475571	-0.1081631757	0.1164971945	0.003775033	-0.0078139671	-0.0373500131	0.0122407118	-0.112325936	0.0387865985	-0.081858448	-0.0246633743	0.043788004	0.094418617	-0.0652865853	-0.1376988978	-0.0368390646	-0.091245333	-0.0651112922	0.0399240632	0.1458103354	0.0129949818	-0.042603709	-0.0529867292	-0.0897280902	0.0289249583	0.080688087	-0.0587191046	0.1510049155	0.022182608	-0.0188326574	-0.0063492795	0.0260984239	-0.0514943886	0.058681144	-0.1850613073	0.0860246263	-0.0223267556	0.0074758657	-0.0279122201	-0.0983906133	-0.0127171968	0.0514807258	-0.0384228079	0.097637103	-0.1187201722	-0.1040244513	0.0723681569	0.0854995975	-0.1040521096	0.0541977591	-0.1222036223	-0.0469943311	-0.0418445001	-0.0908144088	0.0098029447	0.07693666	-0.018521636	0.0444943393	0.0408812474	-0.0592238463	0.0278182329	0.0971426253	-0.1046770219	0.0359133726	0.0619668413	-0.0912444229	0.01301412	0.1531503383	-0.0216340283	-0.025110628	-0.0316173262	-0.0698462859	-0.0128461567	0.0868705278	-0.10227815	-0.0991217305881519	0.0234947527303718	0.0005520034058613	0.0098251174747901	0.0107819736955292	-0.0127694402798681	0.000116250956771	0.0001630586050611	-0.0664679343372469	-0.0537969618919831	0.0044179862950605	0.0028941131088074	-0.0053400428614501	0.000168296492793	2.851605776212417e-05	2.8323709486457893e-08	0.0045503463995577	0.000257335697616	2.070565235596772e-05	6.622166126756459e-08	-0.0044109198696645	0.0008298491342166	6.886495855602065e-07	1.945621409660109e-05	0.0	0.0	0.0	0.0	0.0	0.0	0.0	0.0	0.0	0.0	0.0	0.0	0.0	0.0	0.0	0.0	0.0	0.0
4480.204172026936	15.337372661761036	20072229.423047565	235.23500016573485	5422.761695177802	-8.173973767510688	29406344.402687628	66.81384715195287	5134.62390958954	12.714931455094302	161.6694819077465	26364362.69292857	5258.778537171733	4076.512790054479	0.985222	19.462442	0.1380844823522742	0.0817191939111659	0.0574958613	-0.0838310671	0.085785422	-0.0040654294	-0.0082619656	0.055461541	0.0021518204	0.0936104596	-0.0765152558	-0.0302224801	-0.0736282712	-0.0250477087	-0.05554117	-0.0128687973	0.0499691217	-0.1342132082	-0.0436789292	-0.0979956058	0.0352575913	-0.0376795683	-0.047351196	-0.091538389	-0.1001969618	-0.1677438468	0.0910191341	-0.1223751953	-0.0306083246	-0.1438979237	-0.0861312108	0.0173832879	0.0429004396	-0.0115625123	-0.0768310159	-0.037455596	0.1713260155	0.0681257525	0.0140187204	-0.025354855	-0.0380138281	-0.0263149208	-0.1233048068	0.0864464903	-0.1228300771	0.0146064327	-0.0952074054	0.0758308936	-0.0010975841	-0.0853947676	0.1253629226	0.0691909263	-0.1427119568	0.0849654865	-0.0744819423	0.1234589706	0.0121240099	-0.0815972413	0.0390662643	0.0353575904	-0.1369036741	-7.06502e-05	-0.0182576138	-8.12616e-05	0.1026140027	0.0589436607	0.0127060085	0.0709439667	-0.0179843027	0.0456315208	0.0322354078	-0.0136191536	-0.0205224335	0.1450876222	-0.0176300231	0.0881161452	0.0593858711	-0.1426780841	-0.0077813666	0.144580825	-0.0901996327	-0.0132072163	-0.040268521	-0.0712134607	-0.0091870219	0.0836267848	-0.1038078519	-0.1148178692756971	-0.0156961386875452	0.0002463687696986	0.013183143105011	-0.0167701377362448	-0.027552111431774	0.0002812375196926	0.0007591188443488	-0.1364775966574569	-0.07000966232021	0.0186261343893954	0.0049013528181898	-0.0056541636375475	-0.0003141207760974	3.196956644016438e-05	9.867186197603297e-08	0.0047300398414995	0.0001796934419418	2.237327690217262e-05	3.228973307689131e-08	-0.0044082026894488	2.7171802157001726e-06	7.383068324592437e-12	1.9432250951263635e-05	0.0	0.0	0.0	0.0	0.0	0.0	0.0	0.0	0.0	0.0	0.0	0.0	0.0	0.0	0.0	0.0	0.0	0.0
4480.484927570569	0.2807555436329494	20074745.186187048	0.0788236752806329	5440.982750202047	18.221055024245288	29604293.287996236	332.0068461965745	5137.187278628967	2.563369039427016	6.570860832292984	26390693.13570729	5250.633760110818	4016.6914871644058	1.088682	21.506222	0.258014560544177	0.1196937009208174	0.0673408567	-0.0805158168	0.0375117769	-0.0988909262	0.0329654719	0.0730799914	-0.0111853861	-0.0023499655	-0.0359304591	0.0706794368	-0.0638162543	-0.0170202966	0.0667186515	-0.0128937023	-0.1224801101	0.0095957493	0.0586790546	-0.0761631346	-0.1822696964	-0.1744761879	-0.0353741523	0.0707275221	0.0499661153	-0.0282365512	-0.0788520667	-0.0962976134	0.0705135558	-0.1011208529	0.0433372266	-0.0084483341	-0.0697670983	0.0398043031	-0.1016400163	0.0744043102	-0.0792961037	-0.0016153697	-0.0405668641	0.0216732179	0.0353828169	0.085312407	0.0923357293	0.0089930456	-0.0313449309	-0.0124076017	-0.0383906093	0.0686001105	-0.1466856631	-0.1952973947	-0.0140428622	-0.0750180789	0.0987141903	-0.0240645337	-0.0636014696	-0.0666511224	-0.0123170369	-0.0262017135	-0.0541851616	0.0721452942	0.0075926072	-0.0048040859	-0.114155798	0.0029679917	-0.0927297189	-0.018529868	-0.0498457641	0.0065219103	0.0135520522	0.0828402509	0.1229494529	-0.0824880674	0.0475120653	-0.0277481073	0.0049079682	0.0378447207	0.0450388447	0.0413790048	-0.1156700366	0.0708141421	-0.029567988	0.028489678	-0.0701331982	-0.0725589432	-0.0055166942	0.0801538266	-0.1048318124	-0.1209084068210444	-0.0060905375453473	3.709464759128514e-05	0.0146188428400031	0.0373506948075146	0.0541208325437594	0.001395074402604	0.0029290645152296	-0.0609737757506465	0.0755038209068104	0.0037178013292901	0.0057008269715276	-0.0057581892734145	-0.0001040256358669	3.31567437084658e-05	1.0821332917533564e-08	0.0060098825768712	0.0012798427353717	3.611868858778002e-05	1.6379974272837153e-06	-0.0054703217091753	-0.0010621190197265	1.1280968120647816e-06	2.9924419601874575e-05	0.0	0.0	0.0	0.0	0.0	0.0	0.0	0.0	0.0	0.0	0.0	0.0	0.0	0.0	0.0	0.0	0.0	0.0
4481.286176211599	0.8012486410298152	20081925.793105174	0.6419993847521256	5464.8194790544185	23.83672885237138	29864251.938652605	568.1896423814742	5135.857141471692	-1.3301371572752032	1.7692648571641587	26377028.577605776	5250.449580367642	4107.149209871955	1.023002	20.20875	0.1513146220471968	0.0856264629279294	0.1090577793	-0.1008615177	-0.0172554333	-0.0174442435	0.0560402213	0.0689028022	-0.0079679404	-0.1042773165	-0.0942789928	0.0603869379	0.0124276224	-0.0370095972	-0.0934084288	0.0670194581	-0.0232525724	-0.0458537542	0.0962356132	-0.0458091802	-0.0979030827	-0.0759469722	0.0041949567	0.0291811553	-0.0206766273	-0.0258789337	-0.0921212029	0.034789899	-0.0112485563	0.0430951676	-0.0560181239	0.0316142699	-0.0117143328	0.0519428602	-0.0379501306	0.1133534798	-0.1117149797	-0.0989556285	-0.0569798934	-0.0764527953	-0.0306671332	-0.1050190772	0.1003180172	0.0478313976	-0.0300634482	0.0225543453	-0.0241468663	0.0511114987	-0.0642861147	-0.1014692771	-0.0091735072	-0.0214546554	0.0077907255	-0.0296977111	0.0694525339	-0.017556008	-0.0524579833	0.0747321097	-0.0376053331	0.1115217086	-0.015816608	-0.1008128163	-0.0691986836	0.0203654603	0.0833363431	-0.0224689598	-0.0691571358	0.1080218975	0.0573498119	0.0263986593	0.1051332196	-0.0849158775	-0.0279099873	-0.0833292691	-0.0562978082	-0.0472615095	0.0163742997	-0.0092145924	-0.0590095131	-0.0725025794	0.0071208684	0.0009247078	-0.1177953154	-0.0738823236	-0.0018396452	0.0764611723	-0.1053450429	-0.1220206440597451	-0.0011122372387007	1.237071675152558e-06	0.014889037576755	0.0354232945286554	-0.0019274002788592	0.0012548097952638	3.714871834946531e-06	0.0015157963540204	0.0624895721046669	2.2976385868615378e-06	0.0039049466218243	-0.0068412368257819	-0.0010830475523674	4.6802521306434405e-05	1.1729920006890166e-06	0.0058590122385149	-0.0001508703383563	3.432802441106738e-05	2.2761858995744583e-08	-0.005952112066951	-0.0004817903577756	2.321219488456369e-07	3.542763805754371e-05	0.0	0.0	0.0	0.0	0.0	0.0	0.0	0.0	0.0	0.0	0.0	0.0	0.0	0.0	0.0	0.0	0.0	0.0
4471.22932109139	-10.056855120208638	19991891.641787376	101.1403349088667	5464.036327283136	-0.7831517712820641	29855692.985869788	0.6133266968622345	5131.078590933317	-4.778550538374475	22.834545247798985	26327967.506334238	5261.485869630576	4144.36190224539	1.062617	20.99132	0.1034500492218182	0.0481549785527989	0.0909296952	-0.1162979788	0.0763469623	0.1003524354	0.0535706318	0.0593726259	-0.0777478483	-0.0745199537	-0.1031830359	0.0427099823	0.0846151962	-0.0493411876	0.0166491431	-0.1069363228	-0.0228202508	-0.0313354987	0.113346922	-0.0199610743	0.0163770643	-0.1739558928	0.0405706672	-0.0947267978	-0.0735823453	-0.1000490378	-0.0021105536	0.0259069724	-0.0305718125	0.0102018439	-0.0827265417	0.0185556916	0.0521256054	0.0696918548	0.0126470282	0.0606476676	-0.0534326497	0.0768367971	-0.0020653428	0.0798473664	-0.1421684494	-0.0117540214	0.0839889298	0.0870722297	0.012402831	0.08497687	-0.1759009288	0.1305067601	0.0176478281	-0.0316933309	0.1022979191	0.0372492334	-0.0911932667	0.0280161294	0.041890219	-0.0213978073	0.0593310588	0.0138394483	0.0577385917	0.0938147156	-0.0226036039	-0.0576455753	-0.1346859313	-0.0194451015	-0.0371140522	0.090001654	-0.0071178313	0.1253405714	0.0477674561	0.0999083968	0.0311640933	0.052424762	-0.0442157929	0.0140405562	0.0811243316	-0.0339776551	0.0968453481	-0.0499298598	-0.0691109836	-0.0569280302	0.0301434004	-0.1235358153	6.13552e-05	-0.0751831987	0.0018396452	0.0725589432	-0.1053450429	-0.1291556775736211	-0.0071350335138759	5.090870324413365e-05	0.0166811890495011	0.0257349419837282	-0.0096883525449271	0.0006622872389058	9.38641750347973e-05	-0.0238896107615147	-0.0254054071155351	0.0005707135023366	0.000645434710706	-0.0065603662596503	0.0002808705661315	4.303840546075807e-05	7.88882749190854e-08	0.0061752583674687	0.0003162461289537	3.813381590499219e-05	1.0001161407826349e-07	-0.0065794204928152	-0.0006273084258641	3.935158611602203e-07	4.328877402127661e-05	0.0	0.0	0.0	0.0	0.0	0.0	0.0	0.0	0.0	0.0	0.0	0.0	0.0	0.0	0.0	0.0	0.0	0.0
4471.790135986376	0.5608148949859242	19996907.02030505	0.3145133464380731	5448.035834792565	-16.00049249057156	29681094.45718392	256.01575994083686	5126.079915364583	-4.998675568734143	24.98675744145961	26276695.29870417	5253.304289135993	4115.582443445789	1.240761	24.510448	0.2325923848648971	0.1075429951553908	0.0390737877	0.0341373876	0.0882327768	0.136110309	0.005967741	0.0302285245	-0.0433749974	0.0166462125	-0.0792028544	-0.0048147556	-0.0682289301	-0.0794821903	0.0550849788	0.0851898641	0.0768649818	-0.0592303497	-0.099173221	0.0392695812	0.0184770332	0.0134678281	0.1335761711	-0.037388448	-0.0253357106	-0.0740448742	-0.127213752	-0.025908566	-0.0380189052	-0.019459834	0.0200143896	-0.0431259195	0.0875661505	0.0186701746	-0.0797286222	0.0184885802	-0.0830621027	-0.0924159238	-0.0083388805	0.0788269526	0.0680517072	-0.0821638783	-0.1309413857	0.0863248155	0.0015797524	0.0666482881	-0.0408414991	-0.0758024948	0.1138379274	-0.0241964251	0.0479797993	-0.0148986285	0.0001646781	0.0363167633	0.045230132	-0.1132721996	-0.0104317426	0.0215646077	-0.0808146118	0.0241388419	-0.094777907	0.0112382319	-0.0309158766	-0.1265108336	0.0973913033	-0.0331360575	0.0325271572	-0.0485606531	-0.0288576599	0.0503704356	0.0312289786	0.0444537597	-0.081827634	-0.0338939873	-0.0352725183	-0.0300639767	-0.0486766708	-0.0210911766	0.0042156253	0.0442026504	0.0086083158	-0.0257336265	-0.0111478964	-0.0764611723	0.0055166942	0.0684578352	-0.1048318124	-0.112338046923341	0.01681763065028	0.0002828327006892	0.0126198367865507	0.0031704722441077	-0.0225644697396205	1.0051894250657317e-05	0.0005091552946302	-0.1150833748622162	-0.0911937641007015	0.0132441831696773	0.0083163026108543	-0.0059591523167334	0.0006012139429169	3.5511496334029045e-05	3.614582051576862e-07	0.0054381365700186	-0.0007371217974501	2.957332935417366e-05	5.433485442760665e-07	-0.0058774258256963	0.0007019946671189	4.927965126633754e-07	3.454413433656183e-05	0.0	0.0	0.0	0.0	0.0	0.0	0.0	0.0	0.0	0.0	0.0	0.0	0.0	0.0	0.0	0.0	0.0	0.0
4470.634780220187	-1.1553557661891318	19986575.3381144	1.3348469464664758	5447.820142443426	-0.2156923491384077	29678744.30441232	0.0465231894768447	5122.981325561313	-3.098589803270442	9.60125876893156	26244937.66204994	5237.942397566722	4024.601939168956	1.044234	20.628189	0.0683325281341462	0.0311489155829444	0.0195093871	0.0836609218	0.0281063102	-0.0261302533	0.0487725588	0.0597401253	0.0911370442	0.0532388527	-0.0055431239	0.0780035403	0.0751977464	-0.1205429658	-0.0243901181	-0.0719723795	0.0168376571	0.0209267071	-0.1266328665	0.0477657055	0.0587382418	0.023621531	-0.0258823689	-0.0117015907	6.2346e-06	-0.0542134203	-0.0063480584	-0.0968337437	0.1674509879	0.0286341547	0.0066383915	-0.0099700219	-0.0897693371	0.0017482735	-0.0140058259	-0.0607704395	0.0407204006	-0.0465573805	-0.0939009264	-0.0064906153	-0.0225920998	0.1004577905	-0.1591094733	-0.0060319918	-0.0084371981	-0.0030869183	0.0171821106	-0.0286596835	0.1054054832	-0.081793739	-0.0707170619	-0.0553807287	0.0356164065	0.109993461	-0.0848903124	-0.0406994554	0.0361343038	0.0233168816	0.0137729987	0.0407885773	-0.0301351536	0.0627115829	-0.0652558104	0.021844865	0.0623893516	0.0745020632	0.0869114999	-0.0450907786	0.0644564137	-0.002077358	-0.0160458315	-0.0158243931	0.0263739981	-0.0564381984	-0.0036292112	0.0457666988	0.0025497881	-0.0829950409	0.1093936438	-0.0773043816	-0.1418228764	-0.0184048264	-0.0403098608	-0.0777158551	0.0091870219	0.0641690889	-0.1038078519	-0.121865591676098	-0.009527544752757	9.07741090157876e-05	0.0148512224345654	0.0287650466466544	0.0255945744025467	0.0008274279085842	0.0006550822388474	-0.1053628202783087	0.0097205545839074	0.0111013238969991	9.448918141872508e-05	-0.006262934741595	-0.0003037824248616	3.922435157747763e-05	9.228376165479403e-08	0.0053989277082036	-3.920886181499935e-05	2.914842039840858e-05	1.537334844827714e-09	-0.0060042316269184	-0.000126805801222	1.6079711223578674e-08	3.605079742968717e-05	0.0	0.0	0.0	0.0	0.0	0.0	0.0	0.0	0.0	0.0	0.0	0.0	0.0	0.0	0.0	0.0	0.0	0.0
4497.17491228784	26.54013206765285	20224582.191711143	704.3786101684551	5533.777992827317	85.95785038389022	30622698.87389993	7388.752042619256	5140.289769622328	17.308444061015507	299.582235813303	26422578.91568397	5256.62569762418	4024.227369840952	0.9610280000000002	18.984509	0.0797192031576526	0.0406174401740077	0.0569832569	0.0514566135	0.063334886	-0.0785962447	-0.0746910167	-0.0603997115	0.17224698	-0.074493033	0.0512313217	0.0984921214	0.1888046805	-0.019194955	0.0533319974	0.1121880444	-0.1198134211	-0.0235354507	-0.1310410742	-0.0200552594	0.1596094082	0.0278089312	-0.1167260897	-0.0220499976	0.0977414448	-0.0496472953	-0.0950608139	0.0109449075	0.0322158322	-0.0355492777	-0.0263001047	-0.085154349	-0.0512536709	-0.003389567	0.0589637841	-0.0512746005	-0.0425493112	-0.0046880556	-0.049140313	-0.0321264332	0.20957488	0.0914352062	-0.0472755121	0.0414804561	-0.052106577	0.0061246805	-0.0553458263	0.023389757	0.076005201	0.0850715377	-0.0544788206	-0.1394408552	-0.066539418	0.1191833913	-0.0878115107	-0.0857578152	-0.0401258	-0.0155703994	-0.0400577316	0.0630202901	-0.0265917759	-0.0155450697	-0.0685100235	-0.0652528974	-0.0231440351	-0.076189835	-0.0302654861	-0.0585281922	0.0125127015	-0.095723753	-0.0388460067	0.0225134192	0.1763085161	0.0253687356	-0.0106619425	0.0303683577	-0.0212289515	0.0026247431	0.0856368174	-0.0810381399	-0.0240449745	-0.0259191649	0.0192723826	-0.0789468648	0.0128461567	0.0597044597	-0.10227815	-0.1106700380845069	0.0111955535915911	0.0001253404202221	0.0122478573296262	0.0396641436979052	0.0108990970512507	0.001573244295288	0.0001187903165325	-0.093138335240738	0.0122244850375707	0.008674749491416	0.0001494380344337	-0.006257232998057	5.701743538000584e-06	3.915296479197339e-05	3.250987937313142e-11	0.0061299785271491	0.0007310508189454	3.757663674330905e-05	5.344352998808855e-07	-0.0061754804139797	-0.0001712487870613	2.932614706996661e-08	3.8136558343446885e-05	0.0	0.0	0.0	0.0	0.0	0.0	0.0	0.0	0.0	0.0	0.0	0.0	0.0	0.0	0.0	0.0	0.0	0.0
4496.724271006073	-0.4506412817672753	20220529.169455096	0.2030775648328528	5467.502249461207	-66.27574336610996	29893580.847863358	4392.474158730469	5147.234619140625	6.944849518296905	48.23093483178876	26494024.22447973	5254.260624432101	4063.060451918902	0.920335	18.180632	0.1510993582905522	0.0777067903492566	0.048438767	0.0732618466	0.0505863039	-0.0374640463	-0.0409746693	0.0029053105	0.1200001997	-0.0439872551	0.0163090747	-0.1135720596	0.0384061777	0.0169265895	-0.1377618328	0.0002993324	-0.1304072138	-0.0943563831	-0.046575738	0.0617450241	-0.0244332475	-0.0943999815	-0.0988400315	-0.0003871787	0.1272209498	-0.0120387353	-0.0132035751	0.0413203807	0.0819617219	0.0069687188	-0.0498382769	0.1116691916	0.0750111029	-0.0742666019	0.0182262022	-0.070270382	0.0766615974	0.0374532147	-0.0483887315	-0.1783355597	0.0049132842	0.0723890211	0.0190706386	0.1052808663	-0.036014839	0.1106388757	0.0859024645	0.0695096574	-0.094263822	0.0487803783	-0.0333692249	-0.1441658053	0.0304679481	0.0482599304	0.0099154867	0.0411833338	-0.0191624716	-0.0392758185	0.1723822235	0.0790932056	-0.0160176212	-0.0071359691	-0.1030720258	0.0433195347	0.1108604288	0.0637391023	0.0106613597	-0.1085218252	0.0550480347	-0.0821732963	0.0248120742	-0.0165579937	0.1306571935	0.0457040654	-0.0185296085	0.0041574478	-0.06487208	0.0673906099	0.1261509589	-0.1499154556	-0.0193231977	-0.0765197078	0.0620424779	-0.0801538266	0.0164896405	0.0550761846	-0.1002501592	-0.1121341241165225	-0.0014640860320156	2.14354790914319e-06	0.0125740617913796	0.0487051152217361	0.0090409715238309	0.0023721882487625	8.17391660947213e-05	-0.0571188423964272	0.0360194928443108	0.0032625621567078	0.0012974038647613	-0.0056369127023458	0.0006203202957112	3.177478481386742e-05	3.847972692712307e-07	0.0051574303940213	-0.0009725481331277	2.6599088269174705e-05	9.458498712503684e-07	-0.0066741081429486	-0.0004986277289688	2.4862961209668256e-07	4.454371950377281e-05	0.0	0.0	0.0	0.0	0.0	0.0	0.0	0.0	0.0	0.0	0.0	0.0	0.0	0.0	0.0	0.0	0.0	0.0
4480.004861436975	-16.71940956909748	20070443.55849893	279.53865633922834	5431.737567349138	-35.76468211206884	29503773.00055193	1279.1124865773368	5143.737251980111	-3.497367160513932	12.23157705544128	26458032.917407904	5259.887082594694	4143.377672474353	1.173372	23.179218	0.1146770348636878	0.0558514549841862	0.0394513729	0.0711002316	-0.0665864306	0.0529537732	0.0367522199	0.0671432581	-0.0022464265	-0.0847105828	0.0725917232	-0.1343295634	-0.0271380568	0.0203223497	0.0203797049	-0.0279859358	-0.1879232375	-0.0461562203	0.1027702032	0.0525131514	-0.0524120356	0.0073865386	-0.1359154427	0.0097802794	-0.0428421742	-0.0350095265	-0.0406005445	-0.0031290354	-0.0575357577	-0.0814515413	-0.07810522	0.0770494314	0.0300635158	-0.0456903721	0.0378441285	-0.0898711701	-0.0145436223	-0.0553467627	-0.0053113483	-0.0152831261	0.0168477723	0.0961063496	0.1604795415	0.1582994638	0.0625387295	-0.0203419171	0.0614554595	0.0512724685	-0.090294838	-0.0309387704	-0.0121003627	-0.0320368009	-0.1092763046	0.0346490755	0.0177062715	0.0556392499	-0.0487784742	-0.0583219193	0.091024739	0.0822705972	-0.0140901784	-0.057185458	-0.1071542188	-0.0035341717	-0.069528273	-0.0237589205	0.0390727103	-0.103765595	0.1097024641	-0.0411853686	-0.0015731417	0.0177959605	0.0710648292	0.0055296218	0.0446811143	-0.0757292921	-0.0207862327	-0.0520790597	0.0174869029	-0.0870043258	-0.0021855358	-0.0402511775	-0.0022490369	-0.0813363727	0.0201130341	0.0502969496	-0.0977337597	-0.1110872407492422	0.0010468833672803	1.0959647846881437e-06	0.01234037505728	0.03920722161061	-0.0094978936111261	0.0015372062264234	9.020998304827e-05	-0.0406378093119457	0.0164810330844814	0.001651431545674	0.0002716244515317	-0.0061011174769168	-0.000464204774571	3.722363446713962e-05	2.154860727345133e-07	0.0059750680444528	0.0008176376504314	3.5701438135841005e-05	6.685313274031436e-07	-0.0062029260719351	0.0004711820710134	2.2201254404457045e-07	3.847629185389221e-05	0.0	0.0	0.0	0.0	0.0	0.0	0.0	0.0	0.0	0.0	0.0	0.0	0.0	0.0	0.0	0.0	0.0	0.0
4473.79162255154	-6.213238885435203	20014811.482012343	38.604337447484085	5502.117239695582	70.37967234644384	30273294.11935533	4953.298279592792	5124.907805078799	-18.829446901311712	354.5480706093172	26264680.0105576	5256.162102972225	4170.462461981499	1.40326	27.720514	0.1987847377905922	0.0949166220559389	0.0219297033	-0.0371687986	-0.0915153442	0.1896377094	-0.0976685298	-0.0441384902	-0.1373794518	-0.0822447071	0.1278444847	0.0285379971	-0.0692764292	-0.0798091974	-0.1027351888	0.025842986	-0.0449642593	-0.232103431	0.2077743135	0.172252973	0.124225731	0.0828493624	0.014296596	0.1283782174	-0.055237174	-0.1979100302	0.0267997341	0.0622350734	0.02586857	0.064986703	0.1751243683	0.0073856452	0.0942376858	-0.0269624697	0.0324670691	0.0054973014	0.0616553244	0.100601176	0.0039054778	-0.0237050389	-0.0879832788	-0.120671899	-0.0088157516	0.2942985795	-0.0049299804	-0.1931980654	-0.0284559378	0.0679531485	-0.0053074592	0.1857792554	-0.0821471881	-0.1369006857	-0.0944256652	-0.094370624	0.0572738896	-0.0793602451	0.1688797436	0.0628756908	0.0380620776	0.0610064948	-0.0332598127	0.0536294561	-0.0899746596	0.0904861587	0.1474652006	-0.0966154152	0.0487049348	-0.0506292398	0.0007928058	-0.1138148386	-0.0793540168	0.3449799909	0.0178266754	0.1475489343	0.050181693	0.0248320924	-0.0340555167	0.06550389	-0.1910579887	0.0381026813	0.1172540131	0.0692894285	-0.098754713	-0.082494143	0.0237119231	0.0453798541	-0.0947412111	-0.1301218683968272	-0.019034627647585	0.0003623170496822	0.0169317006350812	-0.0139161616233138	-0.0531233832339238	0.0001936595543261	0.0028220938462183	-0.0512339050522641	-0.0105960957403183	0.0026249130269044	0.0001122772449379	-0.0050473477665631	0.0010537697103536	2.5475719476629515e-05	1.1104306024589206e-06	0.0059621025107927	-1.2965533660099816e-05	3.554666634920062e-05	1.6810506309118134e-10	-0.0049490486925736	0.0012538773793615	1.5722084824744634e-06	2.449308296146446e-05	0.0	0.0	0.0	0.0	0.0	0.0	0.0	0.0	0.0	0.0	0.0	0.0	0.0	0.0	0.0	0.0	0.0	0.0
4498.784247576143	24.992625024602603	20239059.70623924	624.6313056203923	5442.761937634698	-59.35530206088333	29623657.509765018	3523.0518827387014	5142.631379702342	17.723574623542845	314.1250974362919	26446657.50749921	5263.6924276319305	4125.706260793847	1.781676	35.195877	0.3368000168122926	0.1708914516451554	0.0274427756	0.1063514109	-0.0396092755	-0.0265561283	0.104202328	0.0227194296	-0.0057107519	0.0071337301	0.0232359667	-0.0898309706	-0.0727496433	0.0382084724	0.0214824488	-0.0737370233	-0.0426659777	0.0296766406	0.0015006065	0.0439968696	-0.0893927548	0.047997008	0.0471111942	-0.0458027177	-0.1371836603	-0.0064902539	0.0084175023	-0.0837995217	0.0431972347	0.0344968459	-0.0367147996	-0.1870903077	-0.1807290954	-0.0040840559	-0.0010908654	0.0262507591	-0.0172918188	0.0030983676	0.0277957803	0.0130942237	-0.0349212659	0.0666249508	0.0431236913	0.0121968121	0.0314215691	0.0226010203	0.0697346084	-0.0542055627	0.0828820061	-0.1775959885	0.0597917218	0.1013735763	0.0006526434	0.0280553606	-0.0216838865	0.1443781332	0.0913281358	-0.0502125631	-0.1382523158	0.0017482912	-0.0425616769	-0.1074921737	0.0159049971	-0.0106150902	-0.0988976978	0.1303730864	0.0292368977	-0.1116717381	0.0759605119	0.0997998229	0.0270510623	-0.0262577378	-0.0037469161	-0.0358255957	0.0860472575	-0.0365599394	0.0384543252	0.0031803359	-0.1345679869	-0.0303904442	-0.0664108306	0.0014432976	-0.1125120805	-0.0836267848	0.0272819228	0.0403383756	-0.0912870929	-0.1257096668418142	0.004412201555013	1.946752256205924e-05	0.0158029203374799	0.0172472259032758	0.0311633875265896	0.0002974668013586	0.0009711567221324	-0.1722807626032292	-0.121046857550965	0.0296806611631502	0.0146523417229636	-0.0066845515804762	-0.001637203813913	4.468322983204686e-05	2.680436328291599e-06	0.0068682787504024	0.0009061762396097	4.717325299322915e-05	8.211553772331764e-07	-0.0060092200426453	-0.0010601713500716	1.12396329151285e-06	3.611072552092997e-05	0.0	0.0	0.0	0.0	0.0	0.0	0.0	0.0	0.0	0.0	0.0	0.0	0.0	0.0	1.0	0.0	0.0	0.0
4488.649856547772	-10.134391028370374	20147977.53468634	102.70588151591392	5476.903673895474	34.14173626077536	29996473.853129737	1165.658154900343	5135.922246481677	-6.709133220665535	45.0124685726379	26377697.321905397	5262.35696226705	4122.711451926295	1.101284	21.755173	0.288474903905475	0.1440303341728901	-0.1083981001	0.0949305574	-0.015613446	0.0339324645	0.1059387774	-0.0405559651	-0.0956082181	-0.021948658	0.0724585951	-0.0570988458	0.0964520942	0.0293943885	-0.001187483	0.0676923215	0.092221579	-0.0008809142	-0.0119899212	0.0378679865	-0.0387492146	0.0061503554	0.0783754227	0.1383322582	-0.046433492	0.0501355837	-0.0751924586	-0.1139298922	0.1279562369	0.0488433856	-0.0504790302	-0.0944640572	0.0546491297	-0.0673597738	0.0280322271	-0.0414138303	0.0695062231	0.0011126045	0.0383804345	0.0070324493	-0.0098989015	-0.1321731294	0.018961463	-0.0100352475	0.0227295831	0.0509588539	0.0575630509	-0.0790806699	0.1664629972	-0.0842100355	-0.0813745932	-0.028507216	0.0381428712	-0.0781966469	-0.018779117	0.0465212106	0.0653067293	-0.0404346795	-0.0314900652	-0.1012178533	-0.0189786844	-0.1151007403	0.0464951729	-0.0478027854	0.0750700677	0.044712959	0.0731661264	-0.159844418	-0.0295532635	0.1220845244	-0.0835668984	-0.0619620215	0.0306791422	0.0960413756	-0.0151304014	0.0079386698	-0.0300450492	-0.1255009415	-0.0403826958	-0.0082877815	0.0271336733	-0.0070458923	-0.0865709406	-0.0847339531	0.0308186837	0.0351863325	-0.0873882332	-0.144672541793156	-0.0189628749513418	0.0003595906264202	0.0209301443488924	-0.0116358760245987	-0.0288831019278745	0.0001353936108598	0.0008342335769759	-0.264903126124473	-0.0926223635212437	0.0701736662305184	0.0085789022242614	-0.0045462191142701	0.002138332466206	2.066810823495481e-05	4.57246573603106e-06	0.0071889725032767	0.0003206937528742	5.168132565286846e-05	1.0284448313260243e-07	-0.0065103250936652	-0.0005011050510199	2.5110627215765666e-07	4.238433282520679e-05	0.0	0.0	0.0	0.0	0.0	0.0	0.0	0.0	0.0	0.0	0.0	0.0	0.0	0.0	0.0	0.0	0.0	0.0
4466.845835171771	-21.8040213760014	19952711.715191398	475.415348165126	5451.247262257543	-25.656411637930432	29716096.71427036	658.2514581349321	5123.565559558506	-12.356686923170855	152.6877117172616	26250924.043094065	5253.352650693504	4138.0802027422005	1.337042	26.412409	0.1309730613202989	0.0658624048184499	-0.0812415752	-0.0201654915	-0.1039180068	0.148087446	-0.0682636879	0.0128689976	-0.1650526509	-0.0217845124	0.0771043737	-0.0168829904	-0.1004581096	-0.0464406779	0.0610919253	-0.1242274061	0.0845148626	0.0469819	-0.0414279148	-0.0089708874	-0.0503902988	0.1897269994	0.1028551729	0.1464572919	0.0068794367	0.0388947828	0.0093988267	0.0233963067	-0.0711401323	-0.0066466906	-0.0135324582	-0.1385781299	0.0250305971	0.0643202091	-0.0306338534	0.0377979886	0.0820605168	0.0356936043	0.0280426646	0.1282811312	-0.1206455227	0.000625231	-0.0330654033	-0.0297264036	0.0189188855	-0.0808070458	-0.0675799433	-0.2436037424	0.0088815689	0.0377001116	-0.0828585545	0.0567705643	-0.0138587353	-0.0732939232	0.0494999212	0.0496365379	0.0325464369	-0.0418576144	-0.0767333153	-0.071697998	-0.0233172157	0.063231005	0.0021228396	0.1143368425	-0.0054129204	-0.0105532466	0.1284799456	-0.0523390763	0.0528968613	0.0703906798	-0.0301777514	0.031767937	-0.0655039359	0.0626081739	0.0621075857	0.1172963518	0.0554717306	0.0171801939	0.0071144507	0.0085138333	0.0946001257	0.0689255351	-0.0249326515	-0.0858153105	0.0343178967	0.029937846	-0.0830636267	-0.1464131142190439	-0.0017405724258879	3.0295923697613034e-06	0.0214368000153187	-0.0116049075180058	3.096850659289885e-05	0.0001346738785014	9.590484005944195e-10	-0.2291291335984198	0.0357739925260531	0.0525001598635625	0.0012797785412541	-0.0053068751758158	-0.0007606560615457	2.816292413168998e-05	5.78597643966216e-07	0.0066529118228535	-0.0005360606804232	4.426123572266388e-05	2.8736105309578424e-07	-0.0059384912783988	0.0005718338152663	3.269939122821266e-07	3.526567866361862e-05	0.0	0.0	0.0	0.0	0.0	0.0	0.0	0.0	0.0	0.0	0.0	0.0	0.0	0.0	0.0	0.0	0.0	0.0
4461.192911482521	-5.652923689250201	19902242.19346189	31.955546236486107	5454.331113617996	3.0838513604530817	29749727.89698133	9.510139213368324	5125.936736375351	2.371176816845036	5.622479496743359	26275227.425322384	5241.148694446177	4074.417293711991	1.236046	24.417315	0.1117333627685731	0.061201154763664	-0.0502492394	-0.1161804782	0.0030030953	0.0050967991	0.0894048261	0.029170537	-0.1061201899	0.0277524328	-0.0701451164	0.1168323679	-0.0774948495	-0.0231619381	0.0847393658	0.0365332799	0.1030091938	0.0099265769	0.0199254039	-0.1492768236	-0.0159724066	0.0760343887	-0.0391759401	0.0132190422	-0.0136680793	0.0277123843	0.0302081421	-0.0868616361	0.0200734099	0.0275930549	0.0408714084	-0.0607983792	-0.0396390304	0.0794595941	-0.0128621183	0.0188927578	0.1279343713	0.0249149638	-0.0204213723	0.1113274985	0.0117955639	-0.1027007071	0.0352379096	-0.1362315039	-0.0797300699	-0.0175723202	-0.0379255928	-0.0804631314	-0.0014284196	0.04845223	-0.0211121054	0.0398638116	0.0080786846	0.0168130742	0.0161584819	0.0584677812	0.0516338565	-0.0276791882	-0.020025726	-0.0588888152	-0.023946201	0.0393265335	0.0102422305	0.0073466838	0.0184576019	-0.1598749855	0.0406215344	0.0543988718	-0.0424966571	0.1196709945	-0.0201943237	-0.0708993248	0.0137017831	0.0628214634	-0.0678749791	0.0982011744	0.0047117543	-0.0256041466	-0.098716029	-0.0188949652	-0.0386137782	0.1185481305	-0.0921635262	-0.0868705278	0.0377752987	0.024607302	-0.0783343427	-0.1453114114916758	0.001101702727368	1.2137488994902931e-06	0.0211154063097031	0.0095238426517028	0.0211287501697086	9.070357885439344e-05	0.0004464240837339	-0.2515841987000513	-0.0224550651016314	0.0632946090355468	0.0005042299487185	-0.0063131837080167	-0.0010063085322008	3.985628853116749e-05	1.0126568619803292e-06	0.0069473065782601	0.0002943947554066	4.826506869233606e-05	8.666827201091186e-08	-0.005898237670609	4.02536077897999e-05	1.6203529400950395e-09	3.4789207618991086e-05	0.0	0.0	0.0	0.0	0.0	0.0	0.0	0.0	0.0	0.0	0.0	0.0	0.0	0.0	0.0	0.0	0.0	0.0
4473.288101544432	12.095190061911126	20010306.439418983	146.29362263375367	5439.43321322737	-14.897900390626091	29587433.681161035	221.94743604901703	5126.783343537484	0.8466071621332958	0.7167436869753926	26283907.451573387	5250.011101021326	4007.6221298600935	0.993352	19.623041	0.0596337534890843	0.0306662715831549	-0.0216400257	-0.1249526132	0.0644920057	-0.1113005945	0.0772846165	0.0203801939	0.0345595301	0.1470960376	-0.1277516734	0.0981010228	-0.0313738832	-0.0177257236	-0.0004217947	-0.0566838695	0.129776128	0.0024817153	-0.0257355463	-0.089862341	0.0021102648	-0.0943162391	-0.0398582551	-0.0055238584	-0.0291155751	-0.1054752468	0.1171971487	-0.0097743891	0.1370749879	-0.0096206282	-0.0196568196	-0.0542896043	-0.1597837109	-0.0420479142	0.0284835834	0.0129788303	0.0394257434	0.1322713249	0.0161990473	0.034794069	-0.0466053125	0.0097433762	-0.1528116304	-0.0821190641	-0.0656615081	-0.0065988101	-0.0854181253	0.1044242411	-0.0579365178	-0.1151742746	0.059343271	-0.0084968365	0.0331501646	0.0146289174	0.0504564035	0.1222967613	0.0318784587	-0.0032745553	0.1031716468	-0.0462736999	-0.0181712144	0.0725886467	0.0059335589	0.0281418954	0.0616617128	0.0433938829	0.0461082349	0.1354524324	-0.0467951118	0.0455343927	-0.0512081837	-0.033177375	0.0734511414	0.1075205974	0.037144021	0.064866717	0.0324466464	-0.0481620317	-0.1595447371	0.0957490044	-0.029259609	-0.0339135216	-0.0757889121	-0.0878992835	0.0411866773	0.019209311	-0.0732234215	-0.1441842830337947	0.001127128457881	1.2704185605654247e-06	0.0207891074739694	0.0215075236721844	0.0119836810204815	0.0004625735745095	0.0001436086108006	-0.252324450628123	-0.0007402519280717	0.063667628384784	5.479729170138695e-07	-0.0067672692439786	-0.0004540855359618	4.579593302049869e-05	2.0619367396980577e-07	0.007287083274273	0.0003397766960129	5.31015826461893e-05	1.1544820315344269e-07	-0.0060200292802872	-0.0001217916096781	1.4833196188006984e-08	3.6240752535515225e-05	0.0	0.0	0.0	0.0	0.0	0.0	0.0	0.0	0.0	0.0	0.0	0.0	0.0	0.0	0.0	0.0	0.0	0.0
4467.391920687222	-5.896180857209401	19957590.57302147	34.764948700922595	5431.219998484645	-8.21321474272554	29498150.671939544	67.45689641012416	5134.626762113423	7.843418575938813	61.51921495738203	26364391.98621137	5252.130873015696	4025.045222903637	1.144743	22.61368	0.1123698049018208	0.0542161899198308	-0.0240131424	-0.0086825694	0.1142583784	-0.0237780853	-0.1164233634	0.0204554697	0.0193393651	0.1245554588	-0.0273537969	-0.0403187013	0.0496469499	0.0166436614	0.0843649101	0.0300230008	0.042301229	0.005207669	-0.0054085126	0.0309404294	-0.0755546677	0.0093716653	-0.0859220503	-0.1112313081	0.0471047139	-0.0158128672	-0.1351439107	0.1213697323	-0.1131975034	0.050395675	-0.0436134812	-0.0054200867	-0.1243353975	-0.011657023	-0.0152776167	-0.0099043868	0.1723976339	-0.0241959809	0.0221897156	0.062725701	0.0727765591	0.003202624	-0.0525365839	-0.0167193904	0.0258806313	0.0653060521	0.0760960609	0.0356483935	-0.1211825898	0.0093989187	0.0962277909	-0.1075727398	-0.1206219887	0.0677217559	0.0547445615	-0.002000804	-0.1410246028	0.0593039622	-0.15955262	-0.035592294	-0.0478227496	0.0884644804	-0.0100578339	-0.0792526124	-0.0497211211	-0.0421654242	0.0046613093	-0.059576675	-0.0794680586	0.1251781232	0.0496670562	0.0379311444	0.0693986311	-0.0180379439	0.0280075444	0.1124916354	0.0511199568	0.0747176452	-0.0584988729	-0.0572210137	0.0211703416	-0.0389142537	0.0811514156	-0.0889012643	0.0445478763	0.0137586687	-0.0677557633	-0.1248756518988187	0.019308631134976	0.0003728232363065	0.0155939284371549	0.0040827572630917	-0.0174247664090927	1.6668906869328025e-05	0.0003036224844114	-0.2185127500813308	0.0338117005467921	0.0477478219481061	0.0011432310938659	-0.007068398949493	-0.0003011297055144	4.9962263709193744e-05	9.067909954318937e-08	0.0068277487749799	-0.000459334499293	4.661815333423953e-05	2.1098818224084244e-07	-0.0060960592116989	-7.602993141169953e-05	5.780550470467735e-09	3.716193791253901e-05	0.0	0.0	0.0	0.0	0.0	0.0	0.0	0.0	0.0	0.0	0.0	0.0	0.0	0.0	0.0	0.0	0.0	0.0
4461.288666698406	-6.103253988816505	19903096.56761164	37.24970925200458	5409.738393217942	-21.4816052667029	29265269.48305624	461.45936483443774	5136.708470794203	2.081708680780139	4.3335110316353855	26385773.91392892	5253.817376409725	4025.689196452785	1.065623	21.050711	0.0911703444778114	0.0485547763140822	-0.0402590918	0.1010615463	0.0455330625	-0.0072812282	0.0508280138	0.0591849354	-0.0070494021	0.0777203599	0.0572729738	-0.0546483473	0.0822860597	0.0205495538	-0.1043391843	-0.0428468402	0.0761177746	-0.0550845234	-0.0092792225	0.0876274037	-0.0800707037	-0.0113875979	-0.0711487615	-0.1410339307	-0.0124595422	-0.0332355767	-0.0104239938	-0.1134946625	-0.008430691	0.0621033658	-0.040959835	0.0303617348	-0.1219484573	-0.0200077699	0.0695252419	-0.011806422	0.0176934614	-0.0687014092	0.0135875582	-0.0765830009	-0.0713841161	-0.0069598323	-0.0820790522	0.0073382213	0.0052967841	0.0251829263	0.1725643694	0.029900978	-0.0529275152	-0.0647804724	0.1017891057	-0.0637583913	-0.0547189576	0.0833370903	-0.0649980272	0.0301981427	0.0242069843	0.0116478638	0.0445340143	-0.0144762049	-0.0063122133	0.1254353396	-0.0225957085	0.0256714177	0.118732114	0.0079781779	0.0082408271	-0.0866108649	-0.0012615028	0.0561481772	0.0107832231	0.0363452522	-0.0136016011	0.0054854595	0.0059901252	0.0380110851	-0.1036749653	0.0743271967	-0.0380280339	-0.0085974009	-0.0698283088	0.0011127412	-0.01186227	-0.0898761648	0.0478548005	0.0082703149	-0.0619580057	-0.1277308932499608	-0.002855241351142	8.152403173271663e-06	0.0163151810904328	0.015458711631993	0.0113759543689012	0.0002389717653211	0.0001294123378033	-0.1795231674154678	0.038989582665863	0.032228567638882	0.0015201875564581	-0.006774996013445	0.000293402936048	4.590057098219564e-05	8.608528288158695e-08	0.0065680319493957	-0.0002597168255842	4.313904368828268e-05	6.74528294915338e-08	-0.0063019307719048	-0.0002058715602059	4.238309930161176e-08	3.971433145388063e-05	0.0	0.0	0.0	0.0	0.0	0.0	0.0	0.0	0.0	0.0	0.0	0.0	0.0	0.0	0.0	0.0	0.0	0.0
4473.842009078876	12.553342380469983	20015262.322198916	157.58640492130382	5415.058957435344	5.320564217402534	29322863.51250076	28.30840359150424	5136.397185594101	-0.3112852001022475	0.0968984758026962	26382576.048179	5250.486603722741	4032.147192353512	1.024216	20.232735	0.1268638298634672	0.0601955715678076	0.0028857594	0.104936361	-0.0282290874	-0.049407639	0.0484911879	0.048220134	0.043436042	0.0863257395	0.1262472788	-0.0268660143	0.1256059096	0.0214932857	0.0809701644	-0.0594509378	-0.0864288033	-0.0362725789	0.0055418986	0.0555846545	-0.0959328215	0.0219501378	0.0221729599	-0.0602323003	-0.0606102984	0.0170270269	-0.0284747014	-0.0927228189	-0.0259449269	0.0734997002	0.0341594423	-0.000109942	-0.1379584089	-0.0985487448	-0.0192558539	-0.0353498847	0.0233617128	-0.0616916405	-0.0050405921	0.0354558017	0.0287529593	0.1206430957	0.0523877328	0.0234240586	0.0004190835	-0.0159602497	0.1209981319	-0.023596516	0.0154542085	-0.0792635403	0.099228113	-0.0345629929	-0.0399073233	-0.0383146841	-0.056832847	0.0296248582	0.0501977403	0.0201311394	-0.0058351781	0.0133109444	-0.0305289373	0.0256410684	-0.0328679229	0.014705962	-0.0593716462	0.0095357892	-0.0069438947	-0.0977167619	0.0762012148	0.0649953272	0.0280231663	0.0170079042	0.0030834538	0.0320521287	0.0880126144	-0.0272848184	-0.0181171118	-0.0154208912	0.0538979955	-0.0652300112	-0.1379321449	-0.030356767	-0.013610702	-0.0908236882	0.0511034211	0.0027592926	-0.055858395	-0.1192122891544897	0.008518604095471	7.25666157353768e-05	0.0142115698854536	0.0168432820326245	0.0013845704006315	0.0002836961496305	1.9170351943048777e-06	-0.1494562907247782	0.0300668766906896	0.0223371828372094	0.0009040170739331	-0.0075684055398708	-0.0007934095264258	5.728076241594702e-05	6.294986766232132e-07	0.0069138529444934	0.0003458209950976	4.780136253808006e-05	1.1959216065036325e-07	-0.0069005758239148	-0.0005986450520099	3.583758982960553e-07	4.761794670159742e-05	0.0	0.0	0.0	0.0	0.0	0.0	0.0	0.0	0.0	0.0	0.0	0.0	0.0	0.0	0.0	0.0	0.0	0.0
4506.59670480888	32.75469573000373	20309413.85979425	1072.8700923651247	5469.38481950431	54.32586206896576	29914170.303824198	2951.299289536293	5138.392190620278	1.995005026176841	3.980045054470858	26403074.304627456	5244.264509525104	4179.421244363489	1.450386	28.651455	0.2268137874956557	0.1095619638139074	0.1276263582	-0.0062709444	-0.1084199635	-0.0114126328	-0.1288669207	0.0012147389	0.106988581	-0.0876710992	0.1192189291	0.0058846373	0.0726718554	-0.0123445249	-0.0308292937	0.1118897979	-0.0792284675	-0.027067089	-0.0522374562	-0.0261834714	-0.0677661349	0.0595271535	0.0318422104	0.0235950305	-0.0828427961	0.0131815862	0.0655326979	0.0348328482	-0.0299014238	0.005286527	0.1569890722	-0.2031880643	-0.0085213373	0.0403272376	0.0673776443	-0.0310252781	0.0267029912	-0.0064036934	-0.0742227485	-0.0801946796	0.082665058	-0.0259827898	0.0764109056	0.0142386171	-0.0628518135	0.0350311486	0.041830756	-0.0904578575	0.0021583395	-0.0408039231	-0.0232787047	0.0507789517	-0.0245501953	-0.0690179885	-0.0352567159	-0.0549759367	0.1047076814	0.0236587881	-0.117361866	0.047003648	-0.1114100803	-0.3488989484	0.0782004424	0.0288780209	-0.0283072131	0.1074587951	-0.0866329865	0.0220732318	0.1483504799	0.0350078836	0.0174688473	0.008086043	0.0175066754	-0.0101306425	0.0775532515	-0.1837654946	0.2532585441	0.169469399	0.0134171676	-0.0145316612	-0.0111776506	0.0845631506	-0.1578141274	-0.0917435458	0.0542897799	-0.0027592926	-0.0494866478	-0.1207762094327336	-0.0015639202782438	2.445846636702467e-06	0.0145868927649395	0.0504129712227836	0.0335696891901591	0.0025414676675092	0.0011269240323238	-0.0791579716120054	0.0702983191127728	0.006265984469727	0.0049418536700812	-0.0091811563209623	-0.0016127507810914	8.429363138994598e-05	2.600965081911241e-06	0.0075682449173153	0.0006543919728219	5.727833112846887e-05	4.282288540937385e-07	-0.007061070248291	-0.0001604944243761	2.575846025584769e-08	4.985871305130032e-05	0.0	0.0	0.0	0.0	0.0	0.0	0.0	0.0	0.0	0.0	0.0	0.0	0.0	0.0	0.0	0.0	0.0	0.0
4527.062239045776	20.46553423689602	20494292.51619415	418.8380916015631	5672.434039938039	203.0492204337288	32176507.937447783	41228.98591874499	5181.080108484456	42.68791786417842	1822.258331578843	26843591.090533305	5348.28764776493	4019.957486940099	2.911803	57.520821	0.8996705589010349	0.5116690090734278	-0.3148328656	0.0286931563	-0.0428003833	-0.0555196551	-0.1102039195	-0.3819715158	-0.2011032025	-0.03197294	0.0417740943	0.0065830739	0.0882049971	0.3817660879	0.0380918992	-0.0167464427	-0.0300406356	0.1319466862	-0.1591078368	-0.0017161279	-0.1281031016	0.0926144752	0.0919385077	0.0970453108	0.1818783145	-0.19995556	-0.2016660702	0.0555004265	0.1139537307	0.0459020856	0.0794312468	0.0566057345	-0.0341881344	0.132364026	-0.028911584	0.1491014549	0.0119389331	-0.0941073445	0.4197186298	-0.046407769	0.0527881729	0.0845735721	0.0367426251	-0.0574752814	0.1082337919	0.1043519564	-0.2116846925	-0.2152433664	-0.0393468532	-0.0772438235	-0.0861585601	-0.212623205	0.1419291687	0.1697725711	0.2132997574	-0.0451020501	-0.0388028815	0.0370992267	-0.0743590128	-0.2806723313	0.0887048613	0.172433185	0.0126399988	0.1092470447	-0.0576786361	0.002062872	0.0213849501	-0.2089754304	-0.2834526459	0.1264968791	0.0692448934	-0.1407278847	0.0268986821	1.32716e-05	-0.0520173709	-0.1293275178	0.3340955969	0.2039272385	0.0396148684	0.0282489813	0.0276266154	-0.1004087057	-0.3031692959	-0.0926354574	0.0574099951	-0.0082703149	-0.0428738067	-0.1735392172977867	-0.0527630078650531	0.0027839349989676	0.0301158599403284	-0.065744015067878	-0.1161569862906616	0.0043222755172453	0.0134924454641289	-0.5371935284541607	-0.4580355568421553	0.2885768870130311	0.2097965713317033	-0.0048080175447965	0.0043731387761657	2.311703271107096e-05	1.9124342755604903e-05	0.0084831339698743	0.0009148890525589	7.196356195083529e-05	8.370219784923031e-07	-0.0072273425776295	-0.0001662723293385	2.7646487503650722e-08	5.223448073441623e-05	0.0	0.0	0.0	0.0	0.0	0.0	0.0	0.0	0.0	0.0	0.0	0.0	0.0	0.0	0.0	1.0	0.0	0.0
4500.366149407009	-26.696089638766352	20253295.478728477	712.6812020010482	5482.43150508486	-190.002534853179	30057055.20794704	36100.9632506335	5157.9950476137465	-23.08506087070964	532.9200354043693	26604912.911207933	5268.38951063863	4075.43542919976	2.062112	40.735718	0.5829395603028564	0.3030456036685621	-0.0592023052	0.103744642	0.0213417294	-0.0492796158	0.0425110031	-0.0593607799	0.0402924688	0.041686835	-0.0005529086	-0.0057013679	0.0096958893	0.1812061668	-0.037833812	0.1370989063	-0.0399723567	0.0843490009	-0.0507977307	0.0404963068	0.0846162679	0.0316724796	0.1233053059	-0.0394580322	0.0241701565	0.077367655	-0.0293692368	0.0625194314	0.0824849125	0.2043950044	0.0015264312	0.0858443014	-0.0282320861	-0.0194988306	-0.0160561944	0.0231790171	0.0605041756	-0.0368707748	0.0788892565	-0.1318520314	0.1271417985	-0.0325393567	0.0894520864	-0.1197120891	0.0857218628	0.0981825356	0.0899000966	-0.0497379897	0.1128428835	0.1429601267	0.0612543002	0.0157110163	0.0793493584	-0.0147385093	0.1649622144	0.0609538828	0.0140011668	0.1132039277	0.0623237138	-0.0830296478	0.0908524919	-0.0632635951	0.0882129205	-0.0671372661	0.0511885667	0.0140821342	-0.0189423464	-0.1227966479	-0.0838917265	0.0816416615	-0.0925727998	-0.0830569146	0.0088883915	-0.1136451366	0.1024924813	-0.0007641749	-0.0212458036	0.0240872276	-0.0294423894	-0.142554739	0.0479284731	-0.1492095398	-0.0922899733	-0.0934991514	0.060460265	-0.0137586687	-0.0360520886	-0.186559657508468	-0.0130204402106813	0.0001695318632799	0.0348045058096768	-0.009366924746331	0.056377090321547	8.773927920342806e-05	0.0031783763131238	-0.2600988917229827	0.277094636731178	0.0676514334755238	0.0767814377051835	-0.0070903230346981	-0.0022823054899016	5.027268073637048e-05	5.208918349234984e-06	0.0096775141439282	0.0011943801740539	9.365428000593038e-05	1.4265440001730285e-06	-0.008479604774463	-0.0012522621968335	1.5681606096182648e-06	7.190369713109572e-05	0.0	0.0	0.0	0.0	0.0	0.0	0.0	0.0	0.0	0.0	0.0	0.0	0.0	0.0	0.0	0.0	1.0	0.0
4460.696898836453	-39.66925057055596	19897816.823289152	1573.6494408295544	5407.476388234106	-74.95511685075417	29240800.88930937	5618.269542110211	5136.222810155576	-21.77223745817082	474.0303239349766	26380784.75556244	5250.127120989078	4084.924664473428	1.14566	22.631779	0.1307282511470092	0.0713441126990703	-0.0843265587	0.0985975808	-0.046346097	0.036263847	0.0990656255	0.0629819038	-0.0854717284	-0.0189560679	0.1144270328	-0.0321574821	0.0125843324	0.0429471181	-0.0657860896	-0.0754095763	0.0137841295	0.0196832427	0.0812672099	0.0495069749	-0.0097520445	0.1131837265	0.0167899414	0.0202451474	0.0141624472	0.0048412929	0.0328008641	0.0377595088	0.0323056676	-0.0597772547	-0.0679303595	0.0225243834	0.0278402128	-0.0132255076	0.0667580893	-0.0269540326	0.0662464642	0.0636961916	0.0031097044	-0.0387593982	-0.1270961445	0.0001936448	0.0903361905	-0.0343224012	0.0465375547	-0.0381489432	0.0634552648	-0.0666418366	0.0362920178	0.0719944866	0.0368054253	-0.0792578452	-0.0961098422	-0.0648266745	0.0839625984	0.0549194124	0.0128289998	-0.0472788759	0.043343545	-0.0510886939	0.1263632878	0.0284931125	0.0167230335	0.034897285	0.043856129	0.0527844617	0.092325014	-0.06562678	0.0258577612	0.0489962552	-0.1587887056	0.0126181507	0.0226586352	-0.0369182423	0.0848826082	-0.0045065846	0.0279115775	-0.1080367841	0.0280768558	-0.0615527432	0.0976378013	-0.0953964502	0.0105674071	-0.0943343646	0.0634368734	-0.019209311	-0.0290547284	-0.188850363517858	-0.0022907060093899	5.247334021455424e-06	0.0356644598008271	-0.0018592745387735	0.0075076502075574	3.456901810531411e-06	5.636481163903816e-05	-0.225020001805781	0.0350788899172016	0.0506340012126736	0.0012305285178231	-0.006124101023627	0.000966222011071	3.750461334758928e-05	9.335849746782808e-07	0.009339075870113	-0.0003384382738152	8.721833810772688e-05	1.145404651830132e-07	-0.0080672449590921	0.0004123598153709	1.70040617332723e-07	6.508044122999691e-05	0.0	0.0	0.0	0.0	0.0	0.0	0.0	0.0	0.0	0.0	0.0	0.0	0.0	0.0	0.0	0.0	0.0	0.0
4453.296972714947	-7.399926121506724	19831853.927192107	54.75890660375754	5448.322621733567	40.84623349946105	29684219.39049373	1668.4147910924942	5123.990838612505	-12.231971543070358	149.62112783048303	26255282.114184886	5244.767765475787	4149.697058932644	1.254317	24.778248	0.1186700579430662	0.0598737626487033	-0.0499600661	-0.0633686577	-0.1013441417	0.1797070049	-0.0079643553	0.0344877224	-0.1228323251	-0.0690823204	-0.0106371147	0.1038818004	-0.043126367	-0.0156288943	0.071001695	0.0575329993	0.0600871143	0.0677545754	0.095797909	-0.0413544849	0.06081931	0.0583209945	0.0361195468	0.0183325738	0.0428487271	0.0866765709	-0.0214039244	-0.0243444309	0.0392642353	-0.0243680961	0.1614537165	-0.0072654542	-0.0292805026	-0.0075544059	-0.0647538732	-0.0390802046	0.0256108368	-0.0649183867	3.76425e-05	0.0869330035	0.022884275	-0.0984084722	0.0598588992	-0.0805604657	0.0400408269	-0.1161506847	-0.0164470992	-0.0291735256	0.0458609593	0.0454127274	-0.0363038728	0.0230729927	0.0954576716	0.0550128068	0.0465055051	-0.0411532144	0.027571758	-0.0891514043	0.0048922183	-0.0228289633	0.0933958921	0.0047433257	-0.0066113154	9.23373e-05	-0.0002752419	-0.1599277312	0.0273593685	0.0136965043	-0.0196907066	0.0153871361	-0.0510933169	0.0347150156	-0.1155270617	-0.0791876023	0.1033791533	0.1342912547	0.0687647909	-0.0582910703	0.0413133888	-0.0420537931	0.063877183	0.0639920501	-0.0758604133	-0.0951408427	0.0663361938	-0.024607302	-0.0219158165	-0.1839913301654405	0.0048590333524174	2.3610205119905615e-05	0.0338528095760481	0.0016101269953878	0.0034694015341613	2.5925089412765447e-06	1.203674700524078e-05	-0.1912656882074586	0.0337543135983224	0.0365825634854727	0.0011393536864938	-0.0068855973114496	-0.0007614962878225	4.741145033544196e-05	5.798765963675992e-07	0.0092059457693922	-0.0001331301007208	8.474943750899013e-05	1.7723623717930395e-08	-0.0074301251584722	0.0006371198006199	4.059216403419418e-07	5.520675987056153e-05	0.0	0.0	0.0	0.0	0.0	0.0	0.0	0.0	0.0	0.0	0.0	0.0	0.0	0.0	0.0	0.0	0.0	0.0
4463.107475304599	9.81050258965206	19919328.33611979	96.24596106156976	5416.237036974677	-32.08558475889004	29335623.640696228	1029.4847493199163	5121.131417651663	-2.8594209608427263	8.17628823130674	26225986.99685893	5237.876735152241	4074.953215358176	1.314516	25.967438	0.1364631265727826	0.0710656655314093	-0.01525761	-0.1073801486	0.0805306675	0.0117589565	0.1059450001	0.0547038449	0.0043661644	0.0803498182	-0.1049712064	0.0520447412	-0.0394131798	-0.0272207484	-0.0602491127	-0.0425560007	0.1408524101	0.0501663153	0.0251625521	-0.0583160056	0.0072225832	-0.106529501	-0.0221697212	0.0271539423	-0.0756234009	-0.099126741	-0.0624564549	0.0061786117	0.0328188132	0.0043603408	0.0288022264	0.1080555956	-0.0821385976	0.0250133861	0.0272372789	-0.0099921978	0.0579756094	0.0722295448	-0.0289434162	-0.0065163241	-0.0988628792	-0.0601001845	-0.0624155388	-0.0936626203	-0.0037662383	0.0716425511	-0.052967473	0.1331416417	0.0385496526	-0.108542523	-0.0192362836	-0.0144225678	-0.0775143158	0.0090410555	0.0045610921	0.1193523525	-0.0196484547	0.0571491554	-0.0069462204	-0.0354637713	0.0442187291	-0.001357589	-0.0504218637	-0.0272052602	0.1207963692	0.0724178921	0.0748321326	0.0500901957	-0.0550190976	0.0871910083	-0.0239061349	0.0044991022	-0.0208859745	0.0665490623	0.0830430427	0.0483543452	-0.0549860128	-0.0602701439	-0.1103029977	0.0537957112	0.0317898341	-0.099573819	0.083097395	-0.09591834	0.0691546937	-0.029937846	-0.0146701329	-0.183132240128188	0.0008590900372525	7.380356921065249e-07	0.0335374173743683	0.0093035187483252	0.0076933917529374	8.655546110043851e-05	5.918827666416521e-05	-0.2164500206429664	-0.0251843324355078	0.0468506114363405	0.0006342506002221	-0.0059818891059127	0.0009037082055368	3.578299727543705e-05	8.166885207547232e-07	0.0082887937872144	-0.0009171519821777	6.870410244696405e-05	8.411677584126656e-07	-0.0071964590992452	0.0002336660592269	5.4599827234675686e-08	5.178902356710904e-05	0.0	0.0	0.0	0.0	0.0	0.0	0.0	0.0	0.0	0.0	0.0	0.0	0.0	0.0	0.0	0.0	0.0	0.0
4469.426560649781	6.31908534518243	19975773.78104173	39.93083959969935	5403.052204000539	-13.184832974137862	29192973.119155083	173.83982055591306	5133.0794692492445	11.94805159758198	142.75593697848132	26348504.837628108	5254.5042283374605	4043.4845203529258	1.293711	25.556438	0.1241240342948267	0.0740989877494151	-0.0061699936	0.1045843262	0.0011245986	-0.0634677452	0.0533765184	0.0363372468	0.0284030639	0.1163500402	0.096762667	-0.0050606889	0.0124830585	0.0409027894	0.0825210814	-0.0369448093	-0.0236626113	-0.0385895073	0.0557334555	0.0911198138	0.0350056973	0.0736073272	-0.0503369517	-0.0577857273	-0.1224909703	-0.1018546338	0.0136292801	-0.1281678889	0.021584292	0.0017751466	0.0028998295	0.0732608766	-0.0009321639	-0.1477902426	0.0072735168	0.017323613	0.0122817399	0.0031023771	0.0404629876	0.0434193757	0.0510781996	0.0845281193	-0.0209218713	0.0443658261	-0.0081788394	-0.1352678383	0.1136471206	0.0498961003	0.0355793297	-0.1157080971	0.1018504005	-0.0309677708	-0.1029003507	0.0248966724	-0.090710211	0.0745052838	0.0949975912	0.0133483942	0.0633160098	-0.0158088992	-0.0200528454	-0.0312865499	-0.0203121099	-0.0337797404	-0.0604319326	-0.0260551085	0.0458451107	-0.0816071372	0.0171032373	0.0418899944	-0.0580512877	0.078442309	-0.0548062182	0.0603059115	0.069309761	0.0327028473	-0.1110285115	-0.0217630994	-0.0334684817	-0.0237476886	-0.1441330414	-0.0063333219	0.058878648	-0.0966666195	0.0718889393	-0.0351863325	-0.007352978	-0.1675421342189338	0.0155901059092541	0.0002430514022617	0.0280703667386352	-0.0015277669565278	-0.010831285704853	2.3340718734582166e-06	0.0001173167500201	-0.1909156403569269	0.0255343802860394	0.0364487817328954	0.000652004576592	-0.0072756031912523	-0.0012937140853395	5.293440179656065e-05	1.6736961346060768e-06	0.0081901759635114	-9.86178237030004e-05	6.70789823132799e-05	9.725475151916067e-09	-0.0072474924380962	-5.103333885100002e-05	2.6044016742809877e-09	5.25261466402616e-05	0.0	0.0	0.0	0.0	0.0	0.0	0.0	0.0	0.0	0.0	0.0	0.0	0.0	0.0	0.0	0.0	0.0	0.0
4478.612786816569	9.186226166787492	20057972.49423687	84.38675118737122	5465.037192719558	61.98498871901938	29866631.517808072	3842.138826496961	5130.647188124056	-2.432281125188638	5.915991471948906	26323540.56900528	5245.939360702323	4075.360603479022	1.240931	24.5138	0.1091724538067933	0.0528074831107743	0.0328260306	-0.0834795279	-0.0316362684	-0.0332863063	-0.0389546575	-0.0123929854	0.0768090031	-0.018920674	-0.024444657	0.1132398117	-0.0160660929	-0.0035094409	-0.1102622826	0.0692051403	0.0219344628	-0.0910233838	0.0056035223	-0.0081036171	0.0126420192	-0.0835796745	-0.0992606119	0.0457009125	-0.0113910358	0.0339391572	0.0363916022	-0.0555273582	0.0570556864	0.0433993388	0.0887706622	-0.0902094102	0.0794154317	-0.0427056604	-0.0513387113	-0.055138462	0.0692493301	0.0047397579	-0.0280142684	-0.1159106179	0.0342911292	-0.0427941587	-0.0468556924	-0.0033104563	-0.1210426951	-0.0322966863	0.0661268766	0.0811778296	-0.0659195305	-0.0202126612	-0.0945339574	0.0400669937	0.0483623113	-0.012704146	-0.0495963223	-0.0394307525	0.1257770295	0.0319097028	-0.0130773825	0.0012543312	-0.0333188827	-0.0736907559	0.0147225088	0.0464160869	0.0976123631	-0.0253822784	-0.0015676124	0.0929769014	0.0225752586	-0.0133832343	0.0225498962	-0.0113337823	-0.012168401	0.064953889	-0.0435536585	0.0028830134	-0.0729359949	0.0180341087	-0.018152753	-0.0350298474	-0.0466049676	0.0921843383	-0.0160786724	-0.0973854535	0.0745355992	-0.0403383756	-0.0	-0.1415235162510839	0.0260186179678499	0.0006769684809569	0.0200289056520708	0.025663911537805	0.0271916784943328	0.0006586363554202	0.0007393873793391	-0.1986036112672025	-0.0076879709102755	0.039443394408374	5.9104896717243735e-05	-0.0076113959174171	-0.0003357927261647	5.793334781167369e-05	1.1275675494518829e-07	0.0076111678817252	-0.0005790080817862	5.792987652380527e-05	3.352503587737349e-07	-0.0071968095173605	5.068292073570017e-05	2.568758454301266e-09	5.179406722917068e-05	0.0	0.0	0.0	0.0	0.0	0.0	0.0	0.0	0.0	0.0	0.0	0.0	0.0	0.0	0.0	0.0	0.0	0.0
4477.83402989829	-0.7787569182783045	20050997.599315163	0.6064623377663219	5487.401306573276	22.364113853717758	30111573.0993821	500.1535884620504	5130.9688975806885	0.3217094566325613	0.1034969744868178	26326841.827940386	5241.504085806104	3997.7541410032018	1.082931	21.392618	0.1226470547832175	0.0621965179026219	0.0301490752	-0.0857492935	0.0935770058	-0.1048780109	-0.0096083076	-0.0524150976	0.1094066655	0.0235348316	-0.0782169958	-0.0040263034	0.0194861064	0.0017933789	0.0340591641	-0.0622101889	-0.0680682285	0.0073280987	0.0186378308	0.0346966069	0.0485567742	-0.2218067354	0.0382444885	0.0577441562	-0.0016983473	0.0752591002	0.0504670707	0.0548825002	-0.0687026294	-0.0833728863	-0.0121140322	0.0568427403	-0.0099232397	-0.1618096492	0.0014268185	-0.0176692018	-0.0879173488	0.0777678642	-0.0274515122	0.0177987126	-0.0057348291	0.094115186	0.0233869474	0.0057804992	0.0217102637	0.1088601033	-0.0493270575	0.1748302827	-0.0406820804	0.0741088938	0.0339579521	-0.0098752942	0.0206080718	-0.2107169159	-0.0500961272	0.0265927734	-0.0465451854	-0.0282901546	0.0182436851	-0.0006751531	0.0231824528	0.0038552447	-0.0681604146	-0.0568400725	-0.0805400016	0.070678905	0.0391866496	0.0851586846	-0.0324360566	-0.0480455984	-0.0969246647	0.0733920725	0.1545348763	0.0856481331	-0.0242466498	-0.0334771064	-0.0647199259	0.0231003197	-0.1304475395	0.1068535164	0.170358179	-0.132163223	0.0817577632	-0.098074623	0.0770914491	-0.0453798541	0.007352978	-0.1445716366062583	-0.0030481203551744	9.291037699628544e-06	0.020900958111012	0.0419362770501123	0.0162723655123072	0.0017586513328237	0.0002647898793661	-0.2165622746180133	-0.0179586633508108	0.0468992187877278	0.0003225135893477	-0.0067870863689221	0.0008243095484949	4.606454137920817e-05	6.794862317400306e-07	0.0082963953966066	0.0006852275148813	6.883017657683517e-05	4.695367471505389e-07	-0.0073946305652826	-0.0001978210479221	3.913316700099789e-08	5.468056119701167e-05	0.0	0.0	0.0	0.0	0.0	0.0	0.0	0.0	0.0	0.0	0.0	0.0	0.0	0.0	0.0	0.0	0.0	0.0
4471.109281957753	-6.724747940536872	19990818.211208776	45.222234863754906	5427.802901064117	-59.59840550915942	29461044.33280004	3551.969939234204	5136.225726349984	5.25682876929568	27.63424870969473	26380814.71201942	5246.732721691937	4081.94312382167	1.318484	26.045811	0.2087847395765614	0.108101296964198	0.0142025652	0.1062338255	-0.0072503134	-0.0325444195	-0.0032975383	-0.0020147992	0.0974654238	-0.0262794356	0.1564600764	-0.0673803617	0.1029407062	0.0298293688	-0.0215092819	0.1196275665	-0.0536065857	-0.0444692815	0.020594858	0.0332068299	0.0067775503	-0.0260337524	0.1129110979	-0.0199745621	-0.0417043553	0.0499691798	-0.0118601085	0.0079842227	0.0069896167	0.0620308763	-0.143645781	-0.1091910436	0.1745353355	-0.0897012849	0.1017431351	-0.1261008425	-0.0487461926	-0.0193899434	-0.0228841843	-0.0793622867	0.0998470101	-0.0402421108	0.0449730866	0.0468530378	0.0006403655	0.0015284809	0.0643773082	0.0048775474	0.0828270981	0.0128052947	0.106869585	-0.0419925921	-0.014119094	-0.1186405038	-0.0404771861	-0.0492833436	0.0375093976	0.027522238	-0.0121633007	0.034944657	0.0383369644	-0.0351812817	0.0156647937	-0.0110269629	0.0645875475	-0.0661656763	-0.0704179504	-0.0304251439	0.0632196091	-0.0262145323	-0.0732326291	0.0489294049	0.0944137973	-0.0612568949	0.0011052121	-0.0824529826	-0.0710228965	0.0078854043	0.1000733353	0.0059646674	0.0680987098	0.0124594574	0.1068281469	-0.098733918	0.0795533748	-0.0502969496	0.0146701329	-0.155549841756283	-0.0109782051500247	0.000120520988316	0.0241957532704046	0.0139536504370028	-0.0279826266131094	0.000194704360518	0.0007830273921687	-0.1471518482517311	0.0694104263662822	0.0216536664439005	0.004817807288349	-0.0082173391287257	-0.0014302527598036	6.752466235648646e-05	2.0456229569258174e-06	0.0084609499440615	0.0001645545474548	7.15876739559143e-05	2.7078199088086903e-08	-0.007808092886967	-0.0004134623216843	1.7095109145265384e-07	6.096631453150466e-05	0.0	0.0	0.0	0.0	0.0	0.0	0.0	0.0	0.0	0.0	0.0	0.0	0.0	0.0	0.0	0.0	0.0	0.0
4471.220649231906	0.111367274152144	19991814.094117783	0.0124026697520788	5441.275111126078	13.47221006196105	29607474.83496011	181.50044395360456	5126.693431478708	-9.532294871276465	90.86464551296356	26282985.540366925	5241.324334835109	4081.465100613796	1.242672	24.548197	0.0924193504054617	0.0468659348012866	0.0462596395	-0.0892927132	-0.0434542739	-0.0081017524	-0.0088552757	0.0093630258	0.0249658708	-0.0472245866	-0.0599437525	0.0229419732	-0.0735802734	-0.0253050006	-0.054059855	-0.0882541525	-0.0350687119	-0.0081734442	-0.004645594	-0.0900099905	0.0137669564	0.0100994701	0.0102503378	0.1103295123	-0.0462127425	0.0221620969	-0.0334189489	0.0935805521	0.0646254957	-0.0469482458	-0.0808099221	-0.1115188441	0.0283129825	0.0152704873	-0.0050844695	0.0736793428	0.060726974	-0.089461053	-0.0410479042	-0.0403277061	-0.0547876976	0.091019366	-0.0122330088	-0.0303570417	-0.0908440763	-0.0771493765	-0.025401385	0.0294375176	0.013922347	-0.0571898556	-0.0580127864	0.0182601607	0.0477096058	-0.0802628214	0.074815082	-0.0333581701	0.054460191	-0.0393508705	-0.1589030476	0.0313471591	0.038299978	-0.0025128494	-0.0268096616	0.0806567672	-0.0312310677	0.0361576752	-0.0373008351	0.1423054284	0.0763624482	-0.0334382393	-0.028000435	0.0072561488	0.0439504567	-0.0744732732	-0.0138819418	-0.0571208364	-0.0401323447	0.0577205034	0.0784613518	0.0102012511	0.0741243077	0.0561868988	-0.0340091994	-0.0993631376	0.0819183771	-0.0550761846	0.0219158165	-0.1490877532404795	0.0064620885158035	4.175858798607968e-05	0.0222271581662941	0.0230874957256048	0.009133845288602	0.0005330324588798	8.342712975611698e-05	-0.1756738554423123	-0.0285220071905811	0.0308613034859664	0.0008135048941795	-0.0088644976938194	-0.0006471585650936	7.857931936372947e-05	4.1881420837413593e-07	0.0083433933328513	-0.0001175566112102	6.961221230666752e-05	1.3819556839226135e-08	-0.0080094058988726	-0.0002013130119056	4.0526928762504445e-08	6.415058285289521e-05	0.0	0.0	0.0	0.0	0.0	0.0	0.0	0.0	0.0	0.0	0.0	0.0	0.0	0.0	0.0	0.0	0.0	0.0
4473.9835036340855	2.7628544021799826	20016528.39078993	7.633364447645309	5479.6088732489225	38.333762122844746	30026113.403788324	1469.4773184908463	5120.067557379372	-6.625874099335306	43.90220758024245	26215091.79212877	5225.693565377352	3989.5412021281977	1.132829	22.378313	0.1086747571510771	0.0549328584924329	0.0579273439	-0.0960642499	0.0693797623	-0.1469463111	0.0228430607	-0.0481374506	0.1659675711	-0.0074586959	-0.0396513373	0.0376884682	0.057938034	-0.0774744654	0.0290369255	0.0783440905	-0.0308826346	0.0216200142	-0.0253381607	-0.0811238797	0.1449249782	-0.1471655099	0.0482965955	-0.0495181292	0.0119637595	0.0642405358	-0.0321865513	0.1147834144	-0.0917795538	-0.0767280358	0.1824880728	-0.0431110707	-0.0592799295	-0.0988686383	0.0451491169	-0.1674680736	-0.0635727907	-0.1017117301	-0.1086091854	0.0080910364	0.1048821912	-0.0076167724	-0.0222489828	-0.0398132672	-0.0290754783	0.0679488254	-0.115912168	0.1405274993	0.0615375071	0.1129134834	0.0202153666	-0.032015565	-0.0001190589	-0.0700675049	-0.035554142	-0.0763030176	-0.0751962915	-0.1193067848	0.0198809949	0.0551380528	0.0232233942	-0.0454500384	-0.0444165612	-0.0829826436	-0.0222689647	-0.0527089717	-0.0876824545	0.0611062088	0.0066489037	-0.045721515	-0.0221422137	-0.0036583108	0.1631093432	-0.0746503075	-0.0219556235	0.0065944256	0.0738271687	-0.0490588919	0.0212562355	0.03591574	0.041904151	-0.0997036901	0.0811978142	-0.0999620903	0.0841835744	-0.0597044597	0.0290547284	-0.1351361447714225	0.0139516084690569	0.0001946473788738	0.0182617776236828	0.0419154259431877	0.0188279302175829	0.0017569029319988	0.0003544909562781	-0.13255410629408	0.0431197491482323	0.0175705910954222	0.0018593127666064	-0.008503306531841	0.0003611911619783	7.230622197444983e-05	1.304590554913066e-07	0.0086369539018962	0.0002935605690448	7.459697270347998e-05	8.617780769796536e-08	-0.0080101635541734	-7.576553008002695e-07	5.740415548307469e-13	6.416272016460784e-05	0.0	0.0	0.0	0.0	0.0	0.0	0.0	0.0	0.0	0.0	0.0	0.0	0.0	0.0	0.0	0.0	0.0	0.0
4466.243150962052	-7.740352672033623	19947327.88351544	59.91305948745805	5412.719767813847	-66.88910543507518	29297535.284882788	4474.152425904604	5117.958225388601	-2.109331990771352	4.449281447291436	26193496.39682284	5230.59465139948	4062.573672803149	1.21646	24.030399	0.0625324833417085	0.0294261977138103	0.0493556149	0.0699304265	0.0748601165	-0.0173799467	-0.0949614854	0.0101556349	0.109655106	0.0317531727	-0.0054509359	-0.1420124538	0.0298630446	-0.1041711724	-0.0584846848	-0.0706069302	-0.0101321199	-0.0073786557	-0.0743796248	0.0910697883	0.0630902979	-0.0448817163	-0.0230674165	-0.0432950474	0.0337358972	0.0413780073	-0.0648320683	0.0625874275	-0.0265957599	-0.0936824207	-0.0211173618	0.021198373	0.0191994597	-0.102050447	0.1262007054	0.0527497789	0.0282758416	0.1324481882	-0.0832832367	-0.0280693756	-0.039898113	0.0869102169	-0.1238058381	0.0591073103	0.0508645319	0.0132920736	0.0290628464	0.0655084158	-0.0037175856	0.0752430698	-0.0063369417	-0.0648608387	-0.0106172353	-0.0256491523	-0.0114146508	-0.0961809411	-0.0977917681	-0.11084482	-0.0042512209	0.0593749724	0.0484988342	0.0492790953	-0.044567106	0.0109047347	0.058183659	0.0592605002	-0.059546179	0.0133143542	0.0511343673	-0.1433986257	-0.1063542093	0.0696355317	0.1698187376	-0.0507005755	-0.0218564762	-0.059817774	-0.0425004704	0.1279638997	0.0520423986	0.004438494	0.0527780337	-0.0692578034	0.1075804264	-0.1005305936	0.086346207	-0.0641690889	0.0360520886	-0.1185082885896662	0.0166278561817563	0.0002764856012011	0.0140442144644516	0.0498384442544761	0.0079230183112884	0.0024838705257065	6.277421916101131e-05	-0.1301522472402112	0.0024018590538687	0.016939607461677	5.768926914651416e-06	-0.0086695234493764	-0.0001662169175354	7.516063683928728e-05	2.7628063674970087e-08	0.0083395287917418	-0.0002974251101543	6.954774046829043e-05	8.846169615035696e-08	-0.0077622105859673	0.0002479529682061	6.148067444221547e-08	6.025191318090282e-05	0.0	0.0	0.0	0.0	0.0	0.0	0.0	0.0	0.0	0.0	0.0	0.0	0.0	0.0	0.0	0.0	0.0	0.0
4474.286085609298	8.042934647246511	20019235.97587698	64.68879773987837	5399.498171470906	-13.221596342941666	29154580.503717653	174.81060985568843	5123.86673716807	5.908511779469336	34.9105114481279	26254010.34025737	5242.486407742125	4095.9905714883057	1.317576	26.027874	0.1351925012907642	0.0830146920820304	0.0161648664	0.1063911003	-0.0944221246	0.0018799411	0.009882532	0.016840636	-0.0525363132	-0.0165411682	0.1272892249	-0.109397567	-0.072491108	-0.0406502554	0.0288113535	0.0062223618	-0.0390422236	0.0153520481	0.1173809225	0.0818152177	0.0178883598	0.1241811132	-0.1097417803	-0.0999260107	0.0106224552	-0.0211878917	-0.0230250201	0.1155031631	-0.0880282459	-0.0452187251	0.0646119325	-0.0123194997	-0.0466834797	-0.0246162368	0.0894948968	0.1483918025	-0.0165919515	0.0063977889	-0.0194319735	0.0400804497	0.0091736487	-0.0036244168	0.0295723357	0.064679776	0.0701515625	-0.1415043563	0.0465293992	0.0169405562	-0.0895093711	0.0623153272	0.0069267181	0.0282213114	-0.072394184	0.0705097631	0.043143243	-0.069388575	-0.0437447231	-0.0736926007	-0.0478426738	0.0263038087	-0.0132402129	-0.0738542441	0.0358228845	-0.0017269217	-0.1092968825	-0.0165898797	-0.0854087275	-0.0201600338	0.0817276669	0.0128036081	-0.0153333983	0.0589876421	0.0432987921	-0.0328526182	0.0944800491	-0.0786530146	0.0137076827	0.0521192045	0.0549581485	-0.0860808928	-0.0431796279	0.0424524029	0.0270710035	-0.1010684743	0.08840364	-0.0684578352	0.0428738067	-0.1179928189151411	0.000515469674525	2.6570898535500536e-07	0.0139223053155412	0.0241924915201963	-0.0256459527342798	0.0005852766459547	0.0006577148916489	-0.1975833205175305	-0.0674310732773192	0.0390391685467331	0.0045469496433312	-0.0092505279436123	-0.0005810044942359	8.557226723555202e-05	3.37566222322314e-07	0.0083464423174097	6.913525667900586e-06	6.96630993578474e-05	4.779683716072024e-11	-0.0080062926781563	-0.000244082092189	5.9576067727359495e-08	6.410072244829918e-05	0.0	0.0	0.0	0.0	0.0	0.0	0.0	0.0	0.0	0.0	0.0	0.0	0.0	0.0	0.0	0.0	0.0	0.0
4474.334718503216	0.0486328939177838	20019671.173203256	0.0023651583708184	5413.078435647899	13.580264176993296	29301418.150476303	184.4235751169274	5135.23518585047	11.368448682399505	129.241625444351	26370640.41399671	5262.558307016997	4131.368346874964	1.108801	21.903658	0.1477754874445439	0.0615269773671006	-0.0081007464	-0.0010220713	-0.104924711	0.0961415118	-0.0900619449	0.0084723893	-0.0621742943	-0.0051736958	0.1121666014	-0.0424077404	-0.1363814018	0.0331767583	-0.1438875762	-0.0049012225	-0.0425770623	0.0201050693	0.0251960448	-0.0062149557	-0.0199128532	0.0425635127	-0.0642648984	0.0494249645	-0.0052520893	-0.0973941613	0.084519045	0.0109078781	-0.0928190743	0.0292199347	-0.0773915642	-0.0188236495	0.0176743296	0.0493493013	0.033923166	-0.0270640291	0.0131263498	-0.0125921444	0.0487074892	-0.1287902572	-0.051128663	-0.007289204	-0.0217339363	0.0539683929	0.0444599953	-0.1003478692	-0.0462609438	-0.0405484479	-0.0940553716	0.0115581842	-0.0218974324	0.0540818754	-0.0498054912	0.0194686573	-0.039987665	0.1249606848	0.0269436559	0.0834285888	-0.034383314	0.0058800747	0.0415085861	0.0112418498	0.0713721333	0.0815270352	0.0469804909	0.0041445067	-0.0478559742	0.0138518474	0.0450730396	-0.0844625172	0.0557461125	-0.0059239154	-0.0363079334	-0.0241314915	0.1197126272	-0.0032380903	0.0204748696	-0.0038205967	0.0898930528	-0.0573509591	0.0290752778	0.048767392	0.0096514792	-0.1015755685	0.0903533669	-0.0725589432	0.0494866478	-0.1480614531981103	-0.0300686342829691	0.0009041227676429	0.0219221939231362	0.0001514198553138	-0.0240410716648825	2.2927972583252127e-08	0.000577973126796	-0.2201476522638827	-0.0225643317463521	0.0484649887972994	0.0005091490671594	-0.0086785069044638	0.0005720210391485	7.531648209082585e-05	3.272080692285311e-07	0.0087893805357486	0.0004429382183388	7.725321020219633e-05	1.961942652652385e-07	-0.0075992229406369	0.0004070697375194	1.657057712041133e-07	5.774818930150214e-05	0.0	0.0	0.0	0.0	0.0	0.0	0.0	0.0	0.0	0.0	0.0	0.0	0.0	0.0	0.0	0.0	0.0	0.0
4477.784002774899	3.4492842716827	20050549.575506795	11.897561986877651	5450.04519884833	36.96676320043116	29702992.66948973	1366.5415815167514	5133.822884198915	-1.4123016515550262	1.9945959549850545	26356137.406324465	5252.099850731809	4130.230744287218	1.069928	21.13575	0.1883704249660944	0.0881887660568059	0.0663031555	-0.0483843632	-0.0649176411	-0.0172706385	-0.024358016	0.0045533679	-0.0515980277	-0.0854646796	-0.0515857615	-0.0509174682	-0.066735736	0.0397779469	0.0410555435	-0.0410023515	-0.0931057923	-0.0045384451	0.087301419	-0.0109849714	0.0076700843	-0.0570425007	-0.0338274444	-0.0342320917	-0.0521457037	0.0707235556	0.1038004414	0.0110133064	-0.0155396742	0.0757845845	0.0529270019	-0.0531401763	-0.0498815077	0.0645129655	-0.0322024206	0.0902220953	-0.1284355027	-0.0263231546	0.01913064	0.027146199	-0.013458554	0.0505485929	0.1363573067	0.0056074025	-0.012456755	-0.0399856696	0.0035874922	0.0059623599	-0.0603727028	0.0446644817	-0.0180889031	0.1845535438	0.044546188	-0.0402008965	0.0289346067	0.0180727607	0.1117237254	0.0124895246	-0.0292905441	0.0413462763	0.0204372135	-0.0527812511	-0.0199653925	0.0284590734	-0.1268875884	-0.0095938232	-0.0732370827	0.0930445309	0.0423727614	-0.0666482347	0.058130322	0.021710337	-0.0601471385	-0.0930684576	0.0429732908	-0.0510461067	-0.0502466706	0.0514612356	-0.0603696766	-0.0536497469	0.0473457413	0.015115919	-0.0494396271	-0.1020517218	0.092193012	-0.0764611723	0.055858395	-0.138698273023067	0.0093631801750432	8.766914299032358e-05	0.0192372109395812	0.0297345948897032	0.0295831750343894	0.0008841461332547	0.0008751642451153	-0.143250213825766	0.0768974384381167	0.0205206237611276	0.0059132160383439	-0.0092616278377854	-0.0005831209333216	8.577775020564145e-05	3.400300228778539e-07	0.0094804986691188	0.0006911181333702	8.987985501516335e-05	4.776442742731113e-07	-0.007775516500316	-0.0001762935596791	3.107941918432841e-08	6.045865684668638e-05	0.0	0.0	0.0	0.0	0.0	0.0	0.0	0.0	0.0	0.0	0.0	0.0	0.0	0.0	0.0	0.0	0.0	0.0
4482.438491201987	4.654488427087927	20092254.827409144	21.66426251789544	5509.19438981681	59.14919096848007	30351222.824789014	3498.6267922257243	5133.891579636226	0.0686954373113621	0.0047190631073992	26356842.751459748	5272.848255048728	4153.480391419268	1.02053	20.159924	0.2288128594880137	0.1174315397298584	0.0338810933	-0.0722358046	-0.0329882497	-0.0088115072	0.0763201586	-0.0685000728	-0.123167997	-0.1341249421	-0.0529057191	0.0576313432	0.0763063316	0.0715096557	-0.0455637535	0.064002564	0.0531529353	-0.1523603303	0.153130527	-0.0072428575	-0.1058713173	0.007421965	0.0518900798	-0.1357017332	-0.0408138821	0.1010319228	0.2140018662	-0.1264927289	-0.0118722533	-0.0763433004	0.0678129389	-0.0633385007	0.0289363285	0.0455038248	-0.1715636413	-0.016255295	0.092113954	-0.1075332868	0.1019130681	-0.0066227299	-0.0654906519	-0.1805064444	0.1007727443	0.0977966504	-0.1056439083	-0.0019630869	0.0738896957	0.023466475	-0.0274673925	-0.0416947144	0.115194985	0.2477360826	0.0846806623	0.0253339598	-0.1661142381	-0.0883931051	0.0988500871	-0.0170846534	-0.0251351908	-0.0171403023	-0.0675237434	-0.1583632791	0.1001468938	0.0120617243	0.0131360802	0.0235792318	-0.0490046312	0.0724251369	-0.0003116768	0.061068362	0.0811365445	-0.0104962962	-0.1242188882	0.0019950592	-0.0056400766	-0.0478953363	-0.1366245705	-0.0077445773	-0.1138823043	-0.0876448409	-0.0331826145	0.0247474012	-0.0663657023	-0.1024967892	0.0939203342	-0.0801538266	0.0619580057	-0.1176875681805427	0.0210107048425243	0.0004414497179796	0.0138503637042498	0.0068163460999244	-0.0229182487897788	4.646257415395458e-05	0.0005252461275901	-0.2504232724174215	-0.1071730585916555	0.0627118153682501	0.0114860644878904	-0.008658308354812	0.0006033194829734	7.496630356700727e-05	3.639943985352914e-07	0.0086878701371986	-0.0007926285319202	7.547908752082721e-05	6.282599896139726e-07	-0.0076172475699285	0.0001582689303875	2.5049054326003373e-08	5.802246054158164e-05	0.0	0.0	0.0	0.0	0.0	0.0	0.0	0.0	0.0	0.0	0.0	0.0	0.0	0.0	0.0	0.0	0.0	0.0
4463.995924059368	-18.442567142618827	19927259.61001865	340.12828281000355	5399.4534760573815	-109.74091375942862	29154097.84010814	12043.068152754351	5135.232259957902	1.3406803216757908	1.7974237249287015	26370610.36371234	5250.482021562322	4104.088570982174	1.316371	26.004082	0.1624944650767427	0.1144262907644906	-0.0689150972	-0.0325252126	-0.0615502579	0.0724455199	-0.0031226804	0.0614307408	-0.0645345726	-0.0555024099	0.0452581363	0.0093031465	-0.0208757641	0.0679435424	-0.0225237553	-0.0795964161	-0.0625654547	-0.0248307335	0.0918926719	0.0196584921	-0.0347798566	0.1262916147	-0.0265010254	0.070553261	-0.0620830149	0.0798566234	-0.0539079799	0.1454978812	-0.0315737542	-0.0292613037	-0.2221569654	0.0102171888	-0.0335033878	-0.0836734792	-0.0094249152	0.0162855145	0.0189594225	-0.0150063375	0.0131694853	-0.0260640506	-0.0887848212	0.0337947366	0.168494682	-0.0083501767	0.0086048783	-0.0213637709	0.0758245405	-0.0515406536	-0.0075338921	0.0488816974	0.0033645411	-0.1128637897	-0.1491987466	-0.1233795179	0.097030712	0.1037473134	-0.1101752657	-0.0611221317	-0.0148078751	-0.0520687122	0.0580539968	0.0393828114	0.004267437	0.0712457166	-0.0215497043	-0.0180082968	0.2052410419	-0.0260493069	0.0160631402	-0.0269108855	-0.0226144738	-0.0138963093	0.1008441922	0.0203657848	-0.0856579787	-0.0424237897	-0.0203648917	-4.2148e-06	-0.0036643272	-0.0170665499	0.1883140627	0.0228780712	0.021742192	-0.1029106351	0.0955332289	-0.0836267848	0.0677557633	-0.1200548645532677	-0.002367296372725	5.604092116316983e-06	0.0144131705029034	0.0154633477125969	0.0086470016126725	0.0002391151224806	7.477063688956083e-05	-0.2659248395716318	-0.0155015671542103	0.0707160203011981	0.0002402985842364	-0.0065144018907983	0.0021439064640136	4.243743199483647e-05	4.596334926439722e-06	0.0082661028044113	-0.0004217673327872	6.832845557309636e-05	1.7788768300651257e-07	-0.0074633493679868	0.0001538982019416	2.368465656088824e-08	5.570158378862897e-05	0.0	0.0	0.0	0.0	0.0	0.0	0.0	0.0	0.0	0.0	0.0	0.0	0.0	0.0	0.0	0.0	0.0	0.0
4447.814063992801	-16.181860066567424	19783049.947852157	261.8525952139695	5464.190412850216	64.73693679283406	29857376.86788421	4190.870985319392	5118.845365797712	-16.386894160190423	268.53030021728296	26202577.878948707	5249.615688136937	4184.389529026769	1.052761	20.796633	0.1166041082953258	0.0741707631106687	-0.0333199819	-0.0953669321	-0.0638710713	0.1599985665	0.1213577578	0.0227380331	-0.1568111248	-0.170745407	-0.0347949395	0.1628149982	0.1084735252	-0.0350278448	0.0067089729	0.0903951583	0.0463668196	0.0067811091	0.1344875457	-0.0422116057	-0.0617139971	0.0265061397	0.0643419353	-0.0229129058	0.0150286871	0.0880643705	-0.0575367699	0.0689823804	-0.0719502197	-0.0026503084	0.02785144	0.0212196789	-0.0163766973	-0.0411619423	-0.086065411	-0.0260093749	-0.0187240376	0.0158248273	-0.0196015022	0.0463618129	-0.0450630502	-0.2021436016	0.1576289664	0.0066686714	0.0135311567	-0.0135727477	-0.0748261929	-0.0438327629	0.0540461097	0.02526951	0.0331531984	-0.0864361714	-0.022292213	-0.0327980523	-0.0261906648	-0.1298709518	-0.11789551	-0.0484992826	0.0441846074	-0.01593532	0.0335647222	-0.0254573161	0.0273124852	-0.0118728956	0.0404226396	-0.1481829026	0.1264578951	0.0413021253	0.020261248	0.0688060392	0.0395238298	-0.0141187229	0.0300917144	-0.0363798262	-0.124558764	0.0153370485	-0.0270151001	-0.0627780419	-0.0139887904	-0.0880500805	0.0779387377	0.0864625477	-0.0289658452	-0.1032931334	0.0970297311	-0.0868705278	0.0732234215	-0.1276317123216159	-0.0075768477683482	5.740862210472313e-05	0.0162898539901477	0.0166584340563247	0.0011950863437278	0.0002775034252089	1.428231368964684e-06	-0.197384597788492	0.0685402417831398	0.0389606794441247	0.0046977647436912	-0.00711118918675	-0.0005967872959517	5.056901164975013e-05	3.561550766093424e-07	0.0082691826795551	3.079875143799024e-06	6.837938218785405e-05	9.485630901391058e-12	-0.0072773778910801	0.0001859714769066	3.458539022285923e-08	5.296022896958145e-05	0.0	0.0	0.0	0.0	0.0	0.0	0.0	0.0	0.0	0.0	0.0	0.0	0.0	0.0	0.0	0.0	0.0	0.0
4428.758220246164	-19.05584374663704	19613899.373397965	363.1251808962459	5370.674871194774	-93.51554165544168	28844148.572083	8745.156531110646	5109.098695218048	-9.74667057966326	94.99758738847332	26102889.477478765	5229.411164826379	4040.991303483352	1.152689	22.770632	0.0781286061907024	0.0468400380550669	-0.0255474022	-0.0928437033	0.0610607467	0.0567005554	0.1309575172	0.1140267276	-0.085450381	0.0386502123	-0.1001642467	0.0536519696	0.0064235432	-0.0920184992	0.0219052302	-0.1087607715	0.1085527896	0.0741672105	-0.0221891169	-0.0912381508	0.0154557601	-0.0102685879	0.0958477091	-0.0226948202	0.0504195236	-0.0305380498	-0.0416318033	-0.0120522104	0.0829675464	-0.0592642508	-0.0367228594	0.098188363	-0.0196039232	-0.0839756998	-0.0184980266	-0.0326551699	-0.0190247038	0.1591241364	-0.0592154628	0.0987559889	-0.1534777526	-0.0279100564	-0.0252817361	-0.1015735592	0.001882588	0.0440196736	-0.124314364	-0.0188697229	0.0771067609	-0.0102913835	0.0751181023	-0.0605304581	0.0246780144	0.0108540555	0.0226351098	0.0582162197	-0.0298914129	-0.0804403352	0.0895086045	-0.00141426	0.0591408677	0.0844454031	-0.0281491919	0.026161325	0.0488413811	0.0071785232	0.1225875023	0.1215379392	0.0046855943	0.0653463066	0.023924799	-0.0048171705	0.028724971	-0.0207145946	0.0021405505	0.0563291774	0.0780625416	-0.1244788712	0.0513830207	0.0465361417	-0.0006322106	-0.0366622176	0.0262047424	-0.1036441676	0.0984080176	-0.0898761648	0.0783343427	-0.1311854373818732	-0.0035537250602572	1.26289618039006e-05	0.0172096189810733	0.0191977787833508	0.002539344727026	0.0003685547102144	6.448271642675248e-06	-0.215863717975111	-0.018479120186619	0.0465971447380382	0.0003414778828715	-0.0078634252137301	-0.00075223602698	6.183345609192627e-05	5.65859040286805e-07	0.0082771752787382	7.992599183100774e-06	6.85116305949548e-05	6.388164170170316e-11	-0.0075882775892529	-0.0003108996981727	9.665862232393805e-08	5.758195677155781e-05	0.0	0.0	0.0	0.0	0.0	0.0	0.0	0.0	0.0	0.0	0.0	0.0	0.0	0.0	0.0	0.0	0.0	0.0
4451.851928129271	23.093707883107527	19818985.58998831	533.3193437903027	5420.583737708782	49.90886651400797	29382728.05751291	2490.8949567130658	5117.657847244711	8.55915202666256	73.2590834155218	26190421.84146537	5228.628534610622	3970.3946008893554	1.023498	20.218555	0.1633007123387449	0.07739257435221	0.0269561431	-0.0322303063	0.0760637155	-0.0584727655	0.0194128512	0.0421407588	0.0920286484	0.0254932597	-0.0525056693	0.0779714587	0.0151293957	-0.057294619	0.0646343204	0.0448518943	-0.0154498052	0.1194812956	-0.0579362009	-0.1261616777	0.0741712137	-0.0697082947	-0.0122861718	-0.0467076129	0.0444526635	-0.0734180562	0.0022328779	0.1030883045	-0.0737599758	-0.0709589802	-0.0812356607	0.0786668103	0.0372407078	0.1319855981	0.0236112847	-0.0391048519	0.0357427695	-0.0571411305	-0.0691934054	0.0413229224	0.0921418955	0.009828148	-0.0287312647	-0.0873284066	0.0563431221	0.0457824241	-0.138593602	0.0521686473	-0.0075912081	0.0473663321	0.0445214346	0.0194829294	-0.0922361446	0.0569774616	-0.0541515685	-0.0455070693	-0.0664545649	0.0556180495	-0.0234136209	0.0271476583	0.0391486764	0.0013408728	-0.0082299342	-0.1056656697	-0.0412787168	-0.0485377913	0.0176852952	0.0719147223	-0.0338373701	0.0044496436	-0.0044541357	-0.0014270239	0.0669110364	-0.0928828613	-0.0203983488	0.0435065378	0.143097406	-0.0919640112	0.0015031405	0.0877171187	0.0415145429	-0.0633972735	0.1173829262	-0.1039636308	0.099666409	-0.0926354574	0.0830636267	-0.1537285134807575	-0.0225430760988843	0.00050819028	0.0236324558570034	0.0216021898311424	0.0024044110477915	0.0004666546055007	5.781192486742296e-06	-0.195584772647912	0.020278945327199	0.0382534032917354	0.0004112356235835	-0.0088636706463615	-0.0010002454326313	7.856465732717048e-05	1.000490925499976e-06	0.0089303871887385	0.0006532119100002	7.975181534078473e-05	4.266857993662398e-07	-0.0068802493345872	0.0007080282546657	5.013040094049578e-07	4.7337830906087605e-05	0.0	0.0	0.0	0.0	0.0	0.0	0.0	0.0	0.0	0.0	0.0	0.0	0.0	0.0	0.0	0.0	0.0	0.0
4456.5164277425	4.664499613229054	19860538.67073877	21.757556641814	5413.6258182920255	-6.95791941675634	29307344.500478003	48.41264261007489	5122.244197970639	4.5863507259282414	21.03461298122251	26237385.623643875	5244.417443444003	3992.89110113282	1.134689	22.415068	0.0945037094076678	0.063731433982283	0.0003811879	0.090020789	0.0811993655	-0.0045324096	-0.0360034474	0.0049883142	0.0158980539	0.0812760332	-0.0337280833	-0.0751845528	-0.0184336292	-0.0322771696	-0.0525542614	-0.0421225441	0.0426591297	0.0486114156	-0.088652522	0.0609879557	-5.24928e-05	0.0432045675	-0.0321446102	-0.023776457	0.0295306645	-0.0266003235	0.0855423594	-0.0003864856	0.1134558173	-0.0311771215	-0.014003371	0.1156187994	0.0421060572	-0.039318358	0.1060329806	-0.0511601744	-0.0412117139	-0.0111584457	-0.0060573794	-0.0401854786	-0.0274007305	0.0540082744	-0.1397152879	0.0029893209	0.0584575789	-0.0061357003	0.0355624567	-0.0379124116	-0.0367968052	-0.0536149738	-0.0341345379	-0.0288273496	0.0319061448	0.0953802607	-0.0007668212	-0.0159313303	-0.0222103753	-0.0204224007	0.1534135068	0.0160112844	0.0212972793	0.096646397	0.0022265304	-0.0010710252	0.0985946163	0.0433099513	0.0278540958	-0.070883932	-0.0237139088	-0.0754782221	0.0350230156	-0.0033884598	-0.0365439068	-0.0161087339	-0.0223828343	0.072305673	-0.0342529297	-0.0255358307	0.0211709165	0.0104803369	-0.1445186821	-0.0029708613	0.0902804617	-0.1042514257	0.1008033722	-0.0951408427	0.0873882332	-0.1477610859373896	0.0059674275433679	3.561019148534589e-05	0.0218333385173966	0.0180071822107947	-0.0035950076203476	0.0003242586111727	1.2924079790358016e-05	-0.1954541185326448	0.0001306541152671	0.0382023124513731	1.7070497836252825e-08	-0.0078142052865562	0.0010494653598052	6.106180426044286e-05	1.101377541431267e-06	0.0082977517941664	-0.0006326353945721	6.885268483759172e-05	4.002275424653968e-07	-0.0068943609827835	-1.4111648196300263e-05	1.991386148161445e-10	4.753221336092747e-05	0.0	0.0	0.0	0.0	0.0	0.0	0.0	0.0	0.0	0.0	0.0	0.0	0.0	0.0	0.0	0.0	0.0	0.0
4449.664636695847	-6.851791046653489	19799515.37906158	46.94704054700091	5394.820871497845	-18.804946794180974	29104092.235548764	353.62602393197744	5115.6304706053	-6.6137273653394	43.74138966303925	26169675.1117854	5227.259909269883	4070.7683424505913	1.266183	25.01265	0.0998035738630384	0.046218536945902	-0.0033627863	0.0013202883	-0.1063748066	0.0899685381	-0.0707149567	0.0445131334	-0.0069008468	-0.0361091295	0.0660612902	-0.0526836712	-0.0694166049	-0.057068769	0.0704115564	0.0130971914	-0.0254799703	0.0500739304	0.0640209611	-0.0445038255	0.0362449124	0.0743448557	-0.0843848192	0.0244191306	0.0064683998	0.0571235384	-0.101246811	-0.0932606865	-0.0631613306	0.0634431049	0.0866863673	0.0274501109	0.1650801229	0.113535497	0.0215548785	0.0673523424	-0.1305976274	0.1140727599	-0.0553177657	0.066991666	0.0363077443	0.0198999886	0.0387632645	-0.0374970979	0.0414214206	-0.1088345621	0.0021839869	-0.0217193706	-0.046931568	0.0724399411	-0.1091046392	0.0123655702	-0.0639529205	0.0456291035	0.0104891398	-0.1338680712	-0.0300599425	0.0123107728	0.0266967393	0.0356924657	0.0448382948	0.0776290222	-0.0303313493	0.0277089862	-0.0704668767	-0.1156502913	0.0089186542	-0.0019208512	0.0262269004	-0.0963664589	0.0122356644	0.030120791	-0.0929627943	-0.0343637454	-0.0103377125	0.0718881537	0.056694895	0.0269213444	0.0882769832	0.1324695862	0.0840900515	0.1131675453	0.0121363046	-0.1045074645	0.1018175221	-0.0973854535	0.0912870929	-0.1673504878952911	-0.0195894019579015	0.0003837446690682	0.0280061857987919	0.0194398593474289	0.0014326771366341	0.0003779081314478	2.0525637778343624e-06	-0.170704594041517	0.0247495244911278	0.0291400584268791	0.0006125389625369	-0.0083894815902913	-0.000575276303735	7.038340135383662e-05	3.30942825639118e-07	0.0085461939680913	0.0002484421739249	7.303743134024012e-05	6.17235137845304e-08	-0.006637440054896	0.0002569209278875	6.600836318657409e-08	4.405561048233781e-05	0.0	0.0	0.0	0.0	0.0	0.0	0.0	0.0	0.0	0.0	0.0	0.0	0.0	0.0	0.0	0.0	0.0	0.0
4474.308327869985	24.64369117413844	20019435.0128467	607.3115146863088	5462.782985082166	67.96211358432174	29841997.942103226	4618.84888284825	5121.977450092428	6.34697948712801	40.284148610023735	26234652.99925533	5239.410588298176	4057.038000785794	1.227823	24.254875	0.1162427675930518	0.0610666032494969	0.0513975675	-0.0664683418	-0.0234568515	-0.060397525	0.018054233	-0.0154650768	0.0719446001	-0.0377489995	-0.0432101829	0.1090124187	-0.0656259311	-0.0179889922	-0.0779431393	0.0570194486	0.0262539373	0.0541039532	0.025605318	-0.0853101776	-0.0032640121	-0.068152677	-0.0594143937	0.061377594	0.007422893	0.0817292018	0.0248476824	-0.1037626426	0.0464817101	0.1160339115	-0.0047221068	-0.0755980422	0.0422908655	0.0746436164	-0.1124101498	0.0388514254	-0.0342094939	-0.0022684949	-0.0275497582	-0.0785069627	0.0232986245	-0.0429599619	-0.0354759837	-0.0619396293	-0.0487355697	-0.0563960578	-0.0058011872	0.0479823853	-0.0628290433	-0.0862441348	-0.1107523163	0.1356039069	0.1485994498	0.0283294847	-0.0396312063	-0.0178461092	0.00700163	0.0868716803	-0.0354587342	0.0353691712	0.024586628	-0.0353914259	0.0250902237	0.0111262225	0.0496035664	-0.0042001776	-0.0842088277	0.0994474849	0.0095286086	-0.0422899883	0.0902959767	-0.0806784086	-0.0860370935	-0.0697823622	-0.0165569231	0.0318364226	0.0051002083	-0.0114865446	-0.0096979397	0.0326139997	-0.091487802	0.0728107664	-0.0595903083	-0.1047316694	0.102707623	-0.0993631376	0.0947412111	-0.1616547381818094	0.0056957497134817	3.2441564798627074e-05	0.0261322543766293	0.0232807367185188	0.0038408773710899	0.0005419927021569	1.4752338979750472e-05	-0.1862436438595622	-0.0155390498180452	0.0346866948780874	0.0002414620692476	-0.0091994080732571	-0.0008099264829658	8.46291088983079e-05	6.559809078093504e-07	0.0088308018490963	0.0002846078810049	7.798306129800262e-05	8.100164593015571e-08	-0.0073662475047339	-0.0007288074498379	5.311602989392233e-07	5.42616023009984e-05	0.0	0.0	0.0	0.0	0.0	0.0	0.0	0.0	0.0	0.0	0.0	0.0	0.0	0.0	0.0	0.0	0.0	0.0
4470.445352658404	-3.8629752115812153	19984881.65110512	14.922577485290937	5450.778154465248	-12.004830616918298	29710982.48919557	144.11595814089895	5126.127018060503	4.149567968075644	17.218914321679428	26277178.205289867	5251.21775729137	4037.887835165952	1.08345	21.402874	0.163125030977492	0.0771438596986826	0.0291398391	-0.0335949274	0.096659264	-0.030215823	-0.0484686169	-0.0238536513	0.0412513473	0.0694250714	-0.0964867519	-0.0563550478	-0.0266670179	0.0057562564	0.0501911012	-0.0903268629	-0.0261075965	-0.0113527026	-0.0472823832	0.0634712553	-0.0550988997	-0.0932983575	0.0663874845	0.0024645872	-0.0175677046	0.0254156919	-0.0152576271	0.078816522	-0.0395542285	-0.0213085071	0.0410911287	0.0620065359	-0.0027148306	-0.0048270371	-0.1482134703	-0.0120858694	0.0134333858	-0.0273692658	0.0343200667	0.0612060545	-0.0337057027	0.0820594611	-0.0327805128	0.064857853	0.0452411633	0.1508884141	-0.0380801847	0.0636042162	-0.0359263013	-0.0050171687	0.0309923056	0.0800861391	0.0169020963	-0.0759476329	-0.0016166518	0.0275593195	-0.1027587656	0.0199233279	-0.1073542486	0.0129401424	-0.0261582875	0.0510221983	-0.0156109334	-0.0731014216	-0.0717520002	0.0965619927	0.0093900015	-0.0030105941	-0.0434974734	-0.0428046482	0.0682324269	-0.0045800183	-0.0480909368	0.0575192794	-0.0071304935	-0.025776608	-0.019030681	0.021122215	-0.1081060373	0.0354976325	0.0053714224	-0.1034871847	0.0983670897	-0.104923972	0.1034725904	-0.1010684743	0.0977337597	-0.1485048370142863	0.013149901167523	0.0001729199007156	0.0220536866166397	0.0183118303101395	-0.0049689064083793	0.0003353231293073	2.4690030895232887e-05	-0.214730566470287	-0.0284869226107247	0.0461092161766503	0.0008115047598294	-0.0081361193996168	0.0010632886736402	6.619643888482085e-05	1.1305828034917458e-06	0.0080358585906361	-0.0007949432584601	6.457502328870001e-05	6.319347841713184e-07	-0.0068940934210171	0.0004721540837167	2.2292947877045083e-07	4.7528524097711264e-05	0.0	0.0	0.0	0.0	0.0	0.0	0.0	0.0	0.0	0.0	0.0	0.0	0.0	0.0	0.0	0.0	0.0	0.0
4459.95240883953	-10.492943818873757	19891175.48911353	110.10186998604094	5409.76197383486	-41.01618063038768	29265524.61354964	1682.3270735045894	5120.167042786593	-5.959975273910459	35.52130526562405	26216110.54603801	5236.731161084931	4076.229353799073	1.11864	22.098028	0.079603769090522	0.0444338011621765	0.0084804286	0.0951930509	0.0404094857	0.0228227824	0.0125947137	0.0396082383	0.029143496	0.0325194344	0.0127638439	-0.0042245349	0.0590565196	-0.026680868	-0.0181124525	0.1009825574	0.0454610873	0.0149758995	-0.0421655487	0.0904630215	0.0137189115	-0.0195892101	0.0156428452	0.0021825861	0.0341722373	0.0048435252	0.0110793753	-0.0612899786	0.0765348131	0.0691304836	-0.0200389533	0.0168132814	0.0133160301	-0.1146385956	-0.1045875137	-0.0784965876	-0.0366418057	-0.040558246	-0.0224672768	-0.0280393548	0.0783419042	-0.0633106302	-0.0791410333	0.0098607388	0.0490601612	-0.0057245797	0.0920524825	-0.0106829319	0.0221102755	-0.0019736252	-0.0005061235	-0.0205290002	0.0923337365	0.0018966205	0.002022631	0.0015422541	0.0049679966	0.052913207	0.0366503485	0.0102807262	-0.0095322484	0.0128937022	0.0554662129	-0.0708736702	0.0568175717	-0.0022110527	-0.0529979467	-0.0731308853	-0.0314026923	-0.0274941769	-0.0059399808	-0.0059929257	-0.0680093918	-0.0512861867	-0.0805222428	0.020159573	-0.077261255	0.0217142068	0.0164306934	0.0276597039	-0.0698118207	0.0167996747	0.0270242926	-0.1050843138	0.1041114925	-0.1024967892	0.1002501592	-0.1468690103153278	0.0016358266989584	2.6759289890254018e-06	0.0215705061910038	0.0208882059413184	0.0025763756311789	0.0004363171474469	6.637711392932492e-06	-0.2349603844929717	-0.0202298180226847	0.0552063822810851	0.0004092455372309	-0.0087363533004295	-0.0006002339008126	7.632386898992541e-05	3.602807356848291e-07	0.0084284567433183	0.0003925981526821	7.103888307398772e-05	1.5413330948947557e-07	-0.0070044963422762	-0.0001104029212591	1.2188805022543069e-08	4.906296900896067e-05	0.0	0.0	0.0	0.0	0.0	0.0	0.0	0.0	0.0	0.0	0.0	0.0	0.0	0.0	0.0	0.0	0.0	0.0
4464.453324800672	4.5009159611418	19931343.48932377	20.258244489261013	5439.215095467403	29.45312163254312	29585060.854760475	867.4863739013792	5112.979396892541	-7.187645894051457	51.662253498274765	26142558.313047618	5233.73750150326	4138.760045872833	1.178991	23.290216	0.1392939452215207	0.0730608174645555	0.0510607969	-0.0165968756	-0.1044947852	0.0972188281	-0.0933107215	0.0344104976	-0.0670185054	-0.1023450134	-0.0560965349	0.0078089244	-0.05124872	-0.0784981999	-0.0290911369	-0.1164145487	0.0309607922	0.034509541	-0.0003513292	-0.0083953411	-0.0044804583	0.0824536985	0.0070318455	0.1077688394	-0.0748811757	-0.0159586169	-0.0049481582	0.0262215029	-0.0493437293	-0.0200192368	-0.0434787785	-0.1416360206	0.0021575484	0.0738599347	0.0018752469	0.0502664978	-0.1086935681	0.0968328696	-0.0448990092	0.0267497015	-0.1195591195	0.01903023	-0.0059446077	-0.0114462213	-0.0118059949	-0.0935516843	-0.0037194829	-0.0772014057	0.0076527896	-0.045997689	-0.1266227351	0.0881215173	-0.0087013129	-0.0302144629	0.0803727188	0.0104386604	0.0883825779	-0.0036562004	-0.1253809422	0.0456471303	-0.0042379862	-0.0093534672	-0.0033497045	0.0563066318	-0.0684929753	0.0505369849	-0.0362082285	0.0752851721	0.0693305334	-0.0798700484	0.0515043901	0.0336375696	-0.1672183445	-0.014178235	0.05755873	-0.0113931859	0.0640213565	0.0103870111	0.0094543464	0.0114530461	-0.0083053752	0.1204400918	-0.0736706405	-0.1052126458	0.1046235507	-0.1036441676	0.10227815	-0.1415158750574789	0.0053531352578489	2.86560570888252e-05	0.0200267428932839	0.0334542703214282	0.0125660643801097	0.0011191882027391	0.000157905974005	-0.1713771748165697	0.063583209676402	0.029370136048109	0.0040428245527533	-0.0092944322505011	-0.0005580789500716	8.638647085915495e-05	3.1145211451302085e-07	0.0085073694504893	7.891270717099927e-05	7.23753349671186e-05	6.227215353055879e-09	-0.0075233354031768	-0.0005188390609005	2.691939711162163e-07	5.660057558869343e-05	0.0	0.0	0.0	0.0	0.0	0.0	0.0	0.0	0.0	0.0	0.0	0.0	0.0	0.0	0.0	0.0	0.0	0.0
4465.710306041712	1.2569812410401937	19942568.53748716	1.5800018403269456	5444.255945245151	5.040849777748008	29639922.79733718	25.41016648182214	5113.231228579717	0.2518316871755814	0.0634191986656999	26145133.59692284	5222.495147809471	4056.532011632201	1.264818	24.98568	0.0798430371556797	0.0372947792122943	0.1024564299	-0.0578061372	0.0797822311	-0.0347602046	-0.0047750793	0.0195789567	0.1043204109	0.004899255	-0.0823615316	0.0278819575	0.0415505827	-0.099819507	0.0730940548	0.082867194	-0.0114084946	0.0231006544	-0.0575756809	-0.0415102775	0.052126763	-0.0797259383	0.0759154722	-0.0180499606	-0.0034529938	-0.063866279	0.0646394093	0.0242840363	-0.1394036149	-0.0727115749	-0.0150210155	0.0584982656	-0.0500061328	0.1919028952	0.0091403332	-0.0352445335	-0.0623262326	0.05145855	-0.0973738039	0.0647524047	0.089570523	-0.0447330591	-0.0119021957	-0.0003662325	0.0220459954	0.1081051648	-0.1209446137	0.0384921874	0.0431192808	0.0617552769	0.0455905852	0.0821756202	-0.0250123869	-0.0152632726	-0.0461638729	0.0479466591	-0.0248755847	0.0555644471	-0.0193486885	0.0650324121	-0.039558461	-0.0691786787	-0.0122197312	-0.1141809782	-0.0515498977	0.0034249115	-0.1000534799	0.0761816111	0.0170231756	-0.0238156122	0.0504387916	0.027173729	0.0161454144	-0.0595659241	-0.070038251	-0.0748845515	0.1064391168	-0.0169719678	-0.0642474379	0.0838290913	-0.0049376023	-0.0734211063	0.1011004346	-0.1053089291	0.1050081413	-0.1045074645	0.1038078519	-0.1297491144651843	0.0117667605922945	0.0001384566548363	0.0168348327044994	0.024505687588217	-0.0089485827332111	0.0006005287241712	8.007713293312557e-05	-0.1433607068885507	0.0280164679280189	0.0205522922795849	0.0007849224751617	-0.0096876854827161	-0.0003932532322149	9.385125001202826e-05	1.5464810464754364e-07	0.0086022200456921	9.485059520280072e-05	7.3998189714507e-05	8.996635410325566e-09	-0.0073892147125515	0.0001341206906252	1.7988359653807362e-08	5.460049406818755e-05	0.0	0.0	0.0	0.0	0.0	0.0	0.0	0.0	0.0	0.0	0.0	0.0	0.0	0.0	0.0	0.0	0.0	0.0
4502.941724171775	37.23141813006259	20276484.171287075	1386.1784959755537	5487.537729828933	43.2817845837817	30113070.33629608	1873.3128767568835	5142.03917170971	28.807943129992964	829.8975873809088	26440566.84339708	5281.652229613562	4046.7478677363656	1.776716	35.097908	0.3786405919762236	0.2627747195327247	-0.077024445	0.1098382887	0.059753426	-0.0581259558	-0.0430847085	-0.1684025681	-0.0170684606	0.1201773084	-0.0343719264	-0.0731245647	-0.1236308358	0.1303561768	-0.0339290321	-0.0503558866	0.0246222551	-0.0156152803	-0.1580313038	0.0514038887	-0.0104919133	0.0345356806	0.036489095	0.0158199965	0.1028859165	0.0286520317	0.0662698281	-0.1167299237	0.0462093338	-0.019815161	-0.0516616666	0.0875252629	0.0772864925	0.1335795619	0.0959917391	0.1389475844	0.0188503304	-0.0039815505	0.1736525847	-0.0529278976	0.0093294654	0.0966105703	-0.1527595112	0.0193800528	-0.000661531	0.0221172722	0.0075259771	-0.0950052283	0.050536448	-0.0408210328	-0.0627214634	0.0059561003	0.1550983978	0.0923503113	0.0178806829	-0.0067964031	-0.0628541453	0.0547007025	0.0967168066	-0.0802898469	-0.0809476369	0.0526545826	0.1299249135	0.0223903801	-0.0099153005	0.1090708356	-0.0356664178	-0.0873856782	-0.1278319371	0.0010257382	-0.039659372	-0.0684264939	-0.1499264543	0.1213558131	-0.0633036408	0.0234056645	-0.0995495774	0.088584693	0.0737062591	-0.0108869768	-0.2023163659	-0.015189738	-0.0101386835	-0.1053731342	0.1052647956	-0.1050843138	0.1048318124	-0.1638026718929524	-0.034053557427768	0.0011596447734862	0.0268313153192702	-0.0268830630466254	-0.0513887506348424	0.0007226990787688	0.00264080369181	-0.4002148961028737	-0.256854189214323	0.1601719630626339	0.0659740745169472	-0.0091402701882175	0.0005474152944985	8.354453911361757e-05	2.9966350465098884e-07	0.0086199278490179	1.7707803325800464e-05	7.430315612227437e-05	3.1356629862523e-10	-0.0072274559163901	0.0001617587961614	2.6165908135585482e-08	5.223611902336226e-05	0.0	0.0	0.0	0.0	0.0	0.0	0.0	0.0	0.0	0.0	0.0	0.0	0.0	0.0	0.0	0.0	0.0	1.0
4482.900369889015	-20.04135428276004	20096395.726351064	401.6558814871042	5433.949171605604	-53.58855822332953	29527803.599593222	2871.733572455179	5137.587423005047	-4.45174870466326	19.81806652947101	26394804.529019635	5257.305910151796	3933.544738679376	1.226309	24.224964	0.2325979538919453	0.149736275654362	-0.1448500652	0.1208302185	-0.0211007101	-0.1510691275	-0.0571448901	-0.0743884951	0.0516427227	0.1432284479	0.1490236134	0.0068223918	0.0167965613	0.1368239797	0.1255544273	0.0493944852	0.0135128422	-0.0616687351	-0.0822318335	0.000843091	0.0503362301	0.101110538	-0.126888654	-0.0799494723	0.0266661916	-0.0265253437	-0.0008487886	-0.0533750657	0.0368068139	0.0709713821	0.0286304822	0.0425430069	-0.0585149888	-0.0234140448	0.0231829083	-0.0264174285	0.0573711732	-0.102465622	0.0995518323	0.0359208965	0.1365328954	0.05594518	-0.0181385738	-0.0601097348	-0.1043550698	-0.0049608925	0.1455807184	-0.0445462057	0.0089154073	0.0353714569	0.0687515777	-0.0713420281	-0.0825740963	0.0958965164	-0.0008711181	0.0659164833	-0.0169361753	0.0350886763	0.0950863286	-0.1332948883	-0.0882239165	0.027146353	0.0766058076	0.0020431103	-0.0674773956	-0.0310753861	0.0751980851	-0.1457457443	-0.1115216967	0.014647438	0.0441134698	-0.0755374794	0.0278796962	0.2806485444	-0.063375715	0.0137891328	-0.1314516585	-0.0796860953	0.1399856408	0.021536742	-0.0737901269	0.0835141515	-0.0042626611	-0.1054052417	0.105393201	-0.1053731342	0.1053450429	-0.1440087550370208	0.0197939168559315	0.0003917991444995	0.0207385215273126	-0.0252141579153999	0.0016689051312255	0.0006357537593827	2.785244337030807e-06	-0.413131940575397	-0.0129170444725232	0.1706780003235933	0.0001668500379051	-0.0064492739377889	0.0026909962504286	4.159313432464314e-05	7.241460819820784e-06	0.0077457700492047	-0.0008741577998132	5.999695365515658e-05	7.641518589742555e-07	-0.0068282482179866	0.0003992076984034	1.593667864646194e-07	4.662497372643718e-05	0.0	0.0	0.0	0.0	0.0	0.0	0.0	0.0	0.0	0.0	0.0	0.0	0.0	0.0	0.0	0.0	0.0	0.0
