global_signal	global_signal_derivative1	global_signal_derivative1_power2	global_signal_power2	csf	csf_derivative1	csf_derivative1_power2	csf_power2	white_matter	white_matter_derivative1	white_matter_power2	white_matter_derivative1_power2	csf_wm	tcompcor	std_dvars	dvars	framewise_displacement	rmsd	t_comp_cor_00	t_comp_cor_01	t_comp_cor_02	t_comp_cor_03	c_comp_cor_00	c_comp_cor_01	c_comp_cor_02	c_comp_cor_03	c_comp_cor_04	c_comp_cor_05	c_comp_cor_06	w_comp_cor_00	w_comp_cor_01	w_comp_cor_02	w_comp_cor_03	w_comp_cor_04	w_comp_cor_05	w_comp_cor_06	w_comp_cor_07	w_comp_cor_08	w_comp_cor_09	w_comp_cor_10	w_comp_cor_11	w_comp_cor_12	w_comp_cor_13	w_comp_cor_14	w_comp_cor_15	w_comp_cor_16	w_comp_cor_17	w_comp_cor_18	a_comp_cor_00	a_comp_cor_01	a_comp_cor_02	a_comp_cor_03	a_comp_cor_04	a_comp_cor_05	a_comp_cor_06	a_comp_cor_07	a_comp_cor_08	a_comp_cor_09	a_comp_cor_10	a_comp_cor_11	a_comp_cor_12	a_comp_cor_13	a_comp_cor_14	a_comp_cor_15	a_comp_cor_16	edge_comp_00	edge_comp_01	edge_comp_02	edge_comp_03	edge_comp_04	edge_comp_05	edge_comp_06	edge_comp_07	edge_comp_08	edge_comp_09	edge_comp_10	edge_comp_11	edge_comp_12	edge_comp_13	edge_comp_14	edge_comp_15	edge_comp_16	edge_comp_17	edge_comp_18	edge_comp_19	edge_comp_20	edge_comp_21	edge_comp_22	edge_comp_23	cosine00	cosine01	cosine02	cosine03	cosine04	cosine05	trans_x	trans_x_derivative1	trans_x_power2	trans_x_derivative1_power2	trans_y	trans_y_derivative1	trans_y_derivative1_power2	trans_y_power2	trans_z	trans_z_derivative1	trans_z_power2	trans_z_derivative1_power2	rot_x	rot_x_derivative1	rot_x_derivative1_power2	rot_x_power2	rot_y	rot_y_derivative1	rot_y_power2	rot_y_derivative1_power2	rot_z	rot_z_derivative1	rot_z_power2	rot_z_derivative1_power2	motion_outlier00	motion_outlier01	motion_outlier02	motion_outlier03	motion_outlier04	motion_outlier05	motion_outlier06	motion_outlier07	motion_outlier08	motion_outlier09	motion_outlier10	motion_outlier11	motion_outlier12	motion_outlier13	motion_outlier14	motion_outlier15	motion_outlier16	motion_outlier17	motion_outlier18	motion_outlier19	motion_outlier20
3912.1378533644174	n/a	n/a	15304822.583726753	5186.780201585987	n/a	n/a	26902688.85956437	4548.303437778575	n/a	20687064.162108406	n/a	4618.46099919004	3648.853472527292	n/a	n/a	n/a	n/a	0.0768919537	-0.004955773	0.0361770269	-0.025393043	-0.0799865772	-0.008502909	-0.0431672393	0.0180260725	-0.0571217243	0.0003120302	-0.0012808633	0.0336004924	-0.0515365953	0.0340440994	-0.0428712844	-0.0055292517	0.019622032	-0.0050037546	0.0104859983	-0.0532898857	0.0405403855	-0.0484648257	0.0824205571	-0.0649476801	0.0499315524	-0.0355704777	0.0252246921	0.0806381587	-0.0285428638	0.0740230216	-0.0570411035	0.02637432	-0.0084390886	0.0642898244	0.0492630655	-0.011337668	0.0448559583	-0.0275866678	0.0609953946	-0.0850834573	0.0531822221	-0.0366062209	0.0504821903	-0.0655094143	0.0189158017	-0.0284441734	0.0194014675	-0.0456492531	0.0528985335	-0.0018250681	0.1241857122	-0.0510352599	-0.0758195634	0.0640222796	-0.0043021825	0.0675560051	-0.0345877993	0.063604271	-0.0277868347	0.0965133888	-0.0515455706	0.1242939364	-0.0543222617	0.0795022038	-0.0300178303	-0.0651990342	0.1219526423	0.06866808	-0.157508569	0.0796237308	-0.0643433722	0.0912851377	0.0912792721	0.0912694965	0.0912558111	0.0912382167	0.0912167139	-0.003747178126801	n/a	1.4041343913975851e-05	n/a	0.0159685009771379	n/a	n/a	0.0002549930234568	0.1396899757762	n/a	0.0195132893323553	n/a	-0.0004082623432926	n/a	n/a	1.666781409507648e-07	0.0019604469037315	n/a	3.8433520623504254e-06	n/a	0.0002669006096367	n/a	7.123593542444211e-08	n/a	0.0	0.0	0.0	0.0	0.0	0.0	0.0	0.0	0.0	0.0	0.0	0.0	0.0	0.0	0.0	0.0	0.0	0.0	0.0	0.0	0.0
3920.6282709676448	8.490417603227343	72.08719107719273	15371326.039110744	5231.336445096173	44.5562435101856	1985.258835738956	27366881.001791462	4543.626036920563	-4.677400858012334	20644537.56338246	21.87807878653452	4618.760014218834	3755.668139945004	1.177052	24.248787	0.0838328843899598	0.0425147041581112	-0.0677912939	-0.0096019664	-0.0159392232	-0.0610951774	0.0809061751	0.0046336031	-0.0121492564	-0.043143554	0.0515125264	-0.0166762219	0.0086652145	-0.0916494487	0.0491960066	-0.0127559966	-0.0845625127	-0.0195685312	-0.0250386282	0.002204583	-0.0001101016	-0.0650332938	-0.0892608829	-0.0685146963	-0.037858363	0.0174782293	-0.0712155889	-0.0195404542	0.0760379274	-0.0018144946	0.0279041104	-0.0437044311	0.0781701179	-0.0825463311	0.0080765505	-0.0073359334	-0.0285371016	-0.0204436716	-0.0584275421	0.1246376315	0.0627430375	0.0309635252	-0.1187039001	0.0150039177	0.0187833873	-0.0506459488	0.0834227525	0.0513187255	0.0035430239	-0.0266342528	0.0165349402	0.0085641188	-0.026772677	-0.1119039166	-0.0204999184	0.0118566629	0.1036648137	-0.0291204654	-0.042380739	0.0723335874	-0.0410431666	0.0768904625	0.0108714666	0.1345418939	-0.0850491959	-0.0211626291	-0.0248482303	-0.0552913273	0.0468377156	-0.0379519688	-0.0067471509	0.0045292809	0.0064588518	0.0912694965	0.0912167139	0.0911287655	0.0910056853	0.0908475206	0.0906543325	-0.0109105634230957	-0.0071633852962947	0.0001190403942093	5.131408890317111e-05	-0.0041874954559233	-0.0201559964330612	0.0004062641922095	1.753511819337829e-05	0.1104482486886411	-0.0292417270875588	0.0121988156383879	0.0008550786030632	-0.0003952216626594	1.30406806332e-05	1.7005935137711748e-10	1.562001626352606e-07	0.0014639405668288	-0.0004965063369027	2.143121983207028e-06	2.4651854258453746e-07	0.0003027891035617	3.5888493925e-05	9.168124123569789e-08	1.287983996204762e-09	0.0	0.0	0.0	0.0	0.0	0.0	0.0	0.0	0.0	0.0	0.0	0.0	0.0	0.0	0.0	0.0	0.0	0.0	0.0	0.0	0.0
3925.558142086159	4.9298711185142565	24.303629245161005	15410006.726898937	5214.38955572587	-16.946889370302415	287.197059329269	27189858.43886304	4552.165000758345	8.538963837781921	20722206.19412922	72.91390342294736	4618.897495122426	3685.72809292306	1.188801	24.490841	0.0972902474915295	0.0489147694515662	0.0705308108	-0.0046145539	0.0665345409	-0.0040516162	-0.056410575	-0.0893962463	0.0388718695	-0.0114669654	0.0166037346	-0.0472539445	-0.0284859484	0.0699011482	-0.0683321689	-0.0105634637	-0.0497899022	-0.0970424336	0.0096372214	0.0216076551	0.0060657337	0.009578783	-0.0350387636	-0.0985097546	0.0561353759	-0.037349931	0.002188353	-0.0469185691	-0.0499772148	-0.1197873367	-0.0889164649	-0.0904263975	-0.0790992686	0.0633648388	0.0244472395	0.0260509478	0.0760488849	-0.0854978583	-0.021039388	0.0079791206	0.0290074676	-0.0289680214	-0.0388097279	0.01716399	-0.0020840957	-0.0852034927	0.0215990089	0.0050456442	-0.0322258867	-0.0304742697	0.0126637923	0.0112503161	0.1177680593	-0.0114747972	0.0086648947	-0.016221806	-0.0326781348	0.0804574067	-0.0524807846	0.0688629959	-0.0202195991	0.0982546419	0.0029331601	0.1097013826	0.0106809826	-0.036254055	-0.0326311055	0.0007305818	0.0100678508	-0.0430477454	-0.057823711	0.1188535508	-0.0423666843	0.0912382167	0.0910916402	0.0908475206	0.0905061192	0.0900678015	0.089533037	0.0047933291284749	0.0157038925515706	2.2976004133885943e-05	0.0002466122412712	0.0345169963525933	0.0387044918085166	0.0014980376861555	0.0011914230372049	0.1151929399105284	0.0047446912218872	0.0132694134052306	2.251209479105436e-05	-0.0006168026235109	-0.0002215809608514	4.909812221187396e-08	3.80445476369929e-07	0.0011468430880678	-0.0003170974787609	1.3152490686488878e-06	1.0055081103658281e-07	0.0005268541021403	0.0002240649985786	2.775752449420617e-07	5.0205123588028035e-08	0.0	0.0	0.0	0.0	0.0	0.0	0.0	0.0	0.0	0.0	0.0	0.0	0.0	0.0	0.0	0.0	0.0	0.0	0.0	0.0	0.0
3928.271940603604	2.713798517444957	7.364702393286445	15431320.439333605	5243.196579558939	28.80702383306925	829.8446221190198	27491110.37189856	4561.332015386663	9.167014628318611	20805749.75459136	84.03415719580741	4628.541618641865	3833.252596242301	1.263823	26.036388	0.1353935859812753	0.0602745334397689	-0.0870091599	-0.0011537094	0.027028601	-0.0073811455	0.051508831	-0.0745166391	0.0098787322	-0.0666697699	0.025894651	-0.0255638252	-0.0509312077	-0.0244257641	0.0691703752	-0.0468500526	0.0422999123	-0.1019562638	0.0369159614	-0.0001262682	-0.0970736247	-0.0269882425	0.094536151	-0.0521460912	0.0223720505	0.0640477018	-0.018831609	0.0791832749	0.0472514318	-0.0801236565	0.0329985638	0.0758758425	0.0677951959	-0.0316217666	0.084212503	-0.0829576122	0.0534055536	-0.0344776456	-0.0383580115	0.058671478	-0.0637918434	0.0012252651	0.022026217	-0.0651639431	0.1339894608	-0.0476211323	-0.05732673	-0.0376401557	-0.0046143473	-0.0338262498	-0.0327734932	0.0306786312	-0.058874957	-0.0458845094	0.0021592994	-0.0774361239	0.0703169577	0.0612510344	0.0456268146	0.0360542115	0.0348932975	0.0396607954	0.0920167287	-0.0130947885	0.0150471499	-0.0662482764	-0.0305437533	0.0151440482	-0.019461647	-0.0005862894	-0.0317145852	0.0210239202	0.0274633839	0.0911913037	0.090904137	0.0904261954	0.0897584821	0.0889023983	0.0878597406	0.0045315150965592	-0.0002618140319157	2.053462907034393e-05	6.854658730795522e-08	0.0026737320301464	-0.0318432643224469	0.0010139934827092	7.148842969030789e-06	0.0887629409483707	-0.0264299989621576	0.0078788596858039	0.0006985448451396	-0.0002428291184446	0.0003739735050662	1.3985618249157388e-07	5.896598076458158e-08	0.0005838632926309	-0.0005629797954369	3.40896344481796e-07	3.169462500701739e-07	0.0011270709749322	0.0006002168727919	1.27028898253462e-06	3.602602943840879e-07	0.0	0.0	0.0	0.0	0.0	0.0	0.0	0.0	0.0	0.0	0.0	0.0	0.0	0.0	0.0	0.0	0.0	0.0	0.0	0.0	0.0
3921.5341436354224	-6.737796968181556	45.39790798443656	15378430.039698403	5208.519971630241	-34.676607928698104	1202.4671374406482	27128680.29487109	4549.391471560519	-11.940543826144676	20696962.761507586	142.57658686408175	4620.440605196319	3686.156882474415	1.455996	29.995382	0.0629061482549351	0.0287060361872793	0.0738530809	0.0976766928	0.0202527383	-0.0044178487	-0.0887984899	0.0043917882	0.0058692124	-0.0009546214	-0.0318092473	-0.0831226809	-0.0485372334	0.0624525714	-0.0258428803	-0.0617511327	-0.0626641502	0.0190539898	0.0080305471	0.0619322363	0.0502597666	0.1575634921	0.0138290915	-0.0164950708	-0.0090468994	0.0395864106	-0.0264000759	0.0900462543	-0.122528437	-0.0103807776	0.008153493	0.0311644073	-0.0568248152	0.056877401	0.0740066781	0.0660818604	-0.0346423434	-0.0525960816	0.0051647038	-0.0069344192	-0.0899545565	0.0683836947	-0.0218132843	-0.0040727768	-0.1170448622	0.0537201872	-0.0659438338	-0.0134129494	-0.061270654	-0.0331840121	-0.015623661	-0.0696192765	0.0417609297	0.0881153492	0.0257535921	-0.0643029883	-0.0069451904	0.0229932626	-0.0695520909	0.0801200905	-0.0287266901	-0.0871006493	0.0536675812	-0.0084785662	0.028378827	0.0246414077	-0.0048065345	-0.038511819	0.0053866696	-0.0369471042	-0.0542492376	-0.0292335389	-0.042393952	0.0911287655	0.0906543325	0.0898654396	0.0887648233	0.0873563013	0.0856447597	0.0025279127699207	-0.0020036023266385	6.390342972328146e-06	4.01442228331121e-06	0.0099801427385983	0.0073064107084519	5.338363744058059e-05	9.960324908279636e-05	0.079032717610751	-0.0097302233376197	0.0062461704529407	9.467724619995916e-05	-0.0004793294103061	-0.0002365002918614	5.593238805057468e-08	2.2975668358439357e-07	0.0008618167365239	0.000277953443893	7.427280873527052e-07	7.72581169719791e-08	0.0007642064730422	-0.00036286450189	5.840115334395988e-07	1.3167064673187781e-07	0.0	0.0	0.0	0.0	0.0	0.0	0.0	0.0	0.0	0.0	0.0	0.0	0.0	0.0	0.0	0.0	0.0	0.0	0.0	0.0	0.0
3921.082569156653	-0.4515744787695439	0.2039195098759852	15374888.514144138	5204.044862385038	-4.4751092452033845	20.026602756504804	27082082.92971611	4555.297082771023	5.905611210504503	20750731.512302198	34.87624376963646	4629.071622791208	3753.55609709641	1.226512	25.267725	0.0326876085949933	0.0152726124349153	0.0048082287	-0.0262532621	0.1050116106	0.0046093818	0.0353242781	-0.02504116	-0.0588953343	0.0622324228	-0.0250818908	-0.0439999278	-0.051688211	0.0223812457	0.0464265636	-0.0114878473	0.1127653174	0.0969802914	0.033906846	-0.0373106426	-0.1182961434	0.1024212724	0.1017024742	0.0148891853	0.0150472177	-0.0209301135	-0.0263120741	-0.0003213211	-0.013063341	-0.0057741161	-0.0854379569	-0.1341363051	0.0330804498	0.0271947563	0.0090570556	-0.0749377446	-0.0486453584	0.1029845486	-0.0060689149	-0.0902729702	-0.1353067639	-0.0609058735	0.0745831287	-0.0481383566	-0.0698083242	-0.0351973307	0.0009849507	0.0126217361	-0.0535446489	-0.0206346054	-0.086642172	0.0891232089	0.0030909157	0.0418653498	-0.0729515875	0.0259975264	0.0149686543	0.0205426953	0.052163196	0.0652024864	0.0436600411	-0.0437819817	-0.0909999786	0.0007274746	0.0538982094	0.0930369502	-0.0377300368	-0.0423106922	0.0811587018	0.0223864181	0.0011111498	-0.0596449445	-0.0648484127	0.0910506129	0.0903423981	0.0891661178	0.0875278662	0.0854361313	0.0829017503	0.0004205264841914	-0.0021073862857292	1.768425239063798e-07	4.441076957279934e-06	0.0121617357381751	0.0021815929995768	4.759348015802504e-06	0.0001479078161652	0.0704950259633037	-0.0085376916474472	0.0049695486855668	7.289217866689122e-05	-0.0007218413385432	-0.000242511928237	5.8812035337276336e-08	5.210549180298387e-07	0.0007976916927148	-6.412504380909996e-05	6.36312036626203e-07	4.1120212435189895e-09	0.0008547882542408	9.05817811985999e-05	7.306629595880345e-07	8.205059085111027e-09	0.0	0.0	0.0	0.0	0.0	0.0	0.0	0.0	0.0	0.0	0.0	0.0	0.0	0.0	0.0	0.0	0.0	0.0	0.0	0.0	0.0
3918.314432281101	-2.768136875552045	7.662581761791039	15353187.990222365	5208.882401478441	4.837539093403393	23.40178448020612	27132455.87243181	4538.089388743067	-17.207694027956677	20594255.30022242	296.1047337597759	4616.957784366198	3650.153928942068	1.287593	26.526066	0.0607440065341543	0.0330429060599603	0.0241892832	0.1268198944	0.0025768918	-0.0816054074	-0.0229878096	0.0947478328	-0.0382809508	-0.0222520982	0.1263359664	-0.0499615456	0.0372666427	-0.1461518933	-0.1299081648	0.0072989942	-0.0140438373	0.114811591	-0.0145182848	0.0504810058	-0.0484066568	0.0023296711	0.0717582394	-0.0359083215	-0.0250006375	0.1278483916	0.0272765899	0.0125165298	-0.0188804099	0.0653358701	-0.0641666198	-0.0488199994	-0.0847928274	-0.1660595012	-0.0661543088	0.0320553757	-0.0858324355	0.0492915811	0.0161385481	0.0311908772	-0.0219029974	-0.0204242195	0.0387772051	-0.0518795502	-0.0697426176	-0.0449226205	-0.0856496821	0.1554397719	0.0103153623	-0.0437161714	-0.0715355586	-0.0864459596	-0.0337187077	0.0246886355	-0.0001315904	-0.018309802	0.0215493629	-0.0669156223	-0.0769434626	0.0391604613	0.0728781276	-0.0373399975	-0.0325882433	0.0349369697	0.0139504714	0.0191061747	-0.10006149	-0.0493216846	-0.0303927643	-0.0036317534	-0.0804293183	-0.0656819575	-0.1231521164	0.0909568593	0.0899685475	0.0883293083	0.0860510014	0.0831501106	0.0796476241	0.0073574205532622	0.0069368940690708	5.413163719756506e-05	4.812049932550965e-05	0.0120599169856774	-0.0001018187524977	1.0367058360188164e-08	0.0001454415977014	0.0983949897386295	0.0278999637753258	0.009681574005665	0.0007784079786644	-0.000620690699078	0.0001011506394651	1.0231451864218858e-08	3.852569439219364e-07	0.0006568201676637	-0.0001408715250511	4.3141273264977097e-07	1.98447865702227e-08	0.0005807038200119	-0.0002740844342289	3.372169265764132e-07	7.512227708657619e-08	0.0	0.0	0.0	0.0	0.0	0.0	0.0	0.0	0.0	0.0	0.0	0.0	0.0	0.0	0.0	0.0	0.0	0.0	0.0	0.0	0.0
3940.875080178217	22.56064789711627	508.9828335376568	15530496.39756967	5258.538415836382	49.65601435794088	2465.7197619160306	27652226.270827007	4552.886278445671	14.796889702604858	20728773.464458875	218.9479448710537	4621.770979852636	3727.771073296526	1.365178	28.12443	0.0526101110530723	0.0233150605738392	-0.0159800501	-0.0484222049	0.0649890049	-0.0349628344	0.0481313868	-0.1323493127	0.0387070926	0.0092293802	0.0843207389	0.0561808098	-0.1071170568	0.0306234897	0.0404450795	-0.0195450044	0.0004137648	0.0781658229	0.0565544871	-0.0951647075	-0.044764752	-0.0390615879	-0.0553264347	0.0621522874	-0.0150651102	0.0237819106	0.0148322924	-0.0610089348	0.0010637354	0.0295722508	-0.0811381863	0.0798151881	0.0194537182	0.0481801621	0.0171785028	-0.0273858486	-0.0502632109	0.1167662571	-0.1038999327	-0.0217847061	0.0340493643	-0.034891043	0.0097426394	0.0581029346	-0.0369883318	-0.007127304	-0.022335831	-0.0416317761	0.0527217093	-0.0151958223	-0.0569171768	0.0721477642	0.0192550578	-0.0237793886	-0.0936878625	0.0825822724	-0.0156220179	0.0244483158	-0.0037933716	0.0793848603	0.0613225763	-0.0030349715	0.0326770986	0.040295702	0.0683079167	-0.0221972288	-0.0104738636	0.0188240579	-0.0638250084	0.0460138187	0.0177793865	0.1029348934	0.0341474474	0.0908475206	0.089533037	0.0873563013	0.0843382767	0.0805080284	0.0759024438	0.0115759633300029	0.0042185427767407	0.0001340029270175	1.7796103159191137e-05	0.0016614803183045	-0.0103984366673728	0.0001081274851253	2.7605168481132227e-06	0.0833514151848007	-0.0150435745538288	0.006947458413309	0.0002263091353566	-0.0007211533240852	-0.0001004626250071	1.0092739023337267e-08	5.200621168391334e-07	0.0004307428720902	-0.0002260772955735	1.855394218565144e-07	5.1110943573827696e-08	0.0007131550405338	0.0001324512205219	5.085901118387659e-07	1.7543325817740988e-08	0.0	0.0	0.0	0.0	0.0	0.0	0.0	0.0	0.0	0.0	0.0	0.0	0.0	0.0	0.0	0.0	0.0	0.0	0.0	0.0	0.0
3943.9466736660142	3.071593487797145	9.43468655427783	15554715.364721218	5252.315173185324	-6.223242651058172	38.72874909394954	27586814.67847278	4564.558220381216	11.671941935544965	20835191.747249737	136.23422854673314	4635.602707498575	3877.793804563325	1.252749	25.808235	0.0389690274584801	0.0251429148223586	-0.0627437985	0.0431658925	-0.0333431282	0.0259316885	-0.022519587	0.0261839426	0.0963306072	-0.0558681033	0.0261664853	-0.0425984727	0.0646482035	-0.0131861332	0.0665773215	-0.0153868002	0.0810146148	-0.0356701771	-0.0882996227	0.0925811145	0.0896864867	0.0269013967	-0.0499109368	0.0295421711	0.015838664	-0.0047761446	0.0094206937	0.0071225866	0.0848567061	-0.0297266446	-0.027473555	0.0080649499	0.0650001035	-0.0086861854	0.0199776414	-0.0295798566	-0.0103328835	-0.0587796078	0.1013982913	-0.031596196	-0.0224095135	0.0909457077	-0.0509881952	0.0964529792	0.0240917585	0.0274705601	0.0085494923	-0.01593743	0.0431685864	-0.0222930998	0.024759327	-0.0750784206	-0.0128917336	-0.0798983976	0.019467836	0.0215957659	0.0974066313	-0.0003938091	-0.0465495449	0.1125009734	0.034545323	0.0521081604	-0.0678755434	0.0064395545	0.1487214198	-0.0428896362	0.0013644591	0.1048040919	0.0504213584	0.0505837763	-0.0277962941	0.0267862822	0.0060818098	0.0907226157	0.089036165	0.0862485974	0.0823943867	0.0775211985	0.0716892996	0.0168503024101056	0.0052743390801027	0.000283932691312	2.7818652731898595e-05	0.0085299169958972	0.0068684366775927	4.717542239410065e-05	7.275948395689592e-05	0.0801882522213759	-0.0031631629634247	0.0064301557943189	1.0005599933182334e-05	-0.0002861456212623	0.0004350077028229	1.8923170151525645e-07	8.187931656758763e-08	0.000430903674331	1.608022408000208e-07	1.856779765519565e-07	2.5857360646307875e-14	0.0006750617708503	-3.809326968350004e-05	4.557083944635429e-07	1.4510971951798627e-09	0.0	0.0	0.0	0.0	0.0	0.0	0.0	0.0	0.0	0.0	0.0	0.0	0.0	0.0	0.0	0.0	0.0	0.0	0.0	0.0	0.0
3926.5953710829	-17.351302583114375	301.0677013307916	15418151.208209656	5254.962960158722	2.6477869733980697	7.01077585649651	27614635.71264012	4553.937331306954	-10.620889074262776	20738345.2174711	112.80328472779443	4627.397671286129	3692.045226094117	1.380971	28.449781	0.1130791855969071	0.0567029993856316	0.0861405856	-0.0051424938	0.0165146443	0.0197043691	-0.023467704	0.0016000706	0.0857170344	-0.0288925652	-0.1308686932	0.0107325073	-0.0236541463	0.1101429655	-0.0495160194	0.057695212	0.0145185554	-0.064998904	0.0215368786	0.0391793858	-0.0091219487	-0.0382303298	-0.0611828247	0.0178883382	0.1224208676	0.015117914	-0.0403194565	0.0370590411	-0.0490527912	0.0616073589	0.1711162463	-0.0242138412	-0.0609891191	0.0934781707	-0.0188847991	-0.0116559631	0.0966507921	-0.0330585907	0.0662816768	-0.0110064595	0.0369544014	-0.0832522927	-0.0374630647	0.0270669719	0.0559652283	0.0274780477	-0.0361755614	0.0336534413	-0.0914477974	0.0078504459	0.0324477007	-0.0100455678	0.1093113053	0.0037737982	0.0059798005	-0.0165349785	-0.0589015966	0.1106510194	-0.0201057789	0.0731785955	0.0082692164	0.042340485	0.0692186794	0.0378469704	0.0402586004	-0.0114247171	0.0072048054	0.0255467656	0.1189781151	-0.0802116897	0.0508382409	-0.03955977	-0.0321401381	0.090582166	0.0884782721	0.0850079043	0.0802246594	0.0742024108	0.0670341672	0.0094642439050716	-0.007386058505034	8.957191269468493e-05	5.455386023978508e-05	0.0392397216093627	0.0307098046134654	0.0009430920993972	0.0015397557519802	0.0532456162946246	-0.0269426359267513	0.0028350956545943	0.0007259056306814	7.36422838641266e-05	0.0003597879051264	1.2944733667526256e-07	5.4231859727246025e-09	0.00096802701475	0.000537123340419	9.370763012857968e-07	2.885014828228651e-07	0.000738964256338	6.390248548770008e-05	5.460681721451734e-07	4.083527651505719e-09	0.0	0.0	0.0	0.0	0.0	0.0	0.0	0.0	0.0	0.0	0.0	0.0	0.0	0.0	0.0	0.0	0.0	0.0	0.0	0.0	0.0
3914.064498552477	-12.53087253042304	157.0227663737107	15319900.898828853	5194.941994968849	-60.020965189873095	3602.516262323958	26987422.331090923	4539.7728238596965	-14.164507447257163	20609537.292255044	200.63327122340368	4611.127198575392	3737.255128244621	1.084478	22.34164	0.1001872650021073	0.0576823505556525	0.0014348336	-0.0576431109	0.0544081961	-0.0092387125	-0.0110859184	0.0020838943	-0.077384597	0.0216897745	-0.0294348757	0.01036007	-0.0852707935	-0.1270369575	0.0460558209	-4.86887e-05	-0.1156326207	-0.1485677839	0.0440061162	-0.0579416082	-0.108245863	-0.0069911099	-0.0178050103	-0.082947256	0.0045485491	0.0616311168	-0.037575095	0.0799677053	-0.0162656291	-0.0090199649	0.0606187727	-0.1233332255	0.0879799621	-0.0983392603	0.0540377851	0.041944807	0.1107999725	-0.0612412688	-0.1067432027	0.0593045805	0.0222980187	-0.0782367818	-0.0390883105	-0.1033135776	0.0247147718	0.0156592439	-0.0727089061	0.0004836211	-0.0109629208	0.0083247074	-0.045729804	0.0821083114	0.0147894857	-0.0304842423	-0.0015175309	-0.0694472346	0.1106043565	0.0262522841	0.0367564752	0.0729349618	-0.0251002534	-0.0738492173	-0.0954612779	-0.040484362	0.0031023154	0.026576104	-0.0084162322	0.0137638918	0.0167559883	-0.0462280174	-0.0038204573	-0.0089946422	-0.0433285351	0.0904261954	0.0878597406	0.0836361352	0.0778350419	0.0705658771	0.0619657467	0.0018412380205745	-0.0076230058844971	3.390157448409103e-06	5.811021871507742e-05	0.0164103113184097	-0.0228294102909529	0.0005211819742326	0.0002692983175671	0.0533975640765405	0.0001519477819158	0.0028512998493082	2.3088128429161782e-08	-0.000822168183287	-0.0008958104671511	8.024763930575197e-07	6.75960521609446e-07	0.0007803231018912	-0.0001877039128588	6.089041433451041e-07	3.5232758902504014e-08	0.0004308206154531	-0.0003081436408849	1.8560640269938786e-07	9.495250341780224e-08	0.0	0.0	0.0	0.0	0.0	0.0	0.0	0.0	0.0	0.0	0.0	0.0	0.0	0.0	0.0	0.0	0.0	0.0	0.0	0.0	0.0
3923.606105796666	9.54160724418898	91.04226880235964	15394684.873444878	5214.596860475178	19.65486550632886	386.31373807187606	27192020.417277586	4548.947238154344	9.17441429464725	20692920.97551203	84.16987764982778	4617.818846739413	3839.8800240160895	1.096752	22.5945	0.0973387784267337	0.0516334719371912	-0.0786952259	0.0035992876	0.0505638119	0.028387495	0.0535037987	-0.0024642445	-0.0944644104	0.0006706922	-0.0389608097	-0.0064330567	-0.049023743	0.0870682482	-0.0549215784	-0.0713250289	-0.0870905992	-0.0079611306	0.0520341116	-0.0199479708	-0.011856841	0.0793384944	-0.019825765	0.0801322687	-0.0286739525	0.0443448514	-0.0830156386	0.0240956699	-0.0097803795	-0.0764746711	0.0078816019	0.0014394605	-0.0828255111	0.0661193012	0.0492727213	0.0241891449	-0.0451238432	-0.0058927091	-0.1005186678	0.0599261093	-0.0480028653	0.0124111112	0.0210523129	0.0083915266	-0.0299691683	0.0716358001	-0.0244903995	0.0062661031	-0.0812047592	-0.0425860485	-0.04668451	0.0226100735	-0.0876694848	0.0164427858	0.0188542367	-0.0648398673	-0.069384455	-0.00517886	-0.0853236803	-0.0248467911	0.0082259931	-0.0413083328	0.0231557276	-0.0165050641	-0.0427951083	0.1007413505	-0.0407866426	0.0192681865	-0.0124357116	-0.0656398385	-0.1482081258	0.000218126	-0.0435161334	0.0902547308	0.0871809944	0.0821354052	0.075232084	0.0666271694	0.0565152869	-0.0025332028426987	-0.0043744408632732	6.417116642256774e-06	1.9135732866274376e-05	0.0231738161907344	0.0067635048723246	4.574499815795994e-05	0.0005370257568419	0.0851359640663531	0.0317383999898126	0.0072481323775073	0.0010073260339133	-5.304564946383417e-05	0.0007691225338231	5.915494720345668e-07	2.8138409270399707e-09	0.0007729970145615	-7.326087329699994e-06	5.975243845209918e-07	5.3671555562390786e-11	0.0001180205825795	-0.0003128000328736	1.3928857912404577e-08	9.784386056572525e-08	0.0	0.0	0.0	0.0	0.0	0.0	0.0	0.0	0.0	0.0	0.0	0.0	0.0	0.0	0.0	0.0	0.0	0.0	0.0	0.0	0.0
3919.174015610736	-4.43209018592961	19.643423416213565	15359924.964638384	5203.541234269927	-11.05562620525052	122.226870790222	27076841.3767474	4549.252976116779	0.3057379624351597	20695702.64070737	0.0934757016740031	4620.117582656795	3817.261633032915	1.060606	21.849846	0.0923169210196292	0.0480092213106001	-0.0422069632	0.0630291388	-0.0414619632	0.0154467552	-0.0619403532	0.0900203241	-0.0148456714	0.0410170131	0.0455308074	0.0176015223	-0.0145997295	0.0445361624	0.0833044384	-0.0126002046	0.0030424161	0.0853795291	-0.0631873887	0.0542865777	-0.0302167333	-0.0528399037	0.1369025054	0.0919522001	-0.0208746332	-0.0211822745	0.0521712192	-0.0076026792	-0.0291825543	-0.0388166305	-0.0046550876	0.0267567097	0.0556968348	0.0493916963	-0.0156713398	0.035535783	-0.1098940161	0.0080205416	0.0932172381	0.0201599029	-0.0643698524	-0.010419339	0.1661968854	-0.0085050279	0.0385140332	0.0399769343	-0.0238192806	-0.0316379668	0.0562518848	-0.0256891614	-0.0003083036	-0.0845188196	-0.0400753108	0.0172263237	-0.060997241	0.0402543331	0.0171057255	-0.0583316018	0.0755422849	-0.0488370951	0.0415316465	-0.0280412073	-0.0873421348	-0.0800377221	0.0214806193	0.021245992	-0.0295648725	0.0150025001	-0.0416381852	-0.0324638385	-0.0115210313	0.1260041922	0.0945163751	0.0900678015	0.0864424987	0.0805080284	0.0724229201	0.062403154	0.0507163915	-0.0051114109406427	-0.002578208097944	2.612652180412189e-05	6.64715699630402e-06	0.0036650354991536	-0.0195087806915808	0.0003805925240721	1.3432485210056078e-05	0.0852185854652205	8.262139886740238e-05	0.007262207308693	6.8262955508064e-09	0.0003769951422226	0.0004300407916864	1.8493508251429505e-07	1.421253372594384e-07	2.8065221321593725e-05	-0.0007449317932399	7.87656647830039e-10	5.549233765796225e-07	0.0003459942142779	0.0002279736316984	1.197119963137814e-07	5.1971976749757754e-08	0.0	0.0	0.0	0.0	0.0	0.0	0.0	0.0	0.0	0.0	0.0	0.0	0.0	0.0	0.0	0.0	0.0	0.0	0.0	0.0	0.0
3912.123869163787	-7.050146446949384	49.70456492343303	15304713.167681038	5204.535344763647	0.9941104937197452	0.9882556737237156	27087188.15489405	4541.857204818121	-7.395771298657564	20628466.86895828	54.69743310204699	4613.8682848230455	3647.943236061024	1.330672	27.413559	0.0873997803713215	0.0414702966199547	0.073982369	-0.0663775953	0.006947597	-0.013871523	-0.0460651314	0.0020061409	-0.0277351551	0.0455045029	-0.0736243412	0.0228780606	0.1196501544	-0.1505343279	-0.1097131301	0.0926634466	0.0024532459	-0.033537317	0.0156854827	-0.0788489807	-0.0018151518	-0.0681584961	0.0746746007	-0.0730980665	0.0882622373	-0.0734845613	0.0540109092	-0.1617428206	-0.0417019291	0.0236186843	-0.0031596911	0.0308550954	-0.0426719294	-0.1508594954	-0.0845101786	0.0509749927	0.1013138755	-0.0005389063	-0.0041765021	-0.0934253683	0.1070430506	-0.1020402758	0.0805261347	-0.050920266	0.0045002704	-0.1273930533	0.0084760869	0.0240783344	0.0521268467	0.0239590835	0.0572678652	0.0409878958	0.0993030339	-0.0278268042	-0.001659738	-0.0028130374	-0.0045302049	-0.0776184907	-0.0891313479	-0.0792889773	0.0136829024	0.0531220204	-0.08723467	-0.0660220772	-0.0372789239	0.0156381137	-0.0109537487	-0.0483483582	0.061128606	0.0034595289	-0.0006404566	-0.0092065878	0.0795697351	0.0898654396	0.0856447597	0.0787565141	0.06941525	0.0579119187	0.0446048127	-0.0058543706604581	-0.0007429597198153	3.427365583003261e-05	5.519891452681771e-07	0.0159338890490374	0.0122688535498837	0.0001505247674284	0.000253888820227	0.0659051203074057	-0.0193134651578148	0.0043434848827336	0.0003730099364021	9.246719005665505e-05	-0.0002845279521659	8.095615556374628e-08	8.550181236973566e-09	0.0006070048879236	0.000578939666602	3.684549339631422e-07	3.3517113756524213e-07	0.0001079717941697	-0.0002380224201082	1.1657908336224064e-08	5.665467247416447e-08	0.0	0.0	0.0	0.0	0.0	0.0	0.0	0.0	0.0	0.0	0.0	0.0	0.0	0.0	0.0	0.0	0.0	0.0	0.0	0.0	0.0
3918.728293320864	6.604424157077119	43.61841844658382	15356431.43687345	5245.9800059644485	41.44466120080142	1717.6599420492146	27520306.22297876	4544.469780729992	2.612575911870408	20652205.5879681	6.825552895285495	4618.936433980393	3745.30424047488	1.146437	23.618078	0.0835157011907764	0.0442270015904929	-0.0620018386	-0.0789730755	-0.0560489426	-0.0242396696	0.1221737422	-0.0085697504	-0.0399446966	0.004938049	0.0117486347	0.0682381284	0.0383973704	0.0225823248	-0.0069512035	0.0738350193	0.0032030018	0.06117553	0.0629054176	-0.0940371286	-0.030607363	-0.1149332812	-0.0596229459	-0.0491349403	-9.86008e-05	0.0794843635	-0.0218759713	0.0164461569	-0.0321505809	-0.0074986561	0.0031761621	-0.0154558657	0.006459089	0.0364483152	-0.0764335287	-0.0359677521	-0.0142549018	0.128701061	-0.0474580148	0.049636897	0.1130889155	-0.0220594441	-0.0708984114	-0.031956484	0.0313386092	0.0007092232	-0.0549415821	0.0557046016	-0.0382483512	0.0400620985	0.0247834894	0.0416883674	-0.0441616674	-0.1131687661	-0.053885381	0.0218326806	-0.0439961939	0.0394990803	0.0507889558	-0.0295747006	-0.0095170385	0.011857153	0.0620922984	-0.0125277623	-0.0798103833	0.0373612953	0.0820115311	0.0119806907	0.0307343808	0.0332843563	-0.0371498506	-0.0944186925	0.0768590621	0.0896476797	0.084788324	0.0768835629	0.0662173176	0.0531726956	0.0382182304	0.0052410336812585	0.0110954043417166	2.7468434048086026e-05	0.0001231079975061	0.0045747910176601	-0.0113590980313772	0.0001290291080864	2.092871285526353e-05	0.0359963047370968	-0.0299088155703088	0.0012957339547259	0.0008945372488187	0.0001189726213364	2.6505431279744957e-05	7.025378873252822e-10	1.4154484627654421e-08	0.0011435073394703	0.0005365024515467	1.3076090354224435e-06	2.878348805156192e-07	4.79320120486728e-05	-6.00397821210272e-05	2.2974777790341143e-09	3.604775437140417e-09	0.0	0.0	0.0	0.0	0.0	0.0	0.0	0.0	0.0	0.0	0.0	0.0	0.0	0.0	0.0	0.0	0.0	0.0	0.0	0.0	0.0
3918.2862707772847	-0.4420225435792417	0.1953839290322626	15352967.29976176	5248.819214639784	2.8392086753356125	8.061105902101003	27550103.1479718	4555.207965639238	10.738184909246227	20749919.610223167	115.30861514516344	4628.388665588117	3821.386348473241	1.013152	20.872242	0.1041949881887163	0.052303318510436	-0.0669223343	0.0196408292	-0.0762798311	0.0040256695	0.0545903856	0.1224220357	0.0198605777	-0.0523909097	0.0206427641	-0.015618252	-0.0258317952	-0.0556822501	0.0256779194	0.0141042443	0.057647748	0.0056680755	-0.0959348493	0.0556627484	0.0570107634	-0.0499267284	-0.077166613	0.0036321257	-0.0071493718	-0.0424227309	0.0021741283	0.04362157	-0.0172655304	-0.0605557914	0.0061110011	-0.0957212331	0.0410187775	-0.0534204448	-0.0356780669	-0.0369423307	-0.0251157437	-0.0328623986	0.0666979433	0.0069709219	0.0047282601	0.0366245514	-0.0887478937	0.0224057166	0.0560318118	0.0555232585	0.0394874205	0.0022451004	-0.00239306	0.0128131252	0.0202833797	-0.0578971542	-0.0515446735	-0.0678678445	0.0628080506	-0.0414979281	0.0431994172	-0.0165008064	-0.0179397656	-0.0448018312	-0.0119490398	0.0222663969	-0.1134483019	-0.0481386746	0.002794588	0.0037875008	0.0241945541	-0.0248168172	0.0096387143	-0.0441619881	0.0237733185	-0.0108422335	-0.0434182261	0.0894145591	0.0838737786	0.0748920628	0.0628378881	0.0482057789	0.0315960199	0.0263442849941242	0.0211032513128657	0.0006940213518516	0.0004453472159739	0.0224564971759662	0.017881706158306	0.000319755415132	0.0005042942654141	0.049037041557419	0.0130407368203222	0.002404631444704	0.0001700608168169	-6.998945011800386e-05	-0.0001889620714544	3.5706664448339226e-08	4.8985231278205506e-09	0.0003910018641997	-0.0007525054752705	1.5288245780764064e-07	5.662644903122314e-07	-5.398631917077085e-05	-0.0001019183312194	2.9145226576083403e-09	1.0387346238556222e-08	0.0	0.0	0.0	0.0	0.0	0.0	0.0	0.0	0.0	0.0	0.0	0.0	0.0	0.0	0.0	0.0	0.0	0.0	0.0	0.0	0.0
3924.410444261259	6.124173483974118	37.50550086181169	15400997.33502685	5212.826117020619	-35.99309761916538	1295.5030762227686	27173556.126292262	4560.59327332607	5.385307686831766	20799011.004706997	29.001538881849303	4632.238801358595	3634.973984912645	1.445491	29.778967	0.0969942016008778	0.0504893811623401	0.0882093526	0.0494490133	0.0207516682	0.0178065295	-0.0735248519	-0.0222914818	-0.0164371255	-0.0073257902	-0.008543035	0.0323372551	0.0055710675	0.1055335404	0.0085946616	-0.0063611404	0.0504290591	0.0310655093	0.0324760538	0.0618248132	0.0082794716	0.0533921871	-0.013365031	-0.0383499561	-6.01872e-05	-0.0539650807	0.0176382058	-0.034321148	-0.0146898721	0.0473771951	-0.0647854205	0.1306417874	-0.0391059983	0.0905076375	0.0325617844	-0.0170249159	0.0020634681	0.0227101594	0.0811521593	-0.0138630472	-0.0454329933	-0.0054511269	-0.0250919802	0.0218126497	-0.0632445519	-0.0293467969	-0.0151414616	-0.0996477332	0.0331515622	0.0039600408	-0.0028088556	-0.0259630102	0.0319660955	0.1176009283	0.0172266093	-0.0319074321	-0.0744690568	0.058389189	0.0432937325	-0.0438353048	-0.0195417896	-0.0481966017	0.0629236646	0.03911018	-0.0352780645	0.0570013965	-0.0145206755	-0.0298774522	-0.0281815688	0.0052243564	0.0636700265	-0.0489819551	-0.0232795874	0.0891661178	0.0829017503	0.0727850846	0.0592862243	0.0430324377	0.0247790096	-0.0063555726583075	-0.0326998576524317	4.039330381502586e-05	0.0010692806904892	0.0310848051279322	0.008628307951966	7.444769811395972e-05	0.0009662651098415	0.0491401925066199	0.0001031509492008	0.0024147585195876	1.0640118321045569e-08	-0.0006930278514386	-0.0006230384013205	3.881768495201242e-07	4.802876028696023e-07	0.0007509746124461	0.0003599727482463	5.6396286853857e-07	1.2958037948006606e-07	7.426023220781784e-05	0.0001282465513785	5.5145820875590274e-09	1.644717794050099e-08	0.0	0.0	0.0	0.0	0.0	0.0	0.0	0.0	0.0	0.0	0.0	0.0	0.0	0.0	0.0	0.0	0.0	0.0	0.0	0.0	0.0
3937.603128433168	13.19268417190915	174.0469156597422	15504718.397046672	5253.555085387411	40.72896836679229	1658.8488642231669	27599841.03519993	4560.968827769042	0.3755544429723159	20802436.647880908	0.1410411396362464	4629.163263149016	3720.1462850540784	1.177722	24.262594	0.042908220579635	0.0212898700295942	-0.0309166573	-0.0286428687	0.0342748928	-0.0194228071	0.0366857929	-0.1072888299	-0.000484376	-0.0129575564	0.0856879703	0.1113109123	-0.0730694097	0.0012476419	0.0657430693	-0.0384444087	0.0808627117	-0.0058760769	0.0016345733	-0.0007618611	0.0061104733	0.0712143923	0.0109050581	0.0276814818	0.0076209753	0.0120612741	0.0476459554	-0.0992711866	0.0609134984	-0.1154015416	0.0435709332	-0.1009151464	0.0447972588	0.0017053127	0.052807677	-0.0776468065	-0.002136341	0.0361759218	-0.0413495783	-0.0462052088	-0.0670725777	0.0605502002	-0.0039972064	0.078743428	0.0355606154	-0.0091541344	0.0095732499	-0.0308375162	0.1278254357	0.0113538396	-0.0402268317	0.0642646465	-0.0606400393	0.028779962	0.0112638353	-0.0447851437	0.0756001461	-0.031803622	0.0437663448	-0.0060100634	-0.0060805952	-0.0462662438	0.0703908619	-0.0120831948	-0.0633795643	-0.006875891	0.0488432542	-0.0388076745	-0.1545341164	0.0449572041	0.022565999	-0.0186576706	0.0516200412	0.0889023983	0.0818729053	0.0705658771	0.0555720611	0.037674825	0.0178092284	0.0020124763582316	0.008368049016539	4.050061092441122e-06	7.002424434320098e-05	0.021606118179875	-0.0094786869480571	8.984550625926989e-05	0.0004668243428027	0.0491414667639489	1.274257329000883e-06	0.0024148837557122	1.6237317405124645e-12	-0.0003599778260505	0.0003330500253881	1.1092231941101405e-07	1.2958403524804404e-07	0.000788010405432	3.703579298590008e-05	6.209603990691051e-07	1.371649962094445e-09	-5.68581565723765e-05	-0.0001311183887801	3.232849968808881e-09	1.7192031876314194e-08	0.0	0.0	0.0	0.0	0.0	0.0	0.0	0.0	0.0	0.0	0.0	0.0	0.0	0.0	0.0	0.0	0.0	0.0	0.0	0.0	0.0
3956.7410175783048	19.1378891451368	366.2588009315448	15655799.480186598	5318.2484192667125	64.69333387930146	4185.227448418775	28283766.249032885	4559.832264944037	-1.1365628250050577	20792070.284424663	1.2917750551834777	4638.383647345678	3835.125015019623	1.219951	25.132566	0.1403171328028638	0.0815775158169472	-0.0509426261	-0.0091302227	-0.0654093688	0.0241571967	0.1399069513	0.0297185637	0.1809492679	0.0140314378	0.0900723103	-0.0874594194	0.057999812	0.1412276892	-0.066612356	-0.0200278831	-0.023856625	-0.0698855783	-0.0510264378	0.0403071755	0.0944021659	-0.0264754304	-0.0478303871	0.0712064801	-0.0496143682	0.0691146287	-0.0668401722	-0.0552892206	0.0757332882	0.0471535488	-0.0539223814	-0.013969251	-0.0716783774	0.1109014884	-0.0610043957	-0.0868575978	-0.0365417893	-0.0886221641	-0.037388471	0.0965324025	0.050866889	0.0820628499	-0.0077957005	0.1284981588	-0.0673961311	-0.0314459398	0.0019489135	0.129041994	-0.0503852142	0.060444303	-0.0283682792	-0.0414185114	-0.0660292089	0.0212369003	0.025404227	0.0551404264	-0.1179207223	-0.0215119149	-0.0258574642	0.0052790853	0.0061063577	0.0147525994	-0.0065400893	0.0625052925	0.0041147708	-0.0929215539	0.0999153284	0.0887469835	-0.0216016179	0.0242959301	0.1116256824	0.0211679522	-0.0763132639	0.0886234459	0.0807879487	0.0682378621	0.0517055788	0.0321558829	0.0107296473	0.0241574943733411	0.0221450180151095	0.000583584534398	0.0004904018228895	-0.0058031592670175	-0.0274092774468925	0.0007512684901607	3.3676657478371084e-05	-0.0240174200135641	-0.073158886777513	0.0005768364641079	0.0053522227145249	-0.0004190317560822	-5.905393003169997e-05	3.4873666521889162e-09	1.7558761260533238e-07	0.0006489794155799	-0.0001390309898521	4.211742818464285e-07	1.932961613925476e-08	9.713593481080092e-05	0.0001539940913831	9.435389831568168e-09	2.3714180180930398e-08	0.0	0.0	0.0	0.0	0.0	0.0	0.0	0.0	0.0	0.0	0.0	0.0	0.0	0.0	0.0	0.0	0.0	0.0	0.0	0.0	0.0
3944.897104835277	-11.843912743027886	140.27826906445833	15562213.16773775	5252.967328421677	-65.28109084503558	4261.620821917788	27593665.75346557	4551.782810410682	-8.049454533354947	20718726.753150165	64.7937182845485	4625.473417093825	3875.53985287179	1.025477	21.126156	0.0711065311033372	0.0358098021742963	-0.0407210314	0.0377284856	-0.0231695443	0.0492559019	-0.0379203755	0.0464748384	0.102937149	-0.0047843589	-0.018335121	-0.0145499957	0.0156283245	-0.0467029616	0.100365953	-0.0352848799	-0.0174954678	-0.0629979632	-0.0680976754	0.0696443201	0.0345572404	-0.0124045779	0.009012349	0.1346863119	-0.0312668945	-0.1053643261	-0.141543837	-0.0183127513	-0.0717396605	0.0227650803	0.0398661122	0.13198228	0.1171131823	-0.0308873442	0.0233587583	0.0037817386	-0.0227654419	-0.0966423263	0.0428206295	0.0350543012	-0.0116383333	0.0141292179	0.0486208674	0.0754764443	-0.0216760086	0.0218885449	0.0659715458	-0.1460178403	-0.0804307926	0.0385032374	-0.0369634859	-0.0700197585	-0.0484736041	0.0794202694	-0.018414093	0.027324438	0.0297376643	-0.0598273393	0.0905045705	-0.0057080628	0.0637059019	-0.0140240633	0.049878756	-0.0443631546	0.0642031791	-0.0541654582	0.1177273673	0.0782815256	-0.0183114402	-0.1099696318	0.1084950331	0.0537138444	0.0890462615	0.0883293083	0.0796476241	0.0658046293	0.047697375	0.0264992443	0.0035839144	0.0017308017025072	-0.0224266926708339	2.9956745334018216e-06	0.000502956544152	-0.0099551347281163	-0.0041519754610988	1.72389002295666e-05	9.91047074549472e-05	0.0033139560010155	0.0273313760145796	1.0982304376666643e-05	0.0007470041148503	-0.0002920522879702	0.000126979468112	1.6123785322006424e-08	8.529453890862863e-08	0.0005329710547155	-0.0001160083608644	2.840581451645525e-07	1.3457939790444856e-08	0.0001980778449709	0.00010094191016	3.92348326683159e-08	1.0189269226769514e-08	0.0	0.0	0.0	0.0	0.0	0.0	0.0	0.0	0.0	0.0	0.0	0.0	0.0	0.0	0.0	0.0	0.0	0.0	0.0	0.0	0.0
3921.829224282016	-23.067880553260693	532.1271132195028	15380744.464432482	5227.421016644828	-25.5463117768486	652.6140453999533	27325930.48526005	4549.7191372975685	-2.0636731131135093	20699944.22829173	4.258746717787603	4623.370797218683	3841.915041262827	0.936442	19.291906	0.0939520614585864	0.0459773156751251	-0.0275630539	0.0074600111	-0.064997556	0.0433142165	-0.0553996559	0.0899167447	0.0149828303	0.0052289066	-0.0908507442	0.0412138699	0.0049077454	-0.0006817425	-0.0648828852	0.0258832717	-0.0006870132	0.034851779	-0.0513126587	0.0189195256	0.0349693679	0.0828499951	0.0419339351	-0.1481784289	-0.1144523652	-0.005045993	0.1031695913	0.0386990066	-0.05967523	0.0351655818	-0.0482691335	0.0577942341	-0.0645871127	-0.0090659255	-0.057407291	0.0335595252	-0.0061712029	-0.0603905774	0.0659170256	-0.048016813	-0.0435230733	0.0331971617	-0.0488617056	-0.170244362	-0.1067541111	0.0276482701	-0.0061654504	0.0064431864	0.0680733239	0.0318917356	0.0205563457	-0.0537240169	0.0014297076	0.0122410519	0.0100878263	-2.92844e-05	-0.0902539373	-0.0383108363	-0.0601259583	-0.0706726174	0.0549890014	-0.0600736912	0.0125535925	-0.1376053149	0.0533230596	-0.028877044	0.0635103364	0.0271323679	0.0529718189	-0.1259437664	0.0995604884	0.0035358511	0.1650976066	0.0880200359	0.0784527129	0.0632699305	0.0435584361	0.0207291319	-0.0035839144	0.0249235839329315	0.0231927822304243	0.0006211850360618	0.0005379051475878	0.0129896690582569	0.0229448037863732	0.0005264640207951	0.000168731502243	0.0176733724523145	0.014359416451299	0.0003123480938382	0.0002061928408218	0.0002429653327048	0.0005350176206749	2.8624385443273813e-07	5.9032152896354165e-08	0.0004390186698666	-9.395238484889994e-05	1.9273739249143878e-07	8.827050618795803e-09	0.000157946670685	-4.01311742859e-05	2.494715078047584e-08	1.6105111495652812e-09	0.0	0.0	0.0	0.0	0.0	0.0	0.0	0.0	0.0	0.0	0.0	0.0	0.0	0.0	0.0	0.0	0.0	0.0	0.0	0.0	0.0
3906.968041449805	-14.861182832211398	220.8547551724148	15264399.276910124	5195.838817741297	-31.582198903531207	997.4352875822078	26996741.01994728	4540.319912047469	-9.399225250099336	20614504.90373474	88.3454353021049	4609.967355359778	3725.271157339449	1.069264	22.028206	0.0886173285847936	0.0473455245078923	0.0183593303	0.0189936274	-0.06940249	-0.0179866335	-0.0411298613	0.0691511672	-0.057190703	0.0490764473	-0.0621254082	0.00744257	0.0063826613	0.0229371465	0.0879942877	0.0588761439	-0.0232206736	0.1584756173	-0.0151701012	-0.033957332	0.0533873245	0.0116393717	0.0745082668	-0.002353899	0.0396789298	-0.0719067204	-0.0126950168	0.1618369486	-0.036407378	-0.0058669095	0.010559118	0.01416127	0.0753325801	0.0560443917	-0.0351479159	0.0979223693	-0.0464413141	0.0773601405	0.0674847885	-0.052416829	4.32376e-05	0.0365528369	0.0113507426	-0.1142465216	0.044413153	0.0456789884	0.0421031328	-0.0655883773	-0.1150852686	0.0295612624	0.0583912915	-0.0477884471	0.0444535438	-0.0410269044	-0.0371521035	0.0278807062	-0.035495673	0.0377390144	0.0952554266	-0.0684253275	0.0134769496	-0.0182024992	0.0090232609	-0.1241653756	-0.0037795144	-0.0154424957	0.0561280581	-0.0708282828	0.0369103638	-0.1111766855	0.0825755855	-0.1488755845	0.1615252662	0.0876956817	0.0772040342	0.060637674	0.0393001065	0.0148702542	-0.0107296473	0.0149210487536635	-0.0100025351792679	0.0002226376959092	0.0001000507100124	0.0183579570868914	0.0053682880286345	2.8818516358380503e-05	0.0003370145884041	0.0603119390205506	0.0426385665682361	0.0036375299884186	0.0018180473589939	0.0005979536199174	0.0003549882872126	1.2601668405813537e-07	3.575485315723225e-07	0.0006750406962079	0.0002360220263413	4.556799415368464e-07	5.5706396918253333e-08	0.0001367982080658	-2.11484626192e-05	1.871374973001391e-08	4.472574711556995e-10	0.0	0.0	0.0	0.0	0.0	0.0	0.0	0.0	0.0	0.0	0.0	0.0	0.0	0.0	0.0	0.0	0.0	0.0	0.0	0.0	0.0
3905.280702762456	-1.6873386873489835	2.8471118458245908	15251217.36736882	5182.489933062203	-13.348884679094226	178.19272217575656	26858201.906291075	4544.689183448271	4.369271400802063	20654199.774151716	19.09053257386682	4606.701436186041	3621.849216281807	1.175798	24.22296	0.1112105323348172	0.0558911699770548	0.0882551048	-0.0344326024	0.0143837734	-0.0186978958	-0.0710398292	-0.0141912512	-0.0768065173	0.0269687655	-0.0658906098	0.0476607189	0.0974498356	-0.0581699337	-0.1096570052	0.0172721566	-0.0250692647	-0.0065965686	-0.0063766631	-0.032367621	0.079104939	-0.0046186482	0.0833241742	0.1336604889	0.1419349186	0.038577255	0.0562574945	0.1302135775	0.0781627196	0.0192414123	0.0954377067	-0.0887895781	-0.0981452902	-0.0758430879	-0.0330307767	0.0952867869	0.0537436823	-0.0009339973	-0.0080094224	-0.0892402671	0.0268204247	0.0057082337	0.1079947273	0.0773574873	0.1292456281	0.0718185637	-0.0351026684	0.0358860634	-0.0561426707	0.0252153005	0.050730031	0.0335864515	0.0788514345	0.0244922233	0.0778186117	-0.1058491872	0.0478459659	-0.0165856156	-0.0133576774	-0.1030121604	0.0160324711	0.0191065084	0.010844771	-0.0800897868	-0.027131892	0.0631274469	-0.0365790011	-0.0789312689	-0.023699097	-0.0190405022	-0.0014764445	0.0119640596	0.028183061	0.0873563013	0.0759024438	0.0579119187	0.034934058	0.0089476998	-0.0178092284	0.0178144338656665	0.002893385112003	0.0003173540539542	8.371677406360616e-06	0.038338091008029	0.0199801339211375	0.0003992057515065	0.0014698092221399	0.053311256591499	-0.0070006824290516	0.0028420900793646	4.900955447243183e-05	-0.0003369886784961	-0.0009349422984135	8.74117101362718e-07	1.1356136943454786e-07	0.0002220171785218	-0.0004530235176861	4.929162755878081e-08	2.052303075766882e-07	-0.0001019625932871	-0.0002387608013529	1.0396370429830571e-08	5.7006720262678985e-08	0.0	0.0	0.0	0.0	0.0	0.0	0.0	0.0	0.0	0.0	0.0	0.0	0.0	0.0	0.0	0.0	0.0	0.0	0.0	0.0	0.0
3923.8759148896265	18.59521212717073	345.7819140544772	15396802.195450904	5204.7753218638745	22.285388801671616	496.63855404167066	27089686.1510832	4543.167690561238	-1.5214928870336737	20640372.66455953	2.314940605294063	4608.385198372116	3727.563894002789	1.184825	24.408918	0.0777261007256451	0.0404942907987949	-0.0357110868	-0.0508154369	0.0357452186	-0.0185159584	0.0133493358	-0.1110018325	-0.0946073402	0.0370495359	0.0851834632	0.0306998421	-0.06925754	-0.0182027433	0.0305941612	0.0137631929	-0.0131544746	0.0995684469	0.1274500341	-0.0958239792	-0.0489448039	-0.0526515502	-0.0224119501	0.0086085216	-0.0507921297	0.0524370807	0.0320405674	-0.052998501	0.0861149298	-0.0345808734	0.0304912053	0.0954089119	0.010351956	0.0072652727	0.0254113958	0.0269961738	-0.0059598811	0.1892827608	-0.0840358837	0.0132488406	0.0515386073	0.0040144238	-0.0250668499	-0.0255132661	0.0323949565	0.0152713009	-0.0308961789	-0.0264673891	0.0836395974	0.0024332591	-0.0262125134	0.0806919719	-0.0553787665	0.0076611841	-0.0055379046	-0.0388152944	-0.0643052467	0.0722532684	0.0665849671	-0.050777393	0.0018740248	-0.0675996418	0.069743136	-0.0674138647	-0.0257374782	0.0034380524	0.0036380995	-0.0533551935	-0.1024101217	0.0760602385	-0.0231533117	0.0559217749	0.0879358808	0.0870019529	0.0745488335	0.0550968674	0.0304722578	0.00298683	-0.0247790096	0.0427455971366583	0.0249311632709917	0.0018271860745694	0.0006215629020448	0.0092558245976022	-0.0290822664104268	0.000845778219567	8.567028898157792e-05	0.0459995320439503	-0.0073117245475486	0.0021159569482624	5.346131585922624e-05	-0.0002539955055451	8.2993172951e-05	6.887866756474597e-09	6.451371683711093e-08	5.1022351039042846e-05	-0.0001709948274827	2.603280305551316e-09	2.923923102585788e-08	-0.0001759935227869	-7.40309294998e-05	3.097372006294309e-08	5.480578522604358e-09	0.0	0.0	0.0	0.0	0.0	0.0	0.0	0.0	0.0	0.0	0.0	0.0	0.0	0.0	0.0	0.0	0.0	0.0	0.0	0.0	0.0
3929.9486236507655	6.072708761138983	36.87779169761416	15444496.184534546	5253.860324521608	49.08500265773364	2409.3374859097185	27603048.309582297	4556.570431668482	13.402741107244765	20762334.0987555	179.63346918782864	4628.942741950694	3828.262154773485	1.082476	22.30039	0.0609934823155633	0.0301928467413933	-0.0750856897	0.0442043268	-0.0277927006	0.0220374875	0.0637350074	0.0440331886	0.0336214576	-0.036461018	0.049018595	-0.0639800707	0.0344970259	-0.0706613575	-0.0037553763	-0.0225351554	0.1100817687	0.0543513814	-0.0518855504	-0.0050815361	0.0319777733	0.0361741592	-0.0827591941	0.1078431879	-0.0878066226	-0.0051460884	0.0224709253	-0.0107789148	0.1044436824	-0.0273993746	0.0055891237	-0.0231744472	-0.0008558099	-0.0796623838	-0.0240235342	-0.0663523595	-0.0676486198	0.0406586731	0.0195034026	-0.0423910644	-0.0504210949	0.08242048	-0.0445641222	0.0684970628	0.0159298609	0.1023863478	0.0979020371	0.065428971	0.025922482	-0.0066793675	-0.003471824	-0.0517565353	-0.0801881897	0.0018415465	0.0536004907	-0.0033238714	0.0429174483	-0.0694874736	0.0274213641	-0.0499229827	0.0098840661	0.0595417076	-0.0511549179	-0.0344844741	0.050993265	0.0025568876	-0.0304061043	-0.0567369194	-0.0391725695	-0.0157738835	0.0452723185	-0.0303090871	-0.051396138	0.0866326972	0.0731441312	0.0521968607	0.0259269352	-0.00298683	-0.0315960199	0.0257108417535789	-0.0170347553830794	0.0006610473836775	0.0002901828909613	0.0011308867363624	-0.0081249378612398	6.601461524900799e-05	1.278904810480401e-06	0.0274165758794922	-0.018582956164458	0.0007516686329559	0.0003453262598101	-0.0002869860413431	-3.299053579799998e-05	1.0883754522391183e-09	8.236098792578349e-08	0.0002850140571837	0.0002339917061446	8.12330127923134e-08	5.4752118544487586e-08	-9.795910659383532e-05	7.803441619306468e-05	9.59598656466239e-09	6.089370110592434e-09	0.0	0.0	0.0	0.0	0.0	0.0	0.0	0.0	0.0	0.0	0.0	0.0	0.0	0.0	0.0	0.0	0.0	0.0	0.0	0.0	0.0
3925.1586138652265	-4.790009785539041	22.94419374555977	15406870.144000389	5202.145406602304	-51.71491791930384	2674.432735400334	27062316.831433453	4554.76457801976	-1.8058536487224048	20745880.36118352	3.261107400604022	4627.238255578561	3661.768918387195	1.347246	27.755003	0.0773500207761981	0.0399503540000524	0.0621424863	0.0902230246	-0.0360028585	-0.0075374925	-0.0741541215	0.048084523	-0.0286270859	0.0146909631	-0.0253633291	0.0049492653	-0.0639579492	0.1092144627	-0.0618564785	0.0135345769	0.0287361337	-0.0254603023	-0.0126966479	0.1128824471	-0.0389414082	-0.0923247952	-0.0413730764	-0.0031420933	-0.0156369501	0.0060180106	-0.0193759171	-0.0692673833	-0.0854983098	0.106745855	0.0598761028	-0.0020444559	-0.078571566	0.0783581755	-0.0244280617	-0.0323688812	-0.0031093988	-0.0295915144	0.0869825029	0.0699226328	0.0033931109	-0.0962021617	-0.0019782239	0.0524084329	-0.0395776372	-0.0145743847	-0.0427888754	-0.0698301391	0.0526741135	-0.0067611306	-0.0125686786	-0.0704519615	0.0194824588	0.0957613048	-0.0098109149	0.0371015109	-0.1072115632	0.0044680496	0.0138983421	-0.0509677008	0.0090161232	-0.1355489504	0.0457487402	-0.0274417687	0.0324760393	0.0139257209	-0.0396104519	-0.0266304905	-0.0706201911	-0.0248414614	0.0110632278	-0.0887552306	0.0361206802	0.0862485974	0.0716892996	0.0492163702	0.0213105486	-0.0089476998	-0.0382182304	0.0189066629700818	-0.006804178783497	0.0003574619046642	4.629684891779205e-05	0.0087754969796804	0.007644610243318	5.8440065772242487e-05	7.700934724037982e-05	0.059123843588047	0.0317072677085548	0.0034956288806238	0.0010053508255419	-0.000307895483758	-2.0909442414900016e-05	4.372047821020198e-10	9.479962891857285e-08	0.0006790473566335	0.0003940332994498	4.611053125509437e-07	1.5526224107529578e-07	-0.0003068956455457	-0.0002089365389518	9.418493725491197e-08	4.3654477309184084e-08	0.0	0.0	0.0	0.0	0.0	0.0	0.0	0.0	0.0	0.0	0.0	0.0	0.0	0.0	0.0	0.0	0.0	0.0	0.0	0.0	0.0
3926.461445395659	1.3028315304327407	1.697369996689717	15417099.482178569	5216.263307209257	14.11790060695239	199.31511754778663	27209402.890137654	4547.993792405408	-6.770785614351553	20684247.53575813	45.843537835509935	4621.592559814453	3684.8276115584895	1.156387	23.823069	0.0642187485521053	0.0355188692645877	0.052073505	-0.0497583676	0.0486061203	0.0032959647	-0.0202924144	-0.0219563235	-0.0223738215	0.0840106376	0.0468240521	0.0371342343	0.0078187706	-0.1057090014	0.1040678566	-0.0265131028	-0.0174013787	-0.0900698529	-0.0159203425	0.0067848018	-0.0837086965	0.0496760878	-0.0373828598	0.0078665202	-0.0205483287	-0.0598631045	-0.0033288852	-0.0066902385	-0.0356841214	0.0319821738	-0.0031702793	-0.0666171128	0.1417007816	-0.0768523122	0.0430489366	-0.0147666741	0.0257286932	-0.0661260635	-0.0531327286	-0.0106229895	-0.0362232847	-0.0934226716	0.0080809744	0.0338230497	-0.0895806609	-0.0139510611	0.0753244421	0.033543338	-0.0069281165	0.0214182962	-0.0094934887	0.0650202396	0.0421431099	0.026199718	-0.0199537246	0.0342207893	0.0698091083	-0.1083585797	0.0245145605	-0.0870115419	0.0412602817	-0.0204440523	-0.0482588758	-0.0473253403	0.0195319042	-0.0388574021	-0.0678901599	0.0191581557	-0.1011769439	0.0084265727	0.0107707882	-0.0253422146	-0.0289041126	0.0858497193	0.0701853358	0.0461599916	0.0166357513	-0.0148702542	-0.0446048127	0.0325783544508198	0.013671691480738	0.0010613491787232	0.0001869151479444	0.0046053016028793	-0.0041701953768011	1.7390529480693266e-05	2.120880285348265e-05	0.0274903847440057	-0.0316334588440413	0.0007557212533734	0.0010006757184376	-0.0005228794167849	-0.0002149839330268	4.6218091459714615e-08	2.734028844973171e-07	0.0006580957613175	-2.095159531600001e-05	4.3309003106405997e-07	4.3896934628543357e-10	-0.0003658281742133	-5.893252866759997e-05	1.3383025304823656e-07	3.473042935157492e-09	0.0	0.0	0.0	0.0	0.0	0.0	0.0	0.0	0.0	0.0	0.0	0.0	0.0	0.0	0.0	0.0	0.0	0.0	0.0	0.0	0.0
3929.542801874972	3.0813564793129444	9.494757752603864	15441306.631767409	5254.364489591574	38.10118238231735	1451.7000989306098	27608346.189480923	4546.492625095954	-1.5011673094541038	20670595.190051906	2.253503290973673	4619.549483008651	3761.291774355132	1.141144	23.509026	0.0832554906617163	0.0402411303459503	-0.0670879217	-0.0726544045	-0.0565280135	-0.0005845746	0.1028907956	0.0132450373	-0.0153562377	-0.0187847942	-0.0163970478	0.0246258648	0.136586951	0.0076908367	-0.0317099843	0.0132657869	-0.0265655669	-0.0060938941	-0.0658676367	-0.0616139739	-0.0243297328	0.05452365	-0.0035790426	-0.0103934445	-0.1682153099	-0.0038923339	0.0091085161	-0.0813931725	0.0253407435	-0.0004737301	0.0663444853	0.0936847299	-0.0183745126	0.0048841098	-0.0516077794	-0.027306733	-0.0200223892	-0.0437770198	-0.0944681361	0.0322726486	-0.0427309039	0.0723525639	-0.0144848632	-0.0770082259	-0.0498484278	0.0045218219	0.0599360424	-0.0513705193	0.1256713569	0.0261466365	0.0147056254	0.0404068439	-0.0575652444	-0.0717319751	0.0074969547	0.0302049842	-0.1040835111	-0.033545942	-0.0900627227	-0.0793524061	-0.0080840749	0.0144318721	0.0890384318	-0.0440701938	-0.0590566357	-0.0007400268	0.0286863657	0.1006629304	-0.0659544832	0.0411078009	-0.0072588809	-0.0426822408	-0.00603121	0.0854361313	0.0686332704	0.0430324377	0.0119153566	-0.0207291319	-0.0507163915	0.0278587091064679	-0.0047196453443519	0.0007761076730787	2.227505217646259e-05	-0.0012235505835889	-0.0058288521864682	3.397551781169512e-05	1.4970760306007377e-06	0.0210675295591045	-0.0064228551849012	0.0004438408017237	4.125306872621223e-05	-0.0001164004170947	0.0004064789996901	1.652251771891456e-07	1.3549057099820129e-08	0.0002320499410397	-0.0004260458202777	5.3847175136528256e-08	1.8151504097618346e-07	-0.0008589861131652	-0.0004931579389519	7.378571426106578e-07	2.43204752751286e-07	0.0	0.0	0.0	0.0	0.0	0.0	0.0	0.0	0.0	0.0	0.0	0.0	0.0	0.0	0.0	0.0	0.0	0.0	0.0	0.0	0.0
3929.990104176605	0.4473023016330444	0.200079349046219	15444822.218926044	5237.153519642504	-17.210969949070204	296.2174865877976	27427776.988303863	4554.910595393597	8.417970297642569	20747210.53202885	70.86222393199252	4624.952924474626	3825.030016860245	1.005462	20.71381	0.1003462738019723	0.047784369704401	-0.0469335117	0.0332074348	-0.0818977337	0.0434156112	-0.0419885879	0.0359978324	0.0416493303	-0.0677102549	0.0272642265	-0.0275832296	-0.010352182	0.0390866281	0.0885142484	0.0115449569	0.0647039321	0.0463816301	0.01146753	0.0605258683	0.0258517787	-0.0093790793	0.0875943579	-0.0686347456	-0.0014282647	-0.0223057871	0.0516827447	0.0125387825	0.0510775092	-0.0535303061	0.0913844059	-0.0806348028	0.0533332551	0.0543037367	0.0414883233	0.0043234163	-0.0055737766	0.0465819005	0.1143553553	-0.0101701292	-0.0417131743	0.0773764932	-0.007413677	-0.0470383932	0.0753161016	-0.0625868425	0.0028516436	0.0138659573	0.0724666819	-0.0011312246	0.0670037163	-0.0608264912	-0.033599097	-0.0652113014	0.0074603191	0.0219940455	0.023095896	0.0370166811	0.1121806641	-0.0404321882	-0.0424047672	0.0297165623	-0.059317835	-0.0300691927	0.0335814271	-0.0782659533	0.0234405447	0.0212923155	-0.0137665402	-0.0027931104	-0.024159619	0.04061026	-0.0115242329	0.0850079043	0.0670341672	0.0398385309	0.0071623028	-0.0264992443	-0.0565152869	0.0144284444864553	-0.0134302646200126	0.0002081800102987	0.0001803720077635	0.0042204921539052	0.0054440427374941	2.9637601327662256e-05	1.7812554021175356e-05	0.0462888286465101	0.0252212990874056	0.0021426556574659	0.0006361139276563	-0.0001668911843798	-5.049076728509999e-05	2.549317581038123e-09	2.78526674236924e-08	0.0007420246738114	0.0005099747327716	5.506006165449146e-07	2.600742280655668e-07	-0.0002944382660808	0.0005645478470844	8.669389253266797e-08	3.187142716476313e-07	0.0	0.0	0.0	0.0	0.0	0.0	0.0	0.0	0.0	0.0	0.0	0.0	0.0	0.0	0.0	0.0	0.0	0.0	0.0	0.0	0.0
3921.3522471780366	-8.637856998568623	74.61257352772094	15377003.446448237	5216.560845097409	-20.59267454509518	424.0582449202109	27212507.05060339	4547.176289263693	-7.734306129903416	20676812.205641933	59.81949131106156	4616.617573619401	3619.5276539004335	1.413634	29.122679	0.0731374828556204	0.0344625621299999	0.101591861	0.0238392788	-0.0519044036	-0.0202171302	-0.0735844279	0.0256718248	-0.0033173657	-0.0195262239	-0.0562546907	0.0350831076	0.0774870815	-0.0035529734	-0.0476562812	0.0118838226	-0.0485191391	-0.0792057028	-0.0240841414	0.042484602	-0.0058021119	-0.0270432589	0.0380894493	0.0195154409	0.0143237464	-0.0573686513	0.0274206955	-0.0236544603	-0.1196327204	-0.1445746451	-0.0718459507	0.046135346	-0.0253661669	-0.0173484849	-0.006451098	0.0503575799	0.0511769462	-0.0872367789	0.0229186386	0.0586005715	0.0071693451	-0.0215526606	0.0266762119	0.0091950647	0.0165924032	0.0076847627	-0.0290308147	-0.1387330437	-0.0303274687	0.0219447228	0.0637678277	-0.0393997588	0.0575877215	0.0304093243	0.0841712077	-0.0491355162	0.0088880888	-0.0117616193	-0.0448521243	-0.0610999115	-0.1142669466	-0.0882226392	0.0836617663	-0.0316515201	-0.0404131384	-0.0411624795	-0.0098313025	0.0218063523	-0.0457590406	-0.075353298	0.0645921751	-0.0108826304	-0.0225796838	0.0845651116	0.0653891221	0.036583196	0.0023896175	-0.0321558829	-0.0619657467	0.0221064050108594	0.007677960524404	0.0004886931425041	5.895107781430767e-05	0.026312287879719	0.0220917957258138	0.000488047438391	0.0006923364934652	0.0360594701719776	-0.0102293584745324	0.0013002853890837	0.0001046397748004	0.0001551929805976	0.0003220841649773	1.03738209329189e-07	2.4084861226767048e-08	0.000676955544332	-6.506912947940003e-05	4.582688090018344e-07	4.2339916112069265e-09	-0.0005700523342414	-0.0002756140681606	3.249596637740688e-07	7.596311456803589e-08	0.0	0.0	0.0	0.0	0.0	0.0	0.0	0.0	0.0	0.0	0.0	0.0	0.0	0.0	0.0	0.0	0.0	0.0	0.0	0.0	0.0
3922.659759486786	1.3075123087492102	1.70958843753069	15387259.588696929	5201.942093088657	-14.618752008751471	213.7079102933752	27060201.5398476	4541.710123826887	-5.466165436806477	20627130.84887164	29.878964582537748	4609.537437340732	3642.242835065788	1.035357	21.329685	0.0574613942235613	0.0295084066370971	0.0797722258	-0.0412311131	0.0228228263	0.0167087387	-0.0400651326	-0.0057918852	-0.0315283842	0.0498195134	-0.020269687	-0.061868809	-0.0045888275	-0.0798475382	0.136841654	-0.0106731318	-0.078070213	0.0478600928	0.0757446763	-0.0369800486	0.0807633815	0.0784718095	0.0959289156	-0.0766709727	-0.01322706	-0.2103791268	-0.0985589848	0.0286262752	0.0814531825	0.111055048	0.0697848377	0.0495788109	0.1185140864	-0.0248412105	0.0941699333	0.1233177828	0.0240017423	0.0287178469	-0.0037661979	-0.0533310208	0.004642758	0.0580204021	0.0379741686	-0.1211248976	-0.0320119283	-0.1077349032	0.2015961756	-0.018550291	-0.065783263	0.0244603929	0.0357816413	0.0605692649	0.0512100737	0.0709544308	0.0183240392	-0.0421498099	-0.0292758491	0.0276695806	0.1004645637	-0.1382580256	-0.0627238983	0.0154090291	-0.0092339659	-0.0049710932	-0.059576777	-0.0870428807	-0.0441946598	-0.0239010353	-0.043618297	0.0499572746	-0.0699589133	0.0603455087	-0.0883590748	0.0841078291	0.0636992625	0.0332714524	-0.0023896175	-0.037674825	-0.0670341672	0.0181746276783769	-0.0039317773324825	0.0003303170912476	1.545887299222321e-05	0.0249567990991863	-0.0013554887805326	1.8373498341500245e-06	0.0006228418212771	0.0196442354258365	-0.0164152347461411	0.0003858959854656	0.0002694599317709	-0.0001997352316932	-0.0003549282122907	1.259740358799432e-07	3.989416277953629e-08	0.0009980527827069	0.0003210972383749	9.961093570689866e-07	1.0310343649198745e-07	-0.000530899917619	3.915241662239997e-05	2.81854722527861e-07	1.5329117273739812e-09	0.0	0.0	0.0	0.0	0.0	0.0	0.0	0.0	0.0	0.0	0.0	0.0	0.0	0.0	0.0	0.0	0.0	0.0	0.0	0.0	0.0
3931.307538200546	8.64777871376009	74.78407668216211	15455178.959912436	5204.857715461828	2.915622373170663	8.50085382293333	27090543.83820252	4539.946038731305	-1.7640850955822316	20611110.034592062	3.111996224455371	4611.47972493315	3726.818386400755	1.003513	20.67366	0.0966885634997177	0.0470530545375839	0.0222516068	-0.0406065672	0.0811482633	0.0148215167	0.0046478886	-0.065035449	-0.0474755303	0.0726011443	0.0020117703	0.0366529262	0.0961648361	-0.0981071427	-0.1208751611	0.0343854249	-0.0079179791	0.0020393779	0.044370808	-0.0811718565	0.0246926988	0.0465712132	0.0045909181	0.1171418258	0.0512269435	0.1434870787	0.0529217578	0.0727775382	0.0242952464	0.1845731795	0.0468809028	0.0455067526	-0.090160651	-0.1108678145	-0.0633078068	0.0323712219	0.0330660896	0.0478154669	-0.0896596907	-0.0689911428	0.0181274054	0.0151935613	0.0967249397	0.0782244785	-0.0444791656	0.0978951944	-0.0949657692	0.1124957343	-0.0348895436	0.004437685	-0.0391097394	0.0830892474	-0.0235717959	0.0858200439	0.0372498027	-0.0002634546	0.0669721379	-0.1044402681	-0.004909417	-0.0620192636	-0.0745444745	-0.0828333666	-0.0389316544	-0.0026933389	0.0046884281	-0.0027615244	-0.0499978563	-0.0412762386	-0.0031677704	0.074433568	0.0349922237	0.0209878685	-0.0555435364	0.0836361352	0.0619657467	0.0299084066	-0.0071623028	-0.0430324377	-0.0716892996	0.0121046284944981	-0.0060699991838787	0.0001465220309898	3.684489009228928e-05	-7.427267203752308e-05	-0.0250310717712238	0.0006265545540161	5.5164298115934625e-09	0.0061120011866364	-0.0135322342392001	3.735655850544476e-05	0.0001831213635045	-0.0007600563197042	-0.000560321088011	3.139597216698308e-07	5.776856091222931e-07	0.0013527502602699	0.0003546974775629	1.8299332666602823e-06	1.2581030058955485e-07	-0.0006569865181533	-0.0001260866005343	4.316312850351964e-07	1.5897830834296142e-08	0.0	0.0	0.0	0.0	0.0	0.0	0.0	0.0	0.0	0.0	0.0	0.0	0.0	0.0	0.0	0.0	0.0	0.0	0.0	0.0	0.0
3933.594816782968	2.2872785824220045	5.231643313606415	15473168.182621831	5250.726264277591	45.86854881576346	2103.9237704640755	27570126.30237451	4549.238180653229	9.292141921924667	20695568.024313103	86.34390149718985	4626.227431268651	3775.808859032897	1.107283	22.811462	0.0810141710703348	0.0409778686943956	-0.0782457308	-0.0294568567	-0.0232773237	-0.0019085554	0.1248364591	0.0120786822	-0.0288636668	0.0246605576	0.0320162717	0.0004856621	0.0169504899	0.0406185265	-0.0325562364	0.0447240711	0.0606422556	0.0878450713	-0.017059706	-0.0810921833	-0.052878818	-0.0526981327	-0.0141408025	0.0744864823	-0.1266462417	-0.0658760062	-0.0422616523	-0.1234851464	0.0340651285	0.0671770763	-0.0528990524	0.0521050723	-0.0234501291	0.0269684611	-0.1005531251	-0.0908855671	-0.0636192301	0.0860011322	-0.0386053096	0.0140728744	0.0160953411	-0.0036681767	0.0556657852	-0.0014234275	-0.0217844185	-3.8809e-05	0.1154919805	-0.0306822333	0.0520493741	0.009409663	-0.0240571152	0.0319998636	-0.0989360543	-0.0030162351	-0.0397875099	0.0727849523	-0.1037702726	-0.0180673858	-0.0089667326	-0.0495839132	0.0277589264	0.0724432091	0.031969088	0.0821923318	-0.0902253226	0.0808201281	-0.0402384644	0.0533984019	-0.0446572674	0.1326157246	0.0256577461	-0.0688655599	-0.0410019704	0.0831501106	0.0601897627	0.0264992443	-0.0119153566	-0.0482057789	-0.0759024438	0.0200738536882738	0.0079692251937757	0.0004029596018982	6.350855018910938e-05	0.0083295204089495	0.008403793080987	7.062373814804535e-05	6.938091024310623e-05	0.0107535036422135	0.0046415024555771	0.000115637840583	2.1543545045128256e-05	-0.0002156455122533	0.0005444108074509	2.9638312726934094e-07	4.6502986954988175e-08	0.0008620884905987	-0.0004906617696712	7.431965656227448e-07	2.4074897221687375e-07	-0.0008219069478311	-0.0001649204296778	6.755310308930346e-07	2.719874812511017e-08	0.0	0.0	0.0	0.0	0.0	0.0	0.0	0.0	0.0	0.0	0.0	0.0	0.0	0.0	0.0	0.0	0.0	0.0	0.0	0.0	0.0
3938.319196422213	4.724379639244944	22.319762975712187	15510358.092907704	5230.550836104381	-20.175428173210094	407.0479019723596	27358662.049072243	4549.248933674227	0.0107530209979813	20695665.86053609	0.000115627460583	4622.060578309415	3787.242305552324	1.099635	22.653893	0.0533416150866535	0.0270021656522365	-0.0159016508	0.0447200696	-0.0886759937	0.0177325855	-0.0638520777	0.0363395225	0.0505034006	-0.0029080471	5.33566e-05	0.0335717465	0.0581398709	-0.0957268339	0.0642677676	-0.0326564266	-0.0473638706	-0.0340201349	-0.020826433	0.0366618704	0.0651086034	-0.0954887777	-0.1538888494	-0.0791391915	-0.0559961955	0.0265173774	0.0113256356	0.0081453305	-0.0548335821	0.057726036	-0.0358337051	-0.1001853711	0.0866891011	-0.0697259627	0.0199742091	0.0351593407	-0.0232547446	-0.0365943035	0.0363703667	0.034169943	0.143007628	0.0121667818	-0.1321602651	0.0382792404	-0.0666837807	0.0260224888	-0.0318418258	-0.0070677037	0.0526126093	0.0196160548	0.0500200854	-0.0946556557	-0.0343445408	-0.0141459886	0.0071485843	0.0866572912	0.0469217687	-0.0940989644	0.0053695544	0.000822165	-0.0355195903	-0.0133860005	-0.0360192779	-0.0463989089	0.0468258569	-0.0360176214	0.0704083531	0.0521815885	-0.0145542419	0.1187391696	0.0585725391	-0.0156259878	0.0573227859	0.0826498387	0.0583725276	0.0230492221	-0.0166357513	-0.0531726956	-0.0796476241	0.0293247154054512	0.0092508617171774	0.0008599389336107	8.557844251033839e-05	0.0012414849903592	-0.0070880354185902	5.024024609519056e-05	1.541284981287183e-06	0.0104418245436477	-0.0003116790985658	0.0001090316998003	9.714386048278973e-08	0.000118196095293	0.0003338416075463	1.114502189290978e-07	1.3970316942511936e-08	0.0007839701477159	-7.811834288280002e-05	6.1460919250969e-07	6.102475494754713e-09	-0.0005000461212138	0.0003218608266173	2.500461233409664e-07	1.0359439171077165e-07	0.0	0.0	0.0	0.0	0.0	0.0	0.0	0.0	0.0	0.0	0.0	0.0	0.0	0.0	0.0	0.0	0.0	0.0	0.0	0.0	0.0
3931.483422670513	-6.8357737516998895	46.72780278442918	15456561.90273305	5217.32600422147	-13.22483188291153	174.89617833127335	27220490.634325568	4548.336563134533	-0.912370539694166	20687365.491546456	0.8324200017018236	4614.122746807311	3653.941266577072	1.276651	26.300653	0.0781553143050258	0.036406844677769	0.1012512724	-0.0453848184	-0.0172647762	0.0364663954	-0.0224106701	0.0116060119	0.0002892077	0.0350867321	-0.022514551	-0.0204441847	0.0359356741	0.0736724533	-0.0550172896	0.0307031522	-0.0395334509	0.0104679142	-0.0280451313	-0.0381601152	0.0785280464	0.053680072	-0.0463708374	-0.0936858954	-0.0216584691	0.0139828442	0.1133823653	0.0069728551	0.0051834611	0.0226524614	-0.0593400409	0.0084260637	-0.0626492197	0.0810540179	-0.0347675923	0.0629900823	0.0218472322	-0.0413791723	-0.0183834683	-0.0736702938	0.035354125	0.0435172581	-0.0595941871	-0.0568717221	-0.0365366004	0.0250719847	0.0381100113	0.1140942636	0.0335023635	0.0358195541	0.0573457455	0.014648883	0.0856708567	0.0390386575	-0.0034748672	0.0733363764	-0.0745738628	-0.0213714665	-0.0423368446	-0.0576593203	0.0010438484	0.0540585142	0.0590788291	0.0380507271	-0.0228486331	-0.0447893557	0.0123805879	0.1086017191	0.0398364456	0.0175566804	0.0474331069	-0.0459367831	-0.0362418057	0.0821354052	0.0565152869	0.0195636596	-0.0213105486	-0.0579119187	-0.0829017503	0.0299615855005868	0.0006368700951355	0.0008976966057089	4.056035180780263e-07	0.0232374107047945	0.0219959257144353	0.0004838207480349	0.0005399772562632	-0.0098372328828872	-0.0202790574265349	9.677115079215722e-05	0.0004112401701087	-0.0003517148995326	-0.0004699109948255	2.2081634305798505e-07	1.237033705532269e-07	0.0008336207915455	4.9650643829600026e-05	6.94923624096946e-07	2.465186432693799e-09	-0.000685353703937	-0.0001853075827232	4.697096995001651e-07	3.4338900214715614e-08	0.0	0.0	0.0	0.0	0.0	0.0	0.0	0.0	0.0	0.0	0.0	0.0	0.0	0.0	0.0	0.0	0.0	0.0	0.0	0.0	0.0
3929.488467008516	-1.9949556619967552	3.979848093332912	15440879.61235294	5252.265077228788	34.93907300731826	1220.7388226107153	27586288.441477127	4560.905219270008	12.568656135475068	20801856.4191644	157.97111705181504	4628.838083422746	3725.3959701681583	1.093262	22.522614	0.0866355122620221	0.0441687192553612	-0.0080826639	-0.1096132748	-0.0066275141	0.0261540739	0.0760833247	-0.0005744757	-0.0088730012	-0.006209038	-0.0549548021	0.0142994472	-0.0628500016	0.1125559974	0.019793213	-0.0078559259	0.0808892658	-0.012854434	-0.0009855128	-0.0383145339	-0.0682073617	-0.0290505025	-0.0308518412	0.0743063089	0.0329164772	0.0139135841	0.0726953548	0.0539040537	0.026245568	-0.0298085367	-0.1175979015	-0.0039163972	-0.0071478104	0.1036436072	0.0056890237	-0.088018339	0.0124018625	0.0227662728	-0.0134672295	-0.031142865	-0.0448211468	-0.0515162975	0.0095220832	0.0277346431	0.0827415702	0.0810949385	-0.0495648211	-0.0212810983	-0.0248994544	0.0296193844	0.0476547368	0.0918041045	-0.0121687489	-0.0483206951	0.0013560895	0.029703746	0.0660767378	0.0003044579	0.0690427714	0.0085444235	-0.0784483041	-0.0353649916	-0.0085069863	-0.0406845053	0.0181146621	0.0069343509	0.0331201251	0.0487207424	-0.0136601552	0.0360538686	0.0948674646	0.0124463663	-0.0410647269	0.0816068982	0.0546193134	0.0160479313	-0.0259269352	-0.062403154	-0.0856447597	0.0532080466416431	0.0232464611410563	0.0028310962274192	0.0005403979555826	0.01972134753359	-0.0035160631712045	1.2362700223900658e-05	0.0003889315485406	-0.0096666617798959	0.0001705711029913	9.344434996690015e-05	2.9094501175668952e-08	0.0002653400588716	0.0006170549584042	3.80756821691209e-07	7.040534684198415e-08	0.0006373584906751	-0.0001962623008704	4.0622584563564166e-07	3.851889074294341e-08	-0.0010660847815978	-0.0003807310776608	1.1365367615544291e-06	1.4495615349675416e-07	0.0	0.0	0.0	0.0	0.0	0.0	0.0	0.0	0.0	0.0	0.0	0.0	0.0	0.0	0.0	0.0	0.0	0.0	0.0	0.0	0.0
3932.150735529962	2.66226852144564	7.087673680280353	15461809.40692882	5264.060016873516	11.794939644728402	139.12060122278575	27710327.861246407	4554.592780788803	-6.31243848120539	20744315.39881348	39.84687957900262	4628.320498225004	3810.725127982496	1.028496	21.188335	0.0647988140099093	0.0391004174258514	-0.0811109431	-0.0251046663	-0.0734718925	0.0138289654	0.0683109506	0.0551895641	-0.0037626351	-0.0726308677	-0.0132688405	0.0199280046	0.031622146	-0.0204514605	-0.0618040674	0.014960788	0.0332365033	-0.067470831	-0.045122659	-0.0167938374	-0.0061343423	-0.081571175	0.004897408	-0.0248567303	-0.0261951628	-0.0606793093	-0.0356953454	-0.033750915	0.0524813365	-0.0510771757	0.0078180037	0.0792679624	-0.0335149061	-0.0412381895	-0.0438625951	-0.0593412105	0.0320553751	-0.0605251447	0.0081630664	0.0481731345	0.0319100728	0.0074785604	-0.0204427304	-0.0151835835	0.0970522744	-0.0435612719	0.0693417797	-0.0221196339	0.0068974938	0.0231170557	0.0450930766	0.0042402236	-0.0748946718	-0.0617967678	0.0877587698	-0.0485739123	-0.0524668766	0.0009103078	-0.0775365015	-0.0324036295	-0.0537614801	0.0916638131	-0.0309834217	0.0497200319	-0.0342504933	0.0035984321	0.0245932682	-0.0028383926	0.073557971	0.0180683224	0.0441465825	-0.0212457096	-0.07772852	0.0810644083	0.0526859066	0.0125074584	-0.0304722578	-0.0666271694	-0.0878597406	0.0233898729135262	-0.0298181737281169	0.0005470861549109	0.0008891234844801	0.0202334485794324	0.0005121010458424	2.622474811528801e-07	0.0004093924414165	-0.0096707404486409	-4.078668744999722e-06	9.352322082497918e-05	1.663553873143761e-11	0.0001736732804235	-9.166677844810002e-05	8.402798271053054e-09	3.016240833305966e-08	0.0006799552854255	4.259679475039993e-05	4.6233919017807314e-07	1.8144869230076985e-09	-0.0005110591434522	0.0005550256381456	2.611814481060964e-07	3.080534589989306e-07	0.0	0.0	0.0	0.0	0.0	0.0	0.0	0.0	0.0	0.0	0.0	0.0	0.0	0.0	0.0	0.0	0.0	0.0	0.0	0.0	0.0
3938.577966920323	6.4272313903611575	41.30930334524382	15512396.401510226	5228.518961073477	-35.54105580003943	1263.1666473815164	27337410.52630487	4553.036178467958	-1.5566023208448314	20730138.442438107	2.4230107852595157	4620.729488651128	3631.871771785533	1.507512	31.056681	0.1288824659253479	0.0712786623552076	0.0823651977	0.0828900485	0.000841271	0.0101111583	-0.0782591978	-0.0306975336	0.0243788582	-0.0371808965	-0.01187991	-0.0060545139	0.0177228086	0.0214301346	0.0480604531	-0.0350580501	-0.0036863748	0.0122965644	0.0537915395	0.0933022383	0.038326597	-0.0252098082	0.0040584137	0.0402554097	0.0369437919	-0.0192188076	0.0169001617	0.0254726303	-0.0005780262	-0.0442760371	-0.0279791051	0.023098861	0.0150995717	0.0230565804	0.0930851672	0.0455543656	0.0146519535	0.0290212742	0.0780983964	0.0331969705	-0.0145776469	0.0512297037	0.0259902403	0.048286988	0.0500339744	0.0025080578	-0.0228855182	-0.0928246621	6.10161e-05	-0.0245410742	0.010450126	-0.0534338862	-0.006006924	0.1039654164	0.0115295026	-0.0157343322	0.0061410123	0.0866790627	0.0986135585	0.0800468782	-0.0548702899	-0.0162123722	0.0212835198	0.0577195527	-0.0404842057	0.0567324306	0.0191303105	-0.0372205345	0.0212043042	0.1124047151	0.0056574718	-0.0305578556	0.0159523752	0.0805080284	0.0507163915	0.0089476998	-0.034934058	-0.0705658771	-0.089533037	0.0158323214954947	-0.0075575514180315	0.0002506624039367	5.711658343618995e-05	0.0206954963382628	0.0004620477588304	2.1348813144019681e-07	0.000428303568687	0.0242201545033751	0.033890894952016	0.0005866158841673	0.0011485927606485	-0.0007500753685324	-0.0009237486489559	8.533115664478506e-07	5.626130584790157e-07	0.0013987292110495	0.000718773925624	1.9564434058431567e-06	5.166359561569355e-07	-0.0006079760048017	-9.691686134950004e-05	3.696348224146368e-07	9.392878013838211e-09	1.0	0.0	0.0	0.0	0.0	0.0	0.0	0.0	0.0	0.0	0.0	0.0	0.0	0.0	0.0	0.0	0.0	0.0	0.0	0.0	0.0
3948.1888329269887	9.610866006665674	92.3687453980818	15588195.060449377	5243.495759988133	14.976798914655774	224.3045057300344	27494247.785013527	4552.6246339825175	-0.4115444854405723	20726391.05794445	0.1693688634965454	4625.039848098428	3745.3014188664833	1.241985	25.586481	0.1073621236556418	0.0603358816948511	0.0351315179	-0.0361422681	0.0648705784	0.0235089191	-0.0090901932	-0.1086382117	0.0300037515	0.0803668869	0.0452548572	-0.0042368215	0.0551963029	0.0205256723	-0.0531061472	-0.0293717865	-0.0216180772	-0.0799449399	0.0105871343	-0.0757121481	0.0241420898	0.025863822	0.0127455031	0.084773921	0.0564174221	-0.0741375165	0.0500350232	-0.0907655274	-0.0760044494	0.0267053845	-0.000199628	-0.0222559863	-0.0380396895	0.0009508751	-0.0066719192	-0.0142401623	0.0330739899	-0.0445701371	-0.0708715841	-0.0566488592	0.0619542078	-0.04484372	0.0817638876	0.1060859546	-0.0548930577	-0.0176303156	0.0577855751	0.0128906766	-0.0231585242	0.0160813684	-0.0343726961	0.0724000856	0.0183919777	0.0971594116	0.0328679178	0.0079121455	0.0395438363	-0.0786520853	-0.0597194823	-0.0014952349	0.033074167	0.0135817305	-0.0807988773	0.0134872335	-0.0254791254	-0.031249557	0.023048854	0.015642564	-0.025146097	0.1211867992	0.0548550742	-0.0219554376	-0.0285186104	0.0799378539	0.0487121179	0.0053741445	-0.0393001065	-0.0742024108	-0.0906543325	0.0360674352596817	0.020235113764187	0.0013008598862113	0.0004094598290495	0.015535599366018	-0.0051598969722448	2.6624536764181064e-05	0.0002413548476614	-0.01919922440036	-0.043419378903735	0.0003686102175753	0.0018852424643861	-0.0007502773596599	-2.0199112749997097e-07	4.0800415588709534e-14	5.629161164182309e-07	0.0006777468167513	-0.0007209823942982	4.593407476165202e-07	5.198156128879651e-07	-0.0006577462996855	-4.9770294883799975e-05	4.326301947499676e-07	2.477082252820406e-09	0.0	0.0	0.0	0.0	0.0	0.0	0.0	0.0	0.0	0.0	0.0	0.0	0.0	0.0	0.0	0.0	0.0	0.0	0.0	0.0	0.0
3942.67241653506	-5.516416391928487	30.43084980913731	15544665.784106413	5290.776984492435	47.28122450430237	2235.514190626243	27992321.099634863	4545.358102063936	-7.266531918581677	20660280.275998265	52.80248612376631	4623.160591616651	3798.195246681524	1.105712	22.779093	0.034860244996523	0.0189996729219377	-0.0823477006	-0.0597007974	-0.0236838869	-0.0089621944	0.1492053248	0.0151877921	0.0283380184	-0.0069801035	-0.0781345179	0.0252159795	0.0585882372	0.0582892457	-0.0204235201	0.0597295934	0.0278222125	0.0646003571	0.0042802233	-0.0640255505	-0.0168406658	-0.0239346365	-0.1051072931	0.0532630135	-0.0696544146	0.0084788845	-0.0314391467	-0.0319113756	-0.025168487	0.0320485125	-0.0355622492	0.085776782	-0.0169719648	0.0568379015	-0.0936516439	-0.0649177869	-0.0426809063	0.0805552218	-0.035334974	0.0065973828	0.0351566906	-0.0019715648	-0.0410688584	0.0088411481	-0.0294197968	0.0677902848	0.027996158	0.0042305147	-0.0121258654	0.0272631261	-0.030951817	0.0351339376	-0.0882235467	-0.0315524518	-0.0408487861	0.0698035308	-0.0785277343	-0.0079152223	0.0175947683	-0.0406918997	0.0283251377	0.0587997944	0.1112916495	0.0400653101	0.0012902611	0.0188332241	0.0338499935	0.0675931588	0.0242187902	0.1044535875	-0.0560397497	-0.0551034743	-0.0059793306	0.0793539824	0.0466744595	0.0017923027	-0.0435584361	-0.0775211985	-0.0912167139	0.0342774887520391	-0.0017899465076426	0.0011749462351461	3.203908500221948e-06	0.0108013510774469	-0.004734248288571	2.241310685783838e-05	0.0001166691850982	-0.0204510399436443	-0.0012518155432842	0.0004182450347765	1.5670421544081655e-06	-0.0005088673437415	0.0002414100159184	5.8278795785722154e-08	2.589459735265299e-07	0.0007000968143886	2.2349997637299983e-05	4.901355495170657e-07	4.995223943873148e-10	-0.0003798216201007	0.0002779246795848	1.4426446309592049e-07	7.724212752231378e-08	0.0	0.0	0.0	0.0	0.0	0.0	0.0	0.0	0.0	0.0	0.0	0.0	0.0	0.0	0.0	0.0	0.0	0.0	0.0	0.0	0.0
3935.1419307054393	-7.530485829620829	56.70821683012012	15485342.014796132	5237.122890810423	-53.65409368201199	2878.7617688381188	27427456.17345052	4550.445901378021	5.087799314084805	20706557.901368026	25.88570186040181	4626.196770271006	3673.7130246536112	1.368707	28.197123	0.0808136270304844	0.0374942230745561	0.0612317077	0.0469253779	-0.1130933787	-0.0100029784	-0.0659737622	0.0557710618	0.0524798852	-0.0092915121	-0.031256428	0.0346454742	0.0110427395	-0.0505172532	0.0260556744	0.02843573	0.0556477685	0.0471340595	-0.0683662979	0.0483469245	0.0922520937	0.0162907159	-0.1680437962	0.0063628771	0.014849111	0.0617806449	0.0414701799	0.0288007448	0.0217871551	0.0509377812	-0.045946808	-0.0601939654	0.0409865668	-0.0437325573	-0.0445831219	0.0129614639	-0.0330224327	-0.0049070386	0.1144065095	-0.0777776159	0.0273191921	0.0243438034	-0.1086970367	0.0743117675	-0.0290713982	0.1073162383	-0.0628057666	0.01781972	0.0408982327	0.0343498587	0.0720699069	-0.0971160002	0.0163978676	-0.0321411839	0.0360046065	0.032916181	0.0552273432	-0.0753329997	0.0044450802	-0.0296098491	-0.080475882	-0.0954213907	0.0156303837	-0.036330936	0.0848878959	-0.0528750322	0.0648761124	0.0254557871	0.0059590148	0.079723379	-0.0743270584	-0.0185502918	-0.0713307463	0.0787565141	0.0446048127	-0.0017923027	-0.047697375	-0.0805080284	-0.0912167139	0.0446357634439067	0.0103582746918675	0.0019923513782203	0.0001072938545921	0.0163217590673241	0.0055204079898771	3.0474904374700016e-05	0.0002663998190517	-0.0023849983509123	0.018066041592732	5.68821713385439e-06	0.0003263818588303	-7.021054516544628e-05	0.000438656798576	1.9241978693699255e-07	4.9295206524291726e-09	0.0006770303199086	-2.3066494479999995e-05	4.583700540755412e-07	5.320631675958703e-10	-0.0008554763821648	-0.0004756547620641	7.318398404417749e-07	2.2624745267425562e-07	0.0	0.0	0.0	0.0	0.0	0.0	0.0	0.0	0.0	0.0	0.0	0.0	0.0	0.0	0.0	0.0	0.0	0.0	0.0	0.0	0.0
3934.4217539301735	-0.720176775265827	0.5186545876322856	15479674.537798982	5256.422085918957	19.29919510853415	372.4589318372685	27629973.1453366	4553.304291690397	2.8583903123762866	20732579.97272619	8.170395177886606	4623.721012099107	3699.106622199653	1.155492	23.804619	0.0971268287125416	0.0434717238940062	0.0448925103	-0.0783415739	0.0184866152	0.0385720851	0.0377658393	-0.0427535292	0.0307463619	0.0322156955	-0.0482467769	0.0419926778	0.0121637059	0.1324765892	-0.0491158699	0.0192275832	-0.0155291433	-0.1021993619	-0.0079965195	-0.0637135754	0.0153373584	-0.0450051	-0.0030571232	0.0492625337	0.0879053324	-0.0095196174	0.0230456102	0.0552081428	0.0116677552	0.0889630941	0.0598266965	-0.0847731816	-0.062691846	0.1236261335	-0.0130502713	-0.0188256181	0.0778911869	-0.0705512813	-0.0426112123	-0.0256313434	0.0626848763	-0.04394253	0.0316469052	0.0339953485	0.0642003855	0.0435840097	0.0167801485	0.1087489472	-0.0590402407	0.0417856087	0.0325003918	0.089317429	0.0571334497	0.0097685409	0.0171895434	0.0059318952	-0.0816495996	0.0108816011	-0.0093350323	-0.0548574429	-0.0358460483	0.0070492961	-0.0642459742	0.0449093392	0.0799702558	-0.0965424206	0.0166482984	0.0024300611	0.0164739635	0.0388499737	-0.0181380062	-0.0255861408	-0.0259426758	0.0781455512	0.042504596	-0.0053741445	-0.0517055788	-0.0831501106	-0.0906543325	0.0300383526406733	-0.0145974108032333	0.0009023026293654	0.0002130844021583	0.0106705823268384	-0.0056511767404857	3.193579855220658e-05	0.0001138613271938	-0.0267266079797821	-0.0243416096288698	0.0007143115741049	0.0005925139593242	-0.0003991422984546	-0.0003289317532891	1.081960983218767e-07	1.59314574415621e-07	0.0011601237900609	0.0004830934701523	1.3458872082652673e-06	2.333793009037913e-07	-0.0006167689748072	0.0002387074073576	3.804039682847245e-07	5.69812263273872e-08	0.0	0.0	0.0	0.0	0.0	0.0	0.0	0.0	0.0	0.0	0.0	0.0	0.0	0.0	0.0	0.0	0.0	0.0	0.0	0.0	0.0
3932.6106586550222	-1.811095275151274	3.280066095675269	15465426.592567088	5265.325989542128	8.903903623170663	79.27949973071166	27723657.776147787	4550.649348287689	-2.6549434027083407	20708409.491071165	7.048724471584543	4622.095220344772	3800.898175039261	1.125431	23.185324	0.0684710879203231	0.0338844657021888	-0.0778082264	-0.0528599501	-0.0513505144	0.0124690724	0.0749645235	0.0320372295	0.0070850684	-0.0319961745	-0.0442332516	-0.0059939007	-0.0676814365	-0.0285613297	0.1134185998	-0.0519563748	-0.0236588913	-0.0522710698	-0.0499744038	-0.0004760083	-0.0482683516	0.0054340766	0.0618166	0.005641455	-0.0259589721	0.0986685769	-0.014217961	0.0054243968	0.0826547986	-0.0629399782	0.0816569511	-0.0091911886	0.1164494984	-0.0121948432	0.0606664933	-0.0109226434	-0.0304430616	-0.0652185837	-0.0321189513	0.0405640391	-0.0528534647	0.0262365159	0.0218932094	-0.05572911	0.0920790726	0.0241641895	-0.0440952367	0.063120801	0.0425620351	0.0211757557	0.0269715679	0.0402868429	-0.0789346899	-0.062277987	0.0153470138	-0.0395392608	0.0616196306	0.008722805	0.0510663382	0.0055217259	-0.0283408856	0.0629804477	0.0788682036	-0.0087425975	-0.0922136947	0.015870432	0.0828790936	0.0215371296	-0.0088881714	0.0128472974	-0.0414593688	-0.046204003	0.0220200535	0.0775211985	0.0403752488	-0.0089476998	-0.0555720611	-0.0854361313	-0.089533037	0.0291826409542466	-0.0008557116864266	0.0008516265330644	7.322424902872249e-07	-0.0002054560865758	-0.0108760384134142	0.00011828821157	4.221220351104262e-08	-0.0066107968592348	0.0201158111205473	4.370263511406869e-05	0.0004046458570375	0.0001313600566744	0.000530502355129	2.814327487974156e-07	1.7255464489501578e-08	0.0010359546039864	-0.0001241691860745	1.0732019415206187e-06	1.541798677040384e-08	-0.0006945679676024	-7.779899279520002e-05	4.824246616193286e-07	6.052683279947584e-09	0.0	0.0	0.0	0.0	0.0	0.0	0.0	0.0	0.0	0.0	0.0	0.0	0.0	0.0	0.0	0.0	0.0	0.0	0.0	0.0	0.0
3927.134354908703	-5.476303746319445	29.98990272195239	15422384.241504192	5211.254719794551	-54.07126974757648	2923.7022121151795	27157175.75458099	4545.2838701589735	-5.36547812871504	20659605.46032733	28.788355549719448	4612.243209380448	3622.4250752798816	1.371008	28.244539	0.0639174448986584	0.0405923493637415	0.0881942866	0.0215980472	-0.0366697358	0.0112487246	-0.0859818988	-0.005143418	-0.0123381511	-0.0016451947	-0.019136325	-0.0676324785	0.0084568488	0.0589310572	-0.0414905339	-0.0521713621	-0.1216189149	0.0347736389	-0.0129074642	-0.0258458396	0.1376683299	0.117951284	0.0033814959	-0.0802123317	-0.0055840145	0.0183818717	0.0219930279	0.0383695133	0.0202572101	-0.1166168527	-0.0268892	0.0322430075	-0.0768502381	0.0607718063	0.0469394386	0.1233324871	-0.0320727182	-0.0532362462	-0.0322238874	-0.0320707919	-0.0053701533	0.1408652362	-0.0447716089	-0.0350755047	-0.054400609	0.0088539206	-0.0216967927	-0.0221935222	0.0063936789	0.0195204325	0.0529424076	-0.0527829988	0.0211181485	0.0569465141	0.0738203407	-0.045655177	-0.0271963891	0.0504655189	-0.0327430458	0.01912495	-0.0624601551	-0.0241665945	0.0175051052	0.0335252323	-0.0646738246	0.0508063262	0.0779117566	-0.011121619	-0.0009599657	0.0934485614	-0.0231580366	0.0754241654	-0.0501946933	0.0768835629	0.0382182304	-0.0125074584	-0.0592862243	-0.0873563013	-0.0878597406	0.0308335597041491	0.0016509187499024	0.0009507084040293	2.7255327187796298e-06	0.0108259478922434	0.0110314039788192	0.0001216918737439	0.0001172011477655	-0.0108844697336465	-0.0042736728744117	0.0001184716813826	1.8264279837482363e-05	-0.0006482130735057	-0.0007795731301801	6.077342652987991e-07	4.201801886637061e-07	0.0009926879260089	-4.3266677977500017e-05	9.854293184438512e-07	1.8720054232086848e-09	-0.0005781787898495	0.0001163891777529	3.3429071303183224e-07	1.3546440697996156e-08	0.0	0.0	0.0	0.0	0.0	0.0	0.0	0.0	0.0	0.0	0.0	0.0	0.0	0.0	0.0	0.0	0.0	0.0	0.0	0.0	0.0
3941.0920094980393	13.957654589336473	194.81612163522544	15532206.227329291	5243.374303117583	32.11958332303129	1031.66763284515	27492974.082593795	4554.936091258295	9.65222109932165	20747442.7954474	93.16537215019004	4623.860392165287	3749.223895440655	1.204218	24.808432	0.0528380326144346	0.0305155317077486	-0.0148151363	-0.0913302147	0.0171502112	0.0286528839	0.0676537318	-0.081777206	-0.01635494	0.0146514937	0.0276994797	-0.0046194078	-0.0008001007	0.0503759985	0.0096831995	-0.0290612026	0.0005521674	-0.058348651	0.0896029137	-0.0889249893	0.0079974519	-0.025300643	-0.0112048403	0.0491079511	0.0579774932	0.0537567226	-0.0099124012	0.0228233198	0.094012507	0.0184264086	-0.1201975425	0.0311364032	-0.0087814593	0.0507405432	0.0483172872	-0.0527325641	0.0414024614	0.0425708576	-0.0988570371	0.0086708235	0.057846672	0.016102506	0.0218276863	0.0427152614	0.0321916407	-0.0013308056	-0.0610365262	0.0305758248	-0.0546131108	0.0291659284	-0.0124352519	0.0911842493	-0.0269760528	0.0181223993	-0.0173502362	-0.0014923223	0.0421524016	0.032126308	0.0859352491	0.0856565083	-0.0235856775	-0.0210112311	-0.0432863968	0.0236686469	-0.0554212139	0.0035872655	0.0744500406	-0.0157875478	0.0388909316	0.0487630733	0.1560755429	0.1335591967	0.0200317357	0.0762327537	0.0360350191	-0.0160479313	-0.0628378881	-0.0889023983	-0.0856447597	0.0328002100138746	0.0019666503097254	0.0010758537769542	3.867713440743402e-06	0.0007202118916609	-0.0101057360005825	0.0001021259001134	5.187051688897719e-07	-0.0373546474261132	-0.0264701776924667	0.0013953696843292	0.0007006703070707	-0.0004732472243187	0.000174965849187	3.061304838172804e-08	2.2396293532535402e-07	0.0008931343715294	-9.955355447949993e-05	7.976890056072162e-07	9.910910209502756e-09	-0.0005667888212828	1.138996856669993e-05	3.212495679311459e-07	1.2973138395041243e-10	0.0	0.0	0.0	0.0	0.0	0.0	0.0	0.0	0.0	0.0	0.0	0.0	0.0	0.0	0.0	0.0	0.0	0.0	0.0	0.0	0.0
3940.2742140973687	-0.8177954006705477	0.6687893173579016	15525760.882280637	5278.108695887312	34.73439276972931	1206.478041081824	27858431.405601263	4550.516513733781	-4.419577524514352	20707200.54176384	19.53266549519241	4629.574559813405	3845.739048135692	1.047051	21.570602	0.0691949218147154	0.0288390739502568	-0.0894251334	-0.0391490564	-0.0457827668	0.0268866318	0.0750059194	0.04511091	0.0050130391	-0.0688560264	-0.0727699657	0.0403607044	0.0530609834	-0.0817087845	-0.0637873322	0.0463223454	0.0770501292	-0.0206307059	0.0157335066	-0.050221817	-0.0086542133	-0.0139941486	0.0286001148	0.0062544805	-0.0098066813	-0.0312810008	-0.0493592292	0.0107076234	-0.0051122659	-0.0138287811	0.0286776314	0.0661733344	-0.0186851148	-0.0966844285	-0.0582027043	-0.0690352333	0.0377831375	0.0137582325	0.0130192022	-0.0242899837	0.0147387149	0.00309678	0.0078525673	-0.0707716998	0.0104072085	-0.0189680329	0.0004987299	-0.0361303917	-0.042031298	0.0281005533	0.0166621106	0.0172772906	-0.082678968	-0.0424176539	0.0794214109	-0.0655866262	-0.0153078032	0.0022504688	-0.0767256291	0.0471293796	0.0284560921	0.086593548	0.023350352	-0.0062002589	-0.0519723534	0.0641086324	0.0924082455	0.055152684	0.0558735963	-0.0096174326	-0.0150153341	-0.0833600742	-0.0407335322	0.0755688824	0.0338271112	-0.0195636596	-0.0662173176	-0.0900678015	-0.0829017503	0.0255563137965566	-0.007243896217318	0.000653125174868	5.247403240727403e-05	-0.0088524546471973	-0.0095726665388582	9.163594466417544e-05	7.836595328068507e-05	-0.0250163189899339	0.0123383284361792	0.0006258162158061	0.000152234348599	-0.0002859426672965	0.0001873045570222	3.5082997081282585e-08	8.176320898063687e-08	0.000677023915516	-0.0002161104560133	4.58361382180616e-07	4.670372919831967e-08	-0.0001694032218712	0.0003973855994116	2.8697451580343016e-08	1.579153146197167e-07	0.0	0.0	0.0	0.0	0.0	0.0	0.0	0.0	0.0	0.0	0.0	0.0	0.0	0.0	0.0	0.0	0.0	0.0	0.0	0.0	0.0
3940.534871197845	0.2606571004762372	0.0679421240286792	15527815.071126215	5247.5434129932255	-30.56528289408652	934.2365183955382	27536711.871248588	4549.391610848355	-1.1249028854253993	20696964.028857395	1.265406501638389	4623.665100883517	3802.129118629384	1.175935	24.225784	0.0625798448448792	0.0457867883533309	-0.0281626566	0.1084845577	-0.0158038407	-0.0064416753	-0.0463510959	0.0674375038	0.0698683397	0.0127779434	0.0483894915	-0.0676884193	-0.0910291947	-0.0176341142	0.1022394214	-0.0054788417	0.0336178458	0.0767137315	0.0029196803	0.0738051857	0.0165785589	0.028657985	0.0771930877	-0.028312588	-0.02323049	-0.074868129	-0.081810278	0.0006477237	-0.0326032322	0.0363410468	0.0576738259	-0.03368682	0.0755453264	-0.0006164936	0.034634905	0.0204512597	-0.0563287115	0.0374734091	0.1106646653	0.0110069138	-0.0728273222	0.0343000382	0.0283366833	-0.0603356996	-0.0302159096	-0.0774651131	0.055714931	-0.0352364147	-0.0513134468	-0.0133114743	-0.0749119612	-0.0970181112	-0.0474695478	0.0755929474	-0.0211495809	0.0602790557	-0.0510252517	0.0376715555	0.103659817	0.0037893482	0.0107789499	0.0030281367	-0.0544819312	0.048253105	0.0360300388	-0.0606272274	0.038295807	-0.1109716886	0.04494109	0.0444487842	0.0342918399	0.0587758859	0.1368318039	0.0748920628	0.0315960199	-0.0230492221	-0.06941525	-0.0908475206	-0.0796476241	0.0219433059410079	-0.0036130078555486	0.0004815086756206	1.305382576425661e-05	-0.0035201720564685	0.0053322825907288	2.843323762738944e-05	1.2391611307141668e-05	-0.0190416094920422	0.0059747094978917	0.0003625828920474	3.569715358419731e-05	-0.0011589519242281	-0.0008730092569316	7.621451626882645e-07	1.3431695626720154e-06	0.0006080917967306	-6.893211878540009e-05	3.697756332510493e-07	4.751637000244508e-09	-0.000158147699574	1.125552229720001e-05	2.501069488054816e-08	1.2668678218276658e-10	0.0	0.0	0.0	0.0	0.0	0.0	0.0	0.0	0.0	0.0	0.0	0.0	0.0	0.0	0.0	0.0	0.0	0.0	0.0	0.0	0.0
3934.5416624320337	-5.993208765811232	35.91855131059659	15480618.093413431	5228.634401731853	-18.909011261372143	357.55070688269853	27338617.706973817	4547.228703276669	-2.1629075716864463	20677288.879903216	4.67816916365856	4609.214897057529	3640.451881384775	1.34409	27.689983	0.1737556302586709	0.099081345846622	0.0794817878	0.0542367396	0.1253176156	-0.0805629354	-0.1066329078	-0.119006868	0.0242631876	-0.0071055466	0.0384819595	0.0404412792	0.0826262264	-0.0663106287	-0.1137869163	-0.012152904	0.0088553395	0.014967413	0.0192730984	0.0481326141	0.0390992367	0.0538295369	-0.057911627	-0.0061913714	0.1536066835	0.0629492455	0.057774523	0.0198522964	0.0043243974	0.03747349	0.021965725	-0.0161408932	-0.1112204808	-0.0865404069	-0.0043759599	0.0825169571	0.023484968	0.0129161213	0.0191740294	-0.0968062936	-0.020180267	-0.0231511874	-0.0323292561	0.1105936118	0.0446946545	0.0145791798	-0.0552039062	0.0704920656	-0.043852654	-0.0466282371	-0.0816991817	-0.0273035701	0.1117182115	0.0545705224	0.0371493971	0.0022817496	0.0990721213	0.0059791407	-0.0360767994	0.1089461762	0.0642760374	0.0879512886	0.0699671182	0.1087201651	-0.0697620821	0.0507715017	-0.0872136626	-0.0691962171	0.0627738129	-0.1252315161	0.0769149676	0.0698884798	-0.0103164155	0.0742024108	0.0293432743	-0.0264992443	-0.0724229201	-0.0912382167	-0.0759024438	0.0258197781624716	0.0038764722214637	0.0006666609443592	1.5027036883779715e-05	0.0076028047570844	0.0111229768135529	0.0001237206131948	5.780264017434518e-05	0.0435055760540521	0.0625471855460943	0.0018927351477949	0.0039121504197375	-0.0024928552748633	-0.0013339033506352	1.7792981488358137e-06	6.214327421413779e-06	0.0010733539685328	0.0004652621718022	1.152088741765111e-06	2.1646888851009986e-07	-0.0002831620906878	-0.0001250143911138	8.018076960268586e-08	1.5628597985554156e-08	0.0	0.0	0.0	0.0	0.0	0.0	0.0	0.0	0.0	0.0	0.0	0.0	0.0	0.0	0.0	0.0	0.0	0.0	0.0	0.0	0.0
3941.167438431703	6.6257759996692585	43.90090759779317	15532800.77775431	5227.890675991396	-0.7437257404571938	0.5531279770186012	27330840.920117777	4553.253091803065	6.024388526396251	20732113.718014173	36.29325711697479	4623.764788582601	3766.76036755792	1.232327	25.387516	0.064665144700457	0.0300088778845987	-0.0449267397	-0.032943365	0.112726246	-0.0378910693	0.0444716885	-0.0816521142	-0.0627522905	0.0346443548	0.0617963294	-0.0308674862	-0.1043292018	0.0738798892	-0.0116407853	-0.0084461959	0.0820859935	0.0758644587	0.0341183224	-0.0517027907	-0.1191992995	-0.0414083677	-0.0390053684	0.0258417864	0.0211863142	-0.0405083915	-0.0239853689	-0.0569292743	-0.0419151111	-0.021717934	0.0200236258	-0.0075544117	-0.0317516449	0.0631707751	-0.0227355207	-0.0911288093	-0.049211622	0.1247644989	-0.0435216915	-0.0131595962	-0.0083588162	-0.1060210834	0.0054876356	0.0391953052	0.0104062098	-0.0160171949	0.0054367238	-0.0916586819	0.0172793873	-0.0517484934	-0.1109264127	0.0689724771	0.0019685453	-0.0070085625	-0.0520237949	0.0752213599	-0.0466458577	0.0547375014	-0.0255871861	0.1135517962	0.0541676232	-0.047303138	0.0322352523	0.0719195295	0.0305162548	0.0304262139	-0.0898455392	-0.031123329	-0.0124400079	0.0093644253	0.0142292182	0.1010790073	0.0513432827	0.0735000446	0.0270704183	-0.0299084066	-0.075232084	-0.0912382167	-0.0716892996	0.0200282023097742	-0.0057915758526973	0.0004011288877612	3.3542350857547603e-05	-0.011674722749845	-0.0192775275069294	0.0003716230667804	0.0001362991512857	0.0416090835367768	-0.0018964925172752	0.0017313158327704	3.596683868081199e-06	-0.0022409409135976	0.0002519143612656	6.346084541190554e-08	5.021816178235647e-06	0.0006776984245679	-0.0003956555439649	4.592751546618136e-07	1.5654330947016092e-07	-0.0001767410194473	0.0001064210712404	3.1237387955270885e-08	1.1325444403975572e-08	0.0	0.0	0.0	0.0	0.0	0.0	0.0	0.0	0.0	0.0	0.0	0.0	0.0	0.0	0.0	0.0	0.0	0.0	0.0	0.0	0.0
3937.565734656113	-3.6017037755900674	12.972270087099746	15504423.914737934	5246.928832235216	19.038156243819685	362.45139316409046	27530262.170541205	4543.826607536401	-9.426484266664374	20646360.23935576	88.85860562967099	4618.681008793254	3742.143755945666	1.21095	24.947126	0.0796176690856909	0.0565377201659591	-0.0172700407	0.102733851	-0.0291785528	-0.0584531698	-0.0708341235	0.0515483389	0.0414239353	-0.0510102685	0.0369414027	0.0305073242	0.0076923971	-0.0903818867	0.0690147416	-0.0316186219	-0.0598834548	-0.0360498041	-0.0237089594	0.0781006567	0.0258994609	-0.0470836554	-0.0868509983	-0.0700064881	-0.0733395207	-0.0016779279	-0.0936368917	0.0085500166	-0.0307620295	0.0242162462	0.0546680523	-0.0395534032	0.0906940848	-0.0730461063	0.0208767338	0.0387727266	-0.0348623653	-0.0504586844	0.040142279	0.0893099043	0.0637941115	0.007085444	-0.0809967916	0.0346967426	-0.0596333412	-0.0213556523	0.0352752182	-0.0294307916	0.0159177218	-0.0338348626	-0.0302773211	-0.1228757264	0.0051554841	-0.0514579951	-0.0093490423	0.0648350371	0.0731957877	-0.0407101017	-0.0080584073	0.1372926712	0.0663820666	-0.0036634749	-0.1052643436	-0.0213532429	-0.0306291522	-0.0223820433	-0.0389928227	0.0547883698	0.0001430639	-0.0029810937	0.0064090397	0.0450327068	0.0759383728	0.0727850846	0.0247790096	-0.0332714524	-0.0778350419	-0.0908475206	-0.0670341672	0.0201081649078815	7.996259810729919e-05	0.0004043382959625	6.394017096069448e-09	-0.0004877010887724	0.0111870216610726	0.0001251494536453	2.378523519897844e-07	0.0320055331543258	-0.009603550382451	0.0010243541524926	9.222817994827484e-05	-0.0012239195615215	0.0010170213520761	1.034332430578699e-06	1.497979093074981e-06	0.0006091630346074	-6.853538996049997e-05	3.710796027320964e-07	4.6970996770378005e-09	-0.0002661269662919	-8.93859468446e-05	7.082356218773008e-08	7.989847493305656e-09	0.0	0.0	0.0	0.0	0.0	0.0	0.0	0.0	0.0	0.0	0.0	0.0	0.0	0.0	0.0	0.0	0.0	0.0	0.0	0.0	0.0
3938.5308280779473	0.9650934218343536	0.9314053128679416	15512025.083720362	5234.936282387263	-11.992549847952432	143.8212518556239	27404557.88065458	4556.070452174748	12.243844638347582	20757777.965179816	149.91173152799283	4624.383778322408	3659.496891512019	1.204827	24.820992	0.092345029010955	0.0483195838443443	0.0598580787	-0.0481772631	0.0424353457	-0.0258851488	-0.0109900787	-0.0787532946	-0.0033512974	0.0193533392	0.0522208721	0.0358061769	-0.0003394395	0.0827389917	-0.0163302796	0.025181995	0.0468395811	-0.0608055597	-0.0313357942	-0.0246751809	0.015249646	0.1412896356	-0.0535093408	-0.102903754	0.0036466615	-0.0498194501	0.0407460316	-0.0514776549	0.0152191047	-0.0205926665	-0.0088942741	0.0015486483	-0.0321047749	0.0830079782	-0.019113583	-0.0351013425	0.0708582663	-0.0594865607	-0.0244266618	-0.1016666989	-0.0536748127	0.0339818081	-0.073637737	0.0075495863	-0.0494319859	-0.0773576905	0.0987560257	0.0414376274	0.0480809402	0.0295981769	0.0103000652	0.0470880541	0.1299760334	-0.0380041072	0.020785645	0.0320385321	-0.0435609654	0.0279275002	-0.0816612813	0.0836259495	0.065800992	0.0650799058	-0.0932691103	0.0366549776	-0.0531710255	-0.1003929171	0.0152749509	0.0783476994	-0.0264299643	-0.0220112356	0.0043290894	-0.0362072278	-0.0315235237	0.0720576532	0.0224706185	-0.036583196	-0.0802246594	-0.0900678015	-0.0619657467	0.0427656545110721	0.0226574896031906	0.0018289012057603	0.0005133618351186	0.0086121911826069	0.0090998922713793	8.28080393507087e-05	7.416983696577204e-05	-0.0093827855801293	-0.0413883187344551	8.803666524268232e-05	0.0017129929276648	-0.0013523469459752	-0.0001284273844536	1.6493593077618454e-08	1.8288422622884505e-06	0.0006778068193835	6.864378477610008e-05	4.594220844027768e-07	4.7119691883875484e-09	-0.0004530423651007	-0.0001869153988088	2.05247384576036e-07	3.4937366311852763e-08	0.0	0.0	0.0	0.0	0.0	0.0	0.0	0.0	0.0	0.0	0.0	0.0	0.0	0.0	0.0	0.0	0.0	0.0	0.0	0.0	0.0
3948.5297742193407	9.99894614139339	99.97892393848576	15590887.377896637	5267.719384688366	32.78310230110219	1074.7317964845315	27748867.51582157	4560.079780977615	4.009328802866548	20794327.60888085	16.07471744949531	4633.551221200836	3807.885641881291	1.240782	25.561697	0.0822377414790647	0.0386395521662632	-0.0628877144	-0.0372428454	0.0730207033	-0.0026031463	0.0796562596	-0.0241811045	0.0191475606	-0.0151039441	-0.0537301641	-0.0478110134	-0.0445678792	-0.0308158289	0.1045696343	-0.0420434471	0.069938429	-0.079047936	0.0053395834	0.0099919455	-0.0756603092	0.0461516629	-0.027996698	-0.0811280402	-0.0252417316	0.0658511752	-0.0136203588	0.0232454875	0.0261695832	0.0393226945	0.0261868298	0.1180866157	0.1034918852	-0.0221375388	0.0559853018	-0.1058838356	0.0201136214	-0.0155929719	-0.0263017582	0.00730149	-0.051815282	-0.0372827206	-0.0811362725	-0.0241219917	-0.0395453429	-0.0259814002	-0.0768013662	0.0068506012	0.0133270992	0.0049750538	-0.1017008912	0.0665509457	-0.0432340814	0.0046866912	-0.0113111965	0.0135270971	0.0723917516	-0.0020797559	0.0678059202	0.0997270668	0.0173228593	-0.0269260146	0.0914785299	0.0738933203	0.0640576341	-0.0390127285	0.0005062344	0.0586304289	0.0385473725	-0.0255431298	-0.045359789	0.0842162071	0.1172024594	0.0713178751	0.0201468273	-0.0398385309	-0.0823943867	-0.0889023983	-0.0565152869	0.0361083310979779	-0.0066573234130942	0.0013038115746811	4.431995502653227e-05	-0.0046672690441624	-0.0132794602267693	0.0001763440639143	2.178340033059661e-05	-0.0369366593210855	-0.0275538737409562	0.0013643168018019	0.0007592159581325	-0.0017119609788808	-0.0003596140329056	1.2932225266262994e-07	2.930810393210507e-06	0.0006776012549551	-2.0556442840004386e-07	4.5914346071672643e-07	4.225673422343674e-14	-0.0001179202804698	0.0003351220846309	1.3905192546076294e-08	1.1230681160736013e-07	0.0	0.0	0.0	0.0	0.0	0.0	0.0	0.0	0.0	0.0	0.0	0.0	0.0	0.0	0.0	0.0	0.0	0.0	0.0	0.0	0.0
3932.7817631091466	-15.748011110194057	247.99985392679545	15466772.396243889	5282.518759425682	14.799374737316612	219.02149261552512	27905004.44368425	4556.426607304255	-3.653173673359561	20761023.427750167	13.345677887727389	4633.354328073657	3835.900859820805	1.028679	21.192116	0.1371397998875928	0.079728772687166	-0.0955955282	-0.0090421255	-0.0187848544	0.0035171168	0.0623687198	0.0573063461	0.0182385982	-0.0713663662	-0.1035469543	0.0529008331	-0.0996400119	-0.0073197353	-0.0663664788	0.005267041	0.0860501136	-0.07752828	-0.0586268969	0.0274820726	-0.0436859674	-0.0067859933	-0.0010626107	-0.0121036681	-0.0051475847	0.0189623434	-0.0646064886	0.0177705218	0.0099037806	-0.0068739029	0.065439662	0.0659219795	-0.0398089561	-0.0371336341	-0.0227076679	-0.1009916059	0.042900503	-0.0720691924	0.0531621504	0.0080861407	-0.0333195721	-0.0374535071	-0.0373552563	-0.0761654414	0.0716087109	0.0396193383	-0.0181450294	-0.0063435107	-0.0261178681	-0.0251917635	0.0152851994	0.003730575	-0.0512741835	-0.0925945951	0.0579458564	-0.0494582566	-0.0245090312	0.0304325304	-0.1157168702	0.0072147006	-0.0564727111	0.0617568252	0.0447052612	0.0240934694	0.0193346544	0.0055202067	-0.0244721184	0.0251332107	0.0831083971	-0.051164218	-0.1513489236	-0.0186725767	0.0211198304	0.0705658771	0.0178092284	-0.0430324377	-0.0843382767	-0.0873563013	-0.0507163915	0.0341179280111845	-0.0019904030867933	0.0011640330117763	3.9617044479166695e-06	0.0167793240932638	0.0214465931374262	0.0004599563572022	0.0002815457170267	0.0065649340332427	0.0435015933543282	4.309835886082826e-05	0.0018923886243653	-0.0004359164065079	0.0012760445723729	1.6282897506823372e-06	1.9002311346276075e-07	0.000677553723388	-4.753156709999713e-08	4.590790480769425e-07	2.2592498709815297e-15	-0.0002458523827107	-0.0001279321022409	6.044339408452851e-08	1.63666227837761e-08	0.0	0.0	0.0	0.0	0.0	0.0	0.0	0.0	0.0	0.0	0.0	0.0	0.0	0.0	0.0	0.0	0.0	0.0	0.0	0.0	0.0
3926.327609898017	-6.454153211129778	41.65609367273683	15416048.500247473	5223.515037053748	-59.0037223719346	3481.4392537443355	27285109.34232661	4550.306793067799	-6.119814236456477	20705291.91103896	37.45212628873538	4622.884510351353	3825.376749212092	0.97309	20.046913	0.0784243153617345	0.0458098024001814	-0.0737761639	0.0823163421	-0.0171507813	0.0020730424	-0.0059901631	0.0834232213	-0.0380809088	-0.0620608544	0.0431045645	-0.0845361377	-0.0773894222	0.0399072309	0.0536081722	-0.0143603626	0.0106668944	0.0645805545	0.0019664151	0.103054347	0.0139503428	0.0017692233	0.0830915141	-0.0258711639	-0.0150461316	-0.0522415827	-0.0127541918	0.0673399279	0.1422145539	-0.0084642175	-0.0012056989	-0.0326344096	0.0209297333	0.0377951007	0.0561234349	0.0044724319	-0.0286679732	0.0268729518	0.0999357327	0.0609132102	-0.077201863	0.0459174545	-0.0139224913	-0.061853569	0.0759215833	-0.0331246301	0.0713608665	0.0334603628	0.0084552751	-0.050969751	-0.013930343	-0.066921355	-0.048683713	-0.0365603321	-0.0102942899	-0.0242813933	-0.0217499026	0.0757762679	0.1078630164	-0.0120618614	-0.0467916419	0.0753546735	-0.1061165045	0.029725718	0.0259778617	-0.028085824	-0.1092712589	-0.0580156033	0.0344322711	-0.0657413295	-0.0719932488	-0.0103093339	0.0494982066	0.0698017879	0.0154594239	-0.0461599916	-0.0860510014	-0.0854361313	-0.0446048127	0.0396985710946751	0.0055806430834905	0.0015759765469589	3.114357722531147e-05	0.0027590520520419	-0.0140202720412219	0.0001965680281098	7.612368225876619e-06	0.0376433678149297	0.0310784337816869	0.00141702314045	0.0009658690463227	-0.0009348975320557	-0.0004989811255478	2.489821636529494e-07	8.740333954438386e-07	0.0006776409079636	8.718457559999011e-08	4.591972001457322e-07	7.601150222550392e-15	-0.000301683401694	-5.5831018983300014e-05	9.101287485766337e-08	3.117102680713606e-09	0.0	0.0	0.0	0.0	0.0	0.0	0.0	0.0	0.0	0.0	0.0	0.0	0.0	0.0	0.0	0.0	0.0	0.0	0.0	0.0	0.0
3930.1461392541946	3.818529356177805	14.581166443991684	15446048.675894652	5212.399655885334	-11.115381168413478	123.55169851912098	27169110.17267355	4540.01420697244	-10.292586095359184	20611728.999511592	105.9373285303812	4611.937236474819	3647.0505630828	1.368772	28.198458	0.0318143515481064	0.0160734577269796	0.0791527318	0.0961896504	0.0265464393	-0.0367665112	-0.0927424736	-0.022742299	-0.0087330727	0.0141066208	0.0049033455	-0.0445645549	0.0563709964	-0.065904996	-0.0930199321	-0.0141977853	-0.0688059772	0.001708224	0.0249471067	0.0531721131	-0.018481288	-0.0255076511	0.0548815522	-0.0426099208	0.0792740032	0.0271682331	0.0428772907	-0.0321686793	-0.0887586164	-0.1003911558	-0.0602035167	0.04902208	-0.0690663219	-0.0849031985	0.0123593076	0.0713500256	0.0108883007	-0.0199499335	0.0149494932	0.0372687478	0.0238699168	-0.0576994918	0.0271236168	-0.0106725565	-0.0391730295	-0.0440985104	-0.1257059915	-0.0602512435	-0.0249567132	-0.0422428993	-0.0159974333	-0.0588641573	0.0588992971	0.0814748126	0.0121418462	-0.028337362	0.0568624525	-0.036419488	-0.0622486352	0.0146202985	-0.0418456266	-0.0143166502	0.0782971631	0.0153603674	-0.030019626	0.0640929069	-0.0626935562	-0.0629763839	-0.0457718527	-0.0962397556	0.0628252544	-0.05765388	0.006384413	0.0690257386	0.0130990243	-0.0492163702	-0.0875278662	-0.0831501106	-0.0382182304	0.0302980014061517	-0.0094005696885234	0.0009179688892071	8.837071046878498e-05	0.0047426608030036	0.0019836087509617	3.934703676891837e-06	2.2492831492346754e-05	0.0270884566282134	-0.0105549111867162	0.0007337844824985	0.0001114061501594	-0.0010153578336982	-8.046030164250001e-05	6.473860140402091e-09	1.0309515304523015e-06	0.0006777123943422	7.14863785999725e-08	4.5929408944503766e-07	5.110302325338606e-15	-0.000418656852111	-0.0001169734504169	1.752735598194917e-07	1.3682788102458349e-08	0.0	0.0	0.0	0.0	0.0	0.0	0.0	0.0	0.0	0.0	0.0	0.0	0.0	0.0	0.0	0.0	0.0	0.0	0.0	0.0	0.0
3930.393063698884	0.2469244446892844	0.0609716813851114	15447989.635172298	5188.552986241594	-23.846669643739915	568.6636530976667	26921082.09103657	4540.38097119218	0.3667642197406167	20615059.363564048	0.1345159928819433	4608.426183217585	3667.720750049364	1.017727	20.966492	0.042392584994254	0.0271471832542939	0.0715914483	0.0298078545	0.1064882051	-0.0022615027	-0.0809621412	-0.0176519001	-0.0454404273	0.0689950507	0.0323898602	-0.0791840544	-0.1073597988	-0.0126959477	0.0511983077	-0.0166661983	-0.0861119111	0.075980264	0.0968984704	-0.0028686514	0.0063474113	-0.0026811487	0.0292568607	-0.0278754045	0.0539877097	-0.0401335079	-0.0496200463	-0.0012030032	-0.0322694738	0.1024577369	-0.0147509892	0.0678259104	0.0330301482	0.0181093679	0.0708699401	0.1119443848	-0.0103668866	0.0717319237	-0.011579054	-0.0100631921	0.029942145	-0.0444040099	0.0520809809	-0.0238098367	-0.0308749561	-0.0857074888	0.0691319644	0.0442163383	-0.0773277891	-0.0527552855	-0.0432143338	0.0250566072	0.088196027	0.0789627855	-0.0715727406	0.0511533857	-0.0318005665	0.0289864697	0.0089190338	-0.024364185	0.0311197329	0.0519034142	0.0241208904	0.0342636607	-0.0530431609	0.0099615454	-0.1275979682	-0.0041266499	0.0376752825	-0.0112071068	-0.1063755113	-0.0350535724	0.0474319011	0.0682378621	0.0107296473	-0.0521968607	-0.0887648233	-0.0805080284	-0.0315960199	0.0305592492079256	0.0002612478017738	0.0009338677121521	6.82504139316949e-08	0.0100197453340484	0.0052770845310448	2.7847621147792316e-05	0.0001003952965591	0.022445799125883	-0.0046426575023303	0.0005038138983994	2.155426868394473e-05	-0.0015329021854394	-0.0005175443517412	2.678521560192189e-07	2.3497891101248887e-06	0.0006777242575066	1.1863164400046504e-08	4.593101692128723e-07	1.4073466958253076e-16	-0.0002919811638345	0.0001266756882764	8.525300003414914e-08	1.6046730000324987e-08	0.0	0.0	0.0	0.0	0.0	0.0	0.0	0.0	0.0	0.0	0.0	0.0	0.0	0.0	0.0	0.0	0.0	0.0	0.0	0.0	0.0
3928.4897971781256	-1.9032665207582795	3.622423449039327	15433032.08653263	5217.229941066307	28.676954824712997	822.3677380186298	27219488.257958744	4544.600915972291	4.2199447801103815	20653397.485456184	17.807933947180857	4612.134120826558	3751.624626422751	1.120984	23.093721	0.0611264832489842	0.0321163500385521	-0.0501008973	-0.0095774939	0.1030671303	-0.0290289118	0.023823503	-0.0760498612	-0.0821608469	-0.0265435821	0.0009044127	0.0088088071	-0.0406673463	-0.0573955157	-0.0409262524	-0.0210016419	0.0532878933	0.0946111362	0.0088282876	-0.018315371	-0.0626178503	0.0839610225	-0.0784747677	0.1309118596	-0.0570616583	0.0304827646	0.0588436436	-0.0247731425	-0.0198141671	-0.1252948784	-0.0460597394	-0.0774840637	-0.0435313851	-0.0690951474	0.0062891713	-0.0161276567	-0.0534072695	0.0820524524	-0.0638533995	-0.0378631701	-0.115628399	-0.007395904	0.0031728477	0.0656572459	-0.0359514373	0.1128687124	-0.015288803	-0.086339881	0.0659408291	-0.0703567935	-0.0661739619	0.0537479761	-0.0238567931	-0.0216699044	-0.0353482516	0.0201636318	0.1081127958	-0.0278671784	-0.0450502871	0.0687791763	-0.0257995024	-0.0566104328	0.0248088467	-0.0142941994	-0.0068622926	0.0675324991	-0.0939575362	-0.0244749193	-0.0182387742	-0.0296237474	-0.0188076389	0.0328800384	0.0713023739	0.0674382934	0.0083529168	-0.0550968674	-0.0897584821	-0.0775211985	-0.0247790096	0.0289712073785324	-0.0015880418293932	0.0008393308569699	2.521876851902507e-06	-0.0021796504054378	-0.0121993957394862	0.0001488252564085	4.7508758899251664e-06	0.0475508113429228	0.0251050122170398	0.0022610796593702	0.0006302616384177	-0.0011378844009192	0.0003950177845202	1.5603905008724718e-07	1.2947809098552466e-06	0.0006776946641371	-2.9593369500042176e-08	4.5927005779989673e-07	8.757675183660266e-16	-0.0003416144552061	-4.963329137159996e-05	1.167004360057605e-07	2.463463612378139e-09	0.0	0.0	0.0	0.0	0.0	0.0	0.0	0.0	0.0	0.0	0.0	0.0	0.0	0.0	0.0	0.0	0.0	0.0	0.0	0.0	0.0
3937.464663004683	8.974865826557561	80.54821660471075	15503627.972410584	5212.381750951839	-4.848190114467798	23.50494738602328	27168923.517655764	4553.874095015972	9.273179043681012	20737769.27325753	85.99184957616468	4625.6106774326045	3644.558319857128	1.312302	27.035112	0.0309323581729628	0.0162364784051557	0.0462118843	0.1276451064	-0.0172955067	-0.0349853185	-0.0852163464	0.0316852111	-0.0308974318	-0.0430179485	0.128911824	-0.0175566448	-0.0556758935	0.0909990861	-0.0578703645	-0.0191027215	-0.0104834201	-0.0223299655	0.0075338137	0.121519896	-0.0317739173	-0.1351845654	-0.0061356862	-0.0561749751	-0.0055715967	0.0496169138	0.0292470772	0.0397408271	0.024000757	0.0168243944	-0.0001452123	-0.0832652698	-0.0797334098	0.0569631559	0.0159037805	-0.0125392793	-0.0136781236	-0.0277547176	0.0772456724	0.1184598089	0.0377498913	-0.0531383931	0.0076796416	0.0476175757	0.0443491418	-0.0639057854	-0.0477295355	-0.0012977941	0.0807851959	-0.0640777414	-0.0129391989	-0.0923919109	0.0038675115	0.0283854448	-0.0334245343	0.0420571521	-0.0687261136	0.0219401455	-0.0377444693	0.025078111	-0.0626043048	-0.0802629266	-0.0283674806	0.0634546023	0.0601792354	-0.0084545885	-0.1130679088	-0.0291414483	-0.0555502115	0.0409561631	-0.1276026487	-0.0483155214	-0.0378404899	0.0666271694	0.0059704615	-0.0579119187	-0.0905061192	-0.0742024108	-0.0178092284	0.0251718563552572	-0.0037993510232751	0.0006336223523697	1.4435068198062288e-05	0.0027941091337169	0.0049737595391546	2.473828395333237e-05	7.807045851120205e-06	0.0419781727804249	-0.0055726385624979	0.0017621669899832	3.1054300548238665e-05	-0.0010577990416967	8.008535922249998e-05	6.413664761796862e-09	1.118938812614457e-06	0.0006778142577335	1.195935964000373e-07	4.594321679868156e-07	1.4302628299895015e-14	-0.0005931416833479	-0.0002515272281418	3.518170565247805e-07	6.326594649669712e-08	0.0	0.0	0.0	0.0	0.0	0.0	0.0	0.0	0.0	0.0	0.0	0.0	0.0	0.0	0.0	0.0	0.0	0.0	0.0	0.0	0.0
3937.616550551803	0.1518875471197134	0.0230698269700431	15504824.099179478	5261.513788537134	49.13203758529471	2413.9571172828123	27683527.346966386	4532.656365686286	-21.217729329685422	20544973.72939641	450.1920379077932	4611.691841354697	3692.504508374253	1.600115	32.964436	0.2220412616721164	0.1362959274247792	0.0383781112	-0.1422371716	-0.0737053437	0.0549829348	0.0757291885	-0.0680223742	0.0602760245	0.0785630263	-0.0352306699	0.1520331397	0.0226206166	-0.0394758168	0.1315873185	0.2429662243	0.0066175545	-0.1863596462	0.1468364537	-0.0660143866	0.0221142872	0.0637993659	0.0677791114	0.0523455143	-0.0846556939	0.0260995287	0.0260356449	0.0725428653	-0.0751928622	0.0154707393	-0.0892408901	-0.0550357067	0.1780735853	0.0143756593	-0.0641538895	-0.0580551896	0.2989355239	0.053817331	-0.0460174411	0.0622747654	0.0240775455	0.0558508812	0.0853842858	-0.0542854045	-0.1149861816	0.087855793	-0.0257151453	0.0160280128	-0.0519320862	0.0739333418	0.1283697481	0.099333631	0.0325996726	-0.0884209883	-0.0317296395	-0.0317461154	0.0727989094	-0.0755116646	0.0488620288	-0.0091477235	0.0203482302	-0.1650272706	-0.0919752678	0.1772599714	-0.0113957278	-0.0619879916	0.0826270695	0.0752966343	0.0353355513	-0.1143957398	0.1242994478	-0.0630811088	-0.2366985417	0.0658046293	0.0035839144	-0.060637674	-0.0910056853	-0.0705658771	-0.0107296473	0.0290175966163985	0.0038457402611413	0.000842020913392	1.4789718156163152e-05	-0.0108084976209852	-0.0136026067547021	0.000185030910523	0.0001168236208228	-0.0740354378448131	-0.116013610625238	0.0054812460568731	0.0134591578503043	-0.000206725987011	0.0008510730546857	7.243253444120485e-07	4.2735633705672147e-08	0.0013970410641523	0.0007192268064187	1.9517237349277906e-06	5.172871990713859e-07	-0.0003918554638317	0.0002012862195162	1.5355070453475676e-07	4.051614216712385e-08	0.0	1.0	0.0	0.0	0.0	0.0	0.0	0.0	0.0	0.0	0.0	0.0	0.0	0.0	0.0	0.0	0.0	0.0	0.0	0.0	0.0
3958.1782363964826	20.561685844679687	422.782924775301	15667174.95108277	5280.563102625593	19.04931408845914	362.87636724076793	27884346.68081083	4567.506928409147	34.85056272286056	20862119.54106556	1214.561722100038	4637.991469354589	3757.716816677944	1.60059	32.974213	0.1907517776104506	0.1100248292332656	0.0356845524	0.0676417476	0.0630396434	0.114308305	-0.0556360912	-0.110972234	0.0968531957	-0.1065295748	0.009958406	0.0230910736	0.1368916231	0.0178514834	0.0167135096	-0.1810423851	-0.0152315584	-0.0991167977	0.0310725292	0.0011641214	0.1645025675	0.0428924616	0.0379340943	0.096245168	-0.0055950972	-0.0439038503	-0.1032427538	-0.0721987909	-0.0637933801	-0.0822659018	0.0852626524	-0.0189860946	-0.0280921397	0.0184059877	0.1586132935	-0.0090201481	-0.0339539557	-0.1025487207	-0.0306678015	-0.0266474003	0.0533010608	0.127186354	0.0659483362	0.1333922919	-0.0809919497	-0.0047625564	0.0098805134	-0.1073019717	-0.0876313956	-0.0533866288	0.025270444	-0.0077563347	-0.0106897239	0.1286783533	0.037346224	-0.0559625933	-0.0182705732	0.022393854	-0.0460380416	0.0009501016	-0.040956429	0.0520394819	0.0035136768	0.0742928285	0.107705127	0.0138452664	-0.0336537954	-0.0330597976	-0.0674136892	0.034658223	-0.1388626944	0.0913460236	-0.1369434767	0.0649708138	0.0011949111	-0.0632699305	-0.0912558111	-0.0666271694	-0.0035839144	0.0147604330164625	-0.014257163599936	0.0002178703828334	0.0002032667139153	0.0128055411189365	0.0236140387399216	0.0005576228256105	0.0001639818833487	0.0187128642638398	0.0927483021086529	0.0003501712889568	0.0086022475440379	-0.0004639185456818	-0.0002571925586708	6.61480122356329e-08	2.1522041702751642e-07	0.0005425695570129	-0.0008544715071393	2.943817241971746e-07	7.301215565130776e-07	-0.0003008740664031	9.098139742860004e-05	9.052520383393704e-08	8.277614678060868e-09	0.0	0.0	1.0	0.0	0.0	0.0	0.0	0.0	0.0	0.0	0.0	0.0	0.0	0.0	0.0	0.0	0.0	0.0	0.0	0.0	0.0
3953.1379008548447	-5.040335541637887	25.404982372298093	15627299.263175048	5311.565759586382	31.002656960788958	961.1647386283558	28212730.81841046	4567.667395735316	0.160467326169055	20863585.438063443	0.0257497627678458	4644.832502504275	3919.149860728871	1.382714	28.485691	0.0729077724047386	0.0410092388402365	-0.0747208181	-0.0426173231	0.065205052	0.1228590414	0.1393129351	0.0259233432	0.0841399115	-0.0244624821	-0.0284580132	-0.0546294404	-0.0284195638	0.0794935788	0.0770738459	-0.0722461026	0.1766787958	0.0038372564	-0.004048752	-0.0059977014	-0.0856129125	0.034876538	0.0799317053	0.03468954	0.0276362253	0.0120761198	0.0154256323	-0.0044016809	-0.0742027948	-0.0135338474	0.0185188431	-0.0441731983	0.043528987	0.0707906449	0.0497845061	-0.1999127649	-0.049933583	0.0164524079	0.0049410834	-0.0626512792	-0.1195354646	-0.0184385285	0.0663411125	-0.0196318547	-0.0046951413	-0.0129601302	-0.0507790805	0.0533058279	-0.0616075511	-0.0337392741	-0.0498630634	0.0461574364	-0.0831277827	0.0315426994	-0.0804366332	0.0436705407	0.0381538708	0.0015926435	0.0550058708	-0.0005322086	-0.0115765972	0.0136923595	0.0282667148	-0.0147913057	0.0817953021	0.0343469221	-0.032744372	0.0842079463	0.0578806529	-0.0801508552	0.0152866865	0.0121650195	-0.0372446312	0.064125866	-0.0011949111	-0.0658046293	-0.0912558111	-0.062403154	0.0035839144	0.0107067573380703	-0.0040536756783922	0.0001146346526963	1.643228650558846e-05	0.0011786601383363	-0.0116268809806002	0.000135184361337	1.389239721702946e-06	-0.0170952914288164	-0.0358081556926562	0.0002922489890361	0.0012822240141095	-0.0003649672336154	9.895131206640002e-05	9.791362159662082e-09	1.3320108161287797e-07	0.0002180540174068	-0.0003245155396061	4.7547554507245045e-08	1.0531033544583825e-07	-0.0002959597170138	4.914349389300004e-06	8.759215409488857e-08	2.415082992011332e-11	0.0	0.0	0.0	0.0	0.0	0.0	0.0	0.0	0.0	0.0	0.0	0.0	0.0	0.0	0.0	0.0	0.0	0.0	0.0	0.0	0.0
3929.30841421814	-23.829486636704587	567.8444333688825	15439464.614045477	5271.253318303748	-40.31244128263461	1625.092922165863	27786111.54572827	4538.785793491853	-28.88160224346302	20600576.47920347	834.1469481496082	4625.405561586306	3863.055986506065	1.193917	24.596228	0.03029245255099	0.0167751261758775	-0.0965526161	0.0446211539	-0.0602593145	0.0352496427	0.0179974115	0.1661851966	0.0299973987	-0.0568174967	0.0065005592	0.038932222	-0.0907616412	-0.1031573871	-0.1591039642	0.0560159811	-0.0029209889	0.0299527847	-0.0563472914	0.019290228	-0.0711062142	-0.1068131306	0.0614119623	-0.0937441876	-0.013982862	-0.0028011062	-0.0405578572	-0.013069296	-0.0324649829	-0.0050370605	-0.0870725179	-0.0411779788	-0.0858241649	-0.1427022902	-0.1096780827	-0.0278952551	-0.0205734342	-0.0412033606	0.0700003288	0.0754209759	0.0474725324	-0.1035653923	-0.003021465	-0.1620608917	-0.0067113724	-0.0678081952	-0.0041282076	0.1040646334	-0.0531528618	-0.0217719271	0.0084848196	-0.0684396364	-0.0796287165	-0.035126032	0.0120793294	-0.0083243279	-0.0405438024	-0.0593257532	-0.0842046655	-0.0809914374	0.0158623233	0.0539248602	-0.0790787288	-0.0354430676	0.0411811943	0.012571375	-0.0643413657	0.0061691504	0.0659791485	-0.1465074568	0.000437747	0.0598953963	-0.0405723336	0.0632699305	-0.0035839144	-0.0682378621	-0.0910056853	-0.0579119187	0.0107296473	0.0181845265924778	0.0074777692544074	0.0003306770073925	5.5917033022162086e-05	0.0057809054632542	0.0046022453249178	2.1180662030728663e-05	3.3418867975082254e-05	-0.0179613678036361	-0.0008660763748196	0.0003226107333774	7.500882870208334e-07	-0.0001129723108487	0.0002519949227667	6.350144110019508e-08	1.27627430184953e-08	0.0002440128232052	2.595880579839998e-05	5.9542257888572195e-08	6.738595984790445e-10	-0.000226986213642	6.89735033718e-05	5.152274118353166e-08	4.757344167379706e-09	0.0	0.0	0.0	0.0	0.0	0.0	0.0	0.0	0.0	0.0	0.0	0.0	0.0	0.0	0.0	0.0	0.0	0.0	0.0	0.0	0.0
3915.9760738074046	-13.332340410735467	177.75130082773	15334868.610632056	5185.4326388202135	-85.82067948353415	7365.189027015499	26888711.651741963	4533.142681043235	-5.643112448618012	20549382.566695847	31.84471810774758	4600.669176224475	3596.418202319489	1.519641	31.306551	0.078346845835971	0.0442456704875859	0.0933774337	0.0319075508	-0.0288924297	-0.0317759542	-0.1185189118	0.0287267253	-0.0630648804	0.0497258832	-0.0166405708	-0.0003240688	-0.0700679319	0.0208765238	0.0216483375	0.0146884244	-0.1314307294	0.1475531992	0.0836471174	-0.0345996152	0.0713079638	-0.047726219	-0.0566814909	-0.0149798086	0.0837030433	-0.0339656931	0.0492856322	0.0093108898	-0.0996680313	-0.0639603306	-0.0052589081	0.0321589649	0.0012046441	0.0531500573	0.0183229576	0.1797972789	-0.0568179706	0.121950534	0.0319733654	-0.0172346758	0.1329884093	-0.0452533876	-0.0459067297	-0.031937449	-0.0260886254	0.0375907602	-0.0464948922	-0.0324051661	-0.0443909708	-0.0115222461	0.0521719659	-0.0509801368	0.0877101238	-0.0148956209	-0.0789985635	0.0504186718	-0.0268007034	0.0460762661	0.0482676153	-0.0458799997	-0.0299754932	-0.0144668388	0.0680698147	-0.0408869389	-0.0264672298	0.0575868265	-0.0523746676	-0.0451247722	0.0696096111	-0.0479503949	0.0004130719	0.0083944615	0.0248409553	0.062403154	-0.0059704615	-0.0705658771	-0.0905061192	-0.0531726956	0.0178092284	0.0267111705091167	0.0085266439166389	0.0007134866299671	7.270365648115517e-05	0.0088015162045138	0.0030206107412596	9.124089250212871e-06	7.746668749831902e-05	0.0056147152420322	0.0235760830456683	3.1525027249108705e-05	0.0005558316917762	-0.0007110007164708	-0.0005980284056221	3.5763797393091104e-07	5.05522018821991e-07	-5.413255889985535e-06	-0.0002494260790951	2.930333933046309e-11	6.221336893279776e-08	-0.0002440018915728	-1.701567793080001e-05	5.9536923091104446e-08	2.8953329544471445e-10	0.0	0.0	0.0	1.0	0.0	0.0	0.0	0.0	0.0	0.0	0.0	0.0	0.0	0.0	0.0	0.0	0.0	0.0	0.0	0.0	0.0
3921.0279659425214	5.051892135116759	25.521614144854567	15374460.309703346	5220.0882097075255	34.655570887312024	1201.0085935255088	27249320.91712752	4534.868695677744	1.7260146345088287	20565034.08703796	2.9791265185386457	4604.05905321637	3682.877769876797	1.192073	24.558235	0.0416228471262466	0.0250615460045324	-0.0256598639	-0.0716854708	-0.0157079876	-0.067602275	0.044823587	-0.014918055	-0.0490271109	0.023049606	0.0043191601	0.0287879185	0.0310230276	-0.0616197012	0.0237751502	-0.0005582167	-0.0968552894	0.0605729965	-0.0338832617	-0.0712160157	0.0009399961	-0.046816265	0.0027813821	0.1091201129	0.0222929349	0.0893954717	0.0910619704	-0.043046109	0.0635789417	-0.1843266101	0.0138446929	-0.0840867491	0.0348567053	-0.0399767704	-0.0404118477	0.0622790062	-0.0676339903	0.047396925	-0.1178065887	0.0110390922	0.0257353615	0.0349677218	0.0495229593	0.0669107345	0.095442209	0.0813904791	-0.0536091887	0.0046656001	0.1327196065	0.0120130685	0.0438816803	0.0567896489	0.0204979482	-0.1274350648	0.0118220492	-0.0152463911	0.0797617669	-0.0390228918	-0.0599587808	-0.0026650414	-0.063434157	-0.0436441288	0.017602936	-0.0347605977	0.0236540291	0.0537399297	0.0342921635	-0.0870491731	-0.0513530183	-0.0461307037	0.0191631101	0.0556427422	-0.00153325	0.0615256851	-0.0083529168	-0.0727850846	-0.0897584821	-0.0482057789	0.0247790096	0.0298230552518958	0.0031118847427791	0.0008894146245576	9.683826652341352e-06	-0.0146387364461446	-0.0234402526506584	0.0005494454443266	0.0002142926047396	-0.0006319020741614	-0.0062466173161936	3.9930023132947954e-07	3.902022789496974e-05	-0.0006569878051327	5.401291133810002e-05	2.917394591217454e-09	4.316329760930826e-07	9.308798924112516e-05	9.850124513111068e-05	8.665373740955833e-09	9.702495292379156e-09	-0.0002679695834359	-2.3967691863100023e-05	7.180769764680978e-08	5.74450253244511e-10	0.0	0.0	0.0	0.0	0.0	0.0	0.0	0.0	0.0	0.0	0.0	0.0	0.0	0.0	0.0	0.0	0.0	0.0	0.0	0.0	0.0
3939.502121673049	18.4741557305274	341.2944299557784	15519676.966666453	5228.719339491446	8.631129783920187	74.49640134687414	27339505.93117186	4554.189130054601	19.32043437685752	20740638.632307485	373.2791845104578	4625.0286748665085	3822.779581028092	1.135691	23.39669	0.0758909868206653	0.0463866196189518	-0.0487612232	0.0362355423	-0.0708465249	0.0478308046	-0.0385677524	0.0054830121	0.0260678584	-0.0225640898	0.0943520832	-0.0389941533	0.0331157844	0.0625028538	-0.0357061937	-0.0156707303	-0.0221099884	0.0040699316	-0.0432678931	0.0345061198	0.0025568305	-0.1821809503	0.0625537167	-0.0584974548	0.0151127951	0.0447338864	0.008528798	-0.0759191361	0.0668749882	0.0478252328	0.0458736751	-6.01543e-05	-0.0594596503	0.0448153234	-0.0168632399	0.0003827481	-0.0405019279	-0.0244410699	0.0400632594	0.0645840182	0.0975061298	-0.0013089317	0.0366709195	0.0308305961	0.0943399742	-0.1285845631	-0.0489489742	-0.0197543782	0.129949673	-0.0185720548	0.0618710766	-0.0705897246	-0.0385919852	-0.0429749246	-0.0382010377	0.018449771	-0.0842173764	0.0290411439	0.0194423177	-0.0222149723	-0.0153091037	0.0237086283	-0.0740535278	-0.0395618842	0.0420695765	-0.0279175512	0.0379036334	0.0242537842	-0.0351973532	-0.029861696	-0.029932591	0.1112970886	0.0419808668	0.060637674	-0.0107296473	-0.0748920628	-0.0887648233	-0.0430324377	0.0315960199	0.0248177291763056	-0.0050053260755902	0.0006159196814684	2.505328912298321e-05	-0.0080611899972353	0.0065775464489093	4.326411728755935e-05	6.498278417152644e-05	-0.001962058807635	-0.0013301567334736	3.849674764618078e-06	1.769316935605158e-06	0.0001634912403776	0.0008204790455103	6.731858641214929e-07	2.6729385680206183e-08	-0.00017700806839	-0.0002700960576311	3.1331856275158924e-08	7.295188034787609e-08	-9.89855353234798e-05	0.0001689840481124	9.798136203275868e-09	2.8555608516460752e-08	0.0	0.0	0.0	0.0	0.0	0.0	0.0	0.0	0.0	0.0	0.0	0.0	0.0	0.0	0.0	0.0	0.0	0.0	0.0	0.0	0.0
3931.5487341349417	-7.953387538107108	63.25637333131745	15457075.448878065	5250.604672202581	21.88533271113556	478.9677878771002	27568849.42375557	4547.668705040982	-6.520425013619388	20681290.65080912	42.5159423582334	4618.5564598771125	3641.850189878649	1.461862	30.116234	0.1352228993631567	0.0599495143490897	0.0988903446	0.0408700092	-0.0019155056	0.0308470044	-0.0705064321	-0.029289634	0.0679159561	-0.0556542279	-0.0503820641	0.0030617416	0.0260562921	-0.0940082041	0.0320864757	-0.0597586638	-0.0361199162	-0.0254969309	0.0254929171	0.0648114343	-0.0021484973	-0.0352998542	-0.0771369022	-0.0485223327	0.0114825605	0.0244061332	0.0932763594	0.0636971686	-0.0545635296	0.0169695638	0.0102246126	0.0386469694	0.0438060637	-0.0781895257	0.0909978252	0.046401603	0.0205691935	-0.0317912527	0.0387728768	-0.0065168265	0.0530478327	-0.0444666409	-0.0753782794	-0.0135723987	0.02231341	0.0564136334	-0.0412514377	-0.0027406729	0.0123331756	-0.0373085458	0.0857144978	-0.0341538264	0.0836838218	0.0143976213	-0.0191068837	-0.055507367	0.109048299	0.0405799782	0.0307510572	-0.0153776247	0.0018207918	0.0240422449	0.1202908733	-0.0648535111	0.0570683108	-0.0318444738	0.0191584974	-0.0694162731	0.0304631084	-0.1347256236	0.0364031599	-0.0633876008	-0.0393763466	0.059739273	-0.0130990243	-0.0768835629	-0.0875278662	-0.037674825	0.0382182304	0.0367064284259441	0.0118886992496385	0.0013473618877889	0.0001413411698483	0.0236926783715318	0.0317538683687671	0.0010083081563809	0.0005613430084168	0.0240644056883638	0.0260264644959988	0.0005790956211341	0.0006773768541614	3.4069934395324747e-06	-0.000160084246938	2.5626966117728184e-08	1.1607604297017323e-11	0.0005110004926147	0.0006880085610047	2.6112150345246605e-07	4.73355780015758e-07	0.0003639990017088	0.0004629845370322	1.3249527324500296e-07	2.143546815309945e-07	0.0	0.0	0.0	0.0	0.0	0.0	0.0	0.0	0.0	0.0	0.0	0.0	0.0	0.0	0.0	0.0	0.0	0.0	0.0	0.0	0.0
3920.897829083604	-10.65090505133776	113.44177841261218	15373439.78611252	5227.585611464102	-23.01906073847931	529.8771572817997	27327651.32518651	4547.160675484102	-0.5080295568795918	20676670.20866904	0.2580940306632744	4613.021301662461	3688.350750722855	1.108315	22.832724	0.0554078832712011	0.0300362313995488	0.0387244534	-0.0098199421	0.0721973179	0.0334796193	-0.0488539695	0.0026955427	-0.0348744828	-0.0645784147	-0.0573786904	0.0206242783	-0.059303333	0.1048399911	-0.0461538353	-0.0394134299	-0.0560259591	-0.020409157	-0.0003934645	0.0280670871	-0.0077275427	0.1249594081	0.011802853	-0.0879574018	-0.0135232753	0.0252681349	0.0027662361	0.1347107929	0.0699529534	0.0820188835	0.061686503	-0.0634785333	-0.0899768698	0.0905282363	0.0769027925	0.0595898097	0.0340519471	-0.0754139961	-0.0050115314	-0.0264051454	-0.0782355231	0.0120458458	-0.0493038837	-0.0891299856	0.0273668876	0.0257787605	0.0638027592	0.1245496379	-0.0327370622	-0.0422594497	0.0240444262	0.0666440879	0.0712720619	0.0331213094	0.023732332	-0.1240852446	-0.0346634619	0.0791952257	-0.0441167856	-0.0743776029	-0.0024577986	0.014650105	-0.089963886	-0.0465135737	0.0672515646	-0.0685193604	-0.0440552188	-0.0848251737	0.0265726648	-0.0475383858	-0.130087072	-0.01533597	0.0956880939	0.058830636	-0.0154594239	-0.0787565141	-0.0860510014	-0.0321558829	0.0446048127	0.0321926190492547	-0.0045138093766893	0.0010363647212504	2.037447508908911e-05	0.0237046041538491	1.1925782317300654e-05	1.4222428387964095e-10	0.0005619082580906	0.011901106447631	-0.0121632992407328	0.0001416363346778	0.0001479458484196	-0.000509037936354	-0.0005124449297935	2.625998060710984e-07	2.59119620647539e-07	0.0004409556992892	-7.004479332549997e-05	1.9444192873562733e-07	4.906273072012006e-09	0.0001721117473986	-0.0001918872543101	2.9622453592599497e-08	3.682071836670736e-08	0.0	0.0	0.0	0.0	0.0	0.0	0.0	0.0	0.0	0.0	0.0	0.0	0.0	0.0	0.0	0.0	0.0	0.0	0.0	0.0	0.0
3929.691798734167	8.793969650563213	77.33390221502688	15442477.633038577	5206.038342439676	-21.547269024425987	464.2848024109876	27102835.22295205	4546.52031358335	-0.6403619007523957	20670846.96182604	0.4100633639352211	4618.304115786573	3771.952108090201	1.124065	23.157194	0.0905588387865061	0.0436088959803768	-0.0696336676	0.0148920748	0.0743584584	-0.0312508777	0.0294568904	-0.021838135	-0.1163754994	0.0092706847	0.039037405	-0.0065732693	-0.0597632872	-0.0378343616	0.0517507972	-0.0640035375	-0.0424885437	-0.0462247776	0.0198732523	0.061458307	-0.1440751799	-0.0127238899	0.0209704887	0.0218072452	-0.0297100147	0.0603573983	-0.0612499245	-0.0598949815	0.0158849647	-0.0512683828	0.0641091138	-0.0727448741	0.045333752	-0.0441225181	0.0782974515	-0.0341148858	-0.029686268	-0.0163834955	-0.0814122806	0.1092719847	-0.0917054884	-0.0718518812	0.0526436908	0.0304612931	0.0054483212	-0.020525975	-0.0368052236	-0.0205356078	0.0805935381	-0.0610195652	-0.0629182179	0.0464651256	-0.0588864063	-0.0182861229	-0.049156656	-0.0604201584	0.046861492	0.0395749925	0.0626056496	-0.0417936436	0.0327903134	-0.0562534173	0.1213694636	-0.0804648738	0.0274132269	-0.011383813	-0.043911771	-0.082596695	-0.1229434586	-0.030654034	-0.134192649	0.033026797	0.0525249147	0.0579119187	-0.0178092284	-0.0805080284	-0.0843382767	-0.0264992443	0.0507163915	0.0353217033080142	0.0031290842587594	0.0012476227245793	9.791168298416471e-06	0.0022547729550979	-0.0214498311987512	0.0004600952584549	5.084001079040917e-06	0.0188058657743823	0.0069047593267512	0.000353660587524	4.767570136035906e-05	-0.0008829911650144	-0.0003739532286603	1.398410172255374e-07	7.796733974934874e-07	-3.622205098108289e-05	-0.0004771777502702	1.3120369772761676e-09	2.2769860535300845e-07	0.0005024840485128	0.0003303723011142	2.52490219009814e-07	1.0914585734349163e-07	0.0	0.0	0.0	0.0	0.0	0.0	0.0	0.0	0.0	0.0	0.0	0.0	0.0	0.0	0.0	0.0	0.0	0.0	0.0	0.0	0.0
3936.268742750592	6.576944016424932	43.25619259518771	15494211.615155326	5226.391061517256	20.35271907758033	414.2331738509024	27315163.527907472	4548.306497081146	1.7861834977957187	20687091.99139056	3.1904514877977483	4624.814154760009	3682.787497230458	1.29879	26.756754	0.0154091272560338	0.009278746744876	0.0243772247	0.1292514266	-0.0370155603	-0.041727121	-0.0516339109	0.0220774943	0.0112078093	0.0194783732	0.1199658187	-0.0698772661	0.0863957456	-0.0138367762	-0.0610865866	-0.0326261126	-0.0275498891	0.0387056488	-0.0637767932	0.0853641586	0.0245442082	0.0278768211	0.1538605564	-0.0040775	-0.0631934643	-0.05045066	0.0430953781	-0.1130423922	0.0008412117	-0.0442686801	-0.0839869028	0.1078958433	-0.0579371809	-0.0382473142	-0.0266123648	4.43662e-05	-0.0810835148	-0.05079689	0.0280969248	0.0556526675	-0.0402767792	0.037203648	0.0951166734	0.0106036885	-0.1040018157	-0.0812589626	0.041603221	-0.0371193449	0.1109234568	-0.0472970656	-0.0184596668	-0.1163754505	0.0030213514	0.0284791431	-0.0152764403	-0.00010533	-0.0342104202	0.0049506855	-0.106616181	0.1232513323	0.1103889841	-0.053638952	-0.0554600062	-0.0498078732	-0.0109155468	0.0749642543	-0.0027471757	-0.0731097542	-0.067999718	0.0419317193	0.0118561052	-0.0120345241	0.0237708379	0.0569832784	-0.0201468273	-0.0821354052	-0.0823943867	-0.0207291319	0.0565152869	0.0276408142563013	-0.0076808890517129	0.0007640146127513	5.899605662472311e-05	0.0024655302766376	0.0002107573215397	4.4418648582588516e-08	6.0788395450166805e-06	0.0188954493054112	8.958353102890212e-05	0.0003570380044533	8.025209031606271e-09	-0.0009219897485221	-3.89985835077e-05	1.5208895156070502e-09	8.500650963798452e-07	-3.628213157202964e-05	-6.00805909467539e-08	1.31639307141007e-09	3.609677408511165e-15	0.0006119833314492	0.0001094992829363	3.7452359797166137e-07	1.199009296358578e-08	0.0	0.0	0.0	0.0	0.0	0.0	0.0	0.0	0.0	0.0	0.0	0.0	0.0	0.0	0.0	0.0	0.0	0.0	0.0	0.0	0.0
3947.593745275988	11.32500252539603	128.25568220022646	15583496.377742102	5267.983340492731	41.59227897547498	1729.9176703737382	27751648.475708958	4548.148929263446	-0.1575678176996007	20685658.68276023	0.0248276171746146	4621.138703309415	3725.176426184962	1.275	26.266645	0.1210549526839954	0.0614010757741925	0.0373751233	-0.0198031013	0.0875835656	0.0311497079	0.0204681405	-0.1023163752	0.0550202277	0.0623034422	0.0759294519	-0.0009442924	-0.1010940731	-0.0095565347	0.1131923275	-0.034714246	-0.0050199578	0.1029522705	0.0843627429	-0.0802654338	0.0413693685	0.0249010666	0.0484694404	-0.0485018587	0.0518235353	-0.0146389559	-0.0355531775	-0.0197858275	-0.0839991229	0.0840882378	-0.0862492937	-0.0457900909	0.089951453	0.0301431748	0.0561776256	0.0157941029	-0.0462179312	0.1001357029	-0.0396828153	-0.0771752688	0.0341694533	0.0266584201	0.039365369	-0.009004452	-0.0851112527	-0.1065583079	0.0287889536	0.050527432	-0.0884888784	-0.0217159913	-0.0249678332	0.0533750705	0.0646991807	0.046318545	-0.0886895019	0.035656535	0.0171349303	0.0050260507	0.0270047364	0.0677737226	0.1762330695	0.087550339	-0.0839990902	-0.0767376212	0.0162881449	0.0172764072	0.0076006468	0.0429471526	0.0158479739	0.0238961169	0.0485705176	0.037828392	0.0474534552	0.0560448744	-0.0224706185	-0.0836361352	-0.0802246594	-0.0148702542	0.0619657467	0.0517212560277613	0.02408044177146	0.0026750883250892	0.0005798676759086	-0.0057694286669232	-0.0082349589435608	6.781454880213199e-05	3.328630714271521e-05	-0.0235210302896149	-0.0424164795950261	0.0005532388658849	0.0017991577412352	-0.0010802504744583	-0.0001582607259361	2.504645737385299e-08	1.166941087567382e-06	-0.0007413657548969	-0.0007050836233248	5.496231825338504e-07	4.971429158809277e-07	0.0006751004296671	6.311709821789997e-05	4.55760590136703e-07	3.983768087448031e-09	0.0	0.0	0.0	0.0	0.0	0.0	0.0	0.0	0.0	0.0	0.0	0.0	0.0	0.0	0.0	0.0	0.0	0.0	0.0	0.0	0.0
3938.559064562705	-9.034680713283253	81.62545559097235	15512247.505049048	5275.150288642208	7.166948149476411	51.36514577728336	27827210.567761965	4543.673592109499	-4.475337153947294	20644969.711633235	20.02864264150106	4613.637974685866	3800.9708775248273	1.132964	23.340508	0.0871153999952809	0.0424720412469929	-0.0643774561	-0.0640467137	0.0240176548	0.0221465195	0.1141054904	0.0021879185	0.0225490642	-0.018809607	-0.0911734762	0.0135699309	0.094096601	-0.0695045842	-0.0449112116	0.0478169436	0.071661188	0.016259554	-0.0137096565	-0.0788387865	-0.0186305334	0.0768557817	-0.0297371374	0.1125421162	0.0005519945	0.0391740547	-0.0453819647	0.0397575249	-0.0931379451	0.0275193161	0.0856675244	0.0041422831	-0.0197329399	-0.0764537343	-0.0688396772	-0.0439121204	0.0043869058	0.0447092976	-0.0621798455	-0.0647554272	-0.0703228427	0.0107202738	-0.0083447416	0.0073275936	0.0002934114	0.1153069904	-0.0203010181	0.0034010256	-0.113297801	-0.0049182401	-0.0159717683	0.0557666931	-0.0323626148	-0.0564292098	-0.0134914047	-0.0090539104	0.0344498466	-0.0536868684	-0.100562551	0.0056808211	0.0535924764	-0.0359455244	0.0899106646	-0.107121507	0.0611641644	-0.0046876592	0.0119008753	0.0661534713	0.0114414142	-0.0164234325	-0.0014750135	-0.0069064884	0.0514490383	0.0550968674	-0.0247790096	-0.0850079043	-0.0778350419	-0.0089476998	0.0670341672	0.0476517305804407	-0.0040695254473206	0.0022706874273109	1.6561037366389943e-05	-0.0205737276154138	-0.0148042989484905	0.0002191672673562	0.0004232782679932	-0.0408799480035497	-0.0173589177139348	0.0016711701487729	0.0003013320241991	-0.0009219664586943	0.000158284015764	2.50538296463782e-08	8.500221509573083e-07	-0.000173177110005	0.0005681886448918	2.9990311429683875e-08	3.228383361840936e-07	0.0003839199326123	-0.0002911804970548	1.4739451465703296e-07	8.478608186508039e-08	0.0	0.0	0.0	0.0	0.0	0.0	0.0	0.0	0.0	0.0	0.0	0.0	0.0	0.0	0.0	0.0	0.0	0.0	0.0	0.0	0.0
3924.5634531442815	-13.995611418423325	195.8771389755013	15402198.297755769	5241.646126662628	-33.504161979579294	1122.528869953887	27474854.117157336	4537.152977509657	-6.520614599841792	20585757.141324744	42.51841475966994	4612.125243354764	3822.937298430918	1.090729	22.470421	0.1390857333114404	0.0723618892601502	-0.09768126	0.0227686621	-0.0820411297	0.0060388029	0.0269988862	0.1481737629	-0.0246515452	-0.0402660616	0.0335983206	0.0002804183	-0.0937287551	0.0310753539	-0.0256881218	0.0983074229	-0.0093422852	0.0885188486	-0.0271163443	0.0481473032	-0.0605224162	-0.0944073443	0.0457805324	-0.0440983506	-0.0914726801	-0.0518015637	-0.0359257234	-0.0044398219	0.0686512166	0.0303472815	-0.0209013713	0.0818070426	-0.0204097405	0.0294280703	-0.094190704	0.0186050814	-0.0242281199	0.0563774849	0.0810950661	0.099445422	-0.0128041039	-0.0207768435	-0.0108941364	-0.1303359045	0.0753256054	-0.0117037823	0.0828233665	0.0308053947	0.0182707597	-0.0145869391	0.042881786	-0.0505310966	-0.0546680362	-0.0948843705	-0.0492906207	0.0205360897	-0.0815825508	0.044910804	0.028936105	-0.034714387	0.0383294987	0.0859404662	-0.0697982426	-0.0685349386	-0.0033289519	0.037063744	-0.0264230848	0.0205008069	0.0276810918	-0.117869238	-0.0133984526	-0.0408236317	-0.0446079824	0.0541394198	-0.0270704183	-0.0862485974	-0.075232084	-0.00298683	0.0716892996	0.0260521963411832	-0.0215995342392575	0.0006787169341995	0.0004665398793528	-0.0046612654394238	0.01591246217599	0.0002532064525023	2.172739549676675e-05	-0.0225096623396794	0.0183702856638703	0.0005066848986463	0.0003374673953721	0.0002900007356042	0.0012119671942985	1.468864480055778e-06	8.410042665097713e-08	-3.598999445131312e-05	0.0001371871155536	1.2952797006055494e-09	1.8820304673940643e-08	6.900521781803427e-05	-0.0003149147147942	4.761720086114355e-09	9.91712775939537e-08	0.0	0.0	0.0	0.0	0.0	0.0	0.0	0.0	0.0	0.0	0.0	0.0	0.0	0.0	0.0	0.0	0.0	0.0	0.0	0.0	0.0
3923.872745666585	-0.6907074776963782	0.4770768197456927	15396777.324185023	5209.163030310522	-32.48309635210626	1055.1515486202188	27135379.476353902	4547.275010678734	10.12203316907744	20677710.022743285	102.45555547590388	4615.843540437232	3614.50379575532	1.538432	31.693682	0.113077600389924	0.0577701786906522	0.0746892474	0.0892720076	-0.0524312766	-0.0642966464	-0.1081241148	0.0244326141	-0.0271524582	-0.0338808378	-0.0645668731	0.0114982285	0.0439305792	-0.0545142858	0.0017052399	0.0245516891	0.0452693175	0.0188082515	-0.0303659206	0.0763871149	-0.0038144859	-0.000537062	-0.056318445	0.0289670407	0.0290652128	-0.0075757552	0.0803875852	0.0564483427	-0.0418627405	-0.0840195126	0.0294971727	-0.0628590312	0.021308838	-0.0547522245	0.0065377852	0.0421907701	0.0194188008	0.0060707267	0.0942753356	-0.0285260941	-0.0254742426	-0.0157964905	-0.0736131778	0.0440838549	0.0614170197	0.0942930932	-0.056732413	-0.0778157419	0.0580220156	-0.0185580877	0.0463795026	-0.0969926639	0.057356664	-0.0219872965	-0.0015829089	-0.0499287123	0.0939952909	0.0139275045	-0.0091272238	0.0685834288	-0.0111058875	-0.0726105862	0.0178850984	-0.084517467	-0.0491255532	0.0752809228	0.0014229457	-0.0209567445	-0.0313168413	-0.043289666	-0.0419101154	-0.0971275254	0.028302059	0.0531726956	-0.0293432743	-0.0873563013	-0.0724229201	0.00298683	0.0759024438	0.0324966814846874	0.0064444851435042	0.0010560343075172	4.153138876484637e-05	0.0103339491412697	0.0149952145806935	0.000224856460321	0.0001067905048543	0.003728694641623	0.0262383569813023	1.3903163730468073e-05	0.0006884513770782	-0.000600024864716	-0.0008900256003202	7.921455692253325e-07	3.600298382774541e-07	0.0001929225975445	0.0002289125919958	3.721912864331712e-08	5.2400974774241615e-08	0.0002580578991905	0.0001890526813724	6.659387933461427e-08	3.5740916334119057e-08	0.0	0.0	0.0	0.0	1.0	0.0	0.0	0.0	0.0	0.0	0.0	0.0	0.0	0.0	0.0	0.0	0.0	0.0	0.0	0.0	0.0
3928.5664802180127	4.693734551427497	22.031144039264284	15433634.589492545	5223.6061919007125	14.443161590190355	208.60491672035005	27286061.648063462	4553.02400780631	5.7489971275754215	20730027.61566063	33.050967972870446	4619.724635177416	3665.817804222944	1.189172	24.498466	0.1357605544222824	0.0723346070001134	0.0401012468	-0.0554353028	0.0268937557	-0.011309254	0.0193702885	-0.0396590405	-0.0341837573	0.043518152	-0.0630658825	-0.0427986642	0.0058482465	0.1596614466	-0.0619325867	-0.0010324985	-0.0271801485	-0.0580929311	-0.0094832853	-0.0424114663	0.0418996252	0.0118827959	0.0544785668	0.0798728511	0.0746969677	0.0071082972	-0.0133199124	0.0506706971	0.0741453848	0.0822798463	-0.012709624	-0.1366203606	-0.0811576416	0.1356715445	-0.0102884912	0.0089845728	0.0460417312	-0.0571308905	-0.0294983948	-0.0236486188	0.0094136121	0.0019011542	0.066999766	0.0480698648	0.0661195343	0.0291049106	0.0290319206	0.0959437519	-0.0615676221	0.0270598422	0.0153773902	0.0645258775	0.0775996268	-0.0114364682	0.0027834317	-0.0420245279	-0.0874195521	0.0244312747	-0.0176380923	-0.0120947977	0.0225979669	0.0005740611	-0.1025354936	-0.0330572037	-0.0083316009	-0.0456161549	0.0153685111	0.0157540924	-0.0851099155	-0.0078854831	-0.018555542	-0.0845621756	-0.0173181753	0.0521968607	-0.0315960199	-0.0883293083	-0.06941525	0.0089476998	0.0796476241	0.0640187078269178	0.0315220263422304	0.0040983949518282	0.0009936381447202	0.0100867115464495	-0.0002472375948201	6.112642829247696e-08	0.0001017417498212	-0.0539734387657588	-0.0577021334073818	0.0029131320922011	0.0033295361997632	-0.0007979219646025	-0.0001978970998865	3.9163262143487383e-08	6.366794615951133e-07	-0.0003691688526303	-0.0005620914501748	1.3628564175237217e-07	3.159467983596097e-07	0.0004238524906862	0.0001657945914957	1.796509338608953e-07	2.748784656922604e-08	0.0	0.0	0.0	0.0	0.0	0.0	0.0	0.0	0.0	0.0	0.0	0.0	0.0	0.0	0.0	0.0	0.0	0.0	0.0	0.0	0.0
3946.514342679997	17.947862461984187	322.12576695430107	15574975.456978928	5247.009707680231	23.403515779518784	547.7245508421847	27531110.872490585	4552.593922562153	-0.4300852441565439	20726111.423749853	0.184973317241194	4625.2830877345	3804.6321947821257	1.167482	24.051636	0.0754653032839176	0.0361726346010022	-0.0804094968	0.0032864541	0.0457534542	-0.0199397684	0.0568456458	-0.0401148268	-0.0239476977	-0.0282131455	0.0292042631	-0.0264775154	0.0387617076	-0.0810063178	0.0190745278	-0.0190835536	0.0244767333	-0.0629670693	0.0380396743	-0.0041130266	-0.0547289124	-0.0279912813	-0.0376023709	8.03265e-05	-0.0327320639	0.0532011272	-0.0721587656	-0.0657217246	0.0763526871	0.0279326736	-0.0592011712	-0.0079661104	0.0405726341	-0.0835240569	0.0394956464	-0.0672518316	0.0243115627	0.0188583048	-0.0626486843	0.0592412956	-0.0017870086	0.0100679406	-0.038668634	0.0337258841	0.0070162079	-0.0417853585	-0.0278095156	-0.002086967	0.03643834	-0.0167598131	-0.0743688732	0.036648183	-0.0879684036	0.0043137588	-0.0073512667	-0.0647311285	0.0678403048	0.0145295279	0.0414415222	0.0032369812	0.0778275225	0.0309764065	0.0928172086	-0.0565359284	-0.0267125552	0.0358932865	0.0296452701	0.0349463524	-0.0947367257	0.0593611727	0.0001099082	-0.0220812995	0.0134718661	0.051212082	-0.0338271112	-0.0891661178	-0.0662173176	0.0148702542	0.0829017503	0.0625917959960844	-0.0014269118308334	0.0039177329260154	2.03607737297234e-06	-0.0043411792668877	-0.0144278908133372	0.0002081640333215	1.884583742725563e-05	-0.0397291855879018	0.014244253177857	0.0015784081874779	0.0002028987485948	-0.0011972891498112	-0.0003993671852086	1.5949414862152005e-07	1.433501308255626e-06	-0.0006688789823667	-0.0002997101297363	4.473990930519121e-07	8.98261618666097e-08	0.0006321001249789	0.0002082476342926	3.99550567998341e-07	4.3367077188506106e-08	0.0	0.0	0.0	0.0	0.0	0.0	0.0	0.0	0.0	0.0	0.0	0.0	0.0	0.0	0.0	0.0	0.0	0.0	0.0	0.0	0.0
3942.152251449653	-4.362091230344049	19.02783990184446	15540564.373609569	5219.917308952235	-27.092398727996624	733.9980688367531	27247536.71229914	4550.929896044844	-1.6640265173091393	20710962.918714736	2.768984250307984	4626.975627326146	3761.216959364362	1.181215	24.334551	0.0629656867295096	0.0344539732028241	-0.0061614612	0.0806380469	-0.0554558379	-0.0091454771	-0.0659687166	0.0614846357	-0.001775823	0.0283545244	0.0431088766	-0.0362965588	0.018804071	0.0131632847	-0.0653084288	-0.0048943345	0.0117110963	0.0074813208	-0.09199794	0.0707483161	0.0455535073	0.0469181233	0.0099897948	-0.1062748378	-0.0944952347	-0.0371878533	0.0342740544	-0.0549668034	-0.0140712954	-0.0145741087	-0.0018837855	0.0343005071	-0.0638817	-0.0134655886	-0.0634482017	-0.0224599749	-0.0464217773	-0.0891814335	0.0599606573	0.0093032496	-0.0287083191	0.0500641513	-0.0125161319	-0.0323386044	-0.1265993152	-0.0633405229	0.0437790038	-0.0683007699	0.1141257823	0.0022830826	-0.0047580489	-0.0980415978	0.0051780309	0.0252673857	-0.0151123082	0.0342376214	-0.0887548348	0.0042391977	-0.0876336958	0.1230550396	0.0918305713	-0.0352324928	-0.0531781355	-0.063489042	-0.0526710263	-0.0369971377	0.1192511526	0.0429106674	-0.0057449538	0.0611183824	0.1101661848	0.0295396436	0.0683038932	0.0502185284	-0.0360350191	-0.0898654396	-0.0628378881	0.0207291319	0.0856447597	0.0538406718733455	-0.0087511241227389	0.0028988179477732	7.658217341158271e-05	-0.0055532321608637	-0.001212052893976	1.4690722177955964e-06	3.083838743245092e-05	-0.0399670904693465	-0.0002379048814447	0.0015973683205849	5.659873261521963e-08	-0.000729937980783	0.0004673511690281	2.184171151920251e-07	5.328094557895632e-07	-0.000304148936115	0.0003647300462516	9.250657533988637e-08	1.330280066387672e-07	0.0004088892436318	-0.000223210881347	1.671904135577855e-07	4.982309755174913e-08	0.0	0.0	0.0	0.0	0.0	0.0	0.0	0.0	0.0	0.0	0.0	0.0	0.0	0.0	0.0	0.0	0.0	0.0	0.0	0.0	0.0
3932.932330482328	-9.219920967324924	85.00694264371776	15467956.716153154	5227.2160204151005	7.298711462865867	53.27118901816961	27323787.32408428	4554.64317241977	3.713276374925954	20744774.428070027	13.788421436583231	4626.264347845904	3671.596419761921	1.199875	24.71896	0.0926443059237763	0.0580084113397507	0.0889564031	-0.0490070653	-0.0236804284	0.029398573	-0.0198146754	0.0364300852	0.011827608	0.067386338	-0.0241138349	0.0023230166	-0.0303765354	0.0245306666	0.1036719747	0.0122905896	0.0784830077	0.0052656546	-0.0799791844	0.0074436082	-0.0748280458	0.0045925102	0.1224404669	-0.1063121678	0.0649366634	-0.0958833037	0.0395047123	0.0258205457	0.0918328657	0.0280988445	0.0189036134	-0.0762058116	0.0872598112	0.0497656293	-0.0093655793	-0.0293964192	-0.0017808322	-0.0254671154	0.0774121431	-0.1037199641	-0.0476216996	-0.0511794903	0.0082312352	-0.0889150101	0.114221039	-0.0842538033	0.0989716784	0.067147536	0.0451497105	0.0539669855	0.0504400816	0.0052242036	0.0892760088	0.0017153581	-0.052929784	0.009054458	0.0186393494	-0.0119561147	0.0613151822	-0.0129174166	0.0923040825	0.0456487012	0.0360525901	-0.064876715	-0.0979377967	-0.0533002609	0.0868968429	0.1363084725	0.0269131782	-0.0350564194	0.031145668	-0.0860241989	-0.0345598127	0.0492163702	-0.0382182304	-0.0904261954	-0.0592862243	0.0264992443	0.0878597406	0.0647151871630313	0.0108745152896858	0.0041880554495461	0.0001182550827856	-0.0102947734676348	-0.0047415413067711	2.24822139638166e-05	0.0001059823607499	-0.0938134391404119	-0.0538463486710654	0.0088009613633517	0.0028994292652059	-0.0008220026832447	-9.206470246170002e-05	8.475909439361353e-09	6.756884112614866e-07	1.1308890462080612e-05	0.000315457826577	1.2789100348333784e-10	9.951364034873547e-08	0.0004650047277181	5.611548408629999e-05	2.1622939680018438e-07	3.1489475542397874e-09	0.0	0.0	0.0	0.0	0.0	0.0	0.0	0.0	0.0	0.0	0.0	0.0	0.0	0.0	0.0	0.0	0.0	0.0	0.0	0.0	0.0
3925.4368517241273	-7.495478758200534	56.18220181463541	15409054.476873828	5266.511576592167	39.29555617706683	1544.1407352650149	27736144.18637932	4544.2496088333255	-10.393563586444545	20650204.50738183	108.02616402546596	4619.83844020336	3705.860118710509	0.983469	20.260735	0.0888696025072916	0.0457541975239313	0.0312863243	-0.0579174191	0.0383258558	0.0164655667	-0.0112718047	0.0210745406	0.0352147633	0.0082787059	-0.1071333044	0.0253122084	-0.0680450541	-0.0413905581	-0.0661092505	0.0660606918	0.033385792	-0.04238761	0.0027472584	-0.0158498334	-0.1108765235	0.0349650463	0.0674613237	-0.0779871123	0.0524696068	-0.0641417872	-0.0320482184	0.0419588092	-0.019698334	-0.0068627172	-0.0580646439	0.1089091332	-0.0272520705	-0.057729715	-0.0321523564	-0.0033605828	0.0974909962	-0.033627965	0.028283686	-0.0584278755	-0.0534512861	-0.1014131207	0.0091307336	-0.1179035807	0.0289411201	-0.0544381645	-0.012376079	-0.0203754966	-0.0599658925	0.0125221082	0.0236915229	0.0594034402	0.0559365986	-0.0139311891	0.0444287921	-0.1092840856	0.0242138806	-0.0064025683	-0.0660107942	-0.0495571221	0.031544555	-0.0089379101	-0.1057626047	-0.1169641446	-0.0046178518	0.0067799879	0.0206384825	0.032820111	0.0219543633	0.0665645806	-0.0599594112	-0.1164227194	0.043450133	0.0482057789	-0.0403752488	-0.0908475206	-0.0555720611	0.0321558829	0.089533037	0.0578545775085501	-0.0068606096544812	0.0033471521386928	4.706796483116068e-05	0.0024983635342152	0.01279313700185	0.0001636643543481	6.241820349096264e-06	-0.0566442201155155	0.0371692190248964	0.0032085676724949	0.0013815508429207	-0.0011049337149959	-0.0002829310317511	8.00499687277985e-08	1.2208785145346409e-06	-0.0002268227132442	-0.0002381316037062	5.1448543243460585e-08	5.6706660683725085e-08	0.0005848748287819	0.0001198701010637	3.420785653426568e-07	1.4368841129045617e-08	0.0	0.0	0.0	0.0	0.0	0.0	0.0	0.0	0.0	0.0	0.0	0.0	0.0	0.0	0.0	0.0	0.0	0.0	0.0	0.0	0.0
3919.8832961750895	-5.55355554903781	30.84197923624865	15365485.055632483	5192.42782708663	-74.08374950553753	5488.401940799232	26961306.73950358	4543.406927093651	-0.8426817396748447	20642546.50516257	0.7101125143814228	4608.964572104262	3730.292669314202	0.962119	19.820883	0.0520907870097574	0.0266065266777458	-0.0216254817	-0.0502618947	0.0451699198	-0.0177599007	0.0090822634	-0.0134537643	-0.1337720817	0.066727384	-0.0012333547	-0.0121818406	-0.0961267192	-0.0154270831	0.0576539607	-0.0183692542	-0.0367331267	0.0626455786	0.0841561429	-0.0540462405	-0.0290154026	0.0302642572	-0.0385678921	-0.0127481022	-0.0362914775	-0.0105209635	-0.0285673818	0.0662849358	0.0342069593	0.0401223538	-0.0678574517	0.0422314295	0.0432628718	0.0117296531	0.0563991467	0.0552045593	-0.0219728444	0.0990755572	-0.0518716212	-0.0009329686	-0.007946812	-0.0172021988	-0.0338370594	-0.0722639901	-0.0311685289	0.0536753002	-0.0285899734	-0.0145491397	-0.0402223999	0.0085233427	-0.0310613758	0.0830798665	-0.0226910224	-0.0173192698	-0.0188027482	-0.0585256615	-0.0496136031	0.0657663696	0.0722561264	-0.0259976936	-0.0375904634	-0.1072254672	-0.05292574	-0.0523268067	-0.0074549901	0.084935361	-0.0079833921	-0.1107317216	0.0258151591	0.0298764644	-0.0213336986	-0.0255870317	-0.0775606848	0.0471869279	-0.042504596	-0.0911287655	-0.0517055788	0.037674825	0.0906543325	0.0540661115710321	-0.003788465937518	0.0029231444204112	1.435247415973418e-05	-0.0036664140683768	-0.006164777602592	3.800448288941997e-05	1.344259212079132e-05	-0.0352837358694131	0.0213604842461024	0.0012449420169025	0.0004562702872279	-0.0010534044378572	5.152927713870004e-05	2.655266402436954e-09	1.1096609096972431e-06	-0.0004392284508631	-0.0002124057376189	1.9292163204759865e-07	4.511619737342899e-08	0.0004332686590686	-0.0001516061697132	1.8772173093110279e-07	2.298443069513792e-08	0.0	0.0	0.0	0.0	0.0	0.0	0.0	0.0	0.0	0.0	0.0	0.0	0.0	0.0	0.0	0.0	0.0	0.0	0.0	0.0	0.0
3919.4100411357103	-0.4732550393791825	0.2239703322977916	15361775.07055543	5203.221209175979	10.793382089349508	116.49709692669072	27073510.95161874	4532.827231623292	-10.579695470358274	20546522.71174568	111.92995624551938	4600.988726177952	3760.8627149528097	1.021956	21.053619	0.0969445020390745	0.0435492459351842	-0.0777278517	0.0090782959	-0.0242910433	-0.0655539553	0.0369697854	0.0171308414	-0.1299838769	0.0311756112	0.0403805072	0.0182299629	0.0824709782	-0.1282428877	-0.1172315797	0.0488108496	-0.0193459322	0.072517588	0.009878879	-0.0871114367	0.0124069213	0.0103802116	0.0345506121	0.1688067783	0.0444432985	0.0279061986	-0.0712602375	0.083513329	0.0016039137	-0.0029981743	-0.0356429755	0.0173945507	-0.0782909378	-0.1395124175	-0.094573955	0.0565981767	-0.0334450236	0.0802318408	-0.0789623906	0.0044690057	-0.0195547399	0.0434066437	0.095742255	0.0315821015	0.0479512937	0.0583714028	0.0022391655	0.0406723847	-0.1475843783	0.0176041589	-0.0363722338	-0.0064988185	-0.0893952327	-0.0255675177	0.0516467962	-0.0730362161	0.0312148443	-0.0727566431	-0.0100070278	-0.097778518	-0.0293629015	0.0371336008	0.0257812937	0.0363646999	-0.0668578503	0.1044599585	-0.015891434	-0.0984628373	-0.0344281893	0.0203486658	0.0462247698	-0.0742239827	-0.0481349023	0.0461599916	-0.0446048127	-0.0912694965	-0.047697375	0.0430324377	0.0912167139	0.0385635358799447	-0.0155025756910873	0.0014871462995637	0.0002403298530578	-0.0204279754139378	-0.016761561345561	0.000280949938741	0.0004173021795124	-0.0570933047606843	-0.0218095688912711	0.0032596454484963	0.0004756572952231	-0.0014889805465006	-0.0004355761086434	1.8972654642092705e-07	2.217063067857225e-06	-0.0001197464899633	0.0003194819608998	1.4339221858530706e-08	1.0206872334038133e-07	0.0003309108063887	-0.0001023578526798	1.0950196178481973e-07	1.0477130005240105e-08	0.0	0.0	0.0	0.0	0.0	0.0	0.0	0.0	0.0	0.0	0.0	0.0	0.0	0.0	0.0	0.0	0.0	0.0	0.0	0.0	0.0
3936.170337133806	16.760295998095444	280.90752194377416	15493436.92293206	5214.260912931418	11.039703755438495	121.8750590078428	27188516.868124384	4547.633489206741	14.806257583448314	20680970.35215468	219.2252636274207	4621.080559857413	3613.853238192472	1.338926	27.58359	0.0782237565273251	0.034200582664275	0.0899576602	0.0351866987	-0.0132330212	-0.0416512822	-0.093746933	-0.03700904	0.0216897454	0.0782713322	0.0961868347	-0.0461604218	0.0751558166	0.0566425807	-0.0595702955	0.0171208628	-0.0098100034	0.0431187064	0.0063715837	0.0102149082	0.0258787776	-0.0767212569	-0.0272521739	0.0778141604	0.0021813778	-0.0568853861	0.0131608144	-0.1009173602	-0.0604938556	0.1279396375	-0.0560166156	0.0755847737	-0.0530439421	0.0399361669	-0.0583777086	0.0113872089	-0.039427792	0.0335921988	0.0406022749	0.0070418266	0.095521739	-0.092763274	0.0983008221	0.1089626249	-0.0758114631	-0.0224860188	0.0208746041	-0.0802415809	0.0237229548	0.0308076364	-0.0189191404	-0.0584889629	0.0412762353	0.0801408217	-0.0352866414	0.0620617182	-0.1002181344	-0.0193512164	0.0211331022	-0.0621717723	0.0231348826	-0.0546180065	0.1259767746	0.0782969449	-0.0540495845	0.0482084613	-0.0211692913	0.0123476125	-0.0778781701	0.0408945219	0.1006483402	0.0181283918	-0.0804501585	0.0451251461	-0.0466744595	-0.0912694965	-0.0435584361	0.0482057789	0.0912167139	0.0609432934978144	0.0223797576178697	0.0037140850223607	0.0005008535510345	-0.0119194082690086	0.0085085671449292	7.239571485976867e-05	0.0001420722934833	-0.0692382792967905	-0.0121449745361061	0.0047939393199803	0.0001475004064826	-0.0016310149287279	-0.0001420343822273	2.0173765734690763e-08	2.6602096977332767e-06	-0.0002429126649758	-0.0001231661750125	5.9006562805645256e-08	1.516990666720978e-08	-0.0001076977809399	-0.0004386085873286	1.1598812019378688e-08	1.9237749287839017e-07	0.0	0.0	0.0	0.0	0.0	0.0	0.0	0.0	0.0	0.0	0.0	0.0	0.0	0.0	0.0	0.0	0.0	0.0	0.0	0.0	0.0
3940.648223496237	4.477886362431036	20.051466274845858	15528708.421344047	5266.868441424793	52.60752849337496	2767.552054181258	27739903.179276425	4541.050613717685	-6.582875489055368	20621140.67634577	43.33424970440596	4618.953716359937	3724.900429609053	1.17671	24.241751	0.0899156127634808	0.0437166834881825	0.0180810639	-0.0679762225	0.0670632783	-0.0193606918	0.0578979224	-0.0379440686	0.0496537742	0.0751154297	-0.0097863124	0.0548152429	-0.0047695614	-0.0561728044	0.1097216782	0.0099867041	-0.0854796393	-0.1194980318	0.0166199509	-0.0547275826	-0.0751948512	-0.0103284302	-0.0401483183	-0.0053140932	-0.0615581912	-0.0320559311	-0.0710591969	-0.045506052	-0.0942845407	0.0215968109	-0.0368052857	-0.0429709687	0.1459966768	-0.0256286144	0.0047930511	-0.0273008207	0.0406920951	-0.0661634693	-0.1258676006	0.0852505028	0.0388242807	-0.0612062572	0.0265306287	0.0219468974	-0.1649139321	-0.0544063824	0.0239349511	-0.0224394022	-0.0411081873	0.0365178145	-0.063291616	0.0604915159	0.0161130904	0.008596462	-0.0272628631	0.066238799	0.0699982877	-0.1048504774	2.10177e-05	-0.0108580889	-0.0004589806	-0.0406592895	-0.0586246746	0.0420948562	0.0430332786	-0.0003835909	-0.0117367353	0.0069103073	0.0597238901	0.0840031951	0.0806659299	-0.0090941639	-0.0277744427	0.0440825686	-0.0487121179	-0.0911287655	-0.0393001065	0.0531726956	0.0906543325	0.0613764130458491	0.0004331195480346	0.0037670640783746	1.875925428897799e-07	-0.0185377473720649	-0.0066183391030563	4.380241248304408e-05	0.0003436480776304	-0.0974725817917203	-0.0282343024949298	0.0095009042011436	0.0007971758373751	-0.0021430097435314	-0.0005119948148035	2.621386903856703e-07	4.592490760870517e-06	0.000110872657165	0.0003537853221408	1.2292746106827625e-08	1.2516405416226965e-07	0.000119119114465	0.0002268168954048	1.4189363430925772e-08	5.144590404111735e-08	0.0	0.0	0.0	0.0	0.0	0.0	0.0	0.0	0.0	0.0	0.0	0.0	0.0	0.0	0.0	0.0	0.0	0.0	0.0	0.0	0.0
3936.005779393258	-4.6424441029789705	21.552287249284216	15492141.495417127	5263.358330448971	-3.51011097582159	12.320879062583192	27702940.91470658	4545.497679696786	4.447065979100444	20661549.156128865	19.776395822472587	4613.614250739756	3793.3526209768456	1.127307	23.223978	0.0891770023328117	0.0369660727137881	-0.0930149236	-0.0419353467	-0.0239633653	-0.0255879438	0.1090962322	0.0060747924	-0.0279075513	0.0015993988	-0.0128269855	0.0179274982	-0.0040857725	0.1152488197	-0.0637458933	0.0159265695	-0.0478927307	-0.022507694	-0.0339349636	-0.0487716093	0.0050854175	0.0994680105	-0.0148972365	0.0108486782	-0.1251206234	0.1047454688	-0.0539568576	0.0619222597	0.0231434588	-0.040897316	-0.0354189211	-0.0211148218	-0.0773410006	0.105371305	-0.0513461233	-0.0074978476	-0.0026950309	-0.0524597161	-0.1075552012	0.0561337815	-0.0784615291	0.11468525	-0.0466714639	-0.035384297	-0.0214778476	0.0637249851	-0.0174450838	-0.0070999538	-0.0090394606	0.0259253557	-0.0502317716	0.009456565	-0.0706623929	-0.0578088581	0.0044302624	0.0168266392	-0.1064573015	-0.0273589527	-0.0671665211	-0.0484802108	-0.0330884375	0.0343434837	0.0677386265	0.0870788004	-0.0473950511	0.0060111114	-0.0103749683	0.0673243012	0.0414981916	-0.0247132065	-0.0534057967	0.0274475169	0.0018609355	0.0430324377	-0.0507163915	-0.0908475206	-0.034934058	0.0579119187	0.089533037	0.0370475850132834	-0.0243288280325656	0.0013725235553164	0.0005918918734381	-0.029290694693401	-0.010752947321336	0.0001156258760954	0.000857944795622	-0.0816994749061734	0.0157731068855469	0.0066748041999444	0.0002487909008228	-0.0017229899422657	0.0004200198012657	1.7641663345527817e-07	2.9686943411487603e-06	-7.973684209106047e-05	-0.000190609499256	6.357963986654712e-09	3.633198120664612e-08	0.0002749322158105	0.0001558131013454	7.558772329047133e-08	2.4277722550903047e-08	0.0	0.0	0.0	0.0	0.0	0.0	0.0	0.0	0.0	0.0	0.0	0.0	0.0	0.0	0.0	0.0	0.0	0.0	0.0	0.0	0.0
3931.300163815649	-4.705615577609024	22.142817964236706	15455120.978016946	5233.3195769877375	-30.03875346123368	902.3267095047784	27387633.794883117	4551.526883713228	6.029204016442236	20716396.97316425	36.35130107188319	4623.861271674029	3685.182982011275	1.321015	27.214611	0.0735930303520216	0.0396033534763301	0.0284837783	0.078232177	-0.088411316	-0.0605689933	-0.0624719815	0.0587773713	0.0174522208	0.0091541396	-0.0225384949	0.0096640205	-0.0133627059	0.0305797742	0.0753981507	-0.0166202009	0.0355652324	-0.0195375284	-0.0830003026	0.0998906403	-0.0060611585	0.002433613	0.0215783269	0.0386029795	0.0317570413	0.0453700274	0.0097288198	0.0493099003	-0.0780428369	-0.0615443584	0.0372266872	0.039128456	0.0701140498	0.0296768136	0.0111645744	-0.0111092837	-0.0265776367	-0.0777139591	0.0996846095	0.0046822293	-0.0754577457	0.0016748922	0.033760228	0.0352149126	0.0330453866	0.0286460446	-0.077484531	-0.0890668062	0.0132766308	0.0155610316	0.011984332	-0.1185175735	0.0194199639	-0.0333009398	-0.0387977452	0.0724643725	0.0498795154	-0.0257640676	0.0572694978	0.0143042556	-0.0181546293	-0.0790817867	-0.0061069767	-0.0205424365	0.0301134469	-0.0122580102	0.0434138233	-0.0256854261	-0.0076173128	0.0715686095	-0.0798340493	0.0184829151	0.0260320303	0.0419749335	-0.0526859066	-0.0904261954	-0.0304722578	0.062403154	0.0878597406	0.04463873742813	0.0075911524148465	0.0019926168791775	5.7625594985431344e-05	-0.0249290076089039	0.0043616870844971	1.902431422306881e-05	0.0006214554203647	-0.0486712342759716	0.0330282406302017	0.0023688890459465	0.0010908646791265	-0.0014959742763328	0.0002270156659329	5.153611257895809e-08	2.2379390354494446e-06	-8.79576710279828e-05	-8.220828936922331e-06	7.736551892666845e-09	6.758202841013954e-11	0.0006119347253902	0.0003370025095797	3.744641081383795e-07	1.1357069146301581e-07	0.0	0.0	0.0	0.0	0.0	0.0	0.0	0.0	0.0	0.0	0.0	0.0	0.0	0.0	0.0	0.0	0.0	0.0	0.0	0.0	0.0
3936.677980976998	5.377817161348958	28.92091742089936	15497433.525909131	5241.151505482348	7.831928494610111	61.3391039446858	27469669.10341988	4551.060979441116	-0.4659042721123114	20712156.038591526	0.2170667907725027	4618.708441738407	3667.0032004712143	1.129524	23.26964	0.0688569409274882	0.0363466672356649	0.0424561076	-0.0795504138	0.0198002589	-0.0261235133	0.0099706778	-0.072254933	0.013573051	0.064843736	-0.0038408244	0.0375802678	0.0891019609	-0.0064279366	-0.0135013266	0.0266252913	0.0089827331	-0.1169831872	-0.0447942788	-0.0676721998	0.0053424829	0.0206464516	0.0545739093	0.0203899414	0.0544022538	-0.0664036572	0.0172188311	-0.0926509628	-0.0137745405	-0.0121471484	0.0392607938	-0.0084485134	0.0110515273	-0.0037033941	-0.0371775422	-0.0183208084	0.0806186417	-0.087355699	-0.0608574171	-0.0510444081	0.0075969104	-0.0170816339	0.0596746453	0.0412365476	0.0205153508	-0.0561402633	0.067687766	-0.0222735159	0.0385957339	0.048137868	0.0149150155	0.0691169092	0.0866382071	-0.0369840294	0.0223167753	0.0303184811	-0.006762085	-0.0560528335	-0.0829320379	0.0057936506	-0.0126383047	0.0199417903	-0.0929687564	0.0212831564	0.0297996297	-0.0678948362	0.0277036145	-0.0013318382	-0.0101104762	0.0237640097	0.0380739074	-0.0024351971	-0.0021381655	0.0409102371	-0.0546193134	-0.0898654396	-0.0259269352	0.0666271694	0.0856447597	0.0616268912502988	0.0169881538221687	0.0037978737251761	0.0002885973702856	-0.0102572865780814	0.0146717210308225	0.0002152593980062	0.0001052119279448	-0.0757202838068877	-0.027049049530916	0.0057335613797956	0.0007316510805259	-0.0014889210441256	7.053232207200003e-06	4.974808456868343e-11	2.216885875640067e-06	-0.0002469828059756	-0.0001590251349476	6.100050644758086e-08	2.528899354510785e-08	0.000648816689107	3.688196371679994e-05	4.209630960637695e-07	1.3602792476073471e-09	0.0	0.0	0.0	0.0	0.0	0.0	0.0	0.0	0.0	0.0	0.0	0.0	0.0	0.0	0.0	0.0	0.0	0.0	0.0	0.0	0.0
3933.785828916984	-2.8921520600138138	8.364543538242147	15474670.947788082	5259.7182339052615	18.56672842291391	344.7234043302393	27664635.900075484	4541.502525752773	-9.558453688342524	20625245.19141882	91.3640369121888	4612.464669812903	3800.327145519675	1.17649	24.237211	0.0321125125639325	0.0174362033725646	-0.0837455501	-0.0241060447	-0.0700472849	-0.0242758226	0.0695261747	0.0646090798	0.0106398376	-0.0538979424	0.0919140054	-0.0363996004	-0.0108637072	0.0245397998	0.0265345408	0.0332256581	-0.0451096707	0.098708792	0.0346736342	-0.0237441596	0.071294063	-0.099513986	-0.1001084148	-0.0807499842	0.0217318416	0.126061024	0.0187320136	-0.044176118	0.0272979395	-0.1099268558	0.1147713757	0.06442499	0.0152975208	0.0447817373	-0.0240021801	0.050916241	-0.0565242151	0.1068619164	-0.0021226956	0.0544473097	0.1135160785	0.0648791589	-0.1386704929	-0.0010121241	0.0462909202	-0.0413558243	-0.0648170747	0.1049061378	0.0277538159	0.0342632372	0.0176653149	-0.0094995466	-0.0516435788	-0.1227679926	-0.0003386877	-0.002277065	-0.028270859	0.0543392153	0.0670410078	-0.0415451371	-0.0060066276	0.0937862453	0.0557501905	0.0601817828	0.0190142059	-0.0456422429	-0.0026660364	0.0182902642	0.0349095669	-0.0229364359	0.0314841082	-0.0084108167	-0.051889115	0.0398385309	-0.0565152869	-0.0891661178	-0.0213105486	0.0705658771	0.0829017503	0.0600184981715585	-0.0016083930787402	0.0036022201227693	2.5869282957396965e-06	-0.0093692867288694	0.0008879998492119	7.885437322005343e-07	8.778353380776826e-05	-0.0622852957343624	0.0134349880725252	0.0038794580647169	0.0001804989045088	-0.0013943657501996	9.455529392599992e-05	8.940703609432242e-09	1.944255845329693e-06	-0.0004399271689186	-0.000192944362943	1.935359139527344e-07	3.7227527191480115e-08	0.0006126937147069	-3.612297440009997e-05	3.753935880413402e-07	1.304869279510278e-09	0.0	0.0	0.0	0.0	0.0	0.0	0.0	0.0	0.0	0.0	0.0	0.0	0.0	0.0	0.0	0.0	0.0	0.0	0.0	0.0	0.0
3928.6430159700008	-5.142812946983213	26.44852500765816	15434235.946929865	5233.278359714943	-26.439874190318733	699.0669471998826	27387202.39026072	4538.365738906497	-3.136786846275754	20596763.58008032	9.839431718968592	4607.549716933091	3679.2522543784594	1.316499	27.121565	0.0870984267490772	0.043422224369415	0.0515809633	0.0572620393	-0.0971222416	-0.0434942915	-0.0536184187	0.0484512282	0.0197887039	-0.0145755576	-0.051012314	-0.0032968022	0.0387810212	-0.0812482135	-0.0331615855	0.033956038	-0.0335938932	0.0349571838	-0.0620291908	0.0044566363	0.0988257176	-0.0274416029	-0.0456472607	0.0360895101	0.1310482301	0.0226870239	-0.006911582	0.0860989646	0.0075122024	-0.0610058794	0.1369048411	-0.039596119	-0.0114470782	-0.0787268926	-0.0661910671	0.0950510195	-0.0168080138	-0.0105534829	0.0463638458	-0.042885251	0.0414157515	0.0416988784	-0.0467146645	0.0680471396	0.1047523678	0.0579164555	-0.0404480973	-0.0143925359	-0.0674673087	0.0400245867	0.0335468359	-0.1042865965	0.0333869408	-0.0184566206	0.0644734437	-0.030508959	0.0559521838	0.0046229306	-0.0334279538	0.1027972136	-0.0386087253	-0.0626578172	-0.023501353	0.017778719	-0.0414057771	0.0382324585	0.1447826802	-0.0195317508	0.0560502439	0.0575786198	0.0040119696	-0.0142341367	0.0266629803	0.0387599986	-0.0583725276	-0.0883293083	-0.0166357513	0.0742024108	0.0796476241	0.0529122345934638	-0.0071062635780946	0.0027997045696737	5.049898204135527e-05	-0.0196053937818874	-0.010236107053018	0.0001047778876008	0.0003843714653428	-0.0723800946863519	-0.0100947989519894	0.0052388781068052	0.000101904965881	-0.0018150402581693	-0.0004206745079696	1.7696704165554917e-07	3.294371138775279e-06	0.000174088086327	0.0006140152552455	3.0306661800997e-08	3.770147336743192e-07	0.0004541583346027	-0.0001585353801041	2.0625979288909801e-07	2.5133466744783164e-08	0.0	0.0	0.0	0.0	0.0	0.0	0.0	0.0	0.0	0.0	0.0	0.0	0.0	0.0	0.0	0.0	0.0	0.0	0.0	0.0	0.0
3926.823390486773	-1.81962548322781	3.3110368992120414	15419941.940074034	5238.631185410898	5.352825695955289	28.652742931279224	27443256.696759596	4541.826815307424	3.461076400926686	20628190.82024558	11.979049853051622	4608.550516415052	3662.1428268097775	1.135271	23.38805	0.0929628547146923	0.0441237900915591	0.0720491785	-0.0617026583	0.0106483839	-0.0128559201	-0.0173054111	-7.53341e-05	-0.0015086671	0.0262898438	-0.0852168175	-0.0107768202	0.0120620869	0.0264224693	-0.0339004989	0.0849431983	0.0109889622	0.0163959246	0.0271532962	-0.0066180438	0.0010209625	0.0293030104	-0.0479405461	-0.0689466959	0.0869713578	-0.0892287434	-0.0558470995	0.0399892542	0.0453964107	0.0958634185	-0.0718160856	0.0741655777	-0.0425384968	0.0336457875	-0.0345561348	0.0643042884	0.0809292522	0.0319454739	0.0413773127	-0.0695517345	-0.0159866731	-0.0434956624	-0.0716951429	-0.0494269781	0.0543711687	-0.0443101755	0.0654925231	0.0377511573	-0.1195383285	0.0573817126	0.0117869676	0.0310645795	0.0887698934	0.0247155841	0.0265809477	-0.0746122617	-0.0467545887	0.0835053628	0.0666992097	-0.0010327787	0.0202763649	0.0954628977	-0.0296470342	0.0686414707	-0.0675550906	0.0048058939	0.0585450774	-0.0349799639	0.0954616418	0.0219106045	-0.024475669	0.0711143811	0.006275336	0.037674825	-0.0601897627	-0.0873563013	-0.0119153566	0.0775211985	0.0759024438	0.0612211965047322	0.0083089619112683	0.003748034901471	6.903884804290898e-05	-0.0177387751123774	0.00186661866951	3.4842652573632826e-06	0.0003146641424874	-0.1013379676419958	-0.0289578729556439	0.0102693836858101	0.0008385584061152	-0.0021158706155307	-0.0003008303573614	9.049890391018765e-08	4.476908461666263e-06	-0.000373722285796	-0.000547810372123	1.396683469005871e-07	3.000962038055397e-07	0.0006821056286837	0.0002279472940809	4.6526808868198565e-07	5.1959968878849874e-08	0.0	0.0	0.0	0.0	0.0	0.0	0.0	0.0	0.0	0.0	0.0	0.0	0.0	0.0	0.0	0.0	0.0	0.0	0.0	0.0	0.0
3928.2352335070536	1.4118430202806849	1.9933007139152863	15431032.049766216	5221.69807453397	-16.933110876928367	286.73024397034976	27266130.78159177	4538.324233065694	-3.502582241730124	20596386.84443132	12.268082360083222	4606.820681199495	3723.853055661001	1.03011	21.221596	0.0445144321407394	0.0237118651643375	-0.0193482442	-0.0855613434	0.0237073367	-0.0340136226	0.030525332	-0.0163971995	-0.0667677749	0.0499500948	-0.019340892	-0.0206691575	-0.0054251015	-0.0468960347	0.0365323345	0.0057503824	-0.0374393415	0.0007371743	-0.0040539302	-0.0329866256	-0.0937055657	0.0279433505	-0.0259117667	0.0242825412	0.0257070308	0.0341181634	0.0881988383	-0.0386395705	-0.028647983	-0.117616879	0.047416045	-0.0302177252	0.0503329919	-0.0273676227	-0.0036968983	0.0240963387	0.0028814488	0.0272575625	-0.0710748419	-0.0025239455	-0.0353198625	-0.0634715102	-0.0224452681	0.0027947488	0.0128457506	0.0614573747	-0.0926770383	-0.0611486705	0.0838627055	0.0512875666	-0.0485855884	0.0721775765	-0.0309630163	-0.0067914419	0.0533284996	-0.0835567466	0.0815703324	0.0033704046	0.0308283591	0.0685524907	-0.0141911116	-0.0965738468	-0.0757307784	-0.0366043143	-0.0951464809	0.0419597681	0.0802790478	-0.0334410322	0.0182018632	0.014490306	0.105292989	0.0387871385	-0.0135659682	0.036583196	-0.0619657467	-0.0862485974	-0.0071623028	0.0805080284	0.0716892996	0.0458022962549051	-0.015418900249827	0.002097850342222	0.0002377424849141	-0.0201356116094189	-0.0023968364970414	5.744825193550157e-06	0.0004054428548853	-0.1083220066858317	-0.0069840390438358	0.0117336571324453	4.8776801365824144e-05	-0.0020789637298285	3.690688570220013e-05	1.3621182122352643e-09	4.322090189942428e-06	-0.0001370837991772	0.0002366384866187	1.87919679968549e-08	5.5997773349235985e-08	0.000561357874004	-0.0001207477546796	3.151226627062908e-07	1.4580020260189004e-08	0.0	0.0	0.0	0.0	0.0	0.0	0.0	0.0	0.0	0.0	0.0	0.0	0.0	0.0	0.0	0.0	0.0	0.0	0.0	0.0	0.0
3934.3448846839033	6.109651176849638	37.32783750278017	15479069.671638396	5239.109050509296	17.410975975326437	303.1420844133944	27448263.643128417	4552.1085063855735	13.784273319879505	20721691.853907894	190.0061909571419	4623.839791359308	3772.611932999662	1.052114	21.674898	0.0601898746553542	0.0375770548061087	-0.0685374591	0.0252664971	-0.0696811175	-0.0594415039	0.0480349353	0.0647765618	-0.0237004592	-0.0202018758	0.0810922267	-0.0677042031	0.0133942027	0.081019686	-0.0591655299	0.0433846757	0.0161880761	-0.0079641035	-0.0375138011	0.0371518549	0.0535094849	-0.0492060894	-0.0055601525	-0.0264490983	-0.0116851515	0.0029246278	-0.1046118081	-0.0464495843	0.0992889978	0.0495127994	0.0464914382	0.0555937047	-0.0634626312	0.0604618568	-0.0690842008	-0.0359710586	0.0013794976	-0.0154054407	0.0260065617	0.0674677557	0.0201283457	0.0587907349	-0.0190420206	0.0423387592	0.0219503445	-0.0872262227	0.0270841455	0.0138597067	0.0002020553	0.0415745349	-0.0143992742	-0.0552516929	-0.0520175489	-0.055539386	0.0626636382	-0.0498364275	-0.1186162826	0.0540513541	0.0185629945	-0.0175404793	-0.009719045	0.041279909	-0.0891039951	0.0951789337	0.015347128	-0.0758245177	0.0062668548	-0.0742943515	0.0025423113	0.0005847615	0.0640379695	-0.0331473287	-0.0358364478	0.0354852986	-0.0636992625	-0.0850079043	-0.0023896175	0.0831501106	0.0670341672	0.0506595158487499	0.0048572195938447	0.0025663865460297	2.35925821828298e-05	-0.020655458193346	-0.0005198465839271	2.702404708206775e-07	0.000426647953177	-0.0743950075435293	0.0339269991423023	0.0055346171474017	0.0011510412708017	-0.0020238997547944	5.506397503409963e-05	3.032041346555947e-09	4.096170217456833e-06	-0.0002373337431804	-0.0001002499440032	5.6327305652020075e-08	1.0050051272644736e-08	0.0008237601416723	0.0002624022676682	6.785807710079677e-07	6.885495007746616e-08	0.0	0.0	0.0	0.0	0.0	0.0	0.0	0.0	0.0	0.0	0.0	0.0	0.0	0.0	0.0	0.0	0.0	0.0	0.0	0.0	0.0
3943.243959059265	8.899074375361579	79.19352473821708	15549172.920657383	5246.042551547666	6.933501038370196	48.07343664908058	27520962.452648748	4548.167119868017	-3.941386517556566	20685824.15024853	15.534527680776677	4615.86772384971	3647.1141021632848	1.277314	26.314312	0.1021592781716829	0.0558361982068025	0.0792592522	0.0073593172	0.0569700768	-0.0170533152	-0.0734468801	-0.0725566621	0.0498044012	-0.0200089913	0.0175286323	-0.0321737212	0.0388995678	-0.0865311634	0.0772312279	-0.0584245098	-0.0852043713	-0.0814107559	0.0655157557	-0.0090125397	0.0737517881	-0.0134757708	-0.0916458278	-0.1033051041	0.0723215764	0.0078627348	0.0074900095	-0.0512062517	-0.0012886169	0.0959329045	-0.0914323929	-0.0441992147	0.0764354478	-0.0492687375	0.1144553759	0.0676905654	0.0476520773	-0.0336794376	-0.0322544059	-0.0084140226	0.1042826589	-0.0047652778	-0.0726905556	0.053054781	-0.0551099924	-0.089290896	-0.0414693621	0.0204176152	-0.0141982249	0.0241712853	-0.0346750242	-0.0043000975	0.0644801181	0.0729063682	0.0276763621	-0.0626140946	0.0699698156	0.0301842093	0.1079403947	0.0210171345	0.0262631779	0.1027410615	0.0604285875	0.0984387507	0.0007369303	-0.021535407	0.0159181472	-0.0227783119	-0.0330262448	0.0399502164	0.0093935101	0.0809688546	-0.0176377182	0.034381321	-0.0653891221	-0.0836361352	0.0023896175	0.0854361313	0.0619657467	0.0612551622491253	0.0105956464003754	0.0037521949021666	0.0001122677226417	0.0015152644115801	0.0221707226049261	0.0004915409408245	2.2960262370011866e-06	-0.0773803397832608	-0.0029853322397314	0.0059877169849728	8.912208581580246e-06	-0.0030288387706501	-0.0010049390158556	1.0099024255890223e-06	9.173864298593209e-06	-0.0004585940824894	-0.000221260339309	2.1030853249429466e-07	4.8956137751133815e-08	0.000721807958304	-0.0001019521833682	5.21006728670989e-07	1.0394247693563451e-08	0.0	0.0	0.0	0.0	0.0	0.0	0.0	0.0	0.0	0.0	0.0	0.0	0.0	0.0	0.0	0.0	0.0	0.0	0.0	0.0	0.0
3953.4021872396106	10.15822818034576	103.1895997639707	15629388.854070935	5273.609796065319	27.5672445176524	759.9529702960361	27810960.281156093	4547.193926199114	-0.97319366890315	20676972.602462117	0.9471059171931738	4619.856269017821	3801.368099200688	1.203971	24.803358	0.0607958317755406	0.0294391597525964	-0.0459552	-0.0489570417	0.0770893611	0.0142329062	0.0896948977	-0.0919504537	0.0104512045	0.0151081612	0.0168428225	-0.0456482444	-0.0238548976	0.10080268	-0.0292301744	-0.045716688	-0.0493624815	-0.0396345136	0.0117083699	-0.0746690562	-0.0203794356	0.1098517509	-0.0124535194	-0.0266078786	-0.109439892	0.0205767845	-0.0229366878	0.0422681738	-0.0318567579	-0.0557812855	0.0147988146	-0.0303292076	-0.0436151976	0.0949129453	0.0147775168	-0.0508935853	-0.0027724485	-0.0404355454	-0.1488377111	0.0271234255	-0.0257917361	0.0657047237	-0.0394662697	-0.0336313055	-0.1242228669	0.0253585636	-0.010064264	-0.0270665522	0.0125018898	0.0066020967	-0.0879423964	0.065598293	-0.0250369235	0.0311924604	0.0178928547	0.0075134033	-0.0481994448	-0.0057964144	-0.0728957468	0.0388264001	-0.0017405668	-0.0789885974	0.0536722046	0.0570601222	0.1227521566	-0.0311695747	-0.0008164341	-1.52282e-05	-0.0122306615	-0.0205849545	0.0432656029	0.1027631555	0.0441052034	0.0332714524	-0.0670341672	-0.0821354052	0.0071623028	0.0873563013	0.0565152869	0.0662285819399244	0.004973419690799	0.0043862250657732	2.47349034208282e-05	-0.0232152809842176	-0.0247305453957977	0.0006115998755736	0.0005389492711761	-0.071688448492317	0.0056918912909438	0.0051392336472355	3.239762646792189e-05	-0.002754806509871	0.0002740322607791	7.509367994770474e-08	7.58895890682764e-06	-0.0006218982451478	-0.0001633041626584	3.867574273179132e-07	2.666824954156117e-08	0.0006511448737815	-7.06630845225e-05	4.2398964665192564e-07	4.993271514233978e-09	0.0	0.0	0.0	0.0	0.0	0.0	0.0	0.0	0.0	0.0	0.0	0.0	0.0	0.0	0.0	0.0	0.0	0.0	0.0	0.0	0.0
3950.202083172114	-3.2001040674967958	10.240666042809536	15604096.497897308	5282.959510513499	9.34971444817984	87.41716026250282	27909661.189725023	4558.949510480636	11.755584281521806	20784020.639111627	138.19376179996254	4636.833823535575	3855.8459012740086	1.108097	22.828226	0.0822867835074396	0.0391540404499575	-0.0912219713	0.0674466682	-0.0212163708	0.0119648176	0.0410110911	0.1273123011	0.0916703253	-0.0520637334	0.0903647897	-0.0344767907	-0.0291797672	0.0628468501	0.0687270345	-0.0294264511	0.136113581	0.0614252238	-0.0639118452	0.1259125959	-0.0313096002	-0.0103177572	0.0196262451	0.036008741	-0.0082393757	0.0009401137	-0.0483393795	-0.0521909798	0.0129142778	-0.0048501119	0.0264087905	-0.1362230785	0.0358259893	0.0457734664	-0.0119205615	-0.1169154526	-0.0895726184	0.0187636485	0.1359434945	0.0230501418	-0.0929653307	0.0014345203	0.0240135634	0.0561258675	0.0102619649	-0.028407701	0.0497350973	0.053866468	0.0103191369	-0.0185890781	-0.0628742515	-0.0778467777	-0.0747746057	-0.0083594769	-0.0418539532	0.0592453223	0.0100466771	-0.0287295027	0.0869079977	-0.0016663787	0.0361803538	0.066890987	-0.028734768	0.0110304235	0.0824417782	-0.0338740152	-0.0757532228	0.076564568	0.0156685938	-0.023998881	0.0188794354	0.0512759997	-0.0575916355	0.0321558829	-0.0686332704	-0.0805080284	0.0119153566	0.0889023983	0.0507163915	0.0516743959078951	-0.0145541860320293	0.0026702431924458	0.0002118243310549	-0.0254772011433317	-0.002261920159114	5.116282806206744e-06	0.0006490877780977	-0.0465645021526057	0.0251239463397112	0.00216825286072	0.0006312126796806	-0.002240880935255	0.0005139255746159	2.641194962443857e-07	5.021547365989323e-06	-0.0004750663019299	0.0001468319432179	2.256879912293509e-07	2.1559619549144625e-08	0.0005049677720837	-0.0001461771016978	2.549924508431756e-07	2.1367745060768987e-08	0.0	0.0	0.0	0.0	0.0	0.0	0.0	0.0	0.0	0.0	0.0	0.0	0.0	0.0	0.0	0.0	0.0	0.0	0.0	0.0	0.0
3934.623380253494	-15.57870291861991	242.6959846266165	15481261.14443743	5228.250557042376	-54.708953471122186	2993.069589905412	27334603.88721392	4537.361612117423	-21.587898363212844	20587650.399116818	466.0373557404078	4610.534423697149	3682.095754163018	1.33839	27.572561	0.0600285612566564	0.0309197099391462	0.0785294786	-0.0108769891	0.0426514622	0.0003906542	-0.0439528731	0.030013626	0.0036831207	0.0116558405	-0.0838781692	0.007556986	0.122898229	-0.0647591418	-0.0859822421	0.0697622087	0.0124781859	0.0255013124	-0.0467324688	0.0277042116	0.0085632312	0.0523893699	0.051418418	0.0001400601	0.041901365	-0.0117912366	0.0244384264	-0.0025863971	0.0033358523	0.1871066997	0.0124115786	-0.0305990957	-0.0561805086	-0.0748850874	-0.0713215385	0.0602890908	0.0338932927	-0.0182539381	0.0490005128	-0.1096374523	-0.0190306659	-0.042005186	0.0326246779	-0.0278695871	-0.0019323307	-0.0096740716	0.0253122136	0.1047254076	0.0136114841	0.0127065811	0.0009610683	-0.0113610062	0.1004707165	0.0298445125	0.0179755629	0.0303435355	0.022472849	-0.0600713038	-0.0795529249	-0.0570703514	0.0047814379	0.0638135933	0.0710411808	0.0065231398	0.0390679026	0.0065584927	-0.062128575	0.0221557359	0.0361519039	-0.0115359532	-0.0284390241	0.0395543495	-0.0195140082	0.0310348036	-0.0701853358	-0.0787565141	0.0166357513	0.0900678015	0.0446048127	0.0439244867288834	-0.0077499091790117	0.0019293605343958	6.006109228292981e-05	-0.0159471502985866	0.009530050844745	9.082186910342676e-05	0.0002543116026457	-0.0480478211047454	-0.0014833189521396	0.0023085931129136	2.200235113776811e-06	-0.0026819735508581	-0.000441092615603	1.9456269553958402e-07	7.1929821275024045e-06	-0.0001232208037653	0.0003518454981646	1.5183366480566573e-08	1.2379525457869558e-07	0.0005373353039312	3.236753184750001e-05	2.887292288508351e-07	1.0476571178989274e-09	0.0	0.0	0.0	0.0	0.0	0.0	0.0	0.0	0.0	0.0	0.0	0.0	0.0	0.0	0.0	0.0	0.0	0.0	0.0	0.0	0.0
3938.2030281825096	3.579647929015664	12.813879295706132	15509443.091185888	5247.178454435324	18.92789739294767	358.2652997179552	27532881.732690275	4542.4769567619605	5.1153446445378	20634096.902713403	26.166750832401547	4613.5311203330375	3769.145767881578	1.154509	23.784369	0.0737747747458014	0.0365397983272084	-0.0604845314	-0.0544139776	0.0500063651	-0.0212086576	0.0778317734	-0.0120278309	-0.0583989526	0.0287919769	-0.0023961983	0.0291634607	-0.0604365318	0.0653674911	0.0029458796	-0.0044378238	-0.0228068902	0.1081510274	0.0472224382	-0.0612986668	-0.0432641459	-0.0502065526	-0.0758950633	0.0268241121	-0.0198784594	0.0826085262	0.0109382977	-0.0083643162	0.0209838404	-0.0562211141	-0.024221208	-0.0253892416	-0.0196600976	0.0724045003	-0.0115152433	-0.0035613921	-0.0714063585	0.1171965832	-0.0610783147	0.0287767156	0.031370249	-0.0286036495	-0.037574965	-0.0098054583	0.0107081413	0.0627751348	-0.0589974057	-0.0039277407	0.0096248722	-0.0050812202	-0.0469694156	0.0652530949	-0.0495237749	-0.0287283628	-0.0493601099	0.0768705301	-0.030158965	0.016728354	0.0282841023	-0.0228150669	-0.0316798357	-0.0424293819	0.1024917282	-0.0022352312	0.0487029793	-0.0029583269	-0.0729870971	0.0033434466	4.74085e-05	0.0068086499	-0.0687549443	0.0959944493	0.0767726399	0.0299084066	-0.0716892996	-0.0768835629	0.0213105486	0.0908475206	0.0382182304	0.0210176130549939	-0.0229068736738894	0.0004417400585294	0.0005247248615115	-0.0110587587417683	0.0048883915568183	2.3896372012772448e-05	0.0001222961449086	-0.0537811377112191	-0.0057333166064737	0.0028924107735131	3.28709193100671e-05	-0.0022139401150541	0.0004680334358039	2.1905529703049678e-07	4.901530833045762e-06	-0.0003119314235304	-0.000188710619765	9.730121298570176e-08	3.561169801212814e-08	0.0003891555013279	-0.0001481798026032	1.5144200421376917e-07	2.1957253899552944e-08	0.0	0.0	0.0	0.0	0.0	0.0	0.0	0.0	0.0	0.0	0.0	0.0	0.0	0.0	0.0	0.0	0.0	0.0	0.0	0.0	0.0
3934.2608766995486	-3.942151482960981	15.540558314611458	15478408.6459287	5230.565217223349	-16.613237211975502	275.9996506613675	27358812.491626736	4547.577791869924	5.100835107963576	20680463.77310853	26.018518798633785	4617.242574274284	3626.98119825405	1.283586	26.443529	0.0633236449483029	0.0304320631964151	0.0758118979	0.0403958808	-0.0647170049	-0.0381338005	-0.0942188052	0.0287607522	0.0195734586	0.004844371	-0.0363878565	0.0398294788	0.0485763525	-0.0295696279	0.029928106	-0.0286862891	-0.0003664465	0.0304686298	-0.06832509	0.0135182213	0.1091859778	0.0149120473	-0.0586115775	0.0847882785	0.0308332679	-0.0458680221	0.016997069	0.0265627003	-0.0556394102	-0.1059593534	-0.0029256273	-0.0077880302	0.0290324499	-0.0198667009	0.0019850922	0.057679568	-0.0488724942	-0.0334691771	0.0687528816	-0.0592979425	0.0211335751	0.0388627976	-0.0147693304	0.075599145	0.0066055903	0.100407371	-0.0106208231	-0.112164283	-0.0337024313	0.0044832705	0.0455755746	-0.0850883884	0.0322478464	-0.0097013125	0.0301987922	0.0430063767	0.0618788873	-0.0458169887	-0.0440579836	-0.0246350586	-0.0754507185	-0.0621587137	0.0397256014	-0.0158489057	0.0317554751	0.0522766044	-0.0581868643	0.027450315	0.0389141424	0.1033026521	-0.0335922591	0.0378785675	-0.031507629	0.0287768851	-0.0731441312	-0.0748920628	0.0259269352	0.0912382167	0.0315960199	0.0397433519727741	0.0187257389177802	0.0015795340260318	0.0003506532980168	-0.0158826725283063	-0.0048239137865379	2.3270144219951373e-05	0.0002522592866414	-0.0464000193050893	0.0073811184061297	0.0021529617915126	5.448090892530805e-05	-0.0025859548584731	-0.0003720147434189	1.3839496932110432e-07	6.687162530060631e-06	-0.0001846955030808	0.0001272359204496	3.41124288582698e-08	1.6188979452656935e-08	0.0005377623142164	0.0001486068128884	2.891883065913781e-07	2.208398483687764e-08	0.0	0.0	0.0	0.0	0.0	0.0	0.0	0.0	0.0	0.0	0.0	0.0	0.0	0.0	0.0	0.0	0.0	0.0	0.0	0.0	0.0
3941.548726386469	7.287849686920254	53.11275305914364	15535806.362478796	5260.987303914903	30.4220866915548	925.5033586684756	27677987.411953803	4552.118535496731	4.540743626806943	20721783.161212903	20.618352684387872	4622.909111972531	3745.029461516856	1.251561	25.783762	0.0694534593094838	0.0347736973669048	-0.0404783181	-0.1011928183	-0.0010244879	-0.0107499781	0.1020448469	-0.0452795682	-0.0069197861	0.0160532838	-0.0327704602	0.033761908	0.0402414741	0.0871910593	-0.0397382545	0.0177165041	0.042652045	-0.0399450402	-0.0174515566	-0.1036070184	0.012545566	-0.0568420705	-0.0153086089	0.0587120284	-0.0023607764	-0.0185168401	-0.0561358758	-0.0376729879	0.0091482667	-0.0115176056	0.0639080522	-0.0240833204	-0.0373243034	0.0664685679	-0.0615565298	-0.0943434428	0.0193977374	0.0005675601	-0.0694322819	-0.0039051592	0.0386918724	0.0083881278	0.041891742	0.0209583781	0.0531074557	0.0182035973	0.0297847635	-0.0805893475	-0.0220604177	0.0213348639	-0.0048845981	0.0784910112	-0.0234552019	-0.0482276474	-0.0435987553	0.1009798716	-0.0519013832	0.0144196822	-0.0085562532	-0.0027438688	-0.0326610793	-0.0244857492	0.0591853644	-0.0084670152	0.0468088283	-0.0001145148	0.0060739402	0.0234035379	-0.0086447382	0.0224726692	0.0340612056	0.0914568276	0.0797622042	0.0276404327	-0.0745488335	-0.0727850846	0.0304722578	0.0912382167	0.0247790096	0.046847172641776	0.0071038206690018	0.0021946575845283	5.046426809733859e-05	-0.0249302480232245	-0.0090475754949182	8.185862233624435e-05	0.0006215172664994	-0.0693538179024031	-0.0229537985973137	0.0048099520576396	0.000526876870046	-0.0021719251807396	0.0004140296777335	1.71420574044106e-07	4.717258990730743e-06	-0.0003200217476617	-0.0001353262445809	1.0241391897644878e-07	1.8313192472369567e-08	0.0004801529455658	-5.760936865059998e-05	2.305468511355141e-07	3.3188393563207318e-09	0.0	0.0	0.0	0.0	0.0	0.0	0.0	0.0	0.0	0.0	0.0	0.0	0.0	0.0	0.0	0.0	0.0	0.0	0.0	0.0	0.0
3936.8104239084737	-4.738302477995148	22.45151037297496	15498476.313794415	5250.363478262213	-10.623825652690355	112.86567149876169	27566316.653869685	4550.171474547469	-1.947060949261868	20704060.44778549	3.7910463401405257	4624.01579003068	3634.414481734034	1.275787	26.282848	0.0849363494632634	0.0367255659508382	0.076999495	0.0289791883	-0.0678805691	-0.0184919532	-0.0792450844	0.0253753093	0.0585381727	-0.0095747692	-0.034521691	0.064840573	0.0143103384	-0.0176420606	0.074522705	-0.0180577949	-0.0173074299	-0.0902451952	-0.0658490041	0.036671314	0.0478212806	-0.0232366071	-0.0184158953	-0.0246694166	0.0078386498	-0.0376442188	-0.0410032573	0.0077445815	-0.0533941182	-0.0046132518	-0.0392320185	0.089529772	0.0808164543	-0.015050359	0.0248981935	0.0114837131	0.0179061815	-0.1164885732	0.0648008243	0.0027360177	0.0217792327	0.0095501831	-0.0100681635	0.0203076465	0.0035447809	0.0073984566	-0.033729545	-0.1171208078	-0.0310217178	0.0243196148	0.0604810342	-0.0835691822	0.0400042484	-0.0353160335	0.0241769574	0.0526132662	0.1030209122	-0.0048130258	0.0365747176	0.0134462425	-0.082011806	-0.0190843777	0.0446438672	0.0287814697	0.0388622811	-0.0045721411	0.0255714311	0.0233378524	0.0650878898	0.0562511752	-0.0656827442	-0.0333135357	-0.0666140786	0.0264992443	-0.0759024438	-0.0705658771	0.034934058	0.0908475206	0.0178092284	0.0576006149834	0.010753442341624	0.0033178308464658	0.0001156365221946	-0.011834025187511	0.0130962228357135	0.0001715110525626	0.0001400441521386	-0.063313282540264	0.006040535362139	0.0040085717460232	3.64880674612529e-05	-0.0024649997427814	-0.0002930745620418	8.5892698915993e-08	6.076223731912368e-06	-6.69087146898395e-05	0.0002531130329718	4.476776101446344e-09	6.406620746021416e-08	-7.458243789627665e-05	-0.000554735383462	5.562540042551964e-09	3.077313456648173e-07	0.0	0.0	0.0	0.0	0.0	0.0	0.0	0.0	0.0	0.0	0.0	0.0	0.0	0.0	0.0	0.0	0.0	0.0	0.0	0.0	0.0
3936.374829434618	-0.4355944738558719	0.1897425456537738	15495046.797806416	5256.690678463707	6.327200201493724	40.03346238978222	27632796.889047224	4545.096665758716	-5.0748087887532165	20657903.701091	25.753684242406887	4611.421747166712	3757.890650495093	1.273593	26.237646	0.0810580136563434	0.0425115221316138	-0.0385041742	-0.0940442998	0.0092693426	0.0115540804	0.0705128518	-0.0451234671	-0.0216376823	-0.0070518479	-0.0569697969	0.0485477628	0.0296978916	0.1038633795	-0.0449766727	0.0162635235	-0.0202849913	-0.0568947965	-0.0071212534	-0.0596094301	-0.0328008608	0.1406740975	-0.0396482716	-0.0297372416	-0.102290249	0.008476973	0.0330278418	0.0752767801	0.0754759629	-0.0468986547	-0.0978712433	0.0850036817	-0.0655846557	0.0974775357	-0.0045755019	-0.0098673354	0.0538333538	-0.0443096334	-0.1017929616	-0.0241976494	-0.0933653921	0.0646664268	-0.075034648	-0.0721394094	-0.0195954398	0.0746683453	0.0090962569	-0.0021335501	0.0356184889	0.0420514523	0.0006971602	0.08884933	-0.0225480399	-0.0155474475	0.0604527102	-0.014731601	-0.048739357	0.0356443909	-0.0410155835	-0.0097973645	-0.0909325722	-0.0719517916	0.0007737223	0.0046410879	0.0564630653	-0.0520588069	0.0664574096	-0.0237980448	-0.0003221322	-0.0380800537	0.0743351156	0.099988564	0.0057593765	0.0253535154	-0.0772040342	-0.0682378621	0.0393001065	0.0900678015	0.0107296473	0.0474356441166037	-0.0101649708667963	0.002250140332757	0.0001033266327228	-0.0178015773782647	-0.0059675521907537	3.5611679149369286e-05	0.0003168961571543	-0.1000247687603206	-0.0367114862200566	0.0100049543655556	0.0013477332204854	-0.0024049722741051	6.002746867629985e-05	3.6032969956841595e-09	5.7838916392142575e-06	-0.0002158377231518	-0.0001489290084619	4.658592273535306e-08	2.2179849561462703e-08	0.0002807411725402	0.0003553236104364	7.881560595924634e-08	1.2625486813361305e-07	0.0	0.0	0.0	0.0	0.0	0.0	0.0	0.0	0.0	0.0	0.0	0.0	0.0	0.0	0.0	0.0	0.0	0.0	0.0	0.0	0.0
3933.8040535756354	-2.5707758589824152	6.608888517126775	15474814.3319281	5252.720589553253	-3.9700889104533417	15.7616059569046	27591073.59191668	4539.601468480711	-5.495197278004525	20607981.492632236	30.197193124188345	4611.567350592224	3711.274988539167	1.320386	27.201645	0.0662143541938957	0.0310517886075834	0.0321433091	0.0844837465	-0.0844847333	0.0346157881	-0.0361734376	0.0416316157	0.030210787	-0.0690398868	0.0294291862	-0.0388760327	0.0214473284	-0.0347403155	0.1081138945	-0.0289091469	-0.0926257268	-0.0812211886	-0.0461996088	0.1029121797	-0.0332213697	-0.0293852067	0.0918299955	-0.0157401021	-0.0160228979	0.0551258326	0.0238522376	0.0163737758	0.0652488499	0.0354678458	0.0502436778	0.108658648	0.1090832428	-0.0146237638	0.079754933	0.0589651368	0.0136616501	-0.0990068956	0.0204673013	0.1034891865	-0.0505221865	0.0426327115	0.041172757	-0.0241047077	0.1039862247	-0.0296358823	-0.0766507101	0.0284788001	0.0539457384	0.021484751	0.0272927598	-0.0820340258	-0.0471673951	0.0478694052	0.0532247213	-0.0519954366	0.0211189015	0.0513717739	0.1470238	-0.0104169295	-0.1227098177	-0.0414815446	-0.0576996351	0.0318212944	-0.026968792	-0.0817691169	0.0661153497	-0.0292097014	-0.0348784502	-0.0196002542	-0.0626599832	-0.0430818659	-0.0495027943	0.0242034423	-0.0784527129	-0.0658046293	0.0435584361	0.0889023983	0.0035839144	0.037388633776402	-0.0100470103402016	0.0013979099356659	0.0001009424167761	-0.0167881562231144	0.0010134211551502	1.027022437706167e-06	0.0002818421893716	-0.0904882266785662	0.0095365420817544	0.0081881191674315	9.094563487707262e-05	-0.0021109990156729	0.0002939732584322	8.642027667324505e-08	4.456316844171953e-06	0.0001579621634113	0.0003737998865631	2.4952045069578243e-08	1.3972635519458645e-07	3.616670519971375e-05	-0.0002445744673404	1.3080305650030012e-09	5.981667007488259e-08	0.0	0.0	0.0	0.0	0.0	0.0	0.0	0.0	0.0	0.0	0.0	0.0	0.0	0.0	0.0	0.0	0.0	0.0	0.0	0.0	0.0
3932.621265839593	-1.1827877360424282	1.3989868285323728	15465510.020533802	5252.649145971371	-0.0714435818827041	0.0051041853922306	27590323.050673768	4543.275382499876	3.67391401916484	20641351.2012294	13.49764422021595	4613.47830134707	3714.168887458251	1.218858	25.110041	0.0911289648646195	0.0472455168807238	0.0353435509	-0.0660216103	0.0397709352	0.0402484232	-0.0147805234	-0.0358363197	0.0140509427	0.0436894884	-0.0955097658	-0.0085294469	-0.006441853	-0.0060893895	0.0334136747	-0.0586367583	-0.0734485441	0.0096589491	-0.0229342796	-0.0777769446	0.0666208006	0.0943915546	-0.0018078303	0.0205636319	-0.0188301756	-0.0597119446	0.1032744609	-0.1024224714	0.01319761	0.0488572948	0.1392711784	-0.0186316476	0.0319158738	0.0127228166	0.0409903358	0.072874334	-0.0262701127	-0.0509700055	-0.0611769978	-0.099390851	0.0127541001	0.0150010802	-0.0027737848	-0.0012425538	-0.0675735789	0.0260889206	0.0888235811	0.0238074936	0.0895440154	0.044903913	-0.0036884925	0.0703639587	0.0260498395	0.0897318795	0.0808386314	-0.0641740853	-0.0146365117	-0.0251660029	-0.0425233045	-0.0204032601	-0.0073679697	0.0439054859	-0.1451152837	-0.0032223621	-0.0930105169	0.038119969	0.0834623371	-0.0228381658	0.0221802044	0.0246636858	0.0267506438	-0.0657653288	0.1229217976	0.0230492221	-0.0796476241	-0.0632699305	0.047697375	0.0873563013	-0.0035839144	0.0504308701345195	0.0130422363581175	0.0025432726625247	0.000170099929221	-0.0137629330574213	0.0030252231656931	9.151975202246184e-06	0.000189418326343	-0.1242639030785852	-0.033775676400019	0.015441517608324	0.0011407963162788	-0.0027620139386858	-0.0006510149230128	4.2382042998549177e-07	7.628720997494645e-06	0.0003039108191378	0.0001459486557265	9.23617859890086e-08	2.1301010108372433e-08	6.491970527611234e-05	2.875300007639859e-05	4.214568133137288e-09	8.267350133933773e-10	0.0	0.0	0.0	0.0	0.0	0.0	0.0	0.0	0.0	0.0	0.0	0.0	0.0	0.0	0.0	0.0	0.0	0.0	0.0	0.0	0.0
3934.172851808733	1.5515859691399785	2.4074190196320457	15477716.027908858	5253.206842736353	0.5576967649822109	0.3110256816716233	27596182.13257204	4558.141543912812	14.86616141293598	20776654.33434388	221.0027551554667	4628.188880625713	3827.4583681399545	1.16361	23.971861	0.1300854308929485	0.0725662946910497	-0.0908121708	0.0214658536	-0.0039594416	0.0155718188	0.0596813787	0.0372464083	-0.0642053585	-0.0762753677	0.0202209901	-0.0087976666	0.0262925705	0.0694071195	0.0550461634	-0.0455458149	0.0915294723	0.0367273166	0.0338631449	0.0230695563	-0.0188939286	-0.0216758028	0.0163208433	0.0163351575	0.0091964056	0.0026722411	-0.0345150777	-0.0767049439	0.0377842192	-0.0532562532	-0.0113461942	-0.0240809084	0.0099637976	0.0643386917	0.0441256909	-0.0708927221	-0.0477114616	0.0771041371	0.0401123961	0.0076924322	-0.0443812422	0.033504466	0.0104886756	0.0407930127	0.0623681495	-0.0515316233	0.021864076	0.0216157517	-0.0072401465	-0.0119390532	-0.0393471381	0.0033025157	-0.1065515507	0.0226789143	0.0053206805	-0.0346013265	-0.0520055203	0.0610054363	0.0835344592	-0.0514179067	0.0170393526	0.0752321071	0.0011531387	0.0091579659	-0.0815324197	0.0677478512	-0.0130595855	-0.0501085866	0.0265163254	0.0505840593	0.0538744295	-0.1057601285	0.017945365	0.0218910524	-0.0807879487	-0.060637674	0.0517055788	0.0854361313	-0.0107296473	0.0522316592071803	0.0018007890726607	0.002728146223535	3.2428412842145373e-06	-0.0103076964754222	0.0034552365819991	1.1938659837584826e-05	0.0001062486066294	-0.0634506654464459	0.0608132376321393	0.0040259869455968	0.003698249871303	-0.0024389437294687	0.000323070209217	1.043743600835806e-07	5.948446515514692e-06	-0.0002520691610363	-0.0005559799801741	6.353886194554416e-08	3.0911373835439266e-07	0.0004661928680079	0.0004012731627317	2.173357901814313e-07	1.6102015112877179e-07	0.0	0.0	0.0	0.0	0.0	0.0	0.0	0.0	0.0	0.0	0.0	0.0	0.0	0.0	0.0	0.0	0.0	0.0	0.0	0.0	0.0
3935.318278964369	1.1454271556358435	1.3120033688680188	15486729.956751082	5230.829998547518	-22.376844188835094	500.7231558514029	27361582.473704625	4541.358493617522	-16.783050295290195	20623936.96755201	281.6707772142404	4612.692189359869	3679.375402659832	1.203033	24.784031	0.0277993543702382	0.0184225165746975	0.0512224463	-0.0054504255	0.0575972228	0.0090505921	-0.0814894128	-0.0459934699	0.0096535556	0.0183125234	-0.0282317523	-0.0387898572	0.0936434671	-0.0934839205	-0.0659430634	0.0042786064	-0.0288868292	-0.061350597	0.041106951	-0.0457743887	-0.0027042836	-0.0777586016	-0.0388905142	0.0319943507	0.0506912606	-0.0950736947	0.0625621439	-0.0545793421	0.0078081242	0.0106957814	-0.0636524843	0.0097493819	-0.0270952606	-0.090382866	0.013869554	0.0444541859	0.0624731796	-0.0140147435	-0.0180250595	-0.0408157156	0.1003610165	-0.1007742681	0.0407072835	0.0435093493	-0.0043410733	-0.0168262203	0.0359986134	-0.0051314348	0.0293425747	0.0062427278	-0.0159089541	0.0308034817	0.0363387468	0.1000148604	0.0553729966	-0.0119509957	0.0464823919	-0.0807109344	-0.0223104221	-0.0680473301	0.0310039041	0.0386090953	-0.0535497733	-0.0247747114	-0.0077091524	0.0255921489	0.0104314235	-0.0709410164	-0.1076237425	0.0709537939	0.0320486794	-0.0797757896	0.0282073922	0.0207291319	-0.0818729053	-0.0579119187	0.0555720611	0.0831501106	-0.0178092284	0.051693724587551	-0.0005379346196293	0.0026722411617335	2.89373654995723e-07	-0.012224268821825	-0.0019165723464028	3.673249558995937e-06	0.0001494327482282	-0.0649024359275571	-0.0014517704811111	0.0042123261893306	2.107637529825838e-06	-0.0027819516974693	-0.0003430079680006	1.1765446611190065e-07	7.73925524705232e-06	-0.0001932548021494	5.881435888690001e-05	3.7347418553803744e-08	3.459128811277074e-09	0.0005422320795823	7.603921157439995e-05	2.940156281281457e-07	5.781961696856359e-09	0.0	0.0	0.0	0.0	0.0	0.0	0.0	0.0	0.0	0.0	0.0	0.0	0.0	0.0	0.0	0.0	0.0	0.0	0.0	0.0	0.0
3948.893632430128	13.575353465759235	184.29022172030128	15593760.920247212	5286.31246755093	55.48246900341201	3078.304366714574	27945099.5045844	4546.155877791947	4.797384174425133	20667533.26518227	23.01489491702472	4620.957933417717	3794.729948372677	1.155225	23.799112	0.0465607965160433	0.0227412712369701	-0.0772686623	0.0130986167	-0.010679872	0.0220394502	0.0891931366	-0.0358026284	0.0422824329	-0.0372059871	0.1201135883	-0.0359363047	-0.048349506	0.0117062585	0.0316421973	-0.0223359242	0.0305577034	0.1200300589	0.0562918107	0.0027135902	0.0005857536	-0.0328656483	-0.0811954409	-0.0205184259	-0.1021428945	0.0702554388	-0.0134554457	0.0262936174	0.0233963901	-4.27819e-05	0.0430653073	0.0156396881	0.0122053083	0.01388048	0.0094096578	-0.049381781	-0.087701837	0.1443405058	-0.0188242713	0.0635396403	0.032362596	0.0730887504	-0.083939067	0.0312546117	-0.0511591087	-0.0124474263	0.004398081	0.0608975262	0.0019894427	-0.0036981015	-0.0274668242	0.0054355003	-0.0984269209	0.0338608366	0.0227567354	0.0128655492	-0.1038444242	0.0366426032	0.0300152302	-0.0522006607	0.017067684	0.0640679713	0.0396674307	0.042361942	0.0174214228	-0.0345991267	-0.031481832	-0.0356434689	-0.0710655289	0.0546423999	0.0701087359	-0.0607586063	-0.0816051642	0.0195636596	-0.0829017503	-0.0550968674	0.0592862243	0.0805080284	-0.0247790096	0.0391604103073888	-0.0125333142801621	0.001533537735443	0.0001570839668453	-0.0047546523580592	0.0074696164637658	5.5795170115761095e-05	2.2606719045997914e-05	-0.0728637469338124	-0.0079613110062553	0.0053091256172346	6.338247293832179e-05	-0.0025179362530329	0.0002640154444364	6.970415490094997e-08	6.34000297433736e-06	-0.0002521215456008	-5.88667434514e-05	6.356527375613629e-08	3.4652934845729447e-09	0.0004931831721529	-4.9048907429399954e-05	2.43229641294797e-07	2.405795320017846e-09	0.0	0.0	0.0	0.0	0.0	0.0	0.0	0.0	0.0	0.0	0.0	0.0	0.0	0.0	0.0	0.0	0.0	0.0	0.0	0.0	0.0
3947.249464627435	-1.6441678026931186	2.703287763412717	15580778.336001571	5246.214051838163	-40.09841571276684	1607.8829426738664	27522761.8777042	4555.017755330081	8.86187753813374	20748186.75137229	78.53287350087932	4625.272041942941	3655.784985676828	1.332536	27.451967	0.0396516511068717	0.0221464677361272	0.094008696	0.0499669541	-0.0090611679	0.0208840723	-0.0774945069	-0.0429317116	0.0527023859	0.0129907006	0.0018242719	0.0050563602	0.1190683502	-0.052345126	-0.042822592	-0.0373141341	0.0973782517	0.0147004187	-0.0483350451	0.0234641787	0.0564849233	0.0596500826	-0.1007750139	0.0125134744	0.0327552279	-0.0067819429	0.0708841183	0.1063246721	-0.0454075958	0.0532157337	-0.1181492652	0.0713965031	-0.0257811528	-0.0665543805	-0.0127835998	-0.0260543975	-0.0222779953	-0.0359464737	0.0646639066	-0.1254514804	0.0086771139	0.0096799259	-0.0380162603	0.0488240342	-0.0503465531	0.1031582182	-0.0108396168	-0.0143445097	-0.046648125	0.0181054564	0.0088576743	-0.0655817773	0.0138936233	0.1232259047	0.0325954312	0.0257735682	0.0787769099	-0.0641986449	0.0332041683	-0.0283918691	-0.0312850658	-0.0212015024	0.1537466003	-0.0068834257	0.0103581107	-0.0178613588	0.0108778169	0.0356477411	-0.0316813773	-0.0229388033	0.0901036158	-0.0088682834	-0.0764103198	0.0183948351	-0.0838737786	-0.0521968607	0.0628378881	0.0775211985	-0.0315960199	0.0393711428033185	0.0002107324959296	0.0015500868856392	4.440818484076031e-08	-0.0046621467627261	9.25055953331002e-05	8.557285167931288e-09	2.1735612437197454e-05	-0.0868709082704413	-0.0140071613366289	0.0075465547037314	0.0001962005687103	-0.0027919710578536	-0.0002740348048206	7.50950742531191e-08	7.79510238789215e-06	-0.000251365352567	7.561930338000219e-07	6.318454047113221e-08	5.718279043676809e-13	0.0002611491364278	-0.0002320340357251	6.81988714569857e-08	5.3839793734876985e-08	0.0	0.0	0.0	0.0	0.0	0.0	0.0	0.0	0.0	0.0	0.0	0.0	0.0	0.0	0.0	0.0	0.0	0.0	0.0	0.0	0.0
3939.165648312116	-8.083816315318927	65.34808621981648	15517026.004842212	5236.672480715981	-9.541571122182177	91.04157947966084	27422738.670288064	4540.341439756463	-14.676315573618012	20614700.38956979	215.3942388164226	4615.66441181494	3732.261038035808	1.178382	24.276188	0.0360477836427505	0.0196093993354043	0.0415240962	-0.0354798259	0.0606118608	0.0623623769	-0.0068940683	0.0436023022	-0.0418197803	0.0598159193	-0.0244039593	0.0483492833	-0.0513187133	0.1093402252	-0.0318461871	0.0351806324	-0.0144279521	-0.0247348842	0.0083542676	0.0308417416	-0.0807975296	-0.0508477758	-0.0519244536	0.058725312	0.0083512009	-0.0056303243	0.0941171718	0.0794810731	-0.0328152609	0.1445604819	0.0920458959	-0.0750638738	-0.0364179457	0.1010870195	-0.0230949959	-0.0071042231	0.0238232486	-0.0207721042	0.0194384914	0.0175186322	0.0224055049	-0.1488553115	0.0082244596	0.0178510432	-0.007787568	0.0850113821	0.0426192391	0.1234087908	-0.0186437429	0.0107234822	-0.0095189535	0.062873699	0.0368248063	0.1006129999	-0.004472614	0.050727529	-0.0685746325	-0.0124249431	-0.0091404272	-0.082852853	0.0631739468	0.0215144429	-0.0437078783	-0.0635533984	0.0226111407	-0.0450995356	-0.0631079157	0.090042587	0.0012223232	0.0558441967	-0.0724361757	-0.0100348407	0.0372003223	0.0172228587	-0.084788324	-0.0492163702	0.0662173176	0.0742024108	-0.0382182304	0.048914676412906	0.0095435336095874	0.0023926455685793	9.10790337573262e-05	-0.0036059991970631	0.0010561475656629	1.1154476804558809e-06	1.3003230209219725e-05	-0.1004593229965564	-0.013588414726115	0.0100920755769264	0.0001846450147689	-0.0026869521958858	0.0001050188619677	1.1028961369011784e-08	7.219712102975522e-06	-0.0002520273706407	-6.620180736999952e-07	6.351779555206476e-08	4.382679299054523e-13	0.000392662011214	0.0001315128747862	1.5418345505062346e-07	1.7295636234530722e-08	0.0	0.0	0.0	0.0	0.0	0.0	0.0	0.0	0.0	0.0	0.0	0.0	0.0	0.0	0.0	0.0	0.0	0.0	0.0	0.0	0.0
3927.409802316255	-11.75584599586091	138.19991507839896	15424547.755329806	5257.214921009691	20.54244029371057	421.9918532206636	27638308.725686934	4535.635847040288	-4.7055927161745785	20571992.536956877	22.14260281051525	4609.399263439261	3733.619317177321	1.162014	23.938974	0.0307636494508155	0.0169333368794822	-0.0644600384	-0.0753434885	-0.040803616	-0.0324601639	0.1147541448	0.0649694584	-0.0701275239	0.0097333055	-0.0605610131	0.0698802037	0.0648494089	-0.0460086542	0.1062654336	-0.0370154573	-0.1131066179	-0.0853783404	-0.0336336887	-0.0448105551	-0.0721936029	-0.0242944458	0.1324416075	0.0605202496	-0.0137442004	0.1126712047	-0.012312468	0.0236081793	-0.0564611764	-0.0037945717	0.0357841034	0.1403566684	0.1399363494	-0.0179925303	0.0222506045	0.015122447	-0.0315324572	-0.0832755691	-0.1176754368	0.0977794051	-0.0161907913	0.0004673811	0.1345802314	-0.0626769712	0.0515667701	0.038192383	-0.1109053211	0.0114657373	-0.031151874	0.0370417894	0.0107191759	0.0420374792	-0.0773002067	-0.0752952228	-0.0077307347	0.0592918396	0.0487298012	-0.0536356457	0.0093179641	-0.0306045464	0.0201709916	0.0178517794	0.0957716082	-0.0695969367	-0.0503810104	0.0309552341	0.0389288192	0.0457747265	0.0093360356	0.0437897839	-0.0570979326	-0.0937243696	0.0399366718	0.0160479313	-0.0856447597	-0.0461599916	0.06941525	0.0705658771	-0.0446048127	0.0409270508649513	-0.0079876255479547	0.0016750234925023	6.380216189433863e-05	-0.0028771088720986	0.0007288903249645	5.312811058268545e-07	8.277755461908478e-06	-0.0959193591629201	0.0045399638336362	0.0092005234622252	2.0611271610725545e-05	-0.0024139652565164	0.0002729869393694	7.452186906627258e-08	5.827228259668288e-06	-0.0001849861918019	6.704117883879997e-05	3.4219891157369344e-08	4.494519660095961e-09	0.000402777287891	1.011527667699999e-05	1.622295436408295e-07	1.0231882225225995e-10	0.0	0.0	0.0	0.0	0.0	0.0	0.0	0.0	0.0	0.0	0.0	0.0	0.0	0.0	0.0	0.0	0.0	0.0	0.0	0.0	0.0
3940.554675612797	13.144873296541846	172.7876939821389	15527971.151493875	5233.739009036293	-23.47591197339807	551.1184429827349	27392024.0147082	4549.709755874851	14.073908834562644	20699858.8627028	198.07490988358043	4619.343889883148	3750.466166840078	1.16022	23.902023	0.0555409373199727	0.0336307752894256	-0.0101922891	0.0638003755	-0.0760401422	-0.0034785818	-0.0757485842	0.0018627119	0.0137777985	-0.0143884713	-0.0137722085	-0.0239398655	0.0941900457	-0.0352960624	-0.0569428671	-0.0179104631	0.0096369642	0.0073167047	-0.0285710222	0.0161924793	0.1232751017	0.0388197253	0.0047698899	-0.0954310679	-0.0669812939	-0.0523919921	0.0795179252	-0.046561427	0.0751058834	-0.0099360168	-0.0301633475	0.0560007768	-0.0630766067	-0.048491307	-0.0117898813	0.0287161435	-0.0068380453	-0.0354331191	0.0405320582	-0.0446987562	0.0215951688	0.1006599169	-0.0400321909	-0.0209599571	-0.066914177	-0.0460122176	0.0001637004	-0.0837095903	0.1313368752	0.005546535	0.0324672031	-0.0869762611	-0.0251920576	0.0026529401	0.0401692908	0.0613848223	-0.0879807348	-0.002400761	-0.0546491644	0.0002880769	-0.0281232388	-0.0368288157	-0.0479355295	-0.0395140278	0.0288833145	-0.0396436105	0.0243800779	0.0027400945	0.0051610055	0.0936105869	0.0093263564	0.0400644152	0.1288869069	0.0148702542	-0.0864424987	-0.0430324377	0.0724229201	0.0666271694	-0.0507163915	0.0478646272810721	0.0069375764161208	0.0022910225447559	4.81299665295156e-05	-0.010744906833537	-0.0078677979614384	6.190224476201425e-05	0.0001154530228613	-0.0656067561497266	0.0303126030131935	0.0043042464524896	0.0009188539014354	-0.0025159476752922	-0.0001019824187758	1.0400413739362665e-08	6.329992704808225e-06	-0.0002520569090527	-6.707071725079998e-05	6.353268540120107e-08	4.498481112536758e-09	0.0004421833504488	3.94060625578e-05	1.9552611541412626e-07	1.552837766309247e-09	0.0	0.0	0.0	0.0	0.0	0.0	0.0	0.0	0.0	0.0	0.0	0.0	0.0	0.0	0.0	0.0	0.0	0.0	0.0	0.0	0.0
3940.5139271126513	-0.0407485001455825	0.0016604402641145	15527650.00976877	5240.621626841871	6.8826178055778655	47.37042785765748	27464115.03572274	4548.114893893621	-1.5948619812297693	20685349.088056985	2.543584739172145	4617.82260852208	3664.199474227092	1.121508	23.104517	0.0646699592517932	0.0309001485547045	0.0649195966	-0.0522841984	0.0148448324	0.0451644417	-0.0427517038	-0.0241359279	0.0265135594	0.0580182401	0.0352152555	-9.6799e-06	-0.0840250492	-0.0091555071	0.117729707	-0.0050596289	0.0477716161	-0.0085853291	0.0254316755	0.0093094347	-0.038115736	0.0050506967	0.0663020119	-0.0705390121	0.0283187841	-0.1242766722	0.0558144412	-0.0957269233	0.0960124166	0.0783392905	-0.0195127272	-0.1614304755	0.0981438291	0.0127929104	0.045427952	-0.0181839016	0.0397056601	0.012904625	0.0450754901	-0.062477469	-0.0273676859	-0.0562608683	0.0171107802	-0.0024010091	0.0392395753	-0.1238134461	0.1509504284	0.0676747626	0.065286636	0.0207142575	0.0445426545	0.0444056633	0.0702299852	0.0332146561	-0.0166315572	0.0724845181	0.0207604071	-0.04275932	0.055860649	-0.081759984	0.0237164939	0.0948235622	0.0142889233	-0.0490042373	0.0692341426	-0.0714211288	-0.0256293908	0.0762964439	-0.0637250827	0.048770298	-0.0207671185	-0.0268122267	0.004968964	0.0136900291	-0.0871809944	-0.0398385309	0.075232084	0.062403154	-0.0565152869	0.0587165820783752	0.010851954797303	0.0034476370109665	0.0001177649229227	-0.0227164865153213	-0.0119715796817843	0.0001433187200773	0.0005160387596007	-0.0770657162934824	-0.0114589601437558	0.0059391246278275	0.0001313077675761	-0.0029399687410096	-0.0004240210657173	1.7979386417211965e-07	8.643416198113573e-06	-0.000251381358012	6.755510406999976e-07	6.319258715595732e-08	4.563692085908498e-13	0.0002591306746279	-0.0001830526758209	6.714870653311058e-08	3.350828212519151e-08	0.0	0.0	0.0	0.0	0.0	0.0	0.0	0.0	0.0	0.0	0.0	0.0	0.0	0.0	0.0	0.0	0.0	0.0	0.0	0.0	0.0
3943.729810922099	3.21588380944786	10.341908675868876	15553004.821555655	5286.29527495179	45.67364810991876	2086.082131668685	27944917.73397762	4551.02566726612	2.9107733724986247	20711834.62411503	8.472601626047018	4626.706914942663	3791.750089041492	1.154612	23.786491	0.0634843447174138	0.0341610762234777	-0.0760605107	-0.037904106	-0.0618704053	0.0376201179	0.068823408	0.0085739779	0.0547839949	-0.0808049023	0.0280408097	0.024895147	0.0450428403	-0.0836936951	-0.0812367688	0.0748716396	0.1539132301	-0.0151625336	-0.0168512736	0.0034174675	0.0384753127	0.0253313857	0.0224328083	-0.0202373929	-0.0507891451	0.0405091765	-0.0169487312	-0.044561799	0.0873333524	0.0119524053	0.0337554504	0.0148948029	-0.047899259	-0.1141986936	-0.0826551786	-0.1192649751	0.0655905489	0.0292782752	0.0398250364	-0.031006313	-0.0335708208	0.0903069038	-0.0284267541	-0.0126498419	0.015018256	-0.0200363295	0.0174057347	0.0659760607	0.0105586738	0.0080380262	0.0451424201	0.0243178147	-0.0735772307	-0.0526264837	0.074946031	-0.0007475908	-0.0285985548	-0.0509249585	-0.0758593701	-0.0798302055	-0.0352671349	0.0590265677	0.093460308	-0.0209115281	0.0647623668	-0.0831234387	-0.0820927491	0.0206394659	0.0197314263	0.0219942103	0.0629751425	0.0726920958	-0.0451823102	0.0125074584	-0.0878597406	-0.036583196	0.0778350419	0.0579119187	-0.0619657467	0.0467477154317208	-0.0119688666466543	0.0021853488980851	0.0001432537688053	-0.0205760830487662	0.002140403466555	4.581326999641085e-06	0.0004233751936297	-0.0720912714074231	0.0049744448860593	0.0051971514131387	2.474510192444156e-05	-0.0024369213018969	0.0005030474391126	2.530567259978453e-07	5.938585431638883e-06	-0.0002522843682226	-9.030102106000128e-07	6.364740244947642e-08	8.154274404478796e-13	0.0006431928196675	0.0003840621450396	4.136970032718292e-07	1.4750373125241878e-07	0.0	0.0	0.0	0.0	0.0	0.0	0.0	0.0	0.0	0.0	0.0	0.0	0.0	0.0	0.0	0.0	0.0	0.0	0.0	0.0	0.0
3923.7792326103686	-19.950578311730624	398.0255749724963	15396043.466264414	5231.966731204262	-54.328543747527874	2951.5906657270502	27373475.87642821	4529.205220121212	-21.82044714490803	20513699.92597324	476.131913603725	4604.530654841738	3638.516238556386	1.694619	34.911331	0.1744009204419272	0.1131305004213053	0.0920077252	-0.0288731167	-0.2199246692	0.1988695166	-0.0951931826	0.0604802582	0.0415993353	-0.0315202011	-0.089129002	0.1031569744	-0.1605959859	0.1127394982	0.0385693791	0.3285987658	0.0671604186	-0.0808652468	0.156451197	0.0832220919	0.1157628865	-0.026555069	-0.0437175593	0.047048001	-0.0583811398	0.0001826097	0.1541394597	0.0601208208	-0.1348157794	-0.0807854147	-0.0077013817	0.0786937745	0.0291919498	0.1277068775	-0.1227224305	0.0067545239	0.289162216	0.1218509067	0.1961754738	0.0662727636	0.0528241575	0.0497375977	-0.0188920925	-0.0122964818	-0.0626472064	0.1844021026	-0.051938937	-0.0330066135	0.0391926605	0.0495532757	0.2766638578	-0.0239458272	-0.0398970728	-0.0256756085	-0.0094084187	-0.0840934992	-0.0690586566	-0.0171780748	0.1048321146	-0.0913151501	0.0352735915	-0.2551716154	-0.0109781859	0.0498746281	0.0647707006	0.0174060984	-0.0006731898	0.1245338406	0.0941693342	-0.0187843715	0.0027919882	-0.1011673618	-0.0874165013	0.0113227445	-0.0884782721	-0.0332714524	0.0802246594	0.0531726956	-0.0670341672	0.0335234631138519	-0.0132242523178689	0.0011238225791457	0.0001748808493666	-0.0161195659953108	0.0044565170534554	1.98605442477388e-05	0.0002598404078771	-0.108391249888136	-0.0362999784807129	0.0117486630523123	0.0013176884377002	-0.000491977345787	0.0019449439561099	3.7828069924084295e-06	2.420417087676214e-07	-0.0001790617363799	7.32226318427e-05	3.2063105435384806e-08	5.361553813971584e-09	0.0002529559558223	-0.0003902368638452	6.39867155859734e-08	1.5228480990373718e-07	0.0	0.0	0.0	0.0	0.0	1.0	0.0	0.0	0.0	0.0	0.0	0.0	0.0	0.0	0.0	0.0	0.0	0.0	0.0	0.0	0.0
3957.2051913139935	33.42595870362493	1117.294715256439	15659472.92616242	5281.916609752027	49.949878547765366	2494.990366936511	27898643.07237435	4555.474600476055	26.269380354842724	20752348.83558247	690.0803442273968	4624.504771744233	3811.732495346787	1.987547	40.946026	0.3446955462180878	0.19991508991149	-0.0757135583	0.0279503125	0.0460369007	0.0422325733	0.0672336983	-0.1115268269	0.0167352847	-0.0498631575	0.0385960352	0.0282208402	0.0450972415	-0.0401641538	-0.0615506142	-0.1106442673	0.0727092371	0.014790952	-0.0101742813	-0.0600768098	0.0588902743	-0.0066453922	0.0488070191	0.1025504065	-0.0050283965	0.0234847422	-0.0684866763	0.0722256078	-0.0327879256	0.0506955962	0.0461378332	-0.0055646654	-0.0809506456	-0.0716869152	0.04546439	-0.0741513701	-0.0822696795	0.0077776434	-0.0461480522	-0.0439694173	0.0047595579	0.0940365149	0.0489602325	0.0363398363	0.0566369349	0.0292071493	0.0479411278	0.0518416273	-0.1080257805	-0.0593752899	-0.0334454516	0.0437230366	-0.1117938889	0.0752551322	0.0317160046	0.0399618666	0.0950851688	-0.0472276397	-0.051448366	0.0571372074	-0.0358348695	0.0817709021	0.0399730167	0.14568972	-0.0681556037	-0.0077909892	0.023675029	-0.0926237495	-0.0329668688	-0.0586650742	0.0117269349	-0.0495965555	0.0331782158	0.0101360905	-0.089036165	-0.0299084066	0.0823943867	0.0482057789	-0.0716892996	0.0006929744958341	-0.0328304886180177	4.80213651876525e-07	0.0010778409828977	-0.0395921588980314	-0.0234725929027206	0.0005509626175768	0.0015675390462069	-0.0258148723754416	0.0825763775126944	0.0006664076357603	0.006818858123119	-0.0036120961892684	-0.0031201188434814	9.73514159744771e-06	1.3047238880527296e-05	0.000785103862023	0.0009641655984028	6.163880741634298e-07	9.29615301143622e-07	0.0002209186540135	-3.2037301808800016e-05	4.8805051691136526e-08	1.0263887071881408e-09	0.0	0.0	0.0	0.0	0.0	0.0	1.0	0.0	0.0	0.0	0.0	0.0	0.0	0.0	0.0	0.0	0.0	0.0	0.0	0.0	0.0
3944.1983986375576	-13.006792676435907	169.17665572778674	15556701.007815074	5258.606368052809	-23.31024169921875	543.3673680759966	27652940.93412555	4544.589195674648	-10.885404801406366	20653290.957442746	118.49203769048076	4618.047857849383	3716.5948643699335	1.293316	26.643982	0.1103006828539969	0.0534192524741236	0.0727165254	0.0616181949	0.0510886191	0.082257954	-0.0862471225	-0.0182371975	0.072938299	0.0260884925	-0.0453997626	-0.0423243615	-0.1660568577	0.0307775561	0.0512957896	-0.0914348597	-0.0109936905	0.1568652721	0.0643480367	-0.0120019193	0.0070176789	-0.0103572244	-0.0583749155	-0.0122254074	-0.0413021298	-0.0732777145	-0.0089535477	-0.0512981157	-0.1330448976	0.0500695161	0.0432834398	0.0174183407	0.0135772752	0.0554212327	0.0845656729	0.0552321411	-0.1206921672	0.0867173042	0.057676303	-0.0653809898	0.0822688137	-0.0777901369	-0.0171770737	-0.0559648199	-0.0954764733	0.0179554723	0.0531414039	-0.0269484063	-0.032880279	-0.0500313136	-0.012179748	-0.0228780792	0.0196898194	0.1736969059	-0.0359997036	0.0867172593	-0.0515110647	0.0367396263	-0.0063260383	0.0453476581	0.0334003786	-0.002488911	0.1103269157	0.0607675209	-0.048631275	0.0525588193	-0.0016932686	-0.0020827721	0.0697138062	-0.1710153777	0.06432198	-0.0378262894	-0.0196370529	0.0089476998	-0.089533037	-0.0264992443	0.0843382767	0.0430324377	-0.0759024438	0.0088035783836346	0.0081106038878004	7.750299235679838e-05	6.578189542480457e-05	-0.0137463551908609	0.0258458037071705	0.0006680055692695	0.0001889622810333	-0.0627736459260575	-0.0369587735506159	0.00394053062285	0.0013659509423657	-0.0033651125147724	0.0002469836744959	6.100093546754606e-08	1.1323982237077826e-05	0.0004697499833989	-0.000315353878624	2.2066504690326686e-07	9.944806876326357e-08	0.0004462911350616	0.0002253724810481	1.991757772345713e-07	5.07927552137762e-08	0.0	0.0	0.0	0.0	0.0	0.0	0.0	0.0	0.0	0.0	0.0	0.0	0.0	0.0	0.0	0.0	0.0	0.0	0.0	0.0	0.0
3934.109707648851	-10.08869098870673	101.7816858656124	15477219.191816926	5265.197258671627	6.590890618818776	43.43983914923334	27722302.17272322	4544.6200235551205	0.0308278804723158	20653571.158498146	0.0009503582144153	4618.539284374581	3724.475606314441	1.273357	26.232801	0.0975152119755896	0.0472189135335001	-0.0379149954	-0.0654873461	0.0479015948	-0.0251271831	0.0783403973	-0.0097357112	-0.0120670533	0.0144611921	-0.068676364	0.0238099284	-0.0537279848	-0.077751641	0.0721769944	-0.0614752744	-0.0025346591	-0.0341919347	-0.0086826305	-0.0430954981	-0.0149471433	0.0114695232	-0.091276443	0.0476455354	-0.0595956424	0.0027407122	0.0035246065	-0.0306541412	-0.049227621	-0.0420238349	-0.0043029142	0.0113147662	0.0990796123	-0.0565008716	0.0456420938	-0.053085098	-0.0354855728	-0.0099627394	-0.0803425397	0.0139227347	0.021714286	-0.0241860601	-0.0357208599	0.0207185571	-0.06345061	0.0728574696	0.0024047429	-0.054515484	0.0080972434	-0.0332612627	-0.0404965299	0.0726116602	-0.0328240993	-0.0392507859	-0.0374997275	0.115651923	0.0904163511	-0.0556542703	-0.0274000763	0.1137002128	-0.0515993928	-0.0387631202	0.0006278165	0.0610772849	-0.0771023082	0.0717450547	-0.0353344482	-0.0126097731	0.1272071262	-0.1135079164	-0.0280171956	0.0970729142	0.057434566	0.0077577759	-0.0899685475	-0.0230492221	0.0860510014	0.037674825	-0.0796476241	-0.0105620691881966	-0.0193656475718312	0.0001115573055362	0.0003750283058763	-0.0199951274699401	-0.0062487722790791	3.9047154995788645e-05	0.0003998051225391	-0.0464550292932983	0.0163186166327592	0.0021580697466412	0.0002662972488069	-0.0036611414460063	-0.0002960289312339	8.763312812748518e-08	1.3403956687665105e-05	0.0010830572426723	0.0006133072592733	1.173012990904925e-06	3.761457942774493e-07	0.0002439838157305	-0.0002023073193311	5.952810233841457e-08	4.0928251454935683e-08	0.0	0.0	0.0	0.0	0.0	0.0	0.0	0.0	0.0	0.0	0.0	0.0	0.0	0.0	0.0	0.0	0.0	0.0	0.0	0.0	0.0
3931.2901301076927	-2.8195775411581963	7.9500175106037	15455042.08708216	5228.13124490086	-37.06601377076731	1373.889376854712	27333356.313908614	4535.298652467562	-9.321371087558871	20568933.86707408	86.88795895197849	4608.420524367959	3686.026499015784	1.309848	26.984562	0.1657309302397451	0.0919057254050765	0.0210336447	0.1371510086	0.0025223241	-0.0660062863	-0.0688587174	0.0568586513	-0.0461195735	-0.0036615042	0.0394586284	0.0137388686	-0.013460822	-0.0142063191	-0.0955701023	-0.0313248979	-0.1010152692	0.006127522	-0.0049877771	0.048912179	0.0106852334	-0.0147201234	0.0238617547	-0.0006094132	-0.1091239436	-0.0417486755	-0.0151653251	-0.045332584	-0.1025546412	-0.0199812373	-0.0670669204	-0.0303337691	-0.0895188482	-0.0188330849	-0.0105669797	0.080469792	-0.0464815079	-0.0535391264	-0.0159494016	0.0809000148	0.0186523691	0.0108386776	0.0482573046	-0.0174902686	-0.1204606719	-0.019484723	-0.0002191745	-0.1033795382	0.0596105667	-0.0631882481	-0.0206473537	-0.1065976379	0.0207597369	0.0177608699	0.0126419872	0.0683437848	-0.0496947948	-0.0199009665	-0.0610137486	0.0664812678	0.0650151994	-0.0909340681	-0.028305727	0.0375710043	0.0453312321	0.0269063631	-0.0613899205	-0.0607056178	0.0052702048	-0.0045165636	-0.1893003791	0.0250891009	-0.0364597171	0.0065665228	-0.0903423981	-0.0195636596	0.0875278662	0.0321558829	-0.0829017503	0.0476939405416914	0.0582560097298879	0.0022747119643943	0.0033937626696488	-0.0180843371298067	0.0019107903401333	3.651119723947113e-06	0.0003270432494245	0.0015930004569355	0.0480480297502338	2.537650455796712e-06	0.0023086131628793	-0.0037361146249473	-7.497317894099992e-05	5.6209775605191944e-09	1.3958552490745103e-05	0.0003568930151891	-0.0007261642274831	1.2737262429076714e-07	5.273144852762724e-07	0.0005931684176961	0.0003491846019656	3.518487717520949e-07	1.219298862498745e-07	0.0	0.0	0.0	0.0	0.0	0.0	0.0	0.0	0.0	0.0	0.0	0.0	0.0	0.0	0.0	0.0	0.0	0.0	0.0	0.0	0.0
3931.725401425045	0.4352713173525444	0.1894611197098194	15458464.632210933	5247.503784179688	19.3725392788283	375.29527810974525	27536295.96498015	4539.711982545687	4.413330078125	20608984.884468887	19.47748237848282	4604.828186166133	3702.659633146184	1.244984	25.648266	0.1097223171934991	0.0489193226298818	-0.0186052203	-0.0420657407	0.0631555177	-0.0099528858	0.0285816595	-0.116666909	-0.0454264288	-0.0026226591	0.0376562493	0.0593638356	-0.0788964603	-0.0328990245	0.0421025313	-0.0645187261	-0.0739897633	-0.0074040979	0.0790951522	-0.070000486	-0.0771680009	-0.0471763196	0.105912082	0.0548930049	0.1194620023	0.0916039448	0.0658300707	0.0538945967	0.1066838429	0.0028347906	-0.0824504697	0.0429032254	0.0182813529	-0.0102718782	0.1013169987	0.0499134706	-0.0040932123	0.0518490453	-0.1030334712	0.0159433301	0.0162130763	-0.0180011124	0.0881124303	-0.0274714412	0.1546549954	0.0081822262	-0.0997038882	0.0322434526	0.0143573354	-0.0592721053	-0.0006089242	0.0935234244	0.0331744682	-0.0649134873	-0.0458070159	0.0892059637	0.0949891606	0.0133505541	0.0394105784	0.0633320209	-0.0086157838	-0.0044528954	0.0096849832	-0.0375992241	0.0146023533	-0.0192709693	-0.0372859573	-0.0554700083	-0.1107642765	-0.0380151709	0.035409923	0.067371515	-0.0239566258	0.0053741445	-0.0906543325	-0.0160479313	0.0887648233	0.0264992443	-0.0856447597	0.0735561712675689	0.0258622307258775	0.0054105103315439	0.0006688549781185	-0.0095777496951399	0.0085065874346667	7.236202978363107e-05	9.173328922275246e-05	0.0114609991118896	0.009867998654954	0.0001313545006427	9.737739745417592e-05	-0.0032429969795855	0.0004931176453618	2.431650121671659e-07	1.0517029409600677e-05	-9.68743346572154e-05	-0.0004537673498463	9.384636715278164e-09	2.0590480778654842e-07	0.0002303434053442	-0.0003628250123519	5.3058084385562434e-08	1.3164198958815638e-07	0.0	0.0	0.0	0.0	0.0	0.0	0.0	0.0	0.0	0.0	0.0	0.0	0.0	0.0	0.0	0.0	0.0	0.0	0.0	0.0	0.0
3931.437857883405	-0.2875435416403888	0.082681288339098	15456203.630398856	5253.140500611897	5.636716432208232	31.772572137126296	27595485.119169008	4537.490035116011	-2.2219474296753106	20588815.818777103	4.937050380240719	4617.535975116517	3784.059036589715	1.153916	23.772152	0.0894475232516194	0.0443298608709086	-0.0477149015	0.0778494332	-0.0544551335	0.0071893682	-0.0191767969	0.0516747816	0.0075881844	-0.0838645381	0.0515414307	-0.0053049276	0.002332301	-0.11950692	-0.1164167189	0.0482335808	-0.0022076251	-0.0216661398	0.0011922113	0.0237069839	-0.0152623299	-0.1401727873	0.0839733234	-0.1498811793	-0.0473860439	-0.070613437	0.0061862635	0.006859899	0.0076926846	-0.1339516306	-0.0630590666	-0.1185650875	-0.0577346099	-0.1430142396	-0.0509385344	-0.02291906	0.045088131	-0.0227615143	0.0514835962	0.0929194537	0.1043203009	-0.0210742224	-0.0063227982	-0.1192619397	0.013553083	-0.1267923429	0.0171271604	0.0137014281	0.039157593	-0.0519635216	0.0516897495	-0.0744394628	-0.0155235749	-0.0723342975	0.0726584588	0.0055973476	0.0007681867	0.0344117854	-0.087483299	0.0566162938	0.0006839574	0.0311342024	-0.114578903	-0.0493250854	-0.0201079269	-0.0646771367	-0.0228468036	-0.047477888	-0.0082353115	-0.0515018333	-0.0332959811	0.0369087306	-0.0021244654	0.0041808454	-0.090904137	-0.0125074584	0.0897584821	0.0207291319	-0.0878597406	0.0398507567603587	-0.0337054145072102	0.0015880828143732	0.0011360549671028	-0.0144867823491239	-0.004909032653984	2.409860159788119e-05	0.0002098668628308	-0.0037332864963772	-0.0151942856082668	1.3937428064032348e-05	0.0002308663151455	-0.0028409926593876	0.0004020043201978	1.616074734577757e-07	8.071239290694228e-06	-4.519596232954726e-05	5.167837232766814e-05	2.0426750108938552e-09	2.6706541664370964e-09	0.0004894365224618	0.0002590931171175	2.395481095195e-07	6.712924333771439e-08	0.0	0.0	0.0	0.0	0.0	0.0	0.0	0.0	0.0	0.0	0.0	0.0	0.0	0.0	0.0	0.0	0.0	0.0	0.0	0.0	0.0
3933.815730654946	2.377872771541206	5.654278917637057	15474906.202748306	5238.580454379698	-14.560046232199056	211.99494628377397	27442725.177009	4548.704027275654	11.213992159642656	20690708.327753752	125.753620156527	4618.077048502255	3665.327886192776	1.217986	25.092085	0.0760544700820539	0.0387921160944879	0.0665613568	-0.0330620217	0.0504757811	0.0577695481	-0.0428793058	-0.011710488	0.0053710863	-7.39618e-05	-0.0387982063	-0.0344013406	-0.0574871626	0.0017615165	0.0911650397	-0.0158336161	0.0360006401	0.0555522523	0.0825452822	-0.0188628271	0.0309757858	-0.0221344031	-0.0403402141	-0.1103937311	0.0672285539	-0.0851552123	0.03126594	0.1152700869	0.0261342671	-0.0550459706	-0.0461971594	0.0287198495	0.0635060116	0.0326396012	0.0844969933	0.0258075881	0.0204499588	0.0595012731	0.0587599496	-0.0915252456	0.0623944749	-0.015153881	-0.0594098376	-0.0974433	0.0557753268	-0.035186667	0.0584171864	0.019272239	-0.0537197228	-0.0306743991	0.0619090734	0.0608451626	0.0698193424	0.0465133656	0.00506874	0.0099873479	0.0177534707	0.0917809144	0.0831101697	-0.0223527981	0.0165980903	0.1142747342	-0.0194212247	-0.0054494704	-0.0590338946	-0.0367773633	-0.0183437878	0.0036904462	-0.012434437	-0.0358716633	-0.0660517399	0.0587342419	0.0170894175	0.00298683	-0.0910916402	-0.0089476998	0.0905061192	0.0148702542	-0.089533037	0.0418579585868315	0.0020072018264728	0.0017520886970569	4.028859172195744e-06	0.002130192882376	0.0166169752314999	0.0002761238658442	4.53772171612537e-06	-0.0366284503441818	-0.0328951638478046	0.0013416433746161	0.0010820918045739	-0.0031619981919547	-0.000321005532567	1.0304455193868741e-07	9.998232565924792e-06	-4.500578192301319e-05	1.9018040653406842e-07	2.0255204065018207e-09	3.616858702946353e-14	0.0003199296519099	-0.0001695068705518	1.023549821711898e-07	2.8732579164298555e-08	0.0	0.0	0.0	0.0	0.0	0.0	0.0	0.0	0.0	0.0	0.0	0.0	0.0	0.0	0.0	0.0	0.0	0.0	0.0	0.0	0.0
3931.2918133594026	-2.5239172955434697	6.370158514743462	15455055.32178666	5235.565797443632	-3.014656936065876	9.088156442170094	27411149.21936157	4543.555515101897	-5.148512173756899	20643896.718812864	26.507177603322987	4612.384556717116	3772.0457915063935	1.21157	24.959911	0.0448233394392752	0.024772769207733	-0.0849515354	-0.0051995244	0.0119754558	0.0109361851	0.0516945021	-0.0491977328	-0.0766443384	-0.0710225184	0.0062358463	0.092777162	0.0334096359	-0.0896352022	-0.1264800631	0.0027667654	0.0856907127	0.0177568933	0.0308547676	-0.071264983	0.011217768	0.0044098857	0.0150429817	0.0417121808	0.0569855924	0.0210966266	-0.1097470548	0.1609580682	0.057978444	-0.0043190058	0.1069339972	0.0011968972	-0.1022514718	-0.1280799223	-0.022427245	-0.0623752092	0.0265559532	0.0571815468	-0.0483044393	-0.0280514531	-0.0272834199	0.055085715	-0.0070976009	0.0001897278	0.1130734114	0.0453436786	-0.0032822504	-0.0014367487	-0.1278477966	-0.0511164713	0.0039163601	0.0536161839	-0.0778129591	-0.018867361	0.0822846187	-0.0755157775	0.0612014836	0.0314797324	-0.0487883302	0.0752124851	-0.0005271477	0.0044922891	0.0557782894	-0.0801456004	-0.1748500986	0.0018223738	0.0148913383	0.0516380688	-0.0568238512	-0.0117194263	-0.0562974625	-0.0169522321	0.0770806609	0.0017923027	-0.0912167139	-0.0053741445	0.0910056853	0.0089476998	-0.0906543325	0.0239898201700583	-0.0178681384167732	0.0005755114717917	0.0003192703704809	0.0055787033329721	0.0034485104505961	1.189222432787052e-05	3.112193087731402e-05	-0.0309526414108205	0.0056758089333613	0.0009580660103068	3.2214807048023964e-05	-0.0028589977567027	0.000303000435252	9.180926376290153e-08	8.17386817283107e-06	-4.438161562592136e-05	6.241662970918259e-07	1.9697278055670274e-09	3.895835664253215e-13	0.0002669366206881	-5.299303122180003e-05	7.125515946438259e-08	2.808261358074673e-09	0.0	0.0	0.0	0.0	0.0	0.0	0.0	0.0	0.0	0.0	0.0	0.0	0.0	0.0	0.0	0.0	0.0	0.0	0.0	0.0	0.0
3937.581421732376	6.289608372973362	39.55917348537662	15504547.45277196	5245.2884768715385	9.722679427906767	94.5304952578415	27513051.205601346	4546.510711621558	2.955196519660604	20670759.650889564	8.733186469814143	4625.318238614455	3720.036813239693	1.247245	25.694851	0.0774856125163345	0.0426057784263357	0.007822295	0.1070680601	-0.0319899146	0.0215830957	-0.0457641656	0.050367783	-0.003103586	-0.0390753245	0.0596642369	-0.0072976388	-0.0541193158	0.0669152903	-0.0563791732	0.0140545979	0.0415018845	0.0116386143	0.0077300999	0.1218349163	-0.0547688545	-0.0793156023	0.0154489908	-0.0516579367	0.0099032874	0.0239635982	0.0688690532	-0.0305775984	0.0061115451	-0.0614530879	0.083581908	-0.0144817104	-0.0611214312	0.0340146377	-0.0224508121	-0.0695999707	-0.0015066136	0.0171240343	0.0967304701	0.0893561757	0.0004629037	-0.0727945785	-0.0063243581	0.0263112915	-0.0150788138	-0.054881089	-0.0685419763	-0.0393789461	0.0937625471	-0.0440339515	0.0034706756	-0.070705523	-0.0194527299	0.0625749692	0.0185733629	0.0298272623	-0.0849348739	0.0899196339	0.0485332583	0.1052086456	0.0060749851	-0.0389946824	-0.0693115901	-0.0072299397	-0.1523629955	-0.0593024664	0.0401950148	0.022163729	-0.0880869393	0.0163276318	0.0137580402	-0.0278120818	0.0132136127	0.0005974684	-0.0912792721	-0.0017923027	0.0912558111	0.00298683	-0.0912167139	0.0243430002075939	0.0003531800375356	0.0005925816591069	1.2473613891364866e-07	-0.0063268529343929	-0.011905556267365	0.0001417422700353	4.002906805343605e-05	-0.0493013454766284	-0.0183487040658079	0.0024306226658058	0.0003366749408945	-0.0031620818640053	-0.0003030841073026	9.185997609941415e-08	9.998761714671234e-06	0.0005850871804256	0.0006294687960515	3.423270086983787e-07	3.962309652025518e-07	0.0002619260811297	-5.010539558399974e-06	6.860527197596219e-08	2.510550666629101e-11	0.0	0.0	0.0	0.0	0.0	0.0	0.0	0.0	0.0	0.0	0.0	0.0	0.0	0.0	0.0	0.0	0.0	0.0	0.0	0.0	0.0
3935.917886441263	-1.6635352911130212	2.767349664778484	15491449.60880826	5234.981704905063	-10.306771966475026	106.22954836891547	27405033.450690724	4546.92627533491	0.4155637133526397	20674538.553331	0.1726931998554349	4612.882800450141	3687.471425932403	1.155511	23.805021	0.095979868382341	0.0491362839377613	0.0403225908	0.0197194169	0.1180823691	0.0408477333	-0.0808698307	-0.0871927967	-0.0102959819	-0.0028772641	0.0046423956	-0.0110789866	0.026386002	-0.0351043471	0.0119440163	-0.0367507399	0.0390153232	-0.0116065247	0.0504834417	0.0182496879	-0.0011447735	0.0787420448	-0.0908347325	0.0740153502	0.0526193257	-0.0842920158	0.0638038072	0.0360284769	0.0068405716	0.0953065119	-0.0358432227	-0.0766389992	-0.0053420598	-0.0317137781	0.0912360162	0.0224927095	0.0361491622	0.0220877365	0.0077538218	-0.0970617803	-0.0350834499	-0.0545442772	-0.0259754062	0.0842609783	-0.0126367154	0.0872341077	0.0881874599	0.0497335787	-0.0117992795	-0.0557621494	-0.0130664138	0.0589396285	0.0539162021	0.0888938914	0.0370003221	-0.0181014343	0.0960217157	-0.0366935753	0.0360039224	0.0229907216	0.0529585007	0.0612327441	-0.0703594232	-0.0416696152	-0.1029271917	-0.0586197054	-0.0428346334	0.0524504602	-0.12054877	-0.0137823426	-0.0496951725	-0.0997074866	0.0462523141	-0.0005974684	-0.0912792721	0.0017923027	0.0912558111	-0.00298683	-0.0912167139	0.0241975096825513	-0.0001454905250426	0.0005855194748371	2.1167492877171787e-08	0.0008904503748681	0.007217303309261	5.2089467057869785e-05	7.929018701027398e-07	-0.0267895993037114	0.022511746172917	0.0007176826308534	0.0005067787157538	-0.0036890183283543	-0.0005269364643489	2.776620374606247e-07	1.3608856226933954e-05	3.706097876499115e-05	-0.0005480262016606	1.3735161470191246e-09	3.003327177065544e-07	0.0005090699826225	0.0002471439014927	2.5915224720727244e-07	6.108010804508281e-08	0.0	0.0	0.0	0.0	0.0	0.0	0.0	0.0	0.0	0.0	0.0	0.0	0.0	0.0	0.0	0.0	0.0	0.0	0.0	0.0	0.0
3945.5548940110048	9.637007569741854	92.8719148992618	15567403.42165419	5267.608972477007	32.627267571943776	1064.5385892112138	27747704.28692027	4553.179696398945	6.2534210640351375	20731445.347699597	39.105275004118354	4627.496994869904	3808.185812755812	1.154548	23.78517	0.0253972844199338	0.0127521039113901	-0.095976527	0.033639574	0.0424896141	0.0050336645	0.0906942376	-0.0277077094	-0.0536118991	-0.0564186929	0.0003471407	-0.0477682405	-0.0071025571	0.0157175135	-0.0459007059	-0.047057865	0.0386547128	0.0121519005	0.0740178702	-0.0081430378	0.0085623298	0.0107054767	0.0239850135	-0.0044335302	-0.0692069872	-0.1086960976	-0.1315703489	-0.0649097156	0.0784806311	-0.080709739	-0.0391526918	-0.0166358859	-0.0526696652	-0.0120710853	0.0336926917	-0.087496346	-0.0149812667	0.031709525	-0.0352093765	0.0609872037	-0.0176721781	0.0501174411	-0.0034901027	-0.0157239126	-0.0447811106	-0.0794684131	0.1250874541	-0.0844929197	-0.0442747188	-0.0641510219	-0.053837687	0.0247900391	-0.0786034888	0.0037595314	0.0338381979	-0.0040198798	-0.0999404521	0.0300822932	-0.0547715387	-0.0084765881	0.0218849042	0.0250763192	0.0663471278	0.0198348917	-0.0263659886	-0.0456283067	-0.0892656668	0.0452542219	-0.0438981218	-0.001902065	-0.0108763642	-0.1000414067	-0.0431953663	-0.0017923027	-0.0912167139	0.0053741445	0.0910056853	-0.0089476998	-0.0906543325	0.0290897221249935	0.0048922124424422	0.0008462119333093	2.3933742581986285e-05	0.0029745665356557	0.0020841161607876	4.343540171656045e-06	8.848046075042753e-06	-0.0333058870907692	-0.0065162877870577	0.001109282114903	4.246200652375859e-05	-0.0035349944494614	0.0001540238788928	2.3723355269214712e-08	1.2496185757722906e-05	-3.487835109683424e-05	-7.193932986182539e-05	1.216499375234038e-09	5.175267180968521e-09	0.0004969398307843	-1.2130151838199953e-05	2.469491954199287e-07	1.4714058361778568e-10	0.0	0.0	0.0	0.0	0.0	0.0	0.0	0.0	0.0	0.0	0.0	0.0	0.0	0.0	0.0	0.0	0.0	0.0	0.0	0.0	0.0
3942.3331431852575	-3.221750825747222	10.379678383202906	15541990.611856952	5268.9982971964	1.3893247193927891	1.930223175915852	27762343.055858564	4551.867149969667	-1.312546429278882	20719494.550972976	1.722778129012743	4628.509100001257	3733.913156491462	1.179023	24.289385	0.0921336511975414	0.0430583711316451	0.0060669701	0.1020447156	-0.0331980221	0.0152232645	-0.0663209135	0.0467503147	0.067395823	-0.0440693118	-0.0112308506	0.0630118976	-0.063668146	0.0231355226	0.0622118201	-0.0625119745	0.0425375389	-0.0034066693	-0.0461923905	0.1031926415	0.0234746878	-0.0083623426	0.0704156669	0.1230680372	0.0082294133	-0.1015776546	-0.1037188206	0.0482817023	-0.007353004	0.0647325445	-0.0363942028	0.0917674558	0.0505583018	0.0102199194	0.0413834203	-0.0322621984	-0.0719404487	-0.0529916745	0.1100113076	0.0390059287	-0.0414105733	-0.009086222	0.1143595158	0.0625559855	-0.0132832664	0.0202051407	0.0660427436	-0.0839155779	-0.1154111717	-0.0444048673	0.0071481021	-0.0956038934	0.0044030529	0.0238350986	-0.0057016877	0.0755850836	0.0573966943	-0.0377845514	0.0541548799	0.0432784532	-0.0325309857	-0.0503849097	0.0139718956	0.032824715	0.0335712847	-0.0400281001	-0.0136809499	0.0615507905	-0.0406123458	-0.0377147807	-0.0224157966	-0.0322035354	0.1271815337	-0.00298683	-0.0910916402	0.0089476998	0.0905061192	-0.0148702542	-0.089533037	0.0412831400590363	0.0121934179340428	0.001704297653134	0.0001486794409142	-0.0242947827253061	-0.0272693492609618	0.0007436174091163	0.0005902364676698	-0.0386050016886443	-0.0052991145978751	0.0014903461553802	2.8080615521413023e-05	-0.0036730363078184	-0.0001380418583569	1.9055554658654003e-08	1.3491195718552224e-05	0.000390792823393	0.0004256711744898	1.5271903081547248e-07	1.811959487915549e-07	0.0001132174755379	-0.0003837223552464	1.2818196767174986e-08	1.4724284591584446e-07	0.0	0.0	0.0	0.0	0.0	0.0	0.0	0.0	0.0	0.0	0.0	0.0	0.0	0.0	0.0	0.0	0.0	0.0	0.0	0.0	0.0
3938.575139273433	-3.758003911824744	14.12259340129008	15512374.12770274	5234.5743408203125	-34.42395637608752	1185.0087725827764	27400768.52957441	4548.128026415165	-3.73912355450193	20685468.5446631	13.981044955831146	4618.632086103055	3700.887020673124	1.12108	23.095686	0.0585820084149164	0.0288710050518412	0.0304796107	-0.0205868472	0.0919898764	0.0541281222	-0.0097195415	-0.0379768202	-0.0347471825	0.0720429824	-0.0036149743	-0.0254617325	-0.03705472	0.0657296169	-0.0501573642	-0.0644863511	-0.0191544723	-0.0259542074	0.0141482297	-0.0479443969	0.0258042835	0.0730808912	-0.0249782045	0.066643839	-0.056643577	-0.0360146514	0.0327736492	0.0019233359	-0.0296208056	0.0656489818	0.0041611443	-0.045630259	-0.0710993637	0.0565799178	0.0309504712	-0.0054607797	4.07262e-05	-0.0402031208	-0.0489917524	-0.0530508425	0.0014079136	-0.0231039772	0.038549705	-0.0008580274	-0.0922471121	0.0709977176	0.1010311911	0.0455622228	-0.01839619	-0.0223182478	0.0003218661	0.085229651	0.0482386154	0.0401746036	-0.0061699889	0.0197780973	-0.0248073328	-0.0828599989	-0.0707491309	-0.0164182373	-0.0547019858	-0.0037486089	-0.0721108122	0.0003675184	0.059316095	-0.0274628852	-0.0572608998	0.0395230923	-0.0710350952	-0.0655430352	-0.0397228432	-0.066906022	-0.0648937121	-0.0041808454	-0.090904137	0.0125074584	0.0897584821	-0.0207291319	-0.0878597406	0.0483713802711207	0.0070882402120844	0.0023397904293333	5.024314930421032e-05	-0.0187021781668761	0.00559260455843	3.127722574697203e-05	0.0003497714681855	-0.0613728183930391	-0.0227678167043947	0.0037666228375049	0.0005183734774849	-0.0034820079505978	0.0001910283572205	3.6491833262401036e-08	1.2124379368026293e-05	0.0002229835024185	-0.0001678093209744	4.97216423508212e-08	2.8159968205922764e-08	9.388214932854431e-06	-0.000103829260605	8.813857962547092e-11	1.0780515357790469e-08	0.0	0.0	0.0	0.0	0.0	0.0	0.0	0.0	0.0	0.0	0.0	0.0	0.0	0.0	0.0	0.0	0.0	0.0	0.0	0.0	0.0
3948.456779817684	9.88164054425124	97.64681984578996	15590310.942088235	5327.055837896806	92.48149707649372	8552.827301509516	28377523.900070444	4559.01670138545	10.888674970285138	20784633.283511467	118.56324260851405	4629.879680060521	3789.844129747732	1.528395	31.486914	0.0798114067127247	0.0382573782379964	-0.0874317297	-0.0105930002	-0.0082842152	-0.0043882688	0.1278842719	0.0237493859	0.0838595259	0.0413136907	0.0483430911	-0.1176681076	0.0344756518	0.0691501235	0.0910900693	-0.0269609481	0.1457734728	0.075194877	-0.0202502839	-0.0213394997	0.0351481713	0.0640661056	0.0619136755	-0.0183684875	0.0477066627	0.2107710513	-0.2808214832	-0.1523888284	-0.0540725175	0.0401950307	-0.0590149447	-0.0878091379	0.04881679	0.0732131251	0.0107401462	-0.0977303114	-0.0765792668	0.0771442775	0.0374258555	-0.0561958953	-0.1119176657	0.1152618204	0.0392097377	0.0223355348	-0.0040506751	-0.1567991508	-0.1118617183	0.0498499434	-0.0917298748	-0.0041184446	-0.0601782105	-0.0460291298	-0.0570041937	-0.0967342231	-0.4789454087	-0.2842821775	0.0082391764	-0.0335619544	-0.0806276113	-0.0776332351	-0.1712117012	0.0902514907	-0.0078153496	0.0998958431	0.0126295937	0.0007943868	0.0258329367	0.096761734	0.0120435342	-0.0390486221	-0.0190623118	-0.0444322691	0.0859477704	-0.0053741445	-0.0906543325	0.0160479313	0.0887648233	-0.0264992443	-0.0856447597	0.0240496393772247	-0.024321740893896	0.0005783851541745	0.0005915470801098	-0.0365920847020646	-0.0178899065351884	0.0003200487558377	0.001338980662843	-0.0412942955114061	0.0200785228816329	0.0017052188417833	0.0004031470811082	-0.0036170307947536	-0.0001350228441557	1.8231168443921395e-08	1.308291177019586e-05	0.0002220960609555	-8.874414630000063e-07	4.9326660291949175e-08	7.875523502515915e-13	0.0002239026573542	0.0002145144424213	5.013239997027229e-08	4.601644600734078e-08	0.0	0.0	0.0	0.0	0.0	0.0	0.0	1.0	0.0	0.0	0.0	0.0	0.0	0.0	0.0	0.0	0.0	0.0	0.0	0.0	0.0
3939.578956669032	-8.877823148652169	78.81574385874431	15520282.355829457	5259.895751953125	-67.16008594368122	4510.477143962648	27666503.32141453	4541.79015126659	-17.22655011885945	20627857.7781422	296.75402899757654	4616.572522208415	3621.611819013159	1.486543	30.624691	0.0464967287875127	0.0275575610505319	0.0769134223	0.0634893066	-0.0612953008	-0.0291496511	-0.0832928803	0.0059355501	0.077205899	0.0608452128	-0.0087667221	-0.0325152717	0.1005484154	-0.0760359972	-0.0842005812	0.0493915639	0.0718758938	0.0755118022	-0.003939729	0.0370286421	0.0269950769	0.0818489606	0.1153391618	-0.1146090649	0.0307727144	0.1452194758	-0.0387278497	-0.1035069671	-0.0730282185	0.0598391461	-0.0318457401	0.0281919661	-0.0648714333	-0.0867804741	-0.0599724184	0.0250341251	0.0104583232	0.0341095457	0.0919830308	-0.0963523977	-0.0480255045	0.0500669414	0.0462289941	-0.0739082355	-0.0843459919	-0.1081696522	-0.1814763177	-0.0463717214	0.0624816664	-0.0043137454	0.0288779	-0.117647355	0.0564571201	-0.0231737977	-0.2229731189	-0.1182975144	0.0219885678	-0.0432340327	-0.1596540444	0.0151283048	-0.1532939662	-0.0799251398	0.0044669471	-0.0309534453	0.027751802	0.0543978364	0.0016580414	0.0532036449	0.0524180406	0.069210891	-0.0030683247	0.0877845216	-0.027578835	-0.0065665228	-0.0903423981	0.0195636596	0.0875278662	-0.0321558829	-0.0829017503	0.044205890071197	0.0201562506939722	0.0019541607169867	0.0004062744420382	-0.0327276452356954	0.0038644394663691	1.4933892389231849e-05	0.0010710987626735	-0.0415081801487673	-0.0002138846373612	0.0017229290192625	4.574663809913331e-08	-0.0032680221887558	0.0003490086059978	1.218070070605277e-07	1.0679969026200248e-05	0.0002222920132861	1.9595233059999326e-07	4.9413739170787665e-08	3.839731586756904e-14	0.0001278641358864	-9.60385214678e-05	1.6349237245975763e-08	9.223397605721081e-09	0.0	0.0	0.0	0.0	0.0	0.0	0.0	0.0	0.0	0.0	0.0	0.0	0.0	0.0	0.0	0.0	0.0	0.0	0.0	0.0	0.0
3937.761207899051	-1.8177487699808808	3.304210590767005	15505963.330434592	5256.242682734623	-3.653069218502424	13.344914715169908	27628087.139801264	4539.830064196216	-1.9600870703743567	20610057.01177982	3.841941323448729	4607.872560296448	3671.4415067475416	1.249165	25.734406	0.0374837114573143	0.0256951836410934	0.0155534018	-0.0863511818	0.0151895263	0.006509945	0.010510764	-0.0797948011	0.0167649576	0.0709782139	0.0497475292	0.0345461435	-0.0923520109	0.0050941974	0.0392982577	0.0259065889	0.0218177783	0.1121700995	0.096818744	-0.1331005839	-0.004976249	-0.0355239517	-0.1381373882	-0.0679375208	-0.0064833006	-0.0242360894	-0.0259312044	0.0605836862	-0.0505749791	0.0100457687	0.060305573	-0.0737822791	0.0269483102	0.0281192789	-0.0052180795	-0.0177427988	-0.0083594828	0.163273004	-0.0676973939	-0.0429308943	0.0789488049	-0.0283254254	-0.0876615463	-0.0356985617	-0.0488689705	0.0106036337	0.0518486981	-0.0496702016	-0.0222685124	0.0050331237	0.0187459756	0.0876714894	0.0414902575	-0.0395499952	-0.1184407285	0.0735144849	-0.0120501318	0.003002821	-0.00238913	0.068034878	-0.0200948874	-0.0113055644	-0.078595381	-0.0576686779	-0.0196943755	0.0348969929	-0.0064442798	0.0586329604	-0.0382802085	-0.0011308412	0.1131444899	0.082125457	-0.0700970923	-0.0077577759	-0.0899685475	0.0230492221	0.0860510014	-0.037674825	-0.0796476241	0.0429727485312128	-0.0012331415399841	0.0018466571163268	1.5206380576345954e-06	-0.0313700181112324	0.001357627124463	1.843151409077681e-06	0.000984078036299	-0.0651912084444745	-0.0236830282957071	0.0042498936584509	0.0005608858292552	-0.0031860351547534	8.19870340023998e-05	6.721873744510661e-09	1.0150820007324522e-05	0.0002220709436455	-2.2106964059999187e-07	4.9315504011602846e-08	4.887178599500956e-14	0.0002698543221866	0.0001419901863002	7.282135520278934e-08	2.0161213005565512e-08	0.0	0.0	0.0	0.0	0.0	0.0	0.0	0.0	0.0	0.0	0.0	0.0	0.0	0.0	0.0	0.0	0.0	0.0	0.0	0.0	0.0
3946.569470955146	8.808263056094802	77.58549806536453	15575410.58907518	5293.52728348744	37.28460075281782	1390.1414532970234	28021431.10102592	4558.578117648697	18.748053452481145	20780634.45470554	351.48950825709016	4629.852369316658	3817.072135207795	1.212414	24.97728	0.0979896262725252	0.0469719041755814	-0.0879325078	0.031200098	-0.0325581464	0.0035575865	0.0405054724	0.0548803927	0.1051003991	-0.0939413619	0.1019433506	-0.0668677745	-0.0098243574	-0.0113012151	0.0241482698	-0.004214611	0.1333681832	0.0064216029	-0.0659909705	0.0996634781	0.0963682269	0.0278184088	-0.1216465891	0.0350300573	-0.0096442021	0.0205807032	0.0221049165	0.024440378	0.070688911	-0.09139327	-0.0618749471	-0.0391623087	0.0199808855	-0.0210505453	-0.0061217389	-0.0931043549	-0.0132127263	-0.0037696229	0.0931735526	-0.0152798518	-0.0376246637	0.0971676387	-0.1229593886	0.1218359131	0.0373699728	0.0661568735	0.0706175032	0.0785530492	0.0018760929	-0.0449790199	0.0194477273	-0.0382082174	-0.0395861357	-0.0979878686	0.0133113988	0.0060453851	0.0413643017	-0.0342197892	-0.0709828937	0.0345327316	-0.0081864382	0.087762713	-0.0205716466	-0.0256758529	0.0309532417	0.0016144763	-0.0967884461	0.0572321437	0.0362740867	-0.0638113914	0.0357478434	0.0515593135	-0.0667341376	-0.0089476998	-0.089533037	0.0264992443	0.0843382767	-0.0430324377	-0.0759024438	0.0277056734303471	-0.0152670751008657	0.000767604340229	0.0002330835821354	-0.0101108132923144	0.021259204818918	0.0004519537895327	0.000102228545432	-0.029175065242903	0.0360161432015714	0.0008511844319276	0.0012971625711161	-0.0033151027344733	-0.0001290675797199	1.665844013475279e-08	1.0989906140112352e-05	0.0003756782929673	0.0001536073493218	1.411341798068245e-07	2.359521776566949e-08	0.0004961234561683	0.0002262691339816	2.4613848376037905e-07	5.119772099282848e-08	0.0	0.0	0.0	0.0	0.0	0.0	0.0	0.0	0.0	0.0	0.0	0.0	0.0	0.0	0.0	0.0	0.0	0.0	0.0	0.0	0.0
3934.5746310834575	-11.994839871688328	143.87618354744404	15480877.527565526	5262.824123720579	-30.703159766861063	942.684019669396	27697317.757215284	4542.730077196415	-15.848040452282476	20636396.554264944	251.1603861771817	4619.321916702991	3781.363495925377	1.127458	23.227093	0.0783612712479769	0.0367085763836133	-0.0090101018	0.0801866279	-0.0462843739	0.0390689175	-0.0569314944	0.0107270138	0.0495237533	-0.0543839006	-0.0655565913	0.0336088513	-0.0728594411	0.1195430131	-0.0524293747	0.0427962396	-0.0324019719	-0.0685111027	-0.0378933064	0.099770848	-0.0350936014	-0.0918435006	-0.0099300727	-0.0134970666	0.0143716547	0.0101059053	0.0717176151	0.0520671368	0.0276501503	0.0420032388	0.1246969909	-0.0176438829	-0.0680974759	0.0932161611	-0.0074819381	-0.0106896563	0.0613882612	-0.0853628468	0.0834467104	0.0900128441	0.022092953	-0.0590006252	-0.0402040276	-0.0055994134	0.0875543821	0.0481730579	-0.0426205001	-0.0002878203	0.0625314837	-0.048463663	0.059878164	-0.0810094324	0.0615712082	-0.0641887502	-0.0209204687	0.0437540594	-0.0868636995	0.1017653227	-0.0094529907	0.0994189466	-0.0253849001	-0.0253429189	-0.0497576867	-0.1030634734	0.0128039057	0.0104574577	0.0095585492	0.0134413696	0.0449753228	-0.0886914541	0.047274561	0.0057455301	0.1676088096	-0.0101360905	-0.089036165	0.0299084066	0.0823943867	-0.0482057789	-0.0716892996	0.0192739127061969	-0.0084317607241501	0.000371483711006	7.109458890932187e-05	-0.0106938438269423	-0.0005830305346279	3.399246043084961e-07	0.000114358295795	-0.0102488111724099	0.0189262540704931	0.0001050381304477	0.0003582030931408	-0.0030369922772699	0.0002781104572034	7.73454264058844e-08	9.223322092197013e-06	-9.135359257661511e-05	-0.0004670318855439	8.345478876654189e-09	2.1811878211470467e-07	0.0002328612805415	-0.0002632621756268	5.4224375975427174e-08	6.93069731157561e-08	0.0	0.0	0.0	0.0	0.0	0.0	0.0	0.0	0.0	0.0	0.0	0.0	0.0	0.0	0.0	0.0	0.0	0.0	0.0	0.0	0.0
3920.2143135051656	-14.36031757829187	206.2187209493985	15368080.263810776	5252.918692673309	-9.905431047270213	98.11756423222468	27593154.791836668	4539.454654844741	-3.275422351674024	20606648.563391585	10.728391581845791	4612.420647748038	3627.663706142701	1.328627	27.37142	0.1395693698611368	0.0660560103678642	0.0915822726	-0.0419562601	0.0332786729	-0.0170055928	-0.031622684	0.0656564787	-0.0039170553	0.0071800863	-0.0595725744	0.0302430676	-0.002433835	-0.0089660093	0.05629414	0.0168581327	-0.0340757655	-0.0606896993	-0.0488750727	0.0686930292	-0.0638664959	0.0262212131	-0.0126795278	-0.0037215075	0.0850532259	0.0045040098	0.0792778254	0.0274459121	-0.008259463	0.0303196075	0.0010066824	0.0834539643	0.0641753371	0.0020271952	0.0158256329	0.0350232317	0.0378459068	-0.0840472815	0.0400692746	-0.0166116519	-0.0522034837	-0.1036289708	0.0032292567	-0.0016407062	0.0344983611	0.0296972885	-0.0065030548	0.0709352693	-0.0164521521	0.0102126394	0.0527016722	0.0221397614	0.1221584107	-0.0534303604	0.004231739	-0.0224396267	0.1094955751	0.0209703457	0.0545781187	-0.0516072512	-0.0080879318	0.036000815	0.0385261633	-0.007248678	-0.0389822161	0.0326786674	-0.0560787787	0.0171479886	0.0253153218	-0.1224326208	-0.0444231317	-0.0191618985	-0.0562804299	-0.0113227445	-0.0884782721	0.0332714524	0.0802246594	-0.0531726956	-0.0670341672	0.025291539726183	0.0060176270199861	0.000639661981721	3.62118349516668e-05	0.0010858057578246	0.0117796495847669	0.0001387601443398	1.1789741437250538e-06	-0.054825787956183	-0.0445769767837731	0.0030058670250163	0.001987106859181	-0.0039360786978866	-0.0008990864206167	8.0835639173735e-07	1.549271551595667e-05	0.0002208869582576	0.0003122405508342	4.8791048328294736e-08	9.74941615852541e-08	0.0005654366385428	0.0003325753580013	3.197185922065811e-07	1.1060636874969289e-07	0.0	0.0	0.0	0.0	0.0	0.0	0.0	0.0	0.0	0.0	0.0	0.0	0.0	0.0	0.0	0.0	0.0	0.0	0.0	0.0	0.0
3923.024326372441	2.810012867275418	7.896172314253416	15390119.865309944	5235.205962748467	-17.71272992484228	313.74080139040313	27407381.4723971	4534.676562035707	-4.778092809033296	20563291.52227598	22.830170891735698	4599.311367182261	3714.2997012721335	1.120302	23.07966	0.0425053027948775	0.0204225073928443	-0.0197081121	-0.0546030629	0.0596356695	-0.0267811688	0.0185999345	-0.0416568318	-0.0939409994	-0.0195189253	-0.0234973192	0.0325430858	-0.0160651445	0.0777998827	-0.046459852	-0.0234013456	-0.1078161677	-0.0228202128	0.0236776961	-0.0355315356	-0.075589403	0.0993946166	0.0534774671	-0.0167877849	-0.0796590939	0.0351224098	0.0319433034	0.0612067859	0.0792283241	-0.0818998299	0.0690209759	0.0465224609	-0.0801881187	0.0754330713	0.0422617419	0.0681731066	0.0294052497	-0.0290547573	-0.1132152053	0.0386446605	-0.0927936578	0.0332439149	-0.0017278755	-0.0968497399	0.0258951261	0.0902114232	-0.034165893	-0.0453482287	0.0762154285	-0.0300311487	-0.0252228756	0.0874387349	0.0111977392	-0.0410330762	0.0368748139	-0.0792578775	-0.0350826632	0.0746904466	-0.0361402333	0.0376558571	-0.043648172	-0.0990372144	-0.0979651908	-0.0262334717	0.0056680418	0.0884328557	-0.0429571418	-0.1139959666	0.0460579853	-0.0560201131	0.0649202717	0.0959390204	0.0028087623	-0.0125074584	-0.0878597406	0.036583196	0.0778350419	-0.0579119187	-0.0619657467	0.0198710612591241	-0.0054204784670589	0.0003948590755638	2.9381586811849216e-05	-0.0023026118113875	-0.0033884175692121	1.1481373623345237e-05	5.302021153941225e-06	-0.0406649178306892	0.0141608701254938	0.0016536355421767	0.0002005302427111	-0.0038690037308513	6.707496703530023e-05	4.499051202786612e-09	1.4969189869341277e-05	-2.823797839135445e-05	-0.0002491249366489	7.973834236306007e-10	6.206323406034557e-08	0.0006399474675208	7.451082897800003e-05	4.095327611862854e-07	5.551863634988769e-09	0.0	0.0	0.0	0.0	0.0	0.0	0.0	0.0	0.0	0.0	0.0	0.0	0.0	0.0	0.0	0.0	0.0	0.0	0.0	0.0	0.0
3928.715478700336	5.691152327894997	32.38921481930465	15434805.31257961	5253.315143054045	18.109180305577866	327.9424113399292	27597319.99224094	4540.424529594023	5.747967558315395	20615454.9089391	33.03913105144624	4610.088491808191	3777.916049156069	1.086432	22.381889	0.145253608344585	0.0794695183026713	-0.0694410835	0.0990047908	0.010874101	-0.0404900724	0.0082681917	0.0341985344	-0.0163906663	-0.1142687207	0.075302349	-0.0937243523	0.0125585259	-0.0151396833	0.0771035297	-0.0409267179	-0.069047395	0.020163874	0.0270114988	0.1151964068	0.0039052351	-0.0556421521	0.1564808194	0.022953231	0.0376755117	0.1080350245	0.003494847	0.0049533389	0.1288457924	-0.0396094303	-0.0889913752	-0.0394231605	0.0426270472	-0.0070126688	0.0850549554	0.0551652896	-0.0285797059	0.0160833591	0.0256943198	0.1224130061	-0.0645317814	0.0818178323	0.0974132522	0.0333804382	0.116480559	-0.0847509883	-0.076079506	0.0967111345	0.0308140382	-0.0722141388	-0.0250331051	-0.059024844	-0.0398013549	-0.054730547	0.0241288106	-0.1064697787	0.0080728269	0.1041382524	0.1291766474	0.030242896	0.0661354471	0.0544166086	-0.0971611256	-0.0454716797	0.0144333178	0.0289346856	-0.0640612438	-0.1369375449	-0.0315436532	-0.0745690591	0.0646072153	0.018040256	-0.0207636916	-0.0136900291	-0.0871809944	0.0398385309	0.075232084	-0.062403154	-0.0565152869	0.0074774636230188	-0.0123935976361053	5.591246223356944e-05	0.0001536012623656	-0.0049200170756478	-0.0026174052642603	6.850810317377531e-06	2.420656802466593e-05	0.027062493194073	0.0677274110247622	0.0007323785378792	0.004587002204117	-0.0036952362690618	0.0001737674617894	3.0195130776765306e-08	1.3654771084189772e-05	-0.0004079712068032	-0.0003797332284118	1.664405055804594e-07	1.4419732476008289e-07	0.0013367506657086	0.0006968031981878	1.7869023422723857e-06	4.855346970047465e-07	0.0	0.0	0.0	0.0	0.0	0.0	0.0	0.0	0.0	0.0	0.0	0.0	0.0	0.0	0.0	0.0	0.0	0.0	0.0	0.0	0.0
3931.834287115671	3.1188084153350246	9.726965931564568	15459320.861338396	5228.3581635680375	-24.956979486007185	622.8508250649835	27335729.08654854	4535.690249774044	-4.734279819978838	20572486.04189533	22.41340541385885	4602.76030957136	3604.8659006674834	1.341355	27.63364	0.1644222633026092	0.0894361564241717	0.100696619	-0.0013711265	0.0479377648	-0.0366365632	-0.0650145311	-0.0499542842	-0.0080643929	-0.0012658011	0.0058560793	-0.0518208684	0.0451642319	-0.0643146725	-0.0314096759	0.0164084217	-0.082755945	-0.0520644845	0.0111863169	0.0162227531	0.0195458274	-0.0001783631	0.0213752866	0.0257471797	0.0150505432	-0.0594751503	-0.006180763	-0.0612821746	-0.0173481384	-0.0496808435	0.0708805154	0.03716082	-0.0090600498	-0.0629203582	0.0090928615	0.0909964274	0.0534102478	-0.0495732699	-0.0248155249	0.0165051906	0.031435777	-0.0267130448	0.0437732842	0.0579965955	-0.0006119188	-0.0299115319	0.0518233095	-0.0299038964	0.0179400017	-0.0052047503	0.0070366891	-0.0063207271	0.0966167135	0.0399071975	0.0750397574	-0.1096599973	-0.0041657402	0.0363126399	-0.0326307713	-0.0032277598	0.0449020342	0.0541643789	0.0521443063	-0.0036536983	-0.0124701625	0.0849709854	0.0260896812	-0.0928163482	-0.0246053044	-0.024822353	0.0836120349	0.0751846895	-0.0926374561	-0.0148702542	-0.0864424987	0.0430324377	0.0724229201	-0.0666271694	-0.0507163915	0.053693669609018	0.0462162059859992	0.0028830101560823	0.0021359376957403	0.0013684914528795	0.0062885085285273	3.954533951336059e-05	1.872768856604245e-06	-0.0481359918343997	-0.0751984850284727	0.0023170737098813	0.0056548121505774	-0.0041333123524595	-0.0004380760833977	1.9191065484506872e-07	1.7084271002994288e-05	-0.0003827039001949	2.5267306608300043e-05	1.4646227522438797e-07	6.38436783237843e-10	0.0010657127805224	-0.0002710378851861	1.1357437305687854e-06	7.346153520620773e-08	0.0	0.0	0.0	0.0	0.0	0.0	0.0	0.0	0.0	0.0	0.0	0.0	0.0	0.0	0.0	0.0	0.0	0.0	0.0	0.0	0.0
3947.304468932417	15.470181816745937	239.32652544317656	15581212.57045383	5271.184116025514	42.82595245747689	1834.0622038900704	27785381.985039685	4548.977752637183	13.287502863138798	20693198.593988035	176.55773233792175	4624.943573914884	3729.9221805106135	1.139285	23.470739	0.1032336789756797	0.0542649084350357	0.0122055984	-0.0308468909	0.1128125429	0.0288432371	0.0234994891	-0.0920180799	0.0277980709	0.1135517048	0.0615491666	-0.0521058906	-0.1502758587	0.0621116583	-0.0317426925	-0.0275777182	0.0131615877	-0.0602541254	0.0886969346	-0.0154330002	-0.0836718841	-0.0348150559	-0.0291635516	0.0419425751	0.05468229	0.004456149	-0.0290178948	-0.0188515425	0.0314921337	0.0334229588	-0.0572970029	-0.110135717	-0.0386770348	0.0362605366	0.0141234363	-0.083019054	0.0305766913	0.0332189281	-0.0746861607	0.0288337657	0.0120741208	-0.1032204894	0.0473398046	0.1131437029	-0.0793742023	-0.0502522306	-0.0341743628	0.037926574	-0.0454872876	-0.0114043247	-0.0685406335	0.088390957	-0.0023097576	0.0711954199	-0.0308468274	0.0068226304	-0.0255517356	0.0350409071	0.0738822833	0.0700756116	0.0810352632	-0.0643660414	-0.1070248217	-0.0714782229	-0.0614469343	0.1025473702	0.0151053266	0.007687061	0.0631415615	0.0745108041	0.1276533791	-0.0192856574	-0.1304430612	-0.0160479313	-0.0856447597	0.0461599916	0.06941525	-0.0705658771	-0.0446048127	0.0347579751847746	-0.0189356944242434	0.0012081168389454	0.0003585605233283	-0.0210149518563156	-0.0223834433091951	0.0005010185343759	0.0004416282015232	-0.0870222585569635	-0.0388862667225637	0.007572873484355	0.0015121417396183	-0.0040870175931172	4.629475934229965e-05	2.1432047425614407e-09	1.6703712806449515e-05	6.872673941948904e-06	0.0003895765741368	4.7233647112343496e-11	1.5176990711620373e-07	0.001041018623608	-2.469415691440011e-05	1.0837197746986949e-06	6.098013857130149e-10	0.0	0.0	0.0	0.0	0.0	0.0	0.0	0.0	0.0	0.0	0.0	0.0	0.0	0.0	0.0	0.0	0.0	0.0	0.0	0.0	0.0
3945.47762437446	-1.8268445579569743	3.3373610389370127	15566793.684439532	5288.53064660181	17.346530576295663	300.9021230343604	27968556.40004656	4546.613843818096	-2.363908819086646	20671697.44479836	5.588064904955621	4622.258978454852	3809.424218204701	1.110655	22.880917	0.1012904614846012	0.0637742980263227	-0.0988147057	0.0345569729	0.0559663103	-0.017271813	0.0855630095	-0.0318611244	-0.0189706066	-0.0817328238	-0.0350743739	-0.0020291682	0.0718682038	-0.1034084256	-0.076229823	-0.0326122157	0.0669067274	0.0242679846	0.035061304	-0.0303913677	-0.0522067271	0.0819198352	-0.0023164905	0.0048352156	-0.0479319703	0.0780611237	-0.0092773198	-0.0113495891	-0.0469878999	0.0265577736	-0.0142150329	0.0041558359	-0.0587002444	-0.127068387	0.0038719872	-0.070928792	-0.0184489933	0.0441004604	-0.0458893468	-0.0261126948	-0.0658265802	0.0295747709	-0.0056560415	-0.0343662082	-0.0548707469	0.0239632983	-0.0557355978	0.0172829726	0.0192808242	-0.0577372876	-0.071464912	0.0028645564	-0.0780483395	-0.0201672456	0.0275166117	-0.0372467008	0.0300977462	-0.0571098123	-0.0561514356	-0.0046301401	0.0857370072	0.0267494031	0.0881626862	0.0339313447	0.0693839223	0.0830078241	-0.0054421707	-0.0265313279	0.0231203632	0.0018287333	-0.0657386956	-0.0664908947	-0.0550032677	-0.0172228587	-0.084788324	0.0492163702	0.0662173176	-0.0742024108	-0.0382182304	0.0390875945309687	0.0043296193461941	0.0015278400462174	1.8745603682938237e-05	-0.0156090845638772	0.0054058672924383	2.9223401183455256e-05	0.0002436435209222	-0.0260297806806022	0.0609924778763612	0.0006775494822802	0.0037200823574984	-0.0037798960068216	0.0003071215862956	9.43236687687258e-08	1.4287613822385878e-05	-0.0002011501315413	-0.0002080228054832	4.046137541908229e-08	4.3273487601121614e-08	0.0011371241712213	9.610554761329996e-05	1.2930513807757282e-06	9.236276282052265e-09	0.0	0.0	0.0	0.0	0.0	0.0	0.0	0.0	0.0	0.0	0.0	0.0	0.0	0.0	0.0	0.0	0.0	0.0	0.0	0.0	0.0
3937.3914397266935	-8.086184647766459	65.38638215777397	15503051.349633044	5249.394769982447	-39.13587661936344	1531.6168387660382	27556145.451119065	4541.981386888991	-4.632456929104592	20629594.918846045	21.459657200009147	4618.173247505155	3654.7514340870057	1.391567	28.668077	0.0795244376743349	0.0358293764022455	0.064375479	0.0890008138	-0.0428586625	-0.0192002236	-0.1002685979	0.0250411969	0.032415918	0.0391536033	0.0520945127	0.0256021224	-0.0387256954	0.0577758151	-0.0355596885	0.0114548476	-0.0193972565	0.0765606398	-0.0235542889	0.0434973668	-0.0330450599	-0.0699245105	-0.0026662827	-0.0135832456	-0.0024974644	-0.0125034263	0.0315588186	-0.0881139523	-0.049456486	0.0174301821	-0.0305476818	0.075699691	-0.0396482499	0.049746397	-0.0476270202	0.0171946198	-0.0730888865	0.0251995344	0.0610669625	0.0264640686	0.036327516	-0.0767746478	0.0400144754	0.018989382	-0.0500032115	-0.0083851913	-0.023278173	-0.06101949	0.0618746551	-0.0158432979	0.0003820333	-0.0977044583	0.02893918	0.0314276785	-0.0414375956	0.0861466882	-0.077033262	0.011821785	0.0378889233	-0.0062318643	0.0103027114	-0.0887432074	0.0686904403	0.0327970315	0.0856490708	0.056108041	0.0217085799	-0.0636086277	0.0143132836	0.0537710093	-0.0188667456	-0.0013505118	-0.0146413706	-0.0183948351	-0.0838737786	0.0521968607	0.0628378881	-0.0775211985	-0.0315960199	0.0600048638414278	0.020917269310459	0.0036005836846282	0.0004375321554062	-0.0263912253521994	-0.0107821407883221	0.0001162545599792	0.0006964967755905	-0.0450512708802008	-0.0190214901995986	0.0020296170079212	0.0003618170894134	-0.0035389361165444	0.0002409598902772	5.80616687224004e-08	1.2524068836982358e-05	-0.0001739681058061	2.7182025735199997e-05	3.0264901837762415e-08	7.388625230690746e-10	0.0008291953397146	-0.0003079288315066	6.875649114044109e-07	9.48201652730816e-08	0.0	0.0	0.0	0.0	0.0	0.0	0.0	0.0	0.0	0.0	0.0	0.0	0.0	0.0	0.0	0.0	0.0	0.0	0.0	0.0	0.0
3940.365562369734	2.974122643040573	8.845405495846645	15526480.76510935	5266.5600555033625	17.16528552091586	294.6470270145636	27736654.81822358	4543.118756809628	1.1373699206369563	20639928.038475465	1.293610336369717	4616.0809666711375	3670.861356203085	1.180638	24.32266	0.0879683329230742	0.0456188826977211	0.0511377213	-0.0667739189	0.046998215	-0.0014960494	0.0169962533	-0.034123322	0.0190641526	0.0666796668	0.015468893	0.0206559237	-0.0413748704	-0.0773045128	-0.0072368061	0.0341729106	0.0231869829	-0.0419955116	-0.0367115223	-0.0365009779	-0.0708987196	-0.012452009	-0.0516156401	-0.0547053158	0.0529511116	0.0114902594	0.1586229403	-0.0857496881	0.0380908617	0.0113268716	-0.0350185904	-0.0677703452	0.0324918994	-0.0698180069	-0.0289480249	-0.0213049743	0.0460079068	-0.005516455	-0.026214987	-0.0686433761	0.0307998413	-0.1063777047	-0.062540547	0.032259614	0.0235657195	0.0039023106	0.0129148423	0.1240045098	0.1277841925	0.019020292	0.0180682522	0.0678402382	0.0700372438	-0.0101216696	0.0061634506	0.0321884684	0.0860827721	-0.0903352015	-0.0061949287	-0.0368240122	0.0521548567	0.0400039293	-0.0650989002	-0.0051362135	0.1007307251	0.0090273999	-0.0078140053	-0.0125280859	0.0281446742	0.0367327917	-0.0116695697	0.0033051851	-0.0059192483	-0.0195636596	-0.0829017503	0.0550968674	0.0592862243	-0.0805080284	-0.0247790096	0.0441005786286297	-0.0159042852127981	0.0019448610353799	0.00025294628813	-0.0198073791118105	0.0065838462403889	4.334703131708306e-05	0.0003923322672789	-0.085103801753128	-0.0400525308729272	0.0072426570728357	0.0016042052293267	-0.0038384374727302	-0.0002995013561858	8.970106235713359e-08	1.4733602232059404e-05	-0.0001469422070852	2.7025898720899997e-05	2.159201222306981e-08	7.303992016723439e-10	0.0010112214967471	0.0001820261570324	1.022568915483445e-06	3.313352184402032e-08	0.0	0.0	0.0	0.0	0.0	0.0	0.0	0.0	0.0	0.0	0.0	0.0	0.0	0.0	0.0	0.0	0.0	0.0	0.0	0.0	0.0
3934.215682277303	-6.149880092430976	37.82102515127883	15478053.034676664	5263.629693526256	-2.9303619771062586	8.5870213168701	27705797.55057131	4540.818854233731	-2.2999025758972493	20619035.86696453	5.289551858618803	4608.005079015642	3765.372364630146	1.165339	24.007475	0.0838775403336903	0.0384117062103522	-0.0789042918	-0.0583047426	-0.0427917521	-0.0302748564	0.0876798283	0.0196399556	-0.0733685498	-0.0609393521	-0.0376774099	0.0308161886	0.0773192635	0.0925484261	-0.0507049503	0.0063712447	-0.1080195862	-0.0464708689	-0.0321769355	-0.0780787012	0.0493616308	0.0605859355	0.0104288605	0.0166730755	-0.0783907723	0.034518164	-0.0657916492	0.0017677048	0.0910573602	-0.1491153972	-0.0810552532	0.0087553961	-0.0645613054	0.0930429644	-0.0286591521	0.0411384064	-0.0024127516	-0.0507518558	-0.1190252502	0.0506544685	-0.0123063027	0.1138134073	-0.0302189304	-0.0165050229	0.0457821207	0.0332592433	0.0365550313	-0.01471844	4.7989e-05	0.01948818	0.0232214111	0.0450655705	-0.027822501	-0.1239942031	0.0434675558	-0.0095979928	-0.0977009975	0.05064408	-0.0614870448	-0.0406438584	-0.0030718182	0.0252686542	0.0932950707	0.0367235093	0.0691115522	-0.0181864033	0.0505867034	-0.0004981593	0.0412776668	0.0590979759	-0.002042447	-0.0522730153	0.0095632701	-0.0207291319	-0.0818729053	0.0579119187	0.0555720611	-0.0831501106	-0.0178092284	0.0708900310796281	0.0267894524509984	0.0050253965064706	0.0007176747626243	-0.0130492020869326	0.0067581770248778	4.567295669958749e-05	0.0001702816751056	-0.070544542500059	0.014559259253069	0.0049765324765426	0.000211972029998	-0.0034893603953971	0.0003490770773331	1.2185480591941917e-07	1.2175635968965806e-05	-0.0003409643187486	-0.0001940221116634	1.1625666665969693e-07	3.764457981432486e-08	0.0008389076536487	-0.0001723138430983	7.037660513503672e-07	2.9692060523339983e-08	0.0	0.0	0.0	0.0	0.0	0.0	0.0	0.0	0.0	0.0	0.0	0.0	0.0	0.0	0.0	0.0	0.0	0.0	0.0	0.0	0.0
3931.906874214612	-2.308808062691241	5.330594670348083	15459891.66749612	5248.962556090536	-14.667137435720178	215.1249205583043	27551607.915240493	4545.62380599371	4.804951759979304	20662695.785616744	23.087561415728207	4617.464267845317	3612.9635707412767	1.425754	29.372364	0.1307137292685226	0.0697170327699738	0.0764633784	0.0554695698	-0.0903711951	-0.0330685736	-0.0606349051	0.0770713222	-0.0056945179	-0.0298841253	-0.0329198431	0.0175369501	-0.0111749611	0.005896564	0.0630202352	-0.0107380704	-0.0065636661	-0.0283680207	-0.0533050437	0.0598095006	0.0326807567	-0.0426170588	0.0950483465	0.0592172626	0.0938581257	0.0043157697	-0.0006110509	0.0380197126	-0.0718244389	-0.0735768896	0.0362927058	0.0651588807	0.0585446422	0.0134806354	0.0225742437	0.0374047315	-0.006935812	-0.0656980679	0.0956861667	0.0167411677	-0.0117168613	0.0022404127	0.1071906633	0.0121740141	0.077182688	0.0142024713	-0.102291695	-0.0908347549	-0.0251430117	0.0096730555	0.0625988673	-0.0828039085	0.0081384333	-0.0167367531	0.0113961091	0.0155769849	0.0694241577	0.0260691741	0.0876657189	0.027994281	-0.0854179975	-0.0628186508	0.001149567	0.0436597587	0.0102582301	0.0229798243	0.0790456629	0.0170990345	0.0364046696	0.0509854412	-0.0521173697	-0.0163664739	-0.0264542475	-0.0218910524	-0.0807879487	0.060637674	0.0517055788	-0.0854361313	-0.0107296473	0.0362590861746383	-0.0346309449049898	0.0013147213302198	0.0011993023450124	-0.0237910556527367	-0.0107418535658041	0.0001153874180291	0.0005660143290716	-0.0628398945707502	0.0077046479293087	0.003948852349663	5.936159971460225e-05	-0.0032806625284654	0.0002086978669316	4.355479966184152e-08	1.0762746625676992e-05	0.0006442142333251	0.0009851785520736	4.1501197841864644e-07	9.705767794660318e-07	0.0004800584152857	-0.000358849238363	2.3045608208661763e-07	1.287727758737052e-07	0.0	0.0	0.0	0.0	0.0	0.0	0.0	0.0	0.0	0.0	0.0	0.0	0.0	0.0	0.0	0.0	0.0	0.0	0.0	0.0	0.0
3928.498009097601	-3.4088651170109188	11.620361385973863	15433096.607483815	5255.156400656399	6.193844565862491	38.36371050606432	27616668.795359917	4534.0698578799775	-11.553948113732986	20557789.47613576	133.49371701483403	4604.657265855519	3684.161774877471	1.215125	25.033148	0.1080436569045112	0.0548742103134639	0.0524999399	-0.0718904632	0.0377047355	0.014001535	-0.0211860036	-0.0198669831	-0.0101411048	0.0168419881	-0.0697695832	-0.0010889009	0.0541927689	-0.0675302671	-0.0056122897	0.0274377435	-0.0951283446	-0.0204634388	0.0056305461	-0.0470480302	0.0234019489	-0.001120965	-0.0602646522	-0.0189583165	0.0586825729	-0.0926806133	0.0570434962	-0.0723290945	-0.016469014	-0.0020432296	0.1876783546	0.0231851295	0.0277903121	-0.0460223702	0.0002113901	0.0953043708	0.0522865387	-0.039056473	-0.045691039	-0.0398648321	0.0590659167	-0.0638554607	-0.0439353584	-0.0183415899	0.0088662317	-0.0141082581	0.0916251733	-0.0087565838	0.0249703355	0.0354329701	0.0227640599	0.0676844442	0.0762987777	0.0197898632	0.0751357548	-0.0879133232	-0.0134321369	-0.0022037765	-0.0353877977	-0.0615416361	-0.0358295541	0.0274995376	-0.1122674689	0.0729322855	-0.0088822738	-0.0447002568	0.0520383568	0.0133047479	0.0713725923	0.0290368995	-0.0957525884	0.0100644943	0.100786342	-0.0230492221	-0.0796476241	0.0632699305	0.047697375	-0.0873563013	-0.0035839144	0.0398951980206163	0.003636111845978	0.0015916268251041	1.3221309356461542e-05	-0.020995224832859	0.0027958308198776	7.81666997337801e-06	0.0004407994657822	-0.1038277779810457	-0.0409878834102954	0.0107802074804813	0.0016800065864559	-0.0039871064356312	-0.0007064439071658	4.990629939716816e-07	1.5897017729051734e-05	0.0002992229962983	-0.0003449912370267	8.953440151373248e-08	1.1901895362528167e-07	0.0006410998876603	0.0001610414723746	4.110090659580493e-07	2.5934355824579053e-08	0.0	0.0	0.0	0.0	0.0	0.0	0.0	0.0	0.0	0.0	0.0	0.0	0.0	0.0	0.0	0.0	0.0	0.0	0.0	0.0	0.0
3931.998101440378	3.500092342776952	12.250646407965853	15460609.069730736	5239.389135433149	-15.767265223249524	248.60665262029383	27451198.51249492	4535.735861123836	1.6660032438585404	20572899.801884785	2.775566808547179	4603.883245640047	3763.00086621132	1.088613	22.426836	0.0656668222911856	0.0370210091011065	-0.0596760502	-0.0534241663	0.0381385849	-0.0156846386	0.0692889783	-0.0204512557	-0.117118215	0.0217141654	-0.0240117312	0.0171403719	0.0104282749	-0.021794231	0.0636100849	-0.0378334343	-0.1266021149	-0.003822254	0.0546961312	-0.0663266988	-0.0371290473	0.0035369227	0.0131379178	0.0076565394	-0.0235568887	0.0547895106	-0.0413707741	0.0650104927	0.056061387	0.0194620144	-0.0857166197	0.0880052416	0.053421821	0.0045859727	0.0565729159	0.0668643106	-0.0177637276	0.0246266848	-0.126552524	0.0613308299	-0.0033954357	0.0138606074	0.0290515205	-0.0673847	0.0243363822	0.0363784203	-0.0690845039	-0.0124604296	-0.0644539343	0.0080195635	-0.0523196732	0.0757282312	-0.0624241895	-0.0212251882	-0.0112705573	-0.0544036592	-0.0003101497	0.0599342039	0.1085079053	-0.009429336	-0.0067183504	-0.1033488417	0.0252164747	-0.0214245201	-0.1313608223	-0.0079672302	0.0455920519	0.0636527708	-0.0262249818	0.0008691594	-0.0628174039	0.0390818324	0.0248153346	-0.0242034423	-0.0784527129	0.0658046293	0.0435584361	-0.0889023983	0.0035839144	0.0473422974728521	0.0074470994522358	0.002241293130008	5.54592902514908e-05	-0.0185160558394699	0.0024791689933891	6.146278897781926e-06	0.0003428443238503	-0.070578766450815	0.0332490115302307	0.0049813622737186	0.0011054967677374	-0.0038240539042269	0.0001630525314043	2.658612799735032e-08	1.4623388262432996e-05	0.0001180732692014	-0.0001811497270969	1.3941296899906276e-08	3.2815223627281354e-08	0.0007467284754657	0.0001056285878054	5.576034160713285e-07	1.1157398561763105e-08	0.0	0.0	0.0	0.0	0.0	0.0	0.0	0.0	0.0	0.0	0.0	0.0	0.0	0.0	0.0	0.0	0.0	0.0	0.0	0.0	0.0
3940.572004291855	8.573902851477214	73.51181010656911	15528107.72100873	5241.179022294056	1.7898868609072451	3.203694974848392	27469957.54373528	4540.504542331121	4.768681207285226	20616181.498929545	22.740320456715285	4613.583525301561	3736.3265761611606	1.17313	24.167992	0.0586425323359214	0.0294185158937106	-0.022477703	0.11164119	-0.0300891733	-0.0362911705	-0.0344740593	0.063926507	-0.007196219	0.0364922083	0.0930442786	-0.0498659601	0.0404459747	-0.0302309295	-0.0698690769	-0.0080001675	-0.0592294706	-0.0584641081	-0.0173712071	0.0471396994	-0.0206817125	-0.0887319115	0.0524481588	-0.0321897078	-0.0009944976	0.0042426268	-0.0883969588	0.0168435245	-0.1080401439	-0.0920517099	-0.0776252789	-0.0308516689	-0.0431534236	-0.0515666192	-0.0347636722	0.0049933244	-0.0116863231	-0.0531340173	-0.0113620546	0.1350120628	0.0310209443	-0.0196700378	0.0396781108	0.0013923087	-0.0370046315	-0.0895421033	-0.0637102041	-0.0466286613	-0.0709683366	-0.0070159155	-0.0492735394	-0.1040663864	-0.0492947	0.0307261054	0.0564174525	-0.0404730662	0.0064620371	-0.0702766402	-0.0119842491	-0.0014340983	0.010188313	-0.0562935751	-0.0884866477	0.0142622907	-0.0430708279	-0.0580530076	0.0349224461	-0.0006275724	-0.0941184018	0.0288149899	0.0020560243	-0.0291147967	-0.0187277989	-0.0253535154	-0.0772040342	0.0682378621	0.0393001065	-0.0900678015	0.0107296473	0.0354797976629157	-0.0118624998099364	0.0012588160422014	0.0001407189017407	-0.0226648135013931	-0.0041487576619232	1.7212190137366454e-05	0.0005136937710529	-0.0703217895373882	0.0002569769134267	0.0049451540837407	6.603713403436429e-08	-0.0040452639368132	-0.0002212100325863	4.893387851683204e-08	1.6364160318481433e-05	0.0005160298280024	0.000397956558801	2.662867833881866e-07	1.583694226927338e-07	0.0009750478430911	0.0002283193676254	9.507182963166063e-07	5.212973363286256e-08	0.0	0.0	0.0	0.0	0.0	0.0	0.0	0.0	0.0	0.0	0.0	0.0	0.0	0.0	0.0	0.0	0.0	0.0	0.0	0.0	0.0
3945.9272458670193	5.3552415751642	28.678612328367144	15570341.82967568	5241.682962538321	0.5039402442644132	0.2539557697892764	27475240.279764507	4542.641163966546	2.13662163542449	20635588.744563334	4.565152012964021	4611.286455408186	3693.543425270009	1.205111	24.826838	0.0576128591602848	0.0310263982427291	0.0616394115	-0.0080179123	0.0851524366	0.0046540764	-0.0375657863	-0.0212968932	-0.0035745103	0.112160629	0.037100817	-0.0353345294	-0.0280962659	0.0357014287	0.0794973727	-0.0044559493	-0.0501349133	0.0045402464	0.0627287906	-0.0123848298	0.036237283	0.0123890332	-0.0193912384	-0.0171517964	0.0253876124	-0.0181083274	-0.0554520522	0.029245349	-0.0887129481	0.1401650487	-0.0565278945	-0.0155761917	0.0653355825	0.0685922981	0.0349260996	0.0566574334	0.0032163724	0.0343831287	-0.0201676293	-0.0331196113	0.0540801813	-0.0407632307	0.0213455085	0.0281368512	-0.0998105	-0.0402118365	0.019875665	0.0802589622	-0.0946166325	0.0111824261	-0.0564700035	0.0239674344	0.0629834312	0.0872158856	-0.0578709788	0.0398299045	-0.0322754923	-0.0402176293	0.0528423939	-0.0768143861	0.0843699641	0.0431236071	0.0095018103	0.0490305941	0.0017549341	-0.0053048283	-0.0162287956	0.0416892736	0.0254196492	0.04143433	-0.0781448016	-0.0021637436	-0.0066335117	-0.0264992443	-0.0759024438	0.0705658771	0.034934058	-0.0908475206	0.0178092284	0.0418492582016227	0.0063694605387069	0.001751360412026	4.057002755414562e-05	-0.0113839585357453	0.0112808549656478	0.0001272576887559	0.0001295945119435	-0.0814900461041361	-0.0111682565667479	0.0066406276140542	0.0001247299547407	-0.0040690244934576	-2.376055664440012e-05	5.645640520517467e-10	1.655696032835788e-05	1.990227908765796e-05	-0.0004961275489147	3.9610071288302725e-10	2.461425447921498e-07	0.0010310454793156	5.599763622449996e-05	1.0630547804171353e-06	3.13573526273143e-09	0.0	0.0	0.0	0.0	0.0	0.0	0.0	0.0	0.0	0.0	0.0	0.0	0.0	0.0	0.0	0.0	0.0	0.0	0.0	0.0	0.0
3939.613783095404	-6.313462771615377	39.85981216857332	15520556.75995528	5289.04059996786	47.35763742953896	2242.7458229076688	27973950.46810838	4547.303186286648	4.662022320102551	20677966.268012702	21.73445211313437	4620.401563128688	3759.3141141789833	1.133343	23.34833	0.0353816246325378	0.0186838534388237	-0.0553901585	-0.0808334132	0.025638904	-0.0460166644	0.1191476166	0.0300373579	-0.0117807294	0.0290364338	-0.077246962	0.0081875151	0.0208484406	-0.0507033135	0.0288076511	0.008719977	0.0892756965	-0.0032576602	-0.0729817284	-0.0394911593	-0.0643559027	0.0778121603	-0.0367417625	0.0683333569	-0.0594917073	-0.0042795077	0.0197515621	-0.024041281	-0.0589122623	-0.1145663204	0.0185824558	0.0203887974	0.0604088549	-0.0471563072	-0.0495937222	-0.0923682251	-0.0272683314	0.0034142836	-0.0512325405	-0.0478203737	-0.0882740694	-0.0198682344	-0.0291754929	0.0109221581	-0.0271809998	0.0877825385	-0.0085206823	-0.0591943228	0.0281754812	0.0247647821	-0.0487160835	0.0484813741	-0.0375055372	-0.0725202714	0.0004165577	0.0265871554	0.0694406709	-0.084569361	-0.0602105264	-0.0156789922	0.0363767979	-0.0801622192	0.0872459462	-0.0375817061	0.0348400003	-0.0060087747	0.0300987834	0.059079667	0.0119960041	0.0415830162	-0.0283597781	0.0172201299	0.0206952573	-0.0276404327	-0.0745488335	0.0727850846	0.0304722578	-0.0912382167	0.0247790096	0.0531905216655701	0.0113412634639473	0.0028292315950554	0.0001286242569586	-0.0162019822357137	-0.0048180236999683	2.3213352373457174e-05	0.0002625042283663	-0.0834879427091053	-0.0019978966049691	0.0069702365777988	3.991590844147451e-06	-0.004152902838083	-8.38783446253993e-05	7.035576697097252e-09	1.7246601982557834e-05	-0.0002146957134421	-0.0002345979925297	4.609424937041232e-08	5.5036218098992384e-08	0.0010570579594335	2.6012480117900035e-05	1.1173715296017149e-06	6.766491218841445e-10	0.0	0.0	0.0	0.0	0.0	0.0	0.0	0.0	0.0	0.0	0.0	0.0	0.0	0.0	0.0	0.0	0.0	0.0	0.0	0.0	0.0
3938.819195787726	-0.7945873076778298	0.6313689895227022	15514296.65710587	5249.3063215424745	-39.73427842538513	1578.812881986026	27555216.857385784	4542.032993032512	-5.270193254135847	20630063.709795885	27.774936935938992	4620.13533720745	3795.2879038843616	1.143995	23.56777	0.0335817818636937	0.0208923272572515	-0.0404657834	0.0596173831	-0.0833418247	-0.0211409883	-0.0543365914	0.1020771528	-0.0182183578	0.0171309135	0.0409855767	0.0090633838	-0.0340987078	0.1135656422	-0.0494805694	0.0344694616	-0.0696513943	-0.0230015754	-0.0723751402	0.0708286867	-0.085188499	-0.1522957976	0.0541155565	-0.0249646066	0.0034888445	0.0608598626	0.0090120809	0.0229713256	0.0047982278	0.0718983578	0.0270074763	-0.096793726	-0.0547548288	0.091489024	-0.0684098786	0.0055430865	-0.0254595972	-0.0783975061	0.0589872946	0.1304249006	0.0498841305	-0.0978965232	0.0239340706	-0.0318413684	0.0573519546	-0.0262247546	-0.080870455	-0.0041375204	0.0654149228	0.0214778743	-0.0026029983	-0.1050211576	0.0003803256	-0.0617353887	-0.0249631405	0.0749819583	-0.0965995777	0.0067280184	0.0192202793	0.0205089526	0.0493911427	-0.0465976123	-0.0667555377	-0.0095001128	0.07366151	-0.0502655664	0.0364231778	0.0281700734	-0.0044330048	0.0495493091	-0.0728407489	-0.0085181747	0.0471285615	-0.0287768851	-0.0731441312	0.0748920628	0.0259269352	-0.0912382167	0.0315960199	0.0539602734457389	0.0007697517801688	0.0029117111103389	5.925178030730422e-07	-0.018384301598175	-0.0021823193624613	4.762517799773506e-06	0.0003379825452526	-0.0704662348364166	0.0130217078726886	0.004965490252021	0.0001695648759216	-0.0038078996464335	0.0003450031916494	1.1902720224834137e-07	1.4500099717308377e-05	-0.0002140004596473	6.952537948000013e-07	4.579619672925568e-08	4.833778391838022e-13	0.0010505963479103	-6.461611523200057e-06	1.10375268624246e-06	4.175242347675176e-11	0.0	0.0	0.0	0.0	0.0	0.0	0.0	0.0	0.0	0.0	0.0	0.0	0.0	0.0	0.0	0.0	0.0	0.0	0.0	0.0	0.0
3934.558617112882	-4.260578674844055	18.15253064453593	15480751.511497237	5242.207542709158	-7.098778833316828	50.39266092434703	27480739.920836784	4540.689611758369	-1.343381274143212	20617862.15033037	1.80467324771864	4610.748214656192	3666.217202883156	1.185056	24.413671	0.0503710497912013	0.0302291934225947	0.061644469	-0.0653964361	0.0224840913	-0.0172523155	-0.0378648907	-0.0043057584	-0.0156019761	0.0651498945	-0.0122819917	0.0148162	0.0165213765	-0.0083934401	0.0636624413	0.00880437	-0.0803982563	-0.0884791949	-0.0185596463	-0.018863781	-0.0328611189	-0.0040744921	-0.013439308	0.0432291915	0.0924588532	-0.0911098817	0.0164714905	-0.0361955745	-0.0126967961	0.0233746282	-0.0455017298	-0.0116772072	0.0806476083	0.0142666255	0.0203503762	0.0591712135	0.0581801796	-0.0789406982	-0.032874947	-0.0192030515	0.0314187066	-0.0991387119	0.0071021515	0.0308311327	0.0310186469	0.0010409657	0.0747069292	0.0344923288	-0.0426440646	0.0420577796	0.0309889001	0.0363292938	0.1008843022	-0.0270589228	0.0005315072	0.0321372487	0.0811803781	-0.0670031036	0.0122813993	-0.0209486564	0.0565563618	0.0958102799	-0.0527049428	0.0209280926	0.0436988388	0.0051672418	0.0480620087	-0.0089084405	0.0289065397	0.0129535405	-0.0270560957	-0.0970185532	0.0795143259	-0.0299084066	-0.0716892996	0.0768835629	0.0213105486	-0.0908475206	0.0382182304	0.0470307012533339	-0.006929572192405	0.0022118868603803	4.801897076975269e-05	-0.0203196267611502	-0.0019353251629751	3.745483486444975e-06	0.0004128872317124	-0.0702257814358304	0.0002404534005862	0.004931660378273	5.7817837853469815e-08	-0.0042240951493221	-0.0004161955028885	1.7321869662469428e-07	1.7842979830526492e-05	0.0001583601431935	0.0003723606028408	2.5077934952265826e-08	1.38652418547964e-07	0.001013838472935	-3.6757874975300005e-05	1.0278684492031726e-06	1.3511413726997863e-09	0.0	0.0	0.0	0.0	0.0	0.0	0.0	0.0	0.0	0.0	0.0	0.0	0.0	0.0	0.0	0.0	0.0	0.0	0.0	0.0	0.0
3935.734334702976	1.175717590093882	1.3823118516561652	15490004.753359877	5255.195242966278	12.987700257120196	168.6803579688	27617077.0416954	4535.555674895998	-5.133936862371229	20571265.28008129	26.35730770681414	4606.76754407105	3787.4006261078166	1.162841	23.956018	0.1065871318998211	0.0480411048899732	-0.0824680014	-0.0109025396	-0.0435696608	-0.0473984173	0.0504378653	0.0524877605	-0.0301835029	-0.0434964859	0.0482726137	-0.0378875693	0.0313217465	0.0070595296	-0.0483529308	0.0396672236	-0.0870413488	0.0271576889	-0.053924153	-0.0015888406	-0.0042817188	0.0293635956	0.0613884019	-0.0719503235	-0.1562067958	-0.0174460499	-0.0139534322	-0.0126019239	0.0780255702	0.0060306736	-0.0472100692	0.0246552939	-0.0401214075	-0.000690407	-0.0542853442	0.0484833169	-0.021949238	-0.0440165653	-0.0508856006	0.098722086	-0.0523415228	0.0911373627	-0.0002103611	-0.0967272713	-0.0138979339	-0.0526163816	0.087796381	0.0127972283	0.0548124943	0.0157096838	0.0023264663	0.000665512	-0.045019325	-0.0949970937	0.0636614788	-0.0362875886	-0.0733573335	0.0405841889	-0.0815861764	-0.0184217615	0.0434138787	0.0504512497	0.0370556404	0.0263649224	0.0789397975	-0.0051997447	0.0072049248	-0.0616435795	0.0393204528	0.0121864727	0.056689086	-0.0667962194	-0.0245830654	-0.0310348036	-0.0701853358	0.0787565141	0.0166357513	-0.0900678015	0.0446048127	0.0379128062036357	-0.0091178950496981	0.0014373808742344	8.31360101373109e-05	-0.0127635689604233	0.0075560578007268	5.709400948792583e-05	0.0001629086926074	-0.0398721950165708	0.0303535864192596	0.0015897919354394	0.0009213402085114	-0.0036899597139915	0.0005341354353305	2.853006632758091e-07	1.3615802690880233e-05	-7.066026997692987e-05	-0.0002290204131704	4.992873753212616e-09	5.245034964875441e-08	0.0014418744770367	0.0004280360041017	2.079002007529857e-06	1.8321482080735054e-07	0.0	0.0	0.0	0.0	0.0	0.0	0.0	0.0	0.0	0.0	0.0	0.0	0.0	0.0	0.0	0.0	0.0	0.0	0.0	0.0	0.0
3936.797164076773	1.0628293737968306	1.129606277805363	15498371.911082922	5246.769127181814	-8.426115784463946	70.99942721319245	27528586.27394821	4547.472830746707	11.917155850708696	20679509.146379467	142.0186035700805	4616.402850891899	3660.952600317689	1.206576	24.85701	0.1513503424655948	0.0712798692232908	0.079379011	-0.0504263889	0.003164167	-0.0112430523	-0.0489753535	0.0131042619	0.0180299907	0.0480968498	-0.0262012141	-0.0513318051	0.0063641842	0.0155223897	0.0777167964	0.0022761927	-0.0037238923	0.0058722498	-0.0478419172	-0.0332004071	-0.0168405087	0.0127525685	0.0785707841	-0.0708825998	0.1139234185	-0.0745133624	0.0361231012	-0.0400949457	-0.0252963243	0.0581179925	-0.0720720146	0.0031043942	0.0636710836	0.0440368795	-0.0064636352	0.053394543	-0.021732306	-0.021018815	0.0317980356	-0.1031132249	0.0019378318	-0.0510188621	0.0460141767	-0.0269298604	0.0362132428	-0.0869252697	0.0051733614	0.0358268693	-0.024939975	0.0629828585	0.0221547548	-0.0042960681	0.0725041886	0.0107913282	-0.005522845	-0.0039954189	0.0366658273	0.0222495563	0.1046932642	-0.0544697074	0.0574079595	0.1005131626	0.0702444275	0.0290931991	0.0797868256	0.0104165429	0.0789038913	-0.0601443164	0.0416210377	0.0371755899	0.0007419495	0.1092148225	-0.0302692789	-0.0321558829	-0.0686332704	0.0805080284	0.0119153566	-0.0889023983	0.0507163915	0.0540393895536794	0.0161265833500437	0.0029202556233343	0.0002600666905459	-0.0252395035524415	-0.0124759345920182	0.0001556489439443	0.0006370325395737	-0.0967405125073952	-0.0568683174908244	0.0093587267601934	0.0032340055342372	-0.0044032614140501	-0.0007133017000586	5.08799315306489e-07	1.938871108046249e-05	-0.0004291363467829	-0.0003584760768059	1.8415800413017341e-07	1.2850509764219982e-07	0.0011960621132471	-0.0002458123637896	1.4305645787451183e-06	6.042371819183064e-08	0.0	0.0	0.0	0.0	0.0	0.0	0.0	0.0	0.0	0.0	0.0	0.0	0.0	0.0	0.0	0.0	0.0	0.0	0.0	0.0	0.0
3940.671989372824	3.8748252960513128	15.014271074919144	15528895.727827571	5279.873836469047	33.10470928723316	1095.9217769922216	27877067.72903037	4547.906956498861	0.434125752154614	20683457.684970737	0.1884651686838093	4619.220204627565	3793.253424665397	1.207276	24.871433	0.1401579573488738	0.0658841808796902	-0.0815288149	-0.0341170113	-0.0323504587	-0.023635497	0.0732301284	0.002251674	-0.0487173333	-0.0845011209	-0.0098534671	0.0365415084	0.1020059653	-0.0280336251	-0.0473025927	0.0204456516	0.0185500713	-0.0659207084	-0.0335920777	-0.0123484012	-0.0202109181	0.0004285603	0.004745357	0.0231204279	-0.045545681	0.0170185373	-0.0476916759	0.0146772537	-0.0053587164	-0.0310368484	0.0450416531	0.0504209955	-0.0333831162	-0.0426114681	-0.0288271288	-0.0302533688	0.0331839696	-0.037150831	-0.0350793287	0.0384943273	-0.0195542225	0.0500964143	-0.0206995743	-0.0058199648	0.0695807546	0.0177888473	0.0093846428	-0.0198191593	-0.004401896	0.016604994	5.23844e-05	0.0262291586	-0.0549459442	-0.0598280044	0.074230164	-0.0704383561	-0.0091965572	0.0380593962	-0.0895713718	0.0228097374	0.0487468872	0.0462595519	0.0545363299	-0.039108846	0.0258354058	0.0528467679	0.0861727384	-0.0795117117	0.0609875216	0.0605329156	0.0823733244	-0.0057947113	0.0882671667	-0.0332714524	-0.0670341672	0.0821354052	0.0071623028	-0.0873563013	0.0565152869	0.0270024015214289	-0.0270369880322505	0.0007291296879244	0.000730998721856	-0.0137399195669161	0.0114995839855253	0.0001322404318401	0.0001887853897053	-0.0510604471376723	0.0456800653697229	0.002607169261899	0.0020866683721821	-0.0036809313009427	0.0007223301131073	5.217607923017492e-07	1.3549255242259718e-05	-0.0001208646847079	0.000308271662075	1.4608272009540076e-08	9.5031417638483e-08	0.0012842867372922	8.822462404510013e-05	1.6493924235846446e-06	7.783584287899261e-09	0.0	0.0	0.0	0.0	0.0	0.0	0.0	0.0	0.0	0.0	0.0	0.0	0.0	0.0	0.0	0.0	0.0	0.0	0.0	0.0	0.0
3937.528090136325	-3.1438992364992373	9.884102409260487	15504127.460612614	5234.533039334454	-45.34079713459323	2055.787884800338	27400336.139883995	4546.34693853073	-1.560017968131433	20669270.48548774	2.4336560608929245	4613.826106779565	3633.089118981436	1.244174	25.631578	0.0790877123266467	0.0363433442603163	0.0784536412	-0.0089548375	-0.0056776369	-0.0179616285	-0.086260359	-0.0217374138	-0.0336391177	-0.0026608442	0.0034928379	-0.0163981473	0.0231060803	0.0194139861	0.0740868701	0.0038284117	0.0011666373	0.0964082472	0.0363586678	-0.0117399946	0.0930828906	0.0949671487	0.0009753541	-0.0944269178	0.081219064	-0.0391929965	-0.0883455302	0.1055317275	0.071611777	-0.0036335841	0.1147071055	-0.0494294945	0.0468320473	0.0468070787	0.0336676705	0.0795551244	-0.0145140255	0.058474855	0.0418315354	-0.0890100587	-0.014967779	0.0871872006	-0.0617452143	-0.0432759143	-0.0029659969	-0.0731478385	0.0059736715	-0.0462655737	-0.0968087428	0.0409006797	0.0112808027	-0.0312735873	0.0524819547	0.0401267773	0.0098895184	-0.0285951915	-0.0255881918	0.0970895624	0.0911141105	-0.0042870173	0.0509895191	0.0639090451	0.0558027446	0.0006831715	0.0377993768	0.1289376469	0.0834658744	-0.0848353816	0.0060054424	0.166836414	0.0004885605	0.0854918122	-0.0467043219	-0.034381321	-0.0653891221	0.0836361352	0.0023896175	-0.0854361313	0.0619657467	0.0381594542526784	0.0111570527312495	0.0014561439488622	0.0001244798256478	-0.0084599320232712	0.0052799875436449	2.78782684610453e-05	7.157044983836955e-05	-0.0695784185292396	-0.0185179713915673	0.00484115632503	0.0003429152644589	-0.0042293018458662	-0.0005483705449235	3.0071025453969664e-07	1.788699410344725e-05	-0.0002950568000135	-0.0001741921153055	8.705851523420653e-08	3.034289303463943e-08	0.0014443780902668	0.0001600913529745	2.0862280676427683e-06	2.5629241297237925e-08	0.0	0.0	0.0	0.0	0.0	0.0	0.0	0.0	0.0	0.0	0.0	0.0	0.0	0.0	0.0	0.0	0.0	0.0	0.0	0.0	0.0
3957.7581748010016	20.230084664676724	409.2563255399884	15663849.770204157	5300.568941140476	66.0359018060226	4360.740327334658	28096031.09978307	4552.371367295835	6.024428765104858	20724085.065774947	36.293741945822845	4625.570888535659	3812.023413942152	1.299411	26.769529	0.0403430233642498	0.0222727714311042	-0.0811112404	-0.0267278379	0.0118257095	-0.0115151784	0.0782999984	-0.0878685801	0.0131262675	-0.0593570304	-0.017807893	0.0447901673	0.0517345961	-0.0711946134	-0.0653899708	0.0177310321	0.094459395	-0.0735437065	0.0118245912	-0.0510488713	-0.0152423503	0.0231126137	0.0656434936	-0.0311331027	0.0179256596	0.0203920701	-0.1128485189	0.0212693066	-0.0650561596	-0.0499052243	0.0455708787	0.0019440621	-0.0377280608	-0.0981223984	-0.038380227	-0.111462512	0.0541756266	0.000298725	-0.0572503119	-0.0123566061	-0.0309197088	0.0515416972	0.0035137556	-0.0093870402	0.0026585002	-0.0675876627	-0.0380107913	-0.0309451663	-0.1019442218	0.0282371158	-0.0597599173	0.0370053517	-0.0676777823	0.0108596991	0.066094035	-0.0807577084	0.0438379143	-0.0109399447	-0.0382545454	0.0211025242	0.0585572281	0.0288465498	0.1036901422	-0.0295982648	0.0681316079	0.0608513372	0.1187372288	-0.0666068163	-0.0583931785	0.0724725506	0.080738517	-0.0248469805	0.0292470117	-0.0354852986	-0.0636992625	0.0850079043	-0.0023896175	-0.0831501106	0.0670341672	0.0362515906887779	-0.0019078635639004	0.0013141778274666	3.639943378459112e-06	-0.0100897403835347	-0.0016298083602634	2.6562752911847973e-06	0.0001018028610071	-0.0638057845835788	0.0057726339456607	0.004071178146326	3.3323302670595366e-05	-0.0039800593569737	0.0002492424888925	6.212181826932824e-08	1.58408724850339e-05	-0.0006398231246274	-0.0003447663246139	4.093736308079694e-07	1.1886381858777707e-07	0.0014177325538847	-2.664553638210003e-05	2.0099655943444334e-06	7.099846090898164e-10	0.0	0.0	0.0	0.0	0.0	0.0	0.0	0.0	0.0	0.0	0.0	0.0	0.0	0.0	0.0	0.0	0.0	0.0	0.0	0.0	0.0
3950.4655896688655	-7.292585132136082	53.18179790945224	15606178.375157775	5297.409834849684	-3.1591062907928062	9.979952556526683	28062550.95836215	4547.195352351798	-5.176014944036979	20676985.57244979	26.79113070089413	4626.006390092711	3837.379050180082	1.14472	23.582701	0.0778851496789447	0.0410591079798553	-0.0233307833	0.0944994576	-0.0184527207	0.0310315781	-0.0135557739	0.0435225787	0.0945322179	-0.0326662494	0.0268874307	-0.0406021885	-0.1233553858	0.0283453133	0.0120999649	-0.0101005861	0.0164054396	0.0746041451	0.0132095386	0.0899089543	-0.060180907	-0.109066815	-0.054665119	-0.1050881863	-0.0146478289	0.1211861865	0.0117957804	-0.0764676104	-0.0309800298	-0.079429436	0.1236382224	0.0325886566	0.004107973	0.0311557741	0.0004089015	-0.0314995723	-0.0621097702	0.0512160992	0.0752681596	0.0794290625	0.0392947734	-0.0540286488	-0.1190496383	-0.0080084145	-0.0265567231	-0.0781651644	-0.1194603203	0.0268221144	0.0858971199	0.0132355176	-0.0519619808	-0.0988958272	0.004444319	0.0309828117	0.0065484816	0.0007122065	-0.1080957337	0.0533024908	0.0402243674	0.0475997954	0.0507363565	-0.0389037432	0.0023764924	0.0067112537	0.1455526786	-0.0516038997	0.0878482017	-0.0399629169	-0.0218209977	-0.0195931508	0.0456424383	-0.0661653908	0.0514801283	-0.036583196	-0.0619657467	0.0862485974	-0.0071623028	-0.0805080284	0.0716892996	0.028393847378183	-0.0078577433105949	0.0008062105689355	6.174412993519896e-05	-0.0118613814887851	-0.0017716411052503	3.138712205812857e-06	0.0001406923708224	-0.0461771445146794	0.0176286400688994	0.0021323286755295	0.0003107689506788	-0.0044119460200957	-0.000431886663122	1.8652608978265618e-07	1.9465267684238288e-05	-0.0001017224857655	0.0005381006388618	1.0347464110312349e-08	2.8955229754358484e-07	0.0014602877557848	4.255520190010005e-05	2.132440329695008e-06	1.8109452087582787e-09	0.0	0.0	0.0	0.0	0.0	0.0	0.0	0.0	0.0	0.0	0.0	0.0	0.0	0.0	0.0	0.0	0.0	0.0	0.0	0.0	0.0
3932.738450220522	-17.727139448343678	314.2514730210226	15466431.717842912	5258.418535063538	-38.991299786145646	1520.3214590130815	27650965.48989977	4543.444489154121	-3.750863197677063	20642887.82602495	14.068974727688202	4620.277517949051	3677.242671595845	1.267765	26.117588	0.0686597001699566	0.0330059216034711	0.0780623751	-0.0079376269	0.0157036901	-0.0006961938	-0.0595245163	0.0817658389	0.0124515471	0.022240749	-0.0941247677	0.0339420039	-0.0149106056	-0.0256399142	-0.0088452858	0.0187458585	0.0267287221	0.0399988423	-0.1046646988	0.0577027728	-0.0513770836	0.0895282295	-0.0412430649	0.0248460278	0.0273760652	0.0276168826	0.1670999929	0.0243739169	-0.0502543839	0.0164627584	-0.0986455979	-0.0476409305	0.0095213291	-0.0254354656	-0.0504367172	0.0254526625	-0.0365280703	-0.0431283105	0.0813994016	-0.104237018	-0.0729238412	-0.0940130579	-0.0258396114	-0.0043675958	-0.0399019028	0.1248332549	-0.0454585951	0.0803073182	0.0413278211	0.0426052784	-0.0206161058	-0.0171381605	0.0632010321	0.0693330881	-0.0038136655	-0.0205176235	0.087385096	-0.0464376264	0.0114118662	-0.0502276737	0.0495889725	-0.0061803365	0.0864397076	0.0022329584	-0.022114217	0.0465330004	0.0018285533	-0.0101205405	0.0892343634	-0.1075239724	0.0638247189	-0.0738454978	0.0053786958	-0.037674825	-0.0601897627	0.0873563013	-0.0119153566	-0.0775211985	0.0759024438	0.0379734909336804	0.0095796435554974	0.0014419860136903	9.176957065038294e-05	-0.0178957008816951	-0.0060343193929099	3.64130105356497e-05	0.0003202561100471	-0.0716314902731127	-0.0254543457584333	0.005131070398747	0.0006479237179898	-0.0043100412969286	0.000101904723167	1.0384572603763261e-08	1.857645598122997e-05	4.3010747039717856e-05	0.0001447332328052	1.8499243609145982e-09	2.0947708678249383e-08	0.0011550978824948	-0.00030518987329	1.3342511181439708e-06	9.314085875876625e-08	0.0	0.0	0.0	0.0	0.0	0.0	0.0	0.0	0.0	0.0	0.0	0.0	0.0	0.0	0.0	0.0	0.0	0.0	0.0	0.0	0.0
3931.0137205250426	-1.7247296954792546	2.9746925224679623	15452868.870956138	5234.1168807790245	-24.30165428451346	590.5704009640115	27395979.521655947	4539.553166554205	-3.8913225999158394	20607542.95197231	15.14239157661576	4611.482660514603	3730.451460356997	1.086235	22.377831	0.0851976867601665	0.0431106876433767	-0.0182538369	-0.0642817904	0.0483588107	-0.0440016031	0.0625099333	-0.0034094716	-0.1172182511	0.0626062974	-0.0458006784	0.0072753197	0.0217249853	0.0917273172	-0.0173554592	0.0038292661	-0.0754669838	0.0176684843	0.0174439162	-0.0906392943	-0.0682368818	-0.034170485	-0.0479887746	0.1129281965	-0.0465080893	0.0052206977	-3.44389e-05	0.0021062132	-0.0816137653	0.0948226793	0.0543669968	-0.0955115735	-0.0221294851	0.0881264829	-0.0260219615	0.0010582296	-0.0379969158	0.0287785428	-0.1009202084	0.0488866018	0.0352799174	-0.0897626454	0.0246580524	-0.0051694764	-0.0389986054	0.1077056373	-0.0129412957	-0.0250823549	-0.0168014153	0.0224667371	-0.0849390721	0.0658551837	-0.0206566905	-0.0004908864	-0.0396284223	0.0165159754	-0.0602867508	0.0079667579	-0.0361891702	-0.0034788626	0.0014478223	-0.1267441897	-0.0537467071	0.0191767288	0.0721012774	0.0894902869	-0.0093247808	-0.1398955179	0.0891495904	0.0021929881	0.0022442782	-0.0230941593	-0.0837686182	-0.0387599986	-0.0583725276	0.0883293083	-0.0166357513	-0.0742024108	0.0796476241	0.0205354599311107	-0.0174380310025697	0.0004217051145822	0.0003040849252465	-0.0249347093115943	-0.0070390084298991	4.954763967619199e-05	0.0006217397284537	-0.0427426047025889	0.0288888855705238	0.0018269302567617	0.0008345677095068	-0.0047310314010683	-0.0004209901041396	1.7723266778355536e-07	2.2382658117894284e-05	1.7818245976242153e-05	-2.5192501063475703e-05	3.1748988966986967e-10	6.346621098332243e-10	0.0013455505124351	0.0001904526299403	1.8105061815143605e-06	3.6272204251176875e-08	0.0	0.0	0.0	0.0	0.0	0.0	0.0	0.0	0.0	0.0	0.0	0.0	0.0	0.0	0.0	0.0	0.0	0.0	0.0	0.0	0.0
3933.213478482077	2.199757957034308	4.838935069535752	15470168.26731308	5241.2393203928505	7.122439613825918	50.72914605259669	27470589.61363211	4537.931866580824	-1.621299973380701	20592825.62572972	2.628613603684262	4611.569009281535	3786.5618240452113	1.088396	22.42235	0.0882276073309548	0.043000094143799	-0.0611331085	0.0452021902	-0.0586861098	-0.0721296514	-0.0194858521	0.1355114637	-0.0209614295	0.0223713153	0.1181756126	0.0312246163	0.0592050208	-0.0019364751	0.0590742067	-0.0091228156	-0.0786437698	0.0530082291	-0.0987432604	0.0461080972	0.0211586868	-0.0619399099	0.0466069457	0.1755855376	-0.0235125582	0.0198637234	-0.0554773545	0.0700119957	0.016587765	0.06157348	-0.0863524732	0.1389068487	0.0668744222	0.0048625343	-0.0380600977	0.0535306499	-0.125531534	-0.0368432773	0.0127976256	0.1073322022	-0.021112728	0.0288129841	0.1134146185	0.0587266513	0.0326059314	0.0638026832	0.0114189671	0.0402175383	-0.0828639917	0.027104883	-0.053500824	-0.1021603888	-0.0668824502	-0.0334380671	-0.033268791	0.030876952	0.0404264583	-0.0493608463	0.0725796184	-0.0561426519	0.0913287964	0.0282469676	-0.0705317159	0.0196177221	0.0421095596	0.0252614134	-0.0081264996	-0.1240270072	-0.0182473546	-0.0038083182	0.0092731276	0.0302394564	0.0046897597	-0.0398385309	-0.0565152869	0.0891661178	-0.0213105486	-0.0705658771	0.0829017503	0.0319562399414081	0.0114207800102974	0.0010212012711928	0.0001304342160436	-0.0257040032854547	-0.0007692939738604	5.918132182179301e-07	0.0006606957848986	-0.024727349061429	0.0180152556411599	0.0006114417916057	0.0003245494358163	-0.0043051200140973	0.000425911386971	1.8140050955156138e-07	1.853405833578113e-05	-0.0005063517782093	-0.0005241700241855	2.563921232957201e-07	2.747542142546718e-07	0.0015559146553913	0.0002103641429562	2.4208704148614283e-06	4.4253072641696566e-08	0.0	0.0	0.0	0.0	0.0	0.0	0.0	0.0	0.0	0.0	0.0	0.0	0.0	0.0	0.0	0.0	0.0	0.0	0.0	0.0	0.0
3931.9249101313417	-1.288568350735204	1.660408394516444	15460033.498911358	5242.90236383752	1.6630434446697109	2.7657134988588976	27488025.196733057	4533.842896475089	-4.088970105734916	20555731.409917627	16.71967652559381	4600.846248250151	3644.4838410858815	1.246824	25.686184	0.0694244883442008	0.0420354708675829	0.0624513073	-0.0746350797	0.0010007902	-0.0563391784	-0.0316518911	-0.0477499537	-0.0205160526	0.0732798225	-0.0236809804	0.0278893561	0.1567537384	-0.0079492579	0.0065323962	0.0223900042	-0.1331705743	0.010974047	-0.0599634803	-0.0852077523	0.0510378119	0.1107979548	0.0167798975	-0.00459479	-0.0469781657	-0.0697684167	0.1023408297	-0.1209922746	-0.0170080563	0.0721327176	0.0441851417	-0.0799354573	0.0212134177	0.014052112	-0.0378762635	0.1350822775	-0.0060090981	-0.0626258131	-0.1010855233	-0.0845656114	-0.0031551724	0.0256899536	0.0207298629	-0.0036339968	-0.0887480275	-0.0159554525	0.0788203417	0.0032103589	0.1221633779	0.0778439441	-0.0084269585	0.0281113212	0.089097108	-0.0005984337	0.0127663631	0.0135150243	-0.0369304168	-0.0568912268	-0.0774899258	-0.0726377245	0.0666272576	0.0232759563	-0.0522905578	0.0095797848	0.0529637307	-0.0139314139	0.024801901	-0.0860820888	-0.0106089389	0.0157003952	-0.0228261464	0.0374436371	0.1121684672	-0.0409102371	-0.0546193134	0.0898654396	-0.0259269352	-0.0666271694	0.0856447597	0.0342762853443616	0.0023200454029534	0.001174863737008	5.382610671765653e-06	-0.0290412344379262	-0.0033372311524715	1.1137111765026255e-05	0.0008433932976785	-0.0625598022101598	-0.0378324531487308	0.0039137288525743	0.0014312945112509	-0.0046802208032181	-0.0003751007891208	1.407006019990473e-07	2.190446676687548e-05	-0.0003905783315929	0.0001157734466164	1.5255143310989338e-07	1.3403490941440422e-08	0.0015280937183276	-2.7820937063700087e-05	2.3350704119922705e-06	7.740045391023613e-10	0.0	0.0	0.0	0.0	0.0	0.0	0.0	0.0	0.0	0.0	0.0	0.0	0.0	0.0	0.0	0.0	0.0	0.0	0.0	0.0	0.0
3933.822983703773	1.898073572431258	3.6026832863619584	15474963.267116057	5289.857031713558	46.954667876038	2204.740835349035	27982587.415969376	4540.838997576391	6.996101101301974	20619218.801910564	48.9454306196387	4612.620459822626	3763.919947465759	1.202119	24.765203	0.0897558694549853	0.0454017349561743	-0.0807495701	-0.052995751	-0.0889882659	-0.0643920161	0.1157664311	0.0364586188	0.0014031824	-0.0143109795	0.032731461	-0.0300264653	0.0578535416	-0.0162542458	0.1085952052	0.042232008	-0.0323987687	0.0772862825	0.029818554	-0.075360172	0.1195230101	-0.0362184984	0.0443878812	-0.1196616394	-0.0715574869	0.0197304455	-0.1653439731	0.1162485526	0.035403989	0.0255534852	-0.0156669655	-0.0916620977	0.1069728548	0.0201171795	-0.0368168832	0.0262234736	-0.0326137336	0.0667717585	-0.0342705479	0.0495142572	0.0515513512	0.1875648268	-0.0177265404	-0.1141779312	0.0046673752	-0.0922176311	0.0462480867	0.0125697849	-0.1330419515	0.0649539104	0.0033773124	-0.0152645136	-0.0633842299	-0.1063717279	-0.0285274211	0.0261295808	0.0004671095	0.0144978124	0.0445924386	-0.0478604678	0.0579982325	0.0981218219	0.047770395	-0.0111393271	0.0636537129	0.0096803192	-0.0058500447	-0.0653226525	0.0483056759	0.0082639471	0.0310081542	0.0211107102	-0.0351073933	-0.0419749335	-0.0526859066	0.0904261954	-0.0304722578	-0.062403154	0.0878597406	0.0445954694797734	0.0103191841354118	0.0019887558981214	0.0001064855612205	-0.0220516475426109	0.0069895868953153	4.885432496716338e-05	0.0004862751593435	-0.0438944801159166	0.0186653220942432	0.0019267253846465	0.0003483942488818	-0.0039261827233609	0.0007540380798572	5.685734258747334e-07	1.5414910777217613e-05	-0.0005050958296337	-0.0001145174980407	2.5512179711335564e-07	1.3114257357524625e-08	0.0013210137696253	-0.0002070799487023	1.745077379539645e-06	4.288210515454723e-08	0.0	0.0	0.0	0.0	0.0	0.0	0.0	0.0	0.0	0.0	0.0	0.0	0.0	0.0	0.0	0.0	0.0	0.0	0.0	0.0	0.0
3932.169226972012	-1.65375673176095	2.734911327844659	15461954.829545671	5243.863322197636	-45.99370951592209	2115.4213150350224	27498102.54188963	4544.420090954957	3.581093378566038	20651753.96307506	12.82422978600952	4610.378162695103	3629.867186782502	1.310391	26.995735	0.0964456200740965	0.0447627179109844	0.1009856099	-0.075939228	-0.0371613967	-0.032996713	-0.058840992	-0.0265253447	0.0069483272	0.0322245226	-0.0385608886	0.06591595	0.1504245466	-0.0680743977	-0.03091952	0.042856522	0.0205756702	0.0272464219	-0.0658537907	-0.0550463015	0.1428131306	0.1190234909	-0.0395570651	-0.0056045061	0.0823436273	0.0704689667	-0.0074714723	0.0579534246	0.0044204914	0.069583406	0.1682134509	0.044383594	-0.0043335685	-0.0587019981	-0.0786058549	0.0769468176	0.0188148143	-0.0308820487	0.0115646699	-0.1668223311	-0.0002033278	0.0994383102	-0.0234054954	0.0351724021	-0.0142229657	0.0389575138	-0.0302347744	0.0258338442	-0.0431315934	0.0937604505	0.0399678769	-0.0208040195	0.0897683077	0.0005426921	0.0371227691	0.0006980491	0.0201240075	-0.021128614	-0.0710327892	-0.0617768553	0.0080664336	0.0302667742	0.0790523829	-0.0122687705	-0.0293051573	-0.0139667274	0.0175503894	-0.00831849	0.0695434457	0.003875402	-0.0106058635	0.2020358032	-0.0960905253	-0.0430324377	-0.0507163915	0.0908475206	-0.034934058	-0.0579119187	0.089533037	0.0364591401584561	-0.0081363293213172	0.0013292689010939	6.619985482492758e-05	-0.015101400496249	0.0069502470463619	4.830593400546234e-05	0.0002280522969481	-0.0739988213348539	-0.0301043412189373	0.0054758255589476	0.0009062713602262	-0.0044059434146256	-0.0004797606912647	2.301703208827829e-07	1.941233737288269e-05	-0.000125045734429	0.0003800500952046	1.5636435698887995e-08	1.444380748651015e-07	0.0011557305063451	-0.0001652832632801	1.335713003296701e-06	2.731855712055189e-08	0.0	0.0	0.0	0.0	0.0	0.0	0.0	0.0	0.0	0.0	0.0	0.0	0.0	0.0	0.0	0.0	0.0	0.0	0.0	0.0	0.0
3932.191590294935	0.0223633229229562	0.0005001182121564	15462130.702786207	5277.036652770224	33.173330572587474	1100.4698612781667	27847115.834680364	4540.5120128021	-3.9080781528573434	20616249.338400178	15.273074848840858	4615.906198395169	3736.7551878447816	1.252076	25.794369	0.0876066288998732	0.0413893974012827	-0.0569214383	-0.1253961708	-0.0819949081	-0.0544322128	0.1209789694	-0.0039183452	-0.0236216012	0.0400331907	-0.0449878536	0.0375422491	0.0237796949	0.0848944868	-0.0134355999	0.1289438572	0.0324543707	0.0520619529	-0.0262862308	-0.1274762188	-0.0651649566	-0.0710835002	-0.077707737	-0.0271297425	-0.0565026461	0.0136276043	-0.029810149	0.0590217758	-0.0256991253	-0.0567101199	0.0733582942	0.0709911413	0.0124703966	0.0837790669	-0.1538542381	-0.0798193218	0.0122172672	0.0859986741	-0.0665246267	0.0142512023	0.0591101509	-0.0153607484	-0.0951715392	-0.0630661813	0.0447889393	0.0416204412	-0.0218129078	-0.0779317532	0.013831462	0.1184516991	0.0092994697	0.0543706479	-0.050927788	-0.0884688957	-0.0011017581	0.0055482349	-0.0559151083	0.0849498715	0.0011031612	-0.0085049911	0.0176720802	-0.0756293579	0.0826229737	-0.0666791203	-0.1399124013	-0.0831485772	0.1218659654	0.0148575215	-0.0237619413	-0.0160552763	-0.0666186206	0.0483580772	-0.0870147171	-0.0440825686	-0.0487121179	0.0911287655	-0.0393001065	-0.0531726956	0.0906543325	0.0516664002446276	0.0152072600861714	0.002669416914238	0.0002312607593284	-0.027585069857082	-0.012483669360833	0.0001558420007106	0.00076093607902	-0.0892404164767626	-0.0152415951419087	0.007963851932946	0.0002323062224698	-0.0038013309505718	0.0006046124640538	3.655562316892078e-07	1.4450116995775104e-05	-0.000336050066181	-0.000211004331752	1.129296469802545e-07	4.452282801810808e-08	0.0010778652159317	-7.786529041340002e-05	1.1617934237154902e-06	6.063003451163125e-09	0.0	0.0	0.0	0.0	0.0	0.0	0.0	0.0	0.0	0.0	0.0	0.0	0.0	0.0	0.0	0.0	0.0	0.0	0.0	0.0	0.0
3934.082942396	1.8913521010649677	3.5772127702028667	15477008.597651169	5240.4345200937005	-36.60213267652307	1339.716116469798	27462153.95938969	4540.058068325327	-0.453944476772449	20612127.263765905	0.2060655879922124	4613.415742931448	3618.3877809817513	1.458085	30.038422	0.1916137903410173	0.0855873589521993	0.0743993588	0.0514755347	-0.0781007691	-0.0809915248	-0.0611030823	0.0787406662	-0.0206019367	0.0115939862	-0.0391309218	-0.0173763224	0.0290667376	-0.030634089	0.0373042437	0.0595785405	0.005011568	0.0098432193	-0.1071579512	0.0808664213	-0.00882337	0.0427343876	-0.0734820039	0.019180331	0.0346425124	-0.0099912673	0.034936058	0.0535437465	-0.0677688066	-0.0573440191	0.0623379175	-0.0567686062	0.0696988231	-0.0229134466	-0.0709864449	0.0341162853	-0.0182189279	-0.0430130876	0.0709791771	-0.0050463798	-0.0478694963	-0.021455867	-0.1123182496	0.0654358437	-0.0029660106	0.0660552154	-0.0270923352	-0.0686730639	0.0118832884	0.0741415975	-0.027732622	-0.1061232701	-0.0097874701	0.0486149288	0.0592004821	-0.0294294537	0.0713674233	-0.0488621251	0.0153616845	-0.0053779543	-0.060620952	-0.1150003549	-0.0040583858	0.0386187633	-0.0923879404	-0.0133348395	-0.0123858054	0.0238074292	0.0328402582	0.0061282672	-0.053467795	0.0802569036	-0.0311913948	-0.0451251461	-0.0466744595	0.0912694965	-0.0435584361	-0.0482057789	0.0912167139	0.0076079558121762	-0.0440584444324513	5.788099164002562e-05	0.0019411465258074	-0.003537309087477	0.024047760769605	0.0005782947980321	1.2512555580347364e-05	-0.0711979452386017	0.0180424712381608	0.0050691474061989	0.0003255307683798	-0.0047640836209299	-0.0009627526703581	9.268927042816524e-07	2.2696492747212547e-05	0.0002577504882734	0.0005938005544543	6.643531420517613e-08	3.525990984703528e-07	0.0005251161627282	-0.0005527490532034	2.757469843583894e-07	3.055315158173656e-07	0.0	0.0	0.0	0.0	0.0	0.0	0.0	0.0	0.0	0.0	0.0	0.0	0.0	0.0	0.0	0.0	0.0	0.0	0.0	0.0	0.0
3942.013081622895	7.93013922689488	62.88710815793693	15539467.13568603	5250.339199404173	9.904679310472602	98.102672243304	27566061.70880005	4547.87091112817	7.8128428028421695	20683129.824285768	61.04051266192268	4613.174355044385	3714.079299161426	1.278715	26.343174	0.1583553560171192	0.0894501189444333	-0.003418999	-0.0552595247	0.0488020795	-0.0287744228	0.014342236	-0.1074118711	-0.0508621068	0.0473135562	-0.0374869627	-0.0135544308	-0.0851820879	-0.0516701134	-0.0631786216	0.0142607277	0.0195929967	-0.0368621597	0.070573051	-0.086202492	-0.0501779642	0.0117780949	0.0116147789	-0.0440924414	0.0204892597	-0.0850821091	-0.0426771682	-0.059654656	0.0394609674	-0.0194305149	-0.0160525855	0.0281200797	-0.0489390843	-0.0457155499	0.0205043026	0.0079907775	0.0907804278	0.0193469043	-0.0742529892	-0.0445417707	0.0021407281	-0.0138816344	-0.028115365	-0.0931851944	0.0297114683	-0.0798016203	0.0384030606	-0.1081893313	0.0226689392	0.0166899981	-0.0469263316	0.0827029721	0.0306383034	0.0055223773	0.0143810678	-0.0235370748	-0.0672290336	0.0446181547	0.0101712526	0.0163393272	-0.0271786322	-0.1087619136	-0.0271103582	-0.0314516398	0.0201282835	-0.1280295187	-0.0892357885	0.0030371863	-0.1122596093	-0.0924421728	0.0032174527	0.0653110695	-0.1002116915	-0.0461599916	-0.0446048127	0.0912694965	-0.047697375	-0.0430324377	0.0912167139	0.0153960797891699	0.0077881239769937	0.0002370392728744	6.065487508102416e-05	0.0100746778605298	0.0136119869480068	0.0001852861886727	0.0001014991339934	0.007311996153632	0.0785099413922337	5.346528775072916e-05	0.0061638108974119	-0.0045638869371316	0.0002001966837982	4.0078712203836446e-08	2.082906397492046e-05	-0.0002741957894329	-0.0005319462777063	7.518333094273123e-08	2.82966842365588e-07	0.0009618792752213	0.000436763112493	9.252117401002532e-07	1.907620164346603e-07	0.0	0.0	0.0	0.0	0.0	0.0	0.0	0.0	0.0	0.0	0.0	0.0	0.0	0.0	0.0	0.0	0.0	0.0	0.0	0.0	0.0
3950.52808080376	8.514999180865289	72.50521105013654	15606672.11721904	5270.099071647547	19.759872243374048	390.4525510744641	27773944.22498034	4552.915452283082	5.044541154912622	20729039.115638062	25.44739546360717	4622.900326053472	3835.0433684441737	1.126761	23.21273	0.0553712465261403	0.028352032553921	-0.0807939771	0.0753723672	-0.0176230997	-0.0301145073	0.0348095537	0.0525899508	0.0175828731	-0.0691698794	0.1006019325	-0.1000675371	0.0438537948	-0.0382420775	0.0382448267	-0.0082938839	0.050414115	-0.0196720011	-0.0110947745	0.128235985	-0.0069990233	-0.0244683499	-0.0244163855	0.0345718132	-0.0235204672	-0.0509259233	-0.0339375257	-0.033920405	0.0147932564	0.027660094	-0.0315625302	0.0630385754	0.0363989262	-0.0382223912	0.0232593439	-0.0319479837	-0.0116086545	0.0054364393	0.0664085285	0.0858578318	-0.0435184279	0.0306352751	-0.053892852	0.0788846934	0.0180997264	-0.0339785682	0.0415911263	0.0258074281	-0.0192885776	-0.0115907964	-0.0603086506	-0.0772318156	-0.0695595092	-0.0087659926	0.0348930943	-0.0469214479	0.0486570163	-0.0328259352	0.0847586636	-0.0088819541	0.0170406219	0.0088996458	-0.0347308485	-0.0168780166	-0.0360670962	-0.1990073096	-0.1248201999	0.0408169678	-0.1051898195	-0.1166809307	0.0134661189	0.0839377462	-0.0984925841	-0.0471869279	-0.042504596	0.0911287655	-0.0517055788	-0.037674825	0.0906543325	0.007492980070495	-0.0079030997186749	5.614475033683526e-05	6.245898516331927e-05	0.000872358876947	-0.0092023189835828	8.46826746756084e-05	7.61010010188231e-07	0.0273539048440696	0.0200419086904376	0.0007482361102184	0.0004016781039558	-0.0045872513088676	-2.3364371736000165e-05	5.458938666180032e-10	2.1042874570707517e-05	-0.0005751164337566	-0.0003009206443236	3.307589123769096e-07	9.055323418019075e-08	0.0009216859086121	-4.019336660919992e-05	8.495049141341124e-07	1.615506719381547e-09	0.0	0.0	0.0	0.0	0.0	0.0	0.0	0.0	0.0	0.0	0.0	0.0	0.0	0.0	0.0	0.0	0.0	0.0	0.0	0.0	0.0
3948.811621194636	-1.7164596091242856	2.9462335897550957	15593113.219681809	5253.412096240852	-16.686975406694728	278.4551482236347	27598338.65292971	4544.311755583894	-8.603696699187822	20650769.331937976	74.02359689161541	4617.038847829139	3669.610463755258	1.370068	28.22517	0.0623834293223892	0.0253466773476714	0.0718499265	0.0789198578	0.0153713387	-0.0568951391	-0.0655205871	0.0105203607	0.0206597964	0.0500284187	-0.0714710263	-0.0512966051	-0.0048419359	0.0474765662	-0.003264805	-0.0126454089	-0.073912575	0.0353346107	-0.0185240691	0.0520005251	0.0604682954	0.016262436	-0.1611959144	0.0338227158	-0.0493557961	0.003707974	-0.0221467602	-0.1845749654	-0.1153743874	0.0227124724	0.0718090224	0.0331214308	-0.016992658	0.0534686821	-0.0145839628	0.0640557156	-0.0641562139	-0.025084596	0.0194508248	0.0123563595	0.0460959311	-0.0438289563	-0.0433008752	0.0991453698	-0.1536216679	0.0276567056	0.0084600404	-0.0343513476	0.0333287472	0.0092315357	-0.0624992394	-0.0707226986	0.0701495922	0.0802042596	-0.0044802637	0.053571662	-0.073038421	-0.0620368693	-0.0627571709	-0.001962086	0.0192344101	-0.0993349327	0.1156181197	-0.0164928653	-0.0735008072	-0.1562334663	-0.0655576847	0.0577411489	-0.0505226742	-0.1758709361	0.040442754	-0.0410089734	-0.0822441915	-0.0482057789	-0.0403752488	0.0908475206	-0.0555720611	-0.0321558829	0.089533037	0.020082841960189	0.0125898618896939	0.0004033205411979	0.0001585046224015	0.0085621342807229	0.0076897754037759	5.913264576051682e-05	7.331014344113026e-05	0.0189779099479352	-0.0083759948961344	0.0003601610659919	7.015729050006953e-05	-0.0047019290203033	-0.0001146777114356	1.3150977500129665e-08	2.2108136511970357e-05	-0.0002730621929003	0.0003020542408562	7.456296119152064e-08	9.123676441927569e-08	0.0006638619182484	-0.0002578239903637	4.407126465004454e-07	6.64732100070613e-08	0.0	0.0	0.0	0.0	0.0	0.0	0.0	0.0	0.0	0.0	0.0	0.0	0.0	0.0	0.0	0.0	0.0	0.0	0.0	0.0	0.0
3935.219966157386	-13.591655037249891	184.7330866516004	15485956.182043737	5255.567074546331	2.154978305478835	4.643931497084431	27620985.275055483	4548.445659945771	4.133904361876375	20688357.92147952	17.089165273140523	4621.047391048317	3653.283651752532	1.204237	24.808832	0.1535592791662741	0.083546214038553	0.0773726393	-0.0902519455	-0.0009938654	-0.0630989945	0.0243196951	0.0569314151	-0.0050105462	0.1209683649	-0.0714032226	-0.0328528612	-0.0541539686	0.0447732396	0.0697880555	0.0520076745	0.0457058517	-0.0040304937	-0.0736448444	0.0036338475	-0.0361769187	0.035963784	-0.0278683883	-0.051934105	0.0682186274	-0.0343443495	0.0571694836	-0.050994626	0.0238479866	-0.019601176	-0.0648645089	-0.0186880273	0.0793147925	0.0685391734	-0.0608632621	-0.0221946922	-0.0073108713	-0.0198334745	0.0241231601	-0.0807245393	-0.0444199492	-0.0682239972	-0.0509823754	0.0222441925	0.0062428257	-0.053327831	0.0429302165	0.0606924976	0.0145846925	0.0994206198	-0.0280806793	0.0215697147	0.0771085693	0.0030613901	-0.0386103876	0.0585841367	0.0486979865	-0.0351847788	0.0356816695	-0.0696300749	0.0847219474	-0.0021645424	-0.0107603692	-0.0379149471	-0.1268007452	-0.1097074767	-0.0652877264	0.1192621486	0.0259935025	0.0124274724	-0.1463381667	0.0317127042	-0.0302270337	-0.0492163702	-0.0382182304	0.0904261954	-0.0592862243	-0.0264992443	0.0878597406	0.0419304014671126	0.0218475595069236	0.0017581585671932	0.0004773158564085	-0.014227735504761	-0.0227898697854839	0.0005193781648393	0.0002024284575934	-0.0541425132322714	-0.0731204231802066	0.0029314117391066	0.0053465962860524	-0.0052489115453321	-0.0005469825250287	2.991898826868815e-07	2.755107241072061e-05	-0.0002741846353675	-1.1224424672000256e-06	7.517721427160893e-08	1.2598770921740806e-12	0.0008317854846256	0.0001679235663771	6.918670924338442e-07	2.819832414483788e-08	0.0	0.0	0.0	0.0	0.0	0.0	0.0	0.0	0.0	0.0	0.0	0.0	0.0	0.0	0.0	0.0	0.0	0.0	0.0	0.0	0.0
3934.085042132775	-1.134924024610882	1.288052541638962	15477025.118732838	5229.180953013746	-26.386121532585094	696.2274095323507	27344333.43936175	4542.900499346895	-5.545160598875555	20637944.94696627	30.748806067321897	4614.261931587186	3708.153090163085	1.183647	24.384651	0.1040178513633705	0.0686825816884766	-0.0584920542	-0.0633966129	-0.0381733529	-0.1013550455	0.0651321676	0.0140877191	-0.1182887461	0.0273308783	-0.0569185808	0.0308296534	0.098616467	-0.0945149622	-0.0775841938	0.0788569183	0.0354062979	-0.034454256	-0.0317664941	-0.070021663	-0.0518472057	-0.0163817463	-0.0218862038	-0.0533735516	-0.0155082005	0.0001872417	-0.0733348086	-0.0300481443	-0.0179083859	-0.0849119884	0.0128285077	0.0048608871	-0.0162011104	-0.1063758097	-0.1036955593	-0.0304040503	0.0488453306	-0.0015324896	-0.0632186519	9.54594e-05	-0.0040405614	0.0026307445	-0.0375041467	-0.0453859904	0.0589720997	-0.0602977828	-0.0363353489	-0.1325625028	0.0313600645	0.0503324428	-0.0286965683	0.0241168872	-0.0243751958	-0.1001973511	0.0295694867	-0.0165467349	-0.000312352	0.0105941761	-0.1307474326	0.0433166192	0.0463478739	-0.0691561072	0.0825071641	-0.0755898633	-0.1640223879	-0.0674220136	-0.0247871981	0.0721989042	-0.0572226264	0.0048491849	-0.115318231	0.0160065709	0.0536928305	-0.0502185284	-0.0360350191	0.0898654396	-0.0628378881	-0.0207291319	0.0856447597	0.0409025727239793	-0.0010278287431332	0.0016730204554404	1.056431925210978e-06	0.0007379102853519	0.0149656457901129	0.0002239705539151	5.445115892281225e-07	0.0108713519676229	0.0650138651998943	0.0001181862936039	0.00422680266823	-0.0048299148181641	0.0004189967271679	1.7555825737749534e-07	2.3328077150721156e-05	-0.0002734134028223	7.712325451999982e-07	7.475488884286929e-08	5.947996387756672e-13	0.0007913432117342	-4.044227289140003e-05	6.262240787577988e-07	1.6355774366224702e-09	0.0	0.0	0.0	0.0	0.0	0.0	0.0	0.0	0.0	0.0	0.0	0.0	0.0	0.0	0.0	0.0	0.0	0.0	0.0	0.0	0.0
3943.057169588896	8.972127456121143	80.49907108888286	15547699.842646398	5242.150970072686	12.970017058939447	168.22134250918026	27480146.793034	4540.9656206666	-1.934878680294787	20620368.768076003	3.743755507459297	4608.3234412721295	3600.5606430675543	1.377557	28.379448	0.1157881635971914	0.0714438736563257	0.0798870192	0.06855539	-0.0420039112	-0.0605116465	-0.1054262252	-0.1001590194	-0.013272174	-0.0452797779	0.0863024363	-0.0146587246	0.0208894077	-0.0078823654	0.0619982272	0.018742539	-0.0197761062	0.1562723208	0.1065353489	0.0138979194	0.0850735408	0.012122858	-0.0453046942	-0.1255453665	0.0993426719	0.057581619	-0.0511787245	0.0395000147	-0.0231082443	-0.0686182144	0.0328258976	-0.0119701802	0.0374186725	0.0237271795	0.0542837106	0.0952725635	-0.0165893126	0.1635164942	0.041715219	-0.0137861106	0.030681906	0.0829220617	-0.1133709558	-0.0103745938	-0.0044688906	-0.1029247817	-0.1197283684	-0.0660914556	-0.036851194	0.007742875	0.0096478295	-0.0950555107	0.0529197476	-0.0217295559	-0.0130736016	0.0138708767	-0.0067907803	0.1279420511	0.045814989	0.1321919426	0.0035924933	-0.0551547553	0.0231776719	-0.0357175504	-0.1453579832	-0.0138191124	-0.0442585479	0.0660723028	-0.0740750016	0.1131441226	-0.0656346647	-0.0940757979	-0.0342799812	-0.051212082	-0.0338271112	0.0891661178	-0.0662173176	-0.0148702542	0.0829017503	0.0432273903298323	0.0023248176058529	0.0018686072747276	5.4047769004840725e-06	0.01188715296378	0.0111492426784281	0.0001243056123024	0.0001413044055843	0.0776602838433291	0.0667889318757062	0.0060311196866264	0.0044607614210977	-0.005129032086521	-0.0002991172683568	8.947114022929364e-08	2.6306970144561963e-05	3.7230170746083147e-05	0.0003106435735683	1.386085613782505e-09	9.64994297993355e-08	0.0006906006249154	-0.0001007425868187	4.769292231335411e-07	1.0149068798943446e-08	0.0	0.0	0.0	0.0	0.0	0.0	0.0	0.0	0.0	0.0	0.0	0.0	0.0	0.0	0.0	0.0	0.0	0.0	0.0	0.0	0.0
3944.661986513912	1.6048169250157116	2.575437362816884	15560358.18784788	5256.296632404569	14.145662331883614	200.0997628076709	27628654.28782761	4553.184192687698	12.218572021097316	20731486.29254112	149.29350223474214	4616.992095292382	3691.963837794002	1.14571	23.603106	0.1019095161286573	0.0545045029109732	0.0583340222	-0.014992767	0.0510019947	0.0061806992	-0.0431619863	-0.066119372	0.0003864834	-0.0122101483	0.0444590803	-0.0070743295	0.0034968118	-0.0689899458	-0.10119294	0.0132083281	0.0486070959	-0.0696944861	-0.0376859191	-0.010056524	-0.011363369	-0.0325464559	-0.0122930766	-0.0454428389	0.1536380775	0.0400437644	0.0168925326	0.0481813372	0.1401745673	0.0846686271	-0.0221472121	0.0401618619	-0.0803950938	-0.0900074246	-0.0177166866	0.0039872911	0.079050613	-0.0372300494	-0.0018308174	-0.0872291273	0.0039515241	-0.0486947359	-0.0397281238	0.0556250355	0.1673467224	-0.0433120546	-0.0175986878	0.1020434154	-0.026834321	0.0172563989	-0.0162626395	0.0270833687	0.0693318767	0.052753341	0.0698472091	-0.0915746587	0.085169488	0.0049712206	-0.0142070594	0.0459440843	0.0040981735	0.0606038539	-0.0123866154	0.0031719502	-0.0182852606	-0.0995812726	-0.0294651419	0.0633616589	-0.0446777671	0.0089548129	-0.071981867	-0.0347113544	0.1011053716	-0.0521968607	-0.0315960199	0.0883293083	-0.06941525	-0.0089476998	0.0796476241	0.02649320087977	-0.0167341894500622	0.0007018896928558	0.0002800330965505	0.0114294167789523	-0.0004577361848277	2.095224149006186e-07	0.0001306315679069	0.0277509326285709	-0.0499093512147582	0.0007701142617554	0.002490943338678	-0.0054419437209019	-0.0003129116343809	9.791369093092613e-08	2.9614751461463616e-05	-0.0002731826179198	-0.0003104127886658	7.462874273351542e-08	9.635609936733023e-08	0.000617760262382	-7.284036253340002e-05	3.8162774177827756e-07	5.305718413997145e-09	0.0	0.0	0.0	0.0	0.0	0.0	0.0	0.0	0.0	0.0	0.0	0.0	0.0	0.0	0.0	0.0	0.0	0.0	0.0	0.0	0.0
3952.6385107923097	7.9765242783978465	63.624939563870285	15623351.196998447	5255.535439020471	-0.7611933840980782	0.5794153679946845	27620652.75080009	4551.192905141887	-1.9912875458103367	20713356.85981385	3.965226090099356	4623.647892374849	3805.832338817441	1.073355	22.112495	0.074141376231508	0.0394334341849265	-0.0232721311	-0.0323557955	0.077876025	0.0573913359	0.0519429508	-0.0445186101	-0.0351329253	0.0751739301	0.0077721081	-0.041323756	-0.0830582023	0.0580427459	-0.0044739114	-0.02262006	0.0090548477	-0.021329483	0.0660066392	-0.0125496932	-0.1032943227	-0.0417634775	-0.1274625126	0.024639938	-0.0430129624	-0.0051385462	0.0279188386	0.0278149092	-0.0172426629	0.0503908386	-0.0692536801	0.035903254	-0.0213252284	0.0523773023	0.0316080385	-0.0664078549	0.0130858324	0.0474501658	-0.0621603936	0.0527343887	0.0255373055	-0.0953673157	-0.0632700939	0.0239200757	-0.0505334723	0.0684534161	-0.0326242581	-0.0211002889	0.0093024875	-0.0070453924	-0.0538923272	0.091720683	-0.047437291	0.0708367213	-0.0211544578	0.0329122893	-0.0480073931	0.051634806	0.0136484543	0.0632403906	-0.031929901	-0.0956948006	-0.0288073034	0.0016006235	0.0516348575	0.0032493633	-0.0604480017	0.0531964922	0.0605987378	0.0024909275	0.0012540567	-0.1278154112	-0.0081396399	-0.0531726956	-0.0293432743	0.0873563013	-0.0724229201	-0.00298683	0.0759024438	0.0073777519820765	-0.0191154488976935	5.443122430903373e-05	0.0003654003865603	0.0180692223482736	0.0066398055693213	4.408701799839016e-05	0.0003264967962713	0.0222968933974527	-0.0054540392311181	0.0004971514551773	2.974654393457639e-05	-0.0048449559138764	0.0005969878070255	3.563944417371162e-07	2.34735978074059e-05	-0.0001658717468779	0.0001073108710418	2.751343641232613e-08	1.1515623043771289e-08	0.0007721032349821	0.0001543429726	5.961434054698239e-07	2.382175319103521e-08	0.0	0.0	0.0	0.0	0.0	0.0	0.0	0.0	0.0	0.0	0.0	0.0	0.0	0.0	0.0	0.0	0.0	0.0	0.0	0.0	0.0
3947.910108917388	-4.7284018749219285	22.35778429076521	15585994.2280921	5252.968331252472	-2.567107767999005	6.590042292520833	27593676.289141383	4548.200403857344	-2.992501284543323	20686126.913648102	8.955063937993438	4623.132022710317	3770.93632481016	1.103761	22.738903	0.0896179718114872	0.0459129346788011	-0.0612743213	0.0612895944	-0.048965285	-0.0096490902	0.0360060126	0.0955491041	-0.0194753504	-0.0237754254	0.0601496437	-0.0618917507	-0.0048905655	-0.0426112242	-0.0313963118	-0.000590745	0.0107887319	-0.0185545438	-0.0761795429	0.0985423437	0.0120815425	0.0067749358	-0.078909856	0.1289062093	-0.0547490736	0.035907598	0.0170674745	-0.0312867269	0.1823484818	0.036122272	-0.0973593056	-0.0847665492	-0.0112741391	-0.0560767876	-0.0307711962	-0.0232148544	-0.0257824821	-0.0345877593	0.0235286706	0.0656297213	-0.0433681297	0.0303873472	-0.0293261029	0.1331527741	0.0248165615	0.102964998	0.0776113817	0.1093124411	0.0743618241	-0.0023046381	-0.0221328267	-0.0607414749	-0.0896086173	-0.0042256189	0.0125062087	-0.0006788239	0.0666829037	-0.0512189849	0.0050806151	0.0486091391	-0.0352377901	0.085379764	-0.0615848464	-0.0382059251	-0.0595303324	0.0039899568	-0.1027367534	0.0391093351	-0.0440509901	-0.0209599158	0.059875372	-0.1637777138	0.0200771413	-0.0541394198	-0.0270704183	0.0862485974	-0.075232084	0.00298683	0.0716892996	0.0073853751027996	7.623120723099924e-06	5.45437654090522e-05	5.8111969558955505e-11	0.0068009429043627	-0.0112682794439109	0.000126974121626	4.625282438840136e-05	0.0527442528640165	0.0304473594665638	0.0027819562101833	0.0009270416984861	-0.0046920211991865	0.0001529347146898	2.3389026957281012e-08	2.201506293361552e-05	4.308684192388945e-05	0.0002089585888017	1.8564759469742374e-09	4.366369183403532e-08	0.000176102342868	-0.0005960008921141	3.101203516359863e-08	3.552170634008031e-07	0.0	0.0	0.0	0.0	0.0	0.0	0.0	0.0	0.0	0.0	0.0	0.0	0.0	0.0	0.0	0.0	0.0	0.0	0.0	0.0	0.0
3962.713729427356	14.803620509968368	219.14718020315613	15703100.101392066	5310.751654902591	57.7833236501192	3338.912492054425	28204083.14005061	4553.683155380225	5.48275152288079	20736030.2795936	30.060564261651617	4634.007557095376	3706.094929088246	1.39971	28.835821	0.2039539005905994	0.1033742628252604	0.0137811108	-0.0863385665	-0.0275191337	-0.0040492157	0.0539485466	0.0222009746	0.1657332265	0.2037758726	-0.1053836191	-0.0775997127	-0.0141907324	0.1299910758	0.0081989726	-0.0559776512	-0.0228970771	-0.0035517804	-0.1363069308	-0.119488833	0.0016501045	-0.0854099632	0.0978220899	0.0440003859	0.0046809861	-0.0586951518	0.0860237431	-0.0288945418	-0.0541769328	0.1459626605	-0.0185934533	-0.1298196263	0.0051393261	0.1261374942	-0.0819197858	-0.0646198338	-0.130404207	-0.1105620946	-0.0368582427	-0.0627925651	0.1062660875	-0.0770799674	0.1752350145	-0.014831581	-0.0337092743	-0.0026580543	0.0445770561	0.0707807392	0.0369684386	0.1010610112	0.0105370274	0.0490031922	-0.0035991652	0.0524335547	-0.0713957296	0.2630598598	-0.0341984387	-0.0869643428	-0.0782850711	0.0757622397	-0.0823324523	0.0692279965	-0.0488485214	0.2061693477	-0.0056864542	0.0656098832	0.0546465005	-0.0414245801	-0.0804888535	-0.1088032675	0.0252375202	-0.164868926	0.0017768383	-0.0550968674	-0.0247790096	0.0850079043	-0.0778350419	0.0089476998	0.0670341672	-0.0239886264298974	-0.031374001532697	0.0005754541979931	0.0009843279721736	-0.0140674552855415	-0.0208683981899042	0.0004354900430123	0.0001978932982107	-0.0290895101018762	-0.0818337629658927	0.0008461995979671	0.0066967647611579	-0.0049359010506689	-0.0002438798514824	5.9477381959077496e-08	2.4363119181994352e-05	0.0006818398137171	0.0006387529717932	4.649055315697697e-07	4.080053589746581e-07	-0.0003388195918985	-0.0005149219347665	1.147987158542661e-07	2.651445989036757e-07	0.0	0.0	0.0	0.0	0.0	0.0	0.0	0.0	0.0	0.0	0.0	0.0	0.0	0.0	0.0	0.0	0.0	0.0	0.0	0.0	0.0
3966.3102592256128	3.596529798256597	12.93502658974764	15731617.072438348	5291.505447580845	-19.246207321746624	370.4164962716534	28000029.901777755	4559.484474436039	5.80131905581402	20788898.67262328	33.65530278735087	4622.709062568108	3726.345731490084	1.356527	27.946211	0.1730554397206176	0.1004455207337924	0.0866745602	-0.0399506232	-0.041102288	0.1294725919	-0.0326148253	-0.0790649625	0.1432322873	0.0056708208	0.016116624	-0.0693514059	-0.0299112935	0.0341810134	0.0887424001	-0.0932530642	0.0016567859	-0.0295200178	-0.0427206471	-0.0439607089	0.0687916096	-0.015516741	0.0675925883	-0.0217031649	0.1154401977	0.1026082637	0.1828666391	0.0074171669	0.0731293496	-0.0712516226	-0.0542577209	0.1596899518	0.0489718349	0.0519353657	0.0979875943	0.0441933287	-0.0101848856	-0.069742892	-0.0014984097	-0.1189273505	0.0115075831	0.0831810574	0.0434317746	0.0356713924	0.1540979603	-0.014722972	-0.157873538	0.0531998164	0.0697366189	0.0712518871	0.1073696329	-0.0052434493	-0.039315783	0.1198257499	-0.0029654339	0.067417303	0.0743014766	0.0450073593	0.0697727673	0.0376035931	-0.1740228276	0.1758876907	0.048688384	0.0282024956	0.0082000253	0.0409970679	-0.0038127905	0.0561142845	0.019149032	0.0730732469	-0.0162452196	0.062775602	-0.016497537	-0.0560448744	-0.0224706185	0.0836361352	-0.0802246594	0.0148702542	0.0619657467	-0.0085950324227326	0.0153935940071648	7.387458234782462e-05	0.0002369627364574	0.0213858086008116	0.0354532638863531	0.0012569339201953	0.0004573528095105	-0.0220380035459015	0.0070515065559746	0.0004856736002891	4.972374470895416e-05	-0.0033019926935971	0.0016339083570718	2.6696565193090687e-06	1.0903155748568633e-05	0.0001982536929687	-0.0004835861207484	3.930452677572757e-08	2.3385553618048614e-07	-0.0001531725642962	0.0001856470276023	2.346183445307352e-08	3.446481885756915e-08	0.0	0.0	0.0	0.0	0.0	0.0	0.0	0.0	0.0	0.0	0.0	0.0	0.0	0.0	0.0	0.0	0.0	0.0	0.0	0.0	0.0
3963.0760905680354	-3.2341686575773565	10.45984690565572	15705972.099632025	5304.538277541535	13.032829960689924	169.85465678425692	28138126.33790331	4559.64746712807	0.1629926920313664	20790385.02448743	0.0265666176556318	4632.370437818536	3878.3898408226087	1.324207	27.280361	0.0772914845405846	0.054425068810254	-0.0152620643	-0.077371153	-0.0211712985	0.271469514	0.0337352034	-0.0027021824	0.0818966762	0.0028050585	-0.1323779372	-0.0022589784	-0.1126130048	0.0494441668	-0.0498348555	-0.0564019098	0.0420328725	-0.0543780167	0.0408157061	-0.0813762354	0.0252389095	0.0952713991	-0.0140158183	-0.0412707522	-0.1677094559	0.0502139459	0.1026512998	0.0441674408	0.0902570284	0.080423088	-0.0605773928	0.0460379298	-0.081941894	0.0397421344	0.0766230381	-0.0403481583	0.0563993654	-0.0481064298	-0.0286854953	-0.0712187608	-0.031411074	0.0870737862	-0.0362413243	-0.1264681794	-0.086461096	0.1030499084	-0.0416348901	0.0419146673	0.0798095782	0.0397935509	0.0996553751	0.1307947165	-0.1517691996	0.1990076279	0.0385312632	-0.0170240399	-0.062649839	-0.0416659446	-0.0452515867	-0.0286787513	-0.2355058451	-0.0207593824	-0.0637505919	-0.1870743807	0.0590540731	0.0156635174	-0.1134343669	0.0407505983	0.0553541814	-0.0650135143	0.1161846338	0.1581211052	0.0009791983	-0.0569832784	-0.0201468273	0.0821354052	-0.0823943867	0.0207291319	0.0565152869	-0.0141473187431131	-0.0055522863203805	0.0002001466276192	3.082788338348443e-05	0.0227156818155833	0.0013298732147716	1.768562767367214e-06	0.0005160022003468	-0.0142426366462373	0.0077953668996642	0.0002028526986367	6.076774510038028e-05	-0.0022590001086409	0.0010429925849562	1.0878335322736165e-06	5.1030814908395976e-06	9.150212286535009e-06	-0.0001891034806821	8.372638488865622e-11	3.5760126406109944e-08	-0.0001329894678192	2.0183096477000007e-05	1.7686198550834033e-08	4.0735738339989005e-10	0.0	0.0	0.0	0.0	0.0	0.0	0.0	0.0	0.0	0.0	0.0	0.0	0.0	0.0	0.0	0.0	0.0	0.0	0.0	0.0	0.0
3946.305889453642	-16.77020111439333	281.2396454171993	15573330.1731365	5294.136512466624	-10.401765074911054	108.19671667363936	28027881.412632264	4558.083994434677	-1.5634726933931231	20776129.70032158	2.4444468629859477	4637.1085312479045	3900.513893151358	1.204995	24.824455	0.1052241491764348	0.0592669960035478	-0.0987116245	0.0038374074	-0.0914121174	0.1429378713	0.0624724584	0.1373215653	0.0503620723	0.0214959921	0.0232978079	-0.0391636006	-0.111803509	0.0579824002	0.1009908233	-0.0136152259	0.1061948646	0.0072193747	-0.0230794714	0.0196350178	-0.035175124	-0.011306645	0.094019494	0.016741969	-0.0648340477	0.0631451437	0.0049099379	0.0191638998	0.0229058077	0.0805376758	-0.0276254209	-0.0786042843	0.0687534931	0.0590127728	-0.003433265	-0.1099279297	-0.0368140698	-0.0032580961	0.0785213441	0.0207715779	-0.0733687039	0.0336992223	0.0959609247	-0.0581542775	0.0058917844	0.0087443895	0.0074491451	0.092818959	-0.0153050102	0.0171716697	0.0634334515	-0.0128176274	-0.1851389703	0.0992191358	-0.0433354104	0.0991440694	-0.0363342124	-0.029578854	0.0645167244	-0.1089698195	-0.1441305627	0.1668549309	-0.0516053424	-0.1303076985	-0.0275958482	0.0269427728	-0.1373955656	-0.044403727	0.0395938301	-0.0161556569	0.0092678982	0.0132618144	-0.0225029228	-0.0579119187	-0.0178092284	0.0805080284	-0.0843382767	0.0264992443	0.0507163915	-0.0018678097399487	0.0122795090031644	3.4887132246472304e-06	0.0001507863413587	0.0038000944841201	-0.0189155873314632	0.0003577994440942	1.4440718088240008e-05	0.0240846380376495	0.0383272746838868	0.0005800697894045	0.0014689799846941	-0.0029070033993709	-0.00064800329073	4.199082647969093e-07	8.450668763953968e-06	1.1090099509836191e-06	-8.04120233555139e-06	1.2299030713806892e-12	6.466093500127712e-11	-7.499839772634313e-05	5.799107009285686e-05	5.624759661518751e-09	3.3629642105146367e-09	0.0	0.0	0.0	0.0	0.0	0.0	0.0	0.0	0.0	0.0	0.0	0.0	0.0	0.0	0.0	0.0	0.0	0.0	0.0	0.0	0.0
3932.7426736619473	-13.563215791694802	183.96082261207928	15466464.937241722	5237.127954410601	-57.00855805602259	3249.9756916268984	27427509.21086897	4543.816785809355	-14.267208625322382	20646270.983002856	203.5532419584734	4617.312697905839	3634.267885692441	1.597295	32.906334	0.071987181101482	0.0350454503405908	0.09742051	-0.0191554624	-0.1360473531	0.021403544	-0.057994166	0.07501208	0.0082244005	0.0945503537	-0.109954968	0.0778868224	0.0806819686	-0.0413394187	-0.0070517847	0.0432401367	0.026936284	0.0574459644	-0.0893639483	-0.0157087335	0.0736386357	0.1119664126	0.0320490388	-0.0070799705	-0.026078792	-0.0448543428	0.0571885814	-0.0232233964	-0.0613291593	0.0651309043	-0.0019791381	-0.0175656692	-0.0003598374	-0.0364765261	-0.1003417607	0.0494696431	-0.0338946159	-0.0280743664	0.065505061	-0.1409757553	-0.0296473192	0.039468405	0.0371258524	-0.0417740617	-0.0866689513	0.0445281979	0.0215456591	-0.0304244437	0.0328086051	0.0596224282	0.1042297052	-0.0607957503	-0.0104692159	0.086936776	-0.0297348986	0.1419400945	0.0052101865	-0.0698741645	-0.1037911196	-0.0709463539	-0.1462301206	0.0133644164	0.0398364076	-0.1339123524	-0.0774036374	0.1426298472	-0.0954026179	-0.0295474545	0.0956478054	0.0485204444	0.0957087801	0.0401008111	0.1496818485	-0.058830636	-0.0154594239	0.0787565141	-0.0860510014	0.0321558829	0.0446048127	0.0141211536335816	0.0159889633735303	0.0001994069799432	0.00025564694976	0.0069903384707146	0.0031902439865945	1.0177656694002366e-05	4.886483193515253e-05	0.0242547337667531	0.0001700957291035	0.000588292110096	2.8932557059284934e-08	-0.0033999638813466	-0.0004929604819757	2.430100367897144e-07	1.1559754394461438e-05	0.0001992424983927	0.0001981334884417	3.9697573165765065e-08	3.9256879242083767e-08	-0.000436661987554	-0.0003616635898276	1.9067369137460966e-07	1.308005522070276e-07	0.0	0.0	0.0	0.0	0.0	0.0	0.0	0.0	1.0	0.0	0.0	0.0	0.0	0.0	0.0	0.0	0.0	0.0	0.0	0.0	0.0
3948.8449375193686	16.10226385742135	259.2829013340179	15593376.340572346	5279.419039569324	42.29108515872304	1788.5358839023638	27872265.39536708	4551.601331514337	7.78454570498252	20717074.68104309	60.5991518329618	4616.376310291208	3714.7957124142063	1.592996	32.817768	0.3033972065929762	0.1930045058044019	-0.0342109427	-0.0176970796	0.0352325967	0.0140526999	-0.0127739631	-0.152362312	0.0502716092	-0.0293550083	0.0416211962	0.1070798426	-0.1729244288	0.032732246	0.010041565	0.0263642537	0.0896091022	0.0763266026	0.1230779518	-0.0082229841	-0.0436232928	-0.0042398756	-0.0177757122	0.0219770169	-0.0370998802	-0.0597590163	0.0680083914	-0.0716961624	0.1229498821	-0.0959255204	0.0510714276	0.1532565316	-0.0334866842	0.0299795297	0.0602087751	-0.0255410884	0.0607493015	0.1696021232	0.0082325086	-0.0294328955	-0.046056119	0.0274984285	0.0021444832	-0.008097048	0.1156769183	0.0197507145	0.0353575897	-0.1629590448	0.1764442186	-0.1000590941	0.0692879511	0.0946305138	0.0193009615	-0.0871068342	-0.0489608113	0.1025705332	-0.0217029281	0.0826767295	-0.0227135065	0.0330097871	-0.1997859058	0.0381622633	0.004208725	-0.0806271258	-0.0237504581	0.0386891481	-0.1210990758	-0.0600656664	-0.1205578648	0.0190387649	0.0254708118	-0.0158016773	0.0154082069	-0.059739273	-0.0130990243	0.0768835629	-0.0875278662	0.037674825	0.0382182304	-0.0245689794457604	-0.038690133079342	0.0006036347510061	0.0014969263976971	0.0200899165125605	0.0130995780418459	0.0001715989448744	0.0004036047454816	0.2026185049703244	0.1783637712035713	0.0410542585564093	0.0318136348779599	-0.0042850012684655	-0.0008850373871188	7.832911765982494e-07	1.8361235870750943e-05	0.0003850925437127	0.00018585004532	1.4829626722311778e-07	3.454023934544605e-08	-4.267493462855893e-05	0.0003939870529254	1.8211500455517782e-09	1.552257978728743e-07	0.0	0.0	0.0	0.0	0.0	0.0	0.0	0.0	0.0	1.0	0.0	0.0	0.0	0.0	0.0	0.0	0.0	0.0	0.0	0.0	0.0
3947.176265793306	-1.668671726062712	2.7844653293611104	15580200.473241989	5248.159122515328	-31.259917053996105	977.1824142227164	27543174.175240856	4548.30378174215	-3.297549772187267	20687067.291009944	10.873834500052295	4616.644030918891	3638.7674335970014	1.396478	28.769243	0.1762444378675231	0.1049963138250457	0.0587896125	0.1194306495	0.0017450232	-0.0226310115	-0.0474444954	-0.0610214172	0.0180765623	-0.1185514156	0.0477707865	-0.0785454686	0.0908435052	-0.060836183	-0.075835598	-0.0264853631	0.0240580478	0.0008543814	0.038826689	0.0964027166	0.0753339752	0.013954938	0.0154747449	0.1346195549	0.0804960583	-0.0451181565	-0.0186640166	-0.0563507573	0.1211152245	-0.0523347049	0.0130478017	-0.0152083888	-0.0847335064	-0.0844520689	0.047015667	0.0373805529	0.0259254116	0.0367019459	0.0423430033	-0.0073943148	-0.0364687984	0.0809077953	0.030094734	0.1833629681	0.0766334706	-0.0090249804	0.0473810922	-0.0276472859	0.0350733944	-0.0842964549	0.0039228266	-0.077057648	-0.005441634	0.0292911681	0.0674713335	-0.0274796463	0.0911057202	-0.0163035966	0.0431539728	0.0496797286	-0.1662556577	-0.0317380577	-0.0054878038	0.0731668092	0.0125725519	0.0282908936	-0.0639397304	0.0209061639	-0.0396768919	0.0562299652	-0.0259779042	-0.0468492658	0.0047525951	-0.060637674	-0.0107296473	0.0748920628	-0.0887648233	0.0430324377	0.0315960199	-0.0140384733073517	0.0105305061384086	0.0001970787328012	0.000110891559531	0.0279413827794172	0.0078514662668567	6.16455225395887e-05	0.0007807208716259	0.1635744863056487	-0.0390440186646757	0.0267566125701568	0.0015244353934875	-0.0062379516519544	-0.0019529503834888	3.81401520036944e-06	3.891204081212062e-05	0.0004771715154454	9.20789717327e-05	2.276926551524596e-07	8.478537035351366e-09	-0.0003740145153586	-0.00033133958073	1.3988685769892844e-07	1.0978591775835943e-07	0.0	0.0	0.0	0.0	0.0	0.0	0.0	0.0	0.0	0.0	0.0	0.0	0.0	0.0	0.0	0.0	0.0	0.0	0.0	0.0	0.0
3955.831002256979	8.654736463673089	74.90446325563256	15648598.918417456	5268.78195615358	20.622833638251905	425.3012672710143	27760063.301489543	4559.636087311807	11.332305569657365	20790281.248716127	128.42114952408733	4627.794981862342	3772.85021032734	1.315696	27.105026	0.064465811400661	0.0375100198824612	-0.0364803539	-0.0231927809	0.0794864704	0.0102282771	0.0207043205	-0.1902922368	-0.0071304556	-0.0761498943	0.0347432115	0.0239533273	-0.0789559705	0.0254206047	-0.0243579456	-0.022797545	0.076030349	-0.0294646869	0.1250101598	-0.0275810528	0.0415176873	0.04588296	-0.040237652	0.0543198715	0.0471634523	-0.0578202004	-0.0286970882	-0.0604287034	0.1412703331	-0.1389876628	-0.008280491	0.0511881675	-0.0509925698	0.0101847299	0.0802321444	-0.0688140578	0.0822902551	0.0822425947	-0.0453678033	-0.0386630129	-0.0096947856	0.0421015505	0.0016018854	0.0877284286	0.0206859662	-0.0351140662	0.0561187546	-0.0642200433	0.0272840671	-0.064921873	-0.0398467241	0.0900275689	0.0101769178	-0.001950209	0.0275837833	-0.0027667704	-0.0507567553	0.0760397757	0.0110599856	0.0891820171	-0.1176626431	-0.0243114858	-0.0180084232	0.0705315606	0.0439963022	0.0111889091	-0.0317278205	0.0210100343	-0.111706428	0.0032941813	0.1430319801	0.0112482387	0.0711725999	-0.0615256851	-0.0083529168	0.0727850846	-0.0897584821	0.0482057789	0.0247790096	0.0009884697227704	0.0150269430301221	9.770723928337914e-07	0.0002258090168305	0.0226722384151969	-0.0052691443642203	2.776388233099458e-05	0.0005140303947555	0.1637172629140764	0.0001427766084277	0.0268033421760768	2.038515991411913e-08	-0.0062390396713548	-1.0880194004003405e-06	1.1837862156475165e-12	3.892561602073901e-05	2.8325018967434445e-05	-0.0004488464964779	8.02306699505521e-10	2.0146317740054437e-07	5.658991672085299e-05	0.0004306044320794	3.202418674473077e-09	1.8542017692646826e-07	0.0	0.0	0.0	0.0	0.0	0.0	0.0	0.0	0.0	0.0	0.0	0.0	0.0	0.0	0.0	0.0	0.0	0.0	0.0	0.0	0.0
3959.241730598353	3.4107283413741243	11.633067818652686	15675595.081311442	5300.860374740408	32.078418586827866	1029.0249390317435	28099120.712493014	4563.070909503145	3.434822191337844	20821616.125153866	11.798003486106907	4640.3186467379455	3904.064054016783	1.201771	24.75803	0.0713073611470507	0.0408007158759022	-0.0926386461	0.1409576705	0.0285744353	0.0655900065	0.0518888443	0.0639402522	0.0597933424	-0.1725421682	0.0618352594	-0.0669793615	0.0060383366	-0.0170384206	0.0028923122	-0.0639271752	0.1318458115	-0.0467431821	0.0297530018	0.1436881678	-0.0159194143	0.017323152	-0.0512539996	0.0223865093	-0.0581739582	-0.0379425782	-0.0016494689	0.0489207509	0.0889104152	0.0144465998	-0.0851535549	0.0202229128	-0.0138166671	-0.0463878647	0.0772297449	-0.1352142356	0.0044853705	0.0014003328	0.0964637867	0.0623030072	-0.0730674057	0.0090962333	-0.0564382831	0.0619559317	-0.001011505	0.0114270744	0.0769205127	0.0691775028	-0.0336221279	-0.1239897942	-0.0305835701	-0.0702943499	-0.0578720274	0.0073145268	0.0437647298	-0.0345976546	0.0379489334	-0.0046391853	0.1084421151	0.0406378932	-0.0418925131	0.0534146781	-0.0577480386	0.0109963916	0.0762722877	-0.0641470857	-0.0067657008	0.0850492309	0.0013780075	-0.027867539	0.0416816724	-0.0487372038	0.0241424202	-0.062403154	-0.0059704615	0.0705658771	-0.0905061192	0.0531726956	0.0178092284	0.0001322056691748	-0.0008562640535956	1.7478338961956665e-08	7.331881294799685e-07	0.0278971693723519	0.005224930957155	2.7299903507036667e-05	0.0007782520589896	0.2001958564376025	0.036478593523526	0.0400783809347851	0.0013306877854546	-0.0059050240599282	0.0003340156114266	1.1156642867668567e-07	3.486930914833092e-05	-0.0001009979287007	-0.0001293229476681	1.0200581601831681e-08	1.672442479357504e-08	0.0001682028098816	0.0001116128931607	2.829218525206567e-08	1.2457437919712324e-08	0.0	0.0	0.0	0.0	0.0	0.0	0.0	0.0	0.0	0.0	0.0	0.0	0.0	0.0	0.0	0.0	0.0	0.0	0.0	0.0	0.0
3947.209390012831	-12.03234058552198	144.7772199659994	15580461.968605466	5241.88828634914	-58.97208839126779	3477.707209227501	27477392.806564324	4560.191874411896	-2.879035091249534	20795349.93145228	8.288843056646213	4629.066744693871	3720.2864353634345	1.279511	26.359564	0.1215194267537759	0.0516183855765597	0.0309297018	0.0207843857	0.1068321657	0.0342908695	-0.0682718441	-0.0602802005	-0.0145617221	-0.0218585204	-0.0826842666	-0.0348207204	-0.012100943	0.1121640192	0.0071525757	-0.080631298	0.0181669843	-0.0998919098	0.0604631095	0.0466023235	0.0631404594	0.1161496542	-0.0567308339	0.092691019	0.0621774657	-0.0204758871	-0.0018216913	0.0281576523	-0.0088115281	0.0645085769	0.0668593983	-0.004769017	-0.0495686885	0.0940248965	0.1254064812	-0.0192213778	0.0588779936	-0.0604931501	0.0278493286	-0.0540435179	-0.0312515349	-0.0197531014	0.026064535	0.1163825205	-0.0426779256	0.0717128569	0.0784889085	0.0574234459	-0.0512552395	-0.0720987625	-0.0134290942	0.0580169206	0.078712978	0.0683313842	0.0548352233	-0.0097037634	-0.0373631434	-0.0164271072	-0.0462237688	0.0089941668	-0.0768970399	0.0624776287	-0.0689956781	0.0312022298	0.0036556908	-0.0268847501	-0.0322099182	0.0321649818	0.0051544796	0.0023768336	-0.0458752088	-0.1569221739	0.1363274281	-0.0632699305	-0.0035839144	0.0682378621	-0.0910056853	0.0579119187	0.0107296473	-0.0099644763260329	-0.0100966819952077	9.929078845207012e-05	0.0001019429873123	0.0475519175700611	0.0196547481977092	0.0003863091267153	0.0022611848645898	0.1691747519905035	-0.0310211044470989	0.0286200967110483	0.0009623089211178	-0.0063660205156219	-0.0004609964556937	2.1251773216215409e-07	4.052621720531892e-05	0.0003623941075456	0.0004633920362463	1.3132948918377192e-07	2.147321792564922e-07	-0.0001223465404536	-0.0002905493503351	1.496867596096438e-08	8.441892498020676e-08	0.0	0.0	0.0	0.0	0.0	0.0	0.0	0.0	0.0	0.0	0.0	0.0	0.0	0.0	0.0	0.0	0.0	0.0	0.0	0.0	0.0
3950.59282962792	3.3834396150887187	11.447663628951696	15607183.705507535	5322.339282072043	80.45099572290292	6472.362712806544	28327295.433487147	4560.278853862297	0.0869794504014862	20796143.224983625	0.0075654247921446	4641.590082127649	3632.095633479869	2.430692	50.075394	0.403448433205908	0.3043374135917756	0.0941811376	-0.1124745185	-0.2910085597	0.2956909386	-0.0028751667	0.0942406107	0.2098120418	0.0911121621	0.1820848457	0.645320954	0.0273529223	0.0072709976	0.0812823123	0.107989057	0.15534314	-0.0748568378	-0.0160836739	-0.1723486007	0.2318456987	-0.269723175	0.2256307235	0.0956265864	-0.1861830689	-0.1209383388	0.1250921165	0.2588561947	-0.1463577357	-0.1362130036	-0.0433894676	-0.0362653358	0.108989054	0.0317102908	-0.090369357	-0.1429275721	0.0886094913	-0.011268688	0.1393470543	-0.0163692479	0.311660384	0.1905539963	0.277598802	-0.2163675273	0.0711677436	0.2683358268	0.0727253855	-0.1288824494	-0.0950402323	0.061186041	0.4857092296	0.0625369986	-0.1940577967	0.0565842401	-0.0583616622	-0.0535518019	0.1394798851	0.1999280826	-0.0546972091	-0.1138811434	0.3329106527	-0.1799825681	-0.1126250899	0.3041257082	0.0411921953	0.2360854498	-0.1757310672	0.1850818608	-0.1597055468	-0.0380456723	0.0162954414	0.0664449969	0.1581020859	-0.064125866	-0.0011949111	0.0658046293	-0.0912558111	0.062403154	0.0035839144	-0.0195741366949704	-0.0096096603689375	0.0003831468273533	9.2345572406328e-05	0.0283114950801177	-0.0192404224899434	0.0003701938575915	0.0008015407536715	0.0864184174319149	-0.0827563345585885	0.0074681428714366	0.006848610909573	-0.0007859985497407	0.0055800219658812	3.11366451397167e-05	6.177937201944837e-07	0.0002130059990417	-0.0001493881085039	4.537155562775271e-08	2.2316806962373002e-08	-1.4916299069929375e-05	0.0001074302413836	2.2249597794357594e-10	1.1541256763753734e-08	0.0	0.0	0.0	0.0	0.0	0.0	0.0	0.0	0.0	0.0	1.0	0.0	0.0	0.0	0.0	0.0	0.0	0.0	0.0	0.0	0.0
3979.308745253412	28.715915625492016	824.6038102103765	15834898.090050284	5352.988767213459	30.64948514141633	939.3909394339008	28654488.741913468	4568.282875024763	8.004021162465506	20869208.426244512	64.06435476919566	4647.177553103205	3729.877402410238	2.218023	45.694138	0.3227600851961524	0.2503313799941699	0.0333080247	0.0780262144	-0.0051285187	0.0849053325	-0.0034142889	-0.0937661701	0.1990963011	-0.0658879054	0.1941001746	0.1312306259	-0.0018271291	-0.0550153697	-0.0634967623	-0.0918675989	0.0799920714	-0.1251220939	0.0700215434	-0.0148566211	0.0969465703	-0.0788491412	0.0229153366	-0.1107965166	-0.0112457192	-0.0178056321	-0.0949784115	0.0367106776	-0.09217433	-0.0034090775	-0.1346631845	-0.010221943	-0.0431186266	-0.0812164223	0.0685295252	-0.1266174888	0.0425025811	-0.0713932253	0.0126828714	0.0186830887	0.1188706098	0.0564023291	0.0090378781	0.000354918	-0.0943874303	-0.148300231	-0.0216803189	-0.0313056132	-0.12986686	-0.0574581364	0.0333942736	-0.0079441316	-0.0824698433	0.1145831177	0.0701341242	0.0394824707	0.0372264787	0.0121214025	-0.088038204	0.0754627482	-0.0591362885	0.0321926572	0.0495938539	0.1270291381	0.0354737379	-0.0959699988	0.0058679861	0.0503141171	0.0367483128	0.0989390216	0.0212096537	-0.0869061286	-0.0010645106	-0.0649708138	0.0011949111	0.0632699305	-0.0912558111	0.0666271694	-0.0035839144	-0.003050356240422	0.0165237804545484	9.30467319348144e-06	0.0002730353205101	0.0262455213541699	-0.0020659737259478	4.2682474363066376e-06	0.0006888273911521	0.1296253524265296	0.0432069349946146	0.016802731991702	0.0018668392316288	-0.0054880639299657	-0.004702065380225	2.210941883991048e-05	3.0118845699390568e-05	0.0005921658470826	0.0003791598480409	3.506603904510532e-07	1.4376219036639838e-07	0.000123126393085	0.0001380426921549	1.5160108674121937e-08	1.90557848573806e-08	0.0	0.0	0.0	0.0	0.0	0.0	0.0	0.0	0.0	0.0	0.0	1.0	0.0	0.0	0.0	0.0	0.0	0.0	0.0	0.0	0.0
3959.957101366943	-19.35164388646899	374.4861211087127	15681260.24466648	5296.01952120624	-56.969246007219226	3245.494990631064	28047822.76899757	4555.52553803796	-12.75733698680233	20752812.927716047	162.74964699483473	4630.077093427273	3902.360062817421	1.405489	28.954887	0.1433296413768371	0.0797091279840957	-0.0403043417	0.0040879431	0.1166756278	0.1527945029	0.0637635977	-0.06947848	0.0370073664	-0.0501465693	-0.0968286222	-0.0695543872	-0.08225976	-0.006840145	0.0754004868	-0.0827039778	0.0485932475	-0.0206296364	0.1301552701	-0.0496329494	-0.0322117314	0.0286100032	-0.0372953976	-0.0127708262	-0.0859383539	-0.0424916891	-0.0920560157	-0.0129116474	-0.0982999032	0.0190284708	-0.0481364416	0.0023015467	0.0545876349	0.008004844	0.1332406173	-0.0634600856	0.0226298249	0.0389140179	-0.0344421352	-0.0240130059	-0.0030121126	-0.0270201278	-0.0228427853	-0.0591348198	-0.1051115483	0.0093290522	0.0330671285	-0.0177551981	-0.0901920183	-0.0904745056	-0.0449149912	0.0863622076	-0.0279587698	0.0293851625	-0.0150064127	0.029550712	-0.0221135451	0.0299550365	0.0476677526	0.1283113648	-0.0267603533	-0.0306955377	-0.0480640026	0.0213324224	0.0019476055	0.0531862405	0.0753619552	0.1269645474	0.204945948	-0.0453063288	-0.0309123538	-0.1739810567	-0.0420407428	-0.0658046293	0.0035839144	0.060637674	-0.0910056853	0.0705658771	-0.0107296473	-0.0091824650855016	-0.0061321088450795	8.431766504645589e-05	3.7602758887903456e-05	0.02943618963603	0.0031906682818601	1.0180364084868097e-05	0.0008664892602883	0.171044492471502	0.0414191400449724	0.0292562184048337	0.001715545162065	-0.0066145042755255	-0.0011264403455597	1.2688678521048812e-06	4.375166681094512e-05	0.0002940090518199	-0.0002981567952627	8.644132255203665e-08	8.88974745613236e-08	-0.000304030950191	-0.000427157343276	9.243481867404233e-08	1.824633959146105e-07	0.0	0.0	0.0	0.0	0.0	0.0	0.0	0.0	0.0	0.0	0.0	0.0	0.0	0.0	0.0	0.0	0.0	0.0	0.0	0.0	0.0
3948.467855469823	-11.489245897119872	132.00277128448582	15590398.405678462	5290.666034939923	-5.353486266317304	28.65981520364799	27991147.093266923	4542.3534394036005	-13.172098634359829	20632974.76846172	173.504182433304	4626.019461963309	3965.1449379158616	1.366414	28.149885	0.2075016746116111	0.1510475600190527	-0.1225083477	0.15862908	0.123264931	0.1319896883	0.0152931413	0.0650900014	-0.0527250411	-0.1922920197	-0.101576743	0.0302800087	-0.0615941743	-0.0455030706	-0.1772847865	-0.0715443232	0.0245919478	0.0463028997	0.1417188396	0.0719796066	-0.0949146255	0.0281439651	0.1411130673	-0.011728547	-0.0534313184	0.0602382414	0.0245083211	0.0926139832	-0.0680806998	0.0002651819	-0.0922624515	-0.0948574569	-0.1844146112	-0.1005917474	0.0906649711	-0.025521029	-0.0077648367	0.0547985073	0.0639675496	0.0723050457	-0.0691090379	-0.04904359	0.078703096	-0.1505270329	-0.0767977387	0.0121280675	-0.0570782565	0.1263986757	-0.0968882618	-0.2291159091	-0.0421706594	-0.0266311018	-0.0789711262	0.0579697547	0.0376030862	-0.0831188269	-0.0464322576	-0.1447850921	0.0361153031	-0.0349461936	0.0703535853	0.0298027761	-0.0111777148	0.089258646	-0.0020737258	0.1009526252	0.1408068743	0.0835515216	0.1927153514	-0.0776472896	0.0164677308	0.0299936758	-0.0058914483	-0.0666271694	0.0059704615	0.0579119187	-0.0905061192	0.0742024108	-0.0178092284	-0.0256372116059537	-0.0164547465204521	0.0006572666189284	0.0002707586830523	0.032692701752552	0.0032565121165219	1.0604871165054571e-05	0.0010688127478813	0.3163537271832837	0.1453092347117817	0.1000796807027554	0.0211147736925236	-0.0070090631375994	-0.0003945588620738	1.556766956410507e-07	4.9126966066854745e-05	3.9870901344940535e-06	-0.0002900219616854	1.5896887740579808e-11	8.411273825985108e-08	-0.0001389881486932	0.0001650428014978	1.931770547716307e-08	2.723912632624221e-08	0.0	0.0	0.0	0.0	0.0	0.0	0.0	0.0	0.0	0.0	0.0	0.0	0.0	0.0	0.0	0.0	0.0	0.0	0.0	0.0	0.0
3935.4587041300415	-13.00915133978151	169.23801858133908	15487835.211912906	5218.882443971272	-71.78359096865097	5152.883932354589	27236733.963991556	4544.8233006110095	2.46986120740894	20655418.83377675	6.100214383863546	4616.918859260788	3723.708990473732	1.43851	29.635155	0.1328294345959981	0.0752662438947856	0.0228143092	0.0723586371	0.1668067205	0.0372363091	-0.1226309559	-0.059812303	-0.0722231114	-0.037701612	0.02728414	0.0072602988	-0.0914355733	0.0564192336	-0.0010906336	-0.0564481533	-0.0193662826	0.0662198275	0.1656936955	0.0648503592	-0.0448220729	-0.04510112	0.0354122412	0.0780981609	0.0957191963	-0.0496318663	0.0674000569	-0.0789630971	-0.106176442	-0.0291053457	0.0491203454	-0.0458905874	-0.0537315466	0.0518660982	0.124114181	0.0424384957	0.0034545101	0.1211455332	0.061545502	-0.0041000497	0.0272637723	-0.1615914756	0.1132942631	0.0497685764	-0.0169583074	0.007840234	0.0355188114	0.021500409	0.0172110841	-0.1795155639	-0.0056548388	0.0558200511	0.1272451207	-0.0133802128	-0.0277285946	0.0257337258	-0.0774429073	-0.0846059079	0.0443768209	-0.0923771436	0.0344570085	0.0170765702	-0.032367206	0.0720735146	-0.0227901321	0.0672219389	0.1207167736	-0.0256940113	-0.0151542721	0.0435658278	-0.0496433547	-0.0986396489	0.0545552949	-0.0674382934	0.0083529168	0.0550968674	-0.0897584821	0.0775211985	-0.0247790096	-0.0092788836873864	0.0163583279185673	8.609768248404542e-05	0.0002675948922913	0.0362204984473919	0.0035277966948399	1.2445349520123327e-05	0.0013119245077775	0.3526912910496449	0.0363375638663612	0.1243911467822653	0.0013204185477418	-0.0081511201845077	-0.0011420570469083	1.3042942983929077e-06	6.644076026228884e-05	-0.0002072084116611	-0.0002111955017955	4.293532586311588e-08	4.4603539978692766e-08	-0.0003178505223139	-0.0001788623736206	1.0102895453521905e-07	3.1991748697230874e-08	0.0	0.0	0.0	0.0	0.0	0.0	0.0	0.0	0.0	0.0	0.0	0.0	0.0	0.0	0.0	0.0	0.0	0.0	0.0	0.0	0.0
3934.922553189474	-0.5361509405674951	0.2874578310714097	15483615.499599168	5239.951884209355	21.06944023808319	443.921311946159	27457095.748829167	4536.158176428165	-8.66512418284492	20576731.00157609	75.08437710412385	4612.527851939713	3801.1625439874056	1.223529	25.206272	0.0788356474484523	0.0473085573150567	-0.0819457749	0.0822894764	0.0153525446	-0.0192369894	-0.0042290509	0.0638755006	-0.035108318	-0.168085193	0.0773408429	-0.0095596568	0.0089891875	-0.1296187227	0.0159778172	-0.0663033667	-0.1637678378	-0.0348212913	0.0589046976	0.0605196181	0.0885994338	-0.1372112685	-0.0626604752	0.0512109556	-0.0776017198	-0.0727492324	-0.1017063859	0.0107570069	0.0961281949	0.0773908081	-0.0119136	0.0011571715	0.0344464104	-0.1234258961	0.0799353737	0.0618456799	-0.0342403059	-0.0112909324	-0.0236863118	0.1939271934	0.150829762	0.0356443634	-0.0476597298	0.0556138975	0.0018492886	0.02427325	0.1614284904	0.0802988281	-0.0463637721	-0.1453124821	0.0192568673	-0.0401108666	0.0116738628	-0.1473605257	0.0334885548	0.0072095501	0.047131266	-0.0508012256	0.0345004796	-0.0349120129	0.0484910224	0.0679907957	0.0070165587	0.031896746	0.0095444563	0.0623084295	0.0516646161	-0.0271867901	-0.0713830233	0.0050782888	0.1041136252	-0.0215092113	-0.0001270093	-0.0682378621	0.0107296473	0.0521968607	-0.0887648233	0.0805080284	-0.0315960199	-0.0091346992870597	0.0001441844003266	8.344273106500899e-05	2.078914129756985e-08	0.0252835119169958	-0.010936986530396	0.000119617674366	0.0006392559748568	0.3288659714135704	-0.0238253196360745	0.1081528271537912	0.0005676458557611	-0.0074070899795044	0.0007440302050033	5.535809459572533e-07	5.486498196447449e-05	-0.0002267523626733	-1.9543951012199992e-05	5.141663397792377e-08	3.8196602116727306e-10	-0.0002028415406963	0.0001150089816175	4.1144690632048735e-08	1.3227065852717449e-08	0.0	0.0	0.0	0.0	0.0	0.0	0.0	0.0	0.0	0.0	0.0	0.0	0.0	0.0	0.0	0.0	0.0	0.0	0.0	0.0	0.0
3933.9123580282217	-1.0101951612523408	1.0204942638176429	15475666.440647162	5228.935015328323	-11.016868881031767	121.37139994184618	27341761.39452661	4541.485985709068	5.327809280903239	20625094.958391864	28.385551733678685	4610.871573124832	3712.6287089021976	1.189697	24.509298	0.0873336956084857	0.0416515699958284	0.051721775	0.0254884746	0.1034316925	0.034509735	-0.0654691526	-0.0579572514	-0.0439016221	-0.0966638904	-0.0195235336	-0.0073584748	-0.0275517223	0.0289054235	-0.0534191263	-0.032742579	-0.1078790356	-0.0609381481	0.0908960751	0.0352628629	0.0318839473	0.0221383788	-0.0197247294	-0.0237276646	0.0499538484	-0.0789853762	0.008654796	-0.0472093367	-0.0519133781	-0.0617459774	-0.0584103851	-0.0459823355	-0.0787095079	0.0207460369	0.086370331	0.0842746245	0.065478924	-0.034890988	-0.0193959283	0.0254649938	0.0471276959	-0.0364247062	0.0435243773	0.0260791553	-0.0224868027	-0.0232469557	0.0892582249	0.0071288706	-0.0302545779	-0.1374261019	0.050602486	0.036149707	0.1354337744	-0.0465422608	0.0490561184	-0.0115497758	-0.060787093	0.0253254475	-0.0002649244	-0.054719442	-0.0214071324	0.0398066171	0.038311581	0.0259893062	0.0377249479	-0.0310910489	0.0395267495	-0.0308367998	-0.0204739249	-0.0044202457	0.0104881107	0.0983817009	0.0088392323	-0.0690257386	0.0130990243	0.0492163702	-0.0875278662	0.0831501106	-0.0382182304	-0.0258569739115444	-0.0167222746244847	0.0006685830998622	0.0002796344686166	0.0474865381249429	0.022203026207947	0.0004929743727907	0.0022549713030916	0.3095431639795336	-0.0193228074340368	0.0958169703664604	0.0003733708871328	-0.0070830536867175	0.0003240362927868	1.0499951904307729e-07	5.016964952892237e-05	-0.0002151564649075	1.15958977658e-05	4.629230439149228e-08	1.3446484499488546e-10	4.323801559134258e-05	0.0002460795562876	1.869525992277184e-09	6.055514802272307e-08	0.0	0.0	0.0	0.0	0.0	0.0	0.0	0.0	0.0	0.0	0.0	0.0	0.0	0.0	0.0	0.0	0.0	0.0	0.0	0.0	0.0
3935.142517889054	1.230159860832373	1.5132932832031232	15485346.636098204	5239.116173852848	10.181158524525015	103.65598890150842	27448338.283126507	4548.092718883097	6.606733174029614	20685147.37955745	43.64892323282342	4617.631019690518	3859.775920927712	1.273543	26.236616	0.112758352907088	0.0545591937953443	-0.0980115845	0.0293399455	0.0832421378	0.0364092211	0.0061890053	-0.0652989736	-0.0973293688	-0.1543927577	-0.0242987014	0.0066316115	-0.0430274055	-0.041760268	0.0482576256	-0.0901676148	-0.009250869	-0.0798273195	0.0981409631	0.0587594635	-0.1187612464	-0.0312037842	-0.0552892173	-0.0421607645	-0.0610232196	0.0758437025	-0.0048183361	0.0408360578	-0.0180900153	-0.0620802229	0.1360122681	-0.0351945866	0.0323137906	-0.0530884626	0.1585515832	-0.0478396504	0.0313544612	0.0072727851	-0.0436954707	0.1182021328	-0.0419353794	-0.0567373564	-0.0499030918	-0.0266695651	0.0332813482	0.0350889165	-0.0388528144	-0.0220630411	0.0671999285	-0.1487457845	-0.0153178379	0.0554606236	-0.0357324977	-0.0672023323	0.0212952206	-0.0524110941	0.0155869604	0.0027158636	0.1222322815	-0.0253627304	-0.0584032057	-0.0587955015	0.0943616901	0.0068405155	-0.0105421314	-0.0467741666	0.0878190665	0.0378123568	0.0054495083	-0.0597444473	-0.0662242957	0.0922489853	0.0895186974	-0.0698017879	0.0154594239	0.0461599916	-0.0860510014	0.0854361313	-0.0446048127	-0.0289995539029774	-0.0031425799914329	0.0008409741265716	9.87580900255502e-06	0.037088060150964	-0.0103984779739789	0.0001081283441753	0.0013755242057615	0.2789231069612796	-0.0306200570182539	0.0777980995969334	0.0009375878918011	-0.0067219863322164	0.0003610673545011	1.30369634486423e-07	4.5185100250504094e-05	0.0002312551161618	0.0004464115810692	5.347892875100762e-08	1.9928329971279217e-07	-0.0005212278073067	-0.000564465822898	2.716784271097504e-07	3.186216652199644e-07	0.0	0.0	0.0	0.0	0.0	0.0	0.0	0.0	0.0	0.0	0.0	0.0	0.0	0.0	0.0	0.0	0.0	0.0	0.0	0.0	0.0
3930.692737236513	-4.449780652540994	19.800547855728155	15450345.39456387	5243.86867243127	4.752498578422092	22.586242737904	27498158.65370609	4545.506748108781	-2.5859707743165927	20661631.597102463	6.687244845619558	4626.9406968800295	3908.6832970167775	1.161058	23.919281	0.1198358168481274	0.0690037974941161	-0.0839559352	0.1552279795	0.0634939535	0.0367896479	-0.0824735868	0.0917334205	-0.0800736914	-0.1166969535	-0.0201535732	0.1001787137	-0.0509149579	-0.0061273131	-0.1010467832	-0.0412922795	0.0342038664	-0.0036667004	0.0224175263	0.1576778864	-0.0651857339	0.0687492584	0.0512688995	-0.0685568369	-0.0678436667	-0.0314221189	0.0004895966	0.0017331817	-0.1611626654	-0.0115717131	0.1241198615	0.0867577721	-0.107050955	-0.054601481	0.0271195574	-0.0478918488	-0.0223378145	-0.0322599736	0.1176151806	0.0877632962	-0.1031645107	-0.076801958	0.0291259506	-0.0771529493	-0.1509879291	-0.0084367765	-0.0005481803	-0.0708348764	-0.0160281091	-0.1943712758	-0.0086424416	-0.0678434007	0.0328203069	-0.0394541861	0.0479725313	-0.0114815976	-0.1193566945	-0.1451885315	0.024590242	-0.1197796904	0.0235321994	-0.1059122499	-0.0334841215	0.0498449461	-0.010032251	-0.0773739929	0.192658574	0.0346660823	0.0921882026	-0.0716150168	-0.0091664208	0.1603549809	0.0034353562	-0.0705658771	0.0178092284	0.0430324377	-0.0843382767	0.0873563013	-0.0507163915	-0.0091130199086251	0.0198865339943523	8.304713185499744e-05	0.0003954742343085	0.0460255347303046	0.0089374745793406	7.987845185635951e-05	0.0021183498472104	0.3256427302804141	0.0467196233191345	0.1060431877844825	0.0021827232030818	-0.0075530063575057	-0.0008310200252892	6.905942824318277e-07	5.704790503652152e-05	0.00023217573616	9.206199982000082e-07	5.3905572461437936e-08	8.475411810857833e-13	-0.0005751308611252	-5.3903053818500006e-05	3.307755074186141e-07	2.905539210960108e-09	0.0	0.0	0.0	0.0	0.0	0.0	0.0	0.0	0.0	0.0	0.0	0.0	0.0	0.0	0.0	0.0	0.0	0.0	0.0	0.0	0.0
3915.868588934264	-14.824148302248886	219.75537288706852	15334026.805802025	5176.802495642553	-67.0661767887168	4497.872069055416	26799284.078890968	4545.374071027511	-0.1326770812702307	20660425.44556921	0.0176032078943874	4614.225602047638	3672.3215978018543	1.344837	27.705381	0.0804064430998574	0.0404876749646754	0.0157944055	0.027023261	0.1265957935	-0.0191834073	-0.0740570121	-0.034184191	-0.1882628832	-0.0104461562	-0.0331140734	0.0367805417	-0.0686022267	-0.0065777725	0.069074661	-0.0207853558	0.0701636646	0.068127639	0.0648113603	0.0715072337	-0.1508270317	0.0468749356	0.0507917542	-0.0399901718	-0.0233289356	-0.1105107707	0.0844372528	0.0338192513	0.0633687416	0.0284592252	0.0925654436	-0.0029841209	0.0354416725	-0.0074713501	0.0933868709	-0.0216239785	0.0073654411	0.0822908539	0.0693488826	-0.0251217044	-0.1327587159	-0.1302990996	0.0347227508	-0.0826737993	0.0394276284	0.0079042314	0.1513113964	-0.016998172	0.1003350633	-0.1643675396	0.0058786587	0.0695513949	0.1185333901	-0.0944109776	-0.0403083443	0.0323675395	-0.0149933114	-0.0931715492	0.0909847229	-0.1154781641	0.0056094075	-0.0565177069	-0.0374430202	0.00923242	-0.0607056563	0.0377394793	0.0756301056	-0.0476675484	0.0023953996	0.0280816662	-0.0591239353	0.0045272689	0.0211776718	-0.0713178751	0.0201468273	0.0398385309	-0.0823943867	0.0889023983	-0.0565152869	-0.0281084090674426	-0.0189953891588175	0.0007900826603026	0.0003608248092949	0.040894506025296	-0.0051310287050086	2.632745557162226e-05	0.0016723606230529	0.3538214151104455	0.0281786848300313	0.1251895937907582	0.0007940382787502	-0.0074758566205312	7.714973697449997e-05	5.9520819152345276e-09	5.588843221074017e-05	0.0006240069640839	0.0003918312279239	3.893846912252057e-07	1.5353171117635134e-07	-0.0006681767043468	-9.30458432216e-05	4.46460108231751e-07	8.657528940818568e-09	0.0	0.0	0.0	0.0	0.0	0.0	0.0	0.0	0.0	0.0	0.0	0.0	0.0	0.0	0.0	0.0	0.0	0.0	0.0	0.0	0.0
3923.620203604106	7.751614669841729	60.08752998970549	15394795.502130326	5209.524274995056	32.72177935250238	1070.7148439938512	27139143.17176276	4534.897896985811	-10.476174041699778	20565298.93608633	109.75022255198428	4609.385225353323	3682.781320912711	1.122242	23.119635	0.0743588664818032	0.0349733873975302	-0.0140883377	0.1300200703	0.0048274321	-0.0512697181	-0.0580944659	0.0023793184	-0.1032007762	-0.14333048	0.0819546896	-0.007579347	0.1446877821	-0.074412058	-0.1267086822	0.0039622775	0.0045301382	0.0990475417	0.0298039176	0.1031046626	0.0465720089	0.0102953581	0.0711370941	0.0503268734	-0.0213587424	0.014023841	0.0058092972	0.0209202831	0.0052199258	0.0915411274	0.0755152457	-0.0267030065	-0.1248186922	-0.1138414879	-0.0073154264	0.022843635	-0.0333685885	0.0805626715	0.056618721	0.0463688304	-0.0399163127	0.0398719655	0.0531887347	0.0278650375	-0.0162074538	0.02047379	0.0417729813	0.0495702355	-0.0025852212	-0.1743228752	0.0357578806	-0.0510194062	0.0526387645	-0.1253009167	0.0251953927	0.0178560112	-0.0267492659	-0.1169150951	-0.0214409113	-0.0772333989	0.0310178068	-0.0326029013	-0.0029605344	0.0529319114	-0.0620231674	-0.01320462	0.0541378879	-0.0649978527	-0.075904058	0.0988798648	0.0315952212	0.0811435088	-0.0443695909	-0.0720576532	0.0224706185	0.036583196	-0.0802246594	0.0900678015	-0.0619657467	-0.0279449668221474	0.0001634422452952	0.0007809211706909	2.6713367547136512e-08	0.0259150696077483	-0.0149794364175477	0.0002243835153873	0.0006715908327744	0.3668451874139009	0.0130237723034553	0.13457539152874	0.0001696186450122	-0.0077970142552824	-0.0003211576347512	1.0314222635898537e-07	6.079343129707696e-05	0.0003463435436723	-0.0002776634204116	1.1995385024348637e-07	7.709697503466896e-08	-0.0003431534491995	0.0003250232551473	1.1775428969751383e-07	1.0564011638654688e-07	0.0	0.0	0.0	0.0	0.0	0.0	0.0	0.0	0.0	0.0	0.0	0.0	0.0	0.0	0.0	0.0	0.0	0.0	0.0	0.0	0.0
3934.209296841636	10.58909323753005	112.12889559310466	15478002.79135516	5256.120851154569	46.59657615951346	2171.2409097893383	27626806.401941832	4535.901230608038	1.003333622226819	20574399.97383151	1.0066783574907892	4606.464770272054	3721.621418668932	1.171662	24.137754	0.1584245249083973	0.0954718226231497	-0.0101111654	-0.0206643763	0.076042309	0.0082839062	0.0033018893	-0.1427228779	-0.0470532596	-0.0370018241	0.0616866148	0.0178314555	-0.0694691183	-0.029705413	-0.0258440965	-0.0022397169	-0.0415891514	0.1189898525	0.1290603533	-0.0519578035	-0.037373012	-0.0739721482	-0.0070253951	0.034503171	0.0319751103	-0.0919217481	0.0699190888	0.0025900237	0.0730672375	-0.0609202999	-0.0070809505	0.0394930883	-0.0296936827	-0.0196177089	0.0433727995	0.0235763761	-0.0124376872	0.1682470117	-0.06336114	0.022024557	0.0573707653	-0.0659299837	0.007221231	-0.0157365249	0.0462659394	0.031872477	0.08164543	-0.018992161	0.0347920352	-0.1160569915	0.0237656627	0.0922103795	0.0789842958	-0.0874140175	-0.0368349303	0.0877897731	-0.0452217097	0.0054890227	0.03630139	0.0088845334	-0.0057525152	-0.0245152872	-0.001492249	-0.0235357723	0.0309861673	0.0178303259	0.0311676492	-0.0759488412	-0.1170616068	0.0384726615	0.0408707631	0.0193126681	-0.0804616407	-0.0727850846	0.0247790096	0.0332714524	-0.0778350419	0.0908475206	-0.0670341672	-0.0220589014150363	0.0058860654071111	0.0004865951316382	3.4645765976789976e-05	0.0447493595342649	0.0188342899265166	0.000354730477036	0.0020025051787269	0.3017930319933413	-0.0650521554205595	0.0910790341597339	0.0042317829248606	-0.0066540243391789	0.0011429899161035	1.306425948314286e-06	4.42760399063852e-05	0.0001331996777869	-0.0002131438658853	1.7742154162533983e-08	4.543030756457337e-08	-0.0003600599502948	-1.6906501095300037e-05	1.2964316780629385e-07	2.858297792853813e-10	0.0	0.0	0.0	0.0	0.0	0.0	0.0	0.0	0.0	0.0	0.0	0.0	0.0	0.0	0.0	0.0	0.0	0.0	0.0	0.0	0.0
3933.418699292152	-0.7905975494841186	0.6250444852502934	15471782.663941164	5260.0968017578125	3.975950603243291	15.808183199430689	27668618.363862768	4532.400126751932	-3.501103856106056	20542650.908980925	12.257728211240694	4607.87453136526	3839.8510035691215	1.126867	23.214914	0.0368260426807933	0.0219765071786525	-0.1047106125	0.0659772464	0.0210833321	0.013153554	0.0354701551	0.0492934338	-0.0480886638	-0.1693658111	0.0120563266	-0.0515746285	0.0311099041	-0.0977911952	-0.0026848254	-0.0125588414	-0.0703050494	0.0184909113	0.063922398	0.1160304651	-0.0351481339	-0.0496178786	-0.0825787577	0.0530651356	-0.084019658	0.0035897571	0.0468257277	0.0373864992	0.0676748053	-0.0009335736	0.017060733	-0.0666643799	-0.003307414	-0.0979616	0.05777579	0.0340552152	-0.005648043	0.0479948566	0.0130807969	0.1462507374	0.0142842375	-0.0197439509	-0.0657994042	0.0192819556	0.0311181447	0.116229035	0.0750937882	0.1159138844	0.0449064716	-0.1412512348	0.0266577958	-0.0201099834	-0.0170242402	-0.1263285971	0.073645286	-0.0335557047	0.044997039	-0.0342987924	0.014348992	-0.0106369491	0.0287348986	0.0821251587	0.0301901827	-0.0383016018	-0.006656818	0.0368731225	0.0115898333	0.022891782	-0.0167742139	0.0137869352	0.0473710697	0.0065147748	-0.0841645901	-0.0735000446	0.0270704183	0.0299084066	-0.075232084	0.0912382167	-0.0716892996	-0.0169336268785826	0.0051252745364537	0.000286747719263	2.626843907402069e-05	0.0488974311233363	0.0041480715890713	1.7206497908061323e-05	0.0023909587704614	0.305807824895183	0.0040147929018417	0.0935184257671229	1.6118562044678512e-05	-0.0065820496435461	7.197469563280032e-05	5.180356811434245e-09	4.3323377510105335e-05	0.0001499296724369	1.672999465e-05	2.2478906677036133e-08	2.7989272098902855e-10	2.199343249093119e-05	0.0003820533827857	4.837110727331475e-10	1.4596478729802046e-07	0.0	0.0	0.0	0.0	0.0	0.0	0.0	0.0	0.0	0.0	0.0	0.0	0.0	0.0	0.0	0.0	0.0	0.0	0.0	0.0	0.0
3931.18495410377	-2.2337451883818176	4.9896175666189215	15454215.14337186	5208.218347477007	-51.87845428080527	2691.374018565603	27125538.354996126	4551.004413876783	18.604287124851	20711641.17512596	346.1194994238966	4618.672565378344	3650.2306898828574	1.389694	28.629482	0.1014949860503585	0.0452231473296051	0.071882599	0.0741203799	0.0773508044	0.0067649632	-0.1215292504	-0.0579105642	-0.0919237531	-0.1047341766	-0.1014974607	-0.038764505	-0.017968059	0.0503719948	-0.0623913934	-0.0336392817	0.0038707753	-0.036089579	0.1083241164	0.0711036465	0.0533799268	0.0201195703	0.0304972637	0.0528156748	0.0665161972	-0.0818039005	-0.0984754925	-0.0475183874	-0.0055032299	0.0299872157	0.1714510493	0.1095288563	-0.1042062853	0.0192611465	0.0979138941	0.036960373	0.0836394333	0.0087446234	0.0689933081	0.009520872	-0.0091886137	0.0072300662	0.0514753845	0.0432572158	0.0353265472	-0.0226785001	0.0354686644	-0.1718067574	-0.0387302761	-0.1251397397	0.0522242573	-0.0159711315	0.1168333416	-0.0165177935	0.0290190577	-0.0932339049	-0.0506787564	0.0973896952	-0.0005648725	-0.0234596985	5.53379e-05	-0.0118106562	0.0821540341	-0.0499278098	-0.0091902703	0.06537702	0.0178239272	0.0048732546	-0.0726171498	0.0549528731	0.0937981969	0.0294985733	-0.0377150046	-0.0742024108	0.0293432743	0.0264992443	-0.0724229201	0.0912382167	-0.0759024438	-0.0354115769335123	-0.0184779500549297	0.001253979780918	0.0003414346382324	0.0612770545607475	0.0123796234374112	0.0001532550764521	0.0037548774156408	0.2985101321916588	-0.0072976927035242	0.0891082990210816	5.3256318795070427e-05	-0.0072390404093683	-0.0006569907658222	4.316368663756414e-07	5.240370604846717e-05	-0.0003290567141887	-0.0004789863866255	1.082783211526638e-07	2.294279585726487e-07	0.000152810677133	0.000130817244642	2.335110304584597e-08	1.711315149574288e-08	0.0	0.0	0.0	0.0	0.0	0.0	0.0	0.0	0.0	0.0	0.0	0.0	0.0	0.0	0.0	0.0	0.0	0.0	0.0	0.0	0.0
3951.388523685384	20.20356958161392	408.1842238391153	15613471.265112558	5331.374032708663	123.1556852316562	15167.322804878782	28423549.07664024	4547.709970610266	-3.294443266516282	20681665.97678803	10.85335643629447	4633.70500242045	3745.123874389266	1.571521	32.375347	0.2922692883757601	0.1946207782111526	-0.0152469837	-0.102748142	0.0172922135	-0.0694962334	0.1209153443	-0.032128518	0.1191167699	0.129344303	-0.1676884356	-0.1310006285	0.0238984513	-0.0667248671	0.0685610015	-0.030740571	-0.0158761326	-0.0498401209	-0.0229459512	-0.098553027	-0.0199923349	-0.006830832	0.0129429582	0.0539446757	0.0668744558	0.1287888682	-0.0126301741	-0.0725140588	-0.0230864585	-0.0304411377	-0.0500018186	0.0175753543	0.1184584279	-0.0445718697	-0.0207729597	-0.0847421265	-0.0394936121	-0.0293209348	-0.1019632782	-0.0142862415	0.0661121909	-0.0322951496	0.061076413	0.0375072381	-0.116655975	-0.0356998442	-0.1764209555	-0.0120677821	-0.0109268481	0.0746416119	-0.0420532874	0.0509560899	0.0148656546	-0.0726813528	-0.1580940823	-0.0380912316	0.0985408268	0.021653455	-0.01801589	0.0601056785	-0.0527388801	-0.0551279486	-0.0201799877	-0.0408323717	0.0445026713	-0.0385870243	0.0641907553	-0.1124343119	-0.0510111334	0.0242071775	-0.0046366067	-0.09321815	-0.133082476	-0.0748920628	0.0315960199	0.0230492221	-0.06941525	0.0908475206	-0.0796476241	-0.0115689674565686	0.0238426094769437	0.0001338410080111	0.00056847002667	0.0338494674316649	-0.0274275871290826	0.0007522725357234	0.0011457864454073	0.1138959966645671	-0.1846141355270917	0.012972298056215	0.0340823790364153	-0.0066600417103584	0.0005789986990099	3.35239493455157e-07	4.435615558371365e-05	-4.639472796785782e-05	0.0002826619862208	2.1524707832115286e-09	7.989779845431156e-08	0.0004188491167551	0.0002660384396221	1.754345826065274e-07	7.077645135656175e-08	0.0	0.0	0.0	0.0	0.0	0.0	0.0	0.0	0.0	0.0	0.0	0.0	1.0	0.0	0.0	0.0	0.0	0.0	0.0	0.0	0.0
3949.231895087643	-2.156628597741019	4.6510469085943935	15596432.561177537	5289.850432963311	-41.52359974535284	1724.2093358122663	27982517.603122126	4546.153070755126	-1.5568998551407276	20667507.742736258	2.4239371589372185	4619.092133223243	3693.5445045542942	1.446978	29.809612	0.1880642683142674	0.117504119431598	0.0129615402	0.0405727848	-0.1138335477	-0.0587728497	0.017536995	0.0752266303	0.0978384741	0.1638818024	0.1610862031	-0.1242591224	0.0361389695	0.1093963609	-0.0343887159	-0.019176041	-0.0744203647	0.0348118052	-0.0677790944	-0.0173340191	0.1193757414	0.0037982115	0.0288437951	-0.0584647285	0.0267011671	0.1955453656	-0.1583095387	-0.1142941496	-0.0347161989	-0.1176742402	-0.0988748881	-0.1571605126	-0.0403554972	0.1091584857	-0.0626904887	0.0379388874	-0.0983817284	-0.0451482328	-0.0233342488	0.0362348509	0.0418976072	0.115754763	-0.0117668337	0.0648331771	-0.0583950544	-0.1108394958	-0.1424010719	0.0850196214	-0.0653819478	0.1432504183	-0.0472972135	-0.128340399	-0.0843645207	0.0636910461	-0.2691616257	-0.2539277214	-0.0444577824	0.0067319055	-0.1526190383	-0.0064651407	-0.0883364406	0.0014939106	-0.1144954601	0.051987422	-0.0304415199	-0.1028081666	0.0480032606	-0.0752658946	-0.1133230241	0.0073548105	-0.0206205334	-0.0094447359	-0.0101889885	-0.0755688824	0.0338271112	0.0195636596	-0.0662173176	0.0900678015	-0.0829017503	-0.0185943584224048	-0.0070253909658362	0.0003457501651408	4.93561182228529e-05	-0.0024288422557248	-0.0362783096873897	0.0013161157537741	5.899274703194335e-06	0.0089631462173684	-0.1049328504471986	8.033799011392545e-05	0.0110109031029741	-0.0061160727412769	0.0005439689690814	2.959022393235896e-07	3.740634577659034e-05	0.0001643486089377	0.0002107433369055	2.7010465259757044e-08	4.441275405008944e-08	0.0003770070784653	-4.1842038289799984e-05	1.4213433721294088e-07	1.7507561682450881e-09	0.0	0.0	0.0	0.0	0.0	0.0	0.0	0.0	0.0	0.0	0.0	0.0	0.0	0.0	0.0	0.0	0.0	0.0	0.0	0.0	0.0
3953.479630878152	4.2477357905090685	18.043259345971705	15630001.191768449	5272.832723496836	-17.017709466475026	289.6024354853537	27802764.929979056	4551.405482756166	5.252412001040284	20715291.868462887	27.587831828672	4618.390083280244	3715.4792073169097	1.29495	26.677639	0.0956641942590366	0.0696731999418054	0.0560325667	-0.0535219396	0.0460349778	-0.0250103031	0.0014496051	-0.0583509006	0.0688583448	0.179464478	0.0822915102	-0.0879875827	0.0570678638	0.0105739477	0.0939728251	-0.0188143476	0.0467669676	-0.0128852115	-0.1269184661	-0.0561087351	0.0089882468	0.0508766625	0.0544344941	0.0001376132	0.1341687116	0.2125078891	-0.0143931014	-0.1250845677	-0.0767454021	0.0617937792	0.0088598325	0.0771677327	0.0988990199	0.0355321053	-0.0286366318	-0.0035352691	-0.0487201402	-0.0596575287	-0.0327526901	-0.1408247323	-0.0481203761	-0.002678219	0.0829222455	0.0941737836	0.0036387666	-0.1025941759	-0.1716288543	0.1013908514	0.0324437628	0.1185227742	-0.0954670504	0.0029114513	0.0395183469	0.0924082303	-0.2601303828	-0.1223118891	0.041826205	-0.0378512361	-0.0083953699	0.0087605355	0.0693793227	0.0786974429	-0.0643597582	0.0183030423	-0.036128875	-0.0751818833	0.0530253556	0.0520293719	0.026264723	0.0653391702	-0.006864668	0.0840480614	-0.0264519392	-0.0762327537	0.0360350191	0.0160479313	-0.0628378881	0.0889023983	-0.0856447597	-0.0185034178484073	9.09405739975e-05	0.0003423764720727	8.270187998994773e-09	-0.0011932769888574	0.0012355652668673	1.5266215286891088e-06	1.423909972136584e-06	0.0309244182288352	0.0219612720114668	0.0009563196427919	0.0004822974683616	-0.0073531036293367	-0.0012370308880597	1.5302454180140158e-06	5.406813298376454e-05	0.0001488985518569	-1.545005708079999e-05	2.2170778745081943e-08	2.387042637999779e-10	0.0005720544614588	0.0001950473829934	3.272463068749177e-07	3.8043481612613075e-08	0.0	0.0	0.0	0.0	0.0	0.0	0.0	0.0	0.0	0.0	0.0	0.0	0.0	0.0	0.0	0.0	0.0	0.0	0.0	0.0	0.0
3948.533085301519	-4.946545576633071	24.4683131417082	15590913.525720732	5290.018466611452	17.185743114616344	295.34976640158305	27984295.37709018	4541.074433485415	-10.331049270750556	20621357.01045489	106.73057903467556	4616.904441211356	3799.060287523419	1.131198	23.304134	0.0682120359357437	0.0368390718820643	-0.0459877847	-0.0795778513	0.0361956901	-0.0067894605	0.1085274444	-0.0025675937	-0.0059262965	0.0763825635	-0.0405822215	-0.0213680275	0.0792019435	-0.0292905662	-0.0730626998	0.0803525364	0.0334833164	-0.0952163483	-0.038101073	-0.0627962707	-0.0972602986	0.0091287287	0.0006084525	-0.0364438692	-0.0780143405	0.0778696863	-0.0455841702	-0.0339558559	-0.1106232767	0.0899981044	-0.0397762002	0.0474058523	-0.0196910598	-0.0373305156	-0.1041528238	-0.0747256582	0.0715162176	-0.0503347242	-0.0843474477	0.0118917257	-0.0297845126	-0.0532230271	-0.0061794176	-0.0674358125	-0.0746662591	-0.0194656063	-0.1206819569	-0.0563973397	0.015575958	0.0604926524	-0.0959535406	0.0354148041	-0.0526615966	0.0178346258	-0.0689633963	-0.038741191	-0.0086560564	-0.0583607693	-0.1146135473	0.0721199309	0.0855392561	-0.0638920824	0.0227774222	-0.06644789	-0.0616760395	0.0113997417	0.0281316856	0.0819822812	0.0926722066	0.0208349488	-0.012405028	0.0981083319	-0.0108927164	-0.0768835629	0.0382182304	0.0125074584	-0.0592862243	0.0873563013	-0.0878597406	-0.0184851237711569	1.829407725039908e-05	0.0003416998008349	3.3467326244356927e-10	0.0113791944790619	0.0125724714679193	0.0001580670388116	0.0001294860669923	0.0599166035930593	0.0289921853642241	0.0035899993861278	0.0008405468121935	-0.0070261186174392	0.0003269850118974	1.0691919800560796e-07	4.936634282632573e-05	0.0001472757557359	-1.6227961209999949e-06	2.1690148227580483e-08	2.6334672503326293e-12	0.0007760283539673	0.0002039738925085	6.022200061611971e-07	4.160534882506912e-08	0.0	0.0	0.0	0.0	0.0	0.0	0.0	0.0	0.0	0.0	0.0	0.0	0.0	0.0	0.0	0.0	0.0	0.0	0.0	0.0	0.0
3934.397663716304	-14.135421585214772	199.8101433917557	15479484.976256313	5264.472905026207	-25.5455615852452	652.575716705555	27714674.967755068	4530.319291055864	-10.755142429551595	20523792.878912903	115.67308867994105	4603.368585021711	3797.886028612669	1.109884	22.86503	0.0635366405768772	0.0418351822942432	-0.0847860189	-0.0335900018	-0.1038236424	-0.0792575237	0.0603983171	0.1463265443	-0.005430511	0.04608762	0.0953679749	-0.0141250338	-0.0519545552	0.019674791	0.0529170815	0.0784618468	-0.0338281977	0.1598122425	-0.0464116304	-0.0190471629	-0.0110017878	-0.0859727671	-0.0628688789	-0.1037948129	-0.0316844398	0.0746499371	-0.0254148281	0.069326739	0.0083247036	-0.0196315881	0.0717213394	0.0271988109	0.0595766405	0.0484339481	-0.1043596991	0.0526745094	-0.1036887316	0.1063655174	0.0293262662	0.0560648458	0.0403433756	0.0195941522	-0.1504426088	-0.0927652329	0.0519875118	-0.0171871261	-0.034217391	0.1011020899	-0.0206818751	0.0899465183	-0.0360136478	-0.0683029228	-0.0617846818	-0.073440433	-0.0356994296	0.0534665396	-0.0366712935	0.0522436186	0.0285229614	0.0408798424	0.1590191212	0.0914715663	-0.0537244467	-0.0841517655	-0.0985819758	-0.0193187976	-0.0515561061	0.0058947018	0.0407501938	-0.015974987	-0.0219812747	0.0469311907	-0.1231277345	-0.0775211985	0.0403752488	0.0089476998	-0.0555720611	0.0854361313	-0.089533037	-0.0186237250562868	-0.0001386012851298	0.0003468431349721	1.9210316239659138e-08	0.0170927215004468	0.0057135270213849	3.264439102409541e-05	0.0002921611282918	0.0614020104401618	0.0014854068471025	0.0037702068860937	2.2064335014189925e-06	-0.0063089653759266	0.0007171532415125	5.143087718120293e-07	3.980304411464067e-05	-0.0001896702064694	-0.0003369459622053	3.5974787222144824e-08	1.1353258144645545e-07	0.0008459112587146	6.988290474729993e-05	7.155658576201189e-07	4.883620375920195e-09	0.0	0.0	0.0	0.0	0.0	0.0	0.0	0.0	0.0	0.0	0.0	0.0	0.0	0.0	0.0	0.0	0.0	0.0	0.0	0.0	0.0
3930.04169405806	-4.355969658244248	18.974471663544517	15445227.717034746	5226.029854689972	-38.44305033623459	1477.8681191542669	27311388.04211089	4543.413327756661	13.094036700797004	20642604.66683685	171.45379712181892	4611.072309764159	3549.2485433357265	1.516717	31.24633	0.0875897708656862	0.047653223995866	0.1112276427	-0.0200267118	-0.1123800628	-0.1416002907	-0.0592880401	0.0773465317	-0.0170457236	0.0972845234	-0.0307400139	0.0031206595	0.116542074	0.0096566916	0.0297871564	0.0456811498	0.0283014534	0.0467874208	-0.1497692116	-0.0012318791	0.0605555218	0.0651004375	-0.0588049079	-0.015808198	0.0378494363	0.0270642557	0.008270455	0.0059888485	-0.0521381898	-0.0521628945	-0.0436181335	0.0295946659	0.0486101519	0.021122379	-0.1147735997	0.0372975352	-0.0554841572	-0.0492027846	0.0412221795	-0.0826558094	-0.028909101	0.0371341734	-0.0632980341	0.0488737942	-0.007309857	0.0182642923	-0.0342354821	-0.0930249419	-0.0173011003	0.1276661323	0.0139140607	-0.1035890245	0.0666105562	-0.0283165568	-0.0564582055	-0.0063618102	0.0635236041	-0.0121604256	-0.1114122008	0.0548168574	0.0075251608	-0.0194214311	0.0617189164	-0.0182841092	-0.0191300649	0.0538004296	-0.0229123261	-0.0871537688	0.0508731354	0.0636612016	0.002583271	-0.0345640069	0.0044202023	-0.0781455512	0.042504596	0.0053741445	-0.0517055788	0.0831501106	-0.0906543325	-0.0184435662957156	0.0001801587605711	0.0003401651377044	3.245717901055078e-08	0.0258468803599924	0.0087541588595456	7.663529733816071e-05	0.0006680612243437	0.0565379166343973	-0.0048640938057645	0.003196536017358	2.365940855127661e-05	-0.0071200985383856	-0.0008111331624589	6.579370072407381e-07	5.069580319632076e-05	0.000149150734336	0.0003388209408054	2.224594155296805e-08	1.1479962992825637e-07	0.0005200381731829	-0.0003258730855316	2.704397015674079e-07	1.0619326787395065e-07	0.0	0.0	0.0	0.0	0.0	0.0	0.0	0.0	0.0	0.0	0.0	0.0	0.0	1.0	0.0	0.0	0.0	0.0	0.0	0.0	0.0
3945.0273466092	14.985652551139992	224.56978238348856	15563240.765494425	5269.793689582922	43.76383489294949	1915.2732445373435	27770725.53076798	4542.855913310345	-0.5574144463153061	20637539.84909877	0.3107108649609993	4610.339662871135	3659.594821702724	1.241529	25.577091	0.1261711740326085	0.0730545557721294	-0.008356033	-0.1277553368	-0.0811677524	-0.1031084256	0.0719354981	-0.0896138072	-0.0038157779	0.0671153791	0.0260795721	0.0708848166	0.0005566399	0.045796086	-0.0139977088	0.0932995883	0.024766033	0.0122540893	-0.0334510944	-0.1408879486	0.0163984479	-0.0157069943	0.0367795883	0.0123152089	0.0588099087	-0.0391810577	-0.1030140325	-0.0598070397	0.1345467426	-0.0428491399	0.0559318188	0.0369207963	-0.0031903963	0.0503714799	-0.1206345367	-0.0288691626	0.0336790777	0.0397176481	-0.1159267977	-0.0488719949	0.0145184299	0.0842258476	0.0152945235	0.0238434857	0.103330476	-0.0964657629	0.0175382635	-0.141883214	0.0454346133	0.1661285742	0.0012303021	0.0544637686	-0.0046401588	-0.044276266	-0.0313652401	0.0314057604	-0.0462335764	0.1076586593	-0.0486767506	0.118501691	0.0215544919	0.0313593264	0.0266074877	0.0005245922	0.0540200943	-0.034422	0.0151639421	-0.119225211	-0.0983307317	0.0610879318	-0.0070677651	-0.0313683755	0.0276092254	-0.0787565141	0.0446048127	0.0017923027	-0.047697375	0.0805080284	-0.0912167139	-0.0230602592239961	-0.0046166929282805	0.0005317755554778	2.131385359403517e-05	0.000297806009442	-0.0255490743505504	0.0006527552001699	8.868841925976858e-08	0.0051805930952397	-0.0513573235391576	2.683854481844525e-05	0.0026375746811057	-0.0062780753903713	0.0008420231480143	7.090029817919124e-07	3.9414230607185744e-05	0.0001500266004297	8.758660937000212e-07	2.2507980836492865e-08	7.671414140933342e-13	0.0004699755229985	-5.00626501844e-05	2.2087699221771362e-07	2.5062689434856044e-09	0.0	0.0	0.0	0.0	0.0	0.0	0.0	0.0	0.0	0.0	0.0	0.0	0.0	0.0	0.0	0.0	0.0	0.0	0.0	0.0	0.0
3966.810529695552	21.783183086351983	474.5070653735311	15735585.778503506	5307.868875624258	38.075186041336565	1449.7197920823908	28173472.000820726	4552.244063242869	9.388149932523447	20722926.011329945	88.13735915554001	4625.952099714156	3832.929968950517	1.219861	25.130709	0.0537007594861797	0.0286358592240937	-0.0348629774	0.0044110674	-0.1042634102	0.0143905373	0.0195335155	-0.0260761098	0.143793649	-0.0560182991	0.0510276471	-0.040557874	0.0985521464	-0.0611831865	0.0832070645	-0.0101216014	0.0009194714	-0.0543974181	-0.0714992768	0.0242674396	0.115453974	-0.0398130458	-0.1224393112	-0.0138590826	-0.0134390825	0.0055039309	-0.0276372468	-0.0254143368	0.0912946265	0.0477871776	-0.0804373128	0.0225923416	0.104906548	-0.0375599919	0.005622833	-0.016571599	0.0055992993	-0.0522335719	0.0086379003	0.0057472102	0.0849515889	0.1101038294	-0.1440121382	0.1275686182	0.0084100906	-0.0272281715	0.0055905756	-0.0086188943	0.0236571508	0.1140812789	-0.0005776354	-0.0869230879	-0.0714654352	0.0250312104	0.0590054943	-0.016037157	0.0788371001	0.0280564425	0.0249100146	0.1275246023	0.0263057851	0.0708072608	0.0147763458	-0.0176216043	0.1135853881	-0.094791594	0.0417411462	0.0206381366	-0.014546153	0.0697694551	0.0082362821	0.019428195	0.1095956912	-0.0793539824	0.0466744595	-0.0017923027	-0.0435584361	0.0775211985	-0.0912167139	-0.0187382958370676	0.0043219633869284	0.0003511237308774	1.867936751795045e-05	0.0090272025321809	0.0087293965227389	7.620236365120599e-05	8.149038555701324e-05	0.015763598874507	0.0105830057792673	0.0002484910494763	0.000112000011324	-0.0061479669850968	0.0001301084052745	1.6928197123073547e-08	3.779749804984023e-05	-0.0002880494442607	-0.0004380760446904	8.297248233889813e-08	1.919106209315854e-07	0.0005031189489785	3.3143425980000044e-05	2.5312867682123053e-07	1.0984866856917418e-09	0.0	0.0	0.0	0.0	0.0	0.0	0.0	0.0	0.0	0.0	0.0	0.0	0.0	0.0	0.0	0.0	0.0	0.0	0.0	0.0	0.0
3953.429912748	-13.380616947551973	179.04090989711503	15629608.075010655	5294.159277807308	-13.709597816950009	187.95307230252044	28028122.4587932	4550.755356004234	-1.4887072386345608	20709374.310201224	2.216249242362939	4620.821676491668	3710.0278508775286	1.309894	26.985502	0.1730690782215606	0.0781424935026186	0.0816895849	0.0124835653	-0.0329982809	0.0327279875	-0.0120845753	-0.0403113226	0.0944466529	-0.0374675854	-0.0949454863	-0.0539698218	-0.0573153009	0.1334380123	-0.0238268824	-0.0231722796	-0.0681913732	-0.1560712661	-0.0463667234	0.0377953111	0.0381275904	0.0238205959	-0.0422820415	-0.060301304	0.0308521608	-0.0802905184	-0.063924986	-0.018331796	0.0037938523	-0.0880379015	-0.012166778	-0.0537038278	-0.0453749574	0.1271869549	0.0421567339	0.0105534736	0.0910511525	-0.1720700479	-0.0094918935	0.0281232913	0.0351302444	0.0269750885	-0.1166835557	0.0193373443	0.0314804702	-0.0387987776	0.0221988613	-0.0408657248	-0.0433490462	0.0579181118	0.0333673779	-0.0443715599	0.069060156	0.0515876544	0.0771772521	-0.0494706084	-0.0358695913	0.1368991884	-0.0485281765	0.1496314902	0.0107178354	0.0321491671	0.0848588373	-0.0534460532	-0.0015112043	-0.0743284811	0.0015401747	0.0881663641	0.0678776044	-0.1304759543	0.0695297374	-0.0590104382	0.0001621441	-0.0799378539	0.0487121179	-0.0053741445	-0.0393001065	0.0742024108	-0.0906543325	-0.0347841397011166	-0.016045843864049	0.0012099363747467	0.0002574691053094	0.0340086039146854	0.0249814013825045	0.0006240704150337	0.0011565851402259	0.0677409270905755	0.0519773282160685	0.0045888332030906	0.0027016426484809	-0.0065170647688734	-0.0003690977837766	1.362331739887982e-07	4.24721332016909e-05	0.0005242337525563	0.000812283196817	2.7482102731926e-07	6.598039918312452e-07	8.320983439332819e-05	-0.0004199091145851	6.923876539765103e-09	1.76323664511703e-07	0.0	0.0	0.0	0.0	0.0	0.0	0.0	0.0	0.0	0.0	0.0	0.0	0.0	0.0	0.0	0.0	0.0	0.0	0.0	0.0	0.0
3934.602291230414	-18.827621517586067	354.4793320094699	15481095.190155622	5296.748736031448	2.5894582241398894	6.70529389456571	28055547.172650743	4543.325528829487	-7.4298271747475155	20641806.86091373	55.20233184661665	4618.715416642218	3683.084205388275	1.020958	21.033047	0.125940579593622	0.0618139800763982	0.0816879287	-0.0254706806	-0.0087655484	0.0185239764	-0.0271461412	0.0929905104	0.0904632992	0.0237305017	-0.1191981379	-0.0271687456	-0.1099910595	-0.0193523769	0.0750977469	0.0218569466	-0.0021402047	-0.0580062619	-0.0418267002	0.0121375834	-0.0698990957	-0.0072360564	0.018842461	-0.062396536	0.1534212036	0.0502978928	0.0562107002	0.0719118724	-0.0589524386	-0.0564031339	0.0138313888	0.1003972323	0.0921509158	-0.0066776407	0.0079412956	0.0208973435	0.0450639075	-0.0887000173	0.052426809	-0.039895987	-0.0281302235	-0.1008618916	0.0184295233	-0.0831216589	0.072323156	0.0099623286	-0.1286758805	0.0202292755	-0.0646525224	0.0773455775	0.0027896538	-0.0013116747	0.0321814875	0.0960200937	0.0268916599	-0.0600948366	0.0772933855	0.0838010022	0.0934496459	-0.0182555281	0.0638064888	0.0250871252	0.123979382	-0.1115494285	0.0562689723	-0.0671292632	-0.0936611099	0.0163457535	0.1015517921	-0.0530193552	0.0147622541	0.0026720479	0.0402219828	-0.0805080284	0.0507163915	-0.0089476998	-0.034934058	0.0705658771	-0.089533037	-0.0351084590631671	-0.0003243193620504	0.00123260389779	1.051830486008415e-07	0.027156630925802	-0.0068519729888834	4.694953384038776e-05	0.0007374826032402	0.034497199628511	-0.0332437274620645	0.0011900567822093	0.001105145415572	-0.0061269647703635	0.0003900999985099	1.521780088374242e-07	3.7539697297275457e-05	-0.0002309888364662	-0.0007552225890225	5.3355842572008894e-08	5.70361158969848e-07	0.0006482984424734	0.00056508860808	4.202908705134363e-07	3.19325134981873e-07	0.0	0.0	0.0	0.0	0.0	0.0	0.0	0.0	0.0	0.0	0.0	0.0	0.0	0.0	0.0	0.0	0.0	0.0	0.0	0.0	0.0
3927.17217758863	-7.430113641783919	55.20658872982349	15422681.31242622	5235.145449867731	-61.6032861637168	3794.964866168782	27406747.88127081	4522.31574734115	-21.00978148833656	20451339.718649745	441.4109181876495	4592.705995486018	3705.712781230484	0.975128	20.088892	0.1131557298638792	0.0761029672641757	0.0521378468	-0.0353715534	0.0583056964	-0.0176644504	-0.0383684076	0.014090863	-0.0460330717	0.0399725005	-0.1115945316	-0.0536384246	0.0568581729	0.010305172	-0.0114626078	0.0337317597	-0.1662743916	0.0617485397	-0.0037894695	-0.0147797891	-0.0511624841	0.1442719439	0.0137184975	-0.0823327637	-0.0440302187	0.0058269384	0.0558429568	0.033451205	0.0100642011	0.0268346816	0.0384528661	-0.0587554171	-0.0066524487	0.0321075144	0.0038654939	0.1663863907	0.0033622284	-0.0192753431	-0.0696629664	-0.0194203511	-0.0724372377	-0.0360379019	-0.0749321396	-0.0987172391	-0.0833959171	0.0106818435	-0.0015034533	0.0692765096	0.0442344017	0.0575207554	-0.0489204716	0.0370972778	0.0506843561	0.0869569475	0.0905997748	-0.0934144672	-0.0028194961	0.0084068589	-0.0233668343	-0.0609126361	0.0458334018	0.0129595483	-0.019616918	-0.0505245607	0.0163071697	-0.0285993864	-0.04390444	-0.0654606009	0.0741138294	0.0209461381	-0.135195425	-0.0413291263	0.0769175395	-0.0810644083	0.0526859066	-0.0125074584	-0.0304722578	0.0666271694	-0.0878597406	-0.0350883448442402	2.0114218926899075e-05	0.0012311919439083	4.0458180303922496e-10	0.0128665089348771	-0.0142901219909248	0.0002042075865155	0.0001655470521712	0.0580329418120584	0.0235357421835473	0.0033678223353617	0.0005539311601304	-0.0074300348818145	-0.001303070111451	1.6979917153569223e-06	5.520541834498022e-05	-0.0001036920201928	0.0001272968162734	1.0752035051664042e-08	1.6204479433343754e-08	0.0007241265441586	7.582810168519998e-05	5.243592519550769e-07	5.7499010051810285e-09	0.0	0.0	0.0	0.0	0.0	0.0	0.0	0.0	0.0	0.0	0.0	0.0	0.0	0.0	0.0	0.0	0.0	0.0	0.0	0.0	0.0
3933.283898381963	6.111720793333006	37.35313105565904	15470722.225270811	5209.102487298506	-26.042962569224983	678.2358993820535	27134748.72317949	4532.978445981082	10.662698639931476	20547893.591729064	113.69314228599656	4604.135857578	3764.4296945793126	1.005622	20.717113	0.065102284850233	0.0304738914245209	-0.0204764068	-0.0433427716	0.083064547	-0.0279337491	0.0316874684	0.0014513336	-0.1393966329	0.124369342	-0.0130183465	-0.0546922014	-0.0054605017	0.0079657664	0.0348188515	0.0090312413	-0.0482773441	0.0320407382	0.0403662683	-0.0278813549	-0.1509368327	0.0095027387	0.0716124108	0.0917264841	0.0605156556	0.0053060974	0.014075104	0.0074663633	-0.046411348	0.0309638486	-0.0387959053	-0.0546795805	0.0337373082	0.0245240611	-0.0210717376	0.023469522	-0.0284090997	0.0688642772	-0.0755018373	0.0278275988	-0.0803987361	-0.1057284918	0.1014627293	0.0046732855	-0.0031895386	0.0078396683	-0.0669221463	-0.0321297534	-0.0509873937	0.0268096157	-0.1138802679	0.0604356373	-0.033801437	0.0354388338	-0.0339014297	0.0106002525	-0.0300093343	-8.95591e-05	0.0940408266	0.0219367609	0.1119775352	-0.1328103478	-0.0398972818	-0.1247795517	-0.0281774754	0.072765002	-0.0100024942	-0.0132148413	0.1556723425	0.0237451497	-0.0131175606	-0.0227523586	-0.0840108105	-0.0816068982	0.0546193134	-0.0160479313	-0.0259269352	0.062403154	-0.0856447597	-0.0294410568549636	0.0056472879892765	0.0008667758287371	3.189186163382773e-05	0.0108057091381965	-0.0020607997966806	4.246895801998804e-06	0.0001167633499793	0.0707944899088843	0.0127615480968259	0.0050118598014591	0.0001628571098276	-0.0070370174819972	0.0003930173998172	1.5446267655915126e-07	4.9519615041934216e-05	-0.0002523165521004	-0.0001486245319076	6.366364246383387e-08	2.208925148475321e-08	0.0003731154965345	-0.000351011047624	1.392151737541865e-07	1.2320875555416817e-07	0.0	0.0	0.0	0.0	0.0	0.0	0.0	0.0	0.0	0.0	0.0	0.0	0.0	0.0	0.0	0.0	0.0	0.0	0.0	0.0	0.0
3934.445804219957	1.1619058379942544	1.3500251763651303	15479863.786344023	5229.275504196747	20.17301689824035	406.95061077669067	27345322.29879214	4519.109498037589	-13.868947943492458	20422350.655253552	192.34771705930368	4593.462126637733	3803.875423228105	1.086339	22.37999	0.0996202332235434	0.0681074060231997	-0.079808711	0.06070707	-0.0089100656	-0.0751335107	-0.0022662707	0.1157318316	-0.0709495259	-0.0083461874	0.0987441692	-0.0425786332	0.0631999853	-0.1018874512	-0.0617784771	0.0819295741	-0.0877856362	0.1447921262	-0.0452911122	0.0891860221	-0.029291762	0.0805998103	0.0948743174	-0.0239157702	-0.1014241268	0.0019053763	-0.0188796758	-0.0055623112	0.0260476797	0.0543692703	0.013613239	-0.0713631894	-0.0426482292	-0.1050507368	-0.0990216853	0.1240468913	-0.0740728783	0.0556757256	0.0066241463	0.0651644354	-0.1281867178	0.0574558594	0.0384164451	-0.0649438146	-0.0799969609	-0.034606025	0.0356060382	0.0799586178	0.0404585789	-0.0059844904	-0.0691029759	-0.078683721	-0.0322344699	-0.0454461213	0.0561858258	-0.0182830223	-0.0205859944	-0.0829202715	-0.0362255641	-0.0291817133	0.1587214486	0.0220444598	-0.0347310694	-0.0962647691	-0.0332080565	-0.0120529042	-0.100586691	0.0195901464	0.0140071531	-0.020529448	0.0358733524	0.073329427	-0.1249110962	-0.0821354052	0.0565152869	-0.0195636596	-0.0213105486	0.0579119187	-0.0829017503	-0.0248148938203769	0.0046261630345867	0.0006157789553165	2.140138442257643e-05	0.0225849168488281	0.0117792077106316	0.0001387497342902	0.0005100784690684	0.1367030168159644	0.06590852690708	0.0186877148065858	0.0043439339190613	-0.0069764619866164	6.055549538080008e-05	3.6669680208140997e-09	4.867102185070365e-05	-0.0003135887476377	-6.127219553730002e-05	9.83379026449811e-08	3.754281945961128e-09	0.0005974145170413	0.0002242990205067	3.569041051716897e-07	5.0310050600309867e-08	0.0	0.0	0.0	0.0	0.0	0.0	0.0	0.0	0.0	0.0	0.0	0.0	0.0	0.0	0.0	0.0	0.0	0.0	0.0	0.0	0.0
3936.047435299798	1.6016310798408997	2.565222115912326	15492469.412930118	5228.793630092959	-0.481874103787959	0.2322026519014487	27340282.8261007	4542.62607019488	23.516572157291197	20635451.613614183	553.0291660290834	4609.216471659779	3601.444626404574	1.485742	30.608206	0.0662261327208311	0.0309680118828814	0.1002235638	0.0157988396	-0.0152636702	-0.1046877212	-0.0623688618	-0.0127840593	-0.0207933291	0.0862777296	-0.0190097831	-0.0482062175	0.0141633771	0.0333263995	0.0156392928	0.0614516035	0.0119898668	0.0788930866	-0.0190423329	0.0145921847	0.0090632353	-0.0568224247	-0.0321705171	-0.045966411	0.1131666085	0.0170228773	-0.0460655875	-0.0824333028	-0.0628705415	0.0024704523	-0.0804058656	0.009851521	0.0111963398	0.0504072426	-0.0558552259	0.0680917703	-0.0088699246	0.0670458024	0.0745362426	-0.0627093082	0.0429542958	-0.0580678472	-0.0337567202	0.0369363888	0.0583110946	-0.0985575578	-0.0433026943	-0.0494988615	-0.0111227652	0.027320273	-0.0173928039	-0.0696792443	0.125640362	-0.049630093	-0.1644833458	-0.0302186372	-0.0204347132	0.0345778544	-0.0158890643	-0.0264151002	0.0175077541	-0.0072307874	0.1435616058	-0.0491152405	0.0819065756	0.0173422781	-0.0620819196	-0.0228673154	0.0718069394	-0.0396195434	0.0809288939	-0.0555159688	0.023546331	-0.0826498387	0.0583725276	-0.0230492221	-0.0166357513	0.0531726956	-0.0796476241	-0.0351067449362147	-0.0102918511158377	0.0012324835400164	0.0001059221993905	0.0282644476459523	0.0056795307971241	3.2257070075482234e-05	0.0007988790007307	0.1274634194859913	-0.009239597329973	0.0162469233070617	8.53701588200459e-05	-0.007103061813845	-0.0001265998272285	1.6027516254311284e-08	5.045348713130302e-05	3.715052846020584e-06	0.0003173038004837	1.380161764872564e-11	1.0068170180141277e-07	0.0002210150751957	-0.0003763994418455	4.884766346376093e-08	1.416765398216792e-07	0.0	0.0	0.0	0.0	0.0	0.0	0.0	0.0	0.0	0.0	0.0	0.0	0.0	0.0	0.0	0.0	0.0	0.0	0.0	0.0	0.0
3933.059933432065	-2.9875018677330445	8.925167409708429	15468960.43996864	5232.554806479925	3.7611763869663264	14.146447813873069	27379629.802816164	4540.836409144092	-1.789661050788709	20619195.294608608	3.202886676710146	4607.592808408287	3684.261659245506	1.137257	23.428951	0.0393250420484419	0.0216399358298131	0.0306638133	-0.0665814202	0.0582112183	-0.0501711193	0.0111906092	-0.0357077938	-0.0855841359	0.0461218217	0.0061758755	-0.0054738785	-0.0256847018	-0.0218015033	0.0053419619	0.0809535563	0.0435814504	-0.0542412513	0.0033001429	0.0142973713	-0.0890277479	0.0509503313	-0.0621321314	0.0755434222	-0.0068717662	0.0169322659	0.0711195032	0.0278433579	0.0330875391	0.0167518563	-0.0359644338	-0.0363640919	0.0204709931	-0.0199429492	-0.0358229575	-0.0009406573	0.0991891257	0.0160504342	-0.0230034216	-0.0230640471	-0.087738471	-0.072047412	-0.0278152312	0.0780154107	0.0258858232	0.0662952795	-0.0065207337	0.011486393	0.0583218799	0.0184876884	-0.0196561736	0.0632118422	0.0799937461	-0.0708627147	0.045190672	-0.0242234005	0.0718107415	-0.0181340818	-0.019195196	0.0113825721	0.0577795824	-0.0232453488	-0.0356659186	-0.1201119391	0.1417884418	0.0345333449	-0.1008314365	-0.0294950733	-0.0051911119	0.0479843869	-0.0030668544	-0.0386765943	-0.0060669971	-0.0831501106	0.0601897627	-0.0264992443	-0.0119153566	0.0482057789	-0.0759024438	-0.0348187828941064	0.0002879620421082	0.0012123476422269	8.292213769518163e-08	0.0266589643503323	-0.0016054832956199	2.577576612514852e-06	0.0007107003802322	0.1179479876588516	-0.0095154318271396	0.0139117277927726	9.054344285694308e-05	-0.0070211027917537	8.195902209129965e-05	6.7172813021621444e-09	4.929588441237161e-05	0.0001490639922396	0.0001453489393935	2.2220073782407533e-08	2.1126314182838425e-08	0.0005520304113823	0.0003310153361866	3.0473757509091136e-07	1.095711527907278e-07	0.0	0.0	0.0	0.0	0.0	0.0	0.0	0.0	0.0	0.0	0.0	0.0	0.0	0.0	0.0	0.0	0.0	0.0	0.0	0.0	0.0
3936.225665925883	3.165732493817813	10.021862222413953	15493872.49309366	5245.245745308792	12.69093882886682	161.0599283580395	27512602.928679984	4542.0731342394265	1.2367250953348048	20630428.356779568	1.529488961430882	4614.629771613256	3624.402451422521	1.169246	24.087965	0.1004220593587874	0.0520773685140689	0.0350295247	0.066348555	-0.0776791417	-0.0741962994	-0.036073594	0.0225460781	-0.0146305264	-0.0416224927	0.0736862074	-0.0268615059	0.0132171011	0.1027698601	-0.056535604	0.1152055424	-0.0122327991	-0.062846663	0.0270926966	0.1141188966	0.0334804848	-0.0438353619	-0.0357807619	0.0516897198	-0.0040245186	0.0525900879	-0.0139608278	0.0378197876	0.0741929243	0.0369001685	0.0646319077	0.0014958239	-0.0663564938	0.0851687962	-0.0532047431	0.0064300552	0.1012870655	-0.00266729	0.058586308	0.1139017323	-0.0016386049	0.0282784183	-0.0153154005	0.1018147789	0.0253780936	0.0277960425	-0.0326809139	0.0496817788	0.0266806612	0.012592387	0.0173642546	-0.0687299492	0.0235867342	-0.0597422402	0.0582956627	-0.0178497136	-0.0805462682	0.084473452	-0.0127382456	-0.0099549381	0.0542803922	-0.0307022947	0.0400029656	-0.0571169414	0.1225567775	-0.0385104598	-0.1506246047	-0.0479173489	-0.0924053183	0.0640889336	0.0004571812	-0.107900162	-0.0716388902	-0.0836361352	0.0619657467	-0.0299084066	-0.0071623028	0.0430324377	-0.0716892996	-0.0351845162333432	-0.0003657333392367	0.0012379501825743	1.3376087542929906e-07	0.0392038238957894	0.012544859545457	0.0001573735010152	0.001536939808052	0.1359388728775101	0.0179908852186585	0.0184793771592078	0.0003236719509509	-0.006240980067082	0.0007801227246717	6.085914655491979e-07	3.894983219771484e-05	-0.0003062418864088	-0.0004553058786484	9.378409299122037e-08	2.073034431317916e-07	0.0003970473895937	-0.0001549830217885	1.576466295831714e-07	2.4019737042725657e-08	0.0	0.0	0.0	0.0	0.0	0.0	0.0	0.0	0.0	0.0	0.0	0.0	0.0	0.0	0.0	0.0	0.0	0.0	0.0	0.0	0.0
3949.382130599218	13.156464673334996	173.09256270071168	15597619.213496417	5344.763079679465	99.51733437067288	9903.699840244308	28566492.37790472	4569.067118552521	26.993984313094188	20876374.333837837	728.6751890955751	4651.06930712262	3707.375610901645	1.689099	34.797611	0.3264786771660566	0.2009913173738916	-0.0163014096	-0.1486330508	-0.1186752602	-0.0433499375	0.1196807293	0.0603900529	0.1796947749	0.1378101019	-0.0824227246	0.1181376752	0.0342680697	-0.0323686023	0.0986811902	-0.1010235927	0.1196315618	-0.0184676962	-0.2579989245	-0.2058783308	0.06745881	-0.1435385203	0.071846327	-0.0998327508	-0.1047428653	0.0250148344	0.0557783741	-0.1100918126	-0.0640093874	0.089260855	0.1694587312	-0.0319754964	0.1337827753	-0.0131223332	-0.1171370572	-0.1832385708	-0.2178051695	-0.1433814844	-0.0386298375	-0.1484135118	0.1904659379	0.0297162249	0.1142508183	-0.0912563279	0.0070895854	-0.0402128012	0.029241008	0.0688253544	0.1656558148	0.1676213155	0.0716383022	0.0529189056	-0.0622549829	-0.036049331	-0.0339843948	0.1517807086	0.1215033381	-0.0131823188	-0.0400683921	-0.016962997	0.1354626686	-0.0244129033	0.0688168439	0.0924938173	0.1165695338	-0.0974493438	0.170877962	-0.25648133	-0.1206678441	-0.2523535948	-0.0950238403	-0.0686354334	-0.0329404214	-0.0841078291	0.0636992625	-0.0332714524	-0.0023896175	0.037674825	-0.0670341672	-0.0388545247449769	-0.0036700085116337	0.001509674093158	1.3468962475463827e-05	-0.0010506472500395	-0.0402544711458289	0.0016204224472303	1.1038596440155637e-06	-0.0406504745864282	-0.1765893474639383	0.0016524610841018	0.0311837976377395	-0.0049460164070778	0.0012949636600041	1.6769308807314718e-06	2.4463078299082796e-05	0.0001529222749869	0.0004591641613957	2.338522218716906e-08	2.1083172711021646e-07	3.1878210100484694e-05	-0.0003651691794932	1.0162202792106443e-09	1.333485296517481e-07	0.0	0.0	0.0	0.0	0.0	0.0	0.0	0.0	0.0	0.0	0.0	0.0	0.0	0.0	1.0	0.0	0.0	0.0	0.0	0.0	0.0
3958.503799187159	9.121668587941258	83.20483782823426	15669752.328179171	5294.336146873764	-50.42693280570074	2542.875552190658	28029995.23609413	4551.2047086253215	-17.862409927199224	20713464.299813297	319.06568840730534	4617.564498704902	3755.1352434786136	1.44564	29.782038	0.1198278170636468	0.0674478006629067	0.0456921114	-0.0831262653	-0.0120900326	0.0850379822	-0.0147032907	-0.0650340853	0.1330877921	0.0650735971	-0.0341917381	-0.0702634859	0.0253575828	0.0642616376	-0.0161695358	-0.0838031366	-0.0437937944	-0.0173057669	-0.0840472845	-0.1152525947	0.0564860063	0.0839766005	0.030683266	-0.1302782039	-0.0051473021	0.0074005355	0.1392399157	0.0356965583	0.0887943797	0.0189697164	-0.0357459717	0.0362096809	-0.0379261562	0.082699188	0.0570059377	0.0561998768	-0.0266937744	-0.1153829585	-0.0703134167	-0.1439504585	0.0225054594	0.0833078656	-0.106626728	-0.097903521	0.040932431	-0.0014691295	-0.0089425512	0.1202407025	0.0629796397	0.1218444093	0.0028402432	0.0407757223	-0.012901898	0.1527817056	0.104100842	0.001522938	-0.0306202112	0.0168307864	-0.0391932299	-0.023831921	-0.0026636687	0.0620274304	-0.0259973438	0.0823944878	0.1107850563	-0.0786233516	0.087684645	-0.0293186455	-0.0066435034	-0.0198511962	-0.0592951699	0.1214123546	0.1137321597	-0.0845651116	0.0653891221	-0.036583196	0.0023896175	0.0321558829	-0.0619657467	-0.0347701103548985	0.0040844143900784	0.0012089605740918	1.6682440909879523e-05	0.002659022764476	0.0037096700145155	1.376165161659543e-05	7.070402062001589e-06	-0.0663957705452418	-0.0257452959588136	0.0044083983462963	0.0006628202640069	-0.0060640610891358	-0.0011180446820579	1.250023911078174e-06	3.677283689277087e-05	0.0007288147535542	0.0005758924785673	5.311709449982692e-07	3.316521468703881e-07	6.370978347997177e-05	3.183157337948708e-05	4.0589365110648854e-09	1.0132490638136702e-09	0.0	0.0	0.0	0.0	0.0	0.0	0.0	0.0	0.0	0.0	0.0	0.0	0.0	0.0	0.0	0.0	0.0	0.0	0.0	0.0	0.0
3940.9919609544536	-17.511838232705486	306.6644782884456	15531417.636307629	5303.199672264389	8.863525390625	78.56208235025406	28123926.763905123	4541.1578371075175	-10.046871517803991	20622114.501523025	100.9396272952611	4619.628449927072	3861.599672227818	1.138816	23.461084	0.0670905679290434	0.0386661747191947	-0.027119163	-0.0889781426	0.006029854	0.0868409204	0.0609725528	0.046459632	0.0460046141	0.036764662	-0.0658116495	-0.0273271314	-0.1128164129	-0.0251465419	0.081612513	-0.0644194876	-0.0720370032	-0.093545087	-0.0748017491	-0.0612780909	-0.1333595936	-0.0228649537	-0.0344863654	0.0150059143	-0.0417470209	0.09505518	0.1002888927	0.0287091029	0.0268141832	0.0651156847	0.0239118398	0.0606467128	0.1041145335	-0.0044348029	0.0295154597	-0.0148035996	-0.0341313243	-0.1213067566	-0.0903131949	0.0297207993	-0.0119862664	-0.0834750444	-0.0116626115	-0.0741011762	0.0344150102	0.0846564729	-0.096029594	0.0650806941	0.0342879844	0.1003557536	-0.0392188117	0.0803012449	-0.0983791386	0.0733927487	0.0251220934	0.0483022562	0.0400838312	0.0439041664	0.0851271933	-0.0120372418	-0.0921595554	-0.0494430642	-0.0242493793	-0.0250634689	0.093390359	0.0028685896	0.0425468386	-0.0439682714	0.1542334676	-0.0532595868	-0.1301297436	-0.0347827399	-0.0887940361	-0.0850079043	0.0670341672	-0.0398385309	0.0071623028	0.0264992443	-0.0565152869	-0.0349517037528386	-0.00018159339794	0.0012216215952261	3.2976162175430895e-08	0.0012766996775894	-0.0013823230868865	1.9108171165396983e-06	1.629962066756878e-06	-0.0499617511301337	0.0164340194151081	0.0024961765759894	0.0002700769941361	-0.0054529170522166	0.0006111440369192	3.73497033861897e-07	2.9734304378354573e-05	0.0007268372819237	-1.9774716304999653e-06	5.282924343942322e-07	3.910394049432191e-12	-0.0003050213485525	-0.0003687311320324	9.303802307278569e-08	1.3596264772994814e-07	0.0	0.0	0.0	0.0	0.0	0.0	0.0	0.0	0.0	0.0	0.0	0.0	0.0	0.0	0.0	0.0	0.0	0.0	0.0	0.0	0.0
3933.3166447735503	-7.675316180903337	58.91047847683659	15470979.82805266	5240.156484096865	-63.04318816752402	3974.443574325841	27459239.977822416	4540.563957492447	-0.5938796150703638	20616721.052079476	0.3526929971961234	4614.199353656032	3845.13777804001	1.057435	21.784513	0.1420996337050335	0.0836604096055464	-0.0825181345	-0.003405719	0.0109024673	0.0088795069	0.0240667123	0.0562538852	-0.114987871	0.0296137827	-0.0601313432	0.0380714489	-0.0233201012	0.0160776203	-0.0520819645	-0.0292908643	-0.0044940181	0.0669533535	-0.0537819413	-0.0655963893	-0.0989844576	0.0287792847	0.0639367569	-0.0041707057	-0.0368915767	-0.0198604985	-0.0251127981	0.1017905296	-0.087575606	-0.0262460657	0.0636566016	-0.0189014338	-0.0474265832	-0.0018262957	-0.0296232037	-0.0023683776	-0.0902170106	-0.0195965677	-0.0394692875	-0.0086637825	-0.0627530981	-0.0290472144	0.0003735924	-0.1512609399	0.0356203719	0.0426264159	-0.0089660205	-0.0318680655	-0.0308597132	0.0313136589	-0.0742506568	0.0022794622	-0.1395799582	0.0838301126	0.0720124819	-0.0183107651	-0.0076147604	-0.0362650249	-0.0481790989	-0.0778851722	0.018834063	-0.0002520395	0.039350222	0.0208433159	-0.0078299852	0.0905049281	0.0893662979	-0.1174093085	0.0198052905	-0.0515486648	-0.1851343349	-0.0083951187	-0.0530143718	-0.0854361313	0.0686332704	-0.0430324377	0.0119153566	0.0207291319	-0.0507163915	-0.0172098995230243	0.0177418042298142	0.0002961806415925	0.000314771617329	-5.6537921992116935e-05	-0.0013332375995815	1.7775224969378853e-06	3.1965366231866997e-09	0.026346593764849	0.0763083448949827	0.0006941430030099	0.0058229635006116	-0.0057290829739396	-0.000276165921723	7.626761632111423e-08	3.282239172228461e-05	0.0009701943470719	0.0002433570651482	9.412770710902704e-07	5.922266115754528e-08	0.0001097806041894	0.0004148019527419	1.2051781056189711e-08	1.720606599984935e-07	0.0	0.0	0.0	0.0	0.0	0.0	0.0	0.0	0.0	0.0	0.0	0.0	0.0	0.0	0.0	0.0	0.0	0.0	0.0	0.0	0.0
3926.879567027402	-6.437077746148134	41.43596990995554	15420383.133937318	5218.106883374951	-22.04960072191352	486.18489199580927	27228639.44632505	4531.8729141646445	-8.691043327802618	20537872.110139143	75.5342341257424	4605.508021538862	3629.618620606425	1.441975	29.706541	0.0890254726894983	0.0479760928916554	0.0659039066	0.0473886728	-0.0985908234	-0.0737246967	-0.0933715417	0.1109741032	-0.073241531	0.0796511926	0.0343319544	0.0536984034	-0.021115712	0.0065839322	-0.0002232788	0.0438153735	-0.078657807	0.1579130015	-0.0309257998	-0.0313845104	0.0723837119	-0.0688804466	-0.0135231972	0.0174833323	0.0171250783	-0.0085062439	0.025357784	0.0719154556	-0.068062968	0.0277490383	-0.0854902338	0.0074383858	0.0149558675	0.0228483911	-0.0875170628	0.1169641813	-0.1094829097	0.0782452456	0.0481958469	-0.0063104436	0.0937734588	-0.0129187438	0.0098064028	-0.0341125167	-0.0303372664	0.0461858763	-0.0522332735	-0.0397820926	-0.0626987575	0.0550114684	0.0026278754	-0.1040463293	-0.0026076482	0.042201532	-0.0391850177	0.1655415929	-0.0241200317	0.0144826413	0.0496702255	-0.0458488394	-0.0196082827	-0.064881346	-0.0197753242	-0.0112545554	-0.0929590279	0.0833491595	0.0150938548	-0.1086302386	-0.0043768801	0.0414631365	-0.08378417	0.0291010099	0.0415841681	-0.0858497193	0.0701853358	-0.0461599916	0.0166357513	0.0148702542	-0.0446048127	-0.0077887077305263	0.009421191792498	6.066396811156014e-05	8.875885479103172e-05	0.0031565528552164	0.0032130907772085	1.032395234258243e-05	9.963825927774806e-06	0.0459602653552408	0.0196136715903918	0.0021123459915241	0.0003846961132557	-0.0055611323684653	0.0001679506054743	2.8207405879184e-08	3.0926193219592475e-05	0.0010940497366684	0.0001238553895965	1.1969448263041957e-06	1.53401575321008e-08	-0.0007339637713278	-0.0008437443755172	5.387028176217271e-07	7.119045712169099e-07	0.0	0.0	0.0	0.0	0.0	0.0	0.0	0.0	0.0	0.0	0.0	0.0	0.0	0.0	0.0	0.0	0.0	0.0	0.0	0.0	0.0
3931.288131987548	4.408564960145668	19.43544500782417	15455026.376706144	5238.347106933594	20.24022355864236	409.666649703821	27440280.41271955	4536.84699153749	4.974077372845386	20582980.624622773	24.741445711052457	4601.107304126919	3668.371691473599	1.17223	24.149448	0.0840676088776115	0.0483276970703707	0.0065053426	-0.1252223842	-0.0411746887	-0.0709040247	0.0344415875	-0.033692916	-0.0712520821	0.1065245313	0.0597664731	0.0468518908	0.0399997866	-0.0726836483	0.0289235172	0.0223065953	-0.0287953376	0.0485713833	-0.10685955	-0.1497764106	0.0178802665	0.0462587926	-0.0895579343	0.1054799345	-0.0061144141	-0.0794589452	0.0490668962	-0.0588662191	0.0439439419	-0.1551239097	0.0010690393	-0.056229881	0.0574371796	-0.0516245489	-0.0849606941	0.0522000187	-0.0577253447	0.0231167662	-0.1334962956	-0.1011752739	0.0025093028	0.0201516049	-0.022982013	0.0875217218	0.0462570051	0.0863290359	0.0603088725	-0.1068679971	0.0639182186	0.1016124511	-0.002905352	0.062079926	-0.0090858591	-0.041830087	0.0285904729	0.0936362847	0.0834242074	-0.054861037	-0.0842829724	0.0205152036	-0.0310573726	-0.0395173706	-0.042575942	-0.0398745919	-0.120413339	0.0155521341	-0.0090924385	-0.0384788626	-0.0869331285	0.0094344479	0.0365001605	0.1187745409	-0.0112460599	-0.0862485974	0.0716892996	-0.0492163702	0.0213105486	0.0089476998	-0.0382182304	-0.019750751370168	-0.0119620436396417	0.0003900921796861	0.0001430904880366	-0.0001867440062852	-0.0033432968615016	1.1177633904126447e-05	3.4873323883446825e-08	0.0007139045170276	-0.0452463608382132	5.096596594324108e-07	0.0020472331691017	-0.0055893091663363	-2.8176797871000588e-05	7.939319382632232e-10	3.124037695689099e-05	0.000896873939429	-0.0001971757972394	8.043828632268936e-07	3.887829501699298e-08	-0.0004889982156731	0.0002449655556547	2.391192549314756e-07	6.000812345721597e-08	0.0	0.0	0.0	0.0	0.0	0.0	0.0	0.0	0.0	0.0	0.0	0.0	0.0	0.0	0.0	0.0	0.0	0.0	0.0	0.0	0.0
3936.3290208586745	5.040888871126754	25.41056061104956	15494686.160454212	5278.2451674063	39.89806047270668	1591.8552294837589	27859872.047247965	4541.119978286574	4.272986749084339	20621770.657193456	18.258415757850347	4614.166535864572	3777.896713352504	1.071395	22.072107	0.0711391978057519	0.0389786609055715	-0.0739747474	-0.0631828828	-0.1234831957	-0.0629349082	0.1094112479	0.0652294565	0.0033373109	0.0370965045	0.0722492807	-0.0480423925	0.0674502024	0.0335239436	-0.0440259589	0.0788239376	-0.0398643179	-0.0044375565	-0.1082844422	-0.0555703583	0.0472255764	-0.1233910661	0.0007709095	-0.0405774678	-0.0043992142	-0.0239304493	-0.1141456021	-0.0418043796	0.1488049141	0.0594771095	-0.0021857078	-0.0474271796	-0.0213297344	0.0282999541	-0.1512793198	-0.0011745235	-0.0262884319	-0.0428797369	-0.0475473655	0.0593438628	0.0760552502	0.0684103722	-0.0040969626	0.0170505366	0.0872963638	-0.1189786218	0.087653957	0.0227248227	0.0098715605	0.1168935493	0.0027335842	-0.0353616623	-0.0685698571	-0.0883987546	0.0244268449	0.0909263833	-0.084563435	0.0756057837	-0.0160437598	0.0198067291	0.012424643	0.0900814668	-0.0657740505	0.0316760726	-0.1445250312	0.0248134949	-0.0055152568	-0.0035357436	0.0001231932	-0.0424827582	-0.0228067284	0.0340111826	-0.0687656964	-0.0866326972	0.0731441312	-0.0521968607	0.0259269352	0.00298683	-0.0315960199	-0.0134793840488214	0.0062713673213466	0.0001816937943356	3.933004807925403e-05	-0.0045357597336561	-0.0043490157273709	1.891393779691944e-05	2.057311636145605e-05	-0.0226504134390168	-0.0233643179560444	0.0005130412289583	0.0005458913535511	-0.0050742758286898	0.0005150333376465	2.652593388872937e-07	2.574827518562556e-05	0.0010921640712056	0.0001952901317766	1.192822358432391e-06	3.8138235569321806e-08	-0.0004562317490764	3.276646659669996e-05	2.0814740886531122e-07	1.0736413332326543e-09	0.0	0.0	0.0	0.0	0.0	0.0	0.0	0.0	0.0	0.0	0.0	0.0	0.0	0.0	0.0	0.0	0.0	0.0	0.0	0.0	0.0
3931.1564598595583	-5.1725609991162855	26.755387289578863	15453991.111895535	5240.8042965659615	-37.4408708403389	1401.81880928294	27466029.67490424	4538.2653189536695	-2.8546593329047028	20595852.10521765	8.149079906939923	4609.476117048141	3617.8419992572462	1.3476	27.762302	0.0915013262131973	0.0448985526650989	0.093125812	0.0010857376	-0.0963397222	-0.073373874	-0.0584771824	0.0238489131	-0.0111815641	0.0191167062	-0.0278555512	0.0791842544	0.1016688875	-0.0683612987	0.0806485425	0.0213808308	-0.0728851663	-0.0812138662	-0.0793244872	0.0155813146	0.0373183329	0.0221808562	-0.0663522904	-0.0068733061	0.0150229464	-0.018482016	-0.1185358109	0.1168180235	-0.0696839177	0.0671881648	-0.0489047475	0.094403329	0.1188830606	-0.0482490799	-0.0260640409	0.0669625535	0.0171550828	-0.1102401486	-0.0019512792	0.0210428564	0.009812332	0.0332413975	-0.0760117596	0.0273414671	-0.0056293073	0.0234349405	-0.0089511123	-0.0733893156	-0.1470734916	0.0947566984	0.0237585285	-0.0909323465	0.0426290585	-0.0028979043	0.0613353013	0.0485816541	0.1078148709	0.0156277111	0.02756719	0.0202200174	-0.0783878342	-0.0337710343	0.0386322747	0.0279202767	-0.0550296844	0.0957246903	0.0243168152	-0.0192045502	0.0439415073	0.0123386974	-0.0215920742	0.003462637	0.0513751683	-0.0870019529	0.0745488335	-0.0550968674	0.0304722578	-0.00298683	-0.0247790096	-0.0197145658941053	-0.0062351818452838	0.000388664108393	3.8877492643757935e-05	0.0188732816974663	0.0234090414311224	0.000547983220724	0.0003562007620319	-0.0040120417171607	0.0186383717218561	1.6096478740237777e-05	0.000347388900442	-0.0056931523442214	-0.0006188765155315	3.830081414765337e-07	3.2411983614513615e-05	0.0010940019542133	1.8378830076999208e-06	1.1968402758225194e-06	3.377813949992107e-12	-0.0006998919748358	-0.0002436602257593	4.898487764395561e-07	5.937030561712177e-08	0.0	0.0	0.0	0.0	0.0	0.0	0.0	0.0	0.0	0.0	0.0	0.0	0.0	0.0	0.0	0.0	0.0	0.0	0.0	0.0	0.0
3928.858729087805	-2.297730771753322	5.2795666994621175	15435930.91312944	5239.352068550979	-1.4522280149822109	2.1089662074991726	27450810.098229427	4543.0215133933	4.756194439630235	20639044.471154347	22.621385547569567	4608.838113678372	3685.516786294297	1.115234	22.975252	0.0700460118974082	0.0325476216758505	0.013892315	-0.1035145107	-0.0068248389	-0.0592634286	0.0252526947	-0.0013596656	-0.0580671974	0.0633653422	-0.0432373213	0.0448734081	0.0048332396	0.1163598473	-0.0296736335	0.0391206259	-0.0352043237	-0.1069247804	-0.0775588015	-0.0449180761	-0.0984697233	0.050854847	0.0216111518	-0.0679579927	-0.0235082647	-0.1188356526	-0.0148992324	0.0922159343	-0.0169477962	-0.0538385898	0.0220773208	-0.0485043297	-0.0243641735	0.1066912413	-0.0538019187	-0.0049971672	0.0694525534	-0.1293908498	-0.0800734243	0.0022316509	-0.0715893187	-0.0312517002	-0.0313661685	-0.0883280005	0.0568652551	-0.0096471109	0.0952577756	-0.0570503494	-0.0024907863	0.0875656233	-0.0262167977	0.0679166086	0.0404550907	-0.0425082994	0.0734943074	0.0245899131	-0.0418272872	0.0571380585	-0.0386274505	-0.0059693817	-0.0757999834	-0.0583424	-0.0846740778	0.0581356439	0.0380167743	-0.0044410204	-0.0035991492	-0.0221248403	0.0170069757	-0.0483083265	-0.0312193308	0.0119642071	0.0348762153	-0.0873563013	0.0759024438	-0.0579119187	0.034934058	-0.0089476998	-0.0178092284	-0.0177085974028585	0.0020059684912468	0.0003135944219765	4.023909587874965e-06	0.0110105189328777	-0.0078627627645885	6.182303829220093e-05	0.0001212315271712	-0.0217497289836785	-0.0177376872665178	0.0004730507108634	0.0003146255495647	-0.0061198122332946	-0.0004266598890732	1.8203866094395598e-07	3.7452101770782245e-05	0.0008087307098065	-0.0002852712444067	6.540453609841253e-07	8.137968288540419e-08	-0.0005630312408147	0.0001368607340211	3.170041781333407e-07	1.8730860516794285e-08	0.0	0.0	0.0	0.0	0.0	0.0	0.0	0.0	0.0	0.0	0.0	0.0	0.0	0.0	0.0	0.0	0.0	0.0	0.0	0.0	0.0
3929.114696127503	0.2559670396981346	0.0655191254118264	15437942.29532512	5270.765849053105	31.41378050212552	986.8256054357214	27780972.635544498	4545.624315555046	2.6028021617466948	20662700.418165285	6.774579093193268	4617.3071213096	3826.0575538563503	1.148049	23.651279	0.0641826623045131	0.0343824856786565	-0.0802953863	-0.016481375	-0.0848906034	-0.054425245	0.0794733215	0.1196462485	-0.0353378503	-0.0069244375	0.0685668254	-0.0529604454	0.0406412006	0.0698106374	0.0333654825	0.0470556521	-0.0030323676	0.0415154381	-0.067535555	0.0226400209	0.0116585832	-0.0623912374	-0.0458194929	-0.0208005613	0.1174215661	0.0713948539	-0.014298785	0.1079164264	0.0286679724	-0.0370574416	-0.1549512481	-0.0028064043	0.0291452277	0.0711860299	-0.0743346305	-0.0055515816	-0.0530560428	0.0174107467	0.0244757885	0.0504295493	-0.0095753592	0.0347947191	-0.0881147001	0.0348718179	0.1097792078	-0.0392999446	-0.0769670398	0.0967481075	-0.1128230908	0.0820547146	-0.0381218212	-0.0613353457	-0.0646377936	-0.0637224722	0.0523739936	0.015841153	0.0353923227	0.0344564766	0.0996584557	-0.0343598839	-0.0174897409	0.1030508639	-0.0745255602	0.057881388	-0.0651119967	0.0436032448	-0.0484837732	0.0030368631	0.0269158942	-0.0674939996	0.0530007613	0.0621322791	1.2402e-05	-0.0876956817	0.0772040342	-0.060637674	0.0393001065	-0.0148702542	-0.0107296473	-0.0384306095190254	-0.0207220121161668	0.0014769117480038	0.0004294017861425	0.0025109029360095	-0.0084996159968682	7.224347209421782e-05	6.304633554061128e-06	-0.0169083637786755	0.0048413652050029	0.000285892765672	2.3438817048213715e-05	-0.0056062769087993	0.0005135353244953	2.6371852950449335e-07	3.1430340778136235e-05	0.000889607892593	8.087718278649994e-05	7.914022025637587e-07	6.541118695480923e-09	-0.0005710121132624	-7.98087244770001e-06	3.260548334923919e-07	6.369432502645715e-11	0.0	0.0	0.0	0.0	0.0	0.0	0.0	0.0	0.0	0.0	0.0	0.0	0.0	0.0	0.0	0.0	0.0	0.0	0.0	0.0	0.0
3931.518276676279	2.403580548776062	5.777199454454639	15456835.95983962	5248.079538852354	-22.686310200750995	514.6686705246987	27542338.846120734	4534.954764340457	-10.669551214589774	20565814.71461421	113.83932312075412	4607.247191596952	3632.273306150048	1.467747	30.23748	0.1166159709197722	0.0727586542933187	0.0884042241	0.0354856078	0.0048204711	-0.0818539204	-0.0679325015	-0.0018854087	-0.0327807419	-0.0105350123	-0.0864083958	-0.0054102237	0.0296601256	0.0240811592	-0.0242922456	0.0291774201	-0.075371166	0.0159940012	-0.0322541384	0.0403644921	-0.0061374622	0.1248404315	0.0297268865	-0.0082994131	-0.0051422756	-0.0646562811	0.0161364473	-0.0046776756	-0.0852203548	-0.0370229489	0.0305263725	0.0688808552	-0.0273055605	0.0292552334	-0.0144094719	0.1044667072	0.0151504237	-0.0609766426	0.0138936935	0.0038280499	-0.0869395374	0.021459571	-0.0270911997	-0.0446562569	-0.0630172101	0.0051519167	-0.0179337601	-0.1325626117	0.000349865	0.0508968512	-0.0579513129	-0.0560904482	0.0875105112	0.0492047257	0.1035487581	-0.0473699971	-0.0164903895	0.0074812632	-0.0195474867	-0.0391906203	-0.0301549333	-0.0701849926	0.0632208131	0.0375091671	-0.1317108546	0.0018002201	-0.0031783587	0.0845730871	-0.0101422709	-0.0754282171	0.0198522536	0.0084986747	0.0131675372	-0.0880200359	0.0784527129	-0.0632699305	0.0435584361	-0.0207291319	-0.0035839144	-0.027841567015244	0.0105890425037813	0.0007751528538643	0.0001121278211468	0.0109191150443166	0.0084082121083071	7.069803085828215e-05	0.000119227073351	0.0021847763588382	0.0190931401375137	4.773247738138302e-06	0.0003645480003107	-0.0069272681841935	-0.0013209912753942	1.7450179496675956e-06	4.798704449573951e-05	0.0010938344969291	0.0002042266043361	1.1964739066721373e-06	4.1708505918653935e-08	-0.0005257184695893	4.529364367310002e-05	2.763799092673157e-07	2.0515141571857533e-09	0.0	0.0	0.0	0.0	0.0	0.0	0.0	0.0	0.0	0.0	0.0	0.0	0.0	0.0	0.0	0.0	0.0	0.0	0.0	0.0	0.0
3935.4563604898112	3.938083813532103	15.508504122403547	15487816.76531971	5225.140883819967	-22.938655032387032	526.1818946948549	27302097.255766906	4537.223473018398	2.268708677941504	20586396.844109137	5.147039065367087	4609.987628461977	3733.831221577516	1.170258	24.108816	0.0654450652364776	0.0352782871131609	0.0135658448	-0.0195129078	0.1172004979	-0.0626904959	0.0025339672	0.003403084	-0.106850178	0.0844011556	0.0232043225	-0.005899448	-0.0162223155	-0.0089538951	0.0830327799	0.0427260782	0.0373002031	0.1186301322	-0.0011216944	-0.0096821203	-0.1064430187	0.0604463547	0.0626181544	0.0677490467	0.0562832671	-0.1183799564	-0.0436565049	-0.0180581497	-0.0347890936	0.0557660508	-0.073509669	-0.0910714172	0.0746836671	0.0125300779	-0.0389010845	0.0161485181	-0.0534589395	0.0985988181	-0.0080291055	-0.0591599398	-0.1281310929	-0.0837266651	0.075890679	0.0394815004	-0.0238090611	-0.0641954861	0.1050910464	-0.0415849663	-0.0687984372	0.0185991084	-0.1345256941	0.0443856933	0.0490291424	0.0306183667	-0.0097524054	0.0374449505	-0.0107105752	-0.0370247502	0.1047660442	-0.0860933275	0.0705339044	-0.0434922345	-0.0917396224	0.0224072648	-0.0385035237	0.0419686446	-0.0482790205	0.0972321977	0.0204917306	0.0166418186	-0.0531879524	-0.009177116	0.0187887294	-0.0883293083	0.0796476241	-0.0658046293	0.047697375	-0.0264992443	0.0035839144	-0.0175025808610058	0.0103389861542382	0.000306340336796	0.0001068946346975	0.0065591713053265	-0.0043599437389901	1.900910940715898e-05	4.302272821261855e-05	0.0235293405315175	0.0213445641726792	0.0005536298658481	0.0004555904197216	-0.0069839168634217	-5.6648679228200015e-05	3.2090728582994998e-09	4.8775094755186e-05	0.000664986844314	-0.0004288476526151	4.422075031106921e-07	1.8391030915348146e-07	-0.0004231833780212	0.000102535091568	1.7908417143343388e-07	1.0513445002878642e-08	0.0	0.0	0.0	0.0	0.0	0.0	0.0	0.0	0.0	0.0	0.0	0.0	0.0	0.0	0.0	0.0	0.0	0.0	0.0	0.0	0.0
3930.23376125904	-5.222599230771266	27.275542725252617	15446737.41814038	5249.615156342712	24.4742725227452	598.9900155176005	27558459.28970312	4536.47670372239	-0.7467692960080967	20579620.883415964	0.5576643814604284	4609.134562349115	3724.718497464649	1.148967	23.670195	0.0588375811296201	0.047049612793521	-0.0797978922	-0.0143144582	-0.0119537494	-0.1539062284	0.0778131255	0.0626983196	-0.0991212424	-0.0106645551	-0.047285281	0.0820706673	0.1783043233	-0.0944451851	-0.0784584907	0.0771345007	0.033342122	0.0296293267	-0.0594995421	-0.031479395	-0.0156439816	0.043606194	0.0113211377	0.1372660762	-0.0010436987	0.0023794928	-0.0538217094	-0.0495147838	0.007464419	0.0180278854	-0.0018640761	-0.0324979361	-0.0362741354	-0.1098533653	-0.1344352983	0.0004420029	-0.0179032682	0.0206893757	-0.0434402527	-0.0072735668	-0.078739977	0.0407745885	0.0747458755	0.0506698928	0.0356326411	0.026912144	0.0381269863	-0.0298818668	-0.0274474006	0.0233358561	-0.0843568809	-0.0225186827	-0.0357533882	-0.0958924764	0.064031412	0.0371643989	-0.009606599	-0.07787661	-0.0780475788	-0.0904489257	0.0111893035	0.008284321	0.0454878742	0.036735026	-0.0291037197	0.0820184648	-0.0928582012	0.0518919198	0.0128255546	0.0284936709	-0.0117953847	-0.0123565336	0.08075355	-0.0886234459	0.0807879487	-0.0682378621	0.0517055788	-0.0321558829	0.0107296473	-0.0231209401840288	-0.0056183593230229	0.0005345778749934	3.156596148259943e-05	0.008876836848529	0.0023176655432024	5.371573570148137e-06	7.879823243540226e-05	0.0168237867128979	-0.0067055538186195	0.000283039799361	4.4964452014403885e-05	-0.0061018972382575	0.0008820196251642	7.779586191747964e-07	3.72331499062545e-05	0.0006642935923208	-6.932519932000307e-07	4.412859767984732e-07	4.805983260758155e-13	-0.0004219762062831	1.207171738100009e-06	1.7806391866907738e-07	1.457263605267397e-12	0.0	0.0	0.0	0.0	0.0	0.0	0.0	0.0	0.0	0.0	0.0	0.0	0.0	0.0	0.0	0.0	0.0	0.0	0.0	0.0	0.0
3937.971409867572	7.737648608532254	59.87120598912113	15507618.824934397	5235.978740450702	-13.636415892009609	185.9518383798522	27415473.37045172	4546.308182850881	9.831479128491084	20668918.093456883	96.65798185395576	4613.217777104848	3558.3047392794333	1.387677	28.587927	0.0699734677572428	0.0416270638965366	0.1094839593	0.0077252824	-0.000894367	-0.120555815	-0.091114523	-0.0804990399	-0.0127471844	0.0019274679	0.0930209401	0.0191190323	0.0580905664	0.0278796055	-0.0293512486	0.0738638242	0.0062674851	0.0127742284	0.0232421072	0.0078947044	-0.0066143554	-0.0742134028	-0.0239396821	-0.0531422653	0.1245204851	-0.1133375552	0.0064708648	-0.1241246962	0.0515148053	0.0046066208	-0.0609150705	0.0818220856	-0.0269152382	0.0281719709	-0.0561836119	0.0433788269	0.0466701397	0.0535642103	0.0317946723	-0.0329633643	0.0694457171	-0.0882370593	0.0019621597	0.0873903231	0.043928612	-0.1549695144	0.0205673233	-0.0972925288	0.0403853424	0.0368823817	-0.0159372083	-0.0661630408	0.1273612992	-0.0667169247	0.0201278862	0.0768845301	-0.0524082148	0.0663455234	0.0346879599	-0.0335947945	0.0101875234	0.0046405902	0.0806137717	0.0516757055	-0.0321216063	0.0561645292	-0.0853302979	0.0924822047	-0.0933822475	0.0759809518	0.0160426056	0.0299645634	-0.0188475643	-0.0889023983	0.0818729053	-0.0705658771	0.0555720611	-0.037674825	0.0178092284	-0.0106265202328472	0.0124944199511815	0.0001129229322591	0.0001561105299164	0.0113647127043776	0.0024878758558486	6.189526274114408e-06	0.000129156694853	0.0420117471307506	0.0251879604178527	0.0017649868969781	0.0006344333500113	-0.0066573962670334	-0.0005554990287759	3.085791709709684e-07	4.432092505631025e-05	0.0006650436642734	7.500719526000107e-07	4.4228307539019086e-07	5.626079340771927e-13	-0.0004617913362018	-3.98151299187e-05	2.1325123819104386e-07	1.5852445704429592e-09	0.0	0.0	0.0	0.0	0.0	0.0	0.0	0.0	0.0	0.0	0.0	0.0	0.0	0.0	0.0	0.0	0.0	0.0	0.0	0.0	0.0
3949.323514078633	11.352104211060578	128.8702700187793	15597156.2188544	5282.313631081883	46.33489063118032	2146.9220898034414	27902837.297113463	4539.662182888025	-6.645999962855967	20608532.73474367	44.16931550628152	4614.764667036196	3723.1974610236	1.189703	24.509418	0.0487139003580283	0.0382514188067157	0.0261425221	-0.0505959974	0.079703238	-0.0387561606	0.0438190278	-0.0886425766	-0.0046321756	-0.0072828275	0.069012633	0.0246268552	-0.0756637563	-0.1033891092	0.0302466808	0.0682808821	0.0047195095	-0.0721610337	0.0444930979	-0.0347722971	-0.0465788966	0.0340930127	-0.1235966949	-0.0602859373	0.0896727965	-0.0395049138	-0.01696644	-0.0442932087	0.0105188282	-0.0521018741	-0.0014635811	-0.2014675569	0.0705061169	-0.0806587025	-0.0195449095	-0.019815397	0.1131994289	0.0232229681	-0.0720295696	-0.0155536217	0.005545233	-0.0727658606	-0.11686307	0.0861250811	-0.0546728939	-0.0678185669	0.0097440533	0.0094468897	-0.0312365774	0.0322347565	-0.0561965418	0.058693566	0.0910890151	-0.0571982813	0.0881165366	-0.0018032497	0.0957977268	-0.0243723759	0.0286010337	0.0532165224	-0.0202607033	-0.0037520992	-0.0705053645	0.0453660716	0.1355541382	0.0283948271	-0.0475511599	0.1176531808	-0.0117059283	0.0504311556	0.0945129959	-0.0656497395	0.0191986264	-0.0891661178	0.0829017503	-0.0727850846	0.0592862243	-0.0430324377	0.0247790096	-0.0099818947685008	0.0006446254643464	9.963822316942364e-05	4.155419892838131e-07	0.0158153365455433	0.0044506238411657	1.980805257555253e-05	0.0002501248700487	0.0042975132320393	-0.0377142338987113	1.846861997955287e-05	0.0014223634385667	-0.0066573603684886	3.5898544799989336e-08	1.2887055187568408e-15	4.432044707592267e-05	0.0007167664328344	5.172276856100003e-05	5.137541192381505e-07	2.675244787614773e-09	-0.0005281210121721	-6.632967597030003e-05	2.789118034976834e-07	4.3996259143249984e-09	0.0	0.0	0.0	0.0	0.0	0.0	0.0	0.0	0.0	0.0	0.0	0.0	0.0	0.0	0.0	0.0	0.0	0.0	0.0	0.0	0.0
3942.1521133774254	-7.171400701207404	51.42898801727804	15540563.285006102	5263.908609510977	-18.40502157090577	338.74481902550684	27708733.84928379	4552.493513055913	12.831330167888154	20725197.18641617	164.64303387735666	4625.618997336457	3792.160352509597	0.917104	18.893518	0.0998480791863526	0.053751930526576	-0.0272150458	-0.055242866	0.0650485719	-0.0353388674	0.0541596071	-0.0139637505	-0.0547022761	-0.0087352261	-0.0479287083	-0.0333489751	-0.0318315456	0.0525192799	-0.0287589835	0.0447253556	0.0901944183	-0.0325660513	0.0214495287	-0.0165452767	-0.0778916666	0.1080433882	-0.0438690619	-0.0854052337	0.0388042399	-0.0890236759	-0.0607420712	0.0207069455	0.0529932285	-0.0012721217	0.0426158912	0.0230686964	-0.0345616513	0.0443676144	-0.0282662018	-0.073204187	0.0899390022	0.0054563712	-0.0019199185	-0.0541440617	-0.0990436334	-0.0369214264	-0.0935003145	-0.0529408178	-0.011811847	-0.0627791239	0.0389127589	-0.0612097793	-0.055556867	0.0326160896	-0.0858446659	0.0722246154	0.0173710513	-0.0602621985	0.0897319625	-0.024626343	-0.0623599644	0.0732883512	0.0306325971	0.0029505876	-0.0980914886	-0.0948360448	-0.0214571662	0.0516555342	0.1493031014	0.0202786008	-0.0444631053	0.1256678272	0.0868735644	-0.0172949717	-0.0189155963	-0.0374378683	0.0047735535	-0.0894145591	0.0838737786	-0.0748920628	0.0628378881	-0.0482057789	0.0315960199	-0.0013872983456479	0.0085945964228529	1.9245966998374e-06	7.386708767171586e-05	0.0321264073991756	0.0163110708536322	0.0002660510323922	0.0010321060523778	-0.0280319964136381	-0.0323295096456774	0.0007857928229342	0.0010451971939299	-0.0060329192683786	0.00062444110011	3.899266875065871e-07	3.6396114898773786e-05	0.0006640708646357	-5.269556819870007e-05	4.409901132580062e-07	2.7768229077838502e-09	-0.000352999635197	0.0001751213769751	1.246087424492151e-07	3.06674966736551e-08	0.0	0.0	0.0	0.0	0.0	0.0	0.0	0.0	0.0	0.0	0.0	0.0	0.0	0.0	0.0	0.0	0.0	0.0	0.0	0.0	0.0
3931.151734243562	-11.00037913386359	121.00834108874145	15453953.957646163	5258.589466722706	-5.319142788271165	28.293280002017145	27652763.179526992	4538.569405194507	-13.9241078614059	20598612.245767627	193.8807797360656	4612.97434663568	3791.9458631079024	0.933624	19.23386	0.1348372317388043	0.073012553753157	-0.0849665318	-0.0097986333	0.0417219705	-0.1117274686	0.0337862627	0.0524483439	-0.0898082835	-0.0286283512	-0.0265722257	0.0048563598	-0.0735667579	-0.0619538584	0.0466586052	0.0829386415	0.0051794825	-0.0764597152	0.0229817593	0.0656515349	-0.135039471	0.0391791883	-0.088079125	-0.0428748326	-0.0101024642	0.0225807454	-0.0726903049	0.0456646069	0.0019188779	0.000918366	0.0322932069	0.0530300928	0.0840271735	-0.0512020567	-0.0089092417	-0.0136961842	0.0894966545	-0.0009081949	-0.0040147421	0.0750918082	-0.1115194341	-0.0898875583	-0.0917344409	-0.031772364	0.0073523268	0.0085500049	-0.058149757	-0.0178264604	-0.0268171848	0.0089586493	-0.1043642152	0.00559373	-0.0137144861	-0.1057218899	0.0752558903	-0.0539089953	0.0506692196	0.0172944515	0.1034040962	-0.0407010715	-0.0637556275	-0.0410032963	0.0588398797	0.0715255261	0.0377865093	0.0514199848	-0.016161842	0.1172537657	-0.0262213682	-0.039292943	-0.0670524332	-0.0200369281	0.1092167657	-0.0896476797	0.084788324	-0.0768835629	0.0662173176	-0.0531726956	0.0382182304	-0.0149474945932723	-0.0135601962476244	0.0002234275946159	0.000183878922274	-0.0031842432246946	-0.0353106506238702	0.001246842047481	1.0139404914013464e-05	0.0179876049247766	0.0460196013384147	0.0003235539309298	0.0021178037073466	-0.0066573746547901	-0.0006244553864115	3.899445296183362e-07	4.4320637294241606e-05	0.0006652601805576	1.1893159219000414e-06	4.425711078355305e-07	1.4144723620849452e-12	-0.0005262906034415	-0.0001732909682445	2.7698179927081824e-07	3.0029759675116325e-08	0.0	0.0	0.0	0.0	0.0	0.0	0.0	0.0	0.0	0.0	0.0	0.0	0.0	0.0	0.0	0.0	0.0	0.0	0.0	0.0	0.0
3926.0828785700232	-5.068855673538565	25.693297839164096	15414126.76940068	5227.693150773833	-30.896315948873053	954.5823392125874	27328775.67864764	4525.968482257825	-12.600922936682764	20484390.7023912	158.78325885621777	4596.223148722505	3819.877240124167	1.001949	20.641449	0.0430652950956453	0.023749814180523	-0.0713640713	0.0692783229	-0.0104074233	-0.0839344502	0.0044430958	0.0804376148	-0.0790251622	-0.0068205214	0.1025126162	-0.0711054552	-0.008835923	0.0865796053	-0.0218467251	0.0230880496	-0.181046562	0.0459814962	-0.0469952003	0.0906881209	-0.0249097327	0.0684260356	0.0640180452	0.0400667057	-0.0120940026	-0.0615740886	-0.1282513998	0.0793858127	0.0622801949	-0.0751520269	-0.0336820639	-0.0883282186	-0.0494427351	0.081457463	-0.0235999017	0.1308857048	-0.0476257068	-0.0445879466	-0.0341709681	0.1517977674	-0.1356964923	0.0384269968	0.0003441355	-0.0053220272	0.005243493	-0.0088279034	0.0978281301	0.0180653726	-0.1167409769	0.0092874357	-0.0881501399	-0.0887371517	-0.0078371348	-0.0488502677	0.1215259989	-0.0602470683	-0.0832274427	0.0345400191	-0.0017182525	-0.0072394565	0.0062346774	-0.002525919	-0.1534287696	0.057672048	-0.0326708412	0.083727207	-0.0513021306	0.0738953862	-0.0479183212	-0.0463495779	0.0677468181	0.0530328285	0.0148275638	-0.0898654396	0.0856447597	-0.0787565141	0.06941525	-0.0579119187	0.0446048127	-0.018459965422295	-0.0035124708290226	0.0003407703233923	1.2337451324735413e-05	0.0074253297246258	0.0106095729493204	0.0001125630381669	5.513552151941146e-05	0.0175315972923044	-0.0004560076324722	0.0003073569036195	2.079429608729019e-07	-0.006321930151124	0.0003354445036661	1.1252301503979617e-07	3.996680083569073e-05	0.0005986377088991	-6.662247165850003e-05	3.583671065159636e-07	4.4385537298876395e-09	-0.0003586127050695	0.000167677898372	1.2860307223726417e-07	2.8115877602450773e-08	0.0	0.0	0.0	0.0	0.0	0.0	0.0	0.0	0.0	0.0	0.0	0.0	0.0	0.0	0.0	0.0	0.0	0.0	0.0	0.0	0.0
3933.6092585890087	7.526380018985492	56.646396190184056	15473281.79925717	5245.548803401899	17.85565262806631	318.8243307741713	27515782.24887109	4532.973315545761	7.0048332879359805	20547847.07944993	49.067689391776	4598.931221630441	3628.7436820003295	1.507773	31.062067	0.0562060589471654	0.0275612520369707	0.0841150527	0.0152596652	0.0664318869	-0.101728509	-0.093650326	-0.0335909777	0.0015633997	0.1071031241	0.0544143719	-0.0947550915	0.0765221963	0.0275865593	0.0362510546	0.0408057097	-0.0752431678	0.0832253586	-0.0336982979	0.0571465019	-0.0513089887	0.0798475427	0.0483276353	0.0734096836	0.1567478463	0.1394220672	-0.0297221997	-0.0639539927	-0.0284552018	-0.0267171887	-0.0883965155	0.1553298698	0.015205487	0.043401622	-0.0346217416	0.1419215802	-0.0403223708	0.0203760777	0.0118868362	-0.0416618443	-0.1424602487	-0.0336686225	0.1111781209	0.0992478278	0.0185986337	-0.0356073505	-0.1339136289	0.0111200455	-0.0608399803	0.045641558	-0.0996737072	-0.0617144146	0.1227511618	0.0154230256	-0.189848101	-0.1974655011	0.0054963045	0.0092016237	0.0674643656	-0.1224169317	-0.0817658337	0.0555465491	0.0245589254	0.100839609	0.0429579575	0.0650445735	-0.0263520656	0.0518921341	-0.0927366034	-0.0085993158	0.1519922052	-0.0050414585	0.0417656135	-0.0900678015	0.0864424987	-0.0805080284	0.0724229201	-0.062403154	0.0507163915	-0.0128990511613977	0.0055609142608972	0.0001663855208643	3.092376741705095e-05	0.0070816301735163	-0.0003436995511095	1.1812938143287201e-07	5.0149485914456496e-05	0.0034591698005357	-0.0140724274917686	1.1965855708938196e-05	0.000198033215511	-0.0066988393998898	-0.0003769092487657	1.4206058180519937e-07	4.487444930551593e-05	0.0006661458779559	6.75081690568e-05	4.437503307176368e-07	4.557352889401489e-09	-0.0006387756401147	-0.0002801629350452	4.0803431840394485e-07	7.849127017314098e-08	0.0	0.0	0.0	0.0	0.0	0.0	0.0	0.0	0.0	0.0	0.0	0.0	0.0	0.0	0.0	1.0	0.0	0.0	0.0	0.0	0.0
3955.887040752631	22.277782163622305	496.29957812980814	15649042.279194608	5277.448971518988	31.90016811708938	1017.6207258985658	27851467.646986827	4543.82985449064	10.856538944879505	20646389.746560432	117.86443786168536	4614.6782712486165	3761.034535877384	1.382923	28.489994	0.0770410074323677	0.0349081541754931	-0.0705483914	0.0438297903	0.0572883486	-0.1162019097	0.0506969322	-0.0840553624	-0.0300690278	-0.044904111	0.1137761773	-0.047762324	0.0616362772	-0.0060864639	-0.0436479792	0.0561844287	0.0038895135	-0.0434482849	0.0339278219	0.011159559	0.0077136656	0.0379593131	0.0622141946	0.0998100227	0.0497990347	-0.0407936587	-0.1005379732	-0.1010871139	0.0008594912	-0.0824335278	-0.0268051533	0.0014981409	-0.0347969993	-0.0193456515	-0.0407450179	-0.0141659967	0.0466549561	0.0255446674	-0.0740409598	0.0636316827	-0.0713990548	0.0731201587	0.0834010804	0.1392218046	-0.0108837593	-0.1084348172	0.0602080381	-0.025046017	-0.0500351641	-0.0064874339	-0.1269239755	-0.0101430025	-0.0052427824	-0.0454440976	0.0682234235	-0.0629755985	-0.014852457	-0.0604567138	-0.0518972954	-0.0273745276	0.00343825	0.0167977653	0.0440038638	0.0927852045	0.1151265445	0.0437435189	-0.0919587283	0.0568926576	-0.0480233092	0.1220628144	0.1740190682	-0.0439859116	0.0432849578	-0.0902547308	0.0871809944	-0.0821354052	0.075232084	-0.0666271694	0.0565152869	-0.0160283315412499	-0.0031292803798521	0.0002569074119962	9.79239569572792e-06	0.0162319635490035	0.0091503333754872	8.372860088255498e-05	0.0002634766406561	0.0192710045414941	0.0158118347409584	0.0003713716160382	0.0002500141178753	-0.0063679894297829	0.0003308499701068	1.0946170271973634e-07	4.0551289377826746e-05	0.0003639357093412	-0.0003022101686146	1.324492005336824e-07	9.133098601412541e-08	-0.0002928446001149	0.0003459310399998	8.575795981645568e-08	1.1966828443534326e-07	0.0	0.0	0.0	0.0	0.0	0.0	0.0	0.0	0.0	0.0	0.0	0.0	0.0	0.0	0.0	0.0	0.0	0.0	0.0	0.0	0.0
3972.935508299692	17.048467547061136	290.6502457031968	15784216.553108534	5285.15856624555	7.7095947265615905	59.43785084782628	27932901.07035872	4539.792216982592	-4.037637508047737	20609713.37337572	16.302516646393943	4616.461156755046	3671.934865275894	2.174277	44.792908	0.456206608556534	0.3195832236553307	0.0764243838	-0.1284671823	-0.1596839965	0.2672307747	-0.0442792586	-0.0391594738	0.1318707548	0.1318088831	0.0775626069	-0.1368790427	-0.0058048903	0.0289144945	0.1344680707	0.3019984398	0.0813532989	-0.1374132654	0.274824274	0.0899167123	0.2448708471	0.0749401705	0.0996816055	-0.0163275957	-0.1138215891	0.2278020858	0.102135924	-0.1760011149	-0.0270354849	0.0798189417	0.0476086319	-0.0465117362	0.1194999799	0.0763454688	-0.0406434779	-0.0045858679	0.3606221344	0.1504162371	0.1176402878	0.0198397206	0.0287532138	0.176891172	0.1673597201	0.0708014386	-0.2773826954	-0.0271261358	-0.1056639467	0.2291883182	0.1858349866	0.111204527	0.3028384679	0.0924147957	0.015497002	0.0058162362	-0.0114158665	-0.2072921493	-0.3421696599	-0.5193370425	0.2718117036	0.4411549471	-0.000126542	0.1050728889	0.1076248673	-0.0526218767	0.028496262	0.1274444418	-0.0713893426	-0.0454550421	-0.1088298409	-0.0526418429	-0.1321991338	0.0372847746	0.0151819946	-0.0904261954	0.0878597406	-0.0836361352	0.0778350419	-0.0705658771	0.0619657467	-0.0261273874439353	-0.0100990559026854	0.0006826403746455	0.0001019909301255	-0.0219332950691324	-0.0381652586181359	0.0014565869653891	0.0004810694325896	-0.0599243383950636	-0.0791953429365577	0.003590926332086	0.0062719023428389	-0.0004792746470436	0.0058887147827393	3.467696179245237e-05	2.2970418729876733e-07	0.0006621631845908	0.0002982274752496	4.384600830274299e-07	8.89396269937508e-08	-0.0006808413641091	-0.0003879967639942	4.635449630819401e-07	1.5054148886997096e-07	0.0	0.0	0.0	0.0	0.0	0.0	0.0	0.0	0.0	0.0	0.0	0.0	0.0	0.0	0.0	0.0	1.0	0.0	0.0	0.0	0.0
4002.900678025582	29.96516972588961	897.9113967013711	16023213.838137662	5380.41603571252	95.25746946697018	9073.985489250756	28948876.71735243	4581.14075422816	41.34853724556797	20986850.61005016	1709.7015323481214	4660.459967355359	3856.857298417525	2.483884	51.1712	0.5181867598821754	0.2844160451516289	0.027635264	0.1772542846	0.078989172	0.2979977824	-0.0463067518	-0.1432773071	0.2359206823	-0.2586547741	-0.257689284	-0.0690413644	0.1022129634	-0.0381082381	-0.0698380368	-0.295409897	0.110298682	8.02782e-05	0.1443765407	0.0498247673	0.1425832235	0.0329257532	0.030289951	-0.0983047126	-0.0217678859	0.0623832004	0.1122609423	-0.0069646996	-0.1170826488	0.0049247253	-0.0843468941	-0.0593110741	-0.1354961572	-0.0700826878	0.315028067	-0.0784562018	-0.0364177608	-0.0214322505	0.0979810014	-0.1235955119	0.0904645949	0.1596017384	-0.0480589593	-0.0977418528	-0.1088533108	0.0042486041	-0.1644462367	-0.0364551407	0.0222447464	-0.2437621225	0.1506922036	-0.0016829455	-0.0969962451	0.2157610963	-0.0854012962	-0.0487123004	0.1076577894	0.055336258	-0.1063268052	0.055621572	0.1370425854	0.0245737922	0.0730564259	-0.1063350002	0.1355088926	-0.1300644233	0.0535432866	0.0341676012	0.0520630408	0.1914471649	-0.0424758603	0.0174042058	-0.177448414	-0.090582166	0.0884782721	-0.0850079043	0.0802246594	-0.0742024108	0.0670341672	-0.0065061564009596	0.0196212310429757	4.233007111374757e-05	0.0003849927076418	0.086340762837068	0.1082740579062004	0.0117232716154752	0.0074547273272868	0.1799859842610658	0.2399103226561293	0.0323949545304246	0.0575569629169681	-0.0021993394058177	-0.0017200647587741	2.958622774376603e-06	4.837093821982553e-06	0.0014887438056983	0.0008265806211075	2.216358119005057e-06	6.832355231904605e-07	-0.0002198637784533	0.0004609775856558	4.834008107576178e-08	2.1250033447705046e-07	0.0	0.0	0.0	0.0	0.0	0.0	0.0	0.0	0.0	0.0	0.0	0.0	0.0	0.0	0.0	0.0	0.0	1.0	0.0	0.0	0.0
3961.8391426590615	-41.06153536652028	1686.0496866559954	15696169.392305488	5340.351723200159	-40.06431251236154	1605.1491370881697	28519356.527486905	4576.104405906423	-5.036348321737023	20940731.53375618	25.36480441786333	4653.645905719806	3910.099330674892	1.663946	34.27943	0.1703829953824104	0.1008538910250397	-0.0706398392	-0.037590776	0.0199643738	0.199399181	0.0917133252	-0.0131400615	0.0671012279	-0.1351230692	-0.1116928519	0.0412160055	-0.0572990916	0.0917400217	-0.0720359535	-0.1306084742	0.1538091448	-0.0800503955	0.0758646351	-0.0829158408	-0.0177132783	-0.0991346988	-0.0337457913	-0.0371569918	-0.0054132103	0.0376740404	-0.0642001449	0.0876731729	-0.0605608893	0.0023493778	-0.0334090011	0.0590549367	-0.0964204201	0.0573236698	0.1081185225	-0.2026401104	0.0269567473	0.0091055054	0.0004122247	-0.041608101	0.1112365465	-0.0457250236	-0.0269870678	-0.0681107662	0.0446511492	0.0288568411	-0.0642422562	0.0002487477	-0.1243409212	-0.1232942589	0.126261019	0.0995101812	-0.058079321	-0.0195891547	-0.079978822	0.0487408133	-0.0048758127	0.1480076916	-0.0961136914	0.0818840168	-0.0311892452	0.0754024552	0.011380972	-0.1687445926	0.0796469867	-0.0131713054	0.0881017916	0.0191684631	0.0425480971	0.0106226423	-0.0175910407	-0.0700819301	-0.0628451468	-0.0907226157	0.089036165	-0.0862485974	0.0823943867	-0.0775211985	0.0716892996	-0.0155963602088604	-0.0090902038079008	0.0002432464517645	8.263180526917421e-05	0.0418724952564133	-0.0444682675806547	0.0019774268216247	0.0017533058589983	0.0926884119334658	-0.0872975723275999	0.0085911417067478	0.0076208661342925	-0.0024187228727288	-0.0002193834669111	4.8129105553933777e-08	5.850220335061459e-06	0.0017593905281285	0.0002706467224301	3.0954550304682817e-06	7.324964836220969e-08	-0.0003203726224371	-0.0001005088439838	1.0263861720722462e-07	1.0102027718959849e-08	0.0	0.0	0.0	0.0	0.0	0.0	0.0	0.0	0.0	0.0	0.0	0.0	0.0	0.0	0.0	0.0	0.0	0.0	1.0	0.0	0.0
3948.11200139777	-13.727141261291308	188.43440720744636	15587588.375581106	5317.152768678303	-23.19895452185574	538.1914909071309	28272113.56546334	4553.6585904225685	-22.445815483854854	20735806.55812925	503.8146327352585	4640.406395646124	3890.537042791193	1.276843	26.304605	0.121027091543993	0.0680111173310532	-0.0617903863	0.0978765451	-0.0344903033	0.1358599932	-0.046669918	0.1539888239	0.1080853156	-0.0062315859	0.0345411481	0.1225111479	-0.135972448	-0.0823546794	0.0199144248	-0.0875901346	0.0114516419	0.0102575063	-0.0598550203	0.0899652326	0.0131232784	-0.0800979185	-0.0666674682	0.0743998449	-0.1695323737	-0.0050067996	0.0561996579	0.057459372	0.036240448	0.1042826368	-0.1029198902	0.0177312818	0.0382462926	-0.0881309003	0.0289802727	-0.0583855605	-0.1188616434	-0.0687673189	0.1206084299	0.0725716946	0.0638813098	-0.062150794	8.7915e-05	-0.0397041707	-0.1091356314	0.1758549861	0.0696061058	0.1045601585	0.0059423414	-0.0800201121	0.0634166935	-0.074586985	-0.1106923678	0.0802037365	-0.0528160689	0.0656997925	0.0657597351	-0.0235147057	0.0214346974	-0.0695391165	-0.0124161835	0.0524558998	-0.1047795428	-0.1237862126	0.027017999	-0.0044893674	0.0894613484	-0.0600967049	0.0157988839	-0.0039697585	0.0052653709	-0.0368616776	0.0355749485	-0.0908475206	0.089533037	-0.0873563013	0.0843382767	-0.0805080284	0.0759024438	-0.0159941168592467	-0.0003977566503863	0.0002558117741072	1.5821035292653026e-07	0.0310096577462672	-0.0108628375101461	0.0001180012387718	0.0009615988735406	0.0328006433586551	-0.0598877685748107	0.0010758822047416	0.00358654482487	-0.0027112954317768	-0.0002925725590479	8.559870230789534e-08	7.351122918373744e-06	0.0011100119998916	-0.0006493785282368	1.2321266399033494e-06	4.216924729351222e-07	-0.0003759961113252	-5.562348888810001e-05	1.413730757316722e-07	3.093972516084585e-09	0.0	0.0	0.0	0.0	0.0	0.0	0.0	0.0	0.0	0.0	0.0	0.0	0.0	0.0	0.0	0.0	0.0	0.0	0.0	0.0	0.0
3931.6040215770577	-16.507979820712535	272.51339776105226	15457510.182480892	5214.860278165793	-102.29249051251008	10463.753615251966	27194767.72079141	4548.054141955972	-5.604448466596296	20684796.478162877	31.409842614733567	4619.123939350439	3652.471179902367	1.406089	28.967249	0.069714849713017	0.0325332109642277	0.0916125222	0.0346691145	0.0177757741	0.0927144422	-0.0920463351	0.0582699187	-0.0612375332	0.046008711	-0.0382715891	0.0429610907	-0.0474629748	0.0711700498	-0.0536108162	-0.0805588371	-0.1007326679	0.0217713723	0.0367334655	0.0145936265	0.0351153564	-0.1491673579	-0.078830446	0.0809059704	-0.0361583645	-0.0120527289	0.0909605939	-0.0199201072	-0.1094162645	0.0293104629	-0.005736697	-0.0320548407	-0.0693850199	0.0629958729	0.0542752144	0.0619786616	-0.0625504291	-0.0117629996	0.0309913117	0.0572235236	0.1826546834	-0.1246488936	0.0373532489	0.0367485212	-0.0363489906	0.1194811916	0.0193760774	-0.0040471519	0.0128341513	-0.0709714691	0.0951060694	0.0069993886	0.019164646	0.1356719941	-0.0698194152	0.0607391632	-0.0356627272	0.0510356376	-0.0943447711	-0.0826085933	0.0606755955	0.0373298303	0.0020603948	-0.0686257274	-0.1294418062	0.082737707	0.0167206164	-0.0650249104	0.0497534432	-0.1013849431	0.0910653919	-0.0300515661	-0.0240749248	-0.0909568593	0.0899685475	-0.0883293083	0.0860510014	-0.0831501106	0.0796476241	-0.0220295003081218	-0.006035383448875	0.0004852988838255	3.642585337495548e-05	0.0352495173337956	0.0042398595875284	1.797640932195652e-05	0.0012425284722655	0.0494479769156086	0.0166473335569534	0.0024451024210465	0.0002771337145564	-0.0029960919266498	-0.000284796494873	8.11090434919468e-08	8.976566832936112e-06	0.0015103185908076	0.0004003065909159	2.2810622457390547e-06	1.6024536673078977e-07	-0.0005467384879294	-0.0001707423766041	2.9892297418332664e-07	2.915295916845045e-08	0.0	0.0	0.0	0.0	0.0	0.0	0.0	0.0	0.0	0.0	0.0	0.0	0.0	0.0	0.0	0.0	0.0	0.0	0.0	0.0	0.0
3932.481209861041	0.877188283983287	0.7694592855575437	15464408.465910155	5237.460579015032	22.60030084923892	510.77359847610944	27430993.31673647	4525.337906101427	-22.71623585454563	20478683.164398443	516.0273713993445	4593.924427474517	3664.925680130627	1.60893	33.146038	0.0965022006745391	0.0526343051401163	-0.0278795636	-0.0108424688	-0.0782305287	0.035704685	-0.0077336775	-0.0665316913	-0.1097603982	-0.0552462078	0.0939055342	0.1090077793	-0.0093163814	-0.0767624993	0.0945091461	0.1539733123	-0.0785883631	-0.0416076845	0.1765945577	0.0644374157	0.0729419286	0.0048192761	0.1718471786	0.1131295056	-0.139903745	0.0325517725	0.0714171957	-0.0762706112	0.0865537016	0.000535698	0.0693748941	-0.038606484	0.0797096889	-0.0420398907	0.0429512655	0.1169216382	0.181731111	0.1048890114	0.0146352035	0.1334008419	-0.0436211195	0.1589127233	0.2012235184	-0.0288062946	0.0406216377	0.0794056404	0.0954430825	0.0497304936	0.1357860204	-0.0960677431	0.1659468755	0.0556909024	-0.0674697646	-0.0861170959	-0.0525330072	-0.0513469017	0.023307711	-0.0976329618	0.0473554266	0.0147548275	0.0583809695	-0.1495156719	0.0735125917	0.1556332264	-0.2241959103	-0.4349112011	-0.2834358053	-0.2879149716	0.3210765115	0.2156656033	0.1570873415	-0.062499958	0.1267030607	-0.0910506129	0.0903423981	-0.0891661178	0.0875278662	-0.0854361313	0.0829017503	-0.0151199366385839	0.0069095636695379	0.0002286124839547	4.7742070103398047e-05	0.0556446902216691	0.0203951728878735	0.0004159630771262	0.0030963315498655	0.0944896285177563	0.0450416516021477	0.0089282898974235	0.0020287503790492	-0.0029639433758724	3.214855077739989e-05	1.033529317087059e-09	8.78496033537788e-06	0.001922872364088	0.0004125537732803	3.6974381285733737e-06	1.7020061584789569e-07	-0.0005851524141712	-3.84139262418e-05	3.424033478103836e-07	1.4756297293104507e-09	0.0	0.0	0.0	0.0	0.0	0.0	0.0	0.0	0.0	0.0	0.0	0.0	0.0	0.0	0.0	0.0	0.0	0.0	0.0	1.0	0.0
3963.833137810367	31.351927949326186	982.9433861397404	15711973.14440358	5265.200777077976	27.740198062944728	769.5185885714025	27722339.222942527	4570.702172425961	45.36426632453458	20891318.3490194	2057.9166591633025	4634.798459425505	3789.0605292006335	1.724794	35.532974	0.1108125321303419	0.0643644769858323	-0.0395335384	0.0875432833	0.1094146324	0.1448492745	-0.0520889471	-0.1707861548	-0.0192142465	-0.1015468275	0.0548994373	0.0926639211	-0.0138993158	-0.0201606497	-0.0938040148	-0.3019234568	-0.014338148	0.0084809416	0.0873862691	-0.1065120863	0.0793479026	-0.0782028108	0.1179970133	-0.0076231606	-0.0311227907	0.0624102051	0.1181319522	-0.0444347511	0.066178881	0.0124387049	0.1488096086	0.0435713658	-0.1576656686	-0.0629307232	0.2472278383	-0.015543471	-0.1152709553	-0.0053715882	-0.0697182912	-0.0642455917	0.1516368755	0.0663840267	0.1275879859	-0.063756686	0.1524640437	0.024665352	-0.0003207275	0.0222723401	0.190051155	-0.2062000532	0.0558498995	0.091541407	-0.080118549	0.1295811194	-0.0683390091	0.0001586626	-0.0011409576	-0.0062713461	-0.1193013622	0.0220562506	0.0436004614	-0.0153974088	0.011621139	0.1079601045	-0.0685975965	-0.0952183134	0.1557750422	-0.0571444003	-0.1100837164	-0.1319008014	-0.0127429321	0.0706814827	0.059046939	-0.0911287655	0.0906543325	-0.0898654396	0.0887648233	-0.0873563013	0.0856447597	-0.0153209781284147	-0.0002010414898307	0.0002347323708113	4.041768063338764e-08	0.0543817095235965	-0.0012629806980726	1.5951202437039609e-06	0.0029573703307088	0.1458650434099198	0.0513754148921634	0.0212766108889777	0.0026394332553419	-0.0030895879941851	-0.0001256446183126	1.578657011094405e-08	9.54555397381271e-06	0.002310906636364	0.0003880342722759	5.340289481991176e-06	1.5057059646076485e-07	-0.001230935424588	-0.0006457830104168	1.5152020195056398e-06	4.170356965429849e-07	0.0	0.0	0.0	0.0	0.0	0.0	0.0	0.0	0.0	0.0	0.0	0.0	0.0	0.0	0.0	0.0	0.0	0.0	0.0	0.0	1.0
3961.8215080438654	-2.0116297665017555	4.046654317475907	15696029.661598967	5308.871673970283	43.6708968923067	1907.147235378483	28184118.45068404	4572.692515522856	1.9903430968952307	20909516.84151875	3.9614656433584976	4645.455993652344	3758.517951989249	1.269902	26.161625	0.1562364645897941	0.1047904544970283	-0.0136219144	-0.0215064434	0.0540372823	0.0466867391	0.0181285917	-0.07722122	0.0859928816	-0.0046152904	-0.0341104807	-0.0507997669	-0.0254854673	0.0202130213	0.016164792	-0.1263333923	0.1240870284	-0.0157022774	0.0367006165	-0.0611107454	-0.0024820944	-0.0380963374	-0.0229607103	-0.0879915461	0.0284713173	-0.0688152527	0.0809884162	-0.0382373409	0.1078412574	0.0235264696	0.0082210966	0.0296429331	-0.0044294123	0.0088130792	0.0980887504	-0.144982618	-0.0229891567	0.0262616035	-0.0148639272	-0.0936754135	0.0662249634	-0.0405769967	-0.0248208226	0.0102946273	0.0431199672	-0.0738628833	0.0562664781	-0.0010161588	0.1072493135	-0.080794931	0.0217047804	0.0736943132	0.0194334408	0.0052924632	-0.0781249812	0.1434767601	0.0238019565	0.0300786608	0.0219627582	-0.0453468755	-0.1367906685	0.067976972	-0.0299695178	-0.0342104612	-0.0542710954	-0.1252681844	0.1189030182	0.0055981583	-0.1080843631	-0.041989199	0.0356965696	-0.062894233	-0.0629832852	-0.0911913037	0.090904137	-0.0904261954	0.0897584821	-0.0889023983	0.0878597406	-0.0125226786254444	0.0027982995029702	0.0001568174799561	7.830480108323826e-06	0.0579311100327117	0.0035494005091152	1.259824397410726e-05	0.0033560135096221	0.0418637322716861	-0.1040013111382336	0.0017525720797154	0.0108162727184716	-0.0034769743523794	-0.0003873863581942	1.500681905150423e-07	1.2089350647104149e-05	0.0019468547548051	-0.0003640518815588	3.790243436307226e-06	1.325337724665753e-07	-0.0010646245955517	0.0001663108290362	1.133425529453621e-06	2.7659291854741384e-08	0.0	0.0	0.0	0.0	0.0	0.0	0.0	0.0	0.0	0.0	0.0	0.0	0.0	0.0	0.0	0.0	0.0	0.0	0.0	0.0	0.0
3949.7572170676094	-12.06429097625596	145.547116759771	15600582.073777666	5287.510287127918	-21.36138684236539	456.3088478291813	27957765.03648356	4562.297702988807	-10.39481253404938	20814560.330696944	108.05212761803008	4639.485984965967	3731.1613859457657	1.163313	23.965752	0.1125971378460676	0.0649305847053017	0.0587305696	0.043887381	0.0166670497	0.0681172269	-0.0645960663	0.0098267989	0.0886825704	-0.0725879089	0.0134556286	0.0257904353	-0.0013275092	-0.067897909	-0.0979056293	-0.0568519845	0.1191310279	-0.018330003	0.0025001	0.003787773	0.1068637283	-0.0342672969	-0.012031249	-0.0521785607	0.0955098992	-0.0447106652	-0.0562241645	0.1466259674	-0.0354879301	-0.0219489622	0.0453450378	0.0015343153	-0.0759517241	-0.1032668989	-0.001033546	-0.0866019893	0.0094080038	-0.0203949113	0.089312878	-0.0737487495	0.0870962739	0.0090830976	-0.0315745939	0.03264061	0.0072857826	-0.0131617854	-0.0034821399	-0.0447590682	-0.1596212652	-0.0649546195	0.0533930479	-0.0372691846	0.0499361345	0.0385624807	0.0319587244	-0.0069462352	0.0840286033	0.0535980363	-0.0797445322	0.0164716792	-0.0589220124	0.0478390831	-0.0565937329	-0.0503199593	-0.0668269376	0.072047656	0.0671539467	0.1205413663	-0.027735968	0.087628041	-0.057604718	0.1078407601	-0.1057366006	-0.0912382167	0.0910916402	-0.0908475206	0.0905061192	-0.0900678015	0.089533037	-0.0158352420547913	-0.0033125634293468	0.0002507548909338	1.097307647344649e-05	0.0256584805629245	-0.0322726294697872	0.0010415226128941	0.0006583576247979	0.0422528093450296	0.0003890770733434	0.0017852998975474	1.513809690015429e-07	-0.0043830311078495	-0.0009060567554701	8.209388441330051e-07	1.9210961692376416e-05	0.0018621570137176	-8.469774108749986e-05	3.4676287437376503e-06	7.173707345325162e-09	-0.0005229217346375	0.0005417028609142	2.73447140556292e-07	2.934419895226292e-07	0.0	0.0	0.0	0.0	0.0	0.0	0.0	0.0	0.0	0.0	0.0	0.0	0.0	0.0	0.0	0.0	0.0	0.0	0.0	0.0	0.0
3944.775795305253	-4.981421762356604	24.81456277447997	15561256.07522619	5302.049255371094	14.538968243175988	211.38159757607983	28111726.30638117	4549.3849362526	-12.912766736207232	20696903.29820207	166.73954478369996	4624.41409131488	3846.8183078586494	1.259294	25.943079	0.0651855233182795	0.03789820899182	-0.0929306856	-0.0019550034	0.0334056308	0.0223880774	0.0821050177	-0.0388048816	0.0186223651	-0.0641363933	-0.0379692368	0.0319343341	-0.0564016729	0.0188491877	0.0121894843	-0.016798377	0.0572436429	0.0817919824	0.0574775723	-0.0086299998	-0.0721684893	-0.0266538954	-0.1335503019	0.0052663047	-0.0595100846	0.0209794032	-0.0433047059	0.063483146	0.0333747942	0.0141590143	0.0678721764	0.0828103725	-0.0062324215	0.0145168316	0.0352511188	-0.0812616068	-0.0417525917	0.1197311239	-0.0160811906	0.034594891	0.0066167579	-0.0295982152	-0.1253986167	-0.024379977	0.0187906244	0.0784864889	0.0122263657	0.0135554023	-0.0186545042	-0.0821437149	-0.0477931878	0.0438986677	-0.056223034	-0.0275170689	-0.0419526798	0.0398345255	-0.0266107967	0.0971287768	0.0081331995	-0.0573889754	-0.0176653669	-0.0037628333	0.0436520129	-0.0433743646	-0.0325973254	0.0032593719	0.0642041235	0.0916181235	-0.018613564	0.0140559227	-0.0348359861	0.0409399548	0.0559117837	-0.0912694965	0.0912167139	-0.0911287655	0.0910056853	-0.0908475206	0.0906543325	-0.0135893229053749	0.0022459191494164	0.0001846696970265	5.044152825715287e-06	0.0301732216011743	0.0045147410382498	2.03828866424569e-05	0.0009104233017935	0.0446713195532879	0.0024185102082583	0.0019955267906319	5.849191627449631e-06	-0.0040237835404806	0.0003592475673689	1.2905881466047246e-07	1.619083398064259e-05	0.0012612359956583	-0.0006009210180593	1.5907162367441831e-06	3.6110606994542563e-07	-0.0003629632616186	0.0001599584730189	1.3174232928481225e-07	2.5586713090538164e-08	0.0	0.0	0.0	0.0	0.0	0.0	0.0	0.0	0.0	0.0	0.0	0.0	0.0	0.0	0.0	0.0	0.0	0.0	0.0	0.0	0.0
3933.9178193630487	-10.85797594220412	117.89564156148346	15475709.409502124	5285.613412591475	-16.435842779618724	270.13692787634494	27937709.1473669	4545.499028854249	-3.885907398350355	20661561.421314925	15.100276308554024	4626.615133522918	3706.553654733496	1.445346	29.775986	0.0421457203132312	0.0253433564685667	0.0368599897	0.1058004103	-0.0423255648	-0.0567156854	-0.0099133423	0.0982458113	0.0339971756	-0.0258186663	-0.0186618381	-0.0140602766	-0.0903799906	-0.0179004196	0.0332476855	-0.0410446873	0.0153517759	0.0754896892	-0.1332729124	0.0972046789	-0.0580548839	0.0135628357	-0.0033325452	0.0486419727	-0.0721751349	-0.0891570495	0.0316034539	0.0106946575	-0.0469283654	-0.0807259141	0.0529059	0.0029063051	0.0481907739	-0.028416828	-0.0228393109	-0.0275363253	-0.1290494226	-0.0572728772	0.0909181039	0.0318471519	-0.0743080342	-0.0571362136	-0.0470121988	-0.0110699263	-0.0259519828	0.0637838698	0.0948834327	-0.0644775988	0.0421060462	-0.0350613129	-0.0265617181	-0.1185964499	0.050992185	-0.0338198986	0.0053904704	0.0601855822	0.066078771	-0.0368311539	-0.0038169221	-0.0213592142	-0.0739559509	-0.0742652642	-0.0507036391	-0.0062903936	0.0398292462	0.0295179939	0.0706829406	-0.0154705459	-0.0704628091	-0.0757021902	-0.0545855148	-0.0542621192	-0.0306122141	-0.0912851377	0.0912792721	-0.0912694965	0.0912558111	-0.0912382167	0.0912167139	-0.0155560047168705	-0.0019666818114956	0.0002419892827512	3.86783734766762e-06	0.040040007326894	0.0098667857257196	9.7353460557266e-05	0.0016032021867377	0.044232469604772	-0.0004388499485159	0.001956511367337	1.9258927731241058e-07	-0.0044867079802809	-0.0004629244398003	2.142990369644219e-07	2.0130548500316315e-05	0.001272094566437	1.0858570778700003e-05	1.618224585958539e-06	1.179085593560376e-10	-0.0004866483075896	-0.000123685045971	2.3682657527982197e-07	1.5297990596848388e-08	0.0	0.0	0.0	0.0	0.0	0.0	0.0	0.0	0.0	0.0	0.0	0.0	0.0	0.0	0.0	0.0	0.0	0.0	0.0	0.0	0.0
