global_signal	global_signal_derivative1	global_signal_derivative1_power2	global_signal_power2	csf	csf_derivative1	csf_power2	csf_derivative1_power2	white_matter	white_matter_derivative1	white_matter_derivative1_power2	white_matter_power2	csf_wm	tcompcor	std_dvars	dvars	framewise_displacement	rmsd	t_comp_cor_00	t_comp_cor_01	t_comp_cor_02	t_comp_cor_03	t_comp_cor_04	c_comp_cor_00	c_comp_cor_01	c_comp_cor_02	c_comp_cor_03	c_comp_cor_04	c_comp_cor_05	w_comp_cor_00	w_comp_cor_01	w_comp_cor_02	w_comp_cor_03	w_comp_cor_04	w_comp_cor_05	w_comp_cor_06	w_comp_cor_07	w_comp_cor_08	w_comp_cor_09	w_comp_cor_10	w_comp_cor_11	w_comp_cor_12	w_comp_cor_13	w_comp_cor_14	a_comp_cor_00	a_comp_cor_01	a_comp_cor_02	a_comp_cor_03	a_comp_cor_04	a_comp_cor_05	a_comp_cor_06	a_comp_cor_07	a_comp_cor_08	a_comp_cor_09	edge_comp_00	edge_comp_01	edge_comp_02	edge_comp_03	edge_comp_04	edge_comp_05	edge_comp_06	edge_comp_07	edge_comp_08	edge_comp_09	edge_comp_10	edge_comp_11	edge_comp_12	edge_comp_13	edge_comp_14	edge_comp_15	edge_comp_16	edge_comp_17	edge_comp_18	edge_comp_19	edge_comp_20	edge_comp_21	edge_comp_22	edge_comp_23	cosine00	cosine01	cosine02	cosine03	cosine04	cosine05	trans_x	trans_x_derivative1	trans_x_power2	trans_x_derivative1_power2	trans_y	trans_y_derivative1	trans_y_power2	trans_y_derivative1_power2	trans_z	trans_z_derivative1	trans_z_derivative1_power2	trans_z_power2	rot_x	rot_x_derivative1	rot_x_power2	rot_x_derivative1_power2	rot_y	rot_y_derivative1	rot_y_power2	rot_y_derivative1_power2	rot_z	rot_z_derivative1	rot_z_power2	rot_z_derivative1_power2	motion_outlier00	motion_outlier01	motion_outlier02	motion_outlier03	motion_outlier04	motion_outlier05	motion_outlier06	motion_outlier07	motion_outlier08	motion_outlier09
2179.3396864627266	n/a	n/a	4749521.468991456	3007.1893661407653	n/a	9043187.883830098	n/a	2562.675632476806	n/a	n/a	6567306.397290398	2683.5969247279063	2174.3301748978465	n/a	n/a	n/a	n/a	0.036856587	-0.0332749968	0.0386296454	-0.0602491405	0.0341523851	0.01880257	-0.0296367304	0.0137383824	0.0302328676	-0.0335006724	0.051275613	0.0508424964	-0.0164076472	0.0660427947	-0.0844376766	-0.0557500864	0.0320063819	-0.0217949499	0.0526947887	-0.0376140411	0.0325252128	-0.0235408814	0.0072640989	-0.0476504168	-0.0075986831	0.0623079611	-0.0291121733	0.0293216107	-0.0119656315	0.0528899629	-0.03043027	-0.0436390159	0.0042408229	-0.1018141394	0.015208272	-0.1007934591	0.0282767829	-0.0396775205	0.0296190478	0.001580315	0.0874924785	-0.1054862111	-0.0516545651	0.0476808619	-0.0452687268	0.0676354386	-0.0922427482	0.2143681653	-0.0529842196	0.061339524	-0.0470520868	0.0164618128	-0.0643130562	0.0131898079	0.090745406	-0.1160387166	0.0413086151	-0.0159221395	0.0626453404	-0.0284721137	0.0912851377	0.0912792721	0.0912694965	0.0912558111	0.0912382167	0.0912167139	0.0245406823951981	n/a	0.0006022450924219	n/a	0.0016703237756843	n/a	2.789981515616256e-06	n/a	0.0195099718998363	n/a	n/a	0.0003806390035324	0.0033881695170249	n/a	1.1479692676096744e-05	n/a	-0.0007470153550783	n/a	5.580319407227585e-07	n/a	0.0017632725115301	n/a	3.1091299499176663e-06	n/a	0.0	0.0	0.0	0.0	0.0	0.0	0.0	0.0	0.0	0.0
2179.2551988580253	-0.0844876047012803	0.0071381553481598	4749153.221749731	3016.065565280572	8.876199139806886	9096651.494071215	78.7869111695085	2552.977058997521	-9.698573479285187	94.06232753309398	6517691.863767631	2679.2562688504154	2193.96925146538	0.944957	19.919853	0.117882206765325	0.0701319801276299	0.0405610144	-0.0253509766	0.0890588137	-0.0237253132	-0.0286703355	-0.0362127465	0.0650288713	-0.0608083231	0.0588792306	0.013144538	0.0173529742	-0.0331105186	-0.0125515314	-0.0666588437	-0.024933112	-0.0130442406	0.0470761165	0.0077115912	-0.0390735084	-0.0144208145	0.0318656756	-0.1159988934	0.009047228	-0.003199718	0.0269499358	-0.0056421231	-0.0046171855	-0.0330053318	-0.0134233323	-0.0771121513	0.0139994171	0.0622777589	0.0451063487	-0.0475222445	0.0162817132	0.0087278103	0.012396496	-0.0056259474	0.0283262923	0.0290840713	-0.0756780468	-0.1164021333	-0.0153700012	0.0168428155	-0.0757395574	0.120985124	-0.1229854856	0.0872435496	-0.0845122991	0.0595285817	-0.0426034619	-0.0248090238	-0.0164937139	-0.0856673635	-0.0872257133	0.0247051483	-0.0454735771	0.0649412914	0.0360426683	-0.0095330493	0.0912694965	0.0912167139	0.0911287655	0.0910056853	0.0908475206	0.0906543325	0.024986076161511	0.0004453937663128	0.0006243040019488	1.983756070703878e-07	0.0014424577524607	-0.0002278660232236	2.080684367633974e-06	5.1922924539738265e-08	0.0670120141474299	0.0475020422475935	0.0022564440176921	0.0044906100400953	0.0025191308647874	-0.0008690386522374	6.346020313924515e-06	7.552281790827698e-07	-0.0012712819648137	-0.0005242666097354	1.6161578340605815e-06	2.748554780834503e-07	0.0017641053441211	8.328325910001398e-07	3.112067665156625e-06	6.936101246320062e-13	0.0	0.0	0.0	0.0	0.0	0.0	0.0	0.0	0.0	0.0
2181.2191894326515	1.963990574626223	3.8572589772206416	4757717.152349234	3021.604782013122	5.539216732549903	9130095.458684567	30.682922010160823	2558.452778155988	5.4757191584672	29.983500302404742	6545680.618054094	2685.211433504372	2226.879599967198	1.000217	21.084732	0.0642945799921056	0.0360910252339549	0.0351321363	0.0282660064	0.0472273636	0.0992545131	-0.0206891658	0.0485186645	-0.0128265107	0.0658160332	0.1053080253	-0.078514823	0.0474535919	0.0124740869	0.0195059636	0.0804530262	0.0318845307	-0.0270365736	0.091304363	0.0326180455	-0.0177535181	0.0067485399	0.110379132	-0.0147419141	-0.027518737	-0.1159358475	0.0878344013	-0.0669138143	0.012635013	0.0343816551	0.0320926322	0.0672691042	-0.0056691931	0.0059223279	0.0610095017	0.013091433	0.0606617635	0.1040389641	0.0100848838	-0.0110426383	-0.02840402	-0.0637546754	0.0557630242	-0.0709780159	-0.0052268025	-0.0212365741	-0.0339862726	0.1850609389	-0.022195327	0.0941392037	-0.1176265908	0.0144973915	0.010824278	0.0476998193	-0.0767586113	0.0669359903	0.0038373914	-0.0858076325	-0.0154551078	0.0363425407	0.092516462	0.0252051152	0.0912382167	0.0910916402	0.0908475206	0.0905061192	0.0900678015	0.089533037	0.0005713914650016	-0.0244146846965093	3.264882062766747e-07	0.0005960768288299	0.0013848962361606	-5.756151630009992e-05	1.917937584931796e-06	3.313328158766669e-09	0.0669832656780187	-2.8748469411199465e-05	8.26474493486671e-10	0.004486757880892	0.0027157424077758	0.0001966115429883	7.375256825391898e-06	3.865609883627933e-08	-0.0010771622571725	0.0001941197076411	1.1602785282769552e-06	3.768246089470494e-08	0.001358964888553	-0.000405140455568	1.846785568319868e-06	1.641387887379276e-07	0.0	0.0	0.0	0.0	0.0	0.0	0.0	0.0	0.0	0.0
2180.656184847065	-0.563004585586441	0.3169741633913601	4755261.396511758	3024.0574932897875	2.452711276665468	9144923.722722111	6.015792606681951	2566.3326087364785	7.879830580490307	62.0917299772302	6586063.058664179	2687.2552134071	2184.5616431431463	1.070447	22.565203	0.0347228280539506	0.0215412640143192	0.0193032431	0.0823849064	-0.0679727242	0.0058741903	-0.0283607988	-0.0129762244	0.0536999544	0.1020763048	0.0314631572	-0.0208253937	-0.0084628	0.095467358	-0.0484905529	-0.0353699947	-0.0190127081	-0.0353634142	-0.0357853912	-0.0910069374	0.0334608807	0.0157799336	-0.0211430444	-0.1434814613	0.0547518641	-0.0700283075	0.005554747	-0.0421002265	-0.0795488623	0.0485527854	-0.0658477701	-0.0332505226	-0.0357748582	-0.110382111	0.0546926751	-0.0076889912	-0.0410614825	0.0369552704	0.0034330846	-0.0002983126	-0.024498826	0.0959981881	-0.0114626783	-0.1154635615	-0.0017925957	0.0113031932	-0.0869861669	0.1180055816	0.032203964	0.1258082582	-0.0289620585	0.0680061318	0.0624705623	0.0442593577	0.0589662489	-0.0944007857	-0.0903817766	-0.0159027428	0.0242789572	0.0455319367	-0.1382110184	-0.0768797667	0.0911913037	0.090904137	0.0904261954	0.0897584821	0.0889023983	0.0878597406	0.0072227634524608	0.0066513719874592	5.2168311890203455e-05	4.424074931555695e-05	0.0015837881089311	0.0001988918727705	2.50838477399155e-06	3.9557977054156784e-08	0.0671020649773197	0.000118799299301	1.4113273514409392e-08	0.0045026871242204	0.002803059881598	8.731747382220018e-05	7.857144699824195e-06	7.624341234690614e-09	-0.0014079074001034	-0.0003307451429308	1.9822032472659157e-06	1.0939234957238142e-07	0.0014959775696883	0.0001370126811352	2.237948889010512e-06	1.8772474791883337e-08	0.0	0.0	0.0	0.0	0.0	0.0	0.0	0.0	0.0	0.0
2175.093101749623	-5.563083097441904	30.94789354904381	4731030.001278797	3001.671657904893	-22.385835384894563	9010032.74186951	501.1256258795975	2556.2015125568096	-10.13109617966893	102.6391098017024	6534166.172797721	2676.369279041337	2166.601333752013	0.999886	21.077765	0.0825949747256962	0.0486481284877743	0.0214651372	0.0270644313	-0.0779343181	-0.061661435	0.0271621363	-0.0394629645	-0.0219326852	-0.0477048742	-0.0257890892	0.0599115187	0.011288443	-0.0143471778	0.0750520857	0.0184288794	-0.011631173	-0.0326382091	0.0731311136	0.0615997252	0.042815441	-0.0527548622	-0.1012110316	0.0886895415	0.0654122573	-0.0809538626	0.1145197549	-0.106977353	-0.0132234648	-0.0311143395	0.0715241378	0.0119453513	-0.0077900944	-0.0051911744	-0.0424540839	0.0095270381	-0.1238712484	0.0844747765	0.0202622461	-0.0018923828	0.0380446445	-0.0774200692	-0.0037470295	-0.1362481322	-0.0066361445	-0.0181755489	-0.0955382488	0.0286272685	0.0165966452	0.1673856211	-0.0688649814	0.007677743	0.0020719557	-0.0302018901	-0.0397270464	0.1716655254	0.0359627715	0.094984539	-0.1318321679	-0.0150753766	0.0467073234	-0.0465764652	0.0911287655	0.0906543325	0.0898654396	0.0887648233	0.0873563013	0.0856447597	0.0006578467211397	-0.0065649167313211	4.327623085142542e-07	4.309813168917971e-05	0.0010275447178713	-0.0005562433910598	1.0558481472252095e-06	3.094067100977057e-07	0.085535813372175	0.0184337483948553	0.0003398030798848	0.0073163753692395	0.0019759772884763	-0.0008270825931217	3.904486244574151e-06	6.840656158449156e-07	-0.0012099092283957	0.0001979981717076	1.4638803409570783e-06	3.9203275999591835e-08	0.0016116981290281	0.0001157205593398	2.597570859112678e-06	1.3391247853916197e-08	0.0	0.0	0.0	0.0	0.0	0.0	0.0	0.0	0.0	0.0
2174.574966544864	-0.5181352047593464	0.2684640904110098	4728776.285123596	3008.7594608146987	7.08780290980576	9052633.493041957	50.23695008825099	2552.1046180725098	-4.09689448429981	16.784544415486206	6513237.981587031	2680.37077162834	2167.716850827312	0.920226	19.398508	0.0669873309295061	0.0329836304061512	0.0411416438	0.0015699937	0.0236093839	-0.0810991089	0.0114059239	0.0281815977	-0.033511503	-0.0912239136	-0.0128713264	-0.0270810416	0.0379338485	-0.0294981842	-0.0755606313	0.0172581752	-0.0497928988	0.015153411	0.0048200808	-0.0630431071	0.0998574501	-0.0263163023	0.0671769962	-0.0406510447	0.0756223604	-0.0641485426	-0.0410233419	-0.1419942613	0.040666084	0.010937525	-0.0738219736	0.0183756701	-0.039430476	0.0685783004	-0.0141762792	0.007320933	-0.0745508661	-0.0743952919	0.0136905145	-0.0329618657	0.0372207571	0.0877389342	0.0329712607	-0.0986531948	0.0067049921	-0.0113362348	-0.0878989819	0.0433437009	-0.1047492069	0.1278839704	-0.0649914266	-0.0230807078	0.0676984505	0.0149992848	0.0219187457	-0.0940900404	0.0156783346	-0.0609984691	0.0348236231	-0.0295292632	-0.1141384379	0.0100579497	0.0910506129	0.0903423981	0.0891661178	0.0875278662	0.0854361313	0.0829017503	0.0102830418999104	0.0096251951787707	0.0001057409507153	9.264438222943073e-05	0.0010765531162491	4.900839837780006e-05	1.1589666121056484e-06	2.4018231115571554e-09	0.0640782105719424	-0.0214576028002325	0.0004604287179325	0.0041060170701021	0.0024084547171649	0.0004324774286885	5.800654124633858e-06	1.8703672632510305e-07	-0.001076879633276	0.0001330295951197	1.1596697445646523e-06	1.7696873177711323e-08	0.0017633015962623	0.0001516034672342	3.109232519381176e-06	2.2983611277431167e-08	0.0	0.0	0.0	0.0	0.0	0.0	0.0	0.0	0.0	0.0
2178.3191837368618	3.7442171919979046	14.019162380852674	4745074.466236028	3012.1485953873503	3.3891345726515283	9073039.160693986	11.486233151541857	2555.9894309410683	3.884812868558584	15.091771023718367	6533081.971082446	2679.056810308733	2200.3585036651434	0.894258	18.851095	0.0450596117327605	0.0207560223575755	0.033267515	-0.0108887047	0.0924390486	-0.0360238924	-0.0481759258	-0.0083610236	0.0181866266	-0.0739330977	0.0653936836	0.0213271718	-0.0073500654	-0.0088774342	0.0937318275	-0.0619616204	-0.0005646922	-0.0185468247	0.0463537678	0.0299884883	-0.0681004989	-0.0059817189	0.0684717591	0.0041712139	0.0179735786	0.0556642297	0.082193526	-0.0240393642	-0.001653703	-0.0141074482	0.0865050589	-0.0632841561	0.0282572627	0.0569226442	0.0412911145	0.0246524604	0.0639240933	-0.0126382582	0.0050176849	0.0021348111	-0.010330408	-0.057864379	-0.0571217485	-0.0938721306	-0.011320594	-0.0002434857	-0.0750352216	0.0935464913	-0.1221380191	0.0515777101	-0.0654794278	0.03036649	-0.00453251	0.0488647272	0.0121459625	0.0019265026	-0.0633984492	0.0285494572	-0.0407880365	0.0593971822	0.0169250018	0.0214221377	0.0909568593	0.0899685475	0.0883293083	0.0860510014	0.0831501106	0.0796476241	0.0154033185659585	0.0051202766660481	0.0002372622228444	2.621723313687665e-05	0.0110699752768681	0.009993422160619	0.0001225443526304	9.986848648035094e-05	0.0640968269307009	1.861635875849421e-05	3.4656881342496407e-10	0.0041084032225842	0.0022681781393802	-0.0001402765777846	5.144632071962227e-06	1.967751827498693e-08	-0.0009298544893248	0.0001470251439511	8.646293713174847e-07	2.161639295387108e-08	0.0014520573870515	-0.0003112442092107	2.10847065529083e-06	9.687295776725623e-08	0.0	0.0	0.0	0.0	0.0	0.0	0.0	0.0	0.0	0.0
2185.2283950321403	6.90921129527851	47.73720072280415	4775223.138454744	3025.9655502227965	13.816954835446268	9156467.511135152	190.908240924762	2568.481538625864	12.492107684795428	156.052754408525	6597097.414261885	2687.876272215597	2201.0977974607235	1.076106	22.684481	0.137276651413645	0.0666974702367028	0.0360133263	0.0656023871	0.0455615041	0.0357139767	-0.0505208455	0.0027226586	0.1263257739	0.0063506155	0.149061953	-0.0312255412	-0.0811118112	0.1123253803	-0.0070209864	0.0513028843	-0.066001101	-0.0061837744	0.0119076704	0.0019869634	-0.0094422113	0.0331559378	0.0779287539	-0.1178095388	-0.0678001254	-0.1508770869	-0.1005146255	-0.1269040307	-0.0922875294	0.0675339886	-0.010059719	0.0485472068	-0.0141830121	0.0358731624	0.1089641622	-0.0103505254	-0.0103020706	0.0401446611	0.0024874937	-0.01796388	-0.0581324765	0.0232169693	0.0821850589	-0.1056191286	-0.0055173606	0.0101264119	-0.0919281623	0.2311013635	-0.0239939121	0.1384719791	-0.0759952191	0.0748356256	0.0089914919	0.0483182133	0.0449878988	-0.044152541	0.0401676848	-0.1044053206	0.0208304313	0.0500477199	0.0867161714	0.0374151551	0.0908475206	0.089533037	0.0873563013	0.0843382767	0.0805080284	0.0759024438	0.0466813550707598	0.0312780365048013	0.0021791489112423	0.0009783155675956	0.0300431019989702	0.0189731267221021	0.0009025879777205	0.0003599795376129	0.0781237198519875	0.0140268929212866	0.0001967537250252	0.0061033156035118	0.0028703161790082	0.000602138039628	8.238714967476234e-06	3.625702187670509e-07	-0.0015275482436534	-0.0005976937543286	2.3334036366885874e-06	3.5723782396341695e-07	0.001712197498404	0.0002601401113525	2.931620273540916e-06	6.76728775344911e-08	0.0	0.0	0.0	0.0	0.0	0.0	0.0	0.0	0.0	0.0
2183.203413306362	-2.024981725778161	4.100550989735501	4766377.14387255	3020.7769263718656	-5.1886238509309806	9125093.238900656	26.92181746644984	2570.4711940471943	1.9896554213305533	3.9587286956300622	6607322.159426409	2690.234083170973	2173.03940013417	1.258667	26.532904	0.311441653616944	0.1430953639806206	0.0133587443	0.0403802251	-0.0954624667	0.039718361	-0.0099194994	0.0216966518	0.0086244137	0.0463167398	-0.0905094011	0.0091035588	-0.0664761662	0.1561708511	0.0273686277	-0.1083513306	0.007441825	-0.0459746058	-0.0834499971	0.0068787034	-0.0062224598	-0.0060687601	-0.1095008383	-0.0111828208	0.0460218213	-0.052409528	-0.0206918989	0.0670385573	-0.0976802036	0.0848712409	0.0152497236	-0.1038410133	-0.0472778143	-0.1143469615	-0.0068607869	0.0897122807	-0.0236231534	-0.0706753627	-0.0098701462	0.0257076487	-0.0610905955	0.037776128	-0.0799857355	0.0112335162	-0.0818996141	0.0627750209	0.0340317087	0.0354102766	0.0973994725	0.0455786076	0.090063231	0.0703557951	-0.0090229388	0.0047382083	-0.0174862064	0.0017444978	-0.0670334798	0.0283635895	-0.1314907335	0.1001175365	-0.0102978369	-0.2285859823	0.0907226157	0.089036165	0.0862485974	0.0823943867	0.0775211985	0.0716892996	0.0022802145774107	-0.0444011404933491	5.1993785190362575e-06	0.0019714612771101	0.0023501746118057	-0.0276929273871645	5.523320705976072e-06	0.0007668982272707	0.0050865630804821	-0.0730371567715054	0.0053344262692654	2.587312397172355e-05	0.0017141299944161	-0.0011561861845921	2.938241637756939e-06	1.3367664934416376e-06	-0.0003729030379424	0.001154645205711	1.39056675706671e-07	1.3332055510713976e-06	0.0006968203094086	-0.0010153771889954	4.85558543604297e-07	1.0309908359322005e-06	0.0	0.0	0.0	0.0	0.0	0.0	0.0	0.0	0.0	0.0
2181.183172032605	-2.020241273757165	4.081374804191972	4757560.0299582165	3031.1566136525776	10.379687280712004	9187910.41648976	107.73790804537458	2557.110058124249	-13.361135922945325	178.51995315141997	6538811.849360201	2687.156210109701	2173.326781256157	1.288587	27.163616	0.2098220962688249	0.0930538842949282	-0.041423299	-0.0263532203	-0.096681967	-0.0388459002	0.084389981	0.0345989158	0.0251009443	-0.051778362	-0.1772420365	0.0128684479	0.0011420771	0.0291666633	-0.0212492729	0.0688162681	0.0610926463	0.0169574956	0.0236086499	0.0050605454	0.1055002116	-0.0017139031	-0.0445902907	0.0657989369	0.0620232036	0.1005723485	-0.0575879652	-0.0062712796	0.002303054	0.0696019877	-0.0038951234	0.0504670867	0.0116565021	0.0370066894	-0.123151831	0.0275269179	-0.1223209364	0.0222737412	-0.0035792583	0.014543318	0.0036613587	-0.0315060677	0.0741116146	-0.0035052745	-0.0563350659	-0.0070187829	0.1206401343	-0.2205236417	0.1449926549	-0.0807476788	-0.0469190432	-0.0574725945	-0.1187256455	-0.0449533723	0.0838831024	0.1504454425	0.0255121989	0.1220482739	0.1035647406	-0.2187226692	0.080933614	-0.0720246906	0.090582166	0.0884782721	0.0850079043	0.0802246594	0.0742024108	0.0670341672	0.0404831030545977	0.038202888477187	0.0016388816329291	0.0014594606880003	-0.0002558948716853	-0.0026060694834909	6.548218535483617e-08	6.791598152783046e-06	0.040956812946284	0.0358702498658018	0.001286674825435	0.0016774605267168	0.0008659325751853	-0.0008481974192308	7.498392247670453e-07	7.194388619897895e-07	0.000981001643775	0.0013539046817174	9.62364225089252e-07	1.833057887176294e-06	0.0011575759773073	0.0004607556678987	1.339982143238951e-06	2.122957855007772e-07	0.0	0.0	0.0	0.0	0.0	0.0	0.0	0.0	0.0	0.0
2176.603736949556	-4.579435083048793	20.971225679858104	4737603.827702773	3010.746041851843	-20.410571800734488	9064591.72852654	416.5914412329379	2548.348155975342	-8.761902148907211	76.7709292670248	6494078.324062925	2673.67720995254	2161.7076863517536	1.087666	22.928162	0.1149594586979315	0.0457436955788082	0.014057898	-0.0081490869	-0.0451266326	-0.0692890266	0.0127046554	-0.0320542107	-0.0187512162	-0.0657810933	-0.0665873726	0.0812961776	0.0042817736	-0.0438705717	-0.0461101534	-0.0859048831	0.0155196698	0.0484896267	0.0283171482	-0.0320273285	0.0246508312	0.0323108509	-0.0203706174	-0.005965258	0.002222537	0.1224140101	0.0275152449	0.107338321	0.0333347441	-0.0390746853	-0.0585931413	-0.0732489216	0.0048016087	0.0669694704	-0.0729933499	0.0378503511	-0.0320865678	0.0045227634	0.004452826	-0.0074402305	0.0148435146	0.0633233525	-0.0676434229	-0.0117169818	-0.0225842559	-0.0314327674	0.0394777667	-0.1232315223	0.0401165279	-0.0202863324	-0.0022012367	-0.0785751789	-0.0035264002	-0.0439762925	0.009013276	-0.1042547162	-0.0968815964	0.0521322889	0.027286567	-0.0466147485	-0.0521777403	-0.0571688018	0.0904261954	0.0878597406	0.0836361352	0.0778350419	0.0705658771	0.0619657467	0.0236056950777339	-0.0168774079768638	0.0005572288401029	0.0002848469000175	-0.011281930320834	-0.0110260354491487	0.0001272819517641	0.0001215734577258	0.025862692739615	-0.0150941202066689	0.0002278324648133	0.0006688788757437	0.0013153555464497	0.0004494229712643	1.730160213575989e-06	2.019810071001217e-07	0.0003750092664631	-0.0006059923773118	1.4063194993319233e-07	3.672267613601281e-07	0.0007737534245786	-0.0003838225527287	5.986943620471112e-07	1.4731975198317578e-07	0.0	0.0	0.0	0.0	0.0	0.0	0.0	0.0	0.0	0.0
2179.5073605626385	2.9036236130823454	8.431030086449374	4750252.334746719	3019.462348252713	8.716306400870053	9117152.872515788	75.97399727384825	2549.6203443087065	1.2721883333647384	1.6184631555493507	6500563.900112847	2677.228741095166	2186.77906951012	0.928105	19.564602	0.0676677960537475	0.0535497633005129	0.0161616501	-0.0384699961	0.0515810197	-0.0626199673	-0.0362566113	-0.0004324757	0.0028176578	-0.0782104671	-0.0642072992	0.025071722	-0.0146672776	-0.0348497591	0.0730013719	0.0514296752	0.0580339085	0.0436101272	0.0241842103	0.0154875474	-0.0478695409	-0.0322451853	0.0762780355	0.124351153	0.0520522348	0.0673305167	0.0226049181	0.0091219092	0.0319828087	-0.003039887	0.0859999063	0.0488871509	0.0556117762	0.1197797501	-0.031535028	0.0443352581	0.0815058751	-0.0687204895	-0.0160655958	-0.0045719887	-0.0433293369	-0.0866853808	0.0244072611	0.0248452802	-0.0166458877	-0.0493979096	0.0342400198	-0.1150242508	-0.0410073774	-0.0892174704	0.0295492147	-0.1508644106	-0.0891977169	0.0452147123	-0.0115157455	0.0555385015	0.0613430448	-0.0107168764	-0.0012846881	-0.0450138672	0.1145346935	-0.0057666431	0.0902547308	0.0871809944	0.0821354052	0.075232084	0.0666271694	0.0565152869	0.0238496579555231	0.0002439628777892	0.0005688061845954	5.95178857391895e-08	-0.0114251628904753	-0.0001432325696412	0.0001305343470738	2.0515569006049713e-08	0.027147537385467	0.001284844645852	1.6508257639745528e-06	0.0007369887860953	0.0003227597093139	-0.0009925958371358	1.0417382995639323e-07	9.852464958993198e-07	0.0004851600055464	0.0001101507390832	2.353802309817829e-07	1.213318532059723e-08	0.0009909219675688	0.0002171685429901	9.819263458104217e-07	4.716217606448631e-08	0.0	0.0	0.0	0.0	0.0	0.0	0.0	0.0	0.0	0.0
2182.781071264599	3.273710701960681	10.717181760131895	4764533.205071031	3030.1042670518336	10.641918799120504	9181531.86920573	113.25043572707438	2557.221449631911	7.601105323204592	57.77680213444919	6539381.542457533	2679.5433528065973	2193.0100130672345	0.929664	19.597467	0.0656085201300926	0.0310821609124658	0.0167164974	-0.03450155	0.0869546252	0.0205412257	-0.0716431545	-0.016316357	0.088864327	-0.0145065689	0.0430610335	-0.0774667338	-0.0685485443	0.0489090318	-0.0724951173	-0.0174750683	0.0227945092	0.0528011015	-0.0544485462	-0.0322781946	-0.0370172864	0.0137822224	0.0545469854	-0.0141559741	-0.0317251182	0.0333345225	-0.0642921242	0.0001458576	-0.0522315885	0.0210196302	-0.089869366	-0.001299568	0.0335204387	0.0413765857	0.0297626164	-0.0031171371	0.044649548	-0.0308531455	-0.0270159501	0.0192077765	-0.0490242823	0.0935592783	0.0067442141	0.02655958	-0.0222052146	0.0210068673	0.0495514453	-0.0127217732	-0.0098111625	-0.1973797662	0.0665205857	-0.1219039351	-0.0324276494	0.0044041242	0.0788792618	-0.1367900864	-0.1146087204	-0.0152392144	0.1006678594	-0.0526414355	-0.0177635679	0.001200914	0.0900678015	0.0864424987	0.0805080284	0.0724229201	0.062403154	0.0507163915	0.0237293033774221	-0.000120354578101	0.0005630798387777	1.4485224469869876e-08	0.0049485611476143	0.0163737240380896	2.448825743167776e-05	0.0002680988388755	0.0410650113004891	0.013917473915022	0.0001936960801753	0.0016863351531092	0.0001468909517881	-0.0001758687575257	2.157695171721392e-08	3.092981987366863e-08	0.0003930402722909	-9.211973325549998e-05	1.544806556425048e-07	8.486045255064469e-09	0.0005549711063725	-0.0004359508611962	3.079929289083168e-07	1.9005315337779558e-07	0.0	0.0	0.0	0.0	0.0	0.0	0.0	0.0	0.0	0.0
2181.8983702047303	-0.8827010598688503	0.7791611610935916	4760680.497902058	3022.850365187593	-7.253901864240561	9137624.330314765	52.61909225603269	2558.3027020967925	1.081252464881345	1.1691068928119843	6544912.71555575	2675.138116560053	2178.3718083811086	1.042025	21.966053	0.0591192181688622	0.0296049409042599	0.0046519823	0.027903391	-0.0747144827	0.0612832368	-0.0328739385	-0.0274550176	0.0355463214	0.1035393925	-0.0760171716	0.0128753368	-0.1071475207	0.0571285107	0.0872601228	-0.0323715642	0.0105050633	0.0025750438	-0.067293266	0.0623185641	-0.043033109	0.0234212919	-0.059245701	0.1332420262	0.0503008468	0.0254549976	0.0765704629	-0.0254783884	-0.0805464131	-0.0118173252	0.0861977493	-0.0248497621	-0.0104500686	-0.0375618527	0.0280036566	0.0605135869	-0.0052188868	-0.0061283462	-0.0150890895	0.0319674479	-0.043231506	-0.0720024335	-0.0460260705	0.0220079016	-0.0249319514	-0.0064668339	0.0247443995	-0.0454957333	0.1149426228	-0.1308330434	0.1205506778	-0.0303234854	-0.0182794884	-0.0122221196	0.0663213439	0.086678083	-0.0538146497	0.0441057821	0.0329283044	0.0106540081	-0.0104702502	-0.034182033	0.0898654396	0.0856447597	0.0787565141	0.06941525	0.0579119187	0.0446048127	0.0053658289485127	-0.0183634744289094	2.879212030469691e-05	0.0003372171931012	0.0031157287962741	-0.0018328323513402	9.707765931931652e-06	3.3592744281192463e-06	0.0337909772871114	-0.0072740340133777	5.2911570827775695e-05	0.001141830146018	0.0004908168718	0.0003439259200118	2.409012016435376e-07	1.1828503845603181e-07	0.0004891833459077	9.614307361679996e-05	2.393003459134524e-07	9.243490604485418e-09	0.0007478796602485	0.0001929085538759	5.593239862134118e-07	3.7213710158529586e-08	0.0	0.0	0.0	0.0	0.0	0.0	0.0	0.0	0.0	0.0
2176.9730088990705	-4.925361305659862	24.259183991291422	4739211.481475072	3005.068955838324	-17.78140934926887	9030439.429343237	316.1785184462664	2547.772497030405	-10.53020506638768	110.88521874017675	6491144.696624544	2669.743684735872	2159.266303257636	1.002242	21.127411	0.0517528580735765	0.036919527018805	0.0004064109	-0.0130767392	-0.086171264	-0.0484454131	0.0356305059	-0.0108738811	-0.0313631659	-0.0720925873	-0.1010863494	-0.0042732302	-0.0145817282	-0.0304111721	-0.0778798394	0.0355823199	0.0005100661	-0.0140223105	-0.0416815005	0.0194407755	0.1048467344	-0.0282008474	0.015865457	0.0467310917	0.0614849423	0.0438819843	-0.0610846618	-0.0052233739	0.0155031714	-0.0287205794	-0.0635638404	0.0348735282	-0.0076592856	0.0218861959	-0.0754938422	-0.0110754044	-0.1366005488	-0.0410945039	-0.0052016727	-0.0213263701	0.0307491038	0.0532260054	0.0571631059	0.0269310693	-0.0112363747	-0.0139768768	0.0176283086	-0.1258718461	0.0449353144	-0.0729779022	0.0967937844	-0.0650770003	0.0194163239	-0.076518101	0.0715677529	-0.0405414798	-0.0413139073	0.0047329951	0.1840476536	-0.0789119549	-0.0812492093	0.0194389672	0.0896476797	0.084788324	0.0768835629	0.0662173176	0.0531726956	0.0382182304	0.0053499406585615	-1.5888289951200563e-05	2.862186505012945e-05	2.524377575734208e-10	0.0012744139043405	-0.0018413148919336	1.6241307995763969e-06	3.390440531256445e-06	-0.0008509092405404	-0.0346418865276517	0.0012000603021947	7.240465356370404e-07	0.0003228680298788	-0.0001679488419211	1.042437647178177e-07	2.8206813502672218e-08	0.0003521204737293	-0.0001370628721783	1.2398882801934665e-07	1.87862309297924e-08	0.0007479433134297	6.365318120000759e-08	5.594192001041985e-07	4.0517274768809975e-15	0.0	0.0	0.0	0.0	0.0	0.0	0.0	0.0	0.0	0.0
2175.5342160829628	-1.438792816107707	2.0701247676831462	4732949.125347711	3011.7603748801225	6.691419041798326	9070700.555698056	44.77508879294123	2543.1567503122183	-4.615746718186529	21.30511776644971	6467646.2566586025	2675.204353951119	2177.645965174625	1.05122	22.159878	0.0299149778859277	0.024213954793844	0.0178069905	-0.0662177232	0.0484243597	-0.0402238083	0.0193927827	0.0425646598	-0.0495119668	-0.0665772549	-0.0440213673	-0.002518125	2.11647e-05	-0.0792335538	0.0509674906	-0.0512223025	0.0413087937	-0.0136386777	0.0009482169	0.0188534813	-0.117620094	-0.0120365992	0.044192773	0.0218275322	-0.0005561987	0.0073780736	0.0328786425	0.0453173328	0.0925041045	-0.0076632763	0.0425567986	-0.0596941021	0.013542926	0.0954618721	0.0222021273	0.0458447193	0.0852614356	-0.0106211226	-0.0116007447	-0.0132797247	0.013998009	-0.0547687867	-0.0856072884	0.0513908749	-0.0113166711	-0.038176553	0.0323829214	-0.0995794815	-0.0496592486	-0.1120929544	0.0427731659	-0.0298683268	-0.0782214759	-0.0372628562	-0.0155390263	0.0126560109	0.0216356083	0.0667755965	-0.067253451	-0.0093657605	0.0264099286	-0.0293178144	0.0894145591	0.0838737786	0.0748920628	0.0628378881	0.0482057789	0.0315960199	0.0053214526575686	-2.8488000992899463e-05	2.831785838674392e-05	8.115662005714407e-10	-0.0068335144058124	-0.0081079283101529	4.66969191344456e-05	6.573850148257886e-05	-0.000833997096592	1.6912143948400078e-05	2.860206129314054e-10	6.955511571238857e-07	0.000323031195703	1.631658242000388e-07	1.043491533973099e-07	2.662308618687796e-14	-8.28791404696716e-05	-0.0004349996141989	6.868951924991556e-09	1.8922466435325414e-07	0.0007480135220232	7.020859350002125e-08	5.595242291295523e-07	4.9292466012512265e-15	0.0	0.0	0.0	0.0	0.0	0.0	0.0	0.0	0.0	0.0
2178.302973745244	2.768757662281132	7.666018992440479	4745003.8454273725	3021.132040606288	9.371665726165247	9127238.806777911	87.82811848298039	2549.012551234319	5.8558009221005705	34.29040443927389	6497464.986350091	2675.302696284264	2229.574750811036	1.058983	22.323528	0.055527461371132	0.0297926324047434	0.0121163057	-0.006196231	0.0365911851	0.1278219633	-0.0146089709	0.0465382751	-0.0426525477	0.1296937102	0.0455203015	-0.0739347355	0.0570762089	-0.0202023482	-0.0122777079	0.0836460192	-0.0164711378	0.0240283836	0.041091023	0.0022477035	-0.0377275967	0.012965017	0.0527489091	-0.0035569481	-0.1269254594	-0.0859901975	-0.0409299004	0.0134027253	0.0333816556	0.0072940406	-0.0024615946	0.0751771982	-0.0345146652	-0.0244068986	0.0252821596	-0.0275263008	0.083482564	0.0545369781	-0.016221177	-0.0123664317	-0.0382379975	-0.0235583788	0.090379036	0.0836045806	0.0164748269	-0.0536455923	0.0575494794	0.0580452587	0.0538096651	-0.1041217935	-0.0104021436	-0.0918647771	0.0066721397	-0.029941782	-0.0302310098	0.0804919726	0.1235140907	-0.0730899854	-0.0186821702	-0.0867455399	0.0659886748	0.0267104492	0.0891661178	0.0829017503	0.0727850846	0.0592862243	0.0430324377	0.0247790096	0.0003844097965668	-0.0049370428610018	1.4777089169652854e-07	2.437439221136884e-05	0.005677795679162	0.0125113100849744	3.223736377431068e-05	0.0001565328800423	0.0247399317159704	0.0255739288125624	0.00065402583491	0.0006120642213108	7.303103109755285e-05	-0.0002500001646054	5.333531503171732e-09	6.250008230275069e-08	-8.297268788859391e-05	-9.354741892231289e-08	6.884466935458018e-09	8.751119587026704e-15	0.0007480036417957	-9.880227499971424e-09	5.5950944813963e-07	9.761889545119156e-17	0.0	0.0	0.0	0.0	0.0	0.0	0.0	0.0	0.0	0.0
2175.046462231939	-3.2565115133047584	10.604867236286449	4730827.112867674	3015.5617595375656	-5.5702810687221245	9093612.7255853	31.02803118456409	2553.8895730238696	4.877021789550781	23.785341535753105	6522351.951200043	2674.5209349086304	2171.4711346319546	1.152885	24.302999	0.0579221919904142	0.0267309626283918	-0.0089607092	0.0327739707	-0.0939653983	0.004181585	0.0002633406	-0.0298718132	0.0266424944	0.079267125	0.0029800138	0.081796014	0.0492962478	0.0237533864	-0.0115974153	-0.0981051825	-0.0436626465	-0.0012869355	-0.0017557201	-0.004834895	0.038985094	-0.0096315502	-0.0845278711	-0.0711372843	0.0470750705	0.0160909979	-0.0178686184	0.1014330148	-0.0441962481	-0.0179195772	-0.0268152754	-0.089381694	-0.0237914743	-0.0793567236	-0.0216371785	-0.0549490968	-0.0600306671	0.0411915834	-0.0217539096	0.0207513014	-0.0211514792	0.0568354681	-0.0863445946	0.0166572584	0.0064881402	-0.002601129	-0.0113015831	-0.0892962179	0.0838904038	-0.0523085133	0.117758239	-0.0235440419	0.0154688212	0.021661643	0.0462930696	-0.1051252273	-0.1293036091	0.0763111601	0.0051325541	0.0079853557	-0.0974071128	-0.0549056688	0.0889023983	0.0818729053	0.0705658771	0.0555720611	0.037674825	0.0178092284	0.0054578192626308	0.005073409466064	2.978779110354381e-05	2.57394836103478e-05	-0.0146842882743527	-0.0203620839535147	0.0002156283221242	0.0004146144629299	0.0323749720784576	0.0076350403624872	5.829384133680871e-05	0.0010481388170809	0.0003230202722706	0.000249989241173	1.0434209629777255e-07	6.249462070227592e-08	-8.29190401516744e-05	5.3647736919515416e-08	6.8755672196749905e-09	2.8780796765855367e-15	0.0005010133665387	-0.000246990275257	2.5101439345044177e-07	6.100419607152864e-08	0.0	0.0	0.0	0.0	0.0	0.0	0.0	0.0	0.0	0.0
2170.677697638501	-4.3687645934383	19.086104072880115	4711841.667025182	2996.058055032513	-19.50370450505261	8976363.869125204	380.3944894204095	2538.431239201472	-15.458333822397435	238.9600845646765	6443633.156153922	2665.967304951436	2162.192563720614	1.101038	23.210047	0.092891972992106	0.0495373236851174	0.0024576863	-0.0723644269	0.0063471754	-0.0410031325	0.0419891056	0.0109850083	-0.0627812874	-0.0469182612	0.0006339624	0.003269165	0.0606452416	-0.0876169503	0.0360142093	0.100663846	0.0151882512	0.0071310497	-0.0252607158	0.0756385872	-0.0037658234	-0.0230799061	-0.0358027808	0.0047248372	0.0714699197	0.0222460554	-0.0383041296	0.1076927746	0.0700449504	-0.0393275365	0.0547337489	0.0959558532	0.0252975259	0.0664886849	-0.0054110198	-0.0077345458	0.0006696235	-0.0313608559	-0.0102555898	-0.0232580998	0.0384818679	-0.084792954	0.0610167376	0.0664840144	0.0071611119	-0.0471647637	0.0233606548	-0.102078662	-0.0133078604	-0.1060673852	0.0798179076	-0.0529817712	-0.0701715698	-0.0267267413	-0.0807293499	0.0853555207	0.1182553564	0.0383450257	-0.0704850565	-0.102813357	0.0864000491	0.0048749649	0.0886234459	0.0807879487	0.0682378621	0.0517055788	0.0321558829	0.0107296473	0.0055208444910164	6.30252283855999e-05	3.047972389398613e-05	3.972179413057028e-09	-0.0110081182190953	0.0036761700552574	0.0001211786667255	1.35142262751712e-05	0.0021465094069483	-0.0302284626715093	0.0009137599554828	4.607502634117543e-06	-0.00010807754914	-0.0004310978214106	1.1680756628109112e-08	1.8584533162496562e-07	0.000482982183799	0.0005659012239506	2.3327178986725107e-07	3.202441952688713e-07	0.0003195261111609	-0.0001814872553778	1.0209693571360781e-07	3.293762386456681e-08	0.0	0.0	0.0	0.0	0.0	0.0	0.0	0.0	0.0	0.0
2172.301298018461	1.623600379959953	2.6360781938061035	4718892.92937269	3000.9338093831866	4.87575435067356	9005603.728299083	23.77298048811215	2538.41227722168	-0.0189619797920386	0.0003595566776336	6443536.889149756	2667.7506842835824	2220.2940815931174	1.144491	24.126041	0.0365258025238084	0.0181405724712926	0.006044623	-0.0559674885	0.0483162517	0.1583539518	0.0109668347	0.0345202095	-0.0605443599	0.04957687	0.0898052135	-0.0506995291	0.0416834675	-0.0825672506	-0.0739278286	-0.0282312729	-0.00227397	0.013012348	-0.0315671301	-0.0213538802	-0.0332219456	0.0081267381	0.0216761773	-0.0742619167	-0.0774664435	0.0218614902	-0.0753064764	0.062045458	0.0797008036	-0.0344176058	-0.0679010238	-0.0085543557	-0.0380436334	-0.0311836564	0.0602730584	-0.0183957237	0.0685581229	0.0148426921	-0.0141435053	-0.0202329116	0.0065899499	0.078238068	-0.0486502329	0.1045186142	0.011175719	-0.0427518125	0.077976966	0.0385373211	0.0354082429	-0.1374797879	0.0308999122	-0.0603750742	-0.0236284446	-0.0599329363	-0.1332926091	-0.0542994007	0.0079580876	-0.0102409324	-0.0951748575	-0.0384008411	0.0009802418	-0.0207642512	0.0883293083	0.0796476241	0.0658046293	0.047697375	0.0264992443	0.0035839144	0.0054773843322237	-4.346015879269985e-05	3.000173912288967e-05	1.888785402286686e-09	-0.0001575162071532	0.0108506020119421	2.4811355515929813e-08	0.0001177355640215	0.0065070103848867	0.0043605009779384	1.9013968778601745e-05	4.234118414902336e-05	-0.0001810141727944	-7.293662365440001e-05	3.27661307524409e-08	5.319751070103582e-09	0.0005659954169925	8.301323319349999e-05	3.20350812056514e-07	6.891196885238409e-09	5.005118050609526e-05	-0.0002694749306548	2.5051206700537304e-09	7.26167382514118e-08	0.0	0.0	0.0	0.0	0.0	0.0	0.0	0.0	0.0	0.0
2174.359184369848	2.057886351387424	4.234896235226644	4727837.862653512	3003.1485654179924	2.21475603480576	9018901.305972146	4.905144293708531	2543.1382434551533	4.725966233473173	22.33475683992861	6467552.125324163	2667.300497968894	2175.8047002156577	1.202921	25.357769	0.0474826934258481	0.0209489788039657	-0.0231799888	0.0220567295	-0.1043724893	0.0428985093	0.0044128925	-0.0360417262	-0.0397589237	0.0904166261	-0.0611079167	0.0725882711	-0.004460684	-0.040142716	0.0671376775	0.0221094476	0.0570787191	0.0594895231	-0.0036946351	-0.0408368421	-0.0116736486	-0.0123116082	-0.0686743407	0.0638441715	-0.010974119	0.0169142449	-0.0042569942	0.0414708126	0.0225248157	-0.0387095015	0.0845390303	0.0230130768	0.0030546097	-0.1073926174	-0.0721118176	0.009432779	0.0095120762	0.0636963772	-0.0089403619	-0.0077777436	-0.0230088905	-0.0998452089	-0.0181313096	0.0934028411	0.0272268597	-0.0474214513	0.0507394353	-0.0648071108	0.0763041793	-0.0662954115	0.075373772	-0.0283743468	0.090053011	-0.0078731374	0.0542640642	0.1298490166	-0.0339766608	0.0109363815	0.0080138542	0.0509659913	-0.1039874881	-0.0050307032	0.0880200359	0.0784527129	0.0632699305	0.0435584361	0.0207291319	-0.0035839144	-0.0049199287767862	-0.0103973131090099	2.4205699168648957e-05	0.0001081041198867	-0.0076770379249211	-0.0075195217177679	5.893691130067687e-05	5.654320686398312e-05	-0.007757191069345	-0.0142642014542317	0.0002034674431269	6.017401328632583e-05	-0.0001809878263286	2.63464658000086e-08	3.275659327915147e-08	6.941362601510227e-16	0.0003750058681724	-0.0001909895488201	1.4062940116373545e-07	3.6477007758505373e-08	-6.496606710477828e-05	-0.0001150172476108	4.220589875062554e-09	1.3228967247980994e-08	0.0	0.0	0.0	0.0	0.0	0.0	0.0	0.0	0.0	0.0
2173.7244116961083	-0.6347726737399171	0.4029363473269232	4725077.818003592	3006.7660427436144	3.617477325622076	9040642.035796097	13.086142201389848	2548.0861534705527	4.9479100153994295	24.481813520489982	6492743.045508358	2667.0215295140224	2152.830006839239	1.01054	21.30234	0.1138179804185928	0.0617955931347269	-0.0051265621	-0.0121015052	-0.0184626069	-0.0794328017	0.0242620135	-0.030650736	0.0286658841	-0.0294034268	-0.0227336676	0.0191994793	0.0231429137	0.0133779677	-0.0864212995	-0.0148858145	-0.0211356819	0.0078530797	-0.0636679092	0.0144536841	0.07578771	-0.0253235045	-0.0065158424	0.0550734643	0.0075895366	0.0593533302	-0.0248597449	-0.0653025693	-0.0337293718	-0.0208005672	-0.0941765555	0.0031153975	0.031287046	0.0207248338	-0.0275317339	-0.0378215788	-0.0486628116	-0.0501179836	0.0015885288	-0.0181796169	0.0193907542	0.0808444787	0.0592147903	0.0488078345	-0.004309662	0.0266916018	-0.0168446221	-0.0815948318	-0.03208423	-0.0050605718	0.0845306795	0.0301714788	0.0538920484	0.0411073266	-0.0077261428	-0.0761716152	0.075629579	-0.0401698039	0.0643003223	-0.0739036812	-0.0432494089	0.0491229108	0.0876956817	0.0772040342	0.060637674	0.0393001065	0.0148702542	-0.0107296473	0.0054743734778952	0.0103943022546814	2.9968764975482392e-05	0.0001080415193616	0.0146935111871471	0.0223705491120682	0.0002158992710068	0.0005004414675754	-0.007790248558507	-3.30574891619995e-05	1.0927975896957144e-09	6.068797260332039e-05	0.000597012680514	0.0007780005068426	3.564241406945115e-07	6.052847886473425e-07	-8.290473005234666e-05	-0.0004579105982247	6.873194265052472e-09	2.0968211596654538e-07	0.0003195242590815	0.0003844903261862	1.0209575214158157e-07	1.478328109308307e-07	0.0	0.0	0.0	0.0	0.0	0.0	0.0	0.0	0.0	0.0
2168.104912122574	-5.619499573534085	31.578775456949767	4700678.909970035	2989.516342071716	-17.24970067189861	8937207.959513852	297.55217327009933	2536.0899132948657	-11.996240175687037	143.90977835276772	6431752.048315959	2659.917840231256	2179.223161128529	1.140727	24.046711	0.0604249913426851	0.0388375316893475	0.0038852561	-0.0902687191	0.0753376498	0.0336751686	0.0285630108	0.0129589066	-0.0734701249	-0.0409120258	0.0596006573	-0.0052041677	-0.0164419091	-0.1065615112	0.076443723	-0.0209922895	-0.0248664498	-0.0325635731	-0.0720890629	0.0292117556	-0.1104932795	0.0182103839	0.0271208016	0.0051549334	-0.0496963619	0.0170085884	0.0752941972	0.0456656523	0.0692202239	-0.0810297106	0.0784991062	-0.0286081906	-0.0124552025	-0.0151847429	0.0568963868	-0.0473592302	0.0512549096	-0.0645269333	0.0060083583	-0.0034818687	0.078898375	-0.071386209	-0.0776837159	0.0315649081	-0.0067415571	0.0110070096	0.0393994766	-0.0134150725	-0.0667170108	-0.1162884669	0.0037122044	0.0540881994	0.0444248809	-0.090319047	-0.0076427759	0.0410680079	-0.0615774786	0.0793639692	-0.0024971928	-0.0108290115	-0.0573194586	0.0532661723	0.0873563013	0.0759024438	0.0579119187	0.034934058	0.0089476998	-0.0178092284	0.0053641957535859	-0.0001101777243093	2.8774596082789e-05	1.2139130933976205e-08	0.0025213629053126	-0.0121721482818345	6.357270900286396e-06	0.0001481611937949	0.0135220833767988	0.0213123319353058	0.0004542154925206	0.000182846738849	6.101323926294445e-05	-0.000535999441251	3.722615365357306e-09	2.8729540102144373e-07	-8.299021837410159e-05	-8.548832175492295e-08	6.8873763457810694e-09	7.30825315647323e-15	0.0003190025206296	-5.217384519000151e-07	1.0176260816803838e-07	2.722110121910244e-13	0.0	0.0	0.0	0.0	0.0	0.0	0.0	0.0	0.0	0.0
2171.3974781859665	3.2925660633923144	10.84099128180276	4714967.008272375	3000.224230372264	10.707888300548348	9001345.432512844	114.65887185702016	2538.279892261212	2.189978966346189	4.796007873038722	6442864.811457589	2664.080795250595	2196.797920896296	1.060545	22.356451	0.0089617881934121	0.0056646941327809	-0.0214107608	0.0173683632	-0.0305807901	0.134613724	0.0010377248	0.0112712004	-0.0673688671	0.1276634836	0.0339223146	-0.0967270149	0.0203983254	-0.06467999	-0.0616132572	0.0843235002	-0.022206498	0.0309784884	-0.0067695309	-0.0248588508	-0.0492803797	-0.0347093412	0.0091519917	0.0386702358	-0.1645854504	-0.1143627684	-0.0875975981	0.0102844169	0.0574384816	-0.0292527574	-0.044094132	0.1017367304	-0.0469379552	-0.0668829963	0.0420209779	-0.0272119774	0.0680973255	0.0628650068	-0.0110078018	-0.0313704585	0.0054927788	0.0161808648	0.0832374925	0.0926779467	0.0489152895	-0.0599151269	0.0480608609	0.0430786252	0.0712944434	-0.0615772159	0.0151957744	-0.0257373122	0.0795676424	-0.0379383833	0.0041185099	0.0353854373	0.0956829849	-0.0794969872	0.0323943804	-0.019767405	-0.029366317	0.0397915904	0.0870019529	0.0745488335	0.0550968674	0.0304722578	0.00298683	-0.0247790096	0.0002152188047688	-0.0051489769488171	4.631913392611086e-08	2.6511963619449853e-05	0.0045641375927658	0.0020427746874532	2.0831351965697995e-05	4.172928423699519e-06	0.0135417656340735	1.968225727469984e-05	3.8739125142747476e-10	0.0001833794164881	2.6013239194000323e-05	-3.500000006894413e-05	6.766886133642745e-10	1.225000004826089e-09	-8.299585180560065e-05	-5.63343149906359e-09	6.8883114169372255e-09	3.173555045464185e-17	0.0003190010681327	-1.4524968999915162e-09	1.0176168146980353e-07	2.109747244484965e-18	0.0	0.0	0.0	0.0	0.0	0.0	0.0	0.0	0.0	0.0
2173.257147032805	1.859668846838304	3.458368219900906	4723046.627129166	3006.322008692576	6.097778320312045	9037972.019949364	37.18290044366759	2546.53089934129	8.251007080078125	68.07911783549935	6484819.62129996	2669.166362190715	2166.845375473736	1.092637	23.032959	0.0632999674681175	0.0382972208956437	-0.024234164	0.029458517	-0.0652911207	-0.0627852821	0.0053279223	-0.0352452407	0.0252468201	0.0302859319	-0.0232465715	0.1179869782	0.0661469793	-0.0018519162	0.0349635439	-0.0851375776	0.0081929487	0.0307864584	-0.0133057726	-0.0507065261	-0.0349448301	0.0718211452	-0.0099665889	0.0044558557	0.010573492	0.0444957698	0.0855423104	-0.0342909284	-0.0060109775	-0.0132837949	0.0169474014	-0.0890149172	0.0159369148	-0.0384921184	-0.0806496245	-0.0089400376	-0.0448213692	0.0245419814	-0.0084604043	0.0203592759	-0.0125858284	0.0158947376	-0.0954869369	0.0342855103	0.0164359461	-0.003543743	-0.00615425	-0.0750125706	0.0434729554	0.0286910343	0.033256706	0.0192071747	-0.0196773232	0.0347135363	-0.0365392087	-0.0273446259	0.0138491068	0.0710299853	-0.1148721691	0.059481534	0.0125243643	0.0362880299	0.0866326972	0.0731441312	0.0521968607	0.0259269352	-0.00298683	-0.0315960199	0.0053922357146234	0.0051770169098546	2.9076206002060127e-05	2.6801504084920472e-05	-0.0045040115962251	-0.0090681491889909	2.0286120458930176e-05	8.223132971379632e-05	0.0480447768729206	0.0345030112388471	0.001190457784548	0.0023083005847687	-0.0001809733598611	-0.0002069865990551	3.27513569794152e-08	4.2843452188396863e-08	-0.0001670288662087	-8.403301440309936e-05	2.7898642146963812e-08	7.061547509671504e-09	0.0003189848789824	-1.6189150300004434e-08	1.0175135301941638e-07	2.6208858743613367e-16	0.0	0.0	0.0	0.0	0.0	0.0	0.0	0.0	0.0	0.0
2170.1729041184053	-3.0842429143995105	9.512554355023584	4709650.433769713	2997.10986364673	-9.212145045846228	8982667.53476852	84.8636163457092	2545.871980813833	-0.65891852745699	0.434173625826088	6481464.14269295	2664.4231345436788	2142.624141536958	1.050557	22.145908	0.0243326335343536	0.0179887637537309	-0.0091211485	-0.0381318383	0.0241730248	-0.060776097	0.0091424568	-0.0231897533	0.0145090846	-0.0620414529	0.0281485077	-0.0340872985	-0.0048344816	0.005729317	0.0039662867	0.083109014	-0.0408401013	-0.0071220317	-0.0091518299	0.058964125	0.0892426161	-0.0071429537	0.0074189386	0.0360318242	-0.022072629	-0.0280927001	-0.080147062	0.0135159662	-0.0276189012	-0.0163108823	0.0148932958	0.0840276099	0.0447719082	0.0561582134	0.0123157643	-0.0247994822	0.0026126438	-0.0727592557	0.0104839917	-0.0043977808	0.0454658953	-0.0532792067	0.0801676786	0.0104443527	-0.0021792845	0.0231341101	-0.0035452033	-0.0504535768	-0.0381676976	-0.030705033	0.0215307426	0.0389685509	-0.0167792508	-0.0204757163	-0.0262573483	0.074327714	0.0974765515	-0.0064995751	0.0454757615	-0.0523279866	0.0624384054	0.0726239699	0.0862485974	0.0716892996	0.0492163702	0.0213105486	-0.0089476998	-0.0382182304	0.0053982681950941	6.0324804707001176e-06	2.9141299506164516e-05	3.6390820629378307e-11	0.0116960773072065	0.0162000889034316	0.0001367982243761	0.000262442880479	0.0403433897349643	-0.0077013871379563	5.931136384867878e-05	0.0016275890953072	-0.0001809751377004	-1.777839300011767e-09	3.2752000465678744e-08	3.1607125766663297e-18	-0.0001585288673418	8.499998866900001e-06	2.5131401780674024e-08	7.22499807373013e-11	0.0003189856025261	7.235436999975671e-10	1.017518146189391e-07	5.235154858061692e-19	0.0	0.0	0.0	0.0	0.0	0.0	0.0	0.0	0.0	0.0
2168.959262652321	-1.213641466084482	1.472925608199691	4704384.283045299	2995.526025829201	-1.5838378175290018	8973176.171420086	2.5085422322350315	2538.298160846417	-7.573819967416057	57.36274889883016	6442957.553356303	2663.768454061972	2194.9624461793064	1.094153	23.064913	0.0611356231854042	0.029843143663207	-0.0065476226	-0.0364348824	0.0717830856	0.1068802801	0.0035461081	0.0303353876	-0.0502793674	-0.0086297668	0.0580866195	-0.0617453074	-0.0232812315	-0.0580346402	-0.0346532947	-0.0889242609	0.0028377427	-0.0103433935	0.0070583335	0.0330968448	-0.0588014098	0.0126074185	-0.0166562876	-0.0723695704	-0.0901954407	0.0169119871	-0.0378788079	0.0492045357	0.063445116	-0.0291655016	-0.0502850054	-0.0721771773	-0.0282757909	0.0134455236	0.0723088177	0.0421513197	0.0916119533	0.0344442212	0.0037740902	-0.0012827709	0.0361253524	0.0737698895	-0.0783747648	0.06420718	0.0120598108	0.0122693365	0.0480943021	0.0466680125	-0.0166513604	-0.0826949343	-0.007400352	0.0334706698	0.0412973934	-0.0563038474	-0.0799789081	-0.0917821485	-0.0467490781	-7.40568e-05	-0.0079937158	0.018073463	-0.0242865179	0.0283226641	0.0858497193	0.0701853358	0.0461599916	0.0166357513	-0.0148702542	-0.0446048127	0.0009831436982068	-0.0044151244968873	9.665715313237434e-07	1.949332432301433e-05	0.0031094226988841	-0.0085866546083224	9.66850952033568e-06	7.373063736262431e-05	0.0284864161353937	-0.0118569735995705	0.0001405878229409	0.0008114759042388	-0.0001810175529038	-4.2415203399992676e-08	3.276735445928004e-08	1.7990494794627502e-15	-0.0004939935414753	-0.0003354646741335	2.4402961901930895e-07	1.1253654759149534e-07	-7.104471774947992e-05	-0.0003900303202755	5.0473519201032675e-09	1.5212365073427144e-07	0.0	0.0	0.0	0.0	0.0	0.0	0.0	0.0	0.0	0.0
2170.5569595115658	1.597696859244934	2.552635254041126	4711317.514484093	3008.7352313195875	13.209205490386466	9052487.692183731	174.48310968725596	2542.210485311655	3.912324465237816	15.306282721298365	6462834.151628519	2663.2878887354595	2178.430108722888	1.084268	22.856533	0.0809627729639705	0.0440636202500784	-0.0359748285	0.057062312	-0.0765821433	0.0738539947	0.0115184729	-0.023634156	-0.0367137112	0.1456591325	-0.0915361927	0.0102779473	-0.0288580142	-0.018706648	0.0753292818	0.0722111594	0.0577345363	0.0345591034	0.0449394925	-0.032369902	-0.0133839823	-0.0030502559	-0.0816212196	0.0027073391	0.0012927509	-0.0260162008	0.0408615677	0.0048410376	0.0109524836	-0.0219468225	0.0866956899	0.0706664456	-0.0047616249	-0.1015450172	-0.0308887303	0.0391924505	0.0259505035	0.0909871437	0.0025396156	0.0071069089	-0.0182330957	-0.0967829914	0.0219358173	0.0624563634	0.0338229946	-0.0114326296	0.0311967851	0.0199520728	0.0995543735	0.0189559891	0.0299777962	0.0288150952	0.0265085617	0.0230189019	-0.0563567698	0.0948447268	0.0174142678	-0.0139104849	-0.0168727146	0.0913901537	0.017072862	0.0111725525	0.0854361313	0.0686332704	0.0430324377	0.0119153566	-0.0207291319	-0.0507163915	-0.0086559927331109	-0.0096391364313177	7.49262101956687e-05	9.291295114155612e-05	-0.0096555796912412	-0.0127650023901253	9.323021917390952e-05	0.0001629452860199	0.0283793529900009	-0.0001070631453927	1.1462517101399722e-08	0.000805387676131	-3.102153235918495e-05	0.0001499960205446	9.623354699119587e-10	2.2498806179220584e-08	0.0001349950567293	0.0006289885982046	1.822366534134693e-08	3.956266566713878e-07	0.000319002083444	0.0003900468011934	1.0176232924161274e-07	1.521365071212661e-07	0.0	0.0	0.0	0.0	0.0	0.0	0.0	0.0	0.0	0.0
2169.528883116649	-1.0280763949167522	1.0569410737850258	4706855.574677374	3004.220978696903	-4.51425262268458	9025343.688842578	20.37847674141461	2548.7018106900728	6.491325378417969	42.13730516849319	6495880.919814856	2670.3621088351315	2151.3874109725507	0.989048	20.849289	0.0648465019717338	0.0313669720114122	-0.0266262225	0.0094011765	-0.0344058995	-0.0698647094	0.0333158911	-0.002390918	0.0116540336	-0.0521542374	-0.0698464203	0.0372843294	0.0178912366	0.0446391499	-0.0777849219	-0.0451348625	-0.055485205	-0.0723660441	-0.0532174604	-0.0288553105	0.0284523464	0.0511471649	0.006158466	0.0429262881	0.0581184794	0.0868401672	0.0571741703	-0.0073829035	-0.0186920998	0.0310441509	-0.0845110648	-0.037006908	-0.0259704956	-0.0181862029	-0.0566701588	-0.0363360039	-0.0640180126	-0.0882880809	0.0081396206	-0.0105249196	0.0086528202	0.0954545566	0.0227088491	0.0353315808	0.0171023567	0.0228504394	-0.0259084003	-0.0572708589	-0.0048738988	0.0611663009	0.038693397	0.0448469797	-0.0373618383	0.0499371359	-0.13063959	-0.0784456613	0.0640570833	-0.023224762	-0.0126915173	-0.0239190468	-0.0135438511	-0.0110276443	0.0850079043	0.0670341672	0.0398385309	0.0071623028	-0.0264992443	-0.0565152869	0.0054394978195233	0.0140954905526342	2.958813652859873e-05	0.0001986828539193	0.0107253049859821	0.0203808846772233	0.0001150321670423	0.0004153804602262	0.0284018297072705	2.2476717269598323e-05	5.052028192174595e-10	0.0008066639307207	-0.0002659978743257	-0.0002349763419665	7.07548691457909e-08	5.521388128396463e-08	0.0001180047873792	-1.6990269350100002e-05	1.39251298444102e-08	2.8866925258894753e-10	-3.5984305731520504e-05	-0.0003549863891755	1.2948702589795391e-09	1.2601533649987412e-07	0.0	0.0	0.0	0.0	0.0	0.0	0.0	0.0	0.0	0.0
2163.750681997699	-5.7782011189501645	33.38760817103693	4681817.013845507	2992.3868956423094	-11.83408305459352	8954379.333211817	140.0455217430175	2535.6695128220776	-13.032297867995112	169.84078772014993	6429619.878255352	2656.2112098337684	2169.490981185645	1.074326	22.646973	0.105028954246044	0.0593574942690755	-0.0100730954	-0.0338562783	0.0864321186	-0.021160969	0.0105171528	-0.0136372784	-0.0140975173	-0.0472889432	0.0705791916	0.0088944412	-0.0060961639	-0.0578847754	0.0726364344	0.0178629236	0.0343812698	-0.0474641728	-0.0041644261	0.115466968	-0.0512654455	-0.0398134322	0.0552431227	0.0166395268	-0.0395094775	0.034683819	-0.0113711398	-0.0160607072	0.0178298124	-0.0573938867	0.0801076911	0.0128154381	0.0800868792	0.0075847927	0.0560634199	-0.0440462163	0.0337698842	0.0259490995	0.0299425198	0.0242850079	0.0640686936	-0.0864055838	-0.0353957889	-0.0299582882	-0.0116149389	0.0693923808	-0.0233728947	0.0031611519	-0.0845141841	-0.0269369069	-0.0429088992	0.100848513	0.055770606	0.0109593801	-0.0181370967	0.0760667719	-0.0247935912	0.0675607254	-0.0021613963	-0.012368555	-0.0008271396	0.0801797725	0.0845651116	0.0653891221	0.036583196	0.0023896175	-0.0321558829	-0.0619657467	0.0054518318332696	1.2334013746300236e-05	2.972247033825177e-05	1.5212789509392316e-10	0.0117162050440811	0.000990900058099	0.0001372694606349	9.81882925140603e-07	0.0710749071401082	0.0426730774328377	0.0018209915375889	0.005051642424975	0.0001160486718309	0.0003820465461566	1.3467294233715925e-08	1.4595956343018714e-07	-0.0004939885409303	-0.0006119933283095	2.440246785704467e-07	3.745358338953395e-07	0.0001970286746296	0.0002330129803611	3.882029862629679e-08	5.4295049016771944e-08	0.0	0.0	0.0	0.0	0.0	0.0	0.0	0.0	0.0	0.0
2162.237355586448	-1.5133264112510003	2.2901568269898323	4675270.381893475	2985.3023842451817	-7.084511397127699	8912030.325379966	50.19030173603226	2529.937159024752	-5.732353797325686	32.859880057714214	6400582.028614233	2653.510595073278	2180.428382460834	0.955208	20.135946	0.0403990918153328	0.0238853439903424	-0.0115463322	0.0037774906	0.0521936389	0.1044194237	-0.0096333914	-0.0008429326	-0.0353583117	-0.0013116737	0.0927433875	-0.1016120661	-0.0060672388	-0.0957183159	-0.0724307976	0.045497717	-0.0331299233	0.0081748778	-0.0587307603	-0.0193960031	0.0705450697	0.018588031	0.051948952	-0.0077932834	-0.1930140786	0.0258249598	-0.038234459	-0.0941434108	0.0609439188	-0.0586491039	-0.0661849642	0.0626243313	-0.0148593049	-0.0073240944	0.0775242632	-0.0487878566	-0.0143197743	-0.0122702174	0.0183641914	0.0018669437	0.0618865561	0.0553861798	0.0595470061	0.0147582049	0.0416090831	-8.1227e-06	0.0264791442	0.0761191926	-0.011990887	-0.0520613495	-0.1007858559	-0.0071052255	0.1018263131	-0.0419422896	-0.0460299157	-0.0466588599	0.012164266	-0.0542758867	0.052049688	-0.0721773874	-0.04103604	0.0773597862	0.0841078291	0.0636992625	0.0332714524	-0.0023896175	-0.037674825	-0.0670341672	0.0053987343970192	-5.309743625039973e-05	2.9146333089558267e-05	2.8193377363652635e-09	0.013658725955338	0.0019425209112568	0.000186560794723	3.773387490670335e-06	0.0863715625333014	0.0152966553931932	0.0002339876662181	0.0074600468144439	-0.0002419770484537	-0.0003580257202846	5.8552891978364284e-08	1.2818241638530666e-07	-0.0004940106961106	-2.2155180299946245e-08	2.440465678716796e-07	4.908520141231262e-16	9.294018860185396e-05	-0.0001040884860277	8.637878657348184e-09	1.0834412923548286e-08	0.0	0.0	0.0	0.0	0.0	0.0	0.0	0.0	0.0	0.0
2169.727894206984	7.490538620535972	56.10816882574094	4707719.134899872	3003.9626768192134	18.6602925740317	9023791.763722854	348.20651894846264	2539.3164188678447	9.379259843092768	87.97051520425258	6448127.875131816	2661.24560291937	2176.711616783811	1.019734	21.496164	0.0580078436083693	0.0413246160194402	-0.0341815415	0.0630309912	-0.0458520723	0.0654092481	-0.0534090971	-0.0262821879	0.0342165826	0.0874316838	0.0039590044	0.0167369331	-0.0096454052	-0.0155190361	0.0540460533	-0.090897322	0.0173272372	0.0434141816	0.0024216252	0.0237989949	-0.0649918224	0.011044705	-0.0570345471	-0.0376402374	-0.1254842489	-0.0680657825	0.1093278818	-0.0033603488	-0.013431968	-0.0241279125	0.0335062741	-0.0756790816	0.0079257597	-0.0292404516	0.0412906169	0.0383925291	0.0402980808	0.1230994589	-0.0210663738	0.042387048	-0.0490638784	-0.0178843304	-0.1041707248	0.0218756627	0.059693341	-0.0379130735	-0.0216793283	0.0724995489	0.0615908876	-0.0436508458	-0.0121615222	-0.0050535432	0.0101786352	0.010963665	0.037952474	0.0358303385	-0.051556561	-0.006389723	-0.1032130862	0.1248894583	-0.0904400638	0.0340901465	0.0836361352	0.0619657467	0.0299084066	-0.0071623028	-0.0430324377	-0.0716892996	0.0053919985191015	-6.735877917700243e-06	2.907364802999277e-05	4.537205132216177e-11	0.0199369675871707	0.0062782416318327	0.0003974826765718	3.941631798767734e-05	0.0954584677171794	0.009086905183878	8.257184582078892e-05	0.0091123190589117	-0.0010399901217918	-0.000798013073338	1.0815794534245228e-06	6.368248652185197e-07	-0.0004940197269649	-9.030854300050989e-09	2.440554906304744e-07	8.155632938874942e-17	3.824307449943427e-05	-5.469711410241969e-05	1.4625327471692798e-09	2.991774291133118e-09	0.0	0.0	0.0	0.0	0.0	0.0	0.0	0.0	0.0	0.0
2168.616034101187	-1.11186010579695	1.2362328948628047	4702895.50336076	2989.1005746076207	-14.862102211592628	8934722.245119609	220.88208214782648	2544.500788762019	5.184369894174324	26.877691199621093	6474484.264010537	2660.586745653457	2151.1961451078714	0.941051	19.837498	0.0747822580696857	0.0550336350796011	-0.0287154752	0.0777293589	-0.068162745	-0.0405334749	0.0091041084	-0.0461263349	0.0106452318	0.0261950647	-0.0165493782	-0.0078656935	-0.0542492515	0.0324549633	-0.0163322487	0.083883073	-0.0356615578	-0.0011090594	0.0224731457	0.0007825181	0.1185324933	0.0291609952	-0.0345739973	0.0071537866	-0.0003279408	-0.0421535472	0.0118909938	-0.0039611187	-0.0483375987	-0.0032581234	-0.001821843	0.0817188044	-0.0272791386	-0.0439197391	0.0118530556	0.002239624	-0.0963696287	0.0174618602	0.0236930746	0.011760769	-0.0019085607	-0.009095158	0.104349144	-0.0006225632	0.0361106005	0.0329146675	-0.0283860118	0.0436507915	0.0607225465	0.0877806777	-0.0246466451	0.0784278096	0.0576872234	0.0333073699	-0.0257516425	0.0450412282	0.0176020427	-0.0680865546	0.1075995544	0.0408522518	-0.0095318246	0.022323033	0.0831501106	0.0601897627	0.0264992443	-0.0119153566	-0.0482057789	-0.0759024438	0.0054116659716214	1.9667452519900142e-05	2.9286128588404997e-05	3.8680868862252656e-10	0.0182709560908307	-0.00166601149634	0.000333827836473	2.7755943059370536e-06	0.0888285059597251	-0.0066299617574543	4.395639290530666e-05	0.0078905034710369	-2.2426154162634703e-05	0.0010175639676291	5.029323905262577e-10	1.0354364282172083e-06	-0.0004630034653165	3.1016261648400024e-05	2.143722088950874e-07	9.6200848664201e-10	0.0003189951924893	0.0002807521179898	1.0175793283128555e-07	7.882175175579548e-08	0.0	0.0	0.0	0.0	0.0	0.0	0.0	0.0	0.0	0.0
2165.5113938532654	-3.104640247921452	9.638791069013775	4689439.596908312	2988.5321220352266	-0.5684525723941078	8931324.244436374	0.3231383270614784	2540.91257594182	-3.58821282019926	12.875271243042327	6456236.718579294	2660.9022908128745	2140.5676398918645	1.215194	25.616491	0.1179109256776565	0.0707985900108016	-0.0901003549	0.0440292254	-0.0346870753	-0.0650422361	0.1029139921	-0.0060571998	-0.0240366829	-0.0765912056	-0.0682581777	0.0547355029	-0.0288426601	-0.0039891294	-0.0202607776	-0.0965464245	0.0443914524	0.0896234304	0.1271834372	-0.010188727	0.1273968913	0.2196048589	-0.0820383659	-0.0595343118	0.0640509651	0.0343436413	0.0628956663	0.0783100974	0.0116643447	-0.0096848024	-0.0392486484	-0.0946849633	0.004164144	0.0107024313	-0.1118358695	0.1034146643	-0.0638389543	0.0684985151	0.0079072363	0.027667637	0.039669849	0.0425893419	-0.0704241019	-0.0540670828	0.047851947	-0.033627062	0.0373511963	-0.1098222613	0.1183333016	0.0699848837	-0.2169450391	0.1947614052	-0.1958925137	0.0376286505	-0.0029073296	-0.033906191	0.0303974545	0.1410723654	0.0096196621	0.0707587277	-0.0330963141	0.032256402	0.0826498387	0.0583725276	0.0230492221	-0.0166357513	-0.0531726956	-0.0796476241	0.0196591526774767	0.0142474867058552	0.0003864822839963	0.0002029908774335	-0.0086638943371752	-0.0269348504280058	7.506306508573649e-05	0.000725486167579	0.081397272219398	-0.007431233740327	5.5223234903375705e-05	0.0066255159247587	-0.0010669801776765	-0.0010445540235138	1.1384466995545754e-06	1.0910931080390044e-06	-0.0001216701871991	0.0003413332781173	1.480363445306404e-08	1.1650840675037033e-07	0.0003189353980512	-5.979443810000177e-08	1.0171978813007737e-07	3.5753748276949416e-15	0.0	0.0	0.0	0.0	0.0	0.0	0.0	0.0	0.0	0.0
2166.4797813103405	0.968387457075096	0.9377742670203708	4693634.642826501	2996.6694949943862	8.13737295915962	8980028.062229909	66.21683867646219	2531.592462686392	-9.320113255427714	86.86451109399938	6408960.397130552	2655.155913181914	2165.275461921915	1.213555	25.58194	0.0889404103926261	0.0457698641218243	-0.03737165	0.0319221485	-0.0115022789	-0.0510651994	0.00922886	0.0013035265	-0.0590140884	-0.021833087	-0.0834907583	0.0283335713	0.0147367096	-0.0577701838	0.0329709122	0.0778081477	0.00782956	0.0550391683	0.0559197286	0.0071960611	0.0374522209	-0.0756444548	0.0005014626	0.03371671	0.0692061829	0.0592431427	0.0651861792	-0.0621638615	0.0470513243	-0.0264679117	0.0542258062	0.0637088011	0.0147689176	0.0169249644	-0.1018805403	0.013628046	-0.0421199075	0.0070077291	0.012082101	9.6195e-06	0.0119043245	-0.0748351875	0.0485150841	0.0113806077	0.0642244576	-0.0254996713	-0.0214567124	-0.013680634	-0.0097396566	0.1050854838	-0.0674477461	-0.0090931461	0.0632372631	-0.0069898662	0.0337291437	0.0676172019	-0.008054313	-0.0275089974	0.0610190097	0.0895776646	-0.006653149	0.0699271399	0.0821354052	0.0565152869	0.0195636596	-0.0213105486	-0.0579119187	-0.0829017503	0.0053106753926925	-0.0143484772847841	2.820327312654964e-05	0.0002058788003919	0.0177533627940391	0.0264172571312143	0.0003151818904967	0.0006978714743366	0.0774825974793103	-0.0039146747400877	1.532467832068075e-05	0.0060035529121408	-0.0007178953092409	0.0003490848684355	5.153736750300874e-07	1.2186024537070013e-07	-0.0006576141036487	-0.0005359439164496	4.324563093176832e-07	2.872358815793358e-07	0.0003187641582056	-1.7123984559995998e-07	1.016105885565248e-07	2.9323084721098134e-14	0.0	0.0	0.0	0.0	0.0	0.0	0.0	0.0	0.0	0.0
2163.4188000544946	-3.0609812558459453	9.36960624864022	4680380.904429229	2978.917387636836	-17.752107357550358	8873948.80236507	315.1373156339935	2527.893262423002	-3.6992002633901393	13.684082588665676	6390244.346203608	2650.427875790608	2145.6867093872606	1.121253	23.636189	0.1697006192992369	0.0871050056358896	-0.0262631685	-0.0197053466	0.0129749703	-0.056476595	0.0204926726	-0.0126691329	-0.0600747942	-0.1286989349	-0.0349392018	-0.0159375323	-0.0448271919	-0.1189115481	-0.0655390065	-0.0047064445	-0.1051516665	-0.1169665206	0.1761380244	0.0474508167	0.0372964883	0.304372787	-0.0385232386	0.0612831396	0.0768974086	0.0826433463	-0.0322510097	0.0293668245	0.103602492	-0.0658699051	-0.0649141675	0.0040002106	-0.0808026784	0.1842886971	0.0236557484	-0.0171599586	-0.0482227824	0.0391300643	-0.0110684543	-0.009424482	-0.0073561669	0.092459521	-0.0305838789	0.0757256725	0.0135532417	-0.0136206912	0.0434307189	-0.0973080778	0.0019585701	0.0222388034	-0.0756804635	0.0861281388	-0.0629121847	0.1303045277	0.0533442313	-0.2175022634	0.0117159457	0.0309970945	0.1074214195	0.0738372932	-0.0008346277	0.1700585367	0.0816068982	0.0546193134	0.0160479313	-0.0259269352	-0.062403154	-0.0856447597	0.0053717279508873	6.105255819480009e-05	2.8855461178343876e-05	3.727414862129451e-09	0.000577300413866	-0.0171760623801731	3.332757678498548e-07	0.0002950171188875	0.0242505355675888	-0.0532320619117215	0.0028336524153733	0.0005880884753148	-0.0015600011995596	-0.0008421058903187	2.433603742627391e-06	7.091423305094504e-07	-9.862689835049563e-06	0.0006477514138136	9.727265078238998e-11	4.1958189409758316e-07	-0.000176007386645	-0.0004947715448506	3.0978600153602524e-08	2.4479888159384933e-07	0.0	0.0	0.0	0.0	0.0	0.0	0.0	0.0	0.0	0.0
2169.964712189439	6.545912134944501	42.84896567841368	4708746.852147395	3013.273782878579	34.35639524174303	9079818.89058338	1180.3618940068632	2545.419204711914	17.52594228891212	307.1586531142782	6479158.927716233	2667.145072318412	2164.1071505630225	1.23103	25.950315	0.1217701018434981	0.072033665440882	-0.0333481634	-0.0206445449	0.0521718586	-0.0568802369	-0.029078909	0.0130153207	0.0106230258	0.0647716969	-0.0230910669	0.1086172372	0.0154738327	0.095012465	0.0764251364	-0.0003803291	0.1064092732	0.091500995	-0.0288482179	-0.0705733723	-0.0474242211	-0.1010120701	-0.0500793525	0.1064267722	0.003141124	0.0931388206	-0.0187244245	0.0216762873	-0.034920806	0.0716804396	0.0784858196	-0.0182170544	0.0753263151	-0.0573183422	-0.1254231589	0.0781941685	0.1074832473	-0.0444154172	-0.0274449698	0.0302812921	-0.0781805562	-0.0876006405	-0.0223012775	0.0624720177	0.0099205555	0.0523957279	0.0276502759	-0.0460998767	-0.0616605738	0.0307881288	0.0456413529	-0.1266665512	-0.0532633818	0.0951127123	0.1089086196	0.0241552233	-0.0006436606	-0.0502231232	-0.0459124033	0.1061142447	0.0287959427	0.0998643503	0.0810644083	0.0526859066	0.0125074584	-0.0304722578	-0.0666271694	-0.0878597406	0.0086918233188271	0.0033200953679397	7.554779260570653e-05	1.1023033252215312e-05	0.0006435235047916	6.622309092560008e-05	4.141225012192645e-07	4.385497771740295e-09	0.0819803631855151	0.0577298276179263	0.0033327329967954	0.0067207799480289	-0.00238599683247	-0.0008259956329104	5.692980884556873e-06	6.822687855870524e-07	-0.0001361011071674	-0.0001262384173323	1.8523511372192098e-08	1.5936138010576674e-08	8.4837678446378e-05	0.0002608450650913	7.1974316841710314e-09	6.804014798252526e-08	0.0	0.0	0.0	0.0	0.0	0.0	0.0	0.0	0.0	0.0
2169.363102936569	-0.6016092528702757	0.3619336931391313	4706136.272382578	3009.645699324008	-3.628083554570821	9057967.235459495	13.162990278947246	2546.065169701209	0.6459649892949528	0.4172707673948285	6482447.848365646	2666.4084606873607	2158.839248289142	0.832075	17.540268	0.079256438355601	0.0457029512570371	-0.0192371878	0.0017098305	0.063755004	-0.0637351211	-0.037661122	-0.0101283691	0.0931125192	-0.009705782	0.0344341052	0.0077904209	0.0199960582	0.1104337088	-0.0871432936	0.0068402278	0.049513777	0.0357212466	-0.0462783616	-0.0977105818	-0.0243325204	-0.0977924601	3.05937e-05	-0.0234876448	0.0488401964	0.0125300978	-0.0594117196	0.0668477208	-0.0757852656	0.0794986639	-0.0924251489	0.0154208972	0.0867490459	-0.0126882581	-0.0527467095	-0.0146818642	0.0340762553	-0.0726030337	-0.0089777922	0.0113709925	-0.0267018186	0.0779649144	0.0491893814	0.0363088713	0.0196810504	0.0583191891	-0.0173496365	-0.0429262502	-0.0837280327	0.0054478822	0.0569061741	-0.0626431937	0.0391838844	0.0612859327	0.1140876312	-0.0831738406	0.0187098919	-0.0650470107	0.0494022194	-0.0027083216	-0.0248906618	0.0355448783	0.0805080284	0.0507163915	0.0089476998	-0.034934058	-0.0705658771	-0.089533037	0.0053136638424575	-0.0033781594763695	2.8235023430640207e-05	1.1411961447785726e-05	0.0295890292795917	0.0289455057748001	0.0008755106537085	0.0008378423045589	0.0759847371360677	-0.0059956260494474	3.594753172481234e-05	0.0057736802776373	-0.0018990197885993	0.0004869770438707	3.6062761574917305e-06	2.371466412570457e-07	-0.0002068325972119	-7.07314900445e-05	4.277972326942006e-08	5.002943683915202e-09	-0.0001761967287381	-0.0002610344071844	3.104528721800759e-08	6.813896173415187e-08	0.0	0.0	0.0	0.0	0.0	0.0	0.0	0.0	0.0	0.0
2167.154816562421	-2.208286374147974	4.876528710247606	4696559.9989497	2993.144439514526	-16.501259809482235	8958913.635796726	272.2915753000337	2545.8454443124624	-0.2197253887466104	0.048279246459849	6481329.026326519	2662.695156837857	2147.013853246008	0.768602	16.202248	0.0245889129612035	0.0141489259212121	-0.0169741573	-0.040352557	0.0542274342	-0.0455483031	-0.0260432754	0.0036191029	0.0306879561	-0.0441405559	0.0305771068	0.0521642205	-0.0021348298	0.1120584638	0.0911339742	-0.0601141723	0.0635457394	-0.0049023405	-0.1337641225	-0.0421099193	-0.0859246254	-0.0348437856	-0.0291127272	0.0912720466	0.0280170044	0.0611638594	0.0028054953	0.0556808467	-0.0746606758	0.0608206178	0.0653639627	-0.0767310627	0.0610862075	-0.0445208449	-0.0181212594	0.0212789372	0.0903510122	-0.1526083803	-0.0108555626	0.0421263365	-0.0287377638	-0.0558446307	-0.0768669137	0.0359113305	-0.02292981	0.1010203987	0.0038470953	-0.0477617176	-0.0716117867	0.0139057813	0.0967508221	-0.0192065909	-0.066589188	0.0257040354	0.0491281731	-0.0065442567	0.0098571511	0.0077681589	-0.0682348798	0.0912240874	0.0859623801	0.0444445645	0.0799378539	0.0487121179	0.0053741445	-0.0393001065	-0.0742024108	-0.0906543325	0.0052824395485373	-3.122429392020051e-05	2.790416758395095e-05	9.749565308150704e-10	0.0315075881533601	0.0019185588737683	0.0009927281112417	3.680868152115466e-06	0.0787419431096978	0.0027572059736301	7.60218478102154e-06	0.0062002936046908	-0.0019709905277586	-7.197073915929993e-05	3.884803660514124e-06	5.1797872951359885e-09	-0.0002780776450417	-7.124504782980002e-05	7.73271766719377e-08	5.0758568402704925e-09	7.822596067049705e-05	0.0002544226894085	6.119300922822152e-09	6.473090488590347e-08	0.0	0.0	0.0	0.0	0.0	0.0	0.0	0.0	0.0	0.0
2164.8068822985524	-2.34793426386841	5.512795307447293	4686388.837647178	2976.9333605737743	-16.211078940751577	8862132.233297065	262.79908042327924	2530.6432330791768	-15.202211233285652	231.10722638143648	6404155.173129428	2650.726752503791	2160.128274493747	0.83137	17.525421	0.0852151272906464	0.0389189972117167	-0.0151460458	-0.0159480027	0.0760861129	-0.0311458655	-0.0186868381	-0.0145296551	-0.0344715668	-0.0621509415	0.0287564773	-0.0665087383	-0.055260539	-0.0041022646	-0.0686405696	0.0741050477	0.041043732	0.0196689136	-0.0769147442	0.0203140552	-0.0341951021	0.0166246835	0.00748679	-0.0020197864	-0.0464823264	0.0028188962	-0.0421103536	-0.0270793081	0.0173672268	-0.0009811448	-0.0605104168	0.0861924114	0.0349520432	0.0037404501	0.0353260916	0.0519309896	0.0510140109	-0.0635540531	0.0123786788	0.0060804483	0.0406464186	0.0248753728	0.0880673684	0.0086290947	0.0142038862	0.0442637184	-0.0030011219	-0.0189873658	-0.0890680527	-0.0121647246	-0.0480708929	-0.0278082408	0.0307800822	-0.0264034578	0.0493578404	-0.0106687757	0.0726530206	-0.0678897936	0.09307925	0.0057255334	0.03710604	0.0019861043	0.0793539824	0.0466744595	0.0017923027	-0.0435584361	-0.0775211985	-0.0912167139	0.0053518036060751	6.936405753780062e-05	2.8641801837998447e-05	4.8113724781073164e-09	0.0066155770848013	-0.0248920110685588	4.376586016494806e-05	0.0006196122150372	0.0888555700628828	0.010113626953185	0.0001022854501481	0.0078953123311998	-0.0016829857553434	0.0002880047724152	2.8324410526887945e-06	8.29467489339312e-08	0.0001831479445659	0.0004612255896076	3.3543169598713985e-08	2.127290445088783e-07	-0.000175346181534	-0.0002535721422044	3.074628337855448e-08	6.42988313021777e-08	0.0	0.0	0.0	0.0	0.0	0.0	0.0	0.0	0.0	0.0
2166.8503763977933	2.0434940992408883	4.17586813363233	4695240.553695259	2985.637501608112	8.704141034337681	8914031.29100873	75.76207114564103	2530.855321443998	0.2120883648212839	0.044981474492566	6405228.658081403	2656.090194064804	2179.9904318859703	0.810273	17.080681	0.079728543269538	0.046977991767593	-0.0209523353	-0.0198194252	0.0919447966	0.0101510226	-0.0197465407	0.0376563656	-0.0485503752	-0.076666479	0.0204549364	0.0145672523	-0.0270708346	-0.0106406098	0.0193428653	-0.0982687974	0.0184572452	0.0390488839	-0.0335813047	-0.0311300808	-0.0897031073	0.0406073162	-0.0310860053	-0.0240448785	-0.0201837558	0.1084848004	0.0151244528	-0.0337057121	0.0433041553	0.0151860809	0.0041482317	-0.1042601497	0.000201241	0.0065963911	0.0008688755	0.0532168315	0.1120135112	-0.0578099561	-0.0011328959	0.0021237086	-0.0281163932	0.0086429724	-0.104302885	0.073656556	0.0173130532	0.0328901896	0.0135295525	-0.0004615925	-0.1021120214	0.0124966165	-0.0459232242	0.0587046582	-0.0547009246	0.0190637321	-0.018549709	-0.0682591709	0.017012943	0.0132629416	-0.0270536414	0.1518570139	0.0621526512	-0.0322173084	0.0787565141	0.0446048127	-0.0017923027	-0.047697375	-0.0805080284	-0.0912167139	0.0128313601139211	0.007479556507846	0.0001646438023731	5.594376555406144e-05	0.0065305168621989	-8.50602226023997e-05	4.2647650487464166e-05	7.235241469169791e-09	0.0491299843582382	-0.0397255857046446	0.001578122159577	0.0024137553630407	-0.0013860153385919	0.0002969704167515	1.9210385188120192e-06	8.81914284255596e-08	-0.0001678781214911	-0.000351026066057	2.818306367538053e-08	1.2321929905145332e-07	-0.0001761165154144	-7.703338804000064e-07	3.1017027001710594e-08	5.934142872921313e-13	0.0	0.0	0.0	0.0	0.0	0.0	0.0	0.0	0.0	0.0
2167.5784921698587	0.7281157720653937	0.5301525775303844	4698396.519717358	3003.585132347609	17.94763073949707	9021523.647259604	322.11744916134023	2542.8469338050254	11.991612361027364	143.79876701714429	6466070.528761619	2658.2383049442374	2167.427229184156	0.894613	18.858589	0.0453060515483277	0.028385261359018	-0.0044393611	-0.0075582794	0.0691078286	0.0457827675	-0.0211415905	-0.0203172531	0.0796536655	-0.0044675957	0.0160548303	-0.0203988377	-0.0849808116	0.1080155275	0.0022357265	0.0650375213	0.011783599	-0.060481886	-0.0161632568	0.0143372869	-0.0030119451	-0.0729870267	0.0308839019	-0.01802951	0.0414460247	-0.0192555329	-0.102145846	-0.0006789232	-0.0880104128	0.0568088605	0.0003741424	0.0630862973	0.0622407128	-0.0228494016	-0.0019217147	-0.0453818934	0.0348914532	-0.0134295137	0.0166326752	0.004012067	-0.0099325922	-0.0399152892	0.0812212348	0.0591855921	-0.0262547068	0.0985235638	-0.0052191053	0.0756850742	-0.0790869888	0.0291682472	0.0184274051	0.1070668346	0.0701222493	-0.0088698506	0.050210249	0.0400271711	0.0291070448	-0.0438803575	0.0875062983	0.029778754	0.0572516672	0.0564169606	0.0781455512	0.042504596	-0.0053741445	-0.0517055788	-0.0831501106	-0.0906543325	0.0131158769042514	0.0002845167903302	0.0001720262269674	8.094980397985575e-08	0.0281839194794173	0.0216534026172184	0.0007943333172222	0.0004688698449033	0.052313656519118	0.0031836721608798	1.0135768427961062e-05	0.0027367186584002	-0.0012309949828362	0.0001550203557556	1.5153486477678964e-06	2.403131069862377e-08	-0.000177039360816	-9.161239324900002e-06	3.1342935278137834e-08	8.392830596809424e-11	6.339108910298453e-05	0.0002395076045173	4.018430177662524e-09	5.736389262165587e-08	0.0	0.0	0.0	0.0	0.0	0.0	0.0	0.0	0.0	0.0
2174.326550610183	6.748058440324257	45.53629271403145	4727695.948688377	3049.9409110246306	46.35577867702159	9302139.560741754	2148.8582167530094	2530.2541650625376	-12.592768742487806	158.5778246017779	6402186.13981632	2689.5086253023264	2196.6773207257365	1.337511	28.194941	0.2277233035425223	0.1464549709862463	-0.027850039	-0.0454349398	0.0135726054	0.1322615185	0.0570749153	0.3451000756	0.0184054162	0.0227826397	-0.0753457474	-0.0974341759	0.0835206413	-0.0215707732	-0.0455025316	-0.067046344	-0.0024842008	-0.1987152831	0.0680414637	-0.2329663083	-0.1480635256	0.0082245833	-0.0374907396	0.0222398792	-0.1152691567	0.1054945579	-0.0498786243	0.0225639343	0.2170488059	0.2545078842	-0.0389373068	-0.1159165321	-0.1599077923	-0.0240816196	-0.0280816474	-0.1352806572	0.0783208184	0.0437865782	-0.0120909112	-0.1093747565	-0.0189410114	0.0480740981	-0.094711631	0.2453637162	0.0365636099	-0.0564100286	0.12959751	0.0878861164	-0.0459541308	0.0550285123	-0.0531725901	0.106875058	0.0428122085	-0.0973485754	-0.1004407167	-0.1440665243	0.0472333398	-0.0776848938	-0.0607170725	0.1230968984	0.0640924919	-0.126825433	0.0775211985	0.0403752488	-0.0089476998	-0.0555720611	-0.0854361313	-0.089533037	0.0288445785126043	0.0157287016083529	0.0008320097095697	0.0002473920542846	-0.0051845193393091	-0.0333684388187264	2.6879240779670068e-05	0.001113452709199	-0.0847326216076709	-0.1370462781267888	0.0187816823484051	0.0071796171645087	-0.0015660394311111	-0.0003350444482748	2.452479499794777e-06	1.122547823198321e-07	-0.0004338620969854	-0.0002568227361694	1.8823631920056865e-07	6.595791781353723e-08	-0.0001763394262258	-0.0002397305153287	3.1095593241644374e-08	5.74707199798046e-08	0.0	0.0	0.0	0.0	0.0	0.0	0.0	0.0	0.0	0.0
2164.575346932316	-9.751203677867124	95.08597316724934	4685386.432547156	3005.20653894847	-44.734372076160525	9031266.341738643	2001.1640450483703	2531.5533643869253	1.2991993243877005	1.6879188844894573	6408762.43673876	2650.2254211275817	2182.9237869162307	1.243056	26.203827	0.1570162637792636	0.0937492971803956	-0.0298619242	0.0067640512	-0.0483899884	0.1067981827	0.0138934469	0.0004521545	0.0731604098	0.1307272254	0.0390550072	0.0199203884	0.0742814212	0.0045276717	0.0496333197	0.0569439404	0.0216587676	-0.0323709174	0.1229443864	-0.0708135674	-0.079542268	-0.0736826518	-0.1161388672	0.0162223315	-0.0621728574	-0.0549060479	-0.0044175357	0.0162728608	-0.0216035594	-0.0046409406	0.0636756269	0.0332364391	0.0563980173	-0.0815044436	-0.0457532162	-0.1669721381	0.0935840812	0.141155386	-0.010720968	-0.0292817938	-0.0101505578	-0.0996253087	0.0153380737	0.1222534918	0.0261184992	0.0004965131	0.0533538462	0.0806797082	0.0297715375	0.0215516518	0.0194380096	0.0654055131	0.0756936838	-0.038096361	0.0812963933	0.0882351321	0.0397472113	-0.0538842391	-0.0262184388	0.0667575257	-0.0383976232	0.0331787732	0.0768835629	0.0382182304	-0.0125074584	-0.0592862243	-0.0873563013	-0.0878597406	0.0191968431551146	-0.0096477353574896	0.000368518787122	9.307879752815688e-05	0.015441213959761	0.0206257332990701	0.0002384310885511	0.0004254208741243	0.0043025950729429	0.0890352166806137	0.0079272698093638	1.851232436171252e-05	-0.0020860138889335	-0.0005199744578224	4.351453944823465e-06	2.7037343678769895e-07	-0.0001998161330687	0.0002340459639166	3.9926487034528434e-08	5.477751322569723e-08	-0.0001762082791231	1.3114710270000526e-07	3.104935763152432e-08	1.7199562546605727e-14	0.0	0.0	0.0	0.0	0.0	0.0	0.0	0.0	0.0	0.0
2157.7774349706283	-6.797911961687532	46.21160703885443	4656003.458868424	2982.2847534910647	-22.92178545740535	8894022.35090526	525.4082485553193	2532.167293255145	0.613928868219773	0.3769086552336114	6411871.201031088	2647.082263543506	2135.688280100014	0.9724330000000002	20.499035	0.0540275265843577	0.0259237752979544	-0.0266163243	-0.008362978	-0.1042878784	0.0158832658	0.062574984	-0.0568256667	0.0351970112	0.0729428064	0.0111574131	0.0349494522	0.0477650643	0.0315898515	-0.0809820204	-0.018531404	-0.0475829344	-0.0709239885	-0.0352514656	-0.0799138556	0.062550761	-0.0211851425	-0.0550643708	-0.0216507038	0.0426115157	0.005394418	-0.0449338415	0.072709735	-0.0537672284	-0.0100758222	-0.0754572535	-0.0118849076	-0.0022617228	-0.0935579171	-0.0263141333	-0.1375007272	-0.0523867328	-0.0026755223	-0.0051987743	-0.0299118803	0.0361209517	0.0905064061	0.0164712479	0.0900238076	-0.0032334046	0.0622870532	0.0316822143	-0.0067354194	0.0815107361	0.0522371521	0.1121095923	0.1008770088	0.0364609487	-0.0771772053	-0.0015960261	-0.0277817719	0.0855954368	0.0031221914	-0.0642627583	-0.028843298	-0.0045790533	-0.0350533652	0.0762327537	0.0360350191	-0.0160479313	-0.0628378881	-0.0889023983	-0.0856447597	0.0053343416435751	-0.0138625015115395	2.8455200770379496e-05	0.0001921689481574	0.0050670082627561	-0.0103742056970049	2.5674572734838595e-05	0.0001076241438437	0.0175865818316012	0.0132839867586583	0.0001764643042042	0.0003092878605196	-0.0022980248922924	-0.0002120110033589	5.2809184055954975e-06	4.494866554524759e-08	-0.0001781875047424	2.16286283263e-05	3.1750786846322825e-08	4.677975632772266e-10	-0.000272705299781	-9.649702065789996e-05	7.436818052864508e-08	9.311674995851176e-09	0.0	0.0	0.0	0.0	0.0	0.0	0.0	0.0	0.0	0.0
2153.9578378988376	-3.819597071790668	14.589321790831844	4639534.367445835	2963.5105393461126	-18.77421414495211	8782394.716815487	352.4711167605199	2521.090772482065	-11.07652077308012	122.6893124364754	6355898.683094215	2639.788064342752	2135.2871411195274	0.8647099999999999	18.228226	0.0800710124835073	0.0558211556441564	-0.0221939521	-0.0169115311	-0.0835822519	-0.0311272191	0.0629281084	-0.0442313872	-0.0693202073	0.0026216193	0.0182620737	0.0931980324	0.0825092962	-0.0618402243	0.0669605829	0.0032470209	0.0144418078	-0.0234025458	0.0540546736	0.0244482201	-0.0308352102	-0.0850803323	-0.0896124382	0.0521048186	0.017835946	0.0063768552	0.0760079971	0.0647170232	0.0378483182	-0.0630563982	0.078674633	-0.0025150487	0.0294785651	-0.0492294048	-0.0759084604	-0.0183800039	-0.0146273711	0.0751230091	0.0077759738	-0.0086564654	0.0604234156	-0.1019569247	-0.0383218502	0.0287791754	0.0137729699	0.0091100243	0.0143842379	-0.0313745877	0.0354105491	0.0940261187	0.0091085656	0.0045457103	0.0169394511	-0.0874570436	-0.0695489591	0.0943986561	0.0009964689	0.0267434917	-0.1065422351	0.0748392629	0.075250482	0.0399533378	0.0755688824	0.0338271112	-0.0195636596	-0.0662173176	-0.0900678015	-0.0829017503	0.0053258991143536	-8.442529221499954e-06	2.836520137627246e-05	7.127629965588062e-11	0.0049205095321553	-0.0001464987306008	2.4211414056031167e-05	2.1461878067645912e-08	0.0698211285058363	0.0522345466742351	0.0027284478662628	0.0048749899858285	-0.0024615621763498	-0.0001635372840573	6.059288348035963e-06	2.674444327687061e-08	-0.0005237200673466	-0.0003455325626041	2.742827089415272e-07	1.1939275181982536e-07	-0.0002281446554536	4.456064432739997e-05	5.204998381204186e-08	1.9856510228730428e-09	0.0	0.0	0.0	0.0	0.0	0.0	0.0	0.0	0.0	0.0
2157.737659767921	3.7798218690832073	14.287053361999671	4655831.808380744	2974.569725539156	11.059186193043388	8848065.05209409	122.3055992524015	2523.223310323862	2.132537841796875	4.5477176466956735	6366655.873761708	2642.3031244301387	2150.9821461571587	0.886057	18.678215	0.0430422940823445	0.0242622476924788	-0.0232524605	-0.0105869412	-0.003072565	-0.0648986555	0.0005524508	-0.0189120965	-0.0243266662	-0.0186402828	0.0257809134	0.0069175708	0.0907004654	-0.020800711	-0.0884301993	0.0505931829	6.46192e-05	0.0741405349	-0.0203981424	-0.0807167663	0.0170814334	-0.0408276668	0.0400047489	-0.0260764764	-0.0169777122	-0.0123505346	-0.0742314362	0.0128116423	0.0193344029	-0.0173048449	-0.085083748	0.0555301116	0.02986909	0.0225575162	-0.072436482	-0.029157668	0.008907843	-0.0514377063	-0.0030358624	-0.0315165683	0.0131046966	0.05554625	0.069713271	0.0443183005	0.0460507764	-0.0328021655	-0.0096411232	-0.047451466	-0.0477275651	0.0718268216	-0.0133552532	-0.0757375998	0.0209918452	-0.0042467892	0.0359016054	-0.0341365461	0.0846283947	-0.0733368826	-0.0057379461	0.0025515571	-0.0303946055	0.0313630228	0.0748920628	0.0315960199	-0.0230492221	-0.06941525	-0.0908475206	-0.0796476241	0.0052045197930681	-0.0001213793212854	2.708702627643762e-05	1.4732939635728516e-08	0.0139370904139326	0.0090165808817773	0.0001942424892061	8.129873079763192e-05	0.069919269252388	9.81407465517059e-05	9.631606133726174e-09	0.0048887042127879	-0.0028850319682759	-0.0004234697919261	8.323409457973915e-06	1.793266646739347e-07	-0.0003222453063898	0.0002014747609567	1.0384203749025609e-07	4.059207930259968e-08	-0.0001769653456819	5.117930977170001e-05	3.131673357231436e-08	2.619321748707628e-09	0.0	0.0	0.0	0.0	0.0	0.0	0.0	0.0	0.0	0.0
2167.832643721905	10.094983953983956	101.90870103119354	4699498.371186303	3011.8984937839164	37.32876824476034	9071532.536857825	1393.436938671028	2537.355507190411	14.132196866549291	199.71898827490568	6438172.969869508	2654.283286954613	2170.9485047658286	1.06371	22.423168	0.1587218294514656	0.0880676281396872	-0.0027938949	0.0277738715	0.089015779	-0.0829362534	-0.0850505272	-0.0217822204	0.1881017701	0.0011532524	0.0883976643	0.0781491172	0.0167813659	0.098223048	0.0530357901	-0.0848716257	0.0592623208	0.0703109556	-0.031069667	0.0034765615	-0.0363037297	0.0203884386	0.1251299777	-0.0597820177	0.0651471689	-0.0533236996	-0.0578287268	0.0278213349	-0.1114091339	0.0392321397	0.0260922403	-0.097582633	0.108001982	0.0481995005	0.0407445072	-0.0364948308	0.0292197912	-0.0409624662	-0.0171633517	0.0582245963	-0.0950500248	0.0046253628	-0.0743858914	-0.0407000654	0.026604501	0.0109098147	-0.0726875573	-0.011507088	-0.088075255	-0.04158689	0.0487077664	-0.0095524699	-0.0533092008	0.1338069305	0.1084887331	-0.0111992622	-0.0036984018	-0.0015053323	-0.101804491	0.0022367233	-0.0039347585	0.0496884444	0.0742024108	0.0293432743	-0.0264992443	-0.0724229201	-0.0912382167	-0.0759024438	-0.0049368343303513	-0.0101413541234194	2.4372333205335173e-05	0.0001028470634565	0.0269661026578944	0.0130290122439618	0.000727170692556	0.0001697551600533	0.1518293298393374	0.0819100605869493	0.0067092580253577	0.0230521453994623	-0.0034620369608081	-0.0005770049925322	1.1985699918001386e-05	3.329347614070842e-07	-0.0001256754211709	0.0001965698852189	1.57943114864831e-08	3.863971977497152e-08	-0.0004762185178735	-0.0002992531721916	2.2678407676563301e-07	8.95524610667354e-08	0.0	0.0	0.0	0.0	0.0	0.0	0.0	0.0	0.0	0.0
2160.9226645290832	-6.909979192821538	47.74781244522659	4669586.762075473	2990.330970992585	-21.56752279133116	8942079.316077458	465.15803935458894	2534.406803424542	-2.9487037658691406	8.694853898850852	6423217.845244605	2645.968482989937	2154.894673464591	1.021423	21.531769	0.1182805364453143	0.0572735100815025	0.0115605495	0.0027455007	0.1009618089	0.0250923156	-0.0394105149	0.009891831	0.129054799	-0.0301980748	0.1731397062	-0.0799702868	-0.0418682159	0.0904903628	-0.0151030113	0.0554214691	-0.0416583908	-0.023226877	-0.0674758185	0.1126909412	0.1045275701	-0.0293700115	0.1032230595	-0.0516359829	0.0154307705	-0.0822817553	-0.0935553258	-0.0196701497	-0.1259281071	0.0234786108	-0.0173997064	0.0580456628	0.0362584328	0.0511968923	0.1678746729	-0.0709208533	-0.0898323606	-0.0192734608	0.0179478048	0.0682934852	0.0200428046	-0.0061061437	0.0913344657	-0.1256316368	-0.0249908072	0.1013966775	-0.0493595119	0.0627153951	-0.045138422	-0.080636975	0.040874441	0.0194191607	0.0355801392	-0.0232666925	0.125712536	0.0168838262	-0.0256133558	0.0054414369	0.0315693914	-0.1250737419	0.0101178332	0.0981417837	0.0735000446	0.0270704183	-0.0299084066	-0.075232084	-0.0912382167	-0.0716892996	-0.0143505079192607	-0.0094136735889094	0.0002059370775407	8.861725043853041e-05	0.0568096612240367	0.0298435585661423	0.0032273376083898	0.0008906379878907	0.1874457552530302	0.0356164254136928	0.0012685297592491	0.0351359111623789	-0.0033369941085289	0.0001250428522792	1.1135529680356589e-05	1.563571490611784e-08	-0.0003311040966849	-0.0002054286755139	1.0962992284152358e-07	4.220094072343629e-08	6.14475318646971e-05	0.0005376660497381	3.775799172262965e-09	2.890847810410774e-07	0.0	0.0	0.0	0.0	0.0	0.0	0.0	0.0	0.0	0.0
2155.381157250367	-5.541507278716381	30.70830292006663	4645667.933029931	2967.3757419243543	-22.95522906823089	8805318.793761112	526.9425415749525	2525.5775495675894	-8.829253856952619	77.9557236705127	6378541.958879829	2641.378081300628	2145.413019169144	1.001099	21.103321	0.0695626985522816	0.0363835083384846	0.0014126197	0.0243223215	-0.0001386886	0.0955866501	-0.0139507745	0.020203263	-0.0480075515	-0.0056768342	0.0436411908	-0.0786385742	-0.1006802913	0.0213984866	0.0093703313	-0.0982501442	-0.0071028462	-0.0898972913	-0.0533535915	0.0901291152	-0.0031779907	0.0185624296	-0.0104516335	-0.0331346474	0.0010903163	0.0108356143	0.02063118	0.0713779649	-0.0117584766	8.46568e-05	-0.0103485888	-0.0723943727	-0.0535280824	-0.0191521034	0.1499389949	0.1116806227	0.0040960723	0.0081506128	0.0054412932	0.0505859975	0.0620389112	0.0633262747	-0.0590049485	-0.0765917116	-0.0152692365	0.0764215199	-0.0109000801	0.082330889	0.0104232703	-0.0626808086	0.0140923964	0.0252996716	0.0910841768	-0.136502589	0.0699666376	-0.0246264204	-0.0974451343	0.0115671866	0.0084495893	-0.0386847108	-0.0578330731	0.0075881836	0.0727850846	0.0247790096	-0.0332714524	-0.0778350419	-0.0908475206	-0.0670341672	-0.0141981125602939	0.0001523953589668	0.0002015864002747	2.322434543461993e-08	0.0495663946881279	-0.0072432665359088	0.0024568274823792	5.246491011021629e-05	0.1631602523682076	-0.0242855028848225	0.0005897856503687	0.0266212679528571	-0.0028119915136131	0.0005250025949157	7.907296272632095e-06	2.756277246683235e-07	-0.000530039377246	-0.0001989352805611	2.809417414313276e-07	3.9575245851923594e-08	2.775473188992872e-05	-3.3692799974768376e-05	7.703251422818261e-10	1.1352047701397519e-09	0.0	0.0	0.0	0.0	0.0	0.0	0.0	0.0	0.0	0.0
2156.759500040964	1.378342790597344	1.8998288483916737	4651611.54101695	2981.5275776571857	14.151835732831389	8889506.696330326	200.2744546090433	2516.54282115056	-9.034728417029328	81.62631756947727	6332987.770684419	2642.25279921923	2145.0082959403767	0.90335	19.042755	0.0751114130061657	0.0391750313820548	-0.0152198096	0.0429907743	-0.0836052061	0.050960111	-8.92319e-05	0.010217098	-0.0631437039	0.0321839442	-0.1493340877	-0.0825244525	-0.0582322678	-0.0482877766	0.0453824783	0.1000996759	0.0157752044	0.0316545066	-0.0522398512	0.0418719436	-0.0210777808	-0.0361482082	-0.064912325	-0.0285007753	0.0513690844	-0.0502524362	0.0623255868	-0.0730037637	0.0497775791	-0.004236694	0.0660731411	0.1028969609	-0.0516143662	-0.0017235531	0.0039351851	0.098112008	-0.0464474954	0.039978303	-0.0013419238	0.0223602075	0.0352881182	-0.0725951117	0.0651285994	-0.0449293396	0.0355722834	-0.0392476437	0.0218150872	0.0376403928	0.0751357939	-0.030077676	-0.0384467224	-0.077968398	0.0613137875	-0.1016747416	0.0891008755	0.0842577452	-0.0409509096	-0.0471574924	-0.0068892979	0.0020210273	-0.0378002049	-0.0537908996	0.0720576532	0.0224706185	-0.036583196	-0.0802246594	-0.0900678015	-0.0619657467	-0.003425770982588	0.0107723415777059	1.173590682514195e-05	0.0001160433430667	0.0273764853907607	-0.0221899092973672	0.0007494719523505	0.0004923920746253	0.1589490328924228	-0.0042112194757848	1.7734369473229345e-05	0.0252647950574365	-0.0032270088743728	-0.0004150173607596	1.0413586275280803e-05	1.722394097319467e-07	-0.0002459494696396	0.0002840899076064	6.049114161600053e-08	8.070707560381289e-08	-3.18968528501282e-05	-5.965158474005692e-05	1.0174092217427316e-09	3.5583115620001916e-09	0.0	0.0	0.0	0.0	0.0	0.0	0.0	0.0	0.0	0.0
2157.134942375524	0.3754423345599207	0.1409569465798034	4653231.159617456	2983.56266300407	2.0350853468844434	8901646.164071938	4.141572369103775	2518.4880106999326	1.9451895493725715	3.783762382988268	6342781.860039304	2637.1494301085977	2157.7997325428746	0.8781839999999999	18.512257	0.0561023951104524	0.0286517078206442	-0.0209521999	0.0648956174	-0.078078925	-0.0183531255	-0.0213465754	-0.0463634347	-0.00420624	0.0526616556	-0.0906223843	0.0119496566	-0.0034959718	-0.0175729384	-0.085203875	-0.0358500825	-0.0129614243	0.1149455998	-0.0447547209	-0.0204315359	0.0439888659	0.0055015585	-0.0029273194	-0.1043640811	-0.0059753037	-0.02044046	-0.0669061965	-0.0280921345	-0.0118938453	-0.0392199298	-0.0849721905	-0.0289837198	-0.0419816492	-0.0308839086	-0.0267794011	0.0426543361	-0.0799841885	0.014137568	-0.0025054315	0.0403076798	-0.0209444399	0.0974484156	-0.0189287222	-0.0759626056	0.0434922572	-0.0524875112	-0.021014079	-0.0060637033	0.0473694771	-0.0173299688	-0.0188946744	-0.1026963984	0.0525239113	0.0092452409	0.061099942	-0.0136990852	-0.080814922	0.0342007767	-0.0184329724	-0.0258311082	-0.1210650034	-0.0804969486	0.0713178751	0.0201468273	-0.0398385309	-0.0823943867	-0.0889023983	-0.0565152869	-0.0086871689646983	-0.0052613979821103	7.546690462121734e-05	2.768230872615434e-05	0.0340282901324542	0.0066518047416935	0.0011579245293384	4.424650632161616e-05	0.1753558044381549	0.0164067715457321	0.0002691821525538	0.0307496581501524	-0.0036790163918592	-0.0004520075174864	1.3535161611568685e-05	2.0431079586421825e-07	-0.0001429424664416	0.000103007003198	2.0432548712407946e-08	1.0610442707832784e-08	-3.1262956716197584e-05	6.338961339306167e-07	9.773724626388436e-10	4.018243086121824e-13	0.0	0.0	0.0	0.0	0.0	0.0	0.0	0.0	0.0	0.0
2156.8603761339864	-0.274566241537741	0.0753866209921611	4652046.682136841	2981.730824362018	-1.8318386420519344	8890718.708950602	3.355632810514676	2523.302817418025	4.8148067180923135	23.182363732586875	6367057.108389743	2643.9337158203125	2161.0623000964783	0.889237	18.745253	0.0617708450215398	0.03541078341204	-0.0143447314	0.0464788209	-0.0133291013	-0.078646165	-0.0082626642	0.0201758633	-0.051182858	0.0444367661	-0.0269310064	0.1006503111	0.0834021256	0.0056780048	0.077063029	0.0170039704	0.0455983987	0.0088918962	0.0917345749	-0.050726362	-0.0488603123	-0.0324832153	0.026474354	0.0355364833	0.0410008756	-0.0148654042	0.1569626238	-0.0906502704	0.0214949194	0.0205818305	0.0803106169	-0.0063821445	-0.0056644181	-0.0320713756	-0.0895042866	0.0464064422	-0.0199960151	0.0400455908	-0.0028944906	0.0296124573	-0.0642286508	-0.0924460478	-0.0198543167	-0.0375263605	0.0379473543	-0.0522618943	-0.046930927	-0.0394280791	0.0068040016	0.0423948005	-0.0269278307	-0.0633673056	0.0098424834	0.1206793534	0.0124838042	0.0383711548	-0.0701399231	0.0309729818	0.0003641315	0.0264043081	-0.0673161575	0.0212194871	0.0705658771	0.0178092284	-0.0430324377	-0.0843382767	-0.0873563013	-0.0507163915	-0.0142722518270659	-0.0055850828623675	0.0002036971722151	3.1193150579512256e-05	0.0337427194830581	-0.0002855706493961	0.0011385711181123	8.155059579651324e-08	0.1467412920929618	-0.0286145123451931	0.0008187903167532	0.0215330068051119	-0.0032760125849168	0.0004030038069423	1.0732258456533253e-05	1.6241206841006717e-07	-0.0002849484213978	-0.0001420059549561	8.119560285709822e-08	2.0165691243022297e-08	-3.1966778109259126e-05	-7.03821393061542e-07	1.0218749026866084e-09	4.953645533310896e-13	0.0	0.0	0.0	0.0	0.0	0.0	0.0	0.0	0.0	0.0
2154.163765872709	-2.6966102612773284	7.271706901226182	4640421.530198892	2980.911310070289	-0.8195142917293197	8885832.238504967	0.6716036743486085	2530.4127481900728	7.109930772047846	50.551115583312885	6402988.676202836	2648.020834508048	2154.947628478558	0.93922	19.798912	0.0055415109834574	0.0050001592743771	0.0024101808	0.0075618652	0.0650889281	-0.0628743592	-0.000596874	0.0051705132	0.0249990132	0.0225045975	0.0554615267	0.0162074327	0.0842503244	0.0895150764	-0.0809763593	0.0025107235	-0.0307559294	-0.0310020585	0.0008867582	0.0294004093	0.0044458173	0.0001623128	0.0442249156	-0.0375750472	0.0211017808	0.0102524481	0.0270009737	-0.0472833754	-0.0586233394	0.0637893718	-0.0897087995	0.0134307051	-0.0009386121	-0.0003817966	0.036937255	0.005928476	0.015363764	-0.0641058143	0.008848207	0.0223862585	-0.0034805262	0.0805906744	0.0756717015	-0.0532514267	-0.0104941299	0.0473704164	-0.0621204206	-0.0330145586	-0.0718375008	0.0144139695	0.0104478701	-0.0018734694	0.0326976143	0.1333972797	0.0201330893	-0.0540243887	0.0226555514	-0.0173907454	0.0534866025	-0.1475051685	-0.07354724	-0.0102658729	0.0698017879	0.0154594239	-0.0461599916	-0.0860510014	-0.0854361313	-0.0446048127	-0.0142178657258682	5.438610119769954e-05	0.0002021477057988	2.9578480034864156e-09	0.0337734021490518	3.0682665993701785e-05	0.0011406426927215	9.41425992481064e-10	0.1460178843987876	-0.0007234076941741	5.233186919904323e-07	0.0213212225642977	-0.0032760060487795	6.5361372997979625e-09	1.0732215631639872e-05	4.272109080181019e-17	-0.0001909482949666	9.40001264312e-05	3.6461251350651684e-08	8.836023769081583e-09	-3.13127502359217e-05	6.540278733374247e-07	9.804883273372144e-10	4.2775245910227443e-13	0.0	0.0	0.0	0.0	0.0	0.0	0.0	0.0	0.0	0.0
2148.653647225872	-5.510118646836872	30.361407502219404	4616712.495737043	2956.092154314418	-24.819155755870725	8738480.824799258	615.990492434171	2514.8053225003755	-15.607425689697266	243.59173665942217	6324245.810076217	2631.566741643432	2139.2674809729147	0.8924849999999999	18.813717	0.0735281456796608	0.0435419898465787	0.0174166052	-0.0554093717	0.0632871869	-0.0236706898	-7.84265e-05	-0.0331025508	-0.0253886338	-0.06134462	0.0634596433	0.0155170463	-0.0109114543	-0.0355390222	0.0975301225	-0.0504410568	-0.0300477997	-0.034414141	-0.0525938469	0.1390562379	-0.003068091	-0.0624605103	0.0484906867	0.0801482961	0.0035206739	-0.0123229002	-0.0071445273	0.0112092888	-0.0028733955	-0.0553193711	0.0938883789	-0.0374893583	0.0207955513	0.037906783	0.0867134964	0.0046045795	0.0115197458	-0.0634025512	0.011869819	0.037604611	0.0617986963	-0.0642395411	-0.0746798339	-0.084824231	-0.0475538783	0.0603040363	-0.0318545732	-0.0063071546	-0.072033298	-0.0498512156	0.0309289696	0.0078896693	0.0014466319	-0.0243292561	-0.0110937604	0.0270941998	-0.0723469162	0.0674647008	-0.0537066175	-0.0757891053	-0.0092825873	0.0232635241	0.0690257386	0.0130990243	-0.0492163702	-0.0875278662	-0.0831501106	-0.0382182304	-0.0009573954321666	0.0132604702937016	9.166060135334708e-07	0.0001758400724101	0.034286898549297	0.0005134964002452	0.0011755914121297	2.636785530647789e-07	0.1458928067519025	-0.0001250776468851	1.5644417750314333e-08	0.0212847110619479	-0.0038250523457876	-0.0005490462970081	1.4631025448015222e-05	3.014518362583068e-07	-0.0001233386076291	6.760968733750001e-05	1.5212412131885084e-08	4.571069821874509e-09	-0.0006072387926669	-0.0005759260424309	3.687389513195543e-07	3.31690806350209e-07	0.0	0.0	0.0	0.0	0.0	0.0	0.0	0.0	0.0	0.0
2150.977095511958	2.3234482860857497	5.398411938114808	4626702.465417058	2959.853628923793	3.761474609375	8760733.504653348	14.148691236972809	2513.294287754939	-1.5110347454365185	2.2832260019164035	6316648.176861606	2633.375647992408	2169.1810391297813	0.956126	20.155287	0.0508444879540158	0.0295659495570492	0.0156482581	-0.0025494996	0.0687803961	0.0832858151	-0.0294911727	0.0079016104	-0.0534033749	-0.0049308931	0.0990154787	-0.1057178693	-0.0270104698	-0.028947578	-0.046368467	0.0889820078	-0.0292654349	0.0112686179	-0.0247682452	0.0186997376	0.0338634779	-0.0128374593	0.0838000295	-0.0161998546	-0.0800097098	0.0187471891	-0.0403566849	-0.1257292717	0.0242510009	-0.013548692	-0.0358411403	0.0986328643	-0.0319006619	0.0094152166	0.0821356154	0.0161679572	0.0209066643	-0.0348016791	0.006795833	0.0135356486	0.0031952696	0.0191687805	0.0989960519	-0.0420451286	0.0117826243	-0.0350863394	-0.0022722732	0.0930674889	-0.0209221171	-0.0664745464	-0.0629194618	-0.0824830716	-0.0131135579	0.0195202927	-0.0922087807	0.0131203999	0.0225988114	-0.0292473124	-0.0306055955	-0.1067285767	0.019425631	0.0382258266	0.0682378621	0.0107296473	-0.0521968607	-0.0887648233	-0.0805080284	-0.0315960199	-0.014351901702355	-0.0133945062701884	0.000205977082474	0.0001794127982221	0.0340447664643051	-0.0002421320849919	0.001159046123609	5.86279465825254e-08	0.170010083885181	0.0241172771332784	0.0005816430563233	0.0289034286226462	-0.0037940239363772	3.102840941040033e-05	1.4394617629803144e-05	9.627621905394201e-10	-6.31726305757585e-05	6.016597705334149e-05	3.990781253861258e-09	3.6199447947832147e-09	-0.0004366217298195	0.0001706170628473	1.906385349505725e-07	2.9110182134673625e-08	0.0	0.0	0.0	0.0	0.0	0.0	0.0	0.0	0.0	0.0
2154.6617710781534	3.6846755661954376	13.576834028117668	4642567.347745645	2977.407747371468	17.554118447674682	8864956.894107638	308.14707447499256	2522.223180330717	8.928892575777809	79.72512262978007	6361609.771397595	2640.292454824986	2163.4712870190715	0.9939960000000002	20.9536	0.050739794403973	0.028162442506841	-0.0053564864	0.0868370045	-0.0293345698	0.0521667945	-0.0594478111	-0.0036841715	0.018455528	0.0954239732	0.0437039823	0.0120201932	-0.0267331803	0.0362527584	0.0091171387	-0.093996429	-0.0217628419	0.0006650911	0.0056785312	0.0105907471	-0.0549517467	0.0621035091	0.0031556586	-0.0327220328	-0.0457655161	-0.0831666275	0.0596712706	-0.0241550199	-0.0345064804	0.0081013726	-0.0072106425	-0.0854862003	-0.0382852406	-0.036405175	0.0762086531	0.0578113456	0.0375169536	0.0620413209	-0.0084514127	0.0560775739	-0.0791321544	0.0320997306	-0.089408766	-0.0831355306	0.0188273805	-0.0396196647	-0.0257957653	0.0948760076	0.0922942581	-0.0128813375	-0.0027190875	-0.0443703079	-0.0555999203	0.0517567837	-0.0505032304	-0.0072534391	-0.0155308373	0.0269153078	-0.1501633384	-0.0266076675	-0.0335131462	-0.0473961213	0.0674382934	0.0083529168	-0.0550968674	-0.0897584821	-0.0775211985	-0.0247790096	-0.0142946413486555	5.7260353699500194e-05	0.0002043367712866	3.278748105791865e-09	0.0255352670663739	-0.0085094993979311	0.000652049864151	7.241158000339143e-05	0.1914852776318554	0.0214751937466744	0.0004611839464572	0.0366666115497487	-0.0039699780628876	-0.0001759541265104	1.5760725819808785e-05	3.095985463603804e-08	0.0001738651570324	0.0002370377876081	3.0229092829901125e-08	5.618691275417047e-08	-0.0004356568258247	9.649039948000232e-07	1.8979686988765298e-07	9.310397191810432e-13	0.0	0.0	0.0	0.0	0.0	0.0	0.0	0.0	0.0	0.0
2149.679142828724	-4.982628249429581	24.82658427201369	4621120.417112837	2962.016570131222	-15.391177240245725	8773542.161731929	236.888336840658	2518.3063410245454	-3.9168393061713687	15.341630150369008	6341866.8272444345	2633.246725546347	2129.9596828103763	0.929782	19.599945	0.0444192421866476	0.0256775367946944	0.00712624	0.0478156642	-0.0946044817	-0.0105237894	0.02115622	-0.0522448709	-0.0024605405	0.0247455569	-0.0378129064	-0.018160693	-0.0103005645	0.0180708377	0.0087810044	0.0961909793	-0.032142615	-0.0450939604	0.0070203599	0.046296483	0.0958443386	0.0138778817	-0.0753398241	-0.0371836497	0.021241469	-0.0335241314	0.0242224416	-0.003019143	-0.0425835319	-0.0150052183	0.014950921	0.0948285332	-0.0394495642	-0.0508486556	0.0214401618	0.0086094459	-0.1381173108	0.0288866229	0.0078451697	0.0122759452	-0.0034490774	-0.0562456315	0.0965622172	-0.056540211	-0.0038657636	-0.0123771158	-0.0313708876	0.0171675085	0.1042330389	0.0529117173	0.0547428193	-0.0072041026	-0.0420809833	0.0112941956	-0.0909348892	0.0748563116	0.0218664832	0.0166887024	-0.0779515715	-0.0679415294	0.0041322476	-0.0013262461	0.0666271694	0.0059704615	-0.0579119187	-0.0905061192	-0.0742024108	-0.0178092284	-0.0142177007764985	7.69405721569999e-05	0.00020214301537	5.9198516438465076e-09	0.0340938860099413	0.0085586189435674	0.0011623930632588	7.324995822119079e-05	0.1701910714837922	-0.0212942061480632	0.0004534432154762	0.0289650008128012	-0.0038199994973124	0.0001499785655752	1.459239615946699e-05	2.249357013199463e-08	3.433264344709919e-05	-0.0001395325135853	1.1787304060656427e-09	1.9469322347432163e-08	-0.0004359352771214	-2.78451296700029e-07	1.9003956583891184e-07	7.75351246339276e-14	0.0	0.0	0.0	0.0	0.0	0.0	0.0	0.0	0.0	0.0
2144.171901831258	-5.507240997465942	30.329703404169667	4597473.144602673	2964.355023960867	2.3384538296450046	8787400.708082033	5.468366313381388	2509.425751612737	-8.880589411808614	78.86486830112727	6297217.602857149	2628.5133053641352	2128.197959331044	0.8970129999999998	18.90917	0.0504731506736635	0.0265712159908726	0.0088011808	0.0085131799	-0.060052913	-0.0599018312	0.0303581462	-0.0185670423	-0.0417739276	-0.0503305705	-0.0378750253	0.0776698391	0.0568308795	-0.0529506745	-0.0427698701	-0.0987738403	-0.0667208282	-0.0314054615	-0.0160242417	0.0541484212	0.0879370105	0.0062753898	-0.0156677662	-0.0401429636	0.0474156869	0.0730239941	0.1123294463	-0.0467259344	0.02411026	-0.0535486463	-0.0514033809	-0.1027164645	-0.0477363703	0.0258299447	9.38528e-05	-0.0057583035	-0.1342717015	-0.0174348431	0.0189311761	0.0225050617	0.0810295015	0.0783853771	-0.0552966045	-0.1115311946	2.74315e-05	-0.0041014157	-0.0420240445	-0.0615199825	0.0328977944	0.0217391748	-0.0371322936	-0.03581303	0.0591438913	-0.0459103646	-0.0377507388	-0.0191961897	-0.0563449368	0.0874252474	-0.0576655474	-0.0791211304	-0.0701317275	-0.0602113597	0.0658046293	0.0035839144	-0.060637674	-0.0910056853	-0.0705658771	-0.0107296473	-0.0012075291574404	0.0130101716190581	1.4581266660687226e-06	0.0001692645655573	0.0286470610420082	-0.0054468249679331	0.0008206541063445	2.966790223129943e-05	0.1893958574783099	0.0192047859945176	0.0003688238050952	0.0358707908299442	-0.0036860280028259	0.0001339714944865	1.3586802437616696e-05	1.7948361334946304e-08	-8.719616158159305e-05	-0.0001215288050286	7.603170594563283e-09	1.4769250451701892e-08	-0.0004366623394493	-7.270623278999569e-07	1.906739986933357e-07	5.286196286513044e-13	0.0	0.0	0.0	0.0	0.0	0.0	0.0	0.0	0.0	0.0
2146.513060315297	2.3411584840391697	5.481023047388583	4607518.318104142	2963.2297951704013	-1.125228790465826	8780730.818985619	1.2661398308931855	2506.929018460787	-2.496733151949684	6.233676432044603	6284693.103600766	2630.3599499601696	2138.5829838758323	0.890127	18.764019	0.0556818681814942	0.0325869075639015	0.0155846892	-0.0069318976	0.0240276971	-0.0760479329	-0.0084739618	0.0053314465	-0.0250865294	-0.0673127686	0.0064069753	0.0150713441	0.0597722431	-0.0632568042	0.0753302083	0.0698302535	0.0221450339	0.0719849026	0.0065869767	0.0167624224	-0.0115138683	-0.0290090176	0.0723704346	0.0198429611	0.0077344563	-0.0303695216	0.0434139075	-0.0688398769	0.0453333077	-0.0232413353	0.0913620396	0.0465670079	0.0216304099	0.0894219969	-0.0177131224	0.0405312694	-0.0173655577	-0.0176566768	0.0058779405	0.0032642223	0.0034693181	-0.0991959702	0.0249312563	-0.0720346748	0.0216091654	-0.0741791856	-0.0408135953	-0.0725527066	-0.0602684073	-0.0045168175	-0.0372116207	-0.0866867221	0.0146691604	0.0688853921	-0.0092269991	0.0857445721	0.0245088202	0.0135237389	-0.0360094598	-0.062467712	-0.0377508014	-0.0323219133	0.0649708138	0.0011949111	-0.0632699305	-0.0912558111	-0.0666271694	-0.0035839144	-0.0029254409931951	-0.0017179118357547	8.558205004666332e-06	2.951221075426083e-06	0.0343285402468751	0.0056814792048669	0.0011784486754813	3.2279205955335035e-05	0.1703024126499386	-0.0190934448283713	0.000364559635414	0.0290029117543899	-0.0041670129590349	-0.000480984956209	1.7363997000764796e-05	2.313465280993739e-07	1.4908367720334326e-05	0.0001021045293019	2.2225942808470647e-10	1.0425334903968146e-08	-0.0004359711787102	6.911607390999654e-07	1.900708686659612e-07	4.777031672732106e-13	0.0	0.0	0.0	0.0	0.0	0.0	0.0	0.0	0.0	0.0
2151.21073300289	4.697672687592785	22.068128679755223	4627707.61778683	2971.1410869666915	7.911291796290243	8827679.358661612	62.5885378860493	2516.29086127648	9.361842815692851	87.64410090573989	6331719.698543529	2634.478188854471	2150.6760722600925	0.880394	18.558838	0.0363646995473712	0.0233453589003562	0.0268491054	-0.0138143828	0.0920944917	-0.0629360805	-0.057764341	-0.0352876191	0.0405307254	-0.0536255255	0.0530105788	-0.0047591025	0.0170513031	0.0316058158	-0.0755185576	-0.0023847148	-0.0286360209	0.0533892669	-0.0030685086	0.0059746426	0.0298330514	0.0377511856	0.1172951005	-0.0547527856	0.0460627541	0.0658062303	0.0138742782	-0.0886645228	-0.0306272851	0.0154442658	-0.0845537929	0.0112500883	0.0176117932	0.0613158763	0.0363109867	0.0245805129	0.0230031777	-0.0637595015	-0.0056684561	0.0193895997	-0.0427533651	0.1054199332	0.0350518647	-0.0596383302	-0.0190246286	0.0059220694	-0.0306695082	0.0103924891	-0.0802278813	-0.0508981174	0.0014389886	-0.0473334935	-0.0313262506	0.098825932	0.0080918767	-0.0527415087	-0.0071565701	0.0010646327	0.0040749642	-0.082182605	-0.0199058336	-0.0945061159	0.064125866	-0.0011949111	-0.0658046293	-0.0912558111	-0.062403154	0.0035839144	0.0099086784971689	0.012834119490364	9.818190956025734e-05	0.0001647146230929	0.0345365724690367	0.0002080322221615	0.001192774837909	4.3277405457492683e-08	0.1704740715906325	0.0001716589406939	2.9466791920152863e-08	0.029061409084688	-0.0043910599308357	-0.0002240469718007	1.9281407316190823e-05	5.0197045573108415e-08	-0.0002230415696204	-0.0002379499373407	4.9747541778731737e-08	5.6620172680459394e-08	-0.0004369920474517	-1.0208687414999754e-06	1.9096204953602882e-07	1.0421729873717437e-12	0.0	0.0	0.0	0.0	0.0	0.0	0.0	0.0	0.0	0.0
2148.83450228294	-2.3762307199499446	5.646472434433832	4617489.71820157	2963.2155849433943	-7.925502023297213	8780646.602851423	62.813582321288216	2510.618110069862	-5.672751206618159	32.18010625218778	6303203.294610765	2627.5087235284377	2140.121771795708	0.981863	20.697821	0.0639406482422027	0.0346726046042311	0.0397845653	-0.0157520433	0.0258710905	0.0697149416	-0.0003481736	-0.0034756124	0.001518945	-0.0433299794	0.0623198596	-0.033026588	-0.0845738086	-0.0162870207	0.0938920347	0.00861913	0.0088712359	-0.0574476576	-0.0075101832	0.0822212354	0.0304296648	-0.0178654615	-0.0265779224	0.1132963471	-0.0307108767	-0.0506305201	-0.0306029985	-0.0873189118	-0.0113657116	-0.0276679827	0.0887041371	-0.0079503747	0.0117962704	0.0280551615	0.0789740149	0.0145048154	0.0079015822	0.0280975508	0.0145509422	0.0106559984	0.020290646	-0.0690382698	-0.0536929416	-0.0429298787	-0.0415320652	0.0115136611	-0.0013891773	0.0564573602	0.0036419451	-0.0846825509	0.0201219923	0.0558030395	0.0400455671	-0.0153136589	-0.0335660855	0.0865370597	-0.0794265072	0.0496355017	0.0611142125	-0.0601539312	-0.0251657584	-0.0488713493	0.0632699305	-0.0035839144	-0.0682378621	-0.0910056853	-0.0579119187	0.0107296473	0.0060360064225335	-0.0038726720746354	3.6433373532865664e-05	1.4997588997660854e-05	0.0343628975030156	-0.0001736749660211	0.0011808087248027	3.016299382243095e-08	0.1411222848110895	-0.029351786779543	0.0008615273871517	0.0199154992703022	-0.004167010806381	0.0002240491244547	1.736397906049603e-05	5.0198010168917865e-08	7.501082983640828e-07	0.0002237916779187	5.626624592746598e-13	5.0082715105695846e-08	-0.0006000015335183	-0.0001630094860666	3.6000184022431174e-07	2.6572092547697076e-08	0.0	0.0	0.0	0.0	0.0	0.0	0.0	0.0	0.0	0.0
2148.4345706086046	-0.399931674335221	0.1599453441365733	4615771.104186179	2963.735531744129	0.5199468007344876	8783728.302122654	0.2703446755940289	2506.290999192458	-4.327110877403811	18.72388854534638	6281494.57263313	2628.0154439940206	2137.689728418986	0.944749	19.915461	0.1124122895469454	0.0541375132175995	0.012203692	0.032855114	-0.0894282121	0.0682421992	0.0273009952	0.0056869286	-0.0791836705	0.0403469541	-0.1262710027	-0.0703890676	-0.0366345323	-0.0210984428	-0.0676019129	0.0609207739	0.0010016411	0.0553614579	-0.0819787354	-0.0219313007	0.0081065249	-0.0028847062	-0.0473330512	-0.0433334883	-0.0343398641	-0.086099953	-0.0468789264	0.0571977357	0.0291313631	-0.0107473912	-0.0485048362	0.0697814912	-0.0605738605	-0.0697442658	-0.0244112202	0.0330773479	-0.0292860606	-0.0256374982	0.0238115486	-0.028634663	0.0356922658	0.0581435183	0.0656633794	0.0073873582	-0.0085152081	-0.0224963226	0.0242640827	0.0326152574	0.0980834463	0.0234260954	-0.0200679485	-0.0046921072	0.0407599085	-0.0368714965	-0.1458273761	-0.004492136	-0.0025736949	-0.0303211934	0.0937835791	0.0110349153	-0.0117007969	-0.1732899532	0.062403154	-0.0059704615	-0.0705658771	-0.0905061192	-0.0531726956	0.0178092284	-0.009002874261526	-0.0150388806840595	8.105174496884732e-05	0.0002261679322293	0.018773276205394	-0.0155896212976215	0.000352435899484	0.0002430362922032	0.1184587828519383	-0.0226635019591511	0.0005136343210524	0.0140324832347626	-0.003230019269677	0.0009369915367039	1.043302448248474e-05	8.779531398549228e-07	-8.129564729419947e-05	-8.204575559256355e-05	6.608982268982882e-09	6.731506010754673e-09	-0.0004366331136926	0.0001633684198257	1.9064847597289493e-07	2.6689240596346177e-08	0.0	0.0	0.0	0.0	0.0	0.0	0.0	0.0	0.0	0.0
2150.5115421166342	2.076971508029601	4.313810645166755	4624699.892776865	2971.005176658402	7.269644914273158	8826871.759731023	52.84773717961759	2507.216309474065	0.925310281606926	0.8561991172474884	6286133.62249275	2627.244241250528	2145.5059759686565	0.92833	19.569351	0.0537465644875062	0.0413978376320065	0.0088128438	0.0491807529	-0.0847291004	-0.0630886382	-0.0041714113	-0.0554602408	0.0274194798	-0.0672694877	-0.1026056241	0.1242592184	0.0251213728	-0.0352221644	0.0608950223	-0.0735603448	0.0444172287	0.0611381464	0.0135562688	0.0344815094	-0.0073551044	0.0418025205	0.0019632043	0.0509437561	-0.0140483855	-0.0416805763	0.0659478682	0.0168371725	0.000957872	-0.0453296134	0.0472994375	-0.07463775	0.0409492859	0.0393491043	-0.0948703654	0.0434585473	-0.0453197209	0.0256761462	0.003953954	-0.0010063647	-0.0302373618	-0.016160961	-0.1008583834	-0.0320631877	0.0068882513	-0.0566637797	-0.0257617158	-0.0459813203	0.0726546035	0.0461056432	0.0068560775	-0.0151911957	-0.0197604969	0.0307911061	-0.1250199415	-0.0071665279	-0.0400359065	0.0718635843	-0.0257575461	0.0586255959	0.0451026286	-0.0834392469	0.0615256851	-0.0083529168	-0.0727850846	-0.0897584821	-0.0482057789	0.0247790096	-0.008983035052239	1.983920928699985e-05	8.069491874975454e-05	3.935942251333812e-10	0.0190064223743604	0.0002331461689663	0.0003612440914725	5.435713610370911e-08	0.1342433895128181	0.0157846066608798	0.0002491538074386	0.0180212876278902	-0.0039740263005288	-0.0007440070308517	1.579288503729462e-05	5.535464619569112e-07	-7.113341167563902e-05	1.0162235618560445e-05	5.059962256615938e-09	1.0327103276713858e-10	-0.0004366432961897	-1.018249710000056e-08	1.906573681074061e-07	1.036832471915198e-16	0.0	0.0	0.0	0.0	0.0	0.0	0.0	0.0	0.0	0.0
2152.1184909471817	1.6069488305474806	2.582284543997916	4631613.999076774	2987.228122368544	16.222945710142085	8923531.855069498	263.1839675142175	2514.615176274226	7.398866800161159	54.74322992652702	6323289.484748657	2629.991612014958	2130.5757571884064	0.984774	20.759192	0.0313813978443685	0.0186192717322241	0.0340137326	0.0084092054	0.0341993615	-0.1060949342	-0.0297861601	-0.0324953325	0.0745729065	-0.0549793661	-0.055212268	-0.0049380363	-0.0325645599	0.0523271436	-0.0036730933	0.0947662662	-0.0430146371	0.0389519085	0.0076655527	0.0280561691	0.0675969199	-0.0100526289	0.081438895	0.0139910852	0.0263649591	-0.0702673518	0.0200305837	-0.0615921599	-0.0668230239	0.0110182388	-0.0025839632	0.0895482197	0.0483948996	0.0969941885	-0.0254206019	-0.0055579302	-0.0184108366	-0.1002744695	0.0151749745	-0.0038031895	-0.0231855216	-0.0176375993	0.117078393	-0.0417499346	-0.0308402549	-0.000323814	-0.0505338225	-0.038301321	-0.0197858121	0.0526809633	0.0575141883	-0.0411535683	-0.0887508985	0.0711735955	-0.1406244233	0.0001616877	0.0932059861	-0.022995084	0.0502111587	-0.0409686193	0.1278784516	-0.0874902574	0.060637674	-0.0107296473	-0.0748920628	-0.0887648233	-0.0430324377	0.0315960199	-0.0089711651728663	1.186987937269908e-05	8.048180455884925e-05	1.408940363224271e-10	0.0342400335866557	0.0152336112122953	0.0011723799000153	0.0002320629105673	0.1457779576318643	0.0115345681190461	0.0001330462616929	0.0212512129313176	-0.0040660296707527	-9.200337022390036e-05	1.6532597283441314e-05	8.464620132556078e-09	-7.111329646525277e-05	2.0115210386251192e-08	5.057100934154933e-09	4.0462168888314784e-16	-0.0004366467834285	-3.487238799972352e-09	1.9066041347845533e-07	1.2160834448032612e-17	0.0	0.0	0.0	0.0	0.0	0.0	0.0	0.0	0.0	0.0
2146.4392453528226	-5.679245594359145	32.25383052104776	4607201.433990794	2963.5410759291963	-23.6870464393478	8782575.708719578	561.0761690198191	2507.9011922983022	-6.713983975923838	45.07758082896208	6289568.390331246	2622.4566022793256	2145.8871877792985	0.975301	20.55949	0.0351316987937328	0.0261988670946545	0.043189089	-0.0251351126	0.0984102827	-0.0152880129	-0.0140838067	-0.0049685125	0.013196902	-0.0586738533	0.0682314635	-0.020926483	-0.0828977153	-0.0039506325	0.0041481469	-0.1101090166	-0.0313575373	-0.0716371341	-0.0352486545	0.1041704869	0.0102506177	0.0050911671	0.0556599798	-0.1124541714	0.0359774911	0.0954729426	-0.0015971814	-0.0132292946	-0.0255038454	-0.0369442732	-0.0157979641	-0.0949176728	0.0131169478	0.051705273	0.1082805502	-0.0014706204	0.0038359229	-0.0414021479	0.0316542022	0.022376661	0.0429173508	0.0571362256	-0.0701445245	-0.0836156715	-0.0584349815	0.0569463517	-0.0362728575	0.0320039639	-0.0309093488	-0.0235852801	0.009972984	0.0682650417	-0.0690287746	-0.0253886106	-0.1923159265	-0.0332372613	-0.0306720061	0.0988387466	0.0350068274	-0.0529359996	0.1001944408	-0.1089987637	0.059739273	-0.0130990243	-0.0768835629	-0.0875278662	-0.037674825	0.0382182304	-0.0089721391874348	-9.740145684999924e-07	8.049928159870321e-05	9.487043796502265e-13	0.0340015834735538	-0.0002384501131018	0.001156107678709	5.68584564383075e-08	0.1595976427807102	0.0138196851488459	0.0001909836976132	0.0254714075811591	-0.0036540210004682	0.0004120086702845	1.3351869471862626e-05	1.6975114438960216e-07	-6.170318715992273e-05	9.41010930533004e-06	3.807283305692453e-09	8.855015713825899e-11	-0.000436613772674	3.3010754499969864e-08	1.9063158648862339e-07	1.0897099126572806e-15	0.0	0.0	0.0	0.0	0.0	0.0	0.0	0.0	0.0	0.0
2144.5873727830835	-1.851872569739044	3.4294320145518893	4599254.999500648	2953.7670193061144	-9.774056623081831	8724739.604340527	95.53218287120984	2500.6613740187427	-7.239818279559586	52.41496872104512	6253307.307509306	2618.0684737971724	2157.153116571973	0.970374	20.455647	0.0504437339050251	0.03195196205478	0.0406452782	0.013757381	0.0094320862	0.1025138582	-0.0133360731	0.0061356052	-0.0457224093	0.0298954761	0.052331789	-0.106546991	-0.0592821373	-0.0435152385	0.0130901175	0.0675761309	0.0596500726	-0.0156814062	0.028333695	0.1110399303	-0.0114488834	-0.0728828167	-0.0040998236	-0.0211517845	-0.0004968295	-0.0935817157	0.010866437	0.0051372775	0.0222423375	-0.0396992357	0.0362140057	0.0836444218	0.0174879176	0.0163948037	0.056479945	0.0553611699	0.0123758234	0.1052749685	0.019317666	0.0001512313	0.0151326156	-0.0866644614	0.0646816735	-0.0401501554	-0.0255094829	-0.0136928092	0.0129188324	0.0741614075	0.0572081267	-0.0311053451	-0.009521071	-0.0307058994	0.002431736	-0.0386152266	-0.158354732	0.0753764486	-0.0060458085	0.0121218343	0.071863125	0.0021043561	0.1161758203	-0.0704139083	0.058830636	-0.0154594239	-0.0787565141	-0.0860510014	-0.0321558829	0.0446048127	-0.0089288831476181	4.325603981670048e-05	7.972495426381852e-05	1.871084980623977e-09	0.0231195654308322	-0.0108820180427216	0.0005345143057105	0.0001184183166821	0.1428876289661786	-0.0167100138145316	0.0002792245616818	0.0204168745115763	-0.0040570091986516	-0.0004029881981833	1.6459323637943697e-05	1.623994878751031e-07	-9.115535469117477e-06	5.258765169080526e-05	8.309298688873877e-11	2.765461110353453e-09	-0.0004360207023891	5.930702848999832e-07	1.9011405291188413e-07	3.517323628313473e-13	0.0	0.0	0.0	0.0	0.0	0.0	0.0	0.0	0.0	0.0
2144.144897517981	-0.4424752651025301	0.1957843602275543	4597357.3415523935	2956.573373394812	2.8063540886973897	8741326.112267178	7.875623271148556	2500.779681572548	0.1183075538051525	0.013996677287359	6253899.0157660935	2617.1962227786203	2138.694601594356	0.952554	20.079987	0.0342168155732882	0.0187528553874512	0.0198709682	0.0642521923	-0.0938820404	0.0339392014	-0.002762031	-0.0358380332	-0.033112322	0.0449451525	-0.0803987047	-0.0004616538	-0.0507854305	-0.0424382569	-0.0669168199	-0.0632973844	0.0023181985	0.0410601367	-0.0178246835	-0.0088254601	0.1156767481	-0.0107523555	-0.0761638672	-0.0980806282	0.0713095677	0.0040842207	0.0838947045	-0.0109673131	0.0038872963	-0.0638388649	-0.0662059824	-0.0400693717	-0.0284274357	-0.0561061233	-0.0191526172	0.0566152502	-0.1129947896	0.0312469239	0.0183298318	-0.0017952258	0.0095265087	0.099899574	-0.0192165612	-0.0378030168	-0.0088227947	-0.0208684839	-0.0066285885	0.0030789802	0.1084207871	0.0204053303	0.0170697014	-0.0146422255	0.0210520207	-0.0057572862	-0.1167239199	-0.0263933614	-0.0236021065	0.0588548632	0.076189194	0.023731562	0.0351115319	-0.1655564016	0.0579119187	-0.0178092284	-0.0805080284	-0.0843382767	-0.0264992443	0.0507163915	-0.0116823642598689	-0.0027534811122507	0.0001364776347002	7.581658235521898e-06	0.0095967266290131	-0.0135228388018191	9.209716199200914e-05	0.0001828671692599	0.1498741275921489	0.0069864986259703	4.8811163050685045e-05	0.0224622541215077	-0.0040560126950623	9.965035893001043e-07	1.645123898250654e-05	9.930194034879914e-13	-3.045709421556353e-06	6.069826047561124e-06	9.276345880557134e-12	3.6842788247651496e-11	-0.000224007091361	0.0002120136110281	5.017917698001541e-08	4.4949771261174495e-08	0.0	0.0	0.0	0.0	0.0	0.0	0.0	0.0	0.0	0.0
2147.74620546871	3.601307950728824	12.969418955982642	4612813.763105242	2965.923372005988	9.349998611176034	8796701.44861137	87.42247402899376	2505.1736262394834	4.393944666935568	19.306749736091515	6275894.897605883	2623.4686295792862	2137.710444511726	0.902004	19.014395	0.0671597805911381	0.0324837062768583	0.0224053975	0.0423011548	-0.0570767858	-0.0818963605	0.0033944355	-0.0288991255	0.0134626105	-0.0547730163	-0.0863709546	0.0825422747	-0.0356067364	-0.0168388992	0.0619733099	0.0160503195	0.06088628	0.074988593	0.1080406152	0.0310856606	0.036016886	-0.061654735	0.0541420686	0.0030610995	0.0194605735	-0.0669297375	0.1305438625	0.043763123	-0.000966786	-0.0214392099	0.0678338423	-0.00038239	0.0388506602	0.0541774684	-0.0936351376	0.0493998032	-0.0617981698	0.1038571519	0.0167293998	0.0075598449	-0.023232661	-0.0831266734	-0.0209549176	-0.0491547024	-0.0136696077	-0.0366400693	-0.0200467211	-0.0606413424	0.0521378491	0.0520236953	-0.0083068159	-0.0391731035	0.0114525329	0.0517044026	-0.1342608909	0.0437796718	-0.0786425101	0.0734362761	0.0929030316	0.0781350567	0.0767776942	-0.062898198	0.0569832784	-0.0201468273	-0.0821354052	-0.0823943867	-0.0207291319	0.0565152869	-0.0092244730555677	0.0024578912043011	8.50909031528945e-05	6.041229172181201e-06	0.0260131234103226	0.0164163967813095	0.0006766825895606	0.0002694980832813	0.1591553348269627	0.0092812072348137	8.61408077355599e-05	0.0253304206038826	-0.0043240109974588	-0.0002679983023965	1.8697071106144648e-05	7.182309008740607e-08	9.065258099516528e-06	1.211096752107288e-05	8.217890441085002e-11	1.4667553429648218e-10	-0.0007239835288577	-0.0004999764374967	5.241521500572482e-07	2.499764380518916e-07	0.0	0.0	0.0	0.0	0.0	0.0	0.0	0.0	0.0	0.0
2152.377478064244	4.631272595534028	21.448685854144497	4632728.808078195	2984.3063244848195	18.38295247883161	8906084.238360092	337.9329418389813	2520.8656463623047	15.692020122821305	246.23949553502877	6354763.60700964	2636.262463468885	2139.9588452389366	0.987585	20.818441	0.0518081429279747	0.0256041131110808	0.0352496696	0.0221851358	0.0522280787	-0.1096677228	-0.0426243598	0.0156713521	0.0469720328	-0.0213779023	-0.0576337558	0.0569278658	0.0222208748	0.1604478399	-0.0834331809	0.0063740821	0.0926575895	0.1201723049	0.0187604538	-0.061475979	0.104448521	-0.027162909	0.0321089871	0.0457963243	0.0435216606	0.024396993	0.0236084328	0.0089269345	-0.0856892058	0.1053863261	-0.0951438144	0.008924486	0.0682678972	0.0110596519	-0.1240522035	0.1112795088	0.0205503174	-0.1020766297	0.0022404558	0.000997486	-0.051107314	0.0898112095	0.0767402664	-0.0363212631	-0.0213478979	-0.0063567813	-0.0510750971	-0.0686666877	-0.0541738312	0.0024479859	0.029859123	-0.0274628826	-0.037038661	0.1390926874	-0.0733854523	-0.0408191579	0.0248519902	-0.0434218606	0.1164199627	-0.026140598	0.0077644158	-0.1433295752	0.0560448744	-0.0224706185	-0.0836361352	-0.0802246594	-0.0148702542	0.0619657467	-0.0092205828233176	3.890232250100545e-06	8.501914760165955e-05	1.5133906959722347e-11	0.0371881386541872	0.0111750152438645	0.001382957656563	0.0001248809657006	0.1553087265319135	-0.0038466082950492	1.479639537554138e-05	0.0241208005369646	-0.0045656725410794	-0.0002416615436205	2.0845365752366424e-05	5.8400301665091025e-08	-0.000364073543325	-0.0003731388014245	1.3254954494922066e-07	1.3923256512852478e-07	-0.0008448357669488	-0.000120852238091	7.137474731159671e-07	1.4605263451627912e-08	0.0	0.0	0.0	0.0	0.0	0.0	0.0	0.0	0.0	0.0
2141.1635061365846	-11.21397192765926	125.75316639432992	4584581.160011112	2950.9492903840755	-33.35703410074393	8708101.714418279	1112.6917239981935	2496.106494610126	-24.759151752178692	613.0155954874134	6230547.632434851	2614.3386031017258	2125.831635291116	1.361043	28.691	0.0776312284507366	0.0425004599092231	0.0345786852	-0.0741101199	0.1120485621	-0.0082785431	-0.0017562078	-0.0183980145	-0.0166158292	-0.1096226649	0.0315657202	-0.0316854976	-0.1247338957	-0.0911415633	0.0846655919	-0.0414565906	0.0029561544	-0.0644304899	0.109036211	0.1806794506	0.0301753941	0.4173472846	0.1201223892	0.0949381129	0.0161710924	-0.0144860799	-0.1771914059	0.0644539885	0.0558628745	-0.0719343463	0.0690758771	-0.0398449978	-0.0258858031	0.1759343308	0.1285076407	0.0408317495	0.0105577313	0.0375343324	0.0159222284	0.0265343706	0.0001050663	-0.0473661796	-0.060922301	-0.0347497025	-0.1587794752	0.0212412536	0.1116237308	-0.1143165707	0.0079221	-0.0890768885	-0.2282452214	0.2216231265	-0.1743460553	0.1578564352	0.0075637718	-0.0191339126	-0.0794591778	0.1028727484	0.1533135208	-0.02030673	0.0572736593	0.2326288053	0.0550968674	-0.0247790096	-0.0850079043	-0.0778350419	-0.0089476998	0.0670341672	-0.0009868341873726	0.0082337486359449	9.7384171336734e-07	6.779461659992613e-05	0.0282648880713765	-0.0089232505828107	0.0007989038976874	7.962440096363149e-05	0.1460321825452126	-0.0092765439867008	8.605426833719636e-05	0.0213253983389183	-0.0049078847645924	-0.000342212223513	2.40873328625182e-05	1.1710920592171174e-07	0.0003140663402025	0.0006781398835275	9.863766604819249e-08	4.5987370163069124e-07	-0.0008412341690837	3.6015978650999784e-06	7.076749272339432e-07	1.2971507181892723e-11	0.0	0.0	0.0	0.0	0.0	0.0	0.0	0.0	0.0	0.0
2155.19809954995	14.0345934133652	196.96981227847388	4644878.848303716	2982.7683953382298	31.819104954154227	8896907.300228598	1012.455440083482	2506.0529758746807	9.946481264554675	98.9324895461372	6280301.517890343	2647.0086582943027	2201.24570975945	1.58164	33.341225	0.1994438276766292	0.1293912060494458	0.0183048521	-0.0295611678	0.0207386424	0.1320188864	0.0032947333	0.1679106139	-0.0362142083	0.0427268441	0.0117709103	-0.1496898731	0.0406033168	0.0274674294	-0.0368776767	0.0559886687	0.0167345108	-0.0170576322	0.0775586388	-0.1772610019	-0.0318255866	-0.0132093803	0.0552207933	0.0933582159	-0.1338370501	-0.0547400653	-0.0991539669	0.0855336592	0.1098091449	0.1740225837	-0.0037325315	0.0515184522	-0.1026022022	-0.0079084683	-0.0155603211	0.0179116632	0.1192900477	-0.0012343845	-0.0326489363	-0.1121113351	-0.1421961252	0.018487769	0.0532116997	0.174041669	-0.0400039071	-0.0715359822	0.1314441258	0.0388860512	-0.0112857442	-0.0393888772	-0.0548356518	-0.0717594915	-0.0214876086	0.0541314303	-0.0460066623	-0.0944554617	-0.0177003392	-0.1326425064	0.0239595428	0.0141173989	0.1131578309	-0.040545613	0.0541394198	-0.0270704183	-0.0862485974	-0.075232084	-0.00298683	0.0716892996	-0.0223830562103444	-0.0213962220229718	0.0005010012053154	0.0004577983168563	0.0091948193702506	-0.0190700687011259	8.454470325153563e-05	0.0003636675202656	0.0326409964281211	-0.1133911861170915	0.0128575610890408	0.0010654346478206	-0.0057579248759608	-0.0008500401113683	3.315369887720819e-05	7.225681909352011e-07	0.0002529247641944	-6.114157600810001e-05	6.397093634279286e-08	3.738292316754271e-09	-0.000841779498416	-5.453293322999452e-07	7.085927239534924e-07	2.97384080666704e-13	1.0	0.0	0.0	0.0	0.0	0.0	0.0	0.0	0.0	0.0
2147.762157042328	-7.435942507621803	55.293240976656826	4612882.283223114	2976.8487859486104	-5.9196093896193815	8861628.694403715	35.041775325669946	2506.1842971214883	0.1313212468076017	0.017245269863103	6280959.731138328	2621.5555532394524	2149.9958451031243	1.225231	25.828074	0.2509367973790977	0.1240947639476347	0.0284821648	-0.0763877944	-0.0428176262	0.1040491445	0.0081776209	-0.0080828301	0.0787111546	0.0972545251	0.0473928456	0.0079933798	0.0292738315	0.0244268905	0.0081054088	-0.0875359626	-0.0296050678	-0.0553817645	0.0773927185	-0.0118979769	-0.0962795658	-0.0452939326	-0.0389094054	0.0066131628	-0.0685496162	-0.0761151707	0.0157161957	0.1087022095	-0.0504406686	-0.0123702855	-0.0047328937	-0.0832644968	0.0027786458	-0.0127075704	0.0396011472	-0.0895349119	0.1057704356	0.1032983387	-0.0476403027	-0.0441397119	-0.0398234017	0.0167110394	-0.1114998749	0.0324522376	-0.0762111611	0.018310625	0.0686004207	0.102018826	0.0348405909	0.0032925941	0.0703029749	-0.0561364527	-0.0731181246	-0.1286845455	0.0605715425	-0.0322470372	-0.0258608667	-0.0740444357	-0.1285052481	-0.000801195	0.0193826304	0.0361674471	0.0531726956	-0.0293432743	-0.0873563013	-0.0724229201	0.00298683	0.0759024438	0.0143471914151831	0.0367302476255275	0.0002058419015039	0.0013491110906325	0.0097749002012932	0.0005800808310426	9.554867394524185e-05	3.364937705430749e-07	0.1087531420235237	0.0761121455954026	0.0057930587071357	0.0118272458999887	-0.0069172083459838	-0.001159283470023	4.784777130174794e-05	1.3439381638685686e-06	-0.0008562653407615	-0.0011091901049559	7.331903337894077e-07	1.2303026889320805e-06	-0.0003599666068524	0.0004818128915635	1.295759580488303e-07	2.321436624768773e-07	0.0	0.0	0.0	0.0	0.0	0.0	0.0	0.0	0.0	0.0
2145.454900786174	-2.307256256153778	5.323431431560747	4602976.7313074125	2962.1567013677723	-14.692084580838127	8774372.323458001	215.85734933050145	2506.560126084548	0.3758289630595754	0.1412474094744357	6282843.665676984	2619.707318430158	2123.7248160378977	1.100176	23.191895	0.1735225347910236	0.0928863822225094	0.034040992	0.0338802732	-0.1001479456	0.0069870507	-0.0073403451	-0.0465071896	0.0519148919	0.1140694984	-0.0411765699	-0.0396044609	-0.0107929287	0.0592761562	0.0173687993	0.0868899603	-0.0399609622	-0.0309698026	-0.0365494012	0.0274472947	0.0337752864	-0.0139351028	-0.0930171322	-0.0234221989	0.0120820038	-0.0335525109	-0.0128676526	0.0321011206	-0.0932454811	-0.0061976017	0.0238594234	0.0856938789	-0.0282360677	-0.0705495114	0.0148371879	-0.0448089226	-0.0863619121	0.0159640087	-0.0145324443	0.0043366004	-0.0005421419	-0.0554924284	0.0919180135	-0.0721974869	-0.0371838466	-0.0123548452	-0.0200943074	0.0160446625	0.0626975189	0.0455521409	0.05069891	-0.0046385959	0.0108607743	-0.111795842	0.2065460548	0.051657931	-0.0331564641	-0.0525482299	0.0199571386	0.025352515	-0.007522614	0.0124487527	0.0521968607	-0.0315960199	-0.0883293083	-0.06941525	0.0089476998	0.0796476241	0.0239074829169823	0.0095602915017992	0.0005715677394258	9.1399173599374e-05	0.0335203417651541	0.0237454415638609	0.0011236133120527	0.0005638459950627	0.170419860573979	0.0616667185504553	0.003802784176781	0.0290429288780544	-0.0059710014933974	0.0009462068525863	3.5652858834153985e-05	8.953074078814607e-07	-0.0010482230518831	-0.0001919577111216	1.0987715664991205e-06	3.6847762859043666e-08	7.287049293776358e-05	0.0004328370997901	5.3101087409926525e-09	1.8734795495476006e-07	0.0	0.0	0.0	0.0	0.0	0.0	0.0	0.0	0.0	0.0
2139.696943488596	-5.757957297578287	33.15407224073505	4578303.00997444	2947.64551219826	-14.511189169512363	8688614.065582542	210.5746111133729	2498.7977875929614	-7.7623384915864335	60.25389885796435	6243990.383279479	2614.658550440533	2116.028238173814	0.96444	20.330557	0.0391714554880228	0.0219748692373151	0.0372017958	-0.0263014405	-0.0457662292	-0.0827713538	0.0104479832	-0.0226837191	-0.0153085613	-0.0685155705	-0.032976452	0.0681146861	0.052676147	-0.001039065	-0.0347001832	-0.0698129885	0.0159386971	0.0203219498	-0.0333140183	-0.0219377058	-0.0224154274	-0.0017309198	-0.0044283895	-0.0411158318	0.0806553075	0.1341253583	0.0129780598	-0.0461485949	-0.006940007	-0.029943427	-0.0461531906	-0.0699620757	0.0148860613	0.0444459143	-0.0674284857	0.0448255765	-0.0380767707	-0.0572032178	-0.0137961542	-0.0053307703	0.043520589	0.0752043616	-0.0382733673	-0.0785973294	-0.0477461503	-0.0102374278	-0.0060860871	-0.0830136343	-0.0409003703	0.0257941768	0.0018537144	-0.0652564774	0.0050203126	-0.1174996518	0.1286835638	-0.0431304099	-0.0255769992	-0.0519150009	-0.0211543411	0.0123075901	-0.0291204503	0.0325129126	0.051212082	-0.0338271112	-0.0891661178	-0.0662173176	0.0148702542	0.0829017503	0.010300174375601	-0.0136073085413813	0.0001060935921677	0.0001851588457403	0.0236519439883693	-0.0098683977767848	0.0005594144544289	9.73852746808512e-05	0.1676432349506242	-0.0027766256233548	7.709649852270525e-06	0.0281042542247101	-0.0060820043892033	-0.0001110028958058	3.699077739028821e-05	1.2321642877295435e-08	-0.0009017323335274	0.0001464907183557	8.1312120132877e-07	2.1459530564369054e-08	7.375934970620156e-05	8.888567684379838e-07	5.440441669081736e-09	7.900663547980155e-13	0.0	0.0	0.0	0.0	0.0	0.0	0.0	0.0	0.0	0.0
2142.076427162747	2.379483674151288	5.661942555552514	4588491.41980632	2951.2045514683523	3.5590392700923985	8709608.304607518	12.666760526059832	2495.1919664236216	-3.6058211693398334	13.001946305259285	6225982.949304979	2616.52521171851	2147.363672156083	1.033069	21.77726	0.0479047284386125	0.0264733993565515	0.0458103633	-0.0823153699	0.0773886369	-0.029957244	-0.0193325119	-0.000397999	-0.0375899183	-0.0883871719	-0.0139341124	-0.027951727	-0.0481999172	-0.0393979264	0.0795578903	0.0558996421	0.0085536798	-0.0205583202	0.0605921525	0.0409604043	-0.0630153219	0.016643666	-0.0261767353	-0.024235424	0.0306406086	0.0496939344	-0.001403686	-0.1018078397	0.0399630083	-0.0143666818	0.0890521114	0.0533858167	0.0236953331	0.0540408701	0.0011026079	0.0408178421	0.0610452728	0.0025653108	-0.0108244279	-0.0268834017	0.0069655082	-0.091121745	0.0294636859	-0.0232487269	-0.0434054931	-0.0391107333	0.0255949881	-0.0013340788	-0.1088951397	-0.0689095782	-0.0715688992	0.0021604274	-0.0496128222	-0.0649566156	0.1132947028	0.041069595	-0.0619487406	-0.0395739408	0.0625821692	0.0496584746	-0.0255781633	0.0379924709	0.0502185284	-0.0360350191	-0.0898654396	-0.0628378881	0.0207291319	0.0856447597	-0.0017740759769253	-0.0120742503525263	3.1473455719034574e-06	0.0001457875215754	0.0338100416766593	0.0101580976882899	0.0011431189181774	0.0001031869486448	0.1485655848124949	-0.0190776501381292	0.0003639567347928	0.0220717329906786	-0.0060850118814414	-3.00749223810029e-06	3.702736959728301e-05	9.045009562233493e-12	-0.000773233233309	0.0001284991002184	5.978896330934903e-07	1.6512018756938412e-08	7.414736244304053e-05	3.880127368389649e-07	5.4978313572596165e-09	1.5055388394926388e-13	0.0	0.0	0.0	0.0	0.0	0.0	0.0	0.0	0.0	0.0
2143.2444734117994	1.1680462490521677	1.3643320399248386	4593496.872810221	2967.5103302915654	16.30577882321313	8806117.560387155	265.8784230315458	2496.375164325421	1.1831979017993035	1.3999572748222742	6231888.961060772	2614.192028898572	2160.2231562876564	1.083354	22.837284	0.0918622642841455	0.0380506181588185	0.0187203739	0.0457463879	-0.0322495262	0.0871510091	-0.0332721601	0.0083159652	-0.0174707964	0.1166041565	-0.0233891045	-0.086145467	0.00523202	-0.0336337556	-0.072293296	0.0009268578	-0.097370515	-0.0050191472	0.0187179915	-0.0395885769	-0.0448162277	0.0565247072	0.0067726599	-0.0601304799	-0.0411690923	-0.0745013021	-0.0003790763	-0.0014897653	0.0138824297	-0.0337407814	-0.0679759378	0.0154727872	-0.0825017317	-0.0199408938	0.0609368816	-0.0317176114	0.021521593	0.0643618828	-0.0197797451	-0.020051112	-0.0100707137	0.0955024389	0.0308142757	-0.0491786311	0.0343459088	-0.0945056036	-0.0039829515	0.0904782718	0.0784223041	-0.0165001796	-0.0276741947	-0.0110147895	-0.0442070232	-0.0722623673	0.1050799852	-0.0319304906	0.0495470526	-0.0394028371	0.0188759624	0.0241721094	-0.0483979338	-0.032123219	0.0492163702	-0.0382182304	-0.0904261954	-0.0592862243	0.0264992443	0.0878597406	0.0115815919800468	0.013355667956972	0.0001341332727922	0.0001783738665768	0.0191670128614447	-0.0146430288152145	0.0003673743820307	0.0002144182928832	0.1679661349204408	0.0194005501079458	0.0003763813444909	0.0282126224801117	-0.0057423558894309	0.0003426559920105	3.297465116088174e-05	1.174131288607002e-07	-0.0010499961149803	-0.0002767628816712	1.102491841473723e-06	7.659769267100198e-08	0.0003439888368415	0.0002698414743984	1.1832831987156813e-07	7.281442130553447e-08	0.0	0.0	0.0	0.0	0.0	0.0	0.0	0.0	0.0	0.0
2143.673301877649	0.4288284658496195	0.1838938531229383	4595335.225183022	2964.365380566991	-3.144949724574417	8787462.109504081	9.8907087701007	2507.9401940565845	11.565029731163577	133.74991268269747	6289764.016964578	2620.61371044562	2124.933901312756	1.046448	22.059282	0.0618496880003882	0.0283453037217458	0.0317370892	0.0456348496	-0.0768276202	-0.076348656	-0.0253103319	-0.0558789062	0.068719881	0.0109787687	-0.0637642487	0.0938577763	-0.0115766042	0.0800620685	0.1255529378	-0.0230468847	-0.0345699234	-0.0237421977	-0.0428296242	-0.0361416617	0.0134632572	-0.0368040379	-0.04732293	0.0741270035	0.0987039706	-0.0714030001	0.1776755618	-0.0653789741	-0.0897625151	0.0119095172	0.1110399766	-0.0413033641	-0.0067322329	-0.038681101	-0.0532614674	0.015450822	-0.1141323795	-0.0031411487	-0.0231217465	0.0252361449	-0.0610160287	-0.0679629614	-0.0544843421	-0.0802098988	-0.0168512531	-0.032580286	-0.0647499806	0.0039433053	0.0323200549	0.084904975	0.0824122528	-0.0099057594	-0.1020313305	-0.0543567395	0.1045321687	-0.0085901687	-0.0071632935	-0.0051886726	-0.0378752019	0.0748223232	0.0545976377	0.0530433195	0.0482057789	-0.0403752488	-0.0908475206	-0.0555720611	0.0321558829	0.089533037	0.015392258619542	0.0038106666394952	0.0002369216254108	1.4521180237361643e-05	0.0256705143830657	0.0065035015216209	0.0006589753086911	4.229553204172664e-05	0.1861882865881128	0.0182221516676719	0.0003320468113996	0.0346660780626172	-0.0061092204633901	-0.0003668645739592	3.732257467030435e-05	1.3458961562626548e-07	-0.0011137829010225	-6.37867860422e-05	1.2405123506100955e-06	4.0687540735934006e-09	0.0005796048402721	0.0002356160034306	3.359417708668466e-07	5.5514901072608514e-08	0.0	0.0	0.0	0.0	0.0	0.0	0.0	0.0	0.0	0.0
2136.817831245557	-6.855470632091965	46.99747758747541	4565990.443928966	2945.2380575762536	-19.12732299073741	8674427.215795543	365.854484791992	2487.795776660626	-20.1444173959585	405.79755222259536	6189127.826370447	2608.39061480248	2105.447560472098	1.061084	22.367821	0.0544555927597714	0.0289572803345525	0.0397822861	-0.0472125471	-0.0143580182	-0.0805593351	0.0337547594	0.0139051217	-0.0475944298	-0.1070898013	-0.0320777511	-0.0597573749	-0.0061103971	-0.0724252866	-0.0986366267	0.0483647103	-0.038137664	0.0305154302	-0.0135748762	-0.030281771	0.0517667269	-0.0735202362	0.0433149083	0.0284323948	0.0764369155	0.0100466145	-0.0479977981	0.1090383894	0.0590435795	-0.0391854652	-0.0935418299	0.0516660417	-0.0109115572	0.1006123582	-0.0348663172	-0.0263496148	-0.0697786907	-0.0557470095	0.0057512339	-0.0438014401	0.1023827413	0.0548413081	0.0689190517	-0.0638527683	0.0001160526	-0.0473484701	-0.0327455338	-0.0553064426	-0.0608418464	0.0145667848	-0.0113561647	-0.0571377607	-0.0238159118	-0.1313168907	0.0887349643	-0.0186417027	0.0605383751	-0.0424963147	0.0515222568	0.0240969554	-0.0198967105	0.0374221026	0.0471869279	-0.042504596	-0.0911287655	-0.0517055788	0.037674825	0.0906543325	0.0109659841355949	-0.0044262744839471	0.0001202528080621	1.959190580724117e-05	0.0337881372471855	0.0081176228641197	0.0011416382186346	6.589580096408051e-05	0.1653563546681482	-0.0208319319199646	0.000433969387518	0.0273427240291384	-0.0061099197299312	-6.992665410997939e-07	3.733111910620255e-05	4.889736955016699e-13	-0.0010491958100382	6.45870909842998e-05	1.1008118478017148e-06	4.1714923218142205e-09	0.0002232959279627	-0.0003563089123094	4.9861071444723305e-08	1.2695604099110772e-07	0.0	0.0	0.0	0.0	0.0	0.0	0.0	0.0	0.0	0.0
2141.345760973614	4.527929728056733	20.502147622219923	4585361.668039665	2954.828075660203	9.590018083949415	8731008.956709778	91.96844685047684	2488.486161745512	0.6903850848862021	0.4766315654333284	6192563.377198911	2610.8636976987195	2161.3756390398707	1.078624	22.737555	0.0810693833854206	0.0456617673219329	0.0443078943	-0.0588275826	0.095989603	0.0332783677	-0.036386527	-0.0011250334	-0.0032631268	-0.0621716384	0.0239851403	0.0235595508	-0.0309022159	-0.0688321645	0.0373726343	-0.093346066	-0.020788835	0.0730697258	-0.0057853387	-0.0268739227	-0.0155340307	-0.0314946614	0.0264957887	-0.0024254117	-0.0280595854	-0.0434846159	-0.0054496654	0.0723337542	0.0324192914	-0.0516060685	0.0355861587	-0.0850440677	-0.0045753316	0.0523929815	0.027343857	-0.0150408043	0.0411454554	-0.0026126177	-0.0193174948	-0.0083722295	-0.0137231967	-0.0224434855	-0.1116313196	-0.048061001	-0.0044608216	-0.0533662625	0.0084104086	0.0670527946	-0.0722099443	-0.0658136098	-0.0104777053	-0.049175415	-0.0996473419	-0.0991675599	0.0306989206	-0.0311801809	0.0106487288	-0.0152384147	-0.0555476189	0.0240877005	0.0753534788	0.016338633	0.0461599916	-0.0446048127	-0.0912694965	-0.047697375	0.0430324377	0.0912167139	0.0144814331349891	0.0035154489993942	0.0002097119056431	1.2358381667341684e-05	0.0108194235529879	-0.0229687136941975	0.0001170599260189	0.000527561808766	0.1862261249376118	0.0208697702694636	0.0004355473111001	0.0346801696092789	-0.0066320108535716	-0.0005220911236404	4.398356796189151e-05	2.72579141384096e-07	-0.001048249840877	9.459691612001032e-07	1.0988277288986558e-06	8.948576539416269e-13	7.202401231699591e-05	-0.0001512719156457	5.187458350238778e-09	2.2883192463121013e-08	0.0	0.0	0.0	0.0	0.0	0.0	0.0	0.0	0.0	0.0
2142.851498031036	1.505737057422266	2.267244086094664	4591812.542613856	2968.36637321061	13.538297550407153	8811198.925607512	183.28550056336027	2499.232404855581	10.746243110068916	115.48174098070368	6246162.613480211	2617.1183395198286	2135.1218408283435	1.100809	23.205236	0.0554953091992865	0.0360282743476318	0.0346273444	0.0609606937	-0.036117807	0.0506616565	-0.0497269256	-0.0151643091	0.092033496	0.1163140329	-0.0293246329	-0.046718287	-0.052089753	0.0537931365	-0.0202718947	0.0944413734	0.0125052145	-0.0076885642	-0.0439173065	0.011179904	-0.0364282624	-0.0327488587	-0.0118657602	-0.0643979721	-0.037699984	-0.1108032472	-0.0132882201	0.0058221052	-0.0761281599	0.0251298114	0.0067504248	0.1017314136	-0.0244606604	-0.0073642106	0.0837894828	-0.0304291092	-0.0433079497	0.0795023099	-0.0081726099	0.0189284502	-0.0325179326	-0.0330083935	0.1066485373	-0.0644349841	-0.0085722505	-0.0177517519	-0.0210638373	0.1013211772	0.0952285603	0.0102414172	0.078049193	-0.0379727746	-0.0714424002	-0.0803233043	0.0768568713	-0.0051795706	0.0464789436	-0.0320379477	-0.0035605491	0.0391148981	0.0429272783	0.0315516474	0.0451251461	-0.0466744595	-0.0912694965	-0.0435584361	0.0482057789	0.0912167139	0.0057515664467473	-0.0087298666882418	3.3080516591349364e-05	7.621057239447385e-05	0.0388643338034881	0.0280449102505002	0.0015104364419889	0.0007865169909586	0.1926396648519812	0.0064135399143694	4.113349423320957e-05	0.0371100404742836	-0.0063860092501568	0.0002460016034148	4.078111414308821e-05	6.051678888265293e-08	-0.0010482405119802	9.328896800019082e-09	1.0988081709565117e-06	8.702831550540626e-17	7.215292692889846e-05	1.2891461190255374e-07	5.206044864406961e-09	1.6618977161986053e-14	0.0	0.0	0.0	0.0	0.0	0.0	0.0	0.0	0.0	0.0
2136.347022709964	-6.504475321071823	42.30819920243239	4563978.601441728	2944.1662992374627	-24.20007397314748	8668115.197565617	585.6435803058101	2494.9131531348594	-4.319251720721695	18.655935426957324	6224591.641685327	2610.68895419634	2122.8948121991075	1.033308	21.782293	0.0422893171921542	0.0229149441155892	0.0233202914	0.008996386	-0.0814060313	-0.0392164631	0.0380113907	-0.0087733471	-0.0528621324	-0.0116063696	-0.0204990406	0.0351874322	0.0328920673	-0.0158000997	-0.0069962378	-0.0926643088	-0.0934841665	-0.0919381113	0.0141115043	-0.0020758778	0.0314563264	0.0026342117	-0.0420917437	-0.0178600795	0.0826126637	0.0260735265	0.0455476064	-0.0386187301	0.0030064495	-0.0343375278	-0.0128012348	-0.0846120131	-0.0819762252	-0.0335526053	0.0024964861	-0.0102807852	-0.1160277765	0.0020145058	-0.0053372122	0.0029724303	0.0655661869	0.0663516323	-0.0720491085	-0.0828215044	0.0065982964	-0.0288526504	-0.068871848	-0.057344104	0.0221873208	0.00966299	0.0256080788	0.0225931067	0.0171797828	-0.1150786834	0.1198702784	0.0074422077	0.0118823492	0.040167374	-0.0135948646	-0.0023983272	-0.0549129945	0.0096074227	0.0440825686	-0.0487121179	-0.0911287655	-0.0393001065	0.0531726956	0.0906543325	0.0108373837614408	0.0050858173146935	0.0001174488867927	2.58655377584362e-05	0.0338078961242871	-0.005056437679201	0.0011429738403505	2.556756200364365e-05	0.1743260000235622	-0.018313664828419	0.0003353903194476	0.030389554284215	-0.0061099989644498	0.0002760102857069	3.733208734557762e-05	7.61816778160597e-08	-0.0010482275943028	1.2917677399970628e-08	1.0987810894578354e-06	1.6686638940971195e-16	7.279767094131324e-05	6.447440124147767e-07	5.299500894479722e-09	4.1569484154470583e-13	0.0	0.0	0.0	0.0	0.0	0.0	0.0	0.0	0.0	0.0
2146.9859104111283	10.638887701164094	113.18593151798063	4609548.499503901	3009.683257142941	65.5169579054782	9058193.308326542	4292.471773188202	2489.861098069411	-5.052055065448258	25.5232603843214	6199408.287679413	2644.329494916836	2137.841562215348	1.391237	29.327503	0.2879255619443526	0.204791408836388	0.0198317611	-0.1542380571	-0.0168997847	-0.0297869465	0.1407742514	0.3085518097	-0.0083406404	-0.0250052039	-0.1040433621	-0.0503766457	0.1084485498	-0.0466735941	0.0190027979	0.0767213188	0.061984166	-0.1067972243	0.0586205381	-0.1257886942	-0.1321370795	-0.0028918145	-0.0195563758	0.0946145395	0.1032457518	0.1108105387	-0.1276290046	0.0611114956	0.2075081943	0.210512606	0.0428546428	0.0261512982	-0.0603429332	0.0190756251	-0.1145672048	-0.1554322478	0.0576486428	0.032085108	-0.0025107962	-0.1720697762	0.0697372039	-0.0807244918	0.0144883105	0.1591367972	2.60693e-05	-0.0741740549	0.0275784485	-0.0717507804	-0.0974839191	0.1207551684	-0.0649236934	0.0550424224	0.0005715482	-0.0643428296	0.0655691685	0.0808579303	0.0679859309	-0.073208706	0.0044089271	0.0300801401	-0.1019880886	-0.0362743753	0.0430324377	-0.0507163915	-0.0908475206	-0.034934058	0.0579119187	0.089533037	0.0159606664465599	0.005123282685119	0.0002547428734183	2.624802547164116e-05	-0.0062612581349696	-0.0400691542592566	3.920335343272299e-05	0.0016055371230521	-0.024218146118784	-0.1985441461423462	0.0394197779673933	0.0005865186014307	-0.0060978780872875	1.2120877162299404e-05	3.7184117167421065e-05	1.4691566318355128e-10	-0.0013449826881386	-0.0002967550938357	1.8089784313925343e-06	8.806358571749443e-08	-0.0005021059352132	-0.0005749036061545	2.5211037017632226e-07	3.305141563694637e-07	0.0	0.0	0.0	0.0	0.0	0.0	0.0	0.0	0.0	0.0
2137.501884156308	-9.484026254820492	89.94675400212441	4568914.304771766	2935.588060573189	-74.0951965697518	8617677.261379858	5490.09815471016	2488.942470550537	-0.9186275188740184	0.8438765184326348	6194834.621710211	2611.3826325437653	2174.262492843539	1.226567	25.856236	0.1860330938966614	0.1030044691344112	0.0301473718	-0.1099059927	0.0837143913	0.0907320738	0.0524753674	0.0004685817	-0.0659127655	0.0036752065	0.0892689593	0.0104835781	0.0620400718	-0.0460165249	-0.0677392911	-0.0330206708	-0.0573253867	-0.034425883	0.036398463	-0.1273197729	-0.0848006618	-0.0298961556	0.0732446039	-0.1004673864	-0.0469758031	0.0378257611	-0.0837382579	0.013490537	0.0636331657	-0.0116298977	-0.0726838731	-0.0304285431	-0.0223119916	-0.0475706205	0.0030981556	-0.1017740458	0.1193448535	-0.0497408454	-0.0110004301	-0.0962130018	0.0102830064	0.0699726004	-0.05762195	0.1475018273	-0.014232061	-0.0068996202	0.0345972668	0.0616731745	-0.0943755065	0.0095448365	-0.0506643887	0.03941058	0.0350566482	-0.0205309625	-0.0152622441	-0.0568717485	0.0092618757	0.0102944411	-0.0177239729	0.0045347195	-0.0257259125	0.0059297916	0.0419749335	-0.0526859066	-0.0904261954	-0.0304722578	0.062403154	0.0878597406	0.0182130326488163	0.0022523662022564	0.0003317145582668	5.073153509066924e-06	0.0232611125786945	0.0295223707136641	0.0005410793583986	0.000871570372555	0.0634750396835315	0.0876931858023155	0.0076900948361594	0.0040290806628258	-0.0057060289207749	0.0003918491665126	3.255876604471957e-05	1.5354576929661953e-07	-0.0009140266387646	0.0004309560493739	8.354446963713126e-07	1.8572311649204546e-07	6.392272468707782e-06	0.0005084982076819	4.086114731419948e-11	2.5857042721571264e-07	0.0	0.0	0.0	0.0	0.0	0.0	0.0	0.0	0.0	0.0
2142.994620129876	5.49273597356796	30.17014847532757	4592425.941905591	2946.640901302863	11.05284072967379	8682692.601230947	122.16528819553584	2495.4444295443022	6.501958993765129	42.27547075660325	6227242.900943688	2617.763637233425	2152.228438371804	1.192162	25.130972	0.126296934624668	0.0644971070336939	-0.0142929866	0.0141467352	-0.0253028444	0.0789353061	-0.0161919956	-0.0038010377	-0.0065996152	0.0813100316	0.0434572947	0.0481460176	0.0063355928	0.0125064381	0.0920868333	-0.0025132865	0.0066346894	0.0256077426	0.0668951085	-0.1525047202	-0.0760976292	0.0493910291	0.034936953	0.037261407	-0.0070943877	-0.024706214	0.021301368	-0.070268876	0.0202191374	0.0277879494	0.0918713675	-0.0184196523	-0.0005475141	-0.0539572694	-0.0678600412	-0.0187251091	0.1234375422	0.0206038696	-0.0337869211	-0.0877424774	-0.1255981146	-0.0929992715	-0.0422606911	0.1311351342	0.0479869813	-0.1144446563	0.0307597541	0.0756400062	0.0436243244	0.0234288376	-0.0163570341	0.0314135264	-0.0443681169	0.0713281357	0.0422868803	0.0460718696	0.0562994501	-0.0197955185	-0.0463756669	0.0171221953	-0.0280872267	-0.0202159122	0.0409102371	-0.0546193134	-0.0898654396	-0.0259269352	0.0666271694	0.0856447597	0.0046049663968545	-0.0136080662519618	2.120571551615912e-05	0.0001851794671177	0.0186399838754738	-0.0046211287032206	0.0003474489988779	2.135483049173022e-05	0.0456943149976964	-0.0177807246858351	0.0003161541703534	0.0020879704231087	-0.0065671660145205	-0.0008611370937456	4.312766946227308e-05	7.415570942246189e-07	-0.0004728730311585	0.0004411536076061	2.236089035970277e-07	1.9461650550387685e-07	-0.0004970573258526	-0.0005034495983213	2.4706598518373775e-07	2.5346149804988614e-07	0.0	0.0	0.0	0.0	0.0	0.0	0.0	0.0	0.0	0.0
2136.2428923377693	-6.7517277921065215	45.5858281787036	4563533.695063639	2940.689426810441	-5.951474492421767	8647654.30495472	35.42004863394693	2492.3415732750527	-3.1028562692495143	9.627717027621014	6211766.517875165	2607.153251329277	2107.9154008118035	1.091153	23.001671	0.0869703317488238	0.0512626611131037	0.0101863139	-0.0511106524	-0.1168373639	0.0046197775	0.10285201	-0.0472311846	0.0043431858	0.0508945555	-0.0303137256	0.0228416168	0.0277063195	0.0165363256	-0.0864729611	0.0223365386	-0.022444527	-0.0702638993	-0.0182258096	-0.0775360421	0.0078229041	-0.0081605945	-0.0006259616	0.0231224187	-0.0138758768	0.0242998411	-0.0115032178	0.0810762207	-0.0307611635	-0.0175264896	-0.0830031678	0.0278784993	0.0042269134	-0.1040215577	-0.0805592675	-0.1435718292	-0.0086143656	-0.0368264489	-0.0135453825	-0.1252607188	0.0272559374	0.0684790575	0.0377490652	0.1391963513	-0.0170945132	0.0155302418	-0.0063424727	-0.02385079	0.0618271299	0.0875841393	0.1321901889	0.1124673815	0.0238162604	-0.025146964	0.0449313165	-0.0236798513	0.0582882659	0.0419085413	-0.0108683551	7.67764e-05	-0.0374951106	0.0425916911	0.0398385309	-0.0565152869	-0.0891661178	-0.0213105486	0.0705658771	0.0829017503	-0.0029435186633435	-0.007548485060198	8.664302121451504e-06	5.69796267040324e-05	0.0180552010019283	-0.0005847828735454	0.00032599028322	3.419710091921309e-07	0.0021873821587661	-0.0435069328389303	0.0018928532050511	4.784640708488244e-06	-0.0064083029885576	0.0001588630259629	4.106634719315627e-05	2.5237461018089243e-08	-0.0010174032675374	-0.0005445302363789	1.0351094087957784e-06	2.965131783308608e-07	-0.0005002666830338	-3.209357181199984e-06	2.502667541536405e-07	1.0299973516519909e-11	0.0	0.0	0.0	0.0	0.0	0.0	0.0	0.0	0.0	0.0
2129.4992267907287	-6.743665547040564	45.47702501034191	4534766.956902311	2938.394343393292	-2.295083417149272	8634161.317285694	5.267407891673577	2482.369174663837	-9.972398611215796	99.44873406097872	6162156.719321219	2600.4251199108376	2103.4814143264502	0.983616	20.734789	0.0921726134044278	0.0636925629218551	0.0128008329	-0.1002504016	-0.0208383076	-0.0506008915	0.1083740982	-0.0120721732	-0.0356689379	-0.029233438	0.0200270996	0.076912352	0.0711341347	-0.0794257615	0.0919492469	-0.036821324	-0.0664209468	-0.0611718536	-0.0138331706	-0.0544740133	0.019912464	-0.0201048451	-0.0274345814	0.0596128017	0.1204237318	0.0531266125	0.0240440302	0.1026814587	0.037344506	-0.0752572557	0.0888834567	-0.0423364956	0.0133107882	-0.0034347738	-0.0494603165	-0.127620305	-0.0007668739	-0.0817846652	-0.0042847133	-0.0844946498	0.0806294038	-0.0680413331	-0.0954163908	0.0506159654	-0.0182674343	-0.0021780152	-0.0216195875	-0.0713396572	-0.0812961995	-0.0054028692	0.0669971413	0.0836275764	0.0344297153	-0.0288248728	0.0972342317	0.0311310813	0.0538944759	0.0522429187	-0.0583203019	-0.0607492817	-0.0884045417	0.0747328808	0.0387599986	-0.0583725276	-0.0883293083	-0.0166357513	0.0742024108	0.0796476241	-0.005898097248135	-0.0029545785847915	3.478755114845766e-05	8.729534613708545e-06	0.0184503573418197	0.0003951563398914	0.0003404156860408	1.56148532956368e-07	0.063483881526146	0.0612964993673798	0.0037572608346952	0.0040302032136257	-0.0067602573921783	-0.0003519544036207	4.570108000850135e-05	1.2387190222800266e-07	-0.0008198205397418	0.0001975827277956	6.721057173825364e-07	3.903893432315017e-08	-0.0004992762322028	9.904508310000029e-07	2.4927675604262424e-07	9.809928486285958e-13	0.0	0.0	0.0	0.0	0.0	0.0	0.0	0.0	0.0	0.0
2128.7302982584174	-0.7689285323112927	0.5912510878023987	4531492.68272337	2936.6425035670845	-1.7518398262072878	8623869.193756754	3.0689427766859803	2478.976709806002	-3.392464857834966	11.508817811645216	6145325.52776059	2603.900824169562	2174.588433338188	1.192781	25.144005	0.0499462814345606	0.0304260802044122	0.0149073857	-0.0968898567	0.0750246798	0.1152762612	0.0689209985	0.0286564273	-0.1072608861	0.0398467494	0.0935497334	-0.0463613069	0.0411743841	-0.0941719498	-0.0464201316	0.0931031279	-0.0772162494	-0.0389739875	0.0218927031	-0.1153363757	-0.0350660091	-0.0534696146	0.0048013521	-0.0165937026	-0.1346617889	0.098069675	-0.0397457407	-0.0646703175	0.1010859263	-0.0255891947	-0.0292402839	0.099127615	-0.0643356505	-0.0739970594	0.0132643808	-0.1232887847	0.0767467575	-0.038841588	0.0007938591	-0.0952998592	0.0549034904	0.0086816105	0.0717734124	0.1180970416	0.0145858827	-0.0326891281	0.0172859671	0.0825328113	-0.0596908414	-0.0411523863	-0.0565960298	0.0309396344	0.0617775968	0.0042357911	-0.047570008	-0.0170097366	0.0490001554	0.0192046032	-0.0600369864	-0.095796555	-0.0411018628	0.1059025521	0.037674825	-0.0601897627	-0.0873563013	-0.0119153566	0.0775211985	0.0759024438	0.0013127910328023	0.0072108882809373	1.7234202958061294e-06	5.199690980015888e-05	0.017951684475193	-0.0004986728666267	0.0003222629754968	2.486746279096936e-07	0.0813631974501376	0.0178793159239916	0.0003196699379099	0.00661996989931	-0.0063432644134139	0.0004169929787643	4.023700341848319e-05	1.7388314433880734e-07	-0.0008899245890774	-7.010404933559993e-05	7.919657742445792e-07	4.9145777332482285e-09	-0.0004993272913629	-5.105916010004e-08	2.4932774389981045e-07	2.6070378301215164e-15	0.0	0.0	0.0	0.0	0.0	0.0	0.0	0.0	0.0	0.0
2132.559463827278	3.8291655688603896	14.662508953745911	4547809.866759286	2952.455386590101	15.81288302301664	8716992.809804903	250.04726949960784	2488.630421271691	9.653711465688955	93.19414506277444	6193281.373678914	2610.015796858204	2135.380828835114	1.234164	26.016363	0.1146291809649906	0.0748021865373109	-0.0085489412	0.0395369975	-0.0256551369	0.0637030001	-0.0213904329	0.0074257834	0.0577714196	0.0911597197	0.1224323601	0.0179593747	0.0469660017	-0.0121087636	0.0216912247	-0.0912299506	-0.0202509129	0.019943966	0.0143569521	-0.0353074357	0.0047162388	0.0208016663	0.0600571354	0.010589677	-0.0938016622	-0.0529189998	0.04841568	0.0119419776	-0.0096136599	-0.0118858572	0.0038689019	-0.0907225732	0.0038991666	-0.0111533802	0.051890193	-0.0995117679	0.0483594197	0.0854393193	-0.0151132973	0.0041052108	-0.0324815929	0.025647452	-0.1015805112	0.0028451656	0.0441485812	-0.0401516167	-0.012050165	0.079445382	0.0427091996	-0.0197052681	-0.0141124568	0.0401807017	0.0234703648	0.0411243179	0.0487983129	-0.0097035383	0.0360241674	0.026536915	-0.1161775667	-0.0869223113	-0.0990509808	0.072059946	0.036583196	-0.0619657467	-0.0862485974	-0.0071623028	0.0805080284	0.0716892996	0.0011384987319047	-0.0001742923008975	1.29617936254861e-06	3.037780615217952e-08	0.018326975727092	0.000375291251899	0.0003358780393014	1.4084352375191978e-07	0.1515168832364466	0.070153685786309	0.0049215396294041	0.0229573659056869	-0.0068051220830392	-0.0004618576696253	4.630968656506778e-05	2.1331250699171285e-07	-0.0009550090923475	-6.508450327010005e-05	9.120423664663958e-07	4.235992565915664e-09	-0.0001477512317406	0.0003515760596222	2.1830426480864483e-08	1.2360572569954305e-07	0.0	0.0	0.0	0.0	0.0	0.0	0.0	0.0	0.0	0.0
2124.365355444641	-8.194108382636841	67.14341218639935	4512928.163413436	2925.678186108252	-26.777200481849377	8559592.84866967	717.0184656451545	2477.923221881573	-10.707199390117694	114.64411877973671	6140103.493539956	2594.991421936185	2091.385732037282	1.003327	21.150286	0.071599690392112	0.0465727178607922	-0.0101740419	-0.0015338276	-0.1040676064	-0.0132742109	0.0735576597	-0.0340543907	-0.0386975427	0.0233937218	0.0183231158	-0.0504297754	0.0169756753	-0.0716476355	0.0026020454	0.0752861831	0.0067075055	0.0522666239	0.0021665142	-0.0015319675	0.0635628266	-0.00686485	-0.1240475691	-0.013976174	-0.0153407953	0.0323568244	-0.0722057783	0.2567980803	0.0230785783	-0.0695896564	0.0033448955	0.0875737962	0.003738126	-0.0557558162	-0.0261038242	-0.0824710868	-0.0798709248	0.0529573661	0.0058636424	-0.0439957443	0.0747924767	-0.0590486909	0.0650366221	0.030043242	0.021523525	-0.0108247419	-0.0241893975	-0.0229680363	0.05583225	0.0375535853	0.0228046728	0.0555822591	0.0892673996	-0.0113689753	0.0740126675	0.0270046407	0.0270630884	0.0623842575	-0.0403937995	-0.0461058927	-0.057047756	0.0784999608	0.0354852986	-0.0636992625	-0.0850079043	-0.0023896175	0.0831501106	0.0670341672	0.0010792830569101	-5.9215674994599976e-05	1.1648519169332102e-06	3.506496165066093e-09	0.0178995801583425	-0.0004273955687494	0.0003203949698449	1.826669721867081e-07	0.1076188049809587	-0.0438980782554879	0.0019270412745249	0.0115818071855296	-0.0066802325226624	0.0001248895603768	4.462550655683645e-05	1.559740229111039e-08	-0.0012330488878682	-0.0002780397955207	1.5204095598730048e-06	7.730612789319267e-08	-0.0002891218937007	-0.0001413706619601	8.359146941707888e-08	1.9985664063036877e-08	0.0	0.0	0.0	0.0	0.0	0.0	0.0	0.0	0.0	0.0
2127.6324951937004	3.2671397490594245	10.67420213988408	4526820.034604171	2930.2611390987554	4.5829529905036	8586430.343312336	21.003458113165888	2478.4212042001577	0.4979823185844907	0.2479863896227852	6142571.66542896	2606.1150121290502	2103.694380241528	0.892053	18.804619	0.070595779444337	0.046145109930168	-0.0199146914	-0.0504270958	-0.0744855379	-0.0490421976	0.0839881774	0.0492540337	-0.0921773318	-0.0591132456	-0.0238323752	0.0674841919	0.1016772504	-0.08267524	-0.0614221855	-0.0761407965	-0.0316706763	0.0127678585	0.0657402028	-0.126437097	-0.0001023424	-0.0644679252	-0.0485061211	0.0122357963	0.0257315843	0.0331149661	-0.0056041231	0.0748851517	0.1089614493	-0.0088292959	-0.0555577362	-0.0873891685	-0.0360460653	-0.0078160528	-0.1222229781	-0.0609367612	-0.029727633	0.0020367853	-0.0068396157	-0.0872225972	0.0571194202	0.0604393998	-0.0733356281	0.0824222701	0.0467130665	-0.0562214496	-0.0085324098	-0.0741623596	0.0094321704	0.0940730878	-0.0465383441	-0.0069495947	0.059391694	-0.0265811863	0.0135332422	-0.0045788998	0.0908502718	0.0585640423	-0.139113494	-0.0587183217	-0.0336658898	0.0118066363	0.034381321	-0.0653891221	-0.0836361352	0.0023896175	0.0854361313	0.0619657467	0.0081656660500897	0.0070863829931796	6.667810204158753e-05	5.021682392602506e-05	0.0119665035722817	-0.0059330765860608	0.0001431972077454	3.520139777606289e-05	0.0659158909619321	-0.0417029140190266	0.0017391330376783	0.0043449046813053	-0.0069397012366218	-0.0002594687139593	4.815945325357014e-05	6.732401352374491e-08	-0.0012332088458602	-1.59957991999974e-07	1.5208040575078466e-06	2.5586559204663745e-14	-0.0002312824487307	5.7839444970000014e-05	5.349157109086887e-08	3.3454013944376604e-09	0.0	0.0	0.0	0.0	0.0	0.0	0.0	0.0	0.0	0.0
2131.6645676019416	4.03207240824122	16.25760790530015	4543993.828769573	2940.4161720504303	10.155032951674912	8646047.264855705	103.12469424960328	2486.8112214895395	8.39001728938183	70.39239011612604	6184230.051326295	2609.788761673161	2114.302907977188	0.95803	20.195425	0.0575927999746671	0.0239089526821373	-0.0138455803	-0.0456348799	0.0229291847	-0.080545158	0.0025084092	-0.0059684301	-0.0047235697	-0.0642166073	-0.0280964237	0.0642446353	0.0636050094	0.0166507463	0.0742834948	0.070220511	0.1135564403	0.0226398265	0.0077071474	-0.001163854	-0.1204405782	0.0018271267	-0.0457099354	0.0492820117	0.1013080043	0.0927844189	-0.1222301738	-0.0033030805	0.0209155254	0.0388716889	0.070208229	0.0425538532	0.106143526	0.0275811107	-0.1072500893	0.0285116167	0.1000698968	-0.0414195701	-0.0134734202	-0.049129746	-0.0492935167	-0.1092802646	0.0061920785	0.0833121207	0.0160434577	-0.0233698182	-0.0215133624	-0.0717053891	-0.0696535924	0.0752796482	0.0035400836	0.0012205392	-0.0488504738	0.1248224443	-0.0120398337	0.0354101891	0.0568991429	-0.0160954221	-0.0577165202	0.028671452	-0.004785817	-0.0328915	0.0332714524	-0.0670341672	-0.0821354052	0.0071623028	0.0873563013	0.0565152869	-0.0061825956219223	-0.014348261672012	3.822448862421279e-05	0.0002058726130085	0.0185581030382593	0.0065915994659776	0.0003444031883786	4.3449183519876206e-05	0.0739414311017796	0.0080255401398475	6.440929453630354e-05	0.0054673352333792	-0.0071843923442187	-0.0002446911075969	5.161549335566827e-05	5.987373813699776e-08	-0.0012892099027144	-5.600105685419992e-05	1.6620621732568723e-06	3.1361183687873314e-09	-0.0005031382582162	-0.0002718558094855	2.531481068808316e-07	7.390558115101647e-08	0.0	0.0	0.0	0.0	0.0	0.0	0.0	0.0	0.0	0.0
2134.697754763865	3.033187161923252	9.20022435925603	4556934.504193885	2948.128843387444	7.712671337013489	8691463.677212987	59.485299152789445	2498.6285658616284	11.817344372088884	139.6496280085408	6243144.710139738	2614.138375846994	2110.544839736314	1.010042	21.291842	0.0625403482407144	0.0305224729989432	0.0016082949	-0.0838069511	0.0672867886	-0.0454962133	-0.0181199572	-0.0507596984	0.0879305806	-0.0474930373	-0.011063409	0.007224513	-0.0168219669	0.163945086	-0.1171394181	-0.0344893421	0.0952958318	-0.0321460015	-0.0847653459	0.0290036962	-0.0045706385	-0.0115110991	-0.0694985008	0.2218061212	-0.0706986173	0.1168774817	-0.1312015905	-0.2069097703	-0.1068635254	0.0892026331	-0.1287419394	-0.0075199412	0.102573932	-0.0577981637	-0.0683431639	0.0503314052	0.1362021962	-0.102071548	-0.0167464591	-0.0188372137	-0.0792132301	0.0879097221	0.0262927893	0.1145113011	-0.1008094376	0.1782596203	0.0327350512	-0.0281053214	-0.1227701061	0.026588996	0.106509262	-0.0016137896	0.0260565986	0.1053171223	0.0887650791	-0.0565720937	-0.1096678148	-0.0116807869	0.0216200345	0.009444691	0.0706256545	-0.0411145568	0.0321558829	-0.0686332704	-0.0805080284	0.0119153566	0.0889023983	0.0507163915	0.0076508185874928	0.0138334142094151	5.8535025058725326e-05	0.0001913633486892	0.0316813843090812	0.0131232812708218	0.0010037101117396	0.0001722205113131	0.0767369717457171	0.0027955406439374	7.81504749190649e-06	0.0058885628327029	-0.0077128743820363	-0.0005284820378176	5.948843123307184e-05	2.792932642958432e-07	-0.0011620782060588	0.0001271316966555	1.3504257569968388e-06	1.6162468294531474e-08	-0.0005029897503586	1.485078575999945e-07	2.529986889658068e-07	2.205458376894024e-14	0.0	0.0	0.0	0.0	0.0	0.0	0.0	0.0	0.0	0.0
2137.679269757718	2.981514993853125	8.889431658570999	4569672.66035189	2952.513596220645	4.384752833201219	8717336.535867766	19.226057408266115	2499.7988298856294	1.1702640240009714	1.3695178858709462	6248994.189897562	2612.9183773256345	2117.5208498859965	0.945106	19.922989	0.1244701395166344	0.06848006300519	0.0063681388	-0.0041997446	0.0704029089	0.0408994079	-0.0165463828	-0.0110627521	0.1536098503	0.017484715	0.0870078617	0.0455068468	-0.0698578635	0.1404086118	0.0969167769	-0.0409697539	0.0278263816	0.0318373948	-0.0887569199	-0.0014496081	-0.0085931911	-0.0351180686	0.0511172188	0.0398435214	-0.0680089343	-0.0305224021	-0.1149765918	0.0297932601	-0.1296880786	0.0606927478	0.078351065	-0.0538515065	0.0888118824	-0.0316096834	0.016914455	-0.0408761621	0.0662992213	-0.0473406394	-0.0035495328	0.0322716806	-0.0707748299	-0.0694611535	-0.0520541445	0.0756228931	-0.0830572331	0.1501294197	0.0006406134	0.0437034528	-0.0221018228	-0.0185173337	0.1207154186	0.0696236377	0.0003039537	0.0663235392	-0.0314174132	-0.0309808176	-0.0609009943	-0.0045022151	0.0573212061	0.021314679	0.1099679143	0.0633586534	0.0310348036	-0.0701853358	-0.0787565141	0.0166357513	0.0900678015	0.0446048127	-0.0030780053561301	-0.0107288239436229	9.474116972365583e-06	0.0001151076632132	0.0534774394842543	0.0217960551751731	0.002859836533792	0.0004750680211991	0.1004571279087755	0.0237201561630584	0.0005626458083998	0.01009163454768	-0.0067708627220932	0.000942011659943	4.584458200143134e-05	8.873859674687542e-07	-0.0009167081064538	0.000245370099605	8.403537524381115e-07	6.020648578016761e-08	-0.0006801100755061	-0.0001771203251474	4.6254971480491306e-07	3.1371609580356114e-08	0.0	0.0	0.0	0.0	0.0	0.0	0.0	0.0	0.0	0.0
2131.104101233051	-6.575168524666879	43.232841127770016	4541604.69029233	2932.1071393589773	-20.40645686166772	8597252.276679885	416.4234816471056	2487.33802824754	-12.46080163808938	155.27157746381096	6186850.46676636	2600.5206777211783	2103.971518176341	0.908664	19.154791	0.1186557368196437	0.054402307249859	-0.0148831994	-0.0064968759	0.0045318699	0.0657041849	-0.0031199504	-0.0034510382	0.0338657751	-0.0040362312	0.0470917	-0.0862120422	-0.1035262671	0.0534215481	-0.0950453355	0.0413529538	0.0062988852	-0.004513934	-0.0908859576	0.0999109736	0.0115525411	-0.0141779309	0.0273841775	0.047006918	-0.043264653	0.0334734402	-0.0916386114	-0.0757378713	-0.0584572463	0.0115445357	-0.0886797818	0.049413695	0.0228987058	-0.0089879887	0.0809702066	0.0149797293	0.0090340848	-0.0365765569	0.014096658	0.0205361527	0.0196539678	0.03989964	0.0903222644	0.0344944519	-0.0602997532	0.1466122286	0.0554457852	0.0366613338	0.0252213998	-0.0377625896	0.0504655629	0.0018740733	0.0281199646	-0.0370470703	-0.0698763854	-0.016422587	-0.0349984507	-0.0219309231	0.1029895687	0.0490199993	0.06434762	0.0666591432	0.0299084066	-0.0716892996	-0.0768835629	0.0213105486	0.0908475206	0.0382182304	-0.0167822965352257	-0.0137042911790956	0.0002816454769962	0.0001878075967214	0.0322227733255005	-0.0212546661587538	0.0010383071207865	0.00045176083352	0.1227236733224899	0.0222665454137143	0.000495799044661	0.0150610999937652	-0.0073038769788462	-0.000533014256753	5.3346618922119495e-05	2.84104197901953e-07	-0.0005901759517863	0.0003265321546675	3.483076540668652e-07	1.0662324803180013e-07	-0.0010491683454472	-0.0003690582699411	1.1007542170884152e-06	1.3620400661191782e-07	0.0	0.0	0.0	0.0	0.0	0.0	0.0	0.0	0.0	0.0
2133.4038485663004	2.2997473332493428	5.288837796787464	4551411.981077503	2940.703439678261	8.596300319283728	8647736.720135557	73.89637917931752	2490.1391234764687	2.801095228928716	7.846134481527216	6200792.854268156	2605.0773673842523	2115.351021459925	0.769289	16.216732	0.1273407849319927	0.0703358250235462	-0.0281457311	0.025390175	-0.0200915504	0.0500692905	-0.0138927415	0.0009898628	0.0053445674	0.0041776772	-0.0489506433	-0.0177232007	-0.1075264499	0.0543505049	0.0632943563	-0.0693367812	0.0203539876	-0.0637447549	-0.067124791	0.0505396099	-0.0718682937	0.0421416973	-0.0076303095	0.0160137339	-0.0280322654	0.0213014067	0.0667611046	-0.0272261229	-0.042590471	0.0180115809	0.0433400604	-0.0666975507	-0.0088703398	-0.0376679941	0.0626059827	0.0800494638	0.04219527	-0.02774826	0.0098174242	0.0703365156	0.0256816269	-0.0044604214	-0.0796281472	-0.0244197643	-0.0291366647	0.100485228	0.0501003637	0.0053325928	0.0392528262	-0.0432934466	-0.0154373521	-0.0086528359	0.033745012	-0.0782649807	-0.0229851852	0.0339715224	-0.083915604	-0.0356039712	0.0853646027	0.0965996841	-0.0039355849	-0.0551475819	0.0287768851	-0.0731441312	-0.0748920628	0.0259269352	0.0912382167	0.0315960199	0.0047981643436258	0.0215804608788515	2.3022381068442007e-05	0.0004657162917436	0.0187058035883467	-0.0135169697371537	0.0003499070878858	0.0001827084708751	0.1751497864580073	0.0524261131355174	0.002748497338498	0.0306774476962855	-0.0073411397916578	-3.7262812811599856e-05	5.389233344066153e-05	1.3885172186323304e-09	-0.0012281103036799	-0.0006379343518935	1.5082549180047362e-06	4.069602373259074e-07	-0.000928020686543	0.0001211476589042	8.61222394651741e-07	1.4676755257968397e-08	0.0	0.0	0.0	0.0	0.0	0.0	0.0	0.0	0.0	0.0
2135.7215859610064	2.3177373947060005	5.371906630818558	4561306.692739797	2953.2943425892354	12.590902910974364	8721947.473969584	158.53083611358272	2486.410207601694	-3.728915874774884	13.90481360114814	6182235.7204658985	2608.646262878868	2118.1705560070727	0.76634	16.154568	0.0427204420140273	0.0219291057090901	-0.0351644707	0.0553677508	-0.0393788524	0.0233604739	-0.0388416193	-0.0098295998	0.0326076383	0.0180296564	-0.1732995322	-0.0936136554	-0.0773227291	0.0302654706	-0.0163139071	0.1091555366	-0.0384720992	-0.0527908132	-0.0428893977	0.0101186389	-0.0198771969	0.0451185826	-0.0378135279	0.0143002501	-0.0229288501	-0.0512903477	0.0581444426	-0.0274491815	-0.0179519425	0.0451676462	-0.0023557281	0.1090333166	-0.0394505609	0.0142415639	0.0109055151	0.0527232373	-0.0291827185	-0.0138309579	0.009997791	0.0447791011	-0.0022837398	-0.0157913073	0.0985448646	0.0047083601	0.0138931125	0.0456646178	0.0619829865	0.0177604257	0.0706854561	-0.0106641576	-0.0494309745	-0.0961187833	0.0038543003	-0.0340168412	-0.0655143292	-0.0052397723	-0.0621638424	-0.073823603	0.1108656375	0.1312856878	0.0241657752	-0.027179773	0.0276404327	-0.0745488335	-0.0727850846	0.0304722578	0.0912382167	0.0247790096	-0.0090559397590084	-0.0138541041026342	8.201004491878912e-05	0.0001919362004866	0.0185279497364803	-0.0001778538518664	0.0003432849214375	3.163199262371623e-08	0.1605720756723556	-0.0145777107856517	0.0002125096517501	0.0257833914857286	-0.0071852133770491	0.0001559264146087	5.1627291273725326e-05	2.4313046772724364e-08	-0.0012272286456784	8.816580014999603e-07	1.5060901487736398e-06	7.77320831608904e-13	-0.0010534280794103	-0.0001254073928673	1.1097107184900734e-06	1.5727014185773357e-08	0.0	0.0	0.0	0.0	0.0	0.0	0.0	0.0	0.0	0.0
2133.708036276156	-2.013549684850659	4.054382333362189	4552709.984069449	2950.857634584347	-2.43670800488826	8707560.779584728	5.937545901086524	2484.5092230576734	-1.9009845440205029	3.613742236604838	6172786.079458644	2600.70667343702	2133.171514879193	0.868803	18.314508	0.1090398922885212	0.0584386645879586	-0.0515933623	0.0750023437	-0.0532665678	-0.0020690721	-0.035381714	-0.0265124925	0.0019413828	0.0790051511	-0.1112095872	0.0653436918	-0.0328012575	0.0185683387	-0.0373116408	-0.080929507	0.0165271824	0.0159420415	0.0588261797	-0.0330081687	0.0252920665	-0.0446294743	-0.1277927989	-0.1079228445	0.0177215112	-0.0219045665	0.0197517898	-0.0240872528	-0.02170866	-0.0103705528	-0.0332727949	-0.0761349313	-0.0226350743	-0.0589431656	-0.0496664753	0.0647109678	-0.0232285029	0.0632364394	-0.0060757136	0.0471878783	-0.0611135224	0.0621673979	-0.0791630351	0.0115471535	0.0358617706	0.0148391149	0.0261683404	0.0062235722	0.08598001	-0.0021981378	0.0078414988	-0.0285495335	-0.0320878355	0.0157401369	-0.0568336825	-0.0076588864	-0.0153166502	-0.0037178758	0.052029221	0.0728876316	0.0101611731	-0.053051664	0.0264992443	-0.0759024438	-0.0705658771	0.034934058	0.0908475206	0.0178092284	-0.0087929858562887	0.0002629539027197	7.731660026889311e-05	6.914475495552193e-08	0.0197072855149968	0.0011793357785165	0.0003883771023696	1.3908328784891225e-06	0.1246703669736106	-0.035901708698745	0.0012889326874895	0.0155427004013347	-0.007717815619768	-0.0005326022427189	5.956467794073492e-05	2.836651489492027e-07	-0.0006662582628722	0.0005609703828062	4.4390007284548165e-07	3.1468777038573455e-07	-0.0007130828267646	0.0003403452526457	5.084871178265925e-07	1.1583489099846543e-07	0.0	0.0	0.0	0.0	0.0	0.0	0.0	0.0	0.0	0.0
2131.7820148820774	-1.9260213940783613	3.709558410447555	4544494.55897469	2946.8390323844496	-4.018602199897487	8683860.28278452	16.14916364102092	2489.528952378493	5.019729320819806	25.19768245429807	6197754.404730758	2606.486682188892	2140.765252587391	0.90184	19.010937	0.0833703330727614	0.0457726073593685	-0.0493493023	0.0837887697	-0.0025824881	-0.0749055319	-0.0333350631	-0.024138432	0.0216149115	0.0719782245	-0.0120079774	0.0764559679	0.0987394677	0.0609537896	0.0594482861	0.0449697398	0.0026130277	-0.0288772415	0.0447593578	0.0321442065	0.0380035906	-0.0013159651	-0.0703202039	-0.066438518	-0.0013209628	-0.0303898319	0.1386545628	-0.0337794165	-0.0369073116	0.0418299084	0.0642102152	0.0326530567	-0.0028516698	-0.0382254804	-0.0343131142	0.0352902235	-0.0716075548	0.0792325584	0.004317811	0.0712798812	-0.0720745182	-0.0854946341	0.0592136342	-0.0076827638	0.0385956677	0.0246412682	-0.0148474686	-0.0389425823	0.0401000003	0.0421915141	0.017214669	-0.0361506369	0.0026447053	0.0963977799	-0.0708017353	-0.0068957608	-0.0274726793	0.03143812	0.0332941479	0.0193757937	0.0292376658	0.0603603113	0.0253535154	-0.0772040342	-0.0682378621	0.0393001065	0.0900678015	0.0107296473	-0.0088116986519537	-1.871279566500149e-05	7.764603313284267e-05	3.5016872160009846e-10	0.0379711897392667	0.0182639042242699	0.0014418112502153	0.0003335701975133	0.1597186848930221	0.0350483179194115	0.0012283845889801	0.0255100583039564	-0.0075632023036054	0.0001546133161626	5.720202908526203e-05	2.3905277534796125e-08	-0.0007491885859485	-8.293032307630003e-05	5.61283537315513e-07	6.877438485539501e-09	-0.0003498385033352	0.0003632443234294	1.2238697841581276e-07	1.3194643850368254e-07	0.0	0.0	0.0	0.0	0.0	0.0	0.0	0.0	0.0	0.0
2121.7336108819336	-10.04840400014382	100.9704229501063	4501753.515546088	2931.180283232364	-15.65874915208542	8591817.852810163	245.19642500793583	2482.975203000582	-6.553749377911117	42.95163090847036	6165165.858715782	2599.6319593574844	2133.6059674937824	1.066682	22.485832	0.0567381084582152	0.0321856795496559	-0.0372713	0.0125888888	0.0790089032	-0.0499901646	-0.0019619961	0.028469786	-0.0304951048	0.041708991	0.1289154312	0.0315532734	0.1163573401	0.0170235425	-0.0627971156	-0.0493629478	-0.0392875074	-0.088187448	0.0053026874	0.0309102616	-0.0223616787	-0.027170899	0.022939012	-0.0930763896	0.0459867301	0.029028575	0.0188985789	0.0651385085	-0.0051999166	0.0144481124	-0.0690493783	-0.0411304047	-0.022252815	-0.015680578	0.0791173942	-0.0585816448	-0.0047585195	-0.0546237194	0.0129665847	0.0609729625	0.0355860662	0.0976668111	0.0189788405	-0.0251787525	0.0144981989	0.0782298934	-0.0504560061	-0.0584564326	-0.0416869549	-0.0229460154	-0.0039225034	0.0573168465	0.0473073595	0.0785884283	-0.0410957122	0.0558005701	0.1633730675	0.0889824091	-0.1369949963	-0.1975009247	0.0158710827	-0.0521020059	0.0242034423	-0.0784527129	-0.0658046293	0.0435584361	0.0889023983	0.0035839144	0.0125848048754164	0.0213965035273701	0.0001583773137523	0.0004578103631967	0.0374682370323853	-0.0005029527068814	0.001403868786315	2.5296142535932905e-07	0.1593053006610034	-0.0004133842320186	1.708865232816893e-07	0.0253781788186926	-0.00718427924571	0.0003789230578954	5.161386828033945e-05	1.435826838048007e-07	-0.0007038029021633	4.538568378520001e-05	4.953385250934837e-07	2.0598602926501674e-09	-0.0006140351214935	-0.0002641966181583	3.770391304275374e-07	6.979985304628258e-08	0.0	0.0	0.0	0.0	0.0	0.0	0.0	0.0	0.0	0.0
2117.7210030376555	-4.012607844278136	16.10102171196243	4484742.246706814	2917.456038606381	-13.724244625983374	8511549.737200836	188.3548905538335	2474.024123558632	-8.951079441950242	80.12182317610426	6120795.363950056	2596.70569222565	2160.7868560434085	1.020348	21.509108	0.0511732097363764	0.0282677030171752	-0.0374600122	-0.0155363671	0.1067871528	0.0987665563	0.0079227747	0.0543872575	-0.1009781574	0.0384559172	0.1642035966	-0.026998655	0.052361945	-0.0430210366	0.0796599093	0.0295733224	0.0476059827	-0.0066880461	0.05280132	0.0849083119	-0.0157755708	-0.0212818222	-0.0960658755	-0.026444573	-0.0533767836	0.0480398932	0.0382848634	-0.0204632791	0.064134659	-0.0046462215	0.0899149529	0.0250651439	-0.0083844651	-0.06369485	0.055394028	0.0654297577	0.0778016796	0.0835685646	0.0173322432	0.0597772043	0.0285679832	-0.1055678455	-0.0170434923	0.0109185713	0.030899329	0.0419203132	0.024143837	0.0455674633	-0.0197699207	-0.0714928514	-0.0969591038	0.0236965315	0.1210708459	0.084919548	-0.0404025109	0.0684725055	-0.0691720559	0.0250049744	-0.0076324171	-0.0868874207	-0.0773582984	0.0811871441	0.0230492221	-0.0796476241	-0.0632699305	0.047697375	0.0873563013	-0.0035839144	-0.0060214027481606	-0.018606207623577	3.625729105555602e-05	0.0003461909621316	0.0372421970521656	-0.0002260399802196	0.0013869812412723	5.1094072657719843e-08	0.1588821818729187	-0.0004231187880847	1.7902950883027262e-07	0.0252435477166992	-0.0071700303828894	1.4248862820600249e-05	5.140933569155712e-05	2.0303009168028407e-10	-0.0008907424879727	-0.0001869395858094	7.934221798797956e-07	3.494640874259003e-08	-0.0010512035397534	-0.0004371684182599	1.1050288819900782e-06	1.911162259238629e-07	0.0	0.0	0.0	0.0	0.0	0.0	0.0	0.0	0.0	0.0
2114.6732456750256	-3.047757362629909	9.28882494146482	4471842.935973747	2906.870841203336	-10.585197403044733	8449898.08743819	112.04640406142492	2470.2789870042066	-3.745136554425244	14.02604781129219	6102278.273634529	2589.3944588176155	2109.6325312831946	1.205561	25.413425	0.0663064187532695	0.0314361679019878	-0.0590982543	0.0683375524	-0.0584769271	0.0168575308	-0.0029109263	-0.0260272291	-0.0673080539	0.0005095537	0.0551757543	0.0156249824	0.1095753367	-0.0499673575	-0.1034137609	0.0167756727	0.060072589	0.1204046852	-0.0413067548	0.0176769182	0.1024336324	0.0548471139	-0.0688822524	0.0111186666	-0.144982621	0.1149553162	0.0594216218	-0.0118938009	0.0345429829	-0.0368313153	-0.0978307524	0.042461609	0.0051522988	-0.0792895981	-0.0301941781	0.0400959823	-0.0612818167	0.0527467786	0.0172648752	0.0419184647	0.0450040101	0.0823693717	0.0459725004	0.0147090304	0.0425175163	0.0453913152	-0.0067619582	-0.0509651232	0.0199031872	0.0459861373	-0.0732479813	-0.0504517586	0.1084028374	0.1098420175	-0.0797076527	-0.0318467085	0.0085395564	0.0134799073	-0.0416989764	-0.0855377478	-0.0623260739	0.0770827616	0.0218910524	-0.0807879487	-0.060637674	0.0517055788	0.0854361313	-0.0107296473	-0.0191943246264258	-0.0131729218782651	0.0003684220978646	0.0001735258708108	0.0193050623419992	-0.0179371347101664	0.0003726854320284	0.0003217408016106	0.1592308046749266	0.0003486228020078	1.2153785807983765e-07	0.0253544491574246	-0.0071910066491685	-2.097626627910014e-05	5.171057662838558e-05	4.4000374701171355e-10	-0.0012294487921686	-0.0003387063041958	1.5115443325648297e-06	1.1472196050204553e-07	-0.0007139313229718	0.0003372722167816	5.096979339202646e-07	1.1375254821277462e-07	0.0	0.0	0.0	0.0	0.0	0.0	0.0	0.0	0.0	0.0
2119.380664179089	4.707418504063298	22.159788972397543	4491774.399696196	2917.155669617796	10.284828414459753	8509797.20078325	105.77769551487872	2475.7607509906475	5.48176398644091	30.04973640304054	6129391.296145774	2593.29051159758	2133.12362041808	1.038571	21.893244	0.1262350323052803	0.0649425258763168	-0.0528124594	0.0216000872	0.0866172291	0.0379923837	-0.0607761216	0.0100523613	-0.0284770788	-0.0230322852	0.1497762194	0.0405940559	0.0624134561	-0.0218205176	0.0757060825	-0.079626111	0.0607106057	0.1018836263	-0.0090416675	0.0403019072	-0.0053883934	0.0332832728	0.0365011316	-0.018562066	-0.1151298426	0.0372578943	0.020706936	-0.1230321845	0.0119543003	-0.0295456568	0.0613059489	-0.0813009054	0.0472282903	0.0021374556	0.0584313183	0.0665217517	0.0867368018	0.0120917396	-0.0047963409	0.0813536934	-0.0543975518	-0.0408532147	-0.0906222488	-0.0208182783	0.0465470443	0.012201472	0.0260649822	0.0686441009	-0.0277345079	-0.0596556323	-0.0876474899	-0.0098015307	0.0365220996	0.1046721444	-0.0487704229	0.0214740096	-0.0196777182	-0.0147210404	-0.1033755541	-0.0846146183	-0.0488532961	0.0717713084	0.0207291319	-0.0818729053	-0.0579119187	0.0555720611	0.0831501106	-0.0178092284	-0.0064579591936819	0.0127363654327439	4.1705236947260574e-05	0.0001622150044363	0.0386241414707058	0.0193190791287066	0.001491824304349	0.0003732268183812	0.1776206661206814	0.0183898614457548	0.000338187003994	0.0315491010331545	-0.0083622490390473	-0.0011712423898788	6.99272089910475e-05	1.3718087358490042e-06	-0.0012261111158784	3.3376762902000146e-06	1.503348468480575e-06	1.1140083018163331e-11	-0.0010551457827643	-0.0003412144597924	1.1133326228852872e-06	1.1642730757148757e-07	0.0	0.0	0.0	0.0	0.0	0.0	0.0	0.0	0.0	0.0
2122.809438143934	3.428773964845277	11.7564909020008	4506319.910672965	2927.433201955464	10.277532337668164	8569865.151911221	105.6276709518148	2481.828983893761	6.068232903113312	36.82345056642702	6159475.1052951375	2592.8158293403044	2091.113396360164	1.094311	23.068247	0.0842211943955197	0.0414786754333635	-0.0611796755	0.0715123768	-0.0552951756	-0.0128533926	-0.0254199831	-0.0645562941	0.0622855208	0.0037885934	-0.0262626026	-0.0196273406	-0.0298641861	0.0632221044	-0.0426366727	0.0702950657	0.0105593317	0.0505589046	-0.080691032	0.0837539154	0.1720247239	-0.0029084462	-0.0449191295	0.0711130463	-0.0367423356	-0.0227638849	-0.0821665799	-0.0356321386	-0.0983587352	-0.0125525469	-0.0394842014	0.0701726215	0.0371277514	-0.0407962225	-0.0036190843	0.0185541792	-0.1160692147	-0.0143121838	0.0043902548	0.0562084404	0.0096922003	0.0064435988	0.1116562024	-0.0033297294	0.0247044256	0.0692171371	-0.0043009027	-0.037151057	0.0789857516	0.0232405853	0.0406499664	0.0240011043	0.1059428114	0.0371419374	0.0052578354	0.009130108	0.0245662414	0.0484673385	-0.0078253989	-0.0255272517	-0.0005826479	0.0140545162	0.0195636596	-0.0829017503	-0.0550968674	0.0592862243	0.0805080284	-0.0247790096	-0.0061645242947605	0.0002934348989213	3.800135978069244e-05	8.610403990501195e-08	0.0177546014340208	-0.020869540036685	0.0003152258720809	0.0004355377013427	0.1467732152942531	-0.0308474508264282	0.0009515652224889	0.0215423767278131	-0.0078591474316784	0.0005031016073689	6.176619835285719e-05	2.531112273371714e-07	-0.001227418517061	-1.307401182600032e-06	1.5065562160242244e-06	1.7092978522639622e-12	-0.0009153394186461	0.0001398063641181	8.378462513273804e-07	1.9545819447950698e-08	0.0	0.0	0.0	0.0	0.0	0.0	0.0	0.0	0.0	0.0
2121.5729571271804	-1.2364810167537144	1.5288853047922992	4501071.812413369	2926.536670068067	-0.8965318873970318	8564616.88125309	0.8037694251196842	2472.074454087477	-9.7545298062837	95.1508517416771	6111152.106551898	2592.686580723568	2077.0982717101338	0.965474	20.352337	0.0693060544146362	0.0471169419775568	-0.0548290439	-9.1439e-05	-0.0027331912	-0.1007589783	0.0121867691	-0.0037853011	0.0205554964	-0.1659334411	-0.0649765692	0.0350252492	-0.0363656229	-0.0468700648	0.0346638624	-0.0785218504	0.0137430571	0.0365033938	-0.0422305571	0.0377497243	-0.0080472994	0.0792702751	0.0264585301	0.0292381643	0.0681004647	0.0381194968	-0.0700858937	-0.085086688	0.0287223901	-0.0281121691	0.013254197	-0.0948747162	0.0417653403	0.135748586	-0.0184717731	0.0592620267	-0.0485985873	-0.0636647943	0.0076864118	0.0435319535	0.0608120864	0.0092575804	-0.1039268762	-0.0403618919	0.0426501851	0.0377594859	0.0032252348	-0.1171068477	-0.0392885653	-0.0036583611	-0.0210727212	-0.035441183	0.0059268944	-0.0090806766	-0.0254124802	-0.0124939223	-0.0253903532	-0.0250592837	0.0056647027	0.0607961272	-0.0193003605	0.0311330956	0.0183948351	-0.0838737786	-0.0521968607	0.0628378881	0.0775211985	-0.0315960199	-0.0062272429085226	-6.271861376209997e-05	3.877855424174501e-05	3.9336245122394765e-09	0.0193508203325052	0.0015962188984844	0.0003744542475408	2.547914771878756e-06	0.1488053545362078	0.0020321392419546	4.129589898692201e-06	0.0221430335386465	-0.0086690661468429	-0.0008099187151645	7.515270785833761e-05	6.559683251737149e-07	-0.0008619547214276	0.0003654637956334	7.429659417913316e-07	1.3356378591877156e-07	-0.0010522564610569	-0.0001369170424108	1.1072436598359913e-06	1.87462765025208e-08	0.0	0.0	0.0	0.0	0.0	0.0	0.0	0.0	0.0	0.0
2127.9247384376663	6.351781310485876	40.34512581623768	4528063.6924550105	2928.082337156741	1.545667088673781	8573666.173169281	2.3890867490092824	2475.233685713548	3.1592316260707776	9.98074446716581	6126781.798891075	2591.4869434253587	2136.473730299208	1.102712	23.245354	0.0342977934269771	0.0246768927964978	-0.0501169746	0.0077015357	0.1285088295	0.007884753	-0.0727829052	-0.027314425	0.0163145775	-0.0586011314	-0.0205061788	-0.0592947456	-0.0907461476	-0.0013397474	0.0255943523	0.086813735	0.0867993694	0.1100095607	0.0084616967	0.0103162847	-0.1022974316	0.1021307084	0.0759366474	-0.0604378936	-0.016458583	0.0303544651	0.0661964827	-0.0349677072	-0.0029183161	-0.0066417244	0.0297654001	0.0929694338	0.0684196706	0.0587946215	0.0117820437	0.119255074	0.0912955606	0.0195074606	-0.0001083169	0.054695539	-0.0495420314	-0.0692604896	0.0872083433	-0.0001996413	0.0578023198	0.0099776989	0.0432330417	0.0440924736	-0.0531199544	-0.1022218624	-0.0688670799	-0.0496509035	-0.0335386051	0.0549569245	-0.0546207227	-0.0025071324	-0.0555292824	-0.0234042153	0.0568480923	0.0627083954	0.009260493	0.0057111934	0.0172228587	-0.084788324	-0.0492163702	0.0662173176	0.0742024108	-0.0382182304	-0.0065102421080496	-0.0002829991995269	4.2383252305422097e-05	8.00885469329227e-08	0.0347618405541538	0.0154110202216486	0.0012083855587124	0.000237499544272	0.1487397424323262	-6.561210388159044e-05	4.304948175768616e-09	0.0221235109788347	-0.0086732580074465	-4.191860603599412e-06	7.522540446373483e-05	1.7571695320008827e-11	-0.001225444468162	-0.0003634897467344	1.5017141445488473e-06	1.321247959810383e-07	-0.0010553380917573	-3.08163070039994e-06	1.1137384879139392e-06	9.496447773647422e-12	0.0	0.0	0.0	0.0	0.0	0.0	0.0	0.0	0.0	0.0
2127.4741575045064	-0.4505809331599266	0.2030231773272703	4526146.290849509	2944.594012780104	16.511675623363317	8670633.900100436	272.6354318911704	2484.349138406607	9.11545269305907	83.09147779939784	6171990.64150165	2595.224751690389	2110.7221160353274	1.105581	23.305817	0.0720670211469701	0.0400350394395121	-0.0714527726	0.1269569784	-0.0297839518	-0.0130504685	-0.0764432582	-0.0491636035	0.106598077	0.0658746504	-0.0707134172	0.0372609521	-0.06583601	0.0770944046	-0.0538964952	-0.080225427	-0.0139490795	-0.0109530397	-0.0294509737	0.0182808026	0.0093333225	0.0035794532	0.0494080089	-0.1301795916	0.0574482659	0.0074815024	0.046494311	0.0410309423	-0.1068986727	0.0055992391	-0.0678064429	-0.0676661741	-0.0111385468	-0.0075651706	0.0462678769	0.0216813064	-0.1099018816	0.0290911899	0.0008725359	0.1061391141	-0.0370311038	0.1051075919	-0.0148030816	-0.0476349413	0.0637363102	0.0394886699	-0.0290652913	-0.033887939	0.0655538986	-0.0095706792	0.0292601576	0.0242822826	0.0762102303	0.0567973195	0.0538585471	0.0016870665	-0.0276279391	0.0067938017	0.0685050068	0.0425074011	-0.0268629933	-0.0342650776	0.0160479313	-0.0856447597	-0.0461599916	0.06941525	0.0705658771	-0.0446048127	-0.0112618491513529	-0.0047516070433033	0.0001268292463078	2.2577769493969528e-05	0.0412434877941905	0.0064816472400366	0.0017010252854295	4.201175094427536e-05	0.1789110069009964	0.0301712644686701	0.0009103051996384	0.0320091483903283	-0.008349070370528	0.0003241876369184	6.970697605202856e-05	1.050976239308005e-07	-0.0012283112406434	-2.8667724813998333e-06	1.5087485038909282e-06	8.218384460111357e-12	-0.000769142453258	0.0002861956384992	5.915801134037348e-07	8.190794349602196e-08	0.0	0.0	0.0	0.0	0.0	0.0	0.0	0.0	0.0	0.0
2122.1699110082563	-5.304246496250016	28.135030892980573	4503605.13118879	2918.484547872029	-26.109464908075097	8517552.056167802	681.7041577860049	2471.0751888568584	-13.273949549748522	176.197736649269	6106212.588983959	2590.873247976092	2096.9531252230818	1.086725	22.908344	0.0707327606569139	0.0419703081241889	-0.0518720019	-0.0037221371	0.0499244088	-0.0926600817	-0.0162594901	0.0118510609	-0.0340643345	-0.1204181085	-0.011067518	-0.0215511728	-0.017485131	-0.0256855486	0.0633439612	0.0789784628	0.0419533193	-0.0187666621	0.0261197384	0.1319989818	-0.0048656151	-0.0735197187	0.0481742898	-0.0951145966	0.0962562739	0.0817640262	-0.0308926077	-0.0190205087	0.0337600255	0.0044140124	0.0688618338	0.0692140456	0.0488372211	0.1069225659	0.0234312332	0.0676946567	0.0080661716	-0.0305427935	0.0174775078	0.0621142438	0.0424239586	-0.0995474259	0.0320887222	-0.0355983339	0.0183228751	0.0471964387	-0.0022743943	-0.0608248207	-0.0816611723	-0.069277162	-0.0155226641	0.0209057152	-0.0031604223	0.0088124075	-0.0359127346	0.0178426173	-0.0112743868	0.0124577673	0.0419589163	0.022163035	-0.0136295042	-0.0323544916	0.0148702542	-0.0864424987	-0.0430324377	0.0724229201	0.0666271694	-0.0507163915	-0.0065080373363599	0.0047538118149929	4.235454997145447e-05	2.259872677236704e-05	0.0417425903772539	0.0004991025830633	0.0017424438514032	2.491033884205556e-07	0.1456954826916288	-0.0332155242093676	0.001103271048503	0.0212271736767467	-0.0087052617517979	-0.0003561913812698	7.578158216731545e-05	1.2687230009095914e-07	-0.0012254320031848	2.8792374585999946e-06	1.5016835944295115e-06	8.290008343005355e-12	-0.0010553582755193	-0.0002862158222613	1.1137810897070709e-06	8.191949691271207e-08	0.0	0.0	0.0	0.0	0.0	0.0	0.0	0.0	0.0	0.0
2122.2272196895524	0.0573086812960355	0.0032842849518905	4503848.371991248	2926.029589989942	7.545042117912999	8561649.161496708	56.92766056108108	2470.870978135329	-0.2042107215293072	0.0417020187875202	6105203.390591438	2593.156228405252	2141.887371799402	1.123927	23.692556	0.0730135491520989	0.03361893771471	-0.0556047629	0.0309383331	0.0407756575	0.1172833214	-0.0063826637	0.0550187875	-0.0854044525	0.097203748	0.0185624779	-0.1102661309	-0.0102011819	-0.0272439934	-0.0881692755	0.0071195856	-0.051243037	-0.0279480201	-0.027754781	-0.0015670925	-0.0414538921	0.0012199512	-0.0349125487	0.0335206268	-0.0583155015	-0.0962355284	-0.0035484093	-0.0067528224	0.0536105193	0.0119970288	-0.0784609752	0.0149967933	-0.0707528601	-0.0409310984	0.068223847	0.0441800625	0.0685726882	-0.0040135394	0.0076863345	0.0374347629	0.0227544237	0.0916614478	0.0143577112	0.0317274387	0.0537311117	0.0284335883	0.0501911773	0.0537869679	0.04086539	-0.0562687691	-0.0673767755	-0.0608682378	0.0868289041	0.0065460533	-0.0374431712	0.0052281622	-0.0557329583	-0.0423232166	0.0616975883	0.0276449539	-0.07516758	-0.0409594705	0.0136900291	-0.0871809944	-0.0398385309	0.075232084	0.062403154	-0.0565152869	-0.0180804857457417	-0.0115724484093818	0.0003269039648019	0.0001339215621878	0.0234904572341463	-0.0182521331431076	0.0005518015810692	0.0003331403642737	0.1220868462944793	-0.0236086363971494	0.0005573677125328	0.0149051980381318	-0.008433182711041	0.0002720790407569	7.111857063780083e-05	7.402700441919542e-08	-0.0011070758544922	0.0001183561486925	1.2256169475996349e-06	1.4008177933344821e-08	-0.0010541868409196	1.1714345997000924e-06	1.111309895568046e-06	1.3722590213745157e-12	0.0	0.0	0.0	0.0	0.0	0.0	0.0	0.0	0.0	0.0
2126.6133366957297	4.386117006177301	19.23802239187773	4522484.283812145	2926.3560966446016	0.3265066546596245	8563560.00436903	0.1066065955370192	2480.9677282480093	10.096750112680184	101.94436283790728	6155200.868608088	2593.239367285876	2115.5299695555927	1.173597	24.739607	0.0676743473522548	0.0472758572426989	-0.0647956325	0.1169623144	-0.0188718332	-0.0905209362	-0.0696341112	-0.0607915802	0.0413942754	0.0269234324	-0.0284220583	0.1265460512	0.0056818866	0.0482646407	0.1070496814	-0.0238559453	-0.0052459023	0.0968390139	-0.0333293134	-0.0325398554	0.0593127574	0.0707066882	0.0571962982	0.0346079038	-0.0326481407	-0.1046839788	0.1121678259	-0.0432724101	-0.0640521816	-0.0060024965	0.095061827	-0.0375322517	0.0319763322	-0.0201643691	-0.0608484773	0.0676695677	-0.0566030178	-0.0170928801	0.0036941853	0.1201692277	-0.06126352	-0.0648932563	-0.0505832653	-0.0282547995	0.0600636256	0.0269873981	-0.0448672431	-0.0717594824	0.0210411233	0.0440491985	-0.0122272851	-0.0160056052	0.0664440025	0.098933499	-0.0606873424	-0.0252301201	-0.0622983579	0.0162300596	0.0741511148	0.0754098354	-0.0036235683	0.0343156523	0.0125074584	-0.0878597406	-0.036583196	0.0778350419	0.0579119187	-0.0619657467	-0.023419232811392	-0.0053387470656502	0.0005484604654741	2.850222023098968e-05	0.0250267920811779	0.0015363348470316	0.0006263403218745	2.360324762203614e-06	0.1666898794468423	0.044603033152363	0.0019894305663907	0.0277855159100028	-0.0082292447194352	0.0002039379916057	6.772046865235214e-05	4.159070442020684e-08	-0.0012261806284625	-0.0001191047739703	1.5035189336166915e-06	1.4185947182516262e-08	-0.0010550687210877	-8.818801680999643e-07	1.1131700062176348e-06	7.777126308880215e-13	0.0	0.0	0.0	0.0	0.0	0.0	0.0	0.0	0.0	0.0
2119.8766579441008	-6.736678751628915	45.382840602648514	4493877.04489625	2912.628570373901	-13.727526270700764	8483405.188958313	188.4449775127796	2466.770301818848	-14.197426429161167	201.5669172114441	6084955.721935451	2582.678797316493	2085.138167308785	1.073875	22.637451	0.0708551240262111	0.0314277864234278	-0.0410370849	0.0073629328	0.06190114	-0.0881061281	-0.0318804973	-0.0340302628	-0.0161179003	-0.1137552838	0.0255757228	-0.0622448582	-0.0435627405	-0.028913258	-0.093172207	0.0468104487	0.0503600314	0.0511853087	-0.0605507134	0.1049665596	0.0059183753	0.0678451968	0.0325336362	0.0184991014	-0.0266413512	0.0003603626	-0.0518218937	0.103064217	0.0082790744	-0.0350692322	-0.0947396239	0.0598855762	0.0753604308	0.0886890125	0.053498958	0.0561666454	0.0223159043	-0.0666701854	0.0245646814	0.0712482925	0.0916556647	0.0497889987	0.087355555	-0.0339458068	0.029819968	0.0564431987	-0.0038516128	-0.0359926685	-0.0530221728	-0.0660747132	-0.0297098496	0.0056821355	-0.0179652823	-0.0173707809	-0.1290866209	-0.0243895231	0.0323635711	0.0243706806	0.0510647519	0.0256738507	0.036145538	-0.0123277925	0.0113227445	-0.0884782721	-0.0332714524	0.0802246594	0.0531726956	-0.0670341672	-0.0062733818767952	0.0171458509345968	3.935532017210247e-05	0.0002939802042714	0.041191808335725	0.0161650162545471	0.0016967650739671	0.0002613077505097	0.15103657659958	-0.0156533028472622	0.0002450258900281	0.0228120474709207	-0.0083870827650105	-0.0001578380455752	7.034315730713618e-05	2.4912848631030216e-08	-0.0012282587532048	-2.0781247423000155e-06	1.50861956482421e-06	4.318602444559506e-12	-0.0007771658116092	0.0002779029094784	6.039866987341865e-07	7.723002709661532e-08	0.0	0.0	0.0	0.0	0.0	0.0	0.0	0.0	0.0	0.0
2127.318897998432	7.442240054331251	55.386937026292415	4525485.693781263	2919.201224504117	6.572654130216051	8521735.789146336	43.199782315446114	2469.124680152306	2.354378333458044	5.543097337056676	6096576.686137228	2585.867332064842	2158.8094541315445	1.320193	27.829868	0.230075529556338	0.1319782486718559	-0.0675106182	0.1011350327	0.0064958065	0.0849515043	-0.0355400706	0.0011308703	-0.0665216199	0.0921451679	-0.0316511208	0.018942744	-0.0339068821	-0.0297317357	0.0081445539	-0.1059554759	0.0684130523	0.0555701884	0.0371022533	0.054294721	0.042861456	-0.0245692664	-0.037717551	-0.0526973789	-0.0310524945	-0.0487024384	0.0556653377	-0.0208961009	0.0221948008	-0.0429184795	0.0071064989	-0.0894152232	0.0022666112	-0.0759111323	-0.0028974344	0.0844552343	0.0059433642	0.0847322804	-0.0105279205	0.0043695707	-0.1147404257	0.0381665302	-0.091890825	0.0633759671	0.1268760263	-0.0756108084	-0.0372574286	0.0363586321	0.0903015267	-0.0193560892	0.0304764177	0.0661010705	-0.0156471746	0.027684372	0.0204066905	0.0264457358	0.0413654772	0.0159537774	0.0536696957	0.0131007234	0.0380035924	-0.0722354687	0.0101360905	-0.089036165	-0.0299084066	0.0823943867	0.0482057789	-0.0716892996	-0.0061978605056793	7.552137111590043e-05	3.841347484785927e-05	5.7034774952255605e-09	-0.0040687787792421	-0.045260587114967	1.6554960754410833e-05	0.0020485207459915	0.04658971536373	-0.10444686123585	0.0109091468220209	0.0021706015776733	-0.0091549771429369	-0.0007678943779264	8.381360648769709e-05	5.89661775650973e-07	-0.0006642032267436	0.0005640555264612	4.411659264166101e-07	3.181586369314216e-07	-0.0010510671039097	-0.0002739012923005	1.104742056921124e-06	7.502191792388394e-08	0.0	0.0	0.0	0.0	0.0	0.0	0.0	0.0	0.0	0.0
2122.982970955332	-4.335927043100128	18.800263323087016	4507056.694966327	2925.1330687014643	5.9318441973473455	8556403.469610846	35.18677558160337	2477.8683360173154	8.74365586500926	76.45151788571081	6139831.49063722	2593.0776961043075	2091.5114344992835	1.34367	28.324772	0.2175538423097137	0.0921759939517051	-0.0268631441	-0.0387734044	0.0279024249	-0.0753288773	0.0558706197	-0.028828062	0.023988414	-0.0215344551	-0.0201494959	0.0211439887	0.0414454445	0.0539052737	-0.0170911518	0.0928516017	-0.0051421527	0.0211199101	-0.0021362586	-0.054155393	0.0281953005	-0.0033899182	-0.0201565648	0.0078450887	0.0820705627	-0.0371499655	0.0473545512	0.0609930977	-0.0334561927	0.0364744669	-0.0040532366	0.0951997694	0.0153742999	0.0402084306	-0.054135315	0.016239143	0.0203895556	-0.0951565522	0.0016910418	-0.0068584482	0.0240250469	-0.0241897843	0.0960990613	0.0089036808	-0.0015185353	0.0806244385	0.0168444337	-0.0506214963	-0.0804210931	0.0137274962	0.0842100051	-0.0016807481	-0.0844061357	-0.0428503072	0.0821330568	-0.0122514395	0.0644888098	-0.0200068253	-0.0842579318	-0.0087779562	0.004306784	0.0453317716	0.0089476998	-0.089533037	-0.0264992443	0.0843382767	0.0430324377	-0.0759024438	0.0135721662184522	0.0197700267241315	0.0001842036958612	0.0003908539566728	0.0257182505846031	0.0297870293638452	0.0006614284131324	0.0008872671183225	0.084710878844767	0.0381211634810369	0.0014532231051479	0.0071759329946527	-0.0104894157030287	-0.0013344385600917	0.0001100278417909	1.7807262706598757e-06	-0.0012311777062981	-0.0005669744795545	1.5157985444854506e-06	3.2146006046609626e-07	-0.000354967688742	0.0006960994151677	1.2600206005083738e-07	4.845543957968141e-07	0.0	0.0	0.0	0.0	0.0	0.0	0.0	0.0	0.0	0.0
2120.313411018015	-2.66955993731699	7.126550258927891	4495728.9609428495	2912.3640816511506	-12.768987050313626	8481864.54409175	163.04703029107708	2465.9289360046387	-11.939400012676742	142.5492726627054	6080805.517424969	2580.810381015337	2109.032340111092	1.063989	22.429066	0.0433491485547932	0.0333437295017099	-0.0317596465	-0.0359755084	0.0735156218	0.0517321964	0.0004661589	-0.0161705912	-0.005342475	-0.0436696041	0.1001114378	-0.009376734	-0.0412759316	-0.0546675992	-0.0066436072	-0.0909513748	-0.0514266399	-0.0857867016	0.0341317603	0.103037439	0.0676664358	-0.0592477164	-0.0206527315	-0.0339904285	-0.0502729251	0.0236538806	-0.0298582124	0.0476067815	0.0148459572	-0.0663362651	-0.0226750251	-0.088708051	-0.004859159	0.0540985154	0.0982292077	-0.0178375101	-0.016688761	0.0453554238	0.0008075638	0.0262881991	0.066917583	0.0618581847	-0.068864552	-0.0506101036	0.0347224071	0.0302367332	0.0428463709	0.0683825718	-0.0105988651	-0.0857407246	0.0264848953	0.0207583331	-0.040611492	-0.1077756778	0.0234355369	-0.0177798807	0.023815719	-0.0248392858	-0.0333909793	-0.0103908449	0.0688218664	0.0463728168	0.0077577759	-0.0899685475	-0.0230492221	0.0860510014	0.037674825	-0.0796476241	0.0167976190929977	0.0032254528745454	0.0002821600071934	1.040354624591382e-05	0.0241846177118532	-0.0015336328727499	0.0005848957338684	2.3520297883791118e-06	0.1173122305165748	0.0326013516718078	0.0010628481308288	0.0137621594287739	-0.0104063879217738	8.302778125490046e-05	0.0001082929095784	6.8936124601116e-09	-0.0012313743197895	-1.9661349139987565e-07	1.5162827154370536e-06	3.8656865000448975e-14	-0.0003184178607745	3.654982796749999e-05	1.0138993406020888e-07	1.3358899244538443e-09	0.0	0.0	0.0	0.0	0.0	0.0	0.0	0.0	0.0	0.0
2120.6251551177565	0.3117440997416452	0.0971843837237288	4497051.048518209	2912.245407744082	-0.1186739070685689	8481173.314926494	0.0140834962189193	2464.864376654992	-1.064559349646515	1.1332866089198117	6075556.395302803	2585.260723741986	2102.338170771013	1.031646	21.747271	0.1157857681586273	0.0573348183950706	-0.0518272265	0.0092054029	-0.0853767104	0.0349402303	0.0553244426	0.0002942331	-0.0818706552	0.0243818609	-0.0756602817	-0.028022983	-0.003531049	-0.0432764715	0.0264049321	0.1013460466	0.0490574329	0.0313647361	0.0164971077	-0.0203451481	-0.0440176288	0.0122464373	-0.1027636777	0.0110780126	0.0165571905	-0.0090082057	-0.0460151586	-0.023015406	0.0511986108	-0.0170501356	0.0517842552	0.0980218669	-0.0191882513	-0.0554185014	-0.0678659105	0.0636271554	-0.0197056535	0.0528132152	0.0093858157	-0.0146096267	0.0648603496	-0.0837940905	0.0533663811	-0.0168121002	0.0756838543	-0.0333131982	0.0624238237	-0.0347314924	0.0733743327	0.0296105362	-0.0249933413	-0.0668153587	-0.0331660007	-0.0874703712	-0.0034196187	-0.0174773756	-0.0260522953	-0.0396217671	-0.0264017473	0.084243832	-0.0054408478	0.0158066767	0.0065665228	-0.0903423981	-0.0195636596	0.0875278662	0.0321558829	-0.0829017503	-0.0044503282633598	-0.0212479473563575	1.980542165165905e-05	0.0004514752668585	-0.0087510714028269	-0.0329356891146801	7.658125069737476e-05	0.0010847596174588	0.095076100990795	-0.0222361295257798	0.0004944454562872	0.0090394649796118	-0.0103653462832052	4.104163856859938e-05	0.0001074404035707	1.684416096395544e-09	-0.0012240513559929	7.322963796599965e-06	1.498301722108057e-06	5.3625798766313766e-11	-0.0010573733016455	-0.000738955440871	1.1180382990327057e-06	5.46055143592854e-07	0.0	0.0	0.0	0.0	0.0	0.0	0.0	0.0	0.0	0.0
2127.118680204983	6.493525087226317	42.165868058437546	4524633.879676988	2935.0061616269413	22.760753882859262	8614261.16878811	518.051917316093	2471.477858910194	6.6134822552016885	43.73814753986761	6108202.807083316	2591.250714576215	2116.424522042972	1.101015	23.209579	0.0969932880107476	0.04643655029699	-0.0502172037	0.0116021273	0.0383965625	-0.0947724265	-0.0666889517	-0.0106298584	0.0386904932	-0.0535496858	-0.0676309322	0.0054052464	0.0041362176	0.003277362	-0.0829545219	-0.0317537789	-0.016070538	0.042130209	0.0503951646	-0.040020247	-0.0479184145	0.043650355	0.0864420755	0.0081001444	0.0787259713	-0.0690858551	0.0081531239	-0.0691006134	0.0059400633	0.0150301628	-0.090426391	-0.0196223474	0.0162585229	0.1068795982	-0.0340642713	0.0332922248	0.0344688423	-0.0392799434	-0.0236820559	0.0021129607	-0.056361949	0.1033640918	-0.001400319	-0.0480220276	0.0916907509	-0.0727043566	0.0293629783	-0.0611546423	-0.1088363419	-0.0311404909	-0.0162515951	-0.070831414	-0.0861433163	-0.0006391553	0.0715855287	-0.0260654715	0.0401799065	-0.0770344215	-0.0517469879	0.0431001536	0.0338386983	-0.0408351444	0.0053741445	-0.0906543325	-0.0160479313	0.0887648233	0.0264992443	-0.0856447597	-0.0043822702010061	6.805806235369964e-05	1.9204292114626048e-05	4.631899851340068e-09	0.0155862406617757	0.0243373120646026	0.0002429308979667	0.0005923047585298	0.1174960036569814	0.0224199026661864	0.0005026520355612	0.0138053108753613	-0.0111252307744241	-0.0007598844912188	0.0001237707597841	5.774244399950057e-07	-0.0012259989996534	-1.9476436605000893e-06	1.5030735471511377e-06	3.793315828286187e-12	-0.0008158451321728	0.0002415281694726	6.656032796900535e-07	5.8335856648833274e-08	0.0	0.0	0.0	0.0	0.0	0.0	0.0	0.0	0.0	0.0
2124.341219312425	-2.777460892557883	7.714289009688433	4512825.6160698	2937.505949648554	2.499788021612858	8628941.204220654	6.2489401529991255	2474.613102252667	3.135243342473132	9.829750816522097	6123710.005840569	2587.7257550963604	2125.0991109658403	1.052166	22.179831	0.043375547742564	0.0261760051517715	-0.0222691054	0.0144774578	0.0589653963	0.0682937334	-0.0170242542	-0.0076378112	0.0549959973	0.0597188622	-0.0029622054	-0.0231677113	-0.0671471519	0.03507255	0.1006051371	0.0259665013	-0.0261868874	-0.0434249685	-0.0278678318	0.0582785949	-0.0030793919	-0.0154114065	0.0163783618	0.0470221634	0.0010623625	-0.0985116937	-0.0353070536	0.0364906859	-0.0545895058	-0.0023741111	0.0899552976	0.0154154773	-0.0048625669	0.0094332489	0.0849143197	-0.0186821484	0.0086624026	0.0430448621	0.0028358381	0.0580003822	-0.0181981046	-0.096773794	-0.0282562981	-0.0584740989	0.0315915324	0.0081717932	0.041481633	0.0792965482	0.0439550559	-0.0336310006	0.0683685124	0.0158328163	-0.0786829938	-0.042845079	-0.0182239723	-0.018254664	0.0177262131	-0.0495900409	0.0025324792	0.0138436608	-0.0040860067	0.0451172125	0.0041808454	-0.090904137	-0.0125074584	0.0897584821	0.0207291319	-0.0878597406	-0.0066405114035603	-0.0022582412025541	4.409639170081438e-05	5.099653328913437e-06	0.0374333424292956	0.0218471017675199	0.0014012551254289	0.0004772958556403	0.1171128224085364	-0.0003831812484449	1.4682786915986653e-07	0.0137154131724933	-0.0110663423041555	5.88884702686001e-05	0.0001224639319927	3.4678519305757982e-09	-0.001148687298436	7.731170121739995e-05	1.3194825095881964e-06	5.9770991451285205e-09	-0.0010573854311677	-0.0002415402989948	1.1180639500457028e-06	5.834171603854567e-08	0.0	0.0	0.0	0.0	0.0	0.0	0.0	0.0	0.0	0.0
2115.2539811074057	-9.087238205019275	82.57789819476194	4474299.404590729	2907.8211187488305	-29.684830899723693	8455423.6586417	881.1891855451905	2460.8427857619067	-13.770316490760251	189.6216162557037	6055747.216236422	2577.733735105622	2092.2518814711543	1.054339	22.225641	0.050153028457809	0.0287425967615327	-0.0348417164	-0.0085493068	-0.0446247543	-0.0512324193	0.041946781	-0.0071395231	-0.0624985144	-0.0325449629	-0.0422170972	-0.0346377352	0.0209701146	-0.0715154827	-0.0909397263	0.0060497966	-0.0651154437	-0.005330334	-0.0130192385	0.0062947651	0.1170259204	-0.0091073213	0.0441677174	0.0646571658	0.0783786419	0.0078669696	0.0556101865	-0.0006454401	0.0425686461	-0.0530466381	-0.0886876752	0.0184991586	-0.0587692469	0.0483689805	-0.0102530429	-0.0130202095	-0.1084474085	-0.0734990277	0.0083187917	0.0122852794	0.099996508	0.072438985	0.052652221	-0.0696238174	0.0545940006	-0.0143429262	0.0179136671	-0.0671723195	-0.0090699749	0.0320440937	0.0203175734	-0.0588530532	-0.0875181592	-0.0632963134	-0.0717690772	-0.065483744	0.0383692466	-0.0392854007	-0.0715350052	0.0396511486	0.0416298312	0.1007167804	0.00298683	-0.0910916402	-0.0089476998	0.0905061192	0.0148702542	-0.089533037	-0.0068126484094648	-0.0001721370059045	4.641217835098327e-05	2.9631148801765915e-08	0.0172995533996385	-0.0201337890296571	0.0002992745478269	0.0004053694606907	0.116533473603269	-0.0005793488052674	3.3564503816476577e-07	0.0135800504700437	-0.0105558564699389	0.0005104858342166	0.0001114261058139	2.605957869358181e-07	-0.0012234516154401	-7.47643170041e-05	1.4968338553229905e-06	5.589703097089557e-09	-0.0010574903522866	-1.049211189000244e-07	1.1182858451792372e-06	1.1008441191233054e-14	0.0	0.0	0.0	0.0	0.0	0.0	0.0	0.0	0.0	0.0
2117.6072653014194	2.353284194013668	5.537946497794557	4484260.530057356	2912.659441736644	4.838322987813626	8483585.023537619	23.40936933440577	2461.8774595994214	1.0346738375146742	1.0705499500373423	6060840.626083701	2580.839768618272	2143.1566367790715	1.132602	23.875423	0.0670744664222225	0.0364141364193201	-0.0222553416	-0.0237514406	0.1060120444	0.0613269281	-0.0382609186	0.0122399848	-0.0294511625	-0.014545273	0.092194888	-0.0243411646	-0.0021014544	-0.0781718011	0.0705897506	-0.0756669353	-0.0321341904	0.0527021034	0.0008852633	-2.0359e-06	0.0296463731	-0.0423876747	0.1243533135	0.0672605975	-0.1315788439	-0.0040817703	0.0742446395	0.0189240452	0.0463641618	-0.0512250001	0.0703968147	-0.0728609394	-0.004277129	0.0482093336	0.0870642772	0.0008544584	0.0267769279	0.006461353	-0.0050793261	0.0434763003	-0.0060075884	-0.0488455655	-0.0939247161	-0.0428793074	0.0627917826	-0.0528043433	0.0356500079	0.0613322603	-0.0743625906	-0.1020106635	-0.0584873337	-0.0122253588	-0.0158505291	-0.0323499812	0.0007561766	-0.0189036027	0.0206738293	-0.0218151515	-0.0438555463	-0.0213791674	0.0388468072	-0.0165708203	0.0017923027	-0.0912167139	-0.0053741445	0.0910056853	0.0089476998	-0.0906543325	-0.0063915612146558	0.000421087194809	4.085205476069232e-05	1.773144256321129e-07	0.0370629564061317	0.0197634030064931	0.0013736627375628	0.000390592098397	0.1354824933972693	0.0189490197940003	0.0003590653511534	0.0183555060171411	-0.0106190867183573	-6.323024841840136e-05	0.0001127650027319	3.998064315052748e-09	-0.0007329311668411	0.000490520448599	5.371880953270564e-07	2.406103104937643e-07	-0.0010524219207656	5.068431520999922e-06	1.1075918993079549e-06	2.5688998083065584e-11	0.0	0.0	0.0	0.0	0.0	0.0	0.0	0.0	0.0	0.0
2120.93727087415	3.3300055727304425	11.088937114415804	4498374.906983087	2921.4646416395726	8.805199902928507	8534955.652350236	77.5315453305322	2472.3721627455493	10.494703146127904	110.13879412534692	6112624.111119105	2584.966611969969	2107.2757584421256	1.179584	24.865814	0.1392326217567409	0.0678322308217334	-0.03866301	0.0962778869	-0.0586710168	0.0031652022	-0.0734232245	-0.04565686	0.0448583447	0.061587668	-0.0329984375	-0.0403532394	-0.0449988097	0.0542204567	-0.0405338076	0.0591658767	-0.0238652287	0.0431985881	-0.027673469	0.027439919	0.0827895219	-0.0143739726	0.0151229246	-0.0206794574	-0.0253702457	-0.0055013244	0.0559141455	0.0234019697	-0.0723464395	0.0070139187	-0.0338782323	0.0633151018	-0.0221909148	-0.0419379044	0.0257303097	-0.0124972676	-0.0881237295	0.0244232515	-0.0066919028	0.0895090336	-0.0088191848	0.01124238	0.1171787298	-0.0820947361	0.0672847709	-0.0435874431	0.0097960848	-0.0218693937	0.075530525	0.0455395807	-0.0174287324	-0.0180299262	0.0002192826	-0.0462908584	0.0518409993	0.0061254944	0.1621075524	0.0287777569	-0.1320155726	-0.0356766227	0.0297831187	-0.1058063883	0.0005974684	-0.0912792721	-0.0017923027	0.0912558111	0.00298683	-0.0912167139	-0.0136335959591633	-0.0072420347445074	0.0001858749387777	5.24470672406538e-05	0.033288938044734	-0.0037740183613977	0.0011081533961461	1.4243214592166984e-05	0.1691805705561151	0.0336980771588457	0.0011355604042035	0.0286220654536926	-0.0101402666497184	0.0004788200686388	0.0001028250077273	2.2926865813136067e-07	-0.001233317197907	-0.0005003860310659	1.5210713106531745e-06	2.503861800858839e-07	-0.0001412581906306	0.000911163730135	1.9953876420230927e-08	8.302193431135273e-07	0.0	0.0	0.0	0.0	0.0	0.0	0.0	0.0	0.0	0.0
2114.9983750301685	-5.9388958439813	35.270483845658354	4473218.126380254	2903.2315030583363	-18.23313858123629	8428753.160350367	332.4473425225673	2458.757821596586	-13.614341148963376	185.35028492035744	6045490.025262388	2574.9459892854056	2078.064745362042	1.001395	21.109558	0.1472732983690342	0.0767150243201826	-0.0100445712	0.0176854503	-0.0183119251	-0.0952337216	-0.0126938836	-0.0251513926	-0.0021265879	-0.110827565	-0.0267949846	0.0366758192	-0.0279211789	-0.0816419523	0.0289452099	-0.0883279099	-0.0327410765	-0.023844495	-0.0515674477	0.0748466488	-0.0038888807	-0.0128597242	0.0242917075	0.0286669735	0.070953865	-0.0107052901	0.0187693169	0.0455048761	0.0298517141	-0.0718409361	0.0233026458	-0.0910015838	-0.0074163271	0.134086746	0.0365913201	0.0272510686	-0.0834569021	-0.0358591738	0.0069293527	0.0509595974	0.0766430588	0.029948312	-0.0917539506	-0.1036513025	0.0483530152	-0.0506519919	-0.0171539851	-0.069314798	-0.0145702615	0.037821461	-0.0030001952	-0.0505597943	-0.0827562921	-0.0828739924	-0.0374049792	-0.0173575711	0.1069444866	-0.0291164054	-0.0653441967	0.0385691333	0.0684572052	0.0058327628	-0.0005974684	-0.0912792721	0.0017923027	0.0912558111	-0.00298683	-0.0912167139	-0.0068912176063662	0.006742378352797	4.74888800982915e-05	4.5459665852266925e-05	0.0174746611105263	-0.0158142769342077	0.0003053637809277	0.0002500913549518	0.1297933691310007	-0.0393872014251144	0.0015513516361025	0.0168463186703762	-0.0108898866736603	-0.0007496200239419	0.0001185896317651	5.619301802946548e-07	-0.0013471780663549	-0.0001138608684478	1.8148887424677272e-06	1.2964297363709962e-08	-0.0009843661313791	-0.0008431079407485	9.689766806062556e-07	7.108309997531763e-07	0.0	0.0	0.0	0.0	0.0	0.0	0.0	0.0	0.0	0.0
2119.494994760737	4.496619730568455	20.21958900133752	4492259.032815817	2911.7913277449006	8.559824686564298	8478528.73633041	73.27059866471558	2459.9673338669995	1.2095122704135974	1.462919932281055	6051439.283692714	2578.306035522161	2129.704905102825	1.060871	22.363327	0.0406720565679358	0.0244227254643058	0.0068676629	-0.0205751354	0.1095606585	-0.0097074007	-0.061202925	-0.0094765769	-0.0237393413	-0.07055315	0.0088157282	-0.1044682553	-0.0835817379	-0.0513052819	0.0186634383	0.1020913255	0.0273084532	0.0707495793	-0.004170766	0.046035496	-0.1046335234	-0.0074845434	0.0455403856	-0.1006067028	-0.0207674583	0.0333961102	0.0809464796	0.0259849547	0.037669476	-0.0218102246	0.0322362771	0.1086597811	0.0054732409	0.0860812454	0.0545834018	0.0720107508	0.0465432582	0.030241573	-0.0010444262	0.0280952086	0.0161182801	-0.0712041929	0.0807017626	-0.041533084	0.0391403134	-0.0647470212	0.0086561578	0.0434705905	-0.0930878478	-0.1018922614	-0.0616936512	-0.0262652827	-0.0195270886	-0.0164514129	0.036975634	-0.0016224143	-0.0288181221	0.019112107	0.0206442987	0.082683254	0.0206549183	-0.072927124	-0.0017923027	-0.0912167139	0.0053741445	0.0910056853	-0.0089476998	-0.0906543325	-0.0065501010476936	0.0003411165586726	4.29038237349968e-05	1.163605066006375e-07	0.0177237547988369	0.0002490936883106	0.0003141314841692	6.204766555617924e-08	0.1262536864835581	-0.0035396826474426	1.2529353244606365e-05	0.0159399933506885	-0.0107562693601617	0.0001336173134986	0.0001156973305483	1.7853586466583463e-08	-0.0009431967228823	0.0004039813434725	8.896200580559103e-07	1.6320092587392677e-07	-0.0011776107478781	-0.000193244616499	1.3867670735180183e-06	3.73434818058456e-08	0.0	0.0	0.0	0.0	0.0	0.0	0.0	0.0	0.0	0.0
2131.450999807952	11.956005047215058	142.94605668903193	4543083.364582318	2938.925814508678	27.134486763777204	8637284.943185495	736.2803719336002	2477.0355878976675	17.06825403066796	291.325295655413	6135705.303711543	2589.5670495935387	2131.252667120325	1.338601	28.217913	0.1174841880999732	0.0750587007982595	-0.0129820874	0.1660223281	-0.0121755029	0.0228202823	-0.1282496887	-0.0216354406	0.1447662028	0.0798984848	-0.0119419424	-0.0150691949	-0.0614597767	0.1071825659	-0.0490787836	-0.0497681847	0.018087959	0.0271854302	-0.0641162127	-0.0299814564	-0.071458365	0.0326927809	0.0211464914	-0.0889151523	0.0086767973	-0.1462450678	-0.0122246793	0.0058851331	-0.1163473174	0.0479389096	-0.0488477646	-0.034353149	-0.0152610293	-0.0175276428	0.06893154	0.0164411588	-0.0653499763	0.0796961719	-0.0217691739	0.0184506705	-0.2153679378	0.1051266385	0.0108402855	-0.0022255495	0.1008015575	-0.13183527	-0.0937756349	0.0739120781	0.0624130677	-0.0433888743	0.1416157598	0.1186937504	-0.0685683951	0.0508133978	0.090171607	0.0387018515	0.0307762097	0.0599535662	0.0639301522	0.004053361	0.0093476477	-0.0448371655	-0.00298683	-0.0910916402	0.0089476998	0.0905061192	-0.0148702542	-0.089533037	-0.0066871447099714	-0.0001370436622778	4.471790437209848e-05	1.878096537051176e-08	0.0185504885675271	0.0008267337686901	0.0003441206260939	6.834887242926977e-07	0.0609386658034978	-0.0653150206800602	0.0042660519264367	0.0037135209899103	-0.0112918423199179	-0.0005355729597561	0.0001275057029778	2.8683839522201585e-07	-0.001224063238679	-0.0002808665157967	1.4983308122853225e-06	7.888599969577795e-08	-0.0009699424236521	0.000207668324226	9.407883052001096e-07	4.3126132886835126e-08	0.0	0.0	0.0	0.0	0.0	0.0	0.0	0.0	0.0	0.0
2128.5111446095534	-2.939855198398618	8.642748587551377	4530559.692727071	2968.0211338797017	29.095319371023837	8809149.45115655	846.5376093018748	2473.605002770057	-3.4305851276103567	11.768914317781368	6118721.709729054	2611.11464876742	2102.5420669198734	1.74189	36.719307	0.257959647318785	0.1495182862595061	0.0244139643	-0.0678547789	-0.0550791425	-0.0234730667	0.1994434353	0.2313647372	0.0299266433	-0.0222515098	-0.0841464316	0.0454276666	0.0684548436	0.0574480805	0.0425875185	0.0687501427	0.0965407905	-0.1320651434	0.0743390422	-0.0457476208	-0.1186169642	-0.017964847	0.0456324077	0.0102113737	0.1581302208	0.0520632023	-0.0461629089	0.0182385711	0.0819669412	0.2056173605	0.0605267954	0.0108222966	-0.017916498	-0.0264528504	-0.1137455725	-0.0790044711	-0.0520910379	0.043637737	0.0304072824	-0.110768847	0.0707546419	-0.1006700479	-0.0162685019	0.1362536674	-0.0674195464	0.0919565684	-0.0491069806	-0.0715830679	0.0434889361	0.1066963577	0.071436118	0.1035523824	0.0167988446	0.0046894118	-0.1104080282	-0.0050571585	-0.089779578	0.0100736707	0.1041883866	0.008412348	-0.0318617589	-0.0251523863	-0.0041808454	-0.090904137	0.0125074584	0.0897584821	-0.0207291319	-0.0878597406	-0.034176804209892	-0.0274896594999205	0.0011680539460012	0.0007556813794215	-0.000259956276011	-0.0188104448435381	6.757726543750724e-08	0.0003538328352117	-0.0803741332412286	-0.1413127990447264	0.0199693071738552	0.0064600012942787	-0.0103764624739995	0.0009153798459183	0.0001076709734743	8.379202623135914e-07	-0.0011269496033214	9.71136353576001e-05	1.2700154084262603e-06	9.431058172368916e-09	-0.0013643838209881	-0.000394441397336	1.861543210974088e-06	1.5558401593237628e-07	0.0	1.0	0.0	0.0	0.0	0.0	0.0	0.0	0.0	0.0
2113.0055140261625	-15.50563058339094	240.42457978858843	4464792.302304967	2901.6124918132487	-66.40864206645301	8419355.05264669	4410.107741110272	2459.5405695988584	-14.064433171198743	197.80828042711556	6049339.813502677	2578.278219237081	2082.365506445455	1.097867	23.143204	0.1417948988081214	0.0750285735221008	0.0332238978	-0.0948744713	0.0118689189	-0.0399383725	0.0956140482	0.0363482883	-0.0874923081	-0.0526925955	0.0222769565	0.0295955299	0.0232457852	-0.0454396618	-0.0888734722	-0.0140936203	-0.0130038005	-0.1147058473	0.035205595	-0.013802872	-0.048662777	-0.0750514465	0.0039539362	-0.087944639	0.0827286171	0.0170688522	-0.1220733766	-0.0611648739	0.0700448601	-0.00979041	-0.0895117829	-0.0215315777	0.0062414513	0.0154660857	-0.0248556359	-0.0726428883	0.0358203427	-0.0583211354	0.0212533202	-0.0836519444	0.1217266201	0.0762473141	0.0078349852	0.0443404191	-0.0411091634	0.0270524964	-0.0261504022	-0.0570742393	-0.0468214518	0.0372061912	0.0021926333	0.0010730746	0.0255019748	-0.0180207649	-0.0078092867	0.0150956511	-0.0228626377	-0.0068826794	0.020567037	0.0195654033	0.0332778616	-0.0772348705	-0.0053741445	-0.0906543325	0.0160479313	0.0887648233	-0.0264992443	-0.0856447597	-0.0197268974295354	0.0144499067803565	0.0003891504821954	0.0002087998059609	-0.0153184233113279	-0.0150584670353169	0.000234654092745	0.0002267574294537	-0.0153065178925757	0.0650676153486529	0.0042337945671602	0.0002342894899957	-0.0108343177779827	-0.0004578553039831	0.0001173824417143	2.096314793855483e-07	-0.0012242501517989	-9.73005484775e-05	1.4987884341796296e-06	9.467396734022326e-09	-0.0009751614805729	0.0003892223404152	9.509399131931304e-07	1.5149403027828584e-07	0.0	0.0	0.0	0.0	0.0	0.0	0.0	0.0	0.0	0.0
2117.203973492289	4.198459466126678	17.627061888708713	4482552.665371538	2904.3234501456072	2.710958332358586	8435094.703065684	7.349295079784449	2459.8986927912783	0.3581231924199528	0.1282522209490585	6051101.57879624	2575.625678884895	2122.606721777665	1.030705	21.727415	0.1330212085471414	0.0702481015051728	0.0456388513	-0.0653729827	0.090430139	0.0324560142	-0.0014315037	-0.033271036	-0.0110502889	-0.0335678663	0.0986099626	0.0501420555	-0.010762551	-0.0559305359	0.124845004	-0.0205089719	-0.0486704072	0.0097247475	-0.0419113695	-0.0292891175	-0.0567483512	0.0146167132	0.0600881958	-0.0074855291	0.0248335075	-0.0449624046	-0.0368270646	0.0013093611	0.0177078856	-0.0607040051	0.1215098602	-0.0252479979	0.0047799074	-0.0119108593	0.0186119864	-0.0802062046	0.0435335271	-0.0704329607	0.0067489442	-0.0210195211	0.0222322605	-0.0869537061	-0.0564800632	0.0109107252	-0.0058163327	-0.0539939912	0.00846111	0.0522539025	-0.1144992077	-0.0777232946	-0.0721343219	0.0482025132	0.0557674165	-0.0048341173	0.0480856898	-0.0184842509	-0.058097497	-0.0178026946	0.0887320722	0.0072637054	-0.0854737222	-0.0735647512	-0.0065665228	-0.0903423981	0.0195636596	0.0875278662	-0.0321558829	-0.0829017503	-0.0083574859145869	0.0113694115149485	6.984757081251844e-05	0.0001292635181962	0.0081726923430522	0.0234911156543801	6.679290013418406e-05	0.0005518325146874	0.0480554107542872	0.0633619286468629	0.0040147340018501	0.0023093225027632	-0.0111050003919049	-0.0002706826139221	0.0001233210337042	7.326907747975428e-08	-0.001145696340862	7.855381093689997e-05	1.312620105464576e-06	6.170701212710225e-09	-0.0013219001103328	-0.0003467386297598	1.7474199016978686e-06	1.2022767736777297e-07	0.0	0.0	0.0	0.0	0.0	0.0	0.0	0.0	0.0	0.0
2130.282179557229	13.078206064939875	171.0394738770302	4538102.164539098	2930.839586452096	26.516136306488534	8589820.681514692	703.1054846242794	2475.728400890644	15.82970809936569	250.5796585111237	6129231.114976546	2585.6613082698286	2132.236687732719	1.481905	31.238798	0.1077125812610758	0.0810678360294487	0.0228004525	0.1360030085	-0.0392655755	0.020489355	-0.1105665813	-0.019141742	0.1304127946	0.1200872949	0.0244664513	-0.007443722	-0.0001716165	0.1174019279	-0.0241821065	0.035913973	-0.0068338718	0.069883855	-0.0135753836	-0.0888463874	0.0696910735	0.0029220626	0.0246376879	-0.0107940194	-0.0154898999	0.0221149737	0.0207536999	-0.0541249506	-0.1336323343	0.042222605	-0.03494358	0.0345563286	0.0028030639	-0.0819570419	-0.0126461756	-0.0751645528	-0.0531565685	0.0307177605	-0.0207123012	-0.0369864912	-0.2487752089	0.0442076904	0.0920588464	0.0760209189	0.0388272848	-0.1167954054	-0.1316615137	0.0531105782	0.0655381313	0.0087359132	0.149999901	0.1209415414	0.0045802111	0.0724490108	0.0790706674	-0.0061167106	-0.0162385689	0.1451975938	0.0598431529	-0.0399615898	0.0552151378	-0.0030587948	-0.0077577759	-0.0899685475	0.0230492221	0.0860510014	-0.037674825	-0.0796476241	-0.0084234881774989	-6.600226291200023e-05	7.095515307646375e-05	4.356298709504801e-09	0.0181594955236903	0.0099868031806381	0.0003297672776749	9.973623776880328e-05	-0.0313786729706535	-0.0794340837249407	0.0063097736572208	0.0009846211173992	-0.0111052254918489	-2.2509994400052305e-07	0.0001233260332248	5.0669984789038604e-14	-0.0012170767020007	-7.138036113870012e-05	1.4812756985529008e-06	5.095155956291251e-09	-0.0016148084911018	-0.000292908380769	2.607606462934472e-06	8.579531952471752e-08	0.0	0.0	0.0	0.0	0.0	0.0	0.0	0.0	0.0	0.0
2118.796448760132	-11.485730797096949	131.9220119433813	4489298.391278547	2923.0622646308943	-7.77732182120144	8544293.002909092	60.48673471053608	2458.20173909114	-17.526661799503927	307.18387383419025	6042755.790070706	2582.27409449022	2067.7248951426723	1.877183	39.571316	0.1446588052940121	0.0832507654609335	0.0734556334	-0.1213117997	-0.0718864693	-0.020054607	0.2647027792	0.1023216925	-0.0522723893	-0.0542450335	-0.0513292821	0.1001900326	0.0010787971	-0.0606520362	0.0606521329	-0.0571845805	0.0343245708	-0.0509976126	-0.0115971949	-0.1071594385	0.0267383027	-0.0136344864	0.0446497123	0.1170016687	-0.0094951756	-0.0633662337	-0.0046195088	0.0232210933	0.0934495009	0.0155746797	0.0552041442	-0.0648701296	0.0093132824	-0.0236836395	-0.0928879124	-0.0721387776	-0.0157962196	-0.0502628344	0.0431558849	-0.1444554665	0.1604340248	-0.0278768585	-0.1080576511	0.0486716519	-0.1270547021	0.1119526331	-0.0220154948	-0.0436050177	0.021117675	0.1080046482	0.054990114	0.0469933875	0.0148120979	-0.0654671879	0.0035128986	0.0267202567	-0.046832462	-0.0328515118	-0.0105484438	-0.0223903807	-0.0183754852	0.0357177336	-0.0089476998	-0.089533037	0.0264992443	0.0843382767	-0.0430324377	-0.0759024438	-0.0070188905236534	0.0014045976538455	4.92648241830315e-05	1.972894569188285e-06	0.0200921101270523	0.0019326146033619	0.0004036928893575	3.734999205128055e-06	-0.0829249868344632	-0.0515463138638097	0.0026570224729463	0.0068765534414958	-0.0121544531984476	-0.0010492277065986	0.0001477307325532	1.1008787802943666e-06	-0.0016938867592597	-0.0004768100572589	2.869252353195329e-06	2.273478307033308e-07	-0.0013453406714996	0.0002694678196021	1.8099415223909947e-06	7.261290580116376e-08	0.0	0.0	1.0	0.0	0.0	0.0	0.0	0.0	0.0	0.0
2115.3676057910507	-3.4288429690814155	11.756964106619057	4474780.107630162	2903.228667299191	-19.83359733170346	8428736.694627836	393.37158311615457	2455.275639754075	-2.9260993370648976	8.562057330371633	6028378.467169783	2583.09447117461	2113.172791598136	1.236539	26.066442	0.1073922043577649	0.0499950243001918	0.0777147815	-0.1209056648	0.0489339967	0.0075033323	0.1129721909	0.0565100853	-0.1015963908	-0.0190212552	0.0176503919	-0.0496623179	0.0228993764	-0.0817156557	0.0014438047	0.0990308977	-0.0457000961	-0.098220882	0.0602607159	-0.1712281771	0.0299263303	0.0004818824	0.0140092609	0.0482954615	-0.0666915393	0.0443127201	-0.0324265831	-0.0060734775	0.1313601596	0.0327341854	0.0107708158	0.0942065856	-0.0322051229	-0.0263159064	-0.0037694129	-0.0797790366	0.0725140308	-0.086680342	0.0244712266	-0.1780493203	0.0176003467	-0.0344799535	0.0599379006	0.1035344205	-0.0496706815	-0.0415754279	-0.0203590907	0.0589682469	-0.1043697293	0.0073174308	-0.0487490395	0.0198559648	-0.0357023937	0.0057328368	0.0356114898	0.007071556	-0.1083641133	0.0148882087	-0.0438664459	-0.0148855752	-0.0573212343	-0.0316132791	-0.0101360905	-0.089036165	0.0299084066	0.0823943867	-0.0482057789	-0.0716892996	-0.0256551861553049	-0.0186362956316515	0.0006581885766633	0.0003473115148703	-0.0110235858266918	-0.0311156959537441	0.0001215194444784	0.0009681865346858	-0.0956489509471225	-0.0127239641126593	0.0001618992627402	0.009148721817285	-0.012543381315279	-0.0003889281168314	0.0001573364148204	1.5126508006201964e-07	-0.0020516948085245	-0.0003578080492648	4.2094515873263854e-06	1.280266001186817e-07	-0.0014969294785976	-0.000151588807098	2.2407978638944827e-06	2.2979166437394652e-08	0.0	0.0	0.0	0.0	0.0	0.0	0.0	0.0	0.0	0.0
2120.775556335904	5.40795054485352	29.245929095581484	4497688.960351864	2937.9859929798604	34.75732568066951	8631761.694945857	1208.0716884721282	2469.629398932824	14.353759178748987	206.0304025615208	6099069.368073302	2584.492869534129	2119.6931709601863	1.310455	27.624598	0.3630681443504389	0.2012286019616961	0.0736240114	0.0423368411	-0.0031810667	0.0956046942	-0.0529710333	0.0305250998	0.1574486939	0.1014259434	0.1512261376	0.0319841161	0.0772400387	0.0759727662	-0.0192042018	-0.1030492238	0.0510806819	0.0108013207	0.1051179839	0.0743097119	-0.0213646356	-0.0405747378	-0.0714191519	-0.0370225401	-0.0875721672	-0.0296356593	0.0193396567	0.0342428938	-0.082276822	0.0286186363	-0.0358160479	-0.1030198195	0.0726474981	-0.0270562749	0.0378505866	-0.0961785547	0.0749523693	0.1973996443	-0.0066567817	0.0294843367	-0.0392015365	0.0793582425	-0.0570276433	0.0540402902	-0.0660781889	-0.0040970712	-0.0654062552	0.1107560882	0.0300048914	-0.0240716236	0.0368444023	0.0818929115	0.0829587116	0.0589542897	-0.0418071263	0.0412572748	-0.0168631802	-0.0101684578	0.0022803038	-0.0878498999	-0.0062027024	0.020312243	-0.0113227445	-0.0884782721	0.0332714524	0.0802246594	-0.0531726956	-0.0670341672	-0.0246144683088402	0.0010407178464647	0.0006058720501268	1.0830936359501238e-06	0.0489176616934514	0.0599412475201432	0.0023929376255549	0.003592953154271	0.0391616892629684	0.1348106402100909	0.0181739087138545	0.0015336379059292	-0.0106114522733992	0.0019319290418798	0.0001126029193506	3.732349822858604e-06	-0.0012001113454382	0.0008515834630863	1.4402672414494866e-06	7.251943946020559e-07	-0.0020589277491063	-0.0005619982705086	4.239183476039935e-06	3.1584205605476973e-07	0.0	0.0	0.0	0.0	0.0	0.0	0.0	0.0	0.0	0.0
2107.41185328498	-13.36370305092396	178.58855923327434	4441184.719366035	2892.8949815213323	-45.0910114585281	8368841.37411131	2033.1993143531124	2455.905405191275	-13.723993741549291	188.34800421808416	6031471.35924772	2568.359519114951	2071.965238426164	1.104908	23.291643	0.1584579294916666	0.0957136841492794	0.0839561841	0.0037863615	-0.1178321286	0.0204062267	0.0506644689	-0.053056753	-0.054378662	0.058356131	-0.020365811	-0.0274767711	-0.010439511	-0.0372373032	0.0305054507	0.096385588	0.0395853549	-0.0285331054	0.0169522037	0.0622716307	-0.0214361493	-0.0361048914	-0.1466384845	-0.0561120893	0.0028256185	0.0206506604	-0.0087035878	0.0314276147	-0.0007844349	-0.056430377	0.0389018007	0.1112916173	0.0083894958	-0.1054946166	-0.0107668777	-0.0071166346	-0.0313533702	0.0781451205	0.0112520362	-0.0102702341	0.0613674483	-0.0907560086	0.0437968315	-0.0153808075	-0.085469829	-0.0274521082	-0.0317771541	0.0182671912	0.0962277545	0.0582829037	0.0530430725	0.0143751872	-0.0008216524	-0.0231077468	-0.0273183869	0.002077366	-0.0229318506	0.0121024708	-0.0301966459	-0.014294672	-0.0480359683	0.006527895	-0.0125074584	-0.0878597406	0.036583196	0.0778350419	-0.0579119187	-0.0619657467	-0.0123606176958617	0.0122538506129785	0.0001527848698232	0.0001501568548451	-0.002240069381969	-0.0511577310754204	5.017910836034979e-06	0.002617113448785	0.0382799183800557	-0.0008817708829126	7.775198899526394e-07	0.0014653521511837	-0.0117120394083441	-0.0011005871349449	0.0001371718671026	1.2112920416062253e-06	-0.0011316633905311	6.844795490709992e-05	1.2806620294683451e-06	4.685122530964383e-09	-0.0013446713005512	0.000714256448555	1.808140906526056e-06	5.10162274302544e-07	0.0	0.0	0.0	0.0	0.0	0.0	0.0	0.0	0.0	0.0
2107.2183869493297	-0.1934663356505552	0.0374292230300533	4440369.330297335	2894.627881444143	1.7328999228107025	8378870.572033808	3.002942142477338	2452.342293372521	-3.563111818753896	12.695765832943696	6013982.723863596	2571.5742320967543	2077.197805928905	0.872197	18.386055	0.0841251026652958	0.0469209653560716	0.0929549461	-0.028074013	-0.0998873538	-0.0374961841	0.0507589376	-0.0009908846	-0.0778394342	-0.0348183774	-0.008177484	0.059046498	0.0484284623	-0.0692047744	-0.1100549632	-0.0499228566	-0.036604976	-0.0082701779	0.0019101027	-0.0077432806	-0.0525123118	-0.0617933678	-0.0155895217	0.00616451	0.0277208406	0.0553826037	0.1012739681	0.0384349945	0.0664337288	-0.0419840822	-0.0941616921	-0.0376352544	-0.0315753969	-0.0124764048	-0.0537895884	-0.0015787153	-0.0342701436	0.0119865034	0.014209642	-0.0677647908	0.0732299662	0.098291052	-0.0307327247	0.0001112789	-0.0437974533	-0.1040270097	-0.0607160327	-0.0478559633	0.0134116102	0.0195075352	-0.0229854765	-0.0397221537	0.1023817661	-0.0176607474	0.0423165696	0.0487558142	-0.0446872635	0.0153897336	-0.0094848808	0.0085912705	-0.0178271717	-0.0247572277	-0.0136900291	-0.0871809944	0.0398385309	0.075232084	-0.062403154	-0.0565152869	-0.0047954274709951	0.0075651902248666	2.2996124629574464e-05	5.723210313841716e-05	0.0138830099577091	0.0161230793396781	0.0001927379654858	0.0002599536873935	-0.0029132670762805	-0.0411931854563362	0.0016968785280401	8.487125057739933e-06	-0.0117722652832801	-6.022587493599921e-05	0.0001385862298999	3.6271560118066174e-09	-0.0013479954007982	-0.000216332010267	1.8170916005731e-06	4.679953866620464e-08	-0.0014529863682364	-0.0001083150676852	2.111169386280803e-06	1.1732153887649455e-08	0.0	0.0	0.0	0.0	0.0	0.0	0.0	0.0	0.0	0.0
2112.275351922378	5.056964973048252	25.57289473863691	4461707.162338805	2910.3070715258937	15.679190081750676	8469887.250573624	245.8370016196688	2460.12924018273	7.786946810208974	60.63654062502371	6052235.878402056	2577.7120103390857	2101.232437133789	0.984822	20.760201	0.1195784836107054	0.0737199604048843	0.1141914407	-0.0080569956	0.0155007011	-0.0606282869	-0.0724285002	-0.0093948802	-0.0065812211	-0.0005977349	0.0201738073	0.0513638347	0.0513128883	-0.0259566989	0.1176612735	-0.0034416876	-0.0836849762	0.0085651158	0.0277844332	-0.0669413803	0.1142211775	-0.0499331371	0.0856472345	-0.002052665	0.0312819632	0.124108638	0.1152679909	0.0110730309	0.0117691239	-0.0169423998	0.1112006007	-0.0210399181	0.0085029998	0.030276047	-0.0289708673	-0.0587313345	0.0021176583	-0.1064542673	-0.0012605751	0.0123820828	-0.0382462936	-0.0927020916	-0.0260183805	-0.030733061	-0.0694999512	-0.1242350856	-0.0674085062	-0.0242190466	-0.0919319298	-0.0189957821	-0.0287714594	-0.0426596271	0.0367466666	0.0797722134	0.0253735147	0.0130956305	-0.0118477205	-0.0286244808	-0.0219506382	-0.0497929638	-0.0535182622	-0.0626686458	-0.0148702542	-0.0864424987	0.0430324377	0.0724229201	-0.0666271694	-0.0507163915	-0.0171541644194519	-0.0123587369484568	0.0002942653569295	0.0001527383789611	0.0149666276797546	0.0010836177220455	0.0002239999441043	1.1742273675310786e-06	0.0666352604552926	0.069548527531573	0.0048369976818099	0.0044402579359446	-0.012207097737605	-0.0004348324543249	0.0001490132351754	1.890792633342164e-07	-0.0012081351795303	0.0001398602212678	1.4595906120187103e-06	1.9560881493105932e-08	-0.0012959270156566	0.0001570593525797	1.6794268299086218e-06	2.4667640232785923e-08	0.0	0.0	0.0	0.0	0.0	0.0	0.0	0.0	0.0	0.0
2105.091432426289	-7.183919496088947	51.60869932628688	4431409.938874565	2895.730082072184	-14.576989453709755	8385252.708217777	212.4886215335655	2448.7293334374062	-11.399906745323731	129.95787380207756	5996275.348436804	2564.182907067001	2092.624682331643	1.081411	22.79632	0.0654908686714656	0.0449817382653473	0.1445503272	-0.0661403315	0.0120033456	0.0973235904	0.0180697184	-0.0054047721	-0.0558182015	-0.0124217244	0.086546926	-0.05233064	-0.0229356228	-0.08074683	-0.1125062474	-0.0020043905	-0.0682425317	-0.0702183497	-0.0397553542	0.0802462003	0.0178307408	-0.096385254	0.0128410804	0.0287520991	-0.0829852021	0.0009542989	-0.0142037955	-0.0725209256	0.0398255818	-0.0743207517	-0.1090653818	0.0194397764	-0.0135460551	-0.0039211441	0.0982915039	-0.0971143886	0.0092945717	0.0085608516	0.0271771641	0.0078559419	0.1488944715	0.0712164117	0.0455113095	-0.0301168255	-0.1091271041	-0.0509302298	-0.0076096857	0.0898973766	-0.006001367	-0.0759516628	-0.0513247379	-0.0407349365	0.0489120167	-0.0301219121	-0.0615526805	0.0248289872	-0.0072853303	0.0040828997	-0.0091984207	-0.0350824989	-0.0583888092	0.0441257464	-0.0160479313	-0.0856447597	0.0461599916	0.06941525	-0.0705658771	-0.0446048127	-0.0196785539417732	-0.0025243895223212	0.0003872454852392	6.3725424604055575e-06	0.0210037482555804	0.0060371205758258	0.0004411574407837	3.644682484705924e-05	0.0771110754160062	0.0104758149607136	0.0001097426990911	0.0059461179518129	-0.011454150882219	0.0007529468553859	0.0001311975724326	5.669289670356645e-07	-0.0012171627969785	-9.027617448199984e-06	1.4814852743485251e-06	8.149787679104478e-11	-0.0014630234150745	-0.0001670963994179	2.140437513056253e-06	2.7921206698426392e-08	0.0	0.0	0.0	0.0	0.0	0.0	0.0	0.0	0.0	0.0
2110.2049972027817	5.113564776492694	26.14854472338678	4452965.130219592	2903.3781043869294	7.648022314745503	8429604.41703344	58.49224532684517	2454.7292791513296	5.999945713923353	35.99934857002721	6025695.833922806	2575.856034712358	2119.067247624983	1.099514	23.177921	0.0899814535145405	0.0515276701294945	0.1121579334	0.0241606246	-0.1044181362	0.1007232572	-0.0405814134	0.0367377376	-0.1034907525	0.1253867141	-0.0044649079	0.0490965439	0.0367675359	-0.053633624	0.0722163604	-0.0582518755	-0.0100062974	0.0304438868	-0.0279920633	-0.0951176203	0.0147752743	0.0557880445	-0.0342703769	-0.0190679506	-0.0456284037	0.032608568	0.0608469939	0.0513089642	0.0655685417	-0.0200978614	0.0744745966	-0.0501124439	-0.0677363241	-0.1249865285	0.0060509394	0.0378997843	0.0471353004	-0.0238234023	-0.0063404505	-0.0140067164	-0.0362589066	-0.039594532	-0.0990874841	0.0260964778	-0.0645525441	-0.1431154406	-0.0229193572	0.0763786414	0.0815279179	0.0190627397	-0.0632757948	-0.053011316	0.0678583461	0.0319738394	-0.0415213495	0.0148927521	-0.0131599748	-0.0396898438	-0.0322360533	-0.0634114426	-0.0540723796	-0.069758198	-0.0172228587	-0.084788324	0.0492163702	0.0662173176	-0.0742024108	-0.0382182304	-0.0111527379985005	0.0085258159432726	0.0001243835648631	7.268953749856293e-05	0.0001062127225566	-0.0208975355330238	1.1281142432885286e-08	0.0004367069913539	0.0335929776057071	-0.0435180978102991	0.0018938248370267	0.0011284881444175	-0.0115873118279022	-0.0001331609456831	0.000134265795397	1.7731837455243777e-08	-0.001334042800438	-0.0001168800034595	1.7796701934004618e-06	1.3660935208692738e-08	-0.0015537825504907	-9.075913541619988e-05	2.4142402142093845e-06	8.237220661496111e-09	0.0	0.0	0.0	0.0	0.0	0.0	0.0	0.0	0.0	0.0
2109.552770504108	-0.6522266986735303	0.4253996664625721	4450212.891541558	2907.8104361345668	4.432331747637363	8455361.5324931	19.64556472111408	2461.708291860727	6.979012709397466	48.70661839793136	6060007.714215859	2574.8628851963203	2060.6048890275565	1.110816	23.416176	0.0528276090134506	0.0289387070323536	0.1464789972	-8.01435e-05	-0.1180721933	-0.0439977209	-0.0086713248	-0.0619744448	0.0755631322	-0.0173341835	-0.045382559	-0.0015733964	0.0374261248	0.0136574248	-0.0324863659	0.0754464493	-0.1038392666	-0.0712838004	-0.0183944085	-0.0132500505	0.1373543655	-0.0249728604	0.0078521434	-0.0145572268	0.0769193968	-0.0164146098	0.030308981	-0.0251530988	-0.0592291956	-0.0177951652	-0.0217170317	0.0568953826	-0.0197151227	0.0265220191	-0.0227026322	-0.118030997	-0.1530163152	-0.0233505883	0.0155604321	0.0069474382	0.0743943243	-0.001985291	0.1007945094	-0.0219771808	-0.1204626184	-0.0653378291	-0.0694300547	-0.020683001	0.0890577841	0.050288608	0.0510418245	-0.0290386509	0.0183915301	-0.0282438765	-0.1015688394	-0.0359380311	0.0065572193	0.0435313759	-0.0233684432	0.0341697114	0.0353212321	0.0611847908	-0.0183948351	-0.0838737786	0.0521968607	0.0628378881	-0.0775211985	-0.0315960199	-0.0183500214043164	-0.0071972834058159	0.0003367232855388	5.1800888423632925e-05	0.003838717067822	0.0037325043452654	1.4735748726787931e-05	1.393158868742509e-05	0.0581156125608615	0.0245226349551544	0.0006013596251437	0.0033774244233241	-0.0115510513721622	3.626045573999932e-05	0.0001334267878023	1.3148206504724496e-09	-0.0015957964151569	-0.0002617536147188	2.546566198627613e-06	6.85149548184103e-08	-0.0016032722061761	-4.948965568540007e-05	2.5704817670967797e-06	2.449226019859452e-09	0.0	0.0	0.0	0.0	0.0	0.0	0.0	0.0	0.0	0.0
2108.9811215042355	-0.5716489998726502	0.3267825790554012	4447801.370861263	2896.586441496889	-11.223994637677606	8390213.013063611	125.97805562661566	2449.8851928710938	-11.823098989633309	139.78566971866815	6001937.458249036	2571.393037763216	2069.737692537364	0.943769	19.8948	0.1187944697835007	0.0620734340544484	0.1677102251	-0.0315496298	-0.0317298474	-0.0636130972	-0.0295273542	0.0006205503	-0.0165253413	-0.0901905427	0.0068539714	-0.0027841279	0.0139312762	-0.074846243	0.0009426162	-0.0816530669	0.0125378462	0.0447783671	-0.0210278575	-0.0006265801	0.0148842513	0.01238065	0.0522135129	0.040805803	0.0741370689	-0.0860667652	-0.0796943321	0.0471481869	0.0547587886	-0.0383140673	-0.0085630653	-0.088236366	0.0130967575	0.0877400627	-0.0065052346	-0.0045612837	0.0055218258	-0.0680030681	0.0054803645	-0.0359998996	0.026686374	0.0335875411	-0.101637365	-0.0046922569	-0.0916272948	-0.1446674469	-0.0904151017	-0.0212218224	-0.0311587883	0.0072445015	-0.0134335024	-0.0428334688	-0.033699494	0.0053519716	-0.0341663945	0.0151142769	0.0376942466	-0.0433036736	0.0066657343	0.0205141003	0.0560086931	-0.0263716927	-0.0195636596	-0.0829017503	0.0550968674	0.0592862243	-0.0805080284	-0.0247790096	-0.0127028397022854	0.005647181702031	0.0001613621365019	3.189066117575375e-05	0.0054052592020923	0.0015665421342703	2.921682704180349e-05	2.454054258444148e-06	0.0130405973165821	-0.0450750152442794	0.002031756999272	0.0001700571783732	-0.012056011038862	-0.0005049596666998	0.0001453474021691	2.5498426499357365e-07	-0.0011310497359875	0.0004647466791694	1.2792735052773934e-06	2.1598947579898526e-07	-0.0012428639379869	0.0003604082681892	1.544710768348305e-06	1.2989411977913833e-07	0.0	0.0	0.0	0.0	0.0	0.0	0.0	0.0	0.0	0.0
2114.562807507807	5.581686003571576	31.155218642466835	4471375.866895299	2912.948377415092	16.361935918203017	8485268.249485219	267.712946991382	2461.0700434171235	11.184850546029791	125.10088173702296	6056865.758605163	2576.941426045186	2108.0639502988224	0.98147	20.68955	0.0646250775810718	0.0387607504400788	0.1916956283	-0.0072447716	0.0219597433	0.0504840251	-0.0946485379	-0.0377859011	0.0655685626	-0.029300942	0.0094134878	-0.079318161	-0.0387202116	0.0378751884	0.0146639297	0.0970126168	0.0361206413	0.0489052265	0.0091185474	0.0200636796	-0.0714479055	0.0472281466	0.0049761059	-0.1158460892	-0.0102320201	-0.0622560442	0.0119419441	-0.1029399575	-0.0383331028	0.025089502	0.0153792578	0.0931107439	0.043181948	0.0586259461	0.0229584263	0.025288399	0.052335411	0.0424512096	0.0031748331	0.0117837389	-0.014465082	-0.0561461816	0.079275456	-0.0008615334	-0.1416022442	-0.0885211515	-0.0795838138	0.0691234401	-0.0235418504	-0.0619907495	-0.0008384893	0.0363970266	0.0709462468	-0.006078899	0.0410524227	-0.0094806381	-0.0040999101	0.0438014091	-0.0167356973	-0.0280180294	0.0412607509	-0.0598761643	-0.0207291319	-0.0818729053	0.0579119187	0.0555720611	-0.0831501106	-0.0178092284	-0.0179389368957174	-0.0052360971934319	0.0003218054569485	2.7416713819066447e-05	0.0103068724227455	0.0049016132206532	0.0001062316191387	2.4025812164882237e-05	0.0479021408783637	0.0348615435617815	0.0012153272195099	0.0022946151007306	-0.0119866041027921	6.940693606990143e-05	0.000143678677917	4.817322774611385e-09	-0.0010680316849083	6.301805107919987e-05	1.1406916799680624e-06	3.971274761820644e-09	-0.0015029554229419	-0.000260091484955	2.258875003350466e-06	6.764758054609701e-08	0.0	0.0	0.0	0.0	0.0	0.0	0.0	0.0	0.0	0.0
2108.7241006986496	-5.838706809157429	34.09049720330133	4446717.332867329	2902.3478919845857	-10.600485430506524	8423623.286107369	112.37029136238108	2455.8535907451924	-5.216452671931165	27.211378478497792	6031216.859176055	2568.360585505605	2074.6986307958414	1.248245	26.31321	0.1523635735281034	0.0911080840813538	0.175220642	-0.0199857294	-0.1022715543	0.0959673775	-0.0207943308	-0.0353985498	-0.0054082145	-0.0017382874	-0.1087931573	-0.039840724	-0.1057342937	-0.0423531326	-0.0596741325	-0.0422382044	-0.0405195932	-0.0729403461	0.2281625861	0.0861054441	0.0257547623	0.299951342	-0.010051556	-0.0205593318	0.0415693704	-0.0673415846	-0.1003399551	-0.0253966867	0.027267065	-0.0461641979	-0.0636133871	-0.0210584471	-0.0681629281	0.1001354458	0.0447550434	0.0720753131	-0.0078116119	0.1773146039	-0.0081538994	-0.0111814682	-0.0663481563	0.1016217366	-0.0394176041	-0.0223075184	-0.2641920599	-0.107900742	0.1000148744	-0.0245327352	0.1484224742	-0.0074067178	-0.2001075843	0.0559831057	-0.1713006833	0.0384060307	0.0868623935	0.0085823335	0.0233760227	-0.0673234285	-0.0226587833	-0.0689311133	0.0325356423	0.1603634375	-0.0218910524	-0.0807879487	0.060637674	0.0517055788	-0.0854361313	-0.0107296473	0.0077056904880947	0.0256446273838121	5.937766589831314e-05	0.0006576469136545	0.0071935097441553	-0.0031133626785902	5.174658243925725e-05	9.693027168438349e-06	0.0246474223194326	-0.023254718558931	0.000540781935255	0.0006074954269924	-0.0135004110265268	-0.0015138069237347	0.0001822610978851	2.291611402347119e-06	-0.0007188610831254	0.0003491706017829	5.167612568322232e-07	1.219201091494326e-07	-0.0013589156503241	0.0001440397726178	1.8466517446957716e-06	2.0747456095787565e-08	0.0	0.0	0.0	0.0	0.0	0.0	0.0	0.0	0.0	0.0
2117.7594068982794	9.035306199629758	81.63675812106794	4484904.905506152	2941.584623964961	39.236731980375225	8652920.09994708	1539.5211364998	2476.044528667743	20.1909379225508	407.6739741923001	6130796.507945467	2585.0951562080104	2089.550674349244	1.411717	29.759214	0.1723814898400642	0.0867981843450115	0.2053864479	0.0193870007	-0.1126887004	-0.0526268356	-0.0996703933	-0.0373506761	0.1596064348	0.0692377482	-0.0631161718	0.0230108232	0.0595504821	0.1608062399	0.0754998741	0.0129219473	-0.0370683629	-0.04908315	0.0246079676	-0.0013665719	0.037371073	-0.1204702738	-0.0055651444	-0.0116690062	-0.0068211349	-0.0504350268	0.0300740726	0.1569087976	-0.158871103	0.0679724885	0.0695990184	-0.003330924	0.0216688123	-0.0163381612	-0.0058710888	-0.0736311345	-0.0776431651	0.0577376097	-0.0065051356	0.0582284095	-0.0999382497	-0.0537317593	-0.0035696147	-0.0615484534	-0.2201367414	-0.0321840851	-0.0308997638	0.0169186985	0.0261665327	0.0847305605	0.1635932873	-0.1004516995	0.0430394184	-0.0730765012	-0.0061902183	-0.0260286794	-0.0139523673	-0.0716636517	-0.0794110341	-0.0077076039	0.0050275738	0.0864137811	-0.0230492221	-0.0796476241	0.0632699305	0.047697375	-0.0873563013	-0.0035839144	-0.0187175853746737	-0.0264232758627684	0.0003503480022581	0.0006981895073199	0.0405701495886745	0.0333766398445192	0.0016459370376474	0.0011140000873107	0.0930481708169992	0.0684007484975666	0.0046786623950273	0.0086579620923894	-0.0135015219818756	-1.110955348800416e-06	0.000182291095827	1.2342217870282538e-12	-0.0014171446263828	-0.0006982835432574	2.0082988920856457e-06	4.875999067841092e-07	-0.0015431376644221	-0.000184222014098	2.381273851358094e-06	3.3937750478323736e-08	0.0	0.0	0.0	0.0	0.0	0.0	0.0	0.0	0.0	0.0
2113.58540711207	-4.173999786209606	17.422274215277838	4467243.273157094	2909.993245930015	-31.591378034946047	8468060.691358304	998.0151661468716	2462.111077822172	-13.933450845571317	194.141052465952	6061990.959534657	2586.5956188454966	2068.6069020946125	1.18616	25.004438	0.2423752237099548	0.1491714566987995	0.2227159243	-0.0472806466	-0.0742404831	-0.0553149095	0.0229331318	0.1077275035	-0.0387988005	-0.0684534802	-0.0442065834	-0.0249431192	0.0168506101	0.0475548043	-0.0688674662	-0.0409253615	-0.0701816259	-0.1362328595	0.0225765303	-0.0736142615	-0.0199213226	-0.0256634934	-0.0630154011	0.0986157851	0.0883053003	0.0147188106	0.0340441519	-0.1025432373	0.0393654281	0.1023337642	-0.0751157152	-0.0522575958	-0.109710769	0.0054130172	-0.0366024843	0.0122594313	-0.0446848886	-0.0942151113	0.0096497598	-0.0969362643	-0.0020513531	0.096736515	0.028179586	0.0480346363	-0.1998362269	-0.0818709786	-0.0816868226	-0.043060411	0.0365870654	0.0594270529	0.0432668403	-0.0371788948	-0.0267483761	-0.0089809899	-0.0234262856	-0.0034104641	-0.0614186681	-0.023954387	0.0336371694	0.0397948826	0.0583620244	0.0284188606	-0.0242034423	-0.0784527129	0.0658046293	0.0435584361	-0.0889023983	0.0035839144	-0.0076544061926142	0.0110631791820595	5.8589934161530605e-05	0.0001223939336143	-0.0115950302167675	-0.052165179805442	0.0001344447257277	0.002721205984134	-0.0481896542670341	-0.1412378250840333	0.0199481232344679	0.0023222427783762	-0.0129801497143398	0.0005213722675357	0.0001684842866066	2.7182904135542173e-07	-0.0016490835666289	-0.0002319389402461	2.7194766097254936e-06	5.379567200248397e-08	-0.0015382680794356	4.869584986500006e-06	2.3662686842104894e-06	2.3712857940746268e-11	0.0	0.0	0.0	0.0	0.0	0.0	0.0	0.0	0.0	0.0
2107.6935401953565	-5.8918669167132975	34.71409576426066	4442372.059381234	2894.081560146309	-15.911685783705709	8375708.076778894	253.1817444793823	2456.64779487023	-5.463282951941892	29.847460612978917	6035118.388040763	2568.63037109375	2075.974942525228	0.930196	19.608669	0.1562030669850355	0.0965148960816431	0.250034006	-0.0709044771	-0.0121946159	-0.044044101	-0.0223901944	-0.0298471292	-0.0098017241	-0.0560894319	0.0098504673	-0.011726815	-0.0338974349	0.0027442832	0.1174050751	-0.0139108096	-0.0526211685	-0.0233768894	-0.0747492724	-0.0341397494	-0.0042492127	-0.0231986789	0.0442308868	0.1363062412	0.0544362741	0.0007055886	-0.0227525899	0.0067185153	-0.0269633293	-0.0252256173	0.1106088046	-0.0222056217	-0.0036731279	0.0340920166	0.0309823343	-0.0177797019	0.00686951	-0.1345261467	0.0081194512	-0.0016855065	0.0367905722	-0.0786496417	-0.0551897333	-0.0377290748	-0.2398277031	-0.0801450366	-0.0824952386	-0.0338703039	-0.0366261867	-0.0144192926	0.0501203806	-0.0225849081	-0.0148234225	-0.0090866643	0.0026140116	-0.0235045216	-0.0091804343	-0.0462887178	0.0408477294	0.0143849747	0.0056141112	-0.0573291214	-0.0253535154	-0.0772040342	0.0682378621	0.0393001065	-0.0900678015	0.0107296473	-0.0183267396324566	-0.0106723334398424	0.0003358693855558	0.0001138987010511	0.0156898961243143	0.0272849263410818	0.0002461728403917	0.0007444672054382	0.0412389730693973	0.0894286273364314	0.0079974793872783	0.0017006528998184	-0.0129942477691192	-1.4098054779398614e-05	0.0001688504750852	1.9875514856292408e-10	-0.0013120257966554	0.0003370577699735	1.721411691089237e-06	1.1360794029950889e-07	-0.0013130803068349	0.0002251877726006	1.7241798921976353e-06	5.070953292886456e-08	0.0	0.0	0.0	0.0	0.0	0.0	0.0	0.0	0.0	0.0
2113.4391191048408	5.745578909484266	33.01167700511041	4466624.910162645	2894.7959558178563	0.7143956715472086	8379843.625819417	0.5103611755253872	2468.906272594745	12.25847772451516	150.27027612243438	6095498.182857678	2578.7065479175462	2091.7905866834853	0.984744	20.758558	0.1536785194418557	0.0932552533237217	0.247104284	-0.0730185836	0.0113766965	0.0061067535	-0.0626439566	-0.0209095973	0.0094421491	-0.0613524151	-0.0028149067	-0.0747722992	-0.0995704584	0.1278260882	-0.076693935	0.039508422	-0.0050176833	0.0256195312	0.0411841117	-0.0144356211	0.0953472188	0.1509700418	0.0262757873	0.1446482892	-0.0810746214	-0.006645555	-0.0567860408	-0.0385130969	-0.0752386789	0.0697826542	-0.0735967641	0.0545590632	-0.0326125788	0.0256106237	-0.0062507234	0.1087198184	0.0592549874	-0.0744315973	-0.0024832376	-0.0241994868	-0.0859995475	0.0569719181	0.1012637717	-0.0268427628	-0.2871727256	-0.0784355092	0.0371696087	-0.0186816485	-0.0292028757	-0.0366332244	-0.1089740471	0.0281080304	-0.0964143163	0.0235986503	0.0964974498	-0.0142398993	-0.0206559407	-0.0296807893	0.0297803745	0.0319728472	0.0169511481	-0.0270652971	-0.0264992443	-0.0759024438	0.0705658771	0.034934058	-0.0908475206	0.0178092284	-0.0073155255701209	0.0110112140623357	5.351691436709272e-05	0.0001212468351265	0.002730052139455	-0.0129598439848593	7.453184684142822e-06	0.0001679575561118	0.0243642619615016	-0.0168747111078957	0.0002847558749749	0.0005936172609286	-0.014457885470631	-0.0014636377015118	0.0002090304522818	2.1422353212867458e-06	-0.000638906876287	0.0006731189203684	4.0820199656681195e-07	4.530890809579204e-07	-0.0011931819229798	0.0001198983838551	1.4236831013257731e-06	1.4375622451064921e-08	0.0	0.0	0.0	0.0	0.0	0.0	0.0	0.0	0.0	0.0
2109.498913268539	-3.9402058363016295	15.525222032425424	4449985.665081147	2904.6923729445407	9.896417126684357	8437237.781442186	97.93907194533142	2455.664548433744	-13.241724161001002	175.3432587560377	6030288.374434304	2574.181669268034	2079.027288113421	1.604363	33.820229	0.073419716548376	0.0487586838731714	-0.0345426676	-0.030579205	0.0085156981	0.1238925579	0.0125993484	0.0304601751	-0.0137168681	0.0550699805	-0.0134333231	0.0006296657	-0.0675234693	0.0260668329	0.0484288387	-0.0852640331	0.0412969318	-0.0822554658	-0.0663085156	0.0122364358	-0.0362806848	-0.0138549921	-0.0479171938	0.0003027697	-0.1164184655	0.0316844047	-0.0952627492	0.0813731168	0.0029820915	0.028290193	0.0447107225	-0.0868081217	-0.0280516711	-0.0440610771	0.06093421	0.0382955982	0.0656358873	0.0030371575	-0.016082365	-0.0011175312	-0.1290216628	-0.0239700764	-0.1141727007	0.0364589849	-0.1159469491	0.191789148	0.1785833802	0.1819087417	-0.0112959865	0.1615478401	-0.1299064473	-0.3321216731	0.0078284091	-0.0493603678	0.0621869343	-0.0517361714	0.4548911536	0.4952572383	0.2484721322	0.084606246	-0.1723870301	0.0173930817	-0.0276404327	-0.0745488335	0.0727850846	0.0304722578	-0.0912382167	0.0247790096	-0.0177178745903319	-0.010402349020211	0.0003139230799987	0.0001082088651382	0.0002846555909599	-0.0024453965484951	8.102880546472993e-08	5.979964279391748e-06	0.0420625622177865	0.0176983002562849	0.0003132298319616	0.0017692591403251	-0.0136453309632071	0.0008125545074238	0.0001861950570954	6.602448275348965e-07	-0.0006390849838335	-1.7810754650000957e-07	4.084296165614649e-07	3.172229812025307e-14	-0.0012379227224771	-4.4740799497300105e-05	1.5324526668251153e-06	2.001739139657609e-09	0.0	0.0	0.0	1.0	0.0	0.0	0.0	0.0	0.0	0.0
2115.4990238875243	6.000110618985218	36.00132744005918	4475336.120069068	2932.8168821049308	28.124509160390065	8601414.863959687	790.9880155128645	2474.3688457195576	18.70429728581348	349.8507369560896	6122501.184667536	2587.704304013264	2093.697758814048	1.572655	33.151817	0.1935284668008902	0.1130610537338959	-0.2497583998	0.0990736604	0.0143299694	0.0054733822	-0.0474451066	-0.0240975171	0.0978536849	0.1708466579	-0.0578659212	-0.0219118481	0.0415265381	0.1995137465	-0.0081243403	0.0675092973	0.0320437023	0.028662236	-0.0043546896	0.0001997071	0.0050299245	0.0977836309	-0.1223887077	-0.0231627119	-0.0482435904	0.0407402333	0.0615864782	0.0074931437	-0.1509820634	0.1214987139	0.0061679022	0.0837946903	-0.0454412181	-0.1114217335	-0.0038027777	0.0947354851	0.024561728	0.0110613306	-0.0490660919	0.093962842	-0.131845603	-0.029308433	0.1043223778	-0.0299373726	0.1138426022	0.1845285408	0.1291224101	-0.0157566556	0.0538531578	0.0804007861	-0.0092058225	0.0535971121	-0.0118769355	0.010404946	0.0026013555	-0.0480883768	-0.0430340068	-0.0573589315	-0.0950969667	-0.0919316346	-0.022492313	0.0296138248	-0.0287768851	-0.0731441312	0.0748920628	0.0259269352	-0.0912382167	0.0315960199	-0.0180241559224754	-0.0003062813321435	0.0003248701967177	9.380825441959833e-08	0.033651301657386	0.0333666460664261	0.0011324101032363	0.0011133330697221	0.1260502590103271	0.0839876967925405	0.0070539332125157	0.0158886677965705	-0.0127436204978805	0.0009017104653266	0.000162399863394	8.130817632795138e-07	-0.0010936312050535	-0.00045454622122	1.1960292126667707e-06	2.066122672253813e-07	-0.0013990228881261	-0.0001611001656489	1.957265041500694e-06	2.5953263372135212e-08	0.0	0.0	0.0	0.0	1.0	0.0	0.0	0.0	0.0	0.0
2101.726544001587	-13.772479885937171	189.681202208544	4417254.465760856	2886.1301152577657	-46.68676684716502	8329747.042197804	2179.654198641547	2457.1663348858174	-17.202510833740234	295.92637898495013	6037666.3972962005	2571.2727085272863	2066.0389220477546	1.182678	24.93103	0.1548018238911487	0.0802785533626517	-0.2331324156	0.028564928	0.0053303289	-0.0594323593	0.0454114115	-0.0086347096	-0.0566742914	-0.0107787548	0.028484989	0.0998044748	0.0928027634	0.0522853985	0.0022998642	-0.1346750006	0.0276847197	0.0864078152	-0.0370077332	-0.0429690421	0.0941087407	0.0406551624	-0.1444842119	0.0651980986	-0.0449204027	0.1211471842	-0.0571679817	-0.0728928174	-0.026353901	0.0095779777	-0.0199326346	-0.1192607331	-0.0134162144	-0.0837992729	-0.0976179477	0.1000568585	-0.0140364442	-0.0665241039	-0.0240366424	0.04564708	-0.0462230481	0.0616318605	-0.075827396	-0.036908928	0.0843787948	0.2391863173	0.137894552	-0.0802215714	0.0160811944	0.1399541554	-0.1510913145	-0.0563748376	0.1032478438	-0.0241621966	0.076415788	0.0809166909	-0.0063123264	0.0099269625	-0.0666005145	0.0046349375	0.0751407661	-0.0395758231	-0.0299084066	-0.0716892996	0.0768835629	0.0213105486	-0.0908475206	0.0382182304	0.0064914978211731	0.0245156537436485	4.21395439622951e-05	0.0006010172784784	0.0153831927271852	-0.0182681089302008	0.0002366426184817	0.0003337238038856	0.0843699363340277	-0.0416803226762994	0.0017372492984004	0.0071182861570078	-0.0135880986342948	-0.0008444781364143	0.0001846364244953	7.131433228817706e-07	-0.0015850925382319	-0.0004914613331783	2.5125183547584472e-06	2.415342420094902e-07	-0.0014698381893534	-7.081530122729995e-05	2.160424302881681e-06	5.014806887913229e-09	0.0	0.0	0.0	0.0	0.0	0.0	0.0	0.0	0.0	0.0
2104.65516581402	2.928621812432993	8.576825720258311	4429573.366987641	2890.623147381994	4.493032124228193	8355702.180180585	20.187337669346512	2451.274922884428	-5.891412001389199	34.708735370112684	6008748.747562059	2572.204893819823	2060.079449213039	1.100232	23.193062	0.1594096407139019	0.0789374467330724	-0.2039723987	-0.0213600219	0.0563913013	-0.0682857054	0.0350865339	0.0300913474	-0.0550564441	-0.0507445903	0.0246560686	0.0036670387	0.0971118997	-0.0006744576	0.0346165984	0.0657611666	0.1187266264	0.0840173528	0.0188298195	-0.0255816611	-0.0577516406	0.0072979923	0.0087383611	0.0262283384	0.0205744264	0.0399832771	-0.0412524513	0.090337851	0.0338535159	0.0281022652	0.0412180549	0.0545131838	0.0678096093	0.0327893868	-0.094259315	0.0651717502	0.0563822481	-0.0058455858	-0.0204707059	-0.0508242324	-0.0630059067	-0.0854934295	0.0206806057	-0.0349173668	0.1581273409	0.0833205405	0.0790599313	-0.1067905081	-0.0852650935	0.0443094001	-0.0310386047	-0.027617874	0.0353091832	0.0072027106	0.0540346545	-0.0010772527	-0.0291510999	-0.0611575301	-0.0319666844	-0.0044257908	-0.0417416658	-0.0668734202	-0.0310348036	-0.0701853358	0.0787565141	0.0166357513	-0.0900678015	0.0446048127	-0.0142943843161589	-0.020785882137332	0.000204329422978	0.000432052896227	0.0007903555743098	-0.0145928371528753	6.246619338425737e-07	0.0002129508961703	0.0276091723856382	-0.0567607639483895	0.0032217843240047	0.0007622663998198	-0.0139793916107038	-0.000391292976409	0.0001954233898054	1.531101933870144e-07	-0.0010339605468103	0.0005511319914216	1.0690744123602543e-06	3.037464719683386e-07	-0.0018728163710289	-0.0004029781816754	3.507441159593858e-06	1.6239141490649229e-07	0.0	0.0	0.0	0.0	0.0	0.0	0.0	0.0	0.0	0.0
2112.1925406642977	7.537374850277501	56.81201963359579	4461357.3288379	2925.9604115743123	35.337264192318344	8561244.33010012	1248.7222405977045	2463.69796195397	12.423039069542028	154.33189972336766	6069807.647736146	2576.2295454245527	2068.20560080545	0.982072	20.702236	0.126183140648935	0.0600731887719928	-0.1718589845	-0.011949163	0.1144714682	-0.0656163991	-0.0316460927	-0.0465868118	0.1523929627	-0.0618263339	0.031579264	0.0011470621	0.0135139535	0.1156912178	-0.0733187211	-0.0565913907	0.0410975965	-0.0058868068	-0.0302240968	0.0333192994	-0.0474953113	-0.0432461012	0.0086900771	-0.0607809734	0.1022828902	0.0731566897	-0.0622998049	0.0106443283	-0.1057347843	0.045200372	-0.087116434	-0.046678517	0.0921874895	0.0405860759	-0.0161332754	-0.0037500353	0.0378051304	0.0189027822	-0.0250186501	0.011852526	-0.0345205075	0.0983217827	0.0098086348	-0.0587414629	0.1072212296	0.1524666795	0.0740798258	-0.0426912726	-0.0815811335	-0.0235450424	0.0728173936	0.0627607826	-0.0707704031	-0.0213293021	-0.0149032328	0.0438873142	0.0109278422	-0.0454127948	-0.046627371	0.01003876	0.0796470864	-0.0452453013	-0.0321558829	-0.0686332704	0.0805080284	0.0119153566	-0.0889023983	0.0507163915	0.0074669357080949	0.0217613200242538	5.575512886882268e-05	0.0004735550491979	0.0311525731806909	0.0303622176063811	0.0009704828157783	0.0009218642579772	0.0623227353296584	0.0347135629440202	0.0012050314522684	0.0038841233389706	-0.0140106818647011	-3.129025399729868e-05	0.0001962992063138	9.790799952154656e-10	-0.0011519065254983	-0.000117945978688	1.3268886434855658e-06	1.3911253888670188e-08	-0.0012351318022286	0.0006376845688003	1.5255505688764691e-06	4.066416092860245e-07	0.0	0.0	0.0	0.0	0.0	0.0	0.0	0.0	0.0	0.0
2109.5988045453773	-2.593736118920333	6.727467054591911	4450407.116139285	2888.046483205464	-37.91392836884825	8340812.489155449	1437.4659643581558	2451.673345712515	-12.024616241455078	144.59139575426525	6010702.194077197	2566.936182570399	2077.918229465596	0.995605	20.987511	0.1180941096497406	0.0597247137766208	-0.1655945788	-0.0254583889	0.0760079227	0.0658676202	0.0374185837	-0.0003763968	-0.0290615762	-0.0752192104	-0.0014967581	-0.0662820115	-0.0958462394	-0.0142274651	0.1091438484	0.0162921072	0.0002558922	-0.0234324586	0.05988658	0.0161804233	-0.0042943669	-0.0482244772	-0.053733145	0.0219157885	-0.0637423964	-0.031670677	-0.051852127	-0.1084935824	0.0191487492	-0.008956681	0.10387929	0.006098908	-0.0059599055	0.0224970034	0.0041213627	0.0503801493	0.0346324627	0.0232100322	0.0031534777	-0.0384670687	0.008948255	-0.0965836259	-0.0223713775	-0.0112081092	0.1163286266	0.1109517303	0.109794688	0.0183161908	0.0060349741	-0.0312350829	-0.0276241834	-0.0154618842	-0.0869134417	-0.0639907253	-0.0714105258	-0.0075090306	-0.0435544291	-0.0779457128	0.0630615556	0.0326521096	0.0229247623	-0.0767112139	-0.0332714524	-0.0670341672	0.0821354052	0.0071623028	-0.0873563013	0.0565152869	-0.0086903978370713	-0.0161573335451662	7.552301456657354e-05	0.0002610594272897	0.0173174175198056	-0.0138351556608853	0.0002998929495552	0.0001914115321609	0.0174091615923543	-0.0449135737373041	0.0020172291058562	0.0003030789073487	-0.0137393317073776	0.0002713501573234	0.0001887692357653	7.36309078794881e-08	-0.0006161568350946	0.0005357496904037	3.796492454337941e-07	2.8702773076766053e-07	-0.0012917928886291	-5.666108640049999e-05	1.6687288671127145e-06	3.2104787120849246e-09	0.0	0.0	0.0	0.0	0.0	0.0	0.0	0.0	0.0	0.0
2117.2537483060228	7.654943760645438	58.598163978644514	4482763.434715903	2932.218846486714	44.17236328125	8597907.363691876	1951.1976778507235	2457.147639934833	5.474294222317894	29.96789723250308	6037574.52443732	2570.752788121929	2091.8412886948613	1.08503	22.872614	0.2154998377083233	0.1180268287233639	-0.1841017679	0.041457481	-0.0271827808	0.0244432834	-0.0392899163	-0.0491313074	0.0964017664	0.1008090667	-0.1796921788	-0.0474203911	-0.0304075712	0.0505293988	-0.0681821095	0.0228529793	-0.0386496899	0.0780639229	-0.0607633758	-0.0275485413	-0.0676097435	0.0465867572	0.0421158227	-0.0172917141	0.0281604776	0.0124563394	0.1277733038	0.0948961044	-0.0777021794	0.0019193046	-0.0718892048	0.0435467742	-0.0194796161	0.0047198822	-0.0243797853	0.0211755677	-0.0209769679	0.0239149491	-0.0308027925	-0.0149278769	-0.0860064476	0.0665467066	0.0771120852	-0.1098074742	0.1495201206	0.0303306146	0.162990469	0.0025186199	0.0074364551	0.0043091438	0.0437771827	0.0094017438	-0.0166205841	-0.1009687339	0.060248221	0.0165842857	-0.0430769304	-0.069042968	-0.0030121548	0.0515664664	-0.0113343653	-0.0423924015	-0.034381321	-0.0653891221	0.0836361352	0.0023896175	-0.0854361313	0.0619657467	-0.0097504988631982	-0.0010601010261269	9.50722280812294e-05	1.1238141855953064e-06	0.0208063867426488	0.0034889692228432	0.0004329057292846	1.2172906237947084e-05	0.1015607109937875	0.0841515494014332	0.0070814832666618	0.0103145780175636	-0.0152256201965342	-0.0014862884891566	0.0002318195103691	2.209053472999412e-06	-0.0010827909919692	-0.0004666341568746	1.1724363322896445e-06	2.177474363620689e-07	-0.0018748546037563	-0.0005830617151272	3.5150797852261924e-06	3.3996096364707217e-07	0.0	0.0	0.0	0.0	0.0	0.0	0.0	0.0	0.0	0.0
2108.8645276134584	-8.389220692564322	70.3790238285494	4447309.595826335	2899.198258999579	-33.02058748713489	8405350.54498619	1090.3591979955293	2456.86169052124	-0.2859494135932436	0.0817670671343199	6036169.366350885	2569.2838478182107	2055.2085739938834	1.044244	22.012819	0.1349701717516527	0.078137755683558	-0.1468726112	0.0186379633	0.0194061668	-0.0964809302	0.0120884048	-0.0243930378	0.0432116922	-0.0413671543	-0.0326090179	0.0324602344	0.0117504357	0.0300401341	0.0725495408	-0.0492756113	-0.0608825775	-0.0899044856	0.0039159716	0.087607301	0.003586859	-0.0455926919	0.1187885165	0.0270201085	0.0649281365	-0.0176840159	0.0019570192	0.0109925361	-0.046111578	-0.0040302226	0.0603889391	-0.0700970932	-0.0071430969	0.0919585477	0.0343455082	-0.0192906022	-0.0848777147	-0.0149227894	-0.01817313	0.0096896036	-0.0284169049	-0.0166228172	-0.0772987558	-0.0654234701	0.116955201	0.0761733395	0.019989833	-0.0737939724	-0.0089418303	0.0214149986	0.1134081341	0.0784933195	-0.0956375278	-0.0457417882	-0.0385517773	-0.0340267622	0.0418725095	-0.0630573915	0.0404052691	-0.0239193945	0.0197505466	0.0555004534	-0.0354852986	-0.0636992625	0.0850079043	-0.0023896175	-0.0831501106	0.0670341672	-0.009326970344091	0.0004235285191072	8.699237579955297e-05	1.7937640649713877e-07	0.0347933747106594	0.0139869879680106	0.0012105789237563	0.0001956358324172	0.0671685954033876	-0.0343921155903998	0.0011828176147834	0.0045116202084639	-0.0141226729714683	0.0011029472250659	0.000199449891859	1.2164925812805729e-06	-0.0010936187801191	-1.0827788149899872e-05	1.1960020362291883e-06	1.1724099621911209e-10	-0.0012652788234894	0.0006095757802668	1.6009305011707203e-06	3.7158263188799997e-07	0.0	0.0	0.0	0.0	0.0	0.0	0.0	0.0	0.0	0.0
2108.9998132253186	0.1352856118601266	0.0183021967763688	4447880.212184428	2950.4824467276385	51.28418772805935	8705346.668447912	2630.067910926833	2448.261833190918	-8.59985733032181	73.95754610188979	5993986.003859354	2587.237342478309	2095.1294925087377	1.318061	27.784939	0.2329900317329175	0.1245312311948196	-0.1242725899	-0.0769982755	0.0750417736	0.0197033882	0.1417547515	0.1919145212	-0.0641795142	0.1599175801	-0.0997765025	-0.0748346231	-0.017155673	-0.032504905	-0.0463764844	0.08476355	-0.0076927315	-0.1049398797	0.0816566508	-0.1308709853	-0.0515360254	-0.0193242571	-0.0491642504	0.0385202977	-0.1108595242	-0.034703818	0.0008509414	-0.0361294816	0.1326576275	0.1227955626	-0.0264166752	0.0764946113	-0.1171977657	-0.1016062626	-0.0173610086	-0.0508847662	0.0828937163	0.0493970847	0.0098923275	-0.1242651005	0.0200304959	-0.0081203258	0.071007474	0.0139375959	0.1060684049	0.0775836626	0.0762415314	0.0616867123	0.024887961	-0.0009763354	-0.0195362314	-0.0012169426	-0.1233952587	-0.0050853383	-0.0346098166	-0.0181549682	-0.091623679	0.0119272565	-0.0651204343	-0.1037637053	-0.0571890732	0.0093061765	-0.036583196	-0.0619657467	0.0862485974	-0.0071623028	-0.0805080284	0.0716892996	-0.0027956572132126	0.0065313131308783	7.81569925378764e-06	4.265805121358459e-05	-0.0207991013250676	-0.055592476035727	0.0004326026159304	0.0030905233917828	-0.0219333168556445	-0.0891019122590321	0.0079391507682162	0.00048107038829	-0.01486687931643	-0.0007442063449617	0.0002210241006092	5.538430838812536e-07	-0.0015439052299763	-0.0004502864498572	2.383643359148172e-06	2.0275788692500085e-07	-0.0017060726348161	-0.0004407938113266	2.9106838352683496e-06	1.9429918410391839e-07	0.0	0.0	0.0	0.0	0.0	0.0	0.0	0.0	0.0	0.0
2097.919530419992	-11.080282805326531	122.77266704601482	4401266.35611764	2884.894389443769	-65.5880572838696	8322615.638244136	4301.7932582721605	2441.796469761775	-6.4653634291430535	41.80092427090042	5962369.999741066	2567.2013411838243	2093.186812417549	1.03327	21.781506	0.0776768296778824	0.0439172501175988	-0.1233816199	-0.0705982283	0.0278177822	0.0162822609	0.1830337736	0.0655754856	-0.1083686139	-0.0211536413	0.0242748897	0.1577999192	0.0947352238	-0.0773606801	0.0135972417	-0.062685171	0.0698262209	0.0369716586	-0.0180669175	-0.0800954311	-0.0046681746	0.0226350155	0.0192072612	-0.0286231785	0.0182605214	-0.0693675048	-0.0853120334	0.0339503643	0.1144817863	-0.0009257215	0.0110041476	-0.0884406111	0.0142935174	-0.0604213529	-0.080636778	-0.0277563741	0.0103657971	-0.0531021796	0.0091995542	-0.1479917741	-0.020198388	0.0187475287	-0.1145428138	0.0551083332	0.0935989332	0.0895691308	0.011926689	-0.0444566825	-0.0042047091	0.0685453383	-0.0098170759	-0.0335170263	-0.0872497806	0.0312133421	-0.1115633476	0.0418079653	-0.0564846731	-0.0560806879	-0.0158270919	-0.17299502	-0.0360806035	0.0374321996	-0.037674825	-0.0601897627	0.0873563013	-0.0119153566	-0.0775211985	0.0759024438	-0.0064545740960539	-0.0036589168828413	4.166152676145002e-05	1.33876727555411e-05	-0.0241606474956768	-0.0033615461706091	0.0005837368874103	1.1299992657137356e-05	-0.0366326051629215	-0.014699288307277	0.0002160690767404	0.0013419477610225	-0.0145227866598571	0.0003440926565728	0.0002109113323677	1.1839975630739515e-07	-0.0008510585826224	0.0006928466473539	7.243007110552485e-07	4.800364767495396e-07	-0.0017882748972324	-8.220226241630003e-05	3.1979271080715506e-06	6.7572119463582524e-09	0.0	0.0	0.0	0.0	0.0	0.0	0.0	0.0	0.0	0.0
2102.79594453121	4.876414111217855	23.779414584084623	4421750.784336903	2899.0858008104883	14.19141136671942	8404698.48046099	201.3961565794532	2451.1013503441445	9.304880582369606	86.58080265215894	6007897.829658888	2564.742848989126	2073.29860600254	1.174953	24.768188	0.1300650978753886	0.0676924883243017	-0.0971304315	-0.039431269	0.0974236063	0.0229230368	0.0334013685	-0.0300972367	0.0650434924	-0.0163677716	0.1016327749	-0.0183774882	0.0109011252	0.0219359078	0.0019082767	0.0964229836	0.0388887352	0.040873235	0.0415480007	0.0323507414	-0.0582063071	-0.000571051	0.0513065187	-0.0647672905	-0.038647704	-0.0268835225	-0.0737010562	0.0358257062	-0.0452047189	-0.0065482536	0.0157624296	0.0988614545	0.076867123	0.0367247213	-0.000376802	-0.0972981146	0.0698560163	0.0689995385	-0.0053074885	-0.0465254999	-0.005293308	-0.0667801844	0.0577913146	0.0070799949	0.0491523863	0.1103468937	0.0097136529	0.0492308691	-0.0261408575	-0.0457614967	0.0205147782	0.0885354377	0.0153232838	0.0084413176	0.0184305174	-0.0244413438	-0.0634689655	0.0623624163	-0.0566702086	-0.0677108664	0.0453752699	-0.0383060936	-0.0387599986	-0.0583725276	0.0883293083	-0.0166357513	-0.0742024108	0.0796476241	-0.0243979596665582	-0.0179433855705043	0.000595260435891	0.0003219650857317	-0.00511689409376	0.0190437534019168	2.618260516675597e-05	0.000362664543633	0.019903404483081	0.0565360096460025	0.0031963203866928	0.0003961455100171	-0.0142503803817087	0.0002724062781484	0.0002030733410233	7.420518037466415e-08	-0.0011122215215444	-0.0002611629389219	1.23703671298654e-06	6.820608066637627e-08	-0.0015910051291635	0.0001972697680689	2.531297321024565e-06	3.8915361393957625e-08	0.0	0.0	0.0	0.0	0.0	0.0	0.0	0.0	0.0	0.0
2098.973729800748	-3.8222147304618375	14.609325445759456	4405690.718393664	2887.49414099048	-11.591659820008315	8337622.41425435	134.36657738279524	2440.290356856126	-10.81099348801854	116.87758019797926	5955017.025764999	2555.188631174898	2053.160637615717	1.025814	21.624317	0.0965116940996329	0.0514405073729622	-0.1073103901	-0.0092803817	-0.0281915649	0.0869572127	0.0777719291	-0.0060386639	-0.0730595052	0.0637652706	-0.0361254388	0.0127145363	-0.0422474496	-0.0659257407	-0.0645919494	-0.0784264469	0.0479686467	0.022297864	0.031301647	-0.0023863987	0.004788913	-0.0487320091	-0.1275644784	-0.00526172	0.012876727	-0.0411500168	-0.1103777709	0.0262439468	0.0361776498	-0.0780175352	-0.0595323983	-0.061297348	0.0078639238	-0.0792865285	-0.0238734018	0.012355534	0.0369996249	0.0817854448	0.007474079	-0.055387906	0.0754405364	0.0664483415	-0.0636685211	-0.0362685379	0.0758828716	0.066667693	0.0668302663	0.0390964737	0.0702931561	-0.0082240369	0.0032674707	-0.0049705893	-0.0186916127	-0.0198375896	-0.0065635994	0.0700235155	-0.0561522853	-0.0727452406	0.0226819654	-0.0019705623	0.0255817386	-0.0075355662	-0.0398385309	-0.0565152869	0.0891661178	-0.0213105486	-0.0705658771	0.0829017503	-0.0042599004491421	0.0201380592174161	1.8146751836601065e-05	0.0004055414290441	-0.008529137129301	-0.0034122430355409	7.27461801704209e-05	1.1643402533598054e-05	0.0230703149734168	0.0031669104903358	1.0029322053798948e-05	0.0005322394329726	-0.0148255946718683	-0.0005752142901596	0.0002197982573745	3.30871479603813e-07	-0.0015398801786188	-0.0004276586570744	2.371230964503068e-06	1.8289192697067937e-07	-0.0019840218090563	-0.0003930166798928	3.936342538811034e-06	1.544621106739598e-07	0.0	0.0	0.0	0.0	0.0	0.0	0.0	0.0	0.0	0.0
2106.159367039627	7.185637238878826	51.63338252876212	4435907.279368762	2897.678759546337	10.184618555857014	8396542.193525998	103.726455128307	2445.425014202411	5.134657346285167	26.364706063760227	5980103.500086863	2562.913594313863	2077.261710049813	0.998746	21.053719	0.116732863043829	0.0706542070860263	-0.1102440954	0.00636527	-0.0529729048	-0.0412818899	0.0551689752	-0.0488725383	0.0114142816	-0.0231033947	-0.090377743	0.0998317544	0.0139117693	-0.0334950587	0.0540685285	0.0683257195	0.111374009	0.0595616824	0.0916252304	-0.0015312092	0.0285767706	0.0017210182	0.0087714725	-0.0359412145	0.0597494393	-0.0056808786	-0.0585980353	0.0493683317	0.0138508071	-0.0285329841	0.0641106734	0.0474259373	0.0924829936	0.0376588466	-0.144274454	0.0158320427	-0.0480591258	0.1249566187	-0.0077027362	-0.0779877497	-0.0403851862	-0.0989329269	-0.004512326	-0.0741903218	0.1124052412	-0.0286243347	0.0405039141	-0.0602510233	0.0205456291	0.0471208121	-0.0115501765	0.0104547709	-0.0226648169	-0.0105934528	0.0289455143	-0.0550459614	-0.0590462224	7.2593e-05	0.051123473	-0.0385924055	0.0008310963	0.0026698152	-0.0409102371	-0.0546193134	0.0898654396	-0.0259269352	-0.0666271694	0.0856447597	-0.0013078339881076	0.0029520664610345	1.7104297404494302e-06	8.714696390364757e-06	-0.0069076912320298	0.0016214458972711	4.771619815706138e-05	2.6290867977776044e-06	0.0252868963803152	0.0022165814068983	4.913233133407687e-06	0.0006394271285487	-0.0159239042328421	-0.0010983095609737	0.0002535707260167	1.2062838917264594e-06	-0.0010042670274512	0.0005356131511676	1.0085522624256694e-06	2.868814477036864e-07	-0.0014190891356252	0.0005649326734311	2.013813974849477e-06	3.191489255100101e-07	0.0	0.0	0.0	0.0	0.0	0.0	0.0	0.0	0.0	0.0
2103.530196824845	-2.62917021478188	6.912536018296195	4424839.288953971	2900.1820207241767	2.503261177839704	8411055.75333177	6.266316524479422	2446.48772254357	1.0627083411586682	1.1293490183682082	5985302.176556423	2562.1174280415003	2059.576790012114	0.99252	20.922474	0.1303961394807273	0.0645011710112389	-0.0604969872	-0.03355351	0.0532381902	-0.0492094641	0.0246834654	-0.0262468168	0.0434897555	-0.0456613498	0.0545627509	0.0041771598	0.0035262192	-0.0036776187	-0.1104886119	0.0132058335	0.0120048576	-0.0655002113	-0.0604432102	0.0698248062	-0.1051362062	-0.056377443	0.0711074683	0.0206546031	0.0434356485	-0.00657585	0.0532673915	-0.0083611975	-0.0150154213	-0.0163205732	-0.1123817242	0.0120484875	0.04629141	0.0345206403	0.053775314	-0.0870495597	0.0261963494	-0.0037781091	-0.0031589335	-0.0582908796	0.0245355308	0.0756766527	0.0452045515	-0.0357481857	0.0673655888	0.0335723428	0.0154908863	0.0669055103	-0.0431460652	-0.0497323176	0.0657899258	0.0939221416	-0.1014459734	-0.0063003453	-0.0009497965	0.0430259138	0.0094645322	0.0505810877	-0.018782009	-0.0567394239	0.0013526062	0.0241208375	-0.0419749335	-0.0526859066	0.0904261954	-0.0304722578	-0.062403154	0.0878597406	0.0027205488243424	0.00402838281245	7.401385905630815e-06	1.6227868083642572e-05	0.019296915165043	0.0262046063970728	0.0003723709348868	0.0006866813964255	0.0088174660000106	-0.0164694303803046	0.0002712421370517	7.774770666134294e-05	-0.015315628081084	0.000608276151758	0.000234568463518	3.699998767976416e-07	-0.0015971122184628	-0.0005928451910116	2.5507674383631667e-06	3.5146542050558054e-07	-0.0018918421906735	-0.0004727530550482	3.5790668744123078e-06	2.234954510575009e-07	0.0	0.0	0.0	0.0	0.0	0.0	0.0	0.0	0.0	0.0
2096.3704779126056	-7.159718912239441	51.26157490227913	4394769.180663526	2889.296480281624	-10.88554044255261	8348034.150967781	118.49499072644848	2435.361089266264	-11.1266332773057	123.8019680876466	5930983.635112165	2555.081965116084	2088.457514221905	1.132322	23.869522	0.1062268314731835	0.057660958879171	-0.0785603236	0.0019032978	-0.0252255841	0.0997153907	0.1056683091	0.0178978536	-0.1125499519	0.1324274182	0.0234993263	0.046542384	0.0015723996	-0.1135998585	0.1091994095	0.0084452204	-0.0751157519	0.0442114922	-0.1247446855	-0.1325262562	-0.0043355816	0.0216076865	-0.1102555079	-0.062901677	-0.005530394	-0.0125053561	-0.0674356394	-0.0373094713	0.0767930025	-0.0839440047	0.116313817	0.0019559435	-0.0831082385	-0.1393480467	0.0035472436	-0.0410357791	-0.017196792	-0.0945498789	0.0042725597	-0.0664117197	0.0669669041	-0.0880083216	-0.0674492188	0.0064311485	0.0980465742	0.0061460056	-0.0171661178	0.0360639661	0.0537841528	-0.0045144519	-0.0249095448	0.0256834679	0.0823023943	0.0300225213	0.1185323419	0.0188671791	-0.0314372541	-0.0251946907	0.0538304547	-0.0787960352	0.0405817151	-0.0741447467	-0.0430324377	-0.0507163915	0.0908475206	-0.034934058	-0.0579119187	0.089533037	0.0117202217984839	0.0089996729741415	0.0001373635990056	8.099411364149292e-05	0.002297181318454	-0.016999733846589	5.277042009854057e-06	0.0002889909508548	-0.0034394624394025	-0.0122569284394131	0.0001502322947688	1.1829901872060597e-05	-0.0142262459216236	0.0010893821594603	0.0002023860730225	1.1867534893506034e-06	-0.0016531102074415	-5.599798897869984e-05	2.732773357947279e-06	3.135774769658588e-09	-0.0021058719664952	-0.0002140297758216	4.43469673927036e-06	4.5808744938287156e-08	0.0	0.0	0.0	0.0	0.0	0.0	0.0	0.0	0.0	0.0
2097.52822221432	1.1577443017145015	1.3403718681523986	4399624.642985567	2884.034074794746	-5.262405486877924	8317652.544577188	27.69291150832288	2442.792171184833	7.431081918568907	55.22097848048175	5967233.591601911	2559.763130956552	2066.278684738784	1.068021	22.514044	0.1150327306210015	0.0505393420128517	-0.061554874	-0.003679841	0.0166211578	-0.0646076987	0.0057960036	-0.0128048982	-0.0542273639	0.0014202378	0.0628727829	0.000865245	0.1159941978	-0.0339795609	-0.0914610313	0.0638061211	0.0268712534	0.0748962757	-0.0058420152	-0.0127690036	-0.0072522548	0.047931548	0.0235869422	0.0132895102	0.0248840146	0.0722474092	0.1044841406	-0.0093602901	0.0410836379	-0.0185075968	-0.0898318564	0.0733251919	0.0466916937	0.0096778785	-0.0612746973	0.0123016436	0.043323958	-0.0180702896	-0.0110214135	-0.0480859898	-0.0019268748	0.045213486	0.0780809767	0.0060812468	0.101899583	-0.0239023917	-0.020395346	-0.0555744103	-0.0759471559	0.0180022409	-0.0414436908	-0.0162069009	0.0369861466	0.071517183	0.0531054022	0.0320343157	-0.029523403	0.0213404039	-0.0740105092	-0.0183909486	-0.0145838417	0.0285091688	-0.0440825686	-0.0487121179	0.0911287655	-0.0393001065	-0.0531726956	0.0906543325	0.0014486091330923	-0.0102716126653916	2.098468420478425e-06	0.0001055060267478	0.0156348575628442	0.0133376762443902	0.0002444487710104	0.0001778936076001	0.0264958132376023	0.0299352756770048	0.0008961207298582	0.0007020281191219	-0.0149792568744527	-0.000753010952829	0.0002243781365108	5.670254950805872e-07	-0.00181568892885	-0.0001625787214085	3.29672628634846e-06	2.6431840654822666e-08	-0.0017916983200485	0.0003141736464466	3.2101828700646173e-06	9.870508012161595e-08	0.0	0.0	0.0	0.0	0.0	0.0	0.0	0.0	0.0	0.0
2101.3995114670247	3.871289252704628	14.986880478106356	4415879.9067938505	2881.9941651121585	-2.039909682587677	8305890.367740528	4.161231513114957	2449.1391921410195	6.347020956186498	40.28467501827056	5998282.782481166	2562.075336878071	2067.1452641180385	0.8991209999999998	18.953615	0.123958273124555	0.0727804970023775	-0.0292353385	-0.0001916139	0.0769402336	-0.0495999932	-0.0727721643	-0.0388727454	0.0238752613	-0.0642117979	0.1478413868	0.0289400108	0.0632629456	0.0158189298	0.0326611436	-0.0969871373	-0.0034510499	0.0370653251	-0.0278799828	-0.0144716103	-0.0367431869	0.019662286	0.0151214012	-0.0206489733	-0.0714091681	0.0001330073	0.0149017428	-0.0432540669	-0.0335794853	-0.0242032749	0.0248794334	-0.0995717466	0.024105774	-0.0011745559	0.017802794	-0.0126640696	0.0523972786	-0.0305686306	-0.0263856678	0.0357260944	-0.0320809247	0.0029818023	-0.0877662608	0.014335892	0.0538676133	0.0202815232	-0.0555584813	0.0133466101	-0.0970010983	-0.0585292189	-0.0031300927	0.0495015916	0.0132899318	0.0408615441	0.0088616557	0.0055990664	0.0354742031	-0.0158998077	0.0076960741	-0.0176607458	0.0440163487	0.0007208525	-0.0451251461	-0.0466744595	0.0912694965	-0.0435584361	-0.0482057789	0.0912167139	-0.0045512780088046	-0.0059998871418969	2.0714131513428364e-05	3.599864571549976e-05	0.0381789088331743	0.02254405127033	0.0014576290796918	0.0005082342476792	0.0577221446391504	0.0312263314015481	0.0009750837727993	0.0033318459817429	-0.014035907897213	0.0009433489772396	0.000197006710499	8.899072928591861e-07	-0.0021500812515924	-0.0003343923227424	4.622849388449141e-06	1.1181822550905746e-07	-0.001785679553815	6.018766233500039e-06	3.1886514689129374e-06	3.6225546973520245e-11	0.0	0.0	0.0	0.0	0.0	0.0	0.0	0.0	0.0	0.0
2099.615155363466	-1.784356103558821	3.1839267043076176	4408383.800631951	2886.42870508982	4.434539977661643	8331470.669566496	19.665144813479326	2444.229168818548	-4.910023322471716	24.108329027216183	5974256.229703409	2557.8287693932834	2054.337614137527	0.968529	20.416752	0.0977651658643155	0.0569670611615365	-0.0338618717	0.0087095472	0.0205885312	0.0831183319	0.0059321525	-0.0187993268	-0.0038938552	0.0366398052	0.0285184505	-0.1106450729	-0.0228791157	-0.0151608846	-0.0403499421	0.0954329792	-0.0634501895	-0.045740691	-0.0065228622	0.0827517149	-0.0776862473	-0.0027252823	-0.0391330854	0.0028831686	0.0249409198	-0.0179908162	-0.0016754227	-0.069499506	-0.0130609273	-0.0247682529	-0.0252206618	0.1172925277	-0.0242673596	0.0097921306	0.0789275752	-0.0468664589	0.0277143184	0.0570452528	0.0001724913	-0.0102303617	0.0570794999	-0.0499395714	0.0862158917	0.0043170781	0.0466491786	0.0257704875	-0.0028692833	0.0926678015	0.0674325478	-0.0423880084	0.0737011743	0.0446090493	-0.0150811169	-1.49688e-05	0.0162163112	-0.0559975393	-0.00671781	0.0638709093	0.0035847548	0.0348650765	0.0105983065	0.0671276252	-0.0461599916	-0.0446048127	0.0912694965	-0.047697375	-0.0430324377	0.0912167139	-0.0008614024846451	0.0036898755241595	7.420142405527518e-07	1.3615181383791346e-05	0.0292201562990754	-0.0089587525340988	0.0008538175341423	8.025924696722341e-05	0.0383940300290532	-0.0193281146100972	0.000373576014381	0.0014741015418718	-0.014517704121267	-0.0004817962240539	0.0002107637329526	2.3212760151269118e-07	-0.0013180928497509	0.0008319884018415	1.7373687605644484e-06	6.922047007987734e-07	-0.0017876633918387	-1.9838380237000197e-06	3.195740402520245e-06	3.935613304277999e-12	0.0	0.0	0.0	0.0	0.0	0.0	0.0	0.0	0.0	0.0
2096.660983927444	-2.9541714360220794	8.727128873408756	4395987.2815235965	2877.1839548442176	-9.244750245602518	8278187.510013013	85.46540710356781	2437.554118523231	-6.675050295316851	44.55629644500957	5941670.080729566	2555.769602332713	2048.0481031986706	0.978682	20.630768	0.0829802456519403	0.0514225606934112	-0.0355809646	0.0105613764	-0.0913575156	-0.0064499021	0.0552643876	-0.0057856485	-0.0733760758	-0.0330812132	-0.0349364991	0.0395638614	-0.0012129079	-0.0935757887	-0.0317706823	-0.0918046772	-0.0120220392	0.0531932524	0.0933541486	-0.0253688124	0.1741149439	-0.114651732	-0.0325257607	0.0430403197	-0.0414245223	0.0663952736	0.0591847533	-0.0748699488	0.0708289246	-0.0691213838	-0.032572608	-0.0899954208	-0.0379098846	-0.0151326381	-0.0622683995	0.0103493191	-0.087400195	0.0336838218	-0.0042900931	-0.0314071967	0.0762769817	0.0470730163	-0.0896147527	-0.031208701	0.0758005941	-0.037890554	-0.007411636	-0.0201688007	0.0645446175	0.0252568388	-0.0128028623	-0.0067856723	0.0027437478	-0.0005178518	0.0124576543	0.0288073141	-0.0080121176	-0.0151974538	0.0511647073	0.0095790893	0.052793429	0.0183328961	-0.0471869279	-0.042504596	0.0911287655	-0.0517055788	-0.037674825	0.0906543325	0.0033184707411351	0.0041798732257802	1.101224805976974e-05	1.7471340183594174e-05	0.000177759076962	-0.0290423972221134	3.1598289442382245e-08	0.000843460836407	0.0527217563737849	0.0143277263447317	0.0002052837422095	0.0027795835951367	-0.0151203223749304	-0.0006026182536634	0.0002286241487218	3.631487596483263e-07	-0.0014109717664765	-9.287891672559996e-05	1.9908413257938147e-06	8.626493172120932e-09	-0.001800771198636	-1.3107806797300024e-05	3.2427769098369364e-06	1.718145990353447e-10	0.0	0.0	0.0	0.0	0.0	0.0	0.0	0.0	0.0	0.0
2103.697849779376	7.036865851932362	49.517481018091765	4425544.643166371	2889.745639458388	12.56168461417019	8350629.860768767	157.79592034588006	2444.48548918504	6.931370661809069	48.04389925138749	5975509.306836224	2560.055640518226	2051.7757233290645	0.948339	19.991129	0.0830972347641905	0.0433531679074782	-0.0263646914	0.0184012491	-0.0038368744	-0.0865537644	-0.033535682	-0.0262244021	0.0030849277	-0.0397780356	-0.0346848533	0.0251320478	0.014345843	-0.0154967757	0.0494303431	0.0605465914	0.0912288916	0.1030916497	0.0775042971	-0.0098749543	0.0214603611	-0.0053053354	0.0894374428	-0.0183552382	0.1236499212	-0.0165677927	0.0090913881	-0.0239273867	0.0038608343	-0.0156457181	0.0534432004	0.0507298283	0.0773752781	0.0753705624	-0.0960480121	0.0459069709	-0.0105015597	0.0464522629	-0.0129282375	-0.005963532	-0.037192974	-0.0838465063	0.0274658133	0.0031340956	0.0735525361	-0.0527326414	-0.0511273268	-0.0672061623	-0.0410151067	0.0351635766	-0.0063376055	-0.0075880812	0.0468113305	0.051107673	0.0191376432	-0.035939646	-0.0533363893	0.0097729395	0.094012764	0.0470170137	-0.0342134597	-0.0187235876	-0.0482057789	-0.0403752488	0.0908475206	-0.0555720611	-0.0321558829	0.089533037	-0.0066469643275723	-0.0099654350687073	4.418213477201868e-05	9.930989610862324e-05	0.0379560782498344	0.0377783191728724	0.0014406638761075	0.0014272013995274	0.0387601110860842	-0.0139616452877006	0.0001949275391395	0.0015023462114055	-0.0151277433778539	-7.421002923500494e-06	0.0002288486197062	5.5071284390602875e-11	-0.0016470837712181	-0.0002361120047416	2.7128849494100383e-06	5.5748878783097364e-08	-0.0019850748956691	-0.000184303697033	3.9405223414156885e-06	3.396785274006867e-08	0.0	0.0	0.0	0.0	0.0	0.0	0.0	0.0	0.0	0.0
2101.173925696304	-2.523924083071961	6.370192777110638	4414931.866026018	2892.9176065593424	3.171967100954589	8368972.278341034	10.06137528953826	2445.637890155499	1.1524009704589844	1.328027996714809	5981144.689764241	2559.910199739423	2048.1996519746835	0.8764429999999999	18.475561	0.0560596411312296	0.0344357350484733	0.0051417199	-0.0079122527	0.0550349771	-0.0718107287	-0.0355435447	-0.036569245	0.0536087157	-0.0652568796	0.0238145033	-0.0201454269	-0.0459085506	0.0060419613	-0.0790936312	-0.0384645698	-0.0420646093	-0.0122912636	-0.010649112	0.0554345236	-0.0518293104	-0.0734450957	0.0905739921	-0.0267755424	0.0726457622	-0.0440978277	-0.0165777234	0.0358227724	-0.0349258701	-0.01930889	-0.0644069386	-0.0272955791	-0.0013114462	0.0782694744	0.0442489452	-0.0382327385	0.0186989092	-0.0333580765	-0.0068540006	0.0189511423	0.0665362293	0.0939665843	0.0151222329	0.0036346693	0.0257426064	0.0159261497	-0.07993466	-0.0166620915	-0.0773061514	-0.0580482914	0.0506493846	0.0767268767	0.030297494	0.041378197	0.05616073	0.0794295844	0.0538179446	0.0400009742	0.0365512352	0.0697962497	0.0584334656	-0.0823676117	-0.0492163702	-0.0382182304	0.0904261954	-0.0592862243	-0.0264992443	0.0878597406	-0.0065831388991313	6.382542844099968e-05	4.333771776525567e-05	4.0736853156771716e-09	0.0363498699641553	-0.0016062082856791	0.0013213130464109	2.579905056984204e-06	0.0550395260946388	0.0162794150085546	0.0002650193530207	0.0030293494327224	-0.0145936695915574	0.0005340737862964	0.0002129751921475	2.852348092090792e-07	-0.0017510174780186	-0.0001039337068005	3.0660622083266187e-06	1.0802215409292328e-08	-0.001860878540595	0.000124196355074	3.462868942846977e-06	1.5424734613691906e-08	0.0	0.0	0.0	0.0	0.0	0.0	0.0	0.0	0.0	0.0
2097.0674584149115	-4.1064672813927245	16.863073533148953	4397691.925142776	2876.919723784852	-15.997882774490336	8276667.09710231	255.93225326633456	2435.1288789602427	-10.509011195256337	110.43931630202296	5929852.657146168	2553.4533706402603	2083.8782788103786	0.947048	19.963919	0.0478249538153536	0.0250613834952791	0.0108718474	-0.0235092709	0.0663679312	0.0605028636	0.0078536421	0.0111126178	-0.0712653092	-0.0415680771	0.0555891269	-0.0614711047	-0.0347061651	-0.0917242683	0.09500394	0.042882194	0.0229672815	0.0116866812	0.0079174621	0.0906917227	-0.1224592087	-0.0439882207	0.0011026407	-0.0870565001	0.0255525149	0.0049750304	-0.0353131987	-0.0277985631	0.0669074119	-0.0553705795	0.09752071	0.0418398009	0.0085865693	0.0245210054	0.0583720622	0.0143194578	0.043186996	0.0357748244	0.0066111418	0.0198424483	0.0941051199	-0.0877220496	-0.0252767584	0.0203678959	0.0331584448	-0.0188829573	-0.0485808922	0.0408868425	-0.0681904236	-0.1173129311	-0.0326760223	0.028579324	0.0654508213	0.0328859288	0.0304693341	-0.0045790874	0.0099642832	0.0370511343	0.0898982787	0.0469082247	-0.0100204813	-0.0580296238	-0.0502185284	-0.0360350191	0.0898654396	-0.0628378881	-0.0207291319	0.0856447597	-0.006451647380544	0.0001314915185872	4.162375392288026e-05	1.7290019460394237e-08	0.0121797864514689	-0.0241700835126863	0.0001483471980033	0.0005841929370102	0.0612021757289937	0.0061626496343549	3.79782505158146e-05	0.0037457063139626	-0.0143787728534678	0.0002148967380896	0.0002067491087716	4.6180608041550456e-08	-0.0017683931143746	-1.7375636355999825e-05	3.1272142069674967e-06	3.019127387759429e-10	-0.0019758207491439	-0.0001149422085488	3.903867632747561e-06	1.3211711306098765e-08	0.0	0.0	0.0	0.0	0.0	0.0	0.0	0.0	0.0	0.0
2097.833201927867	0.765743512955396	0.5863631276332707	4400904.143110926	2887.9145577253694	10.99483394051731	8340050.4927221155	120.8863733795514	2434.969010866605	-0.1598680936376695	0.0255578073633426	5929074.083880693	2556.510438661317	2079.594222888612	0.892993	18.824425	0.0843563845722644	0.0506003310805728	-0.0179132792	0.0202534112	-0.0084633387	0.1217868022	0.0012653187	0.022833113	-0.0527976352	0.0551105217	0.02665435	-0.0902406774	-0.0033182928	-0.0654825998	-0.1087420633	0.0183623252	0.0244370946	-0.0085819951	-0.0101248939	0.0940444682	-0.027537782	-0.0624558053	-0.0160234268	0.0683680614	-0.0490827367	0.0123471577	0.0082592565	0.0980024554	0.0648133665	-0.0228418903	-0.1021152401	0.0430839351	0.0009437052	-0.0277023455	0.0486582195	-0.0098667903	0.0438285913	0.077569874	-0.0016674808	-0.0040437173	0.0710753659	0.0503706244	0.061950076	0.0723694592	0.0588627156	-0.020119517	-0.0465040366	0.0824223647	0.0360814654	-0.079707169	-0.0039090574	-0.0070901565	0.0289190009	0.0450380431	-0.0096346998	0.0355003787	-0.0017997592	0.0503160408	0.024012801	0.0540883333	-0.0415271038	0.0281522516	-0.051212082	-0.0338271112	0.0891661178	-0.0662173176	-0.0148702542	0.0829017503	-0.0016673697109581	0.0047842776695859	2.780121753020498e-06	2.2889312819698297e-05	0.0137383598686398	0.0015585734171708	0.0001887425318802	2.4291510967117737e-06	0.0158608899205461	-0.0453412858084476	0.0020558321987633	0.0002515678290716	-0.014599570828804	-0.0002207979753362	0.0002131474683852	4.875174591256549e-08	-0.0014632242928049	0.0003051688215696	2.1410253310544e-06	9.31280096582393e-08	-0.0021032989057792	-0.0001274781566353	4.423866287051979e-06	1.6250680419134105e-08	0.0	0.0	0.0	0.0	0.0	0.0	0.0	0.0	0.0	0.0
2094.2924401176824	-3.540761810184449	12.536994196460656	4386060.824734077	2873.0141488263707	-14.900408898998649	8254210.2993565155	222.02218535735813	2434.0454714848447	-0.9235393817602926	0.8529249896621834	5924577.35725588	2551.7460003227216	2049.04128385845	0.906163	19.102064	0.0666173064615504	0.0442551600947426	-0.0117224218	0.0355002977	-0.0861807923	0.0330745599	0.0230083366	-0.0395463449	-0.0666880849	0.0290565078	-0.008239942	0.042881103	-0.0397526819	-0.0840612266	0.0823924722	-0.0347564771	-0.0300158737	0.0889872568	-0.1054167215	-0.0680835134	0.0044008976	0.0325404332	-0.0993712659	-0.0987681301	0.0476518243	7.6196e-06	-0.0238077735	-0.0761112677	0.043019623	-0.0771389355	0.0826431957	-0.0400999925	-0.0422436014	-0.0788973969	-0.0083878116	0.0147739897	-0.0543352378	-0.0487425243	-0.0028836135	0.0336929515	0.0970218405	-0.0659927965	-0.0714219999	0.0361937948	0.0656136019	-0.0512110237	-0.0601124499	-0.0022123804	0.0919939959	-0.0200632457	-0.0130527726	0.0095880778	0.0275726186	0.0499986494	-0.0323921278	-0.0314383108	0.0166552742	-0.0021737592	0.0630831418	0.022380277	-0.017940771	0.0180754286	-0.0521968607	-0.0315960199	0.0883293083	-0.06941525	-0.0089476998	0.0796476241	-0.005149142393904	-0.0034817726829459	2.651366739269942e-05	1.2122741015708294e-05	0.0152905724187775	0.0015522125501377	0.0002338016048938	2.4093638008049817e-06	0.0554020021537979	0.0395411122332517	0.0015634995566426	0.0030693818426494	-0.0143328664481223	0.0002667043806817	0.0002054310606197	7.113122667480968e-08	-0.0012920140590295	0.0001712102337754	1.6693003287298842e-06	2.931294414942714e-08	-0.002100369340332	2.9295654471999527e-06	4.41155136580668e-06	8.582353709427858e-12	0.0	0.0	0.0	0.0	0.0	0.0	0.0	0.0	0.0	0.0
2099.457948944073	5.165508826390578	26.68248143551897	4407723.679384454	2882.2240951446715	9.209946318300808	8307215.734632521	84.82311118598261	2438.576045109676	4.530573624831504	20.52609737001888	5946653.12778275	2555.682700567222	2065.7562591374267	0.920732	19.409182	0.1039693033296762	0.0703758892087271	-0.0059198894	0.0488638793	-0.0662650495	-0.0511877219	-0.0521612803	-0.033743484	-0.0311378794	-0.0068607385	-0.039097559	0.0159653325	0.0485260348	-0.0481956052	-0.0373617868	0.0637102738	-0.0100939164	0.1428409296	0.0499010066	-0.0901764263	0.0648812016	-0.0196741228	0.0054456755	-0.0326207311	-0.0055026166	0.0271615597	0.0243947628	-0.1349925057	0.0330069862	-0.0316802458	-0.0337679209	0.0752001508	0.0236219731	0.0001190924	-0.1055555814	0.0153145112	-0.0493905443	0.0274232334	-0.0141697546	-0.0047277026	-0.0220235094	-0.0058812503	0.087968198	0.0536990288	0.094964334	-0.1044042416	-0.0672153753	-0.0235933193	0.0193061883	0.0254541812	-0.0012919017	-0.0818172707	0.0154773346	0.0216778299	-0.052702782	-0.0714221991	-0.0512444145	0.104792294	-0.0085595657	0.0324504564	0.0146773784	0.1134619434	-0.0531726956	-0.0293432743	0.0873563013	-0.0724229201	-0.00298683	0.0759024438	-0.0010078914182685	0.0041412509756355	1.0158451110192886e-06	1.7149959643201985e-05	0.0180522301476173	0.0027616577288398	0.0003258830133025	7.626753411260602e-06	0.041355383793757	-0.0140466183600408	0.0001973074873526	0.0017102677687289	-0.0155647993874949	-0.0012319329393726	0.0002422629799729	1.5176587671112151e-06	-0.0013431697220265	-5.115566299699996e-05	1.8041049021687453e-06	2.616901856662631e-09	-0.0017230624173984	0.0003773069229336	2.968944094250818e-06	1.4236051409362157e-07	0.0	0.0	0.0	0.0	0.0	0.0	0.0	0.0	0.0	0.0
2101.1870229337724	1.7290739896993728	2.9896968618549065	4414986.905345289	2897.335804830768	15.111709686096674	8394554.765954355	228.36376963686803	2444.4262058551494	5.850160745473204	34.22438074787559	5975219.475871401	2559.82604395611	2046.7767719915728	0.952354	20.075777	0.063518090558532	0.0496703352048716	0.0253090353	0.0061387638	0.018596164	-0.0804251542	-0.0626882771	-0.0341126052	0.0730575037	-0.0340441612	0.0089564076	0.0723300316	0.0389847782	0.0078008021	0.0109539558	-0.0809626183	-0.0310838861	0.0590035962	-0.0722048337	0.0051814376	-0.0101735377	0.0243155828	0.1121403873	0.0444332421	0.0729881948	0.0206373393	-0.0456813375	-0.0253503174	-0.0379802702	-0.0237514309	-0.0115380313	-0.091569233	0.0261624009	0.0826426789	-0.0077158222	-0.0304173012	-0.0055497633	-0.0967615259	-0.0246115377	0.0559656965	0.0119472369	0.0434177253	-0.0722586302	-0.0112364584	0.0392802276	-0.0573240789	-0.0719459484	-0.0379678153	-0.0503075938	0.0062830731	0.0839993627	0.0115987593	-0.0556152306	0.0107155673	-0.0689846029	-0.0252255653	0.0974603586	-0.0207903196	0.0100475706	-0.011576412	0.006408528	0.0958871689	-0.0541394198	-0.0270704183	0.0862485974	-0.075232084	0.00298683	0.0716892996	0.0002540825779817	0.0012619739962502	6.455795643382665e-08	1.5925783672116998e-06	0.0182804554469697	0.0002282252993523	0.0003341750513486	5.2086787264492176e-08	0.0905532706094263	0.0491978868156693	0.0024204320671274	0.0081998948180639	-0.0157389025114351	-0.0001741031239402	0.0002477130522644	3.031189776573732e-08	-0.0014174635299781	-7.429380795159995e-05	2.009202858817976e-06	5.519569899949216e-09	-0.0017312655744518	-8.203157053400046e-06	2.997280489281921e-06	6.72917856427469e-11	0.0	0.0	0.0	0.0	0.0	0.0	0.0	0.0	0.0	0.0
2095.24364439665	-5.9433785371224985	35.32374843552837	4390045.929384555	2863.817622567365	-33.518182263403105	8201451.375327395	1123.4685422427106	2433.267576951247	-11.158628903902354	124.51499901500505	5920791.101042193	2546.507862137928	2048.435785170884	0.876352	18.473637	0.06813183950834	0.0371017272938965	0.0395732964	-0.0328523707	0.0460164077	-0.022879637	-0.0096955244	-0.0367936332	-0.0678674726	-0.0784943928	0.0609711234	-0.0760099166	-0.0634046102	-0.0694553826	-0.0050766675	0.0994882211	0.0832181137	0.0160689742	0.0027891904	0.092631392	-0.0863795176	-0.0053005297	0.0076408396	-0.0547668907	0.0077459915	0.039022434	0.0279512891	0.0424579098	0.0355316985	-0.0658444133	0.0015281087	0.1173377203	0.0586014928	0.0400707832	0.0416644669	0.0502378174	0.0579269515	0.0191954338	-0.0012027941	0.0183144979	0.0919588383	-0.0712321244	0.0727740863	0.0336064241	0.0273915687	-0.0450575903	-0.0617637555	0.0278981837	-0.0564881279	-0.0641957575	0.0583353567	-0.0060588974	-0.0978621107	0.0186143039	-0.0685507754	-0.0877113278	0.0368085886	0.0856139141	-0.0092227168	0.0748597249	-0.0317559597	0.028291941	-0.0550968674	-0.0247790096	0.0850079043	-0.0778350419	0.0089476998	0.0670341672	0.0011426200977524	0.0008885375197707	1.305580687787704e-06	7.894989240402671e-07	0.0178429860355606	-0.000437469411409	0.0003183721506652	1.9137948591862186e-07	0.0622761047277862	-0.0282771658816401	0.0007995981102977	0.0038783132200661	-0.0154585845135137	0.0002803179979214	0.0002389678351614	7.857817995866325e-08	-0.0013449679462225	7.249558375559996e-05	1.8089387763659693e-06	5.255609664065208e-09	-0.0021490253266852	-0.0004177597522333	4.61830985473443e-06	1.745232105861117e-07	0.0	0.0	0.0	0.0	0.0	0.0	0.0	0.0	0.0	0.0
2098.564101696154	3.3204572995041417	11.025436677830337	4403971.288927786	2878.497613050267	14.679990482901758	8285748.508336084	215.5021205780862	2435.1995946444	1.9320176931528292	3.7326923666555807	5930197.065756249	2554.7732393981782	2091.281415794328	0.920092	19.395676	0.0222572736514644	0.010737127826653	0.026858264	-0.0045010485	0.0442412926	0.1015866724	-0.0380266016	0.0251869755	-0.0542265005	-0.0167374662	0.0845091895	-0.0797301139	-0.0083341709	-0.0629724155	-0.0647715582	-0.0524977904	-0.0374388802	0.016811644	-0.0283557234	-0.0098724682	-0.1126769696	0.000744552	0.0596978748	-0.0716904174	-0.0041896117	-0.0751151672	0.0305123467	-0.0681224927	0.0555393964	-0.0314630674	-0.0646012793	-0.0469202388	-0.0564641594	0.0134441943	0.0909443036	-0.014932692	0.0607863548	-0.0007849638	-0.0155823095	0.0243384334	0.0482464216	0.0853169832	-0.0363985705	0.0622335506	0.0589823082	-0.059395604	-0.0658779117	0.0747842608	-0.029052756	-0.1038391862	-0.0095717806	-0.0138872017	0.0126791979	0.02392234	-0.0357327207	0.057615789	0.0466781475	0.0420361948	0.0291072145	0.0228953941	0.0301212411	0.0330293959	-0.0560448744	-0.0224706185	0.0836361352	-0.0802246594	0.0148702542	0.0619657467	-0.0005580261620679	-0.0017006462598203	3.113931975522302e-07	2.892197701040775e-06	0.0171604940639582	-0.0006824919716023	0.0002944825565191	4.657952913017306e-07	0.0552889354451195	-0.0069871692826666	4.882053458464104e-05	0.0030568663826545	-0.0153782656033727	8.031891014100012e-05	0.0002364910529678	6.451127326238052e-09	-0.0014903208130188	-0.0001453528667962	2.2210561257170165e-06	2.112745588590292e-08	-0.0021810928724954	-3.2067545810200195e-05	4.757166118450235e-06	1.028327494289288e-09	0.0	0.0	0.0	0.0	0.0	0.0	0.0	0.0	0.0	0.0
2100.7809349869617	2.216833290807699	4.914349839233292	4413280.536804693	2895.1126741877574	16.615061137490557	8381677.396242588	276.060256602549	2448.576395474948	13.37680083054829	178.93880046015744	5995526.36447709	2558.19699194156	2052.47208819473	1.057486	22.291967	0.1553142963582586	0.085468339600021	0.014374416	0.0841425973	-0.0548027662	0.0484225704	-0.0848598579	-0.0422545279	0.0835106634	0.0735504997	-0.004872529	-0.0508386871	-0.0418508091	0.035297688	0.1083248955	0.0705818098	-0.1962860725	-0.0285719025	-0.0697723936	0.0146057424	0.0759274851	-0.0153437422	0.0147971771	-0.1084625631	0.0091037532	-0.0326385053	0.0778359006	-0.0196987386	-0.0969185428	-0.0263570112	0.1161308293	0.0511544173	-0.0856845021	-0.0223713051	0.106443801	-0.0990697405	-0.1065166098	-0.0495599016	-0.0206222404	0.1374467672	0.0359578141	-0.080564657	0.0111688025	0.0334569437	0.0425702037	-0.044647234	-0.0992310673	0.0582092644	0.0767802407	-0.033634944	0.1247529213	0.0587680373	0.0047950475	0.0108853017	-0.0464478377	-0.0871907221	0.0882267205	0.059826045	0.0330914531	0.0187412095	-0.0621923463	0.0440372796	-0.0569832784	-0.0201468273	0.0821354052	-0.0823943867	0.0207291319	0.0565152869	-0.0107230253405958	-0.0101649991785279	0.000114983272455	0.0001033272082994	0.0414342004495438	0.0242737063855856	0.0017167929668929	0.0005892128216936	0.1192734548798597	0.0639845194347402	0.0040940187272946	0.0142261570389779	-0.0147248144535592	0.0006534511498134	0.0002168201606917	4.2699840519258457e-07	-0.0014487799094855	4.154090353329989e-05	2.0989632261288138e-06	1.7256466663629274e-09	-0.0017382634986541	0.0004428293738413	3.0215599907531926e-06	1.9609785433667785e-07	0.0	0.0	0.0	0.0	0.0	0.0	0.0	0.0	0.0	0.0
2094.916312892362	-5.864622094599781	34.39379231246792	4388674.358022529	2888.1978419869247	-6.914832200832734	8341686.774457929	47.81490436567327	2433.9225833599385	-14.653812115009714	214.73420950200543	5923979.141789516	2559.5575342576685	2049.972537392064	1.109685	23.392332	0.2153234501211801	0.1358396950370811	0.0189759347	0.0131717664	-0.0892865552	-0.0139923467	0.0558566732	0.0720591395	-0.0841850643	-0.0202895219	-0.0038412378	0.0349247592	0.0661548317	-0.0838560081	-0.0881042559	0.017245515	-0.1023670179	-0.1030716136	-0.0176194983	-0.0442994768	-0.0043065931	-0.0100499252	-0.031024163	0.0558640253	-0.0437410326	0.0151890837	0.1304370432	0.0275200804	0.1016341703	0.004134023	-0.071961936	0.0081260764	-0.099346218	-0.0451765136	-0.0056050082	-0.0606564094	-0.1212144384	-0.0261577037	0.0112040977	-0.0125278013	0.1196047876	0.0760147602	0.0144338697	0.083443944	0.0568399385	-0.0481396053	-0.1180522992	-0.0203190838	0.0448396477	-0.0210734023	-0.0024606065	-0.0566140212	0.0717159308	0.0616687141	0.0262878825	0.0505628903	1.91293e-05	0.0777340265	0.0251944081	0.105043391	0.0586030736	0.0081737558	-0.0579119187	-0.0178092284	0.0805080284	-0.0843382767	0.0264992443	0.0507163915	-0.0049012161051251	0.0058218092354707	2.402191930913766e-05	3.389346277421194e-05	0.0124046704493281	-0.0290295300002157	0.0001538758489564	0.0008427136120334	0.004280526548051	-0.1149929283318087	0.0132233735663244	1.8322907528569413e-05	-0.0156227774243345	-0.0008979629707753	0.0002440711744502	8.063374968836038e-07	-0.0018277797576062	-0.0003789998481207	3.3407788423149798e-06	1.4364088487551373e-07	-0.0017708843308318	-3.262083217769993e-05	3.136031313185592e-06	1.064118691965663e-09	0.0	0.0	0.0	0.0	0.0	0.0	0.0	0.0	0.0	0.0
2096.1104588536514	1.1941459612894505	1.425984576863906	4393679.055715665	2886.5990023127574	-1.598839674167266	8332453.800153007	2.556288303691289	2450.464850792518	16.542267432579592	273.6466118109834	6004777.984969598	2566.907231061406	2055.900206984136	1.147544	24.190414	0.1288920765886786	0.0627049566189971	0.0427023282	-0.0061010819	0.0020450242	-0.0594076914	-0.0487607962	0.0040106724	-0.0078940292	-0.0003690949	0.0284911537	0.0731143313	0.1144265696	0.0834736723	0.1167312778	-0.0435420697	-0.0063086284	0.0106821303	-0.0689884259	-0.0796508801	0.0577407012	0.0587814176	-0.0108998878	0.1341868897	-0.059090889	0.0462385836	0.0119294928	-0.1219169641	-0.04326498	0.060266635	0.1000994513	-0.0514917489	0.0026677714	-0.0453029761	-0.052428129	0.0779396539	0.0325386817	-0.1635830958	-0.032170935	0.0925912515	-0.066523453	-0.0477319956	-0.0596914115	0.097354449	-0.0862533633	0.0582612276	-0.0714023722	-0.0632222713	-0.0419639555	0.0919411633	0.0082328854	-0.0828767008	0.078670816	0.0590559663	-0.0203251517	0.0172787293	-0.0250700787	-0.0645676155	-0.0346646272	-0.0800511527	-0.0425833003	-0.0049936672	-0.058830636	-0.0154594239	0.0787565141	-0.0860510014	0.0321558829	0.0446048127	0.0098842444168241	0.0147854605219492	9.76982876915184e-05	0.0002186098428461	0.0230513431610432	0.0106466727117151	0.0005313644215281	0.0001133516398303	0.0515698703607654	0.0472893438127144	0.0022362820382371	0.0026594515290261	-0.0162058653267802	-0.0005830879024456	0.0002626300709897	3.399915019785253e-07	-0.0018662095779982	-3.842982039199997e-05	3.48273818901222e-06	1.476851095361377e-09	-0.0022727785988401	-0.0005018942680082	5.165522559345568e-06	2.518978562595872e-07	0.0	0.0	0.0	0.0	0.0	0.0	0.0	0.0	0.0	0.0
2099.728803769077	3.618344915425496	13.09241992698554	4408861.049377519	2885.343020501965	-1.2559818107924912	8325204.345959403	1.577490309041585	2451.724652510423	1.259801717904793	1.587100368435867	6010953.771727353	2564.6067386411623	2057.8506908305208	1.017906	21.457619	0.0659863055464241	0.0352264322081714	0.0416750161	-0.016742638	0.0532206912	-0.0337039628	-0.0647132564	-0.0145234118	0.0452535163	-0.0419629808	0.0455839307	-0.0310558076	-0.0161457751	0.1209025937	-0.0517682776	0.0031435134	0.0130417569	-0.0604294778	-0.0842225029	0.0452940758	0.0583315056	-0.0479841757	0.045611078	0.0887108366	-0.1916614118	0.0742762517	0.0132919332	0.0970898475	-0.0817748423	0.0778107432	-0.0756783085	0.0135112522	0.0524877881	-0.051677325	0.06220959	0.007475552	0.0632975709	-0.106867836	-0.0286452843	0.1223248681	-0.0444574957	0.0408000735	0.1002749264	0.1499142405	-0.2159700316	0.1805640532	-0.0074726086	-0.0282295061	-0.0316538268	-0.0082384029	-0.0898878924	-0.021948462	0.0680373495	0.0101545684	0.0874630963	0.127156775	-0.0670970951	0.0692468468	-0.1420787463	0.0212516649	0.0788957864	-0.1828999338	-0.059739273	-0.0130990243	0.0768835629	-0.0875278662	0.037674825	0.0382182304	0.0384443468717137	0.0285601024548896	0.0014779678063926	0.0008156794522337	0.0158487866645202	-0.007202556496523	0.0002511840387374	5.18768200856057e-05	0.052078534076827	0.0005086637160615	2.587387760375944e-07	0.0027121737115912	-0.0160214500357666	0.0001844152910135	0.0002566868612485	3.4008999559630374e-08	-0.001856113487785	1.0096090213199994e-05	3.4451572795373977e-06	1.0193103759307272e-10	-0.0018729903224879	0.0003997882763521	3.508092748133328e-06	1.5983066590866298e-07	0.0	0.0	0.0	0.0	0.0	0.0	0.0	0.0	0.0	0.0
2096.2086398731303	-3.5201638959465527	12.391553854325611	4394090.661878759	2884.8367101246727	-0.5063103772922659	8322282.844082945	0.2563501981538366	2443.617856832651	-8.10679567777197	65.72013616114229	5971268.230231398	2555.146978804755	2064.5761325680023	1.110396	23.40732	0.1545406939299008	0.0725112484605524	0.0378144385	-0.0116909259	0.0273663708	0.1003284728	-0.0546364507	0.002394671	0.0181990927	0.0098106382	0.06409364	-0.0170621469	-0.0302338505	0.0291288506	0.0683446218	-0.0809278407	-0.0093527357	0.0157938448	-0.0857206487	0.0180336799	0.0008893709	0.054482229	0.036232971	0.0173453217	-0.1482752434	0.0379222342	0.010570442	0.0260752235	-0.0471549784	-0.0123524816	0.0540595515	-0.0719948812	-0.0001186963	-0.0199429293	0.0869478756	0.0340124807	0.0412941922	-0.0428299266	-0.0143909055	0.1229609809	0.0534312533	0.0007429202	-0.0728705198	0.0601344104	-0.1030137749	0.0692207985	0.0084687656	0.049642504	0.0212453313	-0.0501395628	-0.0263363218	-0.0263426482	0.0347060238	-0.0268176262	-0.080556209	-0.0019356868	0.026004655	-0.0566093529	-0.0279887838	-0.0175112515	0.0159747596	0.0431556271	-0.060637674	-0.0107296473	0.0748920628	-0.0887648233	0.0430324377	0.0315960199	-0.0050001730019744	-0.043444519873688	2.500173004967368e-05	0.0018874263070552	0.0281362193967567	0.0122874327322365	0.0007916468419424	0.0001509810031492	0.0992933809697333	0.0472148468929062	0.0022292417671205	0.0098591755044005	-0.0165815215431654	-0.0005600715073987	0.0002749468566864	3.136800933999628e-07	-0.0016345088748759	0.0002216046129091	2.6716192620480807e-06	4.910860446259206e-08	-0.0021231920908014	-0.0002502017683135	4.507944654441621e-06	6.260092486720237e-08	0.0	0.0	0.0	0.0	0.0	0.0	0.0	0.0	0.0	0.0
2099.4312249397376	3.22258506660728	10.385054511520249	4407611.468251967	2891.6865512139784	6.849841089305755	8361851.110471792	46.92032294874146	2447.082838205191	3.464981372540024	12.006095912049346	5988214.417038373	2565.2573674082464	2076.2819595336914	0.961047	20.259016	0.1421692789893168	0.0745699672739692	0.0087999236	0.0419947003	-0.0468035757	0.0844930036	-0.0732958569	0.0046335786	-0.0227355148	0.0844488889	-0.0916329921	-0.0745719383	-0.0161104513	0.068623287	-0.0067034859	0.0983763016	-0.0362936683	-0.0414393286	0.0261364819	0.0792338859	-0.0858007606	0.134899195	-0.1583228639	-0.0069005739	-0.0734208738	0.0201915167	0.0311343573	-0.0258654133	-0.0286356544	0.0614986427	0.0071589477	0.1127754227	-0.0794384357	-0.04382635	0.0305792248	0.1189678281	0.0636594148	0.0215533707	-0.0344259522	0.1087502705	-0.0613063222	-0.0205950423	0.102020989	0.0615249856	-0.0860792677	-0.0090279234	0.0783575002	-0.0112915467	0.0913580247	0.0247673468	-0.119860548	-0.0042349887	-0.0431619759	-0.0206665519	-0.0121604987	-0.0485316409	-0.0858992849	-0.0838743546	-0.1146523567	-0.0734653588	-0.0761181497	0.0440460321	-0.0615256851	-0.0083529168	0.0727850846	-0.0897584821	0.0482057789	0.0247790096	0.0276210859494341	0.0326212589514085	0.000762924389026	0.0010641465355748	0.0111070620039868	-0.0170291573927699	0.0001233668263604	0.0002899922015077	0.0985145751079699	-0.0007788058617633	6.06538570317017e-07	0.0097051215087038	-0.0176329500037313	-0.0010514284605659	0.000310920925834	1.1055018076879817e-06	-0.0012090302895806	0.0004254785852953	1.4617542411233494e-06	1.810320265448899e-07	-0.0017652980009951	0.0003578940898063	3.116277032317296e-06	1.2808817951828e-07	0.0	0.0	0.0	0.0	0.0	0.0	0.0	0.0	0.0	0.0
2100.6526278587385	1.221402919000866	1.491825090543836	4412741.462929823	2904.014630894461	12.32807968048246	8433300.976449091	151.98154860832452	2450.720321068397	3.63748286320606	13.231281580117756	6006030.092097587	2562.303148424304	2065.4258292571844	1.007542	21.239155	0.139341317510318	0.0872948733006074	0.017736571	0.0679427705	-0.0852543874	-0.0430601154	-0.1452508997	-0.0373885026	0.0696301404	0.0758137802	-0.0778983345	0.0876218412	0.0311320007	0.102695002	-0.0484788275	-0.1175634847	0.0639789739	0.0807824874	0.081241214	0.0153936105	0.0013086874	-0.0336011898	-0.0541721868	-0.1423440634	-0.0171873175	0.1087813358	0.0356379027	-0.0153627618	-0.0914019983	0.0321858795	-0.0525498475	-0.1052836441	0.0257374901	-0.0501317658	-0.0628204095	0.0871203319	0.0035128608	0.0911945855	-0.0628684961	0.1687755658	-0.061458955	0.0916058596	-0.030772933	0.0570527515	-0.0470900183	-0.0196330974	-0.0082456528	-0.0494527683	0.0356241965	0.0692201357	-0.0371349949	-0.0078552135	0.0421985826	-0.049412237	0.0282599331	0.0488154245	0.0265314696	-0.0791379612	-0.0510392169	-0.0076840181	0.0120009632	0.0726313762	-0.062403154	-0.0059704615	0.0705658771	-0.0905061192	0.0531726956	0.0178092284	0.0286003343018705	0.0009792483524363	0.0008179791221787	9.589273357494e-07	0.0310172502686612	0.0199101882646744	0.0009620698142287	0.0003964155967347	0.1550770574926971	0.0565624823847271	0.0031993144135225	0.0240488937605932	-0.0166476962195954	0.0009852537841359	0.0002771457894199	9.707250191541116e-07	-0.0011868071205012	2.222316907940004e-05	1.4085111412723497e-06	4.93869243931602e-10	-0.0015349869840408	0.0002303110169543	2.356185041174671e-06	5.3043164530523926e-08	0.0	0.0	0.0	0.0	0.0	0.0	0.0	0.0	0.0	0.0
2096.1420143901723	-4.510613468566135	20.34563386281021	4393811.3444916895	2892.6782836914062	-11.336347203054627	8367587.65293986	128.51276790820452	2441.8042579064004	-8.91606316199659	79.49618230871263	5962408.033929827	2555.260457706686	2036.703949019225	1.035071	21.819466	0.1264164802839389	0.0689650638265241	0.0335848724	0.0080878535	-0.0321118237	-0.0738609479	-0.0649785732	-0.0316405984	0.0650611184	-0.1017538114	-0.0638271238	-0.0110824481	0.007091538	0.04159849	0.0136629174	0.0574447719	0.0696555166	-0.0054551527	0.0323394333	0.1657352669	0.032785615	-0.0423863609	0.0582187807	0.0682313109	-0.0198203125	-0.045712943	-0.0536179416	0.001985655	-0.0521374275	0.0138663371	0.0176601545	0.0577189676	0.0595991077	0.1112016714	-0.0094397051	0.0471238747	-0.0695542306	0.0563928989	-0.0224081407	0.1202129853	0.0621837904	-0.085700606	0.0462098461	0.0212664139	-0.0271736835	-0.0203722325	-0.0424092612	-0.0709994786	0.0278265981	0.0333091273	0.0227684688	0.0166995472	-0.0151044623	-0.0512388693	-0.0432421053	-0.1224506623	0.0070801343	-0.055025909	-0.0076492139	0.0900408436	-0.0359582394	0.0775662215	-0.0632699305	-0.0035839144	0.0682378621	-0.0910056853	0.0579119187	0.0107296473	0.0022765944292331	-0.0263237398726374	5.182882195215184e-06	0.0006929392808822	0.0303435780335661	-0.000673672235095	0.0009207327278791	4.538342803380274e-07	0.1007005569690306	-0.0543765005236664	0.0029568038092003	0.0101406021738729	-0.0171920273116455	-0.00054433109205	0.0002955658030843	2.962963377724531e-07	-0.0013119086440296	-0.0001251015235283	1.7211042902795836e-06	1.565039118912681e-08	-0.0017664057215131	-0.0002314187374723	3.120189172994216e-06	5.35546320532734e-08	0.0	0.0	0.0	0.0	0.0	0.0	0.0	0.0	0.0	0.0
2099.750705553269	3.608691163096864	13.0226519106134	4408953.025471452	2887.930604123784	-4.747679567622072	8340143.174234765	22.540461276816103	2440.0492157569297	-1.7550421494706825	3.0801729464186733	5953840.175316008	2558.59881171899	2054.9512073896085	0.851079	17.940878	0.0989615864755351	0.0568753143780627	0.0360744837	-0.0057351436	0.0129753064	-0.0647526684	-0.0804741841	0.0260027999	0.0046464127	-0.0717654775	-0.0527161322	-0.0132149044	-0.0105304187	0.0091638526	-0.0872854858	-0.0328437741	0.0203430666	-0.0292212471	0.0504000519	0.0617477582	-0.0863521865	-0.015775155	0.0245562228	-0.0121963507	0.07388113	0.0522164191	0.042792653	-0.0097499779	0.021874263	0.0277140053	-0.0935264634	-0.0378102671	-0.0227287093	0.1169649866	-0.0056199404	0.0977286219	-0.00323788	1.15906e-05	-0.0262043337	0.0633929768	0.0140522506	0.0879107084	0.0160722698	0.0419985489	0.0212452357	-0.0976993237	-0.033661658	-0.0642302039	-0.0375570344	0.0047358581	0.0112833568	-0.0569654032	-0.0745634983	-0.0160792064	-0.0773219646	0.0036276508	0.0117135213	-0.0668084749	-0.0103169271	0.070071856	-0.0313818015	0.0908309347	-0.064125866	-0.0011949111	0.0658046293	-0.0912558111	0.062403154	0.0035839144	0.0036289286636446	0.0013523342344115	1.316912324582138e-05	1.8288078815613377e-06	0.0181559148161625	-0.0121876632174036	0.0003296372428117	0.0001485391347008	0.0711124213517706	-0.02958813561726	0.0008754577693053	0.0050569764705117	-0.0179249873810099	-0.0007329600693644	0.0003213051726093	5.372304632826674e-07	-0.0014652269096033	-0.0001533182655737	2.146889896625637e-06	2.350649055852764e-08	-0.0019967964547042	-0.000230390733191	3.987196081519262e-06	5.307988994033257e-08	0.0	0.0	0.0	0.0	0.0	0.0	0.0	0.0	0.0	0.0
2103.9628583806943	4.212152827425143	17.742231441585627	4426659.709445462	2898.3426528291075	10.412048705323286	8400390.133208469	108.41075824202431	2452.217697436993	12.16848168006345	148.0719463980398	6013371.635623189	2562.7448601500114	2064.3892721878856	0.934091	19.690777	0.1343525339613954	0.0765362868090872	0.0536589967	0.0041811111	0.0565018989	-0.0639702464	-0.1673189182	-0.0374704668	0.1086044106	0.0112904745	0.0116846682	0.0278776975	-0.0161864432	0.1112736916	0.1311255289	0.0143040304	-0.1244181077	-0.0305766621	-0.0652094151	0.0008687899	0.090872336	-0.0234690807	0.0751452344	-0.0989794924	0.041344786	0.0798829487	0.0442447644	0.0482590476	-0.1104504916	0.0475823443	0.1212918905	-0.0100413243	-0.024663462	0.0237205833	0.0464170176	-0.0122786024	-0.0368181041	-0.1696271854	-0.04490633	0.1664195602	-0.0450804408	-0.0704933941	-0.0105473104	0.0292319531	-0.0459870556	-0.0211948673	-0.0479724145	-0.0143263063	-0.1310715002	0.0011742346	0.0972645677	-0.0304403485	0.02081166	-0.0521051598	-0.0362619711	-0.0650971052	0.0499408472	-0.0986946847	-0.0259424663	0.0408792776	-0.058645483	-0.0445337349	-0.0649708138	0.0011949111	0.0632699305	-0.0912558111	0.0666271694	-0.0035839144	0.0110895411843756	0.007460612520731	0.0001229779236799	5.566073918448817e-05	0.0546750339996293	0.0365191191834668	0.0029893593428606	0.0013336460659362	0.1354330371107082	0.0643206157589376	0.0041371416116088	0.0183421075410304	-0.0179410708935297	-1.6083512519800974e-05	0.0003218820248066	2.586793749745947e-10	-0.0013850118678067	8.021504179660005e-05	1.918257873965404e-06	6.434452930430293e-09	-0.0015720512790554	0.0004247451756488	2.471345223979719e-06	1.8040846423693002e-07	0.0	0.0	0.0	0.0	0.0	0.0	0.0	0.0	0.0	0.0
2093.475007402524	-10.487850978170172	109.99501814030504	4382637.606618999	2865.5980681459346	-32.74458468317289	8211652.288161713	1072.2078260734806	2427.9219198960523	-24.29577754094089	590.2848063188877	5894804.849111732	2545.65113984279	2064.2888177793625	1.050279	22.140041	0.1622215755149647	0.0612436061847181	0.0465506918	-0.0253274077	0.0473208143	0.0429734587	-0.059158742	0.0269146801	-0.0817968643	-0.0532078031	0.0665420281	-0.1232688561	-0.06080572	-0.0583542276	-0.0951520527	0.0077733908	0.009494645	0.0669013953	-0.1038842477	0.0859268993	-0.0226124315	-0.0323507067	0.1038488923	0.0428109316	-0.1024370365	0.0533392754	0.0136510842	0.0923516978	0.0576121501	-0.0301328124	-0.0940208577	0.0317331553	-0.01471633	0.026267741	0.0767329376	0.0503489305	0.0295498575	-0.0513017838	-0.0210996962	0.0981439083	0.1243722555	0.0580998608	0.0477355958	0.0685760673	-0.0049756866	-0.0338311472	-0.0181461378	0.0247507284	-0.0556533989	-0.0947966695	-0.0323743146	-0.0870558355	-0.002419866	-0.0090027189	-0.0441565515	-0.0139473568	-0.0073036181	-0.0004303991	-0.0447038654	0.1357248557	-0.0039832201	0.0029706844	-0.0658046293	0.0035839144	0.060637674	-0.0910056853	0.0705658771	-0.0107296473	-0.0055053091705872	-0.0165948503549628	3.030842906375152e-05	0.0002753890583036	0.0180062934959721	-0.0366687405036572	0.000324226605463	0.0013445965301245	0.0986222042627886	-0.0368108328479196	0.0013550374149574	0.0097263391736511	-0.0172175566791835	0.0007235142143462	0.0002964442580008	5.23472818361002e-07	-0.0017344132050793	-0.0003494013372726	3.00818916595345e-06	1.2208129448788124e-07	-0.0019420787636051	-0.0003700274845497	3.771669924045914e-06	1.369203393221785e-07	0.0	0.0	0.0	0.0	0.0	0.0	0.0	0.0	0.0	0.0
2101.750031278631	8.275023876106843	68.47602015013832	4417353.193979726	2889.512671921781	23.914603775846444	8349283.48119655	571.908273755729	2453.111353947566	25.189434051513672	634.5075878355565	6017755.31486646	2563.583632110671	2084.2804024679617	1.166775	24.595808	0.1673643188170245	0.0761513803100169	0.0167877349	0.0330095203	0.0189707301	0.0858854888	-0.1771430441	0.0145445718	0.05504349	0.0515736276	0.1023002769	-0.0374192606	-0.0173361419	0.1260846026	0.0591508954	-0.0782916252	-0.0361133115	-0.0073793739	0.0711328392	0.0843516638	0.0185049344	0.128524567	0.0418790049	0.0655627371	-0.1894187267	0.058560313	-0.0145449123	0.0839908673	-0.0966101637	0.0635967871	0.0440001366	-0.0840203048	-0.0616872202	0.0107443691	0.1157954319	0.0829512166	0.075233416	0.0419468279	-0.0707875782	0.2012167527	-0.1030417266	0.0099183552	-0.0609736962	0.0672545597	-0.0816342638	0.0079564171	0.0438033606	0.0282550798	-0.03527472	0.0011401801	-0.0806645194	0.0250318105	0.0717255581	-0.020413802	0.0088230023	0.0343271999	0.0699395975	-0.1124651869	-0.0284428407	-0.0300192342	-0.050418406	0.0074961717	-0.0666271694	0.0059704615	0.0579119187	-0.0905061192	0.0742024108	-0.0178092284	0.019428680744042	0.0249339899146292	0.0003774736354539	0.0006217038530628	0.0338439745482759	0.0158376810523038	0.0011454146132243	0.0002508321411145	0.1517095516381701	0.0530873473753815	0.0028182664513544	0.0230157880582545	-0.0182435069590717	-0.0010259502798882	0.0003328255461656	1.0525739768026771e-06	-0.0013880108791108	0.0003464023259685	1.926574200529936e-06	1.1999457143638694e-07	-0.0020398321672426	-9.775340363750006e-05	4.160915270517643e-06	9.555727922716011e-09	0.0	0.0	0.0	0.0	0.0	0.0	0.0	0.0	0.0	0.0
2096.370532171796	-5.379499106834828	28.939010640436717	4394769.40815826	2884.944680219639	-4.567991702142081	8322905.807927594	20.866548190838905	2446.4719654963565	-6.63938845120947	44.08147900605368	5985225.0779596055	2556.641748676722	2028.3805448744035	1.326147	27.955393	0.0879219765860774	0.0452590109238031	-0.0199103631	0.0499756546	-0.0769102687	0.0230576639	-0.0416926108	-0.0193341338	0.0065562515	0.0960645763	-0.0463832355	-0.0861862237	-0.0601477324	0.0834847354	-0.034930213	0.0651576009	-0.1015494831	-0.038086168	0.0105049724	0.0780798519	0.1234702261	0.1782377231	-0.1475055291	-0.0893319065	0.0182907174	-0.0316405225	0.0479183522	0.1372029399	-0.0868824374	0.03175585	-0.0262377911	0.0661496122	-0.1110674052	-0.0644197567	0.0723345876	0.0427636517	-0.0822632657	-0.0073885032	-0.049496841	0.1703191871	0.0507479067	1.75443e-05	0.1190393225	0.0152144953	-0.0590407528	-0.0453544902	0.1028612547	-0.1214229254	0.1502510934	-0.0206246879	-0.189694835	0.2771653131	-0.0368181071	0.0091407113	0.0739213571	-0.0059344751	0.0779887203	-0.0459981196	-0.0503652042	0.0630152253	-0.1037553379	-0.0777731503	-0.0674382934	0.0083529168	0.0550968674	-0.0897584821	0.0775211985	-0.0247790096	0.0159019492539016	-0.0035267314901403	0.0002528719900736	1.2437835003547917e-05	0.0327318333784489	-0.001112141169827	0.0010713729163145	1.2368579816241762e-06	0.13192732402225	-0.0197822276159201	0.000391336529448	0.0174048188236717	-0.0176727634378201	0.0005707435212515	0.0003123265675291	3.2574816705067495e-07	-0.0009316980704978	0.000456312808613	8.680612945693234e-07	2.0822137930428446e-07	-0.0017968709709034	0.0002429611963391	3.228745286075328e-06	5.903014292657528e-08	0.0	0.0	0.0	0.0	0.0	0.0	0.0	0.0	0.0	0.0
2093.565860801763	-2.8046713700332475	7.866181493884174	4383018.013514627	2879.180088066056	-5.764592153582726	8289677.979516063	33.23052269714753	2440.406132037823	-6.065833458533234	36.79433554666126	5955582.089287809	2557.693544280031	2056.022273191932	1.250859	26.368313	0.1067843425095831	0.0552505782480545	0.0157540641	0.0293048648	-0.0802505658	-0.021125506	-0.0752823872	0.0074514028	-0.0338978124	0.030345314	-0.0489050255	0.0242599169	0.0333986123	0.0334432846	0.0280975762	-0.0837787137	-0.0800093365	-0.0478046138	-0.0219904357	0.0424732524	-0.0100512835	0.0053202244	-0.1503345869	0.0379527702	-0.0038944779	-0.0481524208	0.0149156285	-0.0366778536	-0.0150119508	0.0218026276	0.0270047208	-0.0910743438	-0.0976216433	-0.0581563802	0.0108040203	0.0666300533	-0.0503596276	0.0042464161	-0.0435365946	0.1478989274	0.0443992032	0.0327671226	-0.0770874677	0.0437955848	-0.0359475503	0.0037071764	-0.0012103133	-0.0507988775	0.0357099549	0.0459357881	-0.0229215324	-0.0515868794	0.1097253153	-0.0426513437	0.0006250572	0.0400006694	0.0046109532	-0.0985242459	0.022845729	0.0532079511	0.0359845226	0.0046350784	-0.0682378621	0.0107296473	0.0521968607	-0.0887648233	0.0805080284	-0.0315960199	0.0159535383726279	5.1589118726300814e-05	0.0002545153866069	2.661437170956361e-09	0.0336165782249082	0.0008847448464592	0.0011300743315513	7.827734433362873e-07	0.1054654434031974	-0.0264618806190525	0.0007002311258969	0.011122959752233	-0.0181982146401885	-0.0005254512023683	0.0003311750160903	2.760989660703968e-07	-0.001401886949232	-0.0004701888787342	1.9652870184270043e-06	2.210775816853243e-07	-0.0023889534483077	-0.0005920824774043	5.707098578181251e-06	3.505616600492134e-07	0.0	0.0	0.0	0.0	0.0	0.0	0.0	0.0	0.0	0.0
2111.0412395604108	17.47537875864782	305.3888627581995	4456495.115124756	2944.9690986678984	65.78901060184216	8672842.992108814	4328.193915969301	2438.006227933444	-2.3999041043794023	5.759539710217101	5943874.36744226	2591.089622553795	2089.94745774297	1.590458	33.527115	0.8622362044542027	0.5563184003027042	0.0329733686	0.0781007366	0.0264325721	-0.0780801407	0.0147801849	0.2711527226	0.1883278331	-0.1707423236	-0.1351841737	-0.0216084416	0.0761313491	-0.0122881253	0.040978021	0.0310221689	0.0613440589	-0.1289891953	0.1907825479	-0.1918985072	0.2413325273	-0.0948040131	0.1600797423	0.0504717959	0.0021818018	-0.1631410325	0.0492899952	0.1533930241	0.1511384088	0.2717739364	0.0597789094	-0.029932909	-0.011882493	0.3018753237	0.0423062372	-0.0580952163	-0.2638041694	0.1763719739	0.1350975011	-0.1342707489	-0.2171365346	-0.0374509542	0.0328459429	-0.0809362196	-0.001485731	-0.062077686	0.0043407028	-0.1013628896	-0.0175774567	-0.0428194755	-0.1000834802	-0.0067530783	0.3590029668	-0.208122359	0.0006115913	-0.273477325	-0.099195741	0.212081877	-0.1129966859	-0.0599895702	0.4339464868	0.1300864834	-0.0690257386	0.0130990243	0.0492163702	-0.0875278662	0.0831501106	-0.0382182304	0.0212214893284965	0.0052679509558686	0.0004503516093194	2.775130727343689e-05	-0.0358346500159143	-0.0694512282408225	0.001284122141763	0.0048234731041588	-0.1929233864522928	-0.2983888298554902	0.0890358937825286	0.0372194330402207	-0.0257358322952809	-0.0075376176550924	0.0006623330639308	5.681567991436066e-05	3.788096658552398e-05	0.0014397679158175	1.434967629453584e-09	2.072931651417537e-06	-0.0015837751111772	0.0008051783371305	2.5083436027843523e-06	6.483121545842373e-07	0.0	0.0	0.0	0.0	0.0	1.0	0.0	0.0	0.0	0.0
2103.7845529112315	-7.256686649179301	52.65950112437711	4425909.445067911	2887.6999127964773	-57.26918587142109	8338810.786364783	3279.7596503753766	2438.0676964979907	0.0614685645468853	0.0037783844274546	5944174.092707018	2552.32731969585	2057.458631825029	1.396761	29.443935	0.2049594220715478	0.0837609392594152	0.0684362847	0.0192939611	0.0593824882	-0.075382608	0.1169606596	0.0403849041	-0.0153681034	-0.0113191366	-0.0109501806	0.0916401144	-0.0218306665	0.0154507254	-0.0494349004	-0.0620584582	0.0816276375	-0.105817354	0.0946030643	-0.0493372849	-0.0406533174	0.0365352111	0.0155835767	0.0495082815	0.1462140725	-0.0959030089	-0.0104045441	-0.0076124622	0.0123683392	0.0121018277	-0.0713454934	-0.0714799164	0.0889579424	-0.0200001738	-0.0512567538	-0.073166542	0.066815693	0.0131784491	0.1414589833	-0.116786483	-0.0984797109	0.084119121	-0.0204742965	-0.1137260277	-0.0518446796	-0.0226545066	0.0909798345	-0.0582750848	-0.0717147464	-0.0072662538	0.0595337209	0.0338684493	-0.0071700065	0.0233748043	-0.0200101001	0.200711655	0.0157235351	-0.0865665105	0.0275309352	0.0871420271	-0.1325182579	-0.0315012177	-0.0698017879	0.0154594239	0.0461599916	-0.0860510014	0.0854361313	-0.0446048127	0.0021006397416272	-0.0191208495868693	4.412687324103589e-06	0.0003656068889236	0.0121851805235309	0.0480198305394451	0.000148478624391	0.002305904125037	-0.1495875696359974	0.0433358168162953	0.0018779930191355	0.0223764409896043	-0.0267222392517415	-0.0009864069564606	0.0007140780706273	9.729986837538649e-07	-1.5995144278635465e-05	-5.387611086415944e-05	2.5584464049436486e-10	2.902635321847199e-09	-0.0024331505464312	-0.000849375435254	5.920221581598447e-06	7.21438630012922e-07	0.0	0.0	0.0	0.0	0.0	0.0	0.0	0.0	0.0	0.0
2096.2320459946163	-7.55250691661513	57.04036072551938	4394188.790654776	2884.723441300992	-2.9764714954853844	8321629.332791437	8.859382563437	2433.018629220816	-5.0490672771748	25.493080369437344	5919579.650135539	2544.871087451532	2042.634590427778	0.899378	18.959028	0.1304439121223494	0.069037985410055	0.0962118596	0.0274179562	0.1006205621	-0.0391973565	0.1470042852	-0.048818572	0.0578536678	-0.0822024664	-0.0023183376	0.0427724511	-0.1312976236	0.0096901945	0.0555006037	0.0523991866	0.0649310297	-0.1246857083	0.0043998474	0.0542965703	0.0459398545	-0.0450117439	-0.0654059959	0.038011313	0.0226281297	0.002015315	-0.0813688156	-0.0530127817	-0.0341467737	-0.0212176649	0.0540058575	0.0548942164	0.1338548513	0.0174224758	0.0005667713	-0.0581233793	-0.0079299712	0.0172302358	0.1814826321	-0.096616178	-0.0615221477	-0.0620093173	-0.0072554977	-0.1336881252	-0.1092286939	0.0420064183	0.1063559832	-0.0162925845	-0.0583827872	-0.0644300636	0.1217121189	0.0690338927	-0.0234543464	0.0131627666	0.001017107	-0.0103795375	0.1086229059	-0.0431294974	0.0007863627	0.0703099443	-0.1536228792	-0.0889347873	-0.0705658771	0.0178092284	0.0430324377	-0.0843382767	0.0873563013	-0.0507163915	0.0176137503742808	0.0155131106326536	0.0003102442022474	0.0002406566015009	0.005846283422457	-0.0063388971010739	3.417902985569553e-05	4.018161645800309e-05	-0.1713449442634527	-0.0217573746274553	0.0004733833506794	0.0293590899246457	-0.0274414328553254	-0.0007191936035838	0.0007530322371533	5.172394394359931e-07	0.000910301165018	0.0009262963092966	8.286482110331281e-07	8.580248526165681e-07	-0.0023419498640884	9.120068234279992e-05	5.484729165903676e-06	8.3175644597923e-09	0.0	0.0	0.0	0.0	0.0	0.0	0.0	0.0	0.0	0.0
2092.862285290601	-3.3697607040153343	11.355287202325922	4380072.5451917965	2879.701312219312	-5.02212908167985	8292679.647597628	25.22178051305449	2424.093477982741	-8.925151238074704	79.65832462250643	5876229.189998463	2544.252204163947	2069.515553056148	0.930557	19.616297	0.1524253827067377	0.0706766156138884	0.0688031217	0.0553510141	0.0887418109	0.0840978442	0.1747319757	0.0516580498	-0.0482498302	-0.0007727939	0.0288313669	0.0172796608	-0.1865799884	-0.0712738893	-0.0917561897	-0.0327222201	0.1257610942	-0.0901893528	-0.0597801779	-0.0498235964	-0.0059235837	0.0493328588	0.0715695754	0.1454681678	0.0898789004	-0.0343789912	0.0538327842	-0.1209077182	0.0953765736	-0.0119190678	-0.1046735685	-0.0176730237	0.1119392546	-0.0407624499	0.0343027949	-0.0023671193	0.0044237454	0.0199022295	0.1840168607	-0.1390690598	-0.0091037567	0.0687888556	-0.0021693871	-0.0733190636	-0.0508120176	0.0324597628	0.0910261257	0.0470392844	0.0405226514	-0.0978104158	-0.0053703938	-0.025835422	-0.0081443315	0.0472201804	-0.0057356237	0.0600469389	-0.0050825258	0.0027363613	-0.0391662881	0.0730639946	0.0169260225	0.0115636059	-0.0713178751	0.0201468273	0.0398385309	-0.0823943867	0.0889023983	-0.0565152869	0.0145535974389616	-0.0030601529353192	0.0002118071984153	9.36453598754273e-06	-0.0141478302524831	-0.0199941136749401	0.000200161100853	0.0003997645816464	-0.2223223177465811	-0.0509773734831283	0.0025986926072383	0.0494272129682117	-0.0267620431021973	0.0006793897531281	0.0007162069510038	4.615704366554615e-07	0.0001600102604739	-0.0007502909045441	2.5603283456925324e-08	5.629364414416038e-07	-0.0022037556694936	0.0001381941945948	4.8565390508251846e-06	1.909763541970552e-08	0.0	0.0	0.0	0.0	0.0	0.0	0.0	0.0	0.0	0.0
2090.241596423755	-2.6206888668461943	6.86801013681159	4369109.931420127	2875.592242029613	-4.109070189699196	8269030.742420896	16.884457823874587	2421.2236087505635	-2.8698692321777344	8.236149409800419	5862323.763571101	2538.98389691627	2059.7132529097	0.9571400000000002	20.176668	0.1260844384152353	0.0797824106310185	0.0375260741	0.0692235806	-0.0390881627	0.0418922371	0.129250315	-0.0335559297	-0.0349848545	0.0959828196	-0.0326610893	0.1067583328	-0.0873751521	-0.081063009	0.1150341357	0.0062050715	0.0495662487	0.0052224764	-0.1708341275	-0.1136984221	0.0346655933	0.0325030733	-0.1018788582	-0.0473982394	0.0647381277	-0.0834474511	-0.1118612993	0.0313987336	0.036482238	-0.0732703641	0.1233398777	0.0044365093	0.0466410571	-0.1351034675	-0.0152440302	-0.0380005662	-0.0649368521	-0.0567664753	0.1278399855	-0.1014212782	-0.0529429333	-0.0537441506	-0.060094369	-0.0789073711	-0.0205747835	-0.0104233356	0.0566091462	0.0061175152	0.0874379846	-0.0091854864	0.0523993433	-0.0101121408	0.0173407675	0.0098828155	-0.0118124593	-0.053167105	0.0216309837	-0.0562878255	0.0336941591	-0.0731697246	-0.0541456646	0.0349275384	-0.0720576532	0.0224706185	0.036583196	-0.0802246594	0.0900678015	-0.0619657467	0.0134580090140445	-0.001095588424917	0.0001811180066221	1.200313996812331e-06	-0.0196997439828976	-0.0055519137304144	0.0003880799129917	3.082374606996503e-05	-0.1666009601876581	0.0557213575589229	0.0031048696882093	0.0277558799354496	-0.0258138070035	0.0009482360986972	0.0006663526320139	8.991516988726728e-07	7.709024735458314e-05	-8.292001311931686e-05	5.9429062371908135e-09	6.875728575707681e-09	-0.0024469111316966	-0.000243155462203	5.987374086420736e-06	5.912457879915475e-08	0.0	0.0	0.0	0.0	0.0	0.0	0.0	0.0	0.0	0.0
2095.125187137528	4.883590713773174	23.849458259651577	4389549.549778062	2901.6357356088606	26.04349357924775	8419489.942162374	678.2635578123188	2434.4176072340747	13.193998483511225	174.08159598289643	5926389.086411278	2566.4293449083184	2065.252377560264	1.079466	22.755304	0.2402959709195027	0.1377634161976839	0.0438316009	0.0554449569	0.0629785839	-0.0485905687	0.1765857606	0.1479782712	-0.0463828312	0.0624259785	0.033132516	0.1176070573	0.0507948218	0.0303770047	-0.0651890651	0.0160311183	0.1753570846	-0.1380489741	0.0582054508	-0.0331410992	0.0026367875	0.0462195282	0.0130830356	0.1365004441	-0.0570751356	0.0560165434	0.0829823757	-0.0375036299	0.1157782137	0.1493316399	-0.0758245756	0.0142441975	0.138945865	-0.1214330209	-0.066702871	0.0419054006	0.0320208793	-0.0017798232	0.1486446692	-0.1301806328	-0.1272445682	0.0504390109	0.0389024508	0.0139449453	-0.0277016654	0.0485095882	-0.01404451	-0.0780669708	0.0188946533	0.0034150661	-0.0434530554	-0.0677673494	-0.0394528646	0.0947520909	-0.150975677	0.1093042516	-0.0956467372	-0.0518857624	-0.0570483997	-0.0665090486	-0.2113148656	-0.0147192346	-0.0727850846	0.0247790096	0.0332714524	-0.0778350419	0.0908475206	-0.0670341672	0.0240332577187274	0.0105752487046829	0.0005775974765747	0.0001118358851658	-0.0468513448123957	-0.0271516008294981	0.0021950485107299	0.0007372094276044	-0.281994368481854	-0.1153934082941958	0.0133156386777509	0.0795208238554796	-0.025822720153843	-8.91315034300122e-06	0.0006668128761436	7.944424903694274e-11	0.0003909915518383	0.0003139013044837	1.5287439360892205e-07	9.85340289565791e-08	-0.0038676109386924	-0.0014206998069957	1.4958414373093106e-05	2.0183879415979026e-06	0.0	0.0	0.0	0.0	0.0	0.0	0.0	0.0	0.0	0.0
2090.32190685318	-4.803280284348148	23.071501490007623	4369445.674270314	2890.77442612334	-10.86130948552045	8356576.782728727	117.96804374025652	2429.3302166278545	-5.087390606220197	25.881543180257506	5901645.301421138	2543.112318334181	2046.775320755808	1.238653	26.111	0.3827175721712886	0.2120264894841396	0.0619019396	-0.0208380121	0.0798268476	0.0058364087	0.0754266449	-0.0196494205	0.1262964717	-0.0090907046	0.1253239218	0.0461329073	0.0492434934	-0.0208471542	0.059580823	-0.0561422274	-0.0026969978	-0.070198496	-0.063717576	0.0146517689	0.0397760209	-0.0399358471	0.0160420993	0.0043033115	-0.0586124572	-0.039158617	-0.0314079437	0.1649386213	-0.046156039	-0.0486512395	0.0573441142	-0.0621252325	0.0852455025	0.0081992313	0.059943313	-0.2346058191	-0.0049201814	0.0347015327	0.089768313	-0.049061626	0.0379303663	-0.010462867	-0.0759606555	-0.0953505788	-0.0622864166	0.038200251	0.0792427325	0.0851031071	-0.0169385064	-0.0156075715	0.0773913782	0.0189976769	-0.0632662846	0.014952513	-0.0393671671	-0.010925354	0.0619379541	-0.0365184029	-0.0113132384	-0.0806915057	-0.032453718	0.0501926257	-0.0735000446	0.0270704183	0.0299084066	-0.075232084	0.0912382167	-0.0716892996	0.0524132459351562	0.0283799882164288	0.0027471483494591	0.0008054237311646	-0.0036955555663524	0.0431557892460433	1.3657130943998208e-05	0.0018624221454489	-0.1034565998036924	0.1785377686781616	0.0318757348445767	0.0107032680429413	-0.0257258318076688	9.688834617420024e-05	0.0006618184221964	9.387351624371664e-09	-0.0010468097721032	-0.0014378013239415	1.0958106989707536e-06	2.06727264712793e-06	-0.002749420088195	0.0011181908504973	7.559310821370202e-06	1.2503507781360982e-06	0.0	0.0	0.0	0.0	0.0	0.0	0.0	0.0	0.0	0.0
2086.564728032572	-3.757178820607805	14.11639269002386	4353752.364269641	2869.4936596533494	-21.280766469990795	8233993.862790772	452.87102155028447	2421.3153434166543	-8.01487321120021	64.23819259161478	5862767.992264911	2539.643940393696	2049.9111559237654	1.027433	21.658442	0.1025620454365398	0.0563150477705876	0.0161106107	0.0523253738	-0.0388027516	0.0600024128	0.10213723	-0.0294339266	-0.0310320758	0.0680383533	-0.0090015687	0.0110283183	-0.0249351406	-0.069642315	0.000685083	0.0801483098	0.0419001807	0.0252509211	-0.0534325383	-0.0419107855	0.0390358001	0.0485949032	-0.1389110684	-0.0128136219	0.0314237467	-0.0296411037	0.0179382283	0.1101654856	0.0381534279	-0.0539792085	-0.000720827	0.0989663443	0.0331014128	-0.0869663229	-0.0171057328	-0.0162291543	-0.0448769899	0.0249294002	0.0971347912	-0.0941105629	-0.0056844144	-0.021278589	0.0505187103	-0.0908342356	0.0074757273	-0.0624531276	0.1115259238	0.0300147493	0.0418801041	0.0416349968	0.0342874223	-0.0419244353	0.0103034217	0.0223681792	0.0059021038	-0.0839647944	-0.0561866083	0.0333747064	-0.0527177882	0.0086852438	-0.0291511656	0.0704663066	-0.0742024108	0.0293432743	0.0264992443	-0.0724229201	0.0912382167	-0.0759024438	0.0364539305660684	-0.0159593153690877	0.0013288890537157	0.00025469974705	-0.0126201432519508	-0.0089245876855984	0.0001592680156997	7.964826535793461e-05	-0.1002673484316787	0.0031892513720137	1.0171324313891278e-05	0.0100535411615196	-0.0264045152838997	-0.0006786834762308	0.0006971984273776	4.606112609088557e-07	-0.0008530019975385	0.0001938077745647	7.276124078046712e-07	3.756145348172161e-08	-0.0021321335187938	0.0006172865694012	4.545993341964032e-06	3.810427087631026e-07	0.0	0.0	0.0	0.0	0.0	0.0	0.0	0.0	0.0	0.0
2092.0447598100614	5.48003177748933	30.030748282292866	4376651.277048738	2877.8746867836594	8.38102713031003	8282162.712830146	70.2416157589928	2426.051707634559	4.736364217904793	22.43314600464888	5885726.88811656	2543.7992070828373	2062.2481954028035	0.988626	20.840385	0.1026162698742163	0.0599353128584483	0.0094529004	0.0005786137	0.0074366593	-0.0764446847	9.6276e-06	0.0043597871	-0.0211653975	-0.0297201195	-0.0086652907	0.1149576308	0.0439763692	-0.0254258552	-0.0412075863	-0.0710795693	0.1569776137	0.097246802	0.0857536178	-0.0354050541	0.0283133527	-0.0292090426	0.0189510536	-0.05174779	0.060920203	-0.0487314522	-0.0714315156	0.036087918	0.0349156178	-0.0174558687	-0.0587184109	-0.0773135633	0.1392224848	0.0331115637	-0.1096824365	0.0371264388	0.0683912916	0.0235942675	0.041484617	-0.0751855648	-0.0700455189	0.0655296265	-0.0558817908	-0.067711485	0.0234429281	-0.0714566366	0.0247215852	-0.0414931271	-0.0812840005	0.0322043892	-0.0173740694	-0.0185327154	0.0256207412	-0.0160057437	0.0153804572	0.1183083874	0.0312087911	-0.0091185805	0.0322156494	-0.0249492081	0.0572998509	-0.0078514859	-0.0748920628	0.0315960199	0.0230492221	-0.06941525	0.0908475206	-0.0796476241	0.0531071602859469	0.0166532297198784	0.0028203704736372	0.000277330060103	-0.0199166535073374	-0.0072965102553866	0.0003966730869313	5.323906190696183e-05	-0.1020003874865551	-0.0017330390548764	3.003424365726888e-06	0.0104040790474073	-0.0254906837536106	0.000913831530289	0.0006497749582265	8.350880657505141e-07	-0.0013669583658622	-0.0005139563683237	1.8685751740006564e-06	2.641511485404869e-07	-0.0020212516005251	0.0001108819182686	4.085458032625278e-06	1.2294799798946661e-08	0.0	0.0	0.0	0.0	0.0	0.0	0.0	0.0	0.0	0.0
2088.389607030921	-3.655152779140281	13.360141838856917	4361371.150754765	2884.900764511017	7.02607772735746	8322652.421076249	49.365768230868575	2426.7726340660683	0.7209264315092696	0.5197349196486896	5889225.417451964	2536.930702003273	2050.1579982913727	1.057472	22.291683	0.1491609650340045	0.0692341602853888	0.0318987549	0.0061877864	0.0546564853	0.0592064136	0.059900441	-0.0499562996	0.0703148087	-0.0070155737	0.0294900234	-0.042373271	-0.0599660559	0.0065080644	0.0107729338	0.0800607573	0.1119020837	0.0064457679	0.0065880854	0.1022450157	-0.0103623166	-0.0640198421	-0.0423947637	-0.0704197796	-0.0145127289	-0.0437429882	0.0030292751	-0.0390732767	-0.044935107	-0.0374354803	0.0162607648	0.095370827	0.1271155417	0.0111983608	0.025523993	-0.0246386591	0.044585082	0.1457651827	0.0695113	-0.0470208349	0.0161832424	-0.0746328719	0.0162934335	-0.0633193062	-0.0402861039	0.034812591	0.0526132014	0.0869414559	0.0231245094	-0.0329071998	0.0921335078	0.0499766483	-0.0405890112	0.0086494696	0.0251568833	-0.0841402094	0.0325426646	0.0298510514	0.0279075693	0.0206122476	-0.0625646757	-0.0408849676	-0.0755688824	0.0338271112	0.0195636596	-0.0662173176	0.0900678015	-0.0829017503	0.0363306922854462	-0.0167764680005007	0.0013199192019397	0.0002814498785718	0.0117505477259953	0.0316672012333327	0.0001380753718608	0.0010028116339523	-0.1347451006473363	-0.0327447131607812	0.0010722162399818	0.0181562421484607	-0.0258719462272798	-0.0003812624736691	0.0006693576015872	1.4536107382835584e-07	-0.0005718176870654	0.0007951406787968	3.269754672408237e-07	6.32248699077436e-07	-0.0018382031002033	0.0001830485003218	3.378990637597023e-06	3.3506753470060075e-08	0.0	0.0	0.0	0.0	0.0	0.0	0.0	0.0	0.0	0.0
2085.268809767611	-3.1207972633101235	9.739375558683957	4348346.008989628	2859.142839443184	-25.75792506783273	8174697.776339233	663.4707038000857	2420.610531440148	-6.162102625920397	37.97150877237505	5859355.344918955	2531.2980612115134	2036.4970652708528	0.95363	20.102663	0.0911829230515245	0.04784987842415	0.0069334255	0.0367678141	-0.0618503985	0.0182894817	0.0762165256	-0.043590713	-0.041782318	0.0061694368	-0.0417558125	0.016267035	-0.070954515	-0.0581124017	-0.0736279178	-0.0409398808	0.0624625503	0.0811549968	-0.0442936698	-0.046864095	0.0325761871	-0.0478742944	0.0008884834	0.0052240745	0.1342883882	-0.1002946096	-0.0629574086	-0.0378707507	0.0124138295	-0.0858870631	-0.060742885	-0.036873531	0.0396013959	-0.0303908246	-0.0431632653	0.0364460978	-0.0406990732	0.0174166856	0.0566173162	-0.0577081083	0.0585909439	0.0681819439	-0.0198589799	-0.0592838722	0.0012115094	0.0031408121	0.0525145042	0.021543449	0.0516932395	0.0163460627	0.0452491831	-0.0206948916	0.0139927554	0.0511221048	0.0686350301	0.0896275714	0.0096399548	0.0140450207	0.04469055	0.0909711065	0.0606599789	-0.031907064	-0.0762327537	0.0360350191	0.0160479313	-0.0628378881	0.0889023983	-0.0856447597	0.0379042870171417	0.0015735947316955	0.0014367349742778	2.476200379619834e-06	-0.007626119821694	-0.0193766675476893	5.815770353483413e-05	0.0003754552452536	-0.1242997347599015	0.0104453658874348	0.0001091056685223	0.0154504240613818	-0.0256892542726092	0.0001826919546705	0.0006599377850827	3.337635030136392e-08	-0.0013222418222034	-0.000750424135138	1.7483234363837677e-06	5.631363825976153e-07	-0.0021008329080888	-0.0002626298078854	4.413498907708844e-06	6.89744159899746e-08	0.0	0.0	0.0	0.0	0.0	0.0	0.0	0.0	0.0	0.0
2093.152154003892	7.883344236281118	62.14711634770673	4381285.939811133	2878.1060484012446	18.96320895806048	8283494.425843827	359.6032939870651	2426.031695145827	5.421163705679192	29.389015923773343	5885629.785852135	2541.042898417105	2054.716812446104	0.917745	19.346218	0.1002233837428702	0.0612022073290308	0.0020585443	0.0159317452	-0.0100194585	-0.0737661736	0.0273251115	-0.0247109925	0.0095932988	-0.0471676548	-0.0610123644	0.0622839289	0.0002779508	-0.0333403375	0.0717401605	-0.0027502124	0.0443565069	0.0027233679	0.1564058567	-0.012664203	0.1770355996	-0.1283753258	0.0547196215	-0.0616481201	-0.0454429577	0.0968601601	0.0494558336	0.0350917787	0.0205833245	-0.0279850831	0.0718254341	-0.0090135631	0.0674893362	0.0667724008	-0.0889509309	0.0163612295	-0.0525311434	0.0828357745	0.0512351857	-0.0623370804	-0.0654577777	-0.0779150994	-0.0395715878	-0.0733277985	0.0187581011	-0.03861476	0.0012682087	-0.0369367991	-0.0217543596	0.0768048711	0.0174316901	-0.0104093112	0.0011107127	-0.0424695667	-0.0068686315	-0.0625711467	-0.0025591055	-0.0213201708	0.121681983	-0.051450704	-0.0305400761	-0.0190436654	-0.0768835629	0.0382182304	0.0125074584	-0.0592862243	0.0873563013	-0.0878597406	0.0465249221043251	0.0086206350871834	0.0021645683768135	7.431534930637756e-05	-0.0066357849777887	0.0009903348439052	4.403364227144618e-05	9.80763103052934e-07	-0.1429911260660432	-0.0186913913061416	0.0003493681089593	0.020446462133635	-0.0266689947073369	-0.0009797404347276	0.0007112352786999	9.598913194404189e-07	-0.0014659535154097	-0.0001437116932063	2.1490197093420576e-06	2.0653050764221695e-08	-0.00178586458591	0.0003149683221787	3.189312319207496e-06	9.920504397612825e-08	0.0	0.0	0.0	0.0	0.0	0.0	0.0	0.0	0.0	0.0
2092.413952471012	-0.7382015328798843	0.5449415031462109	4378196.148495363	2882.424075189465	4.3180267882203225	8308368.549231842	18.645355343788317	2428.0833493746245	2.0516542287973607	4.209285074542093	5895588.751510295	2540.915531842656	2049.189887576633	0.922413	19.444618	0.2032390984702243	0.1206947497787465	0.0175090159	-0.0399664722	0.0505441799	-0.0615524203	-0.0416467535	-0.0488381676	0.0829111669	-0.0470008202	0.0518226896	-0.0702004098	-0.0077043714	0.007335238	-0.0552987855	0.0302257736	-0.0666348679	0.0041857682	-0.0782668275	0.0118094746	-0.0631263359	-0.0140391084	0.1533997087	0.0366515016	0.0081480645	-0.0610729693	0.0869346466	0.0735961584	-0.0466015062	-0.0221667876	-0.0644979392	0.028053798	-0.0097886052	0.0722580706	0.0712927873	-0.0989492643	0.0019090521	-0.0448684675	-0.0005081508	-0.0281091232	0.0118221837	0.0472735262	0.0682489832	-0.0438715121	-0.0086309566	-0.0219688258	0.0390293012	0.0484499544	-0.1046264372	-0.0375940536	0.057958499	0.0637646418	-0.0301484488	-0.0038855791	0.0247564031	0.0704635325	0.0210625673	0.104408919	-0.0296818795	0.0729194594	-0.0003657026	-0.0709383875	-0.0775211985	0.0403752488	0.0089476998	-0.0555720611	0.0854361313	-0.089533037	0.0434666112667088	-0.0030583108376162	0.0018893462950111	9.353265179481298e-06	0.0307780946690456	0.0374138796468343	0.0009472911114567	0.0013997983902278	-0.0842508192968694	0.0587403067691738	0.0034504236393366	0.0070982005521937	-0.0252134619188738	0.001455532788463	0.0006357186619344	2.118575698291165e-06	-0.0009920534214109	0.0004739000939988	9.841699909330729e-07	2.2458129909207155e-07	-0.0016347654440399	0.0001510991418701	2.6724580570269717e-06	2.283095067388064e-08	0.0	0.0	0.0	0.0	0.0	0.0	0.0	0.0	0.0	0.0
2085.048231348254	-7.365721122758259	54.25384765824719	4347426.127048482	2867.88150846744	-14.54256672202473	8224744.346609481	211.48624686454116	2418.99711726262	-9.086232112004382	82.5596139932196	5851547.053324866	2533.6632194050408	2073.963771931609	1.083648	22.843473	0.090407459610788	0.0382564351985092	-0.0142097129	0.0148243317	-0.0206278495	0.0903080172	0.0544819466	0.0065931354	-0.0929767634	0.1217066452	0.0083799686	0.0307607723	-0.0164765831	-0.061395896	0.0845804899	-0.0352083772	-0.0638962307	0.079984202	-0.1355813696	-0.1142041224	-0.0028822254	0.0261658888	-0.059516472	-0.0533224476	0.0265182685	-0.1287349281	-0.0761479865	-0.0326381454	0.0289870917	-0.0715159224	0.0865678932	-0.0356828734	-0.0956685085	-0.0986082359	0.0283108864	0.0115158503	-0.0158194652	-0.0966848832	0.0058911112	-0.0252993198	0.0473569158	-0.0580144707	-0.0784768934	-0.0532219543	0.0298211826	-0.0351422396	0.0495030128	0.0677791023	0.0586359961	0.0196872361	0.0253308291	0.0094076222	-0.0083952339	0.0256220028	0.0399638789	-0.063347928	0.0580313558	-0.0673497207	0.0947386516	-0.0975487707	0.0347842701	-0.0096648434	-0.0781455512	0.042504596	0.0053741445	-0.0517055788	0.0831501106	-0.0906543325	0.0380082390650358	-0.005458372201673	0.0014446262368249	2.979382709199656e-05	0.0084140662665248	-0.0223640284025208	7.079651113747058e-05	0.0005001497663887	-0.1049805654455937	-0.0207297461487243	0.0004297223753905	0.0110209191212765	-0.0249045875824517	0.000308874336422	0.000620238482652	9.54033557001921e-08	-0.0009309759168865	6.10775045244e-05	8.667161578226593e-07	3.730461558928102e-09	-0.0021019198602508	-0.0004671544162109	4.418067098916743e-06	2.1823324858534693e-07	0.0	0.0	0.0	0.0	0.0	0.0	0.0	0.0	0.0	0.0
2088.133059999416	3.0848286511622973	9.5161678070318	4360299.676262526	2879.0752249163784	11.193716448938176	8289074.150727294	125.29928793922907	2422.9533309936523	3.956213731032221	15.65162708560789	5870702.844173236	2546.033605177221	2071.134197948969	0.99588	20.993317	0.2051817035724019	0.1297469769431262	-0.0171705546	0.0086963013	0.0032403417	-0.0510590568	0.0304734672	0.0624518107	-0.045633518	0.0182998308	0.0053523686	0.0310947556	0.0784457904	-0.034966534	-0.0291028122	0.0973621052	-0.0670511115	0.0119588182	0.0119126963	-0.1304833176	-0.0563291903	0.0961550667	-0.0074891511	-0.0569723422	0.0389215696	0.0196814999	0.0567447086	-0.1429946526	0.0769777321	0.034837267	-0.0191915311	0.0762862971	-0.0366201515	0.0143302297	-0.0580673472	-0.0011943875	-0.0280631507	-0.082275664	0.0345600726	-0.0734412857	-0.0741275382	-0.00633302	0.07200055	-0.0355568012	0.0475030189	-0.0552533548	0.02367076	-0.013066111	-0.052939484	0.0174191447	-0.0215286748	0.0046168561	-0.0130239763	-0.0272792128	-0.0537965598	-0.0398083439	-0.0617609163	0.1188408019	-0.0704888861	-0.0189470805	-0.0685926368	0.0420558336	-0.0787565141	0.0446048127	0.0017923027	-0.047697375	0.0805080284	-0.0912167139	0.0298610264033669	-0.0081472126616689	0.0008916808978625	6.637707415445806e-05	-0.0095208597339961	-0.0179349260005209	9.064677007442828e-05	0.0003216615706441	-0.1597066405371308	-0.054726075091537	0.0029949432949245	0.0255062110316563	-0.0267848784982991	-0.0018802909158474	0.0007174297161686	3.5354939282182582e-06	-0.0005410405749322	0.0003899353419543	2.927249037229655e-07	1.5204957090501692e-07	-0.0023191633988226	-0.0002172435385717	5.378518870438393e-06	4.7194755051197065e-08	0.0	0.0	0.0	0.0	0.0	0.0	0.0	0.0	0.0	0.0
2083.7290102453503	-4.404049754065909	19.395654236287992	4341926.588138067	2876.964498736901	-2.1107261794772967	8276924.726992468	4.4551650047308256	2426.475412808932	3.522081815279762	12.405060313524384	5887782.928966277	2542.103463437692	2079.3766820361043	1.00771	21.242682	0.0904226371294803	0.053984696692667	-0.0139092141	0.0186802806	-0.0040169711	0.0678479213	0.0402821257	-0.0014881931	-0.0147592823	0.1593131548	0.0572293101	0.0878930846	0.0444646797	0.0193978132	-0.0328054878	-0.0985439887	0.0665522625	0.0409199632	0.1255398586	-0.0218546808	0.0437099451	-0.0629004061	-0.0763239291	-0.0265695798	-0.0508575792	-0.0862513546	-0.0676375193	-0.0349634884	-0.0136379652	-0.0007545523	-0.0250107375	-0.0741520771	0.0095444639	-0.0891302445	-0.007470267	0.0198432545	0.049583674	0.1395088928	0.0037300109	-0.032924844	-0.0552728689	0.0410094075	-0.0718050059	-0.0175111868	0.0096117776	0.0079260779	-0.0056186508	0.0370138969	0.0338154776	0.0267541768	0.0245164147	0.0607530644	0.0706334056	0.0044059683	0.0256398921	0.0750510658	0.029456825	-0.0319847101	0.0366945087	-0.1480040721	0.0600172746	0.0393428887	-0.0793539824	0.0466744595	-0.0017923027	-0.0435584361	0.0775211985	-0.0912167139	0.0442217956807269	0.0143607692773599	0.0019555672132279	0.0002062316942375	-0.0040389332992987	0.0054819264346973	1.6312982196183885e-05	3.005151743543414e-05	-0.1570643315578479	0.0026423089792828	6.981796741998972e-06	0.0246692042477135	-0.0259888816029104	0.0007959968953887	0.00067542196697	6.336110574684504e-07	-0.000879921983381	-0.0003388814084488	7.742626968371528e-07	1.1484060899224245e-07	-0.0020952890538973	0.0002238743449252	4.3902362193818426e-06	5.011972231573215e-08	0.0	0.0	0.0	0.0	0.0	0.0	0.0	0.0	0.0	0.0
2083.236594118978	-0.4924161263725182	0.2424736415117158	4339874.707076439	2854.78499580429	-22.179502932611285	8149797.372269299	491.9303503377126	2426.294850569505	-0.1805622394272177	0.0326027223069719	5886906.701900096	2536.2383040444565	2019.223002896672	1.0995	23.177645	0.0461517300745556	0.0283608119224972	-0.0122605881	-0.0033109779	-0.0528159676	-0.0486024177	0.0468158257	-0.0629900074	-0.003999103	-0.0367268142	0.0087686798	-0.000347838	0.0333712692	0.0338950531	-0.0143799965	0.0800933394	0.0941596032	-0.0105434824	0.0119402483	0.0526632295	-0.0567535985	0.0810633225	-0.0890109794	-0.0130521174	0.0963380396	0.0209579429	-0.0417241892	-0.0254102025	-0.0501965438	-0.0158042976	-0.0027839985	0.0887214944	0.0565233508	0.0069882104	-0.0791983674	0.0315633416	-0.017422168	0.0611234738	0.0106191556	-0.0318625973	0.0215460781	-0.0645473897	0.0496456297	-0.0292028642	-0.0150952383	0.040811855	-0.0087138935	-0.0361051773	0.0441349188	0.0405099944	0.0560206773	0.0353517875	0.0241964721	0.0239194856	0.0120756087	-0.0709437586	-0.0388772033	0.0488886257	-0.0258599455	0.0400097116	0.0074492729	-0.0177619804	-0.0799378539	0.0487121179	-0.0053741445	-0.0393001065	0.0742024108	-0.0906543325	0.0208430122821994	-0.0233787833985275	0.0004344311609959	0.0005465675131952	-0.0137663600948201	-0.0097274267955214	0.0001895126702602	9.462283206222771e-05	-0.1547744809206861	0.0022898506371618	5.243415940510327e-06	0.0239551399442678	-0.0260693099520144	-8.042834910399962e-05	0.0006796089213741	6.468719339594837e-09	-0.0007759243523393	0.0001039976310417	6.020586005531622e-07	1.0815507262285564e-08	-0.0021259764586185	-3.068740472119986e-05	4.519775902600058e-06	9.417168085227191e-10	0.0	0.0	0.0	0.0	0.0	0.0	0.0	0.0	0.0	0.0
2086.251953575827	3.0153594568491826	9.092392654009798	4352447.213798954	2865.294530811424	10.509535007134218	8209912.748297858	110.45032606617964	2418.6171992375303	-7.67765133197463	58.94632997537181	5849709.156447595	2536.260433412594	2021.1868286578976	0.8827129999999999	18.607737	0.0318905251206896	0.0145750221786952	-0.0022647264	-0.0388428019	0.0049933554	-0.0677688483	0.0241009139	-0.0059034088	-0.0034433761	-0.1313186047	-0.0329162107	0.0017753459	-0.0525589529	-0.037017405	-0.0587175414	-0.0660549366	0.0076705768	0.0239807902	0.003455222	0.0344864663	0.0119803897	-0.0087487574	-0.0089173555	-0.0313134809	0.1285772595	0.0121222884	-0.1261592649	-0.0751353024	0.0253700412	-0.0331649936	-0.0706272096	-0.066785797	0.025898754	0.0974461567	-0.0305085542	0.013201741	0.010854606	-0.0468555064	0.0049021897	-0.0517035601	0.0615899975	0.0626287901	-0.0407248845	-0.0299308049	0.008545466	0.0034116029	-0.0111180496	-0.044033642	-0.0390142836	-0.0007561483	-0.0018662588	-0.0060412311	0.0110562803	0.0542627698	0.0704209945	0.1163534088	0.0369958303	-0.0138717763	0.0492375431	0.0907115897	0.130552999	-0.0771202264	-0.0805080284	0.0507163915	-0.0089476998	-0.034934058	0.0705658771	-0.089533037	0.0278247768367521	0.0069817645545527	0.000774218206015	4.874503629520847e-05	-0.0109469221189613	0.0028194379758587	0.0001198351038786	7.949230499714764e-06	-0.1621017498231793	-0.0073272689024931	5.368886956944375e-05	0.0262769772957366	-0.0259821874257403	8.71225262740992e-05	0.0006750740634262	7.590334584381104e-09	-0.0007437968358665	3.212751647280003e-05	5.532337330450171e-07	1.0321773147100374e-09	-0.0019499854276097	0.0001759910310087	3.802443167890185e-06	3.097284299554034e-08	0.0	0.0	0.0	0.0	0.0	0.0	0.0	0.0	0.0	0.0
2093.43801759334	7.1860640175132176	51.639516063798204	4382482.733505135	2877.9810264724456	12.68649566102158	8282774.788735392	160.9471721571194	2422.764956547664	4.147757310133784	17.20389070376824	5869790.034675404	2541.4598178722936	2083.580677634792	1.043358	21.99416	0.079447330902104	0.0411505995288861	-0.0158446502	-0.0339595622	0.0581683068	0.0816220639	-0.0037986029	0.0138179362	-0.0050796939	-0.0196364392	-0.0332782013	-0.0751552452	-0.0906570526	-0.0160100579	0.0811858228	0.0350433714	0.0202861715	0.0117861808	0.0541987659	-0.0264667613	0.009265397	0.0584125911	0.0526951195	0.0105424411	-0.0591685131	0.0258064157	-0.0729487059	-0.0766507618	0.0170381258	0.0011984383	0.0768187444	0.0283917924	-0.015011907	0.0257314991	0.0231643598	0.0319616794	0.0543269314	0.0172748769	-0.0175394913	-0.0537187626	-0.0186888121	-0.0754100634	-0.0158703726	0.0292386493	0.0324814636	-0.0051601176	-0.0060689483	0.0552077156	-0.0032996159	-0.0328207285	-0.0922153564	-0.0057971692	0.0262652543	-0.0152343388	0.079549804	-0.0389465905	-0.0174217073	0.0064145901	0.0305981865	-0.0571541546	0.0585157924	-0.1205146831	-0.0810644083	0.0526859066	-0.0125074584	-0.0304722578	0.0666271694	-0.0878597406	0.0443314237046763	0.0165066468679241	0.0019652751276835	0.0002724693908223	-0.0129228500648395	-0.0019759279458781	0.0001670000537983	3.90429124730244e-06	-0.1840405462973109	-0.0219387964741316	0.0004813107907333	0.0338709226814126	-0.025560891409707	0.0004212960160333	0.0006533591696588	1.7749033312553166e-07	-0.0010966754753232	-0.0003528786394567	1.2026970981753663e-06	1.2452333418481166e-07	-0.0019563299644031	-6.344536793400019e-06	3.827226929621434e-06	4.0253147122806585e-11	0.0	0.0	0.0	0.0	0.0	0.0	0.0	0.0	0.0	0.0
2092.48843166896	-0.9495859243802444	0.901713427781083	4378507.836668423	2888.63672313576	10.655696663314302	8344222.118248501	113.54387138056757	2424.945693089412	2.180736541748047	4.755611864515231	5880361.614432889	2538.4147119920435	2045.9878548070003	1.097543	23.136387	0.1781832781514648	0.1062255612148932	-0.0368707325	-0.0236861686	-0.0794138673	-0.0264366588	-0.0381874126	-0.0461769815	0.0636257191	0.0430933903	-0.1089844817	0.009271366	0.0241377254	0.0411957024	-0.1074816313	-0.0239081392	0.0640687264	0.1001865433	-0.0048302855	0.0616847669	-0.0141204676	-0.0659906803	0.0672700774	0.076043885	0.0003985074	0.1278353985	0.1109085077	0.0187367908	-0.0630589297	-0.0124733544	-0.1066912796	-0.0120187591	0.0234770611	-0.0195456918	-0.1103496576	-0.0026999785	-0.0025706802	0.0383640931	-0.0889788362	0.0001029104	-0.012489168	0.0701086641	0.0426507855	0.0445753282	0.0087579351	0.0307307213	-0.0382769297	-0.0317727423	0.0275207109	0.0848834954	0.0031449291	-0.011088534	-0.0238683407	-0.0352275156	0.0053012605	0.0738318801	-0.0579207932	0.037033232	-0.0025490968	-0.0168182791	0.0578506392	1.66601e-05	-0.0816068982	0.0546193134	-0.0160479313	-0.0259269352	0.062403154	-0.0856447597	0.0417248227134905	-0.0026066009911858	0.0017409608304722	6.794368727250798e-06	0.0158550769244243	0.0287779269892637	0.0002513834642794	0.0008281690817993	-0.1231361264862656	0.0609044198110453	0.00370934835252	0.0151625056460416	-0.0243447058956564	0.0012161855140505	0.000592664705146	1.4791072045865191e-06	-0.0009850826674508	0.0001115928078724	9.703878617119833e-07	1.2452954768846387e-08	-0.0015662216791267	0.0003901082852764	2.4530503481664595e-06	1.5218447424129314e-07	0.0	0.0	0.0	0.0	0.0	0.0	0.0	0.0	0.0	0.0
2086.713678734791	-5.774752934169101	33.34777145069464	4354373.977018883	2864.1154087089494	-24.52131442681048	8203157.074404032	601.2948612185037	2423.554517892691	-1.3911751967211785	1.9353684279722096	5873616.501198074	2535.993152365345	2045.076512342308	0.993953	20.952679	0.0595546628300945	0.0327514935575466	-0.0209753744	-0.0869986822	0.0279649905	-0.0393749105	-0.023839735	-0.0217467421	0.0057985539	-0.0598457887	0.030349352	-0.0494672716	0.0210069509	-0.0006937197	0.1241314291	-0.0124847421	-0.1474440693	-0.0137232436	-0.0428809658	0.003284467	-0.0326028329	0.0093679581	0.1109764677	-0.0495920202	0.0530996447	0.0553354956	-0.1333848371	0.0155239259	-0.0383304906	-0.0326164422	0.1200166139	-0.0221130995	-0.064035247	0.0498751943	0.0404700386	-0.1111844223	0.031508368	-0.1369351771	-0.0771330042	0.0038138741	0.0336250931	-0.0671773678	-0.0414843854	0.009597545	-0.0174139686	0.029575535	-0.0535017681	0.0295188017	-0.035149619	-0.0007640735	0.0348578557	0.0729552851	-0.1276145078	-0.0198976419	0.0133034449	-0.0640188579	0.0643642936	0.0077597358	0.0563322268	-0.1226472807	-0.0123031653	-0.1060593739	-0.0821354052	0.0565152869	-0.0195636596	-0.0213105486	0.0579119187	-0.0829017503	0.0420515690084499	0.0003267462949593	0.0017683344560724	1.067631412696952e-07	0.0145875695788504	-0.0012675073455739	0.0002127971862178	1.606574871083795e-06	-0.1458405479314919	-0.0227044214452263	0.0005154907531624	0.0212694654209577	-0.0245787309656295	-0.000234025069973	0.0006041140158807	5.476773337591391e-08	-0.0011669851205338	-0.000181902453083	1.3618542715472875e-06	3.3088502437613014e-08	-0.0012770294472961	0.0002891922318306	1.6308042092613823e-06	8.363214695116353e-08	0.0	0.0	0.0	0.0	0.0	0.0	0.0	0.0	0.0	0.0
2080.842657303428	-5.871021431362806	34.468892647521365	4329906.164453591	2868.037252277671	3.9218435687216697	8225637.680452454	15.38085697752352	2413.67996098445	-9.87455690824072	97.50687413408453	5825850.954057897	2530.383141220055	2058.281962924533	0.987519	20.81706	0.1158547898156824	0.0665708627468878	-0.036955699	-0.0366709113	-0.0251686305	0.1070456161	0.0236956774	0.0082932723	-0.0797528788	0.0887853714	-0.0228907932	-0.1136886714	-0.0100410915	-0.0658565648	-0.0386995556	0.0696062187	-0.1363264693	-0.0108065868	-0.079522836	-0.0518172535	-0.0304595931	0.0110489643	-0.0298847203	0.0917887895	-0.0250929793	-0.0061739311	0.0736511991	0.0619786677	0.0363225884	-0.05374957	-0.0399325862	0.0779442848	-0.1293993147	-0.0424595035	0.0609836906	-0.0441611276	-0.0116497964	-0.0472575116	-0.0555048144	-0.0237220546	0.1020199384	0.0208329512	0.0693050136	-0.0013443057	0.0270618015	-0.0022404336	0.0574811399	0.0874994842	0.057070308	0.0284510248	0.0106053332	-0.0452326252	-0.1082893229	0.0163991183	0.0264978996	-0.038557612	-0.0448482904	0.0406206048	-0.0411303177	-0.0123304686	0.0283538803	0.0121956376	-0.0826498387	0.0583725276	-0.0230492221	-0.0166357513	0.0531726956	-0.0796476241	0.0485063279481607	0.0064547589397108	0.0023528638510145	4.166391296977649e-05	-0.00197768304605	-0.0165652526249003	3.911230230633606e-06	0.0002744075945267	-0.1282131579313556	0.0176273900001363	0.0003107248782169	0.0164386138667307	-0.0254878897795079	-0.0009091588138783	0.0006496325254123	8.265697488527771e-07	-0.0011860871010702	-1.9101980536400005e-05	1.4068026113251106e-06	3.6488566041300463e-10	-0.0018529164179	-0.0005758869706039	3.433299251723368e-06	3.3164580291133725e-07	0.0	0.0	0.0	0.0	0.0	0.0	0.0	0.0	0.0	0.0
2085.939731877288	5.097074573860027	25.980169211490377	4351144.565024292	2876.447172062126	8.409919784454814	8273948.333664201	70.72675078096451	2417.962809929481	4.282848945030764	18.34279508595113	5846544.150202071	2543.701224662162	2055.2333222104794	0.999664	21.073078	0.1767745168562911	0.1194742681837991	-0.0437074531	-0.0055185552	-0.0709237596	-0.0296287311	0.0117494753	0.0664440311	-0.0485472561	-0.008461629	-0.025529789	0.0851340596	0.0442562392	-0.0320830085	0.0282707605	-0.055908452	-0.0009649878	0.0177836151	0.0446310683	-0.0099780178	-0.0344273308	0.0127170042	0.0178704257	0.0404497271	0.0553128186	-0.0511501582	-0.0403090794	-0.0693583187	0.0709644598	0.0294957645	0.0296453424	-0.0719873443	-0.0432474901	-0.020322727	-0.0510951354	0.0007347958	-0.0372333109	0.0484452411	-0.0437568598	-0.0562505795	-0.0116417766	-0.0012428809	-0.0814521192	0.0093645683	0.0635311316	-0.0399673217	-0.0525644553	-0.0408593235	0.0294736302	0.06957143	-0.0813361868	-0.0487539891	-0.0201639041	-0.0144169613	0.0416815747	0.03576518	-0.0309795795	-0.0236193934	0.1000506345	-0.071504178	0.0872265819	-0.0113691213	-0.0831501106	0.0601897627	-0.0264992443	-0.0119153566	0.0482057789	-0.0759024438	0.0542668188422936	0.0057604908941329	0.0029448876272623	3.318325534138805e-05	-0.023936692319836	-0.021959009273786	0.0005729652392144	0.0004821980882862	-0.2302106723946977	-0.1019975144633421	0.0104034929566996	0.0529969536844188	-0.0262750456304719	-0.000787155850964	0.0006903780228833	6.196143337068619e-07	-0.0010619541854501	0.00012413291562	1.1277466919949856e-06	1.540898074034682e-08	-0.0018827776958165	-2.9861277916500093e-05	3.5448518518640893e-06	8.916959188064561e-10	0.0	0.0	0.0	0.0	0.0	0.0	0.0	0.0	0.0	0.0
2089.873925281216	3.934193403928021	15.477877739510744	4367573.023570318	2872.127729038992	-4.319443023133772	8249117.691914679	18.65758803009902	2423.845837813157	5.883027883675823	34.61001708010723	5875028.645484164	2541.795193159024	2049.3198529070582	1.008582	21.261065	0.2231097873535753	0.1430713193096608	-0.0346875289	-0.0935440612	0.005404321	-0.0572443328	-0.0906996472	-0.0373223748	0.0426091636	-0.0511945887	0.0258909133	-0.0598565178	0.0846202521	0.0375488942	-0.0141095996	0.0821553344	0.0077494681	0.1091337981	0.0468523388	-0.0055683546	-0.0935302165	0.0440089159	0.0673494763	-0.0304071646	0.0181855743	0.1251033053	0.0199499141	0.1335690655	-0.0372238995	0.0281921905	0.0037720486	0.0848519793	0.0042710857	0.0845410231	-0.0544076355	-0.0004591389	0.0679767829	0.0210334383	-0.1145708423	-0.0100575446	-0.0135848219	-0.0259370482	0.0773463388	0.0241874643	0.0276187404	-0.0342883054	-0.010088275	-0.0334486512	-0.092538094	0.0133939732	-0.0354344997	0.0162268362	-0.0583837721	-0.0297574811	0.0280260507	-0.0169374517	-0.0308442201	0.0999763894	-0.0642097117	-0.0133579387	0.0303422529	-0.1081617926	-0.0836361352	0.0619657467	-0.0299084066	-0.0071623028	0.0430324377	-0.0716892996	0.0442256665220384	-0.0100411523202551	0.0019559095793185	0.0001008247399185	0.0012709425489703	0.0252076348688063	1.6152949627831232e-06	0.000635424855679	-0.1185821000073588	0.1116285723873388	0.0124609381732353	0.0140617144421552	-0.0250224667735245	0.0012525788569473	0.0006261238434321	1.568953792871653e-06	-0.0009860616165366	7.589256891350001e-05	9.72317511606773e-07	5.759682016290347e-09	-0.0016866005661339	0.0001961771296826	2.8446214696831923e-06	3.848546621050366e-08	0.0	0.0	0.0	0.0	0.0	0.0	0.0	0.0	0.0	0.0
2088.5749727460216	-1.2989525351945304	1.6872776886882976	4362145.416781045	2860.2395253438435	-11.888203695148604	8180970.142339176	141.32938709734492	2425.207267467792	1.3614296546352307	1.853490704520204	5881630.290178594	2540.8184175608494	2065.902410852979	0.863313	18.198771	0.1150099414069224	0.0524399876471028	-0.0467709328	-0.0882846147	0.0097889707	0.0809920832	-0.0995023117	-0.0031797868	-0.0119992943	-0.0042315666	0.0848245672	-0.0575552325	0.0523916687	0.0463760312	-0.0286682556	-0.085506781	-0.0694223024	0.0281125906	0.0521064203	-0.0582770084	-0.1510421192	0.008916159	0.0338945334	0.0016083382	-0.0825170285	-0.1230707632	-0.0098612398	-0.0096700178	-0.0278032991	0.0216747583	-0.035435817	-0.067893053	-0.0975549371	0.0065037605	0.0357107964	0.0200307759	0.1306168799	0.0374875702	-0.1371577468	0.0050032853	-0.0012415528	0.0620847149	-0.0458888051	0.0798065684	0.0195696301	0.0235344498	-0.0555405284	0.0759761085	-0.0136212236	-0.010924401	-0.0444716699	0.0158849774	-0.0282576856	-0.0505568373	0.0094756498	0.1064686661	0.0033036302	0.03306505	0.0335053265	-0.1247607358	0.1338209707	-0.0271658626	-0.0841078291	0.0636992625	-0.0332714524	-0.0023896175	0.037674825	-0.0670341672	0.0365176395695385	-0.0077080269524999	0.0013335379997307	5.941367950046498e-05	-0.0125603814316832	-0.0138313239806535	0.0001577631817093	0.0001913055230578	-0.1479643972495878	-0.0293822972422289	0.0008633193912306	0.0218934628534338	-0.0242040685730638	0.0008183982004607	0.0005858369354895	6.697756145173147e-07	-0.0007291977372163	0.0002568638793203	5.317293399613721e-07	6.597905249947373e-08	-0.0018931043509837	-0.0002065037848497	3.5838440837134163e-06	4.264381315729248e-08	0.0	0.0	0.0	0.0	0.0	0.0	0.0	0.0	0.0	0.0
2088.8856481443618	0.3106753983402086	0.0965192031338473	4363443.25102349	2864.1663372473804	3.9268119035368727	8203448.807421075	15.419851725758878	2430.392716040978	5.185448573186022	26.888876905156955	5906808.754185042	2538.3080646786702	2040.1102479187368	0.928209	19.566793	0.0828747418678457	0.0539997837514139	-0.0637359222	-0.064349178	-0.1128314098	0.0390022755	-0.0807736332	-0.051893477	0.0328953906	0.0652526326	-0.0291751906	-0.096371982	0.0392876528	0.089357756	0.0758236195	0.0693646561	-0.1851544097	0.0041511172	0.0627038854	-0.0290049265	0.0018097956	0.0345378152	-0.075956808	-0.0360628528	-0.0157942219	0.0552701666	-0.0151356157	-0.0299529239	-0.117955263	-0.000943475	0.0905408929	0.0625651042	-0.1748852274	-0.0348700416	0.0039101377	-0.0609676369	-0.0059858165	-0.0136539644	-0.1658462303	0.0368567188	0.0273592819	-0.0806705801	0.0285106188	0.04232337	0.0196079187	-5.94098e-05	-0.0458341871	0.0371426323	0.059105547	0.0815045414	0.0384973917	0.0527717649	-0.054374901	-0.0488017672	0.0483066758	-0.0844853143	-0.0255176307	0.0509317425	0.0264330708	-0.0994566088	-0.0096201913	-0.056351397	-0.0845651116	0.0653891221	-0.036583196	0.0023896175	0.0321558829	-0.0619657467	0.043840840174937	0.0073232006053985	0.0019220192672443	5.362926710690902e-05	0.0026916940562955	0.0152520754879787	7.245216892696522e-06	0.000232625806691	-0.0988199807111342	0.0491444165384536	0.002415173676905	0.0097653885877489	-0.0240786159767054	0.0001254525963583	0.0005797797473536	1.5738353933063207e-08	-0.0008208994322054	-9.170169498910004e-05	6.738758777951481e-07	8.409200863873935e-09	-0.0018871576576109	5.946693372800094e-06	3.5613640246794588e-06	3.536316207010456e-11	0.0	0.0	0.0	0.0	0.0	0.0	0.0	0.0	0.0	0.0
2081.289211951673	-7.596436192688543	57.705842829588406	4331764.783786417	2857.6530871362743	-6.513250111106117	8166181.166419479	42.42242700982385	2416.2520713806152	-14.140644660362796	199.95783141064683	5838274.072451114	2532.6435681842177	2025.2446928860847	0.983981	20.742481	0.170738401413761	0.101142461420331	-0.0413173091	-0.0927541917	-0.066407335	-0.044710157	0.0022176333	0.008033868	-0.0623879924	-0.0403666504	-0.035249136	0.0030659933	0.0328320839	-0.0073589918	-0.0617888942	-0.0563454325	-0.0855334686	-0.0274328301	0.0530423665	0.0556129628	-0.0601864904	-0.1252899965	-0.0764033226	0.0102464609	0.0928753914	0.1000591294	-0.0362893146	-0.0903324407	0.0101317497	-0.0228132597	-0.0606302186	-0.0644014371	-0.0992341268	0.0261761371	-0.0605515272	0.0168986188	-0.0181025486	-0.0212365129	-0.1125557516	-0.0204064624	0.1413675455	0.0559402089	-0.0031977862	0.0191281494	0.0208742732	0.013507426	-0.0489033312	-0.0115745382	0.0093571305	0.0396491558	0.0041654815	-0.0488835543	-0.0203352585	0.0753180721	0.0827263004	0.0582007911	-0.0387185114	0.0364425634	0.0161740036	0.0736238453	0.0779487303	0.0164053518	-0.0850079043	0.0670341672	-0.0398385309	0.0071623028	0.0264992443	-0.0565152869	0.0489015037326652	0.0050606635577281	0.0023913570673158	2.561031564451821e-05	-0.0220859691170716	-0.0247776631733671	0.0004877900318402	0.0006139325923328	-0.1602500698871551	-0.0614300891760209	0.0037736558561738	0.025680084898838	-0.0252106593578532	-0.0011320433811477	0.0006355773452577	1.2815222168005355e-06	-0.0008651424732113	-4.424304100589997e-05	7.484714989541649e-07	1.957446677449746e-09	-0.0023002709455901	-0.0004131132879791	5.291246423125972e-06	1.706625887049853e-07	0.0	0.0	0.0	0.0	0.0	0.0	0.0	0.0	0.0	0.0
2080.762927112403	-0.5262848392703745	0.2769757320458439	4329574.358845375	2854.71094188576	-2.942145250514386	8149374.561722282	8.65621867512436	2414.6882808391865	-1.563790541428716	2.445440857461917	5830719.4936221065	2533.64736316128	2050.56258526183	0.902289	19.020403	0.1020559133437615	0.0564034570320319	-0.0342982263	-0.1370221902	0.0067547809	-0.0151217123	-0.0255268884	-0.0152319376	-0.0663770372	-0.0200726301	-0.0169851732	-0.0372298185	0.0586087816	-0.0359493266	0.0888701287	0.0271562053	-0.1136694397	-0.0475721764	0.0735423082	0.0481700309	0.0301028979	-0.1083874704	0.0466646906	-0.0805348304	-0.055961103	0.2159479447	-0.051089051	-0.0300938556	0.0266015847	-0.0244024018	0.0899145267	0.0172728167	-0.0878326197	0.0329850735	0.0092877643	-0.022593541	0.0120504018	-0.0529996837	-0.1328306854	-0.0013731444	0.0903036479	-0.0927968594	-0.0279260171	0.0082648246	-0.0042220835	0.0035392654	-0.0089412192	0.0105791417	-0.0607088385	0.0091340698	-0.013654193	-0.0196156343	-0.0391497786	0.0390364561	0.0165057214	-0.0921885908	0.0112141437	0.005294937	0.0400190358	-0.0396217117	-0.0052621895	-0.0951870144	-0.0854361313	0.0686332704	-0.0430324377	0.0119153566	0.0207291319	-0.0507163915	0.0401605163542058	-0.0087409873784594	0.0016128670738364	7.640486035038656e-05	-0.0073032311272811	0.0147827379897905	5.333718489848757e-05	0.0002185293424747	-0.1069793732691835	0.0532706966179716	0.0028377671181639	0.0114445863050672	-0.025398587759549	-0.0001879284016958	0.0006450882601795	3.5317084163938725e-08	-0.0008198759500435	4.526652316779996e-05	6.721965734597317e-07	2.0490581197009703e-09	-0.0020282360433029	0.0002720349022871	4.113741447353003e-06	7.400298806240634e-08	0.0	0.0	0.0	0.0	0.0	0.0	0.0	0.0	0.0	0.0
2083.655524202383	2.892597089979972	8.367117924960603	4341620.343539107	2863.250212343867	8.53927045810724	8198201.7784872	72.91913995670302	2414.7208366394043	0.0325558002177786	0.0010598801278199	5830876.7189005045	2534.0079669624347	2078.757292028059	0.909792	19.178555	0.1264480240617517	0.0756927557537177	-0.0494803354	-0.1049928226	0.0023234075	0.1148066557	-0.0721000414	-0.0243740971	-0.0323386422	0.0261750808	0.0096056203	-0.1094242517	0.0752011837	-0.0164509253	-0.0725992453	0.026451713	-0.1204661816	0.0735439018	-0.0268228926	-0.0282827338	-0.1077816635	0.0493131165	0.0761376475	0.080411062	-0.0334967434	-0.0178302241	0.0786548913	0.0166476924	0.002243692	-0.0178722979	-0.0564767653	0.0502975079	-0.1247712034	0.0202153788	0.0104586925	0.0070990278	0.0736483238	-0.0182312721	-0.134717761	-0.0093478547	0.0301207697	0.0352543628	0.054270028	0.0026805973	0.0232822299	-0.0386040107	0.0634365255	0.1085094201	-0.0425132552	0.0072012938	-0.0179990058	-0.0298491208	-0.04388287	0.021077823	-0.0413640127	0.0295673656	-0.0871159889	0.0687207051	-0.0279563359	0.0003170554	-0.0470901606	0.0643735873	-0.0858497193	0.0701853358	-0.0461599916	0.0166357513	0.0148702542	-0.0446048127	0.0323336264229254	-0.0078268899312803	0.0010454633976572	6.126020599637845e-05	-0.0004927330096364	0.0068104981176447	2.427858187853447e-07	4.6382884610442e-05	-0.0960352383104918	0.0109441349586917	0.000119774089994	0.0092227669973529	-0.0266652352057563	-0.0012666474462072	0.0007110347685783	1.6043957529834735e-06	-0.0007529811903563	6.689475968720004e-05	5.669806730303904e-07	4.4749088736082445e-09	-0.0027120238584911	-0.0006837878151881	7.355073409024953e-06	4.675657761998518e-07	0.0	0.0	0.0	0.0	0.0	0.0	0.0	0.0	0.0	0.0
2080.5793265951443	-3.076197607238555	9.462991718780213	4328810.334255104	2861.516351574195	-1.733860769671992	8188275.830326493	3.006273168607552	2420.1192480234	5.398411383995608	29.142845470853377	5856977.174653347	2532.0847586366995	2028.6958488330504	1.018152	21.462814	0.1248687266731052	0.0753524482700443	-0.065388102	-0.0844271958	-0.133313043	0.027277466	-0.0502822233	-0.0642845748	0.0186122533	0.0468882608	-0.0316500823	-0.0607638437	0.0769018026	0.0372311476	0.0848772805	-0.031826228	-0.1967120158	-0.0175624496	-0.0522683676	0.060056231	-0.0500459175	-0.0641887526	-0.0558839881	-0.0077547323	0.0002984432	-0.0694303312	-0.1099500393	-0.0053213548	-0.088606488	-0.0381755748	0.094794259	-0.0319253225	-0.1679665276	-0.0308395625	0.0251512513	-0.063388629	-0.0353304905	-0.0356880507	-0.1701365776	0.0348363154	0.0881211454	-0.0422903007	-0.0774228214	-0.0140973428	-0.0024786145	-0.0042332004	-0.0028130604	0.0265296878	0.0534689626	0.0895336988	0.059660106	0.0318703105	-0.0346039956	0.0301681456	0.0006658285	-0.0539428648	0.0194481869	-0.0709989786	0.0837236573	-0.1283114369	0.0050327882	0.0321273634	-0.0862485974	0.0716892996	-0.0492163702	0.0213105486	0.0089476998	-0.0382182304	0.0357963691585041	0.0034627427355787	0.0012813800449319	1.1990587252803056e-05	0.0089103689839475	0.0094031019935839	7.93946754300936e-05	8.84183271017415e-05	-0.0876482648482692	0.0083869734622226	7.034132385602614e-05	0.0076822183309123	-0.025570869030087	0.0010943661756693	0.0006538693429538	1.1976373264490525e-06	-0.0013257309875456	-0.0005727497971893	1.7575626513386318e-06	3.280423301803843e-07	-0.0023068216617153	0.0004052021967758	5.321426178958937e-06	1.6418882027193413e-07	0.0	0.0	0.0	0.0	0.0	0.0	0.0	0.0	0.0	0.0
2078.6625197723683	-1.916806822775925	3.674148395840336	4320837.871106411	2856.4923640268294	-5.023987547365778	8159548.625743585	25.240450876086403	2413.479636265681	-6.63961175771874	44.084444293236935	5824883.954669124	2530.2068941833345	2022.3364820201496	0.890143	18.764353	0.1065568843320178	0.0639244604503504	-0.0641461548	-0.1237076953	-0.0767243523	-0.0426670331	-0.0549024451	-0.0245267735	-0.0349922582	-0.0416383512	-0.0466419472	-0.1251825239	0.1312531476	-0.0106455535	-0.0494911172	0.0956315506	-0.1539444678	0.1188659303	0.0066276347	0.0186022774	-0.1326022898	0.0692460062	0.0417590451	-0.0070530365	0.0248663886	0.0562473205	0.0634479757	-0.0156437746	-0.000516261	-0.0192805197	-0.0368182338	0.0968317776	-0.1293097263	0.1164668388	-0.0481161533	0.0394401854	0.0109237236	-0.034659753	-0.1626594092	-0.0025307814	0.0888296095	-0.0040425751	0.0794329992	-0.0252770286	0.0049286072	-0.0315236701	0.0444083386	-0.0499766542	-0.0285151161	0.0747861325	-0.0201304842	-0.0216069202	-0.0525363098	0.032811344	-0.0048142552	-0.0538849524	-0.0911100712	0.0356728973	-0.0422397039	0.0510483439	-0.0287484004	0.0052954913	-0.0866326972	0.0731441312	-0.0521968607	0.0259269352	0.00298683	-0.0315960199	0.0329153151353978	-0.0028810540231063	0.0010834179704625	8.300472284057011e-06	0.0073374257255949	-0.0015729432583526	5.383781627862184e-05	2.474150493996894e-06	-0.096582462354398	-0.0089341975061288	7.981988507851825e-05	0.0093281720344387	-0.02624100783469	-0.000670138804603	0.0006885904921802	4.490860174347418e-07	-0.0004722757995996	0.000853455187946	2.2304443088744155e-07	7.283857578319423e-07	-0.0019670418633757	0.0003397797983395	3.869253692272546e-06	1.1545031135969915e-07	0.0	0.0	0.0	0.0	0.0	0.0	0.0	0.0	0.0	0.0
2090.366589158784	11.70406938641554	136.98524020202944	4369632.477071328	2864.663783638777	8.17141961194784	8206298.593291635	66.77209847452579	2418.517742743859	5.038106478177724	25.38251688545635	5849228.07196685	2536.149460851121	2089.1538245440925	1.123124	23.67564	0.1140121314556232	0.0619073899714588	-0.0585238197	-0.1524045856	0.0005304122	0.0025334589	-0.2160001353	-0.0340207345	0.0061917723	-0.0372403659	0.0172433761	-0.1026720667	0.1508331276	0.0328194771	-0.0418076491	-0.1016837016	-0.0367043255	0.1612700689	0.1863968428	0.0357277344	-0.0632081053	-0.0805510799	-0.0079493335	-0.0089308514	-0.0895057557	-0.0453495463	-0.002596289	-0.0368566308	-0.0400890819	0.0002876788	-0.0329880472	-0.077272713	-0.1042481789	0.0782974381	-0.0352718046	0.0765452006	0.1277608548	0.1027746658	-0.2131284758	0.0367176866	-0.0986302926	0.0461837556	-0.0349679377	0.0005670616	0.0372621736	-0.1139380433	0.0304063092	0.0394049484	-0.156267805	0.0370911678	-0.0211538305	0.0326607452	-0.0346507684	-0.1203595175	-0.1119465536	0.0921096663	-0.0395613855	0.0350666486	0.1002123927	-0.0941432187	-0.0296892016	0.0311385825	-0.0870019529	0.0745488335	-0.0550968674	0.0304722578	-0.00298683	-0.0247790096	0.0401795609542148	0.007264245818817	0.0016143971184734	5.276926731620031e-05	0.0106537616191531	0.0033163358935581	0.0001135026366377	1.0998083758902465e-05	-0.0424983475803699	0.0540841147740281	0.0029250914708902	0.0018061095470619	-0.0265314677012435	-0.0002904598665534	0.0007039187783821	8.436693407827642e-08	-0.0002560788814827	0.0002161969181168	6.557639354143071e-08	4.6741107403245565e-08	-0.0024473337780897	-0.000480291914714	5.989442621378806e-06	2.3068032333964042e-07	0.0	0.0	0.0	0.0	0.0	0.0	0.0	0.0	0.0	0.0
2088.0077437055093	-2.358845453274625	5.5641518724343735	4359776.337774172	2877.515599416401	12.85181577762387	8280096.02488473	165.16916878198182	2429.2757016695464	10.75795892568749	115.73368024677912	5901380.434722067	2549.637089609807	2056.668288292244	1.30345	27.476934	0.2727103321795897	0.1769298714861709	-0.0052964913	-0.0638862497	-0.0734607664	0.0810029152	-0.0640759279	0.0252913707	-0.0187972202	0.0788330225	-0.0861506776	-0.094748079	0.0403427473	0.1516736828	0.0136109295	0.0666339307	-0.0101861448	-0.0342862203	-0.0112226484	0.0106041252	-0.0743133082	-0.0499112681	-0.1661738792	-0.0161097125	-0.0703414036	0.0198157151	0.0424356196	0.0197043379	-0.072687988	0.1270253036	0.0359683401	0.0698152517	-0.1205212183	-0.0808875892	-0.0329759772	0.0971814533	0.0784711781	0.0099281291	-0.1219076823	0.0011342794	-0.0214954788	-0.0611132869	0.0418239125	0.0236990003	-0.0751272762	0.1063297974	-0.0012218974	0.0851408768	0.0419995306	0.1194102692	0.0539355068	-0.1357134352	-0.0140464296	-0.074457229	-0.0585815462	-0.0931729808	-0.1017575295	-0.0006843275	-0.0068404109	-0.0858963903	-0.0696753926	-0.022030306	-0.0873563013	0.0759024438	-0.0579119187	0.034934058	-0.0089476998	-0.0178092284	0.0324904132516934	-0.0076891477025214	0.0010556269532658	5.912299239119016e-05	-0.003727789547014	-0.0143815511661671	1.3896414906826844e-05	0.000206829013945	-0.1824146974049512	-0.1399163498245813	0.0195765849482346	0.0332751218293399	-0.028149842063729	-0.0016183743624854	0.0007924136082128	2.6191355771503444e-06	-0.0008451226568086	-0.0005890437753259	7.142323050512268e-07	3.469725692501895e-07	-0.0024543813100047	-7.047531914999936e-06	6.023987614900388e-06	4.966770609294267e-11	0.0	0.0	0.0	0.0	0.0	0.0	0.0	0.0	0.0	0.0
2084.143281730014	-3.8644619754950327	14.934066360046971	4343653.218780354	2852.2020442757066	-25.31355514069446	8135056.501370519	640.776073860979	2417.4118197514463	-11.863881918100104	140.75169416662263	5843879.906273999	2530.014051882582	2034.2322207891448	1.123158	23.676355	0.2029163288029846	0.1317107748585886	-0.0371560737	-0.0519532938	-0.0686952546	-0.0633452234	-0.0561639109	-0.0628020185	0.0144445848	-0.0924577002	-0.0659951741	0.0040665356	0.0578234093	0.056814028	-0.0480102956	-0.0941125663	0.0116183234	0.1044633575	0.0208665004	-0.0141151481	-0.0214200407	-0.0405643177	-0.0437959707	0.0783187695	0.0339570309	0.0186431288	-0.0168706258	-0.0469666251	-0.0639358081	-0.0163730861	-0.0532488112	-0.089106669	-0.0255834544	0.0222696352	-0.1350227498	0.0870017264	0.0023823323	-0.0293127096	-0.0806001108	-0.0282670551	-0.0876392463	0.0741465269	0.0027894243	-0.0069117574	-0.0155893048	0.0670935263	-0.0552475816	-0.0431555925	0.0012335045	0.0569963411	-0.0114223903	-0.0187851194	-0.0326385219	-0.1315296316	-0.0587102825	0.1597694469	-0.0707634413	0.0341408821	0.0629076274	0.0711900934	-0.0009415689	0.094189887	-0.0876956817	0.0772040342	-0.060637674	0.0393001065	-0.0148702542	-0.0107296473	0.0317609959287636	-0.0007294173229297	0.0010087608623869	5.320496309900718e-07	-0.001735580800144	0.00199220874687	3.012240713828487e-06	3.968895691105337e-06	-0.2703393638338411	-0.0879246664288899	0.0077307469666315	0.0730833716380859	-0.0297233589363606	-0.0015735168726315	0.0008834780664597	2.475955348456329e-06	-0.0003278062643494	0.0005173163924592	1.0745694694670872e-07	2.676162499070011e-07	-0.0026089487709998	-0.000154567460995	6.806613689701366e-06	2.3891099998471672e-08	0.0	0.0	0.0	0.0	0.0	0.0	0.0	0.0	0.0	0.0
2103.449168421437	19.305886691422984	372.7172609420631	4424498.404132836	2926.9805575616347	74.77851328592806	8567215.184343819	5591.826049253719	2425.3535276559683	7.941707904521991	63.07072444074707	5882339.73411325	2576.509608538204	2086.872601916218	1.562545	32.938702	0.7056001871012564	0.5079150358946406	0.0529194842	0.1273653952	0.1441176714	-0.056215621	0.0496355038	0.2852147596	0.1455622418	-0.0929734258	-0.0379205887	-0.0518795545	-0.0790948148	0.1025156456	0.0828047329	0.0296168971	0.0931737064	-0.1505355098	-0.0404996223	-0.1525720418	0.023404146	0.0691579305	0.098368384	-0.1446673536	-0.0423050143	0.0778045635	-0.0030729755	0.0009805926	0.0994003357	0.3258850094	0.0843484193	-0.0198392301	0.0235146682	0.039553799	0.1270473665	0.0061887999	-0.0718522284	-0.0481369269	0.1702818004	-0.00711624	-0.1977441395	-0.0343408638	0.0012967157	0.0840414858	0.0463947115	0.0957055917	-0.2441041342	-0.0119901351	-0.0205523394	-0.0674456101	-0.1408613532	-0.0051655092	-0.1416987972	-0.2567427365	-0.0755209793	-0.0179540976	-0.0142674206	-0.0338303726	0.0818036079	-0.0128488676	-0.1577401383	-0.01550836	-0.0880200359	0.0784527129	-0.0632699305	0.0435584361	-0.0207291319	-0.0035839144	0.0326148865379138	0.0008538906091501	0.0010637308238809	7.291291723948971e-07	-0.0029665668585607	-0.0012309860584167	8.8005189263107e-06	1.515326676016283e-06	-0.6652808819175604	-0.3949415180837193	0.1559788027062728	0.4425986518450069	-0.0347667925995785	-0.0050434336632179	0.0012087298676621	2.5436223115279566e-05	0.0005351149541108	0.0008629212184602	2.863480141130036e-07	7.446330292688363e-07	-0.0028740697363211	-0.0002651209653213	8.260276849236838e-06	7.0289126252898e-08	0.0	0.0	0.0	0.0	0.0	0.0	1.0	0.0	0.0	0.0
2081.540041188104	-21.90912723333304	480.0098561263754	4332808.943069374	2860.943723849908	-66.03683371172656	8184998.9910361795	4360.863406670225	2408.385316702036	-16.968210953932157	287.92018297714327	5800319.833705966	2534.576828565293	2053.368890728867	1.359668	28.662024	0.1737495712989744	0.0705486183197141	0.0477482767	0.2246937828	0.0756515545	0.0392604498	0.1699381142	0.0884344448	-0.0602215521	0.0742569963	0.055718696	0.2446733478	-0.2450498718	-0.0231816207	-0.0651221541	-0.0052455368	0.1092179532	-0.2075065304	-0.1593435902	-0.056894416	-0.012901659	0.0658649837	0.0006371012	0.0423550827	0.0327356411	-0.1675665984	0.1664793096	-0.0587627578	0.0885980518	0.050440682	-0.0733980283	-0.0261989025	0.1441626238	-0.2000303601	0.0920987786	-0.0116711825	-0.1004977079	-0.1076741944	0.2324842238	-0.0041646004	0.0170631292	0.0514723705	0.0077105233	0.1223638692	0.0462076938	0.134004869	-0.1906808809	0.0440312599	0.1423291002	-0.0325095603	-0.079002613	-0.0970417481	-0.1977816318	0.0437875247	0.0271736153	0.0435735018	-0.0467076951	-0.026788646	-0.0514542888	0.0428481323	0.0097473677	0.1030155163	-0.0883293083	0.0796476241	-0.0658046293	0.047697375	-0.0264992443	0.0035839144	0.0036281478473654	-0.0289867386905484	1.3163456802342186e-05	0.0008402310199141	-0.0393348883583541	-0.0363683214997934	0.0015472334421641	0.0013226548087123	-0.706981851483313	-0.0417009695657526	0.0017389708627238	0.4998233383267733	-0.0343318106325794	0.000434981966999	0.0011786732213112	1.8920931161440596e-07	0.0008928819523228	0.000357766998212	7.972381807837749e-07	1.2799722500962526e-07	-0.0034151916019676	-0.0005411218656465	1.1663533678150022e-05	2.9281287348074893e-07	0.0	0.0	0.0	0.0	0.0	0.0	0.0	0.0	0.0	0.0
2068.5375737403124	-13.002467447791789	169.06415973088508	4278847.693975458	2827.618703876427	-33.325019973481176	7995427.534511805	1110.5569562329192	2399.3519715529224	-9.033345149113757	81.60132458301703	5756889.883394895	2517.246100648322	2047.8566710935	1.122179	23.65571	0.2214521029842376	0.1546973710434122	0.0454343265	0.0820805412	0.1006247978	-0.0477077425	0.1416045053	-0.0205264144	-0.1031039787	-0.0436636692	0.1386834306	0.166834938	-0.0418642777	-0.1040817501	0.0799984594	0.0114409919	0.0718331364	-0.1174900286	-0.044695067	0.0005481215	0.1445501987	-0.0204069012	0.1472158165	-0.0863767671	-0.0873111115	0.1453078568	0.0044201748	-0.0394434328	0.0960677318	-0.0720138002	0.0631428898	0.0105530211	0.2006964583	-0.0534354014	0.040687772	-0.060061221	0.0027444186	-0.1174099427	0.1498170444	-0.0322939631	0.0421667662	-0.0623199934	-0.0512880693	0.0636772012	0.0131770352	0.1083122399	-0.1812495301	-0.0255433246	0.0403006299	-0.0908507352	-0.1002107226	-0.0714549242	0.0077460004	0.0900368521	0.134316693	-0.0412361738	0.0949550543	-0.0613647745	-0.0551275226	-0.0236755101	0.0558228738	-0.1504988789	-0.0886234459	0.0807879487	-0.0682378621	0.0517055788	-0.0321558829	0.0107296473	0.006686036579282	0.0030578887319166	4.470308513949695e-05	9.350683496782511e-06	-0.0312616029790433	0.0080732853793108	0.0009772878208193	6.51779368157936e-05	-0.5950144402891979	0.1119674111941151	0.012536701169512	0.3540421841526674	-0.0326505247758049	0.0016812858567745	0.0010660567681354	2.8267221321899757e-06	0.0008711691084641	-2.171284385870005e-05	7.589356155421348e-07	4.714475884322885e-10	-0.0031511199490229	0.0002640716529446	9.929556933130086e-06	6.973383788894603e-08	0.0	0.0	0.0	0.0	0.0	0.0	0.0	0.0	0.0	0.0
2069.056698791068	0.5191250507555196	0.2694908183219208	4280995.622812192	2842.0269124836263	14.408208607199413	8077116.971281214	207.59647526857523	2394.961098891038	-4.390872661884259	19.27976273288256	5735838.665201369	2515.087871879559	2045.366843619542	0.946654	19.95562	0.0975941716499566	0.0730270234928023	0.0201147567	0.0863128153	0.0681880538	0.0779215473	0.0942248406	-0.0372134871	-0.0498625402	0.0184830007	0.0785952826	0.0737216216	-0.0659772547	-0.1181696582	-0.0674327333	0.0412669865	0.088135933	-0.0552892544	-0.1044919323	0.0159055804	-0.0227123695	0.0301717592	-0.0353047115	0.0089853512	-0.0381057267	-0.0386223231	0.1056729386	0.0360708146	0.0774168119	-0.0896169611	-0.0810992977	0.0588957079	0.1424686442	-0.0812844271	0.0522567613	-0.0694848542	0.0329833877	-0.0075700456	0.1199881219	-0.038349648	0.0479438215	0.0254691249	0.0376582716	0.0477847392	0.0264880289	0.0777847307	-0.0544783164	0.0756483718	0.0802118578	-0.078369448	-0.0551051839	-0.1035451094	-0.0538032231	0.1262018298	0.0650583446	-0.0087671972	-0.034180495	0.0233705246	-0.1115765535	0.0616471257	0.0275245553	0.0393326315	-0.0889023983	0.0818729053	-0.0705658771	0.0555720611	-0.037674825	0.0178092284	0.0064949201891835	-0.0001911163900985	4.218398826386343e-05	3.652547456428212e-08	-0.0316168144279771	-0.0003552114489338	0.0009996229545731	1.261751734536503e-07	-0.5230661626767485	0.0719482776124493	0.005176554651398	0.2735982105373787	-0.0329779964914037	-0.0003274717155987	0.001087548252587	1.0723772451722022e-07	0.0007040166402096	-0.0001671524682545	4.956394296920134e-07	2.7939947643571637e-08	-0.0031437528089067	7.3671401162002034e-06	9.883181723508766e-06	5.427475349172635e-11	0.0	0.0	0.0	0.0	0.0	0.0	0.0	0.0	0.0	0.0
2076.895248794729	7.838550003661112	61.442866159895615	4313493.874466119	2842.8640524127527	0.8371399291263515	8081876.020500658	0.7008032609376728	2406.162381979136	11.20128308809808	125.46874281971206	5789617.408451511	2523.8330512269417	2044.0993616204512	1.010789	21.307587	0.0702660081550246	0.0294777959398906	0.0091930703	0.0923599541	-0.0315277415	-0.036793576	0.068109676	-0.0518694242	-0.0012377132	-0.0109177815	0.0333790016	0.1542759359	-0.036057138	-0.0408167234	0.0359876566	-0.0569387945	0.065318113	-0.0514764848	0.0375577876	-0.0006217964	0.0575917343	0.052220449	-0.0177435317	0.0596661058	-0.0042720914	-0.0898395832	-0.0423710956	-0.0988988006	0.0186631307	-0.0471762388	0.0173572401	-0.0609611076	0.1233485124	-0.0394308344	-0.0601077322	-0.0446055338	-0.0341294412	0.0421823583	0.0915090518	-0.0242210544	-0.0574401441	0.0057666499	-0.0713086608	0.0077994185	0.0365310455	0.0408829975	-0.1153789907	-0.0476013013	0.0701580396	-0.0281097231	-0.0558273812	-0.0283498009	0.0366530421	-0.0139007312	-0.0192563458	0.0549304604	0.0592581617	-0.1038043833	0.0549647825	-0.0182606349	0.0105240369	0.092150305	-0.0891661178	0.0829017503	-0.0727850846	0.0592862243	-0.0430324377	0.0247790096	0.0119575854297124	0.0054626652405289	0.0001429838493088	2.9840711530082675e-05	-0.0104529477768267	0.0211638666511503	0.000109264117225	0.0004479092516276	-0.5220925731819932	0.0009735894947553	9.478765042979674e-07	0.2725806549717949	-0.0334443044443504	-0.0004663079529466	0.0011185214997663	2.1744310698134165e-07	0.0009182025673601	0.0002141859271505	8.43095954706679e-07	4.58756113893193e-08	-0.0033165766641813	-0.0001728238552746	1.099968076939196e-05	2.9868084951975955e-08	0.0	0.0	0.0	0.0	0.0	0.0	0.0	0.0	0.0	0.0
2079.7577655168325	2.8625167221034644	8.194001984321963	4325392.363227568	2867.0249133081493	24.16086089539658	8219831.853529601	583.7471992067037	2409.235209244948	3.072827265811611	9.442267405515262	5804414.293465547	2526.1880995541883	2030.8517375076024	0.952675	20.082531	0.1615833779289265	0.0854345311770964	0.0260762828	0.0026156865	0.046575942	-0.0641891342	0.0215427726	-0.06120347	0.0650974302	-0.0115210041	0.019564961	-0.0148403112	-0.0219326383	0.0208196365	-0.0378982045	0.0856309028	0.1009299301	-0.0228799519	0.0054311133	0.0226643571	-0.0763209101	-0.0040682172	-0.0338739886	-0.0073403549	0.054284639	0.0109376814	0.07883713	0.0630770708	-0.0342484568	-0.0085058834	-0.033554081	0.0942490439	0.1172367358	0.0086303063	-0.0391876507	-0.0349484186	0.1071740267	0.00790871	0.0434157213	-0.0454371117	-0.0320943665	-0.0146435134	0.0579230799	0.0056655599	-0.0109789881	0.0692670662	-0.094432224	-0.0055079513	-0.0143701207	-0.0706202744	-0.0129072446	0.0102900763	-0.0330075229	-0.017974564	0.007161844	-0.0408605022	0.0060100833	0.0742585607	-0.1085545426	0.0603114986	-0.0805651955	-0.0212136357	-0.0894145591	0.0838737786	-0.0748920628	0.0628378881	-0.0482057789	0.0315960199	0.0240957189598987	0.0121381335301863	0.0005806036721944	0.0001473342855966	0.0197044581360046	0.0301574059128313	0.0003882656704335	0.0009094691313912	-0.4796676813766041	0.0424248918053891	0.0017998714446989	0.2300810845572073	-0.0325969327045238	0.0008473717398265	0.0010625600217432	7.180388654567512e-07	0.0006237702006826	-0.0002944323666774	3.890892632596111e-07	8.669041854731379e-08	-0.002921121837075	0.0003954548271063	8.532952787036423e-06	1.563845202816737e-07	0.0	0.0	0.0	0.0	0.0	0.0	0.0	0.0	0.0	0.0
2070.790415893767	-8.967349623065274	80.41335926228892	4288172.946557482	2845.0209189774746	-22.003994330674686	8094144.029419434	484.17576650436376	2400.4474939199595	-8.787715324988312	77.22394063303443	5762148.171066614	2515.848160577348	2046.00400529828	1.009284	21.275875	0.0751246108039449	0.0350321327909515	0.0160299982	0.0399796049	0.0071354738	0.0757627513	0.0793727886	-0.0114262738	-0.1002237726	0.0899076556	0.0336695745	0.0457237328	-0.0335098851	-0.0647766063	-0.0369150894	-0.0755276956	0.0394949249	-0.0384804227	0.0526898075	0.0550015301	0.0713693998	-0.1240416545	-0.0848295227	-0.0240061047	-0.024726142	-0.0807797165	-0.0668595234	-0.1329117312	0.0322300835	-0.090885827	-0.0293020372	-0.06305174	0.0428912806	-0.1069788458	0.0038231912	-0.0118401683	0.0247659004	0.0483585207	0.042098106	-0.0287969431	0.051638236	0.0376693639	-0.0539600639	-0.0005204878	-0.0107534589	0.0728061788	-0.0437728922	0.0553947929	0.0813701462	-0.0517095846	0.0107666874	-0.0441990383	0.0204333757	0.1002492044	0.1073278973	0.0720079101	0.0345083175	-0.0605375767	-0.0179339265	0.0325596735	0.1114347345	0.0491836416	-0.0896476797	0.084788324	-0.0768835629	0.0662173176	-0.0531726956	0.0382182304	0.0224586000084343	-0.0016371189514644	0.0005043887143388	2.6801584612438974e-06	0.0067075474467515	-0.0129969106892531	4.499119275042257e-05	0.0001689196874644	-0.4552171504788518	0.0244505308977522	0.0005978284611819	0.2072226540900856	-0.0322574314835513	0.0003395012209725	0.001040541885916	1.1526107904182045e-07	0.0005502902463863	-7.347995429630007e-05	3.028193552678947e-07	5.399303683386347e-09	-0.0026133020070343	0.0003078198300407	6.8293473799695e-06	9.475304776628557e-08	0.0	0.0	0.0	0.0	0.0	0.0	0.0	0.0	0.0	0.0
2071.4477353570164	0.6573194632492232	0.4320688767662469	4290895.720315712	2849.510786045097	4.489867067622527	8119711.719787347	20.158906284921304	2402.554499992957	2.107006072997592	4.439474591648734	5772268.125436408	2517.8582336275817	2037.802611568518	0.917831	19.348021	0.142997825733738	0.0803761026688162	-0.0009333749	-0.0244450109	-0.0179907785	-0.0472248635	0.0436338321	-0.0535397387	-0.0150113944	-0.0017269405	0.0364225351	0.0147032815	0.1068582688	-0.0434008556	0.0587405891	0.0601338388	-0.0292496309	0.0623020329	-0.0171227173	0.0084183055	0.1154868393	0.0056017392	0.0513891832	0.0402209989	-0.0188618709	0.0650590551	-0.0798899698	0.0296000203	-0.0075083678	-0.0680913821	0.0437958688	0.0506286931	0.0335646467	0.053193997	-0.0601137542	-0.0683684342	-0.0478825888	-0.0167668337	-0.0046495479	-0.0434890302	0.0117850217	-0.0654220516	0.0116507801	-0.0296273234	-0.0114996532	0.0390923543	-0.0308779899	-0.0391881741	0.0123380682	-0.0036637322	0.0235404395	-0.0541036025	0.02906641	0.0453327182	-0.0139124383	-0.1280851144	0.0139994288	-0.0016730391	-0.0769122159	0.0171052803	-0.0536020795	0.0297738636	-0.0898654396	0.0856447597	-0.0787565141	0.06941525	-0.0579119187	0.0446048127	0.0158162920572664	-0.0066423079511679	0.0002501550944407	4.412025491814832e-05	0.0255291059139324	0.0188215584671809	0.0006517352487647	0.0003542510631335	-0.3879130958071926	0.0673040546716592	0.0045298357752456	0.1504765698987201	-0.0321038400775076	0.0001535914060437	0.0010306565477221	2.3590320010480783e-08	0.0008062087092004	0.0002559184628141	6.499724827905752e-07	6.54942596091319e-08	-0.0032083902310511	-0.0005950882240168	1.029376787470413e-05	3.541299943634692e-07	0.0	0.0	0.0	0.0	0.0	0.0	0.0	0.0	0.0	0.0
2075.378746631884	3.931011274867615	15.45284964313631	4307196.94197133	2867.862367915536	18.35158187043908	8224634.561306106	336.7805571474282	2409.157935509315	6.603435516357877	43.605360618696615	5804041.958227504	2524.390261488406	2044.510556962755	0.952494	20.078728	0.2073222050922484	0.1179723514819336	0.013709112	-0.0902012801	0.0153743463	0.0575996975	-0.0230322217	-0.0234301377	0.0564149316	0.0107689657	0.0590130145	-0.1153067358	0.0805114475	0.0138755441	-0.0831129183	-0.0455519104	-0.0485853319	-0.0377869928	0.0175682861	0.0756549762	-0.082485092	-0.0963333246	0.035596836	0.0400305826	0.050657268	-0.0973574371	-0.0683578543	0.0416209561	-0.0634498682	-0.0386193611	-0.0762775945	-0.0424544187	-0.0665390202	0.0536717524	0.0500864895	-0.1401399308	0.0602802261	0.0846762279	-0.0723571925	-0.0204024723	0.0618606774	0.0643647424	0.0073406081	-0.0480352175	-0.0576162703	0.0426017188	0.053225957	0.0778279117	0.0052035559	-0.0434509889	0.0882490046	0.0133353346	0.0197150027	0.0988299436	0.0106058027	0.0781191621	0.0174310309	0.0288051957	-0.0482045874	0.0701179265	-0.0002557544	0.0787619671	-0.0900678015	0.0864424987	-0.0805080284	0.0724229201	-0.062403154	0.0507163915	0.0207746661903485	0.0049583741330821	0.0004315867553204	2.458547404361769e-05	0.0454819649955453	0.0199528590816129	0.002068609139856	0.0003981165855307	-0.290416224868899	0.0974968709382935	0.0095056398427582	0.0843415836671029	-0.0313290289806694	0.0007748110968381	0.0009815080568716	6.003322357836105e-07	0.0012129528043938	0.0004067440951934	1.471254505686784e-06	1.654407589746977e-07	-0.0026916634042975	0.0005167268267536	7.2450518820344065e-06	2.670066134868449e-07	0.0	0.0	0.0	0.0	0.0	0.0	0.0	0.0	0.0	0.0
2072.019443578705	-3.3593030531792465	11.284917003099409	4293264.5745682055	2833.7674608059274	-34.09490710960881	8030238.021922473	1162.4626908128537	2396.7883435762847	-12.36959193303028	153.00680458968773	5744594.36390315	2519.2884912889185	2024.882234294512	1.052607	22.189123	0.1199217109093958	0.0509780415744101	-0.024160351	-0.0449651427	-0.1023166608	0.0092376291	0.0170889825	-0.0443644793	-0.0923896829	-0.0211002149	-0.0318673382	0.0052910878	0.0128703093	-0.0848458582	0.0806127563	0.031801239	-0.0311585251	0.0293097328	-0.023476539	-0.0140783926	0.0485478732	-0.0734014451	-0.0742546801	0.0358451975	-0.077340069	0.0584384128	-0.0549309945	-0.0927599213	0.0599486849	-0.0635240605	0.0867701992	0.0376835781	-0.0611512849	-0.0267170835	-0.0397520103	0.0843512152	-0.0574876613	0.0005196303	-0.0659947665	-0.0456468612	0.0416446422	-0.0777129105	-0.0293293439	-0.0471309481	0.0078519102	-0.0335954659	0.023008466	-0.0412294959	0.0472709536	0.0008130419	-0.0035191281	-0.062501096	0.0699030042	0.0777557599	0.0218820353	-0.1127399289	-0.0139004709	-0.0605118372	0.0546170685	0.0199809103	0.0141983735	0.0222241652	-0.0902547308	0.0871809944	-0.0821354052	0.075232084	-0.0666271694	0.0565152869	0.0239758521568944	0.0032011859665458	0.0005748414866492	1.0247591592410392e-05	0.0119474679881648	-0.0335344970073804	0.0001427419913282	0.001124562489538	-0.3191040294338734	-0.0286878045649743	0.0008229901307581	0.1018273816009343	-0.0308209719410517	0.0005080570396177	0.000949932311391	2.58121955505102e-07	0.0007017353514782	-0.0005112174529156	4.92432503514233e-07	2.613432841655137e-07	-0.0027623533791741	-7.06899748766001e-05	7.630596191434569e-06	4.997072548054354e-09	0.0	0.0	0.0	0.0	0.0	0.0	0.0	0.0	0.0	0.0
2082.064676955365	10.045233376660237	100.9067135915688	4334993.319025248	2867.5139255181043	33.74646471217693	8222636.113040248	1138.8238805702028	2416.228709000808	19.440365424523407	377.92780783900514	5838161.174199712	2532.954304613118	2049.923263460572	1.121047	23.631845	0.2223334557291667	0.1433973723713621	-0.0272197453	-0.1608475791	-0.0244658912	-0.019797786	-0.1117967085	-0.0680781408	0.060881903	-0.0350592633	-6.41406e-05	-0.1332705793	0.1531171739	0.074194759	-0.0448214491	0.0235283267	-0.1542458225	0.004809283	0.0603327095	0.0247063055	-0.0791693708	0.0266036742	-0.0199426578	0.0863986459	0.044987077	0.0940175678	0.0434612922	0.0478165702	-0.1009581381	0.0157163917	-0.0353987404	0.0308195666	-0.1465300053	0.0810806897	-0.0171868621	-0.0648441943	0.0557203963	0.008366363	-0.1668556756	-0.016791694	-0.0302149991	0.0385505165	0.0665131111	-0.042724666	-0.038094366	-0.0225143143	0.0657059554	0.0074748492	-0.0920844191	-0.0434078562	0.0407718034	0.0473945858	0.0174469896	-0.0234284653	-0.0751402943	0.0655273967	-0.0369956379	0.1007378048	-0.0783517276	0.0353240178	-0.0961452886	0.0089524269	-0.0904261954	0.0878597406	-0.0836361352	0.0778350419	-0.0705658771	0.0619657467	0.0275163140715335	0.0035404619146391	0.0007571475400832	1.2534870569009978e-05	0.0516981083248424	0.0397506403366776	0.0026726944043671	0.0015801134071759	-0.2017306630114035	0.1173733664224699	0.0137765071453433	0.0406952603990204	-0.0299565693859345	0.0008644025551172	0.0008973960493743	7.471917772931482e-07	0.0006198148949725	-8.192045650570008e-05	3.8417050402977126e-07	6.710961194102298e-09	-0.0030494101086588	-0.0002870567294847	9.298902010790475e-06	8.240156594245226e-08	0.0	0.0	0.0	0.0	0.0	0.0	0.0	0.0	0.0	0.0
2073.8281007770506	-8.236576178314408	67.84118714117638	4300762.991572549	2844.32860524069	-23.18532027741412	8090205.21459045	537.5590763662705	2394.821387364314	-21.40732163649409	458.273419648308	5735169.477377538	2517.291541172187	2026.7290141457008	1.235392	26.042265	0.2960238534303044	0.198346240914526	-0.0163984381	-0.0218275565	-0.0635354763	0.0618967718	0.0355317624	-0.0012117313	-0.0916687788	0.004969884	-0.0735719786	0.0121787614	-0.0845209595	-0.0932926192	0.0796966482	-0.0305987347	-0.035552555	0.1222742329	-0.1872218949	-0.0381130617	0.0173473628	0.0725979196	-0.0703962438	-0.0384953619	0.0554183744	0.0444299742	-0.1156230426	0.0183362035	0.0597568401	-0.0735352819	0.094468523	-0.0223730993	-0.0725687315	-0.0621171446	-0.0066954783	0.1057642584	-0.0532835255	-0.1270808796	-0.0504046664	-0.0439918522	0.0876872657	-0.051821094	-0.0750126186	-0.023307659	-0.0065631931	0.0196580263	0.0120140687	0.0127550638	0.1051955989	-0.0299420657	0.0040967012	-0.0742164865	0.0131613109	0.1140579349	0.0503596425	-0.0860225526	0.0396539356	-0.1181213434	0.0416104913	-0.0478014345	0.0869376756	-0.0077059548	-0.090582166	0.0884782721	-0.0850079043	0.0802246594	-0.0742024108	0.0670341672	0.0190557414825036	-0.0084605725890299	0.000363121283448	7.158128853424412e-05	-0.0091636270061314	-0.0608617353309738	8.397205990750071e-05	0.0037041508274975	-0.3746660667919741	-0.1729354037805706	0.029906653880749	0.140374661605368	-0.0307417037655533	-0.0007851343796188	0.000945052350409	6.164359940594004e-07	0.0008206889556752	0.0002008740607027	6.735303619672503e-07	4.0350388263192015e-08	-0.0029600957143857	8.93143942730999e-05	8.762166638324589e-06	7.977061024370741e-09	0.0	0.0	0.0	0.0	0.0	0.0	0.0	0.0	0.0	0.0
2078.4022692033086	4.574168426257984	20.92301679177544	4319755.992629463	2846.0607643355866	1.7321590948963603	8100061.874290463	3.0003751300321784	2407.4629965562085	12.641609191894531	159.8102829605923	5795878.079787399	2524.152402085813	2040.603904188725	0.982906	20.71981	0.1174360071032523	0.0776511656114354	-0.0165788443	-0.115576529	-0.0415887754	-0.0453521657	-0.0452463643	-0.0681256637	-0.0443212765	-0.0459029857	-0.0807853786	-0.0761911215	0.0583030617	0.0069735078	-0.0227002437	0.097918186	-0.1207646229	0.0621803917	-0.027886913	-0.0481365696	-0.0529787392	0.0274362913	-0.0042574687	0.0237516436	0.0421118995	0.0878972802	0.0521861248	-0.0129537668	-0.0214539718	-0.0225963994	-0.0137965249	0.0942329633	-0.096390591	0.0731718092	-0.0642868349	0.0369075507	0.0337004952	-0.1695945386	-0.1117423715	-0.0560482856	0.0143623103	0.0049391098	0.0581293825	-0.0095404077	-0.0082287431	-0.0168458306	0.0238469469	-0.0517965934	-0.0515659802	-0.0086689182	-0.0086287855	-0.1297038288	0.0153372425	0.0427472785	-0.0336523153	-0.0097043789	-0.0898931199	0.0223319136	-0.0678531729	0.094156345	-0.055771371	-0.0306441072	-0.0907226157	0.089036165	-0.0862485974	0.0823943867	-0.0775211985	0.0716892996	0.0216238037961176	0.0025680623136139	0.0004675888906129	6.594944046604484e-06	0.0097891708851705	0.0189527978913019	9.582786661906978e-05	0.0003592085479085	-0.3069422870190976	0.0677237797728765	0.004586510346725	0.094213567560514	-0.0303918324871233	0.0003498712784299	0.0009236634819253	1.2240991147024216e-07	0.0006228684631701	-0.0001978204925051	3.879651224118822e-07	3.913294725496032e-08	-0.0029762312859598	-1.6135571574099703e-05	8.857952667525925e-06	2.6035667002289437e-10	0.0	0.0	0.0	0.0	0.0	0.0	0.0	0.0	0.0	0.0
2085.908780439221	7.506511235912512	56.3477109348808	4351015.440313439	2872.842043573985	26.781279238398383	8253221.40732635	717.2369176450683	2416.8900698148286	9.427073258620112	88.86971022339041	5841357.609569527	2531.407994975622	2058.608575051291	0.957741	20.189342	0.1329695039262645	0.086741500782228	-0.0159706733	-0.1488201069	-0.0113750581	0.0540576531	-0.1191939573	-0.0627711749	0.071809181	-0.0108541732	-0.0139588578	-0.0783077976	0.080728524	0.0684816525	-0.0063134954	-0.0853569438	-0.0708885466	0.0389778569	0.2455505575	0.0977329487	-0.0472427476	-0.1122635594	0.0272539801	-0.0044574256	-0.063410659	-0.0336573899	-0.0197423976	0.0104697019	-0.0850529608	-0.0042591253	-0.0167142498	-0.079788094	-0.0826579034	0.0863671654	-0.0393654448	-0.0197035889	0.1165844737	0.1780635338	-0.1735370696	-0.0147861759	-0.0200898601	0.0371699865	-0.0596834612	-0.0384265699	-0.0451697434	-0.0057690113	0.0530690768	0.0234706136	-0.0487993655	-0.0410559322	0.0216794534	0.0154612027	0.0472320337	-0.0185950789	-0.0718915568	0.0988484977	0.0241719659	-0.0737769633	0.0791606361	-0.0487799878	0.0108181338	-0.0026515061	-0.0908475206	0.089533037	-0.0873563013	0.0843382767	-0.0805080284	0.0759024438	0.0147535548542094	-0.0068702489419082	0.0002176673808361	4.720032052379074e-05	0.0346205888569954	0.0248314179718249	0.0011985851728051	0.0006165993184914	-0.2311199376976063	0.0758223493214912	0.0057490286566302	0.0534164256013454	-0.0300207631177091	0.0003710693694142	0.0009012462181696	1.376924769174537e-07	0.0005319969827408	-9.087148042929992e-05	2.830207896453152e-07	8.25762595541264e-09	-0.0030232001899371	-4.696890397730023e-05	9.139739388435718e-06	2.206077940828849e-09	0.0	0.0	0.0	0.0	0.0	0.0	0.0	0.0	0.0	0.0
2080.1006517326414	-5.808128706579737	33.73435907219561	4326818.72133856	2841.662636762608	-31.179406811376797	8075046.541172619	972.1554091093296	2409.6207298865684	-7.269339928260251	52.84330299259876	5806272.061899078	2523.042425732062	2027.6742889225832	1.230645	25.942192	0.2814880063108133	0.1715010196812709	-0.0491843297	-0.0390934697	-0.0794321746	0.0319296059	-0.0210539535	-0.0669116221	-0.0637544467	0.0382289723	-0.1176515633	-0.0952254488	-0.0231689525	0.020610171	-0.0008445281	0.0728504887	-0.0099288384	0.1260375677	0.1089171055	-0.0215485081	0.0225505757	0.0677583932	-0.1010825032	-0.0205159214	-0.0265893748	-0.0672990461	0.0372447234	0.1134430544	-0.022217496	-0.0185504709	0.0059760466	0.0962259013	-0.0815743054	0.0063575218	-0.0656357953	0.1538133844	0.0499715363	0.0773243402	-0.0970214477	-0.0293614625	-0.0129890556	-0.039998355	0.0623861995	-0.0572458779	-0.0229698682	-0.0215883084	0.0686514424	-0.1084202934	0.1164160175	-0.0976497845	-0.1421987384	0.2289420902	0.0776602382	-0.0152840014	0.0344537443	-0.1030588339	0.0558579248	0.0076653776	-0.0322975917	0.0310352259	0.004924962	-0.16268011	-0.0909568593	0.0899685475	-0.0883293083	0.0860510014	-0.0831501106	0.0796476241	0.0054454235906149	-0.0093081312635945	2.9652638081225274e-05	8.664130762030533e-05	0.0291968703421758	-0.0054237185148195	0.0008524572377778	2.9416722527996903e-05	-0.3461649318942505	-0.1150449941966442	0.0132353506897059	0.1198301600733511	-0.0311237610407819	-0.0011029979230728	0.0009686885013236	1.2166044183029107e-06	0.0023280068949094	0.0017960099121686	5.4196161027457066e-06	3.2256516046078627e-06	-0.0028879847784634	0.0001352154114736	8.340456080636295e-06	1.8283207500001973e-08	0.0	0.0	0.0	0.0	0.0	0.0	0.0	0.0	0.0	0.0
2088.134296939452	8.033645206810434	64.53945530890826	4360304.842054819	2869.030903159501	27.368266396892977	8231338.323284223	749.0220055713013	2414.6754006605884	5.054670774019996	25.54969663373191	5830657.290555373	2529.586089712982	2052.9892260456645	1.29144	27.223761	0.3023708721551269	0.1930812532426037	-0.0023801904	-0.0144358699	-0.050404041	-0.0645233303	-0.0697934627	-0.0747299248	0.0777655243	-0.001014607	-0.0922021469	0.0002432483	0.0437551956	0.0858050998	-0.02657328	-0.0533315135	0.0054050619	0.0759996434	-0.0149269028	-0.0163586375	-0.003682732	0.0260726109	0.0059255037	0.1336240717	0.0848048737	-0.1302544527	0.0429049963	0.0230029688	-0.0906372715	0.0190184819	-0.0366621965	-0.0446096215	-0.0601533911	0.0558166367	-0.0781198736	0.0652905068	-0.0431623946	0.0161048901	-0.028921197	-0.0127585654	-0.185503736	0.085071068	0.0125998338	-0.0200400553	0.0227931765	-0.0165627164	-0.113053792	-0.0727265349	-0.0194937943	-0.0545944843	0.0210577022	0.1155912497	0.0785036491	-0.1916696556	-0.0910682394	0.1834933552	-0.0312614318	0.050236955	0.1201199899	0.1166307703	-0.0498928743	0.2222817511	-0.0910506129	0.0903423981	-0.0891661178	0.0875278662	-0.0854361313	0.0829017503	0.0100427603086075	0.0045973367179926	0.0001008570346161	2.113550489860297e-05	0.0350263130026746	0.0058294426604987	0.0012268426025613	3.398240173204331e-05	-0.4742747745397508	-0.1281098426455003	0.0164121317826548	0.2249365617647314	-0.0335224899351587	-0.0023987288943768	0.0011237573314528	5.753900308718167e-06	0.0019951032859306	-0.0003329036089787	3.980437121531078e-06	1.1082481287110973e-07	-0.0034330372777305	-0.000545052499267	1.178574495028724e-05	2.9708222695731175e-07	0.0	0.0	0.0	0.0	0.0	0.0	0.0	0.0	0.0	0.0
2099.581902482813	11.447605543361078	131.04767267639127	4408244.165233348	2951.68821756283	82.65731440332866	8712463.333699236	6832.231624370723	2421.050231053279	6.374830392690456	40.63846253556995	5861484.221283135	2579.8779791754646	2074.724756773452	2.082184	43.892765	0.9962592343465012	0.6907392029649572	0.0899425689	0.3044377215	0.181838227	-0.0772628459	0.0726041869	0.4478634404	0.2030733468	0.0289162379	0.0827394821	0.1003644375	-0.1705028677	0.1258464542	0.0507210315	0.0162657294	0.2112562417	-0.2300233469	-0.014826642	-0.0619652881	0.0422163791	0.0545851615	0.0877186594	-0.2876769031	-0.0503442339	0.13237413	-0.0247293456	-0.0555082847	0.1165758081	0.4021349638	0.0486658471	-0.0381539645	0.1651980238	-0.03031213	0.228095096	0.0062796205	-0.1722444606	0.0277809166	0.3232495465	0.2277520908	-0.0302220791	-0.0253407363	0.0261726335	0.1578325957	0.0494908421	0.0027824006	-0.143489216	-0.0341933161	-0.0442848406	0.0094113485	-0.0590428523	0.074597162	-0.103479237	-0.2419757422	0.0588962547	-0.1157075773	0.080264067	-0.0383297746	-0.0058674673	-0.0749967038	-0.0052072582	-0.1122863994	-0.0911287655	0.0906543325	-0.0898654396	0.0887648233	-0.0873563013	0.0856447597	-0.0125254237246537	-0.0225681840332612	0.0001568862394821	0.0005093229305591	0.0397176513814088	0.0046913383787342	0.0015774918312551	2.2008655783784436e-05	-0.907079287274712	-0.4328045127349612	0.1873197462437471	0.8227928334027995	-0.0422304319198377	-0.0087079419846789	0.001783409380136	7.582825360853515e-05	0.0035150249902329	0.0015199217043022	1.2355400681961798e-05	2.310161987209207e-06	-0.0039290775727401	-0.0004960402950095	1.5437650572609234e-05	2.460559742732108e-07	0.0	0.0	0.0	0.0	0.0	0.0	0.0	1.0	0.0	0.0
2070.8049112717194	-28.77699121109345	828.1152231633495	4288232.980547074	2836.269843918121	-115.41837364470894	8044426.627519322	13321.400974789642	2386.269760131836	-34.780470921442884	1209.681157517334	5694283.36811965	2515.839970094273	2052.169525503415	1.764123	37.187984	0.6407487352170281	0.4186742570126974	0.093574332	0.3487219275	0.1547114301	0.0448081329	0.0424553576	0.0629316759	-0.1004871568	0.0387641588	0.1228963531	0.1949445306	-0.3502860197	-0.1412642939	-0.0642243114	-0.0353482084	0.2748730941	-0.145161103	-0.2035214292	0.0190370053	0.0876769208	0.0849279464	0.0231324048	-0.1387268459	-0.095925389	-0.0749713294	0.1726568135	0.0174955513	0.1695693475	-0.0218942618	-0.0740655613	-0.0057328321	0.2999934806	-0.1545981767	0.2738987799	0.2170353455	-0.1697372541	-0.0176534904	0.4103559918	0.3345889645	0.1219314631	0.0537675316	-0.0054564422	0.1757397179	0.0558246733	-0.270840689	0.3276966163	0.0973102891	-0.1728604283	0.3028670178	0.1462809062	-0.0046145232	-0.0582185791	0.0418351448	0.0911495187	0.086671528	-0.2340575985	0.1282382233	0.0848918361	-0.1466804307	0.0699638832	-0.0151781391	-0.0911913037	0.090904137	-0.0904261954	0.0897584821	-0.0889023983	0.0878597406	-0.0198124256485243	-0.0072870019238705	0.0003925322100783	5.3100397038493794e-05	0.0706100748090818	0.0308924234276729	0.0049857826645441	0.0009543418252346	-0.8186552110961927	0.0884240761785193	0.0078188172480245	0.6701963546549518	-0.0493558760328854	-0.0071254441130477	0.0024360024989735	5.077195380816619e-05	0.0058991653217532	0.0023841403315203	3.4800151493375535e-05	5.684125120381727e-06	-0.0047023978019114	-0.0007733202291713	2.2112545087421164e-05	5.980241768455521e-07	0.0	0.0	0.0	0.0	0.0	0.0	0.0	0.0	1.0	0.0
2093.2046043989767	22.39969312725725	501.7462521952957	4381505.515877076	2915.1724184687264	78.90257455060555	8498230.229400802	6225.6162707138665	2422.603173769437	36.3334136376011	1320.1169465610174	5869006.137557749	2544.927694484701	2061.6412056147706	2.337627	49.27755	1.2810540049927466	0.9196217718309876	0.0059324484	0.0406755266	0.0046601568	-0.0627483338	-0.0224329494	0.1029564542	0.217762934	-0.0013498749	-0.0006790229	0.0763768268	0.1537359446	0.1146650191	0.0835159332	-0.0135845458	-0.004852478	0.0634305765	0.0368188888	-0.1161469173	0.0861256269	0.0551590073	0.143543869	0.0477941224	0.0615533158	-0.0060675135	-0.0589325958	0.0753115066	-0.1095564971	0.0816033691	0.0678480614	-0.0778718549	0.1006753355	0.0859670049	-0.1284025779	-0.2805819749	0.0065025376	0.0472550032	0.0536534977	0.0370629945	-0.0851077535	-0.0322822007	-0.0357425977	-0.0692413386	-0.0250239452	-0.0479524167	0.1023866916	-0.126665032	-0.0424581796	0.0020354734	0.0401753764	0.0528569635	0.2200412232	0.0036658281	-0.1359569133	-0.0227536611	0.163215584	-0.1203272799	-0.0221216563	0.0215624698	-0.0643121716	-0.0081190578	-0.0912382167	0.0910916402	-0.0908475206	0.0905061192	-0.0900678015	0.089533037	-0.0031728772591179	0.0166395483894064	1.0067150101427515e-05	0.0002768745706033	0.0725567325545455	0.0019466577454637	0.0052644794389918	3.7894763779738504e-06	-0.3915479138331861	0.4271072972630065	0.1824206433753102	0.1533097688271201	-0.0359994873654169	0.0133563886674685	0.0012959630905728	0.0001783931182364	0.0036431174267268	-0.0022560478950264	1.3272304584920502e-05	5.08975210465305e-06	-0.0036076243325089	0.0010947734694024	1.3014953324510289e-05	1.1985289493075862e-06	0.0	0.0	0.0	0.0	0.0	0.0	0.0	0.0	0.0	1.0
2072.556123699124	-20.648480699852826	426.3597552121946	4295488.885882738	2845.7555541992188	-69.41686426950764	8098324.674255703	4818.701045011247	2399.666668231671	-22.936505537766152	526.0832862839774	5758400.118622088	2511.732082507534	2010.149669937223	1.091375	23.006363	0.1694489387841314	0.0974809029048246	0.0407695645	0.0352155429	0.0561961749	-0.063876073	-0.0068974219	-0.0766220233	0.0169856136	-0.0683905627	0.0374768265	-0.0273662119	-0.0237181352	-0.0138115417	-0.0520475251	0.0230924682	0.0559835545	0.0371883453	-0.0860401624	0.0861931601	0.0439851202	0.0002603171	0.0248131754	0.1257104225	0.0917782319	-0.0081058565	0.0169057401	0.1128272117	-0.0472056632	-0.0828082402	-0.0710328219	0.03761831	0.086883112	0.0411798994	-0.0086798615	-0.036770287	0.0111099325	-0.0300474675	0.0880577094	0.0312168141	-0.0041341335	0.0289926773	0.0691316899	-0.0565066245	-0.0396296455	-0.0189175599	0.103121602	-0.0316382285	-0.0444307431	-0.0717809543	0.0843722443	0.0833178597	0.0633797144	0.0555428226	-0.070958995	-0.0181050897	0.0919565897	0.0780029248	-0.1331973464	0.1582145416	-0.0709864651	0.0145233043	-0.0912694965	0.0912167139	-0.0911287655	0.0910056853	-0.0908475206	0.0906543325	-0.018293037610249	-0.015120160351131	0.0003346352250099	0.0002286192490439	0.024653875218064	-0.0479028573364815	0.0006078135632678	0.0022946837409992	-0.4614343082397951	-0.0698863944066089	0.0048841081231561	0.2129216208207382	-0.0364744159297661	-0.0004749285643491	0.0013303830174175	2.2555714123479107e-07	0.0036110877137867	-3.202971294010001e-05	1.3039954476661257e-05	1.02590251102521e-09	-0.0038314565890178	-0.0002238322565088	1.4680059593527914e-05	5.0100879053865926e-08	0.0	0.0	0.0	0.0	0.0	0.0	0.0	0.0	0.0	0.0
2067.559684752357	-4.99643894676683	24.96440214876843	4274803.050013266	2832.75228498082	-13.0032692183986	8024485.508064058	169.08501036615257	2392.1644020080566	-7.502266223614242	56.28399848998311	5722450.526234563	2508.440011739145	2036.926889118396	0.971037	20.469624	0.097214507421825	0.0480796591039474	0.0127763109	0.082996276	0.0055362257	0.0540754652	0.0336773708	-0.0560794309	-0.1067285687	0.0408411667	-0.0004569627	0.0148773965	-0.0682463053	-0.1126846891	-0.0021464419	-0.0556117794	0.018345992	-0.0269066559	0.030048614	0.1124877529	0.0763967693	-0.0277585575	-0.0926160589	0.0473267006	-0.0425597336	-0.0592261883	-0.0285645501	-0.0079903689	0.0474003232	-0.1301531899	0.0079321014	-0.0347274727	-0.0035145934	-0.0275321189	0.0612980368	0.0603892667	-0.0210865985	0.053797291	0.0879850352	0.0316457553	0.0295233609	-0.0112304753	-0.0582909964	-0.0773765235	-0.0001861767	-0.0900582228	0.1687411253	0.0056286665	0.027488063	-0.0479653795	0.0683272427	0.0374415441	0.1503148717	0.1487482891	-0.0071236799	-0.0513186188	0.1480204711	-0.0847802736	-0.0020921609	0.0242031357	0.0873181712	0.0440633736	-0.0912851377	0.0912792721	-0.0912694965	0.0912558111	-0.0912382167	0.0912167139	-0.0117570077387938	0.0065360298714551	0.00013822723097	4.2719686480554654e-05	0.0191963865601678	-0.0054574886578961	0.0003685012569673	2.9784182451065657e-05	-0.4263182936772764	0.0351160145625186	0.001233134478755	0.1817472875239045	-0.0361408932181215	0.0003335227116446	0.0013061641626036	1.1123739918276713e-07	0.0033396559322695	-0.0002714317815172	1.115330174594286e-05	7.367521201760115e-08	-0.0034343115955805	0.0003971449934372	1.179449613553868e-05	1.577241458123129e-07	0.0	0.0	0.0	0.0	0.0	0.0	0.0	0.0	0.0	0.0
