#!ascii label  , from subject sub-v1s16x0051177_ses-1 vox2ras=TkReg
9734
2118  -2.590  -76.161  35.104 0.6000000238
1818  -2.609  -76.995  35.551 0.5000000000
2101  -2.060  -76.437  37.758 0.6999999881
2110  -2.423  -76.233  35.997 0.5000000000
1813  -2.255  -77.314  36.180 0.4000000060
1823  -3.004  -77.734  34.421 0.2000000030
1809  -2.008  -77.233  37.135 0.5000000000
2432  -2.542  -74.862  34.786 0.8999999762
2422  -2.219  -75.616  35.492 0.6999999881
122511  -1.438  -75.728  37.658 0.8000000119
2109  -2.204  -76.363  36.850 0.6999999881
118960  -1.852  -75.894  37.315 0.8000000119
1531  -0.980  -77.982  38.000 0.6999999881
1804  -1.529  -76.941  38.453 0.6999999881
1539  -1.782  -78.274  36.557 0.4000000060
112344  -1.919  -78.354  35.837 0.3000000119
2457  -4.901  -74.748  32.392 0.6999999881
130424  -1.110  -75.332  34.062 0.8999999762
116876  -1.709  -75.319  35.372 0.8999999762
2768  -2.472  -74.724  34.364 0.8000000119
2442  -4.191  -74.758  33.569 0.6999999881
2456  -4.618  -74.717  33.000 0.6999999881
2107  -0.129  -76.082  36.793 0.8999999762
2117  -1.400  -75.589  36.072 0.8999999762
2127  -3.118  -75.498  34.204 0.5000000000
1802  6.022  -76.586  40.191 1.0000000000
1794  5.398  -76.032  40.314 1.0000000000
2085  4.379  -75.684  39.959 1.0000000000
116519  1.430  -76.209  37.680 0.8999999762
2106  0.941  -76.496  36.628 0.8999999762
2108  -1.075  -75.739  36.891 0.8999999762
2077  3.864  -76.095  40.198 1.0000000000
2097  0.791  -75.979  38.768 0.8999999762
117052  0.304  -75.922  37.801 0.8999999762
2098  -0.265  -75.923  38.709 0.8999999762
1830  -2.901  -76.932  33.608 0.2000000030
1527  5.366  -77.919  39.167 0.8999999762
1795  4.389  -76.446  40.290 0.8999999762
2078  2.712  -76.395  40.040 0.8999999762
2089  0.317  -76.288  39.431 0.8999999762
2090  -0.493  -76.345  39.207 0.8000000119
2099  -1.110  -75.874  38.462 0.8000000119
1560  -2.954  -78.221  34.116 0.2000000030
1521  -0.017  -77.036  39.703 0.8999999762
1535  -1.504  -79.028  37.752 0.5000000000
1303  -1.774  -79.248  37.118 0.3000000119
123671  1.297  -82.592  34.273 0.3000000119
108654  1.959  -83.936  34.217 0.2000000030
123649  1.343  -82.537  33.447 0.3000000119
227  1.611  -84.292  33.730 0.2000000030
2474  -4.722  -75.590  30.354 0.8000000119
2473  -4.488  -75.462  30.071 1.0000000000
108081  -4.685  -77.097  28.220 0.6999999881
2469  -5.126  -74.889  30.983 0.8000000119
108083  -4.594  -76.385  29.563 0.4000000060
2799  -5.027  -74.645  31.465 0.8000000119
2151  -4.745  -75.457  30.676 0.5000000000
108080  -4.664  -77.181  29.139 0.4000000060
2797  -3.728  -74.304  32.317 1.0000000000
2798  -4.667  -74.483  31.968 0.8000000119
2787  -4.959  -74.720  32.265 0.6999999881
2784  -1.906  -74.521  32.668 0.8999999762
2783  -1.131  -74.553  32.103 1.0000000000
129476  -3.824  -74.407  33.206 0.8000000119
2776  -4.074  -74.574  33.601 0.8000000119
2443  -4.760  -74.760  32.996 0.6999999881
2142  -4.083  -75.642  32.299 0.5000000000
2440  -0.622  -75.325  33.507 1.0000000000
2774  -2.227  -74.601  33.449 0.8000000119
2430  -0.671  -75.703  34.307 0.8999999762
2455  -1.251  -74.765  33.029 1.0000000000
2769  -3.185  -74.681  34.275 0.6999999881
112053  9.669  -77.404  40.712 0.6999999881
1800  8.766  -77.004  40.109 0.6999999881
1801  7.957  -76.798  40.308 0.8000000119
1524  8.966  -77.534  41.456 0.8000000119
1525  7.971  -77.967  41.359 1.0000000000
2083  6.636  -75.676  39.959 0.8000000119
118241  0.475  -76.528  35.721 0.8999999762
2125  0.091  -76.267  34.801 0.8999999762
1274  8.780  -78.588  41.352 0.8999999762
1514  8.019  -78.943  41.046 0.8999999762
1526  6.975  -77.260  39.950 1.0000000000
2396  4.850  -75.631  39.163 0.8000000119
120668  3.985  -75.785  38.919 1.0000000000
115675  2.545  -76.273  37.582 0.8999999762
1297  6.280  -79.812  37.537 0.8999999762
1285  6.251  -78.682  38.528 1.0000000000
110687  5.966  -77.829  39.094 0.8999999762
2087  2.641  -76.031  39.594 1.0000000000
2095  3.025  -75.907  38.800 0.8999999762
110058  5.627  -79.560  37.794 0.8999999762
1286  5.509  -78.752  38.409 0.8999999762
1528  4.363  -78.329  39.434 0.8999999762
1796  3.170  -77.115  40.373 0.8999999762
2088  1.225  -76.270  39.557 0.8999999762
2080  0.832  -76.685  39.885 0.8999999762
1030  5.716  -80.248  37.221 0.8999999762
1298  4.777  -79.615  38.165 0.8999999762
1276  2.858  -78.802  39.830 0.8999999762
121772  2.821  -78.117  40.295 0.8999999762
131055  6.151  -81.578  36.771 0.8999999762
1031  4.998  -80.900  37.569 0.8999999762
779  4.279  -81.596  38.819 0.8999999762
1021  3.758  -80.040  38.609 0.8999999762
122265  2.893  -79.470  39.286 0.8999999762
1279  0.888  -78.636  39.391 0.6999999881
1290  0.314  -79.189  38.648 0.6999999881
129576  5.186  -83.507  37.905 0.8000000119
128791  4.226  -83.426  38.388 0.8000000119
1033  3.854  -80.877  37.862 0.6999999881
1034  3.127  -80.512  37.800 0.6999999881
1024  1.775  -79.808  38.256 0.5000000000
1035  0.179  -80.190  37.371 0.5000000000
1300  -0.295  -79.772  38.023 0.6000000238
1301  -0.944  -79.894  37.938 0.5000000000
208  6.419  -84.297  36.174 0.6999999881
388  3.207  -83.471  37.859 0.6999999881
116780  3.281  -81.284  37.093 0.6000000238
1043  2.738  -80.517  36.785 0.6000000238
1045  0.833  -80.459  36.538 0.5000000000
1046  -0.277  -80.849  36.831 0.4000000060
129749  -1.499  -81.583  37.038 0.3000000119
217  3.708  -84.350  34.490 0.6000000238
128852  3.892  -84.422  35.830 0.6000000238
110289  3.393  -83.958  35.745 0.6000000238
793  3.177  -81.432  35.822 0.6000000238
117826  2.762  -80.919  35.482 0.6000000238
794  2.124  -80.791  35.266 0.6000000238
1055  0.503  -81.016  36.169 0.4000000060
123697  4.257  -84.326  32.917 0.5000000000
226  3.466  -84.293  33.747 0.5000000000
109158  3.061  -84.207  34.303 0.5000000000
584  3.511  -82.431  35.644 0.6000000238
123848  2.637  -81.261  34.798 0.6000000238
123716  1.756  -81.526  34.772 0.4000000060
589  0.921  -82.485  35.223 0.4000000060
123676  3.858  -84.294  33.152 0.5000000000
123896  2.958  -83.726  34.029 0.5000000000
108007  4.382  -82.016  34.000 0.3000000119
123950  2.154  -81.670  33.987 0.5000000000
121353  0.199  -84.390  34.405 0.2000000030
123702  4.228  -83.687  32.281 0.5000000000
123930  4.562  -82.788  33.552 0.3000000119
108009  4.239  -81.678  33.416 0.3000000119
128359  2.741  -81.547  33.416 0.2000000030
123949  1.707  -82.967  32.989 0.2000000030
108006  2.263  -84.226  33.567 0.2000000030
228  0.634  -84.426  33.727 0.2000000030
123699  4.884  -81.976  32.726 0.3000000119
108620  4.169  -81.585  32.615 0.3000000119
108013  3.260  -81.659  32.258 0.2000000030
108008  2.797  -84.125  32.563 0.2000000030
108012  4.789  -81.708  31.749 0.3000000119
108611  2.411  -81.929  32.005 0.2000000030
109019  3.250  -84.196  31.809 0.2000000030
108690  4.503  -81.476  30.872 0.2000000030
123830  3.924  -81.511  31.573 0.2000000030
123732  3.129  -81.805  31.460 0.2000000030
123774  2.636  -82.644  31.397 0.2000000030
123788  2.808  -84.288  31.564 0.2000000030
108798  3.721  -81.690  30.779 0.2000000030
123659  3.083  -82.262  30.713 0.2000000030
108014  3.591  -83.918  31.069 0.2000000030
108705  3.337  -84.229  30.395 0.2000000030
109031  -4.619  -77.096  28.583 0.4000000060
108079  -5.245  -77.844  27.749 0.4000000060
108085  -4.865  -77.438  27.193 0.6000000238
2809  -3.135  -74.179  30.755 1.0000000000
2810  -4.473  -74.483  31.164 1.0000000000
123739  -5.677  -78.145  27.210 0.4000000060
108650  -5.758  -77.634  26.124 0.6000000238
110902  -2.302  -74.332  31.959 1.0000000000
108969  -4.675  -77.809  29.273 0.3000000119
131134  -1.540  -74.332  31.513 1.0000000000
2454  -0.353  -74.892  32.670 1.0000000000
2439  0.220  -75.956  33.784 1.0000000000
1282  10.282  -78.359  40.268 0.8000000119
1808  8.173  -76.210  39.440 0.6999999881
2124  1.809  -76.689  34.736 1.0000000000
2134  1.150  -76.429  34.094 1.0000000000
1015  9.281  -79.580  40.031 0.8999999762
108990  9.629  -78.253  41.233 0.8999999762
2094  7.038  -75.489  39.022 0.8000000119
2402  5.401  -75.563  38.213 0.8000000119
110504  1.014  -76.622  34.936 0.8999999762
1283  8.148  -79.787  39.856 0.8999999762
121131  7.747  -79.474  39.826 1.0000000000
118073  4.518  -75.759  38.111 0.8000000119
2114  2.439  -76.749  35.501 0.8999999762
2105  1.998  -76.670  36.518 0.8999999762
1295  7.752  -79.996  38.470 1.0000000000
1296  7.021  -79.238  38.449 1.0000000000
2104  3.086  -76.595  36.425 0.8999999762
1039  7.271  -80.200  36.205 0.8999999762
111579  3.718  -76.074  37.573 0.8000000119
1051  6.866  -80.438  35.869 0.8999999762
113227  6.522  -82.085  36.289 0.8999999762
799  7.139  -81.472  34.519 0.8999999762
113723  6.664  -83.085  36.638 0.8000000119
587  7.413  -82.991  34.714 0.8999999762
111054  7.095  -84.300  35.554 0.6000000238
397  7.991  -83.904  34.754 0.8000000119
216  5.192  -84.560  34.542 0.6000000238
214  7.659  -84.200  34.881 0.6999999881
73  6.784  -85.113  31.425 0.6999999881
225  6.155  -84.769  32.826 0.6000000238
115569  5.847  -84.604  33.722 0.6000000238
224  7.162  -84.575  33.839 0.6000000238
130272  8.493  -84.204  33.629 0.8000000119
71  6.193  -85.020  32.012 0.6000000238
236  4.861  -84.526  32.052 0.6000000238
123948  4.315  -84.305  32.384 0.5000000000
108011  5.123  -82.334  32.050 0.4000000060
123931  5.411  -83.411  31.091 0.4000000060
123915  5.332  -82.211  31.397 0.4000000060
813  5.193  -81.457  30.030 0.3000000119
814  4.900  -81.164  29.689 0.1000000015
123650  3.570  -81.892  30.002 0.2000000030
108851  3.506  -82.282  29.150 0.2000000030
2161  -4.596  -76.307  29.323 1.0000000000
126083  -3.800  -77.019  27.225 0.8999999762
2821  -3.893  -74.671  30.428 1.0000000000
123712  -5.036  -77.348  26.331 0.8000000119
108951  -5.010  -77.759  28.275 0.3000000119
123784  -5.397  -77.120  25.839 0.8000000119
2796  -2.060  -74.084  30.972 1.0000000000
2820  -2.685  -74.119  29.919 1.0000000000
108676  -6.310  -78.855  26.940 0.3000000119
123946  -6.355  -78.463  26.162 0.3000000119
108703  -6.258  -77.807  25.651 0.6999999881
127424  -6.062  -76.898  25.431 0.8000000119
108068  -5.211  -79.740  28.138 0.3000000119
115633  -0.838  -74.313  31.169 1.0000000000
2464  -0.119  -74.699  31.889 1.0000000000
2806  -0.241  -74.039  30.395 1.0000000000
2795  0.294  -74.475  31.188 0.8999999762
2463  0.781  -74.859  31.889 1.0000000000
2794  1.242  -74.632  31.248 0.8000000119
127517  10.639  -79.082  39.274 0.8999999762
2400  7.040  -75.520  37.645 0.8000000119
2401  6.353  -75.410  37.964 0.8000000119
2141  1.055  -75.967  33.232 1.0000000000
111762  1.016  -75.424  32.522 1.0000000000
2462  1.732  -75.143  31.941 0.8000000119
1018  10.592  -79.810  38.559 0.8999999762
1281  10.073  -79.393  39.644 0.8999999762
2409  6.384  -75.086  36.881 0.8000000119
2410  5.557  -75.385  37.141 0.8000000119
2133  2.017  -76.522  34.057 0.8000000119
2452  1.775  -75.797  32.746 0.8000000119
777  10.568  -81.192  37.147 0.8000000119
785  9.908  -81.173  37.134 0.8999999762
2411  4.902  -75.631  36.333 0.8000000119
110551  4.115  -76.280  36.294 0.8000000119
2123  2.775  -76.585  34.512 0.8000000119
128530  8.824  -80.388  35.981 0.8999999762
128349  8.371  -80.327  37.605 0.8999999762
1049  7.978  -80.073  35.523 0.8999999762
129020  7.777  -80.148  36.297 1.0000000000
1050  7.441  -80.241  35.284 1.0000000000
800  7.440  -81.102  33.828 1.0000000000
592  7.731  -82.744  33.221 0.8999999762
121197  8.574  -84.477  32.263 0.8000000119
232  9.236  -84.110  32.592 0.8000000119
213  8.484  -84.002  33.950 0.8000000119
70  7.052  -84.914  32.123 0.6999999881
223  7.977  -84.515  33.408 0.6999999881
130084  9.163  -83.956  32.987 0.8999999762
79  6.069  -85.271  30.690 0.6000000238
80  5.205  -85.156  30.772 0.5000000000
131156  4.965  -84.682  31.498 0.5000000000
250  4.847  -84.761  30.676 0.6000000238
413  5.672  -83.640  30.155 0.5000000000
2482  -3.953  -75.839  29.253 1.0000000000
108902  -4.019  -76.463  28.570 1.0000000000
2472  -3.223  -75.061  29.599 1.0000000000
109032  -3.076  -76.641  26.875 1.0000000000
2826  -2.405  -74.162  29.074 1.0000000000
108073  -5.388  -78.782  28.124 0.3000000119
2206  -3.856  -76.263  25.488 1.0000000000
2819  -2.103  -73.523  29.248 1.0000000000
108695  -6.242  -79.937  27.206 0.3000000119
123708  -6.589  -79.686  26.297 0.3000000119
2808  -2.138  -73.768  30.030 1.0000000000
2825  -1.696  -73.237  28.710 1.0000000000
123883  -4.400  -80.037  28.240 0.3000000119
108069  -5.231  -80.705  26.953 0.3000000119
109089  -5.154  -80.915  25.968 0.3000000119
1370  -6.544  -80.204  25.289 0.3000000119
108945  -6.633  -77.920  24.953 0.6000000238
130834  -0.863  -73.609  29.992 1.0000000000
1643  -6.981  -78.404  23.734 0.4000000060
1908  -6.971  -77.728  24.283 0.6999999881
2817  0.441  -73.933  29.931 1.0000000000
116559  -0.395  -73.616  29.674 1.0000000000
2805  0.828  -74.282  30.538 0.8000000119
2102  7.693  -75.938  37.045 0.6999999881
122730  1.740  -74.442  30.635 0.8000000119
1026  11.771  -80.341  37.192 0.8000000119
2419  5.611  -74.406  35.507 0.8000000119
784  11.113  -81.369  36.631 0.8000000119
113010  5.652  -74.841  36.309 0.8000000119
2132  2.569  -76.345  33.656 0.8000000119
2451  2.652  -75.627  32.386 0.8000000119
792  9.440  -80.992  36.688 0.8000000119
2121  4.324  -75.945  34.232 0.6999999881
2112  4.429  -76.048  35.336 0.8000000119
2131  3.428  -76.310  33.868 0.8000000119
2139  3.094  -76.077  33.109 0.8000000119
1060  8.935  -80.193  35.205 0.8999999762
2113  3.476  -76.580  35.410 0.8000000119
125944  8.469  -79.721  33.880 0.8999999762
1323  7.972  -79.760  33.854 0.8999999762
1061  7.514  -80.300  34.385 0.8999999762
1328  8.008  -79.640  33.063 0.8999999762
1067  7.677  -80.221  33.318 0.8999999762
597  7.578  -82.098  32.337 0.8999999762
108040  7.942  -82.514  31.553 0.8999999762
123738  9.117  -83.402  32.045 0.8999999762
115694  9.328  -84.283  31.720 0.8999999762
240  9.719  -84.089  31.587 1.0000000000
123895  9.389  -84.256  31.567 0.8999999762
400  8.687  -83.773  33.488 0.8999999762
241  8.350  -84.640  31.393 0.8999999762
78  7.075  -85.188  30.545 0.6999999881
77  8.119  -85.028  30.421 0.8000000119
115965  6.836  -85.341  28.894 0.5000000000
84  7.458  -85.210  29.625 0.6999999881
120951  5.295  -85.293  29.946 0.5000000000
109125  4.754  -85.058  30.021 0.5000000000
257  5.900  -84.183  29.201 0.5000000000
611  5.643  -82.085  29.621 0.4000000060
113585  5.332  -81.146  29.216 0.2000000030
267  4.436  -84.997  28.846 0.5000000000
825  4.892  -80.917  28.957 0.1000000015
266  5.373  -84.525  28.322 0.5000000000
2480  -2.057  -74.577  28.114 1.0000000000
2481  -2.844  -75.610  28.608 1.0000000000
2207  -4.344  -75.921  25.272 0.8999999762
2489  -1.721  -74.827  27.011 1.0000000000
2490  -2.403  -75.733  27.487 1.0000000000
2526  -5.662  -75.501  25.023 0.8999999762
3139  -1.825  -73.142  27.939 1.0000000000
122325  -2.050  -73.472  28.476 1.0000000000
2838  -1.954  -73.715  26.630 1.0000000000
2527  -6.384  -75.361  24.520 0.8000000119
3138  -1.124  -73.018  28.216 1.0000000000
3130  -0.766  -73.276  28.971 1.0000000000
122107  -7.083  -76.030  24.136 0.6999999881
3129  0.494  -73.588  29.173 0.8999999762
3137  -0.090  -73.219  28.486 1.0000000000
1921  -5.914  -78.928  23.179 0.4000000060
2226  -7.306  -76.521  23.193 0.5000000000
2237  -7.012  -76.468  22.597 0.5000000000
126974  -6.476  -77.087  22.599 0.4000000060
2551  -6.874  -75.600  22.251 0.6000000238
122815  2.252  -73.934  29.541 0.6999999881
2816  1.420  -74.050  29.832 0.8000000119
111513  -6.432  -74.051  21.448 0.6000000238
2793  2.558  -74.595  30.850 0.6999999881
2804  2.362  -74.239  30.162 0.8000000119
2418  6.429  -74.502  36.018 0.6999999881
2428  5.254  -74.477  34.668 0.6999999881
2461  2.626  -74.979  31.591 0.8000000119
108047  11.610  -81.482  34.885 0.8000000119
1048  10.826  -81.338  35.778 0.8000000119
2429  4.857  -75.093  34.996 0.6999999881
2450  3.575  -75.658  32.575 0.6999999881
791  10.280  -81.290  36.634 0.8000000119
116293  10.057  -80.507  35.014 0.8000000119
2438  4.563  -75.449  33.572 0.6999999881
2130  3.930  -75.938  33.316 0.8000000119
1322  9.106  -79.748  33.551 0.8999999762
117725  9.090  -79.396  32.601 0.8999999762
1327  8.317  -79.407  32.502 0.8999999762
125329  8.071  -79.465  31.922 0.8999999762
1077  7.761  -80.146  31.718 0.8000000119
601  7.650  -81.296  31.589 0.8000000119
123762  8.213  -82.361  30.712 0.8000000119
131219  8.732  -83.144  31.301 0.8000000119
247  10.303  -84.209  30.315 0.8999999762
123752  10.111  -84.002  31.203 1.0000000000
108673  9.387  -83.294  30.757 0.8999999762
130788  8.921  -84.519  30.873 0.8999999762
129107  9.832  -84.420  29.788 0.8999999762
83  8.408  -85.033  29.274 0.8000000119
131014  8.892  -84.786  29.262 0.8000000119
92  8.336  -85.084  28.298 0.8000000119
119847  7.725  -85.205  28.812 0.8000000119
82  9.095  -84.716  28.646 0.8000000119
93  7.362  -85.283  28.000 0.5000000000
111910  5.743  -85.454  28.994 0.5000000000
86  4.771  -85.291  29.107 0.5000000000
104  6.638  -85.567  27.320 0.6000000238
95  4.982  -85.589  28.228 0.5000000000
118943  4.332  -84.961  28.021 0.5000000000
420  6.269  -83.377  28.541 0.5000000000
615  6.011  -81.906  28.534 0.5000000000
129  5.856  -85.681  27.064 0.5000000000
118  4.720  -85.466  27.225 0.5000000000
276  4.980  -84.728  27.433 0.5000000000
283  4.870  -84.882  26.920 0.5000000000
282  6.451  -84.295  26.734 0.5000000000
429  6.485  -83.694  27.736 0.5000000000
622  6.413  -82.176  27.470 0.5000000000
128  6.463  -84.883  25.750 0.5000000000
287  6.550  -84.149  25.689 0.5000000000
447  6.699  -83.099  25.857 0.5000000000
638  6.481  -81.852  25.503 0.5000000000
293  6.450  -84.442  25.091 0.5000000000
457  6.143  -83.794  24.172 0.5000000000
648  6.341  -81.702  24.669 0.4000000060
296  5.813  -83.853  23.500 0.5000000000
464  6.111  -82.022  23.878 0.4000000060
884  5.193  -80.926  21.439 0.4000000060
108895  -3.349  -76.617  26.005 1.0000000000
2866  -6.423  -74.628  24.440 1.0000000000
2510  -2.112  -75.275  25.507 1.0000000000
2524  -3.555  -75.578  24.993 1.0000000000
2864  -4.228  -74.579  24.702 0.8999999762
3150  -1.255  -72.767  26.335 1.0000000000
2832  -2.001  -73.503  27.618 1.0000000000
2528  -7.148  -75.398  23.549 0.6999999881
3149  -0.220  -72.783  26.658 1.0000000000
3146  -1.296  -72.908  27.386 1.0000000000
3195  -7.258  -74.160  23.002 0.8999999762
3145  0.003  -72.994  27.660 0.8999999762
3479  0.702  -72.595  26.005 0.8000000119
3480  -0.276  -72.533  25.826 0.8000000119
3487  -0.395  -72.040  25.215 0.8000000119
2879  -7.416  -75.005  22.896 0.6999999881
2894  -7.294  -74.789  22.278 0.8000000119
117580  -7.256  -73.372  22.653 0.8000000119
116981  0.887  -73.293  28.317 0.8999999762
124505  1.158  -73.028  27.581 0.8000000119
3210  -7.303  -73.732  21.810 0.6999999881
3538  -7.363  -72.902  21.260 0.8000000119
3209  -6.679  -73.267  20.945 0.6999999881
4896  -6.919  -69.644  21.701 0.8000000119
2815  2.994  -73.937  29.753 0.6999999881
2792  3.382  -74.755  31.133 0.6999999881
2803  3.222  -74.339  30.412 0.6999999881
123817  11.269  -82.441  34.175 0.8000000119
1058  11.116  -80.814  34.709 0.8000000119
2437  5.044  -74.707  33.871 0.6999999881
2448  4.849  -74.975  33.173 0.6999999881
2449  4.327  -75.448  32.815 0.6999999881
123822  10.900  -80.607  32.977 0.8000000119
123729  8.652  -79.094  31.819 0.8999999762
108802  8.491  -79.027  30.374 0.8999999762
123656  8.156  -79.451  31.119 0.8999999762
108614  8.413  -79.197  29.448 0.8999999762
123871  8.023  -79.840  30.208 0.8000000119
112534  8.433  -81.124  28.650 0.8999999762
123696  8.113  -80.365  29.386 0.8000000119
108031  8.307  -81.393  29.435 0.8000000119
123894  10.450  -83.494  29.687 1.0000000000
123737  9.372  -83.130  29.750 1.0000000000
109101  8.774  -82.186  29.161 1.0000000000
123674  10.797  -84.093  29.745 1.0000000000
256  11.065  -84.203  29.016 1.0000000000
265  10.040  -84.399  28.711 0.8999999762
103  8.150  -85.107  27.381 0.6999999881
125409  9.500  -84.455  27.922 0.8000000119
6811  -4.676  -66.041  9.856 0.6000000238
7518  -4.151  -64.822  10.673 0.6000000238
102  8.876  -84.780  27.639 0.8000000119
281  10.285  -84.322  26.810 0.8999999762
129230  7.427  -85.293  27.155 0.6000000238
114  8.638  -84.855  26.673 0.6999999881
101  9.408  -84.440  26.952 0.8999999762
6168  -4.307  -67.008  10.101 0.6000000238
116  6.067  -85.788  26.609 0.6000000238
122982  -5.146  -67.342  9.136 0.5000000000
33  6.680  -85.052  25.768 0.5000000000
32  7.198  -85.045  25.115 0.5000000000
114090  6.701  -84.619  24.781 0.5000000000
108742  5.657  -84.133  22.462 0.6000000238
45  6.443  -84.625  23.764 0.5000000000
36  7.718  -85.084  24.596 0.6999999881
299  5.669  -83.751  23.122 0.5000000000
128077  5.431  -82.836  22.158 0.5000000000
110025  5.386  -82.584  21.970 0.5000000000
483  5.154  -83.592  21.687 0.5000000000
875  5.368  -81.470  22.398 0.4000000060
113029  5.321  -82.874  21.196 0.5000000000
690  5.307  -81.803  20.762 0.4000000060
894  5.149  -80.817  20.474 0.4000000060
2865  -5.435  -74.727  24.841 0.8999999762
121764  -6.600  -73.952  24.411 1.0000000000
3181  -6.795  -73.358  23.889 1.0000000000
4385  -6.700  -71.485  23.019 0.8999999762
3949  -7.478  -72.258  22.044 0.8000000119
4398  -6.952  -70.936  21.493 0.8000000119
4897  -7.292  -69.148  20.760 0.6999999881
2791  4.260  -74.813  31.533 0.6999999881
108737  11.375  -80.769  33.985 0.8000000119
2782  4.818  -74.810  32.397 0.6999999881
108891  10.268  -79.994  32.306 0.8000000119
123678  9.376  -79.109  31.648 0.8000000119
123728  9.176  -78.744  30.030 0.8000000119
108041  9.024  -78.673  29.139 0.8000000119
123695  8.299  -79.874  28.566 0.6999999881
123872  8.489  -80.528  27.806 0.8999999762
108758  8.853  -81.073  27.132 0.8999999762
123808  9.417  -82.546  28.127 1.0000000000
123792  8.968  -82.073  28.528 0.8999999762
123669  11.112  -83.555  28.586 1.0000000000
108826  11.213  -84.132  28.989 1.0000000000
123938  11.244  -83.529  27.662 0.8999999762
263  11.513  -84.231  28.119 1.0000000000
274  10.875  -84.329  27.610 1.0000000000
8150  -3.023  -64.466  12.454 0.8000000119
7517  -3.380  -65.056  11.653 0.8000000119
8162  -3.771  -64.234  11.242 0.6999999881
120333  11.231  -84.374  26.837 0.8999999762
6780  -3.218  -65.966  12.126 0.8000000119
115664  -3.707  -66.442  11.116 0.6000000238
8765  -4.155  -62.695  11.541 0.6999999881
113  9.081  -84.692  25.912 0.8000000119
112  9.735  -84.503  26.126 0.8999999762
6158  -3.428  -67.244  11.626 0.8000000119
115575  7.861  -85.096  26.519 0.8000000119
124  9.677  -84.657  25.167 1.0000000000
123  10.391  -84.508  24.838 0.8999999762
128361  -4.395  -68.312  10.166 0.5000000000
5013  -3.424  -69.051  11.610 0.6000000238
127  7.537  -85.073  25.740 0.6000000238
30  7.947  -85.101  25.080 0.8000000119
110746  8.737  -85.120  24.093 0.8999999762
140  9.743  -84.867  24.090 0.8999999762
9  6.603  -85.043  23.200 0.6999999881
3  7.532  -85.067  23.792 0.8000000119
1  8.466  -85.121  23.444 0.8999999762
41  9.194  -85.178  23.455 0.8000000119
107988  7.076  -84.720  22.779 0.6000000238
120934  7.837  -85.120  23.292 0.6999999881
318  5.761  -83.619  20.933 0.6999999881
107998  6.160  -84.596  22.634 0.6999999881
108790  5.750  -83.589  19.522 0.5000000000
491  5.309  -83.505  21.199 0.5000000000
3180  -5.838  -73.755  25.023 1.0000000000
120881  -6.064  -73.217  25.161 1.0000000000
4399  -7.327  -71.804  22.073 0.8000000119
5441  -7.353  -68.725  21.441 0.8000000119
6671  -7.509  -67.171  20.576 0.4000000060
5459  -7.473  -68.590  20.449 0.6000000238
6014  -7.512  -67.584  21.674 0.8000000119
2801  4.895  -74.314  31.027 0.6999999881
7389  -7.412  -65.387  20.670 0.3000000119
123757  11.149  -82.107  31.060 0.8000000119
108055  11.507  -81.243  31.873 0.8000000119
108640  11.133  -80.528  31.089 0.8000000119
123384  10.930  -80.388  31.781 0.8000000119
123682  11.192  -79.752  30.229 0.8000000119
108023  9.904  -78.634  29.174 0.8000000119
108609  9.028  -78.727  27.807 0.6999999881
123693  8.660  -78.952  28.529 0.6999999881
123764  8.848  -79.093  27.042 0.8000000119
123655  8.549  -79.482  27.769 0.6999999881
123870  8.633  -80.053  27.034 0.8000000119
127927  9.044  -80.056  25.790 0.8999999762
123787  8.927  -80.562  26.385 0.8999999762
123725  9.485  -81.598  26.577 0.8999999762
108726  9.469  -82.085  27.396 1.0000000000
123759  10.043  -82.879  26.925 0.8999999762
108622  11.027  -83.471  26.619 0.8999999762
8730  -2.302  -63.671  15.488 1.0000000000
7464  -2.466  -64.732  14.536 0.8999999762
8116  -2.623  -63.943  14.631 0.8999999762
123837  11.829  -84.272  26.617 0.8999999762
7475  -2.779  -64.687  13.757 0.8000000119
8750  -3.002  -62.777  12.442 0.6999999881
9386  -3.745  -61.988  12.211 0.6999999881
280  12.471  -84.198  26.280 0.8999999762
6779  -2.648  -66.146  13.241 0.8999999762
291  11.659  -84.129  24.456 0.8000000119
6145  -2.896  -66.835  12.500 0.8000000119
133  10.835  -84.602  24.075 0.8999999762
5570  -3.459  -68.092  11.624 0.8000000119
34  8.770  -85.135  24.142 1.0000000000
5012  -2.380  -69.311  12.164 0.8999999762
40  10.061  -85.179  23.029 0.8999999762
107999  6.160  -83.518  20.861 0.8000000119
107990  5.923  -83.685  20.695 0.6999999881
481  6.842  -83.412  22.006 0.8000000119
110339  7.868  -84.320  22.340 0.6000000238
109163  8.569  -84.708  22.184 0.6000000238
119917  9.746  -85.146  22.282 0.6999999881
107989  6.867  -84.018  21.929 0.6999999881
108000  5.921  -83.768  19.326 0.6999999881
8057  -6.622  -63.846  20.120 0.3000000119
110132  -7.475  -66.720  21.804 0.6999999881
108043  11.394  -82.317  32.859 0.8000000119
110074  -7.128  -64.695  20.358 0.3000000119
123794  11.503  -82.694  30.993 0.8000000119
108767  11.463  -81.367  30.517 0.8000000119
123677  10.931  -78.916  29.605 0.8000000119
123652  9.463  -78.564  27.039 0.8000000119
123937  9.926  -78.453  28.013 0.8000000119
108612  9.796  -78.337  26.054 0.8999999762
123845  9.286  -79.128  25.607 0.8999999762
123947  9.179  -78.840  26.403 0.8999999762
108049  8.909  -79.595  26.347 0.8999999762
8114  -1.480  -64.536  15.296 1.0000000000
126334  -2.938  -62.327  13.170 0.6999999881
108743  12.307  -83.886  24.795 0.8000000119
109100  12.175  -83.835  24.135 0.8000000119
7474  -2.420  -65.458  14.046 0.8999999762
883  7.676  -81.331  21.650 0.8000000119
294  12.098  -83.914  23.736 0.8000000119
124048  -2.262  -66.773  13.366 0.8999999762
5569  -2.464  -68.498  12.393 0.8000000119
696  6.866  -81.914  20.271 0.8999999762
688  7.181  -81.913  21.377 0.6000000238
144  11.063  -84.715  22.292 0.8000000119
4553  -2.634  -70.705  11.452 0.8999999762
707  6.803  -82.490  19.124 0.8999999762
689  6.709  -82.486  21.015 0.8999999762
677  8.147  -82.709  22.028 0.5000000000
312  8.549  -83.751  21.748 0.6000000238
488  9.735  -83.899  20.698 0.5000000000
116771  11.251  -84.046  20.221 0.6000000238
310  10.622  -84.584  20.757 0.6999999881
4082  -4.020  -71.261  10.494 0.6000000238
4081  -3.205  -71.410  10.972 0.8000000119
697  6.418  -83.028  20.083 0.8999999762
678  7.197  -82.702  21.862 0.5000000000
149  8.344  -84.763  22.139 0.5000000000
127256  9.142  -84.513  21.447 0.6000000238
116959  9.969  -84.732  21.076 0.6000000238
148  10.089  -85.072  21.916 0.8000000119
129188  5.971  -84.154  18.508 0.6000000238
107992  6.094  -83.680  19.606 0.6999999881
108619  6.115  -84.348  17.891 0.5000000000
123863  5.867  -84.025  18.581 0.6000000238
123755  5.754  -83.964  18.385 0.4000000060
8653  -6.075  -62.971  20.214 0.3000000119
8058  -7.272  -63.885  20.592 0.6999999881
6647  -7.603  -65.732  21.435 0.6999999881
108713  11.419  -82.394  30.561 0.8000000119
123860  11.612  -80.725  29.835 0.8000000119
108042  10.982  -78.704  28.784 0.8000000119
125274  11.970  -78.746  27.734 0.8000000119
123658  11.105  -78.522  27.847 0.8000000119
123934  10.303  -78.293  26.987 0.8000000119
9942  -0.265  -60.892  16.001 0.8999999762
9943  -1.082  -60.972  15.882 1.0000000000
120526  -1.560  -61.847  15.995 1.0000000000
118638  -2.327  -61.945  15.898 1.0000000000
9325  -0.937  -62.481  16.036 1.0000000000
8719  -1.929  -63.333  15.922 1.0000000000
9328  -2.929  -61.923  15.459 0.8999999762
10603  -3.527  -60.227  14.074 0.6999999881
9978  -4.075  -60.473  12.960 0.6000000238
118644  12.032  -83.438  22.799 0.8000000119
8108  -1.005  -63.881  15.684 1.0000000000
462  11.943  -83.666  23.392 0.8000000119
7472  -0.650  -65.435  14.493 1.0000000000
7473  -1.560  -65.674  14.484 0.8999999762
6778  -1.381  -66.978  13.573 0.8999999762
5553  -1.793  -68.114  12.870 0.8000000119
1139  8.149  -80.757  21.816 0.6999999881
112061  12.174  -83.619  19.916 0.6999999881
303  11.700  -84.250  21.182 0.8000000119
5011  -1.582  -69.555  12.108 0.8000000119
906  7.167  -81.522  19.153 0.8999999762
882  8.177  -81.709  21.954 0.6000000238
881  8.875  -81.335  21.646 0.6000000238
308  11.614  -84.096  20.568 0.8000000119
4080  -2.179  -71.211  11.049 0.8999999762
127060  10.268  -83.527  20.341 0.6000000238
695  11.152  -82.853  19.432 0.6000000238
322  12.158  -83.541  19.477 0.6000000238
150  11.325  -84.549  21.025 0.8000000119
112717  -3.024  -72.719  8.541 0.6000000238
4122  -2.666  -72.241  9.566 0.6999999881
4101  -2.084  -71.591  10.157 0.8000000119
505  6.987  -83.898  17.852 0.8000000119
311  9.895  -84.597  20.917 0.6000000238
107996  6.633  -84.288  17.622 0.6000000238
123754  6.253  -84.492  17.139 0.6000000238
335  5.914  -84.241  17.073 0.4000000060
533  5.973  -83.842  15.859 0.4000000060
120904  -6.925  -62.027  21.460 0.6000000238
108613  10.712  -78.027  26.109 0.8999999762
9941  -0.064  -61.720  16.017 0.8999999762
10576  -1.832  -59.879  15.559 1.0000000000
10577  -2.639  -60.541  15.475 1.0000000000
9958  -3.193  -61.075  15.109 0.8999999762
8729  -0.197  -63.732  15.540 0.8999999762
11317  -3.850  -59.405  14.271 0.6999999881
486  13.078  -83.152  19.857 0.6000000238
121360  12.469  -83.288  21.135 0.6999999881
6777  -0.611  -66.743  13.624 0.8999999762
930  7.722  -81.268  17.146 0.8999999762
1193  7.518  -80.260  17.506 0.8000000119
302  12.288  -83.581  20.465 0.8000000119
478  12.105  -83.724  21.409 0.8000000119
6142  -0.611  -67.464  13.257 0.8999999762
130779  7.543  -81.638  17.670 0.8000000119
115079  7.346  -80.590  19.288 0.8000000119
893  7.306  -81.157  20.923 0.8000000119
1140  7.690  -80.410  21.302 0.6999999881
5552  -0.968  -68.181  12.968 0.8999999762
5025  -0.868  -69.846  11.459 0.8999999762
4570  -1.436  -70.884  10.581 0.8999999762
950  8.144  -82.075  15.828 0.8999999762
941  7.941  -82.104  16.499 0.8999999762
719  7.629  -82.183  17.276 0.8999999762
118870  8.889  -80.517  21.587 0.6999999881
892  9.654  -80.982  21.123 0.6000000238
891  10.347  -81.550  20.421 0.5000000000
321  12.863  -83.422  19.191 0.6000000238
514  13.104  -83.321  17.275 0.5000000000
729  8.407  -82.963  15.993 1.0000000000
114426  7.908  -83.017  16.755 0.8999999762
113127  7.428  -83.086  17.591 1.0000000000
1152  9.545  -80.060  21.148 0.6999999881
1151  10.312  -80.550  20.536 0.5000000000
1168  10.923  -81.206  19.869 0.5000000000
904  11.274  -82.030  19.181 0.5000000000
504  12.001  -83.377  18.915 0.6000000238
3346  -3.418  -73.503  7.922 0.5000000000
4121  -2.161  -71.835  8.888 0.8999999762
741  8.438  -82.915  15.218 1.0000000000
515  7.749  -83.942  17.013 1.0000000000
1167  11.491  -81.001  19.331 0.5000000000
916  11.760  -81.861  18.627 0.5000000000
915  12.253  -82.522  17.993 0.5000000000
342  8.566  -84.972  15.140 1.0000000000
343  8.166  -84.799  15.762 1.0000000000
108823  7.338  -84.418  17.078 0.8000000119
165  7.714  -84.977  15.495 0.6999999881
123864  6.837  -84.774  16.228 0.6999999881
345  6.349  -84.514  16.465 0.4000000060
349  8.735  -85.007  14.295 0.6999999881
166  7.054  -84.967  15.422 0.6000000238
116953  5.375  -82.597  15.906 0.4000000060
350  6.323  -84.993  14.022 0.4000000060
351  6.337  -84.470  14.862 0.4000000060
8644  -7.748  -63.461  21.946 0.8000000119
8023  -7.581  -64.405  22.340 0.6999999881
7339  -7.529  -65.257  22.142 0.6999999881
6624  -7.139  -65.975  22.684 0.6999999881
9867  -6.810  -61.313  22.133 0.8000000119
7362  -7.662  -64.794  21.177 0.6000000238
9842  -3.433  -61.388  23.976 0.1000000015
131402  -1.019  -59.196  16.737 1.0000000000
11269  0.152  -59.842  17.142 0.8999999762
9926  0.492  -60.996  16.352 0.8999999762
10586  -2.648  -59.516  15.414 1.0000000000
11292  -3.412  -59.126  15.069 0.8000000119
12021  -3.817  -58.274  15.098 0.8000000119
123405  14.244  -83.281  18.374 0.5000000000
8132  -0.065  -64.844  14.624 1.0000000000
1204  7.580  -80.426  16.605 0.8999999762
495  13.663  -83.199  19.131 0.4000000060
109492  7.819  -81.288  16.272 0.8999999762
1415  7.431  -79.720  19.591 0.8000000119
1390  8.162  -79.433  21.419 0.8000000119
717  13.371  -83.392  16.290 0.4000000060
502  13.480  -83.386  18.336 0.4000000060
6141  0.014  -66.835  13.261 1.0000000000
117828  -0.158  -68.852  12.000 0.8999999762
111147  7.678  -81.348  15.582 0.8000000119
1670  7.832  -78.902  20.693 0.8000000119
1669  8.357  -78.491  20.905 0.6999999881
1400  10.120  -79.407  20.608 0.6000000238
130416  -1.971  -74.711  7.552 0.8000000119
5040  -0.379  -69.551  10.924 0.8999999762
113042  -0.584  -69.737  10.082 0.8999999762
119118  7.819  -81.969  15.064 0.8999999762
1414  10.916  -80.143  19.893 0.5000000000
704  12.440  -83.078  18.008 0.5000000000
130624  -1.921  -77.101  9.334 0.8000000119
2679  -1.634  -76.214  8.995 0.8999999762
3345  -3.039  -74.006  7.240 0.6999999881
4137  -2.692  -72.601  7.642 0.8000000119
4582  -1.456  -70.999  9.629 0.8999999762
532  8.700  -83.867  15.365 1.0000000000
1181  11.993  -80.876  18.863 0.5000000000
1180  12.363  -81.416  18.246 0.5000000000
929  12.635  -82.169  17.423 0.5000000000
3358  -2.812  -73.841  6.733 0.8000000119
537  8.813  -83.894  14.472 1.0000000000
354  8.886  -84.629  13.830 0.8999999762
541  8.462  -83.860  13.539 0.8999999762
355  8.553  -85.073  13.307 0.8000000119
170  6.908  -85.296  14.064 0.6000000238
175  7.467  -85.366  13.020 0.6000000238
112205  5.861  -83.898  13.846 0.5000000000
538  5.735  -83.397  14.623 0.4000000060
9249  -7.584  -62.511  22.907 0.8000000119
9263  -7.354  -62.150  21.978 0.8000000119
10480  -6.467  -59.743  23.949 0.4000000060
11261  -0.952  -59.078  17.470 0.8999999762
11994  -1.624  -58.611  17.821 0.8999999762
12008  -1.594  -58.777  16.766 1.0000000000
11285  -1.963  -58.971  15.832 1.0000000000
12696  -2.828  -57.461  17.563 1.0000000000
12706  -2.801  -57.597  16.919 1.0000000000
12009  -3.195  -57.939  15.758 1.0000000000
12708  -4.055  -56.687  15.501 0.8000000119
13406  -3.758  -56.280  16.151 0.8999999762
12721  -4.942  -56.770  14.756 0.8000000119
9323  1.746  -62.502  16.124 0.8999999762
8716  0.875  -62.803  15.944 0.8999999762
8112  0.269  -64.204  14.925 0.8999999762
1431  7.477  -79.474  17.726 0.6999999881
8149  0.833  -64.971  13.629 1.0000000000
7496  -0.147  -66.095  13.844 1.0000000000
1216  7.460  -80.582  15.726 0.8000000119
1683  7.609  -78.885  19.884 0.8000000119
1682  7.984  -78.180  20.246 0.6999999881
1940  8.707  -77.797  20.596 0.6999999881
6167  0.486  -67.553  12.095 0.8999999762
1221  7.126  -80.960  14.863 0.8000000119
131238  9.646  -78.790  20.877 0.6000000238
1681  10.909  -78.956  19.962 0.4000000060
128954  12.991  -82.869  16.720 0.4000000060
5588  0.288  -68.243  10.673 0.8999999762
5589  -0.073  -69.014  10.278 0.8999999762
956  7.228  -81.839  14.223 0.8999999762
1413  11.670  -79.899  19.332 0.5000000000
1421  12.472  -80.193  18.647 0.5000000000
1179  13.059  -80.885  17.816 0.4000000060
2343  -1.825  -77.280  11.039 0.6000000238
757  7.409  -82.664  13.518 1.0000000000
3033  -1.479  -74.686  7.327 0.8999999762
3047  -2.360  -74.354  6.903 0.8000000119
760  7.539  -83.524  12.592 0.8999999762
4156  -2.412  -72.667  6.591 0.8999999762
110084  8.446  -84.641  12.879 0.8000000119
359  8.051  -85.057  12.339 0.5000000000
181  6.691  -85.357  12.404 0.5000000000
356  5.808  -84.717  13.313 0.5000000000
549  4.906  -83.959  12.296 0.4000000060
182  5.991  -85.291  12.120 0.6000000238
361  4.604  -83.970  12.093 0.3000000119
121221  -6.073  -66.880  24.387 1.0000000000
6623  -6.771  -66.804  23.255 1.0000000000
8612  -7.017  -63.398  23.736 0.8999999762
8003  -6.900  -64.382  23.530 0.6999999881
7318  -6.949  -65.223  23.173 0.8000000119
116713  -7.560  -63.496  22.865 0.8000000119
10547  1.274  -60.339  17.988 0.8999999762
11259  0.516  -59.837  18.012 0.8999999762
11260  -0.637  -59.230  18.260 0.8999999762
11984  -1.221  -58.868  18.512 0.8999999762
12679  -2.500  -57.529  19.319 1.0000000000
12687  -2.647  -57.586  18.373 1.0000000000
12697  -3.218  -56.920  16.995 1.0000000000
14052  -3.912  -54.764  16.841 1.0000000000
10555  1.701  -60.849  17.579 0.8999999762
9925  1.327  -61.229  16.837 0.8999999762
14068  -4.155  -55.247  16.038 0.8000000119
14069  -4.972  -54.954  15.612 0.8000000119
13421  -6.002  -56.160  14.840 0.6999999881
110769  13.214  -81.887  16.945 0.4000000060
9940  1.958  -61.944  16.630 0.8999999762
111831  1.653  -63.449  14.959 0.8999999762
14054  -6.215  -55.077  16.487 0.6000000238
110394  -6.367  -56.409  15.218 0.5000000000
1702  7.620  -78.819  17.474 0.6999999881
1192  13.775  -80.058  17.684 0.5000000000
9344  2.594  -62.667  15.556 0.8999999762
8130  1.203  -64.401  13.787 0.8999999762
6776  0.516  -66.082  13.065 1.0000000000
1217  7.080  -80.003  15.119 0.8000000119
1956  7.730  -78.163  19.112 0.6999999881
1939  10.121  -77.356  20.256 0.6000000238
6810  0.835  -66.749  11.685 1.0000000000
6178  0.596  -67.500  11.190 0.8999999762
957  6.725  -80.991  13.911 0.8000000119
1412  12.194  -79.242  19.154 0.5000000000
113086  13.239  -79.727  18.328 0.5000000000
961  6.857  -81.742  13.500 0.8999999762
126817  -1.312  -76.837  9.663 0.8999999762
5069  -0.854  -69.267  8.407 0.8999999762
5049  -1.027  -70.040  9.140 0.8999999762
758  6.874  -82.236  12.801 0.8999999762
962  6.568  -81.131  12.945 0.8999999762
2352  -1.305  -76.438  9.207 0.8000000119
761  6.903  -82.708  11.891 0.8999999762
975  6.622  -81.912  11.324 1.0000000000
3366  -1.462  -74.075  5.885 0.8999999762
3741  -2.463  -73.489  6.200 0.8999999762
547  7.154  -83.663  11.548 0.8999999762
763  6.819  -82.917  10.999 1.0000000000
111629  6.761  -83.604  10.885 1.0000000000
194  6.345  -84.743  10.904 0.8999999762
366  7.372  -85.018  11.525 0.6999999881
187  6.621  -85.262  11.652 0.6000000238
367  4.964  -84.170  11.731 0.5000000000
190  4.642  -83.956  11.623 0.3000000119
111379  3.830  -83.812  11.811 0.4000000060
110473  -5.840  -66.050  25.641 1.0000000000
130071  -6.069  -65.028  24.677 1.0000000000
6609  -6.493  -66.002  23.944 0.8999999762
7980  -5.439  -64.054  25.152 1.0000000000
8002  -6.169  -64.341  24.440 0.8999999762
7317  -6.377  -65.090  24.113 1.0000000000
9234  -7.328  -62.280  23.801 0.6999999881
11251  1.113  -59.867  19.842 0.8000000119
11252  0.194  -59.431  20.006 0.8999999762
11968  -0.632  -58.679  20.847 0.8000000119
11983  -0.514  -59.207  19.147 0.8999999762
11974  -0.630  -58.955  20.162 0.8999999762
12672  -1.914  -57.972  19.810 0.8999999762
13382  -2.988  -56.964  18.893 1.0000000000
12688  -3.153  -56.916  17.972 1.0000000000
10546  2.101  -60.602  18.362 0.8000000119
14735  -4.292  -53.837  16.747 1.0000000000
14736  -4.838  -53.767  16.358 0.8000000119
1964  8.335  -77.437  18.678 0.6000000238
9924  2.342  -61.466  17.218 0.8999999762
9321  3.336  -62.173  15.973 0.8999999762
14070  -5.592  -54.971  15.649 0.6999999881
2259  8.997  -76.944  19.296 0.6000000238
1954  9.274  -77.154  20.146 0.6000000238
8743  2.241  -63.427  14.237 0.8999999762
8148  1.462  -64.484  13.041 1.0000000000
1955  8.395  -77.508  19.771 0.6000000238
111371  11.623  -78.953  19.521 0.5000000000
1691  12.799  -79.301  18.841 0.5000000000
8749  2.033  -63.738  12.842 0.8999999762
7516  1.074  -65.867  12.167 1.0000000000
122919  0.755  -66.632  10.680 1.0000000000
1475  6.791  -79.480  12.056 0.8000000119
1231  6.618  -80.238  13.469 0.6999999881
5598  -0.121  -68.172  9.492 0.8999999762
1245  6.521  -80.212  11.535 1.0000000000
968  6.419  -81.001  11.938 0.8999999762
1254  6.192  -80.947  10.655 0.8999999762
116238  -1.580  -70.880  8.535 0.8999999762
986  6.497  -82.228  10.367 1.0000000000
120746  -1.889  -71.989  6.266 0.8999999762
4155  -2.008  -71.644  7.484 0.8999999762
995  6.069  -81.589  9.712 1.0000000000
765  6.545  -83.141  10.259 1.0000000000
3032  -0.868  -74.534  7.568 0.8000000119
767  6.077  -82.571  9.458 1.0000000000
560  6.100  -83.346  9.816 1.0000000000
125370  5.432  -83.553  9.430 1.0000000000
371  5.728  -84.174  10.477 0.8000000119
189  5.122  -84.272  11.296 0.6000000238
197  4.269  -83.829  11.220 0.4000000060
376  5.011  -83.873  10.337 1.0000000000
127713  3.498  -83.689  11.739 0.5000000000
191  2.813  -83.825  12.143 0.4000000060
198  2.725  -83.705  11.773 0.6000000238
377  4.334  -83.714  10.272 0.6999999881
110488  -5.309  -64.674  25.816 1.0000000000
125907  -5.617  -65.435  26.025 1.0000000000
111333  -5.749  -66.083  26.650 1.0000000000
125388  -4.822  -63.917  25.671 1.0000000000
8595  -4.926  -63.230  25.337 1.0000000000
7300  -6.089  -65.609  24.783 1.0000000000
8611  -6.128  -63.368  24.606 1.0000000000
9207  -4.954  -62.849  25.419 0.8999999762
11243  -0.009  -59.205  20.903 0.8000000119
11945  -0.154  -58.214  22.382 0.6999999881
11250  1.915  -60.198  19.686 0.6999999881
11233  0.666  -59.253  21.686 0.6999999881
127458  -1.858  -57.692  20.544 0.8999999762
11240  2.860  -59.600  20.557 0.6000000238
12652  -1.637  -57.089  21.886 0.8999999762
13346  -2.397  -56.458  21.528 0.8999999762
13369  -2.851  -56.802  19.724 1.0000000000
11249  2.800  -60.029  19.855 0.6999999881
14009  -2.890  -55.817  21.221 0.8999999762
14022  -3.196  -55.769  20.519 1.0000000000
13370  -3.430  -55.771  19.106 1.0000000000
14041  -3.599  -55.404  18.079 1.0000000000
10538  2.411  -60.348  19.108 0.6999999881
9923  3.475  -61.317  17.155 0.6000000238
13358  -3.273  -56.092  19.903 1.0000000000
14714  -3.439  -53.962  18.741 1.0000000000
14726  -3.716  -54.315  17.655 1.0000000000
1952  12.122  -77.595  19.626 0.5000000000
1679  12.710  -78.498  19.263 0.5000000000
9938  3.791  -61.564  16.433 0.6999999881
9961  3.676  -61.507  14.815 0.8000000119
9357  3.177  -62.119  14.281 0.8000000119
14705  -3.214  -54.360  20.079 1.0000000000
15394  -4.759  -53.176  16.975 1.0000000000
14737  -5.273  -53.706  16.554 0.6999999881
2268  9.552  -76.372  18.941 0.6000000238
2244  9.907  -76.771  19.944 0.5000000000
124177  10.416  -76.711  19.864 0.5000000000
1953  11.089  -77.175  19.902 0.5000000000
9358  2.834  -62.780  14.633 0.8999999762
9366  2.697  -62.787  13.671 0.8000000119
8178  1.623  -64.229  11.707 1.0000000000
15383  -6.106  -53.489  18.378 0.6000000238
1666  10.727  -77.933  20.213 0.5000000000
7554  1.161  -65.112  10.612 1.0000000000
3247  6.772  -73.225  17.048 0.8000000119
3601  6.626  -72.526  16.894 0.8000000119
3259  5.294  -73.191  16.989 0.8999999762
6822  0.411  -66.394  9.673 0.8999999762
1485  6.505  -79.134  10.270 0.8000000119
2351  3.527  -76.347  10.127 0.6000000238
2340  3.885  -76.392  11.073 0.5000000000
2616  6.464  -75.219  16.450 0.8000000119
2935  6.392  -74.429  17.119 0.8000000119
3249  5.276  -74.028  17.310 0.8999999762
3616  4.533  -72.451  15.683 0.8000000119
6216  -1.095  -67.745  7.549 0.8000000119
5615  -0.563  -68.581  8.729 0.8000000119
1490  6.160  -79.967  9.682 0.8999999762
117433  5.373  -79.879  8.532 0.8000000119
121316  3.729  -77.813  9.475 0.8000000119
2341  3.538  -76.868  10.661 0.6000000238
2033  3.487  -77.427  10.774 0.6000000238
2299  5.293  -76.290  16.508 0.8000000119
2617  5.776  -75.657  16.881 0.8999999762
2936  5.730  -74.593  17.343 0.8999999762
3262  2.911  -73.872  16.208 0.8999999762
2952  1.748  -74.633  16.469 0.8999999762
2977  0.457  -74.491  14.510 0.8999999762
2985  0.413  -74.358  13.615 0.8999999762
5626  -0.888  -68.553  7.895 0.8999999762
5070  -1.285  -70.037  8.069 0.8000000119
1257  5.745  -80.785  9.257 0.8999999762
2045  3.388  -77.254  10.077 0.6999999881
2300  4.705  -76.689  16.901 0.8000000119
1976  4.034  -77.089  17.181 0.8000000119
128779  3.560  -75.694  17.712 0.8999999762
2603  3.246  -75.381  17.644 0.8999999762
2618  1.261  -75.122  16.714 0.8000000119
2647  -0.728  -75.403  13.533 0.8999999762
2660  -0.738  -75.783  11.632 0.8999999762
3315  -0.182  -74.114  10.350 0.8999999762
111919  -0.656  -74.609  8.688 0.8999999762
113718  -1.440  -71.747  5.272 0.8999999762
111093  -1.402  -70.200  7.251 0.8999999762
996  5.534  -81.591  8.823 0.8999999762
116655  4.712  -76.798  16.073 0.8000000119
1987  4.226  -77.104  16.515 0.8000000119
131336  3.378  -76.463  17.872 0.8999999762
119706  2.399  -76.409  18.087 0.8999999762
2286  1.126  -76.237  17.735 0.8999999762
3740  -0.632  -73.787  5.986 1.0000000000
565  5.037  -83.118  8.726 0.8999999762
381  5.076  -83.583  9.395 1.0000000000
571  4.258  -82.896  8.243 0.8999999762
380  1.573  -83.659  10.376 0.6999999881
373  1.358  -83.894  11.151 0.6999999881
374  0.338  -83.926  10.993 0.6999999881
383  3.643  -83.412  9.223 0.8000000119
568  2.875  -83.122  9.096 0.8000000119
379  2.489  -83.634  10.989 0.6999999881
118629  2.039  -83.736  11.446 0.6999999881
554  -0.854  -83.020  11.858 0.6999999881
546  -0.724  -82.826  12.485 0.6999999881
130890  -0.292  -82.364  13.594 0.6000000238
384  3.030  -83.449  10.200 0.8999999762
8572  -4.221  -63.497  26.183 1.0000000000
8594  -4.192  -62.975  25.972 1.0000000000
9184  -5.940  -62.223  25.677 0.8999999762
9799  -6.710  -60.757  26.143 0.6999999881
9785  -6.121  -61.199  27.253 0.6999999881
11151  -6.742  -59.039  26.302 0.5000000000
11870  -6.591  -58.593  26.779 0.6000000238
13968  3.414  -56.059  23.597 0.4000000060
111440  2.908  -57.443  24.078 0.4000000060
11925  2.332  -58.102  23.068 0.4000000060
11926  1.620  -58.181  23.400 0.5000000000
12634  0.751  -57.872  23.481 0.5000000000
13328  2.330  -55.950  22.635 0.4000000060
13327  3.005  -56.807  23.224 0.4000000060
11942  2.442  -58.662  22.435 0.4000000060
12650  -0.003  -57.713  23.075 0.6999999881
129138  -0.449  -56.640  23.576 0.6999999881
13969  -0.946  -55.639  23.530 0.8999999762
13991  -1.526  -55.747  22.944 0.8999999762
13354  1.912  -56.963  21.568 0.4000000060
12649  2.614  -57.828  22.613 0.4000000060
11967  3.305  -58.931  20.831 0.6000000238
12651  -0.806  -57.437  22.521 0.8999999762
13330  -2.049  -56.246  22.282 0.8999999762
13992  -2.213  -55.439  22.360 0.8999999762
14677  -2.169  -54.571  22.357 0.8999999762
12671  2.683  -57.637  20.813 0.4000000060
15347  -2.420  -54.089  21.647 0.8999999762
124398  -3.431  -53.094  18.917 1.0000000000
16044  -2.958  -51.599  19.674 1.0000000000
129416  13.254  -78.229  19.199 0.4000000060
11973  4.026  -58.658  19.422 0.6000000238
11257  4.196  -59.418  18.904 0.6000000238
10553  4.090  -60.592  17.771 0.6000000238
15380  -3.990  -53.319  17.476 1.0000000000
16059  -4.771  -51.638  17.986 1.0000000000
113299  10.953  -76.287  19.592 0.5000000000
1951  13.077  -77.598  19.423 0.5000000000
10572  4.489  -60.449  16.927 0.6000000238
10585  4.113  -60.727  15.352 0.6000000238
9962  3.137  -61.249  14.089 0.6999999881
16066  -4.943  -52.434  17.498 1.0000000000
9403  1.513  -62.686  11.685 0.8000000119
8192  1.377  -64.319  10.886 0.8000000119
9434  -0.469  -62.527  9.598 0.6000000238
114932  0.413  -62.967  10.006 0.6000000238
8806  1.011  -63.591  10.412 0.6000000238
8193  0.866  -64.403  10.111 0.8000000119
122185  0.840  -65.786  10.224 0.8999999762
15368  -5.910  -52.705  18.695 0.8000000119
126091  -0.199  -63.141  9.360 0.5000000000
8823  0.330  -63.712  9.642 0.6999999881
8208  0.142  -64.589  9.259 0.6000000238
6838  -0.108  -66.048  8.819 0.8000000119
2657  5.739  -74.929  11.825 0.5000000000
2638  6.414  -75.472  14.442 0.6000000238
2628  6.505  -75.452  15.416 0.8000000119
122883  5.906  -75.882  15.987 0.8000000119
114288  5.070  -72.619  16.394 0.8999999762
4038  3.907  -71.869  13.913 0.8999999762
3634  2.885  -72.822  14.041 0.8000000119
8209  -0.934  -64.523  8.549 0.6000000238
115830  -1.004  -65.735  8.204 0.6000000238
6188  -0.204  -67.033  8.983 0.8000000119
2339  4.575  -75.966  11.620 0.5000000000
2639  5.755  -75.981  14.828 0.8000000119
4023  4.227  -72.143  14.711 0.8000000119
3618  3.108  -73.038  14.841 0.8000000119
3273  2.049  -73.804  14.973 0.8000000119
3288  1.077  -74.009  14.035 0.8999999762
3298  0.816  -73.477  12.339 1.0000000000
2992  -0.211  -74.937  12.018 1.0000000000
5627  -1.237  -68.473  6.854 0.8000000119
1766  3.322  -78.598  9.858 0.6999999881
112861  3.645  -78.029  11.470 0.6999999881
2025  3.978  -77.875  12.514 0.6999999881
2321  5.079  -76.477  14.683 0.8000000119
2312  5.253  -76.402  15.535 0.8000000119
2953  1.171  -74.645  15.942 0.8000000119
2967  0.495  -74.769  15.372 0.8999999762
3314  0.193  -73.469  10.349 1.0000000000
3330  -0.130  -73.759  9.490 1.0000000000
5089  -1.329  -70.035  6.454 0.8999999762
1255  3.442  -80.198  9.039 0.8000000119
1487  3.257  -79.577  10.136 0.6999999881
1482  3.314  -79.774  11.411 0.6999999881
2012  3.555  -77.707  14.203 0.8000000119
123293  3.440  -77.533  14.910 0.8000000119
116799  2.165  -78.771  15.991 0.8999999762
1703  2.896  -78.155  17.130 0.8999999762
1704  2.489  -78.575  17.588 0.8999999762
2605  0.745  -75.715  17.087 0.8999999762
2620  -0.406  -75.787  16.092 0.8000000119
3355  -0.020  -73.303  7.761 0.8999999762
3356  -0.562  -73.980  6.929 0.8999999762
3754  -1.100  -72.434  5.014 0.8999999762
4631  -1.337  -70.714  5.628 1.0000000000
1259  3.786  -80.650  8.240 0.8000000119
987  3.343  -81.282  10.091 0.6999999881
1443  1.782  -79.449  16.068 0.6999999881
1444  1.791  -79.817  16.979 0.6999999881
3739  -0.023  -73.129  6.677 0.8000000119
771  3.929  -82.314  8.129 0.8999999762
772  3.360  -82.119  8.384 0.8000000119
769  0.556  -82.311  9.892 0.8000000119
557  0.598  -83.311  10.430 0.8000000119
558  -0.528  -83.049  10.366 0.8000000119
1223  0.670  -80.483  14.490 0.6999999881
951  1.065  -80.539  15.509 0.6999999881
775  3.662  -82.658  8.248 0.8999999762
773  2.902  -82.257  8.794 0.8000000119
569  2.181  -82.899  9.183 0.8000000119
970  -0.690  -81.459  11.995 0.6999999881
964  -0.473  -81.800  12.911 0.6999999881
124037  -0.094  -81.503  13.683 0.6000000238
8571  -3.590  -63.055  26.594 1.0000000000
9797  -4.649  -62.590  26.023 0.8999999762
10424  -5.742  -60.885  28.022 0.8000000119
10425  -6.274  -60.461  27.610 0.8000000119
11125  -6.438  -59.242  28.134 0.6999999881
10479  -5.214  -59.732  23.711 0.3000000119
11899  -6.025  -58.396  25.761 0.5000000000
11166  -6.010  -58.800  25.067 0.4000000060
113017  4.670  -55.107  22.731 0.3000000119
13989  3.442  -55.204  23.184 0.3000000119
109260  4.188  -55.924  23.875 0.3000000119
13301  4.360  -56.442  24.826 0.2000000030
12621  3.249  -57.167  24.529 0.4000000060
12599  2.215  -57.127  25.327 0.2000000030
13304  0.893  -56.898  24.733 0.4000000060
13990  2.789  -55.495  23.002 0.4000000060
111413  0.180  -56.377  24.466 0.6000000238
14655  -0.925  -54.427  24.162 0.8999999762
13355  1.119  -56.283  21.212 0.3000000119
12678  1.931  -57.187  20.031 0.4000000060
14676  -1.673  -54.024  23.202 0.8999999762
12685  2.902  -57.521  19.152 0.4000000060
12684  3.950  -57.951  18.836 0.6000000238
12703  3.619  -57.998  16.892 0.5000000000
12007  3.338  -58.024  16.052 0.5000000000
115028  -2.275  -53.143  21.547 1.0000000000
15358  -3.248  -53.568  19.576 1.0000000000
11982  4.352  -58.798  18.495 0.6000000238
12005  4.416  -59.134  16.846 0.5000000000
11290  3.312  -59.034  14.948 0.5000000000
11315  2.715  -59.385  14.276 0.6999999881
15348  -2.963  -53.562  20.328 1.0000000000
16746  -4.472  -50.973  18.415 1.0000000000
130017  4.614  -60.042  17.515 0.6000000238
10584  4.514  -60.218  16.187 0.5000000000
11314  3.521  -59.980  14.739 0.6000000238
9977  1.965  -61.254  13.057 0.8000000119
16747  -5.100  -51.143  18.370 1.0000000000
10638  1.461  -60.546  13.113 0.6000000238
113084  1.567  -62.094  12.267 0.8000000119
10012  0.027  -61.541  11.462 0.5000000000
9404  0.705  -62.228  11.305 0.6000000238
2646  5.668  -75.787  13.131 0.6000000238
2637  7.075  -75.047  14.847 0.6999999881
4052  3.593  -71.643  13.306 0.8999999762
3652  2.598  -72.569  13.277 0.8999999762
2024  4.320  -77.247  12.493 0.6999999881
2328  5.249  -76.323  13.804 0.6999999881
3653  1.908  -72.977  13.053 0.8999999762
3696  0.656  -72.862  10.805 1.0000000000
8224  -1.670  -64.997  8.080 0.5000000000
6217  -1.469  -67.592  6.796 0.6999999881
2017  4.249  -77.476  13.107 0.8000000119
2011  4.175  -77.359  13.810 0.8000000119
126686  0.612  -71.813  6.346 0.8000000119
6229  -1.343  -67.936  6.079 0.6999999881
5635  -1.075  -68.826  6.038 0.8000000119
127624  3.414  -80.725  10.397 0.6999999881
1476  3.360  -79.470  12.182 0.6999999881
1469  3.272  -79.008  12.945 0.8000000119
130588  1.989  -79.958  12.925 0.8000000119
111096  0.347  -80.275  13.056 0.8999999762
3767  -0.758  -72.850  5.206 0.8999999762
113323  -1.046  -70.883  4.991 0.8000000119
1454  1.409  -79.727  15.491 0.8000000119
1010  2.193  -82.219  9.429 0.8999999762
1009  2.708  -81.970  8.892 0.8000000119
564  -0.332  -82.155  9.964 0.6999999881
764  -1.013  -82.231  11.567 0.8000000119
112384  1.130  -79.687  14.704 0.8999999762
9183  -3.799  -62.855  26.426 0.8999999762
9783  -3.691  -62.030  27.659 0.8000000119
9770  -4.294  -61.266  28.040 0.8999999762
124673  -5.372  -61.918  27.000 0.8999999762
10423  -5.082  -60.969  28.210 0.8999999762
10414  -5.451  -60.512  28.532 0.6999999881
11124  -5.936  -59.812  28.795 0.8000000119
11854  -6.641  -58.215  27.904 0.8000000119
11843  -6.638  -57.633  28.501 0.5000000000
12585  -6.422  -57.943  27.003 0.5000000000
115541  -6.417  -57.305  27.670 0.5000000000
11149  -3.708  -59.134  26.210 0.2000000030
11150  -4.745  -58.581  25.681 0.2000000030
12584  -6.014  -57.419  27.172 0.5000000000
11885  -5.428  -58.133  26.023 0.4000000060
112924  5.091  -56.046  24.572 0.3000000119
12598  3.007  -57.160  25.261 0.2000000030
13263  1.723  -56.528  25.936 0.2000000030
13943  0.915  -55.860  26.028 0.3000000119
13944  0.200  -55.356  25.512 0.5000000000
128811  -0.519  -54.281  25.431 0.8999999762
109485  -1.219  -53.779  24.036 0.8999999762
16004  -1.827  -52.554  24.478 0.8999999762
13345  1.679  -55.835  21.922 0.4000000060
13367  0.810  -56.648  19.841 0.3000000119
12686  1.618  -57.107  19.006 0.3000000119
15319  -1.789  -52.992  22.933 0.8999999762
12704  2.772  -57.502  16.597 0.5000000000
15336  -2.009  -53.623  22.314 0.8999999762
16023  -1.846  -52.127  22.510 1.0000000000
15357  -2.666  -52.587  20.588 1.0000000000
16043  -2.527  -51.262  20.394 1.0000000000
12695  2.031  -57.071  17.297 0.3000000119
16737  -3.347  -50.772  19.445 1.0000000000
12042  2.460  -58.416  14.560 0.6000000238
10602  2.915  -60.314  14.087 0.8000000119
17404  -4.137  -50.338  19.501 1.0000000000
13491  -3.926  -56.716  11.361 0.5000000000
12083  -2.939  -57.649  11.781 0.5000000000
120101  -3.314  -58.617  10.731 0.5000000000
16739  -4.862  -50.554  18.933 0.8999999762
10699  -1.570  -60.569  10.806 0.6000000238
10685  -1.584  -59.967  11.488 0.5000000000
10000  -0.706  -60.700  11.728 0.5000000000
10663  0.511  -60.459  12.726 0.6000000238
16045  -5.866  -51.638  20.034 0.8999999762
16034  -5.877  -51.903  21.292 0.8999999762
113270  -1.721  -61.084  9.936 0.6000000238
10021  -0.790  -61.305  10.780 0.6000000238
4079  2.615  -71.577  12.006 1.0000000000
117705  -1.050  -62.875  8.892 0.5000000000
109527  -2.305  -64.172  7.226 0.5000000000
7620  -2.359  -65.708  6.929 0.6000000238
6901  -1.700  -66.955  6.520 0.6999999881
1246  3.208  -80.418  11.197 0.8000000119
1239  3.028  -80.175  12.065 0.8000000119
1248  1.371  -80.704  11.927 0.8000000119
1241  0.299  -80.492  12.314 0.6999999881
4177  -0.366  -71.542  4.655 0.8000000119
5109  -0.447  -70.346  4.562 0.6999999881
998  2.797  -81.678  9.587 0.6999999881
977  2.176  -81.358  11.227 0.8000000119
1249  0.233  -80.737  11.538 0.6999999881
969  -0.307  -80.860  11.654 0.8999999762
125794  1.019  -81.686  9.953 0.8999999762
990  -0.365  -81.363  10.214 0.8000000119
963  -0.201  -80.902  12.735 0.8000000119
9157  -2.854  -62.615  28.030 0.8000000119
9769  -3.309  -61.674  28.314 0.8000000119
10405  -3.483  -60.507  29.317 0.8000000119
10406  -4.396  -60.049  29.392 0.8000000119
11106  -5.128  -59.381  29.995 0.8000000119
11107  -6.051  -59.012  29.732 0.8000000119
11842  -6.475  -58.165  29.492 0.8000000119
11884  -4.363  -58.203  26.510 0.2000000030
12570  -5.995  -56.729  27.846 0.5000000000
111046  -4.628  -57.604  27.076 0.4000000060
12583  -5.378  -57.098  27.314 0.5000000000
13941  4.363  -55.741  26.108 0.2000000030
13923  3.480  -55.605  26.456 0.2000000030
14623  2.426  -54.657  26.717 0.2000000030
15281  1.904  -54.060  27.151 0.4000000060
14006  4.339  -54.738  21.920 0.2000000030
13942  3.748  -56.241  26.155 0.2000000030
13262  2.336  -56.231  26.374 0.2000000030
14602  1.147  -54.448  27.231 0.4000000060
14641  0.540  -55.116  26.217 0.4000000060
14690  3.385  -54.319  21.969 0.2000000030
14642  -0.075  -54.615  25.999 0.8000000119
15298  -1.161  -53.398  25.423 0.8999999762
15995  -1.688  -52.772  25.544 0.8999999762
14008  2.219  -55.106  22.320 0.3000000119
14020  0.785  -55.211  21.198 0.3000000119
13356  0.405  -56.013  20.717 0.3000000119
13380  0.538  -56.506  18.772 0.3000000119
15996  -2.262  -52.058  25.179 0.8999999762
16012  -1.814  -52.328  23.478 0.8999999762
16708  -1.803  -51.350  21.994 1.0000000000
113771  -2.518  -50.331  21.266 1.0000000000
12705  1.970  -57.019  16.265 0.4000000060
12718  2.547  -57.560  15.712 0.5000000000
17386  -3.555  -50.178  20.175 1.0000000000
131133  1.938  -57.715  14.609 0.5000000000
11316  2.033  -58.924  13.965 0.5000000000
128502  -4.779  -49.900  20.576 1.0000000000
12768  -2.994  -56.256  12.452 0.4000000060
12082  -1.816  -58.471  12.217 0.5000000000
12081  -0.862  -58.353  12.757 0.5000000000
11346  1.948  -59.802  13.642 0.6000000238
127529  -5.357  -50.100  21.670 0.8999999762
16024  -5.691  -52.092  22.466 0.6000000238
11376  -2.529  -59.269  11.140 0.5000000000
11362  -0.937  -59.210  12.483 0.5000000000
11361  -0.152  -59.754  12.777 0.5000000000
11348  0.387  -59.001  13.173 0.5000000000
16709  -5.528  -51.093  21.593 0.8999999762
6915  -1.161  -66.435  5.639 0.6000000238
5649  -0.867  -68.817  5.392 0.6999999881
9757  -2.455  -62.206  29.106 0.8999999762
10404  -2.448  -61.210  29.464 0.8999999762
11090  -3.340  -59.250  30.952 0.8000000119
11831  -4.456  -59.074  30.845 0.8000000119
12538  -5.915  -57.904  30.773 0.8000000119
12555  -6.392  -57.744  30.011 0.6999999881
12556  -6.540  -57.003  29.124 0.6999999881
12569  -5.138  -56.550  27.901 0.4000000060
13342  6.793  -56.314  21.426 0.2000000030
14004  6.226  -55.987  22.099 0.2000000030
13987  5.683  -55.634  22.826 0.2000000030
13967  5.871  -55.844  24.281 0.2000000030
13957  5.624  -55.533  25.100 0.2000000030
14639  5.472  -54.535  25.697 0.2000000030
14018  5.353  -55.574  20.438 0.2000000030
14005  5.253  -55.360  21.956 0.2000000030
15296  3.180  -53.152  26.149 0.2000000030
15271  0.994  -53.644  27.661 0.4000000060
15272  0.050  -53.625  27.602 0.6999999881
15975  -1.445  -52.702  26.780 0.8999999762
114807  4.937  -55.141  21.089 0.2000000030
14701  3.082  -53.978  21.227 0.2000000030
14702  2.040  -53.953  21.209 0.3000000119
15976  -2.165  -52.089  26.164 0.8999999762
16663  -2.479  -51.353  26.568 0.8999999762
117140  -2.384  -49.917  23.526 1.0000000000
130899  -2.441  -49.404  22.870 1.0000000000
14703  0.986  -54.192  21.128 0.3000000119
14021  -0.105  -55.094  20.626 0.3000000119
13368  -0.093  -55.861  19.887 0.3000000119
122550  -2.478  -51.266  24.918 0.8999999762
113837  -2.240  -50.543  23.056 0.8999999762
14031  -0.643  -54.847  19.782 0.3000000119
126036  0.050  -56.033  18.007 0.3000000119
13394  0.993  -56.566  17.619 0.3000000119
14175  -3.074  -55.452  11.099 0.4000000060
13405  0.292  -56.016  16.933 0.3000000119
13404  1.148  -56.494  16.057 0.4000000060
12719  1.701  -57.060  15.238 0.4000000060
14160  -3.884  -55.766  11.599 0.4000000060
12786  -1.842  -57.513  12.608 0.5000000000
12066  0.699  -58.019  13.565 0.5000000000
16698  -5.531  -51.146  23.566 0.6000000238
115211  -1.405  -56.829  13.079 0.4000000060
11349  -0.304  -58.961  12.849 0.5000000000
18865  -5.275  -48.518  23.175 1.0000000000
17358  -5.459  -50.340  23.293 0.8000000119
18090  -5.455  -49.598  23.951 0.6999999881
11103  -1.717  -60.381  30.785 0.8999999762
11089  -2.216  -59.561  31.152 0.8999999762
11812  -2.864  -58.766  31.624 0.8000000119
11813  -3.985  -58.583  31.487 0.8999999762
11814  -4.973  -58.311  31.267 0.8999999762
12518  -4.624  -57.813  31.865 0.8999999762
12519  -5.681  -57.509  31.531 0.8999999762
12520  -6.351  -57.082  30.996 0.8999999762
13215  -6.317  -56.174  30.457 0.6000000238
13237  -5.958  -55.821  29.099 0.6999999881
13882  -5.656  -55.387  29.620 0.5000000000
13250  -5.597  -56.205  28.503 0.4000000060
13966  6.584  -55.660  23.906 0.2000000030
15294  4.698  -53.764  26.099 0.2000000030
114152  1.679  -53.217  27.298 0.4000000060
15957  0.354  -52.895  27.995 0.6999999881
15958  -0.599  -52.829  27.753 0.6999999881
16635  -0.936  -51.169  28.439 0.6999999881
18094  -2.511  -48.780  23.078 1.0000000000
18862  -2.882  -47.795  22.962 1.0000000000
14019  4.692  -55.001  20.188 0.2000000030
118365  3.819  -54.273  20.307 0.2000000030
117611  2.826  -53.785  20.369 0.3000000119
16650  -1.567  -51.565  27.881 0.8999999762
16651  -2.304  -51.135  27.486 0.8999999762
17339  -2.626  -50.690  25.768 0.8999999762
18077  -2.571  -49.814  25.253 0.8999999762
124952  0.898  -56.422  15.384 0.5000000000
12745  1.268  -57.391  14.319 0.4000000060
12746  0.363  -56.961  13.983 0.4000000060
111710  -0.490  -57.492  13.280 0.4000000060
11793  -1.292  -58.663  32.541 0.8000000119
12499  -3.094  -57.582  32.708 0.8999999762
13184  -4.962  -56.622  32.858 0.8999999762
12501  -5.460  -57.101  32.245 0.8999999762
13201  -6.262  -56.533  31.566 0.6999999881
13835  -6.249  -55.281  31.431 0.6000000238
131613  -6.280  -55.768  30.954 0.6000000238
13881  -4.840  -55.227  29.481 0.4000000060
117513  2.767  -53.948  26.556 0.3000000119
16661  1.588  -51.643  27.085 0.4000000060
17319  0.595  -50.200  27.725 0.6999999881
17306  -1.140  -50.181  28.483 0.8999999762
18839  -2.484  -48.774  25.215 1.0000000000
17321  -2.369  -50.304  27.719 0.8999999762
18818  -2.463  -48.763  27.577 0.8999999762
18828  -2.544  -48.768  26.558 0.8999999762
13164  -1.723  -57.040  34.328 0.8000000119
12464  -0.829  -57.556  34.282 0.8000000119
12463  0.323  -57.964  34.808 0.8000000119
12478  -1.775  -57.424  33.739 0.8000000119
13152  -3.021  -56.243  34.475 0.8999999762
13165  -2.449  -56.797  34.070 0.8999999762
12480  -3.832  -56.947  33.153 0.8999999762
13167  -4.524  -56.237  33.513 0.8999999762
13817  -5.614  -55.852  33.155 0.8999999762
111694  -6.017  -56.195  32.440 0.8999999762
13852  -4.221  -54.946  30.028 0.3000000119
13853  -5.298  -54.771  30.011 0.3000000119
14538  -5.792  -54.396  30.711 0.6000000238
13834  -3.792  -54.480  30.527 0.3000000119
14537  -4.711  -54.197  30.396 0.3000000119
16662  1.168  -50.940  27.386 0.6000000238
126300  0.501  -52.068  28.151 0.6999999881
17328  1.701  -50.705  26.324 0.4000000060
18067  1.036  -49.444  26.939 0.6999999881
18817  -0.197  -48.823  28.186 0.8999999762
110085  1.901  -50.054  25.326 0.4000000060
123375  1.288  -48.858  26.138 0.6999999881
18805  -1.538  -48.721  28.440 0.8999999762
118049  -2.387  -47.909  27.119 0.8999999762
117648  -2.285  -47.679  25.661 0.8999999762
18853  1.828  -48.203  24.542 0.6000000238
112482  1.258  -47.188  25.883 0.6999999881
19577  -1.999  -46.939  26.462 0.8999999762
18861  2.177  -48.093  23.465 0.3000000119
20414  1.465  -46.300  22.809 0.6000000238
20402  0.933  -45.896  23.535 0.6999999881
19640  1.056  -47.000  21.437 0.4000000060
20416  -1.059  -46.303  22.261 0.6999999881
124181  -0.945  -47.200  21.381 0.5000000000
20425  -0.477  -46.707  21.815 0.5000000000
20426  -1.596  -46.901  21.761 0.5000000000
20437  -3.129  -47.196  20.328 0.4000000060
21285  -3.809  -46.256  20.034 0.5000000000
20427  -2.915  -46.727  21.305 0.6000000238
13150  -0.529  -57.148  35.058 0.8000000119
13137  -0.310  -56.602  35.787 0.8000000119
13138  -1.272  -56.515  35.282 0.8000000119
13786  -2.729  -56.042  35.073 0.8000000119
13151  -2.088  -56.500  34.781 0.8000000119
13787  -3.464  -55.734  34.960 0.8999999762
13166  -3.410  -56.518  33.788 0.8999999762
14475  -4.258  -54.739  35.517 0.8999999762
13802  -4.154  -55.881  34.317 0.8999999762
13803  -5.200  -55.540  33.815 0.8999999762
125728  -5.596  -54.876  33.937 0.8999999762
13818  -6.232  -55.109  32.482 0.8000000119
14521  -6.148  -54.164  31.593 0.6000000238
125965  -2.956  -53.983  31.363 0.3000000119
14519  -3.902  -53.697  30.817 0.4000000060
15212  -4.583  -53.099  31.426 0.4000000060
15202  -4.121  -52.657  31.707 0.4000000060
18827  0.934  -48.420  27.105 0.8000000119
19576  0.941  -47.368  26.927 0.8000000119
116093  -0.196  -47.044  28.157 0.8999999762
19569  -2.019  -47.104  27.735 0.8999999762
21214  0.364  -45.582  25.741 0.6999999881
21215  -0.300  -44.780  26.400 0.8999999762
20344  -1.678  -46.165  27.229 0.8999999762
21231  0.104  -45.344  25.092 0.8999999762
21183  -1.578  -45.422  26.804 0.8999999762
20358  -1.820  -46.031  26.045 0.8999999762
117743  1.702  -47.498  21.596 0.3000000119
21272  -2.253  -46.352  22.165 0.6000000238
21246  0.084  -45.665  23.442 0.6999999881
21232  -0.588  -44.706  25.392 0.8999999762
20369  -3.719  -45.681  24.886 1.0000000000
20386  -3.919  -46.276  24.308 1.0000000000
19646  -0.959  -47.831  20.816 0.3000000119
115643  -2.816  -45.685  22.398 0.6999999881
21248  -1.854  -45.051  23.651 0.8999999762
19604  -4.936  -47.133  23.945 1.0000000000
19656  -1.485  -48.522  19.925 0.3000000119
111870  -3.505  -45.801  21.108 0.6999999881
19588  -5.172  -46.971  24.793 0.8999999762
19589  -5.268  -47.930  25.188 0.8000000119
19657  -2.237  -48.541  18.788 0.4000000060
19647  -2.562  -47.983  19.843 0.4000000060
21297  -4.310  -45.439  19.401 0.6999999881
20448  -3.812  -47.153  19.063 0.4000000060
21296  -4.344  -46.136  18.739 0.5000000000
14485  -4.943  -54.603  35.030 1.0000000000
14486  -5.429  -54.393  34.380 1.0000000000
14497  -5.865  -54.100  33.520 0.8000000119
14508  -6.186  -54.090  32.573 0.6999999881
15892  -5.349  -52.561  32.831 0.6999999881
15213  -5.661  -53.370  31.863 0.5000000000
15203  -5.068  -52.615  32.058 0.6000000238
131129  -2.704  -53.300  31.997 0.2000000030
14507  -3.353  -53.304  31.588 0.2000000030
21181  -0.869  -45.247  27.906 0.8999999762
22014  -0.951  -44.376  26.299 0.8999999762
22001  -1.136  -44.454  26.627 0.8999999762
21201  -2.293  -45.162  25.627 0.8999999762
22034  -1.635  -44.191  25.062 0.8999999762
22838  -2.134  -44.058  25.223 0.8999999762
22002  -2.595  -44.499  25.511 0.8000000119
115961  -5.604  -51.610  24.252 0.4000000060
17340  -5.503  -50.290  25.056 0.6000000238
19645  0.256  -47.681  21.005 0.3000000119
21262  -3.305  -45.085  22.442 0.8000000119
22049  -2.687  -44.496  23.666 0.8999999762
21202  -3.853  -44.728  25.511 0.8999999762
20359  -5.116  -45.974  25.969 0.8999999762
126415  -5.327  -49.087  25.877 0.6000000238
22090  -3.715  -44.212  21.600 0.8999999762
22050  -3.257  -44.095  23.072 0.8999999762
19578  -5.242  -46.897  26.409 0.8999999762
18829  -5.263  -47.812  26.797 0.6999999881
120545  -3.860  -44.991  21.281 0.8999999762
22116  -4.223  -44.646  19.651 0.6999999881
13763  -2.589  -55.337  36.202 0.8000000119
14474  -3.542  -54.920  36.038 0.8999999762
118133  -4.303  -54.290  36.138 0.8999999762
15149  -4.004  -53.364  37.711 0.8000000119
127337  -4.880  -54.185  35.614 1.0000000000
15181  -5.353  -53.885  35.164 1.0000000000
131007  -5.376  -53.164  34.641 0.8999999762
15880  -5.392  -52.779  33.761 0.8999999762
114578  -3.152  -52.682  31.973 0.2000000030
16590  -4.515  -51.477  32.464 0.4000000060
15891  -3.582  -51.641  32.148 0.2000000030
18060  -5.513  -49.525  27.456 0.4000000060
16664  -5.715  -51.755  27.247 0.2000000030
22863  -2.146  -43.942  25.183 0.8999999762
22839  -2.939  -43.561  25.154 0.8999999762
130357  -3.516  -43.256  25.598 0.8000000119
116367  -5.473  -50.330  26.125 0.5000000000
18820  -5.390  -48.737  27.177 0.6000000238
22865  -3.688  -43.115  24.145 0.8999999762
22840  -3.676  -42.719  25.508 0.8000000119
115150  -4.722  -44.432  26.248 0.8999999762
21184  -5.236  -45.589  26.702 0.8999999762
113274  -3.390  -43.179  22.467 0.8999999762
112034  -3.977  -42.732  26.136 0.8999999762
22004  -4.811  -43.797  26.718 0.8999999762
19570  -5.255  -47.178  27.408 0.6999999881
18890  -0.330  -48.661  20.354 0.3000000119
21311  -4.274  -45.149  18.833 0.6000000238
22941  -3.932  -43.369  20.817 0.8999999762
22922  -3.547  -43.277  21.713 0.8999999762
15837  -4.506  -52.645  37.393 0.8000000119
15160  -4.448  -53.338  36.908 0.8000000119
15851  -4.841  -52.774  36.542 0.8999999762
15869  -5.196  -52.795  35.496 0.8999999762
15879  -5.269  -52.228  34.336 0.8000000119
127095  -5.206  -51.792  33.128 0.6999999881
16581  -3.799  -50.844  32.254 0.4000000060
18059  -5.397  -49.078  28.237 0.6000000238
18819  -5.227  -48.072  27.835 0.6999999881
22115  -3.788  -44.149  19.134 0.6000000238
22952  -3.283  -43.154  19.363 0.8000000119
20330  -5.145  -46.582  28.060 0.6999999881
22953  -4.070  -43.641  19.927 0.8000000119
22940  -3.723  -42.672  20.118 0.8999999762
23719  -3.336  -42.809  24.995 0.8999999762
24601  -3.947  -41.872  24.154 0.8000000119
124300  -4.754  -42.841  27.488 0.8999999762
124154  -4.969  -43.394  28.244 0.8000000119
110393  -5.333  -45.718  27.651 0.8000000119
126041  -3.290  -42.567  21.988 0.8999999762
114168  -3.545  -42.099  23.336 0.8999999762
23695  -3.866  -42.059  25.070 0.8000000119
115127  -4.028  -41.864  26.044 0.8999999762
21984  -5.034  -44.139  27.764 0.8999999762
16527  -3.741  -51.579  38.468 0.6999999881
119988  -4.991  -52.035  37.014 0.8000000119
113851  -5.158  -51.905  36.239 0.8999999762
16543  -5.168  -51.268  36.991 0.8999999762
16560  -5.269  -50.969  36.084 0.8999999762
16571  -5.171  -51.539  35.051 1.0000000000
117213  -5.167  -50.772  34.112 0.6999999881
131254  -3.926  -49.693  32.553 0.3000000119
16582  -4.909  -50.857  32.989 0.6000000238
22951  -2.243  -42.763  18.795 0.6000000238
23819  -2.761  -42.339  19.592 0.8000000119
23799  -2.314  -41.692  19.870 0.8000000119
24684  -2.657  -41.477  20.422 0.8999999762
22134  -2.070  -44.284  17.875 0.5000000000
22971  -2.703  -43.682  18.560 0.6000000238
23800  -3.182  -41.938  20.272 0.8999999762
126523  -3.176  -41.601  20.914 0.8999999762
19558  -4.962  -47.402  28.410 0.5000000000
23782  -3.261  -41.890  21.541 0.8999999762
21973  -4.966  -44.227  28.891 0.6000000238
111907  -4.869  -45.971  29.004 0.6999999881
23801  -3.591  -42.412  21.007 0.8999999762
24635  -3.278  -41.816  22.415 0.8999999762
24616  -3.436  -41.208  23.278 0.6999999881
24580  -3.809  -41.067  25.240 0.8999999762
24560  -4.240  -41.507  27.034 0.8999999762
16528  -4.535  -51.647  37.721 0.8000000119
17927  -4.494  -49.502  37.264 0.8999999762
17210  -4.901  -50.283  36.885 0.8999999762
17228  -5.108  -50.081  35.735 0.8999999762
17244  -5.386  -50.041  34.501 0.6999999881
17990  -4.052  -49.037  32.632 0.3000000119
17254  -5.103  -50.122  33.444 0.5000000000
120134  -4.753  -49.522  33.001 0.5000000000
23841  -1.144  -42.587  18.515 0.6000000238
23818  -1.804  -42.043  19.175 0.6999999881
22969  -0.108  -43.451  18.244 0.5000000000
22970  -1.493  -43.396  18.133 0.5000000000
24683  -1.970  -41.164  20.257 0.6999999881
24663  -2.584  -41.033  20.835 0.8999999762
121366  -3.211  -41.014  22.390 0.8999999762
110838  -4.786  -43.582  29.218 0.6000000238
112187  -4.807  -42.635  28.209 0.6000000238
23660  -4.594  -42.104  27.691 0.8000000119
109995  -3.629  -40.792  24.208 0.8000000119
19435  3.569  -47.295  38.630 0.8000000119
17925  -3.483  -49.112  38.070 0.8999999762
17958  -5.506  -49.029  35.215 0.8999999762
124503  -4.671  -47.546  36.243 0.8000000119
17991  -4.943  -48.681  33.430 0.4000000060
24698  -1.400  -41.464  19.670 0.6999999881
118847  -0.976  -40.104  20.281 0.8999999762
26413  -2.039  -39.729  21.234 0.8999999762
25570  -1.784  -40.447  20.688 0.8999999762
26414  -2.739  -39.661  21.822 0.8999999762
25571  -2.591  -40.415  21.343 0.8999999762
25548  -3.086  -40.394  22.024 0.8000000119
25549  -3.198  -40.513  22.776 0.8000000119
26396  -3.097  -39.780  22.627 0.8000000119
22797  -4.689  -42.850  29.037 0.4000000060
25479  -4.182  -40.638  27.345 0.6999999881
24547  -4.384  -41.303  27.966 0.6999999881
25516  -3.621  -40.123  24.864 0.8999999762
24559  -4.096  -40.799  26.371 0.8999999762
19434  4.418  -46.902  38.658 0.8000000119
20202  3.054  -46.711  37.858 0.8000000119
20213  2.580  -46.357  37.048 0.8000000119
20214  1.841  -46.743  36.713 0.8000000119
20215  1.012  -46.740  36.331 0.8999999762
18693  -2.340  -47.671  37.209 0.8999999762
18694  -3.411  -47.780  37.389 0.8999999762
18677  -3.864  -48.507  37.618 0.8999999762
19470  -0.714  -46.832  36.268 0.8999999762
19453  -1.985  -46.963  36.607 0.8000000119
18695  -4.358  -47.906  37.057 0.8000000119
19487  -4.284  -46.553  34.396 0.6000000238
121248  -4.429  -46.854  35.579 0.6999999881
18745  -4.198  -48.105  33.008 0.4000000060
18726  -4.903  -47.617  34.071 0.5000000000
18709  -5.251  -47.749  35.262 0.6999999881
26438  -1.432  -39.602  20.706 1.0000000000
27236  -1.671  -38.456  21.273 1.0000000000
28029  -2.598  -37.763  22.771 0.8000000119
28009  -2.365  -36.808  23.145 0.8000000119
27221  -2.190  -38.137  21.929 1.0000000000
120585  -2.854  -37.367  23.650 0.8000000119
23840  -0.195  -42.402  18.484 0.5000000000
24715  -0.873  -41.835  18.967 0.6000000238
27200  -3.043  -38.273  23.381 0.8000000119
126399  -2.833  -38.799  22.426 0.8000000119
27190  -3.278  -38.535  24.783 0.8000000119
26375  -3.212  -39.187  23.362 0.8000000119
27201  -3.298  -38.657  23.979 0.8000000119
120482  -3.440  -39.434  24.285 0.6999999881
126895  -4.206  -41.143  28.826 0.4000000060
25478  -4.078  -39.887  26.798 0.8000000119
21029  2.804  -45.665  36.660 0.8000000119
20234  1.428  -46.278  36.182 0.8999999762
20216  0.279  -46.591  36.130 0.8000000119
21015  4.065  -45.607  38.170 0.8000000119
20237  -2.071  -46.069  36.013 0.8000000119
20217  -2.793  -46.339  36.374 0.8000000119
21055  -3.095  -45.163  34.875 0.6999999881
20238  -3.028  -45.721  35.743 0.8000000119
28008  -1.736  -36.332  22.645 0.8000000119
127183  -1.949  -35.787  24.647 0.6000000238
28854  -1.743  -35.881  25.575 0.5000000000
27257  -1.336  -38.820  20.656 1.0000000000
28044  -1.584  -37.630  21.513 1.0000000000
28028  -1.979  -37.252  22.275 0.8999999762
28873  -2.488  -36.538  24.109 0.8000000119
27978  -2.725  -36.924  26.146 0.5000000000
24697  -0.531  -41.041  19.374 0.6999999881
125986  -0.588  -40.434  19.812 0.8000000119
27993  -2.985  -37.582  25.250 0.6999999881
27964  -3.196  -37.679  26.304 0.6999999881
126404  -3.306  -38.300  25.636 0.6999999881
26300  -3.579  -39.133  28.219 0.3000000119
26353  -3.527  -39.203  25.452 0.6999999881
26340  -3.840  -39.297  26.372 0.6000000238
25459  -3.987  -39.795  27.761 0.5000000000
22157  -0.128  -44.861  17.665 0.5000000000
25503  -3.909  -40.048  25.858 0.8000000119
21050  2.216  -45.320  35.932 0.8999999762
21028  3.535  -45.221  37.255 0.8000000119
20236  -0.189  -45.873  35.768 0.8000000119
109538  -1.279  -45.633  35.628 0.6999999881
28871  -1.194  -35.376  23.051 0.8000000119
28853  -1.258  -35.234  25.114 0.6000000238
27235  -1.242  -37.987  20.780 1.0000000000
28902  -0.982  -36.174  21.454 1.0000000000
25583  -0.485  -39.723  19.706 0.8000000119
22132  0.590  -44.391  18.110 0.5000000000
23839  0.700  -42.964  18.443 0.5000000000
21846  4.542  -43.933  37.757 0.8000000119
21845  5.420  -43.670  38.143 0.8000000119
22667  3.910  -43.369  36.964 0.8999999762
22684  3.031  -43.715  36.082 0.8999999762
29759  -0.707  -35.380  22.059 0.8000000119
24714  -0.040  -41.502  18.681 0.6000000238
22665  5.695  -42.721  38.028 0.8000000119
23555  0.587  -42.589  33.573 0.5000000000
22711  -0.628  -43.478  33.409 0.5000000000
28915  -0.884  -36.290  20.554 1.0000000000
29741  -0.703  -34.566  23.777 0.8000000119
25590  -0.138  -40.194  19.216 0.8000000119
28059  -1.023  -37.420  20.127 0.8999999762
22131  1.518  -44.475  18.266 0.5000000000
22967  2.041  -44.084  18.580 0.5000000000
112208  1.531  -43.430  18.535 0.5000000000
22663  7.447  -42.787  37.295 0.8000000119
23510  6.024  -41.807  37.783 0.8000000119
23511  5.016  -42.097  37.505 0.8999999762
129684  5.951  -41.324  37.295 0.8000000119
121658  3.464  -42.860  36.255 0.8000000119
22686  1.331  -43.489  34.949 0.8000000119
23568  1.138  -42.079  33.202 0.5000000000
22709  0.777  -42.873  34.244 0.6000000238
22708  1.752  -42.755  34.707 0.6000000238
23567  1.778  -41.728  33.641 0.5000000000
23553  2.162  -42.028  34.530 0.6000000238
29740  0.581  -34.058  24.143 0.4000000060
30642  0.839  -33.668  23.361 0.4000000060
29758  0.240  -33.953  22.569 0.6999999881
30641  1.010  -33.415  22.336 0.5000000000
26452  -0.647  -38.993  19.525 0.8999999762
29780  -0.195  -34.555  21.791 0.8000000119
30660  0.337  -33.716  21.477 0.8000000119
25601  0.151  -40.726  18.735 0.6999999881
26451  -0.210  -39.340  18.982 0.8999999762
111105  0.557  -41.986  18.195 0.6000000238
126473  0.786  -41.063  17.832 0.6000000238
24723  1.564  -41.724  17.658 0.5000000000
24744  0.880  -41.344  17.070 0.6000000238
24421  7.013  -40.711  36.787 0.6999999881
24422  5.890  -40.915  36.550 0.8000000119
23531  4.378  -41.704  36.590 0.8000000119
23532  3.509  -42.028  36.060 0.8000000119
26309  13.292  -38.680  27.457 0.4000000060
27124  10.460  -38.334  28.777 0.3000000119
117595  8.801  -38.329  29.170 0.4000000060
27110  8.088  -38.363  29.788 0.2000000030
24454  2.309  -41.376  33.135 0.5000000000
23552  3.023  -41.767  35.092 0.8000000119
27140  13.129  -38.140  28.409 0.5000000000
27108  11.266  -37.903  29.923 0.4000000060
27098  9.388  -38.267  30.344 0.4000000060
27099  8.358  -38.428  30.692 0.3000000119
115952  5.042  -39.242  31.083 0.2000000030
26258  5.519  -39.571  32.015 0.4000000060
130501  3.375  -40.640  32.332 0.3000000119
24469  3.657  -40.715  32.974 0.6000000238
117956  12.496  -37.398  30.235 0.5000000000
26270  6.887  -38.998  31.481 0.4000000060
25392  6.033  -39.845  32.900 0.4000000060
24453  3.189  -41.168  33.524 0.6000000238
27087  7.617  -38.605  31.045 0.5000000000
26257  6.527  -39.490  32.264 0.5000000000
27273  -0.636  -38.680  19.075 0.8999999762
28914  -0.570  -35.193  19.877 1.0000000000
28923  -1.084  -36.340  19.413 1.0000000000
114227  -0.989  -39.363  17.766 0.6999999881
27292  -1.149  -38.619  18.208 0.8000000119
26472  -0.387  -40.119  17.392 0.6999999881
25354  7.612  -40.247  36.193 0.8000000119
24436  6.427  -40.359  35.763 0.8000000119
26308  14.188  -38.365  27.397 0.6000000238
118294  3.918  -40.252  32.245 0.3000000119
27085  9.347  -38.334  31.357 0.5000000000
25377  4.540  -40.471  33.256 0.5000000000
24439  3.529  -41.349  34.531 0.6999999881
111292  10.847  -37.916  30.693 0.5000000000
31610  1.905  -32.838  21.150 0.5000000000
29790  -0.125  -34.246  20.662 0.6999999881
30689  0.221  -34.080  19.938 0.8999999762
28082  -0.931  -37.772  18.678 0.8999999762
28065  -1.126  -37.233  19.180 0.8999999762
29799  0.169  -34.974  19.427 0.8999999762
28937  -0.872  -36.693  18.756 1.0000000000
28936  -0.165  -36.239  18.516 1.0000000000
26471  -0.635  -39.422  17.204 0.8000000119
27303  -0.984  -38.745  17.586 0.8999999762
28081  -0.229  -37.132  18.209 1.0000000000
26490  0.058  -40.166  16.839 0.6000000238
127384  -0.357  -38.772  17.251 0.8000000119
27095  13.025  -37.142  31.384 0.5000000000
25362  7.012  -39.966  35.062 0.8000000119
25363  5.930  -40.290  34.587 0.8000000119
26294  16.590  -38.567  28.503 0.8000000119
112920  14.675  -37.545  28.739 0.6999999881
110012  14.086  -37.351  30.038 0.6000000238
27084  11.188  -37.970  32.495 0.6999999881
26255  9.815  -38.785  33.645 0.6999999881
114454  8.650  -39.166  33.367 0.6999999881
27121  14.032  -37.472  29.129 0.5000000000
27097  11.605  -37.547  31.771 0.5000000000
27075  9.454  -38.499  32.357 0.5000000000
25391  7.035  -39.652  33.225 0.6000000238
25375  6.486  -39.950  33.875 0.6999999881
24438  4.455  -41.111  34.897 0.8000000119
26268  8.588  -38.856  32.554 0.6000000238
24451  4.987  -40.672  34.209 0.6999999881
27159  15.924  -37.921  27.224 0.6000000238
128848  7.811  -38.895  31.818 0.5000000000
25376  5.502  -40.218  33.548 0.6000000238
30674  2.262  -33.232  20.528 0.5000000000
30675  1.339  -33.075  20.629 0.6000000238
29789  3.051  -33.974  20.172 0.6999999881
30688  1.117  -33.419  20.000 0.6999999881
29797  1.922  -33.896  19.619 0.8999999762
28935  0.587  -36.233  18.067 1.0000000000
28098  0.069  -37.926  17.716 0.8999999762
25390  12.133  -38.651  33.471 0.6999999881
24539  18.336  -39.798  27.006 0.8999999762
25455  18.051  -38.944  27.299 0.8999999762
26295  15.951  -38.404  29.147 0.6000000238
27107  13.611  -37.218  30.683 0.6000000238
26256  8.129  -39.457  33.766 0.6999999881
25374  7.586  -39.697  34.362 0.8000000119
23707  19.582  -42.111  24.996 0.8999999762
25489  18.574  -39.630  26.010 0.8999999762
25467  18.236  -38.842  26.549 0.8999999762
25490  17.745  -39.120  25.682 0.8000000119
27118  16.625  -38.111  27.651 0.8999999762
26328  16.812  -38.227  26.781 0.8000000119
120447  3.499  -34.782  19.948 0.5000000000
29798  1.001  -34.332  19.427 0.8999999762
29813  1.808  -34.765  18.779 0.8999999762
29796  2.623  -34.580  19.249 0.6999999881
127360  0.621  -36.968  17.715 1.0000000000
29814  0.646  -35.403  18.739 1.0000000000
25417  12.747  -39.515  32.096 0.8000000119
26267  12.554  -38.154  32.791 0.6999999881
27073  11.325  -38.334  33.363 0.6999999881
26240  9.382  -39.329  34.378 0.8000000119
23669  18.695  -41.676  26.221 0.8000000119
23648  18.118  -41.115  26.994 0.8000000119
25442  16.227  -39.490  29.207 0.8000000119
111677  14.427  -39.359  30.849 0.8000000119
26280  13.275  -37.916  32.217 0.6999999881
110649  20.113  -42.699  25.230 0.8999999762
24555  18.568  -40.665  26.145 0.8000000119
26288  14.387  -37.979  30.765 0.8000000119
26279  13.790  -37.867  31.475 0.6999999881
27096  12.446  -37.348  31.999 0.6999999881
21238  20.903  -45.163  23.965 0.8000000119
22023  21.003  -44.190  24.593 0.8999999762
22811  19.380  -42.212  25.636 0.8000000119
19608  22.498  -46.656  23.900 0.8999999762
20392  21.215  -45.650  24.049 0.8999999762
126541  1.282  -35.485  18.115 1.0000000000
29812  2.670  -34.568  18.162 1.0000000000
28949  1.149  -36.063  17.308 1.0000000000
27317  1.413  -38.777  16.374 0.8000000119
28112  1.671  -37.720  16.643 1.0000000000
27316  2.350  -38.178  15.948 0.8000000119
20376  21.268  -45.383  24.464 0.8999999762
19610  21.728  -46.343  23.945 0.8999999762
28921  3.300  -35.083  18.934 0.6999999881
28111  2.261  -36.977  16.009 1.0000000000
28969  2.183  -35.801  15.827 1.0000000000
28948  2.037  -35.468  16.853 1.0000000000
28934  2.002  -35.073  17.738 1.0000000000
28097  1.602  -36.484  16.555 1.0000000000
19593  22.699  -47.276  24.715 0.6999999881
20361  24.250  -46.163  25.715 0.8000000119
26293  23.622  -39.454  28.831 0.6000000238
27104  23.082  -38.716  29.170 0.6000000238
28128  2.803  -37.282  15.627 0.8000000119
19582  22.779  -47.539  25.349 0.6999999881
21172  24.230  -45.238  26.883 0.4000000060
22791  23.945  -43.014  28.078 0.4000000060
23647  24.454  -42.505  27.576 0.5000000000
26285  23.236  -40.002  29.262 0.3000000119
27105  22.037  -38.169  29.959 0.1000000015
28796  20.856  -36.201  30.346 0.1000000015
25440  24.076  -40.811  28.529 0.4000000060
119843  23.748  -40.228  28.786 0.3000000119
29662  19.676  -34.986  31.112 0.2000000030
30554  19.172  -34.252  31.109 0.1000000015
27939  23.244  -37.885  28.993 0.4000000060
116633  21.793  -36.980  29.859 0.3000000119
29661  20.280  -35.614  30.712 0.2000000030
31492  18.325  -33.366  31.431 0.1000000015
28801  22.287  -36.714  29.467 0.5000000000
115175  21.591  -36.184  29.734 0.4000000060
29671  20.687  -35.451  30.081 0.2000000030
128642  19.572  -34.353  30.616 0.2000000030
30555  18.745  -33.742  31.070 0.2000000030
32408  17.064  -32.431  31.278 0.2000000030
31501  19.113  -33.684  30.501 0.2000000030
31493  17.773  -32.880  31.001 0.2000000030
32418  16.448  -32.297  30.696 0.2000000030
121425  23.062  -41.105  29.661 0.2000000030
119521  23.719  -42.008  28.954 0.3000000119
25426  22.891  -40.472  29.707 0.2000000030
27093  22.450  -38.908  29.747 0.2000000030
27930  20.970  -36.882  30.855 0.1000000015
119839  21.622  -38.155  30.538 0.1000000015
27938  23.941  -37.655  28.579 0.5000000000
27948  24.993  -37.505  28.059 0.6000000238
28783  20.475  -36.334  31.100 0.1000000015
29651  20.033  -35.762  31.495 0.1000000015
28807  23.053  -36.293  28.972 0.5000000000
29670  21.283  -35.364  29.662 0.4000000060
30553  20.149  -34.774  30.289 0.2000000030
30565  19.797  -33.955  30.087 0.2000000030
31502  18.437  -33.234  30.741 0.2000000030
32417  17.248  -32.430  30.512 0.2000000030
25414  22.064  -40.357  30.716 0.1000000015
27083  21.599  -38.893  31.013 0.1000000015
27094  21.922  -38.735  30.316 0.2000000030
127058  21.069  -37.411  31.220 0.1000000015
29652  19.620  -35.264  32.019 0.1000000015
28806  23.932  -36.104  28.559 0.6999999881
29675  22.903  -35.398  28.941 0.4000000060
30563  21.635  -34.586  29.294 0.3000000119
30564  20.830  -34.713  29.702 0.3000000119
117291  20.395  -34.150  29.767 0.3000000119
31513  18.730  -32.886  30.112 0.2000000030
31503  18.003  -32.636  30.336 0.2000000030
27919  21.305  -38.043  31.173 0.1000000015
27907  20.573  -36.923  32.225 0.1000000015
130613  27.236  -37.142  25.940 0.8999999762
120553  25.164  -35.276  27.789 0.6000000238
29678  24.906  -34.328  27.691 0.5000000000
30569  23.612  -33.712  28.247 0.5000000000
112814  22.610  -33.335  28.525 0.4000000060
31518  21.715  -33.042  28.770 0.4000000060
121836  20.317  -36.385  31.852 0.1000000015
29638  19.612  -35.425  32.797 0.1000000015
28805  24.742  -35.958  28.186 0.6000000238
29674  23.580  -34.769  28.549 0.4000000060
30571  21.933  -33.847  28.949 0.4000000060
31519  20.850  -32.772  29.046 0.2000000030
121388  19.523  -31.438  28.870 0.1000000015
33377  17.922  -31.532  29.257 0.1000000015
33391  17.531  -31.160  28.718 0.1000000015
122506  23.581  -35.546  28.650 0.5000000000
31510  21.091  -33.783  29.315 0.4000000060
31511  20.272  -33.372  29.583 0.2000000030
32426  19.130  -32.262  29.556 0.2000000030
33378  17.080  -31.582  29.264 0.1000000015
31512  19.488  -33.124  29.853 0.2000000030
32428  17.534  -32.125  29.841 0.2000000030
109266  15.808  -32.201  30.182 0.2000000030
30713  7.327  -34.113  16.946 0.8000000119
29843  6.412  -34.435  16.403 0.8000000119
113750  6.128  -34.902  15.738 0.8000000119
29842  7.233  -34.423  16.675 0.8000000119
28965  7.746  -35.426  16.558 0.8000000119
119193  7.427  -36.433  16.357 0.6999999881
28001  27.462  -37.417  23.325 1.0000000000
27988  27.472  -36.607  24.941 1.0000000000
28850  27.244  -35.615  24.970 1.0000000000
116402  25.863  -34.876  27.149 0.6000000238
31522  24.766  -33.386  27.159 0.6000000238
31517  23.223  -32.716  27.890 0.5000000000
32451  21.851  -31.841  27.775 0.3000000119
32438  21.403  -32.235  28.439 0.1000000015
27989  27.346  -36.004  24.079 1.0000000000
32437  22.301  -32.470  28.206 0.4000000060
32439  20.544  -31.884  28.680 0.3000000119
27229  25.752  -38.805  21.407 1.0000000000
28020  26.727  -37.013  22.413 1.0000000000
30699  8.569  -33.604  17.791 0.6999999881
30712  7.923  -33.771  17.353 0.6999999881
30725  8.283  -33.745  17.164 0.8000000119
120278  8.542  -36.804  16.570 0.6000000238
29702  26.723  -34.822  25.584 0.6000000238
30591  25.925  -33.874  25.665 0.6000000238
32449  23.434  -32.392  26.928 0.5000000000
32450  22.628  -32.097  27.368 0.4000000060
33389  21.103  -31.517  28.038 0.1000000015
112620  20.278  -31.105  28.121 0.1000000015
33403  19.334  -30.740  27.990 0.1000000015
28867  26.899  -35.517  23.745 1.0000000000
28039  24.970  -37.607  21.543 1.0000000000
28021  25.592  -36.635  22.189 1.0000000000
27230  24.706  -38.387  21.255 0.8999999762
116385  24.464  -37.951  21.183 1.0000000000
30711  9.313  -33.768  17.757 0.6000000238
29841  8.069  -34.432  16.821 0.8000000119
116058  8.927  -33.738  17.366 0.6999999881
28963  9.921  -35.981  16.461 0.6000000238
111490  8.173  -37.803  16.566 0.5000000000
28964  8.940  -35.763  16.709 0.6999999881
33416  21.398  -31.212  26.564 0.3000000119
33417  20.642  -30.827  26.518 0.2000000030
31531  24.956  -33.286  26.208 0.6000000238
31532  24.212  -32.769  26.578 0.5000000000
32466  22.025  -31.624  26.848 0.3000000119
29716  26.608  -34.970  24.426 0.6999999881
121430  26.260  -34.297  24.869 0.6000000238
31542  24.695  -33.300  25.103 0.6000000238
32463  24.027  -32.708  25.527 0.5000000000
29735  25.926  -35.177  23.274 0.6999999881
30607  25.277  -33.813  24.498 0.6000000238
128306  24.806  -36.347  21.802 1.0000000000
28899  24.539  -36.267  21.366 0.6999999881
29755  24.782  -35.612  21.993 0.6999999881
122935  10.245  -34.303  16.371 0.8000000119
31644  10.181  -33.981  17.423 0.6000000238
30724  9.746  -33.945  17.030 0.6999999881
29840  9.161  -34.531  16.860 0.8000000119
29839  10.030  -34.944  16.463 0.6999999881
29861  10.389  -35.148  15.917 0.6999999881
30740  10.475  -34.162  15.760 0.6999999881
29866  10.517  -35.089  15.110 0.6999999881
30757  10.633  -33.870  13.977 0.3000000119
32481  22.041  -31.513  25.856 0.3000000119
32480  22.770  -31.908  25.455 0.4000000060
33430  21.781  -31.235  25.612 0.4000000060
109214  21.242  -31.053  25.938 0.3000000119
31558  24.638  -33.249  24.202 0.6000000238
32497  24.343  -32.685  23.899 0.6000000238
32479  23.321  -32.343  25.161 0.4000000060
33429  22.333  -31.607  25.402 0.3000000119
115924  25.232  -34.635  22.755 0.6999999881
30625  25.008  -33.846  23.514 0.6000000238
31581  24.701  -33.183  23.145 0.6000000238
112660  24.640  -33.914  22.326 0.6999999881
31599  24.298  -33.220  22.096 0.6999999881
115209  24.501  -36.725  21.217 0.6999999881
29777  24.401  -35.434  21.329 0.6999999881
125955  24.206  -34.730  21.172 0.6999999881
28918  24.530  -36.658  20.671 0.6999999881
120145  18.284  -35.856  16.332 0.5000000000
29833  17.522  -35.993  16.123 0.3000000119
29857  17.117  -35.345  15.688 0.4000000060
30723  10.462  -33.809  16.486 0.6999999881
29859  15.264  -35.227  15.469 0.5000000000
128191  14.513  -35.062  15.527 0.5000000000
31658  10.892  -33.491  16.228 0.8000000119
128177  11.657  -32.816  15.512 0.4000000060
31678  11.150  -32.854  15.643 0.8000000119
32602  10.989  -32.724  15.433 0.6999999881
30750  10.564  -33.999  14.823 0.5000000000
31726  10.963  -33.562  13.427 0.3000000119
33431  20.377  -30.739  25.976 0.2000000030
32498  22.938  -31.985  25.171 0.3000000119
33444  22.542  -31.473  24.905 0.3000000119
33445  21.894  -31.144  25.247 0.3000000119
122775  24.123  -32.254  23.390 0.4000000060
33443  23.681  -32.237  24.491 0.4000000060
131496  23.761  -33.307  21.235 0.5000000000
33456  23.806  -31.788  23.294 0.4000000060
29786  24.259  -35.082  21.127 0.6999999881
111612  24.041  -34.231  21.093 0.6000000238
120239  24.728  -35.158  19.590 0.6999999881
29819  21.303  -35.743  17.030 0.6000000238
29830  20.475  -35.512  16.708 0.3000000119
29831  19.686  -35.333  16.486 0.5000000000
29832  18.839  -35.125  16.144 0.4000000060
29856  17.968  -35.280  15.859 0.4000000060
30735  16.759  -34.635  15.330 0.5000000000
30734  17.617  -34.631  15.486 0.4000000060
30736  15.873  -34.592  15.217 0.4000000060
30737  14.945  -34.523  15.197 0.5000000000
30738  13.922  -34.542  15.447 0.5000000000
116792  13.486  -33.845  15.236 0.4000000060
31679  10.717  -33.187  15.532 0.6999999881
32599  12.493  -32.610  14.968 0.5000000000
32600  11.719  -32.281  14.929 0.6999999881
32601  11.180  -32.344  15.076 0.6000000238
32622  11.162  -32.069  14.529 0.5000000000
31696  10.684  -32.956  14.550 0.6000000238
34355  19.133  -30.256  25.755 0.2000000030
34353  21.050  -30.715  25.495 0.2000000030
34354  20.026  -30.342  25.620 0.2000000030
34366  22.268  -30.715  24.417 0.3000000119
34367  21.480  -30.290  24.692 0.2000000030
35233  20.472  -29.767  24.795 0.1000000015
35234  19.594  -29.291  24.378 0.1000000015
131480  22.875  -31.030  24.115 0.4000000060
35232  21.075  -29.526  23.905 0.2000000030
114900  20.300  -29.305  24.027 0.1000000015
32526  23.992  -32.479  22.139 0.5000000000
33467  23.429  -31.718  22.124 0.4000000060
33457  23.286  -31.097  23.075 0.4000000060
35248  20.435  -29.348  23.268 0.2000000030
121524  23.559  -32.956  21.148 0.5000000000
30673  24.351  -34.535  20.561 0.6999999881
31608  23.801  -33.696  21.025 0.6000000238
31602  23.777  -33.521  21.066 0.5000000000
121158  23.267  -32.299  21.266 0.4000000060
30686  24.692  -34.273  19.355 0.6000000238
30696  24.152  -34.692  17.941 0.8000000119
30687  24.647  -34.885  18.690 0.6999999881
29817  23.402  -35.286  17.650 0.6999999881
30706  22.652  -34.665  17.192 0.5000000000
30707  21.763  -34.921  16.866 0.6000000238
29829  21.036  -35.072  16.622 0.5000000000
30718  20.345  -34.680  16.372 0.4000000060
30719  19.537  -34.651  16.184 0.4000000060
31673  17.264  -33.973  15.153 0.5000000000
31674  16.437  -33.961  15.031 0.4000000060
31675  15.551  -33.890  14.906 0.4000000060
31694  15.284  -33.142  14.589 0.6000000238
31695  14.344  -32.840  14.507 0.5000000000
32598  17.632  -33.281  14.917 0.5000000000
31692  16.902  -33.426  14.888 0.5000000000
32618  15.955  -32.595  14.393 0.5000000000
32619  15.095  -32.407  14.247 0.5000000000
127285  14.238  -32.131  14.107 0.5000000000
32621  12.312  -32.036  14.458 0.4000000060
129173  13.643  -31.925  14.040 0.4000000060
127438  13.020  -31.688  14.001 0.4000000060
33555  11.600  -31.714  14.034 0.5000000000
32635  11.209  -31.908  14.054 0.5000000000
32652  11.477  -32.156  13.365 0.4000000060
117904  12.017  -31.729  12.836 0.4000000060
32651  11.847  -32.462  12.745 0.3000000119
31741  13.050  -33.298  11.836 0.2000000030
35220  19.441  -29.682  25.140 0.2000000030
34376  21.864  -30.073  23.674 0.3000000119
34375  22.536  -30.631  23.337 0.2000000030
128220  23.045  -31.339  22.124 0.4000000060
33468  22.547  -31.003  22.058 0.3000000119
34387  21.912  -30.347  22.493 0.3000000119
35260  21.262  -29.633  22.915 0.2000000030
117619  19.643  -29.319  22.778 0.2000000030
115861  22.867  -31.643  21.433 0.3000000119
34401  21.672  -30.908  21.455 0.3000000119
34388  21.087  -30.298  21.914 0.2000000030
35261  20.416  -29.694  22.361 0.1000000015
35262  18.806  -29.304  22.431 0.1000000015
32540  23.737  -32.991  20.732 0.5000000000
131490  23.373  -32.566  21.116 0.4000000060
31621  24.354  -33.601  20.057 0.6000000238
30705  23.458  -34.447  17.513 0.5000000000
31643  23.065  -33.716  17.116 0.5000000000
30716  22.083  -34.075  16.674 0.5000000000
31653  21.418  -33.543  16.324 0.4000000060
31655  19.827  -34.015  16.021 0.5000000000
31670  20.080  -33.299  15.733 0.4000000060
122117  19.439  -33.575  15.672 0.5000000000
31672  18.191  -33.904  15.350 0.5000000000
32615  18.781  -32.404  14.754 0.6000000238
32616  17.941  -32.565  14.629 0.5000000000
32617  16.938  -32.692  14.596 0.5000000000
33550  16.457  -32.020  14.079 0.5000000000
33551  15.677  -32.039  14.024 0.5000000000
33571  15.835  -31.431  13.627 0.5000000000
33552  14.954  -31.687  13.788 0.5000000000
33553  13.902  -31.511  13.672 0.3000000119
34473  12.992  -31.140  13.422 0.4000000060
33574  12.224  -31.319  13.493 0.4000000060
33575  11.795  -31.598  13.554 0.3000000119
31724  12.183  -33.250  12.417 0.2000000030
33612  12.852  -31.432  12.177 0.2000000030
32671  13.408  -32.432  11.590 0.2000000030
33611  13.805  -31.558  11.270 0.2000000030
33634  14.698  -31.702  10.560 0.2000000030
33483  22.956  -31.904  21.047 0.3000000119
33484  22.226  -31.374  21.122 0.3000000119
110606  20.783  -30.994  21.096 0.2000000030
34402  20.163  -30.490  21.446 0.1000000015
34404  18.775  -30.518  21.208 0.1000000015
32537  23.282  -32.435  20.944 0.5000000000
33491  22.990  -31.823  20.867 0.3000000119
33492  22.179  -31.340  21.005 0.3000000119
34418  21.279  -31.009  20.834 0.2000000030
34419  19.998  -30.904  20.901 0.2000000030
31633  24.672  -33.420  18.953 0.5000000000
32546  23.597  -32.277  20.371 0.4000000060
112562  20.552  -30.881  20.742 0.2000000030
34427  20.198  -30.551  20.273 0.1000000015
32545  24.309  -32.688  19.523 0.4000000060
33494  23.983  -31.939  19.485 0.4000000060
33495  23.422  -31.576  19.941 0.4000000060
31641  24.477  -33.276  18.090 0.4000000060
32557  24.501  -32.782  18.569 0.4000000060
33505  24.215  -32.048  18.599 0.4000000060
30704  24.001  -33.885  17.691 0.4000000060
32569  24.298  -32.531  17.950 0.4000000060
129369  21.518  -32.878  16.155 0.5000000000
31669  20.857  -33.051  15.939 0.5000000000
32596  19.375  -32.907  15.284 0.6000000238
33548  18.250  -31.473  14.022 0.4000000060
33549  17.465  -31.901  14.169 0.5000000000
131217  15.206  -31.220  13.494 0.4000000060
33572  14.632  -31.070  13.369 0.3000000119
33573  13.888  -30.951  13.200 0.3000000119
34495  12.837  -30.882  12.932 0.3000000119
33588  12.363  -31.181  12.961 0.3000000119
34492  15.379  -30.744  13.176 0.3000000119
34493  14.500  -30.531  12.818 0.3000000119
34494  13.595  -30.706  12.838 0.3000000119
34513  13.483  -30.559  12.373 0.3000000119
34531  13.603  -30.755  11.783 0.3000000119
33496  22.696  -31.210  20.416 0.3000000119
34417  22.016  -30.940  20.601 0.3000000119
34426  20.916  -30.686  20.384 0.2000000030
34420  19.356  -30.820  20.549 0.1000000015
34425  22.536  -30.581  19.855 0.4000000060
114208  21.657  -30.567  20.183 0.2000000030
35298  21.197  -29.879  19.704 0.2000000030
34428  19.414  -30.304  19.909 0.1000000015
33498  23.853  -31.325  19.007 0.4000000060
34432  23.062  -30.077  18.982 0.4000000060
35299  20.303  -29.606  19.484 0.2000000030
32570  23.733  -32.275  17.391 0.5000000000
33515  23.597  -31.431  17.375 0.4000000060
31651  23.196  -32.731  16.904 0.5000000000
32582  21.919  -32.350  16.115 0.5000000000
32594  21.236  -32.377  15.740 0.5000000000
111399  21.069  -31.650  15.266 0.5000000000
33546  20.283  -31.709  14.936 0.5000000000
32614  19.588  -32.078  14.866 0.5000000000
33547  18.960  -31.744  14.368 0.4000000060
33568  18.250  -30.864  13.583 0.3000000119
112274  17.596  -30.596  13.238 0.3000000119
34490  17.023  -30.871  13.383 0.3000000119
35372  14.835  -30.040  12.153 0.3000000119
35390  14.046  -30.209  11.806 0.3000000119
34514  12.978  -30.905  12.499 0.3000000119
35371  15.641  -29.743  12.090 0.3000000119
124636  14.182  -30.281  11.307 0.2000000030
34553  14.250  -30.827  10.913 0.2000000030
34424  23.285  -30.847  19.455 0.4000000060
35297  22.248  -29.822  19.384 0.2000000030
113023  23.881  -31.292  18.161 0.4000000060
34437  23.513  -30.637  17.741 0.4000000060
35310  22.571  -29.319  18.382 0.4000000060
36088  21.881  -28.721  18.151 0.2000000030
32580  23.289  -32.006  16.879 0.4000000060
34442  23.283  -30.760  17.102 0.4000000060
35319  23.139  -30.087  17.230 0.4000000060
32581  22.647  -32.212  16.483 0.5000000000
33517  22.240  -31.649  16.093 0.4000000060
116043  21.675  -31.834  15.729 0.4000000060
33531  21.894  -31.074  15.574 0.4000000060
119074  20.672  -31.084  14.733 0.4000000060
34472  19.792  -31.281  14.398 0.4000000060
33567  18.982  -31.093  13.911 0.3000000119
34488  18.913  -30.453  13.422 0.3000000119
35389  14.533  -29.842  11.735 0.3000000119
36164  14.906  -29.362  10.615 0.1000000015
35409  14.473  -29.806  11.255 0.1000000015
121359  14.481  -30.089  10.652 0.2000000030
125067  22.286  -28.873  17.631 0.2000000030
131553  21.491  -28.392  18.062 0.2000000030
34443  22.824  -30.514  16.556 0.4000000060
35324  22.620  -29.620  16.510 0.3000000119
36098  22.320  -28.846  16.864 0.3000000119
33530  22.447  -30.989  16.130 0.4000000060
34457  21.863  -30.130  15.211 0.4000000060
33545  21.333  -30.858  15.068 0.3000000119
34471  20.425  -30.600  14.171 0.3000000119
34487  20.310  -30.130  13.682 0.3000000119
36099  21.676  -28.270  17.405 0.2000000030
34456  22.356  -30.302  15.921 0.4000000060
35335  22.265  -29.562  15.736 0.3000000119
36104  22.261  -28.900  16.010 0.2000000030
35336  21.953  -29.054  15.106 0.3000000119
131142  21.647  -29.731  14.755 0.3000000119
130922  21.667  -28.554  14.459 0.3000000119
34470  21.230  -30.298  14.543 0.3000000119
35350  21.442  -29.384  14.244 0.3000000119
35351  20.894  -30.016  13.951 0.3000000119
35361  20.788  -29.408  13.459 0.3000000119
36130  21.420  -28.546  13.760 0.2000000030
124695  21.017  -28.582  13.084 0.2000000030
111526  -3.994  -77.155  26.532 1.0000000000
9275  -5.838  -62.435  21.036 0.4000000060
9866  -5.932  -61.034  21.925 0.3000000119
9856  -6.277  -60.551  22.628 0.5000000000
10490  -5.728  -60.036  23.054 0.4000000060
11190  -5.808  -59.217  24.226 0.4000000060
112922  -7.354  -61.615  22.941 0.6999999881
11167  -6.432  -58.910  25.605 0.4000000060
9816  -6.881  -61.310  25.284 0.8000000119
10434  -6.652  -60.107  26.759 0.6000000238
2937  4.920  -74.861  17.571 0.8999999762
3260  4.616  -73.607  17.017 0.8999999762
4022  4.946  -71.768  15.107 0.8000000119
3261  3.806  -73.575  16.588 0.8999999762
4037  4.580  -71.481  14.234 0.8000000119
1714  2.666  -78.142  16.172 0.8000000119
116561  3.295  -77.570  17.484 0.8999999762
1461  2.186  -78.475  14.390 0.8000000119
4066  3.622  -71.192  12.785 0.8999999762
1233  0.264  -80.643  13.651 0.8999999762
1486  5.733  -79.094  9.094 0.6999999881
1771  3.888  -78.712  8.781 0.8000000119
1258  5.094  -80.675  8.134 0.8000000119
2044  6.011  -77.601  9.706 0.6000000238
121141  4.191  -76.616  9.157 0.6000000238
1772  3.572  -78.450  9.365 0.8000000119
1007  4.281  -80.827  7.923 0.8000000119
125284  3.928  -80.177  7.850 0.8000000119
2052  5.563  -76.842  9.443 0.6999999881
18116  -3.853  -49.639  20.637 1.0000000000
18875  -3.142  -48.294  22.351 1.0000000000
17351  -5.539  -50.721  24.180 0.5000000000
18856  -5.348  -48.542  24.258 0.8999999762
19605  -5.216  -47.674  24.352 1.0000000000
20385  -2.891  -46.139  24.522 0.8999999762
111585  -2.442  -47.589  24.435 0.8999999762
19602  -3.081  -46.736  23.903 1.0000000000
19587  -2.203  -46.601  25.370 0.8999999762
131137  12.311  -37.840  29.332 0.5000000000
130876  15.027  -37.745  27.847 0.6000000238
2412  -1.891  -75.687  36.218 0.8000000119
120665  -0.637  -78.402  38.539 0.6999999881
1292  -1.089  -79.225  38.168 0.8000000119
2126  -1.006  -75.712  35.188 0.8999999762
117229  6.886  -76.050  40.173 0.8999999762
1793  6.102  -75.791  40.215 1.0000000000
2096  1.961  -76.058  38.833 1.0000000000
1516  4.000  -77.395  40.205 0.8999999762
1530  -0.062  -78.181  39.133 0.8999999762
1037  -0.895  -80.520  37.029 0.4000000060
585  0.275  -82.997  35.553 0.3000000119
108727  1.088  -83.719  34.566 0.2000000030
129853  1.932  -82.204  32.421 0.2000000030
109097  1.964  -84.337  32.976 0.2000000030
2082  7.421  -75.897  39.801 0.8000000119
1284  7.602  -78.604  39.919 1.0000000000
1308  6.974  -79.876  37.220 1.0000000000
1040  6.479  -80.323  36.622 0.8999999762
1517  3.360  -78.261  40.067 0.8999999762
1529  3.417  -79.279  39.278 0.8999999762
1797  2.154  -77.059  40.216 0.8999999762
1512  1.184  -77.414  40.194 0.8999999762
786  6.433  -80.962  36.272 0.8999999762
1041  5.900  -80.847  36.827 0.8999999762
124973  5.091  -80.163  37.634 0.8999999762
1277  2.372  -78.935  39.685 0.8999999762
1520  0.633  -77.705  39.988 0.8999999762
386  6.147  -83.191  37.361 0.8000000119
787  5.832  -81.837  37.707 0.8999999762
778  5.138  -82.031  38.593 0.8000000119
573  4.199  -82.333  39.032 0.6999999881
1022  3.364  -80.035  38.752 0.6999999881
1023  2.715  -79.979  38.660 0.6999999881
1278  1.703  -78.989  39.438 0.8999999762
1299  0.758  -79.729  38.017 0.6000000238
387  4.131  -83.835  37.829 0.8000000119
390  5.685  -83.942  37.247 0.8000000119
575  2.776  -82.631  38.150 0.8000000119
1042  3.337  -80.734  37.323 0.6999999881
116117  2.279  -80.202  37.526 0.6000000238
122018  1.296  -80.083  37.300 0.5000000000
1036  -0.659  -80.391  37.358 0.5000000000
204  4.477  -84.492  36.409 0.6999999881
114210  5.913  -84.561  35.434 0.6000000238
389  6.411  -83.786  36.733 0.8000000119
391  3.874  -84.137  37.101 0.6999999881
392  3.353  -83.520  36.758 0.6000000238
1052  3.026  -80.784  36.329 0.6999999881
1044  1.879  -80.304  36.488 0.5000000000
1053  2.392  -80.545  35.901 0.5000000000
1054  1.522  -80.576  35.815 0.4000000060
781  -1.128  -81.785  37.256 0.3000000119
117598  4.596  -84.451  33.659 0.5000000000
795  1.249  -81.307  35.494 0.4000000060
796  0.344  -82.237  36.297 0.3000000119
124893  5.203  -84.559  32.809 0.6000000238
123701  4.000  -82.608  34.823 0.5000000000
108004  3.728  -81.869  34.686 0.5000000000
123847  4.053  -81.701  33.897 0.4000000060
123657  5.187  -83.235  31.741 0.5000000000
108010  3.532  -81.502  33.246 0.3000000119
127806  3.334  -84.207  31.184 0.2000000030
2453  0.300  -75.443  33.006 1.0000000000
2093  7.697  -75.735  38.619 0.6999999881
1029  8.849  -80.254  38.553 0.8999999762
1028  9.956  -80.535  37.817 0.8999999762
2103  4.690  -75.826  37.189 0.8000000119
110536  9.204  -80.681  37.376 0.8999999762
1307  7.711  -80.110  37.057 1.0000000000
128935  6.702  -81.150  35.753 0.8999999762
588  6.774  -82.073  35.323 0.8999999762
593  7.296  -82.232  33.844 0.8999999762
582  7.449  -83.547  35.487 0.8000000119
401  8.126  -83.487  34.136 0.8999999762
215  6.565  -84.556  34.699 0.6000000238
234  7.025  -84.749  32.780 0.6999999881
74  5.968  -85.208  31.274 0.5000000000
108086  -4.349  -76.920  25.885 0.8999999762
2208  -5.332  -76.016  25.306 0.8999999762
2209  -6.713  -77.040  24.829 0.6999999881
110090  -6.451  -76.201  24.875 0.8999999762
1017  11.258  -79.758  37.842 0.8000000119
1280  11.042  -79.236  38.444 0.6999999881
109185  8.384  -80.341  36.618 0.8999999762
802  7.607  -80.815  32.402 0.8000000119
2523  -2.687  -75.185  24.784 1.0000000000
123882  -5.945  -80.720  26.346 0.3000000119
2225  -6.883  -77.322  22.899 0.4000000060
783  11.930  -81.174  36.775 0.8000000119
1066  10.060  -80.377  34.089 0.8000000119
2893  -6.589  -74.808  21.809 0.4000000060
108048  7.810  -80.554  30.918 0.8000000119
109144  7.931  -81.172  30.158 0.8000000119
105  5.705  -85.786  27.426 0.5000000000
436  6.614  -83.103  26.860 0.5000000000
456  6.390  -82.739  24.359 0.5000000000
126818  6.285  -84.288  24.099 0.5000000000
465  6.007  -83.027  23.609 0.5000000000
660  5.640  -81.498  23.488 0.4000000060
3553  -7.100  -72.426  20.789 0.8000000119
108782  12.028  -80.994  33.503 0.8000000119
123859  10.411  -79.626  31.479 0.8000000119
6797  -5.206  -65.158  9.929 0.5000000000
38  7.126  -85.091  24.183 0.5000000000
108871  5.264  -83.608  21.480 0.5000000000
108632  10.282  -78.846  30.167 0.8000000119
123801  9.268  -78.626  28.523 0.8000000119
123661  10.060  -83.127  27.799 1.0000000000
123673  11.623  -84.275  27.375 0.8999999762
131591  -2.711  -62.881  13.201 0.6999999881
120999  -3.350  -63.510  11.864 0.6999999881
285  11.148  -84.272  25.122 0.8999999762
126  8.321  -84.941  25.655 0.8999999762
134  9.971  -84.770  24.211 0.8999999762
117556  10.226  -84.938  23.407 0.8999999762
48  8.998  -85.411  22.794 0.8000000119
109595  11.674  -79.458  29.333 0.8000000119
9359  -3.166  -62.032  14.282 0.8000000119
284  12.060  -84.122  25.435 0.8999999762
143  11.470  -84.220  22.770 0.8000000119
4552  -1.933  -70.529  11.495 0.8999999762
480  7.718  -83.473  22.160 0.6000000238
109265  9.148  -85.028  22.012 0.6999999881
9277  -7.185  -62.581  21.094 0.6000000238
123647  10.425  -77.955  25.239 0.8999999762
116847  11.706  -84.139  22.079 0.8000000119
129089  11.405  -84.485  22.153 0.8000000119
917  7.274  -82.125  18.168 0.8999999762
706  6.990  -83.053  18.324 0.8000000119
676  8.873  -82.271  21.630 0.6000000238
113567  9.662  -82.929  20.880 0.6000000238
323  11.776  -83.657  19.758 0.6000000238
309  11.246  -84.367  20.589 0.6999999881
108001  6.498  -83.428  18.856 0.6999999881
10575  -1.232  -60.236  15.677 1.0000000000
5010  -0.852  -69.369  12.097 0.8999999762
686  10.434  -82.649  20.223 0.6000000238
705  11.701  -82.876  18.657 0.5000000000
3731  -3.258  -73.541  7.522 0.6999999881
120522  7.420  -79.870  18.510 0.8000000119
131709  7.581  -79.944  20.882 0.8000000119
1401  9.315  -79.182  21.189 0.6999999881
524  8.373  -83.873  16.203 1.0000000000
9844  -7.341  -61.220  24.032 0.6999999881
9857  -6.937  -60.786  23.130 0.6000000238
9843  -4.671  -60.564  23.408 0.2000000030
10451  -3.636  -60.226  25.170 0.2000000030
9841  -2.576  -61.673  24.609 0.1000000015
1442  7.499  -79.498  16.855 0.6999999881
3020  -2.522  -75.087  9.326 0.6000000238
2693  -1.148  -75.101  8.283 0.8999999762
11191  -6.989  -60.074  24.446 0.6999999881
114655  -6.597  -59.469  24.818 0.4000000060
12722  -5.930  -56.765  14.489 0.6999999881
111030  7.523  -78.930  18.325 0.6999999881
3045  -1.066  -74.443  6.724 0.8999999762
188  5.617  -85.066  11.385 0.6999999881
11975  -1.304  -58.632  19.490 0.8999999762
13357  -2.768  -56.496  20.627 0.8999999762
129952  7.937  -77.864  18.484 0.6000000238
1238  6.571  -80.240  12.536 0.8000000119
126042  -1.257  -73.126  5.363 0.8999999762
8764  1.907  -63.434  12.141 0.8000000119
112788  6.465  -79.961  10.649 0.8999999762
199  2.158  -83.805  12.056 0.4000000060
128934  1.806  -59.693  21.139 0.6999999881
11217  1.319  -59.118  22.392 0.6000000238
11231  2.529  -59.438  21.247 0.5000000000
14694  -2.857  -54.346  20.948 1.0000000000
9385  2.110  -62.700  12.454 0.8000000119
130299  7.294  -74.014  16.690 0.8000000119
3248  6.147  -73.827  17.237 0.8999999762
1759  7.012  -78.806  11.347 0.6999999881
2362  3.704  -76.024  9.441 0.6000000238
3250  4.224  -74.338  17.364 0.8999999762
3271  3.340  -73.257  15.697 0.8000000119
112439  -0.905  -67.035  8.019 0.8000000119
1770  4.715  -78.295  9.047 0.8000000119
1262  4.297  -79.907  7.909 0.8000000119
2053  4.701  -77.422  9.240 0.6999999881
110584  3.411  -77.982  10.438 0.6999999881
2334  4.467  -76.678  12.053 0.6999999881
2284  5.117  -76.057  17.223 0.8000000119
2938  3.524  -74.819  17.490 0.8999999762
2939  2.794  -74.877  17.354 0.8999999762
3272  2.646  -73.578  15.333 0.8999999762
2640  -0.705  -75.400  14.446 0.8999999762
2966  1.263  -74.184  15.005 0.8999999762
2986  -0.172  -74.852  13.104 0.8999999762
3292  0.955  -73.832  13.192 1.0000000000
2269  3.825  -76.065  17.725 0.8999999762
124062  1.816  -76.084  17.888 0.8000000119
2641  -1.373  -75.826  13.976 0.6999999881
2999  -0.196  -74.514  11.112 1.0000000000
1006  4.928  -81.439  8.206 0.8999999762
1726  3.062  -77.747  15.504 0.8000000119
1727  2.286  -78.199  15.262 0.8000000119
1965  2.875  -77.429  18.110 0.8999999762
2272  1.670  -76.755  18.209 0.8999999762
109543  2.247  -77.956  18.325 0.8999999762
2287  0.245  -76.493  17.385 0.8999999762
2273  0.875  -77.022  18.092 0.8999999762
759  -0.534  -82.715  13.105 0.6000000238
9798  -6.137  -61.800  26.391 0.8999999762
12623  1.792  -57.398  24.704 0.4000000060
11958  3.265  -58.243  20.905 0.4000000060
13959  0.474  -56.132  25.185 0.6000000238
13960  -0.138  -55.648  24.676 0.8999999762
116374  -1.767  -54.932  22.850 0.8999999762
12676  3.608  -57.924  19.681 0.4000000060
123027  -3.687  -52.252  18.441 1.0000000000
110248  -2.021  -64.139  7.928 0.5000000000
2652  5.332  -75.582  12.199 0.6999999881
114096  5.850  -75.770  13.956 0.6000000238
3635  2.222  -73.163  13.779 0.8000000119
3286  2.463  -73.359  14.524 0.8000000119
6881  -1.640  -66.205  7.556 0.6999999881
3287  1.795  -73.688  14.295 0.8999999762
3291  1.568  -73.504  13.544 1.0000000000
3297  1.357  -73.349  12.903 1.0000000000
113852  0.570  -73.358  11.552 1.0000000000
112611  3.666  -78.405  13.004 0.8000000119
121446  3.744  -79.791  8.104 0.8000000119
1740  2.867  -77.923  14.647 0.6999999881
1470  2.419  -79.013  13.553 0.8000000119
1453  1.688  -78.960  15.093 0.8999999762
4169  0.306  -71.783  5.500 0.8000000119
11165  -5.222  -58.879  24.984 0.2000000030
13958  4.840  -56.017  25.357 0.2000000030
12694  3.086  -57.545  17.501 0.4000000060
16033  -2.071  -52.028  21.468 1.0000000000
9999  0.239  -61.039  12.147 0.6000000238
2984  6.960  -74.782  13.257 0.6000000238
2329  4.641  -76.911  13.181 0.6999999881
989  1.833  -81.716  10.435 0.8000000119
1477  2.670  -79.699  12.811 0.8000000119
1471  1.754  -79.601  13.364 0.8999999762
1232  0.861  -79.870  13.734 0.8000000119
4655  -0.075  -70.536  4.343 0.8000000119
121335  0.392  -81.300  10.186 0.6999999881
11117  -5.157  -59.995  29.102 0.8000000119
11164  -4.187  -59.385  25.429 0.2000000030
10433  -3.226  -59.991  25.971 0.2000000030
11868  -5.414  -57.671  26.709 0.3000000119
13925  1.697  -55.751  26.490 0.3000000119
14603  0.518  -54.150  27.377 0.6000000238
15282  -0.697  -53.482  26.966 0.8999999762
127785  -2.325  -50.901  23.915 0.8999999762
16714  -2.090  -50.933  21.204 1.0000000000
16715  -5.625  -51.047  20.638 0.8999999762
10393  -2.814  -60.423  29.850 0.8999999762
11832  -5.277  -58.718  30.708 0.8000000119
14621  3.913  -54.987  26.459 0.2000000030
110777  -2.067  -50.541  22.050 1.0000000000
18108  -3.668  -49.265  21.200 1.0000000000
18101  -4.762  -48.950  21.727 1.0000000000
13464  -2.113  -56.009  13.024 0.4000000060
18095  -5.339  -49.373  22.844 0.8999999762
17350  -2.507  -50.361  24.646 0.8999999762
19620  -4.462  -47.442  23.286 1.0000000000
18877  -5.045  -48.592  22.329 1.0000000000
11811  -1.736  -59.135  31.834 0.8999999762
11795  -3.506  -58.035  32.065 0.8000000119
11794  -2.401  -58.285  32.268 0.8000000119
16674  2.092  -51.547  26.187 0.4000000060
18057  -0.208  -49.728  28.270 0.6999999881
19619  -3.518  -47.280  23.303 1.0000000000
18863  -3.879  -47.779  22.566 1.0000000000
18043  -0.950  -49.212  28.488 0.8999999762
18068  -2.613  -49.725  26.174 0.8999999762
12479  -2.742  -57.175  33.398 0.8999999762
17329  1.233  -50.194  26.889 0.6999999881
19557  -1.743  -47.864  28.337 0.8999999762
14520  -5.250  -53.586  30.948 0.4000000060
17338  1.477  -49.740  26.091 0.6000000238
18838  1.500  -48.165  25.478 0.6999999881
120523  -0.167  -47.956  28.188 0.8999999762
115816  1.644  -49.133  25.115 0.4000000060
19631  1.977  -47.034  23.099 0.4000000060
128461  1.569  -47.535  24.960 0.6000000238
20367  0.834  -46.244  25.772 0.6999999881
19601  1.349  -46.777  24.854 0.6999999881
115368  -0.023  -47.126  21.396 0.5000000000
20415  0.610  -45.982  22.588 0.6999999881
20356  0.698  -46.370  26.796 0.8999999762
21198  0.241  -45.459  26.720 0.8999999762
20342  -0.509  -46.098  28.073 0.8999999762
21247  -0.900  -45.383  23.546 0.6999999881
22015  -1.516  -44.363  25.709 0.8999999762
21233  -1.160  -44.740  24.522 0.8999999762
21217  -4.385  -45.431  25.460 1.0000000000
20370  -4.720  -46.132  24.974 1.0000000000
22070  -3.111  -44.671  22.906 0.8999999762
22864  -2.834  -43.477  24.846 0.8999999762
16675  -5.670  -51.140  25.743 0.5000000000
115371  -5.805  -51.897  26.392 0.3000000119
22882  -3.313  -43.823  23.949 0.8999999762
21203  -4.977  -45.117  26.091 0.8999999762
118690  -5.628  -51.095  26.672 0.3000000119
23755  -3.406  -42.664  22.895 0.8999999762
17196  -4.425  -50.021  37.747 0.8999999762
17943  -4.835  -49.323  36.470 0.8999999762
18727  -5.512  -48.442  34.318 0.5000000000
19455  -3.978  -47.167  36.679 0.8000000119
113151  -1.711  -39.124  21.104 1.0000000000
18692  -1.207  -47.815  36.915 0.8999999762
20239  -3.696  -45.965  35.215 0.6000000238
28872  -1.947  -35.915  23.628 0.8000000119
29720  -1.391  -35.139  24.162 0.6999999881
28855  -2.421  -36.580  25.197 0.6000000238
27152  -3.380  -37.950  27.147 0.4000000060
26318  -3.794  -38.944  27.228 0.5000000000
127143  -0.406  -34.617  22.830 0.8000000119
29719  -0.676  -34.673  24.632 0.6000000238
29791  -0.525  -35.354  21.099 1.0000000000
23533  2.739  -42.641  35.438 0.8000000119
30628  0.015  -34.041  23.552 0.6999999881
116702  1.741  -33.450  23.047 0.4000000060
29739  1.525  -33.962  23.952 0.4000000060
30676  0.526  -33.411  20.552 0.6000000238
24423  4.852  -41.212  35.994 0.8000000119
27141  12.090  -38.306  28.496 0.4000000060
118698  16.020  -38.390  26.526 0.6999999881
27138  15.789  -37.816  27.971 0.6000000238
25441  16.940  -39.627  28.588 0.8000000119
27106  14.820  -37.563  29.730 0.6000000238
25427  15.635  -39.289  29.780 0.8000000119
22849  18.881  -42.683  24.244 0.8000000119
23708  18.545  -41.836  24.577 0.8000000119
22831  20.770  -43.458  24.890 0.8999999762
23684  19.519  -41.930  25.294 0.8999999762
22848  20.101  -42.936  24.698 0.8999999762
23685  19.091  -41.343  25.180 0.8999999762
117641  18.209  -40.050  25.445 0.8999999762
23668  18.999  -41.418  25.537 0.8999999762
21989  19.600  -43.068  25.744 0.8000000119
22007  20.863  -44.313  25.130 0.8000000119
126112  21.145  -44.746  24.777 0.8999999762
22041  20.689  -44.403  24.043 0.8999999762
22042  19.782  -44.061  23.772 0.8000000119
20393  20.205  -45.652  23.466 0.8000000119
20408  20.790  -46.083  23.487 0.8000000119
19611  21.149  -46.375  24.155 0.8000000119
19594  22.043  -46.947  24.287 0.8000000119
20377  20.866  -45.816  24.613 0.6999999881
19592  23.275  -47.080  24.969 0.8000000119
29845  3.055  -34.928  15.813 1.0000000000
113571  22.143  -47.519  24.666 0.6999999881
19581  23.304  -47.191  25.740 0.3000000119
20348  23.724  -46.648  26.105 0.6999999881
21187  24.618  -45.543  26.107 0.8000000119
20333  23.997  -45.980  26.476 0.4000000060
20362  23.784  -46.666  25.347 0.8000000119
25439  24.586  -40.924  27.941 0.6000000238
27933  22.610  -38.085  29.456 0.3000000119
21975  24.323  -44.335  27.168 0.4000000060
22798  24.362  -43.400  27.377 0.4000000060
22810  24.844  -43.797  26.684 0.6999999881
23632  24.105  -42.098  28.338 0.3000000119
24520  24.262  -41.385  28.263 0.5000000000
23667  24.890  -42.876  26.895 0.6000000238
25425  23.487  -40.801  29.141 0.4000000060
26286  22.656  -39.744  29.759 0.2000000030
112831  22.998  -39.360  29.347 0.2000000030
28795  21.351  -36.890  30.264 0.2000000030
30544  19.241  -34.599  31.838 0.1000000015
130332  22.379  -35.989  29.275 0.4000000060
32419  15.680  -32.174  30.885 0.1000000015
130870  22.430  -40.206  30.174 0.1000000015
122307  24.290  -36.783  28.402 0.5000000000
29669  22.069  -35.331  29.281 0.4000000060
32429  16.680  -32.107  29.965 0.2000000030
28823  26.588  -36.240  26.758 0.6999999881
27974  27.155  -36.383  25.964 1.0000000000
29673  24.199  -34.326  28.158 0.6000000238
29688  26.491  -35.344  26.596 0.6999999881
28813  25.795  -35.908  27.456 0.6000000238
118545  24.349  -33.727  27.794 0.5000000000
118015  24.350  -35.148  28.285 0.5000000000
30570  22.640  -34.434  28.849 0.4000000060
32425  20.004  -32.419  29.331 0.2000000030
33376  18.675  -31.607  29.247 0.1000000015
32427  18.318  -32.202  29.720 0.2000000030
30726  7.732  -33.935  16.982 0.8000000119
28019  27.085  -37.835  22.338 1.0000000000
28002  27.400  -36.639  23.723 1.0000000000
28834  26.971  -35.654  26.021 0.8999999762
115114  26.307  -34.514  26.375 0.6999999881
30578  25.656  -33.943  26.755 0.6000000238
31523  24.059  -32.999  27.479 0.5000000000
28003  26.825  -36.176  23.138 1.0000000000
33390  18.409  -30.968  28.580 0.1000000015
131113  21.463  -31.417  27.350 0.1000000015
33402  20.853  -31.064  27.345 0.1000000015
28884  25.832  -35.867  22.700 0.6999999881
28054  24.416  -37.444  21.101 1.0000000000
28040  24.593  -37.068  21.378 0.8000000119
32464  23.312  -32.345  25.805 0.4000000060
32465  22.654  -31.981  26.216 0.4000000060
113308  25.808  -34.469  23.907 0.6999999881
31543  24.061  -32.733  24.755 0.5000000000
28962  10.323  -36.074  16.110 0.6999999881
130490  10.746  -33.243  13.934 0.5000000000
30638  24.442  -34.775  21.670 0.6999999881
30656  24.077  -34.001  21.281 0.6999999881
28910  24.459  -35.971  21.173 0.6999999881
29794  24.516  -35.587  20.600 0.6999999881
29795  24.765  -36.017  19.573 0.6999999881
31725  11.434  -33.022  13.024 0.4000000060
124545  23.287  -31.573  24.337 0.4000000060
30733  18.340  -34.624  15.711 0.5000000000
31676  14.444  -33.754  14.886 0.5000000000
32623  10.881  -32.410  14.986 0.6000000238
32620  13.367  -32.346  14.410 0.5000000000
33532  11.542  -31.978  14.470 0.6000000238
32636  10.925  -32.253  14.469 0.5000000000
31709  10.934  -32.646  13.833 0.4000000060
31609  23.517  -33.061  21.050 0.6000000238
30695  24.559  -34.083  18.377 0.5000000000
30717  21.215  -34.358  16.482 0.4000000060
31654  20.613  -33.813  16.166 0.3000000119
31671  19.007  -34.178  15.827 0.5000000000
121516  18.903  -33.524  15.449 0.5000000000
32597  18.482  -33.099  15.048 0.5000000000
31693  16.193  -33.286  14.721 0.6000000238
33554  12.150  -31.564  13.959 0.5000000000
32672  12.528  -32.422  12.254 0.2000000030
32686  14.483  -32.532  11.035 0.2000000030
35273  19.417  -29.890  21.845 0.1000000015
131383  18.287  -32.016  14.384 0.4000000060
33485  21.520  -31.161  21.025 0.3000000119
31642  23.859  -33.064  17.471 0.5000000000
31652  22.269  -33.086  16.510 0.5000000000
32595  20.351  -32.438  15.392 0.5000000000
33569  17.564  -31.192  13.683 0.4000000060
33570  16.785  -31.393  13.682 0.4000000060
34511  15.997  -30.274  12.756 0.3000000119
35373  14.144  -30.288  12.294 0.3000000119
34421  18.682  -30.810  20.691 0.1000000015
34431  23.531  -30.648  18.542 0.4000000060
35312  21.005  -29.159  19.071 0.2000000030
130087  24.054  -31.891  17.873 0.4000000060
36143  15.042  -29.506  11.598 0.3000000119
35309  23.228  -29.944  18.055 0.4000000060
35311  21.731  -29.189  18.895 0.2000000030
35320  22.788  -29.390  17.414 0.3000000119
118377  21.281  -28.663  18.519 0.2000000030
33516  22.935  -31.373  16.605 0.4000000060
127408  19.679  -30.583  13.797 0.3000000119
36154  14.756  -29.412  11.256 0.3000000119
9855  -5.369  -60.704  22.626 0.2000000030
2349  7.262  -76.274  9.865 0.5000000000
18885  -4.168  -48.810  21.656 1.0000000000
1424  1.012  -79.117  18.314 0.8000000119
1423  1.537  -79.106  18.134 0.6999999881
952  0.858  -81.355  15.921 0.5000000000
746  0.134  -82.862  15.065 0.3000000119
752  0.356  -81.972  14.829 0.5000000000
528  -0.876  -83.836  16.600 0.1000000015
536  -0.477  -83.721  15.267 0.4000000060
1966  1.511  -77.686  18.373 0.8000000119
1978  0.173  -77.426  17.689 0.8000000119
1980  -1.077  -77.773  16.728 0.4000000060
1990  -2.546  -77.755  15.860 0.2000000030
1989  -1.792  -77.391  16.166 0.4000000060
23  0.753  -87.026  17.027 0.2000000030
62  0.346  -85.663  17.126 0.1000000015
110125  -0.194  -84.337  14.191 0.5000000000
545  -0.632  -83.499  13.304 0.5000000000
25  0.716  -86.483  16.861 0.3000000119
123366  0.700  -86.417  16.962 0.3000000119
118952  0.226  -84.852  15.532 0.3000000119
185  1.485  -84.565  13.098 0.4000000060
186  0.424  -84.851  13.124 0.5000000000
65  0.703  -84.965  14.982 0.4000000060
179  0.334  -84.941  13.844 0.5000000000
358  -0.274  -84.226  13.378 0.6000000238
108046  10.150  -82.237  25.912 0.8000000119
2288  -0.460  -76.384  16.713 0.6999999881
2302  -1.539  -76.625  15.927 0.4000000060
2315  -2.413  -77.014  15.525 0.2000000030
2316  -3.426  -77.249  15.068 0.3000000119
2325  -3.650  -77.152  14.211 0.3000000119
2002  -4.242  -77.991  15.285 0.3000000119
114352  -4.973  -78.041  14.631 0.3000000119
2014  -5.098  -77.797  13.927 0.2000000030
118753  -0.097  -86.763  17.373 0.1000000015
364  1.015  -84.393  12.583 0.5000000000
365  0.165  -84.138  12.603 0.6000000238
123851  12.502  -80.491  28.372 0.6999999881
108027  11.948  -80.731  29.149 0.6999999881
123855  12.211  -79.634  28.707 0.6999999881
110131  13.840  -81.877  27.073 0.6000000238
108954  13.348  -81.221  27.191 0.6999999881
108866  13.066  -80.217  27.596 0.6999999881
109732  9.402  -80.942  25.766 0.8000000119
123760  10.602  -82.167  25.030 0.8000000119
108657  10.628  -81.195  24.338 0.8000000119
2630  -0.609  -75.546  15.275 0.6999999881
124969  -1.282  -75.849  14.870 0.6000000238
2301  -0.925  -76.335  16.206 0.6999999881
2323  -2.037  -76.207  14.448 0.6000000238
129226  -4.044  -77.539  13.446 0.4000000060
2020  -4.930  -77.893  12.955 0.2000000030
2021  -5.283  -77.634  13.391 0.2000000030
2027  -4.550  -78.002  12.149 0.2000000030
119280  -5.614  -77.287  13.109 0.2000000030
2332  -5.840  -76.963  13.970 0.1000000015
2649  -5.905  -76.232  13.556 0.1000000015
109224  12.351  -81.697  28.827 0.6999999881
108768  14.646  -82.018  25.861 0.5000000000
108653  14.211  -81.864  26.524 0.6000000238
108015  13.507  -82.170  27.683 0.6999999881
108024  12.890  -81.444  27.986 0.6999999881
108763  12.556  -79.337  27.942 0.6999999881
123875  14.244  -81.408  26.042 0.6000000238
108016  13.800  -81.210  26.520 0.6000000238
108025  13.584  -80.118  26.724 0.6999999881
123856  13.081  -79.289  27.125 0.6000000238
123664  12.374  -78.738  27.140 0.8000000119
455  15.645  -82.944  24.871 0.4000000060
446  15.239  -82.850  25.589 0.4000000060
647  15.395  -82.577  24.833 0.4000000060
856  15.121  -81.948  24.942 0.6000000238
123715  14.538  -81.250  25.423 0.6000000238
129559  13.807  -79.701  26.043 0.6000000238
123936  9.851  -78.440  25.182 0.8000000119
123779  9.365  -80.096  25.141 0.8000000119
123721  9.949  -81.150  25.087 0.8000000119
123722  11.093  -80.711  23.538 0.6999999881
123807  11.063  -83.353  25.592 0.8000000119
123684  11.008  -82.261  24.428 0.6999999881
123648  12.174  -84.054  25.736 0.8000000119
123758  11.346  -81.967  23.675 0.6999999881
874  11.717  -81.285  22.959 0.6999999881
1137  12.576  -80.741  21.854 0.5000000000
880  12.755  -81.616  21.576 0.5000000000
2330  -2.127  -76.454  13.496 0.6000000238
2335  -2.024  -76.952  12.344 0.5000000000
2324  -2.772  -76.650  14.050 0.3000000119
2015  -5.555  -77.518  14.392 0.2000000030
2336  -2.854  -77.651  11.685 0.4000000060
2331  -3.216  -77.400  12.971 0.5000000000
120699  -4.151  -78.005  11.621 0.3000000119
2642  -6.190  -75.724  14.732 0.1000000015
2046  -2.954  -77.612  10.519 0.3000000119
2036  -4.577  -77.917  11.655 0.2000000030
2337  -5.590  -77.053  12.554 0.1000000015
2669  -3.791  -76.571  10.320 0.3000000119
2048  -4.186  -77.735  10.940 0.3000000119
108863  11.726  -81.951  29.768 0.6999999881
108037  14.801  -82.881  26.393 0.4000000060
109130  12.967  -82.481  28.430 0.6999999881
108874  12.383  -82.660  29.258 0.6999999881
444  16.936  -83.107  25.393 0.4000000060
445  15.862  -83.177  25.439 0.4000000060
108017  14.345  -83.174  27.745 0.5000000000
109169  13.736  -82.939  27.961 0.6999999881
108019  13.342  -78.560  25.266 0.6000000238
109171  12.785  -78.445  25.763 0.6000000238
123942  11.862  -78.213  26.177 0.6999999881
636  19.355  -81.640  24.748 0.3000000119
111980  18.639  -82.284  24.512 0.3000000119
453  17.598  -82.776  24.637 0.4000000060
1117  14.886  -80.880  24.729 0.6000000238
1111  14.427  -80.421  25.233 0.5000000000
1615  14.006  -78.890  25.010 0.6000000238
108666  12.697  -78.034  24.902 0.6000000238
123654  11.880  -77.695  25.098 0.6999999881
125541  10.387  -78.171  24.498 0.6999999881
123653  10.969  -77.874  23.704 0.5000000000
645  17.204  -82.675  23.968 0.4000000060
646  16.068  -82.722  24.012 0.3000000119
1116  15.201  -80.285  24.047 0.4000000060
1366  14.893  -79.159  23.803 0.4000000060
1621  14.269  -78.656  24.179 0.5000000000
1634  13.073  -77.717  23.449 0.4000000060
123935  11.723  -77.600  23.552 0.5000000000
108755  9.784  -79.154  24.633 0.6999999881
108052  10.487  -78.760  23.868 0.5000000000
115693  18.955  -81.279  24.688 0.3000000119
644  18.168  -82.183  23.880 0.4000000060
656  17.557  -81.898  23.382 0.3000000119
865  16.075  -81.829  23.337 0.4000000060
1122  15.905  -80.646  23.605 0.3000000119
1381  11.721  -78.528  22.589 0.5000000000
643  18.400  -81.047  24.418 0.3000000119
872  16.587  -81.931  23.125 0.3000000119
108053  10.948  -79.597  23.343 0.6000000238
109015  11.527  -80.245  22.867 0.6000000238
111700  13.000  -79.542  21.426 0.4000000060
123761  11.450  -83.168  24.178 0.8000000119
1136  13.362  -81.035  21.228 0.6000000238
668  12.208  -82.716  22.214 0.6999999881
873  12.281  -81.711  22.223 0.6000000238
121381  12.196  -83.410  21.863 0.6999999881
675  12.581  -82.548  21.475 0.6000000238
890  13.515  -81.953  20.547 0.6000000238
2648  -1.366  -76.030  12.968 0.8000000119
109550  -6.090  -74.956  14.580 0.1000000015
2655  -5.720  -75.856  12.756 0.1000000015
2344  -4.846  -77.354  11.288 0.2000000030
108044  11.435  -82.537  34.285 0.6999999881
111225  13.140  -83.079  28.642 0.6999999881
108026  11.851  -82.867  30.185 0.6999999881
109155  12.081  -83.003  30.960 0.6999999881
108028  15.306  -83.233  26.337 0.4000000060
108947  14.392  -83.164  27.506 0.5000000000
109067  13.807  -83.292  28.546 0.6999999881
123651  11.152  -77.636  24.449 0.6000000238
1632  15.123  -78.543  23.026 0.4000000060
116677  14.486  -78.184  22.910 0.4000000060
1925  13.731  -77.888  22.963 0.4000000060
657  16.744  -82.296  23.296 0.3000000119
1373  16.173  -79.792  22.844 0.3000000119
1374  15.530  -79.544  23.316 0.3000000119
1647  14.358  -78.154  22.559 0.4000000060
1926  12.988  -77.644  22.966 0.5000000000
1649  12.075  -77.907  22.574 0.5000000000
1121  16.577  -80.695  23.325 0.3000000119
1388  12.466  -78.546  22.091 0.4000000060
115666  12.071  -79.650  22.236 0.4000000060
1387  13.780  -79.098  21.067 0.4000000060
1398  14.531  -79.206  20.550 0.4000000060
1399  13.814  -79.990  20.801 0.4000000060
117606  14.581  -82.156  19.069 0.4000000060
1150  13.968  -81.097  20.660 0.4000000060
685  13.165  -83.084  19.897 0.6000000238
117854  14.051  -82.672  19.293 0.5000000000
889  14.186  -81.786  19.938 0.4000000060
4021  5.686  -71.352  15.528 0.6999999881
2653  -0.693  -75.560  12.542 0.8000000119
2654  -1.248  -76.353  11.872 0.6999999881
2342  -1.031  -76.559  10.689 0.8000000119
2980  -6.592  -73.789  15.166 0.1000000015
2363  -2.895  -77.002  9.695 0.4000000060
2662  -5.385  -75.299  12.053 0.1000000015
2987  -5.930  -74.801  13.844 0.1000000015
2668  -3.048  -75.793  9.776 0.5000000000
3007  -3.916  -74.888  10.652 0.4000000060
3001  -5.492  -73.997  12.000 0.1000000015
2993  -5.743  -74.462  12.951 0.1000000015
2661  -4.788  -76.210  11.108 0.2000000030
113908  12.477  -81.194  36.305 0.6999999881
109219  11.982  -81.594  35.037 0.6999999881
581  12.665  -81.483  35.286 0.6999999881
108039  12.034  -82.934  33.941 0.6999999881
1379  16.364  -78.828  21.920 0.4000000060
1646  15.192  -78.244  22.307 0.4000000060
1933  13.661  -78.018  22.527 0.4000000060
1657  13.481  -78.409  21.728 0.4000000060
123719  17.680  -80.600  22.978 0.2000000030
126084  17.384  -80.023  21.765 0.2000000030
1135  16.953  -79.201  21.202 0.4000000060
1654  16.236  -78.496  21.280 0.4000000060
1655  15.574  -78.299  21.542 0.4000000060
1386  14.292  -78.580  21.188 0.4000000060
113388  18.490  -80.358  21.144 0.3000000119
108061  17.723  -79.934  21.078 0.4000000060
1396  16.466  -78.844  20.449 0.4000000060
1411  16.689  -79.362  19.661 0.4000000060
1397  15.991  -78.997  19.802 0.4000000060
1166  15.706  -80.025  19.233 0.4000000060
1178  16.128  -80.426  18.614 0.4000000060
902  15.374  -81.354  18.820 0.4000000060
903  14.999  -81.009  19.656 0.4000000060
693  14.925  -82.618  18.223 0.4000000060
914  15.744  -81.665  17.893 0.4000000060
494  14.361  -83.098  18.496 0.5000000000
703  14.623  -83.202  18.070 0.4000000060
120258  15.291  -82.659  17.529 0.4000000060
500  15.071  -83.558  17.182 0.4000000060
4036  5.277  -71.079  14.632 0.8000000119
4012  6.320  -71.751  16.392 0.8000000119
4479  5.959  -70.662  15.073 0.6999999881
117680  -0.579  -75.518  10.967 0.8000000119
116595  -5.849  -73.372  12.831 0.1000000015
2680  -2.224  -76.630  9.180 0.6999999881
121963  -3.281  -74.631  9.929 0.4000000060
3000  -4.858  -74.565  11.404 0.2000000030
3035  -3.451  -74.095  8.854 0.5000000000
123135  -4.815  -73.968  10.586 0.4000000060
3316  -5.521  -73.177  9.747 0.2000000030
3008  -4.482  -73.687  9.630 0.4000000060
3332  -5.253  -72.981  9.132 0.4000000060
2862  -2.767  -74.417  24.627 0.8999999762
3194  -4.812  -73.380  24.879 0.8999999762
115204  -3.954  -73.837  24.589 0.8999999762
3523  -4.753  -72.690  24.776 0.8999999762
3506  -5.991  -72.559  25.584 0.8999999762
108060  18.415  -80.306  19.418 0.4000000060
1410  17.459  -79.839  19.496 0.4000000060
120208  16.353  -79.668  19.225 0.4000000060
108948  17.303  -80.465  17.810 0.4000000060
1177  16.565  -80.634  18.061 0.4000000060
927  16.545  -81.302  17.264 0.4000000060
716  15.256  -83.093  16.858 0.4000000060
928  15.752  -82.177  17.192 0.4000000060
124129  16.625  -81.693  15.787 0.4000000060
724  16.774  -81.556  16.041 0.4000000060
125287  4.171  -71.155  13.418 0.8000000119
4984  5.926  -69.483  13.969 0.6000000238
4515  5.203  -70.004  13.494 0.6000000238
4496  4.892  -70.757  13.837 0.8000000119
116054  1.521  -72.451  11.885 0.8999999762
3681  0.980  -72.848  11.723 0.8999999762
4099  2.346  -71.304  11.241 0.8999999762
3680  1.268  -72.302  11.261 0.8999999762
113857  -0.848  -75.498  9.172 0.8000000119
115523  -6.183  -71.970  11.167 0.1000000015
118399  -5.887  -72.584  12.385 0.1000000015
4104  -6.181  -72.180  9.806 0.1000000015
3682  -6.062  -72.585  10.827 0.1000000015
3715  -5.929  -72.336  9.235 0.2000000030
3307  -5.467  -73.496  10.860 0.1000000015
4337  -6.037  -70.939  28.702 0.8999999762
4850  -6.351  -70.890  27.364 0.8999999762
2848  -2.065  -74.308  25.334 0.8999999762
3147  -1.880  -73.142  27.115 0.8999999762
3151  -1.782  -73.381  26.026 0.8999999762
112376  -2.171  -73.486  24.903 0.8999999762
116770  -6.159  -70.145  27.531 0.8999999762
3178  -2.969  -73.677  24.504 0.8999999762
2863  -3.357  -74.351  24.540 0.8999999762
3504  -3.584  -72.934  24.364 0.8999999762
4383  -4.630  -71.639  24.864 0.8999999762
3917  -5.704  -72.090  25.848 0.8999999762
3507  -6.408  -72.759  24.693 0.8999999762
108066  18.093  -80.591  16.341 0.4000000060
108065  17.103  -81.042  16.522 0.4000000060
127581  18.025  -80.606  15.330 0.4000000060
1219  18.651  -80.146  14.499 0.3000000119
4998  5.360  -69.106  13.163 0.6000000238
4983  6.633  -69.267  14.635 0.5000000000
4532  4.244  -70.145  12.478 0.6000000238
4494  6.280  -69.968  14.753 0.6999999881
4550  3.302  -70.202  11.281 0.6999999881
4551  3.004  -70.935  11.625 0.8000000119
4567  2.689  -70.662  10.868 0.6999999881
4568  2.123  -71.128  10.433 0.8000000119
110448  1.617  -71.156  8.794 0.8000000119
114475  1.440  -71.620  10.121 0.8000000119
117832  0.342  -73.037  9.923 0.8999999762
3343  0.241  -72.954  8.933 0.8999999762
4537  -5.981  -71.092  12.115 0.1000000015
4083  -6.402  -71.154  10.658 0.1000000015
130585  -6.351  -71.479  9.892 0.1000000015
3713  -4.684  -73.015  8.940 0.3000000119
3714  -5.489  -72.675  9.180 0.3000000119
128014  -4.118  -73.500  8.147 0.4000000060
5364  -4.932  -70.458  29.426 0.8000000119
6539  -3.688  -67.564  29.844 0.8000000119
5915  -4.211  -69.114  29.584 0.8000000119
4840  -4.729  -70.681  28.455 0.8000000119
4339  -5.693  -71.200  28.410 0.8999999762
4838  -5.577  -70.936  29.053 0.8000000119
110846  -5.946  -69.711  26.585 0.8999999762
3159  -1.566  -72.792  25.457 0.8999999762
3177  -1.817  -72.694  24.879 0.8999999762
111043  -2.434  -72.845  24.546 0.8999999762
3501  -1.007  -71.856  24.911 0.8000000119
3915  -1.281  -71.358  24.669 0.8000000119
3933  -3.249  -71.383  24.131 0.8999999762
127328  -5.626  -68.586  25.996 0.8999999762
3522  -3.835  -72.037  24.084 0.8999999762
5414  -5.620  -68.676  24.501 0.8999999762
4366  -5.449  -71.863  26.100 0.8999999762
4872  -6.169  -70.158  25.015 0.8999999762
5422  -5.947  -68.723  23.305 0.8999999762
5440  -6.770  -69.018  22.323 0.8000000119
5990  -6.933  -67.582  22.604 0.8000000119
4384  -6.434  -70.781  23.209 0.6999999881
3961  -5.045  -71.777  20.389 0.4000000060
3962  -6.507  -71.732  20.375 0.5000000000
109330  -6.093  -70.105  19.957 0.5000000000
5534  6.854  -67.984  14.213 0.5000000000
5535  5.932  -68.747  13.619 0.5000000000
116149  4.783  -69.733  12.834 0.6000000238
5008  4.440  -69.466  12.221 0.6000000238
5009  3.926  -69.860  11.801 0.6000000238
5024  3.651  -69.553  11.227 0.6000000238
131093  2.903  -70.129  10.577 0.6000000238
5587  3.184  -69.037  10.142 0.5000000000
5047  2.510  -69.945  9.384 0.5000000000
4120  0.773  -72.204  8.882 0.8000000119
4136  1.093  -71.707  8.176 0.6999999881
3730  0.467  -72.569  7.936 0.8000000119
5000  -5.650  -69.775  13.410 0.1000000015
4556  -6.474  -70.201  10.585 0.1000000015
5555  -5.657  -68.979  13.530 0.1000000015
4125  -6.195  -71.163  8.809 0.3000000119
4123  -4.985  -72.538  9.043 0.3000000119
3916  -2.200  -71.352  24.406 0.8000000119
4364  -2.673  -70.542  24.279 0.8999999762
4382  -3.719  -70.848  24.353 0.8999999762
4355  -5.855  -71.714  26.711 0.8999999762
4882  -6.165  -69.833  23.356 0.8999999762
113535  -6.370  -71.261  26.275 0.8999999762
116327  -6.505  -71.122  25.126 0.8999999762
6140  6.099  -67.402  13.260 0.5000000000
5551  5.675  -68.149  13.198 0.5000000000
4999  4.870  -69.101  12.572 0.5000000000
6177  3.904  -66.928  10.270 0.4000000060
6165  4.580  -67.967  11.757 0.5000000000
6166  3.995  -68.187  10.997 0.4000000060
128676  4.127  -68.991  11.552 0.6000000238
112808  3.154  -68.328  9.630 0.4000000060
5614  2.775  -68.317  8.858 0.4000000060
5597  2.750  -69.169  9.336 0.6000000238
5067  2.324  -69.720  8.688 0.6000000238
129401  2.506  -69.011  8.559 0.6000000238
5086  2.187  -69.364  7.892 0.6000000238
4601  2.051  -70.500  8.917 0.6999999881
5624  2.136  -68.986  7.199 0.6000000238
4619  1.427  -70.680  7.027 0.6999999881
4153  1.050  -71.393  7.158 0.6999999881
116955  1.241  -70.544  5.899 0.6999999881
4168  0.955  -71.238  6.158 0.6999999881
5030  -6.385  -69.136  9.164 0.1000000015
5029  -6.410  -69.109  10.875 0.1000000015
6146  -6.062  -67.460  12.942 0.1000000015
4641  0.282  -70.785  4.532 0.6999999881
5050  -6.216  -69.631  7.997 0.2000000030
4105  -6.333  -70.158  8.357 0.1000000015
121763  -5.340  -71.206  8.910 0.4000000060
3697  -3.682  -72.654  9.129 0.4000000060
5349  -5.289  -69.937  30.376 0.8000000119
6538  -3.091  -66.493  30.035 0.6999999881
5979  -5.763  -67.840  25.110 0.8999999762
5989  -6.011  -67.695  23.820 0.8999999762
4870  -4.036  -70.368  24.765 0.8999999762
4367  -6.085  -71.723  26.106 0.8999999762
6793  5.466  -66.789  12.260 0.5000000000
6809  4.793  -66.565  11.242 0.4000000060
6155  5.115  -67.446  12.217 0.4000000060
7534  5.030  -66.013  11.030 0.3000000119
6176  4.328  -67.227  11.021 0.4000000060
7569  4.479  -65.548  9.271 0.3000000119
6837  3.550  -66.806  9.542 0.4000000060
117682  3.499  -67.568  9.924 0.4000000060
6880  2.914  -66.684  7.974 0.4000000060
6186  3.148  -67.530  9.195 0.4000000060
114964  2.438  -68.398  7.934 0.6000000238
122288  2.245  -68.236  6.883 0.6000000238
111315  1.511  -69.082  4.992 0.6000000238
5625  1.851  -69.042  6.229 0.6000000238
5098  1.419  -69.836  5.535 0.6999999881
6179  -5.782  -67.416  8.968 0.1000000015
118213  -6.236  -67.273  9.519 0.1000000015
6767  -5.660  -66.596  14.619 0.1000000015
5662  0.990  -69.179  4.233 0.6000000238
4640  1.072  -70.439  5.245 0.6999999881
5028  -4.881  -69.116  9.009 0.3000000119
5041  -5.898  -69.075  8.046 0.1000000015
5591  -5.916  -68.450  8.429 0.1000000015
5124  -0.018  -69.745  4.219 0.6000000238
4653  0.515  -70.314  4.450 0.6000000238
4554  -3.617  -70.660  11.168 0.5000000000
4555  -4.453  -70.450  10.066 0.4000000060
119249  -6.098  -70.264  28.460 0.8999999762
5950  -5.813  -68.593  28.040 0.8999999762
5363  -4.018  -69.460  28.568 0.8000000119
5390  -5.649  -68.779  26.769 0.8999999762
113303  -3.059  -66.526  29.233 0.6000000238
6575  -3.474  -67.863  28.215 0.6999999881
4839  -4.238  -70.252  27.379 0.8000000119
5970  -5.752  -67.703  26.115 0.8999999762
4861  -6.344  -70.701  26.426 0.8999999762
4356  -6.105  -71.264  26.999 0.8999999762
4871  -4.938  -71.526  26.096 0.8999999762
7570  3.678  -66.117  9.104 0.4000000060
7586  4.424  -65.351  8.252 0.4000000060
7603  3.727  -65.676  7.892 0.4000000060
6202  2.799  -67.491  8.394 0.4000000060
121065  2.776  -66.666  7.080 0.4000000060
6228  2.393  -67.383  6.447 0.5000000000
6243  2.235  -67.376  5.153 0.6000000238
5634  2.012  -68.219  5.687 0.6000000238
6159  -6.405  -67.240  11.159 0.1000000015
6781  -6.035  -66.572  13.360 0.1000000015
121647  1.040  -68.457  3.962 0.6000000238
125705  1.413  -67.697  4.012 0.6000000238
6262  0.202  -67.386  4.334 0.6000000238
5663  0.529  -69.323  4.160 0.6000000238
6245  -0.562  -67.826  4.803 0.6000000238
5365  -5.868  -70.599  29.102 0.8000000119
5960  -5.787  -67.905  27.041 0.8999999762
4849  -5.008  -71.193  27.743 0.8000000119
4345  -5.945  -71.392  27.741 0.8999999762
4848  -4.275  -70.333  26.537 0.8000000119
112164  -2.690  -68.955  24.380 0.8000000119
5402  -3.654  -69.104  25.436 0.8000000119
4860  -5.288  -71.437  26.980 0.8999999762
7616  4.671  -65.014  6.192 0.3000000119
131010  3.583  -65.704  7.164 0.4000000060
7617  3.769  -65.495  6.220 0.3000000119
126612  3.132  -66.061  6.668 0.3000000119
6899  2.637  -66.618  6.018 0.5000000000
6914  2.540  -66.569  4.748 0.5000000000
126236  -5.584  -66.022  9.652 0.3000000119
6812  -5.844  -65.625  9.767 0.2000000030
6799  -6.334  -66.020  11.931 0.1000000015
7498  -5.926  -66.026  14.145 0.1000000015
8117  -6.910  -65.187  15.303 0.1000000015
6928  0.920  -66.759  4.024 0.6000000238
6260  1.929  -67.165  4.220 0.6000000238
6813  -6.181  -65.416  10.553 0.1000000015
8151  -6.408  -64.437  12.700 0.1000000015
6782  -6.286  -65.541  12.902 0.1000000015
8165  -6.194  -63.916  11.219 0.1000000015
6599  -5.856  -66.903  25.411 0.8999999762
116737  -2.489  -67.556  25.889 0.6999999881
5389  -3.732  -69.071  26.433 0.8000000119
5376  -3.830  -69.313  27.529 0.8000000119
5969  -3.195  -68.236  25.688 0.8000000119
8254  5.091  -64.469  5.058 0.4000000060
8246  4.291  -65.098  5.351 0.4000000060
8255  4.158  -64.745  4.274 0.4000000060
7642  3.390  -65.292  4.113 0.4000000060
7653  2.556  -64.696  3.621 0.5000000000
7643  2.773  -65.503  3.812 0.5000000000
110481  1.591  -65.902  3.837 0.6000000238
126719  2.192  -66.034  3.738 0.6000000238
8133  -6.446  -64.389  14.079 0.1000000015
7645  0.533  -65.875  4.445 0.6000000238
8164  -5.636  -63.810  10.707 0.2000000030
8751  -6.457  -63.519  12.869 0.1000000015
112538  -0.666  -67.056  5.035 0.6000000238
6929  -0.132  -66.522  4.758 0.6000000238
8163  -4.940  -64.272  10.428 0.3000000119
6246  -1.349  -67.238  5.740 0.6000000238
6588  -5.811  -66.909  26.385 0.8999999762
8263  4.072  -63.956  3.596 0.4000000060
8273  2.924  -64.277  3.524 0.5000000000
7631  0.223  -65.039  5.025 0.5000000000
8768  -6.288  -63.517  11.877 0.1000000015
8767  -6.042  -63.081  11.099 0.2000000030
110193  -5.700  -65.966  27.551 0.8999999762
6576  -5.855  -66.776  28.367 0.8000000119
119525  -5.838  -67.111  27.505 0.8999999762
131720  -5.560  -65.192  27.683 0.8999999762
124763  -5.532  -65.123  26.790 0.8999999762
8265  0.953  -64.313  4.549 0.6000000238
9389  -6.193  -62.736  11.826 0.1000000015
9369  -6.461  -62.633  12.946 0.1000000015
7632  -0.533  -65.717  5.360 0.5000000000
7264  -5.668  -65.330  28.999 0.8000000119
7247  -5.680  -65.939  29.829 0.8000000119
7940  -5.527  -64.558  28.877 0.8000000119
7274  -5.660  -65.735  28.335 0.8000000119
121097  -5.527  -64.845  28.268 0.8000000119
7961  -4.876  -64.273  26.369 0.8999999762
9964  -6.567  -61.782  14.353 0.1000000015
9387  -5.230  -61.953  11.594 0.4000000060
9388  -6.116  -61.784  11.878 0.3000000119
7927  -5.426  -64.702  31.284 0.8000000119
8534  -5.400  -64.106  30.197 0.8000000119
7228  -5.840  -66.608  30.612 0.8000000119
8539  -4.753  -63.689  28.868 0.8000000119
9152  -5.167  -63.639  29.640 0.8000000119
8543  -3.947  -63.746  27.886 0.8000000119
8544  -5.200  -64.083  28.243 0.8000000119
8542  -3.129  -63.336  27.819 0.8000000119
9980  -6.104  -60.818  12.433 0.3000000119
110893  -6.436  -61.765  13.199 0.2000000030
8532  -5.157  -63.534  30.995 0.8000000119
115500  -5.201  -63.829  31.729 0.8000000119
9151  -4.417  -63.436  29.540 0.8000000119
8538  -3.324  -63.517  28.644 0.8000000119
11350  -5.229  -59.354  13.110 0.6000000238
11351  -5.827  -59.536  12.900 0.4000000060
124735  -6.239  -60.098  13.124 0.2000000030
9129  -4.931  -62.228  31.773 0.6999999881
115045  -5.091  -62.942  31.683 0.8000000119
8525  -5.191  -63.279  32.202 0.6999999881
9144  -4.249  -63.049  30.248 0.8000000119
9139  -4.870  -62.875  31.012 0.8000000119
9150  -3.044  -63.386  29.419 0.8000000119
128328  -2.779  -63.258  28.315 0.8000000119
8541  -2.848  -63.079  27.826 0.6999999881
10604  -4.367  -59.633  13.364 0.6000000238
112695  -6.544  -60.051  14.217 0.1000000015
128316  -4.787  -61.623  32.176 0.6999999881
9123  -5.287  -62.328  33.158 0.6999999881
9744  -4.039  -62.084  31.628 0.6999999881
11319  -5.768  -58.950  13.352 0.4000000060
11320  -6.200  -59.304  13.485 0.2000000030
126024  -5.175  -61.757  32.604 0.6999999881
10346  -5.578  -60.245  33.900 0.6999999881
9137  -2.820  -62.607  30.929 0.8000000119
113680  -4.600  -57.605  14.686 0.6999999881
12043  -5.675  -58.258  13.853 0.6000000238
11286  -6.574  -58.610  15.660 0.1000000015
9732  -3.853  -61.533  32.208 0.6999999881
10345  -4.263  -59.800  33.786 0.6999999881
11045  -5.653  -59.933  34.429 0.6999999881
9743  -2.584  -62.280  31.542 0.6999999881
9721  -3.050  -61.300  32.722 0.6999999881
10356  -4.085  -60.357  33.210 0.6999999881
9149  -2.375  -62.968  29.474 0.8000000119
9142  -2.051  -62.628  30.403 0.6999999881
12723  -6.324  -57.088  14.654 0.3000000119
9720  -1.494  -61.676  32.736 0.6999999881
11043  -3.516  -59.611  34.441 0.6999999881
9136  -1.491  -62.269  30.766 0.6999999881
118600  -1.490  -62.202  31.443 0.6999999881
10392  -1.830  -60.966  30.149 0.8000000119
9748  -1.895  -61.712  29.849 0.6999999881
10355  -2.311  -61.160  33.228 0.6999999881
11028  -2.724  -59.381  35.262 0.6999999881
11002  -3.649  -58.821  35.798 0.6999999881
9747  -1.419  -61.735  30.479 0.6999999881
12568  -3.997  -56.942  28.425 0.3000000119
12698  -6.397  -56.967  17.477 0.2000000030
11042  -1.693  -60.087  34.693 0.6999999881
11726  -1.636  -58.700  36.684 0.6999999881
9719  -0.675  -61.464  32.747 0.6999999881
10354  -1.226  -61.251  33.409 0.6999999881
11027  -0.941  -59.708  35.527 0.6999999881
9741  -0.572  -61.429  32.083 0.6999999881
10365  -0.272  -60.911  32.818 0.6999999881
12554  -3.431  -56.847  29.097 0.3000000119
13249  -4.744  -56.145  28.523 0.3000000119
13235  -4.139  -55.903  29.186 0.3000000119
13395  -6.439  -55.967  16.969 0.3000000119
11708  -2.605  -58.110  37.152 0.6999999881
123535  -0.872  -59.263  36.262 0.6999999881
11691  -2.249  -57.767  37.923 0.6999999881
10331  -0.325  -60.342  34.816 0.6999999881
11087  -0.379  -60.770  32.153 0.6999999881
11069  -0.043  -60.253  32.854 0.6999999881
10342  0.007  -60.588  34.217 0.6999999881
10391  -1.081  -61.137  30.881 0.6999999881
11070  -0.666  -59.728  32.227 0.6999999881
12421  -1.852  -57.588  38.726 0.6999999881
11725  -0.271  -58.962  36.812 0.6999999881
11025  0.419  -59.739  35.140 0.6999999881
11000  -0.002  -59.500  36.088 0.6999999881
11706  -0.127  -58.373  37.552 0.6999999881
11053  0.261  -59.802  33.503 0.6999999881
11052  0.464  -59.995  34.009 0.6999999881
126896  0.462  -59.108  36.447 0.6999999881
11088  -1.112  -60.251  31.454 0.6999999881
118907  0.596  -59.342  35.249 0.6999999881
11743  0.863  -58.739  35.823 0.6999999881
124471  -0.820  -58.226  33.374 0.6999999881
11774  0.423  -59.401  34.113 0.6999999881
12462  0.776  -58.292  35.452 0.6999999881
111754  -6.092  -54.363  17.111 0.6000000238
14042  -6.421  -55.480  17.655 0.4000000060
11723  1.053  -58.177  36.586 0.6999999881
12453  1.081  -57.982  36.079 0.6999999881
12454  0.414  -57.485  35.527 0.6999999881
122130  -6.254  -54.111  18.034 0.5000000000
13114  1.422  -57.068  37.943 0.6999999881
13128  0.989  -56.658  36.879 0.6999999881
14706  -6.558  -54.317  20.073 0.4000000060
13761  -0.626  -55.947  36.443 0.6999999881
13772  -1.196  -56.115  35.867 0.6999999881
13773  -2.082  -55.973  35.580 0.6999999881
15359  -6.235  -52.664  19.781 0.6000000238
15349  -6.070  -52.856  21.922 0.3000000119
15369  -6.408  -53.547  19.467 0.5000000000
15360  -6.420  -53.671  20.605 0.3000000119
14463  -2.125  -55.008  36.921 0.6999999881
15136  -3.489  -53.025  38.669 0.6000000238
14465  -3.770  -54.328  36.608 0.6000000238
14454  -2.750  -54.407  37.580 0.6999999881
20321  -4.544  -46.689  29.975 0.4000000060
14455  -3.592  -54.072  37.308 0.6000000238
15836  -4.008  -52.470  38.249 0.6999999881
19506  -4.060  -47.091  33.323 0.2000000030
21965  -4.692  -44.143  30.018 0.4000000060
15820  -3.353  -52.359  38.946 0.6999999881
21905  -1.876  -44.521  32.983 0.3000000119
20272  -3.018  -45.744  33.103 0.3000000119
21118  -0.964  -44.848  32.645 0.2000000030
21119  -1.657  -45.392  32.729 0.1000000015
25443  15.011  -40.319  29.861 0.6000000238
24525  14.224  -41.315  29.363 0.4000000060
22726  -0.301  -43.354  32.847 0.4000000060
21927  -0.917  -43.878  32.804 0.3000000119
111680  -1.691  -44.175  34.062 0.6000000238
24541  16.749  -41.381  28.319 0.6000000238
24523  16.219  -40.730  28.961 0.6000000238
24507  14.181  -40.342  30.116 0.6000000238
27949  -2.524  -37.540  27.347 0.3000000119
124244  -2.658  -48.268  37.610 0.8000000119
114565  1.466  -44.951  35.528 0.8000000119
21051  1.432  -45.652  35.840 0.6999999881
21863  2.071  -44.322  35.584 0.6999999881
128988  0.312  -44.197  34.977 0.6999999881
21068  -1.353  -44.319  34.583 0.6000000238
21069  -2.312  -44.613  34.501 0.6000000238
23650  16.237  -42.219  27.924 0.5000000000
24524  15.164  -41.132  29.125 0.5000000000
24508  13.438  -40.296  30.443 0.5000000000
22710  -0.163  -43.093  33.929 0.6000000238
24540  17.651  -40.788  27.859 0.6999999881
117843  15.654  -40.284  29.494 0.6999999881
25429  14.045  -39.075  31.342 0.6000000238
25428  15.099  -38.895  30.415 0.6999999881
29718  0.309  -34.664  24.765 0.5000000000
25430  12.711  -40.241  30.879 0.6000000238
23649  17.326  -41.739  27.667 0.6000000238
23670  17.896  -42.108  26.849 0.6999999881
23651  15.146  -42.579  28.089 0.4000000060
23634  14.609  -42.030  28.681 0.4000000060
24526  13.054  -41.351  29.434 0.4000000060
22800  16.802  -42.648  27.302 0.6000000238
25404  12.311  -39.328  33.130 0.6000000238
131410  11.756  -39.279  33.877 0.8000000119
21990  18.605  -43.538  26.205 0.6000000238
26238  11.309  -39.023  34.203 0.6000000238
22812  18.719  -42.590  26.231 0.6999999881
22815  15.198  -43.845  27.262 0.4000000060
121646  12.408  -41.028  29.886 0.5000000000
24495  11.710  -40.758  30.854 0.5000000000
130771  15.603  -44.220  26.882 0.3000000119
21992  16.390  -44.160  26.655 0.6000000238
22813  17.451  -43.222  26.683 0.6000000238
25405  11.745  -40.415  31.946 0.6000000238
25373  8.868  -39.654  35.007 0.6999999881
21209  17.926  -45.386  25.557 0.5000000000
22009  18.289  -44.441  25.983 0.6000000238
20378  19.806  -46.320  24.837 0.6000000238
22008  19.543  -43.968  25.948 0.6999999881
21223  20.717  -45.500  24.994 0.6999999881
24591  18.178  -40.860  24.811 0.6999999881
25623  0.207  -40.877  17.041 0.5000000000
23635  13.541  -42.174  28.719 0.4000000060
23636  12.424  -42.324  28.648 0.4000000060
24509  11.739  -41.277  29.924 0.5000000000
116382  11.289  -40.382  33.553 0.6000000238
120205  10.546  -40.132  34.931 0.6999999881
25372  9.998  -39.818  35.269 0.6999999881
25361  8.274  -39.878  35.639 0.8000000119
25371  11.082  -39.682  34.361 0.6999999881
19622  22.089  -46.576  21.701 0.6000000238
22043  18.574  -44.257  23.511 0.6999999881
22874  19.362  -43.423  23.917 0.8000000119
26489  1.192  -39.845  16.439 0.5000000000
21206  24.796  -45.687  25.329 0.6999999881
21237  23.890  -45.645  23.045 0.6999999881
19609  22.087  -46.542  23.250 0.8000000119
127471  26.098  -43.835  23.959 0.8000000119
22847  25.800  -44.286  24.398 0.8000000119
21205  25.635  -44.473  25.138 0.8000000119
25621  1.737  -40.709  16.638 0.5000000000
26488  2.103  -39.104  15.916 0.5000000000
21987  25.370  -44.197  25.984 0.6999999881
22809  25.443  -43.265  26.241 0.6000000238
23666  25.467  -42.353  26.436 0.8000000119
26292  24.375  -40.103  28.261 0.5000000000
27117  23.728  -38.550  28.714 0.5000000000
23706  26.569  -42.410  24.370 0.8000000119
22829  26.329  -42.982  24.977 0.8000000119
23683  25.990  -42.698  25.743 0.8000000119
114991  26.605  -37.274  26.767 0.8000000119
27959  25.768  -37.753  27.479 0.6999999881
26348  27.217  -38.704  25.570 0.8999999762
26326  26.523  -39.183  26.426 0.8000000119
26305  25.718  -39.908  27.051 0.8000000119
26306  25.064  -39.550  27.712 0.8000000119
110489  27.038  -41.006  23.987 0.8999999762
24568  26.499  -41.378  25.436 0.8000000119
24553  26.080  -41.090  26.174 0.8000000119
24554  25.508  -41.527  26.621 0.8000000119
25581  23.571  -40.822  20.059 0.6999999881
28110  2.845  -36.094  15.086 0.6999999881
29846  2.702  -34.993  16.542 0.8999999762
26506  3.033  -38.170  15.649 0.6000000238
32409  16.333  -32.137  31.344 0.1000000015
119181  25.883  -36.898  27.432 0.5000000000
27211  27.488  -38.134  23.097 0.8999999762
27186  27.508  -38.085  24.819 0.8999999762
24707  23.394  -41.010  19.028 0.6000000238
25580  24.048  -40.009  20.363 0.8000000119
29826  2.749  -34.643  17.302 0.8999999762
29810  4.122  -33.989  17.074 0.8999999762
29811  3.409  -34.441  17.649 0.8999999762
28980  3.730  -35.900  14.631 0.6999999881
117688  3.581  -35.011  15.049 0.6999999881
28126  4.191  -37.032  15.185 0.6999999881
28125  4.571  -35.940  14.917 0.6999999881
123267  5.081  -37.009  15.425 0.6000000238
32420  15.025  -32.189  30.417 0.1000000015
26426  24.412  -39.363  20.742 0.8000000119
25587  23.755  -40.263  19.349 0.6999999881
26441  24.355  -39.146  20.691 0.8000000119
28079  4.607  -35.869  18.952 0.6000000238
28933  4.042  -34.955  18.383 0.6000000238
29809  5.138  -33.980  16.440 0.8999999762
125654  4.820  -33.934  15.605 0.6999999881
29824  4.133  -33.971  15.833 0.8000000119
119029  6.446  -36.004  15.870 0.6999999881
28967  5.473  -35.566  15.394 0.6999999881
28968  4.536  -34.711  15.148 0.6999999881
27231  24.435  -38.675  21.041 0.8000000119
27260  24.349  -38.712  20.106 0.8000000119
27249  24.364  -38.305  20.951 0.8999999762
27276  23.412  -38.862  18.348 0.8000000119
128330  24.443  -38.230  19.260 0.8000000119
28062  24.530  -37.735  20.175 0.6000000238
28085  22.378  -37.195  17.602 0.5000000000
28086  21.510  -37.225  17.451 0.5000000000
28932  4.828  -34.989  18.050 0.6999999881
28940  21.015  -36.569  17.240 0.4000000060
29808  6.119  -34.708  17.350 0.8000000119
122857  5.462  -35.145  17.983 0.8999999762
29805  9.747  -34.330  18.760 0.3000000119
29844  5.473  -34.343  15.792 0.6999999881
28919  24.684  -36.892  19.335 0.6000000238
29802  23.774  -36.140  17.967 0.6000000238
28925  24.107  -37.044  18.342 0.6999999881
28926  23.087  -36.748  17.749 0.6000000238
28939  22.066  -36.443  17.398 0.5000000000
28941  20.187  -36.669  17.173 0.5000000000
122535  6.641  -35.458  18.201 0.5000000000
122219  9.202  -34.841  18.888 0.4000000060
122221  8.292  -34.960  18.649 0.4000000060
115582  6.974  -34.512  17.651 0.6999999881
29806  8.753  -33.975  18.441 0.5000000000
131557  8.170  -34.068  18.324 0.5000000000
30698  9.412  -33.789  18.288 0.6000000238
30708  11.640  -34.312  17.512 0.5000000000
118375  22.910  -36.031  17.600 0.6000000238
29818  22.326  -35.522  17.284 0.4000000060
30722  10.899  -33.839  17.302 0.4000000060
30739  12.912  -34.174  15.801 0.4000000060
31656  11.562  -33.902  16.830 0.4000000060
30710  9.883  -33.813  18.122 0.5000000000
127661  24.721  -35.553  18.918 0.6000000238
126394  12.006  -33.567  16.176 0.5000000000
31657  11.258  -33.409  16.249 0.5000000000
31677  13.472  -33.165  14.857 0.5000000000
34491  16.308  -30.825  13.282 0.2000000030
36100  21.041  -28.114  18.143 0.1000000015
36860  20.220  -27.886  18.276 0.1000000015
34489  18.221  -30.352  13.148 0.2000000030
34510  16.869  -30.394  12.923 0.2000000030
36108  21.924  -28.382  15.643 0.1000000015
36873  21.366  -27.786  16.675 0.1000000015
35362  19.688  -29.854  13.232 0.2000000030
35368  19.326  -29.346  12.677 0.1000000015
35363  18.701  -29.878  12.896 0.2000000030
34509  17.674  -29.877  12.638 0.2000000030
35370  16.604  -29.776  12.389 0.2000000030
36118  21.750  -28.125  14.997 0.1000000015
36889  21.464  -27.749  15.784 0.1000000015
36914  21.554  -27.847  14.226 0.1000000015
36915  21.326  -27.652  13.332 0.1000000015
35369  18.494  -29.238  12.340 0.1000000015
129921  17.788  -29.310  12.256 0.1000000015
35387  16.328  -29.189  11.770 0.2000000030
36899  21.328  -27.447  14.891 0.1000000015
36140  20.695  -28.111  12.566 0.1000000015
36141  19.597  -28.605  12.177 0.1000000015
36142  17.869  -28.858  11.923 0.1000000015
124079  18.676  -28.606  11.851 0.1000000015
36151  17.032  -28.512  11.469 0.1000000015
35388  15.583  -29.192  11.480 0.2000000030
36152  15.981  -28.662  11.112 0.1000000015
36153  15.198  -28.928  10.961 0.1000000015
36163  15.351  -28.555  10.160 0.1000000015
37762  21.231  -27.044  14.043 0.1000000015
36930  20.301  -27.569  11.949 0.1000000015
36931  19.262  -27.904  11.565 0.1000000015
36150  18.156  -28.161  11.481 0.1000000015
36941  18.646  -27.329  11.121 0.1000000015
36942  17.469  -27.632  10.971 0.1000000015
36943  16.372  -27.914  10.712 0.1000000015
3937  -6.756  -72.181  23.583 0.8000000119
3936  -6.422  -71.846  24.889 0.8999999762
3179  -5.753  -73.100  25.223 0.8999999762
8766  -5.423  -62.876  11.149 0.3000000119
3919  -6.197  -72.254  25.263 0.8999999762
9979  -5.268  -60.529  12.294 0.4000000060
109124  11.904  -82.753  33.219 0.6999999881
128824  11.761  -82.997  23.418 0.6999999881
123943  11.923  -78.952  28.492 0.6999999881
123663  11.385  -78.404  27.001 0.8000000119
193  1.717  -83.994  12.560 0.4000000060
120000  -0.443  -83.311  14.037 0.5000000000
4534  3.207  -71.230  12.267 0.8000000119
21092  -3.180  -45.506  33.642 0.4000000060
127271  -1.675  -44.841  35.085 0.6000000238
27962  -2.037  -36.868  26.883 0.4000000060
21052  0.455  -45.006  35.399 0.6999999881
21053  -0.761  -44.918  35.217 0.6000000238
21904  -1.383  -44.082  33.492 0.5000000000
21883  0.269  -43.548  34.571 0.6999999881
122271  20.349  -43.608  25.390 0.6999999881
20375  23.102  -46.628  24.207 0.8000000119
20374  23.669  -46.463  24.570 0.6999999881
24537  25.027  -41.205  27.273 0.5000000000
24538  24.571  -41.674  27.745 0.5000000000
27116  24.430  -38.282  28.316 0.5000000000
27137  25.116  -38.488  27.847 0.6999999881
122253  25.181  -36.623  27.939 0.6999999881
26361  27.451  -38.880  24.582 0.8999999762
29822  7.526  -33.992  17.416 0.8000000119
29823  6.782  -34.249  16.864 0.8000000119
131415  26.553  -38.767  21.633 0.8999999762
27987  27.536  -37.341  24.387 0.8999999762
26407  25.825  -39.639  21.145 0.8000000119
26408  24.741  -39.041  21.090 0.8000000119
118535  12.663  -33.347  15.435 0.4000000060
29801  24.293  -35.469  18.260 0.6000000238
34512  15.272  -30.270  12.595 0.2000000030
36105  21.888  -28.281  16.379 0.1000000015
36131  20.252  -29.044  12.769 0.1000000015
7537  -5.862  -65.008  9.934 0.2000000030
21208  20.386  -44.985  25.485 0.6999999881
115386  21.131  -46.361  23.278 0.6000000238
19595  21.424  -47.109  24.397 0.6999999881
21988  24.788  -44.728  26.429 0.6000000238
23646  24.938  -41.992  27.060 0.6000000238
22006  25.153  -45.052  25.683 0.6999999881
36089  20.437  -28.680  18.780 0.1000000015
128097  -0.265  -84.475  15.870 0.3000000119
64  1.245  -85.103  14.714 0.3000000119
122331  -2.680  -76.686  14.803 0.3000000119
2026  -3.880  -78.008  11.944 0.4000000060
108018  13.405  -79.104  26.318 0.6999999881
123825  10.342  -79.921  23.975 0.6000000238
435  16.395  -83.252  26.168 0.4000000060
109273  14.288  -83.272  28.068 0.5000000000
109090  13.355  -78.149  24.339 0.6000000238
855  15.532  -81.386  24.150 0.4000000060
1367  14.576  -79.700  24.656 0.5000000000
1903  12.256  -77.564  24.111 0.6000000238
128519  14.529  -78.475  23.461 0.4000000060
1633  13.881  -78.125  23.484 0.4000000060
118857  18.374  -80.649  23.334 0.3000000119
666  17.717  -80.716  23.408 0.3000000119
879  13.046  -82.026  21.069 0.5000000000
108021  12.575  -83.091  29.487 0.6999999881
1665  15.087  -78.427  20.985 0.4000000060
108056  18.081  -80.367  21.872 0.2000000030
1148  15.205  -79.593  19.864 0.4000000060
1395  17.201  -79.453  20.341 0.4000000060
108058  18.175  -80.182  20.335 0.4000000060
947  17.361  -81.141  15.333 0.4000000060
4602  1.541  -70.924  8.022 0.6999999881
5014  -6.078  -70.017  12.255 0.1000000015
5596  3.530  -68.289  10.344 0.4000000060
119201  -6.093  -68.240  12.585 0.1000000015
6821  4.442  -66.423  10.627 0.4000000060
5087  1.763  -69.825  6.843 0.6000000238
5571  -6.424  -68.149  10.980 0.1000000015
4571  -5.416  -69.932  8.613 0.3000000119
6160  -6.261  -66.278  10.752 0.1000000015
7602  4.313  -65.292  7.225 0.3000000119
6927  1.663  -66.824  3.941 0.6000000238
113707  -5.630  -65.478  30.603 0.8000000119
118505  -4.428  -60.807  32.748 0.6999999881
11054  -5.244  -59.895  33.669 0.6999999881
11044  -5.000  -59.589  34.343 0.6999999881
11001  -2.080  -59.114  36.037 0.6999999881
11727  -3.029  -58.517  36.465 0.6999999881
10343  -0.858  -60.749  34.136 0.6999999881
10999  0.529  -59.306  35.779 0.6999999881
21885  -2.203  -44.497  33.682 0.5000000000
22801  15.684  -43.051  27.546 0.5000000000
23652  14.101  -42.855  28.217 0.4000000060
21188  16.418  -44.745  26.295 0.3000000119
109541  19.315  -44.801  25.756 0.6000000238
20391  22.579  -46.353  22.425 0.6999999881
19624  20.062  -46.908  22.728 0.5000000000
21220  24.844  -45.547  24.505 0.8000000119
20389  23.448  -46.071  23.619 0.8000000119
21236  24.497  -45.364  23.557 0.8000000119
21221  24.059  -45.841  24.100 0.6999999881
19623  21.439  -46.672  22.634 0.6999999881
20390  22.957  -46.230  23.073 0.6999999881
22846  26.349  -43.166  24.185 0.8000000119
22039  25.511  -44.417  23.660 0.8000000119
121502  26.104  -43.747  24.714 0.8000000119
22830  25.878  -43.574  25.484 0.8000000119
124631  25.253  -45.232  25.042 0.6999999881
118209  24.360  -39.151  28.313 0.6000000238
25454  25.054  -40.444  27.524 0.6999999881
23682  26.432  -42.163  25.202 0.8000000119
24590  26.742  -41.636  24.609 0.8000000119
27158  26.018  -38.593  27.124 0.8000000119
120628  27.274  -39.910  24.255 0.8999999762
120953  27.131  -39.729  25.187 0.8999999762
26325  26.797  -39.673  25.892 0.8000000119
25465  26.218  -40.279  26.389 0.8000000119
25466  25.591  -40.772  26.851 0.8000000119
25511  26.913  -40.783  24.880 0.8000000119
24695  22.773  -41.992  19.546 0.6000000238
26372  27.464  -39.008  23.435 0.8999999762
24708  22.913  -41.652  18.933 0.6000000238
25593  23.211  -40.316  18.588 0.6000000238
26442  24.083  -39.496  19.772 0.8000000119
111840  5.995  -34.189  16.378 0.8000000119
26455  23.728  -39.602  18.739 0.6999999881
27261  24.200  -38.878  18.956 0.8000000119
28068  23.940  -38.068  18.476 0.6999999881
28063  24.557  -37.611  19.015 0.6999999881
28070  22.140  -37.963  17.642 0.6000000238
116648  24.544  -36.192  18.684 0.6999999881
28069  23.132  -37.553  17.907 0.6000000238
30700  8.034  -33.683  17.956 0.5000000000
35386  17.193  -29.230  12.112 0.2000000030
36944  15.615  -28.189  10.411 0.1000000015
3127  2.746  -73.609  29.092 0.5000000000
3136  2.603  -73.253  28.380 0.5000000000
3144  1.860  -73.133  27.993 0.5000000000
3485  1.342  -72.197  25.644 0.6999999881
3471  1.995  -72.850  27.003 0.5000000000
1523  10.242  -77.779  39.938 0.6000000238
124126  0.114  -69.227  32.251 0.3000000119
4818  0.820  -69.638  31.494 0.3000000119
5335  0.923  -69.511  30.292 0.2000000030
5913  2.069  -68.971  29.658 0.2000000030
114859  1.557  -69.036  29.164 0.4000000060
5945  2.711  -68.266  27.684 0.4000000060
4343  4.502  -70.219  26.300 0.4000000060
3133  4.811  -73.005  29.003 0.5000000000
3469  4.487  -72.423  27.510 0.5000000000
3895  4.553  -71.100  26.559 0.5000000000
4344  3.842  -70.523  26.076 0.5000000000
2802  4.129  -74.392  30.694 0.6000000238
3126  3.572  -73.544  29.304 0.5000000000
3475  4.175  -72.065  26.752 0.5000000000
3135  3.351  -73.217  28.629 0.5000000000
121729  3.573  -72.616  27.265 0.5000000000
3470  2.862  -72.643  26.876 0.5000000000
3901  2.842  -71.817  25.946 0.5000000000
3486  0.515  -72.124  25.455 0.6999999881
3143  2.702  -72.893  27.584 0.5000000000
3477  2.503  -72.435  26.327 0.6000000238
126233  0.987  -70.911  25.116 0.6999999881
1806  9.404  -77.407  38.951 0.6000000238
131890  1.686  -71.700  25.510 0.6000000238
623  5.955  -81.099  27.688 0.4000000060
834  5.343  -80.868  27.664 0.3000000119
631  4.491  -81.736  26.338 0.2000000030
848  4.523  -81.632  25.431 0.1000000015
112569  1.603  -83.724  24.248 0.1000000015
650  2.839  -83.072  24.483 0.1000000015
439  1.016  -83.790  26.061 0.1000000015
4803  -0.489  -69.173  33.764 0.2000000030
5327  1.414  -69.506  31.058 0.2000000030
5930  2.446  -68.419  28.714 0.2000000030
5954  4.099  -68.256  26.588 0.4000000060
5373  2.194  -68.534  27.234 0.5000000000
5360  1.848  -68.765  28.257 0.5000000000
5348  0.875  -69.134  29.534 0.4000000060
5944  3.558  -67.761  27.179 0.3000000119
123972  3.548  -69.254  25.956 0.5000000000
3890  5.623  -71.640  27.692 0.5000000000
4342  5.147  -70.255  26.616 0.4000000060
3887  5.772  -72.069  28.316 0.5000000000
119824  5.455  -72.589  28.820 0.5000000000
3468  5.248  -72.284  27.889 0.4000000060
113399  8.982  -77.019  37.670 0.6000000238
1807  8.350  -76.244  38.061 0.6000000238
2773  5.554  -73.956  34.263 0.6000000238
131668  5.320  -74.039  31.465 0.6000000238
113458  4.793  -73.821  30.243 0.5000000000
3914  -0.503  -71.383  24.833 0.6999999881
2767  5.939  -73.866  34.990 0.6000000238
3904  0.337  -71.354  25.045 0.6999999881
1812  8.417  -76.773  36.768 0.6000000238
2408  7.036  -75.111  36.361 0.6000000238
4352  2.092  -70.268  25.440 0.6000000238
4354  0.526  -70.411  24.903 0.6999999881
1534  10.156  -77.887  38.479 0.6000000238
630  6.482  -82.029  26.426 0.4000000060
842  5.880  -80.917  26.384 0.3000000119
846  6.187  -81.167  25.211 0.4000000060
847  5.940  -80.969  25.380 0.3000000119
867  4.983  -80.937  23.621 0.1000000015
467  0.520  -85.161  24.276 0.1000000015
469  -1.450  -83.733  24.025 0.1000000015
111583  4.204  -81.342  23.688 0.1000000015
662  2.660  -82.955  23.686 0.1000000015
473  1.907  -83.624  22.480 0.1000000015
474  0.850  -85.180  23.028 0.1000000015
5318  1.441  -69.537  31.871 0.2000000030
4802  0.216  -69.534  33.217 0.2000000030
5900  2.442  -68.257  30.515 0.2000000030
5319  -0.020  -69.052  31.932 0.4000000060
4819  0.555  -69.392  30.967 0.4000000060
3889  6.004  -70.756  27.780 0.4000000060
3463  6.107  -72.008  29.120 0.5000000000
2790  5.398  -73.923  32.315 0.6000000238
3122  5.408  -73.329  30.251 0.5000000000
118651  -1.121  -70.021  24.581 0.6999999881
2762  7.168  -74.229  35.417 0.6000000238
131401  5.648  -72.960  32.699 0.5000000000
3456  6.050  -72.055  31.041 0.5000000000
4858  1.557  -69.461  25.477 0.6000000238
4857  2.224  -69.486  25.616 0.5000000000
4866  -0.244  -69.893  24.692 0.6999999881
2766  6.781  -73.622  35.019 0.6000000238
3104  6.231  -72.623  34.132 0.5000000000
4353  1.251  -70.205  25.207 0.6000000238
5399  0.640  -69.445  25.106 0.6999999881
4867  -1.001  -69.265  24.571 0.6000000238
3445  6.355  -71.696  33.055 0.5000000000
5409  -0.241  -68.976  24.815 0.6999999881
1811  9.815  -77.521  37.540 0.6000000238
115892  0.300  -68.647  25.393 0.6999999881
1522  10.599  -78.629  39.122 0.6000000238
1123  4.764  -80.746  22.609 0.1000000015
124537  3.029  -81.933  21.554 0.1000000015
681  1.694  -83.676  21.009 0.1000000015
324  1.061  -85.002  18.406 0.1000000015
161  1.291  -86.048  16.953 0.2000000030
157  1.101  -85.640  17.660 0.1000000015
1764  6.665  -78.229  10.424 0.6000000238
5802  0.503  -68.082  39.140 0.1000000015
6419  0.511  -67.555  39.942 0.1000000015
6410  0.871  -66.545  40.413 0.1000000015
4310  -0.306  -70.346  35.303 0.2000000030
4300  -0.616  -70.740  36.245 0.2000000030
4286  -0.765  -70.797  37.104 0.2000000030
118282  0.579  -68.670  38.546 0.1000000015
4793  -0.030  -69.889  34.402 0.2000000030
124385  -0.487  -69.622  38.641 0.1000000015
4794  -0.685  -69.532  34.712 0.2000000030
4782  -1.088  -69.870  35.645 0.2000000030
4776  -1.544  -70.105  36.674 0.2000000030
4751  -0.729  -70.220  38.246 0.1000000015
123523  2.142  -68.981  31.003 0.2000000030
5306  1.395  -69.597  32.535 0.2000000030
5307  -0.289  -69.090  32.921 0.2000000030
5294  -0.741  -68.986  34.126 0.2000000030
5385  2.558  -68.725  26.330 0.5000000000
5361  1.163  -68.942  28.661 0.5000000000
116933  2.690  -69.871  25.626 0.5000000000
5374  1.365  -68.698  27.753 0.5000000000
3886  6.103  -71.366  28.469 0.5000000000
3460  6.233  -71.602  30.268 0.4000000060
4868  -2.017  -69.633  24.383 0.6999999881
1171  3.842  -80.566  19.711 0.2000000030
1143  3.959  -80.485  21.499 0.2000000030
896  2.644  -82.002  20.147 0.1000000015
700  1.849  -83.270  20.177 0.1000000015
920  2.993  -81.850  18.840 0.2000000030
506  1.873  -83.459  18.548 0.1000000015
733  2.702  -83.003  16.993 0.1000000015
171  2.293  -85.028  14.364 0.1000000015
6418  1.344  -66.114  39.671 0.1000000015
7108  1.472  -65.601  40.520 0.1000000015
4293  0.291  -71.201  36.850 0.2000000030
5243  0.554  -69.516  38.236 0.1000000015
7109  0.658  -66.415  41.078 0.1000000015
4285  0.194  -71.009  37.435 0.1000000015
5234  -0.806  -69.403  39.195 0.1000000015
5794  -0.787  -68.872  39.801 0.1000000015
4299  0.372  -71.039  35.945 0.2000000030
4769  -1.673  -70.257  37.561 0.2000000030
6411  -0.019  -67.739  40.772 0.1000000015
6536  2.689  -67.790  29.602 0.2000000030
5328  0.187  -69.078  31.162 0.4000000060
5929  3.272  -67.418  28.005 0.3000000119
121717  0.467  -69.138  30.381 0.4000000060
5375  0.718  -68.549  28.112 0.5000000000
5362  0.753  -68.721  28.796 0.5000000000
5398  1.916  -68.940  25.812 0.5000000000
130640  1.371  -68.653  25.931 0.5000000000
126417  1.118  -68.876  25.610 0.6000000238
5400  -0.497  -68.354  25.196 0.6000000238
5411  -1.737  -68.747  24.551 0.6000000238
1170  4.378  -80.458  19.596 0.2000000030
1153  4.725  -80.407  20.314 0.3000000119
116997  3.541  -81.364  18.740 0.3000000119
113448  5.283  -81.660  19.810 0.3000000119
932  4.427  -81.444  17.529 0.3000000119
108688  5.740  -83.612  19.079 0.3000000119
720  5.362  -82.351  17.203 0.3000000119
534  3.235  -82.837  15.319 0.3000000119
357  2.547  -83.983  13.617 0.2000000030
742  5.423  -82.870  15.186 0.3000000119
544  3.279  -83.684  13.004 0.2000000030
7107  2.368  -65.122  40.420 0.1000000015
7788  1.958  -65.086  41.212 0.1000000015
6426  1.323  -66.804  38.967 0.1000000015
7120  2.030  -65.364  39.625 0.1000000015
7761  2.280  -64.970  41.927 0.1000000015
7760  2.611  -65.066  42.804 0.1000000015
118608  1.457  -67.603  38.399 0.1000000015
5244  -1.947  -69.797  38.707 0.2000000030
7067  1.109  -65.470  42.205 0.1000000015
7762  1.714  -65.069  42.648 0.1000000015
7066  3.257  -65.498  43.272 0.1000000015
5285  -1.102  -69.158  35.138 0.2000000030
112022  -1.447  -69.443  35.950 0.2000000030
116946  -0.327  -68.680  33.397 0.3000000119
5914  0.446  -68.414  29.793 0.5000000000
5901  0.367  -67.918  30.626 0.4000000060
5888  0.308  -68.092  31.544 0.4000000060
117531  0.532  -68.349  29.110 0.5000000000
112961  0.704  -68.409  27.160 0.5000000000
5387  0.723  -68.416  26.160 0.5000000000
5388  -0.184  -68.069  25.906 0.6000000238
5401  -1.245  -68.211  25.028 0.6000000238
5413  -3.456  -69.331  24.695 0.6999999881
516  5.659  -83.611  17.733 0.3000000119
543  4.345  -83.482  12.850 0.2000000030
2361  4.444  -76.021  9.052 0.5000000000
6397  5.531  -66.360  41.713 0.1000000015
7084  4.680  -65.871  41.514 0.1000000015
7106  4.936  -65.220  40.586 0.1000000015
7770  3.441  -65.149  41.121 0.1000000015
7787  3.142  -65.005  40.368 0.1000000015
112044  2.689  -65.042  41.161 0.1000000015
7771  2.991  -65.084  41.890 0.1000000015
127049  3.294  -65.344  42.499 0.1000000015
7121  1.884  -65.770  38.807 0.1000000015
5788  -0.757  -68.617  40.371 0.1000000015
7087  0.461  -66.299  41.857 0.1000000015
7763  0.950  -65.377  42.840 0.1000000015
114783  1.885  -65.109  43.608 0.1000000015
5235  -2.296  -69.480  39.410 0.2000000030
6380  -0.601  -67.357  42.379 0.1000000015
7755  1.192  -65.207  43.312 0.1000000015
5864  0.279  -67.938  32.524 0.3000000119
4770  -2.054  -69.874  37.418 0.2000000030
7068  0.338  -66.093  42.644 0.1000000015
6399  -1.657  -68.983  42.114 0.1000000015
113200  0.239  -67.163  28.817 0.5000000000
128309  0.370  -67.523  29.356 0.5000000000
5947  -0.432  -67.145  26.929 0.6000000238
130184  -2.358  -68.591  24.619 0.6000000238
2666  3.923  -75.426  9.719 0.4000000060
2677  3.828  -75.533  9.171 0.4000000060
5245  -2.364  -69.694  38.369 0.2000000030
119218  -1.153  -68.691  35.749 0.2000000030
5804  -2.582  -69.395  38.968 0.2000000030
5795  -2.301  -69.209  40.141 0.2000000030
6524  0.420  -67.006  29.952 0.5000000000
6511  0.560  -66.625  31.328 0.4000000060
5946  0.153  -67.667  27.554 0.5000000000
5966  -0.938  -67.729  25.626 0.6000000238
5967  -1.707  -67.765  25.467 0.6000000238
2997  5.183  -74.692  10.905 0.3000000119
3004  4.436  -74.733  9.814 0.3000000119
3018  4.198  -74.808  8.913 0.3000000119
2676  4.056  -75.322  8.889 0.3000000119
6498  0.614  -66.833  32.032 0.4000000060
5853  0.033  -67.918  34.234 0.4000000060
5831  -1.475  -68.549  36.817 0.2000000030
5844  0.015  -67.515  35.195 0.4000000060
5822  -1.828  -68.528  37.748 0.2000000030
5823  -2.489  -69.397  38.405 0.2000000030
119654  0.532  -66.434  30.636 0.5000000000
117074  0.502  -67.037  33.476 0.4000000060
6472  0.752  -66.281  34.505 0.4000000060
5830  -0.376  -67.454  36.155 0.3000000119
6451  -0.697  -67.377  37.052 0.2000000030
5796  -2.707  -69.070  39.698 0.2000000030
5790  -2.926  -68.979  40.652 0.2000000030
5803  -2.321  -68.679  38.553 0.2000000030
6428  -2.679  -68.812  39.205 0.2000000030
112224  -2.721  -69.157  41.595 0.1000000015
113658  0.917  -65.752  33.601 0.4000000060
115848  0.168  -66.529  36.536 0.2000000030
6586  -1.128  -66.718  26.793 0.6000000238
5957  -1.602  -67.150  26.145 0.6000000238
4412  -6.806  -70.860  20.451 0.6000000238
7053  3.590  -65.990  43.498 0.1000000015
7754  2.719  -65.294  43.793 0.1000000015
7055  0.326  -65.730  43.475 0.1000000015
7746  1.583  -65.246  44.486 0.1000000015
6571  -0.019  -66.902  28.170 0.5000000000
7069  -0.721  -66.971  43.192 0.1000000015
7224  0.395  -65.785  30.237 0.5000000000
6484  0.813  -66.220  32.785 0.5000000000
5781  -2.870  -69.348  42.338 0.1000000015
6381  -1.836  -69.012  43.255 0.1000000015
6554  -0.410  -66.104  28.219 0.6000000238
129818  -0.101  -65.690  29.153 0.5000000000
7212  0.507  -65.713  31.144 0.5000000000
124663  -2.954  -68.679  40.087 0.2000000030
6412  -3.152  -68.416  40.695 0.2000000030
5774  -3.701  -68.856  42.209 0.1000000015
7225  0.064  -65.401  30.242 0.5000000000
7184  0.731  -65.184  33.118 0.5000000000
6444  -0.993  -67.247  37.892 0.2000000030
7244  -0.384  -65.512  29.558 0.5000000000
7900  0.375  -65.092  32.343 0.5000000000
7169  0.906  -64.964  34.220 0.4000000060
4929  -6.472  -69.262  19.695 0.4000000060
6379  4.649  -66.885  42.746 0.1000000015
6362  3.964  -66.619  43.194 0.1000000015
5770  6.684  -67.600  42.563 0.1000000015
7056  -0.800  -66.621  44.030 0.1000000015
111607  -2.661  -67.599  40.150 0.2000000030
6460  0.665  -66.189  35.724 0.3000000119
6427  -1.292  -66.935  38.839 0.2000000030
6420  -2.649  -68.216  39.642 0.2000000030
118403  0.334  -64.791  32.974 0.5000000000
6450  0.031  -66.313  37.193 0.3000000119
109749  -0.059  -65.225  30.912 0.5000000000
5958  -2.526  -67.208  26.516 0.6000000238
5959  -3.248  -68.007  26.649 0.6000000238
4916  -7.186  -69.081  20.009 0.4000000060
7273  -1.048  -65.842  27.997 0.6000000238
118818  0.909  -65.281  35.064 0.4000000060
6555  -1.864  -65.964  28.008 0.6000000238
5948  -2.982  -67.300  27.224 0.6000000238
130636  6.987  -71.231  16.308 0.6999999881
2627  7.105  -74.880  15.803 0.6999999881
112612  0.579  -65.669  36.536 0.4000000060
7886  0.421  -64.546  33.724 0.4000000060
7245  -1.329  -65.565  29.436 0.6000000238
4020  6.427  -70.983  15.820 0.6999999881
7901  0.078  -64.804  32.485 0.5000000000
7263  -1.616  -65.733  28.629 0.6000000238
5949  -3.508  -68.277  27.597 0.6999999881
115152  -5.975  -69.489  29.120 0.6999999881
5932  -5.947  -67.997  28.640 0.6999999881
5337  -5.660  -69.428  31.084 0.6999999881
5903  -6.012  -68.923  31.553 0.6999999881
5916  -6.061  -69.046  30.725 0.6999999881
109726  -6.143  -67.916  29.942 0.6999999881
5902  -4.610  -69.149  30.771 0.6999999881
5336  -5.327  -69.519  31.237 0.6999999881
6512  -3.907  -67.288  32.005 0.6999999881
6513  -4.772  -68.178  32.947 0.6999999881
111871  -4.920  -69.185  31.697 0.6999999881
5891  -5.671  -68.924  32.399 0.6999999881
6514  -5.889  -68.219  32.284 0.6999999881
6525  -3.089  -66.376  31.038 0.6000000238
5890  -5.417  -68.712  32.991 0.6999999881
5876  -5.472  -68.039  33.442 0.6999999881
6502  -5.719  -67.763  33.172 0.6999999881
6527  -6.086  -67.833  31.201 0.6999999881
7204  -5.866  -66.985  32.405 0.6999999881
6540  -6.016  -67.196  30.224 0.6999999881
6499  -3.148  -66.376  32.001 0.6000000238
6500  -4.063  -67.119  33.072 0.6999999881
6485  -4.943  -67.313  34.259 0.6999999881
7171  -3.431  -65.988  35.300 0.6000000238
7185  -1.791  -65.436  33.273 0.6000000238
7170  -2.131  -65.443  34.367 0.5000000000
7186  -2.986  -66.052  34.055 0.6000000238
7187  -4.540  -66.662  35.029 0.6999999881
6473  -5.665  -66.865  35.017 0.6999999881
7173  -6.114  -66.234  35.519 0.6999999881
127276  -6.019  -66.540  34.727 0.6999999881
122782  -2.698  -66.040  32.792 0.6000000238
7203  -3.838  -66.664  33.857 0.6000000238
6486  -5.585  -67.356  34.148 0.6999999881
7215  -1.951  -65.747  31.393 0.6000000238
7216  -5.887  -66.855  31.448 0.6999999881
7854  -4.591  -64.592  37.367 0.6999999881
7853  -3.986  -64.516  37.661 0.6000000238
7159  -5.135  -65.502  36.832 0.6000000238
7158  -3.937  -65.586  36.444 0.6000000238
7160  -5.811  -65.982  36.282 0.6999999881
7872  -2.505  -65.355  35.580 0.6000000238
7172  -4.893  -66.207  36.138 0.6999999881
7188  -6.273  -65.930  34.903 0.6999999881
7189  -6.084  -66.292  34.115 0.6999999881
115806  -5.851  -66.715  33.261 0.6999999881
7903  -5.682  -65.798  32.234 0.6999999881
15819  -2.757  -52.473  39.489 0.6000000238
16510  -1.232  -51.429  39.160 0.6000000238
16511  -2.236  -51.950  39.601 0.6000000238
16508  1.067  -51.324  39.079 0.6000000238
16509  0.019  -51.255  38.896 0.6000000238
17175  -1.572  -50.695  38.591 0.6000000238
16512  -2.969  -51.616  39.025 0.6000000238
126245  0.754  -50.769  38.707 0.6000000238
17174  -0.684  -50.776  38.589 0.6000000238
17176  -2.571  -50.670  38.651 0.6000000238
17177  -3.384  -50.691  38.474 0.6000000238
17195  -3.798  -49.861  38.195 0.6000000238
17173  0.086  -50.440  38.405 0.6000000238
17192  -0.822  -50.054  38.081 0.6000000238
17910  2.031  -49.779  38.890 0.6000000238
17194  -3.028  -49.803  38.406 0.6000000238
17922  1.153  -49.166  38.189 0.6000000238
125793  -0.499  -49.328  37.704 0.6000000238
17924  -2.535  -49.024  37.973 0.6000000238
18673  0.163  -48.887  37.577 0.6999999881
18674  -0.750  -48.660  37.340 0.6999999881
18672  1.706  -48.419  38.089 0.6999999881
19437  2.193  -47.859  38.052 0.6999999881
18690  1.460  -47.826  37.476 0.6999999881
18691  -0.030  -47.978  36.961 0.6999999881
18675  -1.763  -48.474  37.441 0.6999999881
19452  1.270  -47.297  36.858 0.6999999881
19451  1.975  -47.326  37.382 0.6999999881
20201  3.836  -46.396  38.440 0.6999999881
19433  5.291  -46.672  38.365 0.6999999881
20199  5.445  -45.805  38.297 0.6999999881
21012  6.029  -45.347  38.130 0.6999999881
21027  4.305  -44.795  37.946 0.6999999881
21834  5.937  -44.441  38.236 0.6999999881
21026  6.627  -44.997  37.624 0.6999999881
21843  7.190  -44.509  37.092 0.6000000238
21847  3.703  -44.318  37.046 0.6999999881
131013  6.578  -44.193  37.717 0.6999999881
21861  7.743  -43.859  36.606 0.6999999881
22683  8.137  -42.951  36.680 0.6000000238
22664  6.547  -42.650  37.842 0.6999999881
23551  9.398  -42.076  35.871 0.6000000238
24433  9.930  -41.612  35.364 0.6000000238
23527  8.689  -42.522  36.269 0.6999999881
23529  7.418  -41.360  37.251 0.6999999881
24419  8.837  -41.529  36.492 0.6999999881
24450  10.395  -41.184  34.794 0.6000000238
24434  9.586  -41.063  36.090 0.6000000238
24484  11.189  -40.987  32.253 0.5000000000
24468  10.801  -40.751  34.160 0.5000000000
25359  10.081  -40.599  35.542 0.6000000238
24435  8.750  -40.587  36.330 0.6000000238
19615  12.278  -48.176  22.959 0.1000000015
20412  11.891  -47.589  22.525 0.1000000015
20398  13.540  -47.050  23.796 0.1000000015
125840  14.378  -46.291  23.805 0.1000000015
130600  13.420  -48.017  23.294 0.1000000015
19630  12.370  -48.071  22.565 0.1000000015
22916  10.548  -43.896  21.373 0.1000000015
19637  13.415  -47.483  21.581 0.1000000015
21271  12.468  -46.143  21.707 0.1000000015
115595  11.161  -45.000  21.790 0.1000000015
126636  14.236  -43.581  24.674 0.1000000015
21225  14.862  -45.215  23.985 0.1000000015
22851  15.792  -43.418  24.252 0.2000000030
23710  15.959  -42.431  24.553 0.3000000119
24573  14.710  -41.212  25.174 0.4000000060
25470  14.359  -39.773  26.106 0.4000000060
26329  14.944  -38.536  26.779 0.4000000060
21242  15.882  -45.187  23.540 0.2000000030
20397  14.349  -47.466  23.379 0.1000000015
20396  15.370  -47.169  23.173 0.1000000015
111760  15.925  -46.041  23.285 0.2000000030
19629  14.325  -48.534  22.136 0.1000000015
18871  15.292  -48.687  21.934 0.1000000015
18872  13.811  -48.439  21.952 0.1000000015
118729  14.587  -48.476  21.724 0.1000000015
20436  14.778  -46.910  20.870 0.1000000015
20421  13.956  -46.440  21.157 0.1000000015
22084  12.698  -45.150  21.545 0.1000000015
117612  12.887  -44.190  21.533 0.1000000015
21269  14.159  -45.285  20.969 0.1000000015
22083  13.476  -44.746  21.255 0.1000000015
110513  16.638  -42.829  24.189 0.3000000119
24592  16.763  -41.239  24.665 0.4000000060
25491  16.370  -39.694  25.486 0.4000000060
22024  15.787  -44.295  23.903 0.2000000030
22876  16.686  -43.532  23.848 0.2000000030
18112  19.021  -48.594  20.501 0.1000000015
18870  15.967  -48.682  22.099 0.1000000015
120846  16.333  -46.665  22.972 0.2000000030
22044  16.697  -44.384  23.509 0.2000000030
115143  17.474  -44.526  23.372 0.2000000030
28837  -0.851  -35.775  25.776 0.3000000119
114688  16.981  -48.730  20.990 0.1000000015
18889  16.429  -48.513  20.940 0.1000000015
29703  -0.130  -35.350  25.381 0.3000000119
18888  17.127  -48.454  20.501 0.1000000015
114367  16.111  -47.181  20.394 0.1000000015
20434  16.223  -46.228  20.044 0.1000000015
20435  15.533  -46.498  20.506 0.1000000015
21283  15.680  -45.512  20.263 0.1000000015
22101  15.890  -44.607  20.042 0.1000000015
22102  15.058  -44.748  20.577 0.1000000015
108093  20.558  -47.396  20.664 0.3000000119
123844  18.677  -48.473  21.592 0.2000000030
18104  18.588  -48.739  21.024 0.1000000015
108092  19.411  -48.150  21.724 0.4000000060
20410  18.113  -46.935  22.692 0.4000000060
19653  19.444  -47.373  19.345 0.1000000015
18895  19.573  -47.714  19.735 0.2000000030
28852  1.064  -35.462  25.242 0.2000000030
19654  18.515  -47.573  19.386 0.1000000015
20447  16.847  -47.019  19.861 0.1000000015
20446  17.523  -46.425  19.268 0.1000000015
20444  19.791  -46.665  18.929 0.1000000015
19655  17.677  -47.420  19.542 0.1000000015
127415  18.173  -46.959  19.096 0.1000000015
21294  17.834  -45.756  18.859 0.1000000015
129148  16.946  -44.911  19.199 0.1000000015
114707  16.655  -43.805  19.330 0.1000000015
108088  19.951  -47.777  21.324 0.2000000030
18893  21.778  -47.052  19.412 0.3000000119
108794  19.217  -48.007  22.158 0.4000000060
20394  18.727  -45.857  23.097 0.3000000119
110098  21.149  -46.787  19.389 0.2000000030
22112  21.277  -45.044  18.973 0.3000000119
115811  20.142  -44.625  18.443 0.1000000015
109459  20.246  -43.975  18.364 0.2000000030
109428  18.914  -46.892  18.920 0.1000000015
21306  18.537  -45.497  18.612 0.1000000015
110560  18.636  -43.769  18.365 0.1000000015
22113  17.124  -44.242  18.962 0.1000000015
23835  19.161  -42.396  18.023 0.2000000030
23837  17.118  -42.783  18.825 0.1000000015
31600  1.908  -33.017  22.016 0.3000000119
130497  18.430  -42.173  18.113 0.2000000030
25599  17.077  -40.505  18.229 0.2000000030
108089  22.045  -46.734  19.655 0.3000000119
20419  23.649  -46.661  20.242 0.6000000238
21268  23.495  -46.983  19.562 0.6000000238
21279  23.879  -45.599  20.476 0.5000000000
22079  25.218  -43.994  21.629 0.6999999881
22111  21.956  -44.987  19.805 0.5000000000
22932  24.675  -43.375  20.737 0.6999999881
23770  25.943  -42.613  21.418 0.6999999881
22126  21.507  -44.195  18.901 0.4000000060
22128  19.455  -44.252  18.347 0.2000000030
129943  22.032  -43.002  18.906 0.3000000119
22964  20.509  -43.257  18.302 0.2000000030
23833  20.917  -42.544  18.216 0.2000000030
30658  2.793  -33.041  21.481 0.4000000060
119373  21.312  -41.791  18.160 0.2000000030
129428  19.632  -41.901  17.876 0.2000000030
25596  20.735  -41.076  17.855 0.2000000030
24710  19.799  -41.217  17.765 0.2000000030
25597  19.139  -40.564  17.679 0.2000000030
25598  18.116  -40.635  17.807 0.2000000030
26459  19.496  -39.757  17.588 0.2000000030
26460  18.517  -39.801  17.641 0.2000000030
26470  16.966  -39.039  17.799 0.2000000030
24628  26.672  -41.361  22.143 0.6999999881
23751  26.094  -42.904  22.082 0.6999999881
131475  23.719  -41.947  20.512 0.5000000000
24652  25.991  -42.044  21.069 0.6999999881
24694  23.137  -41.482  19.880 0.5000000000
23832  21.773  -42.477  18.539 0.5000000000
119413  22.695  -41.021  18.533 0.4000000060
119936  21.736  -41.018  18.125 0.2000000030
123115  20.091  -40.427  17.668 0.3000000119
26458  20.308  -39.735  17.604 0.3000000119
27279  20.894  -39.286  17.624 0.2000000030
26468  18.950  -38.999  17.564 0.3000000119
26469  17.964  -39.038  17.626 0.2000000030
130604  20.693  -38.607  17.547 0.5000000000
131674  20.370  -37.664  17.440 0.4000000060
27297  18.404  -38.257  17.481 0.2000000030
28088  19.809  -37.404  17.353 0.4000000060
28090  17.908  -37.632  17.327 0.2000000030
27299  16.648  -38.482  17.643 0.2000000030
25537  26.960  -40.553  22.282 0.8000000119
25578  25.415  -40.367  20.845 0.6999999881
25536  26.769  -39.957  21.648 0.6999999881
24680  23.504  -41.374  20.330 0.6999999881
26456  22.856  -39.565  18.198 0.5000000000
26457  21.841  -39.474  17.810 0.4000000060
28912  4.643  -35.704  20.740 0.4000000060
122172  23.027  -38.252  18.012 0.6000000238
27291  4.948  -37.766  19.591 0.2000000030
28913  3.925  -35.539  19.908 0.4000000060
127823  20.982  -37.932  17.502 0.5000000000
28087  20.617  -37.235  17.370 0.3000000119
28092  15.463  -38.075  17.167 0.1000000015
27288  8.066  -38.282  18.913 0.1000000015
27290  5.656  -37.967  19.241 0.3000000119
28064  4.448  -36.998  19.611 0.3000000119
28942  19.362  -36.674  17.082 0.4000000060
123352  18.140  -37.026  17.116 0.2000000030
28091  16.363  -37.973  17.261 0.1000000015
27287  9.018  -38.497  19.050 0.1000000015
28075  8.771  -37.366  18.847 0.1000000015
28955  19.008  -35.983  16.650 0.4000000060
28944  17.522  -37.133  17.040 0.2000000030
27289  6.459  -38.105  18.966 0.2000000030
28920  4.127  -35.803  19.333 0.4000000060
126157  20.563  -36.117  17.006 0.3000000119
28945  16.828  -37.315  16.918 0.2000000030
28105  16.104  -37.444  16.718 0.1000000015
28107  13.967  -37.659  16.927 0.1000000015
28095  12.603  -37.227  17.700 0.1000000015
118101  11.495  -36.890  18.651 0.1000000015
28073  10.768  -37.098  18.969 0.1000000015
28074  9.663  -37.153  18.990 0.1000000015
123546  7.289  -37.897  18.818 0.2000000030
128329  18.450  -36.246  16.630 0.3000000119
28957  17.176  -36.688  16.507 0.2000000030
28958  16.540  -36.911  16.433 0.2000000030
120230  6.001  -37.207  18.826 0.4000000060
131657  15.403  -37.366  16.558 0.1000000015
131888  14.071  -37.122  16.543 0.1000000015
28961  13.235  -36.945  16.953 0.1000000015
28096  11.890  -36.434  18.249 0.1000000015
28077  6.840  -36.756  18.654 0.2000000030
28931  6.054  -35.929  18.491 0.5000000000
120005  13.061  -36.091  16.702 0.3000000119
28946  12.378  -35.955  17.528 0.2000000030
28928  10.074  -35.589  19.028 0.2000000030
28929  9.024  -36.069  18.895 0.2000000030
28930  7.359  -35.490  18.413 0.3000000119
28947  11.714  -35.346  18.353 0.2000000030
4846  4.886  -69.439  26.325 0.4000000060
5372  3.131  -68.374  26.848 0.4000000060
4856  3.316  -69.845  25.807 0.5000000000
126930  5.563  -69.552  26.741 0.4000000060
4845  5.778  -70.104  27.185 0.4000000060
5943  4.443  -67.489  27.043 0.4000000060
2692  4.448  -75.020  8.400 0.3000000119
29788  4.076  -34.157  20.786 0.4000000060
824  5.421  -80.918  28.401 0.2000000030
3128  1.756  -73.609  28.904 0.6999999881
866  5.553  -81.199  24.054 0.3000000119
1131  4.648  -80.494  21.735 0.2000000030
117986  5.167  -80.989  23.085 0.3000000119
127055  5.023  -74.462  31.684 0.6000000238
698  5.528  -82.780  19.421 0.3000000119
907  5.204  -81.674  18.687 0.3000000119
708  5.607  -83.103  18.519 0.3000000119
730  5.244  -82.245  16.539 0.3000000119
751  4.969  -82.764  14.462 0.3000000119
542  5.241  -83.602  13.096 0.3000000119
362  3.391  -84.014  12.323 0.2000000030
363  2.544  -84.299  13.031 0.2000000030
183  2.318  -84.212  12.963 0.3000000119
29717  1.281  -34.716  24.609 0.3000000119
26425  24.822  -39.638  20.848 0.6999999881
28954  19.882  -36.057  16.840 0.4000000060
129623  1.854  -84.522  13.217 0.2000000030
29738  2.359  -35.014  24.330 0.2000000030
25469  15.563  -39.117  25.983 0.4000000060
158  0.648  -86.236  18.040 0.1000000015
130924  1.185  -86.632  16.907 0.2000000030
114948  1.346  -85.640  16.406 0.2000000030
63  1.524  -85.228  14.500 0.2000000030
19635  20.252  -47.343  22.132 0.5000000000
24611  26.777  -41.846  23.723 0.8000000119
109596  26.939  -41.201  23.038 0.8000000119
25525  27.225  -40.193  23.260 0.8000000119
25579  24.403  -40.108  20.617 0.6999999881
26384  27.192  -39.562  22.413 0.6999999881
28078  5.220  -36.565  18.976 0.3000000119
122436  24.816  -40.957  20.693 0.6999999881
19625  18.775  -47.575  22.489 0.5000000000
23814  23.028  -42.040  20.284 0.6999999881
23815  22.605  -42.474  19.960 0.4000000060
23831  22.508  -42.417  18.993 0.4000000060
24709  22.220  -41.751  18.510 0.2000000030
3125  5.164  -73.178  29.590 0.5000000000
3465  3.917  -72.832  28.086 0.6000000238
3134  4.117  -73.093  28.829 0.5000000000
3896  3.647  -71.466  26.230 0.5000000000
113747  5.298  -81.133  25.933 0.3000000119
128144  5.279  -81.103  25.145 0.1000000015
118257  0.646  -85.159  24.735 0.1000000015
466  1.641  -83.776  23.440 0.1000000015
458  2.182  -83.540  24.926 0.1000000015
118394  3.711  -82.425  24.909 0.1000000015
5383  4.814  -68.672  26.388 0.4000000060
3461  5.855  -72.641  29.917 0.5000000000
113301  5.738  -73.372  34.002 0.5000000000
125335  5.361  -73.726  30.872 0.5000000000
858  5.556  -81.092  24.559 0.1000000015
868  4.238  -80.997  23.016 0.1000000015
301  -0.273  -85.660  22.360 0.1000000015
468  -0.205  -85.309  24.282 0.1000000015
460  -0.467  -83.861  24.831 0.1000000015
661  3.438  -81.866  23.285 0.1000000015
116838  3.568  -81.412  22.627 0.1000000015
113490  2.664  -82.838  22.965 0.1000000015
131261  3.157  -82.117  22.797 0.1000000015
3121  5.749  -72.976  30.864 0.5000000000
5397  2.820  -69.216  25.852 0.5000000000
886  2.869  -81.909  20.892 0.1000000015
885  3.435  -80.965  21.186 0.2000000030
895  3.437  -80.894  20.343 0.2000000030
680  2.293  -83.037  21.520 0.1000000015
154  0.718  -85.548  18.744 0.1000000015
331  1.565  -84.707  17.608 0.1000000015
507  1.227  -84.456  19.088 0.1000000015
518  1.678  -84.065  18.098 0.1000000015
124587  1.842  -85.390  16.170 0.1000000015
167  1.991  -85.329  15.351 0.2000000030
4792  0.833  -70.240  34.309 0.2000000030
5854  -0.669  -68.580  34.843 0.3000000119
1182  3.931  -80.796  19.063 0.3000000119
691  2.304  -82.771  20.726 0.1000000015
710  2.510  -82.590  18.515 0.1000000015
497  1.780  -83.330  19.266 0.1000000015
709  3.314  -81.800  18.217 0.2000000030
722  3.000  -82.389  17.625 0.1000000015
330  2.082  -83.913  17.128 0.1000000015
517  2.326  -83.221  17.819 0.1000000015
526  2.918  -82.906  16.142 0.2000000030
535  2.462  -83.721  15.456 0.1000000015
347  2.216  -84.968  15.778 0.1000000015
352  2.405  -84.031  14.517 0.1000000015
172  1.849  -85.301  14.395 0.2000000030
177  2.133  -84.936  13.437 0.2000000030
6398  -0.428  -67.656  41.519 0.1000000015
918  4.583  -80.865  18.833 0.3000000119
721  3.757  -81.690  17.499 0.3000000119
121139  5.397  -82.365  17.913 0.3000000119
931  5.092  -81.701  17.709 0.3000000119
731  4.455  -82.050  16.108 0.3000000119
122468  3.549  -83.293  13.611 0.3000000119
539  4.560  -83.049  13.681 0.3000000119
116556  3.619  -82.389  16.016 0.3000000119
744  3.919  -82.383  15.404 0.3000000119
111485  2.930  -83.352  14.474 0.2000000030
122987  -1.365  -49.273  37.739 0.6000000238
19616  11.807  -47.852  23.000 0.1000000015
19614  12.942  -48.371  22.875 0.1000000015
20422  12.238  -47.047  21.985 0.1000000015
19638  12.560  -47.729  21.990 0.1000000015
115910  15.162  -46.184  23.560 0.1000000015
19613  13.732  -48.362  22.701 0.1000000015
126899  13.944  -48.091  21.639 0.1000000015
19636  14.782  -47.875  21.177 0.1000000015
115088  13.001  -46.760  21.602 0.1000000015
21270  13.318  -45.711  21.369 0.1000000015
22852  14.775  -44.106  24.347 0.2000000030
23686  15.436  -41.753  24.941 0.3000000119
24572  15.916  -40.754  25.083 0.4000000060
21241  16.764  -45.375  23.178 0.2000000030
19612  14.705  -48.169  22.718 0.1000000015
19628  15.779  -48.036  22.628 0.1000000015
20411  16.911  -47.437  22.659 0.1000000015
19627  16.585  -48.370  22.311 0.1000000015
18881  16.369  -48.656  21.587 0.1000000015
130399  16.005  -48.035  20.745 0.1000000015
21284  14.885  -45.863  20.721 0.1000000015
23709  17.275  -41.958  24.421 0.5000000000
110189  19.805  -47.837  20.498 0.3000000119
18118  20.217  -47.543  19.888 0.1000000015
18880  17.642  -48.724  21.337 0.1000000015
18113  18.234  -48.683  20.544 0.1000000015
18120  18.703  -48.525  20.053 0.1000000015
18869  16.957  -48.630  22.042 0.1000000015
19626  17.544  -48.089  22.394 0.2000000030
20395  17.404  -46.180  22.896 0.2000000030
18896  18.931  -48.068  19.704 0.1000000015
126149  17.231  -47.888  20.028 0.1000000015
21295  16.822  -46.072  19.632 0.1000000015
110578  17.181  -45.565  19.230 0.1000000015
22114  16.509  -44.427  19.525 0.1000000015
19634  22.467  -46.412  19.828 0.3000000119
18868  18.095  -48.351  22.033 0.1000000015
108091  21.106  -47.040  21.261 0.6000000238
20443  20.716  -46.399  19.103 0.2000000030
19651  21.501  -47.104  19.424 0.3000000119
21293  21.056  -45.747  19.044 0.2000000030
20457  19.226  -46.106  18.653 0.1000000015
21307  17.699  -44.975  18.761 0.1000000015
22948  17.077  -43.526  18.936 0.1000000015
20431  22.220  -47.331  19.231 0.5000000000
21292  21.897  -45.744  19.615 0.5000000000
21281  23.125  -46.721  19.300 0.5000000000
20456  20.175  -45.907  18.722 0.2000000030
21304  20.552  -45.179  18.644 0.1000000015
22127  20.825  -44.493  18.601 0.2000000030
22110  22.090  -44.084  19.885 0.5000000000
127875  20.952  -43.860  18.516 0.2000000030
22129  18.623  -44.636  18.480 0.1000000015
110889  19.509  -43.305  18.212 0.2000000030
22965  17.781  -43.353  18.549 0.1000000015
23834  20.015  -42.547  18.053 0.2000000030
23836  17.800  -42.478  18.395 0.1000000015
120681  18.849  -41.499  17.854 0.2000000030
21255  23.553  -46.048  21.182 0.6000000238
21254  23.794  -45.606  21.885 0.6999999881
113169  23.787  -45.930  20.734 0.6999999881
22913  24.903  -43.976  20.989 0.5000000000
22080  24.578  -44.496  21.268 0.6000000238
22100  23.293  -46.209  19.575 0.5000000000
22912  25.212  -43.500  21.095 0.6999999881
22933  23.822  -43.662  20.540 0.6000000238
22099  23.155  -45.165  20.262 0.6000000238
22934  22.879  -43.876  20.381 0.6000000238
22098  23.768  -44.636  20.621 0.6000000238
23794  24.611  -42.401  20.623 0.6000000238
23796  22.886  -42.901  20.317 0.6000000238
22963  22.278  -43.142  19.814 0.5000000000
129556  21.903  -43.564  19.004 0.3000000119
30639  3.791  -33.600  21.978 0.4000000060
114135  20.402  -41.847  17.930 0.2000000030
24711  17.741  -41.528  18.193 0.2000000030
124641  26.313  -41.501  21.438 0.6999999881
24679  24.229  -41.513  20.591 0.6999999881
24678  25.297  -41.863  20.719 0.6999999881
23795  23.790  -42.732  20.531 0.6000000238
25594  22.277  -40.275  18.127 0.4000000060
25595  21.119  -40.189  17.773 0.3000000119
27278  21.489  -38.687  17.640 0.5000000000
26467  19.974  -38.968  17.526 0.3000000119
27296  19.336  -38.182  17.472 0.3000000119
27298  17.499  -38.372  17.513 0.2000000030
27295  20.175  -38.121  17.487 0.4000000060
28089  18.780  -37.381  17.285 0.2000000030
119333  17.131  -37.802  17.309 0.2000000030
24677  25.845  -41.269  20.939 0.6999999881
27277  22.455  -38.805  17.890 0.4000000060
28057  4.511  -37.002  20.222 0.3000000119
28943  18.603  -36.625  16.934 0.3000000119
28072  12.158  -37.591  18.286 0.1000000015
28076  7.967  -36.733  18.699 0.2000000030
122854  15.861  -36.828  16.186 0.3000000119
28927  11.138  -35.707  18.809 0.2000000030
788  -0.521  -82.074  37.082 0.2000000030
112954  -1.252  -82.412  37.217 0.2000000030
395  0.156  -84.025  35.023 0.2000000030
1853  13.789  -76.883  30.909 0.4000000060
1577  14.611  -78.201  30.432 0.3000000119
1840  13.369  -77.112  31.359 0.4000000060
126484  13.001  -77.007  31.423 0.3000000119
1841  12.879  -77.319  31.727 0.4000000060
1578  13.978  -77.915  31.018 0.4000000060
1570  13.538  -78.112  31.720 0.4000000060
1561  14.485  -78.863  32.298 0.4000000060
1562  13.684  -78.551  32.557 0.5000000000
1330  14.922  -79.492  32.122 0.4000000060
1553  13.655  -78.884  33.341 0.5000000000
128694  14.057  -79.718  33.734 0.5000000000
1546  13.413  -79.196  34.074 0.5000000000
1554  12.743  -78.484  33.597 0.5000000000
123814  13.882  -82.154  33.615 0.6000000238
127693  14.461  -81.007  34.900 0.5000000000
1315  13.320  -79.582  34.934 0.5000000000
1537  11.489  -78.831  37.182 0.5000000000
1532  11.134  -78.818  38.165 0.5000000000
108038  13.974  -82.582  33.051 0.6000000238
108051  12.862  -82.983  33.178 0.6000000238
108739  13.774  -81.657  34.409 0.6000000238
123724  14.011  -81.133  35.292 0.5000000000
1293  12.236  -80.011  37.024 0.6000000238
1294  11.638  -79.497  37.566 0.5000000000
109081  12.215  -82.811  32.526 0.6000000238
5382  5.603  -68.718  26.702 0.3000000119
1332  15.454  -79.107  30.779 0.4000000060
1855  11.870  -77.240  31.499 0.3000000119
1842  11.776  -77.384  32.032 0.4000000060
1333  15.234  -79.285  31.470 0.4000000060
1831  12.285  -77.639  32.235 0.5000000000
110701  15.128  -79.971  31.620 0.4000000060
1563  11.921  -78.040  33.116 0.5000000000
1070  14.798  -80.353  32.688 0.5000000000
108050  14.437  -82.094  33.025 0.6000000238
1547  12.702  -78.695  34.418 0.5000000000
131366  11.826  -78.782  36.424 0.5000000000
1538  10.692  -78.164  37.514 0.5000000000
108036  13.527  -82.831  32.948 0.6000000238
1540  12.609  -78.926  35.286 0.5000000000
1312  12.407  -79.243  36.136 0.5000000000
1541  11.838  -78.463  35.600 0.5000000000
108821  13.004  -83.104  30.440 0.6000000238
1724  8.457  -78.045  15.723 0.5000000000
125901  7.425  -79.144  16.087 0.6000000238
1738  8.237  -78.307  14.917 0.5000000000
130050  7.099  -79.051  13.897 0.6999999881
1746  7.502  -78.746  13.257 0.6999999881
129473  3.508  -66.788  28.440 0.2000000030
1585  14.698  -77.558  29.848 0.2000000030
1865  13.983  -76.495  30.379 0.2000000030
121039  5.679  -67.920  27.057 0.3000000119
4844  6.156  -69.185  27.269 0.3000000119
1584  15.180  -78.551  29.888 0.3000000119
2145  13.273  -76.802  30.888 0.3000000119
2146  12.617  -76.829  30.581 0.3000000119
1082  15.462  -79.689  31.079 0.4000000060
1083  14.455  -80.721  31.264 0.5000000000
1856  11.039  -77.208  31.224 0.4000000060
1832  11.637  -77.628  32.569 0.4000000060
600  15.408  -81.973  31.692 0.4000000060
115359  9.192  -77.313  36.566 0.5000000000
108836  15.101  -81.748  32.110 0.5000000000
131427  15.113  -82.079  32.191 0.6000000238
1555  12.092  -78.284  33.913 0.5000000000
1548  11.944  -78.303  34.667 0.5000000000
1810  10.203  -77.626  36.486 0.5000000000
1542  11.135  -78.113  36.236 0.5000000000
1817  7.941  -76.617  36.005 0.5000000000
108030  14.813  -82.474  32.098 0.6000000238
1814  10.426  -77.666  35.571 0.5000000000
405  14.250  -83.004  31.288 0.6000000238
1986  8.586  -77.729  16.610 0.5000000000
1701  8.014  -78.096  17.248 0.5000000000
1999  9.382  -77.540  15.875 0.5000000000
121644  8.082  -78.429  14.246 0.5000000000
114772  7.650  -78.659  13.912 0.6000000238
111091  9.268  -78.300  12.808 0.6000000238
1468  6.870  -79.417  13.096 0.6999999881
117116  8.105  -78.370  12.755 0.6000000238
129281  7.818  -78.381  12.276 0.6999999881
1758  7.635  -78.227  11.712 0.5000000000
2031  8.229  -77.649  11.500 0.5000000000
2042  7.603  -77.543  11.036 0.3000000119
7122  -1.339  -66.482  39.736 0.2000000030
7147  -0.184  -66.000  37.859 0.2000000030
5305  1.839  -69.381  33.231 0.1000000015
5317  2.021  -69.127  32.489 0.1000000015
5875  2.487  -68.148  32.390 0.1000000015
6523  2.858  -67.067  30.364 0.1000000015
6535  3.258  -66.389  29.720 0.1000000015
6552  3.985  -66.530  28.092 0.2000000030
7261  4.294  -65.837  28.697 0.2000000030
128411  13.770  -76.101  29.722 0.2000000030
6570  3.977  -67.110  27.484 0.3000000119
6551  4.832  -66.188  28.107 0.3000000119
2153  13.065  -76.397  30.031 0.3000000119
2166  11.175  -76.291  29.140 0.3000000119
5942  5.225  -67.331  27.204 0.3000000119
5371  6.178  -68.252  27.491 0.3000000119
5941  5.989  -67.353  27.733 0.3000000119
111108  6.515  -68.610  28.443 0.3000000119
1336  15.792  -79.335  30.001 0.3000000119
115124  6.343  -69.754  27.992 0.3000000119
3885  6.313  -70.960  29.575 0.3000000119
1081  15.700  -79.840  30.572 0.4000000060
823  15.043  -80.956  29.557 0.4000000060
2155  10.841  -76.714  29.825 0.3000000119
109740  10.328  -76.891  30.612 0.3000000119
3881  6.393  -70.348  30.867 0.3000000119
1089  14.970  -80.772  30.028 0.3000000119
2147  11.646  -77.051  30.686 0.3000000119
109030  15.511  -81.754  31.169 0.4000000060
1833  11.127  -77.458  32.484 0.5000000000
2136  9.477  -76.961  31.929 0.5000000000
2765  7.397  -73.598  34.901 0.5000000000
109392  11.199  -77.661  33.177 0.5000000000
111205  10.499  -77.431  33.049 0.5000000000
1816  8.523  -77.142  35.749 0.5000000000
1824  11.425  -77.981  33.933 0.5000000000
1820  9.945  -77.514  34.645 0.5000000000
1822  7.921  -76.743  35.055 0.5000000000
123041  7.401  -75.108  35.556 0.5000000000
108034  15.153  -82.616  31.308 0.6000000238
1819  11.094  -77.858  34.941 0.5000000000
108721  13.352  -83.248  29.367 0.5000000000
126117  10.813  -77.959  15.097 0.4000000060
1984  10.100  -77.035  16.420 0.5000000000
130622  9.278  -76.851  17.648 0.5000000000
1975  8.615  -77.380  17.625 0.5000000000
1736  10.614  -78.314  14.574 0.4000000060
1744  9.412  -78.256  13.717 0.5000000000
131918  10.048  -78.562  13.411 0.5000000000
1749  10.228  -78.836  12.837 0.5000000000
1750  9.819  -78.449  12.181 0.5000000000
1756  9.784  -78.105  11.407 0.4000000060
2030  8.955  -77.582  11.523 0.5000000000
2348  8.111  -76.302  10.169 0.3000000119
7110  -2.611  -66.871  40.839 0.2000000030
119400  -1.784  -65.447  40.995 0.2000000030
7130  -0.347  -65.361  38.365 0.2000000030
131749  -0.633  -65.597  39.134 0.2000000030
7151  0.324  -65.513  37.169 0.2000000030
111693  1.752  -70.167  35.149 0.1000000015
4291  2.149  -70.824  36.510 0.1000000015
4801  1.038  -69.851  33.164 0.1000000015
4791  1.601  -69.703  34.079 0.1000000015
124178  2.303  -69.462  34.778 0.1000000015
112229  2.395  -68.936  34.097 0.1000000015
5863  2.573  -68.292  33.344 0.1000000015
6510  2.835  -67.105  31.180 0.1000000015
6497  2.895  -67.163  32.088 0.1000000015
2152  14.441  -76.274  29.630 0.2000000030
1871  15.040  -76.815  29.276 0.2000000030
6522  3.296  -66.251  30.753 0.1000000015
2164  14.009  -75.789  29.097 0.2000000030
115519  4.442  -65.195  30.125 0.2000000030
1590  15.046  -78.094  29.037 0.2000000030
2165  12.190  -76.245  29.114 0.2000000030
7260  5.136  -65.642  28.687 0.2000000030
2478  11.426  -75.700  28.532 0.2000000030
110807  6.436  -67.572  28.542 0.2000000030
2479  10.450  -75.510  28.711 0.2000000030
1088  15.896  -80.038  29.814 0.3000000119
2167  10.370  -76.070  29.339 0.3000000119
2470  9.717  -75.441  29.406 0.3000000119
4825  6.937  -68.706  31.068 0.3000000119
4334  6.474  -69.771  30.146 0.3000000119
2156  9.955  -76.265  29.906 0.3000000119
2471  9.128  -74.877  30.036 0.3000000119
3124  8.707  -72.967  30.529 0.2000000030
121718  8.582  -71.095  30.171 0.3000000119
3876  7.057  -70.410  31.929 0.3000000119
109533  6.706  -70.188  31.570 0.3000000119
3450  6.161  -71.487  32.197 0.4000000060
809  17.010  -81.954  29.979 0.4000000060
127451  9.573  -76.291  30.512 0.3000000119
3455  8.762  -72.053  31.121 0.3000000119
3871  6.840  -71.211  32.522 0.4000000060
3451  5.797  -72.156  32.605 0.4000000060
1844  10.273  -77.131  31.481 0.5000000000
2148  9.074  -75.914  30.932 0.5000000000
2467  8.913  -75.138  30.779 0.4000000060
3439  6.712  -71.972  33.734 0.4000000060
603  16.215  -81.932  30.437 0.4000000060
2436  8.023  -74.601  34.144 0.5000000000
3100  7.008  -73.057  34.677 0.4000000060
604  15.694  -82.248  30.972 0.4000000060
1825  10.679  -77.635  33.903 0.5000000000
1826  9.806  -77.388  33.629 0.5000000000
2119  8.261  -76.872  34.068 0.5000000000
2129  7.813  -75.905  33.887 0.5000000000
122067  7.707  -74.029  34.785 0.5000000000
411  15.716  -82.976  29.604 0.4000000060
114867  9.139  -77.276  34.083 0.5000000000
131229  7.800  -76.416  34.427 0.5000000000
2120  7.551  -75.975  34.885 0.5000000000
262  14.862  -83.304  27.860 0.4000000060
412  14.419  -83.188  29.369 0.4000000060
113539  12.493  -74.244  15.172 0.2000000030
3269  12.573  -73.453  15.935 0.1000000015
3256  12.760  -73.211  16.732 0.1000000015
114613  12.494  -74.836  14.515 0.1000000015
2948  12.563  -73.977  16.745 0.2000000030
3246  12.904  -73.494  17.374 0.2000000030
2636  12.529  -75.596  14.650 0.2000000030
2309  12.383  -76.119  15.233 0.3000000119
2614  12.367  -75.445  15.973 0.2000000030
2615  11.960  -75.546  16.743 0.2000000030
2598  12.199  -74.986  17.545 0.3000000119
124293  12.323  -77.005  14.807 0.2000000030
2311  11.016  -76.976  16.037 0.4000000060
2283  10.427  -75.881  17.739 0.4000000060
2009  12.210  -77.793  14.414 0.2000000030
1735  11.675  -78.994  13.952 0.3000000119
1737  9.679  -78.032  14.416 0.5000000000
1459  11.111  -78.927  14.024 0.3000000119
1467  10.793  -79.283  13.458 0.3000000119
3031  4.449  -74.763  8.422 0.2000000030
1474  10.818  -79.814  12.666 0.4000000060
2360  6.054  -76.245  9.350 0.4000000060
113921  10.049  -77.964  10.479 0.5000000000
2041  8.424  -77.015  10.873 0.3000000119
2359  8.370  -76.071  9.499 0.3000000119
2050  10.229  -78.280  9.634 0.3000000119
2051  9.653  -77.286  9.777 0.3000000119
1728  -4.632  -78.699  15.837 0.2000000030
2358  9.097  -76.580  9.465 0.3000000119
1979  -0.408  -77.885  17.309 0.4000000060
118502  -0.305  -79.277  17.984 0.3000000119
7088  -2.736  -66.123  41.709 0.2000000030
126537  -3.253  -66.039  42.294 0.2000000030
7123  -1.437  -65.880  40.444 0.2000000030
7773  -2.620  -64.354  41.878 0.2000000030
7832  -0.620  -64.541  38.710 0.2000000030
7814  -1.575  -64.487  40.473 0.2000000030
4283  1.997  -71.081  37.372 0.1000000015
7851  0.447  -64.623  36.682 0.2000000030
7845  0.089  -64.918  37.557 0.2000000030
4781  3.153  -70.382  36.881 0.1000000015
5284  2.656  -69.854  35.687 0.1000000015
5852  2.978  -68.205  34.185 0.1000000015
5851  3.744  -67.957  34.667 0.1000000015
5862  3.317  -67.521  33.797 0.1000000015
6471  3.956  -67.143  34.119 0.1000000015
6496  3.570  -66.504  32.556 0.1000000015
6483  3.775  -66.765  33.410 0.1000000015
6509  3.415  -66.332  31.673 0.1000000015
7200  4.038  -65.758  32.099 0.1000000015
6482  4.296  -66.070  32.948 0.1000000015
7211  3.869  -65.601  31.242 0.1000000015
7210  4.546  -65.274  31.625 0.1000000015
7199  5.605  -65.180  32.727 0.1000000015
7926  5.132  -64.775  30.623 0.2000000030
7913  5.560  -64.493  31.328 0.1000000015
113211  5.456  -65.237  29.392 0.2000000030
7925  5.941  -64.234  30.682 0.1000000015
2488  10.851  -75.131  28.148 0.2000000030
6550  5.664  -66.105  28.348 0.2000000030
7240  6.249  -65.030  29.510 0.2000000030
2822  10.244  -74.813  28.058 0.2000000030
122357  6.789  -66.884  29.200 0.2000000030
6549  6.533  -66.111  28.829 0.2000000030
124232  9.780  -74.869  28.671 0.2000000030
2811  9.315  -74.556  29.308 0.1000000015
113476  8.323  -69.301  30.064 0.2000000030
4831  7.848  -68.440  30.545 0.2000000030
4823  7.900  -68.965  31.075 0.2000000030
3459  8.762  -72.188  30.051 0.1000000015
3880  8.281  -70.639  31.154 0.3000000119
4328  7.763  -69.703  31.379 0.3000000119
3875  8.290  -71.288  31.602 0.3000000119
3109  8.013  -71.929  33.042 0.4000000060
3444  7.203  -71.635  33.209 0.4000000060
2143  8.872  -76.285  31.673 0.5000000000
2789  8.600  -74.487  31.469 0.5000000000
114022  8.435  -73.883  32.495 0.5000000000
3110  8.094  -72.793  33.473 0.5000000000
123023  7.568  -72.000  33.707 0.4000000060
2446  8.422  -75.794  32.291 0.5000000000
128439  8.341  -74.442  32.946 0.5000000000
122937  8.251  -74.314  33.597 0.5000000000
2772  7.963  -73.468  34.315 0.5000000000
609  16.744  -82.348  29.863 0.4000000060
1834  9.601  -77.213  32.764 0.5000000000
1827  8.900  -77.128  33.346 0.5000000000
4473  14.039  -70.355  15.219 0.1000000015
4462  14.325  -70.670  15.966 0.1000000015
114200  13.477  -70.765  14.918 0.1000000015
4006  13.875  -71.265  16.449 0.1000000015
4033  13.224  -71.030  14.142 0.1000000015
3613  12.702  -72.448  15.498 0.1000000015
4007  13.146  -71.713  16.023 0.1000000015
3597  13.510  -71.961  16.853 0.1000000015
3630  12.618  -72.402  14.593 0.1000000015
111151  12.483  -73.105  14.070 0.1000000015
3587  13.210  -72.720  17.159 0.2000000030
130182  12.393  -74.688  17.986 0.2000000030
2925  12.732  -74.576  18.399 0.3000000119
125429  12.107  -75.071  18.312 0.4000000060
2327  12.532  -76.274  14.352 0.3000000119
2587  10.793  -75.594  18.474 0.4000000060
2576  11.718  -75.795  19.295 0.4000000060
2016  12.481  -77.870  13.652 0.2000000030
1742  12.142  -79.353  13.641 0.2000000030
1229  11.757  -80.311  13.071 0.3000000119
1237  11.488  -80.511  12.500 0.4000000060
3329  4.768  -74.224  8.755 0.2000000030
1244  11.625  -81.797  11.985 0.2000000030
127161  11.276  -80.502  11.986 0.2000000030
3017  4.918  -74.122  9.516 0.2000000030
1762  10.715  -79.581  10.587 0.2000000030
1480  10.739  -79.705  11.578 0.4000000060
113440  10.431  -78.715  10.275 0.4000000060
2690  6.824  -75.665  8.287 0.3000000119
1775  10.071  -79.054  8.714 0.2000000030
2689  7.999  -75.879  8.540 0.3000000119
2055  9.880  -77.889  8.887 0.2000000030
2365  9.407  -77.099  8.861 0.2000000030
2366  8.808  -76.406  8.696 0.2000000030
1425  -0.338  -80.129  18.061 0.3000000119
8423  -3.753  -62.903  41.117 0.2000000030
7764  -3.003  -65.012  42.635 0.2000000030
8430  -3.043  -63.214  40.494 0.3000000119
8439  -1.381  -63.857  38.920 0.3000000119
8440  -2.331  -63.462  39.467 0.2000000030
7790  -3.217  -63.247  40.794 0.2000000030
8480  0.092  -63.948  36.392 0.3000000119
8468  -1.195  -63.872  37.820 0.3000000119
8454  -2.461  -63.494  38.703 0.3000000119
120937  0.723  -64.604  35.049 0.3000000119
7860  0.314  -64.061  35.632 0.3000000119
8481  -0.465  -63.994  36.973 0.4000000060
124168  3.388  -69.602  35.985 0.1000000015
7869  0.364  -64.252  34.677 0.3000000119
7887  -0.102  -64.596  33.272 0.4000000060
7888  -1.016  -64.906  33.724 0.4000000060
5850  4.518  -67.407  34.685 0.1000000015
127941  5.244  -66.994  34.665 0.1000000015
7214  -0.661  -65.299  31.425 0.4000000060
124287  5.341  -66.293  33.933 0.1000000015
6481  5.030  -65.780  33.284 0.1000000015
6469  6.082  -66.624  34.484 0.1000000015
7183  5.811  -65.761  33.585 0.1000000015
7198  6.273  -64.799  32.608 0.1000000015
7912  6.407  -64.063  31.467 0.1000000015
7924  6.761  -63.908  30.636 0.1000000015
7933  6.443  -64.324  30.031 0.2000000030
5910  7.639  -67.269  29.653 0.2000000030
5928  7.302  -66.981  29.530 0.2000000030
7258  6.793  -65.548  29.225 0.2000000030
3131  9.312  -73.715  28.359 0.1000000015
4836  8.315  -68.639  29.250 0.1000000015
5345  7.736  -67.853  30.059 0.2000000030
130458  9.442  -74.283  28.694 0.2000000030
3462  8.627  -71.664  28.932 0.1000000015
4335  8.500  -70.490  29.433 0.1000000015
3691  17.867  -72.931  11.290 0.1000000015
4094  17.279  -71.917  11.053 0.1000000015
4074  16.699  -71.112  11.533 0.1000000015
4062  16.762  -71.401  12.542 0.1000000015
113189  16.335  -70.370  12.982 0.1000000015
4509  16.189  -70.323  13.947 0.1000000015
128104  15.690  -70.036  11.723 0.1000000015
4528  14.672  -69.943  12.678 0.1000000015
4996  15.187  -69.807  13.216 0.1000000015
4490  14.665  -69.995  14.656 0.1000000015
4471  15.607  -70.419  15.439 0.1000000015
4491  13.839  -70.291  14.405 0.1000000015
4005  14.680  -71.114  16.653 0.1000000015
4529  13.894  -70.325  12.913 0.1000000015
4050  12.831  -71.656  13.506 0.1000000015
3585  14.672  -72.185  17.780 0.1000000015
3575  14.273  -72.808  18.158 0.1000000015
131737  12.466  -72.927  13.394 0.1000000015
125973  12.437  -74.487  13.838 0.1000000015
3586  13.902  -72.321  17.579 0.1000000015
3238  13.883  -73.519  18.440 0.2000000030
3289  12.411  -73.722  13.440 0.1000000015
2650  12.439  -75.404  12.824 0.1000000015
2913  13.809  -74.709  19.115 0.3000000119
2914  13.108  -74.914  19.001 0.4000000060
2575  12.679  -75.561  19.236 0.4000000060
125926  13.406  -76.815  19.491 0.4000000060
114438  12.624  -77.080  13.128 0.1000000015
2255  13.075  -76.083  19.448 0.4000000060
119269  12.621  -76.745  19.528 0.4000000060
1479  13.176  -79.614  11.943 0.1000000015
1228  12.474  -80.354  12.592 0.2000000030
1473  13.482  -80.429  11.944 0.1000000015
974  12.124  -82.188  12.029 0.2000000030
3003  5.496  -74.099  10.443 0.3000000119
3305  7.035  -73.721  11.579 0.3000000119
2990  6.600  -74.583  12.327 0.4000000060
967  13.893  -81.382  11.780 0.1000000015
2658  4.864  -75.310  11.281 0.3000000119
1253  11.180  -81.086  10.621 0.2000000030
1484  11.241  -80.678  11.086 0.2000000030
117953  10.874  -80.535  9.277 0.1000000015
1769  10.567  -79.534  9.558 0.2000000030
2706  4.874  -74.962  7.362 0.2000000030
125883  10.293  -80.245  8.361 0.1000000015
130842  6.949  -75.960  7.089 0.2000000030
2704  7.399  -75.894  7.656 0.2000000030
2056  9.437  -77.735  8.288 0.1000000015
2370  8.278  -76.459  7.683 0.2000000030
1967  0.744  -77.795  18.153 0.6000000238
112181  0.364  -79.213  18.206 0.4000000060
2057  9.001  -77.154  8.009 0.2000000030
124490  0.491  -79.806  18.151 0.4000000060
1195  0.358  -81.098  17.666 0.3000000119
734  0.291  -82.374  16.696 0.2000000030
8405  -3.455  -63.284  44.436 0.3000000119
7765  -3.387  -65.418  43.291 0.2000000030
8411  -3.451  -63.624  43.604 0.2000000030
130903  -3.431  -62.716  44.929 0.3000000119
124607  -3.165  -64.350  42.857 0.2000000030
110451  -3.478  -62.794  43.379 0.3000000119
6400  -3.353  -68.072  41.537 0.1000000015
9038  -3.558  -62.846  42.328 0.3000000119
9028  -2.962  -62.303  42.817 0.3000000119
9049  -3.231  -62.686  41.821 0.3000000119
113502  -2.725  -63.160  39.955 0.4000000060
9646  -1.891  -62.121  40.586 0.4000000060
8482  -1.740  -64.046  37.532 0.4000000060
8469  -2.162  -63.687  38.469 0.3000000119
7871  -1.425  -64.742  35.640 0.4000000060
7862  -1.548  -64.386  36.640 0.4000000060
7870  -0.372  -64.470  34.359 0.4000000060
7902  -0.706  -64.989  32.811 0.4000000060
126136  -1.402  -64.958  34.675 0.5000000000
7202  -1.352  -65.411  32.263 0.5000000000
119155  7.136  -64.090  30.027 0.2000000030
7257  7.639  -65.512  29.261 0.2000000030
5927  8.241  -66.747  29.011 0.1000000015
3324  18.982  -74.239  9.533 0.1000000015
3706  18.549  -73.376  10.035 0.1000000015
4095  16.500  -71.066  10.535 0.1000000015
4488  16.142  -70.557  14.804 0.1000000015
4460  15.794  -70.864  16.098 0.1000000015
111788  14.966  -69.988  11.828 0.1000000015
4063  13.519  -70.972  12.326 0.1000000015
4004  15.460  -71.176  16.684 0.1000000015
3584  15.408  -72.268  17.786 0.1000000015
501  14.787  -83.349  17.801 0.3000000119
131565  12.373  -73.929  12.708 0.1000000015
114166  15.334  -73.677  18.633 0.1000000015
1700  15.648  -78.451  17.599 0.3000000119
1429  15.064  -79.297  17.243 0.3000000119
1441  15.399  -79.923  16.425 0.3000000119
2922  15.340  -74.727  19.067 0.4000000060
1962  14.698  -77.720  18.724 0.3000000119
127583  14.107  -78.473  18.575 0.3000000119
1420  13.935  -79.206  18.180 0.4000000060
1430  14.382  -79.510  17.624 0.4000000060
1191  14.404  -80.360  16.847 0.3000000119
128715  13.657  -80.879  17.193 0.3000000119
126114  12.542  -76.311  12.485 0.1000000015
116362  12.636  -77.121  12.337 0.1000000015
2584  15.708  -75.618  19.047 0.3000000119
2573  14.345  -75.648  19.430 0.4000000060
2252  15.299  -76.121  19.245 0.3000000119
1950  14.200  -77.021  19.368 0.4000000060
1748  12.822  -78.737  12.399 0.1000000015
1478  14.136  -80.349  11.267 0.1000000015
3304  7.728  -73.626  12.161 0.3000000119
965  15.053  -81.259  11.899 0.1000000015
3327  6.454  -73.124  10.009 0.3000000119
3312  7.317  -72.916  10.551 0.3000000119
112488  7.590  -73.235  11.331 0.3000000119
2995  7.009  -74.073  12.048 0.3000000119
983  13.749  -81.415  10.580 0.1000000015
985  11.837  -82.166  11.839 0.1000000015
3328  5.619  -73.531  9.352 0.2000000030
2989  7.363  -74.217  12.687 0.4000000060
2651  6.147  -75.221  12.701 0.5000000000
130981  11.185  -80.723  10.770 0.1000000015
3342  4.904  -74.294  8.103 0.2000000030
994  11.122  -80.513  9.512 0.1000000015
1266  9.943  -80.515  7.367 0.1000000015
1261  10.463  -80.530  8.140 0.1000000015
1496  9.834  -79.793  7.693 0.1000000015
2375  7.871  -76.973  6.871 0.2000000030
1779  9.375  -79.248  7.103 0.1000000015
2060  9.048  -78.215  7.480 0.1000000015
944  1.088  -80.974  16.503 0.5000000000
1433  1.415  -79.756  17.781 0.5000000000
933  0.754  -81.257  17.164 0.2000000030
1194  1.166  -80.524  17.300 0.4000000060
353  -0.574  -83.892  14.566 0.3000000119
9016  -3.344  -62.332  44.434 0.3000000119
7070  -3.388  -66.609  42.966 0.2000000030
7057  -3.422  -66.161  43.757 0.2000000030
120935  -2.671  -61.413  43.185 0.3000000119
117601  -2.093  -61.978  41.512 0.4000000060
9620  -2.308  -61.464  42.386 0.3000000119
129592  -1.784  -62.029  38.947 0.4000000060
126183  -1.638  -61.065  40.213 0.4000000060
114985  -3.126  -63.387  38.464 0.5000000000
9074  -1.964  -62.114  38.430 0.5000000000
7863  -3.018  -65.018  36.932 0.5000000000
7227  -2.126  -65.798  30.219 0.5000000000
7246  -2.336  -65.930  29.301 0.5000000000
6556  -2.527  -66.205  28.582 0.5000000000
108067  17.799  -80.237  18.639 0.3000000119
4048  16.659  -71.232  13.485 0.1000000015
114977  16.891  -79.144  15.284 0.3000000119
1440  16.230  -79.591  15.967 0.3000000119
749  16.156  -81.538  15.106 0.3000000119
120970  15.106  -82.835  16.068 0.3000000119
1710  16.702  -78.704  16.369 0.3000000119
1711  15.929  -79.009  16.837 0.3000000119
1451  15.676  -80.475  15.428 0.3000000119
1215  14.790  -81.639  15.680 0.3000000119
1214  15.441  -81.398  15.255 0.3000000119
523  13.823  -83.800  15.555 0.3000000119
1688  15.372  -77.924  18.174 0.3000000119
1201  14.894  -80.782  15.847 0.3000000119
1202  14.407  -81.308  16.105 0.3000000119
939  14.273  -82.535  15.832 0.3000000119
940  13.492  -83.080  16.038 0.3000000119
2029  12.724  -77.808  11.852 0.1000000015
2266  15.768  -76.418  18.885 0.3000000119
3258  7.566  -73.369  16.655 0.6000000238
3711  7.115  -72.701  9.903 0.3000000119
117767  7.626  -74.279  13.374 0.5000000000
2644  6.913  -75.095  14.049 0.5000000000
112558  -0.075  -83.169  16.302 0.3000000119
8999  -3.463  -62.115  45.323 0.2000000030
9579  -3.577  -61.217  45.980 0.2000000030
118697  -3.356  -64.070  45.031 0.2000000030
8398  -3.379  -63.166  45.642 0.3000000119
120013  -3.598  -60.251  46.788 0.2000000030
7058  -3.402  -65.290  43.822 0.2000000030
9593  -3.357  -61.110  44.815 0.3000000119
9029  -3.027  -61.862  43.791 0.3000000119
113345  -2.929  -60.747  43.784 0.3000000119
9632  -1.722  -60.936  40.965 0.4000000060
10226  -2.107  -60.069  41.280 0.4000000060
10241  -1.726  -60.746  39.542 0.4000000060
10242  -1.979  -60.077  40.303 0.4000000060
121375  -3.234  -63.390  37.867 0.5000000000
8492  -4.667  -64.297  37.043 0.6000000238
7864  -4.991  -64.863  37.138 0.6000000238
108063  18.834  -80.458  18.585 0.3000000119
108853  18.783  -80.513  17.057 0.3000000119
108064  17.845  -80.592  17.111 0.3000000119
129108  17.146  -80.817  17.052 0.3000000119
738  16.033  -81.894  15.601 0.3000000119
725  15.787  -82.270  16.192 0.3000000119
1450  16.515  -80.166  14.807 0.3000000119
955  16.186  -81.227  14.727 0.3000000119
755  16.740  -81.111  14.584 0.3000000119
1213  16.001  -80.945  14.627 0.3000000119
2982  8.127  -73.947  13.831 0.6000000238
120072  -3.555  -59.135  47.736 0.2000000030
10163  -3.482  -60.011  48.233 0.2000000030
9566  -3.506  -61.075  47.252 0.1000000015
8981  -3.486  -62.089  46.419 0.1000000015
10875  -3.621  -59.374  46.145 0.2000000030
7047  -3.328  -65.618  44.436 0.2000000030
124437  -3.403  -60.015  45.189 0.2000000030
10899  -3.024  -59.648  43.476 0.3000000119
10201  -3.253  -59.894  44.384 0.2000000030
10215  -2.310  -60.245  42.108 0.4000000060
10276  -1.871  -61.073  38.237 0.6000000238
10260  -2.305  -60.042  39.353 0.4000000060
10953  -3.135  -59.513  39.951 0.5000000000
9101  -3.455  -62.644  36.528 0.6000000238
10293  -2.702  -60.716  37.687 0.6000000238
10277  -2.536  -60.308  38.536 0.6000000238
128202  -3.592  -59.976  38.144 0.5000000000
8493  -5.031  -64.553  36.638 0.6000000238
7865  -5.396  -65.246  36.510 0.6000000238
1200  19.323  -80.320  16.289 0.3000000119
954  17.613  -80.974  14.643 0.3000000119
1463  17.950  -80.198  13.745 0.3000000119
118164  17.827  -80.448  13.964 0.3000000119
747  17.200  -81.303  14.933 0.3000000119
1449  17.755  -79.741  13.883 0.2000000030
1227  17.298  -80.510  14.088 0.3000000119
4465  7.041  -70.718  15.975 0.6000000238
10153  -3.182  -59.883  49.417 0.1000000015
11573  -3.132  -58.036  48.550 0.2000000030
8967  -3.350  -61.942  47.863 0.1000000015
9553  -3.313  -60.752  48.665 0.1000000015
10863  -3.602  -58.186  47.139 0.2000000030
7739  -2.883  -65.325  45.716 0.1000000015
7726  -3.257  -64.398  45.785 0.2000000030
8364  -3.212  -63.061  47.665 0.1000000015
6358  -2.250  -66.574  45.050 0.1000000015
121979  -3.196  -63.746  46.615 0.2000000030
128758  -3.379  -62.852  46.831 0.2000000030
7046  -2.882  -66.425  44.519 0.1000000015
10900  -3.517  -58.626  44.075 0.2000000030
10888  -3.603  -59.018  45.019 0.2000000030
10913  -2.862  -59.490  42.614 0.3000000119
10928  -2.884  -59.398  41.752 0.4000000060
122295  -3.623  -58.474  42.281 0.3000000119
10968  -4.498  -59.441  38.146 0.6000000238
10967  -3.545  -59.581  38.950 0.4000000060
10278  -4.374  -60.035  37.396 0.6000000238
9688  -4.008  -61.273  36.161 0.6000000238
8503  -4.451  -63.448  35.496 0.6000000238
9102  -3.854  -63.081  35.887 0.6000000238
8504  -5.058  -64.377  35.379 0.6000000238
7889  -5.240  -64.779  34.408 0.6000000238
8517  -4.880  -63.429  33.946 0.6000000238
10850  -3.184  -59.183  48.989 0.2000000030
119548  -3.676  -58.192  45.833 0.2000000030
11611  -3.669  -57.719  44.712 0.2000000030
11623  -3.928  -57.241  43.571 0.2000000030
115726  -3.764  -56.823  44.149 0.2000000030
126560  -4.770  -58.079  40.761 0.3000000119
131223  -4.376  -57.600  41.919 0.3000000119
12353  -4.124  -56.674  42.713 0.3000000119
10969  -4.841  -58.809  38.191 0.5000000000
122376  -5.061  -58.364  39.122 0.5000000000
10981  -4.912  -59.447  37.412 0.5000000000
10313  -4.853  -60.247  36.500 0.6000000238
10294  -5.175  -59.782  36.806 0.6000000238
9698  -4.447  -61.480  35.516 0.6000000238
9689  -5.257  -60.425  35.711 0.6000000238
10314  -5.560  -59.793  36.075 0.6000000238
9112  -4.801  -61.876  34.861 0.6000000238
9699  -5.446  -60.665  35.006 0.6000000238
9113  -4.969  -62.370  34.211 0.6000000238
12291  -2.946  -57.326  48.533 0.2000000030
11585  -3.360  -57.136  47.784 0.2000000030
11584  -2.512  -57.330  48.448 0.2000000030
12311  -3.166  -56.752  47.320 0.2000000030
12312  -3.460  -56.876  46.340 0.2000000030
12324  -3.565  -56.918  44.988 0.2000000030
113279  -3.805  -56.517  43.548 0.2000000030
11676  -5.268  -57.477  39.573 0.4000000060
13071  -4.844  -56.746  40.669 0.3000000119
12370  -4.599  -56.741  41.156 0.3000000119
12352  -3.707  -56.294  42.948 0.3000000119
10983  -4.969  -58.983  37.430 0.6000000238
11692  -5.102  -57.858  38.572 0.6000000238
12406  -4.614  -56.655  39.698 0.4000000060
12392  -4.545  -56.593  40.518 0.4000000060
12369  -4.004  -56.432  41.159 0.3000000119
10982  -5.213  -59.415  36.767 0.6000000238
11710  -4.803  -58.604  37.499 0.6000000238
12435  -4.556  -57.808  37.721 0.6000000238
11030  -5.451  -59.521  35.301 0.6000000238
11729  -4.943  -58.482  36.560 0.6000000238
110108  -5.756  -60.037  35.164 0.6000000238
9710  -5.433  -60.908  34.333 0.6000000238
10701  -3.166  -59.796  9.935 0.5000000000
10719  -2.799  -60.827  8.964 0.5000000000
9436  -2.116  -61.917  8.564 0.5000000000
13010  -2.454  -56.609  47.315 0.2000000030
13021  -3.028  -56.485  46.275 0.2000000030
13030  -2.919  -56.304  45.282 0.2000000030
13042  -2.919  -56.207  43.555 0.3000000119
13043  -3.500  -56.196  43.892 0.3000000119
113499  -3.389  -56.464  41.969 0.3000000119
12434  -3.557  -57.719  37.749 0.6000000238
12422  -3.346  -57.324  38.596 0.5000000000
111738  -2.633  -57.221  39.426 0.5000000000
123580  -3.920  -58.142  36.916 0.6000000238
11003  -4.959  -58.722  35.790 0.6000000238
11415  -3.517  -59.270  9.562 0.5000000000
10737  -3.052  -60.026  8.555 0.5000000000
11432  -2.284  -59.256  8.122 0.5000000000
13020  -2.011  -56.396  46.084 0.2000000030
115740  -2.386  -56.298  44.569 0.2000000030
12337  -1.577  -56.696  43.639 0.2000000030
12351  -2.316  -56.601  42.712 0.3000000119
12391  -1.741  -57.398  40.249 0.4000000060
125492  -2.062  -56.951  41.803 0.4000000060
125033  -0.733  -57.688  39.796 0.6000000238
11707  -1.241  -58.268  37.355 0.6000000238
11689  0.044  -57.967  38.282 0.6000000238
114155  0.565  -58.094  37.653 0.6000000238
12108  -3.556  -58.381  10.082 0.5000000000
12823  -3.551  -57.213  10.336 0.4000000060
12119  -3.290  -58.573  9.143 0.5000000000
129145  -0.768  -57.236  42.908 0.2000000030
12366  0.154  -57.550  41.481 0.3000000119
120967  0.781  -57.475  39.532 0.4000000060
110768  0.071  -57.743  39.720 0.5000000000
13753  1.201  -56.454  38.339 0.5000000000
12419  1.276  -57.240  38.520 0.5000000000
12365  0.844  -57.142  41.236 0.3000000119
13754  0.778  -55.943  38.007 0.6000000238
13755  0.196  -55.816  37.280 0.6000000238
13129  0.236  -56.358  36.473 0.6000000238
13756  -1.079  -55.345  37.075 0.6000000238
11853  -3.496  -57.641  28.143 0.2000000030
13214  -3.505  -55.738  29.963 0.2000000030
13833  -3.065  -55.331  30.631 0.2000000030
13212  -1.597  -56.494  30.674 0.1000000015
13832  -1.554  -55.374  31.615 0.1000000015
13831  -0.812  -55.836  31.740 0.1000000015
14505  -0.748  -54.246  32.609 0.1000000015
17989  -2.702  -49.592  32.806 0.2000000030
18744  -3.296  -47.709  32.758 0.2000000030
17243  -1.987  -50.383  33.130 0.1000000015
112741  -2.292  -48.324  32.938 0.2000000030
19505  -3.200  -46.689  32.911 0.2000000030
19504  -2.344  -47.459  32.788 0.2000000030
18689  5.904  -48.310  37.773 0.5000000000
17955  6.793  -49.130  36.689 0.3000000119
19468  8.081  -47.754  35.740 0.4000000060
16593  11.146  -51.283  31.338 0.1000000015
17248  10.372  -50.606  32.830 0.1000000015
17996  10.762  -50.014  31.798 0.1000000015
18736  9.990  -48.985  32.811 0.1000000015
18669  5.228  -47.576  38.357 0.6000000238
18688  6.749  -48.263  37.059 0.4000000060
19447  7.554  -47.124  36.186 0.4000000060
19448  6.963  -47.340  36.918 0.4000000060
131008  6.016  -45.894  38.023 0.6000000238
19495  9.143  -47.265  34.438 0.1000000015
20210  6.507  -45.936  37.472 0.4000000060
18737  9.690  -48.187  33.341 0.1000000015
19494  9.676  -47.161  33.667 0.1000000015
18005  10.708  -49.103  31.691 0.1000000015
18752  10.199  -48.145  32.605 0.1000000015
19449  6.135  -47.343  37.720 0.6000000238
20232  7.668  -46.281  35.982 0.4000000060
20209  7.087  -46.499  36.727 0.5000000000
20253  8.272  -46.111  35.352 0.4000000060
21025  7.264  -45.522  36.700 0.4000000060
113869  11.079  -48.907  31.086 0.1000000015
18761  10.643  -48.186  31.997 0.1000000015
19512  10.547  -47.302  32.312 0.1000000015
20263  9.290  -46.324  34.243 0.2000000030
114344  8.711  -46.685  34.899 0.3000000119
19513  10.058  -47.494  32.978 0.1000000015
21882  8.732  -44.438  34.932 0.5000000000
21860  8.174  -44.607  35.742 0.5000000000
110696  8.751  -45.962  34.826 0.5000000000
18012  11.305  -49.158  30.514 0.1000000015
18771  11.305  -48.273  30.742 0.1000000015
18760  11.003  -48.250  31.392 0.1000000015
21083  9.635  -45.476  33.713 0.4000000060
20301  11.330  -46.719  30.817 0.1000000015
21131  11.125  -45.888  31.310 0.2000000030
20283  10.655  -46.173  32.254 0.1000000015
115639  10.079  -45.161  33.139 0.4000000060
24571  17.292  -40.216  25.065 0.3000000119
26349  16.752  -38.619  26.011 0.4000000060
22850  17.602  -42.707  24.058 0.4000000060
22155  1.540  -44.786  17.707 0.3000000119
21334  -0.071  -45.344  17.221 0.3000000119
128777  8.802  -43.731  35.071 0.5000000000
115136  9.278  -44.629  34.131 0.5000000000
21144  11.488  -45.931  30.446 0.2000000030
21145  11.120  -45.049  31.428 0.2000000030
21918  10.758  -44.463  32.047 0.3000000119
21919  10.213  -44.563  32.857 0.5000000000
22133  -0.671  -44.224  17.885 0.4000000060
21308  -1.309  -44.992  17.573 0.4000000060
22135  -3.308  -44.697  18.336 0.4000000060
21333  0.545  -45.184  17.169 0.3000000119
114575  8.941  -43.071  35.304 0.5000000000
19544  11.569  -47.452  29.620 0.2000000030
21157  11.575  -45.981  29.686 0.2000000030
109621  11.419  -45.343  29.032 0.2000000030
21901  9.152  -43.719  34.510 0.5000000000
21947  11.444  -45.132  30.764 0.2000000030
21961  11.473  -44.406  30.256 0.3000000119
22755  10.888  -43.615  31.477 0.3000000119
23579  10.469  -42.441  32.515 0.4000000060
22737  10.049  -43.047  33.116 0.4000000060
21239  19.505  -44.942  23.536 0.6000000238
129724  -0.767  -45.447  17.314 0.4000000060
21309  -2.683  -45.292  17.726 0.4000000060
21310  -3.928  -45.784  18.112 0.4000000060
21356  0.453  -45.654  16.294 0.3000000119
19695  -2.738  -47.208  17.418 0.4000000060
21164  11.445  -45.657  28.122 0.2000000030
21969  11.435  -44.670  28.358 0.2000000030
22793  11.380  -43.786  28.678 0.3000000119
21960  11.372  -44.472  29.244 0.3000000119
23637  11.677  -42.563  28.738 0.3000000119
24510  11.242  -41.614  30.207 0.4000000060
22707  9.454  -42.695  34.800 0.5000000000
22783  11.288  -43.587  29.574 0.3000000119
23620  11.117  -42.603  30.009 0.3000000119
24496  11.152  -41.296  31.107 0.4000000060
23580  10.383  -41.891  33.595 0.4000000060
20407  22.957  -46.108  20.542 0.6000000238
20464  -3.050  -46.287  17.714 0.4000000060
19694  -2.459  -48.069  16.908 0.4000000060
20488  -0.253  -46.131  16.316 0.4000000060
116383  -0.953  -46.238  16.796 0.4000000060
22805  11.687  -43.994  27.956 0.3000000119
21174  12.136  -45.227  27.146 0.1000000015
24527  11.928  -41.729  29.198 0.4000000060
23653  12.967  -42.950  28.090 0.3000000119
22892  26.199  -43.163  22.865 0.6000000238
22893  25.774  -43.583  22.314 0.6000000238
22021  25.028  -45.047  23.868 0.6000000238
23838  2.293  -43.439  18.483 0.4000000060
111959  2.262  -42.491  18.097 0.4000000060
21979  12.303  -44.543  27.376 0.3000000119
23654  12.033  -43.109  28.139 0.3000000119
21978  13.255  -44.318  27.271 0.1000000015
22804  12.588  -43.743  27.691 0.2000000030
21190  14.526  -45.353  26.537 0.1000000015
21977  14.254  -44.125  27.313 0.3000000119
22803  13.647  -43.588  27.708 0.3000000119
21991  17.344  -44.183  26.338 0.4000000060
23728  26.485  -42.645  23.456 0.6999999881
22062  25.364  -44.237  22.635 0.6999999881
114877  16.058  -45.460  25.951 0.2000000030
21210  17.049  -45.014  25.902 0.4000000060
121062  20.522  -48.297  24.544 0.2000000030
115334  2.354  -39.870  16.307 0.4000000060
126838  2.905  -39.072  15.738 0.4000000060
131779  11.988  -35.199  18.021 0.3000000119
29821  11.649  -34.745  18.183 0.3000000119
114184  7.046  -37.461  16.337 0.5000000000
29834  16.589  -36.206  15.934 0.2000000030
29835  15.550  -36.065  15.750 0.3000000119
29837  13.501  -35.658  16.200 0.4000000060
29838  12.799  -35.340  16.838 0.4000000060
29820  12.178  -34.979  17.571 0.4000000060
30709  10.996  -34.178  18.145 0.4000000060
28108  10.181  -36.817  16.152 0.4000000060
114659  10.045  -38.046  15.315 0.4000000060
27311  9.128  -38.034  16.447 0.5000000000
28109  9.691  -37.128  16.387 0.5000000000
27310  9.650  -38.143  16.148 0.4000000060
29858  16.202  -35.345  15.523 0.4000000060
29860  13.927  -35.214  15.786 0.4000000060
30721  12.344  -34.454  16.730 0.4000000060
119973  10.434  -33.921  18.022 0.4000000060
28124  10.129  -37.632  15.948 0.5000000000
112195  9.762  -37.724  14.268 0.3000000119
125982  10.417  -36.634  15.081 0.4000000060
28136  10.263  -37.332  15.202 0.4000000060
28987  10.404  -35.935  14.522 0.3000000119
29000  10.343  -36.031  13.700 0.3000000119
4292  1.242  -71.219  36.703 0.1000000015
4284  1.215  -71.129  37.410 0.1000000015
12553  -2.487  -57.305  29.415 0.1000000015
12537  -2.976  -56.491  29.680 0.2000000030
15878  -1.037  -51.877  33.766 0.1000000015
13199  -1.247  -56.149  31.291 0.1000000015
16580  -2.484  -50.862  32.538 0.1000000015
13815  -0.627  -55.186  32.228 0.1000000015
15201  -2.162  -53.203  32.373 0.1000000015
513  13.637  -83.727  15.981 0.3000000119
109333  7.343  -79.775  15.952 0.6999999881
1452  7.260  -79.265  15.335 0.6000000238
1712  8.071  -78.274  16.385 0.5000000000
1739  7.476  -78.793  14.647 0.6000000238
127519  9.059  -76.866  18.385 0.5000000000
2577  10.811  -75.747  19.157 0.4000000060
1974  9.653  -76.282  18.111 0.5000000000
2256  11.793  -76.552  19.595 0.4000000060
4011  7.358  -71.873  16.684 0.6000000238
2665  4.458  -75.143  10.457 0.3000000119
1963  13.781  -77.907  19.132 0.4000000060
2996  6.230  -74.198  11.448 0.4000000060
14518  -2.282  -54.629  31.567 0.1000000015
14506  -1.525  -53.794  32.445 0.1000000015
15890  -2.441  -52.280  32.470 0.1000000015
26330  13.723  -39.291  26.761 0.2000000030
578  -0.587  -82.593  36.719 0.2000000030
28979  10.500  -36.024  15.505 0.5000000000
2673  7.469  -75.806  9.090 0.4000000060
782  13.164  -81.086  36.137 0.6000000238
108045  12.700  -81.751  34.791 0.6000000238
511  14.936  -83.731  16.355 0.3000000119
8518  -5.048  -63.573  33.050 0.6000000238
112030  -5.709  -60.247  34.557 0.6000000238
11690  -0.943  -57.912  38.128 0.6000000238
12404  -0.585  -57.760  39.016 0.6000000238
11724  0.796  -58.743  36.462 0.6000000238
12433  1.088  -57.610  37.911 0.6000000238
14452  -0.737  -55.106  37.916 0.6000000238
21993  14.841  -44.580  26.928 0.2000000030
20379  18.516  -46.647  24.790 0.4000000060
21224  19.130  -45.771  25.230 0.3000000119
19596  20.254  -46.749  24.564 0.4000000060
18847  20.389  -47.552  24.442 0.4000000060
20406  23.160  -46.083  21.608 0.6000000238
22875  17.832  -43.597  23.657 0.4000000060
22040  24.874  -44.818  23.073 0.6000000238
22063  24.747  -44.652  22.090 0.6000000238
30697  10.314  -34.094  18.469 0.4000000060
29803  11.113  -34.697  18.587 0.4000000060
20364  16.762  -45.889  25.484 0.2000000030
4336  6.352  -70.354  28.802 0.3000000119
2675  5.126  -75.710  8.706 0.3000000119
8484  -4.100  -63.949  37.490 0.5000000000
8483  -3.382  -63.821  38.012 0.4000000060
7890  -5.365  -65.141  33.616 0.6000000238
113055  10.778  -41.441  32.899 0.4000000060
2691  5.123  -75.324  8.092 0.2000000030
206  -1.058  -83.252  35.766 0.2000000030
1326  14.466  -79.622  32.926 0.5000000000
1065  14.894  -80.761  33.976 0.5000000000
1071  14.801  -81.399  33.029 0.6000000238
1311  13.103  -79.921  35.820 0.5000000000
1306  12.170  -79.469  36.958 0.5000000000
1305  12.715  -80.060  36.566 0.5000000000
812  14.685  -80.675  30.616 0.5000000000
1723  9.051  -77.830  14.982 0.5000000000
2040  9.383  -77.305  10.742 0.4000000060
7223  3.777  -65.564  30.353 0.1000000015
4833  6.723  -68.809  30.558 0.3000000119
116055  6.329  -70.990  31.457 0.4000000060
2137  8.726  -76.677  32.550 0.5000000000
1821  8.821  -77.257  34.839 0.5000000000
1997  11.303  -77.578  15.348 0.3000000119
2010  11.497  -78.311  14.619 0.2000000030
2298  9.850  -76.558  17.256 0.4000000060
2039  10.333  -78.733  11.032 0.3000000119
7813  -0.990  -64.807  39.682 0.2000000030
7259  5.972  -65.601  28.918 0.2000000030
5359  6.829  -67.744  29.627 0.2000000030
4324  7.266  -69.760  31.600 0.3000000119
5346  6.983  -68.303  30.566 0.2000000030
4817  7.225  -69.103  31.347 0.2000000030
4329  6.755  -69.352  31.174 0.3000000119
2812  8.872  -73.933  30.035 0.3000000119
113031  8.837  -73.168  29.700 0.2000000030
116864  8.639  -71.482  30.838 0.3000000119
4333  8.325  -69.972  30.650 0.2000000030
4323  7.639  -70.455  31.748 0.3000000119
3449  8.437  -71.923  32.077 0.3000000119
2800  8.623  -73.635  31.108 0.4000000060
3120  8.611  -72.691  31.405 0.4000000060
2458  8.673  -75.436  31.531 0.5000000000
111792  12.507  -74.592  15.996 0.2000000030
3284  12.508  -73.262  14.929 0.1000000015
2963  12.515  -75.209  15.281 0.2000000030
119782  12.374  -74.834  16.760 0.2000000030
3239  13.149  -73.838  18.079 0.2000000030
110693  12.565  -76.246  13.435 0.2000000030
2310  11.874  -76.846  15.546 0.3000000119
2296  11.510  -76.280  16.313 0.2000000030
2599  11.414  -75.420  17.832 0.3000000119
1996  11.909  -77.562  14.992 0.3000000119
2297  10.648  -76.391  16.806 0.4000000060
119841  12.520  -78.701  13.314 0.2000000030
1465  12.129  -80.008  13.370 0.2000000030
8467  -0.247  -63.996  37.270 0.2000000030
6470  4.590  -66.577  33.859 0.1000000015
7899  5.216  -64.946  31.893 0.1000000015
5911  7.206  -67.678  29.889 0.2000000030
2824  9.090  -73.785  29.142 0.1000000015
3115  8.422  -72.924  32.220 0.4000000060
2779  8.430  -74.907  32.266 0.5000000000
2138  8.175  -76.077  32.958 0.5000000000
4018  13.594  -70.992  15.638 0.1000000015
2924  13.490  -74.253  18.674 0.2000000030
2022  12.671  -77.870  12.800 0.1000000015
109276  12.694  -79.642  12.885 0.2000000030
1252  11.483  -81.983  11.193 0.2000000030
8416  -3.264  -63.616  42.113 0.2000000030
131865  -3.636  -62.992  41.312 0.3000000119
8441  -2.778  -63.148  39.637 0.2000000030
111316  -3.316  -63.231  40.948 0.3000000119
8491  -0.399  -64.050  36.378 0.4000000060
8455  -2.823  -63.157  39.000 0.4000000060
3141  9.178  -73.049  27.889 0.1000000015
4526  16.314  -70.376  12.067 0.1000000015
2923  14.401  -74.138  18.893 0.2000000030
2254  13.886  -76.186  19.508 0.4000000060
7748  -3.394  -64.474  44.250 0.2000000030
9063  -2.640  -62.881  39.185 0.4000000060
110420  -2.746  -63.695  38.356 0.4000000060
7852  -2.883  -64.432  37.527 0.4000000060
8470  -2.975  -63.340  38.639 0.5000000000
120973  15.969  -74.301  18.630 0.1000000015
1689  14.738  -78.664  18.027 0.3000000119
3303  8.297  -72.942  11.862 0.3000000119
6366  -2.964  -67.046  43.564 0.1000000015
124195  17.168  -79.599  14.390 0.2000000030
740  14.401  -83.221  15.791 0.3000000119
10186  -3.516  -60.445  45.732 0.2000000030
124127  -2.271  -61.590  37.643 0.6000000238
7038  -2.464  -66.078  45.391 0.1000000015
10943  -2.944  -59.465  40.879 0.4000000060
10312  -3.137  -61.041  36.868 0.6000000238
10929  -3.984  -58.543  41.396 0.4000000060
10944  -4.182  -58.864  40.479 0.4000000060
11635  -4.225  -57.345  42.606 0.3000000119
10954  -4.517  -58.978  39.590 0.5000000000
116098  -3.630  -57.395  45.660 0.2000000030
11665  -5.143  -57.375  40.418 0.3000000119
118536  -4.479  -56.899  41.905 0.3000000119
13031  -3.321  -56.577  45.195 0.2000000030
12424  -4.910  -57.409  38.365 0.6000000238
11004  -5.354  -59.130  36.208 0.6000000238
124804  -3.906  -56.771  39.335 0.4000000060
12423  -4.337  -57.372  38.255 0.6000000238
126670  -3.614  -56.605  40.196 0.4000000060
12368  -2.713  -56.827  41.097 0.5000000000
12367  -0.853  -57.402  42.108 0.3000000119
12390  -0.360  -57.658  40.484 0.4000000060
11688  0.659  -57.776  38.305 0.6000000238
11674  0.377  -57.753  38.953 0.5000000000
12389  0.523  -57.484  40.416 0.4000000060
12388  1.084  -57.189  40.115 0.4000000060
13096  1.217  -56.775  39.676 0.5000000000
13742  0.657  -55.826  38.739 0.6000000238
13743  0.098  -55.408  38.286 0.6000000238
13213  -2.521  -56.181  30.373 0.2000000030
13200  -2.035  -55.810  30.969 0.1000000015
114854  -0.992  -52.891  33.318 0.1000000015
128759  -1.551  -53.351  32.670 0.1000000015
17976  -1.564  -49.978  33.455 0.1000000015
127392  8.133  -46.900  35.519 0.3000000119
21111  10.177  -45.854  33.034 0.1000000015
20302  10.991  -46.859  31.593 0.2000000030
130666  10.502  -45.266  32.553 0.3000000119
112555  11.189  -44.383  31.119 0.3000000119
127171  9.613  -43.318  33.892 0.3000000119
22736  10.503  -43.425  32.229 0.3000000119
18798  11.612  -48.120  29.060 0.2000000030
20325  11.495  -46.563  28.448 0.2000000030
114647  10.880  -42.794  31.028 0.4000000060
21995  12.885  -45.046  26.903 0.1000000015
21994  13.869  -44.838  26.876 0.2000000030
30720  13.243  -34.905  16.151 0.4000000060
15889  -1.398  -52.374  33.229 0.1000000015
652  20.071  -80.176  23.436 0.2000000030
1120  20.675  -79.486  23.608 0.2000000030
255  14.174  -83.310  28.780 0.3000000119
1115  21.147  -79.981  24.507 0.1000000015
863  20.412  -80.045  23.930 0.2000000030
664  19.927  -80.172  22.749 0.2000000030
1378  21.122  -79.180  21.913 0.2000000030
653  19.587  -80.431  23.610 0.2000000030
427  16.107  -83.282  27.124 0.3000000119
428  15.585  -83.254  27.732 0.3000000119
272  15.047  -83.300  27.223 0.3000000119
111878  19.072  -80.765  24.272 0.2000000030
1348  17.668  -78.914  27.593 0.1000000015
840  19.098  -80.601  28.833 0.1000000015
818  20.422  -81.045  28.203 0.1000000015
845  21.208  -81.481  25.020 0.1000000015
1372  21.133  -78.948  23.182 0.2000000030
119970  16.421  -82.887  29.150 0.3000000119
434  17.456  -83.107  26.187 0.3000000119
1644  22.191  -78.411  22.023 0.2000000030
637  19.144  -82.401  25.277 0.3000000119
1384  21.594  -78.920  21.443 0.2000000030
1126  20.648  -79.516  22.410 0.2000000030
1349  17.412  -79.567  28.060 0.2000000030
121572  17.816  -80.361  27.989 0.2000000030
1100  20.275  -80.546  28.389 0.1000000015
838  21.416  -81.449  26.189 0.1000000015
831  20.136  -81.404  27.358 0.1000000015
852  22.038  -81.079  24.856 0.1000000015
417  16.504  -83.080  28.252 0.3000000119
425  17.898  -83.035  27.127 0.3000000119
1653  22.097  -78.660  21.097 0.2000000030
642  19.417  -80.950  24.596 0.2000000030
1938  22.619  -78.143  20.662 0.2000000030
1594  16.380  -78.544  27.644 0.2000000030
1589  15.793  -78.492  28.424 0.2000000030
1603  16.967  -78.512  27.101 0.1000000015
1588  16.704  -79.172  28.350 0.2000000030
1339  16.739  -79.804  28.550 0.2000000030
1103  16.788  -80.697  28.238 0.2000000030
112437  19.089  -81.508  28.094 0.1000000015
821  18.039  -81.489  28.681 0.2000000030
620  19.565  -81.989  27.174 0.1000000015
839  20.420  -81.944  25.640 0.1000000015
415  18.110  -82.734  28.108 0.3000000119
1932  22.695  -77.931  21.581 0.2000000030
433  18.528  -82.859  26.316 0.2000000030
853  21.167  -80.997  24.187 0.2000000030
1340  16.208  -79.475  29.118 0.2000000030
1094  15.975  -80.822  28.721 0.3000000119
822  16.692  -81.402  28.742 0.2000000030
820  18.556  -81.383  28.389 0.1000000015
629  19.253  -82.530  26.391 0.1000000015
635  19.883  -81.404  24.737 0.1000000015
621  18.857  -82.555  27.441 0.1000000015
608  17.498  -82.232  29.441 0.3000000119
628  19.683  -82.291  25.732 0.2000000030
110202  -1.014  -64.798  5.888 0.4000000060
1705  -0.943  -78.736  17.387 0.3000000119
112639  15.752  -78.827  29.379 0.2000000030
112552  17.645  -82.086  29.516 0.2000000030
808  18.077  -82.041  29.043 0.2000000030
614  18.491  -82.113  28.191 0.1000000015
410  17.163  -82.657  29.120 0.3000000119
120796  -1.659  -64.213  6.550 0.4000000060
8247  -2.104  -64.941  6.803 0.4000000060
8872  0.588  -63.417  5.214 0.5000000000
9477  -0.155  -62.850  6.011 0.4000000060
124539  0.058  -64.268  5.358 0.4000000060
131251  1.219  -63.591  4.570 0.5000000000
1870  15.398  -77.500  28.338 0.2000000030
125168  -1.482  -59.680  7.500 0.4000000060
8852  -2.365  -63.400  7.608 0.4000000060
10057  -0.545  -61.299  6.462 0.4000000060
121450  -1.873  -60.716  7.631 0.4000000060
113742  -1.982  -62.818  7.260 0.4000000060
11458  0.636  -59.291  6.211 0.3000000119
10070  1.248  -60.868  5.191 0.4000000060
8871  1.628  -62.826  4.503 0.4000000060
945  0.660  -81.685  16.590 0.3000000119
12822  -2.415  -56.702  9.925 0.3000000119
12118  -2.553  -58.024  8.839 0.4000000060
12130  -1.744  -58.453  8.328 0.4000000060
12117  -1.375  -57.862  9.025 0.3000000119
12129  -0.709  -58.601  8.426 0.4000000060
11431  -0.873  -58.908  7.572 0.4000000060
11447  0.354  -59.222  6.919 0.4000000060
745  0.516  -82.144  15.789 0.2000000030
13505  -1.346  -56.166  10.151 0.3000000119
9475  1.816  -61.661  4.685 0.4000000060
13507  -3.646  -56.258  10.819 0.3000000119
9492  2.389  -62.292  4.311 0.4000000060
14144  -3.277  -55.494  12.326 0.3000000119
12821  -0.868  -56.947  10.069 0.3000000119
122373  -2.467  -54.446  12.089 0.3000000119
123635  -1.526  -55.317  10.637 0.3000000119
13463  -0.753  -56.275  13.657 0.3000000119
121619  0.092  -58.863  8.732 0.3000000119
111853  -1.979  -54.379  13.271 0.3000000119
14118  -1.584  -55.239  13.539 0.3000000119
16146  -1.109  -52.904  12.512 0.3000000119
15500  -0.745  -53.435  11.866 0.3000000119
15501  -1.434  -53.530  12.328 0.3000000119
14117  -1.396  -54.402  14.104 0.3000000119
13438  -0.750  -55.294  14.275 0.3000000119
14838  -1.532  -54.081  11.866 0.3000000119
13437  0.047  -56.096  14.458 0.4000000060
122304  -1.126  -52.626  13.782 0.3000000119
15444  -1.067  -53.096  14.322 0.3000000119
14097  -0.998  -54.422  15.073 0.3000000119
14086  -0.534  -55.098  15.581 0.3000000119
13419  0.218  -55.877  15.902 0.3000000119
14747  -1.509  -53.628  16.777 0.2000000030
14067  -0.860  -54.852  16.661 0.3000000119
14050  -0.784  -55.143  17.864 0.2000000030
10849  -2.842  -58.983  48.963 0.1000000015
11572  -2.775  -57.917  48.740 0.1000000015
15993  2.911  -52.247  25.776 0.3000000119
15994  2.414  -52.135  26.150 0.3000000119
16673  2.589  -51.505  25.642 0.3000000119
14453  -1.771  -54.770  37.758 0.5000000000
13727  -0.151  -55.142  39.395 0.5000000000
14436  -1.518  -54.579  38.674 0.5000000000
14437  -2.477  -54.147  38.535 0.5000000000
15135  -2.902  -53.387  39.092 0.5000000000
19676  -2.622  -48.304  17.595 0.3000000119
116364  0.768  -52.816  41.809 0.4000000060
14389  -0.791  -53.509  41.566 0.4000000060
14417  -0.925  -54.401  40.718 0.5000000000
15798  2.575  -52.407  39.924 0.3000000119
15110  2.441  -52.874  40.574 0.4000000060
15786  -0.643  -52.918  41.189 0.4000000060
15093  -1.187  -53.287  40.986 0.4000000060
14418  -1.588  -53.970  40.375 0.5000000000
15090  2.381  -53.273  41.532 0.3000000119
15802  -1.350  -52.730  40.647 0.5000000000
15111  -1.756  -53.307  40.390 0.5000000000
15134  -2.101  -53.830  39.574 0.5000000000
15112  -2.557  -53.044  39.768 0.5000000000
16491  2.407  -51.857  39.639 0.4000000060
15799  1.815  -52.454  40.295 0.4000000060
16506  2.849  -50.955  39.317 0.5000000000
16493  0.417  -51.805  39.568 0.5000000000
19677  -3.242  -47.859  17.533 0.3000000119
18921  -1.808  -48.473  16.909 0.3000000119
18946  -0.643  -48.216  15.795 0.3000000119
20514  -1.062  -47.503  15.898 0.3000000119
16505  3.452  -51.174  39.016 0.4000000060
17170  3.256  -50.378  39.142 0.5000000000
124974  2.411  -50.489  39.183 0.5000000000
17909  2.756  -49.344  39.064 0.5000000000
18663  2.183  -48.951  38.731 0.5000000000
18945  -0.058  -48.597  16.035 0.3000000119
19714  1.160  -48.091  15.536 0.3000000119
19715  0.252  -48.189  15.641 0.3000000119
20513  -0.188  -47.568  15.471 0.3000000119
19727  0.618  -47.271  15.403 0.3000000119
118028  3.530  -49.746  39.083 0.5000000000
18662  3.018  -48.753  38.945 0.5000000000
18671  3.674  -48.248  38.829 0.5000000000
114975  2.420  -48.387  38.538 0.5000000000
121976  -2.238  -46.274  32.784 0.2000000030
18670  4.397  -47.845  38.650 0.5000000000
24472  1.661  -42.496  31.606 0.2000000030
21926  -0.058  -43.695  32.462 0.2000000030
24471  2.137  -41.464  32.188 0.2000000030
22184  1.590  -44.666  16.529 0.3000000119
22154  2.445  -44.461  17.399 0.3000000119
22130  2.319  -44.342  18.230 0.3000000119
22204  2.241  -44.323  16.116 0.3000000119
22982  3.205  -44.017  17.952 0.3000000119
22966  2.692  -43.957  18.447 0.3000000119
126283  2.048  -41.785  17.510 0.3000000119
117551  3.154  -43.336  18.257 0.3000000119
24722  2.847  -42.221  17.855 0.3000000119
22981  4.132  -43.305  17.936 0.3000000119
120714  3.863  -42.624  18.065 0.3000000119
24721  4.319  -41.937  17.946 0.3000000119
24742  2.252  -41.402  17.088 0.3000000119
25605  4.750  -41.506  17.773 0.3000000119
25620  2.784  -40.748  16.740 0.3000000119
26487  3.375  -39.938  16.333 0.3000000119
25619  3.950  -40.920  17.118 0.3000000119
26486  4.456  -40.032  16.610 0.3000000119
26505  3.890  -39.046  15.814 0.3000000119
25618  5.068  -40.941  17.433 0.3000000119
111015  5.003  -39.190  16.255 0.3000000119
27315  4.585  -38.133  15.654 0.4000000060
27314  5.557  -38.241  15.994 0.4000000060
33418  19.764  -30.627  26.412 0.1000000015
127872  19.606  -30.616  25.987 0.1000000015
35221  18.530  -29.671  25.353 0.1000000015
14713  -1.124  -53.625  18.975 0.2000000030
23581  1.261  -42.257  32.364 0.2000000030
20409  19.486  -46.437  22.952 0.4000000060
27328  3.766  -38.052  15.534 0.5000000000
16494  -0.542  -51.780  39.590 0.5000000000
16495  -1.413  -52.149  40.026 0.5000000000
418  15.608  -83.143  28.518 0.4000000060
10042  -2.497  -61.304  8.294 0.4000000060
14435  -0.660  -54.927  38.720 0.5000000000
8863  -1.665  -63.392  6.781 0.4000000060
9476  0.908  -62.133  5.135 0.5000000000
9462  0.193  -61.650  5.811 0.4000000060
9454  -1.701  -62.056  7.218 0.4000000060
10767  -0.135  -60.038  6.387 0.4000000060
15460  -1.706  -53.556  13.299 0.3000000119
121146  -1.229  -54.499  39.607 0.5000000000
15784  1.033  -52.618  41.050 0.4000000060
15800  0.766  -52.298  40.355 0.4000000060
24741  3.292  -41.620  17.489 0.3000000119
116398  5.568  -40.240  17.028 0.3000000119
34345  18.856  -30.594  26.224 0.1000000015
1851  -4.480  -76.546  30.701 0.3000000119
1863  -4.077  -77.706  30.445 0.2000000030
3208  -5.389  -73.605  21.069 0.3000000119
3552  -5.715  -72.621  20.599 0.3000000119
116073  -5.013  -79.213  28.643 0.2000000030
123707  -4.265  -78.890  29.166 0.2000000030
108648  -3.840  -79.701  28.837 0.2000000030
1629  -7.003  -78.733  24.397 0.3000000119
1642  -6.639  -79.318  23.707 0.2000000030
109283  -6.202  -80.200  24.313 0.2000000030
1641  -5.826  -79.800  23.633 0.2000000030
120827  -5.338  -77.151  22.601 0.2000000030
2892  -5.139  -74.517  21.601 0.2000000030
110272  -4.135  -75.216  22.080 0.2000000030
3537  -4.223  -73.053  21.078 0.2000000030
123044  -4.834  -70.318  20.110 0.3000000119
123770  -4.725  -79.778  28.515 0.2000000030
2891  -3.692  -74.449  21.832 0.2000000030
4411  -4.690  -71.036  20.325 0.2000000030
2235  -4.435  -76.204  22.428 0.2000000030
130749  -4.265  -80.426  25.671 0.2000000030
109135  -3.978  -80.376  26.409 0.2000000030
123706  -4.269  -80.322  27.521 0.2000000030
5475  -6.859  -68.395  19.617 0.3000000119
1716  -2.152  -78.542  16.415 0.2000000030
4464  7.736  -70.965  16.263 0.5000000000
4010  8.231  -71.651  16.448 0.5000000000
2975  8.162  -74.017  14.759 0.5000000000
2976  7.635  -74.480  15.217 0.5000000000
2965  7.642  -74.209  16.154 0.5000000000
3257  8.394  -72.926  16.227 0.5000000000
3632  9.050  -72.793  14.767 0.4000000060
116097  8.916  -72.933  13.935 0.4000000060
3649  9.300  -72.309  14.080 0.4000000060
4051  9.452  -71.780  13.321 0.2000000030
5521  7.062  -68.589  14.679 0.4000000060
6764  7.234  -67.295  14.210 0.3000000119
4973  6.982  -69.692  15.259 0.5000000000
6128  7.636  -67.853  14.718 0.4000000060
5520  7.768  -68.616  15.182 0.5000000000
4477  7.422  -70.209  15.769 0.5000000000
4971  8.835  -69.483  15.671 0.5000000000
4463  8.571  -70.962  16.076 0.5000000000
4009  8.798  -71.524  16.124 0.5000000000
4019  9.589  -71.133  15.133 0.5000000000
3614  8.991  -72.530  15.641 0.5000000000
3290  8.533  -73.354  13.458 0.4000000060
4493  9.893  -70.737  14.400 0.4000000060
3631  9.441  -72.058  15.010 0.5000000000
3295  8.412  -73.193  12.646 0.2000000030
3650  8.975  -72.636  13.143 0.2000000030
3665  9.204  -72.008  12.431 0.2000000030
4065  9.568  -71.051  12.580 0.1000000015
4077  9.204  -71.423  11.691 0.2000000030
4549  9.443  -70.480  11.669 0.1000000015
4098  9.029  -70.808  10.943 0.1000000015
5037  9.066  -69.172  10.568 0.1000000015
5585  9.324  -68.492  10.454 0.1000000015
13726  0.093  -55.241  40.469 0.4000000060
6774  6.511  -66.800  13.338 0.3000000119
131375  7.241  -66.478  13.821 0.3000000119
6763  7.880  -66.956  14.491 0.3000000119
5519  8.565  -68.741  15.478 0.5000000000
6127  8.504  -67.475  14.925 0.3000000119
5518  9.341  -68.808  15.436 0.5000000000
4474  9.914  -69.680  15.135 0.5000000000
127769  9.594  -68.217  15.109 0.4000000060
5533  9.956  -68.850  15.130 0.4000000060
6761  9.519  -66.357  14.573 0.3000000119
5563  10.450  -68.966  13.398 0.1000000015
4514  9.798  -70.999  13.570 0.3000000119
3679  8.821  -72.271  11.695 0.2000000030
115572  10.404  -68.367  12.519 0.1000000015
4530  10.159  -69.780  13.204 0.1000000015
3710  7.788  -72.379  10.183 0.2000000030
3694  8.241  -72.564  10.975 0.2000000030
4078  8.763  -71.724  10.961 0.2000000030
5577  10.090  -68.197  11.554 0.1000000015
5564  9.933  -68.750  11.803 0.1000000015
4531  9.806  -70.087  12.405 0.1000000015
3044  4.713  -74.873  7.788 0.1000000015
5023  9.599  -69.461  11.553 0.1000000015
4566  8.732  -70.064  10.325 0.1000000015
5045  8.880  -68.609  9.877 0.1000000015
6175  10.289  -67.543  10.301 0.1000000015
2066  6.184  -77.221  5.649 0.1000000015
2376  7.084  -77.077  6.319 0.1000000015
2715  6.392  -76.269  6.366 0.1000000015
5046  8.430  -69.306  9.626 0.1000000015
5594  8.996  -68.220  9.310 0.1000000015
6200  9.468  -67.753  8.940 0.1000000015
6184  10.197  -67.413  9.395 0.1000000015
6199  10.196  -67.297  8.457 0.1000000015
2380  5.449  -76.748  4.894 0.1000000015
6792  5.989  -66.054  12.295 0.2000000030
6775  6.018  -66.739  12.825 0.4000000060
7513  7.516  -65.169  13.070 0.3000000119
115037  6.579  -66.180  13.072 0.3000000119
7469  8.791  -65.847  14.405 0.3000000119
5549  10.398  -68.591  14.395 0.1000000015
127954  10.001  -67.933  14.717 0.3000000119
109430  10.562  -68.179  13.542 0.1000000015
6760  10.231  -66.018  14.278 0.3000000119
118029  10.462  -67.567  14.132 0.2000000030
6153  10.661  -67.709  12.091 0.1000000015
130649  8.330  -71.941  10.390 0.1000000015
109386  8.447  -71.061  10.180 0.1000000015
6791  11.632  -66.519  12.565 0.1000000015
3712  6.533  -72.858  9.184 0.1000000015
116028  7.415  -72.293  9.466 0.1000000015
4578  7.846  -70.884  9.242 0.1000000015
6163  11.343  -67.107  11.713 0.1000000015
5578  9.581  -68.652  11.122 0.1000000015
3354  5.190  -74.376  7.250 0.1000000015
3341  5.589  -73.513  8.571 0.1000000015
3729  6.370  -72.761  8.281 0.1000000015
3728  6.991  -71.994  7.951 0.1000000015
4118  7.400  -71.379  8.519 0.1000000015
4600  7.554  -70.445  8.333 0.1000000015
4577  8.277  -70.209  9.663 0.1000000015
6174  11.146  -67.182  10.716 0.1000000015
6183  11.027  -67.087  9.842 0.1000000015
2716  5.281  -75.608  6.013 0.1000000015
3053  5.033  -75.015  6.479 0.1000000015
4151  7.202  -71.094  7.733 0.1000000015
4618  7.371  -70.247  7.458 0.1000000015
120712  8.074  -69.060  8.740 0.1000000015
5613  8.346  -68.606  8.469 0.1000000015
5612  8.845  -68.196  8.599 0.1000000015
114124  10.970  -66.963  8.958 0.1000000015
131454  5.297  -76.179  5.175 0.1000000015
5622  8.568  -68.339  7.738 0.1000000015
6214  9.465  -67.737  7.863 0.1000000015
6198  11.649  -66.629  8.448 0.1000000015
2734  5.347  -75.885  4.306 0.1000000015
6213  10.386  -67.121  7.511 0.1000000015
6879  11.349  -66.589  7.427 0.1000000015
6808  5.310  -66.335  11.680 0.3000000119
7532  6.396  -65.372  11.870 0.2000000030
7493  7.981  -65.582  13.845 0.3000000119
7468  9.563  -65.558  14.294 0.3000000119
7467  10.199  -65.249  13.981 0.2000000030
6773  10.699  -66.592  13.852 0.2000000030
125157  11.999  -66.802  10.983 0.1000000015
3364  5.379  -74.352  6.190 0.1000000015
3353  5.705  -73.491  7.778 0.1000000015
3738  6.405  -72.602  7.512 0.1000000015
6807  12.175  -66.485  11.731 0.1000000015
6835  11.922  -66.705  9.466 0.1000000015
2717  5.120  -75.519  5.311 0.1000000015
113859  5.981  -73.335  6.823 0.1000000015
4152  6.801  -71.734  7.256 0.1000000015
4166  6.994  -70.923  6.950 0.1000000015
5066  7.694  -69.491  8.025 0.1000000015
6226  9.887  -67.519  6.758 0.1000000015
112884  4.957  -75.008  5.354 0.1000000015
3363  5.926  -73.439  5.751 0.1000000015
3751  6.377  -72.499  6.170 0.1000000015
3765  6.206  -72.602  5.166 0.1000000015
8245  5.440  -64.505  6.207 0.2000000030
17169  3.826  -50.434  38.815 0.4000000060
8862  6.012  -63.910  5.402 0.2000000030
8262  4.835  -63.823  3.967 0.3000000119
8881  4.531  -63.204  3.491 0.3000000119
7651  3.433  -64.755  3.759 0.3000000119
119394  5.105  -48.457  38.313 0.4000000060
17191  4.618  -50.628  38.080 0.3000000119
17907  4.300  -49.633  38.656 0.4000000060
17920  5.127  -49.892  37.951 0.3000000119
17209  6.177  -50.350  37.165 0.2000000030
10780  1.667  -60.359  5.405 0.3000000119
17954  7.396  -49.422  36.105 0.1000000015
18708  7.242  -48.710  36.385 0.2000000030
18707  7.862  -48.680  35.765 0.1000000015
19467  8.633  -47.499  35.082 0.2000000030
114141  -6.596  -55.215  20.177 0.1000000015
124363  -6.545  -55.398  19.317 0.2000000030
128958  -6.088  -54.951  25.188 0.1000000015
16013  -5.699  -52.598  23.319 0.3000000119
14661  -5.979  -54.043  24.029 0.1000000015
15337  -5.906  -53.084  22.852 0.1000000015
127246  -6.186  -54.554  23.655 0.1000000015
111023  -6.537  -54.652  20.848 0.1000000015
111881  -5.738  -52.523  27.108 0.1000000015
15977  -5.943  -52.795  26.222 0.1000000015
16636  -5.379  -51.613  28.463 0.1000000015
17309  -5.581  -50.893  27.998 0.2000000030
112217  -3.697  -45.876  31.044 0.1000000015
122615  -4.532  -48.156  29.930 0.1000000015
21151  -3.036  -45.182  30.737 0.1000000015
115510  -4.514  -45.788  30.403 0.1000000015
21955  -4.375  -44.837  30.774 0.2000000030
124991  -4.126  -44.327  31.084 0.1000000015
22789  -4.482  -43.238  30.056 0.3000000119
24517  -3.062  -40.603  30.085 0.1000000015
23611  -4.031  -42.681  31.057 0.2000000030
25435  -2.461  -40.153  29.624 0.1000000015
131561  -3.504  -41.130  30.265 0.1000000015
23630  -4.301  -42.296  29.922 0.2000000030
24533  -3.708  -40.577  29.413 0.2000000030
27150  -1.816  -37.939  27.816 0.1000000015
25436  -3.177  -39.892  29.398 0.1000000015
27166  -1.249  -37.505  27.351 0.1000000015
27130  -2.160  -38.428  28.346 0.2000000030
111115  -3.223  -39.302  28.926 0.1000000015
123965  18.264  -48.657  24.317 0.1000000015
110331  17.420  -47.443  24.553 0.2000000030
20363  17.635  -46.341  25.065 0.2000000030
28835  1.888  -36.491  25.281 0.1000000015
28836  0.752  -36.314  25.734 0.1000000015
27977  -0.125  -36.531  26.212 0.2000000030
28851  2.540  -36.141  24.693 0.1000000015
129514  -0.082  -36.014  25.776 0.1000000015
28824  -1.335  -36.314  26.271 0.2000000030
111005  19.359  -48.706  24.470 0.1000000015
18834  21.689  -48.441  25.744 0.1000000015
28870  3.433  -35.812  24.282 0.1000000015
30640  2.745  -33.493  22.548 0.2000000030
21143  21.693  -45.776  30.710 0.1000000015
21945  21.907  -45.025  31.018 0.1000000015
18065  19.688  -49.914  26.575 0.1000000015
19551  20.881  -48.233  28.769 0.1000000015
20317  21.705  -46.775  29.577 0.1000000015
21142  22.181  -45.236  30.248 0.1000000015
18795  20.624  -48.767  27.835 0.1000000015
115960  21.407  -48.091  27.883 0.1000000015
18810  21.265  -48.469  27.252 0.1000000015
124327  22.067  -47.410  27.800 0.1000000015
18063  21.111  -48.974  25.956 0.1000000015
20323  22.534  -46.561  28.126 0.1000000015
124211  22.650  -47.002  27.346 0.1000000015
20349  23.098  -47.022  26.600 0.1000000015
21976  23.781  -44.850  27.652 0.2000000030
28900  6.104  -35.840  22.314 0.1000000015
28887  5.851  -35.668  22.821 0.1000000015
30626  3.527  -34.227  23.057 0.2000000030
22770  22.266  -43.566  30.670 0.1000000015
21155  22.424  -45.473  29.434 0.1000000015
23591  22.230  -42.693  30.778 0.1000000015
21958  23.063  -44.094  29.244 0.1000000015
21967  23.379  -44.442  28.415 0.2000000030
23633  23.622  -42.668  28.836 0.2000000030
29779  4.467  -34.073  21.565 0.3000000119
29778  5.145  -34.769  22.056 0.2000000030
117846  22.612  -43.127  30.221 0.1000000015
28901  5.365  -35.299  21.815 0.2000000030
29787  4.751  -34.681  21.313 0.2000000030
28911  5.481  -36.160  21.356 0.1000000015
26484  7.237  -39.913  16.932 0.3000000119
27312  7.868  -38.950  16.633 0.3000000119
27313  6.613  -38.508  16.428 0.3000000119
115551  8.753  -39.557  16.370 0.3000000119
127244  8.769  -38.768  16.507 0.3000000119
130008  9.471  -39.232  15.963 0.3000000119
26481  9.325  -38.977  16.211 0.3000000119
29804  10.535  -34.751  18.817 0.2000000030
108860  -6.927  -79.012  25.366 0.2000000030
1627  -5.238  -80.291  24.181 0.2000000030
111640  -4.929  -78.133  22.974 0.2000000030
2224  -6.188  -77.884  22.808 0.3000000119
2236  -6.013  -76.333  22.365 0.3000000119
120346  -5.806  -52.038  25.275 0.1000000015
18807  -4.912  -48.298  28.938 0.2000000030
30657  3.623  -33.416  21.008 0.3000000119
18844  22.340  -47.781  25.018 0.1000000015
22799  23.829  -43.913  27.861 0.2000000030
30627  2.516  -34.082  23.538 0.2000000030
113397  3.205  -34.848  23.847 0.1000000015
128020  23.525  -46.415  26.768 0.2000000030
8223  5.118  -65.016  8.699 0.2000000030
110884  5.043  -64.888  6.892 0.2000000030
8870  5.621  -63.543  4.454 0.3000000119
8882  3.899  -63.187  3.365 0.3000000119
15350  -6.258  -53.836  22.326 0.1000000015
129179  -1.951  -37.384  27.396 0.2000000030
18846  21.407  -48.029  24.659 0.4000000060
25471  13.198  -40.355  26.137 0.1000000015
27255  4.817  -37.925  19.917 0.1000000015
28959  14.835  -36.769  16.196 0.1000000015
28960  13.811  -36.428  16.322 0.1000000015
29836  14.467  -35.808  15.795 0.2000000030
2371  7.452  -76.361  7.035 0.1000000015
125034  7.157  -72.212  8.717 0.1000000015
13741  1.050  -56.327  39.166 0.4000000060
17941  5.636  -49.211  37.684 0.2000000030
124801  19.167  -47.901  24.316 0.1000000015
18082  20.719  -48.732  24.814 0.1000000015
27327  9.742  -38.634  15.797 0.3000000119
118407  0.517  -55.747  39.544 0.4000000060
26485  6.106  -39.451  16.673 0.3000000119
2223  -3.982  -77.217  22.826 0.2000000030
117034  8.568  -73.380  15.376 0.5000000000
123421  9.895  -70.458  13.104 0.2000000030
115408  8.995  -70.254  15.731 0.5000000000
4513  10.107  -70.277  13.825 0.2000000030
4982  10.239  -69.296  14.801 0.2000000030
6185  9.509  -67.985  9.880 0.1000000015
13725  0.734  -56.105  40.258 0.4000000060
6164  10.485  -67.645  11.191 0.1000000015
6137  11.107  -66.750  13.124 0.1000000015
15320  -5.828  -53.268  23.674 0.1000000015
14678  -6.071  -53.877  23.252 0.1000000015
117469  -6.405  -54.773  22.164 0.1000000015
21954  -3.578  -44.379  31.052 0.1000000015
20312  -3.029  -46.688  30.936 0.1000000015
21153  -4.200  -45.633  30.998 0.1000000015
20313  -4.140  -46.633  30.982 0.1000000015
118197  -3.291  -42.735  31.296 0.1000000015
23628  -3.030  -41.271  31.060 0.1000000015
26298  -1.973  -38.965  28.833 0.2000000030
27149  -0.736  -38.367  27.621 0.1000000015
122083  18.171  -48.001  24.267 0.1000000015
116274  20.014  -49.147  24.779 0.1000000015
27990  2.496  -36.986  24.821 0.1000000015
28007  2.964  -36.893  24.267 0.1000000015
27975  1.433  -37.237  25.693 0.1000000015
27976  0.803  -37.051  26.164 0.1000000015
18064  20.420  -49.497  26.217 0.1000000015
18824  21.482  -48.498  26.529 0.1000000015
18823  22.052  -48.015  26.293 0.1000000015
119147  22.377  -47.489  26.857 0.1000000015
18833  22.231  -47.948  25.568 0.1000000015
29737  4.032  -35.091  23.562 0.2000000030
28869  4.449  -35.844  23.817 0.1000000015
129424  21.605  -44.879  31.673 0.1000000015
21156  21.939  -46.005  29.907 0.1000000015
19543  21.375  -47.488  29.221 0.1000000015
20324  21.936  -47.025  28.727 0.1000000015
20316  22.213  -46.266  29.083 0.1000000015
20334  23.088  -46.480  27.346 0.1000000015
21163  22.711  -45.751  28.614 0.1000000015
21968  22.896  -44.943  28.948 0.1000000015
21173  23.579  -45.768  27.328 0.1000000015
21162  23.246  -45.300  28.163 0.1000000015
28885  6.778  -36.488  22.359 0.1000000015
128554  5.583  -35.348  22.391 0.1000000015
29756  5.329  -35.208  22.730 0.2000000030
21944  22.273  -44.407  30.507 0.1000000015
21959  22.606  -44.657  29.750 0.1000000015
22782  22.673  -43.825  30.001 0.1000000015
22781  23.090  -43.134  29.512 0.1000000015
22792  23.491  -43.539  28.662 0.1000000015
1038  -1.471  -80.299  36.682 0.2000000030
114856  -1.770  -79.826  36.018 0.2000000030
1309  -1.860  -79.235  36.328 0.2000000030
1426  -1.070  -80.681  17.726 0.1000000015
118009  -1.844  -79.590  17.058 0.1000000015
1717  -3.928  -79.222  16.215 0.1000000015
1445  -3.378  -80.340  16.231 0.1000000015
1436  -2.703  -79.666  16.408 0.1000000015
117310  7.964  -66.055  29.061 0.1000000015
7238  8.182  -64.891  29.466 0.1000000015
126509  -5.061  -78.413  15.421 0.1000000015
1991  -3.415  -78.407  15.800 0.1000000015
121575  -3.166  -79.236  16.138 0.1000000015
120357  -2.631  -80.626  16.395 0.1000000015
7255  9.497  -65.657  28.904 0.1000000015
7236  9.998  -65.164  29.396 0.1000000015
7931  8.739  -64.280  29.792 0.1000000015
8530  8.050  -63.682  31.013 0.1000000015
4914  -5.053  -69.313  19.852 0.2000000030
5474  -5.841  -68.652  19.642 0.2000000030
7388  -6.811  -65.467  20.002 0.2000000030
121722  -6.330  -64.673  20.181 0.2000000030
8056  -5.343  -64.086  20.642 0.1000000015
13700  0.163  -54.361  42.427 0.3000000119
13699  0.796  -55.157  42.530 0.2000000030
13714  0.710  -55.992  41.337 0.2000000030
13086  1.051  -56.718  40.701 0.2000000030
13715  0.377  -55.292  41.468 0.2000000030
113081  1.188  -55.458  43.057 0.2000000030
13054  1.095  -56.131  43.207 0.2000000030
111465  0.583  -57.228  42.200 0.2000000030
12350  0.074  -57.486  42.569 0.2000000030
14387  0.640  -54.017  42.944 0.3000000119
113930  0.826  -56.905  42.234 0.2000000030
113896  1.416  -53.023  42.159 0.2000000030
14388  -0.267  -53.767  42.266 0.3000000119
14400  -0.374  -54.446  41.697 0.3000000119
13674  2.119  -55.661  44.264 0.2000000030
13685  1.960  -55.156  43.756 0.2000000030
15091  1.645  -52.825  41.264 0.3000000119
14386  2.768  -53.912  42.197 0.2000000030
13684  2.606  -54.834  43.427 0.2000000030
13683  3.246  -54.647  42.752 0.2000000030
14372  1.897  -53.995  43.113 0.2000000030
110300  1.566  -54.715  43.211 0.2000000030
15817  3.909  -52.132  38.844 0.2000000030
15133  3.625  -52.727  39.299 0.2000000030
15797  3.053  -52.817  39.877 0.2000000030
16504  4.225  -51.406  38.386 0.2000000030
15818  3.102  -51.964  39.444 0.3000000119
16526  5.075  -51.516  37.745 0.1000000015
18788  11.526  -48.409  29.917 0.1000000015
19552  11.571  -47.333  28.791 0.1000000015
18037  11.900  -49.441  27.954 0.1000000015
16687  2.273  -50.799  25.526 0.2000000030
21175  11.763  -45.761  27.358 0.1000000015
18883  1.953  -48.566  21.661 0.2000000030
17367  2.531  -49.619  22.850 0.2000000030
125758  2.768  -50.009  23.330 0.2000000030
119297  2.362  -50.246  24.698 0.2000000030
16686  2.767  -50.875  24.953 0.2000000030
18128  2.016  -50.245  19.387 0.2000000030
17402  2.652  -50.471  19.838 0.2000000030
17385  2.050  -49.834  21.135 0.2000000030
18106  1.249  -49.244  21.069 0.2000000030
111222  4.097  -50.684  20.745 0.2000000030
17384  2.628  -50.221  20.734 0.2000000030
17375  2.402  -49.603  21.906 0.2000000030
18105  1.884  -49.410  21.405 0.2000000030
17373  3.360  -50.299  21.182 0.2000000030
17366  2.766  -49.884  22.427 0.2000000030
112353  4.055  -50.414  21.731 0.2000000030
17365  3.856  -50.328  22.502 0.2000000030
17356  3.188  -50.414  23.733 0.2000000030
18115  0.522  -49.519  20.432 0.2000000030
17382  4.053  -51.121  19.639 0.2000000030
17401  3.438  -50.756  19.222 0.2000000030
17372  4.760  -50.832  21.416 0.2000000030
131815  5.068  -50.000  18.108 0.2000000030
18140  4.656  -49.761  17.890 0.2000000030
18917  3.832  -49.617  17.640 0.2000000030
18930  3.284  -48.811  17.286 0.2000000030
18138  6.188  -49.589  18.533 0.2000000030
17413  3.726  -50.507  18.161 0.2000000030
18150  1.851  -49.594  17.688 0.2000000030
18151  0.779  -49.445  17.736 0.2000000030
17399  5.026  -51.293  18.608 0.2000000030
17412  4.603  -50.552  18.123 0.2000000030
18141  2.324  -50.095  18.258 0.2000000030
18129  0.548  -49.942  19.520 0.2000000030
17414  2.866  -50.350  18.818 0.2000000030
18139  5.475  -49.266  18.239 0.2000000030
18916  4.805  -48.787  17.900 0.2000000030
18913  7.441  -48.310  19.150 0.2000000030
18929  4.193  -48.420  17.559 0.2000000030
18932  1.411  -48.954  17.027 0.2000000030
18931  2.366  -48.954  17.106 0.2000000030
18933  -0.116  -48.966  17.056 0.2000000030
18903  -1.648  -48.866  18.011 0.2000000030
18914  6.432  -48.489  18.671 0.2000000030
19675  4.915  -47.915  17.896 0.2000000030
19692  2.803  -48.182  16.842 0.2000000030
18943  1.839  -48.433  16.432 0.2000000030
114442  0.607  -48.870  16.843 0.2000000030
20462  6.879  -46.669  18.532 0.2000000030
112758  4.922  -47.240  17.620 0.2000000030
20487  4.171  -47.128  17.046 0.2000000030
20511  2.640  -46.961  15.679 0.2000000030
20512  1.512  -47.204  15.238 0.2000000030
120315  7.614  -46.869  18.919 0.2000000030
19674  5.566  -47.372  18.068 0.2000000030
19690  4.398  -47.713  17.515 0.2000000030
19712  3.220  -47.432  16.566 0.2000000030
20485  6.359  -46.173  17.959 0.2000000030
126340  5.227  -46.095  16.816 0.2000000030
20510  3.620  -46.627  16.160 0.2000000030
119066  0.153  -46.563  15.607 0.2000000030
20509  4.464  -46.352  16.494 0.2000000030
20525  3.126  -46.183  15.028 0.2000000030
21384  0.752  -45.243  13.167 0.2000000030
22206  -0.255  -44.621  14.201 0.2000000030
21368  3.561  -45.450  14.351 0.2000000030
21382  2.982  -44.970  13.518 0.2000000030
20524  4.039  -45.944  15.495 0.2000000030
22222  0.502  -44.639  13.766 0.2000000030
21381  3.955  -44.915  14.128 0.2000000030
22221  2.443  -44.636  13.510 0.2000000030
23048  1.874  -44.375  14.030 0.2000000030
22202  5.636  -44.666  14.792 0.2000000030
23047  3.016  -43.949  14.322 0.2000000030
23031  2.405  -43.890  15.033 0.2000000030
23009  3.028  -44.048  16.695 0.2000000030
22220  3.450  -44.430  13.911 0.2000000030
23030  3.364  -43.592  15.463 0.2000000030
23008  3.848  -43.701  17.104 0.2000000030
23046  4.899  -43.524  14.086 0.2000000030
23907  4.466  -43.022  14.307 0.2000000030
23029  4.111  -43.237  15.952 0.2000000030
120758  4.511  -42.826  15.182 0.2000000030
23060  4.992  -42.863  13.858 0.2000000030
23891  3.861  -43.300  14.775 0.2000000030
23007  4.437  -43.317  17.243 0.2000000030
23871  4.877  -42.875  17.662 0.2000000030
23890  4.834  -42.943  16.605 0.2000000030
23870  5.565  -42.576  17.234 0.2000000030
23919  5.449  -42.525  13.848 0.2000000030
117001  5.724  -42.230  15.303 0.2000000030
24766  6.176  -42.288  16.662 0.2000000030
24720  4.957  -42.054  18.109 0.2000000030
24719  5.467  -41.759  17.926 0.2000000030
23851  5.374  -42.381  17.956 0.2000000030
24779  5.885  -42.037  14.283 0.2000000030
120288  6.526  -41.878  15.818 0.2000000030
25617  6.016  -41.248  17.602 0.2000000030
24778  6.788  -41.317  14.600 0.2000000030
24739  6.820  -41.772  16.965 0.2000000030
111428  6.589  -40.620  17.240 0.2000000030
25615  7.926  -40.808  16.433 0.2000000030
26483  8.019  -40.211  16.580 0.2000000030
25639  8.568  -40.308  16.118 0.2000000030
29001  10.210  -36.805  13.362 0.2000000030
29031  11.598  -37.001  12.109 0.2000000030
128238  10.683  -35.497  13.230 0.2000000030
29874  10.444  -34.970  14.021 0.2000000030
28176  12.849  -37.682  11.455 0.2000000030
29016  11.817  -36.079  12.213 0.2000000030
29887  11.490  -35.236  12.583 0.2000000030
29899  13.135  -35.890  11.314 0.2000000030
28175  13.517  -37.311  11.602 0.1000000015
30773  11.610  -34.073  12.656 0.2000000030
29898  13.772  -35.952  11.301 0.2000000030
30785  13.136  -34.986  11.516 0.2000000030
30784  13.971  -34.768  11.287 0.2000000030
115903  13.569  -34.125  11.488 0.1000000015
111606  14.144  -35.271  11.383 0.2000000030
30794  14.328  -33.953  11.402 0.1000000015
126276  14.911  -33.784  11.451 0.1000000015
31740  13.957  -33.332  11.330 0.1000000015
31738  16.072  -33.035  11.562 0.1000000015
32685  15.127  -32.831  11.003 0.1000000015
32669  17.527  -32.392  11.494 0.1000000015
115083  16.517  -32.482  11.191 0.1000000015
32683  16.149  -32.051  10.340 0.1000000015
33633  15.456  -31.777  10.121 0.1000000015
33632  16.005  -31.697  9.897 0.1000000015
34551  15.697  -31.344  9.643 0.1000000015
32682  17.020  -31.865  10.645 0.1000000015
34552  14.911  -30.933  10.020 0.1000000015
33630  17.512  -31.269  10.205 0.1000000015
34570  15.589  -30.559  9.355 0.1000000015
35428  14.907  -29.904  9.909 0.1000000015
33645  16.235  -31.218  9.396 0.1000000015
18088  2.092  -49.605  24.399 0.2000000030
111946  1.994  -48.902  24.171 0.2000000030
18884  1.030  -48.097  20.966 0.2000000030
131233  -0.828  -49.254  18.442 0.2000000030
124075  -5.240  -49.797  28.777 0.2000000030
18901  -0.217  -49.547  19.343 0.2000000030
30774  10.822  -34.526  13.257 0.2000000030
22185  0.559  -44.806  15.556 0.2000000030
28988  10.079  -36.830  14.123 0.2000000030
122155  10.549  -36.232  13.179 0.2000000030
18920  -0.944  -48.973  17.417 0.2000000030
20527  0.836  -46.538  14.372 0.2000000030
20541  -0.688  -45.894  13.656 0.2000000030
22205  1.169  -44.271  14.880 0.2000000030
26504  8.868  -39.920  15.583 0.2000000030
7256  8.555  -65.569  29.081 0.1000000015
13070  0.835  -56.298  42.014 0.2000000030
18098  2.254  -49.215  22.295 0.2000000030
113560  1.121  -50.151  20.015 0.2000000030
18114  1.319  -49.796  20.824 0.2000000030
18918  2.810  -49.583  17.583 0.2000000030
18142  1.279  -50.008  18.749 0.2000000030
18915  5.583  -48.174  18.245 0.2000000030
19672  7.089  -47.505  18.948 0.2000000030
19713  2.143  -47.802  15.933 0.2000000030
19673  6.262  -47.498  18.503 0.2000000030
20526  2.042  -46.452  14.565 0.2000000030
22218  5.229  -44.227  14.247 0.2000000030
119146  6.072  -42.395  13.535 0.2000000030
23906  5.101  -42.527  14.508 0.2000000030
24791  6.504  -41.704  13.533 0.2000000030
121116  6.628  -41.428  17.331 0.2000000030
24738  7.340  -41.342  16.245 0.2000000030
25616  7.329  -40.971  16.976 0.2000000030
25670  6.977  -41.082  13.581 0.2000000030
29030  12.454  -36.456  11.631 0.2000000030
29018  10.659  -36.798  12.770 0.2000000030
29017  11.115  -36.130  12.707 0.2000000030
110775  12.471  -37.218  11.514 0.1000000015
29029  13.184  -36.761  11.305 0.1000000015
29900  12.380  -35.579  11.874 0.2000000030
30772  12.626  -34.099  11.982 0.2000000030
30786  12.261  -34.800  12.150 0.2000000030
30783  14.512  -34.430  11.521 0.1000000015
31739  14.857  -33.558  11.389 0.1000000015
31752  14.649  -33.273  11.274 0.1000000015
31751  15.225  -33.045  11.136 0.1000000015
31723  15.414  -33.501  11.559 0.1000000015
125870  15.210  -32.287  10.567 0.1000000015
32684  15.610  -32.288  10.543 0.1000000015
32670  15.706  -32.681  10.926 0.1000000015
33631  16.630  -31.422  9.787 0.1000000015
616  4.872  -80.918  28.258 0.1000000015
130789  4.325  -81.619  27.468 0.1000000015
130891  0.599  -84.485  32.416 0.1000000015
123789  3.185  -84.247  29.543 0.1000000015
243  1.207  -84.472  32.070 0.1000000015
245  -0.535  -84.279  31.947 0.1000000015
1057  -1.869  -81.312  36.027 0.1000000015
116101  -1.337  -79.902  35.360 0.1000000015
798  -2.059  -82.245  36.481 0.1000000015
394  -1.330  -83.133  35.636 0.1000000015
122881  -1.353  -80.872  34.486 0.1000000015
1556  0.387  -78.725  33.288 0.1000000015
211  -0.842  -84.042  35.295 0.1000000015
595  -0.739  -82.559  33.727 0.1000000015
125967  -1.131  -81.328  34.123 0.1000000015
1068  0.064  -79.928  33.612 0.1000000015
1324  0.808  -79.108  33.031 0.1000000015
1565  0.433  -78.169  32.550 0.1000000015
230  -1.432  -84.169  33.777 0.1000000015
1075  -0.181  -80.460  32.773 0.1000000015
404  -1.190  -83.845  32.958 0.1000000015
1329  1.193  -79.163  32.444 0.1000000015
246  -1.076  -83.960  32.122 0.1000000015
128193  -1.185  -83.602  32.228 0.1000000015
1078  1.060  -79.792  32.010 0.1000000015
88  2.355  -85.165  28.842 0.1000000015
89  1.396  -85.380  29.162 0.1000000015
122105  1.208  -85.026  30.195 0.1000000015
252  0.663  -84.758  31.091 0.1000000015
244  0.243  -84.604  31.862 0.1000000015
117939  -0.982  -84.065  31.299 0.1000000015
121314  1.469  -79.788  31.287 0.1000000015
122332  -0.069  -84.710  30.232 0.1000000015
409  -1.015  -83.500  30.662 0.1000000015
1551  -2.395  -78.340  34.626 0.1000000015
1550  -1.420  -78.533  34.612 0.1000000015
1558  -0.945  -78.342  33.790 0.1000000015
1557  -0.174  -78.621  33.743 0.1000000015
594  -0.831  -81.330  33.098 0.1000000015
119336  -0.609  -80.579  33.346 0.1000000015
803  -0.775  -80.975  32.603 0.1000000015
1079  0.276  -80.389  32.057 0.1000000015
804  -0.410  -81.286  31.751 0.1000000015
406  -1.141  -83.672  31.458 0.1000000015
606  -0.756  -82.740  30.972 0.1000000015
270  0.023  -84.306  28.789 0.1000000015
254  -0.628  -84.069  30.460 0.1000000015
414  -0.579  -83.247  29.828 0.1000000015
115182  -0.329  -81.809  31.012 0.1000000015
1335  1.875  -79.709  30.720 0.1000000015
2962  17.825  -74.162  15.923 0.1000000015
605  -0.469  -82.209  30.163 0.1000000015
2135  -3.582  -75.645  33.229 0.2000000030
1838  -3.298  -76.824  32.551 0.1000000015
111306  -3.052  -78.213  33.037 0.1000000015
1568  -3.010  -78.556  32.295 0.1000000015
1575  -2.730  -78.567  31.463 0.1000000015
1574  -2.551  -78.591  32.310 0.1000000015
1837  -1.274  -78.051  32.184 0.1000000015
1849  -1.347  -77.893  31.097 0.1000000015
1836  -0.251  -77.806  32.400 0.1000000015
108084  -2.088  -78.923  29.457 0.1000000015
123681  -1.651  -78.819  28.403 0.1000000015
1862  -1.129  -77.889  30.118 0.1000000015
123667  -1.268  -78.015  29.174 0.1000000015
1087  -0.158  -80.976  31.246 0.1000000015
1848  -0.318  -77.602  31.570 0.1000000015
2294  17.563  -76.270  16.696 0.1000000015
2280  17.166  -76.677  17.425 0.2000000030
1086  0.245  -80.963  30.433 0.1000000015
2613  17.519  -75.359  16.749 0.1000000015
1983  17.224  -77.999  16.744 0.2000000030
116977  -0.468  -82.713  29.053 0.1000000015
612  -0.434  -82.167  29.294 0.1000000015
1085  1.178  -80.353  30.404 0.1000000015
424  -0.515  -82.634  28.177 0.1000000015
618  -0.518  -82.277  28.512 0.1000000015
3267  17.720  -73.436  15.499 0.1000000015
665  19.215  -80.438  22.848 0.1000000015
1839  -3.957  -76.713  31.592 0.1000000015
123445  18.488  -80.520  22.727 0.1000000015
1127  20.363  -79.932  22.045 0.1000000015
1133  20.826  -79.670  21.392 0.1000000015
1850  -3.819  -77.587  31.199 0.1000000015
108646  18.544  -80.442  22.182 0.1000000015
127126  19.812  -80.352  21.542 0.1000000015
131713  -3.205  -78.209  31.579 0.1000000015
1583  -3.483  -78.763  30.059 0.1000000015
108867  19.087  -80.472  21.496 0.1000000015
1146  20.766  -80.175  20.452 0.1000000015
129609  -3.048  -79.214  29.976 0.1000000015
123675  -3.309  -79.396  29.546 0.1000000015
1147  20.113  -80.454  20.154 0.1000000015
108070  -2.827  -79.230  29.827 0.1000000015
108059  19.191  -80.502  20.752 0.1000000015
108074  -2.382  -78.824  30.209 0.1000000015
108082  -1.807  -79.346  27.463 0.1000000015
118723  20.038  -80.532  18.496 0.2000000030
1176  19.350  -80.534  17.761 0.2000000030
1331  2.049  -79.075  31.247 0.1000000015
127116  20.581  -80.347  16.777 0.2000000030
1092  0.608  -80.986  29.630 0.1000000015
1211  18.861  -80.284  15.394 0.2000000030
1439  20.774  -79.924  16.549 0.2000000030
816  -0.046  -81.661  29.692 0.1000000015
1210  19.357  -80.016  15.374 0.2000000030
1091  1.410  -80.498  29.452 0.1000000015
3627  18.519  -72.694  14.354 0.1000000015
3283  18.024  -73.054  14.860 0.1000000015
1097  0.936  -81.086  28.829 0.1000000015
1377  21.753  -78.596  22.722 0.1000000015
3525  25.907  -73.084  23.316 0.1000000015
117259  21.097  -79.828  20.499 0.1000000015
1678  21.695  -79.403  19.011 0.1000000015
108629  -3.404  -79.942  28.124 0.1000000015
119217  21.080  -80.215  19.754 0.1000000015
1409  21.948  -80.395  18.512 0.1000000015
108668  -2.691  -79.472  28.835 0.1000000015
108077  -2.731  -79.911  26.098 0.1000000015
128333  19.506  -80.499  19.367 0.2000000030
1164  20.689  -80.403  19.209 0.1000000015
121617  21.732  -79.306  18.718 0.1000000015
120302  21.508  -80.480  18.186 0.2000000030
131108  22.180  -80.351  18.683 0.1000000015
108615  -2.085  -79.396  28.137 0.1000000015
126102  20.554  -80.529  17.632 0.2000000030
1198  21.352  -80.414  16.793 0.2000000030
1982  17.469  -77.201  16.782 0.2000000030
1709  17.349  -78.355  15.780 0.2000000030
1699  16.528  -78.228  17.228 0.2000000030
1209  19.840  -79.819  15.848 0.2000000030
1448  20.545  -79.667  16.237 0.2000000030
1972  16.733  -76.958  17.888 0.2000000030
1224  18.301  -80.177  14.014 0.2000000030
1456  18.702  -80.034  14.343 0.2000000030
1455  19.416  -79.479  15.015 0.2000000030
827  0.340  -81.535  28.309 0.1000000015
4061  18.610  -72.304  13.080 0.1000000015
2227  24.386  -75.955  22.029 0.1000000015
2238  23.711  -76.551  21.640 0.1000000015
3526  25.104  -73.031  22.419 0.1000000015
2881  25.331  -74.638  22.390 0.1000000015
1937  23.180  -77.273  21.224 0.1000000015
1662  21.862  -78.900  20.389 0.1000000015
4386  25.560  -71.426  22.996 0.1000000015
3939  25.309  -72.267  22.639 0.1000000015
3211  24.973  -73.678  22.236 0.1000000015
2562  22.862  -76.109  20.553 0.1000000015
128598  22.971  -77.168  20.529 0.1000000015
4368  26.352  -70.966  24.062 0.1000000015
1677  22.013  -78.725  19.844 0.1000000015
4873  26.300  -70.045  24.105 0.1000000015
1948  21.997  -78.343  19.150 0.1000000015
109134  -2.173  -79.267  25.280 0.1000000015
2264  21.384  -77.111  18.643 0.1000000015
116129  -2.841  -79.973  27.150 0.1000000015
114779  22.231  -81.073  17.770 0.2000000030
1959  21.677  -78.532  18.253 0.2000000030
1687  21.688  -79.942  18.169 0.2000000030
1428  22.319  -80.946  17.313 0.2000000030
1971  21.546  -77.649  17.575 0.2000000030
2278  21.093  -76.668  17.752 0.2000000030
1438  21.496  -80.768  16.725 0.2000000030
1981  21.685  -77.718  16.473 0.2000000030
2279  20.772  -75.842  17.777 0.2000000030
1708  21.274  -78.626  16.267 0.2000000030
112073  21.407  -76.196  16.976 0.2000000030
119131  21.717  -77.462  15.637 0.2000000030
2293  22.039  -76.652  16.054 0.2000000030
2281  16.788  -76.253  18.023 0.2000000030
119505  20.402  -78.037  14.610 0.2000000030
1732  19.537  -78.694  14.736 0.2000000030
1720  20.732  -78.904  15.779 0.2000000030
2005  21.151  -77.228  14.651 0.2000000030
1730  21.075  -78.082  14.932 0.2000000030
1993  21.592  -77.336  15.052 0.2000000030
2946  17.299  -74.423  16.602 0.1000000015
2931  17.037  -74.926  17.403 0.2000000030
128387  19.854  -71.091  11.247 0.1000000015
4060  19.308  -71.570  12.476 0.1000000015
1973  16.201  -77.580  17.938 0.2000000030
2895  24.369  -74.562  21.592 0.1000000015
2896  23.783  -74.944  21.186 0.1000000015
2243  23.394  -76.584  20.988 0.1000000015
3540  24.474  -73.126  21.981 0.1000000015
3213  23.527  -74.129  21.363 0.1000000015
2555  23.162  -75.325  20.839 0.1000000015
125559  22.322  -76.792  19.939 0.1000000015
3950  24.394  -72.339  22.002 0.1000000015
3541  23.842  -72.899  21.655 0.1000000015
126988  23.420  -73.412  21.461 0.1000000015
2903  22.873  -74.578  20.954 0.1000000015
112100  22.285  -75.200  20.530 0.1000000015
2563  21.792  -75.883  20.034 0.1000000015
1919  -2.396  -78.129  23.671 0.1000000015
4369  25.407  -70.475  22.938 0.1000000015
3940  24.733  -71.647  22.282 0.1000000015
4387  24.646  -70.909  22.235 0.1000000015
2570  21.007  -75.666  19.487 0.1000000015
124904  -2.906  -79.344  24.490 0.1000000015
2571  20.615  -75.504  18.658 0.2000000030
2911  20.697  -74.764  19.411 0.1000000015
109027  -3.416  -79.986  25.276 0.1000000015
2265  20.849  -76.247  18.391 0.2000000030
114607  23.515  -72.105  21.564 0.1000000015
3542  23.015  -72.754  21.389 0.1000000015
115038  21.841  -74.277  20.640 0.1000000015
2904  21.339  -74.980  20.081 0.1000000015
3222  21.548  -73.286  20.609 0.1000000015
3228  21.002  -74.012  20.058 0.1000000015
1920  -3.588  -78.140  23.367 0.1000000015
1639  -3.173  -79.013  23.791 0.1000000015
3254  17.245  -73.651  16.094 0.1000000015
1960  16.293  -76.742  18.381 0.2000000030
3555  22.156  -72.582  21.024 0.1000000015
108076  -3.941  -79.761  24.283 0.1000000015
2222  -2.683  -77.183  23.154 0.1000000015
3268  17.148  -73.066  15.721 0.1000000015
1961  15.603  -77.211  18.594 0.2000000030
1640  -4.648  -79.331  23.469 0.1000000015
2538  -2.444  -76.151  22.788 0.1000000015
2548  -2.422  -75.297  22.447 0.1000000015
2547  -1.844  -74.879  22.432 0.1000000015
3611  17.341  -72.771  15.122 0.1000000015
2597  16.747  -75.378  18.118 0.2000000030
2921  16.558  -74.406  18.131 0.1000000015
8206  6.453  -64.242  8.980 0.1000000015
8191  5.871  -64.949  10.199 0.1000000015
7552  5.438  -65.497  10.660 0.1000000015
8175  7.580  -64.386  11.716 0.1000000015
8177  6.111  -65.147  11.030 0.1000000015
8147  8.341  -64.836  13.394 0.1000000015
3960  -2.997  -71.533  21.066 0.1000000015
2890  -2.566  -74.419  22.101 0.1000000015
3206  -2.195  -73.453  21.855 0.1000000015
131823  -2.283  -72.643  21.586 0.1000000015
3645  18.011  -72.661  13.554 0.1000000015
115623  16.203  -75.041  18.691 0.2000000030
8860  7.238  -62.774  6.112 0.1000000015
8851  7.006  -63.563  6.752 0.1000000015
8221  6.477  -64.000  7.497 0.1000000015
7568  5.238  -65.309  9.843 0.1000000015
8205  7.111  -64.108  9.619 0.1000000015
8822  7.224  -63.846  8.599 0.1000000015
8786  8.790  -63.793  11.238 0.1000000015
8763  9.182  -63.864  12.121 0.1000000015
8159  8.728  -64.241  12.839 0.1000000015
128587  9.573  -64.978  13.971 0.2000000030
8762  10.114  -63.808  12.201 0.1000000015
7491  10.756  -64.869  13.470 0.1000000015
2549  -3.248  -75.706  22.450 0.1000000015
3536  -3.058  -72.858  21.428 0.1000000015
10748  6.215  -60.282  6.684 0.1000000015
10054  5.830  -60.930  5.925 0.1000000015
9459  5.358  -61.625  5.243 0.2000000030
9471  6.294  -62.148  4.609 0.1000000015
3236  16.095  -73.727  18.343 0.1000000015
9458  7.411  -61.849  6.124 0.1000000015
10779  6.570  -60.711  5.530 0.1000000015
9470  6.896  -61.946  5.282 0.1000000015
8868  6.719  -62.655  5.239 0.1000000015
8234  6.186  -64.057  6.571 0.1000000015
9442  8.378  -62.416  7.526 0.1000000015
9450  7.836  -62.550  6.886 0.1000000015
8850  7.624  -63.216  7.159 0.1000000015
127966  8.496  -63.343  8.622 0.1000000015
8803  9.240  -63.583  10.359 0.1000000015
8785  9.667  -63.632  11.278 0.1000000015
8820  9.785  -63.242  9.410 0.1000000015
8802  10.152  -63.391  10.402 0.1000000015
8761  11.087  -63.854  12.235 0.1000000015
120312  -3.154  -75.008  22.185 0.1000000015
3207  -3.283  -73.675  21.630 0.1000000015
123234  -3.958  -71.443  20.696 0.1000000015
4410  -3.548  -70.657  20.718 0.1000000015
4913  -3.740  -69.659  20.408 0.1000000015
9433  3.587  -62.316  9.162 0.2000000030
10030  3.307  -61.956  9.735 0.2000000030
9416  4.914  -62.351  9.693 0.2000000030
9445  3.116  -62.287  8.322 0.2000000030
9453  3.423  -62.397  7.346 0.2000000030
2932  16.829  -74.184  17.326 0.1000000015
10047  5.649  -61.355  7.049 0.2000000030
9431  5.037  -62.329  8.742 0.2000000030
9451  5.136  -62.052  6.473 0.2000000030
9460  4.587  -62.241  5.872 0.2000000030
121251  4.162  -62.253  5.302 0.2000000030
11444  7.082  -59.119  7.193 0.1000000015
10732  6.557  -59.635  7.322 0.1000000015
10046  7.988  -61.379  6.808 0.1000000015
9441  8.950  -62.389  8.161 0.1000000015
10039  8.631  -61.304  7.612 0.1000000015
8835  9.155  -63.099  8.629 0.1000000015
3551  -3.763  -72.196  20.899 0.1000000015
5458  -4.813  -68.308  20.131 0.1000000015
128438  -4.835  -67.519  20.375 0.1000000015
9417  4.040  -62.295  10.024 0.2000000030
113146  4.791  -61.776  11.232 0.2000000030
10698  3.240  -60.664  11.086 0.2000000030
10016  6.275  -61.407  9.904 0.1000000015
9474  4.068  -62.216  4.438 0.2000000030
10716  6.773  -59.964  9.052 0.1000000015
11428  6.899  -59.072  7.651 0.1000000015
10745  7.971  -59.983  7.198 0.1000000015
6032  -5.801  -66.945  19.873 0.1000000015
6669  -5.655  -66.036  20.131 0.1000000015
6013  -4.375  -66.798  20.999 0.1000000015
7387  -5.437  -65.161  20.490 0.1000000015
12802  3.918  -57.697  11.987 0.2000000030
12093  2.851  -58.521  11.543 0.2000000030
12091  4.198  -58.603  12.368 0.2000000030
11391  2.510  -60.030  10.862 0.2000000030
10020  2.778  -60.755  10.426 0.2000000030
11360  4.596  -59.528  12.641 0.2000000030
10010  4.007  -61.349  11.246 0.2000000030
118904  2.463  -61.238  8.927 0.2000000030
10009  5.524  -61.376  11.776 0.2000000030
9446  2.649  -61.926  7.441 0.2000000030
10055  2.868  -62.014  6.407 0.2000000030
10749  2.215  -60.675  6.411 0.2000000030
121149  2.376  -61.055  5.581 0.2000000030
9491  3.195  -62.407  3.943 0.2000000030
13489  3.645  -56.954  11.476 0.2000000030
12804  2.655  -57.840  11.411 0.2000000030
11392  1.827  -59.489  10.616 0.2000000030
10717  2.073  -60.538  9.085 0.2000000030
10750  1.639  -59.978  7.076 0.2000000030
10764  1.835  -60.226  5.659 0.2000000030
13500  4.068  -56.258  11.167 0.2000000030
12104  2.183  -58.357  11.296 0.2000000030
12105  1.450  -58.235  11.025 0.2000000030
11413  1.298  -59.536  9.797 0.2000000030
10735  1.477  -59.962  8.268 0.2000000030
11414  0.537  -59.002  9.584 0.2000000030
11446  0.920  -59.310  7.332 0.2000000030
13502  2.493  -56.621  10.934 0.2000000030
12818  2.047  -57.476  11.168 0.2000000030
12106  0.662  -58.089  10.577 0.2000000030
13501  3.354  -56.206  10.819 0.2000000030
13503  1.551  -56.593  10.837 0.2000000030
12819  1.093  -57.494  10.910 0.2000000030
112166  0.655  -56.226  10.582 0.2000000030
12820  0.256  -57.361  10.518 0.2000000030
14186  2.869  -54.824  9.976 0.2000000030
14172  2.467  -55.698  10.468 0.2000000030
14856  1.316  -54.320  10.379 0.2000000030
109585  1.214  -54.974  10.411 0.2000000030
15524  0.638  -53.862  10.830 0.2000000030
110406  -0.215  -55.007  10.579 0.2000000030
15525  -0.210  -53.916  11.274 0.2000000030
15443  -0.397  -52.749  14.626 0.2000000030
15407  -1.082  -53.043  16.249 0.2000000030
127582  -1.193  -52.935  17.307 0.1000000015
14051  -1.626  -54.064  17.671 0.1000000015
124395  0.598  -52.814  14.536 0.1000000015
15406  -0.554  -52.722  16.527 0.1000000015
15379  -1.076  -53.112  18.242 0.1000000015
16129  2.664  -53.008  13.645 0.1000000015
16112  1.006  -52.226  13.869 0.2000000030
110692  1.745  -53.303  14.641 0.1000000015
15405  0.543  -52.763  16.211 0.1000000015
119799  -0.220  -52.579  17.039 0.1000000015
15367  -0.432  -53.692  19.806 0.2000000030
15442  2.709  -53.635  14.212 0.1000000015
111328  1.788  -53.029  13.976 0.1000000015
118885  2.479  -53.793  14.847 0.1000000015
122169  3.426  -54.482  15.972 0.1000000015
15404  1.961  -53.285  16.326 0.1000000015
14746  2.915  -53.902  16.518 0.1000000015
15391  2.281  -53.390  17.099 0.1000000015
15376  2.065  -53.335  17.937 0.1000000015
15377  0.939  -53.048  18.437 0.1000000015
15365  1.835  -53.292  19.079 0.2000000030
111536  1.596  -53.611  20.280 0.2000000030
17968  8.605  -49.737  34.773 0.1000000015
18719  8.780  -48.867  34.598 0.1000000015
17308  -5.250  -50.705  28.892 0.1000000015
109972  -4.807  -50.011  29.440 0.1000000015
18793  -4.692  -48.783  29.677 0.1000000015
28868  5.281  -35.701  23.292 0.1000000015
229  -0.571  -84.432  33.802 0.1000000015
220  -1.352  -84.311  34.460 0.1000000015
17190  5.523  -50.726  37.469 0.1000000015
17967  9.135  -49.583  34.070 0.1000000015
1552  -2.790  -78.124  34.744 0.1000000015
125038  -1.783  -79.021  35.764 0.1000000015
580  -1.932  -82.752  36.576 0.1000000015
116734  -1.884  -81.689  36.713 0.1000000015
123876  1.761  -84.540  31.235 0.1000000015
251  2.526  -84.527  30.526 0.1000000015
116212  3.504  -82.673  28.175 0.1000000015
6033  -6.874  -67.398  19.642 0.1000000015
1199  20.091  -80.031  16.165 0.2000000030
1457  18.820  -79.360  14.266 0.2000000030
1393  21.556  -79.262  20.478 0.1000000015
11457  1.169  -59.316  6.368 0.2000000030
12107  -0.341  -57.767  9.981 0.2000000030
111300  -0.298  -55.803  10.352 0.2000000030
10068  2.230  -61.073  5.101 0.2000000030
15366  0.654  -53.379  19.579 0.2000000030
7492  8.892  -65.145  14.045 0.2000000030
8176  6.827  -64.746  11.376 0.1000000015
123217  5.847  -64.377  7.433 0.1000000015
9489  4.846  -62.237  4.120 0.2000000030
8222  5.887  -64.434  8.287 0.1000000015
9488  5.469  -62.244  4.166 0.2000000030
1313  -1.576  -79.284  35.526 0.1000000015
253  -0.193  -84.433  31.002 0.1000000015
797  -1.674  -81.643  35.398 0.1000000015
1549  -0.466  -78.790  34.307 0.1000000015
590  -1.079  -82.413  34.739 0.1000000015
399  -1.796  -83.919  35.213 0.1000000015
1320  -0.237  -79.458  34.233 0.1000000015
1069  -0.562  -80.236  34.147 0.1000000015
110708  -1.184  -83.331  32.894 0.1000000015
112351  -0.529  -82.359  32.827 0.1000000015
599  -0.712  -82.757  32.025 0.1000000015
90  0.311  -85.337  29.403 0.1000000015
91  -0.012  -85.159  29.580 0.1000000015
1559  -2.481  -78.397  33.803 0.1000000015
261  -0.198  -84.088  29.620 0.1000000015
807  -0.136  -81.534  30.500 0.1000000015
126577  -2.231  -78.490  31.645 0.1000000015
108817  19.908  -80.228  22.017 0.1000000015
1134  20.482  -80.099  21.250 0.1000000015
1394  21.533  -79.631  19.594 0.1000000015
1663  21.584  -79.510  19.661 0.1000000015
1175  22.363  -80.977  18.605 0.1000000015
2553  24.569  -75.233  21.696 0.1000000015
3212  24.289  -73.763  21.736 0.1000000015
2250  21.450  -76.455  19.416 0.1000000015
2251  20.944  -76.188  18.961 0.2000000030
1698  21.409  -78.772  17.328 0.2000000030
126244  22.235  -76.014  15.037 0.2000000030
3221  22.566  -73.569  21.150 0.1000000015
8838  7.202  -63.700  7.702 0.1000000015
8190  6.577  -64.569  10.466 0.1000000015
8174  8.335  -64.066  11.990 0.1000000015
115711  7.911  -63.661  9.021 0.1000000015
114447  7.900  -63.815  9.850 0.1000000015
8158  9.615  -64.096  12.966 0.1000000015
8783  11.575  -63.605  11.427 0.1000000015
8156  11.446  -64.497  12.788 0.1000000015
10761  6.928  -60.392  6.001 0.1000000015
10733  6.127  -60.567  7.585 0.2000000030
10065  6.439  -61.344  4.968 0.1000000015
8849  8.123  -63.000  7.532 0.1000000015
9452  4.388  -62.444  7.030 0.2000000030
10029  5.715  -61.941  9.227 0.2000000030
125555  5.518  -62.138  10.092 0.2000000030
9430  9.745  -62.398  8.763 0.1000000015
121812  3.126  -59.572  11.547 0.2000000030
10697  6.950  -60.534  10.141 0.1000000015
10734  2.098  -60.712  8.237 0.2000000030
2162  15.331  -76.471  28.358 0.1000000015
2163  14.810  -76.029  28.896 0.1000000015
2484  14.465  -75.289  27.738 0.1000000015
2486  12.589  -74.954  27.868 0.1000000015
2487  11.643  -75.020  27.998 0.1000000015
115767  12.160  -74.200  25.629 0.1000000015
1876  15.818  -77.949  27.525 0.1000000015
113199  15.769  -76.930  27.693 0.1000000015
1593  17.066  -78.927  27.809 0.1000000015
2174  15.001  -75.745  28.099 0.1000000015
1882  16.170  -77.208  27.049 0.1000000015
15538  3.371  -53.919  9.438 0.1000000015
14185  4.136  -54.755  9.765 0.1000000015
11148  -2.799  -59.687  26.686 0.1000000015
10478  -4.085  -60.448  24.318 0.1000000015
15536  5.384  -53.844  9.428 0.1000000015
16200  4.361  -53.412  9.464 0.1000000015
14869  4.494  -54.208  9.294 0.1000000015
14853  5.508  -54.365  10.047 0.1000000015
14169  5.036  -55.025  10.767 0.1000000015
14157  5.476  -55.456  11.641 0.1000000015
13487  5.246  -56.250  12.095 0.1000000015
13488  4.458  -56.806  11.919 0.1000000015
12785  4.644  -57.765  12.515 0.1000000015
10682  5.192  -60.760  12.377 0.1000000015
11133  -2.450  -59.439  27.301 0.1000000015
16182  4.595  -52.660  10.073 0.1000000015
15520  5.883  -53.402  9.961 0.1000000015
16184  2.920  -52.731  10.250 0.1000000015
15539  2.766  -53.576  9.853 0.1000000015
14852  6.219  -54.042  10.473 0.1000000015
15523  1.404  -53.638  10.542 0.1000000015
14140  7.156  -55.506  12.542 0.1000000015
14142  5.870  -55.872  12.245 0.1000000015
13478  5.202  -57.049  12.611 0.1000000015
13462  6.602  -56.848  13.217 0.1000000015
12784  5.371  -57.895  13.087 0.1000000015
12080  4.916  -58.708  12.902 0.1000000015
12765  7.192  -57.534  13.799 0.1000000015
12079  5.654  -58.832  13.401 0.1000000015
11359  5.269  -59.634  13.111 0.1000000015
10008  6.413  -61.342  11.145 0.1000000015
12516  0.671  -57.598  31.061 0.1000000015
11830  0.116  -58.072  30.459 0.1000000015
11134  -3.194  -58.900  26.979 0.1000000015
11839  -0.380  -58.496  29.829 0.1000000015
10431  -1.546  -60.771  26.769 0.1000000015
16159  2.285  -51.924  11.004 0.1000000015
16870  3.182  -51.891  10.706 0.1000000015
15522  1.983  -52.991  10.583 0.1000000015
16869  3.996  -51.815  10.620 0.1000000015
11345  5.991  -59.743  13.477 0.1000000015
10636  5.703  -60.394  12.984 0.1000000015
10634  7.068  -60.450  13.469 0.1000000015
9995  6.296  -61.038  12.144 0.1000000015
11867  -3.585  -58.097  27.477 0.1000000015
11123  -2.570  -58.835  27.722 0.1000000015
11122  -1.731  -59.560  27.884 0.1000000015
16850  4.153  -50.950  11.406 0.1000000015
117386  2.876  -50.268  12.475 0.1000000015
16851  3.436  -51.250  11.219 0.1000000015
17501  1.843  -50.415  12.148 0.1000000015
16853  1.665  -50.918  11.794 0.1000000015
16161  0.661  -52.250  11.557 0.1000000015
16162  -0.455  -52.467  12.169 0.1000000015
11841  -2.035  -58.102  28.987 0.1000000015
129091  -1.550  -58.651  28.891 0.1000000015
17479  3.322  -50.416  12.795 0.1000000015
17455  1.843  -50.752  13.084 0.1000000015
16829  0.380  -51.056  12.784 0.1000000015
16830  -0.297  -51.459  13.100 0.1000000015
16808  0.895  -50.756  13.053 0.1000000015
16787  1.329  -51.362  13.435 0.1000000015
24497  4.535  -41.609  29.613 0.1000000015
27129  5.601  -38.880  28.344 0.1000000015
23606  5.337  -42.609  30.641 0.1000000015
124905  4.515  -44.030  32.237 0.1000000015
21903  4.071  -45.238  32.929 0.1000000015
21087  3.087  -45.392  32.801 0.1000000015
24498  3.760  -41.653  29.780 0.1000000015
23594  4.275  -42.747  30.745 0.1000000015
26289  5.162  -39.304  28.751 0.1000000015
122526  4.392  -42.212  30.007 0.1000000015
131664  8.477  -38.353  28.344 0.1000000015
27128  6.087  -38.566  28.407 0.1000000015
22759  4.141  -43.427  31.532 0.1000000015
22740  3.657  -43.975  32.072 0.1000000015
27143  9.733  -38.565  27.825 0.1000000015
26310  12.319  -38.945  27.518 0.1000000015
20268  2.454  -46.649  33.150 0.1000000015
21089  1.634  -46.154  32.818 0.1000000015
110066  1.568  -46.973  33.069 0.1000000015
25432  3.978  -40.225  29.523 0.1000000015
26290  4.503  -39.520  29.431 0.1000000015
116642  7.700  -38.355  28.802 0.1000000015
123017  6.758  -38.389  28.863 0.1000000015
27125  9.342  -38.376  28.476 0.1000000015
27142  10.879  -38.549  28.133 0.1000000015
21924  2.461  -44.579  32.439 0.1000000015
20287  0.832  -45.507  32.621 0.1000000015
20269  0.821  -46.423  32.786 0.1000000015
18742  0.316  -48.147  33.402 0.1000000015
23595  3.150  -42.749  30.765 0.1000000015
22741  2.616  -43.935  31.957 0.1000000015
27112  6.116  -38.502  29.405 0.1000000015
26282  4.673  -39.166  30.149 0.1000000015
25419  3.477  -40.856  29.875 0.1000000015
27101  6.637  -38.434  30.087 0.1000000015
19502  -0.281  -47.424  33.048 0.1000000015
18743  -0.531  -48.242  33.331 0.1000000015
17988  -1.711  -49.174  33.247 0.1000000015
24499  3.082  -41.522  30.163 0.1000000015
22761  1.889  -43.204  31.466 0.1000000015
26281  5.855  -38.734  30.483 0.1000000015
127318  1.605  -44.556  32.408 0.1000000015
27088  6.856  -38.562  30.655 0.1000000015
21240  17.973  -45.177  23.242 0.1000000015
20289  -0.726  -45.814  32.648 0.1000000015
20271  -1.025  -46.522  32.744 0.1000000015
23608  2.664  -42.096  30.539 0.1000000015
26271  4.123  -39.572  30.665 0.1000000015
10421  -1.234  -60.432  27.534 0.1000000015
25493  13.993  -40.735  25.584 0.1000000015
2477  12.390  -75.587  28.492 0.1000000015
2476  13.317  -75.449  28.444 0.1000000015
15499  0.188  -53.028  11.527 0.1000000015
16113  0.059  -52.081  14.094 0.1000000015
116683  0.439  -51.374  13.559 0.1000000015
2828  12.762  -74.607  27.049 0.1000000015
2829  11.807  -74.691  27.225 0.1000000015
2835  12.004  -74.479  26.351 0.1000000015
129224  18.060  -78.394  14.644 0.1000000015
122588  18.656  -78.953  14.206 0.1000000015
1995  18.029  -77.927  15.269 0.1000000015
1994  18.408  -77.231  15.075 0.1000000015
2008  18.603  -78.142  14.663 0.1000000015
2007  19.426  -78.278  14.519 0.1000000015
2612  18.027  -74.957  16.221 0.1000000015
2308  17.919  -76.881  15.845 0.1000000015
2306  19.449  -76.042  15.106 0.1000000015
2006  20.242  -77.371  14.535 0.1000000015
2624  19.619  -75.112  15.383 0.1000000015
2307  18.540  -76.386  15.381 0.1000000015
2319  20.062  -76.641  14.654 0.1000000015
119321  20.737  -76.696  14.551 0.1000000015
2633  22.080  -75.780  14.790 0.1000000015
2292  22.350  -75.852  15.529 0.1000000015
2594  21.299  -75.305  17.088 0.1000000015
2635  20.530  -75.818  14.744 0.1000000015
2634  21.591  -75.208  14.672 0.1000000015
122843  22.226  -75.143  14.820 0.1000000015
2304  22.441  -75.364  15.127 0.1000000015
2944  22.669  -74.701  16.035 0.1000000015
2945  22.179  -74.627  16.584 0.1000000015
2595  20.588  -75.025  17.779 0.1000000015
118693  21.757  -73.999  16.790 0.1000000015
2929  21.164  -74.505  17.191 0.1000000015
3235  20.442  -73.704  18.120 0.1000000015
12323  -0.875  -56.746  44.422 0.1000000015
12322  1.068  -56.549  45.821 0.1000000015
12321  2.378  -56.963  45.750 0.1000000015
12320  2.827  -57.341  45.309 0.1000000015
12335  0.993  -56.548  44.595 0.1000000015
12349  0.564  -57.094  43.217 0.1000000015
12334  3.313  -57.520  44.555 0.1000000015
13027  2.606  -56.661  45.161 0.1000000015
13040  2.888  -56.133  44.542 0.1000000015
12348  1.185  -56.371  43.849 0.1000000015
11620  3.530  -58.079  43.852 0.1000000015
12319  3.224  -56.819  44.650 0.1000000015
130063  4.125  -57.616  43.374 0.1000000015
13039  3.703  -56.366  43.876 0.1000000015
12364  4.647  -57.592  42.752 0.1000000015
12347  4.541  -57.064  43.336 0.1000000015
13672  3.667  -55.513  43.334 0.1000000015
12346  5.222  -57.066  42.661 0.1000000015
13053  4.633  -56.445  43.096 0.1000000015
13069  5.332  -56.509  42.369 0.1000000015
13698  4.444  -55.485  42.492 0.1000000015
13085  5.728  -56.426  41.586 0.1000000015
13697  5.186  -55.818  41.933 0.1000000015
13712  5.275  -55.479  41.259 0.1000000015
14385  3.799  -54.614  41.849 0.1000000015
13724  5.293  -54.985  40.396 0.1000000015
112238  4.329  -54.658  40.941 0.1000000015
14399  3.313  -54.045  41.175 0.1000000015
14398  4.355  -54.396  40.144 0.1000000015
13326  7.212  -56.211  22.216 0.1000000015
13351  7.382  -56.452  20.866 0.1000000015
109993  3.746  -54.124  40.390 0.1000000015
14434  4.999  -53.986  39.179 0.1000000015
15295  3.940  -53.259  26.044 0.1000000015
14657  8.187  -54.069  23.152 0.1000000015
14659  6.994  -54.914  24.192 0.1000000015
13956  6.301  -55.235  24.565 0.1000000015
15990  5.402  -53.341  25.537 0.1000000015
14688  8.722  -54.863  21.729 0.1000000015
13984  8.320  -55.380  22.356 0.1000000015
13965  7.336  -55.388  23.553 0.1000000015
15293  6.162  -53.960  25.303 0.1000000015
14001  9.226  -55.184  20.999 0.1000000015
14002  8.582  -55.710  21.532 0.1000000015
14017  8.960  -56.021  20.796 0.1000000015
111805  7.943  -56.546  20.278 0.1000000015
13352  6.525  -56.330  20.588 0.1000000015
13366  5.957  -56.164  19.480 0.1000000015
15109  3.922  -53.725  39.629 0.1000000015
116684  4.443  -53.144  38.832 0.1000000015
130768  5.028  -52.690  25.416 0.1000000015
16684  4.127  -51.402  24.675 0.1000000015
15999  6.338  -52.608  24.489 0.1000000015
16000  5.519  -52.432  24.982 0.1000000015
15306  6.620  -53.498  24.701 0.1000000015
15334  8.289  -53.866  22.503 0.1000000015
14699  10.596  -54.598  20.456 0.1000000015
14028  10.501  -55.768  19.370 0.1000000015
14016  9.627  -55.713  20.405 0.1000000015
115131  9.265  -56.299  19.988 0.1000000015
128140  8.393  -56.639  18.915 0.1000000015
13365  6.676  -56.458  19.327 0.1000000015
115161  6.174  -56.316  18.848 0.1000000015
14030  4.823  -55.163  19.272 0.1000000015
14722  4.246  -54.676  18.913 0.1000000015
16685  3.320  -51.197  24.787 0.1000000015
16692  6.257  -51.568  23.378 0.1000000015
16695  3.735  -50.801  24.185 0.1000000015
15335  7.922  -53.440  22.866 0.1000000015
122408  6.589  -52.120  23.832 0.1000000015
17354  4.990  -50.740  23.245 0.1000000015
15355  10.118  -53.648  20.675 0.1000000015
15356  9.112  -53.682  20.837 0.1000000015
16030  8.198  -53.480  21.056 0.1000000015
16036  12.223  -52.755  20.185 0.1000000015
15354  11.146  -53.729  20.509 0.1000000015
14700  9.669  -54.374  20.821 0.1000000015
14698  11.596  -54.418  20.124 0.1000000015
14014  11.070  -55.136  19.816 0.1000000015
14697  12.290  -54.174  19.627 0.1000000015
14035  11.160  -55.277  19.165 0.1000000015
13375  9.531  -56.366  18.486 0.1000000015
13378  6.908  -56.576  18.384 0.1000000015
109415  2.775  -53.674  19.389 0.1000000015
16706  6.406  -51.664  22.550 0.1000000015
16707  5.663  -51.040  22.772 0.1000000015
17371  5.351  -50.935  21.991 0.1000000015
16040  8.646  -53.010  20.442 0.1000000015
16041  7.682  -52.823  20.395 0.1000000015
16032  6.836  -52.568  20.766 0.1000000015
16717  12.298  -51.756  20.139 0.1000000015
119722  10.341  -52.332  20.389 0.1000000015
128625  9.097  -52.407  20.138 0.1000000015
16049  12.885  -52.463  19.710 0.1000000015
15364  12.644  -53.379  19.690 0.1000000015
111086  6.080  -52.011  20.872 0.1000000015
16723  5.630  -51.945  19.862 0.1000000015
16718  11.391  -51.624  20.325 0.1000000015
17381  10.079  -51.199  20.085 0.1000000015
16721  8.315  -52.413  19.944 0.1000000015
16734  7.138  -52.077  19.283 0.1000000015
126000  6.349  -52.340  19.960 0.1000000015
16729  14.213  -51.547  18.840 0.1000000015
16732  9.112  -51.658  19.828 0.1000000015
131236  5.152  -51.685  19.497 0.1000000015
116217  12.541  -50.955  19.870 0.1000000015
121711  7.524  -51.330  19.186 0.1000000015
16735  6.278  -52.106  19.200 0.1000000015
17398  5.862  -51.473  18.683 0.1000000015
16731  13.142  -51.516  19.594 0.1000000015
117335  8.810  -50.976  19.580 0.1000000015
17379  11.821  -50.901  20.108 0.1000000015
17394  10.382  -50.380  19.821 0.1000000015
17397  6.741  -51.511  18.903 0.1000000015
17411  5.511  -50.457  18.347 0.1000000015
17409  14.439  -50.707  18.714 0.1000000015
17392  12.233  -50.148  19.594 0.1000000015
17393  11.292  -50.189  19.790 0.1000000015
17395  9.539  -50.688  19.741 0.1000000015
18126  7.481  -50.274  19.093 0.1000000015
129251  8.647  -48.931  19.379 0.1000000015
18900  7.878  -49.100  19.258 0.1000000015
18149  15.812  -49.817  18.044 0.1000000015
18132  15.078  -50.174  18.359 0.1000000015
18133  14.316  -49.722  18.563 0.1000000015
18122  11.582  -49.424  19.383 0.1000000015
18899  9.972  -49.044  19.348 0.1000000015
17420  15.684  -50.717  18.025 0.1000000015
18911  9.349  -48.421  19.246 0.1000000015
18927  15.825  -48.731  17.878 0.1000000015
18905  15.007  -49.243  18.237 0.1000000015
18906  14.160  -48.818  18.347 0.1000000015
18908  12.419  -48.087  18.511 0.1000000015
121569  10.271  -48.443  19.117 0.1000000015
115019  17.717  -49.017  16.903 0.1000000015
18147  17.241  -49.257  17.262 0.1000000015
19671  7.960  -47.487  19.189 0.1000000015
21925  0.761  -43.693  32.186 0.1000000015
24486  2.172  -41.929  31.302 0.1000000015
19685  16.329  -47.912  17.472 0.1000000015
18928  14.820  -48.297  18.028 0.1000000015
18909  11.504  -48.080  18.711 0.1000000015
19670  8.916  -47.538  19.070 0.1000000015
112285  11.810  -47.522  18.423 0.1000000015
20459  10.240  -46.748  18.516 0.1000000015
20461  8.403  -46.779  18.881 0.1000000015
21331  6.772  -45.599  17.482 0.1000000015
21354  5.666  -45.545  16.208 0.1000000015
19687  14.587  -47.413  17.832 0.1000000015
19666  13.953  -47.954  18.072 0.1000000015
19667  13.131  -47.643  18.110 0.1000000015
19688  13.742  -47.054  17.835 0.1000000015
19689  12.977  -46.952  17.915 0.1000000015
20460  9.339  -46.800  18.710 0.1000000015
20484  7.777  -46.145  18.475 0.1000000015
123149  7.035  -45.942  18.130 0.1000000015
20475  15.873  -46.906  17.368 0.1000000015
19711  16.895  -47.127  17.060 0.1000000015
20476  15.227  -46.387  17.455 0.1000000015
128822  10.949  -46.581  18.328 0.1000000015
20482  9.634  -46.063  18.398 0.1000000015
21329  9.052  -45.311  18.046 0.1000000015
121364  8.239  -45.543  18.131 0.1000000015
21355  4.891  -45.771  15.821 0.1000000015
21367  4.480  -45.377  14.822 0.1000000015
21352  7.265  -45.019  17.073 0.1000000015
21365  6.072  -44.984  15.649 0.1000000015
22183  6.948  -44.611  16.035 0.1000000015
22200  7.666  -44.120  15.723 0.1000000015
120228  8.939  -44.674  17.493 0.1000000015
22217  5.957  -44.160  14.221 0.1000000015
22201  6.383  -44.435  15.031 0.1000000015
19599  15.629  -47.956  24.787 0.1000000015
23045  5.596  -43.716  13.951 0.1000000015
23044  6.247  -43.582  13.783 0.1000000015
23058  6.694  -42.865  13.405 0.1000000015
23042  7.870  -43.240  14.090 0.1000000015
18849  16.377  -48.305  24.510 0.1000000015
20365  15.801  -46.346  25.563 0.1000000015
23918  7.439  -42.321  12.935 0.1000000015
129363  6.788  -42.177  13.201 0.1000000015
23917  8.130  -42.390  12.836 0.1000000015
23928  7.950  -41.913  12.591 0.1000000015
25659  7.335  -40.592  14.183 0.1000000015
25658  8.239  -40.324  15.092 0.1000000015
27280  16.114  -38.963  18.341 0.1000000015
111746  15.866  -38.635  17.906 0.1000000015
24788  9.373  -41.553  12.974 0.1000000015
24802  8.379  -41.490  12.590 0.1000000015
24790  7.262  -41.505  12.910 0.1000000015
24787  10.125  -41.233  13.372 0.1000000015
24800  9.937  -40.931  12.819 0.1000000015
25681  7.679  -40.854  12.799 0.1000000015
26538  7.822  -40.154  12.966 0.1000000015
26525  7.716  -39.998  13.783 0.1000000015
24789  8.619  -41.856  12.700 0.1000000015
116646  9.869  -40.557  12.631 0.1000000015
25668  10.565  -40.629  13.054 0.1000000015
25678  10.457  -40.323  12.623 0.1000000015
25679  9.282  -40.304  12.573 0.1000000015
26537  8.259  -39.518  13.405 0.1000000015
27342  8.766  -38.907  13.996 0.1000000015
26545  11.142  -39.320  12.033 0.1000000015
27367  10.347  -38.978  12.191 0.1000000015
27368  9.627  -38.334  12.811 0.1000000015
28177  12.107  -37.883  11.642 0.1000000015
127344  10.838  -37.455  12.437 0.1000000015
28150  9.737  -37.536  13.451 0.1000000015
26462  16.336  -39.545  18.455 0.1000000015
120306  -0.938  -56.495  45.402 0.1000000015
12336  -0.080  -57.204  43.712 0.1000000015
13029  0.091  -56.677  44.950 0.1000000015
19598  16.560  -46.823  25.072 0.1000000015
27341  9.584  -38.540  14.786 0.1000000015
13041  2.061  -56.151  44.800 0.1000000015
13673  2.929  -55.515  43.960 0.1000000015
16712  5.402  -51.409  21.102 0.1000000015
18137  6.987  -49.345  18.895 0.1000000015
20483  8.747  -46.088  18.472 0.1000000015
26524  8.454  -39.628  14.421 0.1000000015
2625  18.712  -75.426  15.707 0.1000000015
2320  19.260  -77.161  14.722 0.1000000015
131245  0.155  -56.507  45.940 0.1000000015
13028  1.967  -56.511  45.567 0.1000000015
15316  7.655  -53.583  23.579 0.1000000015
16694  4.607  -50.947  23.982 0.1000000015
16693  5.490  -51.193  23.688 0.1000000015
16021  7.474  -52.906  22.463 0.1000000015
16031  7.506  -53.048  21.364 0.1000000015
118909  10.611  -52.938  20.528 0.1000000015
17391  13.069  -50.573  19.436 0.1000000015
18125  9.010  -50.172  19.543 0.1000000015
18123  10.663  -49.474  19.489 0.1000000015
18121  12.933  -49.734  19.124 0.1000000015
18898  11.037  -48.712  19.134 0.1000000015
18907  13.327  -48.451  18.420 0.1000000015
127550  9.995  -47.619  18.855 0.1000000015
18941  18.031  -48.503  16.648 0.1000000015
19686  15.419  -47.697  17.715 0.1000000015
20458  11.651  -46.847  18.209 0.1000000015
22153  8.167  -44.923  17.544 0.1000000015
23028  6.681  -43.986  14.353 0.1000000015
23905  7.573  -42.871  13.265 0.1000000015
23916  8.875  -42.156  13.175 0.1000000015
120142  16.305  -47.566  24.750 0.1000000015
24777  9.656  -41.781  13.724 0.1000000015
24801  9.121  -41.155  12.608 0.1000000015
25667  11.000  -40.057  12.679 0.1000000015
26547  8.595  -39.830  12.825 0.1000000015
26546  10.290  -39.854  12.397 0.1000000015
125053  10.905  -39.868  12.347 0.1000000015
121180  9.477  -39.364  12.608 0.1000000015
27369  8.843  -38.944  13.092 0.1000000015
27356  9.231  -38.253  13.606 0.1000000015
27380  11.704  -38.595  11.894 0.1000000015
27366  11.903  -38.988  12.055 0.1000000015
28178  11.334  -37.993  12.018 0.1000000015
27381  11.043  -38.700  11.930 0.1000000015
28163  10.174  -37.466  12.888 0.1000000015
0  7.690  -85.073  24.171 0.6999999881
2  8.040  -85.190  23.981 0.8999999762
4  7.026  -85.059  23.652 0.8000000119
5  6.444  -84.882  23.292 0.5000000000
6  8.366  -85.128  23.107 0.8000000119
7  7.925  -85.105  23.470 0.6999999881
8  7.398  -85.104  23.365 0.6999999881
10  6.215  -85.086  23.085 0.6999999881
11  5.985  -84.948  22.899 0.6999999881
12  8.839  -85.247  22.988 0.8000000119
13  8.051  -85.104  22.790 0.6000000238
14  6.286  -85.053  22.902 0.6999999881
15  8.685  -85.011  22.709 0.6000000238
19  1.105  -87.010  17.162 0.2000000030
20  0.540  -87.001  17.464 0.2000000030
22  1.046  -86.620  16.836 0.2000000030
26  0.304  -87.008  17.090 0.1000000015
27  6.713  -85.154  25.894 0.6000000238
28  6.039  -85.818  26.321 0.5000000000
29  8.336  -85.038  24.802 1.0000000000
31  7.549  -85.080  25.066 0.8000000119
35  8.153  -85.150  24.485 0.8000000119
37  7.320  -85.001  24.524 0.5000000000
39  6.501  -84.574  24.039 0.5000000000
42  9.117  -85.138  23.499 0.8000000119
43  8.243  -85.156  24.023 0.8999999762
44  7.369  -85.022  24.222 0.8000000119
46  9.999  -85.136  22.377 0.8999999762
47  9.419  -85.177  22.784 0.6999999881
49  5.998  -84.608  23.208 0.5000000000
50  9.731  -85.090  21.953 0.6999999881
51  9.455  -85.104  22.448 0.6999999881
52  10.239  -84.894  21.377 0.8000000119
56  1.135  -86.707  17.340 0.2000000030
57  0.908  -86.458  17.633 0.1000000015
58  0.102  -85.871  17.271 0.1000000015
59  1.152  -85.535  16.313 0.2000000030
60  0.801  -85.318  16.057 0.3000000119
61  0.680  -85.276  16.409 0.3000000119
66  1.707  -85.156  13.689 0.2000000030
67  1.339  -85.166  13.860 0.4000000060
68  0.901  -85.173  14.002 0.5000000000
69  1.568  -84.961  13.361 0.2000000030
72  7.589  -85.032  31.161 0.8999999762
75  5.265  -84.992  31.476 0.5000000000
76  4.879  -84.960  30.918 0.5000000000
81  0.120  -85.146  30.227 0.1000000015
85  6.385  -85.298  29.792 0.5000000000
87  4.564  -85.072  29.172 0.5000000000
94  6.158  -85.592  28.166 0.5000000000
96  4.407  -85.098  28.268 0.5000000000
98  1.726  -85.536  28.255 0.1000000015
106  4.678  -85.428  27.411 0.5000000000
107  4.375  -85.120  27.413 0.5000000000
115  6.993  -85.353  26.518 0.6000000238
117  5.331  -85.731  26.896 0.5000000000
125  8.897  -84.846  24.984 1.0000000000
135  9.346  -84.905  24.400 0.8999999762
136  6.461  -84.459  24.506 0.5000000000
138  10.926  -84.735  23.110 0.8000000119
139  10.397  -85.012  22.656 0.8000000119
141  5.994  -84.010  23.986 0.5000000000
142  6.133  -84.333  23.605 0.5000000000
145  10.615  -84.946  22.245 0.8000000119
146  11.346  -84.593  21.735 0.8000000119
147  10.797  -84.820  21.529 0.8000000119
151  9.778  -84.978  21.645 0.6000000238
152  9.604  -84.880  21.514 0.6000000238
164  8.182  -85.183  14.790 0.6999999881
168  -0.060  -84.950  16.588 0.1000000015
169  7.404  -85.175  14.823 0.6000000238
173  -0.152  -84.347  15.043 0.3000000119
174  7.961  -85.325  14.056 0.6999999881
176  6.111  -85.250  13.031 0.5000000000
178  0.984  -85.098  13.421 0.5000000000
180  7.365  -85.237  12.116 0.5000000000
184  2.162  -84.581  13.417 0.3000000119
192  1.969  -84.087  12.792 0.4000000060
195  5.528  -84.630  10.804 0.6999999881
196  4.963  -84.012  11.123 0.4000000060
200  4.729  -83.872  10.780 0.6999999881
201  3.975  -83.716  11.006 0.5000000000
202  4.791  -84.243  37.246 0.8000000119
203  5.579  -84.346  36.701 0.6999999881
205  3.651  -84.173  36.160 0.6000000238
207  7.157  -83.815  36.062 0.6999999881
209  4.476  -84.544  35.439 0.6000000238
210  3.351  -84.201  35.273 0.6000000238
212  -1.452  -83.903  35.327 0.1000000015
218  1.024  -84.233  34.340 0.2000000030
219  -0.583  -84.389  34.735 0.1000000015
221  -1.566  -84.178  34.908 0.1000000015
222  8.874  -84.073  33.328 0.8999999762
231  -1.701  -84.189  34.473 0.1000000015
233  7.828  -84.641  32.597 0.6999999881
235  5.524  -84.794  32.164 0.6000000238
237  1.078  -84.428  32.976 0.1000000015
238  0.063  -84.468  32.798 0.1000000015
239  -0.886  -84.304  32.889 0.1000000015
242  7.665  -84.816  31.841 0.6999999881
248  9.409  -84.485  30.131 0.8999999762
249  8.878  -84.664  29.880 0.8000000119
258  4.653  -84.937  29.808 0.5000000000
259  2.799  -84.587  29.580 0.1000000015
260  2.118  -85.000  29.645 0.1000000015
264  10.832  -84.305  28.149 1.0000000000
273  11.664  -84.289  27.232 0.8999999762
275  10.157  -84.377  27.681 1.0000000000
286  10.523  -84.239  25.838 0.8999999762
288  6.193  -84.821  26.134 0.5000000000
292  6.549  -83.520  24.972 0.5000000000
295  11.369  -84.236  23.575 0.8000000119
297  5.864  -84.172  23.417 0.5000000000
298  11.848  -83.733  22.897 0.8000000119
300  5.584  -83.702  22.947 0.5000000000
304  8.323  -84.333  21.977 0.5000000000
305  7.596  -83.914  22.288 0.6000000238
316  11.630  -83.879  20.230 0.6000000238
317  10.522  -84.206  20.413 0.6000000238
333  8.574  -84.542  15.585 1.0000000000
334  8.030  -84.477  16.332 1.0000000000
336  2.203  -84.144  16.288 0.1000000015
337  1.812  -84.952  16.759 0.1000000015
338  -1.254  -83.944  16.916 0.1000000015
344  6.580  -84.711  15.666 0.6000000238
346  2.359  -84.892  15.089 0.1000000015
360  5.372  -84.886  12.113 0.5000000000
368  3.914  -83.890  12.081 0.4000000060
369  1.296  -83.997  11.925 0.6999999881
370  0.412  -83.998  11.834 0.6999999881
372  5.306  -84.138  10.734 1.0000000000
375  5.389  -83.853  10.090 1.0000000000
378  3.261  -83.628  11.245 0.8999999762
382  4.500  -83.532  9.337 1.0000000000
385  3.686  -83.483  38.291 0.8000000119
393  -1.367  -83.066  36.076 0.2000000030
396  -0.506  -83.165  35.782 0.2000000030
398  -1.601  -83.235  34.532 0.1000000015
402  -1.604  -83.921  33.660 0.1000000015
403  9.429  -83.988  32.360 0.8999999762
407  15.345  -82.821  30.458 0.4000000060
408  10.460  -84.046  30.432 0.8999999762
416  17.403  -82.848  28.473 0.3000000119
419  14.660  -83.258  28.648 0.3000000119
421  5.989  -83.066  29.168 0.5000000000
426  17.173  -83.086  27.664 0.3000000119
443  18.097  -82.847  25.361 0.3000000119
454  16.460  -83.034  24.680 0.4000000060
459  0.986  -83.859  25.036 0.1000000015
461  -2.118  -83.125  24.930 0.1000000015
463  12.118  -83.745  23.800 0.8000000119
470  11.983  -83.751  22.428 0.8000000119
471  5.720  -83.134  23.066 0.5000000000
472  5.272  -83.479  22.156 0.5000000000
477  12.600  -83.279  20.526 0.6999999881
479  8.999  -83.270  21.451 0.6000000238
482  5.152  -83.560  21.657 0.5000000000
485  13.747  -83.029  19.241 0.5000000000
487  10.927  -83.572  19.950 0.6000000238
489  6.539  -82.882  21.133 0.5000000000
490  5.411  -82.761  20.396 0.3000000119
496  11.523  -83.428  19.489 0.6000000238
503  12.670  -83.363  18.481 0.6000000238
512  14.547  -83.774  16.741 0.3000000119
522  14.536  -83.509  15.887 0.3000000119
525  5.612  -83.101  16.695 0.3000000119
527  2.456  -83.500  16.401 0.1000000015
531  8.929  -84.597  14.748 1.0000000000
540  3.908  -82.705  14.533 0.3000000119
548  5.396  -84.461  12.633 0.4000000060
550  4.115  -83.857  12.276 0.3000000119
551  -0.336  -83.441  12.675 0.6000000238
552  6.919  -84.315  11.240 0.6999999881
553  -0.263  -83.288  11.412 0.6999999881
555  6.282  -83.842  10.515 1.0000000000
556  5.780  -83.723  9.895 1.0000000000
559  -1.035  -82.808  11.056 0.8000000119
561  5.655  -83.169  9.261 0.8999999762
562  2.235  -83.272  9.894 0.6999999881
563  0.860  -83.040  9.770 0.8000000119
566  4.638  -83.260  8.720 0.8999999762
567  3.967  -83.159  8.445 0.8000000119
570  1.491  -82.605  9.430 0.8000000119
572  2.916  -82.673  8.765 0.8000000119
574  3.498  -82.999  38.721 0.8000000119
576  6.306  -82.438  37.268 0.8999999762
577  2.915  -82.669  36.980 0.6000000238
579  -1.432  -82.788  36.763 0.2000000030
583  6.999  -83.073  36.053 0.8000000119
586  -1.917  -82.633  35.890 0.1000000015
591  -1.268  -82.933  35.083 0.1000000015
596  8.681  -83.337  32.643 0.8999999762
598  -0.443  -81.751  32.284 0.1000000015
602  -0.376  -82.077  31.597 0.1000000015
607  17.995  -82.422  28.957 0.2000000030
610  16.017  -82.436  30.366 0.4000000060
613  -0.519  -82.552  29.532 0.1000000015
619  20.043  -82.171  26.334 0.1000000015
627  19.773  -82.053  25.184 0.1000000015
649  3.558  -82.118  24.083 0.1000000015
654  18.785  -80.660  23.805 0.2000000030
655  18.019  -80.951  23.939 0.3000000119
658  16.226  -82.328  23.318 0.3000000119
659  5.993  -81.389  24.196 0.4000000060
667  16.813  -81.253  23.694 0.3000000119
669  11.920  -82.345  22.876 0.6000000238
670  5.683  -82.401  22.935 0.5000000000
671  2.901  -82.349  22.261 0.1000000015
674  12.974  -82.817  20.553 0.6000000238
679  5.344  -81.935  21.541 0.4000000060
684  13.594  -82.702  19.818 0.5000000000
687  9.664  -81.935  21.018 0.6000000238
694  14.322  -82.981  18.661 0.5000000000
699  2.470  -82.351  19.394 0.1000000015
702  14.926  -83.298  17.616 0.4000000060
715  16.145  -81.890  16.664 0.4000000060
718  12.752  -82.968  17.185 0.5000000000
726  15.016  -83.316  16.283 0.3000000119
727  13.784  -83.647  15.509 0.3000000119
728  13.636  -83.787  15.570 0.4000000060
732  3.446  -82.268  16.775 0.3000000119
736  17.129  -81.455  15.668 0.4000000060
737  16.971  -81.537  15.389 0.3000000119
739  15.177  -82.526  15.857 0.3000000119
743  4.676  -82.425  15.233 0.3000000119
748  16.781  -81.410  14.971 0.3000000119
750  8.012  -82.833  14.345 1.0000000000
753  0.007  -82.337  14.273 0.6000000238
754  17.106  -81.096  14.615 0.3000000119
756  16.484  -81.167  14.656 0.3000000119
762  -0.745  -82.177  12.393 0.6999999881
766  -0.962  -82.123  10.521 0.8000000119
768  5.216  -82.367  8.608 0.8999999762
770  4.542  -82.569  8.273 0.8999999762
774  2.406  -82.504  9.174 0.8000000119
776  3.326  -82.498  8.475 0.8999999762
780  3.359  -82.142  38.781 0.6999999881
789  13.323  -81.268  35.604 0.6000000238
790  12.627  -81.377  35.785 0.6999999881
801  -1.074  -80.901  33.533 0.1000000015
805  15.384  -81.592  30.768 0.4000000060
806  5.092  -81.629  30.826 0.2000000030
810  16.027  -81.771  30.383 0.4000000060
811  14.668  -81.012  30.067 0.4000000060
815  4.213  -81.389  29.421 0.2000000030
819  19.661  -81.282  27.833 0.1000000015
828  -0.378  -81.939  28.627 0.1000000015
830  21.498  -81.276  27.039 0.1000000015
832  19.170  -80.904  28.929 0.1000000015
833  18.296  -80.781  28.033 0.1000000015
841  6.187  -81.177  26.857 0.3000000119
854  20.130  -80.914  24.433 0.2000000030
857  6.013  -81.106  24.698 0.3000000119
859  4.608  -81.341  24.480 0.1000000015
864  20.158  -80.439  24.003 0.2000000030
871  20.269  -79.849  22.981 0.2000000030
876  3.518  -81.207  21.925 0.1000000015
905  10.837  -82.085  19.742 0.6000000238
908  3.265  -81.368  19.460 0.2000000030
919  4.015  -81.177  18.240 0.3000000119
938  18.126  -80.591  15.766 0.4000000060
942  4.857  -81.776  16.942 0.3000000119
943  4.113  -81.749  16.833 0.3000000119
948  15.481  -82.033  15.573 0.3000000119
949  14.937  -82.247  15.644 0.3000000119
953  18.042  -80.309  14.001 0.2000000030
958  0.611  -81.268  15.157 0.5000000000
959  17.254  -80.680  14.221 0.3000000119
960  16.755  -80.904  14.393 0.3000000119
966  14.871  -81.240  11.886 0.1000000015
971  14.537  -81.322  11.619 0.1000000015
972  13.627  -81.589  11.514 0.1000000015
973  12.653  -82.073  11.906 0.1000000015
976  3.022  -81.158  10.985 0.6999999881
978  0.991  -81.231  11.082 0.6999999881
979  -0.157  -80.904  10.759 0.6999999881
980  -0.718  -81.329  11.009 0.8999999762
981  15.132  -81.232  11.657 0.1000000015
982  14.689  -81.232  10.823 0.1000000015
984  12.518  -82.073  11.392 0.1000000015
988  2.714  -81.479  10.564 0.6999999881
993  11.478  -81.759  11.152 0.2000000030
997  3.468  -81.291  9.136 0.8000000119
999  1.954  -81.965  9.659 0.8999999762
1000  1.210  -81.965  9.749 0.8999999762
1001  0.308  -81.628  9.975 0.6999999881
1008  3.366  -81.651  8.557 0.8000000119
1016  8.555  -79.388  40.513 0.8999999762
1019  9.595  -80.053  39.066 0.8999999762
1020  8.793  -79.973  39.667 0.8999999762
1025  12.573  -80.658  36.597 0.6000000238
1027  10.941  -80.427  37.579 0.8000000119
1032  4.292  -80.640  37.831 0.8999999762
1047  13.647  -81.017  35.742 0.5000000000
1056  -1.606  -80.277  35.753 0.1000000015
1059  9.099  -80.016  34.362 0.8999999762
1062  7.028  -80.757  35.186 0.8999999762
1063  -0.917  -80.066  34.824 0.1000000015
1064  -1.557  -80.715  35.340 0.1000000015
1072  10.056  -80.161  33.188 0.8000000119
1073  7.833  -79.803  32.480 0.8999999762
1074  0.675  -79.715  32.910 0.1000000015
1076  14.206  -80.815  31.708 0.5000000000
1080  -0.408  -80.862  32.040 0.1000000015
1093  19.856  -80.974  28.793 0.1000000015
1101  19.477  -80.525  28.781 0.1000000015
1102  18.515  -80.109  28.098 0.2000000030
1124  4.131  -80.713  22.266 0.1000000015
1128  16.855  -79.872  22.279 0.2000000030
1129  12.036  -80.746  22.442 0.5000000000
1130  5.043  -80.726  22.133 0.4000000060
1138  8.718  -79.758  21.510 0.6999999881
1141  4.928  -80.490  21.090 0.2000000030
1142  4.370  -80.269  20.950 0.2000000030
1145  21.300  -80.019  19.880 0.1000000015
1149  14.480  -80.517  20.271 0.4000000060
1154  4.095  -80.282  20.267 0.2000000030
1162  21.822  -80.235  19.080 0.1000000015
1163  21.732  -80.214  19.038 0.1000000015
1165  16.895  -79.959  18.754 0.4000000060
1169  5.017  -80.795  19.587 0.3000000119
1183  0.719  -80.214  17.975 0.4000000060
1188  21.850  -81.093  17.014 0.2000000030
1189  21.304  -80.939  17.040 0.2000000030
1190  19.988  -80.466  17.100 0.2000000030
1203  13.861  -81.614  16.486 0.3000000119
1205  1.450  -80.213  16.303 0.6999999881
1206  -3.317  -81.418  16.355 0.1000000015
1212  18.051  -80.527  14.761 0.3000000119
1218  19.177  -79.974  15.007 0.2000000030
1220  16.695  -80.792  14.333 0.3000000119
1222  6.775  -80.173  14.313 0.8000000119
1225  17.974  -80.268  13.820 0.2000000030
1226  17.704  -80.345  13.838 0.3000000119
1230  11.272  -80.041  13.184 0.3000000119
1234  14.170  -81.002  12.051 0.1000000015
1235  13.008  -81.240  11.880 0.1000000015
1236  12.049  -80.918  12.143 0.2000000030
1240  1.163  -80.028  12.815 0.8000000119
1242  15.165  -81.223  11.640 0.1000000015
1247  2.518  -80.777  11.737 0.8000000119
1250  15.265  -81.092  10.878 0.1000000015
1265  10.176  -80.657  7.397 0.1000000015
1275  9.212  -79.039  40.837 0.8999999762
1287  4.182  -79.299  38.820 0.8999999762
1288  2.209  -79.466  39.095 0.8999999762
1289  1.283  -79.332  38.790 0.5000000000
1291  -0.554  -79.210  38.430 0.8000000119
1302  -1.364  -79.769  37.561 0.5000000000
1304  13.270  -80.700  36.096 0.5000000000
1310  13.919  -80.794  35.453 0.5000000000
1314  14.004  -80.163  34.480 0.5000000000
1316  8.420  -79.569  33.220 0.8999999762
1317  8.249  -79.866  34.531 0.8999999762
1318  7.857  -79.970  34.645 1.0000000000
1319  0.092  -78.939  33.929 0.1000000015
1321  -0.991  -79.211  34.964 0.1000000015
1325  0.362  -79.277  33.559 0.1000000015
1360  14.144  -79.691  25.468 0.6000000238
1380  15.777  -78.664  22.487 0.4000000060
1385  21.273  -79.458  20.818 0.1000000015
1389  8.612  -78.990  21.309 0.6999999881
1391  7.797  -79.583  21.143 0.8000000119
1402  7.581  -79.543  20.469 0.8000000119
1419  22.723  -80.906  18.240 0.1000000015
1422  2.149  -78.584  18.123 0.8999999762
1432  2.076  -79.181  17.543 0.8999999762
1434  -0.989  -79.783  17.784 0.1000000015
1458  16.970  -80.006  14.014 0.3000000119
1460  6.985  -79.427  14.533 0.8000000119
1462  18.256  -80.120  13.950 0.2000000030
1464  17.662  -80.338  13.800 0.3000000119
1466  11.548  -79.661  13.551 0.3000000119
1472  14.725  -80.914  11.987 0.1000000015
1481  6.689  -79.512  11.177 0.8999999762
1489  10.936  -80.170  10.123 0.2000000030
1491  4.594  -79.157  8.376 0.8000000119
1492  3.893  -79.301  8.182 0.8000000119
1493  3.486  -79.143  8.874 0.8000000119
1495  9.893  -80.745  7.401 0.1000000015
1510  2.477  -77.674  40.342 0.8999999762
1511  1.835  -77.613  40.324 0.8999999762
1513  9.179  -77.882  41.653 0.8999999762
1515  4.929  -77.031  40.140 0.8999999762
1518  2.382  -78.307  40.199 0.8999999762
1519  1.552  -78.294  40.055 0.8999999762
1533  10.507  -78.333  38.621 0.5000000000
1536  -1.538  -78.160  37.281 0.5000000000
1543  -1.594  -78.652  35.104 0.1000000015
1544  -1.893  -78.389  35.242 0.1000000015
1545  -2.449  -77.825  35.374 0.2000000030
1566  -1.871  -78.453  33.089 0.1000000015
1567  -2.735  -78.498  32.867 0.1000000015
1569  14.673  -78.730  31.711 0.4000000060
1571  12.862  -77.984  32.130 0.5000000000
1576  -3.209  -78.213  30.800 0.1000000015
1581  -2.358  -78.596  30.920 0.1000000015
1582  -2.809  -78.919  30.453 0.1000000015
1628  -6.779  -79.596  24.546 0.3000000119
1645  15.907  -78.315  21.894 0.4000000060
1648  12.810  -77.888  22.478 0.5000000000
1650  11.567  -77.830  23.029 0.5000000000
1656  14.593  -78.223  21.857 0.4000000060
1658  8.055  -79.024  21.183 0.8000000119
1664  15.836  -78.534  20.709 0.4000000060
1667  10.013  -78.302  20.602 0.6000000238
1668  9.146  -78.377  21.026 0.6000000238
1680  11.433  -78.147  19.842 0.5000000000
1690  13.398  -78.778  18.789 0.4000000060
1692  8.107  -77.774  18.021 0.6000000238
1693  1.592  -78.500  18.307 0.6999999881
1694  0.926  -78.470  18.309 0.8000000119
1695  0.118  -78.411  17.926 0.6000000238
1713  7.683  -78.724  16.621 0.5000000000
1715  2.473  -78.734  16.857 0.8999999762
1721  17.607  -78.791  14.618 0.1000000015
1722  9.977  -77.735  15.053 0.4000000060
1725  7.716  -78.646  15.679 0.6000000238
1731  20.170  -78.735  15.147 0.2000000030
1733  18.184  -78.916  14.123 0.1000000015
1734  12.155  -78.571  14.025 0.2000000030
1741  18.244  -79.631  13.924 0.1000000015
1743  10.324  -78.576  13.978 0.5000000000
1745  8.413  -78.346  13.531 0.6000000238
1747  3.136  -78.336  13.718 0.8000000119
1751  7.334  -78.797  12.393 0.6999999881
1752  3.619  -78.675  12.279 0.6999999881
1755  10.316  -78.872  11.958 0.5000000000
1757  8.473  -78.090  12.125 0.6999999881
1763  7.181  -78.080  11.024 0.3000000119
1765  5.849  -78.230  9.571 0.6999999881
1776  9.593  -78.653  8.043 0.1000000015
1798  1.313  -77.064  40.177 0.8999999762
1799  0.684  -77.020  40.025 0.8999999762
1803  -0.841  -77.217  38.978 0.6999999881
1805  -1.871  -77.158  37.976 0.6999999881
1815  9.500  -77.442  35.611 0.5000000000
1828  -0.212  -78.258  33.121 0.1000000015
1829  -0.822  -78.095  32.923 0.1000000015
1843  10.364  -77.273  32.262 0.5000000000
1852  14.342  -77.054  30.564 0.2000000030
1854  12.604  -77.026  31.191 0.3000000119
1864  14.547  -76.740  30.006 0.2000000030
1914  12.444  -77.569  23.360 0.5000000000
1922  -6.647  -78.277  23.265 0.4000000060
1923  -7.117  -77.560  23.512 0.5000000000
1927  12.229  -77.601  22.953 0.5000000000
1947  22.560  -77.826  19.925 0.1000000015
1949  15.102  -76.806  19.156 0.3000000119
1977  2.710  -78.087  17.968 0.8999999762
1985  9.288  -77.192  16.898 0.5000000000
1988  3.474  -77.601  16.525 0.8000000119
1998  10.448  -77.477  15.649 0.4000000060
2000  4.013  -77.218  14.638 0.8000000119
2001  -3.188  -77.614  15.478 0.3000000119
2003  -5.213  -77.972  14.903 0.2000000030
2004  -5.965  -77.359  15.468 0.2000000030
2013  -4.676  -77.713  13.753 0.3000000119
2018  3.841  -77.892  13.427 0.8000000119
2019  -4.377  -77.865  12.719 0.2000000030
2023  9.281  -78.129  12.001 0.4000000060
2028  -5.122  -77.781  12.485 0.2000000030
2032  3.923  -77.207  11.558 0.6999999881
2034  -2.680  -77.643  10.863 0.3000000119
2035  -3.521  -77.875  11.191 0.3000000119
2037  -5.205  -77.530  11.915 0.2000000030
2043  6.795  -77.413  10.300 0.6000000238
2047  -3.511  -77.663  10.728 0.3000000119
2054  3.679  -76.836  9.572 0.6000000238
2061  8.413  -77.610  7.100 0.2000000030
2076  4.918  -75.843  40.148 1.0000000000
2079  1.666  -76.656  39.951 0.8999999762
2081  0.236  -76.633  39.735 0.8000000119
2084  5.948  -75.608  40.072 0.8000000119
2086  3.430  -75.856  39.822 1.0000000000
2091  -1.319  -76.370  38.605 0.8000000119
2092  -1.791  -76.506  38.250 0.6999999881
2100  -1.705  -76.012  38.135 0.8000000119
2111  7.512  -76.019  35.791 0.5000000000
2115  1.456  -76.732  35.616 0.8999999762
2116  -0.554  -76.045  35.899 0.8999999762
2122  3.767  -76.399  34.628 0.8000000119
2128  8.304  -76.578  33.306 0.5000000000
2140  1.822  -76.239  33.451 0.8000000119
2144  -4.701  -75.495  31.467 0.5000000000
2154  11.939  -76.739  29.830 0.3000000119
2210  -7.134  -76.819  24.225 0.6999999881
2253  14.683  -76.221  19.412 0.4000000060
2257  10.140  -76.217  19.477 0.5000000000
2258  9.577  -76.662  19.601 0.5000000000
2267  10.127  -75.855  18.676 0.4000000060
2270  3.584  -76.869  17.781 0.8999999762
2271  2.977  -76.766  18.105 0.8999999762
2282  11.191  -75.866  17.070 0.2000000030
2285  4.371  -76.433  17.446 0.8999999762
2289  -1.071  -76.887  16.513 0.4000000060
2295  12.088  -76.063  15.922 0.2000000030
2305  21.999  -76.594  15.283 0.2000000030
2313  4.571  -76.801  15.103 0.8000000119
2314  -1.848  -76.350  15.247 0.6000000238
2318  21.822  -76.515  14.877 0.2000000030
2322  4.609  -76.847  14.206 0.8000000119
2333  5.037  -76.247  12.644 0.6000000238
2345  -5.407  -76.680  11.872 0.1000000015
2347  8.921  -76.586  10.165 0.3000000119
2350  6.673  -76.715  9.952 0.5000000000
2353  -1.598  -77.185  10.007 0.6000000238
2354  -2.728  -77.336  9.938 0.4000000060
2355  -3.574  -77.352  10.353 0.3000000119
2356  -4.329  -77.195  10.712 0.3000000119
2377  5.584  -76.649  5.420 0.1000000015
2379  5.845  -77.394  5.083 0.1000000015
2390  5.244  -75.636  40.018 1.0000000000
2394  6.248  -75.493  39.147 0.8000000119
2395  5.570  -75.553  39.394 0.8000000119
2420  5.071  -75.082  35.725 0.8000000119
2421  -1.861  -75.321  35.148 0.8999999762
2427  7.708  -74.820  34.876 0.5000000000
2431  -1.591  -75.192  34.636 0.8999999762
2433  -2.742  -75.082  34.809 0.6999999881
2441  -1.553  -74.916  33.862 1.0000000000
2447  8.202  -75.191  33.118 0.5000000000
2459  4.084  -75.269  32.184 0.6999999881
2460  3.422  -75.200  31.891 0.6999999881
2465  -4.958  -74.651  31.496 0.8000000119
2466  9.374  -75.647  30.235 0.3000000119
2468  -4.994  -74.959  30.836 0.8000000119
2475  14.228  -75.505  28.350 0.1000000015
2498  -1.685  -74.914  26.135 1.0000000000
2499  -2.325  -75.775  26.339 1.0000000000
2511  -2.910  -75.855  25.415 1.0000000000
2525  -4.486  -75.338  24.949 0.8999999762
2539  -3.289  -76.480  22.713 0.1000000015
2550  -5.569  -75.459  22.017 0.2000000030
2552  -7.329  -75.669  22.671 0.5000000000
2554  23.765  -75.796  21.189 0.1000000015
2572  15.007  -75.536  19.345 0.4000000060
2574  13.616  -75.404  19.335 0.4000000060
2583  16.330  -75.913  18.599 0.3000000119
2585  12.293  -75.195  18.933 0.4000000060
2586  11.481  -75.414  18.793 0.4000000060
2588  3.125  -76.063  17.880 0.8999999762
2589  2.404  -75.598  17.670 0.8999999762
2596  17.173  -75.807  17.431 0.2000000030
2600  6.121  -75.041  17.145 0.8000000119
2601  5.423  -75.304  17.389 0.8999999762
2602  4.635  -75.634  17.549 0.8999999762
2604  1.539  -75.586  17.407 0.8000000119
2606  0.081  -75.895  16.734 0.8000000119
2610  22.636  -75.212  15.687 0.1000000015
2611  22.341  -75.475  16.265 0.1000000015
2619  0.466  -75.308  16.215 0.8999999762
2626  17.953  -75.860  16.069 0.1000000015
2629  -0.036  -75.282  15.572 0.6999999881
2631  -1.111  -76.054  15.646 0.6000000238
2643  12.489  -75.349  13.815 0.1000000015
2645  6.338  -75.377  13.576 0.6000000238
2659  4.039  -75.731  10.581 0.3000000119
2664  7.708  -76.004  9.661 0.4000000060
2667  -0.838  -76.113  9.916 0.8999999762
2674  6.802  -75.921  9.273 0.4000000060
2678  -1.319  -75.769  8.811 0.8999999762
2694  -1.581  -75.135  8.305 0.8999999762
2695  -1.889  -75.610  8.727 0.6000000238
2705  6.045  -75.573  7.230 0.2000000030
2726  5.252  -76.104  4.789 0.1000000015
2763  6.427  -74.054  35.427 0.6000000238
2775  -3.259  -74.522  33.747 0.8000000119
2780  8.299  -73.754  33.409 0.5000000000
2781  5.321  -74.165  33.334 0.6000000238
2785  -2.889  -74.393  32.906 0.8000000119
2786  -4.563  -74.535  32.854 0.8000000119
2807  -1.285  -73.802  30.307 1.0000000000
2813  4.402  -73.438  29.490 0.5000000000
2814  3.871  -73.945  29.969 0.6000000238
2818  -1.420  -73.442  29.527 1.0000000000
2867  -7.031  -74.591  23.582 0.6999999881
2912  14.438  -75.000  19.293 0.3000000119
2930  20.586  -74.326  17.774 0.1000000015
2933  12.587  -74.311  17.582 0.2000000030
2934  6.876  -73.883  17.023 0.8000000119
2940  1.993  -74.977  17.121 0.8999999762
2947  16.859  -73.641  16.806 0.1000000015
2949  6.931  -74.526  16.610 0.8000000119
2950  3.273  -74.294  17.026 0.8999999762
2951  2.435  -74.442  16.692 0.8999999762
2958  22.614  -74.761  15.416 0.1000000015
2964  8.084  -73.972  15.563 0.5000000000
2968  -0.131  -75.011  14.882 0.8999999762
2972  22.435  -74.812  14.992 0.1000000015
2978  -0.206  -74.828  14.049 0.8999999762
2981  12.397  -74.564  13.146 0.1000000015
2983  7.525  -74.541  14.174 0.6000000238
2991  0.363  -74.235  12.702 0.8999999762
2998  0.264  -74.021  11.813 1.0000000000
3005  3.942  -75.161  9.212 0.3000000119
3006  -0.562  -75.004  10.235 0.8000000119
3019  -0.486  -74.555  9.622 0.8999999762
3034  -2.497  -74.552  8.055 0.8000000119
3046  -1.581  -74.356  6.388 0.8999999762
3058  5.087  -75.418  4.689 0.1000000015
3103  7.370  -72.481  34.198 0.5000000000
3105  6.154  -73.302  34.609 0.6000000238
3116  5.807  -72.345  31.719 0.5000000000
3117  5.608  -73.233  31.751 0.5000000000
3132  8.914  -72.875  28.885 0.1000000015
3142  3.227  -72.942  27.999 0.5000000000
3158  -0.969  -72.487  25.588 0.8999999762
3237  14.583  -73.346  18.524 0.1000000015
3242  21.635  -73.298  16.760 0.1000000015
3243  20.986  -73.799  17.341 0.1000000015
3245  13.524  -73.069  17.855 0.2000000030
3263  2.015  -74.150  15.808 0.8999999762
3270  8.142  -73.630  16.068 0.5000000000
3285  8.608  -73.444  14.344 0.4000000060
3296  8.024  -73.823  12.997 0.4000000060
3306  0.217  -73.695  11.020 1.0000000000
3308  -5.801  -73.117  11.415 0.1000000015
3313  6.565  -73.529  10.800 0.3000000119
3331  -4.175  -73.103  8.723 0.3000000119
3333  -5.750  -72.773  9.337 0.4000000060
3344  -0.330  -73.856  8.256 0.8999999762
3357  -0.999  -74.220  6.077 0.8999999762
3365  -0.968  -73.689  5.571 1.0000000000
3367  -2.223  -74.069  6.140 0.8999999762
3443  7.601  -71.219  32.419 0.3000000119
3464  4.710  -72.730  28.322 0.5000000000
3472  0.919  -72.867  26.808 0.8000000119
3476  3.324  -72.254  26.502 0.5000000000
3478  1.647  -72.557  26.178 0.5000000000
3484  2.092  -72.110  25.769 0.6000000238
3488  -1.227  -72.294  25.094 0.8999999762
3502  -1.785  -72.106  24.639 0.8999999762
3503  -2.809  -72.107  24.189 0.8999999762
3505  -5.794  -72.479  25.548 0.8999999762
3524  -7.080  -72.775  23.081 1.0000000000
3539  -7.428  -72.833  21.934 0.8000000119
3550  -2.793  -72.215  21.324 0.1000000015
3554  -7.470  -72.380  21.367 0.8000000119
3574  15.029  -72.797  18.284 0.1000000015
3588  6.093  -73.131  17.156 0.8999999762
3598  12.891  -72.533  16.394 0.1000000015
3599  9.214  -71.762  15.749 0.5000000000
3600  8.670  -72.130  16.274 0.5000000000
3602  5.788  -72.518  16.722 0.8999999762
3603  4.518  -73.031  16.464 0.8999999762
3604  3.960  -72.963  15.943 0.8000000119
3615  5.369  -72.049  16.013 0.8999999762
3617  3.770  -72.707  15.204 0.8000000119
3633  3.539  -72.480  14.358 0.8999999762
3648  12.595  -72.363  13.797 0.1000000015
3651  3.273  -72.218  13.600 0.8000000119
3666  8.762  -72.629  12.348 0.2000000030
3667  2.149  -72.319  12.437 0.8999999762
3668  1.425  -72.884  12.400 1.0000000000
3695  0.788  -72.297  9.834 0.8999999762
3698  -5.944  -72.802  9.937 0.1000000015
3752  -0.311  -72.357  5.203 0.8999999762
3753  -0.462  -73.152  5.611 0.8999999762
3755  -1.728  -73.604  5.736 0.8999999762
3766  -0.602  -72.101  4.806 0.8000000119
3877  6.637  -70.807  32.000 0.4000000060
3891  4.963  -71.832  27.166 0.4000000060
3894  5.370  -70.993  27.090 0.5000000000
3902  2.237  -71.324  25.565 0.6000000238
3903  1.093  -71.590  25.330 0.6999999881
3918  -6.072  -72.141  25.825 0.8999999762
3934  -3.972  -71.543  24.190 0.8999999762
3935  -4.689  -72.078  24.714 0.8999999762
3959  -1.971  -71.923  21.457 0.1000000015
3963  -7.373  -71.778  21.122 0.8000000119
3994  15.065  -71.607  17.301 0.1000000015
3995  14.284  -71.669  17.173 0.1000000015
4008  9.128  -71.010  15.745 0.5000000000
4034  12.773  -71.772  14.220 0.1000000015
4035  9.635  -71.528  14.263 0.3000000119
4049  13.314  -70.979  13.202 0.1000000015
4053  3.017  -71.819  12.813 0.8999999762
4067  1.910  -71.931  11.622 0.8999999762
4084  -6.474  -70.700  9.440 0.1000000015
4100  1.667  -71.706  10.885 0.8999999762
4102  -2.910  -72.001  10.386 0.6999999881
4103  -4.000  -72.063  10.087 0.4000000060
4117  7.960  -71.727  9.749 0.1000000015
4119  1.273  -71.640  9.261 0.8000000119
4124  -5.795  -71.745  9.013 0.3000000119
4154  0.539  -72.154  7.047 0.8000000119
4170  -1.836  -72.794  5.642 0.8999999762
4176  0.082  -71.603  4.860 0.8000000119
4184  -0.010  -71.033  4.465 0.8000000119
4298  1.137  -70.802  35.616 0.1000000015
4309  0.426  -70.532  35.079 0.2000000030
4325  7.002  -69.643  31.567 0.3000000119
4351  2.979  -70.742  25.717 0.5000000000
4361  -0.091  -70.743  24.755 0.6999999881
4362  -0.788  -70.681  24.655 0.6999999881
4363  -1.647  -70.601  24.505 0.6999999881
4365  -4.551  -71.266  25.060 0.8999999762
4461  15.123  -70.621  16.124 0.1000000015
4472  14.787  -70.244  15.464 0.1000000015
4475  9.489  -70.313  15.376 0.5000000000
4476  8.283  -70.213  15.913 0.5000000000
4478  6.661  -70.349  15.460 0.6000000238
4489  15.571  -70.090  14.670 0.1000000015
4492  10.130  -69.995  14.571 0.2000000030
4495  5.574  -70.331  14.270 0.6000000238
4510  15.855  -69.913  13.324 0.1000000015
4511  14.400  -69.974  13.634 0.1000000015
4512  13.686  -70.433  13.660 0.1000000015
4516  4.544  -70.412  13.143 0.6000000238
4527  15.640  -69.875  12.535 0.1000000015
4533  3.639  -70.613  12.142 0.8999999762
4535  -2.121  -70.049  11.819 0.8999999762
4536  -3.061  -69.981  11.738 0.8999999762
4545  16.091  -70.401  11.186 0.1000000015
4565  9.201  -69.986  10.994 0.1000000015
4569  -0.872  -70.205  10.776 0.8999999762
4572  -6.549  -69.963  9.032 0.1000000015
4579  2.451  -70.450  9.970 0.6999999881
4580  1.889  -71.079  9.575 0.8000000119
4581  -1.010  -70.395  10.061 0.8999999762
4583  -6.070  -70.051  8.065 0.2000000030
4584  -6.208  -70.214  8.179 0.3000000119
4599  7.940  -69.832  8.955 0.1000000015
4603  -1.584  -70.716  7.624 0.8999999762
4620  -1.589  -70.991  6.571 0.8999999762
4630  0.594  -71.066  5.150 0.6999999881
4642  -0.334  -71.117  4.576 0.8000000119
4654  0.257  -70.481  4.380 0.6000000238
4752  -1.820  -70.084  38.103 0.2000000030
4753  -2.186  -69.924  37.925 0.2000000030
4767  0.717  -70.586  37.802 0.1000000015
4768  -0.714  -70.568  37.733 0.1000000015
4810  0.689  -69.636  32.214 0.2000000030
4811  0.337  -69.303  31.612 0.4000000060
4824  7.307  -68.542  30.994 0.2000000030
4832  7.343  -68.223  30.550 0.2000000030
4834  -5.547  -70.523  29.536 0.8000000119
4837  6.722  -68.385  29.833 0.3000000119
4847  4.038  -69.701  26.063 0.4000000060
4859  -4.208  -70.300  25.569 0.8999999762
4869  -3.138  -69.791  24.365 0.6999999881
4915  -7.183  -69.892  20.363 0.6000000238
4970  9.469  -69.536  15.435 0.5000000000
4972  7.870  -69.408  15.579 0.5000000000
4981  15.333  -69.870  13.920 0.1000000015
4997  10.368  -69.501  14.098 0.2000000030
5007  10.091  -69.241  12.448 0.1000000015
5026  -1.457  -69.961  11.720 0.8999999762
5027  -4.061  -69.697  10.942 0.5000000000
5038  3.254  -69.623  10.681 0.6000000238
5039  2.854  -69.745  10.014 0.5000000000
5042  -6.134  -69.151  8.005 0.1000000015
5048  -0.465  -69.137  9.339 0.8999999762
5051  -6.343  -69.587  8.223 0.1000000015
5068  1.869  -70.167  7.931 0.6000000238
5084  7.974  -68.803  7.982 0.1000000015
5088  -1.175  -69.390  7.352 0.8999999762
5099  -1.019  -69.819  5.417 0.8000000119
5108  1.110  -69.999  4.638 0.6000000238
5122  0.563  -69.949  4.325 0.6000000238
5123  0.088  -69.984  4.091 0.6000000238
5262  -2.215  -69.529  37.718 0.2000000030
5271  -1.799  -69.445  36.729 0.2000000030
5293  3.058  -68.895  34.981 0.1000000015
5326  2.088  -69.027  31.704 0.2000000030
5329  -5.552  -69.325  31.761 0.6999999881
5334  1.740  -69.269  30.349 0.2000000030
5347  1.363  -69.301  29.847 0.2000000030
5350  -5.687  -69.833  30.040 0.8000000119
5384  3.420  -68.790  26.252 0.5000000000
5386  1.583  -68.593  26.595 0.5000000000
5403  -5.643  -69.212  25.545 0.8999999762
5410  -0.900  -68.679  24.749 0.6000000238
5412  -2.965  -68.482  24.812 0.8000000119
5423  -7.253  -68.263  22.080 0.8000000119
5550  6.255  -68.071  13.708 0.5000000000
5554  -2.754  -67.694  12.423 0.8000000119
5565  5.097  -68.255  12.558 0.5000000000
5566  0.018  -68.170  12.353 0.8999999762
5567  -0.592  -68.604  12.503 0.8999999762
5568  -1.424  -68.886  12.542 0.8000000119
5579  0.299  -68.251  11.644 0.8999999762
5580  0.043  -68.931  11.225 0.8999999762
5581  -6.287  -67.977  9.165 0.1000000015
5584  9.802  -68.058  10.763 0.1000000015
5586  3.626  -68.972  10.821 0.4000000060
5590  -5.503  -68.177  8.701 0.1000000015
5595  8.514  -68.642  9.143 0.1000000015
5648  -0.406  -68.788  4.587 0.6000000238
5664  0.387  -68.431  4.115 0.6000000238
5782  -3.481  -69.029  41.597 0.1000000015
5789  -1.708  -68.876  41.020 0.1000000015
5843  3.883  -68.927  35.661 0.1000000015
5874  3.043  -67.306  32.963 0.1000000015
5877  -5.548  -68.519  32.958 0.6999999881
5887  2.461  -68.129  31.503 0.2000000030
5889  -4.748  -68.660  32.363 0.6999999881
5912  3.137  -67.134  28.867 0.3000000119
5931  0.392  -68.014  28.412 0.5000000000
5953  5.025  -68.014  26.706 0.3000000119
5955  0.023  -67.867  26.690 0.6000000238
5956  -0.690  -67.350  26.304 0.6000000238
5968  -2.436  -67.993  25.331 0.6000000238
5978  -2.041  -68.247  24.909 0.6000000238
6034  -7.402  -67.907  20.150 0.6000000238
6051  -5.831  -67.854  19.754 0.2000000030
6109  9.022  -68.106  15.252 0.5000000000
6110  8.319  -68.143  15.145 0.5000000000
6125  10.090  -66.939  14.449 0.3000000119
6126  9.408  -67.355  14.880 0.4000000060
6130  -5.586  -67.360  14.080 0.1000000015
6138  10.798  -67.508  13.143 0.1000000015
6139  6.683  -67.330  13.754 0.3000000119
6143  -1.316  -67.671  13.237 0.8999999762
6144  -2.117  -67.403  13.117 0.8999999762
6152  11.099  -67.130  12.537 0.1000000015
6154  5.556  -67.423  12.733 0.5000000000
6156  0.069  -67.514  12.768 0.8999999762
6157  -0.400  -68.005  12.806 0.8999999762
6169  -5.379  -66.677  9.359 0.3000000119
6170  -5.998  -66.470  9.384 0.2000000030
6187  0.360  -67.344  10.108 0.8999999762
6201  3.212  -66.751  8.773 0.4000000060
6203  -0.603  -67.842  8.457 0.8000000119
6215  2.563  -67.445  7.494 0.4000000060
6244  1.575  -68.180  4.376 0.6000000238
6261  1.047  -67.675  3.883 0.6000000238
6382  -2.565  -68.935  43.416 0.1000000015
6487  -5.716  -67.128  33.917 0.6999999881
6501  -5.254  -68.035  33.566 0.6999999881
6526  -3.971  -67.709  31.036 0.6999999881
6537  0.335  -66.276  29.397 0.5000000000
6548  7.222  -66.441  29.230 0.2000000030
6553  0.077  -66.028  28.832 0.5000000000
6557  -3.340  -67.130  28.805 0.6000000238
6558  -5.883  -66.588  29.215 0.8000000119
6567  6.115  -66.675  28.339 0.2000000030
6568  5.417  -66.700  27.791 0.3000000119
6569  4.634  -66.829  27.561 0.3000000119
6572  -0.606  -66.556  27.527 0.6000000238
6573  -1.517  -66.270  27.422 0.6000000238
6574  -2.628  -66.616  27.803 0.5000000000
6587  -2.069  -66.710  26.896 0.6000000238
6670  -6.881  -66.449  19.753 0.1000000015
6762  8.700  -66.654  14.670 0.3000000119
6765  -1.030  -66.258  14.063 0.8999999762
6766  -1.932  -66.286  13.917 0.8999999762
6790  12.250  -65.922  12.341 0.1000000015
6794  4.903  -67.006  11.730 0.4000000060
6795  0.552  -66.807  12.551 1.0000000000
6796  -3.956  -65.552  10.753 0.6000000238
6798  -6.353  -66.776  12.101 0.1000000015
6806  12.709  -65.924  11.643 0.1000000015
6820  11.716  -66.853  10.256 0.1000000015
6836  4.034  -66.184  9.898 0.4000000060
6859  3.359  -66.106  8.344 0.4000000060
6860  -0.696  -66.419  8.322 0.8000000119
6882  -2.207  -66.231  6.911 0.6999999881
6900  -1.922  -66.347  6.485 0.6999999881
6926  2.320  -66.319  3.972 0.6000000238
7039  -3.021  -65.799  45.057 0.1000000015
7085  3.777  -65.564  41.853 0.1000000015
7086  1.257  -65.538  41.439 0.1000000015
7152  -4.487  -65.040  37.335 0.6000000238
7157  0.770  -64.850  35.813 0.4000000060
7182  6.377  -65.232  33.190 0.1000000015
7201  0.674  -65.687  32.060 0.5000000000
7213  0.203  -65.368  30.980 0.5000000000
7222  4.434  -65.168  30.877 0.1000000015
7226  -0.860  -65.436  30.408 0.6000000238
7237  9.115  -64.972  29.361 0.1000000015
7239  7.176  -64.781  29.582 0.2000000030
7241  4.676  -65.374  29.359 0.2000000030
7242  3.896  -65.625  29.487 0.2000000030
7243  0.151  -65.713  29.548 0.5000000000
7262  -0.618  -65.664  28.771 0.5000000000
7462  -1.263  -65.097  14.900 1.0000000000
7463  -1.965  -65.054  14.827 0.8999999762
7470  8.101  -66.249  14.314 0.3000000119
7471  0.167  -65.301  14.131 1.0000000000
7494  1.001  -65.316  12.929 1.0000000000
7495  0.488  -65.570  13.545 1.0000000000
7497  -2.923  -65.368  12.975 0.8999999762
7499  -6.335  -65.374  14.310 0.1000000015
7514  6.772  -65.563  12.673 0.3000000119
7515  1.464  -64.889  12.275 1.0000000000
7519  -6.336  -65.296  11.558 0.1000000015
7533  5.683  -65.719  11.459 0.1000000015
7535  1.426  -65.083  11.453 1.0000000000
7536  1.108  -65.901  11.141 1.0000000000
7538  -6.070  -64.586  10.590 0.1000000015
7553  4.740  -65.791  10.262 0.3000000119
7555  0.735  -65.084  9.921 0.8000000119
7571  0.359  -65.518  9.408 0.8999999762
7587  3.887  -65.733  8.593 0.4000000060
7588  -0.417  -65.231  8.701 0.6000000238
7604  -1.965  -65.464  7.615 0.5000000000
7605  -2.322  -65.677  7.171 0.6999999881
7618  3.076  -66.005  5.559 0.5000000000
7619  -1.745  -65.682  6.249 0.4000000060
7629  3.647  -65.474  4.949 0.4000000060
7630  2.958  -65.874  4.397 0.5000000000
7644  2.382  -65.339  3.706 0.6000000238
7652  2.933  -64.832  3.592 0.5000000000
7740  -3.268  -64.999  45.069 0.2000000030
7745  2.241  -65.261  44.279 0.1000000015
7756  -3.307  -64.413  43.412 0.2000000030
7772  1.713  -65.122  41.879 0.1000000015
7789  -2.044  -64.414  41.173 0.2000000030
7846  -0.291  -64.353  37.992 0.2000000030
7861  -0.348  -64.211  35.481 0.4000000060
7873  -5.917  -65.636  35.682 0.6999999881
7914  4.971  -64.899  31.263 0.2000000030
7915  0.329  -65.339  31.657 0.5000000000
7916  0.101  -65.090  31.692 0.5000000000
7917  -0.379  -65.056  32.098 0.5000000000
7922  8.377  -63.835  30.384 0.1000000015
7923  7.575  -63.809  30.484 0.1000000015
7932  7.859  -64.203  29.861 0.1000000015
7934  5.662  -64.665  30.012 0.1000000015
7935  -5.579  -64.798  29.596 0.8000000119
7948  -5.279  -64.573  27.422 0.8999999762
8046  -7.707  -64.004  21.396 0.6999999881
8047  -7.475  -63.227  20.970 0.6000000238
8109  -1.723  -63.871  15.673 1.0000000000
8113  -0.641  -64.562  15.117 1.0000000000
8115  -2.203  -64.385  15.163 1.0000000000
8131  0.595  -64.614  14.269 1.0000000000
8145  10.000  -64.591  13.586 0.2000000030
8146  9.183  -64.581  13.557 0.1000000015
8157  10.534  -64.176  12.981 0.1000000015
8160  7.135  -64.970  12.249 0.1000000015
8161  1.734  -64.170  12.394 1.0000000000
8179  -5.613  -64.654  10.238 0.2000000030
8189  7.459  -64.168  10.686 0.1000000015
8207  5.695  -64.770  9.303 0.1000000015
8235  5.543  -64.546  6.987 0.1000000015
8236  5.162  -64.850  7.706 0.2000000030
8237  -2.331  -65.024  7.381 0.5000000000
8256  -0.652  -63.814  5.968 0.4000000060
8264  1.858  -64.793  3.834 0.6000000238
8272  3.411  -64.098  3.534 0.3000000119
8274  2.498  -64.027  3.651 0.5000000000
8417  -3.510  -63.337  42.688 0.2000000030
8424  -3.648  -62.995  41.728 0.3000000119
8429  -2.708  -63.365  40.274 0.2000000030
8453  -1.078  -63.834  38.216 0.3000000119
8537  -2.685  -63.307  28.835 0.8000000119
8540  -5.407  -64.044  29.241 0.8000000119
8552  -3.223  -63.108  27.280 0.8000000119
8553  -3.635  -63.443  27.080 0.8000000119
8554  -4.490  -63.995  27.116 0.8000000119
8629  -7.675  -62.823  22.283 0.8000000119
8654  -7.013  -63.021  20.256 0.6000000238
8717  -0.573  -63.196  15.928 0.8999999762
8718  -1.379  -63.267  15.989 1.0000000000
8726  2.263  -63.145  15.022 0.8999999762
8727  1.661  -63.057  15.584 0.8999999762
8728  0.777  -63.480  15.385 0.8999999762
8731  -2.702  -63.155  15.234 1.0000000000
8744  1.223  -63.954  14.451 0.8999999762
8745  -2.784  -62.937  14.209 0.6999999881
8748  2.372  -63.108  12.884 0.8000000119
8784  10.622  -63.566  11.359 0.1000000015
8804  8.353  -63.794  10.462 0.1000000015
8805  1.471  -63.501  11.241 0.8000000119
8821  8.724  -63.533  9.450 0.1000000015
8824  -0.768  -63.719  8.827 0.5000000000
8836  8.576  -63.026  8.054 0.1000000015
8837  7.935  -63.427  8.070 0.1000000015
8839  -2.037  -63.191  8.227 0.4000000060
8853  -2.440  -62.655  7.809 0.4000000060
8861  6.686  -63.378  5.748 0.1000000015
8869  6.315  -63.096  4.838 0.2000000030
8879  5.790  -62.760  4.309 0.3000000119
8880  5.179  -62.926  3.733 0.3000000119
8883  1.788  -63.768  4.072 0.5000000000
8896  3.141  -63.556  3.484 0.5000000000
9062  -1.739  -61.904  39.610 0.4000000060
9075  -2.845  -63.234  38.739 0.5000000000
9086  -2.908  -62.915  38.286 0.5000000000
9130  -5.205  -62.553  32.389 0.6999999881
9138  -4.163  -62.541  30.947 0.8000000119
9143  -2.861  -63.005  30.186 0.8000000119
9145  -5.051  -63.333  30.280 0.8000000119
9148  -1.845  -62.284  30.054 0.8000000119
9156  -2.587  -63.064  28.529 0.8000000119
9166  -3.311  -62.837  27.168 0.8999999762
9167  -4.163  -62.278  26.913 0.8000000119
9208  -6.304  -62.438  24.822 0.6999999881
9262  -6.325  -61.780  21.445 0.4000000060
9276  -6.612  -62.474  20.852 0.3000000119
9322  2.540  -62.312  16.246 0.8999999762
9324  0.062  -62.552  15.971 0.8999999762
9326  -1.892  -62.713  16.049 1.0000000000
9327  -2.551  -62.577  15.660 1.0000000000
9343  3.418  -62.238  15.127 0.8000000119
9345  -3.015  -62.444  15.088 0.8999999762
9367  -3.449  -61.457  13.089 0.6999999881
9368  -4.555  -61.201  12.186 0.4000000060
9384  2.441  -62.538  13.060 0.8000000119
9418  0.993  -62.836  10.805 0.6000000238
9419  0.009  -62.173  10.578 0.6000000238
9420  -1.005  -61.789  9.838 0.6000000238
9432  4.309  -62.445  9.237 0.2000000030
9435  -1.440  -62.199  9.057 0.5000000000
9443  5.051  -62.250  7.664 0.2000000030
9444  4.119  -62.507  8.267 0.2000000030
9447  -2.070  -62.460  8.403 0.5000000000
9461  3.794  -62.418  6.257 0.2000000030
9463  -0.959  -62.379  6.604 0.4000000060
9472  5.552  -61.788  4.520 0.2000000030
9473  4.811  -61.998  4.707 0.2000000030
9490  3.998  -62.376  3.890 0.2000000030
9504  3.854  -62.671  3.572 0.3000000119
9505  3.398  -62.889  3.504 0.3000000119
9660  -1.717  -61.360  38.918 0.4000000060
9679  -2.808  -62.079  36.996 0.6000000238
9722  -5.326  -61.133  33.417 0.6999999881
9730  -0.953  -61.942  32.070 0.6999999881
9731  -2.008  -62.040  32.140 0.6999999881
9733  -5.029  -61.047  32.652 0.6999999881
9742  -0.946  -61.781  31.304 0.6999999881
9758  -3.044  -61.251  28.851 0.8000000119
9784  -5.011  -61.489  27.677 0.8999999762
9815  -3.027  -60.962  24.808 0.2000000030
9939  2.987  -61.930  16.685 0.8999999762
9944  -2.670  -61.354  15.643 1.0000000000
9957  3.908  -61.605  15.642 0.6999999881
9963  -3.368  -61.173  14.135 0.6999999881
9996  5.822  -60.872  12.440 0.1000000015
9997  2.057  -61.952  12.781 0.8000000119
9998  1.241  -61.282  12.539 0.8000000119
10001  -5.636  -61.161  11.859 0.3000000119
10011  0.851  -61.805  11.903 0.6000000238
10017  4.825  -62.191  10.508 0.2000000030
10018  4.214  -61.957  10.755 0.2000000030
10019  3.432  -61.534  10.477 0.2000000030
10028  6.284  -60.822  8.593 0.2000000030
10031  2.715  -61.216  9.697 0.2000000030
10032  -1.991  -61.567  9.070 0.5000000000
10040  5.674  -61.704  8.184 0.2000000030
10041  2.548  -61.649  8.311 0.2000000030
10048  -1.256  -61.033  7.095 0.4000000060
10049  -2.211  -61.784  7.843 0.4000000060
10053  7.385  -60.965  6.157 0.1000000015
10056  0.503  -60.467  5.745 0.4000000060
10064  6.987  -61.117  5.496 0.1000000015
10066  6.039  -61.008  5.041 0.1000000015
10067  3.175  -61.914  5.183 0.2000000030
10069  1.934  -60.945  4.940 0.4000000060
10086  5.971  -61.621  4.566 0.2000000030
10087  3.148  -62.128  4.535 0.2000000030
10088  2.480  -61.730  4.668 0.2000000030
10200  -2.589  -60.482  42.945 0.4000000060
10259  -1.883  -60.632  38.895 0.4000000060
10330  0.258  -60.166  34.735 0.6999999881
10341  0.333  -60.214  34.236 0.6999999881
10344  -2.499  -60.465  33.855 0.6999999881
10352  0.149  -60.414  33.613 0.6999999881
10353  -0.380  -60.952  33.500 0.6999999881
10357  -5.223  -60.395  33.150 0.6999999881
10377  -0.647  -61.200  31.552 0.6999999881
10415  -6.132  -60.198  28.203 0.8000000119
10422  -2.030  -60.080  27.131 0.1000000015
10452  -4.687  -59.530  24.553 0.1000000015
10453  -7.264  -60.238  25.153 0.6999999881
10481  -6.953  -60.393  23.885 0.6999999881
10491  -6.399  -60.123  23.313 0.4000000060
10537  3.226  -60.194  19.172 0.6999999881
10543  4.438  -59.778  18.224 0.6000000238
10544  3.916  -60.104  18.723 0.6000000238
10545  3.160  -60.526  18.532 0.6999999881
10554  2.784  -60.969  17.821 0.8000000119
10556  0.793  -60.414  17.153 0.8999999762
10557  0.090  -60.214  16.433 0.8999999762
10573  4.273  -60.956  16.238 0.6000000238
10574  -0.562  -60.129  15.905 1.0000000000
10587  -3.216  -60.002  14.997 0.8999999762
10601  3.560  -60.779  14.584 0.6999999881
10605  -6.494  -60.521  13.820 0.2000000030
10635  6.376  -60.272  13.357 0.1000000015
10637  2.379  -60.815  13.530 0.8000000119
10639  0.833  -59.794  13.212 0.5000000000
10640  -5.106  -59.842  12.701 0.6000000238
10641  -5.832  -60.102  12.577 0.4000000060
10661  6.383  -60.666  12.878 0.1000000015
10662  5.018  -60.199  12.755 0.1000000015
10664  -0.257  -60.392  12.392 0.5000000000
10665  -0.885  -59.938  12.225 0.5000000000
10683  4.490  -60.329  12.314 0.2000000030
10684  3.844  -60.480  11.743 0.2000000030
10686  -2.399  -59.892  10.668 0.5000000000
10700  -2.548  -60.416  9.930 0.5000000000
10718  1.547  -59.939  9.184 0.2000000030
10720  -3.431  -60.099  9.228 0.5000000000
10736  -2.453  -60.321  8.105 0.4000000060
10746  7.397  -60.112  6.555 0.1000000015
10747  6.647  -59.843  6.641 0.1000000015
10751  -1.026  -60.099  7.031 0.4000000060
10762  6.684  -60.229  6.176 0.1000000015
10763  6.370  -60.450  5.969 0.1000000015
10765  1.366  -59.662  5.839 0.3000000119
10766  0.805  -59.691  5.820 0.3000000119
10781  1.201  -60.061  5.528 0.4000000060
10844  -2.997  -59.540  49.546 0.2000000030
10914  -3.442  -58.465  43.138 0.2000000030
10955  -4.719  -59.041  38.811 0.6000000238
10970  -4.849  -58.551  37.974 0.6000000238
11005  -5.126  -58.819  36.947 0.6000000238
11026  0.157  -59.895  35.364 0.6999999881
11029  -4.426  -59.173  35.113 0.6000000238
11041  0.477  -59.754  34.621 0.6999999881
11104  -2.620  -60.001  30.476 0.8999999762
11105  -3.746  -59.749  30.075 0.8000000119
11116  -1.130  -59.215  28.745 0.1000000015
11118  -6.461  -58.876  28.934 0.8000000119
11135  -6.565  -59.460  27.315 0.6999999881
11215  2.557  -59.074  21.986 0.4000000060
11216  2.080  -59.138  22.375 0.5000000000
11232  1.757  -59.475  21.779 0.6999999881
11239  3.513  -59.227  20.111 0.6000000238
11241  1.989  -59.949  20.521 0.6999999881
11242  1.036  -59.609  20.867 0.6999999881
11248  3.666  -59.655  19.421 0.6000000238
11258  1.354  -60.121  18.856 0.8000000119
11270  -0.498  -59.590  16.722 0.8999999762
11282  4.637  -59.818  16.899 0.6000000238
11283  4.373  -59.381  16.227 0.5000000000
11284  -1.162  -59.475  16.074 1.0000000000
11289  4.101  -59.696  15.473 0.5000000000
11291  -2.887  -58.650  15.624 0.8000000119
11293  -4.117  -58.775  14.530 0.6999999881
11294  -6.483  -59.068  14.291 0.2000000030
11318  -4.879  -58.900  13.719 0.6000000238
11344  6.716  -59.867  13.785 0.1000000015
11347  1.268  -58.958  13.582 0.5000000000
11363  -1.695  -59.271  11.874 0.5000000000
11374  3.891  -59.520  12.136 0.2000000030
11375  2.349  -59.160  11.240 0.2000000030
11377  -3.291  -59.190  10.341 0.5000000000
11393  1.083  -58.897  10.504 0.2000000030
11394  0.343  -58.488  10.089 0.2000000030
11411  7.067  -59.009  8.419 0.1000000015
11412  2.077  -60.248  9.983 0.2000000030
11429  0.810  -59.380  8.657 0.2000000030
11430  0.089  -59.032  7.855 0.4000000060
11433  -3.243  -59.334  8.754 0.5000000000
11445  6.833  -59.350  7.068 0.1000000015
11448  -0.319  -59.405  6.903 0.4000000060
11456  6.856  -59.704  6.591 0.1000000015
11598  -3.617  -57.448  46.594 0.2000000030
11650  -4.806  -57.318  41.213 0.3000000119
11675  -5.110  -58.195  40.010 0.5000000000
11704  1.193  -57.584  37.272 0.6999999881
11705  0.948  -58.199  37.099 0.6000000238
11709  -4.715  -58.349  37.262 0.6000000238
11728  -4.225  -58.460  36.269 0.6000000238
11758  0.674  -58.933  34.890 0.6999999881
11759  0.103  -58.485  34.108 0.8000000119
11775  0.023  -58.983  33.534 0.6999999881
11792  -0.354  -59.216  32.928 0.6999999881
11810  1.035  -58.189  30.825 0.1000000015
11833  -5.930  -58.579  30.233 0.8000000119
11852  -2.744  -58.199  28.269 0.2000000030
11869  -6.027  -57.954  26.461 0.5000000000
11886  -6.344  -58.431  26.296 0.5000000000
11898  -5.562  -58.467  25.441 0.4000000060
11943  1.869  -58.746  22.801 0.5000000000
11944  0.846  -58.496  22.896 0.6000000238
11959  3.046  -58.695  21.493 0.4000000060
11960  0.448  -58.816  22.235 0.6999999881
11961  -0.254  -58.651  21.578 0.6999999881
11962  -0.909  -58.222  21.144 0.8000000119
11966  3.593  -58.434  20.231 0.4000000060
11969  -1.253  -58.265  20.450 0.8999999762
11976  -2.011  -58.271  18.739 1.0000000000
11981  4.490  -59.220  17.586 0.6000000238
11993  4.200  -58.573  17.108 0.5000000000
11995  -2.283  -58.095  17.541 1.0000000000
12006  4.045  -58.580  16.424 0.5000000000
12018  3.767  -58.762  15.677 0.5000000000
12019  3.016  -58.184  15.275 0.6000000238
12020  2.383  -57.727  15.031 0.5000000000
12022  -4.804  -58.180  14.273 0.6999999881
12023  -6.416  -58.172  14.548 0.3000000119
12044  -6.126  -58.521  13.853 0.4000000060
12064  6.406  -59.043  13.804 0.1000000015
12065  1.646  -58.209  14.053 0.5000000000
12067  -0.070  -58.361  13.118 0.5000000000
12092  3.489  -58.565  11.918 0.2000000030
12094  -2.704  -58.529  11.431 0.5000000000
12095  -3.567  -57.797  10.880 0.5000000000
12116  -0.233  -58.406  9.318 0.3000000119
12131  -2.684  -58.644  8.514 0.5000000000
12301  -2.858  -56.917  48.192 0.2000000030
12333  3.780  -57.239  43.964 0.1000000015
12338  -3.565  -56.512  44.263 0.2000000030
12371  -5.013  -56.923  40.746 0.3000000119
12393  -5.101  -56.837  40.127 0.3000000119
12403  1.213  -57.226  39.227 0.5000000000
12405  -1.464  -57.570  39.434 0.6000000238
12407  -5.155  -56.960  39.162 0.4000000060
12420  0.999  -57.532  38.753 0.4000000060
12436  -4.908  -58.108  37.839 0.6000000238
12446  1.162  -57.456  36.732 0.6999999881
12498  -1.985  -57.828  32.957 0.8000000119
12500  -4.266  -57.374  32.514 0.8999999762
12539  -6.452  -57.002  30.151 0.6999999881
12567  -2.999  -57.547  28.756 0.2000000030
12571  -6.446  -56.861  28.237 0.5000000000
12582  -4.368  -57.248  27.653 0.3000000119
12622  2.585  -57.413  24.649 0.2000000030
12624  1.250  -57.629  24.068 0.4000000060
12631  3.329  -57.017  23.840 0.4000000060
12632  2.823  -57.475  23.484 0.4000000060
12633  2.278  -57.760  23.954 0.4000000060
12635  -0.595  -57.005  23.201 0.6999999881
12664  2.829  -57.966  21.671 0.4000000060
12665  -0.874  -57.862  21.756 0.8000000119
12666  -1.477  -57.721  21.146 0.8999999762
12667  -2.127  -57.140  21.020 0.8999999762
12670  3.323  -57.928  20.322 0.4000000060
12673  -2.373  -57.295  20.205 0.8999999762
12677  3.000  -57.629  20.015 0.4000000060
12693  4.092  -58.105  17.831 0.5000000000
12707  -3.353  -57.308  16.200 1.0000000000
12720  -3.915  -57.429  15.340 0.8000000119
12747  -5.496  -57.496  14.279 0.6000000238
12748  -6.074  -57.650  14.157 0.6999999881
12766  6.240  -57.944  13.594 0.1000000015
12767  -2.262  -56.721  12.698 0.4000000060
12787  -3.285  -56.767  12.087 0.4000000060
12803  3.250  -57.756  11.609 0.2000000030
12832  -1.507  -57.230  9.621 0.3000000119
12833  -2.564  -57.406  9.453 0.4000000060
12834  -3.289  -57.924  9.536 0.5000000000
13044  -3.298  -56.302  44.571 0.2000000030
13104  1.355  -56.854  38.781 0.5000000000
13115  1.149  -56.487  37.592 0.6000000238
13127  1.342  -57.069  37.297 0.6999999881
13136  0.702  -57.077  36.217 0.6999999881
13236  -5.226  -55.656  28.976 0.4000000060
13238  -6.306  -56.246  29.477 0.6999999881
13251  -6.191  -56.403  28.655 0.5000000000
13261  3.062  -56.262  26.339 0.2000000030
13280  4.119  -56.403  25.587 0.2000000030
13281  3.405  -56.702  25.769 0.2000000030
13282  2.644  -56.790  25.936 0.2000000030
13283  1.068  -56.483  25.476 0.4000000060
13302  3.668  -56.824  25.069 0.4000000060
13303  1.523  -56.899  25.230 0.2000000030
13305  -0.421  -56.119  23.929 0.6999999881
13309  3.747  -56.642  24.303 0.2000000030
13310  0.148  -57.089  23.858 0.6000000238
13329  -1.301  -56.659  22.710 0.8999999762
13341  8.189  -56.289  21.114 0.1000000015
13343  5.814  -55.930  21.097 0.2000000030
13344  2.448  -56.945  22.410 0.4000000060
13349  9.956  -55.999  19.876 0.1000000015
13350  8.592  -56.364  20.401 0.1000000015
13353  5.874  -56.058  20.200 0.2000000030
13362  9.788  -56.248  19.278 0.1000000015
13363  8.494  -56.554  19.679 0.1000000015
13364  7.632  -56.628  19.275 0.1000000015
13379  5.990  -56.266  18.168 0.1000000015
13381  -0.498  -55.496  18.910 0.3000000119
13383  -3.359  -56.285  18.486 1.0000000000
13407  -4.674  -55.861  15.290 0.8000000119
13408  -6.297  -55.685  15.914 0.6000000238
13418  0.857  -56.616  14.741 0.5000000000
13420  -5.506  -56.179  14.831 0.8000000119
13422  -6.021  -55.607  15.346 0.6999999881
13479  -3.834  -56.175  12.001 0.4000000060
13490  2.921  -57.135  11.253 0.2000000030
13504  -0.104  -56.659  10.434 0.2000000030
13506  -2.740  -56.020  10.421 0.3000000119
13713  4.656  -55.156  41.715 0.1000000015
13762  -1.620  -55.627  36.337 0.6999999881
13774  -3.019  -55.581  35.552 0.8000000119
13775  -3.713  -55.279  35.420 0.8999999762
13788  -4.266  -55.274  34.968 0.8999999762
13789  -4.995  -55.150  34.449 0.8999999762
13804  -5.993  -54.968  33.325 0.8999999762
13816  -1.509  -54.553  32.097 0.1000000015
13854  -6.090  -55.220  30.349 0.6000000238
13883  -6.116  -55.678  29.741 0.6999999881
13924  2.560  -55.489  26.592 0.2000000030
13926  1.099  -55.119  26.632 0.3000000119
13940  5.055  -55.398  25.720 0.2000000030
13961  -0.684  -55.218  24.096 0.8999999762
13985  7.696  -55.810  22.824 0.1000000015
13986  6.707  -55.978  23.041 0.2000000030
13988  4.170  -55.214  23.208 0.3000000119
14003  8.000  -56.104  22.021 0.1000000015
14007  3.735  -54.762  22.637 0.3000000119
14010  -3.144  -55.146  20.763 1.0000000000
14015  10.332  -55.460  20.131 0.1000000015
14023  -3.420  -55.216  19.778 1.0000000000
14032  -6.434  -54.999  18.377 0.4000000060
14038  4.796  -55.223  18.464 0.1000000015
14040  -1.294  -54.313  18.825 0.2000000030
14053  -4.563  -54.330  16.092 0.8000000119
14071  -6.016  -55.095  15.822 0.6000000238
14087  -1.184  -54.243  16.003 0.2000000030
14088  -5.530  -55.582  15.193 0.8000000119
14096  0.293  -55.929  15.111 0.4000000060
14141  6.509  -56.025  12.618 0.1000000015
14143  -2.651  -54.712  12.487 0.3000000119
14156  6.345  -55.196  12.012 0.1000000015
14158  4.708  -55.851  11.360 0.1000000015
14159  -3.201  -54.989  11.850 0.4000000060
14170  4.209  -55.425  10.495 0.2000000030
14171  3.457  -55.217  10.153 0.2000000030
14173  1.434  -55.608  10.508 0.2000000030
14174  0.590  -55.406  10.480 0.2000000030
14401  -1.289  -53.738  41.032 0.4000000060
14416  4.789  -54.367  39.740 0.1000000015
14464  -3.061  -54.658  36.756 0.6000000238
14466  -4.868  -53.681  36.129 0.8999999762
14496  -0.961  -53.452  32.951 0.1000000015
14622  3.128  -54.770  26.561 0.2000000030
14624  0.523  -54.614  26.798 0.4000000060
14625  -0.104  -54.153  26.928 0.8000000119
14640  4.609  -54.745  26.199 0.2000000030
14643  -0.874  -53.923  24.905 0.8999999762
14651  7.239  -53.988  24.310 0.1000000015
14652  6.609  -54.428  24.755 0.1000000015
14653  6.086  -54.779  25.125 0.1000000015
14654  -0.434  -54.766  24.953 0.8999999762
14658  7.625  -54.494  23.722 0.1000000015
14660  -1.264  -54.878  23.491 0.8999999762
14673  8.406  -54.476  22.483 0.1000000015
14674  8.054  -54.942  23.112 0.1000000015
14675  2.885  -54.699  22.607 0.3000000119
14679  -6.278  -54.637  22.962 0.1000000015
14687  9.062  -54.362  21.173 0.1000000015
14689  4.082  -54.483  21.097 0.2000000030
14691  2.446  -54.297  21.943 0.3000000119
14692  1.617  -54.721  21.682 0.3000000119
14693  -2.709  -55.082  21.654 0.8999999762
14695  -6.436  -54.228  21.506 0.1000000015
14704  0.200  -54.438  20.897 0.3000000119
14708  11.733  -54.766  19.411 0.1000000015
14709  4.278  -54.650  19.600 0.1000000015
14710  3.616  -54.206  19.502 0.1000000015
14711  0.328  -53.812  20.512 0.2000000030
14712  -0.395  -54.248  20.365 0.2000000030
14715  -6.481  -54.450  19.141 0.5000000000
14725  -1.571  -53.496  18.114 0.1000000015
14727  -5.674  -53.515  17.369 0.6000000238
14734  2.962  -53.839  17.415 0.1000000015
14738  -5.713  -54.483  16.134 0.6999999881
14748  -5.161  -54.250  15.953 0.8000000119
14764  2.800  -54.025  15.527 0.1000000015
14765  -1.274  -53.683  15.775 0.3000000119
14778  -1.176  -53.776  14.790 0.3000000119
14796  -1.526  -53.733  13.932 0.3000000119
14818  -2.017  -53.965  12.625 0.3000000119
14837  5.815  -54.672  11.133 0.1000000015
14854  4.771  -54.619  9.824 0.1000000015
14855  2.004  -54.788  10.142 0.2000000030
14857  0.618  -54.678  10.570 0.2000000030
14858  -0.857  -54.530  11.158 0.2000000030
14859  -2.143  -54.762  11.437 0.4000000060
14868  5.194  -54.095  9.376 0.1000000015
14870  3.624  -54.372  9.520 0.1000000015
14871  2.768  -54.215  9.730 0.2000000030
14872  2.004  -53.928  10.061 0.1000000015
15075  1.912  -53.439  42.423 0.2000000030
15076  1.238  -53.481  42.690 0.2000000030
15077  0.539  -53.302  42.405 0.2000000030
15089  3.098  -53.455  40.525 0.1000000015
15092  -0.116  -53.121  41.897 0.4000000060
15148  -3.260  -53.747  38.177 0.6000000238
15159  -4.251  -53.848  36.822 0.8000000119
15182  -5.543  -53.698  34.187 0.8999999762
15191  -1.587  -52.940  32.871 0.1000000015
15192  -5.601  -53.282  33.398 0.8999999762
15204  -5.745  -53.275  32.690 0.6999999881
15280  3.734  -54.056  26.356 0.2000000030
15283  -1.166  -53.265  26.149 0.8999999762
15297  -0.652  -53.863  25.949 0.8999999762
15307  6.060  -53.181  25.077 0.1000000015
15308  -1.392  -53.237  24.683 0.8999999762
15309  -5.894  -53.497  24.493 0.1000000015
15317  7.068  -52.905  23.932 0.1000000015
15318  -1.533  -53.122  23.792 0.8999999762
15345  8.564  -54.005  21.701 0.1000000015
15346  8.029  -53.473  21.991 0.1000000015
15353  12.005  -53.633  20.222 0.1000000015
15378  -0.196  -53.200  18.839 0.2000000030
15381  -4.346  -52.377  17.700 1.0000000000
15382  -5.434  -52.769  17.695 1.0000000000
15392  1.094  -52.858  17.286 0.1000000015
15393  -0.248  -52.753  17.854 0.1000000015
15395  -5.131  -53.091  17.113 0.6999999881
15424  1.791  -53.340  15.400 0.1000000015
15425  0.840  -53.086  15.217 0.1000000015
15426  -0.248  -52.859  15.570 0.1000000015
15427  -0.816  -53.305  15.266 0.2000000030
15445  -1.397  -53.159  13.736 0.3000000119
15459  3.446  -53.375  13.759 0.1000000015
15476  -1.588  -53.324  12.809 0.3000000119
15498  1.061  -52.991  11.067 0.1000000015
15521  5.780  -53.892  9.744 0.1000000015
15537  4.840  -53.885  9.193 0.1000000015
15785  0.222  -52.662  41.213 0.4000000060
15801  -0.426  -52.328  40.453 0.5000000000
15803  -2.087  -52.644  40.052 0.5000000000
15888  -0.757  -52.576  33.899 0.1000000015
15899  -4.207  -52.083  32.045 0.2000000030
15900  -4.930  -52.049  32.479 0.6000000238
15946  -0.122  -51.595  28.390 0.6999999881
15956  1.211  -52.542  27.676 0.4000000060
15959  -1.926  -51.861  27.078 0.8999999762
15960  -5.538  -52.274  27.937 0.1000000015
15973  2.437  -53.028  26.574 0.3000000119
15974  1.939  -52.376  26.790 0.4000000060
15991  4.557  -52.945  25.693 0.1000000015
15992  3.726  -52.566  25.704 0.1000000015
16001  4.530  -52.155  25.243 0.1000000015
16002  3.549  -51.828  25.263 0.1000000015
16003  2.977  -51.517  25.291 0.3000000119
16005  -2.121  -51.771  24.146 0.8999999762
16006  -5.713  -52.579  24.203 0.1000000015
16010  7.466  -52.928  23.204 0.1000000015
16011  6.986  -52.212  23.103 0.1000000015
16022  6.935  -52.395  22.035 0.1000000015
16037  11.711  -52.264  20.366 0.1000000015
16038  11.012  -52.279  20.450 0.1000000015
16039  9.677  -52.843  20.449 0.1000000015
16042  6.958  -52.397  19.779 0.1000000015
16047  13.991  -52.126  18.901 0.1000000015
16048  13.524  -52.284  19.238 0.1000000015
16050  -3.470  -51.491  18.885 1.0000000000
16051  -5.703  -51.820  18.937 0.8000000119
16058  -4.117  -51.521  18.265 1.0000000000
16060  -5.230  -51.918  17.963 1.0000000000
16111  1.956  -52.336  13.541 0.1000000015
16114  -0.661  -52.294  14.019 0.3000000119
16130  -0.804  -52.043  13.439 0.1000000015
16131  -1.331  -52.754  13.213 0.3000000119
16145  -0.819  -52.080  12.802 0.3000000119
16160  1.367  -52.024  11.333 0.1000000015
16183  3.767  -52.638  10.075 0.1000000015
16199  5.146  -53.434  9.536 0.1000000015
16201  3.554  -53.430  9.619 0.1000000015
16492  1.463  -51.848  39.638 0.5000000000
16507  2.074  -51.221  39.305 0.6000000238
16570  -1.475  -51.157  33.516 0.1000000015
16579  -1.900  -51.689  33.007 0.1000000015
16648  1.044  -51.686  27.747 0.6000000238
16649  -0.757  -51.967  28.132 0.6999999881
16652  -5.614  -51.124  27.382 0.2000000030
16682  5.972  -51.796  24.183 0.1000000015
16683  5.080  -51.568  24.527 0.1000000015
16688  -5.617  -51.174  24.909 0.4000000060
16696  3.088  -50.719  24.377 0.2000000030
16697  -2.019  -51.377  23.036 0.8999999762
16713  4.803  -51.373  20.163 0.1000000015
16719  10.594  -51.711  20.310 0.1000000015
16720  9.824  -52.011  20.203 0.1000000015
16722  7.577  -52.358  19.719 0.1000000015
16724  4.753  -51.518  19.154 0.1000000015
16725  -2.780  -50.552  20.520 1.0000000000
16726  -5.382  -50.671  19.747 0.8999999762
16730  13.740  -51.681  19.186 0.1000000015
16733  8.088  -51.719  19.491 0.1000000015
16736  5.435  -51.796  19.021 0.1000000015
16738  -4.090  -50.664  18.843 1.0000000000
16745  -3.860  -50.938  18.641 1.0000000000
16788  -0.254  -51.585  13.603 0.1000000015
16809  0.153  -51.098  13.254 0.1000000015
16828  1.161  -50.682  12.394 0.1000000015
16852  2.661  -51.140  11.444 0.1000000015
16854  0.656  -51.321  12.035 0.1000000015
16855  -0.116  -51.653  12.472 0.1000000015
17171  2.939  -49.953  39.236 0.5000000000
17172  1.576  -50.620  38.924 0.5000000000
17193  -1.983  -49.924  38.226 0.6000000238
17252  -3.276  -50.196  32.508 0.1000000015
17253  -4.364  -50.185  32.707 0.5000000000
17258  10.978  -50.638  31.599 0.1000000015
17281  -4.310  -50.106  30.169 0.1000000015
17304  0.533  -51.220  28.125 0.6999999881
17305  -0.180  -50.707  28.424 0.6999999881
17307  -2.008  -50.068  28.251 0.8999999762
17315  12.051  -50.186  27.554 0.1000000015
17320  -1.848  -50.803  28.191 0.8999999762
17322  -5.588  -50.037  28.116 0.2000000030
17330  -2.620  -50.522  26.882 0.8999999762
17349  2.738  -50.322  24.173 0.2000000030
17355  4.062  -50.491  23.320 0.2000000030
17357  2.427  -49.864  23.791 0.2000000030
17364  4.740  -50.587  22.441 0.1000000015
17368  -5.381  -50.014  22.469 0.8000000119
17374  2.671  -49.980  21.577 0.2000000030
17376  -3.147  -49.907  20.888 1.0000000000
17380  10.942  -50.958  20.197 0.1000000015
17383  3.332  -50.646  20.216 0.2000000030
17387  -4.289  -49.931  20.271 1.0000000000
17388  -5.252  -50.270  20.669 0.8999999762
17390  13.753  -51.012  19.201 0.1000000015
17396  8.237  -50.665  19.388 0.1000000015
17400  4.211  -51.102  18.727 0.2000000030
17403  1.891  -50.153  20.393 0.2000000030
17405  -4.822  -50.259  19.896 1.0000000000
17410  13.670  -50.168  18.943 0.1000000015
17480  2.480  -50.437  12.744 0.1000000015
17481  1.747  -50.442  12.597 0.1000000015
17499  3.297  -50.172  12.257 0.1000000015
17500  2.453  -50.209  12.171 0.1000000015
17519  4.015  -50.209  12.021 0.1000000015
17520  3.141  -50.426  11.818 0.1000000015
17521  2.270  -50.418  11.935 0.1000000015
17908  3.217  -49.348  39.132 0.5000000000
17911  0.974  -50.046  38.538 0.6000000238
17921  4.362  -48.713  38.722 0.5000000000
17923  0.199  -49.678  38.018 0.6000000238
17926  -4.090  -49.242  37.792 0.8999999762
17942  -4.434  -48.740  37.169 0.8000000119
17953  8.020  -49.532  35.445 0.1000000015
17977  -5.499  -49.324  33.861 0.5000000000
17997  10.388  -49.744  32.359 0.1000000015
18030  -4.555  -49.415  29.915 0.1000000015
18044  -1.774  -49.409  28.382 0.8999999762
18045  -2.338  -49.482  27.977 0.8999999762
18046  -4.966  -49.225  29.171 0.1000000015
18048  20.102  -49.422  27.223 0.1000000015
18056  0.423  -49.186  27.650 0.6999999881
18058  -2.574  -49.610  27.190 0.8999999762
18069  -5.392  -49.453  26.504 0.5000000000
18072  21.252  -48.700  25.171 0.1000000015
18073  20.584  -49.235  25.336 0.1000000015
18078  -5.390  -49.572  25.613 0.6000000238
18089  -2.441  -49.335  24.284 1.0000000000
18093  2.275  -49.189  23.365 0.2000000030
18099  -2.720  -49.105  22.364 1.0000000000
18100  -3.421  -48.853  21.860 1.0000000000
18107  -2.755  -49.635  21.690 1.0000000000
18109  -4.427  -49.397  20.991 1.0000000000
18110  -5.012  -49.566  21.194 1.0000000000
18119  19.373  -48.159  19.992 0.1000000015
18124  9.801  -49.842  19.562 0.1000000015
18127  6.465  -50.504  18.652 0.1000000015
18134  13.528  -49.295  18.696 0.1000000015
18135  12.749  -48.937  18.821 0.1000000015
18136  11.939  -48.754  18.968 0.1000000015
18143  0.435  -49.817  18.695 0.2000000030
18157  18.124  -49.260  16.378 0.1000000015
18661  2.956  -47.975  38.595 0.5000000000
18676  -3.247  -48.511  37.792 0.8000000119
18706  8.508  -48.309  35.187 0.1000000015
18710  -5.034  -48.288  36.338 0.8000000119
18797  11.723  -48.739  28.463 0.2000000030
18804  -0.889  -48.340  28.480 0.8999999762
18806  -2.163  -48.714  28.160 0.8999999762
18812  11.706  -47.935  28.200 0.1000000015
18816  0.349  -48.421  27.776 0.8999999762
18825  20.848  -48.954  26.847 0.1000000015
18830  -5.282  -48.479  26.098 0.6000000238
18840  -5.350  -48.758  25.247 0.8999999762
18845  21.860  -48.170  25.060 0.1000000015
18854  -2.441  -48.184  23.828 1.0000000000
18855  -5.125  -47.753  23.528 1.0000000000
18859  13.382  -48.370  22.331 0.1000000015
18860  12.759  -48.281  22.556 0.1000000015
18864  -4.815  -47.917  22.704 1.0000000000
18873  13.083  -48.254  22.015 0.1000000015
18874  2.257  -48.558  22.636 0.2000000030
18876  -4.457  -48.350  22.183 1.0000000000
18882  15.539  -48.410  21.284 0.1000000015
18894  21.204  -47.168  19.725 0.3000000119
18897  17.979  -48.355  19.944 0.1000000015
18902  -1.149  -49.014  19.216 0.2000000030
18910  10.766  -48.047  18.830 0.1000000015
18912  8.364  -48.256  19.303 0.1000000015
18919  -0.135  -49.412  18.122 0.2000000030
18926  16.693  -48.762  17.540 0.1000000015
18934  -0.952  -48.580  16.356 0.2000000030
18940  18.509  -48.798  16.175 0.1000000015
18944  0.822  -48.539  15.980 0.3000000119
19436  2.703  -47.338  38.029 0.8000000119
19450  2.424  -46.900  37.374 0.6999999881
19454  -3.052  -46.947  36.894 0.8000000119
19469  7.508  -47.993  36.435 0.4000000060
19471  -3.525  -46.442  36.152 0.6999999881
19483  9.370  -47.846  34.039 0.1000000015
19501  0.730  -47.366  33.106 0.1000000015
19503  -1.278  -47.428  32.941 0.1000000015
19522  11.212  -47.522  31.117 0.2000000030
19523  10.904  -47.611  31.690 0.1000000015
19539  -4.336  -47.446  30.460 0.1000000015
19548  -4.667  -47.467  29.414 0.2000000030
19550  21.561  -47.643  28.496 0.1000000015
19556  -0.873  -47.423  28.423 0.8999999762
19561  21.772  -47.971  27.099 0.1000000015
19568  0.459  -47.646  27.667 0.8000000119
19572  22.683  -47.590  26.063 0.1000000015
19579  -5.237  -47.456  25.810 0.8999999762
19597  18.912  -47.230  24.515 0.1000000015
19603  -4.168  -46.881  23.811 1.0000000000
19617  1.759  -47.348  24.111 0.6000000238
19618  -2.775  -47.455  23.619 1.0000000000
19639  1.783  -46.814  22.114 0.4000000060
19641  -2.066  -47.440  21.032 0.4000000060
19643  16.608  -47.925  20.396 0.1000000015
19644  15.441  -47.539  20.780 0.1000000015
19650  22.114  -47.350  19.184 0.3000000119
19652  20.296  -46.967  19.311 0.1000000015
19658  -3.358  -47.957  18.296 0.4000000060
19668  12.395  -47.248  18.148 0.1000000015
19669  11.000  -47.357  18.534 0.1000000015
19691  3.685  -47.906  17.213 0.2000000030
19693  -1.608  -48.204  16.155 0.3000000119
19709  18.584  -47.987  16.244 0.1000000015
20200  4.606  -46.077  38.514 0.6999999881
20211  6.007  -46.418  37.916 0.6000000238
20212  3.309  -46.000  37.579 0.8000000119
20233  2.083  -46.046  36.315 0.8999999762
20235  0.755  -46.068  35.910 0.8000000119
20254  -3.426  -45.675  34.321 0.6999999881
20262  9.820  -46.310  33.532 0.2000000030
20270  -0.045  -46.585  32.771 0.1000000015
20273  -3.589  -46.192  33.584 0.2000000030
20284  10.191  -46.712  32.979 0.1000000015
20310  11.563  -46.697  30.070 0.2000000030
20318  11.533  -46.689  29.302 0.2000000030
20329  -1.458  -46.813  28.255 0.8999999762
20341  0.316  -46.646  27.595 0.8999999762
20343  -1.543  -46.245  27.935 0.8999999762
20345  -5.323  -46.316  26.997 0.8999999762
20353  11.855  -46.394  27.049 0.1000000015
20357  -0.099  -45.631  27.559 0.8999999762
20368  -2.588  -45.652  25.215 0.8999999762
20373  24.305  -46.152  24.937 0.8000000119
20383  1.453  -46.517  23.812 0.6999999881
20384  0.835  -46.000  24.683 0.6999999881
20387  -4.675  -46.641  24.327 1.0000000000
20405  23.394  -45.903  22.418 0.6000000238
20420  23.434  -46.896  19.538 0.6000000238
20424  0.452  -46.477  21.851 0.5000000000
20430  22.087  -47.307  19.164 0.3000000119
20432  22.957  -47.310  19.309 0.6000000238
20433  21.809  -46.425  19.433 0.2000000030
20442  22.137  -47.289  19.194 0.3000000119
20445  18.350  -46.294  18.815 0.1000000015
20463  6.102  -46.843  18.226 0.2000000030
20465  -3.995  -47.064  17.887 0.4000000060
20479  12.358  -46.350  17.878 0.1000000015
20480  11.337  -45.946  18.050 0.1000000015
20481  10.460  -46.010  18.267 0.1000000015
20486  5.562  -46.572  17.648 0.2000000030
20489  -1.887  -47.439  16.604 0.4000000060
20528  -0.253  -46.344  14.322 0.2000000030
20529  -0.362  -45.826  13.676 0.2000000030
20539  1.367  -45.825  13.507 0.2000000030
20540  0.179  -46.014  13.561 0.2000000030
20550  0.089  -45.576  13.398 0.2000000030
20551  -0.522  -45.399  13.588 0.2000000030
21013  5.458  -45.049  38.336 0.6999999881
21014  4.807  -45.272  38.411 0.6999999881
21048  8.472  -45.336  35.167 0.5000000000
21049  7.927  -45.462  35.849 0.4000000060
21054  -2.335  -45.234  35.338 0.6000000238
21070  -2.927  -44.914  33.926 0.4000000060
21084  9.016  -45.363  34.488 0.5000000000
21088  2.363  -45.825  32.844 0.1000000015
21090  -2.512  -45.184  32.961 0.3000000119
21091  -2.891  -45.150  33.349 0.3000000119
21110  10.881  -45.365  31.930 0.3000000119
21115  2.255  -45.167  32.620 0.1000000015
21116  1.609  -45.334  32.620 0.1000000015
21152  -4.031  -45.048  31.104 0.1000000015
21169  -1.188  -45.978  28.129 0.8999999762
21170  -5.229  -44.993  28.337 0.8000000119
21182  -1.288  -45.441  27.646 0.8999999762
21189  15.547  -44.956  26.531 0.2000000030
21199  -0.531  -44.818  27.363 0.8999999762
21200  -1.467  -44.823  26.525 0.8999999762
21207  21.044  -44.972  25.078 0.8000000119
21216  -3.458  -45.171  25.336 1.0000000000
21222  21.245  -45.125  24.751 0.8999999762
21226  13.793  -45.849  24.143 0.1000000015
21253  24.301  -45.196  22.541 0.6000000238
21259  -0.440  -45.840  22.770 0.6999999881
21260  -1.701  -45.696  22.821 0.6999999881
21261  -2.645  -45.159  23.006 0.8999999762
21267  24.147  -45.133  21.555 0.6999999881
21273  -3.025  -46.062  21.812 0.6999999881
21274  -3.434  -45.417  21.859 0.8000000119
21280  23.846  -46.372  19.971 0.5000000000
21282  16.445  -45.312  19.710 0.1000000015
21286  -4.084  -45.215  20.314 0.6999999881
21305  19.541  -45.183  18.486 0.1000000015
21330  7.534  -45.502  17.822 0.1000000015
21332  6.003  -45.844  17.148 0.1000000015
21335  -1.820  -46.099  17.324 0.4000000060
21353  6.453  -45.261  16.612 0.1000000015
21366  5.296  -45.250  15.235 0.1000000015
21369  2.517  -45.574  13.814 0.2000000030
21370  -0.465  -45.484  14.755 0.2000000030
21383  1.998  -45.091  12.971 0.2000000030
21392  0.062  -44.952  13.510 0.2000000030
21393  -0.607  -45.040  13.765 0.2000000030
21835  5.083  -44.500  38.320 0.6999999881
21844  6.185  -43.500  38.072 0.6999999881
21862  2.957  -44.846  36.273 0.6999999881
21864  0.979  -44.240  35.143 0.6999999881
21865  -0.395  -44.088  34.697 0.6000000238
21884  -0.947  -43.674  34.055 0.6000000238
21886  -2.555  -44.841  33.361 0.5000000000
21900  9.742  -44.629  33.484 0.5000000000
21922  4.318  -44.516  32.643 0.1000000015
21923  3.399  -44.582  32.538 0.1000000015
21934  21.874  -44.138  31.282 0.1000000015
21935  21.497  -44.335  32.132 0.1000000015
21946  11.678  -45.199  29.983 0.2000000030
21980  11.680  -44.963  27.675 0.1000000015
21983  -0.935  -44.703  27.286 0.8999999762
22000  -0.824  -44.430  27.002 0.8999999762
22003  -3.864  -44.018  25.701 0.8000000119
22020  25.365  -44.866  24.446 0.8000000119
22022  21.171  -44.863  24.450 0.8999999762
22033  -1.151  -44.374  25.486 0.8999999762
22035  -2.385  -44.009  24.629 0.8999999762
22048  -1.916  -44.489  24.334 0.8999999762
22071  -3.425  -44.503  22.378 0.8999999762
22081  24.015  -45.013  20.930 0.5000000000
22097  24.373  -44.222  20.796 0.5000000000
22103  -4.059  -44.330  20.588 0.8999999762
22156  0.789  -44.834  17.809 0.3000000119
22203  4.859  -44.836  14.500 0.2000000030
22207  -0.335  -45.461  13.686 0.2000000030
22219  4.389  -44.308  14.242 0.2000000030
22233  -0.467  -44.849  13.843 0.2000000030
22234  -0.479  -45.002  13.753 0.2000000030
22666  4.771  -43.021  37.592 0.8000000119
22682  8.434  -43.612  35.750 0.6000000238
22685  2.197  -43.399  35.346 0.8000000119
22724  9.832  -43.929  33.256 0.5000000000
22725  0.012  -42.943  33.186 0.4000000060
22742  1.641  -43.788  32.024 0.2000000030
22743  0.999  -42.956  31.946 0.2000000030
22744  0.248  -43.091  32.513 0.2000000030
22760  2.849  -43.338  31.336 0.1000000015
22771  11.178  -43.594  30.598 0.3000000119
22776  -3.880  -43.562  31.161 0.1000000015
22777  -4.263  -43.818  30.891 0.2000000030
22802  14.676  -43.376  27.704 0.4000000060
22814  16.166  -43.528  27.052 0.6000000238
22821  -1.842  -44.488  25.782 0.8999999762
22822  -2.956  -43.956  25.395 0.8000000119
22823  -4.480  -43.058  26.752 0.8999999762
22871  26.251  -43.338  23.534 0.8000000119
22872  25.927  -43.798  23.164 0.6999999881
22873  20.493  -43.671  24.360 0.8999999762
22883  -3.485  -43.363  23.295 0.8999999762
22901  -3.409  -43.797  22.425 0.8999999762
22968  1.141  -43.939  18.456 0.5000000000
23043  7.047  -43.442  13.781 0.1000000015
23059  5.677  -43.076  13.721 0.1000000015
23509  7.057  -41.915  37.598 0.8000000119
23512  4.110  -42.439  36.904 0.8000000119
23528  8.069  -41.971  37.116 0.6999999881
23530  5.310  -41.443  37.025 0.8000000119
23554  1.316  -42.261  33.981 0.5000000000
23566  9.958  -42.308  34.233 0.6000000238
23569  0.654  -42.582  32.796 0.5000000000
23593  10.736  -41.920  31.678 0.4000000060
23603  10.872  -41.925  30.689 0.4000000060
23607  3.462  -42.216  30.199 0.1000000015
23619  11.407  -42.071  29.385 0.4000000060
23629  -3.777  -41.706  30.854 0.1000000015
23638  11.269  -42.921  29.008 0.3000000119
23644  -4.526  -41.946  28.754 0.4000000060
23676  -4.323  -42.355  26.842 0.8999999762
23720  -3.857  -42.496  24.323 0.8999999762
23734  -3.769  -42.669  23.770 0.8999999762
23750  26.378  -42.573  22.631 0.6000000238
23769  26.351  -42.148  21.896 0.6999999881
23793  25.404  -42.737  20.950 0.6999999881
23852  4.673  -42.571  18.084 0.2000000030
23853  1.416  -42.448  18.245 0.5000000000
23889  5.323  -42.564  15.928 0.2000000030
23904  8.373  -42.687  13.559 0.1000000015
24407  6.580  -41.292  37.350 0.8000000119
24420  8.054  -40.984  36.876 0.6999999881
24424  3.907  -41.499  35.572 0.8000000119
24437  5.394  -40.750  35.300 0.8000000119
24440  2.624  -41.530  34.103 0.5000000000
24452  4.096  -40.999  33.872 0.6000000238
24455  1.622  -41.705  32.748 0.5000000000
24470  2.885  -41.033  32.482 0.3000000119
24485  2.694  -41.386  30.859 0.1000000015
24505  23.430  -41.557  29.313 0.2000000030
24513  4.061  -41.043  29.533 0.1000000015
24518  -4.065  -41.414  29.733 0.2000000030
24521  23.869  -41.444  28.751 0.3000000119
24522  17.071  -40.539  28.413 0.6999999881
24542  15.668  -41.750  28.542 0.5000000000
24569  26.037  -41.862  25.961 0.8000000119
24570  18.744  -40.569  25.461 0.8999999762
24664  -3.115  -41.145  21.592 0.8999999762
24713  0.587  -41.161  18.285 0.6000000238
24724  1.074  -41.551  17.932 0.6000000238
24725  0.423  -40.611  18.104 0.6000000238
24740  6.176  -42.063  17.611 0.2000000030
24743  1.393  -41.361  16.955 0.3000000119
24803  7.898  -41.346  12.616 0.1000000015
25360  9.439  -40.176  35.887 0.6000000238
25393  5.002  -39.963  32.632 0.4000000060
25408  3.136  -40.727  30.565 0.1000000015
25415  21.727  -39.790  31.172 0.1000000015
25416  13.624  -38.928  31.861 0.6000000238
25418  3.549  -40.079  30.209 0.1000000015
25431  4.653  -40.072  28.902 0.1000000015
25447  -2.650  -39.372  29.192 0.1000000015
25448  -3.676  -39.830  28.716 0.3000000119
25456  17.717  -39.664  27.897 0.8000000119
25460  -4.105  -40.532  28.327 0.4000000060
25468  17.528  -38.553  26.375 0.8000000119
25488  26.608  -40.567  25.686 0.8000000119
25492  15.098  -40.258  25.516 0.4000000060
25527  -3.384  -40.154  23.534 0.8000000119
25561  26.429  -40.689  21.375 0.6999999881
25584  -1.131  -40.862  20.112 0.8000000119
25622  0.757  -40.857  16.761 0.5000000000
25640  7.846  -40.893  15.614 0.1000000015
25669  7.332  -40.602  13.263 0.1000000015
25680  8.344  -40.767  12.645 0.1000000015
26239  10.594  -39.318  34.541 0.8000000119
26252  11.864  -38.145  33.138 0.6999999881
26253  11.654  -38.635  33.792 0.6999999881
26254  11.025  -38.645  34.021 0.6999999881
26269  7.626  -39.294  32.588 0.6000000238
26278  22.082  -39.518  30.405 0.1000000015
26287  15.414  -38.274  29.650 0.8000000119
26299  -2.868  -38.748  28.590 0.2000000030
26307  17.399  -38.723  27.851 0.8000000119
26317  -1.295  -38.745  28.170 0.1000000015
26327  17.570  -38.467  27.055 0.8999999762
26383  26.651  -39.202  21.596 0.8999999762
26437  -0.952  -39.282  20.142 1.0000000000
26482  9.169  -39.634  16.047 0.3000000119
26503  9.330  -39.328  15.374 0.2000000030
27074  10.514  -38.379  33.036 0.6999999881
27086  8.503  -38.592  31.583 0.5000000000
27100  7.411  -38.425  30.290 0.3000000119
27102  5.193  -38.882  29.502 0.1000000015
27109  10.003  -38.244  29.523 0.4000000060
27111  7.086  -38.358  29.555 0.1000000015
27113  5.551  -38.731  28.877 0.1000000015
27119  16.066  -37.955  28.406 0.6000000238
27120  15.407  -37.622  28.770 0.6999999881
27122  13.179  -37.535  29.533 0.5000000000
27123  11.563  -38.098  29.129 0.5000000000
27127  6.929  -38.392  28.108 0.1000000015
27139  14.076  -37.890  28.183 0.5000000000
27151  -2.732  -38.167  27.852 0.3000000119
27175  26.953  -38.043  26.278 0.8999999762
27178  -3.573  -38.499  26.420 0.6999999881
27189  -3.138  -37.911  24.218 0.8000000119
27195  27.573  -38.092  23.969 0.8999999762
27210  27.184  -38.637  22.275 0.8999999762
27237  -2.221  -38.978  21.610 0.8999999762
27256  -1.051  -38.476  20.065 0.8999999762
27302  0.873  -38.286  17.137 0.8999999762
27318  0.255  -39.263  16.782 0.8000000119
27906  21.015  -37.676  31.873 0.1000000015
27920  20.736  -36.942  31.523 0.1000000015
27929  21.331  -37.492  30.692 0.1000000015
27934  22.183  -37.478  29.687 0.3000000119
27935  21.702  -37.540  30.161 0.2000000030
27940  22.801  -37.257  29.225 0.5000000000
27961  -0.727  -36.982  26.867 0.2000000030
27963  -2.859  -37.313  26.786 0.5000000000
27973  27.399  -37.608  25.371 0.8999999762
27992  -2.834  -37.177  24.465 0.6999999881
28018  26.485  -38.414  21.706 1.0000000000
28027  -1.436  -36.767  21.832 1.0000000000
28038  25.762  -38.034  21.658 1.0000000000
28058  4.186  -36.410  19.947 0.4000000060
28080  1.080  -37.311  17.244 1.0000000000
28099  -0.860  -38.079  18.094 0.8999999762
28106  14.694  -37.583  16.733 0.1000000015
28123  10.373  -36.820  15.775 0.4000000060
28127  3.377  -37.118  15.258 0.6999999881
28179  10.539  -38.134  12.352 0.1000000015
28802  21.065  -35.819  29.943 0.2000000030
28838  -2.149  -36.384  26.073 0.5000000000
28888  -1.243  -35.995  22.170 0.8000000119
28922  -0.565  -35.774  19.030 1.0000000000
28956  17.952  -36.508  16.666 0.3000000119
28966  6.812  -35.132  16.156 0.8000000119
29637  19.942  -35.886  32.281 0.1000000015
29736  4.806  -35.280  23.286 0.1000000015
29757  4.592  -34.512  22.589 0.2000000030
29807  7.660  -34.295  18.114 0.5000000000
29825  3.428  -34.228  16.707 0.8999999762
30659  1.129  -33.138  21.359 0.5000000000
32509  24.443  -32.667  22.881 0.4000000060
34403  19.353  -30.731  21.107 0.1000000015
107987  6.098  -84.086  22.006 0.6999999881
107991  7.054  -84.272  22.530 0.6000000238
107993  5.612  -83.923  22.058 0.6000000238
107994  7.919  -84.645  22.514 0.6000000238
107995  6.233  -84.059  18.450 0.6000000238
107997  6.992  -83.820  22.318 0.8000000119
108002  3.397  -83.344  36.084 0.6000000238
108003  3.173  -83.952  35.284 0.5000000000
108005  3.152  -84.226  33.939 0.5000000000
108020  9.528  -83.023  28.933 1.0000000000
108022  7.812  -81.585  30.933 0.8000000119
108029  12.434  -84.187  26.321 0.8999999762
108032  12.175  -82.819  31.738 0.6999999881
108033  12.298  -83.960  24.805 0.8000000119
108035  13.042  -82.883  32.495 0.6000000238
108054  11.562  -80.742  32.566 0.8000000119
108057  17.298  -80.457  22.702 0.2000000030
108062  18.271  -80.478  17.805 0.3000000119
108071  -5.960  -79.907  27.873 0.3000000119
108072  -4.968  -78.225  28.727 0.3000000119
108075  -4.639  -80.486  25.057 0.2000000030
108087  9.740  -78.969  40.456 0.8999999762
108090  19.268  -48.487  21.151 0.1000000015
108610  11.793  -84.037  27.113 0.8999999762
108616  12.777  -78.731  26.555 0.8000000119
108618  -5.240  -80.269  27.830 0.3000000119
108623  11.121  -77.738  25.367 0.6999999881
108626  20.796  -47.323  20.040 0.3000000119
108628  11.842  -83.953  28.091 0.8999999762
108641  4.574  -84.349  31.867 0.5000000000
108649  -5.699  -77.891  26.651 0.6000000238
108655  1.903  -81.884  33.029 0.2000000030
108659  8.911  -81.547  27.922 0.8999999762
108663  8.897  -78.873  30.992 0.8999999762
108667  21.730  -47.054  19.520 0.3000000119
108686  9.700  -78.894  30.871 0.8000000119
108687  6.714  -84.529  17.052 0.6000000238
108691  11.063  -82.922  24.836 0.6999999881
108702  19.224  -80.420  22.086 0.1000000015
108741  9.859  -80.278  24.552 0.8000000119
108754  8.528  -82.289  29.943 0.8000000119
108757  3.290  -81.417  34.164 0.5000000000
108781  14.091  -82.759  27.274 0.5000000000
108784  16.772  -80.922  23.725 0.2000000030
108810  10.328  -83.590  30.339 1.0000000000
108840  3.253  -83.409  30.006 0.2000000030
108855  5.487  -82.188  30.544 0.4000000060
108872  14.658  -82.223  32.541 0.6000000238
108896  14.435  -83.010  27.154 0.4000000060
108905  6.189  -83.966  21.901 0.6999999881
108908  21.450  -46.803  20.067 0.3000000119
108932  14.042  -80.572  25.893 0.6000000238
108941  11.117  -78.559  23.192 0.5000000000
108965  -5.720  -80.836  25.157 0.2000000030
108973  13.361  -82.946  31.693 0.6000000238
108981  11.613  -82.534  31.930 0.8000000119
108986  11.771  -81.414  35.917 0.8000000119
109011  13.730  -79.095  25.702 0.6999999881
109017  14.665  -83.168  27.009 0.5000000000
109044  7.238  -84.985  23.076 0.6000000238
109050  -3.280  -76.499  27.785 1.0000000000
109060  11.434  -79.312  22.806 0.6000000238
109084  6.265  -84.121  22.140 0.6999999881
109096  -0.713  -45.463  13.642 0.2000000030
109099  -4.659  -77.051  29.917 0.3000000119
109120  7.957  -84.871  22.726 0.6000000238
109131  6.068  -84.624  22.862 0.6000000238
109190  -4.164  -56.545  41.972 0.3000000119
109191  14.488  -81.244  32.303 0.5000000000
109192  6.621  -85.153  23.024 0.6999999881
109329  0.410  -59.626  19.036 0.8999999762
109332  -1.835  -82.390  37.127 0.3000000119
109343  -1.742  -78.346  29.905 0.1000000015
109555  5.612  -61.967  10.874 0.2000000030
109611  -2.387  -49.854  22.585 1.0000000000
109648  5.889  -64.555  32.054 0.1000000015
109693  -6.227  -54.956  24.433 0.1000000015
109719  7.461  -81.530  33.119 0.8999999762
109741  -3.958  -43.359  26.003 0.8999999762
110010  -6.169  -68.296  30.775 0.6999999881
110016  3.842  -46.060  33.353 0.1000000015
110026  2.272  -61.037  7.534 0.2000000030
110043  9.901  -55.075  20.567 0.1000000015
110215  19.978  -80.428  20.977 0.1000000015
110365  9.779  -77.663  41.181 0.6999999881
110417  -3.464  -74.716  34.032 0.6999999881
110574  17.877  -44.136  18.613 0.1000000015
110607  4.430  -81.855  8.153 0.8999999762
110619  3.975  -43.701  14.177 0.2000000030
110779  -4.641  -76.203  30.025 0.4000000060
110839  -4.915  -45.013  29.731 0.6999999881
110853  -3.580  -55.991  17.266 1.0000000000
110895  7.678  -44.812  36.363 0.6000000238
111012  -4.210  -55.407  29.625 0.3000000119
111073  2.621  -61.831  13.473 0.8000000119
111118  3.257  -50.178  22.914 0.2000000030
111129  14.006  -83.491  17.460 0.3000000119
111131  2.315  -77.200  18.308 0.8999999762
111138  -2.332  -53.854  31.944 0.2000000030
111183  -6.042  -68.678  29.629 0.6999999881
111240  12.045  -37.359  31.095 0.5000000000
111268  -3.553  -55.002  18.743 1.0000000000
111281  -1.953  -58.783  28.435 0.1000000015
111284  -7.607  -68.050  21.113 0.8000000119
111297  1.578  -83.103  9.672 0.8000000119
111312  0.661  -80.404  31.238 0.1000000015
111394  0.866  -48.345  37.524 0.6999999881
111421  -0.980  -38.204  19.443 0.8999999762
111427  7.042  -84.943  24.854 0.5000000000
111457  -6.070  -69.092  12.401 0.1000000015
111471  3.922  -77.249  15.604 0.8000000119
111518  11.995  -37.652  32.483 0.6999999881
111534  0.775  -44.581  32.450 0.1000000015
111558  -5.345  -44.797  27.004 0.8999999762
111747  -2.534  -58.195  16.376 1.0000000000
111785  21.412  -43.286  18.592 0.3000000119
111796  14.962  -82.582  25.676 0.5000000000
111804  6.540  -46.723  37.323 0.6000000238
111808  21.244  -79.731  17.148 0.2000000030
111814  20.213  -44.338  25.658 0.6999999881
111902  -2.773  -63.709  13.268 0.6999999881
111988  -3.029  -54.547  30.994 0.3000000119
112029  -6.356  -64.756  11.762 0.1000000015
112046  15.122  -46.972  17.642 0.1000000015
112068  1.540  -79.256  31.821 0.1000000015
112104  1.576  -70.996  25.319 0.6000000238
112176  6.572  -69.286  29.213 0.3000000119
112203  1.661  -59.701  6.095 0.2000000030
112213  -4.849  -76.489  25.601 0.8999999762
112286  3.386  -78.908  11.138 0.6999999881
112299  12.445  -73.946  14.319 0.1000000015
112347  -6.221  -70.964  28.102 0.8999999762
112449  -2.857  -73.368  6.874 0.8000000119
112501  -5.581  -51.875  23.407 0.6000000238
112516  -0.738  -83.922  13.854 0.5000000000
112617  7.080  -56.494  20.044 0.1000000015
112629  -4.630  -56.891  38.877 0.6000000238
112656  -5.256  -73.854  24.952 0.8999999762
112663  -5.776  -65.049  25.236 1.0000000000
112693  10.676  -42.879  31.776 0.3000000119
112833  6.647  -81.728  12.207 0.8999999762
112842  -6.035  -67.553  29.131 0.6999999881
112907  5.985  -84.015  21.771 0.6999999881
112928  8.725  -38.457  27.665 0.1000000015
113020  6.972  -43.581  37.469 0.6999999881
113045  10.450  -38.049  31.418 0.5000000000
113116  18.557  -42.917  18.245 0.1000000015
113289  0.147  -72.526  5.875 0.8000000119
113296  2.772  -58.503  21.999 0.4000000060
113360  -0.707  -82.852  30.234 0.1000000015
113361  -0.337  -45.245  24.307 0.8999999762
113369  6.430  -68.717  14.128 0.5000000000
113384  10.240  -43.906  32.651 0.3000000119
113598  -0.885  -56.307  23.309 0.8999999762
113643  -7.513  -66.148  20.556 0.3000000119
113679  -1.155  -37.072  21.049 1.0000000000
113697  -1.160  -69.287  6.429 0.8999999762
113698  6.479  -72.342  6.886 0.1000000015
113732  0.535  -58.663  36.996 0.6999999881
113868  0.288  -81.223  14.357 0.6000000238
113907  -5.488  -50.996  22.649 0.8000000119
113926  -6.478  -56.424  16.337 0.3000000119
114049  4.204  -34.979  20.521 0.4000000060
114161  -2.391  -55.196  31.205 0.1000000015
114163  4.723  -81.264  18.170 0.3000000119
114172  3.386  -82.940  8.478 0.8999999762
114282  6.535  -64.388  32.236 0.1000000015
114439  6.181  -81.181  25.948 0.4000000060
114606  0.026  -54.418  10.848 0.2000000030
114666  17.656  -77.682  16.116 0.2000000030
114692  12.348  -76.088  19.449 0.4000000060
114722  15.689  -82.300  23.959 0.3000000119
114738  1.560  -85.320  15.388 0.2000000030
114745  11.421  -82.663  34.025 0.8000000119
114843  -3.205  -52.635  19.524 1.0000000000
114862  14.172  -83.950  15.708 0.3000000119
114873  -4.275  -73.856  21.466 0.2000000030
114885  5.926  -51.395  21.912 0.1000000015
114918  10.426  -84.262  29.681 1.0000000000
114971  6.590  -82.556  25.041 0.5000000000
115015  -6.934  -59.627  25.723 0.4000000060
115020  -4.325  -60.726  28.642 0.8999999762
115030  12.013  -78.502  19.478 0.5000000000
115062  3.106  -50.143  17.923 0.2000000030
115091  8.809  -78.103  14.261 0.5000000000
115134  -0.034  -40.064  18.497 0.6999999881
115240  -4.282  -77.606  14.675 0.3000000119
115259  1.760  -58.862  11.036 0.2000000030
115305  -0.582  -69.514  4.749 0.6999999881
115346  3.473  -77.984  9.860 0.6999999881
115411  14.276  -83.083  30.386 0.4000000060
115412  5.397  -84.557  36.065 0.6000000238
115625  -5.540  -50.350  27.170 0.3000000119
115746  0.366  -45.623  24.175 0.6999999881
115795  -2.480  -51.529  25.744 0.8999999762
115853  1.784  -63.902  13.584 0.8999999762
115854  -1.961  -52.784  22.169 0.8999999762
115912  6.023  -37.115  15.838 0.6000000238
115916  21.538  -77.020  16.946 0.2000000030
116042  6.347  -75.702  8.727 0.3000000119
116083  3.620  -66.261  28.844 0.2000000030
116329  1.383  -85.187  15.410 0.3000000119
116412  4.114  -60.982  16.895 0.6000000238
116439  -4.067  -56.431  28.779 0.3000000119
116554  -5.145  -46.629  25.545 0.8999999762
116601  10.362  -48.820  32.270 0.1000000015
116676  12.777  -78.247  32.781 0.5000000000
116691  14.884  -78.682  31.158 0.4000000060
116699  -5.752  -70.989  20.082 0.5000000000
116728  1.269  -48.000  26.328 0.6999999881
116811  5.613  -73.199  33.356 0.5000000000
117038  -3.008  -48.683  32.698 0.2000000030
117041  8.799  -74.431  30.651 0.4000000060
117070  1.353  -56.627  16.794 0.3000000119
117105  2.174  -47.676  22.391 0.3000000119
117170  -1.914  -60.862  41.692 0.4000000060
117182  5.125  -55.694  23.617 0.2000000030
117221  -5.430  -49.365  24.833 0.8999999762
117237  -5.201  -49.295  21.946 0.8999999762
117252  2.199  -80.258  12.427 0.8000000119
117263  -1.132  -57.471  41.209 0.3000000119
117288  -3.677  -52.908  18.085 1.0000000000
117380  -0.262  -59.486  17.668 0.8999999762
117417  0.307  -81.505  29.026 0.1000000015
117439  -5.871  -62.436  11.380 0.2000000030
117441  -0.942  -53.945  41.645 0.4000000060
117461  -5.111  -64.339  32.525 0.6000000238
117478  6.650  -64.009  8.219 0.1000000015
117500  20.939  -79.653  16.475 0.2000000030
117541  8.342  -49.027  35.123 0.1000000015
117571  5.913  -85.772  26.511 0.5000000000
117590  -0.973  -68.100  5.358 0.6000000238
117609  1.568  -44.769  13.299 0.2000000030
117640  4.081  -53.903  9.182 0.1000000015
117747  -4.145  -50.718  38.097 0.8000000119
117820  0.444  -47.226  36.552 0.6999999881
117928  7.946  -72.409  16.621 0.5000000000
118019  5.455  -55.833  18.851 0.1000000015
118060  4.172  -68.976  26.144 0.4000000060
118091  -6.177  -52.710  20.887 0.3000000119
118178  2.529  -84.358  13.068 0.2000000030
118326  5.365  -55.656  19.726 0.1000000015
118541  -5.140  -50.702  35.106 1.0000000000
118574  7.677  -82.052  21.924 0.6000000238
118592  1.789  -54.935  26.833 0.3000000119
118598  6.659  -59.571  8.119 0.1000000015
118691  9.435  -84.514  29.421 0.8000000119
118764  -4.810  -46.830  28.944 0.5000000000
118770  21.944  -77.282  19.389 0.1000000015
118828  -1.432  -48.323  33.176 0.1000000015
118873  12.860  -83.308  19.777 0.4000000060
118931  21.429  -76.250  14.611 0.1000000015
119040  2.132  -84.378  32.086 0.2000000030
119047  0.137  -52.053  11.933 0.1000000015
119058  3.699  -83.618  10.490 0.8999999762
119061  2.399  -57.323  18.221 0.4000000060
119168  9.862  -70.376  14.979 0.4000000060
119183  12.542  -77.084  14.011 0.3000000119
119257  23.952  -40.753  20.475 0.6999999881
119264  4.794  -75.155  34.258 0.6999999881
119273  -3.053  -52.834  39.285 0.6000000238
119325  8.025  -80.000  21.600 0.6999999881
119337  3.843  -80.393  20.851 0.2000000030
119367  5.791  -73.628  10.043 0.2000000030
119488  11.452  -47.497  30.388 0.1000000015
119520  6.314  -64.499  9.726 0.1000000015
119555  -4.538  -63.487  10.997 0.3000000119
119638  20.760  -81.684  26.858 0.1000000015
119642  7.475  -79.089  19.077 0.8000000119
119681  4.917  -78.754  38.597 0.8999999762
119813  -6.619  -58.635  27.390 0.6000000238
119849  3.274  -50.144  22.064 0.2000000030
119891  7.482  -76.831  10.451 0.3000000119
119896  1.535  -79.143  14.133 0.8000000119
119979  12.496  -77.262  31.670 0.4000000060
120079  -2.006  -61.023  15.868 1.0000000000
120082  -5.759  -59.480  29.370 0.8000000119
120118  9.867  -84.246  31.010 0.8999999762
120136  -2.164  -74.938  35.019 0.8999999762
120158  -0.717  -75.754  37.817 0.8999999762
120261  20.753  -47.127  19.604 0.3000000119
120269  17.517  -46.807  16.629 0.1000000015
120336  26.627  -41.974  22.821 0.8000000119
120381  -4.019  -77.959  11.243 0.3000000119
120440  2.898  -61.929  9.078 0.2000000030
120490  9.427  -77.731  20.626 0.6999999881
120502  4.025  -75.247  17.675 0.8999999762
120537  10.876  -84.690  20.937 0.6999999881
120556  7.692  -84.577  11.950 0.6999999881
120606  -0.492  -77.076  17.123 0.6999999881
120608  -2.279  -48.071  27.869 0.8999999762
120689  7.408  -80.336  20.390 0.8000000119
120784  -3.045  -74.225  31.467 1.0000000000
120847  7.798  -78.260  18.100 0.6000000238
120850  11.507  -84.293  25.970 0.8999999762
120864  6.798  -84.972  14.854 0.6000000238
120989  6.037  -55.828  23.551 0.2000000030
120990  0.167  -63.150  15.814 0.8999999762
121128  3.819  -81.553  8.206 0.8999999762
121219  8.412  -49.709  19.395 0.1000000015
121235  14.802  -80.636  30.709 0.5000000000
121244  13.145  -75.898  29.170 0.2000000030
121380  7.515  -81.033  18.192 0.8000000119
121443  2.375  -76.050  33.061 0.8000000119
121449  -3.404  -74.983  24.562 1.0000000000
121526  23.491  -36.995  28.774 0.5000000000
121555  6.784  -79.599  13.875 0.6999999881
121629  2.333  -63.390  13.381 0.8000000119
121692  11.491  -52.943  20.439 0.1000000015
121775  1.044  -65.217  4.227 0.6000000238
121841  -1.571  -66.954  7.177 0.6999999881
121858  2.044  -76.283  39.691 0.8999999762
121912  3.380  -57.629  18.300 0.4000000060
121990  -7.252  -60.615  24.554 0.6999999881
121993  -0.048  -85.376  17.236 0.1000000015
122135  -2.281  -63.115  15.776 1.0000000000
122161  5.768  -49.973  37.451 0.2000000030
122199  9.209  -49.320  19.442 0.1000000015
122211  10.793  -65.668  13.756 0.2000000030
122277  -2.243  -77.445  10.132 0.3000000119
122343  -6.097  -70.694  8.427 0.3000000119
122348  3.073  -81.806  38.294 0.6999999881
122386  11.319  -81.096  37.142 0.8000000119
122388  -0.789  -61.612  15.953 1.0000000000
122418  9.070  -56.525  19.109 0.1000000015
122434  0.224  -87.012  17.140 0.2000000030
122450  7.898  -64.571  12.601 0.1000000015
122517  -3.484  -77.985  32.055 0.1000000015
122533  14.045  -82.696  32.650 0.6000000238
122559  -1.432  -70.486  11.259 0.8999999762
122643  11.456  -46.056  28.932 0.2000000030
122662  -5.615  -66.487  35.753 0.6999999881
122695  -0.777  -71.763  4.707 0.8000000119
122774  -2.835  -77.391  34.947 0.2000000030
122794  16.956  -77.466  17.407 0.2000000030
122904  11.111  -77.311  31.861 0.4000000060
122953  -6.088  -54.276  24.842 0.1000000015
122968  9.497  -76.657  31.129 0.5000000000
123095  8.901  -84.924  22.178 0.6999999881
123181  -6.000  -59.568  23.485 0.4000000060
123280  25.642  -43.246  21.536 0.6999999881
123284  -2.432  -55.124  12.939 0.3000000119
123324  12.294  -49.383  19.197 0.1000000015
123346  0.470  -87.009  17.048 0.2000000030
123363  15.353  -78.833  20.330 0.4000000060
123452  -5.507  -50.943  19.013 0.8999999762
123532  -6.292  -53.473  21.476 0.1000000015
123662  11.559  -83.539  24.995 0.8000000119
123670  2.993  -83.923  32.699 0.2000000030
123672  11.988  -84.081  26.440 0.8999999762
123705  -5.772  -80.363  27.289 0.3000000119
123711  2.598  -81.746  32.727 0.3000000119
123731  -2.489  -79.666  27.941 0.1000000015
123763  -6.090  -79.007  27.654 0.3000000119
123780  7.511  -84.681  16.315 0.8000000119
123809  1.816  -84.136  34.107 0.2000000030
123819  14.554  -82.587  26.486 0.4000000060
123826  5.837  -84.454  23.139 0.6000000238
123828  5.300  -83.471  22.103 0.6000000238
123829  5.806  -84.310  23.123 0.5000000000
123831  4.903  -81.344  30.306 0.1000000015
123832  3.123  -81.389  35.027 0.6000000238
123833  12.182  -84.150  25.796 0.8999999762
123838  4.326  -81.448  30.146 0.1000000015
123884  5.511  -83.357  20.312 0.5000000000
123887  10.141  -84.147  30.883 0.8999999762
123888  15.263  -81.679  31.538 0.5000000000
123918  5.896  -84.275  17.862 0.4000000060
123924  -4.167  -76.957  27.816 0.8000000119
123928  -4.341  -78.055  29.792 0.2000000030
123929  17.349  -81.134  15.830 0.4000000060
123933  4.560  -81.860  33.288 0.3000000119
123939  10.735  -83.540  29.236 1.0000000000
123940  10.880  -83.891  29.781 1.0000000000
123941  10.022  -83.240  28.490 1.0000000000
123944  12.116  -84.258  26.745 0.8999999762
124020  7.205  -81.091  19.998 0.8999999762
124026  5.612  -75.730  40.189 1.0000000000
124081  15.150  -70.084  15.092 0.1000000015
124091  2.517  -41.281  31.622 0.1000000015
124142  -1.210  -84.261  35.028 0.1000000015
124187  4.034  -70.690  12.800 0.8999999762
124271  12.943  -71.521  15.036 0.1000000015
124338  9.749  -80.934  35.971 0.8000000119
124480  1.486  -56.985  18.166 0.3000000119
124519  16.630  -81.745  29.982 0.4000000060
124560  -3.358  -38.554  27.816 0.4000000060
124599  5.781  -82.607  38.100 0.8999999762
124691  2.982  -84.010  12.480 0.2000000030
124756  -1.562  -80.669  36.177 0.2000000030
124885  -0.406  -69.336  11.598 0.8999999762
124894  5.977  -39.215  31.484 0.2000000030
124953  3.186  -66.092  7.567 0.4000000060
124989  -5.701  -65.921  31.559 0.6999999881
125081  -1.599  -75.499  35.879 0.8999999762
125101  6.420  -60.065  7.887 0.1000000015
125122  0.906  -61.926  16.251 0.8999999762
125131  -2.616  -53.583  21.025 1.0000000000
125263  5.386  -74.241  5.289 0.1000000015
125268  16.984  -83.191  26.831 0.3000000119
125373  8.766  -76.728  38.782 0.6000000238
125406  9.263  -84.101  21.171 0.6000000238
125456  3.025  -46.114  33.118 0.1000000015
125479  -0.540  -69.047  33.527 0.2000000030
125496  -1.292  -52.219  27.568 0.8999999762
125528  8.079  -64.009  11.220 0.1000000015
125591  4.632  -61.090  11.830 0.1000000015
125760  -3.320  -56.512  10.334 0.3000000119
125778  -6.172  -56.575  14.720 0.5000000000
125815  0.084  -82.754  10.021 0.8000000119
125817  0.366  -74.997  32.420 1.0000000000
125836  1.695  -41.942  31.993 0.2000000030
125908  7.561  -56.315  21.567 0.1000000015
125917  3.713  -49.041  39.068 0.5000000000
125946  -6.038  -66.284  24.856 1.0000000000
125957  -1.922  -62.514  31.010 0.6999999881
126003  6.505  -74.821  16.860 0.8000000119
126186  5.032  -65.012  29.929 0.2000000030
126346  -3.839  -48.338  22.091 1.0000000000
126421  7.217  -65.945  29.123 0.2000000030
126468  -0.128  -46.216  22.215 0.6999999881
126483  -5.164  -51.385  33.872 0.6999999881
126580  -3.881  -74.309  31.516 1.0000000000
126607  5.860  -56.525  12.674 0.1000000015
126639  -7.515  -62.787  21.622 0.8000000119
126653  5.898  -72.240  33.393 0.4000000060
126741  -2.148  -51.287  39.024 0.6000000238
126793  -1.605  -75.615  36.729 0.8000000119
126823  2.131  -79.237  16.684 0.6999999881
126837  2.823  -83.066  37.612 0.6999999881
126843  8.160  -84.217  34.184 0.8000000119
126866  7.187  -65.750  13.331 0.3000000119
126870  1.987  -74.733  31.257 0.8000000119
126938  6.898  -84.988  22.883 0.6000000238
126956  -1.806  -78.292  30.474 0.1000000015
126976  8.398  -84.775  22.156 0.6000000238
127191  15.176  -48.614  22.148 0.1000000015
127249  -5.587  -65.566  32.942 0.6999999881
127278  4.571  -62.649  3.648 0.2000000030
127298  -3.663  -44.893  21.961 0.8999999762
127326  7.584  -71.697  9.137 0.1000000015
127357  -5.332  -69.077  32.297 0.6999999881
127359  4.771  -65.445  32.434 0.1000000015
127374  8.565  -78.134  41.690 0.8999999762
127385  21.396  -78.091  15.386 0.2000000030
127403  0.802  -47.740  37.053 0.6999999881
127426  3.875  -82.009  16.396 0.3000000119
127484  4.784  -82.839  38.655 0.8000000119
127493  0.467  -85.400  19.211 0.1000000015
127510  1.600  -57.026  20.880 0.3000000119
127732  8.581  -84.364  33.037 0.6999999881
127796  5.236  -80.975  26.843 0.3000000119
127859  -1.314  -56.915  34.728 0.8000000119
127973  0.161  -84.829  14.613 0.5000000000
127990  -3.201  -56.406  19.261 1.0000000000
127991  1.114  -72.121  10.601 0.8999999762
128080  2.139  -51.394  13.328 0.1000000015
128122  -5.632  -51.558  27.848 0.1000000015
128178  -0.958  -54.066  19.683 0.2000000030
128194  -4.706  -50.774  37.527 0.8999999762
128293  1.102  -56.666  20.533 0.3000000119
128357  -2.533  -55.835  21.859 0.8999999762
128433  19.071  -80.482  20.053 0.2000000030
128537  -2.756  -76.720  34.411 0.5000000000
128548  -0.127  -83.514  12.120 0.6999999881
128559  5.823  -57.221  13.092 0.1000000015
128564  -2.842  -51.411  32.292 0.2000000030
128568  20.041  -47.349  19.590 0.2000000030
128593  4.843  -84.395  31.352 0.5000000000
128617  0.672  -56.957  10.764 0.2000000030
128644  19.661  -80.650  24.197 0.2000000030
128646  20.046  -79.377  15.711 0.2000000030
128660  11.575  -43.288  28.469 0.3000000119
128691  4.630  -68.774  12.124 0.5000000000
128704  17.446  -43.817  18.757 0.1000000015
128746  3.113  -84.056  12.468 0.2000000030
128815  5.133  -65.168  9.286 0.1000000015
128855  -0.101  -52.315  28.263 0.6999999881
128878  9.005  -50.161  34.373 0.1000000015
128924  10.633  -79.433  30.832 0.8000000119
128941  -5.731  -69.064  27.555 0.8999999762
128952  1.866  -35.572  24.879 0.1000000015
128957  8.519  -73.768  31.776 0.5000000000
129016  -0.168  -34.256  24.217 0.5000000000
129049  0.791  -84.799  12.992 0.4000000060
129149  0.991  -45.036  16.773 0.3000000119
129158  -5.340  -64.820  32.070 0.6999999881
129178  13.356  -78.798  25.803 0.6000000238
129186  0.037  -68.991  4.115 0.6000000238
129196  17.565  -48.635  20.652 0.1000000015
129223  13.690  -83.849  15.464 0.3000000119
129283  3.828  -67.626  10.515 0.4000000060
129315  1.828  -83.843  11.973 0.4000000060
129327  11.717  -40.130  32.995 0.6000000238
129362  -0.785  -54.032  11.536 0.3000000119
129404  11.084  -82.398  34.007 0.8000000119
129454  4.861  -46.685  17.202 0.2000000030
129490  -3.344  -52.149  32.111 0.2000000030
129509  -4.824  -47.141  34.836 0.5000000000
129511  -2.365  -77.115  9.461 0.6999999881
129516  10.996  -84.792  21.904 0.8000000119
129590  6.265  -83.729  21.614 0.8000000119
129629  5.734  -73.556  17.223 0.8999999762
129660  1.196  -46.354  22.042 0.6000000238
129735  0.157  -81.764  14.300 0.5000000000
129772  -5.303  -48.230  24.771 1.0000000000
129780  6.429  -51.988  21.697 0.1000000015
129804  4.923  -49.168  38.320 0.4000000060
130022  14.131  -47.239  21.245 0.1000000015
130054  4.032  -39.631  29.936 0.1000000015
130097  3.676  -75.831  9.927 0.4000000060
130199  0.835  -56.887  42.860 0.2000000030
130237  5.016  -80.576  21.607 0.4000000060
130248  7.236  -69.103  15.094 0.5000000000
130260  7.625  -83.988  35.411 0.8000000119
130278  23.015  -45.968  27.910 0.1000000015
130283  9.491  -44.058  33.818 0.5000000000
130303  19.085  -82.178  27.828 0.1000000015
130396  13.684  -35.399  11.298 0.2000000030
130456  10.880  -66.893  8.140 0.1000000015
130509  6.319  -67.106  28.467 0.2000000030
130555  -4.952  -43.444  27.374 0.8999999762
130564  2.607  -38.696  15.739 0.6000000238
130575  6.282  -48.934  37.217 0.3000000119
130661  13.614  -77.336  19.385 0.4000000060
130727  -1.281  -54.255  23.707 0.8999999762
130781  -0.384  -43.505  34.274 0.6000000238
130808  0.440  -64.218  36.073 0.2000000030
130812  8.978  -84.828  21.806 0.5000000000
130844  -7.086  -74.345  21.797 0.6000000238
130882  7.267  -72.667  16.839 0.6000000238
130912  14.027  -83.198  28.118 0.5000000000
130934  10.161  -38.244  32.075 0.5000000000
130953  -0.120  -59.470  18.429 0.8999999762
130977  7.052  -85.094  23.042 0.6999999881
131006  2.599  -63.027  3.753 0.4000000060
131042  -2.921  -68.739  12.030 0.8000000119
131045  -6.657  -59.016  15.170 0.1000000015
131046  -3.519  -40.136  24.208 0.6999999881
131098  -1.667  -53.455  17.505 0.1000000015
131160  5.318  -83.227  13.881 0.3000000119
131242  17.991  -79.775  27.935 0.2000000030
131272  -2.476  -46.939  24.715 0.8999999762
131334  6.396  -56.325  19.922 0.1000000015
131435  4.194  -50.176  17.845 0.2000000030
131473  -4.595  -76.221  30.275 0.4000000060
131505  6.367  -82.747  28.064 0.5000000000
131514  10.489  -48.902  19.278 0.1000000015
131596  8.428  -80.266  21.660 0.6999999881
131617  -3.208  -61.804  14.967 0.8000000119
131625  1.035  -79.579  18.186 0.4000000060
131641  -3.533  -69.211  42.245 0.1000000015
131651  -0.306  -55.391  14.858 0.4000000060
131670  -4.618  -72.423  20.696 0.2000000030
131691  5.824  -80.869  27.111 0.3000000119
131752  17.106  -72.141  12.028 0.1000000015
131753  3.399  -38.629  15.636 0.5000000000
131818  -0.866  -46.614  28.324 0.8999999762
