
Mon Mar  9 02:10:01 CET 2026
cd /out/sourcedata/freesurfer/sub-v1s16x0051193_ses-1
setenv SUBJECTS_DIR /out/sourcedata/freesurfer
/opt/freesurfer/bin/recon-all -autorecon-hemi rh -noparcstats -noparcstats2 -noparcstats3 -nohyporelabel -nobalabels -rh-only -openmp 16 -subjid sub-v1s16x0051193_ses-1 -sd /out/sourcedata/freesurfer

subjid sub-v1s16x0051193_ses-1
setenv SUBJECTS_DIR /out/sourcedata/freesurfer
FREESURFER_HOME /opt/freesurfer
Actual FREESURFER_HOME /opt/freesurfer
build-stamp.txt: freesurfer-linux-ubuntu22_x86_64-7.3.2-20220804-6354275
Linux dna007 5.14.0-427.37.1.el9_4.x86_64 #1 SMP PREEMPT_DYNAMIC Fri Sep 13 12:41:50 EDT 2024 x86_64 x86_64 x86_64 GNU/Linux
cputime      unlimited
filesize     unlimited
datasize     unlimited
stacksize    8192 kbytes
coredumpsize 0 kbytes
memoryuse    67108864 kbytes
vmemoryuse   unlimited
descriptors  1024 
memorylocked unlimited
maxproc      2061970 
maxlocks     unlimited
maxsignal    2061970 
maxmessage   819200 
maxnice      0 
maxrtprio    0 
maxrttime    unlimited

               total        used        free      shared  buff/cache   available
Mem:           503Gi        54Gi       341Gi       8.6Gi       107Gi       436Gi
Swap:             0B          0B          0B

########################################
program versions used
7.3.2 (freesurfer-linux-ubuntu22_x86_64-7.3.2-20220804-6354275)
7.3.2

ProgramName: lta_convert  ProgramArguments: lta_convert -all-info  ProgramVersion: 7.3.2  TimeStamp: 2026/03/09-01:10:01-GMT  BuildTime: Aug  4 2022 06:17:15  BuildStamp: freesurfer-linux-ubuntu22_x86_64-7.3.2-20220804-6354275  User: oesteban  Machine: dna007  Platform: Linux  PlatformVersion: 5.14.0-427.37.1.el9_4.x86_64  CompilerName: GCC  CompilerVersion: 8.4.0
ProgramName: mri_and  ProgramArguments: mri_and -all-info  ProgramVersion: 7.3.2  TimeStamp: 2026/03/09-01:10:01-GMT  BuildTime: Aug  4 2022 06:17:15  BuildStamp: freesurfer-linux-ubuntu22_x86_64-7.3.2-20220804-6354275  User: oesteban  Machine: dna007  Platform: Linux  PlatformVersion: 5.14.0-427.37.1.el9_4.x86_64  CompilerName: GCC  CompilerVersion: 8.4.0
ProgramName: mri_annotation2label  ProgramArguments: mri_annotation2label -all-info  ProgramVersion: 7.3.2  TimeStamp: 2026/03/09-01:10:01-GMT  BuildTime: Aug  4 2022 06:17:15  BuildStamp: freesurfer-linux-ubuntu22_x86_64-7.3.2-20220804-6354275  User: oesteban  Machine: dna007  Platform: Linux  PlatformVersion: 5.14.0-427.37.1.el9_4.x86_64  CompilerName: GCC  CompilerVersion: 8.4.0
ProgramName: mri_aparc2aseg  ProgramArguments: mri_aparc2aseg -all-info  ProgramVersion: 7.3.2  TimeStamp: 2026/03/09-01:10:01-GMT  BuildTime: Aug  4 2022 06:17:15  BuildStamp: freesurfer-linux-ubuntu22_x86_64-7.3.2-20220804-6354275  User: oesteban  Machine: dna007  Platform: Linux  PlatformVersion: 5.14.0-427.37.1.el9_4.x86_64  CompilerName: GCC  CompilerVersion: 8.4.0
ProgramName: mri_surf2volseg  ProgramArguments: mri_surf2volseg -all-info  ProgramVersion: 7.3.2  TimeStamp: 2026/03/09-01:10:01-GMT  BuildTime: Aug  4 2022 06:17:15  BuildStamp: freesurfer-linux-ubuntu22_x86_64-7.3.2-20220804-6354275  User: oesteban  Machine: dna007  Platform: Linux  PlatformVersion: 5.14.0-427.37.1.el9_4.x86_64  CompilerName: GCC  CompilerVersion: 8.4.0
ProgramName: mri_binarize  ProgramArguments: mri_binarize -all-info  ProgramVersion: 7.3.2  TimeStamp: 2026/03/09-01:10:01-GMT  BuildTime: Aug  4 2022 06:17:15  BuildStamp: freesurfer-linux-ubuntu22_x86_64-7.3.2-20220804-6354275  User: oesteban  Machine: dna007  Platform: Linux  PlatformVersion: 5.14.0-427.37.1.el9_4.x86_64  CompilerName: GCC  CompilerVersion: 8.4.0
ProgramName: mri_ca_label  ProgramArguments: mri_ca_label -all-info  ProgramVersion: 7.3.2  TimeStamp: 2026/03/09-01:10:01-GMT  BuildTime: Aug  4 2022 06:17:15  BuildStamp: freesurfer-linux-ubuntu22_x86_64-7.3.2-20220804-6354275  User: oesteban  Machine: dna007  Platform: Linux  PlatformVersion: 5.14.0-427.37.1.el9_4.x86_64  CompilerName: GCC  CompilerVersion: 8.4.0
ProgramName: mri_ca_normalize  ProgramArguments: mri_ca_normalize -all-info  ProgramVersion: 7.3.2  TimeStamp: 2026/03/09-01:10:01-GMT  BuildTime: Aug  4 2022 06:17:15  BuildStamp: freesurfer-linux-ubuntu22_x86_64-7.3.2-20220804-6354275  User: oesteban  Machine: dna007  Platform: Linux  PlatformVersion: 5.14.0-427.37.1.el9_4.x86_64  CompilerName: GCC  CompilerVersion: 8.4.0
ProgramName: mri_ca_register  ProgramArguments: mri_ca_register -all-info  ProgramVersion: 7.3.2  TimeStamp: 2026/03/09-01:10:01-GMT  BuildTime: Aug  4 2022 06:17:15  BuildStamp: freesurfer-linux-ubuntu22_x86_64-7.3.2-20220804-6354275  User: oesteban  Machine: dna007  Platform: Linux  PlatformVersion: 5.14.0-427.37.1.el9_4.x86_64  CompilerName: GCC  CompilerVersion: 8.4.0
ProgramName: mri_cc  ProgramArguments: mri_cc -all-info  ProgramVersion: 7.3.2  TimeStamp: 2026/03/09-01:10:01-GMT  BuildTime: Aug  4 2022 06:17:15  BuildStamp: freesurfer-linux-ubuntu22_x86_64-7.3.2-20220804-6354275  User: oesteban  Machine: dna007  Platform: Linux  PlatformVersion: 5.14.0-427.37.1.el9_4.x86_64  CompilerName: GCC  CompilerVersion: 8.4.0
ProgramName: mri_compute_overlap  ProgramArguments: mri_compute_overlap -all-info  ProgramVersion: 7.3.2  TimeStamp: 2026/03/09-01:10:01-GMT  BuildTime: Aug  4 2022 06:17:15  BuildStamp: freesurfer-linux-ubuntu22_x86_64-7.3.2-20220804-6354275  User: oesteban  Machine: dna007  Platform: Linux  PlatformVersion: 5.14.0-427.37.1.el9_4.x86_64  CompilerName: GCC  CompilerVersion: 8.4.0
ProgramName: mri_compute_seg_overlap  ProgramArguments: mri_compute_seg_overlap -all-info  ProgramVersion: 7.3.2  TimeStamp: 2026/03/09-01:10:01-GMT  BuildTime: Aug  4 2022 06:17:15  BuildStamp: freesurfer-linux-ubuntu22_x86_64-7.3.2-20220804-6354275  User: oesteban  Machine: dna007  Platform: Linux  PlatformVersion: 5.14.0-427.37.1.el9_4.x86_64  CompilerName: GCC  CompilerVersion: 8.4.0
ProgramName: mri_concat  ProgramArguments: mri_concat -all-info  ProgramVersion: 7.3.2  TimeStamp: 2026/03/09-01:10:01-GMT  BuildTime: Aug  4 2022 06:17:15  BuildStamp: freesurfer-linux-ubuntu22_x86_64-7.3.2-20220804-6354275  User: oesteban  Machine: dna007  Platform: Linux  PlatformVersion: 5.14.0-427.37.1.el9_4.x86_64  CompilerName: GCC  CompilerVersion: 8.4.0
ProgramName: mri_concatenate_lta  ProgramArguments: mri_concatenate_lta -all-info  ProgramVersion: 7.3.2  TimeStamp: 2026/03/09-01:10:01-GMT  BuildTime: Aug  4 2022 06:17:15  BuildStamp: freesurfer-linux-ubuntu22_x86_64-7.3.2-20220804-6354275  User: oesteban  Machine: dna007  Platform: Linux  PlatformVersion: 5.14.0-427.37.1.el9_4.x86_64  CompilerName: GCC  CompilerVersion: 8.4.0
mri_convert -all-info 
ProgramName: mri_convert  ProgramArguments: mri_convert -all-info  ProgramVersion: 7.3.2  TimeStamp: 2026/03/09-01:10:01-GMT  BuildTime: Aug  4 2022 06:17:15  BuildStamp: freesurfer-linux-ubuntu22_x86_64-7.3.2-20220804-6354275  User: oesteban  Machine: dna007  Platform: Linux  PlatformVersion: 5.14.0-427.37.1.el9_4.x86_64  CompilerName: GCC  CompilerVersion: 8.4.0
ProgramName: mri_diff  ProgramArguments: mri_diff -all-info  ProgramVersion: 7.3.2  TimeStamp: 2026/03/09-01:10:01-GMT  BuildTime: Aug  4 2022 06:17:15  BuildStamp: freesurfer-linux-ubuntu22_x86_64-7.3.2-20220804-6354275  User: oesteban  Machine: dna007  Platform: Linux  PlatformVersion: 5.14.0-427.37.1.el9_4.x86_64  CompilerName: GCC  CompilerVersion: 8.4.0
ProgramName: mri_edit_wm_with_aseg  ProgramArguments: mri_edit_wm_with_aseg -all-info  ProgramVersion: 7.3.2  TimeStamp: 2026/03/09-01:10:01-GMT  BuildTime: Aug  4 2022 06:17:15  BuildStamp: freesurfer-linux-ubuntu22_x86_64-7.3.2-20220804-6354275  User: oesteban  Machine: dna007  Platform: Linux  PlatformVersion: 5.14.0-427.37.1.el9_4.x86_64  CompilerName: GCC  CompilerVersion: 8.4.0
ProgramName: mri_em_register  ProgramArguments: mri_em_register -all-info  ProgramVersion: 7.3.2  TimeStamp: 2026/03/09-01:10:01-GMT  BuildTime: Aug  4 2022 06:17:15  BuildStamp: freesurfer-linux-ubuntu22_x86_64-7.3.2-20220804-6354275  User: oesteban  Machine: dna007  Platform: Linux  PlatformVersion: 5.14.0-427.37.1.el9_4.x86_64  CompilerName: GCC  CompilerVersion: 8.4.0
ProgramName: mri_fill  ProgramArguments: mri_fill -all-info  ProgramVersion: 7.3.2  TimeStamp: 2026/03/09-01:10:01-GMT  BuildTime: Aug  4 2022 06:17:15  BuildStamp: freesurfer-linux-ubuntu22_x86_64-7.3.2-20220804-6354275  User: oesteban  Machine: dna007  Platform: Linux  PlatformVersion: 5.14.0-427.37.1.el9_4.x86_64  CompilerName: GCC  CompilerVersion: 8.4.0
ProgramName: mri_fuse_segmentations  ProgramArguments: mri_fuse_segmentations -all-info  ProgramVersion: 7.3.2  TimeStamp: 2026/03/09-01:10:01-GMT  BuildTime: Aug  4 2022 06:17:15  BuildStamp: freesurfer-linux-ubuntu22_x86_64-7.3.2-20220804-6354275  User: oesteban  Machine: dna007  Platform: Linux  PlatformVersion: 5.14.0-427.37.1.el9_4.x86_64  CompilerName: GCC  CompilerVersion: 8.4.0
ProgramName: mri_fwhm  ProgramArguments: mri_fwhm -all-info  ProgramVersion: 7.3.2  TimeStamp: 2026/03/09-01:10:01-GMT  BuildTime: Aug  4 2022 06:17:15  BuildStamp: freesurfer-linux-ubuntu22_x86_64-7.3.2-20220804-6354275  User: oesteban  Machine: dna007  Platform: Linux  PlatformVersion: 5.14.0-427.37.1.el9_4.x86_64  CompilerName: GCC  CompilerVersion: 8.4.0
ProgramName: mri_gcut  ProgramArguments: mri_gcut -all-info  ProgramVersion: 7.3.2  TimeStamp: 2026/03/09-01:10:02-GMT  BuildTime: Aug  4 2022 06:17:15  BuildStamp: freesurfer-linux-ubuntu22_x86_64-7.3.2-20220804-6354275  User: oesteban  Machine: dna007  Platform: Linux  PlatformVersion: 5.14.0-427.37.1.el9_4.x86_64  CompilerName: GCC  CompilerVersion: 8.4.0
ProgramName: mri_info  ProgramArguments: mri_info -all-info  ProgramVersion: 7.3.2  TimeStamp: 2026/03/09-01:10:02-GMT  BuildTime: Aug  4 2022 06:17:15  BuildStamp: freesurfer-linux-ubuntu22_x86_64-7.3.2-20220804-6354275  User: oesteban  Machine: dna007  Platform: Linux  PlatformVersion: 5.14.0-427.37.1.el9_4.x86_64  CompilerName: GCC  CompilerVersion: 8.4.0
ProgramName: mri_label2label  ProgramArguments: mri_label2label -all-info  ProgramVersion: 7.3.2  TimeStamp: 2026/03/09-01:10:02-GMT  BuildTime: Aug  4 2022 06:17:15  BuildStamp: freesurfer-linux-ubuntu22_x86_64-7.3.2-20220804-6354275  User: oesteban  Machine: dna007  Platform: Linux  PlatformVersion: 5.14.0-427.37.1.el9_4.x86_64  CompilerName: GCC  CompilerVersion: 8.4.0
ProgramName: mri_label2vol  ProgramArguments: mri_label2vol -all-info  ProgramVersion: 7.3.2  TimeStamp: 2026/03/09-01:10:02-GMT  BuildTime: Aug  4 2022 06:17:15  BuildStamp: freesurfer-linux-ubuntu22_x86_64-7.3.2-20220804-6354275  User: oesteban  Machine: dna007  Platform: Linux  PlatformVersion: 5.14.0-427.37.1.el9_4.x86_64  CompilerName: GCC  CompilerVersion: 8.4.0
ProgramName: mri_log_likelihood  ProgramArguments: mri_log_likelihood -all-info  ProgramVersion: 7.3.2  TimeStamp: 2026/03/09-01:10:02-GMT  BuildTime: Aug  4 2022 06:17:15  BuildStamp: freesurfer-linux-ubuntu22_x86_64-7.3.2-20220804-6354275  User: oesteban  Machine: dna007  Platform: Linux  PlatformVersion: 5.14.0-427.37.1.el9_4.x86_64  CompilerName: GCC  CompilerVersion: 8.4.0
ProgramName: mri_mask  ProgramArguments: mri_mask -all-info  ProgramVersion: 7.3.2  TimeStamp: 2026/03/09-01:10:02-GMT  BuildTime: Aug  4 2022 06:17:15  BuildStamp: freesurfer-linux-ubuntu22_x86_64-7.3.2-20220804-6354275  User: oesteban  Machine: dna007  Platform: Linux  PlatformVersion: 5.14.0-427.37.1.el9_4.x86_64  CompilerName: GCC  CompilerVersion: 8.4.0
ProgramName: mri_matrix_multiply  ProgramArguments: mri_matrix_multiply -all-info  ProgramVersion: 7.3.2  TimeStamp: 2026/03/09-01:10:02-GMT  BuildTime: Aug  4 2022 06:17:15  BuildStamp: freesurfer-linux-ubuntu22_x86_64-7.3.2-20220804-6354275  User: oesteban  Machine: dna007  Platform: Linux  PlatformVersion: 5.14.0-427.37.1.el9_4.x86_64  CompilerName: GCC  CompilerVersion: 8.4.0
ProgramName: mri_normalize  ProgramArguments: mri_normalize -all-info  ProgramVersion: 7.3.2  TimeStamp: 2026/03/09-01:10:02-GMT  BuildTime: Aug  4 2022 06:17:15  BuildStamp: freesurfer-linux-ubuntu22_x86_64-7.3.2-20220804-6354275  User: oesteban  Machine: dna007  Platform: Linux  PlatformVersion: 5.14.0-427.37.1.el9_4.x86_64  CompilerName: GCC  CompilerVersion: 8.4.0
ProgramName: mri_normalize_tp2  ProgramArguments: mri_normalize_tp2 -all-info  ProgramVersion: 7.3.2  TimeStamp: 2026/03/09-01:10:02-GMT  BuildTime: Aug  4 2022 06:17:15  BuildStamp: freesurfer-linux-ubuntu22_x86_64-7.3.2-20220804-6354275  User: oesteban  Machine: dna007  Platform: Linux  PlatformVersion: 5.14.0-427.37.1.el9_4.x86_64  CompilerName: GCC  CompilerVersion: 8.4.0
ProgramName: mri_or  ProgramArguments: mri_or -all-info  ProgramVersion: 7.3.2  TimeStamp: 2026/03/09-01:10:02-GMT  BuildTime: Aug  4 2022 06:17:15  BuildStamp: freesurfer-linux-ubuntu22_x86_64-7.3.2-20220804-6354275  User: oesteban  Machine: dna007  Platform: Linux  PlatformVersion: 5.14.0-427.37.1.el9_4.x86_64  CompilerName: GCC  CompilerVersion: 8.4.0
ProgramName: mri_relabel_hypointensities  ProgramArguments: mri_relabel_hypointensities -all-info  ProgramVersion: 7.3.2  TimeStamp: 2026/03/09-01:10:02-GMT  BuildTime: Aug  4 2022 06:17:15  BuildStamp: freesurfer-linux-ubuntu22_x86_64-7.3.2-20220804-6354275  User: oesteban  Machine: dna007  Platform: Linux  PlatformVersion: 5.14.0-427.37.1.el9_4.x86_64  CompilerName: GCC  CompilerVersion: 8.4.0
ProgramName: mri_relabel_nonwm_hypos  ProgramArguments: mri_relabel_nonwm_hypos -all-info  ProgramVersion: 7.3.2  TimeStamp: 2026/03/09-01:10:02-GMT  BuildTime: Aug  4 2022 06:17:15  BuildStamp: freesurfer-linux-ubuntu22_x86_64-7.3.2-20220804-6354275  User: oesteban  Machine: dna007  Platform: Linux  PlatformVersion: 5.14.0-427.37.1.el9_4.x86_64  CompilerName: GCC  CompilerVersion: 8.4.0
ProgramName: mri_remove_neck  ProgramArguments: mri_remove_neck -all-info  ProgramVersion: 7.3.2  TimeStamp: 2026/03/09-01:10:02-GMT  BuildTime: Aug  4 2022 06:17:15  BuildStamp: freesurfer-linux-ubuntu22_x86_64-7.3.2-20220804-6354275  User: oesteban  Machine: dna007  Platform: Linux  PlatformVersion: 5.14.0-427.37.1.el9_4.x86_64  CompilerName: GCC  CompilerVersion: 8.4.0
7.3.2

ProgramName: mri_robust_register  ProgramArguments: mri_robust_register -all-info  ProgramVersion: 7.3.2  TimeStamp: 2026/03/09-01:10:02-GMT  BuildTime: Aug  4 2022 06:17:15  BuildStamp: freesurfer-linux-ubuntu22_x86_64-7.3.2-20220804-6354275  User: oesteban  Machine: dna007  Platform: Linux  PlatformVersion: 5.14.0-427.37.1.el9_4.x86_64  CompilerName: GCC  CompilerVersion: 8.4.0
7.3.2

ProgramName: mri_robust_template  ProgramArguments: mri_robust_template -all-info  ProgramVersion: 7.3.2  TimeStamp: 2026/03/09-01:10:02-GMT  BuildTime: Aug  4 2022 06:17:15  BuildStamp: freesurfer-linux-ubuntu22_x86_64-7.3.2-20220804-6354275  User: oesteban  Machine: dna007  Platform: Linux  PlatformVersion: 5.14.0-427.37.1.el9_4.x86_64  CompilerName: GCC  CompilerVersion: 8.4.0
ProgramName: mris_anatomical_stats  ProgramArguments: mris_anatomical_stats -all-info  ProgramVersion: 7.3.2  TimeStamp: 2026/03/09-01:10:02-GMT  BuildTime: Aug  4 2022 06:17:15  BuildStamp: freesurfer-linux-ubuntu22_x86_64-7.3.2-20220804-6354275  User: oesteban  Machine: dna007  Platform: Linux  PlatformVersion: 5.14.0-427.37.1.el9_4.x86_64  CompilerName: GCC  CompilerVersion: 8.4.0
ProgramName: mris_ca_label  ProgramArguments: mris_ca_label -all-info  ProgramVersion: 7.3.2  TimeStamp: 2026/03/09-01:10:02-GMT  BuildTime: Aug  4 2022 06:17:15  BuildStamp: freesurfer-linux-ubuntu22_x86_64-7.3.2-20220804-6354275  User: oesteban  Machine: dna007  Platform: Linux  PlatformVersion: 5.14.0-427.37.1.el9_4.x86_64  CompilerName: GCC  CompilerVersion: 8.4.0
ProgramName: mris_calc  ProgramArguments: mris_calc -all-info  ProgramVersion: 7.3.2  TimeStamp: 2026/03/09-01:10:02-GMT  BuildTime: Aug  4 2022 06:17:15  BuildStamp: freesurfer-linux-ubuntu22_x86_64-7.3.2-20220804-6354275  User: oesteban  Machine: dna007  Platform: Linux  PlatformVersion: 5.14.0-427.37.1.el9_4.x86_64  CompilerName: GCC  CompilerVersion: 8.4.0
ProgramName: mris_convert  ProgramArguments: mris_convert -all-info  ProgramVersion: 7.3.2  TimeStamp: 2026/03/09-01:10:02-GMT  BuildTime: Aug  4 2022 06:17:15  BuildStamp: freesurfer-linux-ubuntu22_x86_64-7.3.2-20220804-6354275  User: oesteban  Machine: dna007  Platform: Linux  PlatformVersion: 5.14.0-427.37.1.el9_4.x86_64  CompilerName: GCC  CompilerVersion: 8.4.0
ProgramName: mris_curvature  ProgramArguments: mris_curvature -all-info  ProgramVersion: 7.3.2  TimeStamp: 2026/03/09-01:10:02-GMT  BuildTime: Aug  4 2022 06:17:15  BuildStamp: freesurfer-linux-ubuntu22_x86_64-7.3.2-20220804-6354275  User: oesteban  Machine: dna007  Platform: Linux  PlatformVersion: 5.14.0-427.37.1.el9_4.x86_64  CompilerName: GCC  CompilerVersion: 8.4.0
ProgramName: mris_curvature_stats  ProgramArguments: mris_curvature_stats -all-info  ProgramVersion: 7.3.2  TimeStamp: 2026/03/09-01:10:02-GMT  BuildTime: Aug  4 2022 06:17:15  BuildStamp: freesurfer-linux-ubuntu22_x86_64-7.3.2-20220804-6354275  User: oesteban  Machine: dna007  Platform: Linux  PlatformVersion: 5.14.0-427.37.1.el9_4.x86_64  CompilerName: GCC  CompilerVersion: 8.4.0
ProgramName: mris_diff  ProgramArguments: mris_diff -all-info  ProgramVersion: 7.3.2  TimeStamp: 2026/03/09-01:10:02-GMT  BuildTime: Aug  4 2022 06:17:15  BuildStamp: freesurfer-linux-ubuntu22_x86_64-7.3.2-20220804-6354275  User: oesteban  Machine: dna007  Platform: Linux  PlatformVersion: 5.14.0-427.37.1.el9_4.x86_64  CompilerName: GCC  CompilerVersion: 8.4.0
ProgramName: mris_divide_parcellation  ProgramArguments: mris_divide_parcellation -all-info  ProgramVersion: 7.3.2  TimeStamp: 2026/03/09-01:10:02-GMT  BuildTime: Aug  4 2022 06:17:15  BuildStamp: freesurfer-linux-ubuntu22_x86_64-7.3.2-20220804-6354275  User: oesteban  Machine: dna007  Platform: Linux  PlatformVersion: 5.14.0-427.37.1.el9_4.x86_64  CompilerName: GCC  CompilerVersion: 8.4.0
ProgramName: mri_segment  ProgramArguments: mri_segment -all-info  ProgramVersion: 7.3.2  TimeStamp: 2026/03/09-01:10:02-GMT  BuildTime: Aug  4 2022 06:17:15  BuildStamp: freesurfer-linux-ubuntu22_x86_64-7.3.2-20220804-6354275  User: oesteban  Machine: dna007  Platform: Linux  PlatformVersion: 5.14.0-427.37.1.el9_4.x86_64  CompilerName: GCC  CompilerVersion: 8.4.0
ProgramName: mri_segstats  ProgramArguments: mri_segstats -all-info  ProgramVersion: 7.3.2  TimeStamp: 2026/03/09-01:10:02-GMT  BuildTime: Aug  4 2022 06:17:15  BuildStamp: freesurfer-linux-ubuntu22_x86_64-7.3.2-20220804-6354275  User: oesteban  Machine: dna007  Platform: Linux  PlatformVersion: 5.14.0-427.37.1.el9_4.x86_64  CompilerName: GCC  CompilerVersion: 8.4.0
ProgramName: mris_euler_number  ProgramArguments: mris_euler_number -all-info  ProgramVersion: 7.3.2  TimeStamp: 2026/03/09-01:10:02-GMT  BuildTime: Aug  4 2022 06:17:15  BuildStamp: freesurfer-linux-ubuntu22_x86_64-7.3.2-20220804-6354275  User: oesteban  Machine: dna007  Platform: Linux  PlatformVersion: 5.14.0-427.37.1.el9_4.x86_64  CompilerName: GCC  CompilerVersion: 8.4.0
ProgramName: mris_fix_topology  ProgramArguments: mris_fix_topology -all-info  ProgramVersion: 7.3.2  TimeStamp: 2026/03/09-01:10:02-GMT  BuildTime: Aug  4 2022 06:17:15  BuildStamp: freesurfer-linux-ubuntu22_x86_64-7.3.2-20220804-6354275  User: oesteban  Machine: dna007  Platform: Linux  PlatformVersion: 5.14.0-427.37.1.el9_4.x86_64  CompilerName: GCC  CompilerVersion: 8.4.0
ProgramName: mris_topo_fixer  ProgramArguments: mris_topo_fixer -all-info  ProgramVersion: 7.3.2  TimeStamp: 2026/03/09-01:10:02-GMT  BuildTime: Aug  4 2022 06:17:15  BuildStamp: freesurfer-linux-ubuntu22_x86_64-7.3.2-20220804-6354275  User: oesteban  Machine: dna007  Platform: Linux  PlatformVersion: 5.14.0-427.37.1.el9_4.x86_64  CompilerName: GCC  CompilerVersion: 8.4.0
ProgramName: mris_jacobian  ProgramArguments: mris_jacobian -all-info  ProgramVersion: 7.3.2  TimeStamp: 2026/03/09-01:10:02-GMT  BuildTime: Aug  4 2022 06:17:15  BuildStamp: freesurfer-linux-ubuntu22_x86_64-7.3.2-20220804-6354275  User: oesteban  Machine: dna007  Platform: Linux  PlatformVersion: 5.14.0-427.37.1.el9_4.x86_64  CompilerName: GCC  CompilerVersion: 8.4.0
ProgramName: mris_label2annot  ProgramArguments: mris_label2annot -all-info  ProgramVersion: 7.3.2  TimeStamp: 2026/03/09-01:10:02-GMT  BuildTime: Aug  4 2022 06:17:15  BuildStamp: freesurfer-linux-ubuntu22_x86_64-7.3.2-20220804-6354275  User: oesteban  Machine: dna007  Platform: Linux  PlatformVersion: 5.14.0-427.37.1.el9_4.x86_64  CompilerName: GCC  CompilerVersion: 8.4.0
ProgramName: mris_left_right_register  ProgramArguments: mris_left_right_register -all-info  ProgramVersion: 7.3.2  TimeStamp: 2026/03/09-01:10:02-GMT  BuildTime: Aug  4 2022 06:17:15  BuildStamp: freesurfer-linux-ubuntu22_x86_64-7.3.2-20220804-6354275  User: oesteban  Machine: dna007  Platform: Linux  PlatformVersion: 5.14.0-427.37.1.el9_4.x86_64  CompilerName: GCC  CompilerVersion: 8.4.0
ProgramName: mris_place_surface  ProgramArguments: mris_place_surface -all-info  ProgramVersion: 7.3.2  TimeStamp: 2026/03/09-01:10:02-GMT  BuildTime: Aug  4 2022 06:17:15  BuildStamp: freesurfer-linux-ubuntu22_x86_64-7.3.2-20220804-6354275  User: oesteban  Machine: dna007  Platform: Linux  PlatformVersion: 5.14.0-427.37.1.el9_4.x86_64  CompilerName: GCC  CompilerVersion: 8.4.0
ProgramName: mrisp_paint  ProgramArguments: mrisp_paint -all-info  ProgramVersion: 7.3.2  TimeStamp: 2026/03/09-01:10:02-GMT  BuildTime: Aug  4 2022 06:17:15  BuildStamp: freesurfer-linux-ubuntu22_x86_64-7.3.2-20220804-6354275  User: oesteban  Machine: dna007  Platform: Linux  PlatformVersion: 5.14.0-427.37.1.el9_4.x86_64  CompilerName: GCC  CompilerVersion: 8.4.0
ProgramName: mris_register  ProgramArguments: mris_register -all-info  ProgramVersion: 7.3.2  TimeStamp: 2026/03/09-01:10:02-GMT  BuildTime: Aug  4 2022 06:17:15  BuildStamp: freesurfer-linux-ubuntu22_x86_64-7.3.2-20220804-6354275  User: oesteban  Machine: dna007  Platform: Linux  PlatformVersion: 5.14.0-427.37.1.el9_4.x86_64  CompilerName: GCC  CompilerVersion: 8.4.0
ProgramName: mris_smooth  ProgramArguments: mris_smooth -all-info  ProgramVersion: 7.3.2  TimeStamp: 2026/03/09-01:10:02-GMT  BuildTime: Aug  4 2022 06:17:15  BuildStamp: freesurfer-linux-ubuntu22_x86_64-7.3.2-20220804-6354275  User: oesteban  Machine: dna007  Platform: Linux  PlatformVersion: 5.14.0-427.37.1.el9_4.x86_64  CompilerName: GCC  CompilerVersion: 8.4.0
ProgramName: mris_sphere  ProgramArguments: mris_sphere -all-info  ProgramVersion: 7.3.2  TimeStamp: 2026/03/09-01:10:02-GMT  BuildTime: Aug  4 2022 06:17:15  BuildStamp: freesurfer-linux-ubuntu22_x86_64-7.3.2-20220804-6354275  User: oesteban  Machine: dna007  Platform: Linux  PlatformVersion: 5.14.0-427.37.1.el9_4.x86_64  CompilerName: GCC  CompilerVersion: 8.4.0
ProgramName: mris_surface_stats  ProgramArguments: mris_surface_stats -all-info  ProgramVersion: 7.3.2  TimeStamp: 2026/03/09-01:10:02-GMT  BuildTime: Aug  4 2022 06:17:15  BuildStamp: freesurfer-linux-ubuntu22_x86_64-7.3.2-20220804-6354275  User: oesteban  Machine: dna007  Platform: Linux  PlatformVersion: 5.14.0-427.37.1.el9_4.x86_64  CompilerName: GCC  CompilerVersion: 8.4.0
ProgramName: mri_stats2seg  ProgramArguments: mri_stats2seg -all-info  ProgramVersion: 7.3.2  TimeStamp: 2026/03/09-01:10:02-GMT  BuildTime: Aug  4 2022 06:17:15  BuildStamp: freesurfer-linux-ubuntu22_x86_64-7.3.2-20220804-6354275  User: oesteban  Machine: dna007  Platform: Linux  PlatformVersion: 5.14.0-427.37.1.el9_4.x86_64  CompilerName: GCC  CompilerVersion: 8.4.0
ProgramName: mris_thickness  ProgramArguments: mris_thickness -all-info  ProgramVersion: 7.3.2  TimeStamp: 2026/03/09-01:10:02-GMT  BuildTime: Aug  4 2022 06:17:15  BuildStamp: freesurfer-linux-ubuntu22_x86_64-7.3.2-20220804-6354275  User: oesteban  Machine: dna007  Platform: Linux  PlatformVersion: 5.14.0-427.37.1.el9_4.x86_64  CompilerName: GCC  CompilerVersion: 8.4.0
ProgramName: mris_thickness_diff  ProgramArguments: mris_thickness_diff -all-info  ProgramVersion: 7.3.2  TimeStamp: 2026/03/09-01:10:02-GMT  BuildTime: Aug  4 2022 06:17:15  BuildStamp: freesurfer-linux-ubuntu22_x86_64-7.3.2-20220804-6354275  User: oesteban  Machine: dna007  Platform: Linux  PlatformVersion: 5.14.0-427.37.1.el9_4.x86_64  CompilerName: GCC  CompilerVersion: 8.4.0
ProgramName: mris_topo_fixer  ProgramArguments: mris_topo_fixer -all-info  ProgramVersion: 7.3.2  TimeStamp: 2026/03/09-01:10:02-GMT  BuildTime: Aug  4 2022 06:17:15  BuildStamp: freesurfer-linux-ubuntu22_x86_64-7.3.2-20220804-6354275  User: oesteban  Machine: dna007  Platform: Linux  PlatformVersion: 5.14.0-427.37.1.el9_4.x86_64  CompilerName: GCC  CompilerVersion: 8.4.0
ProgramName: mri_surf2surf  ProgramArguments: mri_surf2surf -all-info  ProgramVersion: 7.3.2  TimeStamp: 2026/03/09-01:10:02-GMT  BuildTime: Aug  4 2022 06:17:15  BuildStamp: freesurfer-linux-ubuntu22_x86_64-7.3.2-20220804-6354275  User: oesteban  Machine: dna007  Platform: Linux  PlatformVersion: 5.14.0-427.37.1.el9_4.x86_64  CompilerName: GCC  CompilerVersion: 8.4.0
ProgramName: mri_surf2vol  ProgramArguments: mri_surf2vol -all-info  ProgramVersion: 7.3.2  TimeStamp: 2026/03/09-01:10:02-GMT  BuildTime: Aug  4 2022 06:17:15  BuildStamp: freesurfer-linux-ubuntu22_x86_64-7.3.2-20220804-6354275  User: oesteban  Machine: dna007  Platform: Linux  PlatformVersion: 5.14.0-427.37.1.el9_4.x86_64  CompilerName: GCC  CompilerVersion: 8.4.0
ProgramName: mri_surfcluster  ProgramArguments: mri_surfcluster -all-info  ProgramVersion: 7.3.2  TimeStamp: 2026/03/09-01:10:02-GMT  BuildTime: Aug  4 2022 06:17:15  BuildStamp: freesurfer-linux-ubuntu22_x86_64-7.3.2-20220804-6354275  User: oesteban  Machine: dna007  Platform: Linux  PlatformVersion: 5.14.0-427.37.1.el9_4.x86_64  CompilerName: GCC  CompilerVersion: 8.4.0
ProgramName: mris_volmask  ProgramArguments: mris_volmask -all-info  ProgramVersion: 7.3.2  TimeStamp: 2026/03/09-01:10:02-GMT  BuildTime: Aug  4 2022 06:17:15  BuildStamp: freesurfer-linux-ubuntu22_x86_64-7.3.2-20220804-6354275  User: oesteban  Machine: dna007  Platform: Linux  PlatformVersion: 5.14.0-427.37.1.el9_4.x86_64  CompilerName: GCC  CompilerVersion: 8.4.0
ProgramName: mri_tessellate  ProgramArguments: mri_tessellate -all-info  ProgramVersion: 7.3.2  TimeStamp: 2026/03/09-01:10:02-GMT  BuildTime: Aug  4 2022 06:17:15  BuildStamp: freesurfer-linux-ubuntu22_x86_64-7.3.2-20220804-6354275  User: oesteban  Machine: dna007  Platform: Linux  PlatformVersion: 5.14.0-427.37.1.el9_4.x86_64  CompilerName: GCC  CompilerVersion: 8.4.0
ProgramName: mri_vol2surf  ProgramArguments: mri_vol2surf -all-info  ProgramVersion: 7.3.2  TimeStamp: 2026/03/09-01:10:02-GMT  BuildTime: Aug  4 2022 06:17:15  BuildStamp: freesurfer-linux-ubuntu22_x86_64-7.3.2-20220804-6354275  User: oesteban  Machine: dna007  Platform: Linux  PlatformVersion: 5.14.0-427.37.1.el9_4.x86_64  CompilerName: GCC  CompilerVersion: 8.4.0
ProgramName: mri_vol2vol  ProgramArguments: mri_vol2vol -all-info  ProgramVersion: 7.3.2  TimeStamp: 2026/03/09-01:10:02-GMT  BuildTime: Aug  4 2022 06:17:15  BuildStamp: freesurfer-linux-ubuntu22_x86_64-7.3.2-20220804-6354275  User: oesteban  Machine: dna007  Platform: Linux  PlatformVersion: 5.14.0-427.37.1.el9_4.x86_64  CompilerName: GCC  CompilerVersion: 8.4.0
ProgramName: mri_voldiff  ProgramArguments: mri_voldiff -all-info  ProgramVersion: 7.3.2  TimeStamp: 2026/03/09-01:10:02-GMT  BuildTime: Aug  4 2022 06:17:15  BuildStamp: freesurfer-linux-ubuntu22_x86_64-7.3.2-20220804-6354275  User: oesteban  Machine: dna007  Platform: Linux  PlatformVersion: 5.14.0-427.37.1.el9_4.x86_64  CompilerName: GCC  CompilerVersion: 8.4.0
ProgramName: mri_watershed  ProgramArguments: mri_watershed -all-info  ProgramVersion: 7.3.2  TimeStamp: 2026/03/09-01:10:02-GMT  BuildTime: Aug  4 2022 06:17:15  BuildStamp: freesurfer-linux-ubuntu22_x86_64-7.3.2-20220804-6354275  User: oesteban  Machine: dna007  Platform: Linux  PlatformVersion: 5.14.0-427.37.1.el9_4.x86_64  CompilerName: GCC  CompilerVersion: 8.4.0
ProgramName: tkregister2  ProgramArguments: tkregister2_cmdl -all-info  ProgramVersion: 7.3.2  TimeStamp: 2026/03/09-01:10:02-GMT  BuildTime: Aug  4 2022 06:17:15  BuildStamp: freesurfer-linux-ubuntu22_x86_64-7.3.2-20220804-6354275  User: oesteban  Machine: dna007  Platform: Linux  PlatformVersion: 5.14.0-427.37.1.el9_4.x86_64  CompilerName: GCC  CompilerVersion: 8.4.0
mri_motion_correct.fsl 7.3.2
mri_convert -all-info 
ProgramName: mri_convert  ProgramArguments: mri_convert -all-info  ProgramVersion: 7.3.2  TimeStamp: 2026/03/09-01:10:02-GMT  BuildTime: Aug  4 2022 06:17:15  BuildStamp: freesurfer-linux-ubuntu22_x86_64-7.3.2-20220804-6354275  User: oesteban  Machine: dna007  Platform: Linux  PlatformVersion: 5.14.0-427.37.1.el9_4.x86_64  CompilerName: GCC  CompilerVersion: 8.4.0
Program nu_correct, built from:
Package MNI N3, version 1.12.0, compiled by nicks@terrier (x86_64-unknown-linux-gnu) on 2015-06-19 at 01:25:34
#######################################
GCADIR /opt/freesurfer/average
GCA RB_all_2020-01-02.gca
GCASkull RB_all_withskull_2020_01_02.gca
AvgCurvTif folding.atlas.acfb40.noaparc.i12.2016-08-02.tif
GCSDIR /opt/freesurfer/average
GCS DKaparc.atlas.acfb40.noaparc.i12.2016-08-02.gcs
#######################################
#--------------------------------------------
#@# Tessellate rh Mon Mar  9 02:10:02 CET 2026
/out/sourcedata/freesurfer/sub-v1s16x0051193_ses-1/scripts

 mri_pretess ../mri/filled.mgz 127 ../mri/norm.mgz ../mri/filled-pretess127.mgz 


Iteration Number : 1
pass   1 (xy+):   0 found -   0 modified     |    TOTAL:   0
pass   1 (xy-):   0 found -   0 modified     |    TOTAL:   0
pass   1 (yz+):   1 found -   1 modified     |    TOTAL:   1
pass   2 (yz+):   0 found -   1 modified     |    TOTAL:   1
pass   1 (yz-):   1 found -   1 modified     |    TOTAL:   2
pass   2 (yz-):   0 found -   1 modified     |    TOTAL:   2
pass   1 (xz+):   1 found -   1 modified     |    TOTAL:   3
pass   2 (xz+):   0 found -   1 modified     |    TOTAL:   3
pass   1 (xz-):   1 found -   1 modified     |    TOTAL:   4
pass   2 (xz-):   0 found -   1 modified     |    TOTAL:   4
Iteration Number : 1
pass   1 (+++):   0 found -   0 modified     |    TOTAL:   0
pass   1 (+++):   0 found -   0 modified     |    TOTAL:   0
pass   1 (+++):   2 found -   2 modified     |    TOTAL:   2
pass   2 (+++):   0 found -   2 modified     |    TOTAL:   2
pass   1 (+++):   0 found -   0 modified     |    TOTAL:   2
Iteration Number : 1
pass   1 (++):   0 found -   0 modified     |    TOTAL:   0
pass   1 (+-):   0 found -   0 modified     |    TOTAL:   0
pass   1 (--):   0 found -   0 modified     |    TOTAL:   0
pass   1 (-+):   0 found -   0 modified     |    TOTAL:   0
Iteration Number : 2
pass   1 (xy+):   0 found -   0 modified     |    TOTAL:   0
pass   1 (xy-):   1 found -   1 modified     |    TOTAL:   1
pass   2 (xy-):   0 found -   1 modified     |    TOTAL:   1
pass   1 (yz+):   0 found -   0 modified     |    TOTAL:   1
pass   1 (yz-):   0 found -   0 modified     |    TOTAL:   1
pass   1 (xz+):   0 found -   0 modified     |    TOTAL:   1
pass   1 (xz-):   0 found -   0 modified     |    TOTAL:   1
Iteration Number : 2
pass   1 (+++):   0 found -   0 modified     |    TOTAL:   0
pass   1 (+++):   0 found -   0 modified     |    TOTAL:   0
pass   1 (+++):   0 found -   0 modified     |    TOTAL:   0
pass   1 (+++):   0 found -   0 modified     |    TOTAL:   0
Iteration Number : 2
pass   1 (++):   1 found -   1 modified     |    TOTAL:   1
pass   2 (++):   0 found -   1 modified     |    TOTAL:   1
pass   1 (+-):   0 found -   0 modified     |    TOTAL:   1
pass   1 (--):   0 found -   0 modified     |    TOTAL:   1
pass   1 (-+):   0 found -   0 modified     |    TOTAL:   1
Iteration Number : 3
pass   1 (xy+):   0 found -   0 modified     |    TOTAL:   0
pass   1 (xy-):   0 found -   0 modified     |    TOTAL:   0
pass   1 (yz+):   0 found -   0 modified     |    TOTAL:   0
pass   1 (yz-):   0 found -   0 modified     |    TOTAL:   0
pass   1 (xz+):   0 found -   0 modified     |    TOTAL:   0
pass   1 (xz-):   0 found -   0 modified     |    TOTAL:   0
Iteration Number : 3
pass   1 (+++):   0 found -   0 modified     |    TOTAL:   0
pass   1 (+++):   0 found -   0 modified     |    TOTAL:   0
pass   1 (+++):   0 found -   0 modified     |    TOTAL:   0
pass   1 (+++):   0 found -   0 modified     |    TOTAL:   0
Iteration Number : 3
pass   1 (++):   0 found -   0 modified     |    TOTAL:   0
pass   1 (+-):   0 found -   0 modified     |    TOTAL:   0
pass   1 (--):   0 found -   0 modified     |    TOTAL:   0
pass   1 (-+):   0 found -   0 modified     |    TOTAL:   0

Total Number of Modified Voxels = 8 (out of 213768: 0.003742)
Ambiguous edge configurations... 

mri_pretess done


 mri_tessellate ../mri/filled-pretess127.mgz 127 ../surf/rh.orig.nofix 

7.3.2
  7.3.2
slice 50: 1246 vertices, 1356 faces
slice 60: 5156 vertices, 5314 faces
slice 70: 11020 vertices, 11287 faces
slice 80: 18533 vertices, 18804 faces
slice 90: 27199 vertices, 27492 faces
slice 100: 36588 vertices, 36915 faces
slice 110: 46798 vertices, 47185 faces
slice 120: 57218 vertices, 57603 faces
slice 130: 68356 vertices, 68744 faces
slice 140: 78053 vertices, 78391 faces
slice 150: 86007 vertices, 86297 faces
slice 160: 92187 vertices, 92468 faces
slice 170: 99751 vertices, 100033 faces
slice 180: 105414 vertices, 105651 faces
slice 190: 110154 vertices, 110358 faces
slice 200: 113337 vertices, 113494 faces
slice 210: 115012 vertices, 115072 faces
slice 220: 115012 vertices, 115072 faces
slice 230: 115012 vertices, 115072 faces
slice 240: 115012 vertices, 115072 faces
slice 250: 115012 vertices, 115072 faces
using the conformed surface RAS to save vertex points...
writing ../surf/rh.orig.nofix
using vox2ras matrix:
-1.00000   0.00000   0.00000   128.00000;
 0.00000   0.00000   1.00000  -128.00000;
 0.00000  -1.00000   0.00000   128.00000;
 0.00000   0.00000   0.00000   1.00000;

 rm -f ../mri/filled-pretess127.mgz 


 mris_extract_main_component ../surf/rh.orig.nofix ../surf/rh.orig.nofix 


counting number of connected components...
   115012 voxel in cpt #1: X=-60 [v=115012,e=345216,f=230144] located at (21.250078, -7.238610, 35.426380)
For the whole surface: X=-60 [v=115012,e=345216,f=230144]
One single component has been found
nothing to do
done

#--------------------------------------------
#@# Smooth1 rh Mon Mar  9 02:10:05 CET 2026
/out/sourcedata/freesurfer/sub-v1s16x0051193_ses-1/scripts

 mris_smooth -nw -seed 1234 ../surf/rh.orig.nofix ../surf/rh.smoothwm.nofix 

setting seed for random number generator to 1234
smoothing surface tessellation for 10 iterations...
smoothing complete - recomputing first and second fundamental forms...
#--------------------------------------------
#@# Inflation1 rh Mon Mar  9 02:10:07 CET 2026
/out/sourcedata/freesurfer/sub-v1s16x0051193_ses-1/scripts

 mris_inflate -no-save-sulc ../surf/rh.smoothwm.nofix ../surf/rh.inflated.nofix 

Not saving sulc
Reading ../surf/rh.smoothwm.nofix
avg radius = 45.5 mm, total surface area = 61347 mm^2
step 000: RMS=0.159 (target=0.015)   step 005: RMS=0.124 (target=0.015)   step 010: RMS=0.094 (target=0.015)   step 015: RMS=0.082 (target=0.015)   step 020: RMS=0.073 (target=0.015)   step 025: RMS=0.065 (target=0.015)   step 030: RMS=0.060 (target=0.015)   step 035: RMS=0.056 (target=0.015)   step 040: RMS=0.053 (target=0.015)   step 045: RMS=0.051 (target=0.015)   step 050: RMS=0.050 (target=0.015)   step 055: RMS=0.050 (target=0.015)   step 060: RMS=0.049 (target=0.015)   writing inflated surface to ../surf/rh.inflated.nofix
inflation took 0.1 minutes

inflation complete.
Not saving sulc
mris_inflate utimesec    40.306947
mris_inflate stimesec    1.231347
mris_inflate ru_maxrss   183784
mris_inflate ru_ixrss    0
mris_inflate ru_idrss    0
mris_inflate ru_isrss    0
mris_inflate ru_minflt   492623
mris_inflate ru_majflt   13
mris_inflate ru_nswap    0
mris_inflate ru_inblock  0
mris_inflate ru_oublock  8096
mris_inflate ru_msgsnd   0
mris_inflate ru_msgrcv   0
mris_inflate ru_nsignals 0
mris_inflate ru_nvcsw    4313
mris_inflate ru_nivcsw   299
#--------------------------------------------
#@# QSphere rh Mon Mar  9 02:10:15 CET 2026
/out/sourcedata/freesurfer/sub-v1s16x0051193_ses-1/scripts

 mris_sphere -q -p 6 -a 128 -seed 1234 ../surf/rh.inflated.nofix ../surf/rh.qsphere.nofix 

doing quick spherical unfolding.
limitting unfolding to 6 passes
using n_averages = 128
setting seed for random number genererator to 1234
version: 7.3.2
available threads: 16
scaling brain by 0.321...
inflating...
projecting onto sphere...
surface projected - minimizing metric distortion...
vertex spacing 1.05 +- 0.64 (0.00-->8.94) (max @ vno 42098 --> 43020)
face area 0.03 +- 0.03 (-0.19-->0.79)
Entering MRISinflateToSphere()
inflating to sphere (rms error < 2.00)
000: dt: 0.0000, rms radial error=177.274, avgs=0
005/300: dt: 0.9000, rms radial error=177.017, avgs=0
010/300: dt: 0.9000, rms radial error=176.466, avgs=0
015/300: dt: 0.9000, rms radial error=175.741, avgs=0
020/300: dt: 0.9000, rms radial error=174.915, avgs=0
025/300: dt: 0.9000, rms radial error=174.030, avgs=0
030/300: dt: 0.9000, rms radial error=173.112, avgs=0
035/300: dt: 0.9000, rms radial error=172.177, avgs=0
040/300: dt: 0.9000, rms radial error=171.232, avgs=0
045/300: dt: 0.9000, rms radial error=170.284, avgs=0
050/300: dt: 0.9000, rms radial error=169.336, avgs=0
055/300: dt: 0.9000, rms radial error=168.389, avgs=0
060/300: dt: 0.9000, rms radial error=167.445, avgs=0
065/300: dt: 0.9000, rms radial error=166.505, avgs=0
070/300: dt: 0.9000, rms radial error=165.569, avgs=0
075/300: dt: 0.9000, rms radial error=164.638, avgs=0
080/300: dt: 0.9000, rms radial error=163.714, avgs=0
085/300: dt: 0.9000, rms radial error=162.794, avgs=0
090/300: dt: 0.9000, rms radial error=161.879, avgs=0
095/300: dt: 0.9000, rms radial error=160.969, avgs=0
100/300: dt: 0.9000, rms radial error=160.063, avgs=0
105/300: dt: 0.9000, rms radial error=159.163, avgs=0
110/300: dt: 0.9000, rms radial error=158.267, avgs=0
115/300: dt: 0.9000, rms radial error=157.377, avgs=0
120/300: dt: 0.9000, rms radial error=156.491, avgs=0
125/300: dt: 0.9000, rms radial error=155.610, avgs=0
130/300: dt: 0.9000, rms radial error=154.734, avgs=0
135/300: dt: 0.9000, rms radial error=153.862, avgs=0
140/300: dt: 0.9000, rms radial error=152.996, avgs=0
145/300: dt: 0.9000, rms radial error=152.133, avgs=0
150/300: dt: 0.9000, rms radial error=151.276, avgs=0
155/300: dt: 0.9000, rms radial error=150.423, avgs=0
160/300: dt: 0.9000, rms radial error=149.575, avgs=0
165/300: dt: 0.9000, rms radial error=148.731, avgs=0
170/300: dt: 0.9000, rms radial error=147.892, avgs=0
175/300: dt: 0.9000, rms radial error=147.057, avgs=0
180/300: dt: 0.9000, rms radial error=146.227, avgs=0
185/300: dt: 0.9000, rms radial error=145.402, avgs=0
190/300: dt: 0.9000, rms radial error=144.581, avgs=0
195/300: dt: 0.9000, rms radial error=143.765, avgs=0
200/300: dt: 0.9000, rms radial error=142.953, avgs=0
205/300: dt: 0.9000, rms radial error=142.146, avgs=0
210/300: dt: 0.9000, rms radial error=141.343, avgs=0
215/300: dt: 0.9000, rms radial error=140.544, avgs=0
220/300: dt: 0.9000, rms radial error=139.750, avgs=0
225/300: dt: 0.9000, rms radial error=138.961, avgs=0
230/300: dt: 0.9000, rms radial error=138.176, avgs=0
235/300: dt: 0.9000, rms radial error=137.395, avgs=0
240/300: dt: 0.9000, rms radial error=136.618, avgs=0
245/300: dt: 0.9000, rms radial error=135.846, avgs=0
250/300: dt: 0.9000, rms radial error=135.078, avgs=0
255/300: dt: 0.9000, rms radial error=134.314, avgs=0
260/300: dt: 0.9000, rms radial error=133.555, avgs=0
265/300: dt: 0.9000, rms radial error=132.800, avgs=0
270/300: dt: 0.9000, rms radial error=132.049, avgs=0
275/300: dt: 0.9000, rms radial error=131.302, avgs=0
280/300: dt: 0.9000, rms radial error=130.560, avgs=0
285/300: dt: 0.9000, rms radial error=129.822, avgs=0
290/300: dt: 0.9000, rms radial error=129.087, avgs=0
295/300: dt: 0.9000, rms radial error=128.357, avgs=0
300/300: dt: 0.9000, rms radial error=127.631, avgs=0

spherical inflation complete.
epoch 1 (K=10.0), pass 1, starting sse = 13310.19
taking momentum steps...
taking momentum steps...
taking momentum steps...
taking momentum steps...
pass 1 complete, delta sse/iter = 0.01/13 = 0.00040
epoch 2 (K=40.0), pass 1, starting sse = 2155.89
taking momentum steps...
taking momentum steps...
taking momentum steps...
taking momentum steps...
pass 1 complete, delta sse/iter = 0.01/13 = 0.00052
epoch 3 (K=160.0), pass 1, starting sse = 230.53
taking momentum steps...
taking momentum steps...
taking momentum steps...
taking momentum steps...
pass 1 complete, delta sse/iter = 0.11/14 = 0.00772
epoch 4 (K=640.0), pass 1, starting sse = 18.56
taking momentum steps...
taking momentum steps...
taking momentum steps...
taking momentum steps...
pass 1 complete, delta sse/iter = 0.11/18 = 0.00599
final distance error %100000.00
writing spherical brain to ../surf/rh.qsphere.nofix
spherical transformation took 0.0126 hours
FSRUNTIME@ mris_sphere  0.0126 hours 16 threads
#VMPC# mris_sphere VmPeak  1525640
mris_sphere done
#@# Fix Topology rh Mon Mar  9 02:11:00 CET 2026

 mris_fix_topology -mgz -sphere qsphere.nofix -inflated inflated.nofix -orig orig.nofix -out orig.premesh -ga -seed 1234 sub-v1s16x0051193_ses-1 rh 

reading spherical homeomorphism from 'qsphere.nofix'
reading inflated coordinates from 'inflated.nofix'
reading original coordinates from 'orig.nofix'
using genetic algorithm with optimized parameters
setting seed for random number genererator to 1234

*************************************************************
Topology Correction Parameters
retessellation mode:           genetic search
number of patches/generation : 10
number of generations :        10
surface mri loglikelihood coefficient :         1.0
volume mri loglikelihood coefficient :          10.0
normal dot loglikelihood coefficient :          1.0
quadratic curvature loglikelihood coefficient : 1.0
volume resolution :                             2
eliminate vertices during search :              1
initial patch selection :                       1
select all defect vertices :                    0
ordering dependant retessellation:              0
use precomputed edge table :                    0
smooth retessellated patch :                    2
match retessellated patch :                     1
verbose mode :                                  0

*************************************************************
INFO: assuming .mgz format
writing corrected surface to 'orig.premesh'
7.3.2
  7.3.2
before topology correction, eno=-60 (nv=115012, nf=230144, ne=345216, g=31)
using quasi-homeomorphic spherical map to tessellate cortical surface...

Correction of the Topology
Finding true center and radius of Spherical Surface...done
Surface centered at (0,0,0) with radius 100.0 in 10 iterations
marking ambiguous vertices...
6414 ambiguous faces found in tessellation
segmenting defects...
40 defects found, arbitrating ambiguous regions...
analyzing neighboring defects...
      -merging segment 32 into 31
39 defects to be corrected 
0 vertices coincident
reading input surface /out/sourcedata/freesurfer/sub-v1s16x0051193_ses-1/surf/rh.qsphere.nofix...
reading brain volume from brain...
reading wm segmentation from wm...
Reading original properties of orig.nofix
Reading vertex positions of inflated.nofix
Computing Initial Surface Statistics
      -face       loglikelihood: -9.4204  (-4.7102)
      -vertex     loglikelihood: -6.4444  (-3.2222)
      -normal dot loglikelihood: -3.5940  (-3.5940)
      -quad curv  loglikelihood: -6.2538  (-3.1269)
      Total Loglikelihood : -25.7126
CORRECTING DEFECT 0 (vertices=102, convex hull=117, v0=0)
After retessellation of defect 0 (v0=0), euler #=-35 (111189,332188,220964) : difference with theory (-36) = -1 
CORRECTING DEFECT 1 (vertices=18, convex hull=29, v0=431)
After retessellation of defect 1 (v0=431), euler #=-34 (111192,332205,220979) : difference with theory (-35) = -1 
CORRECTING DEFECT 2 (vertices=32, convex hull=86, v0=4443)
After retessellation of defect 2 (v0=4443), euler #=-33 (111205,332280,221042) : difference with theory (-34) = -1 
CORRECTING DEFECT 3 (vertices=22, convex hull=27, v0=4702)
After retessellation of defect 3 (v0=4702), euler #=-32 (111208,332298,221058) : difference with theory (-33) = -1 
CORRECTING DEFECT 4 (vertices=24, convex hull=32, v0=6159)
After retessellation of defect 4 (v0=6159), euler #=-31 (111212,332319,221076) : difference with theory (-32) = -1 
CORRECTING DEFECT 5 (vertices=15, convex hull=26, v0=12691)
After retessellation of defect 5 (v0=12691), euler #=-30 (111214,332338,221094) : difference with theory (-31) = -1 
CORRECTING DEFECT 6 (vertices=31, convex hull=81, v0=17281)
After retessellation of defect 6 (v0=17281), euler #=-29 (111230,332418,221159) : difference with theory (-30) = -1 
CORRECTING DEFECT 7 (vertices=22, convex hull=68, v0=17787)
After retessellation of defect 7 (v0=17787), euler #=-28 (111245,332486,221213) : difference with theory (-29) = -1 
CORRECTING DEFECT 8 (vertices=28, convex hull=27, v0=19441)
After retessellation of defect 8 (v0=19441), euler #=-27 (111249,332506,221230) : difference with theory (-28) = -1 
CORRECTING DEFECT 9 (vertices=11, convex hull=22, v0=26008)
After retessellation of defect 9 (v0=26008), euler #=-26 (111249,332513,221238) : difference with theory (-27) = -1 
CORRECTING DEFECT 10 (vertices=6, convex hull=34, v0=26165)
After retessellation of defect 10 (v0=26165), euler #=-25 (111251,332529,221253) : difference with theory (-26) = -1 
CORRECTING DEFECT 11 (vertices=6, convex hull=21, v0=31451)
After retessellation of defect 11 (v0=31451), euler #=-24 (111252,332536,221260) : difference with theory (-25) = -1 
CORRECTING DEFECT 12 (vertices=47, convex hull=82, v0=33665)
After retessellation of defect 12 (v0=33665), euler #=-23 (111278,332647,221346) : difference with theory (-24) = -1 
CORRECTING DEFECT 13 (vertices=32, convex hull=41, v0=35551)
After retessellation of defect 13 (v0=35551), euler #=-22 (111279,332666,221365) : difference with theory (-23) = -1 
CORRECTING DEFECT 14 (vertices=60, convex hull=86, v0=37793)
After retessellation of defect 14 (v0=37793), euler #=-21 (111322,332827,221484) : difference with theory (-22) = -1 
CORRECTING DEFECT 15 (vertices=56, convex hull=87, v0=39662)
After retessellation of defect 15 (v0=39662), euler #=-20 (111357,332969,221592) : difference with theory (-21) = -1 
CORRECTING DEFECT 16 (vertices=114, convex hull=131, v0=41416)
After retessellation of defect 16 (v0=41416), euler #=-20 (111410,333200,221770) : difference with theory (-20) = 0 
CORRECTING DEFECT 17 (vertices=224, convex hull=271, v0=42054)
After retessellation of defect 17 (v0=42054), euler #=-19 (111435,333403,221949) : difference with theory (-19) = 0 
CORRECTING DEFECT 18 (vertices=246, convex hull=156, v0=44464)
After retessellation of defect 18 (v0=44464), euler #=-18 (111504,333681,222159) : difference with theory (-18) = 0 
CORRECTING DEFECT 19 (vertices=37, convex hull=66, v0=46345)
After retessellation of defect 19 (v0=46345), euler #=-17 (111526,333771,222228) : difference with theory (-17) = 0 
CORRECTING DEFECT 20 (vertices=29, convex hull=69, v0=46814)
After retessellation of defect 20 (v0=46814), euler #=-16 (111535,333825,222274) : difference with theory (-16) = 0 
CORRECTING DEFECT 21 (vertices=12, convex hull=16, v0=47089)
After retessellation of defect 21 (v0=47089), euler #=-15 (111537,333837,222285) : difference with theory (-15) = 0 
CORRECTING DEFECT 22 (vertices=17, convex hull=49, v0=61571)
After retessellation of defect 22 (v0=61571), euler #=-14 (111548,333887,222325) : difference with theory (-14) = 0 
CORRECTING DEFECT 23 (vertices=66, convex hull=45, v0=64891)
After retessellation of defect 23 (v0=64891), euler #=-14 (111558,333939,222367) : difference with theory (-13) = 1 
CORRECTING DEFECT 24 (vertices=19, convex hull=43, v0=69980)
After retessellation of defect 24 (v0=69980), euler #=-13 (111567,333979,222399) : difference with theory (-12) = 1 
CORRECTING DEFECT 25 (vertices=347, convex hull=93, v0=70335)
After retessellation of defect 25 (v0=70335), euler #=-12 (111617,334174,222545) : difference with theory (-11) = 1 
CORRECTING DEFECT 26 (vertices=78, convex hull=106, v0=74260)
After retessellation of defect 26 (v0=74260), euler #=-11 (111660,334349,222678) : difference with theory (-10) = 1 
CORRECTING DEFECT 27 (vertices=843, convex hull=392, v0=76983)
After retessellation of defect 27 (v0=76983), euler #=-10 (111897,335265,223358) : difference with theory (-9) = 1 
CORRECTING DEFECT 28 (vertices=21, convex hull=57, v0=82222)
After retessellation of defect 28 (v0=82222), euler #=-9 (111907,335317,223401) : difference with theory (-8) = 1 
CORRECTING DEFECT 29 (vertices=43, convex hull=32, v0=82368)
After retessellation of defect 29 (v0=82368), euler #=-8 (111916,335355,223431) : difference with theory (-7) = 1 
CORRECTING DEFECT 30 (vertices=5, convex hull=24, v0=83682)
After retessellation of defect 30 (v0=83682), euler #=-7 (111918,335367,223442) : difference with theory (-6) = 1 
CORRECTING DEFECT 31 (vertices=702, convex hull=316, v0=87236)
After retessellation of defect 31 (v0=87236), euler #=-5 (112023,335846,223818) : difference with theory (-5) = 0 
CORRECTING DEFECT 32 (vertices=27, convex hull=39, v0=91965)
After retessellation of defect 32 (v0=91965), euler #=-4 (112039,335908,223865) : difference with theory (-4) = 0 
CORRECTING DEFECT 33 (vertices=59, convex hull=85, v0=95749)
After retessellation of defect 33 (v0=95749), euler #=-3 (112061,336009,223945) : difference with theory (-3) = 0 
CORRECTING DEFECT 34 (vertices=278, convex hull=117, v0=99564)
After retessellation of defect 34 (v0=99564), euler #=-2 (112134,336279,224143) : difference with theory (-2) = 0 
CORRECTING DEFECT 35 (vertices=77, convex hull=93, v0=103140)
After retessellation of defect 35 (v0=103140), euler #=-1 (112159,336392,224232) : difference with theory (-1) = 0 
CORRECTING DEFECT 36 (vertices=24, convex hull=66, v0=104504)
After retessellation of defect 36 (v0=104504), euler #=0 (112168,336444,224276) : difference with theory (0) = 0 
CORRECTING DEFECT 37 (vertices=69, convex hull=81, v0=109935)
After retessellation of defect 37 (v0=109935), euler #=1 (112190,336548,224359) : difference with theory (1) = 0 
CORRECTING DEFECT 38 (vertices=20, convex hull=44, v0=114886)
After retessellation of defect 38 (v0=114886), euler #=2 (112194,336576,224384) : difference with theory (2) = 0 
computing original vertex metric properties...
storing new metric properties...
computing tessellation statistics...
vertex spacing 0.89 +- 0.23 (0.02-->7.86) (max @ vno 88013 --> 91878)
face area -nan +- -nan (1000.00-->-1.00)
performing soap bubble on retessellated vertices for 0 iterations...
vertex spacing 0.89 +- 0.23 (0.02-->7.86) (max @ vno 88013 --> 91878)
face area -nan +- -nan (1000.00-->-1.00)
tessellation finished, orienting corrected surface...
107 mutations (35.4%), 195 crossovers (64.6%), 194 vertices were eliminated
building final representation...
2818 vertices and 0 faces have been removed from triangulation
after topology correction, eno=2 (nv=112194, nf=224384, ne=336576, g=0)
writing corrected surface to /out/sourcedata/freesurfer/sub-v1s16x0051193_ses-1/surf/rh.orig.premesh...

0.000 % of the vertices (0 vertices) exhibit an orientation change
removing intersecting faces
000: 343 intersecting
001: 13 intersecting
002: 4 intersecting
003: 2 intersecting
terminating search with 0 intersecting
topology fixing took 2.0 minutes
FSRUNTIME@ mris_fix_topology rh  0.0341 hours 16 threads
#VMPC# mris_fix_topology VmPeak  1830512

 mris_euler_number ../surf/rh.orig.premesh 

euler # = v-e+f = 2g-2: 112194 - 336576 + 224384 = 2 --> 0 holes
      F =2V-4:          224384 = 224388-4 (0)
      2E=3F:            673152 = 673152 (0)

total defect index = 0
Mon Mar  9 02:13:04 CET 2026

setenv SUBJECTS_DIR /out/sourcedata/freesurfer
cd /out/sourcedata/freesurfer/sub-v1s16x0051193_ses-1/scripts
/opt/freesurfer/bin/defect2seg --s sub-v1s16x0051193_ses-1 --rh-only --cortex

freesurfer-linux-ubuntu22_x86_64-7.3.2-20220804-6354275
defect2seg 7.3.2
Linux dna007 5.14.0-427.37.1.el9_4.x86_64 #1 SMP PREEMPT_DYNAMIC Fri Sep 13 12:41:50 EDT 2024 x86_64 x86_64 x86_64 GNU/Linux
pid 1399461
mri_label2label --label-cortex /out/sourcedata/freesurfer/sub-v1s16x0051193_ses-1/surf/rh.orig.nofix /out/sourcedata/freesurfer/sub-v1s16x0051193_ses-1/mri/aseg.presurf.mgz 0 /out/sourcedata/freesurfer/sub-v1s16x0051193_ses-1/label/rh.nofix.cortex.label

 Generating cortex label... RemoveHipAmgy=0
 NucAccIsMedialWall=0
 mris->useRealRAS=0
11 non-cortical segments detected
only using segment with 6549 vertices
erasing segment 0 (vno[0] = 32462)
erasing segment 2 (vno[0] = 49885)
erasing segment 3 (vno[0] = 50939)
erasing segment 4 (vno[0] = 66955)
erasing segment 5 (vno[0] = 69052)
erasing segment 6 (vno[0] = 69214)
erasing segment 7 (vno[0] = 72934)
erasing segment 8 (vno[0] = 76192)
erasing segment 9 (vno[0] = 80498)
erasing segment 10 (vno[0] = 81405)
mri_label2vol --defects /out/sourcedata/freesurfer/sub-v1s16x0051193_ses-1/surf/rh.orig.nofix /out/sourcedata/freesurfer/sub-v1s16x0051193_ses-1/surf/rh.defect_labels /out/sourcedata/freesurfer/sub-v1s16x0051193_ses-1/mri/orig.mgz 2000 0 /out/sourcedata/freesurfer/sub-v1s16x0051193_ses-1/mri/rh.surface.defects.mgz /out/sourcedata/freesurfer/sub-v1s16x0051193_ses-1/label/rh.nofix.cortex.label
mri_label2vol supposed to be reproducible but seed not set
Contraining to label /out/sourcedata/freesurfer/sub-v1s16x0051193_ses-1/label/rh.nofix.cortex.label
Changing input type 0 to MRI_INT
Converting defects to volume: offset=2000, merge=0
Writing to /out/sourcedata/freesurfer/sub-v1s16x0051193_ses-1/mri/rh.surface.defects.mgz
mris_defects_pointset -s /out/sourcedata/freesurfer/sub-v1s16x0051193_ses-1/surf/rh.orig.nofix -d /out/sourcedata/freesurfer/sub-v1s16x0051193_ses-1/surf/rh.defect_labels -o /out/sourcedata/freesurfer/sub-v1s16x0051193_ses-1/surf/rh.defects.pointset --label /out/sourcedata/freesurfer/sub-v1s16x0051193_ses-1/label/rh.nofix.cortex.label
Reading in surface /out/sourcedata/freesurfer/sub-v1s16x0051193_ses-1/surf/rh.orig.nofix
Reading in defect segmentation /out/sourcedata/freesurfer/sub-v1s16x0051193_ses-1/surf/rh.defect_labels
Reading in label /out/sourcedata/freesurfer/sub-v1s16x0051193_ses-1/label/rh.nofix.cortex.label
#VMPC# mris_defects_pointset 2072360
mris_defects_pointset done
 
Started at Mon Mar 9 02:13:04 CET 2026 
Ended   at Mon Mar  9 02:13:17 CET 2026
Defect2seg-Run-Time-Sec 13
Defect2seg-Run-Time-Min 0.26
Defect2seg-Run-Time-Hours 0.00
 
tkmeditfv sub-v1s16x0051193_ses-1 brain.finalsurfs.mgz -defect
defect2seg Done

 mris_remesh --remesh --iters 3 --input /out/sourcedata/freesurfer/sub-v1s16x0051193_ses-1/surf/rh.orig.premesh --output /out/sourcedata/freesurfer/sub-v1s16x0051193_ses-1/surf/rh.orig 

iters = 3
standard remeshing without target
   adjusted l: 0.710775
remeshing to edge length 0.710775 with 3 iterations

avg qual before   : 0.889106  after: 0.971207

Removing intersections
Remeshed surface quality stats nv0 = 112194  nv = 116606  1.03932
Area    233208  0.30281  0.03376 0.060450   0.5025
Corner  699624 60.00000  8.79489 11.992600 154.7837
Edge    349812  0.84421  0.08245 0.453776   1.2623
Hinge   349812  9.99087 10.72677 0.000000 139.7790
mris_remesh done
/out/sourcedata/freesurfer/sub-v1s16x0051193_ses-1/scripts

 mris_remove_intersection ../surf/rh.orig ../surf/rh.orig 

intersection removal took 0.00 hours
writing corrected surface to ../surf/rh.orig

 rm -f ../surf/rh.inflated 

#--------------------------------------------
#@# AutoDetGWStats rh Mon Mar  9 02:13:42 CET 2026
cd /out/sourcedata/freesurfer/sub-v1s16x0051193_ses-1/mri
mris_autodet_gwstats --o ../surf/autodet.gw.stats.rh.dat --i brain.finalsurfs.mgz --wm wm.mgz --surf ../surf/rh.orig.premesh
7.3.2

cd /out/sourcedata/freesurfer/sub-v1s16x0051193_ses-1/mri
setenv SUBJECTS_DIR /out/sourcedata/freesurfer
mris_autodet_gwstats --o ../surf/autodet.gw.stats.rh.dat --i brain.finalsurfs.mgz --wm wm.mgz --surf ../surf/rh.orig.premesh 

border white:    208151 voxels (1.24%)
border gray      243653 voxels (1.45%)
Reading in intensity volume brain.finalsurfs.mgz
Reading in wm volume wm.mgz
Reading in surf ../surf/rh.orig.premesh
Auto detecting stats
MRIclipBrightWM(): nthresh=11437, wmmin=5, clip=110 
Binarizing thresholding at 5
computing class statistics... low=30, hi=110.000000
CCS WM (96.0): 97.0 +- 8.2 [70.0 --> 110.0]
CCS GM (72.0) : 71.5 +- 11.1 [30.0 --> 110.0]
white_mean = 96.9533 +/- 8.18653, gray_mean = 71.524 +/- 11.1063
using class modes intead of means, discounting robust sigmas....
MRIScomputeClassModes(): min=0 max=230 nbins=231
intensity peaks found at WM=101+-7.0,    GM=66+-8.7
white_mode = 101, gray_mode = 66
std_scale = 1
Applying sanity checks, max_scale_down = 0.2
setting MIN_GRAY_AT_WHITE_BORDER to 54.9 (was 70.000000)
setting MAX_BORDER_WHITE to 109.2 (was 105.000000)
setting MIN_BORDER_WHITE to 66.0 (was 85.000000)
setting MAX_CSF to 43.8 (was 40.000000)
setting MAX_GRAY to 92.8 (was 95.000000)
setting MAX_GRAY_AT_CSF_BORDER to 54.9 (was 75.000000)
setting MIN_GRAY_AT_CSF_BORDER to 32.7 (was 40.000000)
When placing the white surface
  white_border_hi   = 109.187;
  white_border_low  = 66;
  white_outside_low = 54.8937;
  white_inside_hi   = 120;
  white_outside_hi  = 109.187;
When placing the pial surface
  pial_border_hi   = 54.8937;
  pial_border_low  = 32.681;
  pial_outside_low = 10;
  pial_inside_hi   = 92.8135;
  pial_outside_hi  = 49.3405;
#VMPC# mris_autodet_gwstats VmPeak  1380248
mris_autodet_gwstats done
#--------------------------------------------
#@# WhitePreAparc rh Mon Mar  9 02:13:45 CET 2026
cd /out/sourcedata/freesurfer/sub-v1s16x0051193_ses-1/mri
mris_place_surface --adgws-in ../surf/autodet.gw.stats.rh.dat --wm wm.mgz --threads 16 --invol brain.finalsurfs.mgz --rh --i ../surf/rh.orig --o ../surf/rh.white.preaparc --white --seg aseg.presurf.mgz --nsmooth 5
7.3.2
7.3.2

cd /out/sourcedata/freesurfer/sub-v1s16x0051193_ses-1/mri
setenv SUBJECTS_DIR /out/sourcedata/freesurfer
mris_place_surface --adgws-in ../surf/autodet.gw.stats.rh.dat --wm wm.mgz --threads 16 --invol brain.finalsurfs.mgz --rh --i ../surf/rh.orig --o ../surf/rh.white.preaparc --white --seg aseg.presurf.mgz --nsmooth 5 

Reading in input surface ../surf/rh.orig
Smoothing surface before ripping with 5 iterations
Area    233208  0.26609  0.06585 0.001567   0.5903
Corner  699624 60.00000  9.62912 8.354776 144.5202
Edge    349812  0.78700  0.11960 0.044690   1.3711
Hinge   349812  6.67024  6.94687 0.000015 136.1847
Not reading in aparc
Reading in input volume brain.finalsurfs.mgz
Reading in wm volume wm.mgz
MRIclipBrightWM(): nthresh=11437, wmmin=5, clip=110 
MRIfindBrightNonWM(): 940 bright non-wm voxels segmented.
Masking bright non-wm for white surface
MRImask(): AllowDiffGeom = 1
MRImask(): AllowDiffGeom = 1
Reading in seg volume aseg.presurf.mgz
Ripping frozen voxels
INFO: rip surface needed but not specified, so using input surface
Freezing midline and others
Entering: MRISripMidline(): inhibiting deformation at non-cortical midline structures...
  which=1, fix_mtl=0, using annot = 0
#FML0# MRISripMidline(): nripped=0
#FML# MRISripMidline(): nmarked=5872, nmarked2=36, nripped=5872
Ripping segs (eg, WMSA, BG, frozen)
Starting MRISripSegs() d = (-2 2 0.5) segnos: 247 
MRISripSegs(): -2 2 0.5 ripped 0
vertex 58303: xyz = (42.7627,2.2881,66.3279) oxyz = (42.7627,2.2881,66.3279) wxzy = (42.7627,2.2881,66.3279) pxyz = (0,0,0) 
CBVO Creating mask 116606
n_averages 4
Iteration 0 =========================================
n_averages=4, current_sigma=2
Freezing midline and others
Ripping frozen voxels
INFO: rip surface needed but not specified, so using input surface
Freezing midline and others
Entering: MRISripMidline(): inhibiting deformation at non-cortical midline structures...
  which=1, fix_mtl=0, using annot = 0
#FML0# MRISripMidline(): nripped=5872
#FML# MRISripMidline(): nmarked=5872, nmarked2=36, nripped=5872
Ripping segs (eg, WMSA, BG, frozen)
Starting MRISripSegs() d = (-2 2 0.5) segnos: 247 247 
MRISripSegs(): -2 2 0.5 ripped 0
Computing target border values 
Entering MRIScomputeBorderValues_new(): 
  inside_hi   = 120.0000000;
  border_hi   = 109.1865310;
  border_low  =  66.0000000;
  outside_low =  54.8936730;
  outside_hi  = 109.1865310;
  sigma = 2;
  max_thickness = 10;
  step_size=0.5;
  STEP_SIZE=0.1;
  which = 1
  thresh = 0
  flags = 0
  CBVfindFirstPeakD1=0
  CBVfindFirstPeakD2=0
  nvertices=116606
  Gdiag_no=-1
  vno start=0, stop=116606
Replacing 255s with 0s
#SI# sigma=2 had to be increased for 160 vertices, nripped=5872
mean border=78.9, 161 (161) missing vertices, mean dist 0.3 [0.5 (%35.9)->0.8 (%64.1))]
%65 local maxima, %30 large gradients and % 0 min vals, 0 gradients ignored
nFirstPeakD1 0
MRIScomputeBorderValues_new() finished in 0.0111 min


Finding expansion regions
mean absolute distance = 0.71 +- 0.91
4373 vertices more than 2 sigmas from mean.
Averaging target values for 5 iterations...
Positioning Surface: tspring = 0.3, nspring = 0.3, spring = 0, niters = 100 l_repulse = 5, l_surf_repulse = 0, checktol = 0
Positioning pial surface
Entering MRISpositionSurface()
  max_mm = 0.3
  MAX_REDUCTIONS = 2, REDUCTION_PCT = 0.5
  parms->check_tol = 0, niterations = 100
tol=1.0e-04, sigma=2.0, host=dna00, nav=4, nbrs=2, l_repulse=5.000, l_tspring=0.300, l_nspring=0.300, l_intensity=0.200, l_curv=1.000
mom=0.00, dt=0.50
complete_dist_mat 0
rms 0
smooth_averages 0
remove_neg 0
ico_order 0
which_surface 0
target_radius 0.000000
nfields 0
scale 0.000000
desired_rms_height 0.000000
momentum 0.000000
nbhd_size 0
max_nbrs 0
niterations 100
nsurfaces 0
SURFACES 3
flags 0 (0)
use curv 0
no sulc 0
no rigid align 0
mris->nsize 2
mris->hemisphere 1
randomSeed 0

000: dt: 0.0000, sse=2361293.0, rms=10.044
001: dt: 0.5000, sse=1316152.9, rms=7.341 (26.913%)
002: dt: 0.5000, sse=867952.7, rms=5.800 (20.991%)
003: dt: 0.5000, sse=643084.0, rms=4.846 (16.444%)
004: dt: 0.5000, sse=522633.8, rms=4.242 (12.470%)
005: dt: 0.5000, sse=456459.2, rms=3.868 (8.824%)
006: dt: 0.5000, sse=420013.2, rms=3.637 (5.957%)
007: dt: 0.5000, sse=400046.1, rms=3.499 (3.817%)
008: dt: 0.5000, sse=389512.1, rms=3.416 (2.359%)
009: dt: 0.5000, sse=381030.8, rms=3.364 (1.527%)
rms = 3.3228/3.3638, sse=376640.1/381030.7, time step reduction 1 of 3 to 0.250  0 0 1
010: dt: 0.5000, sse=376640.1, rms=3.323 (1.220%)
011: dt: 0.2500, sse=222679.9, rms=1.994 (39.985%)
012: dt: 0.2500, sse=201016.6, rms=1.727 (13.412%)
013: dt: 0.2500, sse=196347.4, rms=1.654 (4.193%)
rms = 1.6122/1.6543, sse=195189.2/196347.4, time step reduction 2 of 3 to 0.125  0 0 1
014: dt: 0.2500, sse=195189.2, rms=1.612 (2.543%)
015: dt: 0.1250, sse=191000.0, rms=1.557 (3.413%)
rms = 1.5425/1.5572, sse=190208.8/191000.0, time step reduction 3 of 3 to 0.062  0 0 1
016: dt: 0.1250, sse=190208.8, rms=1.543 (0.943%)
  maximum number of reductions reached, breaking from loop
positioning took 1.0 minutes
Iteration 1 =========================================
n_averages=2, current_sigma=1
Freezing midline and others
Ripping frozen voxels
INFO: rip surface needed but not specified, so using input surface
Freezing midline and others
Entering: MRISripMidline(): inhibiting deformation at non-cortical midline structures...
  which=1, fix_mtl=0, using annot = 0
#FML0# MRISripMidline(): nripped=5872
removing 4 vertices from ripped group in thread:0
removing 3 vertices from ripped group in thread:0
removing 4 vertices from ripped group in thread:0
removing 2 vertices from ripped group in thread:0
#FML# MRISripMidline(): nmarked=6056, nmarked2=56, nripped=6056
Ripping segs (eg, WMSA, BG, frozen)
Starting MRISripSegs() d = (-2 2 0.5) segnos: 247 247 247 
MRISripSegs(): -2 2 0.5 ripped 0
Computing target border values 
Entering MRIScomputeBorderValues_new(): 
  inside_hi   = 120.0000000;
  border_hi   = 109.1865310;
  border_low  =  66.0000000;
  outside_low =  54.8936730;
  outside_hi  = 109.1865310;
  sigma = 1;
  max_thickness = 10;
  step_size=0.5;
  STEP_SIZE=0.1;
  which = 1
  thresh = 0
  flags = 0
  CBVfindFirstPeakD1=0
  CBVfindFirstPeakD2=0
  nvertices=116606
  Gdiag_no=-1
  vno start=0, stop=116606
Replacing 255s with 0s
#SI# sigma=1 had to be increased for 208 vertices, nripped=6056
mean border=80.7, 128 (23) missing vertices, mean dist -0.1 [0.3 (%66.0)->0.3 (%34.0))]
%68 local maxima, %26 large gradients and % 0 min vals, 0 gradients ignored
nFirstPeakD1 0
MRIScomputeBorderValues_new() finished in 0.0079 min


Finding expansion regions
mean absolute distance = 0.34 +- 0.64
2984 vertices more than 2 sigmas from mean.
Averaging target values for 5 iterations...
Positioning Surface: tspring = 0.3, nspring = 0.3, spring = 0, niters = 100 l_repulse = 5, l_surf_repulse = 0, checktol = 0
Positioning pial surface
Entering MRISpositionSurface()
  max_mm = 0.3
  MAX_REDUCTIONS = 2, REDUCTION_PCT = 0.5
  parms->check_tol = 0, niterations = 100
tol=1.0e-04, sigma=1.0, host=dna00, nav=2, nbrs=2, l_repulse=5.000, l_tspring=0.300, l_nspring=0.300, l_intensity=0.200, l_curv=1.000
mom=0.00, dt=0.50
000: dt: 0.0000, sse=467375.5, rms=3.582
017: dt: 0.5000, sse=330056.0, rms=2.575 (28.110%)
rms = 2.7211/2.5748, sse=345327.7/330056.0, time step reduction 1 of 3 to 0.250  0 1 1
   RMS increased, rejecting step
018: dt: 0.2500, sse=267873.2, rms=1.954 (24.113%)
019: dt: 0.2500, sse=238475.9, rms=1.589 (18.695%)
020: dt: 0.2500, sse=234609.1, rms=1.466 (7.717%)
021: dt: 0.2500, sse=227113.0, rms=1.410 (3.849%)
rms = 1.3811/1.4096, sse=226342.2/227112.9, time step reduction 2 of 3 to 0.125  0 0 1
022: dt: 0.2500, sse=226342.2, rms=1.381 (2.027%)
rms = 1.3347/1.3811, sse=224245.8/226342.2, time step reduction 3 of 3 to 0.062  0 0 1
023: dt: 0.1250, sse=224245.8, rms=1.335 (3.355%)
  maximum number of reductions reached, breaking from loop
positioning took 0.5 minutes
Iteration 2 =========================================
n_averages=1, current_sigma=0.5
Freezing midline and others
Ripping frozen voxels
INFO: rip surface needed but not specified, so using input surface
Freezing midline and others
Entering: MRISripMidline(): inhibiting deformation at non-cortical midline structures...
  which=1, fix_mtl=0, using annot = 0
#FML0# MRISripMidline(): nripped=6056
removing 4 vertices from ripped group in thread:0
removing 3 vertices from ripped group in thread:0
removing 3 vertices from ripped group in thread:0
removing 4 vertices from ripped group in thread:0
removing 4 vertices from ripped group in thread:0
removing 2 vertices from ripped group in thread:0
removing 2 vertices from ripped group in thread:0
#FML# MRISripMidline(): nmarked=6070, nmarked2=56, nripped=6070
Ripping segs (eg, WMSA, BG, frozen)
Starting MRISripSegs() d = (-2 2 0.5) segnos: 247 247 247 247 
MRISripSegs(): -2 2 0.5 ripped 0
Computing target border values 
Entering MRIScomputeBorderValues_new(): 
  inside_hi   = 120.0000000;
  border_hi   = 109.1865310;
  border_low  =  66.0000000;
  outside_low =  54.8936730;
  outside_hi  = 109.1865310;
  sigma = 0.5;
  max_thickness = 10;
  step_size=0.5;
  STEP_SIZE=0.1;
  which = 1
  thresh = 0
  flags = 0
  CBVfindFirstPeakD1=0
  CBVfindFirstPeakD2=0
  nvertices=116606
  Gdiag_no=-1
  vno start=0, stop=116606
Replacing 255s with 0s
#SI# sigma=0.5 had to be increased for 184 vertices, nripped=6070
mean border=82.0, 140 (11) missing vertices, mean dist -0.1 [0.3 (%61.8)->0.3 (%38.2))]
%74 local maxima, %21 large gradients and % 0 min vals, 0 gradients ignored
nFirstPeakD1 0
MRIScomputeBorderValues_new() finished in 0.0046 min


Finding expansion regions
mean absolute distance = 0.28 +- 0.51
2972 vertices more than 2 sigmas from mean.
Averaging target values for 5 iterations...
Positioning Surface: tspring = 0.3, nspring = 0.3, spring = 0, niters = 100 l_repulse = 5, l_surf_repulse = 0, checktol = 0
Positioning pial surface
Entering MRISpositionSurface()
  max_mm = 0.3
  MAX_REDUCTIONS = 2, REDUCTION_PCT = 0.5
  parms->check_tol = 0, niterations = 100
tol=1.0e-04, sigma=0.5, host=dna00, nav=1, nbrs=2, l_repulse=5.000, l_tspring=0.300, l_nspring=0.300, l_intensity=0.200, l_curv=1.000
mom=0.00, dt=0.50
000: dt: 0.0000, sse=311576.8, rms=2.388
024: dt: 0.5000, sse=290333.4, rms=2.154 (9.814%)
rms = 2.4365/2.1541, sse=315100.8/290333.4, time step reduction 1 of 3 to 0.250  0 1 1
   RMS increased, rejecting step
025: dt: 0.2500, sse=237358.9, rms=1.538 (28.596%)
026: dt: 0.2500, sse=222644.5, rms=1.288 (16.290%)
027: dt: 0.2500, sse=219030.7, rms=1.227 (4.723%)
rms = 1.2201/1.2267, sse=219190.8/219030.7, time step reduction 2 of 3 to 0.125  0 1 1
028: dt: 0.2500, sse=219190.8, rms=1.220 (0.536%)
rms = 1.1713/1.2201, sse=216312.8/219190.8, time step reduction 3 of 3 to 0.062  0 0 1
029: dt: 0.1250, sse=216312.8, rms=1.171 (4.000%)
  maximum number of reductions reached, breaking from loop
positioning took 0.4 minutes
Iteration 3 =========================================
n_averages=0, current_sigma=0.25
Freezing midline and others
Ripping frozen voxels
INFO: rip surface needed but not specified, so using input surface
Freezing midline and others
Entering: MRISripMidline(): inhibiting deformation at non-cortical midline structures...
  which=1, fix_mtl=0, using annot = 0
#FML0# MRISripMidline(): nripped=6070
removing 3 vertices from ripped group in thread:0
removing 4 vertices from ripped group in thread:0
removing 4 vertices from ripped group in thread:0
removing 2 vertices from ripped group in thread:0
#FML# MRISripMidline(): nmarked=6088, nmarked2=56, nripped=6088
Ripping segs (eg, WMSA, BG, frozen)
Starting MRISripSegs() d = (-2 2 0.5) segnos: 247 247 247 247 247 
MRISripSegs(): -2 2 0.5 ripped 0
Computing target border values 
Entering MRIScomputeBorderValues_new(): 
  inside_hi   = 120.0000000;
  border_hi   = 109.1865310;
  border_low  =  66.0000000;
  outside_low =  54.8936730;
  outside_hi  = 109.1865310;
  sigma = 0.25;
  max_thickness = 10;
  step_size=0.5;
  STEP_SIZE=0.1;
  which = 1
  thresh = 0
  flags = 0
  CBVfindFirstPeakD1=0
  CBVfindFirstPeakD2=0
  nvertices=116606
  Gdiag_no=-1
  vno start=0, stop=116606
Replacing 255s with 0s
#SI# sigma=0.25 had to be increased for 177 vertices, nripped=6088
mean border=82.7, 174 (7) missing vertices, mean dist -0.0 [0.3 (%54.1)->0.2 (%45.9))]
%78 local maxima, %17 large gradients and % 0 min vals, 0 gradients ignored
nFirstPeakD1 0
MRIScomputeBorderValues_new() finished in 0.0030 min


Finding expansion regions
mean absolute distance = 0.27 +- 0.44
3146 vertices more than 2 sigmas from mean.
Averaging target values for 5 iterations...
Positioning Surface: tspring = 0.3, nspring = 0.3, spring = 0, niters = 100 l_repulse = 5, l_surf_repulse = 0, checktol = 0
Positioning pial surface
Entering MRISpositionSurface()
  max_mm = 0.3
  MAX_REDUCTIONS = 2, REDUCTION_PCT = 0.5
  parms->check_tol = 0, niterations = 100
tol=1.0e-04, sigma=0.2, host=dna00, nav=0, nbrs=2, l_repulse=5.000, l_tspring=0.300, l_nspring=0.300, l_intensity=0.200, l_curv=1.000
mom=0.00, dt=0.50
000: dt: 0.0000, sse=241023.1, rms=1.588
rms = 1.6118/1.5883, sse=256515.0/241023.1, time step reduction 1 of 3 to 0.250  0 1 1
   RMS increased, rejecting step
030: dt: 0.2500, sse=217579.1, rms=1.183 (25.506%)
031: dt: 0.2500, sse=209988.5, rms=0.956 (19.172%)
rms = 0.9743/0.9564, sse=207082.8/209988.4, time step reduction 2 of 3 to 0.125  0 0 1
   RMS increased, rejecting step
rms = 0.9292/0.9564, sse=208455.7/209988.4, time step reduction 3 of 3 to 0.062  0 0 1
032: dt: 0.1250, sse=208455.7, rms=0.929 (2.841%)
  maximum number of reductions reached, breaking from loop
positioning took 0.3 minutes


Writing output to ../surf/rh.white.preaparc
#ET# mris_place_surface  2.24 minutes
#VMPC# mris_place_surfaces VmPeak  2996036
mris_place_surface done
#--------------------------------------------
#@# CortexLabel rh Mon Mar  9 02:16:05 CET 2026
cd /out/sourcedata/freesurfer/sub-v1s16x0051193_ses-1/mri
mri_label2label --label-cortex ../surf/rh.white.preaparc aseg.presurf.mgz 0 ../label/rh.cortex.label

 Generating cortex label... RemoveHipAmgy=0
 NucAccIsMedialWall=0
 mris->useRealRAS=0
10 non-cortical segments detected
only using segment with 6870 vertices
erasing segment 0 (vno[0] = 27286)
erasing segment 1 (vno[0] = 30506)
erasing segment 2 (vno[0] = 34755)
erasing segment 4 (vno[0] = 43270)
erasing segment 5 (vno[0] = 44793)
erasing segment 6 (vno[0] = 46412)
erasing segment 7 (vno[0] = 48276)
erasing segment 8 (vno[0] = 67974)
erasing segment 9 (vno[0] = 73282)
#--------------------------------------------
#@# CortexLabel+HipAmyg rh Mon Mar  9 02:16:18 CET 2026
cd /out/sourcedata/freesurfer/sub-v1s16x0051193_ses-1/mri
mri_label2label --label-cortex ../surf/rh.white.preaparc aseg.presurf.mgz 1 ../label/rh.cortex+hipamyg.label

 Generating cortex label... RemoveHipAmgy=1
 NucAccIsMedialWall=0
 mris->useRealRAS=0
18 non-cortical segments detected
only using segment with 4470 vertices
erasing segment 0 (vno[0] = 27286)
erasing segment 1 (vno[0] = 30506)
erasing segment 3 (vno[0] = 37052)
erasing segment 4 (vno[0] = 37079)
erasing segment 5 (vno[0] = 37131)
erasing segment 6 (vno[0] = 39886)
erasing segment 7 (vno[0] = 40960)
erasing segment 8 (vno[0] = 42731)
erasing segment 9 (vno[0] = 43270)
erasing segment 10 (vno[0] = 44793)
erasing segment 11 (vno[0] = 46412)
erasing segment 12 (vno[0] = 48276)
erasing segment 13 (vno[0] = 56288)
erasing segment 14 (vno[0] = 63596)
erasing segment 15 (vno[0] = 67974)
erasing segment 16 (vno[0] = 73282)
erasing segment 17 (vno[0] = 101600)
#--------------------------------------------
#@# Smooth2 rh Mon Mar  9 02:16:31 CET 2026
/out/sourcedata/freesurfer/sub-v1s16x0051193_ses-1/scripts

 mris_smooth -n 3 -nw -seed 1234 ../surf/rh.white.preaparc ../surf/rh.smoothwm 

smoothing for 3 iterations
setting seed for random number generator to 1234
smoothing surface tessellation for 3 iterations...
smoothing complete - recomputing first and second fundamental forms...
#--------------------------------------------
#@# Inflation2 rh Mon Mar  9 02:16:33 CET 2026
/out/sourcedata/freesurfer/sub-v1s16x0051193_ses-1/scripts

 mris_inflate ../surf/rh.smoothwm ../surf/rh.inflated 

Reading ../surf/rh.smoothwm
avg radius = 45.3 mm, total surface area = 74703 mm^2
step 000: RMS=0.181 (target=0.015)   step 005: RMS=0.121 (target=0.015)   step 010: RMS=0.095 (target=0.015)   step 015: RMS=0.079 (target=0.015)   step 020: RMS=0.066 (target=0.015)   step 025: RMS=0.056 (target=0.015)   step 030: RMS=0.047 (target=0.015)   step 035: RMS=0.039 (target=0.015)   step 040: RMS=0.035 (target=0.015)   step 045: RMS=0.032 (target=0.015)   step 050: RMS=0.029 (target=0.015)   step 055: RMS=0.027 (target=0.015)   step 060: RMS=0.027 (target=0.015)   writing inflated surface to ../surf/rh.inflated
writing sulcal depths to ../surf/rh.sulc

inflation complete.
inflation took 0.1 minutes
mris_inflate utimesec    45.009976
mris_inflate stimesec    0.399193
mris_inflate ru_maxrss   180980
mris_inflate ru_ixrss    0
mris_inflate ru_idrss    0
mris_inflate ru_isrss    0
mris_inflate ru_minflt   88210
mris_inflate ru_majflt   15
mris_inflate ru_nswap    0
mris_inflate ru_inblock  0
mris_inflate ru_oublock  9120
mris_inflate ru_msgsnd   0
mris_inflate ru_msgrcv   0
mris_inflate ru_nsignals 0
mris_inflate ru_nvcsw    5074
mris_inflate ru_nivcsw   370
#--------------------------------------------
#@# Curv .H and .K rh Mon Mar  9 02:16:42 CET 2026
/out/sourcedata/freesurfer/sub-v1s16x0051193_ses-1/surf

 mris_curvature -w -seed 1234 rh.white.preaparc 

setting seed for random number generator to 1234
total integrated curvature = 28.217*4pi (354.588) --> -27 handles
ICI = 162.7, FI = 1391.7, variation=22559.906
writing Gaussian curvature to ./rh.white.preaparc.K...done.
writing mean curvature to ./rh.white.preaparc.H...done.
rm -f rh.white.H
ln -s rh.white.preaparc.H rh.white.H
rm -f rh.white.K
ln -s rh.white.preaparc.K rh.white.K

 mris_curvature -seed 1234 -thresh .999 -n -a 5 -w -distances 10 10 rh.inflated 

setting seed for random number generator to 1234
normalizing curvature values.
averaging curvature patterns 5 times.
sampling 10 neighbors out to a distance of 10 mm
130 vertices thresholded to be in k1 ~ [-1.26 0.74], k2 ~ [-0.52 0.28]
total integrated curvature = 0.138*4pi (1.731) --> 1 handles
ICI = 1.2, FI = 8.9, variation=152.819
143 vertices thresholded to be in [-0.11 0.16]
writing Gaussian curvature to ./rh.inflated.K...thresholding curvature at 99.90% level
curvature mean = 0.000, std = 0.004
110 vertices thresholded to be in [-0.60 0.22]
done.
writing mean curvature to ./rh.inflated.H...curvature mean = -0.018, std = 0.030
done.
#--------------------------------------------
#@# Sphere rh Mon Mar  9 02:17:20 CET 2026
/out/sourcedata/freesurfer/sub-v1s16x0051193_ses-1/scripts

 mris_sphere -seed 1234 ../surf/rh.inflated ../surf/rh.sphere 

setting seed for random number genererator to 1234
version: 7.3.2
available threads: 16
reading original vertex positions...
projecting onto sphere...
surface projected - minimizing metric distortion...
scaling brain by 0.289...
MRISunfold() max_passes = 1 -------
tol=5.0e-01, sigma=0.0, host=dna00, nav=1024, nbrs=2, l_area=1.000, l_dist=1.000
using quadratic fit line minimization
complete_dist_mat 0
rms 0
smooth_averages 0
remove_neg 0
ico_order 0
which_surface 0
target_radius 0.000000
nfields 0
scale 1.000000
desired_rms_height -1.000000
momentum 0.900000
nbhd_size 7
max_nbrs 8
niterations 25
nsurfaces 0
SURFACES 3
flags 0 (0)
use curv 0
no sulc 0
no rigid align 0
mris->nsize 2
mris->hemisphere 1
randomSeed 1234

singular matrix in quadratic form
singular matrix in quadratic form
singular matrix in quadratic form
singular matrix in quadratic form
singular matrix in quadratic form
--------------------
  mrisRemoveNegativeArea()
pass 1: epoch 1 of 3 starting distance error %22.73
pass 1: epoch 2 of 3 starting distance error %22.67
unfolding complete - removing small folds...
starting distance error %22.53
removing remaining folds...
final distance error %22.58
MRISunfold() return, current seed 1234
-01: dt=0.0000,  16 negative triangles  VmPeak 1657724
230: dt=0.9900,  16 negative triangles
231: dt=0.9900,   3 negative triangles
writing spherical brain to ../surf/rh.sphere
spherical transformation took 0.0447 hours
FSRUNTIME@ mris_sphere  0.0447 hours 16 threads
#VMPC# mris_sphere VmPeak  1657724
mris_sphere done
#--------------------------------------------
#@# Surf Reg rh Mon Mar  9 02:20:01 CET 2026
/out/sourcedata/freesurfer/sub-v1s16x0051193_ses-1/scripts

 mris_register -curv ../surf/rh.sphere /opt/freesurfer/average/rh.folding.atlas.acfb40.noaparc.i12.2016-08-02.tif ../surf/rh.sphere.reg 

using smoothwm curvature for final alignment

cwd /out/sourcedata/freesurfer/sub-v1s16x0051193_ses-1/scripts
cmdline mris_register -curv ../surf/rh.sphere /opt/freesurfer/average/rh.folding.atlas.acfb40.noaparc.i12.2016-08-02.tif ../surf/rh.sphere.reg 

0 inflated.H
1 sulc
2 smoothwm (computed)
7.3.2
  7.3.2
reading surface from ../surf/rh.sphere...
reading template parameterization from /opt/freesurfer/average/rh.folding.atlas.acfb40.noaparc.i12.2016-08-02.tif...
MRISregister() -------
max_passes = 4 
min_degrees = 0.500000 
max_degrees = 64.000000 
nangles = 8 
tol=5.0e-01, sigma=0.0, host=dna00, nav=1024, nbrs=1, l_extern=10000.000, l_parea=0.200, l_nlarea=1.000, l_corr=1.000, l_dist=5.000
using quadratic fit line minimization
complete_dist_mat 0
rms 0
smooth_averages 0
remove_neg 0
ico_order 0
which_surface 0
target_radius 0.000000
nfields 0
scale 0.000000
desired_rms_height -1.000000
momentum 0.950000
nbhd_size -10
max_nbrs 10
niterations 25
nsurfaces 0
SURFACES 3
flags 16 (10)
use curv 16
no sulc 0
no rigid align 0
mris->nsize 1
mris->hemisphere 1
randomSeed 0

tol=5.0e-01, sigma=0.0, host=dna00, nav=1024, nbrs=1, l_extern=10000.000, l_parea=0.200, l_nlarea=1.000, l_corr=1.000, l_dist=5.000
using quadratic fit line minimization
--------------------
1 Reading rh.sulc
tol=1.0e+00, sigma=0.5, host=dna00, nav=1024, nbrs=1, l_extern=10000.000, l_parea=0.200, l_nlarea=1.000, l_corr=0.050, l_spring=0.500, l_dist=5.000
using quadratic fit line minimization
curvature mean = -0.000, std = 5.567
curvature mean = 0.071, std = 0.831
curvature mean = -0.000, std = 0.876
Starting MRISrigidBodyAlignGlobal()
Starting new MRISrigidBodyAlignGlobal_findMinSSE()
  new MRISrigidBodyAlignGlobal_findMinSSE min @ (-8.00, -2.50, 26.50) sse = 298011.6, elapsed since starting=0.0584 min
MRISrigidBodyAlignGlobal() done   0.06 min
curvature mean = 0.047, std = 0.836
curvature mean = 0.000, std = 0.952
curvature mean = 0.045, std = 0.847
curvature mean = 0.000, std = 0.980
curvature mean = 0.044, std = 0.850
curvature mean = -0.000, std = 0.992
2 Reading smoothwm
curvature mean = -0.021, std = 0.271
curvature mean = 0.048, std = 0.242
curvature mean = 0.042, std = 0.383
curvature mean = 0.037, std = 0.301
curvature mean = 0.036, std = 0.562
curvature mean = 0.036, std = 0.327
curvature mean = 0.019, std = 0.706
curvature mean = 0.036, std = 0.339
curvature mean = 0.005, std = 0.816
MRISregister() return, current seed 0
-01: dt=0.0000,   3 negative triangles  VmPeak 2347288
115: dt=0.9900,   3 negative triangles
expanding nbhd size to 1
116: dt=0.9900,   5 negative triangles
117: dt=0.9900,   1 negative triangles
118: dt=0.9900,   1 negative triangles
119: dt=0.9900,   1 negative triangles
120: dt=0.9900,   1 negative triangles
121: dt=0.9900,   1 negative triangles
writing registered surface to ../surf/rh.sphere.reg...
registration took 0.05 hours
#VMPC# mris_register VmPeak  2347288
FSRUNTIME@ mris_register  0.0466 hours 16 threads

 ln -sf rh.sphere.reg rh.fsaverage.sphere.reg 

#--------------------------------------------
#@# Jacobian white rh Mon Mar  9 02:22:49 CET 2026
/out/sourcedata/freesurfer/sub-v1s16x0051193_ses-1/scripts

 mris_jacobian ../surf/rh.white.preaparc ../surf/rh.sphere.reg ../surf/rh.jacobian_white 

reading surface from ../surf/rh.white.preaparc...
writing curvature file ../surf/rh.jacobian_white
#--------------------------------------------
#@# AvgCurv rh Mon Mar  9 02:22:50 CET 2026
/out/sourcedata/freesurfer/sub-v1s16x0051193_ses-1/scripts

 mrisp_paint -a 5 /opt/freesurfer/average/rh.folding.atlas.acfb40.noaparc.i12.2016-08-02.tif#6 ../surf/rh.sphere.reg ../surf/rh.avg_curv 

averaging curvature patterns 5 times...
reading surface from ../surf/rh.sphere.reg...
reading template parameterization from /opt/freesurfer/average/rh.folding.atlas.acfb40.noaparc.i12.2016-08-02.tif...
writing curvature file to ../surf/rh.avg_curv...
#-----------------------------------------
#@# Cortical Parc rh Mon Mar  9 02:22:50 CET 2026
/out/sourcedata/freesurfer/sub-v1s16x0051193_ses-1/scripts

 mris_ca_label -l ../label/rh.cortex.label -aseg ../mri/aseg.presurf.mgz -seed 1234 sub-v1s16x0051193_ses-1 rh ../surf/rh.sphere.reg /opt/freesurfer/average/rh.DKaparc.atlas.acfb40.noaparc.i12.2016-08-02.gcs ../label/rh.aparc.annot 

setting seed for random number generator to 1234
using ../mri/aseg.presurf.mgz aseg volume to correct midline
7.3.2
  7.3.2
reading atlas from /opt/freesurfer/average/rh.DKaparc.atlas.acfb40.noaparc.i12.2016-08-02.gcs...
reading color table from GCSA file....
average std = 0.7   using min determinant for regularization = 0.004
0 singular and 309 ill-conditioned covariance matrices regularized
input 0: MEAN CURVATURE, flags 0, avgs 5, name mean_curvature
labeling surface...
1127 labels changed using aseg
relabeling using gibbs priors...
000:   2375 changed, 116606 examined...
001:    447 changed, 10405 examined...
002:    103 changed, 2604 examined...
003:     26 changed, 623 examined...
004:      7 changed, 165 examined...
005:      0 changed, 42 examined...
154 labels changed using aseg
000: 83 total segments, 46 labels (198 vertices) changed
001: 39 total segments, 2 labels (2 vertices) changed
002: 37 total segments, 0 labels (0 vertices) changed
10 filter iterations complete (10 requested, 7 changed)
rationalizing unknown annotations with cortex label
relabeling unknown label...
relabeling corpuscallosum label...
1311 vertices marked for relabeling...
1311 labels changed in reclassification.
writing output to ../label/rh.aparc.annot...
classification took 0 minutes and 7 seconds.
#--------------------------------------------
#@# WhiteSurfs rh Mon Mar  9 02:22:58 CET 2026
cd /out/sourcedata/freesurfer/sub-v1s16x0051193_ses-1/mri
mris_place_surface --adgws-in ../surf/autodet.gw.stats.rh.dat --seg aseg.presurf.mgz --threads 16 --wm wm.mgz --invol brain.finalsurfs.mgz --rh --i ../surf/rh.white.preaparc --o ../surf/rh.white --white --nsmooth 0 --rip-label ../label/rh.cortex.label --rip-bg --rip-surf ../surf/rh.white.preaparc --aparc ../label/rh.aparc.annot
7.3.2
7.3.2

cd /out/sourcedata/freesurfer/sub-v1s16x0051193_ses-1/mri
setenv SUBJECTS_DIR /out/sourcedata/freesurfer
mris_place_surface --adgws-in ../surf/autodet.gw.stats.rh.dat --seg aseg.presurf.mgz --threads 16 --wm wm.mgz --invol brain.finalsurfs.mgz --rh --i ../surf/rh.white.preaparc --o ../surf/rh.white --white --nsmooth 0 --rip-label ../label/rh.cortex.label --rip-bg --rip-surf ../surf/rh.white.preaparc --aparc ../label/rh.aparc.annot 

Reading in input surface ../surf/rh.white.preaparc
Not smoothing input surface
Area    233208  0.35798  0.14492 0.000993   2.1482
Corner  699624 60.00000 15.15619 0.261946 178.2870
Edge    349812  0.92331  0.23439 0.027190   3.7416
Hinge   349812 10.71227 12.50124 0.000031 179.9412
Reading in aparc ../label/rh.aparc.annot
Reading in input volume brain.finalsurfs.mgz
Reading in wm volume wm.mgz
MRIclipBrightWM(): nthresh=11437, wmmin=5, clip=110 
MRIfindBrightNonWM(): 940 bright non-wm voxels segmented.
Masking bright non-wm for white surface
MRImask(): AllowDiffGeom = 1
MRImask(): AllowDiffGeom = 1
Reading in seg volume aseg.presurf.mgz
Ripping frozen voxels
Ripping vertices not in label ../label/rh.cortex.label
MRISripNotLabel() ripped 7082/116606 vertices (109524 unripped)
Reading in ripping surface ../surf/rh.white.preaparc
Reading in aparc ../label/rh.aparc.annot for ripsurf
Ripping BG
MRISripBasalGanglia(): 1 -2 2 0.5 ripped 587
Ripping segs (eg, WMSA, BG, frozen)
Starting MRISripSegs() d = (-2 2 0.5) segnos: 247 
MRISripSegs(): -2 2 0.5 ripped 0
vertex 58303: xyz = (43.1786,2.43406,66.6256) oxyz = (43.1786,2.43406,66.6256) wxzy = (43.1786,2.43406,66.6256) pxyz = (0,0,0) 
CBVO Creating mask 116606
n_averages 4
Iteration 0 =========================================
n_averages=4, current_sigma=2
Computing target border values 
Entering MRIScomputeBorderValues_new(): 
  inside_hi   = 120.0000000;
  border_hi   = 109.1865310;
  border_low  =  66.0000000;
  outside_low =  54.8936730;
  outside_hi  = 109.1865310;
  sigma = 2;
  max_thickness = 10;
  step_size=0.5;
  STEP_SIZE=0.1;
  which = 1
  thresh = 0
  flags = 0
  CBVfindFirstPeakD1=0
  CBVfindFirstPeakD2=0
  nvertices=116606
  Gdiag_no=-1
  vno start=0, stop=116606
Replacing 255s with 0s
#SI# sigma=2 had to be increased for 274 vertices, nripped=7669
mean border=78.5, 124 (124) missing vertices, mean dist 0.2 [0.8 (%21.3)->0.5 (%78.7))]
%59 local maxima, %35 large gradients and % 0 min vals, 0 gradients ignored
nFirstPeakD1 0
MRIScomputeBorderValues_new() finished in 0.0104 min


Finding expansion regions
mean absolute distance = 0.52 +- 0.92
2751 vertices more than 2 sigmas from mean.
Averaging target values for 5 iterations...
Positioning Surface: tspring = 0.3, nspring = 0.3, spring = 0, niters = 100 l_repulse = 5, l_surf_repulse = 0, checktol = 0
Positioning pial surface
Entering MRISpositionSurface()
  max_mm = 0.3
  MAX_REDUCTIONS = 2, REDUCTION_PCT = 0.5
  parms->check_tol = 0, niterations = 100
tol=1.0e-04, sigma=2.0, host=dna00, nav=4, nbrs=2, l_repulse=5.000, l_tspring=0.300, l_nspring=0.300, l_intensity=0.200, l_curv=1.000
mom=0.00, dt=0.50
complete_dist_mat 0
rms 0
smooth_averages 0
remove_neg 0
ico_order 0
which_surface 0
target_radius 0.000000
nfields 0
scale 0.000000
desired_rms_height 0.000000
momentum 0.000000
nbhd_size 0
max_nbrs 0
niterations 100
nsurfaces 0
SURFACES 3
flags 0 (0)
use curv 0
no sulc 0
no rigid align 0
mris->nsize 2
mris->hemisphere 1
randomSeed 0

000: dt: 0.0000, sse=929552.8, rms=5.843
001: dt: 0.5000, sse=487981.8, rms=3.762 (35.613%)
002: dt: 0.5000, sse=401203.5, rms=3.183 (15.410%)
rms = 3.1910/3.1826, sse=408602.4/401203.5, time step reduction 1 of 3 to 0.250  0 1 1
   RMS increased, rejecting step
003: dt: 0.2500, sse=312025.4, rms=2.445 (23.163%)
004: dt: 0.2500, sse=274414.5, rms=2.039 (16.611%)
005: dt: 0.2500, sse=263298.9, rms=1.903 (6.685%)
006: dt: 0.2500, sse=256490.0, rms=1.833 (3.692%)
rms = 1.7871/1.8326, sse=254076.5/256490.0, time step reduction 2 of 3 to 0.125  0 0 1
007: dt: 0.2500, sse=254076.5, rms=1.787 (2.483%)
rms = 1.7467/1.7871, sse=251738.6/254076.5, time step reduction 3 of 3 to 0.062  0 0 1
008: dt: 0.1250, sse=251738.6, rms=1.747 (2.259%)
  maximum number of reductions reached, breaking from loop
positioning took 0.6 minutes
Iteration 1 =========================================
n_averages=2, current_sigma=1
Computing target border values 
Entering MRIScomputeBorderValues_new(): 
  inside_hi   = 120.0000000;
  border_hi   = 109.1865310;
  border_low  =  66.0000000;
  outside_low =  54.8936730;
  outside_hi  = 109.1865310;
  sigma = 1;
  max_thickness = 10;
  step_size=0.5;
  STEP_SIZE=0.1;
  which = 1
  thresh = 0
  flags = 0
  CBVfindFirstPeakD1=0
  CBVfindFirstPeakD2=0
  nvertices=116606
  Gdiag_no=-1
  vno start=0, stop=116606
Replacing 255s with 0s
#SI# sigma=1 had to be increased for 205 vertices, nripped=7669
mean border=80.4, 125 (28) missing vertices, mean dist -0.1 [0.4 (%66.0)->0.3 (%34.0))]
%66 local maxima, %27 large gradients and % 0 min vals, 0 gradients ignored
nFirstPeakD1 0
MRIScomputeBorderValues_new() finished in 0.0079 min


Finding expansion regions
mean absolute distance = 0.34 +- 0.68
2516 vertices more than 2 sigmas from mean.
Averaging target values for 5 iterations...
Positioning Surface: tspring = 0.3, nspring = 0.3, spring = 0, niters = 100 l_repulse = 5, l_surf_repulse = 0, checktol = 0
Positioning pial surface
Entering MRISpositionSurface()
  max_mm = 0.3
  MAX_REDUCTIONS = 2, REDUCTION_PCT = 0.5
  parms->check_tol = 0, niterations = 100
tol=1.0e-04, sigma=1.0, host=dna00, nav=2, nbrs=2, l_repulse=5.000, l_tspring=0.300, l_nspring=0.300, l_intensity=0.200, l_curv=1.000
mom=0.00, dt=0.50
000: dt: 0.0000, sse=443777.0, rms=3.397
009: dt: 0.5000, sse=321721.2, rms=2.439 (28.189%)
rms = 2.5757/2.4391, sse=334698.2/321721.3, time step reduction 1 of 3 to 0.250  0 1 1
   RMS increased, rejecting step
010: dt: 0.2500, sse=267356.2, rms=1.866 (23.487%)
011: dt: 0.2500, sse=242469.9, rms=1.535 (17.752%)
012: dt: 0.2500, sse=235434.8, rms=1.425 (7.132%)
rms = 1.3774/1.4255, sse=232426.0/235434.7, time step reduction 2 of 3 to 0.125  0 0 1
013: dt: 0.2500, sse=232426.0, rms=1.377 (3.377%)
rms = 1.3299/1.3774, sse=229784.3/232426.0, time step reduction 3 of 3 to 0.062  0 0 1
014: dt: 0.1250, sse=229784.3, rms=1.330 (3.444%)
  maximum number of reductions reached, breaking from loop
positioning took 0.4 minutes
Iteration 2 =========================================
n_averages=1, current_sigma=0.5
Computing target border values 
Entering MRIScomputeBorderValues_new(): 
  inside_hi   = 120.0000000;
  border_hi   = 109.1865310;
  border_low  =  66.0000000;
  outside_low =  54.8936730;
  outside_hi  = 109.1865310;
  sigma = 0.5;
  max_thickness = 10;
  step_size=0.5;
  STEP_SIZE=0.1;
  which = 1
  thresh = 0
  flags = 0
  CBVfindFirstPeakD1=0
  CBVfindFirstPeakD2=0
  nvertices=116606
  Gdiag_no=-1
  vno start=0, stop=116606
Replacing 255s with 0s
#SI# sigma=0.5 had to be increased for 158 vertices, nripped=7669
mean border=81.8, 162 (19) missing vertices, mean dist -0.1 [0.3 (%62.3)->0.3 (%37.7))]
%72 local maxima, %21 large gradients and % 0 min vals, 0 gradients ignored
nFirstPeakD1 0
MRIScomputeBorderValues_new() finished in 0.0046 min


Finding expansion regions
mean absolute distance = 0.29 +- 0.53
3005 vertices more than 2 sigmas from mean.
Averaging target values for 5 iterations...
Positioning Surface: tspring = 0.3, nspring = 0.3, spring = 0, niters = 100 l_repulse = 5, l_surf_repulse = 0, checktol = 0
Positioning pial surface
Entering MRISpositionSurface()
  max_mm = 0.3
  MAX_REDUCTIONS = 2, REDUCTION_PCT = 0.5
  parms->check_tol = 0, niterations = 100
tol=1.0e-04, sigma=0.5, host=dna00, nav=1, nbrs=2, l_repulse=5.000, l_tspring=0.300, l_nspring=0.300, l_intensity=0.200, l_curv=1.000
mom=0.00, dt=0.50
000: dt: 0.0000, sse=315561.5, rms=2.407
015: dt: 0.5000, sse=295723.2, rms=2.165 (10.070%)
rms = 2.4237/2.1650, sse=317886.2/295723.2, time step reduction 1 of 3 to 0.250  0 1 1
   RMS increased, rejecting step
016: dt: 0.2500, sse=242441.3, rms=1.543 (28.734%)
017: dt: 0.2500, sse=226931.8, rms=1.288 (16.532%)
018: dt: 0.2500, sse=223451.8, rms=1.225 (4.888%)
rms = 1.2188/1.2249, sse=223002.6/223451.8, time step reduction 2 of 3 to 0.125  0 0 1
019: dt: 0.2500, sse=223002.6, rms=1.219 (0.502%)
rms = 1.1711/1.2188, sse=219723.1/223002.6, time step reduction 3 of 3 to 0.062  0 0 1
020: dt: 0.1250, sse=219723.1, rms=1.171 (3.909%)
  maximum number of reductions reached, breaking from loop
positioning took 0.4 minutes
Iteration 3 =========================================
n_averages=0, current_sigma=0.25
Computing target border values 
Entering MRIScomputeBorderValues_new(): 
  inside_hi   = 120.0000000;
  border_hi   = 109.1865310;
  border_low  =  66.0000000;
  outside_low =  54.8936730;
  outside_hi  = 109.1865310;
  sigma = 0.25;
  max_thickness = 10;
  step_size=0.5;
  STEP_SIZE=0.1;
  which = 1
  thresh = 0
  flags = 0
  CBVfindFirstPeakD1=0
  CBVfindFirstPeakD2=0
  nvertices=116606
  Gdiag_no=-1
  vno start=0, stop=116606
Replacing 255s with 0s
#SI# sigma=0.25 had to be increased for 206 vertices, nripped=7669
mean border=82.5, 222 (15) missing vertices, mean dist -0.1 [0.3 (%54.2)->0.2 (%45.8))]
%76 local maxima, %17 large gradients and % 0 min vals, 0 gradients ignored
nFirstPeakD1 0
MRIScomputeBorderValues_new() finished in 0.0030 min


Finding expansion regions
mean absolute distance = 0.27 +- 0.45
2666 vertices more than 2 sigmas from mean.
Averaging target values for 5 iterations...
Positioning Surface: tspring = 0.3, nspring = 0.3, spring = 0, niters = 100 l_repulse = 5, l_surf_repulse = 0, checktol = 0
Positioning pial surface
Entering MRISpositionSurface()
  max_mm = 0.3
  MAX_REDUCTIONS = 2, REDUCTION_PCT = 0.5
  parms->check_tol = 0, niterations = 100
tol=1.0e-04, sigma=0.2, host=dna00, nav=0, nbrs=2, l_repulse=5.000, l_tspring=0.300, l_nspring=0.300, l_intensity=0.200, l_curv=1.000
mom=0.00, dt=0.50
000: dt: 0.0000, sse=244394.0, rms=1.605
rms = 1.6588/1.6047, sse=251804.3/244394.0, time step reduction 1 of 3 to 0.250  0 1 1
   RMS increased, rejecting step
021: dt: 0.2500, sse=220523.3, rms=1.204 (25.002%)
022: dt: 0.2500, sse=211378.2, rms=1.006 (16.406%)
rms = 1.0187/1.0061, sse=210792.5/211378.2, time step reduction 2 of 3 to 0.125  0 0 1
   RMS increased, rejecting step
rms = 0.9770/1.0061, sse=209821.8/211378.2, time step reduction 3 of 3 to 0.062  0 0 1
023: dt: 0.1250, sse=209821.8, rms=0.977 (2.885%)
  maximum number of reductions reached, breaking from loop
positioning took 0.3 minutes


Writing output to ../surf/rh.white
#ET# mris_place_surface  1.69 minutes
#VMPC# mris_place_surfaces VmPeak  2876188
mris_place_surface done
#--------------------------------------------
#@# T1PialSurf rh Mon Mar  9 02:24:44 CET 2026
cd /out/sourcedata/freesurfer/sub-v1s16x0051193_ses-1/mri
mris_place_surface --adgws-in ../surf/autodet.gw.stats.rh.dat --seg aseg.presurf.mgz --threads 16 --wm wm.mgz --invol brain.finalsurfs.mgz --rh --i ../surf/rh.white --o ../surf/rh.pial.T1 --pial --nsmooth 0 --rip-label ../label/rh.cortex+hipamyg.label --pin-medial-wall ../label/rh.cortex.label --aparc ../label/rh.aparc.annot --repulse-surf ../surf/rh.white --white-surf ../surf/rh.white
7.3.2
7.3.2

cd /out/sourcedata/freesurfer/sub-v1s16x0051193_ses-1/mri
setenv SUBJECTS_DIR /out/sourcedata/freesurfer
mris_place_surface --adgws-in ../surf/autodet.gw.stats.rh.dat --seg aseg.presurf.mgz --threads 16 --wm wm.mgz --invol brain.finalsurfs.mgz --rh --i ../surf/rh.white --o ../surf/rh.pial.T1 --pial --nsmooth 0 --rip-label ../label/rh.cortex+hipamyg.label --pin-medial-wall ../label/rh.cortex.label --aparc ../label/rh.aparc.annot --repulse-surf ../surf/rh.white --white-surf ../surf/rh.white 

Reading in input surface ../surf/rh.white
Not smoothing input surface
Area    233208  0.36362  0.16239 0.000196   3.0845
Corner  699624 60.00000 16.57651 0.138672 179.6897
Edge    349812  0.93257  0.25718 0.017807   3.6859
Hinge   349812 10.92323 12.91699 0.000003 179.9412
Reading white surface coordinates from ../surf/rh.white
Reading repulsion surface coordinates from ../surf/rh.white
Reading in aparc ../label/rh.aparc.annot
Reading in input volume brain.finalsurfs.mgz
Reading in wm volume wm.mgz
MRIclipBrightWM(): nthresh=11437, wmmin=5, clip=110 
MRIfindBrightNonWM(): 940 bright non-wm voxels segmented.
Masking bright non-wm for pial surface mid_gray = 62.7472
MRImask(): AllowDiffGeom = 1
MRImask(): AllowDiffGeom = 1
MRImask(): AllowDiffGeom = 1
Reading in seg volume aseg.presurf.mgz
Ripping frozen voxels
Ripping vertices not in label ../label/rh.cortex+hipamyg.label
MRISripNotLabel() ripped 4700/116606 vertices (111906 unripped)
INFO: rip surface needed but not specified, so using input surface
Ripping segs (eg, WMSA, BG, frozen)
Starting MRISripSegs() d = (-2 2 0.5) segnos: 247 
MRISripSegs(): -2 2 0.5 ripped 0
vertex 58303: xyz = (43.2054,2.47019,66.7081) oxyz = (43.2054,2.47019,66.7081) wxzy = (43.2054,2.47019,66.7081) pxyz = (43.2054,2.47019,66.7081) 
CBVO Creating mask 116606
n_averages 16
Iteration 0 =========================================
n_averages=16, current_sigma=2
Computing target border values 
Entering MRIScomputeBorderValues_new(): 
  inside_hi   =  92.8134690;
  border_hi   =  54.8936730;
  border_low  =  32.6810230;
  outside_low =  10.0000000;
  outside_hi  =  49.3405080;
  sigma = 2;
  max_thickness = 10;
  step_size=0.5;
  STEP_SIZE=0.1;
  which = 2
  thresh = 0
  flags = 0
  CBVfindFirstPeakD1=0
  CBVfindFirstPeakD2=0
  nvertices=116606
  Gdiag_no=-1
  vno start=0, stop=116606
Replacing 255s with 0s
#SI# sigma=2 had to be increased for 361 vertices, nripped=4700
mean border=53.7, 279 (279) missing vertices, mean dist 1.6 [0.9 (%0.1)->2.7 (%99.9))]
%11 local maxima, %47 large gradients and %38 min vals, 0 gradients ignored
nFirstPeakD1 0
MRIScomputeBorderValues_new() finished in 0.0119 min


Averaging target values for 5 iterations...
Positioning Surface: tspring = 0.3, nspring = 0.3, spring = 0, niters = 100 l_repulse = 0, l_surf_repulse = 5, checktol = 0
Positioning pial surface
Entering MRISpositionSurface()
  max_mm = 0.3
  MAX_REDUCTIONS = 2, REDUCTION_PCT = 0.5
  parms->check_tol = 0, niterations = 100
tol=1.0e-04, sigma=2.0, host=dna00, nav=16, nbrs=2, l_surf_repulse=5.000, l_tspring=0.300, l_nspring=0.300, l_intensity=0.200, l_curv=1.000
mom=0.00, dt=0.50
complete_dist_mat 0
rms 0
smooth_averages 0
remove_neg 0
ico_order 0
which_surface 0
target_radius 0.000000
nfields 0
scale 0.000000
desired_rms_height 0.000000
momentum 0.000000
nbhd_size 0
max_nbrs 0
niterations 100
nsurfaces 0
SURFACES 3
flags 0 (0)
use curv 0
no sulc 0
no rigid align 0
mris->nsize 2
mris->hemisphere 1
randomSeed 0

000: dt: 0.0000, sse=19606812.0, rms=29.494
001: dt: 0.5000, sse=13589459.0, rms=24.502 (16.927%)
002: dt: 0.5000, sse=9208534.0, rms=20.100 (17.965%)
003: dt: 0.5000, sse=6332186.0, rms=16.585 (17.490%)
004: dt: 0.5000, sse=4589392.0, rms=14.031 (15.400%)
005: dt: 0.5000, sse=3556548.0, rms=12.267 (12.567%)
006: dt: 0.5000, sse=2878926.5, rms=10.956 (10.693%)
007: dt: 0.5000, sse=2416740.8, rms=9.960 (9.089%)
008: dt: 0.5000, sse=2068863.4, rms=9.137 (8.264%)
009: dt: 0.5000, sse=1805720.0, rms=8.459 (7.417%)
010: dt: 0.5000, sse=1589945.8, rms=7.858 (7.103%)
011: dt: 0.5000, sse=1422829.1, rms=7.358 (6.367%)
012: dt: 0.5000, sse=1290579.1, rms=6.935 (5.748%)
013: dt: 0.5000, sse=1186235.0, rms=6.581 (5.106%)
014: dt: 0.5000, sse=1106308.0, rms=6.295 (4.344%)
015: dt: 0.5000, sse=1044361.7, rms=6.063 (3.687%)
016: dt: 0.5000, sse=995321.8, rms=5.872 (3.152%)
017: dt: 0.5000, sse=957660.3, rms=5.720 (2.591%)
018: dt: 0.5000, sse=927001.1, rms=5.592 (2.226%)
019: dt: 0.5000, sse=902268.1, rms=5.486 (1.897%)
020: dt: 0.5000, sse=883546.9, rms=5.404 (1.496%)
021: dt: 0.5000, sse=861252.2, rms=5.306 (1.810%)
022: dt: 0.5000, sse=846742.2, rms=5.240 (1.248%)
023: dt: 0.5000, sse=833569.9, rms=5.179 (1.164%)
rms = 5.1457/5.1791, sse=826720.9/833569.9, time step reduction 1 of 3 to 0.250  0 0 1
024: dt: 0.5000, sse=826720.9, rms=5.146 (0.644%)
025: dt: 0.2500, sse=734221.1, rms=4.710 (8.476%)
026: dt: 0.2500, sse=705166.4, rms=4.566 (3.045%)
rms = 4.5711/4.5662, sse=706581.2/705166.4, time step reduction 2 of 3 to 0.125  0 1 1
   RMS increased, rejecting step
027: dt: 0.1250, sse=692714.3, rms=4.503 (1.374%)
028: dt: 0.1250, sse=675776.4, rms=4.416 (1.952%)
rms = 4.3843/4.4156, sse=669908.6/675776.4, time step reduction 3 of 3 to 0.062  0 0 1
029: dt: 0.1250, sse=669908.6, rms=4.384 (0.708%)
  maximum number of reductions reached, breaking from loop
positioning took 1.6 minutes
Iteration 1 =========================================
n_averages=8, current_sigma=1
Computing target border values 
Entering MRIScomputeBorderValues_new(): 
  inside_hi   =  92.8134690;
  border_hi   =  54.8936730;
  border_low  =  32.6810230;
  outside_low =  10.0000000;
  outside_hi  =  49.3405080;
  sigma = 1;
  max_thickness = 10;
  step_size=0.5;
  STEP_SIZE=0.1;
  which = 2
  thresh = 0
  flags = 0
  CBVfindFirstPeakD1=0
  CBVfindFirstPeakD2=0
  nvertices=116606
  Gdiag_no=-1
  vno start=0, stop=116606
Replacing 255s with 0s
#SI# sigma=1 had to be increased for 9377 vertices, nripped=4700
mean border=51.9, 1636 (53) missing vertices, mean dist 0.3 [0.2 (%47.8)->1.0 (%52.2))]
%22 local maxima, %38 large gradients and %35 min vals, 0 gradients ignored
nFirstPeakD1 0
MRIScomputeBorderValues_new() finished in 0.0044 min


Averaging target values for 5 iterations...
Positioning Surface: tspring = 0.3, nspring = 0.3, spring = 0, niters = 100 l_repulse = 0, l_surf_repulse = 5, checktol = 0
Positioning pial surface
Entering MRISpositionSurface()
  max_mm = 0.3
  MAX_REDUCTIONS = 2, REDUCTION_PCT = 0.5
  parms->check_tol = 0, niterations = 100
tol=1.0e-04, sigma=1.0, host=dna00, nav=8, nbrs=2, l_surf_repulse=5.000, l_tspring=0.300, l_nspring=0.300, l_intensity=0.200, l_curv=1.000
mom=0.00, dt=0.50
000: dt: 0.0000, sse=997293.6, rms=5.572
030: dt: 0.5000, sse=940913.9, rms=5.346 (4.059%)
031: dt: 0.5000, sse=868368.5, rms=5.048 (5.568%)
rms = 5.1526/5.0484, sse=892395.4/868368.5, time step reduction 1 of 3 to 0.250  0 1 1
   RMS increased, rejecting step
032: dt: 0.2500, sse=773760.8, rms=4.600 (8.876%)
033: dt: 0.2500, sse=757032.0, rms=4.513 (1.906%)
rms = 4.5449/4.5126, sse=763571.3/757032.0, time step reduction 2 of 3 to 0.125  0 1 1
   RMS increased, rejecting step
034: dt: 0.1250, sse=742171.3, rms=4.437 (1.672%)
035: dt: 0.1250, sse=723106.6, rms=4.337 (2.247%)
036: dt: 0.1250, sse=712826.9, rms=4.283 (1.250%)
rms = 4.2620/4.2833, sse=708800.8/712826.9, time step reduction 3 of 3 to 0.062  0 0 1
037: dt: 0.1250, sse=708800.8, rms=4.262 (0.497%)
  maximum number of reductions reached, breaking from loop
positioning took 0.5 minutes
Iteration 2 =========================================
n_averages=4, current_sigma=0.5
Computing target border values 
Entering MRIScomputeBorderValues_new(): 
  inside_hi   =  92.8134690;
  border_hi   =  54.8936730;
  border_low  =  32.6810230;
  outside_low =  10.0000000;
  outside_hi  =  49.3405080;
  sigma = 0.5;
  max_thickness = 10;
  step_size=0.5;
  STEP_SIZE=0.1;
  which = 2
  thresh = 0
  flags = 0
  CBVfindFirstPeakD1=0
  CBVfindFirstPeakD2=0
  nvertices=116606
  Gdiag_no=-1
  vno start=0, stop=116606
Replacing 255s with 0s
#SI# sigma=0.5 had to be increased for 10286 vertices, nripped=4700
mean border=51.1, 2188 (42) missing vertices, mean dist 0.2 [0.2 (%46.9)->0.8 (%53.1))]
%29 local maxima, %29 large gradients and %36 min vals, 0 gradients ignored
nFirstPeakD1 0
MRIScomputeBorderValues_new() finished in 0.0027 min


Averaging target values for 5 iterations...
Positioning Surface: tspring = 0.3, nspring = 0.3, spring = 0, niters = 100 l_repulse = 0, l_surf_repulse = 5, checktol = 0
Positioning pial surface
Entering MRISpositionSurface()
  max_mm = 0.3
  MAX_REDUCTIONS = 2, REDUCTION_PCT = 0.5
  parms->check_tol = 0, niterations = 100
tol=1.0e-04, sigma=0.5, host=dna00, nav=4, nbrs=2, l_surf_repulse=5.000, l_tspring=0.300, l_nspring=0.300, l_intensity=0.200, l_curv=1.000
mom=0.00, dt=0.50
000: dt: 0.0000, sse=799693.9, rms=4.673
rms = 5.0323/4.6733, sse=875461.9/799693.9, time step reduction 1 of 3 to 0.250  0 1 1
   RMS increased, rejecting step
038: dt: 0.2500, sse=760404.0, rms=4.481 (4.118%)
rms = 4.4314/4.4809, sse=749990.9/760404.0, time step reduction 2 of 3 to 0.125  0 0 1
039: dt: 0.2500, sse=749990.9, rms=4.431 (1.104%)
040: dt: 0.1250, sse=726526.2, rms=4.310 (2.738%)
041: dt: 0.1250, sse=712910.7, rms=4.240 (1.622%)
rms = 4.2083/4.2402, sse=706655.4/712910.7, time step reduction 3 of 3 to 0.062  0 0 1
042: dt: 0.1250, sse=706655.4, rms=4.208 (0.753%)
  maximum number of reductions reached, breaking from loop
positioning took 0.3 minutes
Iteration 3 =========================================
n_averages=2, current_sigma=0.25
Computing target border values 
Entering MRIScomputeBorderValues_new(): 
  inside_hi   =  92.8134690;
  border_hi   =  54.8936730;
  border_low  =  32.6810230;
  outside_low =  10.0000000;
  outside_hi  =  49.3405080;
  sigma = 0.25;
  max_thickness = 10;
  step_size=0.5;
  STEP_SIZE=0.1;
  which = 2
  thresh = 0
  flags = 0
  CBVfindFirstPeakD1=0
  CBVfindFirstPeakD2=0
  nvertices=116606
  Gdiag_no=-1
  vno start=0, stop=116606
Replacing 255s with 0s
#SI# sigma=0.25 had to be increased for 8446 vertices, nripped=4700
mean border=50.3, 4687 (41) missing vertices, mean dist 0.2 [0.2 (%45.5)->0.6 (%54.5))]
%34 local maxima, %23 large gradients and %34 min vals, 0 gradients ignored
nFirstPeakD1 0
MRIScomputeBorderValues_new() finished in 0.0017 min


Averaging target values for 5 iterations...
Positioning Surface: tspring = 0.3, nspring = 0.3, spring = 0, niters = 100 l_repulse = 0, l_surf_repulse = 5, checktol = 0
Positioning pial surface
Entering MRISpositionSurface()
  max_mm = 0.3
  MAX_REDUCTIONS = 2, REDUCTION_PCT = 0.5
  parms->check_tol = 0, niterations = 100
tol=1.0e-04, sigma=0.2, host=dna00, nav=2, nbrs=2, l_surf_repulse=5.000, l_tspring=0.300, l_nspring=0.300, l_intensity=0.200, l_curv=1.000
mom=0.00, dt=0.50
000: dt: 0.0000, sse=745929.1, rms=4.401
rms = 4.7923/4.4012, sse=822628.4/745929.1, time step reduction 1 of 3 to 0.250  0 1 1
   RMS increased, rejecting step
043: dt: 0.2500, sse=716489.4, rms=4.250 (3.436%)
rms = 4.2089/4.2500, sse=707256.6/716489.4, time step reduction 2 of 3 to 0.125  0 0 1
044: dt: 0.2500, sse=707256.6, rms=4.209 (0.966%)
045: dt: 0.1250, sse=683845.1, rms=4.082 (3.021%)
046: dt: 0.1250, sse=669444.8, rms=4.005 (1.887%)
rms = 3.9685/4.0047, sse=662532.0/669444.7, time step reduction 3 of 3 to 0.062  0 0 1
047: dt: 0.1250, sse=662531.9, rms=3.968 (0.905%)
  maximum number of reductions reached, breaking from loop
positioning took 0.3 minutes
Pinning medial wall to white surface
removing intersecting faces
000: 12 intersecting
terminating search with 0 intersecting


Writing output to ../surf/rh.pial.T1
#ET# mris_place_surface  2.85 minutes
#VMPC# mris_place_surfaces VmPeak  2359840
mris_place_surface done
#@# white curv rh Mon Mar  9 02:27:40 CET 2026
cd /out/sourcedata/freesurfer/sub-v1s16x0051193_ses-1/mri
mris_place_surface --curv-map ../surf/rh.white 2 10 ../surf/rh.curv
insurf  ../surf/rh.white, nbrs 2, curvature_avgs 10
writing curvature file ../surf/rh.curv
#@# white area rh Mon Mar  9 02:27:41 CET 2026
cd /out/sourcedata/freesurfer/sub-v1s16x0051193_ses-1/mri
mris_place_surface --area-map ../surf/rh.white ../surf/rh.area
writing curvature file ../surf/rh.area
#@# pial curv rh Mon Mar  9 02:27:42 CET 2026
cd /out/sourcedata/freesurfer/sub-v1s16x0051193_ses-1/mri
mris_place_surface --curv-map ../surf/rh.pial 2 10 ../surf/rh.curv.pial
insurf  ../surf/rh.pial, nbrs 2, curvature_avgs 10
writing curvature file ../surf/rh.curv.pial
#@# pial area rh Mon Mar  9 02:27:43 CET 2026
cd /out/sourcedata/freesurfer/sub-v1s16x0051193_ses-1/mri
mris_place_surface --area-map ../surf/rh.pial ../surf/rh.area.pial
writing curvature file ../surf/rh.area.pial
#@# thickness rh Mon Mar  9 02:27:43 CET 2026
cd /out/sourcedata/freesurfer/sub-v1s16x0051193_ses-1/mri
mris_place_surface --thickness ../surf/rh.white ../surf/rh.pial 20 5 ../surf/rh.thickness
0 of 116606 vertices processed
25000 of 116606 vertices processed
50000 of 116606 vertices processed
75000 of 116606 vertices processed
100000 of 116606 vertices processed
0 of 116606 vertices processed
25000 of 116606 vertices processed
50000 of 116606 vertices processed
75000 of 116606 vertices processed
100000 of 116606 vertices processed
thickness calculation complete, 488:2292 truncations.
45654 vertices at 0 distance
83931 vertices at 1 distance
61984 vertices at 2 distance
24976 vertices at 3 distance
9313 vertices at 4 distance
3838 vertices at 5 distance
1676 vertices at 6 distance
766 vertices at 7 distance
360 vertices at 8 distance
218 vertices at 9 distance
161 vertices at 10 distance
77 vertices at 11 distance
66 vertices at 12 distance
38 vertices at 13 distance
26 vertices at 14 distance
29 vertices at 15 distance
22 vertices at 16 distance
22 vertices at 17 distance
18 vertices at 18 distance
11 vertices at 19 distance
26 vertices at 20 distance
writing curvature file ../surf/rh.thickness
#@# area and vertex vol rh Mon Mar  9 02:28:07 CET 2026
cd /out/sourcedata/freesurfer/sub-v1s16x0051193_ses-1/mri
mris_place_surface --thickness ../surf/rh.white ../surf/rh.pial 20 5 ../surf/rh.thickness
/out/sourcedata/freesurfer/sub-v1s16x0051193_ses-1/surf
mris_calc -o rh.area.mid rh.area add rh.area.pial
Saving result to 'rh.area.mid' (type = MRI_CURV_FILE)                       [ ok ]
mris_calc -o rh.area.mid rh.area.mid div 2
Saving result to 'rh.area.mid' (type = MRI_CURV_FILE)                       [ ok ]
mris_convert --volume sub-v1s16x0051193_ses-1 rh /out/sourcedata/freesurfer/sub-v1s16x0051193_ses-1/surf/rh.volume
masking with /out/sourcedata/freesurfer/sub-v1s16x0051193_ses-1/label/rh.cortex.label
Total face volume 226248
Total vertex volume 226037 (mask=0)
#@# sub-v1s16x0051193_ses-1 rh 226037
 
vertexvol Done

#-----------------------------------------
#@# Curvature Stats rh Mon Mar  9 02:28:08 CET 2026
/out/sourcedata/freesurfer/sub-v1s16x0051193_ses-1/surf

 mris_curvature_stats -m --writeCurvatureFiles -G -o ../stats/rh.curv.stats -F smoothwm sub-v1s16x0051193_ses-1 rh curv sulc 

             Toggling save flag on curvature files                       [ ok ]
                 Outputting results using filestem   [ ../stats/rh.curv.stats ]
             Toggling save flag on curvature files                       [ ok ]
                                   Setting surface [ sub-v1s16x0051193_ses-1/rh.smoothwm ]
                                Reading surface...                       [ ok ]
                                   Setting texture                     [ curv ]
                                Reading texture...                       [ ok ]
                                   Setting texture                     [ sulc ]
                                Reading texture...Gb_filter = 0
                       [ ok ]
      Calculating Discrete Principal Curvatures...
      Determining geometric order for vno faces... [####################] [ ok ]
                      Determining KH curvatures... [####################] [ ok ]
                    Determining k1k2 curvatures... [####################] [ ok ]
                                   deltaViolations                      [ 217 ]
Gb_filter = 0

WARN:    S lookup   min:                          -0.053863
WARN:    S explicit min:                          0.000000	vertex = 273
#-----------------------------------------
#@# Cortical Parc 2 rh Mon Mar  9 02:28:10 CET 2026
/out/sourcedata/freesurfer/sub-v1s16x0051193_ses-1/scripts

 mris_ca_label -l ../label/rh.cortex.label -aseg ../mri/aseg.presurf.mgz -seed 1234 sub-v1s16x0051193_ses-1 rh ../surf/rh.sphere.reg /opt/freesurfer/average/rh.CDaparc.atlas.acfb40.noaparc.i12.2016-08-02.gcs ../label/rh.aparc.a2009s.annot 

setting seed for random number generator to 1234
using ../mri/aseg.presurf.mgz aseg volume to correct midline
7.3.2
  7.3.2
reading atlas from /opt/freesurfer/average/rh.CDaparc.atlas.acfb40.noaparc.i12.2016-08-02.gcs...
reading color table from GCSA file....
average std = 1.4   using min determinant for regularization = 0.021
0 singular and 0 ill-conditioned covariance matrices regularized
input 0: MEAN CURVATURE, flags 0, avgs 5, name mean_curvature
labeling surface...
24 labels changed using aseg
relabeling using gibbs priors...
000:   7548 changed, 116606 examined...
001:   1662 changed, 29917 examined...
002:    503 changed, 9050 examined...
003:    196 changed, 2868 examined...
004:     92 changed, 1173 examined...
005:     45 changed, 514 examined...
006:     20 changed, 255 examined...
007:      8 changed, 123 examined...
008:     10 changed, 53 examined...
009:      8 changed, 46 examined...
010:      3 changed, 40 examined...
011:      1 changed, 15 examined...
012:      0 changed, 7 examined...
7 labels changed using aseg
000: 208 total segments, 124 labels (1260 vertices) changed
001: 91 total segments, 8 labels (22 vertices) changed
002: 83 total segments, 0 labels (0 vertices) changed
10 filter iterations complete (10 requested, 25 changed)
rationalizing unknown annotations with cortex label
relabeling Medial_wall label...
1064 vertices marked for relabeling...
1064 labels changed in reclassification.
writing output to ../label/rh.aparc.a2009s.annot...
classification took 0 minutes and 10 seconds.
#-----------------------------------------
#@# Cortical Parc 3 rh Mon Mar  9 02:28:20 CET 2026
/out/sourcedata/freesurfer/sub-v1s16x0051193_ses-1/scripts

 mris_ca_label -l ../label/rh.cortex.label -aseg ../mri/aseg.presurf.mgz -seed 1234 sub-v1s16x0051193_ses-1 rh ../surf/rh.sphere.reg /opt/freesurfer/average/rh.DKTaparc.atlas.acfb40.noaparc.i12.2016-08-02.gcs ../label/rh.aparc.DKTatlas.annot 

setting seed for random number generator to 1234
using ../mri/aseg.presurf.mgz aseg volume to correct midline
7.3.2
  7.3.2
reading atlas from /opt/freesurfer/average/rh.DKTaparc.atlas.acfb40.noaparc.i12.2016-08-02.gcs...
reading color table from GCSA file....
average std = 0.9   using min determinant for regularization = 0.009
0 singular and 325 ill-conditioned covariance matrices regularized
input 0: MEAN CURVATURE, flags 0, avgs 5, name mean_curvature
labeling surface...
1352 labels changed using aseg
relabeling using gibbs priors...
000:   1732 changed, 116606 examined...
001:    408 changed, 8187 examined...
002:    110 changed, 2345 examined...
003:     45 changed, 647 examined...
004:     28 changed, 266 examined...
005:     17 changed, 153 examined...
006:     13 changed, 99 examined...
007:     13 changed, 79 examined...
008:     14 changed, 74 examined...
009:      9 changed, 68 examined...
010:      7 changed, 51 examined...
011:      2 changed, 28 examined...
012:      3 changed, 14 examined...
013:      5 changed, 19 examined...
014:      1 changed, 16 examined...
015:      0 changed, 8 examined...
215 labels changed using aseg
000: 49 total segments, 16 labels (435 vertices) changed
001: 33 total segments, 0 labels (0 vertices) changed
10 filter iterations complete (10 requested, 2 changed)
rationalizing unknown annotations with cortex label
relabeling unknown label...
relabeling corpuscallosum label...
527 vertices marked for relabeling...
527 labels changed in reclassification.
writing output to ../label/rh.aparc.DKTatlas.annot...
classification took 0 minutes and 8 seconds.
#-----------------------------------------
#@# WM/GM Contrast rh Mon Mar  9 02:28:28 CET 2026
/out/sourcedata/freesurfer/sub-v1s16x0051193_ses-1/scripts

 pctsurfcon --s sub-v1s16x0051193_ses-1 --rh-only 

Log file is /out/sourcedata/freesurfer/sub-v1s16x0051193_ses-1/scripts/pctsurfcon.log
Mon Mar  9 02:28:28 CET 2026
setenv SUBJECTS_DIR /out/sourcedata/freesurfer
cd /out/sourcedata/freesurfer/sub-v1s16x0051193_ses-1/scripts
/opt/freesurfer/bin/pctsurfcon
pctsurfcon 7.3.2
Linux dna007 5.14.0-427.37.1.el9_4.x86_64 #1 SMP PREEMPT_DYNAMIC Fri Sep 13 12:41:50 EDT 2024 x86_64 x86_64 x86_64 GNU/Linux
FREESURFER_HOME /opt/freesurfer
mri_vol2surf --mov /out/sourcedata/freesurfer/sub-v1s16x0051193_ses-1/mri/rawavg.mgz --hemi rh --noreshape --interp trilinear --projdist -1 --o /out/sourcedata/freesurfer/sub-v1s16x0051193_ses-1/surf/tmp.pctsurfcon.1405107/rh.wm.mgh --regheader sub-v1s16x0051193_ses-1 --cortex
srcvol = /out/sourcedata/freesurfer/sub-v1s16x0051193_ses-1/mri/rawavg.mgz
srcreg unspecified
srcregold = 0
srcwarp unspecified
surf = white
hemi = rh
ProjDist = -1
reshape = 0
interp = trilinear
float2int = round
GetProjMax = 0
INFO: float2int code = 0
Done loading volume
Computing registration from header.
  Using /out/sourcedata/freesurfer/sub-v1s16x0051193_ses-1/mri/orig.mgz as target reference.
-------- original matrix -----------
-1.00000   0.00000   0.00000  -0.00003;
 0.00000   0.00000   1.00000   0.00000;
 0.00000  -1.00000   0.00000   0.00000;
 0.00000   0.00000   0.00000   1.00000;
-------- original matrix -----------
Loading label /out/sourcedata/freesurfer/sub-v1s16x0051193_ses-1/label/rh.cortex.label
Reading surface /out/sourcedata/freesurfer/sub-v1s16x0051193_ses-1/surf/rh.white
Done reading source surface
Mapping Source Volume onto Source Subject Surface
Projecting -1 -1 1
 1 -1 -1 -1
using old
Done mapping volume to surface
Number of source voxels hit = 68743
Masking with /out/sourcedata/freesurfer/sub-v1s16x0051193_ses-1/label/rh.cortex.label
Writing to /out/sourcedata/freesurfer/sub-v1s16x0051193_ses-1/surf/tmp.pctsurfcon.1405107/rh.wm.mgh
Dim: 116606 1 1
mri_vol2surf --mov /out/sourcedata/freesurfer/sub-v1s16x0051193_ses-1/mri/rawavg.mgz --hemi rh --noreshape --interp trilinear --o /out/sourcedata/freesurfer/sub-v1s16x0051193_ses-1/surf/tmp.pctsurfcon.1405107/rh.gm.mgh --projfrac 0.3 --regheader sub-v1s16x0051193_ses-1 --cortex
srcvol = /out/sourcedata/freesurfer/sub-v1s16x0051193_ses-1/mri/rawavg.mgz
srcreg unspecified
srcregold = 0
srcwarp unspecified
surf = white
hemi = rh
ProjFrac = 0.3
thickness = thickness
reshape = 0
interp = trilinear
float2int = round
GetProjMax = 0
INFO: float2int code = 0
Done loading volume
Computing registration from header.
  Using /out/sourcedata/freesurfer/sub-v1s16x0051193_ses-1/mri/orig.mgz as target reference.
-------- original matrix -----------
-1.00000   0.00000   0.00000  -0.00003;
 0.00000   0.00000   1.00000   0.00000;
 0.00000  -1.00000   0.00000   0.00000;
 0.00000   0.00000   0.00000   1.00000;
-------- original matrix -----------
Loading label /out/sourcedata/freesurfer/sub-v1s16x0051193_ses-1/label/rh.cortex.label
Reading surface /out/sourcedata/freesurfer/sub-v1s16x0051193_ses-1/surf/rh.white
Done reading source surface
Reading thickness /out/sourcedata/freesurfer/sub-v1s16x0051193_ses-1/surf/rh.thickness
Done
Mapping Source Volume onto Source Subject Surface
Projecting 0.3 0.3 1
 1 0.3 0.3 0.3
using old
Done mapping volume to surface
Number of source voxels hit = 77907
Masking with /out/sourcedata/freesurfer/sub-v1s16x0051193_ses-1/label/rh.cortex.label
Writing to /out/sourcedata/freesurfer/sub-v1s16x0051193_ses-1/surf/tmp.pctsurfcon.1405107/rh.gm.mgh
Dim: 116606 1 1
mri_concat /out/sourcedata/freesurfer/sub-v1s16x0051193_ses-1/surf/tmp.pctsurfcon.1405107/rh.wm.mgh /out/sourcedata/freesurfer/sub-v1s16x0051193_ses-1/surf/tmp.pctsurfcon.1405107/rh.gm.mgh --paired-diff-norm --mul 100 --o /out/sourcedata/freesurfer/sub-v1s16x0051193_ses-1/surf/rh.w-g.pct.mgh
ninputs = 2
Checking inputs
nframestot = 2
Allocing output
Done allocing
Combining pairs
nframes = 1
Multiplying by 100.000000
Writing to /out/sourcedata/freesurfer/sub-v1s16x0051193_ses-1/surf/rh.w-g.pct.mgh
mri_segstats --in /out/sourcedata/freesurfer/sub-v1s16x0051193_ses-1/surf/rh.w-g.pct.mgh --annot sub-v1s16x0051193_ses-1 rh aparc --sum /out/sourcedata/freesurfer/sub-v1s16x0051193_ses-1/stats/rh.w-g.pct.stats --snr

7.3.2
cwd 
cmdline mri_segstats --in /out/sourcedata/freesurfer/sub-v1s16x0051193_ses-1/surf/rh.w-g.pct.mgh --annot sub-v1s16x0051193_ses-1 rh aparc --sum /out/sourcedata/freesurfer/sub-v1s16x0051193_ses-1/stats/rh.w-g.pct.stats --snr 
sysname  Linux
hostname dna007
machine  x86_64
user     oesteban
whitesurfname  white
UseRobust  0
Constructing seg from annotation

Reading annotation /out/sourcedata/freesurfer/sub-v1s16x0051193_ses-1/label/rh.aparc.annot
Seg base 2000
Loading /out/sourcedata/freesurfer/sub-v1s16x0051193_ses-1/surf/rh.w-g.pct.mgh
Vertex Area is 0.727221 mm^3
Generating list of segmentation ids
Found  36 segmentations
Computing statistics for each segmentation

Reporting on  35 segmentations
Using PrintSegStat
mri_segstats done
Cleaning up

Started at Mon Mar 9 02:10:01 CET 2026 
Ended   at Mon Mar 9 02:28:30 CET 2026
#@#%# recon-all-run-time-hours 0.308
recon-all -s sub-v1s16x0051193_ses-1 finished without error at Mon Mar  9 02:28:30 CET 2026



#New# invocation of recon-all 




Mon Mar  9 02:35:56 CET 2026
cd /out/sourcedata/freesurfer/sub-v1s16x0051193_ses-1
setenv SUBJECTS_DIR /out/sourcedata/freesurfer
/opt/freesurfer/bin/recon-all -autorecon-hemi rh -nohyporelabel -rh-only -openmp 16 -subjid sub-v1s16x0051193_ses-1 -sd /out/sourcedata/freesurfer -notessellate -nosmooth1 -noinflate1 -noqsphere -nofix -nowhite -nosmooth2 -noinflate2 -nocurvHK -nocurvstats -nosphere -nosurfreg -nojacobian_white -noavgcurv -nocortparc -nopial -nocortparc2 -nocortparc3 -nopctsurfcon

subjid sub-v1s16x0051193_ses-1
setenv SUBJECTS_DIR /out/sourcedata/freesurfer
FREESURFER_HOME /opt/freesurfer
Actual FREESURFER_HOME /opt/freesurfer
build-stamp.txt: freesurfer-linux-ubuntu22_x86_64-7.3.2-20220804-6354275
Linux dna007 5.14.0-427.37.1.el9_4.x86_64 #1 SMP PREEMPT_DYNAMIC Fri Sep 13 12:41:50 EDT 2024 x86_64 x86_64 x86_64 GNU/Linux
cputime      unlimited
filesize     unlimited
datasize     unlimited
stacksize    8192 kbytes
coredumpsize 0 kbytes
memoryuse    67108864 kbytes
vmemoryuse   unlimited
descriptors  1024 
memorylocked unlimited
maxproc      2061970 
maxlocks     unlimited
maxsignal    2061970 
maxmessage   819200 
maxnice      0 
maxrtprio    0 
maxrttime    unlimited

               total        used        free      shared  buff/cache   available
Mem:           503Gi        54Gi       340Gi       8.6Gi       108Gi       436Gi
Swap:             0B          0B          0B

########################################
program versions used
7.3.2 (freesurfer-linux-ubuntu22_x86_64-7.3.2-20220804-6354275)
7.3.2

ProgramName: lta_convert  ProgramArguments: lta_convert -all-info  ProgramVersion: 7.3.2  TimeStamp: 2026/03/09-01:35:56-GMT  BuildTime: Aug  4 2022 06:17:15  BuildStamp: freesurfer-linux-ubuntu22_x86_64-7.3.2-20220804-6354275  User: oesteban  Machine: dna007  Platform: Linux  PlatformVersion: 5.14.0-427.37.1.el9_4.x86_64  CompilerName: GCC  CompilerVersion: 8.4.0
ProgramName: mri_and  ProgramArguments: mri_and -all-info  ProgramVersion: 7.3.2  TimeStamp: 2026/03/09-01:35:56-GMT  BuildTime: Aug  4 2022 06:17:15  BuildStamp: freesurfer-linux-ubuntu22_x86_64-7.3.2-20220804-6354275  User: oesteban  Machine: dna007  Platform: Linux  PlatformVersion: 5.14.0-427.37.1.el9_4.x86_64  CompilerName: GCC  CompilerVersion: 8.4.0
ProgramName: mri_annotation2label  ProgramArguments: mri_annotation2label -all-info  ProgramVersion: 7.3.2  TimeStamp: 2026/03/09-01:35:56-GMT  BuildTime: Aug  4 2022 06:17:15  BuildStamp: freesurfer-linux-ubuntu22_x86_64-7.3.2-20220804-6354275  User: oesteban  Machine: dna007  Platform: Linux  PlatformVersion: 5.14.0-427.37.1.el9_4.x86_64  CompilerName: GCC  CompilerVersion: 8.4.0
ProgramName: mri_aparc2aseg  ProgramArguments: mri_aparc2aseg -all-info  ProgramVersion: 7.3.2  TimeStamp: 2026/03/09-01:35:56-GMT  BuildTime: Aug  4 2022 06:17:15  BuildStamp: freesurfer-linux-ubuntu22_x86_64-7.3.2-20220804-6354275  User: oesteban  Machine: dna007  Platform: Linux  PlatformVersion: 5.14.0-427.37.1.el9_4.x86_64  CompilerName: GCC  CompilerVersion: 8.4.0
ProgramName: mri_surf2volseg  ProgramArguments: mri_surf2volseg -all-info  ProgramVersion: 7.3.2  TimeStamp: 2026/03/09-01:35:56-GMT  BuildTime: Aug  4 2022 06:17:15  BuildStamp: freesurfer-linux-ubuntu22_x86_64-7.3.2-20220804-6354275  User: oesteban  Machine: dna007  Platform: Linux  PlatformVersion: 5.14.0-427.37.1.el9_4.x86_64  CompilerName: GCC  CompilerVersion: 8.4.0
ProgramName: mri_binarize  ProgramArguments: mri_binarize -all-info  ProgramVersion: 7.3.2  TimeStamp: 2026/03/09-01:35:56-GMT  BuildTime: Aug  4 2022 06:17:15  BuildStamp: freesurfer-linux-ubuntu22_x86_64-7.3.2-20220804-6354275  User: oesteban  Machine: dna007  Platform: Linux  PlatformVersion: 5.14.0-427.37.1.el9_4.x86_64  CompilerName: GCC  CompilerVersion: 8.4.0
ProgramName: mri_ca_label  ProgramArguments: mri_ca_label -all-info  ProgramVersion: 7.3.2  TimeStamp: 2026/03/09-01:35:56-GMT  BuildTime: Aug  4 2022 06:17:15  BuildStamp: freesurfer-linux-ubuntu22_x86_64-7.3.2-20220804-6354275  User: oesteban  Machine: dna007  Platform: Linux  PlatformVersion: 5.14.0-427.37.1.el9_4.x86_64  CompilerName: GCC  CompilerVersion: 8.4.0
ProgramName: mri_ca_normalize  ProgramArguments: mri_ca_normalize -all-info  ProgramVersion: 7.3.2  TimeStamp: 2026/03/09-01:35:56-GMT  BuildTime: Aug  4 2022 06:17:15  BuildStamp: freesurfer-linux-ubuntu22_x86_64-7.3.2-20220804-6354275  User: oesteban  Machine: dna007  Platform: Linux  PlatformVersion: 5.14.0-427.37.1.el9_4.x86_64  CompilerName: GCC  CompilerVersion: 8.4.0
ProgramName: mri_ca_register  ProgramArguments: mri_ca_register -all-info  ProgramVersion: 7.3.2  TimeStamp: 2026/03/09-01:35:56-GMT  BuildTime: Aug  4 2022 06:17:15  BuildStamp: freesurfer-linux-ubuntu22_x86_64-7.3.2-20220804-6354275  User: oesteban  Machine: dna007  Platform: Linux  PlatformVersion: 5.14.0-427.37.1.el9_4.x86_64  CompilerName: GCC  CompilerVersion: 8.4.0
ProgramName: mri_cc  ProgramArguments: mri_cc -all-info  ProgramVersion: 7.3.2  TimeStamp: 2026/03/09-01:35:56-GMT  BuildTime: Aug  4 2022 06:17:15  BuildStamp: freesurfer-linux-ubuntu22_x86_64-7.3.2-20220804-6354275  User: oesteban  Machine: dna007  Platform: Linux  PlatformVersion: 5.14.0-427.37.1.el9_4.x86_64  CompilerName: GCC  CompilerVersion: 8.4.0
ProgramName: mri_compute_overlap  ProgramArguments: mri_compute_overlap -all-info  ProgramVersion: 7.3.2  TimeStamp: 2026/03/09-01:35:56-GMT  BuildTime: Aug  4 2022 06:17:15  BuildStamp: freesurfer-linux-ubuntu22_x86_64-7.3.2-20220804-6354275  User: oesteban  Machine: dna007  Platform: Linux  PlatformVersion: 5.14.0-427.37.1.el9_4.x86_64  CompilerName: GCC  CompilerVersion: 8.4.0
ProgramName: mri_compute_seg_overlap  ProgramArguments: mri_compute_seg_overlap -all-info  ProgramVersion: 7.3.2  TimeStamp: 2026/03/09-01:35:56-GMT  BuildTime: Aug  4 2022 06:17:15  BuildStamp: freesurfer-linux-ubuntu22_x86_64-7.3.2-20220804-6354275  User: oesteban  Machine: dna007  Platform: Linux  PlatformVersion: 5.14.0-427.37.1.el9_4.x86_64  CompilerName: GCC  CompilerVersion: 8.4.0
ProgramName: mri_concat  ProgramArguments: mri_concat -all-info  ProgramVersion: 7.3.2  TimeStamp: 2026/03/09-01:35:56-GMT  BuildTime: Aug  4 2022 06:17:15  BuildStamp: freesurfer-linux-ubuntu22_x86_64-7.3.2-20220804-6354275  User: oesteban  Machine: dna007  Platform: Linux  PlatformVersion: 5.14.0-427.37.1.el9_4.x86_64  CompilerName: GCC  CompilerVersion: 8.4.0
ProgramName: mri_concatenate_lta  ProgramArguments: mri_concatenate_lta -all-info  ProgramVersion: 7.3.2  TimeStamp: 2026/03/09-01:35:56-GMT  BuildTime: Aug  4 2022 06:17:15  BuildStamp: freesurfer-linux-ubuntu22_x86_64-7.3.2-20220804-6354275  User: oesteban  Machine: dna007  Platform: Linux  PlatformVersion: 5.14.0-427.37.1.el9_4.x86_64  CompilerName: GCC  CompilerVersion: 8.4.0
mri_convert -all-info 
ProgramName: mri_convert  ProgramArguments: mri_convert -all-info  ProgramVersion: 7.3.2  TimeStamp: 2026/03/09-01:35:56-GMT  BuildTime: Aug  4 2022 06:17:15  BuildStamp: freesurfer-linux-ubuntu22_x86_64-7.3.2-20220804-6354275  User: oesteban  Machine: dna007  Platform: Linux  PlatformVersion: 5.14.0-427.37.1.el9_4.x86_64  CompilerName: GCC  CompilerVersion: 8.4.0
ProgramName: mri_diff  ProgramArguments: mri_diff -all-info  ProgramVersion: 7.3.2  TimeStamp: 2026/03/09-01:35:56-GMT  BuildTime: Aug  4 2022 06:17:15  BuildStamp: freesurfer-linux-ubuntu22_x86_64-7.3.2-20220804-6354275  User: oesteban  Machine: dna007  Platform: Linux  PlatformVersion: 5.14.0-427.37.1.el9_4.x86_64  CompilerName: GCC  CompilerVersion: 8.4.0
ProgramName: mri_edit_wm_with_aseg  ProgramArguments: mri_edit_wm_with_aseg -all-info  ProgramVersion: 7.3.2  TimeStamp: 2026/03/09-01:35:56-GMT  BuildTime: Aug  4 2022 06:17:15  BuildStamp: freesurfer-linux-ubuntu22_x86_64-7.3.2-20220804-6354275  User: oesteban  Machine: dna007  Platform: Linux  PlatformVersion: 5.14.0-427.37.1.el9_4.x86_64  CompilerName: GCC  CompilerVersion: 8.4.0
ProgramName: mri_em_register  ProgramArguments: mri_em_register -all-info  ProgramVersion: 7.3.2  TimeStamp: 2026/03/09-01:35:56-GMT  BuildTime: Aug  4 2022 06:17:15  BuildStamp: freesurfer-linux-ubuntu22_x86_64-7.3.2-20220804-6354275  User: oesteban  Machine: dna007  Platform: Linux  PlatformVersion: 5.14.0-427.37.1.el9_4.x86_64  CompilerName: GCC  CompilerVersion: 8.4.0
ProgramName: mri_fill  ProgramArguments: mri_fill -all-info  ProgramVersion: 7.3.2  TimeStamp: 2026/03/09-01:35:56-GMT  BuildTime: Aug  4 2022 06:17:15  BuildStamp: freesurfer-linux-ubuntu22_x86_64-7.3.2-20220804-6354275  User: oesteban  Machine: dna007  Platform: Linux  PlatformVersion: 5.14.0-427.37.1.el9_4.x86_64  CompilerName: GCC  CompilerVersion: 8.4.0
ProgramName: mri_fuse_segmentations  ProgramArguments: mri_fuse_segmentations -all-info  ProgramVersion: 7.3.2  TimeStamp: 2026/03/09-01:35:56-GMT  BuildTime: Aug  4 2022 06:17:15  BuildStamp: freesurfer-linux-ubuntu22_x86_64-7.3.2-20220804-6354275  User: oesteban  Machine: dna007  Platform: Linux  PlatformVersion: 5.14.0-427.37.1.el9_4.x86_64  CompilerName: GCC  CompilerVersion: 8.4.0
ProgramName: mri_fwhm  ProgramArguments: mri_fwhm -all-info  ProgramVersion: 7.3.2  TimeStamp: 2026/03/09-01:35:56-GMT  BuildTime: Aug  4 2022 06:17:15  BuildStamp: freesurfer-linux-ubuntu22_x86_64-7.3.2-20220804-6354275  User: oesteban  Machine: dna007  Platform: Linux  PlatformVersion: 5.14.0-427.37.1.el9_4.x86_64  CompilerName: GCC  CompilerVersion: 8.4.0
ProgramName: mri_gcut  ProgramArguments: mri_gcut -all-info  ProgramVersion: 7.3.2  TimeStamp: 2026/03/09-01:35:56-GMT  BuildTime: Aug  4 2022 06:17:15  BuildStamp: freesurfer-linux-ubuntu22_x86_64-7.3.2-20220804-6354275  User: oesteban  Machine: dna007  Platform: Linux  PlatformVersion: 5.14.0-427.37.1.el9_4.x86_64  CompilerName: GCC  CompilerVersion: 8.4.0
ProgramName: mri_info  ProgramArguments: mri_info -all-info  ProgramVersion: 7.3.2  TimeStamp: 2026/03/09-01:35:56-GMT  BuildTime: Aug  4 2022 06:17:15  BuildStamp: freesurfer-linux-ubuntu22_x86_64-7.3.2-20220804-6354275  User: oesteban  Machine: dna007  Platform: Linux  PlatformVersion: 5.14.0-427.37.1.el9_4.x86_64  CompilerName: GCC  CompilerVersion: 8.4.0
ProgramName: mri_label2label  ProgramArguments: mri_label2label -all-info  ProgramVersion: 7.3.2  TimeStamp: 2026/03/09-01:35:56-GMT  BuildTime: Aug  4 2022 06:17:15  BuildStamp: freesurfer-linux-ubuntu22_x86_64-7.3.2-20220804-6354275  User: oesteban  Machine: dna007  Platform: Linux  PlatformVersion: 5.14.0-427.37.1.el9_4.x86_64  CompilerName: GCC  CompilerVersion: 8.4.0
ProgramName: mri_label2vol  ProgramArguments: mri_label2vol -all-info  ProgramVersion: 7.3.2  TimeStamp: 2026/03/09-01:35:56-GMT  BuildTime: Aug  4 2022 06:17:15  BuildStamp: freesurfer-linux-ubuntu22_x86_64-7.3.2-20220804-6354275  User: oesteban  Machine: dna007  Platform: Linux  PlatformVersion: 5.14.0-427.37.1.el9_4.x86_64  CompilerName: GCC  CompilerVersion: 8.4.0
ProgramName: mri_log_likelihood  ProgramArguments: mri_log_likelihood -all-info  ProgramVersion: 7.3.2  TimeStamp: 2026/03/09-01:35:56-GMT  BuildTime: Aug  4 2022 06:17:15  BuildStamp: freesurfer-linux-ubuntu22_x86_64-7.3.2-20220804-6354275  User: oesteban  Machine: dna007  Platform: Linux  PlatformVersion: 5.14.0-427.37.1.el9_4.x86_64  CompilerName: GCC  CompilerVersion: 8.4.0
ProgramName: mri_mask  ProgramArguments: mri_mask -all-info  ProgramVersion: 7.3.2  TimeStamp: 2026/03/09-01:35:56-GMT  BuildTime: Aug  4 2022 06:17:15  BuildStamp: freesurfer-linux-ubuntu22_x86_64-7.3.2-20220804-6354275  User: oesteban  Machine: dna007  Platform: Linux  PlatformVersion: 5.14.0-427.37.1.el9_4.x86_64  CompilerName: GCC  CompilerVersion: 8.4.0
ProgramName: mri_matrix_multiply  ProgramArguments: mri_matrix_multiply -all-info  ProgramVersion: 7.3.2  TimeStamp: 2026/03/09-01:35:56-GMT  BuildTime: Aug  4 2022 06:17:15  BuildStamp: freesurfer-linux-ubuntu22_x86_64-7.3.2-20220804-6354275  User: oesteban  Machine: dna007  Platform: Linux  PlatformVersion: 5.14.0-427.37.1.el9_4.x86_64  CompilerName: GCC  CompilerVersion: 8.4.0
ProgramName: mri_normalize  ProgramArguments: mri_normalize -all-info  ProgramVersion: 7.3.2  TimeStamp: 2026/03/09-01:35:56-GMT  BuildTime: Aug  4 2022 06:17:15  BuildStamp: freesurfer-linux-ubuntu22_x86_64-7.3.2-20220804-6354275  User: oesteban  Machine: dna007  Platform: Linux  PlatformVersion: 5.14.0-427.37.1.el9_4.x86_64  CompilerName: GCC  CompilerVersion: 8.4.0
ProgramName: mri_normalize_tp2  ProgramArguments: mri_normalize_tp2 -all-info  ProgramVersion: 7.3.2  TimeStamp: 2026/03/09-01:35:56-GMT  BuildTime: Aug  4 2022 06:17:15  BuildStamp: freesurfer-linux-ubuntu22_x86_64-7.3.2-20220804-6354275  User: oesteban  Machine: dna007  Platform: Linux  PlatformVersion: 5.14.0-427.37.1.el9_4.x86_64  CompilerName: GCC  CompilerVersion: 8.4.0
ProgramName: mri_or  ProgramArguments: mri_or -all-info  ProgramVersion: 7.3.2  TimeStamp: 2026/03/09-01:35:56-GMT  BuildTime: Aug  4 2022 06:17:15  BuildStamp: freesurfer-linux-ubuntu22_x86_64-7.3.2-20220804-6354275  User: oesteban  Machine: dna007  Platform: Linux  PlatformVersion: 5.14.0-427.37.1.el9_4.x86_64  CompilerName: GCC  CompilerVersion: 8.4.0
ProgramName: mri_relabel_hypointensities  ProgramArguments: mri_relabel_hypointensities -all-info  ProgramVersion: 7.3.2  TimeStamp: 2026/03/09-01:35:56-GMT  BuildTime: Aug  4 2022 06:17:15  BuildStamp: freesurfer-linux-ubuntu22_x86_64-7.3.2-20220804-6354275  User: oesteban  Machine: dna007  Platform: Linux  PlatformVersion: 5.14.0-427.37.1.el9_4.x86_64  CompilerName: GCC  CompilerVersion: 8.4.0
ProgramName: mri_relabel_nonwm_hypos  ProgramArguments: mri_relabel_nonwm_hypos -all-info  ProgramVersion: 7.3.2  TimeStamp: 2026/03/09-01:35:56-GMT  BuildTime: Aug  4 2022 06:17:15  BuildStamp: freesurfer-linux-ubuntu22_x86_64-7.3.2-20220804-6354275  User: oesteban  Machine: dna007  Platform: Linux  PlatformVersion: 5.14.0-427.37.1.el9_4.x86_64  CompilerName: GCC  CompilerVersion: 8.4.0
ProgramName: mri_remove_neck  ProgramArguments: mri_remove_neck -all-info  ProgramVersion: 7.3.2  TimeStamp: 2026/03/09-01:35:56-GMT  BuildTime: Aug  4 2022 06:17:15  BuildStamp: freesurfer-linux-ubuntu22_x86_64-7.3.2-20220804-6354275  User: oesteban  Machine: dna007  Platform: Linux  PlatformVersion: 5.14.0-427.37.1.el9_4.x86_64  CompilerName: GCC  CompilerVersion: 8.4.0
7.3.2

ProgramName: mri_robust_register  ProgramArguments: mri_robust_register -all-info  ProgramVersion: 7.3.2  TimeStamp: 2026/03/09-01:35:56-GMT  BuildTime: Aug  4 2022 06:17:15  BuildStamp: freesurfer-linux-ubuntu22_x86_64-7.3.2-20220804-6354275  User: oesteban  Machine: dna007  Platform: Linux  PlatformVersion: 5.14.0-427.37.1.el9_4.x86_64  CompilerName: GCC  CompilerVersion: 8.4.0
7.3.2

ProgramName: mri_robust_template  ProgramArguments: mri_robust_template -all-info  ProgramVersion: 7.3.2  TimeStamp: 2026/03/09-01:35:56-GMT  BuildTime: Aug  4 2022 06:17:15  BuildStamp: freesurfer-linux-ubuntu22_x86_64-7.3.2-20220804-6354275  User: oesteban  Machine: dna007  Platform: Linux  PlatformVersion: 5.14.0-427.37.1.el9_4.x86_64  CompilerName: GCC  CompilerVersion: 8.4.0
ProgramName: mris_anatomical_stats  ProgramArguments: mris_anatomical_stats -all-info  ProgramVersion: 7.3.2  TimeStamp: 2026/03/09-01:35:56-GMT  BuildTime: Aug  4 2022 06:17:15  BuildStamp: freesurfer-linux-ubuntu22_x86_64-7.3.2-20220804-6354275  User: oesteban  Machine: dna007  Platform: Linux  PlatformVersion: 5.14.0-427.37.1.el9_4.x86_64  CompilerName: GCC  CompilerVersion: 8.4.0
ProgramName: mris_ca_label  ProgramArguments: mris_ca_label -all-info  ProgramVersion: 7.3.2  TimeStamp: 2026/03/09-01:35:56-GMT  BuildTime: Aug  4 2022 06:17:15  BuildStamp: freesurfer-linux-ubuntu22_x86_64-7.3.2-20220804-6354275  User: oesteban  Machine: dna007  Platform: Linux  PlatformVersion: 5.14.0-427.37.1.el9_4.x86_64  CompilerName: GCC  CompilerVersion: 8.4.0
ProgramName: mris_calc  ProgramArguments: mris_calc -all-info  ProgramVersion: 7.3.2  TimeStamp: 2026/03/09-01:35:56-GMT  BuildTime: Aug  4 2022 06:17:15  BuildStamp: freesurfer-linux-ubuntu22_x86_64-7.3.2-20220804-6354275  User: oesteban  Machine: dna007  Platform: Linux  PlatformVersion: 5.14.0-427.37.1.el9_4.x86_64  CompilerName: GCC  CompilerVersion: 8.4.0
ProgramName: mris_convert  ProgramArguments: mris_convert -all-info  ProgramVersion: 7.3.2  TimeStamp: 2026/03/09-01:35:56-GMT  BuildTime: Aug  4 2022 06:17:15  BuildStamp: freesurfer-linux-ubuntu22_x86_64-7.3.2-20220804-6354275  User: oesteban  Machine: dna007  Platform: Linux  PlatformVersion: 5.14.0-427.37.1.el9_4.x86_64  CompilerName: GCC  CompilerVersion: 8.4.0
ProgramName: mris_curvature  ProgramArguments: mris_curvature -all-info  ProgramVersion: 7.3.2  TimeStamp: 2026/03/09-01:35:56-GMT  BuildTime: Aug  4 2022 06:17:15  BuildStamp: freesurfer-linux-ubuntu22_x86_64-7.3.2-20220804-6354275  User: oesteban  Machine: dna007  Platform: Linux  PlatformVersion: 5.14.0-427.37.1.el9_4.x86_64  CompilerName: GCC  CompilerVersion: 8.4.0
ProgramName: mris_curvature_stats  ProgramArguments: mris_curvature_stats -all-info  ProgramVersion: 7.3.2  TimeStamp: 2026/03/09-01:35:56-GMT  BuildTime: Aug  4 2022 06:17:15  BuildStamp: freesurfer-linux-ubuntu22_x86_64-7.3.2-20220804-6354275  User: oesteban  Machine: dna007  Platform: Linux  PlatformVersion: 5.14.0-427.37.1.el9_4.x86_64  CompilerName: GCC  CompilerVersion: 8.4.0
ProgramName: mris_diff  ProgramArguments: mris_diff -all-info  ProgramVersion: 7.3.2  TimeStamp: 2026/03/09-01:35:56-GMT  BuildTime: Aug  4 2022 06:17:15  BuildStamp: freesurfer-linux-ubuntu22_x86_64-7.3.2-20220804-6354275  User: oesteban  Machine: dna007  Platform: Linux  PlatformVersion: 5.14.0-427.37.1.el9_4.x86_64  CompilerName: GCC  CompilerVersion: 8.4.0
ProgramName: mris_divide_parcellation  ProgramArguments: mris_divide_parcellation -all-info  ProgramVersion: 7.3.2  TimeStamp: 2026/03/09-01:35:56-GMT  BuildTime: Aug  4 2022 06:17:15  BuildStamp: freesurfer-linux-ubuntu22_x86_64-7.3.2-20220804-6354275  User: oesteban  Machine: dna007  Platform: Linux  PlatformVersion: 5.14.0-427.37.1.el9_4.x86_64  CompilerName: GCC  CompilerVersion: 8.4.0
ProgramName: mri_segment  ProgramArguments: mri_segment -all-info  ProgramVersion: 7.3.2  TimeStamp: 2026/03/09-01:35:56-GMT  BuildTime: Aug  4 2022 06:17:15  BuildStamp: freesurfer-linux-ubuntu22_x86_64-7.3.2-20220804-6354275  User: oesteban  Machine: dna007  Platform: Linux  PlatformVersion: 5.14.0-427.37.1.el9_4.x86_64  CompilerName: GCC  CompilerVersion: 8.4.0
ProgramName: mri_segstats  ProgramArguments: mri_segstats -all-info  ProgramVersion: 7.3.2  TimeStamp: 2026/03/09-01:35:56-GMT  BuildTime: Aug  4 2022 06:17:15  BuildStamp: freesurfer-linux-ubuntu22_x86_64-7.3.2-20220804-6354275  User: oesteban  Machine: dna007  Platform: Linux  PlatformVersion: 5.14.0-427.37.1.el9_4.x86_64  CompilerName: GCC  CompilerVersion: 8.4.0
ProgramName: mris_euler_number  ProgramArguments: mris_euler_number -all-info  ProgramVersion: 7.3.2  TimeStamp: 2026/03/09-01:35:56-GMT  BuildTime: Aug  4 2022 06:17:15  BuildStamp: freesurfer-linux-ubuntu22_x86_64-7.3.2-20220804-6354275  User: oesteban  Machine: dna007  Platform: Linux  PlatformVersion: 5.14.0-427.37.1.el9_4.x86_64  CompilerName: GCC  CompilerVersion: 8.4.0
ProgramName: mris_fix_topology  ProgramArguments: mris_fix_topology -all-info  ProgramVersion: 7.3.2  TimeStamp: 2026/03/09-01:35:56-GMT  BuildTime: Aug  4 2022 06:17:15  BuildStamp: freesurfer-linux-ubuntu22_x86_64-7.3.2-20220804-6354275  User: oesteban  Machine: dna007  Platform: Linux  PlatformVersion: 5.14.0-427.37.1.el9_4.x86_64  CompilerName: GCC  CompilerVersion: 8.4.0
ProgramName: mris_topo_fixer  ProgramArguments: mris_topo_fixer -all-info  ProgramVersion: 7.3.2  TimeStamp: 2026/03/09-01:35:56-GMT  BuildTime: Aug  4 2022 06:17:15  BuildStamp: freesurfer-linux-ubuntu22_x86_64-7.3.2-20220804-6354275  User: oesteban  Machine: dna007  Platform: Linux  PlatformVersion: 5.14.0-427.37.1.el9_4.x86_64  CompilerName: GCC  CompilerVersion: 8.4.0
ProgramName: mris_jacobian  ProgramArguments: mris_jacobian -all-info  ProgramVersion: 7.3.2  TimeStamp: 2026/03/09-01:35:56-GMT  BuildTime: Aug  4 2022 06:17:15  BuildStamp: freesurfer-linux-ubuntu22_x86_64-7.3.2-20220804-6354275  User: oesteban  Machine: dna007  Platform: Linux  PlatformVersion: 5.14.0-427.37.1.el9_4.x86_64  CompilerName: GCC  CompilerVersion: 8.4.0
ProgramName: mris_label2annot  ProgramArguments: mris_label2annot -all-info  ProgramVersion: 7.3.2  TimeStamp: 2026/03/09-01:35:56-GMT  BuildTime: Aug  4 2022 06:17:15  BuildStamp: freesurfer-linux-ubuntu22_x86_64-7.3.2-20220804-6354275  User: oesteban  Machine: dna007  Platform: Linux  PlatformVersion: 5.14.0-427.37.1.el9_4.x86_64  CompilerName: GCC  CompilerVersion: 8.4.0
ProgramName: mris_left_right_register  ProgramArguments: mris_left_right_register -all-info  ProgramVersion: 7.3.2  TimeStamp: 2026/03/09-01:35:56-GMT  BuildTime: Aug  4 2022 06:17:15  BuildStamp: freesurfer-linux-ubuntu22_x86_64-7.3.2-20220804-6354275  User: oesteban  Machine: dna007  Platform: Linux  PlatformVersion: 5.14.0-427.37.1.el9_4.x86_64  CompilerName: GCC  CompilerVersion: 8.4.0
ProgramName: mris_place_surface  ProgramArguments: mris_place_surface -all-info  ProgramVersion: 7.3.2  TimeStamp: 2026/03/09-01:35:56-GMT  BuildTime: Aug  4 2022 06:17:15  BuildStamp: freesurfer-linux-ubuntu22_x86_64-7.3.2-20220804-6354275  User: oesteban  Machine: dna007  Platform: Linux  PlatformVersion: 5.14.0-427.37.1.el9_4.x86_64  CompilerName: GCC  CompilerVersion: 8.4.0
ProgramName: mrisp_paint  ProgramArguments: mrisp_paint -all-info  ProgramVersion: 7.3.2  TimeStamp: 2026/03/09-01:35:56-GMT  BuildTime: Aug  4 2022 06:17:15  BuildStamp: freesurfer-linux-ubuntu22_x86_64-7.3.2-20220804-6354275  User: oesteban  Machine: dna007  Platform: Linux  PlatformVersion: 5.14.0-427.37.1.el9_4.x86_64  CompilerName: GCC  CompilerVersion: 8.4.0
ProgramName: mris_register  ProgramArguments: mris_register -all-info  ProgramVersion: 7.3.2  TimeStamp: 2026/03/09-01:35:56-GMT  BuildTime: Aug  4 2022 06:17:15  BuildStamp: freesurfer-linux-ubuntu22_x86_64-7.3.2-20220804-6354275  User: oesteban  Machine: dna007  Platform: Linux  PlatformVersion: 5.14.0-427.37.1.el9_4.x86_64  CompilerName: GCC  CompilerVersion: 8.4.0
ProgramName: mris_smooth  ProgramArguments: mris_smooth -all-info  ProgramVersion: 7.3.2  TimeStamp: 2026/03/09-01:35:56-GMT  BuildTime: Aug  4 2022 06:17:15  BuildStamp: freesurfer-linux-ubuntu22_x86_64-7.3.2-20220804-6354275  User: oesteban  Machine: dna007  Platform: Linux  PlatformVersion: 5.14.0-427.37.1.el9_4.x86_64  CompilerName: GCC  CompilerVersion: 8.4.0
ProgramName: mris_sphere  ProgramArguments: mris_sphere -all-info  ProgramVersion: 7.3.2  TimeStamp: 2026/03/09-01:35:56-GMT  BuildTime: Aug  4 2022 06:17:15  BuildStamp: freesurfer-linux-ubuntu22_x86_64-7.3.2-20220804-6354275  User: oesteban  Machine: dna007  Platform: Linux  PlatformVersion: 5.14.0-427.37.1.el9_4.x86_64  CompilerName: GCC  CompilerVersion: 8.4.0
ProgramName: mris_surface_stats  ProgramArguments: mris_surface_stats -all-info  ProgramVersion: 7.3.2  TimeStamp: 2026/03/09-01:35:56-GMT  BuildTime: Aug  4 2022 06:17:15  BuildStamp: freesurfer-linux-ubuntu22_x86_64-7.3.2-20220804-6354275  User: oesteban  Machine: dna007  Platform: Linux  PlatformVersion: 5.14.0-427.37.1.el9_4.x86_64  CompilerName: GCC  CompilerVersion: 8.4.0
ProgramName: mri_stats2seg  ProgramArguments: mri_stats2seg -all-info  ProgramVersion: 7.3.2  TimeStamp: 2026/03/09-01:35:56-GMT  BuildTime: Aug  4 2022 06:17:15  BuildStamp: freesurfer-linux-ubuntu22_x86_64-7.3.2-20220804-6354275  User: oesteban  Machine: dna007  Platform: Linux  PlatformVersion: 5.14.0-427.37.1.el9_4.x86_64  CompilerName: GCC  CompilerVersion: 8.4.0
ProgramName: mris_thickness  ProgramArguments: mris_thickness -all-info  ProgramVersion: 7.3.2  TimeStamp: 2026/03/09-01:35:56-GMT  BuildTime: Aug  4 2022 06:17:15  BuildStamp: freesurfer-linux-ubuntu22_x86_64-7.3.2-20220804-6354275  User: oesteban  Machine: dna007  Platform: Linux  PlatformVersion: 5.14.0-427.37.1.el9_4.x86_64  CompilerName: GCC  CompilerVersion: 8.4.0
ProgramName: mris_thickness_diff  ProgramArguments: mris_thickness_diff -all-info  ProgramVersion: 7.3.2  TimeStamp: 2026/03/09-01:35:56-GMT  BuildTime: Aug  4 2022 06:17:15  BuildStamp: freesurfer-linux-ubuntu22_x86_64-7.3.2-20220804-6354275  User: oesteban  Machine: dna007  Platform: Linux  PlatformVersion: 5.14.0-427.37.1.el9_4.x86_64  CompilerName: GCC  CompilerVersion: 8.4.0
ProgramName: mris_topo_fixer  ProgramArguments: mris_topo_fixer -all-info  ProgramVersion: 7.3.2  TimeStamp: 2026/03/09-01:35:56-GMT  BuildTime: Aug  4 2022 06:17:15  BuildStamp: freesurfer-linux-ubuntu22_x86_64-7.3.2-20220804-6354275  User: oesteban  Machine: dna007  Platform: Linux  PlatformVersion: 5.14.0-427.37.1.el9_4.x86_64  CompilerName: GCC  CompilerVersion: 8.4.0
ProgramName: mri_surf2surf  ProgramArguments: mri_surf2surf -all-info  ProgramVersion: 7.3.2  TimeStamp: 2026/03/09-01:35:56-GMT  BuildTime: Aug  4 2022 06:17:15  BuildStamp: freesurfer-linux-ubuntu22_x86_64-7.3.2-20220804-6354275  User: oesteban  Machine: dna007  Platform: Linux  PlatformVersion: 5.14.0-427.37.1.el9_4.x86_64  CompilerName: GCC  CompilerVersion: 8.4.0
ProgramName: mri_surf2vol  ProgramArguments: mri_surf2vol -all-info  ProgramVersion: 7.3.2  TimeStamp: 2026/03/09-01:35:56-GMT  BuildTime: Aug  4 2022 06:17:15  BuildStamp: freesurfer-linux-ubuntu22_x86_64-7.3.2-20220804-6354275  User: oesteban  Machine: dna007  Platform: Linux  PlatformVersion: 5.14.0-427.37.1.el9_4.x86_64  CompilerName: GCC  CompilerVersion: 8.4.0
ProgramName: mri_surfcluster  ProgramArguments: mri_surfcluster -all-info  ProgramVersion: 7.3.2  TimeStamp: 2026/03/09-01:35:56-GMT  BuildTime: Aug  4 2022 06:17:15  BuildStamp: freesurfer-linux-ubuntu22_x86_64-7.3.2-20220804-6354275  User: oesteban  Machine: dna007  Platform: Linux  PlatformVersion: 5.14.0-427.37.1.el9_4.x86_64  CompilerName: GCC  CompilerVersion: 8.4.0
ProgramName: mris_volmask  ProgramArguments: mris_volmask -all-info  ProgramVersion: 7.3.2  TimeStamp: 2026/03/09-01:35:56-GMT  BuildTime: Aug  4 2022 06:17:15  BuildStamp: freesurfer-linux-ubuntu22_x86_64-7.3.2-20220804-6354275  User: oesteban  Machine: dna007  Platform: Linux  PlatformVersion: 5.14.0-427.37.1.el9_4.x86_64  CompilerName: GCC  CompilerVersion: 8.4.0
ProgramName: mri_tessellate  ProgramArguments: mri_tessellate -all-info  ProgramVersion: 7.3.2  TimeStamp: 2026/03/09-01:35:56-GMT  BuildTime: Aug  4 2022 06:17:15  BuildStamp: freesurfer-linux-ubuntu22_x86_64-7.3.2-20220804-6354275  User: oesteban  Machine: dna007  Platform: Linux  PlatformVersion: 5.14.0-427.37.1.el9_4.x86_64  CompilerName: GCC  CompilerVersion: 8.4.0
ProgramName: mri_vol2surf  ProgramArguments: mri_vol2surf -all-info  ProgramVersion: 7.3.2  TimeStamp: 2026/03/09-01:35:56-GMT  BuildTime: Aug  4 2022 06:17:15  BuildStamp: freesurfer-linux-ubuntu22_x86_64-7.3.2-20220804-6354275  User: oesteban  Machine: dna007  Platform: Linux  PlatformVersion: 5.14.0-427.37.1.el9_4.x86_64  CompilerName: GCC  CompilerVersion: 8.4.0
ProgramName: mri_vol2vol  ProgramArguments: mri_vol2vol -all-info  ProgramVersion: 7.3.2  TimeStamp: 2026/03/09-01:35:56-GMT  BuildTime: Aug  4 2022 06:17:15  BuildStamp: freesurfer-linux-ubuntu22_x86_64-7.3.2-20220804-6354275  User: oesteban  Machine: dna007  Platform: Linux  PlatformVersion: 5.14.0-427.37.1.el9_4.x86_64  CompilerName: GCC  CompilerVersion: 8.4.0
ProgramName: mri_voldiff  ProgramArguments: mri_voldiff -all-info  ProgramVersion: 7.3.2  TimeStamp: 2026/03/09-01:35:56-GMT  BuildTime: Aug  4 2022 06:17:15  BuildStamp: freesurfer-linux-ubuntu22_x86_64-7.3.2-20220804-6354275  User: oesteban  Machine: dna007  Platform: Linux  PlatformVersion: 5.14.0-427.37.1.el9_4.x86_64  CompilerName: GCC  CompilerVersion: 8.4.0
ProgramName: mri_watershed  ProgramArguments: mri_watershed -all-info  ProgramVersion: 7.3.2  TimeStamp: 2026/03/09-01:35:56-GMT  BuildTime: Aug  4 2022 06:17:15  BuildStamp: freesurfer-linux-ubuntu22_x86_64-7.3.2-20220804-6354275  User: oesteban  Machine: dna007  Platform: Linux  PlatformVersion: 5.14.0-427.37.1.el9_4.x86_64  CompilerName: GCC  CompilerVersion: 8.4.0
ProgramName: tkregister2  ProgramArguments: tkregister2_cmdl -all-info  ProgramVersion: 7.3.2  TimeStamp: 2026/03/09-01:35:56-GMT  BuildTime: Aug  4 2022 06:17:15  BuildStamp: freesurfer-linux-ubuntu22_x86_64-7.3.2-20220804-6354275  User: oesteban  Machine: dna007  Platform: Linux  PlatformVersion: 5.14.0-427.37.1.el9_4.x86_64  CompilerName: GCC  CompilerVersion: 8.4.0
mri_motion_correct.fsl 7.3.2
mri_convert -all-info 
ProgramName: mri_convert  ProgramArguments: mri_convert -all-info  ProgramVersion: 7.3.2  TimeStamp: 2026/03/09-01:35:56-GMT  BuildTime: Aug  4 2022 06:17:15  BuildStamp: freesurfer-linux-ubuntu22_x86_64-7.3.2-20220804-6354275  User: oesteban  Machine: dna007  Platform: Linux  PlatformVersion: 5.14.0-427.37.1.el9_4.x86_64  CompilerName: GCC  CompilerVersion: 8.4.0
Program nu_correct, built from:
Package MNI N3, version 1.12.0, compiled by nicks@terrier (x86_64-unknown-linux-gnu) on 2015-06-19 at 01:25:34
#######################################
GCADIR /opt/freesurfer/average
GCA RB_all_2020-01-02.gca
GCASkull RB_all_withskull_2020_01_02.gca
AvgCurvTif folding.atlas.acfb40.noaparc.i12.2016-08-02.tif
GCSDIR /opt/freesurfer/average
GCS DKaparc.atlas.acfb40.noaparc.i12.2016-08-02.gcs
#######################################
#--------------------------------------------
#@# AutoDetGWStats rh Mon Mar  9 02:35:56 CET 2026
cd /out/sourcedata/freesurfer/sub-v1s16x0051193_ses-1/mri
mris_autodet_gwstats --o ../surf/autodet.gw.stats.rh.dat --i brain.finalsurfs.mgz --wm wm.mgz --surf ../surf/rh.orig.premesh
  Update not needed
#--------------------------------------------
#@# WhitePreAparc rh Mon Mar  9 02:35:56 CET 2026
cd /out/sourcedata/freesurfer/sub-v1s16x0051193_ses-1/mri
mris_place_surface --adgws-in ../surf/autodet.gw.stats.rh.dat --wm wm.mgz --threads 16 --invol brain.finalsurfs.mgz --rh --i ../surf/rh.orig --o ../surf/rh.white.preaparc --white --seg aseg.presurf.mgz --nsmooth 5
   Update not needed
#--------------------------------------------
#@# CortexLabel rh Mon Mar  9 02:35:56 CET 2026
cd /out/sourcedata/freesurfer/sub-v1s16x0051193_ses-1/mri
mri_label2label --label-cortex ../surf/rh.white.preaparc aseg.presurf.mgz 0 ../label/rh.cortex.label
   Update not needed
#--------------------------------------------
#@# CortexLabel+HipAmyg rh Mon Mar  9 02:35:56 CET 2026
cd /out/sourcedata/freesurfer/sub-v1s16x0051193_ses-1/mri
mri_label2label --label-cortex ../surf/rh.white.preaparc aseg.presurf.mgz 1 ../label/rh.cortex+hipamyg.label
   Update not needed
#@# white curv rh Mon Mar  9 02:35:56 CET 2026
cd /out/sourcedata/freesurfer/sub-v1s16x0051193_ses-1/mri
mris_place_surface --curv-map ../surf/rh.white 2 10 ../surf/rh.curv
   Update not needed
#@# white area rh Mon Mar  9 02:35:56 CET 2026
cd /out/sourcedata/freesurfer/sub-v1s16x0051193_ses-1/mri
mris_place_surface --area-map ../surf/rh.white ../surf/rh.area
   Update not needed
#@# pial curv rh Mon Mar  9 02:35:56 CET 2026
cd /out/sourcedata/freesurfer/sub-v1s16x0051193_ses-1/mri
mris_place_surface --curv-map ../surf/rh.pial 2 10 ../surf/rh.curv.pial
   Update not needed
#@# pial area rh Mon Mar  9 02:35:56 CET 2026
cd /out/sourcedata/freesurfer/sub-v1s16x0051193_ses-1/mri
mris_place_surface --area-map ../surf/rh.pial ../surf/rh.area.pial
   Update not needed
#@# thickness rh Mon Mar  9 02:35:56 CET 2026
cd /out/sourcedata/freesurfer/sub-v1s16x0051193_ses-1/mri
mris_place_surface --thickness ../surf/rh.white ../surf/rh.pial 20 5 ../surf/rh.thickness
   Update not needed
#@# area and vertex vol rh Mon Mar  9 02:35:56 CET 2026
cd /out/sourcedata/freesurfer/sub-v1s16x0051193_ses-1/mri
mris_place_surface --thickness ../surf/rh.white ../surf/rh.pial 20 5 ../surf/rh.thickness
   Update not needed
#-----------------------------------------
#@# Parcellation Stats rh Mon Mar  9 02:35:56 CET 2026
/out/sourcedata/freesurfer/sub-v1s16x0051193_ses-1/scripts

 mris_anatomical_stats -th3 -mgz -noglobal -cortex ../label/rh.cortex.label -f ../stats/rh.aparc.stats -b -a ../label/rh.aparc.annot -c ../label/aparc.annot.ctab sub-v1s16x0051193_ses-1 rh white 

computing statistics for each annotation in ../label/rh.aparc.annot.
reading volume /out/sourcedata/freesurfer/sub-v1s16x0051193_ses-1/mri/wm.mgz...
reading input surface /out/sourcedata/freesurfer/sub-v1s16x0051193_ses-1/surf/rh.white...
reading input pial surface /out/sourcedata/freesurfer/sub-v1s16x0051193_ses-1/surf/rh.pial...
reading input white surface /out/sourcedata/freesurfer/sub-v1s16x0051193_ses-1/surf/rh.white...
INFO: using TH3 volume calc
INFO: assuming MGZ format for volumes.
INFO: not computing global stats
INFO: using ../label/rh.cortex.label as mask to calc cortex NumVert, SurfArea and MeanThickness.
Using TH3 vertex volume calc
Total face volume 226248
Total vertex volume 226037 (mask=0)
Saving annotation colortable ../label/aparc.annot.ctab

table columns are:
    number of vertices
    total surface area (mm^2)
    total gray matter volume (mm^3)
    average cortical thickness +- standard deviation (mm)
    integrated rectified mean curvature
    integrated rectified Gaussian curvature
    folding index
    intrinsic curvature index
    structure name

  938    600   1226  2.319 0.676     0.083     0.013        4     0.5  bankssts
 1123    811   2390  2.788 0.738     0.121     0.030       11     1.5  caudalanteriorcingulate
 2274   1651   4872  2.753 0.701     0.119     0.029       22     2.6  caudalmiddlefrontal
 2515   1900   3625  1.844 0.545     0.142     0.032       30     3.4  cuneus
  600    473   2034  2.651 0.947     0.163     0.050       10     1.2  entorhinal
 4213   2939   8428  2.520 0.709     0.109     0.021       39     3.8  fusiform
 6903   5308  14482  2.383 0.738     0.133     0.033      102     9.8  inferiorparietal
 3739   2789   7289  2.215 0.696     0.133     0.032       59     5.3  inferiortemporal
 1147    748   2498  3.008 0.738     0.116     0.026       18     1.3  isthmuscingulate
 7750   5633  13495  2.074 0.676     0.141     0.036      102    11.6  lateraloccipital
 3409   2492   6814  2.455 0.858     0.139     0.040       39     5.8  lateralorbitofrontal
 5618   3979   8891  2.085 0.642     0.127     0.029       58     6.5  lingual
 2889   2158   6671  2.760 0.919     0.159     0.046       50     5.6  medialorbitofrontal
 3568   2852   8131  2.306 0.732     0.148     0.037       63     5.9  middletemporal
 1163    737   2130  2.584 0.838     0.100     0.020        7     0.9  parahippocampal
 2283   1604   4387  2.501 0.714     0.124     0.028       19     2.7  paracentral
 1305    978   2831  2.550 0.723     0.125     0.030       16     1.6  parsopercularis
  932    752   2461  2.374 0.738     0.133     0.035       14     1.6  parsorbitalis
 1423   1031   2536  2.151 0.709     0.113     0.026       13     1.6  parstriangularis
 2446   1703   2091  1.458 0.392     0.135     0.033       24     3.2  pericalcarine
 5107   3561   7657  1.960 0.713     0.112     0.025       51     5.0  postcentral
 1565   1133   3949  2.899 0.965     0.134     0.031       19     2.2  posteriorcingulate
 5520   3996  10340  2.350 0.659     0.119     0.025       55     5.7  precentral
 5671   4245  13438  2.848 0.707     0.131     0.029       63     6.9  precuneus
  796    579   1619  2.449 0.847     0.144     0.040       10     1.4  rostralanteriorcingulate
 6383   5092  16634  2.614 0.765     0.143     0.037       88    10.5  rostralmiddlefrontal
 9494   6924  25350  3.021 0.757     0.132     0.035      102    13.8  superiorfrontal
 7619   5758  15292  2.285 0.655     0.134     0.032       95    10.2  superiorparietal
 3545   2544   7507  2.448 0.735     0.112     0.025       39     3.7  superiortemporal
 3710   2798   7599  2.462 0.674     0.131     0.033       53     5.1  supramarginal
  423    380   1955  3.245 0.878     0.193     0.062        9     0.9  frontalpole
  406    321    842  2.085 0.618     0.147     0.056        6     0.8  temporalpole
  351    245    672  2.754 0.663     0.138     0.029        4     0.4  transversetemporal
 2696   1748   5898  3.156 1.062     0.097     0.027       16     2.7  insula

 mris_anatomical_stats -th3 -mgz -noglobal -cortex ../label/rh.cortex.label -f ../stats/rh.aparc.pial.stats -b -a ../label/rh.aparc.annot -c ../label/aparc.annot.ctab sub-v1s16x0051193_ses-1 rh pial 

computing statistics for each annotation in ../label/rh.aparc.annot.
reading volume /out/sourcedata/freesurfer/sub-v1s16x0051193_ses-1/mri/wm.mgz...
reading input surface /out/sourcedata/freesurfer/sub-v1s16x0051193_ses-1/surf/rh.pial...
reading input pial surface /out/sourcedata/freesurfer/sub-v1s16x0051193_ses-1/surf/rh.pial...
reading input white surface /out/sourcedata/freesurfer/sub-v1s16x0051193_ses-1/surf/rh.white...
INFO: using TH3 volume calc
INFO: assuming MGZ format for volumes.
INFO: not computing global stats
INFO: using ../label/rh.cortex.label as mask to calc cortex NumVert, SurfArea and MeanThickness.
Using TH3 vertex volume calc
Total face volume 226248
Total vertex volume 226037 (mask=0)
Saving annotation colortable ../label/aparc.annot.ctab

table columns are:
    number of vertices
    total surface area (mm^2)
    total gray matter volume (mm^3)
    average cortical thickness +- standard deviation (mm)
    integrated rectified mean curvature
    integrated rectified Gaussian curvature
    folding index
    intrinsic curvature index
    structure name

  938    510   1226  2.319 0.676     0.111     0.032       16     1.1  bankssts
 1123   1019   2390  2.788 0.738     0.165     0.050       23     2.1  caudalanteriorcingulate
 2274   1980   4872  2.753 0.701     0.147     0.036       37     3.4  caudalmiddlefrontal
 2515   2242   3625  1.844 0.545     0.153     0.037       49     3.7  cuneus
  600   1079   2034  2.651 0.947     0.343     0.099       21     2.8  entorhinal
 4213   3777   8428  2.520 0.709     0.156     0.038       95     6.5  fusiform
 6903   6985  14482  2.383 0.738     0.171     0.040      125    11.5  inferiorparietal
 3739   4108   7289  2.215 0.696     0.181     0.042       65     6.7  inferiortemporal
 1147    996   2498  3.008 0.738     0.184     0.059       51     1.7  isthmuscingulate
 7750   7350  13495  2.074 0.676     0.164     0.039      177    13.0  lateraloccipital
 3409   3144   6814  2.455 0.858     0.171     0.050       59     6.5  lateralorbitofrontal
 5618   4940   8891  2.085 0.642     0.149     0.037      161     8.5  lingual
 2889   2891   6671  2.760 0.919     0.211     0.059      176     7.2  medialorbitofrontal
 3568   4444   8131  2.306 0.732     0.209     0.045       70     6.7  middletemporal
 1163    986   2130  2.584 0.838     0.174     0.054       30     2.7  parahippocampal
 2283   1957   4387  2.501 0.714     0.150     0.041       40     3.7  paracentral
 1305   1301   2831  2.550 0.723     0.179     0.042       31     2.4  parsopercularis
  932   1364   2461  2.374 0.738     0.216     0.042       13     1.9  parsorbitalis
 1423   1427   2536  2.151 0.709     0.174     0.037       19     2.4  parstriangularis
 2446   1430   2091  1.458 0.392     0.121     0.038       77     3.9  pericalcarine
 5107   4577   7657  1.960 0.713     0.145     0.032       69     7.0  postcentral
 1565   1483   3949  2.899 0.965     0.191     0.052       62     3.5  posteriorcingulate
 5520   4825  10340  2.350 0.659     0.138     0.035       92     7.4  precentral
 5671   5250  13438  2.848 0.707     0.166     0.044      145     9.8  precuneus
  796    813   1619  2.449 0.847     0.217     0.054       30     2.0  rostralanteriorcingulate
 6383   7406  16634  2.614 0.765     0.200     0.050      169    13.1  rostralmiddlefrontal
 9494   9593  25350  3.021 0.757     0.180     0.048      269    17.8  superiorfrontal
 7619   7618  15292  2.285 0.655     0.170     0.042      179    12.2  superiorparietal
 3545   3625   7507  2.448 0.735     0.173     0.041       47     5.9  superiortemporal
 3710   3674   7599  2.462 0.674     0.170     0.041       67     6.3  supramarginal
  423    804   1955  3.245 0.878     0.284     0.045        8     1.0  frontalpole
  406    552    842  2.085 0.618     0.277     0.088       13     1.4  temporalpole
  351    258    672  2.754 0.663     0.115     0.025        2     0.5  transversetemporal
 2696   1892   5898  3.156 1.062     0.159     0.055       58     7.3  insula
#-----------------------------------------
#@# Parcellation Stats 2 rh Mon Mar  9 02:36:09 CET 2026
/out/sourcedata/freesurfer/sub-v1s16x0051193_ses-1/scripts

 mris_anatomical_stats -th3 -mgz -noglobal -cortex ../label/rh.cortex.label -f ../stats/rh.aparc.a2009s.stats -b -a ../label/rh.aparc.a2009s.annot -c ../label/aparc.annot.a2009s.ctab sub-v1s16x0051193_ses-1 rh white 

computing statistics for each annotation in ../label/rh.aparc.a2009s.annot.
reading volume /out/sourcedata/freesurfer/sub-v1s16x0051193_ses-1/mri/wm.mgz...
reading input surface /out/sourcedata/freesurfer/sub-v1s16x0051193_ses-1/surf/rh.white...
reading input pial surface /out/sourcedata/freesurfer/sub-v1s16x0051193_ses-1/surf/rh.pial...
reading input white surface /out/sourcedata/freesurfer/sub-v1s16x0051193_ses-1/surf/rh.white...
INFO: using TH3 volume calc
INFO: assuming MGZ format for volumes.
INFO: not computing global stats
INFO: using ../label/rh.cortex.label as mask to calc cortex NumVert, SurfArea and MeanThickness.
Using TH3 vertex volume calc
Total face volume 226248
Total vertex volume 226037 (mask=0)
Saving annotation colortable ../label/aparc.annot.a2009s.ctab

table columns are:
    number of vertices
    total surface area (mm^2)
    total gray matter volume (mm^3)
    average cortical thickness +- standard deviation (mm)
    integrated rectified mean curvature
    integrated rectified Gaussian curvature
    folding index
    intrinsic curvature index
    structure name

  905    726   2878  2.733 0.960     0.145     0.033       11     1.1  G_and_S_frontomargin
 1074    866   2587  2.271 0.759     0.147     0.035       13     1.7  G_and_S_occipital_inf
 1645   1136   2779  2.113 0.697     0.132     0.033       18     2.2  G_and_S_paracentral
  983    763   2460  2.616 0.714     0.129     0.030       14     1.1  G_and_S_subcentral
 1001    823   3596  3.086 0.764     0.166     0.053       20     2.1  G_and_S_transv_frontopol
 3012   2111   6068  2.906 0.690     0.121     0.029       25     3.8  G_and_S_cingul-Ant
 1321    937   2642  2.876 0.656     0.113     0.026       10     1.5  G_and_S_cingul-Mid-Ant
 1395    985   3451  3.047 0.775     0.125     0.030       11     1.9  G_and_S_cingul-Mid-Post
  408    286   1312  3.538 0.676     0.144     0.035        5     0.6  G_cingul-Post-dorsal
  307    208    766  3.027 0.600     0.119     0.036        9     0.5  G_cingul-Post-ventral
 2342   1799   3393  1.728 0.533     0.148     0.035       29     3.5  G_cuneus
  875    723   2624  2.699 0.652     0.151     0.044       17     1.5  G_front_inf-Opercular
  225    167    505  2.217 0.621     0.149     0.043        5     0.5  G_front_inf-Orbital
  512    410   1345  2.449 0.621     0.124     0.032        7     0.6  G_front_inf-Triangul
 2739   2436   8997  2.731 0.797     0.177     0.055       57     6.6  G_front_middle
 6229   4761  20004  3.093 0.850     0.151     0.042       92    10.7  G_front_sup
  462    291   1591  4.038 1.201     0.084     0.025        3     0.5  G_Ins_lg_and_S_cent_ins
  461    307   1497  3.548 0.975     0.111     0.039        5     0.6  G_insular_short
 2317   1859   5975  2.471 0.750     0.159     0.045       46     4.3  G_occipital_middle
 1792   1408   4294  2.466 0.690     0.162     0.041       29     2.9  G_occipital_sup
 1611   1182   4176  2.712 0.663     0.128     0.024       24     1.7  G_oc-temp_lat-fusifor
 3489   2488   5765  2.028 0.683     0.135     0.033       39     4.5  G_oc-temp_med-Lingual
 1245    892   3780  2.735 0.979     0.137     0.038       14     2.0  G_oc-temp_med-Parahip
 2299   1837   6597  2.638 0.851     0.146     0.045       36     4.2  G_orbital
 2383   2080   6293  2.337 0.800     0.171     0.050       61     5.5  G_pariet_inf-Angular
 1658   1381   4653  2.675 0.647     0.159     0.047       37     3.0  G_pariet_inf-Supramar
 2506   1980   5682  2.168 0.682     0.148     0.038       40     4.0  G_parietal_sup
 1772   1293   2838  1.798 0.566     0.133     0.032       25     2.2  G_postcentral
 1860   1505   4613  2.338 0.643     0.138     0.032       27     2.4  G_precentral
 2314   1890   7874  3.031 0.756     0.156     0.040       39     3.9  G_precuneus
  924    708   2524  2.563 1.095     0.172     0.058       19     2.2  G_rectus
  370    316    686  2.674 0.809     0.257     0.101       11     1.8  G_subcallosal
  263    180    573  2.785 0.458     0.123     0.031        3     0.3  G_temp_sup-G_T_transv
 1201    943   3628  2.602 0.760     0.133     0.038       22     1.9  G_temp_sup-Lateral
  831    586   1463  2.563 0.585     0.111     0.033        6     1.0  G_temp_sup-Plan_polar
  604    427   1022  2.140 0.694     0.098     0.015        4     0.4  G_temp_sup-Plan_tempo
 1840   1461   4749  2.459 0.687     0.154     0.041       43     3.2  G_temporal_inf
 2185   1862   5941  2.353 0.764     0.166     0.045       51     4.4  G_temporal_middle
  302    204    285  1.531 0.485     0.090     0.016        1     0.2  Lat_Fis-ant-Horizont
  168    116    246  2.164 0.668     0.093     0.017        1     0.1  Lat_Fis-ant-Vertical
 1196    780   1646  2.367 0.798     0.100     0.019        7     1.0  Lat_Fis-post
 3839   2706   5428  1.851 0.603     0.139     0.037       54     5.4  Pole_occipital
 1096    908   2401  2.133 0.632     0.177     0.065       19     2.8  Pole_temporal
 2772   1892   3050  1.933 0.755     0.124     0.028       25     3.1  S_calcarine
 2355   1521   2328  1.781 0.577     0.094     0.018       13     1.7  S_central
 1237    885   2208  2.540 0.620     0.109     0.022        9     1.1  S_cingul-Marginalis
  452    307    551  2.075 0.598     0.119     0.032        4     0.6  S_circular_insula_ant
  805    505   1255  3.130 0.804     0.069     0.009        2     0.3  S_circular_insula_inf
 1274    835   1808  2.652 0.740     0.103     0.023        6     1.4  S_circular_insula_sup
 1249    801   1914  2.556 0.548     0.074     0.007        4     0.4  S_collat_transv_ant
  575    389    716  2.267 0.576     0.118     0.022        4     0.6  S_collat_transv_post
 1208    820   1845  2.391 0.689     0.105     0.020        7     1.1  S_front_inf
 2019   1455   3766  2.572 0.634     0.122     0.027       19     2.4  S_front_middle
 2002   1458   3966  2.661 0.583     0.118     0.025       16     2.6  S_front_sup
  256    171    330  2.259 0.660     0.111     0.017        1     0.2  S_interm_prim-Jensen
 2821   2009   4380  2.251 0.613     0.109     0.021       22     2.5  S_intrapariet_and_P_trans
  997    668   1247  2.104 0.511     0.115     0.022        7     1.0  S_oc_middle_and_Lunatus
 1483   1042   2454  2.228 0.554     0.119     0.024       12     1.6  S_oc_sup_and_transversal
  545    427   1055  2.026 0.599     0.140     0.034        7     0.9  S_occipital_ant
  968    664   1139  1.781 0.606     0.101     0.018        6     0.8  S_oc-temp_lat
 2538   1680   3533  2.286 0.628     0.095     0.016       16     1.7  S_oc-temp_med_and_Lingual
  242    174    393  2.082 0.516     0.110     0.023        1     0.3  S_orbital_lateral
  624    425    921  2.265 0.567     0.108     0.028        4     0.6  S_orbital_med-olfact
 1284    899   2410  2.377 0.958     0.118     0.025       11     1.6  S_orbital-H_Shaped
 2155   1492   3398  2.593 0.812     0.109     0.020       16     1.8  S_parieto_occipital
 1284    814   1612  2.285 0.851     0.114     0.018       15     1.2  S_pericallosal
 2282   1534   3099  2.348 0.607     0.100     0.019       13     1.8  S_postcentral
 1292    867   2090  2.732 0.693     0.099     0.017        7     1.0  S_precentral-inf-part
 1107    709   1392  2.427 0.567     0.085     0.012        4     0.6  S_precentral-sup-part
  245    179    383  2.707 0.525     0.161     0.027        3     0.3  S_suborbital
 1318    974   2565  2.790 0.469     0.125     0.027       11     1.6  S_subparietal
 1090    767   1287  1.823 0.499     0.134     0.024       12     1.4  S_temporal_inf
 4916   3247   7030  2.315 0.702     0.094     0.016       25     3.5  S_temporal_sup
  168    121    289  2.866 0.712     0.135     0.015        1     0.2  S_temporal_transverse
#-----------------------------------------
#@# Parcellation Stats 3 rh Mon Mar  9 02:36:16 CET 2026
/out/sourcedata/freesurfer/sub-v1s16x0051193_ses-1/scripts

 mris_anatomical_stats -th3 -mgz -noglobal -cortex ../label/rh.cortex.label -f ../stats/rh.aparc.DKTatlas.stats -b -a ../label/rh.aparc.DKTatlas.annot -c ../label/aparc.annot.DKTatlas.ctab sub-v1s16x0051193_ses-1 rh white 

computing statistics for each annotation in ../label/rh.aparc.DKTatlas.annot.
reading volume /out/sourcedata/freesurfer/sub-v1s16x0051193_ses-1/mri/wm.mgz...
reading input surface /out/sourcedata/freesurfer/sub-v1s16x0051193_ses-1/surf/rh.white...
reading input pial surface /out/sourcedata/freesurfer/sub-v1s16x0051193_ses-1/surf/rh.pial...
reading input white surface /out/sourcedata/freesurfer/sub-v1s16x0051193_ses-1/surf/rh.white...
INFO: using TH3 volume calc
INFO: assuming MGZ format for volumes.
INFO: not computing global stats
INFO: using ../label/rh.cortex.label as mask to calc cortex NumVert, SurfArea and MeanThickness.
Using TH3 vertex volume calc
Total face volume 226248
Total vertex volume 226037 (mask=0)
Saving annotation colortable ../label/aparc.annot.DKTatlas.ctab

table columns are:
    number of vertices
    total surface area (mm^2)
    total gray matter volume (mm^3)
    average cortical thickness +- standard deviation (mm)
    integrated rectified mean curvature
    integrated rectified Gaussian curvature
    folding index
    intrinsic curvature index
    structure name

 1206    868   2545  2.811 0.727     0.122     0.029       12     1.6  caudalanteriorcingulate
 2390   1731   5047  2.753 0.698     0.121     0.030       24     2.9  caudalmiddlefrontal
 3004   2255   4543  1.924 0.588     0.140     0.031       34     4.0  cuneus
  545    428   1842  2.672 0.980     0.166     0.049        9     1.1  entorhinal
 3880   2711   8046  2.569 0.708     0.106     0.019       35     3.1  fusiform
 6948   5332  14359  2.363 0.710     0.134     0.033      104     9.9  inferiorparietal
 4204   3125   7998  2.193 0.676     0.133     0.033       64     6.1  inferiortemporal
 1129    735   2433  3.014 0.728     0.116     0.026       17     1.3  isthmuscingulate
 7894   5733  13823  2.078 0.678     0.140     0.035      103    11.5  lateraloccipital
 3822   2839   9093  2.578 0.889     0.136     0.038       45     5.9  lateralorbitofrontal
 5485   3876   8709  2.087 0.638     0.127     0.029       58     6.4  lingual
 2291   1743   5415  2.644 0.923     0.171     0.052       43     5.2  medialorbitofrontal
 4281   3338   9324  2.344 0.741     0.142     0.034       68     6.6  middletemporal
 1256    801   2285  2.573 0.826     0.101     0.020        8     1.0  parahippocampal
 2409   1694   4614  2.518 0.711     0.124     0.029       20     2.9  paracentral
 1465   1084   3056  2.524 0.728     0.119     0.028       17     1.6  parsopercularis
  772    572   1569  2.112 0.694     0.115     0.031        9     1.2  parsorbitalis
 1407   1026   2525  2.167 0.680     0.117     0.029       15     1.7  parstriangularis
 2393   1676   2046  1.453 0.391     0.134     0.032       23     3.1  pericalcarine
 5626   3925   8533  1.981 0.710     0.115     0.026       58     5.8  postcentral
 1597   1158   3991  2.881 0.962     0.134     0.031       20     2.3  posteriorcingulate
 5237   3811  10109  2.365 0.666     0.119     0.026       52     5.5  precentral
 5791   4421  14238  2.848 0.707     0.134     0.030       68     7.2  precuneus
 1053    776   2183  2.634 0.918     0.156     0.046       17     2.1  rostralanteriorcingulate
 4380   3473  10369  2.479 0.704     0.142     0.035       55     7.1  rostralmiddlefrontal
11992   8943  32726  2.993 0.774     0.135     0.035      142    17.9  superiorfrontal
 6221   4675  12077  2.261 0.659     0.133     0.032       78     8.3  superiorparietal
 4610   3266   9121  2.394 0.753     0.111     0.027       48     4.9  superiortemporal
 3497   2644   7213  2.450 0.694     0.131     0.033       49     4.8  supramarginal
  358    251    695  2.710 0.666     0.134     0.029        4     0.4  transversetemporal
 2381   1553   5509  3.265 1.017     0.097     0.026       14     2.4  insula
/out/sourcedata/freesurfer/sub-v1s16x0051193_ses-1/label
#--------------------------------------------
#@# BA_exvivo Labels rh Mon Mar  9 02:36:22 CET 2026

 mri_label2label --srcsubject fsaverage --srclabel /out/sourcedata/freesurfer/fsaverage/label/rh.BA1_exvivo.label --trgsubject sub-v1s16x0051193_ses-1 --trglabel ./rh.BA1_exvivo.label --hemi rh --regmethod surface 


srclabel = /out/sourcedata/freesurfer/fsaverage/label/rh.BA1_exvivo.label
srcsubject = fsaverage
trgsubject = sub-v1s16x0051193_ses-1
trglabel = ./rh.BA1_exvivo.label
regmethod = surface

srchemi = rh
trghemi = rh
trgsurface = white
srcsurfreg = sphere.reg
trgsurfreg = sphere.reg
usehash = 1
Use ProjAbs  = 0, 0
Use ProjFrac = 0, 0
DoPaint 0

SUBJECTS_DIR    /out/sourcedata/freesurfer
FREESURFER_HOME /opt/freesurfer
Loading source label.
Found 3962 points in source label.
Starting surface-based mapping
Reading source registration 
 /out/sourcedata/freesurfer/fsaverage/surf/rh.sphere.reg
Rescaling ...  original radius = 100
Reading target surface 
 /out/sourcedata/freesurfer/sub-v1s16x0051193_ses-1/surf/rh.white
Reading target registration 
 /out/sourcedata/freesurfer/sub-v1s16x0051193_ses-1/surf/rh.sphere.reg
Rescaling ...  original radius = 100
Building target registration hash (res=16).
Building source registration hash (res=16).
INFO: found  3962 nlabel points
Performing mapping from target back to the source label 116606
Number of reverse mapping hits = 127
Checking for and removing duplicates
Writing label file ./rh.BA1_exvivo.label 4089
mri_label2label: Done


 mri_label2label --srcsubject fsaverage --srclabel /out/sourcedata/freesurfer/fsaverage/label/rh.BA2_exvivo.label --trgsubject sub-v1s16x0051193_ses-1 --trglabel ./rh.BA2_exvivo.label --hemi rh --regmethod surface 


srclabel = /out/sourcedata/freesurfer/fsaverage/label/rh.BA2_exvivo.label
srcsubject = fsaverage
trgsubject = sub-v1s16x0051193_ses-1
trglabel = ./rh.BA2_exvivo.label
regmethod = surface

srchemi = rh
trghemi = rh
trgsurface = white
srcsurfreg = sphere.reg
trgsurfreg = sphere.reg
usehash = 1
Use ProjAbs  = 0, 0
Use ProjFrac = 0, 0
DoPaint 0

SUBJECTS_DIR    /out/sourcedata/freesurfer
FREESURFER_HOME /opt/freesurfer
Loading source label.
Found 6687 points in source label.
Starting surface-based mapping
Reading source registration 
 /out/sourcedata/freesurfer/fsaverage/surf/rh.sphere.reg
Rescaling ...  original radius = 100
Reading target surface 
 /out/sourcedata/freesurfer/sub-v1s16x0051193_ses-1/surf/rh.white
Reading target registration 
 /out/sourcedata/freesurfer/sub-v1s16x0051193_ses-1/surf/rh.sphere.reg
Rescaling ...  original radius = 100
Building target registration hash (res=16).
Building source registration hash (res=16).
INFO: found  6687 nlabel points
Performing mapping from target back to the source label 116606
Number of reverse mapping hits = 151
Checking for and removing duplicates
Writing label file ./rh.BA2_exvivo.label 6838
mri_label2label: Done


 mri_label2label --srcsubject fsaverage --srclabel /out/sourcedata/freesurfer/fsaverage/label/rh.BA3a_exvivo.label --trgsubject sub-v1s16x0051193_ses-1 --trglabel ./rh.BA3a_exvivo.label --hemi rh --regmethod surface 


srclabel = /out/sourcedata/freesurfer/fsaverage/label/rh.BA3a_exvivo.label
srcsubject = fsaverage
trgsubject = sub-v1s16x0051193_ses-1
trglabel = ./rh.BA3a_exvivo.label
regmethod = surface

srchemi = rh
trghemi = rh
trgsurface = white
srcsurfreg = sphere.reg
trgsurfreg = sphere.reg
usehash = 1
Use ProjAbs  = 0, 0
Use ProjFrac = 0, 0
DoPaint 0

SUBJECTS_DIR    /out/sourcedata/freesurfer
FREESURFER_HOME /opt/freesurfer
Loading source label.
Found 3980 points in source label.
Starting surface-based mapping
Reading source registration 
 /out/sourcedata/freesurfer/fsaverage/surf/rh.sphere.reg
Rescaling ...  original radius = 100
Reading target surface 
 /out/sourcedata/freesurfer/sub-v1s16x0051193_ses-1/surf/rh.white
Reading target registration 
 /out/sourcedata/freesurfer/sub-v1s16x0051193_ses-1/surf/rh.sphere.reg
Rescaling ...  original radius = 100
Building target registration hash (res=16).
Building source registration hash (res=16).
INFO: found  3980 nlabel points
Performing mapping from target back to the source label 116606
Number of reverse mapping hits = 16
Checking for and removing duplicates
Writing label file ./rh.BA3a_exvivo.label 3996
mri_label2label: Done


 mri_label2label --srcsubject fsaverage --srclabel /out/sourcedata/freesurfer/fsaverage/label/rh.BA3b_exvivo.label --trgsubject sub-v1s16x0051193_ses-1 --trglabel ./rh.BA3b_exvivo.label --hemi rh --regmethod surface 


srclabel = /out/sourcedata/freesurfer/fsaverage/label/rh.BA3b_exvivo.label
srcsubject = fsaverage
trgsubject = sub-v1s16x0051193_ses-1
trglabel = ./rh.BA3b_exvivo.label
regmethod = surface

srchemi = rh
trghemi = rh
trgsurface = white
srcsurfreg = sphere.reg
trgsurfreg = sphere.reg
usehash = 1
Use ProjAbs  = 0, 0
Use ProjFrac = 0, 0
DoPaint 0

SUBJECTS_DIR    /out/sourcedata/freesurfer
FREESURFER_HOME /opt/freesurfer
Loading source label.
Found 4522 points in source label.
Starting surface-based mapping
Reading source registration 
 /out/sourcedata/freesurfer/fsaverage/surf/rh.sphere.reg
Rescaling ...  original radius = 100
Reading target surface 
 /out/sourcedata/freesurfer/sub-v1s16x0051193_ses-1/surf/rh.white
Reading target registration 
 /out/sourcedata/freesurfer/sub-v1s16x0051193_ses-1/surf/rh.sphere.reg
Rescaling ...  original radius = 100
Building target registration hash (res=16).
Building source registration hash (res=16).
INFO: found  4522 nlabel points
Performing mapping from target back to the source label 116606
Number of reverse mapping hits = 98
Checking for and removing duplicates
Writing label file ./rh.BA3b_exvivo.label 4620
mri_label2label: Done


 mri_label2label --srcsubject fsaverage --srclabel /out/sourcedata/freesurfer/fsaverage/label/rh.BA4a_exvivo.label --trgsubject sub-v1s16x0051193_ses-1 --trglabel ./rh.BA4a_exvivo.label --hemi rh --regmethod surface 


srclabel = /out/sourcedata/freesurfer/fsaverage/label/rh.BA4a_exvivo.label
srcsubject = fsaverage
trgsubject = sub-v1s16x0051193_ses-1
trglabel = ./rh.BA4a_exvivo.label
regmethod = surface

srchemi = rh
trghemi = rh
trgsurface = white
srcsurfreg = sphere.reg
trgsurfreg = sphere.reg
usehash = 1
Use ProjAbs  = 0, 0
Use ProjFrac = 0, 0
DoPaint 0

SUBJECTS_DIR    /out/sourcedata/freesurfer
FREESURFER_HOME /opt/freesurfer
Loading source label.
Found 5747 points in source label.
Starting surface-based mapping
Reading source registration 
 /out/sourcedata/freesurfer/fsaverage/surf/rh.sphere.reg
Rescaling ...  original radius = 100
Reading target surface 
 /out/sourcedata/freesurfer/sub-v1s16x0051193_ses-1/surf/rh.white
Reading target registration 
 /out/sourcedata/freesurfer/sub-v1s16x0051193_ses-1/surf/rh.sphere.reg
Rescaling ...  original radius = 100
Building target registration hash (res=16).
Building source registration hash (res=16).
INFO: found  5747 nlabel points
Performing mapping from target back to the source label 116606
Number of reverse mapping hits = 73
Checking for and removing duplicates
Writing label file ./rh.BA4a_exvivo.label 5820
mri_label2label: Done


 mri_label2label --srcsubject fsaverage --srclabel /out/sourcedata/freesurfer/fsaverage/label/rh.BA4p_exvivo.label --trgsubject sub-v1s16x0051193_ses-1 --trglabel ./rh.BA4p_exvivo.label --hemi rh --regmethod surface 


srclabel = /out/sourcedata/freesurfer/fsaverage/label/rh.BA4p_exvivo.label
srcsubject = fsaverage
trgsubject = sub-v1s16x0051193_ses-1
trglabel = ./rh.BA4p_exvivo.label
regmethod = surface

srchemi = rh
trghemi = rh
trgsurface = white
srcsurfreg = sphere.reg
trgsurfreg = sphere.reg
usehash = 1
Use ProjAbs  = 0, 0
Use ProjFrac = 0, 0
DoPaint 0

SUBJECTS_DIR    /out/sourcedata/freesurfer
FREESURFER_HOME /opt/freesurfer
Loading source label.
Found 4473 points in source label.
Starting surface-based mapping
Reading source registration 
 /out/sourcedata/freesurfer/fsaverage/surf/rh.sphere.reg
Rescaling ...  original radius = 100
Reading target surface 
 /out/sourcedata/freesurfer/sub-v1s16x0051193_ses-1/surf/rh.white
Reading target registration 
 /out/sourcedata/freesurfer/sub-v1s16x0051193_ses-1/surf/rh.sphere.reg
Rescaling ...  original radius = 100
Building target registration hash (res=16).
Building source registration hash (res=16).
INFO: found  4473 nlabel points
Performing mapping from target back to the source label 116606
Number of reverse mapping hits = 24
Checking for and removing duplicates
Writing label file ./rh.BA4p_exvivo.label 4497
mri_label2label: Done


 mri_label2label --srcsubject fsaverage --srclabel /out/sourcedata/freesurfer/fsaverage/label/rh.BA6_exvivo.label --trgsubject sub-v1s16x0051193_ses-1 --trglabel ./rh.BA6_exvivo.label --hemi rh --regmethod surface 


srclabel = /out/sourcedata/freesurfer/fsaverage/label/rh.BA6_exvivo.label
srcsubject = fsaverage
trgsubject = sub-v1s16x0051193_ses-1
trglabel = ./rh.BA6_exvivo.label
regmethod = surface

srchemi = rh
trghemi = rh
trgsurface = white
srcsurfreg = sphere.reg
trgsurfreg = sphere.reg
usehash = 1
Use ProjAbs  = 0, 0
Use ProjFrac = 0, 0
DoPaint 0

SUBJECTS_DIR    /out/sourcedata/freesurfer
FREESURFER_HOME /opt/freesurfer
Loading source label.
Found 12256 points in source label.
Starting surface-based mapping
Reading source registration 
 /out/sourcedata/freesurfer/fsaverage/surf/rh.sphere.reg
Rescaling ...  original radius = 100
Reading target surface 
 /out/sourcedata/freesurfer/sub-v1s16x0051193_ses-1/surf/rh.white
Reading target registration 
 /out/sourcedata/freesurfer/sub-v1s16x0051193_ses-1/surf/rh.sphere.reg
Rescaling ...  original radius = 100
Building target registration hash (res=16).
Building source registration hash (res=16).
INFO: found  12256 nlabel points
Performing mapping from target back to the source label 116606
Number of reverse mapping hits = 160
Checking for and removing duplicates
Writing label file ./rh.BA6_exvivo.label 12416
mri_label2label: Done


 mri_label2label --srcsubject fsaverage --srclabel /out/sourcedata/freesurfer/fsaverage/label/rh.BA44_exvivo.label --trgsubject sub-v1s16x0051193_ses-1 --trglabel ./rh.BA44_exvivo.label --hemi rh --regmethod surface 


srclabel = /out/sourcedata/freesurfer/fsaverage/label/rh.BA44_exvivo.label
srcsubject = fsaverage
trgsubject = sub-v1s16x0051193_ses-1
trglabel = ./rh.BA44_exvivo.label
regmethod = surface

srchemi = rh
trghemi = rh
trgsurface = white
srcsurfreg = sphere.reg
trgsurfreg = sphere.reg
usehash = 1
Use ProjAbs  = 0, 0
Use ProjFrac = 0, 0
DoPaint 0

SUBJECTS_DIR    /out/sourcedata/freesurfer
FREESURFER_HOME /opt/freesurfer
Loading source label.
Found 6912 points in source label.
Starting surface-based mapping
Reading source registration 
 /out/sourcedata/freesurfer/fsaverage/surf/rh.sphere.reg
Rescaling ...  original radius = 100
Reading target surface 
 /out/sourcedata/freesurfer/sub-v1s16x0051193_ses-1/surf/rh.white
Reading target registration 
 /out/sourcedata/freesurfer/sub-v1s16x0051193_ses-1/surf/rh.sphere.reg
Rescaling ...  original radius = 100
Building target registration hash (res=16).
Building source registration hash (res=16).
INFO: found  6912 nlabel points
Performing mapping from target back to the source label 116606
Number of reverse mapping hits = 78
Checking for and removing duplicates
Writing label file ./rh.BA44_exvivo.label 6990
mri_label2label: Done


 mri_label2label --srcsubject fsaverage --srclabel /out/sourcedata/freesurfer/fsaverage/label/rh.BA45_exvivo.label --trgsubject sub-v1s16x0051193_ses-1 --trglabel ./rh.BA45_exvivo.label --hemi rh --regmethod surface 


srclabel = /out/sourcedata/freesurfer/fsaverage/label/rh.BA45_exvivo.label
srcsubject = fsaverage
trgsubject = sub-v1s16x0051193_ses-1
trglabel = ./rh.BA45_exvivo.label
regmethod = surface

srchemi = rh
trghemi = rh
trgsurface = white
srcsurfreg = sphere.reg
trgsurfreg = sphere.reg
usehash = 1
Use ProjAbs  = 0, 0
Use ProjFrac = 0, 0
DoPaint 0

SUBJECTS_DIR    /out/sourcedata/freesurfer
FREESURFER_HOME /opt/freesurfer
Loading source label.
Found 5355 points in source label.
Starting surface-based mapping
Reading source registration 
 /out/sourcedata/freesurfer/fsaverage/surf/rh.sphere.reg
Rescaling ...  original radius = 100
Reading target surface 
 /out/sourcedata/freesurfer/sub-v1s16x0051193_ses-1/surf/rh.white
Reading target registration 
 /out/sourcedata/freesurfer/sub-v1s16x0051193_ses-1/surf/rh.sphere.reg
Rescaling ...  original radius = 100
Building target registration hash (res=16).
Building source registration hash (res=16).
INFO: found  5355 nlabel points
Performing mapping from target back to the source label 116606
Number of reverse mapping hits = 120
Checking for and removing duplicates
Writing label file ./rh.BA45_exvivo.label 5475
mri_label2label: Done


 mri_label2label --srcsubject fsaverage --srclabel /out/sourcedata/freesurfer/fsaverage/label/rh.V1_exvivo.label --trgsubject sub-v1s16x0051193_ses-1 --trglabel ./rh.V1_exvivo.label --hemi rh --regmethod surface 


srclabel = /out/sourcedata/freesurfer/fsaverage/label/rh.V1_exvivo.label
srcsubject = fsaverage
trgsubject = sub-v1s16x0051193_ses-1
trglabel = ./rh.V1_exvivo.label
regmethod = surface

srchemi = rh
trghemi = rh
trgsurface = white
srcsurfreg = sphere.reg
trgsurfreg = sphere.reg
usehash = 1
Use ProjAbs  = 0, 0
Use ProjFrac = 0, 0
DoPaint 0

SUBJECTS_DIR    /out/sourcedata/freesurfer
FREESURFER_HOME /opt/freesurfer
Loading source label.
Found 4727 points in source label.
Starting surface-based mapping
Reading source registration 
 /out/sourcedata/freesurfer/fsaverage/surf/rh.sphere.reg
Rescaling ...  original radius = 100
Reading target surface 
 /out/sourcedata/freesurfer/sub-v1s16x0051193_ses-1/surf/rh.white
Reading target registration 
 /out/sourcedata/freesurfer/sub-v1s16x0051193_ses-1/surf/rh.sphere.reg
Rescaling ...  original radius = 100
Building target registration hash (res=16).
Building source registration hash (res=16).
INFO: found  4727 nlabel points
Performing mapping from target back to the source label 116606
Number of reverse mapping hits = 1826
Checking for and removing duplicates
Writing label file ./rh.V1_exvivo.label 6553
mri_label2label: Done


 mri_label2label --srcsubject fsaverage --srclabel /out/sourcedata/freesurfer/fsaverage/label/rh.V2_exvivo.label --trgsubject sub-v1s16x0051193_ses-1 --trglabel ./rh.V2_exvivo.label --hemi rh --regmethod surface 


srclabel = /out/sourcedata/freesurfer/fsaverage/label/rh.V2_exvivo.label
srcsubject = fsaverage
trgsubject = sub-v1s16x0051193_ses-1
trglabel = ./rh.V2_exvivo.label
regmethod = surface

srchemi = rh
trghemi = rh
trgsurface = white
srcsurfreg = sphere.reg
trgsurfreg = sphere.reg
usehash = 1
Use ProjAbs  = 0, 0
Use ProjFrac = 0, 0
DoPaint 0

SUBJECTS_DIR    /out/sourcedata/freesurfer
FREESURFER_HOME /opt/freesurfer
Loading source label.
Found 8016 points in source label.
Starting surface-based mapping
Reading source registration 
 /out/sourcedata/freesurfer/fsaverage/surf/rh.sphere.reg
Rescaling ...  original radius = 100
Reading target surface 
 /out/sourcedata/freesurfer/sub-v1s16x0051193_ses-1/surf/rh.white
Reading target registration 
 /out/sourcedata/freesurfer/sub-v1s16x0051193_ses-1/surf/rh.sphere.reg
Rescaling ...  original radius = 100
Building target registration hash (res=16).
Building source registration hash (res=16).
INFO: found  8016 nlabel points
Performing mapping from target back to the source label 116606
Number of reverse mapping hits = 3424
Checking for and removing duplicates
Writing label file ./rh.V2_exvivo.label 11440
mri_label2label: Done


 mri_label2label --srcsubject fsaverage --srclabel /out/sourcedata/freesurfer/fsaverage/label/rh.MT_exvivo.label --trgsubject sub-v1s16x0051193_ses-1 --trglabel ./rh.MT_exvivo.label --hemi rh --regmethod surface 


srclabel = /out/sourcedata/freesurfer/fsaverage/label/rh.MT_exvivo.label
srcsubject = fsaverage
trgsubject = sub-v1s16x0051193_ses-1
trglabel = ./rh.MT_exvivo.label
regmethod = surface

srchemi = rh
trghemi = rh
trgsurface = white
srcsurfreg = sphere.reg
trgsurfreg = sphere.reg
usehash = 1
Use ProjAbs  = 0, 0
Use ProjFrac = 0, 0
DoPaint 0

SUBJECTS_DIR    /out/sourcedata/freesurfer
FREESURFER_HOME /opt/freesurfer
Loading source label.
Found 1932 points in source label.
Starting surface-based mapping
Reading source registration 
 /out/sourcedata/freesurfer/fsaverage/surf/rh.sphere.reg
Rescaling ...  original radius = 100
Reading target surface 
 /out/sourcedata/freesurfer/sub-v1s16x0051193_ses-1/surf/rh.white
Reading target registration 
 /out/sourcedata/freesurfer/sub-v1s16x0051193_ses-1/surf/rh.sphere.reg
Rescaling ...  original radius = 100
Building target registration hash (res=16).
Building source registration hash (res=16).
INFO: found  1932 nlabel points
Performing mapping from target back to the source label 116606
Number of reverse mapping hits = 286
Checking for and removing duplicates
Writing label file ./rh.MT_exvivo.label 2218
mri_label2label: Done


 mri_label2label --srcsubject fsaverage --srclabel /out/sourcedata/freesurfer/fsaverage/label/rh.entorhinal_exvivo.label --trgsubject sub-v1s16x0051193_ses-1 --trglabel ./rh.entorhinal_exvivo.label --hemi rh --regmethod surface 


srclabel = /out/sourcedata/freesurfer/fsaverage/label/rh.entorhinal_exvivo.label
srcsubject = fsaverage
trgsubject = sub-v1s16x0051193_ses-1
trglabel = ./rh.entorhinal_exvivo.label
regmethod = surface

srchemi = rh
trghemi = rh
trgsurface = white
srcsurfreg = sphere.reg
trgsurfreg = sphere.reg
usehash = 1
Use ProjAbs  = 0, 0
Use ProjFrac = 0, 0
DoPaint 0

SUBJECTS_DIR    /out/sourcedata/freesurfer
FREESURFER_HOME /opt/freesurfer
Loading source label.
Found 1038 points in source label.
Starting surface-based mapping
Reading source registration 
 /out/sourcedata/freesurfer/fsaverage/surf/rh.sphere.reg
Rescaling ...  original radius = 100
Reading target surface 
 /out/sourcedata/freesurfer/sub-v1s16x0051193_ses-1/surf/rh.white
Reading target registration 
 /out/sourcedata/freesurfer/sub-v1s16x0051193_ses-1/surf/rh.sphere.reg
Rescaling ...  original radius = 100
Building target registration hash (res=16).
Building source registration hash (res=16).
INFO: found  1038 nlabel points
Performing mapping from target back to the source label 116606
Number of reverse mapping hits = 113
Checking for and removing duplicates
Writing label file ./rh.entorhinal_exvivo.label 1151
mri_label2label: Done


 mri_label2label --srcsubject fsaverage --srclabel /out/sourcedata/freesurfer/fsaverage/label/rh.perirhinal_exvivo.label --trgsubject sub-v1s16x0051193_ses-1 --trglabel ./rh.perirhinal_exvivo.label --hemi rh --regmethod surface 


srclabel = /out/sourcedata/freesurfer/fsaverage/label/rh.perirhinal_exvivo.label
srcsubject = fsaverage
trgsubject = sub-v1s16x0051193_ses-1
trglabel = ./rh.perirhinal_exvivo.label
regmethod = surface

srchemi = rh
trghemi = rh
trgsurface = white
srcsurfreg = sphere.reg
trgsurfreg = sphere.reg
usehash = 1
Use ProjAbs  = 0, 0
Use ProjFrac = 0, 0
DoPaint 0

SUBJECTS_DIR    /out/sourcedata/freesurfer
FREESURFER_HOME /opt/freesurfer
Loading source label.
Found 752 points in source label.
Starting surface-based mapping
Reading source registration 
 /out/sourcedata/freesurfer/fsaverage/surf/rh.sphere.reg
Rescaling ...  original radius = 100
Reading target surface 
 /out/sourcedata/freesurfer/sub-v1s16x0051193_ses-1/surf/rh.white
Reading target registration 
 /out/sourcedata/freesurfer/sub-v1s16x0051193_ses-1/surf/rh.sphere.reg
Rescaling ...  original radius = 100
Building target registration hash (res=16).
Building source registration hash (res=16).
INFO: found  752 nlabel points
Performing mapping from target back to the source label 116606
Number of reverse mapping hits = 67
Checking for and removing duplicates
Writing label file ./rh.perirhinal_exvivo.label 819
mri_label2label: Done


 mri_label2label --srcsubject fsaverage --srclabel /out/sourcedata/freesurfer/fsaverage/label/rh.FG1.mpm.vpnl.label --trgsubject sub-v1s16x0051193_ses-1 --trglabel ./rh.FG1.mpm.vpnl.label --hemi rh --regmethod surface 


srclabel = /out/sourcedata/freesurfer/fsaverage/label/rh.FG1.mpm.vpnl.label
srcsubject = fsaverage
trgsubject = sub-v1s16x0051193_ses-1
trglabel = ./rh.FG1.mpm.vpnl.label
regmethod = surface

srchemi = rh
trghemi = rh
trgsurface = white
srcsurfreg = sphere.reg
trgsurfreg = sphere.reg
usehash = 1
Use ProjAbs  = 0, 0
Use ProjFrac = 0, 0
DoPaint 0

SUBJECTS_DIR    /out/sourcedata/freesurfer
FREESURFER_HOME /opt/freesurfer
Loading source label.
Found 541 points in source label.
Starting surface-based mapping
Reading source registration 
 /out/sourcedata/freesurfer/fsaverage/surf/rh.sphere.reg
Rescaling ...  original radius = 100
Reading target surface 
 /out/sourcedata/freesurfer/sub-v1s16x0051193_ses-1/surf/rh.white
Reading target registration 
 /out/sourcedata/freesurfer/sub-v1s16x0051193_ses-1/surf/rh.sphere.reg
Rescaling ...  original radius = 100
Building target registration hash (res=16).
Building source registration hash (res=16).
INFO: found  541 nlabel points
Performing mapping from target back to the source label 116606
Number of reverse mapping hits = 213
Checking for and removing duplicates
Writing label file ./rh.FG1.mpm.vpnl.label 754
mri_label2label: Done


 mri_label2label --srcsubject fsaverage --srclabel /out/sourcedata/freesurfer/fsaverage/label/rh.FG2.mpm.vpnl.label --trgsubject sub-v1s16x0051193_ses-1 --trglabel ./rh.FG2.mpm.vpnl.label --hemi rh --regmethod surface 


srclabel = /out/sourcedata/freesurfer/fsaverage/label/rh.FG2.mpm.vpnl.label
srcsubject = fsaverage
trgsubject = sub-v1s16x0051193_ses-1
trglabel = ./rh.FG2.mpm.vpnl.label
regmethod = surface

srchemi = rh
trghemi = rh
trgsurface = white
srcsurfreg = sphere.reg
trgsurfreg = sphere.reg
usehash = 1
Use ProjAbs  = 0, 0
Use ProjFrac = 0, 0
DoPaint 0

SUBJECTS_DIR    /out/sourcedata/freesurfer
FREESURFER_HOME /opt/freesurfer
Loading source label.
Found 721 points in source label.
Starting surface-based mapping
Reading source registration 
 /out/sourcedata/freesurfer/fsaverage/surf/rh.sphere.reg
Rescaling ...  original radius = 100
Reading target surface 
 /out/sourcedata/freesurfer/sub-v1s16x0051193_ses-1/surf/rh.white
Reading target registration 
 /out/sourcedata/freesurfer/sub-v1s16x0051193_ses-1/surf/rh.sphere.reg
Rescaling ...  original radius = 100
Building target registration hash (res=16).
Building source registration hash (res=16).
INFO: found  721 nlabel points
Performing mapping from target back to the source label 116606
Number of reverse mapping hits = 126
Checking for and removing duplicates
Writing label file ./rh.FG2.mpm.vpnl.label 847
mri_label2label: Done


 mri_label2label --srcsubject fsaverage --srclabel /out/sourcedata/freesurfer/fsaverage/label/rh.FG3.mpm.vpnl.label --trgsubject sub-v1s16x0051193_ses-1 --trglabel ./rh.FG3.mpm.vpnl.label --hemi rh --regmethod surface 


srclabel = /out/sourcedata/freesurfer/fsaverage/label/rh.FG3.mpm.vpnl.label
srcsubject = fsaverage
trgsubject = sub-v1s16x0051193_ses-1
trglabel = ./rh.FG3.mpm.vpnl.label
regmethod = surface

srchemi = rh
trghemi = rh
trgsurface = white
srcsurfreg = sphere.reg
trgsurfreg = sphere.reg
usehash = 1
Use ProjAbs  = 0, 0
Use ProjFrac = 0, 0
DoPaint 0

SUBJECTS_DIR    /out/sourcedata/freesurfer
FREESURFER_HOME /opt/freesurfer
Loading source label.
Found 1523 points in source label.
Starting surface-based mapping
Reading source registration 
 /out/sourcedata/freesurfer/fsaverage/surf/rh.sphere.reg
Rescaling ...  original radius = 100
Reading target surface 
 /out/sourcedata/freesurfer/sub-v1s16x0051193_ses-1/surf/rh.white
Reading target registration 
 /out/sourcedata/freesurfer/sub-v1s16x0051193_ses-1/surf/rh.sphere.reg
Rescaling ...  original radius = 100
Building target registration hash (res=16).
Building source registration hash (res=16).
INFO: found  1523 nlabel points
Performing mapping from target back to the source label 116606
Number of reverse mapping hits = 383
Checking for and removing duplicates
Writing label file ./rh.FG3.mpm.vpnl.label 1906
mri_label2label: Done


 mri_label2label --srcsubject fsaverage --srclabel /out/sourcedata/freesurfer/fsaverage/label/rh.FG4.mpm.vpnl.label --trgsubject sub-v1s16x0051193_ses-1 --trglabel ./rh.FG4.mpm.vpnl.label --hemi rh --regmethod surface 


srclabel = /out/sourcedata/freesurfer/fsaverage/label/rh.FG4.mpm.vpnl.label
srcsubject = fsaverage
trgsubject = sub-v1s16x0051193_ses-1
trglabel = ./rh.FG4.mpm.vpnl.label
regmethod = surface

srchemi = rh
trghemi = rh
trgsurface = white
srcsurfreg = sphere.reg
trgsurfreg = sphere.reg
usehash = 1
Use ProjAbs  = 0, 0
Use ProjFrac = 0, 0
DoPaint 0

SUBJECTS_DIR    /out/sourcedata/freesurfer
FREESURFER_HOME /opt/freesurfer
Loading source label.
Found 1586 points in source label.
Starting surface-based mapping
Reading source registration 
 /out/sourcedata/freesurfer/fsaverage/surf/rh.sphere.reg
Rescaling ...  original radius = 100
Reading target surface 
 /out/sourcedata/freesurfer/sub-v1s16x0051193_ses-1/surf/rh.white
Reading target registration 
 /out/sourcedata/freesurfer/sub-v1s16x0051193_ses-1/surf/rh.sphere.reg
Rescaling ...  original radius = 100
Building target registration hash (res=16).
Building source registration hash (res=16).
INFO: found  1586 nlabel points
Performing mapping from target back to the source label 116606
Number of reverse mapping hits = 164
Checking for and removing duplicates
Writing label file ./rh.FG4.mpm.vpnl.label 1750
mri_label2label: Done


 mri_label2label --srcsubject fsaverage --srclabel /out/sourcedata/freesurfer/fsaverage/label/rh.hOc1.mpm.vpnl.label --trgsubject sub-v1s16x0051193_ses-1 --trglabel ./rh.hOc1.mpm.vpnl.label --hemi rh --regmethod surface 


srclabel = /out/sourcedata/freesurfer/fsaverage/label/rh.hOc1.mpm.vpnl.label
srcsubject = fsaverage
trgsubject = sub-v1s16x0051193_ses-1
trglabel = ./rh.hOc1.mpm.vpnl.label
regmethod = surface

srchemi = rh
trghemi = rh
trgsurface = white
srcsurfreg = sphere.reg
trgsurfreg = sphere.reg
usehash = 1
Use ProjAbs  = 0, 0
Use ProjFrac = 0, 0
DoPaint 0

SUBJECTS_DIR    /out/sourcedata/freesurfer
FREESURFER_HOME /opt/freesurfer
Loading source label.
Found 3667 points in source label.
Starting surface-based mapping
Reading source registration 
 /out/sourcedata/freesurfer/fsaverage/surf/rh.sphere.reg
Rescaling ...  original radius = 100
Reading target surface 
 /out/sourcedata/freesurfer/sub-v1s16x0051193_ses-1/surf/rh.white
Reading target registration 
 /out/sourcedata/freesurfer/sub-v1s16x0051193_ses-1/surf/rh.sphere.reg
Rescaling ...  original radius = 100
Building target registration hash (res=16).
Building source registration hash (res=16).
INFO: found  3667 nlabel points
Performing mapping from target back to the source label 116606
Number of reverse mapping hits = 1345
Checking for and removing duplicates
Writing label file ./rh.hOc1.mpm.vpnl.label 5012
mri_label2label: Done


 mri_label2label --srcsubject fsaverage --srclabel /out/sourcedata/freesurfer/fsaverage/label/rh.hOc2.mpm.vpnl.label --trgsubject sub-v1s16x0051193_ses-1 --trglabel ./rh.hOc2.mpm.vpnl.label --hemi rh --regmethod surface 


srclabel = /out/sourcedata/freesurfer/fsaverage/label/rh.hOc2.mpm.vpnl.label
srcsubject = fsaverage
trgsubject = sub-v1s16x0051193_ses-1
trglabel = ./rh.hOc2.mpm.vpnl.label
regmethod = surface

srchemi = rh
trghemi = rh
trgsurface = white
srcsurfreg = sphere.reg
trgsurfreg = sphere.reg
usehash = 1
Use ProjAbs  = 0, 0
Use ProjFrac = 0, 0
DoPaint 0

SUBJECTS_DIR    /out/sourcedata/freesurfer
FREESURFER_HOME /opt/freesurfer
Loading source label.
Found 2719 points in source label.
Starting surface-based mapping
Reading source registration 
 /out/sourcedata/freesurfer/fsaverage/surf/rh.sphere.reg
Rescaling ...  original radius = 100
Reading target surface 
 /out/sourcedata/freesurfer/sub-v1s16x0051193_ses-1/surf/rh.white
Reading target registration 
 /out/sourcedata/freesurfer/sub-v1s16x0051193_ses-1/surf/rh.sphere.reg
Rescaling ...  original radius = 100
Building target registration hash (res=16).
Building source registration hash (res=16).
INFO: found  2719 nlabel points
Performing mapping from target back to the source label 116606
Number of reverse mapping hits = 1247
Checking for and removing duplicates
Writing label file ./rh.hOc2.mpm.vpnl.label 3966
mri_label2label: Done


 mri_label2label --srcsubject fsaverage --srclabel /out/sourcedata/freesurfer/fsaverage/label/rh.hOc3v.mpm.vpnl.label --trgsubject sub-v1s16x0051193_ses-1 --trglabel ./rh.hOc3v.mpm.vpnl.label --hemi rh --regmethod surface 


srclabel = /out/sourcedata/freesurfer/fsaverage/label/rh.hOc3v.mpm.vpnl.label
srcsubject = fsaverage
trgsubject = sub-v1s16x0051193_ses-1
trglabel = ./rh.hOc3v.mpm.vpnl.label
regmethod = surface

srchemi = rh
trghemi = rh
trgsurface = white
srcsurfreg = sphere.reg
trgsurfreg = sphere.reg
usehash = 1
Use ProjAbs  = 0, 0
Use ProjFrac = 0, 0
DoPaint 0

SUBJECTS_DIR    /out/sourcedata/freesurfer
FREESURFER_HOME /opt/freesurfer
Loading source label.
Found 1228 points in source label.
Starting surface-based mapping
Reading source registration 
 /out/sourcedata/freesurfer/fsaverage/surf/rh.sphere.reg
Rescaling ...  original radius = 100
Reading target surface 
 /out/sourcedata/freesurfer/sub-v1s16x0051193_ses-1/surf/rh.white
Reading target registration 
 /out/sourcedata/freesurfer/sub-v1s16x0051193_ses-1/surf/rh.sphere.reg
Rescaling ...  original radius = 100
Building target registration hash (res=16).
Building source registration hash (res=16).
INFO: found  1228 nlabel points
Performing mapping from target back to the source label 116606
Number of reverse mapping hits = 659
Checking for and removing duplicates
Writing label file ./rh.hOc3v.mpm.vpnl.label 1887
mri_label2label: Done


 mri_label2label --srcsubject fsaverage --srclabel /out/sourcedata/freesurfer/fsaverage/label/rh.hOc4v.mpm.vpnl.label --trgsubject sub-v1s16x0051193_ses-1 --trglabel ./rh.hOc4v.mpm.vpnl.label --hemi rh --regmethod surface 


srclabel = /out/sourcedata/freesurfer/fsaverage/label/rh.hOc4v.mpm.vpnl.label
srcsubject = fsaverage
trgsubject = sub-v1s16x0051193_ses-1
trglabel = ./rh.hOc4v.mpm.vpnl.label
regmethod = surface

srchemi = rh
trghemi = rh
trgsurface = white
srcsurfreg = sphere.reg
trgsurfreg = sphere.reg
usehash = 1
Use ProjAbs  = 0, 0
Use ProjFrac = 0, 0
DoPaint 0

SUBJECTS_DIR    /out/sourcedata/freesurfer
FREESURFER_HOME /opt/freesurfer
Loading source label.
Found 1025 points in source label.
Starting surface-based mapping
Reading source registration 
 /out/sourcedata/freesurfer/fsaverage/surf/rh.sphere.reg
Rescaling ...  original radius = 100
Reading target surface 
 /out/sourcedata/freesurfer/sub-v1s16x0051193_ses-1/surf/rh.white
Reading target registration 
 /out/sourcedata/freesurfer/sub-v1s16x0051193_ses-1/surf/rh.sphere.reg
Rescaling ...  original radius = 100
Building target registration hash (res=16).
Building source registration hash (res=16).
INFO: found  1025 nlabel points
Performing mapping from target back to the source label 116606
Number of reverse mapping hits = 426
Checking for and removing duplicates
Writing label file ./rh.hOc4v.mpm.vpnl.label 1451
mri_label2label: Done


 mris_label2annot --s sub-v1s16x0051193_ses-1 --ctab /opt/freesurfer/average/colortable_vpnl.txt --hemi rh --a mpm.vpnl --maxstatwinner --noverbose --l rh.FG1.mpm.vpnl.label --l rh.FG2.mpm.vpnl.label --l rh.FG3.mpm.vpnl.label --l rh.FG4.mpm.vpnl.label --l rh.hOc1.mpm.vpnl.label --l rh.hOc2.mpm.vpnl.label --l rh.hOc3v.mpm.vpnl.label --l rh.hOc4v.mpm.vpnl.label 

Reading ctab /opt/freesurfer/average/colortable_vpnl.txt
Number of ctab entries 9

7.3.2
cwd /out/sourcedata/freesurfer/sub-v1s16x0051193_ses-1/label
cmdline mris_label2annot --s sub-v1s16x0051193_ses-1 --ctab /opt/freesurfer/average/colortable_vpnl.txt --hemi rh --a mpm.vpnl --maxstatwinner --noverbose --l rh.FG1.mpm.vpnl.label --l rh.FG2.mpm.vpnl.label --l rh.FG3.mpm.vpnl.label --l rh.FG4.mpm.vpnl.label --l rh.hOc1.mpm.vpnl.label --l rh.hOc2.mpm.vpnl.label --l rh.hOc3v.mpm.vpnl.label --l rh.hOc4v.mpm.vpnl.label 
sysname  Linux
hostname dna007
machine  x86_64
user     oesteban

subject sub-v1s16x0051193_ses-1
hemi    rh
SUBJECTS_DIR /out/sourcedata/freesurfer
ColorTable /opt/freesurfer/average/colortable_vpnl.txt
AnnotName  mpm.vpnl
nlables 8
LabelThresh 0 0.000000
Loading /out/sourcedata/freesurfer/sub-v1s16x0051193_ses-1/surf/rh.orig
 1 1376057 FG1
 2 16711935 FG2
 3 16711680 FG3
 4 1705837 FG4
 5 25600 hOc1
 6 255 hOc2
 7 16776960 hOc3v
 8 65535 hOc4v
Mapping unhit to unknown
Found 100035 unhit vertices
Writing annot to /out/sourcedata/freesurfer/sub-v1s16x0051193_ses-1/label/rh.mpm.vpnl.annot

 mri_label2label --srcsubject fsaverage --srclabel /out/sourcedata/freesurfer/fsaverage/label/rh.BA1_exvivo.thresh.label --trgsubject sub-v1s16x0051193_ses-1 --trglabel ./rh.BA1_exvivo.thresh.label --hemi rh --regmethod surface 


srclabel = /out/sourcedata/freesurfer/fsaverage/label/rh.BA1_exvivo.thresh.label
srcsubject = fsaverage
trgsubject = sub-v1s16x0051193_ses-1
trglabel = ./rh.BA1_exvivo.thresh.label
regmethod = surface

srchemi = rh
trghemi = rh
trgsurface = white
srcsurfreg = sphere.reg
trgsurfreg = sphere.reg
usehash = 1
Use ProjAbs  = 0, 0
Use ProjFrac = 0, 0
DoPaint 0

SUBJECTS_DIR    /out/sourcedata/freesurfer
FREESURFER_HOME /opt/freesurfer
Loading source label.
Found 876 points in source label.
Starting surface-based mapping
Reading source registration 
 /out/sourcedata/freesurfer/fsaverage/surf/rh.sphere.reg
Rescaling ...  original radius = 100
Reading target surface 
 /out/sourcedata/freesurfer/sub-v1s16x0051193_ses-1/surf/rh.white
Reading target registration 
 /out/sourcedata/freesurfer/sub-v1s16x0051193_ses-1/surf/rh.sphere.reg
Rescaling ...  original radius = 100
Building target registration hash (res=16).
Building source registration hash (res=16).
INFO: found  876 nlabel points
Performing mapping from target back to the source label 116606
Number of reverse mapping hits = 37
Checking for and removing duplicates
Writing label file ./rh.BA1_exvivo.thresh.label 913
mri_label2label: Done


 mri_label2label --srcsubject fsaverage --srclabel /out/sourcedata/freesurfer/fsaverage/label/rh.BA2_exvivo.thresh.label --trgsubject sub-v1s16x0051193_ses-1 --trglabel ./rh.BA2_exvivo.thresh.label --hemi rh --regmethod surface 


srclabel = /out/sourcedata/freesurfer/fsaverage/label/rh.BA2_exvivo.thresh.label
srcsubject = fsaverage
trgsubject = sub-v1s16x0051193_ses-1
trglabel = ./rh.BA2_exvivo.thresh.label
regmethod = surface

srchemi = rh
trghemi = rh
trgsurface = white
srcsurfreg = sphere.reg
trgsurfreg = sphere.reg
usehash = 1
Use ProjAbs  = 0, 0
Use ProjFrac = 0, 0
DoPaint 0

SUBJECTS_DIR    /out/sourcedata/freesurfer
FREESURFER_HOME /opt/freesurfer
Loading source label.
Found 2688 points in source label.
Starting surface-based mapping
Reading source registration 
 /out/sourcedata/freesurfer/fsaverage/surf/rh.sphere.reg
Rescaling ...  original radius = 100
Reading target surface 
 /out/sourcedata/freesurfer/sub-v1s16x0051193_ses-1/surf/rh.white
Reading target registration 
 /out/sourcedata/freesurfer/sub-v1s16x0051193_ses-1/surf/rh.sphere.reg
Rescaling ...  original radius = 100
Building target registration hash (res=16).
Building source registration hash (res=16).
INFO: found  2688 nlabel points
Performing mapping from target back to the source label 116606
Number of reverse mapping hits = 49
Checking for and removing duplicates
Writing label file ./rh.BA2_exvivo.thresh.label 2737
mri_label2label: Done


 mri_label2label --srcsubject fsaverage --srclabel /out/sourcedata/freesurfer/fsaverage/label/rh.BA3a_exvivo.thresh.label --trgsubject sub-v1s16x0051193_ses-1 --trglabel ./rh.BA3a_exvivo.thresh.label --hemi rh --regmethod surface 


srclabel = /out/sourcedata/freesurfer/fsaverage/label/rh.BA3a_exvivo.thresh.label
srcsubject = fsaverage
trgsubject = sub-v1s16x0051193_ses-1
trglabel = ./rh.BA3a_exvivo.thresh.label
regmethod = surface

srchemi = rh
trghemi = rh
trgsurface = white
srcsurfreg = sphere.reg
trgsurfreg = sphere.reg
usehash = 1
Use ProjAbs  = 0, 0
Use ProjFrac = 0, 0
DoPaint 0

SUBJECTS_DIR    /out/sourcedata/freesurfer
FREESURFER_HOME /opt/freesurfer
Loading source label.
Found 1698 points in source label.
Starting surface-based mapping
Reading source registration 
 /out/sourcedata/freesurfer/fsaverage/surf/rh.sphere.reg
Rescaling ...  original radius = 100
Reading target surface 
 /out/sourcedata/freesurfer/sub-v1s16x0051193_ses-1/surf/rh.white
Reading target registration 
 /out/sourcedata/freesurfer/sub-v1s16x0051193_ses-1/surf/rh.sphere.reg
Rescaling ...  original radius = 100
Building target registration hash (res=16).
Building source registration hash (res=16).
INFO: found  1698 nlabel points
Performing mapping from target back to the source label 116606
Number of reverse mapping hits = 2
Checking for and removing duplicates
Writing label file ./rh.BA3a_exvivo.thresh.label 1700
mri_label2label: Done


 mri_label2label --srcsubject fsaverage --srclabel /out/sourcedata/freesurfer/fsaverage/label/rh.BA3b_exvivo.thresh.label --trgsubject sub-v1s16x0051193_ses-1 --trglabel ./rh.BA3b_exvivo.thresh.label --hemi rh --regmethod surface 


srclabel = /out/sourcedata/freesurfer/fsaverage/label/rh.BA3b_exvivo.thresh.label
srcsubject = fsaverage
trgsubject = sub-v1s16x0051193_ses-1
trglabel = ./rh.BA3b_exvivo.thresh.label
regmethod = surface

srchemi = rh
trghemi = rh
trgsurface = white
srcsurfreg = sphere.reg
trgsurfreg = sphere.reg
usehash = 1
Use ProjAbs  = 0, 0
Use ProjFrac = 0, 0
DoPaint 0

SUBJECTS_DIR    /out/sourcedata/freesurfer
FREESURFER_HOME /opt/freesurfer
Loading source label.
Found 2183 points in source label.
Starting surface-based mapping
Reading source registration 
 /out/sourcedata/freesurfer/fsaverage/surf/rh.sphere.reg
Rescaling ...  original radius = 100
Reading target surface 
 /out/sourcedata/freesurfer/sub-v1s16x0051193_ses-1/surf/rh.white
Reading target registration 
 /out/sourcedata/freesurfer/sub-v1s16x0051193_ses-1/surf/rh.sphere.reg
Rescaling ...  original radius = 100
Building target registration hash (res=16).
Building source registration hash (res=16).
INFO: found  2183 nlabel points
Performing mapping from target back to the source label 116606
Number of reverse mapping hits = 17
Checking for and removing duplicates
Writing label file ./rh.BA3b_exvivo.thresh.label 2200
mri_label2label: Done


 mri_label2label --srcsubject fsaverage --srclabel /out/sourcedata/freesurfer/fsaverage/label/rh.BA4a_exvivo.thresh.label --trgsubject sub-v1s16x0051193_ses-1 --trglabel ./rh.BA4a_exvivo.thresh.label --hemi rh --regmethod surface 


srclabel = /out/sourcedata/freesurfer/fsaverage/label/rh.BA4a_exvivo.thresh.label
srcsubject = fsaverage
trgsubject = sub-v1s16x0051193_ses-1
trglabel = ./rh.BA4a_exvivo.thresh.label
regmethod = surface

srchemi = rh
trghemi = rh
trgsurface = white
srcsurfreg = sphere.reg
trgsurfreg = sphere.reg
usehash = 1
Use ProjAbs  = 0, 0
Use ProjFrac = 0, 0
DoPaint 0

SUBJECTS_DIR    /out/sourcedata/freesurfer
FREESURFER_HOME /opt/freesurfer
Loading source label.
Found 1388 points in source label.
Starting surface-based mapping
Reading source registration 
 /out/sourcedata/freesurfer/fsaverage/surf/rh.sphere.reg
Rescaling ...  original radius = 100
Reading target surface 
 /out/sourcedata/freesurfer/sub-v1s16x0051193_ses-1/surf/rh.white
Reading target registration 
 /out/sourcedata/freesurfer/sub-v1s16x0051193_ses-1/surf/rh.sphere.reg
Rescaling ...  original radius = 100
Building target registration hash (res=16).
Building source registration hash (res=16).
INFO: found  1388 nlabel points
Performing mapping from target back to the source label 116606
Number of reverse mapping hits = 46
Checking for and removing duplicates
Writing label file ./rh.BA4a_exvivo.thresh.label 1434
mri_label2label: Done


 mri_label2label --srcsubject fsaverage --srclabel /out/sourcedata/freesurfer/fsaverage/label/rh.BA4p_exvivo.thresh.label --trgsubject sub-v1s16x0051193_ses-1 --trglabel ./rh.BA4p_exvivo.thresh.label --hemi rh --regmethod surface 


srclabel = /out/sourcedata/freesurfer/fsaverage/label/rh.BA4p_exvivo.thresh.label
srcsubject = fsaverage
trgsubject = sub-v1s16x0051193_ses-1
trglabel = ./rh.BA4p_exvivo.thresh.label
regmethod = surface

srchemi = rh
trghemi = rh
trgsurface = white
srcsurfreg = sphere.reg
trgsurfreg = sphere.reg
usehash = 1
Use ProjAbs  = 0, 0
Use ProjFrac = 0, 0
DoPaint 0

SUBJECTS_DIR    /out/sourcedata/freesurfer
FREESURFER_HOME /opt/freesurfer
Loading source label.
Found 1489 points in source label.
Starting surface-based mapping
Reading source registration 
 /out/sourcedata/freesurfer/fsaverage/surf/rh.sphere.reg
Rescaling ...  original radius = 100
Reading target surface 
 /out/sourcedata/freesurfer/sub-v1s16x0051193_ses-1/surf/rh.white
Reading target registration 
 /out/sourcedata/freesurfer/sub-v1s16x0051193_ses-1/surf/rh.sphere.reg
Rescaling ...  original radius = 100
Building target registration hash (res=16).
Building source registration hash (res=16).
INFO: found  1489 nlabel points
Performing mapping from target back to the source label 116606
Number of reverse mapping hits = 6
Checking for and removing duplicates
Writing label file ./rh.BA4p_exvivo.thresh.label 1495
mri_label2label: Done


 mri_label2label --srcsubject fsaverage --srclabel /out/sourcedata/freesurfer/fsaverage/label/rh.BA6_exvivo.thresh.label --trgsubject sub-v1s16x0051193_ses-1 --trglabel ./rh.BA6_exvivo.thresh.label --hemi rh --regmethod surface 


srclabel = /out/sourcedata/freesurfer/fsaverage/label/rh.BA6_exvivo.thresh.label
srcsubject = fsaverage
trgsubject = sub-v1s16x0051193_ses-1
trglabel = ./rh.BA6_exvivo.thresh.label
regmethod = surface

srchemi = rh
trghemi = rh
trgsurface = white
srcsurfreg = sphere.reg
trgsurfreg = sphere.reg
usehash = 1
Use ProjAbs  = 0, 0
Use ProjFrac = 0, 0
DoPaint 0

SUBJECTS_DIR    /out/sourcedata/freesurfer
FREESURFER_HOME /opt/freesurfer
Loading source label.
Found 6959 points in source label.
Starting surface-based mapping
Reading source registration 
 /out/sourcedata/freesurfer/fsaverage/surf/rh.sphere.reg
Rescaling ...  original radius = 100
Reading target surface 
 /out/sourcedata/freesurfer/sub-v1s16x0051193_ses-1/surf/rh.white
Reading target registration 
 /out/sourcedata/freesurfer/sub-v1s16x0051193_ses-1/surf/rh.sphere.reg
Rescaling ...  original radius = 100
Building target registration hash (res=16).
Building source registration hash (res=16).
INFO: found  6959 nlabel points
Performing mapping from target back to the source label 116606
Number of reverse mapping hits = 69
Checking for and removing duplicates
Writing label file ./rh.BA6_exvivo.thresh.label 7028
mri_label2label: Done


 mri_label2label --srcsubject fsaverage --srclabel /out/sourcedata/freesurfer/fsaverage/label/rh.BA44_exvivo.thresh.label --trgsubject sub-v1s16x0051193_ses-1 --trglabel ./rh.BA44_exvivo.thresh.label --hemi rh --regmethod surface 


srclabel = /out/sourcedata/freesurfer/fsaverage/label/rh.BA44_exvivo.thresh.label
srcsubject = fsaverage
trgsubject = sub-v1s16x0051193_ses-1
trglabel = ./rh.BA44_exvivo.thresh.label
regmethod = surface

srchemi = rh
trghemi = rh
trgsurface = white
srcsurfreg = sphere.reg
trgsurfreg = sphere.reg
usehash = 1
Use ProjAbs  = 0, 0
Use ProjFrac = 0, 0
DoPaint 0

SUBJECTS_DIR    /out/sourcedata/freesurfer
FREESURFER_HOME /opt/freesurfer
Loading source label.
Found 1012 points in source label.
Starting surface-based mapping
Reading source registration 
 /out/sourcedata/freesurfer/fsaverage/surf/rh.sphere.reg
Rescaling ...  original radius = 100
Reading target surface 
 /out/sourcedata/freesurfer/sub-v1s16x0051193_ses-1/surf/rh.white
Reading target registration 
 /out/sourcedata/freesurfer/sub-v1s16x0051193_ses-1/surf/rh.sphere.reg
Rescaling ...  original radius = 100
Building target registration hash (res=16).
Building source registration hash (res=16).
INFO: found  1012 nlabel points
Performing mapping from target back to the source label 116606
Number of reverse mapping hits = 25
Checking for and removing duplicates
Writing label file ./rh.BA44_exvivo.thresh.label 1037
mri_label2label: Done


 mri_label2label --srcsubject fsaverage --srclabel /out/sourcedata/freesurfer/fsaverage/label/rh.BA45_exvivo.thresh.label --trgsubject sub-v1s16x0051193_ses-1 --trglabel ./rh.BA45_exvivo.thresh.label --hemi rh --regmethod surface 


srclabel = /out/sourcedata/freesurfer/fsaverage/label/rh.BA45_exvivo.thresh.label
srcsubject = fsaverage
trgsubject = sub-v1s16x0051193_ses-1
trglabel = ./rh.BA45_exvivo.thresh.label
regmethod = surface

srchemi = rh
trghemi = rh
trgsurface = white
srcsurfreg = sphere.reg
trgsurfreg = sphere.reg
usehash = 1
Use ProjAbs  = 0, 0
Use ProjFrac = 0, 0
DoPaint 0

SUBJECTS_DIR    /out/sourcedata/freesurfer
FREESURFER_HOME /opt/freesurfer
Loading source label.
Found 1178 points in source label.
Starting surface-based mapping
Reading source registration 
 /out/sourcedata/freesurfer/fsaverage/surf/rh.sphere.reg
Rescaling ...  original radius = 100
Reading target surface 
 /out/sourcedata/freesurfer/sub-v1s16x0051193_ses-1/surf/rh.white
Reading target registration 
 /out/sourcedata/freesurfer/sub-v1s16x0051193_ses-1/surf/rh.sphere.reg
Rescaling ...  original radius = 100
Building target registration hash (res=16).
Building source registration hash (res=16).
INFO: found  1178 nlabel points
Performing mapping from target back to the source label 116606
Number of reverse mapping hits = 8
Checking for and removing duplicates
Writing label file ./rh.BA45_exvivo.thresh.label 1186
mri_label2label: Done


 mri_label2label --srcsubject fsaverage --srclabel /out/sourcedata/freesurfer/fsaverage/label/rh.V1_exvivo.thresh.label --trgsubject sub-v1s16x0051193_ses-1 --trglabel ./rh.V1_exvivo.thresh.label --hemi rh --regmethod surface 


srclabel = /out/sourcedata/freesurfer/fsaverage/label/rh.V1_exvivo.thresh.label
srcsubject = fsaverage
trgsubject = sub-v1s16x0051193_ses-1
trglabel = ./rh.V1_exvivo.thresh.label
regmethod = surface

srchemi = rh
trghemi = rh
trgsurface = white
srcsurfreg = sphere.reg
trgsurfreg = sphere.reg
usehash = 1
Use ProjAbs  = 0, 0
Use ProjFrac = 0, 0
DoPaint 0

SUBJECTS_DIR    /out/sourcedata/freesurfer
FREESURFER_HOME /opt/freesurfer
Loading source label.
Found 3232 points in source label.
Starting surface-based mapping
Reading source registration 
 /out/sourcedata/freesurfer/fsaverage/surf/rh.sphere.reg
Rescaling ...  original radius = 100
Reading target surface 
 /out/sourcedata/freesurfer/sub-v1s16x0051193_ses-1/surf/rh.white
Reading target registration 
 /out/sourcedata/freesurfer/sub-v1s16x0051193_ses-1/surf/rh.sphere.reg
Rescaling ...  original radius = 100
Building target registration hash (res=16).
Building source registration hash (res=16).
INFO: found  3232 nlabel points
Performing mapping from target back to the source label 116606
Number of reverse mapping hits = 1206
Checking for and removing duplicates
Writing label file ./rh.V1_exvivo.thresh.label 4438
mri_label2label: Done


 mri_label2label --srcsubject fsaverage --srclabel /out/sourcedata/freesurfer/fsaverage/label/rh.V2_exvivo.thresh.label --trgsubject sub-v1s16x0051193_ses-1 --trglabel ./rh.V2_exvivo.thresh.label --hemi rh --regmethod surface 


srclabel = /out/sourcedata/freesurfer/fsaverage/label/rh.V2_exvivo.thresh.label
srcsubject = fsaverage
trgsubject = sub-v1s16x0051193_ses-1
trglabel = ./rh.V2_exvivo.thresh.label
regmethod = surface

srchemi = rh
trghemi = rh
trgsurface = white
srcsurfreg = sphere.reg
trgsurfreg = sphere.reg
usehash = 1
Use ProjAbs  = 0, 0
Use ProjFrac = 0, 0
DoPaint 0

SUBJECTS_DIR    /out/sourcedata/freesurfer
FREESURFER_HOME /opt/freesurfer
Loading source label.
Found 3437 points in source label.
Starting surface-based mapping
Reading source registration 
 /out/sourcedata/freesurfer/fsaverage/surf/rh.sphere.reg
Rescaling ...  original radius = 100
Reading target surface 
 /out/sourcedata/freesurfer/sub-v1s16x0051193_ses-1/surf/rh.white
Reading target registration 
 /out/sourcedata/freesurfer/sub-v1s16x0051193_ses-1/surf/rh.sphere.reg
Rescaling ...  original radius = 100
Building target registration hash (res=16).
Building source registration hash (res=16).
INFO: found  3437 nlabel points
Performing mapping from target back to the source label 116606
Number of reverse mapping hits = 1598
Checking for and removing duplicates
Writing label file ./rh.V2_exvivo.thresh.label 5035
mri_label2label: Done


 mri_label2label --srcsubject fsaverage --srclabel /out/sourcedata/freesurfer/fsaverage/label/rh.MT_exvivo.thresh.label --trgsubject sub-v1s16x0051193_ses-1 --trglabel ./rh.MT_exvivo.thresh.label --hemi rh --regmethod surface 


srclabel = /out/sourcedata/freesurfer/fsaverage/label/rh.MT_exvivo.thresh.label
srcsubject = fsaverage
trgsubject = sub-v1s16x0051193_ses-1
trglabel = ./rh.MT_exvivo.thresh.label
regmethod = surface

srchemi = rh
trghemi = rh
trgsurface = white
srcsurfreg = sphere.reg
trgsurfreg = sphere.reg
usehash = 1
Use ProjAbs  = 0, 0
Use ProjFrac = 0, 0
DoPaint 0

SUBJECTS_DIR    /out/sourcedata/freesurfer
FREESURFER_HOME /opt/freesurfer
Loading source label.
Found 268 points in source label.
Starting surface-based mapping
Reading source registration 
 /out/sourcedata/freesurfer/fsaverage/surf/rh.sphere.reg
Rescaling ...  original radius = 100
Reading target surface 
 /out/sourcedata/freesurfer/sub-v1s16x0051193_ses-1/surf/rh.white
Reading target registration 
 /out/sourcedata/freesurfer/sub-v1s16x0051193_ses-1/surf/rh.sphere.reg
Rescaling ...  original radius = 100
Building target registration hash (res=16).
Building source registration hash (res=16).
INFO: found  268 nlabel points
Performing mapping from target back to the source label 116606
Number of reverse mapping hits = 9
Checking for and removing duplicates
Writing label file ./rh.MT_exvivo.thresh.label 277
mri_label2label: Done


 mri_label2label --srcsubject fsaverage --srclabel /out/sourcedata/freesurfer/fsaverage/label/rh.entorhinal_exvivo.thresh.label --trgsubject sub-v1s16x0051193_ses-1 --trglabel ./rh.entorhinal_exvivo.thresh.label --hemi rh --regmethod surface 


srclabel = /out/sourcedata/freesurfer/fsaverage/label/rh.entorhinal_exvivo.thresh.label
srcsubject = fsaverage
trgsubject = sub-v1s16x0051193_ses-1
trglabel = ./rh.entorhinal_exvivo.thresh.label
regmethod = surface

srchemi = rh
trghemi = rh
trgsurface = white
srcsurfreg = sphere.reg
trgsurfreg = sphere.reg
usehash = 1
Use ProjAbs  = 0, 0
Use ProjFrac = 0, 0
DoPaint 0

SUBJECTS_DIR    /out/sourcedata/freesurfer
FREESURFER_HOME /opt/freesurfer
Loading source label.
Found 694 points in source label.
Starting surface-based mapping
Reading source registration 
 /out/sourcedata/freesurfer/fsaverage/surf/rh.sphere.reg
Rescaling ...  original radius = 100
Reading target surface 
 /out/sourcedata/freesurfer/sub-v1s16x0051193_ses-1/surf/rh.white
Reading target registration 
 /out/sourcedata/freesurfer/sub-v1s16x0051193_ses-1/surf/rh.sphere.reg
Rescaling ...  original radius = 100
Building target registration hash (res=16).
Building source registration hash (res=16).
INFO: found  694 nlabel points
Performing mapping from target back to the source label 116606
Number of reverse mapping hits = 86
Checking for and removing duplicates
Writing label file ./rh.entorhinal_exvivo.thresh.label 780
mri_label2label: Done


 mri_label2label --srcsubject fsaverage --srclabel /out/sourcedata/freesurfer/fsaverage/label/rh.perirhinal_exvivo.thresh.label --trgsubject sub-v1s16x0051193_ses-1 --trglabel ./rh.perirhinal_exvivo.thresh.label --hemi rh --regmethod surface 


srclabel = /out/sourcedata/freesurfer/fsaverage/label/rh.perirhinal_exvivo.thresh.label
srcsubject = fsaverage
trgsubject = sub-v1s16x0051193_ses-1
trglabel = ./rh.perirhinal_exvivo.thresh.label
regmethod = surface

srchemi = rh
trghemi = rh
trgsurface = white
srcsurfreg = sphere.reg
trgsurfreg = sphere.reg
usehash = 1
Use ProjAbs  = 0, 0
Use ProjFrac = 0, 0
DoPaint 0

SUBJECTS_DIR    /out/sourcedata/freesurfer
FREESURFER_HOME /opt/freesurfer
Loading source label.
Found 291 points in source label.
Starting surface-based mapping
Reading source registration 
 /out/sourcedata/freesurfer/fsaverage/surf/rh.sphere.reg
Rescaling ...  original radius = 100
Reading target surface 
 /out/sourcedata/freesurfer/sub-v1s16x0051193_ses-1/surf/rh.white
Reading target registration 
 /out/sourcedata/freesurfer/sub-v1s16x0051193_ses-1/surf/rh.sphere.reg
Rescaling ...  original radius = 100
Building target registration hash (res=16).
Building source registration hash (res=16).
INFO: found  291 nlabel points
Performing mapping from target back to the source label 116606
Number of reverse mapping hits = 36
Checking for and removing duplicates
Writing label file ./rh.perirhinal_exvivo.thresh.label 327
mri_label2label: Done


 mris_label2annot --s sub-v1s16x0051193_ses-1 --hemi rh --ctab /opt/freesurfer/average/colortable_BA.txt --l rh.BA1_exvivo.label --l rh.BA2_exvivo.label --l rh.BA3a_exvivo.label --l rh.BA3b_exvivo.label --l rh.BA4a_exvivo.label --l rh.BA4p_exvivo.label --l rh.BA6_exvivo.label --l rh.BA44_exvivo.label --l rh.BA45_exvivo.label --l rh.V1_exvivo.label --l rh.V2_exvivo.label --l rh.MT_exvivo.label --l rh.perirhinal_exvivo.label --l rh.entorhinal_exvivo.label --a BA_exvivo --maxstatwinner --noverbose 

Reading ctab /opt/freesurfer/average/colortable_BA.txt
Number of ctab entries 15

7.3.2
cwd /out/sourcedata/freesurfer/sub-v1s16x0051193_ses-1/label
cmdline mris_label2annot --s sub-v1s16x0051193_ses-1 --hemi rh --ctab /opt/freesurfer/average/colortable_BA.txt --l rh.BA1_exvivo.label --l rh.BA2_exvivo.label --l rh.BA3a_exvivo.label --l rh.BA3b_exvivo.label --l rh.BA4a_exvivo.label --l rh.BA4p_exvivo.label --l rh.BA6_exvivo.label --l rh.BA44_exvivo.label --l rh.BA45_exvivo.label --l rh.V1_exvivo.label --l rh.V2_exvivo.label --l rh.MT_exvivo.label --l rh.perirhinal_exvivo.label --l rh.entorhinal_exvivo.label --a BA_exvivo --maxstatwinner --noverbose 
sysname  Linux
hostname dna007
machine  x86_64
user     oesteban

subject sub-v1s16x0051193_ses-1
hemi    rh
SUBJECTS_DIR /out/sourcedata/freesurfer
ColorTable /opt/freesurfer/average/colortable_BA.txt
AnnotName  BA_exvivo
nlables 14
LabelThresh 0 0.000000
Loading /out/sourcedata/freesurfer/sub-v1s16x0051193_ses-1/surf/rh.orig
 1 1530880 BA1_exvivo
 2 16749699 BA2_exvivo
 3 16711680 BA3a_exvivo
 4 3368703 BA3b_exvivo
 5 1376196 BA4a_exvivo
 6 13382655 BA4p_exvivo
 7 10036737 BA6_exvivo
 8 2490521 BA44_exvivo
 9 39283 BA45_exvivo
10 3993 V1_exvivo
11 8508928 V2_exvivo
12 10027163 MT_exvivo
13 16422433 perirhinal_exvivo
14 16392598 entorhinal_exvivo
Mapping unhit to unknown
Found 80020 unhit vertices
Writing annot to /out/sourcedata/freesurfer/sub-v1s16x0051193_ses-1/label/rh.BA_exvivo.annot

 mris_label2annot --s sub-v1s16x0051193_ses-1 --hemi rh --ctab /opt/freesurfer/average/colortable_BA.txt --l rh.BA1_exvivo.thresh.label --l rh.BA2_exvivo.thresh.label --l rh.BA3a_exvivo.thresh.label --l rh.BA3b_exvivo.thresh.label --l rh.BA4a_exvivo.thresh.label --l rh.BA4p_exvivo.thresh.label --l rh.BA6_exvivo.thresh.label --l rh.BA44_exvivo.thresh.label --l rh.BA45_exvivo.thresh.label --l rh.V1_exvivo.thresh.label --l rh.V2_exvivo.thresh.label --l rh.MT_exvivo.thresh.label --l rh.perirhinal_exvivo.thresh.label --l rh.entorhinal_exvivo.thresh.label --a BA_exvivo.thresh --maxstatwinner --noverbose 

Reading ctab /opt/freesurfer/average/colortable_BA.txt
Number of ctab entries 15

7.3.2
cwd /out/sourcedata/freesurfer/sub-v1s16x0051193_ses-1/label
cmdline mris_label2annot --s sub-v1s16x0051193_ses-1 --hemi rh --ctab /opt/freesurfer/average/colortable_BA.txt --l rh.BA1_exvivo.thresh.label --l rh.BA2_exvivo.thresh.label --l rh.BA3a_exvivo.thresh.label --l rh.BA3b_exvivo.thresh.label --l rh.BA4a_exvivo.thresh.label --l rh.BA4p_exvivo.thresh.label --l rh.BA6_exvivo.thresh.label --l rh.BA44_exvivo.thresh.label --l rh.BA45_exvivo.thresh.label --l rh.V1_exvivo.thresh.label --l rh.V2_exvivo.thresh.label --l rh.MT_exvivo.thresh.label --l rh.perirhinal_exvivo.thresh.label --l rh.entorhinal_exvivo.thresh.label --a BA_exvivo.thresh --maxstatwinner --noverbose 
sysname  Linux
hostname dna007
machine  x86_64
user     oesteban

subject sub-v1s16x0051193_ses-1
hemi    rh
SUBJECTS_DIR /out/sourcedata/freesurfer
ColorTable /opt/freesurfer/average/colortable_BA.txt
AnnotName  BA_exvivo.thresh
nlables 14
LabelThresh 0 0.000000
Loading /out/sourcedata/freesurfer/sub-v1s16x0051193_ses-1/surf/rh.orig
 1 1530880 BA1_exvivo
 2 16749699 BA2_exvivo
 3 16711680 BA3a_exvivo
 4 3368703 BA3b_exvivo
 5 1376196 BA4a_exvivo
 6 13382655 BA4p_exvivo
 7 10036737 BA6_exvivo
 8 2490521 BA44_exvivo
 9 39283 BA45_exvivo
10 3993 V1_exvivo
11 8508928 V2_exvivo
12 10027163 MT_exvivo
13 16422433 perirhinal_exvivo
14 16392598 entorhinal_exvivo
Mapping unhit to unknown
Found 95526 unhit vertices
Writing annot to /out/sourcedata/freesurfer/sub-v1s16x0051193_ses-1/label/rh.BA_exvivo.thresh.annot

 mris_anatomical_stats -th3 -mgz -noglobal -f ../stats/rh.BA_exvivo.stats -b -a ./rh.BA_exvivo.annot -c ./BA_exvivo.ctab sub-v1s16x0051193_ses-1 rh white 

computing statistics for each annotation in ./rh.BA_exvivo.annot.
reading volume /out/sourcedata/freesurfer/sub-v1s16x0051193_ses-1/mri/wm.mgz...
reading input surface /out/sourcedata/freesurfer/sub-v1s16x0051193_ses-1/surf/rh.white...
reading input pial surface /out/sourcedata/freesurfer/sub-v1s16x0051193_ses-1/surf/rh.pial...
reading input white surface /out/sourcedata/freesurfer/sub-v1s16x0051193_ses-1/surf/rh.white...
INFO: using TH3 volume calc
INFO: assuming MGZ format for volumes.
INFO: not computing global stats
Using TH3 vertex volume calc
Total face volume 226248
Total vertex volume 226037 (mask=0)
Saving annotation colortable ./BA_exvivo.ctab

table columns are:
    number of vertices
    total surface area (mm^2)
    total gray matter volume (mm^3)
    average cortical thickness +- standard deviation (mm)
    integrated rectified mean curvature
    integrated rectified Gaussian curvature
    folding index
    intrinsic curvature index
    structure name

  812    596   1231  1.720 0.602     0.153     0.043       13     1.3  BA1_exvivo
 2880   2019   4635  2.255 0.619     0.113     0.023       25     2.8  BA2_exvivo
  878    560    843  1.981 0.589     0.129     0.026        8     1.0  BA3a_exvivo
 1530   1064   1982  1.600 0.575     0.097     0.021       14     1.2  BA3b_exvivo
 1390    998   2769  2.346 0.613     0.123     0.029       11     1.8  BA4a_exvivo
  996    667   1454  2.066 0.635     0.093     0.019        5     0.7  BA4p_exvivo
 6257   4628  14755  2.751 0.796     0.123     0.028       64     7.2  BA6_exvivo
 2582   1922   5844  2.707 0.736     0.121     0.027       27     2.7  BA44_exvivo
 2619   1979   5474  2.250 0.684     0.127     0.034       35     3.9  BA45_exvivo
 4434   3090   4883  1.564 0.531     0.134     0.034       49     5.9  V1_exvivo
 9245   6714  14823  2.077 0.637     0.141     0.034      117    12.9  V2_exvivo
 1917   1457   3707  2.226 0.675     0.132     0.031       23     2.8  MT_exvivo
  365    296   1478  3.198 1.127     0.139     0.036        3     0.5  perirhinal_exvivo
  681    515   1813  2.373 0.995     0.157     0.044        9     1.4  entorhinal_exvivo

 mris_anatomical_stats -th3 -mgz -f ../stats/rh.BA_exvivo.thresh.stats -noglobal -b -a ./rh.BA_exvivo.thresh.annot -c ./BA_exvivo.thresh.ctab sub-v1s16x0051193_ses-1 rh white 

computing statistics for each annotation in ./rh.BA_exvivo.thresh.annot.
reading volume /out/sourcedata/freesurfer/sub-v1s16x0051193_ses-1/mri/wm.mgz...
reading input surface /out/sourcedata/freesurfer/sub-v1s16x0051193_ses-1/surf/rh.white...
reading input pial surface /out/sourcedata/freesurfer/sub-v1s16x0051193_ses-1/surf/rh.pial...
reading input white surface /out/sourcedata/freesurfer/sub-v1s16x0051193_ses-1/surf/rh.white...
INFO: using TH3 volume calc
INFO: assuming MGZ format for volumes.
INFO: not computing global stats
Using TH3 vertex volume calc
Total face volume 226248
Total vertex volume 226037 (mask=0)
Saving annotation colortable ./BA_exvivo.thresh.ctab

table columns are:
    number of vertices
    total surface area (mm^2)
    total gray matter volume (mm^3)
    average cortical thickness +- standard deviation (mm)
    integrated rectified mean curvature
    integrated rectified Gaussian curvature
    folding index
    intrinsic curvature index
    structure name

  510    370    729  1.617 0.477     0.157     0.045        9     0.8  BA1_exvivo
 1670   1189   2780  2.164 0.617     0.107     0.020       14     1.4  BA2_exvivo
  784    499    680  1.970 0.533     0.133     0.026        7     0.9  BA3a_exvivo
 1185    817   1249  1.443 0.392     0.080     0.014        6     0.7  BA3b_exvivo
  975    697   2012  2.456 0.603     0.133     0.032        9     1.3  BA4a_exvivo
  796    527    966  1.902 0.539     0.083     0.016        3     0.5  BA4p_exvivo
 3946   2968   9116  2.648 0.766     0.129     0.029       43     4.7  BA6_exvivo
  582    453   1513  2.639 0.687     0.140     0.035        9     0.7  BA44_exvivo
  616    521   1598  2.387 0.637     0.137     0.039        9     1.1  BA45_exvivo
 4261   2944   4580  1.565 0.529     0.133     0.033       45     5.6  V1_exvivo
 4854   3510   6699  1.872 0.559     0.142     0.036       66     7.1  V2_exvivo
  219    156    387  1.976 0.678     0.115     0.029        2     0.2  MT_exvivo
   31     29    213  4.271 0.775     0.181     0.042        0     0.0  perirhinal_exvivo
  651    504   2110  2.811 1.022     0.145     0.035        8     1.1  entorhinal_exvivo

Started at Mon Mar 9 02:35:56 CET 2026 
Ended   at Mon Mar 9 02:38:20 CET 2026
#@#%# recon-all-run-time-hours 0.040
recon-all -s sub-v1s16x0051193_ses-1 finished without error at Mon Mar  9 02:38:20 CET 2026
