
Sun Mar  8 22:48:34 CET 2026
cd /out/sourcedata/freesurfer/sub-v1s16x0051176_ses-1
setenv SUBJECTS_DIR /out/sourcedata/freesurfer
/opt/freesurfer/bin/recon-all -autorecon1 -i /work/fmriprep_25_2_wf/sub_v1s16x0051176_ses_1_wf/anat_fit_wf/anat_validate/sub-v1s16x0051176_ses-1_T1w_noise_corrected_ras_valid.nii.gz -noskullstrip -noT2pial -noFLAIRpial -openmp 16 -subjid sub-v1s16x0051176_ses-1 -sd /out/sourcedata/freesurfer

subjid sub-v1s16x0051176_ses-1
setenv SUBJECTS_DIR /out/sourcedata/freesurfer
FREESURFER_HOME /opt/freesurfer
Actual FREESURFER_HOME /opt/freesurfer
build-stamp.txt: freesurfer-linux-ubuntu22_x86_64-7.3.2-20220804-6354275
Linux dna029 5.14.0-427.37.1.el9_4.x86_64 #1 SMP PREEMPT_DYNAMIC Fri Sep 13 12:41:50 EDT 2024 x86_64 x86_64 x86_64 GNU/Linux
cputime      unlimited
filesize     unlimited
datasize     unlimited
stacksize    8192 kbytes
coredumpsize 0 kbytes
memoryuse    67108864 kbytes
vmemoryuse   unlimited
descriptors  1024 
memorylocked unlimited
maxproc      2061970 
maxlocks     unlimited
maxsignal    2061970 
maxmessage   819200 
maxnice      0 
maxrtprio    0 
maxrttime    unlimited

               total        used        free      shared  buff/cache   available
Mem:           503Gi        52Gi       395Gi       9.2Gi        55Gi       438Gi
Swap:             0B          0B          0B

########################################
program versions used
7.3.2 (freesurfer-linux-ubuntu22_x86_64-7.3.2-20220804-6354275)
7.3.2

ProgramName: lta_convert  ProgramArguments: lta_convert -all-info  ProgramVersion: 7.3.2  TimeStamp: 2026/03/08-21:48:34-GMT  BuildTime: Aug  4 2022 06:17:15  BuildStamp: freesurfer-linux-ubuntu22_x86_64-7.3.2-20220804-6354275  User: oesteban  Machine: dna029  Platform: Linux  PlatformVersion: 5.14.0-427.37.1.el9_4.x86_64  CompilerName: GCC  CompilerVersion: 8.4.0
ProgramName: mri_and  ProgramArguments: mri_and -all-info  ProgramVersion: 7.3.2  TimeStamp: 2026/03/08-21:48:34-GMT  BuildTime: Aug  4 2022 06:17:15  BuildStamp: freesurfer-linux-ubuntu22_x86_64-7.3.2-20220804-6354275  User: oesteban  Machine: dna029  Platform: Linux  PlatformVersion: 5.14.0-427.37.1.el9_4.x86_64  CompilerName: GCC  CompilerVersion: 8.4.0
ProgramName: mri_annotation2label  ProgramArguments: mri_annotation2label -all-info  ProgramVersion: 7.3.2  TimeStamp: 2026/03/08-21:48:34-GMT  BuildTime: Aug  4 2022 06:17:15  BuildStamp: freesurfer-linux-ubuntu22_x86_64-7.3.2-20220804-6354275  User: oesteban  Machine: dna029  Platform: Linux  PlatformVersion: 5.14.0-427.37.1.el9_4.x86_64  CompilerName: GCC  CompilerVersion: 8.4.0
ProgramName: mri_aparc2aseg  ProgramArguments: mri_aparc2aseg -all-info  ProgramVersion: 7.3.2  TimeStamp: 2026/03/08-21:48:34-GMT  BuildTime: Aug  4 2022 06:17:15  BuildStamp: freesurfer-linux-ubuntu22_x86_64-7.3.2-20220804-6354275  User: oesteban  Machine: dna029  Platform: Linux  PlatformVersion: 5.14.0-427.37.1.el9_4.x86_64  CompilerName: GCC  CompilerVersion: 8.4.0
ProgramName: mri_surf2volseg  ProgramArguments: mri_surf2volseg -all-info  ProgramVersion: 7.3.2  TimeStamp: 2026/03/08-21:48:34-GMT  BuildTime: Aug  4 2022 06:17:15  BuildStamp: freesurfer-linux-ubuntu22_x86_64-7.3.2-20220804-6354275  User: oesteban  Machine: dna029  Platform: Linux  PlatformVersion: 5.14.0-427.37.1.el9_4.x86_64  CompilerName: GCC  CompilerVersion: 8.4.0
ProgramName: mri_binarize  ProgramArguments: mri_binarize -all-info  ProgramVersion: 7.3.2  TimeStamp: 2026/03/08-21:48:34-GMT  BuildTime: Aug  4 2022 06:17:15  BuildStamp: freesurfer-linux-ubuntu22_x86_64-7.3.2-20220804-6354275  User: oesteban  Machine: dna029  Platform: Linux  PlatformVersion: 5.14.0-427.37.1.el9_4.x86_64  CompilerName: GCC  CompilerVersion: 8.4.0
ProgramName: mri_ca_label  ProgramArguments: mri_ca_label -all-info  ProgramVersion: 7.3.2  TimeStamp: 2026/03/08-21:48:34-GMT  BuildTime: Aug  4 2022 06:17:15  BuildStamp: freesurfer-linux-ubuntu22_x86_64-7.3.2-20220804-6354275  User: oesteban  Machine: dna029  Platform: Linux  PlatformVersion: 5.14.0-427.37.1.el9_4.x86_64  CompilerName: GCC  CompilerVersion: 8.4.0
ProgramName: mri_ca_normalize  ProgramArguments: mri_ca_normalize -all-info  ProgramVersion: 7.3.2  TimeStamp: 2026/03/08-21:48:34-GMT  BuildTime: Aug  4 2022 06:17:15  BuildStamp: freesurfer-linux-ubuntu22_x86_64-7.3.2-20220804-6354275  User: oesteban  Machine: dna029  Platform: Linux  PlatformVersion: 5.14.0-427.37.1.el9_4.x86_64  CompilerName: GCC  CompilerVersion: 8.4.0
ProgramName: mri_ca_register  ProgramArguments: mri_ca_register -all-info  ProgramVersion: 7.3.2  TimeStamp: 2026/03/08-21:48:34-GMT  BuildTime: Aug  4 2022 06:17:15  BuildStamp: freesurfer-linux-ubuntu22_x86_64-7.3.2-20220804-6354275  User: oesteban  Machine: dna029  Platform: Linux  PlatformVersion: 5.14.0-427.37.1.el9_4.x86_64  CompilerName: GCC  CompilerVersion: 8.4.0
ProgramName: mri_cc  ProgramArguments: mri_cc -all-info  ProgramVersion: 7.3.2  TimeStamp: 2026/03/08-21:48:34-GMT  BuildTime: Aug  4 2022 06:17:15  BuildStamp: freesurfer-linux-ubuntu22_x86_64-7.3.2-20220804-6354275  User: oesteban  Machine: dna029  Platform: Linux  PlatformVersion: 5.14.0-427.37.1.el9_4.x86_64  CompilerName: GCC  CompilerVersion: 8.4.0
ProgramName: mri_compute_overlap  ProgramArguments: mri_compute_overlap -all-info  ProgramVersion: 7.3.2  TimeStamp: 2026/03/08-21:48:34-GMT  BuildTime: Aug  4 2022 06:17:15  BuildStamp: freesurfer-linux-ubuntu22_x86_64-7.3.2-20220804-6354275  User: oesteban  Machine: dna029  Platform: Linux  PlatformVersion: 5.14.0-427.37.1.el9_4.x86_64  CompilerName: GCC  CompilerVersion: 8.4.0
ProgramName: mri_compute_seg_overlap  ProgramArguments: mri_compute_seg_overlap -all-info  ProgramVersion: 7.3.2  TimeStamp: 2026/03/08-21:48:34-GMT  BuildTime: Aug  4 2022 06:17:15  BuildStamp: freesurfer-linux-ubuntu22_x86_64-7.3.2-20220804-6354275  User: oesteban  Machine: dna029  Platform: Linux  PlatformVersion: 5.14.0-427.37.1.el9_4.x86_64  CompilerName: GCC  CompilerVersion: 8.4.0
ProgramName: mri_concat  ProgramArguments: mri_concat -all-info  ProgramVersion: 7.3.2  TimeStamp: 2026/03/08-21:48:34-GMT  BuildTime: Aug  4 2022 06:17:15  BuildStamp: freesurfer-linux-ubuntu22_x86_64-7.3.2-20220804-6354275  User: oesteban  Machine: dna029  Platform: Linux  PlatformVersion: 5.14.0-427.37.1.el9_4.x86_64  CompilerName: GCC  CompilerVersion: 8.4.0
ProgramName: mri_concatenate_lta  ProgramArguments: mri_concatenate_lta -all-info  ProgramVersion: 7.3.2  TimeStamp: 2026/03/08-21:48:34-GMT  BuildTime: Aug  4 2022 06:17:15  BuildStamp: freesurfer-linux-ubuntu22_x86_64-7.3.2-20220804-6354275  User: oesteban  Machine: dna029  Platform: Linux  PlatformVersion: 5.14.0-427.37.1.el9_4.x86_64  CompilerName: GCC  CompilerVersion: 8.4.0
mri_convert -all-info 
ProgramName: mri_convert  ProgramArguments: mri_convert -all-info  ProgramVersion: 7.3.2  TimeStamp: 2026/03/08-21:48:34-GMT  BuildTime: Aug  4 2022 06:17:15  BuildStamp: freesurfer-linux-ubuntu22_x86_64-7.3.2-20220804-6354275  User: oesteban  Machine: dna029  Platform: Linux  PlatformVersion: 5.14.0-427.37.1.el9_4.x86_64  CompilerName: GCC  CompilerVersion: 8.4.0
ProgramName: mri_diff  ProgramArguments: mri_diff -all-info  ProgramVersion: 7.3.2  TimeStamp: 2026/03/08-21:48:34-GMT  BuildTime: Aug  4 2022 06:17:15  BuildStamp: freesurfer-linux-ubuntu22_x86_64-7.3.2-20220804-6354275  User: oesteban  Machine: dna029  Platform: Linux  PlatformVersion: 5.14.0-427.37.1.el9_4.x86_64  CompilerName: GCC  CompilerVersion: 8.4.0
ProgramName: mri_edit_wm_with_aseg  ProgramArguments: mri_edit_wm_with_aseg -all-info  ProgramVersion: 7.3.2  TimeStamp: 2026/03/08-21:48:34-GMT  BuildTime: Aug  4 2022 06:17:15  BuildStamp: freesurfer-linux-ubuntu22_x86_64-7.3.2-20220804-6354275  User: oesteban  Machine: dna029  Platform: Linux  PlatformVersion: 5.14.0-427.37.1.el9_4.x86_64  CompilerName: GCC  CompilerVersion: 8.4.0
ProgramName: mri_em_register  ProgramArguments: mri_em_register -all-info  ProgramVersion: 7.3.2  TimeStamp: 2026/03/08-21:48:34-GMT  BuildTime: Aug  4 2022 06:17:15  BuildStamp: freesurfer-linux-ubuntu22_x86_64-7.3.2-20220804-6354275  User: oesteban  Machine: dna029  Platform: Linux  PlatformVersion: 5.14.0-427.37.1.el9_4.x86_64  CompilerName: GCC  CompilerVersion: 8.4.0
ProgramName: mri_fill  ProgramArguments: mri_fill -all-info  ProgramVersion: 7.3.2  TimeStamp: 2026/03/08-21:48:34-GMT  BuildTime: Aug  4 2022 06:17:15  BuildStamp: freesurfer-linux-ubuntu22_x86_64-7.3.2-20220804-6354275  User: oesteban  Machine: dna029  Platform: Linux  PlatformVersion: 5.14.0-427.37.1.el9_4.x86_64  CompilerName: GCC  CompilerVersion: 8.4.0
ProgramName: mri_fuse_segmentations  ProgramArguments: mri_fuse_segmentations -all-info  ProgramVersion: 7.3.2  TimeStamp: 2026/03/08-21:48:34-GMT  BuildTime: Aug  4 2022 06:17:15  BuildStamp: freesurfer-linux-ubuntu22_x86_64-7.3.2-20220804-6354275  User: oesteban  Machine: dna029  Platform: Linux  PlatformVersion: 5.14.0-427.37.1.el9_4.x86_64  CompilerName: GCC  CompilerVersion: 8.4.0
ProgramName: mri_fwhm  ProgramArguments: mri_fwhm -all-info  ProgramVersion: 7.3.2  TimeStamp: 2026/03/08-21:48:34-GMT  BuildTime: Aug  4 2022 06:17:15  BuildStamp: freesurfer-linux-ubuntu22_x86_64-7.3.2-20220804-6354275  User: oesteban  Machine: dna029  Platform: Linux  PlatformVersion: 5.14.0-427.37.1.el9_4.x86_64  CompilerName: GCC  CompilerVersion: 8.4.0
ProgramName: mri_gcut  ProgramArguments: mri_gcut -all-info  ProgramVersion: 7.3.2  TimeStamp: 2026/03/08-21:48:34-GMT  BuildTime: Aug  4 2022 06:17:15  BuildStamp: freesurfer-linux-ubuntu22_x86_64-7.3.2-20220804-6354275  User: oesteban  Machine: dna029  Platform: Linux  PlatformVersion: 5.14.0-427.37.1.el9_4.x86_64  CompilerName: GCC  CompilerVersion: 8.4.0
ProgramName: mri_info  ProgramArguments: mri_info -all-info  ProgramVersion: 7.3.2  TimeStamp: 2026/03/08-21:48:34-GMT  BuildTime: Aug  4 2022 06:17:15  BuildStamp: freesurfer-linux-ubuntu22_x86_64-7.3.2-20220804-6354275  User: oesteban  Machine: dna029  Platform: Linux  PlatformVersion: 5.14.0-427.37.1.el9_4.x86_64  CompilerName: GCC  CompilerVersion: 8.4.0
ProgramName: mri_label2label  ProgramArguments: mri_label2label -all-info  ProgramVersion: 7.3.2  TimeStamp: 2026/03/08-21:48:34-GMT  BuildTime: Aug  4 2022 06:17:15  BuildStamp: freesurfer-linux-ubuntu22_x86_64-7.3.2-20220804-6354275  User: oesteban  Machine: dna029  Platform: Linux  PlatformVersion: 5.14.0-427.37.1.el9_4.x86_64  CompilerName: GCC  CompilerVersion: 8.4.0
ProgramName: mri_label2vol  ProgramArguments: mri_label2vol -all-info  ProgramVersion: 7.3.2  TimeStamp: 2026/03/08-21:48:34-GMT  BuildTime: Aug  4 2022 06:17:15  BuildStamp: freesurfer-linux-ubuntu22_x86_64-7.3.2-20220804-6354275  User: oesteban  Machine: dna029  Platform: Linux  PlatformVersion: 5.14.0-427.37.1.el9_4.x86_64  CompilerName: GCC  CompilerVersion: 8.4.0
ProgramName: mri_log_likelihood  ProgramArguments: mri_log_likelihood -all-info  ProgramVersion: 7.3.2  TimeStamp: 2026/03/08-21:48:34-GMT  BuildTime: Aug  4 2022 06:17:15  BuildStamp: freesurfer-linux-ubuntu22_x86_64-7.3.2-20220804-6354275  User: oesteban  Machine: dna029  Platform: Linux  PlatformVersion: 5.14.0-427.37.1.el9_4.x86_64  CompilerName: GCC  CompilerVersion: 8.4.0
ProgramName: mri_mask  ProgramArguments: mri_mask -all-info  ProgramVersion: 7.3.2  TimeStamp: 2026/03/08-21:48:34-GMT  BuildTime: Aug  4 2022 06:17:15  BuildStamp: freesurfer-linux-ubuntu22_x86_64-7.3.2-20220804-6354275  User: oesteban  Machine: dna029  Platform: Linux  PlatformVersion: 5.14.0-427.37.1.el9_4.x86_64  CompilerName: GCC  CompilerVersion: 8.4.0
ProgramName: mri_matrix_multiply  ProgramArguments: mri_matrix_multiply -all-info  ProgramVersion: 7.3.2  TimeStamp: 2026/03/08-21:48:34-GMT  BuildTime: Aug  4 2022 06:17:15  BuildStamp: freesurfer-linux-ubuntu22_x86_64-7.3.2-20220804-6354275  User: oesteban  Machine: dna029  Platform: Linux  PlatformVersion: 5.14.0-427.37.1.el9_4.x86_64  CompilerName: GCC  CompilerVersion: 8.4.0
ProgramName: mri_normalize  ProgramArguments: mri_normalize -all-info  ProgramVersion: 7.3.2  TimeStamp: 2026/03/08-21:48:34-GMT  BuildTime: Aug  4 2022 06:17:15  BuildStamp: freesurfer-linux-ubuntu22_x86_64-7.3.2-20220804-6354275  User: oesteban  Machine: dna029  Platform: Linux  PlatformVersion: 5.14.0-427.37.1.el9_4.x86_64  CompilerName: GCC  CompilerVersion: 8.4.0
ProgramName: mri_normalize_tp2  ProgramArguments: mri_normalize_tp2 -all-info  ProgramVersion: 7.3.2  TimeStamp: 2026/03/08-21:48:34-GMT  BuildTime: Aug  4 2022 06:17:15  BuildStamp: freesurfer-linux-ubuntu22_x86_64-7.3.2-20220804-6354275  User: oesteban  Machine: dna029  Platform: Linux  PlatformVersion: 5.14.0-427.37.1.el9_4.x86_64  CompilerName: GCC  CompilerVersion: 8.4.0
ProgramName: mri_or  ProgramArguments: mri_or -all-info  ProgramVersion: 7.3.2  TimeStamp: 2026/03/08-21:48:34-GMT  BuildTime: Aug  4 2022 06:17:15  BuildStamp: freesurfer-linux-ubuntu22_x86_64-7.3.2-20220804-6354275  User: oesteban  Machine: dna029  Platform: Linux  PlatformVersion: 5.14.0-427.37.1.el9_4.x86_64  CompilerName: GCC  CompilerVersion: 8.4.0
ProgramName: mri_relabel_hypointensities  ProgramArguments: mri_relabel_hypointensities -all-info  ProgramVersion: 7.3.2  TimeStamp: 2026/03/08-21:48:34-GMT  BuildTime: Aug  4 2022 06:17:15  BuildStamp: freesurfer-linux-ubuntu22_x86_64-7.3.2-20220804-6354275  User: oesteban  Machine: dna029  Platform: Linux  PlatformVersion: 5.14.0-427.37.1.el9_4.x86_64  CompilerName: GCC  CompilerVersion: 8.4.0
ProgramName: mri_relabel_nonwm_hypos  ProgramArguments: mri_relabel_nonwm_hypos -all-info  ProgramVersion: 7.3.2  TimeStamp: 2026/03/08-21:48:34-GMT  BuildTime: Aug  4 2022 06:17:15  BuildStamp: freesurfer-linux-ubuntu22_x86_64-7.3.2-20220804-6354275  User: oesteban  Machine: dna029  Platform: Linux  PlatformVersion: 5.14.0-427.37.1.el9_4.x86_64  CompilerName: GCC  CompilerVersion: 8.4.0
ProgramName: mri_remove_neck  ProgramArguments: mri_remove_neck -all-info  ProgramVersion: 7.3.2  TimeStamp: 2026/03/08-21:48:34-GMT  BuildTime: Aug  4 2022 06:17:15  BuildStamp: freesurfer-linux-ubuntu22_x86_64-7.3.2-20220804-6354275  User: oesteban  Machine: dna029  Platform: Linux  PlatformVersion: 5.14.0-427.37.1.el9_4.x86_64  CompilerName: GCC  CompilerVersion: 8.4.0
7.3.2

ProgramName: mri_robust_register  ProgramArguments: mri_robust_register -all-info  ProgramVersion: 7.3.2  TimeStamp: 2026/03/08-21:48:34-GMT  BuildTime: Aug  4 2022 06:17:15  BuildStamp: freesurfer-linux-ubuntu22_x86_64-7.3.2-20220804-6354275  User: oesteban  Machine: dna029  Platform: Linux  PlatformVersion: 5.14.0-427.37.1.el9_4.x86_64  CompilerName: GCC  CompilerVersion: 8.4.0
7.3.2

ProgramName: mri_robust_template  ProgramArguments: mri_robust_template -all-info  ProgramVersion: 7.3.2  TimeStamp: 2026/03/08-21:48:34-GMT  BuildTime: Aug  4 2022 06:17:15  BuildStamp: freesurfer-linux-ubuntu22_x86_64-7.3.2-20220804-6354275  User: oesteban  Machine: dna029  Platform: Linux  PlatformVersion: 5.14.0-427.37.1.el9_4.x86_64  CompilerName: GCC  CompilerVersion: 8.4.0
ProgramName: mris_anatomical_stats  ProgramArguments: mris_anatomical_stats -all-info  ProgramVersion: 7.3.2  TimeStamp: 2026/03/08-21:48:34-GMT  BuildTime: Aug  4 2022 06:17:15  BuildStamp: freesurfer-linux-ubuntu22_x86_64-7.3.2-20220804-6354275  User: oesteban  Machine: dna029  Platform: Linux  PlatformVersion: 5.14.0-427.37.1.el9_4.x86_64  CompilerName: GCC  CompilerVersion: 8.4.0
ProgramName: mris_ca_label  ProgramArguments: mris_ca_label -all-info  ProgramVersion: 7.3.2  TimeStamp: 2026/03/08-21:48:34-GMT  BuildTime: Aug  4 2022 06:17:15  BuildStamp: freesurfer-linux-ubuntu22_x86_64-7.3.2-20220804-6354275  User: oesteban  Machine: dna029  Platform: Linux  PlatformVersion: 5.14.0-427.37.1.el9_4.x86_64  CompilerName: GCC  CompilerVersion: 8.4.0
ProgramName: mris_calc  ProgramArguments: mris_calc -all-info  ProgramVersion: 7.3.2  TimeStamp: 2026/03/08-21:48:34-GMT  BuildTime: Aug  4 2022 06:17:15  BuildStamp: freesurfer-linux-ubuntu22_x86_64-7.3.2-20220804-6354275  User: oesteban  Machine: dna029  Platform: Linux  PlatformVersion: 5.14.0-427.37.1.el9_4.x86_64  CompilerName: GCC  CompilerVersion: 8.4.0
ProgramName: mris_convert  ProgramArguments: mris_convert -all-info  ProgramVersion: 7.3.2  TimeStamp: 2026/03/08-21:48:34-GMT  BuildTime: Aug  4 2022 06:17:15  BuildStamp: freesurfer-linux-ubuntu22_x86_64-7.3.2-20220804-6354275  User: oesteban  Machine: dna029  Platform: Linux  PlatformVersion: 5.14.0-427.37.1.el9_4.x86_64  CompilerName: GCC  CompilerVersion: 8.4.0
ProgramName: mris_curvature  ProgramArguments: mris_curvature -all-info  ProgramVersion: 7.3.2  TimeStamp: 2026/03/08-21:48:34-GMT  BuildTime: Aug  4 2022 06:17:15  BuildStamp: freesurfer-linux-ubuntu22_x86_64-7.3.2-20220804-6354275  User: oesteban  Machine: dna029  Platform: Linux  PlatformVersion: 5.14.0-427.37.1.el9_4.x86_64  CompilerName: GCC  CompilerVersion: 8.4.0
ProgramName: mris_curvature_stats  ProgramArguments: mris_curvature_stats -all-info  ProgramVersion: 7.3.2  TimeStamp: 2026/03/08-21:48:34-GMT  BuildTime: Aug  4 2022 06:17:15  BuildStamp: freesurfer-linux-ubuntu22_x86_64-7.3.2-20220804-6354275  User: oesteban  Machine: dna029  Platform: Linux  PlatformVersion: 5.14.0-427.37.1.el9_4.x86_64  CompilerName: GCC  CompilerVersion: 8.4.0
ProgramName: mris_diff  ProgramArguments: mris_diff -all-info  ProgramVersion: 7.3.2  TimeStamp: 2026/03/08-21:48:34-GMT  BuildTime: Aug  4 2022 06:17:15  BuildStamp: freesurfer-linux-ubuntu22_x86_64-7.3.2-20220804-6354275  User: oesteban  Machine: dna029  Platform: Linux  PlatformVersion: 5.14.0-427.37.1.el9_4.x86_64  CompilerName: GCC  CompilerVersion: 8.4.0
ProgramName: mris_divide_parcellation  ProgramArguments: mris_divide_parcellation -all-info  ProgramVersion: 7.3.2  TimeStamp: 2026/03/08-21:48:34-GMT  BuildTime: Aug  4 2022 06:17:15  BuildStamp: freesurfer-linux-ubuntu22_x86_64-7.3.2-20220804-6354275  User: oesteban  Machine: dna029  Platform: Linux  PlatformVersion: 5.14.0-427.37.1.el9_4.x86_64  CompilerName: GCC  CompilerVersion: 8.4.0
ProgramName: mri_segment  ProgramArguments: mri_segment -all-info  ProgramVersion: 7.3.2  TimeStamp: 2026/03/08-21:48:34-GMT  BuildTime: Aug  4 2022 06:17:15  BuildStamp: freesurfer-linux-ubuntu22_x86_64-7.3.2-20220804-6354275  User: oesteban  Machine: dna029  Platform: Linux  PlatformVersion: 5.14.0-427.37.1.el9_4.x86_64  CompilerName: GCC  CompilerVersion: 8.4.0
ProgramName: mri_segstats  ProgramArguments: mri_segstats -all-info  ProgramVersion: 7.3.2  TimeStamp: 2026/03/08-21:48:34-GMT  BuildTime: Aug  4 2022 06:17:15  BuildStamp: freesurfer-linux-ubuntu22_x86_64-7.3.2-20220804-6354275  User: oesteban  Machine: dna029  Platform: Linux  PlatformVersion: 5.14.0-427.37.1.el9_4.x86_64  CompilerName: GCC  CompilerVersion: 8.4.0
ProgramName: mris_euler_number  ProgramArguments: mris_euler_number -all-info  ProgramVersion: 7.3.2  TimeStamp: 2026/03/08-21:48:34-GMT  BuildTime: Aug  4 2022 06:17:15  BuildStamp: freesurfer-linux-ubuntu22_x86_64-7.3.2-20220804-6354275  User: oesteban  Machine: dna029  Platform: Linux  PlatformVersion: 5.14.0-427.37.1.el9_4.x86_64  CompilerName: GCC  CompilerVersion: 8.4.0
ProgramName: mris_fix_topology  ProgramArguments: mris_fix_topology -all-info  ProgramVersion: 7.3.2  TimeStamp: 2026/03/08-21:48:34-GMT  BuildTime: Aug  4 2022 06:17:15  BuildStamp: freesurfer-linux-ubuntu22_x86_64-7.3.2-20220804-6354275  User: oesteban  Machine: dna029  Platform: Linux  PlatformVersion: 5.14.0-427.37.1.el9_4.x86_64  CompilerName: GCC  CompilerVersion: 8.4.0
ProgramName: mris_topo_fixer  ProgramArguments: mris_topo_fixer -all-info  ProgramVersion: 7.3.2  TimeStamp: 2026/03/08-21:48:34-GMT  BuildTime: Aug  4 2022 06:17:15  BuildStamp: freesurfer-linux-ubuntu22_x86_64-7.3.2-20220804-6354275  User: oesteban  Machine: dna029  Platform: Linux  PlatformVersion: 5.14.0-427.37.1.el9_4.x86_64  CompilerName: GCC  CompilerVersion: 8.4.0
ProgramName: mris_jacobian  ProgramArguments: mris_jacobian -all-info  ProgramVersion: 7.3.2  TimeStamp: 2026/03/08-21:48:34-GMT  BuildTime: Aug  4 2022 06:17:15  BuildStamp: freesurfer-linux-ubuntu22_x86_64-7.3.2-20220804-6354275  User: oesteban  Machine: dna029  Platform: Linux  PlatformVersion: 5.14.0-427.37.1.el9_4.x86_64  CompilerName: GCC  CompilerVersion: 8.4.0
ProgramName: mris_label2annot  ProgramArguments: mris_label2annot -all-info  ProgramVersion: 7.3.2  TimeStamp: 2026/03/08-21:48:34-GMT  BuildTime: Aug  4 2022 06:17:15  BuildStamp: freesurfer-linux-ubuntu22_x86_64-7.3.2-20220804-6354275  User: oesteban  Machine: dna029  Platform: Linux  PlatformVersion: 5.14.0-427.37.1.el9_4.x86_64  CompilerName: GCC  CompilerVersion: 8.4.0
ProgramName: mris_left_right_register  ProgramArguments: mris_left_right_register -all-info  ProgramVersion: 7.3.2  TimeStamp: 2026/03/08-21:48:34-GMT  BuildTime: Aug  4 2022 06:17:15  BuildStamp: freesurfer-linux-ubuntu22_x86_64-7.3.2-20220804-6354275  User: oesteban  Machine: dna029  Platform: Linux  PlatformVersion: 5.14.0-427.37.1.el9_4.x86_64  CompilerName: GCC  CompilerVersion: 8.4.0
ProgramName: mris_place_surface  ProgramArguments: mris_place_surface -all-info  ProgramVersion: 7.3.2  TimeStamp: 2026/03/08-21:48:34-GMT  BuildTime: Aug  4 2022 06:17:15  BuildStamp: freesurfer-linux-ubuntu22_x86_64-7.3.2-20220804-6354275  User: oesteban  Machine: dna029  Platform: Linux  PlatformVersion: 5.14.0-427.37.1.el9_4.x86_64  CompilerName: GCC  CompilerVersion: 8.4.0
ProgramName: mrisp_paint  ProgramArguments: mrisp_paint -all-info  ProgramVersion: 7.3.2  TimeStamp: 2026/03/08-21:48:34-GMT  BuildTime: Aug  4 2022 06:17:15  BuildStamp: freesurfer-linux-ubuntu22_x86_64-7.3.2-20220804-6354275  User: oesteban  Machine: dna029  Platform: Linux  PlatformVersion: 5.14.0-427.37.1.el9_4.x86_64  CompilerName: GCC  CompilerVersion: 8.4.0
ProgramName: mris_register  ProgramArguments: mris_register -all-info  ProgramVersion: 7.3.2  TimeStamp: 2026/03/08-21:48:34-GMT  BuildTime: Aug  4 2022 06:17:15  BuildStamp: freesurfer-linux-ubuntu22_x86_64-7.3.2-20220804-6354275  User: oesteban  Machine: dna029  Platform: Linux  PlatformVersion: 5.14.0-427.37.1.el9_4.x86_64  CompilerName: GCC  CompilerVersion: 8.4.0
ProgramName: mris_smooth  ProgramArguments: mris_smooth -all-info  ProgramVersion: 7.3.2  TimeStamp: 2026/03/08-21:48:34-GMT  BuildTime: Aug  4 2022 06:17:15  BuildStamp: freesurfer-linux-ubuntu22_x86_64-7.3.2-20220804-6354275  User: oesteban  Machine: dna029  Platform: Linux  PlatformVersion: 5.14.0-427.37.1.el9_4.x86_64  CompilerName: GCC  CompilerVersion: 8.4.0
ProgramName: mris_sphere  ProgramArguments: mris_sphere -all-info  ProgramVersion: 7.3.2  TimeStamp: 2026/03/08-21:48:34-GMT  BuildTime: Aug  4 2022 06:17:15  BuildStamp: freesurfer-linux-ubuntu22_x86_64-7.3.2-20220804-6354275  User: oesteban  Machine: dna029  Platform: Linux  PlatformVersion: 5.14.0-427.37.1.el9_4.x86_64  CompilerName: GCC  CompilerVersion: 8.4.0
ProgramName: mris_surface_stats  ProgramArguments: mris_surface_stats -all-info  ProgramVersion: 7.3.2  TimeStamp: 2026/03/08-21:48:34-GMT  BuildTime: Aug  4 2022 06:17:15  BuildStamp: freesurfer-linux-ubuntu22_x86_64-7.3.2-20220804-6354275  User: oesteban  Machine: dna029  Platform: Linux  PlatformVersion: 5.14.0-427.37.1.el9_4.x86_64  CompilerName: GCC  CompilerVersion: 8.4.0
ProgramName: mri_stats2seg  ProgramArguments: mri_stats2seg -all-info  ProgramVersion: 7.3.2  TimeStamp: 2026/03/08-21:48:34-GMT  BuildTime: Aug  4 2022 06:17:15  BuildStamp: freesurfer-linux-ubuntu22_x86_64-7.3.2-20220804-6354275  User: oesteban  Machine: dna029  Platform: Linux  PlatformVersion: 5.14.0-427.37.1.el9_4.x86_64  CompilerName: GCC  CompilerVersion: 8.4.0
ProgramName: mris_thickness  ProgramArguments: mris_thickness -all-info  ProgramVersion: 7.3.2  TimeStamp: 2026/03/08-21:48:34-GMT  BuildTime: Aug  4 2022 06:17:15  BuildStamp: freesurfer-linux-ubuntu22_x86_64-7.3.2-20220804-6354275  User: oesteban  Machine: dna029  Platform: Linux  PlatformVersion: 5.14.0-427.37.1.el9_4.x86_64  CompilerName: GCC  CompilerVersion: 8.4.0
ProgramName: mris_thickness_diff  ProgramArguments: mris_thickness_diff -all-info  ProgramVersion: 7.3.2  TimeStamp: 2026/03/08-21:48:34-GMT  BuildTime: Aug  4 2022 06:17:15  BuildStamp: freesurfer-linux-ubuntu22_x86_64-7.3.2-20220804-6354275  User: oesteban  Machine: dna029  Platform: Linux  PlatformVersion: 5.14.0-427.37.1.el9_4.x86_64  CompilerName: GCC  CompilerVersion: 8.4.0
ProgramName: mris_topo_fixer  ProgramArguments: mris_topo_fixer -all-info  ProgramVersion: 7.3.2  TimeStamp: 2026/03/08-21:48:34-GMT  BuildTime: Aug  4 2022 06:17:15  BuildStamp: freesurfer-linux-ubuntu22_x86_64-7.3.2-20220804-6354275  User: oesteban  Machine: dna029  Platform: Linux  PlatformVersion: 5.14.0-427.37.1.el9_4.x86_64  CompilerName: GCC  CompilerVersion: 8.4.0
ProgramName: mri_surf2surf  ProgramArguments: mri_surf2surf -all-info  ProgramVersion: 7.3.2  TimeStamp: 2026/03/08-21:48:34-GMT  BuildTime: Aug  4 2022 06:17:15  BuildStamp: freesurfer-linux-ubuntu22_x86_64-7.3.2-20220804-6354275  User: oesteban  Machine: dna029  Platform: Linux  PlatformVersion: 5.14.0-427.37.1.el9_4.x86_64  CompilerName: GCC  CompilerVersion: 8.4.0
ProgramName: mri_surf2vol  ProgramArguments: mri_surf2vol -all-info  ProgramVersion: 7.3.2  TimeStamp: 2026/03/08-21:48:34-GMT  BuildTime: Aug  4 2022 06:17:15  BuildStamp: freesurfer-linux-ubuntu22_x86_64-7.3.2-20220804-6354275  User: oesteban  Machine: dna029  Platform: Linux  PlatformVersion: 5.14.0-427.37.1.el9_4.x86_64  CompilerName: GCC  CompilerVersion: 8.4.0
ProgramName: mri_surfcluster  ProgramArguments: mri_surfcluster -all-info  ProgramVersion: 7.3.2  TimeStamp: 2026/03/08-21:48:34-GMT  BuildTime: Aug  4 2022 06:17:15  BuildStamp: freesurfer-linux-ubuntu22_x86_64-7.3.2-20220804-6354275  User: oesteban  Machine: dna029  Platform: Linux  PlatformVersion: 5.14.0-427.37.1.el9_4.x86_64  CompilerName: GCC  CompilerVersion: 8.4.0
ProgramName: mris_volmask  ProgramArguments: mris_volmask -all-info  ProgramVersion: 7.3.2  TimeStamp: 2026/03/08-21:48:34-GMT  BuildTime: Aug  4 2022 06:17:15  BuildStamp: freesurfer-linux-ubuntu22_x86_64-7.3.2-20220804-6354275  User: oesteban  Machine: dna029  Platform: Linux  PlatformVersion: 5.14.0-427.37.1.el9_4.x86_64  CompilerName: GCC  CompilerVersion: 8.4.0
ProgramName: mri_tessellate  ProgramArguments: mri_tessellate -all-info  ProgramVersion: 7.3.2  TimeStamp: 2026/03/08-21:48:34-GMT  BuildTime: Aug  4 2022 06:17:15  BuildStamp: freesurfer-linux-ubuntu22_x86_64-7.3.2-20220804-6354275  User: oesteban  Machine: dna029  Platform: Linux  PlatformVersion: 5.14.0-427.37.1.el9_4.x86_64  CompilerName: GCC  CompilerVersion: 8.4.0
ProgramName: mri_vol2surf  ProgramArguments: mri_vol2surf -all-info  ProgramVersion: 7.3.2  TimeStamp: 2026/03/08-21:48:34-GMT  BuildTime: Aug  4 2022 06:17:15  BuildStamp: freesurfer-linux-ubuntu22_x86_64-7.3.2-20220804-6354275  User: oesteban  Machine: dna029  Platform: Linux  PlatformVersion: 5.14.0-427.37.1.el9_4.x86_64  CompilerName: GCC  CompilerVersion: 8.4.0
ProgramName: mri_vol2vol  ProgramArguments: mri_vol2vol -all-info  ProgramVersion: 7.3.2  TimeStamp: 2026/03/08-21:48:34-GMT  BuildTime: Aug  4 2022 06:17:15  BuildStamp: freesurfer-linux-ubuntu22_x86_64-7.3.2-20220804-6354275  User: oesteban  Machine: dna029  Platform: Linux  PlatformVersion: 5.14.0-427.37.1.el9_4.x86_64  CompilerName: GCC  CompilerVersion: 8.4.0
ProgramName: mri_voldiff  ProgramArguments: mri_voldiff -all-info  ProgramVersion: 7.3.2  TimeStamp: 2026/03/08-21:48:34-GMT  BuildTime: Aug  4 2022 06:17:15  BuildStamp: freesurfer-linux-ubuntu22_x86_64-7.3.2-20220804-6354275  User: oesteban  Machine: dna029  Platform: Linux  PlatformVersion: 5.14.0-427.37.1.el9_4.x86_64  CompilerName: GCC  CompilerVersion: 8.4.0
ProgramName: mri_watershed  ProgramArguments: mri_watershed -all-info  ProgramVersion: 7.3.2  TimeStamp: 2026/03/08-21:48:34-GMT  BuildTime: Aug  4 2022 06:17:15  BuildStamp: freesurfer-linux-ubuntu22_x86_64-7.3.2-20220804-6354275  User: oesteban  Machine: dna029  Platform: Linux  PlatformVersion: 5.14.0-427.37.1.el9_4.x86_64  CompilerName: GCC  CompilerVersion: 8.4.0
ProgramName: tkregister2  ProgramArguments: tkregister2_cmdl -all-info  ProgramVersion: 7.3.2  TimeStamp: 2026/03/08-21:48:34-GMT  BuildTime: Aug  4 2022 06:17:15  BuildStamp: freesurfer-linux-ubuntu22_x86_64-7.3.2-20220804-6354275  User: oesteban  Machine: dna029  Platform: Linux  PlatformVersion: 5.14.0-427.37.1.el9_4.x86_64  CompilerName: GCC  CompilerVersion: 8.4.0
mri_motion_correct.fsl 7.3.2
mri_convert -all-info 
ProgramName: mri_convert  ProgramArguments: mri_convert -all-info  ProgramVersion: 7.3.2  TimeStamp: 2026/03/08-21:48:34-GMT  BuildTime: Aug  4 2022 06:17:15  BuildStamp: freesurfer-linux-ubuntu22_x86_64-7.3.2-20220804-6354275  User: oesteban  Machine: dna029  Platform: Linux  PlatformVersion: 5.14.0-427.37.1.el9_4.x86_64  CompilerName: GCC  CompilerVersion: 8.4.0
Program nu_correct, built from:
Package MNI N3, version 1.12.0, compiled by nicks@terrier (x86_64-unknown-linux-gnu) on 2015-06-19 at 01:25:34
#######################################
GCADIR /opt/freesurfer/average
GCA RB_all_2020-01-02.gca
GCASkull RB_all_withskull_2020_01_02.gca
AvgCurvTif folding.atlas.acfb40.noaparc.i12.2016-08-02.tif
GCSDIR /opt/freesurfer/average
GCS DKaparc.atlas.acfb40.noaparc.i12.2016-08-02.gcs
#######################################
/out/sourcedata/freesurfer/sub-v1s16x0051176_ses-1

 mri_convert /work/fmriprep_25_2_wf/sub_v1s16x0051176_ses_1_wf/anat_fit_wf/anat_validate/sub-v1s16x0051176_ses-1_T1w_noise_corrected_ras_valid.nii.gz /out/sourcedata/freesurfer/sub-v1s16x0051176_ses-1/mri/orig/001.mgz 

mri_convert /work/fmriprep_25_2_wf/sub_v1s16x0051176_ses_1_wf/anat_fit_wf/anat_validate/sub-v1s16x0051176_ses-1_T1w_noise_corrected_ras_valid.nii.gz /out/sourcedata/freesurfer/sub-v1s16x0051176_ses-1/mri/orig/001.mgz 
reading from /work/fmriprep_25_2_wf/sub_v1s16x0051176_ses_1_wf/anat_fit_wf/anat_validate/sub-v1s16x0051176_ses-1_T1w_noise_corrected_ras_valid.nii.gz...
TR=0.00, TE=0.00, TI=0.00, flip angle=0.00
i_ras = (1, 0, 0)
j_ras = (0, 1, 0)
k_ras = (0, 0, 1)
writing to /out/sourcedata/freesurfer/sub-v1s16x0051176_ses-1/mri/orig/001.mgz...
#--------------------------------------------
#@# MotionCor Sun Mar  8 22:48:36 CET 2026
Found 1 runs
/out/sourcedata/freesurfer/sub-v1s16x0051176_ses-1/mri/orig/001.mgz
Checking for (invalid) multi-frame inputs...
Only one run found so motion
correction will not be performed. I'll
copy the run to rawavg and continue.

 cp /out/sourcedata/freesurfer/sub-v1s16x0051176_ses-1/mri/orig/001.mgz /out/sourcedata/freesurfer/sub-v1s16x0051176_ses-1/mri/rawavg.mgz 


 mri_info /out/sourcedata/freesurfer/sub-v1s16x0051176_ses-1/mri/rawavg.mgz 

rawavg.mgz ========================================
Volume information for /out/sourcedata/freesurfer/sub-v1s16x0051176_ses-1/mri/rawavg.mgz
          type: MGH
    dimensions: 256 x 132 x 256
   voxel sizes: 0.859400, 1.500002, 0.859400
          type: FLOAT (3)
           fov: 220.006
           dof: 1
        xstart: -110.0, xend: 110.0
        ystart: -99.0, yend: 99.0
        zstart: -110.0, zend: 110.0
            TR: 0.00 msec, TE: 0.00 msec, TI: 0.00 msec, flip angle: 0.00 degrees
       nframes: 1
       PhEncDir: UNKNOWN
       FieldStrength: 0.000000
ras xform present
    xform info: x_r =   1.0000, y_r =   0.0000, z_r =   0.0000, c_r =     0.4262
              : x_a =   0.0000, y_a =   1.0000, z_a =   0.0000, c_a =    13.0929
              : x_s =   0.0000, y_s =   0.0000, z_s =   1.0000, c_s =     1.0192

talairach xfm : 
Orientation   : RAS
Primary Slice Direction: axial

voxel to ras transform:
                0.8594   0.0000   0.0000  -109.5770
                0.0000   1.5000   0.0000   -85.9073
                0.0000   0.0000   0.8594  -108.9840
                0.0000   0.0000   0.0000     1.0000

voxel-to-ras determinant 1.10785

ras to voxel transform:
                1.1636   0.0000   0.0000   127.5041
                0.0000   0.6667   0.0000    57.2714
                0.0000   0.0000   1.1636   126.8141
                0.0000   0.0000   0.0000     1.0000
/out/sourcedata/freesurfer/sub-v1s16x0051176_ses-1

 mri_convert /out/sourcedata/freesurfer/sub-v1s16x0051176_ses-1/mri/rawavg.mgz /out/sourcedata/freesurfer/sub-v1s16x0051176_ses-1/mri/orig.mgz --conform 

mri_convert /out/sourcedata/freesurfer/sub-v1s16x0051176_ses-1/mri/rawavg.mgz /out/sourcedata/freesurfer/sub-v1s16x0051176_ses-1/mri/orig.mgz --conform 
reading from /out/sourcedata/freesurfer/sub-v1s16x0051176_ses-1/mri/rawavg.mgz...
TR=0.00, TE=0.00, TI=0.00, flip angle=0.00
i_ras = (1, 0, 0)
j_ras = (0, 1, 0)
k_ras = (0, 0, 1)
changing data type from float to uchar (noscale = 0)...
MRIchangeType: Building histogram -0.00701904 30786.2 1000, flo=0, fhi=0.999, dest_type=0
Reslicing using trilinear interpolation 
writing to /out/sourcedata/freesurfer/sub-v1s16x0051176_ses-1/mri/orig.mgz...

 mri_add_xform_to_header -c /out/sourcedata/freesurfer/sub-v1s16x0051176_ses-1/mri/transforms/talairach.xfm /out/sourcedata/freesurfer/sub-v1s16x0051176_ses-1/mri/orig.mgz /out/sourcedata/freesurfer/sub-v1s16x0051176_ses-1/mri/orig.mgz 

INFO: extension is mgz

 mri_info /out/sourcedata/freesurfer/sub-v1s16x0051176_ses-1/mri/orig.mgz 

orig.mgz ========================================
Volume information for /out/sourcedata/freesurfer/sub-v1s16x0051176_ses-1/mri/orig.mgz
          type: MGH
    dimensions: 256 x 256 x 256
   voxel sizes: 1.000000, 1.000000, 1.000000
          type: UCHAR (0)
           fov: 256.000
           dof: 1
        xstart: -128.0, xend: 128.0
        ystart: -128.0, yend: 128.0
        zstart: -128.0, zend: 128.0
            TR: 0.00 msec, TE: 0.00 msec, TI: 0.00 msec, flip angle: 0.00 degrees
       nframes: 1
       PhEncDir: UNKNOWN
       FieldStrength: 0.000000
ras xform present
    xform info: x_r =  -1.0000, y_r =   0.0000, z_r =   0.0000, c_r =     0.4262
              : x_a =   0.0000, y_a =   0.0000, z_a =   1.0000, c_a =    13.0928
              : x_s =   0.0000, y_s =  -1.0000, z_s =   0.0000, c_s =     1.0192

talairach xfm : /out/sourcedata/freesurfer/sub-v1s16x0051176_ses-1/mri/transforms/talairach.xfm
Orientation   : LIA
Primary Slice Direction: coronal

voxel to ras transform:
               -1.0000   0.0000   0.0000   128.4262
                0.0000   0.0000   1.0000  -114.9071
                0.0000  -1.0000   0.0000   129.0192
                0.0000   0.0000   0.0000     1.0000

voxel-to-ras determinant -1

ras to voxel transform:
               -1.0000  -0.0000  -0.0000   128.4262
               -0.0000  -0.0000  -1.0000   129.0192
               -0.0000   1.0000  -0.0000   114.9072
               -0.0000  -0.0000  -0.0000     1.0000
#--------------------------------------------
#@# Talairach Sun Mar  8 22:48:45 CET 2026
/out/sourcedata/freesurfer/sub-v1s16x0051176_ses-1/mri

 mri_nu_correct.mni --no-rescale --i orig.mgz --o orig_nu.mgz --ants-n4 --n 1 --proto-iters 1000 --distance 50 

/usr/bin/bc
/out/sourcedata/freesurfer/sub-v1s16x0051176_ses-1/mri
/opt/freesurfer/bin/mri_nu_correct.mni
--no-rescale --i orig.mgz --o orig_nu.mgz --ants-n4 --n 1 --proto-iters 1000 --distance 50
nIters 1
mri_nu_correct.mni 7.3.2
Linux dna029 5.14.0-427.37.1.el9_4.x86_64 #1 SMP PREEMPT_DYNAMIC Fri Sep 13 12:41:50 EDT 2024 x86_64 x86_64 x86_64 GNU/Linux
Sun Mar  8 22:48:45 CET 2026
tmpdir is ./tmp.mri_nu_correct.mni.3525538
cd /out/sourcedata/freesurfer/sub-v1s16x0051176_ses-1/mri
AntsN4BiasFieldCorrectionFs -i orig.mgz -o ./tmp.mri_nu_correct.mni.3525538/nu0.mgz --dtype uchar
AntsN4BiasFieldCorrectionFs done
mri_convert ./tmp.mri_nu_correct.mni.3525538/nu0.mgz orig_nu.mgz --like orig.mgz --conform
mri_convert ./tmp.mri_nu_correct.mni.3525538/nu0.mgz orig_nu.mgz --like orig.mgz --conform 
reading from ./tmp.mri_nu_correct.mni.3525538/nu0.mgz...
TR=0.00, TE=0.00, TI=0.00, flip angle=0.00
i_ras = (-1, 0, 0)
j_ras = (0, 0, -1)
k_ras = (0, 1, 0)
INFO: transform src into the like-volume: orig.mgz
writing to orig_nu.mgz...
 
 
Sun Mar  8 22:51:41 CET 2026
mri_nu_correct.mni done

 talairach_avi --i orig_nu.mgz --xfm transforms/talairach.auto.xfm 

talairach_avi log file is transforms/talairach_avi.log...
mv -f /out/sourcedata/freesurfer/sub-v1s16x0051176_ses-1/mri/talsrcimg_to_711-2C_as_mni_average_305_t4_vox2vox.txt /out/sourcedata/freesurfer/sub-v1s16x0051176_ses-1/mri/transforms/talsrcimg_to_711-2C_as_mni_average_305_t4_vox2vox.txt
Started at Sun Mar 8 22:51:41 CET 2026
Ended   at Sun Mar  8 22:53:09 CET 2026
talairach_avi done

 cp transforms/talairach.auto.xfm transforms/talairach.xfm 

lta_convert --src orig.mgz --trg /opt/freesurfer/average/mni305.cor.mgz --inxfm transforms/talairach.xfm --outlta transforms/talairach.xfm.lta --subject fsaverage --ltavox2vox
7.3.2

--src: orig.mgz src image (geometry).
--trg: /opt/freesurfer/average/mni305.cor.mgz trg image (geometry).
--inmni: transforms/talairach.xfm input MNI/XFM transform.
--outlta: transforms/talairach.xfm.lta output LTA.
--s: fsaverage subject name
--ltavox2vox: output LTA as VOX_TO_VOX transform.
 LTA read, type : 1
 1.07545   0.03469  -0.06118   1.14764;
-0.02414   1.12915   0.04772  -29.33385;
 0.06763   0.02208   1.19383  -32.73259;
 0.00000   0.00000   0.00000   1.00000;
setting subject to fsaverage
Writing  LTA to file transforms/talairach.xfm.lta...
lta_convert successful.
#--------------------------------------------
#@# Talairach Failure Detection Sun Mar  8 22:53:11 CET 2026
/out/sourcedata/freesurfer/sub-v1s16x0051176_ses-1/mri

 talairach_afd -T 0.005 -xfm transforms/talairach.xfm 

talairach_afd: Talairach Transform: transforms/talairach.xfm OK (p=0.7315, pval=0.6675 >= threshold=0.0050)

 awk -f /opt/freesurfer/bin/extract_talairach_avi_QA.awk /out/sourcedata/freesurfer/sub-v1s16x0051176_ses-1/mri/transforms/talairach_avi.log 


 tal_QC_AZS /out/sourcedata/freesurfer/sub-v1s16x0051176_ses-1/mri/transforms/talairach_avi.log 

TalAviQA: 0.97121
z-score: -1
#--------------------------------------------
#@# Nu Intensity Correction Sun Mar  8 22:53:11 CET 2026

 mri_nu_correct.mni --i orig.mgz --o nu.mgz --uchar transforms/talairach.xfm --n 2 --ants-n4 

/usr/bin/bc
/out/sourcedata/freesurfer/sub-v1s16x0051176_ses-1/mri
/opt/freesurfer/bin/mri_nu_correct.mni
--i orig.mgz --o nu.mgz --uchar transforms/talairach.xfm --n 2 --ants-n4
nIters 2
mri_nu_correct.mni 7.3.2
Linux dna029 5.14.0-427.37.1.el9_4.x86_64 #1 SMP PREEMPT_DYNAMIC Fri Sep 13 12:41:50 EDT 2024 x86_64 x86_64 x86_64 GNU/Linux
Sun Mar  8 22:53:11 CET 2026
tmpdir is ./tmp.mri_nu_correct.mni.3529218
cd /out/sourcedata/freesurfer/sub-v1s16x0051176_ses-1/mri
AntsN4BiasFieldCorrectionFs -i orig.mgz -o ./tmp.mri_nu_correct.mni.3529218/nu0.mgz --dtype uchar
AntsN4BiasFieldCorrectionFs done
mri_binarize --i ./tmp.mri_nu_correct.mni.3529218/nu0.mgz --min -1 --o ./tmp.mri_nu_correct.mni.3529218/ones.mgz

7.3.2
cwd /out/sourcedata/freesurfer/sub-v1s16x0051176_ses-1/mri
cmdline mri_binarize --i ./tmp.mri_nu_correct.mni.3529218/nu0.mgz --min -1 --o ./tmp.mri_nu_correct.mni.3529218/ones.mgz 
sysname  Linux
hostname dna029
machine  x86_64
user     oesteban

input      ./tmp.mri_nu_correct.mni.3529218/nu0.mgz
frame      0
nErode3d   0
nErode2d   0
output     ./tmp.mri_nu_correct.mni.3529218/ones.mgz
Binarizing based on threshold
min        -1
max        +infinity
binval        1
binvalnot     0
fstart = 0, fend = 0, nframes = 1
Starting parallel 1
Found 16777216 values in range
Counting number of voxels in first frame
Found 16777215 voxels in final mask
Writing output to ./tmp.mri_nu_correct.mni.3529218/ones.mgz
Count: 16777215 16777215.000000 16777216 99.999994
mri_binarize done
mri_segstats --id 1 --seg ./tmp.mri_nu_correct.mni.3529218/ones.mgz --i orig.mgz --sum ./tmp.mri_nu_correct.mni.3529218/sum.junk --avgwf ./tmp.mri_nu_correct.mni.3529218/input.mean.dat

7.3.2
cwd 
cmdline mri_segstats --id 1 --seg ./tmp.mri_nu_correct.mni.3529218/ones.mgz --i orig.mgz --sum ./tmp.mri_nu_correct.mni.3529218/sum.junk --avgwf ./tmp.mri_nu_correct.mni.3529218/input.mean.dat 
sysname  Linux
hostname dna029
machine  x86_64
user     oesteban
whitesurfname  white
UseRobust  0
Loading ./tmp.mri_nu_correct.mni.3529218/ones.mgz
Loading orig.mgz
Voxel Volume is 1 mm^3
Generating list of segmentation ids
Found   1 segmentations
Computing statistics for each segmentation

Reporting on   1 segmentations
Using PrintSegStat
Computing spatial average of each frame

Writing to ./tmp.mri_nu_correct.mni.3529218/input.mean.dat
mri_segstats done
mri_segstats --id 1 --seg ./tmp.mri_nu_correct.mni.3529218/ones.mgz --i ./tmp.mri_nu_correct.mni.3529218/nu0.mgz --sum ./tmp.mri_nu_correct.mni.3529218/sum.junk --avgwf ./tmp.mri_nu_correct.mni.3529218/output.mean.dat

7.3.2
cwd 
cmdline mri_segstats --id 1 --seg ./tmp.mri_nu_correct.mni.3529218/ones.mgz --i ./tmp.mri_nu_correct.mni.3529218/nu0.mgz --sum ./tmp.mri_nu_correct.mni.3529218/sum.junk --avgwf ./tmp.mri_nu_correct.mni.3529218/output.mean.dat 
sysname  Linux
hostname dna029
machine  x86_64
user     oesteban
whitesurfname  white
UseRobust  0
Loading ./tmp.mri_nu_correct.mni.3529218/ones.mgz
Loading ./tmp.mri_nu_correct.mni.3529218/nu0.mgz
Voxel Volume is 1 mm^3
Generating list of segmentation ids
Found   1 segmentations
Computing statistics for each segmentation

Reporting on   1 segmentations
Using PrintSegStat
Computing spatial average of each frame

Writing to ./tmp.mri_nu_correct.mni.3529218/output.mean.dat
mri_segstats done
mris_calc -o ./tmp.mri_nu_correct.mni.3529218/nu0.mgz ./tmp.mri_nu_correct.mni.3529218/nu0.mgz mul 1.30371054503700560388
Saving result to './tmp.mri_nu_correct.mni.3529218/nu0.mgz' (type = MGH )                       [ ok ]
mri_convert ./tmp.mri_nu_correct.mni.3529218/nu0.mgz nu.mgz --like orig.mgz
mri_convert ./tmp.mri_nu_correct.mni.3529218/nu0.mgz nu.mgz --like orig.mgz 
reading from ./tmp.mri_nu_correct.mni.3529218/nu0.mgz...
TR=0.00, TE=0.00, TI=0.00, flip angle=0.00
i_ras = (-1, 0, 0)
j_ras = (0, 0, -1)
k_ras = (0, 1, 0)
INFO: transform src into the like-volume: orig.mgz
writing to nu.mgz...
mri_make_uchar nu.mgz transforms/talairach.xfm nu.mgz
type change took 0 minutes and 6 seconds.
FIRST_PERCENTILE 0.010000
WM_PERCENTILE    0.900000
MAX_R 50.000000
i1 = 6, i2 = 43
#mri_make_uchar# mapping 15 111 to  3 110  :  b -14.8743 m 1.12746 : thresh 13.1928 maxsat 239.366 : nzero 14336527 nsat 5775
 
 
Sun Mar  8 22:56:26 CET 2026
mri_nu_correct.mni done

 mri_add_xform_to_header -c /out/sourcedata/freesurfer/sub-v1s16x0051176_ses-1/mri/transforms/talairach.xfm nu.mgz nu.mgz 

INFO: extension is mgz
#--------------------------------------------
#@# Intensity Normalization Sun Mar  8 22:56:26 CET 2026
/out/sourcedata/freesurfer/sub-v1s16x0051176_ses-1/mri

 mri_normalize -g 1 -seed 1234 -mprage nu.mgz T1.mgz 

using max gradient = 1.000
setting seed for random number genererator to 1234
assuming input volume is MGH (Van der Kouwe) MP-RAGE
reading mri_src from nu.mgz...
normalizing image...
NOT doing gentle normalization with control points/label
talairach transform
 1.07545   0.03469  -0.06118   1.14764;
-0.02414   1.12915   0.04772  -29.33385;
 0.06763   0.02208   1.19383  -32.73259;
 0.00000   0.00000   0.00000   1.00000;
processing without aseg, no1d=0
MRInormInit(): 
INFO: Modifying talairach volume c_(r,a,s) based on average_305
MRInormalize(): 
MRIsplineNormalize(): npeaks = 5
Starting OpenSpline(): npoints = 5
building Voronoi diagram...
performing soap bubble smoothing, sigma = 8...

Iterating 2 times
---------------------------------
3d normalization pass 1 of 2
white matter peak found at 110
white matter peak found at 110
gm peak at 53 (53), valley at 37 (37)
csf peak at 27, setting threshold to 44
building Voronoi diagram...
performing soap bubble smoothing, sigma = 8...
---------------------------------
3d normalization pass 2 of 2
white matter peak found at 110
white matter peak found at 110
gm peak at 60 (60), valley at 38 (38)
csf peak at 31, setting threshold to 50
building Voronoi diagram...
performing soap bubble smoothing, sigma = 8...
Done iterating ---------------------------------
writing output to T1.mgz
3D bias adjustment took 1 minutes and 29 seconds.

Started at Sun Mar 8 22:48:34 CET 2026 
Ended   at Sun Mar 8 22:57:56 CET 2026
#@#%# recon-all-run-time-hours 0.156
recon-all -s sub-v1s16x0051176_ses-1 finished without error at Sun Mar  8 22:57:56 CET 2026



#New# invocation of recon-all 




Sun Mar  8 23:04:47 CET 2026
cd /out/sourcedata/freesurfer/sub-v1s16x0051176_ses-1
setenv SUBJECTS_DIR /out/sourcedata/freesurfer
/opt/freesurfer/bin/recon-all -openmp 16 -subjid sub-v1s16x0051176_ses-1 -sd /out/sourcedata/freesurfer -gcareg

subjid sub-v1s16x0051176_ses-1
setenv SUBJECTS_DIR /out/sourcedata/freesurfer
FREESURFER_HOME /opt/freesurfer
Actual FREESURFER_HOME /opt/freesurfer
build-stamp.txt: freesurfer-linux-ubuntu22_x86_64-7.3.2-20220804-6354275
Linux dna029 5.14.0-427.37.1.el9_4.x86_64 #1 SMP PREEMPT_DYNAMIC Fri Sep 13 12:41:50 EDT 2024 x86_64 x86_64 x86_64 GNU/Linux
cputime      unlimited
filesize     unlimited
datasize     unlimited
stacksize    8192 kbytes
coredumpsize 0 kbytes
memoryuse    67108864 kbytes
vmemoryuse   unlimited
descriptors  1024 
memorylocked unlimited
maxproc      2061970 
maxlocks     unlimited
maxsignal    2061970 
maxmessage   819200 
maxnice      0 
maxrtprio    0 
maxrttime    unlimited

               total        used        free      shared  buff/cache   available
Mem:           503Gi        49Gi       401Gi       9.2Gi        52Gi       441Gi
Swap:             0B          0B          0B

########################################
program versions used
7.3.2 (freesurfer-linux-ubuntu22_x86_64-7.3.2-20220804-6354275)
7.3.2

ProgramName: lta_convert  ProgramArguments: lta_convert -all-info  ProgramVersion: 7.3.2  TimeStamp: 2026/03/08-22:04:47-GMT  BuildTime: Aug  4 2022 06:17:15  BuildStamp: freesurfer-linux-ubuntu22_x86_64-7.3.2-20220804-6354275  User: oesteban  Machine: dna029  Platform: Linux  PlatformVersion: 5.14.0-427.37.1.el9_4.x86_64  CompilerName: GCC  CompilerVersion: 8.4.0
ProgramName: mri_and  ProgramArguments: mri_and -all-info  ProgramVersion: 7.3.2  TimeStamp: 2026/03/08-22:04:47-GMT  BuildTime: Aug  4 2022 06:17:15  BuildStamp: freesurfer-linux-ubuntu22_x86_64-7.3.2-20220804-6354275  User: oesteban  Machine: dna029  Platform: Linux  PlatformVersion: 5.14.0-427.37.1.el9_4.x86_64  CompilerName: GCC  CompilerVersion: 8.4.0
ProgramName: mri_annotation2label  ProgramArguments: mri_annotation2label -all-info  ProgramVersion: 7.3.2  TimeStamp: 2026/03/08-22:04:47-GMT  BuildTime: Aug  4 2022 06:17:15  BuildStamp: freesurfer-linux-ubuntu22_x86_64-7.3.2-20220804-6354275  User: oesteban  Machine: dna029  Platform: Linux  PlatformVersion: 5.14.0-427.37.1.el9_4.x86_64  CompilerName: GCC  CompilerVersion: 8.4.0
ProgramName: mri_aparc2aseg  ProgramArguments: mri_aparc2aseg -all-info  ProgramVersion: 7.3.2  TimeStamp: 2026/03/08-22:04:47-GMT  BuildTime: Aug  4 2022 06:17:15  BuildStamp: freesurfer-linux-ubuntu22_x86_64-7.3.2-20220804-6354275  User: oesteban  Machine: dna029  Platform: Linux  PlatformVersion: 5.14.0-427.37.1.el9_4.x86_64  CompilerName: GCC  CompilerVersion: 8.4.0
ProgramName: mri_surf2volseg  ProgramArguments: mri_surf2volseg -all-info  ProgramVersion: 7.3.2  TimeStamp: 2026/03/08-22:04:47-GMT  BuildTime: Aug  4 2022 06:17:15  BuildStamp: freesurfer-linux-ubuntu22_x86_64-7.3.2-20220804-6354275  User: oesteban  Machine: dna029  Platform: Linux  PlatformVersion: 5.14.0-427.37.1.el9_4.x86_64  CompilerName: GCC  CompilerVersion: 8.4.0
ProgramName: mri_binarize  ProgramArguments: mri_binarize -all-info  ProgramVersion: 7.3.2  TimeStamp: 2026/03/08-22:04:47-GMT  BuildTime: Aug  4 2022 06:17:15  BuildStamp: freesurfer-linux-ubuntu22_x86_64-7.3.2-20220804-6354275  User: oesteban  Machine: dna029  Platform: Linux  PlatformVersion: 5.14.0-427.37.1.el9_4.x86_64  CompilerName: GCC  CompilerVersion: 8.4.0
ProgramName: mri_ca_label  ProgramArguments: mri_ca_label -all-info  ProgramVersion: 7.3.2  TimeStamp: 2026/03/08-22:04:47-GMT  BuildTime: Aug  4 2022 06:17:15  BuildStamp: freesurfer-linux-ubuntu22_x86_64-7.3.2-20220804-6354275  User: oesteban  Machine: dna029  Platform: Linux  PlatformVersion: 5.14.0-427.37.1.el9_4.x86_64  CompilerName: GCC  CompilerVersion: 8.4.0
ProgramName: mri_ca_normalize  ProgramArguments: mri_ca_normalize -all-info  ProgramVersion: 7.3.2  TimeStamp: 2026/03/08-22:04:47-GMT  BuildTime: Aug  4 2022 06:17:15  BuildStamp: freesurfer-linux-ubuntu22_x86_64-7.3.2-20220804-6354275  User: oesteban  Machine: dna029  Platform: Linux  PlatformVersion: 5.14.0-427.37.1.el9_4.x86_64  CompilerName: GCC  CompilerVersion: 8.4.0
ProgramName: mri_ca_register  ProgramArguments: mri_ca_register -all-info  ProgramVersion: 7.3.2  TimeStamp: 2026/03/08-22:04:47-GMT  BuildTime: Aug  4 2022 06:17:15  BuildStamp: freesurfer-linux-ubuntu22_x86_64-7.3.2-20220804-6354275  User: oesteban  Machine: dna029  Platform: Linux  PlatformVersion: 5.14.0-427.37.1.el9_4.x86_64  CompilerName: GCC  CompilerVersion: 8.4.0
ProgramName: mri_cc  ProgramArguments: mri_cc -all-info  ProgramVersion: 7.3.2  TimeStamp: 2026/03/08-22:04:47-GMT  BuildTime: Aug  4 2022 06:17:15  BuildStamp: freesurfer-linux-ubuntu22_x86_64-7.3.2-20220804-6354275  User: oesteban  Machine: dna029  Platform: Linux  PlatformVersion: 5.14.0-427.37.1.el9_4.x86_64  CompilerName: GCC  CompilerVersion: 8.4.0
ProgramName: mri_compute_overlap  ProgramArguments: mri_compute_overlap -all-info  ProgramVersion: 7.3.2  TimeStamp: 2026/03/08-22:04:47-GMT  BuildTime: Aug  4 2022 06:17:15  BuildStamp: freesurfer-linux-ubuntu22_x86_64-7.3.2-20220804-6354275  User: oesteban  Machine: dna029  Platform: Linux  PlatformVersion: 5.14.0-427.37.1.el9_4.x86_64  CompilerName: GCC  CompilerVersion: 8.4.0
ProgramName: mri_compute_seg_overlap  ProgramArguments: mri_compute_seg_overlap -all-info  ProgramVersion: 7.3.2  TimeStamp: 2026/03/08-22:04:47-GMT  BuildTime: Aug  4 2022 06:17:15  BuildStamp: freesurfer-linux-ubuntu22_x86_64-7.3.2-20220804-6354275  User: oesteban  Machine: dna029  Platform: Linux  PlatformVersion: 5.14.0-427.37.1.el9_4.x86_64  CompilerName: GCC  CompilerVersion: 8.4.0
ProgramName: mri_concat  ProgramArguments: mri_concat -all-info  ProgramVersion: 7.3.2  TimeStamp: 2026/03/08-22:04:47-GMT  BuildTime: Aug  4 2022 06:17:15  BuildStamp: freesurfer-linux-ubuntu22_x86_64-7.3.2-20220804-6354275  User: oesteban  Machine: dna029  Platform: Linux  PlatformVersion: 5.14.0-427.37.1.el9_4.x86_64  CompilerName: GCC  CompilerVersion: 8.4.0
ProgramName: mri_concatenate_lta  ProgramArguments: mri_concatenate_lta -all-info  ProgramVersion: 7.3.2  TimeStamp: 2026/03/08-22:04:47-GMT  BuildTime: Aug  4 2022 06:17:15  BuildStamp: freesurfer-linux-ubuntu22_x86_64-7.3.2-20220804-6354275  User: oesteban  Machine: dna029  Platform: Linux  PlatformVersion: 5.14.0-427.37.1.el9_4.x86_64  CompilerName: GCC  CompilerVersion: 8.4.0
mri_convert -all-info 
ProgramName: mri_convert  ProgramArguments: mri_convert -all-info  ProgramVersion: 7.3.2  TimeStamp: 2026/03/08-22:04:47-GMT  BuildTime: Aug  4 2022 06:17:15  BuildStamp: freesurfer-linux-ubuntu22_x86_64-7.3.2-20220804-6354275  User: oesteban  Machine: dna029  Platform: Linux  PlatformVersion: 5.14.0-427.37.1.el9_4.x86_64  CompilerName: GCC  CompilerVersion: 8.4.0
ProgramName: mri_diff  ProgramArguments: mri_diff -all-info  ProgramVersion: 7.3.2  TimeStamp: 2026/03/08-22:04:47-GMT  BuildTime: Aug  4 2022 06:17:15  BuildStamp: freesurfer-linux-ubuntu22_x86_64-7.3.2-20220804-6354275  User: oesteban  Machine: dna029  Platform: Linux  PlatformVersion: 5.14.0-427.37.1.el9_4.x86_64  CompilerName: GCC  CompilerVersion: 8.4.0
ProgramName: mri_edit_wm_with_aseg  ProgramArguments: mri_edit_wm_with_aseg -all-info  ProgramVersion: 7.3.2  TimeStamp: 2026/03/08-22:04:47-GMT  BuildTime: Aug  4 2022 06:17:15  BuildStamp: freesurfer-linux-ubuntu22_x86_64-7.3.2-20220804-6354275  User: oesteban  Machine: dna029  Platform: Linux  PlatformVersion: 5.14.0-427.37.1.el9_4.x86_64  CompilerName: GCC  CompilerVersion: 8.4.0
ProgramName: mri_em_register  ProgramArguments: mri_em_register -all-info  ProgramVersion: 7.3.2  TimeStamp: 2026/03/08-22:04:47-GMT  BuildTime: Aug  4 2022 06:17:15  BuildStamp: freesurfer-linux-ubuntu22_x86_64-7.3.2-20220804-6354275  User: oesteban  Machine: dna029  Platform: Linux  PlatformVersion: 5.14.0-427.37.1.el9_4.x86_64  CompilerName: GCC  CompilerVersion: 8.4.0
ProgramName: mri_fill  ProgramArguments: mri_fill -all-info  ProgramVersion: 7.3.2  TimeStamp: 2026/03/08-22:04:47-GMT  BuildTime: Aug  4 2022 06:17:15  BuildStamp: freesurfer-linux-ubuntu22_x86_64-7.3.2-20220804-6354275  User: oesteban  Machine: dna029  Platform: Linux  PlatformVersion: 5.14.0-427.37.1.el9_4.x86_64  CompilerName: GCC  CompilerVersion: 8.4.0
ProgramName: mri_fuse_segmentations  ProgramArguments: mri_fuse_segmentations -all-info  ProgramVersion: 7.3.2  TimeStamp: 2026/03/08-22:04:47-GMT  BuildTime: Aug  4 2022 06:17:15  BuildStamp: freesurfer-linux-ubuntu22_x86_64-7.3.2-20220804-6354275  User: oesteban  Machine: dna029  Platform: Linux  PlatformVersion: 5.14.0-427.37.1.el9_4.x86_64  CompilerName: GCC  CompilerVersion: 8.4.0
ProgramName: mri_fwhm  ProgramArguments: mri_fwhm -all-info  ProgramVersion: 7.3.2  TimeStamp: 2026/03/08-22:04:47-GMT  BuildTime: Aug  4 2022 06:17:15  BuildStamp: freesurfer-linux-ubuntu22_x86_64-7.3.2-20220804-6354275  User: oesteban  Machine: dna029  Platform: Linux  PlatformVersion: 5.14.0-427.37.1.el9_4.x86_64  CompilerName: GCC  CompilerVersion: 8.4.0
ProgramName: mri_gcut  ProgramArguments: mri_gcut -all-info  ProgramVersion: 7.3.2  TimeStamp: 2026/03/08-22:04:47-GMT  BuildTime: Aug  4 2022 06:17:15  BuildStamp: freesurfer-linux-ubuntu22_x86_64-7.3.2-20220804-6354275  User: oesteban  Machine: dna029  Platform: Linux  PlatformVersion: 5.14.0-427.37.1.el9_4.x86_64  CompilerName: GCC  CompilerVersion: 8.4.0
ProgramName: mri_info  ProgramArguments: mri_info -all-info  ProgramVersion: 7.3.2  TimeStamp: 2026/03/08-22:04:47-GMT  BuildTime: Aug  4 2022 06:17:15  BuildStamp: freesurfer-linux-ubuntu22_x86_64-7.3.2-20220804-6354275  User: oesteban  Machine: dna029  Platform: Linux  PlatformVersion: 5.14.0-427.37.1.el9_4.x86_64  CompilerName: GCC  CompilerVersion: 8.4.0
ProgramName: mri_label2label  ProgramArguments: mri_label2label -all-info  ProgramVersion: 7.3.2  TimeStamp: 2026/03/08-22:04:47-GMT  BuildTime: Aug  4 2022 06:17:15  BuildStamp: freesurfer-linux-ubuntu22_x86_64-7.3.2-20220804-6354275  User: oesteban  Machine: dna029  Platform: Linux  PlatformVersion: 5.14.0-427.37.1.el9_4.x86_64  CompilerName: GCC  CompilerVersion: 8.4.0
ProgramName: mri_label2vol  ProgramArguments: mri_label2vol -all-info  ProgramVersion: 7.3.2  TimeStamp: 2026/03/08-22:04:47-GMT  BuildTime: Aug  4 2022 06:17:15  BuildStamp: freesurfer-linux-ubuntu22_x86_64-7.3.2-20220804-6354275  User: oesteban  Machine: dna029  Platform: Linux  PlatformVersion: 5.14.0-427.37.1.el9_4.x86_64  CompilerName: GCC  CompilerVersion: 8.4.0
ProgramName: mri_log_likelihood  ProgramArguments: mri_log_likelihood -all-info  ProgramVersion: 7.3.2  TimeStamp: 2026/03/08-22:04:47-GMT  BuildTime: Aug  4 2022 06:17:15  BuildStamp: freesurfer-linux-ubuntu22_x86_64-7.3.2-20220804-6354275  User: oesteban  Machine: dna029  Platform: Linux  PlatformVersion: 5.14.0-427.37.1.el9_4.x86_64  CompilerName: GCC  CompilerVersion: 8.4.0
ProgramName: mri_mask  ProgramArguments: mri_mask -all-info  ProgramVersion: 7.3.2  TimeStamp: 2026/03/08-22:04:47-GMT  BuildTime: Aug  4 2022 06:17:15  BuildStamp: freesurfer-linux-ubuntu22_x86_64-7.3.2-20220804-6354275  User: oesteban  Machine: dna029  Platform: Linux  PlatformVersion: 5.14.0-427.37.1.el9_4.x86_64  CompilerName: GCC  CompilerVersion: 8.4.0
ProgramName: mri_matrix_multiply  ProgramArguments: mri_matrix_multiply -all-info  ProgramVersion: 7.3.2  TimeStamp: 2026/03/08-22:04:47-GMT  BuildTime: Aug  4 2022 06:17:15  BuildStamp: freesurfer-linux-ubuntu22_x86_64-7.3.2-20220804-6354275  User: oesteban  Machine: dna029  Platform: Linux  PlatformVersion: 5.14.0-427.37.1.el9_4.x86_64  CompilerName: GCC  CompilerVersion: 8.4.0
ProgramName: mri_normalize  ProgramArguments: mri_normalize -all-info  ProgramVersion: 7.3.2  TimeStamp: 2026/03/08-22:04:47-GMT  BuildTime: Aug  4 2022 06:17:15  BuildStamp: freesurfer-linux-ubuntu22_x86_64-7.3.2-20220804-6354275  User: oesteban  Machine: dna029  Platform: Linux  PlatformVersion: 5.14.0-427.37.1.el9_4.x86_64  CompilerName: GCC  CompilerVersion: 8.4.0
ProgramName: mri_normalize_tp2  ProgramArguments: mri_normalize_tp2 -all-info  ProgramVersion: 7.3.2  TimeStamp: 2026/03/08-22:04:47-GMT  BuildTime: Aug  4 2022 06:17:15  BuildStamp: freesurfer-linux-ubuntu22_x86_64-7.3.2-20220804-6354275  User: oesteban  Machine: dna029  Platform: Linux  PlatformVersion: 5.14.0-427.37.1.el9_4.x86_64  CompilerName: GCC  CompilerVersion: 8.4.0
ProgramName: mri_or  ProgramArguments: mri_or -all-info  ProgramVersion: 7.3.2  TimeStamp: 2026/03/08-22:04:47-GMT  BuildTime: Aug  4 2022 06:17:15  BuildStamp: freesurfer-linux-ubuntu22_x86_64-7.3.2-20220804-6354275  User: oesteban  Machine: dna029  Platform: Linux  PlatformVersion: 5.14.0-427.37.1.el9_4.x86_64  CompilerName: GCC  CompilerVersion: 8.4.0
ProgramName: mri_relabel_hypointensities  ProgramArguments: mri_relabel_hypointensities -all-info  ProgramVersion: 7.3.2  TimeStamp: 2026/03/08-22:04:47-GMT  BuildTime: Aug  4 2022 06:17:15  BuildStamp: freesurfer-linux-ubuntu22_x86_64-7.3.2-20220804-6354275  User: oesteban  Machine: dna029  Platform: Linux  PlatformVersion: 5.14.0-427.37.1.el9_4.x86_64  CompilerName: GCC  CompilerVersion: 8.4.0
ProgramName: mri_relabel_nonwm_hypos  ProgramArguments: mri_relabel_nonwm_hypos -all-info  ProgramVersion: 7.3.2  TimeStamp: 2026/03/08-22:04:47-GMT  BuildTime: Aug  4 2022 06:17:15  BuildStamp: freesurfer-linux-ubuntu22_x86_64-7.3.2-20220804-6354275  User: oesteban  Machine: dna029  Platform: Linux  PlatformVersion: 5.14.0-427.37.1.el9_4.x86_64  CompilerName: GCC  CompilerVersion: 8.4.0
ProgramName: mri_remove_neck  ProgramArguments: mri_remove_neck -all-info  ProgramVersion: 7.3.2  TimeStamp: 2026/03/08-22:04:47-GMT  BuildTime: Aug  4 2022 06:17:15  BuildStamp: freesurfer-linux-ubuntu22_x86_64-7.3.2-20220804-6354275  User: oesteban  Machine: dna029  Platform: Linux  PlatformVersion: 5.14.0-427.37.1.el9_4.x86_64  CompilerName: GCC  CompilerVersion: 8.4.0
7.3.2

ProgramName: mri_robust_register  ProgramArguments: mri_robust_register -all-info  ProgramVersion: 7.3.2  TimeStamp: 2026/03/08-22:04:47-GMT  BuildTime: Aug  4 2022 06:17:15  BuildStamp: freesurfer-linux-ubuntu22_x86_64-7.3.2-20220804-6354275  User: oesteban  Machine: dna029  Platform: Linux  PlatformVersion: 5.14.0-427.37.1.el9_4.x86_64  CompilerName: GCC  CompilerVersion: 8.4.0
7.3.2

ProgramName: mri_robust_template  ProgramArguments: mri_robust_template -all-info  ProgramVersion: 7.3.2  TimeStamp: 2026/03/08-22:04:47-GMT  BuildTime: Aug  4 2022 06:17:15  BuildStamp: freesurfer-linux-ubuntu22_x86_64-7.3.2-20220804-6354275  User: oesteban  Machine: dna029  Platform: Linux  PlatformVersion: 5.14.0-427.37.1.el9_4.x86_64  CompilerName: GCC  CompilerVersion: 8.4.0
ProgramName: mris_anatomical_stats  ProgramArguments: mris_anatomical_stats -all-info  ProgramVersion: 7.3.2  TimeStamp: 2026/03/08-22:04:47-GMT  BuildTime: Aug  4 2022 06:17:15  BuildStamp: freesurfer-linux-ubuntu22_x86_64-7.3.2-20220804-6354275  User: oesteban  Machine: dna029  Platform: Linux  PlatformVersion: 5.14.0-427.37.1.el9_4.x86_64  CompilerName: GCC  CompilerVersion: 8.4.0
ProgramName: mris_ca_label  ProgramArguments: mris_ca_label -all-info  ProgramVersion: 7.3.2  TimeStamp: 2026/03/08-22:04:47-GMT  BuildTime: Aug  4 2022 06:17:15  BuildStamp: freesurfer-linux-ubuntu22_x86_64-7.3.2-20220804-6354275  User: oesteban  Machine: dna029  Platform: Linux  PlatformVersion: 5.14.0-427.37.1.el9_4.x86_64  CompilerName: GCC  CompilerVersion: 8.4.0
ProgramName: mris_calc  ProgramArguments: mris_calc -all-info  ProgramVersion: 7.3.2  TimeStamp: 2026/03/08-22:04:47-GMT  BuildTime: Aug  4 2022 06:17:15  BuildStamp: freesurfer-linux-ubuntu22_x86_64-7.3.2-20220804-6354275  User: oesteban  Machine: dna029  Platform: Linux  PlatformVersion: 5.14.0-427.37.1.el9_4.x86_64  CompilerName: GCC  CompilerVersion: 8.4.0
ProgramName: mris_convert  ProgramArguments: mris_convert -all-info  ProgramVersion: 7.3.2  TimeStamp: 2026/03/08-22:04:47-GMT  BuildTime: Aug  4 2022 06:17:15  BuildStamp: freesurfer-linux-ubuntu22_x86_64-7.3.2-20220804-6354275  User: oesteban  Machine: dna029  Platform: Linux  PlatformVersion: 5.14.0-427.37.1.el9_4.x86_64  CompilerName: GCC  CompilerVersion: 8.4.0
ProgramName: mris_curvature  ProgramArguments: mris_curvature -all-info  ProgramVersion: 7.3.2  TimeStamp: 2026/03/08-22:04:47-GMT  BuildTime: Aug  4 2022 06:17:15  BuildStamp: freesurfer-linux-ubuntu22_x86_64-7.3.2-20220804-6354275  User: oesteban  Machine: dna029  Platform: Linux  PlatformVersion: 5.14.0-427.37.1.el9_4.x86_64  CompilerName: GCC  CompilerVersion: 8.4.0
ProgramName: mris_curvature_stats  ProgramArguments: mris_curvature_stats -all-info  ProgramVersion: 7.3.2  TimeStamp: 2026/03/08-22:04:47-GMT  BuildTime: Aug  4 2022 06:17:15  BuildStamp: freesurfer-linux-ubuntu22_x86_64-7.3.2-20220804-6354275  User: oesteban  Machine: dna029  Platform: Linux  PlatformVersion: 5.14.0-427.37.1.el9_4.x86_64  CompilerName: GCC  CompilerVersion: 8.4.0
ProgramName: mris_diff  ProgramArguments: mris_diff -all-info  ProgramVersion: 7.3.2  TimeStamp: 2026/03/08-22:04:47-GMT  BuildTime: Aug  4 2022 06:17:15  BuildStamp: freesurfer-linux-ubuntu22_x86_64-7.3.2-20220804-6354275  User: oesteban  Machine: dna029  Platform: Linux  PlatformVersion: 5.14.0-427.37.1.el9_4.x86_64  CompilerName: GCC  CompilerVersion: 8.4.0
ProgramName: mris_divide_parcellation  ProgramArguments: mris_divide_parcellation -all-info  ProgramVersion: 7.3.2  TimeStamp: 2026/03/08-22:04:47-GMT  BuildTime: Aug  4 2022 06:17:15  BuildStamp: freesurfer-linux-ubuntu22_x86_64-7.3.2-20220804-6354275  User: oesteban  Machine: dna029  Platform: Linux  PlatformVersion: 5.14.0-427.37.1.el9_4.x86_64  CompilerName: GCC  CompilerVersion: 8.4.0
ProgramName: mri_segment  ProgramArguments: mri_segment -all-info  ProgramVersion: 7.3.2  TimeStamp: 2026/03/08-22:04:47-GMT  BuildTime: Aug  4 2022 06:17:15  BuildStamp: freesurfer-linux-ubuntu22_x86_64-7.3.2-20220804-6354275  User: oesteban  Machine: dna029  Platform: Linux  PlatformVersion: 5.14.0-427.37.1.el9_4.x86_64  CompilerName: GCC  CompilerVersion: 8.4.0
ProgramName: mri_segstats  ProgramArguments: mri_segstats -all-info  ProgramVersion: 7.3.2  TimeStamp: 2026/03/08-22:04:47-GMT  BuildTime: Aug  4 2022 06:17:15  BuildStamp: freesurfer-linux-ubuntu22_x86_64-7.3.2-20220804-6354275  User: oesteban  Machine: dna029  Platform: Linux  PlatformVersion: 5.14.0-427.37.1.el9_4.x86_64  CompilerName: GCC  CompilerVersion: 8.4.0
ProgramName: mris_euler_number  ProgramArguments: mris_euler_number -all-info  ProgramVersion: 7.3.2  TimeStamp: 2026/03/08-22:04:47-GMT  BuildTime: Aug  4 2022 06:17:15  BuildStamp: freesurfer-linux-ubuntu22_x86_64-7.3.2-20220804-6354275  User: oesteban  Machine: dna029  Platform: Linux  PlatformVersion: 5.14.0-427.37.1.el9_4.x86_64  CompilerName: GCC  CompilerVersion: 8.4.0
ProgramName: mris_fix_topology  ProgramArguments: mris_fix_topology -all-info  ProgramVersion: 7.3.2  TimeStamp: 2026/03/08-22:04:47-GMT  BuildTime: Aug  4 2022 06:17:15  BuildStamp: freesurfer-linux-ubuntu22_x86_64-7.3.2-20220804-6354275  User: oesteban  Machine: dna029  Platform: Linux  PlatformVersion: 5.14.0-427.37.1.el9_4.x86_64  CompilerName: GCC  CompilerVersion: 8.4.0
ProgramName: mris_topo_fixer  ProgramArguments: mris_topo_fixer -all-info  ProgramVersion: 7.3.2  TimeStamp: 2026/03/08-22:04:47-GMT  BuildTime: Aug  4 2022 06:17:15  BuildStamp: freesurfer-linux-ubuntu22_x86_64-7.3.2-20220804-6354275  User: oesteban  Machine: dna029  Platform: Linux  PlatformVersion: 5.14.0-427.37.1.el9_4.x86_64  CompilerName: GCC  CompilerVersion: 8.4.0
ProgramName: mris_jacobian  ProgramArguments: mris_jacobian -all-info  ProgramVersion: 7.3.2  TimeStamp: 2026/03/08-22:04:47-GMT  BuildTime: Aug  4 2022 06:17:15  BuildStamp: freesurfer-linux-ubuntu22_x86_64-7.3.2-20220804-6354275  User: oesteban  Machine: dna029  Platform: Linux  PlatformVersion: 5.14.0-427.37.1.el9_4.x86_64  CompilerName: GCC  CompilerVersion: 8.4.0
ProgramName: mris_label2annot  ProgramArguments: mris_label2annot -all-info  ProgramVersion: 7.3.2  TimeStamp: 2026/03/08-22:04:47-GMT  BuildTime: Aug  4 2022 06:17:15  BuildStamp: freesurfer-linux-ubuntu22_x86_64-7.3.2-20220804-6354275  User: oesteban  Machine: dna029  Platform: Linux  PlatformVersion: 5.14.0-427.37.1.el9_4.x86_64  CompilerName: GCC  CompilerVersion: 8.4.0
ProgramName: mris_left_right_register  ProgramArguments: mris_left_right_register -all-info  ProgramVersion: 7.3.2  TimeStamp: 2026/03/08-22:04:47-GMT  BuildTime: Aug  4 2022 06:17:15  BuildStamp: freesurfer-linux-ubuntu22_x86_64-7.3.2-20220804-6354275  User: oesteban  Machine: dna029  Platform: Linux  PlatformVersion: 5.14.0-427.37.1.el9_4.x86_64  CompilerName: GCC  CompilerVersion: 8.4.0
ProgramName: mris_place_surface  ProgramArguments: mris_place_surface -all-info  ProgramVersion: 7.3.2  TimeStamp: 2026/03/08-22:04:47-GMT  BuildTime: Aug  4 2022 06:17:15  BuildStamp: freesurfer-linux-ubuntu22_x86_64-7.3.2-20220804-6354275  User: oesteban  Machine: dna029  Platform: Linux  PlatformVersion: 5.14.0-427.37.1.el9_4.x86_64  CompilerName: GCC  CompilerVersion: 8.4.0
ProgramName: mrisp_paint  ProgramArguments: mrisp_paint -all-info  ProgramVersion: 7.3.2  TimeStamp: 2026/03/08-22:04:47-GMT  BuildTime: Aug  4 2022 06:17:15  BuildStamp: freesurfer-linux-ubuntu22_x86_64-7.3.2-20220804-6354275  User: oesteban  Machine: dna029  Platform: Linux  PlatformVersion: 5.14.0-427.37.1.el9_4.x86_64  CompilerName: GCC  CompilerVersion: 8.4.0
ProgramName: mris_register  ProgramArguments: mris_register -all-info  ProgramVersion: 7.3.2  TimeStamp: 2026/03/08-22:04:47-GMT  BuildTime: Aug  4 2022 06:17:15  BuildStamp: freesurfer-linux-ubuntu22_x86_64-7.3.2-20220804-6354275  User: oesteban  Machine: dna029  Platform: Linux  PlatformVersion: 5.14.0-427.37.1.el9_4.x86_64  CompilerName: GCC  CompilerVersion: 8.4.0
ProgramName: mris_smooth  ProgramArguments: mris_smooth -all-info  ProgramVersion: 7.3.2  TimeStamp: 2026/03/08-22:04:47-GMT  BuildTime: Aug  4 2022 06:17:15  BuildStamp: freesurfer-linux-ubuntu22_x86_64-7.3.2-20220804-6354275  User: oesteban  Machine: dna029  Platform: Linux  PlatformVersion: 5.14.0-427.37.1.el9_4.x86_64  CompilerName: GCC  CompilerVersion: 8.4.0
ProgramName: mris_sphere  ProgramArguments: mris_sphere -all-info  ProgramVersion: 7.3.2  TimeStamp: 2026/03/08-22:04:47-GMT  BuildTime: Aug  4 2022 06:17:15  BuildStamp: freesurfer-linux-ubuntu22_x86_64-7.3.2-20220804-6354275  User: oesteban  Machine: dna029  Platform: Linux  PlatformVersion: 5.14.0-427.37.1.el9_4.x86_64  CompilerName: GCC  CompilerVersion: 8.4.0
ProgramName: mris_surface_stats  ProgramArguments: mris_surface_stats -all-info  ProgramVersion: 7.3.2  TimeStamp: 2026/03/08-22:04:47-GMT  BuildTime: Aug  4 2022 06:17:15  BuildStamp: freesurfer-linux-ubuntu22_x86_64-7.3.2-20220804-6354275  User: oesteban  Machine: dna029  Platform: Linux  PlatformVersion: 5.14.0-427.37.1.el9_4.x86_64  CompilerName: GCC  CompilerVersion: 8.4.0
ProgramName: mri_stats2seg  ProgramArguments: mri_stats2seg -all-info  ProgramVersion: 7.3.2  TimeStamp: 2026/03/08-22:04:47-GMT  BuildTime: Aug  4 2022 06:17:15  BuildStamp: freesurfer-linux-ubuntu22_x86_64-7.3.2-20220804-6354275  User: oesteban  Machine: dna029  Platform: Linux  PlatformVersion: 5.14.0-427.37.1.el9_4.x86_64  CompilerName: GCC  CompilerVersion: 8.4.0
ProgramName: mris_thickness  ProgramArguments: mris_thickness -all-info  ProgramVersion: 7.3.2  TimeStamp: 2026/03/08-22:04:47-GMT  BuildTime: Aug  4 2022 06:17:15  BuildStamp: freesurfer-linux-ubuntu22_x86_64-7.3.2-20220804-6354275  User: oesteban  Machine: dna029  Platform: Linux  PlatformVersion: 5.14.0-427.37.1.el9_4.x86_64  CompilerName: GCC  CompilerVersion: 8.4.0
ProgramName: mris_thickness_diff  ProgramArguments: mris_thickness_diff -all-info  ProgramVersion: 7.3.2  TimeStamp: 2026/03/08-22:04:47-GMT  BuildTime: Aug  4 2022 06:17:15  BuildStamp: freesurfer-linux-ubuntu22_x86_64-7.3.2-20220804-6354275  User: oesteban  Machine: dna029  Platform: Linux  PlatformVersion: 5.14.0-427.37.1.el9_4.x86_64  CompilerName: GCC  CompilerVersion: 8.4.0
ProgramName: mris_topo_fixer  ProgramArguments: mris_topo_fixer -all-info  ProgramVersion: 7.3.2  TimeStamp: 2026/03/08-22:04:47-GMT  BuildTime: Aug  4 2022 06:17:15  BuildStamp: freesurfer-linux-ubuntu22_x86_64-7.3.2-20220804-6354275  User: oesteban  Machine: dna029  Platform: Linux  PlatformVersion: 5.14.0-427.37.1.el9_4.x86_64  CompilerName: GCC  CompilerVersion: 8.4.0
ProgramName: mri_surf2surf  ProgramArguments: mri_surf2surf -all-info  ProgramVersion: 7.3.2  TimeStamp: 2026/03/08-22:04:47-GMT  BuildTime: Aug  4 2022 06:17:15  BuildStamp: freesurfer-linux-ubuntu22_x86_64-7.3.2-20220804-6354275  User: oesteban  Machine: dna029  Platform: Linux  PlatformVersion: 5.14.0-427.37.1.el9_4.x86_64  CompilerName: GCC  CompilerVersion: 8.4.0
ProgramName: mri_surf2vol  ProgramArguments: mri_surf2vol -all-info  ProgramVersion: 7.3.2  TimeStamp: 2026/03/08-22:04:47-GMT  BuildTime: Aug  4 2022 06:17:15  BuildStamp: freesurfer-linux-ubuntu22_x86_64-7.3.2-20220804-6354275  User: oesteban  Machine: dna029  Platform: Linux  PlatformVersion: 5.14.0-427.37.1.el9_4.x86_64  CompilerName: GCC  CompilerVersion: 8.4.0
ProgramName: mri_surfcluster  ProgramArguments: mri_surfcluster -all-info  ProgramVersion: 7.3.2  TimeStamp: 2026/03/08-22:04:47-GMT  BuildTime: Aug  4 2022 06:17:15  BuildStamp: freesurfer-linux-ubuntu22_x86_64-7.3.2-20220804-6354275  User: oesteban  Machine: dna029  Platform: Linux  PlatformVersion: 5.14.0-427.37.1.el9_4.x86_64  CompilerName: GCC  CompilerVersion: 8.4.0
ProgramName: mris_volmask  ProgramArguments: mris_volmask -all-info  ProgramVersion: 7.3.2  TimeStamp: 2026/03/08-22:04:47-GMT  BuildTime: Aug  4 2022 06:17:15  BuildStamp: freesurfer-linux-ubuntu22_x86_64-7.3.2-20220804-6354275  User: oesteban  Machine: dna029  Platform: Linux  PlatformVersion: 5.14.0-427.37.1.el9_4.x86_64  CompilerName: GCC  CompilerVersion: 8.4.0
ProgramName: mri_tessellate  ProgramArguments: mri_tessellate -all-info  ProgramVersion: 7.3.2  TimeStamp: 2026/03/08-22:04:47-GMT  BuildTime: Aug  4 2022 06:17:15  BuildStamp: freesurfer-linux-ubuntu22_x86_64-7.3.2-20220804-6354275  User: oesteban  Machine: dna029  Platform: Linux  PlatformVersion: 5.14.0-427.37.1.el9_4.x86_64  CompilerName: GCC  CompilerVersion: 8.4.0
ProgramName: mri_vol2surf  ProgramArguments: mri_vol2surf -all-info  ProgramVersion: 7.3.2  TimeStamp: 2026/03/08-22:04:47-GMT  BuildTime: Aug  4 2022 06:17:15  BuildStamp: freesurfer-linux-ubuntu22_x86_64-7.3.2-20220804-6354275  User: oesteban  Machine: dna029  Platform: Linux  PlatformVersion: 5.14.0-427.37.1.el9_4.x86_64  CompilerName: GCC  CompilerVersion: 8.4.0
ProgramName: mri_vol2vol  ProgramArguments: mri_vol2vol -all-info  ProgramVersion: 7.3.2  TimeStamp: 2026/03/08-22:04:47-GMT  BuildTime: Aug  4 2022 06:17:15  BuildStamp: freesurfer-linux-ubuntu22_x86_64-7.3.2-20220804-6354275  User: oesteban  Machine: dna029  Platform: Linux  PlatformVersion: 5.14.0-427.37.1.el9_4.x86_64  CompilerName: GCC  CompilerVersion: 8.4.0
ProgramName: mri_voldiff  ProgramArguments: mri_voldiff -all-info  ProgramVersion: 7.3.2  TimeStamp: 2026/03/08-22:04:47-GMT  BuildTime: Aug  4 2022 06:17:15  BuildStamp: freesurfer-linux-ubuntu22_x86_64-7.3.2-20220804-6354275  User: oesteban  Machine: dna029  Platform: Linux  PlatformVersion: 5.14.0-427.37.1.el9_4.x86_64  CompilerName: GCC  CompilerVersion: 8.4.0
ProgramName: mri_watershed  ProgramArguments: mri_watershed -all-info  ProgramVersion: 7.3.2  TimeStamp: 2026/03/08-22:04:47-GMT  BuildTime: Aug  4 2022 06:17:15  BuildStamp: freesurfer-linux-ubuntu22_x86_64-7.3.2-20220804-6354275  User: oesteban  Machine: dna029  Platform: Linux  PlatformVersion: 5.14.0-427.37.1.el9_4.x86_64  CompilerName: GCC  CompilerVersion: 8.4.0
ProgramName: tkregister2  ProgramArguments: tkregister2_cmdl -all-info  ProgramVersion: 7.3.2  TimeStamp: 2026/03/08-22:04:47-GMT  BuildTime: Aug  4 2022 06:17:15  BuildStamp: freesurfer-linux-ubuntu22_x86_64-7.3.2-20220804-6354275  User: oesteban  Machine: dna029  Platform: Linux  PlatformVersion: 5.14.0-427.37.1.el9_4.x86_64  CompilerName: GCC  CompilerVersion: 8.4.0
mri_motion_correct.fsl 7.3.2
mri_convert -all-info 
ProgramName: mri_convert  ProgramArguments: mri_convert -all-info  ProgramVersion: 7.3.2  TimeStamp: 2026/03/08-22:04:47-GMT  BuildTime: Aug  4 2022 06:17:15  BuildStamp: freesurfer-linux-ubuntu22_x86_64-7.3.2-20220804-6354275  User: oesteban  Machine: dna029  Platform: Linux  PlatformVersion: 5.14.0-427.37.1.el9_4.x86_64  CompilerName: GCC  CompilerVersion: 8.4.0
Program nu_correct, built from:
Package MNI N3, version 1.12.0, compiled by nicks@terrier (x86_64-unknown-linux-gnu) on 2015-06-19 at 01:25:34
#######################################
GCADIR /opt/freesurfer/average
GCA RB_all_2020-01-02.gca
GCASkull RB_all_withskull_2020_01_02.gca
AvgCurvTif folding.atlas.acfb40.noaparc.i12.2016-08-02.tif
GCSDIR /opt/freesurfer/average
GCS DKaparc.atlas.acfb40.noaparc.i12.2016-08-02.gcs
#######################################
#-------------------------------------
#@# EM Registration Sun Mar  8 23:04:47 CET 2026
/out/sourcedata/freesurfer/sub-v1s16x0051176_ses-1/mri

 mri_em_register -uns 3 -mask brainmask.mgz nu.mgz /opt/freesurfer/average/RB_all_2020-01-02.gca transforms/talairach.lta 

setting unknown_nbr_spacing = 3
using MR volume brainmask.mgz to mask input volume...

== Number of threads available to mri_em_register for OpenMP = 16 == 
reading 1 input volumes...
logging results to talairach.log
reading '/opt/freesurfer/average/RB_all_2020-01-02.gca'...
GCAread took 0 minutes and 1 seconds.
average std = 7.2   using min determinant for regularization = 5.2
0 singular and 884 ill-conditioned covariance matrices regularized
reading 'nu.mgz'...
MRImask(): AllowDiffGeom = 1
MRImask(): AllowDiffGeom = 1
MRImask(): AllowDiffGeom = 1
MRImask(): AllowDiffGeom = 1
MRImask(): AllowDiffGeom = 1
freeing gibbs priors...done.
accounting for voxel sizes in initial transform
bounding unknown intensity as < 5.9 or > 519.0 
total sample mean = 79.1 (1017 zeros)
************************************************
spacing=8, using 2841 sample points, tol=1.00e-05...
************************************************
register_mri: find_optimal_transform
find_optimal_transform: nsamples 2841, passno 0, spacing 8
resetting wm mean[0]: 98 --> 107
resetting gm mean[0]: 61 --> 61
input volume #1 is the most T1-like
using real data threshold=22.0
skull bounding box = (60, 38, 42) --> (198, 144, 198)
finding center of left hemi white matter
using (106, 73, 120) as brain centroid of Right_Cerebral_White_Matter...
MRImask(): AllowDiffGeom = 1
mean wm in atlas = 107, using box (89,60,101) --> (122, 85,139) to find MRI wm
before smoothing, mri peak at 106
robust fit to distribution - 104 +- 8.6
after smoothing, mri peak at 105, scaling input intensities by 1.019
scaling channel 0 by 1.01905
initial log_p = -4.538
************************************************
First Search limited to translation only.
************************************************
max log p =    -4.210826 @ (-10.526, 31.579, -10.526)
max log p =    -4.100162 @ (5.263, -5.263, -5.263)
max log p =    -4.012811 @ (2.632, 7.895, 2.632)
max log p =    -4.007915 @ (1.316, -1.316, -1.316)
max log p =    -3.999567 @ (-0.658, -0.658, 1.974)
max log p =    -3.999567 @ (0.000, 0.000, 0.000)
max log p =    -3.999567 @ (0.000, 0.000, 0.000)
max log p =    -3.999567 @ (0.000, 0.000, 0.000)
Found translation: (-2.0, 32.2, -12.5): log p = -4.000
****************************************
Nine parameter search.  iteration 0 nscales = 0 ...
****************************************
Result so far: scale 1.000: max_log_p=-3.741, old_max_log_p =-4.000 (thresh=-4.0)
 1.08580   0.04031   0.00000  -20.70568;
 0.04031   1.22545   0.00000  -0.65603;
 0.00000   0.00000   1.06375  -20.01746;
 0.00000   0.00000   0.00000   1.00000;
iteration took 0 minutes and 13 seconds.
****************************************
Nine parameter search.  iteration 1 nscales = 0 ...
****************************************
Result so far: scale 1.000: max_log_p=-3.741, old_max_log_p =-3.741 (thresh=-3.7)
 1.08580   0.04031   0.00000  -20.70568;
 0.04031   1.22545   0.00000  -0.65603;
 0.00000   0.00000   1.06375  -20.01746;
 0.00000   0.00000   0.00000   1.00000;
reducing scale to 0.2500
iteration took 0 minutes and 12 seconds.
****************************************
Nine parameter search.  iteration 2 nscales = 1 ...
****************************************
Result so far: scale 0.250: max_log_p=-3.589, old_max_log_p =-3.741 (thresh=-3.7)
 1.03792  -0.04338  -0.06230   4.55665;
 0.11515   1.26834  -0.07674  -9.27573;
 0.07641   0.08571   1.09892  -46.04559;
 0.00000   0.00000   0.00000   1.00000;
iteration took 0 minutes and 11 seconds.
****************************************
Nine parameter search.  iteration 3 nscales = 1 ...
****************************************
Result so far: scale 0.250: max_log_p=-3.589, old_max_log_p =-3.589 (thresh=-3.6)
 1.03792  -0.04338  -0.06230   4.55665;
 0.11515   1.26834  -0.07674  -9.27573;
 0.07641   0.08571   1.09892  -46.04559;
 0.00000   0.00000   0.00000   1.00000;
reducing scale to 0.0625
iteration took 0 minutes and 11 seconds.
****************************************
Nine parameter search.  iteration 4 nscales = 2 ...
****************************************
Result so far: scale 0.062: max_log_p=-3.567, old_max_log_p =-3.589 (thresh=-3.6)
 1.03864  -0.04050  -0.02628   0.75164;
 0.11536   1.26752  -0.06763  -9.85155;
 0.04156   0.07691   1.10354  -40.31594;
 0.00000   0.00000   0.00000   1.00000;
iteration took 0 minutes and 11 seconds.
****************************************
Nine parameter search.  iteration 5 nscales = 2 ...
****************************************
Result so far: scale 0.062: max_log_p=-3.567, old_max_log_p =-3.567 (thresh=-3.6)
 1.03864  -0.04050  -0.02628   0.75164;
 0.11536   1.26752  -0.06763  -9.85155;
 0.04156   0.07691   1.10354  -40.31594;
 0.00000   0.00000   0.00000   1.00000;
min search scale 0.025000 reached
***********************************************
Computing MAP estimate using 2841 samples...
***********************************************
dt = 5.00e-06, momentum=0.80, tol=1.00e-05
l_intensity = 1.0000
Aligning input volume to GCA...
Transform matrix
 1.03864  -0.04050  -0.02628   0.75164;
 0.11536   1.26752  -0.06763  -9.85155;
 0.04156   0.07691   1.10354  -40.31594;
 0.00000   0.00000   0.00000   1.00000;
nsamples 2841
Quasinewton: input matrix
 1.03864  -0.04050  -0.02628   0.75164;
 0.11536   1.26752  -0.06763  -9.85155;
 0.04156   0.07691   1.10354  -40.31594;
 0.00000   0.00000   0.00000   1.00000;
 IFLAG= -1  LINE SEARCH FAILED. SEE DOCUMENTATION OF ROUTINE MCSRCH ERROR RETURN OF LINE SEARCH: INFO= 3 POSSIBLE CAUSES: FUNCTION OR GRADIENT ARE INCORRECT OR INCORRECT TOLERANCESoutof QuasiNewtonEMA: 008: -log(p) =   -0.0  tol 0.000010
Resulting transform:
 1.03864  -0.04050  -0.02628   0.75164;
 0.11536   1.26752  -0.06763  -9.85155;
 0.04156   0.07691   1.10354  -40.31594;
 0.00000   0.00000   0.00000   1.00000;

pass 1, spacing 8: log(p) = -3.567 (old=-4.538)
transform before final EM align:
 1.03864  -0.04050  -0.02628   0.75164;
 0.11536   1.26752  -0.06763  -9.85155;
 0.04156   0.07691   1.10354  -40.31594;
 0.00000   0.00000   0.00000   1.00000;

**************************************************
 EM alignment process ...
 Computing final MAP estimate using 315638 samples. 
**************************************************
dt = 5.00e-06, momentum=0.80, tol=1.00e-07
l_intensity = 1.0000
Aligning input volume to GCA...
Transform matrix
 1.03864  -0.04050  -0.02628   0.75164;
 0.11536   1.26752  -0.06763  -9.85155;
 0.04156   0.07691   1.10354  -40.31594;
 0.00000   0.00000   0.00000   1.00000;
nsamples 315638
Quasinewton: input matrix
 1.03864  -0.04050  -0.02628   0.75164;
 0.11536   1.26752  -0.06763  -9.85155;
 0.04156   0.07691   1.10354  -40.31594;
 0.00000   0.00000   0.00000   1.00000;
 IFLAG= -1  LINE SEARCH FAILED. SEE DOCUMENTATION OF ROUTINE MCSRCH ERROR RETURN OF LINE SEARCH: INFO= 6 POSSIBLE CAUSES: FUNCTION OR GRADIENT ARE INCORRECT OR INCORRECT TOLERANCESoutof QuasiNewtonEMA: 010: -log(p) =    4.0  tol 0.000000
final transform:
 1.03864  -0.04050  -0.02628   0.75164;
 0.11536   1.26752  -0.06763  -9.85155;
 0.04156   0.07691   1.10354  -40.31594;
 0.00000   0.00000   0.00000   1.00000;

writing output transformation to transforms/talairach.lta...
#VMPC# mri_em_register VmPeak  891284
FSRUNTIME@ mri_em_register  0.0274 hours 16 threads
registration took 1 minutes and 39 seconds.

Started at Sun Mar 8 23:04:47 CET 2026 
Ended   at Sun Mar 8 23:06:26 CET 2026
#@#%# recon-all-run-time-hours 0.027
recon-all -s sub-v1s16x0051176_ses-1 finished without error at Sun Mar  8 23:06:26 CET 2026



#New# invocation of recon-all 




Sun Mar  8 23:06:27 CET 2026
cd /out/sourcedata/freesurfer/sub-v1s16x0051176_ses-1
setenv SUBJECTS_DIR /out/sourcedata/freesurfer
/opt/freesurfer/bin/recon-all -autorecon2-volonly -openmp 16 -subjid sub-v1s16x0051176_ses-1 -sd /out/sourcedata/freesurfer -nogcareg

subjid sub-v1s16x0051176_ses-1
setenv SUBJECTS_DIR /out/sourcedata/freesurfer
FREESURFER_HOME /opt/freesurfer
Actual FREESURFER_HOME /opt/freesurfer
build-stamp.txt: freesurfer-linux-ubuntu22_x86_64-7.3.2-20220804-6354275
Linux dna029 5.14.0-427.37.1.el9_4.x86_64 #1 SMP PREEMPT_DYNAMIC Fri Sep 13 12:41:50 EDT 2024 x86_64 x86_64 x86_64 GNU/Linux
cputime      unlimited
filesize     unlimited
datasize     unlimited
stacksize    8192 kbytes
coredumpsize 0 kbytes
memoryuse    67108864 kbytes
vmemoryuse   unlimited
descriptors  1024 
memorylocked unlimited
maxproc      2061970 
maxlocks     unlimited
maxsignal    2061970 
maxmessage   819200 
maxnice      0 
maxrtprio    0 
maxrttime    unlimited

               total        used        free      shared  buff/cache   available
Mem:           503Gi        50Gi       400Gi       9.2Gi        52Gi       441Gi
Swap:             0B          0B          0B

########################################
program versions used
7.3.2 (freesurfer-linux-ubuntu22_x86_64-7.3.2-20220804-6354275)
7.3.2

ProgramName: lta_convert  ProgramArguments: lta_convert -all-info  ProgramVersion: 7.3.2  TimeStamp: 2026/03/08-22:06:27-GMT  BuildTime: Aug  4 2022 06:17:15  BuildStamp: freesurfer-linux-ubuntu22_x86_64-7.3.2-20220804-6354275  User: oesteban  Machine: dna029  Platform: Linux  PlatformVersion: 5.14.0-427.37.1.el9_4.x86_64  CompilerName: GCC  CompilerVersion: 8.4.0
ProgramName: mri_and  ProgramArguments: mri_and -all-info  ProgramVersion: 7.3.2  TimeStamp: 2026/03/08-22:06:27-GMT  BuildTime: Aug  4 2022 06:17:15  BuildStamp: freesurfer-linux-ubuntu22_x86_64-7.3.2-20220804-6354275  User: oesteban  Machine: dna029  Platform: Linux  PlatformVersion: 5.14.0-427.37.1.el9_4.x86_64  CompilerName: GCC  CompilerVersion: 8.4.0
ProgramName: mri_annotation2label  ProgramArguments: mri_annotation2label -all-info  ProgramVersion: 7.3.2  TimeStamp: 2026/03/08-22:06:28-GMT  BuildTime: Aug  4 2022 06:17:15  BuildStamp: freesurfer-linux-ubuntu22_x86_64-7.3.2-20220804-6354275  User: oesteban  Machine: dna029  Platform: Linux  PlatformVersion: 5.14.0-427.37.1.el9_4.x86_64  CompilerName: GCC  CompilerVersion: 8.4.0
ProgramName: mri_aparc2aseg  ProgramArguments: mri_aparc2aseg -all-info  ProgramVersion: 7.3.2  TimeStamp: 2026/03/08-22:06:28-GMT  BuildTime: Aug  4 2022 06:17:15  BuildStamp: freesurfer-linux-ubuntu22_x86_64-7.3.2-20220804-6354275  User: oesteban  Machine: dna029  Platform: Linux  PlatformVersion: 5.14.0-427.37.1.el9_4.x86_64  CompilerName: GCC  CompilerVersion: 8.4.0
ProgramName: mri_surf2volseg  ProgramArguments: mri_surf2volseg -all-info  ProgramVersion: 7.3.2  TimeStamp: 2026/03/08-22:06:28-GMT  BuildTime: Aug  4 2022 06:17:15  BuildStamp: freesurfer-linux-ubuntu22_x86_64-7.3.2-20220804-6354275  User: oesteban  Machine: dna029  Platform: Linux  PlatformVersion: 5.14.0-427.37.1.el9_4.x86_64  CompilerName: GCC  CompilerVersion: 8.4.0
ProgramName: mri_binarize  ProgramArguments: mri_binarize -all-info  ProgramVersion: 7.3.2  TimeStamp: 2026/03/08-22:06:28-GMT  BuildTime: Aug  4 2022 06:17:15  BuildStamp: freesurfer-linux-ubuntu22_x86_64-7.3.2-20220804-6354275  User: oesteban  Machine: dna029  Platform: Linux  PlatformVersion: 5.14.0-427.37.1.el9_4.x86_64  CompilerName: GCC  CompilerVersion: 8.4.0
ProgramName: mri_ca_label  ProgramArguments: mri_ca_label -all-info  ProgramVersion: 7.3.2  TimeStamp: 2026/03/08-22:06:28-GMT  BuildTime: Aug  4 2022 06:17:15  BuildStamp: freesurfer-linux-ubuntu22_x86_64-7.3.2-20220804-6354275  User: oesteban  Machine: dna029  Platform: Linux  PlatformVersion: 5.14.0-427.37.1.el9_4.x86_64  CompilerName: GCC  CompilerVersion: 8.4.0
ProgramName: mri_ca_normalize  ProgramArguments: mri_ca_normalize -all-info  ProgramVersion: 7.3.2  TimeStamp: 2026/03/08-22:06:28-GMT  BuildTime: Aug  4 2022 06:17:15  BuildStamp: freesurfer-linux-ubuntu22_x86_64-7.3.2-20220804-6354275  User: oesteban  Machine: dna029  Platform: Linux  PlatformVersion: 5.14.0-427.37.1.el9_4.x86_64  CompilerName: GCC  CompilerVersion: 8.4.0
ProgramName: mri_ca_register  ProgramArguments: mri_ca_register -all-info  ProgramVersion: 7.3.2  TimeStamp: 2026/03/08-22:06:28-GMT  BuildTime: Aug  4 2022 06:17:15  BuildStamp: freesurfer-linux-ubuntu22_x86_64-7.3.2-20220804-6354275  User: oesteban  Machine: dna029  Platform: Linux  PlatformVersion: 5.14.0-427.37.1.el9_4.x86_64  CompilerName: GCC  CompilerVersion: 8.4.0
ProgramName: mri_cc  ProgramArguments: mri_cc -all-info  ProgramVersion: 7.3.2  TimeStamp: 2026/03/08-22:06:28-GMT  BuildTime: Aug  4 2022 06:17:15  BuildStamp: freesurfer-linux-ubuntu22_x86_64-7.3.2-20220804-6354275  User: oesteban  Machine: dna029  Platform: Linux  PlatformVersion: 5.14.0-427.37.1.el9_4.x86_64  CompilerName: GCC  CompilerVersion: 8.4.0
ProgramName: mri_compute_overlap  ProgramArguments: mri_compute_overlap -all-info  ProgramVersion: 7.3.2  TimeStamp: 2026/03/08-22:06:28-GMT  BuildTime: Aug  4 2022 06:17:15  BuildStamp: freesurfer-linux-ubuntu22_x86_64-7.3.2-20220804-6354275  User: oesteban  Machine: dna029  Platform: Linux  PlatformVersion: 5.14.0-427.37.1.el9_4.x86_64  CompilerName: GCC  CompilerVersion: 8.4.0
ProgramName: mri_compute_seg_overlap  ProgramArguments: mri_compute_seg_overlap -all-info  ProgramVersion: 7.3.2  TimeStamp: 2026/03/08-22:06:28-GMT  BuildTime: Aug  4 2022 06:17:15  BuildStamp: freesurfer-linux-ubuntu22_x86_64-7.3.2-20220804-6354275  User: oesteban  Machine: dna029  Platform: Linux  PlatformVersion: 5.14.0-427.37.1.el9_4.x86_64  CompilerName: GCC  CompilerVersion: 8.4.0
ProgramName: mri_concat  ProgramArguments: mri_concat -all-info  ProgramVersion: 7.3.2  TimeStamp: 2026/03/08-22:06:28-GMT  BuildTime: Aug  4 2022 06:17:15  BuildStamp: freesurfer-linux-ubuntu22_x86_64-7.3.2-20220804-6354275  User: oesteban  Machine: dna029  Platform: Linux  PlatformVersion: 5.14.0-427.37.1.el9_4.x86_64  CompilerName: GCC  CompilerVersion: 8.4.0
ProgramName: mri_concatenate_lta  ProgramArguments: mri_concatenate_lta -all-info  ProgramVersion: 7.3.2  TimeStamp: 2026/03/08-22:06:28-GMT  BuildTime: Aug  4 2022 06:17:15  BuildStamp: freesurfer-linux-ubuntu22_x86_64-7.3.2-20220804-6354275  User: oesteban  Machine: dna029  Platform: Linux  PlatformVersion: 5.14.0-427.37.1.el9_4.x86_64  CompilerName: GCC  CompilerVersion: 8.4.0
mri_convert -all-info 
ProgramName: mri_convert  ProgramArguments: mri_convert -all-info  ProgramVersion: 7.3.2  TimeStamp: 2026/03/08-22:06:28-GMT  BuildTime: Aug  4 2022 06:17:15  BuildStamp: freesurfer-linux-ubuntu22_x86_64-7.3.2-20220804-6354275  User: oesteban  Machine: dna029  Platform: Linux  PlatformVersion: 5.14.0-427.37.1.el9_4.x86_64  CompilerName: GCC  CompilerVersion: 8.4.0
ProgramName: mri_diff  ProgramArguments: mri_diff -all-info  ProgramVersion: 7.3.2  TimeStamp: 2026/03/08-22:06:28-GMT  BuildTime: Aug  4 2022 06:17:15  BuildStamp: freesurfer-linux-ubuntu22_x86_64-7.3.2-20220804-6354275  User: oesteban  Machine: dna029  Platform: Linux  PlatformVersion: 5.14.0-427.37.1.el9_4.x86_64  CompilerName: GCC  CompilerVersion: 8.4.0
ProgramName: mri_edit_wm_with_aseg  ProgramArguments: mri_edit_wm_with_aseg -all-info  ProgramVersion: 7.3.2  TimeStamp: 2026/03/08-22:06:28-GMT  BuildTime: Aug  4 2022 06:17:15  BuildStamp: freesurfer-linux-ubuntu22_x86_64-7.3.2-20220804-6354275  User: oesteban  Machine: dna029  Platform: Linux  PlatformVersion: 5.14.0-427.37.1.el9_4.x86_64  CompilerName: GCC  CompilerVersion: 8.4.0
ProgramName: mri_em_register  ProgramArguments: mri_em_register -all-info  ProgramVersion: 7.3.2  TimeStamp: 2026/03/08-22:06:28-GMT  BuildTime: Aug  4 2022 06:17:15  BuildStamp: freesurfer-linux-ubuntu22_x86_64-7.3.2-20220804-6354275  User: oesteban  Machine: dna029  Platform: Linux  PlatformVersion: 5.14.0-427.37.1.el9_4.x86_64  CompilerName: GCC  CompilerVersion: 8.4.0
ProgramName: mri_fill  ProgramArguments: mri_fill -all-info  ProgramVersion: 7.3.2  TimeStamp: 2026/03/08-22:06:28-GMT  BuildTime: Aug  4 2022 06:17:15  BuildStamp: freesurfer-linux-ubuntu22_x86_64-7.3.2-20220804-6354275  User: oesteban  Machine: dna029  Platform: Linux  PlatformVersion: 5.14.0-427.37.1.el9_4.x86_64  CompilerName: GCC  CompilerVersion: 8.4.0
ProgramName: mri_fuse_segmentations  ProgramArguments: mri_fuse_segmentations -all-info  ProgramVersion: 7.3.2  TimeStamp: 2026/03/08-22:06:28-GMT  BuildTime: Aug  4 2022 06:17:15  BuildStamp: freesurfer-linux-ubuntu22_x86_64-7.3.2-20220804-6354275  User: oesteban  Machine: dna029  Platform: Linux  PlatformVersion: 5.14.0-427.37.1.el9_4.x86_64  CompilerName: GCC  CompilerVersion: 8.4.0
ProgramName: mri_fwhm  ProgramArguments: mri_fwhm -all-info  ProgramVersion: 7.3.2  TimeStamp: 2026/03/08-22:06:28-GMT  BuildTime: Aug  4 2022 06:17:15  BuildStamp: freesurfer-linux-ubuntu22_x86_64-7.3.2-20220804-6354275  User: oesteban  Machine: dna029  Platform: Linux  PlatformVersion: 5.14.0-427.37.1.el9_4.x86_64  CompilerName: GCC  CompilerVersion: 8.4.0
ProgramName: mri_gcut  ProgramArguments: mri_gcut -all-info  ProgramVersion: 7.3.2  TimeStamp: 2026/03/08-22:06:28-GMT  BuildTime: Aug  4 2022 06:17:15  BuildStamp: freesurfer-linux-ubuntu22_x86_64-7.3.2-20220804-6354275  User: oesteban  Machine: dna029  Platform: Linux  PlatformVersion: 5.14.0-427.37.1.el9_4.x86_64  CompilerName: GCC  CompilerVersion: 8.4.0
ProgramName: mri_info  ProgramArguments: mri_info -all-info  ProgramVersion: 7.3.2  TimeStamp: 2026/03/08-22:06:28-GMT  BuildTime: Aug  4 2022 06:17:15  BuildStamp: freesurfer-linux-ubuntu22_x86_64-7.3.2-20220804-6354275  User: oesteban  Machine: dna029  Platform: Linux  PlatformVersion: 5.14.0-427.37.1.el9_4.x86_64  CompilerName: GCC  CompilerVersion: 8.4.0
ProgramName: mri_label2label  ProgramArguments: mri_label2label -all-info  ProgramVersion: 7.3.2  TimeStamp: 2026/03/08-22:06:28-GMT  BuildTime: Aug  4 2022 06:17:15  BuildStamp: freesurfer-linux-ubuntu22_x86_64-7.3.2-20220804-6354275  User: oesteban  Machine: dna029  Platform: Linux  PlatformVersion: 5.14.0-427.37.1.el9_4.x86_64  CompilerName: GCC  CompilerVersion: 8.4.0
ProgramName: mri_label2vol  ProgramArguments: mri_label2vol -all-info  ProgramVersion: 7.3.2  TimeStamp: 2026/03/08-22:06:28-GMT  BuildTime: Aug  4 2022 06:17:15  BuildStamp: freesurfer-linux-ubuntu22_x86_64-7.3.2-20220804-6354275  User: oesteban  Machine: dna029  Platform: Linux  PlatformVersion: 5.14.0-427.37.1.el9_4.x86_64  CompilerName: GCC  CompilerVersion: 8.4.0
ProgramName: mri_log_likelihood  ProgramArguments: mri_log_likelihood -all-info  ProgramVersion: 7.3.2  TimeStamp: 2026/03/08-22:06:28-GMT  BuildTime: Aug  4 2022 06:17:15  BuildStamp: freesurfer-linux-ubuntu22_x86_64-7.3.2-20220804-6354275  User: oesteban  Machine: dna029  Platform: Linux  PlatformVersion: 5.14.0-427.37.1.el9_4.x86_64  CompilerName: GCC  CompilerVersion: 8.4.0
ProgramName: mri_mask  ProgramArguments: mri_mask -all-info  ProgramVersion: 7.3.2  TimeStamp: 2026/03/08-22:06:28-GMT  BuildTime: Aug  4 2022 06:17:15  BuildStamp: freesurfer-linux-ubuntu22_x86_64-7.3.2-20220804-6354275  User: oesteban  Machine: dna029  Platform: Linux  PlatformVersion: 5.14.0-427.37.1.el9_4.x86_64  CompilerName: GCC  CompilerVersion: 8.4.0
ProgramName: mri_matrix_multiply  ProgramArguments: mri_matrix_multiply -all-info  ProgramVersion: 7.3.2  TimeStamp: 2026/03/08-22:06:28-GMT  BuildTime: Aug  4 2022 06:17:15  BuildStamp: freesurfer-linux-ubuntu22_x86_64-7.3.2-20220804-6354275  User: oesteban  Machine: dna029  Platform: Linux  PlatformVersion: 5.14.0-427.37.1.el9_4.x86_64  CompilerName: GCC  CompilerVersion: 8.4.0
ProgramName: mri_normalize  ProgramArguments: mri_normalize -all-info  ProgramVersion: 7.3.2  TimeStamp: 2026/03/08-22:06:28-GMT  BuildTime: Aug  4 2022 06:17:15  BuildStamp: freesurfer-linux-ubuntu22_x86_64-7.3.2-20220804-6354275  User: oesteban  Machine: dna029  Platform: Linux  PlatformVersion: 5.14.0-427.37.1.el9_4.x86_64  CompilerName: GCC  CompilerVersion: 8.4.0
ProgramName: mri_normalize_tp2  ProgramArguments: mri_normalize_tp2 -all-info  ProgramVersion: 7.3.2  TimeStamp: 2026/03/08-22:06:28-GMT  BuildTime: Aug  4 2022 06:17:15  BuildStamp: freesurfer-linux-ubuntu22_x86_64-7.3.2-20220804-6354275  User: oesteban  Machine: dna029  Platform: Linux  PlatformVersion: 5.14.0-427.37.1.el9_4.x86_64  CompilerName: GCC  CompilerVersion: 8.4.0
ProgramName: mri_or  ProgramArguments: mri_or -all-info  ProgramVersion: 7.3.2  TimeStamp: 2026/03/08-22:06:28-GMT  BuildTime: Aug  4 2022 06:17:15  BuildStamp: freesurfer-linux-ubuntu22_x86_64-7.3.2-20220804-6354275  User: oesteban  Machine: dna029  Platform: Linux  PlatformVersion: 5.14.0-427.37.1.el9_4.x86_64  CompilerName: GCC  CompilerVersion: 8.4.0
ProgramName: mri_relabel_hypointensities  ProgramArguments: mri_relabel_hypointensities -all-info  ProgramVersion: 7.3.2  TimeStamp: 2026/03/08-22:06:28-GMT  BuildTime: Aug  4 2022 06:17:15  BuildStamp: freesurfer-linux-ubuntu22_x86_64-7.3.2-20220804-6354275  User: oesteban  Machine: dna029  Platform: Linux  PlatformVersion: 5.14.0-427.37.1.el9_4.x86_64  CompilerName: GCC  CompilerVersion: 8.4.0
ProgramName: mri_relabel_nonwm_hypos  ProgramArguments: mri_relabel_nonwm_hypos -all-info  ProgramVersion: 7.3.2  TimeStamp: 2026/03/08-22:06:28-GMT  BuildTime: Aug  4 2022 06:17:15  BuildStamp: freesurfer-linux-ubuntu22_x86_64-7.3.2-20220804-6354275  User: oesteban  Machine: dna029  Platform: Linux  PlatformVersion: 5.14.0-427.37.1.el9_4.x86_64  CompilerName: GCC  CompilerVersion: 8.4.0
ProgramName: mri_remove_neck  ProgramArguments: mri_remove_neck -all-info  ProgramVersion: 7.3.2  TimeStamp: 2026/03/08-22:06:28-GMT  BuildTime: Aug  4 2022 06:17:15  BuildStamp: freesurfer-linux-ubuntu22_x86_64-7.3.2-20220804-6354275  User: oesteban  Machine: dna029  Platform: Linux  PlatformVersion: 5.14.0-427.37.1.el9_4.x86_64  CompilerName: GCC  CompilerVersion: 8.4.0
7.3.2

ProgramName: mri_robust_register  ProgramArguments: mri_robust_register -all-info  ProgramVersion: 7.3.2  TimeStamp: 2026/03/08-22:06:28-GMT  BuildTime: Aug  4 2022 06:17:15  BuildStamp: freesurfer-linux-ubuntu22_x86_64-7.3.2-20220804-6354275  User: oesteban  Machine: dna029  Platform: Linux  PlatformVersion: 5.14.0-427.37.1.el9_4.x86_64  CompilerName: GCC  CompilerVersion: 8.4.0
7.3.2

ProgramName: mri_robust_template  ProgramArguments: mri_robust_template -all-info  ProgramVersion: 7.3.2  TimeStamp: 2026/03/08-22:06:28-GMT  BuildTime: Aug  4 2022 06:17:15  BuildStamp: freesurfer-linux-ubuntu22_x86_64-7.3.2-20220804-6354275  User: oesteban  Machine: dna029  Platform: Linux  PlatformVersion: 5.14.0-427.37.1.el9_4.x86_64  CompilerName: GCC  CompilerVersion: 8.4.0
ProgramName: mris_anatomical_stats  ProgramArguments: mris_anatomical_stats -all-info  ProgramVersion: 7.3.2  TimeStamp: 2026/03/08-22:06:28-GMT  BuildTime: Aug  4 2022 06:17:15  BuildStamp: freesurfer-linux-ubuntu22_x86_64-7.3.2-20220804-6354275  User: oesteban  Machine: dna029  Platform: Linux  PlatformVersion: 5.14.0-427.37.1.el9_4.x86_64  CompilerName: GCC  CompilerVersion: 8.4.0
ProgramName: mris_ca_label  ProgramArguments: mris_ca_label -all-info  ProgramVersion: 7.3.2  TimeStamp: 2026/03/08-22:06:28-GMT  BuildTime: Aug  4 2022 06:17:15  BuildStamp: freesurfer-linux-ubuntu22_x86_64-7.3.2-20220804-6354275  User: oesteban  Machine: dna029  Platform: Linux  PlatformVersion: 5.14.0-427.37.1.el9_4.x86_64  CompilerName: GCC  CompilerVersion: 8.4.0
ProgramName: mris_calc  ProgramArguments: mris_calc -all-info  ProgramVersion: 7.3.2  TimeStamp: 2026/03/08-22:06:28-GMT  BuildTime: Aug  4 2022 06:17:15  BuildStamp: freesurfer-linux-ubuntu22_x86_64-7.3.2-20220804-6354275  User: oesteban  Machine: dna029  Platform: Linux  PlatformVersion: 5.14.0-427.37.1.el9_4.x86_64  CompilerName: GCC  CompilerVersion: 8.4.0
ProgramName: mris_convert  ProgramArguments: mris_convert -all-info  ProgramVersion: 7.3.2  TimeStamp: 2026/03/08-22:06:28-GMT  BuildTime: Aug  4 2022 06:17:15  BuildStamp: freesurfer-linux-ubuntu22_x86_64-7.3.2-20220804-6354275  User: oesteban  Machine: dna029  Platform: Linux  PlatformVersion: 5.14.0-427.37.1.el9_4.x86_64  CompilerName: GCC  CompilerVersion: 8.4.0
ProgramName: mris_curvature  ProgramArguments: mris_curvature -all-info  ProgramVersion: 7.3.2  TimeStamp: 2026/03/08-22:06:28-GMT  BuildTime: Aug  4 2022 06:17:15  BuildStamp: freesurfer-linux-ubuntu22_x86_64-7.3.2-20220804-6354275  User: oesteban  Machine: dna029  Platform: Linux  PlatformVersion: 5.14.0-427.37.1.el9_4.x86_64  CompilerName: GCC  CompilerVersion: 8.4.0
ProgramName: mris_curvature_stats  ProgramArguments: mris_curvature_stats -all-info  ProgramVersion: 7.3.2  TimeStamp: 2026/03/08-22:06:28-GMT  BuildTime: Aug  4 2022 06:17:15  BuildStamp: freesurfer-linux-ubuntu22_x86_64-7.3.2-20220804-6354275  User: oesteban  Machine: dna029  Platform: Linux  PlatformVersion: 5.14.0-427.37.1.el9_4.x86_64  CompilerName: GCC  CompilerVersion: 8.4.0
ProgramName: mris_diff  ProgramArguments: mris_diff -all-info  ProgramVersion: 7.3.2  TimeStamp: 2026/03/08-22:06:28-GMT  BuildTime: Aug  4 2022 06:17:15  BuildStamp: freesurfer-linux-ubuntu22_x86_64-7.3.2-20220804-6354275  User: oesteban  Machine: dna029  Platform: Linux  PlatformVersion: 5.14.0-427.37.1.el9_4.x86_64  CompilerName: GCC  CompilerVersion: 8.4.0
ProgramName: mris_divide_parcellation  ProgramArguments: mris_divide_parcellation -all-info  ProgramVersion: 7.3.2  TimeStamp: 2026/03/08-22:06:28-GMT  BuildTime: Aug  4 2022 06:17:15  BuildStamp: freesurfer-linux-ubuntu22_x86_64-7.3.2-20220804-6354275  User: oesteban  Machine: dna029  Platform: Linux  PlatformVersion: 5.14.0-427.37.1.el9_4.x86_64  CompilerName: GCC  CompilerVersion: 8.4.0
ProgramName: mri_segment  ProgramArguments: mri_segment -all-info  ProgramVersion: 7.3.2  TimeStamp: 2026/03/08-22:06:28-GMT  BuildTime: Aug  4 2022 06:17:15  BuildStamp: freesurfer-linux-ubuntu22_x86_64-7.3.2-20220804-6354275  User: oesteban  Machine: dna029  Platform: Linux  PlatformVersion: 5.14.0-427.37.1.el9_4.x86_64  CompilerName: GCC  CompilerVersion: 8.4.0
ProgramName: mri_segstats  ProgramArguments: mri_segstats -all-info  ProgramVersion: 7.3.2  TimeStamp: 2026/03/08-22:06:28-GMT  BuildTime: Aug  4 2022 06:17:15  BuildStamp: freesurfer-linux-ubuntu22_x86_64-7.3.2-20220804-6354275  User: oesteban  Machine: dna029  Platform: Linux  PlatformVersion: 5.14.0-427.37.1.el9_4.x86_64  CompilerName: GCC  CompilerVersion: 8.4.0
ProgramName: mris_euler_number  ProgramArguments: mris_euler_number -all-info  ProgramVersion: 7.3.2  TimeStamp: 2026/03/08-22:06:28-GMT  BuildTime: Aug  4 2022 06:17:15  BuildStamp: freesurfer-linux-ubuntu22_x86_64-7.3.2-20220804-6354275  User: oesteban  Machine: dna029  Platform: Linux  PlatformVersion: 5.14.0-427.37.1.el9_4.x86_64  CompilerName: GCC  CompilerVersion: 8.4.0
ProgramName: mris_fix_topology  ProgramArguments: mris_fix_topology -all-info  ProgramVersion: 7.3.2  TimeStamp: 2026/03/08-22:06:28-GMT  BuildTime: Aug  4 2022 06:17:15  BuildStamp: freesurfer-linux-ubuntu22_x86_64-7.3.2-20220804-6354275  User: oesteban  Machine: dna029  Platform: Linux  PlatformVersion: 5.14.0-427.37.1.el9_4.x86_64  CompilerName: GCC  CompilerVersion: 8.4.0
ProgramName: mris_topo_fixer  ProgramArguments: mris_topo_fixer -all-info  ProgramVersion: 7.3.2  TimeStamp: 2026/03/08-22:06:28-GMT  BuildTime: Aug  4 2022 06:17:15  BuildStamp: freesurfer-linux-ubuntu22_x86_64-7.3.2-20220804-6354275  User: oesteban  Machine: dna029  Platform: Linux  PlatformVersion: 5.14.0-427.37.1.el9_4.x86_64  CompilerName: GCC  CompilerVersion: 8.4.0
ProgramName: mris_jacobian  ProgramArguments: mris_jacobian -all-info  ProgramVersion: 7.3.2  TimeStamp: 2026/03/08-22:06:28-GMT  BuildTime: Aug  4 2022 06:17:15  BuildStamp: freesurfer-linux-ubuntu22_x86_64-7.3.2-20220804-6354275  User: oesteban  Machine: dna029  Platform: Linux  PlatformVersion: 5.14.0-427.37.1.el9_4.x86_64  CompilerName: GCC  CompilerVersion: 8.4.0
ProgramName: mris_label2annot  ProgramArguments: mris_label2annot -all-info  ProgramVersion: 7.3.2  TimeStamp: 2026/03/08-22:06:28-GMT  BuildTime: Aug  4 2022 06:17:15  BuildStamp: freesurfer-linux-ubuntu22_x86_64-7.3.2-20220804-6354275  User: oesteban  Machine: dna029  Platform: Linux  PlatformVersion: 5.14.0-427.37.1.el9_4.x86_64  CompilerName: GCC  CompilerVersion: 8.4.0
ProgramName: mris_left_right_register  ProgramArguments: mris_left_right_register -all-info  ProgramVersion: 7.3.2  TimeStamp: 2026/03/08-22:06:28-GMT  BuildTime: Aug  4 2022 06:17:15  BuildStamp: freesurfer-linux-ubuntu22_x86_64-7.3.2-20220804-6354275  User: oesteban  Machine: dna029  Platform: Linux  PlatformVersion: 5.14.0-427.37.1.el9_4.x86_64  CompilerName: GCC  CompilerVersion: 8.4.0
ProgramName: mris_place_surface  ProgramArguments: mris_place_surface -all-info  ProgramVersion: 7.3.2  TimeStamp: 2026/03/08-22:06:28-GMT  BuildTime: Aug  4 2022 06:17:15  BuildStamp: freesurfer-linux-ubuntu22_x86_64-7.3.2-20220804-6354275  User: oesteban  Machine: dna029  Platform: Linux  PlatformVersion: 5.14.0-427.37.1.el9_4.x86_64  CompilerName: GCC  CompilerVersion: 8.4.0
ProgramName: mrisp_paint  ProgramArguments: mrisp_paint -all-info  ProgramVersion: 7.3.2  TimeStamp: 2026/03/08-22:06:28-GMT  BuildTime: Aug  4 2022 06:17:15  BuildStamp: freesurfer-linux-ubuntu22_x86_64-7.3.2-20220804-6354275  User: oesteban  Machine: dna029  Platform: Linux  PlatformVersion: 5.14.0-427.37.1.el9_4.x86_64  CompilerName: GCC  CompilerVersion: 8.4.0
ProgramName: mris_register  ProgramArguments: mris_register -all-info  ProgramVersion: 7.3.2  TimeStamp: 2026/03/08-22:06:28-GMT  BuildTime: Aug  4 2022 06:17:15  BuildStamp: freesurfer-linux-ubuntu22_x86_64-7.3.2-20220804-6354275  User: oesteban  Machine: dna029  Platform: Linux  PlatformVersion: 5.14.0-427.37.1.el9_4.x86_64  CompilerName: GCC  CompilerVersion: 8.4.0
ProgramName: mris_smooth  ProgramArguments: mris_smooth -all-info  ProgramVersion: 7.3.2  TimeStamp: 2026/03/08-22:06:28-GMT  BuildTime: Aug  4 2022 06:17:15  BuildStamp: freesurfer-linux-ubuntu22_x86_64-7.3.2-20220804-6354275  User: oesteban  Machine: dna029  Platform: Linux  PlatformVersion: 5.14.0-427.37.1.el9_4.x86_64  CompilerName: GCC  CompilerVersion: 8.4.0
ProgramName: mris_sphere  ProgramArguments: mris_sphere -all-info  ProgramVersion: 7.3.2  TimeStamp: 2026/03/08-22:06:28-GMT  BuildTime: Aug  4 2022 06:17:15  BuildStamp: freesurfer-linux-ubuntu22_x86_64-7.3.2-20220804-6354275  User: oesteban  Machine: dna029  Platform: Linux  PlatformVersion: 5.14.0-427.37.1.el9_4.x86_64  CompilerName: GCC  CompilerVersion: 8.4.0
ProgramName: mris_surface_stats  ProgramArguments: mris_surface_stats -all-info  ProgramVersion: 7.3.2  TimeStamp: 2026/03/08-22:06:28-GMT  BuildTime: Aug  4 2022 06:17:15  BuildStamp: freesurfer-linux-ubuntu22_x86_64-7.3.2-20220804-6354275  User: oesteban  Machine: dna029  Platform: Linux  PlatformVersion: 5.14.0-427.37.1.el9_4.x86_64  CompilerName: GCC  CompilerVersion: 8.4.0
ProgramName: mri_stats2seg  ProgramArguments: mri_stats2seg -all-info  ProgramVersion: 7.3.2  TimeStamp: 2026/03/08-22:06:28-GMT  BuildTime: Aug  4 2022 06:17:15  BuildStamp: freesurfer-linux-ubuntu22_x86_64-7.3.2-20220804-6354275  User: oesteban  Machine: dna029  Platform: Linux  PlatformVersion: 5.14.0-427.37.1.el9_4.x86_64  CompilerName: GCC  CompilerVersion: 8.4.0
ProgramName: mris_thickness  ProgramArguments: mris_thickness -all-info  ProgramVersion: 7.3.2  TimeStamp: 2026/03/08-22:06:28-GMT  BuildTime: Aug  4 2022 06:17:15  BuildStamp: freesurfer-linux-ubuntu22_x86_64-7.3.2-20220804-6354275  User: oesteban  Machine: dna029  Platform: Linux  PlatformVersion: 5.14.0-427.37.1.el9_4.x86_64  CompilerName: GCC  CompilerVersion: 8.4.0
ProgramName: mris_thickness_diff  ProgramArguments: mris_thickness_diff -all-info  ProgramVersion: 7.3.2  TimeStamp: 2026/03/08-22:06:28-GMT  BuildTime: Aug  4 2022 06:17:15  BuildStamp: freesurfer-linux-ubuntu22_x86_64-7.3.2-20220804-6354275  User: oesteban  Machine: dna029  Platform: Linux  PlatformVersion: 5.14.0-427.37.1.el9_4.x86_64  CompilerName: GCC  CompilerVersion: 8.4.0
ProgramName: mris_topo_fixer  ProgramArguments: mris_topo_fixer -all-info  ProgramVersion: 7.3.2  TimeStamp: 2026/03/08-22:06:28-GMT  BuildTime: Aug  4 2022 06:17:15  BuildStamp: freesurfer-linux-ubuntu22_x86_64-7.3.2-20220804-6354275  User: oesteban  Machine: dna029  Platform: Linux  PlatformVersion: 5.14.0-427.37.1.el9_4.x86_64  CompilerName: GCC  CompilerVersion: 8.4.0
ProgramName: mri_surf2surf  ProgramArguments: mri_surf2surf -all-info  ProgramVersion: 7.3.2  TimeStamp: 2026/03/08-22:06:28-GMT  BuildTime: Aug  4 2022 06:17:15  BuildStamp: freesurfer-linux-ubuntu22_x86_64-7.3.2-20220804-6354275  User: oesteban  Machine: dna029  Platform: Linux  PlatformVersion: 5.14.0-427.37.1.el9_4.x86_64  CompilerName: GCC  CompilerVersion: 8.4.0
ProgramName: mri_surf2vol  ProgramArguments: mri_surf2vol -all-info  ProgramVersion: 7.3.2  TimeStamp: 2026/03/08-22:06:28-GMT  BuildTime: Aug  4 2022 06:17:15  BuildStamp: freesurfer-linux-ubuntu22_x86_64-7.3.2-20220804-6354275  User: oesteban  Machine: dna029  Platform: Linux  PlatformVersion: 5.14.0-427.37.1.el9_4.x86_64  CompilerName: GCC  CompilerVersion: 8.4.0
ProgramName: mri_surfcluster  ProgramArguments: mri_surfcluster -all-info  ProgramVersion: 7.3.2  TimeStamp: 2026/03/08-22:06:28-GMT  BuildTime: Aug  4 2022 06:17:15  BuildStamp: freesurfer-linux-ubuntu22_x86_64-7.3.2-20220804-6354275  User: oesteban  Machine: dna029  Platform: Linux  PlatformVersion: 5.14.0-427.37.1.el9_4.x86_64  CompilerName: GCC  CompilerVersion: 8.4.0
ProgramName: mris_volmask  ProgramArguments: mris_volmask -all-info  ProgramVersion: 7.3.2  TimeStamp: 2026/03/08-22:06:28-GMT  BuildTime: Aug  4 2022 06:17:15  BuildStamp: freesurfer-linux-ubuntu22_x86_64-7.3.2-20220804-6354275  User: oesteban  Machine: dna029  Platform: Linux  PlatformVersion: 5.14.0-427.37.1.el9_4.x86_64  CompilerName: GCC  CompilerVersion: 8.4.0
ProgramName: mri_tessellate  ProgramArguments: mri_tessellate -all-info  ProgramVersion: 7.3.2  TimeStamp: 2026/03/08-22:06:28-GMT  BuildTime: Aug  4 2022 06:17:15  BuildStamp: freesurfer-linux-ubuntu22_x86_64-7.3.2-20220804-6354275  User: oesteban  Machine: dna029  Platform: Linux  PlatformVersion: 5.14.0-427.37.1.el9_4.x86_64  CompilerName: GCC  CompilerVersion: 8.4.0
ProgramName: mri_vol2surf  ProgramArguments: mri_vol2surf -all-info  ProgramVersion: 7.3.2  TimeStamp: 2026/03/08-22:06:28-GMT  BuildTime: Aug  4 2022 06:17:15  BuildStamp: freesurfer-linux-ubuntu22_x86_64-7.3.2-20220804-6354275  User: oesteban  Machine: dna029  Platform: Linux  PlatformVersion: 5.14.0-427.37.1.el9_4.x86_64  CompilerName: GCC  CompilerVersion: 8.4.0
ProgramName: mri_vol2vol  ProgramArguments: mri_vol2vol -all-info  ProgramVersion: 7.3.2  TimeStamp: 2026/03/08-22:06:28-GMT  BuildTime: Aug  4 2022 06:17:15  BuildStamp: freesurfer-linux-ubuntu22_x86_64-7.3.2-20220804-6354275  User: oesteban  Machine: dna029  Platform: Linux  PlatformVersion: 5.14.0-427.37.1.el9_4.x86_64  CompilerName: GCC  CompilerVersion: 8.4.0
ProgramName: mri_voldiff  ProgramArguments: mri_voldiff -all-info  ProgramVersion: 7.3.2  TimeStamp: 2026/03/08-22:06:28-GMT  BuildTime: Aug  4 2022 06:17:15  BuildStamp: freesurfer-linux-ubuntu22_x86_64-7.3.2-20220804-6354275  User: oesteban  Machine: dna029  Platform: Linux  PlatformVersion: 5.14.0-427.37.1.el9_4.x86_64  CompilerName: GCC  CompilerVersion: 8.4.0
ProgramName: mri_watershed  ProgramArguments: mri_watershed -all-info  ProgramVersion: 7.3.2  TimeStamp: 2026/03/08-22:06:28-GMT  BuildTime: Aug  4 2022 06:17:15  BuildStamp: freesurfer-linux-ubuntu22_x86_64-7.3.2-20220804-6354275  User: oesteban  Machine: dna029  Platform: Linux  PlatformVersion: 5.14.0-427.37.1.el9_4.x86_64  CompilerName: GCC  CompilerVersion: 8.4.0
ProgramName: tkregister2  ProgramArguments: tkregister2_cmdl -all-info  ProgramVersion: 7.3.2  TimeStamp: 2026/03/08-22:06:28-GMT  BuildTime: Aug  4 2022 06:17:15  BuildStamp: freesurfer-linux-ubuntu22_x86_64-7.3.2-20220804-6354275  User: oesteban  Machine: dna029  Platform: Linux  PlatformVersion: 5.14.0-427.37.1.el9_4.x86_64  CompilerName: GCC  CompilerVersion: 8.4.0
mri_motion_correct.fsl 7.3.2
mri_convert -all-info 
ProgramName: mri_convert  ProgramArguments: mri_convert -all-info  ProgramVersion: 7.3.2  TimeStamp: 2026/03/08-22:06:28-GMT  BuildTime: Aug  4 2022 06:17:15  BuildStamp: freesurfer-linux-ubuntu22_x86_64-7.3.2-20220804-6354275  User: oesteban  Machine: dna029  Platform: Linux  PlatformVersion: 5.14.0-427.37.1.el9_4.x86_64  CompilerName: GCC  CompilerVersion: 8.4.0
Program nu_correct, built from:
Package MNI N3, version 1.12.0, compiled by nicks@terrier (x86_64-unknown-linux-gnu) on 2015-06-19 at 01:25:34
#######################################
GCADIR /opt/freesurfer/average
GCA RB_all_2020-01-02.gca
GCASkull RB_all_withskull_2020_01_02.gca
AvgCurvTif folding.atlas.acfb40.noaparc.i12.2016-08-02.tif
GCSDIR /opt/freesurfer/average
GCS DKaparc.atlas.acfb40.noaparc.i12.2016-08-02.gcs
#######################################
#--------------------------------------
#@# CA Normalize Sun Mar  8 23:06:28 CET 2026
/out/sourcedata/freesurfer/sub-v1s16x0051176_ses-1/mri

 mri_ca_normalize -c ctrl_pts.mgz -mask brainmask.mgz nu.mgz /opt/freesurfer/average/RB_all_2020-01-02.gca transforms/talairach.lta norm.mgz 

writing control point volume to ctrl_pts.mgz
using MR volume brainmask.mgz to mask input volume...
reading 1 input volume
reading atlas from '/opt/freesurfer/average/RB_all_2020-01-02.gca'...
reading transform from 'transforms/talairach.lta'...
reading input volume from nu.mgz...
resetting wm mean[0]: 98 --> 107
resetting gm mean[0]: 61 --> 61
input volume #1 is the most T1-like
using real data threshold=22.0
skull bounding box = (60, 38, 42) --> (198, 144, 198)
finding center of left hemi white matter
using (106, 73, 120) as brain centroid of Right_Cerebral_White_Matter...
mean wm in atlas = 107, using box (89,60,101) --> (122, 85,139) to find MRI wm
before smoothing, mri peak at 106
robust fit to distribution - 104 +- 8.6
after smoothing, mri peak at 105, scaling input intensities by 1.019
scaling channel 0 by 1.01905
using 246437 sample points...
INFO: compute sample coordinates transform
 1.03864  -0.04050  -0.02628   0.75164;
 0.11536   1.26752  -0.06763  -9.85155;
 0.04156   0.07691   1.10354  -40.31594;
 0.00000   0.00000   0.00000   1.00000;
INFO: transform used
finding control points in Left_Cerebral_White_Matter....
found 40230 control points for structure...
bounding box (126, 42, 47) --> (191, 135, 200)
Left_Cerebral_White_Matter: limiting intensities to 91.0 --> 132.0
1 of 1749 (0.1%) samples deleted
finding control points in Right_Cerebral_White_Matter....
found 39478 control points for structure...
bounding box (65, 44, 49) --> (130, 142, 201)
Right_Cerebral_White_Matter: limiting intensities to 104.0 --> 132.0
23 of 530 (4.3%) samples deleted
finding control points in Left_Cerebellum_White_Matter....
found 3105 control points for structure...
bounding box (129, 107, 65) --> (176, 142, 115)
Left_Cerebellum_White_Matter: limiting intensities to 101.0 --> 132.0
0 of 277 (0.0%) samples deleted
finding control points in Right_Cerebellum_White_Matter....
found 2710 control points for structure...
bounding box (86, 107, 65) --> (128, 145, 117)
Right_Cerebellum_White_Matter: limiting intensities to 101.0 --> 132.0
2 of 182 (1.1%) samples deleted
finding control points in Brain_Stem....
found 3475 control points for structure...
bounding box (113, 104, 97) --> (146, 158, 127)
Brain_Stem: limiting intensities to 93.0 --> 132.0
0 of 293 (0.0%) samples deleted
using 3031 total control points for intensity normalization...
bias field = 0.898 +- 0.098
0 of 3005 control points discarded
finding control points in Left_Cerebral_White_Matter....
found 40230 control points for structure...
bounding box (126, 42, 47) --> (191, 135, 200)
Left_Cerebral_White_Matter: limiting intensities to 88.0 --> 132.0
8 of 2012 (0.4%) samples deleted
finding control points in Right_Cerebral_White_Matter....
found 39478 control points for structure...
bounding box (65, 44, 49) --> (130, 142, 201)
Right_Cerebral_White_Matter: limiting intensities to 88.0 --> 132.0
36 of 648 (5.6%) samples deleted
finding control points in Left_Cerebellum_White_Matter....
found 3105 control points for structure...
bounding box (129, 107, 65) --> (176, 142, 115)
Left_Cerebellum_White_Matter: limiting intensities to 88.0 --> 132.0
28 of 340 (8.2%) samples deleted
finding control points in Right_Cerebellum_White_Matter....
found 2710 control points for structure...
bounding box (86, 107, 65) --> (128, 145, 117)
Right_Cerebellum_White_Matter: limiting intensities to 88.0 --> 132.0
13 of 245 (5.3%) samples deleted
finding control points in Brain_Stem....
found 3475 control points for structure...
bounding box (113, 104, 97) --> (146, 158, 127)
Brain_Stem: limiting intensities to 88.0 --> 132.0
37 of 440 (8.4%) samples deleted
using 3685 total control points for intensity normalization...
bias field = 0.982 +- 0.080
1 of 3517 control points discarded
finding control points in Left_Cerebral_White_Matter....
found 40230 control points for structure...
bounding box (126, 42, 47) --> (191, 135, 200)
Left_Cerebral_White_Matter: limiting intensities to 88.0 --> 132.0
17 of 2138 (0.8%) samples deleted
finding control points in Right_Cerebral_White_Matter....
found 39478 control points for structure...
bounding box (65, 44, 49) --> (130, 142, 201)
Right_Cerebral_White_Matter: limiting intensities to 88.0 --> 119.0
28 of 643 (4.4%) samples deleted
finding control points in Left_Cerebellum_White_Matter....
found 3105 control points for structure...
bounding box (129, 107, 65) --> (176, 142, 115)
Left_Cerebellum_White_Matter: limiting intensities to 88.0 --> 132.0
43 of 356 (12.1%) samples deleted
finding control points in Right_Cerebellum_White_Matter....
found 2710 control points for structure...
bounding box (86, 107, 65) --> (128, 145, 117)
Right_Cerebellum_White_Matter: limiting intensities to 88.0 --> 132.0
44 of 264 (16.7%) samples deleted
finding control points in Brain_Stem....
found 3475 control points for structure...
bounding box (113, 104, 97) --> (146, 158, 127)
Brain_Stem: limiting intensities to 88.0 --> 132.0
77 of 478 (16.1%) samples deleted
using 3879 total control points for intensity normalization...
bias field = 0.982 +- 0.068
8 of 3583 control points discarded
writing normalized volume to norm.mgz...
writing control points to ctrl_pts.mgz
freeing GCA...done.
normalization took 1 minutes and 23 seconds.
#--------------------------------------
#@# CA Reg Sun Mar  8 23:07:51 CET 2026
/out/sourcedata/freesurfer/sub-v1s16x0051176_ses-1/mri

 mri_ca_register -nobigventricles -T transforms/talairach.lta -align-after -mask brainmask.mgz norm.mgz /opt/freesurfer/average/RB_all_2020-01-02.gca transforms/talairach.m3z 

not handling expanded ventricles...
using previously computed transform transforms/talairach.lta
renormalizing sequences with structure alignment, equivalent to:
	-renormalize
	-regularize_mean 0.500
	-regularize 0.500
using MR volume brainmask.mgz to mask input volume...

== Number of threads available to mri_ca_register for OpenMP = 16 == 
reading 1 input volumes...
logging results to talairach.log
reading input volume 'norm.mgz'...
reading GCA '/opt/freesurfer/average/RB_all_2020-01-02.gca'...
label assignment complete, 0 changed (0.00%)
freeing gibbs priors...done.
average std[0] = 5.0
Starting GCAMregister()
label assignment complete, 0 changed (0.00%)
npasses = 1, nlevels = 6
#pass# 1 of 1 ************************
enabling zero nodes
setting smoothness cost coefficient to 0.156

#GCAMreg# pass 0 level1 5 level2 0 tsec 0 sigma 2
l_jacobian=1.00 l_label=1.00 l_log_likelihood=0.20 l_smoothness=0.16 
tol=2.50e-01, dt=5.00e-02, exp_k=20.0, momentum=0.90, levels=6, niter=500, lbl_dist=10.00, avgs=256, sigma=2.0,type=2, relabel=0, neg=no

blurring input image with Gaussian with sigma=2.000...
GCAMRegisterLevel(): init RMS 0.918
#FOTS# QuadFit found better minimum quadopt=(dt=221.952,rms=0.842168) vs oldopt=(dt=369.92,rms=0.85805)
#GCMRL#    0 dt 221.952000 rms  0.842  8.261% neg 0  invalid 762 tFOTS 5.2770 tGradient 3.2970 tsec 9.0030
#FOTS# QuadFit found better minimum quadopt=(dt=486.723,rms=0.776616) vs oldopt=(dt=369.92,rms=0.781198)
#GCMRL#    1 dt 486.722883 rms  0.777  7.784% neg 0  invalid 762 tFOTS 4.9790 tGradient 3.0130 tsec 8.3580
#FOTS# QuadFit found better minimum quadopt=(dt=85.5579,rms=0.770514) vs oldopt=(dt=92.48,rms=0.770525)
#GCMRL#    2 dt  85.557895 rms  0.771  0.786% neg 0  invalid 762 tFOTS 4.6050 tGradient 2.7170 tsec 7.6730
#FOTS# QuadFit found better minimum quadopt=(dt=129.472,rms=0.768591) vs oldopt=(dt=92.48,rms=0.768744)
#GCMRL#    3 dt 129.472000 rms  0.769  0.000% neg 0  invalid 762 tFOTS 5.0740 tGradient 3.3130 tsec 8.7460
#GCMRL#    4 dt 129.472000 rms  0.765  0.409% neg 0  invalid 762 tFOTS 0.0000 tGradient 3.4130 tsec 3.7290
#GCMRL#    5 dt 129.472000 rms  0.760  0.664% neg 0  invalid 762 tFOTS 0.0000 tGradient 3.2140 tsec 3.5100
#GCMRL#    6 dt 129.472000 rms  0.754  0.792% neg 0  invalid 762 tFOTS 0.0000 tGradient 3.0400 tsec 3.4030
#GCMRL#    7 dt 129.472000 rms  0.748  0.779% neg 0  invalid 762 tFOTS 0.0000 tGradient 3.5880 tsec 3.9360
#GCMRL#    8 dt 129.472000 rms  0.743  0.675% neg 0  invalid 762 tFOTS 0.0000 tGradient 3.2980 tsec 3.7480
#GCMRL#    9 dt 129.472000 rms  0.739  0.591% neg 0  invalid 762 tFOTS 0.0000 tGradient 3.4440 tsec 3.9060
#GCMRL#   10 dt 129.472000 rms  0.735  0.514% neg 0  invalid 762 tFOTS 0.0000 tGradient 3.3060 tsec 3.8890
#GCMRL#   11 dt 129.472000 rms  0.732  0.482% neg 0  invalid 762 tFOTS 0.0000 tGradient 2.8400 tsec 3.1960
#GCMRL#   12 dt 129.472000 rms  0.728  0.479% neg 0  invalid 762 tFOTS 0.0000 tGradient 2.9430 tsec 3.2830
#GCMRL#   13 dt 129.472000 rms  0.725  0.437% neg 0  invalid 762 tFOTS 0.0000 tGradient 2.9250 tsec 3.2440
#GCMRL#   14 dt 129.472000 rms  0.722  0.422% neg 0  invalid 762 tFOTS 0.0000 tGradient 2.9460 tsec 3.2670
#GCMRL#   15 dt 129.472000 rms  0.719  0.430% neg 0  invalid 762 tFOTS 0.0000 tGradient 2.8260 tsec 3.1410
#GCMRL#   16 dt 129.472000 rms  0.716  0.386% neg 0  invalid 762 tFOTS 0.0000 tGradient 2.6920 tsec 3.0150
#GCMRL#   17 dt 129.472000 rms  0.714  0.310% neg 0  invalid 762 tFOTS 0.0000 tGradient 2.7190 tsec 3.0350
#GCMRL#   18 dt 129.472000 rms  0.712  0.246% neg 0  invalid 762 tFOTS 0.0000 tGradient 2.8010 tsec 3.1180
#GCMRL#   19 dt 129.472000 rms  0.711  0.204% neg 0  invalid 762 tFOTS 0.0000 tGradient 2.8750 tsec 3.1910
#GCMRL#   20 dt 129.472000 rms  0.709  0.171% neg 0  invalid 762 tFOTS 0.0000 tGradient 2.8620 tsec 3.1760
#GCMRL#   21 dt 129.472000 rms  0.708  0.132% neg 0  invalid 762 tFOTS 0.0000 tGradient 3.2430 tsec 3.5720
#GCMRL#   22 dt 129.472000 rms  0.708  0.087% neg 0  invalid 762 tFOTS 0.0000 tGradient 3.2010 tsec 3.5330
#GCMRL#   23 dt 129.472000 rms  0.707  0.077% neg 0  invalid 762 tFOTS 0.0000 tGradient 3.4930 tsec 3.9070
#FOTS# QuadFit found better minimum quadopt=(dt=887.808,rms=0.70601) vs oldopt=(dt=1479.68,rms=0.706238)
#GCMRL#   24 dt 887.808000 rms  0.706  0.185% neg 0  invalid 762 tFOTS 5.2320 tGradient 2.9390 tsec 8.5810
#GCMRL#   25 dt  92.480000 rms  0.706  0.000% neg 0  invalid 762 tFOTS 5.0680 tGradient 3.2130 tsec 8.7210

#GCAMreg# pass 0 level1 5 level2 1 tsec 133.2 sigma 0.5
l_jacobian=1.00 l_label=1.00 l_log_likelihood=0.20 l_smoothness=0.16 
tol=2.50e-01, dt=5.00e-02, exp_k=20.0, momentum=0.90, levels=6, niter=500, lbl_dist=10.00, avgs=256, sigma=0.5,type=2, relabel=0, neg=no

blurring input image with Gaussian with sigma=0.500...
GCAMRegisterLevel(): init RMS 0.706541
#GCMRL#   27 dt 369.920000 rms  0.703  0.482% neg 0  invalid 762 tFOTS 5.0300 tGradient 3.0370 tsec 8.4440
#FOTS# QuadFit found better minimum quadopt=(dt=13.872,rms=0.703177) vs oldopt=(dt=23.12,rms=0.703178)
#GCMRL#   28 dt  13.872000 rms  0.703  0.000% neg 0  invalid 762 tFOTS 5.2960 tGradient 3.0550 tsec 8.9860
#GCMRL#   29 dt  13.872000 rms  0.703  0.001% neg 0  invalid 762 tFOTS 0.0000 tGradient 3.1470 tsec 3.4880
setting smoothness cost coefficient to 0.615

#GCAMreg# pass 0 level1 4 level2 0 tsec 0 sigma 2
l_jacobian=1.00 l_label=1.00 l_log_likelihood=0.20 l_smoothness=0.62 
tol=2.50e-01, dt=5.00e-02, exp_k=20.0, momentum=0.90, levels=6, niter=500, lbl_dist=10.00, avgs=64, sigma=2.0,type=2, relabel=0, neg=no

blurring input image with Gaussian with sigma=2.000...
GCAMRegisterLevel(): init RMS 0.718479
#GCMRL#   31 dt  25.920000 rms  0.717  0.217% neg 0  invalid 762 tFOTS 5.0940 tGradient 2.5120 tsec 7.9700
#FOTS# QuadFit found better minimum quadopt=(dt=20.736,rms=0.716681) vs oldopt=(dt=25.92,rms=0.716696)
#GCMRL#   32 dt  20.736000 rms  0.717  0.000% neg 0  invalid 762 tFOTS 4.8280 tGradient 2.2770 tsec 7.5000
#GCMRL#   33 dt  20.736000 rms  0.716  0.031% neg 0  invalid 762 tFOTS 0.0000 tGradient 2.3550 tsec 2.6960

#GCAMreg# pass 0 level1 4 level2 1 tsec 30.478 sigma 0.5
l_jacobian=1.00 l_label=1.00 l_log_likelihood=0.20 l_smoothness=0.62 
tol=2.50e-01, dt=5.00e-02, exp_k=20.0, momentum=0.90, levels=6, niter=500, lbl_dist=10.00, avgs=64, sigma=0.5,type=2, relabel=0, neg=no

blurring input image with Gaussian with sigma=0.500...
GCAMRegisterLevel(): init RMS 0.717077
#FOTS# QuadFit found better minimum quadopt=(dt=31.104,rms=0.716109) vs oldopt=(dt=25.92,rms=0.716114)
#GCMRL#   35 dt  31.104000 rms  0.716  0.135% neg 0  invalid 762 tFOTS 5.3550 tGradient 2.6510 tsec 8.3660
#FOTS# QuadFit found better minimum quadopt=(dt=20.736,rms=0.716022) vs oldopt=(dt=25.92,rms=0.716031)
#GCMRL#   36 dt  20.736000 rms  0.716  0.000% neg 0  invalid 762 tFOTS 5.1620 tGradient 2.2410 tsec 7.8650
#GCMRL#   37 dt  20.736000 rms  0.716  0.005% neg 0  invalid 762 tFOTS 0.0000 tGradient 2.5390 tsec 2.8670
setting smoothness cost coefficient to 2.353

#GCAMreg# pass 0 level1 3 level2 0 tsec 0 sigma 2
l_jacobian=1.00 l_label=1.00 l_log_likelihood=0.20 l_smoothness=2.35 
tol=2.50e-01, dt=5.00e-02, exp_k=20.0, momentum=0.90, levels=6, niter=500, lbl_dist=10.00, avgs=16, sigma=2.0,type=2, relabel=0, neg=no

blurring input image with Gaussian with sigma=2.000...
GCAMRegisterLevel(): init RMS 0.750225
#FOTS# QuadFit found better minimum quadopt=(dt=11.2,rms=0.744526) vs oldopt=(dt=8,rms=0.74499)
#GCMRL#   39 dt  11.200000 rms  0.745  0.760% neg 0  invalid 762 tFOTS 4.6390 tGradient 1.9480 tsec 6.9400
#FOTS# QuadFit found better minimum quadopt=(dt=9.6,rms=0.743694) vs oldopt=(dt=8,rms=0.743696)
#GCMRL#   40 dt   9.600000 rms  0.744  0.000% neg 0  invalid 762 tFOTS 5.0440 tGradient 2.6280 tsec 8.1170
#GCMRL#   41 dt   9.600000 rms  0.743  0.032% neg 0  invalid 762 tFOTS 0.0000 tGradient 2.3790 tsec 2.7770

#GCAMreg# pass 0 level1 3 level2 1 tsec 29.777 sigma 0.5
l_jacobian=1.00 l_label=1.00 l_log_likelihood=0.20 l_smoothness=2.35 
tol=2.50e-01, dt=5.00e-02, exp_k=20.0, momentum=0.90, levels=6, niter=500, lbl_dist=10.00, avgs=16, sigma=0.5,type=2, relabel=0, neg=no

blurring input image with Gaussian with sigma=0.500...
GCAMRegisterLevel(): init RMS 0.74407
#GCMRL#   43 dt   0.000000 rms  0.743  0.083% neg 0  invalid 762 tFOTS 4.6720 tGradient 2.0880 tsec 7.2350
setting smoothness cost coefficient to 8.000

#GCAMreg# pass 0 level1 2 level2 0 tsec 0 sigma 2
l_jacobian=1.00 l_label=1.00 l_log_likelihood=0.20 l_smoothness=8.00 
tol=2.50e-01, dt=5.00e-02, exp_k=20.0, momentum=0.90, levels=6, niter=500, lbl_dist=10.00, avgs=4, sigma=2.0,type=2, relabel=0, neg=no

blurring input image with Gaussian with sigma=2.000...
GCAMRegisterLevel(): init RMS 0.80146
#FOTS# QuadFit found better minimum quadopt=(dt=0.612903,rms=0.800513) vs oldopt=(dt=0.72,rms=0.800525)
#GCMRL#   45 dt   0.612903 rms  0.801  0.118% neg 0  invalid 762 tFOTS 4.4390 tGradient 1.8930 tsec 6.6770
#FOTS# QuadFit found better minimum quadopt=(dt=0.252,rms=0.80047) vs oldopt=(dt=0.18,rms=0.800475)
#GCMRL#   46 dt   0.252000 rms  0.800  0.000% neg 0  invalid 762 tFOTS 4.5040 tGradient 1.9180 tsec 6.8080

#GCAMreg# pass 0 level1 2 level2 1 tsec 25.533 sigma 0.5
l_jacobian=1.00 l_label=1.00 l_log_likelihood=0.20 l_smoothness=8.00 
tol=2.50e-01, dt=5.00e-02, exp_k=20.0, momentum=0.90, levels=6, niter=500, lbl_dist=10.00, avgs=4, sigma=0.5,type=2, relabel=0, neg=no

blurring input image with Gaussian with sigma=0.500...
GCAMRegisterLevel(): init RMS 0.801041
#GCMRL#   48 dt   0.180000 rms  0.800  0.074% neg 0  invalid 762 tFOTS 4.5270 tGradient 1.8470 tsec 6.7250
#FOTS# QuadFit found better minimum quadopt=(dt=0.063,rms=0.800447) vs oldopt=(dt=0.045,rms=0.800447)
#GCMRL#   49 dt   0.063000 rms  0.800  0.000% neg 0  invalid 762 tFOTS 4.4720 tGradient 1.8290 tsec 6.6800
setting smoothness cost coefficient to 20.000

#GCAMreg# pass 0 level1 1 level2 0 tsec 0 sigma 2
l_jacobian=1.00 l_label=1.00 l_log_likelihood=0.20 l_smoothness=20.00 
tol=2.50e-01, dt=5.00e-02, exp_k=20.0, momentum=0.90, levels=6, niter=500, lbl_dist=10.00, avgs=1, sigma=2.0,type=2, relabel=0, neg=no

blurring input image with Gaussian with sigma=2.000...
GCAMRegisterLevel(): init RMS 0.898385
#FOTS# QuadFit found better minimum quadopt=(dt=0.79736,rms=0.889986) vs oldopt=(dt=1.28,rms=0.892395)
#GCMRL#   51 dt   0.797360 rms  0.890  0.935% neg 0  invalid 762 tFOTS 4.4690 tGradient 1.7220 tsec 6.5520
#FOTS# QuadFit found better minimum quadopt=(dt=0.448,rms=0.88421) vs oldopt=(dt=0.32,rms=0.884773)
#GCMRL#   52 dt   0.448000 rms  0.884  0.649% neg 0  invalid 762 tFOTS 4.7700 tGradient 1.6790 tsec 6.8050
#GCMRL#   53 dt   0.320000 rms  0.881  0.386% neg 0  invalid 762 tFOTS 4.5970 tGradient 1.6230 tsec 6.5810
#FOTS# QuadFit found better minimum quadopt=(dt=0.384,rms=0.878166) vs oldopt=(dt=0.32,rms=0.878233)
#GCMRL#   54 dt   0.384000 rms  0.878  0.299% neg 0  invalid 762 tFOTS 4.5910 tGradient 1.7670 tsec 6.7100
#GCMRL#   55 dt   0.320000 rms  0.876  0.282% neg 0  invalid 762 tFOTS 4.7890 tGradient 1.5310 tsec 6.6810
#GCMRL#   56 dt   0.320000 rms  0.874  0.000% neg 0  invalid 762 tFOTS 4.5460 tGradient 1.5660 tsec 6.4950
#GCMRL#   57 dt   0.320000 rms  0.872  0.216% neg 0  invalid 762 tFOTS 0.0000 tGradient 1.8480 tsec 2.1880
#GCMRL#   58 dt   0.320000 rms  0.870  0.283% neg 0  invalid 762 tFOTS 0.0000 tGradient 1.7020 tsec 2.0370
#GCMRL#   59 dt   0.320000 rms  0.867  0.257% neg 0  invalid 762 tFOTS 0.0000 tGradient 1.4960 tsec 1.8180
#GCMRL#   60 dt   0.320000 rms  0.866  0.195% neg 0  invalid 762 tFOTS 0.0000 tGradient 1.5440 tsec 1.8760
#GCMRL#   61 dt   0.320000 rms  0.865  0.063% neg 0  invalid 762 tFOTS 0.0000 tGradient 1.5540 tsec 1.8880
#GCMRL#   62 dt   0.320000 rms  0.865 -0.054% neg 0  invalid 762 tFOTS 0.0000 tGradient 1.5170 tsec 2.1010
#FOTS# QuadFit found better minimum quadopt=(dt=0.256,rms=0.864442) vs oldopt=(dt=0.32,rms=0.864481)
#GCMRL#   63 dt   0.256000 rms  0.864  0.080% neg 0  invalid 762 tFOTS 4.5250 tGradient 1.5320 tsec 6.3980
#FOTS# QuadFit found better minimum quadopt=(dt=0.448,rms=0.863568) vs oldopt=(dt=0.32,rms=0.863681)
#GCMRL#   64 dt   0.448000 rms  0.864  0.101% neg 0  invalid 762 tFOTS 4.6500 tGradient 1.5210 tsec 6.5180
#FOTS# QuadFit found better minimum quadopt=(dt=0.192,rms=0.863093) vs oldopt=(dt=0.32,rms=0.863176)

#GCAMreg# pass 0 level1 1 level2 1 tsec 80.229 sigma 0.5
l_jacobian=1.00 l_label=1.00 l_log_likelihood=0.20 l_smoothness=20.00 
tol=2.50e-01, dt=5.00e-02, exp_k=20.0, momentum=0.90, levels=6, niter=500, lbl_dist=10.00, avgs=1, sigma=0.5,type=2, relabel=0, neg=no

blurring input image with Gaussian with sigma=0.500...
GCAMRegisterLevel(): init RMS 0.863652
#FOTS# QuadFit found better minimum quadopt=(dt=0.448,rms=0.862048) vs oldopt=(dt=0.32,rms=0.862258)
#GCMRL#   66 dt   0.448000 rms  0.862  0.186% neg 0  invalid 762 tFOTS 4.3150 tGradient 1.4920 tsec 6.1570
#FOTS# QuadFit found better minimum quadopt=(dt=0.112,rms=0.862004) vs oldopt=(dt=0.08,rms=0.862008)
#GCMRL#   67 dt   0.112000 rms  0.862  0.000% neg 0  invalid 762 tFOTS 4.4220 tGradient 1.5630 tsec 6.3600
#GCMRL#   68 dt   0.112000 rms  0.862  0.007% neg 0  invalid 762 tFOTS 0.0000 tGradient 1.5700 tsec 1.9400
#GCMRL#   69 dt   0.112000 rms  0.862  0.013% neg 0  invalid 762 tFOTS 0.0000 tGradient 1.5090 tsec 1.8400
#GCMRL#   70 dt   0.112000 rms  0.862  0.022% neg 0  invalid 762 tFOTS 0.0000 tGradient 1.5310 tsec 1.8780
#GCMRL#   71 dt   0.112000 rms  0.861  0.033% neg 0  invalid 762 tFOTS 0.0000 tGradient 1.7220 tsec 2.0950
#GCMRL#   72 dt   0.112000 rms  0.861  0.038% neg 0  invalid 762 tFOTS 0.0000 tGradient 1.6870 tsec 2.0750
#GCMRL#   73 dt   0.112000 rms  0.861  0.035% neg 0  invalid 762 tFOTS 0.0000 tGradient 1.5730 tsec 1.8970
resetting metric properties...
setting smoothness cost coefficient to 40.000

#GCAMreg# pass 0 level1 0 level2 0 tsec 0 sigma 2
l_jacobian=1.00 l_label=1.00 l_log_likelihood=0.20 l_smoothness=40.00 
tol=2.50e-01, dt=5.00e-02, exp_k=20.0, momentum=0.90, levels=6, niter=500, lbl_dist=10.00, avgs=0, sigma=2.0,type=2, relabel=0, neg=no

blurring input image with Gaussian with sigma=2.000...
GCAMRegisterLevel(): init RMS 0.81185
#FOTS# QuadFit found better minimum quadopt=(dt=0.256,rms=0.806127) vs oldopt=(dt=0.32,rms=0.806478)
#GCMRL#   75 dt   0.256000 rms  0.806  0.705% neg 0  invalid 762 tFOTS 4.4720 tGradient 1.0360 tsec 5.8540
#FOTS# QuadFit found better minimum quadopt=(dt=0.028,rms=0.805651) vs oldopt=(dt=0.02,rms=0.805713)
#GCMRL#   76 dt   0.028000 rms  0.806  0.000% neg 0  invalid 762 tFOTS 4.4120 tGradient 1.0170 tsec 5.8250

#GCAMreg# pass 0 level1 0 level2 1 tsec 22.696 sigma 0.5
l_jacobian=1.00 l_label=1.00 l_log_likelihood=0.20 l_smoothness=40.00 
tol=2.50e-01, dt=5.00e-02, exp_k=20.0, momentum=0.90, levels=6, niter=500, lbl_dist=10.00, avgs=0, sigma=0.5,type=2, relabel=0, neg=no

blurring input image with Gaussian with sigma=0.500...
GCAMRegisterLevel(): init RMS 0.806238
#GCMRL#   78 dt   0.020000 rms  0.806  0.088% neg 0  invalid 762 tFOTS 4.5170 tGradient 1.0960 tsec 6.0160
#GCMRL#   79 dt   0.001250 rms  0.806  0.000% neg 0  invalid 762 tFOTS 4.5440 tGradient 1.0860 tsec 6.0110
#GCMRL#   80 dt   0.001250 rms  0.806  0.000% neg 0  invalid 762 tFOTS 0.0000 tGradient 0.9830 tsec 1.3250
GCAMregister done in 7.4664 min
Starting GCAmapRenormalizeWithAlignment() without scales
renormalizing by structure alignment....
renormalizing input #0
gca peak = 0.10253 (16)
mri peak = 0.09063 (15)
Left_Lateral_Ventricle (4): linear fit = 0.80 x + 0.0 (929 voxels, overlap=0.552)
Left_Lateral_Ventricle (4): linear fit = 0.80 x + 0.0 (929 voxels, peak = 13), gca=12.7
gca peak = 0.17690 (16)
mri peak = 0.16033 (17)
Right_Lateral_Ventricle (43): linear fit = 1.01 x + 0.0 (1188 voxels, overlap=0.552)
Right_Lateral_Ventricle (43): linear fit = 1.01 x + 0.0 (1188 voxels, peak = 16), gca=16.2
gca peak = 0.28275 (96)
mri peak = 0.06856 (81)
Right_Pallidum (52): linear fit = 0.85 x + 0.0 (525 voxels, overlap=0.431)
Right_Pallidum (52): linear fit = 0.85 x + 0.0 (525 voxels, peak = 81), gca=81.1
gca peak = 0.18948 (93)
mri peak = 0.07100 (104)
Left_Pallidum (13): linear fit = 1.11 x + 0.0 (682 voxels, overlap=0.778)
Left_Pallidum (13): linear fit = 1.11 x + 0.0 (682 voxels, peak = 103), gca=102.8
gca peak = 0.20755 (55)
mri peak = 0.10315 (60)
Right_Hippocampus (53): linear fit = 1.04 x + 0.0 (833 voxels, overlap=0.856)
Right_Hippocampus (53): linear fit = 1.04 x + 0.0 (833 voxels, peak = 57), gca=57.5
gca peak = 0.31831 (58)
mri peak = 0.07891 (63)
Left_Hippocampus (17): linear fit = 1.02 x + 0.0 (815 voxels, overlap=0.978)
Left_Hippocampus (17): linear fit = 1.02 x + 0.0 (815 voxels, peak = 59), gca=59.4
gca peak = 0.11957 (102)
mri peak = 0.05249 (110)
Right_Cerebral_White_Matter (41): linear fit = 1.08 x + 0.0 (37535 voxels, overlap=0.505)
Right_Cerebral_White_Matter (41): linear fit = 1.08 x + 0.0 (37535 voxels, peak = 110), gca=109.7
gca peak = 0.11429 (102)
mri peak = 0.05875 (111)
Left_Cerebral_White_Matter (2): linear fit = 1.10 x + 0.0 (46205 voxels, overlap=0.450)
Left_Cerebral_White_Matter (2): linear fit = 1.10 x + 0.0 (46205 voxels, peak = 112), gca=111.7
gca peak = 0.14521 (59)
mri peak = 0.03291 (59)
Left_Cerebral_Cortex (3): linear fit = 1.02 x + 0.0 (24831 voxels, overlap=0.957)
Left_Cerebral_Cortex (3): linear fit = 1.02 x + 0.0 (24831 voxels, peak = 60), gca=60.5
gca peak = 0.14336 (58)
mri peak = 0.04002 (46)
Right_Cerebral_Cortex (42): linear fit = 0.80 x + 0.0 (21095 voxels, overlap=0.470)
Right_Cerebral_Cortex (42): linear fit = 0.80 x + 0.0 (21095 voxels, peak = 46), gca=46.1
gca peak = 0.13305 (70)
mri peak = 0.10444 (84)
Right_Caudate (50): linear fit = 1.23 x + 0.0 (431 voxels, overlap=0.289)
Right_Caudate (50): linear fit = 1.23 x + 0.0 (431 voxels, peak = 86), gca=85.8
gca peak = 0.15761 (71)
mri peak = 0.10317 (72)
Left_Caudate (11): linear fit = 1.00 x + 0.0 (766 voxels, overlap=0.994)
Left_Caudate (11): linear fit = 1.00 x + 0.0 (766 voxels, peak = 71), gca=71.0
gca peak = 0.13537 (57)
mri peak = 0.05150 (52)
Left_Cerebellum_Cortex (8): linear fit = 0.94 x + 0.0 (30221 voxels, overlap=0.953)
Left_Cerebellum_Cortex (8): linear fit = 0.94 x + 0.0 (30221 voxels, peak = 54), gca=53.9
gca peak = 0.13487 (56)
mri peak = 0.04024 (54)
Right_Cerebellum_Cortex (47): linear fit = 0.93 x + 0.0 (29199 voxels, overlap=0.553)
Right_Cerebellum_Cortex (47): linear fit = 0.93 x + 0.0 (29199 voxels, peak = 52), gca=51.8
gca peak = 0.19040 (84)
mri peak = 0.06742 (91)
Left_Cerebellum_White_Matter (7): linear fit = 1.08 x + 0.0 (8081 voxels, overlap=0.403)
Left_Cerebellum_White_Matter (7): linear fit = 1.08 x + 0.0 (8081 voxels, peak = 90), gca=90.3
gca peak = 0.18871 (83)
mri peak = 0.07218 (87)
Right_Cerebellum_White_Matter (46): linear fit = 1.07 x + 0.0 (6776 voxels, overlap=0.817)
Right_Cerebellum_White_Matter (46): linear fit = 1.07 x + 0.0 (6776 voxels, peak = 88), gca=88.4
gca peak = 0.24248 (57)
mri peak = 0.08414 (56)
Left_Amygdala (18): linear fit = 0.99 x + 0.0 (321 voxels, overlap=0.759)
Left_Amygdala (18): linear fit = 0.99 x + 0.0 (321 voxels, peak = 56), gca=56.1
gca peak = 0.35833 (56)
mri peak = 0.07643 (56)
Right_Amygdala (54): linear fit = 0.99 x + 0.0 (270 voxels, overlap=0.838)
Right_Amygdala (54): linear fit = 0.99 x + 0.0 (270 voxels, peak = 55), gca=55.2
gca peak = 0.12897 (85)
mri peak = 0.05324 (86)
Left_Thalamus (10): linear fit = 1.10 x + 0.0 (4498 voxels, overlap=0.862)
Left_Thalamus (10): linear fit = 1.10 x + 0.0 (4498 voxels, peak = 93), gca=93.1
gca peak = 0.13127 (83)
mri peak = 0.04300 (100)
Right_Thalamus (49): linear fit = 1.17 x + 0.0 (3575 voxels, overlap=0.113)
Right_Thalamus (49): linear fit = 1.17 x + 0.0 (3575 voxels, peak = 98), gca=97.5
gca peak = 0.12974 (78)
mri peak = 0.09850 (78)
Left_Putamen (12): linear fit = 1.01 x + 0.0 (1906 voxels, overlap=0.984)
Left_Putamen (12): linear fit = 1.01 x + 0.0 (1906 voxels, peak = 79), gca=79.2
gca peak = 0.17796 (79)
mri peak = 0.06949 (76)
Right_Putamen (51): linear fit = 1.04 x + 0.0 (1625 voxels, overlap=0.982)
Right_Putamen (51): linear fit = 1.04 x + 0.0 (1625 voxels, peak = 83), gca=82.6
gca peak = 0.10999 (80)
mri peak = 0.06694 (92)
Brain_Stem (16): linear fit = 1.15 x + 0.0 (10452 voxels, overlap=0.320)
Brain_Stem (16): linear fit = 1.15 x + 0.0 (10452 voxels, peak = 92), gca=92.4
gca peak = 0.13215 (88)
mri peak = 0.08534 (101)
Right_VentralDC (60): linear fit = 1.16 x + 0.0 (672 voxels, overlap=0.169)
Right_VentralDC (60): linear fit = 1.16 x + 0.0 (672 voxels, peak = 103), gca=102.5
gca peak = 0.11941 (89)
mri peak = 0.07934 (100)
Left_VentralDC (28): linear fit = 1.15 x + 0.0 (731 voxels, overlap=0.455)
Left_VentralDC (28): linear fit = 1.15 x + 0.0 (731 voxels, peak = 103), gca=102.8
gca peak = 0.20775 (25)
mri peak = 1.00000 (55)
gca peak = 0.13297 (21)
mri peak = 0.11497 ( 9)
Fourth_Ventricle (15): linear fit = 0.44 x + 0.0 (276 voxels, overlap=0.370)
Fourth_Ventricle (15): linear fit = 0.44 x + 0.0 (276 voxels, peak =  9), gca=9.1
gca peak Unknown = 0.94777 ( 0)
gca peak Left_Inf_Lat_Vent = 0.19087 (28)
gca peak Third_Ventricle = 0.20775 (25)
gca peak Fourth_Ventricle = 0.13297 (21)
gca peak CSF = 0.16821 (33)
gca peak Left_Accumbens_area = 0.32850 (63)
gca peak Left_undetermined = 0.98480 (28)
gca peak Left_vessel = 0.40887 (53)
gca peak Left_choroid_plexus = 0.10898 (46)
gca peak Right_Inf_Lat_Vent = 0.17798 (26)
gca peak Right_Accumbens_area = 0.30137 (64)
gca peak Right_vessel = 0.47828 (52)
gca peak Right_choroid_plexus = 0.11612 (45)
gca peak Fifth_Ventricle = 0.59466 (35)
gca peak WM_hypointensities = 0.10053 (78)
gca peak non_WM_hypointensities = 0.07253 (60)
gca peak Optic_Chiasm = 0.25330 (73)
not using caudate to estimate GM means
estimating mean gm scale to be 0.98 x + 0.0
estimating mean wm scale to be 1.09 x + 0.0
estimating mean csf scale to be 0.90 x + 0.0
saving intensity scales to talairach.label_intensities.txt
GCAmapRenormalizeWithAlignment() took 3.65728 min
noneg pre
Starting GCAMregister()
label assignment complete, 0 changed (0.00%)
npasses = 1, nlevels = 6
#pass# 1 of 1 ************************
enabling zero nodes
setting smoothness cost coefficient to 0.008

#GCAMreg# pass 0 level1 5 level2 0 tsec 0 sigma 2
l_jacobian=1.00 l_label=1.00 l_log_likelihood=0.20 l_smoothness=0.01 
tol=5.00e-02, dt=5.00e-02, exp_k=20.0, momentum=0.90, levels=6, niter=500, lbl_dist=10.00, avgs=256, sigma=2.0,type=2, relabel=0, neg=no

blurring input image with Gaussian with sigma=2.000...
GCAMRegisterLevel(): init RMS 0.884232
#FOTS# QuadFit found better minimum quadopt=(dt=225.588,rms=0.855008) vs oldopt=(dt=369.92,rms=0.860868)
#GCMRL#   82 dt 225.588120 rms  0.855  3.305% neg 0  invalid 762 tFOTS 4.7730 tGradient 2.8430 tsec 7.9610
#GCMRL#   83 dt 369.920000 rms  0.825  3.458% neg 0  invalid 762 tFOTS 5.0190 tGradient 2.6660 tsec 8.0440
#FOTS# QuadFit found better minimum quadopt=(dt=76.8845,rms=0.821357) vs oldopt=(dt=92.48,rms=0.82142)
#GCMRL#   84 dt  76.884488 rms  0.821  0.495% neg 0  invalid 762 tFOTS 4.7100 tGradient 2.5080 tsec 7.5700
#GCMRL#   85 dt  92.480000 rms  0.821  0.075% neg 0  invalid 762 tFOTS 4.3800 tGradient 2.5130 tsec 7.2410
#FOTS# QuadFit found better minimum quadopt=(dt=517.888,rms=0.816061) vs oldopt=(dt=369.92,rms=0.816898)
#GCMRL#   86 dt 517.888000 rms  0.816  0.570% neg 0  invalid 762 tFOTS 4.8020 tGradient 2.8040 tsec 7.9620
#FOTS# QuadFit found better minimum quadopt=(dt=443.904,rms=0.806131) vs oldopt=(dt=369.92,rms=0.806351)
#GCMRL#   87 dt 443.904000 rms  0.806  1.217% neg 0  invalid 762 tFOTS 5.2260 tGradient 2.5180 tsec 8.1040
#FOTS# QuadFit found better minimum quadopt=(dt=55.488,rms=0.804873) vs oldopt=(dt=92.48,rms=0.805178)
#GCMRL#   88 dt  55.488000 rms  0.805  0.156% neg 0  invalid 762 tFOTS 4.6740 tGradient 2.8120 tsec 7.8680
#FOTS# QuadFit found better minimum quadopt=(dt=32.368,rms=0.804758) vs oldopt=(dt=23.12,rms=0.804768)
#GCMRL#   89 dt  32.368000 rms  0.805  0.000% neg 0  invalid 762 tFOTS 4.9070 tGradient 2.6080 tsec 7.8950
#GCMRL#   90 dt  32.368000 rms  0.805  0.002% neg 0  invalid 762 tFOTS 0.0000 tGradient 2.5910 tsec 2.9640

#GCAMreg# pass 0 level1 5 level2 1 tsec 78.424 sigma 0.5
l_jacobian=1.00 l_label=1.00 l_log_likelihood=0.20 l_smoothness=0.01 
tol=5.00e-02, dt=5.00e-02, exp_k=20.0, momentum=0.90, levels=6, niter=500, lbl_dist=10.00, avgs=256, sigma=0.5,type=2, relabel=0, neg=no

blurring input image with Gaussian with sigma=0.500...
GCAMRegisterLevel(): init RMS 0.805643
#FOTS# QuadFit found better minimum quadopt=(dt=517.888,rms=0.7983) vs oldopt=(dt=369.92,rms=0.79912)
#GCMRL#   92 dt 517.888000 rms  0.798  0.911% neg 0  invalid 762 tFOTS 4.8700 tGradient 3.1310 tsec 8.3480
#FOTS# QuadFit found better minimum quadopt=(dt=73.984,rms=0.797914) vs oldopt=(dt=92.48,rms=0.797925)
#GCMRL#   93 dt  73.984000 rms  0.798  0.000% neg 0  invalid 762 tFOTS 4.7040 tGradient 2.2190 tsec 7.2860
#GCMRL#   94 dt  73.984000 rms  0.798  0.040% neg 0  invalid 762 tFOTS 0.0000 tGradient 2.2350 tsec 2.5660
#GCMRL#   95 dt  73.984000 rms  0.797  0.053% neg 0  invalid 762 tFOTS 0.0000 tGradient 2.8730 tsec 3.2510
#GCMRL#   96 dt  73.984000 rms  0.796  0.087% neg 0  invalid 762 tFOTS 0.0000 tGradient 2.5530 tsec 2.8920
#GCMRL#   97 dt  73.984000 rms  0.795  0.173% neg 0  invalid 762 tFOTS 0.0000 tGradient 2.2700 tsec 2.6130
#GCMRL#   98 dt  73.984000 rms  0.793  0.269% neg 0  invalid 762 tFOTS 0.0000 tGradient 2.2770 tsec 2.6220
#GCMRL#   99 dt  73.984000 rms  0.791  0.302% neg 0  invalid 762 tFOTS 0.0000 tGradient 2.3420 tsec 2.6890
#GCMRL#  100 dt  73.984000 rms  0.788  0.268% neg 0  invalid 762 tFOTS 0.0000 tGradient 2.3820 tsec 2.7250
#GCMRL#  101 dt  73.984000 rms  0.787  0.227% neg 0  invalid 762 tFOTS 0.0000 tGradient 2.3410 tsec 2.6870
#GCMRL#  102 dt  73.984000 rms  0.785  0.212% neg 0  invalid 762 tFOTS 0.0000 tGradient 2.3480 tsec 2.6900
#GCMRL#  103 dt  73.984000 rms  0.783  0.216% neg 0  invalid 762 tFOTS 0.0000 tGradient 2.3020 tsec 2.6450
#GCMRL#  104 dt  73.984000 rms  0.781  0.231% neg 0  invalid 762 tFOTS 0.0000 tGradient 2.3180 tsec 2.6640
#GCMRL#  105 dt  73.984000 rms  0.780  0.253% neg 0  invalid 762 tFOTS 0.0000 tGradient 2.2650 tsec 2.6050
#GCMRL#  106 dt  73.984000 rms  0.777  0.265% neg 0  invalid 762 tFOTS 0.0000 tGradient 2.2290 tsec 2.5690
#GCMRL#  107 dt  73.984000 rms  0.775  0.253% neg 0  invalid 762 tFOTS 0.0000 tGradient 2.2830 tsec 2.6270
#GCMRL#  108 dt  73.984000 rms  0.774  0.215% neg 0  invalid 762 tFOTS 0.0000 tGradient 2.3750 tsec 2.7170
#GCMRL#  109 dt  73.984000 rms  0.772  0.176% neg 0  invalid 762 tFOTS 0.0000 tGradient 2.3960 tsec 2.7390
#GCMRL#  110 dt  73.984000 rms  0.771  0.155% neg 0  invalid 762 tFOTS 0.0000 tGradient 2.5020 tsec 2.8310
#GCMRL#  111 dt  73.984000 rms  0.770  0.157% neg 0  invalid 762 tFOTS 0.0000 tGradient 2.4160 tsec 2.7650
#GCMRL#  112 dt  73.984000 rms  0.769  0.175% neg 0  invalid 762 tFOTS 0.0000 tGradient 2.2430 tsec 2.5810
#GCMRL#  113 dt  73.984000 rms  0.767  0.196% neg 0  invalid 762 tFOTS 0.0000 tGradient 2.4090 tsec 2.7540
#GCMRL#  114 dt  73.984000 rms  0.766  0.212% neg 0  invalid 762 tFOTS 0.0000 tGradient 2.3060 tsec 2.6390
#GCMRL#  115 dt  73.984000 rms  0.764  0.208% neg 0  invalid 762 tFOTS 0.0000 tGradient 2.4340 tsec 2.7700
#GCMRL#  116 dt  73.984000 rms  0.763  0.190% neg 0  invalid 762 tFOTS 0.0000 tGradient 2.3210 tsec 2.6620
#GCMRL#  117 dt  73.984000 rms  0.761  0.167% neg 0  invalid 762 tFOTS 0.0000 tGradient 2.3000 tsec 2.6400
#GCMRL#  118 dt  73.984000 rms  0.760  0.144% neg 0  invalid 762 tFOTS 0.0000 tGradient 2.3960 tsec 2.7370
#GCMRL#  119 dt  73.984000 rms  0.759  0.123% neg 0  invalid 762 tFOTS 0.0000 tGradient 2.3390 tsec 2.6760
#GCMRL#  120 dt  73.984000 rms  0.758  0.116% neg 0  invalid 762 tFOTS 0.0000 tGradient 2.3130 tsec 2.6550
#GCMRL#  121 dt  73.984000 rms  0.758  0.107% neg 0  invalid 762 tFOTS 0.0000 tGradient 2.3380 tsec 2.6760
#GCMRL#  122 dt  73.984000 rms  0.757  0.107% neg 0  invalid 762 tFOTS 0.0000 tGradient 2.2920 tsec 2.6340
#GCMRL#  123 dt  73.984000 rms  0.756  0.107% neg 0  invalid 762 tFOTS 0.0000 tGradient 2.3470 tsec 2.6880
#GCMRL#  124 dt  73.984000 rms  0.755  0.109% neg 0  invalid 762 tFOTS 0.0000 tGradient 2.3470 tsec 2.7430
#GCMRL#  125 dt  73.984000 rms  0.754  0.107% neg 0  invalid 762 tFOTS 0.0000 tGradient 2.5640 tsec 2.9060
#GCMRL#  126 dt  73.984000 rms  0.753  0.107% neg 0  invalid 762 tFOTS 0.0000 tGradient 2.4000 tsec 2.7430
#GCMRL#  127 dt  73.984000 rms  0.753  0.099% neg 0  invalid 762 tFOTS 0.0000 tGradient 2.4860 tsec 2.8270
#GCMRL#  128 dt  73.984000 rms  0.752  0.087% neg 0  invalid 762 tFOTS 0.0000 tGradient 2.4400 tsec 2.7870
#GCMRL#  129 dt  73.984000 rms  0.751  0.079% neg 0  invalid 762 tFOTS 0.0000 tGradient 2.3640 tsec 2.7110
#GCMRL#  130 dt  73.984000 rms  0.751  0.073% neg 0  invalid 762 tFOTS 0.0000 tGradient 2.4610 tsec 2.8080
#GCMRL#  131 dt  73.984000 rms  0.750  0.074% neg 0  invalid 762 tFOTS 0.0000 tGradient 2.4450 tsec 2.7920
#GCMRL#  132 dt  73.984000 rms  0.750  0.073% neg 0  invalid 762 tFOTS 0.0000 tGradient 2.3860 tsec 2.7300
#GCMRL#  133 dt  73.984000 rms  0.749  0.077% neg 0  invalid 762 tFOTS 0.0000 tGradient 2.3340 tsec 2.6830
#GCMRL#  134 dt  73.984000 rms  0.749  0.076% neg 0  invalid 762 tFOTS 0.0000 tGradient 2.4350 tsec 2.7850
#GCMRL#  135 dt  73.984000 rms  0.748  0.073% neg 0  invalid 762 tFOTS 0.0000 tGradient 2.4240 tsec 2.7780
#GCMRL#  136 dt  73.984000 rms  0.748  0.068% neg 0  invalid 762 tFOTS 0.0000 tGradient 2.4230 tsec 2.7740
#GCMRL#  137 dt  73.984000 rms  0.747  0.057% neg 0  invalid 762 tFOTS 0.0000 tGradient 2.4090 tsec 2.7520
#GCMRL#  138 dt  73.984000 rms  0.747  0.055% neg 0  invalid 762 tFOTS 0.0000 tGradient 2.3950 tsec 2.7450
#GCMRL#  139 dt  73.984000 rms  0.746  0.055% neg 0  invalid 762 tFOTS 0.0000 tGradient 2.4150 tsec 2.7650
#GCMRL#  140 dt  73.984000 rms  0.746  0.060% neg 0  invalid 762 tFOTS 0.0000 tGradient 2.4370 tsec 2.7840
#GCMRL#  141 dt  73.984000 rms  0.745  0.068% neg 0  invalid 762 tFOTS 0.0000 tGradient 2.3490 tsec 2.6950
#GCMRL#  142 dt  73.984000 rms  0.745  0.061% neg 0  invalid 762 tFOTS 0.0000 tGradient 2.4840 tsec 2.8260
#GCMRL#  143 dt  73.984000 rms  0.745  0.059% neg 0  invalid 762 tFOTS 0.0000 tGradient 2.4190 tsec 2.7520
#GCMRL#  144 dt  73.984000 rms  0.744  0.048% neg 0  invalid 762 tFOTS 0.0000 tGradient 2.3950 tsec 2.7300
#GCMRL#  145 dt  73.984000 rms  0.744  0.040% neg 0  invalid 762 tFOTS 0.0000 tGradient 2.3640 tsec 2.6960
#GCMRL#  146 dt  73.984000 rms  0.744  0.039% neg 0  invalid 762 tFOTS 0.0000 tGradient 2.4200 tsec 2.7580
#GCMRL#  147 dt  73.984000 rms  0.743  0.041% neg 0  invalid 762 tFOTS 0.0000 tGradient 2.3670 tsec 2.6980
#GCMRL#  148 dt  73.984000 rms  0.743  0.046% neg 0  invalid 762 tFOTS 0.0000 tGradient 2.4240 tsec 2.7530
#GCMRL#  149 dt  73.984000 rms  0.743  0.050% neg 0  invalid 762 tFOTS 0.0000 tGradient 2.3770 tsec 2.7160
#GCMRL#  150 dt  73.984000 rms  0.742  0.048% neg 0  invalid 762 tFOTS 0.0000 tGradient 2.3310 tsec 2.6690
#GCMRL#  151 dt  73.984000 rms  0.742  0.042% neg 0  invalid 762 tFOTS 0.0000 tGradient 2.2720 tsec 2.6090
#GCMRL#  152 dt  73.984000 rms  0.742  0.039% neg 0  invalid 762 tFOTS 0.0000 tGradient 2.3240 tsec 2.6600
#GCMRL#  153 dt  73.984000 rms  0.741  0.035% neg 0  invalid 762 tFOTS 0.0000 tGradient 2.3640 tsec 2.7130
#GCMRL#  154 dt  73.984000 rms  0.741  0.034% neg 0  invalid 762 tFOTS 0.0000 tGradient 2.4510 tsec 2.8000
#GCMRL#  155 dt  73.984000 rms  0.741  0.035% neg 0  invalid 762 tFOTS 0.0000 tGradient 2.3990 tsec 2.7520
#GCMRL#  156 dt  73.984000 rms  0.741  0.036% neg 0  invalid 762 tFOTS 0.0000 tGradient 2.4120 tsec 2.7580
#GCMRL#  157 dt  73.984000 rms  0.740  0.035% neg 0  invalid 762 tFOTS 0.0000 tGradient 2.4220 tsec 2.7720
#GCMRL#  158 dt  73.984000 rms  0.740  0.034% neg 0  invalid 762 tFOTS 0.0000 tGradient 2.4190 tsec 2.7690
#GCMRL#  159 dt  73.984000 rms  0.740  0.033% neg 0  invalid 762 tFOTS 0.0000 tGradient 2.4250 tsec 2.7700
#GCMRL#  160 dt  73.984000 rms  0.740  0.032% neg 0  invalid 762 tFOTS 0.0000 tGradient 2.3740 tsec 2.7290
#GCMRL#  161 dt  73.984000 rms  0.739  0.031% neg 0  invalid 762 tFOTS 0.0000 tGradient 2.4000 tsec 2.7500
#GCMRL#  162 dt  73.984000 rms  0.739  0.031% neg 0  invalid 762 tFOTS 0.0000 tGradient 2.3600 tsec 2.7090
#GCMRL#  163 dt  73.984000 rms  0.739  0.032% neg 0  invalid 762 tFOTS 0.0000 tGradient 2.3390 tsec 2.6890
#GCMRL#  164 dt  73.984000 rms  0.739  0.032% neg 0  invalid 762 tFOTS 0.0000 tGradient 2.3190 tsec 2.6710
#GCMRL#  165 dt  73.984000 rms  0.738  0.032% neg 0  invalid 762 tFOTS 0.0000 tGradient 2.4120 tsec 2.7610
#GCMRL#  166 dt  73.984000 rms  0.738  0.031% neg 0  invalid 762 tFOTS 0.0000 tGradient 2.4000 tsec 2.7530
#GCMRL#  167 dt  73.984000 rms  0.738  0.030% neg 0  invalid 762 tFOTS 0.0000 tGradient 2.4080 tsec 2.7540
#GCMRL#  168 dt  73.984000 rms  0.738  0.029% neg 0  invalid 762 tFOTS 0.0000 tGradient 2.4270 tsec 2.7770
#GCMRL#  169 dt  73.984000 rms  0.737  0.030% neg 0  invalid 762 tFOTS 0.0000 tGradient 2.4660 tsec 2.8190
#GCMRL#  170 dt  73.984000 rms  0.737  0.030% neg 0  invalid 762 tFOTS 0.0000 tGradient 2.4020 tsec 2.7460
#GCMRL#  171 dt  73.984000 rms  0.737  0.030% neg 0  invalid 762 tFOTS 0.0000 tGradient 2.4080 tsec 2.7610
#GCMRL#  172 dt  73.984000 rms  0.737  0.029% neg 0  invalid 762 tFOTS 0.0000 tGradient 2.5320 tsec 2.8850
#GCMRL#  173 dt  73.984000 rms  0.737  0.028% neg 0  invalid 762 tFOTS 0.0000 tGradient 2.3950 tsec 2.7470
#GCMRL#  174 dt  73.984000 rms  0.736  0.027% neg 0  invalid 762 tFOTS 0.0000 tGradient 2.4530 tsec 2.8020
#GCMRL#  175 dt  73.984000 rms  0.736  0.026% neg 0  invalid 762 tFOTS 0.0000 tGradient 2.5770 tsec 2.9700
#GCMRL#  176 dt  73.984000 rms  0.736  0.026% neg 0  invalid 762 tFOTS 0.0000 tGradient 2.5470 tsec 2.8870
#GCMRL#  177 dt  73.984000 rms  0.736  0.027% neg 0  invalid 762 tFOTS 0.0000 tGradient 2.4560 tsec 2.7940
#GCMRL#  178 dt  73.984000 rms  0.736  0.028% neg 0  invalid 762 tFOTS 0.0000 tGradient 2.6660 tsec 3.0630
#GCMRL#  179 dt  73.984000 rms  0.735  0.029% neg 0  invalid 762 tFOTS 0.0000 tGradient 2.4320 tsec 2.7690
#GCMRL#  180 dt  73.984000 rms  0.735  0.028% neg 0  invalid 762 tFOTS 0.0000 tGradient 2.6310 tsec 2.9660
#GCMRL#  181 dt  73.984000 rms  0.735  0.027% neg 0  invalid 762 tFOTS 0.0000 tGradient 2.5770 tsec 2.9190
#GCMRL#  182 dt  73.984000 rms  0.735  0.027% neg 0  invalid 762 tFOTS 0.0000 tGradient 2.3600 tsec 2.7060
#GCMRL#  183 dt  73.984000 rms  0.735  0.026% neg 0  invalid 762 tFOTS 0.0000 tGradient 2.6630 tsec 3.0110
#GCMRL#  184 dt  73.984000 rms  0.734  0.026% neg 0  invalid 762 tFOTS 0.0000 tGradient 2.3660 tsec 2.7120
#GCMRL#  185 dt  73.984000 rms  0.734  0.027% neg 0  invalid 762 tFOTS 0.0000 tGradient 2.6080 tsec 2.9610
#GCMRL#  186 dt  73.984000 rms  0.734  0.026% neg 0  invalid 762 tFOTS 0.0000 tGradient 2.5170 tsec 2.8580
#GCMRL#  187 dt  73.984000 rms  0.734  0.025% neg 0  invalid 762 tFOTS 0.0000 tGradient 2.5350 tsec 2.8830
#GCMRL#  188 dt  73.984000 rms  0.734  0.027% neg 0  invalid 762 tFOTS 0.0000 tGradient 2.6580 tsec 3.0030
#GCMRL#  189 dt  73.984000 rms  0.733  0.023% neg 0  invalid 762 tFOTS 0.0000 tGradient 2.8370 tsec 3.1820
#GCMRL#  190 dt  73.984000 rms  0.733  0.021% neg 0  invalid 762 tFOTS 0.0000 tGradient 2.6200 tsec 2.9990
#FOTS# QuadFit found better minimum quadopt=(dt=8286.21,rms=0.732235) vs oldopt=(dt=5918.72,rms=0.732459)
#GCMRL#  191 dt 8286.208000 rms  0.732  0.149% neg 0  invalid 762 tFOTS 5.1520 tGradient 2.8880 tsec 8.3950
#FOTS# QuadFit found better minimum quadopt=(dt=129.472,rms=0.731771) vs oldopt=(dt=92.48,rms=0.731865)
#GCMRL#  192 dt 129.472000 rms  0.732  0.063% neg 0  invalid 762 tFOTS 4.8190 tGradient 2.6180 tsec 7.7880
#GCMRL#  193 dt   0.022578 rms  0.732  0.000% neg 0  invalid 762 tFOTS 5.4140 tGradient 2.5140 tsec 8.6190
#GCMRL#  194 dt   0.022578 rms  0.732  0.000% neg 0  invalid 762 tFOTS 0.0000 tGradient 2.9860 tsec 3.3830
setting smoothness cost coefficient to 0.031

#GCAMreg# pass 0 level1 4 level2 0 tsec 0 sigma 2
l_jacobian=1.00 l_label=1.00 l_log_likelihood=0.20 l_smoothness=0.03 
tol=5.00e-02, dt=5.00e-02, exp_k=20.0, momentum=0.90, levels=6, niter=500, lbl_dist=10.00, avgs=64, sigma=2.0,type=2, relabel=0, neg=no

blurring input image with Gaussian with sigma=2.000...
GCAMRegisterLevel(): init RMS 0.734777
#FOTS# QuadFit found better minimum quadopt=(dt=168.55,rms=0.726649) vs oldopt=(dt=103.68,rms=0.727581)
#GCMRL#  196 dt 168.549618 rms  0.727  1.106% neg 0  invalid 762 tFOTS 4.7790 tGradient 2.5360 tsec 7.6670
#FOTS# QuadFit found better minimum quadopt=(dt=224,rms=0.709985) vs oldopt=(dt=103.68,rms=0.714421)
#GCMRL#  197 dt 224.000000 rms  0.710  2.293% neg 0  invalid 762 tFOTS 5.0910 tGradient 2.4850 tsec 7.9310
#FOTS# QuadFit found better minimum quadopt=(dt=55.0957,rms=0.704974) vs oldopt=(dt=25.92,rms=0.706102)
#GCMRL#  198 dt  55.095652 rms  0.705  0.706% neg 0  invalid 762 tFOTS 5.0550 tGradient 2.1750 tsec 7.6220
#FOTS# QuadFit found better minimum quadopt=(dt=145.152,rms=0.702079) vs oldopt=(dt=103.68,rms=0.702588)
#GCMRL#  199 dt 145.152000 rms  0.702  0.411% neg 0  invalid 762 tFOTS 4.6250 tGradient 2.2090 tsec 7.1790
#FOTS# QuadFit found better minimum quadopt=(dt=331.776,rms=0.692065) vs oldopt=(dt=414.72,rms=0.693304)
#GCMRL#  200 dt 331.776000 rms  0.692  1.426% neg 0  invalid 762 tFOTS 4.7820 tGradient 2.3500 tsec 7.4870
#FOTS# QuadFit found better minimum quadopt=(dt=57.6667,rms=0.687599) vs oldopt=(dt=25.92,rms=0.688602)
#GCMRL#  201 dt  57.666667 rms  0.688  0.645% neg 0  invalid 762 tFOTS 4.8980 tGradient 2.1340 tsec 7.3930
#FOTS# QuadFit found better minimum quadopt=(dt=124.416,rms=0.686686) vs oldopt=(dt=103.68,rms=0.686689)
#GCMRL#  202 dt 124.416000 rms  0.687  0.133% neg 0  invalid 762 tFOTS 4.5130 tGradient 1.9690 tsec 6.8790
#FOTS# QuadFit found better minimum quadopt=(dt=145.152,rms=0.682828) vs oldopt=(dt=103.68,rms=0.683417)
#GCMRL#  203 dt 145.152000 rms  0.683  0.562% neg 0  invalid 762 tFOTS 4.4470 tGradient 2.1390 tsec 6.9280
#FOTS# QuadFit found better minimum quadopt=(dt=36.288,rms=0.681808) vs oldopt=(dt=25.92,rms=0.681972)
#GCMRL#  204 dt  36.288000 rms  0.682  0.149% neg 0  invalid 762 tFOTS 5.0720 tGradient 2.4100 tsec 7.8170
#FOTS# QuadFit found better minimum quadopt=(dt=248.832,rms=0.679746) vs oldopt=(dt=414.72,rms=0.680205)
#GCMRL#  205 dt 248.832000 rms  0.680  0.302% neg 0  invalid 762 tFOTS 4.3390 tGradient 2.3200 tsec 6.9910
#FOTS# QuadFit found better minimum quadopt=(dt=81.7608,rms=0.676809) vs oldopt=(dt=103.68,rms=0.677015)
#GCMRL#  206 dt  81.760766 rms  0.677  0.432% neg 0  invalid 762 tFOTS 4.8270 tGradient 2.6480 tsec 7.8360
#FOTS# QuadFit found better minimum quadopt=(dt=36.288,rms=0.676052) vs oldopt=(dt=25.92,rms=0.676196)
#GCMRL#  207 dt  36.288000 rms  0.676  0.112% neg 0  invalid 762 tFOTS 4.1280 tGradient 2.6680 tsec 7.1130
#FOTS# QuadFit found better minimum quadopt=(dt=580.608,rms=0.672377) vs oldopt=(dt=414.72,rms=0.672635)
#GCMRL#  208 dt 580.608000 rms  0.672  0.544% neg 0  invalid 762 tFOTS 4.3740 tGradient 2.3700 tsec 7.0610
#FOTS# QuadFit found better minimum quadopt=(dt=66.7826,rms=0.668325) vs oldopt=(dt=25.92,rms=0.669456)
#GCMRL#  209 dt  66.782609 rms  0.668  0.603% neg 0  invalid 762 tFOTS 4.7330 tGradient 2.5710 tsec 7.6220
#FOTS# QuadFit found better minimum quadopt=(dt=36.288,rms=0.667647) vs oldopt=(dt=25.92,rms=0.667751)
#GCMRL#  210 dt  36.288000 rms  0.668  0.101% neg 0  invalid 762 tFOTS 4.1690 tGradient 2.2160 tsec 6.6990
#GCMRL#  211 dt 414.720000 rms  0.666  0.306% neg 0  invalid 762 tFOTS 5.4570 tGradient 2.6610 tsec 8.4490
#FOTS# QuadFit found better minimum quadopt=(dt=36.288,rms=0.663911) vs oldopt=(dt=25.92,rms=0.664246)
#GCMRL#  212 dt  36.288000 rms  0.664  0.255% neg 0  invalid 762 tFOTS 5.1670 tGradient 2.2380 tsec 7.8210
#FOTS# QuadFit found better minimum quadopt=(dt=145.152,rms=0.662769) vs oldopt=(dt=103.68,rms=0.662976)
#GCMRL#  213 dt 145.152000 rms  0.663  0.172% neg 0  invalid 762 tFOTS 5.3550 tGradient 2.4790 tsec 8.2500
#FOTS# QuadFit found better minimum quadopt=(dt=36.288,rms=0.662354) vs oldopt=(dt=25.92,rms=0.662433)
#GCMRL#  214 dt  36.288000 rms  0.662  0.063% neg 0  invalid 762 tFOTS 5.0920 tGradient 2.3430 tsec 7.8720
#FOTS# QuadFit found better minimum quadopt=(dt=580.608,rms=0.660179) vs oldopt=(dt=414.72,rms=0.660483)
#GCMRL#  215 dt 580.608000 rms  0.660  0.328% neg 0  invalid 762 tFOTS 5.2660 tGradient 2.2630 tsec 7.9590
#FOTS# QuadFit found better minimum quadopt=(dt=36.288,rms=0.658626) vs oldopt=(dt=25.92,rms=0.658953)
#GCMRL#  216 dt  36.288000 rms  0.659  0.235% neg 0  invalid 762 tFOTS 5.2300 tGradient 2.8910 tsec 8.5130
#FOTS# QuadFit found better minimum quadopt=(dt=145.152,rms=0.65757) vs oldopt=(dt=103.68,rms=0.65771)
#GCMRL#  217 dt 145.152000 rms  0.658  0.160% neg 0  invalid 762 tFOTS 5.6770 tGradient 2.5380 tsec 8.6260
#FOTS# QuadFit found better minimum quadopt=(dt=36.288,rms=0.657275) vs oldopt=(dt=25.92,rms=0.657321)
#GCMRL#  218 dt  36.288000 rms  0.657  0.000% neg 0  invalid 762 tFOTS 4.7720 tGradient 2.3780 tsec 7.7300
#GCMRL#  219 dt  36.288000 rms  0.657  0.022% neg 0  invalid 762 tFOTS 0.0000 tGradient 2.6330 tsec 3.0040
#GCMRL#  220 dt  36.288000 rms  0.657  0.039% neg 0  invalid 762 tFOTS 0.0000 tGradient 2.5500 tsec 2.9220
#GCMRL#  221 dt  36.288000 rms  0.656  0.066% neg 0  invalid 762 tFOTS 0.0000 tGradient 2.2900 tsec 2.6070
#GCMRL#  222 dt  36.288000 rms  0.656  0.096% neg 0  invalid 762 tFOTS 0.0000 tGradient 2.1130 tsec 2.4850
#GCMRL#  223 dt  36.288000 rms  0.655  0.123% neg 0  invalid 762 tFOTS 0.0000 tGradient 2.5380 tsec 2.8780
#GCMRL#  224 dt  36.288000 rms  0.654  0.141% neg 0  invalid 762 tFOTS 0.0000 tGradient 2.6520 tsec 3.0140
#GCMRL#  225 dt  36.288000 rms  0.653  0.149% neg 0  invalid 762 tFOTS 0.0000 tGradient 2.5550 tsec 2.9250
#GCMRL#  226 dt  36.288000 rms  0.652  0.148% neg 0  invalid 762 tFOTS 0.0000 tGradient 2.5580 tsec 2.9200
#GCMRL#  227 dt  36.288000 rms  0.651  0.140% neg 0  invalid 762 tFOTS 0.0000 tGradient 2.2310 tsec 2.5390
#GCMRL#  228 dt  36.288000 rms  0.650  0.145% neg 0  invalid 762 tFOTS 0.0000 tGradient 2.5710 tsec 2.9500
#GCMRL#  229 dt  36.288000 rms  0.649  0.151% neg 0  invalid 762 tFOTS 0.0000 tGradient 2.5570 tsec 2.9240
#GCMRL#  230 dt  36.288000 rms  0.648  0.159% neg 0  invalid 762 tFOTS 0.0000 tGradient 2.6400 tsec 3.0170
#GCMRL#  231 dt  36.288000 rms  0.647  0.164% neg 0  invalid 762 tFOTS 0.0000 tGradient 2.4050 tsec 2.7510
#GCMRL#  232 dt  36.288000 rms  0.646  0.155% neg 0  invalid 762 tFOTS 0.0000 tGradient 2.5860 tsec 2.9300
#GCMRL#  233 dt  36.288000 rms  0.645  0.147% neg 0  invalid 762 tFOTS 0.0000 tGradient 2.5270 tsec 2.8720
#GCMRL#  234 dt  36.288000 rms  0.644  0.136% neg 0  invalid 762 tFOTS 0.0000 tGradient 2.2300 tsec 2.5620
#GCMRL#  235 dt  36.288000 rms  0.644  0.125% neg 0  invalid 762 tFOTS 0.0000 tGradient 2.6210 tsec 3.0030
#GCMRL#  236 dt  36.288000 rms  0.643  0.125% neg 0  invalid 762 tFOTS 0.0000 tGradient 2.4200 tsec 2.7470
#GCMRL#  237 dt  36.288000 rms  0.642  0.122% neg 0  invalid 762 tFOTS 0.0000 tGradient 2.4010 tsec 2.7530
#GCMRL#  238 dt  36.288000 rms  0.641  0.123% neg 0  invalid 762 tFOTS 0.0000 tGradient 2.2580 tsec 2.5700
#GCMRL#  239 dt  36.288000 rms  0.640  0.127% neg 0  invalid 762 tFOTS 0.0000 tGradient 2.1440 tsec 2.4580
#GCMRL#  240 dt  36.288000 rms  0.640  0.116% neg 0  invalid 762 tFOTS 0.0000 tGradient 2.2170 tsec 2.5580
#GCMRL#  241 dt  36.288000 rms  0.639  0.106% neg 0  invalid 762 tFOTS 0.0000 tGradient 2.3880 tsec 2.7400
#GCMRL#  242 dt  36.288000 rms  0.638  0.098% neg 0  invalid 762 tFOTS 0.0000 tGradient 2.3430 tsec 2.7670
#GCMRL#  243 dt  36.288000 rms  0.638  0.099% neg 0  invalid 762 tFOTS 0.0000 tGradient 2.4450 tsec 2.7930
#GCMRL#  244 dt  36.288000 rms  0.637  0.104% neg 0  invalid 762 tFOTS 0.0000 tGradient 2.1220 tsec 2.4220
#GCMRL#  245 dt  36.288000 rms  0.636  0.107% neg 0  invalid 762 tFOTS 0.0000 tGradient 2.2040 tsec 2.5350
#GCMRL#  246 dt  36.288000 rms  0.636  0.098% neg 0  invalid 762 tFOTS 0.0000 tGradient 2.3590 tsec 2.6760
#GCMRL#  247 dt  36.288000 rms  0.635  0.094% neg 0  invalid 762 tFOTS 0.0000 tGradient 2.2540 tsec 2.5660
#GCMRL#  248 dt  36.288000 rms  0.635  0.082% neg 0  invalid 762 tFOTS 0.0000 tGradient 2.1440 tsec 2.5170
#GCMRL#  249 dt  36.288000 rms  0.634  0.082% neg 0  invalid 762 tFOTS 0.0000 tGradient 2.1660 tsec 2.4610
#GCMRL#  250 dt  36.288000 rms  0.634  0.084% neg 0  invalid 762 tFOTS 0.0000 tGradient 2.0900 tsec 2.3860
#GCMRL#  251 dt  36.288000 rms  0.633  0.083% neg 0  invalid 762 tFOTS 0.0000 tGradient 2.1500 tsec 2.4430
#GCMRL#  252 dt  36.288000 rms  0.632  0.084% neg 0  invalid 762 tFOTS 0.0000 tGradient 2.0330 tsec 2.3230
#GCMRL#  253 dt  36.288000 rms  0.632  0.075% neg 0  invalid 762 tFOTS 0.0000 tGradient 2.0480 tsec 2.3510
#GCMRL#  254 dt  36.288000 rms  0.632  0.071% neg 0  invalid 762 tFOTS 0.0000 tGradient 2.0260 tsec 2.3260
#GCMRL#  255 dt  36.288000 rms  0.631  0.069% neg 0  invalid 762 tFOTS 0.0000 tGradient 2.0250 tsec 2.3280
#GCMRL#  256 dt  36.288000 rms  0.631  0.065% neg 0  invalid 762 tFOTS 0.0000 tGradient 1.9770 tsec 2.2880
#GCMRL#  257 dt  36.288000 rms  0.630  0.068% neg 0  invalid 762 tFOTS 0.0000 tGradient 2.0070 tsec 2.3080
#GCMRL#  258 dt  36.288000 rms  0.630  0.063% neg 0  invalid 762 tFOTS 0.0000 tGradient 2.0070 tsec 2.3040
#GCMRL#  259 dt  36.288000 rms  0.630  0.058% neg 0  invalid 762 tFOTS 0.0000 tGradient 2.0130 tsec 2.3200
#GCMRL#  260 dt  36.288000 rms  0.629  0.054% neg 0  invalid 762 tFOTS 0.0000 tGradient 2.0820 tsec 2.3850
#GCMRL#  261 dt  36.288000 rms  0.629  0.058% neg 0  invalid 762 tFOTS 0.0000 tGradient 2.1140 tsec 2.4670
#GCMRL#  262 dt  36.288000 rms  0.629  0.009% neg 0  invalid 762 tFOTS 0.0000 tGradient 2.0260 tsec 2.5230
#GCMRL#  263 dt  36.288000 rms  0.629  0.011% neg 0  invalid 762 tFOTS 0.0000 tGradient 2.1690 tsec 2.4860
#GCMRL#  264 dt  36.288000 rms  0.629  0.016% neg 0  invalid 762 tFOTS 0.0000 tGradient 2.0950 tsec 2.3970
#GCMRL#  265 dt  36.288000 rms  0.628  0.017% neg 0  invalid 762 tFOTS 0.0000 tGradient 2.0660 tsec 2.3710
#GCMRL#  266 dt  36.288000 rms  0.628  0.016% neg 0  invalid 762 tFOTS 0.0000 tGradient 2.3650 tsec 2.7510
#FOTS# QuadFit found better minimum quadopt=(dt=580.608,rms=0.628002) vs oldopt=(dt=414.72,rms=0.628091)
#GCMRL#  267 dt 580.608000 rms  0.628  0.062% neg 0  invalid 762 tFOTS 4.0390 tGradient 2.1890 tsec 6.5390
#FOTS# QuadFit found better minimum quadopt=(dt=36.288,rms=0.627918) vs oldopt=(dt=25.92,rms=0.627929)
#GCMRL#  268 dt  36.288000 rms  0.628  0.000% neg 0  invalid 762 tFOTS 3.8230 tGradient 2.1060 tsec 6.2620
#GCMRL#  269 dt  36.288000 rms  0.628  0.003% neg 0  invalid 762 tFOTS 0.0000 tGradient 2.0850 tsec 2.4270
#GCMRL#  270 dt  36.288000 rms  0.628  0.010% neg 0  invalid 762 tFOTS 0.0000 tGradient 2.1890 tsec 2.4880
#GCMRL#  271 dt  36.288000 rms  0.628  0.013% neg 0  invalid 762 tFOTS 0.0000 tGradient 2.0780 tsec 2.3830
#GCMRL#  272 dt  36.288000 rms  0.628  0.018% neg 0  invalid 762 tFOTS 0.0000 tGradient 2.2960 tsec 2.6010
#GCMRL#  273 dt  36.288000 rms  0.628  0.019% neg 0  invalid 762 tFOTS 0.0000 tGradient 1.9290 tsec 2.2360
#GCMRL#  274 dt  36.288000 rms  0.627  0.017% neg 0  invalid 762 tFOTS 0.0000 tGradient 2.0500 tsec 2.3470
#GCMRL#  275 dt  36.288000 rms  0.627  0.016% neg 0  invalid 762 tFOTS 0.0000 tGradient 2.0680 tsec 2.3830
#FOTS# QuadFit found better minimum quadopt=(dt=1327.1,rms=0.626629) vs oldopt=(dt=1658.88,rms=0.626689)
#GCMRL#  276 dt 1327.104000 rms  0.627  0.110% neg 0  invalid 762 tFOTS 4.3490 tGradient 1.9430 tsec 6.6180
#FOTS# QuadFit found better minimum quadopt=(dt=36.288,rms=0.626386) vs oldopt=(dt=25.92,rms=0.626436)
#GCMRL#  277 dt  36.288000 rms  0.626  0.000% neg 0  invalid 762 tFOTS 3.9010 tGradient 2.2330 tsec 6.4890
#GCMRL#  278 dt   9.072000 rms  0.626  0.003% neg 0  invalid 762 tFOTS 0.0000 tGradient 2.2340 tsec 3.0940
#GCMRL#  279 dt   2.268000 rms  0.626  0.004% neg 0  invalid 762 tFOTS 0.0000 tGradient 2.4310 tsec 3.3210
#GCMRL#  280 dt   1.134000 rms  0.626  0.001% neg 0  invalid 762 tFOTS 0.0000 tGradient 2.1700 tsec 2.8660
#GCMRL#  281 dt   0.567000 rms  0.626  0.000% neg 0  invalid 762 tFOTS 0.0000 tGradient 2.1500 tsec 2.8510

#GCAMreg# pass 0 level1 4 level2 1 tsec 371.137 sigma 0.5
l_jacobian=1.00 l_label=1.00 l_log_likelihood=0.20 l_smoothness=0.03 
tol=5.00e-02, dt=5.00e-02, exp_k=20.0, momentum=0.90, levels=6, niter=500, lbl_dist=10.00, avgs=64, sigma=0.5,type=2, relabel=0, neg=no

blurring input image with Gaussian with sigma=0.500...
GCAMRegisterLevel(): init RMS 0.628114
#FOTS# QuadFit found better minimum quadopt=(dt=0.14175,rms=0.626325) vs oldopt=(dt=0.10125,rms=0.626326)
#GCMRL#  283 dt   0.141750 rms  0.626  0.285% neg 0  invalid 762 tFOTS 2.9260 tGradient 2.2160 tsec 5.4830
#FOTS# QuadFit found better minimum quadopt=(dt=0.0354375,rms=0.626323) vs oldopt=(dt=0.0253125,rms=0.626324)
#GCMRL#  284 dt   0.035437 rms  0.626  0.000% neg 0  invalid 762 tFOTS 2.6070 tGradient 2.3390 tsec 5.3120
#GCMRL#  285 dt   0.008859 rms  0.626  0.000% neg 0  invalid 762 tFOTS 0.0000 tGradient 2.2950 tsec 3.1620
#GCMRL#  286 dt   0.004430 rms  0.626  0.000% neg 0  invalid 762 tFOTS 0.0000 tGradient 2.3050 tsec 2.9980
#GCMRL#  287 dt   0.000138 rms  0.626  0.000% neg 0  invalid 762 tFOTS 0.0000 tGradient 2.2180 tsec 3.6730
setting smoothness cost coefficient to 0.118

#GCAMreg# pass 0 level1 3 level2 0 tsec 0 sigma 2
l_jacobian=1.00 l_label=1.00 l_log_likelihood=0.20 l_smoothness=0.12 
tol=5.00e-02, dt=5.00e-02, exp_k=20.0, momentum=0.90, levels=6, niter=500, lbl_dist=10.00, avgs=16, sigma=2.0,type=2, relabel=0, neg=no

blurring input image with Gaussian with sigma=2.000...
GCAMRegisterLevel(): init RMS 0.642383
#FOTS# QuadFit found better minimum quadopt=(dt=81.5906,rms=0.631949) vs oldopt=(dt=128,rms=0.634779)
#GCMRL#  289 dt  81.590643 rms  0.632  1.624% neg 0  invalid 762 tFOTS 4.7560 tGradient 1.9890 tsec 7.1230
#GCMRL#  290 dt  32.000000 rms  0.621  1.745% neg 0  invalid 762 tFOTS 4.3420 tGradient 1.8470 tsec 6.5280
#FOTS# QuadFit found better minimum quadopt=(dt=44.8,rms=0.616217) vs oldopt=(dt=32,rms=0.617421)
#GCMRL#  291 dt  44.800000 rms  0.616  0.758% neg 0  invalid 762 tFOTS 4.5040 tGradient 1.8980 tsec 6.7620
#GCMRL#  292 dt  32.000000 rms  0.613  0.550% neg 0  invalid 762 tFOTS 4.8030 tGradient 1.9100 tsec 7.0690
#FOTS# QuadFit found better minimum quadopt=(dt=44.8,rms=0.609224) vs oldopt=(dt=32,rms=0.610189)
#GCMRL#  293 dt  44.800000 rms  0.609  0.588% neg 0  invalid 762 tFOTS 4.1920 tGradient 1.8570 tsec 6.3930
#GCMRL#  294 dt  32.000000 rms  0.607  0.387% neg 0  invalid 762 tFOTS 4.7020 tGradient 1.8740 tsec 7.0190
#FOTS# QuadFit found better minimum quadopt=(dt=44.8,rms=0.604363) vs oldopt=(dt=32,rms=0.60501)
#GCMRL#  295 dt  44.800000 rms  0.604  0.413% neg 0  invalid 762 tFOTS 4.2940 tGradient 1.7560 tsec 6.4050
#GCMRL#  296 dt  32.000000 rms  0.602  0.360% neg 0  invalid 762 tFOTS 4.4040 tGradient 1.8350 tsec 6.5650
#FOTS# QuadFit found better minimum quadopt=(dt=44.8,rms=0.60061) vs oldopt=(dt=32,rms=0.600966)
#GCMRL#  297 dt  44.800000 rms  0.601  0.262% neg 0  invalid 762 tFOTS 3.8980 tGradient 1.5730 tsec 5.8050
#GCMRL#  298 dt  32.000000 rms  0.599  0.344% neg 0  invalid 762 tFOTS 4.0300 tGradient 1.6760 tsec 6.0320
#GCMRL#  299 dt 128.000000 rms  0.596  0.422% neg 0  invalid 762 tFOTS 3.9410 tGradient 1.6890 tsec 5.9520
#GCMRL#  300 dt  32.000000 rms  0.593  0.457% neg 0  invalid 762 tFOTS 3.9960 tGradient 1.8280 tsec 6.1410
#FOTS# QuadFit found better minimum quadopt=(dt=44.8,rms=0.591778) vs oldopt=(dt=32,rms=0.591987)
#GCMRL#  301 dt  44.800000 rms  0.592  0.255% neg 0  invalid 762 tFOTS 4.0630 tGradient 1.6540 tsec 6.0320
#FOTS# QuadFit found better minimum quadopt=(dt=44.8,rms=0.590565) vs oldopt=(dt=32,rms=0.590676)
#GCMRL#  302 dt  44.800000 rms  0.591  0.205% neg 0  invalid 762 tFOTS 3.9680 tGradient 1.5790 tsec 5.8640
#FOTS# QuadFit found better minimum quadopt=(dt=19.2,rms=0.589991) vs oldopt=(dt=32,rms=0.590087)
#GCMRL#  303 dt  19.200000 rms  0.590  0.097% neg 0  invalid 762 tFOTS 4.1540 tGradient 1.6680 tsec 6.1320
#FOTS# QuadFit found better minimum quadopt=(dt=44.8,rms=0.588952) vs oldopt=(dt=32,rms=0.58923)
#GCMRL#  304 dt  44.800000 rms  0.589  0.176% neg 0  invalid 762 tFOTS 4.0380 tGradient 1.7500 tsec 6.1250
#FOTS# QuadFit found better minimum quadopt=(dt=44.8,rms=0.587888) vs oldopt=(dt=32,rms=0.588165)
#GCMRL#  305 dt  44.800000 rms  0.588  0.181% neg 0  invalid 762 tFOTS 3.8440 tGradient 1.7680 tsec 5.9570
#FOTS# QuadFit found better minimum quadopt=(dt=11.2,rms=0.587746) vs oldopt=(dt=8,rms=0.587783)
#GCMRL#  306 dt  11.200000 rms  0.588  0.000% neg 0  invalid 762 tFOTS 4.0300 tGradient 1.9310 tsec 6.3410
#GCMRL#  307 dt   2.800000 rms  0.588  0.011% neg 0  invalid 762 tFOTS 0.0000 tGradient 1.6630 tsec 2.4980
#GCMRL#  308 dt   0.700000 rms  0.588  0.003% neg 0  invalid 762 tFOTS 0.0000 tGradient 1.6860 tsec 2.4940
#GCMRL#  309 dt   0.350000 rms  0.588  0.001% neg 0  invalid 762 tFOTS 0.0000 tGradient 1.6650 tsec 2.3320
#FOTS# QuadFit found better minimum quadopt=(dt=0.04375,rms=0.587654) vs oldopt=(dt=0.03125,rms=0.587654)

#GCAMreg# pass 0 level1 3 level2 1 tsec 135.768 sigma 0.5
l_jacobian=1.00 l_label=1.00 l_log_likelihood=0.20 l_smoothness=0.12 
tol=5.00e-02, dt=5.00e-02, exp_k=20.0, momentum=0.90, levels=6, niter=500, lbl_dist=10.00, avgs=16, sigma=0.5,type=2, relabel=0, neg=no

blurring input image with Gaussian with sigma=0.500...
GCAMRegisterLevel(): init RMS 0.589107
#GCMRL#  311 dt   0.031250 rms  0.588  0.247% neg 0  invalid 762 tFOTS 2.8170 tGradient 1.6920 tsec 4.8510
#FOTS# QuadFit found better minimum quadopt=(dt=0.00273437,rms=0.587648) vs oldopt=(dt=0.00195312,rms=0.587648)
#GCMRL#  312 dt   0.002734 rms  0.588  0.000% neg 0  invalid 762 tFOTS 2.2010 tGradient 1.6640 tsec 4.2280
#GCMRL#  313 dt   0.001367 rms  0.588  0.000% neg 0  invalid 762 tFOTS 0.0000 tGradient 1.7990 tsec 2.4710
#GCMRL#  314 dt   0.000171 rms  0.588  0.000% neg 0  invalid 762 tFOTS 0.0000 tGradient 1.8860 tsec 3.0370
#GCMRL#  315 dt   0.000085 rms  0.588  0.000% neg 0  invalid 762 tFOTS 0.0000 tGradient 2.0240 tsec 2.7940
setting smoothness cost coefficient to 0.400

#GCAMreg# pass 0 level1 2 level2 0 tsec 0 sigma 2
l_jacobian=1.00 l_label=1.00 l_log_likelihood=0.20 l_smoothness=0.40 
tol=5.00e-02, dt=5.00e-02, exp_k=20.0, momentum=0.90, levels=6, niter=500, lbl_dist=10.00, avgs=4, sigma=2.0,type=2, relabel=0, neg=no

blurring input image with Gaussian with sigma=2.000...
GCAMRegisterLevel(): init RMS 0.624011
#FOTS# QuadFit found better minimum quadopt=(dt=2.02597,rms=0.622382) vs oldopt=(dt=2.88,rms=0.622441)
#GCMRL#  317 dt   2.025974 rms  0.622  0.261% neg 0  invalid 762 tFOTS 4.5050 tGradient 1.5770 tsec 6.4190
#FOTS# QuadFit found better minimum quadopt=(dt=1.728,rms=0.622232) vs oldopt=(dt=2.88,rms=0.622279)
#GCMRL#  318 dt   1.728000 rms  0.622  0.000% neg 0  invalid 762 tFOTS 4.1510 tGradient 1.5820 tsec 6.1200
#GCMRL#  319 dt   1.728000 rms  0.622  0.017% neg 0  invalid 762 tFOTS 0.0000 tGradient 1.5800 tsec 1.8950

#GCAMreg# pass 0 level1 2 level2 1 tsec 26.152 sigma 0.5
l_jacobian=1.00 l_label=1.00 l_log_likelihood=0.20 l_smoothness=0.40 
tol=5.00e-02, dt=5.00e-02, exp_k=20.0, momentum=0.90, levels=6, niter=500, lbl_dist=10.00, avgs=4, sigma=0.5,type=2, relabel=0, neg=no

blurring input image with Gaussian with sigma=0.500...
GCAMRegisterLevel(): init RMS 0.623437
#FOTS# QuadFit found better minimum quadopt=(dt=4.34043,rms=0.621278) vs oldopt=(dt=2.88,rms=0.62139)
#GCMRL#  321 dt   4.340426 rms  0.621  0.346% neg 0  invalid 762 tFOTS 4.6230 tGradient 1.7680 tsec 6.7090
#FOTS# QuadFit found better minimum quadopt=(dt=5.90476,rms=0.620629) vs oldopt=(dt=2.88,rms=0.620793)
#GCMRL#  322 dt   5.904762 rms  0.621  0.105% neg 0  invalid 762 tFOTS 4.8400 tGradient 1.5710 tsec 6.7990
#FOTS# QuadFit found better minimum quadopt=(dt=8.96335,rms=0.619807) vs oldopt=(dt=11.52,rms=0.619885)
#GCMRL#  323 dt   8.963351 rms  0.620  0.132% neg 0  invalid 762 tFOTS 4.2970 tGradient 1.7690 tsec 6.4140
#FOTS# QuadFit found better minimum quadopt=(dt=16.128,rms=0.617754) vs oldopt=(dt=11.52,rms=0.618124)
#GCMRL#  324 dt  16.128000 rms  0.618  0.331% neg 0  invalid 762 tFOTS 4.1390 tGradient 1.4830 tsec 5.9640
#FOTS# QuadFit found better minimum quadopt=(dt=13.824,rms=0.615491) vs oldopt=(dt=11.52,rms=0.615838)
#GCMRL#  325 dt  13.824000 rms  0.615  0.366% neg 0  invalid 762 tFOTS 4.1540 tGradient 1.4590 tsec 5.9490
#FOTS# QuadFit found better minimum quadopt=(dt=16.128,rms=0.613727) vs oldopt=(dt=11.52,rms=0.614165)
#GCMRL#  326 dt  16.128000 rms  0.614  0.287% neg 0  invalid 762 tFOTS 4.1460 tGradient 1.4250 tsec 5.8910
#FOTS# QuadFit found better minimum quadopt=(dt=16.128,rms=0.612718) vs oldopt=(dt=11.52,rms=0.612937)
#GCMRL#  327 dt  16.128000 rms  0.613  0.164% neg 0  invalid 762 tFOTS 4.1630 tGradient 1.4500 tsec 5.9420
#FOTS# QuadFit found better minimum quadopt=(dt=16.128,rms=0.611468) vs oldopt=(dt=11.52,rms=0.611694)
#GCMRL#  328 dt  16.128000 rms  0.611  0.204% neg 0  invalid 762 tFOTS 4.1960 tGradient 1.4910 tsec 6.0120
#FOTS# QuadFit found better minimum quadopt=(dt=10.5143,rms=0.61109) vs oldopt=(dt=11.52,rms=0.611094)
#GCMRL#  329 dt  10.514286 rms  0.611  0.062% neg 0  invalid 762 tFOTS 4.1060 tGradient 1.3990 tsec 5.8300
#FOTS# QuadFit found better minimum quadopt=(dt=16.128,rms=0.61014) vs oldopt=(dt=11.52,rms=0.610334)
#GCMRL#  330 dt  16.128000 rms  0.610  0.155% neg 0  invalid 762 tFOTS 4.2380 tGradient 1.4550 tsec 6.0130
#FOTS# QuadFit found better minimum quadopt=(dt=9.216,rms=0.609832) vs oldopt=(dt=11.52,rms=0.609842)
#GCMRL#  331 dt   9.216000 rms  0.610  0.051% neg 0  invalid 762 tFOTS 4.1520 tGradient 1.4850 tsec 5.9610
#FOTS# QuadFit found better minimum quadopt=(dt=13.824,rms=0.609172) vs oldopt=(dt=11.52,rms=0.609262)
#GCMRL#  332 dt  13.824000 rms  0.609  0.108% neg 0  invalid 762 tFOTS 4.1810 tGradient 1.4060 tsec 5.9170
#GCMRL#  333 dt  11.520000 rms  0.609  0.000% neg 0  invalid 762 tFOTS 4.1570 tGradient 1.3930 tsec 5.8980
#GCMRL#  334 dt  11.520000 rms  0.608  0.082% neg 0  invalid 762 tFOTS 0.0000 tGradient 1.4700 tsec 1.7710
#GCMRL#  335 dt  11.520000 rms  0.608  0.135% neg 0  invalid 762 tFOTS 0.0000 tGradient 1.4680 tsec 1.7750
#GCMRL#  336 dt  11.520000 rms  0.607  0.138% neg 0  invalid 762 tFOTS 0.0000 tGradient 1.4710 tsec 1.7790
#GCMRL#  337 dt  11.520000 rms  0.606  0.175% neg 0  invalid 762 tFOTS 0.0000 tGradient 1.4130 tsec 1.7310
#GCMRL#  338 dt  11.520000 rms  0.605  0.193% neg 0  invalid 762 tFOTS 0.0000 tGradient 1.4160 tsec 1.7240
#GCMRL#  339 dt  11.520000 rms  0.603  0.172% neg 0  invalid 762 tFOTS 0.0000 tGradient 1.4720 tsec 1.7770
#GCMRL#  340 dt  11.520000 rms  0.603  0.121% neg 0  invalid 762 tFOTS 0.0000 tGradient 1.3890 tsec 1.7000
#GCMRL#  341 dt  11.520000 rms  0.603 -0.003% neg 0  invalid 762 tFOTS 0.0000 tGradient 1.4640 tsec 2.1830
#FOTS# QuadFit found better minimum quadopt=(dt=4.032,rms=0.60274) vs oldopt=(dt=2.88,rms=0.602751)
#GCMRL#  342 dt   4.032000 rms  0.603  0.010% neg 0  invalid 762 tFOTS 4.4720 tGradient 1.4870 tsec 6.3140
#FOTS# QuadFit found better minimum quadopt=(dt=1.008,rms=0.602726) vs oldopt=(dt=0.72,rms=0.602726)
setting smoothness cost coefficient to 1.000

#GCAMreg# pass 0 level1 1 level2 0 tsec 0 sigma 2
l_jacobian=1.00 l_label=1.00 l_log_likelihood=0.20 l_smoothness=1.00 
tol=5.00e-02, dt=5.00e-02, exp_k=20.0, momentum=0.90, levels=6, niter=500, lbl_dist=10.00, avgs=1, sigma=2.0,type=2, relabel=0, neg=no

blurring input image with Gaussian with sigma=2.000...
GCAMRegisterLevel(): init RMS 0.631408
#GCMRL#  344 dt   0.000000 rms  0.631  0.143% neg 0  invalid 762 tFOTS 4.2100 tGradient 1.3570 tsec 5.9170
#GCMRL#  345 dt   0.100000 rms  0.631  0.000% neg 0  invalid 762 tFOTS 4.3450 tGradient 1.3610 tsec 6.3510

#GCAMreg# pass 0 level1 1 level2 1 tsec 23.522 sigma 0.5
l_jacobian=1.00 l_label=1.00 l_log_likelihood=0.20 l_smoothness=1.00 
tol=5.00e-02, dt=5.00e-02, exp_k=20.0, momentum=0.90, levels=6, niter=500, lbl_dist=10.00, avgs=1, sigma=0.5,type=2, relabel=0, neg=no

blurring input image with Gaussian with sigma=0.500...
GCAMRegisterLevel(): init RMS 0.631408
#GCMRL#  347 dt   0.000000 rms  0.631  0.143% neg 0  invalid 762 tFOTS 4.1800 tGradient 1.2830 tsec 5.8870
#GCMRL#  348 dt   0.100000 rms  0.631  0.000% neg 0  invalid 762 tFOTS 4.3370 tGradient 1.5650 tsec 6.5740
resetting metric properties...
setting smoothness cost coefficient to 2.000

#GCAMreg# pass 0 level1 0 level2 0 tsec 0 sigma 2
l_jacobian=1.00 l_label=1.00 l_log_likelihood=0.20 l_smoothness=2.00 
tol=5.00e-02, dt=5.00e-02, exp_k=20.0, momentum=0.90, levels=6, niter=500, lbl_dist=10.00, avgs=0, sigma=2.0,type=2, relabel=0, neg=no

blurring input image with Gaussian with sigma=2.000...
GCAMRegisterLevel(): init RMS 0.584458
#FOTS# QuadFit found better minimum quadopt=(dt=0.448,rms=0.569411) vs oldopt=(dt=0.32,rms=0.573234)
#GCMRL#  350 dt   0.448000 rms  0.569  2.574% neg 0  invalid 762 tFOTS 4.3930 tGradient 0.8810 tsec 5.6360
#FOTS# QuadFit found better minimum quadopt=(dt=0.384,rms=0.565467) vs oldopt=(dt=0.32,rms=0.566101)
#GCMRL#  351 dt   0.384000 rms  0.565  0.693% neg 0  invalid 762 tFOTS 4.3880 tGradient 0.9360 tsec 5.6460
#FOTS# QuadFit found better minimum quadopt=(dt=0.384,rms=0.56283) vs oldopt=(dt=0.32,rms=0.563255)
#GCMRL#  352 dt   0.384000 rms  0.563  0.466% neg 0  invalid 762 tFOTS 3.9290 tGradient 0.8830 tsec 5.1420
#FOTS# QuadFit found better minimum quadopt=(dt=0.384,rms=0.561049) vs oldopt=(dt=0.32,rms=0.561328)
#GCMRL#  353 dt   0.384000 rms  0.561  0.316% neg 0  invalid 762 tFOTS 3.7840 tGradient 0.8460 tsec 4.9530
#FOTS# QuadFit found better minimum quadopt=(dt=0.384,rms=0.559681) vs oldopt=(dt=0.32,rms=0.559896)
#GCMRL#  354 dt   0.384000 rms  0.560  0.244% neg 0  invalid 762 tFOTS 4.1040 tGradient 0.8400 tsec 5.2790
#FOTS# QuadFit found better minimum quadopt=(dt=0.384,rms=0.558681) vs oldopt=(dt=0.32,rms=0.558833)
#GCMRL#  355 dt   0.384000 rms  0.559  0.179% neg 0  invalid 762 tFOTS 3.9340 tGradient 0.8520 tsec 5.1600
#FOTS# QuadFit found better minimum quadopt=(dt=0.384,rms=0.557782) vs oldopt=(dt=0.32,rms=0.557912)
#GCMRL#  356 dt   0.384000 rms  0.558  0.161% neg 0  invalid 762 tFOTS 4.0570 tGradient 0.8600 tsec 5.2850
#FOTS# QuadFit found better minimum quadopt=(dt=0.384,rms=0.557152) vs oldopt=(dt=0.32,rms=0.557242)
#GCMRL#  357 dt   0.384000 rms  0.557  0.113% neg 0  invalid 762 tFOTS 4.0530 tGradient 0.9020 tsec 5.3180
#FOTS# QuadFit found better minimum quadopt=(dt=0.384,rms=0.556515) vs oldopt=(dt=0.32,rms=0.5566)
#GCMRL#  358 dt   0.384000 rms  0.557  0.114% neg 0  invalid 762 tFOTS 3.9780 tGradient 0.8530 tsec 5.1420
#FOTS# QuadFit found better minimum quadopt=(dt=0.384,rms=0.556083) vs oldopt=(dt=0.32,rms=0.556139)
#GCMRL#  359 dt   0.384000 rms  0.556  0.078% neg 0  invalid 762 tFOTS 4.5420 tGradient 0.8220 tsec 5.7370
#FOTS# QuadFit found better minimum quadopt=(dt=0.384,rms=0.555594) vs oldopt=(dt=0.32,rms=0.555653)
#GCMRL#  360 dt   0.384000 rms  0.556  0.088% neg 0  invalid 762 tFOTS 3.8530 tGradient 0.8230 tsec 5.0080
#FOTS# QuadFit found better minimum quadopt=(dt=0.384,rms=0.555287) vs oldopt=(dt=0.32,rms=0.555321)
#GCMRL#  361 dt   0.384000 rms  0.555  0.055% neg 0  invalid 762 tFOTS 3.9930 tGradient 0.8200 tsec 5.1410
#FOTS# QuadFit found better minimum quadopt=(dt=0.384,rms=0.554893) vs oldopt=(dt=0.32,rms=0.554934)
#GCMRL#  362 dt   0.384000 rms  0.555  0.071% neg 0  invalid 762 tFOTS 3.8060 tGradient 0.8080 tsec 4.9410
#GCMRL#  363 dt   0.320000 rms  0.555  0.000% neg 0  invalid 762 tFOTS 4.3300 tGradient 0.8080 tsec 5.5830
#GCMRL#  364 dt   0.320000 rms  0.554  0.060% neg 0  invalid 762 tFOTS 0.0000 tGradient 0.9850 tsec 1.3730
#GCMRL#  365 dt   0.320000 rms  0.554  0.087% neg 0  invalid 762 tFOTS 0.0000 tGradient 0.9570 tsec 1.3430
#GCMRL#  366 dt   0.320000 rms  0.554  0.026% neg 0  invalid 762 tFOTS 0.0000 tGradient 0.9570 tsec 1.5400
#GCMRL#  367 dt   0.320000 rms  0.554  0.039% neg 0  invalid 762 tFOTS 0.0000 tGradient 0.9400 tsec 1.5380
#GCMRL#  368 dt   0.160000 rms  0.553  0.011% neg 0  invalid 762 tFOTS 0.0000 tGradient 0.9540 tsec 1.6870
#GCMRL#  369 dt   0.160000 rms  0.553  0.028% neg 0  invalid 762 tFOTS 0.0000 tGradient 0.9130 tsec 1.2950
#GCMRL#  370 dt   0.160000 rms  0.553  0.014% neg 0  invalid 762 tFOTS 0.0000 tGradient 0.9460 tsec 1.5390
#GCMRL#  371 dt   0.160000 rms  0.553  0.026% neg 0  invalid 762 tFOTS 0.0000 tGradient 0.9160 tsec 1.2610
#GCMRL#  372 dt   0.160000 rms  0.553  0.014% neg 0  invalid 762 tFOTS 0.0000 tGradient 0.9940 tsec 1.6110
#GCMRL#  373 dt   0.160000 rms  0.553  0.018% neg 0  invalid 762 tFOTS 0.0000 tGradient 0.9820 tsec 1.3770
#GCMRL#  374 dt   0.160000 rms  0.553  0.013% neg 0  invalid 762 tFOTS 0.0000 tGradient 0.8620 tsec 1.3660
#FOTS# QuadFit found better minimum quadopt=(dt=0.112,rms=0.552775) vs oldopt=(dt=0.08,rms=0.552788)
#GCMRL#  375 dt   0.112000 rms  0.553  0.000% neg 0  invalid 762 tFOTS 3.8740 tGradient 0.8810 tsec 5.0950
#GCMRL#  376 dt   0.112000 rms  0.553  0.009% neg 0  invalid 762 tFOTS 0.0000 tGradient 0.8060 tsec 1.1170
#GCMRL#  377 dt   0.112000 rms  0.553  0.017% neg 0  invalid 762 tFOTS 0.0000 tGradient 0.8180 tsec 1.1230
#GCMRL#  378 dt   0.112000 rms  0.553  0.018% neg 0  invalid 762 tFOTS 0.0000 tGradient 0.8230 tsec 1.1240
#GCMRL#  379 dt   0.112000 rms  0.552  0.024% neg 0  invalid 762 tFOTS 0.0000 tGradient 0.7660 tsec 1.0710
#GCMRL#  380 dt   0.112000 rms  0.552  0.029% neg 0  invalid 762 tFOTS 0.0000 tGradient 0.8210 tsec 1.1650
#GCMRL#  381 dt   0.112000 rms  0.552  0.025% neg 0  invalid 762 tFOTS 0.0000 tGradient 0.8780 tsec 1.2340
#GCMRL#  382 dt   0.112000 rms  0.552  0.029% neg 0  invalid 762 tFOTS 0.0000 tGradient 0.8580 tsec 1.1840
#GCMRL#  383 dt   0.112000 rms  0.552  0.029% neg 0  invalid 762 tFOTS 0.0000 tGradient 0.7850 tsec 1.0830
#GCMRL#  384 dt   0.112000 rms  0.552  0.027% neg 0  invalid 762 tFOTS 0.0000 tGradient 0.7870 tsec 1.0830
#GCMRL#  385 dt   0.112000 rms  0.551  0.025% neg 0  invalid 762 tFOTS 0.0000 tGradient 0.8290 tsec 1.1610
#GCMRL#  386 dt   0.112000 rms  0.551  0.025% neg 0  invalid 762 tFOTS 0.0000 tGradient 0.8450 tsec 1.2220
#GCMRL#  387 dt   0.112000 rms  0.551  0.024% neg 0  invalid 762 tFOTS 0.0000 tGradient 0.8570 tsec 1.1710
#GCMRL#  388 dt   0.112000 rms  0.551  0.022% neg 0  invalid 762 tFOTS 0.0000 tGradient 0.8010 tsec 1.1430
#FOTS# QuadFit found better minimum quadopt=(dt=0.112,rms=0.551094) vs oldopt=(dt=0.08,rms=0.551095)
#GCMRL#  389 dt   0.112000 rms  0.551  0.000% neg 0  invalid 762 tFOTS 3.3910 tGradient 0.7960 tsec 4.5270

#GCAMreg# pass 0 level1 0 level2 1 tsec 125.109 sigma 0.5
l_jacobian=1.00 l_label=1.00 l_log_likelihood=0.20 l_smoothness=2.00 
tol=5.00e-02, dt=5.00e-02, exp_k=20.0, momentum=0.90, levels=6, niter=500, lbl_dist=10.00, avgs=0, sigma=0.5,type=2, relabel=0, neg=no

blurring input image with Gaussian with sigma=0.500...
GCAMRegisterLevel(): init RMS 0.552221
#FOTS# QuadFit found better minimum quadopt=(dt=0.159722,rms=0.549634) vs oldopt=(dt=0.08,rms=0.550356)
#GCMRL#  391 dt   0.159722 rms  0.550  0.468% neg 0  invalid 762 tFOTS 3.5800 tGradient 0.8360 tsec 4.7450
#FOTS# QuadFit found better minimum quadopt=(dt=0.112,rms=0.54894) vs oldopt=(dt=0.08,rms=0.549135)
#GCMRL#  392 dt   0.112000 rms  0.549  0.126% neg 0  invalid 762 tFOTS 3.5790 tGradient 0.7950 tsec 4.6980
#GCMRL#  393 dt   0.320000 rms  0.547  0.268% neg 0  invalid 762 tFOTS 3.6240 tGradient 0.8000 tsec 4.7290
#FOTS# QuadFit found better minimum quadopt=(dt=0.112,rms=0.547299) vs oldopt=(dt=0.08,rms=0.54735)
#GCMRL#  394 dt   0.112000 rms  0.547  0.000% neg 0  invalid 762 tFOTS 3.5340 tGradient 0.8740 tsec 4.7500
#GCMRL#  395 dt   0.112000 rms  0.547  0.029% neg 0  invalid 762 tFOTS 0.0000 tGradient 0.7810 tsec 1.0790
#GCMRL#  396 dt   0.112000 rms  0.547  0.040% neg 0  invalid 762 tFOTS 0.0000 tGradient 0.7810 tsec 1.0910
#GCMRL#  397 dt   0.112000 rms  0.547  0.043% neg 0  invalid 762 tFOTS 0.0000 tGradient 0.7790 tsec 1.0960
#GCMRL#  398 dt   0.112000 rms  0.546  0.038% neg 0  invalid 762 tFOTS 0.0000 tGradient 0.8250 tsec 1.1420
#GCMRL#  399 dt   0.112000 rms  0.546  0.015% neg 0  invalid 762 tFOTS 0.0000 tGradient 0.8070 tsec 1.1240
#GCMRL#  400 dt   0.112000 rms  0.546 -0.004% neg 0  invalid 762 tFOTS 0.0000 tGradient 0.8130 tsec 1.3460
#FOTS# QuadFit found better minimum quadopt=(dt=0,rms=0.546391) vs oldopt=(dt=0,rms=0.546391)
GCAMregister done in 21.3444 min
********************* ALLOWING NEGATIVE NODES IN DEFORMATION********************************
noneg post
Starting GCAMregister()
label assignment complete, 0 changed (0.00%)
npasses = 1, nlevels = 6
#pass# 1 of 1 ************************
enabling zero nodes
setting smoothness cost coefficient to 0.008

#GCAMreg# pass 0 level1 5 level2 0 tsec 0 sigma 2
l_jacobian=1.00 l_label=1.00 l_log_likelihood=0.20 l_smoothness=0.01 
tol=2.50e-01, dt=5.00e-02, exp_k=20.0, momentum=0.90, levels=6, niter=500, lbl_dist=10.00, avgs=256, sigma=2.0,type=2, relabel=0, neg=yes

blurring input image with Gaussian with sigma=2.000...
GCAMRegisterLevel(): init RMS 0.543965
#GCMRL#  402 dt   0.000000 rms  0.543  0.209% neg 0  invalid 762 tFOTS 4.6520 tGradient 2.2070 tsec 7.1850

#GCAMreg# pass 0 level1 5 level2 1 tsec 23.947 sigma 0.5
l_jacobian=1.00 l_label=1.00 l_log_likelihood=0.20 l_smoothness=0.01 
tol=2.50e-01, dt=5.00e-02, exp_k=20.0, momentum=0.90, levels=6, niter=500, lbl_dist=10.00, avgs=256, sigma=0.5,type=2, relabel=0, neg=yes

blurring input image with Gaussian with sigma=0.500...
GCAMRegisterLevel(): init RMS 0.543965
#FOTS# QuadFit found better minimum quadopt=(dt=32.368,rms=0.542776) vs oldopt=(dt=23.12,rms=0.542785)
#GCMRL#  404 dt  32.368000 rms  0.543  0.219% neg 0  invalid 762 tFOTS 5.0590 tGradient 2.2450 tsec 7.6390
#FOTS# QuadFit found better minimum quadopt=(dt=73.984,rms=0.542724) vs oldopt=(dt=92.48,rms=0.542732)
#GCMRL#  405 dt  73.984000 rms  0.543  0.000% neg 0  invalid 762 tFOTS 4.7140 tGradient 2.2020 tsec 7.2860
#GCMRL#  406 dt  73.984000 rms  0.543  0.018% neg 0  invalid 762 tFOTS 0.0000 tGradient 2.2330 tsec 2.6030
#GCMRL#  407 dt  73.984000 rms  0.543  0.018% neg 0  invalid 762 tFOTS 0.0000 tGradient 2.2330 tsec 2.5530
#GCMRL#  408 dt  73.984000 rms  0.542  0.010% neg 0  invalid 762 tFOTS 0.0000 tGradient 2.2090 tsec 2.5390
setting smoothness cost coefficient to 0.031

#GCAMreg# pass 0 level1 4 level2 0 tsec 0 sigma 2
l_jacobian=1.00 l_label=1.00 l_log_likelihood=0.20 l_smoothness=0.03 
tol=2.50e-01, dt=5.00e-02, exp_k=20.0, momentum=0.90, levels=6, niter=500, lbl_dist=10.00, avgs=64, sigma=2.0,type=2, relabel=0, neg=yes

blurring input image with Gaussian with sigma=2.000...
GCAMRegisterLevel(): init RMS 0.54361
#FOTS# QuadFit found better minimum quadopt=(dt=24,rms=0.542158) vs oldopt=(dt=25.92,rms=0.542163)
#GCMRL#  410 dt  24.000000 rms  0.542  0.267% neg 0  invalid 762 tFOTS 5.0060 tGradient 1.7180 tsec 7.0950
#GCMRL#  411 dt  25.920000 rms  0.542  0.000% neg 0  invalid 762 tFOTS 4.6740 tGradient 1.7130 tsec 6.7400
#GCMRL#  412 dt  25.920000 rms  0.542  0.029% neg 0  invalid 762 tFOTS 0.0000 tGradient 1.8120 tsec 2.1350

#GCAMreg# pass 0 level1 4 level2 1 tsec 27.572 sigma 0.5
l_jacobian=1.00 l_label=1.00 l_log_likelihood=0.20 l_smoothness=0.03 
tol=2.50e-01, dt=5.00e-02, exp_k=20.0, momentum=0.90, levels=6, niter=500, lbl_dist=10.00, avgs=64, sigma=0.5,type=2, relabel=0, neg=yes

blurring input image with Gaussian with sigma=0.500...
GCAMRegisterLevel(): init RMS 0.543006
#FOTS# QuadFit found better minimum quadopt=(dt=104.49,rms=0.538197) vs oldopt=(dt=103.68,rms=0.538197)
#GCMRL#  414 dt 104.489796 rms  0.538  0.886% neg 0  invalid 762 tFOTS 4.9480 tGradient 1.8820 tsec 7.1540
#GCMRL#  415 dt  25.920000 rms  0.538  0.000% neg 0  invalid 762 tFOTS 4.5430 tGradient 1.6880 tsec 6.5710
#GCMRL#  416 dt  25.920000 rms  0.537  0.044% neg 0  invalid 762 tFOTS 0.0000 tGradient 1.6940 tsec 1.9990
#GCMRL#  417 dt  25.920000 rms  0.537  0.057% neg 0  invalid 762 tFOTS 0.0000 tGradient 1.6960 tsec 1.9860
#GCMRL#  418 dt  25.920000 rms  0.537  0.074% neg 0  invalid 762 tFOTS 0.0000 tGradient 1.7490 tsec 2.0390
#GCMRL#  419 dt  25.920000 rms  0.536  0.129% neg 0  invalid 762 tFOTS 0.0000 tGradient 1.7510 tsec 2.0330
#GCMRL#  420 dt  25.920000 rms  0.535  0.159% neg 0  invalid 762 tFOTS 0.0000 tGradient 1.7120 tsec 2.0300
#GCMRL#  421 dt  25.920000 rms  0.534  0.152% neg 0  invalid 762 tFOTS 0.0000 tGradient 1.6880 tsec 1.9830
#GCMRL#  422 dt  25.920000 rms  0.534  0.120% neg 0  invalid 762 tFOTS 0.0000 tGradient 1.6580 tsec 1.9670
#GCMRL#  423 dt  25.920000 rms  0.533  0.089% neg 0  invalid 762 tFOTS 0.0000 tGradient 1.6130 tsec 1.9390
#FOTS# QuadFit found better minimum quadopt=(dt=21.3333,rms=0.53324) vs oldopt=(dt=25.92,rms=0.53324)
#GCMRL#  424 dt  21.333333 rms  0.533  0.000% neg 0  invalid 762 tFOTS 4.7460 tGradient 1.6280 tsec 6.7260
#GCMRL#  425 dt  21.333333 rms  0.533  0.004% neg 0  invalid 762 tFOTS 0.0000 tGradient 1.6060 tsec 1.9080
#GCMRL#  426 dt  21.333333 rms  0.533  0.011% neg 0  invalid 762 tFOTS 0.0000 tGradient 1.6090 tsec 1.9170
#GCMRL#  427 dt  21.333333 rms  0.533  0.015% neg 0  invalid 762 tFOTS 0.0000 tGradient 1.6200 tsec 1.9740
#GCMRL#  428 dt  21.333333 rms  0.533  0.024% neg 0  invalid 762 tFOTS 0.0000 tGradient 1.6650 tsec 1.9690
#GCMRL#  429 dt  21.333333 rms  0.533  0.041% neg 0  invalid 762 tFOTS 0.0000 tGradient 1.7200 tsec 2.0220
#GCMRL#  430 dt  21.333333 rms  0.532  0.049% neg 0  invalid 762 tFOTS 0.0000 tGradient 1.7080 tsec 2.0200
#GCMRL#  431 dt  21.333333 rms  0.532  0.048% neg 0  invalid 762 tFOTS 0.0000 tGradient 1.7600 tsec 2.0720
setting smoothness cost coefficient to 0.118

#GCAMreg# pass 0 level1 3 level2 0 tsec 0 sigma 2
l_jacobian=1.00 l_label=1.00 l_log_likelihood=0.20 l_smoothness=0.12 
tol=2.50e-01, dt=5.00e-02, exp_k=20.0, momentum=0.90, levels=6, niter=500, lbl_dist=10.00, avgs=16, sigma=2.0,type=2, relabel=0, neg=yes

blurring input image with Gaussian with sigma=2.000...
GCAMRegisterLevel(): init RMS 0.533849
iter 0, gcam->neg = 2
after 10 iterations, nbhd size=1, neg = 0
#GCMRL#  433 dt  32.000000 rms  0.530  0.664% neg 0  invalid 762 tFOTS 4.8450 tGradient 1.7170 tsec 12.2490
#FOTS# QuadFit found better minimum quadopt=(dt=87.0244,rms=0.526581) vs oldopt=(dt=32,rms=0.527645)
iter 0, gcam->neg = 45
after 13 iterations, nbhd size=1, neg = 0
#GCMRL#  434 dt  87.024390 rms  0.527  0.668% neg 0  invalid 762 tFOTS 4.8810 tGradient 1.5730 tsec 13.4470
#FOTS# QuadFit found better minimum quadopt=(dt=11.2,rms=0.525743) vs oldopt=(dt=8,rms=0.525892)
iter 0, gcam->neg = 2
after 3 iterations, nbhd size=0, neg = 0
#GCMRL#  435 dt  11.200000 rms  0.526  0.000% neg 0  invalid 762 tFOTS 4.7880 tGradient 1.4580 tsec 8.8630
iter 0, gcam->neg = 2
after 5 iterations, nbhd size=0, neg = 0
#GCMRL#  436 dt  11.200000 rms  0.525  0.084% neg 0  invalid 762 tFOTS 0.0000 tGradient 1.4970 tsec 5.0600
iter 0, gcam->neg = 3
after 8 iterations, nbhd size=1, neg = 0
#GCMRL#  437 dt  11.200000 rms  0.525  0.088% neg 0  invalid 762 tFOTS 0.0000 tGradient 1.4010 tsec 6.3940
iter 0, gcam->neg = 10
after 3 iterations, nbhd size=0, neg = 0
#GCMRL#  438 dt  11.200000 rms  0.524  0.134% neg 0  invalid 762 tFOTS 0.0000 tGradient 1.4460 tsec 4.1270
iter 0, gcam->neg = 10
after 9 iterations, nbhd size=1, neg = 0
#GCMRL#  439 dt  11.200000 rms  0.523  0.199% neg 0  invalid 762 tFOTS 0.0000 tGradient 1.4530 tsec 6.9120
iter 0, gcam->neg = 25
after 11 iterations, nbhd size=1, neg = 0
#GCMRL#  440 dt  11.200000 rms  0.522  0.206% neg 0  invalid 762 tFOTS 0.0000 tGradient 1.5450 tsec 7.8280
iter 0, gcam->neg = 24
after 10 iterations, nbhd size=1, neg = 0
#GCMRL#  441 dt  11.200000 rms  0.521  0.185% neg 0  invalid 762 tFOTS 0.0000 tGradient 1.3580 tsec 7.1950
iter 0, gcam->neg = 31
after 11 iterations, nbhd size=1, neg = 0
#GCMRL#  442 dt  11.200000 rms  0.520  0.141% neg 0  invalid 762 tFOTS 0.0000 tGradient 1.3680 tsec 7.5950
iter 0, gcam->neg = 57
after 13 iterations, nbhd size=1, neg = 0
#GCMRL#  443 dt  11.200000 rms  0.520  0.083% neg 0  invalid 762 tFOTS 0.0000 tGradient 1.3200 tsec 8.5190
iter 0, gcam->neg = 46
after 13 iterations, nbhd size=1, neg = 0
#GCMRL#  444 dt  11.200000 rms  0.520  0.051% neg 0  invalid 762 tFOTS 0.0000 tGradient 1.3550 tsec 8.5950
#FOTS# QuadFit found better minimum quadopt=(dt=38.4,rms=0.519111) vs oldopt=(dt=32,rms=0.519131)
iter 0, gcam->neg = 9
after 12 iterations, nbhd size=1, neg = 0
#GCMRL#  445 dt  38.400000 rms  0.519  0.095% neg 0  invalid 762 tFOTS 4.7760 tGradient 1.4250 tsec 12.7100
#FOTS# QuadFit found better minimum quadopt=(dt=11.2,rms=0.519091) vs oldopt=(dt=8,rms=0.519097)
iter 0, gcam->neg = 1
after 0 iterations, nbhd size=0, neg = 0
#GCMRL#  446 dt  11.200000 rms  0.519  0.000% neg 0  invalid 762 tFOTS 4.5500 tGradient 1.2830 tsec 7.1700
iter 0, gcam->neg = 2
after 9 iterations, nbhd size=1, neg = 0
#GCMRL#  447 dt  11.200000 rms  0.519  0.018% neg 0  invalid 762 tFOTS 0.0000 tGradient 1.3300 tsec 6.7140
iter 0, gcam->neg = 3
after 10 iterations, nbhd size=1, neg = 0
#GCMRL#  448 dt  11.200000 rms  0.519  0.017% neg 0  invalid 762 tFOTS 0.0000 tGradient 1.3190 tsec 7.3490
iter 0, gcam->neg = 4
after 7 iterations, nbhd size=1, neg = 0
#GCMRL#  449 dt  11.200000 rms  0.519  0.038% neg 0  invalid 762 tFOTS 0.0000 tGradient 1.3190 tsec 5.8490
iter 0, gcam->neg = 8
after 11 iterations, nbhd size=1, neg = 0
#GCMRL#  450 dt  11.200000 rms  0.518  0.067% neg 0  invalid 762 tFOTS 0.0000 tGradient 1.3730 tsec 7.8120
iter 0, gcam->neg = 4
after 10 iterations, nbhd size=1, neg = 0

#GCAMreg# pass 0 level1 3 level2 1 tsec 160.931 sigma 0.5
l_jacobian=1.00 l_label=1.00 l_log_likelihood=0.20 l_smoothness=0.12 
tol=2.50e-01, dt=5.00e-02, exp_k=20.0, momentum=0.90, levels=6, niter=500, lbl_dist=10.00, avgs=16, sigma=0.5,type=2, relabel=0, neg=yes

blurring input image with Gaussian with sigma=0.500...
GCAMRegisterLevel(): init RMS 0.519285
#FOTS# QuadFit found better minimum quadopt=(dt=51.7209,rms=0.513353) vs oldopt=(dt=32,rms=0.513892)
iter 0, gcam->neg = 14
after 3 iterations, nbhd size=0, neg = 0
#GCMRL#  452 dt  51.720930 rms  0.513  1.145% neg 0  invalid 762 tFOTS 4.7340 tGradient 1.3200 tsec 8.7040
#FOTS# QuadFit found better minimum quadopt=(dt=11.2,rms=0.512338) vs oldopt=(dt=8,rms=0.512532)
#GCMRL#  453 dt  11.200000 rms  0.512  0.000% neg 0  invalid 762 tFOTS 4.6890 tGradient 1.3130 tsec 6.3550
iter 0, gcam->neg = 1
after 0 iterations, nbhd size=0, neg = 0
#GCMRL#  454 dt  11.200000 rms  0.512  0.087% neg 0  invalid 762 tFOTS 0.0000 tGradient 1.5300 tsec 2.9370
iter 0, gcam->neg = 2
after 0 iterations, nbhd size=0, neg = 0
#GCMRL#  455 dt  11.200000 rms  0.511  0.114% neg 0  invalid 762 tFOTS 0.0000 tGradient 1.6080 tsec 2.9320
iter 0, gcam->neg = 2
after 2 iterations, nbhd size=0, neg = 0
#GCMRL#  456 dt  11.200000 rms  0.511  0.112% neg 0  invalid 762 tFOTS 0.0000 tGradient 1.3600 tsec 3.5810
iter 0, gcam->neg = 1
after 0 iterations, nbhd size=0, neg = 0
#GCMRL#  457 dt  11.200000 rms  0.510  0.120% neg 0  invalid 762 tFOTS 0.0000 tGradient 1.3070 tsec 2.6200
iter 0, gcam->neg = 3
after 2 iterations, nbhd size=0, neg = 0
#GCMRL#  458 dt  11.200000 rms  0.509  0.136% neg 0  invalid 762 tFOTS 0.0000 tGradient 1.3540 tsec 3.5620
iter 0, gcam->neg = 8
after 5 iterations, nbhd size=0, neg = 0
#GCMRL#  459 dt  11.200000 rms  0.509  0.135% neg 0  invalid 762 tFOTS 0.0000 tGradient 1.5930 tsec 5.3020
iter 0, gcam->neg = 3
after 3 iterations, nbhd size=0, neg = 0
#GCMRL#  460 dt  11.200000 rms  0.508  0.112% neg 0  invalid 762 tFOTS 0.0000 tGradient 1.7180 tsec 4.3200
iter 0, gcam->neg = 3
after 11 iterations, nbhd size=1, neg = 0
#GCMRL#  461 dt  11.200000 rms  0.508  0.076% neg 0  invalid 762 tFOTS 0.0000 tGradient 1.7900 tsec 8.2090
#FOTS# QuadFit found better minimum quadopt=(dt=38.4,rms=0.507413) vs oldopt=(dt=32,rms=0.507423)
#GCMRL#  462 dt  38.400000 rms  0.507  0.000% neg 0  invalid 762 tFOTS 5.0310 tGradient 1.4500 tsec 6.8440
#GCMRL#  463 dt  38.400000 rms  0.507  0.049% neg 0  invalid 762 tFOTS 0.0000 tGradient 1.4870 tsec 1.7980
iter 0, gcam->neg = 1
after 0 iterations, nbhd size=0, neg = 0
#GCMRL#  464 dt  38.400000 rms  0.507  0.059% neg 0  invalid 762 tFOTS 0.0000 tGradient 1.5280 tsec 2.8860
iter 0, gcam->neg = 3
after 5 iterations, nbhd size=0, neg = 0
#GCMRL#  465 dt  38.400000 rms  0.506  0.165% neg 0  invalid 762 tFOTS 0.0000 tGradient 1.5250 tsec 5.1960
iter 0, gcam->neg = 4
after 5 iterations, nbhd size=0, neg = 0
#GCMRL#  466 dt  38.400000 rms  0.505  0.122% neg 0  invalid 762 tFOTS 0.0000 tGradient 1.6590 tsec 5.1630
iter 0, gcam->neg = 3
after 3 iterations, nbhd size=0, neg = 0
#GCMRL#  467 dt  38.400000 rms  0.505  0.124% neg 0  invalid 762 tFOTS 0.0000 tGradient 1.5530 tsec 4.2700
iter 0, gcam->neg = 6
after 9 iterations, nbhd size=1, neg = 0
#GCMRL#  468 dt  38.400000 rms  0.504  0.095% neg 0  invalid 762 tFOTS 0.0000 tGradient 1.5460 tsec 6.8980
#FOTS# QuadFit found better minimum quadopt=(dt=11.2,rms=0.504089) vs oldopt=(dt=8,rms=0.504136)
#GCMRL#  469 dt  11.200000 rms  0.504  0.000% neg 0  invalid 762 tFOTS 5.1520 tGradient 1.5300 tsec 7.0760
#GCMRL#  470 dt  11.200000 rms  0.504  0.013% neg 0  invalid 762 tFOTS 0.0000 tGradient 1.7040 tsec 2.0590
iter 0, gcam->neg = 1
after 2 iterations, nbhd size=0, neg = 0
#GCMRL#  471 dt  11.200000 rms  0.504  0.012% neg 0  invalid 762 tFOTS 0.0000 tGradient 1.6630 tsec 3.9920
iter 0, gcam->neg = 3
after 9 iterations, nbhd size=1, neg = 0
setting smoothness cost coefficient to 0.400

#GCAMreg# pass 0 level1 2 level2 0 tsec 0 sigma 2
l_jacobian=1.00 l_label=1.00 l_log_likelihood=0.20 l_smoothness=0.40 
tol=2.50e-01, dt=5.00e-02, exp_k=20.0, momentum=0.90, levels=6, niter=500, lbl_dist=10.00, avgs=4, sigma=2.0,type=2, relabel=0, neg=yes

blurring input image with Gaussian with sigma=2.000...
GCAMRegisterLevel(): init RMS 0.513587
#GCMRL#  473 dt   0.000176 rms  0.512  0.239% neg 0  invalid 762 tFOTS 6.2830 tGradient 1.3450 tsec 8.0160

#GCAMreg# pass 0 level1 2 level2 1 tsec 24.392 sigma 0.5
l_jacobian=1.00 l_label=1.00 l_log_likelihood=0.20 l_smoothness=0.40 
tol=2.50e-01, dt=5.00e-02, exp_k=20.0, momentum=0.90, levels=6, niter=500, lbl_dist=10.00, avgs=4, sigma=0.5,type=2, relabel=0, neg=yes

blurring input image with Gaussian with sigma=0.500...
GCAMRegisterLevel(): init RMS 0.513587
#GCMRL#  475 dt   0.720000 rms  0.512  0.242% neg 0  invalid 762 tFOTS 5.1870 tGradient 1.4550 tsec 6.9840
#FOTS# QuadFit found better minimum quadopt=(dt=0.576,rms=0.512337) vs oldopt=(dt=0.72,rms=0.512337)
#GCMRL#  476 dt   0.576000 rms  0.512  0.000% neg 0  invalid 762 tFOTS 5.4810 tGradient 1.4180 tsec 7.3280
setting smoothness cost coefficient to 1.000

#GCAMreg# pass 0 level1 1 level2 0 tsec 0 sigma 2
l_jacobian=1.00 l_label=1.00 l_log_likelihood=0.20 l_smoothness=1.00 
tol=2.50e-01, dt=5.00e-02, exp_k=20.0, momentum=0.90, levels=6, niter=500, lbl_dist=10.00, avgs=1, sigma=2.0,type=2, relabel=0, neg=yes

blurring input image with Gaussian with sigma=2.000...
GCAMRegisterLevel(): init RMS 0.530241
#GCMRL#  478 dt   1.280000 rms  0.527  0.526% neg 0  invalid 762 tFOTS 5.2230 tGradient 1.3290 tsec 6.8930
#FOTS# QuadFit found better minimum quadopt=(dt=1.024,rms=0.527025) vs oldopt=(dt=1.28,rms=0.527044)
#GCMRL#  479 dt   1.024000 rms  0.527  0.000% neg 0  invalid 762 tFOTS 5.3640 tGradient 1.4280 tsec 7.2190
iter 0, gcam->neg = 1
after 2 iterations, nbhd size=0, neg = 0

#GCAMreg# pass 0 level1 1 level2 1 tsec 26.941 sigma 0.5
l_jacobian=1.00 l_label=1.00 l_log_likelihood=0.20 l_smoothness=1.00 
tol=2.50e-01, dt=5.00e-02, exp_k=20.0, momentum=0.90, levels=6, niter=500, lbl_dist=10.00, avgs=1, sigma=0.5,type=2, relabel=0, neg=yes

blurring input image with Gaussian with sigma=0.500...
GCAMRegisterLevel(): init RMS 0.528194
#FOTS# QuadFit found better minimum quadopt=(dt=1.792,rms=0.525621) vs oldopt=(dt=1.28,rms=0.525822)
iter 0, gcam->neg = 3
after 10 iterations, nbhd size=1, neg = 0
#GCMRL#  481 dt   1.792000 rms  0.526  0.480% neg 0  invalid 762 tFOTS 5.2080 tGradient 1.4260 tsec 11.4420
#FOTS# QuadFit found better minimum quadopt=(dt=1.536,rms=0.525339) vs oldopt=(dt=1.28,rms=0.525349)
iter 0, gcam->neg = 1
after 4 iterations, nbhd size=0, neg = 0
#GCMRL#  482 dt   1.536000 rms  0.525  0.000% neg 0  invalid 762 tFOTS 5.5950 tGradient 1.4010 tsec 9.7440
iter 0, gcam->neg = 1
after 0 iterations, nbhd size=0, neg = 0
#GCMRL#  483 dt   1.536000 rms  0.525  0.020% neg 0  invalid 762 tFOTS 0.0000 tGradient 1.4360 tsec 2.5360
iter 0, gcam->neg = 1
after 2 iterations, nbhd size=0, neg = 0
resetting metric properties...
setting smoothness cost coefficient to 2.000

#GCAMreg# pass 0 level1 0 level2 0 tsec 0 sigma 2
l_jacobian=1.00 l_label=1.00 l_log_likelihood=0.20 l_smoothness=2.00 
tol=2.50e-01, dt=5.00e-02, exp_k=20.0, momentum=0.90, levels=6, niter=500, lbl_dist=10.00, avgs=0, sigma=2.0,type=2, relabel=0, neg=yes

blurring input image with Gaussian with sigma=2.000...
GCAMRegisterLevel(): init RMS 0.515501
#FOTS# QuadFit found better minimum quadopt=(dt=1.88658,rms=0.486606) vs oldopt=(dt=1.28,rms=0.489738)
iter 0, gcam->neg = 1280
after 18 iterations, nbhd size=1, neg = 0
#GCMRL#  485 dt   1.886578 rms  0.492  4.640% neg 0  invalid 762 tFOTS 5.5590 tGradient 0.9830 tsec 14.4360
#FOTS# QuadFit found better minimum quadopt=(dt=0.064,rms=0.491393) vs oldopt=(dt=0.08,rms=0.491397)
#GCMRL#  486 dt   0.064000 rms  0.491  0.000% neg 0  invalid 762 tFOTS 5.1810 tGradient 0.9410 tsec 6.5120

#GCAMreg# pass 0 level1 0 level2 1 tsec 31.856 sigma 0.5
l_jacobian=1.00 l_label=1.00 l_log_likelihood=0.20 l_smoothness=2.00 
tol=2.50e-01, dt=5.00e-02, exp_k=20.0, momentum=0.90, levels=6, niter=500, lbl_dist=10.00, avgs=0, sigma=0.5,type=2, relabel=0, neg=yes

blurring input image with Gaussian with sigma=0.500...
GCAMRegisterLevel(): init RMS 0.492695
#FOTS# QuadFit found better minimum quadopt=(dt=0.096,rms=0.491115) vs oldopt=(dt=0.08,rms=0.491124)
#GCMRL#  488 dt   0.096000 rms  0.491  0.321% neg 0  invalid 762 tFOTS 5.3000 tGradient 0.9340 tsec 6.5800
#FOTS# QuadFit found better minimum quadopt=(dt=0.007,rms=0.491108) vs oldopt=(dt=0.005,rms=0.491109)
#GCMRL#  489 dt   0.007000 rms  0.491  0.000% neg 0  invalid 762 tFOTS 5.4110 tGradient 0.9320 tsec 6.7230
label assignment complete, 0 changed (0.00%)
GCAMregister done in 9.03028 min
Starting GCAMcomputeMaxPriorLabels()
Morphing with label term set to 0 *******************************
Starting GCAMregister()
label assignment complete, 0 changed (0.00%)
npasses = 1, nlevels = 6
#pass# 1 of 1 ************************
enabling zero nodes
setting smoothness cost coefficient to 0.008

#GCAMreg# pass 0 level1 5 level2 0 tsec 0 sigma 2
l_jacobian=1.00 l_log_likelihood=0.20 l_smoothness=0.01 
tol=2.50e-01, dt=5.00e-02, exp_k=20.0, momentum=0.90, levels=6, niter=500, lbl_dist=10.00, avgs=256, sigma=2.0,type=2, relabel=0, neg=yes

blurring input image with Gaussian with sigma=2.000...
GCAMRegisterLevel(): init RMS 0.480032

#GCAMreg# pass 0 level1 5 level2 1 tsec 15.793 sigma 0.5
l_jacobian=1.00 l_log_likelihood=0.20 l_smoothness=0.01 
tol=2.50e-01, dt=5.00e-02, exp_k=20.0, momentum=0.90, levels=6, niter=500, lbl_dist=10.00, avgs=256, sigma=0.5,type=2, relabel=0, neg=yes

blurring input image with Gaussian with sigma=0.500...
GCAMRegisterLevel(): init RMS 0.480032
#FOTS# QuadFit found better minimum quadopt=(dt=129.472,rms=0.479801) vs oldopt=(dt=92.48,rms=0.479837)
#GCMRL#  492 dt 129.472000 rms  0.480  0.048% neg 0  invalid 762 tFOTS 4.6230 tGradient 1.3280 tsec 6.2810
setting smoothness cost coefficient to 0.031

#GCAMreg# pass 0 level1 4 level2 0 tsec 0 sigma 2
l_jacobian=1.00 l_log_likelihood=0.20 l_smoothness=0.03 
tol=2.50e-01, dt=5.00e-02, exp_k=20.0, momentum=0.90, levels=6, niter=500, lbl_dist=10.00, avgs=64, sigma=2.0,type=2, relabel=0, neg=yes

blurring input image with Gaussian with sigma=2.000...
GCAMRegisterLevel(): init RMS 0.479946

#GCAMreg# pass 0 level1 4 level2 1 tsec 15.678 sigma 0.5
l_jacobian=1.00 l_log_likelihood=0.20 l_smoothness=0.03 
tol=2.50e-01, dt=5.00e-02, exp_k=20.0, momentum=0.90, levels=6, niter=500, lbl_dist=10.00, avgs=64, sigma=0.5,type=2, relabel=0, neg=yes

blurring input image with Gaussian with sigma=0.500...
GCAMRegisterLevel(): init RMS 0.479946
#FOTS# QuadFit found better minimum quadopt=(dt=36.288,rms=0.47973) vs oldopt=(dt=25.92,rms=0.479771)
#GCMRL#  495 dt  36.288000 rms  0.480  0.045% neg 0  invalid 762 tFOTS 4.8400 tGradient 1.1300 tsec 6.2980
#FOTS# QuadFit found better minimum quadopt=(dt=145.152,rms=0.479207) vs oldopt=(dt=103.68,rms=0.47926)
#GCMRL#  496 dt 145.152000 rms  0.479  0.109% neg 0  invalid 762 tFOTS 4.5600 tGradient 1.1270 tsec 6.0470
#FOTS# QuadFit found better minimum quadopt=(dt=36.288,rms=0.479108) vs oldopt=(dt=25.92,rms=0.479122)
#GCMRL#  497 dt  36.288000 rms  0.479  0.000% neg 0  invalid 762 tFOTS 5.1350 tGradient 1.4210 tsec 6.9700
#GCMRL#  498 dt  36.288000 rms  0.479  0.038% neg 0  invalid 762 tFOTS 0.0000 tGradient 1.1480 tsec 1.4560
#GCMRL#  499 dt  36.288000 rms  0.479  0.045% neg 0  invalid 762 tFOTS 0.0000 tGradient 1.1590 tsec 1.4760
#GCMRL#  500 dt  36.288000 rms  0.479  0.040% neg 0  invalid 762 tFOTS 0.0000 tGradient 1.1630 tsec 1.4760
setting smoothness cost coefficient to 0.118

#GCAMreg# pass 0 level1 3 level2 0 tsec 0 sigma 2
l_jacobian=1.00 l_log_likelihood=0.20 l_smoothness=0.12 
tol=2.50e-01, dt=5.00e-02, exp_k=20.0, momentum=0.90, levels=6, niter=500, lbl_dist=10.00, avgs=16, sigma=2.0,type=2, relabel=0, neg=yes

blurring input image with Gaussian with sigma=2.000...
GCAMRegisterLevel(): init RMS 0.478955
#FOTS# QuadFit found better minimum quadopt=(dt=11.2,rms=0.478271) vs oldopt=(dt=8,rms=0.478395)
#GCMRL#  502 dt  11.200000 rms  0.478  0.143% neg 0  invalid 762 tFOTS 5.1130 tGradient 1.0310 tsec 6.4830
#FOTS# QuadFit found better minimum quadopt=(dt=11.2,rms=0.477939) vs oldopt=(dt=8,rms=0.477998)
#GCMRL#  503 dt  11.200000 rms  0.478  0.000% neg 0  invalid 762 tFOTS 4.8420 tGradient 1.0600 tsec 6.2650
iter 0, gcam->neg = 1
after 6 iterations, nbhd size=1, neg = 0
#GCMRL#  504 dt  11.200000 rms  0.478  0.042% neg 0  invalid 762 tFOTS 0.0000 tGradient 1.0560 tsec 5.4240
iter 0, gcam->neg = 9
after 10 iterations, nbhd size=1, neg = 0

#GCAMreg# pass 0 level1 3 level2 1 tsec 34.957 sigma 0.5
l_jacobian=1.00 l_log_likelihood=0.20 l_smoothness=0.12 
tol=2.50e-01, dt=5.00e-02, exp_k=20.0, momentum=0.90, levels=6, niter=500, lbl_dist=10.00, avgs=16, sigma=0.5,type=2, relabel=0, neg=yes

blurring input image with Gaussian with sigma=0.500...
GCAMRegisterLevel(): init RMS 0.477737
#FOTS# QuadFit found better minimum quadopt=(dt=44.8,rms=0.473742) vs oldopt=(dt=32,rms=0.474159)
iter 0, gcam->neg = 1
after 6 iterations, nbhd size=1, neg = 0
#GCMRL#  506 dt  44.800000 rms  0.474  0.834% neg 0  invalid 762 tFOTS 4.9180 tGradient 1.0600 tsec 10.2040
#FOTS# QuadFit found better minimum quadopt=(dt=11.2,rms=0.472832) vs oldopt=(dt=8,rms=0.473017)
#GCMRL#  507 dt  11.200000 rms  0.473  0.000% neg 0  invalid 762 tFOTS 5.0150 tGradient 1.1310 tsec 6.5160
#GCMRL#  508 dt  11.200000 rms  0.472  0.094% neg 0  invalid 762 tFOTS 0.0000 tGradient 1.0780 tsec 1.4040
iter 0, gcam->neg = 1
after 0 iterations, nbhd size=0, neg = 0
#GCMRL#  509 dt  11.200000 rms  0.472  0.135% neg 0  invalid 762 tFOTS 0.0000 tGradient 1.0610 tsec 2.4940
iter 0, gcam->neg = 6
after 2 iterations, nbhd size=0, neg = 0
#GCMRL#  510 dt  11.200000 rms  0.471  0.161% neg 0  invalid 762 tFOTS 0.0000 tGradient 1.0490 tsec 3.4680
iter 0, gcam->neg = 8
after 11 iterations, nbhd size=1, neg = 0
#GCMRL#  511 dt  11.200000 rms  0.470  0.191% neg 0  invalid 762 tFOTS 0.0000 tGradient 1.0580 tsec 7.7050
iter 0, gcam->neg = 7
after 11 iterations, nbhd size=1, neg = 0
#GCMRL#  512 dt  11.200000 rms  0.469  0.214% neg 0  invalid 762 tFOTS 0.0000 tGradient 1.0500 tsec 7.6040
iter 0, gcam->neg = 9
after 10 iterations, nbhd size=1, neg = 0
#GCMRL#  513 dt  11.200000 rms  0.468  0.207% neg 0  invalid 762 tFOTS 0.0000 tGradient 1.0820 tsec 7.2440
iter 0, gcam->neg = 14
after 5 iterations, nbhd size=0, neg = 0
#GCMRL#  514 dt  11.200000 rms  0.467  0.195% neg 0  invalid 762 tFOTS 0.0000 tGradient 1.0320 tsec 4.8900
iter 0, gcam->neg = 18
after 11 iterations, nbhd size=1, neg = 0
#GCMRL#  515 dt  11.200000 rms  0.467  0.129% neg 0  invalid 762 tFOTS 0.0000 tGradient 1.1970 tsec 7.6750
iter 0, gcam->neg = 9
after 15 iterations, nbhd size=1, neg = 0
#GCMRL#  516 dt  11.200000 rms  0.466  0.136% neg 0  invalid 762 tFOTS 0.0000 tGradient 1.0090 tsec 9.1200
iter 0, gcam->neg = 26
after 15 iterations, nbhd size=1, neg = 0
#GCMRL#  517 dt  11.200000 rms  0.465  0.104% neg 0  invalid 762 tFOTS 0.0000 tGradient 1.0210 tsec 9.2530
iter 0, gcam->neg = 26
after 6 iterations, nbhd size=0, neg = 0
#GCMRL#  518 dt  11.200000 rms  0.465  0.096% neg 0  invalid 762 tFOTS 0.0000 tGradient 1.0270 tsec 5.2360
#FOTS# QuadFit found better minimum quadopt=(dt=38.4,rms=0.464895) vs oldopt=(dt=32,rms=0.464901)
iter 0, gcam->neg = 6
after 10 iterations, nbhd size=1, neg = 0
#GCMRL#  519 dt  38.400000 rms  0.465  0.000% neg 0  invalid 762 tFOTS 4.5160 tGradient 1.0520 tsec 11.2580
iter 0, gcam->neg = 10
after 5 iterations, nbhd size=0, neg = 0
#GCMRL#  520 dt  38.400000 rms  0.465  0.009% neg 0  invalid 762 tFOTS 0.0000 tGradient 1.0390 tsec 4.7610
iter 0, gcam->neg = 9
after 18 iterations, nbhd size=2, neg = 0
setting smoothness cost coefficient to 0.400

#GCAMreg# pass 0 level1 2 level2 0 tsec 0 sigma 2
l_jacobian=1.00 l_log_likelihood=0.20 l_smoothness=0.40 
tol=2.50e-01, dt=5.00e-02, exp_k=20.0, momentum=0.90, levels=6, niter=500, lbl_dist=10.00, avgs=4, sigma=2.0,type=2, relabel=0, neg=yes

blurring input image with Gaussian with sigma=2.000...
GCAMRegisterLevel(): init RMS 0.469936
#FOTS# QuadFit found better minimum quadopt=(dt=3.456,rms=0.469711) vs oldopt=(dt=2.88,rms=0.46972)
iter 0, gcam->neg = 3
after 4 iterations, nbhd size=0, neg = 0
#GCMRL#  522 dt   3.456000 rms  0.470  0.047% neg 0  invalid 762 tFOTS 4.7920 tGradient 0.9600 tsec 8.7790
#FOTS# QuadFit found better minimum quadopt=(dt=2.304,rms=0.469657) vs oldopt=(dt=2.88,rms=0.469659)
iter 0, gcam->neg = 4
after 5 iterations, nbhd size=0, neg = 0
#GCMRL#  523 dt   2.304000 rms  0.470  0.000% neg 0  invalid 762 tFOTS 4.6830 tGradient 0.9770 tsec 9.1880
iter 0, gcam->neg = 4
after 11 iterations, nbhd size=1, neg = 0

#GCAMreg# pass 0 level1 2 level2 1 tsec 35.044 sigma 0.5
l_jacobian=1.00 l_log_likelihood=0.20 l_smoothness=0.40 
tol=2.50e-01, dt=5.00e-02, exp_k=20.0, momentum=0.90, levels=6, niter=500, lbl_dist=10.00, avgs=4, sigma=0.5,type=2, relabel=0, neg=yes

blurring input image with Gaussian with sigma=0.500...
GCAMRegisterLevel(): init RMS 0.469682
iter 0, gcam->neg = 7
after 14 iterations, nbhd size=1, neg = 0
#GCMRL#  525 dt  11.520000 rms  0.469  0.222% neg 0  invalid 762 tFOTS 4.4890 tGradient 0.9250 tsec 12.8090
#FOTS# QuadFit found better minimum quadopt=(dt=22.5085,rms=0.466959) vs oldopt=(dt=11.52,rms=0.467324)
iter 0, gcam->neg = 67
after 17 iterations, nbhd size=1, neg = 0
#GCMRL#  526 dt  22.508475 rms  0.467  0.252% neg 0  invalid 762 tFOTS 4.5670 tGradient 0.9250 tsec 14.1070
#FOTS# QuadFit found better minimum quadopt=(dt=6.66667,rms=0.466605) vs oldopt=(dt=2.88,rms=0.466871)
iter 0, gcam->neg = 8
after 7 iterations, nbhd size=0, neg = 0
#GCMRL#  527 dt   6.666667 rms  0.467  0.000% neg 0  invalid 762 tFOTS 4.6050 tGradient 0.9010 tsec 10.0270
iter 0, gcam->neg = 8
after 12 iterations, nbhd size=1, neg = 0
#GCMRL#  528 dt   6.666667 rms  0.466  0.089% neg 0  invalid 762 tFOTS 0.0000 tGradient 1.1170 tsec 7.8260
iter 0, gcam->neg = 10
after 2 iterations, nbhd size=0, neg = 0
#GCMRL#  529 dt   6.666667 rms  0.466  0.128% neg 0  invalid 762 tFOTS 0.0000 tGradient 0.9310 tsec 3.2310
iter 0, gcam->neg = 27
after 14 iterations, nbhd size=1, neg = 0
#GCMRL#  530 dt   6.666667 rms  0.465  0.157% neg 0  invalid 762 tFOTS 0.0000 tGradient 0.9230 tsec 8.4330
iter 0, gcam->neg = 34
after 13 iterations, nbhd size=1, neg = 0
#GCMRL#  531 dt   6.666667 rms  0.464  0.127% neg 0  invalid 762 tFOTS 0.0000 tGradient 0.9280 tsec 8.1590
iter 0, gcam->neg = 35
after 12 iterations, nbhd size=1, neg = 0
#GCMRL#  532 dt   6.666667 rms  0.464  0.125% neg 0  invalid 762 tFOTS 0.0000 tGradient 0.9320 tsec 7.7810
iter 0, gcam->neg = 45
after 17 iterations, nbhd size=1, neg = 0
#GCMRL#  533 dt   6.666667 rms  0.463  0.066% neg 0  invalid 762 tFOTS 0.0000 tGradient 0.9210 tsec 9.9470
#FOTS# QuadFit found better minimum quadopt=(dt=4.032,rms=0.463258) vs oldopt=(dt=2.88,rms=0.463287)
iter 0, gcam->neg = 4
after 5 iterations, nbhd size=0, neg = 0
#GCMRL#  534 dt   4.032000 rms  0.463  0.000% neg 0  invalid 762 tFOTS 4.5700 tGradient 0.9250 tsec 9.0130
iter 0, gcam->neg = 7
after 6 iterations, nbhd size=0, neg = 0
#GCMRL#  535 dt   4.032000 rms  0.463  0.007% neg 0  invalid 762 tFOTS 0.0000 tGradient 0.9320 tsec 4.9080
iter 0, gcam->neg = 12
after 7 iterations, nbhd size=0, neg = 0
#GCMRL#  536 dt   4.032000 rms  0.463  0.006% neg 0  invalid 762 tFOTS 0.0000 tGradient 0.9360 tsec 5.5610
iter 0, gcam->neg = 15
after 16 iterations, nbhd size=1, neg = 0
setting smoothness cost coefficient to 1.000

#GCAMreg# pass 0 level1 1 level2 0 tsec 0 sigma 2
l_jacobian=1.00 l_log_likelihood=0.20 l_smoothness=1.00 
tol=2.50e-01, dt=5.00e-02, exp_k=20.0, momentum=0.90, levels=6, niter=500, lbl_dist=10.00, avgs=1, sigma=2.0,type=2, relabel=0, neg=yes

blurring input image with Gaussian with sigma=2.000...
GCAMRegisterLevel(): init RMS 0.47063

#GCAMreg# pass 0 level1 1 level2 1 tsec 15.247 sigma 0.5
l_jacobian=1.00 l_log_likelihood=0.20 l_smoothness=1.00 
tol=2.50e-01, dt=5.00e-02, exp_k=20.0, momentum=0.90, levels=6, niter=500, lbl_dist=10.00, avgs=1, sigma=0.5,type=2, relabel=0, neg=yes

blurring input image with Gaussian with sigma=0.500...
GCAMRegisterLevel(): init RMS 0.47063
#GCMRL#  539 dt   0.000050 rms  0.471  0.000% neg 0  invalid 762 tFOTS 5.9570 tGradient 0.8990 tsec 7.1760
resetting metric properties...
setting smoothness cost coefficient to 2.000

#GCAMreg# pass 0 level1 0 level2 0 tsec 0 sigma 2
l_jacobian=1.00 l_log_likelihood=0.20 l_smoothness=2.00 
tol=2.50e-01, dt=5.00e-02, exp_k=20.0, momentum=0.90, levels=6, niter=500, lbl_dist=10.00, avgs=0, sigma=2.0,type=2, relabel=0, neg=yes

blurring input image with Gaussian with sigma=2.000...
GCAMRegisterLevel(): init RMS 0.458178
#FOTS# QuadFit found better minimum quadopt=(dt=0.977792,rms=0.44856) vs oldopt=(dt=1.28,rms=0.449553)
iter 0, gcam->neg = 975
after 23 iterations, nbhd size=1, neg = 0
#GCMRL#  541 dt   0.977792 rms  0.453  1.198% neg 0  invalid 762 tFOTS 4.8820 tGradient 0.4030 tsec 15.0670
#FOTS# QuadFit found better minimum quadopt=(dt=0.028,rms=0.452665) vs oldopt=(dt=0.02,rms=0.452668)
#GCMRL#  542 dt   0.028000 rms  0.453  0.000% neg 0  invalid 762 tFOTS 5.0890 tGradient 0.5130 tsec 5.9680
#GCMRL#  543 dt   0.028000 rms  0.453  0.001% neg 0  invalid 762 tFOTS 0.0000 tGradient 0.4110 tsec 0.7320

#GCAMreg# pass 0 level1 0 level2 1 tsec 31.997 sigma 0.5
l_jacobian=1.00 l_log_likelihood=0.20 l_smoothness=2.00 
tol=2.50e-01, dt=5.00e-02, exp_k=20.0, momentum=0.90, levels=6, niter=500, lbl_dist=10.00, avgs=0, sigma=0.5,type=2, relabel=0, neg=yes

blurring input image with Gaussian with sigma=0.500...
GCAMRegisterLevel(): init RMS 0.452661
#FOTS# QuadFit found better minimum quadopt=(dt=0.256,rms=0.451852) vs oldopt=(dt=0.32,rms=0.451894)
#GCMRL#  545 dt   0.256000 rms  0.452  0.179% neg 0  invalid 762 tFOTS 4.7110 tGradient 0.4170 tsec 5.4450
#FOTS# QuadFit found better minimum quadopt=(dt=0.448,rms=0.4507) vs oldopt=(dt=0.32,rms=0.450846)
iter 0, gcam->neg = 3
after 3 iterations, nbhd size=0, neg = 0
#GCMRL#  546 dt   0.448000 rms  0.451  0.250% neg 0  invalid 762 tFOTS 4.7900 tGradient 0.3820 tsec 7.3360
#FOTS# QuadFit found better minimum quadopt=(dt=0.448,rms=0.449812) vs oldopt=(dt=0.32,rms=0.449928)
iter 0, gcam->neg = 21
after 2 iterations, nbhd size=0, neg = 0
#GCMRL#  547 dt   0.448000 rms  0.450  0.000% neg 0  invalid 762 tFOTS 4.9580 tGradient 0.3920 tsec 7.1590
iter 0, gcam->neg = 18
after 10 iterations, nbhd size=1, neg = 0
#GCMRL#  548 dt   0.448000 rms  0.449  0.141% neg 0  invalid 762 tFOTS 0.0000 tGradient 0.3950 tsec 5.0530
iter 0, gcam->neg = 38
after 9 iterations, nbhd size=1, neg = 0
#GCMRL#  549 dt   0.448000 rms  0.448  0.182% neg 0  invalid 762 tFOTS 0.0000 tGradient 0.3790 tsec 4.7020
iter 0, gcam->neg = 113
after 19 iterations, nbhd size=1, neg = 0
#GCMRL#  550 dt   0.448000 rms  0.448 -0.002% neg 0  invalid 762 tFOTS 0.0000 tGradient 0.3820 tsec 9.4070
iter 0, gcam->neg = 3
after 1 iterations, nbhd size=0, neg = 0
#GCMRL#  551 dt   0.320000 rms  0.448  0.125% neg 0  invalid 762 tFOTS 5.0360 tGradient 0.4020 tsec 7.2670
iter 0, gcam->neg = 1
after 0 iterations, nbhd size=0, neg = 0
GCAMregister done in 8.03337 min
writing output transformation to transforms/talairach.m3z...
GCAMwrite
Calls to gcamLogLikelihoodEnergy 4079 tmin = 1.74422
Calls to gcamLabelEnergy         3441 tmin = 1.30485
Calls to gcamJacobianEnergy      4079 tmin = 0.84095
Calls to gcamSmoothnessEnergy    4079 tmin = 5.14952
Calls to gcamLogLikelihoodTerm 553 tmin = 0.937817
Calls to gcamLabelTerm         491 tmin = 5.1406
Calls to gcamJacobianTerm      553 tmin = 1.14897
Calls to gcamSmoothnessTerm    553 tmin = 0.460433
Calls to gcamComputeGradient    553 tmin = 16.9475
Calls to gcamComputeMetricProperties    6332 tmin = 2.44837
mri_ca_register took 0 hours, 49 minutes and 45 seconds.
#VMPC# mri_ca_register VmPeak  3122672
FSRUNTIME@ mri_ca_register  0.8292 hours 16 threads
#--------------------------------------
#@# SubCort Seg Sun Mar  8 23:57:36 CET 2026

 mri_ca_label -relabel_unlikely 9 .3 -prior 0.5 -align norm.mgz transforms/talairach.m3z /opt/freesurfer/average/RB_all_2020-01-02.gca aseg.auto_noCCseg.mgz 

sysname  Linux
hostname dna029
machine  x86_64

setenv SUBJECTS_DIR /out/sourcedata/freesurfer
cd /out/sourcedata/freesurfer/sub-v1s16x0051176_ses-1/mri
mri_ca_label -relabel_unlikely 9 .3 -prior 0.5 -align norm.mgz transforms/talairach.m3z /opt/freesurfer/average/RB_all_2020-01-02.gca aseg.auto_noCCseg.mgz 

relabeling unlikely voxels with window_size = 9 and prior threshold 0.30
using Gibbs prior factor = 0.500
renormalizing sequences with structure alignment, equivalent to:
	-renormalize
	-renormalize_mean 0.500
	-regularize 0.500

== Number of threads available to for OpenMP = 16 == 
reading 1 input volumes
reading classifier array from /opt/freesurfer/average/RB_all_2020-01-02.gca
reading input volume from norm.mgz
average std[0] = 7.2
reading transform from transforms/talairach.m3z
setting orig areas to linear transform determinant scaled 5.46
Atlas used for the 3D morph was /opt/freesurfer/average/RB_all_2020-01-02.gca
average std = 7.2   using min determinant for regularization = 5.2
0 singular and 0 ill-conditioned covariance matrices regularized
labeling volume...
renormalizing by structure alignment....
renormalizing input #0
gca peak = 0.15521 (20)
mri peak = 0.09718 (10)
Left_Lateral_Ventricle (4): linear fit = 0.54 x + 0.0 (3807 voxels, overlap=0.303)
Left_Lateral_Ventricle (4): linear fit = 0.54 x + 0.0 (3807 voxels, peak = 11), gca=10.7
gca peak = 0.20380 (13)
mri peak = 0.12186 (16)
Right_Lateral_Ventricle (43): linear fit = 0.88 x + 0.0 (8647 voxels, overlap=0.479)
Right_Lateral_Ventricle (43): linear fit = 0.88 x + 0.0 (8647 voxels, peak = 11), gca=11.4
gca peak = 0.26283 (96)
mri peak = 0.05814 (105)
Right_Pallidum (52): linear fit = 1.10 x + 0.0 (768 voxels, overlap=0.500)
Right_Pallidum (52): linear fit = 1.10 x + 0.0 (768 voxels, peak = 105), gca=105.1
gca peak = 0.15814 (97)
mri peak = 0.15727 (104)
Left_Pallidum (13): linear fit = 1.10 x + 0.0 (761 voxels, overlap=0.178)
Left_Pallidum (13): linear fit = 1.10 x + 0.0 (761 voxels, peak = 106), gca=106.2
gca peak = 0.27624 (56)
mri peak = 0.10531 (63)
Right_Hippocampus (53): linear fit = 1.04 x + 0.0 (1284 voxels, overlap=0.934)
Right_Hippocampus (53): linear fit = 1.04 x + 0.0 (1284 voxels, peak = 59), gca=58.5
gca peak = 0.28723 (59)
mri peak = 0.08268 (65)
Left_Hippocampus (17): linear fit = 1.04 x + 0.0 (1149 voxels, overlap=1.013)
Left_Hippocampus (17): linear fit = 1.04 x + 0.0 (1149 voxels, peak = 62), gca=61.7
gca peak = 0.07623 (103)
mri peak = 0.05993 (108)
Right_Cerebral_White_Matter (41): linear fit = 1.09 x + 0.0 (17808 voxels, overlap=0.513)
Right_Cerebral_White_Matter (41): linear fit = 1.09 x + 0.0 (17808 voxels, peak = 112), gca=111.8
gca peak = 0.07837 (105)
mri peak = 0.06650 (111)
Left_Cerebral_White_Matter (2): linear fit = 1.10 x + 0.0 (22359 voxels, overlap=0.362)
Left_Cerebral_White_Matter (2): linear fit = 1.10 x + 0.0 (22359 voxels, peak = 115), gca=115.0
gca peak = 0.10165 (58)
mri peak = 0.03875 (55)
Left_Cerebral_Cortex (3): linear fit = 1.02 x + 0.0 (38784 voxels, overlap=0.988)
Left_Cerebral_Cortex (3): linear fit = 1.02 x + 0.0 (38784 voxels, peak = 59), gca=59.4
gca peak = 0.11113 (58)
mri peak = 0.04647 (46)
Right_Cerebral_Cortex (42): linear fit = 0.92 x + 0.0 (26080 voxels, overlap=0.816)
Right_Cerebral_Cortex (42): linear fit = 0.92 x + 0.0 (26080 voxels, peak = 53), gca=53.1
gca peak = 0.27796 (67)
mri peak = 0.07986 (76)
Right_Caudate (50): linear fit = 1.12 x + 0.0 (1424 voxels, overlap=0.255)
Right_Caudate (50): linear fit = 1.12 x + 0.0 (1424 voxels, peak = 75), gca=75.4
gca peak = 0.14473 (69)
mri peak = 0.09259 (68)
Left_Caudate (11): linear fit = 0.93 x + 0.0 (1135 voxels, overlap=0.799)
Left_Caudate (11): linear fit = 0.93 x + 0.0 (1135 voxels, peak = 64), gca=63.8
gca peak = 0.14301 (56)
mri peak = 0.05358 (52)
Left_Cerebellum_Cortex (8): linear fit = 0.94 x + 0.0 (31404 voxels, overlap=0.960)
Left_Cerebellum_Cortex (8): linear fit = 0.94 x + 0.0 (31404 voxels, peak = 53), gca=52.9
gca peak = 0.14610 (55)
mri peak = 0.05664 (54)
Right_Cerebellum_Cortex (47): linear fit = 0.89 x + 0.0 (27964 voxels, overlap=0.734)
Right_Cerebellum_Cortex (47): linear fit = 0.89 x + 0.0 (27964 voxels, peak = 49), gca=49.2
gca peak = 0.16309 (85)
mri peak = 0.10628 (91)
Left_Cerebellum_White_Matter (7): linear fit = 1.07 x + 0.0 (5437 voxels, overlap=0.661)
Left_Cerebellum_White_Matter (7): linear fit = 1.07 x + 0.0 (5437 voxels, peak = 91), gca=90.5
gca peak = 0.15172 (84)
mri peak = 0.08835 (90)
Right_Cerebellum_White_Matter (46): linear fit = 1.07 x + 0.0 (5113 voxels, overlap=0.762)
Right_Cerebellum_White_Matter (46): linear fit = 1.07 x + 0.0 (5113 voxels, peak = 89), gca=89.5
gca peak = 0.30461 (58)
mri peak = 0.08515 (66)
Left_Amygdala (18): linear fit = 1.16 x + 0.0 (537 voxels, overlap=0.744)
Left_Amygdala (18): linear fit = 1.16 x + 0.0 (537 voxels, peak = 68), gca=67.6
gca peak = 0.32293 (57)
mri peak = 0.11892 (63)
Right_Amygdala (54): linear fit = 1.09 x + 0.0 (582 voxels, overlap=0.763)
Right_Amygdala (54): linear fit = 1.09 x + 0.0 (582 voxels, peak = 62), gca=61.8
gca peak = 0.11083 (90)
mri peak = 0.07018 (86)
Left_Thalamus (10): linear fit = 1.00 x + 0.0 (4834 voxels, overlap=0.955)
Left_Thalamus (10): linear fit = 1.00 x + 0.0 (4834 voxels, peak = 90), gca=89.6
gca peak = 0.11393 (83)
mri peak = 0.05711 (98)
Right_Thalamus (49): linear fit = 1.16 x + 0.0 (3063 voxels, overlap=0.201)
Right_Thalamus (49): linear fit = 1.16 x + 0.0 (3063 voxels, peak = 97), gca=96.7
gca peak = 0.08575 (81)
mri peak = 0.10361 (78)
Left_Putamen (12): linear fit = 1.01 x + 0.0 (2196 voxels, overlap=0.794)
Left_Putamen (12): linear fit = 1.01 x + 0.0 (2196 voxels, peak = 82), gca=82.2
gca peak = 0.08618 (78)
mri peak = 0.10715 (78)
Right_Putamen (51): linear fit = 0.99 x + 0.0 (1472 voxels, overlap=0.773)
Right_Putamen (51): linear fit = 0.99 x + 0.0 (1472 voxels, peak = 77), gca=76.8
gca peak = 0.08005 (78)
mri peak = 0.07232 (92)
Brain_Stem (16): linear fit = 1.13 x + 0.0 (8604 voxels, overlap=0.430)
Brain_Stem (16): linear fit = 1.13 x + 0.0 (8604 voxels, peak = 89), gca=88.5
gca peak = 0.12854 (88)
mri peak = 0.08325 (101)
Right_VentralDC (60): linear fit = 1.16 x + 0.0 (1142 voxels, overlap=0.152)
Right_VentralDC (60): linear fit = 1.16 x + 0.0 (1142 voxels, peak = 103), gca=102.5
gca peak = 0.15703 (87)
mri peak = 0.07686 (100)
Left_VentralDC (28): linear fit = 1.15 x + 0.0 (1323 voxels, overlap=0.245)
Left_VentralDC (28): linear fit = 1.15 x + 0.0 (1323 voxels, peak = 100), gca=100.5
gca peak = 0.17522 (25)
mri peak = 0.04388 (23)
gca peak = 0.17113 (14)
mri peak = 0.14401 ( 9)
Fourth_Ventricle (15): linear fit = 0.51 x + 0.0 (172 voxels, overlap=0.648)
Fourth_Ventricle (15): linear fit = 0.51 x + 0.0 (172 voxels, peak =  7), gca=7.2
gca peak Unknown = 0.94777 ( 0)
gca peak Left_Inf_Lat_Vent = 0.16627 (28)
gca peak Third_Ventricle = 0.17522 (25)
gca peak Fourth_Ventricle = 0.17113 (14)
gca peak CSF = 0.20346 (36)
gca peak Left_Accumbens_area = 0.70646 (62)
gca peak Left_undetermined = 1.00000 (28)
gca peak Left_vessel = 0.89917 (53)
gca peak Left_choroid_plexus = 0.11689 (35)
gca peak Right_Inf_Lat_Vent = 0.25504 (23)
gca peak Right_Accumbens_area = 0.31650 (65)
gca peak Right_vessel = 0.77268 (52)
gca peak Right_choroid_plexus = 0.13275 (38)
gca peak Fifth_Ventricle = 0.60973 (33)
gca peak WM_hypointensities = 0.11013 (77)
gca peak non_WM_hypointensities = 0.11354 (41)
gca peak Optic_Chiasm = 0.51646 (76)
not using caudate to estimate GM means
estimating mean gm scale to be 1.05 x + 0.0
estimating mean wm scale to be 1.09 x + 0.0
estimating mean csf scale to be 0.71 x + 0.0
saving intensity scales to aseg.auto_noCCseg.label_intensities.txt
renormalizing by structure alignment....
renormalizing input #0
gca peak = 0.28298 (11)
mri peak = 0.09718 (10)
Left_Lateral_Ventricle (4): linear fit = 1.05 x + 0.0 (3807 voxels, overlap=0.891)
Left_Lateral_Ventricle (4): linear fit = 1.05 x + 0.0 (3807 voxels, peak = 12), gca=11.6
gca peak = 0.18106 (11)
mri peak = 0.12186 (16)
Right_Lateral_Ventricle (43): linear fit = 1.12 x + 0.0 (8647 voxels, overlap=0.714)
Right_Lateral_Ventricle (43): linear fit = 1.12 x + 0.0 (8647 voxels, peak = 12), gca=12.4
gca peak = 0.28599 (105)
mri peak = 0.05814 (105)
Right_Pallidum (52): linear fit = 1.00 x + 0.0 (768 voxels, overlap=0.983)
Right_Pallidum (52): linear fit = 1.00 x + 0.0 (768 voxels, peak = 105), gca=105.0
gca peak = 0.16643 (105)
mri peak = 0.15727 (104)
Left_Pallidum (13): linear fit = 1.00 x + 0.0 (761 voxels, overlap=0.930)
Left_Pallidum (13): linear fit = 1.00 x + 0.0 (761 voxels, peak = 105), gca=105.0
gca peak = 0.27398 (58)
mri peak = 0.10531 (63)
Right_Hippocampus (53): linear fit = 0.99 x + 0.0 (1284 voxels, overlap=0.734)
Right_Hippocampus (53): linear fit = 0.99 x + 0.0 (1284 voxels, peak = 57), gca=57.1
gca peak = 0.34666 (59)
mri peak = 0.08268 (65)
Left_Hippocampus (17): linear fit = 1.02 x + 0.0 (1149 voxels, overlap=1.011)
Left_Hippocampus (17): linear fit = 1.02 x + 0.0 (1149 voxels, peak = 60), gca=60.5
gca peak = 0.07176 (112)
mri peak = 0.05993 (108)
Right_Cerebral_White_Matter (41): linear fit = 1.00 x + 0.0 (17808 voxels, overlap=0.846)
Right_Cerebral_White_Matter (41): linear fit = 1.00 x + 0.0 (17808 voxels, peak = 113), gca=112.6
gca peak = 0.07087 (115)
mri peak = 0.06650 (111)
Left_Cerebral_White_Matter (2): linear fit = 1.00 x + 0.0 (22359 voxels, overlap=0.797)
Left_Cerebral_White_Matter (2): linear fit = 1.00 x + 0.0 (22359 voxels, peak = 116), gca=115.6
gca peak = 0.09360 (59)
mri peak = 0.03875 (55)
Left_Cerebral_Cortex (3): linear fit = 0.96 x + 0.0 (38784 voxels, overlap=0.980)
Left_Cerebral_Cortex (3): linear fit = 0.96 x + 0.0 (38784 voxels, peak = 57), gca=56.9
gca peak = 0.12324 (53)
mri peak = 0.04647 (46)
Right_Cerebral_Cortex (42): linear fit = 0.96 x + 0.0 (26080 voxels, overlap=0.998)
Right_Cerebral_Cortex (42): linear fit = 0.96 x + 0.0 (26080 voxels, peak = 51), gca=51.1
gca peak = 0.22474 (75)
mri peak = 0.07986 (76)
Right_Caudate (50): linear fit = 1.00 x + 0.0 (1424 voxels, overlap=1.008)
Right_Caudate (50): linear fit = 1.00 x + 0.0 (1424 voxels, peak = 75), gca=75.0
gca peak = 0.13816 (64)
mri peak = 0.09259 (68)
Left_Caudate (11): linear fit = 1.00 x + 0.0 (1135 voxels, overlap=0.998)
Left_Caudate (11): linear fit = 1.00 x + 0.0 (1135 voxels, peak = 64), gca=64.0
gca peak = 0.14608 (52)
mri peak = 0.05358 (52)
Left_Cerebellum_Cortex (8): linear fit = 0.96 x + 0.0 (31404 voxels, overlap=0.998)
Left_Cerebellum_Cortex (8): linear fit = 0.96 x + 0.0 (31404 voxels, peak = 50), gca=50.2
gca peak = 0.15501 (49)
mri peak = 0.05664 (54)
Right_Cerebellum_Cortex (47): linear fit = 1.01 x + 0.0 (27964 voxels, overlap=0.998)
Right_Cerebellum_Cortex (47): linear fit = 1.01 x + 0.0 (27964 voxels, peak = 50), gca=49.7
gca peak = 0.15236 (90)
mri peak = 0.10628 (91)
Left_Cerebellum_White_Matter (7): linear fit = 1.00 x + 0.0 (5437 voxels, overlap=0.953)
Left_Cerebellum_White_Matter (7): linear fit = 1.00 x + 0.0 (5437 voxels, peak = 90), gca=89.6
gca peak = 0.16800 (90)
mri peak = 0.08835 (90)
Right_Cerebellum_White_Matter (46): linear fit = 1.01 x + 0.0 (5113 voxels, overlap=0.969)
Right_Cerebellum_White_Matter (46): linear fit = 1.01 x + 0.0 (5113 voxels, peak = 91), gca=91.3
gca peak = 0.22754 (67)
mri peak = 0.08515 (66)
Left_Amygdala (18): linear fit = 1.00 x + 0.0 (537 voxels, overlap=1.005)
Left_Amygdala (18): linear fit = 1.00 x + 0.0 (537 voxels, peak = 67), gca=67.0
gca peak = 0.25719 (62)
mri peak = 0.11892 (63)
Right_Amygdala (54): linear fit = 1.00 x + 0.0 (582 voxels, overlap=1.018)
Right_Amygdala (54): linear fit = 1.00 x + 0.0 (582 voxels, peak = 62), gca=62.0
gca peak = 0.10726 (90)
mri peak = 0.07018 (86)
Left_Thalamus (10): linear fit = 1.03 x + 0.0 (4834 voxels, overlap=0.937)
Left_Thalamus (10): linear fit = 1.03 x + 0.0 (4834 voxels, peak = 93), gca=93.1
gca peak = 0.10177 (94)
mri peak = 0.05711 (98)
Right_Thalamus (49): linear fit = 1.00 x + 0.0 (3063 voxels, overlap=0.957)
Right_Thalamus (49): linear fit = 1.00 x + 0.0 (3063 voxels, peak = 94), gca=94.5
gca peak = 0.08210 (82)
mri peak = 0.10361 (78)
Left_Putamen (12): linear fit = 1.00 x + 0.0 (2196 voxels, overlap=0.836)
Left_Putamen (12): linear fit = 1.00 x + 0.0 (2196 voxels, peak = 82), gca=82.0
gca peak = 0.09458 (76)
mri peak = 0.10715 (78)
Right_Putamen (51): linear fit = 1.01 x + 0.0 (1472 voxels, overlap=0.778)
Right_Putamen (51): linear fit = 1.01 x + 0.0 (1472 voxels, peak = 77), gca=77.1
gca peak = 0.07817 (89)
mri peak = 0.07232 (92)
Brain_Stem (16): linear fit = 1.02 x + 0.0 (8604 voxels, overlap=0.893)
Brain_Stem (16): linear fit = 1.02 x + 0.0 (8604 voxels, peak = 91), gca=91.2
gca peak = 0.12319 (104)
mri peak = 0.08325 (101)
Right_VentralDC (60): linear fit = 1.00 x + 0.0 (1142 voxels, overlap=0.825)
Right_VentralDC (60): linear fit = 1.00 x + 0.0 (1142 voxels, peak = 105), gca=104.5
gca peak = 0.13384 (99)
mri peak = 0.07686 (100)
Left_VentralDC (28): linear fit = 1.00 x + 0.0 (1323 voxels, overlap=0.926)
Left_VentralDC (28): linear fit = 1.00 x + 0.0 (1323 voxels, peak = 99), gca=99.5
gca peak = 0.24424 (18)
mri peak = 0.04388 (23)
gca peak = 0.25847 (10)
mri peak = 0.14401 ( 9)
Fourth_Ventricle (15): linear fit = 0.70 x + 0.0 (172 voxels, overlap=0.872)
Fourth_Ventricle (15): linear fit = 0.70 x + 0.0 (172 voxels, peak =  7), gca=7.0
gca peak Unknown = 0.94777 ( 0)
gca peak Left_Inf_Lat_Vent = 0.17817 (29)
gca peak Third_Ventricle = 0.24424 (18)
gca peak CSF = 0.20224 (25)
gca peak Left_Accumbens_area = 0.59655 (58)
gca peak Left_undetermined = 1.00000 (28)
gca peak Left_vessel = 0.89917 (53)
gca peak Left_choroid_plexus = 0.11689 (35)
gca peak Right_Inf_Lat_Vent = 0.24866 (24)
gca peak Right_Accumbens_area = 0.29112 (73)
gca peak Right_vessel = 0.77367 (52)
gca peak Right_choroid_plexus = 0.13275 (38)
gca peak Fifth_Ventricle = 0.73765 (23)
gca peak WM_hypointensities = 0.10284 (83)
gca peak non_WM_hypointensities = 0.13905 (44)
gca peak Optic_Chiasm = 0.66143 (76)
not using caudate to estimate GM means
estimating mean gm scale to be 0.99 x + 0.0
estimating mean wm scale to be 1.00 x + 0.0
estimating mean csf scale to be 0.96 x + 0.0
saving intensity scales to aseg.auto_noCCseg.label_intensities.txt
saving sequentially combined intensity scales to aseg.auto_noCCseg.label_intensities.txt
52190 voxels changed in iteration 0 of unlikely voxel relabeling
165 voxels changed in iteration 1 of unlikely voxel relabeling
12 voxels changed in iteration 2 of unlikely voxel relabeling
0 voxels changed in iteration 3 of unlikely voxel relabeling
20416 gm and wm labels changed (%40 to gray, %60 to white out of all changed labels)
805 hippocampal voxels changed.
0 amygdala voxels changed.
Reclassifying using Gibbs Priors
pass 1: 61643 changed. image ll: -2.089, PF=0.500
pass 2: 18712 changed. image ll: -2.088, PF=0.500
pass 3: 7136 changed.
pass 4: 2932 changed.
27212 voxels changed in iteration 0 of unlikely voxel relabeling
146 voxels changed in iteration 1 of unlikely voxel relabeling
35 voxels changed in iteration 2 of unlikely voxel relabeling
47 voxels changed in iteration 3 of unlikely voxel relabeling
3 voxels changed in iteration 4 of unlikely voxel relabeling
5953 voxels changed in iteration 0 of unlikely voxel relabeling
37 voxels changed in iteration 1 of unlikely voxel relabeling
4 voxels changed in iteration 2 of unlikely voxel relabeling
4 voxels changed in iteration 3 of unlikely voxel relabeling
0 voxels changed in iteration 4 of unlikely voxel relabeling
5364 voxels changed in iteration 0 of unlikely voxel relabeling
59 voxels changed in iteration 1 of unlikely voxel relabeling
7 voxels changed in iteration 2 of unlikely voxel relabeling
0 voxels changed in iteration 3 of unlikely voxel relabeling
5565 voxels changed in iteration 0 of unlikely voxel relabeling
38 voxels changed in iteration 1 of unlikely voxel relabeling
2 voxels changed in iteration 2 of unlikely voxel relabeling
0 voxels changed in iteration 3 of unlikely voxel relabeling
 !!!!!!!!! ventricle segment 0 with volume 135 above threshold 100 - not erasing !!!!!!!!!!
 !!!!!!!!! ventricle segment 2 with volume 12995 above threshold 100 - not erasing !!!!!!!!!!
 !!!!!!!!! ventricle segment 0 with volume 163 above threshold 100 - not erasing !!!!!!!!!!
 !!!!!!!!! ventricle segment 3 with volume 143 above threshold 100 - not erasing !!!!!!!!!!
 !!!!!!!!! ventricle segment 5 with volume 25731 above threshold 100 - not erasing !!!!!!!!!!
 !!!!!!!!! ventricle segment 0 with volume 2154 above threshold 100 - not erasing !!!!!!!!!!
writing labeled volume to aseg.auto_noCCseg.mgz
mri_ca_label utimesec    1770.253974
mri_ca_label stimesec    2.774119
mri_ca_label ru_maxrss   2104384
mri_ca_label ru_ixrss    0
mri_ca_label ru_idrss    0
mri_ca_label ru_isrss    0
mri_ca_label ru_minflt   3629566
mri_ca_label ru_majflt   9
mri_ca_label ru_nswap    0
mri_ca_label ru_inblock  1142
mri_ca_label ru_oublock  568
mri_ca_label ru_msgsnd   0
mri_ca_label ru_msgrcv   0
mri_ca_label ru_nsignals 0
mri_ca_label ru_nvcsw    4696
mri_ca_label ru_nivcsw   1617
auto-labeling took 27 minutes and 42 seconds.
#--------------------------------------
#@# CC Seg Mon Mar  9 00:25:18 CET 2026

 mri_cc -aseg aseg.auto_noCCseg.mgz -o aseg.auto.mgz -lta /out/sourcedata/freesurfer/sub-v1s16x0051176_ses-1/mri/transforms/cc_up.lta sub-v1s16x0051176_ses-1 

will read input aseg from aseg.auto_noCCseg.mgz
writing aseg with cc labels to aseg.auto.mgz
will write lta as /out/sourcedata/freesurfer/sub-v1s16x0051176_ses-1/mri/transforms/cc_up.lta
reading aseg from /out/sourcedata/freesurfer/sub-v1s16x0051176_ses-1/mri/aseg.auto_noCCseg.mgz
reading norm from /out/sourcedata/freesurfer/sub-v1s16x0051176_ses-1/mri/norm.mgz
28067 voxels in left wm, 52324 in right wm, xrange [118, 131]
searching rotation angles z=[-5  9], y=[-11  3]
searching scale 1 Z rot -4.8  searching scale 1 Z rot -4.6  searching scale 1 Z rot -4.3  searching scale 1 Z rot -4.1  searching scale 1 Z rot -3.8  searching scale 1 Z rot -3.6  searching scale 1 Z rot -3.3  searching scale 1 Z rot -3.1  searching scale 1 Z rot -2.8  searching scale 1 Z rot -2.6  searching scale 1 Z rot -2.3  searching scale 1 Z rot -2.1  searching scale 1 Z rot -1.8  searching scale 1 Z rot -1.6  searching scale 1 Z rot -1.3  searching scale 1 Z rot -1.1  searching scale 1 Z rot -0.8  searching scale 1 Z rot -0.6  searching scale 1 Z rot -0.3  searching scale 1 Z rot -0.1  searching scale 1 Z rot 0.2  searching scale 1 Z rot 0.4  searching scale 1 Z rot 0.7  searching scale 1 Z rot 0.9  searching scale 1 Z rot 1.2  searching scale 1 Z rot 1.4  searching scale 1 Z rot 1.7  searching scale 1 Z rot 1.9  searching scale 1 Z rot 2.2  searching scale 1 Z rot 2.4  searching scale 1 Z rot 2.7  searching scale 1 Z rot 2.9  searching scale 1 Z rot 3.2  searching scale 1 Z rot 3.4  searching scale 1 Z rot 3.7  searching scale 1 Z rot 3.9  searching scale 1 Z rot 4.2  searching scale 1 Z rot 4.4  searching scale 1 Z rot 4.7  searching scale 1 Z rot 4.9  searching scale 1 Z rot 5.2  searching scale 1 Z rot 5.4  searching scale 1 Z rot 5.7  searching scale 1 Z rot 5.9  searching scale 1 Z rot 6.2  searching scale 1 Z rot 6.4  searching scale 1 Z rot 6.7  searching scale 1 Z rot 6.9  searching scale 1 Z rot 7.2  searching scale 1 Z rot 7.4  searching scale 1 Z rot 7.7  searching scale 1 Z rot 7.9  searching scale 1 Z rot 8.2  searching scale 1 Z rot 8.4  searching scale 1 Z rot 8.7  searching scale 1 Z rot 8.9  global minimum found at slice 125.1, rotations (-3.83, 2.18)
final transformation (x=125.1, yr=-3.825, zr=2.175):
 0.99705  -0.03796  -0.06666   13.60696;
 0.03787   0.99928  -0.00253   39.59450;
 0.06671   0.00000   0.99777   12.89410;
 0.00000   0.00000   0.00000   1.00000;
updating x range to be [125, 131] in xformed coordinates
best xformed slice 129
min_x_fornix = 152
min_x_fornix = 150
min_x_fornix = 150
min_x_fornix = 149
min_x_fornix = 149
cc center is found at 129 84 107
eigenvectors:
 0.00342  -0.00301   0.99999;
 0.20683  -0.97837  -0.00365;
 0.97837   0.20684  -0.00273;
error in mid anterior detected - correcting...
writing aseg with callosum to /out/sourcedata/freesurfer/sub-v1s16x0051176_ses-1/mri/aseg.auto.mgz...
corpus callosum segmentation took 0.6 minutes
#VMPC# mri_cc VmPeak  554776
mri_cc done
#--------------------------------------
#@# Merge ASeg Mon Mar  9 00:25:54 CET 2026

 cp aseg.auto.mgz aseg.presurf.mgz 

#--------------------------------------------
#@# Intensity Normalization2 Mon Mar  9 00:25:54 CET 2026
/out/sourcedata/freesurfer/sub-v1s16x0051176_ses-1/mri

 mri_normalize -seed 1234 -mprage -aseg aseg.presurf.mgz -mask brainmask.mgz norm.mgz brain.mgz 

setting seed for random number genererator to 1234
assuming input volume is MGH (Van der Kouwe) MP-RAGE
using segmentation for initial intensity normalization
using MR volume brainmask.mgz to mask input volume...
reading mri_src from norm.mgz...
Reading aseg aseg.presurf.mgz
normalizing image...
NOT doing gentle normalization with control points/label
processing with aseg
removing outliers in the aseg WM...
2310 control points removed
Building bias image
building Voronoi diagram...
performing soap bubble smoothing, sigma = 0...
Smoothing with sigma 8
Applying bias correction
building Voronoi diagram...
performing soap bubble smoothing, sigma = 8...

Iterating 2 times
---------------------------------
3d normalization pass 1 of 2
white matter peak found at 110
white matter peak found at 109
gm peak at 62 (62), valley at 17 (17)
csf peak at 32, setting threshold to 52
building Voronoi diagram...
performing soap bubble smoothing, sigma = 8...
---------------------------------
3d normalization pass 2 of 2
white matter peak found at 110
white matter peak found at 110
gm peak at 63 (63), valley at 16 (16)
csf peak at 32, setting threshold to 52
building Voronoi diagram...
performing soap bubble smoothing, sigma = 8...
Done iterating ---------------------------------
writing output to brain.mgz
3D bias adjustment took 2 minutes and 19 seconds.
#--------------------------------------------
#@# Mask BFS Mon Mar  9 00:28:14 CET 2026
/out/sourcedata/freesurfer/sub-v1s16x0051176_ses-1/mri

 mri_mask -T 5 brain.mgz brainmask.mgz brain.finalsurfs.mgz 

threshold mask volume at 5
DoAbs = 0
Found 1278021 voxels in mask (pct=  7.62)
Writing masked volume to brain.finalsurfs.mgz...done.
#--------------------------------------------
#@# WM Segmentation Mon Mar  9 00:28:15 CET 2026

 AntsDenoiseImageFs -i brain.mgz -o antsdn.brain.mgz 


 mri_segment -wsizemm 13 -mprage antsdn.brain.mgz wm.seg.mgz 

wsizemm = 13, voxres = 1, wsize = 13
Widening wm low from 89 to 79
assuming input volume is MGH (Van der Kouwe) MP-RAGE
wm mean:  110
wsize:    13
wm low:   79
wm hi:    125
gray low: 30
gray hi:  99
Doing initial trinary intensity segmentation 
Using local statistics to label ambiguous voxels
Autodetecting stats
Computing class statistics for intensity windows...
CCS WM (102.0): 102.8 +- 6.3 [79.0 --> 125.0]
CCS GM (73.0) : 70.0 +- 12.0 [30.0 --> 95.0]
 white_mean 102.849
 white_sigma 6.25448
 gray_mean 70.0347
 gray_sigma 12.0331
setting bottom of white matter range wm_low to 82.1
setting top of gray matter range gray_hi to 94.1
 wm_low 82.0678
 wm_hi  125
 gray_low 30
 gray_hi  94.1008
Redoing initial intensity segmentation...
Recomputing local statistics to label ambiguous voxels...
 wm_low 82.0678
 wm_hi  125
 gray_low 30
 gray_hi  94.1008
using local geometry to label remaining ambiguous voxels...
polvwsize = 5, polvlen = 3, gray_hi = 94.1008, wm_low = 82.0678
MRIcpolvMedianCurveSegment(): wsize=5, len=3, gmhi=94.1008, wmlow=82.0678
    126143 voxels processed (0.75%)
     65660 voxels white (0.39%)
     60483 voxels non-white (0.36%)

Reclassifying voxels using Gaussian border classifier niter=1
MRIreclassify(): wm_low=77.0678, gray_hi=94.1008, wsize=13
    198098 voxels tested (1.18%)
     39055 voxels changed (0.23%)
     41242 multi-scale searches  (0.25%)
Recovering bright white
MRIrecoverBrightWhite()
 wm_low 82.0678
 wm_hi 125
 slack 6.25448
 pct_thresh 0.33
 intensity_thresh 131.254
 nvox_thresh 8.58
      150 voxels tested (0.00%)
      117 voxels changed (0.00%)

removing voxels with positive offset direction...
MRIremoveWrongDirection() wsize=3, lowthr=77.0678, hithr=94.1008
  smoothing input volume with sigma = 0.250
    91930 voxels tested (0.55%)
    12033 voxels changed (0.07%)
thicken = 1
removing 1-dimensional structures...
MRIremove1dStructures(): max_iter=10000, thresh=2, WM_MIN_VAL=5
 1856 sparsely connected voxels removed in 1 iterations
thickening thin strands....
thickness 4
nsegments 20
wm_hi 125
1122 diagonally connected voxels added...
MRIthickenThinWMStrands(): thickness=4, nsegments=20
  20 segments, 3114 filled
MRIfindBrightNonWM(): 252 bright non-wm voxels segmented.
MRIfilterMorphology() WM_MIN_VAL=5, DIAGONAL_FILL=230
white matter segmentation took 0.9 minutes
writing output to wm.seg.mgz...

 mri_edit_wm_with_aseg -keep-in wm.seg.mgz brain.mgz aseg.presurf.mgz wm.asegedit.mgz 

preserving editing changes in input volume...
auto filling took 0.44 minutes
reading wm segmentation from wm.seg.mgz...
0 voxels added to wm to prevent paths from MTL structures to cortex
7532 additional wm voxels added
0 additional wm voxels added
SEG EDIT: 95456 voxels turned on, 24115 voxels turned off.
propagating editing to output volume from wm.seg.mgz
writing edited volume to wm.asegedit.mgz....

 mri_pretess wm.asegedit.mgz wm norm.mgz wm.mgz 


Iteration Number : 1
pass   1 (xy+):  21 found -  21 modified     |    TOTAL:  21
pass   2 (xy+):   0 found -  21 modified     |    TOTAL:  21
pass   1 (xy-):  26 found -  26 modified     |    TOTAL:  47
pass   2 (xy-):   0 found -  26 modified     |    TOTAL:  47
pass   1 (yz+):  37 found -  37 modified     |    TOTAL:  84
pass   2 (yz+):   0 found -  37 modified     |    TOTAL:  84
pass   1 (yz-):  28 found -  28 modified     |    TOTAL: 112
pass   2 (yz-):   0 found -  28 modified     |    TOTAL: 112
pass   1 (xz+):  26 found -  26 modified     |    TOTAL: 138
pass   2 (xz+):   0 found -  26 modified     |    TOTAL: 138
pass   1 (xz-):  16 found -  16 modified     |    TOTAL: 154
pass   2 (xz-):   0 found -  16 modified     |    TOTAL: 154
Iteration Number : 1
pass   1 (+++):  12 found -  12 modified     |    TOTAL:  12
pass   2 (+++):   0 found -  12 modified     |    TOTAL:  12
pass   1 (+++):   8 found -   8 modified     |    TOTAL:  20
pass   2 (+++):   0 found -   8 modified     |    TOTAL:  20
pass   1 (+++):   4 found -   4 modified     |    TOTAL:  24
pass   2 (+++):   0 found -   4 modified     |    TOTAL:  24
pass   1 (+++):   2 found -   2 modified     |    TOTAL:  26
pass   2 (+++):   0 found -   2 modified     |    TOTAL:  26
Iteration Number : 1
pass   1 (++):  48 found -  48 modified     |    TOTAL:  48
pass   2 (++):   0 found -  48 modified     |    TOTAL:  48
pass   1 (+-):  72 found -  72 modified     |    TOTAL: 120
pass   2 (+-):   0 found -  72 modified     |    TOTAL: 120
pass   1 (--):  38 found -  38 modified     |    TOTAL: 158
pass   2 (--):   0 found -  38 modified     |    TOTAL: 158
pass   1 (-+):  83 found -  83 modified     |    TOTAL: 241
pass   2 (-+):   0 found -  83 modified     |    TOTAL: 241
Iteration Number : 2
pass   1 (xy+):   2 found -   2 modified     |    TOTAL:   2
pass   2 (xy+):   0 found -   2 modified     |    TOTAL:   2
pass   1 (xy-):   1 found -   1 modified     |    TOTAL:   3
pass   2 (xy-):   0 found -   1 modified     |    TOTAL:   3
pass   1 (yz+):   2 found -   2 modified     |    TOTAL:   5
pass   2 (yz+):   0 found -   2 modified     |    TOTAL:   5
pass   1 (yz-):   1 found -   1 modified     |    TOTAL:   6
pass   2 (yz-):   0 found -   1 modified     |    TOTAL:   6
pass   1 (xz+):   0 found -   0 modified     |    TOTAL:   6
pass   1 (xz-):   2 found -   2 modified     |    TOTAL:   8
pass   2 (xz-):   0 found -   2 modified     |    TOTAL:   8
Iteration Number : 2
pass   1 (+++):   2 found -   2 modified     |    TOTAL:   2
pass   2 (+++):   0 found -   2 modified     |    TOTAL:   2
pass   1 (+++):   0 found -   0 modified     |    TOTAL:   2
pass   1 (+++):   2 found -   2 modified     |    TOTAL:   4
pass   2 (+++):   0 found -   2 modified     |    TOTAL:   4
pass   1 (+++):   0 found -   0 modified     |    TOTAL:   4
Iteration Number : 2
pass   1 (++):   0 found -   0 modified     |    TOTAL:   0
pass   1 (+-):   0 found -   0 modified     |    TOTAL:   0
pass   1 (--):   0 found -   0 modified     |    TOTAL:   0
pass   1 (-+):   0 found -   0 modified     |    TOTAL:   0
Iteration Number : 3
pass   1 (xy+):   0 found -   0 modified     |    TOTAL:   0
pass   1 (xy-):   0 found -   0 modified     |    TOTAL:   0
pass   1 (yz+):   0 found -   0 modified     |    TOTAL:   0
pass   1 (yz-):   0 found -   0 modified     |    TOTAL:   0
pass   1 (xz+):   0 found -   0 modified     |    TOTAL:   0
pass   1 (xz-):   0 found -   0 modified     |    TOTAL:   0
Iteration Number : 3
pass   1 (+++):   0 found -   0 modified     |    TOTAL:   0
pass   1 (+++):   0 found -   0 modified     |    TOTAL:   0
pass   1 (+++):   0 found -   0 modified     |    TOTAL:   0
pass   1 (+++):   0 found -   0 modified     |    TOTAL:   0
Iteration Number : 3
pass   1 (++):   0 found -   0 modified     |    TOTAL:   0
pass   1 (+-):   0 found -   0 modified     |    TOTAL:   0
pass   1 (--):   0 found -   0 modified     |    TOTAL:   0
pass   1 (-+):   0 found -   0 modified     |    TOTAL:   0

Total Number of Modified Voxels = 433 (out of 375826: 0.115213)
binarizing input wm segmentation...
Ambiguous edge configurations... 

mri_pretess done

#--------------------------------------------
#@# Fill Mon Mar  9 00:30:11 CET 2026
/out/sourcedata/freesurfer/sub-v1s16x0051176_ses-1/mri

 mri_fill -a ../scripts/ponscc.cut.log -xform transforms/talairach.lta -segmentation aseg.presurf.mgz -ctab /opt/freesurfer/SubCorticalMassLUT.txt wm.mgz filled.mgz 

logging cutting plane coordinates to ../scripts/ponscc.cut.log...
INFO: Using transforms/talairach.lta and its offset for Talairach volume ...
using segmentation aseg.presurf.mgz...
reading input volume...done.
searching for cutting planes...voxel to talairach voxel transform
 1.03864  -0.04050  -0.02628   0.75162;
 0.11536   1.26752  -0.06763  -9.85155;
 0.04156   0.07691   1.10354  -40.31595;
 0.00000   0.00000   0.00000   1.00000;
voxel to talairach voxel transform
 1.03864  -0.04050  -0.02628   0.75162;
 0.11536   1.26752  -0.06763  -9.85155;
 0.04156   0.07691   1.10354  -40.31595;
 0.00000   0.00000   0.00000   1.00000;
reading segmented volume aseg.presurf.mgz
removing CC from segmentation
Looking for area (min, max) = (350, 1400)
area[0] = 1841 (min = 350, max = 1400), aspect = 0.56 (min = 0.10, max = 0.75)
need search nearby
using seed (128, 111, 152), TAL = (0.0, 24.0, 17.0)
talairach voxel to voxel transform
 0.95858   0.02914   0.02461   0.55876;
-0.08884   0.78332   0.04589   9.63381;
-0.02991  -0.05569   0.90205   35.84083;
 0.00000   0.00000   0.00000   1.00000;
segmentation indicates cc at (128,  111,  152) --> (0.0, 24.0, 17.0)
done.
filling took 1.0 minutes
talairach cc position changed to (0.00, 24.00, 17.00)
Erasing brainstem...done.
seed_search_size = 9, min_neighbors = 5
search rh wm seed point around talairach space:(18.00, 24.00, 17.00) SRC: (112.98, 93.79, 163.48)
search lh wm seed point around talairach space (-18.00, 24.00, 17.00), SRC: (147.49, 90.59, 162.40)
compute mri_fill using aseg
Erasing Brain Stem and Cerebellum ...
Define left and right masks using aseg:
Building Voronoi diagram ...
Using the Voronoi diagram for separating WM into two hemispheres ...
Find the largest connected component for each hemisphere ...
Embedding colortable
mri_fill done, writing output to filled.mgz...
 cp filled.mgz filled.auto.mgz

Started at Sun Mar 8 23:06:27 CET 2026 
Ended   at Mon Mar 9 00:31:12 CET 2026
#@#%# recon-all-run-time-hours 1.413
recon-all -s sub-v1s16x0051176_ses-1 finished without error at Mon Mar  9 00:31:12 CET 2026



#New# invocation of recon-all 




Mon Mar  9 01:07:43 CET 2026
cd /out/sourcedata/freesurfer/sub-v1s16x0051176_ses-1
setenv SUBJECTS_DIR /out/sourcedata/freesurfer
/opt/freesurfer/bin/recon-all -parallel -subjid sub-v1s16x0051176_ses-1 -sd /out/sourcedata/freesurfer -cortribbon

subjid sub-v1s16x0051176_ses-1
setenv SUBJECTS_DIR /out/sourcedata/freesurfer
FREESURFER_HOME /opt/freesurfer
Actual FREESURFER_HOME /opt/freesurfer
build-stamp.txt: freesurfer-linux-ubuntu22_x86_64-7.3.2-20220804-6354275
Linux dna029 5.14.0-427.37.1.el9_4.x86_64 #1 SMP PREEMPT_DYNAMIC Fri Sep 13 12:41:50 EDT 2024 x86_64 x86_64 x86_64 GNU/Linux
cputime      unlimited
filesize     unlimited
datasize     unlimited
stacksize    8192 kbytes
coredumpsize 0 kbytes
memoryuse    67108864 kbytes
vmemoryuse   unlimited
descriptors  1024 
memorylocked unlimited
maxproc      2061970 
maxlocks     unlimited
maxsignal    2061970 
maxmessage   819200 
maxnice      0 
maxrtprio    0 
maxrttime    unlimited

               total        used        free      shared  buff/cache   available
Mem:           503Gi        48Gi       403Gi       9.0Gi        52Gi       443Gi
Swap:             0B          0B          0B

########################################
program versions used
7.3.2 (freesurfer-linux-ubuntu22_x86_64-7.3.2-20220804-6354275)
7.3.2

ProgramName: lta_convert  ProgramArguments: lta_convert -all-info  ProgramVersion: 7.3.2  TimeStamp: 2026/03/09-00:07:43-GMT  BuildTime: Aug  4 2022 06:17:15  BuildStamp: freesurfer-linux-ubuntu22_x86_64-7.3.2-20220804-6354275  User: oesteban  Machine: dna029  Platform: Linux  PlatformVersion: 5.14.0-427.37.1.el9_4.x86_64  CompilerName: GCC  CompilerVersion: 8.4.0
ProgramName: mri_and  ProgramArguments: mri_and -all-info  ProgramVersion: 7.3.2  TimeStamp: 2026/03/09-00:07:43-GMT  BuildTime: Aug  4 2022 06:17:15  BuildStamp: freesurfer-linux-ubuntu22_x86_64-7.3.2-20220804-6354275  User: oesteban  Machine: dna029  Platform: Linux  PlatformVersion: 5.14.0-427.37.1.el9_4.x86_64  CompilerName: GCC  CompilerVersion: 8.4.0
ProgramName: mri_annotation2label  ProgramArguments: mri_annotation2label -all-info  ProgramVersion: 7.3.2  TimeStamp: 2026/03/09-00:07:43-GMT  BuildTime: Aug  4 2022 06:17:15  BuildStamp: freesurfer-linux-ubuntu22_x86_64-7.3.2-20220804-6354275  User: oesteban  Machine: dna029  Platform: Linux  PlatformVersion: 5.14.0-427.37.1.el9_4.x86_64  CompilerName: GCC  CompilerVersion: 8.4.0
ProgramName: mri_aparc2aseg  ProgramArguments: mri_aparc2aseg -all-info  ProgramVersion: 7.3.2  TimeStamp: 2026/03/09-00:07:43-GMT  BuildTime: Aug  4 2022 06:17:15  BuildStamp: freesurfer-linux-ubuntu22_x86_64-7.3.2-20220804-6354275  User: oesteban  Machine: dna029  Platform: Linux  PlatformVersion: 5.14.0-427.37.1.el9_4.x86_64  CompilerName: GCC  CompilerVersion: 8.4.0
ProgramName: mri_surf2volseg  ProgramArguments: mri_surf2volseg -all-info  ProgramVersion: 7.3.2  TimeStamp: 2026/03/09-00:07:43-GMT  BuildTime: Aug  4 2022 06:17:15  BuildStamp: freesurfer-linux-ubuntu22_x86_64-7.3.2-20220804-6354275  User: oesteban  Machine: dna029  Platform: Linux  PlatformVersion: 5.14.0-427.37.1.el9_4.x86_64  CompilerName: GCC  CompilerVersion: 8.4.0
ProgramName: mri_binarize  ProgramArguments: mri_binarize -all-info  ProgramVersion: 7.3.2  TimeStamp: 2026/03/09-00:07:43-GMT  BuildTime: Aug  4 2022 06:17:15  BuildStamp: freesurfer-linux-ubuntu22_x86_64-7.3.2-20220804-6354275  User: oesteban  Machine: dna029  Platform: Linux  PlatformVersion: 5.14.0-427.37.1.el9_4.x86_64  CompilerName: GCC  CompilerVersion: 8.4.0
ProgramName: mri_ca_label  ProgramArguments: mri_ca_label -all-info  ProgramVersion: 7.3.2  TimeStamp: 2026/03/09-00:07:43-GMT  BuildTime: Aug  4 2022 06:17:15  BuildStamp: freesurfer-linux-ubuntu22_x86_64-7.3.2-20220804-6354275  User: oesteban  Machine: dna029  Platform: Linux  PlatformVersion: 5.14.0-427.37.1.el9_4.x86_64  CompilerName: GCC  CompilerVersion: 8.4.0
ProgramName: mri_ca_normalize  ProgramArguments: mri_ca_normalize -all-info  ProgramVersion: 7.3.2  TimeStamp: 2026/03/09-00:07:43-GMT  BuildTime: Aug  4 2022 06:17:15  BuildStamp: freesurfer-linux-ubuntu22_x86_64-7.3.2-20220804-6354275  User: oesteban  Machine: dna029  Platform: Linux  PlatformVersion: 5.14.0-427.37.1.el9_4.x86_64  CompilerName: GCC  CompilerVersion: 8.4.0
ProgramName: mri_ca_register  ProgramArguments: mri_ca_register -all-info  ProgramVersion: 7.3.2  TimeStamp: 2026/03/09-00:07:43-GMT  BuildTime: Aug  4 2022 06:17:15  BuildStamp: freesurfer-linux-ubuntu22_x86_64-7.3.2-20220804-6354275  User: oesteban  Machine: dna029  Platform: Linux  PlatformVersion: 5.14.0-427.37.1.el9_4.x86_64  CompilerName: GCC  CompilerVersion: 8.4.0
ProgramName: mri_cc  ProgramArguments: mri_cc -all-info  ProgramVersion: 7.3.2  TimeStamp: 2026/03/09-00:07:43-GMT  BuildTime: Aug  4 2022 06:17:15  BuildStamp: freesurfer-linux-ubuntu22_x86_64-7.3.2-20220804-6354275  User: oesteban  Machine: dna029  Platform: Linux  PlatformVersion: 5.14.0-427.37.1.el9_4.x86_64  CompilerName: GCC  CompilerVersion: 8.4.0
ProgramName: mri_compute_overlap  ProgramArguments: mri_compute_overlap -all-info  ProgramVersion: 7.3.2  TimeStamp: 2026/03/09-00:07:43-GMT  BuildTime: Aug  4 2022 06:17:15  BuildStamp: freesurfer-linux-ubuntu22_x86_64-7.3.2-20220804-6354275  User: oesteban  Machine: dna029  Platform: Linux  PlatformVersion: 5.14.0-427.37.1.el9_4.x86_64  CompilerName: GCC  CompilerVersion: 8.4.0
ProgramName: mri_compute_seg_overlap  ProgramArguments: mri_compute_seg_overlap -all-info  ProgramVersion: 7.3.2  TimeStamp: 2026/03/09-00:07:43-GMT  BuildTime: Aug  4 2022 06:17:15  BuildStamp: freesurfer-linux-ubuntu22_x86_64-7.3.2-20220804-6354275  User: oesteban  Machine: dna029  Platform: Linux  PlatformVersion: 5.14.0-427.37.1.el9_4.x86_64  CompilerName: GCC  CompilerVersion: 8.4.0
ProgramName: mri_concat  ProgramArguments: mri_concat -all-info  ProgramVersion: 7.3.2  TimeStamp: 2026/03/09-00:07:43-GMT  BuildTime: Aug  4 2022 06:17:15  BuildStamp: freesurfer-linux-ubuntu22_x86_64-7.3.2-20220804-6354275  User: oesteban  Machine: dna029  Platform: Linux  PlatformVersion: 5.14.0-427.37.1.el9_4.x86_64  CompilerName: GCC  CompilerVersion: 8.4.0
ProgramName: mri_concatenate_lta  ProgramArguments: mri_concatenate_lta -all-info  ProgramVersion: 7.3.2  TimeStamp: 2026/03/09-00:07:43-GMT  BuildTime: Aug  4 2022 06:17:15  BuildStamp: freesurfer-linux-ubuntu22_x86_64-7.3.2-20220804-6354275  User: oesteban  Machine: dna029  Platform: Linux  PlatformVersion: 5.14.0-427.37.1.el9_4.x86_64  CompilerName: GCC  CompilerVersion: 8.4.0
mri_convert -all-info 
ProgramName: mri_convert  ProgramArguments: mri_convert -all-info  ProgramVersion: 7.3.2  TimeStamp: 2026/03/09-00:07:43-GMT  BuildTime: Aug  4 2022 06:17:15  BuildStamp: freesurfer-linux-ubuntu22_x86_64-7.3.2-20220804-6354275  User: oesteban  Machine: dna029  Platform: Linux  PlatformVersion: 5.14.0-427.37.1.el9_4.x86_64  CompilerName: GCC  CompilerVersion: 8.4.0
ProgramName: mri_diff  ProgramArguments: mri_diff -all-info  ProgramVersion: 7.3.2  TimeStamp: 2026/03/09-00:07:43-GMT  BuildTime: Aug  4 2022 06:17:15  BuildStamp: freesurfer-linux-ubuntu22_x86_64-7.3.2-20220804-6354275  User: oesteban  Machine: dna029  Platform: Linux  PlatformVersion: 5.14.0-427.37.1.el9_4.x86_64  CompilerName: GCC  CompilerVersion: 8.4.0
ProgramName: mri_edit_wm_with_aseg  ProgramArguments: mri_edit_wm_with_aseg -all-info  ProgramVersion: 7.3.2  TimeStamp: 2026/03/09-00:07:43-GMT  BuildTime: Aug  4 2022 06:17:15  BuildStamp: freesurfer-linux-ubuntu22_x86_64-7.3.2-20220804-6354275  User: oesteban  Machine: dna029  Platform: Linux  PlatformVersion: 5.14.0-427.37.1.el9_4.x86_64  CompilerName: GCC  CompilerVersion: 8.4.0
ProgramName: mri_em_register  ProgramArguments: mri_em_register -all-info  ProgramVersion: 7.3.2  TimeStamp: 2026/03/09-00:07:43-GMT  BuildTime: Aug  4 2022 06:17:15  BuildStamp: freesurfer-linux-ubuntu22_x86_64-7.3.2-20220804-6354275  User: oesteban  Machine: dna029  Platform: Linux  PlatformVersion: 5.14.0-427.37.1.el9_4.x86_64  CompilerName: GCC  CompilerVersion: 8.4.0
ProgramName: mri_fill  ProgramArguments: mri_fill -all-info  ProgramVersion: 7.3.2  TimeStamp: 2026/03/09-00:07:43-GMT  BuildTime: Aug  4 2022 06:17:15  BuildStamp: freesurfer-linux-ubuntu22_x86_64-7.3.2-20220804-6354275  User: oesteban  Machine: dna029  Platform: Linux  PlatformVersion: 5.14.0-427.37.1.el9_4.x86_64  CompilerName: GCC  CompilerVersion: 8.4.0
ProgramName: mri_fuse_segmentations  ProgramArguments: mri_fuse_segmentations -all-info  ProgramVersion: 7.3.2  TimeStamp: 2026/03/09-00:07:43-GMT  BuildTime: Aug  4 2022 06:17:15  BuildStamp: freesurfer-linux-ubuntu22_x86_64-7.3.2-20220804-6354275  User: oesteban  Machine: dna029  Platform: Linux  PlatformVersion: 5.14.0-427.37.1.el9_4.x86_64  CompilerName: GCC  CompilerVersion: 8.4.0
ProgramName: mri_fwhm  ProgramArguments: mri_fwhm -all-info  ProgramVersion: 7.3.2  TimeStamp: 2026/03/09-00:07:43-GMT  BuildTime: Aug  4 2022 06:17:15  BuildStamp: freesurfer-linux-ubuntu22_x86_64-7.3.2-20220804-6354275  User: oesteban  Machine: dna029  Platform: Linux  PlatformVersion: 5.14.0-427.37.1.el9_4.x86_64  CompilerName: GCC  CompilerVersion: 8.4.0
ProgramName: mri_gcut  ProgramArguments: mri_gcut -all-info  ProgramVersion: 7.3.2  TimeStamp: 2026/03/09-00:07:43-GMT  BuildTime: Aug  4 2022 06:17:15  BuildStamp: freesurfer-linux-ubuntu22_x86_64-7.3.2-20220804-6354275  User: oesteban  Machine: dna029  Platform: Linux  PlatformVersion: 5.14.0-427.37.1.el9_4.x86_64  CompilerName: GCC  CompilerVersion: 8.4.0
ProgramName: mri_info  ProgramArguments: mri_info -all-info  ProgramVersion: 7.3.2  TimeStamp: 2026/03/09-00:07:43-GMT  BuildTime: Aug  4 2022 06:17:15  BuildStamp: freesurfer-linux-ubuntu22_x86_64-7.3.2-20220804-6354275  User: oesteban  Machine: dna029  Platform: Linux  PlatformVersion: 5.14.0-427.37.1.el9_4.x86_64  CompilerName: GCC  CompilerVersion: 8.4.0
ProgramName: mri_label2label  ProgramArguments: mri_label2label -all-info  ProgramVersion: 7.3.2  TimeStamp: 2026/03/09-00:07:43-GMT  BuildTime: Aug  4 2022 06:17:15  BuildStamp: freesurfer-linux-ubuntu22_x86_64-7.3.2-20220804-6354275  User: oesteban  Machine: dna029  Platform: Linux  PlatformVersion: 5.14.0-427.37.1.el9_4.x86_64  CompilerName: GCC  CompilerVersion: 8.4.0
ProgramName: mri_label2vol  ProgramArguments: mri_label2vol -all-info  ProgramVersion: 7.3.2  TimeStamp: 2026/03/09-00:07:43-GMT  BuildTime: Aug  4 2022 06:17:15  BuildStamp: freesurfer-linux-ubuntu22_x86_64-7.3.2-20220804-6354275  User: oesteban  Machine: dna029  Platform: Linux  PlatformVersion: 5.14.0-427.37.1.el9_4.x86_64  CompilerName: GCC  CompilerVersion: 8.4.0
ProgramName: mri_log_likelihood  ProgramArguments: mri_log_likelihood -all-info  ProgramVersion: 7.3.2  TimeStamp: 2026/03/09-00:07:43-GMT  BuildTime: Aug  4 2022 06:17:15  BuildStamp: freesurfer-linux-ubuntu22_x86_64-7.3.2-20220804-6354275  User: oesteban  Machine: dna029  Platform: Linux  PlatformVersion: 5.14.0-427.37.1.el9_4.x86_64  CompilerName: GCC  CompilerVersion: 8.4.0
ProgramName: mri_mask  ProgramArguments: mri_mask -all-info  ProgramVersion: 7.3.2  TimeStamp: 2026/03/09-00:07:43-GMT  BuildTime: Aug  4 2022 06:17:15  BuildStamp: freesurfer-linux-ubuntu22_x86_64-7.3.2-20220804-6354275  User: oesteban  Machine: dna029  Platform: Linux  PlatformVersion: 5.14.0-427.37.1.el9_4.x86_64  CompilerName: GCC  CompilerVersion: 8.4.0
ProgramName: mri_matrix_multiply  ProgramArguments: mri_matrix_multiply -all-info  ProgramVersion: 7.3.2  TimeStamp: 2026/03/09-00:07:43-GMT  BuildTime: Aug  4 2022 06:17:15  BuildStamp: freesurfer-linux-ubuntu22_x86_64-7.3.2-20220804-6354275  User: oesteban  Machine: dna029  Platform: Linux  PlatformVersion: 5.14.0-427.37.1.el9_4.x86_64  CompilerName: GCC  CompilerVersion: 8.4.0
ProgramName: mri_normalize  ProgramArguments: mri_normalize -all-info  ProgramVersion: 7.3.2  TimeStamp: 2026/03/09-00:07:43-GMT  BuildTime: Aug  4 2022 06:17:15  BuildStamp: freesurfer-linux-ubuntu22_x86_64-7.3.2-20220804-6354275  User: oesteban  Machine: dna029  Platform: Linux  PlatformVersion: 5.14.0-427.37.1.el9_4.x86_64  CompilerName: GCC  CompilerVersion: 8.4.0
ProgramName: mri_normalize_tp2  ProgramArguments: mri_normalize_tp2 -all-info  ProgramVersion: 7.3.2  TimeStamp: 2026/03/09-00:07:43-GMT  BuildTime: Aug  4 2022 06:17:15  BuildStamp: freesurfer-linux-ubuntu22_x86_64-7.3.2-20220804-6354275  User: oesteban  Machine: dna029  Platform: Linux  PlatformVersion: 5.14.0-427.37.1.el9_4.x86_64  CompilerName: GCC  CompilerVersion: 8.4.0
ProgramName: mri_or  ProgramArguments: mri_or -all-info  ProgramVersion: 7.3.2  TimeStamp: 2026/03/09-00:07:43-GMT  BuildTime: Aug  4 2022 06:17:15  BuildStamp: freesurfer-linux-ubuntu22_x86_64-7.3.2-20220804-6354275  User: oesteban  Machine: dna029  Platform: Linux  PlatformVersion: 5.14.0-427.37.1.el9_4.x86_64  CompilerName: GCC  CompilerVersion: 8.4.0
ProgramName: mri_relabel_hypointensities  ProgramArguments: mri_relabel_hypointensities -all-info  ProgramVersion: 7.3.2  TimeStamp: 2026/03/09-00:07:43-GMT  BuildTime: Aug  4 2022 06:17:15  BuildStamp: freesurfer-linux-ubuntu22_x86_64-7.3.2-20220804-6354275  User: oesteban  Machine: dna029  Platform: Linux  PlatformVersion: 5.14.0-427.37.1.el9_4.x86_64  CompilerName: GCC  CompilerVersion: 8.4.0
ProgramName: mri_relabel_nonwm_hypos  ProgramArguments: mri_relabel_nonwm_hypos -all-info  ProgramVersion: 7.3.2  TimeStamp: 2026/03/09-00:07:43-GMT  BuildTime: Aug  4 2022 06:17:15  BuildStamp: freesurfer-linux-ubuntu22_x86_64-7.3.2-20220804-6354275  User: oesteban  Machine: dna029  Platform: Linux  PlatformVersion: 5.14.0-427.37.1.el9_4.x86_64  CompilerName: GCC  CompilerVersion: 8.4.0
ProgramName: mri_remove_neck  ProgramArguments: mri_remove_neck -all-info  ProgramVersion: 7.3.2  TimeStamp: 2026/03/09-00:07:43-GMT  BuildTime: Aug  4 2022 06:17:15  BuildStamp: freesurfer-linux-ubuntu22_x86_64-7.3.2-20220804-6354275  User: oesteban  Machine: dna029  Platform: Linux  PlatformVersion: 5.14.0-427.37.1.el9_4.x86_64  CompilerName: GCC  CompilerVersion: 8.4.0
7.3.2

ProgramName: mri_robust_register  ProgramArguments: mri_robust_register -all-info  ProgramVersion: 7.3.2  TimeStamp: 2026/03/09-00:07:43-GMT  BuildTime: Aug  4 2022 06:17:15  BuildStamp: freesurfer-linux-ubuntu22_x86_64-7.3.2-20220804-6354275  User: oesteban  Machine: dna029  Platform: Linux  PlatformVersion: 5.14.0-427.37.1.el9_4.x86_64  CompilerName: GCC  CompilerVersion: 8.4.0
7.3.2

ProgramName: mri_robust_template  ProgramArguments: mri_robust_template -all-info  ProgramVersion: 7.3.2  TimeStamp: 2026/03/09-00:07:43-GMT  BuildTime: Aug  4 2022 06:17:15  BuildStamp: freesurfer-linux-ubuntu22_x86_64-7.3.2-20220804-6354275  User: oesteban  Machine: dna029  Platform: Linux  PlatformVersion: 5.14.0-427.37.1.el9_4.x86_64  CompilerName: GCC  CompilerVersion: 8.4.0
ProgramName: mris_anatomical_stats  ProgramArguments: mris_anatomical_stats -all-info  ProgramVersion: 7.3.2  TimeStamp: 2026/03/09-00:07:43-GMT  BuildTime: Aug  4 2022 06:17:15  BuildStamp: freesurfer-linux-ubuntu22_x86_64-7.3.2-20220804-6354275  User: oesteban  Machine: dna029  Platform: Linux  PlatformVersion: 5.14.0-427.37.1.el9_4.x86_64  CompilerName: GCC  CompilerVersion: 8.4.0
ProgramName: mris_ca_label  ProgramArguments: mris_ca_label -all-info  ProgramVersion: 7.3.2  TimeStamp: 2026/03/09-00:07:43-GMT  BuildTime: Aug  4 2022 06:17:15  BuildStamp: freesurfer-linux-ubuntu22_x86_64-7.3.2-20220804-6354275  User: oesteban  Machine: dna029  Platform: Linux  PlatformVersion: 5.14.0-427.37.1.el9_4.x86_64  CompilerName: GCC  CompilerVersion: 8.4.0
ProgramName: mris_calc  ProgramArguments: mris_calc -all-info  ProgramVersion: 7.3.2  TimeStamp: 2026/03/09-00:07:43-GMT  BuildTime: Aug  4 2022 06:17:15  BuildStamp: freesurfer-linux-ubuntu22_x86_64-7.3.2-20220804-6354275  User: oesteban  Machine: dna029  Platform: Linux  PlatformVersion: 5.14.0-427.37.1.el9_4.x86_64  CompilerName: GCC  CompilerVersion: 8.4.0
ProgramName: mris_convert  ProgramArguments: mris_convert -all-info  ProgramVersion: 7.3.2  TimeStamp: 2026/03/09-00:07:43-GMT  BuildTime: Aug  4 2022 06:17:15  BuildStamp: freesurfer-linux-ubuntu22_x86_64-7.3.2-20220804-6354275  User: oesteban  Machine: dna029  Platform: Linux  PlatformVersion: 5.14.0-427.37.1.el9_4.x86_64  CompilerName: GCC  CompilerVersion: 8.4.0
ProgramName: mris_curvature  ProgramArguments: mris_curvature -all-info  ProgramVersion: 7.3.2  TimeStamp: 2026/03/09-00:07:43-GMT  BuildTime: Aug  4 2022 06:17:15  BuildStamp: freesurfer-linux-ubuntu22_x86_64-7.3.2-20220804-6354275  User: oesteban  Machine: dna029  Platform: Linux  PlatformVersion: 5.14.0-427.37.1.el9_4.x86_64  CompilerName: GCC  CompilerVersion: 8.4.0
ProgramName: mris_curvature_stats  ProgramArguments: mris_curvature_stats -all-info  ProgramVersion: 7.3.2  TimeStamp: 2026/03/09-00:07:43-GMT  BuildTime: Aug  4 2022 06:17:15  BuildStamp: freesurfer-linux-ubuntu22_x86_64-7.3.2-20220804-6354275  User: oesteban  Machine: dna029  Platform: Linux  PlatformVersion: 5.14.0-427.37.1.el9_4.x86_64  CompilerName: GCC  CompilerVersion: 8.4.0
ProgramName: mris_diff  ProgramArguments: mris_diff -all-info  ProgramVersion: 7.3.2  TimeStamp: 2026/03/09-00:07:43-GMT  BuildTime: Aug  4 2022 06:17:15  BuildStamp: freesurfer-linux-ubuntu22_x86_64-7.3.2-20220804-6354275  User: oesteban  Machine: dna029  Platform: Linux  PlatformVersion: 5.14.0-427.37.1.el9_4.x86_64  CompilerName: GCC  CompilerVersion: 8.4.0
ProgramName: mris_divide_parcellation  ProgramArguments: mris_divide_parcellation -all-info  ProgramVersion: 7.3.2  TimeStamp: 2026/03/09-00:07:43-GMT  BuildTime: Aug  4 2022 06:17:15  BuildStamp: freesurfer-linux-ubuntu22_x86_64-7.3.2-20220804-6354275  User: oesteban  Machine: dna029  Platform: Linux  PlatformVersion: 5.14.0-427.37.1.el9_4.x86_64  CompilerName: GCC  CompilerVersion: 8.4.0
ProgramName: mri_segment  ProgramArguments: mri_segment -all-info  ProgramVersion: 7.3.2  TimeStamp: 2026/03/09-00:07:43-GMT  BuildTime: Aug  4 2022 06:17:15  BuildStamp: freesurfer-linux-ubuntu22_x86_64-7.3.2-20220804-6354275  User: oesteban  Machine: dna029  Platform: Linux  PlatformVersion: 5.14.0-427.37.1.el9_4.x86_64  CompilerName: GCC  CompilerVersion: 8.4.0
ProgramName: mri_segstats  ProgramArguments: mri_segstats -all-info  ProgramVersion: 7.3.2  TimeStamp: 2026/03/09-00:07:43-GMT  BuildTime: Aug  4 2022 06:17:15  BuildStamp: freesurfer-linux-ubuntu22_x86_64-7.3.2-20220804-6354275  User: oesteban  Machine: dna029  Platform: Linux  PlatformVersion: 5.14.0-427.37.1.el9_4.x86_64  CompilerName: GCC  CompilerVersion: 8.4.0
ProgramName: mris_euler_number  ProgramArguments: mris_euler_number -all-info  ProgramVersion: 7.3.2  TimeStamp: 2026/03/09-00:07:43-GMT  BuildTime: Aug  4 2022 06:17:15  BuildStamp: freesurfer-linux-ubuntu22_x86_64-7.3.2-20220804-6354275  User: oesteban  Machine: dna029  Platform: Linux  PlatformVersion: 5.14.0-427.37.1.el9_4.x86_64  CompilerName: GCC  CompilerVersion: 8.4.0
ProgramName: mris_fix_topology  ProgramArguments: mris_fix_topology -all-info  ProgramVersion: 7.3.2  TimeStamp: 2026/03/09-00:07:43-GMT  BuildTime: Aug  4 2022 06:17:15  BuildStamp: freesurfer-linux-ubuntu22_x86_64-7.3.2-20220804-6354275  User: oesteban  Machine: dna029  Platform: Linux  PlatformVersion: 5.14.0-427.37.1.el9_4.x86_64  CompilerName: GCC  CompilerVersion: 8.4.0
ProgramName: mris_topo_fixer  ProgramArguments: mris_topo_fixer -all-info  ProgramVersion: 7.3.2  TimeStamp: 2026/03/09-00:07:43-GMT  BuildTime: Aug  4 2022 06:17:15  BuildStamp: freesurfer-linux-ubuntu22_x86_64-7.3.2-20220804-6354275  User: oesteban  Machine: dna029  Platform: Linux  PlatformVersion: 5.14.0-427.37.1.el9_4.x86_64  CompilerName: GCC  CompilerVersion: 8.4.0
ProgramName: mris_jacobian  ProgramArguments: mris_jacobian -all-info  ProgramVersion: 7.3.2  TimeStamp: 2026/03/09-00:07:43-GMT  BuildTime: Aug  4 2022 06:17:15  BuildStamp: freesurfer-linux-ubuntu22_x86_64-7.3.2-20220804-6354275  User: oesteban  Machine: dna029  Platform: Linux  PlatformVersion: 5.14.0-427.37.1.el9_4.x86_64  CompilerName: GCC  CompilerVersion: 8.4.0
ProgramName: mris_label2annot  ProgramArguments: mris_label2annot -all-info  ProgramVersion: 7.3.2  TimeStamp: 2026/03/09-00:07:43-GMT  BuildTime: Aug  4 2022 06:17:15  BuildStamp: freesurfer-linux-ubuntu22_x86_64-7.3.2-20220804-6354275  User: oesteban  Machine: dna029  Platform: Linux  PlatformVersion: 5.14.0-427.37.1.el9_4.x86_64  CompilerName: GCC  CompilerVersion: 8.4.0
ProgramName: mris_left_right_register  ProgramArguments: mris_left_right_register -all-info  ProgramVersion: 7.3.2  TimeStamp: 2026/03/09-00:07:43-GMT  BuildTime: Aug  4 2022 06:17:15  BuildStamp: freesurfer-linux-ubuntu22_x86_64-7.3.2-20220804-6354275  User: oesteban  Machine: dna029  Platform: Linux  PlatformVersion: 5.14.0-427.37.1.el9_4.x86_64  CompilerName: GCC  CompilerVersion: 8.4.0
ProgramName: mris_place_surface  ProgramArguments: mris_place_surface -all-info  ProgramVersion: 7.3.2  TimeStamp: 2026/03/09-00:07:43-GMT  BuildTime: Aug  4 2022 06:17:15  BuildStamp: freesurfer-linux-ubuntu22_x86_64-7.3.2-20220804-6354275  User: oesteban  Machine: dna029  Platform: Linux  PlatformVersion: 5.14.0-427.37.1.el9_4.x86_64  CompilerName: GCC  CompilerVersion: 8.4.0
ProgramName: mrisp_paint  ProgramArguments: mrisp_paint -all-info  ProgramVersion: 7.3.2  TimeStamp: 2026/03/09-00:07:43-GMT  BuildTime: Aug  4 2022 06:17:15  BuildStamp: freesurfer-linux-ubuntu22_x86_64-7.3.2-20220804-6354275  User: oesteban  Machine: dna029  Platform: Linux  PlatformVersion: 5.14.0-427.37.1.el9_4.x86_64  CompilerName: GCC  CompilerVersion: 8.4.0
ProgramName: mris_register  ProgramArguments: mris_register -all-info  ProgramVersion: 7.3.2  TimeStamp: 2026/03/09-00:07:43-GMT  BuildTime: Aug  4 2022 06:17:15  BuildStamp: freesurfer-linux-ubuntu22_x86_64-7.3.2-20220804-6354275  User: oesteban  Machine: dna029  Platform: Linux  PlatformVersion: 5.14.0-427.37.1.el9_4.x86_64  CompilerName: GCC  CompilerVersion: 8.4.0
ProgramName: mris_smooth  ProgramArguments: mris_smooth -all-info  ProgramVersion: 7.3.2  TimeStamp: 2026/03/09-00:07:43-GMT  BuildTime: Aug  4 2022 06:17:15  BuildStamp: freesurfer-linux-ubuntu22_x86_64-7.3.2-20220804-6354275  User: oesteban  Machine: dna029  Platform: Linux  PlatformVersion: 5.14.0-427.37.1.el9_4.x86_64  CompilerName: GCC  CompilerVersion: 8.4.0
ProgramName: mris_sphere  ProgramArguments: mris_sphere -all-info  ProgramVersion: 7.3.2  TimeStamp: 2026/03/09-00:07:43-GMT  BuildTime: Aug  4 2022 06:17:15  BuildStamp: freesurfer-linux-ubuntu22_x86_64-7.3.2-20220804-6354275  User: oesteban  Machine: dna029  Platform: Linux  PlatformVersion: 5.14.0-427.37.1.el9_4.x86_64  CompilerName: GCC  CompilerVersion: 8.4.0
ProgramName: mris_surface_stats  ProgramArguments: mris_surface_stats -all-info  ProgramVersion: 7.3.2  TimeStamp: 2026/03/09-00:07:43-GMT  BuildTime: Aug  4 2022 06:17:15  BuildStamp: freesurfer-linux-ubuntu22_x86_64-7.3.2-20220804-6354275  User: oesteban  Machine: dna029  Platform: Linux  PlatformVersion: 5.14.0-427.37.1.el9_4.x86_64  CompilerName: GCC  CompilerVersion: 8.4.0
ProgramName: mri_stats2seg  ProgramArguments: mri_stats2seg -all-info  ProgramVersion: 7.3.2  TimeStamp: 2026/03/09-00:07:43-GMT  BuildTime: Aug  4 2022 06:17:15  BuildStamp: freesurfer-linux-ubuntu22_x86_64-7.3.2-20220804-6354275  User: oesteban  Machine: dna029  Platform: Linux  PlatformVersion: 5.14.0-427.37.1.el9_4.x86_64  CompilerName: GCC  CompilerVersion: 8.4.0
ProgramName: mris_thickness  ProgramArguments: mris_thickness -all-info  ProgramVersion: 7.3.2  TimeStamp: 2026/03/09-00:07:43-GMT  BuildTime: Aug  4 2022 06:17:15  BuildStamp: freesurfer-linux-ubuntu22_x86_64-7.3.2-20220804-6354275  User: oesteban  Machine: dna029  Platform: Linux  PlatformVersion: 5.14.0-427.37.1.el9_4.x86_64  CompilerName: GCC  CompilerVersion: 8.4.0
ProgramName: mris_thickness_diff  ProgramArguments: mris_thickness_diff -all-info  ProgramVersion: 7.3.2  TimeStamp: 2026/03/09-00:07:43-GMT  BuildTime: Aug  4 2022 06:17:15  BuildStamp: freesurfer-linux-ubuntu22_x86_64-7.3.2-20220804-6354275  User: oesteban  Machine: dna029  Platform: Linux  PlatformVersion: 5.14.0-427.37.1.el9_4.x86_64  CompilerName: GCC  CompilerVersion: 8.4.0
ProgramName: mris_topo_fixer  ProgramArguments: mris_topo_fixer -all-info  ProgramVersion: 7.3.2  TimeStamp: 2026/03/09-00:07:43-GMT  BuildTime: Aug  4 2022 06:17:15  BuildStamp: freesurfer-linux-ubuntu22_x86_64-7.3.2-20220804-6354275  User: oesteban  Machine: dna029  Platform: Linux  PlatformVersion: 5.14.0-427.37.1.el9_4.x86_64  CompilerName: GCC  CompilerVersion: 8.4.0
ProgramName: mri_surf2surf  ProgramArguments: mri_surf2surf -all-info  ProgramVersion: 7.3.2  TimeStamp: 2026/03/09-00:07:43-GMT  BuildTime: Aug  4 2022 06:17:15  BuildStamp: freesurfer-linux-ubuntu22_x86_64-7.3.2-20220804-6354275  User: oesteban  Machine: dna029  Platform: Linux  PlatformVersion: 5.14.0-427.37.1.el9_4.x86_64  CompilerName: GCC  CompilerVersion: 8.4.0
ProgramName: mri_surf2vol  ProgramArguments: mri_surf2vol -all-info  ProgramVersion: 7.3.2  TimeStamp: 2026/03/09-00:07:43-GMT  BuildTime: Aug  4 2022 06:17:15  BuildStamp: freesurfer-linux-ubuntu22_x86_64-7.3.2-20220804-6354275  User: oesteban  Machine: dna029  Platform: Linux  PlatformVersion: 5.14.0-427.37.1.el9_4.x86_64  CompilerName: GCC  CompilerVersion: 8.4.0
ProgramName: mri_surfcluster  ProgramArguments: mri_surfcluster -all-info  ProgramVersion: 7.3.2  TimeStamp: 2026/03/09-00:07:43-GMT  BuildTime: Aug  4 2022 06:17:15  BuildStamp: freesurfer-linux-ubuntu22_x86_64-7.3.2-20220804-6354275  User: oesteban  Machine: dna029  Platform: Linux  PlatformVersion: 5.14.0-427.37.1.el9_4.x86_64  CompilerName: GCC  CompilerVersion: 8.4.0
ProgramName: mris_volmask  ProgramArguments: mris_volmask -all-info  ProgramVersion: 7.3.2  TimeStamp: 2026/03/09-00:07:43-GMT  BuildTime: Aug  4 2022 06:17:15  BuildStamp: freesurfer-linux-ubuntu22_x86_64-7.3.2-20220804-6354275  User: oesteban  Machine: dna029  Platform: Linux  PlatformVersion: 5.14.0-427.37.1.el9_4.x86_64  CompilerName: GCC  CompilerVersion: 8.4.0
ProgramName: mri_tessellate  ProgramArguments: mri_tessellate -all-info  ProgramVersion: 7.3.2  TimeStamp: 2026/03/09-00:07:43-GMT  BuildTime: Aug  4 2022 06:17:15  BuildStamp: freesurfer-linux-ubuntu22_x86_64-7.3.2-20220804-6354275  User: oesteban  Machine: dna029  Platform: Linux  PlatformVersion: 5.14.0-427.37.1.el9_4.x86_64  CompilerName: GCC  CompilerVersion: 8.4.0
ProgramName: mri_vol2surf  ProgramArguments: mri_vol2surf -all-info  ProgramVersion: 7.3.2  TimeStamp: 2026/03/09-00:07:43-GMT  BuildTime: Aug  4 2022 06:17:15  BuildStamp: freesurfer-linux-ubuntu22_x86_64-7.3.2-20220804-6354275  User: oesteban  Machine: dna029  Platform: Linux  PlatformVersion: 5.14.0-427.37.1.el9_4.x86_64  CompilerName: GCC  CompilerVersion: 8.4.0
ProgramName: mri_vol2vol  ProgramArguments: mri_vol2vol -all-info  ProgramVersion: 7.3.2  TimeStamp: 2026/03/09-00:07:43-GMT  BuildTime: Aug  4 2022 06:17:15  BuildStamp: freesurfer-linux-ubuntu22_x86_64-7.3.2-20220804-6354275  User: oesteban  Machine: dna029  Platform: Linux  PlatformVersion: 5.14.0-427.37.1.el9_4.x86_64  CompilerName: GCC  CompilerVersion: 8.4.0
ProgramName: mri_voldiff  ProgramArguments: mri_voldiff -all-info  ProgramVersion: 7.3.2  TimeStamp: 2026/03/09-00:07:43-GMT  BuildTime: Aug  4 2022 06:17:15  BuildStamp: freesurfer-linux-ubuntu22_x86_64-7.3.2-20220804-6354275  User: oesteban  Machine: dna029  Platform: Linux  PlatformVersion: 5.14.0-427.37.1.el9_4.x86_64  CompilerName: GCC  CompilerVersion: 8.4.0
ProgramName: mri_watershed  ProgramArguments: mri_watershed -all-info  ProgramVersion: 7.3.2  TimeStamp: 2026/03/09-00:07:43-GMT  BuildTime: Aug  4 2022 06:17:15  BuildStamp: freesurfer-linux-ubuntu22_x86_64-7.3.2-20220804-6354275  User: oesteban  Machine: dna029  Platform: Linux  PlatformVersion: 5.14.0-427.37.1.el9_4.x86_64  CompilerName: GCC  CompilerVersion: 8.4.0
ProgramName: tkregister2  ProgramArguments: tkregister2_cmdl -all-info  ProgramVersion: 7.3.2  TimeStamp: 2026/03/09-00:07:43-GMT  BuildTime: Aug  4 2022 06:17:15  BuildStamp: freesurfer-linux-ubuntu22_x86_64-7.3.2-20220804-6354275  User: oesteban  Machine: dna029  Platform: Linux  PlatformVersion: 5.14.0-427.37.1.el9_4.x86_64  CompilerName: GCC  CompilerVersion: 8.4.0
mri_motion_correct.fsl 7.3.2
mri_convert -all-info 
ProgramName: mri_convert  ProgramArguments: mri_convert -all-info  ProgramVersion: 7.3.2  TimeStamp: 2026/03/09-00:07:43-GMT  BuildTime: Aug  4 2022 06:17:15  BuildStamp: freesurfer-linux-ubuntu22_x86_64-7.3.2-20220804-6354275  User: oesteban  Machine: dna029  Platform: Linux  PlatformVersion: 5.14.0-427.37.1.el9_4.x86_64  CompilerName: GCC  CompilerVersion: 8.4.0
Program nu_correct, built from:
Package MNI N3, version 1.12.0, compiled by nicks@terrier (x86_64-unknown-linux-gnu) on 2015-06-19 at 01:25:34
#######################################
GCADIR /opt/freesurfer/average
GCA RB_all_2020-01-02.gca
GCASkull RB_all_withskull_2020_01_02.gca
AvgCurvTif folding.atlas.acfb40.noaparc.i12.2016-08-02.tif
GCSDIR /opt/freesurfer/average
GCS DKaparc.atlas.acfb40.noaparc.i12.2016-08-02.gcs
#######################################
#@# white curv lh Mon Mar  9 01:07:43 CET 2026
cd /out/sourcedata/freesurfer/sub-v1s16x0051176_ses-1/mri
mris_place_surface --curv-map ../surf/lh.white 2 10 ../surf/lh.curv
   Update not needed
#@# white area lh Mon Mar  9 01:07:43 CET 2026
cd /out/sourcedata/freesurfer/sub-v1s16x0051176_ses-1/mri
mris_place_surface --area-map ../surf/lh.white ../surf/lh.area
   Update not needed
#@# pial curv lh Mon Mar  9 01:07:43 CET 2026
cd /out/sourcedata/freesurfer/sub-v1s16x0051176_ses-1/mri
mris_place_surface --curv-map ../surf/lh.pial 2 10 ../surf/lh.curv.pial
   Update not needed
#@# pial area lh Mon Mar  9 01:07:43 CET 2026
cd /out/sourcedata/freesurfer/sub-v1s16x0051176_ses-1/mri
mris_place_surface --area-map ../surf/lh.pial ../surf/lh.area.pial
   Update not needed
#@# thickness lh Mon Mar  9 01:07:43 CET 2026
cd /out/sourcedata/freesurfer/sub-v1s16x0051176_ses-1/mri
mris_place_surface --thickness ../surf/lh.white ../surf/lh.pial 20 5 ../surf/lh.thickness
   Update not needed
#@# area and vertex vol lh Mon Mar  9 01:07:43 CET 2026
cd /out/sourcedata/freesurfer/sub-v1s16x0051176_ses-1/mri
mris_place_surface --thickness ../surf/lh.white ../surf/lh.pial 20 5 ../surf/lh.thickness
   Update not needed
#@# white curv rh Mon Mar  9 01:07:43 CET 2026
cd /out/sourcedata/freesurfer/sub-v1s16x0051176_ses-1/mri
mris_place_surface --curv-map ../surf/rh.white 2 10 ../surf/rh.curv
   Update not needed
#@# white area rh Mon Mar  9 01:07:43 CET 2026
cd /out/sourcedata/freesurfer/sub-v1s16x0051176_ses-1/mri
mris_place_surface --area-map ../surf/rh.white ../surf/rh.area
   Update not needed
#@# pial curv rh Mon Mar  9 01:07:43 CET 2026
cd /out/sourcedata/freesurfer/sub-v1s16x0051176_ses-1/mri
mris_place_surface --curv-map ../surf/rh.pial 2 10 ../surf/rh.curv.pial
   Update not needed
#@# pial area rh Mon Mar  9 01:07:43 CET 2026
cd /out/sourcedata/freesurfer/sub-v1s16x0051176_ses-1/mri
mris_place_surface --area-map ../surf/rh.pial ../surf/rh.area.pial
   Update not needed
#@# thickness rh Mon Mar  9 01:07:43 CET 2026
cd /out/sourcedata/freesurfer/sub-v1s16x0051176_ses-1/mri
mris_place_surface --thickness ../surf/rh.white ../surf/rh.pial 20 5 ../surf/rh.thickness
   Update not needed
#@# area and vertex vol rh Mon Mar  9 01:07:43 CET 2026
cd /out/sourcedata/freesurfer/sub-v1s16x0051176_ses-1/mri
mris_place_surface --thickness ../surf/rh.white ../surf/rh.pial 20 5 ../surf/rh.thickness
   Update not needed
#--------------------------------------------
#@# Cortical ribbon mask Mon Mar  9 01:07:43 CET 2026
/out/sourcedata/freesurfer/sub-v1s16x0051176_ses-1/mri

 mris_volmask --aseg_name aseg.presurf --label_left_white 2 --label_left_ribbon 3 --label_right_white 41 --label_right_ribbon 42 --save_ribbon sub-v1s16x0051176_ses-1 

SUBJECTS_DIR is /out/sourcedata/freesurfer
loading input data...
Running hemis serially
Processing left hemi
computing distance to left white surface 
computing distance to left pial surface 
Processing right hemi
computing distance to right white surface 
computing distance to right pial surface 
 hemi masks overlap voxels = 90
writing volume /out/sourcedata/freesurfer/sub-v1s16x0051176_ses-1/mri/ribbon.mgz
mris_volmask took 2.05 minutes
 writing ribbon files

Started at Mon Mar 9 01:07:43 CET 2026 
Ended   at Mon Mar 9 01:09:46 CET 2026
#@#%# recon-all-run-time-hours 0.034
recon-all -s sub-v1s16x0051176_ses-1 finished without error at Mon Mar  9 01:09:46 CET 2026



#New# invocation of recon-all 




Mon Mar  9 01:14:15 CET 2026
cd /out/sourcedata/freesurfer/sub-v1s16x0051176_ses-1
setenv SUBJECTS_DIR /out/sourcedata/freesurfer
/opt/freesurfer/bin/recon-all -autorecon3 -openmp 16 -subjid sub-v1s16x0051176_ses-1 -sd /out/sourcedata/freesurfer -nosphere -nosurfreg -nojacobian_white -noavgcurv -nocortparc -nopial -noparcstats -nocortparc2 -noparcstats2 -nocortparc3 -noparcstats3 -nopctsurfcon -nocortribbon -nobalabels

subjid sub-v1s16x0051176_ses-1
setenv SUBJECTS_DIR /out/sourcedata/freesurfer
FREESURFER_HOME /opt/freesurfer
Actual FREESURFER_HOME /opt/freesurfer
build-stamp.txt: freesurfer-linux-ubuntu22_x86_64-7.3.2-20220804-6354275
Linux dna029 5.14.0-427.37.1.el9_4.x86_64 #1 SMP PREEMPT_DYNAMIC Fri Sep 13 12:41:50 EDT 2024 x86_64 x86_64 x86_64 GNU/Linux
cputime      unlimited
filesize     unlimited
datasize     unlimited
stacksize    8192 kbytes
coredumpsize 0 kbytes
memoryuse    67108864 kbytes
vmemoryuse   unlimited
descriptors  1024 
memorylocked unlimited
maxproc      2061970 
maxlocks     unlimited
maxsignal    2061970 
maxmessage   819200 
maxnice      0 
maxrtprio    0 
maxrttime    unlimited

               total        used        free      shared  buff/cache   available
Mem:           503Gi        48Gi       402Gi       9.0Gi        52Gi       442Gi
Swap:             0B          0B          0B

########################################
program versions used
7.3.2 (freesurfer-linux-ubuntu22_x86_64-7.3.2-20220804-6354275)
7.3.2

ProgramName: lta_convert  ProgramArguments: lta_convert -all-info  ProgramVersion: 7.3.2  TimeStamp: 2026/03/09-00:14:15-GMT  BuildTime: Aug  4 2022 06:17:15  BuildStamp: freesurfer-linux-ubuntu22_x86_64-7.3.2-20220804-6354275  User: oesteban  Machine: dna029  Platform: Linux  PlatformVersion: 5.14.0-427.37.1.el9_4.x86_64  CompilerName: GCC  CompilerVersion: 8.4.0
ProgramName: mri_and  ProgramArguments: mri_and -all-info  ProgramVersion: 7.3.2  TimeStamp: 2026/03/09-00:14:15-GMT  BuildTime: Aug  4 2022 06:17:15  BuildStamp: freesurfer-linux-ubuntu22_x86_64-7.3.2-20220804-6354275  User: oesteban  Machine: dna029  Platform: Linux  PlatformVersion: 5.14.0-427.37.1.el9_4.x86_64  CompilerName: GCC  CompilerVersion: 8.4.0
ProgramName: mri_annotation2label  ProgramArguments: mri_annotation2label -all-info  ProgramVersion: 7.3.2  TimeStamp: 2026/03/09-00:14:15-GMT  BuildTime: Aug  4 2022 06:17:15  BuildStamp: freesurfer-linux-ubuntu22_x86_64-7.3.2-20220804-6354275  User: oesteban  Machine: dna029  Platform: Linux  PlatformVersion: 5.14.0-427.37.1.el9_4.x86_64  CompilerName: GCC  CompilerVersion: 8.4.0
ProgramName: mri_aparc2aseg  ProgramArguments: mri_aparc2aseg -all-info  ProgramVersion: 7.3.2  TimeStamp: 2026/03/09-00:14:15-GMT  BuildTime: Aug  4 2022 06:17:15  BuildStamp: freesurfer-linux-ubuntu22_x86_64-7.3.2-20220804-6354275  User: oesteban  Machine: dna029  Platform: Linux  PlatformVersion: 5.14.0-427.37.1.el9_4.x86_64  CompilerName: GCC  CompilerVersion: 8.4.0
ProgramName: mri_surf2volseg  ProgramArguments: mri_surf2volseg -all-info  ProgramVersion: 7.3.2  TimeStamp: 2026/03/09-00:14:15-GMT  BuildTime: Aug  4 2022 06:17:15  BuildStamp: freesurfer-linux-ubuntu22_x86_64-7.3.2-20220804-6354275  User: oesteban  Machine: dna029  Platform: Linux  PlatformVersion: 5.14.0-427.37.1.el9_4.x86_64  CompilerName: GCC  CompilerVersion: 8.4.0
ProgramName: mri_binarize  ProgramArguments: mri_binarize -all-info  ProgramVersion: 7.3.2  TimeStamp: 2026/03/09-00:14:15-GMT  BuildTime: Aug  4 2022 06:17:15  BuildStamp: freesurfer-linux-ubuntu22_x86_64-7.3.2-20220804-6354275  User: oesteban  Machine: dna029  Platform: Linux  PlatformVersion: 5.14.0-427.37.1.el9_4.x86_64  CompilerName: GCC  CompilerVersion: 8.4.0
ProgramName: mri_ca_label  ProgramArguments: mri_ca_label -all-info  ProgramVersion: 7.3.2  TimeStamp: 2026/03/09-00:14:15-GMT  BuildTime: Aug  4 2022 06:17:15  BuildStamp: freesurfer-linux-ubuntu22_x86_64-7.3.2-20220804-6354275  User: oesteban  Machine: dna029  Platform: Linux  PlatformVersion: 5.14.0-427.37.1.el9_4.x86_64  CompilerName: GCC  CompilerVersion: 8.4.0
ProgramName: mri_ca_normalize  ProgramArguments: mri_ca_normalize -all-info  ProgramVersion: 7.3.2  TimeStamp: 2026/03/09-00:14:15-GMT  BuildTime: Aug  4 2022 06:17:15  BuildStamp: freesurfer-linux-ubuntu22_x86_64-7.3.2-20220804-6354275  User: oesteban  Machine: dna029  Platform: Linux  PlatformVersion: 5.14.0-427.37.1.el9_4.x86_64  CompilerName: GCC  CompilerVersion: 8.4.0
ProgramName: mri_ca_register  ProgramArguments: mri_ca_register -all-info  ProgramVersion: 7.3.2  TimeStamp: 2026/03/09-00:14:15-GMT  BuildTime: Aug  4 2022 06:17:15  BuildStamp: freesurfer-linux-ubuntu22_x86_64-7.3.2-20220804-6354275  User: oesteban  Machine: dna029  Platform: Linux  PlatformVersion: 5.14.0-427.37.1.el9_4.x86_64  CompilerName: GCC  CompilerVersion: 8.4.0
ProgramName: mri_cc  ProgramArguments: mri_cc -all-info  ProgramVersion: 7.3.2  TimeStamp: 2026/03/09-00:14:15-GMT  BuildTime: Aug  4 2022 06:17:15  BuildStamp: freesurfer-linux-ubuntu22_x86_64-7.3.2-20220804-6354275  User: oesteban  Machine: dna029  Platform: Linux  PlatformVersion: 5.14.0-427.37.1.el9_4.x86_64  CompilerName: GCC  CompilerVersion: 8.4.0
ProgramName: mri_compute_overlap  ProgramArguments: mri_compute_overlap -all-info  ProgramVersion: 7.3.2  TimeStamp: 2026/03/09-00:14:15-GMT  BuildTime: Aug  4 2022 06:17:15  BuildStamp: freesurfer-linux-ubuntu22_x86_64-7.3.2-20220804-6354275  User: oesteban  Machine: dna029  Platform: Linux  PlatformVersion: 5.14.0-427.37.1.el9_4.x86_64  CompilerName: GCC  CompilerVersion: 8.4.0
ProgramName: mri_compute_seg_overlap  ProgramArguments: mri_compute_seg_overlap -all-info  ProgramVersion: 7.3.2  TimeStamp: 2026/03/09-00:14:15-GMT  BuildTime: Aug  4 2022 06:17:15  BuildStamp: freesurfer-linux-ubuntu22_x86_64-7.3.2-20220804-6354275  User: oesteban  Machine: dna029  Platform: Linux  PlatformVersion: 5.14.0-427.37.1.el9_4.x86_64  CompilerName: GCC  CompilerVersion: 8.4.0
ProgramName: mri_concat  ProgramArguments: mri_concat -all-info  ProgramVersion: 7.3.2  TimeStamp: 2026/03/09-00:14:15-GMT  BuildTime: Aug  4 2022 06:17:15  BuildStamp: freesurfer-linux-ubuntu22_x86_64-7.3.2-20220804-6354275  User: oesteban  Machine: dna029  Platform: Linux  PlatformVersion: 5.14.0-427.37.1.el9_4.x86_64  CompilerName: GCC  CompilerVersion: 8.4.0
ProgramName: mri_concatenate_lta  ProgramArguments: mri_concatenate_lta -all-info  ProgramVersion: 7.3.2  TimeStamp: 2026/03/09-00:14:15-GMT  BuildTime: Aug  4 2022 06:17:15  BuildStamp: freesurfer-linux-ubuntu22_x86_64-7.3.2-20220804-6354275  User: oesteban  Machine: dna029  Platform: Linux  PlatformVersion: 5.14.0-427.37.1.el9_4.x86_64  CompilerName: GCC  CompilerVersion: 8.4.0
mri_convert -all-info 
ProgramName: mri_convert  ProgramArguments: mri_convert -all-info  ProgramVersion: 7.3.2  TimeStamp: 2026/03/09-00:14:15-GMT  BuildTime: Aug  4 2022 06:17:15  BuildStamp: freesurfer-linux-ubuntu22_x86_64-7.3.2-20220804-6354275  User: oesteban  Machine: dna029  Platform: Linux  PlatformVersion: 5.14.0-427.37.1.el9_4.x86_64  CompilerName: GCC  CompilerVersion: 8.4.0
ProgramName: mri_diff  ProgramArguments: mri_diff -all-info  ProgramVersion: 7.3.2  TimeStamp: 2026/03/09-00:14:15-GMT  BuildTime: Aug  4 2022 06:17:15  BuildStamp: freesurfer-linux-ubuntu22_x86_64-7.3.2-20220804-6354275  User: oesteban  Machine: dna029  Platform: Linux  PlatformVersion: 5.14.0-427.37.1.el9_4.x86_64  CompilerName: GCC  CompilerVersion: 8.4.0
ProgramName: mri_edit_wm_with_aseg  ProgramArguments: mri_edit_wm_with_aseg -all-info  ProgramVersion: 7.3.2  TimeStamp: 2026/03/09-00:14:15-GMT  BuildTime: Aug  4 2022 06:17:15  BuildStamp: freesurfer-linux-ubuntu22_x86_64-7.3.2-20220804-6354275  User: oesteban  Machine: dna029  Platform: Linux  PlatformVersion: 5.14.0-427.37.1.el9_4.x86_64  CompilerName: GCC  CompilerVersion: 8.4.0
ProgramName: mri_em_register  ProgramArguments: mri_em_register -all-info  ProgramVersion: 7.3.2  TimeStamp: 2026/03/09-00:14:15-GMT  BuildTime: Aug  4 2022 06:17:15  BuildStamp: freesurfer-linux-ubuntu22_x86_64-7.3.2-20220804-6354275  User: oesteban  Machine: dna029  Platform: Linux  PlatformVersion: 5.14.0-427.37.1.el9_4.x86_64  CompilerName: GCC  CompilerVersion: 8.4.0
ProgramName: mri_fill  ProgramArguments: mri_fill -all-info  ProgramVersion: 7.3.2  TimeStamp: 2026/03/09-00:14:15-GMT  BuildTime: Aug  4 2022 06:17:15  BuildStamp: freesurfer-linux-ubuntu22_x86_64-7.3.2-20220804-6354275  User: oesteban  Machine: dna029  Platform: Linux  PlatformVersion: 5.14.0-427.37.1.el9_4.x86_64  CompilerName: GCC  CompilerVersion: 8.4.0
ProgramName: mri_fuse_segmentations  ProgramArguments: mri_fuse_segmentations -all-info  ProgramVersion: 7.3.2  TimeStamp: 2026/03/09-00:14:15-GMT  BuildTime: Aug  4 2022 06:17:15  BuildStamp: freesurfer-linux-ubuntu22_x86_64-7.3.2-20220804-6354275  User: oesteban  Machine: dna029  Platform: Linux  PlatformVersion: 5.14.0-427.37.1.el9_4.x86_64  CompilerName: GCC  CompilerVersion: 8.4.0
ProgramName: mri_fwhm  ProgramArguments: mri_fwhm -all-info  ProgramVersion: 7.3.2  TimeStamp: 2026/03/09-00:14:15-GMT  BuildTime: Aug  4 2022 06:17:15  BuildStamp: freesurfer-linux-ubuntu22_x86_64-7.3.2-20220804-6354275  User: oesteban  Machine: dna029  Platform: Linux  PlatformVersion: 5.14.0-427.37.1.el9_4.x86_64  CompilerName: GCC  CompilerVersion: 8.4.0
ProgramName: mri_gcut  ProgramArguments: mri_gcut -all-info  ProgramVersion: 7.3.2  TimeStamp: 2026/03/09-00:14:15-GMT  BuildTime: Aug  4 2022 06:17:15  BuildStamp: freesurfer-linux-ubuntu22_x86_64-7.3.2-20220804-6354275  User: oesteban  Machine: dna029  Platform: Linux  PlatformVersion: 5.14.0-427.37.1.el9_4.x86_64  CompilerName: GCC  CompilerVersion: 8.4.0
ProgramName: mri_info  ProgramArguments: mri_info -all-info  ProgramVersion: 7.3.2  TimeStamp: 2026/03/09-00:14:15-GMT  BuildTime: Aug  4 2022 06:17:15  BuildStamp: freesurfer-linux-ubuntu22_x86_64-7.3.2-20220804-6354275  User: oesteban  Machine: dna029  Platform: Linux  PlatformVersion: 5.14.0-427.37.1.el9_4.x86_64  CompilerName: GCC  CompilerVersion: 8.4.0
ProgramName: mri_label2label  ProgramArguments: mri_label2label -all-info  ProgramVersion: 7.3.2  TimeStamp: 2026/03/09-00:14:15-GMT  BuildTime: Aug  4 2022 06:17:15  BuildStamp: freesurfer-linux-ubuntu22_x86_64-7.3.2-20220804-6354275  User: oesteban  Machine: dna029  Platform: Linux  PlatformVersion: 5.14.0-427.37.1.el9_4.x86_64  CompilerName: GCC  CompilerVersion: 8.4.0
ProgramName: mri_label2vol  ProgramArguments: mri_label2vol -all-info  ProgramVersion: 7.3.2  TimeStamp: 2026/03/09-00:14:15-GMT  BuildTime: Aug  4 2022 06:17:15  BuildStamp: freesurfer-linux-ubuntu22_x86_64-7.3.2-20220804-6354275  User: oesteban  Machine: dna029  Platform: Linux  PlatformVersion: 5.14.0-427.37.1.el9_4.x86_64  CompilerName: GCC  CompilerVersion: 8.4.0
ProgramName: mri_log_likelihood  ProgramArguments: mri_log_likelihood -all-info  ProgramVersion: 7.3.2  TimeStamp: 2026/03/09-00:14:15-GMT  BuildTime: Aug  4 2022 06:17:15  BuildStamp: freesurfer-linux-ubuntu22_x86_64-7.3.2-20220804-6354275  User: oesteban  Machine: dna029  Platform: Linux  PlatformVersion: 5.14.0-427.37.1.el9_4.x86_64  CompilerName: GCC  CompilerVersion: 8.4.0
ProgramName: mri_mask  ProgramArguments: mri_mask -all-info  ProgramVersion: 7.3.2  TimeStamp: 2026/03/09-00:14:15-GMT  BuildTime: Aug  4 2022 06:17:15  BuildStamp: freesurfer-linux-ubuntu22_x86_64-7.3.2-20220804-6354275  User: oesteban  Machine: dna029  Platform: Linux  PlatformVersion: 5.14.0-427.37.1.el9_4.x86_64  CompilerName: GCC  CompilerVersion: 8.4.0
ProgramName: mri_matrix_multiply  ProgramArguments: mri_matrix_multiply -all-info  ProgramVersion: 7.3.2  TimeStamp: 2026/03/09-00:14:15-GMT  BuildTime: Aug  4 2022 06:17:15  BuildStamp: freesurfer-linux-ubuntu22_x86_64-7.3.2-20220804-6354275  User: oesteban  Machine: dna029  Platform: Linux  PlatformVersion: 5.14.0-427.37.1.el9_4.x86_64  CompilerName: GCC  CompilerVersion: 8.4.0
ProgramName: mri_normalize  ProgramArguments: mri_normalize -all-info  ProgramVersion: 7.3.2  TimeStamp: 2026/03/09-00:14:15-GMT  BuildTime: Aug  4 2022 06:17:15  BuildStamp: freesurfer-linux-ubuntu22_x86_64-7.3.2-20220804-6354275  User: oesteban  Machine: dna029  Platform: Linux  PlatformVersion: 5.14.0-427.37.1.el9_4.x86_64  CompilerName: GCC  CompilerVersion: 8.4.0
ProgramName: mri_normalize_tp2  ProgramArguments: mri_normalize_tp2 -all-info  ProgramVersion: 7.3.2  TimeStamp: 2026/03/09-00:14:15-GMT  BuildTime: Aug  4 2022 06:17:15  BuildStamp: freesurfer-linux-ubuntu22_x86_64-7.3.2-20220804-6354275  User: oesteban  Machine: dna029  Platform: Linux  PlatformVersion: 5.14.0-427.37.1.el9_4.x86_64  CompilerName: GCC  CompilerVersion: 8.4.0
ProgramName: mri_or  ProgramArguments: mri_or -all-info  ProgramVersion: 7.3.2  TimeStamp: 2026/03/09-00:14:15-GMT  BuildTime: Aug  4 2022 06:17:15  BuildStamp: freesurfer-linux-ubuntu22_x86_64-7.3.2-20220804-6354275  User: oesteban  Machine: dna029  Platform: Linux  PlatformVersion: 5.14.0-427.37.1.el9_4.x86_64  CompilerName: GCC  CompilerVersion: 8.4.0
ProgramName: mri_relabel_hypointensities  ProgramArguments: mri_relabel_hypointensities -all-info  ProgramVersion: 7.3.2  TimeStamp: 2026/03/09-00:14:15-GMT  BuildTime: Aug  4 2022 06:17:15  BuildStamp: freesurfer-linux-ubuntu22_x86_64-7.3.2-20220804-6354275  User: oesteban  Machine: dna029  Platform: Linux  PlatformVersion: 5.14.0-427.37.1.el9_4.x86_64  CompilerName: GCC  CompilerVersion: 8.4.0
ProgramName: mri_relabel_nonwm_hypos  ProgramArguments: mri_relabel_nonwm_hypos -all-info  ProgramVersion: 7.3.2  TimeStamp: 2026/03/09-00:14:15-GMT  BuildTime: Aug  4 2022 06:17:15  BuildStamp: freesurfer-linux-ubuntu22_x86_64-7.3.2-20220804-6354275  User: oesteban  Machine: dna029  Platform: Linux  PlatformVersion: 5.14.0-427.37.1.el9_4.x86_64  CompilerName: GCC  CompilerVersion: 8.4.0
ProgramName: mri_remove_neck  ProgramArguments: mri_remove_neck -all-info  ProgramVersion: 7.3.2  TimeStamp: 2026/03/09-00:14:15-GMT  BuildTime: Aug  4 2022 06:17:15  BuildStamp: freesurfer-linux-ubuntu22_x86_64-7.3.2-20220804-6354275  User: oesteban  Machine: dna029  Platform: Linux  PlatformVersion: 5.14.0-427.37.1.el9_4.x86_64  CompilerName: GCC  CompilerVersion: 8.4.0
7.3.2

ProgramName: mri_robust_register  ProgramArguments: mri_robust_register -all-info  ProgramVersion: 7.3.2  TimeStamp: 2026/03/09-00:14:15-GMT  BuildTime: Aug  4 2022 06:17:15  BuildStamp: freesurfer-linux-ubuntu22_x86_64-7.3.2-20220804-6354275  User: oesteban  Machine: dna029  Platform: Linux  PlatformVersion: 5.14.0-427.37.1.el9_4.x86_64  CompilerName: GCC  CompilerVersion: 8.4.0
7.3.2

ProgramName: mri_robust_template  ProgramArguments: mri_robust_template -all-info  ProgramVersion: 7.3.2  TimeStamp: 2026/03/09-00:14:15-GMT  BuildTime: Aug  4 2022 06:17:15  BuildStamp: freesurfer-linux-ubuntu22_x86_64-7.3.2-20220804-6354275  User: oesteban  Machine: dna029  Platform: Linux  PlatformVersion: 5.14.0-427.37.1.el9_4.x86_64  CompilerName: GCC  CompilerVersion: 8.4.0
ProgramName: mris_anatomical_stats  ProgramArguments: mris_anatomical_stats -all-info  ProgramVersion: 7.3.2  TimeStamp: 2026/03/09-00:14:15-GMT  BuildTime: Aug  4 2022 06:17:15  BuildStamp: freesurfer-linux-ubuntu22_x86_64-7.3.2-20220804-6354275  User: oesteban  Machine: dna029  Platform: Linux  PlatformVersion: 5.14.0-427.37.1.el9_4.x86_64  CompilerName: GCC  CompilerVersion: 8.4.0
ProgramName: mris_ca_label  ProgramArguments: mris_ca_label -all-info  ProgramVersion: 7.3.2  TimeStamp: 2026/03/09-00:14:15-GMT  BuildTime: Aug  4 2022 06:17:15  BuildStamp: freesurfer-linux-ubuntu22_x86_64-7.3.2-20220804-6354275  User: oesteban  Machine: dna029  Platform: Linux  PlatformVersion: 5.14.0-427.37.1.el9_4.x86_64  CompilerName: GCC  CompilerVersion: 8.4.0
ProgramName: mris_calc  ProgramArguments: mris_calc -all-info  ProgramVersion: 7.3.2  TimeStamp: 2026/03/09-00:14:15-GMT  BuildTime: Aug  4 2022 06:17:15  BuildStamp: freesurfer-linux-ubuntu22_x86_64-7.3.2-20220804-6354275  User: oesteban  Machine: dna029  Platform: Linux  PlatformVersion: 5.14.0-427.37.1.el9_4.x86_64  CompilerName: GCC  CompilerVersion: 8.4.0
ProgramName: mris_convert  ProgramArguments: mris_convert -all-info  ProgramVersion: 7.3.2  TimeStamp: 2026/03/09-00:14:15-GMT  BuildTime: Aug  4 2022 06:17:15  BuildStamp: freesurfer-linux-ubuntu22_x86_64-7.3.2-20220804-6354275  User: oesteban  Machine: dna029  Platform: Linux  PlatformVersion: 5.14.0-427.37.1.el9_4.x86_64  CompilerName: GCC  CompilerVersion: 8.4.0
ProgramName: mris_curvature  ProgramArguments: mris_curvature -all-info  ProgramVersion: 7.3.2  TimeStamp: 2026/03/09-00:14:15-GMT  BuildTime: Aug  4 2022 06:17:15  BuildStamp: freesurfer-linux-ubuntu22_x86_64-7.3.2-20220804-6354275  User: oesteban  Machine: dna029  Platform: Linux  PlatformVersion: 5.14.0-427.37.1.el9_4.x86_64  CompilerName: GCC  CompilerVersion: 8.4.0
ProgramName: mris_curvature_stats  ProgramArguments: mris_curvature_stats -all-info  ProgramVersion: 7.3.2  TimeStamp: 2026/03/09-00:14:15-GMT  BuildTime: Aug  4 2022 06:17:15  BuildStamp: freesurfer-linux-ubuntu22_x86_64-7.3.2-20220804-6354275  User: oesteban  Machine: dna029  Platform: Linux  PlatformVersion: 5.14.0-427.37.1.el9_4.x86_64  CompilerName: GCC  CompilerVersion: 8.4.0
ProgramName: mris_diff  ProgramArguments: mris_diff -all-info  ProgramVersion: 7.3.2  TimeStamp: 2026/03/09-00:14:15-GMT  BuildTime: Aug  4 2022 06:17:15  BuildStamp: freesurfer-linux-ubuntu22_x86_64-7.3.2-20220804-6354275  User: oesteban  Machine: dna029  Platform: Linux  PlatformVersion: 5.14.0-427.37.1.el9_4.x86_64  CompilerName: GCC  CompilerVersion: 8.4.0
ProgramName: mris_divide_parcellation  ProgramArguments: mris_divide_parcellation -all-info  ProgramVersion: 7.3.2  TimeStamp: 2026/03/09-00:14:15-GMT  BuildTime: Aug  4 2022 06:17:15  BuildStamp: freesurfer-linux-ubuntu22_x86_64-7.3.2-20220804-6354275  User: oesteban  Machine: dna029  Platform: Linux  PlatformVersion: 5.14.0-427.37.1.el9_4.x86_64  CompilerName: GCC  CompilerVersion: 8.4.0
ProgramName: mri_segment  ProgramArguments: mri_segment -all-info  ProgramVersion: 7.3.2  TimeStamp: 2026/03/09-00:14:15-GMT  BuildTime: Aug  4 2022 06:17:15  BuildStamp: freesurfer-linux-ubuntu22_x86_64-7.3.2-20220804-6354275  User: oesteban  Machine: dna029  Platform: Linux  PlatformVersion: 5.14.0-427.37.1.el9_4.x86_64  CompilerName: GCC  CompilerVersion: 8.4.0
ProgramName: mri_segstats  ProgramArguments: mri_segstats -all-info  ProgramVersion: 7.3.2  TimeStamp: 2026/03/09-00:14:15-GMT  BuildTime: Aug  4 2022 06:17:15  BuildStamp: freesurfer-linux-ubuntu22_x86_64-7.3.2-20220804-6354275  User: oesteban  Machine: dna029  Platform: Linux  PlatformVersion: 5.14.0-427.37.1.el9_4.x86_64  CompilerName: GCC  CompilerVersion: 8.4.0
ProgramName: mris_euler_number  ProgramArguments: mris_euler_number -all-info  ProgramVersion: 7.3.2  TimeStamp: 2026/03/09-00:14:15-GMT  BuildTime: Aug  4 2022 06:17:15  BuildStamp: freesurfer-linux-ubuntu22_x86_64-7.3.2-20220804-6354275  User: oesteban  Machine: dna029  Platform: Linux  PlatformVersion: 5.14.0-427.37.1.el9_4.x86_64  CompilerName: GCC  CompilerVersion: 8.4.0
ProgramName: mris_fix_topology  ProgramArguments: mris_fix_topology -all-info  ProgramVersion: 7.3.2  TimeStamp: 2026/03/09-00:14:15-GMT  BuildTime: Aug  4 2022 06:17:15  BuildStamp: freesurfer-linux-ubuntu22_x86_64-7.3.2-20220804-6354275  User: oesteban  Machine: dna029  Platform: Linux  PlatformVersion: 5.14.0-427.37.1.el9_4.x86_64  CompilerName: GCC  CompilerVersion: 8.4.0
ProgramName: mris_topo_fixer  ProgramArguments: mris_topo_fixer -all-info  ProgramVersion: 7.3.2  TimeStamp: 2026/03/09-00:14:15-GMT  BuildTime: Aug  4 2022 06:17:15  BuildStamp: freesurfer-linux-ubuntu22_x86_64-7.3.2-20220804-6354275  User: oesteban  Machine: dna029  Platform: Linux  PlatformVersion: 5.14.0-427.37.1.el9_4.x86_64  CompilerName: GCC  CompilerVersion: 8.4.0
ProgramName: mris_jacobian  ProgramArguments: mris_jacobian -all-info  ProgramVersion: 7.3.2  TimeStamp: 2026/03/09-00:14:15-GMT  BuildTime: Aug  4 2022 06:17:15  BuildStamp: freesurfer-linux-ubuntu22_x86_64-7.3.2-20220804-6354275  User: oesteban  Machine: dna029  Platform: Linux  PlatformVersion: 5.14.0-427.37.1.el9_4.x86_64  CompilerName: GCC  CompilerVersion: 8.4.0
ProgramName: mris_label2annot  ProgramArguments: mris_label2annot -all-info  ProgramVersion: 7.3.2  TimeStamp: 2026/03/09-00:14:15-GMT  BuildTime: Aug  4 2022 06:17:15  BuildStamp: freesurfer-linux-ubuntu22_x86_64-7.3.2-20220804-6354275  User: oesteban  Machine: dna029  Platform: Linux  PlatformVersion: 5.14.0-427.37.1.el9_4.x86_64  CompilerName: GCC  CompilerVersion: 8.4.0
ProgramName: mris_left_right_register  ProgramArguments: mris_left_right_register -all-info  ProgramVersion: 7.3.2  TimeStamp: 2026/03/09-00:14:15-GMT  BuildTime: Aug  4 2022 06:17:15  BuildStamp: freesurfer-linux-ubuntu22_x86_64-7.3.2-20220804-6354275  User: oesteban  Machine: dna029  Platform: Linux  PlatformVersion: 5.14.0-427.37.1.el9_4.x86_64  CompilerName: GCC  CompilerVersion: 8.4.0
ProgramName: mris_place_surface  ProgramArguments: mris_place_surface -all-info  ProgramVersion: 7.3.2  TimeStamp: 2026/03/09-00:14:15-GMT  BuildTime: Aug  4 2022 06:17:15  BuildStamp: freesurfer-linux-ubuntu22_x86_64-7.3.2-20220804-6354275  User: oesteban  Machine: dna029  Platform: Linux  PlatformVersion: 5.14.0-427.37.1.el9_4.x86_64  CompilerName: GCC  CompilerVersion: 8.4.0
ProgramName: mrisp_paint  ProgramArguments: mrisp_paint -all-info  ProgramVersion: 7.3.2  TimeStamp: 2026/03/09-00:14:15-GMT  BuildTime: Aug  4 2022 06:17:15  BuildStamp: freesurfer-linux-ubuntu22_x86_64-7.3.2-20220804-6354275  User: oesteban  Machine: dna029  Platform: Linux  PlatformVersion: 5.14.0-427.37.1.el9_4.x86_64  CompilerName: GCC  CompilerVersion: 8.4.0
ProgramName: mris_register  ProgramArguments: mris_register -all-info  ProgramVersion: 7.3.2  TimeStamp: 2026/03/09-00:14:15-GMT  BuildTime: Aug  4 2022 06:17:15  BuildStamp: freesurfer-linux-ubuntu22_x86_64-7.3.2-20220804-6354275  User: oesteban  Machine: dna029  Platform: Linux  PlatformVersion: 5.14.0-427.37.1.el9_4.x86_64  CompilerName: GCC  CompilerVersion: 8.4.0
ProgramName: mris_smooth  ProgramArguments: mris_smooth -all-info  ProgramVersion: 7.3.2  TimeStamp: 2026/03/09-00:14:15-GMT  BuildTime: Aug  4 2022 06:17:15  BuildStamp: freesurfer-linux-ubuntu22_x86_64-7.3.2-20220804-6354275  User: oesteban  Machine: dna029  Platform: Linux  PlatformVersion: 5.14.0-427.37.1.el9_4.x86_64  CompilerName: GCC  CompilerVersion: 8.4.0
ProgramName: mris_sphere  ProgramArguments: mris_sphere -all-info  ProgramVersion: 7.3.2  TimeStamp: 2026/03/09-00:14:15-GMT  BuildTime: Aug  4 2022 06:17:15  BuildStamp: freesurfer-linux-ubuntu22_x86_64-7.3.2-20220804-6354275  User: oesteban  Machine: dna029  Platform: Linux  PlatformVersion: 5.14.0-427.37.1.el9_4.x86_64  CompilerName: GCC  CompilerVersion: 8.4.0
ProgramName: mris_surface_stats  ProgramArguments: mris_surface_stats -all-info  ProgramVersion: 7.3.2  TimeStamp: 2026/03/09-00:14:15-GMT  BuildTime: Aug  4 2022 06:17:15  BuildStamp: freesurfer-linux-ubuntu22_x86_64-7.3.2-20220804-6354275  User: oesteban  Machine: dna029  Platform: Linux  PlatformVersion: 5.14.0-427.37.1.el9_4.x86_64  CompilerName: GCC  CompilerVersion: 8.4.0
ProgramName: mri_stats2seg  ProgramArguments: mri_stats2seg -all-info  ProgramVersion: 7.3.2  TimeStamp: 2026/03/09-00:14:15-GMT  BuildTime: Aug  4 2022 06:17:15  BuildStamp: freesurfer-linux-ubuntu22_x86_64-7.3.2-20220804-6354275  User: oesteban  Machine: dna029  Platform: Linux  PlatformVersion: 5.14.0-427.37.1.el9_4.x86_64  CompilerName: GCC  CompilerVersion: 8.4.0
ProgramName: mris_thickness  ProgramArguments: mris_thickness -all-info  ProgramVersion: 7.3.2  TimeStamp: 2026/03/09-00:14:15-GMT  BuildTime: Aug  4 2022 06:17:15  BuildStamp: freesurfer-linux-ubuntu22_x86_64-7.3.2-20220804-6354275  User: oesteban  Machine: dna029  Platform: Linux  PlatformVersion: 5.14.0-427.37.1.el9_4.x86_64  CompilerName: GCC  CompilerVersion: 8.4.0
ProgramName: mris_thickness_diff  ProgramArguments: mris_thickness_diff -all-info  ProgramVersion: 7.3.2  TimeStamp: 2026/03/09-00:14:15-GMT  BuildTime: Aug  4 2022 06:17:15  BuildStamp: freesurfer-linux-ubuntu22_x86_64-7.3.2-20220804-6354275  User: oesteban  Machine: dna029  Platform: Linux  PlatformVersion: 5.14.0-427.37.1.el9_4.x86_64  CompilerName: GCC  CompilerVersion: 8.4.0
ProgramName: mris_topo_fixer  ProgramArguments: mris_topo_fixer -all-info  ProgramVersion: 7.3.2  TimeStamp: 2026/03/09-00:14:15-GMT  BuildTime: Aug  4 2022 06:17:15  BuildStamp: freesurfer-linux-ubuntu22_x86_64-7.3.2-20220804-6354275  User: oesteban  Machine: dna029  Platform: Linux  PlatformVersion: 5.14.0-427.37.1.el9_4.x86_64  CompilerName: GCC  CompilerVersion: 8.4.0
ProgramName: mri_surf2surf  ProgramArguments: mri_surf2surf -all-info  ProgramVersion: 7.3.2  TimeStamp: 2026/03/09-00:14:15-GMT  BuildTime: Aug  4 2022 06:17:15  BuildStamp: freesurfer-linux-ubuntu22_x86_64-7.3.2-20220804-6354275  User: oesteban  Machine: dna029  Platform: Linux  PlatformVersion: 5.14.0-427.37.1.el9_4.x86_64  CompilerName: GCC  CompilerVersion: 8.4.0
ProgramName: mri_surf2vol  ProgramArguments: mri_surf2vol -all-info  ProgramVersion: 7.3.2  TimeStamp: 2026/03/09-00:14:16-GMT  BuildTime: Aug  4 2022 06:17:15  BuildStamp: freesurfer-linux-ubuntu22_x86_64-7.3.2-20220804-6354275  User: oesteban  Machine: dna029  Platform: Linux  PlatformVersion: 5.14.0-427.37.1.el9_4.x86_64  CompilerName: GCC  CompilerVersion: 8.4.0
ProgramName: mri_surfcluster  ProgramArguments: mri_surfcluster -all-info  ProgramVersion: 7.3.2  TimeStamp: 2026/03/09-00:14:16-GMT  BuildTime: Aug  4 2022 06:17:15  BuildStamp: freesurfer-linux-ubuntu22_x86_64-7.3.2-20220804-6354275  User: oesteban  Machine: dna029  Platform: Linux  PlatformVersion: 5.14.0-427.37.1.el9_4.x86_64  CompilerName: GCC  CompilerVersion: 8.4.0
ProgramName: mris_volmask  ProgramArguments: mris_volmask -all-info  ProgramVersion: 7.3.2  TimeStamp: 2026/03/09-00:14:16-GMT  BuildTime: Aug  4 2022 06:17:15  BuildStamp: freesurfer-linux-ubuntu22_x86_64-7.3.2-20220804-6354275  User: oesteban  Machine: dna029  Platform: Linux  PlatformVersion: 5.14.0-427.37.1.el9_4.x86_64  CompilerName: GCC  CompilerVersion: 8.4.0
ProgramName: mri_tessellate  ProgramArguments: mri_tessellate -all-info  ProgramVersion: 7.3.2  TimeStamp: 2026/03/09-00:14:16-GMT  BuildTime: Aug  4 2022 06:17:15  BuildStamp: freesurfer-linux-ubuntu22_x86_64-7.3.2-20220804-6354275  User: oesteban  Machine: dna029  Platform: Linux  PlatformVersion: 5.14.0-427.37.1.el9_4.x86_64  CompilerName: GCC  CompilerVersion: 8.4.0
ProgramName: mri_vol2surf  ProgramArguments: mri_vol2surf -all-info  ProgramVersion: 7.3.2  TimeStamp: 2026/03/09-00:14:16-GMT  BuildTime: Aug  4 2022 06:17:15  BuildStamp: freesurfer-linux-ubuntu22_x86_64-7.3.2-20220804-6354275  User: oesteban  Machine: dna029  Platform: Linux  PlatformVersion: 5.14.0-427.37.1.el9_4.x86_64  CompilerName: GCC  CompilerVersion: 8.4.0
ProgramName: mri_vol2vol  ProgramArguments: mri_vol2vol -all-info  ProgramVersion: 7.3.2  TimeStamp: 2026/03/09-00:14:16-GMT  BuildTime: Aug  4 2022 06:17:15  BuildStamp: freesurfer-linux-ubuntu22_x86_64-7.3.2-20220804-6354275  User: oesteban  Machine: dna029  Platform: Linux  PlatformVersion: 5.14.0-427.37.1.el9_4.x86_64  CompilerName: GCC  CompilerVersion: 8.4.0
ProgramName: mri_voldiff  ProgramArguments: mri_voldiff -all-info  ProgramVersion: 7.3.2  TimeStamp: 2026/03/09-00:14:16-GMT  BuildTime: Aug  4 2022 06:17:15  BuildStamp: freesurfer-linux-ubuntu22_x86_64-7.3.2-20220804-6354275  User: oesteban  Machine: dna029  Platform: Linux  PlatformVersion: 5.14.0-427.37.1.el9_4.x86_64  CompilerName: GCC  CompilerVersion: 8.4.0
ProgramName: mri_watershed  ProgramArguments: mri_watershed -all-info  ProgramVersion: 7.3.2  TimeStamp: 2026/03/09-00:14:16-GMT  BuildTime: Aug  4 2022 06:17:15  BuildStamp: freesurfer-linux-ubuntu22_x86_64-7.3.2-20220804-6354275  User: oesteban  Machine: dna029  Platform: Linux  PlatformVersion: 5.14.0-427.37.1.el9_4.x86_64  CompilerName: GCC  CompilerVersion: 8.4.0
ProgramName: tkregister2  ProgramArguments: tkregister2_cmdl -all-info  ProgramVersion: 7.3.2  TimeStamp: 2026/03/09-00:14:16-GMT  BuildTime: Aug  4 2022 06:17:15  BuildStamp: freesurfer-linux-ubuntu22_x86_64-7.3.2-20220804-6354275  User: oesteban  Machine: dna029  Platform: Linux  PlatformVersion: 5.14.0-427.37.1.el9_4.x86_64  CompilerName: GCC  CompilerVersion: 8.4.0
mri_motion_correct.fsl 7.3.2
mri_convert -all-info 
ProgramName: mri_convert  ProgramArguments: mri_convert -all-info  ProgramVersion: 7.3.2  TimeStamp: 2026/03/09-00:14:16-GMT  BuildTime: Aug  4 2022 06:17:15  BuildStamp: freesurfer-linux-ubuntu22_x86_64-7.3.2-20220804-6354275  User: oesteban  Machine: dna029  Platform: Linux  PlatformVersion: 5.14.0-427.37.1.el9_4.x86_64  CompilerName: GCC  CompilerVersion: 8.4.0
Program nu_correct, built from:
Package MNI N3, version 1.12.0, compiled by nicks@terrier (x86_64-unknown-linux-gnu) on 2015-06-19 at 01:25:34
#######################################
GCADIR /opt/freesurfer/average
GCA RB_all_2020-01-02.gca
GCASkull RB_all_withskull_2020_01_02.gca
AvgCurvTif folding.atlas.acfb40.noaparc.i12.2016-08-02.tif
GCSDIR /opt/freesurfer/average
GCS DKaparc.atlas.acfb40.noaparc.i12.2016-08-02.gcs
#######################################
#--------------------------------------------
#@# WhiteSurfs lh Mon Mar  9 01:14:16 CET 2026
cd /out/sourcedata/freesurfer/sub-v1s16x0051176_ses-1/mri
mris_place_surface --adgws-in ../surf/autodet.gw.stats.lh.dat --seg aseg.presurf.mgz --threads 16 --wm wm.mgz --invol brain.finalsurfs.mgz --lh --i ../surf/lh.white.preaparc --o ../surf/lh.white --white --nsmooth 0 --rip-label ../label/lh.cortex.label --rip-bg --rip-surf ../surf/lh.white.preaparc --aparc ../label/lh.aparc.annot
   Update not needed
#--------------------------------------------
#@# WhiteSurfs rh Mon Mar  9 01:14:16 CET 2026
cd /out/sourcedata/freesurfer/sub-v1s16x0051176_ses-1/mri
mris_place_surface --adgws-in ../surf/autodet.gw.stats.rh.dat --seg aseg.presurf.mgz --threads 16 --wm wm.mgz --invol brain.finalsurfs.mgz --rh --i ../surf/rh.white.preaparc --o ../surf/rh.white --white --nsmooth 0 --rip-label ../label/rh.cortex.label --rip-bg --rip-surf ../surf/rh.white.preaparc --aparc ../label/rh.aparc.annot
   Update not needed
#@# white curv lh Mon Mar  9 01:14:16 CET 2026
cd /out/sourcedata/freesurfer/sub-v1s16x0051176_ses-1/mri
mris_place_surface --curv-map ../surf/lh.white 2 10 ../surf/lh.curv
   Update not needed
#@# white area lh Mon Mar  9 01:14:16 CET 2026
cd /out/sourcedata/freesurfer/sub-v1s16x0051176_ses-1/mri
mris_place_surface --area-map ../surf/lh.white ../surf/lh.area
   Update not needed
#@# pial curv lh Mon Mar  9 01:14:16 CET 2026
cd /out/sourcedata/freesurfer/sub-v1s16x0051176_ses-1/mri
mris_place_surface --curv-map ../surf/lh.pial 2 10 ../surf/lh.curv.pial
   Update not needed
#@# pial area lh Mon Mar  9 01:14:16 CET 2026
cd /out/sourcedata/freesurfer/sub-v1s16x0051176_ses-1/mri
mris_place_surface --area-map ../surf/lh.pial ../surf/lh.area.pial
   Update not needed
#@# thickness lh Mon Mar  9 01:14:16 CET 2026
cd /out/sourcedata/freesurfer/sub-v1s16x0051176_ses-1/mri
mris_place_surface --thickness ../surf/lh.white ../surf/lh.pial 20 5 ../surf/lh.thickness
   Update not needed
#@# area and vertex vol lh Mon Mar  9 01:14:16 CET 2026
cd /out/sourcedata/freesurfer/sub-v1s16x0051176_ses-1/mri
mris_place_surface --thickness ../surf/lh.white ../surf/lh.pial 20 5 ../surf/lh.thickness
   Update not needed
#@# white curv rh Mon Mar  9 01:14:16 CET 2026
cd /out/sourcedata/freesurfer/sub-v1s16x0051176_ses-1/mri
mris_place_surface --curv-map ../surf/rh.white 2 10 ../surf/rh.curv
   Update not needed
#@# white area rh Mon Mar  9 01:14:16 CET 2026
cd /out/sourcedata/freesurfer/sub-v1s16x0051176_ses-1/mri
mris_place_surface --area-map ../surf/rh.white ../surf/rh.area
   Update not needed
#@# pial curv rh Mon Mar  9 01:14:16 CET 2026
cd /out/sourcedata/freesurfer/sub-v1s16x0051176_ses-1/mri
mris_place_surface --curv-map ../surf/rh.pial 2 10 ../surf/rh.curv.pial
   Update not needed
#@# pial area rh Mon Mar  9 01:14:16 CET 2026
cd /out/sourcedata/freesurfer/sub-v1s16x0051176_ses-1/mri
mris_place_surface --area-map ../surf/rh.pial ../surf/rh.area.pial
   Update not needed
#@# thickness rh Mon Mar  9 01:14:16 CET 2026
cd /out/sourcedata/freesurfer/sub-v1s16x0051176_ses-1/mri
mris_place_surface --thickness ../surf/rh.white ../surf/rh.pial 20 5 ../surf/rh.thickness
   Update not needed
#@# area and vertex vol rh Mon Mar  9 01:14:16 CET 2026
cd /out/sourcedata/freesurfer/sub-v1s16x0051176_ses-1/mri
mris_place_surface --thickness ../surf/rh.white ../surf/rh.pial 20 5 ../surf/rh.thickness
   Update not needed

#-----------------------------------------
#@# Curvature Stats lh Mon Mar  9 01:14:16 CET 2026
/out/sourcedata/freesurfer/sub-v1s16x0051176_ses-1/surf

 mris_curvature_stats -m --writeCurvatureFiles -G -o ../stats/lh.curv.stats -F smoothwm sub-v1s16x0051176_ses-1 lh curv sulc 

             Toggling save flag on curvature files                       [ ok ]
                 Outputting results using filestem   [ ../stats/lh.curv.stats ]
             Toggling save flag on curvature files                       [ ok ]
                                   Setting surface [ sub-v1s16x0051176_ses-1/lh.smoothwm ]
                                Reading surface...                       [ ok ]
                                   Setting texture                     [ curv ]
                                Reading texture...                       [ ok ]
                                   Setting texture                     [ sulc ]
                                Reading texture...Gb_filter = 0
                       [ ok ]
      Calculating Discrete Principal Curvatures...
      Determining geometric order for vno faces... [####################] [ ok ]
                      Determining KH curvatures... [####################] [ ok ]
                    Determining k1k2 curvatures... [####################] [ ok ]
                                   deltaViolations                      [ 190 ]
Gb_filter = 0

WARN:    S lookup   min:                          -0.043917
WARN:    S explicit min:                          0.000000	vertex = 53

#-----------------------------------------
#@# Curvature Stats rh Mon Mar  9 01:14:17 CET 2026
/out/sourcedata/freesurfer/sub-v1s16x0051176_ses-1/surf

 mris_curvature_stats -m --writeCurvatureFiles -G -o ../stats/rh.curv.stats -F smoothwm sub-v1s16x0051176_ses-1 rh curv sulc 

             Toggling save flag on curvature files                       [ ok ]
                 Outputting results using filestem   [ ../stats/rh.curv.stats ]
             Toggling save flag on curvature files                       [ ok ]
                                   Setting surface [ sub-v1s16x0051176_ses-1/rh.smoothwm ]
                                Reading surface...                       [ ok ]
                                   Setting texture                     [ curv ]
                                Reading texture...                       [ ok ]
                                   Setting texture                     [ sulc ]
                                Reading texture...Gb_filter = 0
                       [ ok ]
      Calculating Discrete Principal Curvatures...
      Determining geometric order for vno faces... [####################] [ ok ]
                      Determining KH curvatures... [####################] [ ok ]
                    Determining k1k2 curvatures... [####################] [ ok ]
                                   deltaViolations                      [ 169 ]
Gb_filter = 0

WARN:    S lookup   min:                          -0.212851
WARN:    S explicit min:                          0.000000	vertex = 17
#-----------------------------------------
#@# Relabel Hypointensities Mon Mar  9 01:14:19 CET 2026
/out/sourcedata/freesurfer/sub-v1s16x0051176_ses-1/mri

 mri_relabel_hypointensities aseg.presurf.mgz ../surf aseg.presurf.hypos.mgz 

reading input surface ../surf/lh.white...
relabeling lh hypointensities...
4238 voxels changed to hypointensity...
reading input surface ../surf/rh.white...
relabeling rh hypointensities...
1535 voxels changed to hypointensity...
6590 hypointense voxels neighboring cortex changed
#-----------------------------------------
#@# APas-to-ASeg Mon Mar  9 01:14:32 CET 2026
/out/sourcedata/freesurfer/sub-v1s16x0051176_ses-1/mri

 mri_surf2volseg --o aseg.mgz --i aseg.presurf.hypos.mgz --fix-presurf-with-ribbon /out/sourcedata/freesurfer/sub-v1s16x0051176_ses-1/mri/ribbon.mgz --threads 16 --lh-cortex-mask /out/sourcedata/freesurfer/sub-v1s16x0051176_ses-1/label/lh.cortex.label --lh-white /out/sourcedata/freesurfer/sub-v1s16x0051176_ses-1/surf/lh.white --lh-pial /out/sourcedata/freesurfer/sub-v1s16x0051176_ses-1/surf/lh.pial --rh-cortex-mask /out/sourcedata/freesurfer/sub-v1s16x0051176_ses-1/label/rh.cortex.label --rh-white /out/sourcedata/freesurfer/sub-v1s16x0051176_ses-1/surf/rh.white --rh-pial /out/sourcedata/freesurfer/sub-v1s16x0051176_ses-1/surf/rh.pial 

SUBJECTS_DIR /out/sourcedata/freesurfer
outvol aseg.mgz
16 avail.processors, using 16
Loading aseg.presurf.hypos.mgz
Loading /out/sourcedata/freesurfer/sub-v1s16x0051176_ses-1/mri/ribbon.mgz
Loading /out/sourcedata/freesurfer/sub-v1s16x0051176_ses-1/surf/lh.white
Loading /out/sourcedata/freesurfer/sub-v1s16x0051176_ses-1/surf/lh.pial
Loading /out/sourcedata/freesurfer/sub-v1s16x0051176_ses-1/label/lh.cortex.label
Loading /out/sourcedata/freesurfer/sub-v1s16x0051176_ses-1/surf/rh.white
Loading /out/sourcedata/freesurfer/sub-v1s16x0051176_ses-1/surf/rh.pial
Loading /out/sourcedata/freesurfer/sub-v1s16x0051176_ses-1/label/rh.cortex.label
Done loading
  0 112 240  16  96  32 192 160 208  48  80  64 144 128 224 176   1  33 225  17  49 241 209  81 193  97  65 177 113  34   2 226 161  18  50 242 210 145  82  66 194  98 129  35 178 227  19 
 51 243 211  83  67   3  36 228 162  99 
195 114 146  20  52 179 
244 212  68  37  84 229  21 196 100  53 245   4  38 213  69 230 163 180  85 147  22   5  39 
197  54 246 214 101  70 231  23 130  86 181  40   6  55 247 115 215 232 198  71 164  24 148 102  41   7  56  87 248 182 216 233  25 199 
 72  42   8  57 103  26 131 249 149 234 217 165  43  88 200  73 183  58   9 116  27  44 104 250 235 218 201  59 
 74  10 184  45 150 236  28 251  89 166 132 219 
105 202  60  11  75  46  29 237 185 117 252 220 203  12  61 106  76  30  47  90 238 151 186 133 253 167 221 204  13  31  77  62 107 187 254 222  91 205  14 152 239 
 78 108  63 134 188 223 168 255 118 206  15  79  92 
109 153 189 207 135 169 110 119 
 93 190 154 111  94 191 136 120 170 155  95 121 137 156 171 122 138 157 172 139 
158 123 173 140 159 
124 174 141 175 125 142 126 143 127 
nrelabeled = 214660
ndotcheck = 0
Starting Surf2VolSeg free
free done
#VMPC# mri_surf2volseg VmPeak  1728112
mri_surf2volseg done

 mri_brainvol_stats sub-v1s16x0051176_ses-1 

ComputeBrainVolumeStats2 VoxelVol=1, KeepCSF=1
  #CBVS2 MaskVol              1283549.0
  #CBVS2 BrainSegVol           909051.0
  #CBVS2 BrainSegVolNotVent    861954.0
  #CBVS2 SupraTentVol          776930.0
  #CBVS2 SupraTentVolNotVent   729833.0
  #CBVS2 lhCtxGM               208307.0
  #CBVS2 rhCtxGM               169302.7
  #CBVS2 lhCerebralWM          165018.5
  #CBVS2 rhCerebralWM          128574.5
  #CBVS2 SubCortGMVol           59413.0
  #CBVS2 CerebellumVol         132121.0
  #CBVS2 CerebellumGMVol       107112.0
  #CBVS2 VentChorVol            43048.0
  #CBVS2 3rd4th5thCSF            4049.0
  #CBVS2 AllCSF                 47097.0
  #CBVS2 CCVol                   3335.0
#-----------------------------------------
#@# AParc-to-ASeg aparc Mon Mar  9 01:14:37 CET 2026
/out/sourcedata/freesurfer/sub-v1s16x0051176_ses-1/mri

 mri_surf2volseg --o aparc+aseg.mgz --label-cortex --i aseg.mgz --threads 16 --lh-annot /out/sourcedata/freesurfer/sub-v1s16x0051176_ses-1/label/lh.aparc.annot 1000 --lh-cortex-mask /out/sourcedata/freesurfer/sub-v1s16x0051176_ses-1/label/lh.cortex.label --lh-white /out/sourcedata/freesurfer/sub-v1s16x0051176_ses-1/surf/lh.white --lh-pial /out/sourcedata/freesurfer/sub-v1s16x0051176_ses-1/surf/lh.pial --rh-annot /out/sourcedata/freesurfer/sub-v1s16x0051176_ses-1/label/rh.aparc.annot 2000 --rh-cortex-mask /out/sourcedata/freesurfer/sub-v1s16x0051176_ses-1/label/rh.cortex.label --rh-white /out/sourcedata/freesurfer/sub-v1s16x0051176_ses-1/surf/rh.white --rh-pial /out/sourcedata/freesurfer/sub-v1s16x0051176_ses-1/surf/rh.pial 

SUBJECTS_DIR /out/sourcedata/freesurfer
outvol aparc+aseg.mgz
16 avail.processors, using 16
Loading aseg.mgz
Loading /out/sourcedata/freesurfer/sub-v1s16x0051176_ses-1/surf/lh.white
Loading /out/sourcedata/freesurfer/sub-v1s16x0051176_ses-1/surf/lh.pial
Loading /out/sourcedata/freesurfer/sub-v1s16x0051176_ses-1/label/lh.cortex.label
Ripping lh vertices labeled not in lh.cortex.label
  ripped 9124 vertices from lh hemi
Loading /out/sourcedata/freesurfer/sub-v1s16x0051176_ses-1/label/lh.aparc.annot
Loading /out/sourcedata/freesurfer/sub-v1s16x0051176_ses-1/surf/rh.white
Loading /out/sourcedata/freesurfer/sub-v1s16x0051176_ses-1/surf/rh.pial
Loading /out/sourcedata/freesurfer/sub-v1s16x0051176_ses-1/label/rh.cortex.label
Ripping rh vertices labeled not in rh.cortex.label
  ripped 9149 vertices from rh hemi
Loading /out/sourcedata/freesurfer/sub-v1s16x0051176_ses-1/label/rh.aparc.annot
Done loading
144  80 176 128 224 160  32  96 208   0 112  16 192  64  48 240 241 209  17  49  33   1 225 242 210  18  50 226   2  34 243 211 227  19 
  3  51  65  35 244 228 212  20   4  52  36 245 229 213  21   5  53  37 230 246   6 214  22  54 231  38   7 247 215 232  23  55   8  66  39 
248 233 216  24   9  56  40 249 234 217  25  10  57  41 250 235 218  26  11  58 236  42 251  12 219 
 27 237  59 
 43  13 252 220 238  28  14  60  44 239 
253 221  29  15  45  61 254 222  67  30  46 255 223 193  31  62  47  63  68 194 145  81  97 195  69 113 161 129 196 197 198 199 
200 201 177 202 203 204 205 206 207  70 114  98 130 146  71  82 178 162  99 
 72 131 115 179 
100  83 147 116  73 132 163 101 180  74 148 117  84 102 133  75 149 118 181 103  76 150 164  85 134 119 
104  77 151 182 105 135 120  78  86 152 106 183  79 
121 136 153 165 107  87 122 184 154 108 137 123 185 109  88 124 155 186 138 110 125 166 187 156  89 111 139 
126 188 189 127 157 167 140  90 190 191 158 141  91 168 159 
142  92 169 143  93 170  94  95 171 172 173 174 175 
nrelabeled = 376622
ndotcheck = 23288
Starting Surf2VolSeg free
free done
#VMPC# mri_surf2volseg VmPeak  1711952
mri_surf2volseg done
#-----------------------------------------
#@# AParc-to-ASeg aparc.a2009s Mon Mar  9 01:14:51 CET 2026
/out/sourcedata/freesurfer/sub-v1s16x0051176_ses-1/mri

 mri_surf2volseg --o aparc.a2009s+aseg.mgz --label-cortex --i aseg.mgz --threads 16 --lh-annot /out/sourcedata/freesurfer/sub-v1s16x0051176_ses-1/label/lh.aparc.a2009s.annot 11100 --lh-cortex-mask /out/sourcedata/freesurfer/sub-v1s16x0051176_ses-1/label/lh.cortex.label --lh-white /out/sourcedata/freesurfer/sub-v1s16x0051176_ses-1/surf/lh.white --lh-pial /out/sourcedata/freesurfer/sub-v1s16x0051176_ses-1/surf/lh.pial --rh-annot /out/sourcedata/freesurfer/sub-v1s16x0051176_ses-1/label/rh.aparc.a2009s.annot 12100 --rh-cortex-mask /out/sourcedata/freesurfer/sub-v1s16x0051176_ses-1/label/rh.cortex.label --rh-white /out/sourcedata/freesurfer/sub-v1s16x0051176_ses-1/surf/rh.white --rh-pial /out/sourcedata/freesurfer/sub-v1s16x0051176_ses-1/surf/rh.pial 

SUBJECTS_DIR /out/sourcedata/freesurfer
outvol aparc.a2009s+aseg.mgz
16 avail.processors, using 16
Loading aseg.mgz
Loading /out/sourcedata/freesurfer/sub-v1s16x0051176_ses-1/surf/lh.white
Loading /out/sourcedata/freesurfer/sub-v1s16x0051176_ses-1/surf/lh.pial
Loading /out/sourcedata/freesurfer/sub-v1s16x0051176_ses-1/label/lh.cortex.label
Ripping lh vertices labeled not in lh.cortex.label
  ripped 9124 vertices from lh hemi
Loading /out/sourcedata/freesurfer/sub-v1s16x0051176_ses-1/label/lh.aparc.a2009s.annot
Loading /out/sourcedata/freesurfer/sub-v1s16x0051176_ses-1/surf/rh.white
Loading /out/sourcedata/freesurfer/sub-v1s16x0051176_ses-1/surf/rh.pial
Loading /out/sourcedata/freesurfer/sub-v1s16x0051176_ses-1/label/rh.cortex.label
Ripping rh vertices labeled not in rh.cortex.label
  ripped 9149 vertices from rh hemi
Loading /out/sourcedata/freesurfer/sub-v1s16x0051176_ses-1/label/rh.aparc.a2009s.annot
Done loading
160   0 128 224 208 112  32 176  48 240 192 144  80  49  96  64  16 241  33  50 242   1  17 225 209  34  51 243   2  18 226 210 244  35  52  19 
227 245  53 211  36   3  20  54  65 246 228 212  37  21   4  55 247 229 213 248  38  22   5  56  23 230 249 214  39 
  6  57  24 231 250 215  40  58  25   7 251  59 
 26 232 216  41   8 252  27  60  66 233 217  42 253   9  28  61 234  43 254 218  10  29  62 255 235  44 219 
 11  30 236  45 220  12  31  63 237  46 221  13 238  47 222  14 239 
223  15  67 193  68  97  81 129 113 194 161  69 177 195  98  82 196 114 197  70 145 198 199 
200 201 130 202 203 204 205 206 207 162  71  99 
115 146 178  72  83 100 131 163 147  73 116  84 101 179 
 74 148 132 117 102  75 149  85 180 164 103 118  76 133 150 104 119 
 77  86 181 151 105 134  78 120 106 152 165 182  87  79 
107 135 153 121 108 122 154 183 109 136  88 123 110 155 166 124 184 111 137 156 125  89 185 126 157 186 138 127 167 187 158 139 
188  90 189 159 
140 190 191 168  91 141  92 169 142  93 143 170  94 171  95 172 173 174 175 
nrelabeled = 376622
ndotcheck = 23288
Starting Surf2VolSeg free
free done
#VMPC# mri_surf2volseg VmPeak  1712044
mri_surf2volseg done
#-----------------------------------------
#@# AParc-to-ASeg aparc.DKTatlas Mon Mar  9 01:15:06 CET 2026
/out/sourcedata/freesurfer/sub-v1s16x0051176_ses-1/mri

 mri_surf2volseg --o aparc.DKTatlas+aseg.mgz --label-cortex --i aseg.mgz --threads 16 --lh-annot /out/sourcedata/freesurfer/sub-v1s16x0051176_ses-1/label/lh.aparc.DKTatlas.annot 1000 --lh-cortex-mask /out/sourcedata/freesurfer/sub-v1s16x0051176_ses-1/label/lh.cortex.label --lh-white /out/sourcedata/freesurfer/sub-v1s16x0051176_ses-1/surf/lh.white --lh-pial /out/sourcedata/freesurfer/sub-v1s16x0051176_ses-1/surf/lh.pial --rh-annot /out/sourcedata/freesurfer/sub-v1s16x0051176_ses-1/label/rh.aparc.DKTatlas.annot 2000 --rh-cortex-mask /out/sourcedata/freesurfer/sub-v1s16x0051176_ses-1/label/rh.cortex.label --rh-white /out/sourcedata/freesurfer/sub-v1s16x0051176_ses-1/surf/rh.white --rh-pial /out/sourcedata/freesurfer/sub-v1s16x0051176_ses-1/surf/rh.pial 

SUBJECTS_DIR /out/sourcedata/freesurfer
outvol aparc.DKTatlas+aseg.mgz
16 avail.processors, using 16
Loading aseg.mgz
Loading /out/sourcedata/freesurfer/sub-v1s16x0051176_ses-1/surf/lh.white
Loading /out/sourcedata/freesurfer/sub-v1s16x0051176_ses-1/surf/lh.pial
Loading /out/sourcedata/freesurfer/sub-v1s16x0051176_ses-1/label/lh.cortex.label
Ripping lh vertices labeled not in lh.cortex.label
  ripped 9124 vertices from lh hemi
Loading /out/sourcedata/freesurfer/sub-v1s16x0051176_ses-1/label/lh.aparc.DKTatlas.annot
Loading /out/sourcedata/freesurfer/sub-v1s16x0051176_ses-1/surf/rh.white
Loading /out/sourcedata/freesurfer/sub-v1s16x0051176_ses-1/surf/rh.pial
Loading /out/sourcedata/freesurfer/sub-v1s16x0051176_ses-1/label/rh.cortex.label
Ripping rh vertices labeled not in rh.cortex.label
  ripped 9149 vertices from rh hemi
Loading /out/sourcedata/freesurfer/sub-v1s16x0051176_ses-1/label/rh.aparc.DKTatlas.annot
Done loading
  0  16 192  48  64 144  96 160 224 240 176 112  32  80 128 208 241 225  49  17 242 226 209   1  33 243  50  18 227 210   2  34 244 228 211  51  35  19 
  3 245 229 212  36   4 246 230  52  20 213  37 247   5 231 214  65  53  21 248  38   6 232 215 249 233  39 
  7  54  22 216 250 234  40 217   8  55  23 251 235 218   9  41 252 236  56  24 219 
 10  42 253 237 220  57  11  25  43 254 238 221  12 255  44 239 
 58  26  66 222  13  45 223  59 
 27  14  46  28  15  60  47  29  61  30  62  31  63  67 193  68  97  81 161 129 194  69 195 177 113  70 196 145 197 198 199 
200 201 202  98 203 204  71 205 206  82 207 162 130  72 146 114 178  99 
 83  73 163 147 115 131 100  74  84 179 
148  75 164 101 116  85 132 180  76 149 102  86 117  77 165 150 103  87 181 133  78 151 118 104  88 166  79 
182 134 105 152  89 119 
167 183 106 153  90 135 107 154 184 120 168  91 108 185 136 155 109 121 186  92 169 187 110 156 122 137  93 188 170 111 189 157 123  94 190 138 124 191 171  95 158 125 139 
172 126 159 
127 140 173 141 174 142 175 143 
nrelabeled = 376622
ndotcheck = 23288
Starting Surf2VolSeg free
free done
#VMPC# mri_surf2volseg VmPeak  1785064
mri_surf2volseg done
#-----------------------------------------
#@# WMParc Mon Mar  9 01:15:17 CET 2026
/out/sourcedata/freesurfer/sub-v1s16x0051176_ses-1/mri

 mri_surf2volseg --o wmparc.mgz --label-wm --i aparc+aseg.mgz --threads 16 --lh-annot /out/sourcedata/freesurfer/sub-v1s16x0051176_ses-1/label/lh.aparc.annot 3000 --lh-cortex-mask /out/sourcedata/freesurfer/sub-v1s16x0051176_ses-1/label/lh.cortex.label --lh-white /out/sourcedata/freesurfer/sub-v1s16x0051176_ses-1/surf/lh.white --lh-pial /out/sourcedata/freesurfer/sub-v1s16x0051176_ses-1/surf/lh.pial --rh-annot /out/sourcedata/freesurfer/sub-v1s16x0051176_ses-1/label/rh.aparc.annot 4000 --rh-cortex-mask /out/sourcedata/freesurfer/sub-v1s16x0051176_ses-1/label/rh.cortex.label --rh-white /out/sourcedata/freesurfer/sub-v1s16x0051176_ses-1/surf/rh.white --rh-pial /out/sourcedata/freesurfer/sub-v1s16x0051176_ses-1/surf/rh.pial 

SUBJECTS_DIR /out/sourcedata/freesurfer
outvol wmparc.mgz
16 avail.processors, using 16
Loading aparc+aseg.mgz
Loading /out/sourcedata/freesurfer/sub-v1s16x0051176_ses-1/surf/lh.white
Loading /out/sourcedata/freesurfer/sub-v1s16x0051176_ses-1/surf/lh.pial
Loading /out/sourcedata/freesurfer/sub-v1s16x0051176_ses-1/label/lh.cortex.label
Ripping lh vertices labeled not in lh.cortex.label
  ripped 9124 vertices from lh hemi
Loading /out/sourcedata/freesurfer/sub-v1s16x0051176_ses-1/label/lh.aparc.annot
Loading /out/sourcedata/freesurfer/sub-v1s16x0051176_ses-1/surf/rh.white
Loading /out/sourcedata/freesurfer/sub-v1s16x0051176_ses-1/surf/rh.pial
Loading /out/sourcedata/freesurfer/sub-v1s16x0051176_ses-1/label/rh.cortex.label
Ripping rh vertices labeled not in rh.cortex.label
  ripped 9149 vertices from rh hemi
Loading /out/sourcedata/freesurfer/sub-v1s16x0051176_ses-1/label/rh.aparc.annot
Done loading
 64   0 112 144  80 208 224 176  48  16  96 160  32 192 128 240 209  65 241  17   1 225  33  49  18 193 210 242  66 226   2  34  50  19 
243 211  67 194 244 212   3  20 227  35  51 195  68 245 213   4  21 228  36  52 196 214 246  69  22 229   5  37  53 247 215  23 197 230   6 248 216  70  38  54  24 198  81 249 217 231   7  25  55  39 
177 199 
250 218  71  26 232   8  56  40 251  27 200 219 
233   9 252  41  57  28 220 201  72 253 234  10  58  42  29 221 129 254 202 222 235  11  59 
 43  30 255 203 223  97 236  12  60  31  44  73 161 204 237  13  61  45  82 205 113 178 238  14  62  46 206 239 
 74  15  63  47 145 207  75 179 
 83  76 130  98 180 162 114  77  84 181 131  78 146 182 132  99 
 85  79 
163 183 133 115 184  86 185 100 116 186 134 164 187 188 147 189 117  87 101 190 135 191 165 118  88 119 
136 102 166 148  89 120 121 167 122 137  90 123 103 168 124 125  91 126 149 169 127 138 104  92 170 139 
 93 171 150 105  94 140 172  95 173 106 141 151 174 107 175 142 152 108 143 153 109 154 110 155 111 156 157 158 159 

nrelabeled = 290258
ndotcheck = 3240
Starting Surf2VolSeg free
free done
#VMPC# mri_surf2volseg VmPeak  1711952
mri_surf2volseg done

 mri_segstats --seed 1234 --seg mri/wmparc.mgz --sum stats/wmparc.stats --pv mri/norm.mgz --excludeid 0 --brainmask mri/brainmask.mgz --in mri/norm.mgz --in-intensity-name norm --in-intensity-units MR --subject sub-v1s16x0051176_ses-1 --surf-wm-vol --ctab /opt/freesurfer/WMParcStatsLUT.txt --etiv 

setting seed for random number genererator to 1234

7.3.2
cwd 
cmdline mri_segstats --seed 1234 --seg mri/wmparc.mgz --sum stats/wmparc.stats --pv mri/norm.mgz --excludeid 0 --brainmask mri/brainmask.mgz --in mri/norm.mgz --in-intensity-name norm --in-intensity-units MR --subject sub-v1s16x0051176_ses-1 --surf-wm-vol --ctab /opt/freesurfer/WMParcStatsLUT.txt --etiv 
sysname  Linux
hostname dna029
machine  x86_64
user     oesteban
whitesurfname  white
UseRobust  0
atlas_icv (eTIV) = 1339461 mm^3    (det: 1.454395 )
Loading mri/wmparc.mgz
Getting Brain Volume Statistics
Loading mri/norm.mgz
Loading mri/norm.mgz
Voxel Volume is 1 mm^3
Generating list of segmentation ids
Found 390 segmentations
Computing statistics for each segmentation

Reporting on  70 segmentations
Using PrintSegStat
mri_segstats done
#--------------------------------------------
#@# ASeg Stats Mon Mar  9 01:19:17 CET 2026
/out/sourcedata/freesurfer/sub-v1s16x0051176_ses-1

 mri_segstats --seed 1234 --seg mri/aseg.mgz --sum stats/aseg.stats --pv mri/norm.mgz --empty --brainmask mri/brainmask.mgz --brain-vol-from-seg --excludeid 0 --excl-ctxgmwm --supratent --subcortgray --in mri/norm.mgz --in-intensity-name norm --in-intensity-units MR --etiv --surf-wm-vol --surf-ctx-vol --totalgray --euler --ctab /opt/freesurfer/ASegStatsLUT.txt --subject sub-v1s16x0051176_ses-1 

setting seed for random number genererator to 1234

7.3.2
cwd 
cmdline mri_segstats --seed 1234 --seg mri/aseg.mgz --sum stats/aseg.stats --pv mri/norm.mgz --empty --brainmask mri/brainmask.mgz --brain-vol-from-seg --excludeid 0 --excl-ctxgmwm --supratent --subcortgray --in mri/norm.mgz --in-intensity-name norm --in-intensity-units MR --etiv --surf-wm-vol --surf-ctx-vol --totalgray --euler --ctab /opt/freesurfer/ASegStatsLUT.txt --subject sub-v1s16x0051176_ses-1 
sysname  Linux
hostname dna029
machine  x86_64
user     oesteban
whitesurfname  white
UseRobust  0
atlas_icv (eTIV) = 1339461 mm^3    (det: 1.454395 )
Computing euler number
orig.nofix lheno =  -72, rheno = -68
orig.nofix lhholes =   37, rhholes = 35
Loading mri/aseg.mgz
Getting Brain Volume Statistics
Loading mri/norm.mgz
Loading mri/norm.mgz
Voxel Volume is 1 mm^3
Generating list of segmentation ids
Found  50 segmentations
Computing statistics for each segmentation

Reporting on  45 segmentations
Using PrintSegStat
mri_segstats done

Started at Mon Mar 9 01:14:15 CET 2026 
Ended   at Mon Mar 9 01:19:59 CET 2026
#@#%# recon-all-run-time-hours 0.096
recon-all -s sub-v1s16x0051176_ses-1 finished without error at Mon Mar  9 01:19:59 CET 2026
