#!ascii label  , from subject sub-v1s16x0051178_ses-1 vox2ras=TkReg
2513
36900  -4.240  -24.828  75.836 0.3333329856
37747  -5.829  -23.271  74.689 0.3333329856
121520  -6.933  -22.652  74.532 0.3333329856
121525  -5.946  -22.640  74.172 0.4444440007
38578  -7.491  -21.982  74.063 0.4444440007
38577  -6.550  -22.014  73.851 0.5555559993
39461  -8.835  -21.141  73.736 0.5555559993
40320  -8.625  -20.707  72.933 0.6666669846
40328  -9.180  -20.287  72.603 0.7777780294
38568  -2.170  -22.869  74.981 0.3333329856
37733  -2.772  -23.830  75.315 0.4444440007
37745  -4.454  -23.114  74.995 0.4444440007
37746  -5.330  -23.013  74.559 0.3333329856
38570  -5.223  -22.333  74.401 0.4444440007
38576  -5.871  -21.958  73.903 0.4444440007
39459  -6.208  -21.384  73.422 0.6666669846
39460  -7.079  -21.504  73.344 0.6666669846
40319  -7.708  -20.933  72.914 0.7777780294
127797  -8.664  -20.366  72.451 0.7777780294
40327  -8.094  -20.365  72.270 0.7777780294
41218  -9.534  -19.845  72.100 0.5555559993
41219  -10.295  -19.549  72.287 0.5555559993
39452  -1.932  -22.116  74.796 0.2222220004
37732  -2.549  -22.868  75.223 0.4444440007
114842  -3.257  -23.159  75.356 0.4444440007
39458  -5.527  -21.507  73.968 0.6666669846
39466  -6.814  -20.920  72.913 0.6666669846
40318  -6.246  -20.736  73.128 0.6666669846
40325  -6.593  -20.303  72.712 0.6666669846
40326  -7.262  -20.383  72.405 0.6666669846
41216  -7.688  -19.798  71.880 0.7777780294
41217  -8.728  -20.043  72.000 0.7777780294
130067  -8.207  -19.983  71.886 0.7777780294
41229  -8.343  -19.611  71.562 0.7777780294
41230  -9.066  -19.546  71.438 0.6666669846
41231  -9.862  -19.363  71.566 0.5555559993
42151  -10.208  -18.841  71.131 0.5555559993
43172  -11.218  -17.933  71.248 0.5555559993
44173  -11.824  -17.072  70.418 0.3333329856
42150  -9.399  -18.982  70.935 0.7777780294
42164  -9.778  -18.432  70.454 0.7777780294
43171  -10.620  -18.244  70.798 0.5555559993
43185  -11.152  -17.678  70.397 0.5555559993
43201  -10.758  -17.498  69.475 0.6666669846
43202  -11.391  -17.279  69.705 0.5555559993
110778  -11.914  -16.772  69.630 0.4444440007
44196  -11.302  -16.978  68.933 0.7777780294
44197  -11.956  -16.516  68.958 0.5555559993
40316  -1.957  -20.977  73.520 0.1111110002
40310  -1.691  -21.328  74.524 0.2222220004
39445  -2.200  -22.274  75.149 0.2222220004
38563  -3.162  -22.436  75.403 0.3333329856
39446  -2.599  -22.006  75.441 0.2222220004
39447  -3.634  -21.699  75.352 0.3333329856
39453  -4.764  -21.702  74.637 0.5555559993
39464  -2.399  -21.387  73.007 0.1111110002
40317  -5.663  -20.806  73.579 0.6666669846
41215  -6.911  -19.749  72.232 0.6666669846
42148  -7.867  -19.141  71.415 0.7777780294
110821  -7.943  -18.578  71.113 0.7777780294
42149  -8.552  -18.981  71.025 0.7777780294
42163  -8.971  -18.455  70.428 0.7777780294
43183  -9.383  -17.834  70.011 0.7777780294
43184  -10.270  -17.875  70.088 0.7777780294
44195  -10.430  -17.055  68.788 0.7777780294
45143  -13.060  -15.336  69.859 0.5555559993
45179  -12.328  -16.035  68.548 0.6666669846
45164  -12.960  -15.455  68.932 0.6666669846
123111  -13.461  -14.759  68.507 0.5555559993
44212  -11.624  -16.373  68.365 0.7777780294
45187  -12.738  -15.424  67.927 0.6666669846
41205  -2.037  -20.170  73.009 0.1111110002
40309  -1.622  -20.389  74.186 0.2222220004
118858  -1.968  -20.721  75.842 0.2222220004
40303  -2.690  -21.182  75.750 0.2222220004
40311  -4.494  -21.049  75.115 0.6666669846
40312  -5.115  -20.898  74.353 0.7777780294
116319  -2.371  -20.066  72.227 0.1111110002
128202  -5.562  -19.361  73.793 0.7777780294
121700  -5.955  -20.038  73.275 0.6666669846
42139  -7.230  -19.050  71.856 0.7777780294
112123  -7.520  -18.536  71.509 0.7777780294
42162  -8.275  -18.226  70.708 0.7777780294
43182  -8.649  -17.738  70.228 0.7777780294
43199  -8.898  -17.140  69.629 0.7777780294
44194  -9.543  -16.744  68.955 0.8888890147
44210  -10.092  -16.344  68.350 0.8888890147
45185  -10.963  -15.838  67.568 0.7777780294
44226  -11.400  -16.083  67.858 0.7777780294
45178  -11.995  -15.924  67.856 0.6666669846
126290  -12.200  -15.489  67.377 0.7777780294
46206  -12.634  -15.000  67.119 0.6666669846
46207  -13.297  -14.709  67.513 0.5555559993
41194  -2.728  -20.188  76.180 0.3333329856
41204  -1.792  -19.480  73.337 0.2222220004
40304  -3.726  -20.714  75.708 0.4444440007
41200  -4.652  -20.123  75.041 0.6666669846
41214  -2.125  -19.390  72.424 0.1111110002
41201  -5.308  -20.073  74.038 0.6666669846
41206  -6.036  -19.129  73.250 0.6666669846
41207  -6.396  -19.653  72.747 0.7777780294
43158  -6.447  -17.792  72.924 0.7777780294
116398  -6.420  -16.924  73.495 0.4444440007
44125  -6.732  -15.976  73.296 0.4444440007
42138  -6.550  -18.844  72.550 0.7777780294
43159  -7.001  -18.014  72.062 0.7777780294
44139  -7.109  -16.234  72.251 0.6666669846
43170  -7.598  -17.805  71.310 0.8888890147
108369  -7.153  -17.141  71.909 0.7777780294
43181  -7.978  -17.372  70.717 0.8888890147
44171  -7.809  -16.458  70.753 0.7777780294
44172  -8.192  -16.342  70.029 0.7777780294
44193  -8.739  -16.105  69.402 0.8888890147
45177  -10.491  -15.935  67.923 0.7777780294
46205  -11.139  -15.154  66.979 0.7777780294
46223  -13.185  -14.442  66.622 0.6666669846
45113  -7.223  -15.249  72.724 0.2222220004
46127  -7.388  -14.295  73.099 0.1111110002
45123  -7.485  -15.525  71.586 0.5555559993
46139  -7.634  -14.415  71.569 0.2222220004
44153  -7.482  -16.747  71.406 0.7777780294
45124  -7.734  -14.966  70.933 0.5555559993
45141  -8.119  -15.247  70.097 0.6666669846
45162  -8.601  -15.206  69.374 0.8888890147
46169  -8.790  -14.563  69.025 0.6666669846
114194  -9.256  -15.657  68.708 0.8888890147
45176  -9.911  -15.554  68.033 0.8888890147
45184  -10.394  -15.276  67.484 0.7777780294
128765  -11.510  -14.816  66.613 0.8888890147
46222  -12.454  -14.706  66.516 0.6666669846
46237  -12.629  -14.253  65.986 0.6666669846
47155  -13.407  -13.908  65.906 0.6666669846
47156  -14.127  -13.455  65.762 0.6666669846
47154  -12.724  -13.499  65.439 0.7777780294
48058  -14.867  -12.937  65.714 0.6666669846
47084  -8.175  -13.274  70.756 0.1111110002
46168  -8.388  -14.404  69.833 0.4444440007
46189  -9.409  -14.741  68.239 0.8888890147
46204  -10.505  -14.510  66.941 0.8888890147
46220  -11.149  -14.490  66.453 0.8888890147
47153  -11.724  -13.124  65.472 0.8888890147
130816  -13.567  -13.367  65.386 0.7777780294
128013  -14.219  -12.879  64.873 0.6666669846
48090  -13.491  -12.235  64.446 0.7777780294
48075  -15.155  -12.626  64.970 0.6666669846
119304  -15.806  -12.382  65.022 0.6666669846
48093  -16.234  -12.035  64.627 0.6666669846
47995  -7.982  -12.730  71.352 0.1111110002
48018  -8.543  -12.394  69.765 0.4444440007
120524  -8.973  -12.956  68.642 0.5555559993
47109  -9.007  -13.748  68.689 0.5555559993
48043  -9.589  -12.680  67.465 0.6666669846
47122  -9.374  -13.393  67.967 0.7777780294
48044  -10.132  -12.876  66.646 0.6666669846
47138  -10.619  -13.794  66.412 0.8888890147
48932  -10.400  -12.113  66.283 0.6666669846
48057  -10.825  -13.054  65.958 0.7777780294
48073  -12.384  -12.657  65.051 0.7777780294
48089  -12.817  -12.254  64.674 0.7777780294
48092  -15.479  -12.160  64.415 0.6666669846
48943  -17.010  -11.925  64.904 0.6666669846
48958  -17.627  -11.784  64.289 0.7777780294
48945  -18.475  -11.953  65.398 0.6666669846
48959  -18.476  -11.832  64.660 0.7777780294
48946  -19.148  -11.931  65.219 0.6666669846
47984  -7.821  -12.170  71.899 0.1111110002
48902  -8.014  -11.410  71.613 0.1111110002
48006  -8.313  -12.532  70.556 0.1111110002
120454  -8.429  -11.809  70.215 0.1111110002
48019  -8.791  -12.354  69.004 0.4444440007
120642  -8.660  -11.752  69.401 0.4444440007
48031  -9.174  -12.466  68.279 0.4444440007
120191  -9.379  -11.846  67.879 0.4444440007
120976  -9.812  -11.966  67.046 0.6666669846
48071  -11.073  -12.246  65.635 0.7777780294
114218  -14.211  -12.040  64.145 0.7777780294
48955  -14.972  -11.702  63.798 0.8888890147
48956  -15.886  -11.735  63.863 0.7777780294
48957  -16.739  -11.769  64.017 0.7777780294
49898  -14.736  -10.762  63.280 0.8888890147
48971  -16.418  -11.339  63.319 0.8888890147
112974  -17.334  -11.466  63.434 0.8888890147
48094  -19.903  -11.979  65.043 0.7777780294
50880  -35.949  -9.834  64.090 0.2222220004
48973  -18.383  -11.596  63.678 0.7777780294
48960  -19.353  -11.778  64.269 0.7777780294
49902  -35.409  -10.139  63.723 0.3333329856
48974  -19.293  -11.508  63.334 0.7777780294
49914  -34.276  -10.451  62.858 0.3333329856
49915  -35.060  -10.002  63.035 0.3333329856
129878  -33.623  -10.833  62.641 0.5555559993
109181  -33.749  -10.357  62.068 0.4444440007
49822  -7.864  -10.901  72.137 0.1111110002
49838  -8.359  -10.323  70.818 0.1111110002
48912  -8.807  -11.122  68.993 0.3333329856
49848  -8.731  -10.436  69.319 0.1111110002
48918  -9.180  -11.135  68.248 0.3333329856
49866  -9.413  -10.439  67.840 0.4444440007
48925  -10.070  -11.237  66.629 0.5555559993
49882  -10.971  -10.675  65.555 0.7777780294
48941  -11.346  -11.519  65.321 0.7777780294
49888  -12.343  -10.871  64.411 0.7777780294
48970  -14.253  -11.359  63.712 0.8888890147
51852  -36.933  -8.969  64.882 0.1111110002
122997  -15.583  -11.183  63.282 0.8888890147
50881  -36.531  -9.429  64.453 0.1111110002
49900  -16.947  -10.881  62.764 0.8888890147
48972  -17.938  -11.045  62.795 0.8888890147
48984  -18.692  -11.299  63.000 0.7777780294
125544  -20.129  -11.904  64.330 0.7777780294
48985  -19.237  -11.207  62.595 0.8888890147
48961  -20.023  -11.714  63.645 0.7777780294
50895  -35.754  -9.551  63.320 0.3333329856
51864  -36.732  -8.692  64.175 0.3333329856
129390  -20.419  -11.800  63.258 0.8888890147
50912  -35.443  -9.318  62.510 0.3333329856
49931  -34.542  -9.785  62.152 0.3333329856
50929  -35.076  -9.029  61.682 0.3333329856
130026  -33.844  -9.880  61.512 0.4444440007
50928  -34.256  -9.351  61.250 0.4444440007
49947  -32.650  -9.901  60.519 0.5555559993
112568  -33.446  -9.628  60.750 0.5555559993
49946  -31.252  -10.935  60.901 0.8888890147
119667  -30.893  -10.201  60.643 0.8888890147
112349  -31.787  -10.179  60.561 0.8888890147
49847  -8.530  -10.396  70.124 0.1111110002
50790  -8.957  -9.703  68.830 0.1111110002
49867  -9.866  -10.317  67.001 0.4444440007
50834  -10.410  -9.716  66.419 0.3333329856
49876  -10.438  -10.551  66.221 0.4444440007
50835  -10.897  -9.293  65.912 0.3333329856
49887  -11.618  -10.784  64.928 0.7777780294
50852  -11.323  -9.808  65.294 0.4444440007
49889  -13.045  -10.800  63.985 0.7777780294
49896  -13.809  -10.625  63.596 0.7777780294
126530  -15.429  -10.489  62.915 0.8888890147
49908  -16.564  -10.033  62.342 0.7777780294
49909  -17.416  -10.226  62.247 0.8888890147
49910  -18.244  -10.401  62.184 0.8888890147
127655  -18.623  -10.965  62.545 0.8888890147
48096  -21.279  -12.692  64.328 0.6666669846
51875  -36.133  -8.840  62.880 0.3333329856
51876  -36.544  -8.360  63.423 0.2222220004
49911  -18.999  -10.617  62.052 0.8888890147
49912  -19.741  -11.001  61.889 0.8888890147
48119  -20.871  -11.946  62.740 0.8888890147
48108  -21.435  -12.608  63.318 0.8888890147
47193  -22.966  -13.261  62.832 0.6666669846
47194  -23.815  -13.411  63.109 0.7777780294
48121  -22.495  -12.749  62.077 0.8888890147
47209  -24.374  -13.108  62.543 0.6666669846
51889  -35.825  -8.547  62.048 0.2222220004
48123  -24.845  -12.660  61.871 0.8888890147
124291  -26.433  -12.641  62.088 0.8888890147
48142  -25.334  -12.135  61.259 0.8888890147
48143  -26.353  -12.132  61.246 0.8888890147
123658  -27.276  -11.969  60.957 0.7777780294
49029  -28.253  -10.931  60.478 0.8888890147
49943  -28.453  -10.244  60.558 0.8888890147
49030  -29.485  -10.754  60.648 0.8888890147
50943  -28.728  -9.972  60.748 0.8888890147
49944  -29.108  -10.260  60.675 0.8888890147
49945  -29.972  -10.254  60.796 0.8888890147
51802  -8.970  -8.859  69.056 0.1111110002
50869  -11.986  -10.005  64.588 0.6666669846
50853  -11.929  -9.008  64.901 0.3333329856
128535  -12.597  -10.209  64.173 0.5555559993
50870  -12.555  -9.456  64.287 0.4444440007
49895  -13.174  -9.899  63.785 0.6666669846
49897  -14.221  -9.912  63.256 0.7777780294
49906  -14.986  -9.738  62.823 0.7777780294
49907  -15.777  -9.886  62.540 0.7777780294
50902  -17.062  -9.354  61.880 0.7777780294
50903  -17.858  -9.595  61.799 0.7777780294
49919  -18.684  -9.829  61.675 0.8888890147
52969  -36.407  -7.900  62.536 0.2222220004
129542  -36.888  -7.065  63.294 0.1111110002
48986  -20.542  -11.383  61.845 0.8888890147
48120  -21.701  -12.457  62.319 0.8888890147
108734  -36.741  -7.064  62.763 0.2222220004
48987  -21.325  -11.776  61.685 0.8888890147
47207  -23.264  -12.828  61.899 0.8888890147
48122  -24.040  -12.747  61.822 0.8888890147
52978  -36.051  -7.731  61.603 0.2222220004
48124  -25.690  -12.583  61.945 0.8888890147
50908  -27.797  -9.526  62.399 0.6666669846
50893  -28.450  -9.466  63.250 0.3333329856
50894  -30.134  -9.278  63.039 0.3333329856
51887  -31.025  -8.675  62.194 0.4444440007
51901  -35.451  -8.293  61.262 0.2222220004
49005  -25.843  -11.305  60.845 0.8888890147
121118  -26.707  -11.274  60.696 0.7777780294
49027  -27.080  -10.525  60.621 0.7777780294
110113  -27.913  -9.626  61.321 0.7777780294
50910  -29.562  -9.383  62.493 0.3333329856
50927  -30.435  -9.422  61.439 0.6666669846
51898  -31.181  -8.668  61.154 0.6666669846
51912  -31.568  -7.893  60.886 0.8888890147
112741  -32.134  -7.808  60.330 0.8888890147
50948  -33.849  -8.981  60.457 0.5555559993
51900  -34.698  -8.683  60.888 0.4444440007
115359  -35.657  -7.635  60.948 0.2222220004
50942  -28.103  -9.890  60.722 0.7777780294
50925  -28.724  -9.725  61.136 0.8888890147
50926  -29.482  -9.529  61.689 0.7777780294
50946  -32.265  -9.375  60.284 0.8888890147
51913  -32.677  -8.527  59.996 0.8888890147
51915  -34.299  -8.306  60.162 0.4444440007
120458  -29.532  -9.868  60.970 0.8888890147
50944  -30.725  -9.597  60.840 0.8888890147
50945  -31.513  -9.511  60.537 0.8888890147
51914  -33.451  -8.505  59.941 0.5555559993
51869  -14.197  -8.447  63.602 0.5555559993
51870  -14.893  -8.432  63.041 0.4444440007
50899  -15.042  -8.962  62.707 0.5555559993
50900  -15.502  -9.204  62.500 0.6666669846
50901  -16.221  -9.100  62.114 0.6666669846
124570  -27.219  -9.613  66.281 0.1111110002
50916  -18.310  -9.044  61.481 0.7777780294
50858  -27.549  -9.770  65.743 0.1111110002
50874  -26.318  -9.607  64.180 0.4444440007
115475  -27.020  -9.648  65.021 0.2222220004
115474  -27.855  -9.817  65.049 0.1111110002
53976  -36.816  -6.240  62.311 0.1111110002
53966  -36.990  -6.519  63.199 0.1111110002
49920  -19.507  -10.138  61.418 0.8888890147
49921  -20.388  -10.564  61.137 0.8888890147
50875  -27.243  -9.655  64.246 0.2222220004
52979  -36.513  -7.047  61.931 0.2222220004
49000  -21.041  -11.168  61.173 0.8888890147
49001  -21.822  -11.302  60.884 0.8888890147
48139  -22.861  -12.376  61.273 0.8888890147
48140  -23.637  -12.332  61.191 0.8888890147
50891  -26.697  -9.728  63.406 0.4444440007
50876  -28.179  -9.610  64.199 0.4444440007
53964  -30.746  -6.490  63.390 0.2222220004
53989  -36.522  -6.347  61.555 0.2222220004
48141  -24.450  -12.232  61.202 0.8888890147
53975  -31.013  -6.591  62.640 0.5555559993
52968  -31.328  -7.197  62.877 0.5555559993
52989  -35.469  -7.232  60.332 0.2222220004
49004  -24.894  -11.355  60.954 0.8888890147
124334  -25.534  -10.466  60.989 0.7777780294
49927  -26.405  -10.444  60.798 0.7777780294
50924  -27.190  -9.940  60.831 0.7777780294
124992  -27.061  -9.611  61.647 0.7777780294
52977  -31.391  -7.106  61.873 0.6666669846
51916  -35.104  -7.994  60.535 0.4444440007
130416  -31.986  -7.273  60.230 0.7777780294
52987  -32.510  -7.619  59.854 0.8888890147
51924  -33.164  -7.868  59.662 0.5555559993
51925  -33.917  -7.864  59.588 0.5555559993
52988  -34.731  -7.590  59.860 0.4444440007
50871  -13.443  -8.502  64.069 0.4444440007
52949  -15.517  -7.885  63.161 0.4444440007
51882  -16.473  -8.398  62.294 0.5555559993
51883  -17.230  -8.114  62.177 0.5555559993
109873  -26.189  -9.137  66.041 0.1111110002
129595  -26.719  -9.377  66.413 0.1111110002
50915  -17.054  -8.728  61.876 0.6666669846
51884  -17.914  -8.433  61.781 0.6666669846
115476  -26.275  -9.319  65.144 0.2222220004
50857  -26.834  -9.518  65.765 0.2222220004
115502  -25.418  -9.662  63.772 0.3333329856
114467  -36.886  -5.382  62.298 0.1111110002
50917  -19.234  -9.216  61.172 0.7777780294
50940  -20.053  -9.615  60.869 0.8888890147
49940  -20.801  -9.891  60.684 0.8888890147
49922  -21.209  -10.627  60.787 0.8888890147
122802  -22.533  -11.863  60.939 0.8888890147
111302  -25.866  -9.844  63.197 0.4444440007
114870  -23.211  -11.835  60.809 0.8888890147
49003  -24.001  -11.706  60.847 0.8888890147
50907  -26.395  -9.672  62.331 0.6666669846
110435  -30.552  -6.242  62.818 0.4444440007
52998  -35.115  -6.712  59.551 0.2222220004
54004  -35.782  -6.343  60.275 0.2222220004
55004  -36.296  -5.908  60.943 0.1111110002
49925  -24.290  -10.732  61.008 0.8888890147
49926  -24.864  -10.462  61.171 0.7777780294
50923  -26.168  -9.848  61.286 0.7777780294
53987  -31.151  -6.617  61.636 0.6666669846
52997  -34.296  -7.184  59.251 0.5555559993
53986  -30.840  -6.429  61.197 0.7777780294
125707  -31.264  -6.728  60.893 0.7777780294
52994  -32.125  -7.051  59.760 0.8888890147
52996  -33.518  -7.322  59.191 0.7777780294
54014  -32.279  -6.875  59.026 0.8888890147
52950  -16.669  -7.409  63.423 0.3333329856
52965  -16.779  -7.707  62.737 0.5555559993
108417  -17.988  -7.696  62.429 0.4444440007
50855  -24.559  -8.774  65.121 0.2222220004
50856  -25.473  -8.913  65.383 0.1111110002
50839  -26.245  -9.128  67.047 0.1111110002
129037  -18.643  -7.565  62.470 0.3333329856
115679  -19.343  -7.529  62.447 0.2222220004
50873  -25.010  -9.218  64.408 0.2222220004
52973  -18.673  -7.909  61.970 0.5555559993
52974  -19.433  -8.043  61.716 0.5555559993
50889  -24.603  -9.562  63.627 0.3333329856
124683  -25.725  -9.296  64.545 0.3333329856
112547  -18.833  -8.524  61.524 0.7777780294
128647  -19.502  -8.591  61.254 0.6666669846
50941  -21.136  -9.240  60.707 0.6666669846
125946  -20.510  -9.257  60.717 0.7777780294
49941  -21.589  -9.978  60.645 0.8888890147
50919  -22.365  -9.642  60.906 0.8888890147
50921  -24.445  -9.692  61.979 0.7777780294
50890  -25.025  -9.863  62.825 0.5555559993
53972  -28.850  -6.229  62.527 0.4444440007
49002  -22.719  -11.144  60.735 0.8888890147
49924  -23.536  -10.965  60.842 0.7777780294
50920  -23.863  -9.987  61.381 0.7777780294
130007  -24.527  -10.095  61.468 0.7777780294
50922  -25.174  -9.957  61.612 0.7777780294
50906  -25.692  -9.736  62.129 0.6666669846
111305  -29.777  -6.095  61.949 0.4444440007
53973  -29.793  -6.154  62.795 0.4444440007
53985  -28.681  -6.303  61.596 0.5555559993
54017  -35.469  -5.745  59.599 0.2222220004
55003  -35.939  -5.298  60.296 0.1111110002
53999  -27.658  -6.470  60.243 0.6666669846
54000  -28.509  -6.440  60.622 0.6666669846
54001  -30.164  -6.453  60.538 0.7777780294
54002  -30.970  -6.685  60.170 0.7777780294
53004  -33.069  -6.882  58.722 0.7777780294
54016  -34.505  -6.485  58.918 0.5555559993
54010  -27.528  -6.579  59.293 0.7777780294
54011  -28.358  -6.594  59.634 0.7777780294
54013  -29.986  -6.693  59.302 0.7777780294
123564  -30.895  -6.747  59.078 0.8888890147
54028  -32.526  -6.557  58.195 0.8888890147
54029  -33.328  -6.344  58.121 0.7777780294
54030  -34.045  -6.241  58.406 0.5555559993
130246  -35.010  -6.016  59.081 0.3333329856
54027  -31.550  -6.613  58.370 0.8888890147
55017  -33.764  -5.519  57.998 0.6666669846
129761  -18.230  -7.210  63.458 0.2222220004
108901  -18.490  -7.171  63.925 0.2222220004
52953  -19.530  -7.341  63.480 0.2222220004
52952  -18.560  -7.294  63.070 0.2222220004
52966  -20.235  -7.548  62.695 0.2222220004
50854  -23.737  -8.661  64.944 0.1111110002
51885  -21.582  -8.136  62.066 0.4444440007
51872  -22.567  -8.523  63.578 0.2222220004
130646  -23.162  -8.859  63.312 0.2222220004
50888  -23.820  -9.292  63.543 0.2222220004
112448  -20.790  -8.143  61.588 0.4444440007
51886  -22.622  -8.604  62.519 0.2222220004
50872  -24.160  -9.112  64.283 0.1111110002
51910  -20.647  -8.691  60.912 0.6666669846
51896  -21.402  -8.618  61.159 0.4444440007
50905  -23.503  -9.190  62.718 0.4444440007
109117  -24.205  -9.636  62.880 0.5555559993
118851  -26.884  -5.404  63.207 0.2222220004
54969  -27.419  -5.751  63.586 0.2222220004
50918  -21.778  -9.213  60.865 0.5555559993
50904  -23.153  -9.317  61.659 0.6666669846
123083  -23.858  -9.487  62.145 0.6666669846
54980  -27.358  -5.880  62.728 0.2222220004
49923  -23.018  -10.224  60.905 0.7777780294
54993  -27.205  -6.017  61.805 0.3333329856
53971  -27.947  -6.266  62.174 0.3333329856
53983  -27.051  -6.219  60.844 0.5555559993
53984  -27.802  -6.346  61.225 0.5555559993
53998  -26.925  -6.367  59.891 0.6666669846
55012  -35.014  -5.181  59.034 0.2222220004
124325  -29.022  -6.670  59.144 0.7777780294
121811  -32.942  -5.083  57.599 0.6666669846
55018  -34.512  -5.736  58.615 0.3333329856
54023  -27.381  -6.566  58.410 0.7777780294
54024  -28.324  -6.582  58.607 0.7777780294
54025  -29.333  -6.579  58.404 0.8888890147
54039  -31.050  -6.132  57.575 0.8888890147
55031  -32.411  -5.640  57.531 0.7777780294
55032  -33.056  -5.827  57.696 0.7777780294
54035  -27.165  -6.440  57.636 0.7777780294
54036  -27.953  -6.358  57.768 0.8888890147
126412  -29.605  -6.284  57.733 0.8888890147
130283  -26.610  -4.515  63.666 0.2222220004
55923  -26.160  -4.354  62.656 0.2222220004
55913  -26.521  -4.794  63.237 0.2222220004
55932  -26.066  -4.744  61.847 0.4444440007
54992  -26.518  -5.590  61.403 0.4444440007
54991  -25.896  -5.096  60.960 0.5555559993
116245  -25.439  -4.982  59.660 0.7777780294
55001  -25.849  -5.382  60.060 0.5555559993
55002  -26.424  -5.817  60.460 0.6666669846
55011  -26.295  -6.043  59.557 0.6666669846
55015  -25.562  -5.655  58.432 0.7777780294
55016  -26.127  -6.175  58.734 0.6666669846
54022  -26.649  -6.478  58.208 0.6666669846
54021  -26.017  -6.166  57.949 0.7777780294
55030  -31.554  -5.459  57.440 0.8888890147
55024  -25.505  -5.614  57.612 0.7777780294
122604  -26.102  -6.026  57.186 0.8888890147
126503  -26.548  -6.342  57.562 0.7777780294
55027  -28.465  -5.779  57.199 1.0000000000
55028  -29.320  -5.581  57.292 0.8888890147
55961  -31.086  -4.285  57.401 0.8888890147
55958  -25.026  -4.967  57.222 1.0000000000
55025  -26.838  -6.146  56.995 0.8888890147
55026  -27.654  -5.976  57.056 1.0000000000
55040  -28.925  -5.047  56.866 1.0000000000
55959  -29.523  -4.517  56.950 0.8888890147
55972  -29.920  -3.843  56.914 1.0000000000
56907  -30.570  -3.714  57.166 0.8888890147
117732  -25.593  -5.500  56.758 1.0000000000
55045  -26.706  -5.235  55.875 1.0000000000
55038  -27.254  -5.575  56.421 1.0000000000
55039  -28.241  -5.137  56.521 1.0000000000
55971  -28.983  -4.414  56.489 1.0000000000
120957  -29.465  -3.974  56.589 1.0000000000
56922  -30.356  -3.453  56.723 0.8888890147
55044  -26.133  -4.890  55.339 1.0000000000
55979  -27.635  -4.894  55.931 1.0000000000
55970  -28.438  -4.399  56.027 0.8888890147
55980  -28.562  -4.042  55.586 1.0000000000
119272  -27.926  -4.403  55.373 1.0000000000
55989  -28.297  -4.017  54.871 1.0000000000
56858  -26.032  -3.378  62.746 0.3333329856
124466  -25.872  -3.940  62.138 0.5555559993
57888  -25.925  -2.605  62.465 0.3333329856
55931  -25.634  -4.047  61.336 0.5555559993
55939  -25.492  -4.599  60.379 0.6666669846
55946  -25.090  -4.240  59.606 0.8888890147
121253  -25.240  -4.990  58.948 0.8888890147
55952  -24.841  -4.299  58.625 0.8888890147
57945  -30.935  -3.266  57.066 0.8888890147
55969  -25.112  -4.878  56.334 1.0000000000
55036  -25.796  -5.313  55.962 1.0000000000
56921  -29.752  -3.607  56.406 0.8888890147
57954  -30.780  -3.179  56.627 0.8888890147
55978  -25.397  -4.645  55.589 1.0000000000
110368  -27.051  -4.753  55.258 1.0000000000
56932  -28.946  -3.720  55.320 1.0000000000
56933  -29.555  -3.475  55.758 1.0000000000
119430  -30.164  -3.334  55.204 0.8888890147
56935  -30.878  -3.105  55.414 0.7777780294
126051  -25.715  -4.379  55.030 1.0000000000
55988  -27.362  -4.277  54.504 1.0000000000
56948  -29.482  -3.536  54.825 1.0000000000
56949  -30.136  -3.572  54.286 1.0000000000
56946  -28.014  -3.919  53.963 1.0000000000
56947  -28.804  -3.736  54.388 1.0000000000
56966  -28.629  -3.805  53.435 1.0000000000
56967  -29.411  -3.714  53.858 1.0000000000
56870  -25.277  -3.695  60.515 0.7777780294
56864  -25.455  -3.044  61.204 0.5555559993
57918  -25.164  -2.850  60.421 0.5555559993
56890  -24.486  -3.576  58.249 0.7777780294
55957  -24.680  -4.308  57.721 0.8888890147
56906  -24.404  -3.548  57.347 1.0000000000
55968  -24.665  -4.235  56.818 1.0000000000
55977  -24.823  -4.112  55.951 1.0000000000
55986  -25.201  -3.947  55.208 1.0000000000
116234  -25.641  -3.870  54.419 1.0000000000
55996  -26.460  -4.032  53.939 1.0000000000
109313  -30.918  -3.789  53.914 1.0000000000
56945  -25.332  -3.227  54.041 1.0000000000
56963  -25.818  -3.476  53.578 1.0000000000
55997  -27.236  -3.960  53.685 1.0000000000
56984  -29.223  -3.879  52.931 1.0000000000
56951  -32.381  -3.405  54.253 0.6666669846
116956  -25.387  -2.649  53.424 1.0000000000
56964  -26.629  -3.655  53.175 1.0000000000
56965  -27.642  -3.766  52.974 1.0000000000
110787  -28.464  -3.792  52.513 1.0000000000
125233  -29.019  -3.894  52.212 1.0000000000
109872  -29.644  -4.056  52.337 1.0000000000
56985  -30.371  -4.191  52.385 1.0000000000
57000  -29.233  -3.991  51.618 1.0000000000
57001  -30.068  -4.227  51.611 1.0000000000
123315  -25.128  -2.040  60.124 0.3333329856
57917  -24.813  -2.762  59.623 0.5555559993
57930  -24.496  -2.770  58.771 0.7777780294
58870  -24.794  -1.940  59.255 0.4444440007
57937  -24.302  -2.822  57.866 0.6666669846
114314  -24.522  -1.990  58.330 0.5555559993
56920  -24.464  -3.356  56.434 1.0000000000
57944  -24.285  -2.823  57.039 0.8888890147
56931  -24.726  -3.323  55.534 1.0000000000
57964  -24.784  -2.551  55.085 0.8888890147
56944  -25.071  -3.290  54.733 1.0000000000
57965  -25.028  -2.597  54.267 1.0000000000
56969  -31.910  -3.921  53.553 0.5555559993
57978  -25.975  -3.137  52.773 1.0000000000
57991  -26.217  -2.816  52.034 1.0000000000
58005  -27.235  -3.115  51.311 1.0000000000
124600  -28.510  -3.742  51.719 1.0000000000
108891  -31.046  -4.176  52.909 0.7777780294
109063  -32.545  -4.145  52.911 0.6666669846
56970  -32.963  -3.742  53.628 0.4444440007
58004  -26.568  -2.526  51.283 0.8888890147
56999  -28.704  -3.780  50.959 1.0000000000
115473  -29.559  -4.127  50.849 1.0000000000
57002  -31.079  -4.346  51.785 0.8888890147
57003  -32.064  -4.295  51.489 0.7777780294
56987  -32.799  -4.210  52.073 0.5555559993
56988  -33.693  -3.993  52.306 0.4444440007
56989  -34.419  -3.567  52.631 0.3333329856
115500  -31.482  -4.360  50.939 0.7777780294
57004  -33.466  -4.036  51.473 0.6666669846
57023  -33.917  -3.754  50.938 0.4444440007
58006  -35.069  -3.146  51.523 0.3333329856
115472  -30.578  -4.331  50.737 0.8888890147
57021  -32.281  -4.220  50.560 0.7777780294
57022  -33.215  -3.969  50.682 0.7777780294
110462  -34.568  -3.368  50.829 0.4444440007
58875  -24.882  -1.059  58.739 0.3333329856
122508  -24.374  -2.214  56.676 0.5555559993
58881  -24.450  -1.430  56.992 0.5555559993
57953  -24.477  -2.524  55.958 0.5555559993
58896  -24.664  -1.758  55.446 0.7777780294
58908  -24.885  -1.816  54.646 0.6666669846
116632  -25.012  -1.174  54.145 0.6666669846
127035  -25.045  -1.965  53.905 0.6666669846
58917  -25.251  -1.567  53.223 0.7777780294
125417  -25.492  -1.590  52.396 0.8888890147
58928  -25.861  -2.034  51.819 0.8888890147
58937  -26.056  -1.550  51.062 0.7777780294
58019  -26.647  -2.070  50.631 0.8888890147
58020  -27.283  -2.748  50.630 1.0000000000
57017  -28.148  -3.280  50.227 1.0000000000
57018  -28.997  -3.899  50.148 1.0000000000
109622  -35.323  -2.933  50.752 0.3333329856
58948  -27.014  -2.025  50.005 1.0000000000
58035  -27.448  -2.072  49.294 1.0000000000
58036  -28.059  -2.900  49.198 1.0000000000
57038  -29.379  -3.816  49.348 1.0000000000
57039  -30.230  -3.993  49.227 1.0000000000
57040  -31.147  -4.058  49.200 0.8888890147
57042  -33.426  -3.492  49.176 0.6666669846
119361  -33.894  -3.556  50.090 0.6666669846
57061  -28.870  -3.350  48.765 1.0000000000
57063  -30.571  -3.757  48.503 1.0000000000
57065  -32.187  -3.584  48.282 1.0000000000
110779  -32.574  -3.750  49.017 0.7777780294
59795  -25.133  -0.130  58.490 0.2222220004
59809  -24.647  -0.669  57.295 0.4444440007
59810  -24.972  0.024  57.653 0.4444440007
59824  -24.566  -0.854  56.484 0.5555559993
59825  -24.810  -0.052  56.767 0.4444440007
59843  -24.755  -0.356  55.898 0.4444440007
59842  -24.598  -1.100  55.803 0.5555559993
58897  -24.841  -0.920  55.075 0.5555559993
59860  -25.093  -0.281  54.483 0.5555559993
59876  -25.210  -0.513  53.633 0.5555559993
59891  -25.358  -0.701  52.692 0.5555559993
58927  -25.585  -1.184  51.837 0.6666669846
60875  -25.686  0.169  51.188 0.5555559993
59906  -25.720  -0.725  51.310 0.6666669846
59918  -26.017  -0.626  50.620 0.6666669846
59927  -26.439  -0.454  49.862 0.5555559993
58947  -26.496  -1.327  50.250 0.8888890147
58961  -26.944  -1.157  49.408 0.8888890147
58984  -27.543  -1.397  48.693 1.0000000000
58985  -28.160  -1.684  48.017 1.0000000000
123787  -29.324  -3.060  47.934 1.0000000000
57082  -30.819  -3.486  47.752 1.0000000000
127976  -31.682  -3.338  47.519 1.0000000000
57083  -33.447  -2.980  47.770 1.0000000000
57098  -32.221  -2.934  46.888 1.0000000000
58073  -33.066  -2.819  47.001 1.0000000000
121659  -25.475  0.563  57.135 0.3333329856
120648  -25.028  0.039  55.265 0.4444440007
61793  -25.812  1.205  55.741 0.2222220004
111734  -25.295  0.418  54.790 0.3333329856
61794  -26.497  1.649  56.124 0.2222220004
61799  -25.661  1.179  54.802 0.3333329856
61800  -26.332  1.770  55.286 0.3333329856
121040  -25.380  0.152  53.211 0.5555559993
61813  -26.188  2.053  53.449 0.3333329856
122505  -25.429  0.073  52.567 0.5555559993
61823  -25.541  0.491  52.098 0.5555559993
61819  -25.927  1.783  52.751 0.3333329856
61824  -25.745  1.088  51.610 0.5555559993
120196  -26.072  1.765  51.223 0.3333329856
61830  -25.986  1.021  50.778 0.5555559993
60903  -26.646  0.405  49.616 0.5555559993
59928  -26.804  -0.260  49.257 0.7777780294
59946  -27.836  -0.689  48.156 1.0000000000
58071  -29.393  -2.348  47.242 1.0000000000
58087  -30.894  -2.647  46.487 1.0000000000
57097  -31.526  -2.968  46.825 1.0000000000
59020  -29.418  -1.540  46.805 1.0000000000
129301  -30.528  -2.011  46.101 1.0000000000
58106  -32.276  -2.122  45.639 1.0000000000
58089  -32.655  -2.527  46.282 1.0000000000
58107  -33.108  -2.090  45.756 1.0000000000
64612  -29.755  4.431  56.046 0.1111110002
64613  -30.420  4.806  56.552 0.1111110002
64625  -31.077  5.247  56.175 0.1111110002
62695  -27.037  2.117  55.667 0.3333329856
62699  -27.567  2.592  55.303 0.2222220004
63624  -28.601  3.505  55.094 0.1111110002
63625  -29.201  4.031  54.779 0.1111110002
64623  -29.764  4.454  55.200 0.1111110002
64624  -30.358  4.915  55.682 0.1111110002
62707  -26.917  2.325  54.905 0.3333329856
109508  -28.166  3.423  54.335 0.2222220004
124004  -28.780  3.752  54.434 0.1111110002
64627  -29.167  4.126  54.021 0.1111110002
64628  -29.729  4.540  54.367 0.2222220004
62714  -26.813  2.575  54.070 0.3333329856
63638  -26.798  2.832  53.177 0.2222220004
63633  -27.444  3.185  53.762 0.2222220004
117655  -28.675  3.791  53.886 0.1111110002
63644  -26.831  3.085  52.223 0.2222220004
63645  -27.608  3.513  51.876 0.2222220004
62724  -26.386  2.465  51.681 0.2222220004
62729  -26.613  2.332  50.848 0.2222220004
62731  -28.405  2.791  50.250 0.2222220004
61831  -26.942  1.947  50.155 0.3333329856
61839  -26.508  1.105  50.115 0.4444440007
62750  -27.784  2.225  49.799 0.3333329856
60904  -27.189  0.404  48.987 0.4444440007
60923  -27.734  0.244  48.396 0.5555559993
61862  -28.438  0.907  48.294 0.7777780294
116229  -28.252  0.066  47.845 0.8888890147
59962  -28.415  -0.783  47.606 1.0000000000
60940  -29.213  0.230  46.996 0.8888890147
59974  -29.652  -0.687  46.404 1.0000000000
128799  -30.522  -1.224  45.743 1.0000000000
59036  -31.365  -1.103  45.267 0.8888890147
59050  -32.563  -0.990  44.830 0.8888890147
59052  -34.182  -1.022  45.027 1.0000000000
59997  -33.833  -0.485  44.493 0.8888890147
59998  -34.670  -0.459  44.606 0.8888890147
60000  -36.235  -0.160  44.909 0.7777780294
64629  -30.331  4.946  54.818 0.2222220004
64638  -30.299  5.005  53.845 0.2222220004
64637  -29.699  4.573  53.463 0.2222220004
64647  -29.747  4.460  52.583 0.2222220004
63640  -28.306  3.782  52.491 0.2222220004
64646  -29.189  4.054  52.114 0.2222220004
63646  -28.591  3.669  51.552 0.2222220004
63647  -29.603  3.681  51.230 0.2222220004
116696  -28.126  1.768  49.298 0.3333329856
59975  -30.226  -0.232  45.775 0.8888890147
116874  -30.862  -0.558  45.357 0.8888890147
59049  -31.941  -0.874  44.910 0.8888890147
59995  -32.233  -0.350  44.531 0.8888890147
60970  -33.518  0.137  44.115 0.8888890147
60972  -35.127  0.130  44.263 0.8888890147
60973  -36.483  0.450  44.474 0.8888890147
60981  -34.718  0.725  43.871 0.8888890147
60982  -35.731  0.794  43.973 0.8888890147
61912  -36.743  1.220  44.051 0.8888890147
63660  -29.034  3.289  50.708 0.2222220004
63648  -30.544  3.590  51.042 0.2222220004
63661  -30.094  3.156  50.516 0.2222220004
62733  -30.494  2.626  50.058 0.3333329856
122574  -31.330  2.413  49.982 0.3333329856
62732  -29.472  2.752  50.103 0.3333329856
62751  -28.770  2.313  49.616 0.3333329856
62752  -29.824  2.392  49.466 0.3333329856
61843  -30.414  2.265  49.180 0.4444440007
118195  -31.219  2.302  49.307 0.3333329856
61841  -28.869  1.753  48.913 0.3333329856
130726  -29.748  1.724  48.170 0.4444440007
61879  -29.420  1.141  47.578 0.4444440007
60941  -29.748  0.945  46.850 0.4444440007
59986  -31.444  -0.291  44.889 0.8888890147
126808  -31.244  0.501  44.859 0.7777780294
60969  -32.666  0.353  44.118 0.8888890147
60980  -33.323  0.823  43.797 0.8888890147
62830  -37.815  2.638  43.923 0.8888890147
61921  -34.036  1.366  43.578 0.8888890147
62826  -34.538  2.262  43.468 0.8888890147
61924  -36.699  1.951  43.729 0.8888890147
117318  -34.978  2.985  43.408 0.8888890147
62827  -35.452  2.351  43.510 0.8888890147
61864  -30.380  2.134  48.585 0.4444440007
61881  -30.605  2.040  47.375 0.3333329856
61892  -30.633  2.088  46.529 0.6666669846
61891  -30.231  1.502  46.706 0.6666669846
60958  -30.824  1.008  45.311 0.7777780294
61902  -30.898  1.911  45.413 0.7777780294
120486  -32.110  1.055  44.119 0.8888890147
128132  -31.887  1.533  44.177 0.8888890147
61920  -33.094  1.556  43.608 0.8888890147
62825  -33.569  2.245  43.468 0.8888890147
63729  -35.753  3.179  43.452 0.8888890147
63731  -37.414  3.335  43.664 0.8888890147
63728  -34.756  3.648  43.401 0.8888890147
115413  -35.432  3.912  43.397 0.8888890147
65585  -35.376  5.504  43.199 0.8888890147
66478  -34.921  6.111  42.978 0.8888890147
66489  -34.466  6.760  42.699 0.8888890147
67306  -34.776  7.258  42.225 0.8888890147
67316  -35.127  7.741  41.722 0.8888890147
68253  -36.809  8.556  40.308 0.8888890147
68269  -38.402  8.520  39.695 0.8888890147
61865  -31.027  2.302  48.333 0.3333329856
117923  -31.360  2.169  44.759 0.6666669846
120107  -31.760  2.050  44.242 0.8888890147
62810  -32.226  2.568  43.833 0.8888890147
62824  -32.800  2.215  43.588 0.8888890147
63714  -32.249  3.461  43.890 0.8888890147
111694  -33.013  3.014  43.517 0.8888890147
116809  -33.980  3.942  43.422 0.8888890147
64717  -32.826  5.025  43.740 0.8888890147
64730  -33.740  4.810  43.440 0.8888890147
65584  -34.417  5.521  43.248 0.8888890147
65583  -33.484  5.707  43.470 0.8888890147
66477  -34.053  6.258  43.123 0.8888890147
67305  -34.175  7.507  42.574 0.8888890147
67315  -34.545  8.070  42.111 0.8888890147
68241  -34.993  8.720  41.437 0.8888890147
68252  -35.787  8.685  40.766 0.8888890147
69097  -36.205  9.594  40.502 0.8888890147
68268  -37.577  8.929  39.793 0.8888890147
69114  -38.208  9.378  39.468 0.8888890147
68270  -39.085  8.952  39.298 0.7777780294
67348  -39.208  8.158  39.747 0.7777780294
67349  -39.987  7.879  39.847 0.6666669846
67333  -40.789  7.872  39.982 0.6666669846
119687  -39.729  8.454  39.448 0.6666669846
62792  -31.101  2.734  46.217 0.5555559993
115017  -31.349  3.273  45.415 0.5555559993
63713  -31.529  3.845  44.887 0.6666669846
129684  -31.856  3.817  44.372 0.6666669846
124597  -32.266  4.329  44.042 0.6666669846
120695  -32.183  5.173  44.288 0.8888890147
66476  -33.292  6.538  43.460 0.8888890147
122164  -33.234  7.213  43.412 0.8888890147
67295  -33.544  7.817  43.057 0.7777780294
68234  -34.035  8.176  42.552 0.8888890147
68240  -34.291  8.763  42.219 0.8888890147
69941  -35.203  10.387  41.858 0.8888890147
69096  -35.644  10.083  41.103 0.8888890147
69954  -36.262  10.629  40.843 0.8888890147
123558  -36.835  10.272  40.249 0.8888890147
69113  -37.481  9.862  39.775 0.8888890147
118611  -39.920  9.020  39.101 0.7777780294
68271  -40.426  8.408  39.429 0.6666669846
63701  -31.409  3.566  46.263 0.5555559993
63707  -31.433  3.924  45.572 0.5555559993
64709  -31.533  4.518  45.278 0.5555559993
65567  -31.727  5.218  44.944 0.5555559993
64716  -31.800  4.484  44.591 0.5555559993
66461  -32.049  6.689  45.198 0.5555559993
65568  -32.061  5.953  44.656 0.7777780294
126602  -32.373  6.615  44.419 0.5555559993
117884  -32.466  8.090  45.184 0.4444440007
66475  -32.758  6.946  43.887 0.7777780294
67294  -32.931  7.743  43.801 0.6666669846
69068  -33.622  9.309  43.553 0.6666669846
68227  -33.230  8.508  43.616 0.7777780294
69932  -34.695  10.276  42.726 0.7777780294
69926  -35.251  10.986  43.346 0.4444440007
70785  -35.852  11.437  42.947 0.5555559993
69084  -34.642  9.502  41.956 0.8888890147
69934  -35.672  11.096  42.208 0.5555559993
70786  -36.157  11.509  42.176 0.5555559993
70787  -36.728  12.069  42.147 0.5555559993
70807  -36.815  11.156  40.625 0.5555559993
69955  -37.350  10.807  39.973 0.8888890147
69964  -38.011  10.353  39.500 0.8888890147
123702  -38.732  9.899  39.171 0.8888890147
68272  -41.352  8.409  39.438 0.6666669846
65539  -33.927  4.924  48.218 0.3333329856
65558  -31.855  5.017  46.791 0.5555559993
65550  -32.488  5.305  47.399 0.4444440007
110314  -31.521  4.388  46.151 0.5555559993
64702  -31.596  5.170  45.821 0.5555559993
65565  -31.777  5.898  45.450 0.5555559993
67276  -32.245  7.474  45.553 0.5555559993
68205  -32.724  8.763  45.309 0.4444440007
69045  -32.932  9.085  44.717 0.4444440007
68214  -32.764  8.430  44.467 0.4444440007
69915  -34.030  9.985  44.073 0.3333329856
69906  -35.317  10.720  45.096 0.1111110002
70755  -36.451  11.649  45.296 0.1111110002
69925  -34.633  10.484  43.704 0.4444440007
69917  -35.272  10.929  44.237 0.2222220004
70765  -35.899  11.245  44.785 0.2222220004
70776  -36.346  11.866  43.531 0.4444440007
70767  -36.904  12.295  43.978 0.4444440007
121963  -36.352  11.867  42.792 0.5555559993
70777  -36.808  12.286  43.106 0.5555559993
71645  -37.284  12.548  41.698 0.5555559993
70797  -36.930  11.929  41.161 0.5555559993
70808  -37.253  11.663  40.324 0.5555559993
69966  -39.165  10.516  38.806 0.8888890147
70815  -37.858  11.359  39.610 0.8888890147
69116  -40.714  9.076  38.968 0.7777780294
69125  -40.069  9.856  38.680 0.7777780294
129953  -42.090  8.761  39.215 0.6666669846
124402  -42.266  8.182  39.824 0.6666669846
65542  -36.361  5.683  49.093 0.1111110002
110606  -34.954  5.857  48.578 0.1111110002
65551  -33.208  5.619  47.846 0.4444440007
65552  -34.071  5.957  48.269 0.3333329856
66441  -33.309  6.510  47.704 0.1111110002
66431  -34.688  6.688  48.372 0.1111110002
66442  -33.960  6.843  47.996 0.1111110002
66440  -32.574  6.158  47.326 0.4444440007
67261  -32.745  6.973  47.117 0.3333329856
67262  -33.479  7.338  47.514 0.2222220004
68189  -33.711  8.147  47.336 0.2222220004
66448  -32.140  6.511  46.602 0.4444440007
112326  -32.023  6.917  45.935 0.4444440007
68197  -32.593  8.221  46.043 0.4444440007
68198  -33.248  8.574  46.618 0.2222220004
69038  -33.628  9.200  46.261 0.3333329856
69046  -33.307  9.346  45.363 0.4444440007
69047  -34.170  9.705  45.822 0.2222220004
69899  -35.531  10.535  46.479 0.2222220004
69900  -36.130  11.061  46.705 0.2222220004
110647  -37.511  12.119  46.652 0.1111110002
71602  -38.092  12.383  46.961 0.1111110002
71611  -39.155  13.005  47.092 0.1111110002
69898  -34.889  10.079  46.207 0.2222220004
70749  -35.887  11.029  45.749 0.1111110002
126130  -36.463  11.523  46.119 0.1111110002
70751  -37.079  12.120  45.905 0.1111110002
71609  -37.889  12.547  46.148 0.2222220004
72451  -38.855  13.317  45.902 0.1111110002
72458  -38.711  13.400  45.194 0.1111110002
70756  -36.979  12.257  44.882 0.1111110002
71615  -37.694  12.608  45.289 0.3333329856
117883  -38.208  12.978  44.796 0.2222220004
71631  -37.443  12.664  43.526 0.4444440007
71639  -37.734  13.116  42.167 0.5555559993
70816  -38.555  11.397  39.002 0.8888890147
71666  -38.081  12.204  39.457 0.7777780294
71657  -37.787  12.803  40.198 0.5555559993
71656  -37.390  12.381  40.775 0.6666669846
70817  -39.283  11.345  38.510 0.8888890147
128075  -39.796  10.701  38.453 0.7777780294
69973  -40.495  10.511  38.310 0.7777780294
69126  -40.955  9.788  38.520 0.6666669846
69117  -41.517  9.209  38.857 0.6666669846
69118  -42.956  8.698  39.399 0.5555559993
66434  -37.007  6.059  49.360 0.1111110002
66432  -35.589  6.386  48.770 0.1111110002
66433  -36.386  6.663  49.086 0.1111110002
110062  -35.872  7.219  48.784 0.1111110002
67263  -34.342  7.591  47.979 0.1111110002
68183  -35.712  8.063  48.543 0.1111110002
127189  -34.978  8.063  48.170 0.1111110002
68191  -35.192  8.762  48.075 0.1111110002
68190  -34.492  8.464  47.685 0.1111110002
69032  -35.599  9.627  47.859 0.1111110002
69886  -36.834  10.437  48.255 0.1111110002
69031  -34.787  9.223  47.421 0.1111110002
69039  -34.432  9.511  46.646 0.2222220004
69033  -36.198  10.232  47.937 0.1111110002
69893  -37.194  11.180  47.839 0.1111110002
70745  -38.306  12.016  47.723 0.1111110002
69892  -36.467  10.877  47.529 0.1111110002
70750  -36.892  11.577  46.892 0.2222220004
70744  -37.656  11.790  47.363 0.1111110002
71604  -39.344  12.786  47.810 0.1111110002
72446  -39.663  13.331  47.432 0.1111110002
72453  -39.981  13.887  47.064 0.1111110002
72478  -38.924  13.999  43.905 0.1111110002
73359  -39.564  14.406  44.298 0.1111110002
72459  -39.313  13.866  45.667 0.1111110002
72494  -38.153  13.665  41.691 0.4444440007
72486  -38.258  13.613  42.616 0.3333329856
72477  -38.398  13.538  43.502 0.3333329856
118727  -38.367  13.119  39.436 0.5555559993
71646  -37.707  13.052  41.202 0.5555559993
71667  -38.746  12.180  38.770 0.8888890147
69972  -40.032  11.248  38.136 0.7777780294
69127  -42.379  9.495  38.717 0.6666669846
67253  -36.424  7.580  49.005 0.1111110002
67254  -37.097  7.985  49.333 0.1111110002
68184  -36.433  8.518  48.838 0.1111110002
68179  -37.898  8.493  49.729 0.1111110002
69025  -35.845  8.927  48.419 0.1111110002
68185  -37.098  8.992  49.176 0.1111110002
69019  -37.719  9.391  49.356 0.1111110002
124730  -36.452  9.535  48.512 0.1111110002
69026  -37.283  9.863  48.847 0.1111110002
69027  -38.024  10.124  49.191 0.1111110002
69887  -37.600  10.690  48.567 0.1111110002
69888  -38.463  10.978  48.907 0.1111110002
70741  -39.245  11.607  48.906 0.1111110002
70739  -37.939  11.414  48.159 0.1111110002
70740  -38.554  11.665  48.385 0.1111110002
71595  -38.916  12.241  48.174 0.1111110002
71597  -40.461  12.522  48.897 0.1111110002
72440  -40.790  13.173  48.498 0.1111110002
71605  -40.032  12.993  48.186 0.1111110002
72448  -41.026  13.838  48.164 0.1111110002
73345  -39.621  14.292  45.075 0.1111110002
73332  -40.373  14.442  46.692 0.1111110002
69974  -41.269  10.482  38.197 0.7777780294
115121  -40.754  11.072  38.012 0.7777780294
69975  -42.182  10.466  38.135 0.7777780294
113508  -3.569  -24.052  75.521 0.2222220004
37734  -4.927  -23.819  75.187 0.4444440007
130739  -6.323  -22.979  74.537 0.3333329856
110006  -7.964  -21.434  73.567 0.5555559993
125591  -2.394  -23.479  75.084 0.2222220004
38569  -4.102  -22.441  75.060 0.5555559993
40302  -1.970  -21.522  75.338 0.2222220004
42152  -10.964  -18.528  71.685 0.5555559993
44154  -11.741  -17.417  71.231 0.4444440007
43200  -9.842  -17.471  69.375 0.7777780294
44174  -12.381  -16.430  70.358 0.4444440007
45163  -12.530  -16.111  69.492 0.6666669846
125422  -1.574  -20.902  75.164 0.2222220004
40324  -2.707  -20.902  72.195 0.1111110002
124357  -2.327  -20.692  72.750 0.1111110002
44211  -10.904  -16.478  68.184 0.7777780294
119063  -8.296  -17.067  70.218 0.8888890147
45186  -11.584  -15.640  67.379 0.7777780294
45191  -11.909  -15.126  66.808 0.7777780294
126961  -13.734  -14.170  67.166 0.5555559993
42127  -6.143  -18.373  73.271 0.7777780294
44138  -6.751  -16.977  72.636 0.6666669846
45140  -7.797  -15.694  70.672 0.7777780294
126994  -7.459  -14.651  72.282 0.2222220004
47071  -7.781  -13.533  71.505 0.1111110002
47059  -7.565  -13.868  72.295 0.1111110002
47095  -8.335  -13.707  70.199 0.4444440007
46155  -7.990  -14.166  70.707 0.4444440007
47096  -8.594  -13.729  69.534 0.5555559993
46203  -9.815  -14.406  67.603 0.8888890147
131146  -9.865  -15.040  67.783 0.8888890147
46221  -11.839  -14.499  66.222 0.8888890147
46236  -12.034  -13.924  65.714 0.8888890147
47140  -13.921  -13.860  66.508 0.6666669846
121833  -8.459  -13.093  70.046 0.4444440007
130404  -9.391  -14.072  68.104 0.8888890147
47123  -9.934  -13.632  67.096 0.7777780294
47139  -11.339  -13.886  65.937 0.8888890147
48072  -11.736  -12.272  65.229 0.7777780294
48074  -13.196  -12.870  64.928 0.7777780294
48091  -14.806  -12.313  64.405 0.6666669846
120694  -8.693  -13.004  69.294 0.4444440007
48942  -12.138  -11.739  64.799 0.7777780294
48953  -12.897  -11.596  64.336 0.7777780294
48944  -17.818  -11.920  65.155 0.6666669846
111402  -8.173  -11.964  71.075 0.1111110002
49829  -8.164  -10.630  71.441 0.1111110002
48906  -8.344  -11.110  70.739 0.1111110002
48911  -8.572  -11.120  69.796 0.2222220004
120186  -8.962  -11.767  68.641 0.4444440007
48924  -9.583  -11.152  67.447 0.5555559993
118407  -10.662  -11.381  65.908 0.6666669846
48954  -13.605  -11.480  63.982 0.7777780294
48095  -20.576  -12.318  64.746 0.6666669846
49930  -33.201  -10.263  61.219 0.4444440007
50789  -8.703  -9.653  69.598 0.1111110002
49857  -9.027  -10.450  68.569 0.3333329856
50816  -9.640  -9.792  67.563 0.4444440007
50851  -10.761  -9.997  65.842 0.5555559993
49899  -16.114  -10.706  62.817 0.8888890147
50896  -36.315  -9.130  63.707 0.3333329856
108248  -20.047  -11.492  62.769 0.8888890147
48107  -20.677  -12.101  63.799 0.7777780294
50947  -33.016  -9.238  60.123 0.7777780294
50802  -9.327  -9.744  68.150 0.1111110002
130541  -13.717  -9.926  63.507 0.6666669846
124276  -22.040  -13.122  63.845 0.6666669846
52957  -36.760  -7.573  63.313 0.2222220004
129895  -22.474  -13.214  63.318 0.6666669846
125735  -22.729  -13.419  63.730 0.6666669846
47208  -23.677  -13.098  62.432 0.8888890147
47175  -23.921  -13.763  63.949 0.6666669846
49028  -27.499  -11.158  60.561 0.7777780294
49928  -27.744  -10.326  60.531 0.8888890147
125346  -13.055  -9.090  63.923 0.4444440007
50887  -14.441  -9.073  63.038 0.6666669846
50886  -13.700  -9.220  63.517 0.4444440007
48138  -22.094  -12.191  61.421 0.8888890147
50909  -28.735  -9.468  62.193 0.5555559993
110641  -29.353  -9.387  63.160 0.3333329856
51873  -30.933  -9.007  63.342 0.1111110002
112110  -30.201  -9.336  63.838 0.2222220004
50911  -30.274  -9.270  62.315 0.3333329856
51888  -31.349  -8.124  63.085 0.4444440007
51899  -31.447  -7.826  62.040 0.6666669846
117753  -31.960  -8.698  60.311 0.8888890147
51911  -31.437  -8.912  60.664 0.8888890147
51881  -15.638  -8.577  62.580 0.5555559993
124615  -17.592  -8.956  61.653 0.7777780294
50859  -28.397  -9.863  65.830 0.1111110002
130175  -27.093  -9.622  62.655 0.5555559993
50892  -27.561  -9.587  63.396 0.4444440007
53965  -31.050  -6.773  63.565 0.2222220004
53988  -36.083  -6.903  61.068 0.2222220004
114402  -31.526  -7.157  60.843 0.7777780294
54003  -31.623  -6.895  60.302 0.8888890147
112655  -16.185  -7.651  63.126 0.5555559993
52964  -16.088  -8.034  62.718 0.5555559993
129486  -17.397  -7.645  62.629 0.4444440007
54970  -37.089  -5.663  62.994 0.1111110002
50939  -19.974  -8.916  60.843 0.6666669846
124736  -21.696  -10.625  60.692 0.8888890147
49942  -22.216  -10.484  60.695 0.8888890147
53974  -30.692  -6.171  62.018 0.5555559993
130899  -30.289  -6.102  62.380 0.4444440007
124095  -30.265  -6.198  61.380 0.6666669846
52995  -32.781  -7.263  59.338 0.8888890147
54015  -33.827  -6.782  58.726 0.5555559993
108269  -31.596  -6.814  59.523 0.8888890147
52951  -17.615  -7.295  63.360 0.3333329856
50838  -25.478  -8.853  66.541 0.1111110002
52975  -20.129  -7.752  61.940 0.4444440007
51895  -20.078  -8.313  61.327 0.5555559993
53962  -29.018  -6.211  63.422 0.3333329856
53961  -28.089  -6.149  63.092 0.3333329856
110519  -29.460  -6.253  61.017 0.6666669846
55948  -35.468  -4.620  59.652 0.2222220004
54012  -29.230  -6.557  60.018 0.6666669846
54026  -30.364  -6.539  58.093 0.8888890147
54040  -31.988  -6.172  57.649 0.8888890147
54041  -32.684  -6.154  57.751 0.7777780294
52954  -20.491  -7.586  63.534 0.3333329856
51861  -23.277  -8.791  64.160 0.2222220004
52976  -20.760  -7.805  62.203 0.4444440007
51871  -21.860  -8.130  63.096 0.3333329856
52967  -21.054  -7.749  62.839 0.4444440007
51897  -22.219  -8.805  61.448 0.4444440007
119126  -26.592  -5.317  62.443 0.2222220004
54009  -26.778  -6.489  59.015 0.6666669846
55962  -32.108  -4.758  57.438 0.7777780294
54037  -28.818  -6.307  57.784 0.8888890147
54038  -30.152  -5.982  57.464 0.8888890147
55907  -26.750  -4.262  64.084 0.2222220004
55010  -25.707  -5.603  59.233 0.7777780294
55953  -25.078  -5.013  58.093 0.7777780294
55029  -30.606  -5.233  57.374 0.8888890147
121827  -29.916  -5.088  57.257 0.8888890147
55960  -30.205  -4.355  57.224 0.8888890147
55037  -26.358  -5.726  56.486 0.8888890147
56908  -31.245  -3.415  57.411 0.7777780294
55981  -29.084  -3.845  56.099 0.8888890147
56857  -25.760  -3.204  61.968 0.4444440007
56879  -24.966  -3.428  59.879 0.7777780294
56934  -30.299  -3.217  56.103 0.8888890147
55987  -26.375  -4.436  54.694 1.0000000000
120193  -30.743  -3.399  54.686 0.8888890147
56950  -31.559  -3.332  54.630 0.7777780294
57905  -25.407  -2.194  60.956 0.3333329856
56878  -24.709  -3.533  59.142 0.6666669846
56968  -30.091  -3.937  53.248 1.0000000000
56982  -26.794  -3.379  52.390 1.0000000000
57992  -26.855  -3.136  51.739 1.0000000000
56983  -27.641  -3.509  51.945 1.0000000000
117010  -24.380  -2.095  57.451 0.6666669846
59794  -24.810  -0.588  58.027 0.3333329856
57990  -25.650  -2.334  52.566 0.7777780294
56998  -27.926  -3.388  51.125 1.0000000000
56986  -31.905  -4.259  52.449 0.7777780294
126167  -33.172  -4.079  52.825 0.5555559993
126326  -32.766  -4.169  51.235 0.6666669846
57005  -34.334  -3.697  51.693 0.4444440007
57019  -29.881  -4.155  50.015 1.0000000000
130472  -30.634  -4.244  49.854 1.0000000000
57020  -31.359  -4.309  50.141 1.0000000000
57041  -32.027  -4.092  49.590 0.7777780294
116165  -32.913  -3.874  49.841 0.6666669846
58021  -34.805  -3.069  49.996 0.5555559993
58887  -24.480  -1.642  56.208 0.5555559993
111557  -27.584  -2.605  49.891 1.0000000000
57037  -28.663  -3.491  49.526 1.0000000000
58052  -27.866  -2.185  48.672 1.0000000000
57062  -29.733  -3.631  48.590 1.0000000000
128397  -31.857  -3.877  48.878 0.8888890147
57064  -31.374  -3.715  48.345 1.0000000000
124136  -30.115  -3.467  47.965 1.0000000000
57066  -33.023  -3.373  48.383 1.0000000000
114531  -25.287  0.507  56.124 0.3333329856
60851  -25.375  0.468  54.041 0.5555559993
59905  -25.486  -0.322  51.935 0.5555559993
60889  -26.127  0.278  50.304 0.5555559993
59945  -27.268  -0.485  48.757 1.0000000000
58053  -28.465  -2.635  48.359 1.0000000000
58070  -28.794  -2.286  47.751 1.0000000000
59005  -28.816  -1.561  47.376 1.0000000000
58072  -30.197  -3.028  47.240 1.0000000000
57096  -31.018  -3.180  47.110 1.0000000000
110310  -32.611  -3.196  47.626 1.0000000000
58088  -31.800  -2.586  46.232 1.0000000000
60823  -26.020  1.101  56.631 0.2222220004
112270  -27.620  2.426  56.029 0.2222220004
61807  -26.239  1.917  54.411 0.3333329856
61806  -25.750  1.327  53.886 0.5555559993
117294  -25.537  0.816  53.431 0.5555559993
61812  -25.730  1.341  53.142 0.3333329856
62719  -26.312  2.366  52.575 0.2222220004
60857  -25.531  0.693  52.828 0.4444440007
61818  -25.687  1.217  52.427 0.4444440007
117071  -25.914  1.826  52.047 0.2222220004
127618  -26.381  1.646  50.588 0.2222220004
58086  -30.017  -2.267  46.631 1.0000000000
59021  -29.980  -1.580  46.296 1.0000000000
58105  -31.330  -1.980  45.695 1.0000000000
58090  -33.500  -2.411  46.424 1.0000000000
59037  -32.047  -1.498  45.201 0.8888890147
59038  -32.814  -1.601  45.223 1.0000000000
111558  -33.634  -1.582  45.393 1.0000000000
58108  -33.844  -1.987  45.964 1.0000000000
63618  -29.200  3.955  55.567 0.1111110002
62700  -28.100  2.978  55.628 0.2222220004
63623  -28.008  3.046  54.995 0.2222220004
63617  -28.669  3.447  55.995 0.1111110002
62708  -27.486  2.873  54.587 0.2222220004
63639  -27.474  3.413  52.836 0.2222220004
63634  -28.168  3.640  53.417 0.1111110002
64636  -28.986  4.105  53.118 0.1111110002
62725  -27.033  3.021  51.314 0.2222220004
63659  -27.975  3.251  50.997 0.2222220004
62730  -27.414  2.660  50.512 0.2222220004
61840  -27.264  1.305  49.495 0.3333329856
61861  -27.908  1.099  48.847 0.3333329856
60939  -28.684  -0.094  47.396 1.0000000000
59963  -28.973  -0.730  47.054 1.0000000000
59996  -33.014  -0.443  44.417 0.8888890147
59051  -33.328  -1.051  44.845 0.8888890147
60971  -34.311  0.091  44.182 0.8888890147
59999  -35.465  -0.351  44.747 0.8888890147
59988  -35.822  -0.691  45.325 0.7777780294
115187  -35.815  0.157  44.448 0.8888890147
64658  -30.051  4.142  51.744 0.2222220004
61863  -29.157  1.410  48.238 0.5555559993
60924  -28.838  0.634  47.714 0.6666669846
60949  -29.742  0.201  46.357 0.7777780294
60950  -30.228  0.726  45.971 0.7777780294
59985  -30.770  0.175  45.303 0.7777780294
60968  -31.826  0.401  44.442 0.8888890147
118862  -33.977  0.602  43.850 0.8888890147
61922  -35.090  1.523  43.640 0.8888890147
60974  -37.787  0.731  45.021 0.7777780294
62753  -30.694  2.390  49.646 0.3333329856
61842  -29.748  2.007  48.775 0.4444440007
61880  -30.100  1.746  47.644 0.4444440007
61911  -31.456  1.315  44.615 0.7777780294
60979  -32.686  1.092  43.852 0.8888890147
62829  -37.051  2.561  43.646 0.8888890147
61923  -36.013  1.692  43.671 0.8888890147
62828  -36.275  2.479  43.559 0.8888890147
63727  -34.052  3.087  43.407 0.8888890147
61901  -30.492  1.452  45.931 0.7777780294
61919  -32.322  1.720  43.853 0.8888890147
114641  -36.219  3.976  43.432 0.8888890147
63730  -36.630  3.238  43.505 0.8888890147
64732  -35.805  4.745  43.324 0.8888890147
64731  -34.793  4.588  43.330 0.8888890147
111108  -35.210  6.549  42.538 0.8888890147
62801  -31.213  2.611  45.219 0.6666669846
62809  -31.618  2.977  44.519 0.7777780294
63726  -33.029  4.017  43.575 0.8888890147
128809  -33.511  3.514  43.476 0.8888890147
67296  -33.766  6.995  42.991 0.7777780294
129859  -35.487  9.282  40.944 0.8888890147
69098  -36.968  9.425  40.048 0.8888890147
65582  -32.646  6.013  43.938 0.8888890147
68233  -33.754  8.651  42.889 0.8888890147
69077  -34.132  9.392  42.714 0.8888890147
69942  -35.871  10.912  41.557 0.6666669846
70796  -36.441  11.413  41.401 0.6666669846
69115  -39.420  9.631  39.009 0.7777780294
67282  -32.469  7.437  44.601 0.5555559993
68215  -33.088  9.021  44.132 0.6666669846
69069  -34.191  9.912  43.337 0.7777780294
69056  -33.442  9.468  44.442 0.4444440007
70775  -35.843  11.422  43.890 0.3333329856
69933  -35.312  10.903  42.595 0.5555559993
70766  -36.402  11.785  44.397 0.3333329856
117443  -32.085  5.800  46.941 0.5555559993
68206  -32.966  8.918  45.956 0.4444440007
69057  -34.051  9.867  44.953 0.2222220004
69916  -34.668  10.392  44.576 0.3333329856
113335  -35.286  10.518  45.791 0.2222220004
71626  -37.576  12.643  44.401 0.3333329856
71638  -37.302  12.640  42.628 0.4444440007
71665  -37.570  12.134  40.014 0.6666669846
69965  -38.453  10.716  39.185 0.8888890147
67252  -35.207  7.348  48.455 0.1111110002
67269  -32.391  7.346  46.410 0.4444440007
69891  -35.812  10.439  47.297 0.2222220004
71603  -38.723  12.593  47.371 0.1111110002
71610  -38.648  12.889  46.494 0.1111110002
72452  -39.322  13.485  46.557 0.1111110002
71616  -38.365  12.948  45.625 0.2222220004
72470  -38.547  13.459  44.364 0.1111110002
71627  -38.055  13.019  43.947 0.2222220004
71632  -37.872  13.088  43.080 0.4444440007
72504  -38.178  13.630  40.602 0.5555559993
66425  -37.053  6.991  49.394 0.1111110002
69040  -35.152  9.950  47.025 0.2222220004
72447  -40.327  13.611  47.825 0.1111110002
72460  -39.785  14.054  46.353 0.1111110002
72471  -39.075  13.903  44.764 0.1111110002
72495  -38.664  14.180  42.139 0.4444440007
71596  -39.667  12.359  48.563 0.1111110002
71598  -41.268  12.659  49.132 0.1111110002
72441  -41.527  13.369  48.760 0.1111110002
40301  -1.592  -20.188  75.355 0.1111110002
41188  -2.585  -19.315  76.548 0.1111110002
41195  -3.865  -19.752  75.870 0.3333329856
41193  -1.954  -19.919  76.185 0.1111110002
42116  -4.185  -18.913  76.074 0.4444440007
42121  -4.569  -19.291  75.408 0.5555559993
41199  -1.570  -19.467  74.432 0.1111110002
119200  -5.120  -19.144  74.629 0.6666669846
41213  -1.889  -18.836  72.696 0.1111110002
42137  -2.133  -18.507  71.972 0.1111110002
41189  -3.288  -19.218  76.475 0.3333329856
42115  -1.995  -19.070  76.282 0.1111110002
122621  -5.353  -18.252  74.787 0.6666669846
41192  -1.639  -19.357  75.520 0.1111110002
42122  -4.923  -18.564  75.443 0.5555559993
42120  -1.556  -18.768  74.665 0.1111110002
42136  -1.814  -18.126  72.577 0.1111110002
128802  -2.322  -17.987  71.630 0.1111110002
43169  -2.507  -17.528  71.371 0.1111110002
42109  -3.112  -18.668  77.109 0.2222220004
42108  -2.540  -18.643  76.865 0.1111110002
42110  -3.905  -18.500  77.023 0.2222220004
42111  -4.688  -17.817  77.037 0.2222220004
42114  -1.644  -18.449  75.432 0.1111110002
43130  -5.454  -17.660  75.417 0.4444440007
43135  -1.582  -17.991  74.360 0.1111110002
42126  -5.636  -18.459  73.959 0.6666669846
43145  -1.676  -17.699  73.328 0.1111110002
43129  -1.921  -18.112  76.253 0.1111110002
43136  -1.688  -17.374  75.191 0.1111110002
43131  -5.977  -16.794  75.686 0.2222220004
44109  -1.755  -17.143  73.997 0.1111110002
109252  -6.182  -16.956  74.295 0.4444440007
47199  -29.370  -12.800  63.098 0.5555559993
48128  -29.849  -12.369  62.284 0.6666669846
123545  -30.660  -12.234  62.350 0.7777780294
48988  -31.068  -11.688  61.680 0.7777780294
129646  -31.556  -11.396  61.462 0.7777780294
48127  -28.976  -12.468  62.168 0.6666669846
48146  -29.415  -11.985  61.487 0.7777780294
48147  -30.243  -11.862  61.613 0.7777780294
49009  -30.547  -11.333  61.132 0.7777780294
48125  -27.224  -12.519  61.821 0.7777780294
48144  -27.840  -12.223  61.338 0.7777780294
49006  -28.048  -11.712  60.833 0.6666669846
49007  -28.922  -11.391  60.799 0.7777780294
53952  -28.142  -6.110  64.000 0.1111110002
55963  -32.616  -4.287  57.674 0.6666669846
56909  -31.858  -3.630  57.691 0.7777780294
53963  -30.106  -6.283  63.677 0.2222220004
54960  -28.142  -6.066  64.923 0.1111110002
56910  -32.571  -3.670  58.077 0.6666669846
113248  -26.996  -3.904  64.722 0.1111110002
55894  -27.682  -4.352  65.870 0.1111110002
54958  -27.153  -4.741  64.625 0.1111110002
54950  -27.651  -5.233  65.350 0.1111110002
57931  -32.332  -3.013  58.523 0.4444440007
54968  -26.873  -5.052  63.878 0.1111110002
54959  -27.474  -5.550  64.441 0.1111110002
56892  -32.171  -3.136  58.544 0.5555559993
56891  -31.803  -3.154  57.898 0.5555559993
56837  -27.100  -3.032  64.760 0.1111110002
121665  -26.379  -3.958  63.441 0.1111110002
56836  -26.679  -3.426  64.098 0.2222220004
126531  -27.335  -4.374  65.205 0.1111110002
56822  -28.107  -4.170  66.625 0.1111110002
123557  -34.230  -2.810  47.924 0.7777780294
58075  -34.687  -2.461  47.391 0.6666669846
58092  -35.143  -2.063  46.915 0.6666669846
57889  -26.177  -2.158  62.929 0.2222220004
57896  -25.672  -2.390  61.756 0.2222220004
58834  -25.908  -1.872  62.284 0.2222220004
56848  -26.357  -3.049  63.461 0.2222220004
57874  -26.682  -2.538  64.082 0.2222220004
123879  -34.487  -2.887  48.598 0.8888890147
58074  -33.899  -2.637  47.164 0.8888890147
123670  -34.910  -1.842  46.418 0.6666669846
59006  -35.872  -1.814  47.164 0.6666669846
59023  -36.351  -1.352  46.672 0.6666669846
59977  -37.619  -0.742  46.453 0.5555559993
59039  -34.618  -1.550  45.809 0.8888890147
128221  -35.416  -1.139  45.731 0.7777780294
59040  -36.084  -0.979  46.012 0.6666669846
59990  -37.370  -0.349  45.834 0.6666669846
59989  -36.600  -0.499  45.550 0.5555559993
59750  -26.395  -0.487  63.210 0.1111110002
59758  -26.118  -0.401  62.300 0.1111110002
58835  -26.223  -1.339  62.874 0.1111110002
110292  -26.569  -1.201  63.735 0.1111110002
58860  -25.377  -1.409  60.584 0.2222220004
58846  -25.640  -1.511  61.482 0.2222220004
58847  -25.917  -1.181  62.109 0.2222220004
57067  -33.817  -3.103  48.512 0.6666669846
129401  -38.022  -0.294  46.110 0.6666669846
60959  -37.111  0.124  45.104 0.6666669846
125703  -37.597  1.301  44.462 0.6666669846
112731  -38.119  1.948  44.323 0.7777780294
117798  -25.544  -0.856  60.950 0.1111110002
58871  -25.149  -1.232  59.726 0.1111110002
120165  -38.898  1.948  44.664 0.7777780294
62811  -37.361  1.905  43.954 0.7777780294
61914  -39.679  1.855  44.973 0.5555559993
63715  -39.044  3.537  44.361 0.5555559993
62813  -39.484  2.723  44.615 0.3333329856
63732  -38.231  3.593  43.996 0.7777780294
62756  -33.822  2.189  49.824 0.2222220004
62757  -34.379  2.329  50.027 0.2222220004
63674  -34.786  2.844  49.685 0.2222220004
63675  -35.554  3.163  49.840 0.1111110002
62770  -32.702  2.359  48.889 0.2222220004
62771  -33.436  2.334  49.224 0.2222220004
63684  -33.661  3.015  48.772 0.2222220004
63685  -34.509  3.409  48.935 0.2222220004
110070  -31.881  2.441  48.455 0.2222220004
63683  -32.910  2.679  48.475 0.2222220004
63694  -33.062  3.611  48.079 0.3333329856
63692  -31.596  3.058  47.146 0.4444440007
64697  -32.417  4.340  47.443 0.3333329856
64703  -31.775  3.975  46.952 0.4444440007
63716  -39.662  3.551  44.602 0.5555559993
123470  -37.017  4.046  43.525 0.7777780294
64735  -38.210  4.661  43.872 0.7777780294
62737  -34.449  2.568  50.560 0.1111110002
122232  -34.038  2.268  50.308 0.1111110002
62769  -32.105  2.295  49.155 0.2222220004
62755  -33.021  2.234  49.649 0.2222220004
64688  -35.117  4.138  48.733 0.2222220004
111975  -34.471  4.285  48.499 0.3333329856
64698  -33.145  4.655  47.869 0.3333329856
109024  -37.170  5.576  43.319 0.7777780294
68256  -42.448  8.007  40.928 0.5555559993
68273  -42.975  8.204  40.226 0.3333329856
62734  -31.950  2.497  50.210 0.2222220004
62735  -32.693  2.368  50.243 0.2222220004
62736  -33.487  2.259  50.274 0.2222220004
63665  -33.878  2.462  50.660 0.1111110002
62754  -32.120  2.304  49.808 0.3333329856
65540  -34.819  4.985  48.498 0.1111110002
66493  -39.213  6.730  43.035 0.6666669846
65586  -36.292  5.577  43.227 0.7777780294
65587  -37.605  5.960  43.238 0.7777780294
67322  -40.916  7.417  41.491 0.5555559993
67331  -39.405  7.503  40.298 0.5555559993
67332  -40.272  7.395  40.641 0.5555559993
116253  -41.060  7.610  40.674 0.5555559993
68243  -41.661  7.717  41.292 0.5555559993
68255  -41.613  7.875  40.281 0.5555559993
122719  -41.652  9.862  38.455 0.5555559993
63662  -31.177  2.850  50.454 0.2222220004
63664  -33.051  2.657  50.706 0.1111110002
63651  -33.616  2.919  50.980 0.1111110002
65596  -36.800  6.088  43.001 0.7777780294
66491  -37.678  6.355  42.794 0.7777780294
66502  -38.897  6.808  42.154 0.6666669846
66490  -36.029  6.526  42.398 0.7777780294
129218  -36.379  6.787  41.973 0.7777780294
129743  -37.444  6.660  42.047 0.7777780294
67320  -39.421  7.073  41.215 0.6666669846
110277  -36.809  7.033  41.515 0.7777780294
67318  -37.713  6.994  41.345 0.7777780294
127956  -38.832  7.265  40.655 0.7777780294
67329  -37.238  7.575  40.710 0.7777780294
67330  -38.631  7.803  40.158 0.7777780294
70832  -41.243  12.041  37.425 0.6666669846
70833  -41.990  11.835  37.338 0.5555559993
71691  -42.923  13.037  36.359 0.5555559993
71692  -43.863  12.753  36.427 0.6666669846
72531  -45.013  13.050  35.977 0.4444440007
71703  -45.910  12.972  35.836 0.4444440007
71704  -46.864  12.899  35.964 0.4444440007
130675  -35.380  7.006  42.057 0.7777780294
67317  -35.899  7.244  41.637 0.7777780294
68242  -35.568  8.049  41.234 0.7777780294
67328  -36.297  7.824  40.924 0.7777780294
71672  -39.783  12.817  37.823 0.7777780294
71678  -40.729  12.799  37.335 0.7777780294
71690  -42.014  13.095  36.636 0.7777780294
126468  -42.937  13.770  35.914 0.7777780294
72530  -44.316  13.065  36.062 0.5555559993
72539  -44.355  13.609  35.555 0.5555559993
128583  -45.863  13.322  35.171 0.4444440007
72513  -38.847  13.853  39.088 0.4444440007
72514  -39.389  13.701  38.247 0.5555559993
71671  -39.034  12.955  38.509 0.6666669846
73406  -40.365  14.441  37.420 0.6666669846
72519  -40.057  13.627  37.576 0.6666669846
72520  -40.793  13.684  37.064 0.6666669846
72527  -41.503  13.784  36.626 0.6666669846
72528  -42.258  13.799  36.249 0.7777780294
72538  -43.444  14.160  35.477 0.7777780294
73419  -44.080  14.224  35.140 0.6666669846
72556  -46.302  13.448  34.504 0.4444440007
73431  -43.598  14.680  35.029 0.7777780294
72555  -44.725  14.025  34.996 0.4444440007
123164  -45.476  13.784  34.778 0.4444440007
73395  -38.947  14.635  39.811 0.4444440007
73401  -39.312  14.514  38.850 0.5555559993
73402  -39.754  14.450  38.058 0.5555559993
74333  -40.223  15.331  37.993 0.5555559993
73407  -41.003  14.507  36.836 0.6666669846
74353  -42.308  15.796  35.796 0.7777780294
74354  -42.912  15.040  35.247 0.7777780294
73432  -44.178  14.691  34.604 0.4444440007
72568  -45.804  14.032  34.057 0.4444440007
73444  -44.678  14.941  33.845 0.4444440007
128001  -38.976  14.812  40.797 0.3333329856
130546  -38.616  14.269  40.474 0.4444440007
74320  -39.419  15.382  40.286 0.4444440007
74365  -43.380  15.367  34.750 0.7777780294
74366  -43.965  15.404  34.115 0.5555559993
74381  -44.544  15.667  33.303 0.4444440007
126869  -42.769  15.804  35.210 0.7777780294
75231  -42.976  16.201  34.851 0.7777780294
75237  -43.812  16.126  33.765 0.6666669846
75251  -44.301  16.524  33.040 0.5555559993
75250  -43.777  16.853  33.518 0.5555559993
76117  -43.028  17.716  34.752 0.6666669846
76120  -43.566  17.603  33.687 0.5555559993
76121  -44.221  17.399  32.937 0.5555559993
76967  -44.268  18.420  33.033 0.5555559993
76968  -45.127  19.309  33.049 0.4444440007
77812  -45.913  19.958  33.290 0.5555559993
78587  -47.473  20.633  33.288 0.2222220004
79333  -47.691  21.473  33.544 0.3333329856
75230  -42.535  16.597  35.587 0.7777780294
120868  -42.824  16.911  35.017 0.6666669846
76966  -43.512  18.531  33.988 0.3333329856
78580  -43.845  20.099  34.554 0.3333329856
77810  -44.138  19.285  33.525 0.5555559993
77811  -44.814  19.968  33.447 0.3333329856
78585  -45.455  20.620  33.599 0.3333329856
79316  -45.514  21.885  34.298 0.3333329856
79317  -46.606  21.877  34.118 0.2222220004
80026  -47.016  22.518  34.378 0.2222220004
80027  -47.878  22.599  34.252 0.2222220004
80028  -48.293  22.825  34.092 0.1111110002
78586  -46.651  20.578  33.535 0.3333329856
80037  -48.090  22.169  33.735 0.1111110002
80038  -48.435  22.883  33.475 0.1111110002
80758  -48.692  23.687  33.436 0.1111110002
119181  -48.024  21.664  33.312 0.3333329856
80050  -48.260  22.213  33.029 0.1111110002
131253  -48.377  22.798  32.923 0.1111110002
80767  -48.137  22.863  32.441 0.1111110002
80794  -47.529  23.519  30.948 0.1111110002
81494  -48.060  24.258  31.037 0.1111110002
124454  -47.315  23.635  30.073 0.1111110002
76965  -43.197  18.693  34.963 0.6666669846
77807  -43.640  19.353  34.309 0.3333329856
120635  -44.202  20.867  34.752 0.3333329856
79330  -44.962  21.233  34.049 0.3333329856
124397  -45.587  22.934  34.994 0.2222220004
81468  -48.108  24.273  34.837 0.1111110002
127837  -48.844  25.716  35.108 0.1111110002
80751  -48.168  23.394  34.445 0.1111110002
80752  -48.587  23.419  34.057 0.1111110002
119530  -48.860  23.980  33.937 0.1111110002
82186  -49.116  25.017  34.469 0.1111110002
81479  -48.995  24.293  33.473 0.1111110002
82192  -49.501  25.435  33.906 0.1111110002
110048  -49.760  26.104  33.120 0.1111110002
80781  -48.185  23.719  31.866 0.1111110002
130037  -49.661  25.926  32.426 0.1111110002
82205  -49.998  26.545  31.483 0.1111110002
82910  -50.695  28.645  31.383 0.1111110002
81530  -47.629  24.152  29.345 0.1111110002
121946  -49.371  25.876  30.884 0.1111110002
82214  -50.325  27.099  30.602 0.1111110002
81531  -48.416  24.910  29.675 0.1111110002
114327  -47.251  24.465  35.304 0.1111110002
115658  -47.902  25.255  35.398 0.1111110002
110290  -49.422  25.955  34.530 0.1111110002
82895  -49.846  26.459  33.841 0.1111110002
82896  -50.337  27.177  32.971 0.1111110002
121802  -50.591  27.729  30.769 0.1111110002
82231  -50.207  27.086  29.998 0.1111110002
67309  -41.565  7.689  42.453 0.4444440007
67308  -40.658  7.228  42.587 0.4444440007
67307  -39.725  6.971  42.351 0.6666669846
43146  -6.080  -17.666  73.738 0.5555559993
48078  -19.639  -12.261  65.860 0.3333329856
48079  -20.403  -12.492  65.616 0.3333329856
49031  -30.316  -10.785  60.743 0.7777780294
130210  -31.877  -10.748  60.865 0.7777780294
124497  -28.848  -10.692  60.536 0.7777780294
117430  -26.148  -2.717  63.002 0.2222220004
62781  -31.222  2.484  47.488 0.4444440007
62812  -38.607  2.702  44.279 0.6666669846
66479  -35.812  6.076  42.987 0.7777780294
68254  -37.794  8.101  40.155 0.7777780294
73380  -38.582  14.242  41.252 0.4444440007
70822  -39.505  12.060  38.170 0.7777780294
70823  -40.469  11.882  37.737 0.7777780294
70824  -41.466  11.274  37.776 0.6666669846
48080  -21.141  -12.774  65.271 0.5555559993
58091  -34.386  -2.180  46.563 0.7777780294
60960  -37.943  0.154  45.585 0.5555559993
42125  -1.651  -18.621  73.590 0.1111110002
42147  -2.637  -18.302  71.419 0.1111110002
42117  -4.778  -18.155  76.244 0.3333329856
43137  -5.747  -17.628  74.512 0.4444440007
43156  -1.795  -17.436  72.543 0.1111110002
48110  -30.331  -12.644  63.076 0.6666669846
48145  -28.561  -12.115  61.383 0.7777780294
49008  -29.826  -11.344  60.991 0.7777780294
47212  -27.690  -12.865  62.660 0.6666669846
48126  -28.132  -12.541  62.015 0.7777780294
53953  -29.099  -6.321  64.345 0.2222220004
119051  -27.392  -3.618  65.362 0.1111110002
56829  -27.818  -3.385  66.070 0.1111110002
58054  -34.968  -2.647  48.181 0.5555559993
57884  -26.350  -2.472  63.408 0.2222220004
59022  -35.492  -1.548  46.381 0.6666669846
59024  -37.136  -1.218  46.883 0.5555559993
59976  -36.862  -0.855  46.234 0.6666669846
59768  -25.773  -0.669  61.556 0.1111110002
126612  -38.784  4.332  44.176 0.6666669846
113336  -40.091  3.188  44.766 0.4444440007
131240  -37.673  4.100  43.725 0.7777780294
62772  -34.133  2.503  49.442 0.2222220004
62782  -32.099  2.647  48.083 0.2222220004
63693  -32.314  3.274  47.683 0.3333329856
64687  -33.829  3.968  48.343 0.3333329856
64718  -39.501  4.450  44.460 0.4444440007
64733  -36.671  4.828  43.375 0.7777780294
64734  -37.480  4.841  43.559 0.7777780294
111758  -38.074  5.541  43.588 0.7777780294
68244  -42.248  8.097  42.109 0.3333329856
112645  -42.799  8.410  41.862 0.3333329856
63663  -32.132  2.778  50.573 0.2222220004
66494  -40.022  6.901  43.279 0.5555559993
66481  -38.824  5.956  43.694 0.7777780294
66480  -38.249  6.180  43.293 0.7777780294
67321  -40.207  7.169  41.599 0.5555559993
63649  -31.416  3.463  51.003 0.1111110002
66500  -36.857  6.497  42.344 0.7777780294
66492  -38.501  6.539  42.839 0.7777780294
66501  -38.133  6.686  42.090 0.7777780294
67319  -38.530  6.989  41.305 0.7777780294
110285  -38.122  7.385  40.638 0.7777780294
71679  -41.622  12.523  37.057 0.6666669846
72529  -43.640  13.382  35.936 0.7777780294
71695  -46.437  12.603  36.488 0.3333329856
72540  -45.216  13.449  35.398 0.4444440007
72541  -46.526  13.060  35.254 0.4444440007
127344  -41.325  13.148  36.904 0.6666669846
72505  -38.514  13.948  39.866 0.4444440007
74346  -41.870  15.355  36.182 0.6666669846
73418  -42.445  14.621  35.793 0.7777780294
73433  -45.023  14.340  34.330 0.4444440007
125975  -39.717  15.077  38.621 0.5555559993
74327  -39.510  15.265  39.385 0.5555559993
74338  -40.706  15.145  37.267 0.5555559993
73381  -39.101  14.737  41.659 0.3333329856
74313  -39.494  15.359  41.176 0.3333329856
73382  -39.645  15.234  42.009 0.2222220004
74328  -39.907  15.998  39.797 0.4444440007
75236  -43.301  16.726  34.287 0.6666669846
77808  -44.111  19.872  33.894 0.3333329856
79318  -47.529  21.929  34.007 0.2222220004
79332  -47.148  21.263  33.739 0.3333329856
78584  -44.493  20.494  33.956 0.3333329856
80025  -46.000  22.511  34.493 0.2222220004
79331  -46.040  21.285  33.792 0.3333329856
80750  -47.336  23.194  34.630 0.2222220004
80768  -48.467  23.359  32.773 0.1111110002
81486  -48.790  24.307  32.625 0.1111110002
81510  -48.533  24.919  30.553 0.1111110002
81509  -47.802  24.268  30.282 0.1111110002
80744  -47.572  23.805  34.845 0.1111110002
81469  -48.595  24.838  34.808 0.1111110002
81475  -48.689  24.162  34.353 0.1111110002
82191  -49.188  24.566  33.963 0.1111110002
82199  -49.392  25.059  33.138 0.1111110002
83556  -50.267  27.488  33.826 0.1111110002
82198  -49.310  25.366  32.042 0.1111110002
81495  -48.646  24.733  31.521 0.1111110002
82903  -50.172  26.755  32.268 0.1111110002
82904  -50.523  27.639  32.075 0.1111110002
82909  -50.538  27.627  31.406 0.1111110002
82213  -49.208  25.842  29.946 0.1111110002
82890  -49.861  26.885  34.564 0.1111110002
83548  -50.300  28.041  34.559 0.1111110002
68235  -42.194  8.172  42.857 0.3333329856
67297  -40.798  7.057  43.495 0.3333329856
39448  -8.703  -22.023  75.212 0.1111110002
38571  -7.899  -22.403  74.858 0.1111110002
39454  -8.376  -21.761  74.321 0.3333329856
36890  -4.881  -25.356  76.488 0.1111110002
37735  -5.861  -23.878  75.472 0.2222220004
39455  -9.207  -21.427  74.647 0.1111110002
40305  -9.991  -21.071  75.002 0.1111110002
41196  -11.168  -19.995  75.044 0.1111110002
40313  -9.754  -20.858  74.138 0.3333329856
40322  -10.298  -20.246  73.659 0.3333329856
41202  -11.029  -19.605  74.133 0.1111110002
110221  -11.484  -19.294  74.879 0.1111110002
40321  -9.477  -20.591  73.304 0.6666669846
41208  -9.943  -20.038  72.846 0.3333329856
42123  -11.641  -18.788  74.279 0.1111110002
41209  -10.706  -19.614  73.093 0.2222220004
42129  -11.375  -18.879  73.286 0.2222220004
42128  -10.904  -19.048  72.437 0.3333329856
129773  -10.484  -19.104  71.794 0.4444440007
113687  -11.846  -18.281  73.682 0.1111110002
42140  -11.369  -18.504  72.481 0.2222220004
43147  -11.755  -18.098  72.958 0.2222220004
43160  -11.617  -17.863  72.059 0.3333329856
112433  -13.486  -14.482  71.096 0.1111110002
47072  -13.909  -13.643  71.371 0.1111110002
47996  -14.863  -12.814  70.884 0.1111110002
48007  -15.031  -12.847  69.925 0.1111110002
47073  -14.416  -13.070  71.318 0.1111110002
47086  -14.351  -13.398  70.464 0.1111110002
48021  -15.638  -12.634  69.195 0.2222220004
47085  -13.815  -14.028  70.584 0.1111110002
46157  -13.499  -14.664  70.246 0.2222220004
47097  -13.895  -14.093  69.739 0.2222220004
47098  -14.465  -13.462  69.393 0.2222220004
128306  -13.739  -14.448  69.126 0.3333329856
48020  -14.956  -12.954  68.867 0.2222220004
48032  -15.549  -12.664  68.188 0.2222220004
47110  -13.974  -14.039  68.858 0.3333329856
47111  -14.447  -13.516  68.422 0.2222220004
47125  -14.377  -13.562  67.403 0.3333329856
47112  -14.868  -13.055  68.048 0.2222220004
47126  -15.097  -12.899  67.329 0.2222220004
48045  -15.851  -12.475  67.261 0.2222220004
47141  -14.637  -13.264  66.512 0.3333329856
48059  -15.373  -12.715  66.509 0.2222220004
48046  -16.747  -12.310  67.087 0.2222220004
48060  -16.117  -12.337  66.429 0.3333329856
118998  -15.622  -12.526  65.701 0.5555559993
42105  -4.171  -18.210  77.788 0.1111110002
111129  -5.391  -17.370  76.345 0.1111110002
113588  -16.786  -12.165  66.301 0.2222220004
48062  -18.380  -12.326  66.804 0.2222220004
48061  -17.469  -12.204  66.556 0.2222220004
48933  -18.035  -12.028  65.963 0.2222220004
47113  -21.981  -13.570  68.618 0.1111110002
47127  -21.844  -13.421  67.748 0.1111110002
48077  -17.247  -11.988  65.766 0.4444440007
115920  -19.713  -12.700  67.395 0.2222220004
48050  -20.420  -12.887  67.330 0.2222220004
46172  -24.450  -14.374  69.288 0.1111110002
47103  -23.784  -14.115  68.963 0.1111110002
47115  -23.242  -13.851  68.534 0.1111110002
47114  -22.629  -13.653  68.126 0.1111110002
48063  -19.303  -12.426  66.672 0.2222220004
48064  -20.202  -12.653  66.567 0.2222220004
126057  -21.459  -13.246  67.179 0.1111110002
115239  -20.950  -12.971  66.914 0.2222220004
48065  -21.005  -12.868  66.142 0.2222220004
109982  -25.839  -14.783  70.219 0.1111110002
124731  -25.718  -14.732  69.523 0.1111110002
46173  -25.119  -14.586  69.822 0.1111110002
109915  -25.230  -14.587  69.055 0.1111110002
125994  -21.972  -13.397  67.035 0.1111110002
47142  -21.565  -13.197  66.588 0.3333329856
46174  -26.357  -14.883  69.591 0.1111110002
124271  -24.216  -14.259  68.705 0.1111110002
47116  -23.977  -14.136  68.103 0.1111110002
46213  -29.666  -14.624  67.203 0.1111110002
46229  -30.341  -14.322  66.496 0.1111110002
48964  -35.507  -10.742  64.452 0.2222220004
123353  -23.242  -13.829  67.851 0.1111110002
48963  -34.538  -11.295  64.222 0.2222220004
47128  -22.698  -13.647  67.250 0.1111110002
47146  -31.231  -13.972  66.094 0.1111110002
115703  -31.317  -13.476  65.228 0.2222220004
47164  -32.101  -13.219  65.142 0.2222220004
47183  -32.560  -12.706  64.558 0.2222220004
48112  -32.988  -12.022  63.984 0.3333329856
48962  -33.726  -11.696  64.116 0.2222220004
48977  -33.929  -11.123  63.418 0.3333329856
46243  -29.781  -14.151  65.878 0.1111110002
47163  -30.469  -13.848  65.610 0.2222220004
47182  -31.666  -12.997  64.567 0.2222220004
48976  -33.312  -11.584  63.528 0.3333329856
124347  -31.121  -13.177  64.586 0.2222220004
131124  -31.832  -12.643  63.999 0.2222220004
48111  -32.278  -12.249  63.672 0.3333329856
116036  -26.797  -14.885  68.953 0.1111110002
46190  -24.682  -14.404  68.518 0.1111110002
46191  -25.461  -14.597  68.292 0.1111110002
46192  -26.317  -14.744  68.199 0.1111110002
120549  -27.709  -15.026  69.007 0.1111110002
115507  -28.077  -14.909  67.991 0.1111110002
46193  -27.182  -14.841  68.200 0.1111110002
114557  -24.830  -14.424  67.746 0.1111110002
46211  -27.437  -14.758  67.530 0.1111110002
46212  -28.027  -14.676  67.097 0.1111110002
49901  -34.784  -10.620  63.637 0.2222220004
52933  -14.007  -7.844  64.405 0.1111110002
47143  -22.291  -13.490  66.413 0.3333329856
47129  -23.592  -14.001  67.249 0.1111110002
46227  -28.495  -14.488  66.378 0.1111110002
46228  -29.360  -14.419  66.438 0.1111110002
47157  -21.738  -13.179  65.807 0.3333329856
47144  -23.239  -13.893  66.306 0.3333329856
47158  -22.580  -13.579  65.412 0.4444440007
47181  -30.443  -13.353  64.723 0.2222220004
113207  -21.864  -13.157  64.881 0.5555559993
46210  -26.712  -14.702  67.484 0.1111110002
46209  -25.751  -14.593  67.390 0.1111110002
52948  -14.819  -7.839  63.774 0.2222220004
46208  -24.916  -14.428  66.926 0.2222220004
46242  -28.998  -14.193  65.661 0.1111110002
47145  -24.151  -14.217  66.609 0.2222220004
111005  -26.952  -14.565  66.318 0.1111110002
108563  -28.076  -14.332  65.709 0.1111110002
47162  -29.713  -13.771  65.248 0.2222220004
48975  -32.697  -11.745  63.234 0.3333329856
47159  -23.406  -13.904  65.362 0.4444440007
46241  -27.164  -14.419  65.646 0.2222220004
127871  -27.720  -14.173  65.178 0.2222220004
47161  -29.079  -13.764  65.003 0.2222220004
47180  -29.533  -13.411  64.544 0.2222220004
47201  -31.008  -12.839  63.894 0.2222220004
114959  -31.583  -12.372  63.344 0.4444440007
111480  -33.183  -11.305  62.841 0.4444440007
47173  -22.468  -13.435  64.479 0.4444440007
46252  -27.085  -14.147  64.831 0.2222220004
116302  -27.853  -13.814  64.592 0.4444440007
123698  -29.257  -13.157  63.901 0.3333329856
47200  -29.993  -13.015  63.882 0.4444440007
48130  -32.003  -11.894  62.902 0.4444440007
47179  -28.697  -13.506  64.383 0.3333329856
128827  -30.998  -12.457  63.036 0.5555559993
48990  -32.464  -11.469  62.374 0.4444440007
49913  -32.991  -10.919  61.880 0.4444440007
48989  -31.763  -11.648  62.045 0.5555559993
49010  -32.078  -11.176  61.400 0.5555559993
49929  -32.431  -10.581  60.973 0.5555559993
129169  -15.390  -7.608  63.746 0.2222220004
46224  -24.870  -14.380  66.074 0.2222220004
46225  -26.426  -14.595  66.749 0.1111110002
47160  -24.074  -14.166  65.719 0.2222220004
46240  -26.353  -14.508  65.995 0.2222220004
109461  -23.192  -13.704  64.483 0.4444440007
46251  -26.353  -14.327  65.217 0.2222220004
47178  -27.186  -13.639  64.076 0.3333329856
47198  -28.642  -13.097  63.568 0.4444440007
47213  -28.477  -12.809  62.803 0.4444440007
54994  -36.646  -5.568  61.643 0.1111110002
113636  -25.647  -14.510  66.455 0.2222220004
46239  -25.622  -14.395  65.625 0.2222220004
121956  -23.993  -14.008  64.821 0.2222220004
46238  -24.863  -14.200  65.104 0.2222220004
46250  -25.671  -14.216  64.907 0.3333329856
47176  -25.281  -13.947  64.259 0.3333329856
47177  -26.250  -13.909  64.330 0.4444440007
47195  -25.671  -13.489  63.458 0.5555559993
47196  -26.567  -13.378  63.433 0.4444440007
47197  -27.386  -13.221  63.332 0.4444440007
124231  -28.034  -13.068  63.254 0.4444440007
116244  -26.068  -13.007  62.731 0.5555559993
56894  -33.874  -3.753  58.799 0.1111110002
120757  -34.333  -4.732  58.503 0.2222220004
55954  -33.398  -4.285  58.035 0.3333329856
56880  -33.343  -3.006  59.966 0.1111110002
56881  -33.935  -3.291  59.682 0.1111110002
112564  -33.097  -3.152  59.543 0.1111110002
58861  -33.894  -2.238  60.224 0.1111110002
57897  -34.377  -2.283  60.777 0.1111110002
56871  -33.893  -2.718  60.336 0.1111110002
127940  -33.331  -2.719  59.809 0.1111110002
57932  -32.950  -3.142  59.218 0.1111110002
57938  -31.453  -3.009  57.470 0.5555559993
57939  -31.941  -2.768  57.947 0.4444440007
57946  -31.258  -2.907  56.926 0.5555559993
58862  -34.477  -1.959  60.600 0.1111110002
122612  -33.547  -2.049  59.374 0.1111110002
57919  -32.854  -2.626  59.058 0.1111110002
58883  -32.449  -2.246  57.572 0.4444440007
58876  -32.504  -2.473  58.345 0.3333329856
58882  -31.817  -2.592  57.258 0.4444440007
58949  -37.609  -1.886  50.552 0.2222220004
58965  -38.880  -1.364  49.736 0.2222220004
58022  -35.679  -2.766  49.961 0.3333329856
58023  -36.524  -2.468  49.980 0.2222220004
58963  -37.655  -1.760  49.152 0.2222220004
58988  -39.053  -1.149  48.908 0.2222220004
57043  -34.264  -3.131  49.246 0.4444440007
58037  -35.149  -2.795  49.092 0.3333329856
58039  -36.864  -2.181  49.268 0.2222220004
58962  -37.087  -1.905  48.684 0.3333329856
129622  -40.233  -0.886  49.504 0.2222220004
109679  -40.868  -0.755  49.884 0.2222220004
59930  -40.628  -0.572  49.043 0.1111110002
58987  -38.265  -1.395  48.577 0.2222220004
108485  -39.896  -0.851  48.915 0.2222220004
59949  -40.287  -0.523  48.279 0.1111110002
58055  -35.738  -2.468  48.429 0.3333329856
58986  -37.564  -1.613  48.310 0.2222220004
59947  -38.795  -1.017  48.075 0.2222220004
59948  -39.533  -0.812  48.211 0.2222220004
59967  -40.600  -0.093  47.651 0.1111110002
58076  -35.447  -2.294  47.655 0.3333329856
59008  -37.374  -1.454  47.584 0.3333329856
59965  -38.625  -0.872  47.323 0.2222220004
131217  -39.235  -0.743  47.582 0.3333329856
59007  -36.635  -1.628  47.376 0.3333329856
59964  -37.883  -1.046  47.102 0.3333329856
59978  -38.387  -0.592  46.626 0.3333329856
59950  -41.097  -0.073  48.410 0.1111110002
59968  -41.241  0.168  47.657 0.1111110002
60944  -42.320  0.615  47.584 0.1111110002
59980  -40.162  0.035  46.962 0.1111110002
60942  -40.982  0.282  47.014 0.1111110002
60953  -40.608  0.455  46.327 0.1111110002
60951  -38.773  0.024  46.044 0.3333329856
60952  -39.742  0.219  46.245 0.1111110002
60943  -41.737  0.452  47.216 0.1111110002
61895  -43.155  1.389  46.572 0.1111110002
61906  -42.435  1.322  45.882 0.1111110002
125727  -40.930  0.855  45.874 0.1111110002
61893  -41.539  0.743  46.343 0.1111110002
60963  -40.218  0.721  45.791 0.1111110002
60962  -39.392  0.636  45.633 0.4444440007
110263  -40.662  1.214  45.480 0.1111110002
60961  -38.562  0.664  45.365 0.4444440007
61913  -38.341  1.306  44.842 0.4444440007
61907  -43.196  1.705  45.803 0.1111110002
61905  -41.484  1.264  45.586 0.1111110002
61917  -42.068  1.934  45.118 0.1111110002
61915  -40.322  1.680  45.182 0.2222220004
61903  -39.126  1.242  45.123 0.3333329856
62814  -40.384  2.451  44.929 0.2222220004
62815  -41.372  2.618  44.882 0.2222220004
63718  -41.648  3.520  44.731 0.1111110002
63717  -40.758  3.341  44.867 0.2222220004
114397  -40.950  4.331  44.884 0.2222220004
64720  -41.853  4.526  44.687 0.2222220004
127981  -40.204  3.962  44.781 0.3333329856
110620  -40.276  4.914  44.653 0.3333329856
118134  -41.996  5.405  44.644 0.2222220004
125951  -35.372  4.598  48.717 0.1111110002
117906  -41.105  5.516  44.679 0.2222220004
65570  -41.725  6.135  44.554 0.2222220004
64719  -39.699  5.407  44.291 0.3333329856
127051  -41.181  6.333  44.412 0.2222220004
64736  -38.918  5.233  44.052 0.4444440007
65588  -39.364  5.863  43.986 0.3333329856
65569  -40.620  6.265  44.281 0.3333329856
66483  -40.310  6.656  43.870 0.3333329856
125179  -38.860  6.386  43.302 0.5555559993
65589  -39.941  6.091  44.084 0.4444440007
69119  -43.865  9.015  39.439 0.4444440007
115860  -42.960  10.115  38.360 0.4444440007
69129  -44.187  9.620  38.844 0.4444440007
69986  -43.152  10.920  37.898 0.4444440007
69977  -44.672  10.264  38.408 0.4444440007
69985  -42.342  11.232  37.706 0.4444440007
70834  -42.846  11.707  37.332 0.4444440007
70835  -43.748  11.634  37.417 0.4444440007
71682  -44.246  12.194  36.961 0.4444440007
71680  -42.459  12.404  36.899 0.4444440007
71693  -44.692  12.621  36.481 0.4444440007
75196  -40.445  16.597  40.181 0.3333329856
73413  -41.685  14.582  36.332 0.5555559993
111431  -40.008  15.805  38.906 0.4444440007
75206  -40.481  16.565  39.310 0.3333329856
74334  -40.902  15.972  37.600 0.4444440007
74339  -41.302  15.493  36.798 0.5555559993
75224  -41.820  16.226  36.562 0.5555559993
75213  -41.247  16.877  38.058 0.2222220004
75219  -41.473  16.551  37.306 0.4444440007
76099  -41.816  17.296  37.817 0.3333329856
76105  -42.318  17.602  37.008 0.3333329856
75225  -42.167  16.804  36.385 0.5555559993
76106  -42.629  17.889  36.412 0.4444440007
76111  -42.402  17.272  36.218 0.5555559993
117717  -42.871  18.194  35.708 0.4444440007
45125  -12.710  -15.883  71.097 0.2222220004
45142  -12.785  -15.814  70.306 0.2222220004
44155  -12.271  -16.677  71.234 0.2222220004
46128  -13.167  -14.811  72.545 0.1111110002
46140  -13.104  -15.165  71.708 0.1111110002
36901  -5.247  -24.585  75.850 0.2222220004
37736  -7.371  -23.068  75.481 0.1111110002
38564  -6.539  -23.325  75.110 0.1111110002
36899  -3.382  -24.749  75.427 0.2222220004
44140  -12.117  -17.063  72.067 0.2222220004
46170  -13.462  -14.808  69.403 0.4444440007
47124  -13.875  -14.125  67.962 0.4444440007
48076  -16.419  -12.193  65.552 0.4444440007
48934  -18.841  -12.125  65.997 0.2222220004
47174  -23.316  -13.532  63.592 0.5555559993
123811  -24.690  -13.566  63.437 0.4444440007
47210  -25.213  -13.066  62.663 0.5555559993
47211  -26.891  -12.959  62.685 0.4444440007
57955  -31.029  -2.924  56.265 0.7777780294
69128  -43.345  9.516  38.807 0.4444440007
124552  -24.549  -13.942  64.315 0.4444440007
56893  -32.884  -3.362  58.766 0.3333329856
66482  -39.507  6.402  43.625 0.5555559993
58038  -36.086  -2.523  49.219 0.3333329856
71681  -43.355  12.281  36.875 0.4444440007
117248  -4.260  -25.549  76.004 0.1111110002
36891  -5.543  -24.974  76.583 0.1111110002
127429  -5.926  -24.412  76.097 0.2222220004
40314  -10.561  -20.477  74.534 0.1111110002
43161  -11.987  -17.465  72.714 0.2222220004
114992  -25.990  -14.755  68.932 0.1111110002
47130  -24.285  -14.253  67.325 0.1111110002
113148  -28.846  -14.646  67.074 0.1111110002
114771  -29.016  -14.889  67.846 0.1111110002
109802  -27.196  -14.642  66.909 0.1111110002
46226  -27.647  -14.531  66.339 0.1111110002
46253  -28.417  -13.981  65.091 0.2222220004
115583  -27.976  -13.380  63.873 0.4444440007
48129  -31.353  -12.081  62.553 0.5555559993
58877  -33.142  -2.031  58.548 0.2222220004
57947  -31.738  -2.606  56.471 0.4444440007
58024  -37.312  -2.102  49.951 0.2222220004
58964  -38.102  -1.650  49.997 0.2222220004
58951  -39.402  -1.302  50.295 0.2222220004
118665  -38.391  -1.468  49.272 0.2222220004
58008  -36.952  -2.249  50.777 0.1111110002
58077  -36.197  -2.087  47.871 0.3333329856
108598  -36.886  -1.807  48.076 0.3333329856
59009  -38.103  -1.279  47.809 0.3333329856
59966  -39.865  -0.463  47.570 0.1111110002
59979  -39.280  -0.405  46.867 0.1111110002
61894  -42.397  0.883  46.838 0.1111110002
61916  -41.055  1.824  45.167 0.1111110002
128998  -40.289  5.669  44.437 0.3333329856
69120  -44.640  9.171  39.488 0.4444440007
69976  -43.752  10.215  38.329 0.4444440007
69987  -44.188  10.963  37.918 0.4444440007
75212  -40.610  16.330  38.429 0.3333329856
76093  -42.314  17.756  38.220 0.2222220004
75220  -41.911  17.091  37.118 0.3333329856
76953  -42.588  18.008  37.795 0.3333329856
125189  -12.971  -15.394  72.361 0.1111110002
46156  -13.103  -15.205  70.730 0.2222220004
37744  -2.620  -24.129  75.136 0.1111110002
37756  -2.310  -23.463  74.815 0.1111110002
38574  -2.149  -22.653  74.348 0.1111110002
48948  -35.783  -11.352  65.283 0.1111110002
127129  -36.168  -10.798  65.105 0.1111110002
49883  -36.687  -10.463  65.437 0.1111110002
49890  -36.295  -10.176  64.764 0.1111110002
50877  -29.162  -9.496  64.046 0.1111110002
58888  -32.502  -2.182  56.653 0.3333329856
117811  -33.200  -1.903  56.375 0.3333329856
57967  -32.328  -2.900  54.975 0.2222220004
58898  -32.880  -2.088  55.918 0.3333329856
57956  -32.320  -2.450  55.786 0.3333329856
57957  -32.977  -2.484  55.249 0.2222220004
58899  -33.642  -2.004  55.681 0.2222220004
57968  -33.739  -2.587  54.770 0.2222220004
58909  -34.503  -2.106  55.138 0.2222220004
57980  -33.785  -3.248  53.998 0.2222220004
57969  -34.498  -2.675  54.287 0.2222220004
57981  -34.478  -3.176  53.462 0.2222220004
108538  -35.300  -1.689  55.498 0.2222220004
68259  -45.026  9.001  40.312 0.3333329856
121181  -45.397  11.641  37.467 0.3333329856
71694  -45.549  12.602  36.497 0.3333329856
71697  -48.256  12.532  36.725 0.2222220004
72542  -47.211  12.902  35.361 0.3333329856
70836  -44.641  11.614  37.461 0.3333329856
72557  -47.099  13.045  34.628 0.3333329856
113287  -47.009  13.324  33.866 0.2222220004
72572  -49.554  13.087  33.060 0.2222220004
73456  -46.789  14.431  32.777 0.2222220004
72583  -47.409  14.000  32.863 0.2222220004
72585  -49.027  13.712  32.617 0.2222220004
73457  -47.636  14.655  32.518 0.2222220004
126510  -46.445  13.762  33.788 0.3333329856
74382  -45.139  15.088  33.125 0.2222220004
73455  -45.921  14.882  32.748 0.2222220004
72586  -49.940  13.681  32.497 0.2222220004
126064  -46.819  15.096  32.471 0.2222220004
73458  -48.595  14.589  32.352 0.2222220004
74398  -49.090  15.351  31.990 0.2222220004
74396  -47.146  15.981  32.355 0.2222220004
74397  -48.258  15.411  32.248 0.2222220004
74406  -48.693  16.193  31.992 0.2222220004
73470  -49.986  15.176  31.697 0.3333329856
112120  -47.936  16.161  32.261 0.3333329856
75268  -48.306  16.923  32.151 0.3333329856
74393  -44.948  16.235  32.679 0.3333329856
74394  -45.364  15.615  32.716 0.2222220004
76132  -45.116  17.091  32.518 0.3333329856
75265  -45.733  16.408  32.458 0.4444440007
76133  -46.255  17.251  32.417 0.3333329856
75266  -46.701  16.610  32.392 0.3333329856
125466  -49.612  16.198  31.487 0.3333329856
116821  -47.223  17.407  32.501 0.4444440007
76135  -48.028  17.597  32.454 0.4444440007
75278  -48.964  16.983  31.622 0.4444440007
114460  -45.875  17.925  32.536 0.4444440007
76134  -46.901  17.989  32.644 0.4444440007
76136  -48.532  17.691  32.029 0.4444440007
76154  -49.682  17.160  30.957 0.3333329856
76986  -48.301  18.705  31.905 0.4444440007
77817  -46.332  19.264  33.069 0.4444440007
76973  -46.632  18.612  32.807 0.4444440007
120546  -47.532  18.600  32.729 0.4444440007
76974  -48.139  18.340  32.382 0.4444440007
77814  -47.633  19.811  32.997 0.4444440007
77819  -47.920  19.163  32.561 0.4444440007
77818  -47.333  19.218  33.001 0.3333329856
78590  -47.768  20.439  32.985 0.3333329856
57966  -31.622  -2.843  55.603 0.4444440007
56971  -33.792  -3.735  53.174 0.2222220004
76971  -44.928  17.901  32.611 0.4444440007
76972  -45.531  18.616  32.751 0.4444440007
79343  -47.787  21.119  33.197 0.3333329856
71696  -47.290  12.556  36.556 0.2222220004
119436  -36.122  -2.632  50.718 0.2222220004
122776  -44.855  9.649  38.936 0.3333329856
125311  -45.262  10.422  38.363 0.3333329856
71683  -45.105  12.139  36.990 0.3333329856
57979  -33.041  -3.066  54.463 0.2222220004
127960  -35.193  -2.619  53.733 0.2222220004
73446  -46.203  14.237  33.282 0.2222220004
72584  -48.121  13.839  32.743 0.2222220004
74395  -46.239  15.720  32.459 0.3333329856
129431  -47.573  15.456  32.359 0.2222220004
75267  -47.571  16.802  32.370 0.3333329856
126954  -47.680  18.036  32.631 0.4444440007
76987  -48.573  18.197  31.815 0.3333329856
77813  -47.097  19.862  33.310 0.3333329856
119339  -47.780  19.862  32.550 0.3333329856
116935  -6.712  -23.911  76.417 0.1111110002
44111  -6.356  -16.252  74.909 0.1111110002
113434  -32.125  -13.630  65.910 0.1111110002
130695  -33.241  -12.773  65.130 0.1111110002
47165  -32.784  -13.162  65.442 0.1111110002
48097  -33.426  -12.296  64.645 0.1111110002
52939  -20.747  -7.738  64.376 0.1111110002
52955  -21.258  -7.897  63.745 0.2222220004
52908  -19.639  -7.532  67.237 0.1111110002
111292  -20.497  -7.584  67.599 0.1111110002
52910  -21.104  -7.790  67.009 0.1111110002
52927  -20.834  -7.755  65.993 0.1111110002
52909  -20.380  -7.649  66.791 0.1111110002
121236  -20.966  -7.815  65.089 0.1111110002
51849  -21.576  -7.962  65.444 0.1111110002
52940  -21.435  -7.974  64.585 0.1111110002
122180  -22.138  -8.163  64.856 0.1111110002
51859  -21.945  -8.242  64.042 0.1111110002
51860  -22.571  -8.455  64.345 0.1111110002
51836  -21.689  -8.039  66.380 0.1111110002
51850  -22.328  -8.202  65.747 0.1111110002
118547  -22.958  -8.418  65.062 0.1111110002
51874  -31.286  -8.476  64.052 0.1111110002
53954  -30.022  -6.470  64.708 0.1111110002
53944  -29.017  -6.389  65.308 0.1111110002
52956  -31.349  -7.437  63.782 0.2222220004
112065  -30.681  -6.566  64.239 0.1111110002
59812  -34.290  -1.536  57.855 0.1111110002
59811  -33.560  -1.722  57.856 0.1111110002
58884  -32.928  -1.985  57.909 0.2222220004
59827  -34.864  -1.441  57.191 0.1111110002
58889  -33.233  -1.892  57.146 0.1111110002
59826  -34.060  -1.629  57.200 0.1111110002
58890  -34.672  -1.510  56.635 0.1111110002
115306  -35.773  -1.274  57.044 0.1111110002
129004  -35.378  -1.368  56.700 0.1111110002
108978  -33.860  -1.710  56.502 0.1111110002
59828  -36.720  -0.945  56.604 0.1111110002
59844  -36.084  -1.220  56.409 0.1111110002
58891  -35.379  -1.428  56.221 0.1111110002
59829  -37.426  -0.460  56.289 0.1111110002
58900  -34.548  -1.661  55.949 0.1111110002
60838  -38.098  -0.112  56.123 0.1111110002
59845  -36.874  -0.844  55.889 0.1111110002
58901  -36.081  -1.305  55.774 0.1111110002
64721  -42.845  4.642  44.407 0.1111110002
59847  -38.234  -0.264  55.534 0.1111110002
59861  -37.241  -0.713  55.330 0.1111110002
58910  -35.921  -1.537  54.959 0.1111110002
65571  -42.636  5.844  44.411 0.1111110002
68217  -44.340  8.463  44.053 0.1111110002
68230  -43.662  9.215  43.759 0.1111110002
126665  -44.072  7.359  44.102 0.1111110002
66464  -43.090  6.779  44.255 0.1111110002
69058  -44.417  9.553  44.000 0.1111110002
69071  -43.898  10.117  43.448 0.1111110002
68216  -43.398  8.320  43.984 0.1111110002
69072  -44.453  10.510  43.731 0.1111110002
67284  -42.385  7.379  44.056 0.1111110002
67285  -43.023  7.667  44.151 0.1111110002
66463  -42.124  6.694  44.322 0.1111110002
69927  -44.637  11.299  43.321 0.1111110002
70778  -45.030  12.000  42.962 0.1111110002
69079  -43.693  10.211  42.859 0.1111110002
70788  -45.144  12.050  42.436 0.1111110002
67300  -42.700  8.070  43.782 0.1111110002
69070  -43.484  9.661  43.179 0.1111110002
69943  -44.219  10.804  42.586 0.1111110002
69936  -44.604  11.452  42.788 0.1111110002
69935  -44.113  10.859  43.126 0.1111110002
70798  -45.703  12.459  41.988 0.1111110002
67283  -41.737  7.124  44.003 0.1111110002
71647  -45.969  12.922  42.001 0.1111110002
130053  -41.523  6.652  44.279 0.1111110002
69945  -45.530  11.714  41.884 0.1111110002
70799  -46.262  12.552  41.695 0.1111110002
67298  -41.479  7.312  43.577 0.2222220004
67310  -41.859  7.830  43.202 0.2222220004
68236  -42.774  8.637  42.676 0.1111110002
117677  -43.562  9.688  42.453 0.1111110002
69086  -43.967  10.008  42.208 0.1111110002
69944  -44.822  11.318  42.252 0.1111110002
70800  -47.426  12.232  41.394 0.1111110002
69087  -45.557  10.519  41.537 0.1111110002
69956  -46.543  10.809  41.228 0.1111110002
70810  -48.193  11.366  40.788 0.1111110002
71658  -48.496  12.233  41.093 0.1111110002
68245  -43.240  9.022  42.218 0.1111110002
68246  -43.783  9.127  41.739 0.2222220004
109612  -44.706  10.235  41.858 0.1111110002
69969  -48.133  10.842  40.144 0.1111110002
70811  -49.045  11.820  40.399 0.1111110002
71660  -50.217  12.868  40.201 0.1111110002
121335  -41.280  7.463  43.140 0.2222220004
69100  -46.388  9.853  40.762 0.1111110002
69957  -47.532  10.751  40.719 0.1111110002
123293  -49.705  12.195  40.053 0.1111110002
71668  -49.967  12.469  39.168 0.1111110002
73397  -51.273  15.337  38.683 0.1111110002
74335  -51.730  16.636  38.690 0.1111110002
68257  -43.352  8.374  41.148 0.2222220004
68258  -44.592  9.168  41.209 0.2222220004
69099  -45.550  9.427  40.855 0.1111110002
69101  -47.113  10.125  40.442 0.1111110002
118086  -50.944  15.520  39.555 0.1111110002
68274  -43.635  8.482  40.156 0.2222220004
68275  -44.363  8.790  40.226 0.2222220004
69121  -45.434  9.324  39.568 0.2222220004
69122  -46.669  9.759  39.709 0.1111110002
69968  -47.647  10.454  39.785 0.1111110002
119269  -48.691  11.563  39.139 0.1111110002
72511  -50.596  13.448  39.267 0.1111110002
72516  -51.103  14.295  38.079 0.1111110002
69981  -48.078  11.052  39.201 0.1111110002
72515  -50.763  13.668  38.409 0.1111110002
69130  -45.353  9.968  38.733 0.2222220004
69979  -46.639  10.225  38.871 0.1111110002
69980  -47.324  10.619  38.902 0.1111110002
70827  -48.236  11.720  38.444 0.1111110002
71674  -49.749  12.609  38.108 0.1111110002
72521  -50.893  13.292  36.934 0.1111110002
72532  -51.060  13.110  35.998 0.1111110002
70826  -47.516  11.323  38.346 0.1111110002
70838  -46.919  11.740  37.653 0.1111110002
70840  -48.386  12.224  37.679 0.1111110002
128732  -48.923  12.554  37.198 0.1111110002
71699  -50.244  12.872  36.624 0.1111110002
71685  -47.560  12.230  37.257 0.1111110002
71698  -49.303  12.671  36.420 0.1111110002
125455  -50.011  12.687  35.016 0.1111110002
71709  -50.710  12.820  35.133 0.1111110002
69978  -45.899  10.460  38.383 0.2222220004
69988  -45.145  10.992  37.993 0.2222220004
70837  -46.028  11.301  37.792 0.2222220004
113194  -48.604  12.649  35.956 0.2222220004
71707  -49.243  12.667  35.347 0.1111110002
71705  -47.777  12.709  35.863 0.1111110002
71722  -49.591  12.693  34.413 0.1111110002
71721  -48.651  12.740  34.414 0.1111110002
72558  -47.764  12.944  34.003 0.1111110002
74407  -50.621  15.820  31.177 0.1111110002
71684  -46.050  12.086  37.136 0.2222220004
126470  -46.853  12.269  37.021 0.1111110002
73365  -39.450  14.508  43.390 0.1111110002
73372  -39.271  14.610  42.505 0.1111110002
73373  -39.882  15.071  42.845 0.1111110002
75183  -40.602  16.323  41.827 0.1111110002
75184  -41.071  16.746  42.090 0.1111110002
76061  -41.520  17.254  41.828 0.1111110002
76893  -42.685  18.241  41.994 0.1111110002
76894  -43.318  18.719  42.528 0.1111110002
74314  -40.058  15.851  41.509 0.1111110002
75189  -40.482  16.484  41.015 0.1111110002
76072  -42.111  17.754  41.430 0.1111110002
74321  -39.951  15.970  40.679 0.1111110002
113546  -40.984  16.921  41.362 0.1111110002
119163  -43.889  19.293  42.086 0.1111110002
76907  -43.323  18.767  41.553 0.1111110002
75190  -40.983  17.070  40.534 0.1111110002
78569  -43.993  21.196  35.738 0.2222220004
129751  -43.137  18.882  35.775 0.2222220004
79315  -44.617  21.669  34.865 0.2222220004
78592  -47.669  20.463  32.323 0.1111110002
78594  -47.537  20.122  31.687 0.1111110002
77821  -47.915  19.384  31.872 0.2222220004
80018  -44.516  22.064  35.668 0.2222220004
80742  -45.760  23.425  35.361 0.1111110002
80749  -46.382  23.105  34.773 0.1111110002
80024  -45.106  22.399  34.944 0.1111110002
111370  -48.006  21.595  32.871 0.1111110002
79345  -47.634  21.152  32.407 0.1111110002
78591  -47.182  20.823  31.535 0.1111110002
80059  -47.103  21.634  31.417 0.1111110002
78593  -46.818  20.322  30.777 0.1111110002
80743  -46.649  23.801  35.152 0.1111110002
72506  -49.702  13.609  41.032 0.1111110002
71650  -48.459  13.326  41.411 0.1111110002
73396  -50.807  14.521  39.487 0.1111110002
72507  -50.441  13.891  40.268 0.1111110002
130795  -51.985  14.491  36.372 0.1111110002
73414  -51.775  14.776  36.954 0.1111110002
116793  -51.919  13.825  35.848 0.1111110002
72487  -38.799  14.085  43.020 0.1111110002
77804  -43.432  19.482  35.226 0.3333329856
78568  -43.681  20.291  35.471 0.2222220004
69078  -43.326  9.465  42.789 0.1111110002
66462  -41.056  6.816  44.024 0.2222220004
68228  -42.449  8.239  43.255 0.1111110002
57970  -35.223  -2.128  54.639 0.1111110002
71720  -47.820  12.834  34.943 0.2222220004
72570  -47.618  13.419  33.296 0.1111110002
110632  -46.152  9.378  40.032 0.1111110002
69131  -46.049  9.770  39.123 0.2222220004
121920  -35.860  -2.004  54.054 0.1111110002
48081  -33.866  -12.526  65.279 0.1111110002
52926  -20.204  -7.699  65.108 0.1111110002
51824  -21.835  -8.158  67.323 0.1111110002
59846  -37.599  -0.450  55.645 0.1111110002
58902  -36.648  -1.083  55.205 0.1111110002
68229  -43.109  8.805  43.321 0.1111110002
67299  -42.091  7.686  43.647 0.1111110002
69946  -46.077  11.954  41.618 0.1111110002
70809  -47.081  11.495  41.298 0.1111110002
117249  -43.999  8.689  40.895 0.2222220004
70819  -49.245  11.846  39.550 0.1111110002
73403  -50.924  14.212  38.778 0.1111110002
71675  -50.391  13.017  38.336 0.1111110002
116526  -50.786  13.502  37.732 0.1111110002
72522  -51.291  14.084  37.323 0.1111110002
70828  -49.068  12.115  38.520 0.1111110002
71687  -50.282  12.951  37.476 0.1111110002
71686  -49.615  12.707  37.272 0.1111110002
70825  -46.728  10.917  38.276 0.2222220004
70839  -47.700  11.918  37.882 0.1111110002
71708  -50.123  12.753  35.763 0.1111110002
72571  -48.550  13.067  33.305 0.1111110002
76071  -41.541  17.401  40.932 0.1111110002
76883  -42.783  18.086  42.986 0.1111110002
78556  -43.891  20.959  36.806 0.2222220004
80013  -44.977  22.884  35.742 0.2222220004
65512  -31.598  5.741  52.980 0.1111110002
64649  -32.606  5.322  52.089 0.1111110002
65514  -33.607  5.714  52.233 0.1111110002
113561  -30.298  4.901  52.882 0.1111110002
111058  -30.921  4.808  52.145 0.1111110002
64648  -31.624  5.062  52.080 0.1111110002
124401  -30.371  4.560  52.171 0.1111110002
64659  -30.827  4.135  51.580 0.1111110002
64661  -32.351  4.209  51.446 0.1111110002
66394  -33.168  6.486  53.732 0.1111110002
66382  -33.131  6.448  54.505 0.1111110002
66383  -33.864  6.634  54.132 0.1111110002
65502  -32.869  6.234  52.958 0.1111110002
129127  -31.197  5.691  53.691 0.1111110002
65513  -32.132  6.074  53.175 0.1111110002
65499  -30.905  5.396  53.109 0.1111110002
65501  -32.440  6.348  54.147 0.1111110002
65495  -30.901  5.464  54.347 0.1111110002
65496  -31.381  5.732  55.037 0.1111110002
65500  -31.564  5.994  54.141 0.1111110002
65497  -31.978  6.101  55.160 0.1111110002
64630  -30.959  5.324  55.344 0.1111110002
64660  -31.562  4.190  51.508 0.1111110002
60803  -25.552  0.538  58.057 0.1111110002
60804  -26.141  1.061  57.540 0.1111110002
61774  -27.205  1.957  58.271 0.1111110002
61784  -27.186  1.941  57.592 0.1111110002
61783  -26.739  1.646  57.010 0.1111110002
62679  -28.132  2.867  58.987 0.1111110002
62683  -28.244  2.844  58.235 0.1111110002
125986  -27.514  2.311  56.937 0.1111110002
126828  -27.104  2.007  56.346 0.1111110002
62686  -28.209  2.875  57.354 0.1111110002
74408  -51.662  15.518  30.943 0.1111110002
74418  -51.334  16.521  30.617 0.2222220004
117410  -43.472  19.140  37.987 0.1111110002
78543  -43.626  19.911  37.280 0.1111110002
79299  -44.202  21.673  36.386 0.1111110002
80720  -44.781  23.037  36.699 0.1111110002
76960  -42.793  18.252  37.185 0.1111110002
76963  -43.009  18.585  36.485 0.1111110002
75288  -51.114  17.488  30.211 0.2222220004
76153  -49.075  17.817  31.158 0.2222220004
75287  -50.351  17.497  30.418 0.2222220004
75279  -50.400  16.744  30.824 0.2222220004
80012  -44.486  22.342  36.478 0.1111110002
77796  -43.373  19.488  36.293 0.1111110002
78555  -43.656  20.391  36.333 0.1111110002
79289  -44.271  21.685  37.273 0.1111110002
60789  -26.174  1.075  58.524 0.1111110002
61773  -26.704  1.540  57.916 0.1111110002
62685  -27.683  2.370  57.839 0.1111110002
62682  -27.660  2.427  58.655 0.1111110002
74419  -52.520  16.507  30.220 0.1111110002
77785  -43.268  18.933  37.231 0.1111110002
43138  -5.975  -17.035  74.969 0.1111110002
119101  -6.442  -16.299  74.061 0.1111110002
45100  -6.679  -15.557  74.293 0.1111110002
111288  -16.312  -12.450  68.682 0.1111110002
109991  -17.665  -12.484  68.827 0.1111110002
111560  -16.407  -12.409  67.898 0.1111110002
126226  -17.082  -12.353  67.753 0.1111110002
127732  -18.258  -12.552  68.348 0.1111110002
48047  -17.619  -12.360  67.326 0.1111110002
48048  -18.349  -12.487  67.698 0.1111110002
51822  -9.686  -9.069  67.716 0.2222220004
51834  -10.560  -8.839  66.519 0.2222220004
114657  -11.359  -8.970  65.508 0.2222220004
51835  -11.131  -8.522  66.025 0.1111110002
51848  -12.400  -8.148  65.140 0.2222220004
120104  -12.731  -8.662  64.487 0.2222220004
51858  -13.157  -7.978  64.783 0.2222220004
108904  -16.033  -7.284  64.734 0.1111110002
52924  -17.640  -7.481  65.506 0.1111110002
52938  -18.427  -7.455  65.025 0.1111110002
52936  -16.796  -7.263  64.152 0.1111110002
108902  -19.360  -7.471  64.663 0.1111110002
126768  -20.079  -7.521  64.214 0.1111110002
52941  -31.194  -7.659  64.595 0.1111110002
58007  -35.785  -2.754  51.457 0.1111110002
58950  -38.200  -1.614  50.921 0.1111110002
120532  -38.722  -1.456  50.384 0.1111110002
58952  -39.975  -1.260  50.978 0.1111110002
59929  -39.605  -1.118  49.577 0.1111110002
74440  -52.171  16.871  28.262 0.1111110002
73489  -51.258  14.495  29.039 0.1111110002
73505  -51.966  15.559  28.535 0.1111110002
75207  -41.124  17.071  38.860 0.1111110002
74439  -50.418  16.153  28.314 0.1111110002
75307  -51.278  17.247  28.301 0.1111110002
75308  -53.012  17.624  28.261 0.1111110002
76086  -41.729  17.506  39.260 0.1111110002
75197  -41.056  17.124  39.700 0.1111110002
114425  -42.237  17.872  39.621 0.1111110002
76092  -41.790  17.442  38.513 0.1111110002
116528  -52.637  17.669  29.563 0.1111110002
76161  -49.904  17.822  30.262 0.1111110002
76162  -50.901  18.000  29.705 0.1111110002
76171  -52.556  18.368  28.868 0.1111110002
76183  -52.723  18.106  28.340 0.1111110002
77020  -52.247  18.319  28.596 0.1111110002
130400  -53.113  18.002  28.356 0.1111110002
75306  -50.077  17.022  28.216 0.1111110002
116331  -52.305  17.789  28.190 0.1111110002
76920  -42.713  18.330  40.066 0.1111110002
76087  -42.335  17.839  38.881 0.1111110002
77005  -49.361  18.050  30.174 0.1111110002
77006  -50.424  18.131  29.471 0.1111110002
77019  -51.570  18.387  29.082 0.1111110002
77030  -51.344  18.248  28.683 0.1111110002
76182  -51.898  18.057  28.299 0.1111110002
76181  -50.787  17.781  28.479 0.1111110002
76180  -49.646  17.555  28.316 0.1111110002
77018  -49.690  18.150  29.281 0.1111110002
118673  -50.766  18.329  29.035 0.1111110002
77029  -50.296  18.066  28.717 0.1111110002
77836  -47.332  19.571  30.897 0.1111110002
50817  -10.016  -9.334  67.061 0.2222220004
52935  -15.974  -7.408  63.789 0.1111110002
52937  -17.636  -7.287  64.508 0.1111110002
57993  -35.060  -2.983  52.884 0.1111110002
77004  -47.974  18.804  30.900 0.1111110002
113039  -48.644  18.363  31.068 0.1111110002
76078  -41.633  17.479  40.064 0.1111110002
48033  -17.004  -12.372  68.371 0.1111110002
48034  -17.666  -12.430  68.055 0.1111110002
51823  -10.213  -8.318  67.264 0.2222220004
73504  -50.803  15.279  28.643 0.1111110002
123577  -51.301  16.199  28.356 0.1111110002
76163  -52.033  18.183  29.396 0.1111110002
76172  -53.051  18.141  28.581 0.1111110002
77017  -48.659  18.303  30.108 0.1111110002
51847  -11.715  -8.329  65.559 0.1111110002
52918  -12.128  -7.610  65.751 0.1111110002
52919  -12.853  -7.459  65.472 0.1111110002
43157  -2.059  -17.601  71.884 0.1111110002
48109  -22.171  -12.959  62.933 0.6666669846
58056  -36.488  -2.197  48.587 0.2222220004
58874  -24.585  -1.286  57.817 0.3333329856
59813  -35.065  -1.428  57.792 0.1111110002
59862  -37.764  -0.643  55.101 0.1111110002
59987  -35.040  -0.899  45.168 0.7777780294
60837  -25.401  0.679  55.358 0.3333329856
61904  -39.893  1.195  45.363 0.1111110002
65557  -31.785  5.833  46.302 0.4444440007
66454  -31.851  6.403  45.900 0.5555559993
67270  -32.945  7.809  46.889 0.4444440007
68199  -34.029  8.873  47.017 0.1111110002
69085  -35.137  9.579  41.388 0.8888890147
69905  -34.747  10.212  45.414 0.2222220004
69967  -47.122  10.156  39.465 0.1111110002
70818  -48.667  11.283  39.945 0.1111110002
71673  -49.130  12.461  37.769 0.1111110002
71706  -48.418  12.711  35.327 0.2222220004
71734  -49.271  12.802  33.717 0.1111110002
72569  -46.912  13.822  33.259 0.2222220004
73445  -45.416  14.577  33.519 0.4444440007
76100  -42.202  17.591  37.644 0.3333329856
76112  -42.658  17.415  35.634 0.6666669846
77021  -52.709  18.268  28.547 0.1111110002
83565  -50.778  28.697  30.628 0.1111110002
118500  -34.903  -3.290  52.192 0.3333329856
121307  -43.457  15.922  34.362 0.5555559993
125683  -35.239  3.419  43.419 0.8888890147
128600  -37.167  0.741  44.596 0.7777780294
128622  -8.297  -21.063  73.289 0.7777780294
130285  -28.495  -14.778  67.500 0.1111110002
131184  -24.366  -2.748  56.518 0.8888890147
