#!ascii label  , from subject sub-v1s16x0051178_ses-1 vox2ras=TkReg
3587
4462  -13.659  -69.809  15.574 0.0000000000
489  -24.086  -80.611  5.650 0.0000000000
22229  -16.923  -43.408  12.729 0.0000000000
11097  -11.005  -58.693  24.482 0.0000000000
9795  -5.268  -60.886  23.904 0.0000000000
14030  -10.164  -53.742  24.101 0.0000000000
7995  -5.523  -63.479  9.374 0.0000000000
985  -19.142  -79.361  10.116 0.0000000000
475  -10.607  -81.014  6.403 0.0000000000
11890  -21.607  -57.805  20.138 0.0000000000
125926  -10.776  -65.434  23.918 0.0000000000
5788  -2.777  -67.251  15.377 0.0000000000
1265  -5.632  -78.551  11.994 0.0000000000
15532  -17.729  -52.874  18.557 0.0000000000
7337  -8.504  -65.234  17.975 0.0000000000
9201  -10.367  -61.592  17.019 0.0000000000
5826  -10.139  -67.462  13.119 0.0000000000
487  -18.822  -81.623  5.433 0.0000000000
115880  -20.045  -76.726  2.814 0.0000000000
26884  -19.465  -37.803  13.121 0.0000000000
23700  -10.861  -41.062  14.091 0.0000000000
9849  -16.278  -59.990  19.622 0.0000000000
12698  -20.256  -56.625  17.553 0.0000000000
13346  -14.498  -56.027  20.653 0.0000000000
11915  -1.694  -57.173  19.363 0.0000000000
15499  -6.269  -52.272  21.560 0.0000000000
118584  -24.280  -44.866  13.893 0.0000000000
11770  -7.087  -57.268  30.336 0.0000000000
13250  -11.356  -55.561  28.401 0.0000000000
12570  -7.672  -56.644  24.812 0.0000000000
10492  -5.759  -59.529  16.509 0.0000000000
11264  -1.675  -58.385  9.594 0.0000000000
127364  -16.526  -75.175  13.794 0.0000000000
3175  -13.906  -73.035  7.979 0.0000000000
1326  -16.493  -78.512  6.781 0.0000000000
1084  -14.625  -79.257  0.040 0.0000000000
7839  -15.966  -63.384  22.439 0.0000000000
123481  -10.555  -62.038  26.906 0.0000000000
9043  -3.010  -61.629  29.020 0.0000000000
9168  -2.430  -61.374  19.213 0.0000000000
6292  -5.210  -66.345  13.141 0.0000000000
3583  -3.348  -73.375  10.249 0.0000000000
3141  -11.061  -74.353  10.993 0.0000000000
953  -10.856  -79.911  13.079 0.0000000000
115448  -14.611  -83.471  13.081 0.0000000000
125438  -20.008  -83.181  12.717 0.0000000000
14092  -27.718  -54.419  18.671 0.0000000000
16275  -24.097  -51.130  16.890 0.0000000000
18436  -17.806  -48.071  15.588 0.0000000000
16159  -16.280  -51.226  23.638 0.0000000000
16271  -10.470  -51.451  16.898 0.0000000000
19938  -10.214  -46.349  15.177 0.0000000000
4124  -7.334  -71.739  6.328 0.0000000000
6962  -5.417  -65.759  2.834 0.0000000000
5308  -10.888  -68.398  17.882 0.0000000000
124879  -12.658  -66.039  16.250 0.0000000000
110014  -13.060  -68.237  14.059 0.0000000000
130495  -20.945  -82.243  5.147 0.0000000000
522  -19.583  -81.601  2.092 0.0000000000
118796  -22.746  -81.156  2.252 0.0000000000
23707  -21.555  -41.526  13.176 0.0000000000
24421  -18.295  -40.605  12.984 0.0000000000
25226  -15.329  -39.706  13.438 0.0000000000
22964  -14.055  -42.391  14.049 0.0000000000
10445  -13.517  -59.708  22.152 0.0000000000
112245  -14.709  -58.159  20.181 0.0000000000
11861  -12.843  -57.689  22.655 0.0000000000
13355  -2.745  -54.863  19.910 0.0000000000
20712  -27.823  -45.180  14.562 0.0000000000
11805  -4.733  -57.493  27.448 0.0000000000
13229  -6.785  -55.758  29.001 0.0000000000
11095  -6.491  -58.622  24.610 0.0000000000
7937  -7.526  -63.297  12.999 0.0000000000
9877  -8.127  -60.933  15.825 0.0000000000
9238  -4.690  -62.161  12.792 0.0000000000
9885  -2.619  -60.313  13.009 0.0000000000
9271  -2.901  -61.917  9.470 0.0000000000
131261  -17.725  -78.189  12.926 0.0000000000
1966  -17.187  -76.191  9.752 0.0000000000
109633  -19.485  -76.105  8.042 0.0000000000
2103  -19.288  -76.212  -0.880 0.0000000000
1392  -17.079  -78.048  0.651 0.0000000000
9131  -17.966  -61.726  22.209 0.0000000000
118387  -13.096  -63.663  24.686 0.0000000000
7245  -10.064  -63.780  26.163 0.0000000000
9046  -7.168  -62.440  28.307 0.0000000000
7242  -7.146  -64.255  26.793 0.0000000000
6214  -2.084  -66.229  20.456 0.0000000000
7837  -2.685  -64.415  22.611 0.0000000000
7892  -2.964  -63.296  16.406 0.0000000000
7905  -3.878  -62.579  14.608 0.0000000000
6859  -2.229  -65.038  11.663 0.0000000000
125426  -7.142  -74.173  13.197 0.0000000000
4038  -6.946  -72.080  11.926 0.0000000000
1949  -7.263  -76.178  8.769 0.0000000000
124489  -11.399  -77.606  11.344 0.0000000000
974  -7.043  -80.436  9.861 0.0000000000
131235  -11.271  -83.284  15.541 0.0000000000
124661  -17.050  -83.352  12.167 0.0000000000
13337  -24.748  -55.768  21.635 0.0000000000
11909  -24.503  -57.802  19.304 0.0000000000
14111  -18.336  -54.695  17.644 0.0000000000
14114  -22.805  -54.215  17.013 0.0000000000
15545  -20.994  -52.250  17.741 0.0000000000
17624  -21.529  -49.630  16.447 0.0000000000
16946  -18.658  -50.687  17.653 0.0000000000
14711  -10.920  -53.100  28.708 0.0000000000
14743  -13.056  -53.567  26.029 0.0000000000
123554  -12.849  -50.899  26.855 0.0000000000
16222  -4.735  -50.740  19.277 0.0000000000
16213  -8.776  -51.230  19.729 0.0000000000
16955  -6.786  -50.201  16.515 0.0000000000
17638  -9.753  -49.419  15.093 0.0000000000
127522  -6.171  -47.365  15.444 0.0000000000
21468  -7.516  -44.660  14.054 0.0000000000
1653  -12.587  -77.611  7.251 0.0000000000
3636  -10.441  -72.810  7.208 0.0000000000
118001  -9.561  -75.958  5.294 0.0000000000
8473  -6.822  -62.615  20.716 0.0000000000
9140  -8.257  -61.986  21.529 0.0000000000
7875  -11.316  -63.399  18.320 0.0000000000
7371  -10.995  -64.191  14.133 0.0000000000
6888  -8.387  -64.975  10.649 0.0000000000
112249  -18.685  -80.547  7.574 0.0000000000
1340  -21.277  -78.041  5.752 0.0000000000
1054  -19.854  -79.447  3.692 0.0000000000
1393  -19.874  -79.021  0.453 0.0000000000
26859  -12.410  -38.049  13.685 0.0000000000
6735  -7.361  -65.478  24.602 0.0000000000
10473  -19.065  -59.444  19.347 0.0000000000
110809  -21.403  -57.576  18.380 0.0000000000
11171  -18.006  -58.483  18.347 0.0000000000
126701  -16.788  -56.259  18.300 0.0000000000
14082  -15.273  -54.394  19.477 0.0000000000
12618  -6.570  -55.791  21.583 0.0000000000
15487  -9.400  -51.443  22.755 0.0000000000
14041  -3.787  -54.289  23.168 0.0000000000
16190  -1.851  -51.856  20.199 0.0000000000
281  -26.359  -81.898  6.314 0.0000000000
315  -25.661  -80.689  3.017 0.0000000000
23692  -25.157  -41.755  14.030 0.0000000000
22233  -21.318  -43.795  13.182 0.0000000000
11053  -9.183  -58.068  27.240 0.0000000000
12553  -10.908  -56.982  26.077 0.0000000000
12509  -9.405  -56.040  30.026 0.0000000000
13975  -9.072  -54.608  29.326 0.0000000000
13286  -8.952  -55.358  24.285 0.0000000000
10443  -8.158  -59.522  21.628 0.0000000000
11138  -9.496  -57.809  20.607 0.0000000000
125567  -8.827  -56.731  19.690 0.0000000000
11164  -3.759  -58.571  18.361 0.0000000000
11949  -1.798  -57.428  13.277 0.0000000000
3561  -15.122  -71.802  12.730 0.0000000000
4522  -15.780  -70.581  10.986 0.0000000000
3168  -16.551  -73.363  9.949 0.0000000000
1978  -15.021  -76.612  8.618 0.0000000000
739  -14.158  -80.329  6.704 0.0000000000
110243  -18.424  -77.151  4.064 0.0000000000
760  -16.193  -80.753  3.228 0.0000000000
116983  -13.172  -81.341  2.842 0.0000000000
11143  -19.725  -58.301  21.017 0.0000000000
9841  -18.443  -60.362  20.378 0.0000000000
9142  -15.668  -61.811  21.041 0.0000000000
9114  -13.328  -61.128  23.330 0.0000000000
7293  -16.094  -64.356  23.645 0.0000000000
8430  -13.616  -62.612  24.147 0.0000000000
9765  -10.334  -60.319  25.475 0.0000000000
9751  -7.802  -60.155  27.267 0.0000000000
10356  -5.172  -58.861  30.033 0.0000000000
11060  -2.465  -58.998  26.200 0.0000000000
7258  -2.514  -65.131  25.914 0.0000000000
9100  -1.782  -60.601  24.176 0.0000000000
9807  -3.297  -59.842  21.911 0.0000000000
8496  -5.791  -62.179  18.134 0.0000000000
6831  -6.747  -65.206  15.460 0.0000000000
4882  -7.679  -69.276  16.384 0.0000000000
107976  -2.635  -69.267  11.803 0.0000000000
123048  -3.288  -68.453  9.545 0.0000000000
4910  -6.907  -70.390  14.581 0.0000000000
4041  -11.781  -71.694  13.695 0.0000000000
2354  -13.385  -74.763  11.683 0.0000000000
1567  -14.308  -77.928  14.335 0.0000000000
693  -15.305  -80.725  13.819 0.0000000000
215  -8.619  -82.435  13.028 0.0000000000
117559  -12.847  -81.857  14.017 0.0000000000
462  -15.894  -81.365  11.137 0.0000000000
167  -17.680  -81.730  10.077 0.0000000000
169  -19.807  -82.444  8.733 0.0000000000
251  -21.840  -81.747  9.649 0.0000000000
139  -22.626  -83.154  12.561 0.0000000000
263  -24.508  -82.164  8.830 0.0000000000
16952  -29.286  -49.910  17.578 0.0000000000
13390  -23.915  -56.194  16.970 0.0000000000
14866  -26.553  -53.195  16.512 0.0000000000
17630  -27.690  -49.455  15.739 0.0000000000
19215  -25.055  -47.686  15.285 0.0000000000
19234  -21.635  -47.087  14.829 0.0000000000
19977  -17.847  -46.237  13.815 0.0000000000
13300  -12.762  -55.629  24.077 0.0000000000
127288  -13.674  -53.620  22.169 0.0000000000
15511  -15.444  -52.189  20.555 0.0000000000
16899  -11.110  -50.376  22.329 0.0000000000
115377  -12.147  -51.388  19.945 0.0000000000
122589  -14.640  -51.545  18.287 0.0000000000
131017  -14.223  -49.885  15.897 0.0000000000
109727  -13.943  -47.962  14.070 0.0000000000
119364  -13.410  -44.859  14.316 0.0000000000
22210  -10.552  -43.480  14.646 0.0000000000
4519  -11.829  -70.260  10.437 0.0000000000
4964  -8.462  -69.545  9.601 0.0000000000
5874  -5.992  -67.022  7.525 0.0000000000
3212  -6.101  -73.666  4.550 0.0000000000
130823  -4.873  -68.679  4.871 0.0000000000
7457  -4.101  -64.389  6.140 0.0000000000
10002  -3.904  -60.947  5.517 0.0000000000
4869  -12.612  -69.325  17.006 0.0000000000
5335  -12.794  -68.489  16.667 0.0000000000
5337  -14.170  -68.922  15.279 0.0000000000
288  -21.869  -81.392  5.835 0.0000000000
510  -22.141  -81.295  3.423 0.0000000000
511  -22.808  -80.787  3.905 0.0000000000
23706  -20.007  -42.305  12.826 0.0000000000
129324  -19.890  -40.728  13.082 0.0000000000
115517  -18.021  -42.067  12.625 0.0000000000
121065  -16.053  -41.134  13.154 0.0000000000
22974  -15.789  -42.578  13.139 0.0000000000
10432  -12.382  -59.350  23.183 0.0000000000
11127  -13.125  -58.326  22.319 0.0000000000
11116  -11.995  -58.534  23.429 0.0000000000
20702  -29.674  -45.403  15.864 0.0000000000
10394  -4.278  -59.102  25.567 0.0000000000
11819  -5.703  -57.847  26.000 0.0000000000
9780  -5.663  -60.290  24.355 0.0000000000
7953  -6.887  -63.470  11.286 0.0000000000
8547  -6.175  -62.731  13.043 0.0000000000
131190  -4.770  -62.873  11.441 0.0000000000
8579  -3.511  -62.020  11.628 0.0000000000
8610  -3.819  -62.976  9.408 0.0000000000
1258  -18.361  -78.739  12.090 0.0000000000
1612  -18.645  -77.434  10.923 0.0000000000
1621  -19.877  -77.765  9.581 0.0000000000
113183  -11.199  -64.887  24.136 0.0000000000
7277  -11.576  -64.185  24.630 0.0000000000
7263  -10.134  -64.333  25.149 0.0000000000
7244  -8.827  -64.079  26.633 0.0000000000
124977  -8.655  -65.141  25.279 0.0000000000
6245  -2.736  -66.336  17.921 0.0000000000
109339  -2.657  -65.672  19.039 0.0000000000
120989  -3.842  -65.467  16.092 0.0000000000
7367  -2.700  -64.285  14.371 0.0000000000
6291  -2.850  -66.413  13.380 0.0000000000
1925  -4.946  -77.260  11.972 0.0000000000
2350  -6.582  -75.369  9.915 0.0000000000
111251  -5.873  -78.503  9.281 0.0000000000
1277  -6.783  -79.439  9.005 0.0000000000
708  -5.851  -80.316  10.008 0.0000000000
11877  -23.186  -57.577  20.818 0.0000000000
12642  -24.803  -57.082  20.417 0.0000000000
11892  -23.287  -57.818  19.929 0.0000000000
14101  -17.990  -53.758  18.016 0.0000000000
14847  -20.222  -53.395  17.444 0.0000000000
116064  -19.177  -52.118  18.466 0.0000000000
16234  -19.660  -51.546  18.365 0.0000000000
122849  -18.152  -51.832  18.526 0.0000000000
14742  -10.451  -52.751  26.181 0.0000000000
15447  -12.409  -52.425  28.225 0.0000000000
118574  -10.848  -52.125  25.922 0.0000000000
16939  -5.558  -50.259  17.674 0.0000000000
17608  -5.100  -49.278  17.357 0.0000000000
17635  -6.767  -49.222  16.032 0.0000000000
1324  -11.386  -79.341  6.880 0.0000000000
2004  -10.864  -76.389  6.008 0.0000000000
1336  -9.633  -78.358  6.039 0.0000000000
7873  -7.806  -63.846  18.759 0.0000000000
7866  -8.880  -63.759  19.944 0.0000000000
7331  -9.798  -64.872  18.719 0.0000000000
6282  -11.438  -66.643  14.861 0.0000000000
7373  -12.069  -65.033  15.275 0.0000000000
6854  -10.669  -65.565  13.455 0.0000000000
7387  -9.586  -64.576  12.308 0.0000000000
6312  -9.064  -66.897  12.069 0.0000000000
741  -18.693  -80.983  6.042 0.0000000000
1022  -19.596  -79.937  5.886 0.0000000000
131118  -18.693  -81.206  4.330 0.0000000000
548  -20.445  -81.318  0.240 0.0000000000
781  -18.498  -80.940  0.269 0.0000000000
787  -20.322  -80.602  -0.466 0.0000000000
1401  -20.746  -78.392  -0.509 0.0000000000
26886  -20.949  -38.130  13.460 0.0000000000
24406  -13.292  -40.326  14.032 0.0000000000
26039  -13.509  -38.856  13.727 0.0000000000
25240  -11.493  -39.466  13.895 0.0000000000
24415  -9.323  -40.465  13.191 0.0000000000
10471  -17.868  -59.918  19.081 0.0000000000
10481  -18.521  -59.277  18.780 0.0000000000
10470  -16.911  -59.624  19.098 0.0000000000
11887  -14.407  -57.454  20.675 0.0000000000
11903  -15.418  -57.398  19.333 0.0000000000
12657  -15.137  -56.668  19.609 0.0000000000
115305  -16.136  -55.925  18.726 0.0000000000
115200  -14.561  -55.291  20.445 0.0000000000
11868  -4.382  -57.190  21.253 0.0000000000
13313  -4.985  -55.369  22.602 0.0000000000
13327  -2.352  -56.121  21.951 0.0000000000
14812  -1.885  -53.343  20.824 0.0000000000
122812  -26.625  -43.242  14.234 0.0000000000
22217  -24.582  -43.424  13.680 0.0000000000
22981  -23.219  -42.921  13.366 0.0000000000
21491  -22.605  -44.253  13.475 0.0000000000
11042  -8.195  -58.090  28.525 0.0000000000
11797  -9.537  -57.279  28.257 0.0000000000
11771  -7.814  -56.832  30.198 0.0000000000
12532  -7.014  -56.163  26.577 0.0000000000
13230  -7.471  -55.223  28.673 0.0000000000
13248  -7.669  -55.704  26.213 0.0000000000
14021  -8.722  -54.500  26.417 0.0000000000
12571  -8.371  -56.107  24.398 0.0000000000
9173  -9.940  -62.045  19.285 0.0000000000
114270  -8.469  -61.029  21.375 0.0000000000
9172  -9.717  -61.040  19.044 0.0000000000
10493  -7.143  -59.841  16.737 0.0000000000
10478  -8.607  -59.395  18.120 0.0000000000
11168  -7.994  -58.870  18.201 0.0000000000
11886  -9.652  -57.109  20.177 0.0000000000
11901  -7.756  -57.690  19.274 0.0000000000
11900  -6.393  -57.693  19.777 0.0000000000
109640  -5.137  -58.759  18.050 0.0000000000
10547  -1.881  -59.388  11.758 0.0000000000
11200  -2.019  -59.123  13.478 0.0000000000
11980  -1.670  -57.739  11.568 0.0000000000
13487  -1.596  -55.813  12.016 0.0000000000
130593  -1.701  -56.928  9.697 0.0000000000
3134  -15.977  -73.176  12.543 0.0000000000
3587  -16.560  -72.025  11.741 0.0000000000
2742  -17.091  -74.238  11.700 0.0000000000
126465  -16.780  -76.975  8.653 0.0000000000
1964  -16.072  -76.350  9.149 0.0000000000
1301  -15.679  -78.190  8.415 0.0000000000
1315  -14.447  -78.555  8.474 0.0000000000
1020  -15.398  -79.543  7.047 0.0000000000
1689  -20.751  -77.293  3.689 0.0000000000
2017  -19.920  -76.329  5.157 0.0000000000
2041  -19.101  -76.685  3.138 0.0000000000
1391  -16.213  -78.804  0.284 0.0000000000
126873  -17.030  -79.180  1.875 0.0000000000
780  -16.242  -81.138  0.715 0.0000000000
508  -15.236  -81.281  3.187 0.0000000000
545  -14.675  -81.042  0.743 0.0000000000
1067  -12.568  -79.861  1.400 0.0000000000
11864  -19.602  -57.284  22.183 0.0000000000
11873  -19.402  -57.958  21.691 0.0000000000
10458  -19.299  -59.103  20.812 0.0000000000
11141  -19.073  -58.914  21.492 0.0000000000
8449  -17.358  -62.497  22.182 0.0000000000
9144  -17.449  -61.743  21.371 0.0000000000
8460  -16.080  -62.380  21.435 0.0000000000
9130  -14.355  -61.662  22.063 0.0000000000
131197  -14.433  -62.428  22.578 0.0000000000
7804  -12.142  -63.042  25.609 0.0000000000
111452  -13.345  -63.152  24.592 0.0000000000
8415  -11.871  -62.382  26.069 0.0000000000
9102  -12.591  -61.417  24.724 0.0000000000
9072  -10.232  -61.179  26.228 0.0000000000
9753  -9.610  -60.416  26.035 0.0000000000
9058  -8.759  -61.620  27.352 0.0000000000
120342  -4.912  -62.606  28.850 0.0000000000
9725  -5.208  -60.641  29.010 0.0000000000
9711  -3.987  -60.108  29.474 0.0000000000
109551  -3.159  -58.979  28.314 0.0000000000
9722  -2.640  -60.346  28.320 0.0000000000
6752  -5.741  -65.523  23.592 0.0000000000
7272  -4.785  -65.084  25.386 0.0000000000
112986  -3.158  -66.049  24.393 0.0000000000
8455  -2.862  -62.420  21.196 0.0000000000
8436  -2.571  -62.535  23.687 0.0000000000
9124  -1.695  -60.671  22.240 0.0000000000
10426  -1.718  -59.743  22.819 0.0000000000
111897  -2.401  -60.330  20.870 0.0000000000
9170  -4.576  -60.936  19.139 0.0000000000
9179  -4.114  -60.996  18.272 0.0000000000
7379  -4.716  -64.249  13.183 0.0000000000
7358  -5.917  -63.887  14.829 0.0000000000
6843  -6.321  -65.818  14.792 0.0000000000
5790  -7.221  -67.109  15.931 0.0000000000
5805  -6.185  -67.692  14.791 0.0000000000
4488  -2.568  -71.231  12.788 0.0000000000
4515  -2.254  -71.515  10.026 0.0000000000
4949  -2.431  -69.286  8.971 0.0000000000
118450  -3.746  -71.702  8.481 0.0000000000
3127  -8.453  -73.063  11.608 0.0000000000
4491  -6.617  -71.201  12.785 0.0000000000
3555  -8.787  -72.059  12.806 0.0000000000
4022  -9.184  -71.336  14.481 0.0000000000
3573  -11.461  -72.666  12.577 0.0000000000
3131  -13.023  -73.368  11.766 0.0000000000
2740  -12.521  -74.308  11.071 0.0000000000
977  -10.984  -79.109  12.458 0.0000000000
1579  -13.082  -77.727  13.047 0.0000000000
1231  -13.119  -79.048  14.056 0.0000000000
109073  -14.367  -79.476  14.650 0.0000000000
680  -12.807  -80.722  14.353 0.0000000000
11  -12.376  -83.318  14.334 0.0000000000
132  -11.981  -82.643  14.096 0.0000000000
143  -14.297  -82.596  13.173 0.0000000000
455  -14.603  -81.694  12.344 0.0000000000
154  -15.723  -82.027  12.108 0.0000000000
249  -16.995  -81.700  10.585 0.0000000000
36  -16.290  -82.772  11.565 0.0000000000
136  -18.473  -83.161  12.673 0.0000000000
124339  -18.510  -83.198  10.952 0.0000000000
157  -19.680  -82.689  10.992 0.0000000000
122370  -20.676  -82.053  8.988 0.0000000000
158  -20.739  -82.296  10.756 0.0000000000
161  -23.892  -82.562  11.014 0.0000000000
14084  -27.661  -54.339  19.598 0.0000000000
15522  -28.651  -52.641  19.186 0.0000000000
115550  -28.679  -52.147  17.699 0.0000000000
121037  -21.232  -56.908  17.716 0.0000000000
11933  -22.952  -57.286  17.774 0.0000000000
12699  -21.416  -56.241  17.320 0.0000000000
15547  -23.297  -52.573  17.255 0.0000000000
124044  -24.207  -53.879  16.765 0.0000000000
111950  -25.380  -52.028  16.522 0.0000000000
16277  -26.894  -51.678  16.191 0.0000000000
16974  -25.549  -50.664  16.309 0.0000000000
125296  -26.251  -48.496  15.490 0.0000000000
17627  -24.960  -49.655  16.207 0.0000000000
17622  -19.955  -49.190  16.301 0.0000000000
18439  -21.784  -48.456  15.656 0.0000000000
19209  -19.620  -47.843  15.345 0.0000000000
19961  -19.356  -46.579  14.487 0.0000000000
19959  -17.542  -46.978  14.381 0.0000000000
12534  -11.404  -56.085  26.759 0.0000000000
13273  -12.121  -56.017  25.114 0.0000000000
117233  -11.934  -55.688  26.047 0.0000000000
125461  -14.211  -51.920  25.000 0.0000000000
14032  -13.098  -53.793  24.010 0.0000000000
14791  -14.053  -52.771  22.362 0.0000000000
14803  -14.686  -53.054  20.956 0.0000000000
15500  -14.805  -51.680  20.840 0.0000000000
15485  -8.188  -52.290  21.832 0.0000000000
16169  -9.911  -50.879  23.487 0.0000000000
16178  -8.674  -51.269  21.652 0.0000000000
16226  -9.257  -51.665  18.038 0.0000000000
111522  -11.104  -51.056  19.921 0.0000000000
16228  -11.728  -51.473  18.437 0.0000000000
119389  -13.224  -51.610  18.962 0.0000000000
16250  -12.986  -51.147  17.690 0.0000000000
16942  -14.531  -50.712  17.211 0.0000000000
16960  -11.795  -50.802  16.141 0.0000000000
19204  -9.089  -47.499  15.237 0.0000000000
17656  -11.879  -48.920  14.534 0.0000000000
116688  -11.392  -46.905  14.876 0.0000000000
19956  -13.471  -46.527  14.159 0.0000000000
20721  -11.961  -45.628  14.795 0.0000000000
21471  -12.066  -44.033  14.733 0.0000000000
20719  -10.227  -44.911  14.979 0.0000000000
22224  -7.036  -43.230  13.002 0.0000000000
4085  -15.034  -71.652  9.564 0.0000000000
113416  -13.997  -70.164  10.722 0.0000000000
4100  -13.244  -71.808  8.798 0.0000000000
3635  -8.800  -72.271  7.156 0.0000000000
4096  -9.506  -71.423  8.344 0.0000000000
4559  -8.001  -70.389  8.128 0.0000000000
5387  -7.454  -68.338  9.292 0.0000000000
4992  -6.657  -69.414  7.365 0.0000000000
123896  -4.857  -69.789  3.220 0.0000000000
6407  -4.726  -66.809  4.152 0.0000000000
6386  -4.695  -66.313  5.505 0.0000000000
7474  -4.209  -64.748  4.979 0.0000000000
8668  -3.771  -62.691  5.917 0.0000000000
114909  -4.931  -62.493  3.741 0.0000000000
6247  -9.689  -66.699  17.822 0.0000000000
6815  -11.106  -65.728  17.869 0.0000000000
5767  -12.342  -67.090  17.387 0.0000000000
5807  -12.079  -67.530  15.514 0.0000000000
5360  -11.326  -68.148  13.561 0.0000000000
285  -19.566  -82.348  5.278 0.0000000000
294  -18.968  -81.968  4.043 0.0000000000
305  -20.283  -82.214  3.909 0.0000000000
523  -20.679  -81.678  2.039 0.0000000000
549  -21.798  -81.282  0.335 0.0000000000
24409  -23.536  -40.014  13.957 0.0000000000
25247  -22.295  -39.253  13.790 0.0000000000
25245  -20.604  -39.355  13.547 0.0000000000
25243  -18.905  -39.230  13.447 0.0000000000
26060  -17.340  -38.714  13.443 0.0000000000
25242  -17.145  -39.493  13.282 0.0000000000
121726  -14.808  -40.479  13.521 0.0000000000
23687  -12.350  -41.465  14.544 0.0000000000
9837  -14.678  -60.285  20.707 0.0000000000
11148  -15.201  -58.831  19.755 0.0000000000
10456  -14.366  -59.395  20.832 0.0000000000
11872  -13.907  -57.522  21.471 0.0000000000
12620  -13.583  -56.853  21.987 0.0000000000
13379  -2.432  -56.023  17.365 0.0000000000
13354  -1.733  -55.933  20.232 0.0000000000
13380  -3.387  -55.759  18.025 0.0000000000
22206  -27.818  -43.670  14.529 0.0000000000
20731  -26.088  -45.306  14.310 0.0000000000
12495  -5.525  -56.883  29.941 0.0000000000
12507  -6.228  -56.187  29.229 0.0000000000
11795  -5.357  -56.793  27.829 0.0000000000
11807  -6.102  -57.224  26.224 0.0000000000
11079  -6.753  -57.859  24.853 0.0000000000
8533  -9.487  -62.343  15.105 0.0000000000
9200  -9.499  -61.204  16.542 0.0000000000
9214  -8.162  -61.943  14.817 0.0000000000
9212  -6.519  -61.447  14.536 0.0000000000
9881  -5.404  -60.505  14.869 0.0000000000
10505  -3.868  -59.804  14.819 0.0000000000
9886  -3.401  -60.725  13.317 0.0000000000
9919  -2.380  -60.649  11.316 0.0000000000
9944  -2.210  -60.388  9.504 0.0000000000
1922  -17.198  -76.738  13.317 0.0000000000
113357  -17.225  -76.003  11.780 0.0000000000
1937  -17.831  -77.059  11.352 0.0000000000
1967  -18.658  -76.474  9.665 0.0000000000
1996  -18.040  -76.551  7.620 0.0000000000
2085  -19.429  -76.581  1.055 0.0000000000
2084  -18.879  -76.507  1.555 0.0000000000
2083  -18.290  -76.595  0.759 0.0000000000
1729  -16.931  -76.551  -0.845 0.0000000000
1738  -15.055  -76.904  -1.223 0.0000000000
9813  -18.547  -60.279  22.009 0.0000000000
7840  -16.861  -63.157  22.618 0.0000000000
7280  -14.714  -64.798  24.543 0.0000000000
7278  -13.100  -64.458  24.676 0.0000000000
124144  -11.728  -63.453  25.331 0.0000000000
7791  -10.664  -63.198  26.684 0.0000000000
8393  -9.449  -62.607  27.596 0.0000000000
7777  -8.922  -63.079  27.791 0.0000000000
113832  -6.864  -63.314  28.052 0.0000000000
7774  -4.972  -63.508  28.024 0.0000000000
6749  -2.056  -65.757  23.678 0.0000000000
7305  -2.030  -65.828  21.653 0.0000000000
7865  -3.851  -63.467  19.341 0.0000000000
8494  -2.739  -62.179  18.039 0.0000000000
9198  -3.337  -61.703  16.867 0.0000000000
8529  -2.560  -62.779  15.712 0.0000000000
7377  -2.499  -63.828  12.615 0.0000000000
6861  -3.371  -64.985  11.386 0.0000000000
3552  -5.701  -72.618  12.878 0.0000000000
115565  -6.287  -72.667  10.699 0.0000000000
3126  -7.384  -73.348  11.489 0.0000000000
2736  -7.719  -74.227  10.565 0.0000000000
2368  -9.682  -75.434  10.308 0.0000000000
1951  -11.179  -76.061  10.615 0.0000000000
1611  -10.101  -76.968  10.421 0.0000000000
1267  -9.929  -78.688  11.143 0.0000000000
962  -9.026  -80.562  11.764 0.0000000000
125477  -12.458  -83.826  15.930 0.0000000000
126827  -14.675  -84.102  14.063 0.0000000000
23  -15.338  -83.412  12.904 0.0000000000
123  -15.517  -83.654  14.398 0.0000000000
115  -18.778  -83.298  14.271 0.0000000000
13338  -25.586  -55.248  21.341 0.0000000000
13349  -26.114  -55.861  20.548 0.0000000000
12661  -26.369  -56.350  18.577 0.0000000000
13387  -19.713  -55.741  17.359 0.0000000000
113113  -21.408  -55.388  17.147 0.0000000000
14113  -20.524  -54.186  17.173 0.0000000000
109482  -21.761  -52.764  17.486 0.0000000000
16259  -22.931  -51.822  17.343 0.0000000000
16971  -22.787  -50.337  16.757 0.0000000000
16949  -21.550  -51.250  17.469 0.0000000000
16948  -20.229  -50.556  17.366 0.0000000000
17621  -18.312  -49.263  16.501 0.0000000000
13978  -11.954  -54.037  29.520 0.0000000000
14013  -12.510  -54.398  27.451 0.0000000000
14713  -12.723  -53.257  28.538 0.0000000000
15449  -13.361  -51.993  27.407 0.0000000000
16144  -15.594  -50.867  25.631 0.0000000000
16192  -4.420  -51.515  20.674 0.0000000000
16195  -7.600  -51.770  20.537 0.0000000000
16223  -5.882  -51.256  18.807 0.0000000000
16243  -6.736  -51.368  18.056 0.0000000000
117311  -8.733  -51.388  16.573 0.0000000000
16959  -10.105  -51.065  16.009 0.0000000000
16981  -8.076  -50.184  15.792 0.0000000000
18430  -8.235  -48.807  15.363 0.0000000000
19936  -7.765  -46.942  15.125 0.0000000000
122187  -8.747  -45.409  14.828 0.0000000000
19951  -6.403  -45.964  14.591 0.0000000000
130947  -5.305  -45.231  14.136 0.0000000000
2778  -13.499  -74.974  7.212 0.0000000000
3638  -12.372  -72.791  7.545 0.0000000000
2790  -11.949  -74.847  6.339 0.0000000000
2788  -10.398  -74.136  6.057 0.0000000000
3214  -8.172  -73.478  5.703 0.0000000000
8444  -6.141  -62.178  22.200 0.0000000000
9127  -6.351  -62.009  22.816 0.0000000000
115704  -7.391  -62.586  21.355 0.0000000000
7857  -9.269  -63.231  20.230 0.0000000000
117594  -11.037  -62.339  18.112 0.0000000000
7340  -12.192  -64.626  16.960 0.0000000000
7896  -11.853  -63.294  16.434 0.0000000000
7908  -10.908  -63.138  15.272 0.0000000000
7923  -9.507  -63.563  13.416 0.0000000000
7955  -8.475  -63.955  11.529 0.0000000000
7435  -7.402  -64.178  9.831 0.0000000000
990  -19.060  -79.899  9.207 0.0000000000
1303  -20.504  -78.251  8.469 0.0000000000
1023  -20.089  -79.452  6.474 0.0000000000
1339  -20.820  -78.648  5.130 0.0000000000
1055  -20.432  -78.682  3.093 0.0000000000
115654  -18.544  -80.969  2.762 0.0000000000
774  -19.095  -79.957  1.871 0.0000000000
109028  -20.226  -77.446  1.667 0.0000000000
1717  -20.133  -77.166  -0.789 0.0000000000
2116  -20.099  -76.220  -1.716 0.0000000000
26881  -16.341  -37.756  13.453 0.0000000000
127331  -8.967  -65.662  24.745 0.0000000000
11161  -20.429  -58.264  19.443 0.0000000000
11906  -21.987  -57.771  19.205 0.0000000000
11174  -20.036  -58.480  18.935 0.0000000000
118579  -19.716  -58.035  18.371 0.0000000000
11929  -18.726  -57.131  17.741 0.0000000000
11158  -15.800  -58.241  19.181 0.0000000000
11918  -16.747  -57.511  18.460 0.0000000000
12696  -18.306  -56.347  17.653 0.0000000000
13385  -17.853  -55.510  17.756 0.0000000000
14100  -17.481  -54.614  18.090 0.0000000000
14825  -16.362  -53.549  18.866 0.0000000000
14069  -10.011  -54.284  21.333 0.0000000000
15474  -10.634  -52.191  23.891 0.0000000000
14057  -8.897  -53.345  21.622 0.0000000000
14786  -6.627  -53.357  22.924 0.0000000000
112871  -4.897  -53.220  22.840 0.0000000000
121806  -1.668  -54.857  22.069 0.0000000000
15482  -2.899  -52.806  22.457 0.0000000000
15498  -4.004  -51.955  21.691 0.0000000000
16209  -3.294  -50.909  20.329 0.0000000000
493  -10.605  -81.158  4.275 0.0000000000
1028  -8.664  -80.191  5.529 0.0000000000
117328  -25.299  -81.633  6.064 0.0000000000
128050  -24.853  -81.043  4.161 0.0000000000
24426  -23.203  -41.346  13.533 0.0000000000
22979  -21.707  -42.397  13.109 0.0000000000
22231  -19.556  -43.725  12.978 0.0000000000
11080  -9.944  -58.603  25.743 0.0000000000
11837  -11.128  -57.934  24.520 0.0000000000
11822  -10.300  -57.774  25.842 0.0000000000
11798  -10.186  -56.888  27.944 0.0000000000
12522  -10.618  -56.097  28.861 0.0000000000
13216  -7.490  -55.608  29.667 0.0000000000
13218  -9.525  -55.296  30.024 0.0000000000
113191  -10.330  -55.030  29.834 0.0000000000
13995  -9.552  -53.933  28.870 0.0000000000
14022  -9.358  -53.958  25.838 0.0000000000
14029  -9.662  -54.118  24.816 0.0000000000
9797  -6.901  -60.458  23.284 0.0000000000
10430  -7.113  -59.445  23.266 0.0000000000
11114  -7.856  -58.063  22.985 0.0000000000
9847  -9.132  -59.933  19.338 0.0000000000
11137  -8.850  -58.573  21.278 0.0000000000
11850  -8.294  -57.456  22.816 0.0000000000
12598  -8.912  -56.650  22.604 0.0000000000
12599  -9.774  -55.805  21.975 0.0000000000
13331  -10.101  -54.813  21.512 0.0000000000
13343  -8.440  -55.580  20.514 0.0000000000
11884  -5.942  -57.269  20.625 0.0000000000
11916  -2.589  -57.942  18.901 0.0000000000
10498  -2.845  -59.081  14.897 0.0000000000
11184  -2.477  -58.093  16.322 0.0000000000
11938  -2.043  -57.302  16.773 0.0000000000
12728  -1.971  -56.024  14.479 0.0000000000
4027  -14.304  -70.782  14.408 0.0000000000
4924  -15.550  -69.550  13.357 0.0000000000
4502  -16.258  -70.609  12.176 0.0000000000
4074  -16.250  -71.742  10.596 0.0000000000
3613  -15.461  -72.890  9.011 0.0000000000
2369  -17.068  -74.939  10.213 0.0000000000
2381  -16.134  -75.310  9.236 0.0000000000
2779  -14.178  -75.288  7.800 0.0000000000
1994  -13.820  -77.020  8.017 0.0000000000
1004  -13.199  -79.345  7.860 0.0000000000
737  -12.469  -80.572  6.803 0.0000000000
127241  -20.542  -76.843  7.226 0.0000000000
2016  -19.188  -76.381  5.740 0.0000000000
1665  -17.669  -77.546  5.498 0.0000000000
1697  -17.839  -77.773  2.335 0.0000000000
1368  -16.996  -79.133  4.006 0.0000000000
118293  -16.377  -79.540  5.220 0.0000000000
752  -15.259  -80.812  4.618 0.0000000000
486  -14.282  -81.146  5.051 0.0000000000
125049  -12.151  -81.309  4.847 0.0000000000
119913  -24.415  -81.033  2.060 0.0000000000
12624  -22.590  -57.085  21.555 0.0000000000
12623  -21.652  -57.124  21.702 0.0000000000
11875  -21.146  -57.615  21.069 0.0000000000
11149  -19.638  -58.807  20.491 0.0000000000
10465  -18.749  -59.963  19.874 0.0000000000
122445  -17.402  -60.739  20.120 0.0000000000
9826  -18.532  -60.430  21.115 0.0000000000
9161  -17.054  -61.275  20.576 0.0000000000
9160  -16.092  -61.293  20.496 0.0000000000
9823  -14.480  -60.917  21.357 0.0000000000
9810  -13.343  -60.463  22.715 0.0000000000
10414  -12.017  -59.875  23.895 0.0000000000
7830  -17.280  -63.380  23.306 0.0000000000
7828  -15.563  -63.876  23.105 0.0000000000
121671  -14.370  -64.147  24.205 0.0000000000
7827  -14.706  -63.700  23.474 0.0000000000
8437  -14.194  -62.815  23.365 0.0000000000
124938  -13.389  -61.828  23.995 0.0000000000
9783  -12.312  -60.667  24.301 0.0000000000
9781  -10.872  -59.888  24.825 0.0000000000
10395  -9.706  -59.569  25.770 0.0000000000
11064  -8.822  -58.916  26.875 0.0000000000
10366  -6.889  -59.007  28.633 0.0000000000
115700  -7.301  -61.412  27.978 0.0000000000
129948  -6.198  -59.552  28.782 0.0000000000
126929  -5.869  -58.239  30.245 0.0000000000
125382  -4.417  -57.932  29.391 0.0000000000
11061  -3.273  -58.697  26.780 0.0000000000
10393  -3.061  -58.884  25.448 0.0000000000
7274  -6.917  -65.068  25.228 0.0000000000
7240  -4.801  -64.519  26.379 0.0000000000
7772  -3.026  -63.423  27.953 0.0000000000
7270  -1.865  -64.984  24.889 0.0000000000
7803  -1.855  -63.875  26.094 0.0000000000
9070  -2.112  -61.588  26.576 0.0000000000
121800  -1.732  -59.419  25.218 0.0000000000
10408  -2.343  -58.963  24.470 0.0000000000
9794  -4.324  -60.217  23.679 0.0000000000
129544  -5.267  -61.564  20.941 0.0000000000
8487  -6.161  -62.258  19.084 0.0000000000
7895  -7.143  -63.967  17.116 0.0000000000
8521  -5.096  -62.249  16.434 0.0000000000
7894  -6.464  -63.409  16.490 0.0000000000
6823  -7.661  -65.675  16.926 0.0000000000
5777  -8.473  -67.423  16.991 0.0000000000
4865  -9.399  -68.980  17.581 0.0000000000
4428  -10.231  -69.995  17.194 0.0000000000
5822  -2.538  -67.711  12.600 0.0000000000
123030  -2.216  -67.218  10.248 0.0000000000
123018  -2.765  -66.717  9.741 0.0000000000
107981  -4.301  -67.951  11.600 0.0000000000
4510  -5.520  -71.520  10.726 0.0000000000
107977  -4.645  -69.053  12.126 0.0000000000
5358  -5.306  -68.676  13.708 0.0000000000
4894  -6.726  -69.552  15.267 0.0000000000
4458  -9.560  -70.638  16.112 0.0000000000
4026  -13.162  -71.145  14.432 0.0000000000
3560  -14.100  -71.955  12.757 0.0000000000
3133  -15.029  -73.127  12.378 0.0000000000
2724  -15.042  -74.557  13.082 0.0000000000
1935  -12.562  -76.372  11.508 0.0000000000
1919  -13.786  -76.343  13.032 0.0000000000
1909  -15.276  -76.657  14.347 0.0000000000
109524  -16.307  -78.023  14.597 0.0000000000
956  -17.098  -79.687  13.569 0.0000000000
124604  -17.511  -80.253  12.194 0.0000000000
130078  -7.021  -80.881  11.087 0.0000000000
701  -7.860  -82.082  11.511 0.0000000000
702  -9.286  -81.309  12.515 0.0000000000
116824  -9.742  -83.031  14.707 0.0000000000
216  -10.152  -82.025  13.559 0.0000000000
122939  -11.796  -81.567  14.022 0.0000000000
444  -13.472  -81.658  13.664 0.0000000000
453  -15.682  -80.905  12.231 0.0000000000
718  -17.246  -80.672  10.815 0.0000000000
468  -17.324  -80.848  9.112 0.0000000000
130508  -17.739  -81.171  8.235 0.0000000000
113976  -18.862  -82.202  7.593 0.0000000000
109196  -17.077  -83.108  11.266 0.0000000000
43  -18.883  -82.291  9.862 0.0000000000
128192  -19.822  -82.567  7.739 0.0000000000
179  -20.284  -82.488  6.986 0.0000000000
268  -21.546  -81.370  7.631 0.0000000000
269  -22.392  -80.955  7.870 0.0000000000
117  -20.449  -83.449  14.460 0.0000000000
138  -21.741  -83.200  12.697 0.0000000000
119378  -22.374  -82.493  11.214 0.0000000000
123104  -22.955  -81.521  9.050 0.0000000000
271  -24.266  -81.675  7.935 0.0000000000
272  -25.213  -82.106  7.967 0.0000000000
18405  -29.665  -48.305  17.629 0.0000000000
11923  -23.298  -57.735  18.472 0.0000000000
12679  -24.632  -57.557  18.137 0.0000000000
13370  -26.107  -56.311  17.661 0.0000000000
13389  -23.092  -55.372  17.013 0.0000000000
13410  -25.279  -55.083  16.592 0.0000000000
14852  -27.020  -54.375  17.038 0.0000000000
16279  -28.291  -52.024  16.910 0.0000000000
17610  -28.928  -49.689  16.542 0.0000000000
19196  -28.995  -47.390  15.755 0.0000000000
114268  -28.041  -47.400  15.214 0.0000000000
116569  -26.476  -46.797  14.935 0.0000000000
19966  -24.868  -46.377  14.620 0.0000000000
18419  -23.304  -48.978  16.076 0.0000000000
19212  -22.910  -47.480  15.087 0.0000000000
19964  -22.921  -46.123  14.394 0.0000000000
20726  -21.490  -45.781  14.119 0.0000000000
120276  -19.611  -45.039  13.511 0.0000000000
120130  -17.510  -44.843  13.023 0.0000000000
113015  -11.618  -57.342  24.353 0.0000000000
12586  -12.788  -56.295  23.552 0.0000000000
13317  -13.518  -55.506  22.479 0.0000000000
14031  -12.811  -54.374  24.998 0.0000000000
14044  -13.176  -54.511  23.363 0.0000000000
112620  -13.830  -55.107  21.785 0.0000000000
14081  -14.642  -54.310  20.141 0.0000000000
14814  -15.206  -53.510  19.748 0.0000000000
15531  -16.509  -52.743  18.930 0.0000000000
16142  -11.736  -50.740  25.600 0.0000000000
16880  -12.970  -50.207  24.682 0.0000000000
16889  -14.318  -50.262  23.438 0.0000000000
16919  -9.836  -50.578  21.012 0.0000000000
16911  -12.654  -50.697  21.728 0.0000000000
16170  -14.958  -50.989  21.409 0.0000000000
16201  -14.516  -51.634  20.310 0.0000000000
126018  -15.231  -51.795  19.788 0.0000000000
16231  -16.512  -52.068  18.595 0.0000000000
16944  -16.875  -50.932  17.566 0.0000000000
17619  -16.451  -49.629  16.569 0.0000000000
17644  -16.686  -48.952  16.098 0.0000000000
16984  -11.284  -50.145  15.114 0.0000000000
17658  -13.480  -49.231  14.725 0.0000000000
18454  -15.485  -48.167  14.574 0.0000000000
19243  -15.803  -47.211  13.860 0.0000000000
20739  -15.592  -45.604  13.268 0.0000000000
21474  -15.606  -44.081  13.165 0.0000000000
22214  -14.375  -43.241  13.870 0.0000000000
22212  -12.534  -42.784  14.670 0.0000000000
22961  -11.040  -42.331  14.576 0.0000000000
21484  -9.025  -43.972  14.315 0.0000000000
116608  -8.937  -42.655  13.537 0.0000000000
4933  -14.280  -68.834  12.592 0.0000000000
4943  -12.786  -69.442  11.722 0.0000000000
4941  -10.742  -69.394  11.520 0.0000000000
4098  -11.711  -71.719  8.597 0.0000000000
4966  -9.975  -70.152  10.133 0.0000000000
5378  -9.057  -68.878  11.078 0.0000000000
5837  -8.225  -67.662  10.841 0.0000000000
6334  -7.354  -65.858  9.496 0.0000000000
6916  -6.350  -65.131  8.210 0.0000000000
111727  -8.234  -77.353  4.713 0.0000000000
2831  -7.825  -74.855  4.724 0.0000000000
114721  -6.930  -72.910  5.330 0.0000000000
3676  -4.624  -72.239  2.694 0.0000000000
4140  -5.130  -71.297  4.799 0.0000000000
5002  -5.396  -69.736  5.912 0.0000000000
109638  -5.259  -67.976  6.282 0.0000000000
6934  -5.013  -65.472  6.654 0.0000000000
8026  -4.870  -63.970  7.523 0.0000000000
8627  -3.131  -62.660  8.168 0.0000000000
109569  -3.093  -61.188  7.170 0.0000000000
10587  -2.877  -59.302  7.121 0.0000000000
10619  -4.091  -59.052  4.879 0.0000000000
12035  -2.725  -57.492  7.642 0.0000000000
4447  -13.092  -69.559  16.238 0.0000000000
4896  -13.669  -69.195  15.835 0.0000000000
4897  -14.155  -69.402  15.309 0.0000000000
488  -22.885  -80.588  5.654 0.0000000000
500  -22.901  -80.599  4.688 0.0000000000
501  -23.656  -80.478  4.965 0.0000000000
111197  -18.339  -42.838  12.632 0.0000000000
23705  -18.945  -42.167  12.643 0.0000000000
22976  -17.457  -42.735  12.648 0.0000000000
117925  -17.163  -41.975  12.720 0.0000000000
22975  -16.629  -42.659  12.817 0.0000000000
10431  -11.800  -59.172  23.719 0.0000000000
11115  -11.456  -58.597  24.009 0.0000000000
120464  -29.444  -46.393  15.876 0.0000000000
9779  -4.689  -60.140  24.411 0.0000000000
10410  -5.067  -59.645  25.041 0.0000000000
7974  -5.789  -63.392  10.285 0.0000000000
8581  -5.367  -63.049  11.742 0.0000000000
8599  -5.192  -63.173  10.964 0.0000000000
8598  -4.420  -62.944  10.865 0.0000000000
7994  -4.511  -63.260  9.331 0.0000000000
978  -18.495  -79.404  11.597 0.0000000000
1280  -19.188  -78.489  10.723 0.0000000000
1289  -19.607  -78.422  9.996 0.0000000000
6737  -11.417  -65.623  24.030 0.0000000000
7276  -10.387  -64.914  24.333 0.0000000000
124488  -9.476  -65.015  24.882 0.0000000000
114435  -3.160  -66.496  16.175 0.0000000000
109012  -3.076  -66.254  17.057 0.0000000000
6830  -3.569  -65.457  15.155 0.0000000000
6267  -3.216  -66.639  15.116 0.0000000000
1594  -5.053  -78.312  11.276 0.0000000000
1607  -4.956  -77.597  10.135 0.0000000000
1263  -5.422  -79.180  10.649 0.0000000000
972  -6.029  -80.353  9.786 0.0000000000
973  -5.619  -80.047  10.624 0.0000000000
11876  -22.165  -57.590  20.957 0.0000000000
11891  -22.517  -57.778  20.069 0.0000000000
14835  -18.589  -52.881  18.251 0.0000000000
15533  -18.406  -52.199  18.535 0.0000000000
128484  -17.778  -52.282  18.573 0.0000000000
14755  -10.132  -53.394  25.223 0.0000000000
15456  -10.985  -52.164  27.061 0.0000000000
110047  -10.608  -52.774  25.223 0.0000000000
17607  -3.849  -48.924  17.718 0.0000000000
117567  -11.013  -80.203  6.689 0.0000000000
1323  -10.515  -78.793  6.400 0.0000000000
1016  -10.399  -79.878  6.466 0.0000000000
7329  -8.195  -64.560  18.315 0.0000000000
7330  -8.966  -64.862  18.654 0.0000000000
7338  -9.327  -65.355  18.408 0.0000000000
120287  -10.314  -67.122  13.721 0.0000000000
6855  -11.102  -66.045  14.104 0.0000000000
6301  -9.988  -66.889  13.173 0.0000000000
6300  -9.592  -66.501  12.529 0.0000000000
5825  -9.559  -67.253  12.633 0.0000000000
116415  -18.741  -81.191  5.016 0.0000000000
556  -21.032  -81.092  -0.452 0.0000000000
555  -19.866  -81.029  -0.342 0.0000000000
791  -21.195  -80.540  -0.681 0.0000000000
1090  -20.984  -79.288  -0.554 0.0000000000
24405  -12.423  -40.216  14.189 0.0000000000
24417  -11.180  -40.256  13.997 0.0000000000
25239  -10.727  -39.600  13.576 0.0000000000
24416  -10.352  -40.399  13.586 0.0000000000
9850  -17.217  -60.275  19.583 0.0000000000
12621  -14.145  -56.601  21.203 0.0000000000
12641  -14.652  -56.673  20.331 0.0000000000
13347  -14.925  -55.893  19.948 0.0000000000
11881  -2.420  -57.128  20.907 0.0000000000
12615  -2.900  -56.723  21.597 0.0000000000
21477  -25.744  -44.455  14.106 0.0000000000
22218  -25.949  -43.158  14.112 0.0000000000
21476  -24.880  -44.274  13.850 0.0000000000
22216  -24.001  -44.131  13.630 0.0000000000
21475  -23.324  -44.729  13.711 0.0000000000
11781  -7.543  -57.479  30.026 0.0000000000
11782  -8.309  -57.347  29.590 0.0000000000
12551  -7.357  -56.433  25.664 0.0000000000
116153  -7.409  -55.465  27.273 0.0000000000
12552  -7.952  -55.932  25.284 0.0000000000
9191  -10.406  -61.668  17.911 0.0000000000
9182  -10.062  -61.597  18.607 0.0000000000
9181  -9.829  -61.058  18.176 0.0000000000
125391  -6.426  -59.794  16.441 0.0000000000
10485  -7.101  -59.307  17.351 0.0000000000
11181  -7.253  -58.970  17.878 0.0000000000
11155  -7.949  -58.320  18.664 0.0000000000
11180  -6.335  -58.918  17.763 0.0000000000
11166  -5.951  -58.479  18.604 0.0000000000
11179  -5.503  -59.145  17.224 0.0000000000
11246  -1.679  -58.522  10.474 0.0000000000
11232  -1.737  -58.536  11.289 0.0000000000
130996  -1.627  -57.903  10.890 0.0000000000
12786  -1.592  -57.092  10.914 0.0000000000
12009  -1.816  -57.334  9.164 0.0000000000
3124  -16.176  -74.038  12.936 0.0000000000
3135  -16.831  -73.739  12.225 0.0000000000
2733  -17.003  -74.524  12.529 0.0000000000
1645  -17.095  -77.203  7.857 0.0000000000
112664  -16.250  -77.570  8.467 0.0000000000
1644  -16.378  -78.072  7.731 0.0000000000
1316  -15.730  -78.832  7.621 0.0000000000
1021  -16.096  -79.215  6.668 0.0000000000
2043  -20.255  -76.762  3.480 0.0000000000
1086  -15.612  -78.958  -0.042 0.0000000000
1079  -15.988  -79.952  0.475 0.0000000000
1078  -16.022  -80.791  0.358 0.0000000000
128439  -15.632  -81.066  0.542 0.0000000000
786  -15.076  -80.456  0.293 0.0000000000
779  -14.068  -80.169  0.625 0.0000000000
10448  -18.813  -59.531  21.690 0.0000000000
8448  -16.471  -62.814  21.978 0.0000000000
8447  -15.598  -62.780  21.942 0.0000000000
8446  -14.876  -62.436  21.996 0.0000000000
128072  -11.390  -62.528  26.507 0.0000000000
9073  -11.163  -61.912  26.441 0.0000000000
130432  -9.659  -60.955  26.418 0.0000000000
9071  -9.745  -61.694  26.966 0.0000000000
9044  -4.292  -61.885  29.028 0.0000000000
9724  -4.437  -60.881  29.217 0.0000000000
9031  -3.635  -61.067  29.191 0.0000000000
123680  -3.432  -60.203  29.226 0.0000000000
9042  -2.695  -61.150  28.668 0.0000000000
120705  -4.769  -66.022  23.320 0.0000000000
117699  -4.539  -65.750  23.977 0.0000000000
6751  -3.577  -66.324  23.524 0.0000000000
8470  -2.053  -61.517  20.583 0.0000000000
8454  -2.043  -61.431  21.528 0.0000000000
9137  -1.827  -60.930  20.958 0.0000000000
9819  -1.911  -60.304  21.435 0.0000000000
9833  -2.291  -60.715  20.213 0.0000000000
9854  -3.387  -60.789  18.827 0.0000000000
9169  -2.735  -61.083  18.744 0.0000000000
124232  -5.052  -65.224  13.093 0.0000000000
6842  -5.669  -65.029  13.933 0.0000000000
6280  -5.810  -66.037  13.872 0.0000000000
6281  -6.152  -66.711  14.548 0.0000000000
5804  -5.723  -67.072  13.978 0.0000000000
130094  -3.043  -73.441  12.034 0.0000000000
3125  -2.443  -73.345  10.642 0.0000000000
3582  -2.070  -73.163  10.796 0.0000000000
125124  -2.670  -73.070  8.937 0.0000000000
4079  -2.692  -71.292  8.455 0.0000000000
3611  -3.902  -72.597  8.491 0.0000000000
110897  -9.743  -74.256  10.892 0.0000000000
3571  -9.155  -72.641  12.410 0.0000000000
3128  -9.712  -73.150  11.914 0.0000000000
3572  -10.364  -72.664  12.622 0.0000000000
130701  -11.266  -73.704  11.491 0.0000000000
3142  -11.971  -73.967  11.106 0.0000000000
2739  -11.980  -74.632  10.796 0.0000000000
954  -11.609  -79.202  13.083 0.0000000000
130674  -12.153  -78.719  13.082 0.0000000000
955  -12.322  -79.351  13.659 0.0000000000
941  -12.910  -79.934  14.225 0.0000000000
691  -12.131  -80.383  14.032 0.0000000000
17  -13.804  -83.501  13.524 0.0000000000
21  -13.595  -83.155  13.241 0.0000000000
22  -14.090  -82.961  12.816 0.0000000000
144  -15.077  -82.223  12.853 0.0000000000
26  -14.975  -82.953  12.775 0.0000000000
31  -15.810  -82.566  12.196 0.0000000000
110153  -15.343  -83.142  12.670 0.0000000000
110571  -19.302  -83.120  12.392 0.0000000000
146  -18.688  -83.058  11.837 0.0000000000
147  -19.545  -82.936  11.621 0.0000000000
115711  -20.181  -82.641  11.209 0.0000000000
114950  -20.373  -82.965  12.030 0.0000000000
142  -25.016  -82.394  12.085 0.0000000000
14826  -28.029  -53.740  19.296 0.0000000000
123676  -28.457  -53.187  19.016 0.0000000000
15535  -28.554  -52.819  18.309 0.0000000000
14837  -28.144  -53.552  18.414 0.0000000000
123753  -20.890  -56.430  17.426 0.0000000000
16260  -23.681  -51.819  17.162 0.0000000000
15548  -24.147  -52.516  17.033 0.0000000000
16276  -24.518  -51.865  16.840 0.0000000000
109435  -25.962  -51.434  16.297 0.0000000000
108726  -25.017  -51.229  16.622 0.0000000000
128712  -25.235  -50.178  16.292 0.0000000000
16973  -24.653  -50.430  16.533 0.0000000000
130522  -18.865  -48.450  15.913 0.0000000000
110885  -20.255  -48.388  15.678 0.0000000000
19208  -18.738  -48.007  15.544 0.0000000000
19232  -19.023  -47.296  14.977 0.0000000000
19207  -18.113  -47.414  15.056 0.0000000000
13251  -11.919  -55.276  27.247 0.0000000000
16150  -15.790  -51.242  24.922 0.0000000000
15469  -14.579  -51.965  23.966 0.0000000000
15475  -15.470  -51.792  22.627 0.0000000000
15489  -15.425  -51.605  21.705 0.0000000000
15476  -16.263  -51.024  22.312 0.0000000000
123347  -7.336  -52.538  21.837 0.0000000000
16177  -8.169  -51.988  21.494 0.0000000000
108749  -7.339  -52.056  21.233 0.0000000000
16247  -10.247  -51.581  17.858 0.0000000000
16227  -10.852  -51.457  18.535 0.0000000000
16248  -11.143  -51.419  17.709 0.0000000000
16249  -12.031  -51.287  17.685 0.0000000000
16273  -12.337  -50.901  16.912 0.0000000000
16272  -11.464  -51.183  16.912 0.0000000000
116660  -9.936  -47.263  15.174 0.0000000000
19206  -10.744  -47.024  15.068 0.0000000000
19954  -11.805  -46.481  14.783 0.0000000000
19939  -11.093  -46.145  15.020 0.0000000000
20720  -11.066  -45.202  14.977 0.0000000000
20710  -9.619  -45.653  15.088 0.0000000000
3626  -14.070  -72.342  8.503 0.0000000000
4101  -14.229  -71.713  9.141 0.0000000000
3625  -13.242  -72.526  8.037 0.0000000000
4125  -8.104  -72.062  6.798 0.0000000000
4110  -8.443  -71.601  7.417 0.0000000000
4558  -7.534  -70.611  7.366 0.0000000000
4993  -7.284  -69.886  7.734 0.0000000000
4557  -6.843  -70.148  7.020 0.0000000000
6408  -5.290  -67.172  2.915 0.0000000000
121596  -5.101  -66.429  3.238 0.0000000000
6961  -4.810  -65.786  3.981 0.0000000000
7480  -4.638  -64.882  4.151 0.0000000000
110229  -4.504  -64.092  4.372 0.0000000000
8064  -5.083  -64.201  3.221 0.0000000000
5765  -10.400  -67.572  17.868 0.0000000000
6248  -10.887  -66.678  17.946 0.0000000000
5766  -11.605  -67.539  17.802 0.0000000000
5347  -12.752  -68.216  15.874 0.0000000000
114266  -12.385  -68.044  14.952 0.0000000000
5819  -11.652  -67.661  14.799 0.0000000000
5361  -11.915  -68.029  14.153 0.0000000000
286  -20.347  -82.448  5.692 0.0000000000
296  -20.263  -82.332  4.769 0.0000000000
118910  -21.092  -82.130  4.457 0.0000000000
524  -22.259  -81.265  2.752 0.0000000000
312  -21.421  -81.652  2.799 0.0000000000
114818  -21.780  -81.433  2.080 0.0000000000
538  -21.178  -81.457  1.194 0.0000000000
539  -22.309  -81.312  1.380 0.0000000000
126369  -23.144  -40.589  13.697 0.0000000000
24408  -22.733  -39.962  13.740 0.0000000000
111514  -21.908  -39.938  13.582 0.0000000000
24422  -19.132  -40.691  13.019 0.0000000000
24423  -20.554  -40.281  13.294 0.0000000000
116509  -19.679  -39.885  13.293 0.0000000000
25244  -19.781  -39.099  13.580 0.0000000000
118125  -18.092  -39.767  13.157 0.0000000000
24420  -17.440  -40.456  13.045 0.0000000000
23701  -15.509  -41.790  13.290 0.0000000000
126507  -15.334  -41.078  13.361 0.0000000000
23690  -14.608  -41.528  13.637 0.0000000000
130977  -13.332  -41.081  14.140 0.0000000000
23689  -13.699  -41.631  14.093 0.0000000000
10446  -14.122  -60.010  21.433 0.0000000000
10455  -13.883  -59.103  21.539 0.0000000000
11139  -13.651  -58.290  21.748 0.0000000000
11871  -13.371  -57.614  22.117 0.0000000000
119047  -13.155  -57.090  22.501 0.0000000000
13403  -2.506  -55.946  16.389 0.0000000000
13367  -2.266  -56.034  18.476 0.0000000000
21463  -29.358  -44.545  15.324 0.0000000000
22207  -28.821  -43.667  14.879 0.0000000000
21462  -28.251  -44.434  14.656 0.0000000000
21479  -27.477  -44.466  14.392 0.0000000000
20732  -27.051  -45.221  14.442 0.0000000000
11794  -4.609  -57.269  28.588 0.0000000000
12506  -5.425  -56.569  29.095 0.0000000000
123898  -6.080  -58.270  25.279 0.0000000000
11820  -6.423  -57.567  25.590 0.0000000000
8541  -8.241  -62.568  14.299 0.0000000000
126995  -8.871  -61.964  15.150 0.0000000000
8540  -7.582  -62.347  14.233 0.0000000000
9218  -5.499  -62.168  13.290 0.0000000000
9219  -6.303  -62.121  13.786 0.0000000000
9211  -5.697  -61.541  13.987 0.0000000000
129105  -5.845  -60.994  14.576 0.0000000000
9888  -5.113  -60.958  14.164 0.0000000000
9887  -4.237  -60.899  13.705 0.0000000000
9217  -3.946  -61.483  12.915 0.0000000000
9262  -2.965  -61.933  10.359 0.0000000000
9920  -2.930  -61.367  11.720 0.0000000000
9261  -2.642  -61.314  10.833 0.0000000000
9929  -2.218  -60.517  10.434 0.0000000000
9270  -2.510  -61.251  9.931 0.0000000000
113378  -17.540  -77.551  12.965 0.0000000000
1930  -17.415  -76.925  12.513 0.0000000000
1598  -17.731  -77.322  12.141 0.0000000000
1968  -19.468  -77.121  9.629 0.0000000000
1982  -18.691  -76.158  8.729 0.0000000000
1981  -17.732  -76.421  8.531 0.0000000000
120518  -18.710  -76.169  7.862 0.0000000000
2102  -18.651  -76.208  -0.034 0.0000000000
2114  -16.589  -75.807  -1.780 0.0000000000
1728  -16.050  -76.625  -1.373 0.0000000000
129216  -13.472  -65.066  24.868 0.0000000000
129697  -10.846  -64.364  24.608 0.0000000000
7264  -10.936  -63.701  25.523 0.0000000000
114925  -9.988  -63.308  27.041 0.0000000000
121678  -9.294  -63.428  27.240 0.0000000000
7243  -8.034  -64.261  26.665 0.0000000000
127383  -7.851  -63.860  27.232 0.0000000000
7226  -6.517  -63.815  27.398 0.0000000000
7775  -5.989  -63.420  28.037 0.0000000000
7225  -5.465  -63.906  27.255 0.0000000000
6203  -2.527  -66.503  21.231 0.0000000000
125078  -2.036  -66.100  21.936 0.0000000000
6769  -1.941  -66.063  20.932 0.0000000000
7335  -4.060  -64.451  17.197 0.0000000000
7322  -3.473  -65.077  19.592 0.0000000000
7871  -3.770  -63.534  18.556 0.0000000000
8495  -3.019  -62.463  18.554 0.0000000000
8506  -3.118  -62.793  17.906 0.0000000000
8505  -2.883  -62.540  17.315 0.0000000000
7891  -2.538  -63.031  16.064 0.0000000000
6851  -2.108  -64.693  12.511 0.0000000000
7376  -2.185  -64.181  12.985 0.0000000000
7384  -2.263  -64.446  12.088 0.0000000000
7385  -2.922  -64.142  11.825 0.0000000000
6860  -2.594  -64.912  11.389 0.0000000000
2723  -6.946  -75.403  14.067 0.0000000000
3114  -7.105  -73.493  14.042 0.0000000000
3541  -6.241  -72.607  13.575 0.0000000000
3542  -6.602  -72.882  12.719 0.0000000000
3123  -6.885  -73.163  12.229 0.0000000000
109122  -7.205  -74.574  12.403 0.0000000000
1963  -6.033  -76.020  8.202 0.0000000000
2749  -7.291  -75.043  9.624 0.0000000000
2367  -7.165  -75.405  8.943 0.0000000000
2750  -7.940  -74.727  9.910 0.0000000000
124150  -7.870  -75.654  9.262 0.0000000000
130502  -9.534  -76.484  10.116 0.0000000000
1610  -8.571  -76.959  9.722 0.0000000000
984  -7.281  -79.996  9.377 0.0000000000
1278  -7.888  -79.277  9.533 0.0000000000
1266  -8.671  -79.394  10.260 0.0000000000
976  -9.471  -79.579  11.296 0.0000000000
975  -8.258  -80.192  10.430 0.0000000000
13  -13.798  -83.943  14.777 0.0000000000
15  -14.871  -83.934  14.389 0.0000000000
14072  -25.409  -54.378  21.687 0.0000000000
13348  -25.336  -56.260  20.958 0.0000000000
12643  -25.747  -56.658  20.082 0.0000000000
13359  -26.383  -56.191  19.622 0.0000000000
12660  -25.934  -56.717  19.137 0.0000000000
114773  -19.248  -54.837  17.387 0.0000000000
113114  -20.112  -54.939  17.224 0.0000000000
14112  -19.729  -54.021  17.301 0.0000000000
15544  -20.320  -52.532  17.809 0.0000000000
14848  -21.022  -53.309  17.382 0.0000000000
15546  -22.312  -52.197  17.487 0.0000000000
118516  -21.552  -52.055  17.663 0.0000000000
114890  -22.286  -51.495  17.363 0.0000000000
120916  -20.981  -51.582  17.782 0.0000000000
16256  -19.260  -51.182  18.282 0.0000000000
16257  -19.943  -51.099  18.078 0.0000000000
16947  -19.470  -50.638  17.606 0.0000000000
16967  -18.856  -50.021  16.985 0.0000000000
16966  -17.990  -50.035  17.038 0.0000000000
14700  -11.582  -53.796  29.510 0.0000000000
13979  -12.325  -53.593  29.051 0.0000000000
14712  -11.880  -53.067  28.942 0.0000000000
16130  -12.538  -51.547  27.342 0.0000000000
16131  -13.055  -51.975  27.729 0.0000000000
16136  -13.577  -51.287  27.089 0.0000000000
16137  -14.265  -51.210  26.700 0.0000000000
16867  -14.566  -50.910  26.630 0.0000000000
112385  -4.235  -50.927  19.990 0.0000000000
16210  -5.249  -51.372  19.773 0.0000000000
16933  -6.001  -50.890  18.012 0.0000000000
16940  -6.578  -50.772  17.323 0.0000000000
16244  -7.539  -51.412  17.360 0.0000000000
16941  -7.317  -50.883  16.798 0.0000000000
16957  -8.418  -50.836  16.107 0.0000000000
18428  -6.388  -48.260  15.762 0.0000000000
18429  -7.307  -48.473  15.524 0.0000000000
131153  -6.775  -47.960  15.508 0.0000000000
19203  -8.148  -47.781  15.296 0.0000000000
19202  -7.176  -47.586  15.318 0.0000000000
19226  -6.808  -46.776  14.990 0.0000000000
19950  -5.260  -45.680  14.505 0.0000000000
2393  -12.910  -75.685  7.000 0.0000000000
2399  -12.303  -75.414  6.519 0.0000000000
111384  -12.276  -76.446  6.728 0.0000000000
2012  -10.135  -76.181  5.598 0.0000000000
2397  -10.725  -75.509  5.816 0.0000000000
2406  -9.981  -75.381  5.536 0.0000000000
2810  -9.637  -74.529  5.629 0.0000000000
2809  -8.723  -74.688  5.216 0.0000000000
8457  -6.634  -62.432  21.544 0.0000000000
8474  -7.525  -62.933  20.498 0.0000000000
7325  -10.213  -64.139  18.975 0.0000000000
7867  -9.821  -63.510  19.621 0.0000000000
7868  -10.629  -63.407  18.924 0.0000000000
8499  -10.359  -62.852  19.297 0.0000000000
8511  -11.663  -62.790  17.804 0.0000000000
6250  -12.356  -66.154  17.272 0.0000000000
6816  -11.564  -65.024  17.677 0.0000000000
6261  -12.492  -65.571  16.702 0.0000000000
7372  -11.547  -64.613  14.669 0.0000000000
7360  -11.794  -64.249  15.339 0.0000000000
7919  -11.304  -63.817  14.862 0.0000000000
8535  -11.335  -62.770  16.095 0.0000000000
7918  -10.620  -63.489  14.459 0.0000000000
8542  -9.806  -63.254  14.164 0.0000000000
7924  -10.328  -63.820  13.690 0.0000000000
6874  -8.834  -65.387  11.311 0.0000000000
7401  -9.023  -64.553  11.674 0.0000000000
130474  -8.640  -64.571  11.151 0.0000000000
7976  -7.434  -63.806  10.507 0.0000000000
7419  -7.881  -64.520  10.183 0.0000000000
727  -18.881  -80.294  8.298 0.0000000000
1007  -19.437  -79.905  7.659 0.0000000000
114345  -19.508  -79.966  6.754 0.0000000000
1040  -19.558  -79.827  4.509 0.0000000000
1031  -20.041  -79.479  5.180 0.0000000000
1041  -20.259  -79.173  4.512 0.0000000000
1355  -20.786  -78.490  4.069 0.0000000000
128891  -19.413  -81.719  2.848 0.0000000000
521  -18.754  -81.265  2.288 0.0000000000
1080  -19.328  -80.207  -0.020 0.0000000000
1071  -19.157  -80.062  0.692 0.0000000000
1072  -19.679  -79.226  1.353 0.0000000000
1387  -20.120  -78.404  1.531 0.0000000000
125424  -20.137  -77.984  0.768 0.0000000000
1710  -20.047  -77.233  0.435 0.0000000000
1394  -20.193  -78.032  -0.208 0.0000000000
128298  -21.197  -77.727  -0.792 0.0000000000
1730  -20.790  -76.988  -1.113 0.0000000000
124611  -20.770  -75.946  -1.968 0.0000000000
26059  -16.508  -38.695  13.467 0.0000000000
26882  -17.173  -38.061  13.359 0.0000000000
119653  -15.647  -38.346  13.532 0.0000000000
26038  -12.680  -38.781  13.849 0.0000000000
26861  -13.807  -38.131  13.602 0.0000000000
26860  -13.155  -38.096  13.673 0.0000000000
11160  -19.724  -58.820  19.552 0.0000000000
11173  -19.384  -58.827  18.870 0.0000000000
11172  -18.861  -58.406  18.361 0.0000000000
121626  -19.043  -57.753  17.989 0.0000000000
11920  -18.347  -57.762  18.041 0.0000000000
119855  -15.164  -57.997  19.651 0.0000000000
12676  -16.393  -56.776  18.536 0.0000000000
11904  -16.051  -57.438  18.840 0.0000000000
12677  -17.132  -56.905  18.209 0.0000000000
12678  -17.907  -57.029  17.877 0.0000000000
12695  -17.474  -56.253  17.961 0.0000000000
13357  -15.599  -55.216  19.205 0.0000000000
13358  -16.234  -55.110  18.721 0.0000000000
14099  -16.665  -54.479  18.545 0.0000000000
14090  -15.922  -54.419  18.970 0.0000000000
13329  -7.619  -55.165  21.300 0.0000000000
111874  -8.526  -53.899  21.614 0.0000000000
14067  -7.723  -54.256  21.943 0.0000000000
14054  -4.423  -54.757  23.073 0.0000000000
109383  -6.304  -54.168  22.973 0.0000000000
14785  -5.689  -53.649  23.114 0.0000000000
125856  -5.873  -53.106  22.905 0.0000000000
13342  -1.766  -55.242  20.755 0.0000000000
111408  -1.694  -55.299  21.547 0.0000000000
15509  -1.827  -52.459  20.485 0.0000000000
110628  -1.848  -52.892  21.234 0.0000000000
15496  -2.202  -52.702  21.797 0.0000000000
15497  -2.884  -52.105  21.848 0.0000000000
16191  -3.042  -51.519  21.069 0.0000000000
16208  -2.409  -51.367  20.322 0.0000000000
120019  -25.832  -81.770  5.918 0.0000000000
290  -25.530  -81.332  5.299 0.0000000000
119689  -25.877  -81.143  5.048 0.0000000000
23693  -26.108  -41.672  14.324 0.0000000000
24427  -23.862  -40.809  13.842 0.0000000000
23710  -24.148  -41.775  13.684 0.0000000000
118054  -22.064  -43.843  13.290 0.0000000000
22980  -22.539  -42.683  13.238 0.0000000000
22978  -20.024  -43.132  12.880 0.0000000000
22232  -20.437  -43.754  13.082 0.0000000000
126047  -9.763  -57.969  26.479 0.0000000000
11783  -9.124  -56.837  29.395 0.0000000000
12521  -9.870  -56.457  29.150 0.0000000000
12519  -6.149  -56.267  28.271 0.0000000000
12508  -6.888  -56.186  29.869 0.0000000000
13231  -8.162  -54.712  28.532 0.0000000000
13217  -8.347  -55.210  29.800 0.0000000000
13976  -10.079  -54.542  29.741 0.0000000000
14011  -8.706  -54.278  27.936 0.0000000000
14028  -8.985  -54.765  25.119 0.0000000000
9128  -7.129  -61.920  22.595 0.0000000000
9113  -6.641  -61.453  23.206 0.0000000000
9822  -7.827  -61.521  22.094 0.0000000000
116114  -8.278  -60.090  21.264 0.0000000000
9809  -7.900  -60.498  21.949 0.0000000000
10442  -7.554  -59.793  22.533 0.0000000000
11124  -7.655  -58.792  22.851 0.0000000000
120265  -8.046  -58.929  22.083 0.0000000000
9868  -8.640  -60.606  16.495 0.0000000000
9860  -9.465  -60.506  17.711 0.0000000000
9859  -8.835  -60.202  17.280 0.0000000000
11145  -9.350  -58.575  20.180 0.0000000000
10463  -9.221  -59.180  19.457 0.0000000000
11125  -8.392  -58.114  22.231 0.0000000000
11858  -8.877  -57.311  22.106 0.0000000000
111841  -8.228  -56.973  23.295 0.0000000000
12656  -9.357  -56.807  19.752 0.0000000000
12619  -9.796  -56.409  20.585 0.0000000000
119366  -10.029  -55.654  20.992 0.0000000000
13315  -9.856  -55.145  22.530 0.0000000000
13345  -9.738  -55.638  20.457 0.0000000000
13344  -9.221  -55.326  20.423 0.0000000000
121679  -8.007  -56.463  20.158 0.0000000000
11165  -4.796  -58.430  18.941 0.0000000000
11899  -5.286  -57.796  20.065 0.0000000000
11152  -4.702  -58.129  19.615 0.0000000000
11898  -4.158  -57.881  20.163 0.0000000000
10509  -2.965  -60.202  13.699 0.0000000000
128138  -3.293  -59.449  14.821 0.0000000000
10504  -3.010  -59.670  14.332 0.0000000000
11195  -1.925  -58.300  13.901 0.0000000000
11190  -2.496  -58.593  15.050 0.0000000000
11189  -2.149  -58.196  14.788 0.0000000000
11943  -2.129  -57.630  16.029 0.0000000000
11942  -2.137  -57.484  15.319 0.0000000000
11937  -2.081  -56.748  15.933 0.0000000000
129642  -1.880  -56.235  13.977 0.0000000000
13468  -2.085  -55.122  12.379 0.0000000000
4044  -14.714  -71.305  13.463 0.0000000000
4045  -15.528  -71.049  13.185 0.0000000000
3562  -15.932  -71.560  12.566 0.0000000000
3588  -16.794  -72.616  11.269 0.0000000000
108973  -16.564  -71.827  11.140 0.0000000000
3601  -16.514  -72.511  10.479 0.0000000000
3614  -16.086  -72.754  9.670 0.0000000000
3167  -15.999  -73.540  9.279 0.0000000000
2370  -17.255  -75.943  10.345 0.0000000000
114929  -17.204  -75.614  11.037 0.0000000000
1979  -15.578  -76.780  8.861 0.0000000000
2391  -15.532  -75.979  8.819 0.0000000000
117795  -15.423  -74.922  8.630 0.0000000000
2395  -14.353  -76.304  8.128 0.0000000000
1995  -14.532  -77.269  8.498 0.0000000000
1019  -14.487  -79.770  7.408 0.0000000000
1314  -13.648  -78.679  8.190 0.0000000000
1018  -13.569  -79.844  7.544 0.0000000000
1017  -12.764  -79.937  7.375 0.0000000000
738  -13.282  -80.476  6.843 0.0000000000
1317  -20.930  -78.381  6.962 0.0000000000
1318  -20.929  -77.649  7.276 0.0000000000
115764  -20.941  -77.297  6.347 0.0000000000
112536  -19.301  -76.541  4.714 0.0000000000
119015  -19.945  -76.240  5.928 0.0000000000
1666  -18.476  -76.997  5.013 0.0000000000
1656  -18.238  -76.980  6.018 0.0000000000
1678  -17.762  -77.670  4.660 0.0000000000
1708  -17.883  -77.293  1.369 0.0000000000
1698  -18.444  -77.017  2.087 0.0000000000
1062  -16.839  -79.618  2.509 0.0000000000
1053  -17.160  -79.048  3.205 0.0000000000
1052  -16.593  -79.925  3.407 0.0000000000
1353  -16.835  -79.012  4.837 0.0000000000
1039  -16.491  -79.705  4.431 0.0000000000
127728  -15.938  -80.105  4.989 0.0000000000
753  -16.037  -80.389  4.056 0.0000000000
121210  -14.479  -81.416  3.118 0.0000000000
497  -14.614  -81.278  3.971 0.0000000000
496  -13.674  -81.336  4.360 0.0000000000
495  -12.837  -81.340  4.614 0.0000000000
506  -12.868  -81.399  3.593 0.0000000000
505  -12.043  -81.285  3.324 0.0000000000
114110  -12.384  -81.241  2.711 0.0000000000
308  -25.131  -80.970  3.812 0.0000000000
313  -24.808  -80.961  3.318 0.0000000000
527  -25.051  -80.986  2.782 0.0000000000
12622  -20.636  -57.168  21.866 0.0000000000
11874  -20.150  -57.822  21.228 0.0000000000
11150  -20.125  -58.369  20.306 0.0000000000
10457  -18.955  -59.768  20.723 0.0000000000
10466  -19.280  -59.394  20.070 0.0000000000
9851  -18.066  -60.387  19.792 0.0000000000
9825  -18.132  -61.111  21.548 0.0000000000
9143  -16.552  -61.860  21.035 0.0000000000
9824  -15.186  -61.107  20.787 0.0000000000
9129  -13.769  -61.140  22.668 0.0000000000
9811  -13.925  -60.638  22.071 0.0000000000
9798  -12.712  -60.360  23.432 0.0000000000
113326  -17.001  -64.044  23.935 0.0000000000
7829  -16.475  -63.775  23.104 0.0000000000
7279  -13.910  -64.603  24.672 0.0000000000
7817  -13.670  -63.886  24.483 0.0000000000
7818  -14.007  -63.387  24.097 0.0000000000
129507  -13.785  -62.255  23.694 0.0000000000
9766  -11.215  -60.649  25.209 0.0000000000
9101  -12.036  -60.991  25.081 0.0000000000
9782  -11.626  -60.247  24.571 0.0000000000
10396  -10.311  -59.315  25.214 0.0000000000
9752  -8.417  -60.441  26.937 0.0000000000
10380  -8.968  -59.798  26.381 0.0000000000
10373  -8.210  -59.461  27.153 0.0000000000
11051  -7.747  -58.784  27.985 0.0000000000
10372  -7.419  -59.600  27.706 0.0000000000
8392  -8.680  -62.626  27.879 0.0000000000
121136  -7.997  -62.061  27.923 0.0000000000
9712  -4.631  -59.799  29.496 0.0000000000
9726  -6.032  -60.268  28.609 0.0000000000
10365  -5.416  -59.616  29.283 0.0000000000
124981  -6.026  -58.879  29.736 0.0000000000
11032  -5.360  -58.187  30.181 0.0000000000
11768  -5.178  -57.632  30.025 0.0000000000
11031  -4.771  -58.423  29.890 0.0000000000
11048  -2.832  -58.984  27.234 0.0000000000
11049  -3.573  -58.404  27.825 0.0000000000
11076  -2.936  -58.893  25.948 0.0000000000
113022  -8.274  -65.698  24.763 0.0000000000
7275  -7.824  -65.196  25.337 0.0000000000
7259  -3.675  -65.058  25.970 0.0000000000
7239  -3.421  -64.612  26.616 0.0000000000
7223  -3.221  -64.089  27.303 0.0000000000
127452  -2.647  -64.494  26.670 0.0000000000
7299  -2.103  -65.671  22.608 0.0000000000
7291  -1.937  -65.205  24.208 0.0000000000
7836  -2.121  -64.961  23.476 0.0000000000
127381  -2.349  -61.790  24.121 0.0000000000
8428  -2.369  -62.978  24.598 0.0000000000
109356  -2.146  -62.379  25.850 0.0000000000
8404  -2.099  -63.011  26.685 0.0000000000
9750  -1.868  -59.910  26.243 0.0000000000
9087  -1.977  -60.628  25.334 0.0000000000
9806  -2.485  -59.487  22.414 0.0000000000
110294  -1.798  -59.398  23.824 0.0000000000
10427  -2.263  -59.200  23.377 0.0000000000
128960  -3.202  -59.436  23.171 0.0000000000
121989  -3.825  -59.911  22.667 0.0000000000
9125  -4.438  -60.867  22.118 0.0000000000
9156  -4.370  -60.845  20.852 0.0000000000
9180  -5.225  -61.514  18.628 0.0000000000
9171  -5.515  -61.661  19.576 0.0000000000
7872  -7.117  -63.303  17.956 0.0000000000
8509  -6.341  -62.677  17.597 0.0000000000
121924  -3.418  -62.283  15.332 0.0000000000
8520  -3.923  -61.970  16.175 0.0000000000
8531  -4.611  -62.383  15.554 0.0000000000
7359  -6.548  -64.428  15.458 0.0000000000
7907  -6.216  -63.647  15.671 0.0000000000
125822  -7.015  -64.812  15.969 0.0000000000
7349  -7.387  -64.845  16.705 0.0000000000
6832  -7.195  -65.457  16.196 0.0000000000
6260  -8.182  -66.469  17.078 0.0000000000
6259  -7.480  -66.266  16.406 0.0000000000
5334  -7.178  -68.174  15.961 0.0000000000
5776  -7.778  -67.771  16.434 0.0000000000
117560  -8.495  -69.202  16.999 0.0000000000
4866  -9.618  -69.553  17.359 0.0000000000
4443  -9.720  -70.186  16.852 0.0000000000
4930  -2.477  -70.377  11.890 0.0000000000
4922  -2.996  -69.698  12.855 0.0000000000
5357  -3.282  -68.834  13.350 0.0000000000
108596  -2.704  -68.631  12.205 0.0000000000
123034  -2.327  -67.708  11.352 0.0000000000
108110  -2.341  -68.309  10.727 0.0000000000
123019  -2.831  -68.759  8.875 0.0000000000
108107  -2.629  -67.320  9.563 0.0000000000
108104  -2.794  -67.717  9.346 0.0000000000
107982  -3.377  -67.333  10.122 0.0000000000
107980  -4.072  -68.657  10.802 0.0000000000
3567  -6.398  -72.499  11.008 0.0000000000
4517  -5.515  -72.189  9.831 0.0000000000
4049  -6.236  -72.070  10.912 0.0000000000
4923  -6.170  -70.364  13.674 0.0000000000
125535  -5.535  -70.222  12.864 0.0000000000
4908  -5.647  -69.685  13.750 0.0000000000
5366  -4.937  -68.363  12.724 0.0000000000
5346  -5.914  -68.885  14.595 0.0000000000
4456  -7.498  -70.304  15.249 0.0000000000
4023  -10.131  -71.489  14.453 0.0000000000
4006  -9.843  -71.078  15.231 0.0000000000
4024  -11.119  -71.537  14.264 0.0000000000
4008  -11.671  -71.152  15.104 0.0000000000
4025  -12.155  -71.362  14.396 0.0000000000
4043  -13.667  -71.501  13.580 0.0000000000
3559  -13.063  -71.986  12.819 0.0000000000
2741  -13.146  -74.113  11.437 0.0000000000
3132  -13.963  -73.420  11.951 0.0000000000
2729  -13.836  -74.079  11.800 0.0000000000
2730  -14.592  -73.853  12.282 0.0000000000
2345  -14.146  -74.670  12.407 0.0000000000
117496  -11.194  -76.900  10.845 0.0000000000
1934  -11.904  -76.235  10.944 0.0000000000
1597  -12.008  -77.080  11.378 0.0000000000
1588  -13.293  -76.981  12.824 0.0000000000
1580  -13.823  -77.235  13.611 0.0000000000
1920  -14.467  -76.453  13.771 0.0000000000
1581  -14.555  -77.128  14.179 0.0000000000
1569  -15.739  -77.493  14.641 0.0000000000
109728  -15.072  -78.150  14.720 0.0000000000
682  -15.234  -80.301  14.446 0.0000000000
122989  -15.777  -79.514  14.627 0.0000000000
683  -16.026  -80.290  14.140 0.0000000000
694  -16.996  -80.253  13.057 0.0000000000
703  -16.116  -80.610  13.249 0.0000000000
119585  -6.754  -80.701  12.036 0.0000000000
214  -7.437  -82.290  13.061 0.0000000000
221  -6.825  -82.124  12.434 0.0000000000
222  -7.995  -82.273  12.230 0.0000000000
448  -8.419  -82.153  12.010 0.0000000000
223  -9.019  -82.175  12.627 0.0000000000
98  -10.575  -83.179  15.396 0.0000000000
97  -9.427  -82.939  15.773 0.0000000000
123736  -12.772  -82.341  13.873 0.0000000000
131  -10.827  -82.375  14.009 0.0000000000
224  -11.761  -82.138  14.071 0.0000000000
217  -11.378  -81.841  13.918 0.0000000000
450  -12.622  -81.752  13.912 0.0000000000
443  -12.672  -81.780  13.815 0.0000000000
118438  -13.296  -81.976  13.191 0.0000000000
461  -15.480  -81.524  11.634 0.0000000000
456  -15.021  -81.619  11.969 0.0000000000
457  -15.413  -81.261  11.740 0.0000000000
458  -16.041  -80.935  11.401 0.0000000000
463  -16.551  -80.958  10.684 0.0000000000
464  -17.243  -80.839  10.066 0.0000000000
121426  -16.349  -81.107  10.931 0.0000000000
258  -17.276  -81.822  10.455 0.0000000000
467  -17.273  -81.084  9.954 0.0000000000
266  -17.897  -81.570  8.711 0.0000000000
267  -18.000  -81.549  7.986 0.0000000000
171  -18.115  -81.944  9.335 0.0000000000
24  -16.236  -83.307  12.305 0.0000000000
29  -16.390  -83.126  11.600 0.0000000000
124859  -16.792  -83.268  11.702 0.0000000000
164  -19.135  -82.718  10.466 0.0000000000
35  -18.707  -82.776  10.816 0.0000000000
44  -19.442  -82.405  9.402 0.0000000000
46  -19.141  -82.378  8.815 0.0000000000
168  -19.687  -82.513  8.375 0.0000000000
178  -19.812  -82.542  7.061 0.0000000000
174  -20.079  -82.511  7.760 0.0000000000
260  -21.390  -81.496  9.012 0.0000000000
119556  -21.057  -81.821  8.238 0.0000000000
120351  -21.807  -81.114  8.422 0.0000000000
128169  -22.115  -81.056  7.225 0.0000000000
128  -21.464  -83.417  13.466 0.0000000000
149  -21.919  -82.809  11.869 0.0000000000
150  -22.873  -82.864  11.770 0.0000000000
115726  -24.431  -82.351  9.833 0.0000000000
242  -23.757  -82.358  10.326 0.0000000000
253  -23.559  -82.079  9.447 0.0000000000
262  -23.572  -81.639  8.607 0.0000000000
279  -24.969  -81.880  6.988 0.0000000000
123921  -26.370  -82.177  8.925 0.0000000000
16934  -29.161  -50.536  18.466 0.0000000000
113718  -29.393  -49.060  17.013 0.0000000000
11907  -22.869  -57.828  19.173 0.0000000000
11922  -22.435  -57.568  18.414 0.0000000000
12701  -23.860  -57.102  17.434 0.0000000000
11924  -23.775  -57.607  18.003 0.0000000000
12702  -24.753  -56.791  17.232 0.0000000000
12680  -25.577  -56.874  18.058 0.0000000000
12703  -25.527  -56.453  17.145 0.0000000000
125887  -22.121  -54.862  17.073 0.0000000000
14115  -23.654  -54.529  16.858 0.0000000000
109444  -25.253  -53.259  16.587 0.0000000000
14864  -25.230  -54.106  16.550 0.0000000000
14123  -25.895  -54.839  16.645 0.0000000000
127132  -27.039  -53.804  16.774 0.0000000000
14867  -27.422  -53.203  16.771 0.0000000000
15558  -27.148  -52.485  16.403 0.0000000000
16976  -27.719  -50.411  16.034 0.0000000000
17631  -28.304  -49.839  16.043 0.0000000000
18421  -28.510  -49.037  15.923 0.0000000000
18445  -28.344  -48.157  15.523 0.0000000000
127080  -27.651  -47.981  15.328 0.0000000000
18442  -25.433  -48.390  15.563 0.0000000000
19216  -26.107  -47.709  15.251 0.0000000000
19941  -25.506  -46.954  15.001 0.0000000000
125949  -24.740  -47.091  15.047 0.0000000000
17626  -23.417  -49.689  16.467 0.0000000000
17625  -22.487  -49.511  16.395 0.0000000000
19211  -21.718  -47.790  15.241 0.0000000000
18440  -22.435  -48.024  15.371 0.0000000000
129804  -22.241  -47.466  15.043 0.0000000000
19236  -23.314  -46.851  14.800 0.0000000000
19963  -21.979  -46.350  14.418 0.0000000000
20727  -22.251  -45.647  14.091 0.0000000000
19962  -21.125  -46.428  14.457 0.0000000000
19978  -18.782  -46.048  14.016 0.0000000000
20724  -19.715  -45.771  13.989 0.0000000000
128608  -18.321  -45.657  13.558 0.0000000000
20742  -18.269  -45.043  13.203 0.0000000000
122769  -17.686  -45.537  13.302 0.0000000000
11823  -10.790  -57.643  25.265 0.0000000000
11824  -11.273  -57.166  25.037 0.0000000000
12573  -12.359  -56.235  24.304 0.0000000000
12587  -13.276  -56.317  22.705 0.0000000000
121919  -13.026  -53.696  27.090 0.0000000000
14023  -12.679  -54.412  26.172 0.0000000000
111035  -13.356  -53.700  22.960 0.0000000000
14059  -13.462  -54.578  22.516 0.0000000000
14071  -14.217  -54.722  20.962 0.0000000000
14070  -13.901  -53.987  21.454 0.0000000000
14813  -14.891  -53.281  20.353 0.0000000000
15512  -15.473  -52.496  20.053 0.0000000000
15520  -15.869  -52.863  19.430 0.0000000000
14789  -9.772  -52.465  22.159 0.0000000000
16148  -10.847  -51.481  24.637 0.0000000000
16158  -10.290  -51.013  24.067 0.0000000000
16886  -10.556  -50.554  23.233 0.0000000000
16879  -11.959  -50.384  24.369 0.0000000000
16888  -12.787  -50.242  23.678 0.0000000000
120624  -13.860  -50.146  24.235 0.0000000000
115266  -12.050  -50.338  22.835 0.0000000000
16212  -7.934  -51.581  19.734 0.0000000000
16196  -8.447  -51.235  20.765 0.0000000000
16197  -9.272  -50.843  20.454 0.0000000000
16199  -11.535  -50.896  20.495 0.0000000000
16179  -12.364  -51.116  20.842 0.0000000000
16180  -13.492  -51.315  21.119 0.0000000000
16181  -14.932  -51.474  20.870 0.0000000000
16200  -13.353  -51.515  20.510 0.0000000000
120844  -14.151  -51.684  18.826 0.0000000000
15529  -15.239  -51.906  19.061 0.0000000000
16230  -15.562  -51.739  18.437 0.0000000000
122870  -16.862  -51.587  18.072 0.0000000000
16252  -15.034  -51.234  17.766 0.0000000000
16987  -14.353  -50.201  16.509 0.0000000000
16963  -15.112  -50.233  16.807 0.0000000000
17617  -14.836  -49.738  16.196 0.0000000000
125874  -15.977  -49.204  16.097 0.0000000000
17643  -15.274  -49.221  15.791 0.0000000000
16983  -9.735  -50.383  15.361 0.0000000000
122312  -10.664  -50.578  15.455 0.0000000000
118881  -10.518  -49.860  15.023 0.0000000000
18451  -12.461  -48.295  14.397 0.0000000000
17657  -12.648  -49.132  14.581 0.0000000000
18452  -13.289  -48.495  14.331 0.0000000000
18433  -14.878  -48.817  14.916 0.0000000000
110925  -14.704  -48.152  14.252 0.0000000000
116964  -15.881  -47.653  14.268 0.0000000000
19229  -14.574  -47.422  13.948 0.0000000000
20723  -13.870  -45.692  14.019 0.0000000000
19974  -15.203  -46.268  13.473 0.0000000000
20738  -14.732  -45.653  13.553 0.0000000000
21485  -15.138  -44.855  13.349 0.0000000000
118902  -14.277  -44.871  13.803 0.0000000000
21473  -14.740  -44.068  13.594 0.0000000000
21472  -13.875  -44.053  14.168 0.0000000000
126218  -11.343  -43.706  14.744 0.0000000000
113360  -12.559  -43.473  14.652 0.0000000000
22211  -11.887  -43.230  14.759 0.0000000000
22962  -11.741  -42.403  14.727 0.0000000000
22227  -10.430  -42.668  14.345 0.0000000000
20718  -7.929  -45.376  14.505 0.0000000000
21469  -8.448  -44.670  14.401 0.0000000000
22225  -8.103  -42.945  13.333 0.0000000000
4935  -16.036  -70.003  12.113 0.0000000000
5363  -15.316  -68.956  13.359 0.0000000000
4945  -15.460  -69.627  11.967 0.0000000000
4520  -13.192  -70.293  10.525 0.0000000000
4955  -13.450  -69.815  11.156 0.0000000000
4954  -12.391  -69.934  10.933 0.0000000000
4942  -11.740  -69.485  11.608 0.0000000000
4953  -11.341  -69.868  10.901 0.0000000000
3637  -11.368  -72.785  7.403 0.0000000000
3623  -11.601  -72.278  8.029 0.0000000000
3622  -10.664  -72.259  7.862 0.0000000000
4530  -8.820  -70.245  9.301 0.0000000000
4531  -9.557  -70.499  9.491 0.0000000000
4965  -9.160  -69.868  9.932 0.0000000000
4951  -9.504  -69.499  10.607 0.0000000000
4950  -8.743  -69.202  10.325 0.0000000000
5372  -8.781  -68.107  11.358 0.0000000000
5388  -8.066  -68.825  9.913 0.0000000000
5860  -6.536  -67.521  8.191 0.0000000000
5861  -6.960  -67.537  8.890 0.0000000000
6351  -6.571  -66.813  8.436 0.0000000000
111659  -6.740  -65.954  8.703 0.0000000000
6361  -6.075  -66.090  7.953 0.0000000000
1660  -8.030  -78.592  4.914 0.0000000000
1671  -7.552  -78.093  4.411 0.0000000000
115579  -5.955  -74.739  4.053 0.0000000000
2425  -7.388  -75.712  4.313 0.0000000000
2830  -7.081  -74.285  4.681 0.0000000000
3213  -7.404  -73.503  5.278 0.0000000000
3666  -6.119  -72.648  5.058 0.0000000000
5027  -4.867  -69.425  4.403 0.0000000000
5028  -4.653  -70.251  3.950 0.0000000000
5014  -4.863  -69.907  4.980 0.0000000000
4570  -5.359  -70.491  5.410 0.0000000000
108272  -4.983  -69.037  5.444 0.0000000000
5427  -5.479  -68.892  6.351 0.0000000000
5443  -4.929  -68.096  5.483 0.0000000000
114145  -4.280  -64.969  5.874 0.0000000000
6933  -4.657  -65.681  5.943 0.0000000000
7458  -4.508  -64.842  6.332 0.0000000000
7450  -4.987  -64.639  7.097 0.0000000000
7449  -4.228  -64.127  6.898 0.0000000000
8024  -3.601  -63.069  7.607 0.0000000000
122656  -3.892  -63.506  7.092 0.0000000000
9345  -3.822  -61.963  5.769 0.0000000000
115099  -3.194  -61.977  7.104 0.0000000000
9989  -3.479  -60.582  6.436 0.0000000000
9971  -2.958  -60.249  7.169 0.0000000000
8708  -5.520  -61.766  2.949 0.0000000000
11299  -3.297  -58.642  6.446 0.0000000000
119696  -11.185  -69.056  17.828 0.0000000000
5309  -11.841  -68.481  17.696 0.0000000000
5325  -13.104  -68.994  16.587 0.0000000000
5336  -13.443  -68.788  15.944 0.0000000000
5348  -13.597  -68.515  14.949 0.0000000000
297  -21.553  -81.803  5.112 0.0000000000
307  -21.982  -81.385  4.325 0.0000000000
525  -23.143  -80.875  3.112 0.0000000000
123262  -20.939  -42.111  13.003 0.0000000000
24424  -21.354  -40.616  13.337 0.0000000000
109663  -19.514  -41.447  12.855 0.0000000000
23704  -18.591  -41.394  12.774 0.0000000000
23703  -17.716  -41.293  12.811 0.0000000000
119742  -16.875  -41.197  12.966 0.0000000000
23702  -16.346  -41.900  13.030 0.0000000000
22965  -14.925  -42.466  13.526 0.0000000000
10444  -12.963  -59.093  22.521 0.0000000000
115316  -13.426  -58.892  22.049 0.0000000000
11126  -12.558  -58.455  22.846 0.0000000000
11852  -12.310  -57.746  23.248 0.0000000000
20713  -28.680  -45.232  14.847 0.0000000000
11063  -4.899  -58.042  26.588 0.0000000000
11078  -5.130  -58.726  25.720 0.0000000000
11094  -5.780  -58.919  24.987 0.0000000000
10411  -6.100  -59.459  24.514 0.0000000000
7936  -7.186  -63.411  12.174 0.0000000000
8548  -7.000  -62.735  13.565 0.0000000000
8563  -6.227  -63.207  12.158 0.0000000000
8546  -5.441  -62.668  12.519 0.0000000000
8562  -4.734  -62.573  12.051 0.0000000000
9237  -4.059  -62.089  12.217 0.0000000000
8580  -4.174  -62.509  11.523 0.0000000000
8597  -3.663  -62.413  10.799 0.0000000000
112949  -3.488  -62.457  9.870 0.0000000000
1589  -17.994  -78.080  12.470 0.0000000000
1599  -18.426  -77.892  11.696 0.0000000000
1270  -18.979  -77.997  11.069 0.0000000000
1613  -19.362  -77.728  10.385 0.0000000000
1631  -20.088  -77.262  8.907 0.0000000000
2115  -19.436  -75.428  -2.339 0.0000000000
2486  -18.119  -75.643  -1.500 0.0000000000
120839  -12.782  -65.314  24.754 0.0000000000
6738  -12.074  -64.886  24.409 0.0000000000
130112  -9.471  -63.805  26.602 0.0000000000
115598  -9.251  -64.422  25.816 0.0000000000
113161  -8.339  -64.675  25.961 0.0000000000
7262  -7.462  -64.765  25.977 0.0000000000
6234  -2.396  -66.153  18.670 0.0000000000
124827  -2.229  -65.822  19.652 0.0000000000
6800  -2.443  -66.036  18.598 0.0000000000
6822  -3.931  -65.434  16.896 0.0000000000
7347  -3.652  -64.272  16.156 0.0000000000
7904  -2.749  -63.498  15.633 0.0000000000
7357  -3.225  -64.260  15.281 0.0000000000
6852  -2.620  -65.430  13.259 0.0000000000
6290  -2.358  -65.581  12.322 0.0000000000
2343  -5.341  -76.777  12.766 0.0000000000
2728  -6.832  -75.407  11.615 0.0000000000
2349  -5.403  -76.461  10.760 0.0000000000
1947  -5.049  -76.664  9.378 0.0000000000
1609  -6.183  -76.796  8.244 0.0000000000
111768  -6.947  -77.136  8.684 0.0000000000
112280  -6.226  -78.024  8.688 0.0000000000
983  -6.433  -80.206  9.186 0.0000000000
717  -6.425  -80.356  9.393 0.0000000000
114673  -23.353  -56.953  21.493 0.0000000000
12626  -24.621  -56.563  21.263 0.0000000000
12625  -24.017  -57.132  21.071 0.0000000000
11893  -23.992  -57.749  20.192 0.0000000000
14846  -18.864  -53.856  17.612 0.0000000000
14836  -19.518  -52.941  17.845 0.0000000000
15534  -19.804  -52.060  18.280 0.0000000000
16235  -20.305  -51.778  18.095 0.0000000000
16233  -18.908  -51.667  18.523 0.0000000000
16255  -18.472  -51.313  18.227 0.0000000000
14728  -10.458  -52.709  27.509 0.0000000000
15446  -11.393  -52.446  28.134 0.0000000000
112631  -11.788  -51.938  27.628 0.0000000000
15457  -11.512  -51.591  26.732 0.0000000000
16932  -5.156  -50.493  18.444 0.0000000000
16938  -4.474  -49.622  18.155 0.0000000000
17609  -6.030  -50.008  17.085 0.0000000000
17616  -5.982  -49.367  16.659 0.0000000000
18416  -5.804  -48.579  16.289 0.0000000000
18427  -5.383  -47.681  15.992 0.0000000000
19201  -4.878  -46.781  15.616 0.0000000000
1325  -12.056  -78.498  7.181 0.0000000000
1652  -11.793  -77.430  6.740 0.0000000000
122099  -11.220  -78.200  6.669 0.0000000000
111351  -10.490  -77.915  6.317 0.0000000000
2011  -9.342  -76.741  5.287 0.0000000000
130827  -7.730  -63.519  19.334 0.0000000000
8489  -8.146  -63.735  19.613 0.0000000000
7874  -8.585  -64.276  19.139 0.0000000000
7324  -9.404  -64.337  19.253 0.0000000000
122588  -10.544  -64.631  18.471 0.0000000000
6845  -12.349  -65.991  15.478 0.0000000000
6833  -12.499  -65.322  15.960 0.0000000000
6844  -11.687  -65.545  14.676 0.0000000000
7382  -11.191  -65.070  14.002 0.0000000000
7381  -10.629  -64.611  13.452 0.0000000000
7380  -9.990  -64.201  13.019 0.0000000000
7388  -10.207  -65.072  12.840 0.0000000000
6875  -9.169  -66.028  11.941 0.0000000000
6311  -8.669  -66.424  11.428 0.0000000000
730  -18.333  -80.845  7.184 0.0000000000
742  -18.872  -80.624  6.345 0.0000000000
747  -18.939  -80.664  5.462 0.0000000000
121948  -19.143  -80.248  3.907 0.0000000000
537  -19.947  -81.502  1.146 0.0000000000
536  -18.688  -81.291  1.190 0.0000000000
554  -18.802  -80.909  -0.068 0.0000000000
127657  -19.381  -80.721  -0.226 0.0000000000
1087  -20.217  -79.819  -0.365 0.0000000000
1400  -20.220  -78.956  -0.259 0.0000000000
1404  -21.571  -78.461  -0.830 0.0000000000
114197  -14.085  -40.047  13.711 0.0000000000
116921  -14.175  -39.297  13.638 0.0000000000
25224  -13.588  -39.614  13.798 0.0000000000
26037  -11.917  -38.725  13.839 0.0000000000
10472  -18.474  -59.863  19.325 0.0000000000
10480  -17.527  -59.135  18.694 0.0000000000
11888  -14.877  -57.391  19.925 0.0000000000
12658  -15.729  -56.687  19.011 0.0000000000
121571  -15.438  -55.978  19.315 0.0000000000
129951  -15.239  -55.545  19.556 0.0000000000
121572  -15.015  -55.113  19.779 0.0000000000
12617  -4.953  -56.678  21.618 0.0000000000
13328  -5.507  -56.022  22.009 0.0000000000
12597  -4.511  -56.126  22.158 0.0000000000
12596  -3.413  -56.190  22.191 0.0000000000
13311  -2.818  -55.448  22.661 0.0000000000
14088  -3.825  -54.061  19.811 0.0000000000
14079  -2.518  -54.204  20.422 0.0000000000
14822  -2.790  -53.624  20.051 0.0000000000
14821  -1.865  -52.785  20.163 0.0000000000
15519  -1.685  -52.190  19.741 0.0000000000
16207  -1.902  -51.396  19.545 0.0000000000
111106  -1.683  -51.840  19.062 0.0000000000
114847  -27.283  -42.873  14.468 0.0000000000
22968  -26.462  -42.556  14.261 0.0000000000
22967  -25.631  -42.468  14.070 0.0000000000
22966  -24.802  -42.545  13.770 0.0000000000
22982  -23.940  -42.734  13.524 0.0000000000
22235  -23.626  -43.451  13.474 0.0000000000
21492  -23.264  -44.008  13.495 0.0000000000
21490  -21.752  -44.528  13.485 0.0000000000
11796  -8.820  -57.701  28.435 0.0000000000
12498  -8.596  -56.413  30.070 0.0000000000
12520  -6.820  -55.889  27.739 0.0000000000
123819  -7.724  -55.002  27.842 0.0000000000
13249  -8.030  -54.911  27.048 0.0000000000
13272  -8.296  -55.238  25.786 0.0000000000
124549  -8.529  -55.524  24.984 0.0000000000
9158  -8.805  -61.784  20.860 0.0000000000
9159  -9.430  -61.656  20.045 0.0000000000
9835  -8.972  -60.871  20.517 0.0000000000
9836  -9.317  -60.578  19.711 0.0000000000
9867  -7.682  -60.384  16.245 0.0000000000
10486  -8.379  -59.740  17.525 0.0000000000
131084  -7.703  -59.632  17.218 0.0000000000
11169  -8.897  -58.774  18.733 0.0000000000
11156  -9.302  -58.126  19.478 0.0000000000
11870  -9.675  -57.132  20.790 0.0000000000
119918  -8.728  -58.072  19.027 0.0000000000
11902  -8.955  -57.383  19.408 0.0000000000
11885  -7.151  -57.195  20.098 0.0000000000
11154  -6.763  -58.168  19.059 0.0000000000
11178  -4.409  -58.977  17.428 0.0000000000
10527  -2.037  -60.011  12.479 0.0000000000
109917  -2.121  -59.744  13.082 0.0000000000
10526  -1.914  -59.240  12.674 0.0000000000
11199  -1.818  -58.386  12.982 0.0000000000
11961  -1.710  -57.582  12.387 0.0000000000
12752  -1.673  -56.628  12.640 0.0000000000
12770  -1.596  -56.806  11.753 0.0000000000
12771  -1.668  -55.921  10.931 0.0000000000
3577  -15.583  -72.385  12.492 0.0000000000
3578  -16.283  -72.397  12.200 0.0000000000
120055  -16.451  -73.421  12.462 0.0000000000
3145  -16.972  -73.432  11.473 0.0000000000
2753  -17.087  -74.075  10.843 0.0000000000
1620  -16.975  -76.598  9.158 0.0000000000
1965  -16.494  -76.520  9.245 0.0000000000
1630  -16.251  -77.033  8.882 0.0000000000
1629  -15.653  -77.590  8.755 0.0000000000
1300  -15.081  -78.100  8.730 0.0000000000
1627  -14.672  -77.939  8.685 0.0000000000
115175  -15.126  -78.619  8.375 0.0000000000
1006  -14.846  -79.195  7.987 0.0000000000
740  -15.066  -80.123  6.441 0.0000000000
1356  -21.200  -77.978  4.788 0.0000000000
1667  -20.995  -77.316  5.308 0.0000000000
2032  -20.494  -76.705  4.809 0.0000000000
2031  -19.971  -76.463  4.186 0.0000000000
128961  -18.737  -76.906  3.547 0.0000000000
1386  -17.349  -78.372  1.647 0.0000000000
1385  -16.682  -79.008  1.167 0.0000000000
1069  -16.594  -79.994  1.553 0.0000000000
113604  -16.482  -80.761  2.357 0.0000000000
766  -15.966  -81.146  2.764 0.0000000000
519  -15.597  -81.252  2.344 0.0000000000
518  -14.796  -81.402  2.404 0.0000000000
517  -13.837  -81.336  2.445 0.0000000000
516  -12.947  -81.150  2.120 0.0000000000
544  -13.657  -81.094  1.040 0.0000000000
11142  -19.368  -58.528  21.303 0.0000000000
8461  -16.831  -62.322  21.558 0.0000000000
9141  -14.929  -61.667  21.350 0.0000000000
8459  -15.322  -62.216  21.539 0.0000000000
9115  -13.914  -61.866  23.131 0.0000000000
128599  -15.821  -64.629  24.052 0.0000000000
7816  -12.767  -63.084  25.096 0.0000000000
8416  -12.408  -62.578  25.491 0.0000000000
8429  -12.962  -62.278  24.833 0.0000000000
9089  -12.308  -61.838  25.414 0.0000000000
9088  -11.647  -61.463  25.725 0.0000000000
123161  -10.893  -61.101  25.776 0.0000000000
111082  -9.154  -60.763  26.612 0.0000000000
120889  -6.274  -62.229  28.541 0.0000000000
130488  -6.705  -61.666  28.331 0.0000000000
115153  -5.266  -61.834  28.870 0.0000000000
10355  -4.370  -59.202  29.661 0.0000000000
11030  -4.031  -58.758  29.419 0.0000000000
10354  -3.701  -59.481  29.292 0.0000000000
10363  -2.695  -59.488  27.765 0.0000000000
10379  -2.274  -59.331  26.635 0.0000000000
6753  -6.864  -65.618  23.745 0.0000000000
6734  -6.371  -65.236  24.422 0.0000000000
6733  -5.360  -65.278  24.489 0.0000000000
129108  -4.296  -65.535  24.693 0.0000000000
6732  -3.366  -65.508  25.259 0.0000000000
8443  -2.963  -62.829  22.213 0.0000000000
7826  -2.719  -63.485  23.216 0.0000000000
8442  -2.401  -61.853  22.675 0.0000000000
9110  -1.799  -60.848  23.186 0.0000000000
9793  -1.428  -59.878  23.427 0.0000000000
121427  -1.513  -60.125  22.704 0.0000000000
10441  -1.883  -59.816  22.032 0.0000000000
9821  -3.332  -60.207  21.213 0.0000000000
9846  -3.864  -60.639  19.729 0.0000000000
9189  -4.823  -61.544  17.770 0.0000000000
7368  -4.286  -63.541  13.530 0.0000000000
7917  -4.871  -63.395  14.338 0.0000000000
7369  -5.420  -64.131  14.040 0.0000000000
7370  -6.194  -64.727  14.712 0.0000000000
6269  -6.891  -66.106  15.699 0.0000000000
6268  -6.591  -66.862  15.212 0.0000000000
5789  -6.740  -67.681  15.472 0.0000000000
4499  -2.167  -72.011  11.853 0.0000000000
4509  -2.275  -70.793  10.724 0.0000000000
130629  -2.294  -69.597  9.751 0.0000000000
108205  -2.321  -70.363  9.396 0.0000000000
4978  -2.866  -70.136  8.339 0.0000000000
4962  -3.420  -69.573  9.148 0.0000000000
3570  -7.822  -72.509  11.905 0.0000000000
4051  -7.329  -72.308  11.836 0.0000000000
125130  -7.943  -71.953  12.490 0.0000000000
4020  -7.619  -71.599  13.013 0.0000000000
108689  -8.530  -71.629  13.549 0.0000000000
4021  -8.103  -70.974  14.406 0.0000000000
4039  -9.494  -71.738  13.710 0.0000000000
4040  -10.343  -71.788  13.761 0.0000000000
3574  -12.509  -72.674  12.389 0.0000000000
3130  -11.977  -73.319  11.805 0.0000000000
3143  -12.577  -73.820  11.363 0.0000000000
1268  -11.019  -78.343  11.765 0.0000000000
127915  -11.950  -77.866  11.892 0.0000000000
1256  -12.406  -78.104  12.658 0.0000000000
1247  -12.749  -78.509  13.408 0.0000000000
1248  -13.475  -78.201  13.813 0.0000000000
124010  -14.534  -78.667  14.640 0.0000000000
116265  -13.622  -79.624  14.433 0.0000000000
129187  -13.985  -79.993  14.597 0.0000000000
692  -14.658  -80.748  14.176 0.0000000000
209  -7.653  -82.364  14.559 0.0000000000
110090  -11.660  -82.979  14.340 0.0000000000
122  -12.413  -83.059  13.878 0.0000000000
133  -13.003  -82.893  13.522 0.0000000000
229  -13.661  -82.131  13.584 0.0000000000
225  -13.515  -82.019  13.303 0.0000000000
230  -14.322  -82.081  13.212 0.0000000000
121651  -14.722  -81.867  12.433 0.0000000000
237  -15.495  -81.606  11.877 0.0000000000
238  -15.948  -81.649  11.180 0.0000000000
247  -16.076  -81.915  11.353 0.0000000000
163  -16.552  -82.421  11.326 0.0000000000
37  -16.970  -82.533  11.109 0.0000000000
135  -17.577  -83.247  12.856 0.0000000000
25  -17.383  -83.200  11.504 0.0000000000
145  -18.119  -83.052  11.295 0.0000000000
156  -18.862  -82.903  11.056 0.0000000000
111412  -19.708  -82.712  9.977 0.0000000000
166  -19.970  -82.336  9.203 0.0000000000
239  -20.444  -82.168  9.887 0.0000000000
240  -21.331  -82.061  10.202 0.0000000000
151  -23.682  -82.734  11.673 0.0000000000
243  -24.479  -82.479  10.699 0.0000000000
14083  -27.186  -54.529  20.322 0.0000000000
116942  -28.984  -51.254  19.036 0.0000000000
125927  -28.941  -51.342  18.086 0.0000000000
11931  -20.453  -57.417  18.031 0.0000000000
11932  -22.055  -57.197  17.953 0.0000000000
12700  -22.151  -56.717  17.513 0.0000000000
113209  -23.019  -56.485  17.239 0.0000000000
14850  -23.421  -53.568  17.037 0.0000000000
116145  -23.941  -53.123  17.053 0.0000000000
14851  -24.593  -53.232  16.767 0.0000000000
15557  -25.701  -52.818  16.496 0.0000000000
110323  -26.288  -52.282  16.344 0.0000000000
16975  -26.622  -50.741  16.083 0.0000000000
17629  -26.802  -49.816  15.796 0.0000000000
17649  -26.902  -48.982  15.553 0.0000000000
17648  -25.873  -49.192  15.761 0.0000000000
17647  -24.954  -48.926  15.916 0.0000000000
17623  -20.784  -49.621  16.472 0.0000000000
129197  -21.884  -49.048  16.088 0.0000000000
18417  -21.040  -48.946  15.987 0.0000000000
19210  -21.065  -48.154  15.453 0.0000000000
128804  -21.126  -47.556  15.103 0.0000000000
117049  -20.253  -46.466  14.460 0.0000000000
122460  -19.904  -47.169  14.870 0.0000000000
19960  -18.448  -46.748  14.484 0.0000000000
12533  -10.795  -56.493  27.435 0.0000000000
12554  -11.546  -56.423  25.582 0.0000000000
13274  -12.417  -55.225  25.405 0.0000000000
14744  -13.513  -52.422  25.781 0.0000000000
14757  -13.101  -53.396  25.021 0.0000000000
14758  -13.476  -52.687  24.469 0.0000000000
14773  -13.665  -52.749  23.360 0.0000000000
14802  -14.437  -52.902  21.520 0.0000000000
15486  -8.911  -51.740  22.056 0.0000000000
16167  -9.002  -51.127  22.363 0.0000000000
16897  -9.216  -50.865  22.548 0.0000000000
16908  -9.520  -50.650  21.909 0.0000000000
115254  -9.196  -51.386  18.948 0.0000000000
16214  -9.640  -51.093  19.546 0.0000000000
116345  -9.959  -51.437  18.713 0.0000000000
122461  -11.450  -51.454  19.191 0.0000000000
16216  -13.211  -51.615  19.709 0.0000000000
114924  -12.351  -51.574  19.083 0.0000000000
114405  -12.581  -51.449  18.378 0.0000000000
16251  -13.823  -51.378  18.047 0.0000000000
130308  -14.327  -51.189  17.742 0.0000000000
124618  -13.771  -50.934  17.409 0.0000000000
16274  -13.189  -50.687  16.831 0.0000000000
16986  -13.575  -50.263  16.030 0.0000000000
18431  -9.654  -48.333  15.116 0.0000000000
18432  -10.475  -48.932  14.868 0.0000000000
19205  -10.548  -47.947  14.967 0.0000000000
18450  -11.785  -48.186  14.535 0.0000000000
19228  -13.094  -47.490  14.233 0.0000000000
123727  -13.919  -47.223  14.016 0.0000000000
19955  -12.553  -46.508  14.494 0.0000000000
123126  -12.968  -45.661  14.454 0.0000000000
20722  -12.512  -44.820  14.648 0.0000000000
114135  -11.675  -44.697  14.805 0.0000000000
124126  -10.898  -44.314  14.829 0.0000000000
22209  -9.938  -44.081  14.717 0.0000000000
4072  -15.226  -71.044  10.216 0.0000000000
4521  -14.833  -70.386  10.641 0.0000000000
121102  -14.459  -71.157  9.744 0.0000000000
4084  -13.598  -71.185  9.478 0.0000000000
4083  -12.679  -71.192  9.328 0.0000000000
111403  -9.592  -72.467  7.345 0.0000000000
4112  -9.866  -72.016  7.907 0.0000000000
4111  -9.135  -71.837  7.743 0.0000000000
4095  -8.701  -71.096  8.121 0.0000000000
4980  -8.228  -69.907  8.881 0.0000000000
4963  -7.827  -69.203  9.169 0.0000000000
4979  -7.620  -69.575  8.442 0.0000000000
5416  -6.990  -69.161  8.084 0.0000000000
110887  -6.241  -67.927  7.624 0.0000000000
2829  -5.267  -74.409  3.558 0.0000000000
5470  -5.222  -68.402  3.080 0.0000000000
5456  -4.791  -68.085  4.095 0.0000000000
5442  -4.812  -68.038  4.810 0.0000000000
5903  -4.767  -67.230  5.356 0.0000000000
6397  -4.654  -66.821  5.038 0.0000000000
6942  -4.404  -65.386  5.451 0.0000000000
7467  -4.129  -64.598  5.585 0.0000000000
8048  -3.669  -63.069  6.286 0.0000000000
117289  -4.108  -64.057  5.231 0.0000000000
8669  -4.019  -62.484  5.213 0.0000000000
9346  -4.100  -61.625  4.911 0.0000000000
111931  -9.255  -65.910  18.120 0.0000000000
108986  -10.227  -66.056  17.998 0.0000000000
6249  -11.869  -66.486  17.702 0.0000000000
111361  -12.631  -66.694  16.904 0.0000000000
5778  -12.515  -67.765  17.123 0.0000000000
5791  -12.532  -67.688  16.533 0.0000000000
6270  -12.334  -66.936  16.096 0.0000000000
5806  -11.360  -67.260  14.891 0.0000000000
5818  -11.138  -67.589  14.324 0.0000000000
5817  -10.628  -67.572  13.738 0.0000000000
180  -19.167  -82.111  5.987 0.0000000000
109523  -19.010  -82.099  4.924 0.0000000000
295  -19.500  -82.229  4.366 0.0000000000
304  -19.493  -82.064  3.539 0.0000000000
311  -20.251  -82.021  2.955 0.0000000000
306  -21.229  -81.978  3.613 0.0000000000
557  -22.070  -81.077  -0.531 0.0000000000
26042  -22.671  -38.506  13.871 0.0000000000
117807  -21.868  -38.767  13.752 0.0000000000
114525  -21.193  -39.862  13.497 0.0000000000
25246  -21.501  -39.279  13.669 0.0000000000
26064  -21.169  -38.721  13.637 0.0000000000
26063  -20.337  -38.657  13.559 0.0000000000
26062  -19.407  -38.517  13.438 0.0000000000
26883  -18.633  -37.924  13.116 0.0000000000
119317  -17.983  -39.012  13.479 0.0000000000
25241  -16.154  -39.614  13.343 0.0000000000
24419  -16.556  -40.379  13.154 0.0000000000
24418  -15.701  -40.398  13.303 0.0000000000
24407  -13.988  -40.848  13.874 0.0000000000
113708  -12.688  -40.946  14.319 0.0000000000
23686  -11.798  -40.932  14.402 0.0000000000
9838  -15.560  -60.412  20.161 0.0000000000
130109  -15.548  -59.639  19.757 0.0000000000
10464  -14.943  -59.599  20.210 0.0000000000
11147  -14.644  -58.881  20.353 0.0000000000
11140  -14.225  -58.390  20.981 0.0000000000
12675  -1.709  -56.757  18.976 0.0000000000
12654  -1.574  -56.749  19.870 0.0000000000
113700  -2.048  -55.878  19.483 0.0000000000
13368  -3.539  -55.221  19.111 0.0000000000
22959  -28.041  -42.873  14.798 0.0000000000
22220  -27.049  -43.774  14.315 0.0000000000
21478  -26.623  -44.521  14.268 0.0000000000
20730  -25.160  -45.028  14.074 0.0000000000
12496  -6.413  -56.860  30.286 0.0000000000
122599  -6.046  -56.442  29.733 0.0000000000
11806  -5.511  -57.323  26.806 0.0000000000
12531  -6.229  -56.637  26.988 0.0000000000
12550  -6.668  -56.847  25.987 0.0000000000
11821  -6.937  -57.043  25.126 0.0000000000
11836  -7.357  -57.358  24.400 0.0000000000
9208  -10.120  -61.780  16.310 0.0000000000
9190  -9.801  -61.102  17.406 0.0000000000
9207  -9.398  -61.716  15.723 0.0000000000
9206  -8.524  -61.483  15.450 0.0000000000
9205  -7.759  -61.307  15.253 0.0000000000
9220  -6.932  -62.097  14.201 0.0000000000
9213  -7.342  -61.696  14.704 0.0000000000
9876  -7.313  -60.748  15.610 0.0000000000
9875  -6.347  -60.626  15.268 0.0000000000
9874  -5.588  -60.136  15.448 0.0000000000
10500  -5.164  -59.642  15.904 0.0000000000
9880  -4.502  -60.417  14.464 0.0000000000
9879  -3.617  -60.319  14.059 0.0000000000
9236  -3.488  -61.633  12.229 0.0000000000
9905  -3.157  -61.039  12.568 0.0000000000
9904  -2.580  -60.577  12.145 0.0000000000
10548  -1.976  -59.925  11.034 0.0000000000
10559  -1.887  -59.470  10.025 0.0000000000
121759  -1.858  -59.020  9.169 0.0000000000
2341  -16.890  -75.769  13.499 0.0000000000
2346  -17.141  -75.396  12.665 0.0000000000
119682  -17.262  -76.292  12.586 0.0000000000
114229  -17.495  -76.296  10.362 0.0000000000
1953  -18.059  -76.723  10.527 0.0000000000
116631  -17.809  -76.339  9.986 0.0000000000
108722  -17.829  -76.276  9.386 0.0000000000
1654  -17.052  -77.750  6.912 0.0000000000
2062  -19.977  -76.802  2.070 0.0000000000
2061  -19.494  -76.651  2.397 0.0000000000
1716  -17.494  -76.912  0.214 0.0000000000
2101  -17.715  -76.069  -0.712 0.0000000000
1715  -16.434  -77.557  -0.455 0.0000000000
1399  -15.766  -78.208  -0.483 0.0000000000
1398  -15.153  -78.150  -0.628 0.0000000000
1397  -14.489  -78.183  -0.444 0.0000000000
7815  -12.426  -63.803  24.749 0.0000000000
7792  -11.451  -63.038  26.268 0.0000000000
8406  -10.904  -62.674  26.903 0.0000000000
8405  -10.219  -62.632  27.281 0.0000000000
7790  -9.791  -63.018  27.495 0.0000000000
8391  -7.985  -62.891  28.090 0.0000000000
7789  -8.535  -63.664  27.274 0.0000000000
117055  -8.074  -63.324  27.720 0.0000000000
7763  -7.125  -62.971  28.329 0.0000000000
7762  -6.374  -63.013  28.448 0.0000000000
7761  -5.474  -63.049  28.556 0.0000000000
7759  -3.680  -63.059  28.525 0.0000000000
6194  -4.135  -66.565  22.720 0.0000000000
6750  -2.540  -66.174  23.625 0.0000000000
129734  -2.420  -66.333  22.437 0.0000000000
130426  -1.938  -65.943  22.226 0.0000000000
127815  -2.574  -65.029  22.028 0.0000000000
7313  -2.383  -65.680  20.466 0.0000000000
114846  -3.155  -64.752  21.266 0.0000000000
7846  -3.251  -63.771  21.754 0.0000000000
129029  -3.689  -62.937  20.037 0.0000000000
8471  -2.725  -62.164  20.260 0.0000000000
113220  -2.469  -61.888  18.840 0.0000000000
9177  -2.740  -61.642  18.323 0.0000000000
9186  -2.826  -62.089  17.475 0.0000000000
8519  -2.988  -62.210  16.105 0.0000000000
123370  -2.839  -62.524  14.715 0.0000000000
7914  -2.211  -63.371  14.559 0.0000000000
7915  -2.207  -63.268  14.025 0.0000000000
7921  -2.797  -63.259  13.397 0.0000000000
7378  -3.481  -63.716  12.635 0.0000000000
6853  -3.963  -64.376  12.244 0.0000000000
6862  -4.414  -65.502  12.265 0.0000000000
3551  -4.385  -72.934  13.004 0.0000000000
3584  -4.266  -73.075  11.002 0.0000000000
3599  -4.699  -73.092  9.668 0.0000000000
122109  -5.825  -72.828  10.967 0.0000000000
3568  -6.614  -72.599  11.598 0.0000000000
3569  -7.173  -72.823  11.504 0.0000000000
109154  -7.252  -73.995  11.162 0.0000000000
3138  -7.522  -73.647  11.038 0.0000000000
3586  -7.546  -73.103  11.406 0.0000000000
3139  -7.977  -73.532  10.976 0.0000000000
2751  -9.086  -74.781  10.401 0.0000000000
2738  -10.393  -74.899  10.617 0.0000000000
130267  -11.328  -74.936  10.601 0.0000000000
118894  -10.233  -76.095  10.311 0.0000000000
130759  -10.747  -76.502  10.554 0.0000000000
1596  -10.565  -77.787  10.951 0.0000000000
108708  -7.615  -78.138  9.492 0.0000000000
1595  -9.078  -78.138  10.432 0.0000000000
128851  -10.369  -79.062  11.827 0.0000000000
121902  -10.178  -79.751  12.242 0.0000000000
7  -11.777  -83.495  15.688 0.0000000000
8  -12.416  -83.627  15.066 0.0000000000
12  -13.185  -83.691  14.333 0.0000000000
18  -14.330  -83.758  13.520 0.0000000000
109286  -14.742  -83.742  13.369 0.0000000000
19  -15.243  -83.773  13.646 0.0000000000
134  -16.691  -83.374  12.979 0.0000000000
113  -15.179  -83.665  15.103 0.0000000000
124  -16.242  -83.432  13.895 0.0000000000
125  -17.224  -83.297  13.695 0.0000000000
126  -18.178  -83.248  13.553 0.0000000000
119846  -19.262  -83.259  13.351 0.0000000000
14073  -26.417  -54.992  20.813 0.0000000000
13350  -26.790  -55.434  20.010 0.0000000000
14091  -27.322  -54.993  19.413 0.0000000000
13361  -27.252  -55.175  18.584 0.0000000000
13388  -20.653  -55.790  17.257 0.0000000000
129701  -20.798  -54.958  17.144 0.0000000000
122901  -21.300  -54.430  17.104 0.0000000000
109866  -21.938  -53.792  17.116 0.0000000000
14849  -22.606  -53.168  17.263 0.0000000000
16972  -23.683  -50.424  16.713 0.0000000000
16951  -23.076  -51.143  17.040 0.0000000000
16950  -22.181  -50.911  17.102 0.0000000000
130503  -21.496  -50.806  17.219 0.0000000000
131057  -20.257  -51.387  18.049 0.0000000000
122864  -20.780  -51.012  17.690 0.0000000000
16969  -21.018  -50.326  16.937 0.0000000000
122820  -20.337  -49.968  16.755 0.0000000000
119108  -19.143  -49.449  16.559 0.0000000000
17645  -17.569  -48.730  16.088 0.0000000000
13220  -11.420  -54.713  29.343 0.0000000000
13232  -11.987  -54.649  28.635 0.0000000000
14729  -12.938  -53.518  28.021 0.0000000000
127296  -13.084  -53.212  27.612 0.0000000000
15448  -12.890  -52.666  28.178 0.0000000000
14714  -13.108  -52.844  28.011 0.0000000000
14730  -13.252  -52.765  27.059 0.0000000000
15458  -13.893  -51.837  26.774 0.0000000000
16151  -16.160  -50.790  24.424 0.0000000000
16193  -5.674  -51.815  20.533 0.0000000000
16194  -6.680  -51.904  20.527 0.0000000000
109232  -6.233  -51.702  19.626 0.0000000000
115172  -7.527  -51.725  18.992 0.0000000000
16224  -7.527  -51.666  18.229 0.0000000000
16245  -8.312  -51.697  17.716 0.0000000000
16246  -8.962  -51.682  17.175 0.0000000000
16270  -9.530  -51.456  16.621 0.0000000000
16958  -9.218  -50.991  15.975 0.0000000000
16982  -8.842  -50.381  15.575 0.0000000000
17637  -8.494  -49.660  15.425 0.0000000000
109680  -7.702  -49.425  15.638 0.0000000000
117419  -9.010  -49.073  15.214 0.0000000000
123685  -8.823  -48.291  15.262 0.0000000000
119492  -9.387  -46.601  15.195 0.0000000000
19953  -8.830  -46.133  15.058 0.0000000000
125947  -8.212  -46.403  15.007 0.0000000000
19952  -7.499  -46.141  14.717 0.0000000000
20717  -6.985  -45.359  14.289 0.0000000000
19225  -5.678  -46.418  15.031 0.0000000000
20716  -5.958  -45.255  14.206 0.0000000000
3185  -13.967  -74.356  7.655 0.0000000000
3184  -13.224  -73.224  7.500 0.0000000000
110020  -13.299  -74.048  7.250 0.0000000000
3198  -11.814  -74.008  6.564 0.0000000000
3183  -11.177  -73.339  6.813 0.0000000000
2398  -11.580  -75.677  6.194 0.0000000000
2789  -11.174  -74.666  6.080 0.0000000000
3197  -10.422  -73.440  6.540 0.0000000000
119422  -9.576  -73.566  6.208 0.0000000000
3196  -8.669  -73.199  6.189 0.0000000000
3650  -7.775  -72.709  6.018 0.0000000000
9126  -5.501  -61.734  22.703 0.0000000000
9112  -5.781  -61.567  23.404 0.0000000000
8445  -6.897  -62.315  22.181 0.0000000000
8458  -7.977  -62.499  21.392 0.0000000000
7855  -8.125  -63.403  20.287 0.0000000000
7856  -8.635  -63.159  20.541 0.0000000000
8475  -8.467  -62.534  20.985 0.0000000000
8490  -9.705  -62.729  19.951 0.0000000000
127439  -10.476  -62.197  18.668 0.0000000000
8510  -11.078  -62.176  17.414 0.0000000000
6801  -10.182  -65.405  18.314 0.0000000000
6802  -10.918  -64.987  18.061 0.0000000000
7332  -11.275  -64.278  18.063 0.0000000000
7350  -12.290  -64.682  16.335 0.0000000000
7897  -12.046  -63.952  16.663 0.0000000000
7883  -11.998  -63.227  17.160 0.0000000000
8524  -11.712  -62.651  16.981 0.0000000000
8523  -10.887  -62.164  16.571 0.0000000000
8543  -10.074  -62.928  14.906 0.0000000000
127243  -9.389  -62.819  14.573 0.0000000000
7922  -8.565  -63.473  13.073 0.0000000000
7938  -9.345  -63.875  12.758 0.0000000000
7386  -8.879  -63.914  12.222 0.0000000000
7954  -8.072  -63.598  12.207 0.0000000000
7977  -7.726  -63.677  11.394 0.0000000000
7975  -6.617  -63.542  10.438 0.0000000000
7996  -6.394  -63.651  9.618 0.0000000000
724  -18.628  -80.175  9.814 0.0000000000
991  -19.574  -79.061  9.385 0.0000000000
996  -19.549  -79.518  8.602 0.0000000000
1008  -20.221  -79.173  7.202 0.0000000000
125655  -20.545  -78.906  6.577 0.0000000000
121974  -20.441  -79.050  5.897 0.0000000000
130056  -20.953  -78.509  5.756 0.0000000000
1369  -20.836  -78.005  3.347 0.0000000000
1699  -20.472  -77.244  2.795 0.0000000000
303  -18.738  -81.405  3.783 0.0000000000
754  -18.721  -80.846  3.726 0.0000000000
761  -18.932  -80.316  2.959 0.0000000000
773  -18.956  -81.298  1.014 0.0000000000
114873  -19.670  -79.394  2.790 0.0000000000
1063  -20.001  -78.901  2.218 0.0000000000
1379  -20.496  -78.124  2.473 0.0000000000
2086  -19.870  -76.866  1.196 0.0000000000
2104  -19.699  -76.649  -0.072 0.0000000000
118695  -20.406  -77.839  -0.608 0.0000000000
2123  -20.162  -75.312  -2.390 0.0000000000
26058  -14.939  -38.220  13.552 0.0000000000
26880  -15.354  -37.464  13.500 0.0000000000
6736  -9.841  -65.721  24.135 0.0000000000
6755  -8.957  -66.238  24.169 0.0000000000
6754  -7.938  -66.136  24.009 0.0000000000
6215  -3.183  -66.854  20.386 0.0000000000
6224  -2.255  -66.259  19.554 0.0000000000
108455  -2.655  -67.110  16.079 0.0000000000
11889  -20.755  -57.975  20.233 0.0000000000
11905  -21.149  -57.951  19.294 0.0000000000
11921  -20.558  -57.993  18.686 0.0000000000
11930  -19.566  -57.270  17.813 0.0000000000
12697  -19.228  -56.476  17.554 0.0000000000
127222  -15.998  -59.221  19.300 0.0000000000
10479  -16.595  -58.784  18.840 0.0000000000
11170  -17.128  -58.279  18.502 0.0000000000
11159  -16.435  -58.046  18.735 0.0000000000
11919  -17.542  -57.670  18.205 0.0000000000
13386  -18.773  -55.620  17.513 0.0000000000
13369  -16.939  -55.462  18.280 0.0000000000
14834  -17.171  -53.698  18.447 0.0000000000
115699  -16.988  -53.046  18.718 0.0000000000
14058  -10.326  -53.636  22.428 0.0000000000
14772  -10.426  -53.209  23.374 0.0000000000
14801  -10.169  -53.452  21.950 0.0000000000
14800  -9.665  -53.378  21.655 0.0000000000
13314  -5.939  -55.124  22.449 0.0000000000
120488  -7.000  -53.917  22.718 0.0000000000
14788  -8.566  -52.590  21.900 0.0000000000
14787  -7.391  -52.861  22.282 0.0000000000
15484  -6.472  -52.867  22.495 0.0000000000
123314  -5.230  -52.614  22.233 0.0000000000
13341  -1.806  -56.311  20.738 0.0000000000
13326  -1.818  -55.455  22.095 0.0000000000
13310  -2.113  -54.793  22.573 0.0000000000
14078  -1.834  -54.398  21.200 0.0000000000
14052  -1.896  -54.173  22.228 0.0000000000
14771  -3.169  -53.969  23.091 0.0000000000
15483  -3.889  -52.575  22.415 0.0000000000
16176  -5.122  -52.036  21.356 0.0000000000
16925  -3.570  -50.394  19.664 0.0000000000
16929  -2.289  -50.690  19.182 0.0000000000
16930  -2.930  -50.062  19.082 0.0000000000
113743  -10.716  -81.251  5.165 0.0000000000
734  -9.152  -81.035  6.158 0.0000000000
750  -9.039  -81.074  5.227 0.0000000000
479  -24.539  -81.121  6.357 0.0000000000
502  -24.538  -80.790  4.754 0.0000000000
289  -25.010  -81.291  5.412 0.0000000000
300  -25.443  -80.983  4.504 0.0000000000
23709  -23.250  -42.226  13.398 0.0000000000
23708  -22.436  -41.837  13.276 0.0000000000
22977  -19.248  -42.957  12.723 0.0000000000
112379  -18.660  -43.630  12.792 0.0000000000
11081  -10.551  -58.411  25.080 0.0000000000
11808  -10.305  -57.286  26.812 0.0000000000
119681  -9.799  -57.510  27.295 0.0000000000
118781  -7.273  -56.652  30.244 0.0000000000
12497  -7.921  -56.010  30.187 0.0000000000
12499  -8.805  -55.770  30.117 0.0000000000
12510  -10.132  -55.655  29.783 0.0000000000
13219  -10.830  -55.202  29.540 0.0000000000
13977  -11.049  -54.444  29.728 0.0000000000
14699  -10.586  -53.835  29.467 0.0000000000
14012  -9.219  -53.759  27.307 0.0000000000
14710  -9.985  -53.286  28.254 0.0000000000
14741  -9.856  -53.260  26.651 0.0000000000
9796  -6.165  -60.935  23.831 0.0000000000
10429  -6.479  -59.973  23.911 0.0000000000
9808  -7.377  -61.061  22.729 0.0000000000
11112  -6.841  -58.955  23.838 0.0000000000
129213  -7.279  -58.884  23.349 0.0000000000
11113  -7.430  -58.404  23.459 0.0000000000
11849  -7.739  -57.611  23.591 0.0000000000
9855  -9.558  -60.482  18.386 0.0000000000
121443  -8.977  -60.057  20.009 0.0000000000
10469  -9.041  -59.623  18.726 0.0000000000
129042  -9.034  -59.466  20.194 0.0000000000
10454  -8.756  -59.385  20.831 0.0000000000
12582  -7.941  -56.833  23.985 0.0000000000
12583  -8.589  -56.392  23.518 0.0000000000
13297  -8.881  -55.801  23.738 0.0000000000
11859  -9.600  -56.652  21.436 0.0000000000
12584  -9.287  -55.872  22.986 0.0000000000
13298  -9.448  -55.272  23.448 0.0000000000
13287  -9.693  -54.603  23.981 0.0000000000
13299  -9.942  -54.696  23.065 0.0000000000
14042  -10.302  -54.065  23.145 0.0000000000
13332  -10.242  -54.087  21.793 0.0000000000
14080  -9.665  -54.852  20.781 0.0000000000
130294  -7.469  -55.943  20.864 0.0000000000
114756  -6.807  -56.613  20.818 0.0000000000
12638  -5.849  -56.650  21.342 0.0000000000
12637  -5.228  -57.126  21.160 0.0000000000
11897  -2.843  -57.715  20.239 0.0000000000
122288  -2.448  -57.714  19.630 0.0000000000
10499  -4.288  -59.495  15.556 0.0000000000
11186  -3.928  -59.046  16.737 0.0000000000
11196  -2.328  -58.978  14.321 0.0000000000
11191  -2.857  -58.700  15.692 0.0000000000
11177  -3.305  -58.703  17.435 0.0000000000
11176  -2.503  -58.059  17.159 0.0000000000
11927  -1.991  -57.314  17.622 0.0000000000
113020  -1.837  -57.223  18.494 0.0000000000
12715  -2.077  -56.337  16.826 0.0000000000
113240  -2.181  -56.078  16.011 0.0000000000
13438  -2.482  -55.771  14.785 0.0000000000
13447  -1.770  -55.810  12.900 0.0000000000
115949  -2.540  -55.529  13.991 0.0000000000
4478  -14.991  -69.931  14.469 0.0000000000
4492  -15.179  -70.560  13.887 0.0000000000
4501  -15.927  -70.076  12.709 0.0000000000
4512  -16.183  -70.573  11.640 0.0000000000
4052  -16.317  -71.377  12.197 0.0000000000
109157  -16.417  -71.225  11.672 0.0000000000
4073  -15.923  -71.211  10.594 0.0000000000
4086  -15.699  -71.665  10.068 0.0000000000
3612  -14.863  -72.277  8.996 0.0000000000
3627  -14.700  -72.960  8.440 0.0000000000
2355  -17.181  -75.119  11.822 0.0000000000
123732  -17.152  -74.832  11.098 0.0000000000
2752  -16.870  -73.965  10.223 0.0000000000
2382  -16.732  -75.853  9.635 0.0000000000
129372  -16.710  -75.088  9.668 0.0000000000
2767  -16.548  -74.324  9.626 0.0000000000
2766  -15.877  -74.358  9.053 0.0000000000
2774  -14.687  -74.594  8.139 0.0000000000
2394  -13.656  -75.986  7.540 0.0000000000
1993  -13.085  -76.752  7.400 0.0000000000
1643  -14.062  -77.939  8.432 0.0000000000
1642  -13.345  -77.806  7.857 0.0000000000
1313  -12.874  -78.688  7.773 0.0000000000
1003  -12.402  -79.368  7.425 0.0000000000
108524  -11.865  -80.089  6.953 0.0000000000
127840  -11.791  -80.669  6.636 0.0000000000
1290  -20.333  -77.923  8.984 0.0000000000
1632  -20.577  -77.589  8.215 0.0000000000
1984  -20.222  -76.677  8.071 0.0000000000
2018  -20.495  -76.639  5.682 0.0000000000
2007  -19.618  -76.171  6.614 0.0000000000
1997  -19.350  -76.120  7.352 0.0000000000
2006  -18.717  -76.368  6.868 0.0000000000
1655  -17.527  -77.445  6.234 0.0000000000
1327  -17.106  -78.114  6.053 0.0000000000
2060  -18.897  -76.694  2.482 0.0000000000
1688  -18.359  -77.294  3.091 0.0000000000
1687  -17.764  -77.829  3.837 0.0000000000
1378  -17.350  -78.735  2.440 0.0000000000
122705  -17.621  -78.199  3.112 0.0000000000
1354  -17.319  -78.422  4.379 0.0000000000
1338  -17.216  -78.303  5.201 0.0000000000
1337  -16.592  -78.943  5.809 0.0000000000
122186  -15.921  -79.770  5.994 0.0000000000
127444  -15.392  -80.292  5.554 0.0000000000
746  -14.667  -80.633  5.732 0.0000000000
131182  -15.220  -81.144  3.849 0.0000000000
745  -13.820  -80.952  6.035 0.0000000000
744  -12.991  -81.044  6.208 0.0000000000
121008  -12.562  -81.236  5.507 0.0000000000
115691  -11.609  -81.236  5.571 0.0000000000
494  -11.448  -81.271  4.563 0.0000000000
504  -11.413  -81.171  3.730 0.0000000000
765  -12.204  -80.553  2.119 0.0000000000
113340  -23.971  -80.557  4.021 0.0000000000
114230  -24.406  -80.863  3.036 0.0000000000
526  -23.648  -81.016  2.423 0.0000000000
540  -23.335  -81.153  1.633 0.0000000000
120228  -22.900  -81.233  0.735 0.0000000000
13336  -23.890  -56.300  21.783 0.0000000000
9839  -16.594  -60.688  20.051 0.0000000000
9840  -17.905  -60.909  20.668 0.0000000000
10433  -12.940  -59.805  22.757 0.0000000000
10413  -11.348  -59.397  24.287 0.0000000000
7281  -15.527  -64.850  24.444 0.0000000000
7292  -15.236  -64.397  23.876 0.0000000000
7838  -15.000  -63.161  22.588 0.0000000000
128357  -12.973  -61.659  24.432 0.0000000000
9103  -12.871  -61.174  24.032 0.0000000000
10412  -10.771  -59.167  24.718 0.0000000000
11065  -9.369  -58.804  26.360 0.0000000000
11052  -8.477  -58.493  27.614 0.0000000000
11041  -7.571  -58.096  29.137 0.0000000000
11033  -6.769  -58.062  29.998 0.0000000000
9740  -7.934  -60.989  27.504 0.0000000000
9739  -7.280  -60.411  27.690 0.0000000000
9738  -6.680  -60.790  28.183 0.0000000000
10371  -6.694  -59.872  28.084 0.0000000000
11769  -6.313  -57.629  30.313 0.0000000000
12484  -5.793  -57.315  30.231 0.0000000000
11780  -4.934  -57.154  29.527 0.0000000000
11050  -4.146  -57.776  27.895 0.0000000000
11040  -3.745  -58.540  28.802 0.0000000000
123616  -4.029  -57.928  28.531 0.0000000000
11062  -4.035  -58.091  27.144 0.0000000000
11077  -3.989  -58.720  26.284 0.0000000000
10409  -3.888  -59.406  24.948 0.0000000000
7261  -6.547  -64.740  25.922 0.0000000000
7273  -5.968  -64.967  25.160 0.0000000000
7260  -5.665  -64.739  25.851 0.0000000000
7241  -6.055  -64.331  26.589 0.0000000000
7224  -4.299  -64.033  27.262 0.0000000000
7773  -3.945  -63.537  27.971 0.0000000000
8379  -3.158  -62.573  28.713 0.0000000000
115737  -2.360  -65.907  24.258 0.0000000000
6720  -2.486  -65.630  24.924 0.0000000000
7257  -1.924  -64.769  25.650 0.0000000000
7825  -2.114  -64.237  24.279 0.0000000000
7814  -1.873  -64.192  25.236 0.0000000000
7238  -2.126  -64.443  26.396 0.0000000000
7787  -2.094  -63.890  26.763 0.0000000000
117021  -2.205  -62.558  27.308 0.0000000000
8378  -2.627  -61.884  28.483 0.0000000000
9057  -2.307  -61.034  28.021 0.0000000000
9737  -2.296  -60.098  27.331 0.0000000000
10391  -1.955  -59.170  25.651 0.0000000000
9778  -1.596  -59.583  24.361 0.0000000000
10407  -1.889  -59.167  24.792 0.0000000000
10392  -2.306  -58.926  25.340 0.0000000000
10428  -3.401  -59.384  24.061 0.0000000000
9111  -4.877  -61.080  23.199 0.0000000000
8456  -5.895  -62.044  21.315 0.0000000000
125896  -6.269  -62.280  20.837 0.0000000000
115074  -4.963  -61.127  20.093 0.0000000000
9157  -5.709  -61.849  20.476 0.0000000000
8488  -6.938  -62.722  19.747 0.0000000000
8498  -7.299  -63.051  18.964 0.0000000000
7881  -7.570  -64.124  17.934 0.0000000000
7336  -7.734  -64.727  17.527 0.0000000000
9188  -3.689  -61.310  17.557 0.0000000000
8507  -4.384  -61.735  16.992 0.0000000000
8508  -5.448  -62.204  17.285 0.0000000000
7906  -5.312  -63.117  15.149 0.0000000000
7893  -5.742  -62.836  15.983 0.0000000000
8522  -6.066  -62.677  16.786 0.0000000000
6813  -7.860  -65.245  17.340 0.0000000000
109394  -8.822  -66.374  17.680 0.0000000000
6246  -8.888  -66.863  17.421 0.0000000000
5764  -9.373  -67.564  17.569 0.0000000000
112853  -7.860  -66.959  16.513 0.0000000000
5306  -8.953  -68.357  17.333 0.0000000000
5307  -9.866  -68.398  17.752 0.0000000000
4867  -10.572  -69.546  17.578 0.0000000000
4884  -11.821  -69.833  17.137 0.0000000000
4446  -12.372  -70.082  16.481 0.0000000000
109807  -2.906  -67.558  14.857 0.0000000000
123639  -3.145  -68.272  13.992 0.0000000000
5815  -2.772  -67.244  13.648 0.0000000000
5814  -2.446  -66.573  12.364 0.0000000000
6297  -2.297  -65.748  11.253 0.0000000000
107978  -2.383  -67.557  9.623 0.0000000000
107979  -2.466  -66.606  9.858 0.0000000000
6309  -2.713  -65.915  10.118 0.0000000000
6310  -3.293  -65.722  10.661 0.0000000000
5823  -3.917  -66.554  11.016 0.0000000000
6299  -4.594  -66.555  12.285 0.0000000000
4071  -4.725  -72.181  8.988 0.0000000000
4516  -4.511  -70.792  9.943 0.0000000000
108290  -4.012  -69.415  10.098 0.0000000000
112943  -5.510  -70.805  11.869 0.0000000000
4939  -4.702  -70.011  11.298 0.0000000000
5824  -4.603  -67.452  12.274 0.0000000000
5816  -5.187  -67.537  13.225 0.0000000000
111616  -5.641  -68.022  14.112 0.0000000000
4893  -6.573  -68.535  15.428 0.0000000000
122146  -7.122  -69.033  16.015 0.0000000000
4457  -8.256  -70.566  15.452 0.0000000000
130829  -8.739  -70.482  15.970 0.0000000000
4883  -8.994  -70.040  16.639 0.0000000000
4459  -10.514  -70.839  15.883 0.0000000000
4461  -12.071  -70.714  15.847 0.0000000000
4477  -13.526  -70.515  15.117 0.0000000000
3575  -13.552  -72.679  12.287 0.0000000000
3576  -14.559  -72.577  12.436 0.0000000000
2731  -15.521  -73.862  12.724 0.0000000000
2725  -15.869  -74.572  13.456 0.0000000000
2352  -11.835  -75.353  10.674 0.0000000000
112229  -12.441  -75.662  11.041 0.0000000000
2353  -13.018  -75.579  11.518 0.0000000000
1587  -12.657  -77.227  12.195 0.0000000000
1929  -13.183  -76.362  12.208 0.0000000000
2344  -13.656  -75.543  12.341 0.0000000000
2339  -14.491  -75.504  13.245 0.0000000000
2340  -15.443  -75.207  13.741 0.0000000000
2329  -16.389  -75.773  14.090 0.0000000000
1921  -16.740  -76.555  14.036 0.0000000000
118035  -16.515  -77.334  14.375 0.0000000000
1570  -16.853  -78.130  14.176 0.0000000000
1234  -15.755  -78.483  14.741 0.0000000000
1235  -16.450  -78.795  14.476 0.0000000000
1583  -17.417  -78.325  13.453 0.0000000000
1249  -17.467  -79.137  13.372 0.0000000000
965  -18.090  -79.572  12.258 0.0000000000
713  -18.144  -80.054  11.606 0.0000000000
699  -5.770  -80.108  11.014 0.0000000000
709  -6.336  -80.794  10.152 0.0000000000
440  -6.507  -82.003  13.138 0.0000000000
700  -7.095  -81.512  11.274 0.0000000000
710  -7.423  -80.821  11.038 0.0000000000
963  -9.988  -80.441  12.693 0.0000000000
689  -10.359  -80.768  13.327 0.0000000000
210  -8.964  -82.730  13.977 0.0000000000
121  -10.767  -82.717  14.147 0.0000000000
120  -9.744  -82.511  13.548 0.0000000000
449  -9.317  -82.029  12.630 0.0000000000
441  -10.111  -81.608  13.337 0.0000000000
690  -11.256  -80.508  13.707 0.0000000000
432  -12.286  -81.131  14.264 0.0000000000
433  -13.098  -81.209  14.296 0.0000000000
445  -14.402  -81.258  13.495 0.0000000000
121598  -14.010  -81.805  12.913 0.0000000000
451  -14.789  -81.438  12.366 0.0000000000
452  -15.146  -80.970  12.864 0.0000000000
704  -16.588  -80.620  12.281 0.0000000000
712  -17.632  -80.401  11.394 0.0000000000
719  -18.045  -80.380  10.731 0.0000000000
723  -17.969  -80.522  9.792 0.0000000000
127621  -18.123  -80.531  8.822 0.0000000000
729  -18.088  -80.777  7.877 0.0000000000
126461  -17.751  -80.654  9.304 0.0000000000
471  -17.763  -80.901  8.275 0.0000000000
472  -17.948  -81.053  7.615 0.0000000000
477  -18.442  -80.995  6.920 0.0000000000
284  -18.800  -81.551  6.436 0.0000000000
28  -15.837  -83.160  12.171 0.0000000000
33  -16.794  -82.976  11.253 0.0000000000
38  -17.811  -82.755  11.010 0.0000000000
155  -17.813  -82.989  11.047 0.0000000000
39  -18.522  -82.514  10.675 0.0000000000
42  -18.195  -81.958  9.934 0.0000000000
45  -18.573  -82.108  9.157 0.0000000000
173  -19.332  -82.446  7.715 0.0000000000
177  -19.425  -82.362  6.783 0.0000000000
181  -19.678  -82.455  6.171 0.0000000000
182  -20.131  -82.559  6.436 0.0000000000
276  -20.734  -82.335  6.470 0.0000000000
170  -20.328  -82.258  8.331 0.0000000000
175  -20.795  -82.186  7.395 0.0000000000
287  -21.230  -82.136  5.809 0.0000000000
277  -21.512  -81.712  6.672 0.0000000000
118352  -22.435  -80.893  6.571 0.0000000000
478  -23.476  -80.696  6.513 0.0000000000
116  -19.689  -83.360  14.279 0.0000000000
127  -20.419  -83.373  13.606 0.0000000000
108812  -21.216  -83.504  14.276 0.0000000000
137  -20.870  -83.246  12.769 0.0000000000
148  -20.991  -82.611  11.544 0.0000000000
159  -21.608  -82.326  11.019 0.0000000000
241  -22.301  -82.132  10.387 0.0000000000
160  -23.137  -82.473  10.929 0.0000000000
129978  -23.088  -82.134  10.137 0.0000000000
128198  -22.226  -81.299  9.096 0.0000000000
261  -22.724  -81.143  8.537 0.0000000000
270  -23.334  -81.091  7.966 0.0000000000
278  -23.950  -81.075  7.223 0.0000000000
120110  -26.006  -82.103  7.207 0.0000000000
119713  -25.530  -82.255  8.795 0.0000000000
120106  -26.153  -82.188  8.156 0.0000000000
119858  -26.827  -81.931  6.953 0.0000000000
120637  -29.878  -46.984  17.755 0.0000000000
19192  -29.706  -47.573  17.067 0.0000000000
126473  -24.034  -57.833  18.595 0.0000000000
12659  -25.269  -57.200  19.184 0.0000000000
13371  -26.741  -55.687  17.909 0.0000000000
113112  -22.192  -55.904  17.172 0.0000000000
126253  -23.978  -55.347  16.811 0.0000000000
13391  -24.839  -55.828  16.727 0.0000000000
13392  -25.970  -55.744  16.881 0.0000000000
14117  -26.596  -54.997  17.036 0.0000000000
14102  -27.221  -54.794  17.776 0.0000000000
14854  -28.153  -53.202  17.783 0.0000000000
15549  -28.299  -52.664  17.437 0.0000000000
16261  -28.709  -51.399  17.055 0.0000000000
16278  -27.670  -51.875  16.415 0.0000000000
117081  -28.114  -51.260  16.405 0.0000000000
16977  -28.640  -50.531  16.503 0.0000000000
18410  -29.229  -48.277  16.407 0.0000000000
19924  -29.822  -46.769  16.832 0.0000000000
19944  -28.503  -46.690  15.108 0.0000000000
19943  -27.487  -46.578  14.919 0.0000000000
18443  -26.966  -48.212  15.368 0.0000000000
19217  -27.135  -47.443  15.161 0.0000000000
19942  -26.748  -45.984  14.615 0.0000000000
19967  -25.855  -46.187  14.587 0.0000000000
124457  -25.321  -45.693  14.335 0.0000000000
20729  -24.538  -45.606  14.226 0.0000000000
114821  -24.150  -49.850  16.447 0.0000000000
18420  -24.138  -49.137  16.155 0.0000000000
124851  -23.816  -48.659  15.872 0.0000000000
18418  -22.552  -48.707  15.846 0.0000000000
18441  -23.400  -48.168  15.505 0.0000000000
19214  -24.207  -47.599  15.264 0.0000000000
19940  -24.099  -46.916  14.913 0.0000000000
19965  -23.897  -46.224  14.503 0.0000000000
20728  -23.651  -45.486  14.103 0.0000000000
127340  -22.916  -45.390  14.005 0.0000000000
20746  -21.812  -45.221  13.843 0.0000000000
20745  -21.147  -45.153  13.779 0.0000000000
20725  -20.676  -45.796  14.087 0.0000000000
20744  -20.333  -45.118  13.662 0.0000000000
21488  -19.975  -44.441  13.253 0.0000000000
21487  -19.020  -44.502  13.141 0.0000000000
113117  -18.067  -44.273  12.890 0.0000000000
112961  -17.222  -44.136  12.794 0.0000000000
11851  -11.723  -57.845  23.848 0.0000000000
12572  -11.826  -56.692  24.665 0.0000000000
12585  -12.195  -57.031  23.842 0.0000000000
11860  -12.726  -57.016  23.049 0.0000000000
13333  -13.768  -56.017  21.928 0.0000000000
13252  -12.278  -55.027  26.403 0.0000000000
117239  -12.661  -55.169  24.619 0.0000000000
14043  -12.930  -54.848  24.033 0.0000000000
13301  -13.166  -55.410  23.266 0.0000000000
13334  -14.174  -55.646  21.197 0.0000000000
120798  -14.320  -53.901  20.715 0.0000000000
14824  -15.652  -53.743  19.245 0.0000000000
15468  -10.797  -52.234  24.888 0.0000000000
15462  -11.186  -51.291  25.605 0.0000000000
16865  -12.524  -50.585  26.105 0.0000000000
16149  -11.172  -50.819  24.634 0.0000000000
16872  -12.172  -50.466  25.162 0.0000000000
16873  -13.303  -50.321  25.633 0.0000000000
16881  -14.287  -50.209  25.043 0.0000000000
111446  -15.995  -50.325  23.996 0.0000000000
16161  -16.123  -50.214  23.219 0.0000000000
117333  -8.115  -51.682  21.153 0.0000000000
16918  -9.033  -50.826  21.387 0.0000000000
16909  -10.412  -50.436  21.614 0.0000000000
16198  -10.178  -50.769  20.130 0.0000000000
16910  -11.427  -50.552  21.244 0.0000000000
16900  -13.883  -50.546  22.521 0.0000000000
16901  -15.404  -50.387  22.689 0.0000000000
112001  -15.883  -50.668  21.988 0.0000000000
16171  -15.869  -51.202  21.371 0.0000000000
16182  -15.580  -51.619  20.669 0.0000000000
16217  -14.196  -51.700  19.606 0.0000000000
130856  -15.275  -51.654  20.301 0.0000000000
16202  -15.686  -51.939  20.424 0.0000000000
16203  -15.745  -52.201  19.828 0.0000000000
15530  -15.960  -52.305  19.155 0.0000000000
109942  -17.148  -52.506  18.667 0.0000000000
16232  -17.373  -51.993  18.499 0.0000000000
16254  -17.611  -51.459  18.078 0.0000000000
16943  -15.330  -50.768  17.319 0.0000000000
16964  -16.052  -50.379  17.069 0.0000000000
16965  -17.069  -50.170  17.051 0.0000000000
17620  -17.343  -49.435  16.572 0.0000000000
18435  -16.907  -48.299  15.544 0.0000000000
118024  -10.983  -50.989  16.151 0.0000000000
122573  -11.984  -50.359  15.413 0.0000000000
16985  -12.879  -49.944  15.181 0.0000000000
17639  -11.220  -49.392  14.765 0.0000000000
17640  -11.975  -49.706  14.841 0.0000000000
17641  -13.810  -49.689  15.337 0.0000000000
18434  -15.919  -48.647  15.415 0.0000000000
19231  -17.205  -47.643  14.960 0.0000000000
19958  -16.567  -47.258  14.148 0.0000000000
19976  -17.030  -46.608  13.773 0.0000000000
19957  -14.420  -46.555  13.776 0.0000000000
115739  -17.041  -45.981  13.363 0.0000000000
20740  -16.431  -45.507  13.163 0.0000000000
21486  -16.433  -44.089  12.908 0.0000000000
22228  -16.111  -43.349  13.005 0.0000000000
113118  -12.971  -44.076  14.543 0.0000000000
22213  -13.381  -43.193  14.404 0.0000000000
22963  -13.192  -42.286  14.431 0.0000000000
110572  -12.439  -42.051  14.645 0.0000000000
118657  -11.918  -41.718  14.658 0.0000000000
23699  -10.568  -41.875  14.121 0.0000000000
21470  -9.347  -44.762  14.792 0.0000000000
21483  -8.040  -43.857  13.757 0.0000000000
129644  -8.765  -43.333  13.793 0.0000000000
22226  -9.620  -43.192  14.159 0.0000000000
22973  -9.715  -42.178  13.683 0.0000000000
110426  -10.029  -41.255  13.609 0.0000000000
5350  -15.257  -69.107  14.077 0.0000000000
5370  -14.716  -68.651  13.297 0.0000000000
5369  -13.748  -68.478  13.245 0.0000000000
4956  -14.566  -69.750  11.334 0.0000000000
4932  -13.232  -68.885  12.480 0.0000000000
5368  -12.460  -68.440  13.210 0.0000000000
123491  -11.544  -68.593  12.856 0.0000000000
5374  -10.212  -68.791  12.101 0.0000000000
3624  -12.440  -72.127  8.295 0.0000000000
4099  -12.388  -71.614  8.834 0.0000000000
4082  -11.825  -71.222  9.187 0.0000000000
4097  -10.314  -71.642  8.399 0.0000000000
4532  -10.422  -70.702  9.551 0.0000000000
4518  -11.001  -70.354  10.186 0.0000000000
4952  -10.389  -69.737  10.780 0.0000000000
4940  -9.831  -69.170  11.354 0.0000000000
5367  -9.804  -68.022  12.480 0.0000000000
5829  -9.181  -67.669  12.005 0.0000000000
5828  -8.620  -67.281  11.495 0.0000000000
6320  -8.142  -66.832  10.920 0.0000000000
5846  -7.374  -67.452  9.651 0.0000000000
6335  -7.428  -66.742  9.812 0.0000000000
6887  -7.899  -65.400  10.127 0.0000000000
6904  -7.485  -64.819  9.562 0.0000000000
7434  -6.906  -64.186  9.256 0.0000000000
7442  -6.132  -63.808  8.777 0.0000000000
1029  -8.871  -79.835  5.875 0.0000000000
1661  -8.912  -77.848  5.461 0.0000000000
2024  -8.846  -76.181  4.919 0.0000000000
117607  -7.367  -77.333  4.088 0.0000000000
2023  -7.898  -76.419  4.377 0.0000000000
2426  -8.414  -75.480  4.772 0.0000000000
2808  -8.054  -74.111  5.241 0.0000000000
128141  -6.813  -71.743  5.914 0.0000000000
3234  -4.618  -73.721  2.650 0.0000000000
3677  -4.579  -72.970  3.256 0.0000000000
4157  -4.535  -71.455  3.009 0.0000000000
4158  -4.684  -71.811  3.592 0.0000000000
3665  -5.256  -72.261  4.476 0.0000000000
118159  -6.165  -71.787  5.461 0.0000000000
123998  -5.946  -71.059  5.657 0.0000000000
4571  -6.229  -70.454  6.228 0.0000000000
5003  -6.147  -69.594  6.656 0.0000000000
5873  -5.859  -68.355  6.991 0.0000000000
125932  -5.674  -67.662  7.005 0.0000000000
5889  -4.838  -66.638  5.866 0.0000000000
109440  -5.209  -67.018  6.532 0.0000000000
6360  -5.433  -66.197  7.075 0.0000000000
6926  -5.636  -65.280  7.456 0.0000000000
7441  -5.724  -64.326  7.959 0.0000000000
8009  -5.045  -63.581  8.391 0.0000000000
7993  -3.859  -63.151  8.515 0.0000000000
113095  -3.345  -62.551  9.008 0.0000000000
9286  -2.900  -61.972  8.636 0.0000000000
8656  -3.533  -62.440  6.567 0.0000000000
9301  -2.893  -61.864  7.813 0.0000000000
129010  -2.711  -61.457  8.330 0.0000000000
124195  -2.609  -60.859  7.955 0.0000000000
9970  -2.482  -59.830  7.810 0.0000000000
10580  -2.166  -59.208  8.444 0.0000000000
111708  -5.602  -62.824  2.749 0.0000000000
8707  -4.860  -61.733  3.794 0.0000000000
127844  -4.239  -60.885  4.651 0.0000000000
10015  -4.729  -60.360  3.974 0.0000000000
113380  -3.802  -59.885  5.648 0.0000000000
10604  -3.340  -59.626  6.446 0.0000000000
10586  -2.524  -59.003  7.705 0.0000000000
11284  -2.398  -58.307  8.000 0.0000000000
14  -14.333  -83.953  14.415 0.0000000000
16  -13.009  -83.305  13.674 0.0000000000
20  -15.905  -83.440  13.108 0.0000000000
27  -15.755  -83.013  12.275 0.0000000000
30  -15.532  -82.894  12.581 0.0000000000
32  -16.153  -83.026  11.683 0.0000000000
34  -17.686  -82.984  10.931 0.0000000000
40  -19.451  -82.629  10.224 0.0000000000
41  -16.886  -82.077  10.693 0.0000000000
87  -10.152  -83.135  16.424 0.0000000000
99  -11.553  -83.267  14.958 0.0000000000
111  -9.980  -82.865  14.103 0.0000000000
112  -10.702  -83.046  14.529 0.0000000000
153  -15.494  -82.383  12.575 0.0000000000
162  -16.097  -82.266  11.697 0.0000000000
165  -19.473  -82.527  9.580 0.0000000000
172  -18.557  -82.116  8.326 0.0000000000
176  -19.023  -82.111  6.976 0.0000000000
208  -6.730  -82.142  13.942 0.0000000000
226  -14.158  -81.974  12.771 0.0000000000
231  -14.938  -81.746  11.964 0.0000000000
236  -15.405  -82.116  12.402 0.0000000000
248  -16.550  -82.113  11.112 0.0000000000
250  -21.119  -81.957  9.524 0.0000000000
252  -22.676  -81.834  9.612 0.0000000000
259  -17.615  -81.549  9.807 0.0000000000
264  -26.964  -82.056  8.434 0.0000000000
275  -18.489  -81.693  7.368 0.0000000000
280  -25.662  -81.987  6.448 0.0000000000
291  -26.119  -81.454  5.606 0.0000000000
298  -22.171  -81.084  5.133 0.0000000000
299  -25.169  -81.142  4.480 0.0000000000
314  -25.204  -80.863  3.208 0.0000000000
434  -13.926  -81.043  14.268 0.0000000000
442  -10.973  -81.184  13.837 0.0000000000
446  -6.783  -81.903  11.888 0.0000000000
447  -7.390  -82.095  11.628 0.0000000000
470  -17.547  -81.165  8.908 0.0000000000
474  -9.912  -81.107  6.232 0.0000000000
476  -11.325  -81.029  6.355 0.0000000000
481  -9.297  -81.146  5.790 0.0000000000
482  -10.073  -81.240  5.680 0.0000000000
483  -10.704  -81.208  6.016 0.0000000000
484  -12.147  -81.034  6.266 0.0000000000
485  -13.411  -81.222  5.340 0.0000000000
492  -9.812  -81.175  4.971 0.0000000000
498  -15.691  -81.025  3.616 0.0000000000
499  -18.745  -81.681  4.556 0.0000000000
507  -13.813  -81.414  3.403 0.0000000000
509  -18.990  -81.525  3.254 0.0000000000
512  -24.946  -81.102  3.743 0.0000000000
520  -16.243  -81.166  1.897 0.0000000000
528  -25.352  -80.820  2.606 0.0000000000
532  -13.431  -81.193  1.616 0.0000000000
533  -15.458  -81.240  1.367 0.0000000000
534  -16.257  -81.200  1.219 0.0000000000
535  -18.526  -81.144  0.791 0.0000000000
546  -18.505  -81.034  0.381 0.0000000000
547  -19.273  -81.242  0.280 0.0000000000
561  -20.770  -80.854  -0.569 0.0000000000
681  -14.396  -80.285  14.534 0.0000000000
707  -6.101  -80.750  9.937 0.0000000000
711  -16.928  -80.673  11.441 0.0000000000
716  -6.147  -80.479  9.598 0.0000000000
720  -18.644  -79.941  10.520 0.0000000000
731  -18.893  -80.477  7.037 0.0000000000
733  -8.751  -81.041  5.845 0.0000000000
735  -10.173  -80.794  6.453 0.0000000000
736  -11.124  -80.641  6.569 0.0000000000
755  -18.936  -80.613  4.578 0.0000000000
767  -18.312  -81.038  1.649 0.0000000000
768  -18.400  -80.807  2.058 0.0000000000
771  -12.861  -80.930  1.343 0.0000000000
772  -16.521  -81.085  1.217 0.0000000000
782  -18.759  -80.713  0.137 0.0000000000
942  -13.549  -80.466  14.443 0.0000000000
943  -14.997  -79.751  14.709 0.0000000000
944  -16.572  -79.640  14.165 0.0000000000
964  -17.588  -79.677  12.926 0.0000000000
997  -20.086  -78.993  8.105 0.0000000000
1005  -13.972  -79.284  8.087 0.0000000000
1014  -8.759  -80.821  6.075 0.0000000000
1015  -9.383  -80.474  6.250 0.0000000000
1030  -19.369  -80.111  5.120 0.0000000000
1070  -18.673  -80.733  0.176 0.0000000000
1076  -13.620  -79.308  0.501 0.0000000000
1085  -15.379  -79.719  0.189 0.0000000000
1232  -13.871  -78.806  14.374 0.0000000000
1233  -15.096  -79.020  14.794 0.0000000000
1236  -17.064  -78.978  13.941 0.0000000000
1255  -11.699  -78.543  12.509 0.0000000000
1257  -17.881  -78.850  12.822 0.0000000000
1264  -5.355  -79.322  11.374 0.0000000000
1269  -18.747  -78.603  11.380 0.0000000000
1276  -6.371  -79.475  9.059 0.0000000000
1279  -18.849  -79.322  10.933 0.0000000000
1302  -20.026  -78.679  8.860 0.0000000000
1322  -9.691  -79.337  6.175 0.0000000000
1328  -21.005  -78.395  6.260 0.0000000000
1329  -21.259  -77.985  6.533 0.0000000000
1335  -8.412  -79.379  5.324 0.0000000000
1370  -21.011  -77.874  4.055 0.0000000000
1405  -21.622  -77.359  -1.120 0.0000000000
1568  -14.996  -77.451  14.532 0.0000000000
1582  -17.093  -77.412  13.791 0.0000000000
1593  -4.822  -77.426  11.591 0.0000000000
1608  -5.480  -76.902  8.476 0.0000000000
1628  -15.214  -77.434  8.762 0.0000000000
1651  -11.017  -77.270  6.323 0.0000000000
1662  -10.097  -77.199  5.832 0.0000000000
1679  -20.901  -77.284  4.458 0.0000000000
1709  -18.451  -76.814  1.489 0.0000000000
1727  -15.488  -77.406  -1.071 0.0000000000
1910  -16.135  -76.554  14.419 0.0000000000
1933  -4.781  -77.162  10.780 0.0000000000
1936  -17.421  -76.684  11.833 0.0000000000
1948  -5.486  -76.114  8.388 0.0000000000
1950  -8.840  -75.967  9.773 0.0000000000
1952  -17.427  -76.358  11.027 0.0000000000
1954  -18.922  -77.077  10.263 0.0000000000
1980  -15.863  -76.996  8.902 0.0000000000
1983  -19.517  -76.463  8.877 0.0000000000
1998  -20.049  -76.203  7.347 0.0000000000
2005  -11.530  -76.627  6.357 0.0000000000
2008  -20.342  -76.465  6.539 0.0000000000
2030  -19.161  -76.658  3.896 0.0000000000
2042  -19.735  -76.592  3.312 0.0000000000
2327  -15.098  -75.900  13.960 0.0000000000
2328  -15.808  -75.803  14.198 0.0000000000
2351  -10.880  -75.428  10.482 0.0000000000
2365  -5.519  -75.937  9.046 0.0000000000
2366  -6.223  -75.596  8.613 0.0000000000
2390  -14.867  -75.613  8.346 0.0000000000
2405  -9.237  -75.354  5.238 0.0000000000
2487  -18.753  -75.683  -1.650 0.0000000000
2718  -16.134  -75.137  13.931 0.0000000000
2726  -16.369  -74.712  13.485 0.0000000000
2727  -16.844  -74.873  13.305 0.0000000000
2732  -16.597  -74.189  12.883 0.0000000000
2735  -7.387  -74.450  10.577 0.0000000000
2737  -8.479  -74.101  10.621 0.0000000000
2777  -12.672  -74.620  6.730 0.0000000000
2811  -10.416  -74.826  5.778 0.0000000000
2841  -4.967  -74.345  2.864 0.0000000000
2842  -5.452  -75.031  3.245 0.0000000000
3129  -10.870  -73.190  12.005 0.0000000000
3140  -9.080  -73.625  11.252 0.0000000000
3144  -16.696  -72.917  11.934 0.0000000000
3156  -2.870  -73.421  9.922 0.0000000000
3157  -16.853  -73.288  10.675 0.0000000000
3176  -14.382  -73.701  8.036 0.0000000000
3177  -15.269  -73.806  8.564 0.0000000000
3215  -8.847  -73.912  5.666 0.0000000000
3225  -4.795  -73.811  3.454 0.0000000000
3553  -6.579  -72.676  12.016 0.0000000000
3554  -6.805  -72.834  12.004 0.0000000000
3556  -9.882  -72.117  13.093 0.0000000000
3557  -11.010  -72.039  13.282 0.0000000000
3558  -12.059  -72.055  13.031 0.0000000000
3565  -2.649  -73.397  11.351 0.0000000000
3566  -4.344  -72.935  12.005 0.0000000000
3585  -5.763  -72.752  10.355 0.0000000000
3597  -2.516  -73.277  9.831 0.0000000000
3598  -3.481  -73.261  9.080 0.0000000000
3600  -5.397  -72.677  9.696 0.0000000000
3609  -2.636  -72.236  8.707 0.0000000000
3610  -3.079  -72.661  8.355 0.0000000000
3621  -2.873  -71.814  8.270 0.0000000000
3651  -8.497  -72.620  6.610 0.0000000000
3652  -9.151  -72.841  6.733 0.0000000000
3678  -5.257  -73.079  4.242 0.0000000000
4007  -10.755  -71.179  15.101 0.0000000000
4009  -12.611  -70.919  15.176 0.0000000000
4042  -12.626  -71.594  13.605 0.0000000000
4046  -16.029  -70.798  12.731 0.0000000000
4050  -6.746  -72.014  11.537 0.0000000000
4060  -2.014  -72.423  10.904 0.0000000000
4061  -6.028  -72.518  10.399 0.0000000000
4070  -2.251  -72.650  9.737 0.0000000000
4080  -3.208  -71.808  8.240 0.0000000000
4081  -10.910  -71.302  8.956 0.0000000000
4109  -7.773  -71.333  7.051 0.0000000000
4123  -6.638  -71.276  6.075 0.0000000000
4141  -6.916  -72.226  5.698 0.0000000000
4429  -10.946  -70.073  17.219 0.0000000000
4444  -10.377  -70.461  16.678 0.0000000000
4445  -11.355  -70.512  16.492 0.0000000000
4460  -11.267  -70.911  15.685 0.0000000000
4463  -14.298  -69.991  15.032 0.0000000000
4474  -6.585  -70.587  13.901 0.0000000000
4475  -7.199  -71.069  13.571 0.0000000000
4476  -8.940  -70.860  15.298 0.0000000000
4479  -15.405  -69.841  13.885 0.0000000000
4490  -5.960  -70.512  13.174 0.0000000000
4493  -15.650  -70.301  13.325 0.0000000000
4500  -6.230  -71.224  12.237 0.0000000000
4511  -15.392  -70.037  11.282 0.0000000000
4523  -16.280  -71.159  11.119 0.0000000000
4527  -2.593  -70.271  8.545 0.0000000000
4528  -3.117  -70.795  8.252 0.0000000000
4529  -3.715  -70.798  8.807 0.0000000000
4533  -11.999  -70.708  9.842 0.0000000000
4534  -12.977  -70.739  9.934 0.0000000000
4535  -13.954  -70.661  10.140 0.0000000000
4546  -2.857  -70.958  8.252 0.0000000000
4547  -8.585  -70.507  8.677 0.0000000000
4548  -9.938  -71.121  8.997 0.0000000000
4572  -7.092  -70.918  6.682 0.0000000000
4594  -4.720  -70.731  2.831 0.0000000000
4595  -4.512  -71.004  3.798 0.0000000000
4868  -11.320  -69.541  17.534 0.0000000000
4895  -8.126  -69.931  16.094 0.0000000000
4909  -6.286  -69.905  14.371 0.0000000000
4911  -14.663  -69.285  14.799 0.0000000000
4931  -12.129  -69.030  12.357 0.0000000000
4934  -15.606  -69.515  12.706 0.0000000000
4944  -13.827  -69.331  11.869 0.0000000000
4960  -2.775  -69.356  8.635 0.0000000000
4961  -2.973  -69.778  8.415 0.0000000000
5310  -12.508  -68.613  17.237 0.0000000000
5324  -7.679  -68.722  16.520 0.0000000000
5349  -14.586  -68.757  14.443 0.0000000000
5359  -10.644  -68.262  12.903 0.0000000000
5362  -14.241  -68.463  13.943 0.0000000000
5373  -9.445  -68.464  11.763 0.0000000000
5375  -11.123  -69.062  12.293 0.0000000000
5377  -8.433  -68.465  10.632 0.0000000000
5402  -6.848  -68.314  8.377 0.0000000000
5403  -7.325  -68.929  8.706 0.0000000000
5415  -6.457  -68.697  7.600 0.0000000000
5428  -6.124  -68.986  7.012 0.0000000000
5803  -2.899  -67.005  14.471 0.0000000000
5821  -2.231  -66.665  10.977 0.0000000000
5836  -7.743  -67.201  10.316 0.0000000000
5847  -7.833  -68.020  10.152 0.0000000000
5890  -4.928  -67.362  5.850 0.0000000000
5917  -4.705  -67.458  4.628 0.0000000000
5934  -4.911  -67.655  3.605 0.0000000000
6187  -2.863  -66.457  22.889 0.0000000000
6225  -3.321  -66.889  19.424 0.0000000000
6279  -3.239  -66.258  14.070 0.0000000000
6293  -10.470  -66.580  13.651 0.0000000000
6294  -10.760  -67.060  14.310 0.0000000000
6298  -4.008  -65.759  11.395 0.0000000000
6308  -2.442  -65.904  10.353 0.0000000000
6319  -7.794  -66.344  10.254 0.0000000000
6352  -7.023  -66.744  9.216 0.0000000000
6373  -5.033  -66.205  6.334 0.0000000000
6731  -2.088  -65.493  24.531 0.0000000000
6761  -2.151  -66.077  22.743 0.0000000000
6775  -2.020  -65.930  20.054 0.0000000000
6789  -2.209  -65.909  19.318 0.0000000000
6812  -3.124  -65.868  17.758 0.0000000000
6814  -8.283  -65.840  17.644 0.0000000000
6817  -12.142  -65.269  17.250 0.0000000000
6840  -2.308  -64.465  13.446 0.0000000000
6841  -3.122  -65.414  14.190 0.0000000000
6863  -9.708  -65.578  12.354 0.0000000000
6864  -10.165  -66.042  12.944 0.0000000000
6872  -2.510  -65.457  10.869 0.0000000000
6873  -2.846  -65.378  10.806 0.0000000000
6903  -6.967  -65.008  8.905 0.0000000000
6950  -4.652  -66.092  4.936 0.0000000000
7227  -7.359  -63.626  27.565 0.0000000000
7271  -2.103  -65.248  25.178 0.0000000000
7323  -4.000  -64.242  19.097 0.0000000000
7328  -3.949  -64.806  18.766 0.0000000000
7339  -11.837  -64.419  17.462 0.0000000000
7348  -6.858  -64.200  16.208 0.0000000000
7356  -2.556  -63.674  14.832 0.0000000000
7361  -12.170  -64.648  15.761 0.0000000000
7366  -2.165  -63.731  13.904 0.0000000000
7402  -9.334  -65.205  11.852 0.0000000000
7420  -8.164  -64.164  10.837 0.0000000000
7481  -5.047  -65.076  3.264 0.0000000000
7492  -5.725  -64.847  2.324 0.0000000000
7760  -4.501  -63.069  28.593 0.0000000000
7771  -2.360  -63.377  27.376 0.0000000000
7776  -7.526  -63.162  28.023 0.0000000000
7788  -2.482  -64.065  27.122 0.0000000000
7847  -8.029  -62.946  20.904 0.0000000000
7854  -3.763  -64.262  20.324 0.0000000000
7879  -2.807  -62.859  16.702 0.0000000000
7880  -3.192  -63.132  17.203 0.0000000000
7882  -11.779  -63.622  17.698 0.0000000000
7903  -2.349  -63.234  15.290 0.0000000000
7909  -11.578  -63.513  15.636 0.0000000000
7910  -11.985  -64.033  15.999 0.0000000000
7916  -2.705  -62.729  14.159 0.0000000000
7920  -2.308  -63.747  13.415 0.0000000000
7952  -6.007  -63.314  11.160 0.0000000000
7973  -4.887  -63.251  10.174 0.0000000000
7997  -7.002  -63.815  9.891 0.0000000000
8025  -4.194  -63.533  7.649 0.0000000000
8038  -3.596  -63.064  6.868 0.0000000000
8039  -3.806  -63.678  6.389 0.0000000000
8049  -3.896  -63.340  5.650 0.0000000000
8054  -4.354  -63.152  4.652 0.0000000000
8063  -4.929  -63.383  3.623 0.0000000000
8380  -3.987  -62.611  28.869 0.0000000000
8381  -5.845  -62.683  28.633 0.0000000000
8382  -6.587  -62.788  28.490 0.0000000000
8390  -2.572  -62.729  28.064 0.0000000000
8472  -6.240  -62.261  20.076 0.0000000000
8476  -9.095  -62.569  20.507 0.0000000000
8485  -2.204  -61.534  19.766 0.0000000000
8486  -2.810  -62.223  19.327 0.0000000000
8497  -6.601  -62.672  18.436 0.0000000000
8500  -11.032  -62.826  18.584 0.0000000000
8518  -2.841  -62.559  16.608 0.0000000000
8530  -2.708  -62.542  15.323 0.0000000000
8532  -8.819  -62.436  14.661 0.0000000000
8534  -10.366  -62.347  15.692 0.0000000000
8539  -2.338  -62.860  14.820 0.0000000000
8549  -7.899  -63.013  13.752 0.0000000000
8550  -8.824  -63.105  14.054 0.0000000000
8564  -6.773  -63.177  12.831 0.0000000000
8611  -4.064  -63.015  10.120 0.0000000000
8643  -3.255  -62.560  7.383 0.0000000000
8688  -4.384  -62.115  4.425 0.0000000000
9045  -6.026  -61.249  28.594 0.0000000000
9138  -5.290  -61.678  21.795 0.0000000000
9139  -7.600  -62.212  21.923 0.0000000000
9155  -1.925  -61.125  20.366 0.0000000000
9178  -3.082  -61.085  18.143 0.0000000000
9187  -3.017  -61.622  17.557 0.0000000000
9197  -2.966  -61.993  16.901 0.0000000000
9199  -8.834  -61.173  15.986 0.0000000000
9362  -4.489  -61.297  4.199 0.0000000000
9723  -2.980  -60.688  29.018 0.0000000000
9805  -1.671  -60.106  22.134 0.0000000000
9820  -2.393  -59.815  21.580 0.0000000000
9832  -1.960  -60.792  20.631 0.0000000000
9834  -3.125  -60.407  20.313 0.0000000000
9844  -2.058  -61.038  19.927 0.0000000000
9845  -2.625  -60.829  19.470 0.0000000000
9848  -9.347  -60.196  18.893 0.0000000000
9866  -6.814  -60.250  16.055 0.0000000000
9869  -9.282  -60.680  17.044 0.0000000000
9873  -4.855  -59.953  15.166 0.0000000000
9882  -7.070  -61.140  15.086 0.0000000000
9958  -2.263  -60.196  8.605 0.0000000000
10003  -4.200  -60.087  4.783 0.0000000000
10364  -3.047  -59.684  28.815 0.0000000000
10477  -7.877  -59.292  17.691 0.0000000000
10484  -6.383  -59.404  16.985 0.0000000000
10490  -4.422  -59.302  16.167 0.0000000000
10491  -4.891  -59.279  16.656 0.0000000000
10494  -8.032  -60.083  16.919 0.0000000000
10501  -6.031  -59.988  15.942 0.0000000000
10508  -2.502  -59.666  13.634 0.0000000000
10570  -2.033  -59.668  9.139 0.0000000000
10618  -3.684  -58.895  5.720 0.0000000000
11021  -5.696  -57.803  30.276 0.0000000000
11096  -7.074  -58.118  24.084 0.0000000000
11146  -9.571  -57.783  19.975 0.0000000000
11153  -5.649  -58.139  19.382 0.0000000000
11157  -9.453  -57.433  19.741 0.0000000000
11167  -7.037  -58.557  18.341 0.0000000000
11185  -3.036  -58.701  16.619 0.0000000000
11192  -3.663  -59.099  16.015 0.0000000000
11214  -1.786  -58.470  12.105 0.0000000000
11233  -1.820  -59.183  10.911 0.0000000000
11278  -1.933  -58.300  8.751 0.0000000000
11285  -2.885  -58.206  7.164 0.0000000000
11867  -3.426  -57.179  21.318 0.0000000000
11869  -9.224  -57.621  21.397 0.0000000000
11882  -3.670  -57.554  20.816 0.0000000000
11883  -4.808  -57.495  20.688 0.0000000000
11908  -23.715  -57.904  19.272 0.0000000000
11917  -3.592  -58.191  19.454 0.0000000000
11928  -2.599  -58.036  18.011 0.0000000000
11946  -2.000  -57.114  14.292 0.0000000000
11993  -1.572  -57.544  10.118 0.0000000000
12614  -2.206  -56.478  21.330 0.0000000000
12616  -3.966  -56.726  21.710 0.0000000000
12639  -9.123  -56.051  19.976 0.0000000000
12640  -9.608  -56.378  20.135 0.0000000000
12655  -8.197  -57.106  19.640 0.0000000000
12694  -1.943  -56.601  17.869 0.0000000000
12722  -2.083  -56.640  15.073 0.0000000000
12723  -2.074  -56.026  15.340 0.0000000000
12735  -1.918  -55.837  13.671 0.0000000000
12787  -1.669  -56.529  10.152 0.0000000000
12805  -2.122  -56.233  9.408 0.0000000000
13288  -12.461  -55.678  24.695 0.0000000000
13312  -3.979  -55.523  22.713 0.0000000000
13316  -10.232  -54.358  22.306 0.0000000000
13330  -8.740  -54.675  20.933 0.0000000000
13360  -26.932  -55.742  19.062 0.0000000000
13426  -2.521  -55.866  15.549 0.0000000000
13448  -2.315  -55.318  13.166 0.0000000000
13996  -12.484  -53.874  28.749 0.0000000000
14040  -2.968  -54.615  23.052 0.0000000000
14053  -3.587  -54.949  23.070 0.0000000000
14055  -5.376  -54.486  23.038 0.0000000000
14056  -7.674  -53.366  22.264 0.0000000000
14065  -1.737  -54.333  21.727 0.0000000000
14066  -6.837  -54.734  22.199 0.0000000000
14068  -9.402  -54.092  21.253 0.0000000000
14116  -24.506  -54.799  16.664 0.0000000000
14124  -26.328  -54.156  16.626 0.0000000000
14756  -10.583  -52.991  24.378 0.0000000000
14770  -2.509  -54.061  22.785 0.0000000000
14782  -2.325  -53.400  22.333 0.0000000000
14783  -2.909  -53.479  22.807 0.0000000000
14784  -3.753  -53.416  22.970 0.0000000000
14790  -10.249  -52.568  22.781 0.0000000000
14799  -1.896  -53.489  21.795 0.0000000000
14853  -27.671  -53.861  17.510 0.0000000000
14865  -25.829  -53.527  16.523 0.0000000000
15435  -12.390  -53.161  28.768 0.0000000000
15488  -9.849  -51.233  23.409 0.0000000000
15510  -2.124  -52.055  21.011 0.0000000000
15521  -28.216  -53.062  19.857 0.0000000000
15556  -24.914  -52.610  16.692 0.0000000000
15559  -27.836  -52.566  16.815 0.0000000000
16135  -11.978  -50.922  26.505 0.0000000000
16138  -15.252  -50.842  26.170 0.0000000000
16143  -14.862  -51.329  26.064 0.0000000000
16152  -16.201  -50.350  23.629 0.0000000000
16153  -16.171  -50.226  23.370 0.0000000000
16160  -16.391  -50.516  23.353 0.0000000000
16166  -8.704  -51.644  21.803 0.0000000000
16168  -9.369  -50.963  23.018 0.0000000000
16172  -16.124  -50.347  22.822 0.0000000000
16211  -7.105  -51.790  19.671 0.0000000000
16215  -10.533  -51.254  19.328 0.0000000000
16225  -8.353  -51.597  18.736 0.0000000000
16229  -13.310  -51.461  18.379 0.0000000000
16236  -28.822  -52.132  18.586 0.0000000000
16253  -16.013  -51.278  17.792 0.0000000000
16258  -21.713  -51.694  17.561 0.0000000000
16269  -7.993  -51.206  16.668 0.0000000000
16866  -13.594  -50.681  26.517 0.0000000000
16874  -14.570  -50.518  26.011 0.0000000000
16887  -11.303  -50.429  23.713 0.0000000000
16890  -15.595  -50.214  23.331 0.0000000000
16891  -16.014  -50.188  23.345 0.0000000000
16896  -8.969  -50.909  22.093 0.0000000000
16898  -9.902  -50.617  22.674 0.0000000000
16920  -10.739  -50.588  20.698 0.0000000000
16924  -2.666  -50.672  19.766 0.0000000000
16945  -17.772  -50.765  17.570 0.0000000000
16956  -7.649  -50.601  16.271 0.0000000000
16961  -12.635  -50.557  16.025 0.0000000000
16962  -13.878  -50.512  16.821 0.0000000000
16968  -19.674  -50.004  16.876 0.0000000000
16970  -21.919  -50.280  16.802 0.0000000000
17618  -15.608  -49.706  16.449 0.0000000000
17628  -25.840  -50.037  16.051 0.0000000000
17636  -7.397  -49.961  16.026 0.0000000000
17642  -14.530  -49.427  15.497 0.0000000000
17646  -18.995  -48.856  16.212 0.0000000000
17655  -11.201  -48.527  14.693 0.0000000000
17659  -14.154  -49.185  14.932 0.0000000000
18437  -18.373  -48.542  16.001 0.0000000000
18438  -19.396  -48.446  15.838 0.0000000000
18444  -27.686  -48.652  15.502 0.0000000000
18453  -14.082  -48.688  14.433 0.0000000000
18455  -16.316  -47.935  14.837 0.0000000000
19189  -29.796  -47.567  18.192 0.0000000000
19213  -23.583  -47.404  15.119 0.0000000000
19227  -11.287  -47.657  14.777 0.0000000000
19230  -15.270  -47.609  14.067 0.0000000000
19233  -20.743  -47.055  14.831 0.0000000000
19235  -22.497  -46.908  14.754 0.0000000000
19242  -15.221  -46.954  13.680 0.0000000000
19937  -8.592  -46.882  15.184 0.0000000000
19975  -16.121  -46.479  13.464 0.0000000000
20711  -10.455  -45.620  15.095 0.0000000000
20741  -17.089  -45.343  13.123 0.0000000000
20743  -18.963  -45.346  13.573 0.0000000000
21489  -20.837  -44.469  13.357 0.0000000000
22215  -15.249  -43.296  13.338 0.0000000000
22219  -26.245  -43.822  14.162 0.0000000000
22230  -17.762  -43.496  12.690 0.0000000000
22234  -22.744  -43.476  13.331 0.0000000000
22958  -27.698  -42.183  14.815 0.0000000000
23685  -11.312  -41.719  14.480 0.0000000000
23688  -12.964  -41.592  14.417 0.0000000000
24404  -11.805  -40.063  14.181 0.0000000000
24425  -22.336  -40.828  13.474 0.0000000000
25222  -12.195  -39.455  14.061 0.0000000000
25223  -12.931  -39.533  13.988 0.0000000000
25225  -14.663  -39.708  13.543 0.0000000000
25227  -23.131  -39.262  13.973 0.0000000000
25228  -23.959  -39.345  14.201 0.0000000000
26040  -14.298  -38.547  13.594 0.0000000000
26041  -14.964  -38.984  13.548 0.0000000000
26061  -18.563  -38.631  13.434 0.0000000000
108153  -2.658  -68.284  9.139 0.0000000000
108155  -2.384  -69.450  10.797 0.0000000000
108371  -5.146  -69.299  13.040 0.0000000000
108375  -11.157  -42.963  14.713 0.0000000000
108395  -3.583  -65.410  18.259 0.0000000000
108416  -1.943  -56.842  17.300 0.0000000000
108768  -25.446  -43.710  13.983 0.0000000000
109133  -14.106  -83.849  14.114 0.0000000000
109234  -2.094  -60.152  11.777 0.0000000000
109348  -5.747  -72.671  11.807 0.0000000000
109437  -3.158  -66.206  9.995 0.0000000000
109450  -12.693  -74.884  10.989 0.0000000000
109930  -2.241  -61.807  27.623 0.0000000000
109976  -17.869  -83.151  12.054 0.0000000000
110011  -20.713  -78.329  7.774 0.0000000000
110136  -4.703  -53.956  23.232 0.0000000000
110569  -6.094  -75.997  13.416 0.0000000000
110580  -16.396  -80.814  0.647 0.0000000000
110723  -13.133  -83.951  15.289 0.0000000000
110736  -1.867  -53.682  21.366 0.0000000000
111085  -3.076  -61.875  11.105 0.0000000000
111593  -17.707  -82.227  10.629 0.0000000000
111619  -27.906  -53.098  17.254 0.0000000000
111669  -3.459  -59.045  28.983 0.0000000000
111725  -4.829  -61.568  13.479 0.0000000000
111765  -12.579  -73.608  7.019 0.0000000000
111958  -6.468  -64.420  8.604 0.0000000000
112121  -3.571  -62.002  29.007 0.0000000000
112198  -12.918  -70.293  15.786 0.0000000000
112361  -17.113  -80.957  10.163 0.0000000000
112625  -15.595  -50.572  25.192 0.0000000000
112654  -4.948  -68.820  3.931 0.0000000000
112769  -11.223  -70.848  9.539 0.0000000000
112835  -1.845  -55.938  21.540 0.0000000000
112844  -11.040  -71.822  8.357 0.0000000000
112918  -1.801  -56.461  13.464 0.0000000000
113027  -10.231  -69.048  17.817 0.0000000000
113101  -3.559  -61.527  6.467 0.0000000000
113144  -3.951  -63.889  17.947 0.0000000000
113383  -2.126  -60.870  27.137 0.0000000000
113448  -4.496  -65.384  4.790 0.0000000000
113552  -6.672  -75.208  4.249 0.0000000000
113630  -11.946  -65.730  17.572 0.0000000000
114582  -14.996  -78.816  -0.157 0.0000000000
114837  -2.346  -61.932  24.912 0.0000000000
115078  -2.341  -58.157  15.566 0.0000000000
115115  -15.120  -69.051  12.684 0.0000000000
115246  -11.651  -79.834  13.516 0.0000000000
115309  -22.957  -80.807  7.277 0.0000000000
115722  -3.454  -59.274  15.290 0.0000000000
116085  -8.790  -78.851  5.592 0.0000000000
116176  -2.530  -61.156  8.916 0.0000000000
116349  -15.046  -50.184  24.219 0.0000000000
116665  -24.424  -48.359  15.657 0.0000000000
116781  -22.447  -44.961  13.738 0.0000000000
116854  -9.018  -60.016  18.087 0.0000000000
116906  -8.268  -65.915  10.792 0.0000000000
116973  -20.543  -41.302  13.066 0.0000000000
117047  -1.763  -60.617  21.627 0.0000000000
117282  -9.170  -70.829  8.853 0.0000000000
117377  -2.449  -71.378  9.096 0.0000000000
117514  -14.956  -77.604  -0.997 0.0000000000
117603  -3.577  -63.319  20.872 0.0000000000
117758  -8.664  -60.146  20.703 0.0000000000
117829  -8.369  -75.289  9.770 0.0000000000
118045  -6.827  -51.683  18.835 0.0000000000
118118  -21.881  -43.196  13.155 0.0000000000
118415  -16.769  -44.775  12.996 0.0000000000
118626  -17.905  -38.349  13.325 0.0000000000
118936  -6.664  -63.153  17.167 0.0000000000
119384  -18.926  -82.353  10.030 0.0000000000
119589  -20.897  -42.957  13.023 0.0000000000
119649  -15.985  -44.819  13.072 0.0000000000
119815  -12.052  -47.351  14.559 0.0000000000
120416  -20.475  -76.812  4.116 0.0000000000
120433  -3.943  -64.047  5.784 0.0000000000
120900  -15.718  -39.060  13.471 0.0000000000
120915  -28.088  -45.935  14.824 0.0000000000
121103  -17.766  -77.026  6.889 0.0000000000
121399  -12.223  -67.919  17.447 0.0000000000
121554  -23.368  -81.176  0.062 0.0000000000
121555  -22.635  -81.215  0.003 0.0000000000
121680  -18.826  -40.014  13.152 0.0000000000
122024  -12.135  -81.324  4.067 0.0000000000
122114  -11.889  -73.267  7.017 0.0000000000
122204  -3.716  -63.023  13.955 0.0000000000
122410  -2.146  -63.112  25.384 0.0000000000
122468  -12.003  -69.139  17.565 0.0000000000
122554  -14.259  -81.103  1.531 0.0000000000
122569  -10.310  -73.708  11.424 0.0000000000
122631  -12.465  -70.394  10.331 0.0000000000
122718  -10.813  -63.951  18.550 0.0000000000
122813  -16.650  -81.445  10.656 0.0000000000
122938  -9.159  -49.830  15.276 0.0000000000
123024  -2.340  -68.593  9.560 0.0000000000
123389  -15.550  -72.223  9.529 0.0000000000
123422  -10.022  -55.035  20.906 0.0000000000
123544  -10.358  -62.984  27.211 0.0000000000
123613  -2.166  -52.933  19.670 0.0000000000
123924  -29.000  -45.972  15.164 0.0000000000
124243  -3.649  -58.037  5.793 0.0000000000
124476  -7.634  -63.310  19.811 0.0000000000
124535  -13.755  -73.642  7.652 0.0000000000
124770  -12.012  -63.938  17.178 0.0000000000
124803  -8.094  -71.012  7.617 0.0000000000
125032  -1.804  -57.158  20.103 0.0000000000
125138  -14.939  -68.700  13.816 0.0000000000
125276  -21.181  -82.996  12.186 0.0000000000
125472  -12.071  -53.614  29.262 0.0000000000
125694  -5.072  -68.505  5.876 0.0000000000
125997  -9.832  -72.998  6.794 0.0000000000
126033  -20.443  -47.695  15.196 0.0000000000
126049  -16.610  -80.163  13.717 0.0000000000
126060  -5.105  -69.838  12.349 0.0000000000
126083  -8.263  -45.904  14.824 0.0000000000
126254  -11.187  -50.376  23.035 0.0000000000
126388  -18.179  -82.104  10.254 0.0000000000
126497  -20.051  -82.460  10.534 0.0000000000
126553  -15.040  -50.860  26.342 0.0000000000
126593  -16.323  -81.801  11.035 0.0000000000
126617  -18.360  -80.277  10.240 0.0000000000
126690  -9.213  -79.037  5.965 0.0000000000
126837  -27.446  -51.186  16.172 0.0000000000
126867  -4.615  -72.900  9.051 0.0000000000
127417  -7.375  -69.595  15.861 0.0000000000
127478  -20.833  -80.044  -0.561 0.0000000000
127498  -11.341  -50.615  15.598 0.0000000000
127536  -8.246  -68.313  16.875 0.0000000000
127543  -18.488  -79.881  11.106 0.0000000000
127560  -7.928  -82.434  13.675 0.0000000000
127774  -5.870  -75.503  3.670 0.0000000000
127877  -15.106  -81.135  12.276 0.0000000000
128024  -15.865  -70.125  11.610 0.0000000000
128035  -19.944  -78.340  9.411 0.0000000000
128186  -7.380  -70.689  14.542 0.0000000000
128379  -7.058  -73.349  12.005 0.0000000000
128575  -14.838  -62.028  21.689 0.0000000000
128693  -14.680  -69.308  12.079 0.0000000000
128801  -20.584  -77.173  7.701 0.0000000000
128822  -8.302  -51.576  17.055 0.0000000000
128836  -6.761  -62.660  19.032 0.0000000000
128913  -5.352  -63.516  2.937 0.0000000000
129014  -25.289  -43.074  13.905 0.0000000000
129179  -11.034  -73.881  6.339 0.0000000000
129219  -11.793  -66.973  15.408 0.0000000000
129255  -16.316  -79.717  0.820 0.0000000000
129524  -14.624  -70.813  10.165 0.0000000000
129759  -17.378  -78.540  3.715 0.0000000000
129925  -18.820  -76.771  4.409 0.0000000000
130020  -16.057  -72.172  10.048 0.0000000000
130110  -29.005  -50.716  17.536 0.0000000000
130111  -27.449  -45.793  14.645 0.0000000000
130220  -4.756  -70.556  4.593 0.0000000000
130431  -9.705  -51.634  17.296 0.0000000000
130808  -10.427  -50.844  23.923 0.0000000000
130848  -19.810  -83.061  12.181 0.0000000000
130851  -5.524  -69.261  2.698 0.0000000000
130877  -10.115  -72.396  7.608 0.0000000000
130948  -11.498  -44.193  14.755 0.0000000000
131101  -11.622  -80.984  14.102 0.0000000000
