
Mon Mar  9 01:09:19 CET 2026
cd /out/sourcedata/freesurfer/sub-v1s16x0051187_ses-1
setenv SUBJECTS_DIR /out/sourcedata/freesurfer
/opt/freesurfer/bin/recon-all -autorecon-hemi lh -noparcstats -noparcstats2 -noparcstats3 -nohyporelabel -nobalabels -lh-only -openmp 16 -subjid sub-v1s16x0051187_ses-1 -sd /out/sourcedata/freesurfer

subjid sub-v1s16x0051187_ses-1
setenv SUBJECTS_DIR /out/sourcedata/freesurfer
FREESURFER_HOME /opt/freesurfer
Actual FREESURFER_HOME /opt/freesurfer
build-stamp.txt: freesurfer-linux-ubuntu22_x86_64-7.3.2-20220804-6354275
Linux dna071 5.14.0-427.37.1.el9_4.x86_64 #1 SMP PREEMPT_DYNAMIC Fri Sep 13 12:41:50 EDT 2024 x86_64 x86_64 x86_64 GNU/Linux
cputime      unlimited
filesize     unlimited
datasize     unlimited
stacksize    8192 kbytes
coredumpsize 0 kbytes
memoryuse    67108864 kbytes
vmemoryuse   unlimited
descriptors  1024 
memorylocked unlimited
maxproc      2061970 
maxlocks     unlimited
maxsignal    2062029 
maxmessage   819200 
maxnice      0 
maxrtprio    0 
maxrttime    unlimited

               total        used        free      shared  buff/cache   available
Mem:           503Gi        47Gi       427Gi       9.2Gi        28Gi       443Gi
Swap:             0B          0B          0B

########################################
program versions used
7.3.2 (freesurfer-linux-ubuntu22_x86_64-7.3.2-20220804-6354275)
7.3.2

ProgramName: lta_convert  ProgramArguments: lta_convert -all-info  ProgramVersion: 7.3.2  TimeStamp: 2026/03/09-00:09:19-GMT  BuildTime: Aug  4 2022 06:17:15  BuildStamp: freesurfer-linux-ubuntu22_x86_64-7.3.2-20220804-6354275  User: oesteban  Machine: dna071  Platform: Linux  PlatformVersion: 5.14.0-427.37.1.el9_4.x86_64  CompilerName: GCC  CompilerVersion: 8.4.0
ProgramName: mri_and  ProgramArguments: mri_and -all-info  ProgramVersion: 7.3.2  TimeStamp: 2026/03/09-00:09:19-GMT  BuildTime: Aug  4 2022 06:17:15  BuildStamp: freesurfer-linux-ubuntu22_x86_64-7.3.2-20220804-6354275  User: oesteban  Machine: dna071  Platform: Linux  PlatformVersion: 5.14.0-427.37.1.el9_4.x86_64  CompilerName: GCC  CompilerVersion: 8.4.0
ProgramName: mri_annotation2label  ProgramArguments: mri_annotation2label -all-info  ProgramVersion: 7.3.2  TimeStamp: 2026/03/09-00:09:19-GMT  BuildTime: Aug  4 2022 06:17:15  BuildStamp: freesurfer-linux-ubuntu22_x86_64-7.3.2-20220804-6354275  User: oesteban  Machine: dna071  Platform: Linux  PlatformVersion: 5.14.0-427.37.1.el9_4.x86_64  CompilerName: GCC  CompilerVersion: 8.4.0
ProgramName: mri_aparc2aseg  ProgramArguments: mri_aparc2aseg -all-info  ProgramVersion: 7.3.2  TimeStamp: 2026/03/09-00:09:19-GMT  BuildTime: Aug  4 2022 06:17:15  BuildStamp: freesurfer-linux-ubuntu22_x86_64-7.3.2-20220804-6354275  User: oesteban  Machine: dna071  Platform: Linux  PlatformVersion: 5.14.0-427.37.1.el9_4.x86_64  CompilerName: GCC  CompilerVersion: 8.4.0
ProgramName: mri_surf2volseg  ProgramArguments: mri_surf2volseg -all-info  ProgramVersion: 7.3.2  TimeStamp: 2026/03/09-00:09:19-GMT  BuildTime: Aug  4 2022 06:17:15  BuildStamp: freesurfer-linux-ubuntu22_x86_64-7.3.2-20220804-6354275  User: oesteban  Machine: dna071  Platform: Linux  PlatformVersion: 5.14.0-427.37.1.el9_4.x86_64  CompilerName: GCC  CompilerVersion: 8.4.0
ProgramName: mri_binarize  ProgramArguments: mri_binarize -all-info  ProgramVersion: 7.3.2  TimeStamp: 2026/03/09-00:09:19-GMT  BuildTime: Aug  4 2022 06:17:15  BuildStamp: freesurfer-linux-ubuntu22_x86_64-7.3.2-20220804-6354275  User: oesteban  Machine: dna071  Platform: Linux  PlatformVersion: 5.14.0-427.37.1.el9_4.x86_64  CompilerName: GCC  CompilerVersion: 8.4.0
ProgramName: mri_ca_label  ProgramArguments: mri_ca_label -all-info  ProgramVersion: 7.3.2  TimeStamp: 2026/03/09-00:09:19-GMT  BuildTime: Aug  4 2022 06:17:15  BuildStamp: freesurfer-linux-ubuntu22_x86_64-7.3.2-20220804-6354275  User: oesteban  Machine: dna071  Platform: Linux  PlatformVersion: 5.14.0-427.37.1.el9_4.x86_64  CompilerName: GCC  CompilerVersion: 8.4.0
ProgramName: mri_ca_normalize  ProgramArguments: mri_ca_normalize -all-info  ProgramVersion: 7.3.2  TimeStamp: 2026/03/09-00:09:19-GMT  BuildTime: Aug  4 2022 06:17:15  BuildStamp: freesurfer-linux-ubuntu22_x86_64-7.3.2-20220804-6354275  User: oesteban  Machine: dna071  Platform: Linux  PlatformVersion: 5.14.0-427.37.1.el9_4.x86_64  CompilerName: GCC  CompilerVersion: 8.4.0
ProgramName: mri_ca_register  ProgramArguments: mri_ca_register -all-info  ProgramVersion: 7.3.2  TimeStamp: 2026/03/09-00:09:19-GMT  BuildTime: Aug  4 2022 06:17:15  BuildStamp: freesurfer-linux-ubuntu22_x86_64-7.3.2-20220804-6354275  User: oesteban  Machine: dna071  Platform: Linux  PlatformVersion: 5.14.0-427.37.1.el9_4.x86_64  CompilerName: GCC  CompilerVersion: 8.4.0
ProgramName: mri_cc  ProgramArguments: mri_cc -all-info  ProgramVersion: 7.3.2  TimeStamp: 2026/03/09-00:09:19-GMT  BuildTime: Aug  4 2022 06:17:15  BuildStamp: freesurfer-linux-ubuntu22_x86_64-7.3.2-20220804-6354275  User: oesteban  Machine: dna071  Platform: Linux  PlatformVersion: 5.14.0-427.37.1.el9_4.x86_64  CompilerName: GCC  CompilerVersion: 8.4.0
ProgramName: mri_compute_overlap  ProgramArguments: mri_compute_overlap -all-info  ProgramVersion: 7.3.2  TimeStamp: 2026/03/09-00:09:19-GMT  BuildTime: Aug  4 2022 06:17:15  BuildStamp: freesurfer-linux-ubuntu22_x86_64-7.3.2-20220804-6354275  User: oesteban  Machine: dna071  Platform: Linux  PlatformVersion: 5.14.0-427.37.1.el9_4.x86_64  CompilerName: GCC  CompilerVersion: 8.4.0
ProgramName: mri_compute_seg_overlap  ProgramArguments: mri_compute_seg_overlap -all-info  ProgramVersion: 7.3.2  TimeStamp: 2026/03/09-00:09:19-GMT  BuildTime: Aug  4 2022 06:17:15  BuildStamp: freesurfer-linux-ubuntu22_x86_64-7.3.2-20220804-6354275  User: oesteban  Machine: dna071  Platform: Linux  PlatformVersion: 5.14.0-427.37.1.el9_4.x86_64  CompilerName: GCC  CompilerVersion: 8.4.0
ProgramName: mri_concat  ProgramArguments: mri_concat -all-info  ProgramVersion: 7.3.2  TimeStamp: 2026/03/09-00:09:19-GMT  BuildTime: Aug  4 2022 06:17:15  BuildStamp: freesurfer-linux-ubuntu22_x86_64-7.3.2-20220804-6354275  User: oesteban  Machine: dna071  Platform: Linux  PlatformVersion: 5.14.0-427.37.1.el9_4.x86_64  CompilerName: GCC  CompilerVersion: 8.4.0
ProgramName: mri_concatenate_lta  ProgramArguments: mri_concatenate_lta -all-info  ProgramVersion: 7.3.2  TimeStamp: 2026/03/09-00:09:19-GMT  BuildTime: Aug  4 2022 06:17:15  BuildStamp: freesurfer-linux-ubuntu22_x86_64-7.3.2-20220804-6354275  User: oesteban  Machine: dna071  Platform: Linux  PlatformVersion: 5.14.0-427.37.1.el9_4.x86_64  CompilerName: GCC  CompilerVersion: 8.4.0
mri_convert -all-info 
ProgramName: mri_convert  ProgramArguments: mri_convert -all-info  ProgramVersion: 7.3.2  TimeStamp: 2026/03/09-00:09:19-GMT  BuildTime: Aug  4 2022 06:17:15  BuildStamp: freesurfer-linux-ubuntu22_x86_64-7.3.2-20220804-6354275  User: oesteban  Machine: dna071  Platform: Linux  PlatformVersion: 5.14.0-427.37.1.el9_4.x86_64  CompilerName: GCC  CompilerVersion: 8.4.0
ProgramName: mri_diff  ProgramArguments: mri_diff -all-info  ProgramVersion: 7.3.2  TimeStamp: 2026/03/09-00:09:19-GMT  BuildTime: Aug  4 2022 06:17:15  BuildStamp: freesurfer-linux-ubuntu22_x86_64-7.3.2-20220804-6354275  User: oesteban  Machine: dna071  Platform: Linux  PlatformVersion: 5.14.0-427.37.1.el9_4.x86_64  CompilerName: GCC  CompilerVersion: 8.4.0
ProgramName: mri_edit_wm_with_aseg  ProgramArguments: mri_edit_wm_with_aseg -all-info  ProgramVersion: 7.3.2  TimeStamp: 2026/03/09-00:09:19-GMT  BuildTime: Aug  4 2022 06:17:15  BuildStamp: freesurfer-linux-ubuntu22_x86_64-7.3.2-20220804-6354275  User: oesteban  Machine: dna071  Platform: Linux  PlatformVersion: 5.14.0-427.37.1.el9_4.x86_64  CompilerName: GCC  CompilerVersion: 8.4.0
ProgramName: mri_em_register  ProgramArguments: mri_em_register -all-info  ProgramVersion: 7.3.2  TimeStamp: 2026/03/09-00:09:19-GMT  BuildTime: Aug  4 2022 06:17:15  BuildStamp: freesurfer-linux-ubuntu22_x86_64-7.3.2-20220804-6354275  User: oesteban  Machine: dna071  Platform: Linux  PlatformVersion: 5.14.0-427.37.1.el9_4.x86_64  CompilerName: GCC  CompilerVersion: 8.4.0
ProgramName: mri_fill  ProgramArguments: mri_fill -all-info  ProgramVersion: 7.3.2  TimeStamp: 2026/03/09-00:09:19-GMT  BuildTime: Aug  4 2022 06:17:15  BuildStamp: freesurfer-linux-ubuntu22_x86_64-7.3.2-20220804-6354275  User: oesteban  Machine: dna071  Platform: Linux  PlatformVersion: 5.14.0-427.37.1.el9_4.x86_64  CompilerName: GCC  CompilerVersion: 8.4.0
ProgramName: mri_fuse_segmentations  ProgramArguments: mri_fuse_segmentations -all-info  ProgramVersion: 7.3.2  TimeStamp: 2026/03/09-00:09:19-GMT  BuildTime: Aug  4 2022 06:17:15  BuildStamp: freesurfer-linux-ubuntu22_x86_64-7.3.2-20220804-6354275  User: oesteban  Machine: dna071  Platform: Linux  PlatformVersion: 5.14.0-427.37.1.el9_4.x86_64  CompilerName: GCC  CompilerVersion: 8.4.0
ProgramName: mri_fwhm  ProgramArguments: mri_fwhm -all-info  ProgramVersion: 7.3.2  TimeStamp: 2026/03/09-00:09:19-GMT  BuildTime: Aug  4 2022 06:17:15  BuildStamp: freesurfer-linux-ubuntu22_x86_64-7.3.2-20220804-6354275  User: oesteban  Machine: dna071  Platform: Linux  PlatformVersion: 5.14.0-427.37.1.el9_4.x86_64  CompilerName: GCC  CompilerVersion: 8.4.0
ProgramName: mri_gcut  ProgramArguments: mri_gcut -all-info  ProgramVersion: 7.3.2  TimeStamp: 2026/03/09-00:09:19-GMT  BuildTime: Aug  4 2022 06:17:15  BuildStamp: freesurfer-linux-ubuntu22_x86_64-7.3.2-20220804-6354275  User: oesteban  Machine: dna071  Platform: Linux  PlatformVersion: 5.14.0-427.37.1.el9_4.x86_64  CompilerName: GCC  CompilerVersion: 8.4.0
ProgramName: mri_info  ProgramArguments: mri_info -all-info  ProgramVersion: 7.3.2  TimeStamp: 2026/03/09-00:09:19-GMT  BuildTime: Aug  4 2022 06:17:15  BuildStamp: freesurfer-linux-ubuntu22_x86_64-7.3.2-20220804-6354275  User: oesteban  Machine: dna071  Platform: Linux  PlatformVersion: 5.14.0-427.37.1.el9_4.x86_64  CompilerName: GCC  CompilerVersion: 8.4.0
ProgramName: mri_label2label  ProgramArguments: mri_label2label -all-info  ProgramVersion: 7.3.2  TimeStamp: 2026/03/09-00:09:19-GMT  BuildTime: Aug  4 2022 06:17:15  BuildStamp: freesurfer-linux-ubuntu22_x86_64-7.3.2-20220804-6354275  User: oesteban  Machine: dna071  Platform: Linux  PlatformVersion: 5.14.0-427.37.1.el9_4.x86_64  CompilerName: GCC  CompilerVersion: 8.4.0
ProgramName: mri_label2vol  ProgramArguments: mri_label2vol -all-info  ProgramVersion: 7.3.2  TimeStamp: 2026/03/09-00:09:19-GMT  BuildTime: Aug  4 2022 06:17:15  BuildStamp: freesurfer-linux-ubuntu22_x86_64-7.3.2-20220804-6354275  User: oesteban  Machine: dna071  Platform: Linux  PlatformVersion: 5.14.0-427.37.1.el9_4.x86_64  CompilerName: GCC  CompilerVersion: 8.4.0
ProgramName: mri_log_likelihood  ProgramArguments: mri_log_likelihood -all-info  ProgramVersion: 7.3.2  TimeStamp: 2026/03/09-00:09:19-GMT  BuildTime: Aug  4 2022 06:17:15  BuildStamp: freesurfer-linux-ubuntu22_x86_64-7.3.2-20220804-6354275  User: oesteban  Machine: dna071  Platform: Linux  PlatformVersion: 5.14.0-427.37.1.el9_4.x86_64  CompilerName: GCC  CompilerVersion: 8.4.0
ProgramName: mri_mask  ProgramArguments: mri_mask -all-info  ProgramVersion: 7.3.2  TimeStamp: 2026/03/09-00:09:19-GMT  BuildTime: Aug  4 2022 06:17:15  BuildStamp: freesurfer-linux-ubuntu22_x86_64-7.3.2-20220804-6354275  User: oesteban  Machine: dna071  Platform: Linux  PlatformVersion: 5.14.0-427.37.1.el9_4.x86_64  CompilerName: GCC  CompilerVersion: 8.4.0
ProgramName: mri_matrix_multiply  ProgramArguments: mri_matrix_multiply -all-info  ProgramVersion: 7.3.2  TimeStamp: 2026/03/09-00:09:19-GMT  BuildTime: Aug  4 2022 06:17:15  BuildStamp: freesurfer-linux-ubuntu22_x86_64-7.3.2-20220804-6354275  User: oesteban  Machine: dna071  Platform: Linux  PlatformVersion: 5.14.0-427.37.1.el9_4.x86_64  CompilerName: GCC  CompilerVersion: 8.4.0
ProgramName: mri_normalize  ProgramArguments: mri_normalize -all-info  ProgramVersion: 7.3.2  TimeStamp: 2026/03/09-00:09:19-GMT  BuildTime: Aug  4 2022 06:17:15  BuildStamp: freesurfer-linux-ubuntu22_x86_64-7.3.2-20220804-6354275  User: oesteban  Machine: dna071  Platform: Linux  PlatformVersion: 5.14.0-427.37.1.el9_4.x86_64  CompilerName: GCC  CompilerVersion: 8.4.0
ProgramName: mri_normalize_tp2  ProgramArguments: mri_normalize_tp2 -all-info  ProgramVersion: 7.3.2  TimeStamp: 2026/03/09-00:09:19-GMT  BuildTime: Aug  4 2022 06:17:15  BuildStamp: freesurfer-linux-ubuntu22_x86_64-7.3.2-20220804-6354275  User: oesteban  Machine: dna071  Platform: Linux  PlatformVersion: 5.14.0-427.37.1.el9_4.x86_64  CompilerName: GCC  CompilerVersion: 8.4.0
ProgramName: mri_or  ProgramArguments: mri_or -all-info  ProgramVersion: 7.3.2  TimeStamp: 2026/03/09-00:09:19-GMT  BuildTime: Aug  4 2022 06:17:15  BuildStamp: freesurfer-linux-ubuntu22_x86_64-7.3.2-20220804-6354275  User: oesteban  Machine: dna071  Platform: Linux  PlatformVersion: 5.14.0-427.37.1.el9_4.x86_64  CompilerName: GCC  CompilerVersion: 8.4.0
ProgramName: mri_relabel_hypointensities  ProgramArguments: mri_relabel_hypointensities -all-info  ProgramVersion: 7.3.2  TimeStamp: 2026/03/09-00:09:19-GMT  BuildTime: Aug  4 2022 06:17:15  BuildStamp: freesurfer-linux-ubuntu22_x86_64-7.3.2-20220804-6354275  User: oesteban  Machine: dna071  Platform: Linux  PlatformVersion: 5.14.0-427.37.1.el9_4.x86_64  CompilerName: GCC  CompilerVersion: 8.4.0
ProgramName: mri_relabel_nonwm_hypos  ProgramArguments: mri_relabel_nonwm_hypos -all-info  ProgramVersion: 7.3.2  TimeStamp: 2026/03/09-00:09:19-GMT  BuildTime: Aug  4 2022 06:17:15  BuildStamp: freesurfer-linux-ubuntu22_x86_64-7.3.2-20220804-6354275  User: oesteban  Machine: dna071  Platform: Linux  PlatformVersion: 5.14.0-427.37.1.el9_4.x86_64  CompilerName: GCC  CompilerVersion: 8.4.0
ProgramName: mri_remove_neck  ProgramArguments: mri_remove_neck -all-info  ProgramVersion: 7.3.2  TimeStamp: 2026/03/09-00:09:19-GMT  BuildTime: Aug  4 2022 06:17:15  BuildStamp: freesurfer-linux-ubuntu22_x86_64-7.3.2-20220804-6354275  User: oesteban  Machine: dna071  Platform: Linux  PlatformVersion: 5.14.0-427.37.1.el9_4.x86_64  CompilerName: GCC  CompilerVersion: 8.4.0
7.3.2

ProgramName: mri_robust_register  ProgramArguments: mri_robust_register -all-info  ProgramVersion: 7.3.2  TimeStamp: 2026/03/09-00:09:19-GMT  BuildTime: Aug  4 2022 06:17:15  BuildStamp: freesurfer-linux-ubuntu22_x86_64-7.3.2-20220804-6354275  User: oesteban  Machine: dna071  Platform: Linux  PlatformVersion: 5.14.0-427.37.1.el9_4.x86_64  CompilerName: GCC  CompilerVersion: 8.4.0
7.3.2

ProgramName: mri_robust_template  ProgramArguments: mri_robust_template -all-info  ProgramVersion: 7.3.2  TimeStamp: 2026/03/09-00:09:19-GMT  BuildTime: Aug  4 2022 06:17:15  BuildStamp: freesurfer-linux-ubuntu22_x86_64-7.3.2-20220804-6354275  User: oesteban  Machine: dna071  Platform: Linux  PlatformVersion: 5.14.0-427.37.1.el9_4.x86_64  CompilerName: GCC  CompilerVersion: 8.4.0
ProgramName: mris_anatomical_stats  ProgramArguments: mris_anatomical_stats -all-info  ProgramVersion: 7.3.2  TimeStamp: 2026/03/09-00:09:19-GMT  BuildTime: Aug  4 2022 06:17:15  BuildStamp: freesurfer-linux-ubuntu22_x86_64-7.3.2-20220804-6354275  User: oesteban  Machine: dna071  Platform: Linux  PlatformVersion: 5.14.0-427.37.1.el9_4.x86_64  CompilerName: GCC  CompilerVersion: 8.4.0
ProgramName: mris_ca_label  ProgramArguments: mris_ca_label -all-info  ProgramVersion: 7.3.2  TimeStamp: 2026/03/09-00:09:19-GMT  BuildTime: Aug  4 2022 06:17:15  BuildStamp: freesurfer-linux-ubuntu22_x86_64-7.3.2-20220804-6354275  User: oesteban  Machine: dna071  Platform: Linux  PlatformVersion: 5.14.0-427.37.1.el9_4.x86_64  CompilerName: GCC  CompilerVersion: 8.4.0
ProgramName: mris_calc  ProgramArguments: mris_calc -all-info  ProgramVersion: 7.3.2  TimeStamp: 2026/03/09-00:09:19-GMT  BuildTime: Aug  4 2022 06:17:15  BuildStamp: freesurfer-linux-ubuntu22_x86_64-7.3.2-20220804-6354275  User: oesteban  Machine: dna071  Platform: Linux  PlatformVersion: 5.14.0-427.37.1.el9_4.x86_64  CompilerName: GCC  CompilerVersion: 8.4.0
ProgramName: mris_convert  ProgramArguments: mris_convert -all-info  ProgramVersion: 7.3.2  TimeStamp: 2026/03/09-00:09:19-GMT  BuildTime: Aug  4 2022 06:17:15  BuildStamp: freesurfer-linux-ubuntu22_x86_64-7.3.2-20220804-6354275  User: oesteban  Machine: dna071  Platform: Linux  PlatformVersion: 5.14.0-427.37.1.el9_4.x86_64  CompilerName: GCC  CompilerVersion: 8.4.0
ProgramName: mris_curvature  ProgramArguments: mris_curvature -all-info  ProgramVersion: 7.3.2  TimeStamp: 2026/03/09-00:09:19-GMT  BuildTime: Aug  4 2022 06:17:15  BuildStamp: freesurfer-linux-ubuntu22_x86_64-7.3.2-20220804-6354275  User: oesteban  Machine: dna071  Platform: Linux  PlatformVersion: 5.14.0-427.37.1.el9_4.x86_64  CompilerName: GCC  CompilerVersion: 8.4.0
ProgramName: mris_curvature_stats  ProgramArguments: mris_curvature_stats -all-info  ProgramVersion: 7.3.2  TimeStamp: 2026/03/09-00:09:19-GMT  BuildTime: Aug  4 2022 06:17:15  BuildStamp: freesurfer-linux-ubuntu22_x86_64-7.3.2-20220804-6354275  User: oesteban  Machine: dna071  Platform: Linux  PlatformVersion: 5.14.0-427.37.1.el9_4.x86_64  CompilerName: GCC  CompilerVersion: 8.4.0
ProgramName: mris_diff  ProgramArguments: mris_diff -all-info  ProgramVersion: 7.3.2  TimeStamp: 2026/03/09-00:09:19-GMT  BuildTime: Aug  4 2022 06:17:15  BuildStamp: freesurfer-linux-ubuntu22_x86_64-7.3.2-20220804-6354275  User: oesteban  Machine: dna071  Platform: Linux  PlatformVersion: 5.14.0-427.37.1.el9_4.x86_64  CompilerName: GCC  CompilerVersion: 8.4.0
ProgramName: mris_divide_parcellation  ProgramArguments: mris_divide_parcellation -all-info  ProgramVersion: 7.3.2  TimeStamp: 2026/03/09-00:09:19-GMT  BuildTime: Aug  4 2022 06:17:15  BuildStamp: freesurfer-linux-ubuntu22_x86_64-7.3.2-20220804-6354275  User: oesteban  Machine: dna071  Platform: Linux  PlatformVersion: 5.14.0-427.37.1.el9_4.x86_64  CompilerName: GCC  CompilerVersion: 8.4.0
ProgramName: mri_segment  ProgramArguments: mri_segment -all-info  ProgramVersion: 7.3.2  TimeStamp: 2026/03/09-00:09:19-GMT  BuildTime: Aug  4 2022 06:17:15  BuildStamp: freesurfer-linux-ubuntu22_x86_64-7.3.2-20220804-6354275  User: oesteban  Machine: dna071  Platform: Linux  PlatformVersion: 5.14.0-427.37.1.el9_4.x86_64  CompilerName: GCC  CompilerVersion: 8.4.0
ProgramName: mri_segstats  ProgramArguments: mri_segstats -all-info  ProgramVersion: 7.3.2  TimeStamp: 2026/03/09-00:09:19-GMT  BuildTime: Aug  4 2022 06:17:15  BuildStamp: freesurfer-linux-ubuntu22_x86_64-7.3.2-20220804-6354275  User: oesteban  Machine: dna071  Platform: Linux  PlatformVersion: 5.14.0-427.37.1.el9_4.x86_64  CompilerName: GCC  CompilerVersion: 8.4.0
ProgramName: mris_euler_number  ProgramArguments: mris_euler_number -all-info  ProgramVersion: 7.3.2  TimeStamp: 2026/03/09-00:09:19-GMT  BuildTime: Aug  4 2022 06:17:15  BuildStamp: freesurfer-linux-ubuntu22_x86_64-7.3.2-20220804-6354275  User: oesteban  Machine: dna071  Platform: Linux  PlatformVersion: 5.14.0-427.37.1.el9_4.x86_64  CompilerName: GCC  CompilerVersion: 8.4.0
ProgramName: mris_fix_topology  ProgramArguments: mris_fix_topology -all-info  ProgramVersion: 7.3.2  TimeStamp: 2026/03/09-00:09:19-GMT  BuildTime: Aug  4 2022 06:17:15  BuildStamp: freesurfer-linux-ubuntu22_x86_64-7.3.2-20220804-6354275  User: oesteban  Machine: dna071  Platform: Linux  PlatformVersion: 5.14.0-427.37.1.el9_4.x86_64  CompilerName: GCC  CompilerVersion: 8.4.0
ProgramName: mris_topo_fixer  ProgramArguments: mris_topo_fixer -all-info  ProgramVersion: 7.3.2  TimeStamp: 2026/03/09-00:09:19-GMT  BuildTime: Aug  4 2022 06:17:15  BuildStamp: freesurfer-linux-ubuntu22_x86_64-7.3.2-20220804-6354275  User: oesteban  Machine: dna071  Platform: Linux  PlatformVersion: 5.14.0-427.37.1.el9_4.x86_64  CompilerName: GCC  CompilerVersion: 8.4.0
ProgramName: mris_jacobian  ProgramArguments: mris_jacobian -all-info  ProgramVersion: 7.3.2  TimeStamp: 2026/03/09-00:09:19-GMT  BuildTime: Aug  4 2022 06:17:15  BuildStamp: freesurfer-linux-ubuntu22_x86_64-7.3.2-20220804-6354275  User: oesteban  Machine: dna071  Platform: Linux  PlatformVersion: 5.14.0-427.37.1.el9_4.x86_64  CompilerName: GCC  CompilerVersion: 8.4.0
ProgramName: mris_label2annot  ProgramArguments: mris_label2annot -all-info  ProgramVersion: 7.3.2  TimeStamp: 2026/03/09-00:09:19-GMT  BuildTime: Aug  4 2022 06:17:15  BuildStamp: freesurfer-linux-ubuntu22_x86_64-7.3.2-20220804-6354275  User: oesteban  Machine: dna071  Platform: Linux  PlatformVersion: 5.14.0-427.37.1.el9_4.x86_64  CompilerName: GCC  CompilerVersion: 8.4.0
ProgramName: mris_left_right_register  ProgramArguments: mris_left_right_register -all-info  ProgramVersion: 7.3.2  TimeStamp: 2026/03/09-00:09:19-GMT  BuildTime: Aug  4 2022 06:17:15  BuildStamp: freesurfer-linux-ubuntu22_x86_64-7.3.2-20220804-6354275  User: oesteban  Machine: dna071  Platform: Linux  PlatformVersion: 5.14.0-427.37.1.el9_4.x86_64  CompilerName: GCC  CompilerVersion: 8.4.0
ProgramName: mris_place_surface  ProgramArguments: mris_place_surface -all-info  ProgramVersion: 7.3.2  TimeStamp: 2026/03/09-00:09:19-GMT  BuildTime: Aug  4 2022 06:17:15  BuildStamp: freesurfer-linux-ubuntu22_x86_64-7.3.2-20220804-6354275  User: oesteban  Machine: dna071  Platform: Linux  PlatformVersion: 5.14.0-427.37.1.el9_4.x86_64  CompilerName: GCC  CompilerVersion: 8.4.0
ProgramName: mrisp_paint  ProgramArguments: mrisp_paint -all-info  ProgramVersion: 7.3.2  TimeStamp: 2026/03/09-00:09:19-GMT  BuildTime: Aug  4 2022 06:17:15  BuildStamp: freesurfer-linux-ubuntu22_x86_64-7.3.2-20220804-6354275  User: oesteban  Machine: dna071  Platform: Linux  PlatformVersion: 5.14.0-427.37.1.el9_4.x86_64  CompilerName: GCC  CompilerVersion: 8.4.0
ProgramName: mris_register  ProgramArguments: mris_register -all-info  ProgramVersion: 7.3.2  TimeStamp: 2026/03/09-00:09:19-GMT  BuildTime: Aug  4 2022 06:17:15  BuildStamp: freesurfer-linux-ubuntu22_x86_64-7.3.2-20220804-6354275  User: oesteban  Machine: dna071  Platform: Linux  PlatformVersion: 5.14.0-427.37.1.el9_4.x86_64  CompilerName: GCC  CompilerVersion: 8.4.0
ProgramName: mris_smooth  ProgramArguments: mris_smooth -all-info  ProgramVersion: 7.3.2  TimeStamp: 2026/03/09-00:09:19-GMT  BuildTime: Aug  4 2022 06:17:15  BuildStamp: freesurfer-linux-ubuntu22_x86_64-7.3.2-20220804-6354275  User: oesteban  Machine: dna071  Platform: Linux  PlatformVersion: 5.14.0-427.37.1.el9_4.x86_64  CompilerName: GCC  CompilerVersion: 8.4.0
ProgramName: mris_sphere  ProgramArguments: mris_sphere -all-info  ProgramVersion: 7.3.2  TimeStamp: 2026/03/09-00:09:19-GMT  BuildTime: Aug  4 2022 06:17:15  BuildStamp: freesurfer-linux-ubuntu22_x86_64-7.3.2-20220804-6354275  User: oesteban  Machine: dna071  Platform: Linux  PlatformVersion: 5.14.0-427.37.1.el9_4.x86_64  CompilerName: GCC  CompilerVersion: 8.4.0
ProgramName: mris_surface_stats  ProgramArguments: mris_surface_stats -all-info  ProgramVersion: 7.3.2  TimeStamp: 2026/03/09-00:09:19-GMT  BuildTime: Aug  4 2022 06:17:15  BuildStamp: freesurfer-linux-ubuntu22_x86_64-7.3.2-20220804-6354275  User: oesteban  Machine: dna071  Platform: Linux  PlatformVersion: 5.14.0-427.37.1.el9_4.x86_64  CompilerName: GCC  CompilerVersion: 8.4.0
ProgramName: mri_stats2seg  ProgramArguments: mri_stats2seg -all-info  ProgramVersion: 7.3.2  TimeStamp: 2026/03/09-00:09:19-GMT  BuildTime: Aug  4 2022 06:17:15  BuildStamp: freesurfer-linux-ubuntu22_x86_64-7.3.2-20220804-6354275  User: oesteban  Machine: dna071  Platform: Linux  PlatformVersion: 5.14.0-427.37.1.el9_4.x86_64  CompilerName: GCC  CompilerVersion: 8.4.0
ProgramName: mris_thickness  ProgramArguments: mris_thickness -all-info  ProgramVersion: 7.3.2  TimeStamp: 2026/03/09-00:09:19-GMT  BuildTime: Aug  4 2022 06:17:15  BuildStamp: freesurfer-linux-ubuntu22_x86_64-7.3.2-20220804-6354275  User: oesteban  Machine: dna071  Platform: Linux  PlatformVersion: 5.14.0-427.37.1.el9_4.x86_64  CompilerName: GCC  CompilerVersion: 8.4.0
ProgramName: mris_thickness_diff  ProgramArguments: mris_thickness_diff -all-info  ProgramVersion: 7.3.2  TimeStamp: 2026/03/09-00:09:19-GMT  BuildTime: Aug  4 2022 06:17:15  BuildStamp: freesurfer-linux-ubuntu22_x86_64-7.3.2-20220804-6354275  User: oesteban  Machine: dna071  Platform: Linux  PlatformVersion: 5.14.0-427.37.1.el9_4.x86_64  CompilerName: GCC  CompilerVersion: 8.4.0
ProgramName: mris_topo_fixer  ProgramArguments: mris_topo_fixer -all-info  ProgramVersion: 7.3.2  TimeStamp: 2026/03/09-00:09:19-GMT  BuildTime: Aug  4 2022 06:17:15  BuildStamp: freesurfer-linux-ubuntu22_x86_64-7.3.2-20220804-6354275  User: oesteban  Machine: dna071  Platform: Linux  PlatformVersion: 5.14.0-427.37.1.el9_4.x86_64  CompilerName: GCC  CompilerVersion: 8.4.0
ProgramName: mri_surf2surf  ProgramArguments: mri_surf2surf -all-info  ProgramVersion: 7.3.2  TimeStamp: 2026/03/09-00:09:19-GMT  BuildTime: Aug  4 2022 06:17:15  BuildStamp: freesurfer-linux-ubuntu22_x86_64-7.3.2-20220804-6354275  User: oesteban  Machine: dna071  Platform: Linux  PlatformVersion: 5.14.0-427.37.1.el9_4.x86_64  CompilerName: GCC  CompilerVersion: 8.4.0
ProgramName: mri_surf2vol  ProgramArguments: mri_surf2vol -all-info  ProgramVersion: 7.3.2  TimeStamp: 2026/03/09-00:09:19-GMT  BuildTime: Aug  4 2022 06:17:15  BuildStamp: freesurfer-linux-ubuntu22_x86_64-7.3.2-20220804-6354275  User: oesteban  Machine: dna071  Platform: Linux  PlatformVersion: 5.14.0-427.37.1.el9_4.x86_64  CompilerName: GCC  CompilerVersion: 8.4.0
ProgramName: mri_surfcluster  ProgramArguments: mri_surfcluster -all-info  ProgramVersion: 7.3.2  TimeStamp: 2026/03/09-00:09:19-GMT  BuildTime: Aug  4 2022 06:17:15  BuildStamp: freesurfer-linux-ubuntu22_x86_64-7.3.2-20220804-6354275  User: oesteban  Machine: dna071  Platform: Linux  PlatformVersion: 5.14.0-427.37.1.el9_4.x86_64  CompilerName: GCC  CompilerVersion: 8.4.0
ProgramName: mris_volmask  ProgramArguments: mris_volmask -all-info  ProgramVersion: 7.3.2  TimeStamp: 2026/03/09-00:09:19-GMT  BuildTime: Aug  4 2022 06:17:15  BuildStamp: freesurfer-linux-ubuntu22_x86_64-7.3.2-20220804-6354275  User: oesteban  Machine: dna071  Platform: Linux  PlatformVersion: 5.14.0-427.37.1.el9_4.x86_64  CompilerName: GCC  CompilerVersion: 8.4.0
ProgramName: mri_tessellate  ProgramArguments: mri_tessellate -all-info  ProgramVersion: 7.3.2  TimeStamp: 2026/03/09-00:09:19-GMT  BuildTime: Aug  4 2022 06:17:15  BuildStamp: freesurfer-linux-ubuntu22_x86_64-7.3.2-20220804-6354275  User: oesteban  Machine: dna071  Platform: Linux  PlatformVersion: 5.14.0-427.37.1.el9_4.x86_64  CompilerName: GCC  CompilerVersion: 8.4.0
ProgramName: mri_vol2surf  ProgramArguments: mri_vol2surf -all-info  ProgramVersion: 7.3.2  TimeStamp: 2026/03/09-00:09:19-GMT  BuildTime: Aug  4 2022 06:17:15  BuildStamp: freesurfer-linux-ubuntu22_x86_64-7.3.2-20220804-6354275  User: oesteban  Machine: dna071  Platform: Linux  PlatformVersion: 5.14.0-427.37.1.el9_4.x86_64  CompilerName: GCC  CompilerVersion: 8.4.0
ProgramName: mri_vol2vol  ProgramArguments: mri_vol2vol -all-info  ProgramVersion: 7.3.2  TimeStamp: 2026/03/09-00:09:19-GMT  BuildTime: Aug  4 2022 06:17:15  BuildStamp: freesurfer-linux-ubuntu22_x86_64-7.3.2-20220804-6354275  User: oesteban  Machine: dna071  Platform: Linux  PlatformVersion: 5.14.0-427.37.1.el9_4.x86_64  CompilerName: GCC  CompilerVersion: 8.4.0
ProgramName: mri_voldiff  ProgramArguments: mri_voldiff -all-info  ProgramVersion: 7.3.2  TimeStamp: 2026/03/09-00:09:19-GMT  BuildTime: Aug  4 2022 06:17:15  BuildStamp: freesurfer-linux-ubuntu22_x86_64-7.3.2-20220804-6354275  User: oesteban  Machine: dna071  Platform: Linux  PlatformVersion: 5.14.0-427.37.1.el9_4.x86_64  CompilerName: GCC  CompilerVersion: 8.4.0
ProgramName: mri_watershed  ProgramArguments: mri_watershed -all-info  ProgramVersion: 7.3.2  TimeStamp: 2026/03/09-00:09:19-GMT  BuildTime: Aug  4 2022 06:17:15  BuildStamp: freesurfer-linux-ubuntu22_x86_64-7.3.2-20220804-6354275  User: oesteban  Machine: dna071  Platform: Linux  PlatformVersion: 5.14.0-427.37.1.el9_4.x86_64  CompilerName: GCC  CompilerVersion: 8.4.0
ProgramName: tkregister2  ProgramArguments: tkregister2_cmdl -all-info  ProgramVersion: 7.3.2  TimeStamp: 2026/03/09-00:09:19-GMT  BuildTime: Aug  4 2022 06:17:15  BuildStamp: freesurfer-linux-ubuntu22_x86_64-7.3.2-20220804-6354275  User: oesteban  Machine: dna071  Platform: Linux  PlatformVersion: 5.14.0-427.37.1.el9_4.x86_64  CompilerName: GCC  CompilerVersion: 8.4.0
mri_motion_correct.fsl 7.3.2
mri_convert -all-info 
ProgramName: mri_convert  ProgramArguments: mri_convert -all-info  ProgramVersion: 7.3.2  TimeStamp: 2026/03/09-00:09:19-GMT  BuildTime: Aug  4 2022 06:17:15  BuildStamp: freesurfer-linux-ubuntu22_x86_64-7.3.2-20220804-6354275  User: oesteban  Machine: dna071  Platform: Linux  PlatformVersion: 5.14.0-427.37.1.el9_4.x86_64  CompilerName: GCC  CompilerVersion: 8.4.0
Program nu_correct, built from:
Package MNI N3, version 1.12.0, compiled by nicks@terrier (x86_64-unknown-linux-gnu) on 2015-06-19 at 01:25:34
#######################################
GCADIR /opt/freesurfer/average
GCA RB_all_2020-01-02.gca
GCASkull RB_all_withskull_2020_01_02.gca
AvgCurvTif folding.atlas.acfb40.noaparc.i12.2016-08-02.tif
GCSDIR /opt/freesurfer/average
GCS DKaparc.atlas.acfb40.noaparc.i12.2016-08-02.gcs
#######################################
#--------------------------------------------
#@# Tessellate lh Mon Mar  9 01:09:19 CET 2026
/out/sourcedata/freesurfer/sub-v1s16x0051187_ses-1/scripts

 mri_pretess ../mri/filled.mgz 255 ../mri/norm.mgz ../mri/filled-pretess255.mgz 


Iteration Number : 1
pass   1 (xy+):   1 found -   1 modified     |    TOTAL:   1
pass   2 (xy+):   0 found -   1 modified     |    TOTAL:   1
pass   1 (xy-):   2 found -   2 modified     |    TOTAL:   3
pass   2 (xy-):   0 found -   2 modified     |    TOTAL:   3
pass   1 (yz+):   5 found -   5 modified     |    TOTAL:   8
pass   2 (yz+):   0 found -   5 modified     |    TOTAL:   8
pass   1 (yz-):   5 found -   5 modified     |    TOTAL:  13
pass   2 (yz-):   0 found -   5 modified     |    TOTAL:  13
pass   1 (xz+):   2 found -   2 modified     |    TOTAL:  15
pass   2 (xz+):   0 found -   2 modified     |    TOTAL:  15
pass   1 (xz-):   1 found -   1 modified     |    TOTAL:  16
pass   2 (xz-):   0 found -   1 modified     |    TOTAL:  16
Iteration Number : 1
pass   1 (+++):   0 found -   0 modified     |    TOTAL:   0
pass   1 (+++):   0 found -   0 modified     |    TOTAL:   0
pass   1 (+++):   0 found -   0 modified     |    TOTAL:   0
pass   1 (+++):   0 found -   0 modified     |    TOTAL:   0
Iteration Number : 1
pass   1 (++):   0 found -   0 modified     |    TOTAL:   0
pass   1 (+-):   0 found -   0 modified     |    TOTAL:   0
pass   1 (--):   0 found -   0 modified     |    TOTAL:   0
pass   1 (-+):   0 found -   0 modified     |    TOTAL:   0
Iteration Number : 2
pass   1 (xy+):   0 found -   0 modified     |    TOTAL:   0
pass   1 (xy-):   0 found -   0 modified     |    TOTAL:   0
pass   1 (yz+):   0 found -   0 modified     |    TOTAL:   0
pass   1 (yz-):   0 found -   0 modified     |    TOTAL:   0
pass   1 (xz+):   0 found -   0 modified     |    TOTAL:   0
pass   1 (xz-):   0 found -   0 modified     |    TOTAL:   0
Iteration Number : 2
pass   1 (+++):   0 found -   0 modified     |    TOTAL:   0
pass   1 (+++):   0 found -   0 modified     |    TOTAL:   0
pass   1 (+++):   0 found -   0 modified     |    TOTAL:   0
pass   1 (+++):   0 found -   0 modified     |    TOTAL:   0
Iteration Number : 2
pass   1 (++):   0 found -   0 modified     |    TOTAL:   0
pass   1 (+-):   0 found -   0 modified     |    TOTAL:   0
pass   1 (--):   0 found -   0 modified     |    TOTAL:   0
pass   1 (-+):   0 found -   0 modified     |    TOTAL:   0

Total Number of Modified Voxels = 16 (out of 225626: 0.007091)
Ambiguous edge configurations... 

mri_pretess done


 mri_tessellate ../mri/filled-pretess255.mgz 255 ../surf/lh.orig.nofix 

7.3.2
  7.3.2
slice 50: 2839 vertices, 2953 faces
slice 60: 7312 vertices, 7525 faces
slice 70: 14553 vertices, 14818 faces
slice 80: 22251 vertices, 22568 faces
slice 90: 31686 vertices, 32037 faces
slice 100: 41245 vertices, 41548 faces
slice 110: 51745 vertices, 52143 faces
slice 120: 63450 vertices, 63831 faces
slice 130: 74853 vertices, 75265 faces
slice 140: 85457 vertices, 85850 faces
slice 150: 94987 vertices, 95355 faces
slice 160: 102304 vertices, 102616 faces
slice 170: 109490 vertices, 109814 faces
slice 180: 115955 vertices, 116251 faces
slice 190: 120898 vertices, 121152 faces
slice 200: 124810 vertices, 124972 faces
slice 210: 125934 vertices, 126018 faces
slice 220: 125934 vertices, 126018 faces
slice 230: 125934 vertices, 126018 faces
slice 240: 125934 vertices, 126018 faces
slice 250: 125934 vertices, 126018 faces
using the conformed surface RAS to save vertex points...
writing ../surf/lh.orig.nofix
using vox2ras matrix:
-1.00000   0.00000   0.00000   128.00000;
 0.00000   0.00000   1.00000  -128.00000;
 0.00000  -1.00000   0.00000   128.00000;
 0.00000   0.00000   0.00000   1.00000;

 rm -f ../mri/filled-pretess255.mgz 


 mris_extract_main_component ../surf/lh.orig.nofix ../surf/lh.orig.nofix 


counting number of connected components...
   125934 voxel in cpt #1: X=-84 [v=125934,e=378054,f=252036] located at (-30.764250, -8.485294, 34.942154)
For the whole surface: X=-84 [v=125934,e=378054,f=252036]
One single component has been found
nothing to do
done

#--------------------------------------------
#@# Smooth1 lh Mon Mar  9 01:09:21 CET 2026
/out/sourcedata/freesurfer/sub-v1s16x0051187_ses-1/scripts

 mris_smooth -nw -seed 1234 ../surf/lh.orig.nofix ../surf/lh.smoothwm.nofix 

setting seed for random number generator to 1234
smoothing surface tessellation for 10 iterations...
smoothing complete - recomputing first and second fundamental forms...
#--------------------------------------------
#@# Inflation1 lh Mon Mar  9 01:09:23 CET 2026
/out/sourcedata/freesurfer/sub-v1s16x0051187_ses-1/scripts

 mris_inflate -no-save-sulc ../surf/lh.smoothwm.nofix ../surf/lh.inflated.nofix 

Not saving sulc
Reading ../surf/lh.smoothwm.nofix
avg radius = 45.5 mm, total surface area = 67210 mm^2
step 000: RMS=0.159 (target=0.015)   step 005: RMS=0.122 (target=0.015)   step 010: RMS=0.094 (target=0.015)   step 015: RMS=0.082 (target=0.015)   step 020: RMS=0.074 (target=0.015)   step 025: RMS=0.069 (target=0.015)   step 030: RMS=0.063 (target=0.015)   step 035: RMS=0.058 (target=0.015)   step 040: RMS=0.055 (target=0.015)   step 045: RMS=0.054 (target=0.015)   step 050: RMS=0.054 (target=0.015)   step 055: RMS=0.054 (target=0.015)   step 060: RMS=0.054 (target=0.015)   writing inflated surface to ../surf/lh.inflated.nofix
inflation took 0.2 minutes

inflation complete.
Not saving sulc
mris_inflate utimesec    63.989441
mris_inflate stimesec    1.942181
mris_inflate ru_maxrss   199832
mris_inflate ru_ixrss    0
mris_inflate ru_idrss    0
mris_inflate ru_isrss    0
mris_inflate ru_minflt   531544
mris_inflate ru_majflt   46
mris_inflate ru_nswap    0
mris_inflate ru_inblock  1672
mris_inflate ru_oublock  8864
mris_inflate ru_msgsnd   0
mris_inflate ru_msgrcv   0
mris_inflate ru_nsignals 0
mris_inflate ru_nvcsw    13906
mris_inflate ru_nivcsw   545
#--------------------------------------------
#@# QSphere lh Mon Mar  9 01:09:35 CET 2026
/out/sourcedata/freesurfer/sub-v1s16x0051187_ses-1/scripts

 mris_sphere -q -p 6 -a 128 -seed 1234 ../surf/lh.inflated.nofix ../surf/lh.qsphere.nofix 

doing quick spherical unfolding.
limitting unfolding to 6 passes
using n_averages = 128
setting seed for random number genererator to 1234
version: 7.3.2
available threads: 16
scaling brain by 0.304...
inflating...
projecting onto sphere...
surface projected - minimizing metric distortion...
vertex spacing 1.01 +- 0.62 (0.00-->7.03) (max @ vno 64342 --> 64343)
face area 0.02 +- 0.03 (-0.23-->0.60)
Entering MRISinflateToSphere()
inflating to sphere (rms error < 2.00)
000: dt: 0.0000, rms radial error=177.849, avgs=0
005/300: dt: 0.9000, rms radial error=177.589, avgs=0
010/300: dt: 0.9000, rms radial error=177.032, avgs=0
015/300: dt: 0.9000, rms radial error=176.299, avgs=0
020/300: dt: 0.9000, rms radial error=175.466, avgs=0
025/300: dt: 0.9000, rms radial error=174.574, avgs=0
030/300: dt: 0.9000, rms radial error=173.650, avgs=0
035/300: dt: 0.9000, rms radial error=172.709, avgs=0
040/300: dt: 0.9000, rms radial error=171.760, avgs=0
045/300: dt: 0.9000, rms radial error=170.809, avgs=0
050/300: dt: 0.9000, rms radial error=169.860, avgs=0
055/300: dt: 0.9000, rms radial error=168.913, avgs=0
060/300: dt: 0.9000, rms radial error=167.969, avgs=0
065/300: dt: 0.9000, rms radial error=167.030, avgs=0
070/300: dt: 0.9000, rms radial error=166.096, avgs=0
075/300: dt: 0.9000, rms radial error=165.166, avgs=0
080/300: dt: 0.9000, rms radial error=164.240, avgs=0
085/300: dt: 0.9000, rms radial error=163.320, avgs=0
090/300: dt: 0.9000, rms radial error=162.404, avgs=0
095/300: dt: 0.9000, rms radial error=161.493, avgs=0
100/300: dt: 0.9000, rms radial error=160.587, avgs=0
105/300: dt: 0.9000, rms radial error=159.686, avgs=0
110/300: dt: 0.9000, rms radial error=158.791, avgs=0
115/300: dt: 0.9000, rms radial error=157.900, avgs=0
120/300: dt: 0.9000, rms radial error=157.014, avgs=0
125/300: dt: 0.9000, rms radial error=156.132, avgs=0
130/300: dt: 0.9000, rms radial error=155.256, avgs=0
135/300: dt: 0.9000, rms radial error=154.384, avgs=0
140/300: dt: 0.9000, rms radial error=153.516, avgs=0
145/300: dt: 0.9000, rms radial error=152.654, avgs=0
150/300: dt: 0.9000, rms radial error=151.796, avgs=0
155/300: dt: 0.9000, rms radial error=150.942, avgs=0
160/300: dt: 0.9000, rms radial error=150.094, avgs=0
165/300: dt: 0.9000, rms radial error=149.250, avgs=0
170/300: dt: 0.9000, rms radial error=148.410, avgs=0
175/300: dt: 0.9000, rms radial error=147.575, avgs=0
180/300: dt: 0.9000, rms radial error=146.745, avgs=0
185/300: dt: 0.9000, rms radial error=145.919, avgs=0
190/300: dt: 0.9000, rms radial error=145.098, avgs=0
195/300: dt: 0.9000, rms radial error=144.281, avgs=0
200/300: dt: 0.9000, rms radial error=143.469, avgs=0
205/300: dt: 0.9000, rms radial error=142.661, avgs=0
210/300: dt: 0.9000, rms radial error=141.858, avgs=0
215/300: dt: 0.9000, rms radial error=141.059, avgs=0
220/300: dt: 0.9000, rms radial error=140.265, avgs=0
225/300: dt: 0.9000, rms radial error=139.475, avgs=0
230/300: dt: 0.9000, rms radial error=138.689, avgs=0
235/300: dt: 0.9000, rms radial error=137.908, avgs=0
240/300: dt: 0.9000, rms radial error=137.131, avgs=0
245/300: dt: 0.9000, rms radial error=136.358, avgs=0
250/300: dt: 0.9000, rms radial error=135.590, avgs=0
255/300: dt: 0.9000, rms radial error=134.826, avgs=0
260/300: dt: 0.9000, rms radial error=134.066, avgs=0
265/300: dt: 0.9000, rms radial error=133.310, avgs=0
270/300: dt: 0.9000, rms radial error=132.559, avgs=0
275/300: dt: 0.9000, rms radial error=131.812, avgs=0
280/300: dt: 0.9000, rms radial error=131.069, avgs=0
285/300: dt: 0.9000, rms radial error=130.330, avgs=0
290/300: dt: 0.9000, rms radial error=129.595, avgs=0
295/300: dt: 0.9000, rms radial error=128.865, avgs=0
300/300: dt: 0.9000, rms radial error=128.138, avgs=0

spherical inflation complete.
epoch 1 (K=10.0), pass 1, starting sse = 14851.32
taking momentum steps...
taking momentum steps...
taking momentum steps...
taking momentum steps...
pass 1 complete, delta sse/iter = 0.00/13 = 0.00036
epoch 2 (K=40.0), pass 1, starting sse = 2489.72
taking momentum steps...
taking momentum steps...
taking momentum steps...
taking momentum steps...
pass 1 complete, delta sse/iter = 0.00/13 = 0.00021
epoch 3 (K=160.0), pass 1, starting sse = 269.26
taking momentum steps...
taking momentum steps...
taking momentum steps...
taking momentum steps...
pass 1 complete, delta sse/iter = 0.05/14 = 0.00360
epoch 4 (K=640.0), pass 1, starting sse = 25.92
taking momentum steps...
taking momentum steps...
taking momentum steps...
taking momentum steps...
pass 1 complete, delta sse/iter = 0.09/16 = 0.00542
final distance error %100000.00
writing spherical brain to ../surf/lh.qsphere.nofix
spherical transformation took 0.0181 hours
FSRUNTIME@ mris_sphere  0.0181 hours 16 threads
#VMPC# mris_sphere VmPeak  1540832
mris_sphere done
#@# Fix Topology lh Mon Mar  9 01:10:40 CET 2026

 mris_fix_topology -mgz -sphere qsphere.nofix -inflated inflated.nofix -orig orig.nofix -out orig.premesh -ga -seed 1234 sub-v1s16x0051187_ses-1 lh 

reading spherical homeomorphism from 'qsphere.nofix'
reading inflated coordinates from 'inflated.nofix'
reading original coordinates from 'orig.nofix'
using genetic algorithm with optimized parameters
setting seed for random number genererator to 1234

*************************************************************
Topology Correction Parameters
retessellation mode:           genetic search
number of patches/generation : 10
number of generations :        10
surface mri loglikelihood coefficient :         1.0
volume mri loglikelihood coefficient :          10.0
normal dot loglikelihood coefficient :          1.0
quadratic curvature loglikelihood coefficient : 1.0
volume resolution :                             2
eliminate vertices during search :              1
initial patch selection :                       1
select all defect vertices :                    0
ordering dependant retessellation:              0
use precomputed edge table :                    0
smooth retessellated patch :                    2
match retessellated patch :                     1
verbose mode :                                  0

*************************************************************
INFO: assuming .mgz format
writing corrected surface to 'orig.premesh'
7.3.2
  7.3.2
before topology correction, eno=-84 (nv=125934, nf=252036, ne=378054, g=43)
using quasi-homeomorphic spherical map to tessellate cortical surface...

Correction of the Topology
Finding true center and radius of Spherical Surface...done
Surface centered at (0,0,0) with radius 100.0 in 9 iterations
marking ambiguous vertices...
11707 ambiguous faces found in tessellation
segmenting defects...
37 defects found, arbitrating ambiguous regions...
analyzing neighboring defects...
      -merging segment 26 into 21
36 defects to be corrected 
0 vertices coincident
reading input surface /out/sourcedata/freesurfer/sub-v1s16x0051187_ses-1/surf/lh.qsphere.nofix...
reading brain volume from brain...
reading wm segmentation from wm...
Reading original properties of orig.nofix
Reading vertex positions of inflated.nofix
Computing Initial Surface Statistics
      -face       loglikelihood: -9.4662  (-4.7331)
      -vertex     loglikelihood: -6.3540  (-3.1770)
      -normal dot loglikelihood: -3.6062  (-3.6062)
      -quad curv  loglikelihood: -5.9633  (-2.9816)
      Total Loglikelihood : -25.3897
CORRECTING DEFECT 0 (vertices=39, convex hull=53, v0=138)
After retessellation of defect 0 (v0=138), euler #=-34 (119266,356154,236854) : difference with theory (-33) = 1 
CORRECTING DEFECT 1 (vertices=104, convex hull=64, v0=754)
After retessellation of defect 1 (v0=754), euler #=-33 (119276,356214,236905) : difference with theory (-32) = 1 
CORRECTING DEFECT 2 (vertices=32, convex hull=63, v0=6983)
After retessellation of defect 2 (v0=6983), euler #=-32 (119289,356281,236960) : difference with theory (-31) = 1 
CORRECTING DEFECT 3 (vertices=62, convex hull=42, v0=12966)
After retessellation of defect 3 (v0=12966), euler #=-31 (119299,356330,237000) : difference with theory (-30) = 1 
CORRECTING DEFECT 4 (vertices=76, convex hull=76, v0=15362)
After retessellation of defect 4 (v0=15362), euler #=-30 (119308,356389,237051) : difference with theory (-29) = 1 
CORRECTING DEFECT 5 (vertices=40, convex hull=72, v0=22269)
After retessellation of defect 5 (v0=22269), euler #=-29 (119316,356440,237095) : difference with theory (-28) = 1 
CORRECTING DEFECT 6 (vertices=18, convex hull=42, v0=26857)
After retessellation of defect 6 (v0=26857), euler #=-28 (119324,356479,237127) : difference with theory (-27) = 1 
CORRECTING DEFECT 7 (vertices=19, convex hull=22, v0=29704)
After retessellation of defect 7 (v0=29704), euler #=-27 (119329,356502,237146) : difference with theory (-26) = 1 
CORRECTING DEFECT 8 (vertices=22, convex hull=53, v0=35436)
After retessellation of defect 8 (v0=35436), euler #=-26 (119342,356562,237194) : difference with theory (-25) = 1 
CORRECTING DEFECT 9 (vertices=38, convex hull=71, v0=37228)
After retessellation of defect 9 (v0=37228), euler #=-25 (119365,356658,237268) : difference with theory (-24) = 1 
CORRECTING DEFECT 10 (vertices=615, convex hull=235, v0=43657)
After retessellation of defect 10 (v0=43657), euler #=-24 (119410,356907,237473) : difference with theory (-23) = 1 
CORRECTING DEFECT 11 (vertices=86, convex hull=58, v0=45987)
After retessellation of defect 11 (v0=45987), euler #=-23 (119426,356978,237529) : difference with theory (-22) = 1 
CORRECTING DEFECT 12 (vertices=89, convex hull=127, v0=51704)
After retessellation of defect 12 (v0=51704), euler #=-22 (119480,357195,237693) : difference with theory (-21) = 1 
CORRECTING DEFECT 13 (vertices=188, convex hull=170, v0=52854)
After retessellation of defect 13 (v0=52854), euler #=-21 (119534,357434,237879) : difference with theory (-20) = 1 
CORRECTING DEFECT 14 (vertices=26, convex hull=57, v0=53166)
After retessellation of defect 14 (v0=53166), euler #=-20 (119550,357505,237935) : difference with theory (-19) = 1 
CORRECTING DEFECT 15 (vertices=19, convex hull=23, v0=55342)
After retessellation of defect 15 (v0=55342), euler #=-19 (119552,357518,237947) : difference with theory (-18) = 1 
CORRECTING DEFECT 16 (vertices=6, convex hull=19, v0=58813)
After retessellation of defect 16 (v0=58813), euler #=-18 (119554,357531,237959) : difference with theory (-17) = 1 
CORRECTING DEFECT 17 (vertices=215, convex hull=304, v0=62248)
After retessellation of defect 17 (v0=62248), euler #=-17 (119672,358033,238344) : difference with theory (-16) = 1 
CORRECTING DEFECT 18 (vertices=17, convex hull=26, v0=62256)
After retessellation of defect 18 (v0=62256), euler #=-16 (119677,358056,238363) : difference with theory (-15) = 1 
CORRECTING DEFECT 19 (vertices=25, convex hull=44, v0=62725)
After retessellation of defect 19 (v0=62725), euler #=-15 (119690,358110,238405) : difference with theory (-14) = 1 
CORRECTING DEFECT 20 (vertices=40, convex hull=46, v0=66903)
After retessellation of defect 20 (v0=66903), euler #=-14 (119710,358190,238466) : difference with theory (-13) = 1 
CORRECTING DEFECT 21 (vertices=1655, convex hull=553, v0=67051)
An extra large defect has been detected...
This often happens because cerebellum or dura has not been removed from wm.mgz.
This may cause recon-all to run very slowly or crash.
if so, see https://surfer.nmr.mgh.harvard.edu/fswiki/FsTutorial/TopologicalDefect_freeview
After retessellation of defect 21 (v0=67051), euler #=-12 (120213,360011,239786) : difference with theory (-12) = 0 
CORRECTING DEFECT 22 (vertices=265, convex hull=44, v0=75759)
After retessellation of defect 22 (v0=75759), euler #=-11 (120237,360098,239850) : difference with theory (-11) = 0 
CORRECTING DEFECT 23 (vertices=20, convex hull=40, v0=76654)
After retessellation of defect 23 (v0=76654), euler #=-10 (120242,360127,239875) : difference with theory (-10) = 0 
CORRECTING DEFECT 24 (vertices=100, convex hull=101, v0=77477)
After retessellation of defect 24 (v0=77477), euler #=-9 (120310,360377,240058) : difference with theory (-9) = 0 
CORRECTING DEFECT 25 (vertices=19, convex hull=66, v0=77572)
After retessellation of defect 25 (v0=77572), euler #=-8 (120320,360432,240104) : difference with theory (-8) = 0 
CORRECTING DEFECT 26 (vertices=137, convex hull=41, v0=82294)
After retessellation of defect 26 (v0=82294), euler #=-7 (120341,360509,240161) : difference with theory (-7) = 0 
CORRECTING DEFECT 27 (vertices=35, convex hull=23, v0=83440)
After retessellation of defect 27 (v0=83440), euler #=-6 (120346,360532,240180) : difference with theory (-6) = 0 
CORRECTING DEFECT 28 (vertices=54, convex hull=68, v0=89163)
After retessellation of defect 28 (v0=89163), euler #=-5 (120383,360671,240283) : difference with theory (-5) = 0 
CORRECTING DEFECT 29 (vertices=1596, convex hull=456, v0=89285)
A large defect has been detected...
This often happens because cerebellum or dura has not been removed from wm.mgz.
This may cause recon-all to run very slowly or crash.
if so, see https://surfer.nmr.mgh.harvard.edu/fswiki/FsTutorial/TopologicalDefect_freeview
After retessellation of defect 29 (v0=89285), euler #=-4 (120706,361881,241171) : difference with theory (-4) = 0 
CORRECTING DEFECT 30 (vertices=234, convex hull=115, v0=90201)
After retessellation of defect 30 (v0=90201), euler #=-3 (120748,362059,241308) : difference with theory (-3) = 0 
CORRECTING DEFECT 31 (vertices=313, convex hull=145, v0=90315)
After retessellation of defect 31 (v0=90315), euler #=-2 (120762,362175,241411) : difference with theory (-2) = 0 
CORRECTING DEFECT 32 (vertices=5, convex hull=19, v0=98539)
After retessellation of defect 32 (v0=98539), euler #=-1 (120763,362184,241420) : difference with theory (-1) = 0 
CORRECTING DEFECT 33 (vertices=52, convex hull=50, v0=99277)
After retessellation of defect 33 (v0=99277), euler #=0 (120792,362293,241501) : difference with theory (0) = 0 
CORRECTING DEFECT 34 (vertices=384, convex hull=116, v0=112130)
After retessellation of defect 34 (v0=112130), euler #=1 (120809,362402,241594) : difference with theory (1) = 0 
CORRECTING DEFECT 35 (vertices=29, convex hull=51, v0=121893)
After retessellation of defect 35 (v0=121893), euler #=2 (120818,362448,241632) : difference with theory (2) = 0 
computing original vertex metric properties...
storing new metric properties...
computing tessellation statistics...
vertex spacing 0.89 +- 0.25 (0.03-->15.45) (max @ vno 48255 --> 55016)
face area -nan +- -nan (1000.00-->-1.00)
performing soap bubble on retessellated vertices for 0 iterations...
vertex spacing 0.89 +- 0.25 (0.03-->15.45) (max @ vno 48255 --> 55016)
face area -nan +- -nan (1000.00-->-1.00)
tessellation finished, orienting corrected surface...
114 mutations (32.1%), 241 crossovers (67.9%), 302 vertices were eliminated
building final representation...
5116 vertices and 0 faces have been removed from triangulation
after topology correction, eno=2 (nv=120818, nf=241632, ne=362448, g=0)
writing corrected surface to /out/sourcedata/freesurfer/sub-v1s16x0051187_ses-1/surf/lh.orig.premesh...

0.000 % of the vertices (0 vertices) exhibit an orientation change
removing intersecting faces
000: 712 intersecting
001: 98 intersecting
002: 39 intersecting
003: 30 intersecting
step 1 with no progress (num=30, old_num=30)
004: 30 intersecting
step 2 with no progress (num=30, old_num=30)
005: 30 intersecting
step 3 with no progress (num=30, old_num=30)
006: 30 intersecting
step 4 with no progress (num=30, old_num=30)
007: 30 intersecting
step 5 with no progress (num=30, old_num=30)
008: 30 intersecting
step 6 with no progress (num=30, old_num=30)
009: 30 intersecting
step 7 with no progress (num=30, old_num=30)
010: 30 intersecting
step 8 with no progress (num=30, old_num=30)
011: 30 intersecting
step 9 with no progress (num=30, old_num=30)
012: 30 intersecting
step 10 with no progress (num=30, old_num=30)
013: 30 intersecting
step 11 with no progress (num=30, old_num=30)
014: 30 intersecting
step 12 with no progress (num=30, old_num=30)
015: 30 intersecting
step 13 with no progress (num=30, old_num=30)
016: 30 intersecting
step 14 with no progress (num=30, old_num=30)
017: 30 intersecting
step 15 with no progress (num=30, old_num=30)
018: 30 intersecting
step 16 with no progress (num=30, old_num=30)
terminating search with 30 intersecting
topology fixing took 2.8 minutes
FSRUNTIME@ mris_fix_topology lh  0.0468 hours 16 threads
#VMPC# mris_fix_topology VmPeak  1841892

 mris_euler_number ../surf/lh.orig.premesh 

euler # = v-e+f = 2g-2: 120818 - 362448 + 241632 = 2 --> 0 holes
      F =2V-4:          241632 = 241636-4 (0)
      2E=3F:            724896 = 724896 (0)

total defect index = 0
Mon Mar  9 01:13:29 CET 2026

setenv SUBJECTS_DIR /out/sourcedata/freesurfer
cd /out/sourcedata/freesurfer/sub-v1s16x0051187_ses-1/scripts
/opt/freesurfer/bin/defect2seg --s sub-v1s16x0051187_ses-1 --lh-only --cortex

freesurfer-linux-ubuntu22_x86_64-7.3.2-20220804-6354275
defect2seg 7.3.2
Linux dna071 5.14.0-427.37.1.el9_4.x86_64 #1 SMP PREEMPT_DYNAMIC Fri Sep 13 12:41:50 EDT 2024 x86_64 x86_64 x86_64 GNU/Linux
pid 3114151
mri_label2label --label-cortex /out/sourcedata/freesurfer/sub-v1s16x0051187_ses-1/surf/lh.orig.nofix /out/sourcedata/freesurfer/sub-v1s16x0051187_ses-1/mri/aseg.presurf.mgz 0 /out/sourcedata/freesurfer/sub-v1s16x0051187_ses-1/label/lh.nofix.cortex.label

 Generating cortex label... RemoveHipAmgy=0
 NucAccIsMedialWall=0
 mris->useRealRAS=0
20 non-cortical segments detected
only using segment with 6326 vertices
erasing segment 1 (vno[0] = 46853)
erasing segment 2 (vno[0] = 50180)
erasing segment 3 (vno[0] = 53911)
erasing segment 4 (vno[0] = 61198)
erasing segment 5 (vno[0] = 64361)
erasing segment 6 (vno[0] = 66407)
erasing segment 7 (vno[0] = 67051)
erasing segment 8 (vno[0] = 71523)
erasing segment 9 (vno[0] = 76791)
erasing segment 10 (vno[0] = 86106)
erasing segment 11 (vno[0] = 88230)
erasing segment 12 (vno[0] = 88241)
erasing segment 13 (vno[0] = 89215)
erasing segment 14 (vno[0] = 89216)
erasing segment 15 (vno[0] = 89302)
erasing segment 16 (vno[0] = 90226)
erasing segment 17 (vno[0] = 90372)
erasing segment 18 (vno[0] = 91218)
erasing segment 19 (vno[0] = 92143)
mri_label2vol --defects /out/sourcedata/freesurfer/sub-v1s16x0051187_ses-1/surf/lh.orig.nofix /out/sourcedata/freesurfer/sub-v1s16x0051187_ses-1/surf/lh.defect_labels /out/sourcedata/freesurfer/sub-v1s16x0051187_ses-1/mri/orig.mgz 1000 0 /out/sourcedata/freesurfer/sub-v1s16x0051187_ses-1/mri/lh.surface.defects.mgz /out/sourcedata/freesurfer/sub-v1s16x0051187_ses-1/label/lh.nofix.cortex.label
mri_label2vol supposed to be reproducible but seed not set
Contraining to label /out/sourcedata/freesurfer/sub-v1s16x0051187_ses-1/label/lh.nofix.cortex.label
Changing input type 0 to MRI_INT
Converting defects to volume: offset=1000, merge=0
Writing to /out/sourcedata/freesurfer/sub-v1s16x0051187_ses-1/mri/lh.surface.defects.mgz
mris_defects_pointset -s /out/sourcedata/freesurfer/sub-v1s16x0051187_ses-1/surf/lh.orig.nofix -d /out/sourcedata/freesurfer/sub-v1s16x0051187_ses-1/surf/lh.defect_labels -o /out/sourcedata/freesurfer/sub-v1s16x0051187_ses-1/surf/lh.defects.pointset --label /out/sourcedata/freesurfer/sub-v1s16x0051187_ses-1/label/lh.nofix.cortex.label
Reading in surface /out/sourcedata/freesurfer/sub-v1s16x0051187_ses-1/surf/lh.orig.nofix
Reading in defect segmentation /out/sourcedata/freesurfer/sub-v1s16x0051187_ses-1/surf/lh.defect_labels
Reading in label /out/sourcedata/freesurfer/sub-v1s16x0051187_ses-1/label/lh.nofix.cortex.label
#VMPC# mris_defects_pointset 1423404
mris_defects_pointset done
 
Started at Mon Mar 9 01:13:29 CET 2026 
Ended   at Mon Mar  9 01:13:39 CET 2026
Defect2seg-Run-Time-Sec 10
Defect2seg-Run-Time-Min 0.20
Defect2seg-Run-Time-Hours 0.00
 
tkmeditfv sub-v1s16x0051187_ses-1 brain.finalsurfs.mgz -defect
defect2seg Done

 mris_remesh --remesh --iters 3 --input /out/sourcedata/freesurfer/sub-v1s16x0051187_ses-1/surf/lh.orig.premesh --output /out/sourcedata/freesurfer/sub-v1s16x0051187_ses-1/surf/lh.orig 

iters = 3
standard remeshing without target
   adjusted l: 0.71424
remeshing to edge length 0.71424 with 3 iterations

avg qual before   : 0.888565  after: 0.971157

Removing intersections
removing intersecting faces
000: 34 intersecting
001: 13 intersecting
step 1 with no progress (num=14, old_num=13)
002: 14 intersecting
step 2 with no progress (num=14, old_num=14)
003: 14 intersecting
step 3 with no progress (num=14, old_num=14)
004: 14 intersecting
step 4 with no progress (num=14, old_num=14)
005: 14 intersecting
step 5 with no progress (num=14, old_num=14)
006: 14 intersecting
step 6 with no progress (num=14, old_num=14)
007: 14 intersecting
step 7 with no progress (num=14, old_num=14)
008: 14 intersecting
step 8 with no progress (num=14, old_num=14)
009: 14 intersecting
step 9 with no progress (num=14, old_num=14)
010: 14 intersecting
step 10 with no progress (num=14, old_num=14)
011: 14 intersecting
step 11 with no progress (num=14, old_num=14)
012: 14 intersecting
step 12 with no progress (num=14, old_num=14)
013: 14 intersecting
step 13 with no progress (num=14, old_num=14)
014: 14 intersecting
step 14 with no progress (num=14, old_num=14)
015: 14 intersecting
step 15 with no progress (num=14, old_num=14)
016: 14 intersecting
step 16 with no progress (num=14, old_num=14)
terminating search with 13 intersecting
Remeshed surface quality stats nv0 = 120818  nv = 125407  1.03798
Area    250810  0.30491  0.03397 0.056426   0.4665
Corner  752430 60.00000  8.80794 9.441392 142.4385
Edge    376215  0.84716  0.08279 0.159823   1.3348
Hinge   376215  9.92383 10.75885 0.000011 155.4996
mris_remesh done
/out/sourcedata/freesurfer/sub-v1s16x0051187_ses-1/scripts

 mris_remove_intersection ../surf/lh.orig ../surf/lh.orig 

intersection removal took 0.01 hours
removing intersecting faces
000: 13 intersecting
step 1 with no progress (num=14, old_num=13)
001: 14 intersecting
step 2 with no progress (num=14, old_num=14)
002: 14 intersecting
step 3 with no progress (num=14, old_num=14)
003: 14 intersecting
step 4 with no progress (num=14, old_num=14)
004: 14 intersecting
step 5 with no progress (num=14, old_num=14)
005: 14 intersecting
step 6 with no progress (num=14, old_num=14)
006: 14 intersecting
step 7 with no progress (num=14, old_num=14)
007: 14 intersecting
step 8 with no progress (num=14, old_num=14)
008: 14 intersecting
step 9 with no progress (num=14, old_num=14)
009: 14 intersecting
step 10 with no progress (num=14, old_num=14)
010: 14 intersecting
step 11 with no progress (num=14, old_num=14)
011: 14 intersecting
step 12 with no progress (num=14, old_num=14)
012: 14 intersecting
step 13 with no progress (num=14, old_num=14)
013: 14 intersecting
step 14 with no progress (num=14, old_num=14)
014: 14 intersecting
step 15 with no progress (num=14, old_num=14)
015: 14 intersecting
step 16 with no progress (num=14, old_num=14)
terminating search with 13 intersecting
writing corrected surface to ../surf/lh.orig

 rm -f ../surf/lh.inflated 

#--------------------------------------------
#@# AutoDetGWStats lh Mon Mar  9 01:14:41 CET 2026
cd /out/sourcedata/freesurfer/sub-v1s16x0051187_ses-1/mri
mris_autodet_gwstats --o ../surf/autodet.gw.stats.lh.dat --i brain.finalsurfs.mgz --wm wm.mgz --surf ../surf/lh.orig.premesh
7.3.2

cd /out/sourcedata/freesurfer/sub-v1s16x0051187_ses-1/mri
setenv SUBJECTS_DIR /out/sourcedata/freesurfer
mris_autodet_gwstats --o ../surf/autodet.gw.stats.lh.dat --i brain.finalsurfs.mgz --wm wm.mgz --surf ../surf/lh.orig.premesh 

border white:    222502 voxels (1.33%)
border gray      262229 voxels (1.56%)
Reading in intensity volume brain.finalsurfs.mgz
Reading in wm volume wm.mgz
Reading in surf ../surf/lh.orig.premesh
Auto detecting stats
MRIclipBrightWM(): nthresh=14775, wmmin=5, clip=110 
Binarizing thresholding at 5
computing class statistics... low=30, hi=110.000000
CCS WM (97.0): 97.0 +- 8.3 [70.0 --> 110.0]
CCS GM (72.0) : 71.8 +- 10.7 [30.0 --> 110.0]
white_mean = 96.9901 +/- 8.33049, gray_mean = 71.7536 +/- 10.7363
using class modes intead of means, discounting robust sigmas....
MRIScomputeClassModes(): min=0 max=243 nbins=244
intensity peaks found at WM=101+-7.0,    GM=68+-7.8
white_mode = 101, gray_mode = 68
std_scale = 1
Applying sanity checks, max_scale_down = 0.2
setting MIN_GRAY_AT_WHITE_BORDER to 57.3 (was 70.000000)
setting MAX_BORDER_WHITE to 109.3 (was 105.000000)
setting MIN_BORDER_WHITE to 68.0 (was 85.000000)
setting MAX_CSF to 46.5 (was 40.000000)
setting MAX_GRAY to 92.7 (was 95.000000)
setting MAX_GRAY_AT_CSF_BORDER to 57.3 (was 75.000000)
setting MIN_GRAY_AT_CSF_BORDER to 35.8 (was 40.000000)
When placing the white surface
  white_border_hi   = 109.33;
  white_border_low  = 68;
  white_outside_low = 57.2637;
  white_inside_hi   = 120;
  white_outside_hi  = 109.33;
When placing the pial surface
  pial_border_hi   = 57.2637;
  pial_border_low  = 35.7912;
  pial_outside_low = 10;
  pial_inside_hi   = 92.6695;
  pial_outside_hi  = 51.8956;
#VMPC# mris_autodet_gwstats VmPeak  1387244
mris_autodet_gwstats done
#--------------------------------------------
#@# WhitePreAparc lh Mon Mar  9 01:14:44 CET 2026
cd /out/sourcedata/freesurfer/sub-v1s16x0051187_ses-1/mri
mris_place_surface --adgws-in ../surf/autodet.gw.stats.lh.dat --wm wm.mgz --threads 16 --invol brain.finalsurfs.mgz --lh --i ../surf/lh.orig --o ../surf/lh.white.preaparc --white --seg aseg.presurf.mgz --nsmooth 5
7.3.2
7.3.2

cd /out/sourcedata/freesurfer/sub-v1s16x0051187_ses-1/mri
setenv SUBJECTS_DIR /out/sourcedata/freesurfer
mris_place_surface --adgws-in ../surf/autodet.gw.stats.lh.dat --wm wm.mgz --threads 16 --invol brain.finalsurfs.mgz --lh --i ../surf/lh.orig --o ../surf/lh.white.preaparc --white --seg aseg.presurf.mgz --nsmooth 5 

Reading in input surface ../surf/lh.orig
Smoothing surface before ripping with 5 iterations
removing intersecting faces
000: 28 intersecting
001: 23 intersecting
step 1 with no progress (num=27, old_num=23)
002: 27 intersecting
step 2 with no progress (num=27, old_num=27)
003: 27 intersecting
004: 24 intersecting
005: 22 intersecting
step 1 with no progress (num=23, old_num=22)
006: 23 intersecting
007: 22 intersecting
step 1 with no progress (num=22, old_num=22)
008: 22 intersecting
step 2 with no progress (num=22, old_num=22)
009: 22 intersecting
step 3 with no progress (num=22, old_num=22)
010: 22 intersecting
step 4 with no progress (num=22, old_num=22)
011: 22 intersecting
step 5 with no progress (num=22, old_num=22)
012: 22 intersecting
step 6 with no progress (num=22, old_num=22)
013: 22 intersecting
step 7 with no progress (num=22, old_num=22)
014: 22 intersecting
step 8 with no progress (num=22, old_num=22)
015: 22 intersecting
step 9 with no progress (num=22, old_num=22)
016: 22 intersecting
step 10 with no progress (num=22, old_num=22)
017: 22 intersecting
step 11 with no progress (num=22, old_num=22)
018: 22 intersecting
step 12 with no progress (num=22, old_num=22)
019: 22 intersecting
step 13 with no progress (num=22, old_num=22)
020: 22 intersecting
step 14 with no progress (num=22, old_num=22)
021: 22 intersecting
step 15 with no progress (num=22, old_num=22)
022: 22 intersecting
step 16 with no progress (num=22, old_num=22)
terminating search with 22 intersecting
Area    250810  0.26814  0.06544 0.000000   0.5839
Corner  752430 60.00000  9.66675 0.005839 179.9477
Edge    376215  0.79030  0.11888 0.000363   1.4502
Hinge   376215  6.59210  6.90243 0.000016 175.7700
Not reading in aparc
Reading in input volume brain.finalsurfs.mgz
Reading in wm volume wm.mgz
MRIclipBrightWM(): nthresh=14775, wmmin=5, clip=110 
MRIfindBrightNonWM(): 865 bright non-wm voxels segmented.
Masking bright non-wm for white surface
MRImask(): AllowDiffGeom = 1
MRImask(): AllowDiffGeom = 1
Reading in seg volume aseg.presurf.mgz
Ripping frozen voxels
INFO: rip surface needed but not specified, so using input surface
Freezing midline and others
Entering: MRISripMidline(): inhibiting deformation at non-cortical midline structures...
  which=1, fix_mtl=0, using annot = 0
#FML0# MRISripMidline(): nripped=0
#FML# MRISripMidline(): nmarked=5344, nmarked2=117, nripped=5344
Ripping segs (eg, WMSA, BG, frozen)
Starting MRISripSegs() d = (-2 2 0.5) segnos: 247 
MRISripSegs(): -2 2 0.5 ripped 0
vertex 62704: xyz = (-58.9771,2.06684,46.1433) oxyz = (-58.9771,2.06684,46.1433) wxzy = (-58.9771,2.06684,46.1433) pxyz = (0,0,0) 
CBVO Creating mask 125407
n_averages 4
Iteration 0 =========================================
n_averages=4, current_sigma=2
Freezing midline and others
Ripping frozen voxels
INFO: rip surface needed but not specified, so using input surface
Freezing midline and others
Entering: MRISripMidline(): inhibiting deformation at non-cortical midline structures...
  which=1, fix_mtl=0, using annot = 0
#FML0# MRISripMidline(): nripped=5344
#FML# MRISripMidline(): nmarked=5344, nmarked2=117, nripped=5344
Ripping segs (eg, WMSA, BG, frozen)
Starting MRISripSegs() d = (-2 2 0.5) segnos: 247 247 
MRISripSegs(): -2 2 0.5 ripped 0
Computing target border values 
Entering MRIScomputeBorderValues_new(): 
  inside_hi   = 120.0000000;
  border_hi   = 109.3304900;
  border_low  =  68.0000000;
  outside_low =  57.2637480;
  outside_hi  = 109.3304900;
  sigma = 2;
  max_thickness = 10;
  step_size=0.5;
  STEP_SIZE=0.1;
  which = 1
  thresh = 0
  flags = 0
  CBVfindFirstPeakD1=0
  CBVfindFirstPeakD2=0
  nvertices=125407
  Gdiag_no=-1
  vno start=0, stop=125407
Replacing 255s with 0s
#SI# sigma=2 had to be increased for 703 vertices, nripped=5344
mean border=80.9, 359 (359) missing vertices, mean dist 0.2 [0.6 (%40.2)->0.8 (%59.8))]
%74 local maxima, %22 large gradients and % 0 min vals, 0 gradients ignored
nFirstPeakD1 0
MRIScomputeBorderValues_new() finished in 0.0089 min


Finding expansion regions
mean absolute distance = 0.69 +- 0.92
4057 vertices more than 2 sigmas from mean.
Averaging target values for 5 iterations...
Positioning Surface: tspring = 0.3, nspring = 0.3, spring = 0, niters = 100 l_repulse = 5, l_surf_repulse = 0, checktol = 0
Positioning pial surface
Entering MRISpositionSurface()
  max_mm = 0.3
  MAX_REDUCTIONS = 2, REDUCTION_PCT = 0.5
  parms->check_tol = 0, niterations = 100
tol=1.0e-04, sigma=2.0, host=dna07, nav=4, nbrs=2, l_repulse=5.000, l_tspring=0.300, l_nspring=0.300, l_intensity=0.200, l_curv=1.000
mom=0.00, dt=0.50
complete_dist_mat 0
rms 0
smooth_averages 0
remove_neg 0
ico_order 0
which_surface 0
target_radius 0.000000
nfields 0
scale 0.000000
desired_rms_height 0.000000
momentum 0.000000
nbhd_size 0
max_nbrs 0
niterations 100
nsurfaces 0
SURFACES 3
flags 0 (0)
use curv 0
no sulc 0
no rigid align 0
mris->nsize 2
mris->hemisphere 0
randomSeed 0

000: dt: 0.0000, sse=3949442.0, rms=9.505
001: dt: 0.5000, sse=2549354.2, rms=7.033 (26.012%)
002: dt: 0.5000, sse=2124237.2, rms=5.719 (18.686%)
003: dt: 0.5000, sse=1822972.9, rms=5.002 (12.527%)
004: dt: 0.5000, sse=641930.9, rms=4.535 (9.340%)
rms = 4.2705/4.5349, sse=1236692.1/641930.9, time step reduction 1 of 3 to 0.250  0 1 0
005: dt: 0.5000, sse=1236692.1, rms=4.271 (5.831%)
006: dt: 0.2500, sse=1071262.6, rms=3.364 (21.224%)
007: dt: 0.2500, sse=1039487.4, rms=3.107 (7.658%)
008: dt: 0.2500, sse=869502.9, rms=2.971 (4.373%)
009: dt: 0.2500, sse=844846.6, rms=2.862 (3.671%)
010: dt: 0.2500, sse=842458.1, rms=2.807 (1.919%)
011: dt: 0.2500, sse=836612.4, rms=2.715 (3.274%)
012: dt: 0.2500, sse=835628.4, rms=2.661 (1.972%)
013: dt: 0.2500, sse=828486.2, rms=2.604 (2.165%)
rms = 2.5542/2.6036, sse=810298.9/828486.2, time step reduction 2 of 3 to 0.125  0 0 1
014: dt: 0.2500, sse=810298.9, rms=2.554 (1.899%)
015: dt: 0.1250, sse=806521.8, rms=2.500 (2.137%)
rms = 2.4659/2.4996, sse=801889.2/806521.8, time step reduction 3 of 3 to 0.062  0 0 1
016: dt: 0.1250, sse=801889.2, rms=2.466 (1.347%)
  maximum number of reductions reached, breaking from loop
positioning took 1.1 minutes
Iteration 1 =========================================
n_averages=2, current_sigma=1
Freezing midline and others
Ripping frozen voxels
INFO: rip surface needed but not specified, so using input surface
Freezing midline and others
Entering: MRISripMidline(): inhibiting deformation at non-cortical midline structures...
  which=1, fix_mtl=0, using annot = 0
#FML0# MRISripMidline(): nripped=5344
removing 4 vertices from ripped group in thread:0
removing 2 vertices from ripped group in thread:0
removing 3 vertices from ripped group in thread:0
removing 2 vertices from ripped group in thread:0
removing 4 vertices from ripped group in thread:0
removing 2 vertices from ripped group in thread:0
#FML# MRISripMidline(): nmarked=5471, nmarked2=138, nripped=5471
Ripping segs (eg, WMSA, BG, frozen)
Starting MRISripSegs() d = (-2 2 0.5) segnos: 247 247 247 
MRISripSegs(): -2 2 0.5 ripped 0
Computing target border values 
Entering MRIScomputeBorderValues_new(): 
  inside_hi   = 120.0000000;
  border_hi   = 109.3304900;
  border_low  =  68.0000000;
  outside_low =  57.2637480;
  outside_hi  = 109.3304900;
  sigma = 1;
  max_thickness = 10;
  step_size=0.5;
  STEP_SIZE=0.1;
  which = 1
  thresh = 0
  flags = 0
  CBVfindFirstPeakD1=0
  CBVfindFirstPeakD2=0
  nvertices=125407
  Gdiag_no=-1
  vno start=0, stop=125407
Replacing 255s with 0s
#SI# sigma=1 had to be increased for 315 vertices, nripped=5471
mean border=82.9, 381 (134) missing vertices, mean dist -0.1 [0.3 (%69.4)->0.3 (%30.6))]
%79 local maxima, %17 large gradients and % 0 min vals, 0 gradients ignored
nFirstPeakD1 0
MRIScomputeBorderValues_new() finished in 0.0087 min


Finding expansion regions
mean absolute distance = 0.33 +- 0.64
2785 vertices more than 2 sigmas from mean.
Averaging target values for 5 iterations...
Positioning Surface: tspring = 0.3, nspring = 0.3, spring = 0, niters = 100 l_repulse = 5, l_surf_repulse = 0, checktol = 0
Positioning pial surface
Entering MRISpositionSurface()
  max_mm = 0.3
  MAX_REDUCTIONS = 2, REDUCTION_PCT = 0.5
  parms->check_tol = 0, niterations = 100
tol=1.0e-04, sigma=1.0, host=dna07, nav=2, nbrs=2, l_repulse=5.000, l_tspring=0.300, l_nspring=0.300, l_intensity=0.200, l_curv=1.000
mom=0.00, dt=0.50
000: dt: 0.0000, sse=1108065.2, rms=4.130
017: dt: 0.5000, sse=937669.2, rms=3.143 (23.896%)
rms = 3.1210/3.1428, sse=948467.8/937669.2, time step reduction 1 of 3 to 0.250  0 1 1
018: dt: 0.5000, sse=948467.8, rms=3.121 (0.694%)
019: dt: 0.2500, sse=844323.2, rms=2.326 (25.486%)
020: dt: 0.2500, sse=843465.9, rms=2.183 (6.128%)
021: dt: 0.2500, sse=830735.2, rms=2.071 (5.132%)
rms = 2.0484/2.0710, sse=830568.4/830735.2, time step reduction 2 of 3 to 0.125  0 0 1
022: dt: 0.2500, sse=830568.4, rms=2.048 (1.094%)
023: dt: 0.1250, sse=810095.1, rms=1.996 (2.549%)
rms = 1.9923/1.9962, sse=804908.3/810095.2, time step reduction 3 of 3 to 0.062  0 0 1
024: dt: 0.1250, sse=804908.3, rms=1.992 (0.195%)
  maximum number of reductions reached, breaking from loop
positioning took 0.5 minutes
Iteration 2 =========================================
n_averages=1, current_sigma=0.5
Freezing midline and others
Ripping frozen voxels
INFO: rip surface needed but not specified, so using input surface
Freezing midline and others
Entering: MRISripMidline(): inhibiting deformation at non-cortical midline structures...
  which=1, fix_mtl=0, using annot = 0
#FML0# MRISripMidline(): nripped=5471
removing 3 vertices from ripped group in thread:0
removing 3 vertices from ripped group in thread:0
removing 4 vertices from ripped group in thread:0
removing 4 vertices from ripped group in thread:0
removing 3 vertices from ripped group in thread:0
removing 3 vertices from ripped group in thread:0
#FML# MRISripMidline(): nmarked=5570, nmarked2=138, nripped=5570
Ripping segs (eg, WMSA, BG, frozen)
Starting MRISripSegs() d = (-2 2 0.5) segnos: 247 247 247 247 
MRISripSegs(): -2 2 0.5 ripped 0
Computing target border values 
Entering MRIScomputeBorderValues_new(): 
  inside_hi   = 120.0000000;
  border_hi   = 109.3304900;
  border_low  =  68.0000000;
  outside_low =  57.2637480;
  outside_hi  = 109.3304900;
  sigma = 0.5;
  max_thickness = 10;
  step_size=0.5;
  STEP_SIZE=0.1;
  which = 1
  thresh = 0
  flags = 0
  CBVfindFirstPeakD1=0
  CBVfindFirstPeakD2=0
  nvertices=125407
  Gdiag_no=-1
  vno start=0, stop=125407
Replacing 255s with 0s
#SI# sigma=0.5 had to be increased for 248 vertices, nripped=5570
mean border=84.2, 386 (91) missing vertices, mean dist -0.1 [0.3 (%61.9)->0.2 (%38.1))]
%83 local maxima, %12 large gradients and % 0 min vals, 0 gradients ignored
nFirstPeakD1 0
MRIScomputeBorderValues_new() finished in 0.0051 min


Finding expansion regions
mean absolute distance = 0.28 +- 0.49
2886 vertices more than 2 sigmas from mean.
Averaging target values for 5 iterations...
Positioning Surface: tspring = 0.3, nspring = 0.3, spring = 0, niters = 100 l_repulse = 5, l_surf_repulse = 0, checktol = 0
Positioning pial surface
Entering MRISpositionSurface()
  max_mm = 0.3
  MAX_REDUCTIONS = 2, REDUCTION_PCT = 0.5
  parms->check_tol = 0, niterations = 100
tol=1.0e-04, sigma=0.5, host=dna07, nav=1, nbrs=2, l_repulse=5.000, l_tspring=0.300, l_nspring=0.300, l_intensity=0.200, l_curv=1.000
mom=0.00, dt=0.50
000: dt: 0.0000, sse=898881.1, rms=2.806
025: dt: 0.5000, sse=878261.9, rms=2.539 (9.520%)
rms = 2.7006/2.5387, sse=880627.9/878261.9, time step reduction 1 of 3 to 0.250  0 1 1
   RMS increased, rejecting step
026: dt: 0.2500, sse=331833.6, rms=2.113 (16.767%)
rms = 1.9470/2.1130, sse=807275.8/331833.6, time step reduction 2 of 3 to 0.125  0 1 0
027: dt: 0.2500, sse=807275.8, rms=1.947 (7.860%)
028: dt: 0.1250, sse=795525.4, rms=1.870 (3.975%)
rms = 1.8535/1.8696, sse=803340.0/795525.4, time step reduction 3 of 3 to 0.062  0 1 1
029: dt: 0.1250, sse=803339.9, rms=1.854 (0.858%)
  maximum number of reductions reached, breaking from loop
positioning took 0.4 minutes
Iteration 3 =========================================
n_averages=0, current_sigma=0.25
Freezing midline and others
Ripping frozen voxels
INFO: rip surface needed but not specified, so using input surface
Freezing midline and others
Entering: MRISripMidline(): inhibiting deformation at non-cortical midline structures...
  which=1, fix_mtl=0, using annot = 0
#FML0# MRISripMidline(): nripped=5570
removing 3 vertices from ripped group in thread:0
removing 2 vertices from ripped group in thread:0
removing 2 vertices from ripped group in thread:0
removing 3 vertices from ripped group in thread:0
removing 3 vertices from ripped group in thread:0
removing 4 vertices from ripped group in thread:0
removing 3 vertices from ripped group in thread:0
#FML# MRISripMidline(): nmarked=5610, nmarked2=138, nripped=5610
Ripping segs (eg, WMSA, BG, frozen)
Starting MRISripSegs() d = (-2 2 0.5) segnos: 247 247 247 247 247 
MRISripSegs(): -2 2 0.5 ripped 0
Computing target border values 
Entering MRIScomputeBorderValues_new(): 
  inside_hi   = 120.0000000;
  border_hi   = 109.3304900;
  border_low  =  68.0000000;
  outside_low =  57.2637480;
  outside_hi  = 109.3304900;
  sigma = 0.25;
  max_thickness = 10;
  step_size=0.5;
  STEP_SIZE=0.1;
  which = 1
  thresh = 0
  flags = 0
  CBVfindFirstPeakD1=0
  CBVfindFirstPeakD2=0
  nvertices=125407
  Gdiag_no=-1
  vno start=0, stop=125407
Replacing 255s with 0s
#SI# sigma=0.25 had to be increased for 279 vertices, nripped=5610
mean border=84.6, 459 (76) missing vertices, mean dist -0.0 [0.3 (%53.5)->0.2 (%46.5))]
%85 local maxima, %10 large gradients and % 0 min vals, 0 gradients ignored
nFirstPeakD1 0
MRIScomputeBorderValues_new() finished in 0.0040 min


Finding expansion regions
mean absolute distance = 0.26 +- 0.42
3006 vertices more than 2 sigmas from mean.
Averaging target values for 5 iterations...
Positioning Surface: tspring = 0.3, nspring = 0.3, spring = 0, niters = 100 l_repulse = 5, l_surf_repulse = 0, checktol = 0
Positioning pial surface
Entering MRISpositionSurface()
  max_mm = 0.3
  MAX_REDUCTIONS = 2, REDUCTION_PCT = 0.5
  parms->check_tol = 0, niterations = 100
tol=1.0e-04, sigma=0.2, host=dna07, nav=0, nbrs=2, l_repulse=5.000, l_tspring=0.300, l_nspring=0.300, l_intensity=0.200, l_curv=1.000
mom=0.00, dt=0.50
000: dt: 0.0000, sse=820029.2, rms=2.038
rms = 2.0527/2.0380, sse=810576.1/820029.2, time step reduction 1 of 3 to 0.250  0 0 1
   RMS increased, rejecting step
030: dt: 0.2500, sse=786913.5, rms=1.798 (11.781%)
rms = 1.6289/1.7979, sse=790578.0/786913.5, time step reduction 2 of 3 to 0.125  0 1 0
031: dt: 0.2500, sse=790578.0, rms=1.629 (9.400%)
rms = 1.5965/1.6289, sse=773393.2/790578.0, time step reduction 3 of 3 to 0.062  0 0 1
032: dt: 0.1250, sse=773393.2, rms=1.597 (1.988%)
  maximum number of reductions reached, breaking from loop
positioning took 0.3 minutes
removing intersecting faces
000: 22 intersecting
step 1 with no progress (num=28, old_num=22)
001: 28 intersecting
002: 20 intersecting
step 1 with no progress (num=25, old_num=20)
003: 25 intersecting
004: 17 intersecting
step 1 with no progress (num=17, old_num=17)
005: 17 intersecting
step 2 with no progress (num=17, old_num=17)
006: 17 intersecting
step 3 with no progress (num=17, old_num=17)
007: 17 intersecting
step 4 with no progress (num=17, old_num=17)
008: 17 intersecting
step 5 with no progress (num=17, old_num=17)
009: 17 intersecting
step 6 with no progress (num=17, old_num=17)
010: 17 intersecting
step 7 with no progress (num=17, old_num=17)
011: 17 intersecting
step 8 with no progress (num=17, old_num=17)
012: 17 intersecting
step 9 with no progress (num=17, old_num=17)
013: 17 intersecting
step 10 with no progress (num=17, old_num=17)
014: 17 intersecting
step 11 with no progress (num=17, old_num=17)
015: 17 intersecting
step 12 with no progress (num=17, old_num=17)
016: 17 intersecting
step 13 with no progress (num=17, old_num=17)
017: 17 intersecting
step 14 with no progress (num=17, old_num=17)
018: 17 intersecting
step 15 with no progress (num=17, old_num=17)
019: 17 intersecting
step 16 with no progress (num=17, old_num=17)
terminating search with 17 intersecting


Writing output to ../surf/lh.white.preaparc
#ET# mris_place_surface  2.79 minutes
#VMPC# mris_place_surfaces VmPeak  3127216
mris_place_surface done
#--------------------------------------------
#@# CortexLabel lh Mon Mar  9 01:18:00 CET 2026
cd /out/sourcedata/freesurfer/sub-v1s16x0051187_ses-1/mri
mri_label2label --label-cortex ../surf/lh.white.preaparc aseg.presurf.mgz 0 ../label/lh.cortex.label

 Generating cortex label... RemoveHipAmgy=0
 NucAccIsMedialWall=0
 mris->useRealRAS=0
7 non-cortical segments detected
only using segment with 6135 vertices
erasing segment 1 (vno[0] = 45217)
erasing segment 2 (vno[0] = 61220)
erasing segment 3 (vno[0] = 74029)
erasing segment 4 (vno[0] = 75331)
erasing segment 5 (vno[0] = 102419)
erasing segment 6 (vno[0] = 102688)
#--------------------------------------------
#@# CortexLabel+HipAmyg lh Mon Mar  9 01:18:08 CET 2026
cd /out/sourcedata/freesurfer/sub-v1s16x0051187_ses-1/mri
mri_label2label --label-cortex ../surf/lh.white.preaparc aseg.presurf.mgz 1 ../label/lh.cortex+hipamyg.label

 Generating cortex label... RemoveHipAmgy=1
 NucAccIsMedialWall=0
 mris->useRealRAS=0
12 non-cortical segments detected
only using segment with 4165 vertices
erasing segment 1 (vno[0] = 40344)
erasing segment 2 (vno[0] = 41279)
erasing segment 3 (vno[0] = 47179)
erasing segment 4 (vno[0] = 53761)
erasing segment 5 (vno[0] = 63015)
erasing segment 6 (vno[0] = 66388)
erasing segment 7 (vno[0] = 67064)
erasing segment 8 (vno[0] = 67238)
erasing segment 9 (vno[0] = 74029)
erasing segment 10 (vno[0] = 75331)
erasing segment 11 (vno[0] = 102688)
#--------------------------------------------
#@# Smooth2 lh Mon Mar  9 01:18:16 CET 2026
/out/sourcedata/freesurfer/sub-v1s16x0051187_ses-1/scripts

 mris_smooth -n 3 -nw -seed 1234 ../surf/lh.white.preaparc ../surf/lh.smoothwm 

smoothing for 3 iterations
setting seed for random number generator to 1234
smoothing surface tessellation for 3 iterations...
smoothing complete - recomputing first and second fundamental forms...
#--------------------------------------------
#@# Inflation2 lh Mon Mar  9 01:18:18 CET 2026
/out/sourcedata/freesurfer/sub-v1s16x0051187_ses-1/scripts

 mris_inflate ../surf/lh.smoothwm ../surf/lh.inflated 

Reading ../surf/lh.smoothwm
avg radius = 45.3 mm, total surface area = 78801 mm^2
step 000: RMS=0.176 (target=0.015)   step 005: RMS=0.118 (target=0.015)   step 010: RMS=0.090 (target=0.015)   step 015: RMS=0.077 (target=0.015)   step 020: RMS=0.065 (target=0.015)   step 025: RMS=0.055 (target=0.015)   step 030: RMS=0.046 (target=0.015)   step 035: RMS=0.039 (target=0.015)   step 040: RMS=0.034 (target=0.015)   step 045: RMS=0.031 (target=0.015)   step 050: RMS=0.029 (target=0.015)   step 055: RMS=0.026 (target=0.015)   step 060: RMS=0.025 (target=0.015)   writing inflated surface to ../surf/lh.inflated
writing sulcal depths to ../surf/lh.sulc

inflation complete.
inflation took 0.2 minutes
mris_inflate utimesec    61.573687
mris_inflate stimesec    0.605610
mris_inflate ru_maxrss   193232
mris_inflate ru_ixrss    0
mris_inflate ru_idrss    0
mris_inflate ru_isrss    0
mris_inflate ru_minflt   114565
mris_inflate ru_majflt   6
mris_inflate ru_nswap    0
mris_inflate ru_inblock  130
mris_inflate ru_oublock  9808
mris_inflate ru_msgsnd   0
mris_inflate ru_msgrcv   0
mris_inflate ru_nsignals 0
mris_inflate ru_nvcsw    10568
mris_inflate ru_nivcsw   285
#--------------------------------------------
#@# Curv .H and .K lh Mon Mar  9 01:18:29 CET 2026
/out/sourcedata/freesurfer/sub-v1s16x0051187_ses-1/surf

 mris_curvature -w -seed 1234 lh.white.preaparc 

setting seed for random number generator to 1234
total integrated curvature = 20.102*4pi (252.606) --> -19 handles
ICI = 165.6, FI = 1567.2, variation=24966.977
writing Gaussian curvature to ./lh.white.preaparc.K...done.
writing mean curvature to ./lh.white.preaparc.H...done.
rm -f lh.white.H
ln -s lh.white.preaparc.H lh.white.H
rm -f lh.white.K
ln -s lh.white.preaparc.K lh.white.K

 mris_curvature -seed 1234 -thresh .999 -n -a 5 -w -distances 10 10 lh.inflated 

setting seed for random number generator to 1234
normalizing curvature values.
averaging curvature patterns 5 times.
sampling 10 neighbors out to a distance of 10 mm
162 vertices thresholded to be in k1 ~ [-7.80 0.27], k2 ~ [-0.25 0.26]
total integrated curvature = 0.281*4pi (3.529) --> 1 handles
ICI = 1.4, FI = 9.7, variation=164.561
144 vertices thresholded to be in [-0.07 0.13]
writing Gaussian curvature to ./lh.inflated.K...thresholding curvature at 99.90% level
curvature mean = 0.000, std = 0.003
82 vertices thresholded to be in [-1.19 0.12]
done.
writing mean curvature to ./lh.inflated.H...curvature mean = -0.018, std = 0.030
done.
#--------------------------------------------
#@# Sphere lh Mon Mar  9 01:19:03 CET 2026
/out/sourcedata/freesurfer/sub-v1s16x0051187_ses-1/scripts

 mris_sphere -seed 1234 ../surf/lh.inflated ../surf/lh.sphere 

setting seed for random number genererator to 1234
version: 7.3.2
available threads: 16
reading original vertex positions...
projecting onto sphere...
surface projected - minimizing metric distortion...
scaling brain by 0.277...
MRISunfold() max_passes = 1 -------
tol=5.0e-01, sigma=0.0, host=dna07, nav=1024, nbrs=2, l_area=1.000, l_dist=1.000
using quadratic fit line minimization
complete_dist_mat 0
rms 0
smooth_averages 0
remove_neg 0
ico_order 0
which_surface 0
target_radius 0.000000
nfields 0
scale 1.000000
desired_rms_height -1.000000
momentum 0.900000
nbhd_size 7
max_nbrs 8
niterations 25
nsurfaces 0
SURFACES 3
flags 0 (0)
use curv 0
no sulc 0
no rigid align 0
mris->nsize 2
mris->hemisphere 0
randomSeed 1234

singular matrix in quadratic form
--------------------
  mrisRemoveNegativeArea()
pass 1: epoch 1 of 3 starting distance error %21.08
pass 1: epoch 2 of 3 starting distance error %21.05
unfolding complete - removing small folds...
starting distance error %20.94
removing remaining folds...
final distance error %20.98
MRISunfold() return, current seed 1234
-01: dt=0.0000,  34 negative triangles  VmPeak 1726940
183: dt=0.9900,  34 negative triangles
184: dt=0.9900,  19 negative triangles
185: dt=0.9900,  14 negative triangles
186: dt=0.9900,  19 negative triangles
187: dt=0.9900,  16 negative triangles
188: dt=0.9900,  16 negative triangles
189: dt=0.9900,  16 negative triangles
190: dt=0.9900,  16 negative triangles
191: dt=0.9900,  16 negative triangles
192: dt=0.9900,  15 negative triangles
193: dt=0.9900,  16 negative triangles
194: dt=0.9900,  15 negative triangles
195: dt=0.9405,  15 negative triangles
196: dt=0.9405,  15 negative triangles
197: dt=0.9405,  15 negative triangles
198: dt=0.9405,  18 negative triangles
199: dt=0.9405,  16 negative triangles
200: dt=0.9405,  17 negative triangles
201: dt=0.9405,  16 negative triangles
202: dt=0.9405,  16 negative triangles
203: dt=0.9405,  16 negative triangles
204: dt=0.9405,  17 negative triangles
205: dt=0.8935,  17 negative triangles
206: dt=0.8935,  17 negative triangles
207: dt=0.8935,  17 negative triangles
208: dt=0.8935,  16 negative triangles
209: dt=0.8935,  17 negative triangles
210: dt=0.8935,  17 negative triangles
211: dt=0.8935,  16 negative triangles
212: dt=0.8935,  16 negative triangles
213: dt=0.8935,  17 negative triangles
214: dt=0.8935,  16 negative triangles
215: dt=0.8488,  18 negative triangles
216: dt=0.8488,  18 negative triangles
217: dt=0.8488,  18 negative triangles
218: dt=0.8488,  18 negative triangles
219: dt=0.8488,  19 negative triangles
220: dt=0.8488,  17 negative triangles
221: dt=0.8488,  18 negative triangles
222: dt=0.8488,  17 negative triangles
223: dt=0.8488,  18 negative triangles
224: dt=0.8488,  17 negative triangles
225: dt=0.8064,  20 negative triangles
226: dt=0.8064,  16 negative triangles
227: dt=0.8064,  18 negative triangles
228: dt=0.8064,  18 negative triangles
229: dt=0.8064,  18 negative triangles
230: dt=0.8064,  19 negative triangles
231: dt=0.8064,  19 negative triangles
232: dt=0.8064,  17 negative triangles
233: dt=0.8064,  18 negative triangles
234: dt=0.8064,  19 negative triangles
235: dt=0.7660,  19 negative triangles
expanding nbhd size to 1
236: dt=0.9900,  18 negative triangles
237: dt=0.9900,  18 negative triangles
238: dt=0.9900,  19 negative triangles
239: dt=0.9900,  18 negative triangles
240: dt=0.9900,  17 negative triangles
241: dt=0.9900,  16 negative triangles
242: dt=0.9900,  18 negative triangles
243: dt=0.9900,  18 negative triangles
244: dt=0.9900,  18 negative triangles
245: dt=0.9405,  18 negative triangles
246: dt=0.9405,  18 negative triangles
247: dt=0.9405,  18 negative triangles
248: dt=0.9405,  18 negative triangles
249: dt=0.9405,  18 negative triangles
250: dt=0.9405,  18 negative triangles
251: dt=0.9405,  18 negative triangles
252: dt=0.9405,  18 negative triangles
253: dt=0.9405,  18 negative triangles
254: dt=0.9405,  18 negative triangles
255: dt=0.8935,  18 negative triangles
256: dt=0.8935,  17 negative triangles
257: dt=0.8935,  17 negative triangles
258: dt=0.8935,  17 negative triangles
259: dt=0.8935,  17 negative triangles
260: dt=0.8935,  17 negative triangles
261: dt=0.8935,  17 negative triangles
262: dt=0.8935,  17 negative triangles
263: dt=0.8935,  16 negative triangles
264: dt=0.8935,  16 negative triangles
265: dt=0.8488,  16 negative triangles
266: dt=0.8488,  16 negative triangles
267: dt=0.8488,  16 negative triangles
268: dt=0.8488,  16 negative triangles
269: dt=0.8488,  16 negative triangles
270: dt=0.8488,  16 negative triangles
271: dt=0.8488,  16 negative triangles
272: dt=0.8488,  16 negative triangles
273: dt=0.8488,  16 negative triangles
274: dt=0.8488,  16 negative triangles
275: dt=0.8064,  16 negative triangles
276: dt=0.8064,  16 negative triangles
277: dt=0.8064,  17 negative triangles
278: dt=0.8064,  18 negative triangles
279: dt=0.8064,  17 negative triangles
280: dt=0.8064,  18 negative triangles
281: dt=0.8064,  18 negative triangles
282: dt=0.8064,  17 negative triangles
283: dt=0.8064,  18 negative triangles
284: dt=0.8064,  17 negative triangles
285: dt=0.7660,  17 negative triangles
286: dt=0.7660,  17 negative triangles
287: dt=0.7660,  17 negative triangles
288: dt=0.7660,  18 negative triangles
289: dt=0.7660,  17 negative triangles
290: dt=0.7660,  17 negative triangles
291: dt=0.7660,  17 negative triangles
292: dt=0.7660,  17 negative triangles
293: dt=0.7660,  17 negative triangles
294: dt=0.7660,  17 negative triangles
295: dt=0.7277,  19 negative triangles
296: dt=0.7277,  18 negative triangles
297: dt=0.7277,  17 negative triangles
298: dt=0.7277,  18 negative triangles
299: dt=0.7277,  18 negative triangles
300: dt=0.7277,  17 negative triangles
301: dt=0.7277,  18 negative triangles
302: dt=0.7277,  17 negative triangles
303: dt=0.7277,  18 negative triangles
304: dt=0.7277,  19 negative triangles
305: dt=0.6914,  19 negative triangles
306: dt=0.6914,  16 negative triangles
307: dt=0.6914,  16 negative triangles
308: dt=0.6914,  17 negative triangles
309: dt=0.6914,  17 negative triangles
310: dt=0.6914,  16 negative triangles
311: dt=0.6914,  17 negative triangles
312: dt=0.6914,  18 negative triangles
313: dt=0.6914,  19 negative triangles
314: dt=0.6914,  16 negative triangles
315: dt=0.6568,  16 negative triangles
316: dt=0.6568,  18 negative triangles
317: dt=0.6568,  16 negative triangles
318: dt=0.6568,  16 negative triangles
319: dt=0.6568,  17 negative triangles
320: dt=0.6568,  16 negative triangles
321: dt=0.6568,  18 negative triangles
322: dt=0.6568,  18 negative triangles
323: dt=0.6568,  16 negative triangles
324: dt=0.6568,  17 negative triangles
325: dt=0.6239,  17 negative triangles
326: dt=0.6239,  18 negative triangles
327: dt=0.6239,  16 negative triangles
328: dt=0.6239,  17 negative triangles
329: dt=0.6239,  18 negative triangles
330: dt=0.6239,  17 negative triangles
331: dt=0.6239,  17 negative triangles
332: dt=0.6239,  19 negative triangles
333: dt=0.6239,  16 negative triangles
334: dt=0.6239,  17 negative triangles
335: dt=0.5927,  16 negative triangles
336: dt=0.5927,  17 negative triangles
337: dt=0.5927,  19 negative triangles
338: dt=0.5927,  17 negative triangles
339: dt=0.5927,  17 negative triangles
340: dt=0.5927,  16 negative triangles
341: dt=0.5927,  16 negative triangles
342: dt=0.5927,  17 negative triangles
343: dt=0.5927,  17 negative triangles
344: dt=0.5927,  16 negative triangles
345: dt=0.5631,  18 negative triangles
346: dt=0.5631,  18 negative triangles
347: dt=0.5631,  18 negative triangles
348: dt=0.5631,  19 negative triangles
349: dt=0.5631,  19 negative triangles
350: dt=0.5631,  18 negative triangles
351: dt=0.5631,  19 negative triangles
352: dt=0.5631,  16 negative triangles
353: dt=0.5631,  16 negative triangles
354: dt=0.5631,  16 negative triangles
355: dt=0.5350,  18 negative triangles
356: dt=0.5350,  16 negative triangles
357: dt=0.5350,  16 negative triangles
358: dt=0.5350,  16 negative triangles
359: dt=0.5350,  16 negative triangles
360: dt=0.5350,  16 negative triangles
361: dt=0.5350,  16 negative triangles
362: dt=0.5350,  16 negative triangles
363: dt=0.5350,  16 negative triangles
364: dt=0.5350,  17 negative triangles
365: dt=0.5082,  16 negative triangles
366: dt=0.5082,  18 negative triangles
367: dt=0.5082,  18 negative triangles
368: dt=0.5082,  16 negative triangles
369: dt=0.5082,  18 negative triangles
370: dt=0.5082,  16 negative triangles
371: dt=0.5082,  16 negative triangles
372: dt=0.5082,  16 negative triangles
373: dt=0.5082,  18 negative triangles
374: dt=0.5082,  18 negative triangles
375: dt=0.4828,  18 negative triangles
376: dt=0.4828,  18 negative triangles
377: dt=0.4828,  19 negative triangles
378: dt=0.4828,  19 negative triangles
379: dt=0.4828,  18 negative triangles
380: dt=0.4828,  17 negative triangles
381: dt=0.4828,  17 negative triangles
382: dt=0.4828,  16 negative triangles
383: dt=0.4828,  16 negative triangles
384: dt=0.4828,  16 negative triangles
385: dt=0.4587,  17 negative triangles
386: dt=0.4587,  16 negative triangles
387: dt=0.4587,  18 negative triangles
388: dt=0.4587,  18 negative triangles
389: dt=0.4587,  18 negative triangles
390: dt=0.4587,  16 negative triangles
391: dt=0.4587,  16 negative triangles
392: dt=0.4587,  16 negative triangles
393: dt=0.4587,  16 negative triangles
394: dt=0.4587,  16 negative triangles
395: dt=0.4357,  16 negative triangles
396: dt=0.4357,  17 negative triangles
397: dt=0.4357,  18 negative triangles
398: dt=0.4357,  18 negative triangles
399: dt=0.4357,  18 negative triangles
400: dt=0.4357,  17 negative triangles
401: dt=0.4357,  17 negative triangles
402: dt=0.4357,  16 negative triangles
403: dt=0.4357,  18 negative triangles
404: dt=0.4357,  16 negative triangles
405: dt=0.4139,  18 negative triangles
406: dt=0.4139,  16 negative triangles
407: dt=0.4139,  17 negative triangles
408: dt=0.4139,  17 negative triangles
409: dt=0.4139,  17 negative triangles
410: dt=0.4139,  18 negative triangles
411: dt=0.4139,  18 negative triangles
412: dt=0.4139,  18 negative triangles
413: dt=0.4139,  17 negative triangles
414: dt=0.4139,  17 negative triangles
415: dt=0.3932,  16 negative triangles
416: dt=0.3932,  19 negative triangles
417: dt=0.3932,  17 negative triangles
418: dt=0.3932,  18 negative triangles
419: dt=0.3932,  17 negative triangles
420: dt=0.3932,  17 negative triangles
421: dt=0.3932,  16 negative triangles
422: dt=0.3932,  16 negative triangles
423: dt=0.3932,  16 negative triangles
424: dt=0.3932,  16 negative triangles
425: dt=0.3736,  16 negative triangles
426: dt=0.3736,  16 negative triangles
427: dt=0.3736,  17 negative triangles
428: dt=0.3736,  16 negative triangles
429: dt=0.3736,  16 negative triangles
430: dt=0.3736,  16 negative triangles
431: dt=0.3736,  16 negative triangles
432: dt=0.3736,  17 negative triangles
433: dt=0.3736,  18 negative triangles
434: dt=0.3736,  19 negative triangles
435: dt=0.3549,  18 negative triangles
436: dt=0.3549,  17 negative triangles
437: dt=0.3549,  17 negative triangles
438: dt=0.3549,  17 negative triangles
439: dt=0.3549,  17 negative triangles
440: dt=0.3549,  17 negative triangles
441: dt=0.3549,  17 negative triangles
442: dt=0.3549,  16 negative triangles
443: dt=0.3549,  16 negative triangles
444: dt=0.3549,  16 negative triangles
445: dt=0.3372,  16 negative triangles
446: dt=0.3372,  16 negative triangles
447: dt=0.3372,  16 negative triangles
448: dt=0.3372,  17 negative triangles
449: dt=0.3372,  16 negative triangles
450: dt=0.3372,  17 negative triangles
451: dt=0.3372,  17 negative triangles
452: dt=0.3372,  17 negative triangles
453: dt=0.3372,  17 negative triangles
454: dt=0.3372,  18 negative triangles
455: dt=0.3203,  16 negative triangles
456: dt=0.3203,  18 negative triangles
457: dt=0.3203,  18 negative triangles
458: dt=0.3203,  17 negative triangles
459: dt=0.3203,  17 negative triangles
460: dt=0.3203,  16 negative triangles
461: dt=0.3203,  16 negative triangles
462: dt=0.3203,  16 negative triangles
463: dt=0.3203,  16 negative triangles
464: dt=0.3203,  17 negative triangles
465: dt=0.3043,  18 negative triangles
466: dt=0.3043,  17 negative triangles
467: dt=0.3043,  17 negative triangles
468: dt=0.3043,  15 negative triangles
469: dt=0.3043,  18 negative triangles
470: dt=0.3043,  16 negative triangles
471: dt=0.3043,  16 negative triangles
472: dt=0.3043,  15 negative triangles
473: dt=0.3043,  15 negative triangles
474: dt=0.3043,  16 negative triangles
475: dt=0.2891,  17 negative triangles
476: dt=0.2891,  16 negative triangles
477: dt=0.2891,  17 negative triangles
478: dt=0.2891,  17 negative triangles
479: dt=0.2891,  16 negative triangles
480: dt=0.2891,  15 negative triangles
481: dt=0.2891,  15 negative triangles
482: dt=0.2891,  16 negative triangles
483: dt=0.2891,  15 negative triangles
484: dt=0.2891,  15 negative triangles
485: dt=0.2746,  15 negative triangles
486: dt=0.2746,  16 negative triangles
487: dt=0.2746,  15 negative triangles
488: dt=0.2746,  17 negative triangles
489: dt=0.2746,  17 negative triangles
490: dt=0.2746,  16 negative triangles
491: dt=0.2746,  18 negative triangles
492: dt=0.2746,  18 negative triangles
493: dt=0.2746,  15 negative triangles
494: dt=0.2746,  15 negative triangles
495: dt=0.2609,  16 negative triangles
496: dt=0.2609,  15 negative triangles
497: dt=0.2609,  16 negative triangles
498: dt=0.2609,  17 negative triangles
499: dt=0.2609,  17 negative triangles
500: dt=0.2609,  16 negative triangles
501: dt=0.2609,  16 negative triangles
502: dt=0.2609,  16 negative triangles
503: dt=0.2609,  18 negative triangles
504: dt=0.2609,  17 negative triangles
505: dt=0.2478,  17 negative triangles
506: dt=0.2478,  18 negative triangles
507: dt=0.2478,  18 negative triangles
508: dt=0.2478,  18 negative triangles
509: dt=0.2478,  17 negative triangles
510: dt=0.2478,  17 negative triangles
511: dt=0.2478,  15 negative triangles
512: dt=0.2478,  16 negative triangles
513: dt=0.2478,  15 negative triangles
514: dt=0.2478,  15 negative triangles
515: dt=0.2354,  16 negative triangles
516: dt=0.2354,  16 negative triangles
517: dt=0.2354,  16 negative triangles
518: dt=0.2354,  17 negative triangles
519: dt=0.2354,  17 negative triangles
520: dt=0.2354,  16 negative triangles
521: dt=0.2354,  15 negative triangles
522: dt=0.2354,  17 negative triangles
523: dt=0.2354,  17 negative triangles
524: dt=0.2354,  15 negative triangles
525: dt=0.2237,  18 negative triangles
526: dt=0.2237,  16 negative triangles
527: dt=0.2237,  16 negative triangles
528: dt=0.2237,  16 negative triangles
529: dt=0.2237,  16 negative triangles
530: dt=0.2237,  15 negative triangles
531: dt=0.2237,  15 negative triangles
532: dt=0.2237,  16 negative triangles
533: dt=0.2237,  18 negative triangles
534: dt=0.2237,  16 negative triangles
535: dt=0.2125,  17 negative triangles
536: dt=0.2125,  16 negative triangles
537: dt=0.2125,  15 negative triangles
538: dt=0.2125,  16 negative triangles
539: dt=0.2125,  15 negative triangles
540: dt=0.2125,  16 negative triangles
541: dt=0.2125,  16 negative triangles
542: dt=0.2125,  16 negative triangles
543: dt=0.2125,  14 negative triangles
544: dt=0.2125,  15 negative triangles
545: dt=0.2019,  15 negative triangles
546: dt=0.2019,  15 negative triangles
547: dt=0.2019,  15 negative triangles
548: dt=0.2019,  15 negative triangles
549: dt=0.2019,  16 negative triangles
550: dt=0.2019,  16 negative triangles
551: dt=0.2019,  15 negative triangles
552: dt=0.2019,  16 negative triangles
553: dt=0.2019,  16 negative triangles
554: dt=0.2019,  16 negative triangles
555: dt=0.1918,  16 negative triangles
556: dt=0.1918,  15 negative triangles
557: dt=0.1918,  16 negative triangles
558: dt=0.1918,  15 negative triangles
559: dt=0.1918,  17 negative triangles
560: dt=0.1918,  17 negative triangles
561: dt=0.1918,  16 negative triangles
562: dt=0.1918,  17 negative triangles
563: dt=0.1918,  17 negative triangles
564: dt=0.1918,  17 negative triangles
565: dt=0.1822,  16 negative triangles
566: dt=0.1822,  15 negative triangles
567: dt=0.1822,  16 negative triangles
568: dt=0.1822,  15 negative triangles
569: dt=0.1822,  15 negative triangles
570: dt=0.1822,  15 negative triangles
571: dt=0.1822,  15 negative triangles
572: dt=0.1822,  15 negative triangles
573: dt=0.1822,  15 negative triangles
574: dt=0.1822,  15 negative triangles
575: dt=0.1731,  15 negative triangles
576: dt=0.1731,  15 negative triangles
577: dt=0.1731,  15 negative triangles
578: dt=0.1731,  15 negative triangles
579: dt=0.1731,  16 negative triangles
580: dt=0.1731,  16 negative triangles
581: dt=0.1731,  17 negative triangles
582: dt=0.1731,  16 negative triangles
583: dt=0.1731,  16 negative triangles
584: dt=0.1731,  17 negative triangles
585: dt=0.1644,  17 negative triangles
586: dt=0.1644,  17 negative triangles
587: dt=0.1644,  17 negative triangles
588: dt=0.1644,  17 negative triangles
589: dt=0.1644,  17 negative triangles
590: dt=0.1644,  17 negative triangles
591: dt=0.1644,  16 negative triangles
592: dt=0.1644,  16 negative triangles
593: dt=0.1644,  16 negative triangles
594: dt=0.1644,  15 negative triangles
595: dt=0.1562,  16 negative triangles
596: dt=0.1562,  15 negative triangles
597: dt=0.1562,  15 negative triangles
598: dt=0.1562,  15 negative triangles
599: dt=0.1562,  16 negative triangles
600: dt=0.1562,  16 negative triangles
601: dt=0.1562,  17 negative triangles
602: dt=0.1562,  17 negative triangles
603: dt=0.1562,  17 negative triangles
604: dt=0.1562,  17 negative triangles
605: dt=0.1484,  19 negative triangles
606: dt=0.1484,  17 negative triangles
607: dt=0.1484,  18 negative triangles
608: dt=0.1484,  16 negative triangles
609: dt=0.1484,  17 negative triangles
610: dt=0.1484,  17 negative triangles
611: dt=0.1484,  16 negative triangles
612: dt=0.1484,  17 negative triangles
613: dt=0.1484,  15 negative triangles
614: dt=0.1484,  16 negative triangles
615: dt=0.1410,  16 negative triangles
616: dt=0.1410,  17 negative triangles
617: dt=0.1410,  17 negative triangles
618: dt=0.1410,  16 negative triangles
619: dt=0.1410,  16 negative triangles
620: dt=0.1410,  16 negative triangles
621: dt=0.1410,  16 negative triangles
622: dt=0.1410,  16 negative triangles
623: dt=0.1410,  17 negative triangles
624: dt=0.1410,  17 negative triangles
625: dt=0.1339,  17 negative triangles
626: dt=0.1339,  17 negative triangles
627: dt=0.1339,  16 negative triangles
628: dt=0.1339,  16 negative triangles
629: dt=0.1339,  16 negative triangles
630: dt=0.1339,  16 negative triangles
631: dt=0.1339,  16 negative triangles
632: dt=0.1339,  16 negative triangles
633: dt=0.1339,  16 negative triangles
634: dt=0.1339,  17 negative triangles
635: dt=0.1272,  18 negative triangles
636: dt=0.1272,  16 negative triangles
637: dt=0.1272,  15 negative triangles
638: dt=0.1272,  15 negative triangles
639: dt=0.1272,  16 negative triangles
640: dt=0.1272,  15 negative triangles
641: dt=0.1272,  16 negative triangles
642: dt=0.1272,  16 negative triangles
643: dt=0.1272,  17 negative triangles
644: dt=0.1272,  16 negative triangles
645: dt=0.1209,  15 negative triangles
646: dt=0.1209,  15 negative triangles
647: dt=0.1209,  15 negative triangles
648: dt=0.1209,  16 negative triangles
649: dt=0.1209,  15 negative triangles
650: dt=0.1209,  16 negative triangles
651: dt=0.1209,  14 negative triangles
652: dt=0.1209,  16 negative triangles
653: dt=0.1209,  16 negative triangles
654: dt=0.1209,  16 negative triangles
655: dt=0.1148,  16 negative triangles
656: dt=0.1148,  16 negative triangles
657: dt=0.1148,  15 negative triangles
658: dt=0.1148,  15 negative triangles
659: dt=0.1148,  16 negative triangles
660: dt=0.1148,  15 negative triangles
661: dt=0.1148,  16 negative triangles
662: dt=0.1148,  17 negative triangles
663: dt=0.1148,  17 negative triangles
664: dt=0.1148,  17 negative triangles
665: dt=0.1091,  17 negative triangles
666: dt=0.1091,  17 negative triangles
667: dt=0.1091,  17 negative triangles
668: dt=0.1091,  17 negative triangles
669: dt=0.1091,  17 negative triangles
670: dt=0.1091,  17 negative triangles
671: dt=0.1091,  17 negative triangles
672: dt=0.1091,  16 negative triangles
673: dt=0.1091,  17 negative triangles
674: dt=0.1091,  17 negative triangles
675: dt=0.1036,  17 negative triangles
676: dt=0.1036,  17 negative triangles
677: dt=0.1036,  17 negative triangles
678: dt=0.1036,  17 negative triangles
679: dt=0.1036,  17 negative triangles
680: dt=0.1036,  18 negative triangles
681: dt=0.1036,  18 negative triangles
682: dt=0.1036,  17 negative triangles
683: dt=0.1036,  18 negative triangles
684: dt=0.1036,  18 negative triangles
685: dt=0.0984,  18 negative triangles
686: dt=0.0984,  18 negative triangles
687: dt=0.0984,  17 negative triangles
688: dt=0.0984,  17 negative triangles
689: dt=0.0984,  17 negative triangles
690: dt=0.0984,  17 negative triangles
691: dt=0.0984,  17 negative triangles
692: dt=0.0984,  17 negative triangles
693: dt=0.0984,  17 negative triangles
694: dt=0.0984,  16 negative triangles
695: dt=0.0935,  16 negative triangles
696: dt=0.0935,  16 negative triangles
697: dt=0.0935,  16 negative triangles
698: dt=0.0935,  16 negative triangles
699: dt=0.0935,  17 negative triangles
700: dt=0.0935,  17 negative triangles
701: dt=0.0935,  17 negative triangles
702: dt=0.0935,  16 negative triangles
703: dt=0.0935,  16 negative triangles
704: dt=0.0935,  16 negative triangles
705: dt=0.0888,  17 negative triangles
706: dt=0.0888,  17 negative triangles
707: dt=0.0888,  17 negative triangles
708: dt=0.0888,  17 negative triangles
709: dt=0.0888,  17 negative triangles
710: dt=0.0888,  17 negative triangles
711: dt=0.0888,  17 negative triangles
712: dt=0.0888,  17 negative triangles
713: dt=0.0888,  17 negative triangles
714: dt=0.0888,  17 negative triangles
715: dt=0.0844,  16 negative triangles
716: dt=0.0844,  17 negative triangles
717: dt=0.0844,  16 negative triangles
718: dt=0.0844,  17 negative triangles
719: dt=0.0844,  17 negative triangles
720: dt=0.0844,  18 negative triangles
721: dt=0.0844,  15 negative triangles
722: dt=0.0844,  15 negative triangles
723: dt=0.0844,  16 negative triangles
724: dt=0.0844,  15 negative triangles
725: dt=0.0802,  15 negative triangles
726: dt=0.0802,  15 negative triangles
727: dt=0.0802,  15 negative triangles
728: dt=0.0802,  17 negative triangles
729: dt=0.0802,  17 negative triangles
730: dt=0.0802,  16 negative triangles
731: dt=0.0802,  16 negative triangles
732: dt=0.0802,  16 negative triangles
733: dt=0.0802,  16 negative triangles
734: dt=0.0802,  16 negative triangles
735: dt=0.0762,  15 negative triangles
736: dt=0.0762,  15 negative triangles
737: dt=0.0762,  16 negative triangles
738: dt=0.0762,  16 negative triangles
739: dt=0.0762,  16 negative triangles
740: dt=0.0762,  16 negative triangles
741: dt=0.0762,  16 negative triangles
742: dt=0.0762,  16 negative triangles
743: dt=0.0762,  16 negative triangles
744: dt=0.0762,  15 negative triangles
745: dt=0.0724,  15 negative triangles
746: dt=0.0724,  15 negative triangles
747: dt=0.0724,  16 negative triangles
748: dt=0.0724,  16 negative triangles
749: dt=0.0724,  16 negative triangles
750: dt=0.0724,  16 negative triangles
751: dt=0.0724,  16 negative triangles
752: dt=0.0724,  15 negative triangles
753: dt=0.0724,  15 negative triangles
754: dt=0.0724,  15 negative triangles
755: dt=0.0687,  15 negative triangles
756: dt=0.0687,  15 negative triangles
757: dt=0.0687,  15 negative triangles
758: dt=0.0687,  15 negative triangles
759: dt=0.0687,  15 negative triangles
760: dt=0.0687,  15 negative triangles
761: dt=0.0687,  15 negative triangles
762: dt=0.0687,  15 negative triangles
763: dt=0.0687,  16 negative triangles
764: dt=0.0687,  16 negative triangles
765: dt=0.0653,  16 negative triangles
766: dt=0.0653,  16 negative triangles
767: dt=0.0653,  17 negative triangles
768: dt=0.0653,  17 negative triangles
769: dt=0.0653,  15 negative triangles
770: dt=0.0653,  16 negative triangles
771: dt=0.0653,  17 negative triangles
772: dt=0.0653,  17 negative triangles
773: dt=0.0653,  16 negative triangles
774: dt=0.0653,  17 negative triangles
775: dt=0.0620,  17 negative triangles
776: dt=0.0620,  16 negative triangles
777: dt=0.0620,  16 negative triangles
778: dt=0.0620,  16 negative triangles
779: dt=0.0620,  16 negative triangles
780: dt=0.0620,  16 negative triangles
781: dt=0.0620,  16 negative triangles
782: dt=0.0620,  16 negative triangles
783: dt=0.0620,  17 negative triangles
784: dt=0.0620,  17 negative triangles
785: dt=0.0589,  17 negative triangles
786: dt=0.0589,  18 negative triangles
787: dt=0.0589,  18 negative triangles
788: dt=0.0589,  18 negative triangles
789: dt=0.0589,  17 negative triangles
790: dt=0.0589,  16 negative triangles
791: dt=0.0589,  15 negative triangles
792: dt=0.0589,  17 negative triangles
793: dt=0.0589,  17 negative triangles
794: dt=0.0589,  16 negative triangles
795: dt=0.0560,  14 negative triangles
796: dt=0.0560,  17 negative triangles
797: dt=0.0560,  16 negative triangles
798: dt=0.0560,  16 negative triangles
799: dt=0.0560,  16 negative triangles
800: dt=0.0560,  17 negative triangles
801: dt=0.0560,  17 negative triangles
802: dt=0.0560,  17 negative triangles
803: dt=0.0560,  15 negative triangles
804: dt=0.0560,  16 negative triangles
805: dt=0.0532,  16 negative triangles
806: dt=0.0532,  16 negative triangles
807: dt=0.0532,  17 negative triangles
808: dt=0.0532,  16 negative triangles
809: dt=0.0532,  15 negative triangles
810: dt=0.0532,  15 negative triangles
811: dt=0.0532,  16 negative triangles
812: dt=0.0532,  17 negative triangles
813: dt=0.0532,  17 negative triangles
814: dt=0.0532,  18 negative triangles
815: dt=0.0505,  18 negative triangles
816: dt=0.0505,  17 negative triangles
817: dt=0.0505,  16 negative triangles
818: dt=0.0505,  16 negative triangles
819: dt=0.0505,  16 negative triangles
820: dt=0.0505,  15 negative triangles
821: dt=0.0505,  15 negative triangles
822: dt=0.0505,  14 negative triangles
823: dt=0.0505,  14 negative triangles
824: dt=0.0505,  15 negative triangles
825: dt=0.0480,  15 negative triangles
826: dt=0.0480,  15 negative triangles
827: dt=0.0480,  15 negative triangles
828: dt=0.0480,  16 negative triangles
829: dt=0.0480,  15 negative triangles
830: dt=0.0480,  17 negative triangles
831: dt=0.0480,  17 negative triangles
832: dt=0.0480,  17 negative triangles
833: dt=0.0480,  17 negative triangles
834: dt=0.0480,  17 negative triangles
835: dt=0.0456,  16 negative triangles
836: dt=0.0456,  16 negative triangles
837: dt=0.0456,  16 negative triangles
838: dt=0.0456,  16 negative triangles
839: dt=0.0456,  16 negative triangles
840: dt=0.0456,  16 negative triangles
841: dt=0.0456,  16 negative triangles
842: dt=0.0456,  16 negative triangles
843: dt=0.0456,  16 negative triangles
844: dt=0.0456,  16 negative triangles
845: dt=0.0433,  16 negative triangles
846: dt=0.0433,  16 negative triangles
847: dt=0.0433,  16 negative triangles
848: dt=0.0433,  17 negative triangles
849: dt=0.0433,  17 negative triangles
850: dt=0.0433,  17 negative triangles
851: dt=0.0433,  18 negative triangles
852: dt=0.0433,  17 negative triangles
853: dt=0.0433,  18 negative triangles
854: dt=0.0433,  17 negative triangles
855: dt=0.0412,  18 negative triangles
856: dt=0.0412,  18 negative triangles
857: dt=0.0412,  18 negative triangles
858: dt=0.0412,  17 negative triangles
859: dt=0.0412,  17 negative triangles
860: dt=0.0412,  17 negative triangles
861: dt=0.0412,  16 negative triangles
862: dt=0.0412,  16 negative triangles
863: dt=0.0412,  16 negative triangles
864: dt=0.0412,  16 negative triangles
865: dt=0.0391,  17 negative triangles
866: dt=0.0391,  17 negative triangles
867: dt=0.0391,  17 negative triangles
868: dt=0.0391,  17 negative triangles
869: dt=0.0391,  16 negative triangles
870: dt=0.0391,  17 negative triangles
871: dt=0.0391,  17 negative triangles
872: dt=0.0391,  16 negative triangles
873: dt=0.0391,  16 negative triangles
874: dt=0.0391,  16 negative triangles
875: dt=0.0371,  17 negative triangles
876: dt=0.0371,  17 negative triangles
877: dt=0.0371,  16 negative triangles
878: dt=0.0371,  16 negative triangles
879: dt=0.0371,  16 negative triangles
880: dt=0.0371,  16 negative triangles
881: dt=0.0371,  16 negative triangles
882: dt=0.0371,  16 negative triangles
883: dt=0.0371,  15 negative triangles
884: dt=0.0371,  16 negative triangles
885: dt=0.0353,  16 negative triangles
886: dt=0.0353,  17 negative triangles
887: dt=0.0353,  17 negative triangles
888: dt=0.0353,  17 negative triangles
889: dt=0.0353,  16 negative triangles
890: dt=0.0353,  16 negative triangles
891: dt=0.0353,  16 negative triangles
892: dt=0.0353,  16 negative triangles
893: dt=0.0353,  16 negative triangles
894: dt=0.0353,  16 negative triangles
895: dt=0.0335,  15 negative triangles
896: dt=0.0335,  16 negative triangles
897: dt=0.0335,  16 negative triangles
898: dt=0.0335,  16 negative triangles
899: dt=0.0335,  15 negative triangles
900: dt=0.0335,  15 negative triangles
901: dt=0.0335,  16 negative triangles
902: dt=0.0335,  15 negative triangles
903: dt=0.0335,  15 negative triangles
904: dt=0.0335,  16 negative triangles
905: dt=0.0319,  16 negative triangles
906: dt=0.0319,  16 negative triangles
907: dt=0.0319,  16 negative triangles
908: dt=0.0319,  16 negative triangles
909: dt=0.0319,  16 negative triangles
910: dt=0.0319,  16 negative triangles
911: dt=0.0319,  16 negative triangles
912: dt=0.0319,  16 negative triangles
913: dt=0.0319,  15 negative triangles
914: dt=0.0319,  15 negative triangles
915: dt=0.0303,  15 negative triangles
916: dt=0.0303,  15 negative triangles
917: dt=0.0303,  16 negative triangles
918: dt=0.0303,  16 negative triangles
919: dt=0.0303,  17 negative triangles
920: dt=0.0303,  15 negative triangles
921: dt=0.0303,  15 negative triangles
922: dt=0.0303,  15 negative triangles
923: dt=0.0303,  17 negative triangles
924: dt=0.0303,  16 negative triangles
925: dt=0.0287,  17 negative triangles
926: dt=0.0287,  17 negative triangles
927: dt=0.0287,  17 negative triangles
928: dt=0.0287,  16 negative triangles
929: dt=0.0287,  16 negative triangles
930: dt=0.0287,  16 negative triangles
931: dt=0.0287,  16 negative triangles
932: dt=0.0287,  16 negative triangles
933: dt=0.0287,  17 negative triangles
934: dt=0.0287,  17 negative triangles
935: dt=0.0273,  17 negative triangles
936: dt=0.0273,  17 negative triangles
937: dt=0.0273,  16 negative triangles
938: dt=0.0273,  16 negative triangles
939: dt=0.0273,  16 negative triangles
940: dt=0.0273,  15 negative triangles
941: dt=0.0273,  16 negative triangles
942: dt=0.0273,  16 negative triangles
943: dt=0.0273,  16 negative triangles
944: dt=0.0273,  15 negative triangles
945: dt=0.0259,  15 negative triangles
946: dt=0.0259,  15 negative triangles
947: dt=0.0259,  15 negative triangles
948: dt=0.0259,  15 negative triangles
949: dt=0.0259,  15 negative triangles
950: dt=0.0259,  15 negative triangles
951: dt=0.0259,  15 negative triangles
952: dt=0.0259,  15 negative triangles
953: dt=0.0259,  15 negative triangles
954: dt=0.0259,  15 negative triangles
955: dt=0.0246,  16 negative triangles
956: dt=0.0246,  16 negative triangles
957: dt=0.0246,  16 negative triangles
958: dt=0.0246,  16 negative triangles
959: dt=0.0246,  15 negative triangles
960: dt=0.0246,  15 negative triangles
961: dt=0.0246,  15 negative triangles
962: dt=0.0246,  15 negative triangles
963: dt=0.0246,  15 negative triangles
964: dt=0.0246,  15 negative triangles
965: dt=0.0234,  15 negative triangles
966: dt=0.0234,  15 negative triangles
967: dt=0.0234,  15 negative triangles
968: dt=0.0234,  15 negative triangles
969: dt=0.0234,  15 negative triangles
970: dt=0.0234,  15 negative triangles
971: dt=0.0234,  16 negative triangles
972: dt=0.0234,  16 negative triangles
973: dt=0.0234,  16 negative triangles
974: dt=0.0234,  18 negative triangles
975: dt=0.0222,  17 negative triangles
976: dt=0.0222,  16 negative triangles
977: dt=0.0222,  15 negative triangles
978: dt=0.0222,  15 negative triangles
979: dt=0.0222,  15 negative triangles
980: dt=0.0222,  15 negative triangles
981: dt=0.0222,  16 negative triangles
982: dt=0.0222,  15 negative triangles
983: dt=0.0222,  16 negative triangles
984: dt=0.0222,  15 negative triangles
985: dt=0.0211,  15 negative triangles
986: dt=0.0211,  15 negative triangles
987: dt=0.0211,  15 negative triangles
988: dt=0.0211,  15 negative triangles
989: dt=0.0211,  15 negative triangles
990: dt=0.0211,  15 negative triangles
991: dt=0.0211,  15 negative triangles
992: dt=0.0211,  15 negative triangles
993: dt=0.0211,  15 negative triangles
994: dt=0.0211,  15 negative triangles
995: dt=0.0201,  16 negative triangles
996: dt=0.0201,  16 negative triangles
997: dt=0.0201,  16 negative triangles
998: dt=0.0201,  16 negative triangles
999: dt=0.0201,  16 negative triangles
1000: dt=0.0201,  16 negative triangles
1001: dt=0.0201,  17 negative triangles
1002: dt=0.0201,  17 negative triangles
1003: dt=0.0201,  16 negative triangles
1004: dt=0.0201,  16 negative triangles
1005: dt=0.0191,  16 negative triangles
1006: dt=0.0191,  16 negative triangles
1007: dt=0.0191,  16 negative triangles
1008: dt=0.0191,  16 negative triangles
1009: dt=0.0191,  16 negative triangles
1010: dt=0.0191,  16 negative triangles
1011: dt=0.0191,  16 negative triangles
1012: dt=0.0191,  16 negative triangles
1013: dt=0.0191,  16 negative triangles
1014: dt=0.0191,  15 negative triangles
1015: dt=0.0181,  15 negative triangles
1016: dt=0.0181,  15 negative triangles
1017: dt=0.0181,  15 negative triangles
1018: dt=0.0181,  15 negative triangles
1019: dt=0.0181,  15 negative triangles
1020: dt=0.0181,  15 negative triangles
1021: dt=0.0181,  15 negative triangles
1022: dt=0.0181,  16 negative triangles
1023: dt=0.0181,  16 negative triangles
1024: dt=0.0181,  16 negative triangles
1025: dt=0.0172,  17 negative triangles
1026: dt=0.0172,  18 negative triangles
1027: dt=0.0172,  18 negative triangles
1028: dt=0.0172,  18 negative triangles
1029: dt=0.0172,  18 negative triangles
1030: dt=0.0172,  18 negative triangles
1031: dt=0.0172,  18 negative triangles
1032: dt=0.0172,  18 negative triangles
1033: dt=0.0172,  18 negative triangles
1034: dt=0.0172,  18 negative triangles
1035: dt=0.0164,  18 negative triangles
1036: dt=0.0164,  17 negative triangles
1037: dt=0.0164,  17 negative triangles
1038: dt=0.0164,  17 negative triangles
1039: dt=0.0164,  17 negative triangles
1040: dt=0.0164,  17 negative triangles
1041: dt=0.0164,  17 negative triangles
1042: dt=0.0164,  17 negative triangles
1043: dt=0.0164,  17 negative triangles
1044: dt=0.0164,  17 negative triangles
1045: dt=0.0155,  16 negative triangles
1046: dt=0.0155,  17 negative triangles
1047: dt=0.0155,  17 negative triangles
1048: dt=0.0155,  17 negative triangles
1049: dt=0.0155,  17 negative triangles
1050: dt=0.0155,  17 negative triangles
1051: dt=0.0155,  17 negative triangles
1052: dt=0.0155,  17 negative triangles
1053: dt=0.0155,  17 negative triangles
1054: dt=0.0155,  17 negative triangles
1055: dt=0.0148,  17 negative triangles
1056: dt=0.0148,  17 negative triangles
1057: dt=0.0148,  17 negative triangles
1058: dt=0.0148,  17 negative triangles
1059: dt=0.0148,  17 negative triangles
1060: dt=0.0148,  17 negative triangles
1061: dt=0.0148,  16 negative triangles
1062: dt=0.0148,  17 negative triangles
1063: dt=0.0148,  17 negative triangles
1064: dt=0.0148,  17 negative triangles
1065: dt=0.0140,  17 negative triangles
1066: dt=0.0140,  17 negative triangles
1067: dt=0.0140,  17 negative triangles
1068: dt=0.0140,  17 negative triangles
1069: dt=0.0140,  17 negative triangles
1070: dt=0.0140,  17 negative triangles
1071: dt=0.0140,  17 negative triangles
1072: dt=0.0140,  17 negative triangles
1073: dt=0.0140,  17 negative triangles
1074: dt=0.0140,  17 negative triangles
1075: dt=0.0133,  17 negative triangles
1076: dt=0.0133,  17 negative triangles
1077: dt=0.0133,  16 negative triangles
1078: dt=0.0133,  17 negative triangles
1079: dt=0.0133,  17 negative triangles
1080: dt=0.0133,  17 negative triangles
1081: dt=0.0133,  17 negative triangles
1082: dt=0.0133,  17 negative triangles
1083: dt=0.0133,  17 negative triangles
1084: dt=0.0133,  17 negative triangles
1085: dt=0.0127,  17 negative triangles
1086: dt=0.0127,  17 negative triangles
1087: dt=0.0127,  17 negative triangles
1088: dt=0.0127,  17 negative triangles
1089: dt=0.0127,  17 negative triangles
1090: dt=0.0127,  17 negative triangles
1091: dt=0.0127,  17 negative triangles
1092: dt=0.0127,  17 negative triangles
1093: dt=0.0127,  17 negative triangles
1094: dt=0.0127,  17 negative triangles
1095: dt=0.0120,  17 negative triangles
1096: dt=0.0120,  17 negative triangles
1097: dt=0.0120,  17 negative triangles
1098: dt=0.0120,  17 negative triangles
1099: dt=0.0120,  17 negative triangles
1100: dt=0.0120,  17 negative triangles
1101: dt=0.0120,  17 negative triangles
1102: dt=0.0120,  17 negative triangles
1103: dt=0.0120,  17 negative triangles
1104: dt=0.0120,  17 negative triangles
1105: dt=0.0114,  18 negative triangles
1106: dt=0.0114,  18 negative triangles
1107: dt=0.0114,  17 negative triangles
1108: dt=0.0114,  17 negative triangles
1109: dt=0.0114,  17 negative triangles
1110: dt=0.0114,  17 negative triangles
1111: dt=0.0114,  17 negative triangles
1112: dt=0.0114,  17 negative triangles
1113: dt=0.0114,  15 negative triangles
1114: dt=0.0114,  15 negative triangles
1115: dt=0.0108,  14 negative triangles
1116: dt=0.0108,  15 negative triangles
1117: dt=0.0108,  15 negative triangles
1118: dt=0.0108,  15 negative triangles
1119: dt=0.0108,  15 negative triangles
1120: dt=0.0108,  15 negative triangles
1121: dt=0.0108,  16 negative triangles
1122: dt=0.0108,  16 negative triangles
1123: dt=0.0108,  16 negative triangles
1124: dt=0.0108,  16 negative triangles
1125: dt=0.0103,  16 negative triangles
1126: dt=0.0103,  16 negative triangles
1127: dt=0.0103,  16 negative triangles
1128: dt=0.0103,  16 negative triangles
1129: dt=0.0103,  15 negative triangles
1130: dt=0.0103,  15 negative triangles
1131: dt=0.0103,  15 negative triangles
1132: dt=0.0103,  15 negative triangles
1133: dt=0.0103,  16 negative triangles
1134: dt=0.0103,  16 negative triangles
1135: dt=0.0098,  16 negative triangles
1136: dt=0.0098,  16 negative triangles
1137: dt=0.0098,  16 negative triangles
1138: dt=0.0098,  16 negative triangles
1139: dt=0.0098,  16 negative triangles
1140: dt=0.0098,  16 negative triangles
1141: dt=0.0098,  15 negative triangles
1142: dt=0.0098,  15 negative triangles
1143: dt=0.0098,  14 negative triangles
1144: dt=0.0098,  14 negative triangles
1145: dt=0.0098,  15 negative triangles
1146: dt=0.0098,  15 negative triangles
1147: dt=0.0098,  15 negative triangles
1148: dt=0.0098,  15 negative triangles
1149: dt=0.0098,  16 negative triangles
1150: dt=0.0098,  16 negative triangles
1151: dt=0.0098,  16 negative triangles
1152: dt=0.0098,  16 negative triangles
1153: dt=0.0098,  17 negative triangles
1154: dt=0.0098,  17 negative triangles
1155: dt=0.0098,  17 negative triangles
1156: dt=0.0098,  17 negative triangles
1157: dt=0.0098,  17 negative triangles
1158: dt=0.0098,  17 negative triangles
1159: dt=0.0098,  17 negative triangles
1160: dt=0.0098,  17 negative triangles
1161: dt=0.0098,  17 negative triangles
1162: dt=0.0098,  17 negative triangles
1163: dt=0.0098,  17 negative triangles
1164: dt=0.0098,  17 negative triangles
1165: dt=0.0098,  16 negative triangles
1166: dt=0.0098,  16 negative triangles
1167: dt=0.0098,  16 negative triangles
1168: dt=0.0098,  16 negative triangles
1169: dt=0.0098,  16 negative triangles
1170: dt=0.0098,  16 negative triangles
1171: dt=0.0098,  16 negative triangles
1172: dt=0.0098,  16 negative triangles
1173: dt=0.0098,  16 negative triangles
1174: dt=0.0098,  16 negative triangles
1175: dt=0.0098,  16 negative triangles
1176: dt=0.0098,  16 negative triangles
1177: dt=0.0098,  17 negative triangles
1178: dt=0.0098,  17 negative triangles
1179: dt=0.0098,  17 negative triangles
1180: dt=0.0098,  17 negative triangles
1181: dt=0.0098,  17 negative triangles
1182: dt=0.0098,  16 negative triangles
1183: dt=0.0098,  16 negative triangles
1184: 16 negative triangles
writing spherical brain to ../surf/lh.sphere
spherical transformation took 0.0932 hours
FSRUNTIME@ mris_sphere  0.0932 hours 16 threads
#VMPC# mris_sphere VmPeak  1726940
mris_sphere done
#--------------------------------------------
#@# Surf Reg lh Mon Mar  9 01:24:38 CET 2026
/out/sourcedata/freesurfer/sub-v1s16x0051187_ses-1/scripts

 mris_register -curv ../surf/lh.sphere /opt/freesurfer/average/lh.folding.atlas.acfb40.noaparc.i12.2016-08-02.tif ../surf/lh.sphere.reg 

using smoothwm curvature for final alignment

cwd /out/sourcedata/freesurfer/sub-v1s16x0051187_ses-1/scripts
cmdline mris_register -curv ../surf/lh.sphere /opt/freesurfer/average/lh.folding.atlas.acfb40.noaparc.i12.2016-08-02.tif ../surf/lh.sphere.reg 

0 inflated.H
1 sulc
2 smoothwm (computed)
7.3.2
  7.3.2
reading surface from ../surf/lh.sphere...
reading template parameterization from /opt/freesurfer/average/lh.folding.atlas.acfb40.noaparc.i12.2016-08-02.tif...
MRISregister() -------
max_passes = 4 
min_degrees = 0.500000 
max_degrees = 64.000000 
nangles = 8 
tol=5.0e-01, sigma=0.0, host=dna07, nav=1024, nbrs=1, l_extern=10000.000, l_parea=0.200, l_nlarea=1.000, l_corr=1.000, l_dist=5.000
using quadratic fit line minimization
complete_dist_mat 0
rms 0
smooth_averages 0
remove_neg 0
ico_order 0
which_surface 0
target_radius 0.000000
nfields 0
scale 0.000000
desired_rms_height -1.000000
momentum 0.950000
nbhd_size -10
max_nbrs 10
niterations 25
nsurfaces 0
SURFACES 3
flags 16 (10)
use curv 16
no sulc 0
no rigid align 0
mris->nsize 1
mris->hemisphere 0
randomSeed 0

tol=5.0e-01, sigma=0.0, host=dna07, nav=1024, nbrs=1, l_extern=10000.000, l_parea=0.200, l_nlarea=1.000, l_corr=1.000, l_dist=5.000
using quadratic fit line minimization
--------------------
1 Reading lh.sulc
tol=1.0e+00, sigma=0.5, host=dna07, nav=1024, nbrs=1, l_extern=10000.000, l_parea=0.200, l_nlarea=1.000, l_corr=0.050, l_spring=0.500, l_dist=5.000
using quadratic fit line minimization
curvature mean = -0.000, std = 5.686
curvature mean = 0.049, std = 0.810
curvature mean = 0.006, std = 0.878
Starting MRISrigidBodyAlignGlobal()
Starting new MRISrigidBodyAlignGlobal_findMinSSE()
  new MRISrigidBodyAlignGlobal_findMinSSE min @ (6.00, -9.00, 15.50) sse = 197764.9, elapsed since starting=0.0513 min
MRISrigidBodyAlignGlobal() done   0.05 min
curvature mean = 0.027, std = 0.839
curvature mean = 0.003, std = 0.954
curvature mean = 0.026, std = 0.851
curvature mean = 0.001, std = 0.982
curvature mean = 0.025, std = 0.854
curvature mean = -0.000, std = 0.993
2 Reading smoothwm
curvature mean = -0.022, std = 0.318
curvature mean = 0.045, std = 0.248
curvature mean = 0.040, std = 0.327
curvature mean = 0.035, std = 0.311
curvature mean = 0.026, std = 0.483
curvature mean = 0.035, std = 0.338
curvature mean = 0.013, std = 0.604
curvature mean = 0.034, std = 0.350
curvature mean = 0.003, std = 0.700
MRISregister() return, current seed 0
-01: dt=0.0000,  27 negative triangles  VmPeak 1583220
105: dt=0.9900,  27 negative triangles
106: dt=0.9900,  23 negative triangles
107: dt=0.9900,  25 negative triangles
108: dt=0.9900,  27 negative triangles
109: dt=0.9900,  23 negative triangles
110: dt=0.9900,  24 negative triangles
111: dt=0.9900,  21 negative triangles
112: dt=0.9900,  24 negative triangles
113: dt=0.9900,  19 negative triangles
114: dt=0.9900,  23 negative triangles
115: dt=0.9900,  19 negative triangles
116: dt=0.9900,  19 negative triangles
117: dt=0.9900,  20 negative triangles
118: dt=0.9900,  20 negative triangles
119: dt=0.9900,  19 negative triangles
120: dt=0.9900,  18 negative triangles
121: dt=0.9900,  16 negative triangles
122: dt=0.9900,  17 negative triangles
123: dt=0.9900,  16 negative triangles
124: dt=0.9900,  16 negative triangles
125: dt=0.9900,  16 negative triangles
126: dt=0.9900,  15 negative triangles
127: dt=0.9900,  15 negative triangles
128: dt=0.9900,  15 negative triangles
129: dt=0.9900,  19 negative triangles
130: dt=0.9900,  16 negative triangles
131: dt=0.9900,  17 negative triangles
132: dt=0.9900,  16 negative triangles
133: dt=0.9900,  16 negative triangles
134: dt=0.9900,  16 negative triangles
135: dt=0.9900,  16 negative triangles
136: dt=0.9405,  17 negative triangles
137: dt=0.9405,  17 negative triangles
138: dt=0.9405,  16 negative triangles
139: dt=0.9405,  15 negative triangles
140: dt=0.9405,  15 negative triangles
141: dt=0.9405,  17 negative triangles
142: dt=0.9405,  17 negative triangles
143: dt=0.9405,  16 negative triangles
144: dt=0.9405,  15 negative triangles
145: dt=0.9405,  15 negative triangles
146: dt=0.8935,  17 negative triangles
147: dt=0.8935,  17 negative triangles
148: dt=0.8935,  14 negative triangles
149: dt=0.8935,  17 negative triangles
150: dt=0.8935,  15 negative triangles
151: dt=0.8935,  15 negative triangles
152: dt=0.8935,  14 negative triangles
153: dt=0.8935,  15 negative triangles
154: dt=0.8935,  17 negative triangles
155: dt=0.8935,  17 negative triangles
156: dt=0.8935,  17 negative triangles
157: dt=0.8935,  15 negative triangles
158: dt=0.8488,  16 negative triangles
159: dt=0.8488,  16 negative triangles
160: dt=0.8488,  16 negative triangles
161: dt=0.8488,  15 negative triangles
162: dt=0.8488,  16 negative triangles
163: dt=0.8488,  15 negative triangles
164: dt=0.8488,  13 negative triangles
165: dt=0.8488,  16 negative triangles
166: dt=0.8488,  14 negative triangles
167: dt=0.8488,  15 negative triangles
168: dt=0.8488,  17 negative triangles
169: dt=0.8488,  14 negative triangles
170: dt=0.8488,  15 negative triangles
171: dt=0.8488,  18 negative triangles
172: dt=0.8488,  16 negative triangles
173: dt=0.8488,  14 negative triangles
174: dt=0.8064,  15 negative triangles
175: dt=0.8064,  13 negative triangles
176: dt=0.8064,  15 negative triangles
177: dt=0.8064,  15 negative triangles
178: dt=0.8064,  14 negative triangles
179: dt=0.8064,  14 negative triangles
180: dt=0.8064,  18 negative triangles
181: dt=0.8064,  17 negative triangles
182: dt=0.8064,  18 negative triangles
183: dt=0.8064,  15 negative triangles
184: dt=0.7660,  13 negative triangles
185: dt=0.7660,  16 negative triangles
186: dt=0.7660,  16 negative triangles
187: dt=0.7660,  14 negative triangles
188: dt=0.7660,  16 negative triangles
189: dt=0.7660,  14 negative triangles
190: dt=0.7660,  16 negative triangles
191: dt=0.7660,  14 negative triangles
192: dt=0.7660,  15 negative triangles
193: dt=0.7660,  15 negative triangles
194: dt=0.7277,  15 negative triangles
195: dt=0.7277,  15 negative triangles
196: dt=0.7277,  16 negative triangles
197: dt=0.7277,  15 negative triangles
198: dt=0.7277,  15 negative triangles
199: dt=0.7277,  16 negative triangles
200: dt=0.7277,  16 negative triangles
201: dt=0.7277,  15 negative triangles
202: dt=0.7277,  15 negative triangles
203: dt=0.7277,  13 negative triangles
204: dt=0.6914,  16 negative triangles
205: dt=0.6914,  14 negative triangles
206: dt=0.6914,  17 negative triangles
207: dt=0.6914,  18 negative triangles
208: dt=0.6914,  16 negative triangles
209: dt=0.6914,  17 negative triangles
210: dt=0.6914,  15 negative triangles
211: dt=0.6914,  17 negative triangles
212: dt=0.6914,  18 negative triangles
213: dt=0.6914,  16 negative triangles
214: dt=0.6568,  17 negative triangles
expanding nbhd size to 1
215: dt=0.9900,  17 negative triangles
216: dt=0.9900,  16 negative triangles
217: dt=0.9900,  18 negative triangles
218: dt=0.9900,  17 negative triangles
219: dt=0.9900,  17 negative triangles
220: dt=0.9900,  16 negative triangles
221: dt=0.9900,  16 negative triangles
222: dt=0.9900,  17 negative triangles
223: dt=0.9900,  16 negative triangles
224: dt=0.9405,  16 negative triangles
225: dt=0.9405,  16 negative triangles
226: dt=0.9405,  16 negative triangles
227: dt=0.9405,  17 negative triangles
228: dt=0.9405,  16 negative triangles
229: dt=0.9405,  16 negative triangles
230: dt=0.9405,  16 negative triangles
231: dt=0.9405,  16 negative triangles
232: dt=0.9405,  16 negative triangles
233: dt=0.9405,  16 negative triangles
234: dt=0.8935,  16 negative triangles
235: dt=0.8935,  17 negative triangles
236: dt=0.8935,  16 negative triangles
237: dt=0.8935,  16 negative triangles
238: dt=0.8935,  15 negative triangles
239: dt=0.8935,  17 negative triangles
240: dt=0.8935,  17 negative triangles
241: dt=0.8935,  17 negative triangles
242: dt=0.8935,  17 negative triangles
243: dt=0.8935,  18 negative triangles
244: dt=0.8488,  18 negative triangles
245: dt=0.8488,  17 negative triangles
246: dt=0.8488,  15 negative triangles
247: dt=0.8488,  16 negative triangles
248: dt=0.8488,  17 negative triangles
249: dt=0.8488,  18 negative triangles
250: dt=0.8488,  15 negative triangles
251: dt=0.8488,  17 negative triangles
252: dt=0.8488,  17 negative triangles
253: dt=0.8488,  17 negative triangles
254: dt=0.8064,  16 negative triangles
255: dt=0.8064,  15 negative triangles
256: dt=0.8064,  15 negative triangles
257: dt=0.8064,  16 negative triangles
258: dt=0.8064,  16 negative triangles
259: dt=0.8064,  16 negative triangles
260: dt=0.8064,  17 negative triangles
261: dt=0.8064,  17 negative triangles
262: dt=0.8064,  16 negative triangles
263: dt=0.8064,  16 negative triangles
264: dt=0.7660,  18 negative triangles
265: dt=0.7660,  16 negative triangles
266: dt=0.7660,  15 negative triangles
267: dt=0.7660,  17 negative triangles
268: dt=0.7660,  18 negative triangles
269: dt=0.7660,  17 negative triangles
270: dt=0.7660,  17 negative triangles
271: dt=0.7660,  17 negative triangles
272: dt=0.7660,  17 negative triangles
273: dt=0.7660,  16 negative triangles
274: dt=0.7277,  16 negative triangles
275: dt=0.7277,  19 negative triangles
276: dt=0.7277,  17 negative triangles
277: dt=0.7277,  17 negative triangles
278: dt=0.7277,  16 negative triangles
279: dt=0.7277,  18 negative triangles
280: dt=0.7277,  17 negative triangles
281: dt=0.7277,  16 negative triangles
282: dt=0.7277,  16 negative triangles
283: dt=0.7277,  18 negative triangles
284: dt=0.6914,  16 negative triangles
285: dt=0.6914,  16 negative triangles
286: dt=0.6914,  18 negative triangles
287: dt=0.6914,  17 negative triangles
288: dt=0.6914,  19 negative triangles
289: dt=0.6914,  16 negative triangles
290: dt=0.6914,  17 negative triangles
291: dt=0.6914,  16 negative triangles
292: dt=0.6914,  18 negative triangles
293: dt=0.6914,  18 negative triangles
294: dt=0.6568,  16 negative triangles
295: dt=0.6568,  18 negative triangles
296: dt=0.6568,  17 negative triangles
297: dt=0.6568,  19 negative triangles
298: dt=0.6568,  16 negative triangles
299: dt=0.6568,  17 negative triangles
300: dt=0.6568,  16 negative triangles
301: dt=0.6568,  16 negative triangles
302: dt=0.6568,  19 negative triangles
303: dt=0.6568,  16 negative triangles
304: dt=0.6239,  16 negative triangles
305: dt=0.6239,  17 negative triangles
306: dt=0.6239,  17 negative triangles
307: dt=0.6239,  18 negative triangles
308: dt=0.6239,  17 negative triangles
309: dt=0.6239,  17 negative triangles
310: dt=0.6239,  17 negative triangles
311: dt=0.6239,  16 negative triangles
312: dt=0.6239,  17 negative triangles
313: dt=0.6239,  17 negative triangles
314: dt=0.5927,  18 negative triangles
315: dt=0.5927,  18 negative triangles
316: dt=0.5927,  16 negative triangles
317: dt=0.5927,  16 negative triangles
318: dt=0.5927,  17 negative triangles
319: dt=0.5927,  16 negative triangles
320: dt=0.5927,  18 negative triangles
321: dt=0.5927,  17 negative triangles
322: dt=0.5927,  17 negative triangles
323: dt=0.5927,  16 negative triangles
324: dt=0.5631,  15 negative triangles
325: dt=0.5631,  15 negative triangles
326: dt=0.5631,  16 negative triangles
327: dt=0.5631,  17 negative triangles
328: dt=0.5631,  15 negative triangles
329: dt=0.5631,  16 negative triangles
330: dt=0.5631,  16 negative triangles
331: dt=0.5631,  15 negative triangles
332: dt=0.5631,  16 negative triangles
333: dt=0.5631,  16 negative triangles
334: dt=0.5350,  17 negative triangles
335: dt=0.5350,  15 negative triangles
336: dt=0.5350,  17 negative triangles
337: dt=0.5350,  16 negative triangles
338: dt=0.5350,  16 negative triangles
339: dt=0.5350,  17 negative triangles
340: dt=0.5350,  15 negative triangles
341: dt=0.5350,  17 negative triangles
342: dt=0.5350,  17 negative triangles
343: dt=0.5350,  16 negative triangles
344: dt=0.5082,  16 negative triangles
345: dt=0.5082,  16 negative triangles
346: dt=0.5082,  16 negative triangles
347: dt=0.5082,  15 negative triangles
348: dt=0.5082,  15 negative triangles
349: dt=0.5082,  17 negative triangles
350: dt=0.5082,  17 negative triangles
351: dt=0.5082,  15 negative triangles
352: dt=0.5082,  15 negative triangles
353: dt=0.5082,  15 negative triangles
354: dt=0.4828,  15 negative triangles
355: dt=0.4828,  14 negative triangles
356: dt=0.4828,  15 negative triangles
357: dt=0.4828,  15 negative triangles
358: dt=0.4828,  15 negative triangles
359: dt=0.4828,  14 negative triangles
360: dt=0.4828,  16 negative triangles
361: dt=0.4828,  15 negative triangles
362: dt=0.4828,  15 negative triangles
363: dt=0.4828,  16 negative triangles
364: dt=0.4587,  16 negative triangles
365: dt=0.4587,  17 negative triangles
366: dt=0.4587,  17 negative triangles
367: dt=0.4587,  16 negative triangles
368: dt=0.4587,  15 negative triangles
369: dt=0.4587,  15 negative triangles
370: dt=0.4587,  15 negative triangles
371: dt=0.4587,  18 negative triangles
372: dt=0.4587,  15 negative triangles
373: dt=0.4587,  16 negative triangles
374: dt=0.4357,  15 negative triangles
375: dt=0.4357,  15 negative triangles
376: dt=0.4357,  14 negative triangles
377: dt=0.4357,  16 negative triangles
378: dt=0.4357,  17 negative triangles
379: dt=0.4357,  17 negative triangles
380: dt=0.4357,  18 negative triangles
381: dt=0.4357,  15 negative triangles
382: dt=0.4357,  15 negative triangles
383: dt=0.4357,  16 negative triangles
384: dt=0.4139,  16 negative triangles
385: dt=0.4139,  17 negative triangles
386: dt=0.4139,  15 negative triangles
387: dt=0.4139,  15 negative triangles
388: dt=0.4139,  17 negative triangles
389: dt=0.4139,  17 negative triangles
390: dt=0.4139,  15 negative triangles
391: dt=0.4139,  16 negative triangles
392: dt=0.4139,  15 negative triangles
393: dt=0.4139,  18 negative triangles
394: dt=0.3932,  18 negative triangles
395: dt=0.3932,  15 negative triangles
396: dt=0.3932,  17 negative triangles
397: dt=0.3932,  17 negative triangles
398: dt=0.3932,  17 negative triangles
399: dt=0.3932,  18 negative triangles
400: dt=0.3932,  18 negative triangles
401: dt=0.3932,  17 negative triangles
402: dt=0.3932,  16 negative triangles
403: dt=0.3932,  18 negative triangles
404: dt=0.3736,  16 negative triangles
405: dt=0.3736,  17 negative triangles
406: dt=0.3736,  16 negative triangles
407: dt=0.3736,  16 negative triangles
408: dt=0.3736,  16 negative triangles
409: dt=0.3736,  17 negative triangles
410: dt=0.3736,  17 negative triangles
411: dt=0.3736,  15 negative triangles
412: dt=0.3736,  16 negative triangles
413: dt=0.3736,  17 negative triangles
414: dt=0.3549,  16 negative triangles
415: dt=0.3549,  17 negative triangles
416: dt=0.3549,  16 negative triangles
417: dt=0.3549,  15 negative triangles
418: dt=0.3549,  16 negative triangles
419: dt=0.3549,  17 negative triangles
420: dt=0.3549,  17 negative triangles
421: dt=0.3549,  13 negative triangles
422: dt=0.3549,  15 negative triangles
423: dt=0.3549,  15 negative triangles
424: dt=0.3372,  15 negative triangles
425: dt=0.3372,  16 negative triangles
426: dt=0.3372,  14 negative triangles
427: dt=0.3372,  16 negative triangles
428: dt=0.3372,  16 negative triangles
429: dt=0.3372,  16 negative triangles
430: dt=0.3372,  16 negative triangles
431: dt=0.3372,  17 negative triangles
432: dt=0.3372,  16 negative triangles
433: dt=0.3372,  17 negative triangles
434: dt=0.3203,  16 negative triangles
435: dt=0.3203,  16 negative triangles
436: dt=0.3203,  16 negative triangles
437: dt=0.3203,  15 negative triangles
438: dt=0.3203,  16 negative triangles
439: dt=0.3203,  15 negative triangles
440: dt=0.3203,  15 negative triangles
441: dt=0.3203,  16 negative triangles
442: dt=0.3203,  14 negative triangles
443: dt=0.3203,  15 negative triangles
444: dt=0.3043,  16 negative triangles
445: dt=0.3043,  17 negative triangles
446: dt=0.3043,  19 negative triangles
447: dt=0.3043,  18 negative triangles
448: dt=0.3043,  16 negative triangles
449: dt=0.3043,  16 negative triangles
450: dt=0.3043,  17 negative triangles
451: dt=0.3043,  15 negative triangles
452: dt=0.3043,  17 negative triangles
453: dt=0.3043,  18 negative triangles
454: dt=0.2891,  16 negative triangles
455: dt=0.2891,  17 negative triangles
456: dt=0.2891,  14 negative triangles
457: dt=0.2891,  16 negative triangles
458: dt=0.2891,  15 negative triangles
459: dt=0.2891,  14 negative triangles
460: dt=0.2891,  13 negative triangles
461: dt=0.2891,  14 negative triangles
462: dt=0.2891,  16 negative triangles
463: dt=0.2891,  17 negative triangles
464: dt=0.2746,  14 negative triangles
465: dt=0.2746,  15 negative triangles
466: dt=0.2746,  17 negative triangles
467: dt=0.2746,  17 negative triangles
468: dt=0.2746,  17 negative triangles
469: dt=0.2746,  14 negative triangles
470: dt=0.2746,  14 negative triangles
471: dt=0.2746,  13 negative triangles
472: dt=0.2746,  14 negative triangles
473: dt=0.2746,  14 negative triangles
474: dt=0.2609,  15 negative triangles
475: dt=0.2609,  13 negative triangles
476: dt=0.2609,  13 negative triangles
477: dt=0.2609,  13 negative triangles
478: dt=0.2609,  12 negative triangles
479: dt=0.2609,  14 negative triangles
480: dt=0.2609,  16 negative triangles
481: dt=0.2609,  15 negative triangles
482: dt=0.2609,  15 negative triangles
483: dt=0.2609,  15 negative triangles
484: dt=0.2609,  15 negative triangles
485: dt=0.2609,  16 negative triangles
486: dt=0.2609,  14 negative triangles
487: dt=0.2609,  15 negative triangles
488: dt=0.2478,  15 negative triangles
489: dt=0.2478,  15 negative triangles
490: dt=0.2478,  18 negative triangles
491: dt=0.2478,  17 negative triangles
492: dt=0.2478,  15 negative triangles
493: dt=0.2478,  15 negative triangles
494: dt=0.2478,  14 negative triangles
495: dt=0.2478,  15 negative triangles
496: dt=0.2478,  16 negative triangles
497: dt=0.2478,  17 negative triangles
498: dt=0.2354,  15 negative triangles
499: dt=0.2354,  15 negative triangles
500: dt=0.2354,  16 negative triangles
501: dt=0.2354,  14 negative triangles
502: dt=0.2354,  17 negative triangles
503: dt=0.2354,  16 negative triangles
504: dt=0.2354,  15 negative triangles
505: dt=0.2354,  15 negative triangles
506: dt=0.2354,  16 negative triangles
507: dt=0.2354,  16 negative triangles
508: dt=0.2237,  16 negative triangles
509: dt=0.2237,  15 negative triangles
510: dt=0.2237,  15 negative triangles
511: dt=0.2237,  15 negative triangles
512: dt=0.2237,  14 negative triangles
513: dt=0.2237,  14 negative triangles
514: dt=0.2237,  16 negative triangles
515: dt=0.2237,  16 negative triangles
516: dt=0.2237,  16 negative triangles
517: dt=0.2237,  16 negative triangles
518: dt=0.2125,  17 negative triangles
519: dt=0.2125,  18 negative triangles
520: dt=0.2125,  18 negative triangles
521: dt=0.2125,  17 negative triangles
522: dt=0.2125,  16 negative triangles
523: dt=0.2125,  16 negative triangles
524: dt=0.2125,  16 negative triangles
525: dt=0.2125,  17 negative triangles
526: dt=0.2125,  17 negative triangles
527: dt=0.2125,  16 negative triangles
528: dt=0.2019,  15 negative triangles
529: dt=0.2019,  16 negative triangles
530: dt=0.2019,  16 negative triangles
531: dt=0.2019,  17 negative triangles
532: dt=0.2019,  15 negative triangles
533: dt=0.2019,  15 negative triangles
534: dt=0.2019,  17 negative triangles
535: dt=0.2019,  17 negative triangles
536: dt=0.2019,  16 negative triangles
537: dt=0.2019,  16 negative triangles
538: dt=0.1918,  16 negative triangles
539: dt=0.1918,  16 negative triangles
540: dt=0.1918,  17 negative triangles
541: dt=0.1918,  17 negative triangles
542: dt=0.1918,  18 negative triangles
543: dt=0.1918,  18 negative triangles
544: dt=0.1918,  18 negative triangles
545: dt=0.1918,  18 negative triangles
546: dt=0.1918,  18 negative triangles
547: dt=0.1918,  18 negative triangles
548: dt=0.1822,  17 negative triangles
549: dt=0.1822,  17 negative triangles
550: dt=0.1822,  17 negative triangles
551: dt=0.1822,  17 negative triangles
552: dt=0.1822,  18 negative triangles
553: dt=0.1822,  17 negative triangles
554: dt=0.1822,  17 negative triangles
555: dt=0.1822,  17 negative triangles
556: dt=0.1822,  17 negative triangles
557: dt=0.1822,  17 negative triangles
558: dt=0.1731,  19 negative triangles
559: dt=0.1731,  17 negative triangles
560: dt=0.1731,  16 negative triangles
561: dt=0.1731,  15 negative triangles
562: dt=0.1731,  16 negative triangles
563: dt=0.1731,  17 negative triangles
564: dt=0.1731,  16 negative triangles
565: dt=0.1731,  16 negative triangles
566: dt=0.1731,  16 negative triangles
567: dt=0.1731,  16 negative triangles
568: dt=0.1644,  14 negative triangles
569: dt=0.1644,  16 negative triangles
570: dt=0.1644,  18 negative triangles
571: dt=0.1644,  14 negative triangles
572: dt=0.1644,  16 negative triangles
573: dt=0.1644,  14 negative triangles
574: dt=0.1644,  15 negative triangles
575: dt=0.1644,  16 negative triangles
576: dt=0.1644,  17 negative triangles
577: dt=0.1644,  15 negative triangles
578: dt=0.1562,  16 negative triangles
579: dt=0.1562,  14 negative triangles
580: dt=0.1562,  15 negative triangles
581: dt=0.1562,  15 negative triangles
582: dt=0.1562,  15 negative triangles
583: dt=0.1562,  14 negative triangles
584: dt=0.1562,  15 negative triangles
585: dt=0.1562,  16 negative triangles
586: dt=0.1562,  16 negative triangles
587: dt=0.1562,  15 negative triangles
588: dt=0.1484,  16 negative triangles
589: dt=0.1484,  16 negative triangles
590: dt=0.1484,  15 negative triangles
591: dt=0.1484,  17 negative triangles
592: dt=0.1484,  17 negative triangles
593: dt=0.1484,  15 negative triangles
594: dt=0.1484,  16 negative triangles
595: dt=0.1484,  15 negative triangles
596: dt=0.1484,  14 negative triangles
597: dt=0.1484,  13 negative triangles
598: dt=0.1410,  13 negative triangles
599: dt=0.1410,  14 negative triangles
600: dt=0.1410,  14 negative triangles
601: dt=0.1410,  16 negative triangles
602: dt=0.1410,  15 negative triangles
603: dt=0.1410,  15 negative triangles
604: dt=0.1410,  17 negative triangles
605: dt=0.1410,  17 negative triangles
606: dt=0.1410,  17 negative triangles
607: dt=0.1410,  17 negative triangles
608: dt=0.1339,  17 negative triangles
609: dt=0.1339,  17 negative triangles
610: dt=0.1339,  16 negative triangles
611: dt=0.1339,  16 negative triangles
612: dt=0.1339,  17 negative triangles
613: dt=0.1339,  17 negative triangles
614: dt=0.1339,  16 negative triangles
615: dt=0.1339,  16 negative triangles
616: dt=0.1339,  15 negative triangles
617: dt=0.1339,  15 negative triangles
618: dt=0.1272,  15 negative triangles
619: dt=0.1272,  13 negative triangles
620: dt=0.1272,  14 negative triangles
621: dt=0.1272,  13 negative triangles
622: dt=0.1272,  14 negative triangles
623: dt=0.1272,  14 negative triangles
624: dt=0.1272,  16 negative triangles
625: dt=0.1272,  17 negative triangles
626: dt=0.1272,  17 negative triangles
627: dt=0.1272,  18 negative triangles
628: dt=0.1209,  18 negative triangles
629: dt=0.1209,  17 negative triangles
630: dt=0.1209,  18 negative triangles
631: dt=0.1209,  18 negative triangles
632: dt=0.1209,  18 negative triangles
633: dt=0.1209,  19 negative triangles
634: dt=0.1209,  19 negative triangles
635: dt=0.1209,  17 negative triangles
636: dt=0.1209,  17 negative triangles
637: dt=0.1209,  17 negative triangles
638: dt=0.1148,  17 negative triangles
639: dt=0.1148,  17 negative triangles
640: dt=0.1148,  17 negative triangles
641: dt=0.1148,  17 negative triangles
642: dt=0.1148,  18 negative triangles
643: dt=0.1148,  17 negative triangles
644: dt=0.1148,  16 negative triangles
645: dt=0.1148,  15 negative triangles
646: dt=0.1148,  14 negative triangles
647: dt=0.1148,  15 negative triangles
648: dt=0.1091,  14 negative triangles
649: dt=0.1091,  15 negative triangles
650: dt=0.1091,  13 negative triangles
651: dt=0.1091,  15 negative triangles
652: dt=0.1091,  16 negative triangles
653: dt=0.1091,  14 negative triangles
654: dt=0.1091,  17 negative triangles
655: dt=0.1091,  16 negative triangles
656: dt=0.1091,  16 negative triangles
657: dt=0.1091,  16 negative triangles
658: dt=0.1036,  14 negative triangles
659: dt=0.1036,  16 negative triangles
660: dt=0.1036,  15 negative triangles
661: dt=0.1036,  16 negative triangles
662: dt=0.1036,  14 negative triangles
663: dt=0.1036,  15 negative triangles
664: dt=0.1036,  15 negative triangles
665: dt=0.1036,  16 negative triangles
666: dt=0.1036,  16 negative triangles
667: dt=0.1036,  15 negative triangles
668: dt=0.0984,  15 negative triangles
669: dt=0.0984,  15 negative triangles
670: dt=0.0984,  17 negative triangles
671: dt=0.0984,  15 negative triangles
672: dt=0.0984,  15 negative triangles
673: dt=0.0984,  16 negative triangles
674: dt=0.0984,  15 negative triangles
675: dt=0.0984,  15 negative triangles
676: dt=0.0984,  15 negative triangles
677: dt=0.0984,  16 negative triangles
678: dt=0.0935,  17 negative triangles
679: dt=0.0935,  17 negative triangles
680: dt=0.0935,  15 negative triangles
681: dt=0.0935,  16 negative triangles
682: dt=0.0935,  15 negative triangles
683: dt=0.0935,  15 negative triangles
684: dt=0.0935,  16 negative triangles
685: dt=0.0935,  14 negative triangles
686: dt=0.0935,  16 negative triangles
687: dt=0.0935,  15 negative triangles
688: dt=0.0888,  13 negative triangles
689: dt=0.0888,  14 negative triangles
690: dt=0.0888,  12 negative triangles
691: dt=0.0888,  13 negative triangles
692: dt=0.0888,  14 negative triangles
693: dt=0.0888,  13 negative triangles
694: dt=0.0888,  14 negative triangles
695: dt=0.0888,  14 negative triangles
696: dt=0.0888,  14 negative triangles
697: dt=0.0888,  14 negative triangles
698: dt=0.0844,  14 negative triangles
699: dt=0.0844,  15 negative triangles
700: dt=0.0844,  15 negative triangles
701: dt=0.0844,  15 negative triangles
702: dt=0.0844,  15 negative triangles
703: dt=0.0844,  15 negative triangles
704: dt=0.0844,  15 negative triangles
705: dt=0.0844,  15 negative triangles
706: dt=0.0844,  15 negative triangles
707: dt=0.0844,  15 negative triangles
708: dt=0.0802,  16 negative triangles
709: dt=0.0802,  16 negative triangles
710: dt=0.0802,  16 negative triangles
711: dt=0.0802,  17 negative triangles
712: dt=0.0802,  15 negative triangles
713: dt=0.0802,  16 negative triangles
714: dt=0.0802,  16 negative triangles
715: dt=0.0802,  16 negative triangles
716: dt=0.0802,  15 negative triangles
717: dt=0.0802,  16 negative triangles
718: dt=0.0762,  15 negative triangles
719: dt=0.0762,  16 negative triangles
720: dt=0.0762,  15 negative triangles
721: dt=0.0762,  14 negative triangles
722: dt=0.0762,  15 negative triangles
723: dt=0.0762,  15 negative triangles
724: dt=0.0762,  15 negative triangles
725: dt=0.0762,  15 negative triangles
726: dt=0.0762,  14 negative triangles
727: dt=0.0762,  15 negative triangles
728: dt=0.0724,  15 negative triangles
729: dt=0.0724,  15 negative triangles
730: dt=0.0724,  14 negative triangles
731: dt=0.0724,  14 negative triangles
732: dt=0.0724,  14 negative triangles
733: dt=0.0724,  16 negative triangles
734: dt=0.0724,  15 negative triangles
735: dt=0.0724,  16 negative triangles
736: dt=0.0724,  16 negative triangles
737: dt=0.0724,  16 negative triangles
738: dt=0.0687,  15 negative triangles
739: dt=0.0687,  15 negative triangles
740: dt=0.0687,  15 negative triangles
741: dt=0.0687,  14 negative triangles
742: dt=0.0687,  13 negative triangles
743: dt=0.0687,  14 negative triangles
744: dt=0.0687,  15 negative triangles
745: dt=0.0687,  15 negative triangles
746: dt=0.0687,  15 negative triangles
747: dt=0.0687,  15 negative triangles
748: dt=0.0653,  15 negative triangles
749: dt=0.0653,  14 negative triangles
750: dt=0.0653,  15 negative triangles
751: dt=0.0653,  15 negative triangles
752: dt=0.0653,  15 negative triangles
753: dt=0.0653,  15 negative triangles
754: dt=0.0653,  15 negative triangles
755: dt=0.0653,  15 negative triangles
756: dt=0.0653,  15 negative triangles
757: dt=0.0653,  15 negative triangles
758: dt=0.0620,  15 negative triangles
759: dt=0.0620,  15 negative triangles
760: dt=0.0620,  15 negative triangles
761: dt=0.0620,  15 negative triangles
762: dt=0.0620,  15 negative triangles
763: dt=0.0620,  15 negative triangles
764: dt=0.0620,  15 negative triangles
765: dt=0.0620,  14 negative triangles
766: dt=0.0620,  14 negative triangles
767: dt=0.0620,  14 negative triangles
768: dt=0.0589,  13 negative triangles
769: dt=0.0589,  13 negative triangles
770: dt=0.0589,  14 negative triangles
771: dt=0.0589,  14 negative triangles
772: dt=0.0589,  15 negative triangles
773: dt=0.0589,  15 negative triangles
774: dt=0.0589,  17 negative triangles
775: dt=0.0589,  16 negative triangles
776: dt=0.0589,  15 negative triangles
777: dt=0.0589,  15 negative triangles
778: dt=0.0560,  17 negative triangles
779: dt=0.0560,  18 negative triangles
780: dt=0.0560,  17 negative triangles
781: dt=0.0560,  17 negative triangles
782: dt=0.0560,  16 negative triangles
783: dt=0.0560,  17 negative triangles
784: dt=0.0560,  17 negative triangles
785: dt=0.0560,  16 negative triangles
786: dt=0.0560,  14 negative triangles
787: dt=0.0560,  15 negative triangles
788: dt=0.0532,  16 negative triangles
789: dt=0.0532,  16 negative triangles
790: dt=0.0532,  16 negative triangles
791: dt=0.0532,  15 negative triangles
792: dt=0.0532,  15 negative triangles
793: dt=0.0532,  15 negative triangles
794: dt=0.0532,  15 negative triangles
795: dt=0.0532,  15 negative triangles
796: dt=0.0532,  14 negative triangles
797: dt=0.0532,  15 negative triangles
798: dt=0.0505,  14 negative triangles
799: dt=0.0505,  15 negative triangles
800: dt=0.0505,  15 negative triangles
801: dt=0.0505,  16 negative triangles
802: dt=0.0505,  15 negative triangles
803: dt=0.0505,  16 negative triangles
804: dt=0.0505,  15 negative triangles
805: dt=0.0505,  17 negative triangles
806: dt=0.0505,  18 negative triangles
807: dt=0.0505,  18 negative triangles
808: dt=0.0480,  18 negative triangles
809: dt=0.0480,  18 negative triangles
810: dt=0.0480,  17 negative triangles
811: dt=0.0480,  17 negative triangles
812: dt=0.0480,  17 negative triangles
813: dt=0.0480,  17 negative triangles
814: dt=0.0480,  17 negative triangles
815: dt=0.0480,  17 negative triangles
816: dt=0.0480,  17 negative triangles
817: dt=0.0480,  17 negative triangles
818: dt=0.0456,  17 negative triangles
819: dt=0.0456,  17 negative triangles
820: dt=0.0456,  17 negative triangles
821: dt=0.0456,  17 negative triangles
822: dt=0.0456,  17 negative triangles
823: dt=0.0456,  17 negative triangles
824: dt=0.0456,  17 negative triangles
825: dt=0.0456,  17 negative triangles
826: dt=0.0456,  17 negative triangles
827: dt=0.0456,  17 negative triangles
828: dt=0.0433,  17 negative triangles
829: dt=0.0433,  17 negative triangles
830: dt=0.0433,  16 negative triangles
831: dt=0.0433,  15 negative triangles
832: dt=0.0433,  15 negative triangles
833: dt=0.0433,  16 negative triangles
834: dt=0.0433,  16 negative triangles
835: dt=0.0433,  15 negative triangles
836: dt=0.0433,  15 negative triangles
837: dt=0.0433,  16 negative triangles
838: dt=0.0412,  15 negative triangles
839: dt=0.0412,  17 negative triangles
840: dt=0.0412,  15 negative triangles
841: dt=0.0412,  15 negative triangles
842: dt=0.0412,  16 negative triangles
843: dt=0.0412,  16 negative triangles
844: dt=0.0412,  15 negative triangles
845: dt=0.0412,  16 negative triangles
846: dt=0.0412,  15 negative triangles
847: dt=0.0412,  16 negative triangles
848: dt=0.0391,  16 negative triangles
849: dt=0.0391,  17 negative triangles
850: dt=0.0391,  18 negative triangles
851: dt=0.0391,  18 negative triangles
852: dt=0.0391,  16 negative triangles
853: dt=0.0391,  17 negative triangles
854: dt=0.0391,  18 negative triangles
855: dt=0.0391,  18 negative triangles
856: dt=0.0391,  18 negative triangles
857: dt=0.0391,  16 negative triangles
858: dt=0.0371,  17 negative triangles
859: dt=0.0371,  16 negative triangles
860: dt=0.0371,  16 negative triangles
861: dt=0.0371,  15 negative triangles
862: dt=0.0371,  15 negative triangles
863: dt=0.0371,  14 negative triangles
864: dt=0.0371,  14 negative triangles
865: dt=0.0371,  14 negative triangles
866: dt=0.0371,  17 negative triangles
867: dt=0.0371,  17 negative triangles
868: dt=0.0353,  16 negative triangles
869: dt=0.0353,  17 negative triangles
870: dt=0.0353,  16 negative triangles
871: dt=0.0353,  15 negative triangles
872: dt=0.0353,  15 negative triangles
873: dt=0.0353,  15 negative triangles
874: dt=0.0353,  16 negative triangles
875: dt=0.0353,  16 negative triangles
876: dt=0.0353,  17 negative triangles
877: dt=0.0353,  17 negative triangles
878: dt=0.0335,  17 negative triangles
879: dt=0.0335,  16 negative triangles
880: dt=0.0335,  16 negative triangles
881: dt=0.0335,  15 negative triangles
882: dt=0.0335,  15 negative triangles
883: dt=0.0335,  15 negative triangles
884: dt=0.0335,  15 negative triangles
885: dt=0.0335,  15 negative triangles
886: dt=0.0335,  15 negative triangles
887: dt=0.0335,  15 negative triangles
888: dt=0.0319,  15 negative triangles
889: dt=0.0319,  15 negative triangles
890: dt=0.0319,  16 negative triangles
891: dt=0.0319,  16 negative triangles
892: dt=0.0319,  16 negative triangles
893: dt=0.0319,  17 negative triangles
894: dt=0.0319,  16 negative triangles
895: dt=0.0319,  17 negative triangles
896: dt=0.0319,  17 negative triangles
897: dt=0.0319,  18 negative triangles
898: dt=0.0303,  18 negative triangles
899: dt=0.0303,  18 negative triangles
900: dt=0.0303,  19 negative triangles
901: dt=0.0303,  17 negative triangles
902: dt=0.0303,  18 negative triangles
903: dt=0.0303,  18 negative triangles
904: dt=0.0303,  17 negative triangles
905: dt=0.0303,  17 negative triangles
906: dt=0.0303,  17 negative triangles
907: dt=0.0303,  16 negative triangles
908: dt=0.0287,  16 negative triangles
909: dt=0.0287,  17 negative triangles
910: dt=0.0287,  18 negative triangles
911: dt=0.0287,  17 negative triangles
912: dt=0.0287,  16 negative triangles
913: dt=0.0287,  18 negative triangles
914: dt=0.0287,  16 negative triangles
915: dt=0.0287,  16 negative triangles
916: dt=0.0287,  17 negative triangles
917: dt=0.0287,  16 negative triangles
918: dt=0.0273,  16 negative triangles
919: dt=0.0273,  17 negative triangles
920: dt=0.0273,  16 negative triangles
921: dt=0.0273,  17 negative triangles
922: dt=0.0273,  16 negative triangles
923: dt=0.0273,  16 negative triangles
924: dt=0.0273,  16 negative triangles
925: dt=0.0273,  16 negative triangles
926: dt=0.0273,  16 negative triangles
927: dt=0.0273,  17 negative triangles
928: dt=0.0259,  14 negative triangles
929: dt=0.0259,  17 negative triangles
930: dt=0.0259,  14 negative triangles
931: dt=0.0259,  17 negative triangles
932: dt=0.0259,  15 negative triangles
933: dt=0.0259,  17 negative triangles
934: dt=0.0259,  16 negative triangles
935: dt=0.0259,  18 negative triangles
936: dt=0.0259,  16 negative triangles
937: dt=0.0259,  18 negative triangles
938: dt=0.0246,  16 negative triangles
939: dt=0.0246,  16 negative triangles
940: dt=0.0246,  16 negative triangles
941: dt=0.0246,  17 negative triangles
942: dt=0.0246,  16 negative triangles
943: dt=0.0246,  17 negative triangles
944: dt=0.0246,  15 negative triangles
945: dt=0.0246,  16 negative triangles
946: dt=0.0246,  14 negative triangles
947: dt=0.0246,  15 negative triangles
948: dt=0.0234,  14 negative triangles
949: dt=0.0234,  15 negative triangles
950: dt=0.0234,  15 negative triangles
951: dt=0.0234,  15 negative triangles
952: dt=0.0234,  15 negative triangles
953: dt=0.0234,  14 negative triangles
954: dt=0.0234,  15 negative triangles
955: dt=0.0234,  16 negative triangles
956: dt=0.0234,  14 negative triangles
957: dt=0.0234,  16 negative triangles
958: dt=0.0222,  17 negative triangles
959: dt=0.0222,  16 negative triangles
960: dt=0.0222,  17 negative triangles
961: dt=0.0222,  16 negative triangles
962: dt=0.0222,  16 negative triangles
963: dt=0.0222,  17 negative triangles
964: dt=0.0222,  15 negative triangles
965: dt=0.0222,  16 negative triangles
966: dt=0.0222,  16 negative triangles
967: dt=0.0222,  14 negative triangles
968: dt=0.0211,  15 negative triangles
969: dt=0.0211,  15 negative triangles
970: dt=0.0211,  17 negative triangles
971: dt=0.0211,  17 negative triangles
972: dt=0.0211,  17 negative triangles
973: dt=0.0211,  16 negative triangles
974: dt=0.0211,  17 negative triangles
975: dt=0.0211,  17 negative triangles
976: dt=0.0211,  17 negative triangles
977: dt=0.0211,  17 negative triangles
978: dt=0.0201,  17 negative triangles
979: dt=0.0201,  17 negative triangles
980: dt=0.0201,  18 negative triangles
981: dt=0.0201,  18 negative triangles
982: dt=0.0201,  18 negative triangles
983: dt=0.0201,  16 negative triangles
984: dt=0.0201,  16 negative triangles
985: dt=0.0201,  16 negative triangles
986: dt=0.0201,  17 negative triangles
987: dt=0.0201,  17 negative triangles
988: dt=0.0191,  17 negative triangles
989: dt=0.0191,  17 negative triangles
990: dt=0.0191,  17 negative triangles
991: dt=0.0191,  17 negative triangles
992: dt=0.0191,  17 negative triangles
993: dt=0.0191,  17 negative triangles
994: dt=0.0191,  16 negative triangles
995: dt=0.0191,  17 negative triangles
996: dt=0.0191,  16 negative triangles
997: dt=0.0191,  16 negative triangles
998: dt=0.0181,  16 negative triangles
999: dt=0.0181,  16 negative triangles
1000: dt=0.0181,  16 negative triangles
1001: dt=0.0181,  17 negative triangles
1002: dt=0.0181,  16 negative triangles
1003: dt=0.0181,  16 negative triangles
1004: dt=0.0181,  15 negative triangles
1005: dt=0.0181,  15 negative triangles
1006: dt=0.0181,  15 negative triangles
1007: dt=0.0181,  15 negative triangles
1008: dt=0.0172,  14 negative triangles
1009: dt=0.0172,  13 negative triangles
1010: dt=0.0172,  14 negative triangles
1011: dt=0.0172,  14 negative triangles
1012: dt=0.0172,  14 negative triangles
1013: dt=0.0172,  14 negative triangles
1014: dt=0.0172,  14 negative triangles
1015: dt=0.0172,  14 negative triangles
1016: dt=0.0172,  13 negative triangles
1017: dt=0.0172,  14 negative triangles
1018: dt=0.0164,  14 negative triangles
1019: dt=0.0164,  14 negative triangles
1020: dt=0.0164,  14 negative triangles
1021: dt=0.0164,  16 negative triangles
1022: dt=0.0164,  16 negative triangles
1023: dt=0.0164,  16 negative triangles
1024: dt=0.0164,  16 negative triangles
1025: dt=0.0164,  15 negative triangles
1026: dt=0.0164,  16 negative triangles
1027: dt=0.0164,  17 negative triangles
1028: dt=0.0155,  16 negative triangles
1029: dt=0.0155,  16 negative triangles
1030: dt=0.0155,  16 negative triangles
1031: dt=0.0155,  16 negative triangles
1032: dt=0.0155,  16 negative triangles
1033: dt=0.0155,  16 negative triangles
1034: dt=0.0155,  16 negative triangles
1035: dt=0.0155,  16 negative triangles
1036: dt=0.0155,  17 negative triangles
1037: dt=0.0155,  17 negative triangles
1038: dt=0.0148,  16 negative triangles
1039: dt=0.0148,  16 negative triangles
1040: dt=0.0148,  16 negative triangles
1041: dt=0.0148,  15 negative triangles
1042: dt=0.0148,  15 negative triangles
1043: dt=0.0148,  15 negative triangles
1044: dt=0.0148,  16 negative triangles
1045: dt=0.0148,  16 negative triangles
1046: dt=0.0148,  16 negative triangles
1047: dt=0.0148,  17 negative triangles
1048: dt=0.0140,  18 negative triangles
1049: dt=0.0140,  17 negative triangles
1050: dt=0.0140,  17 negative triangles
1051: dt=0.0140,  18 negative triangles
1052: dt=0.0140,  17 negative triangles
1053: dt=0.0140,  17 negative triangles
1054: dt=0.0140,  16 negative triangles
1055: dt=0.0140,  15 negative triangles
1056: dt=0.0140,  16 negative triangles
1057: dt=0.0140,  16 negative triangles
1058: dt=0.0133,  16 negative triangles
1059: dt=0.0133,  16 negative triangles
1060: dt=0.0133,  16 negative triangles
1061: dt=0.0133,  17 negative triangles
1062: dt=0.0133,  16 negative triangles
1063: dt=0.0133,  15 negative triangles
1064: dt=0.0133,  16 negative triangles
1065: dt=0.0133,  16 negative triangles
1066: dt=0.0133,  18 negative triangles
1067: dt=0.0133,  17 negative triangles
1068: dt=0.0127,  17 negative triangles
1069: dt=0.0127,  16 negative triangles
1070: dt=0.0127,  17 negative triangles
1071: dt=0.0127,  17 negative triangles
1072: dt=0.0127,  16 negative triangles
1073: dt=0.0127,  17 negative triangles
1074: dt=0.0127,  18 negative triangles
1075: dt=0.0127,  16 negative triangles
1076: dt=0.0127,  18 negative triangles
1077: dt=0.0127,  18 negative triangles
1078: dt=0.0120,  16 negative triangles
1079: dt=0.0120,  18 negative triangles
1080: dt=0.0120,  18 negative triangles
1081: dt=0.0120,  16 negative triangles
1082: dt=0.0120,  18 negative triangles
1083: dt=0.0120,  18 negative triangles
1084: dt=0.0120,  15 negative triangles
1085: dt=0.0120,  17 negative triangles
1086: dt=0.0120,  17 negative triangles
1087: dt=0.0120,  16 negative triangles
1088: dt=0.0114,  17 negative triangles
1089: dt=0.0114,  17 negative triangles
1090: dt=0.0114,  16 negative triangles
1091: dt=0.0114,  15 negative triangles
1092: dt=0.0114,  17 negative triangles
1093: dt=0.0114,  17 negative triangles
1094: dt=0.0114,  16 negative triangles
1095: dt=0.0114,  17 negative triangles
1096: dt=0.0114,  18 negative triangles
1097: dt=0.0114,  16 negative triangles
1098: dt=0.0108,  18 negative triangles
1099: dt=0.0108,  18 negative triangles
1100: dt=0.0108,  16 negative triangles
1101: dt=0.0108,  18 negative triangles
1102: dt=0.0108,  18 negative triangles
1103: dt=0.0108,  16 negative triangles
1104: dt=0.0108,  16 negative triangles
writing registered surface to ../surf/lh.sphere.reg...
1105: dt=0.0108,  17 negative triangles
1106: 15 negative triangles
registration took 0.10 hours
#VMPC# mris_register VmPeak  1583220
FSRUNTIME@ mris_register  0.0979 hours 16 threads

 ln -sf lh.sphere.reg lh.fsaverage.sphere.reg 

#--------------------------------------------
#@# Jacobian white lh Mon Mar  9 01:30:31 CET 2026
/out/sourcedata/freesurfer/sub-v1s16x0051187_ses-1/scripts

 mris_jacobian ../surf/lh.white.preaparc ../surf/lh.sphere.reg ../surf/lh.jacobian_white 

reading surface from ../surf/lh.white.preaparc...
writing curvature file ../surf/lh.jacobian_white
#--------------------------------------------
#@# AvgCurv lh Mon Mar  9 01:30:32 CET 2026
/out/sourcedata/freesurfer/sub-v1s16x0051187_ses-1/scripts

 mrisp_paint -a 5 /opt/freesurfer/average/lh.folding.atlas.acfb40.noaparc.i12.2016-08-02.tif#6 ../surf/lh.sphere.reg ../surf/lh.avg_curv 

averaging curvature patterns 5 times...
reading surface from ../surf/lh.sphere.reg...
reading template parameterization from /opt/freesurfer/average/lh.folding.atlas.acfb40.noaparc.i12.2016-08-02.tif...
writing curvature file to ../surf/lh.avg_curv...
#-----------------------------------------
#@# Cortical Parc lh Mon Mar  9 01:30:32 CET 2026
/out/sourcedata/freesurfer/sub-v1s16x0051187_ses-1/scripts

 mris_ca_label -l ../label/lh.cortex.label -aseg ../mri/aseg.presurf.mgz -seed 1234 sub-v1s16x0051187_ses-1 lh ../surf/lh.sphere.reg /opt/freesurfer/average/lh.DKaparc.atlas.acfb40.noaparc.i12.2016-08-02.gcs ../label/lh.aparc.annot 

setting seed for random number generator to 1234
using ../mri/aseg.presurf.mgz aseg volume to correct midline
7.3.2
  7.3.2
reading atlas from /opt/freesurfer/average/lh.DKaparc.atlas.acfb40.noaparc.i12.2016-08-02.gcs...
reading color table from GCSA file....
average std = 0.8   using min determinant for regularization = 0.006
0 singular and 342 ill-conditioned covariance matrices regularized
input 0: MEAN CURVATURE, flags 0, avgs 5, name mean_curvature
labeling surface...
1717 labels changed using aseg
relabeling using gibbs priors...
000:   2836 changed, 125407 examined...
001:    694 changed, 11876 examined...
002:    157 changed, 3884 examined...
003:     42 changed, 926 examined...
004:     19 changed, 241 examined...
005:      5 changed, 110 examined...
006:      1 changed, 33 examined...
007:      0 changed, 6 examined...
233 labels changed using aseg
000: 126 total segments, 83 labels (231 vertices) changed
001: 43 total segments, 2 labels (8 vertices) changed
002: 41 total segments, 0 labels (0 vertices) changed
10 filter iterations complete (10 requested, 2 changed)
rationalizing unknown annotations with cortex label
relabeling unknown label...
relabeling corpuscallosum label...
2074 vertices marked for relabeling...
2074 labels changed in reclassification.
writing output to ../label/lh.aparc.annot...
classification took 0 minutes and 6 seconds.
#--------------------------------------------
#@# WhiteSurfs lh Mon Mar  9 01:30:38 CET 2026
cd /out/sourcedata/freesurfer/sub-v1s16x0051187_ses-1/mri
mris_place_surface --adgws-in ../surf/autodet.gw.stats.lh.dat --seg aseg.presurf.mgz --threads 16 --wm wm.mgz --invol brain.finalsurfs.mgz --lh --i ../surf/lh.white.preaparc --o ../surf/lh.white --white --nsmooth 0 --rip-label ../label/lh.cortex.label --rip-bg --rip-surf ../surf/lh.white.preaparc --aparc ../label/lh.aparc.annot
7.3.2
7.3.2

cd /out/sourcedata/freesurfer/sub-v1s16x0051187_ses-1/mri
setenv SUBJECTS_DIR /out/sourcedata/freesurfer
mris_place_surface --adgws-in ../surf/autodet.gw.stats.lh.dat --seg aseg.presurf.mgz --threads 16 --wm wm.mgz --invol brain.finalsurfs.mgz --lh --i ../surf/lh.white.preaparc --o ../surf/lh.white --white --nsmooth 0 --rip-label ../label/lh.cortex.label --rip-bg --rip-surf ../surf/lh.white.preaparc --aparc ../label/lh.aparc.annot 

Reading in input surface ../surf/lh.white.preaparc
Not smoothing input surface
removing intersecting faces
000: 17 intersecting
step 1 with no progress (num=17, old_num=17)
001: 17 intersecting
step 2 with no progress (num=17, old_num=17)
002: 17 intersecting
step 3 with no progress (num=17, old_num=17)
003: 17 intersecting
step 4 with no progress (num=17, old_num=17)
004: 17 intersecting
step 5 with no progress (num=17, old_num=17)
005: 17 intersecting
step 6 with no progress (num=17, old_num=17)
006: 17 intersecting
step 7 with no progress (num=17, old_num=17)
007: 17 intersecting
step 8 with no progress (num=17, old_num=17)
008: 17 intersecting
step 9 with no progress (num=17, old_num=17)
009: 17 intersecting
step 10 with no progress (num=17, old_num=17)
010: 17 intersecting
step 11 with no progress (num=17, old_num=17)
011: 17 intersecting
step 12 with no progress (num=17, old_num=17)
012: 17 intersecting
step 13 with no progress (num=17, old_num=17)
013: 17 intersecting
step 14 with no progress (num=17, old_num=17)
014: 17 intersecting
step 15 with no progress (num=17, old_num=17)
015: 17 intersecting
step 16 with no progress (num=17, old_num=17)
terminating search with 17 intersecting
Area    250810  0.34921  0.13192 0.000009   2.2801
Corner  752430 60.00000 14.54729 0.076187 179.1689
Edge    376215  0.91045  0.21566 0.007131   3.3982
Hinge   376215 10.61371 12.95086 0.000004 179.9658
Reading in aparc ../label/lh.aparc.annot
Reading in input volume brain.finalsurfs.mgz
Reading in wm volume wm.mgz
MRIclipBrightWM(): nthresh=14775, wmmin=5, clip=110 
MRIfindBrightNonWM(): 865 bright non-wm voxels segmented.
Masking bright non-wm for white surface
MRImask(): AllowDiffGeom = 1
MRImask(): AllowDiffGeom = 1
Reading in seg volume aseg.presurf.mgz
Ripping frozen voxels
Ripping vertices not in label ../label/lh.cortex.label
MRISripNotLabel() ripped 6422/125407 vertices (118985 unripped)
Reading in ripping surface ../surf/lh.white.preaparc
Reading in aparc ../label/lh.aparc.annot for ripsurf
Ripping BG
MRISripBasalGanglia(): 1 -2 2 0.5 ripped 482
Ripping segs (eg, WMSA, BG, frozen)
Starting MRISripSegs() d = (-2 2 0.5) segnos: 247 
MRISripSegs(): -2 2 0.5 ripped 0
vertex 62704: xyz = (-59.1739,1.9353,46.2118) oxyz = (-59.1739,1.9353,46.2118) wxzy = (-59.1739,1.9353,46.2118) pxyz = (0,0,0) 
CBVO Creating mask 125407
n_averages 4
Iteration 0 =========================================
n_averages=4, current_sigma=2
Computing target border values 
Entering MRIScomputeBorderValues_new(): 
  inside_hi   = 120.0000000;
  border_hi   = 109.3304900;
  border_low  =  68.0000000;
  outside_low =  57.2637480;
  outside_hi  = 109.3304900;
  sigma = 2;
  max_thickness = 10;
  step_size=0.5;
  STEP_SIZE=0.1;
  which = 1
  thresh = 0
  flags = 0
  CBVfindFirstPeakD1=0
  CBVfindFirstPeakD2=0
  nvertices=125407
  Gdiag_no=-1
  vno start=0, stop=125407
Replacing 255s with 0s
#SI# sigma=2 had to be increased for 264 vertices, nripped=6904
mean border=80.4, 302 (302) missing vertices, mean dist 0.2 [0.7 (%20.8)->0.5 (%79.2))]
%69 local maxima, %25 large gradients and % 0 min vals, 0 gradients ignored
nFirstPeakD1 0
MRIScomputeBorderValues_new() finished in 0.0083 min


Finding expansion regions
mean absolute distance = 0.52 +- 0.88
2661 vertices more than 2 sigmas from mean.
Averaging target values for 5 iterations...
Positioning Surface: tspring = 0.3, nspring = 0.3, spring = 0, niters = 100 l_repulse = 5, l_surf_repulse = 0, checktol = 0
Positioning pial surface
Entering MRISpositionSurface()
  max_mm = 0.3
  MAX_REDUCTIONS = 2, REDUCTION_PCT = 0.5
  parms->check_tol = 0, niterations = 100
tol=1.0e-04, sigma=2.0, host=dna07, nav=4, nbrs=2, l_repulse=5.000, l_tspring=0.300, l_nspring=0.300, l_intensity=0.200, l_curv=1.000
mom=0.00, dt=0.50
complete_dist_mat 0
rms 0
smooth_averages 0
remove_neg 0
ico_order 0
which_surface 0
target_radius 0.000000
nfields 0
scale 0.000000
desired_rms_height 0.000000
momentum 0.000000
nbhd_size 0
max_nbrs 0
niterations 100
nsurfaces 0
SURFACES 3
flags 0 (0)
use curv 0
no sulc 0
no rigid align 0
mris->nsize 2
mris->hemisphere 0
randomSeed 0

000: dt: 0.0000, sse=1051466.4, rms=5.978
001: dt: 0.5000, sse=538676.4, rms=3.749 (37.298%)
002: dt: 0.5000, sse=428421.8, rms=3.124 (16.667%)
003: dt: 0.5000, sse=419816.2, rms=3.034 (2.881%)
rms = 2.9561/3.0338, sse=421707.9/419816.1, time step reduction 1 of 3 to 0.250  0 1 0
004: dt: 0.5000, sse=421707.9, rms=2.956 (2.562%)
005: dt: 0.2500, sse=304736.6, rms=2.053 (30.565%)
006: dt: 0.2500, sse=287682.5, rms=1.885 (8.161%)
rms = 1.8553/1.8851, sse=293834.9/287682.5, time step reduction 2 of 3 to 0.125  0 1 1
007: dt: 0.2500, sse=293834.9, rms=1.855 (1.576%)
008: dt: 0.1250, sse=280883.1, rms=1.800 (2.997%)
rms = 1.8012/1.7997, sse=279488.3/280883.1, time step reduction 3 of 3 to 0.062  0 0 1
   RMS increased, rejecting step
009: dt: 0.1250, sse=279488.3, rms=1.801 (-0.079%)
  maximum number of reductions reached, breaking from loop
positioning took 0.7 minutes
Iteration 1 =========================================
n_averages=2, current_sigma=1
Computing target border values 
Entering MRIScomputeBorderValues_new(): 
  inside_hi   = 120.0000000;
  border_hi   = 109.3304900;
  border_low  =  68.0000000;
  outside_low =  57.2637480;
  outside_hi  = 109.3304900;
  sigma = 1;
  max_thickness = 10;
  step_size=0.5;
  STEP_SIZE=0.1;
  which = 1
  thresh = 0
  flags = 0
  CBVfindFirstPeakD1=0
  CBVfindFirstPeakD2=0
  nvertices=125407
  Gdiag_no=-1
  vno start=0, stop=125407
Replacing 255s with 0s
#SI# sigma=1 had to be increased for 241 vertices, nripped=6904
mean border=82.7, 275 (123) missing vertices, mean dist -0.2 [0.4 (%70.9)->0.3 (%29.1))]
%77 local maxima, %18 large gradients and % 0 min vals, 0 gradients ignored
nFirstPeakD1 0
MRIScomputeBorderValues_new() finished in 0.0063 min


Finding expansion regions
mean absolute distance = 0.34 +- 0.66
2457 vertices more than 2 sigmas from mean.
Averaging target values for 5 iterations...
Positioning Surface: tspring = 0.3, nspring = 0.3, spring = 0, niters = 100 l_repulse = 5, l_surf_repulse = 0, checktol = 0
Positioning pial surface
Entering MRISpositionSurface()
  max_mm = 0.3
  MAX_REDUCTIONS = 2, REDUCTION_PCT = 0.5
  parms->check_tol = 0, niterations = 100
tol=1.0e-04, sigma=1.0, host=dna07, nav=2, nbrs=2, l_repulse=5.000, l_tspring=0.300, l_nspring=0.300, l_intensity=0.200, l_curv=1.000
mom=0.00, dt=0.50
000: dt: 0.0000, sse=526072.9, rms=3.644
010: dt: 0.5000, sse=384265.8, rms=2.646 (27.380%)
rms = 2.6698/2.6459, sse=381409.1/384265.8, time step reduction 1 of 3 to 0.250  0 0 1
   RMS increased, rejecting step
011: dt: 0.2500, sse=321956.6, rms=2.128 (19.581%)
012: dt: 0.2500, sse=292389.0, rms=1.789 (15.914%)
013: dt: 0.2500, sse=285701.6, rms=1.662 (7.107%)
rms = 1.6179/1.6621, sse=278481.5/285701.6, time step reduction 2 of 3 to 0.125  0 0 1
014: dt: 0.2500, sse=278481.5, rms=1.618 (2.655%)
015: dt: 0.1250, sse=275206.2, rms=1.551 (4.116%)
rms = 1.5325/1.5513, sse=276402.5/275206.2, time step reduction 3 of 3 to 0.062  0 1 1
016: dt: 0.1250, sse=276402.5, rms=1.532 (1.217%)
  maximum number of reductions reached, breaking from loop
positioning took 0.5 minutes
Iteration 2 =========================================
n_averages=1, current_sigma=0.5
Computing target border values 
Entering MRIScomputeBorderValues_new(): 
  inside_hi   = 120.0000000;
  border_hi   = 109.3304900;
  border_low  =  68.0000000;
  outside_low =  57.2637480;
  outside_hi  = 109.3304900;
  sigma = 0.5;
  max_thickness = 10;
  step_size=0.5;
  STEP_SIZE=0.1;
  which = 1
  thresh = 0
  flags = 0
  CBVfindFirstPeakD1=0
  CBVfindFirstPeakD2=0
  nvertices=125407
  Gdiag_no=-1
  vno start=0, stop=125407
Replacing 255s with 0s
#SI# sigma=0.5 had to be increased for 264 vertices, nripped=6904
mean border=84.0, 269 (81) missing vertices, mean dist -0.1 [0.3 (%62.5)->0.2 (%37.5))]
%82 local maxima, %13 large gradients and % 0 min vals, 0 gradients ignored
nFirstPeakD1 0
MRIScomputeBorderValues_new() finished in 0.0064 min


Finding expansion regions
mean absolute distance = 0.28 +- 0.49
2718 vertices more than 2 sigmas from mean.
Averaging target values for 5 iterations...
Positioning Surface: tspring = 0.3, nspring = 0.3, spring = 0, niters = 100 l_repulse = 5, l_surf_repulse = 0, checktol = 0
Positioning pial surface
Entering MRISpositionSurface()
  max_mm = 0.3
  MAX_REDUCTIONS = 2, REDUCTION_PCT = 0.5
  parms->check_tol = 0, niterations = 100
tol=1.0e-04, sigma=0.5, host=dna07, nav=1, nbrs=2, l_repulse=5.000, l_tspring=0.300, l_nspring=0.300, l_intensity=0.200, l_curv=1.000
mom=0.00, dt=0.50
000: dt: 0.0000, sse=365783.3, rms=2.495
017: dt: 0.5000, sse=331967.0, rms=2.223 (10.879%)
rms = 2.4160/2.2233, sse=357801.2/331967.0, time step reduction 1 of 3 to 0.250  0 1 1
   RMS increased, rejecting step
018: dt: 0.2500, sse=279980.7, rms=1.726 (22.372%)
rms = 1.5260/1.7259, sse=281344.8/279980.7, time step reduction 2 of 3 to 0.125  0 1 0
019: dt: 0.2500, sse=281344.8, rms=1.526 (11.585%)
020: dt: 0.1250, sse=268336.1, rms=1.436 (5.927%)
rms = 1.4133/1.4355, sse=269696.7/268336.1, time step reduction 3 of 3 to 0.062  0 1 1
021: dt: 0.1250, sse=269696.7, rms=1.413 (1.547%)
  maximum number of reductions reached, breaking from loop
positioning took 0.4 minutes
Iteration 3 =========================================
n_averages=0, current_sigma=0.25
Computing target border values 
Entering MRIScomputeBorderValues_new(): 
  inside_hi   = 120.0000000;
  border_hi   = 109.3304900;
  border_low  =  68.0000000;
  outside_low =  57.2637480;
  outside_hi  = 109.3304900;
  sigma = 0.25;
  max_thickness = 10;
  step_size=0.5;
  STEP_SIZE=0.1;
  which = 1
  thresh = 0
  flags = 0
  CBVfindFirstPeakD1=0
  CBVfindFirstPeakD2=0
  nvertices=125407
  Gdiag_no=-1
  vno start=0, stop=125407
Replacing 255s with 0s
#SI# sigma=0.25 had to be increased for 271 vertices, nripped=6904
mean border=84.5, 346 (65) missing vertices, mean dist -0.0 [0.3 (%53.6)->0.2 (%46.4))]
%84 local maxima, %10 large gradients and % 0 min vals, 0 gradients ignored
nFirstPeakD1 0
MRIScomputeBorderValues_new() finished in 0.0034 min


Finding expansion regions
mean absolute distance = 0.26 +- 0.42
2941 vertices more than 2 sigmas from mean.
Averaging target values for 5 iterations...
Positioning Surface: tspring = 0.3, nspring = 0.3, spring = 0, niters = 100 l_repulse = 5, l_surf_repulse = 0, checktol = 0
Positioning pial surface
Entering MRISpositionSurface()
  max_mm = 0.3
  MAX_REDUCTIONS = 2, REDUCTION_PCT = 0.5
  parms->check_tol = 0, niterations = 100
tol=1.0e-04, sigma=0.2, host=dna07, nav=0, nbrs=2, l_repulse=5.000, l_tspring=0.300, l_nspring=0.300, l_intensity=0.200, l_curv=1.000
mom=0.00, dt=0.50
000: dt: 0.0000, sse=290719.8, rms=1.715
rms = 1.7838/1.7146, sse=291482.0/290719.8, time step reduction 1 of 3 to 0.250  0 1 1
   RMS increased, rejecting step
022: dt: 0.2500, sse=260443.9, rms=1.420 (17.187%)
023: dt: 0.2500, sse=252052.2, rms=1.295 (8.786%)
rms = 1.3073/1.2951, sse=258633.3/252052.2, time step reduction 2 of 3 to 0.125  0 1 1
   RMS increased, rejecting step
rms = 1.2599/1.2951, sse=249532.6/252052.2, time step reduction 3 of 3 to 0.062  0 0 1
024: dt: 0.1250, sse=249532.6, rms=1.260 (2.723%)
  maximum number of reductions reached, breaking from loop
positioning took 0.3 minutes
removing intersecting faces
000: 14 intersecting
step 1 with no progress (num=16, old_num=14)
001: 16 intersecting
step 2 with no progress (num=17, old_num=16)
002: 17 intersecting
003: 15 intersecting
step 1 with no progress (num=15, old_num=15)
004: 15 intersecting
step 2 with no progress (num=15, old_num=15)
005: 15 intersecting
step 3 with no progress (num=15, old_num=15)
006: 15 intersecting
step 4 with no progress (num=15, old_num=15)
007: 15 intersecting
step 5 with no progress (num=15, old_num=15)
008: 15 intersecting
step 6 with no progress (num=15, old_num=15)
009: 15 intersecting
step 7 with no progress (num=15, old_num=15)
010: 15 intersecting
step 8 with no progress (num=15, old_num=15)
011: 15 intersecting
step 9 with no progress (num=15, old_num=15)
012: 15 intersecting
step 10 with no progress (num=15, old_num=15)
013: 15 intersecting
step 11 with no progress (num=15, old_num=15)
014: 15 intersecting
step 12 with no progress (num=15, old_num=15)
015: 15 intersecting
step 13 with no progress (num=15, old_num=15)
016: 15 intersecting
step 14 with no progress (num=15, old_num=15)
017: 15 intersecting
step 15 with no progress (num=15, old_num=15)
018: 15 intersecting
step 16 with no progress (num=15, old_num=15)
terminating search with 14 intersecting


Writing output to ../surf/lh.white
#ET# mris_place_surface  2.40 minutes
#VMPC# mris_place_surfaces VmPeak  2991464
mris_place_surface done
#--------------------------------------------
#@# T1PialSurf lh Mon Mar  9 01:33:26 CET 2026
cd /out/sourcedata/freesurfer/sub-v1s16x0051187_ses-1/mri
mris_place_surface --adgws-in ../surf/autodet.gw.stats.lh.dat --seg aseg.presurf.mgz --threads 16 --wm wm.mgz --invol brain.finalsurfs.mgz --lh --i ../surf/lh.white --o ../surf/lh.pial.T1 --pial --nsmooth 0 --rip-label ../label/lh.cortex+hipamyg.label --pin-medial-wall ../label/lh.cortex.label --aparc ../label/lh.aparc.annot --repulse-surf ../surf/lh.white --white-surf ../surf/lh.white
7.3.2
7.3.2

cd /out/sourcedata/freesurfer/sub-v1s16x0051187_ses-1/mri
setenv SUBJECTS_DIR /out/sourcedata/freesurfer
mris_place_surface --adgws-in ../surf/autodet.gw.stats.lh.dat --seg aseg.presurf.mgz --threads 16 --wm wm.mgz --invol brain.finalsurfs.mgz --lh --i ../surf/lh.white --o ../surf/lh.pial.T1 --pial --nsmooth 0 --rip-label ../label/lh.cortex+hipamyg.label --pin-medial-wall ../label/lh.cortex.label --aparc ../label/lh.aparc.annot --repulse-surf ../surf/lh.white --white-surf ../surf/lh.white 

Reading in input surface ../surf/lh.white
Not smoothing input surface
removing intersecting faces
000: 14 intersecting
step 1 with no progress (num=16, old_num=14)
001: 16 intersecting
002: 14 intersecting
step 1 with no progress (num=14, old_num=14)
003: 14 intersecting
step 2 with no progress (num=14, old_num=14)
004: 14 intersecting
step 3 with no progress (num=14, old_num=14)
005: 14 intersecting
step 4 with no progress (num=14, old_num=14)
006: 14 intersecting
step 5 with no progress (num=14, old_num=14)
007: 14 intersecting
step 6 with no progress (num=14, old_num=14)
008: 14 intersecting
step 7 with no progress (num=14, old_num=14)
009: 14 intersecting
step 8 with no progress (num=14, old_num=14)
010: 14 intersecting
step 9 with no progress (num=14, old_num=14)
011: 14 intersecting
step 10 with no progress (num=14, old_num=14)
012: 14 intersecting
step 11 with no progress (num=14, old_num=14)
013: 14 intersecting
step 12 with no progress (num=14, old_num=14)
014: 14 intersecting
step 13 with no progress (num=14, old_num=14)
015: 14 intersecting
step 14 with no progress (num=14, old_num=14)
016: 14 intersecting
step 15 with no progress (num=14, old_num=14)
017: 14 intersecting
step 16 with no progress (num=14, old_num=14)
terminating search with 14 intersecting
Area    250810  0.35487  0.15022 0.000572   2.3837
Corner  752430 60.00000 16.29103 0.267032 178.9632
Edge    376215  0.92051  0.24144 0.010636   3.6894
Hinge   376215 10.82412 13.34608 0.000013 179.9883
Reading white surface coordinates from ../surf/lh.white
Reading repulsion surface coordinates from ../surf/lh.white
Reading in aparc ../label/lh.aparc.annot
Reading in input volume brain.finalsurfs.mgz
Reading in wm volume wm.mgz
MRIclipBrightWM(): nthresh=14775, wmmin=5, clip=110 
MRIfindBrightNonWM(): 865 bright non-wm voxels segmented.
Masking bright non-wm for pial surface mid_gray = 64.2304
MRImask(): AllowDiffGeom = 1
MRImask(): AllowDiffGeom = 1
MRImask(): AllowDiffGeom = 1
Reading in seg volume aseg.presurf.mgz
Ripping frozen voxels
Ripping vertices not in label ../label/lh.cortex+hipamyg.label
MRISripNotLabel() ripped 4408/125407 vertices (120999 unripped)
INFO: rip surface needed but not specified, so using input surface
Ripping segs (eg, WMSA, BG, frozen)
Starting MRISripSegs() d = (-2 2 0.5) segnos: 247 
MRISripSegs(): -2 2 0.5 ripped 0
vertex 62704: xyz = (-59.267,1.97612,46.2588) oxyz = (-59.267,1.97612,46.2588) wxzy = (-59.267,1.97612,46.2588) pxyz = (-59.267,1.97612,46.2588) 
CBVO Creating mask 125407
n_averages 16
Iteration 0 =========================================
n_averages=16, current_sigma=2
Computing target border values 
Entering MRIScomputeBorderValues_new(): 
  inside_hi   =  92.6695100;
  border_hi   =  57.2637480;
  border_low  =  35.7912480;
  outside_low =  10.0000000;
  outside_hi  =  51.8956220;
  sigma = 2;
  max_thickness = 10;
  step_size=0.5;
  STEP_SIZE=0.1;
  which = 2
  thresh = 0
  flags = 0
  CBVfindFirstPeakD1=0
  CBVfindFirstPeakD2=0
  nvertices=125407
  Gdiag_no=-1
  vno start=0, stop=125407
Replacing 255s with 0s
#SI# sigma=2 had to be increased for 438 vertices, nripped=4408
mean border=56.8, 368 (368) missing vertices, mean dist 1.4 [3.1 (%0.0)->3.1 (%100.0))]
% 9 local maxima, %33 large gradients and %53 min vals, 0 gradients ignored
nFirstPeakD1 0
MRIScomputeBorderValues_new() finished in 0.0097 min


Averaging target values for 5 iterations...
Positioning Surface: tspring = 0.3, nspring = 0.3, spring = 0, niters = 100 l_repulse = 0, l_surf_repulse = 5, checktol = 0
Positioning pial surface
Entering MRISpositionSurface()
  max_mm = 0.3
  MAX_REDUCTIONS = 2, REDUCTION_PCT = 0.5
  parms->check_tol = 0, niterations = 100
tol=1.0e-04, sigma=2.0, host=dna07, nav=16, nbrs=2, l_surf_repulse=5.000, l_tspring=0.300, l_nspring=0.300, l_intensity=0.200, l_curv=1.000
mom=0.00, dt=0.50
complete_dist_mat 0
rms 0
smooth_averages 0
remove_neg 0
ico_order 0
which_surface 0
target_radius 0.000000
nfields 0
scale 0.000000
desired_rms_height 0.000000
momentum 0.000000
nbhd_size 0
max_nbrs 0
niterations 100
nsurfaces 0
SURFACES 3
flags 0 (0)
use curv 0
no sulc 0
no rigid align 0
mris->nsize 2
mris->hemisphere 0
randomSeed 0

000: dt: 0.0000, sse=19592124.0, rms=28.355
001: dt: 0.5000, sse=13528013.0, rms=23.508 (17.093%)
002: dt: 0.5000, sse=9167397.0, rms=19.283 (17.974%)
003: dt: 0.5000, sse=6351999.5, rms=15.970 (17.182%)
004: dt: 0.5000, sse=4625002.0, rms=13.540 (15.213%)
005: dt: 0.5000, sse=3569881.5, rms=11.811 (12.772%)
006: dt: 0.5000, sse=2870444.0, rms=10.506 (11.045%)
007: dt: 0.5000, sse=2392675.0, rms=9.510 (9.479%)
008: dt: 0.5000, sse=2029962.8, rms=8.676 (8.769%)
009: dt: 0.5000, sse=1751156.2, rms=7.974 (8.097%)
010: dt: 0.5000, sse=1526359.1, rms=7.358 (7.728%)
011: dt: 0.5000, sse=1356328.6, rms=6.853 (6.864%)
012: dt: 0.5000, sse=1223846.1, rms=6.431 (6.158%)
013: dt: 0.5000, sse=1120673.8, rms=6.081 (5.442%)
014: dt: 0.5000, sse=1043773.6, rms=5.805 (4.538%)
015: dt: 0.5000, sse=984194.0, rms=5.580 (3.877%)
016: dt: 0.5000, sse=936856.9, rms=5.394 (3.330%)
017: dt: 0.5000, sse=906655.2, rms=5.270 (2.305%)
018: dt: 0.5000, sse=880851.4, rms=5.161 (2.066%)
019: dt: 0.5000, sse=863497.9, rms=5.085 (1.476%)
020: dt: 0.5000, sse=843997.2, rms=5.000 (1.671%)
rms = 4.9607/4.9995, sse=835870.9/843997.2, time step reduction 1 of 3 to 0.250  0 0 1
021: dt: 0.5000, sse=835870.9, rms=4.961 (0.777%)
022: dt: 0.2500, sse=731589.1, rms=4.487 (9.558%)
023: dt: 0.2500, sse=709908.9, rms=4.382 (2.331%)
rms = 4.3812/4.3820, sse=710294.7/709908.9, time step reduction 2 of 3 to 0.125  0 1 1
024: dt: 0.2500, sse=710294.6, rms=4.381 (0.017%)
025: dt: 0.1250, sse=670128.7, rms=4.182 (4.541%)
rms = 4.1364/4.1823, sse=661231.6/670128.7, time step reduction 3 of 3 to 0.062  0 0 1
026: dt: 0.1250, sse=661231.6, rms=4.136 (1.096%)
  maximum number of reductions reached, breaking from loop
positioning took 1.6 minutes
Iteration 1 =========================================
n_averages=8, current_sigma=1
Computing target border values 
Entering MRIScomputeBorderValues_new(): 
  inside_hi   =  92.6695100;
  border_hi   =  57.2637480;
  border_low  =  35.7912480;
  outside_low =  10.0000000;
  outside_hi  =  51.8956220;
  sigma = 1;
  max_thickness = 10;
  step_size=0.5;
  STEP_SIZE=0.1;
  which = 2
  thresh = 0
  flags = 0
  CBVfindFirstPeakD1=0
  CBVfindFirstPeakD2=0
  nvertices=125407
  Gdiag_no=-1
  vno start=0, stop=125407
Replacing 255s with 0s
#SI# sigma=1 had to be increased for 15589 vertices, nripped=4408
mean border=55.6, 2591 (112) missing vertices, mean dist 0.2 [0.2 (%43.0)->0.9 (%57.0))]
%18 local maxima, %28 large gradients and %49 min vals, 0 gradients ignored
nFirstPeakD1 0
MRIScomputeBorderValues_new() finished in 0.0040 min


Averaging target values for 5 iterations...
Positioning Surface: tspring = 0.3, nspring = 0.3, spring = 0, niters = 100 l_repulse = 0, l_surf_repulse = 5, checktol = 0
Positioning pial surface
Entering MRISpositionSurface()
  max_mm = 0.3
  MAX_REDUCTIONS = 2, REDUCTION_PCT = 0.5
  parms->check_tol = 0, niterations = 100
tol=1.0e-04, sigma=1.0, host=dna07, nav=8, nbrs=2, l_surf_repulse=5.000, l_tspring=0.300, l_nspring=0.300, l_intensity=0.200, l_curv=1.000
mom=0.00, dt=0.50
000: dt: 0.0000, sse=887782.2, rms=4.920
rms = 5.0887/4.9201, sse=927975.4/887782.2, time step reduction 1 of 3 to 0.250  0 1 1
   RMS increased, rejecting step
027: dt: 0.2500, sse=814902.5, rms=4.601 (6.484%)
028: dt: 0.2500, sse=786791.6, rms=4.472 (2.803%)
rms = 4.5123/4.4721, sse=795205.2/786791.6, time step reduction 2 of 3 to 0.125  0 1 1
   RMS increased, rejecting step
029: dt: 0.1250, sse=770795.2, rms=4.396 (1.693%)
030: dt: 0.1250, sse=750329.0, rms=4.297 (2.255%)
031: dt: 0.1250, sse=737669.1, rms=4.235 (1.439%)
rms = 4.2009/4.2354, sse=730586.9/737669.1, time step reduction 3 of 3 to 0.062  0 0 1
032: dt: 0.1250, sse=730586.9, rms=4.201 (0.816%)
  maximum number of reductions reached, breaking from loop
positioning took 0.5 minutes
Iteration 2 =========================================
n_averages=4, current_sigma=0.5
Computing target border values 
Entering MRIScomputeBorderValues_new(): 
  inside_hi   =  92.6695100;
  border_hi   =  57.2637480;
  border_low  =  35.7912480;
  outside_low =  10.0000000;
  outside_hi  =  51.8956220;
  sigma = 0.5;
  max_thickness = 10;
  step_size=0.5;
  STEP_SIZE=0.1;
  which = 2
  thresh = 0
  flags = 0
  CBVfindFirstPeakD1=0
  CBVfindFirstPeakD2=0
  nvertices=125407
  Gdiag_no=-1
  vno start=0, stop=125407
Replacing 255s with 0s
#SI# sigma=0.5 had to be increased for 17183 vertices, nripped=4408
mean border=55.2, 3044 (94) missing vertices, mean dist 0.2 [0.2 (%42.8)->0.8 (%57.2))]
%24 local maxima, %20 large gradients and %50 min vals, 0 gradients ignored
nFirstPeakD1 0
MRIScomputeBorderValues_new() finished in 0.0016 min


Averaging target values for 5 iterations...
Positioning Surface: tspring = 0.3, nspring = 0.3, spring = 0, niters = 100 l_repulse = 0, l_surf_repulse = 5, checktol = 0
Positioning pial surface
Entering MRISpositionSurface()
  max_mm = 0.3
  MAX_REDUCTIONS = 2, REDUCTION_PCT = 0.5
  parms->check_tol = 0, niterations = 100
tol=1.0e-04, sigma=0.5, host=dna07, nav=4, nbrs=2, l_surf_repulse=5.000, l_tspring=0.300, l_nspring=0.300, l_intensity=0.200, l_curv=1.000
mom=0.00, dt=0.50
000: dt: 0.0000, sse=774419.3, rms=4.396
rms = 4.8281/4.3964, sse=868139.1/774419.3, time step reduction 1 of 3 to 0.250  0 1 1
   RMS increased, rejecting step
033: dt: 0.2500, sse=744874.9, rms=4.255 (3.219%)
rms = 4.2411/4.2549, sse=741221.3/744874.8, time step reduction 2 of 3 to 0.125  0 0 1
034: dt: 0.2500, sse=741221.4, rms=4.241 (0.324%)
035: dt: 0.1250, sse=720895.4, rms=4.139 (2.405%)
036: dt: 0.1250, sse=707532.6, rms=4.073 (1.603%)
rms = 4.0551/4.0728, sse=703851.6/707532.6, time step reduction 3 of 3 to 0.062  0 0 1
037: dt: 0.1250, sse=703851.6, rms=4.055 (0.434%)
  maximum number of reductions reached, breaking from loop
positioning took 0.3 minutes
Iteration 3 =========================================
n_averages=2, current_sigma=0.25
Computing target border values 
Entering MRIScomputeBorderValues_new(): 
  inside_hi   =  92.6695100;
  border_hi   =  57.2637480;
  border_low  =  35.7912480;
  outside_low =  10.0000000;
  outside_hi  =  51.8956220;
  sigma = 0.25;
  max_thickness = 10;
  step_size=0.5;
  STEP_SIZE=0.1;
  which = 2
  thresh = 0
  flags = 0
  CBVfindFirstPeakD1=0
  CBVfindFirstPeakD2=0
  nvertices=125407
  Gdiag_no=-1
  vno start=0, stop=125407
Replacing 255s with 0s
#SI# sigma=0.25 had to be increased for 14260 vertices, nripped=4408
mean border=54.6, 7190 (82) missing vertices, mean dist 0.1 [0.2 (%43.6)->0.6 (%56.4))]
%27 local maxima, %16 large gradients and %48 min vals, 0 gradients ignored
nFirstPeakD1 0
MRIScomputeBorderValues_new() finished in 0.0014 min


Averaging target values for 5 iterations...
Positioning Surface: tspring = 0.3, nspring = 0.3, spring = 0, niters = 100 l_repulse = 0, l_surf_repulse = 5, checktol = 0
Positioning pial surface
Entering MRISpositionSurface()
  max_mm = 0.3
  MAX_REDUCTIONS = 2, REDUCTION_PCT = 0.5
  parms->check_tol = 0, niterations = 100
tol=1.0e-04, sigma=0.2, host=dna07, nav=2, nbrs=2, l_surf_repulse=5.000, l_tspring=0.300, l_nspring=0.300, l_intensity=0.200, l_curv=1.000
mom=0.00, dt=0.50
000: dt: 0.0000, sse=728474.6, rms=4.163
rms = 4.5994/4.1629, sse=816953.6/728474.6, time step reduction 1 of 3 to 0.250  0 1 1
   RMS increased, rejecting step
038: dt: 0.2500, sse=705127.1, rms=4.046 (2.802%)
rms = 4.0349/4.0463, sse=701304.6/705127.0, time step reduction 2 of 3 to 0.125  0 0 1
039: dt: 0.2500, sse=701304.6, rms=4.035 (0.280%)
040: dt: 0.1250, sse=680904.5, rms=3.928 (2.650%)
041: dt: 0.1250, sse=666635.1, rms=3.855 (1.871%)
rms = 3.8168/3.8545, sse=659227.2/666635.2, time step reduction 3 of 3 to 0.062  0 0 1
042: dt: 0.1250, sse=659227.2, rms=3.817 (0.979%)
  maximum number of reductions reached, breaking from loop
positioning took 0.3 minutes
Pinning medial wall to white surface
removing intersecting faces
000: 65 intersecting
001: 45 intersecting
step 1 with no progress (num=52, old_num=45)
002: 52 intersecting
003: 30 intersecting
004: 18 intersecting
005: 11 intersecting
006: 5 intersecting
step 1 with no progress (num=6, old_num=5)
007: 6 intersecting
terminating search with 0 intersecting


Writing output to ../surf/lh.pial.T1
#ET# mris_place_surface  3.13 minutes
#VMPC# mris_place_surfaces VmPeak  2430992
mris_place_surface done
#@# white curv lh Mon Mar  9 01:36:58 CET 2026
cd /out/sourcedata/freesurfer/sub-v1s16x0051187_ses-1/mri
mris_place_surface --curv-map ../surf/lh.white 2 10 ../surf/lh.curv
insurf  ../surf/lh.white, nbrs 2, curvature_avgs 10
writing curvature file ../surf/lh.curv
#@# white area lh Mon Mar  9 01:36:59 CET 2026
cd /out/sourcedata/freesurfer/sub-v1s16x0051187_ses-1/mri
mris_place_surface --area-map ../surf/lh.white ../surf/lh.area
writing curvature file ../surf/lh.area
#@# pial curv lh Mon Mar  9 01:37:00 CET 2026
cd /out/sourcedata/freesurfer/sub-v1s16x0051187_ses-1/mri
mris_place_surface --curv-map ../surf/lh.pial 2 10 ../surf/lh.curv.pial
insurf  ../surf/lh.pial, nbrs 2, curvature_avgs 10
writing curvature file ../surf/lh.curv.pial
#@# pial area lh Mon Mar  9 01:37:01 CET 2026
cd /out/sourcedata/freesurfer/sub-v1s16x0051187_ses-1/mri
mris_place_surface --area-map ../surf/lh.pial ../surf/lh.area.pial
writing curvature file ../surf/lh.area.pial
#@# thickness lh Mon Mar  9 01:37:01 CET 2026
cd /out/sourcedata/freesurfer/sub-v1s16x0051187_ses-1/mri
mris_place_surface --thickness ../surf/lh.white ../surf/lh.pial 20 5 ../surf/lh.thickness
0 of 125407 vertices processed
25000 of 125407 vertices processed
50000 of 125407 vertices processed
75000 of 125407 vertices processed
100000 of 125407 vertices processed
125000 of 125407 vertices processed
0 of 125407 vertices processed
25000 of 125407 vertices processed
50000 of 125407 vertices processed
75000 of 125407 vertices processed
100000 of 125407 vertices processed
125000 of 125407 vertices processed
thickness calculation complete, 513:1914 truncations.
45201 vertices at 0 distance
93261 vertices at 1 distance
65938 vertices at 2 distance
27104 vertices at 3 distance
10561 vertices at 4 distance
4349 vertices at 5 distance
1894 vertices at 6 distance
950 vertices at 7 distance
495 vertices at 8 distance
254 vertices at 9 distance
195 vertices at 10 distance
140 vertices at 11 distance
122 vertices at 12 distance
93 vertices at 13 distance
64 vertices at 14 distance
63 vertices at 15 distance
37 vertices at 16 distance
24 vertices at 17 distance
26 vertices at 18 distance
23 vertices at 19 distance
20 vertices at 20 distance
writing curvature file ../surf/lh.thickness
#@# area and vertex vol lh Mon Mar  9 01:37:18 CET 2026
cd /out/sourcedata/freesurfer/sub-v1s16x0051187_ses-1/mri
mris_place_surface --thickness ../surf/lh.white ../surf/lh.pial 20 5 ../surf/lh.thickness
/out/sourcedata/freesurfer/sub-v1s16x0051187_ses-1/surf
mris_calc -o lh.area.mid lh.area add lh.area.pial
Saving result to 'lh.area.mid' (type = MRI_CURV_FILE)                       [ ok ]
mris_calc -o lh.area.mid lh.area.mid div 2
Saving result to 'lh.area.mid' (type = MRI_CURV_FILE)                       [ ok ]
mris_convert --volume sub-v1s16x0051187_ses-1 lh /out/sourcedata/freesurfer/sub-v1s16x0051187_ses-1/surf/lh.volume
masking with /out/sourcedata/freesurfer/sub-v1s16x0051187_ses-1/label/lh.cortex.label
Total face volume 248313
Total vertex volume 248125 (mask=0)
#@# sub-v1s16x0051187_ses-1 lh 248125
 
vertexvol Done

#-----------------------------------------
#@# Curvature Stats lh Mon Mar  9 01:37:19 CET 2026
/out/sourcedata/freesurfer/sub-v1s16x0051187_ses-1/surf

 mris_curvature_stats -m --writeCurvatureFiles -G -o ../stats/lh.curv.stats -F smoothwm sub-v1s16x0051187_ses-1 lh curv sulc 

             Toggling save flag on curvature files                       [ ok ]
                 Outputting results using filestem   [ ../stats/lh.curv.stats ]
             Toggling save flag on curvature files                       [ ok ]
                                   Setting surface [ sub-v1s16x0051187_ses-1/lh.smoothwm ]
                                Reading surface...                       [ ok ]
                                   Setting texture                     [ curv ]
                                Reading texture...                       [ ok ]
                                   Setting texture                     [ sulc ]
                                Reading texture...Gb_filter = 0
                       [ ok ]
      Calculating Discrete Principal Curvatures...
      Determining geometric order for vno faces... [####################] [ ok ]
                      Determining KH curvatures... [####################] [ ok ]
                    Determining k1k2 curvatures... [####################] [ ok ]
                                   deltaViolations                      [ 226 ]
Gb_filter = 0

WARN:    S lookup   min:                          -0.451412
WARN:    S explicit min:                          0.000000	vertex = 61
#-----------------------------------------
#@# Cortical Parc 2 lh Mon Mar  9 01:37:21 CET 2026
/out/sourcedata/freesurfer/sub-v1s16x0051187_ses-1/scripts

 mris_ca_label -l ../label/lh.cortex.label -aseg ../mri/aseg.presurf.mgz -seed 1234 sub-v1s16x0051187_ses-1 lh ../surf/lh.sphere.reg /opt/freesurfer/average/lh.CDaparc.atlas.acfb40.noaparc.i12.2016-08-02.gcs ../label/lh.aparc.a2009s.annot 

setting seed for random number generator to 1234
using ../mri/aseg.presurf.mgz aseg volume to correct midline
7.3.2
  7.3.2
reading atlas from /opt/freesurfer/average/lh.CDaparc.atlas.acfb40.noaparc.i12.2016-08-02.gcs...
reading color table from GCSA file....
average std = 3.0   using min determinant for regularization = 0.088
0 singular and 0 ill-conditioned covariance matrices regularized
input 0: MEAN CURVATURE, flags 0, avgs 5, name mean_curvature
labeling surface...
9 labels changed using aseg
relabeling using gibbs priors...
000:   8221 changed, 125407 examined...
001:   1908 changed, 32259 examined...
002:    549 changed, 10207 examined...
003:    257 changed, 3228 examined...
004:    119 changed, 1439 examined...
005:     58 changed, 683 examined...
006:     28 changed, 350 examined...
007:      9 changed, 172 examined...
008:      4 changed, 58 examined...
009:      0 changed, 25 examined...
3 labels changed using aseg
000: 205 total segments, 118 labels (1393 vertices) changed
001: 89 total segments, 2 labels (9 vertices) changed
002: 87 total segments, 0 labels (0 vertices) changed
10 filter iterations complete (10 requested, 23 changed)
rationalizing unknown annotations with cortex label
relabeling Medial_wall label...
1517 vertices marked for relabeling...
1517 labels changed in reclassification.
writing output to ../label/lh.aparc.a2009s.annot...
classification took 0 minutes and 9 seconds.
#-----------------------------------------
#@# Cortical Parc 3 lh Mon Mar  9 01:37:30 CET 2026
/out/sourcedata/freesurfer/sub-v1s16x0051187_ses-1/scripts

 mris_ca_label -l ../label/lh.cortex.label -aseg ../mri/aseg.presurf.mgz -seed 1234 sub-v1s16x0051187_ses-1 lh ../surf/lh.sphere.reg /opt/freesurfer/average/lh.DKTaparc.atlas.acfb40.noaparc.i12.2016-08-02.gcs ../label/lh.aparc.DKTatlas.annot 

setting seed for random number generator to 1234
using ../mri/aseg.presurf.mgz aseg volume to correct midline
7.3.2
  7.3.2
reading atlas from /opt/freesurfer/average/lh.DKTaparc.atlas.acfb40.noaparc.i12.2016-08-02.gcs...
reading color table from GCSA file....
average std = 1.4   using min determinant for regularization = 0.020
0 singular and 383 ill-conditioned covariance matrices regularized
input 0: MEAN CURVATURE, flags 0, avgs 5, name mean_curvature
labeling surface...
1165 labels changed using aseg
relabeling using gibbs priors...
000:   1838 changed, 125407 examined...
001:    393 changed, 8626 examined...
002:     99 changed, 2289 examined...
003:     29 changed, 601 examined...
004:     12 changed, 185 examined...
005:      5 changed, 79 examined...
006:      2 changed, 34 examined...
007:      0 changed, 13 examined...
33 labels changed using aseg
000: 45 total segments, 12 labels (159 vertices) changed
001: 33 total segments, 0 labels (0 vertices) changed
10 filter iterations complete (10 requested, 3 changed)
rationalizing unknown annotations with cortex label
relabeling unknown label...
relabeling corpuscallosum label...
1365 vertices marked for relabeling...
1365 labels changed in reclassification.
writing output to ../label/lh.aparc.DKTatlas.annot...
classification took 0 minutes and 6 seconds.
#-----------------------------------------
#@# WM/GM Contrast lh Mon Mar  9 01:37:36 CET 2026
/out/sourcedata/freesurfer/sub-v1s16x0051187_ses-1/scripts

 pctsurfcon --s sub-v1s16x0051187_ses-1 --lh-only 

Log file is /out/sourcedata/freesurfer/sub-v1s16x0051187_ses-1/scripts/pctsurfcon.log
Mon Mar  9 01:37:36 CET 2026
setenv SUBJECTS_DIR /out/sourcedata/freesurfer
cd /out/sourcedata/freesurfer/sub-v1s16x0051187_ses-1/scripts
/opt/freesurfer/bin/pctsurfcon
pctsurfcon 7.3.2
Linux dna071 5.14.0-427.37.1.el9_4.x86_64 #1 SMP PREEMPT_DYNAMIC Fri Sep 13 12:41:50 EDT 2024 x86_64 x86_64 x86_64 GNU/Linux
FREESURFER_HOME /opt/freesurfer
mri_vol2surf --mov /out/sourcedata/freesurfer/sub-v1s16x0051187_ses-1/mri/rawavg.mgz --hemi lh --noreshape --interp trilinear --projdist -1 --o /out/sourcedata/freesurfer/sub-v1s16x0051187_ses-1/surf/tmp.pctsurfcon.3119409/lh.wm.mgh --regheader sub-v1s16x0051187_ses-1 --cortex
srcvol = /out/sourcedata/freesurfer/sub-v1s16x0051187_ses-1/mri/rawavg.mgz
srcreg unspecified
srcregold = 0
srcwarp unspecified
surf = white
hemi = lh
ProjDist = -1
reshape = 0
interp = trilinear
float2int = round
GetProjMax = 0
INFO: float2int code = 0
Done loading volume
Computing registration from header.
  Using /out/sourcedata/freesurfer/sub-v1s16x0051187_ses-1/mri/orig.mgz as target reference.
-------- original matrix -----------
-1.00000   0.00000   0.00000  -0.00003;
 0.00000   0.00000   1.00000   0.00003;
 0.00000  -1.00000   0.00000  -0.00002;
 0.00000   0.00000   0.00000   1.00000;
-------- original matrix -----------
Loading label /out/sourcedata/freesurfer/sub-v1s16x0051187_ses-1/label/lh.cortex.label
Reading surface /out/sourcedata/freesurfer/sub-v1s16x0051187_ses-1/surf/lh.white
Done reading source surface
Mapping Source Volume onto Source Subject Surface
Projecting -1 -1 1
 1 -1 -1 -1
using old
Done mapping volume to surface
Number of source voxels hit = 72640
Masking with /out/sourcedata/freesurfer/sub-v1s16x0051187_ses-1/label/lh.cortex.label
Writing to /out/sourcedata/freesurfer/sub-v1s16x0051187_ses-1/surf/tmp.pctsurfcon.3119409/lh.wm.mgh
Dim: 125407 1 1
mri_vol2surf --mov /out/sourcedata/freesurfer/sub-v1s16x0051187_ses-1/mri/rawavg.mgz --hemi lh --noreshape --interp trilinear --o /out/sourcedata/freesurfer/sub-v1s16x0051187_ses-1/surf/tmp.pctsurfcon.3119409/lh.gm.mgh --projfrac 0.3 --regheader sub-v1s16x0051187_ses-1 --cortex
srcvol = /out/sourcedata/freesurfer/sub-v1s16x0051187_ses-1/mri/rawavg.mgz
srcreg unspecified
srcregold = 0
srcwarp unspecified
surf = white
hemi = lh
ProjFrac = 0.3
thickness = thickness
reshape = 0
interp = trilinear
float2int = round
GetProjMax = 0
INFO: float2int code = 0
Done loading volume
Computing registration from header.
  Using /out/sourcedata/freesurfer/sub-v1s16x0051187_ses-1/mri/orig.mgz as target reference.
-------- original matrix -----------
-1.00000   0.00000   0.00000  -0.00003;
 0.00000   0.00000   1.00000   0.00003;
 0.00000  -1.00000   0.00000  -0.00002;
 0.00000   0.00000   0.00000   1.00000;
-------- original matrix -----------
Loading label /out/sourcedata/freesurfer/sub-v1s16x0051187_ses-1/label/lh.cortex.label
Reading surface /out/sourcedata/freesurfer/sub-v1s16x0051187_ses-1/surf/lh.white
Done reading source surface
Reading thickness /out/sourcedata/freesurfer/sub-v1s16x0051187_ses-1/surf/lh.thickness
Done
Mapping Source Volume onto Source Subject Surface
Projecting 0.3 0.3 1
 1 0.3 0.3 0.3
using old
Done mapping volume to surface
Number of source voxels hit = 82105
Masking with /out/sourcedata/freesurfer/sub-v1s16x0051187_ses-1/label/lh.cortex.label
Writing to /out/sourcedata/freesurfer/sub-v1s16x0051187_ses-1/surf/tmp.pctsurfcon.3119409/lh.gm.mgh
Dim: 125407 1 1
mri_concat /out/sourcedata/freesurfer/sub-v1s16x0051187_ses-1/surf/tmp.pctsurfcon.3119409/lh.wm.mgh /out/sourcedata/freesurfer/sub-v1s16x0051187_ses-1/surf/tmp.pctsurfcon.3119409/lh.gm.mgh --paired-diff-norm --mul 100 --o /out/sourcedata/freesurfer/sub-v1s16x0051187_ses-1/surf/lh.w-g.pct.mgh
ninputs = 2
Checking inputs
nframestot = 2
Allocing output
Done allocing
Combining pairs
nframes = 1
Multiplying by 100.000000
Writing to /out/sourcedata/freesurfer/sub-v1s16x0051187_ses-1/surf/lh.w-g.pct.mgh
mri_segstats --in /out/sourcedata/freesurfer/sub-v1s16x0051187_ses-1/surf/lh.w-g.pct.mgh --annot sub-v1s16x0051187_ses-1 lh aparc --sum /out/sourcedata/freesurfer/sub-v1s16x0051187_ses-1/stats/lh.w-g.pct.stats --snr

7.3.2
cwd 
cmdline mri_segstats --in /out/sourcedata/freesurfer/sub-v1s16x0051187_ses-1/surf/lh.w-g.pct.mgh --annot sub-v1s16x0051187_ses-1 lh aparc --sum /out/sourcedata/freesurfer/sub-v1s16x0051187_ses-1/stats/lh.w-g.pct.stats --snr 
sysname  Linux
hostname dna071
machine  x86_64
user     oesteban
whitesurfname  white
UseRobust  0
Constructing seg from annotation

Reading annotation /out/sourcedata/freesurfer/sub-v1s16x0051187_ses-1/label/lh.aparc.annot
Seg base 1000
Loading /out/sourcedata/freesurfer/sub-v1s16x0051187_ses-1/surf/lh.w-g.pct.mgh
Vertex Area is 0.709725 mm^3
Generating list of segmentation ids
Found  36 segmentations
Computing statistics for each segmentation

Reporting on  35 segmentations
Using PrintSegStat
mri_segstats done
Cleaning up

Started at Mon Mar 9 01:09:19 CET 2026 
Ended   at Mon Mar 9 01:37:38 CET 2026
#@#%# recon-all-run-time-hours 0.472
recon-all -s sub-v1s16x0051187_ses-1 finished without error at Mon Mar  9 01:37:38 CET 2026



#New# invocation of recon-all 




Mon Mar  9 02:05:47 CET 2026
cd /out/sourcedata/freesurfer/sub-v1s16x0051187_ses-1
setenv SUBJECTS_DIR /out/sourcedata/freesurfer
/opt/freesurfer/bin/recon-all -autorecon-hemi lh -nohyporelabel -lh-only -openmp 16 -subjid sub-v1s16x0051187_ses-1 -sd /out/sourcedata/freesurfer -notessellate -nosmooth1 -noinflate1 -noqsphere -nofix -nowhite -nosmooth2 -noinflate2 -nocurvHK -nocurvstats -nosphere -nosurfreg -nojacobian_white -noavgcurv -nocortparc -nopial -nocortparc2 -nocortparc3 -nopctsurfcon

subjid sub-v1s16x0051187_ses-1
setenv SUBJECTS_DIR /out/sourcedata/freesurfer
FREESURFER_HOME /opt/freesurfer
Actual FREESURFER_HOME /opt/freesurfer
build-stamp.txt: freesurfer-linux-ubuntu22_x86_64-7.3.2-20220804-6354275
Linux dna071 5.14.0-427.37.1.el9_4.x86_64 #1 SMP PREEMPT_DYNAMIC Fri Sep 13 12:41:50 EDT 2024 x86_64 x86_64 x86_64 GNU/Linux
cputime      unlimited
filesize     unlimited
datasize     unlimited
stacksize    8192 kbytes
coredumpsize 0 kbytes
memoryuse    67108864 kbytes
vmemoryuse   unlimited
descriptors  1024 
memorylocked unlimited
maxproc      2061970 
maxlocks     unlimited
maxsignal    2062029 
maxmessage   819200 
maxnice      0 
maxrtprio    0 
maxrttime    unlimited

               total        used        free      shared  buff/cache   available
Mem:           503Gi        48Gi       426Gi       9.3Gi        28Gi       442Gi
Swap:             0B          0B          0B

########################################
program versions used
7.3.2 (freesurfer-linux-ubuntu22_x86_64-7.3.2-20220804-6354275)
7.3.2

ProgramName: lta_convert  ProgramArguments: lta_convert -all-info  ProgramVersion: 7.3.2  TimeStamp: 2026/03/09-01:05:47-GMT  BuildTime: Aug  4 2022 06:17:15  BuildStamp: freesurfer-linux-ubuntu22_x86_64-7.3.2-20220804-6354275  User: oesteban  Machine: dna071  Platform: Linux  PlatformVersion: 5.14.0-427.37.1.el9_4.x86_64  CompilerName: GCC  CompilerVersion: 8.4.0
ProgramName: mri_and  ProgramArguments: mri_and -all-info  ProgramVersion: 7.3.2  TimeStamp: 2026/03/09-01:05:47-GMT  BuildTime: Aug  4 2022 06:17:15  BuildStamp: freesurfer-linux-ubuntu22_x86_64-7.3.2-20220804-6354275  User: oesteban  Machine: dna071  Platform: Linux  PlatformVersion: 5.14.0-427.37.1.el9_4.x86_64  CompilerName: GCC  CompilerVersion: 8.4.0
ProgramName: mri_annotation2label  ProgramArguments: mri_annotation2label -all-info  ProgramVersion: 7.3.2  TimeStamp: 2026/03/09-01:05:47-GMT  BuildTime: Aug  4 2022 06:17:15  BuildStamp: freesurfer-linux-ubuntu22_x86_64-7.3.2-20220804-6354275  User: oesteban  Machine: dna071  Platform: Linux  PlatformVersion: 5.14.0-427.37.1.el9_4.x86_64  CompilerName: GCC  CompilerVersion: 8.4.0
ProgramName: mri_aparc2aseg  ProgramArguments: mri_aparc2aseg -all-info  ProgramVersion: 7.3.2  TimeStamp: 2026/03/09-01:05:47-GMT  BuildTime: Aug  4 2022 06:17:15  BuildStamp: freesurfer-linux-ubuntu22_x86_64-7.3.2-20220804-6354275  User: oesteban  Machine: dna071  Platform: Linux  PlatformVersion: 5.14.0-427.37.1.el9_4.x86_64  CompilerName: GCC  CompilerVersion: 8.4.0
ProgramName: mri_surf2volseg  ProgramArguments: mri_surf2volseg -all-info  ProgramVersion: 7.3.2  TimeStamp: 2026/03/09-01:05:47-GMT  BuildTime: Aug  4 2022 06:17:15  BuildStamp: freesurfer-linux-ubuntu22_x86_64-7.3.2-20220804-6354275  User: oesteban  Machine: dna071  Platform: Linux  PlatformVersion: 5.14.0-427.37.1.el9_4.x86_64  CompilerName: GCC  CompilerVersion: 8.4.0
ProgramName: mri_binarize  ProgramArguments: mri_binarize -all-info  ProgramVersion: 7.3.2  TimeStamp: 2026/03/09-01:05:47-GMT  BuildTime: Aug  4 2022 06:17:15  BuildStamp: freesurfer-linux-ubuntu22_x86_64-7.3.2-20220804-6354275  User: oesteban  Machine: dna071  Platform: Linux  PlatformVersion: 5.14.0-427.37.1.el9_4.x86_64  CompilerName: GCC  CompilerVersion: 8.4.0
ProgramName: mri_ca_label  ProgramArguments: mri_ca_label -all-info  ProgramVersion: 7.3.2  TimeStamp: 2026/03/09-01:05:47-GMT  BuildTime: Aug  4 2022 06:17:15  BuildStamp: freesurfer-linux-ubuntu22_x86_64-7.3.2-20220804-6354275  User: oesteban  Machine: dna071  Platform: Linux  PlatformVersion: 5.14.0-427.37.1.el9_4.x86_64  CompilerName: GCC  CompilerVersion: 8.4.0
ProgramName: mri_ca_normalize  ProgramArguments: mri_ca_normalize -all-info  ProgramVersion: 7.3.2  TimeStamp: 2026/03/09-01:05:47-GMT  BuildTime: Aug  4 2022 06:17:15  BuildStamp: freesurfer-linux-ubuntu22_x86_64-7.3.2-20220804-6354275  User: oesteban  Machine: dna071  Platform: Linux  PlatformVersion: 5.14.0-427.37.1.el9_4.x86_64  CompilerName: GCC  CompilerVersion: 8.4.0
ProgramName: mri_ca_register  ProgramArguments: mri_ca_register -all-info  ProgramVersion: 7.3.2  TimeStamp: 2026/03/09-01:05:47-GMT  BuildTime: Aug  4 2022 06:17:15  BuildStamp: freesurfer-linux-ubuntu22_x86_64-7.3.2-20220804-6354275  User: oesteban  Machine: dna071  Platform: Linux  PlatformVersion: 5.14.0-427.37.1.el9_4.x86_64  CompilerName: GCC  CompilerVersion: 8.4.0
ProgramName: mri_cc  ProgramArguments: mri_cc -all-info  ProgramVersion: 7.3.2  TimeStamp: 2026/03/09-01:05:47-GMT  BuildTime: Aug  4 2022 06:17:15  BuildStamp: freesurfer-linux-ubuntu22_x86_64-7.3.2-20220804-6354275  User: oesteban  Machine: dna071  Platform: Linux  PlatformVersion: 5.14.0-427.37.1.el9_4.x86_64  CompilerName: GCC  CompilerVersion: 8.4.0
ProgramName: mri_compute_overlap  ProgramArguments: mri_compute_overlap -all-info  ProgramVersion: 7.3.2  TimeStamp: 2026/03/09-01:05:47-GMT  BuildTime: Aug  4 2022 06:17:15  BuildStamp: freesurfer-linux-ubuntu22_x86_64-7.3.2-20220804-6354275  User: oesteban  Machine: dna071  Platform: Linux  PlatformVersion: 5.14.0-427.37.1.el9_4.x86_64  CompilerName: GCC  CompilerVersion: 8.4.0
ProgramName: mri_compute_seg_overlap  ProgramArguments: mri_compute_seg_overlap -all-info  ProgramVersion: 7.3.2  TimeStamp: 2026/03/09-01:05:47-GMT  BuildTime: Aug  4 2022 06:17:15  BuildStamp: freesurfer-linux-ubuntu22_x86_64-7.3.2-20220804-6354275  User: oesteban  Machine: dna071  Platform: Linux  PlatformVersion: 5.14.0-427.37.1.el9_4.x86_64  CompilerName: GCC  CompilerVersion: 8.4.0
ProgramName: mri_concat  ProgramArguments: mri_concat -all-info  ProgramVersion: 7.3.2  TimeStamp: 2026/03/09-01:05:47-GMT  BuildTime: Aug  4 2022 06:17:15  BuildStamp: freesurfer-linux-ubuntu22_x86_64-7.3.2-20220804-6354275  User: oesteban  Machine: dna071  Platform: Linux  PlatformVersion: 5.14.0-427.37.1.el9_4.x86_64  CompilerName: GCC  CompilerVersion: 8.4.0
ProgramName: mri_concatenate_lta  ProgramArguments: mri_concatenate_lta -all-info  ProgramVersion: 7.3.2  TimeStamp: 2026/03/09-01:05:47-GMT  BuildTime: Aug  4 2022 06:17:15  BuildStamp: freesurfer-linux-ubuntu22_x86_64-7.3.2-20220804-6354275  User: oesteban  Machine: dna071  Platform: Linux  PlatformVersion: 5.14.0-427.37.1.el9_4.x86_64  CompilerName: GCC  CompilerVersion: 8.4.0
mri_convert -all-info 
ProgramName: mri_convert  ProgramArguments: mri_convert -all-info  ProgramVersion: 7.3.2  TimeStamp: 2026/03/09-01:05:47-GMT  BuildTime: Aug  4 2022 06:17:15  BuildStamp: freesurfer-linux-ubuntu22_x86_64-7.3.2-20220804-6354275  User: oesteban  Machine: dna071  Platform: Linux  PlatformVersion: 5.14.0-427.37.1.el9_4.x86_64  CompilerName: GCC  CompilerVersion: 8.4.0
ProgramName: mri_diff  ProgramArguments: mri_diff -all-info  ProgramVersion: 7.3.2  TimeStamp: 2026/03/09-01:05:47-GMT  BuildTime: Aug  4 2022 06:17:15  BuildStamp: freesurfer-linux-ubuntu22_x86_64-7.3.2-20220804-6354275  User: oesteban  Machine: dna071  Platform: Linux  PlatformVersion: 5.14.0-427.37.1.el9_4.x86_64  CompilerName: GCC  CompilerVersion: 8.4.0
ProgramName: mri_edit_wm_with_aseg  ProgramArguments: mri_edit_wm_with_aseg -all-info  ProgramVersion: 7.3.2  TimeStamp: 2026/03/09-01:05:47-GMT  BuildTime: Aug  4 2022 06:17:15  BuildStamp: freesurfer-linux-ubuntu22_x86_64-7.3.2-20220804-6354275  User: oesteban  Machine: dna071  Platform: Linux  PlatformVersion: 5.14.0-427.37.1.el9_4.x86_64  CompilerName: GCC  CompilerVersion: 8.4.0
ProgramName: mri_em_register  ProgramArguments: mri_em_register -all-info  ProgramVersion: 7.3.2  TimeStamp: 2026/03/09-01:05:47-GMT  BuildTime: Aug  4 2022 06:17:15  BuildStamp: freesurfer-linux-ubuntu22_x86_64-7.3.2-20220804-6354275  User: oesteban  Machine: dna071  Platform: Linux  PlatformVersion: 5.14.0-427.37.1.el9_4.x86_64  CompilerName: GCC  CompilerVersion: 8.4.0
ProgramName: mri_fill  ProgramArguments: mri_fill -all-info  ProgramVersion: 7.3.2  TimeStamp: 2026/03/09-01:05:47-GMT  BuildTime: Aug  4 2022 06:17:15  BuildStamp: freesurfer-linux-ubuntu22_x86_64-7.3.2-20220804-6354275  User: oesteban  Machine: dna071  Platform: Linux  PlatformVersion: 5.14.0-427.37.1.el9_4.x86_64  CompilerName: GCC  CompilerVersion: 8.4.0
ProgramName: mri_fuse_segmentations  ProgramArguments: mri_fuse_segmentations -all-info  ProgramVersion: 7.3.2  TimeStamp: 2026/03/09-01:05:47-GMT  BuildTime: Aug  4 2022 06:17:15  BuildStamp: freesurfer-linux-ubuntu22_x86_64-7.3.2-20220804-6354275  User: oesteban  Machine: dna071  Platform: Linux  PlatformVersion: 5.14.0-427.37.1.el9_4.x86_64  CompilerName: GCC  CompilerVersion: 8.4.0
ProgramName: mri_fwhm  ProgramArguments: mri_fwhm -all-info  ProgramVersion: 7.3.2  TimeStamp: 2026/03/09-01:05:47-GMT  BuildTime: Aug  4 2022 06:17:15  BuildStamp: freesurfer-linux-ubuntu22_x86_64-7.3.2-20220804-6354275  User: oesteban  Machine: dna071  Platform: Linux  PlatformVersion: 5.14.0-427.37.1.el9_4.x86_64  CompilerName: GCC  CompilerVersion: 8.4.0
ProgramName: mri_gcut  ProgramArguments: mri_gcut -all-info  ProgramVersion: 7.3.2  TimeStamp: 2026/03/09-01:05:47-GMT  BuildTime: Aug  4 2022 06:17:15  BuildStamp: freesurfer-linux-ubuntu22_x86_64-7.3.2-20220804-6354275  User: oesteban  Machine: dna071  Platform: Linux  PlatformVersion: 5.14.0-427.37.1.el9_4.x86_64  CompilerName: GCC  CompilerVersion: 8.4.0
ProgramName: mri_info  ProgramArguments: mri_info -all-info  ProgramVersion: 7.3.2  TimeStamp: 2026/03/09-01:05:47-GMT  BuildTime: Aug  4 2022 06:17:15  BuildStamp: freesurfer-linux-ubuntu22_x86_64-7.3.2-20220804-6354275  User: oesteban  Machine: dna071  Platform: Linux  PlatformVersion: 5.14.0-427.37.1.el9_4.x86_64  CompilerName: GCC  CompilerVersion: 8.4.0
ProgramName: mri_label2label  ProgramArguments: mri_label2label -all-info  ProgramVersion: 7.3.2  TimeStamp: 2026/03/09-01:05:47-GMT  BuildTime: Aug  4 2022 06:17:15  BuildStamp: freesurfer-linux-ubuntu22_x86_64-7.3.2-20220804-6354275  User: oesteban  Machine: dna071  Platform: Linux  PlatformVersion: 5.14.0-427.37.1.el9_4.x86_64  CompilerName: GCC  CompilerVersion: 8.4.0
ProgramName: mri_label2vol  ProgramArguments: mri_label2vol -all-info  ProgramVersion: 7.3.2  TimeStamp: 2026/03/09-01:05:47-GMT  BuildTime: Aug  4 2022 06:17:15  BuildStamp: freesurfer-linux-ubuntu22_x86_64-7.3.2-20220804-6354275  User: oesteban  Machine: dna071  Platform: Linux  PlatformVersion: 5.14.0-427.37.1.el9_4.x86_64  CompilerName: GCC  CompilerVersion: 8.4.0
ProgramName: mri_log_likelihood  ProgramArguments: mri_log_likelihood -all-info  ProgramVersion: 7.3.2  TimeStamp: 2026/03/09-01:05:47-GMT  BuildTime: Aug  4 2022 06:17:15  BuildStamp: freesurfer-linux-ubuntu22_x86_64-7.3.2-20220804-6354275  User: oesteban  Machine: dna071  Platform: Linux  PlatformVersion: 5.14.0-427.37.1.el9_4.x86_64  CompilerName: GCC  CompilerVersion: 8.4.0
ProgramName: mri_mask  ProgramArguments: mri_mask -all-info  ProgramVersion: 7.3.2  TimeStamp: 2026/03/09-01:05:47-GMT  BuildTime: Aug  4 2022 06:17:15  BuildStamp: freesurfer-linux-ubuntu22_x86_64-7.3.2-20220804-6354275  User: oesteban  Machine: dna071  Platform: Linux  PlatformVersion: 5.14.0-427.37.1.el9_4.x86_64  CompilerName: GCC  CompilerVersion: 8.4.0
ProgramName: mri_matrix_multiply  ProgramArguments: mri_matrix_multiply -all-info  ProgramVersion: 7.3.2  TimeStamp: 2026/03/09-01:05:47-GMT  BuildTime: Aug  4 2022 06:17:15  BuildStamp: freesurfer-linux-ubuntu22_x86_64-7.3.2-20220804-6354275  User: oesteban  Machine: dna071  Platform: Linux  PlatformVersion: 5.14.0-427.37.1.el9_4.x86_64  CompilerName: GCC  CompilerVersion: 8.4.0
ProgramName: mri_normalize  ProgramArguments: mri_normalize -all-info  ProgramVersion: 7.3.2  TimeStamp: 2026/03/09-01:05:47-GMT  BuildTime: Aug  4 2022 06:17:15  BuildStamp: freesurfer-linux-ubuntu22_x86_64-7.3.2-20220804-6354275  User: oesteban  Machine: dna071  Platform: Linux  PlatformVersion: 5.14.0-427.37.1.el9_4.x86_64  CompilerName: GCC  CompilerVersion: 8.4.0
ProgramName: mri_normalize_tp2  ProgramArguments: mri_normalize_tp2 -all-info  ProgramVersion: 7.3.2  TimeStamp: 2026/03/09-01:05:47-GMT  BuildTime: Aug  4 2022 06:17:15  BuildStamp: freesurfer-linux-ubuntu22_x86_64-7.3.2-20220804-6354275  User: oesteban  Machine: dna071  Platform: Linux  PlatformVersion: 5.14.0-427.37.1.el9_4.x86_64  CompilerName: GCC  CompilerVersion: 8.4.0
ProgramName: mri_or  ProgramArguments: mri_or -all-info  ProgramVersion: 7.3.2  TimeStamp: 2026/03/09-01:05:47-GMT  BuildTime: Aug  4 2022 06:17:15  BuildStamp: freesurfer-linux-ubuntu22_x86_64-7.3.2-20220804-6354275  User: oesteban  Machine: dna071  Platform: Linux  PlatformVersion: 5.14.0-427.37.1.el9_4.x86_64  CompilerName: GCC  CompilerVersion: 8.4.0
ProgramName: mri_relabel_hypointensities  ProgramArguments: mri_relabel_hypointensities -all-info  ProgramVersion: 7.3.2  TimeStamp: 2026/03/09-01:05:47-GMT  BuildTime: Aug  4 2022 06:17:15  BuildStamp: freesurfer-linux-ubuntu22_x86_64-7.3.2-20220804-6354275  User: oesteban  Machine: dna071  Platform: Linux  PlatformVersion: 5.14.0-427.37.1.el9_4.x86_64  CompilerName: GCC  CompilerVersion: 8.4.0
ProgramName: mri_relabel_nonwm_hypos  ProgramArguments: mri_relabel_nonwm_hypos -all-info  ProgramVersion: 7.3.2  TimeStamp: 2026/03/09-01:05:47-GMT  BuildTime: Aug  4 2022 06:17:15  BuildStamp: freesurfer-linux-ubuntu22_x86_64-7.3.2-20220804-6354275  User: oesteban  Machine: dna071  Platform: Linux  PlatformVersion: 5.14.0-427.37.1.el9_4.x86_64  CompilerName: GCC  CompilerVersion: 8.4.0
ProgramName: mri_remove_neck  ProgramArguments: mri_remove_neck -all-info  ProgramVersion: 7.3.2  TimeStamp: 2026/03/09-01:05:47-GMT  BuildTime: Aug  4 2022 06:17:15  BuildStamp: freesurfer-linux-ubuntu22_x86_64-7.3.2-20220804-6354275  User: oesteban  Machine: dna071  Platform: Linux  PlatformVersion: 5.14.0-427.37.1.el9_4.x86_64  CompilerName: GCC  CompilerVersion: 8.4.0
7.3.2

ProgramName: mri_robust_register  ProgramArguments: mri_robust_register -all-info  ProgramVersion: 7.3.2  TimeStamp: 2026/03/09-01:05:47-GMT  BuildTime: Aug  4 2022 06:17:15  BuildStamp: freesurfer-linux-ubuntu22_x86_64-7.3.2-20220804-6354275  User: oesteban  Machine: dna071  Platform: Linux  PlatformVersion: 5.14.0-427.37.1.el9_4.x86_64  CompilerName: GCC  CompilerVersion: 8.4.0
7.3.2

ProgramName: mri_robust_template  ProgramArguments: mri_robust_template -all-info  ProgramVersion: 7.3.2  TimeStamp: 2026/03/09-01:05:47-GMT  BuildTime: Aug  4 2022 06:17:15  BuildStamp: freesurfer-linux-ubuntu22_x86_64-7.3.2-20220804-6354275  User: oesteban  Machine: dna071  Platform: Linux  PlatformVersion: 5.14.0-427.37.1.el9_4.x86_64  CompilerName: GCC  CompilerVersion: 8.4.0
ProgramName: mris_anatomical_stats  ProgramArguments: mris_anatomical_stats -all-info  ProgramVersion: 7.3.2  TimeStamp: 2026/03/09-01:05:47-GMT  BuildTime: Aug  4 2022 06:17:15  BuildStamp: freesurfer-linux-ubuntu22_x86_64-7.3.2-20220804-6354275  User: oesteban  Machine: dna071  Platform: Linux  PlatformVersion: 5.14.0-427.37.1.el9_4.x86_64  CompilerName: GCC  CompilerVersion: 8.4.0
ProgramName: mris_ca_label  ProgramArguments: mris_ca_label -all-info  ProgramVersion: 7.3.2  TimeStamp: 2026/03/09-01:05:47-GMT  BuildTime: Aug  4 2022 06:17:15  BuildStamp: freesurfer-linux-ubuntu22_x86_64-7.3.2-20220804-6354275  User: oesteban  Machine: dna071  Platform: Linux  PlatformVersion: 5.14.0-427.37.1.el9_4.x86_64  CompilerName: GCC  CompilerVersion: 8.4.0
ProgramName: mris_calc  ProgramArguments: mris_calc -all-info  ProgramVersion: 7.3.2  TimeStamp: 2026/03/09-01:05:47-GMT  BuildTime: Aug  4 2022 06:17:15  BuildStamp: freesurfer-linux-ubuntu22_x86_64-7.3.2-20220804-6354275  User: oesteban  Machine: dna071  Platform: Linux  PlatformVersion: 5.14.0-427.37.1.el9_4.x86_64  CompilerName: GCC  CompilerVersion: 8.4.0
ProgramName: mris_convert  ProgramArguments: mris_convert -all-info  ProgramVersion: 7.3.2  TimeStamp: 2026/03/09-01:05:47-GMT  BuildTime: Aug  4 2022 06:17:15  BuildStamp: freesurfer-linux-ubuntu22_x86_64-7.3.2-20220804-6354275  User: oesteban  Machine: dna071  Platform: Linux  PlatformVersion: 5.14.0-427.37.1.el9_4.x86_64  CompilerName: GCC  CompilerVersion: 8.4.0
ProgramName: mris_curvature  ProgramArguments: mris_curvature -all-info  ProgramVersion: 7.3.2  TimeStamp: 2026/03/09-01:05:47-GMT  BuildTime: Aug  4 2022 06:17:15  BuildStamp: freesurfer-linux-ubuntu22_x86_64-7.3.2-20220804-6354275  User: oesteban  Machine: dna071  Platform: Linux  PlatformVersion: 5.14.0-427.37.1.el9_4.x86_64  CompilerName: GCC  CompilerVersion: 8.4.0
ProgramName: mris_curvature_stats  ProgramArguments: mris_curvature_stats -all-info  ProgramVersion: 7.3.2  TimeStamp: 2026/03/09-01:05:47-GMT  BuildTime: Aug  4 2022 06:17:15  BuildStamp: freesurfer-linux-ubuntu22_x86_64-7.3.2-20220804-6354275  User: oesteban  Machine: dna071  Platform: Linux  PlatformVersion: 5.14.0-427.37.1.el9_4.x86_64  CompilerName: GCC  CompilerVersion: 8.4.0
ProgramName: mris_diff  ProgramArguments: mris_diff -all-info  ProgramVersion: 7.3.2  TimeStamp: 2026/03/09-01:05:47-GMT  BuildTime: Aug  4 2022 06:17:15  BuildStamp: freesurfer-linux-ubuntu22_x86_64-7.3.2-20220804-6354275  User: oesteban  Machine: dna071  Platform: Linux  PlatformVersion: 5.14.0-427.37.1.el9_4.x86_64  CompilerName: GCC  CompilerVersion: 8.4.0
ProgramName: mris_divide_parcellation  ProgramArguments: mris_divide_parcellation -all-info  ProgramVersion: 7.3.2  TimeStamp: 2026/03/09-01:05:47-GMT  BuildTime: Aug  4 2022 06:17:15  BuildStamp: freesurfer-linux-ubuntu22_x86_64-7.3.2-20220804-6354275  User: oesteban  Machine: dna071  Platform: Linux  PlatformVersion: 5.14.0-427.37.1.el9_4.x86_64  CompilerName: GCC  CompilerVersion: 8.4.0
ProgramName: mri_segment  ProgramArguments: mri_segment -all-info  ProgramVersion: 7.3.2  TimeStamp: 2026/03/09-01:05:47-GMT  BuildTime: Aug  4 2022 06:17:15  BuildStamp: freesurfer-linux-ubuntu22_x86_64-7.3.2-20220804-6354275  User: oesteban  Machine: dna071  Platform: Linux  PlatformVersion: 5.14.0-427.37.1.el9_4.x86_64  CompilerName: GCC  CompilerVersion: 8.4.0
ProgramName: mri_segstats  ProgramArguments: mri_segstats -all-info  ProgramVersion: 7.3.2  TimeStamp: 2026/03/09-01:05:47-GMT  BuildTime: Aug  4 2022 06:17:15  BuildStamp: freesurfer-linux-ubuntu22_x86_64-7.3.2-20220804-6354275  User: oesteban  Machine: dna071  Platform: Linux  PlatformVersion: 5.14.0-427.37.1.el9_4.x86_64  CompilerName: GCC  CompilerVersion: 8.4.0
ProgramName: mris_euler_number  ProgramArguments: mris_euler_number -all-info  ProgramVersion: 7.3.2  TimeStamp: 2026/03/09-01:05:47-GMT  BuildTime: Aug  4 2022 06:17:15  BuildStamp: freesurfer-linux-ubuntu22_x86_64-7.3.2-20220804-6354275  User: oesteban  Machine: dna071  Platform: Linux  PlatformVersion: 5.14.0-427.37.1.el9_4.x86_64  CompilerName: GCC  CompilerVersion: 8.4.0
ProgramName: mris_fix_topology  ProgramArguments: mris_fix_topology -all-info  ProgramVersion: 7.3.2  TimeStamp: 2026/03/09-01:05:47-GMT  BuildTime: Aug  4 2022 06:17:15  BuildStamp: freesurfer-linux-ubuntu22_x86_64-7.3.2-20220804-6354275  User: oesteban  Machine: dna071  Platform: Linux  PlatformVersion: 5.14.0-427.37.1.el9_4.x86_64  CompilerName: GCC  CompilerVersion: 8.4.0
ProgramName: mris_topo_fixer  ProgramArguments: mris_topo_fixer -all-info  ProgramVersion: 7.3.2  TimeStamp: 2026/03/09-01:05:47-GMT  BuildTime: Aug  4 2022 06:17:15  BuildStamp: freesurfer-linux-ubuntu22_x86_64-7.3.2-20220804-6354275  User: oesteban  Machine: dna071  Platform: Linux  PlatformVersion: 5.14.0-427.37.1.el9_4.x86_64  CompilerName: GCC  CompilerVersion: 8.4.0
ProgramName: mris_jacobian  ProgramArguments: mris_jacobian -all-info  ProgramVersion: 7.3.2  TimeStamp: 2026/03/09-01:05:47-GMT  BuildTime: Aug  4 2022 06:17:15  BuildStamp: freesurfer-linux-ubuntu22_x86_64-7.3.2-20220804-6354275  User: oesteban  Machine: dna071  Platform: Linux  PlatformVersion: 5.14.0-427.37.1.el9_4.x86_64  CompilerName: GCC  CompilerVersion: 8.4.0
ProgramName: mris_label2annot  ProgramArguments: mris_label2annot -all-info  ProgramVersion: 7.3.2  TimeStamp: 2026/03/09-01:05:47-GMT  BuildTime: Aug  4 2022 06:17:15  BuildStamp: freesurfer-linux-ubuntu22_x86_64-7.3.2-20220804-6354275  User: oesteban  Machine: dna071  Platform: Linux  PlatformVersion: 5.14.0-427.37.1.el9_4.x86_64  CompilerName: GCC  CompilerVersion: 8.4.0
ProgramName: mris_left_right_register  ProgramArguments: mris_left_right_register -all-info  ProgramVersion: 7.3.2  TimeStamp: 2026/03/09-01:05:47-GMT  BuildTime: Aug  4 2022 06:17:15  BuildStamp: freesurfer-linux-ubuntu22_x86_64-7.3.2-20220804-6354275  User: oesteban  Machine: dna071  Platform: Linux  PlatformVersion: 5.14.0-427.37.1.el9_4.x86_64  CompilerName: GCC  CompilerVersion: 8.4.0
ProgramName: mris_place_surface  ProgramArguments: mris_place_surface -all-info  ProgramVersion: 7.3.2  TimeStamp: 2026/03/09-01:05:47-GMT  BuildTime: Aug  4 2022 06:17:15  BuildStamp: freesurfer-linux-ubuntu22_x86_64-7.3.2-20220804-6354275  User: oesteban  Machine: dna071  Platform: Linux  PlatformVersion: 5.14.0-427.37.1.el9_4.x86_64  CompilerName: GCC  CompilerVersion: 8.4.0
ProgramName: mrisp_paint  ProgramArguments: mrisp_paint -all-info  ProgramVersion: 7.3.2  TimeStamp: 2026/03/09-01:05:47-GMT  BuildTime: Aug  4 2022 06:17:15  BuildStamp: freesurfer-linux-ubuntu22_x86_64-7.3.2-20220804-6354275  User: oesteban  Machine: dna071  Platform: Linux  PlatformVersion: 5.14.0-427.37.1.el9_4.x86_64  CompilerName: GCC  CompilerVersion: 8.4.0
ProgramName: mris_register  ProgramArguments: mris_register -all-info  ProgramVersion: 7.3.2  TimeStamp: 2026/03/09-01:05:47-GMT  BuildTime: Aug  4 2022 06:17:15  BuildStamp: freesurfer-linux-ubuntu22_x86_64-7.3.2-20220804-6354275  User: oesteban  Machine: dna071  Platform: Linux  PlatformVersion: 5.14.0-427.37.1.el9_4.x86_64  CompilerName: GCC  CompilerVersion: 8.4.0
ProgramName: mris_smooth  ProgramArguments: mris_smooth -all-info  ProgramVersion: 7.3.2  TimeStamp: 2026/03/09-01:05:47-GMT  BuildTime: Aug  4 2022 06:17:15  BuildStamp: freesurfer-linux-ubuntu22_x86_64-7.3.2-20220804-6354275  User: oesteban  Machine: dna071  Platform: Linux  PlatformVersion: 5.14.0-427.37.1.el9_4.x86_64  CompilerName: GCC  CompilerVersion: 8.4.0
ProgramName: mris_sphere  ProgramArguments: mris_sphere -all-info  ProgramVersion: 7.3.2  TimeStamp: 2026/03/09-01:05:47-GMT  BuildTime: Aug  4 2022 06:17:15  BuildStamp: freesurfer-linux-ubuntu22_x86_64-7.3.2-20220804-6354275  User: oesteban  Machine: dna071  Platform: Linux  PlatformVersion: 5.14.0-427.37.1.el9_4.x86_64  CompilerName: GCC  CompilerVersion: 8.4.0
ProgramName: mris_surface_stats  ProgramArguments: mris_surface_stats -all-info  ProgramVersion: 7.3.2  TimeStamp: 2026/03/09-01:05:47-GMT  BuildTime: Aug  4 2022 06:17:15  BuildStamp: freesurfer-linux-ubuntu22_x86_64-7.3.2-20220804-6354275  User: oesteban  Machine: dna071  Platform: Linux  PlatformVersion: 5.14.0-427.37.1.el9_4.x86_64  CompilerName: GCC  CompilerVersion: 8.4.0
ProgramName: mri_stats2seg  ProgramArguments: mri_stats2seg -all-info  ProgramVersion: 7.3.2  TimeStamp: 2026/03/09-01:05:47-GMT  BuildTime: Aug  4 2022 06:17:15  BuildStamp: freesurfer-linux-ubuntu22_x86_64-7.3.2-20220804-6354275  User: oesteban  Machine: dna071  Platform: Linux  PlatformVersion: 5.14.0-427.37.1.el9_4.x86_64  CompilerName: GCC  CompilerVersion: 8.4.0
ProgramName: mris_thickness  ProgramArguments: mris_thickness -all-info  ProgramVersion: 7.3.2  TimeStamp: 2026/03/09-01:05:47-GMT  BuildTime: Aug  4 2022 06:17:15  BuildStamp: freesurfer-linux-ubuntu22_x86_64-7.3.2-20220804-6354275  User: oesteban  Machine: dna071  Platform: Linux  PlatformVersion: 5.14.0-427.37.1.el9_4.x86_64  CompilerName: GCC  CompilerVersion: 8.4.0
ProgramName: mris_thickness_diff  ProgramArguments: mris_thickness_diff -all-info  ProgramVersion: 7.3.2  TimeStamp: 2026/03/09-01:05:47-GMT  BuildTime: Aug  4 2022 06:17:15  BuildStamp: freesurfer-linux-ubuntu22_x86_64-7.3.2-20220804-6354275  User: oesteban  Machine: dna071  Platform: Linux  PlatformVersion: 5.14.0-427.37.1.el9_4.x86_64  CompilerName: GCC  CompilerVersion: 8.4.0
ProgramName: mris_topo_fixer  ProgramArguments: mris_topo_fixer -all-info  ProgramVersion: 7.3.2  TimeStamp: 2026/03/09-01:05:47-GMT  BuildTime: Aug  4 2022 06:17:15  BuildStamp: freesurfer-linux-ubuntu22_x86_64-7.3.2-20220804-6354275  User: oesteban  Machine: dna071  Platform: Linux  PlatformVersion: 5.14.0-427.37.1.el9_4.x86_64  CompilerName: GCC  CompilerVersion: 8.4.0
ProgramName: mri_surf2surf  ProgramArguments: mri_surf2surf -all-info  ProgramVersion: 7.3.2  TimeStamp: 2026/03/09-01:05:47-GMT  BuildTime: Aug  4 2022 06:17:15  BuildStamp: freesurfer-linux-ubuntu22_x86_64-7.3.2-20220804-6354275  User: oesteban  Machine: dna071  Platform: Linux  PlatformVersion: 5.14.0-427.37.1.el9_4.x86_64  CompilerName: GCC  CompilerVersion: 8.4.0
ProgramName: mri_surf2vol  ProgramArguments: mri_surf2vol -all-info  ProgramVersion: 7.3.2  TimeStamp: 2026/03/09-01:05:47-GMT  BuildTime: Aug  4 2022 06:17:15  BuildStamp: freesurfer-linux-ubuntu22_x86_64-7.3.2-20220804-6354275  User: oesteban  Machine: dna071  Platform: Linux  PlatformVersion: 5.14.0-427.37.1.el9_4.x86_64  CompilerName: GCC  CompilerVersion: 8.4.0
ProgramName: mri_surfcluster  ProgramArguments: mri_surfcluster -all-info  ProgramVersion: 7.3.2  TimeStamp: 2026/03/09-01:05:47-GMT  BuildTime: Aug  4 2022 06:17:15  BuildStamp: freesurfer-linux-ubuntu22_x86_64-7.3.2-20220804-6354275  User: oesteban  Machine: dna071  Platform: Linux  PlatformVersion: 5.14.0-427.37.1.el9_4.x86_64  CompilerName: GCC  CompilerVersion: 8.4.0
ProgramName: mris_volmask  ProgramArguments: mris_volmask -all-info  ProgramVersion: 7.3.2  TimeStamp: 2026/03/09-01:05:47-GMT  BuildTime: Aug  4 2022 06:17:15  BuildStamp: freesurfer-linux-ubuntu22_x86_64-7.3.2-20220804-6354275  User: oesteban  Machine: dna071  Platform: Linux  PlatformVersion: 5.14.0-427.37.1.el9_4.x86_64  CompilerName: GCC  CompilerVersion: 8.4.0
ProgramName: mri_tessellate  ProgramArguments: mri_tessellate -all-info  ProgramVersion: 7.3.2  TimeStamp: 2026/03/09-01:05:47-GMT  BuildTime: Aug  4 2022 06:17:15  BuildStamp: freesurfer-linux-ubuntu22_x86_64-7.3.2-20220804-6354275  User: oesteban  Machine: dna071  Platform: Linux  PlatformVersion: 5.14.0-427.37.1.el9_4.x86_64  CompilerName: GCC  CompilerVersion: 8.4.0
ProgramName: mri_vol2surf  ProgramArguments: mri_vol2surf -all-info  ProgramVersion: 7.3.2  TimeStamp: 2026/03/09-01:05:47-GMT  BuildTime: Aug  4 2022 06:17:15  BuildStamp: freesurfer-linux-ubuntu22_x86_64-7.3.2-20220804-6354275  User: oesteban  Machine: dna071  Platform: Linux  PlatformVersion: 5.14.0-427.37.1.el9_4.x86_64  CompilerName: GCC  CompilerVersion: 8.4.0
ProgramName: mri_vol2vol  ProgramArguments: mri_vol2vol -all-info  ProgramVersion: 7.3.2  TimeStamp: 2026/03/09-01:05:47-GMT  BuildTime: Aug  4 2022 06:17:15  BuildStamp: freesurfer-linux-ubuntu22_x86_64-7.3.2-20220804-6354275  User: oesteban  Machine: dna071  Platform: Linux  PlatformVersion: 5.14.0-427.37.1.el9_4.x86_64  CompilerName: GCC  CompilerVersion: 8.4.0
ProgramName: mri_voldiff  ProgramArguments: mri_voldiff -all-info  ProgramVersion: 7.3.2  TimeStamp: 2026/03/09-01:05:47-GMT  BuildTime: Aug  4 2022 06:17:15  BuildStamp: freesurfer-linux-ubuntu22_x86_64-7.3.2-20220804-6354275  User: oesteban  Machine: dna071  Platform: Linux  PlatformVersion: 5.14.0-427.37.1.el9_4.x86_64  CompilerName: GCC  CompilerVersion: 8.4.0
ProgramName: mri_watershed  ProgramArguments: mri_watershed -all-info  ProgramVersion: 7.3.2  TimeStamp: 2026/03/09-01:05:47-GMT  BuildTime: Aug  4 2022 06:17:15  BuildStamp: freesurfer-linux-ubuntu22_x86_64-7.3.2-20220804-6354275  User: oesteban  Machine: dna071  Platform: Linux  PlatformVersion: 5.14.0-427.37.1.el9_4.x86_64  CompilerName: GCC  CompilerVersion: 8.4.0
ProgramName: tkregister2  ProgramArguments: tkregister2_cmdl -all-info  ProgramVersion: 7.3.2  TimeStamp: 2026/03/09-01:05:47-GMT  BuildTime: Aug  4 2022 06:17:15  BuildStamp: freesurfer-linux-ubuntu22_x86_64-7.3.2-20220804-6354275  User: oesteban  Machine: dna071  Platform: Linux  PlatformVersion: 5.14.0-427.37.1.el9_4.x86_64  CompilerName: GCC  CompilerVersion: 8.4.0
mri_motion_correct.fsl 7.3.2
mri_convert -all-info 
ProgramName: mri_convert  ProgramArguments: mri_convert -all-info  ProgramVersion: 7.3.2  TimeStamp: 2026/03/09-01:05:47-GMT  BuildTime: Aug  4 2022 06:17:15  BuildStamp: freesurfer-linux-ubuntu22_x86_64-7.3.2-20220804-6354275  User: oesteban  Machine: dna071  Platform: Linux  PlatformVersion: 5.14.0-427.37.1.el9_4.x86_64  CompilerName: GCC  CompilerVersion: 8.4.0
Program nu_correct, built from:
Package MNI N3, version 1.12.0, compiled by nicks@terrier (x86_64-unknown-linux-gnu) on 2015-06-19 at 01:25:34
#######################################
GCADIR /opt/freesurfer/average
GCA RB_all_2020-01-02.gca
GCASkull RB_all_withskull_2020_01_02.gca
AvgCurvTif folding.atlas.acfb40.noaparc.i12.2016-08-02.tif
GCSDIR /opt/freesurfer/average
GCS DKaparc.atlas.acfb40.noaparc.i12.2016-08-02.gcs
#######################################
#--------------------------------------------
#@# AutoDetGWStats lh Mon Mar  9 02:05:47 CET 2026
cd /out/sourcedata/freesurfer/sub-v1s16x0051187_ses-1/mri
mris_autodet_gwstats --o ../surf/autodet.gw.stats.lh.dat --i brain.finalsurfs.mgz --wm wm.mgz --surf ../surf/lh.orig.premesh
  Update not needed
#--------------------------------------------
#@# WhitePreAparc lh Mon Mar  9 02:05:47 CET 2026
cd /out/sourcedata/freesurfer/sub-v1s16x0051187_ses-1/mri
mris_place_surface --adgws-in ../surf/autodet.gw.stats.lh.dat --wm wm.mgz --threads 16 --invol brain.finalsurfs.mgz --lh --i ../surf/lh.orig --o ../surf/lh.white.preaparc --white --seg aseg.presurf.mgz --nsmooth 5
   Update not needed
#--------------------------------------------
#@# CortexLabel lh Mon Mar  9 02:05:47 CET 2026
cd /out/sourcedata/freesurfer/sub-v1s16x0051187_ses-1/mri
mri_label2label --label-cortex ../surf/lh.white.preaparc aseg.presurf.mgz 0 ../label/lh.cortex.label
   Update not needed
#--------------------------------------------
#@# CortexLabel+HipAmyg lh Mon Mar  9 02:05:47 CET 2026
cd /out/sourcedata/freesurfer/sub-v1s16x0051187_ses-1/mri
mri_label2label --label-cortex ../surf/lh.white.preaparc aseg.presurf.mgz 1 ../label/lh.cortex+hipamyg.label
   Update not needed
#@# white curv lh Mon Mar  9 02:05:47 CET 2026
cd /out/sourcedata/freesurfer/sub-v1s16x0051187_ses-1/mri
mris_place_surface --curv-map ../surf/lh.white 2 10 ../surf/lh.curv
   Update not needed
#@# white area lh Mon Mar  9 02:05:47 CET 2026
cd /out/sourcedata/freesurfer/sub-v1s16x0051187_ses-1/mri
mris_place_surface --area-map ../surf/lh.white ../surf/lh.area
   Update not needed
#@# pial curv lh Mon Mar  9 02:05:48 CET 2026
cd /out/sourcedata/freesurfer/sub-v1s16x0051187_ses-1/mri
mris_place_surface --curv-map ../surf/lh.pial 2 10 ../surf/lh.curv.pial
   Update not needed
#@# pial area lh Mon Mar  9 02:05:48 CET 2026
cd /out/sourcedata/freesurfer/sub-v1s16x0051187_ses-1/mri
mris_place_surface --area-map ../surf/lh.pial ../surf/lh.area.pial
   Update not needed
#@# thickness lh Mon Mar  9 02:05:48 CET 2026
cd /out/sourcedata/freesurfer/sub-v1s16x0051187_ses-1/mri
mris_place_surface --thickness ../surf/lh.white ../surf/lh.pial 20 5 ../surf/lh.thickness
   Update not needed
#@# area and vertex vol lh Mon Mar  9 02:05:48 CET 2026
cd /out/sourcedata/freesurfer/sub-v1s16x0051187_ses-1/mri
mris_place_surface --thickness ../surf/lh.white ../surf/lh.pial 20 5 ../surf/lh.thickness
   Update not needed
#-----------------------------------------
#@# Parcellation Stats lh Mon Mar  9 02:05:48 CET 2026
/out/sourcedata/freesurfer/sub-v1s16x0051187_ses-1/scripts

 mris_anatomical_stats -th3 -mgz -noglobal -cortex ../label/lh.cortex.label -f ../stats/lh.aparc.stats -b -a ../label/lh.aparc.annot -c ../label/aparc.annot.ctab sub-v1s16x0051187_ses-1 lh white 

computing statistics for each annotation in ../label/lh.aparc.annot.
reading volume /out/sourcedata/freesurfer/sub-v1s16x0051187_ses-1/mri/wm.mgz...
reading input surface /out/sourcedata/freesurfer/sub-v1s16x0051187_ses-1/surf/lh.white...
reading input pial surface /out/sourcedata/freesurfer/sub-v1s16x0051187_ses-1/surf/lh.pial...
reading input white surface /out/sourcedata/freesurfer/sub-v1s16x0051187_ses-1/surf/lh.white...
INFO: using TH3 volume calc
INFO: assuming MGZ format for volumes.
INFO: not computing global stats
INFO: using ../label/lh.cortex.label as mask to calc cortex NumVert, SurfArea and MeanThickness.
Using TH3 vertex volume calc
Total face volume 248313
Total vertex volume 248125 (mask=0)
Saving annotation colortable ../label/aparc.annot.ctab

table columns are:
    number of vertices
    total surface area (mm^2)
    total gray matter volume (mm^3)
    average cortical thickness +- standard deviation (mm)
    integrated rectified mean curvature
    integrated rectified Gaussian curvature
    folding index
    intrinsic curvature index
    structure name

 1174    795   2114  2.793 0.512     0.089     0.015        6     0.7  bankssts
 1070    790   2610  3.073 0.626     0.124     0.021       12     1.0  caudalanteriorcingulate
 2917   1986   5657  2.711 0.573     0.105     0.019       23     2.4  caudalmiddlefrontal
 2233   1742   3525  1.967 0.673     0.164     0.037       34     3.7  cuneus
  593    478   1230  1.987 0.965     0.197     0.072       17     2.1  entorhinal
 4468   3054   8824  2.679 0.819     0.112     0.024       45     4.1  fusiform
 6291   4794  16059  2.867 0.664     0.124     0.028       76     7.5  inferiorparietal
 3590   2585   6571  2.273 0.826     0.136     0.039       65     5.8  inferiortemporal
 1423   1005   2984  2.528 0.894     0.128     0.036       20     2.3  isthmuscingulate
 7741   5599  13897  2.206 0.631     0.137     0.035      104    11.3  lateraloccipital
 3547   2574   8573  3.027 0.820     0.131     0.034       41     5.3  lateralorbitofrontal
 4874   3711   7928  2.107 0.744     0.145     0.037       59     7.6  lingual
 2350   1707   5293  2.620 0.717     0.119     0.029       32     2.7  medialorbitofrontal
 3273   2476   8805  2.674 0.852     0.124     0.035       54     4.4  middletemporal
 1294    839   2147  2.325 0.735     0.101     0.027       11     1.3  parahippocampal
 2262   1479   4688  2.830 0.665     0.104     0.020       14     1.9  paracentral
 1997   1476   4956  2.816 0.620     0.112     0.023       18     1.9  parsopercularis
  926    720   3258  3.349 0.623     0.136     0.030       15     1.0  parsorbitalis
 1811   1344   4746  2.998 0.725     0.118     0.025       21     1.9  parstriangularis
 2298   1597   2207  1.632 0.468     0.122     0.032       25     2.9  pericalcarine
 5533   3728   8458  2.051 0.750     0.112     0.026       57     6.0  postcentral
 1973   1322   4184  2.917 0.985     0.104     0.020       17     1.6  posteriorcingulate
 6799   4669  12073  2.375 0.623     0.110     0.022       60     6.3  precentral
 6286   4474  14934  2.868 0.669     0.118     0.025       62     6.4  precuneus
 1175    865   3107  3.166 0.771     0.132     0.033       14     1.6  rostralanteriorcingulate
 6134   4759  16441  2.944 0.617     0.139     0.035       89     8.7  rostralmiddlefrontal
10454   7190  24098  2.973 0.686     0.117     0.025      101    10.4  superiorfrontal
 8598   6096  16270  2.425 0.631     0.123     0.029      104     9.9  superiorparietal
 5193   3402   9575  2.482 0.755     0.107     0.031       63     6.5  superiortemporal
 5450   4116  12794  2.858 0.700     0.128     0.028       63     6.2  supramarginal
  314    247   1069  3.275 0.905     0.152     0.041        5     0.5  frontalpole
  476    348   1152  2.332 0.717     0.181     0.073        9     1.4  temporalpole
  594    419   1220  2.622 0.720     0.122     0.027        6     0.6  transversetemporal
 3873   2581   6679  2.850 0.933     0.112     0.033       35     4.8  insula

 mris_anatomical_stats -th3 -mgz -noglobal -cortex ../label/lh.cortex.label -f ../stats/lh.aparc.pial.stats -b -a ../label/lh.aparc.annot -c ../label/aparc.annot.ctab sub-v1s16x0051187_ses-1 lh pial 

computing statistics for each annotation in ../label/lh.aparc.annot.
reading volume /out/sourcedata/freesurfer/sub-v1s16x0051187_ses-1/mri/wm.mgz...
reading input surface /out/sourcedata/freesurfer/sub-v1s16x0051187_ses-1/surf/lh.pial...
reading input pial surface /out/sourcedata/freesurfer/sub-v1s16x0051187_ses-1/surf/lh.pial...
reading input white surface /out/sourcedata/freesurfer/sub-v1s16x0051187_ses-1/surf/lh.white...
INFO: using TH3 volume calc
INFO: assuming MGZ format for volumes.
INFO: not computing global stats
INFO: using ../label/lh.cortex.label as mask to calc cortex NumVert, SurfArea and MeanThickness.
Using TH3 vertex volume calc
Total face volume 248313
Total vertex volume 248125 (mask=0)
Saving annotation colortable ../label/aparc.annot.ctab

table columns are:
    number of vertices
    total surface area (mm^2)
    total gray matter volume (mm^3)
    average cortical thickness +- standard deviation (mm)
    integrated rectified mean curvature
    integrated rectified Gaussian curvature
    folding index
    intrinsic curvature index
    structure name

 1174    732   2114  2.793 0.512     0.121     0.032       20     1.4  bankssts
 1070    971   2610  3.073 0.626     0.150     0.037       20     1.8  caudalanteriorcingulate
 2917   2240   5657  2.711 0.573     0.129     0.033       54     3.8  caudalmiddlefrontal
 2233   2012   3525  1.967 0.673     0.162     0.041       48     3.9  cuneus
  593    773   1230  1.987 0.965     0.287     0.187      336     7.5  entorhinal
 4468   3751   8824  2.679 0.819     0.159     0.044       95     8.1  fusiform
 6291   6386  16059  2.867 0.664     0.176     0.043      157    11.5  inferiorparietal
 3590   3385   6571  2.273 0.826     0.191     0.047     4995     7.6  inferiortemporal
 1423   1386   2984  2.528 0.894     0.200     0.060       37     3.4  isthmuscingulate
 7741   7245  13897  2.206 0.631     0.162     0.040      185    12.8  lateraloccipital
 3547   3263   8573  3.027 0.820     0.192     0.064      143     8.5  lateralorbitofrontal
 4874   4427   7928  2.107 0.744     0.170     0.046      183     9.1  lingual
 2350   2377   5293  2.620 0.717     0.179     0.044       53     4.7  medialorbitofrontal
 3273   4036   8805  2.674 0.852     0.203     0.042       60     6.6  middletemporal
 1294   1153   2147  2.325 0.735     0.190     0.057       24     3.2  parahippocampal
 2262   1883   4688  2.830 0.665     0.141     0.040       42     3.6  paracentral
 1997   2007   4956  2.816 0.620     0.162     0.033       31     2.9  parsopercularis
  926   1226   3258  3.349 0.623     0.213     0.045       17     2.1  parsorbitalis
 1811   1758   4746  2.998 0.725     0.179     0.044       98     3.3  parstriangularis
 2298   1275   2207  1.632 0.468     0.121     0.041       75     3.5  pericalcarine
 5533   4591   8458  2.051 0.750     0.135     0.030       74     7.7  postcentral
 1973   1634   4184  2.917 0.985     0.183     0.054      280     4.4  posteriorcingulate
 6799   5464  12073  2.375 0.623     0.129     0.031      156     8.6  precentral
 6286   5805  14934  2.868 0.669     0.163     0.041      124    10.9  precuneus
 1175   1180   3107  3.166 0.771     0.187     0.058       22     2.9  rostralanteriorcingulate
 6134   6342  16441  2.944 0.617     0.179     0.050      179    10.9  rostralmiddlefrontal
10454   8961  24098  2.973 0.686     0.146     0.040      208    16.0  superiorfrontal
 8598   7533  16270  2.425 0.631     0.152     0.056      174    13.8  superiorparietal
 5193   4520   9575  2.482 0.755     0.168     0.044      104     9.9  superiortemporal
 5450   5016  12794  2.858 0.700     0.158     0.040      134     9.1  supramarginal
  314    413   1069  3.275 0.905     0.226     0.045        7     0.7  frontalpole
  476    719   1152  2.332 0.717     0.307     0.084       13     1.9  temporalpole
  594    570   1220  2.622 0.720     0.195     0.061       13     1.5  transversetemporal
 3873   2346   6679  2.850 0.933     0.133     0.044      101     6.2  insula
#-----------------------------------------
#@# Parcellation Stats 2 lh Mon Mar  9 02:06:00 CET 2026
/out/sourcedata/freesurfer/sub-v1s16x0051187_ses-1/scripts

 mris_anatomical_stats -th3 -mgz -noglobal -cortex ../label/lh.cortex.label -f ../stats/lh.aparc.a2009s.stats -b -a ../label/lh.aparc.a2009s.annot -c ../label/aparc.annot.a2009s.ctab sub-v1s16x0051187_ses-1 lh white 

computing statistics for each annotation in ../label/lh.aparc.a2009s.annot.
reading volume /out/sourcedata/freesurfer/sub-v1s16x0051187_ses-1/mri/wm.mgz...
reading input surface /out/sourcedata/freesurfer/sub-v1s16x0051187_ses-1/surf/lh.white...
reading input pial surface /out/sourcedata/freesurfer/sub-v1s16x0051187_ses-1/surf/lh.pial...
reading input white surface /out/sourcedata/freesurfer/sub-v1s16x0051187_ses-1/surf/lh.white...
INFO: using TH3 volume calc
INFO: assuming MGZ format for volumes.
INFO: not computing global stats
INFO: using ../label/lh.cortex.label as mask to calc cortex NumVert, SurfArea and MeanThickness.
Using TH3 vertex volume calc
Total face volume 248313
Total vertex volume 248125 (mask=0)
Saving annotation colortable ../label/aparc.annot.a2009s.ctab

table columns are:
    number of vertices
    total surface area (mm^2)
    total gray matter volume (mm^3)
    average cortical thickness +- standard deviation (mm)
    integrated rectified mean curvature
    integrated rectified Gaussian curvature
    folding index
    intrinsic curvature index
    structure name

 1062    776   2698  2.864 0.709     0.136     0.035       14     1.4  G_and_S_frontomargin
 1898   1401   4125  2.431 0.586     0.136     0.032       24     2.4  G_and_S_occipital_inf
 1677   1033   2934  2.357 0.642     0.106     0.022       15     1.5  G_and_S_paracentral
 1453   1126   3523  2.743 0.759     0.140     0.033       22     1.8  G_and_S_subcentral
  533    470   2105  3.480 0.693     0.170     0.047        9     1.1  G_and_S_transv_frontopol
 2229   1601   5148  3.168 0.567     0.108     0.022       19     2.0  G_and_S_cingul-Ant
 1293    910   2615  2.861 0.542     0.104     0.019       10     1.0  G_and_S_cingul-Mid-Ant
 1375    949   3128  3.291 0.560     0.107     0.021        8     1.2  G_and_S_cingul-Mid-Post
  546    380   1992  3.566 0.765     0.121     0.028        7     0.6  G_cingul-Post-dorsal
  243    157    572  2.636 0.811     0.120     0.040        3     0.3  G_cingul-Post-ventral
 1924   1517   3478  1.918 0.835     0.163     0.042       29     3.5  G_cuneus
 1087    890   3547  2.855 0.637     0.145     0.035       18     1.6  G_front_inf-Opercular
  409    341   1415  2.799 0.714     0.146     0.029        8     0.5  G_front_inf-Orbital
  954    773   3572  3.185 0.680     0.143     0.036       17     1.4  G_front_inf-Triangul
 3348   2617   9391  2.833 0.655     0.140     0.036       56     5.2  G_front_middle
 7536   5227  19800  2.960 0.742     0.128     0.029       94     8.7  G_front_sup
  645    425   1300  3.004 0.956     0.129     0.045        7     1.2  G_Ins_lg_and_S_cent_ins
  852    568   1806  2.537 0.858     0.128     0.044       14     1.3  G_insular_short
 2045   1628   6754  2.815 0.913     0.148     0.040       40     3.9  G_occipital_middle
 1367   1073   2837  2.257 0.629     0.151     0.040       23     2.0  G_occipital_sup
 2112   1470   5183  2.959 0.902     0.124     0.029       28     2.2  G_oc-temp_lat-fusifor
 3454   2709   5814  1.909 0.707     0.161     0.044       49     6.6  G_oc-temp_med-Lingual
 1381    992   2776  2.294 0.833     0.137     0.043       22     2.4  G_oc-temp_med-Parahip
 2249   1788   7613  3.140 0.863     0.153     0.046       37     4.2  G_orbital
 2151   1781   6385  2.678 0.708     0.146     0.037       40     3.1  G_pariet_inf-Angular
 2774   2251   8332  3.038 0.740     0.156     0.041       51     4.5  G_pariet_inf-Supramar
 3409   2507   7210  2.266 0.658     0.145     0.039       62     5.6  G_parietal_sup
 2228   1468   3234  1.889 0.606     0.122     0.031       27     3.0  G_postcentral
 2506   1754   5105  2.358 0.653     0.128     0.029       31     2.9  G_precentral
 3013   2268   9807  2.998 0.753     0.137     0.032       46     3.8  G_precuneus
  795    593   2594  2.922 0.850     0.134     0.041       14     1.3  G_rectus
  728    506    807  1.843 0.774     0.148     0.059       11     1.6  G_subcallosal
  442    314   1026  2.560 0.760     0.122     0.033        4     0.6  G_temp_sup-G_T_transv
 1848   1241   3845  2.245 0.808     0.149     0.051       42     4.1  G_temp_sup-Lateral
  465    283    745  2.202 0.676     0.100     0.040        4     0.7  G_temp_sup-Plan_polar
  979    663   2015  2.636 0.594     0.070     0.011        3     0.4  G_temp_sup-Plan_tempo
 2037   1484   4296  2.291 0.911     0.144     0.046       48     3.8  G_temporal_inf
 1847   1518   6363  2.831 0.867     0.149     0.047       47     3.3  G_temporal_middle
  318    205    420  2.272 0.639     0.083     0.013        1     0.1  Lat_Fis-ant-Horizont
  312    221    542  2.705 0.727     0.100     0.015        1     0.2  Lat_Fis-ant-Vertical
 1069    725   1678  3.011 0.668     0.104     0.021        5     0.9  Lat_Fis-post
 2409   1774   3738  1.905 0.599     0.160     0.045       40     4.5  Pole_occipital
 1012    698   2041  2.211 0.751     0.154     0.063       17     2.8  Pole_temporal
 2686   1851   3014  1.944 0.696     0.124     0.031       30     3.5  S_calcarine
 2712   1765   2896  1.850 0.506     0.090     0.016       13     1.7  S_central
 1201    804   1959  2.871 0.610     0.091     0.015        5     0.8  S_cingul-Marginalis
  517    347    742  2.683 0.765     0.113     0.028        3     0.6  S_circular_insula_ant
 1164    753   1842  3.053 0.925     0.075     0.012        4     0.5  S_circular_insula_inf
 2011   1289   3030  3.090 0.591     0.085     0.014        7     1.3  S_circular_insula_sup
  733    508   1041  2.125 0.781     0.128     0.032       10     1.1  S_collat_transv_ant
  550    383    707  2.251 0.376     0.121     0.023        4     0.6  S_collat_transv_post
 1812   1248   3619  2.808 0.560     0.100     0.022       14     1.6  S_front_inf
  895    681   2171  3.126 0.610     0.139     0.032       11     1.1  S_front_middle
 2737   1858   4994  2.952 0.405     0.099     0.017       15     2.1  S_front_sup
  408    273    574  2.498 0.317     0.094     0.011        2     0.2  S_interm_prim-Jensen
 3783   2503   5787  2.627 0.503     0.089     0.014       18     2.2  S_intrapariet_and_P_trans
  883    595   1111  2.155 0.523     0.109     0.020        5     0.8  S_oc_middle_and_Lunatus
 1357    898   1990  2.499 0.483     0.092     0.018        7     1.0  S_oc_sup_and_transversal
  882    568   1276  2.515 0.510     0.097     0.017        6     0.6  S_occipital_ant
  803    552   1279  2.552 0.562     0.103     0.020        5     0.7  S_oc-temp_lat
 2539   1728   3526  2.446 0.608     0.102     0.019       17     2.0  S_oc-temp_med_and_Lingual
  296    207    467  2.735 0.441     0.120     0.022        2     0.3  S_orbital_lateral
  519    349    719  2.395 0.632     0.108     0.017        4     0.4  S_orbital_med-olfact
 1265    883   2851  3.360 0.577     0.111     0.021       10     1.2  S_orbital-H_Shaped
 2380   1629   3775  2.598 0.634     0.110     0.020       16     2.0  S_parieto_occipital
 1651   1112   2212  2.269 0.935     0.116     0.022       19     1.8  S_pericallosal
 2362   1622   3407  2.333 0.464     0.103     0.018       14     1.9  S_postcentral
 1314    905   2199  2.587 0.567     0.099     0.018        8     1.1  S_precentral-inf-part
 1423    936   2135  2.521 0.638     0.090     0.014        7     0.8  S_precentral-sup-part
  582    425    905  2.409 0.415     0.109     0.010        4     0.3  S_suborbital
 1216    843   1971  2.826 0.481     0.108     0.018        7     0.9  S_subparietal
  987    677   1258  2.122 0.712     0.099     0.017        5     0.7  S_temporal_inf
 4968   3470   9781  2.848 0.617     0.100     0.020       34     4.0  S_temporal_sup
  334    228    582  2.824 0.707     0.098     0.010        2     0.1  S_temporal_transverse
#-----------------------------------------
#@# Parcellation Stats 3 lh Mon Mar  9 02:06:06 CET 2026
/out/sourcedata/freesurfer/sub-v1s16x0051187_ses-1/scripts

 mris_anatomical_stats -th3 -mgz -noglobal -cortex ../label/lh.cortex.label -f ../stats/lh.aparc.DKTatlas.stats -b -a ../label/lh.aparc.DKTatlas.annot -c ../label/aparc.annot.DKTatlas.ctab sub-v1s16x0051187_ses-1 lh white 

computing statistics for each annotation in ../label/lh.aparc.DKTatlas.annot.
reading volume /out/sourcedata/freesurfer/sub-v1s16x0051187_ses-1/mri/wm.mgz...
reading input surface /out/sourcedata/freesurfer/sub-v1s16x0051187_ses-1/surf/lh.white...
reading input pial surface /out/sourcedata/freesurfer/sub-v1s16x0051187_ses-1/surf/lh.pial...
reading input white surface /out/sourcedata/freesurfer/sub-v1s16x0051187_ses-1/surf/lh.white...
INFO: using TH3 volume calc
INFO: assuming MGZ format for volumes.
INFO: not computing global stats
INFO: using ../label/lh.cortex.label as mask to calc cortex NumVert, SurfArea and MeanThickness.
Using TH3 vertex volume calc
Total face volume 248313
Total vertex volume 248125 (mask=0)
Saving annotation colortable ../label/aparc.annot.DKTatlas.ctab

table columns are:
    number of vertices
    total surface area (mm^2)
    total gray matter volume (mm^3)
    average cortical thickness +- standard deviation (mm)
    integrated rectified mean curvature
    integrated rectified Gaussian curvature
    folding index
    intrinsic curvature index
    structure name

 1655   1168   3451  2.951 0.600     0.114     0.019       16     1.3  caudalanteriorcingulate
 3124   2142   6277  2.740 0.580     0.104     0.019       25     2.5  caudalmiddlefrontal
 3053   2307   5472  2.175 0.784     0.149     0.034       41     4.4  cuneus
  529    455   1201  2.090 0.946     0.199     0.062       15     1.5  entorhinal
 4314   2965   8659  2.706 0.809     0.113     0.025       44     4.0  fusiform
 6345   4823  16113  2.830 0.658     0.124     0.028       78     7.3  inferiorparietal
 3539   2503   6305  2.231 0.838     0.134     0.041       66     6.2  inferiortemporal
 1402    998   3004  2.555 0.895     0.130     0.036       20     2.2  isthmuscingulate
 7702   5576  13922  2.211 0.635     0.139     0.035      105    11.4  lateraloccipital
 3832   2866   9946  3.022 0.885     0.142     0.040       50     6.5  lateralorbitofrontal
 4981   3796   8065  2.092 0.739     0.145     0.037       60     7.8  lingual
 2211   1609   5123  2.548 0.793     0.127     0.033       36     3.1  medialorbitofrontal
 4570   3413  11324  2.709 0.798     0.121     0.031       65     5.6  middletemporal
 1326    863   2183  2.322 0.734     0.101     0.027       10     1.3  parahippocampal
 2662   1768   5578  2.817 0.656     0.107     0.020       18     2.3  paracentral
 1903   1394   4608  2.824 0.619     0.112     0.023       17     1.8  parsopercularis
 1009    747   2805  2.936 0.761     0.114     0.022       11     0.9  parsorbitalis
 2083   1552   5689  3.042 0.733     0.121     0.026       25     2.2  parstriangularis
 2230   1551   2146  1.638 0.466     0.124     0.032       25     2.8  pericalcarine
 6296   4200   9473  2.096 0.761     0.112     0.026       65     6.6  postcentral
 1984   1336   4223  2.966 0.964     0.106     0.020       17     1.7  posteriorcingulate
 6732   4622  11940  2.386 0.622     0.111     0.023       59     6.5  precentral
 6023   4336  14583  2.862 0.678     0.122     0.027       63     6.5  precuneus
 1663   1194   3786  2.978 0.849     0.125     0.031       18     2.0  rostralanteriorcingulate
 4459   3415  11379  2.893 0.599     0.135     0.032       67     5.9  rostralmiddlefrontal
11035   7751  26587  2.981 0.692     0.121     0.028      113    12.1  superiorfrontal
 7163   5089  13290  2.412 0.613     0.120     0.027       86     8.3  superiorparietal
 6492   4284  12093  2.500 0.740     0.109     0.032       75     8.4  superiortemporal
 5015   3810  11868  2.895 0.692     0.129     0.029       57     5.9  supramarginal
  598    422   1210  2.607 0.697     0.124     0.027        6     0.6  transversetemporal
 3054   2014   5823  3.059 0.842     0.104     0.028       26     3.2  insula
/out/sourcedata/freesurfer/sub-v1s16x0051187_ses-1/label
#--------------------------------------------
#@# BA_exvivo Labels lh Mon Mar  9 02:06:12 CET 2026

 mri_label2label --srcsubject fsaverage --srclabel /out/sourcedata/freesurfer/fsaverage/label/lh.BA1_exvivo.label --trgsubject sub-v1s16x0051187_ses-1 --trglabel ./lh.BA1_exvivo.label --hemi lh --regmethod surface 


srclabel = /out/sourcedata/freesurfer/fsaverage/label/lh.BA1_exvivo.label
srcsubject = fsaverage
trgsubject = sub-v1s16x0051187_ses-1
trglabel = ./lh.BA1_exvivo.label
regmethod = surface

srchemi = lh
trghemi = lh
trgsurface = white
srcsurfreg = sphere.reg
trgsurfreg = sphere.reg
usehash = 1
Use ProjAbs  = 0, 0
Use ProjFrac = 0, 0
DoPaint 0

SUBJECTS_DIR    /out/sourcedata/freesurfer
FREESURFER_HOME /opt/freesurfer
Loading source label.
Found 4129 points in source label.
Starting surface-based mapping
Reading source registration 
 /out/sourcedata/freesurfer/fsaverage/surf/lh.sphere.reg
Rescaling ...  original radius = 100
Reading target surface 
 /out/sourcedata/freesurfer/sub-v1s16x0051187_ses-1/surf/lh.white
Reading target registration 
 /out/sourcedata/freesurfer/sub-v1s16x0051187_ses-1/surf/lh.sphere.reg
Rescaling ...  original radius = 100
Building target registration hash (res=16).
Building source registration hash (res=16).
INFO: found  4129 nlabel points
Performing mapping from target back to the source label 125407
Number of reverse mapping hits = 126
Checking for and removing duplicates
Writing label file ./lh.BA1_exvivo.label 4255
mri_label2label: Done


 mri_label2label --srcsubject fsaverage --srclabel /out/sourcedata/freesurfer/fsaverage/label/lh.BA2_exvivo.label --trgsubject sub-v1s16x0051187_ses-1 --trglabel ./lh.BA2_exvivo.label --hemi lh --regmethod surface 


srclabel = /out/sourcedata/freesurfer/fsaverage/label/lh.BA2_exvivo.label
srcsubject = fsaverage
trgsubject = sub-v1s16x0051187_ses-1
trglabel = ./lh.BA2_exvivo.label
regmethod = surface

srchemi = lh
trghemi = lh
trgsurface = white
srcsurfreg = sphere.reg
trgsurfreg = sphere.reg
usehash = 1
Use ProjAbs  = 0, 0
Use ProjFrac = 0, 0
DoPaint 0

SUBJECTS_DIR    /out/sourcedata/freesurfer
FREESURFER_HOME /opt/freesurfer
Loading source label.
Found 7909 points in source label.
Starting surface-based mapping
Reading source registration 
 /out/sourcedata/freesurfer/fsaverage/surf/lh.sphere.reg
Rescaling ...  original radius = 100
Reading target surface 
 /out/sourcedata/freesurfer/sub-v1s16x0051187_ses-1/surf/lh.white
Reading target registration 
 /out/sourcedata/freesurfer/sub-v1s16x0051187_ses-1/surf/lh.sphere.reg
Rescaling ...  original radius = 100
Building target registration hash (res=16).
Building source registration hash (res=16).
INFO: found  7909 nlabel points
Performing mapping from target back to the source label 125407
Number of reverse mapping hits = 145
Checking for and removing duplicates
Writing label file ./lh.BA2_exvivo.label 8054
mri_label2label: Done


 mri_label2label --srcsubject fsaverage --srclabel /out/sourcedata/freesurfer/fsaverage/label/lh.BA3a_exvivo.label --trgsubject sub-v1s16x0051187_ses-1 --trglabel ./lh.BA3a_exvivo.label --hemi lh --regmethod surface 


srclabel = /out/sourcedata/freesurfer/fsaverage/label/lh.BA3a_exvivo.label
srcsubject = fsaverage
trgsubject = sub-v1s16x0051187_ses-1
trglabel = ./lh.BA3a_exvivo.label
regmethod = surface

srchemi = lh
trghemi = lh
trgsurface = white
srcsurfreg = sphere.reg
trgsurfreg = sphere.reg
usehash = 1
Use ProjAbs  = 0, 0
Use ProjFrac = 0, 0
DoPaint 0

SUBJECTS_DIR    /out/sourcedata/freesurfer
FREESURFER_HOME /opt/freesurfer
Loading source label.
Found 4077 points in source label.
Starting surface-based mapping
Reading source registration 
 /out/sourcedata/freesurfer/fsaverage/surf/lh.sphere.reg
Rescaling ...  original radius = 100
Reading target surface 
 /out/sourcedata/freesurfer/sub-v1s16x0051187_ses-1/surf/lh.white
Reading target registration 
 /out/sourcedata/freesurfer/sub-v1s16x0051187_ses-1/surf/lh.sphere.reg
Rescaling ...  original radius = 100
Building target registration hash (res=16).
Building source registration hash (res=16).
INFO: found  4077 nlabel points
Performing mapping from target back to the source label 125407
Number of reverse mapping hits = 22
Checking for and removing duplicates
Writing label file ./lh.BA3a_exvivo.label 4099
mri_label2label: Done


 mri_label2label --srcsubject fsaverage --srclabel /out/sourcedata/freesurfer/fsaverage/label/lh.BA3b_exvivo.label --trgsubject sub-v1s16x0051187_ses-1 --trglabel ./lh.BA3b_exvivo.label --hemi lh --regmethod surface 


srclabel = /out/sourcedata/freesurfer/fsaverage/label/lh.BA3b_exvivo.label
srcsubject = fsaverage
trgsubject = sub-v1s16x0051187_ses-1
trglabel = ./lh.BA3b_exvivo.label
regmethod = surface

srchemi = lh
trghemi = lh
trgsurface = white
srcsurfreg = sphere.reg
trgsurfreg = sphere.reg
usehash = 1
Use ProjAbs  = 0, 0
Use ProjFrac = 0, 0
DoPaint 0

SUBJECTS_DIR    /out/sourcedata/freesurfer
FREESURFER_HOME /opt/freesurfer
Loading source label.
Found 5983 points in source label.
Starting surface-based mapping
Reading source registration 
 /out/sourcedata/freesurfer/fsaverage/surf/lh.sphere.reg
Rescaling ...  original radius = 100
Reading target surface 
 /out/sourcedata/freesurfer/sub-v1s16x0051187_ses-1/surf/lh.white
Reading target registration 
 /out/sourcedata/freesurfer/sub-v1s16x0051187_ses-1/surf/lh.sphere.reg
Rescaling ...  original radius = 100
Building target registration hash (res=16).
Building source registration hash (res=16).
INFO: found  5983 nlabel points
Performing mapping from target back to the source label 125407
Number of reverse mapping hits = 72
Checking for and removing duplicates
Writing label file ./lh.BA3b_exvivo.label 6055
mri_label2label: Done


 mri_label2label --srcsubject fsaverage --srclabel /out/sourcedata/freesurfer/fsaverage/label/lh.BA4a_exvivo.label --trgsubject sub-v1s16x0051187_ses-1 --trglabel ./lh.BA4a_exvivo.label --hemi lh --regmethod surface 


srclabel = /out/sourcedata/freesurfer/fsaverage/label/lh.BA4a_exvivo.label
srcsubject = fsaverage
trgsubject = sub-v1s16x0051187_ses-1
trglabel = ./lh.BA4a_exvivo.label
regmethod = surface

srchemi = lh
trghemi = lh
trgsurface = white
srcsurfreg = sphere.reg
trgsurfreg = sphere.reg
usehash = 1
Use ProjAbs  = 0, 0
Use ProjFrac = 0, 0
DoPaint 0

SUBJECTS_DIR    /out/sourcedata/freesurfer
FREESURFER_HOME /opt/freesurfer
Loading source label.
Found 5784 points in source label.
Starting surface-based mapping
Reading source registration 
 /out/sourcedata/freesurfer/fsaverage/surf/lh.sphere.reg
Rescaling ...  original radius = 100
Reading target surface 
 /out/sourcedata/freesurfer/sub-v1s16x0051187_ses-1/surf/lh.white
Reading target registration 
 /out/sourcedata/freesurfer/sub-v1s16x0051187_ses-1/surf/lh.sphere.reg
Rescaling ...  original radius = 100
Building target registration hash (res=16).
Building source registration hash (res=16).
INFO: found  5784 nlabel points
Performing mapping from target back to the source label 125407
Number of reverse mapping hits = 154
Checking for and removing duplicates
Writing label file ./lh.BA4a_exvivo.label 5938
mri_label2label: Done


 mri_label2label --srcsubject fsaverage --srclabel /out/sourcedata/freesurfer/fsaverage/label/lh.BA4p_exvivo.label --trgsubject sub-v1s16x0051187_ses-1 --trglabel ./lh.BA4p_exvivo.label --hemi lh --regmethod surface 


srclabel = /out/sourcedata/freesurfer/fsaverage/label/lh.BA4p_exvivo.label
srcsubject = fsaverage
trgsubject = sub-v1s16x0051187_ses-1
trglabel = ./lh.BA4p_exvivo.label
regmethod = surface

srchemi = lh
trghemi = lh
trgsurface = white
srcsurfreg = sphere.reg
trgsurfreg = sphere.reg
usehash = 1
Use ProjAbs  = 0, 0
Use ProjFrac = 0, 0
DoPaint 0

SUBJECTS_DIR    /out/sourcedata/freesurfer
FREESURFER_HOME /opt/freesurfer
Loading source label.
Found 4070 points in source label.
Starting surface-based mapping
Reading source registration 
 /out/sourcedata/freesurfer/fsaverage/surf/lh.sphere.reg
Rescaling ...  original radius = 100
Reading target surface 
 /out/sourcedata/freesurfer/sub-v1s16x0051187_ses-1/surf/lh.white
Reading target registration 
 /out/sourcedata/freesurfer/sub-v1s16x0051187_ses-1/surf/lh.sphere.reg
Rescaling ...  original radius = 100
Building target registration hash (res=16).
Building source registration hash (res=16).
INFO: found  4070 nlabel points
Performing mapping from target back to the source label 125407
Number of reverse mapping hits = 28
Checking for and removing duplicates
Writing label file ./lh.BA4p_exvivo.label 4098
mri_label2label: Done


 mri_label2label --srcsubject fsaverage --srclabel /out/sourcedata/freesurfer/fsaverage/label/lh.BA6_exvivo.label --trgsubject sub-v1s16x0051187_ses-1 --trglabel ./lh.BA6_exvivo.label --hemi lh --regmethod surface 


srclabel = /out/sourcedata/freesurfer/fsaverage/label/lh.BA6_exvivo.label
srcsubject = fsaverage
trgsubject = sub-v1s16x0051187_ses-1
trglabel = ./lh.BA6_exvivo.label
regmethod = surface

srchemi = lh
trghemi = lh
trgsurface = white
srcsurfreg = sphere.reg
trgsurfreg = sphere.reg
usehash = 1
Use ProjAbs  = 0, 0
Use ProjFrac = 0, 0
DoPaint 0

SUBJECTS_DIR    /out/sourcedata/freesurfer
FREESURFER_HOME /opt/freesurfer
Loading source label.
Found 13589 points in source label.
Starting surface-based mapping
Reading source registration 
 /out/sourcedata/freesurfer/fsaverage/surf/lh.sphere.reg
Rescaling ...  original radius = 100
Reading target surface 
 /out/sourcedata/freesurfer/sub-v1s16x0051187_ses-1/surf/lh.white
Reading target registration 
 /out/sourcedata/freesurfer/sub-v1s16x0051187_ses-1/surf/lh.sphere.reg
Rescaling ...  original radius = 100
Building target registration hash (res=16).
Building source registration hash (res=16).
INFO: found  13589 nlabel points
Performing mapping from target back to the source label 125407
Number of reverse mapping hits = 827
Checking for and removing duplicates
Writing label file ./lh.BA6_exvivo.label 14416
mri_label2label: Done


 mri_label2label --srcsubject fsaverage --srclabel /out/sourcedata/freesurfer/fsaverage/label/lh.BA44_exvivo.label --trgsubject sub-v1s16x0051187_ses-1 --trglabel ./lh.BA44_exvivo.label --hemi lh --regmethod surface 


srclabel = /out/sourcedata/freesurfer/fsaverage/label/lh.BA44_exvivo.label
srcsubject = fsaverage
trgsubject = sub-v1s16x0051187_ses-1
trglabel = ./lh.BA44_exvivo.label
regmethod = surface

srchemi = lh
trghemi = lh
trgsurface = white
srcsurfreg = sphere.reg
trgsurfreg = sphere.reg
usehash = 1
Use ProjAbs  = 0, 0
Use ProjFrac = 0, 0
DoPaint 0

SUBJECTS_DIR    /out/sourcedata/freesurfer
FREESURFER_HOME /opt/freesurfer
Loading source label.
Found 4181 points in source label.
Starting surface-based mapping
Reading source registration 
 /out/sourcedata/freesurfer/fsaverage/surf/lh.sphere.reg
Rescaling ...  original radius = 100
Reading target surface 
 /out/sourcedata/freesurfer/sub-v1s16x0051187_ses-1/surf/lh.white
Reading target registration 
 /out/sourcedata/freesurfer/sub-v1s16x0051187_ses-1/surf/lh.sphere.reg
Rescaling ...  original radius = 100
Building target registration hash (res=16).
Building source registration hash (res=16).
INFO: found  4181 nlabel points
Performing mapping from target back to the source label 125407
Number of reverse mapping hits = 44
Checking for and removing duplicates
Writing label file ./lh.BA44_exvivo.label 4225
mri_label2label: Done


 mri_label2label --srcsubject fsaverage --srclabel /out/sourcedata/freesurfer/fsaverage/label/lh.BA45_exvivo.label --trgsubject sub-v1s16x0051187_ses-1 --trglabel ./lh.BA45_exvivo.label --hemi lh --regmethod surface 


srclabel = /out/sourcedata/freesurfer/fsaverage/label/lh.BA45_exvivo.label
srcsubject = fsaverage
trgsubject = sub-v1s16x0051187_ses-1
trglabel = ./lh.BA45_exvivo.label
regmethod = surface

srchemi = lh
trghemi = lh
trgsurface = white
srcsurfreg = sphere.reg
trgsurfreg = sphere.reg
usehash = 1
Use ProjAbs  = 0, 0
Use ProjFrac = 0, 0
DoPaint 0

SUBJECTS_DIR    /out/sourcedata/freesurfer
FREESURFER_HOME /opt/freesurfer
Loading source label.
Found 3422 points in source label.
Starting surface-based mapping
Reading source registration 
 /out/sourcedata/freesurfer/fsaverage/surf/lh.sphere.reg
Rescaling ...  original radius = 100
Reading target surface 
 /out/sourcedata/freesurfer/sub-v1s16x0051187_ses-1/surf/lh.white
Reading target registration 
 /out/sourcedata/freesurfer/sub-v1s16x0051187_ses-1/surf/lh.sphere.reg
Rescaling ...  original radius = 100
Building target registration hash (res=16).
Building source registration hash (res=16).
INFO: found  3422 nlabel points
Performing mapping from target back to the source label 125407
Number of reverse mapping hits = 165
Checking for and removing duplicates
Writing label file ./lh.BA45_exvivo.label 3587
mri_label2label: Done


 mri_label2label --srcsubject fsaverage --srclabel /out/sourcedata/freesurfer/fsaverage/label/lh.V1_exvivo.label --trgsubject sub-v1s16x0051187_ses-1 --trglabel ./lh.V1_exvivo.label --hemi lh --regmethod surface 


srclabel = /out/sourcedata/freesurfer/fsaverage/label/lh.V1_exvivo.label
srcsubject = fsaverage
trgsubject = sub-v1s16x0051187_ses-1
trglabel = ./lh.V1_exvivo.label
regmethod = surface

srchemi = lh
trghemi = lh
trgsurface = white
srcsurfreg = sphere.reg
trgsurfreg = sphere.reg
usehash = 1
Use ProjAbs  = 0, 0
Use ProjFrac = 0, 0
DoPaint 0

SUBJECTS_DIR    /out/sourcedata/freesurfer
FREESURFER_HOME /opt/freesurfer
Loading source label.
Found 4641 points in source label.
Starting surface-based mapping
Reading source registration 
 /out/sourcedata/freesurfer/fsaverage/surf/lh.sphere.reg
Rescaling ...  original radius = 100
Reading target surface 
 /out/sourcedata/freesurfer/sub-v1s16x0051187_ses-1/surf/lh.white
Reading target registration 
 /out/sourcedata/freesurfer/sub-v1s16x0051187_ses-1/surf/lh.sphere.reg
Rescaling ...  original radius = 100
Building target registration hash (res=16).
Building source registration hash (res=16).
INFO: found  4641 nlabel points
Performing mapping from target back to the source label 125407
Number of reverse mapping hits = 1305
Checking for and removing duplicates
Writing label file ./lh.V1_exvivo.label 5946
mri_label2label: Done


 mri_label2label --srcsubject fsaverage --srclabel /out/sourcedata/freesurfer/fsaverage/label/lh.V2_exvivo.label --trgsubject sub-v1s16x0051187_ses-1 --trglabel ./lh.V2_exvivo.label --hemi lh --regmethod surface 


srclabel = /out/sourcedata/freesurfer/fsaverage/label/lh.V2_exvivo.label
srcsubject = fsaverage
trgsubject = sub-v1s16x0051187_ses-1
trglabel = ./lh.V2_exvivo.label
regmethod = surface

srchemi = lh
trghemi = lh
trgsurface = white
srcsurfreg = sphere.reg
trgsurfreg = sphere.reg
usehash = 1
Use ProjAbs  = 0, 0
Use ProjFrac = 0, 0
DoPaint 0

SUBJECTS_DIR    /out/sourcedata/freesurfer
FREESURFER_HOME /opt/freesurfer
Loading source label.
Found 8114 points in source label.
Starting surface-based mapping
Reading source registration 
 /out/sourcedata/freesurfer/fsaverage/surf/lh.sphere.reg
Rescaling ...  original radius = 100
Reading target surface 
 /out/sourcedata/freesurfer/sub-v1s16x0051187_ses-1/surf/lh.white
Reading target registration 
 /out/sourcedata/freesurfer/sub-v1s16x0051187_ses-1/surf/lh.sphere.reg
Rescaling ...  original radius = 100
Building target registration hash (res=16).
Building source registration hash (res=16).
INFO: found  8114 nlabel points
Performing mapping from target back to the source label 125407
Number of reverse mapping hits = 2507
Checking for and removing duplicates
Writing label file ./lh.V2_exvivo.label 10621
mri_label2label: Done


 mri_label2label --srcsubject fsaverage --srclabel /out/sourcedata/freesurfer/fsaverage/label/lh.MT_exvivo.label --trgsubject sub-v1s16x0051187_ses-1 --trglabel ./lh.MT_exvivo.label --hemi lh --regmethod surface 


srclabel = /out/sourcedata/freesurfer/fsaverage/label/lh.MT_exvivo.label
srcsubject = fsaverage
trgsubject = sub-v1s16x0051187_ses-1
trglabel = ./lh.MT_exvivo.label
regmethod = surface

srchemi = lh
trghemi = lh
trgsurface = white
srcsurfreg = sphere.reg
trgsurfreg = sphere.reg
usehash = 1
Use ProjAbs  = 0, 0
Use ProjFrac = 0, 0
DoPaint 0

SUBJECTS_DIR    /out/sourcedata/freesurfer
FREESURFER_HOME /opt/freesurfer
Loading source label.
Found 2018 points in source label.
Starting surface-based mapping
Reading source registration 
 /out/sourcedata/freesurfer/fsaverage/surf/lh.sphere.reg
Rescaling ...  original radius = 100
Reading target surface 
 /out/sourcedata/freesurfer/sub-v1s16x0051187_ses-1/surf/lh.white
Reading target registration 
 /out/sourcedata/freesurfer/sub-v1s16x0051187_ses-1/surf/lh.sphere.reg
Rescaling ...  original radius = 100
Building target registration hash (res=16).
Building source registration hash (res=16).
INFO: found  2018 nlabel points
Performing mapping from target back to the source label 125407
Number of reverse mapping hits = 324
Checking for and removing duplicates
Writing label file ./lh.MT_exvivo.label 2342
mri_label2label: Done


 mri_label2label --srcsubject fsaverage --srclabel /out/sourcedata/freesurfer/fsaverage/label/lh.entorhinal_exvivo.label --trgsubject sub-v1s16x0051187_ses-1 --trglabel ./lh.entorhinal_exvivo.label --hemi lh --regmethod surface 


srclabel = /out/sourcedata/freesurfer/fsaverage/label/lh.entorhinal_exvivo.label
srcsubject = fsaverage
trgsubject = sub-v1s16x0051187_ses-1
trglabel = ./lh.entorhinal_exvivo.label
regmethod = surface

srchemi = lh
trghemi = lh
trgsurface = white
srcsurfreg = sphere.reg
trgsurfreg = sphere.reg
usehash = 1
Use ProjAbs  = 0, 0
Use ProjFrac = 0, 0
DoPaint 0

SUBJECTS_DIR    /out/sourcedata/freesurfer
FREESURFER_HOME /opt/freesurfer
Loading source label.
Found 1290 points in source label.
Starting surface-based mapping
Reading source registration 
 /out/sourcedata/freesurfer/fsaverage/surf/lh.sphere.reg
Rescaling ...  original radius = 100
Reading target surface 
 /out/sourcedata/freesurfer/sub-v1s16x0051187_ses-1/surf/lh.white
Reading target registration 
 /out/sourcedata/freesurfer/sub-v1s16x0051187_ses-1/surf/lh.sphere.reg
Rescaling ...  original radius = 100
Building target registration hash (res=16).
Building source registration hash (res=16).
INFO: found  1290 nlabel points
Performing mapping from target back to the source label 125407
Number of reverse mapping hits = 188
Checking for and removing duplicates
Writing label file ./lh.entorhinal_exvivo.label 1478
mri_label2label: Done


 mri_label2label --srcsubject fsaverage --srclabel /out/sourcedata/freesurfer/fsaverage/label/lh.perirhinal_exvivo.label --trgsubject sub-v1s16x0051187_ses-1 --trglabel ./lh.perirhinal_exvivo.label --hemi lh --regmethod surface 


srclabel = /out/sourcedata/freesurfer/fsaverage/label/lh.perirhinal_exvivo.label
srcsubject = fsaverage
trgsubject = sub-v1s16x0051187_ses-1
trglabel = ./lh.perirhinal_exvivo.label
regmethod = surface

srchemi = lh
trghemi = lh
trgsurface = white
srcsurfreg = sphere.reg
trgsurfreg = sphere.reg
usehash = 1
Use ProjAbs  = 0, 0
Use ProjFrac = 0, 0
DoPaint 0

SUBJECTS_DIR    /out/sourcedata/freesurfer
FREESURFER_HOME /opt/freesurfer
Loading source label.
Found 1199 points in source label.
Starting surface-based mapping
Reading source registration 
 /out/sourcedata/freesurfer/fsaverage/surf/lh.sphere.reg
Rescaling ...  original radius = 100
Reading target surface 
 /out/sourcedata/freesurfer/sub-v1s16x0051187_ses-1/surf/lh.white
Reading target registration 
 /out/sourcedata/freesurfer/sub-v1s16x0051187_ses-1/surf/lh.sphere.reg
Rescaling ...  original radius = 100
Building target registration hash (res=16).
Building source registration hash (res=16).
INFO: found  1199 nlabel points
Performing mapping from target back to the source label 125407
Number of reverse mapping hits = 176
Checking for and removing duplicates
Writing label file ./lh.perirhinal_exvivo.label 1375
mri_label2label: Done


 mri_label2label --srcsubject fsaverage --srclabel /out/sourcedata/freesurfer/fsaverage/label/lh.FG1.mpm.vpnl.label --trgsubject sub-v1s16x0051187_ses-1 --trglabel ./lh.FG1.mpm.vpnl.label --hemi lh --regmethod surface 


srclabel = /out/sourcedata/freesurfer/fsaverage/label/lh.FG1.mpm.vpnl.label
srcsubject = fsaverage
trgsubject = sub-v1s16x0051187_ses-1
trglabel = ./lh.FG1.mpm.vpnl.label
regmethod = surface

srchemi = lh
trghemi = lh
trgsurface = white
srcsurfreg = sphere.reg
trgsurfreg = sphere.reg
usehash = 1
Use ProjAbs  = 0, 0
Use ProjFrac = 0, 0
DoPaint 0

SUBJECTS_DIR    /out/sourcedata/freesurfer
FREESURFER_HOME /opt/freesurfer
Loading source label.
Found 414 points in source label.
Starting surface-based mapping
Reading source registration 
 /out/sourcedata/freesurfer/fsaverage/surf/lh.sphere.reg
Rescaling ...  original radius = 100
Reading target surface 
 /out/sourcedata/freesurfer/sub-v1s16x0051187_ses-1/surf/lh.white
Reading target registration 
 /out/sourcedata/freesurfer/sub-v1s16x0051187_ses-1/surf/lh.sphere.reg
Rescaling ...  original radius = 100
Building target registration hash (res=16).
Building source registration hash (res=16).
INFO: found  414 nlabel points
Performing mapping from target back to the source label 125407
Number of reverse mapping hits = 189
Checking for and removing duplicates
Writing label file ./lh.FG1.mpm.vpnl.label 603
mri_label2label: Done


 mri_label2label --srcsubject fsaverage --srclabel /out/sourcedata/freesurfer/fsaverage/label/lh.FG2.mpm.vpnl.label --trgsubject sub-v1s16x0051187_ses-1 --trglabel ./lh.FG2.mpm.vpnl.label --hemi lh --regmethod surface 


srclabel = /out/sourcedata/freesurfer/fsaverage/label/lh.FG2.mpm.vpnl.label
srcsubject = fsaverage
trgsubject = sub-v1s16x0051187_ses-1
trglabel = ./lh.FG2.mpm.vpnl.label
regmethod = surface

srchemi = lh
trghemi = lh
trgsurface = white
srcsurfreg = sphere.reg
trgsurfreg = sphere.reg
usehash = 1
Use ProjAbs  = 0, 0
Use ProjFrac = 0, 0
DoPaint 0

SUBJECTS_DIR    /out/sourcedata/freesurfer
FREESURFER_HOME /opt/freesurfer
Loading source label.
Found 703 points in source label.
Starting surface-based mapping
Reading source registration 
 /out/sourcedata/freesurfer/fsaverage/surf/lh.sphere.reg
Rescaling ...  original radius = 100
Reading target surface 
 /out/sourcedata/freesurfer/sub-v1s16x0051187_ses-1/surf/lh.white
Reading target registration 
 /out/sourcedata/freesurfer/sub-v1s16x0051187_ses-1/surf/lh.sphere.reg
Rescaling ...  original radius = 100
Building target registration hash (res=16).
Building source registration hash (res=16).
INFO: found  703 nlabel points
Performing mapping from target back to the source label 125407
Number of reverse mapping hits = 234
Checking for and removing duplicates
Writing label file ./lh.FG2.mpm.vpnl.label 937
mri_label2label: Done


 mri_label2label --srcsubject fsaverage --srclabel /out/sourcedata/freesurfer/fsaverage/label/lh.FG3.mpm.vpnl.label --trgsubject sub-v1s16x0051187_ses-1 --trglabel ./lh.FG3.mpm.vpnl.label --hemi lh --regmethod surface 


srclabel = /out/sourcedata/freesurfer/fsaverage/label/lh.FG3.mpm.vpnl.label
srcsubject = fsaverage
trgsubject = sub-v1s16x0051187_ses-1
trglabel = ./lh.FG3.mpm.vpnl.label
regmethod = surface

srchemi = lh
trghemi = lh
trgsurface = white
srcsurfreg = sphere.reg
trgsurfreg = sphere.reg
usehash = 1
Use ProjAbs  = 0, 0
Use ProjFrac = 0, 0
DoPaint 0

SUBJECTS_DIR    /out/sourcedata/freesurfer
FREESURFER_HOME /opt/freesurfer
Loading source label.
Found 1873 points in source label.
Starting surface-based mapping
Reading source registration 
 /out/sourcedata/freesurfer/fsaverage/surf/lh.sphere.reg
Rescaling ...  original radius = 100
Reading target surface 
 /out/sourcedata/freesurfer/sub-v1s16x0051187_ses-1/surf/lh.white
Reading target registration 
 /out/sourcedata/freesurfer/sub-v1s16x0051187_ses-1/surf/lh.sphere.reg
Rescaling ...  original radius = 100
Building target registration hash (res=16).
Building source registration hash (res=16).
INFO: found  1873 nlabel points
Performing mapping from target back to the source label 125407
Number of reverse mapping hits = 249
Checking for and removing duplicates
Writing label file ./lh.FG3.mpm.vpnl.label 2122
mri_label2label: Done


 mri_label2label --srcsubject fsaverage --srclabel /out/sourcedata/freesurfer/fsaverage/label/lh.FG4.mpm.vpnl.label --trgsubject sub-v1s16x0051187_ses-1 --trglabel ./lh.FG4.mpm.vpnl.label --hemi lh --regmethod surface 


srclabel = /out/sourcedata/freesurfer/fsaverage/label/lh.FG4.mpm.vpnl.label
srcsubject = fsaverage
trgsubject = sub-v1s16x0051187_ses-1
trglabel = ./lh.FG4.mpm.vpnl.label
regmethod = surface

srchemi = lh
trghemi = lh
trgsurface = white
srcsurfreg = sphere.reg
trgsurfreg = sphere.reg
usehash = 1
Use ProjAbs  = 0, 0
Use ProjFrac = 0, 0
DoPaint 0

SUBJECTS_DIR    /out/sourcedata/freesurfer
FREESURFER_HOME /opt/freesurfer
Loading source label.
Found 2101 points in source label.
Starting surface-based mapping
Reading source registration 
 /out/sourcedata/freesurfer/fsaverage/surf/lh.sphere.reg
Rescaling ...  original radius = 100
Reading target surface 
 /out/sourcedata/freesurfer/sub-v1s16x0051187_ses-1/surf/lh.white
Reading target registration 
 /out/sourcedata/freesurfer/sub-v1s16x0051187_ses-1/surf/lh.sphere.reg
Rescaling ...  original radius = 100
Building target registration hash (res=16).
Building source registration hash (res=16).
INFO: found  2101 nlabel points
Performing mapping from target back to the source label 125407
Number of reverse mapping hits = 250
Checking for and removing duplicates
Writing label file ./lh.FG4.mpm.vpnl.label 2351
mri_label2label: Done


 mri_label2label --srcsubject fsaverage --srclabel /out/sourcedata/freesurfer/fsaverage/label/lh.hOc1.mpm.vpnl.label --trgsubject sub-v1s16x0051187_ses-1 --trglabel ./lh.hOc1.mpm.vpnl.label --hemi lh --regmethod surface 


srclabel = /out/sourcedata/freesurfer/fsaverage/label/lh.hOc1.mpm.vpnl.label
srcsubject = fsaverage
trgsubject = sub-v1s16x0051187_ses-1
trglabel = ./lh.hOc1.mpm.vpnl.label
regmethod = surface

srchemi = lh
trghemi = lh
trgsurface = white
srcsurfreg = sphere.reg
trgsurfreg = sphere.reg
usehash = 1
Use ProjAbs  = 0, 0
Use ProjFrac = 0, 0
DoPaint 0

SUBJECTS_DIR    /out/sourcedata/freesurfer
FREESURFER_HOME /opt/freesurfer
Loading source label.
Found 3877 points in source label.
Starting surface-based mapping
Reading source registration 
 /out/sourcedata/freesurfer/fsaverage/surf/lh.sphere.reg
Rescaling ...  original radius = 100
Reading target surface 
 /out/sourcedata/freesurfer/sub-v1s16x0051187_ses-1/surf/lh.white
Reading target registration 
 /out/sourcedata/freesurfer/sub-v1s16x0051187_ses-1/surf/lh.sphere.reg
Rescaling ...  original radius = 100
Building target registration hash (res=16).
Building source registration hash (res=16).
INFO: found  3877 nlabel points
Performing mapping from target back to the source label 125407
Number of reverse mapping hits = 1039
Checking for and removing duplicates
Writing label file ./lh.hOc1.mpm.vpnl.label 4916
mri_label2label: Done


 mri_label2label --srcsubject fsaverage --srclabel /out/sourcedata/freesurfer/fsaverage/label/lh.hOc2.mpm.vpnl.label --trgsubject sub-v1s16x0051187_ses-1 --trglabel ./lh.hOc2.mpm.vpnl.label --hemi lh --regmethod surface 


srclabel = /out/sourcedata/freesurfer/fsaverage/label/lh.hOc2.mpm.vpnl.label
srcsubject = fsaverage
trgsubject = sub-v1s16x0051187_ses-1
trglabel = ./lh.hOc2.mpm.vpnl.label
regmethod = surface

srchemi = lh
trghemi = lh
trgsurface = white
srcsurfreg = sphere.reg
trgsurfreg = sphere.reg
usehash = 1
Use ProjAbs  = 0, 0
Use ProjFrac = 0, 0
DoPaint 0

SUBJECTS_DIR    /out/sourcedata/freesurfer
FREESURFER_HOME /opt/freesurfer
Loading source label.
Found 2919 points in source label.
Starting surface-based mapping
Reading source registration 
 /out/sourcedata/freesurfer/fsaverage/surf/lh.sphere.reg
Rescaling ...  original radius = 100
Reading target surface 
 /out/sourcedata/freesurfer/sub-v1s16x0051187_ses-1/surf/lh.white
Reading target registration 
 /out/sourcedata/freesurfer/sub-v1s16x0051187_ses-1/surf/lh.sphere.reg
Rescaling ...  original radius = 100
Building target registration hash (res=16).
Building source registration hash (res=16).
INFO: found  2919 nlabel points
Performing mapping from target back to the source label 125407
Number of reverse mapping hits = 899
Checking for and removing duplicates
Writing label file ./lh.hOc2.mpm.vpnl.label 3818
mri_label2label: Done


 mri_label2label --srcsubject fsaverage --srclabel /out/sourcedata/freesurfer/fsaverage/label/lh.hOc3v.mpm.vpnl.label --trgsubject sub-v1s16x0051187_ses-1 --trglabel ./lh.hOc3v.mpm.vpnl.label --hemi lh --regmethod surface 


srclabel = /out/sourcedata/freesurfer/fsaverage/label/lh.hOc3v.mpm.vpnl.label
srcsubject = fsaverage
trgsubject = sub-v1s16x0051187_ses-1
trglabel = ./lh.hOc3v.mpm.vpnl.label
regmethod = surface

srchemi = lh
trghemi = lh
trgsurface = white
srcsurfreg = sphere.reg
trgsurfreg = sphere.reg
usehash = 1
Use ProjAbs  = 0, 0
Use ProjFrac = 0, 0
DoPaint 0

SUBJECTS_DIR    /out/sourcedata/freesurfer
FREESURFER_HOME /opt/freesurfer
Loading source label.
Found 1286 points in source label.
Starting surface-based mapping
Reading source registration 
 /out/sourcedata/freesurfer/fsaverage/surf/lh.sphere.reg
Rescaling ...  original radius = 100
Reading target surface 
 /out/sourcedata/freesurfer/sub-v1s16x0051187_ses-1/surf/lh.white
Reading target registration 
 /out/sourcedata/freesurfer/sub-v1s16x0051187_ses-1/surf/lh.sphere.reg
Rescaling ...  original radius = 100
Building target registration hash (res=16).
Building source registration hash (res=16).
INFO: found  1286 nlabel points
Performing mapping from target back to the source label 125407
Number of reverse mapping hits = 657
Checking for and removing duplicates
Writing label file ./lh.hOc3v.mpm.vpnl.label 1943
mri_label2label: Done


 mri_label2label --srcsubject fsaverage --srclabel /out/sourcedata/freesurfer/fsaverage/label/lh.hOc4v.mpm.vpnl.label --trgsubject sub-v1s16x0051187_ses-1 --trglabel ./lh.hOc4v.mpm.vpnl.label --hemi lh --regmethod surface 


srclabel = /out/sourcedata/freesurfer/fsaverage/label/lh.hOc4v.mpm.vpnl.label
srcsubject = fsaverage
trgsubject = sub-v1s16x0051187_ses-1
trglabel = ./lh.hOc4v.mpm.vpnl.label
regmethod = surface

srchemi = lh
trghemi = lh
trgsurface = white
srcsurfreg = sphere.reg
trgsurfreg = sphere.reg
usehash = 1
Use ProjAbs  = 0, 0
Use ProjFrac = 0, 0
DoPaint 0

SUBJECTS_DIR    /out/sourcedata/freesurfer
FREESURFER_HOME /opt/freesurfer
Loading source label.
Found 1006 points in source label.
Starting surface-based mapping
Reading source registration 
 /out/sourcedata/freesurfer/fsaverage/surf/lh.sphere.reg
Rescaling ...  original radius = 100
Reading target surface 
 /out/sourcedata/freesurfer/sub-v1s16x0051187_ses-1/surf/lh.white
Reading target registration 
 /out/sourcedata/freesurfer/sub-v1s16x0051187_ses-1/surf/lh.sphere.reg
Rescaling ...  original radius = 100
Building target registration hash (res=16).
Building source registration hash (res=16).
INFO: found  1006 nlabel points
Performing mapping from target back to the source label 125407
Number of reverse mapping hits = 517
Checking for and removing duplicates
Writing label file ./lh.hOc4v.mpm.vpnl.label 1523
mri_label2label: Done


 mris_label2annot --s sub-v1s16x0051187_ses-1 --ctab /opt/freesurfer/average/colortable_vpnl.txt --hemi lh --a mpm.vpnl --maxstatwinner --noverbose --l lh.FG1.mpm.vpnl.label --l lh.FG2.mpm.vpnl.label --l lh.FG3.mpm.vpnl.label --l lh.FG4.mpm.vpnl.label --l lh.hOc1.mpm.vpnl.label --l lh.hOc2.mpm.vpnl.label --l lh.hOc3v.mpm.vpnl.label --l lh.hOc4v.mpm.vpnl.label 

Reading ctab /opt/freesurfer/average/colortable_vpnl.txt
Number of ctab entries 9

7.3.2
cwd /out/sourcedata/freesurfer/sub-v1s16x0051187_ses-1/label
cmdline mris_label2annot --s sub-v1s16x0051187_ses-1 --ctab /opt/freesurfer/average/colortable_vpnl.txt --hemi lh --a mpm.vpnl --maxstatwinner --noverbose --l lh.FG1.mpm.vpnl.label --l lh.FG2.mpm.vpnl.label --l lh.FG3.mpm.vpnl.label --l lh.FG4.mpm.vpnl.label --l lh.hOc1.mpm.vpnl.label --l lh.hOc2.mpm.vpnl.label --l lh.hOc3v.mpm.vpnl.label --l lh.hOc4v.mpm.vpnl.label 
sysname  Linux
hostname dna071
machine  x86_64
user     oesteban

subject sub-v1s16x0051187_ses-1
hemi    lh
SUBJECTS_DIR /out/sourcedata/freesurfer
ColorTable /opt/freesurfer/average/colortable_vpnl.txt
AnnotName  mpm.vpnl
nlables 8
LabelThresh 0 0.000000
Loading /out/sourcedata/freesurfer/sub-v1s16x0051187_ses-1/surf/lh.orig
 1 1376057 FG1
 2 16711935 FG2
 3 16711680 FG3
 4 1705837 FG4
 5 25600 hOc1
 6 255 hOc2
 7 16776960 hOc3v
 8 65535 hOc4v
Mapping unhit to unknown
Found 108612 unhit vertices
Writing annot to /out/sourcedata/freesurfer/sub-v1s16x0051187_ses-1/label/lh.mpm.vpnl.annot

 mri_label2label --srcsubject fsaverage --srclabel /out/sourcedata/freesurfer/fsaverage/label/lh.BA1_exvivo.thresh.label --trgsubject sub-v1s16x0051187_ses-1 --trglabel ./lh.BA1_exvivo.thresh.label --hemi lh --regmethod surface 


srclabel = /out/sourcedata/freesurfer/fsaverage/label/lh.BA1_exvivo.thresh.label
srcsubject = fsaverage
trgsubject = sub-v1s16x0051187_ses-1
trglabel = ./lh.BA1_exvivo.thresh.label
regmethod = surface

srchemi = lh
trghemi = lh
trgsurface = white
srcsurfreg = sphere.reg
trgsurfreg = sphere.reg
usehash = 1
Use ProjAbs  = 0, 0
Use ProjFrac = 0, 0
DoPaint 0

SUBJECTS_DIR    /out/sourcedata/freesurfer
FREESURFER_HOME /opt/freesurfer
Loading source label.
Found 1014 points in source label.
Starting surface-based mapping
Reading source registration 
 /out/sourcedata/freesurfer/fsaverage/surf/lh.sphere.reg
Rescaling ...  original radius = 100
Reading target surface 
 /out/sourcedata/freesurfer/sub-v1s16x0051187_ses-1/surf/lh.white
Reading target registration 
 /out/sourcedata/freesurfer/sub-v1s16x0051187_ses-1/surf/lh.sphere.reg
Rescaling ...  original radius = 100
Building target registration hash (res=16).
Building source registration hash (res=16).
INFO: found  1014 nlabel points
Performing mapping from target back to the source label 125407
Number of reverse mapping hits = 49
Checking for and removing duplicates
Writing label file ./lh.BA1_exvivo.thresh.label 1063
mri_label2label: Done


 mri_label2label --srcsubject fsaverage --srclabel /out/sourcedata/freesurfer/fsaverage/label/lh.BA2_exvivo.thresh.label --trgsubject sub-v1s16x0051187_ses-1 --trglabel ./lh.BA2_exvivo.thresh.label --hemi lh --regmethod surface 


srclabel = /out/sourcedata/freesurfer/fsaverage/label/lh.BA2_exvivo.thresh.label
srcsubject = fsaverage
trgsubject = sub-v1s16x0051187_ses-1
trglabel = ./lh.BA2_exvivo.thresh.label
regmethod = surface

srchemi = lh
trghemi = lh
trgsurface = white
srcsurfreg = sphere.reg
trgsurfreg = sphere.reg
usehash = 1
Use ProjAbs  = 0, 0
Use ProjFrac = 0, 0
DoPaint 0

SUBJECTS_DIR    /out/sourcedata/freesurfer
FREESURFER_HOME /opt/freesurfer
Loading source label.
Found 2092 points in source label.
Starting surface-based mapping
Reading source registration 
 /out/sourcedata/freesurfer/fsaverage/surf/lh.sphere.reg
Rescaling ...  original radius = 100
Reading target surface 
 /out/sourcedata/freesurfer/sub-v1s16x0051187_ses-1/surf/lh.white
Reading target registration 
 /out/sourcedata/freesurfer/sub-v1s16x0051187_ses-1/surf/lh.sphere.reg
Rescaling ...  original radius = 100
Building target registration hash (res=16).
Building source registration hash (res=16).
INFO: found  2092 nlabel points
Performing mapping from target back to the source label 125407
Number of reverse mapping hits = 68
Checking for and removing duplicates
Writing label file ./lh.BA2_exvivo.thresh.label 2160
mri_label2label: Done


 mri_label2label --srcsubject fsaverage --srclabel /out/sourcedata/freesurfer/fsaverage/label/lh.BA3a_exvivo.thresh.label --trgsubject sub-v1s16x0051187_ses-1 --trglabel ./lh.BA3a_exvivo.thresh.label --hemi lh --regmethod surface 


srclabel = /out/sourcedata/freesurfer/fsaverage/label/lh.BA3a_exvivo.thresh.label
srcsubject = fsaverage
trgsubject = sub-v1s16x0051187_ses-1
trglabel = ./lh.BA3a_exvivo.thresh.label
regmethod = surface

srchemi = lh
trghemi = lh
trgsurface = white
srcsurfreg = sphere.reg
trgsurfreg = sphere.reg
usehash = 1
Use ProjAbs  = 0, 0
Use ProjFrac = 0, 0
DoPaint 0

SUBJECTS_DIR    /out/sourcedata/freesurfer
FREESURFER_HOME /opt/freesurfer
Loading source label.
Found 1504 points in source label.
Starting surface-based mapping
Reading source registration 
 /out/sourcedata/freesurfer/fsaverage/surf/lh.sphere.reg
Rescaling ...  original radius = 100
Reading target surface 
 /out/sourcedata/freesurfer/sub-v1s16x0051187_ses-1/surf/lh.white
Reading target registration 
 /out/sourcedata/freesurfer/sub-v1s16x0051187_ses-1/surf/lh.sphere.reg
Rescaling ...  original radius = 100
Building target registration hash (res=16).
Building source registration hash (res=16).
INFO: found  1504 nlabel points
Performing mapping from target back to the source label 125407
Number of reverse mapping hits = 8
Checking for and removing duplicates
Writing label file ./lh.BA3a_exvivo.thresh.label 1512
mri_label2label: Done


 mri_label2label --srcsubject fsaverage --srclabel /out/sourcedata/freesurfer/fsaverage/label/lh.BA3b_exvivo.thresh.label --trgsubject sub-v1s16x0051187_ses-1 --trglabel ./lh.BA3b_exvivo.thresh.label --hemi lh --regmethod surface 


srclabel = /out/sourcedata/freesurfer/fsaverage/label/lh.BA3b_exvivo.thresh.label
srcsubject = fsaverage
trgsubject = sub-v1s16x0051187_ses-1
trglabel = ./lh.BA3b_exvivo.thresh.label
regmethod = surface

srchemi = lh
trghemi = lh
trgsurface = white
srcsurfreg = sphere.reg
trgsurfreg = sphere.reg
usehash = 1
Use ProjAbs  = 0, 0
Use ProjFrac = 0, 0
DoPaint 0

SUBJECTS_DIR    /out/sourcedata/freesurfer
FREESURFER_HOME /opt/freesurfer
Loading source label.
Found 1996 points in source label.
Starting surface-based mapping
Reading source registration 
 /out/sourcedata/freesurfer/fsaverage/surf/lh.sphere.reg
Rescaling ...  original radius = 100
Reading target surface 
 /out/sourcedata/freesurfer/sub-v1s16x0051187_ses-1/surf/lh.white
Reading target registration 
 /out/sourcedata/freesurfer/sub-v1s16x0051187_ses-1/surf/lh.sphere.reg
Rescaling ...  original radius = 100
Building target registration hash (res=16).
Building source registration hash (res=16).
INFO: found  1996 nlabel points
Performing mapping from target back to the source label 125407
Number of reverse mapping hits = 10
Checking for and removing duplicates
Writing label file ./lh.BA3b_exvivo.thresh.label 2006
mri_label2label: Done


 mri_label2label --srcsubject fsaverage --srclabel /out/sourcedata/freesurfer/fsaverage/label/lh.BA4a_exvivo.thresh.label --trgsubject sub-v1s16x0051187_ses-1 --trglabel ./lh.BA4a_exvivo.thresh.label --hemi lh --regmethod surface 


srclabel = /out/sourcedata/freesurfer/fsaverage/label/lh.BA4a_exvivo.thresh.label
srcsubject = fsaverage
trgsubject = sub-v1s16x0051187_ses-1
trglabel = ./lh.BA4a_exvivo.thresh.label
regmethod = surface

srchemi = lh
trghemi = lh
trgsurface = white
srcsurfreg = sphere.reg
trgsurfreg = sphere.reg
usehash = 1
Use ProjAbs  = 0, 0
Use ProjFrac = 0, 0
DoPaint 0

SUBJECTS_DIR    /out/sourcedata/freesurfer
FREESURFER_HOME /opt/freesurfer
Loading source label.
Found 2319 points in source label.
Starting surface-based mapping
Reading source registration 
 /out/sourcedata/freesurfer/fsaverage/surf/lh.sphere.reg
Rescaling ...  original radius = 100
Reading target surface 
 /out/sourcedata/freesurfer/sub-v1s16x0051187_ses-1/surf/lh.white
Reading target registration 
 /out/sourcedata/freesurfer/sub-v1s16x0051187_ses-1/surf/lh.sphere.reg
Rescaling ...  original radius = 100
Building target registration hash (res=16).
Building source registration hash (res=16).
INFO: found  2319 nlabel points
Performing mapping from target back to the source label 125407
Number of reverse mapping hits = 38
Checking for and removing duplicates
Writing label file ./lh.BA4a_exvivo.thresh.label 2357
mri_label2label: Done


 mri_label2label --srcsubject fsaverage --srclabel /out/sourcedata/freesurfer/fsaverage/label/lh.BA4p_exvivo.thresh.label --trgsubject sub-v1s16x0051187_ses-1 --trglabel ./lh.BA4p_exvivo.thresh.label --hemi lh --regmethod surface 


srclabel = /out/sourcedata/freesurfer/fsaverage/label/lh.BA4p_exvivo.thresh.label
srcsubject = fsaverage
trgsubject = sub-v1s16x0051187_ses-1
trglabel = ./lh.BA4p_exvivo.thresh.label
regmethod = surface

srchemi = lh
trghemi = lh
trgsurface = white
srcsurfreg = sphere.reg
trgsurfreg = sphere.reg
usehash = 1
Use ProjAbs  = 0, 0
Use ProjFrac = 0, 0
DoPaint 0

SUBJECTS_DIR    /out/sourcedata/freesurfer
FREESURFER_HOME /opt/freesurfer
Loading source label.
Found 1549 points in source label.
Starting surface-based mapping
Reading source registration 
 /out/sourcedata/freesurfer/fsaverage/surf/lh.sphere.reg
Rescaling ...  original radius = 100
Reading target surface 
 /out/sourcedata/freesurfer/sub-v1s16x0051187_ses-1/surf/lh.white
Reading target registration 
 /out/sourcedata/freesurfer/sub-v1s16x0051187_ses-1/surf/lh.sphere.reg
Rescaling ...  original radius = 100
Building target registration hash (res=16).
Building source registration hash (res=16).
INFO: found  1549 nlabel points
Performing mapping from target back to the source label 125407
Number of reverse mapping hits = 3
Checking for and removing duplicates
Writing label file ./lh.BA4p_exvivo.thresh.label 1552
mri_label2label: Done


 mri_label2label --srcsubject fsaverage --srclabel /out/sourcedata/freesurfer/fsaverage/label/lh.BA6_exvivo.thresh.label --trgsubject sub-v1s16x0051187_ses-1 --trglabel ./lh.BA6_exvivo.thresh.label --hemi lh --regmethod surface 


srclabel = /out/sourcedata/freesurfer/fsaverage/label/lh.BA6_exvivo.thresh.label
srcsubject = fsaverage
trgsubject = sub-v1s16x0051187_ses-1
trglabel = ./lh.BA6_exvivo.thresh.label
regmethod = surface

srchemi = lh
trghemi = lh
trgsurface = white
srcsurfreg = sphere.reg
trgsurfreg = sphere.reg
usehash = 1
Use ProjAbs  = 0, 0
Use ProjFrac = 0, 0
DoPaint 0

SUBJECTS_DIR    /out/sourcedata/freesurfer
FREESURFER_HOME /opt/freesurfer
Loading source label.
Found 7035 points in source label.
Starting surface-based mapping
Reading source registration 
 /out/sourcedata/freesurfer/fsaverage/surf/lh.sphere.reg
Rescaling ...  original radius = 100
Reading target surface 
 /out/sourcedata/freesurfer/sub-v1s16x0051187_ses-1/surf/lh.white
Reading target registration 
 /out/sourcedata/freesurfer/sub-v1s16x0051187_ses-1/surf/lh.sphere.reg
Rescaling ...  original radius = 100
Building target registration hash (res=16).
Building source registration hash (res=16).
INFO: found  7035 nlabel points
Performing mapping from target back to the source label 125407
Number of reverse mapping hits = 426
Checking for and removing duplicates
Writing label file ./lh.BA6_exvivo.thresh.label 7461
mri_label2label: Done


 mri_label2label --srcsubject fsaverage --srclabel /out/sourcedata/freesurfer/fsaverage/label/lh.BA44_exvivo.thresh.label --trgsubject sub-v1s16x0051187_ses-1 --trglabel ./lh.BA44_exvivo.thresh.label --hemi lh --regmethod surface 


srclabel = /out/sourcedata/freesurfer/fsaverage/label/lh.BA44_exvivo.thresh.label
srcsubject = fsaverage
trgsubject = sub-v1s16x0051187_ses-1
trglabel = ./lh.BA44_exvivo.thresh.label
regmethod = surface

srchemi = lh
trghemi = lh
trgsurface = white
srcsurfreg = sphere.reg
trgsurfreg = sphere.reg
usehash = 1
Use ProjAbs  = 0, 0
Use ProjFrac = 0, 0
DoPaint 0

SUBJECTS_DIR    /out/sourcedata/freesurfer
FREESURFER_HOME /opt/freesurfer
Loading source label.
Found 1912 points in source label.
Starting surface-based mapping
Reading source registration 
 /out/sourcedata/freesurfer/fsaverage/surf/lh.sphere.reg
Rescaling ...  original radius = 100
Reading target surface 
 /out/sourcedata/freesurfer/sub-v1s16x0051187_ses-1/surf/lh.white
Reading target registration 
 /out/sourcedata/freesurfer/sub-v1s16x0051187_ses-1/surf/lh.sphere.reg
Rescaling ...  original radius = 100
Building target registration hash (res=16).
Building source registration hash (res=16).
INFO: found  1912 nlabel points
Performing mapping from target back to the source label 125407
Number of reverse mapping hits = 22
Checking for and removing duplicates
Writing label file ./lh.BA44_exvivo.thresh.label 1934
mri_label2label: Done


 mri_label2label --srcsubject fsaverage --srclabel /out/sourcedata/freesurfer/fsaverage/label/lh.BA45_exvivo.thresh.label --trgsubject sub-v1s16x0051187_ses-1 --trglabel ./lh.BA45_exvivo.thresh.label --hemi lh --regmethod surface 


srclabel = /out/sourcedata/freesurfer/fsaverage/label/lh.BA45_exvivo.thresh.label
srcsubject = fsaverage
trgsubject = sub-v1s16x0051187_ses-1
trglabel = ./lh.BA45_exvivo.thresh.label
regmethod = surface

srchemi = lh
trghemi = lh
trgsurface = white
srcsurfreg = sphere.reg
trgsurfreg = sphere.reg
usehash = 1
Use ProjAbs  = 0, 0
Use ProjFrac = 0, 0
DoPaint 0

SUBJECTS_DIR    /out/sourcedata/freesurfer
FREESURFER_HOME /opt/freesurfer
Loading source label.
Found 1151 points in source label.
Starting surface-based mapping
Reading source registration 
 /out/sourcedata/freesurfer/fsaverage/surf/lh.sphere.reg
Rescaling ...  original radius = 100
Reading target surface 
 /out/sourcedata/freesurfer/sub-v1s16x0051187_ses-1/surf/lh.white
Reading target registration 
 /out/sourcedata/freesurfer/sub-v1s16x0051187_ses-1/surf/lh.sphere.reg
Rescaling ...  original radius = 100
Building target registration hash (res=16).
Building source registration hash (res=16).
INFO: found  1151 nlabel points
Performing mapping from target back to the source label 125407
Number of reverse mapping hits = 90
Checking for and removing duplicates
Writing label file ./lh.BA45_exvivo.thresh.label 1241
mri_label2label: Done


 mri_label2label --srcsubject fsaverage --srclabel /out/sourcedata/freesurfer/fsaverage/label/lh.V1_exvivo.thresh.label --trgsubject sub-v1s16x0051187_ses-1 --trglabel ./lh.V1_exvivo.thresh.label --hemi lh --regmethod surface 


srclabel = /out/sourcedata/freesurfer/fsaverage/label/lh.V1_exvivo.thresh.label
srcsubject = fsaverage
trgsubject = sub-v1s16x0051187_ses-1
trglabel = ./lh.V1_exvivo.thresh.label
regmethod = surface

srchemi = lh
trghemi = lh
trgsurface = white
srcsurfreg = sphere.reg
trgsurfreg = sphere.reg
usehash = 1
Use ProjAbs  = 0, 0
Use ProjFrac = 0, 0
DoPaint 0

SUBJECTS_DIR    /out/sourcedata/freesurfer
FREESURFER_HOME /opt/freesurfer
Loading source label.
Found 3405 points in source label.
Starting surface-based mapping
Reading source registration 
 /out/sourcedata/freesurfer/fsaverage/surf/lh.sphere.reg
Rescaling ...  original radius = 100
Reading target surface 
 /out/sourcedata/freesurfer/sub-v1s16x0051187_ses-1/surf/lh.white
Reading target registration 
 /out/sourcedata/freesurfer/sub-v1s16x0051187_ses-1/surf/lh.sphere.reg
Rescaling ...  original radius = 100
Building target registration hash (res=16).
Building source registration hash (res=16).
INFO: found  3405 nlabel points
Performing mapping from target back to the source label 125407
Number of reverse mapping hits = 988
Checking for and removing duplicates
Writing label file ./lh.V1_exvivo.thresh.label 4393
mri_label2label: Done


 mri_label2label --srcsubject fsaverage --srclabel /out/sourcedata/freesurfer/fsaverage/label/lh.V2_exvivo.thresh.label --trgsubject sub-v1s16x0051187_ses-1 --trglabel ./lh.V2_exvivo.thresh.label --hemi lh --regmethod surface 


srclabel = /out/sourcedata/freesurfer/fsaverage/label/lh.V2_exvivo.thresh.label
srcsubject = fsaverage
trgsubject = sub-v1s16x0051187_ses-1
trglabel = ./lh.V2_exvivo.thresh.label
regmethod = surface

srchemi = lh
trghemi = lh
trgsurface = white
srcsurfreg = sphere.reg
trgsurfreg = sphere.reg
usehash = 1
Use ProjAbs  = 0, 0
Use ProjFrac = 0, 0
DoPaint 0

SUBJECTS_DIR    /out/sourcedata/freesurfer
FREESURFER_HOME /opt/freesurfer
Loading source label.
Found 3334 points in source label.
Starting surface-based mapping
Reading source registration 
 /out/sourcedata/freesurfer/fsaverage/surf/lh.sphere.reg
Rescaling ...  original radius = 100
Reading target surface 
 /out/sourcedata/freesurfer/sub-v1s16x0051187_ses-1/surf/lh.white
Reading target registration 
 /out/sourcedata/freesurfer/sub-v1s16x0051187_ses-1/surf/lh.sphere.reg
Rescaling ...  original radius = 100
Building target registration hash (res=16).
Building source registration hash (res=16).
INFO: found  3334 nlabel points
Performing mapping from target back to the source label 125407
Number of reverse mapping hits = 1077
Checking for and removing duplicates
Writing label file ./lh.V2_exvivo.thresh.label 4411
mri_label2label: Done


 mri_label2label --srcsubject fsaverage --srclabel /out/sourcedata/freesurfer/fsaverage/label/lh.MT_exvivo.thresh.label --trgsubject sub-v1s16x0051187_ses-1 --trglabel ./lh.MT_exvivo.thresh.label --hemi lh --regmethod surface 


srclabel = /out/sourcedata/freesurfer/fsaverage/label/lh.MT_exvivo.thresh.label
srcsubject = fsaverage
trgsubject = sub-v1s16x0051187_ses-1
trglabel = ./lh.MT_exvivo.thresh.label
regmethod = surface

srchemi = lh
trghemi = lh
trgsurface = white
srcsurfreg = sphere.reg
trgsurfreg = sphere.reg
usehash = 1
Use ProjAbs  = 0, 0
Use ProjFrac = 0, 0
DoPaint 0

SUBJECTS_DIR    /out/sourcedata/freesurfer
FREESURFER_HOME /opt/freesurfer
Loading source label.
Found 513 points in source label.
Starting surface-based mapping
Reading source registration 
 /out/sourcedata/freesurfer/fsaverage/surf/lh.sphere.reg
Rescaling ...  original radius = 100
Reading target surface 
 /out/sourcedata/freesurfer/sub-v1s16x0051187_ses-1/surf/lh.white
Reading target registration 
 /out/sourcedata/freesurfer/sub-v1s16x0051187_ses-1/surf/lh.sphere.reg
Rescaling ...  original radius = 100
Building target registration hash (res=16).
Building source registration hash (res=16).
INFO: found  513 nlabel points
Performing mapping from target back to the source label 125407
Number of reverse mapping hits = 70
Checking for and removing duplicates
Writing label file ./lh.MT_exvivo.thresh.label 583
mri_label2label: Done


 mri_label2label --srcsubject fsaverage --srclabel /out/sourcedata/freesurfer/fsaverage/label/lh.entorhinal_exvivo.thresh.label --trgsubject sub-v1s16x0051187_ses-1 --trglabel ./lh.entorhinal_exvivo.thresh.label --hemi lh --regmethod surface 


srclabel = /out/sourcedata/freesurfer/fsaverage/label/lh.entorhinal_exvivo.thresh.label
srcsubject = fsaverage
trgsubject = sub-v1s16x0051187_ses-1
trglabel = ./lh.entorhinal_exvivo.thresh.label
regmethod = surface

srchemi = lh
trghemi = lh
trgsurface = white
srcsurfreg = sphere.reg
trgsurfreg = sphere.reg
usehash = 1
Use ProjAbs  = 0, 0
Use ProjFrac = 0, 0
DoPaint 0

SUBJECTS_DIR    /out/sourcedata/freesurfer
FREESURFER_HOME /opt/freesurfer
Loading source label.
Found 470 points in source label.
Starting surface-based mapping
Reading source registration 
 /out/sourcedata/freesurfer/fsaverage/surf/lh.sphere.reg
Rescaling ...  original radius = 100
Reading target surface 
 /out/sourcedata/freesurfer/sub-v1s16x0051187_ses-1/surf/lh.white
Reading target registration 
 /out/sourcedata/freesurfer/sub-v1s16x0051187_ses-1/surf/lh.sphere.reg
Rescaling ...  original radius = 100
Building target registration hash (res=16).
Building source registration hash (res=16).
INFO: found  470 nlabel points
Performing mapping from target back to the source label 125407
Number of reverse mapping hits = 61
Checking for and removing duplicates
Writing label file ./lh.entorhinal_exvivo.thresh.label 531
mri_label2label: Done


 mri_label2label --srcsubject fsaverage --srclabel /out/sourcedata/freesurfer/fsaverage/label/lh.perirhinal_exvivo.thresh.label --trgsubject sub-v1s16x0051187_ses-1 --trglabel ./lh.perirhinal_exvivo.thresh.label --hemi lh --regmethod surface 


srclabel = /out/sourcedata/freesurfer/fsaverage/label/lh.perirhinal_exvivo.thresh.label
srcsubject = fsaverage
trgsubject = sub-v1s16x0051187_ses-1
trglabel = ./lh.perirhinal_exvivo.thresh.label
regmethod = surface

srchemi = lh
trghemi = lh
trgsurface = white
srcsurfreg = sphere.reg
trgsurfreg = sphere.reg
usehash = 1
Use ProjAbs  = 0, 0
Use ProjFrac = 0, 0
DoPaint 0

SUBJECTS_DIR    /out/sourcedata/freesurfer
FREESURFER_HOME /opt/freesurfer
Loading source label.
Found 450 points in source label.
Starting surface-based mapping
Reading source registration 
 /out/sourcedata/freesurfer/fsaverage/surf/lh.sphere.reg
Rescaling ...  original radius = 100
Reading target surface 
 /out/sourcedata/freesurfer/sub-v1s16x0051187_ses-1/surf/lh.white
Reading target registration 
 /out/sourcedata/freesurfer/sub-v1s16x0051187_ses-1/surf/lh.sphere.reg
Rescaling ...  original radius = 100
Building target registration hash (res=16).
Building source registration hash (res=16).
INFO: found  450 nlabel points
Performing mapping from target back to the source label 125407
Number of reverse mapping hits = 45
Checking for and removing duplicates
Writing label file ./lh.perirhinal_exvivo.thresh.label 495
mri_label2label: Done


 mris_label2annot --s sub-v1s16x0051187_ses-1 --hemi lh --ctab /opt/freesurfer/average/colortable_BA.txt --l lh.BA1_exvivo.label --l lh.BA2_exvivo.label --l lh.BA3a_exvivo.label --l lh.BA3b_exvivo.label --l lh.BA4a_exvivo.label --l lh.BA4p_exvivo.label --l lh.BA6_exvivo.label --l lh.BA44_exvivo.label --l lh.BA45_exvivo.label --l lh.V1_exvivo.label --l lh.V2_exvivo.label --l lh.MT_exvivo.label --l lh.perirhinal_exvivo.label --l lh.entorhinal_exvivo.label --a BA_exvivo --maxstatwinner --noverbose 

Reading ctab /opt/freesurfer/average/colortable_BA.txt
Number of ctab entries 15

7.3.2
cwd /out/sourcedata/freesurfer/sub-v1s16x0051187_ses-1/label
cmdline mris_label2annot --s sub-v1s16x0051187_ses-1 --hemi lh --ctab /opt/freesurfer/average/colortable_BA.txt --l lh.BA1_exvivo.label --l lh.BA2_exvivo.label --l lh.BA3a_exvivo.label --l lh.BA3b_exvivo.label --l lh.BA4a_exvivo.label --l lh.BA4p_exvivo.label --l lh.BA6_exvivo.label --l lh.BA44_exvivo.label --l lh.BA45_exvivo.label --l lh.V1_exvivo.label --l lh.V2_exvivo.label --l lh.MT_exvivo.label --l lh.perirhinal_exvivo.label --l lh.entorhinal_exvivo.label --a BA_exvivo --maxstatwinner --noverbose 
sysname  Linux
hostname dna071
machine  x86_64
user     oesteban

subject sub-v1s16x0051187_ses-1
hemi    lh
SUBJECTS_DIR /out/sourcedata/freesurfer
ColorTable /opt/freesurfer/average/colortable_BA.txt
AnnotName  BA_exvivo
nlables 14
LabelThresh 0 0.000000
Loading /out/sourcedata/freesurfer/sub-v1s16x0051187_ses-1/surf/lh.orig
 1 1530880 BA1_exvivo
 2 16749699 BA2_exvivo
 3 16711680 BA3a_exvivo
 4 3368703 BA3b_exvivo
 5 1376196 BA4a_exvivo
 6 13382655 BA4p_exvivo
 7 10036737 BA6_exvivo
 8 2490521 BA44_exvivo
 9 39283 BA45_exvivo
10 3993 V1_exvivo
11 8508928 V2_exvivo
12 10027163 MT_exvivo
13 16422433 perirhinal_exvivo
14 16392598 entorhinal_exvivo
Mapping unhit to unknown
Found 85520 unhit vertices
Writing annot to /out/sourcedata/freesurfer/sub-v1s16x0051187_ses-1/label/lh.BA_exvivo.annot

 mris_label2annot --s sub-v1s16x0051187_ses-1 --hemi lh --ctab /opt/freesurfer/average/colortable_BA.txt --l lh.BA1_exvivo.thresh.label --l lh.BA2_exvivo.thresh.label --l lh.BA3a_exvivo.thresh.label --l lh.BA3b_exvivo.thresh.label --l lh.BA4a_exvivo.thresh.label --l lh.BA4p_exvivo.thresh.label --l lh.BA6_exvivo.thresh.label --l lh.BA44_exvivo.thresh.label --l lh.BA45_exvivo.thresh.label --l lh.V1_exvivo.thresh.label --l lh.V2_exvivo.thresh.label --l lh.MT_exvivo.thresh.label --l lh.perirhinal_exvivo.thresh.label --l lh.entorhinal_exvivo.thresh.label --a BA_exvivo.thresh --maxstatwinner --noverbose 

Reading ctab /opt/freesurfer/average/colortable_BA.txt
Number of ctab entries 15

7.3.2
cwd /out/sourcedata/freesurfer/sub-v1s16x0051187_ses-1/label
cmdline mris_label2annot --s sub-v1s16x0051187_ses-1 --hemi lh --ctab /opt/freesurfer/average/colortable_BA.txt --l lh.BA1_exvivo.thresh.label --l lh.BA2_exvivo.thresh.label --l lh.BA3a_exvivo.thresh.label --l lh.BA3b_exvivo.thresh.label --l lh.BA4a_exvivo.thresh.label --l lh.BA4p_exvivo.thresh.label --l lh.BA6_exvivo.thresh.label --l lh.BA44_exvivo.thresh.label --l lh.BA45_exvivo.thresh.label --l lh.V1_exvivo.thresh.label --l lh.V2_exvivo.thresh.label --l lh.MT_exvivo.thresh.label --l lh.perirhinal_exvivo.thresh.label --l lh.entorhinal_exvivo.thresh.label --a BA_exvivo.thresh --maxstatwinner --noverbose 
sysname  Linux
hostname dna071
machine  x86_64
user     oesteban

subject sub-v1s16x0051187_ses-1
hemi    lh
SUBJECTS_DIR /out/sourcedata/freesurfer
ColorTable /opt/freesurfer/average/colortable_BA.txt
AnnotName  BA_exvivo.thresh
nlables 14
LabelThresh 0 0.000000
Loading /out/sourcedata/freesurfer/sub-v1s16x0051187_ses-1/surf/lh.orig
 1 1530880 BA1_exvivo
 2 16749699 BA2_exvivo
 3 16711680 BA3a_exvivo
 4 3368703 BA3b_exvivo
 5 1376196 BA4a_exvivo
 6 13382655 BA4p_exvivo
 7 10036737 BA6_exvivo
 8 2490521 BA44_exvivo
 9 39283 BA45_exvivo
10 3993 V1_exvivo
11 8508928 V2_exvivo
12 10027163 MT_exvivo
13 16422433 perirhinal_exvivo
14 16392598 entorhinal_exvivo
Mapping unhit to unknown
Found 101681 unhit vertices
Writing annot to /out/sourcedata/freesurfer/sub-v1s16x0051187_ses-1/label/lh.BA_exvivo.thresh.annot

 mris_anatomical_stats -th3 -mgz -noglobal -f ../stats/lh.BA_exvivo.stats -b -a ./lh.BA_exvivo.annot -c ./BA_exvivo.ctab sub-v1s16x0051187_ses-1 lh white 

computing statistics for each annotation in ./lh.BA_exvivo.annot.
reading volume /out/sourcedata/freesurfer/sub-v1s16x0051187_ses-1/mri/wm.mgz...
reading input surface /out/sourcedata/freesurfer/sub-v1s16x0051187_ses-1/surf/lh.white...
reading input pial surface /out/sourcedata/freesurfer/sub-v1s16x0051187_ses-1/surf/lh.pial...
reading input white surface /out/sourcedata/freesurfer/sub-v1s16x0051187_ses-1/surf/lh.white...
INFO: using TH3 volume calc
INFO: assuming MGZ format for volumes.
INFO: not computing global stats
Using TH3 vertex volume calc
Total face volume 248313
Total vertex volume 248125 (mask=0)
Saving annotation colortable ./BA_exvivo.ctab

table columns are:
    number of vertices
    total surface area (mm^2)
    total gray matter volume (mm^3)
    average cortical thickness +- standard deviation (mm)
    integrated rectified mean curvature
    integrated rectified Gaussian curvature
    folding index
    intrinsic curvature index
    structure name

 1079    687   1489  1.788 0.607     0.139     0.041       16     1.6  BA1_exvivo
 3487   2381   5743  2.355 0.569     0.107     0.022       28     3.2  BA2_exvivo
  979    632    910  1.854 0.406     0.130     0.025        9     1.0  BA3a_exvivo
 1974   1413   3153  1.909 0.788     0.104     0.023       20     1.8  BA3b_exvivo
 1542   1005   3374  2.692 0.690     0.103     0.019       11     1.3  BA4a_exvivo
 1067    710   1597  2.206 0.561     0.091     0.018        5     0.7  BA4p_exvivo
 9712   6624  20780  2.675 0.706     0.118     0.025       99    10.0  BA6_exvivo
 1829   1396   4459  2.645 0.620     0.118     0.026       20     2.1  BA44_exvivo
 2461   1870   7149  2.995 0.694     0.124     0.030       36     2.9  BA45_exvivo
 3923   2875   4397  1.578 0.480     0.135     0.035       48     6.1  V1_exvivo
 8402   6361  14279  2.111 0.671     0.156     0.041      122    14.1  V2_exvivo
 2032   1492   4433  2.537 0.624     0.118     0.026       22     2.3  MT_exvivo
  735    547    906  1.660 0.833     0.171     0.064       18     2.1  perirhinal_exvivo
  665    483   1366  2.012 1.196     0.166     0.050       29     1.5  entorhinal_exvivo

 mris_anatomical_stats -th3 -mgz -f ../stats/lh.BA_exvivo.thresh.stats -noglobal -b -a ./lh.BA_exvivo.thresh.annot -c ./BA_exvivo.thresh.ctab sub-v1s16x0051187_ses-1 lh white 

computing statistics for each annotation in ./lh.BA_exvivo.thresh.annot.
reading volume /out/sourcedata/freesurfer/sub-v1s16x0051187_ses-1/mri/wm.mgz...
reading input surface /out/sourcedata/freesurfer/sub-v1s16x0051187_ses-1/surf/lh.white...
reading input pial surface /out/sourcedata/freesurfer/sub-v1s16x0051187_ses-1/surf/lh.pial...
reading input white surface /out/sourcedata/freesurfer/sub-v1s16x0051187_ses-1/surf/lh.white...
INFO: using TH3 volume calc
INFO: assuming MGZ format for volumes.
INFO: not computing global stats
Using TH3 vertex volume calc
Total face volume 248313
Total vertex volume 248125 (mask=0)
Saving annotation colortable ./BA_exvivo.thresh.ctab

table columns are:
    number of vertices
    total surface area (mm^2)
    total gray matter volume (mm^3)
    average cortical thickness +- standard deviation (mm)
    integrated rectified mean curvature
    integrated rectified Gaussian curvature
    folding index
    intrinsic curvature index
    structure name

  712    444    886  1.690 0.538     0.134     0.038       10     1.0  BA1_exvivo
 1414    916   2168  2.182 0.512     0.101     0.023       12     1.4  BA2_exvivo
  822    526    681  1.820 0.351     0.130     0.026        7     0.8  BA3a_exvivo
 1229    823   1372  1.565 0.415     0.072     0.011        4     0.6  BA3b_exvivo
 1423    919   2879  2.588 0.693     0.096     0.017        9     1.1  BA4a_exvivo
  868    576   1169  2.144 0.514     0.093     0.017        4     0.6  BA4p_exvivo
 5594   3768  11257  2.587 0.687     0.118     0.025       55     5.5  BA6_exvivo
 1119    889   2915  2.678 0.619     0.124     0.026       12     1.3  BA44_exvivo
 1005    802   3463  3.076 0.741     0.138     0.034       16     1.4  BA45_exvivo
 4161   3080   4887  1.590 0.503     0.137     0.035       51     6.7  V1_exvivo
 4148   3203   6654  2.014 0.673     0.159     0.043       58     7.0  V2_exvivo
  521    346    733  2.480 0.387     0.111     0.020        3     0.4  MT_exvivo
  290    250    446  1.807 0.678     0.201     0.066        8     0.8  perirhinal_exvivo
  420    341    990  2.177 0.997     0.171     0.050        9     0.9  entorhinal_exvivo

Started at Mon Mar 9 02:05:47 CET 2026 
Ended   at Mon Mar 9 02:08:02 CET 2026
#@#%# recon-all-run-time-hours 0.038
recon-all -s sub-v1s16x0051187_ses-1 finished without error at Mon Mar  9 02:08:02 CET 2026
