
Mon Mar  9 00:46:20 CET 2026
cd /out/sourcedata/freesurfer/sub-v1s16x0051199_ses-1
setenv SUBJECTS_DIR /out/sourcedata/freesurfer
/opt/freesurfer/bin/recon-all -autorecon1 -i /work/fmriprep_25_2_wf/sub_v1s16x0051199_ses_1_wf/anat_fit_wf/anat_validate/sub-v1s16x0051199_ses-1_T1w_noise_corrected_ras_valid.nii.gz -noskullstrip -noT2pial -noFLAIRpial -openmp 16 -subjid sub-v1s16x0051199_ses-1 -sd /out/sourcedata/freesurfer

subjid sub-v1s16x0051199_ses-1
setenv SUBJECTS_DIR /out/sourcedata/freesurfer
FREESURFER_HOME /opt/freesurfer
Actual FREESURFER_HOME /opt/freesurfer
build-stamp.txt: freesurfer-linux-ubuntu22_x86_64-7.3.2-20220804-6354275
Linux dna063 5.14.0-427.37.1.el9_4.x86_64 #1 SMP PREEMPT_DYNAMIC Fri Sep 13 12:41:50 EDT 2024 x86_64 x86_64 x86_64 GNU/Linux
cputime      unlimited
filesize     unlimited
datasize     unlimited
stacksize    8192 kbytes
coredumpsize 0 kbytes
memoryuse    67108864 kbytes
vmemoryuse   unlimited
descriptors  1024 
memorylocked unlimited
maxproc      2061970 
maxlocks     unlimited
maxsignal    2061970 
maxmessage   819200 
maxnice      0 
maxrtprio    0 
maxrttime    unlimited

               total        used        free      shared  buff/cache   available
Mem:           503Gi        48Gi       335Gi        10Gi       119Gi       440Gi
Swap:             0B          0B          0B

########################################
program versions used
7.3.2 (freesurfer-linux-ubuntu22_x86_64-7.3.2-20220804-6354275)
7.3.2

ProgramName: lta_convert  ProgramArguments: lta_convert -all-info  ProgramVersion: 7.3.2  TimeStamp: 2026/03/08-23:46:20-GMT  BuildTime: Aug  4 2022 06:17:15  BuildStamp: freesurfer-linux-ubuntu22_x86_64-7.3.2-20220804-6354275  User: oesteban  Machine: dna063  Platform: Linux  PlatformVersion: 5.14.0-427.37.1.el9_4.x86_64  CompilerName: GCC  CompilerVersion: 8.4.0
ProgramName: mri_and  ProgramArguments: mri_and -all-info  ProgramVersion: 7.3.2  TimeStamp: 2026/03/08-23:46:20-GMT  BuildTime: Aug  4 2022 06:17:15  BuildStamp: freesurfer-linux-ubuntu22_x86_64-7.3.2-20220804-6354275  User: oesteban  Machine: dna063  Platform: Linux  PlatformVersion: 5.14.0-427.37.1.el9_4.x86_64  CompilerName: GCC  CompilerVersion: 8.4.0
ProgramName: mri_annotation2label  ProgramArguments: mri_annotation2label -all-info  ProgramVersion: 7.3.2  TimeStamp: 2026/03/08-23:46:20-GMT  BuildTime: Aug  4 2022 06:17:15  BuildStamp: freesurfer-linux-ubuntu22_x86_64-7.3.2-20220804-6354275  User: oesteban  Machine: dna063  Platform: Linux  PlatformVersion: 5.14.0-427.37.1.el9_4.x86_64  CompilerName: GCC  CompilerVersion: 8.4.0
ProgramName: mri_aparc2aseg  ProgramArguments: mri_aparc2aseg -all-info  ProgramVersion: 7.3.2  TimeStamp: 2026/03/08-23:46:20-GMT  BuildTime: Aug  4 2022 06:17:15  BuildStamp: freesurfer-linux-ubuntu22_x86_64-7.3.2-20220804-6354275  User: oesteban  Machine: dna063  Platform: Linux  PlatformVersion: 5.14.0-427.37.1.el9_4.x86_64  CompilerName: GCC  CompilerVersion: 8.4.0
ProgramName: mri_surf2volseg  ProgramArguments: mri_surf2volseg -all-info  ProgramVersion: 7.3.2  TimeStamp: 2026/03/08-23:46:20-GMT  BuildTime: Aug  4 2022 06:17:15  BuildStamp: freesurfer-linux-ubuntu22_x86_64-7.3.2-20220804-6354275  User: oesteban  Machine: dna063  Platform: Linux  PlatformVersion: 5.14.0-427.37.1.el9_4.x86_64  CompilerName: GCC  CompilerVersion: 8.4.0
ProgramName: mri_binarize  ProgramArguments: mri_binarize -all-info  ProgramVersion: 7.3.2  TimeStamp: 2026/03/08-23:46:20-GMT  BuildTime: Aug  4 2022 06:17:15  BuildStamp: freesurfer-linux-ubuntu22_x86_64-7.3.2-20220804-6354275  User: oesteban  Machine: dna063  Platform: Linux  PlatformVersion: 5.14.0-427.37.1.el9_4.x86_64  CompilerName: GCC  CompilerVersion: 8.4.0
ProgramName: mri_ca_label  ProgramArguments: mri_ca_label -all-info  ProgramVersion: 7.3.2  TimeStamp: 2026/03/08-23:46:20-GMT  BuildTime: Aug  4 2022 06:17:15  BuildStamp: freesurfer-linux-ubuntu22_x86_64-7.3.2-20220804-6354275  User: oesteban  Machine: dna063  Platform: Linux  PlatformVersion: 5.14.0-427.37.1.el9_4.x86_64  CompilerName: GCC  CompilerVersion: 8.4.0
ProgramName: mri_ca_normalize  ProgramArguments: mri_ca_normalize -all-info  ProgramVersion: 7.3.2  TimeStamp: 2026/03/08-23:46:20-GMT  BuildTime: Aug  4 2022 06:17:15  BuildStamp: freesurfer-linux-ubuntu22_x86_64-7.3.2-20220804-6354275  User: oesteban  Machine: dna063  Platform: Linux  PlatformVersion: 5.14.0-427.37.1.el9_4.x86_64  CompilerName: GCC  CompilerVersion: 8.4.0
ProgramName: mri_ca_register  ProgramArguments: mri_ca_register -all-info  ProgramVersion: 7.3.2  TimeStamp: 2026/03/08-23:46:20-GMT  BuildTime: Aug  4 2022 06:17:15  BuildStamp: freesurfer-linux-ubuntu22_x86_64-7.3.2-20220804-6354275  User: oesteban  Machine: dna063  Platform: Linux  PlatformVersion: 5.14.0-427.37.1.el9_4.x86_64  CompilerName: GCC  CompilerVersion: 8.4.0
ProgramName: mri_cc  ProgramArguments: mri_cc -all-info  ProgramVersion: 7.3.2  TimeStamp: 2026/03/08-23:46:20-GMT  BuildTime: Aug  4 2022 06:17:15  BuildStamp: freesurfer-linux-ubuntu22_x86_64-7.3.2-20220804-6354275  User: oesteban  Machine: dna063  Platform: Linux  PlatformVersion: 5.14.0-427.37.1.el9_4.x86_64  CompilerName: GCC  CompilerVersion: 8.4.0
ProgramName: mri_compute_overlap  ProgramArguments: mri_compute_overlap -all-info  ProgramVersion: 7.3.2  TimeStamp: 2026/03/08-23:46:20-GMT  BuildTime: Aug  4 2022 06:17:15  BuildStamp: freesurfer-linux-ubuntu22_x86_64-7.3.2-20220804-6354275  User: oesteban  Machine: dna063  Platform: Linux  PlatformVersion: 5.14.0-427.37.1.el9_4.x86_64  CompilerName: GCC  CompilerVersion: 8.4.0
ProgramName: mri_compute_seg_overlap  ProgramArguments: mri_compute_seg_overlap -all-info  ProgramVersion: 7.3.2  TimeStamp: 2026/03/08-23:46:20-GMT  BuildTime: Aug  4 2022 06:17:15  BuildStamp: freesurfer-linux-ubuntu22_x86_64-7.3.2-20220804-6354275  User: oesteban  Machine: dna063  Platform: Linux  PlatformVersion: 5.14.0-427.37.1.el9_4.x86_64  CompilerName: GCC  CompilerVersion: 8.4.0
ProgramName: mri_concat  ProgramArguments: mri_concat -all-info  ProgramVersion: 7.3.2  TimeStamp: 2026/03/08-23:46:20-GMT  BuildTime: Aug  4 2022 06:17:15  BuildStamp: freesurfer-linux-ubuntu22_x86_64-7.3.2-20220804-6354275  User: oesteban  Machine: dna063  Platform: Linux  PlatformVersion: 5.14.0-427.37.1.el9_4.x86_64  CompilerName: GCC  CompilerVersion: 8.4.0
ProgramName: mri_concatenate_lta  ProgramArguments: mri_concatenate_lta -all-info  ProgramVersion: 7.3.2  TimeStamp: 2026/03/08-23:46:20-GMT  BuildTime: Aug  4 2022 06:17:15  BuildStamp: freesurfer-linux-ubuntu22_x86_64-7.3.2-20220804-6354275  User: oesteban  Machine: dna063  Platform: Linux  PlatformVersion: 5.14.0-427.37.1.el9_4.x86_64  CompilerName: GCC  CompilerVersion: 8.4.0
mri_convert -all-info 
ProgramName: mri_convert  ProgramArguments: mri_convert -all-info  ProgramVersion: 7.3.2  TimeStamp: 2026/03/08-23:46:20-GMT  BuildTime: Aug  4 2022 06:17:15  BuildStamp: freesurfer-linux-ubuntu22_x86_64-7.3.2-20220804-6354275  User: oesteban  Machine: dna063  Platform: Linux  PlatformVersion: 5.14.0-427.37.1.el9_4.x86_64  CompilerName: GCC  CompilerVersion: 8.4.0
ProgramName: mri_diff  ProgramArguments: mri_diff -all-info  ProgramVersion: 7.3.2  TimeStamp: 2026/03/08-23:46:20-GMT  BuildTime: Aug  4 2022 06:17:15  BuildStamp: freesurfer-linux-ubuntu22_x86_64-7.3.2-20220804-6354275  User: oesteban  Machine: dna063  Platform: Linux  PlatformVersion: 5.14.0-427.37.1.el9_4.x86_64  CompilerName: GCC  CompilerVersion: 8.4.0
ProgramName: mri_edit_wm_with_aseg  ProgramArguments: mri_edit_wm_with_aseg -all-info  ProgramVersion: 7.3.2  TimeStamp: 2026/03/08-23:46:20-GMT  BuildTime: Aug  4 2022 06:17:15  BuildStamp: freesurfer-linux-ubuntu22_x86_64-7.3.2-20220804-6354275  User: oesteban  Machine: dna063  Platform: Linux  PlatformVersion: 5.14.0-427.37.1.el9_4.x86_64  CompilerName: GCC  CompilerVersion: 8.4.0
ProgramName: mri_em_register  ProgramArguments: mri_em_register -all-info  ProgramVersion: 7.3.2  TimeStamp: 2026/03/08-23:46:20-GMT  BuildTime: Aug  4 2022 06:17:15  BuildStamp: freesurfer-linux-ubuntu22_x86_64-7.3.2-20220804-6354275  User: oesteban  Machine: dna063  Platform: Linux  PlatformVersion: 5.14.0-427.37.1.el9_4.x86_64  CompilerName: GCC  CompilerVersion: 8.4.0
ProgramName: mri_fill  ProgramArguments: mri_fill -all-info  ProgramVersion: 7.3.2  TimeStamp: 2026/03/08-23:46:20-GMT  BuildTime: Aug  4 2022 06:17:15  BuildStamp: freesurfer-linux-ubuntu22_x86_64-7.3.2-20220804-6354275  User: oesteban  Machine: dna063  Platform: Linux  PlatformVersion: 5.14.0-427.37.1.el9_4.x86_64  CompilerName: GCC  CompilerVersion: 8.4.0
ProgramName: mri_fuse_segmentations  ProgramArguments: mri_fuse_segmentations -all-info  ProgramVersion: 7.3.2  TimeStamp: 2026/03/08-23:46:20-GMT  BuildTime: Aug  4 2022 06:17:15  BuildStamp: freesurfer-linux-ubuntu22_x86_64-7.3.2-20220804-6354275  User: oesteban  Machine: dna063  Platform: Linux  PlatformVersion: 5.14.0-427.37.1.el9_4.x86_64  CompilerName: GCC  CompilerVersion: 8.4.0
ProgramName: mri_fwhm  ProgramArguments: mri_fwhm -all-info  ProgramVersion: 7.3.2  TimeStamp: 2026/03/08-23:46:20-GMT  BuildTime: Aug  4 2022 06:17:15  BuildStamp: freesurfer-linux-ubuntu22_x86_64-7.3.2-20220804-6354275  User: oesteban  Machine: dna063  Platform: Linux  PlatformVersion: 5.14.0-427.37.1.el9_4.x86_64  CompilerName: GCC  CompilerVersion: 8.4.0
ProgramName: mri_gcut  ProgramArguments: mri_gcut -all-info  ProgramVersion: 7.3.2  TimeStamp: 2026/03/08-23:46:20-GMT  BuildTime: Aug  4 2022 06:17:15  BuildStamp: freesurfer-linux-ubuntu22_x86_64-7.3.2-20220804-6354275  User: oesteban  Machine: dna063  Platform: Linux  PlatformVersion: 5.14.0-427.37.1.el9_4.x86_64  CompilerName: GCC  CompilerVersion: 8.4.0
ProgramName: mri_info  ProgramArguments: mri_info -all-info  ProgramVersion: 7.3.2  TimeStamp: 2026/03/08-23:46:20-GMT  BuildTime: Aug  4 2022 06:17:15  BuildStamp: freesurfer-linux-ubuntu22_x86_64-7.3.2-20220804-6354275  User: oesteban  Machine: dna063  Platform: Linux  PlatformVersion: 5.14.0-427.37.1.el9_4.x86_64  CompilerName: GCC  CompilerVersion: 8.4.0
ProgramName: mri_label2label  ProgramArguments: mri_label2label -all-info  ProgramVersion: 7.3.2  TimeStamp: 2026/03/08-23:46:20-GMT  BuildTime: Aug  4 2022 06:17:15  BuildStamp: freesurfer-linux-ubuntu22_x86_64-7.3.2-20220804-6354275  User: oesteban  Machine: dna063  Platform: Linux  PlatformVersion: 5.14.0-427.37.1.el9_4.x86_64  CompilerName: GCC  CompilerVersion: 8.4.0
ProgramName: mri_label2vol  ProgramArguments: mri_label2vol -all-info  ProgramVersion: 7.3.2  TimeStamp: 2026/03/08-23:46:20-GMT  BuildTime: Aug  4 2022 06:17:15  BuildStamp: freesurfer-linux-ubuntu22_x86_64-7.3.2-20220804-6354275  User: oesteban  Machine: dna063  Platform: Linux  PlatformVersion: 5.14.0-427.37.1.el9_4.x86_64  CompilerName: GCC  CompilerVersion: 8.4.0
ProgramName: mri_log_likelihood  ProgramArguments: mri_log_likelihood -all-info  ProgramVersion: 7.3.2  TimeStamp: 2026/03/08-23:46:20-GMT  BuildTime: Aug  4 2022 06:17:15  BuildStamp: freesurfer-linux-ubuntu22_x86_64-7.3.2-20220804-6354275  User: oesteban  Machine: dna063  Platform: Linux  PlatformVersion: 5.14.0-427.37.1.el9_4.x86_64  CompilerName: GCC  CompilerVersion: 8.4.0
ProgramName: mri_mask  ProgramArguments: mri_mask -all-info  ProgramVersion: 7.3.2  TimeStamp: 2026/03/08-23:46:20-GMT  BuildTime: Aug  4 2022 06:17:15  BuildStamp: freesurfer-linux-ubuntu22_x86_64-7.3.2-20220804-6354275  User: oesteban  Machine: dna063  Platform: Linux  PlatformVersion: 5.14.0-427.37.1.el9_4.x86_64  CompilerName: GCC  CompilerVersion: 8.4.0
ProgramName: mri_matrix_multiply  ProgramArguments: mri_matrix_multiply -all-info  ProgramVersion: 7.3.2  TimeStamp: 2026/03/08-23:46:20-GMT  BuildTime: Aug  4 2022 06:17:15  BuildStamp: freesurfer-linux-ubuntu22_x86_64-7.3.2-20220804-6354275  User: oesteban  Machine: dna063  Platform: Linux  PlatformVersion: 5.14.0-427.37.1.el9_4.x86_64  CompilerName: GCC  CompilerVersion: 8.4.0
ProgramName: mri_normalize  ProgramArguments: mri_normalize -all-info  ProgramVersion: 7.3.2  TimeStamp: 2026/03/08-23:46:20-GMT  BuildTime: Aug  4 2022 06:17:15  BuildStamp: freesurfer-linux-ubuntu22_x86_64-7.3.2-20220804-6354275  User: oesteban  Machine: dna063  Platform: Linux  PlatformVersion: 5.14.0-427.37.1.el9_4.x86_64  CompilerName: GCC  CompilerVersion: 8.4.0
ProgramName: mri_normalize_tp2  ProgramArguments: mri_normalize_tp2 -all-info  ProgramVersion: 7.3.2  TimeStamp: 2026/03/08-23:46:20-GMT  BuildTime: Aug  4 2022 06:17:15  BuildStamp: freesurfer-linux-ubuntu22_x86_64-7.3.2-20220804-6354275  User: oesteban  Machine: dna063  Platform: Linux  PlatformVersion: 5.14.0-427.37.1.el9_4.x86_64  CompilerName: GCC  CompilerVersion: 8.4.0
ProgramName: mri_or  ProgramArguments: mri_or -all-info  ProgramVersion: 7.3.2  TimeStamp: 2026/03/08-23:46:20-GMT  BuildTime: Aug  4 2022 06:17:15  BuildStamp: freesurfer-linux-ubuntu22_x86_64-7.3.2-20220804-6354275  User: oesteban  Machine: dna063  Platform: Linux  PlatformVersion: 5.14.0-427.37.1.el9_4.x86_64  CompilerName: GCC  CompilerVersion: 8.4.0
ProgramName: mri_relabel_hypointensities  ProgramArguments: mri_relabel_hypointensities -all-info  ProgramVersion: 7.3.2  TimeStamp: 2026/03/08-23:46:20-GMT  BuildTime: Aug  4 2022 06:17:15  BuildStamp: freesurfer-linux-ubuntu22_x86_64-7.3.2-20220804-6354275  User: oesteban  Machine: dna063  Platform: Linux  PlatformVersion: 5.14.0-427.37.1.el9_4.x86_64  CompilerName: GCC  CompilerVersion: 8.4.0
ProgramName: mri_relabel_nonwm_hypos  ProgramArguments: mri_relabel_nonwm_hypos -all-info  ProgramVersion: 7.3.2  TimeStamp: 2026/03/08-23:46:20-GMT  BuildTime: Aug  4 2022 06:17:15  BuildStamp: freesurfer-linux-ubuntu22_x86_64-7.3.2-20220804-6354275  User: oesteban  Machine: dna063  Platform: Linux  PlatformVersion: 5.14.0-427.37.1.el9_4.x86_64  CompilerName: GCC  CompilerVersion: 8.4.0
ProgramName: mri_remove_neck  ProgramArguments: mri_remove_neck -all-info  ProgramVersion: 7.3.2  TimeStamp: 2026/03/08-23:46:20-GMT  BuildTime: Aug  4 2022 06:17:15  BuildStamp: freesurfer-linux-ubuntu22_x86_64-7.3.2-20220804-6354275  User: oesteban  Machine: dna063  Platform: Linux  PlatformVersion: 5.14.0-427.37.1.el9_4.x86_64  CompilerName: GCC  CompilerVersion: 8.4.0
7.3.2

ProgramName: mri_robust_register  ProgramArguments: mri_robust_register -all-info  ProgramVersion: 7.3.2  TimeStamp: 2026/03/08-23:46:20-GMT  BuildTime: Aug  4 2022 06:17:15  BuildStamp: freesurfer-linux-ubuntu22_x86_64-7.3.2-20220804-6354275  User: oesteban  Machine: dna063  Platform: Linux  PlatformVersion: 5.14.0-427.37.1.el9_4.x86_64  CompilerName: GCC  CompilerVersion: 8.4.0
7.3.2

ProgramName: mri_robust_template  ProgramArguments: mri_robust_template -all-info  ProgramVersion: 7.3.2  TimeStamp: 2026/03/08-23:46:20-GMT  BuildTime: Aug  4 2022 06:17:15  BuildStamp: freesurfer-linux-ubuntu22_x86_64-7.3.2-20220804-6354275  User: oesteban  Machine: dna063  Platform: Linux  PlatformVersion: 5.14.0-427.37.1.el9_4.x86_64  CompilerName: GCC  CompilerVersion: 8.4.0
ProgramName: mris_anatomical_stats  ProgramArguments: mris_anatomical_stats -all-info  ProgramVersion: 7.3.2  TimeStamp: 2026/03/08-23:46:20-GMT  BuildTime: Aug  4 2022 06:17:15  BuildStamp: freesurfer-linux-ubuntu22_x86_64-7.3.2-20220804-6354275  User: oesteban  Machine: dna063  Platform: Linux  PlatformVersion: 5.14.0-427.37.1.el9_4.x86_64  CompilerName: GCC  CompilerVersion: 8.4.0
ProgramName: mris_ca_label  ProgramArguments: mris_ca_label -all-info  ProgramVersion: 7.3.2  TimeStamp: 2026/03/08-23:46:20-GMT  BuildTime: Aug  4 2022 06:17:15  BuildStamp: freesurfer-linux-ubuntu22_x86_64-7.3.2-20220804-6354275  User: oesteban  Machine: dna063  Platform: Linux  PlatformVersion: 5.14.0-427.37.1.el9_4.x86_64  CompilerName: GCC  CompilerVersion: 8.4.0
ProgramName: mris_calc  ProgramArguments: mris_calc -all-info  ProgramVersion: 7.3.2  TimeStamp: 2026/03/08-23:46:20-GMT  BuildTime: Aug  4 2022 06:17:15  BuildStamp: freesurfer-linux-ubuntu22_x86_64-7.3.2-20220804-6354275  User: oesteban  Machine: dna063  Platform: Linux  PlatformVersion: 5.14.0-427.37.1.el9_4.x86_64  CompilerName: GCC  CompilerVersion: 8.4.0
ProgramName: mris_convert  ProgramArguments: mris_convert -all-info  ProgramVersion: 7.3.2  TimeStamp: 2026/03/08-23:46:20-GMT  BuildTime: Aug  4 2022 06:17:15  BuildStamp: freesurfer-linux-ubuntu22_x86_64-7.3.2-20220804-6354275  User: oesteban  Machine: dna063  Platform: Linux  PlatformVersion: 5.14.0-427.37.1.el9_4.x86_64  CompilerName: GCC  CompilerVersion: 8.4.0
ProgramName: mris_curvature  ProgramArguments: mris_curvature -all-info  ProgramVersion: 7.3.2  TimeStamp: 2026/03/08-23:46:20-GMT  BuildTime: Aug  4 2022 06:17:15  BuildStamp: freesurfer-linux-ubuntu22_x86_64-7.3.2-20220804-6354275  User: oesteban  Machine: dna063  Platform: Linux  PlatformVersion: 5.14.0-427.37.1.el9_4.x86_64  CompilerName: GCC  CompilerVersion: 8.4.0
ProgramName: mris_curvature_stats  ProgramArguments: mris_curvature_stats -all-info  ProgramVersion: 7.3.2  TimeStamp: 2026/03/08-23:46:20-GMT  BuildTime: Aug  4 2022 06:17:15  BuildStamp: freesurfer-linux-ubuntu22_x86_64-7.3.2-20220804-6354275  User: oesteban  Machine: dna063  Platform: Linux  PlatformVersion: 5.14.0-427.37.1.el9_4.x86_64  CompilerName: GCC  CompilerVersion: 8.4.0
ProgramName: mris_diff  ProgramArguments: mris_diff -all-info  ProgramVersion: 7.3.2  TimeStamp: 2026/03/08-23:46:20-GMT  BuildTime: Aug  4 2022 06:17:15  BuildStamp: freesurfer-linux-ubuntu22_x86_64-7.3.2-20220804-6354275  User: oesteban  Machine: dna063  Platform: Linux  PlatformVersion: 5.14.0-427.37.1.el9_4.x86_64  CompilerName: GCC  CompilerVersion: 8.4.0
ProgramName: mris_divide_parcellation  ProgramArguments: mris_divide_parcellation -all-info  ProgramVersion: 7.3.2  TimeStamp: 2026/03/08-23:46:20-GMT  BuildTime: Aug  4 2022 06:17:15  BuildStamp: freesurfer-linux-ubuntu22_x86_64-7.3.2-20220804-6354275  User: oesteban  Machine: dna063  Platform: Linux  PlatformVersion: 5.14.0-427.37.1.el9_4.x86_64  CompilerName: GCC  CompilerVersion: 8.4.0
ProgramName: mri_segment  ProgramArguments: mri_segment -all-info  ProgramVersion: 7.3.2  TimeStamp: 2026/03/08-23:46:20-GMT  BuildTime: Aug  4 2022 06:17:15  BuildStamp: freesurfer-linux-ubuntu22_x86_64-7.3.2-20220804-6354275  User: oesteban  Machine: dna063  Platform: Linux  PlatformVersion: 5.14.0-427.37.1.el9_4.x86_64  CompilerName: GCC  CompilerVersion: 8.4.0
ProgramName: mri_segstats  ProgramArguments: mri_segstats -all-info  ProgramVersion: 7.3.2  TimeStamp: 2026/03/08-23:46:20-GMT  BuildTime: Aug  4 2022 06:17:15  BuildStamp: freesurfer-linux-ubuntu22_x86_64-7.3.2-20220804-6354275  User: oesteban  Machine: dna063  Platform: Linux  PlatformVersion: 5.14.0-427.37.1.el9_4.x86_64  CompilerName: GCC  CompilerVersion: 8.4.0
ProgramName: mris_euler_number  ProgramArguments: mris_euler_number -all-info  ProgramVersion: 7.3.2  TimeStamp: 2026/03/08-23:46:20-GMT  BuildTime: Aug  4 2022 06:17:15  BuildStamp: freesurfer-linux-ubuntu22_x86_64-7.3.2-20220804-6354275  User: oesteban  Machine: dna063  Platform: Linux  PlatformVersion: 5.14.0-427.37.1.el9_4.x86_64  CompilerName: GCC  CompilerVersion: 8.4.0
ProgramName: mris_fix_topology  ProgramArguments: mris_fix_topology -all-info  ProgramVersion: 7.3.2  TimeStamp: 2026/03/08-23:46:20-GMT  BuildTime: Aug  4 2022 06:17:15  BuildStamp: freesurfer-linux-ubuntu22_x86_64-7.3.2-20220804-6354275  User: oesteban  Machine: dna063  Platform: Linux  PlatformVersion: 5.14.0-427.37.1.el9_4.x86_64  CompilerName: GCC  CompilerVersion: 8.4.0
ProgramName: mris_topo_fixer  ProgramArguments: mris_topo_fixer -all-info  ProgramVersion: 7.3.2  TimeStamp: 2026/03/08-23:46:20-GMT  BuildTime: Aug  4 2022 06:17:15  BuildStamp: freesurfer-linux-ubuntu22_x86_64-7.3.2-20220804-6354275  User: oesteban  Machine: dna063  Platform: Linux  PlatformVersion: 5.14.0-427.37.1.el9_4.x86_64  CompilerName: GCC  CompilerVersion: 8.4.0
ProgramName: mris_jacobian  ProgramArguments: mris_jacobian -all-info  ProgramVersion: 7.3.2  TimeStamp: 2026/03/08-23:46:20-GMT  BuildTime: Aug  4 2022 06:17:15  BuildStamp: freesurfer-linux-ubuntu22_x86_64-7.3.2-20220804-6354275  User: oesteban  Machine: dna063  Platform: Linux  PlatformVersion: 5.14.0-427.37.1.el9_4.x86_64  CompilerName: GCC  CompilerVersion: 8.4.0
ProgramName: mris_label2annot  ProgramArguments: mris_label2annot -all-info  ProgramVersion: 7.3.2  TimeStamp: 2026/03/08-23:46:20-GMT  BuildTime: Aug  4 2022 06:17:15  BuildStamp: freesurfer-linux-ubuntu22_x86_64-7.3.2-20220804-6354275  User: oesteban  Machine: dna063  Platform: Linux  PlatformVersion: 5.14.0-427.37.1.el9_4.x86_64  CompilerName: GCC  CompilerVersion: 8.4.0
ProgramName: mris_left_right_register  ProgramArguments: mris_left_right_register -all-info  ProgramVersion: 7.3.2  TimeStamp: 2026/03/08-23:46:20-GMT  BuildTime: Aug  4 2022 06:17:15  BuildStamp: freesurfer-linux-ubuntu22_x86_64-7.3.2-20220804-6354275  User: oesteban  Machine: dna063  Platform: Linux  PlatformVersion: 5.14.0-427.37.1.el9_4.x86_64  CompilerName: GCC  CompilerVersion: 8.4.0
ProgramName: mris_place_surface  ProgramArguments: mris_place_surface -all-info  ProgramVersion: 7.3.2  TimeStamp: 2026/03/08-23:46:20-GMT  BuildTime: Aug  4 2022 06:17:15  BuildStamp: freesurfer-linux-ubuntu22_x86_64-7.3.2-20220804-6354275  User: oesteban  Machine: dna063  Platform: Linux  PlatformVersion: 5.14.0-427.37.1.el9_4.x86_64  CompilerName: GCC  CompilerVersion: 8.4.0
ProgramName: mrisp_paint  ProgramArguments: mrisp_paint -all-info  ProgramVersion: 7.3.2  TimeStamp: 2026/03/08-23:46:20-GMT  BuildTime: Aug  4 2022 06:17:15  BuildStamp: freesurfer-linux-ubuntu22_x86_64-7.3.2-20220804-6354275  User: oesteban  Machine: dna063  Platform: Linux  PlatformVersion: 5.14.0-427.37.1.el9_4.x86_64  CompilerName: GCC  CompilerVersion: 8.4.0
ProgramName: mris_register  ProgramArguments: mris_register -all-info  ProgramVersion: 7.3.2  TimeStamp: 2026/03/08-23:46:20-GMT  BuildTime: Aug  4 2022 06:17:15  BuildStamp: freesurfer-linux-ubuntu22_x86_64-7.3.2-20220804-6354275  User: oesteban  Machine: dna063  Platform: Linux  PlatformVersion: 5.14.0-427.37.1.el9_4.x86_64  CompilerName: GCC  CompilerVersion: 8.4.0
ProgramName: mris_smooth  ProgramArguments: mris_smooth -all-info  ProgramVersion: 7.3.2  TimeStamp: 2026/03/08-23:46:20-GMT  BuildTime: Aug  4 2022 06:17:15  BuildStamp: freesurfer-linux-ubuntu22_x86_64-7.3.2-20220804-6354275  User: oesteban  Machine: dna063  Platform: Linux  PlatformVersion: 5.14.0-427.37.1.el9_4.x86_64  CompilerName: GCC  CompilerVersion: 8.4.0
ProgramName: mris_sphere  ProgramArguments: mris_sphere -all-info  ProgramVersion: 7.3.2  TimeStamp: 2026/03/08-23:46:20-GMT  BuildTime: Aug  4 2022 06:17:15  BuildStamp: freesurfer-linux-ubuntu22_x86_64-7.3.2-20220804-6354275  User: oesteban  Machine: dna063  Platform: Linux  PlatformVersion: 5.14.0-427.37.1.el9_4.x86_64  CompilerName: GCC  CompilerVersion: 8.4.0
ProgramName: mris_surface_stats  ProgramArguments: mris_surface_stats -all-info  ProgramVersion: 7.3.2  TimeStamp: 2026/03/08-23:46:20-GMT  BuildTime: Aug  4 2022 06:17:15  BuildStamp: freesurfer-linux-ubuntu22_x86_64-7.3.2-20220804-6354275  User: oesteban  Machine: dna063  Platform: Linux  PlatformVersion: 5.14.0-427.37.1.el9_4.x86_64  CompilerName: GCC  CompilerVersion: 8.4.0
ProgramName: mri_stats2seg  ProgramArguments: mri_stats2seg -all-info  ProgramVersion: 7.3.2  TimeStamp: 2026/03/08-23:46:20-GMT  BuildTime: Aug  4 2022 06:17:15  BuildStamp: freesurfer-linux-ubuntu22_x86_64-7.3.2-20220804-6354275  User: oesteban  Machine: dna063  Platform: Linux  PlatformVersion: 5.14.0-427.37.1.el9_4.x86_64  CompilerName: GCC  CompilerVersion: 8.4.0
ProgramName: mris_thickness  ProgramArguments: mris_thickness -all-info  ProgramVersion: 7.3.2  TimeStamp: 2026/03/08-23:46:20-GMT  BuildTime: Aug  4 2022 06:17:15  BuildStamp: freesurfer-linux-ubuntu22_x86_64-7.3.2-20220804-6354275  User: oesteban  Machine: dna063  Platform: Linux  PlatformVersion: 5.14.0-427.37.1.el9_4.x86_64  CompilerName: GCC  CompilerVersion: 8.4.0
ProgramName: mris_thickness_diff  ProgramArguments: mris_thickness_diff -all-info  ProgramVersion: 7.3.2  TimeStamp: 2026/03/08-23:46:20-GMT  BuildTime: Aug  4 2022 06:17:15  BuildStamp: freesurfer-linux-ubuntu22_x86_64-7.3.2-20220804-6354275  User: oesteban  Machine: dna063  Platform: Linux  PlatformVersion: 5.14.0-427.37.1.el9_4.x86_64  CompilerName: GCC  CompilerVersion: 8.4.0
ProgramName: mris_topo_fixer  ProgramArguments: mris_topo_fixer -all-info  ProgramVersion: 7.3.2  TimeStamp: 2026/03/08-23:46:20-GMT  BuildTime: Aug  4 2022 06:17:15  BuildStamp: freesurfer-linux-ubuntu22_x86_64-7.3.2-20220804-6354275  User: oesteban  Machine: dna063  Platform: Linux  PlatformVersion: 5.14.0-427.37.1.el9_4.x86_64  CompilerName: GCC  CompilerVersion: 8.4.0
ProgramName: mri_surf2surf  ProgramArguments: mri_surf2surf -all-info  ProgramVersion: 7.3.2  TimeStamp: 2026/03/08-23:46:20-GMT  BuildTime: Aug  4 2022 06:17:15  BuildStamp: freesurfer-linux-ubuntu22_x86_64-7.3.2-20220804-6354275  User: oesteban  Machine: dna063  Platform: Linux  PlatformVersion: 5.14.0-427.37.1.el9_4.x86_64  CompilerName: GCC  CompilerVersion: 8.4.0
ProgramName: mri_surf2vol  ProgramArguments: mri_surf2vol -all-info  ProgramVersion: 7.3.2  TimeStamp: 2026/03/08-23:46:20-GMT  BuildTime: Aug  4 2022 06:17:15  BuildStamp: freesurfer-linux-ubuntu22_x86_64-7.3.2-20220804-6354275  User: oesteban  Machine: dna063  Platform: Linux  PlatformVersion: 5.14.0-427.37.1.el9_4.x86_64  CompilerName: GCC  CompilerVersion: 8.4.0
ProgramName: mri_surfcluster  ProgramArguments: mri_surfcluster -all-info  ProgramVersion: 7.3.2  TimeStamp: 2026/03/08-23:46:20-GMT  BuildTime: Aug  4 2022 06:17:15  BuildStamp: freesurfer-linux-ubuntu22_x86_64-7.3.2-20220804-6354275  User: oesteban  Machine: dna063  Platform: Linux  PlatformVersion: 5.14.0-427.37.1.el9_4.x86_64  CompilerName: GCC  CompilerVersion: 8.4.0
ProgramName: mris_volmask  ProgramArguments: mris_volmask -all-info  ProgramVersion: 7.3.2  TimeStamp: 2026/03/08-23:46:20-GMT  BuildTime: Aug  4 2022 06:17:15  BuildStamp: freesurfer-linux-ubuntu22_x86_64-7.3.2-20220804-6354275  User: oesteban  Machine: dna063  Platform: Linux  PlatformVersion: 5.14.0-427.37.1.el9_4.x86_64  CompilerName: GCC  CompilerVersion: 8.4.0
ProgramName: mri_tessellate  ProgramArguments: mri_tessellate -all-info  ProgramVersion: 7.3.2  TimeStamp: 2026/03/08-23:46:20-GMT  BuildTime: Aug  4 2022 06:17:15  BuildStamp: freesurfer-linux-ubuntu22_x86_64-7.3.2-20220804-6354275  User: oesteban  Machine: dna063  Platform: Linux  PlatformVersion: 5.14.0-427.37.1.el9_4.x86_64  CompilerName: GCC  CompilerVersion: 8.4.0
ProgramName: mri_vol2surf  ProgramArguments: mri_vol2surf -all-info  ProgramVersion: 7.3.2  TimeStamp: 2026/03/08-23:46:20-GMT  BuildTime: Aug  4 2022 06:17:15  BuildStamp: freesurfer-linux-ubuntu22_x86_64-7.3.2-20220804-6354275  User: oesteban  Machine: dna063  Platform: Linux  PlatformVersion: 5.14.0-427.37.1.el9_4.x86_64  CompilerName: GCC  CompilerVersion: 8.4.0
ProgramName: mri_vol2vol  ProgramArguments: mri_vol2vol -all-info  ProgramVersion: 7.3.2  TimeStamp: 2026/03/08-23:46:20-GMT  BuildTime: Aug  4 2022 06:17:15  BuildStamp: freesurfer-linux-ubuntu22_x86_64-7.3.2-20220804-6354275  User: oesteban  Machine: dna063  Platform: Linux  PlatformVersion: 5.14.0-427.37.1.el9_4.x86_64  CompilerName: GCC  CompilerVersion: 8.4.0
ProgramName: mri_voldiff  ProgramArguments: mri_voldiff -all-info  ProgramVersion: 7.3.2  TimeStamp: 2026/03/08-23:46:20-GMT  BuildTime: Aug  4 2022 06:17:15  BuildStamp: freesurfer-linux-ubuntu22_x86_64-7.3.2-20220804-6354275  User: oesteban  Machine: dna063  Platform: Linux  PlatformVersion: 5.14.0-427.37.1.el9_4.x86_64  CompilerName: GCC  CompilerVersion: 8.4.0
ProgramName: mri_watershed  ProgramArguments: mri_watershed -all-info  ProgramVersion: 7.3.2  TimeStamp: 2026/03/08-23:46:20-GMT  BuildTime: Aug  4 2022 06:17:15  BuildStamp: freesurfer-linux-ubuntu22_x86_64-7.3.2-20220804-6354275  User: oesteban  Machine: dna063  Platform: Linux  PlatformVersion: 5.14.0-427.37.1.el9_4.x86_64  CompilerName: GCC  CompilerVersion: 8.4.0
ProgramName: tkregister2  ProgramArguments: tkregister2_cmdl -all-info  ProgramVersion: 7.3.2  TimeStamp: 2026/03/08-23:46:20-GMT  BuildTime: Aug  4 2022 06:17:15  BuildStamp: freesurfer-linux-ubuntu22_x86_64-7.3.2-20220804-6354275  User: oesteban  Machine: dna063  Platform: Linux  PlatformVersion: 5.14.0-427.37.1.el9_4.x86_64  CompilerName: GCC  CompilerVersion: 8.4.0
mri_motion_correct.fsl 7.3.2
mri_convert -all-info 
ProgramName: mri_convert  ProgramArguments: mri_convert -all-info  ProgramVersion: 7.3.2  TimeStamp: 2026/03/08-23:46:20-GMT  BuildTime: Aug  4 2022 06:17:15  BuildStamp: freesurfer-linux-ubuntu22_x86_64-7.3.2-20220804-6354275  User: oesteban  Machine: dna063  Platform: Linux  PlatformVersion: 5.14.0-427.37.1.el9_4.x86_64  CompilerName: GCC  CompilerVersion: 8.4.0
Program nu_correct, built from:
Package MNI N3, version 1.12.0, compiled by nicks@terrier (x86_64-unknown-linux-gnu) on 2015-06-19 at 01:25:34
#######################################
GCADIR /opt/freesurfer/average
GCA RB_all_2020-01-02.gca
GCASkull RB_all_withskull_2020_01_02.gca
AvgCurvTif folding.atlas.acfb40.noaparc.i12.2016-08-02.tif
GCSDIR /opt/freesurfer/average
GCS DKaparc.atlas.acfb40.noaparc.i12.2016-08-02.gcs
#######################################
/out/sourcedata/freesurfer/sub-v1s16x0051199_ses-1

 mri_convert /work/fmriprep_25_2_wf/sub_v1s16x0051199_ses_1_wf/anat_fit_wf/anat_validate/sub-v1s16x0051199_ses-1_T1w_noise_corrected_ras_valid.nii.gz /out/sourcedata/freesurfer/sub-v1s16x0051199_ses-1/mri/orig/001.mgz 

mri_convert /work/fmriprep_25_2_wf/sub_v1s16x0051199_ses_1_wf/anat_fit_wf/anat_validate/sub-v1s16x0051199_ses-1_T1w_noise_corrected_ras_valid.nii.gz /out/sourcedata/freesurfer/sub-v1s16x0051199_ses-1/mri/orig/001.mgz 
reading from /work/fmriprep_25_2_wf/sub_v1s16x0051199_ses_1_wf/anat_fit_wf/anat_validate/sub-v1s16x0051199_ses-1_T1w_noise_corrected_ras_valid.nii.gz...
TR=0.00, TE=0.00, TI=0.00, flip angle=0.00
i_ras = (1, 0, 0)
j_ras = (0, 1, 0)
k_ras = (0, 0, 1)
writing to /out/sourcedata/freesurfer/sub-v1s16x0051199_ses-1/mri/orig/001.mgz...
#--------------------------------------------
#@# MotionCor Mon Mar  9 00:46:22 CET 2026
Found 1 runs
/out/sourcedata/freesurfer/sub-v1s16x0051199_ses-1/mri/orig/001.mgz
Checking for (invalid) multi-frame inputs...
Only one run found so motion
correction will not be performed. I'll
copy the run to rawavg and continue.

 cp /out/sourcedata/freesurfer/sub-v1s16x0051199_ses-1/mri/orig/001.mgz /out/sourcedata/freesurfer/sub-v1s16x0051199_ses-1/mri/rawavg.mgz 


 mri_info /out/sourcedata/freesurfer/sub-v1s16x0051199_ses-1/mri/rawavg.mgz 

rawavg.mgz ========================================
Volume information for /out/sourcedata/freesurfer/sub-v1s16x0051199_ses-1/mri/rawavg.mgz
          type: MGH
    dimensions: 256 x 132 x 256
   voxel sizes: 0.859400, 1.499997, 0.859400
          type: FLOAT (3)
           fov: 220.006
           dof: 1
        xstart: -110.0, xend: 110.0
        ystart: -99.0, yend: 99.0
        zstart: -110.0, zend: 110.0
            TR: 0.00 msec, TE: 0.00 msec, TI: 0.00 msec, flip angle: 0.00 degrees
       nframes: 1
       PhEncDir: UNKNOWN
       FieldStrength: 0.000000
ras xform present
    xform info: x_r =   1.0000, y_r =   0.0000, z_r =   0.0000, c_r =    -1.3318
              : x_a =   0.0000, y_a =   1.0000, z_a =   0.0000, c_a =    14.2632
              : x_s =   0.0000, y_s =   0.0000, z_s =   1.0000, c_s =     1.0192

talairach xfm : 
Orientation   : RAS
Primary Slice Direction: axial

voxel to ras transform:
                0.8594   0.0000   0.0000  -111.3350
                0.0000   1.5000   0.0000   -84.7366
                0.0000   0.0000   0.8594  -108.9840
                0.0000   0.0000   0.0000     1.0000

voxel-to-ras determinant 1.10785

ras to voxel transform:
                1.1636   0.0000   0.0000   129.5497
                0.0000   0.6667   0.0000    56.4912
                0.0000   0.0000   1.1636   126.8141
                0.0000   0.0000   0.0000     1.0000
/out/sourcedata/freesurfer/sub-v1s16x0051199_ses-1

 mri_convert /out/sourcedata/freesurfer/sub-v1s16x0051199_ses-1/mri/rawavg.mgz /out/sourcedata/freesurfer/sub-v1s16x0051199_ses-1/mri/orig.mgz --conform 

mri_convert /out/sourcedata/freesurfer/sub-v1s16x0051199_ses-1/mri/rawavg.mgz /out/sourcedata/freesurfer/sub-v1s16x0051199_ses-1/mri/orig.mgz --conform 
reading from /out/sourcedata/freesurfer/sub-v1s16x0051199_ses-1/mri/rawavg.mgz...
TR=0.00, TE=0.00, TI=0.00, flip angle=0.00
i_ras = (1, 0, 0)
j_ras = (0, 1, 0)
k_ras = (0, 0, 1)
changing data type from float to uchar (noscale = 0)...
MRIchangeType: Building histogram -0.00640869 29349.9 1000, flo=0, fhi=0.999, dest_type=0
Reslicing using trilinear interpolation 
writing to /out/sourcedata/freesurfer/sub-v1s16x0051199_ses-1/mri/orig.mgz...

 mri_add_xform_to_header -c /out/sourcedata/freesurfer/sub-v1s16x0051199_ses-1/mri/transforms/talairach.xfm /out/sourcedata/freesurfer/sub-v1s16x0051199_ses-1/mri/orig.mgz /out/sourcedata/freesurfer/sub-v1s16x0051199_ses-1/mri/orig.mgz 

INFO: extension is mgz

 mri_info /out/sourcedata/freesurfer/sub-v1s16x0051199_ses-1/mri/orig.mgz 

orig.mgz ========================================
Volume information for /out/sourcedata/freesurfer/sub-v1s16x0051199_ses-1/mri/orig.mgz
          type: MGH
    dimensions: 256 x 256 x 256
   voxel sizes: 1.000000, 1.000000, 1.000000
          type: UCHAR (0)
           fov: 256.000
           dof: 1
        xstart: -128.0, xend: 128.0
        ystart: -128.0, yend: 128.0
        zstart: -128.0, zend: 128.0
            TR: 0.00 msec, TE: 0.00 msec, TI: 0.00 msec, flip angle: 0.00 degrees
       nframes: 1
       PhEncDir: UNKNOWN
       FieldStrength: 0.000000
ras xform present
    xform info: x_r =  -1.0000, y_r =   0.0000, z_r =   0.0000, c_r =    -1.3318
              : x_a =   0.0000, y_a =   0.0000, z_a =   1.0000, c_a =    14.2632
              : x_s =   0.0000, y_s =  -1.0000, z_s =   0.0000, c_s =     1.0192

talairach xfm : /out/sourcedata/freesurfer/sub-v1s16x0051199_ses-1/mri/transforms/talairach.xfm
Orientation   : LIA
Primary Slice Direction: coronal

voxel to ras transform:
               -1.0000   0.0000   0.0000   126.6682
                0.0000   0.0000   1.0000  -113.7368
                0.0000  -1.0000   0.0000   129.0192
                0.0000   0.0000   0.0000     1.0000

voxel-to-ras determinant -1

ras to voxel transform:
               -1.0000  -0.0000  -0.0000   126.6682
               -0.0000  -0.0000  -1.0000   129.0192
               -0.0000   1.0000  -0.0000   113.7368
               -0.0000  -0.0000  -0.0000     1.0000
#--------------------------------------------
#@# Talairach Mon Mar  9 00:46:30 CET 2026
/out/sourcedata/freesurfer/sub-v1s16x0051199_ses-1/mri

 mri_nu_correct.mni --no-rescale --i orig.mgz --o orig_nu.mgz --ants-n4 --n 1 --proto-iters 1000 --distance 50 

/usr/bin/bc
/out/sourcedata/freesurfer/sub-v1s16x0051199_ses-1/mri
/opt/freesurfer/bin/mri_nu_correct.mni
--no-rescale --i orig.mgz --o orig_nu.mgz --ants-n4 --n 1 --proto-iters 1000 --distance 50
nIters 1
mri_nu_correct.mni 7.3.2
Linux dna063 5.14.0-427.37.1.el9_4.x86_64 #1 SMP PREEMPT_DYNAMIC Fri Sep 13 12:41:50 EDT 2024 x86_64 x86_64 x86_64 GNU/Linux
Mon Mar  9 00:46:30 CET 2026
tmpdir is ./tmp.mri_nu_correct.mni.4140684
cd /out/sourcedata/freesurfer/sub-v1s16x0051199_ses-1/mri
AntsN4BiasFieldCorrectionFs -i orig.mgz -o ./tmp.mri_nu_correct.mni.4140684/nu0.mgz --dtype uchar
AntsN4BiasFieldCorrectionFs done
mri_convert ./tmp.mri_nu_correct.mni.4140684/nu0.mgz orig_nu.mgz --like orig.mgz --conform
mri_convert ./tmp.mri_nu_correct.mni.4140684/nu0.mgz orig_nu.mgz --like orig.mgz --conform 
reading from ./tmp.mri_nu_correct.mni.4140684/nu0.mgz...
TR=0.00, TE=0.00, TI=0.00, flip angle=0.00
i_ras = (-1, 0, 0)
j_ras = (0, 0, -1)
k_ras = (0, 1, 0)
INFO: transform src into the like-volume: orig.mgz
writing to orig_nu.mgz...
 
 
Mon Mar  9 00:49:25 CET 2026
mri_nu_correct.mni done

 talairach_avi --i orig_nu.mgz --xfm transforms/talairach.auto.xfm 

talairach_avi log file is transforms/talairach_avi.log...
mv -f /out/sourcedata/freesurfer/sub-v1s16x0051199_ses-1/mri/talsrcimg_to_711-2C_as_mni_average_305_t4_vox2vox.txt /out/sourcedata/freesurfer/sub-v1s16x0051199_ses-1/mri/transforms/talsrcimg_to_711-2C_as_mni_average_305_t4_vox2vox.txt
Started at Mon Mar 9 00:49:25 CET 2026
Ended   at Mon Mar  9 00:50:51 CET 2026
talairach_avi done

 cp transforms/talairach.auto.xfm transforms/talairach.xfm 

lta_convert --src orig.mgz --trg /opt/freesurfer/average/mni305.cor.mgz --inxfm transforms/talairach.xfm --outlta transforms/talairach.xfm.lta --subject fsaverage --ltavox2vox
7.3.2

--src: orig.mgz src image (geometry).
--trg: /opt/freesurfer/average/mni305.cor.mgz trg image (geometry).
--inmni: transforms/talairach.xfm input MNI/XFM transform.
--outlta: transforms/talairach.xfm.lta output LTA.
--s: fsaverage subject name
--ltavox2vox: output LTA as VOX_TO_VOX transform.
 LTA read, type : 1
 1.11775  -0.00901  -0.04668  -0.30585;
-0.00393   1.07998   0.00974  -30.21098;
 0.06034   0.06824   1.16095  -15.05162;
 0.00000   0.00000   0.00000   1.00000;
setting subject to fsaverage
Writing  LTA to file transforms/talairach.xfm.lta...
lta_convert successful.
#--------------------------------------------
#@# Talairach Failure Detection Mon Mar  9 00:50:53 CET 2026
/out/sourcedata/freesurfer/sub-v1s16x0051199_ses-1/mri

 talairach_afd -T 0.005 -xfm transforms/talairach.xfm 

talairach_afd: Talairach Transform: transforms/talairach.xfm OK (p=0.6831, pval=0.4932 >= threshold=0.0050)

 awk -f /opt/freesurfer/bin/extract_talairach_avi_QA.awk /out/sourcedata/freesurfer/sub-v1s16x0051199_ses-1/mri/transforms/talairach_avi.log 


 tal_QC_AZS /out/sourcedata/freesurfer/sub-v1s16x0051199_ses-1/mri/transforms/talairach_avi.log 

TalAviQA: 0.97134
z-score: -1
#--------------------------------------------
#@# Nu Intensity Correction Mon Mar  9 00:50:53 CET 2026

 mri_nu_correct.mni --i orig.mgz --o nu.mgz --uchar transforms/talairach.xfm --n 2 --ants-n4 

/usr/bin/bc
/out/sourcedata/freesurfer/sub-v1s16x0051199_ses-1/mri
/opt/freesurfer/bin/mri_nu_correct.mni
--i orig.mgz --o nu.mgz --uchar transforms/talairach.xfm --n 2 --ants-n4
nIters 2
mri_nu_correct.mni 7.3.2
Linux dna063 5.14.0-427.37.1.el9_4.x86_64 #1 SMP PREEMPT_DYNAMIC Fri Sep 13 12:41:50 EDT 2024 x86_64 x86_64 x86_64 GNU/Linux
Mon Mar  9 00:50:54 CET 2026
tmpdir is ./tmp.mri_nu_correct.mni.4141596
cd /out/sourcedata/freesurfer/sub-v1s16x0051199_ses-1/mri
AntsN4BiasFieldCorrectionFs -i orig.mgz -o ./tmp.mri_nu_correct.mni.4141596/nu0.mgz --dtype uchar
AntsN4BiasFieldCorrectionFs done
mri_binarize --i ./tmp.mri_nu_correct.mni.4141596/nu0.mgz --min -1 --o ./tmp.mri_nu_correct.mni.4141596/ones.mgz

7.3.2
cwd /out/sourcedata/freesurfer/sub-v1s16x0051199_ses-1/mri
cmdline mri_binarize --i ./tmp.mri_nu_correct.mni.4141596/nu0.mgz --min -1 --o ./tmp.mri_nu_correct.mni.4141596/ones.mgz 
sysname  Linux
hostname dna063
machine  x86_64
user     oesteban

input      ./tmp.mri_nu_correct.mni.4141596/nu0.mgz
frame      0
nErode3d   0
nErode2d   0
output     ./tmp.mri_nu_correct.mni.4141596/ones.mgz
Binarizing based on threshold
min        -1
max        +infinity
binval        1
binvalnot     0
fstart = 0, fend = 0, nframes = 1
Starting parallel 1
Found 16777216 values in range
Counting number of voxels in first frame
Found 16777215 voxels in final mask
Writing output to ./tmp.mri_nu_correct.mni.4141596/ones.mgz
Count: 16777215 16777215.000000 16777216 99.999994
mri_binarize done
mri_segstats --id 1 --seg ./tmp.mri_nu_correct.mni.4141596/ones.mgz --i orig.mgz --sum ./tmp.mri_nu_correct.mni.4141596/sum.junk --avgwf ./tmp.mri_nu_correct.mni.4141596/input.mean.dat

7.3.2
cwd 
cmdline mri_segstats --id 1 --seg ./tmp.mri_nu_correct.mni.4141596/ones.mgz --i orig.mgz --sum ./tmp.mri_nu_correct.mni.4141596/sum.junk --avgwf ./tmp.mri_nu_correct.mni.4141596/input.mean.dat 
sysname  Linux
hostname dna063
machine  x86_64
user     oesteban
whitesurfname  white
UseRobust  0
Loading ./tmp.mri_nu_correct.mni.4141596/ones.mgz
Loading orig.mgz
Voxel Volume is 1 mm^3
Generating list of segmentation ids
Found   1 segmentations
Computing statistics for each segmentation

Reporting on   1 segmentations
Using PrintSegStat
Computing spatial average of each frame

Writing to ./tmp.mri_nu_correct.mni.4141596/input.mean.dat
mri_segstats done
mri_segstats --id 1 --seg ./tmp.mri_nu_correct.mni.4141596/ones.mgz --i ./tmp.mri_nu_correct.mni.4141596/nu0.mgz --sum ./tmp.mri_nu_correct.mni.4141596/sum.junk --avgwf ./tmp.mri_nu_correct.mni.4141596/output.mean.dat

7.3.2
cwd 
cmdline mri_segstats --id 1 --seg ./tmp.mri_nu_correct.mni.4141596/ones.mgz --i ./tmp.mri_nu_correct.mni.4141596/nu0.mgz --sum ./tmp.mri_nu_correct.mni.4141596/sum.junk --avgwf ./tmp.mri_nu_correct.mni.4141596/output.mean.dat 
sysname  Linux
hostname dna063
machine  x86_64
user     oesteban
whitesurfname  white
UseRobust  0
Loading ./tmp.mri_nu_correct.mni.4141596/ones.mgz
Loading ./tmp.mri_nu_correct.mni.4141596/nu0.mgz
Voxel Volume is 1 mm^3
Generating list of segmentation ids
Found   1 segmentations
Computing statistics for each segmentation

Reporting on   1 segmentations
Using PrintSegStat
Computing spatial average of each frame

Writing to ./tmp.mri_nu_correct.mni.4141596/output.mean.dat
mri_segstats done
mris_calc -o ./tmp.mri_nu_correct.mni.4141596/nu0.mgz ./tmp.mri_nu_correct.mni.4141596/nu0.mgz mul 1.28301691003292283729
Saving result to './tmp.mri_nu_correct.mni.4141596/nu0.mgz' (type = MGH )                       [ ok ]
mri_convert ./tmp.mri_nu_correct.mni.4141596/nu0.mgz nu.mgz --like orig.mgz
mri_convert ./tmp.mri_nu_correct.mni.4141596/nu0.mgz nu.mgz --like orig.mgz 
reading from ./tmp.mri_nu_correct.mni.4141596/nu0.mgz...
TR=0.00, TE=0.00, TI=0.00, flip angle=0.00
i_ras = (-1, 0, 0)
j_ras = (0, 0, -1)
k_ras = (0, 1, 0)
INFO: transform src into the like-volume: orig.mgz
writing to nu.mgz...
mri_make_uchar nu.mgz transforms/talairach.xfm nu.mgz
type change took 0 minutes and 6 seconds.
FIRST_PERCENTILE 0.010000
WM_PERCENTILE    0.900000
MAX_R 50.000000
i1 = 5, i2 = 47
#mri_make_uchar# mapping 12 117 to  3 110  :  b -10.2417 m 1.02957 : thresh 9.94749 maxsat 257.623 : nzero 13639249 nsat 1467
 
 
Mon Mar  9 00:54:07 CET 2026
mri_nu_correct.mni done

 mri_add_xform_to_header -c /out/sourcedata/freesurfer/sub-v1s16x0051199_ses-1/mri/transforms/talairach.xfm nu.mgz nu.mgz 

INFO: extension is mgz
#--------------------------------------------
#@# Intensity Normalization Mon Mar  9 00:54:07 CET 2026
/out/sourcedata/freesurfer/sub-v1s16x0051199_ses-1/mri

 mri_normalize -g 1 -seed 1234 -mprage nu.mgz T1.mgz 

using max gradient = 1.000
setting seed for random number genererator to 1234
assuming input volume is MGH (Van der Kouwe) MP-RAGE
reading mri_src from nu.mgz...
normalizing image...
NOT doing gentle normalization with control points/label
talairach transform
 1.11775  -0.00901  -0.04668  -0.30585;
-0.00393   1.07998   0.00974  -30.21098;
 0.06034   0.06824   1.16095  -15.05162;
 0.00000   0.00000   0.00000   1.00000;
processing without aseg, no1d=0
MRInormInit(): 
INFO: Modifying talairach volume c_(r,a,s) based on average_305
MRInormalize(): 
MRIsplineNormalize(): npeaks = 4
Starting OpenSpline(): npoints = 4
building Voronoi diagram...
performing soap bubble smoothing, sigma = 8...

Iterating 2 times
---------------------------------
3d normalization pass 1 of 2
white matter peak found at 110
white matter peak found at 109
gm peak at 55 (55), valley at 38 (38)
csf peak at 28, setting threshold to 46
building Voronoi diagram...
performing soap bubble smoothing, sigma = 8...
---------------------------------
3d normalization pass 2 of 2
white matter peak found at 110
white matter peak found at 110
gm peak at 54 (54), valley at 40 (40)
csf peak at 27, setting threshold to 45
building Voronoi diagram...
performing soap bubble smoothing, sigma = 8...
Done iterating ---------------------------------
writing output to T1.mgz
3D bias adjustment took 1 minutes and 26 seconds.

Started at Mon Mar 9 00:46:20 CET 2026 
Ended   at Mon Mar 9 00:55:34 CET 2026
#@#%# recon-all-run-time-hours 0.154
recon-all -s sub-v1s16x0051199_ses-1 finished without error at Mon Mar  9 00:55:34 CET 2026



#New# invocation of recon-all 




Mon Mar  9 01:02:03 CET 2026
cd /out/sourcedata/freesurfer/sub-v1s16x0051199_ses-1
setenv SUBJECTS_DIR /out/sourcedata/freesurfer
/opt/freesurfer/bin/recon-all -openmp 16 -subjid sub-v1s16x0051199_ses-1 -sd /out/sourcedata/freesurfer -gcareg

subjid sub-v1s16x0051199_ses-1
setenv SUBJECTS_DIR /out/sourcedata/freesurfer
FREESURFER_HOME /opt/freesurfer
Actual FREESURFER_HOME /opt/freesurfer
build-stamp.txt: freesurfer-linux-ubuntu22_x86_64-7.3.2-20220804-6354275
Linux dna063 5.14.0-427.37.1.el9_4.x86_64 #1 SMP PREEMPT_DYNAMIC Fri Sep 13 12:41:50 EDT 2024 x86_64 x86_64 x86_64 GNU/Linux
cputime      unlimited
filesize     unlimited
datasize     unlimited
stacksize    8192 kbytes
coredumpsize 0 kbytes
memoryuse    67108864 kbytes
vmemoryuse   unlimited
descriptors  1024 
memorylocked unlimited
maxproc      2061970 
maxlocks     unlimited
maxsignal    2061970 
maxmessage   819200 
maxnice      0 
maxrtprio    0 
maxrttime    unlimited

               total        used        free      shared  buff/cache   available
Mem:           503Gi        51Gi       331Gi        10Gi       120Gi       438Gi
Swap:             0B          0B          0B

########################################
program versions used
7.3.2 (freesurfer-linux-ubuntu22_x86_64-7.3.2-20220804-6354275)
7.3.2

ProgramName: lta_convert  ProgramArguments: lta_convert -all-info  ProgramVersion: 7.3.2  TimeStamp: 2026/03/09-00:02:03-GMT  BuildTime: Aug  4 2022 06:17:15  BuildStamp: freesurfer-linux-ubuntu22_x86_64-7.3.2-20220804-6354275  User: oesteban  Machine: dna063  Platform: Linux  PlatformVersion: 5.14.0-427.37.1.el9_4.x86_64  CompilerName: GCC  CompilerVersion: 8.4.0
ProgramName: mri_and  ProgramArguments: mri_and -all-info  ProgramVersion: 7.3.2  TimeStamp: 2026/03/09-00:02:03-GMT  BuildTime: Aug  4 2022 06:17:15  BuildStamp: freesurfer-linux-ubuntu22_x86_64-7.3.2-20220804-6354275  User: oesteban  Machine: dna063  Platform: Linux  PlatformVersion: 5.14.0-427.37.1.el9_4.x86_64  CompilerName: GCC  CompilerVersion: 8.4.0
ProgramName: mri_annotation2label  ProgramArguments: mri_annotation2label -all-info  ProgramVersion: 7.3.2  TimeStamp: 2026/03/09-00:02:03-GMT  BuildTime: Aug  4 2022 06:17:15  BuildStamp: freesurfer-linux-ubuntu22_x86_64-7.3.2-20220804-6354275  User: oesteban  Machine: dna063  Platform: Linux  PlatformVersion: 5.14.0-427.37.1.el9_4.x86_64  CompilerName: GCC  CompilerVersion: 8.4.0
ProgramName: mri_aparc2aseg  ProgramArguments: mri_aparc2aseg -all-info  ProgramVersion: 7.3.2  TimeStamp: 2026/03/09-00:02:03-GMT  BuildTime: Aug  4 2022 06:17:15  BuildStamp: freesurfer-linux-ubuntu22_x86_64-7.3.2-20220804-6354275  User: oesteban  Machine: dna063  Platform: Linux  PlatformVersion: 5.14.0-427.37.1.el9_4.x86_64  CompilerName: GCC  CompilerVersion: 8.4.0
ProgramName: mri_surf2volseg  ProgramArguments: mri_surf2volseg -all-info  ProgramVersion: 7.3.2  TimeStamp: 2026/03/09-00:02:03-GMT  BuildTime: Aug  4 2022 06:17:15  BuildStamp: freesurfer-linux-ubuntu22_x86_64-7.3.2-20220804-6354275  User: oesteban  Machine: dna063  Platform: Linux  PlatformVersion: 5.14.0-427.37.1.el9_4.x86_64  CompilerName: GCC  CompilerVersion: 8.4.0
ProgramName: mri_binarize  ProgramArguments: mri_binarize -all-info  ProgramVersion: 7.3.2  TimeStamp: 2026/03/09-00:02:03-GMT  BuildTime: Aug  4 2022 06:17:15  BuildStamp: freesurfer-linux-ubuntu22_x86_64-7.3.2-20220804-6354275  User: oesteban  Machine: dna063  Platform: Linux  PlatformVersion: 5.14.0-427.37.1.el9_4.x86_64  CompilerName: GCC  CompilerVersion: 8.4.0
ProgramName: mri_ca_label  ProgramArguments: mri_ca_label -all-info  ProgramVersion: 7.3.2  TimeStamp: 2026/03/09-00:02:03-GMT  BuildTime: Aug  4 2022 06:17:15  BuildStamp: freesurfer-linux-ubuntu22_x86_64-7.3.2-20220804-6354275  User: oesteban  Machine: dna063  Platform: Linux  PlatformVersion: 5.14.0-427.37.1.el9_4.x86_64  CompilerName: GCC  CompilerVersion: 8.4.0
ProgramName: mri_ca_normalize  ProgramArguments: mri_ca_normalize -all-info  ProgramVersion: 7.3.2  TimeStamp: 2026/03/09-00:02:03-GMT  BuildTime: Aug  4 2022 06:17:15  BuildStamp: freesurfer-linux-ubuntu22_x86_64-7.3.2-20220804-6354275  User: oesteban  Machine: dna063  Platform: Linux  PlatformVersion: 5.14.0-427.37.1.el9_4.x86_64  CompilerName: GCC  CompilerVersion: 8.4.0
ProgramName: mri_ca_register  ProgramArguments: mri_ca_register -all-info  ProgramVersion: 7.3.2  TimeStamp: 2026/03/09-00:02:03-GMT  BuildTime: Aug  4 2022 06:17:15  BuildStamp: freesurfer-linux-ubuntu22_x86_64-7.3.2-20220804-6354275  User: oesteban  Machine: dna063  Platform: Linux  PlatformVersion: 5.14.0-427.37.1.el9_4.x86_64  CompilerName: GCC  CompilerVersion: 8.4.0
ProgramName: mri_cc  ProgramArguments: mri_cc -all-info  ProgramVersion: 7.3.2  TimeStamp: 2026/03/09-00:02:03-GMT  BuildTime: Aug  4 2022 06:17:15  BuildStamp: freesurfer-linux-ubuntu22_x86_64-7.3.2-20220804-6354275  User: oesteban  Machine: dna063  Platform: Linux  PlatformVersion: 5.14.0-427.37.1.el9_4.x86_64  CompilerName: GCC  CompilerVersion: 8.4.0
ProgramName: mri_compute_overlap  ProgramArguments: mri_compute_overlap -all-info  ProgramVersion: 7.3.2  TimeStamp: 2026/03/09-00:02:03-GMT  BuildTime: Aug  4 2022 06:17:15  BuildStamp: freesurfer-linux-ubuntu22_x86_64-7.3.2-20220804-6354275  User: oesteban  Machine: dna063  Platform: Linux  PlatformVersion: 5.14.0-427.37.1.el9_4.x86_64  CompilerName: GCC  CompilerVersion: 8.4.0
ProgramName: mri_compute_seg_overlap  ProgramArguments: mri_compute_seg_overlap -all-info  ProgramVersion: 7.3.2  TimeStamp: 2026/03/09-00:02:03-GMT  BuildTime: Aug  4 2022 06:17:15  BuildStamp: freesurfer-linux-ubuntu22_x86_64-7.3.2-20220804-6354275  User: oesteban  Machine: dna063  Platform: Linux  PlatformVersion: 5.14.0-427.37.1.el9_4.x86_64  CompilerName: GCC  CompilerVersion: 8.4.0
ProgramName: mri_concat  ProgramArguments: mri_concat -all-info  ProgramVersion: 7.3.2  TimeStamp: 2026/03/09-00:02:03-GMT  BuildTime: Aug  4 2022 06:17:15  BuildStamp: freesurfer-linux-ubuntu22_x86_64-7.3.2-20220804-6354275  User: oesteban  Machine: dna063  Platform: Linux  PlatformVersion: 5.14.0-427.37.1.el9_4.x86_64  CompilerName: GCC  CompilerVersion: 8.4.0
ProgramName: mri_concatenate_lta  ProgramArguments: mri_concatenate_lta -all-info  ProgramVersion: 7.3.2  TimeStamp: 2026/03/09-00:02:03-GMT  BuildTime: Aug  4 2022 06:17:15  BuildStamp: freesurfer-linux-ubuntu22_x86_64-7.3.2-20220804-6354275  User: oesteban  Machine: dna063  Platform: Linux  PlatformVersion: 5.14.0-427.37.1.el9_4.x86_64  CompilerName: GCC  CompilerVersion: 8.4.0
mri_convert -all-info 
ProgramName: mri_convert  ProgramArguments: mri_convert -all-info  ProgramVersion: 7.3.2  TimeStamp: 2026/03/09-00:02:03-GMT  BuildTime: Aug  4 2022 06:17:15  BuildStamp: freesurfer-linux-ubuntu22_x86_64-7.3.2-20220804-6354275  User: oesteban  Machine: dna063  Platform: Linux  PlatformVersion: 5.14.0-427.37.1.el9_4.x86_64  CompilerName: GCC  CompilerVersion: 8.4.0
ProgramName: mri_diff  ProgramArguments: mri_diff -all-info  ProgramVersion: 7.3.2  TimeStamp: 2026/03/09-00:02:03-GMT  BuildTime: Aug  4 2022 06:17:15  BuildStamp: freesurfer-linux-ubuntu22_x86_64-7.3.2-20220804-6354275  User: oesteban  Machine: dna063  Platform: Linux  PlatformVersion: 5.14.0-427.37.1.el9_4.x86_64  CompilerName: GCC  CompilerVersion: 8.4.0
ProgramName: mri_edit_wm_with_aseg  ProgramArguments: mri_edit_wm_with_aseg -all-info  ProgramVersion: 7.3.2  TimeStamp: 2026/03/09-00:02:03-GMT  BuildTime: Aug  4 2022 06:17:15  BuildStamp: freesurfer-linux-ubuntu22_x86_64-7.3.2-20220804-6354275  User: oesteban  Machine: dna063  Platform: Linux  PlatformVersion: 5.14.0-427.37.1.el9_4.x86_64  CompilerName: GCC  CompilerVersion: 8.4.0
ProgramName: mri_em_register  ProgramArguments: mri_em_register -all-info  ProgramVersion: 7.3.2  TimeStamp: 2026/03/09-00:02:03-GMT  BuildTime: Aug  4 2022 06:17:15  BuildStamp: freesurfer-linux-ubuntu22_x86_64-7.3.2-20220804-6354275  User: oesteban  Machine: dna063  Platform: Linux  PlatformVersion: 5.14.0-427.37.1.el9_4.x86_64  CompilerName: GCC  CompilerVersion: 8.4.0
ProgramName: mri_fill  ProgramArguments: mri_fill -all-info  ProgramVersion: 7.3.2  TimeStamp: 2026/03/09-00:02:03-GMT  BuildTime: Aug  4 2022 06:17:15  BuildStamp: freesurfer-linux-ubuntu22_x86_64-7.3.2-20220804-6354275  User: oesteban  Machine: dna063  Platform: Linux  PlatformVersion: 5.14.0-427.37.1.el9_4.x86_64  CompilerName: GCC  CompilerVersion: 8.4.0
ProgramName: mri_fuse_segmentations  ProgramArguments: mri_fuse_segmentations -all-info  ProgramVersion: 7.3.2  TimeStamp: 2026/03/09-00:02:03-GMT  BuildTime: Aug  4 2022 06:17:15  BuildStamp: freesurfer-linux-ubuntu22_x86_64-7.3.2-20220804-6354275  User: oesteban  Machine: dna063  Platform: Linux  PlatformVersion: 5.14.0-427.37.1.el9_4.x86_64  CompilerName: GCC  CompilerVersion: 8.4.0
ProgramName: mri_fwhm  ProgramArguments: mri_fwhm -all-info  ProgramVersion: 7.3.2  TimeStamp: 2026/03/09-00:02:03-GMT  BuildTime: Aug  4 2022 06:17:15  BuildStamp: freesurfer-linux-ubuntu22_x86_64-7.3.2-20220804-6354275  User: oesteban  Machine: dna063  Platform: Linux  PlatformVersion: 5.14.0-427.37.1.el9_4.x86_64  CompilerName: GCC  CompilerVersion: 8.4.0
ProgramName: mri_gcut  ProgramArguments: mri_gcut -all-info  ProgramVersion: 7.3.2  TimeStamp: 2026/03/09-00:02:03-GMT  BuildTime: Aug  4 2022 06:17:15  BuildStamp: freesurfer-linux-ubuntu22_x86_64-7.3.2-20220804-6354275  User: oesteban  Machine: dna063  Platform: Linux  PlatformVersion: 5.14.0-427.37.1.el9_4.x86_64  CompilerName: GCC  CompilerVersion: 8.4.0
ProgramName: mri_info  ProgramArguments: mri_info -all-info  ProgramVersion: 7.3.2  TimeStamp: 2026/03/09-00:02:03-GMT  BuildTime: Aug  4 2022 06:17:15  BuildStamp: freesurfer-linux-ubuntu22_x86_64-7.3.2-20220804-6354275  User: oesteban  Machine: dna063  Platform: Linux  PlatformVersion: 5.14.0-427.37.1.el9_4.x86_64  CompilerName: GCC  CompilerVersion: 8.4.0
ProgramName: mri_label2label  ProgramArguments: mri_label2label -all-info  ProgramVersion: 7.3.2  TimeStamp: 2026/03/09-00:02:03-GMT  BuildTime: Aug  4 2022 06:17:15  BuildStamp: freesurfer-linux-ubuntu22_x86_64-7.3.2-20220804-6354275  User: oesteban  Machine: dna063  Platform: Linux  PlatformVersion: 5.14.0-427.37.1.el9_4.x86_64  CompilerName: GCC  CompilerVersion: 8.4.0
ProgramName: mri_label2vol  ProgramArguments: mri_label2vol -all-info  ProgramVersion: 7.3.2  TimeStamp: 2026/03/09-00:02:03-GMT  BuildTime: Aug  4 2022 06:17:15  BuildStamp: freesurfer-linux-ubuntu22_x86_64-7.3.2-20220804-6354275  User: oesteban  Machine: dna063  Platform: Linux  PlatformVersion: 5.14.0-427.37.1.el9_4.x86_64  CompilerName: GCC  CompilerVersion: 8.4.0
ProgramName: mri_log_likelihood  ProgramArguments: mri_log_likelihood -all-info  ProgramVersion: 7.3.2  TimeStamp: 2026/03/09-00:02:03-GMT  BuildTime: Aug  4 2022 06:17:15  BuildStamp: freesurfer-linux-ubuntu22_x86_64-7.3.2-20220804-6354275  User: oesteban  Machine: dna063  Platform: Linux  PlatformVersion: 5.14.0-427.37.1.el9_4.x86_64  CompilerName: GCC  CompilerVersion: 8.4.0
ProgramName: mri_mask  ProgramArguments: mri_mask -all-info  ProgramVersion: 7.3.2  TimeStamp: 2026/03/09-00:02:03-GMT  BuildTime: Aug  4 2022 06:17:15  BuildStamp: freesurfer-linux-ubuntu22_x86_64-7.3.2-20220804-6354275  User: oesteban  Machine: dna063  Platform: Linux  PlatformVersion: 5.14.0-427.37.1.el9_4.x86_64  CompilerName: GCC  CompilerVersion: 8.4.0
ProgramName: mri_matrix_multiply  ProgramArguments: mri_matrix_multiply -all-info  ProgramVersion: 7.3.2  TimeStamp: 2026/03/09-00:02:03-GMT  BuildTime: Aug  4 2022 06:17:15  BuildStamp: freesurfer-linux-ubuntu22_x86_64-7.3.2-20220804-6354275  User: oesteban  Machine: dna063  Platform: Linux  PlatformVersion: 5.14.0-427.37.1.el9_4.x86_64  CompilerName: GCC  CompilerVersion: 8.4.0
ProgramName: mri_normalize  ProgramArguments: mri_normalize -all-info  ProgramVersion: 7.3.2  TimeStamp: 2026/03/09-00:02:03-GMT  BuildTime: Aug  4 2022 06:17:15  BuildStamp: freesurfer-linux-ubuntu22_x86_64-7.3.2-20220804-6354275  User: oesteban  Machine: dna063  Platform: Linux  PlatformVersion: 5.14.0-427.37.1.el9_4.x86_64  CompilerName: GCC  CompilerVersion: 8.4.0
ProgramName: mri_normalize_tp2  ProgramArguments: mri_normalize_tp2 -all-info  ProgramVersion: 7.3.2  TimeStamp: 2026/03/09-00:02:03-GMT  BuildTime: Aug  4 2022 06:17:15  BuildStamp: freesurfer-linux-ubuntu22_x86_64-7.3.2-20220804-6354275  User: oesteban  Machine: dna063  Platform: Linux  PlatformVersion: 5.14.0-427.37.1.el9_4.x86_64  CompilerName: GCC  CompilerVersion: 8.4.0
ProgramName: mri_or  ProgramArguments: mri_or -all-info  ProgramVersion: 7.3.2  TimeStamp: 2026/03/09-00:02:03-GMT  BuildTime: Aug  4 2022 06:17:15  BuildStamp: freesurfer-linux-ubuntu22_x86_64-7.3.2-20220804-6354275  User: oesteban  Machine: dna063  Platform: Linux  PlatformVersion: 5.14.0-427.37.1.el9_4.x86_64  CompilerName: GCC  CompilerVersion: 8.4.0
ProgramName: mri_relabel_hypointensities  ProgramArguments: mri_relabel_hypointensities -all-info  ProgramVersion: 7.3.2  TimeStamp: 2026/03/09-00:02:03-GMT  BuildTime: Aug  4 2022 06:17:15  BuildStamp: freesurfer-linux-ubuntu22_x86_64-7.3.2-20220804-6354275  User: oesteban  Machine: dna063  Platform: Linux  PlatformVersion: 5.14.0-427.37.1.el9_4.x86_64  CompilerName: GCC  CompilerVersion: 8.4.0
ProgramName: mri_relabel_nonwm_hypos  ProgramArguments: mri_relabel_nonwm_hypos -all-info  ProgramVersion: 7.3.2  TimeStamp: 2026/03/09-00:02:03-GMT  BuildTime: Aug  4 2022 06:17:15  BuildStamp: freesurfer-linux-ubuntu22_x86_64-7.3.2-20220804-6354275  User: oesteban  Machine: dna063  Platform: Linux  PlatformVersion: 5.14.0-427.37.1.el9_4.x86_64  CompilerName: GCC  CompilerVersion: 8.4.0
ProgramName: mri_remove_neck  ProgramArguments: mri_remove_neck -all-info  ProgramVersion: 7.3.2  TimeStamp: 2026/03/09-00:02:03-GMT  BuildTime: Aug  4 2022 06:17:15  BuildStamp: freesurfer-linux-ubuntu22_x86_64-7.3.2-20220804-6354275  User: oesteban  Machine: dna063  Platform: Linux  PlatformVersion: 5.14.0-427.37.1.el9_4.x86_64  CompilerName: GCC  CompilerVersion: 8.4.0
7.3.2

ProgramName: mri_robust_register  ProgramArguments: mri_robust_register -all-info  ProgramVersion: 7.3.2  TimeStamp: 2026/03/09-00:02:03-GMT  BuildTime: Aug  4 2022 06:17:15  BuildStamp: freesurfer-linux-ubuntu22_x86_64-7.3.2-20220804-6354275  User: oesteban  Machine: dna063  Platform: Linux  PlatformVersion: 5.14.0-427.37.1.el9_4.x86_64  CompilerName: GCC  CompilerVersion: 8.4.0
7.3.2

ProgramName: mri_robust_template  ProgramArguments: mri_robust_template -all-info  ProgramVersion: 7.3.2  TimeStamp: 2026/03/09-00:02:03-GMT  BuildTime: Aug  4 2022 06:17:15  BuildStamp: freesurfer-linux-ubuntu22_x86_64-7.3.2-20220804-6354275  User: oesteban  Machine: dna063  Platform: Linux  PlatformVersion: 5.14.0-427.37.1.el9_4.x86_64  CompilerName: GCC  CompilerVersion: 8.4.0
ProgramName: mris_anatomical_stats  ProgramArguments: mris_anatomical_stats -all-info  ProgramVersion: 7.3.2  TimeStamp: 2026/03/09-00:02:03-GMT  BuildTime: Aug  4 2022 06:17:15  BuildStamp: freesurfer-linux-ubuntu22_x86_64-7.3.2-20220804-6354275  User: oesteban  Machine: dna063  Platform: Linux  PlatformVersion: 5.14.0-427.37.1.el9_4.x86_64  CompilerName: GCC  CompilerVersion: 8.4.0
ProgramName: mris_ca_label  ProgramArguments: mris_ca_label -all-info  ProgramVersion: 7.3.2  TimeStamp: 2026/03/09-00:02:03-GMT  BuildTime: Aug  4 2022 06:17:15  BuildStamp: freesurfer-linux-ubuntu22_x86_64-7.3.2-20220804-6354275  User: oesteban  Machine: dna063  Platform: Linux  PlatformVersion: 5.14.0-427.37.1.el9_4.x86_64  CompilerName: GCC  CompilerVersion: 8.4.0
ProgramName: mris_calc  ProgramArguments: mris_calc -all-info  ProgramVersion: 7.3.2  TimeStamp: 2026/03/09-00:02:03-GMT  BuildTime: Aug  4 2022 06:17:15  BuildStamp: freesurfer-linux-ubuntu22_x86_64-7.3.2-20220804-6354275  User: oesteban  Machine: dna063  Platform: Linux  PlatformVersion: 5.14.0-427.37.1.el9_4.x86_64  CompilerName: GCC  CompilerVersion: 8.4.0
ProgramName: mris_convert  ProgramArguments: mris_convert -all-info  ProgramVersion: 7.3.2  TimeStamp: 2026/03/09-00:02:03-GMT  BuildTime: Aug  4 2022 06:17:15  BuildStamp: freesurfer-linux-ubuntu22_x86_64-7.3.2-20220804-6354275  User: oesteban  Machine: dna063  Platform: Linux  PlatformVersion: 5.14.0-427.37.1.el9_4.x86_64  CompilerName: GCC  CompilerVersion: 8.4.0
ProgramName: mris_curvature  ProgramArguments: mris_curvature -all-info  ProgramVersion: 7.3.2  TimeStamp: 2026/03/09-00:02:03-GMT  BuildTime: Aug  4 2022 06:17:15  BuildStamp: freesurfer-linux-ubuntu22_x86_64-7.3.2-20220804-6354275  User: oesteban  Machine: dna063  Platform: Linux  PlatformVersion: 5.14.0-427.37.1.el9_4.x86_64  CompilerName: GCC  CompilerVersion: 8.4.0
ProgramName: mris_curvature_stats  ProgramArguments: mris_curvature_stats -all-info  ProgramVersion: 7.3.2  TimeStamp: 2026/03/09-00:02:03-GMT  BuildTime: Aug  4 2022 06:17:15  BuildStamp: freesurfer-linux-ubuntu22_x86_64-7.3.2-20220804-6354275  User: oesteban  Machine: dna063  Platform: Linux  PlatformVersion: 5.14.0-427.37.1.el9_4.x86_64  CompilerName: GCC  CompilerVersion: 8.4.0
ProgramName: mris_diff  ProgramArguments: mris_diff -all-info  ProgramVersion: 7.3.2  TimeStamp: 2026/03/09-00:02:03-GMT  BuildTime: Aug  4 2022 06:17:15  BuildStamp: freesurfer-linux-ubuntu22_x86_64-7.3.2-20220804-6354275  User: oesteban  Machine: dna063  Platform: Linux  PlatformVersion: 5.14.0-427.37.1.el9_4.x86_64  CompilerName: GCC  CompilerVersion: 8.4.0
ProgramName: mris_divide_parcellation  ProgramArguments: mris_divide_parcellation -all-info  ProgramVersion: 7.3.2  TimeStamp: 2026/03/09-00:02:03-GMT  BuildTime: Aug  4 2022 06:17:15  BuildStamp: freesurfer-linux-ubuntu22_x86_64-7.3.2-20220804-6354275  User: oesteban  Machine: dna063  Platform: Linux  PlatformVersion: 5.14.0-427.37.1.el9_4.x86_64  CompilerName: GCC  CompilerVersion: 8.4.0
ProgramName: mri_segment  ProgramArguments: mri_segment -all-info  ProgramVersion: 7.3.2  TimeStamp: 2026/03/09-00:02:03-GMT  BuildTime: Aug  4 2022 06:17:15  BuildStamp: freesurfer-linux-ubuntu22_x86_64-7.3.2-20220804-6354275  User: oesteban  Machine: dna063  Platform: Linux  PlatformVersion: 5.14.0-427.37.1.el9_4.x86_64  CompilerName: GCC  CompilerVersion: 8.4.0
ProgramName: mri_segstats  ProgramArguments: mri_segstats -all-info  ProgramVersion: 7.3.2  TimeStamp: 2026/03/09-00:02:03-GMT  BuildTime: Aug  4 2022 06:17:15  BuildStamp: freesurfer-linux-ubuntu22_x86_64-7.3.2-20220804-6354275  User: oesteban  Machine: dna063  Platform: Linux  PlatformVersion: 5.14.0-427.37.1.el9_4.x86_64  CompilerName: GCC  CompilerVersion: 8.4.0
ProgramName: mris_euler_number  ProgramArguments: mris_euler_number -all-info  ProgramVersion: 7.3.2  TimeStamp: 2026/03/09-00:02:03-GMT  BuildTime: Aug  4 2022 06:17:15  BuildStamp: freesurfer-linux-ubuntu22_x86_64-7.3.2-20220804-6354275  User: oesteban  Machine: dna063  Platform: Linux  PlatformVersion: 5.14.0-427.37.1.el9_4.x86_64  CompilerName: GCC  CompilerVersion: 8.4.0
ProgramName: mris_fix_topology  ProgramArguments: mris_fix_topology -all-info  ProgramVersion: 7.3.2  TimeStamp: 2026/03/09-00:02:03-GMT  BuildTime: Aug  4 2022 06:17:15  BuildStamp: freesurfer-linux-ubuntu22_x86_64-7.3.2-20220804-6354275  User: oesteban  Machine: dna063  Platform: Linux  PlatformVersion: 5.14.0-427.37.1.el9_4.x86_64  CompilerName: GCC  CompilerVersion: 8.4.0
ProgramName: mris_topo_fixer  ProgramArguments: mris_topo_fixer -all-info  ProgramVersion: 7.3.2  TimeStamp: 2026/03/09-00:02:03-GMT  BuildTime: Aug  4 2022 06:17:15  BuildStamp: freesurfer-linux-ubuntu22_x86_64-7.3.2-20220804-6354275  User: oesteban  Machine: dna063  Platform: Linux  PlatformVersion: 5.14.0-427.37.1.el9_4.x86_64  CompilerName: GCC  CompilerVersion: 8.4.0
ProgramName: mris_jacobian  ProgramArguments: mris_jacobian -all-info  ProgramVersion: 7.3.2  TimeStamp: 2026/03/09-00:02:03-GMT  BuildTime: Aug  4 2022 06:17:15  BuildStamp: freesurfer-linux-ubuntu22_x86_64-7.3.2-20220804-6354275  User: oesteban  Machine: dna063  Platform: Linux  PlatformVersion: 5.14.0-427.37.1.el9_4.x86_64  CompilerName: GCC  CompilerVersion: 8.4.0
ProgramName: mris_label2annot  ProgramArguments: mris_label2annot -all-info  ProgramVersion: 7.3.2  TimeStamp: 2026/03/09-00:02:03-GMT  BuildTime: Aug  4 2022 06:17:15  BuildStamp: freesurfer-linux-ubuntu22_x86_64-7.3.2-20220804-6354275  User: oesteban  Machine: dna063  Platform: Linux  PlatformVersion: 5.14.0-427.37.1.el9_4.x86_64  CompilerName: GCC  CompilerVersion: 8.4.0
ProgramName: mris_left_right_register  ProgramArguments: mris_left_right_register -all-info  ProgramVersion: 7.3.2  TimeStamp: 2026/03/09-00:02:03-GMT  BuildTime: Aug  4 2022 06:17:15  BuildStamp: freesurfer-linux-ubuntu22_x86_64-7.3.2-20220804-6354275  User: oesteban  Machine: dna063  Platform: Linux  PlatformVersion: 5.14.0-427.37.1.el9_4.x86_64  CompilerName: GCC  CompilerVersion: 8.4.0
ProgramName: mris_place_surface  ProgramArguments: mris_place_surface -all-info  ProgramVersion: 7.3.2  TimeStamp: 2026/03/09-00:02:03-GMT  BuildTime: Aug  4 2022 06:17:15  BuildStamp: freesurfer-linux-ubuntu22_x86_64-7.3.2-20220804-6354275  User: oesteban  Machine: dna063  Platform: Linux  PlatformVersion: 5.14.0-427.37.1.el9_4.x86_64  CompilerName: GCC  CompilerVersion: 8.4.0
ProgramName: mrisp_paint  ProgramArguments: mrisp_paint -all-info  ProgramVersion: 7.3.2  TimeStamp: 2026/03/09-00:02:03-GMT  BuildTime: Aug  4 2022 06:17:15  BuildStamp: freesurfer-linux-ubuntu22_x86_64-7.3.2-20220804-6354275  User: oesteban  Machine: dna063  Platform: Linux  PlatformVersion: 5.14.0-427.37.1.el9_4.x86_64  CompilerName: GCC  CompilerVersion: 8.4.0
ProgramName: mris_register  ProgramArguments: mris_register -all-info  ProgramVersion: 7.3.2  TimeStamp: 2026/03/09-00:02:03-GMT  BuildTime: Aug  4 2022 06:17:15  BuildStamp: freesurfer-linux-ubuntu22_x86_64-7.3.2-20220804-6354275  User: oesteban  Machine: dna063  Platform: Linux  PlatformVersion: 5.14.0-427.37.1.el9_4.x86_64  CompilerName: GCC  CompilerVersion: 8.4.0
ProgramName: mris_smooth  ProgramArguments: mris_smooth -all-info  ProgramVersion: 7.3.2  TimeStamp: 2026/03/09-00:02:03-GMT  BuildTime: Aug  4 2022 06:17:15  BuildStamp: freesurfer-linux-ubuntu22_x86_64-7.3.2-20220804-6354275  User: oesteban  Machine: dna063  Platform: Linux  PlatformVersion: 5.14.0-427.37.1.el9_4.x86_64  CompilerName: GCC  CompilerVersion: 8.4.0
ProgramName: mris_sphere  ProgramArguments: mris_sphere -all-info  ProgramVersion: 7.3.2  TimeStamp: 2026/03/09-00:02:03-GMT  BuildTime: Aug  4 2022 06:17:15  BuildStamp: freesurfer-linux-ubuntu22_x86_64-7.3.2-20220804-6354275  User: oesteban  Machine: dna063  Platform: Linux  PlatformVersion: 5.14.0-427.37.1.el9_4.x86_64  CompilerName: GCC  CompilerVersion: 8.4.0
ProgramName: mris_surface_stats  ProgramArguments: mris_surface_stats -all-info  ProgramVersion: 7.3.2  TimeStamp: 2026/03/09-00:02:03-GMT  BuildTime: Aug  4 2022 06:17:15  BuildStamp: freesurfer-linux-ubuntu22_x86_64-7.3.2-20220804-6354275  User: oesteban  Machine: dna063  Platform: Linux  PlatformVersion: 5.14.0-427.37.1.el9_4.x86_64  CompilerName: GCC  CompilerVersion: 8.4.0
ProgramName: mri_stats2seg  ProgramArguments: mri_stats2seg -all-info  ProgramVersion: 7.3.2  TimeStamp: 2026/03/09-00:02:03-GMT  BuildTime: Aug  4 2022 06:17:15  BuildStamp: freesurfer-linux-ubuntu22_x86_64-7.3.2-20220804-6354275  User: oesteban  Machine: dna063  Platform: Linux  PlatformVersion: 5.14.0-427.37.1.el9_4.x86_64  CompilerName: GCC  CompilerVersion: 8.4.0
ProgramName: mris_thickness  ProgramArguments: mris_thickness -all-info  ProgramVersion: 7.3.2  TimeStamp: 2026/03/09-00:02:03-GMT  BuildTime: Aug  4 2022 06:17:15  BuildStamp: freesurfer-linux-ubuntu22_x86_64-7.3.2-20220804-6354275  User: oesteban  Machine: dna063  Platform: Linux  PlatformVersion: 5.14.0-427.37.1.el9_4.x86_64  CompilerName: GCC  CompilerVersion: 8.4.0
ProgramName: mris_thickness_diff  ProgramArguments: mris_thickness_diff -all-info  ProgramVersion: 7.3.2  TimeStamp: 2026/03/09-00:02:03-GMT  BuildTime: Aug  4 2022 06:17:15  BuildStamp: freesurfer-linux-ubuntu22_x86_64-7.3.2-20220804-6354275  User: oesteban  Machine: dna063  Platform: Linux  PlatformVersion: 5.14.0-427.37.1.el9_4.x86_64  CompilerName: GCC  CompilerVersion: 8.4.0
ProgramName: mris_topo_fixer  ProgramArguments: mris_topo_fixer -all-info  ProgramVersion: 7.3.2  TimeStamp: 2026/03/09-00:02:03-GMT  BuildTime: Aug  4 2022 06:17:15  BuildStamp: freesurfer-linux-ubuntu22_x86_64-7.3.2-20220804-6354275  User: oesteban  Machine: dna063  Platform: Linux  PlatformVersion: 5.14.0-427.37.1.el9_4.x86_64  CompilerName: GCC  CompilerVersion: 8.4.0
ProgramName: mri_surf2surf  ProgramArguments: mri_surf2surf -all-info  ProgramVersion: 7.3.2  TimeStamp: 2026/03/09-00:02:03-GMT  BuildTime: Aug  4 2022 06:17:15  BuildStamp: freesurfer-linux-ubuntu22_x86_64-7.3.2-20220804-6354275  User: oesteban  Machine: dna063  Platform: Linux  PlatformVersion: 5.14.0-427.37.1.el9_4.x86_64  CompilerName: GCC  CompilerVersion: 8.4.0
ProgramName: mri_surf2vol  ProgramArguments: mri_surf2vol -all-info  ProgramVersion: 7.3.2  TimeStamp: 2026/03/09-00:02:03-GMT  BuildTime: Aug  4 2022 06:17:15  BuildStamp: freesurfer-linux-ubuntu22_x86_64-7.3.2-20220804-6354275  User: oesteban  Machine: dna063  Platform: Linux  PlatformVersion: 5.14.0-427.37.1.el9_4.x86_64  CompilerName: GCC  CompilerVersion: 8.4.0
ProgramName: mri_surfcluster  ProgramArguments: mri_surfcluster -all-info  ProgramVersion: 7.3.2  TimeStamp: 2026/03/09-00:02:03-GMT  BuildTime: Aug  4 2022 06:17:15  BuildStamp: freesurfer-linux-ubuntu22_x86_64-7.3.2-20220804-6354275  User: oesteban  Machine: dna063  Platform: Linux  PlatformVersion: 5.14.0-427.37.1.el9_4.x86_64  CompilerName: GCC  CompilerVersion: 8.4.0
ProgramName: mris_volmask  ProgramArguments: mris_volmask -all-info  ProgramVersion: 7.3.2  TimeStamp: 2026/03/09-00:02:03-GMT  BuildTime: Aug  4 2022 06:17:15  BuildStamp: freesurfer-linux-ubuntu22_x86_64-7.3.2-20220804-6354275  User: oesteban  Machine: dna063  Platform: Linux  PlatformVersion: 5.14.0-427.37.1.el9_4.x86_64  CompilerName: GCC  CompilerVersion: 8.4.0
ProgramName: mri_tessellate  ProgramArguments: mri_tessellate -all-info  ProgramVersion: 7.3.2  TimeStamp: 2026/03/09-00:02:03-GMT  BuildTime: Aug  4 2022 06:17:15  BuildStamp: freesurfer-linux-ubuntu22_x86_64-7.3.2-20220804-6354275  User: oesteban  Machine: dna063  Platform: Linux  PlatformVersion: 5.14.0-427.37.1.el9_4.x86_64  CompilerName: GCC  CompilerVersion: 8.4.0
ProgramName: mri_vol2surf  ProgramArguments: mri_vol2surf -all-info  ProgramVersion: 7.3.2  TimeStamp: 2026/03/09-00:02:03-GMT  BuildTime: Aug  4 2022 06:17:15  BuildStamp: freesurfer-linux-ubuntu22_x86_64-7.3.2-20220804-6354275  User: oesteban  Machine: dna063  Platform: Linux  PlatformVersion: 5.14.0-427.37.1.el9_4.x86_64  CompilerName: GCC  CompilerVersion: 8.4.0
ProgramName: mri_vol2vol  ProgramArguments: mri_vol2vol -all-info  ProgramVersion: 7.3.2  TimeStamp: 2026/03/09-00:02:03-GMT  BuildTime: Aug  4 2022 06:17:15  BuildStamp: freesurfer-linux-ubuntu22_x86_64-7.3.2-20220804-6354275  User: oesteban  Machine: dna063  Platform: Linux  PlatformVersion: 5.14.0-427.37.1.el9_4.x86_64  CompilerName: GCC  CompilerVersion: 8.4.0
ProgramName: mri_voldiff  ProgramArguments: mri_voldiff -all-info  ProgramVersion: 7.3.2  TimeStamp: 2026/03/09-00:02:03-GMT  BuildTime: Aug  4 2022 06:17:15  BuildStamp: freesurfer-linux-ubuntu22_x86_64-7.3.2-20220804-6354275  User: oesteban  Machine: dna063  Platform: Linux  PlatformVersion: 5.14.0-427.37.1.el9_4.x86_64  CompilerName: GCC  CompilerVersion: 8.4.0
ProgramName: mri_watershed  ProgramArguments: mri_watershed -all-info  ProgramVersion: 7.3.2  TimeStamp: 2026/03/09-00:02:03-GMT  BuildTime: Aug  4 2022 06:17:15  BuildStamp: freesurfer-linux-ubuntu22_x86_64-7.3.2-20220804-6354275  User: oesteban  Machine: dna063  Platform: Linux  PlatformVersion: 5.14.0-427.37.1.el9_4.x86_64  CompilerName: GCC  CompilerVersion: 8.4.0
ProgramName: tkregister2  ProgramArguments: tkregister2_cmdl -all-info  ProgramVersion: 7.3.2  TimeStamp: 2026/03/09-00:02:03-GMT  BuildTime: Aug  4 2022 06:17:15  BuildStamp: freesurfer-linux-ubuntu22_x86_64-7.3.2-20220804-6354275  User: oesteban  Machine: dna063  Platform: Linux  PlatformVersion: 5.14.0-427.37.1.el9_4.x86_64  CompilerName: GCC  CompilerVersion: 8.4.0
mri_motion_correct.fsl 7.3.2
mri_convert -all-info 
ProgramName: mri_convert  ProgramArguments: mri_convert -all-info  ProgramVersion: 7.3.2  TimeStamp: 2026/03/09-00:02:03-GMT  BuildTime: Aug  4 2022 06:17:15  BuildStamp: freesurfer-linux-ubuntu22_x86_64-7.3.2-20220804-6354275  User: oesteban  Machine: dna063  Platform: Linux  PlatformVersion: 5.14.0-427.37.1.el9_4.x86_64  CompilerName: GCC  CompilerVersion: 8.4.0
Program nu_correct, built from:
Package MNI N3, version 1.12.0, compiled by nicks@terrier (x86_64-unknown-linux-gnu) on 2015-06-19 at 01:25:34
#######################################
GCADIR /opt/freesurfer/average
GCA RB_all_2020-01-02.gca
GCASkull RB_all_withskull_2020_01_02.gca
AvgCurvTif folding.atlas.acfb40.noaparc.i12.2016-08-02.tif
GCSDIR /opt/freesurfer/average
GCS DKaparc.atlas.acfb40.noaparc.i12.2016-08-02.gcs
#######################################
#-------------------------------------
#@# EM Registration Mon Mar  9 01:02:03 CET 2026
/out/sourcedata/freesurfer/sub-v1s16x0051199_ses-1/mri

 mri_em_register -uns 3 -mask brainmask.mgz nu.mgz /opt/freesurfer/average/RB_all_2020-01-02.gca transforms/talairach.lta 

setting unknown_nbr_spacing = 3
using MR volume brainmask.mgz to mask input volume...

== Number of threads available to mri_em_register for OpenMP = 16 == 
reading 1 input volumes...
logging results to talairach.log
reading '/opt/freesurfer/average/RB_all_2020-01-02.gca'...
GCAread took 0 minutes and 1 seconds.
average std = 7.2   using min determinant for regularization = 5.2
0 singular and 884 ill-conditioned covariance matrices regularized
reading 'nu.mgz'...
MRImask(): AllowDiffGeom = 1
MRImask(): AllowDiffGeom = 1
MRImask(): AllowDiffGeom = 1
MRImask(): AllowDiffGeom = 1
MRImask(): AllowDiffGeom = 1
freeing gibbs priors...done.
accounting for voxel sizes in initial transform
bounding unknown intensity as < 5.9 or > 519.0 
total sample mean = 79.1 (1017 zeros)
************************************************
spacing=8, using 2841 sample points, tol=1.00e-05...
************************************************
register_mri: find_optimal_transform
find_optimal_transform: nsamples 2841, passno 0, spacing 8
resetting wm mean[0]: 98 --> 107
resetting gm mean[0]: 61 --> 61
input volume #1 is the most T1-like
using real data threshold=19.0
skull bounding box = (61, 55, 44) --> (190, 159, 206)
finding center of left hemi white matter
using (104, 90, 125) as brain centroid of Right_Cerebral_White_Matter...
MRImask(): AllowDiffGeom = 1
mean wm in atlas = 107, using box (88,77,105) --> (119, 102,144) to find MRI wm
before smoothing, mri peak at 103
robust fit to distribution - 102 +- 10.1
distribution too broad for accurate scaling - disabling
after smoothing, mri peak at 107, scaling input intensities by 1.000
scaling channel 0 by 1
initial log_p = -4.213
************************************************
First Search limited to translation only.
************************************************
max log p =    -4.207896 @ (-10.526, 10.526, -10.526)
max log p =    -4.041806 @ (15.789, -5.263, -5.263)
max log p =    -4.000206 @ (-2.632, 7.895, 2.632)
max log p =    -3.980154 @ (-1.316, 1.316, -1.316)
max log p =    -3.971831 @ (-0.658, 0.658, 1.974)
max log p =    -3.971446 @ (-0.987, -0.987, 0.329)
max log p =    -3.971446 @ (0.000, 0.000, 0.000)
max log p =    -3.971446 @ (0.000, 0.000, 0.000)
Found translation: (-0.3, 14.1, -12.2): log p = -3.971
****************************************
Nine parameter search.  iteration 0 nscales = 0 ...
****************************************
Result so far: scale 1.000: max_log_p=-3.620, old_max_log_p =-3.971 (thresh=-4.0)
 1.06375   0.00000   0.00000  -8.43356;
 0.00000   1.23625   0.00000  -18.19591;
 0.00000   0.00000   1.00000  -12.17106;
 0.00000   0.00000   0.00000   1.00000;
iteration took 0 minutes and 9 seconds.
****************************************
Nine parameter search.  iteration 1 nscales = 0 ...
****************************************
Result so far: scale 1.000: max_log_p=-3.607, old_max_log_p =-3.620 (thresh=-3.6)
 1.14353   0.00000   0.00000  -18.57625;
 0.00000   1.23625   0.00000  -18.19591;
 0.00000   0.00000   1.00000  -12.17106;
 0.00000   0.00000   0.00000   1.00000;
iteration took 0 minutes and 8 seconds.
****************************************
Nine parameter search.  iteration 2 nscales = 0 ...
****************************************
Result so far: scale 1.000: max_log_p=-3.607, old_max_log_p =-3.607 (thresh=-3.6)
 1.14353   0.00000   0.00000  -18.57625;
 0.00000   1.23625   0.00000  -18.19591;
 0.00000   0.00000   1.00000  -12.17106;
 0.00000   0.00000   0.00000   1.00000;
reducing scale to 0.2500
iteration took 0 minutes and 9 seconds.
****************************************
Nine parameter search.  iteration 3 nscales = 1 ...
****************************************
Result so far: scale 0.250: max_log_p=-3.520, old_max_log_p =-3.607 (thresh=-3.6)
 1.09521  -0.12047   0.00476   0.64525;
 0.11081   1.20176  -0.09168  -17.53868;
-0.00048   0.11592   0.99544  -26.33055;
 0.00000   0.00000   0.00000   1.00000;
iteration took 0 minutes and 9 seconds.
****************************************
Nine parameter search.  iteration 4 nscales = 1 ...
****************************************
Result so far: scale 0.250: max_log_p=-3.520, old_max_log_p =-3.520 (thresh=-3.5)
 1.09521  -0.12047   0.00476   0.64525;
 0.11081   1.20176  -0.09168  -17.53868;
-0.00048   0.11592   0.99544  -26.33055;
 0.00000   0.00000   0.00000   1.00000;
reducing scale to 0.0625
iteration took 0 minutes and 9 seconds.
****************************************
Nine parameter search.  iteration 5 nscales = 2 ...
****************************************
Result so far: scale 0.062: max_log_p=-3.497, old_max_log_p =-3.520 (thresh=-3.5)
 1.09803  -0.09889   0.01911  -3.37334;
 0.09277   1.20120  -0.09953  -14.24261;
-0.01727   0.12686   0.99333  -25.65095;
 0.00000   0.00000   0.00000   1.00000;
iteration took 0 minutes and 9 seconds.
****************************************
Nine parameter search.  iteration 6 nscales = 2 ...
****************************************
Result so far: scale 0.062: max_log_p=-3.497, old_max_log_p =-3.497 (thresh=-3.5)
 1.09803  -0.09889   0.01911  -3.37334;
 0.09277   1.20120  -0.09953  -14.24261;
-0.01727   0.12686   0.99333  -25.65095;
 0.00000   0.00000   0.00000   1.00000;
min search scale 0.025000 reached
***********************************************
Computing MAP estimate using 2841 samples...
***********************************************
dt = 5.00e-06, momentum=0.80, tol=1.00e-05
l_intensity = 1.0000
Aligning input volume to GCA...
Transform matrix
 1.09803  -0.09889   0.01911  -3.37334;
 0.09277   1.20120  -0.09953  -14.24261;
-0.01727   0.12686   0.99333  -25.65095;
 0.00000   0.00000   0.00000   1.00000;
nsamples 2841
Quasinewton: input matrix
 1.09803  -0.09889   0.01911  -3.37334;
 0.09277   1.20120  -0.09953  -14.24261;
-0.01727   0.12686   0.99333  -25.65095;
 0.00000   0.00000   0.00000   1.00000;
 IFLAG= -1  LINE SEARCH FAILED. SEE DOCUMENTATION OF ROUTINE MCSRCH ERROR RETURN OF LINE SEARCH: INFO= 3 POSSIBLE CAUSES: FUNCTION OR GRADIENT ARE INCORRECT OR INCORRECT TOLERANCESoutof QuasiNewtonEMA: 009: -log(p) =   -0.0  tol 0.000010
Resulting transform:
 1.09803  -0.09889   0.01911  -3.37334;
 0.09277   1.20120  -0.09953  -14.24261;
-0.01727   0.12686   0.99333  -25.65095;
 0.00000   0.00000   0.00000   1.00000;

pass 1, spacing 8: log(p) = -3.497 (old=-4.213)
transform before final EM align:
 1.09803  -0.09889   0.01911  -3.37334;
 0.09277   1.20120  -0.09953  -14.24261;
-0.01727   0.12686   0.99333  -25.65095;
 0.00000   0.00000   0.00000   1.00000;

**************************************************
 EM alignment process ...
 Computing final MAP estimate using 315638 samples. 
**************************************************
dt = 5.00e-06, momentum=0.80, tol=1.00e-07
l_intensity = 1.0000
Aligning input volume to GCA...
Transform matrix
 1.09803  -0.09889   0.01911  -3.37334;
 0.09277   1.20120  -0.09953  -14.24261;
-0.01727   0.12686   0.99333  -25.65095;
 0.00000   0.00000   0.00000   1.00000;
nsamples 315638
Quasinewton: input matrix
 1.09803  -0.09889   0.01911  -3.37334;
 0.09277   1.20120  -0.09953  -14.24261;
-0.01727   0.12686   0.99333  -25.65095;
 0.00000   0.00000   0.00000   1.00000;
 IFLAG= -1  LINE SEARCH FAILED. SEE DOCUMENTATION OF ROUTINE MCSRCH ERROR RETURN OF LINE SEARCH: INFO= 6 POSSIBLE CAUSES: FUNCTION OR GRADIENT ARE INCORRECT OR INCORRECT TOLERANCESoutof QuasiNewtonEMA: 011: -log(p) =    3.9  tol 0.000000
final transform:
 1.09803  -0.09889   0.01911  -3.37334;
 0.09277   1.20120  -0.09953  -14.24261;
-0.01727   0.12686   0.99333  -25.65095;
 0.00000   0.00000   0.00000   1.00000;

writing output transformation to transforms/talairach.lta...
#VMPC# mri_em_register VmPeak  891280
FSRUNTIME@ mri_em_register  0.0253 hours 16 threads
registration took 1 minutes and 31 seconds.

Started at Mon Mar 9 01:02:02 CET 2026 
Ended   at Mon Mar 9 01:03:34 CET 2026
#@#%# recon-all-run-time-hours 0.026
recon-all -s sub-v1s16x0051199_ses-1 finished without error at Mon Mar  9 01:03:34 CET 2026



#New# invocation of recon-all 




Mon Mar  9 01:03:37 CET 2026
cd /out/sourcedata/freesurfer/sub-v1s16x0051199_ses-1
setenv SUBJECTS_DIR /out/sourcedata/freesurfer
/opt/freesurfer/bin/recon-all -autorecon2-volonly -openmp 16 -subjid sub-v1s16x0051199_ses-1 -sd /out/sourcedata/freesurfer -nogcareg

subjid sub-v1s16x0051199_ses-1
setenv SUBJECTS_DIR /out/sourcedata/freesurfer
FREESURFER_HOME /opt/freesurfer
Actual FREESURFER_HOME /opt/freesurfer
build-stamp.txt: freesurfer-linux-ubuntu22_x86_64-7.3.2-20220804-6354275
Linux dna063 5.14.0-427.37.1.el9_4.x86_64 #1 SMP PREEMPT_DYNAMIC Fri Sep 13 12:41:50 EDT 2024 x86_64 x86_64 x86_64 GNU/Linux
cputime      unlimited
filesize     unlimited
datasize     unlimited
stacksize    8192 kbytes
coredumpsize 0 kbytes
memoryuse    67108864 kbytes
vmemoryuse   unlimited
descriptors  1024 
memorylocked unlimited
maxproc      2061970 
maxlocks     unlimited
maxsignal    2061970 
maxmessage   819200 
maxnice      0 
maxrtprio    0 
maxrttime    unlimited

               total        used        free      shared  buff/cache   available
Mem:           503Gi        51Gi       331Gi        10Gi       120Gi       438Gi
Swap:             0B          0B          0B

########################################
program versions used
7.3.2 (freesurfer-linux-ubuntu22_x86_64-7.3.2-20220804-6354275)
7.3.2

ProgramName: lta_convert  ProgramArguments: lta_convert -all-info  ProgramVersion: 7.3.2  TimeStamp: 2026/03/09-00:03:37-GMT  BuildTime: Aug  4 2022 06:17:15  BuildStamp: freesurfer-linux-ubuntu22_x86_64-7.3.2-20220804-6354275  User: oesteban  Machine: dna063  Platform: Linux  PlatformVersion: 5.14.0-427.37.1.el9_4.x86_64  CompilerName: GCC  CompilerVersion: 8.4.0
ProgramName: mri_and  ProgramArguments: mri_and -all-info  ProgramVersion: 7.3.2  TimeStamp: 2026/03/09-00:03:37-GMT  BuildTime: Aug  4 2022 06:17:15  BuildStamp: freesurfer-linux-ubuntu22_x86_64-7.3.2-20220804-6354275  User: oesteban  Machine: dna063  Platform: Linux  PlatformVersion: 5.14.0-427.37.1.el9_4.x86_64  CompilerName: GCC  CompilerVersion: 8.4.0
ProgramName: mri_annotation2label  ProgramArguments: mri_annotation2label -all-info  ProgramVersion: 7.3.2  TimeStamp: 2026/03/09-00:03:37-GMT  BuildTime: Aug  4 2022 06:17:15  BuildStamp: freesurfer-linux-ubuntu22_x86_64-7.3.2-20220804-6354275  User: oesteban  Machine: dna063  Platform: Linux  PlatformVersion: 5.14.0-427.37.1.el9_4.x86_64  CompilerName: GCC  CompilerVersion: 8.4.0
ProgramName: mri_aparc2aseg  ProgramArguments: mri_aparc2aseg -all-info  ProgramVersion: 7.3.2  TimeStamp: 2026/03/09-00:03:37-GMT  BuildTime: Aug  4 2022 06:17:15  BuildStamp: freesurfer-linux-ubuntu22_x86_64-7.3.2-20220804-6354275  User: oesteban  Machine: dna063  Platform: Linux  PlatformVersion: 5.14.0-427.37.1.el9_4.x86_64  CompilerName: GCC  CompilerVersion: 8.4.0
ProgramName: mri_surf2volseg  ProgramArguments: mri_surf2volseg -all-info  ProgramVersion: 7.3.2  TimeStamp: 2026/03/09-00:03:37-GMT  BuildTime: Aug  4 2022 06:17:15  BuildStamp: freesurfer-linux-ubuntu22_x86_64-7.3.2-20220804-6354275  User: oesteban  Machine: dna063  Platform: Linux  PlatformVersion: 5.14.0-427.37.1.el9_4.x86_64  CompilerName: GCC  CompilerVersion: 8.4.0
ProgramName: mri_binarize  ProgramArguments: mri_binarize -all-info  ProgramVersion: 7.3.2  TimeStamp: 2026/03/09-00:03:37-GMT  BuildTime: Aug  4 2022 06:17:15  BuildStamp: freesurfer-linux-ubuntu22_x86_64-7.3.2-20220804-6354275  User: oesteban  Machine: dna063  Platform: Linux  PlatformVersion: 5.14.0-427.37.1.el9_4.x86_64  CompilerName: GCC  CompilerVersion: 8.4.0
ProgramName: mri_ca_label  ProgramArguments: mri_ca_label -all-info  ProgramVersion: 7.3.2  TimeStamp: 2026/03/09-00:03:37-GMT  BuildTime: Aug  4 2022 06:17:15  BuildStamp: freesurfer-linux-ubuntu22_x86_64-7.3.2-20220804-6354275  User: oesteban  Machine: dna063  Platform: Linux  PlatformVersion: 5.14.0-427.37.1.el9_4.x86_64  CompilerName: GCC  CompilerVersion: 8.4.0
ProgramName: mri_ca_normalize  ProgramArguments: mri_ca_normalize -all-info  ProgramVersion: 7.3.2  TimeStamp: 2026/03/09-00:03:37-GMT  BuildTime: Aug  4 2022 06:17:15  BuildStamp: freesurfer-linux-ubuntu22_x86_64-7.3.2-20220804-6354275  User: oesteban  Machine: dna063  Platform: Linux  PlatformVersion: 5.14.0-427.37.1.el9_4.x86_64  CompilerName: GCC  CompilerVersion: 8.4.0
ProgramName: mri_ca_register  ProgramArguments: mri_ca_register -all-info  ProgramVersion: 7.3.2  TimeStamp: 2026/03/09-00:03:37-GMT  BuildTime: Aug  4 2022 06:17:15  BuildStamp: freesurfer-linux-ubuntu22_x86_64-7.3.2-20220804-6354275  User: oesteban  Machine: dna063  Platform: Linux  PlatformVersion: 5.14.0-427.37.1.el9_4.x86_64  CompilerName: GCC  CompilerVersion: 8.4.0
ProgramName: mri_cc  ProgramArguments: mri_cc -all-info  ProgramVersion: 7.3.2  TimeStamp: 2026/03/09-00:03:37-GMT  BuildTime: Aug  4 2022 06:17:15  BuildStamp: freesurfer-linux-ubuntu22_x86_64-7.3.2-20220804-6354275  User: oesteban  Machine: dna063  Platform: Linux  PlatformVersion: 5.14.0-427.37.1.el9_4.x86_64  CompilerName: GCC  CompilerVersion: 8.4.0
ProgramName: mri_compute_overlap  ProgramArguments: mri_compute_overlap -all-info  ProgramVersion: 7.3.2  TimeStamp: 2026/03/09-00:03:37-GMT  BuildTime: Aug  4 2022 06:17:15  BuildStamp: freesurfer-linux-ubuntu22_x86_64-7.3.2-20220804-6354275  User: oesteban  Machine: dna063  Platform: Linux  PlatformVersion: 5.14.0-427.37.1.el9_4.x86_64  CompilerName: GCC  CompilerVersion: 8.4.0
ProgramName: mri_compute_seg_overlap  ProgramArguments: mri_compute_seg_overlap -all-info  ProgramVersion: 7.3.2  TimeStamp: 2026/03/09-00:03:37-GMT  BuildTime: Aug  4 2022 06:17:15  BuildStamp: freesurfer-linux-ubuntu22_x86_64-7.3.2-20220804-6354275  User: oesteban  Machine: dna063  Platform: Linux  PlatformVersion: 5.14.0-427.37.1.el9_4.x86_64  CompilerName: GCC  CompilerVersion: 8.4.0
ProgramName: mri_concat  ProgramArguments: mri_concat -all-info  ProgramVersion: 7.3.2  TimeStamp: 2026/03/09-00:03:37-GMT  BuildTime: Aug  4 2022 06:17:15  BuildStamp: freesurfer-linux-ubuntu22_x86_64-7.3.2-20220804-6354275  User: oesteban  Machine: dna063  Platform: Linux  PlatformVersion: 5.14.0-427.37.1.el9_4.x86_64  CompilerName: GCC  CompilerVersion: 8.4.0
ProgramName: mri_concatenate_lta  ProgramArguments: mri_concatenate_lta -all-info  ProgramVersion: 7.3.2  TimeStamp: 2026/03/09-00:03:37-GMT  BuildTime: Aug  4 2022 06:17:15  BuildStamp: freesurfer-linux-ubuntu22_x86_64-7.3.2-20220804-6354275  User: oesteban  Machine: dna063  Platform: Linux  PlatformVersion: 5.14.0-427.37.1.el9_4.x86_64  CompilerName: GCC  CompilerVersion: 8.4.0
mri_convert -all-info 
ProgramName: mri_convert  ProgramArguments: mri_convert -all-info  ProgramVersion: 7.3.2  TimeStamp: 2026/03/09-00:03:37-GMT  BuildTime: Aug  4 2022 06:17:15  BuildStamp: freesurfer-linux-ubuntu22_x86_64-7.3.2-20220804-6354275  User: oesteban  Machine: dna063  Platform: Linux  PlatformVersion: 5.14.0-427.37.1.el9_4.x86_64  CompilerName: GCC  CompilerVersion: 8.4.0
ProgramName: mri_diff  ProgramArguments: mri_diff -all-info  ProgramVersion: 7.3.2  TimeStamp: 2026/03/09-00:03:37-GMT  BuildTime: Aug  4 2022 06:17:15  BuildStamp: freesurfer-linux-ubuntu22_x86_64-7.3.2-20220804-6354275  User: oesteban  Machine: dna063  Platform: Linux  PlatformVersion: 5.14.0-427.37.1.el9_4.x86_64  CompilerName: GCC  CompilerVersion: 8.4.0
ProgramName: mri_edit_wm_with_aseg  ProgramArguments: mri_edit_wm_with_aseg -all-info  ProgramVersion: 7.3.2  TimeStamp: 2026/03/09-00:03:37-GMT  BuildTime: Aug  4 2022 06:17:15  BuildStamp: freesurfer-linux-ubuntu22_x86_64-7.3.2-20220804-6354275  User: oesteban  Machine: dna063  Platform: Linux  PlatformVersion: 5.14.0-427.37.1.el9_4.x86_64  CompilerName: GCC  CompilerVersion: 8.4.0
ProgramName: mri_em_register  ProgramArguments: mri_em_register -all-info  ProgramVersion: 7.3.2  TimeStamp: 2026/03/09-00:03:37-GMT  BuildTime: Aug  4 2022 06:17:15  BuildStamp: freesurfer-linux-ubuntu22_x86_64-7.3.2-20220804-6354275  User: oesteban  Machine: dna063  Platform: Linux  PlatformVersion: 5.14.0-427.37.1.el9_4.x86_64  CompilerName: GCC  CompilerVersion: 8.4.0
ProgramName: mri_fill  ProgramArguments: mri_fill -all-info  ProgramVersion: 7.3.2  TimeStamp: 2026/03/09-00:03:37-GMT  BuildTime: Aug  4 2022 06:17:15  BuildStamp: freesurfer-linux-ubuntu22_x86_64-7.3.2-20220804-6354275  User: oesteban  Machine: dna063  Platform: Linux  PlatformVersion: 5.14.0-427.37.1.el9_4.x86_64  CompilerName: GCC  CompilerVersion: 8.4.0
ProgramName: mri_fuse_segmentations  ProgramArguments: mri_fuse_segmentations -all-info  ProgramVersion: 7.3.2  TimeStamp: 2026/03/09-00:03:37-GMT  BuildTime: Aug  4 2022 06:17:15  BuildStamp: freesurfer-linux-ubuntu22_x86_64-7.3.2-20220804-6354275  User: oesteban  Machine: dna063  Platform: Linux  PlatformVersion: 5.14.0-427.37.1.el9_4.x86_64  CompilerName: GCC  CompilerVersion: 8.4.0
ProgramName: mri_fwhm  ProgramArguments: mri_fwhm -all-info  ProgramVersion: 7.3.2  TimeStamp: 2026/03/09-00:03:37-GMT  BuildTime: Aug  4 2022 06:17:15  BuildStamp: freesurfer-linux-ubuntu22_x86_64-7.3.2-20220804-6354275  User: oesteban  Machine: dna063  Platform: Linux  PlatformVersion: 5.14.0-427.37.1.el9_4.x86_64  CompilerName: GCC  CompilerVersion: 8.4.0
ProgramName: mri_gcut  ProgramArguments: mri_gcut -all-info  ProgramVersion: 7.3.2  TimeStamp: 2026/03/09-00:03:37-GMT  BuildTime: Aug  4 2022 06:17:15  BuildStamp: freesurfer-linux-ubuntu22_x86_64-7.3.2-20220804-6354275  User: oesteban  Machine: dna063  Platform: Linux  PlatformVersion: 5.14.0-427.37.1.el9_4.x86_64  CompilerName: GCC  CompilerVersion: 8.4.0
ProgramName: mri_info  ProgramArguments: mri_info -all-info  ProgramVersion: 7.3.2  TimeStamp: 2026/03/09-00:03:37-GMT  BuildTime: Aug  4 2022 06:17:15  BuildStamp: freesurfer-linux-ubuntu22_x86_64-7.3.2-20220804-6354275  User: oesteban  Machine: dna063  Platform: Linux  PlatformVersion: 5.14.0-427.37.1.el9_4.x86_64  CompilerName: GCC  CompilerVersion: 8.4.0
ProgramName: mri_label2label  ProgramArguments: mri_label2label -all-info  ProgramVersion: 7.3.2  TimeStamp: 2026/03/09-00:03:37-GMT  BuildTime: Aug  4 2022 06:17:15  BuildStamp: freesurfer-linux-ubuntu22_x86_64-7.3.2-20220804-6354275  User: oesteban  Machine: dna063  Platform: Linux  PlatformVersion: 5.14.0-427.37.1.el9_4.x86_64  CompilerName: GCC  CompilerVersion: 8.4.0
ProgramName: mri_label2vol  ProgramArguments: mri_label2vol -all-info  ProgramVersion: 7.3.2  TimeStamp: 2026/03/09-00:03:37-GMT  BuildTime: Aug  4 2022 06:17:15  BuildStamp: freesurfer-linux-ubuntu22_x86_64-7.3.2-20220804-6354275  User: oesteban  Machine: dna063  Platform: Linux  PlatformVersion: 5.14.0-427.37.1.el9_4.x86_64  CompilerName: GCC  CompilerVersion: 8.4.0
ProgramName: mri_log_likelihood  ProgramArguments: mri_log_likelihood -all-info  ProgramVersion: 7.3.2  TimeStamp: 2026/03/09-00:03:37-GMT  BuildTime: Aug  4 2022 06:17:15  BuildStamp: freesurfer-linux-ubuntu22_x86_64-7.3.2-20220804-6354275  User: oesteban  Machine: dna063  Platform: Linux  PlatformVersion: 5.14.0-427.37.1.el9_4.x86_64  CompilerName: GCC  CompilerVersion: 8.4.0
ProgramName: mri_mask  ProgramArguments: mri_mask -all-info  ProgramVersion: 7.3.2  TimeStamp: 2026/03/09-00:03:37-GMT  BuildTime: Aug  4 2022 06:17:15  BuildStamp: freesurfer-linux-ubuntu22_x86_64-7.3.2-20220804-6354275  User: oesteban  Machine: dna063  Platform: Linux  PlatformVersion: 5.14.0-427.37.1.el9_4.x86_64  CompilerName: GCC  CompilerVersion: 8.4.0
ProgramName: mri_matrix_multiply  ProgramArguments: mri_matrix_multiply -all-info  ProgramVersion: 7.3.2  TimeStamp: 2026/03/09-00:03:37-GMT  BuildTime: Aug  4 2022 06:17:15  BuildStamp: freesurfer-linux-ubuntu22_x86_64-7.3.2-20220804-6354275  User: oesteban  Machine: dna063  Platform: Linux  PlatformVersion: 5.14.0-427.37.1.el9_4.x86_64  CompilerName: GCC  CompilerVersion: 8.4.0
ProgramName: mri_normalize  ProgramArguments: mri_normalize -all-info  ProgramVersion: 7.3.2  TimeStamp: 2026/03/09-00:03:37-GMT  BuildTime: Aug  4 2022 06:17:15  BuildStamp: freesurfer-linux-ubuntu22_x86_64-7.3.2-20220804-6354275  User: oesteban  Machine: dna063  Platform: Linux  PlatformVersion: 5.14.0-427.37.1.el9_4.x86_64  CompilerName: GCC  CompilerVersion: 8.4.0
ProgramName: mri_normalize_tp2  ProgramArguments: mri_normalize_tp2 -all-info  ProgramVersion: 7.3.2  TimeStamp: 2026/03/09-00:03:37-GMT  BuildTime: Aug  4 2022 06:17:15  BuildStamp: freesurfer-linux-ubuntu22_x86_64-7.3.2-20220804-6354275  User: oesteban  Machine: dna063  Platform: Linux  PlatformVersion: 5.14.0-427.37.1.el9_4.x86_64  CompilerName: GCC  CompilerVersion: 8.4.0
ProgramName: mri_or  ProgramArguments: mri_or -all-info  ProgramVersion: 7.3.2  TimeStamp: 2026/03/09-00:03:37-GMT  BuildTime: Aug  4 2022 06:17:15  BuildStamp: freesurfer-linux-ubuntu22_x86_64-7.3.2-20220804-6354275  User: oesteban  Machine: dna063  Platform: Linux  PlatformVersion: 5.14.0-427.37.1.el9_4.x86_64  CompilerName: GCC  CompilerVersion: 8.4.0
ProgramName: mri_relabel_hypointensities  ProgramArguments: mri_relabel_hypointensities -all-info  ProgramVersion: 7.3.2  TimeStamp: 2026/03/09-00:03:37-GMT  BuildTime: Aug  4 2022 06:17:15  BuildStamp: freesurfer-linux-ubuntu22_x86_64-7.3.2-20220804-6354275  User: oesteban  Machine: dna063  Platform: Linux  PlatformVersion: 5.14.0-427.37.1.el9_4.x86_64  CompilerName: GCC  CompilerVersion: 8.4.0
ProgramName: mri_relabel_nonwm_hypos  ProgramArguments: mri_relabel_nonwm_hypos -all-info  ProgramVersion: 7.3.2  TimeStamp: 2026/03/09-00:03:37-GMT  BuildTime: Aug  4 2022 06:17:15  BuildStamp: freesurfer-linux-ubuntu22_x86_64-7.3.2-20220804-6354275  User: oesteban  Machine: dna063  Platform: Linux  PlatformVersion: 5.14.0-427.37.1.el9_4.x86_64  CompilerName: GCC  CompilerVersion: 8.4.0
ProgramName: mri_remove_neck  ProgramArguments: mri_remove_neck -all-info  ProgramVersion: 7.3.2  TimeStamp: 2026/03/09-00:03:37-GMT  BuildTime: Aug  4 2022 06:17:15  BuildStamp: freesurfer-linux-ubuntu22_x86_64-7.3.2-20220804-6354275  User: oesteban  Machine: dna063  Platform: Linux  PlatformVersion: 5.14.0-427.37.1.el9_4.x86_64  CompilerName: GCC  CompilerVersion: 8.4.0
7.3.2

ProgramName: mri_robust_register  ProgramArguments: mri_robust_register -all-info  ProgramVersion: 7.3.2  TimeStamp: 2026/03/09-00:03:37-GMT  BuildTime: Aug  4 2022 06:17:15  BuildStamp: freesurfer-linux-ubuntu22_x86_64-7.3.2-20220804-6354275  User: oesteban  Machine: dna063  Platform: Linux  PlatformVersion: 5.14.0-427.37.1.el9_4.x86_64  CompilerName: GCC  CompilerVersion: 8.4.0
7.3.2

ProgramName: mri_robust_template  ProgramArguments: mri_robust_template -all-info  ProgramVersion: 7.3.2  TimeStamp: 2026/03/09-00:03:37-GMT  BuildTime: Aug  4 2022 06:17:15  BuildStamp: freesurfer-linux-ubuntu22_x86_64-7.3.2-20220804-6354275  User: oesteban  Machine: dna063  Platform: Linux  PlatformVersion: 5.14.0-427.37.1.el9_4.x86_64  CompilerName: GCC  CompilerVersion: 8.4.0
ProgramName: mris_anatomical_stats  ProgramArguments: mris_anatomical_stats -all-info  ProgramVersion: 7.3.2  TimeStamp: 2026/03/09-00:03:37-GMT  BuildTime: Aug  4 2022 06:17:15  BuildStamp: freesurfer-linux-ubuntu22_x86_64-7.3.2-20220804-6354275  User: oesteban  Machine: dna063  Platform: Linux  PlatformVersion: 5.14.0-427.37.1.el9_4.x86_64  CompilerName: GCC  CompilerVersion: 8.4.0
ProgramName: mris_ca_label  ProgramArguments: mris_ca_label -all-info  ProgramVersion: 7.3.2  TimeStamp: 2026/03/09-00:03:37-GMT  BuildTime: Aug  4 2022 06:17:15  BuildStamp: freesurfer-linux-ubuntu22_x86_64-7.3.2-20220804-6354275  User: oesteban  Machine: dna063  Platform: Linux  PlatformVersion: 5.14.0-427.37.1.el9_4.x86_64  CompilerName: GCC  CompilerVersion: 8.4.0
ProgramName: mris_calc  ProgramArguments: mris_calc -all-info  ProgramVersion: 7.3.2  TimeStamp: 2026/03/09-00:03:37-GMT  BuildTime: Aug  4 2022 06:17:15  BuildStamp: freesurfer-linux-ubuntu22_x86_64-7.3.2-20220804-6354275  User: oesteban  Machine: dna063  Platform: Linux  PlatformVersion: 5.14.0-427.37.1.el9_4.x86_64  CompilerName: GCC  CompilerVersion: 8.4.0
ProgramName: mris_convert  ProgramArguments: mris_convert -all-info  ProgramVersion: 7.3.2  TimeStamp: 2026/03/09-00:03:37-GMT  BuildTime: Aug  4 2022 06:17:15  BuildStamp: freesurfer-linux-ubuntu22_x86_64-7.3.2-20220804-6354275  User: oesteban  Machine: dna063  Platform: Linux  PlatformVersion: 5.14.0-427.37.1.el9_4.x86_64  CompilerName: GCC  CompilerVersion: 8.4.0
ProgramName: mris_curvature  ProgramArguments: mris_curvature -all-info  ProgramVersion: 7.3.2  TimeStamp: 2026/03/09-00:03:37-GMT  BuildTime: Aug  4 2022 06:17:15  BuildStamp: freesurfer-linux-ubuntu22_x86_64-7.3.2-20220804-6354275  User: oesteban  Machine: dna063  Platform: Linux  PlatformVersion: 5.14.0-427.37.1.el9_4.x86_64  CompilerName: GCC  CompilerVersion: 8.4.0
ProgramName: mris_curvature_stats  ProgramArguments: mris_curvature_stats -all-info  ProgramVersion: 7.3.2  TimeStamp: 2026/03/09-00:03:37-GMT  BuildTime: Aug  4 2022 06:17:15  BuildStamp: freesurfer-linux-ubuntu22_x86_64-7.3.2-20220804-6354275  User: oesteban  Machine: dna063  Platform: Linux  PlatformVersion: 5.14.0-427.37.1.el9_4.x86_64  CompilerName: GCC  CompilerVersion: 8.4.0
ProgramName: mris_diff  ProgramArguments: mris_diff -all-info  ProgramVersion: 7.3.2  TimeStamp: 2026/03/09-00:03:37-GMT  BuildTime: Aug  4 2022 06:17:15  BuildStamp: freesurfer-linux-ubuntu22_x86_64-7.3.2-20220804-6354275  User: oesteban  Machine: dna063  Platform: Linux  PlatformVersion: 5.14.0-427.37.1.el9_4.x86_64  CompilerName: GCC  CompilerVersion: 8.4.0
ProgramName: mris_divide_parcellation  ProgramArguments: mris_divide_parcellation -all-info  ProgramVersion: 7.3.2  TimeStamp: 2026/03/09-00:03:37-GMT  BuildTime: Aug  4 2022 06:17:15  BuildStamp: freesurfer-linux-ubuntu22_x86_64-7.3.2-20220804-6354275  User: oesteban  Machine: dna063  Platform: Linux  PlatformVersion: 5.14.0-427.37.1.el9_4.x86_64  CompilerName: GCC  CompilerVersion: 8.4.0
ProgramName: mri_segment  ProgramArguments: mri_segment -all-info  ProgramVersion: 7.3.2  TimeStamp: 2026/03/09-00:03:37-GMT  BuildTime: Aug  4 2022 06:17:15  BuildStamp: freesurfer-linux-ubuntu22_x86_64-7.3.2-20220804-6354275  User: oesteban  Machine: dna063  Platform: Linux  PlatformVersion: 5.14.0-427.37.1.el9_4.x86_64  CompilerName: GCC  CompilerVersion: 8.4.0
ProgramName: mri_segstats  ProgramArguments: mri_segstats -all-info  ProgramVersion: 7.3.2  TimeStamp: 2026/03/09-00:03:37-GMT  BuildTime: Aug  4 2022 06:17:15  BuildStamp: freesurfer-linux-ubuntu22_x86_64-7.3.2-20220804-6354275  User: oesteban  Machine: dna063  Platform: Linux  PlatformVersion: 5.14.0-427.37.1.el9_4.x86_64  CompilerName: GCC  CompilerVersion: 8.4.0
ProgramName: mris_euler_number  ProgramArguments: mris_euler_number -all-info  ProgramVersion: 7.3.2  TimeStamp: 2026/03/09-00:03:37-GMT  BuildTime: Aug  4 2022 06:17:15  BuildStamp: freesurfer-linux-ubuntu22_x86_64-7.3.2-20220804-6354275  User: oesteban  Machine: dna063  Platform: Linux  PlatformVersion: 5.14.0-427.37.1.el9_4.x86_64  CompilerName: GCC  CompilerVersion: 8.4.0
ProgramName: mris_fix_topology  ProgramArguments: mris_fix_topology -all-info  ProgramVersion: 7.3.2  TimeStamp: 2026/03/09-00:03:37-GMT  BuildTime: Aug  4 2022 06:17:15  BuildStamp: freesurfer-linux-ubuntu22_x86_64-7.3.2-20220804-6354275  User: oesteban  Machine: dna063  Platform: Linux  PlatformVersion: 5.14.0-427.37.1.el9_4.x86_64  CompilerName: GCC  CompilerVersion: 8.4.0
ProgramName: mris_topo_fixer  ProgramArguments: mris_topo_fixer -all-info  ProgramVersion: 7.3.2  TimeStamp: 2026/03/09-00:03:37-GMT  BuildTime: Aug  4 2022 06:17:15  BuildStamp: freesurfer-linux-ubuntu22_x86_64-7.3.2-20220804-6354275  User: oesteban  Machine: dna063  Platform: Linux  PlatformVersion: 5.14.0-427.37.1.el9_4.x86_64  CompilerName: GCC  CompilerVersion: 8.4.0
ProgramName: mris_jacobian  ProgramArguments: mris_jacobian -all-info  ProgramVersion: 7.3.2  TimeStamp: 2026/03/09-00:03:37-GMT  BuildTime: Aug  4 2022 06:17:15  BuildStamp: freesurfer-linux-ubuntu22_x86_64-7.3.2-20220804-6354275  User: oesteban  Machine: dna063  Platform: Linux  PlatformVersion: 5.14.0-427.37.1.el9_4.x86_64  CompilerName: GCC  CompilerVersion: 8.4.0
ProgramName: mris_label2annot  ProgramArguments: mris_label2annot -all-info  ProgramVersion: 7.3.2  TimeStamp: 2026/03/09-00:03:37-GMT  BuildTime: Aug  4 2022 06:17:15  BuildStamp: freesurfer-linux-ubuntu22_x86_64-7.3.2-20220804-6354275  User: oesteban  Machine: dna063  Platform: Linux  PlatformVersion: 5.14.0-427.37.1.el9_4.x86_64  CompilerName: GCC  CompilerVersion: 8.4.0
ProgramName: mris_left_right_register  ProgramArguments: mris_left_right_register -all-info  ProgramVersion: 7.3.2  TimeStamp: 2026/03/09-00:03:37-GMT  BuildTime: Aug  4 2022 06:17:15  BuildStamp: freesurfer-linux-ubuntu22_x86_64-7.3.2-20220804-6354275  User: oesteban  Machine: dna063  Platform: Linux  PlatformVersion: 5.14.0-427.37.1.el9_4.x86_64  CompilerName: GCC  CompilerVersion: 8.4.0
ProgramName: mris_place_surface  ProgramArguments: mris_place_surface -all-info  ProgramVersion: 7.3.2  TimeStamp: 2026/03/09-00:03:37-GMT  BuildTime: Aug  4 2022 06:17:15  BuildStamp: freesurfer-linux-ubuntu22_x86_64-7.3.2-20220804-6354275  User: oesteban  Machine: dna063  Platform: Linux  PlatformVersion: 5.14.0-427.37.1.el9_4.x86_64  CompilerName: GCC  CompilerVersion: 8.4.0
ProgramName: mrisp_paint  ProgramArguments: mrisp_paint -all-info  ProgramVersion: 7.3.2  TimeStamp: 2026/03/09-00:03:37-GMT  BuildTime: Aug  4 2022 06:17:15  BuildStamp: freesurfer-linux-ubuntu22_x86_64-7.3.2-20220804-6354275  User: oesteban  Machine: dna063  Platform: Linux  PlatformVersion: 5.14.0-427.37.1.el9_4.x86_64  CompilerName: GCC  CompilerVersion: 8.4.0
ProgramName: mris_register  ProgramArguments: mris_register -all-info  ProgramVersion: 7.3.2  TimeStamp: 2026/03/09-00:03:37-GMT  BuildTime: Aug  4 2022 06:17:15  BuildStamp: freesurfer-linux-ubuntu22_x86_64-7.3.2-20220804-6354275  User: oesteban  Machine: dna063  Platform: Linux  PlatformVersion: 5.14.0-427.37.1.el9_4.x86_64  CompilerName: GCC  CompilerVersion: 8.4.0
ProgramName: mris_smooth  ProgramArguments: mris_smooth -all-info  ProgramVersion: 7.3.2  TimeStamp: 2026/03/09-00:03:37-GMT  BuildTime: Aug  4 2022 06:17:15  BuildStamp: freesurfer-linux-ubuntu22_x86_64-7.3.2-20220804-6354275  User: oesteban  Machine: dna063  Platform: Linux  PlatformVersion: 5.14.0-427.37.1.el9_4.x86_64  CompilerName: GCC  CompilerVersion: 8.4.0
ProgramName: mris_sphere  ProgramArguments: mris_sphere -all-info  ProgramVersion: 7.3.2  TimeStamp: 2026/03/09-00:03:37-GMT  BuildTime: Aug  4 2022 06:17:15  BuildStamp: freesurfer-linux-ubuntu22_x86_64-7.3.2-20220804-6354275  User: oesteban  Machine: dna063  Platform: Linux  PlatformVersion: 5.14.0-427.37.1.el9_4.x86_64  CompilerName: GCC  CompilerVersion: 8.4.0
ProgramName: mris_surface_stats  ProgramArguments: mris_surface_stats -all-info  ProgramVersion: 7.3.2  TimeStamp: 2026/03/09-00:03:37-GMT  BuildTime: Aug  4 2022 06:17:15  BuildStamp: freesurfer-linux-ubuntu22_x86_64-7.3.2-20220804-6354275  User: oesteban  Machine: dna063  Platform: Linux  PlatformVersion: 5.14.0-427.37.1.el9_4.x86_64  CompilerName: GCC  CompilerVersion: 8.4.0
ProgramName: mri_stats2seg  ProgramArguments: mri_stats2seg -all-info  ProgramVersion: 7.3.2  TimeStamp: 2026/03/09-00:03:37-GMT  BuildTime: Aug  4 2022 06:17:15  BuildStamp: freesurfer-linux-ubuntu22_x86_64-7.3.2-20220804-6354275  User: oesteban  Machine: dna063  Platform: Linux  PlatformVersion: 5.14.0-427.37.1.el9_4.x86_64  CompilerName: GCC  CompilerVersion: 8.4.0
ProgramName: mris_thickness  ProgramArguments: mris_thickness -all-info  ProgramVersion: 7.3.2  TimeStamp: 2026/03/09-00:03:37-GMT  BuildTime: Aug  4 2022 06:17:15  BuildStamp: freesurfer-linux-ubuntu22_x86_64-7.3.2-20220804-6354275  User: oesteban  Machine: dna063  Platform: Linux  PlatformVersion: 5.14.0-427.37.1.el9_4.x86_64  CompilerName: GCC  CompilerVersion: 8.4.0
ProgramName: mris_thickness_diff  ProgramArguments: mris_thickness_diff -all-info  ProgramVersion: 7.3.2  TimeStamp: 2026/03/09-00:03:37-GMT  BuildTime: Aug  4 2022 06:17:15  BuildStamp: freesurfer-linux-ubuntu22_x86_64-7.3.2-20220804-6354275  User: oesteban  Machine: dna063  Platform: Linux  PlatformVersion: 5.14.0-427.37.1.el9_4.x86_64  CompilerName: GCC  CompilerVersion: 8.4.0
ProgramName: mris_topo_fixer  ProgramArguments: mris_topo_fixer -all-info  ProgramVersion: 7.3.2  TimeStamp: 2026/03/09-00:03:37-GMT  BuildTime: Aug  4 2022 06:17:15  BuildStamp: freesurfer-linux-ubuntu22_x86_64-7.3.2-20220804-6354275  User: oesteban  Machine: dna063  Platform: Linux  PlatformVersion: 5.14.0-427.37.1.el9_4.x86_64  CompilerName: GCC  CompilerVersion: 8.4.0
ProgramName: mri_surf2surf  ProgramArguments: mri_surf2surf -all-info  ProgramVersion: 7.3.2  TimeStamp: 2026/03/09-00:03:37-GMT  BuildTime: Aug  4 2022 06:17:15  BuildStamp: freesurfer-linux-ubuntu22_x86_64-7.3.2-20220804-6354275  User: oesteban  Machine: dna063  Platform: Linux  PlatformVersion: 5.14.0-427.37.1.el9_4.x86_64  CompilerName: GCC  CompilerVersion: 8.4.0
ProgramName: mri_surf2vol  ProgramArguments: mri_surf2vol -all-info  ProgramVersion: 7.3.2  TimeStamp: 2026/03/09-00:03:37-GMT  BuildTime: Aug  4 2022 06:17:15  BuildStamp: freesurfer-linux-ubuntu22_x86_64-7.3.2-20220804-6354275  User: oesteban  Machine: dna063  Platform: Linux  PlatformVersion: 5.14.0-427.37.1.el9_4.x86_64  CompilerName: GCC  CompilerVersion: 8.4.0
ProgramName: mri_surfcluster  ProgramArguments: mri_surfcluster -all-info  ProgramVersion: 7.3.2  TimeStamp: 2026/03/09-00:03:37-GMT  BuildTime: Aug  4 2022 06:17:15  BuildStamp: freesurfer-linux-ubuntu22_x86_64-7.3.2-20220804-6354275  User: oesteban  Machine: dna063  Platform: Linux  PlatformVersion: 5.14.0-427.37.1.el9_4.x86_64  CompilerName: GCC  CompilerVersion: 8.4.0
ProgramName: mris_volmask  ProgramArguments: mris_volmask -all-info  ProgramVersion: 7.3.2  TimeStamp: 2026/03/09-00:03:37-GMT  BuildTime: Aug  4 2022 06:17:15  BuildStamp: freesurfer-linux-ubuntu22_x86_64-7.3.2-20220804-6354275  User: oesteban  Machine: dna063  Platform: Linux  PlatformVersion: 5.14.0-427.37.1.el9_4.x86_64  CompilerName: GCC  CompilerVersion: 8.4.0
ProgramName: mri_tessellate  ProgramArguments: mri_tessellate -all-info  ProgramVersion: 7.3.2  TimeStamp: 2026/03/09-00:03:37-GMT  BuildTime: Aug  4 2022 06:17:15  BuildStamp: freesurfer-linux-ubuntu22_x86_64-7.3.2-20220804-6354275  User: oesteban  Machine: dna063  Platform: Linux  PlatformVersion: 5.14.0-427.37.1.el9_4.x86_64  CompilerName: GCC  CompilerVersion: 8.4.0
ProgramName: mri_vol2surf  ProgramArguments: mri_vol2surf -all-info  ProgramVersion: 7.3.2  TimeStamp: 2026/03/09-00:03:37-GMT  BuildTime: Aug  4 2022 06:17:15  BuildStamp: freesurfer-linux-ubuntu22_x86_64-7.3.2-20220804-6354275  User: oesteban  Machine: dna063  Platform: Linux  PlatformVersion: 5.14.0-427.37.1.el9_4.x86_64  CompilerName: GCC  CompilerVersion: 8.4.0
ProgramName: mri_vol2vol  ProgramArguments: mri_vol2vol -all-info  ProgramVersion: 7.3.2  TimeStamp: 2026/03/09-00:03:37-GMT  BuildTime: Aug  4 2022 06:17:15  BuildStamp: freesurfer-linux-ubuntu22_x86_64-7.3.2-20220804-6354275  User: oesteban  Machine: dna063  Platform: Linux  PlatformVersion: 5.14.0-427.37.1.el9_4.x86_64  CompilerName: GCC  CompilerVersion: 8.4.0
ProgramName: mri_voldiff  ProgramArguments: mri_voldiff -all-info  ProgramVersion: 7.3.2  TimeStamp: 2026/03/09-00:03:37-GMT  BuildTime: Aug  4 2022 06:17:15  BuildStamp: freesurfer-linux-ubuntu22_x86_64-7.3.2-20220804-6354275  User: oesteban  Machine: dna063  Platform: Linux  PlatformVersion: 5.14.0-427.37.1.el9_4.x86_64  CompilerName: GCC  CompilerVersion: 8.4.0
ProgramName: mri_watershed  ProgramArguments: mri_watershed -all-info  ProgramVersion: 7.3.2  TimeStamp: 2026/03/09-00:03:37-GMT  BuildTime: Aug  4 2022 06:17:15  BuildStamp: freesurfer-linux-ubuntu22_x86_64-7.3.2-20220804-6354275  User: oesteban  Machine: dna063  Platform: Linux  PlatformVersion: 5.14.0-427.37.1.el9_4.x86_64  CompilerName: GCC  CompilerVersion: 8.4.0
ProgramName: tkregister2  ProgramArguments: tkregister2_cmdl -all-info  ProgramVersion: 7.3.2  TimeStamp: 2026/03/09-00:03:37-GMT  BuildTime: Aug  4 2022 06:17:15  BuildStamp: freesurfer-linux-ubuntu22_x86_64-7.3.2-20220804-6354275  User: oesteban  Machine: dna063  Platform: Linux  PlatformVersion: 5.14.0-427.37.1.el9_4.x86_64  CompilerName: GCC  CompilerVersion: 8.4.0
mri_motion_correct.fsl 7.3.2
mri_convert -all-info 
ProgramName: mri_convert  ProgramArguments: mri_convert -all-info  ProgramVersion: 7.3.2  TimeStamp: 2026/03/09-00:03:37-GMT  BuildTime: Aug  4 2022 06:17:15  BuildStamp: freesurfer-linux-ubuntu22_x86_64-7.3.2-20220804-6354275  User: oesteban  Machine: dna063  Platform: Linux  PlatformVersion: 5.14.0-427.37.1.el9_4.x86_64  CompilerName: GCC  CompilerVersion: 8.4.0
Program nu_correct, built from:
Package MNI N3, version 1.12.0, compiled by nicks@terrier (x86_64-unknown-linux-gnu) on 2015-06-19 at 01:25:34
#######################################
GCADIR /opt/freesurfer/average
GCA RB_all_2020-01-02.gca
GCASkull RB_all_withskull_2020_01_02.gca
AvgCurvTif folding.atlas.acfb40.noaparc.i12.2016-08-02.tif
GCSDIR /opt/freesurfer/average
GCS DKaparc.atlas.acfb40.noaparc.i12.2016-08-02.gcs
#######################################
#--------------------------------------
#@# CA Normalize Mon Mar  9 01:03:37 CET 2026
/out/sourcedata/freesurfer/sub-v1s16x0051199_ses-1/mri

 mri_ca_normalize -c ctrl_pts.mgz -mask brainmask.mgz nu.mgz /opt/freesurfer/average/RB_all_2020-01-02.gca transforms/talairach.lta norm.mgz 

writing control point volume to ctrl_pts.mgz
using MR volume brainmask.mgz to mask input volume...
reading 1 input volume
reading atlas from '/opt/freesurfer/average/RB_all_2020-01-02.gca'...
reading transform from 'transforms/talairach.lta'...
reading input volume from nu.mgz...
resetting wm mean[0]: 98 --> 107
resetting gm mean[0]: 61 --> 61
input volume #1 is the most T1-like
using real data threshold=19.0
skull bounding box = (61, 55, 44) --> (190, 159, 206)
finding center of left hemi white matter
using (104, 90, 125) as brain centroid of Right_Cerebral_White_Matter...
mean wm in atlas = 107, using box (88,77,105) --> (119, 102,144) to find MRI wm
before smoothing, mri peak at 103
robust fit to distribution - 102 +- 10.1
distribution too broad for accurate scaling - disabling
after smoothing, mri peak at 107, scaling input intensities by 1.000
scaling channel 0 by 1
using 246437 sample points...
INFO: compute sample coordinates transform
 1.09803  -0.09889   0.01911  -3.37334;
 0.09277   1.20120  -0.09953  -14.24261;
-0.01727   0.12686   0.99333  -25.65095;
 0.00000   0.00000   0.00000   1.00000;
INFO: transform used
finding control points in Left_Cerebral_White_Matter....
found 40230 control points for structure...
bounding box (125, 54, 39) --> (187, 153, 209)
Left_Cerebral_White_Matter: limiting intensities to 89.0 --> 132.0
1 of 1620 (0.1%) samples deleted
finding control points in Right_Cerebral_White_Matter....
found 39478 control points for structure...
bounding box (66, 56, 40) --> (127, 159, 209)
Right_Cerebral_White_Matter: limiting intensities to 88.0 --> 132.0
5 of 1886 (0.3%) samples deleted
finding control points in Left_Cerebellum_White_Matter....
found 3105 control points for structure...
bounding box (129, 121, 58) --> (175, 158, 113)
Left_Cerebellum_White_Matter: limiting intensities to 98.0 --> 132.0
0 of 189 (0.0%) samples deleted
finding control points in Right_Cerebellum_White_Matter....
found 2710 control points for structure...
bounding box (90, 121, 55) --> (129, 160, 114)
Right_Cerebellum_White_Matter: limiting intensities to 99.0 --> 132.0
0 of 67 (0.0%) samples deleted
finding control points in Brain_Stem....
found 3475 control points for structure...
bounding box (113, 119, 91) --> (146, 175, 125)
Brain_Stem: limiting intensities to 97.0 --> 132.0
1 of 301 (0.3%) samples deleted
using 4063 total control points for intensity normalization...
bias field = 0.960 +- 0.100
0 of 4056 control points discarded
finding control points in Left_Cerebral_White_Matter....
found 40230 control points for structure...
bounding box (125, 54, 39) --> (187, 153, 209)
Left_Cerebral_White_Matter: limiting intensities to 88.0 --> 132.0
2 of 1711 (0.1%) samples deleted
finding control points in Right_Cerebral_White_Matter....
found 39478 control points for structure...
bounding box (66, 56, 40) --> (127, 159, 209)
Right_Cerebral_White_Matter: limiting intensities to 88.0 --> 132.0
10 of 2055 (0.5%) samples deleted
finding control points in Left_Cerebellum_White_Matter....
found 3105 control points for structure...
bounding box (129, 121, 58) --> (175, 158, 113)
Left_Cerebellum_White_Matter: limiting intensities to 88.0 --> 132.0
1 of 240 (0.4%) samples deleted
finding control points in Right_Cerebellum_White_Matter....
found 2710 control points for structure...
bounding box (90, 121, 55) --> (129, 160, 114)
Right_Cerebellum_White_Matter: limiting intensities to 88.0 --> 132.0
2 of 102 (2.0%) samples deleted
finding control points in Brain_Stem....
found 3475 control points for structure...
bounding box (113, 119, 91) --> (146, 175, 125)
Brain_Stem: limiting intensities to 88.0 --> 132.0
7 of 395 (1.8%) samples deleted
using 4503 total control points for intensity normalization...
bias field = 0.979 +- 0.072
2 of 4426 control points discarded
finding control points in Left_Cerebral_White_Matter....
found 40230 control points for structure...
bounding box (125, 54, 39) --> (187, 153, 209)
Left_Cerebral_White_Matter: limiting intensities to 88.0 --> 132.0
4 of 1768 (0.2%) samples deleted
finding control points in Right_Cerebral_White_Matter....
found 39478 control points for structure...
bounding box (66, 56, 40) --> (127, 159, 209)
Right_Cerebral_White_Matter: limiting intensities to 88.0 --> 132.0
0 of 2018 (0.0%) samples deleted
finding control points in Left_Cerebellum_White_Matter....
found 3105 control points for structure...
bounding box (129, 121, 58) --> (175, 158, 113)
Left_Cerebellum_White_Matter: limiting intensities to 88.0 --> 132.0
65 of 309 (21.0%) samples deleted
finding control points in Right_Cerebellum_White_Matter....
found 2710 control points for structure...
bounding box (90, 121, 55) --> (129, 160, 114)
Right_Cerebellum_White_Matter: limiting intensities to 88.0 --> 132.0
25 of 140 (17.9%) samples deleted
finding control points in Brain_Stem....
found 3475 control points for structure...
bounding box (113, 119, 91) --> (146, 175, 125)
Brain_Stem: limiting intensities to 88.0 --> 132.0
51 of 420 (12.1%) samples deleted
using 4655 total control points for intensity normalization...
bias field = 0.973 +- 0.057
5 of 4404 control points discarded
writing normalized volume to norm.mgz...
writing control points to ctrl_pts.mgz
freeing GCA...done.
normalization took 1 minutes and 21 seconds.
#--------------------------------------
#@# CA Reg Mon Mar  9 01:04:58 CET 2026
/out/sourcedata/freesurfer/sub-v1s16x0051199_ses-1/mri

 mri_ca_register -nobigventricles -T transforms/talairach.lta -align-after -mask brainmask.mgz norm.mgz /opt/freesurfer/average/RB_all_2020-01-02.gca transforms/talairach.m3z 

not handling expanded ventricles...
using previously computed transform transforms/talairach.lta
renormalizing sequences with structure alignment, equivalent to:
	-renormalize
	-regularize_mean 0.500
	-regularize 0.500
using MR volume brainmask.mgz to mask input volume...

== Number of threads available to mri_ca_register for OpenMP = 16 == 
reading 1 input volumes...
logging results to talairach.log
reading input volume 'norm.mgz'...
reading GCA '/opt/freesurfer/average/RB_all_2020-01-02.gca'...
label assignment complete, 0 changed (0.00%)
freeing gibbs priors...done.
average std[0] = 5.0
Starting GCAMregister()
label assignment complete, 0 changed (0.00%)
npasses = 1, nlevels = 6
#pass# 1 of 1 ************************
enabling zero nodes
setting smoothness cost coefficient to 0.156

#GCAMreg# pass 0 level1 5 level2 0 tsec 0 sigma 2
l_jacobian=1.00 l_label=1.00 l_log_likelihood=0.20 l_smoothness=0.16 
tol=2.50e-01, dt=5.00e-02, exp_k=20.0, momentum=0.90, levels=6, niter=500, lbl_dist=10.00, avgs=256, sigma=2.0,type=2, relabel=0, neg=no

blurring input image with Gaussian with sigma=2.000...
GCAMRegisterLevel(): init RMS 0.911222
#FOTS# QuadFit found better minimum quadopt=(dt=221.952,rms=0.776703) vs oldopt=(dt=369.92,rms=0.817231)
#GCMRL#    0 dt 221.952000 rms  0.777 14.762% neg 0  invalid 762 tFOTS 3.1370 tGradient 2.6930 tsec 6.0740
#FOTS# QuadFit found better minimum quadopt=(dt=295.936,rms=0.740573) vs oldopt=(dt=369.92,rms=0.743071)
#GCMRL#    1 dt 295.936000 rms  0.741  4.652% neg 0  invalid 762 tFOTS 3.3550 tGradient 2.7890 tsec 6.3870
#FOTS# QuadFit found better minimum quadopt=(dt=129.472,rms=0.734946) vs oldopt=(dt=92.48,rms=0.735574)
#GCMRL#    2 dt 129.472000 rms  0.735  0.760% neg 0  invalid 762 tFOTS 3.3080 tGradient 2.9550 tsec 6.5050
#FOTS# QuadFit found better minimum quadopt=(dt=517.888,rms=0.724722) vs oldopt=(dt=369.92,rms=0.726783)
#GCMRL#    3 dt 517.888000 rms  0.725  1.391% neg 0  invalid 762 tFOTS 3.3130 tGradient 3.0100 tsec 6.5660
#FOTS# QuadFit found better minimum quadopt=(dt=129.472,rms=0.722587) vs oldopt=(dt=92.48,rms=0.723048)
#GCMRL#    4 dt 129.472000 rms  0.723  0.295% neg 0  invalid 762 tFOTS 3.3090 tGradient 2.9630 tsec 6.5150
#FOTS# QuadFit found better minimum quadopt=(dt=1183.74,rms=0.715032) vs oldopt=(dt=1479.68,rms=0.715251)
#GCMRL#    5 dt 1183.744000 rms  0.715  1.046% neg 0  invalid 762 tFOTS 3.3380 tGradient 2.8490 tsec 6.4380
#FOTS# QuadFit found better minimum quadopt=(dt=110.976,rms=0.711278) vs oldopt=(dt=92.48,rms=0.711388)
#GCMRL#    6 dt 110.976000 rms  0.711  0.525% neg 0  invalid 762 tFOTS 3.3130 tGradient 2.7630 tsec 6.3210
#FOTS# QuadFit found better minimum quadopt=(dt=443.904,rms=0.710146) vs oldopt=(dt=369.92,rms=0.710163)
#GCMRL#    7 dt 443.904000 rms  0.710  0.000% neg 0  invalid 762 tFOTS 3.2740 tGradient 2.8050 tsec 6.3660

#GCAMreg# pass 0 level1 5 level2 1 tsec 63.666 sigma 0.5
l_jacobian=1.00 l_label=1.00 l_log_likelihood=0.20 l_smoothness=0.16 
tol=2.50e-01, dt=5.00e-02, exp_k=20.0, momentum=0.90, levels=6, niter=500, lbl_dist=10.00, avgs=256, sigma=0.5,type=2, relabel=0, neg=no

blurring input image with Gaussian with sigma=0.500...
GCAMRegisterLevel(): init RMS 0.710797
#FOTS# QuadFit found better minimum quadopt=(dt=129.472,rms=0.708013) vs oldopt=(dt=92.48,rms=0.708431)
#GCMRL#    9 dt 129.472000 rms  0.708  0.392% neg 0  invalid 762 tFOTS 3.3600 tGradient 2.7730 tsec 6.3790
#FOTS# QuadFit found better minimum quadopt=(dt=443.904,rms=0.706605) vs oldopt=(dt=369.92,rms=0.706667)
#GCMRL#   10 dt 443.904000 rms  0.707  0.000% neg 0  invalid 762 tFOTS 3.3400 tGradient 2.8460 tsec 6.4530
#GCMRL#   11 dt 443.904000 rms  0.705  0.268% neg 0  invalid 762 tFOTS 0.0000 tGradient 2.7510 tsec 2.9960
#GCMRL#   12 dt 443.904000 rms  0.704  0.093% neg 0  invalid 762 tFOTS 0.0000 tGradient 3.0260 tsec 3.2630
#GCMRL#   13 dt 443.904000 rms  0.702  0.301% neg 0  invalid 762 tFOTS 0.0000 tGradient 2.8300 tsec 3.0680
#GCMRL#   14 dt 443.904000 rms  0.702 -0.142% neg 0  invalid 762 tFOTS 0.0000 tGradient 2.9290 tsec 3.3420
#FOTS# QuadFit found better minimum quadopt=(dt=110.976,rms=0.70043) vs oldopt=(dt=92.48,rms=0.700445)
#GCMRL#   15 dt 110.976000 rms  0.700  0.207% neg 0  invalid 762 tFOTS 3.4840 tGradient 2.9100 tsec 6.6400
#FOTS# QuadFit found better minimum quadopt=(dt=517.888,rms=0.699534) vs oldopt=(dt=369.92,rms=0.699668)
setting smoothness cost coefficient to 0.615

#GCAMreg# pass 0 level1 4 level2 0 tsec 0 sigma 2
l_jacobian=1.00 l_label=1.00 l_log_likelihood=0.20 l_smoothness=0.62 
tol=2.50e-01, dt=5.00e-02, exp_k=20.0, momentum=0.90, levels=6, niter=500, lbl_dist=10.00, avgs=64, sigma=2.0,type=2, relabel=0, neg=no

blurring input image with Gaussian with sigma=2.000...
GCAMRegisterLevel(): init RMS 0.708993
#FOTS# QuadFit found better minimum quadopt=(dt=70.8368,rms=0.704345) vs oldopt=(dt=103.68,rms=0.705041)
#GCMRL#   17 dt  70.836795 rms  0.704  0.656% neg 0  invalid 762 tFOTS 3.3430 tGradient 2.3430 tsec 5.9340
#FOTS# QuadFit found better minimum quadopt=(dt=248.832,rms=0.691965) vs oldopt=(dt=414.72,rms=0.695373)
#GCMRL#   18 dt 248.832000 rms  0.692  1.758% neg 0  invalid 762 tFOTS 3.3710 tGradient 2.2860 tsec 5.9070
#FOTS# QuadFit found better minimum quadopt=(dt=41.6807,rms=0.688913) vs oldopt=(dt=25.92,rms=0.68925)
#GCMRL#   19 dt  41.680672 rms  0.689  0.441% neg 0  invalid 762 tFOTS 3.3500 tGradient 2.2760 tsec 5.8720
#FOTS# QuadFit found better minimum quadopt=(dt=248.832,rms=0.68592) vs oldopt=(dt=414.72,rms=0.686565)
#GCMRL#   20 dt 248.832000 rms  0.686  0.434% neg 0  invalid 762 tFOTS 3.3710 tGradient 2.3770 tsec 6.0510
#FOTS# QuadFit found better minimum quadopt=(dt=82.944,rms=0.6817) vs oldopt=(dt=103.68,rms=0.682018)
#GCMRL#   21 dt  82.944000 rms  0.682  0.615% neg 0  invalid 762 tFOTS 3.4320 tGradient 2.3000 tsec 6.0370
#FOTS# QuadFit found better minimum quadopt=(dt=20.736,rms=0.681506) vs oldopt=(dt=25.92,rms=0.681524)
#GCMRL#   22 dt  20.736000 rms  0.682  0.000% neg 0  invalid 762 tFOTS 3.3920 tGradient 2.2820 tsec 5.9420
#GCMRL#   23 dt  20.736000 rms  0.682  0.001% neg 0  invalid 762 tFOTS 0.0000 tGradient 2.1930 tsec 2.4380

#GCAMreg# pass 0 level1 4 level2 1 tsec 50.004 sigma 0.5
l_jacobian=1.00 l_label=1.00 l_log_likelihood=0.20 l_smoothness=0.62 
tol=2.50e-01, dt=5.00e-02, exp_k=20.0, momentum=0.90, levels=6, niter=500, lbl_dist=10.00, avgs=64, sigma=0.5,type=2, relabel=0, neg=no

blurring input image with Gaussian with sigma=0.500...
GCAMRegisterLevel(): init RMS 0.682155
#FOTS# QuadFit found better minimum quadopt=(dt=20.736,rms=0.68139) vs oldopt=(dt=25.92,rms=0.681394)
#GCMRL#   25 dt  20.736000 rms  0.681  0.112% neg 0  invalid 762 tFOTS 3.4530 tGradient 2.1940 tsec 5.9720
#FOTS# QuadFit found better minimum quadopt=(dt=2.268,rms=0.681385) vs oldopt=(dt=1.62,rms=0.681385)
#GCMRL#   26 dt   2.268000 rms  0.681  0.000% neg 0  invalid 762 tFOTS 3.5890 tGradient 2.2210 tsec 6.0740
setting smoothness cost coefficient to 2.353

#GCAMreg# pass 0 level1 3 level2 0 tsec 0 sigma 2
l_jacobian=1.00 l_label=1.00 l_log_likelihood=0.20 l_smoothness=2.35 
tol=2.50e-01, dt=5.00e-02, exp_k=20.0, momentum=0.90, levels=6, niter=500, lbl_dist=10.00, avgs=16, sigma=2.0,type=2, relabel=0, neg=no

blurring input image with Gaussian with sigma=2.000...
GCAMRegisterLevel(): init RMS 0.710866
#FOTS# QuadFit found better minimum quadopt=(dt=0.7,rms=0.71022) vs oldopt=(dt=0.5,rms=0.710223)
#GCMRL#   28 dt   0.700000 rms  0.710  0.091% neg 0  invalid 762 tFOTS 3.1730 tGradient 1.8140 tsec 5.2370
#FOTS# QuadFit found better minimum quadopt=(dt=0.175,rms=0.71021) vs oldopt=(dt=0.125,rms=0.710211)
#GCMRL#   29 dt   0.175000 rms  0.710  0.000% neg 0  invalid 762 tFOTS 3.3060 tGradient 1.7940 tsec 5.3690

#GCAMreg# pass 0 level1 3 level2 1 tsec 21.974 sigma 0.5
l_jacobian=1.00 l_label=1.00 l_log_likelihood=0.20 l_smoothness=2.35 
tol=2.50e-01, dt=5.00e-02, exp_k=20.0, momentum=0.90, levels=6, niter=500, lbl_dist=10.00, avgs=16, sigma=0.5,type=2, relabel=0, neg=no

blurring input image with Gaussian with sigma=0.500...
GCAMRegisterLevel(): init RMS 0.710838
#FOTS# QuadFit found better minimum quadopt=(dt=0.001,rms=0.710212) vs oldopt=(dt=0.00125,rms=0.710212)
#GCMRL#   31 dt   0.001000 rms  0.710  0.088% neg 0  invalid 762 tFOTS 4.1910 tGradient 1.8390 tsec 6.2790
setting smoothness cost coefficient to 8.000

#GCAMreg# pass 0 level1 2 level2 0 tsec 0 sigma 2
l_jacobian=1.00 l_label=1.00 l_log_likelihood=0.20 l_smoothness=8.00 
tol=2.50e-01, dt=5.00e-02, exp_k=20.0, momentum=0.90, levels=6, niter=500, lbl_dist=10.00, avgs=4, sigma=2.0,type=2, relabel=0, neg=no

blurring input image with Gaussian with sigma=2.000...
GCAMRegisterLevel(): init RMS 0.795138
#FOTS# QuadFit found better minimum quadopt=(dt=3.04454,rms=0.774339) vs oldopt=(dt=2.88,rms=0.774395)
#GCMRL#   33 dt   3.044541 rms  0.774  2.616% neg 0  invalid 762 tFOTS 3.1450 tGradient 1.6990 tsec 5.0910
#FOTS# QuadFit found better minimum quadopt=(dt=1.675,rms=0.772674) vs oldopt=(dt=0.72,rms=0.773192)
#GCMRL#   34 dt   1.675000 rms  0.773  0.000% neg 0  invalid 762 tFOTS 3.1410 tGradient 1.6660 tsec 5.0700
#GCMRL#   35 dt   1.675000 rms  0.771  0.162% neg 0  invalid 762 tFOTS 0.0000 tGradient 1.5780 tsec 1.8220
#GCMRL#   36 dt   1.675000 rms  0.771 -0.136% neg 0  invalid 762 tFOTS 0.0000 tGradient 1.6380 tsec 2.0540
#FOTS# QuadFit found better minimum quadopt=(dt=0.864,rms=0.771292) vs oldopt=(dt=0.72,rms=0.771294)
#GCMRL#   37 dt   0.864000 rms  0.771  0.014% neg 0  invalid 762 tFOTS 3.1030 tGradient 1.6350 tsec 4.9830
#FOTS# QuadFit found better minimum quadopt=(dt=0.252,rms=0.77128) vs oldopt=(dt=0.18,rms=0.771282)

#GCAMreg# pass 0 level1 2 level2 1 tsec 33.271 sigma 0.5
l_jacobian=1.00 l_label=1.00 l_log_likelihood=0.20 l_smoothness=8.00 
tol=2.50e-01, dt=5.00e-02, exp_k=20.0, momentum=0.90, levels=6, niter=500, lbl_dist=10.00, avgs=4, sigma=0.5,type=2, relabel=0, neg=no

blurring input image with Gaussian with sigma=0.500...
GCAMRegisterLevel(): init RMS 0.771879
#GCMRL#   39 dt   0.000000 rms  0.771  0.078% neg 0  invalid 762 tFOTS 2.9090 tGradient 1.5620 tsec 4.7190
setting smoothness cost coefficient to 20.000

#GCAMreg# pass 0 level1 1 level2 0 tsec 0 sigma 2
l_jacobian=1.00 l_label=1.00 l_log_likelihood=0.20 l_smoothness=20.00 
tol=2.50e-01, dt=5.00e-02, exp_k=20.0, momentum=0.90, levels=6, niter=500, lbl_dist=10.00, avgs=1, sigma=2.0,type=2, relabel=0, neg=no

blurring input image with Gaussian with sigma=2.000...
GCAMRegisterLevel(): init RMS 0.849496
#FOTS# QuadFit found better minimum quadopt=(dt=0.256,rms=0.848286) vs oldopt=(dt=0.32,rms=0.848314)
#GCMRL#   41 dt   0.256000 rms  0.848  0.142% neg 0  invalid 762 tFOTS 3.2060 tGradient 1.4430 tsec 4.8950
#GCMRL#   42 dt   1.280000 rms  0.843  0.589% neg 0  invalid 762 tFOTS 3.1420 tGradient 1.3390 tsec 4.7280
#GCMRL#   43 dt   0.320000 rms  0.841  0.000% neg 0  invalid 762 tFOTS 3.1440 tGradient 1.3420 tsec 4.7490
#GCMRL#   44 dt   0.320000 rms  0.839  0.311% neg 0  invalid 762 tFOTS 0.0000 tGradient 1.3170 tsec 1.5540
#GCMRL#   45 dt   0.320000 rms  0.836  0.307% neg 0  invalid 762 tFOTS 0.0000 tGradient 1.3290 tsec 1.5710
#GCMRL#   46 dt   0.320000 rms  0.834  0.234% neg 0  invalid 762 tFOTS 0.0000 tGradient 1.3070 tsec 1.5480
#GCMRL#   47 dt   0.320000 rms  0.832  0.225% neg 0  invalid 762 tFOTS 0.0000 tGradient 1.3250 tsec 1.5670
#GCMRL#   48 dt   0.320000 rms  0.830  0.219% neg 0  invalid 762 tFOTS 0.0000 tGradient 1.3720 tsec 1.6150
#GCMRL#   49 dt   0.320000 rms  0.830  0.032% neg 0  invalid 762 tFOTS 0.0000 tGradient 1.3220 tsec 1.5610
#GCMRL#   50 dt   0.320000 rms  0.830 -0.118% neg 0  invalid 762 tFOTS 0.0000 tGradient 1.3840 tsec 1.8000
#FOTS# QuadFit found better minimum quadopt=(dt=0.112,rms=0.829991) vs oldopt=(dt=0.08,rms=0.830025)
#GCMRL#   51 dt   0.112000 rms  0.830  0.020% neg 0  invalid 762 tFOTS 3.1880 tGradient 1.3860 tsec 4.8220
#FOTS# QuadFit found better minimum quadopt=(dt=0.768,rms=0.829348) vs oldopt=(dt=1.28,rms=0.829516)
#GCMRL#   52 dt   0.768000 rms  0.829  0.077% neg 0  invalid 762 tFOTS 3.0980 tGradient 1.3420 tsec 4.6830
#FOTS# QuadFit found better minimum quadopt=(dt=0.384,rms=0.828273) vs oldopt=(dt=0.32,rms=0.828295)
#GCMRL#   53 dt   0.384000 rms  0.828  0.130% neg 0  invalid 762 tFOTS 3.1120 tGradient 1.4070 tsec 4.7610

#GCAMreg# pass 0 level1 1 level2 1 tsec 53.932 sigma 0.5
l_jacobian=1.00 l_label=1.00 l_log_likelihood=0.20 l_smoothness=20.00 
tol=2.50e-01, dt=5.00e-02, exp_k=20.0, momentum=0.90, levels=6, niter=500, lbl_dist=10.00, avgs=1, sigma=0.5,type=2, relabel=0, neg=no

blurring input image with Gaussian with sigma=0.500...
GCAMRegisterLevel(): init RMS 0.828787
#FOTS# QuadFit found better minimum quadopt=(dt=0.112,rms=0.828048) vs oldopt=(dt=0.08,rms=0.828079)
#GCMRL#   55 dt   0.112000 rms  0.828  0.089% neg 0  invalid 762 tFOTS 3.1380 tGradient 1.3550 tsec 4.7390
#GCMRL#   56 dt   0.320000 rms  0.828  0.000% neg 0  invalid 762 tFOTS 3.1360 tGradient 1.2930 tsec 4.6950
#GCMRL#   57 dt   0.320000 rms  0.828  0.021% neg 0  invalid 762 tFOTS 0.0000 tGradient 1.3910 tsec 1.6310
#GCMRL#   58 dt   0.320000 rms  0.828  0.014% neg 0  invalid 762 tFOTS 0.0000 tGradient 1.3790 tsec 1.6220
resetting metric properties...
setting smoothness cost coefficient to 40.000

#GCAMreg# pass 0 level1 0 level2 0 tsec 0 sigma 2
l_jacobian=1.00 l_label=1.00 l_log_likelihood=0.20 l_smoothness=40.00 
tol=2.50e-01, dt=5.00e-02, exp_k=20.0, momentum=0.90, levels=6, niter=500, lbl_dist=10.00, avgs=0, sigma=2.0,type=2, relabel=0, neg=no

blurring input image with Gaussian with sigma=2.000...
GCAMRegisterLevel(): init RMS 0.780052
#FOTS# QuadFit found better minimum quadopt=(dt=0.256,rms=0.774409) vs oldopt=(dt=0.32,rms=0.774874)
#GCMRL#   60 dt   0.256000 rms  0.774  0.723% neg 0  invalid 762 tFOTS 3.1420 tGradient 0.9040 tsec 4.2970
#FOTS# QuadFit found better minimum quadopt=(dt=0.028,rms=0.773927) vs oldopt=(dt=0.02,rms=0.773986)
#GCMRL#   61 dt   0.028000 rms  0.774  0.000% neg 0  invalid 762 tFOTS 3.1200 tGradient 0.8970 tsec 4.2840

#GCAMreg# pass 0 level1 0 level2 1 tsec 19.057 sigma 0.5
l_jacobian=1.00 l_label=1.00 l_log_likelihood=0.20 l_smoothness=40.00 
tol=2.50e-01, dt=5.00e-02, exp_k=20.0, momentum=0.90, levels=6, niter=500, lbl_dist=10.00, avgs=0, sigma=0.5,type=2, relabel=0, neg=no

blurring input image with Gaussian with sigma=0.500...
GCAMRegisterLevel(): init RMS 0.774564
#GCMRL#   63 dt   0.020000 rms  0.774  0.096% neg 0  invalid 762 tFOTS 3.1320 tGradient 0.9090 tsec 4.3470
GCAMregister done in 5.76852 min
Starting GCAmapRenormalizeWithAlignment() without scales
renormalizing by structure alignment....
renormalizing input #0
gca peak = 0.10253 (16)
mri peak = 0.06303 (39)
Left_Lateral_Ventricle (4): linear fit = 1.98 x + 0.0 (1310 voxels, overlap=0.602)
Left_Lateral_Ventricle (4): linear fit = 1.50 x + 0.0 (1310 voxels, peak = 32), gca=24.0
gca peak = 0.17690 (16)
mri peak = 0.08934 (53)
Right_Lateral_Ventricle (43): linear fit = 3.22 x + 0.0 (872 voxels, overlap=0.134)
Right_Lateral_Ventricle (43): linear fit = 1.50 x + 0.0 (872 voxels, peak = 52), gca=24.0
gca peak = 0.28275 (96)
mri peak = 0.05576 (102)
Right_Pallidum (52): linear fit = 1.07 x + 0.0 (693 voxels, overlap=0.304)
Right_Pallidum (52): linear fit = 1.07 x + 0.0 (693 voxels, peak = 102), gca=102.2
gca peak = 0.18948 (93)
mri peak = 0.05150 (94)
Left_Pallidum (13): linear fit = 1.00 x + 0.0 (689 voxels, overlap=0.983)
Left_Pallidum (13): linear fit = 1.00 x + 0.0 (689 voxels, peak = 93), gca=92.5
gca peak = 0.20755 (55)
mri peak = 0.06126 (57)
Right_Hippocampus (53): linear fit = 0.94 x + 0.0 (763 voxels, overlap=0.799)
Right_Hippocampus (53): linear fit = 0.94 x + 0.0 (763 voxels, peak = 52), gca=52.0
gca peak = 0.31831 (58)
mri peak = 0.04912 (55)
Left_Hippocampus (17): linear fit = 0.99 x + 0.0 (913 voxels, overlap=0.950)
Left_Hippocampus (17): linear fit = 0.99 x + 0.0 (913 voxels, peak = 57), gca=57.1
gca peak = 0.11957 (102)
mri peak = 0.05876 (110)
Right_Cerebral_White_Matter (41): linear fit = 1.10 x + 0.0 (45543 voxels, overlap=0.505)
Right_Cerebral_White_Matter (41): linear fit = 1.10 x + 0.0 (45543 voxels, peak = 112), gca=111.7
gca peak = 0.11429 (102)
mri peak = 0.05055 (112)
Left_Cerebral_White_Matter (2): linear fit = 1.11 x + 0.0 (50531 voxels, overlap=0.437)
Left_Cerebral_White_Matter (2): linear fit = 1.11 x + 0.0 (50531 voxels, peak = 113), gca=112.7
gca peak = 0.14521 (59)
mri peak = 0.03619 (52)
Left_Cerebral_Cortex (3): linear fit = 0.89 x + 0.0 (24823 voxels, overlap=0.833)
Left_Cerebral_Cortex (3): linear fit = 0.89 x + 0.0 (24823 voxels, peak = 53), gca=52.8
gca peak = 0.14336 (58)
mri peak = 0.03559 (45)
Right_Cerebral_Cortex (42): linear fit = 0.89 x + 0.0 (21801 voxels, overlap=0.721)
Right_Cerebral_Cortex (42): linear fit = 0.89 x + 0.0 (21801 voxels, peak = 52), gca=51.9
gca peak = 0.13305 (70)
mri peak = 0.07504 (77)
Right_Caudate (50): linear fit = 1.09 x + 0.0 (667 voxels, overlap=0.457)
Right_Caudate (50): linear fit = 1.09 x + 0.0 (667 voxels, peak = 76), gca=76.0
gca peak = 0.15761 (71)
mri peak = 0.06710 (77)
Left_Caudate (11): linear fit = 1.03 x + 0.0 (831 voxels, overlap=0.976)
Left_Caudate (11): linear fit = 1.03 x + 0.0 (831 voxels, peak = 73), gca=73.5
gca peak = 0.13537 (57)
mri peak = 0.04340 (49)
Left_Cerebellum_Cortex (8): linear fit = 0.94 x + 0.0 (30848 voxels, overlap=0.979)
Left_Cerebellum_Cortex (8): linear fit = 0.94 x + 0.0 (30848 voxels, peak = 54), gca=53.9
gca peak = 0.13487 (56)
mri peak = 0.04145 (45)
Right_Cerebellum_Cortex (47): linear fit = 0.89 x + 0.0 (35196 voxels, overlap=0.437)
Right_Cerebellum_Cortex (47): linear fit = 0.89 x + 0.0 (35196 voxels, peak = 50), gca=50.1
gca peak = 0.19040 (84)
mri peak = 0.05748 (89)
Left_Cerebellum_White_Matter (7): linear fit = 1.07 x + 0.0 (9378 voxels, overlap=0.780)
Left_Cerebellum_White_Matter (7): linear fit = 1.07 x + 0.0 (9378 voxels, peak = 89), gca=89.5
gca peak = 0.18871 (83)
mri peak = 0.05261 (89)
Right_Cerebellum_White_Matter (46): linear fit = 1.05 x + 0.0 (7205 voxels, overlap=0.696)
Right_Cerebellum_White_Matter (46): linear fit = 1.05 x + 0.0 (7205 voxels, peak = 88), gca=87.6
gca peak = 0.24248 (57)
mri peak = 0.11311 (54)
Left_Amygdala (18): linear fit = 0.94 x + 0.0 (406 voxels, overlap=0.868)
Left_Amygdala (18): linear fit = 0.94 x + 0.0 (406 voxels, peak = 53), gca=53.3
gca peak = 0.35833 (56)
mri peak = 0.12357 (59)
Right_Amygdala (54): linear fit = 1.03 x + 0.0 (422 voxels, overlap=1.000)
Right_Amygdala (54): linear fit = 1.03 x + 0.0 (422 voxels, peak = 58), gca=58.0
gca peak = 0.12897 (85)
mri peak = 0.04284 (84)
Left_Thalamus (10): linear fit = 1.09 x + 0.0 (4974 voxels, overlap=0.700)
Left_Thalamus (10): linear fit = 1.09 x + 0.0 (4974 voxels, peak = 92), gca=92.2
gca peak = 0.13127 (83)
mri peak = 0.04551 (86)
Right_Thalamus (49): linear fit = 1.12 x + 0.0 (3819 voxels, overlap=0.698)
Right_Thalamus (49): linear fit = 1.12 x + 0.0 (3819 voxels, peak = 93), gca=92.5
gca peak = 0.12974 (78)
mri peak = 0.08679 (77)
Left_Putamen (12): linear fit = 1.00 x + 0.0 (1820 voxels, overlap=0.999)
Left_Putamen (12): linear fit = 1.00 x + 0.0 (1820 voxels, peak = 78), gca=77.6
gca peak = 0.17796 (79)
mri peak = 0.05348 (77)
Right_Putamen (51): linear fit = 1.04 x + 0.0 (1855 voxels, overlap=1.000)
Right_Putamen (51): linear fit = 1.04 x + 0.0 (1855 voxels, peak = 83), gca=82.6
gca peak = 0.10999 (80)
mri peak = 0.08207 (87)
Brain_Stem (16): linear fit = 1.12 x + 0.0 (10310 voxels, overlap=0.416)
Brain_Stem (16): linear fit = 1.12 x + 0.0 (10310 voxels, peak = 89), gca=89.2
gca peak = 0.13215 (88)
mri peak = 0.06033 (98)
Right_VentralDC (60): linear fit = 1.16 x + 0.0 (823 voxels, overlap=0.517)
Right_VentralDC (60): linear fit = 1.16 x + 0.0 (823 voxels, peak = 103), gca=102.5
gca peak = 0.11941 (89)
mri peak = 0.07420 (99)
Left_VentralDC (28): linear fit = 1.10 x + 0.0 (1015 voxels, overlap=0.738)
Left_VentralDC (28): linear fit = 1.10 x + 0.0 (1015 voxels, peak = 97), gca=97.5
gca peak = 0.20775 (25)
uniform distribution in MR - rejecting arbitrary fit
gca peak = 0.13297 (21)
mri peak = 0.07675 (12)
Fourth_Ventricle (15): linear fit = 0.52 x + 0.0 (375 voxels, overlap=0.335)
Fourth_Ventricle (15): linear fit = 0.52 x + 0.0 (375 voxels, peak = 11), gca=11.0
gca peak Unknown = 0.94777 ( 0)
gca peak Left_Inf_Lat_Vent = 0.19087 (28)
gca peak Third_Ventricle = 0.20775 (25)
gca peak Fourth_Ventricle = 0.13297 (21)
gca peak CSF = 0.16821 (33)
gca peak Left_Accumbens_area = 0.32850 (63)
gca peak Left_undetermined = 0.98480 (28)
gca peak Left_vessel = 0.40887 (53)
gca peak Left_choroid_plexus = 0.10898 (46)
gca peak Right_Inf_Lat_Vent = 0.17798 (26)
gca peak Right_Accumbens_area = 0.30137 (64)
gca peak Right_vessel = 0.47828 (52)
gca peak Right_choroid_plexus = 0.11612 (45)
gca peak Fifth_Ventricle = 0.59466 (35)
gca peak WM_hypointensities = 0.10053 (78)
gca peak non_WM_hypointensities = 0.07253 (60)
gca peak Optic_Chiasm = 0.25330 (73)
not using caudate to estimate GM means
estimating mean gm scale to be 0.95 x + 0.0
estimating mean wm scale to be 1.10 x + 0.0
estimating mean csf scale to be 1.50 x + 0.0
saving intensity scales to talairach.label_intensities.txt
GCAmapRenormalizeWithAlignment() took 3.33755 min
noneg pre
Starting GCAMregister()
label assignment complete, 0 changed (0.00%)
npasses = 1, nlevels = 6
#pass# 1 of 1 ************************
enabling zero nodes
setting smoothness cost coefficient to 0.008

#GCAMreg# pass 0 level1 5 level2 0 tsec 0 sigma 2
l_jacobian=1.00 l_label=1.00 l_log_likelihood=0.20 l_smoothness=0.01 
tol=5.00e-02, dt=5.00e-02, exp_k=20.0, momentum=0.90, levels=6, niter=500, lbl_dist=10.00, avgs=256, sigma=2.0,type=2, relabel=0, neg=no

blurring input image with Gaussian with sigma=2.000...
GCAMRegisterLevel(): init RMS 0.847358
#FOTS# QuadFit found better minimum quadopt=(dt=183.335,rms=0.805477) vs oldopt=(dt=92.48,rms=0.815583)
#GCMRL#   65 dt 183.335385 rms  0.805  4.943% neg 0  invalid 762 tFOTS 3.1320 tGradient 2.6550 tsec 6.0330
#FOTS# QuadFit found better minimum quadopt=(dt=218.88,rms=0.795472) vs oldopt=(dt=92.48,rms=0.799267)
#GCMRL#   66 dt 218.880000 rms  0.795  1.242% neg 0  invalid 762 tFOTS 3.3720 tGradient 2.6390 tsec 6.2610
#FOTS# QuadFit found better minimum quadopt=(dt=185.739,rms=0.788726) vs oldopt=(dt=92.48,rms=0.790656)
#GCMRL#   67 dt 185.739130 rms  0.789  0.848% neg 0  invalid 762 tFOTS 3.3610 tGradient 2.5920 tsec 6.1980
#FOTS# QuadFit found better minimum quadopt=(dt=129.472,rms=0.786353) vs oldopt=(dt=92.48,rms=0.786607)
#GCMRL#   68 dt 129.472000 rms  0.786  0.301% neg 0  invalid 762 tFOTS 3.3340 tGradient 2.6760 tsec 6.2580
#FOTS# QuadFit found better minimum quadopt=(dt=517.888,rms=0.779526) vs oldopt=(dt=369.92,rms=0.780043)
#GCMRL#   69 dt 517.888000 rms  0.780  0.868% neg 0  invalid 762 tFOTS 3.3410 tGradient 2.7500 tsec 6.3820
#GCMRL#   70 dt  92.480000 rms  0.776  0.409% neg 0  invalid 762 tFOTS 3.3520 tGradient 2.4610 tsec 6.0590
#FOTS# QuadFit found better minimum quadopt=(dt=2071.55,rms=0.764479) vs oldopt=(dt=1479.68,rms=0.765722)
#GCMRL#   71 dt 2071.552000 rms  0.764  1.528% neg 0  invalid 762 tFOTS 3.3090 tGradient 2.6450 tsec 6.2020
#FOTS# QuadFit found better minimum quadopt=(dt=152.96,rms=0.759343) vs oldopt=(dt=92.48,rms=0.760449)
#GCMRL#   72 dt 152.960000 rms  0.759  0.672% neg 0  invalid 762 tFOTS 3.3500 tGradient 2.5090 tsec 6.1030
#FOTS# QuadFit found better minimum quadopt=(dt=32.368,rms=0.759295) vs oldopt=(dt=23.12,rms=0.759309)
#GCMRL#   73 dt  32.368000 rms  0.759  0.000% neg 0  invalid 762 tFOTS 3.5260 tGradient 2.6560 tsec 6.4480
#GCMRL#   74 dt  32.368000 rms  0.759  0.009% neg 0  invalid 762 tFOTS 0.0000 tGradient 2.4420 tsec 2.6910
#GCMRL#   75 dt  32.368000 rms  0.759  0.010% neg 0  invalid 762 tFOTS 0.0000 tGradient 2.6310 tsec 2.8750
#GCMRL#   76 dt  32.368000 rms  0.759  0.012% neg 0  invalid 762 tFOTS 0.0000 tGradient 2.4290 tsec 2.6740
#GCMRL#   77 dt  32.368000 rms  0.759  0.038% neg 0  invalid 762 tFOTS 0.0000 tGradient 2.4530 tsec 2.6960
#GCMRL#   78 dt  32.368000 rms  0.758  0.083% neg 0  invalid 762 tFOTS 0.0000 tGradient 2.5620 tsec 2.8050
#GCMRL#   79 dt  32.368000 rms  0.757  0.124% neg 0  invalid 762 tFOTS 0.0000 tGradient 2.5230 tsec 2.7650
#GCMRL#   80 dt  32.368000 rms  0.756  0.141% neg 0  invalid 762 tFOTS 0.0000 tGradient 2.4610 tsec 2.7010
#GCMRL#   81 dt  32.368000 rms  0.755  0.133% neg 0  invalid 762 tFOTS 0.0000 tGradient 2.4450 tsec 2.6830
#GCMRL#   82 dt  32.368000 rms  0.754  0.119% neg 0  invalid 762 tFOTS 0.0000 tGradient 2.4470 tsec 2.6840
#GCMRL#   83 dt  32.368000 rms  0.753  0.113% neg 0  invalid 762 tFOTS 0.0000 tGradient 2.4950 tsec 2.7350
#GCMRL#   84 dt  32.368000 rms  0.753  0.110% neg 0  invalid 762 tFOTS 0.0000 tGradient 2.5180 tsec 2.7550
#GCMRL#   85 dt  32.368000 rms  0.752  0.104% neg 0  invalid 762 tFOTS 0.0000 tGradient 2.4740 tsec 2.7120
#GCMRL#   86 dt  32.368000 rms  0.751  0.100% neg 0  invalid 762 tFOTS 0.0000 tGradient 2.4700 tsec 2.7070
#GCMRL#   87 dt  32.368000 rms  0.750  0.099% neg 0  invalid 762 tFOTS 0.0000 tGradient 2.5370 tsec 2.7750
#GCMRL#   88 dt  32.368000 rms  0.749  0.110% neg 0  invalid 762 tFOTS 0.0000 tGradient 2.5070 tsec 2.7440
#GCMRL#   89 dt  32.368000 rms  0.749  0.121% neg 0  invalid 762 tFOTS 0.0000 tGradient 2.5170 tsec 2.7550
#GCMRL#   90 dt  32.368000 rms  0.748  0.124% neg 0  invalid 762 tFOTS 0.0000 tGradient 2.3850 tsec 2.6230
#GCMRL#   91 dt  32.368000 rms  0.747  0.121% neg 0  invalid 762 tFOTS 0.0000 tGradient 2.4560 tsec 2.6920
#GCMRL#   92 dt  32.368000 rms  0.746  0.113% neg 0  invalid 762 tFOTS 0.0000 tGradient 2.4380 tsec 2.6780
#GCMRL#   93 dt  32.368000 rms  0.745  0.099% neg 0  invalid 762 tFOTS 0.0000 tGradient 2.4300 tsec 2.6680
#GCMRL#   94 dt  32.368000 rms  0.744  0.094% neg 0  invalid 762 tFOTS 0.0000 tGradient 2.4550 tsec 2.6930
#GCMRL#   95 dt  32.368000 rms  0.744  0.086% neg 0  invalid 762 tFOTS 0.0000 tGradient 2.5110 tsec 2.7490
#GCMRL#   96 dt  32.368000 rms  0.743  0.080% neg 0  invalid 762 tFOTS 0.0000 tGradient 2.4130 tsec 2.7000
#GCMRL#   97 dt  32.368000 rms  0.743  0.080% neg 0  invalid 762 tFOTS 0.0000 tGradient 2.4360 tsec 2.6780
#GCMRL#   98 dt  32.368000 rms  0.742  0.083% neg 0  invalid 762 tFOTS 0.0000 tGradient 2.3830 tsec 2.6230
#GCMRL#   99 dt  32.368000 rms  0.741  0.084% neg 0  invalid 762 tFOTS 0.0000 tGradient 2.3630 tsec 2.6010
#GCMRL#  100 dt  32.368000 rms  0.741  0.089% neg 0  invalid 762 tFOTS 0.0000 tGradient 2.4290 tsec 2.6670
#GCMRL#  101 dt  32.368000 rms  0.740  0.086% neg 0  invalid 762 tFOTS 0.0000 tGradient 2.3910 tsec 2.6300
#GCMRL#  102 dt  32.368000 rms  0.739  0.081% neg 0  invalid 762 tFOTS 0.0000 tGradient 2.3710 tsec 2.6100
#GCMRL#  103 dt  32.368000 rms  0.739  0.073% neg 0  invalid 762 tFOTS 0.0000 tGradient 2.3150 tsec 2.5560
#GCMRL#  104 dt  32.368000 rms  0.738  0.066% neg 0  invalid 762 tFOTS 0.0000 tGradient 2.3960 tsec 2.6350
#GCMRL#  105 dt  32.368000 rms  0.738  0.062% neg 0  invalid 762 tFOTS 0.0000 tGradient 2.4100 tsec 2.6500
#GCMRL#  106 dt  32.368000 rms  0.738  0.059% neg 0  invalid 762 tFOTS 0.0000 tGradient 2.3780 tsec 2.6320
#GCMRL#  107 dt  32.368000 rms  0.737  0.057% neg 0  invalid 762 tFOTS 0.0000 tGradient 2.4160 tsec 2.6520
#GCMRL#  108 dt  32.368000 rms  0.737  0.059% neg 0  invalid 762 tFOTS 0.0000 tGradient 2.3990 tsec 2.6380
#GCMRL#  109 dt  32.368000 rms  0.736  0.059% neg 0  invalid 762 tFOTS 0.0000 tGradient 2.3460 tsec 2.5820
#GCMRL#  110 dt  32.368000 rms  0.736  0.061% neg 0  invalid 762 tFOTS 0.0000 tGradient 2.4220 tsec 2.6630
#GCMRL#  111 dt  32.368000 rms  0.735  0.059% neg 0  invalid 762 tFOTS 0.0000 tGradient 2.4070 tsec 2.6480
#GCMRL#  112 dt  32.368000 rms  0.735  0.056% neg 0  invalid 762 tFOTS 0.0000 tGradient 2.3910 tsec 2.6310
#GCMRL#  113 dt  32.368000 rms  0.735  0.053% neg 0  invalid 762 tFOTS 0.0000 tGradient 2.3830 tsec 2.6250
#GCMRL#  114 dt  32.368000 rms  0.734  0.051% neg 0  invalid 762 tFOTS 0.0000 tGradient 2.4230 tsec 2.6620
#GCMRL#  115 dt  32.368000 rms  0.734  0.047% neg 0  invalid 762 tFOTS 0.0000 tGradient 2.4710 tsec 2.7110
#GCMRL#  116 dt  32.368000 rms  0.734  0.044% neg 0  invalid 762 tFOTS 0.0000 tGradient 2.2570 tsec 2.4970
#GCMRL#  117 dt  32.368000 rms  0.733  0.047% neg 0  invalid 762 tFOTS 0.0000 tGradient 2.3510 tsec 2.5900
#GCMRL#  118 dt  32.368000 rms  0.733  0.044% neg 0  invalid 762 tFOTS 0.0000 tGradient 2.3960 tsec 2.6370
#GCMRL#  119 dt  32.368000 rms  0.733  0.046% neg 0  invalid 762 tFOTS 0.0000 tGradient 2.3510 tsec 2.5910
#GCMRL#  120 dt  32.368000 rms  0.732  0.047% neg 0  invalid 762 tFOTS 0.0000 tGradient 2.3340 tsec 2.5770
#GCMRL#  121 dt  32.368000 rms  0.732  0.048% neg 0  invalid 762 tFOTS 0.0000 tGradient 2.2760 tsec 2.5160
#GCMRL#  122 dt  32.368000 rms  0.731  0.047% neg 0  invalid 762 tFOTS 0.0000 tGradient 2.3270 tsec 2.5650
#GCMRL#  123 dt  32.368000 rms  0.731  0.045% neg 0  invalid 762 tFOTS 0.0000 tGradient 2.3410 tsec 2.5830
#GCMRL#  124 dt  32.368000 rms  0.731  0.042% neg 0  invalid 762 tFOTS 0.0000 tGradient 2.2730 tsec 2.5120
#GCMRL#  125 dt  32.368000 rms  0.731  0.040% neg 0  invalid 762 tFOTS 0.0000 tGradient 2.2520 tsec 2.4930
#GCMRL#  126 dt  32.368000 rms  0.730  0.039% neg 0  invalid 762 tFOTS 0.0000 tGradient 2.2590 tsec 2.5010
#GCMRL#  127 dt  32.368000 rms  0.730  0.037% neg 0  invalid 762 tFOTS 0.0000 tGradient 2.3080 tsec 2.5510
#GCMRL#  128 dt  32.368000 rms  0.730  0.038% neg 0  invalid 762 tFOTS 0.0000 tGradient 2.1930 tsec 2.4350
#GCMRL#  129 dt  32.368000 rms  0.729  0.039% neg 0  invalid 762 tFOTS 0.0000 tGradient 2.2470 tsec 2.4880
#GCMRL#  130 dt  32.368000 rms  0.729  0.039% neg 0  invalid 762 tFOTS 0.0000 tGradient 2.2590 tsec 2.5000
#GCMRL#  131 dt  32.368000 rms  0.729  0.039% neg 0  invalid 762 tFOTS 0.0000 tGradient 2.2060 tsec 2.4500
#GCMRL#  132 dt  32.368000 rms  0.729  0.039% neg 0  invalid 762 tFOTS 0.0000 tGradient 2.3410 tsec 2.5840
#GCMRL#  133 dt  32.368000 rms  0.728  0.036% neg 0  invalid 762 tFOTS 0.0000 tGradient 2.4270 tsec 2.6650
#GCMRL#  134 dt  32.368000 rms  0.728  0.035% neg 0  invalid 762 tFOTS 0.0000 tGradient 2.3070 tsec 2.5500
#GCMRL#  135 dt  32.368000 rms  0.728  0.033% neg 0  invalid 762 tFOTS 0.0000 tGradient 2.2890 tsec 2.5290
#GCMRL#  136 dt  32.368000 rms  0.728  0.032% neg 0  invalid 762 tFOTS 0.0000 tGradient 2.3400 tsec 2.5770
#GCMRL#  137 dt  32.368000 rms  0.727  0.031% neg 0  invalid 762 tFOTS 0.0000 tGradient 2.2240 tsec 2.4630
#GCMRL#  138 dt  32.368000 rms  0.727  0.031% neg 0  invalid 762 tFOTS 0.0000 tGradient 2.2090 tsec 2.4500
#GCMRL#  139 dt  32.368000 rms  0.727  0.031% neg 0  invalid 762 tFOTS 0.0000 tGradient 2.2210 tsec 2.4610
#GCMRL#  140 dt  32.368000 rms  0.727  0.031% neg 0  invalid 762 tFOTS 0.0000 tGradient 2.3270 tsec 2.5670
#GCMRL#  141 dt  32.368000 rms  0.726  0.030% neg 0  invalid 762 tFOTS 0.0000 tGradient 2.3200 tsec 2.5600
#GCMRL#  142 dt  32.368000 rms  0.726  0.030% neg 0  invalid 762 tFOTS 0.0000 tGradient 2.3570 tsec 2.5970
#GCMRL#  143 dt  32.368000 rms  0.726  0.029% neg 0  invalid 762 tFOTS 0.0000 tGradient 2.3930 tsec 2.6340
#GCMRL#  144 dt  32.368000 rms  0.726  0.029% neg 0  invalid 762 tFOTS 0.0000 tGradient 2.3740 tsec 2.6150
#GCMRL#  145 dt  32.368000 rms  0.726  0.028% neg 0  invalid 762 tFOTS 0.0000 tGradient 2.4080 tsec 2.6440
#GCMRL#  146 dt  32.368000 rms  0.725  0.028% neg 0  invalid 762 tFOTS 0.0000 tGradient 2.3300 tsec 2.5700
#GCMRL#  147 dt  32.368000 rms  0.725  0.027% neg 0  invalid 762 tFOTS 0.0000 tGradient 2.3190 tsec 2.5590
#GCMRL#  148 dt  32.368000 rms  0.725  0.027% neg 0  invalid 762 tFOTS 0.0000 tGradient 2.2860 tsec 2.5290
#GCMRL#  149 dt  32.368000 rms  0.725  0.027% neg 0  invalid 762 tFOTS 0.0000 tGradient 2.3620 tsec 2.5980
#GCMRL#  150 dt  32.368000 rms  0.725  0.027% neg 0  invalid 762 tFOTS 0.0000 tGradient 2.3350 tsec 2.5750
#GCMRL#  151 dt  32.368000 rms  0.724  0.027% neg 0  invalid 762 tFOTS 0.0000 tGradient 2.3880 tsec 2.6270
#GCMRL#  152 dt  32.368000 rms  0.724  0.026% neg 0  invalid 762 tFOTS 0.0000 tGradient 2.3560 tsec 2.5940
#GCMRL#  153 dt  32.368000 rms  0.724  0.026% neg 0  invalid 762 tFOTS 0.0000 tGradient 2.3400 tsec 2.5800
#GCMRL#  154 dt  32.368000 rms  0.724  0.025% neg 0  invalid 762 tFOTS 0.0000 tGradient 2.3640 tsec 2.6040
#GCMRL#  155 dt  32.368000 rms  0.724  0.024% neg 0  invalid 762 tFOTS 0.0000 tGradient 2.2840 tsec 2.5280
#GCMRL#  156 dt  32.368000 rms  0.724  0.024% neg 0  invalid 762 tFOTS 0.0000 tGradient 2.3780 tsec 2.6340
#GCMRL#  157 dt 23674.880000 rms  0.717  0.897% neg 0  invalid 762 tFOTS 3.5540 tGradient 2.3170 tsec 6.1170
#FOTS# QuadFit found better minimum quadopt=(dt=129.472,rms=0.716112) vs oldopt=(dt=92.48,rms=0.716221)
#GCMRL#  158 dt 129.472000 rms  0.716  0.130% neg 0  invalid 762 tFOTS 3.5530 tGradient 2.4110 tsec 6.2060
#FOTS# QuadFit found better minimum quadopt=(dt=129.472,rms=0.716012) vs oldopt=(dt=92.48,rms=0.716021)
#GCMRL#  159 dt 129.472000 rms  0.716  0.000% neg 0  invalid 762 tFOTS 3.3280 tGradient 2.5020 tsec 6.0890
#GCMRL#  160 dt 129.472000 rms  0.716  0.017% neg 0  invalid 762 tFOTS 0.0000 tGradient 2.4420 tsec 2.6780
#GCMRL#  161 dt 129.472000 rms  0.716  0.013% neg 0  invalid 762 tFOTS 0.0000 tGradient 2.4840 tsec 2.7210
#GCMRL#  162 dt 129.472000 rms  0.716  0.012% neg 0  invalid 762 tFOTS 0.0000 tGradient 2.5750 tsec 2.8320
#FOTS# QuadFit found better minimum quadopt=(dt=1183.74,rms=0.714822) vs oldopt=(dt=1479.68,rms=0.714832)
#GCMRL#  163 dt 1183.744000 rms  0.715  0.124% neg 0  invalid 762 tFOTS 3.5360 tGradient 2.6140 tsec 6.3930
#GCMRL#  164 dt  92.480000 rms  0.715  0.000% neg 0  invalid 762 tFOTS 3.3470 tGradient 2.4800 tsec 6.0900

#GCAMreg# pass 0 level1 5 level2 1 tsec 324.934 sigma 0.5
l_jacobian=1.00 l_label=1.00 l_log_likelihood=0.20 l_smoothness=0.01 
tol=5.00e-02, dt=5.00e-02, exp_k=20.0, momentum=0.90, levels=6, niter=500, lbl_dist=10.00, avgs=256, sigma=0.5,type=2, relabel=0, neg=no

blurring input image with Gaussian with sigma=0.500...
GCAMRegisterLevel(): init RMS 0.715798
#FOTS# QuadFit found better minimum quadopt=(dt=295.936,rms=0.714142) vs oldopt=(dt=369.92,rms=0.7142)
#GCMRL#  166 dt 295.936000 rms  0.714  0.231% neg 0  invalid 762 tFOTS 3.3310 tGradient 2.4320 tsec 6.0070
#GCMRL#  167 dt 369.920000 rms  0.713  0.107% neg 0  invalid 762 tFOTS 3.3400 tGradient 2.4280 tsec 6.0160
#GCMRL#  168 dt  92.480000 rms  0.713  0.000% neg 0  invalid 762 tFOTS 3.4850 tGradient 2.4480 tsec 6.2430
#GCMRL#  169 dt  92.480000 rms  0.713  0.012% neg 0  invalid 762 tFOTS 0.0000 tGradient 2.5420 tsec 2.7800
#GCMRL#  170 dt  92.480000 rms  0.713  0.018% neg 0  invalid 762 tFOTS 0.0000 tGradient 2.5400 tsec 2.7830
#GCMRL#  171 dt  92.480000 rms  0.713  0.027% neg 0  invalid 762 tFOTS 0.0000 tGradient 2.5860 tsec 2.8270
#GCMRL#  172 dt  92.480000 rms  0.713  0.038% neg 0  invalid 762 tFOTS 0.0000 tGradient 2.6000 tsec 2.8380
#GCMRL#  173 dt  92.480000 rms  0.712  0.042% neg 0  invalid 762 tFOTS 0.0000 tGradient 2.7460 tsec 2.9830
#GCMRL#  174 dt  92.480000 rms  0.712  0.039% neg 0  invalid 762 tFOTS 0.0000 tGradient 2.6970 tsec 2.9380
#GCMRL#  175 dt  92.480000 rms  0.712  0.029% neg 0  invalid 762 tFOTS 0.0000 tGradient 2.6290 tsec 2.8690
#GCMRL#  176 dt  92.480000 rms  0.712  0.028% neg 0  invalid 762 tFOTS 0.0000 tGradient 2.6240 tsec 2.8660
#GCMRL#  177 dt  92.480000 rms  0.711  0.036% neg 0  invalid 762 tFOTS 0.0000 tGradient 2.8180 tsec 3.0560
#GCMRL#  178 dt  92.480000 rms  0.711  0.025% neg 0  invalid 762 tFOTS 0.0000 tGradient 2.5990 tsec 2.8420
#GCMRL#  179 dt  92.480000 rms  0.711  0.029% neg 0  invalid 762 tFOTS 0.0000 tGradient 2.6880 tsec 2.9280
#GCMRL#  180 dt  92.480000 rms  0.711  0.030% neg 0  invalid 762 tFOTS 0.0000 tGradient 2.7030 tsec 2.9390
#GCMRL#  181 dt  92.480000 rms  0.711  0.029% neg 0  invalid 762 tFOTS 0.0000 tGradient 2.5610 tsec 2.8010
#GCMRL#  182 dt  92.480000 rms  0.710  0.027% neg 0  invalid 762 tFOTS 0.0000 tGradient 2.5080 tsec 2.7500
#GCMRL#  183 dt  92.480000 rms  0.710  0.028% neg 0  invalid 762 tFOTS 0.0000 tGradient 2.6110 tsec 2.8510
#GCMRL#  184 dt  92.480000 rms  0.710  0.029% neg 0  invalid 762 tFOTS 0.0000 tGradient 2.6150 tsec 2.8570
#GCMRL#  185 dt  92.480000 rms  0.710  0.029% neg 0  invalid 762 tFOTS 0.0000 tGradient 2.6740 tsec 2.9120
#GCMRL#  186 dt  92.480000 rms  0.710  0.026% neg 0  invalid 762 tFOTS 0.0000 tGradient 2.6640 tsec 2.9020
#GCMRL#  187 dt  92.480000 rms  0.709  0.025% neg 0  invalid 762 tFOTS 0.0000 tGradient 2.6500 tsec 2.8880
#GCMRL#  188 dt  92.480000 rms  0.709  0.023% neg 0  invalid 762 tFOTS 0.0000 tGradient 2.6520 tsec 2.8950
#GCMRL#  189 dt  92.480000 rms  0.709  0.022% neg 0  invalid 762 tFOTS 0.0000 tGradient 2.6530 tsec 2.9100
#FOTS# QuadFit found better minimum quadopt=(dt=1183.74,rms=0.708897) vs oldopt=(dt=1479.68,rms=0.708905)
#GCMRL#  190 dt 1183.744000 rms  0.709  0.027% neg 0  invalid 762 tFOTS 3.6040 tGradient 2.6810 tsec 6.5310
#GCMRL#  191 dt  92.480000 rms  0.709  0.000% neg 0  invalid 762 tFOTS 3.5140 tGradient 2.6160 tsec 6.3910
#GCMRL#  192 dt  92.480000 rms  0.709  0.002% neg 0  invalid 762 tFOTS 0.0000 tGradient 2.6590 tsec 2.8980
#GCMRL#  193 dt  92.480000 rms  0.709  0.002% neg 0  invalid 762 tFOTS 0.0000 tGradient 2.6580 tsec 2.8970
#GCMRL#  194 dt  92.480000 rms  0.709  0.006% neg 0  invalid 762 tFOTS 0.0000 tGradient 2.6610 tsec 2.9060
#GCMRL#  195 dt  92.480000 rms  0.709  0.011% neg 0  invalid 762 tFOTS 0.0000 tGradient 2.5880 tsec 2.8300
#GCMRL#  196 dt  92.480000 rms  0.709  0.015% neg 0  invalid 762 tFOTS 0.0000 tGradient 2.5880 tsec 2.8240
#GCMRL#  197 dt  92.480000 rms  0.708  0.014% neg 0  invalid 762 tFOTS 0.0000 tGradient 2.5870 tsec 2.8220
setting smoothness cost coefficient to 0.031

#GCAMreg# pass 0 level1 4 level2 0 tsec 0 sigma 2
l_jacobian=1.00 l_label=1.00 l_log_likelihood=0.20 l_smoothness=0.03 
tol=5.00e-02, dt=5.00e-02, exp_k=20.0, momentum=0.90, levels=6, niter=500, lbl_dist=10.00, avgs=64, sigma=2.0,type=2, relabel=0, neg=no

blurring input image with Gaussian with sigma=2.000...
GCAMRegisterLevel(): init RMS 0.711408
#FOTS# QuadFit found better minimum quadopt=(dt=195.232,rms=0.703497) vs oldopt=(dt=103.68,rms=0.704754)
#GCMRL#  199 dt 195.232323 rms  0.703  1.112% neg 0  invalid 762 tFOTS 3.3420 tGradient 1.9300 tsec 5.5120
#FOTS# QuadFit found better minimum quadopt=(dt=124.416,rms=0.695407) vs oldopt=(dt=103.68,rms=0.69558)
#GCMRL#  200 dt 124.416000 rms  0.695  1.150% neg 0  invalid 762 tFOTS 3.3330 tGradient 2.0050 tsec 5.5800
#FOTS# QuadFit found better minimum quadopt=(dt=69.9308,rms=0.69167) vs oldopt=(dt=103.68,rms=0.69243)
#GCMRL#  201 dt  69.930844 rms  0.692  0.537% neg 0  invalid 762 tFOTS 3.3420 tGradient 2.0750 tsec 5.6600
#FOTS# QuadFit found better minimum quadopt=(dt=331.776,rms=0.684498) vs oldopt=(dt=414.72,rms=0.684854)
#GCMRL#  202 dt 331.776000 rms  0.684  1.037% neg 0  invalid 762 tFOTS 3.1470 tGradient 1.8700 tsec 5.2610
#FOTS# QuadFit found better minimum quadopt=(dt=63.6484,rms=0.679501) vs oldopt=(dt=25.92,rms=0.680829)
#GCMRL#  203 dt  63.648352 rms  0.680  0.730% neg 0  invalid 762 tFOTS 3.4170 tGradient 2.1440 tsec 5.8650
#FOTS# QuadFit found better minimum quadopt=(dt=145.152,rms=0.676276) vs oldopt=(dt=103.68,rms=0.676799)
#GCMRL#  204 dt 145.152000 rms  0.676  0.475% neg 0  invalid 762 tFOTS 3.3470 tGradient 2.0890 tsec 5.6810
#FOTS# QuadFit found better minimum quadopt=(dt=68.2905,rms=0.674468) vs oldopt=(dt=103.68,rms=0.674895)
#GCMRL#  205 dt  68.290503 rms  0.674  0.267% neg 0  invalid 762 tFOTS 3.3620 tGradient 2.0270 tsec 5.6330
#FOTS# QuadFit found better minimum quadopt=(dt=145.152,rms=0.671931) vs oldopt=(dt=103.68,rms=0.672413)
#GCMRL#  206 dt 145.152000 rms  0.672  0.376% neg 0  invalid 762 tFOTS 3.3290 tGradient 2.0210 tsec 5.5950
#FOTS# QuadFit found better minimum quadopt=(dt=78.1639,rms=0.670262) vs oldopt=(dt=103.68,rms=0.670417)
#GCMRL#  207 dt  78.163934 rms  0.670  0.248% neg 0  invalid 762 tFOTS 3.3380 tGradient 2.0430 tsec 5.6250
#FOTS# QuadFit found better minimum quadopt=(dt=145.152,rms=0.668344) vs oldopt=(dt=103.68,rms=0.668471)
#GCMRL#  208 dt 145.152000 rms  0.668  0.286% neg 0  invalid 762 tFOTS 3.3910 tGradient 1.9160 tsec 5.5500
#FOTS# QuadFit found better minimum quadopt=(dt=36.288,rms=0.666909) vs oldopt=(dt=25.92,rms=0.667188)
#GCMRL#  209 dt  36.288000 rms  0.667  0.215% neg 0  invalid 762 tFOTS 3.3490 tGradient 2.0280 tsec 5.6200
#FOTS# QuadFit found better minimum quadopt=(dt=331.776,rms=0.663972) vs oldopt=(dt=414.72,rms=0.664019)
#GCMRL#  210 dt 331.776000 rms  0.664  0.440% neg 0  invalid 762 tFOTS 3.3180 tGradient 1.9560 tsec 5.5190
#FOTS# QuadFit found better minimum quadopt=(dt=36.288,rms=0.661888) vs oldopt=(dt=25.92,rms=0.662325)
#GCMRL#  211 dt  36.288000 rms  0.662  0.314% neg 0  invalid 762 tFOTS 3.3570 tGradient 1.7870 tsec 5.3890
#FOTS# QuadFit found better minimum quadopt=(dt=145.152,rms=0.66023) vs oldopt=(dt=103.68,rms=0.660488)
#GCMRL#  212 dt 145.152000 rms  0.660  0.251% neg 0  invalid 762 tFOTS 3.3430 tGradient 1.8220 tsec 5.4090
#FOTS# QuadFit found better minimum quadopt=(dt=69.1892,rms=0.659227) vs oldopt=(dt=103.68,rms=0.659432)
#GCMRL#  213 dt  69.189189 rms  0.659  0.152% neg 0  invalid 762 tFOTS 3.3880 tGradient 1.8220 tsec 5.4510
#FOTS# QuadFit found better minimum quadopt=(dt=145.152,rms=0.657945) vs oldopt=(dt=103.68,rms=0.658156)
#GCMRL#  214 dt 145.152000 rms  0.658  0.194% neg 0  invalid 762 tFOTS 3.3000 tGradient 1.7560 tsec 5.2960
#FOTS# QuadFit found better minimum quadopt=(dt=69.4468,rms=0.656993) vs oldopt=(dt=103.68,rms=0.657197)
#GCMRL#  215 dt  69.446809 rms  0.657  0.145% neg 0  invalid 762 tFOTS 3.2910 tGradient 1.9090 tsec 5.4410
#FOTS# QuadFit found better minimum quadopt=(dt=145.152,rms=0.65593) vs oldopt=(dt=103.68,rms=0.65606)
#GCMRL#  216 dt 145.152000 rms  0.656  0.162% neg 0  invalid 762 tFOTS 3.2950 tGradient 1.8920 tsec 5.4280
#FOTS# QuadFit found better minimum quadopt=(dt=64,rms=0.655009) vs oldopt=(dt=103.68,rms=0.655312)
#GCMRL#  217 dt  64.000000 rms  0.655  0.140% neg 0  invalid 762 tFOTS 3.3150 tGradient 1.9850 tsec 5.5430
#FOTS# QuadFit found better minimum quadopt=(dt=145.152,rms=0.654026) vs oldopt=(dt=103.68,rms=0.654184)
#GCMRL#  218 dt 145.152000 rms  0.654  0.150% neg 0  invalid 762 tFOTS 3.3050 tGradient 1.8780 tsec 5.4230
#FOTS# QuadFit found better minimum quadopt=(dt=70.8267,rms=0.653255) vs oldopt=(dt=103.68,rms=0.65342)
#GCMRL#  219 dt  70.826667 rms  0.653  0.118% neg 0  invalid 762 tFOTS 3.4980 tGradient 1.8740 tsec 5.6150
#FOTS# QuadFit found better minimum quadopt=(dt=145.152,rms=0.65245) vs oldopt=(dt=103.68,rms=0.652505)
#GCMRL#  220 dt 145.152000 rms  0.652  0.123% neg 0  invalid 762 tFOTS 3.3060 tGradient 1.9510 tsec 5.5000
#FOTS# QuadFit found better minimum quadopt=(dt=36.288,rms=0.651758) vs oldopt=(dt=25.92,rms=0.651887)
#GCMRL#  221 dt  36.288000 rms  0.652  0.106% neg 0  invalid 762 tFOTS 3.1060 tGradient 1.9470 tsec 5.2960
#GCMRL#  222 dt 414.720000 rms  0.650  0.264% neg 0  invalid 762 tFOTS 3.2980 tGradient 1.9790 tsec 5.5170
#FOTS# QuadFit found better minimum quadopt=(dt=36.288,rms=0.648715) vs oldopt=(dt=25.92,rms=0.648962)
#GCMRL#  223 dt  36.288000 rms  0.649  0.204% neg 0  invalid 762 tFOTS 3.3110 tGradient 2.1420 tsec 5.6960
#FOTS# QuadFit found better minimum quadopt=(dt=124.416,rms=0.648157) vs oldopt=(dt=103.68,rms=0.64817)
#GCMRL#  224 dt 124.416000 rms  0.648  0.086% neg 0  invalid 762 tFOTS 3.3160 tGradient 1.9360 tsec 5.4920
#FOTS# QuadFit found better minimum quadopt=(dt=82.944,rms=0.647472) vs oldopt=(dt=103.68,rms=0.647542)
#GCMRL#  225 dt  82.944000 rms  0.647  0.106% neg 0  invalid 762 tFOTS 3.3330 tGradient 1.9720 tsec 5.5490
#FOTS# QuadFit found better minimum quadopt=(dt=82.944,rms=0.647101) vs oldopt=(dt=103.68,rms=0.647154)
#GCMRL#  226 dt  82.944000 rms  0.647  0.057% neg 0  invalid 762 tFOTS 3.3430 tGradient 1.8590 tsec 5.4460
#GCMRL#  227 dt 103.680000 rms  0.646  0.103% neg 0  invalid 762 tFOTS 3.3220 tGradient 1.8480 tsec 5.4110
#FOTS# QuadFit found better minimum quadopt=(dt=62.208,rms=0.646081) vs oldopt=(dt=103.68,rms=0.646176)
#GCMRL#  228 dt  62.208000 rms  0.646  0.055% neg 0  invalid 762 tFOTS 3.3340 tGradient 1.8520 tsec 5.4290
#FOTS# QuadFit found better minimum quadopt=(dt=331.776,rms=0.64504) vs oldopt=(dt=414.72,rms=0.645194)
#GCMRL#  229 dt 331.776000 rms  0.645  0.161% neg 0  invalid 762 tFOTS 3.3410 tGradient 1.7440 tsec 5.3300
#FOTS# QuadFit found better minimum quadopt=(dt=36.288,rms=0.644148) vs oldopt=(dt=25.92,rms=0.6443)
#GCMRL#  230 dt  36.288000 rms  0.644  0.138% neg 0  invalid 762 tFOTS 3.3430 tGradient 1.7810 tsec 5.3670
#FOTS# QuadFit found better minimum quadopt=(dt=124.416,rms=0.643712) vs oldopt=(dt=103.68,rms=0.643723)
#GCMRL#  231 dt 124.416000 rms  0.644  0.068% neg 0  invalid 762 tFOTS 3.3280 tGradient 1.7770 tsec 5.3480
#FOTS# QuadFit found better minimum quadopt=(dt=82.944,rms=0.643114) vs oldopt=(dt=103.68,rms=0.64316)
#GCMRL#  232 dt  82.944000 rms  0.643  0.093% neg 0  invalid 762 tFOTS 3.3180 tGradient 1.7950 tsec 5.3540
#FOTS# QuadFit found better minimum quadopt=(dt=36.288,rms=0.642925) vs oldopt=(dt=25.92,rms=0.64297)
#GCMRL#  233 dt  36.288000 rms  0.643  0.000% neg 0  invalid 762 tFOTS 3.5470 tGradient 1.7990 tsec 5.6120
#GCMRL#  234 dt  36.288000 rms  0.643  0.026% neg 0  invalid 762 tFOTS 0.0000 tGradient 1.7830 tsec 2.0250
#GCMRL#  235 dt  36.288000 rms  0.642  0.045% neg 0  invalid 762 tFOTS 0.0000 tGradient 1.7750 tsec 2.0160
#GCMRL#  236 dt  36.288000 rms  0.642  0.070% neg 0  invalid 762 tFOTS 0.0000 tGradient 1.7660 tsec 2.0040
#GCMRL#  237 dt  36.288000 rms  0.641  0.090% neg 0  invalid 762 tFOTS 0.0000 tGradient 1.7620 tsec 2.0020
#GCMRL#  238 dt  36.288000 rms  0.641  0.104% neg 0  invalid 762 tFOTS 0.0000 tGradient 1.8090 tsec 2.0470
#GCMRL#  239 dt  36.288000 rms  0.640  0.110% neg 0  invalid 762 tFOTS 0.0000 tGradient 1.7650 tsec 2.0050
#GCMRL#  240 dt  36.288000 rms  0.639  0.121% neg 0  invalid 762 tFOTS 0.0000 tGradient 1.8240 tsec 2.0620
#GCMRL#  241 dt  36.288000 rms  0.638  0.127% neg 0  invalid 762 tFOTS 0.0000 tGradient 1.7600 tsec 1.9990
#GCMRL#  242 dt  36.288000 rms  0.638  0.133% neg 0  invalid 762 tFOTS 0.0000 tGradient 1.7810 tsec 2.0190
#GCMRL#  243 dt  36.288000 rms  0.637  0.131% neg 0  invalid 762 tFOTS 0.0000 tGradient 1.8250 tsec 2.0660
#GCMRL#  244 dt  36.288000 rms  0.636  0.134% neg 0  invalid 762 tFOTS 0.0000 tGradient 1.8030 tsec 2.0420
#GCMRL#  245 dt  36.288000 rms  0.635  0.132% neg 0  invalid 762 tFOTS 0.0000 tGradient 1.7980 tsec 2.0360
#GCMRL#  246 dt  36.288000 rms  0.634  0.132% neg 0  invalid 762 tFOTS 0.0000 tGradient 1.8460 tsec 2.0830
#GCMRL#  247 dt  36.288000 rms  0.633  0.130% neg 0  invalid 762 tFOTS 0.0000 tGradient 1.8100 tsec 2.0530
#GCMRL#  248 dt  36.288000 rms  0.633  0.129% neg 0  invalid 762 tFOTS 0.0000 tGradient 1.8020 tsec 2.0410
#GCMRL#  249 dt  36.288000 rms  0.632  0.124% neg 0  invalid 762 tFOTS 0.0000 tGradient 1.8920 tsec 2.1300
#GCMRL#  250 dt  36.288000 rms  0.631  0.122% neg 0  invalid 762 tFOTS 0.0000 tGradient 1.8200 tsec 2.0590
#GCMRL#  251 dt  36.288000 rms  0.630  0.116% neg 0  invalid 762 tFOTS 0.0000 tGradient 1.8170 tsec 2.0550
#GCMRL#  252 dt  36.288000 rms  0.630  0.105% neg 0  invalid 762 tFOTS 0.0000 tGradient 1.8200 tsec 2.0570
#GCMRL#  253 dt  36.288000 rms  0.629  0.106% neg 0  invalid 762 tFOTS 0.0000 tGradient 1.8130 tsec 2.0510
#GCMRL#  254 dt  36.288000 rms  0.628  0.106% neg 0  invalid 762 tFOTS 0.0000 tGradient 1.8150 tsec 2.0520
#GCMRL#  255 dt  36.288000 rms  0.628  0.101% neg 0  invalid 762 tFOTS 0.0000 tGradient 1.8530 tsec 2.0880
#GCMRL#  256 dt  36.288000 rms  0.627  0.100% neg 0  invalid 762 tFOTS 0.0000 tGradient 1.7690 tsec 2.0070
#GCMRL#  257 dt  36.288000 rms  0.626  0.095% neg 0  invalid 762 tFOTS 0.0000 tGradient 1.8290 tsec 2.0680
#GCMRL#  258 dt  36.288000 rms  0.626  0.086% neg 0  invalid 762 tFOTS 0.0000 tGradient 1.9050 tsec 2.1450
#GCMRL#  259 dt  36.288000 rms  0.625  0.081% neg 0  invalid 762 tFOTS 0.0000 tGradient 1.8820 tsec 2.1190
#GCMRL#  260 dt  36.288000 rms  0.625  0.082% neg 0  invalid 762 tFOTS 0.0000 tGradient 1.9130 tsec 2.1510
#GCMRL#  261 dt  36.288000 rms  0.624  0.088% neg 0  invalid 762 tFOTS 0.0000 tGradient 1.8310 tsec 2.0680
#GCMRL#  262 dt  36.288000 rms  0.624  0.088% neg 0  invalid 762 tFOTS 0.0000 tGradient 1.9420 tsec 2.1820
#GCMRL#  263 dt  36.288000 rms  0.623  0.083% neg 0  invalid 762 tFOTS 0.0000 tGradient 1.7800 tsec 2.0200
#GCMRL#  264 dt  36.288000 rms  0.623  0.076% neg 0  invalid 762 tFOTS 0.0000 tGradient 1.8530 tsec 2.0910
#GCMRL#  265 dt  36.288000 rms  0.622  0.066% neg 0  invalid 762 tFOTS 0.0000 tGradient 1.8290 tsec 2.0690
#GCMRL#  266 dt  36.288000 rms  0.622  0.069% neg 0  invalid 762 tFOTS 0.0000 tGradient 1.7570 tsec 1.9960
#GCMRL#  267 dt  36.288000 rms  0.622  0.066% neg 0  invalid 762 tFOTS 0.0000 tGradient 1.8420 tsec 2.0780
#GCMRL#  268 dt  36.288000 rms  0.622  0.010% neg 0  invalid 762 tFOTS 0.0000 tGradient 1.7990 tsec 2.1640
#GCMRL#  269 dt  36.288000 rms  0.621  0.014% neg 0  invalid 762 tFOTS 0.0000 tGradient 1.7620 tsec 1.9980
#GCMRL#  270 dt  36.288000 rms  0.621  0.011% neg 0  invalid 762 tFOTS 0.0000 tGradient 1.7800 tsec 2.0360
#GCMRL#  271 dt 103.680000 rms  0.621  0.000% neg 0  invalid 762 tFOTS 2.9900 tGradient 1.7730 tsec 5.0310
#GCMRL#  272 dt  12.960000 rms  0.621  0.005% neg 0  invalid 762 tFOTS 0.0000 tGradient 1.7550 tsec 2.4750
#GCMRL#  273 dt   6.480000 rms  0.621  0.002% neg 0  invalid 762 tFOTS 0.0000 tGradient 1.7470 tsec 2.2340

#GCAMreg# pass 0 level1 4 level2 1 tsec 290.148 sigma 0.5
l_jacobian=1.00 l_label=1.00 l_log_likelihood=0.20 l_smoothness=0.03 
tol=5.00e-02, dt=5.00e-02, exp_k=20.0, momentum=0.90, levels=6, niter=500, lbl_dist=10.00, avgs=64, sigma=0.5,type=2, relabel=0, neg=no

blurring input image with Gaussian with sigma=0.500...
GCAMRegisterLevel(): init RMS 0.622556
#FOTS# QuadFit found better minimum quadopt=(dt=145.152,rms=0.618939) vs oldopt=(dt=103.68,rms=0.61919)
#GCMRL#  275 dt 145.152000 rms  0.619  0.581% neg 0  invalid 762 tFOTS 3.1780 tGradient 1.7580 tsec 5.1830
#FOTS# QuadFit found better minimum quadopt=(dt=36.288,rms=0.618498) vs oldopt=(dt=25.92,rms=0.618589)
#GCMRL#  276 dt  36.288000 rms  0.618  0.071% neg 0  invalid 762 tFOTS 3.5690 tGradient 1.7830 tsec 5.5980
#FOTS# QuadFit found better minimum quadopt=(dt=145.152,rms=0.617945) vs oldopt=(dt=103.68,rms=0.618024)
#GCMRL#  277 dt 145.152000 rms  0.618  0.089% neg 0  invalid 762 tFOTS 3.3620 tGradient 1.7750 tsec 5.3850
#FOTS# QuadFit found better minimum quadopt=(dt=145.152,rms=0.617198) vs oldopt=(dt=103.68,rms=0.61728)
#GCMRL#  278 dt 145.152000 rms  0.617  0.121% neg 0  invalid 762 tFOTS 3.3760 tGradient 1.7560 tsec 5.3810
#FOTS# QuadFit found better minimum quadopt=(dt=36.288,rms=0.616967) vs oldopt=(dt=25.92,rms=0.617003)
#GCMRL#  279 dt  36.288000 rms  0.617  0.000% neg 0  invalid 762 tFOTS 3.3490 tGradient 1.7920 tsec 5.4000
#GCMRL#  280 dt  36.288000 rms  0.617  0.013% neg 0  invalid 762 tFOTS 0.0000 tGradient 1.7630 tsec 2.0020
#GCMRL#  281 dt  36.288000 rms  0.617  0.024% neg 0  invalid 762 tFOTS 0.0000 tGradient 1.7590 tsec 2.0010
#GCMRL#  282 dt  36.288000 rms  0.617  0.039% neg 0  invalid 762 tFOTS 0.0000 tGradient 1.8240 tsec 2.0680
#GCMRL#  283 dt  36.288000 rms  0.616  0.056% neg 0  invalid 762 tFOTS 0.0000 tGradient 1.7920 tsec 2.0350
#GCMRL#  284 dt  36.288000 rms  0.616  0.066% neg 0  invalid 762 tFOTS 0.0000 tGradient 1.7650 tsec 2.0060
#GCMRL#  285 dt  36.288000 rms  0.615  0.066% neg 0  invalid 762 tFOTS 0.0000 tGradient 1.7640 tsec 2.0070
#GCMRL#  286 dt  36.288000 rms  0.615  0.065% neg 0  invalid 762 tFOTS 0.0000 tGradient 1.7700 tsec 2.0130
#GCMRL#  287 dt  36.288000 rms  0.615  0.061% neg 0  invalid 762 tFOTS 0.0000 tGradient 1.7800 tsec 2.0220
#GCMRL#  288 dt  36.288000 rms  0.614  0.055% neg 0  invalid 762 tFOTS 0.0000 tGradient 1.8170 tsec 2.0570
#GCMRL#  289 dt  36.288000 rms  0.614  0.056% neg 0  invalid 762 tFOTS 0.0000 tGradient 1.8000 tsec 2.0400
#GCMRL#  290 dt  36.288000 rms  0.614  0.058% neg 0  invalid 762 tFOTS 0.0000 tGradient 1.7570 tsec 1.9980
#GCMRL#  291 dt  36.288000 rms  0.613  0.064% neg 0  invalid 762 tFOTS 0.0000 tGradient 1.7770 tsec 2.0190
#GCMRL#  292 dt  36.288000 rms  0.613  0.065% neg 0  invalid 762 tFOTS 0.0000 tGradient 1.8510 tsec 2.0930
#GCMRL#  293 dt  36.288000 rms  0.612  0.059% neg 0  invalid 762 tFOTS 0.0000 tGradient 1.9290 tsec 2.1710
#GCMRL#  294 dt  36.288000 rms  0.612  0.059% neg 0  invalid 762 tFOTS 0.0000 tGradient 1.8860 tsec 2.1300
#GCMRL#  295 dt  36.288000 rms  0.612  0.054% neg 0  invalid 762 tFOTS 0.0000 tGradient 1.8970 tsec 2.1390
#GCMRL#  296 dt  36.288000 rms  0.611  0.048% neg 0  invalid 762 tFOTS 0.0000 tGradient 1.9750 tsec 2.2170
#GCMRL#  297 dt  36.288000 rms  0.611  0.051% neg 0  invalid 762 tFOTS 0.0000 tGradient 1.8570 tsec 2.1000
#GCMRL#  298 dt  36.288000 rms  0.611  0.047% neg 0  invalid 762 tFOTS 0.0000 tGradient 1.8430 tsec 2.0850
#GCMRL#  299 dt  36.288000 rms  0.610  0.054% neg 0  invalid 762 tFOTS 0.0000 tGradient 1.8720 tsec 2.1150
#GCMRL#  300 dt  36.288000 rms  0.610  0.050% neg 0  invalid 762 tFOTS 0.0000 tGradient 1.9050 tsec 2.1470
#GCMRL#  301 dt  36.288000 rms  0.610  0.052% neg 0  invalid 762 tFOTS 0.0000 tGradient 1.8670 tsec 2.1090
#GCMRL#  302 dt  36.288000 rms  0.610  0.047% neg 0  invalid 762 tFOTS 0.0000 tGradient 1.8870 tsec 2.1300
#GCMRL#  303 dt  36.288000 rms  0.609  0.043% neg 0  invalid 762 tFOTS 0.0000 tGradient 1.8590 tsec 2.1010
#GCMRL#  304 dt  36.288000 rms  0.609  0.041% neg 0  invalid 762 tFOTS 0.0000 tGradient 1.8530 tsec 2.0960
#GCMRL#  305 dt  36.288000 rms  0.609  0.043% neg 0  invalid 762 tFOTS 0.0000 tGradient 1.8730 tsec 2.1160
#GCMRL#  306 dt  36.288000 rms  0.608  0.049% neg 0  invalid 762 tFOTS 0.0000 tGradient 1.8880 tsec 2.1340
#GCMRL#  307 dt  36.288000 rms  0.608  0.047% neg 0  invalid 762 tFOTS 0.0000 tGradient 1.8490 tsec 2.0940
#GCMRL#  308 dt  36.288000 rms  0.608  0.043% neg 0  invalid 762 tFOTS 0.0000 tGradient 1.8730 tsec 2.1140
#GCMRL#  309 dt  36.288000 rms  0.608  0.041% neg 0  invalid 762 tFOTS 0.0000 tGradient 1.8720 tsec 2.1130
#GCMRL#  310 dt  36.288000 rms  0.607  0.033% neg 0  invalid 762 tFOTS 0.0000 tGradient 1.8710 tsec 2.1130
#GCMRL#  311 dt  36.288000 rms  0.607  0.033% neg 0  invalid 762 tFOTS 0.0000 tGradient 1.8360 tsec 2.0760
#GCMRL#  312 dt  36.288000 rms  0.607  0.040% neg 0  invalid 762 tFOTS 0.0000 tGradient 1.8750 tsec 2.1170
#GCMRL#  313 dt  36.288000 rms  0.607  0.041% neg 0  invalid 762 tFOTS 0.0000 tGradient 1.8550 tsec 2.0990
#GCMRL#  314 dt  36.288000 rms  0.607  0.037% neg 0  invalid 762 tFOTS 0.0000 tGradient 1.8820 tsec 2.1250
#GCMRL#  315 dt  36.288000 rms  0.606  0.033% neg 0  invalid 762 tFOTS 0.0000 tGradient 1.8880 tsec 2.1310
#GCMRL#  316 dt  36.288000 rms  0.606  0.031% neg 0  invalid 762 tFOTS 0.0000 tGradient 1.8580 tsec 2.0990
#GCMRL#  317 dt  36.288000 rms  0.606  0.031% neg 0  invalid 762 tFOTS 0.0000 tGradient 1.8300 tsec 2.0710
#GCMRL#  318 dt  36.288000 rms  0.606  0.033% neg 0  invalid 762 tFOTS 0.0000 tGradient 1.8170 tsec 2.0610
#GCMRL#  319 dt  36.288000 rms  0.606  0.034% neg 0  invalid 762 tFOTS 0.0000 tGradient 1.8360 tsec 2.0760
#GCMRL#  320 dt  36.288000 rms  0.605  0.036% neg 0  invalid 762 tFOTS 0.0000 tGradient 1.8170 tsec 2.0580
#GCMRL#  321 dt  36.288000 rms  0.605  0.035% neg 0  invalid 762 tFOTS 0.0000 tGradient 1.8060 tsec 2.0490
#GCMRL#  322 dt  36.288000 rms  0.605  0.029% neg 0  invalid 762 tFOTS 0.0000 tGradient 1.8140 tsec 2.0550
#GCMRL#  323 dt  36.288000 rms  0.605  0.028% neg 0  invalid 762 tFOTS 0.0000 tGradient 1.8350 tsec 2.0780
#GCMRL#  324 dt  36.288000 rms  0.605  0.028% neg 0  invalid 762 tFOTS 0.0000 tGradient 1.8580 tsec 2.1030
#GCMRL#  325 dt  36.288000 rms  0.604  0.030% neg 0  invalid 762 tFOTS 0.0000 tGradient 1.8460 tsec 2.0900
#GCMRL#  326 dt  36.288000 rms  0.604  0.032% neg 0  invalid 762 tFOTS 0.0000 tGradient 1.8590 tsec 2.1020
#GCMRL#  327 dt  36.288000 rms  0.604  0.033% neg 0  invalid 762 tFOTS 0.0000 tGradient 1.8890 tsec 2.1260
#GCMRL#  328 dt  36.288000 rms  0.604  0.029% neg 0  invalid 762 tFOTS 0.0000 tGradient 1.8670 tsec 2.1060
#GCMRL#  329 dt  36.288000 rms  0.604  0.027% neg 0  invalid 762 tFOTS 0.0000 tGradient 1.8660 tsec 2.1030
#GCMRL#  330 dt  36.288000 rms  0.604  0.027% neg 0  invalid 762 tFOTS 0.0000 tGradient 1.8770 tsec 2.1140
#GCMRL#  331 dt  36.288000 rms  0.603  0.025% neg 0  invalid 762 tFOTS 0.0000 tGradient 1.8490 tsec 2.0880
#GCMRL#  332 dt  36.288000 rms  0.603  0.025% neg 0  invalid 762 tFOTS 0.0000 tGradient 1.8260 tsec 2.0650
#GCMRL#  333 dt  36.288000 rms  0.603  0.027% neg 0  invalid 762 tFOTS 0.0000 tGradient 1.8110 tsec 2.0480
#GCMRL#  334 dt  36.288000 rms  0.603  0.025% neg 0  invalid 762 tFOTS 0.0000 tGradient 1.8450 tsec 2.0830
#GCMRL#  335 dt  36.288000 rms  0.603  0.029% neg 0  invalid 762 tFOTS 0.0000 tGradient 1.8110 tsec 2.0500
#GCMRL#  336 dt  36.288000 rms  0.603  0.027% neg 0  invalid 762 tFOTS 0.0000 tGradient 1.8220 tsec 2.0610
#GCMRL#  337 dt  36.288000 rms  0.602  0.025% neg 0  invalid 762 tFOTS 0.0000 tGradient 1.8200 tsec 2.0570
#GCMRL#  338 dt  36.288000 rms  0.602  0.024% neg 0  invalid 762 tFOTS 0.0000 tGradient 1.8070 tsec 2.0460
#GCMRL#  339 dt  36.288000 rms  0.602  0.022% neg 0  invalid 762 tFOTS 0.0000 tGradient 1.8100 tsec 2.0650
#FOTS# QuadFit found better minimum quadopt=(dt=497.664,rms=0.60211) vs oldopt=(dt=414.72,rms=0.602112)
#GCMRL#  340 dt 497.664000 rms  0.602  0.000% neg 0  invalid 762 tFOTS 3.3670 tGradient 1.8030 tsec 5.4320
setting smoothness cost coefficient to 0.118

#GCAMreg# pass 0 level1 3 level2 0 tsec 0 sigma 2
l_jacobian=1.00 l_label=1.00 l_log_likelihood=0.20 l_smoothness=0.12 
tol=5.00e-02, dt=5.00e-02, exp_k=20.0, momentum=0.90, levels=6, niter=500, lbl_dist=10.00, avgs=16, sigma=2.0,type=2, relabel=0, neg=no

blurring input image with Gaussian with sigma=2.000...
GCAMRegisterLevel(): init RMS 0.615624
#FOTS# QuadFit found better minimum quadopt=(dt=38.4,rms=0.611724) vs oldopt=(dt=32,rms=0.611778)
#GCMRL#  342 dt  38.400000 rms  0.612  0.633% neg 0  invalid 762 tFOTS 3.1840 tGradient 1.5550 tsec 4.9880
#FOTS# QuadFit found better minimum quadopt=(dt=44.8,rms=0.606782) vs oldopt=(dt=32,rms=0.608013)
#GCMRL#  343 dt  44.800000 rms  0.607  0.808% neg 0  invalid 762 tFOTS 3.1570 tGradient 1.5590 tsec 4.9620
#FOTS# QuadFit found better minimum quadopt=(dt=114.752,rms=0.602085) vs oldopt=(dt=128,rms=0.60218)
#GCMRL#  344 dt 114.752187 rms  0.602  0.774% neg 0  invalid 762 tFOTS 3.2930 tGradient 1.6040 tsec 5.1440
#FOTS# QuadFit found better minimum quadopt=(dt=28.7107,rms=0.596976) vs oldopt=(dt=32,rms=0.597091)
#GCMRL#  345 dt  28.710660 rms  0.597  0.849% neg 0  invalid 762 tFOTS 3.1340 tGradient 1.5130 tsec 4.8930
#FOTS# QuadFit found better minimum quadopt=(dt=25.6,rms=0.595407) vs oldopt=(dt=32,rms=0.595515)
#GCMRL#  346 dt  25.600000 rms  0.595  0.263% neg 0  invalid 762 tFOTS 3.3150 tGradient 1.5140 tsec 5.0750
#FOTS# QuadFit found better minimum quadopt=(dt=62.6383,rms=0.593171) vs oldopt=(dt=32,rms=0.593465)
#GCMRL#  347 dt  62.638298 rms  0.593  0.376% neg 0  invalid 762 tFOTS 3.3120 tGradient 1.5320 tsec 5.0920
#FOTS# QuadFit found better minimum quadopt=(dt=11.2,rms=0.591361) vs oldopt=(dt=8,rms=0.591743)
#GCMRL#  348 dt  11.200000 rms  0.591  0.305% neg 0  invalid 762 tFOTS 3.3250 tGradient 1.4780 tsec 5.0490
#GCMRL#  349 dt  32.000000 rms  0.590  0.178% neg 0  invalid 762 tFOTS 3.2720 tGradient 1.4460 tsec 4.9660
#GCMRL#  350 dt  32.000000 rms  0.589  0.252% neg 0  invalid 762 tFOTS 3.2930 tGradient 1.5110 tsec 5.0500
#FOTS# QuadFit found better minimum quadopt=(dt=24.1481,rms=0.587851) vs oldopt=(dt=32,rms=0.588026)
#GCMRL#  351 dt  24.148148 rms  0.588  0.165% neg 0  invalid 762 tFOTS 3.2770 tGradient 1.4510 tsec 4.9750
#FOTS# QuadFit found better minimum quadopt=(dt=38.4,rms=0.586545) vs oldopt=(dt=32,rms=0.586596)
#GCMRL#  352 dt  38.400000 rms  0.587  0.222% neg 0  invalid 762 tFOTS 3.2730 tGradient 1.4820 tsec 5.0030
#FOTS# QuadFit found better minimum quadopt=(dt=21.0598,rms=0.585641) vs oldopt=(dt=32,rms=0.585929)
#GCMRL#  353 dt  21.059829 rms  0.586  0.154% neg 0  invalid 762 tFOTS 3.2730 tGradient 1.4440 tsec 4.9660
#FOTS# QuadFit found better minimum quadopt=(dt=44.8,rms=0.584355) vs oldopt=(dt=32,rms=0.584531)
#GCMRL#  354 dt  44.800000 rms  0.584  0.220% neg 0  invalid 762 tFOTS 3.2640 tGradient 1.4530 tsec 4.9650
#FOTS# QuadFit found better minimum quadopt=(dt=11.2,rms=0.583692) vs oldopt=(dt=8,rms=0.583825)
#GCMRL#  355 dt  11.200000 rms  0.584  0.113% neg 0  invalid 762 tFOTS 3.2770 tGradient 1.4570 tsec 4.9790
#FOTS# QuadFit found better minimum quadopt=(dt=102.4,rms=0.58206) vs oldopt=(dt=128,rms=0.582078)
#GCMRL#  356 dt 102.400000 rms  0.582  0.280% neg 0  invalid 762 tFOTS 3.0840 tGradient 1.4520 tsec 4.7800
#FOTS# QuadFit found better minimum quadopt=(dt=11.2,rms=0.58068) vs oldopt=(dt=8,rms=0.580956)
#GCMRL#  357 dt  11.200000 rms  0.581  0.237% neg 0  invalid 762 tFOTS 3.1130 tGradient 1.4880 tsec 4.8480
#FOTS# QuadFit found better minimum quadopt=(dt=44.8,rms=0.579829) vs oldopt=(dt=32,rms=0.579922)
#GCMRL#  358 dt  44.800000 rms  0.580  0.147% neg 0  invalid 762 tFOTS 3.1220 tGradient 1.4560 tsec 4.8210
#FOTS# QuadFit found better minimum quadopt=(dt=11.2,rms=0.57929) vs oldopt=(dt=8,rms=0.579388)
#GCMRL#  359 dt  11.200000 rms  0.579  0.093% neg 0  invalid 762 tFOTS 3.1090 tGradient 1.4560 tsec 4.8060
#FOTS# QuadFit found better minimum quadopt=(dt=11.2,rms=0.579072) vs oldopt=(dt=8,rms=0.579137)
#GCMRL#  360 dt  11.200000 rms  0.579  0.000% neg 0  invalid 762 tFOTS 2.9080 tGradient 1.4500 tsec 4.6200
#GCMRL#  361 dt  11.200000 rms  0.579  0.041% neg 0  invalid 762 tFOTS 0.0000 tGradient 1.4550 tsec 1.6950
#GCMRL#  362 dt   5.600000 rms  0.579  0.022% neg 0  invalid 762 tFOTS 0.0000 tGradient 1.4640 tsec 1.9450
#GCMRL#  363 dt   2.800000 rms  0.579  0.009% neg 0  invalid 762 tFOTS 0.0000 tGradient 1.4680 tsec 1.9700
#FOTS# QuadFit found better minimum quadopt=(dt=0.7,rms=0.578642) vs oldopt=(dt=0.5,rms=0.578647)
#GCMRL#  364 dt   0.700000 rms  0.579  0.000% neg 0  invalid 762 tFOTS 2.5550 tGradient 1.4670 tsec 4.2880
#GCMRL#  365 dt   0.700000 rms  0.579  0.002% neg 0  invalid 762 tFOTS 0.0000 tGradient 1.4670 tsec 1.7100
#GCMRL#  366 dt   0.175000 rms  0.579  0.001% neg 0  invalid 762 tFOTS 0.0000 tGradient 1.4710 tsec 2.0700

#GCAMreg# pass 0 level1 3 level2 1 tsec 119.367 sigma 0.5
l_jacobian=1.00 l_label=1.00 l_log_likelihood=0.20 l_smoothness=0.12 
tol=5.00e-02, dt=5.00e-02, exp_k=20.0, momentum=0.90, levels=6, niter=500, lbl_dist=10.00, avgs=16, sigma=0.5,type=2, relabel=0, neg=no

blurring input image with Gaussian with sigma=0.500...
GCAMRegisterLevel(): init RMS 0.579891
#FOTS# QuadFit found better minimum quadopt=(dt=44.8,rms=0.575532) vs oldopt=(dt=32,rms=0.575974)
#GCMRL#  368 dt  44.800000 rms  0.576  0.752% neg 0  invalid 762 tFOTS 3.3450 tGradient 1.4720 tsec 5.0680
#FOTS# QuadFit found better minimum quadopt=(dt=38.4,rms=0.574283) vs oldopt=(dt=32,rms=0.574305)
#GCMRL#  369 dt  38.400000 rms  0.574  0.217% neg 0  invalid 762 tFOTS 3.1430 tGradient 1.4160 tsec 4.8090
#FOTS# QuadFit found better minimum quadopt=(dt=25.6,rms=0.573325) vs oldopt=(dt=32,rms=0.573421)
#GCMRL#  370 dt  25.600000 rms  0.573  0.167% neg 0  invalid 762 tFOTS 3.3380 tGradient 1.4960 tsec 5.0820
#FOTS# QuadFit found better minimum quadopt=(dt=25.6,rms=0.572625) vs oldopt=(dt=32,rms=0.572643)
#GCMRL#  371 dt  25.600000 rms  0.573  0.122% neg 0  invalid 762 tFOTS 3.3690 tGradient 1.4630 tsec 5.0780
#FOTS# QuadFit found better minimum quadopt=(dt=38.4,rms=0.571906) vs oldopt=(dt=32,rms=0.571918)
#GCMRL#  372 dt  38.400000 rms  0.572  0.125% neg 0  invalid 762 tFOTS 3.3570 tGradient 1.4630 tsec 5.0660
#FOTS# QuadFit found better minimum quadopt=(dt=19.2,rms=0.571267) vs oldopt=(dt=32,rms=0.571383)
#GCMRL#  373 dt  19.200000 rms  0.571  0.112% neg 0  invalid 762 tFOTS 3.3560 tGradient 1.4550 tsec 5.0590
#FOTS# QuadFit found better minimum quadopt=(dt=102.4,rms=0.570014) vs oldopt=(dt=128,rms=0.570037)
#GCMRL#  374 dt 102.400000 rms  0.570  0.219% neg 0  invalid 762 tFOTS 3.1200 tGradient 1.4370 tsec 4.8070
#FOTS# QuadFit found better minimum quadopt=(dt=11.2,rms=0.56923) vs oldopt=(dt=8,rms=0.569387)
#GCMRL#  375 dt  11.200000 rms  0.569  0.138% neg 0  invalid 762 tFOTS 3.3220 tGradient 1.3950 tsec 4.9640
#GCMRL#  376 dt  32.000000 rms  0.569  0.075% neg 0  invalid 762 tFOTS 3.3420 tGradient 1.4030 tsec 4.9910
#GCMRL#  377 dt  32.000000 rms  0.568  0.078% neg 0  invalid 762 tFOTS 3.3190 tGradient 1.4200 tsec 4.9900
#FOTS# QuadFit found better minimum quadopt=(dt=25.6,rms=0.567953) vs oldopt=(dt=32,rms=0.567973)
#GCMRL#  378 dt  25.600000 rms  0.568  0.072% neg 0  invalid 762 tFOTS 3.1210 tGradient 1.4000 tsec 4.7700
#FOTS# QuadFit found better minimum quadopt=(dt=38.4,rms=0.567531) vs oldopt=(dt=32,rms=0.567548)
#GCMRL#  379 dt  38.400000 rms  0.568  0.074% neg 0  invalid 762 tFOTS 3.1200 tGradient 1.4540 tsec 4.8190
#FOTS# QuadFit found better minimum quadopt=(dt=11.2,rms=0.567228) vs oldopt=(dt=8,rms=0.567287)
#GCMRL#  380 dt  11.200000 rms  0.567  0.053% neg 0  invalid 762 tFOTS 2.9140 tGradient 1.4110 tsec 4.5690
#FOTS# QuadFit found better minimum quadopt=(dt=11.2,rms=0.567083) vs oldopt=(dt=8,rms=0.567123)
#GCMRL#  381 dt  11.200000 rms  0.567  0.000% neg 0  invalid 762 tFOTS 2.9210 tGradient 1.4250 tsec 4.6110
#GCMRL#  382 dt   1.400000 rms  0.567  0.004% neg 0  invalid 762 tFOTS 0.0000 tGradient 1.4810 tsec 2.2050
#GCMRL#  383 dt   0.350000 rms  0.567  0.001% neg 0  invalid 762 tFOTS 0.0000 tGradient 1.4540 tsec 2.0560
#GCMRL#  384 dt   0.043750 rms  0.567  0.000% neg 0  invalid 762 tFOTS 0.0000 tGradient 1.4570 tsec 2.1910
setting smoothness cost coefficient to 0.400

#GCAMreg# pass 0 level1 2 level2 0 tsec 0 sigma 2
l_jacobian=1.00 l_label=1.00 l_log_likelihood=0.20 l_smoothness=0.40 
tol=5.00e-02, dt=5.00e-02, exp_k=20.0, momentum=0.90, levels=6, niter=500, lbl_dist=10.00, avgs=4, sigma=2.0,type=2, relabel=0, neg=no

blurring input image with Gaussian with sigma=2.000...
GCAMRegisterLevel(): init RMS 0.596923
#GCMRL#  386 dt   0.000000 rms  0.596  0.196% neg 0  invalid 762 tFOTS 2.9180 tGradient 1.3080 tsec 4.4770
#GCMRL#  387 dt   0.150000 rms  0.596  0.000% neg 0  invalid 762 tFOTS 2.9380 tGradient 1.3120 tsec 4.6710

#GCAMreg# pass 0 level1 2 level2 1 tsec 20.33 sigma 0.5
l_jacobian=1.00 l_label=1.00 l_log_likelihood=0.20 l_smoothness=0.40 
tol=5.00e-02, dt=5.00e-02, exp_k=20.0, momentum=0.90, levels=6, niter=500, lbl_dist=10.00, avgs=4, sigma=0.5,type=2, relabel=0, neg=no

blurring input image with Gaussian with sigma=0.500...
GCAMRegisterLevel(): init RMS 0.596923
#GCMRL#  389 dt   0.000000 rms  0.596  0.196% neg 0  invalid 762 tFOTS 3.1220 tGradient 1.3130 tsec 4.6850
#GCMRL#  390 dt   0.150000 rms  0.596  0.000% neg 0  invalid 762 tFOTS 3.1240 tGradient 1.3280 tsec 4.8800
setting smoothness cost coefficient to 1.000

#GCAMreg# pass 0 level1 1 level2 0 tsec 0 sigma 2
l_jacobian=1.00 l_label=1.00 l_log_likelihood=0.20 l_smoothness=1.00 
tol=5.00e-02, dt=5.00e-02, exp_k=20.0, momentum=0.90, levels=6, niter=500, lbl_dist=10.00, avgs=1, sigma=2.0,type=2, relabel=0, neg=no

blurring input image with Gaussian with sigma=2.000...
GCAMRegisterLevel(): init RMS 0.653629
#FOTS# QuadFit found better minimum quadopt=(dt=2.02551,rms=0.64554) vs oldopt=(dt=1.28,rms=0.646765)
#GCMRL#  392 dt   2.025510 rms  0.646  1.238% neg 0  invalid 762 tFOTS 2.9470 tGradient 1.1610 tsec 4.3580
#FOTS# QuadFit found better minimum quadopt=(dt=0.448,rms=0.645284) vs oldopt=(dt=0.32,rms=0.645341)
#GCMRL#  393 dt   0.448000 rms  0.645  0.000% neg 0  invalid 762 tFOTS 3.1280 tGradient 1.1690 tsec 4.5630
#GCMRL#  394 dt   0.448000 rms  0.645  0.013% neg 0  invalid 762 tFOTS 0.0000 tGradient 1.1760 tsec 1.4210

#GCAMreg# pass 0 level1 1 level2 1 tsec 21.453 sigma 0.5
l_jacobian=1.00 l_label=1.00 l_log_likelihood=0.20 l_smoothness=1.00 
tol=5.00e-02, dt=5.00e-02, exp_k=20.0, momentum=0.90, levels=6, niter=500, lbl_dist=10.00, avgs=1, sigma=0.5,type=2, relabel=0, neg=no

blurring input image with Gaussian with sigma=0.500...
GCAMRegisterLevel(): init RMS 0.646214
#GCMRL#  396 dt   1.280000 rms  0.644  0.305% neg 0  invalid 762 tFOTS 3.0910 tGradient 1.1640 tsec 4.5050
#GCMRL#  397 dt   0.320000 rms  0.644  0.000% neg 0  invalid 762 tFOTS 3.1480 tGradient 1.1580 tsec 4.5730
resetting metric properties...
setting smoothness cost coefficient to 2.000

#GCAMreg# pass 0 level1 0 level2 0 tsec 0 sigma 2
l_jacobian=1.00 l_label=1.00 l_log_likelihood=0.20 l_smoothness=2.00 
tol=5.00e-02, dt=5.00e-02, exp_k=20.0, momentum=0.90, levels=6, niter=500, lbl_dist=10.00, avgs=0, sigma=2.0,type=2, relabel=0, neg=no

blurring input image with Gaussian with sigma=2.000...
GCAMRegisterLevel(): init RMS 0.582905
#FOTS# QuadFit found better minimum quadopt=(dt=0.448,rms=0.566338) vs oldopt=(dt=0.32,rms=0.570564)
#GCMRL#  399 dt   0.448000 rms  0.566  2.842% neg 0  invalid 762 tFOTS 2.9090 tGradient 0.7990 tsec 3.9560
#FOTS# QuadFit found better minimum quadopt=(dt=0.448,rms=0.561532) vs oldopt=(dt=0.32,rms=0.56287)
#GCMRL#  400 dt   0.448000 rms  0.562  0.849% neg 0  invalid 762 tFOTS 2.9300 tGradient 0.7190 tsec 3.8970
#FOTS# QuadFit found better minimum quadopt=(dt=0.448,rms=0.558613) vs oldopt=(dt=0.32,rms=0.559438)
#GCMRL#  401 dt   0.448000 rms  0.559  0.520% neg 0  invalid 762 tFOTS 2.9360 tGradient 0.7060 tsec 3.8920
#FOTS# QuadFit found better minimum quadopt=(dt=0.448,rms=0.556757) vs oldopt=(dt=0.32,rms=0.557269)
#GCMRL#  402 dt   0.448000 rms  0.557  0.332% neg 0  invalid 762 tFOTS 2.9490 tGradient 0.6850 tsec 3.8810
#FOTS# QuadFit found better minimum quadopt=(dt=0.448,rms=0.55535) vs oldopt=(dt=0.32,rms=0.555742)
#GCMRL#  403 dt   0.448000 rms  0.555  0.253% neg 0  invalid 762 tFOTS 2.9140 tGradient 0.6840 tsec 3.8460
#FOTS# QuadFit found better minimum quadopt=(dt=0.448,rms=0.554348) vs oldopt=(dt=0.32,rms=0.554615)
#GCMRL#  404 dt   0.448000 rms  0.554  0.181% neg 0  invalid 762 tFOTS 2.9000 tGradient 0.7190 tsec 3.8660
#FOTS# QuadFit found better minimum quadopt=(dt=0.448,rms=0.553486) vs oldopt=(dt=0.32,rms=0.553714)
#GCMRL#  405 dt   0.448000 rms  0.553  0.156% neg 0  invalid 762 tFOTS 2.9350 tGradient 0.6810 tsec 3.8750
#FOTS# QuadFit found better minimum quadopt=(dt=0.448,rms=0.552888) vs oldopt=(dt=0.32,rms=0.553044)
#GCMRL#  406 dt   0.448000 rms  0.553  0.108% neg 0  invalid 762 tFOTS 2.9360 tGradient 0.7580 tsec 3.9420
#FOTS# QuadFit found better minimum quadopt=(dt=0.448,rms=0.55228) vs oldopt=(dt=0.32,rms=0.552425)
#GCMRL#  407 dt   0.448000 rms  0.552  0.110% neg 0  invalid 762 tFOTS 2.9430 tGradient 0.7520 tsec 3.9440
#FOTS# QuadFit found better minimum quadopt=(dt=0.448,rms=0.551893) vs oldopt=(dt=0.32,rms=0.551988)
#GCMRL#  408 dt   0.448000 rms  0.552  0.070% neg 0  invalid 762 tFOTS 2.9460 tGradient 0.7620 tsec 3.9580
#FOTS# QuadFit found better minimum quadopt=(dt=0.448,rms=0.551435) vs oldopt=(dt=0.32,rms=0.551531)
#GCMRL#  409 dt   0.448000 rms  0.551  0.083% neg 0  invalid 762 tFOTS 2.9460 tGradient 0.7660 tsec 3.9640
#FOTS# QuadFit found better minimum quadopt=(dt=0.448,rms=0.551169) vs oldopt=(dt=0.32,rms=0.551225)
#GCMRL#  410 dt   0.448000 rms  0.551  0.000% neg 0  invalid 762 tFOTS 2.9370 tGradient 0.7600 tsec 3.9660
#GCMRL#  411 dt   0.448000 rms  0.551  0.063% neg 0  invalid 762 tFOTS 0.0000 tGradient 0.7290 tsec 0.9770
#GCMRL#  412 dt   0.448000 rms  0.550  0.087% neg 0  invalid 762 tFOTS 0.0000 tGradient 0.7260 tsec 0.9710
#GCMRL#  413 dt   0.448000 rms  0.550  0.032% neg 0  invalid 762 tFOTS 0.0000 tGradient 0.6650 tsec 1.0400
#GCMRL#  414 dt   0.448000 rms  0.550  0.072% neg 0  invalid 762 tFOTS 0.0000 tGradient 0.6800 tsec 0.9260
#GCMRL#  415 dt   0.448000 rms  0.550  0.028% neg 0  invalid 762 tFOTS 0.0000 tGradient 0.6630 tsec 1.0380
#GCMRL#  416 dt   0.224000 rms  0.550  0.013% neg 0  invalid 762 tFOTS 0.0000 tGradient 0.6840 tsec 1.1790
#GCMRL#  417 dt   0.224000 rms  0.549  0.021% neg 0  invalid 762 tFOTS 0.0000 tGradient 0.6640 tsec 0.9120
#GCMRL#  418 dt   0.224000 rms  0.549  0.018% neg 0  invalid 762 tFOTS 0.0000 tGradient 0.6710 tsec 1.0640
#FOTS# QuadFit found better minimum quadopt=(dt=0.384,rms=0.549214) vs oldopt=(dt=0.32,rms=0.549233)
#GCMRL#  419 dt   0.384000 rms  0.549  0.022% neg 0  invalid 762 tFOTS 2.9110 tGradient 0.6590 tsec 3.8230
#GCMRL#  420 dt   0.320000 rms  0.549  0.000% neg 0  invalid 762 tFOTS 2.9170 tGradient 0.6830 tsec 3.8620
#GCMRL#  421 dt   0.320000 rms  0.549  0.007% neg 0  invalid 762 tFOTS 0.0000 tGradient 0.6540 tsec 0.9000
#GCMRL#  422 dt   0.320000 rms  0.549  0.024% neg 0  invalid 762 tFOTS 0.0000 tGradient 0.6610 tsec 0.9060
#GCMRL#  423 dt   0.320000 rms  0.549  0.033% neg 0  invalid 762 tFOTS 0.0000 tGradient 0.6870 tsec 0.9330
#GCMRL#  424 dt   0.160000 rms  0.549  0.007% neg 0  invalid 762 tFOTS 0.0000 tGradient 0.6790 tsec 1.1710
#GCMRL#  425 dt   0.160000 rms  0.549  0.002% neg 0  invalid 762 tFOTS 0.0000 tGradient 0.6570 tsec 0.9240
#GCMRL#  426 dt   0.320000 rms  0.549  0.012% neg 0  invalid 762 tFOTS 2.9420 tGradient 0.6600 tsec 3.8520
#FOTS# QuadFit found better minimum quadopt=(dt=0.192,rms=0.548632) vs oldopt=(dt=0.32,rms=0.548636)
#GCMRL#  427 dt   0.192000 rms  0.549  0.000% neg 0  invalid 762 tFOTS 2.9360 tGradient 0.6610 tsec 3.8640
#GCMRL#  428 dt   0.192000 rms  0.549  0.007% neg 0  invalid 762 tFOTS 0.0000 tGradient 0.6780 tsec 0.9240
#GCMRL#  429 dt   0.192000 rms  0.549  0.012% neg 0  invalid 762 tFOTS 0.0000 tGradient 0.6630 tsec 0.9120
#GCMRL#  430 dt   0.192000 rms  0.548  0.010% neg 0  invalid 762 tFOTS 0.0000 tGradient 0.6590 tsec 0.9020
#GCMRL#  431 dt   0.192000 rms  0.548  0.011% neg 0  invalid 762 tFOTS 0.0000 tGradient 0.6680 tsec 0.9120
#GCMRL#  432 dt   0.192000 rms  0.548  0.014% neg 0  invalid 762 tFOTS 0.0000 tGradient 0.6630 tsec 0.9090
#GCMRL#  433 dt   0.192000 rms  0.548  0.016% neg 0  invalid 762 tFOTS 0.0000 tGradient 0.6890 tsec 0.9370
#GCMRL#  434 dt   0.192000 rms  0.548  0.017% neg 0  invalid 762 tFOTS 0.0000 tGradient 0.6850 tsec 0.9310

#GCAMreg# pass 0 level1 0 level2 1 tsec 92.225 sigma 0.5
l_jacobian=1.00 l_label=1.00 l_log_likelihood=0.20 l_smoothness=2.00 
tol=5.00e-02, dt=5.00e-02, exp_k=20.0, momentum=0.90, levels=6, niter=500, lbl_dist=10.00, avgs=0, sigma=0.5,type=2, relabel=0, neg=no

blurring input image with Gaussian with sigma=0.500...
GCAMRegisterLevel(): init RMS 0.549262
#GCMRL#  436 dt   0.320000 rms  0.545  0.728% neg 0  invalid 762 tFOTS 2.9140 tGradient 0.6750 tsec 3.8370
#FOTS# QuadFit found better minimum quadopt=(dt=0.384,rms=0.544142) vs oldopt=(dt=0.32,rms=0.544315)
#GCMRL#  437 dt   0.384000 rms  0.544  0.206% neg 0  invalid 762 tFOTS 2.9970 tGradient 0.6580 tsec 3.9030
#FOTS# QuadFit found better minimum quadopt=(dt=0.448,rms=0.543845) vs oldopt=(dt=0.32,rms=0.543912)
#GCMRL#  438 dt   0.448000 rms  0.544  0.054% neg 0  invalid 762 tFOTS 2.9320 tGradient 0.6770 tsec 3.8530
#FOTS# QuadFit found better minimum quadopt=(dt=0.192,rms=0.543816) vs oldopt=(dt=0.32,rms=0.543823)
#GCMRL#  439 dt   0.192000 rms  0.544  0.000% neg 0  invalid 762 tFOTS 2.9370 tGradient 0.6620 tsec 3.8610
#GCMRL#  440 dt   0.192000 rms  0.544  0.007% neg 0  invalid 762 tFOTS 0.0000 tGradient 0.6810 tsec 0.9240
#GCMRL#  441 dt   0.192000 rms  0.544  0.007% neg 0  invalid 762 tFOTS 0.0000 tGradient 0.6820 tsec 0.9280
#GCMRL#  442 dt   0.192000 rms  0.544  0.004% neg 0  invalid 762 tFOTS 0.0000 tGradient 0.6610 tsec 0.9250
GCAMregister done in 21.1578 min
********************* ALLOWING NEGATIVE NODES IN DEFORMATION********************************
noneg post
Starting GCAMregister()
label assignment complete, 0 changed (0.00%)
npasses = 1, nlevels = 6
#pass# 1 of 1 ************************
enabling zero nodes
setting smoothness cost coefficient to 0.008

#GCAMreg# pass 0 level1 5 level2 0 tsec 0 sigma 2
l_jacobian=1.00 l_label=1.00 l_log_likelihood=0.20 l_smoothness=0.01 
tol=2.50e-01, dt=5.00e-02, exp_k=20.0, momentum=0.90, levels=6, niter=500, lbl_dist=10.00, avgs=256, sigma=2.0,type=2, relabel=0, neg=yes

blurring input image with Gaussian with sigma=2.000...
GCAMRegisterLevel(): init RMS 0.541626
#GCMRL#  444 dt   0.000000 rms  0.540  0.222% neg 0  invalid 762 tFOTS 3.5280 tGradient 2.2310 tsec 6.0050

#GCAMreg# pass 0 level1 5 level2 1 tsec 21.756 sigma 0.5
l_jacobian=1.00 l_label=1.00 l_log_likelihood=0.20 l_smoothness=0.01 
tol=2.50e-01, dt=5.00e-02, exp_k=20.0, momentum=0.90, levels=6, niter=500, lbl_dist=10.00, avgs=256, sigma=0.5,type=2, relabel=0, neg=yes

blurring input image with Gaussian with sigma=0.500...
GCAMRegisterLevel(): init RMS 0.541626
#FOTS# QuadFit found better minimum quadopt=(dt=129.472,rms=0.539823) vs oldopt=(dt=92.48,rms=0.539945)
#GCMRL#  446 dt 129.472000 rms  0.540  0.333% neg 0  invalid 762 tFOTS 3.5390 tGradient 2.2960 tsec 6.0800
#GCMRL#  447 dt   0.850000 rms  0.540  0.000% neg 0  invalid 762 tFOTS 3.5230 tGradient 2.3110 tsec 6.1000
setting smoothness cost coefficient to 0.031

#GCAMreg# pass 0 level1 4 level2 0 tsec 0 sigma 2
l_jacobian=1.00 l_label=1.00 l_log_likelihood=0.20 l_smoothness=0.03 
tol=2.50e-01, dt=5.00e-02, exp_k=20.0, momentum=0.90, levels=6, niter=500, lbl_dist=10.00, avgs=64, sigma=2.0,type=2, relabel=0, neg=yes

blurring input image with Gaussian with sigma=2.000...
GCAMRegisterLevel(): init RMS 0.541052
#FOTS# QuadFit found better minimum quadopt=(dt=36.288,rms=0.539341) vs oldopt=(dt=25.92,rms=0.539385)
#GCMRL#  449 dt  36.288000 rms  0.539  0.316% neg 0  invalid 762 tFOTS 3.7460 tGradient 1.7770 tsec 5.7680
#FOTS# QuadFit found better minimum quadopt=(dt=82.944,rms=0.538583) vs oldopt=(dt=103.68,rms=0.538656)
#GCMRL#  450 dt  82.944000 rms  0.539  0.000% neg 0  invalid 762 tFOTS 3.5380 tGradient 1.7770 tsec 5.5830
#GCMRL#  451 dt  82.944000 rms  0.538  0.144% neg 0  invalid 762 tFOTS 0.0000 tGradient 1.7900 tsec 2.0290
iter 0, gcam->neg = 1
after 2 iterations, nbhd size=0, neg = 0
#GCMRL#  452 dt  82.944000 rms  0.537  0.072% neg 0  invalid 762 tFOTS 0.0000 tGradient 1.7460 tsec 3.3490
#GCMRL#  453 dt  82.944000 rms  0.537 -0.076% neg 0  invalid 762 tFOTS 0.0000 tGradient 1.7890 tsec 2.2120
#FOTS# QuadFit found better minimum quadopt=(dt=145.152,rms=0.536948) vs oldopt=(dt=103.68,rms=0.537031)
#GCMRL#  454 dt 145.152000 rms  0.537  0.086% neg 0  invalid 762 tFOTS 3.5120 tGradient 1.7380 tsec 5.4950
#FOTS# QuadFit found better minimum quadopt=(dt=145.152,rms=0.53614) vs oldopt=(dt=103.68,rms=0.536181)
#GCMRL#  455 dt 145.152000 rms  0.536  0.150% neg 0  invalid 762 tFOTS 3.4840 tGradient 1.7790 tsec 5.5090
#FOTS# QuadFit found better minimum quadopt=(dt=20.736,rms=0.53602) vs oldopt=(dt=25.92,rms=0.536034)

#GCAMreg# pass 0 level1 4 level2 1 tsec 45.185 sigma 0.5
l_jacobian=1.00 l_label=1.00 l_log_likelihood=0.20 l_smoothness=0.03 
tol=2.50e-01, dt=5.00e-02, exp_k=20.0, momentum=0.90, levels=6, niter=500, lbl_dist=10.00, avgs=64, sigma=0.5,type=2, relabel=0, neg=yes

blurring input image with Gaussian with sigma=0.500...
GCAMRegisterLevel(): init RMS 0.537165
#FOTS# QuadFit found better minimum quadopt=(dt=122.215,rms=0.533486) vs oldopt=(dt=103.68,rms=0.533527)
iter 0, gcam->neg = 2
after 1 iterations, nbhd size=0, neg = 0
#GCMRL#  457 dt 122.214689 rms  0.533  0.685% neg 0  invalid 762 tFOTS 3.7670 tGradient 1.7160 tsec 6.7190
#FOTS# QuadFit found better minimum quadopt=(dt=36.288,rms=0.532501) vs oldopt=(dt=25.92,rms=0.532632)
#GCMRL#  458 dt  36.288000 rms  0.533  0.000% neg 0  invalid 762 tFOTS 3.7230 tGradient 1.7410 tsec 5.7300
#GCMRL#  459 dt  36.288000 rms  0.532  0.038% neg 0  invalid 762 tFOTS 0.0000 tGradient 1.7740 tsec 2.0150
#GCMRL#  460 dt  36.288000 rms  0.532  0.063% neg 0  invalid 762 tFOTS 0.0000 tGradient 1.8070 tsec 2.0510
#GCMRL#  461 dt  36.288000 rms  0.531  0.089% neg 0  invalid 762 tFOTS 0.0000 tGradient 1.7620 tsec 2.0040
#GCMRL#  462 dt  36.288000 rms  0.531  0.105% neg 0  invalid 762 tFOTS 0.0000 tGradient 1.8040 tsec 2.0470
#GCMRL#  463 dt  36.288000 rms  0.530  0.106% neg 0  invalid 762 tFOTS 0.0000 tGradient 1.7140 tsec 1.9560
iter 0, gcam->neg = 1
after 0 iterations, nbhd size=0, neg = 0
#GCMRL#  464 dt  36.288000 rms  0.530  0.093% neg 0  invalid 762 tFOTS 0.0000 tGradient 1.7530 tsec 2.6670
iter 0, gcam->neg = 1
after 7 iterations, nbhd size=1, neg = 0
#GCMRL#  465 dt  36.288000 rms  0.530  0.071% neg 0  invalid 762 tFOTS 0.0000 tGradient 1.7920 tsec 4.9610
#FOTS# QuadFit found better minimum quadopt=(dt=124.416,rms=0.529389) vs oldopt=(dt=103.68,rms=0.529393)
setting smoothness cost coefficient to 0.118

#GCAMreg# pass 0 level1 3 level2 0 tsec 0 sigma 2
l_jacobian=1.00 l_label=1.00 l_log_likelihood=0.20 l_smoothness=0.12 
tol=2.50e-01, dt=5.00e-02, exp_k=20.0, momentum=0.90, levels=6, niter=500, lbl_dist=10.00, avgs=16, sigma=2.0,type=2, relabel=0, neg=yes

blurring input image with Gaussian with sigma=2.000...
GCAMRegisterLevel(): init RMS 0.531173
#FOTS# QuadFit found better minimum quadopt=(dt=38.4,rms=0.526616) vs oldopt=(dt=32,rms=0.526754)
iter 0, gcam->neg = 3
after 2 iterations, nbhd size=0, neg = 0
#GCMRL#  467 dt  38.400000 rms  0.527  0.857% neg 0  invalid 762 tFOTS 3.7470 tGradient 1.4340 tsec 6.7370
#FOTS# QuadFit found better minimum quadopt=(dt=69.75,rms=0.522578) vs oldopt=(dt=32,rms=0.523444)
iter 0, gcam->neg = 16
after 11 iterations, nbhd size=1, neg = 0
#GCMRL#  468 dt  69.750000 rms  0.523  0.760% neg 0  invalid 762 tFOTS 3.7520 tGradient 1.4620 tsec 9.6520
#FOTS# QuadFit found better minimum quadopt=(dt=20.6316,rms=0.520783) vs oldopt=(dt=8,rms=0.521186)
iter 0, gcam->neg = 5
after 10 iterations, nbhd size=1, neg = 0
#GCMRL#  469 dt  20.631579 rms  0.521  0.321% neg 0  invalid 762 tFOTS 3.7540 tGradient 1.3800 tsec 9.2190
#FOTS# QuadFit found better minimum quadopt=(dt=25.6,rms=0.519489) vs oldopt=(dt=32,rms=0.519505)
iter 0, gcam->neg = 5
after 11 iterations, nbhd size=1, neg = 0
#GCMRL#  470 dt  25.600000 rms  0.520  0.265% neg 0  invalid 762 tFOTS 3.7440 tGradient 1.4450 tsec 9.6210
#FOTS# QuadFit found better minimum quadopt=(dt=25.427,rms=0.518719) vs oldopt=(dt=32,rms=0.518826)
iter 0, gcam->neg = 5
after 2 iterations, nbhd size=0, neg = 0
#GCMRL#  471 dt  25.427027 rms  0.519  0.000% neg 0  invalid 762 tFOTS 3.7460 tGradient 1.3890 tsec 6.7350
iter 0, gcam->neg = 3
after 2 iterations, nbhd size=0, neg = 0
#GCMRL#  472 dt  25.427027 rms  0.518  0.177% neg 0  invalid 762 tFOTS 0.0000 tGradient 1.3790 tsec 2.9130
iter 0, gcam->neg = 9
after 3 iterations, nbhd size=0, neg = 0
#GCMRL#  473 dt  25.427027 rms  0.516  0.295% neg 0  invalid 762 tFOTS 0.0000 tGradient 1.3850 tsec 3.2520
iter 0, gcam->neg = 17
after 11 iterations, nbhd size=1, neg = 0
#GCMRL#  474 dt  25.427027 rms  0.515  0.264% neg 0  invalid 762 tFOTS 0.0000 tGradient 1.3790 tsec 5.7490
iter 0, gcam->neg = 14
after 14 iterations, nbhd size=1, neg = 0
#GCMRL#  475 dt  25.427027 rms  0.513  0.356% neg 0  invalid 762 tFOTS 0.0000 tGradient 1.3870 tsec 6.7380
iter 0, gcam->neg = 15
after 13 iterations, nbhd size=1, neg = 0
#GCMRL#  476 dt  25.427027 rms  0.512  0.264% neg 0  invalid 762 tFOTS 0.0000 tGradient 1.3850 tsec 6.5160
iter 0, gcam->neg = 34
after 15 iterations, nbhd size=1, neg = 0
#GCMRL#  477 dt  25.427027 rms  0.510  0.299% neg 0  invalid 762 tFOTS 0.0000 tGradient 1.3650 tsec 7.0070
iter 0, gcam->neg = 40
after 17 iterations, nbhd size=1, neg = 0
#GCMRL#  478 dt  25.427027 rms  0.510  0.133% neg 0  invalid 762 tFOTS 0.0000 tGradient 1.3860 tsec 7.6910
iter 0, gcam->neg = 37
after 19 iterations, nbhd size=1, neg = 0
#GCMRL#  479 dt  25.427027 rms  0.508  0.240% neg 0  invalid 762 tFOTS 0.0000 tGradient 1.3810 tsec 8.3070
iter 0, gcam->neg = 32
after 11 iterations, nbhd size=1, neg = 0
#GCMRL#  480 dt  25.427027 rms  0.508  0.127% neg 0  invalid 762 tFOTS 0.0000 tGradient 1.4350 tsec 5.8470
iter 0, gcam->neg = 24
after 14 iterations, nbhd size=1, neg = 0
#GCMRL#  481 dt  25.427027 rms  0.507  0.133% neg 0  invalid 762 tFOTS 0.0000 tGradient 1.4610 tsec 6.8540
iter 0, gcam->neg = 32
after 12 iterations, nbhd size=1, neg = 0
#GCMRL#  482 dt  25.427027 rms  0.506  0.175% neg 0  invalid 762 tFOTS 0.0000 tGradient 1.4030 tsec 6.1600
iter 0, gcam->neg = 41
after 19 iterations, nbhd size=1, neg = 0
#GCMRL#  483 dt  25.427027 rms  0.506  0.083% neg 0  invalid 762 tFOTS 0.0000 tGradient 1.3850 tsec 8.3560
iter 0, gcam->neg = 48
after 19 iterations, nbhd size=1, neg = 0
#GCMRL#  484 dt  25.427027 rms  0.505  0.088% neg 0  invalid 762 tFOTS 0.0000 tGradient 1.4320 tsec 8.5100
iter 0, gcam->neg = 41
after 7 iterations, nbhd size=0, neg = 0
#GCMRL#  485 dt  25.427027 rms  0.505  0.057% neg 0  invalid 762 tFOTS 0.0000 tGradient 1.3920 tsec 4.5540
#FOTS# QuadFit found better minimum quadopt=(dt=11.2,rms=0.504461) vs oldopt=(dt=8,rms=0.504546)
iter 0, gcam->neg = 1
after 6 iterations, nbhd size=1, neg = 0
#GCMRL#  486 dt  11.200000 rms  0.504  0.090% neg 0  invalid 762 tFOTS 3.6130 tGradient 1.3460 tsec 7.7740
#FOTS# QuadFit found better minimum quadopt=(dt=102.4,rms=0.503836) vs oldopt=(dt=128,rms=0.503874)
iter 0, gcam->neg = 18
after 13 iterations, nbhd size=1, neg = 0
#GCMRL#  487 dt 102.400000 rms  0.504  0.111% neg 0  invalid 762 tFOTS 3.4320 tGradient 1.3810 tsec 9.8430
#FOTS# QuadFit found better minimum quadopt=(dt=25.6,rms=0.50371) vs oldopt=(dt=32,rms=0.503724)
iter 0, gcam->neg = 3
after 1 iterations, nbhd size=0, neg = 0
#GCMRL#  488 dt  25.600000 rms  0.504  0.000% neg 0  invalid 762 tFOTS 3.6070 tGradient 1.3730 tsec 6.2350
iter 0, gcam->neg = 1
after 6 iterations, nbhd size=1, neg = 0
#GCMRL#  489 dt  25.600000 rms  0.504  0.011% neg 0  invalid 762 tFOTS 0.0000 tGradient 1.3840 tsec 4.2710
iter 0, gcam->neg = 8
after 5 iterations, nbhd size=0, neg = 0
#GCMRL#  490 dt  25.600000 rms  0.503  0.039% neg 0  invalid 762 tFOTS 0.0000 tGradient 1.3900 tsec 3.8860
iter 0, gcam->neg = 13
after 6 iterations, nbhd size=0, neg = 0
#GCMRL#  491 dt  25.600000 rms  0.503  0.012% neg 0  invalid 762 tFOTS 0.0000 tGradient 1.4020 tsec 4.2190
iter 0, gcam->neg = 21
after 16 iterations, nbhd size=1, neg = 0

#GCAMreg# pass 0 level1 3 level2 1 tsec 183.526 sigma 0.5
l_jacobian=1.00 l_label=1.00 l_log_likelihood=0.20 l_smoothness=0.12 
tol=2.50e-01, dt=5.00e-02, exp_k=20.0, momentum=0.90, levels=6, niter=500, lbl_dist=10.00, avgs=16, sigma=0.5,type=2, relabel=0, neg=yes

blurring input image with Gaussian with sigma=0.500...
GCAMRegisterLevel(): init RMS 0.504743
#FOTS# QuadFit found better minimum quadopt=(dt=51.887,rms=0.500205) vs oldopt=(dt=32,rms=0.500542)
iter 0, gcam->neg = 5
after 1 iterations, nbhd size=0, neg = 0
#GCMRL#  493 dt  51.887006 rms  0.500  0.900% neg 0  invalid 762 tFOTS 3.6840 tGradient 1.3860 tsec 6.3210
#FOTS# QuadFit found better minimum quadopt=(dt=11.2,rms=0.499313) vs oldopt=(dt=8,rms=0.499475)
#GCMRL#  494 dt  11.200000 rms  0.499  0.000% neg 0  invalid 762 tFOTS 3.6160 tGradient 1.4190 tsec 5.3000
#GCMRL#  495 dt  11.200000 rms  0.499  0.070% neg 0  invalid 762 tFOTS 0.0000 tGradient 1.3850 tsec 1.6230
#GCMRL#  496 dt  11.200000 rms  0.499  0.079% neg 0  invalid 762 tFOTS 0.0000 tGradient 1.3840 tsec 1.6220
#GCMRL#  497 dt  11.200000 rms  0.498  0.082% neg 0  invalid 762 tFOTS 0.0000 tGradient 1.3970 tsec 1.6350
iter 0, gcam->neg = 1
after 1 iterations, nbhd size=0, neg = 0
#GCMRL#  498 dt  11.200000 rms  0.498  0.110% neg 0  invalid 762 tFOTS 0.0000 tGradient 1.3940 tsec 2.6180
iter 0, gcam->neg = 1
after 1 iterations, nbhd size=0, neg = 0
#GCMRL#  499 dt  11.200000 rms  0.497  0.098% neg 0  invalid 762 tFOTS 0.0000 tGradient 1.3850 tsec 2.6140
iter 0, gcam->neg = 1
after 1 iterations, nbhd size=0, neg = 0
#GCMRL#  500 dt  11.200000 rms  0.497  0.094% neg 0  invalid 762 tFOTS 0.0000 tGradient 1.3900 tsec 2.6370
#FOTS# QuadFit found better minimum quadopt=(dt=25.6,rms=0.496473) vs oldopt=(dt=32,rms=0.496476)
iter 0, gcam->neg = 1
after 0 iterations, nbhd size=0, neg = 0
setting smoothness cost coefficient to 0.400

#GCAMreg# pass 0 level1 2 level2 0 tsec 0 sigma 2
l_jacobian=1.00 l_label=1.00 l_log_likelihood=0.20 l_smoothness=0.40 
tol=2.50e-01, dt=5.00e-02, exp_k=20.0, momentum=0.90, levels=6, niter=500, lbl_dist=10.00, avgs=4, sigma=2.0,type=2, relabel=0, neg=yes

blurring input image with Gaussian with sigma=2.000...
GCAMRegisterLevel(): init RMS 0.508701
#FOTS# QuadFit found better minimum quadopt=(dt=2.304,rms=0.507228) vs oldopt=(dt=2.88,rms=0.507245)
iter 0, gcam->neg = 2
after 3 iterations, nbhd size=0, neg = 0
#GCMRL#  502 dt   2.304000 rms  0.507  0.289% neg 0  invalid 762 tFOTS 3.6430 tGradient 1.2610 tsec 6.8190
#FOTS# QuadFit found better minimum quadopt=(dt=1.008,rms=0.507214) vs oldopt=(dt=0.72,rms=0.507215)
iter 0, gcam->neg = 1
after 4 iterations, nbhd size=0, neg = 0
#GCMRL#  503 dt   1.008000 rms  0.507  0.000% neg 0  invalid 762 tFOTS 3.6350 tGradient 1.2570 tsec 7.1050
#GCMRL#  504 dt   1.008000 rms  0.507  0.002% neg 0  invalid 762 tFOTS 0.0000 tGradient 1.2440 tsec 1.4870
iter 0, gcam->neg = 1
after 0 iterations, nbhd size=0, neg = 0

#GCAMreg# pass 0 level1 2 level2 1 tsec 27.233 sigma 0.5
l_jacobian=1.00 l_label=1.00 l_log_likelihood=0.20 l_smoothness=0.40 
tol=2.50e-01, dt=5.00e-02, exp_k=20.0, momentum=0.90, levels=6, niter=500, lbl_dist=10.00, avgs=4, sigma=0.5,type=2, relabel=0, neg=yes

blurring input image with Gaussian with sigma=0.500...
GCAMRegisterLevel(): init RMS 0.508532
#FOTS# QuadFit found better minimum quadopt=(dt=4.33333,rms=0.506793) vs oldopt=(dt=2.88,rms=0.506844)
iter 0, gcam->neg = 2
after 2 iterations, nbhd size=0, neg = 0
#GCMRL#  506 dt   4.333333 rms  0.507  0.342% neg 0  invalid 762 tFOTS 3.8000 tGradient 1.2470 tsec 6.5980
#FOTS# QuadFit found better minimum quadopt=(dt=4.032,rms=0.506597) vs oldopt=(dt=2.88,rms=0.506614)
#GCMRL#  507 dt   4.032000 rms  0.507  0.000% neg 0  invalid 762 tFOTS 3.8090 tGradient 1.2410 tsec 5.3170
iter 0, gcam->neg = 2
after 3 iterations, nbhd size=0, neg = 0
#GCMRL#  508 dt   4.032000 rms  0.506  0.022% neg 0  invalid 762 tFOTS 0.0000 tGradient 1.2340 tsec 3.0940
iter 0, gcam->neg = 3
after 2 iterations, nbhd size=0, neg = 0
setting smoothness cost coefficient to 1.000

#GCAMreg# pass 0 level1 1 level2 0 tsec 0 sigma 2
l_jacobian=1.00 l_label=1.00 l_log_likelihood=0.20 l_smoothness=1.00 
tol=2.50e-01, dt=5.00e-02, exp_k=20.0, momentum=0.90, levels=6, niter=500, lbl_dist=10.00, avgs=1, sigma=2.0,type=2, relabel=0, neg=yes

blurring input image with Gaussian with sigma=2.000...
GCAMRegisterLevel(): init RMS 0.520487
#FOTS# QuadFit found better minimum quadopt=(dt=4e-05,rms=0.519244) vs oldopt=(dt=5e-05,rms=0.519244)
#GCMRL#  510 dt   0.000040 rms  0.519  0.239% neg 0  invalid 762 tFOTS 4.8040 tGradient 1.1060 tsec 6.1530

#GCAMreg# pass 0 level1 1 level2 1 tsec 20.718 sigma 0.5
l_jacobian=1.00 l_label=1.00 l_log_likelihood=0.20 l_smoothness=1.00 
tol=2.50e-01, dt=5.00e-02, exp_k=20.0, momentum=0.90, levels=6, niter=500, lbl_dist=10.00, avgs=1, sigma=0.5,type=2, relabel=0, neg=yes

blurring input image with Gaussian with sigma=0.500...
GCAMRegisterLevel(): init RMS 0.520487
#FOTS# QuadFit found better minimum quadopt=(dt=0.448,rms=0.518977) vs oldopt=(dt=0.32,rms=0.51903)
#GCMRL#  512 dt   0.448000 rms  0.519  0.290% neg 0  invalid 762 tFOTS 3.8190 tGradient 1.1170 tsec 5.1810
#FOTS# QuadFit found better minimum quadopt=(dt=0.448,rms=0.518861) vs oldopt=(dt=0.32,rms=0.518878)
#GCMRL#  513 dt   0.448000 rms  0.519  0.000% neg 0  invalid 762 tFOTS 3.8060 tGradient 1.1190 tsec 5.1900
#GCMRL#  514 dt   0.448000 rms  0.519  0.002% neg 0  invalid 762 tFOTS 0.0000 tGradient 1.0530 tsec 1.2980
resetting metric properties...
setting smoothness cost coefficient to 2.000

#GCAMreg# pass 0 level1 0 level2 0 tsec 0 sigma 2
l_jacobian=1.00 l_label=1.00 l_log_likelihood=0.20 l_smoothness=2.00 
tol=2.50e-01, dt=5.00e-02, exp_k=20.0, momentum=0.90, levels=6, niter=500, lbl_dist=10.00, avgs=0, sigma=2.0,type=2, relabel=0, neg=yes

blurring input image with Gaussian with sigma=2.000...
GCAMRegisterLevel(): init RMS 0.503433
#FOTS# QuadFit found better minimum quadopt=(dt=1.90913,rms=0.472353) vs oldopt=(dt=1.28,rms=0.47586)
iter 0, gcam->neg = 1420
after 18 iterations, nbhd size=1, neg = 0
#GCMRL#  516 dt   1.909132 rms  0.474  5.853% neg 0  invalid 762 tFOTS 3.8020 tGradient 0.6550 tsec 11.1570
#FOTS# QuadFit found better minimum quadopt=(dt=0.024,rms=0.473918) vs oldopt=(dt=0.02,rms=0.473919)
#GCMRL#  517 dt   0.024000 rms  0.474  0.000% neg 0  invalid 762 tFOTS 3.8270 tGradient 0.6720 tsec 4.7680

#GCAMreg# pass 0 level1 0 level2 1 tsec 26.48 sigma 0.5
l_jacobian=1.00 l_label=1.00 l_log_likelihood=0.20 l_smoothness=2.00 
tol=2.50e-01, dt=5.00e-02, exp_k=20.0, momentum=0.90, levels=6, niter=500, lbl_dist=10.00, avgs=0, sigma=0.5,type=2, relabel=0, neg=yes

blurring input image with Gaussian with sigma=0.500...
GCAMRegisterLevel(): init RMS 0.475355
#FOTS# QuadFit found better minimum quadopt=(dt=0.064,rms=0.473749) vs oldopt=(dt=0.08,rms=0.473752)
#GCMRL#  519 dt   0.064000 rms  0.474  0.338% neg 0  invalid 762 tFOTS 3.8220 tGradient 0.6470 tsec 4.7190
#FOTS# QuadFit found better minimum quadopt=(dt=0.006,rms=0.473734) vs oldopt=(dt=0.005,rms=0.473734)
#GCMRL#  520 dt   0.006000 rms  0.474  0.000% neg 0  invalid 762 tFOTS 3.8540 tGradient 0.6730 tsec 4.7950
label assignment complete, 0 changed (0.00%)
GCAMregister done in 7.567 min
Starting GCAMcomputeMaxPriorLabels()
Morphing with label term set to 0 *******************************
Starting GCAMregister()
label assignment complete, 0 changed (0.00%)
npasses = 1, nlevels = 6
#pass# 1 of 1 ************************
enabling zero nodes
setting smoothness cost coefficient to 0.008

#GCAMreg# pass 0 level1 5 level2 0 tsec 0 sigma 2
l_jacobian=1.00 l_log_likelihood=0.20 l_smoothness=0.01 
tol=2.50e-01, dt=5.00e-02, exp_k=20.0, momentum=0.90, levels=6, niter=500, lbl_dist=10.00, avgs=256, sigma=2.0,type=2, relabel=0, neg=yes

blurring input image with Gaussian with sigma=2.000...
GCAMRegisterLevel(): init RMS 0.460738

#GCAMreg# pass 0 level1 5 level2 1 tsec 14.986 sigma 0.5
l_jacobian=1.00 l_log_likelihood=0.20 l_smoothness=0.01 
tol=2.50e-01, dt=5.00e-02, exp_k=20.0, momentum=0.90, levels=6, niter=500, lbl_dist=10.00, avgs=256, sigma=0.5,type=2, relabel=0, neg=yes

blurring input image with Gaussian with sigma=0.500...
GCAMRegisterLevel(): init RMS 0.460738
#GCMRL#  523 dt  92.480000 rms  0.461  0.018% neg 0  invalid 762 tFOTS 3.3140 tGradient 1.8460 tsec 5.3910
setting smoothness cost coefficient to 0.031

#GCAMreg# pass 0 level1 4 level2 0 tsec 0 sigma 2
l_jacobian=1.00 l_log_likelihood=0.20 l_smoothness=0.03 
tol=2.50e-01, dt=5.00e-02, exp_k=20.0, momentum=0.90, levels=6, niter=500, lbl_dist=10.00, avgs=64, sigma=2.0,type=2, relabel=0, neg=yes

blurring input image with Gaussian with sigma=2.000...
GCAMRegisterLevel(): init RMS 0.460823

#GCAMreg# pass 0 level1 4 level2 1 tsec 14.318 sigma 0.5
l_jacobian=1.00 l_log_likelihood=0.20 l_smoothness=0.03 
tol=2.50e-01, dt=5.00e-02, exp_k=20.0, momentum=0.90, levels=6, niter=500, lbl_dist=10.00, avgs=64, sigma=0.5,type=2, relabel=0, neg=yes

blurring input image with Gaussian with sigma=0.500...
GCAMRegisterLevel(): init RMS 0.460823
#FOTS# QuadFit found better minimum quadopt=(dt=36.288,rms=0.460672) vs oldopt=(dt=25.92,rms=0.460702)
#GCMRL#  526 dt  36.288000 rms  0.461  0.033% neg 0  invalid 762 tFOTS 3.4920 tGradient 1.2080 tsec 4.9320
#FOTS# QuadFit found better minimum quadopt=(dt=82.944,rms=0.460524) vs oldopt=(dt=103.68,rms=0.460524)
#GCMRL#  527 dt  82.944000 rms  0.461  0.000% neg 0  invalid 762 tFOTS 3.3010 tGradient 1.2120 tsec 4.7630
#GCMRL#  528 dt  82.944000 rms  0.460  0.017% neg 0  invalid 762 tFOTS 0.0000 tGradient 1.2100 tsec 1.4360
#GCMRL#  529 dt  82.944000 rms  0.460  0.022% neg 0  invalid 762 tFOTS 0.0000 tGradient 1.2150 tsec 1.4410
setting smoothness cost coefficient to 0.118

#GCAMreg# pass 0 level1 3 level2 0 tsec 0 sigma 2
l_jacobian=1.00 l_log_likelihood=0.20 l_smoothness=0.12 
tol=2.50e-01, dt=5.00e-02, exp_k=20.0, momentum=0.90, levels=6, niter=500, lbl_dist=10.00, avgs=16, sigma=2.0,type=2, relabel=0, neg=yes

blurring input image with Gaussian with sigma=2.000...
GCAMRegisterLevel(): init RMS 0.461001
#FOTS# QuadFit found better minimum quadopt=(dt=11.2,rms=0.460522) vs oldopt=(dt=8,rms=0.460604)
#GCMRL#  531 dt  11.200000 rms  0.461  0.104% neg 0  invalid 762 tFOTS 3.4730 tGradient 0.9500 tsec 4.6500
#FOTS# QuadFit found better minimum quadopt=(dt=11.2,rms=0.460302) vs oldopt=(dt=8,rms=0.460338)
#GCMRL#  532 dt  11.200000 rms  0.460  0.000% neg 0  invalid 762 tFOTS 3.4760 tGradient 0.9500 tsec 4.6740
iter 0, gcam->neg = 3
after 8 iterations, nbhd size=1, neg = 0
#GCMRL#  533 dt  11.200000 rms  0.460  0.023% neg 0  invalid 762 tFOTS 0.0000 tGradient 0.9480 tsec 4.3980
iter 0, gcam->neg = 11
after 10 iterations, nbhd size=1, neg = 0

#GCAMreg# pass 0 level1 3 level2 1 tsec 28.523 sigma 0.5
l_jacobian=1.00 l_log_likelihood=0.20 l_smoothness=0.12 
tol=2.50e-01, dt=5.00e-02, exp_k=20.0, momentum=0.90, levels=6, niter=500, lbl_dist=10.00, avgs=16, sigma=0.5,type=2, relabel=0, neg=yes

blurring input image with Gaussian with sigma=0.500...
GCAMRegisterLevel(): init RMS 0.460197
#FOTS# QuadFit found better minimum quadopt=(dt=64,rms=0.45686) vs oldopt=(dt=32,rms=0.457502)
iter 0, gcam->neg = 19
after 17 iterations, nbhd size=1, neg = 0
#GCMRL#  535 dt  64.000000 rms  0.457  0.690% neg 0  invalid 762 tFOTS 3.5420 tGradient 0.9720 tsec 10.9840
#FOTS# QuadFit found better minimum quadopt=(dt=11.2,rms=0.456038) vs oldopt=(dt=8,rms=0.456234)
iter 0, gcam->neg = 4
after 8 iterations, nbhd size=1, neg = 0
#GCMRL#  536 dt  11.200000 rms  0.456  0.000% neg 0  invalid 762 tFOTS 3.4460 tGradient 0.9530 tsec 7.9490
iter 0, gcam->neg = 3
after 3 iterations, nbhd size=0, neg = 0
#GCMRL#  537 dt  11.200000 rms  0.456  0.067% neg 0  invalid 762 tFOTS 0.0000 tGradient 0.9520 tsec 2.8060
iter 0, gcam->neg = 6
after 9 iterations, nbhd size=1, neg = 0
#GCMRL#  538 dt  11.200000 rms  0.456  0.049% neg 0  invalid 762 tFOTS 0.0000 tGradient 0.9570 tsec 4.7560
iter 0, gcam->neg = 15
after 4 iterations, nbhd size=0, neg = 0
#GCMRL#  539 dt  11.200000 rms  0.455  0.056% neg 0  invalid 762 tFOTS 0.0000 tGradient 0.9550 tsec 3.1500
iter 0, gcam->neg = 23
after 16 iterations, nbhd size=1, neg = 0
#GCMRL#  540 dt  11.200000 rms  0.455  0.074% neg 0  invalid 762 tFOTS 0.0000 tGradient 0.9580 tsec 6.9770
iter 0, gcam->neg = 16
after 17 iterations, nbhd size=1, neg = 0
#GCMRL#  541 dt  11.200000 rms  0.454  0.139% neg 0  invalid 762 tFOTS 0.0000 tGradient 0.9620 tsec 7.3220
iter 0, gcam->neg = 17
after 11 iterations, nbhd size=1, neg = 0
#GCMRL#  542 dt  11.200000 rms  0.454  0.150% neg 0  invalid 762 tFOTS 0.0000 tGradient 0.9530 tsec 5.3700
iter 0, gcam->neg = 23
after 14 iterations, nbhd size=1, neg = 0
#GCMRL#  543 dt  11.200000 rms  0.453  0.121% neg 0  invalid 762 tFOTS 0.0000 tGradient 0.9520 tsec 6.3630
iter 0, gcam->neg = 17
after 14 iterations, nbhd size=1, neg = 0
#GCMRL#  544 dt  11.200000 rms  0.453  0.063% neg 0  invalid 762 tFOTS 0.0000 tGradient 0.9540 tsec 6.3800
#FOTS# QuadFit found better minimum quadopt=(dt=38.4,rms=0.452519) vs oldopt=(dt=32,rms=0.452528)
iter 0, gcam->neg = 8
after 2 iterations, nbhd size=0, neg = 0
#GCMRL#  545 dt  38.400000 rms  0.453  0.000% neg 0  invalid 762 tFOTS 3.2230 tGradient 0.9530 tsec 5.8050
iter 0, gcam->neg = 2
after 1 iterations, nbhd size=0, neg = 0
#GCMRL#  546 dt  38.400000 rms  0.452  0.075% neg 0  invalid 762 tFOTS 0.0000 tGradient 0.9490 tsec 2.1640
iter 0, gcam->neg = 2
after 1 iterations, nbhd size=0, neg = 0
#GCMRL#  547 dt  38.400000 rms  0.452  0.110% neg 0  invalid 762 tFOTS 0.0000 tGradient 0.9500 tsec 2.1780
iter 0, gcam->neg = 24
after 15 iterations, nbhd size=1, neg = 0
#GCMRL#  548 dt  38.400000 rms  0.451  0.074% neg 0  invalid 762 tFOTS 0.0000 tGradient 0.9520 tsec 6.6740
iter 0, gcam->neg = 10
after 21 iterations, nbhd size=1, neg = 0
#GCMRL#  549 dt  38.400000 rms  0.451  0.100% neg 0  invalid 762 tFOTS 0.0000 tGradient 0.9490 tsec 8.5970
iter 0, gcam->neg = 29
after 14 iterations, nbhd size=1, neg = 0
#GCMRL#  550 dt  38.400000 rms  0.450  0.102% neg 0  invalid 762 tFOTS 0.0000 tGradient 0.9540 tsec 6.3200
iter 0, gcam->neg = 42
after 23 iterations, nbhd size=1, neg = 0
setting smoothness cost coefficient to 0.400

#GCAMreg# pass 0 level1 2 level2 0 tsec 0 sigma 2
l_jacobian=1.00 l_log_likelihood=0.20 l_smoothness=0.40 
tol=2.50e-01, dt=5.00e-02, exp_k=20.0, momentum=0.90, levels=6, niter=500, lbl_dist=10.00, avgs=4, sigma=2.0,type=2, relabel=0, neg=yes

blurring input image with Gaussian with sigma=2.000...
GCAMRegisterLevel(): init RMS 0.454956
#FOTS# QuadFit found better minimum quadopt=(dt=4,rms=0.454755) vs oldopt=(dt=2.88,rms=0.454766)
iter 0, gcam->neg = 13
after 8 iterations, nbhd size=0, neg = 0
#GCMRL#  552 dt   4.000000 rms  0.455  0.041% neg 0  invalid 762 tFOTS 3.4300 tGradient 0.8370 tsec 7.7520
#FOTS# QuadFit found better minimum quadopt=(dt=2.5,rms=0.454725) vs oldopt=(dt=2.88,rms=0.454726)
iter 0, gcam->neg = 4
after 16 iterations, nbhd size=2, neg = 0

#GCAMreg# pass 0 level1 2 level2 1 tsec 27.568 sigma 0.5
l_jacobian=1.00 l_log_likelihood=0.20 l_smoothness=0.40 
tol=2.50e-01, dt=5.00e-02, exp_k=20.0, momentum=0.90, levels=6, niter=500, lbl_dist=10.00, avgs=4, sigma=0.5,type=2, relabel=0, neg=yes

blurring input image with Gaussian with sigma=0.500...
GCAMRegisterLevel(): init RMS 0.454771
#FOTS# QuadFit found better minimum quadopt=(dt=14.2979,rms=0.453635) vs oldopt=(dt=11.52,rms=0.453677)
iter 0, gcam->neg = 25
after 10 iterations, nbhd size=0, neg = 0
#GCMRL#  554 dt  14.297872 rms  0.454  0.248% neg 0  invalid 762 tFOTS 3.4720 tGradient 0.8230 tsec 8.4120
#FOTS# QuadFit found better minimum quadopt=(dt=31.0161,rms=0.451513) vs oldopt=(dt=46.08,rms=0.452099)
iter 0, gcam->neg = 136
after 22 iterations, nbhd size=1, neg = 0
#GCMRL#  555 dt  31.016105 rms  0.452  0.323% neg 0  invalid 762 tFOTS 3.4940 tGradient 0.8300 tsec 12.2840
#FOTS# QuadFit found better minimum quadopt=(dt=7.88293,rms=0.45145) vs oldopt=(dt=11.52,rms=0.451609)
iter 0, gcam->neg = 26
after 18 iterations, nbhd size=1, neg = 0
#GCMRL#  556 dt   7.882927 rms  0.452  0.000% neg 0  invalid 762 tFOTS 3.5130 tGradient 0.8340 tsec 11.0150
iter 0, gcam->neg = 19
after 12 iterations, nbhd size=1, neg = 0
#GCMRL#  557 dt   7.882927 rms  0.451  0.089% neg 0  invalid 762 tFOTS 0.0000 tGradient 0.8250 tsec 5.5890
iter 0, gcam->neg = 56
after 17 iterations, nbhd size=1, neg = 0
#GCMRL#  558 dt   7.882927 rms  0.451  0.089% neg 0  invalid 762 tFOTS 0.0000 tGradient 0.8330 tsec 7.2280
iter 0, gcam->neg = 87
after 19 iterations, nbhd size=1, neg = 0
#GCMRL#  559 dt   7.882927 rms  0.451  0.043% neg 0  invalid 762 tFOTS 0.0000 tGradient 0.8370 tsec 7.8820
iter 0, gcam->neg = 155
after 21 iterations, nbhd size=1, neg = 0
#GCMRL#  560 dt   7.882927 rms  0.450  0.054% neg 0  invalid 762 tFOTS 0.0000 tGradient 0.8320 tsec 8.4900
iter 0, gcam->neg = 145
after 21 iterations, nbhd size=1, neg = 0
#GCMRL#  561 dt   7.882927 rms  0.450  0.051% neg 0  invalid 762 tFOTS 0.0000 tGradient 0.8310 tsec 8.4750
#FOTS# QuadFit found better minimum quadopt=(dt=13.283,rms=0.449593) vs oldopt=(dt=11.52,rms=0.449604)
iter 0, gcam->neg = 72
after 18 iterations, nbhd size=1, neg = 0
#GCMRL#  562 dt  13.283019 rms  0.450  0.093% neg 0  invalid 762 tFOTS 3.4430 tGradient 0.8290 tsec 10.9360
iter 0, gcam->neg = 39
after 15 iterations, nbhd size=1, neg = 0
setting smoothness cost coefficient to 1.000

#GCAMreg# pass 0 level1 1 level2 0 tsec 0 sigma 2
l_jacobian=1.00 l_log_likelihood=0.20 l_smoothness=1.00 
tol=2.50e-01, dt=5.00e-02, exp_k=20.0, momentum=0.90, levels=6, niter=500, lbl_dist=10.00, avgs=1, sigma=2.0,type=2, relabel=0, neg=yes

blurring input image with Gaussian with sigma=2.000...
GCAMRegisterLevel(): init RMS 0.456999
#GCMRL#  564 dt   0.000050 rms  0.457  0.000% neg 0  invalid 762 tFOTS 4.4350 tGradient 0.6770 tsec 5.3440

#GCAMreg# pass 0 level1 1 level2 1 tsec 19.163 sigma 0.5
l_jacobian=1.00 l_log_likelihood=0.20 l_smoothness=1.00 
tol=2.50e-01, dt=5.00e-02, exp_k=20.0, momentum=0.90, levels=6, niter=500, lbl_dist=10.00, avgs=1, sigma=0.5,type=2, relabel=0, neg=yes

blurring input image with Gaussian with sigma=0.500...
GCAMRegisterLevel(): init RMS 0.456999
resetting metric properties...
setting smoothness cost coefficient to 2.000

#GCAMreg# pass 0 level1 0 level2 0 tsec 0 sigma 2
l_jacobian=1.00 l_log_likelihood=0.20 l_smoothness=2.00 
tol=2.50e-01, dt=5.00e-02, exp_k=20.0, momentum=0.90, levels=6, niter=500, lbl_dist=10.00, avgs=0, sigma=2.0,type=2, relabel=0, neg=yes

blurring input image with Gaussian with sigma=2.000...
GCAMRegisterLevel(): init RMS 0.444428
#FOTS# QuadFit found better minimum quadopt=(dt=0.879764,rms=0.435476) vs oldopt=(dt=1.28,rms=0.437629)
iter 0, gcam->neg = 1000
after 22 iterations, nbhd size=1, neg = 0
#GCMRL#  567 dt   0.879764 rms  0.439  1.259% neg 0  invalid 762 tFOTS 3.5610 tGradient 0.2640 tsec 11.9070
#FOTS# QuadFit found better minimum quadopt=(dt=0.064,rms=0.43877) vs oldopt=(dt=0.08,rms=0.438778)
#GCMRL#  568 dt   0.064000 rms  0.439  0.000% neg 0  invalid 762 tFOTS 3.5030 tGradient 0.2690 tsec 4.0230
#GCMRL#  569 dt   0.064000 rms  0.439  0.003% neg 0  invalid 762 tFOTS 0.0000 tGradient 0.2700 tsec 0.4960

#GCAMreg# pass 0 level1 0 level2 1 tsec 26.518 sigma 0.5
l_jacobian=1.00 l_log_likelihood=0.20 l_smoothness=2.00 
tol=2.50e-01, dt=5.00e-02, exp_k=20.0, momentum=0.90, levels=6, niter=500, lbl_dist=10.00, avgs=0, sigma=0.5,type=2, relabel=0, neg=yes

blurring input image with Gaussian with sigma=0.500...
GCAMRegisterLevel(): init RMS 0.438758
#FOTS# QuadFit found better minimum quadopt=(dt=0.448,rms=0.43732) vs oldopt=(dt=0.32,rms=0.437399)
iter 0, gcam->neg = 9
after 3 iterations, nbhd size=0, neg = 0
#GCMRL#  571 dt   0.448000 rms  0.437  0.321% neg 0  invalid 762 tFOTS 3.5030 tGradient 0.2650 tsec 5.6420
#FOTS# QuadFit found better minimum quadopt=(dt=0.448,rms=0.436082) vs oldopt=(dt=0.32,rms=0.436249)
iter 0, gcam->neg = 21
after 2 iterations, nbhd size=0, neg = 0
#GCMRL#  572 dt   0.448000 rms  0.436  0.288% neg 0  invalid 762 tFOTS 3.4910 tGradient 0.2660 tsec 5.3180
#FOTS# QuadFit found better minimum quadopt=(dt=0.384,rms=0.435264) vs oldopt=(dt=0.32,rms=0.435285)
iter 0, gcam->neg = 10
after 0 iterations, nbhd size=0, neg = 0
#GCMRL#  573 dt   0.384000 rms  0.435  0.000% neg 0  invalid 762 tFOTS 3.4310 tGradient 0.2660 tsec 4.6380
iter 0, gcam->neg = 10
after 1 iterations, nbhd size=0, neg = 0
#GCMRL#  574 dt   0.384000 rms  0.435  0.105% neg 0  invalid 762 tFOTS 0.0000 tGradient 0.2710 tsec 1.5100
iter 0, gcam->neg = 29
after 11 iterations, nbhd size=1, neg = 0
#GCMRL#  575 dt   0.384000 rms  0.434  0.175% neg 0  invalid 762 tFOTS 0.0000 tGradient 0.2680 tsec 4.7280
iter 0, gcam->neg = 83
after 16 iterations, nbhd size=1, neg = 0
#GCMRL#  576 dt   0.384000 rms  0.434  0.021% neg 0  invalid 762 tFOTS 0.0000 tGradient 0.2640 tsec 6.2920
iter 0, gcam->neg = 105
after 15 iterations, nbhd size=1, neg = 0
#GCMRL#  577 dt   0.384000 rms  0.434  0.024% neg 0  invalid 762 tFOTS 0.0000 tGradient 0.2680 tsec 6.0720
iter 0, gcam->neg = 172
after 18 iterations, nbhd size=1, neg = 0
#GCMRL#  578 dt   0.384000 rms  0.434 -0.172% neg 0  invalid 762 tFOTS 0.0000 tGradient 0.2650 tsec 7.1040
#FOTS# QuadFit found better minimum quadopt=(dt=0.256,rms=0.433481) vs oldopt=(dt=0.32,rms=0.433512)
#GCMRL#  579 dt   0.256000 rms  0.433  0.085% neg 0  invalid 762 tFOTS 3.4180 tGradient 0.2710 tsec 3.9220
iter 0, gcam->neg = 4
after 1 iterations, nbhd size=0, neg = 0
GCAMregister done in 6.84632 min
writing output transformation to transforms/talairach.m3z...
GCAMwrite
Calls to gcamLogLikelihoodEnergy 4710 tmin = 1.43487
Calls to gcamLabelEnergy         4075 tmin = 1.07797
Calls to gcamJacobianEnergy      4710 tmin = 0.731667
Calls to gcamSmoothnessEnergy    4710 tmin = 4.01095
Calls to gcamLogLikelihoodTerm 581 tmin = 0.531317
Calls to gcamLabelTerm         522 tmin = 5.07153
Calls to gcamJacobianTerm      581 tmin = 0.759583
Calls to gcamSmoothnessTerm    581 tmin = 0.303933
Calls to gcamComputeGradient    581 tmin = 16.5391
Calls to gcamComputeMetricProperties    7204 tmin = 1.69493
mri_ca_register took 0 hours, 44 minutes and 54 seconds.
#VMPC# mri_ca_register VmPeak  3206732
FSRUNTIME@ mri_ca_register  0.7482 hours 16 threads
#--------------------------------------
#@# SubCort Seg Mon Mar  9 01:49:52 CET 2026

 mri_ca_label -relabel_unlikely 9 .3 -prior 0.5 -align norm.mgz transforms/talairach.m3z /opt/freesurfer/average/RB_all_2020-01-02.gca aseg.auto_noCCseg.mgz 

sysname  Linux
hostname dna063
machine  x86_64

setenv SUBJECTS_DIR /out/sourcedata/freesurfer
cd /out/sourcedata/freesurfer/sub-v1s16x0051199_ses-1/mri
mri_ca_label -relabel_unlikely 9 .3 -prior 0.5 -align norm.mgz transforms/talairach.m3z /opt/freesurfer/average/RB_all_2020-01-02.gca aseg.auto_noCCseg.mgz 

relabeling unlikely voxels with window_size = 9 and prior threshold 0.30
using Gibbs prior factor = 0.500
renormalizing sequences with structure alignment, equivalent to:
	-renormalize
	-renormalize_mean 0.500
	-regularize 0.500

== Number of threads available to for OpenMP = 16 == 
reading 1 input volumes
reading classifier array from /opt/freesurfer/average/RB_all_2020-01-02.gca
reading input volume from norm.mgz
average std[0] = 7.2
reading transform from transforms/talairach.m3z
setting orig areas to linear transform determinant scaled 6.00
Atlas used for the 3D morph was /opt/freesurfer/average/RB_all_2020-01-02.gca
average std = 7.2   using min determinant for regularization = 5.2
0 singular and 0 ill-conditioned covariance matrices regularized
labeling volume...
renormalizing by structure alignment....
renormalizing input #0
gca peak = 0.15521 (20)
mri peak = 0.08262 (12)
Left_Lateral_Ventricle (4): linear fit = 0.55 x + 0.0 (1578 voxels, overlap=0.095)
Left_Lateral_Ventricle (4): linear fit = 0.55 x + 0.0 (1578 voxels, peak = 11), gca=10.9
gca peak = 0.20380 (13)
mri peak = 0.08068 ( 9)
Right_Lateral_Ventricle (43): linear fit = 0.63 x + 0.0 (438 voxels, overlap=0.489)
Right_Lateral_Ventricle (43): linear fit = 0.63 x + 0.0 (438 voxels, peak =  8), gca=8.3
gca peak = 0.26283 (96)
mri peak = 0.12948 (102)
Right_Pallidum (52): linear fit = 1.07 x + 0.0 (725 voxels, overlap=0.037)
Right_Pallidum (52): linear fit = 1.07 x + 0.0 (725 voxels, peak = 102), gca=102.2
gca peak = 0.15814 (97)
mri peak = 0.09426 (100)
Left_Pallidum (13): linear fit = 1.09 x + 0.0 (770 voxels, overlap=0.496)
Left_Pallidum (13): linear fit = 1.09 x + 0.0 (770 voxels, peak = 105), gca=105.2
gca peak = 0.27624 (56)
mri peak = 0.12551 (50)
Right_Hippocampus (53): linear fit = 0.89 x + 0.0 (1161 voxels, overlap=1.009)
Right_Hippocampus (53): linear fit = 0.89 x + 0.0 (1161 voxels, peak = 50), gca=50.1
gca peak = 0.28723 (59)
mri peak = 0.06486 (55)
Left_Hippocampus (17): linear fit = 0.94 x + 0.0 (967 voxels, overlap=0.735)
Left_Hippocampus (17): linear fit = 0.94 x + 0.0 (967 voxels, peak = 56), gca=55.8
gca peak = 0.07623 (103)
mri peak = 0.07194 (111)
Right_Cerebral_White_Matter (41): linear fit = 1.09 x + 0.0 (22133 voxels, overlap=0.395)
Right_Cerebral_White_Matter (41): linear fit = 1.09 x + 0.0 (22133 voxels, peak = 112), gca=111.8
gca peak = 0.07837 (105)
mri peak = 0.06022 (111)
Left_Cerebral_White_Matter (2): linear fit = 1.12 x + 0.0 (22555 voxels, overlap=0.287)
Left_Cerebral_White_Matter (2): linear fit = 1.12 x + 0.0 (22555 voxels, peak = 118), gca=118.1
gca peak = 0.10165 (58)
mri peak = 0.03964 (54)
Left_Cerebral_Cortex (3): linear fit = 0.92 x + 0.0 (35376 voxels, overlap=0.946)
Left_Cerebral_Cortex (3): linear fit = 0.92 x + 0.0 (35376 voxels, peak = 53), gca=53.1
gca peak = 0.11113 (58)
mri peak = 0.04147 (49)
Right_Cerebral_Cortex (42): linear fit = 0.92 x + 0.0 (29670 voxels, overlap=0.816)
Right_Cerebral_Cortex (42): linear fit = 0.92 x + 0.0 (29670 voxels, peak = 53), gca=53.1
gca peak = 0.27796 (67)
mri peak = 0.11259 (76)
Right_Caudate (50): linear fit = 1.10 x + 0.0 (1347 voxels, overlap=0.703)
Right_Caudate (50): linear fit = 1.10 x + 0.0 (1347 voxels, peak = 73), gca=73.4
gca peak = 0.14473 (69)
mri peak = 0.10562 (75)
Left_Caudate (11): linear fit = 1.00 x + 0.0 (1181 voxels, overlap=1.000)
Left_Caudate (11): linear fit = 1.00 x + 0.0 (1181 voxels, peak = 69), gca=69.0
gca peak = 0.14301 (56)
mri peak = 0.05285 (52)
Left_Cerebellum_Cortex (8): linear fit = 0.96 x + 0.0 (35226 voxels, overlap=1.000)
Left_Cerebellum_Cortex (8): linear fit = 0.96 x + 0.0 (35226 voxels, peak = 54), gca=54.0
gca peak = 0.14610 (55)
mri peak = 0.05453 (51)
Right_Cerebellum_Cortex (47): linear fit = 0.90 x + 0.0 (37205 voxels, overlap=0.799)
Right_Cerebellum_Cortex (47): linear fit = 0.90 x + 0.0 (37205 voxels, peak = 50), gca=49.8
gca peak = 0.16309 (85)
mri peak = 0.06989 (89)
Left_Cerebellum_White_Matter (7): linear fit = 1.07 x + 0.0 (9857 voxels, overlap=0.966)
Left_Cerebellum_White_Matter (7): linear fit = 1.07 x + 0.0 (9857 voxels, peak = 91), gca=90.5
gca peak = 0.15172 (84)
mri peak = 0.07565 (89)
Right_Cerebellum_White_Matter (46): linear fit = 1.07 x + 0.0 (7639 voxels, overlap=0.762)
Right_Cerebellum_White_Matter (46): linear fit = 1.07 x + 0.0 (7639 voxels, peak = 89), gca=89.5
gca peak = 0.30461 (58)
mri peak = 0.09124 (52)
Left_Amygdala (18): linear fit = 0.93 x + 0.0 (629 voxels, overlap=1.032)
Left_Amygdala (18): linear fit = 0.93 x + 0.0 (629 voxels, peak = 54), gca=53.7
gca peak = 0.32293 (57)
mri peak = 0.10180 (61)
Right_Amygdala (54): linear fit = 1.04 x + 0.0 (561 voxels, overlap=1.022)
Right_Amygdala (54): linear fit = 1.04 x + 0.0 (561 voxels, peak = 60), gca=59.6
gca peak = 0.11083 (90)
mri peak = 0.08027 (84)
Left_Thalamus (10): linear fit = 0.96 x + 0.0 (4472 voxels, overlap=0.999)
Left_Thalamus (10): linear fit = 0.96 x + 0.0 (4472 voxels, peak = 87), gca=86.8
gca peak = 0.11393 (83)
mri peak = 0.06436 (81)
Right_Thalamus (49): linear fit = 1.01 x + 0.0 (4212 voxels, overlap=0.945)
Right_Thalamus (49): linear fit = 1.01 x + 0.0 (4212 voxels, peak = 84), gca=84.2
gca peak = 0.08575 (81)
mri peak = 0.11849 (77)
Left_Putamen (12): linear fit = 1.00 x + 0.0 (2250 voxels, overlap=0.865)
Left_Putamen (12): linear fit = 1.00 x + 0.0 (2250 voxels, peak = 81), gca=81.0
gca peak = 0.08618 (78)
mri peak = 0.06903 (75)
Right_Putamen (51): linear fit = 0.99 x + 0.0 (2726 voxels, overlap=0.930)
Right_Putamen (51): linear fit = 0.99 x + 0.0 (2726 voxels, peak = 77), gca=76.8
gca peak = 0.08005 (78)
mri peak = 0.07487 (87)
Brain_Stem (16): linear fit = 1.13 x + 0.0 (10269 voxels, overlap=0.492)
Brain_Stem (16): linear fit = 1.13 x + 0.0 (10269 voxels, peak = 89), gca=88.5
gca peak = 0.12854 (88)
mri peak = 0.06930 (101)
Right_VentralDC (60): linear fit = 1.14 x + 0.0 (1713 voxels, overlap=0.671)
Right_VentralDC (60): linear fit = 1.14 x + 0.0 (1713 voxels, peak = 101), gca=100.8
gca peak = 0.15703 (87)
mri peak = 0.07651 (99)
Left_VentralDC (28): linear fit = 1.12 x + 0.0 (1726 voxels, overlap=0.838)
Left_VentralDC (28): linear fit = 1.12 x + 0.0 (1726 voxels, peak = 98), gca=97.9
gca peak = 0.17522 (25)
mri peak = 1.00000 (48)
gca peak = 0.17113 (14)
mri peak = 0.12979 (12)
Fourth_Ventricle (15): linear fit = 0.58 x + 0.0 (429 voxels, overlap=0.632)
Fourth_Ventricle (15): linear fit = 0.58 x + 0.0 (429 voxels, peak =  8), gca=8.2
gca peak Unknown = 0.94777 ( 0)
gca peak Left_Inf_Lat_Vent = 0.16627 (28)
gca peak Third_Ventricle = 0.17522 (25)
gca peak Fourth_Ventricle = 0.17113 (14)
gca peak CSF = 0.20346 (36)
gca peak Left_Accumbens_area = 0.70646 (62)
gca peak Left_undetermined = 1.00000 (28)
gca peak Left_vessel = 0.89917 (53)
gca peak Left_choroid_plexus = 0.11689 (35)
gca peak Right_Inf_Lat_Vent = 0.25504 (23)
gca peak Right_Accumbens_area = 0.31650 (65)
gca peak Right_vessel = 0.77268 (52)
gca peak Right_choroid_plexus = 0.13275 (38)
gca peak Fifth_Ventricle = 0.60973 (33)
gca peak WM_hypointensities = 0.11013 (77)
gca peak non_WM_hypointensities = 0.11354 (41)
gca peak Optic_Chiasm = 0.51646 (76)
not using caudate to estimate GM means
estimating mean gm scale to be 0.94 x + 0.0
estimating mean wm scale to be 1.11 x + 0.0
estimating mean csf scale to be 0.59 x + 0.0
saving intensity scales to aseg.auto_noCCseg.label_intensities.txt
renormalizing by structure alignment....
renormalizing input #0
gca peak = 0.27061 (11)
mri peak = 0.08262 (12)
Left_Lateral_Ventricle (4): linear fit = 1.04 x + 0.0 (1578 voxels, overlap=0.895)
Left_Lateral_Ventricle (4): linear fit = 1.04 x + 0.0 (1578 voxels, peak = 11), gca=11.5
gca peak = 0.24324 ( 8)
mri peak = 0.08068 ( 9)
Right_Lateral_Ventricle (43): linear fit = 1.07 x + 0.0 (438 voxels, overlap=0.899)
Right_Lateral_Ventricle (43): linear fit = 1.07 x + 0.0 (438 voxels, peak =  9), gca=8.5
gca peak = 0.25405 (102)
mri peak = 0.12948 (102)
Right_Pallidum (52): linear fit = 1.00 x + 0.0 (725 voxels, overlap=1.012)
Right_Pallidum (52): linear fit = 1.00 x + 0.0 (725 voxels, peak = 103), gca=102.5
gca peak = 0.17280 (104)
mri peak = 0.09426 (100)
Left_Pallidum (13): linear fit = 1.00 x + 0.0 (770 voxels, overlap=1.004)
Left_Pallidum (13): linear fit = 1.00 x + 0.0 (770 voxels, peak = 105), gca=104.5
gca peak = 0.30842 (50)
mri peak = 0.12551 (50)
Right_Hippocampus (53): linear fit = 1.00 x + 0.0 (1161 voxels, overlap=1.005)
Right_Hippocampus (53): linear fit = 1.00 x + 0.0 (1161 voxels, peak = 50), gca=50.0
gca peak = 0.27829 (56)
mri peak = 0.06486 (55)
Left_Hippocampus (17): linear fit = 1.00 x + 0.0 (967 voxels, overlap=0.864)
Left_Hippocampus (17): linear fit = 1.00 x + 0.0 (967 voxels, peak = 56), gca=56.0
gca peak = 0.07175 (112)
mri peak = 0.07194 (111)
Right_Cerebral_White_Matter (41): linear fit = 1.00 x + 0.0 (22133 voxels, overlap=0.795)
Right_Cerebral_White_Matter (41): linear fit = 1.00 x + 0.0 (22133 voxels, peak = 113), gca=112.6
gca peak = 0.06956 (118)
mri peak = 0.06022 (111)
Left_Cerebral_White_Matter (2): linear fit = 1.00 x + 0.0 (22555 voxels, overlap=0.769)
Left_Cerebral_White_Matter (2): linear fit = 1.00 x + 0.0 (22555 voxels, peak = 117), gca=117.4
gca peak = 0.10940 (53)
mri peak = 0.03964 (54)
Left_Cerebral_Cortex (3): linear fit = 1.04 x + 0.0 (35376 voxels, overlap=1.000)
Left_Cerebral_Cortex (3): linear fit = 1.04 x + 0.0 (35376 voxels, peak = 55), gca=55.4
gca peak = 0.12337 (53)
mri peak = 0.04147 (49)
Right_Cerebral_Cortex (42): linear fit = 0.99 x + 0.0 (29670 voxels, overlap=0.998)
Right_Cerebral_Cortex (42): linear fit = 0.99 x + 0.0 (29670 voxels, peak = 52), gca=52.2
gca peak = 0.22310 (73)
mri peak = 0.11259 (76)
Right_Caudate (50): linear fit = 1.00 x + 0.0 (1347 voxels, overlap=1.006)
Right_Caudate (50): linear fit = 1.00 x + 0.0 (1347 voxels, peak = 73), gca=73.0
gca peak = 0.14457 (69)
mri peak = 0.10562 (75)
Left_Caudate (11): linear fit = 0.96 x + 0.0 (1181 voxels, overlap=0.964)
Left_Caudate (11): linear fit = 0.96 x + 0.0 (1181 voxels, peak = 67), gca=66.6
gca peak = 0.14412 (54)
mri peak = 0.05285 (52)
Left_Cerebellum_Cortex (8): linear fit = 1.04 x + 0.0 (35226 voxels, overlap=0.998)
Left_Cerebellum_Cortex (8): linear fit = 1.04 x + 0.0 (35226 voxels, peak = 56), gca=56.4
gca peak = 0.16325 (50)
mri peak = 0.05453 (51)
Right_Cerebellum_Cortex (47): linear fit = 1.00 x + 0.0 (37205 voxels, overlap=0.997)
Right_Cerebellum_Cortex (47): linear fit = 1.00 x + 0.0 (37205 voxels, peak = 50), gca=50.0
gca peak = 0.15236 (90)
mri peak = 0.06989 (89)
Left_Cerebellum_White_Matter (7): linear fit = 1.00 x + 0.0 (9857 voxels, overlap=0.998)
Left_Cerebellum_White_Matter (7): linear fit = 1.00 x + 0.0 (9857 voxels, peak = 90), gca=89.6
gca peak = 0.17000 (90)
mri peak = 0.07565 (89)
Right_Cerebellum_White_Matter (46): linear fit = 1.00 x + 0.0 (7639 voxels, overlap=0.969)
Right_Cerebellum_White_Matter (46): linear fit = 1.00 x + 0.0 (7639 voxels, peak = 90), gca=89.6
gca peak = 0.40753 (54)
mri peak = 0.09124 (52)
Left_Amygdala (18): linear fit = 1.07 x + 0.0 (629 voxels, overlap=1.044)
Left_Amygdala (18): linear fit = 1.07 x + 0.0 (629 voxels, peak = 58), gca=57.5
gca peak = 0.32358 (60)
mri peak = 0.10180 (61)
Right_Amygdala (54): linear fit = 0.94 x + 0.0 (561 voxels, overlap=0.999)
Right_Amygdala (54): linear fit = 0.94 x + 0.0 (561 voxels, peak = 57), gca=56.7
gca peak = 0.11148 (85)
mri peak = 0.08027 (84)
Left_Thalamus (10): linear fit = 0.99 x + 0.0 (4472 voxels, overlap=0.957)
Left_Thalamus (10): linear fit = 0.99 x + 0.0 (4472 voxels, peak = 84), gca=83.7
gca peak = 0.09692 (82)
mri peak = 0.06436 (81)
Right_Thalamus (49): linear fit = 1.00 x + 0.0 (4212 voxels, overlap=0.978)
Right_Thalamus (49): linear fit = 1.00 x + 0.0 (4212 voxels, peak = 82), gca=81.6
gca peak = 0.08567 (81)
mri peak = 0.11849 (77)
Left_Putamen (12): linear fit = 1.00 x + 0.0 (2250 voxels, overlap=0.865)
Left_Putamen (12): linear fit = 1.00 x + 0.0 (2250 voxels, peak = 81), gca=81.0
gca peak = 0.09459 (76)
mri peak = 0.06903 (75)
Right_Putamen (51): linear fit = 1.00 x + 0.0 (2726 voxels, overlap=0.880)
Right_Putamen (51): linear fit = 1.00 x + 0.0 (2726 voxels, peak = 76), gca=76.0
gca peak = 0.07836 (89)
mri peak = 0.07487 (87)
Brain_Stem (16): linear fit = 1.00 x + 0.0 (10269 voxels, overlap=0.879)
Brain_Stem (16): linear fit = 1.00 x + 0.0 (10269 voxels, peak = 89), gca=88.6
gca peak = 0.11464 (101)
mri peak = 0.06930 (101)
Right_VentralDC (60): linear fit = 1.00 x + 0.0 (1713 voxels, overlap=0.897)
Right_VentralDC (60): linear fit = 1.00 x + 0.0 (1713 voxels, peak = 100), gca=100.5
gca peak = 0.14848 (96)
mri peak = 0.07651 (99)
Left_VentralDC (28): linear fit = 1.00 x + 0.0 (1726 voxels, overlap=0.904)
Left_VentralDC (28): linear fit = 1.00 x + 0.0 (1726 voxels, peak = 96), gca=95.5
gca peak = 0.29702 (15)
mri peak = 1.00000 (48)
gca peak = 0.26405 ( 9)
mri peak = 0.12979 (12)
Fourth_Ventricle (15): linear fit = 1.05 x + 0.0 (429 voxels, overlap=0.783)
Fourth_Ventricle (15): linear fit = 1.05 x + 0.0 (429 voxels, peak =  9), gca=9.5
gca peak Unknown = 0.94777 ( 0)
gca peak Left_Inf_Lat_Vent = 0.23491 (26)
gca peak Third_Ventricle = 0.29702 (15)
gca peak CSF = 0.25294 (21)
gca peak Left_Accumbens_area = 0.70646 (62)
gca peak Left_undetermined = 1.00000 (28)
gca peak Left_vessel = 0.92115 (53)
gca peak Left_choroid_plexus = 0.11689 (35)
gca peak Right_Inf_Lat_Vent = 0.29673 (21)
gca peak Right_Accumbens_area = 0.29105 (71)
gca peak Right_vessel = 0.78714 (52)
gca peak Right_choroid_plexus = 0.13275 (38)
gca peak Fifth_Ventricle = 0.92012 (19)
gca peak WM_hypointensities = 0.08883 (84)
gca peak non_WM_hypointensities = 0.14635 (45)
gca peak Optic_Chiasm = 0.60609 (76)
not using caudate to estimate GM means
estimating mean gm scale to be 1.01 x + 0.0
estimating mean wm scale to be 1.00 x + 0.0
estimating mean csf scale to be 1.05 x + 0.0
saving intensity scales to aseg.auto_noCCseg.label_intensities.txt
saving sequentially combined intensity scales to aseg.auto_noCCseg.label_intensities.txt
56072 voxels changed in iteration 0 of unlikely voxel relabeling
164 voxels changed in iteration 1 of unlikely voxel relabeling
0 voxels changed in iteration 2 of unlikely voxel relabeling
19452 gm and wm labels changed (%35 to gray, %65 to white out of all changed labels)
379 hippocampal voxels changed.
0 amygdala voxels changed.
Reclassifying using Gibbs Priors
pass 1: 65498 changed. image ll: -2.098, PF=0.500
pass 2: 21012 changed. image ll: -2.097, PF=0.500
pass 3: 7792 changed.
pass 4: 3183 changed.
31884 voxels changed in iteration 0 of unlikely voxel relabeling
253 voxels changed in iteration 1 of unlikely voxel relabeling
4 voxels changed in iteration 2 of unlikely voxel relabeling
0 voxels changed in iteration 3 of unlikely voxel relabeling
6297 voxels changed in iteration 0 of unlikely voxel relabeling
154 voxels changed in iteration 1 of unlikely voxel relabeling
22 voxels changed in iteration 2 of unlikely voxel relabeling
13 voxels changed in iteration 3 of unlikely voxel relabeling
0 voxels changed in iteration 4 of unlikely voxel relabeling
5489 voxels changed in iteration 0 of unlikely voxel relabeling
73 voxels changed in iteration 1 of unlikely voxel relabeling
1 voxels changed in iteration 2 of unlikely voxel relabeling
0 voxels changed in iteration 3 of unlikely voxel relabeling
4918 voxels changed in iteration 0 of unlikely voxel relabeling
21 voxels changed in iteration 1 of unlikely voxel relabeling
5 voxels changed in iteration 2 of unlikely voxel relabeling
3 voxels changed in iteration 3 of unlikely voxel relabeling
0 voxels changed in iteration 4 of unlikely voxel relabeling
 !!!!!!!!! ventricle segment 2 with volume 7488 above threshold 100 - not erasing !!!!!!!!!!
 !!!!!!!!! ventricle segment 4 with volume 120 above threshold 100 - not erasing !!!!!!!!!!
 !!!!!!!!! ventricle segment 1 with volume 4516 above threshold 100 - not erasing !!!!!!!!!!
 !!!!!!!!! ventricle segment 2 with volume 531 above threshold 100 - not erasing !!!!!!!!!!
writing labeled volume to aseg.auto_noCCseg.mgz
mri_ca_label utimesec    1760.363317
mri_ca_label stimesec    2.714975
mri_ca_label ru_maxrss   2142104
mri_ca_label ru_ixrss    0
mri_ca_label ru_idrss    0
mri_ca_label ru_isrss    0
mri_ca_label ru_minflt   4069695
mri_ca_label ru_majflt   13
mri_ca_label ru_nswap    0
mri_ca_label ru_inblock  1142
mri_ca_label ru_oublock  616
mri_ca_label ru_msgsnd   0
mri_ca_label ru_msgrcv   0
mri_ca_label ru_nsignals 0
mri_ca_label ru_nvcsw    2375
mri_ca_label ru_nivcsw   2335
auto-labeling took 28 minutes and 0 seconds.
#--------------------------------------
#@# CC Seg Mon Mar  9 02:17:51 CET 2026

 mri_cc -aseg aseg.auto_noCCseg.mgz -o aseg.auto.mgz -lta /out/sourcedata/freesurfer/sub-v1s16x0051199_ses-1/mri/transforms/cc_up.lta sub-v1s16x0051199_ses-1 

will read input aseg from aseg.auto_noCCseg.mgz
writing aseg with cc labels to aseg.auto.mgz
will write lta as /out/sourcedata/freesurfer/sub-v1s16x0051199_ses-1/mri/transforms/cc_up.lta
reading aseg from /out/sourcedata/freesurfer/sub-v1s16x0051199_ses-1/mri/aseg.auto_noCCseg.mgz
reading norm from /out/sourcedata/freesurfer/sub-v1s16x0051199_ses-1/mri/norm.mgz
21734 voxels in left wm, 20169 in right wm, xrange [122, 129]
searching rotation angles z=[-5  9], y=[-6  8]
searching scale 1 Z rot -5.1  searching scale 1 Z rot -4.8  searching scale 1 Z rot -4.6  searching scale 1 Z rot -4.3  searching scale 1 Z rot -4.1  searching scale 1 Z rot -3.8  searching scale 1 Z rot -3.6  searching scale 1 Z rot -3.3  searching scale 1 Z rot -3.1  searching scale 1 Z rot -2.8  searching scale 1 Z rot -2.6  searching scale 1 Z rot -2.3  searching scale 1 Z rot -2.1  searching scale 1 Z rot -1.8  searching scale 1 Z rot -1.6  searching scale 1 Z rot -1.3  searching scale 1 Z rot -1.1  searching scale 1 Z rot -0.8  searching scale 1 Z rot -0.6  searching scale 1 Z rot -0.3  searching scale 1 Z rot -0.1  searching scale 1 Z rot 0.2  searching scale 1 Z rot 0.4  searching scale 1 Z rot 0.7  searching scale 1 Z rot 0.9  searching scale 1 Z rot 1.2  searching scale 1 Z rot 1.4  searching scale 1 Z rot 1.7  searching scale 1 Z rot 1.9  searching scale 1 Z rot 2.2  searching scale 1 Z rot 2.4  searching scale 1 Z rot 2.7  searching scale 1 Z rot 2.9  searching scale 1 Z rot 3.2  searching scale 1 Z rot 3.4  searching scale 1 Z rot 3.7  searching scale 1 Z rot 3.9  searching scale 1 Z rot 4.2  searching scale 1 Z rot 4.4  searching scale 1 Z rot 4.7  searching scale 1 Z rot 4.9  searching scale 1 Z rot 5.2  searching scale 1 Z rot 5.4  searching scale 1 Z rot 5.7  searching scale 1 Z rot 5.9  searching scale 1 Z rot 6.2  searching scale 1 Z rot 6.4  searching scale 1 Z rot 6.7  searching scale 1 Z rot 6.9  searching scale 1 Z rot 7.2  searching scale 1 Z rot 7.4  searching scale 1 Z rot 7.7  searching scale 1 Z rot 7.9  searching scale 1 Z rot 8.2  searching scale 1 Z rot 8.4  global minimum found at slice 125.0, rotations (1.37, 1.68)
final transformation (x=125.0, yr=1.366, zr=1.675):
 0.99929  -0.02923   0.02383   3.41491;
 0.02922   0.99957   0.00070   24.31404;
-0.02384   0.00000   0.99972   22.01048;
 0.00000   0.00000   0.00000   1.00000;
updating x range to be [125, 130] in xformed coordinates
best xformed slice 127
min_x_fornix = 147
min_x_fornix = 146
min_x_fornix = 147
min_x_fornix = 147
min_x_fornix = 144
cc center is found at 127 100 109
eigenvectors:
 0.00005  -0.00236   1.00000;
 0.22321  -0.97477  -0.00231;
 0.97477   0.22321   0.00048;
error in mid anterior detected - correcting...
writing aseg with callosum to /out/sourcedata/freesurfer/sub-v1s16x0051199_ses-1/mri/aseg.auto.mgz...
corpus callosum segmentation took 0.5 minutes
#VMPC# mri_cc VmPeak  553312
mri_cc done
#--------------------------------------
#@# Merge ASeg Mon Mar  9 02:18:23 CET 2026

 cp aseg.auto.mgz aseg.presurf.mgz 

#--------------------------------------------
#@# Intensity Normalization2 Mon Mar  9 02:18:23 CET 2026
/out/sourcedata/freesurfer/sub-v1s16x0051199_ses-1/mri

 mri_normalize -seed 1234 -mprage -aseg aseg.presurf.mgz -mask brainmask.mgz norm.mgz brain.mgz 

setting seed for random number genererator to 1234
assuming input volume is MGH (Van der Kouwe) MP-RAGE
using segmentation for initial intensity normalization
using MR volume brainmask.mgz to mask input volume...
reading mri_src from norm.mgz...
Reading aseg aseg.presurf.mgz
normalizing image...
NOT doing gentle normalization with control points/label
processing with aseg
removing outliers in the aseg WM...
2258 control points removed
Building bias image
building Voronoi diagram...
performing soap bubble smoothing, sigma = 0...
Smoothing with sigma 8
Applying bias correction
building Voronoi diagram...
performing soap bubble smoothing, sigma = 8...

Iterating 2 times
---------------------------------
3d normalization pass 1 of 2
white matter peak found at 110
white matter peak found at 109
gm peak at 56 (56), valley at  0 (-1)
csf peak at 28, setting threshold to 46
building Voronoi diagram...
performing soap bubble smoothing, sigma = 8...
---------------------------------
3d normalization pass 2 of 2
white matter peak found at 110
white matter peak found at 110
gm peak at 58 (58), valley at  0 (-1)
csf peak at 29, setting threshold to 48
building Voronoi diagram...
performing soap bubble smoothing, sigma = 8...
Done iterating ---------------------------------
writing output to brain.mgz
3D bias adjustment took 2 minutes and 7 seconds.
#--------------------------------------------
#@# Mask BFS Mon Mar  9 02:20:31 CET 2026
/out/sourcedata/freesurfer/sub-v1s16x0051199_ses-1/mri

 mri_mask -T 5 brain.mgz brainmask.mgz brain.finalsurfs.mgz 

threshold mask volume at 5
DoAbs = 0
Found 1329622 voxels in mask (pct=  7.93)
Writing masked volume to brain.finalsurfs.mgz...done.
#--------------------------------------------
#@# WM Segmentation Mon Mar  9 02:20:31 CET 2026

 AntsDenoiseImageFs -i brain.mgz -o antsdn.brain.mgz 


 mri_segment -wsizemm 13 -mprage antsdn.brain.mgz wm.seg.mgz 

wsizemm = 13, voxres = 1, wsize = 13
Widening wm low from 89 to 79
assuming input volume is MGH (Van der Kouwe) MP-RAGE
wm mean:  110
wsize:    13
wm low:   79
wm hi:    125
gray low: 30
gray hi:  99
Doing initial trinary intensity segmentation 
Using local statistics to label ambiguous voxels
Autodetecting stats
Computing class statistics for intensity windows...
CCS WM (103.0): 103.2 +- 5.4 [79.0 --> 125.0]
CCS GM (72.0) : 70.4 +- 10.9 [30.0 --> 95.0]
 white_mean 103.173
 white_sigma 5.40631
 gray_mean 70.4447
 gray_sigma 10.8709
setting bottom of white matter range wm_low to 81.3
setting top of gray matter range gray_hi to 92.2
 wm_low 81.3156
 wm_hi  125
 gray_low 30
 gray_hi  92.1865
Redoing initial intensity segmentation...
Recomputing local statistics to label ambiguous voxels...
 wm_low 81.3156
 wm_hi  125
 gray_low 30
 gray_hi  92.1865
using local geometry to label remaining ambiguous voxels...
polvwsize = 5, polvlen = 3, gray_hi = 92.1865, wm_low = 81.3156
MRIcpolvMedianCurveSegment(): wsize=5, len=3, gmhi=92.1865, wmlow=81.3156
    129629 voxels processed (0.77%)
     64089 voxels white (0.38%)
     65540 voxels non-white (0.39%)

Reclassifying voxels using Gaussian border classifier niter=1
MRIreclassify(): wm_low=76.3156, gray_hi=92.1865, wsize=13
    204607 voxels tested (1.22%)
     41881 voxels changed (0.25%)
     45884 multi-scale searches  (0.27%)
Recovering bright white
MRIrecoverBrightWhite()
 wm_low 81.3156
 wm_hi 125
 slack 5.40631
 pct_thresh 0.33
 intensity_thresh 130.406
 nvox_thresh 8.58
       41 voxels tested (0.00%)
       39 voxels changed (0.00%)

removing voxels with positive offset direction...
MRIremoveWrongDirection() wsize=3, lowthr=76.3156, hithr=92.1865
  smoothing input volume with sigma = 0.250
    89311 voxels tested (0.53%)
    13634 voxels changed (0.08%)
thicken = 1
removing 1-dimensional structures...
MRIremove1dStructures(): max_iter=10000, thresh=2, WM_MIN_VAL=5
 1470 sparsely connected voxels removed in 1 iterations
thickening thin strands....
thickness 4
nsegments 20
wm_hi 125
1084 diagonally connected voxels added...
MRIthickenThinWMStrands(): thickness=4, nsegments=20
  20 segments, 2317 filled
MRIfindBrightNonWM(): 43 bright non-wm voxels segmented.
MRIfilterMorphology() WM_MIN_VAL=5, DIAGONAL_FILL=230
white matter segmentation took 0.9 minutes
writing output to wm.seg.mgz...

 mri_edit_wm_with_aseg -keep-in wm.seg.mgz brain.mgz aseg.presurf.mgz wm.asegedit.mgz 

preserving editing changes in input volume...
auto filling took 0.42 minutes
reading wm segmentation from wm.seg.mgz...
0 voxels added to wm to prevent paths from MTL structures to cortex
5048 additional wm voxels added
0 additional wm voxels added
SEG EDIT: 60096 voxels turned on, 37483 voxels turned off.
propagating editing to output volume from wm.seg.mgz
writing edited volume to wm.asegedit.mgz....

 mri_pretess wm.asegedit.mgz wm norm.mgz wm.mgz 


Iteration Number : 1
pass   1 (xy+):  14 found -  14 modified     |    TOTAL:  14
pass   2 (xy+):   0 found -  14 modified     |    TOTAL:  14
pass   1 (xy-):  12 found -  12 modified     |    TOTAL:  26
pass   2 (xy-):   0 found -  12 modified     |    TOTAL:  26
pass   1 (yz+):  26 found -  26 modified     |    TOTAL:  52
pass   2 (yz+):   0 found -  26 modified     |    TOTAL:  52
pass   1 (yz-):  32 found -  32 modified     |    TOTAL:  84
pass   2 (yz-):   0 found -  32 modified     |    TOTAL:  84
pass   1 (xz+):  19 found -  19 modified     |    TOTAL: 103
pass   2 (xz+):   0 found -  19 modified     |    TOTAL: 103
pass   1 (xz-):  11 found -  11 modified     |    TOTAL: 114
pass   2 (xz-):   0 found -  11 modified     |    TOTAL: 114
Iteration Number : 1
pass   1 (+++):   8 found -   8 modified     |    TOTAL:   8
pass   2 (+++):   0 found -   8 modified     |    TOTAL:   8
pass   1 (+++):   5 found -   5 modified     |    TOTAL:  13
pass   2 (+++):   0 found -   5 modified     |    TOTAL:  13
pass   1 (+++):  15 found -  15 modified     |    TOTAL:  28
pass   2 (+++):   0 found -  15 modified     |    TOTAL:  28
pass   1 (+++):  18 found -  18 modified     |    TOTAL:  46
pass   2 (+++):   0 found -  18 modified     |    TOTAL:  46
Iteration Number : 1
pass   1 (++):  54 found -  54 modified     |    TOTAL:  54
pass   2 (++):   0 found -  54 modified     |    TOTAL:  54
pass   1 (+-):  86 found -  86 modified     |    TOTAL: 140
pass   2 (+-):   0 found -  86 modified     |    TOTAL: 140
pass   1 (--):  24 found -  24 modified     |    TOTAL: 164
pass   2 (--):   0 found -  24 modified     |    TOTAL: 164
pass   1 (-+):  67 found -  67 modified     |    TOTAL: 231
pass   2 (-+):   0 found -  67 modified     |    TOTAL: 231
Iteration Number : 2
pass   1 (xy+):   1 found -   1 modified     |    TOTAL:   1
pass   2 (xy+):   0 found -   1 modified     |    TOTAL:   1
pass   1 (xy-):   1 found -   1 modified     |    TOTAL:   2
pass   2 (xy-):   0 found -   1 modified     |    TOTAL:   2
pass   1 (yz+):   4 found -   4 modified     |    TOTAL:   6
pass   2 (yz+):   0 found -   4 modified     |    TOTAL:   6
pass   1 (yz-):   3 found -   3 modified     |    TOTAL:   9
pass   2 (yz-):   0 found -   3 modified     |    TOTAL:   9
pass   1 (xz+):   1 found -   1 modified     |    TOTAL:  10
pass   2 (xz+):   0 found -   1 modified     |    TOTAL:  10
pass   1 (xz-):   4 found -   4 modified     |    TOTAL:  14
pass   2 (xz-):   0 found -   4 modified     |    TOTAL:  14
Iteration Number : 2
pass   1 (+++):   0 found -   0 modified     |    TOTAL:   0
pass   1 (+++):   2 found -   2 modified     |    TOTAL:   2
pass   2 (+++):   0 found -   2 modified     |    TOTAL:   2
pass   1 (+++):   2 found -   2 modified     |    TOTAL:   4
pass   2 (+++):   0 found -   2 modified     |    TOTAL:   4
pass   1 (+++):   2 found -   2 modified     |    TOTAL:   6
pass   2 (+++):   0 found -   2 modified     |    TOTAL:   6
Iteration Number : 2
pass   1 (++):   1 found -   1 modified     |    TOTAL:   1
pass   2 (++):   0 found -   1 modified     |    TOTAL:   1
pass   1 (+-):   1 found -   1 modified     |    TOTAL:   2
pass   2 (+-):   0 found -   1 modified     |    TOTAL:   2
pass   1 (--):   0 found -   0 modified     |    TOTAL:   2
pass   1 (-+):   2 found -   2 modified     |    TOTAL:   4
pass   2 (-+):   0 found -   2 modified     |    TOTAL:   4
Iteration Number : 3
pass   1 (xy+):   0 found -   0 modified     |    TOTAL:   0
pass   1 (xy-):   1 found -   1 modified     |    TOTAL:   1
pass   2 (xy-):   0 found -   1 modified     |    TOTAL:   1
pass   1 (yz+):   0 found -   0 modified     |    TOTAL:   1
pass   1 (yz-):   0 found -   0 modified     |    TOTAL:   1
pass   1 (xz+):   0 found -   0 modified     |    TOTAL:   1
pass   1 (xz-):   0 found -   0 modified     |    TOTAL:   1
Iteration Number : 3
pass   1 (+++):   0 found -   0 modified     |    TOTAL:   0
pass   1 (+++):   0 found -   0 modified     |    TOTAL:   0
pass   1 (+++):   0 found -   0 modified     |    TOTAL:   0
pass   1 (+++):   0 found -   0 modified     |    TOTAL:   0
Iteration Number : 3
pass   1 (++):   0 found -   0 modified     |    TOTAL:   0
pass   1 (+-):   1 found -   1 modified     |    TOTAL:   1
pass   2 (+-):   0 found -   1 modified     |    TOTAL:   1
pass   1 (--):   0 found -   0 modified     |    TOTAL:   1
pass   1 (-+):   0 found -   0 modified     |    TOTAL:   1
Iteration Number : 4
pass   1 (xy+):   0 found -   0 modified     |    TOTAL:   0
pass   1 (xy-):   0 found -   0 modified     |    TOTAL:   0
pass   1 (yz+):   0 found -   0 modified     |    TOTAL:   0
pass   1 (yz-):   0 found -   0 modified     |    TOTAL:   0
pass   1 (xz+):   0 found -   0 modified     |    TOTAL:   0
pass   1 (xz-):   0 found -   0 modified     |    TOTAL:   0
Iteration Number : 4
pass   1 (+++):   0 found -   0 modified     |    TOTAL:   0
pass   1 (+++):   0 found -   0 modified     |    TOTAL:   0
pass   1 (+++):   0 found -   0 modified     |    TOTAL:   0
pass   1 (+++):   0 found -   0 modified     |    TOTAL:   0
Iteration Number : 4
pass   1 (++):   0 found -   0 modified     |    TOTAL:   0
pass   1 (+-):   0 found -   0 modified     |    TOTAL:   0
pass   1 (--):   0 found -   0 modified     |    TOTAL:   0
pass   1 (-+):   0 found -   0 modified     |    TOTAL:   0

Total Number of Modified Voxels = 417 (out of 409763: 0.101766)
binarizing input wm segmentation...
Ambiguous edge configurations... 

mri_pretess done

#--------------------------------------------
#@# Fill Mon Mar  9 02:22:28 CET 2026
/out/sourcedata/freesurfer/sub-v1s16x0051199_ses-1/mri

 mri_fill -a ../scripts/ponscc.cut.log -xform transforms/talairach.lta -segmentation aseg.presurf.mgz -ctab /opt/freesurfer/SubCorticalMassLUT.txt wm.mgz filled.mgz 

logging cutting plane coordinates to ../scripts/ponscc.cut.log...
INFO: Using transforms/talairach.lta and its offset for Talairach volume ...
using segmentation aseg.presurf.mgz...
reading input volume...done.
searching for cutting planes...voxel to talairach voxel transform
 1.09803  -0.09889   0.01911  -3.37332;
 0.09277   1.20120  -0.09953  -14.24258;
-0.01727   0.12686   0.99333  -25.65096;
 0.00000   0.00000   0.00000   1.00000;
voxel to talairach voxel transform
 1.09803  -0.09889   0.01911  -3.37332;
 0.09277   1.20120  -0.09953  -14.24258;
-0.01727   0.12686   0.99333  -25.65096;
 0.00000   0.00000   0.00000   1.00000;
reading segmented volume aseg.presurf.mgz
removing CC from segmentation
Looking for area (min, max) = (350, 1400)
area[0] = 2508 (min = 350, max = 1400), aspect = 1.49 (min = 0.10, max = 0.75)
need search nearby
using seed (124, 112, 150), TAL = (4.0, 22.0, 16.0)
talairach voxel to voxel transform
 0.90419   0.07548  -0.00984   3.87286;
-0.06781   0.81812   0.08328   13.55949;
 0.02438  -0.10317   0.99590   24.15868;
 0.00000   0.00000   0.00000   1.00000;
segmentation indicates cc at (124,  112,  150) --> (4.0, 22.0, 16.0)
done.
filling took 1.0 minutes
talairach cc position changed to (4.00, 22.00, 16.00)
Erasing brainstem...done.
seed_search_size = 9, min_neighbors = 5
search rh wm seed point around talairach space:(22.00, 22.00, 16.00) SRC: (106.70, 110.49, 164.57)
search lh wm seed point around talairach space (-14.00, 22.00, 16.00), SRC: (139.25, 108.05, 165.45)
compute mri_fill using aseg
Erasing Brain Stem and Cerebellum ...
Define left and right masks using aseg:
Building Voronoi diagram ...
Using the Voronoi diagram for separating WM into two hemispheres ...
Find the largest connected component for each hemisphere ...
Embedding colortable
mri_fill done, writing output to filled.mgz...
 cp filled.mgz filled.auto.mgz

Started at Mon Mar 9 01:03:37 CET 2026 
Ended   at Mon Mar 9 02:23:30 CET 2026
#@#%# recon-all-run-time-hours 1.331
recon-all -s sub-v1s16x0051199_ses-1 finished without error at Mon Mar  9 02:23:30 CET 2026



#New# invocation of recon-all 




Mon Mar  9 02:56:39 CET 2026
cd /out/sourcedata/freesurfer/sub-v1s16x0051199_ses-1
setenv SUBJECTS_DIR /out/sourcedata/freesurfer
/opt/freesurfer/bin/recon-all -parallel -subjid sub-v1s16x0051199_ses-1 -sd /out/sourcedata/freesurfer -cortribbon

subjid sub-v1s16x0051199_ses-1
setenv SUBJECTS_DIR /out/sourcedata/freesurfer
FREESURFER_HOME /opt/freesurfer
Actual FREESURFER_HOME /opt/freesurfer
build-stamp.txt: freesurfer-linux-ubuntu22_x86_64-7.3.2-20220804-6354275
Linux dna063 5.14.0-427.37.1.el9_4.x86_64 #1 SMP PREEMPT_DYNAMIC Fri Sep 13 12:41:50 EDT 2024 x86_64 x86_64 x86_64 GNU/Linux
cputime      unlimited
filesize     unlimited
datasize     unlimited
stacksize    8192 kbytes
coredumpsize 0 kbytes
memoryuse    67108864 kbytes
vmemoryuse   unlimited
descriptors  1024 
memorylocked unlimited
maxproc      2061970 
maxlocks     unlimited
maxsignal    2061970 
maxmessage   819200 
maxnice      0 
maxrtprio    0 
maxrttime    unlimited

               total        used        free      shared  buff/cache   available
Mem:           503Gi        50Gi       332Gi        10Gi       120Gi       439Gi
Swap:             0B          0B          0B

########################################
program versions used
7.3.2 (freesurfer-linux-ubuntu22_x86_64-7.3.2-20220804-6354275)
7.3.2

ProgramName: lta_convert  ProgramArguments: lta_convert -all-info  ProgramVersion: 7.3.2  TimeStamp: 2026/03/09-01:56:39-GMT  BuildTime: Aug  4 2022 06:17:15  BuildStamp: freesurfer-linux-ubuntu22_x86_64-7.3.2-20220804-6354275  User: oesteban  Machine: dna063  Platform: Linux  PlatformVersion: 5.14.0-427.37.1.el9_4.x86_64  CompilerName: GCC  CompilerVersion: 8.4.0
ProgramName: mri_and  ProgramArguments: mri_and -all-info  ProgramVersion: 7.3.2  TimeStamp: 2026/03/09-01:56:39-GMT  BuildTime: Aug  4 2022 06:17:15  BuildStamp: freesurfer-linux-ubuntu22_x86_64-7.3.2-20220804-6354275  User: oesteban  Machine: dna063  Platform: Linux  PlatformVersion: 5.14.0-427.37.1.el9_4.x86_64  CompilerName: GCC  CompilerVersion: 8.4.0
ProgramName: mri_annotation2label  ProgramArguments: mri_annotation2label -all-info  ProgramVersion: 7.3.2  TimeStamp: 2026/03/09-01:56:39-GMT  BuildTime: Aug  4 2022 06:17:15  BuildStamp: freesurfer-linux-ubuntu22_x86_64-7.3.2-20220804-6354275  User: oesteban  Machine: dna063  Platform: Linux  PlatformVersion: 5.14.0-427.37.1.el9_4.x86_64  CompilerName: GCC  CompilerVersion: 8.4.0
ProgramName: mri_aparc2aseg  ProgramArguments: mri_aparc2aseg -all-info  ProgramVersion: 7.3.2  TimeStamp: 2026/03/09-01:56:39-GMT  BuildTime: Aug  4 2022 06:17:15  BuildStamp: freesurfer-linux-ubuntu22_x86_64-7.3.2-20220804-6354275  User: oesteban  Machine: dna063  Platform: Linux  PlatformVersion: 5.14.0-427.37.1.el9_4.x86_64  CompilerName: GCC  CompilerVersion: 8.4.0
ProgramName: mri_surf2volseg  ProgramArguments: mri_surf2volseg -all-info  ProgramVersion: 7.3.2  TimeStamp: 2026/03/09-01:56:39-GMT  BuildTime: Aug  4 2022 06:17:15  BuildStamp: freesurfer-linux-ubuntu22_x86_64-7.3.2-20220804-6354275  User: oesteban  Machine: dna063  Platform: Linux  PlatformVersion: 5.14.0-427.37.1.el9_4.x86_64  CompilerName: GCC  CompilerVersion: 8.4.0
ProgramName: mri_binarize  ProgramArguments: mri_binarize -all-info  ProgramVersion: 7.3.2  TimeStamp: 2026/03/09-01:56:39-GMT  BuildTime: Aug  4 2022 06:17:15  BuildStamp: freesurfer-linux-ubuntu22_x86_64-7.3.2-20220804-6354275  User: oesteban  Machine: dna063  Platform: Linux  PlatformVersion: 5.14.0-427.37.1.el9_4.x86_64  CompilerName: GCC  CompilerVersion: 8.4.0
ProgramName: mri_ca_label  ProgramArguments: mri_ca_label -all-info  ProgramVersion: 7.3.2  TimeStamp: 2026/03/09-01:56:39-GMT  BuildTime: Aug  4 2022 06:17:15  BuildStamp: freesurfer-linux-ubuntu22_x86_64-7.3.2-20220804-6354275  User: oesteban  Machine: dna063  Platform: Linux  PlatformVersion: 5.14.0-427.37.1.el9_4.x86_64  CompilerName: GCC  CompilerVersion: 8.4.0
ProgramName: mri_ca_normalize  ProgramArguments: mri_ca_normalize -all-info  ProgramVersion: 7.3.2  TimeStamp: 2026/03/09-01:56:39-GMT  BuildTime: Aug  4 2022 06:17:15  BuildStamp: freesurfer-linux-ubuntu22_x86_64-7.3.2-20220804-6354275  User: oesteban  Machine: dna063  Platform: Linux  PlatformVersion: 5.14.0-427.37.1.el9_4.x86_64  CompilerName: GCC  CompilerVersion: 8.4.0
ProgramName: mri_ca_register  ProgramArguments: mri_ca_register -all-info  ProgramVersion: 7.3.2  TimeStamp: 2026/03/09-01:56:39-GMT  BuildTime: Aug  4 2022 06:17:15  BuildStamp: freesurfer-linux-ubuntu22_x86_64-7.3.2-20220804-6354275  User: oesteban  Machine: dna063  Platform: Linux  PlatformVersion: 5.14.0-427.37.1.el9_4.x86_64  CompilerName: GCC  CompilerVersion: 8.4.0
ProgramName: mri_cc  ProgramArguments: mri_cc -all-info  ProgramVersion: 7.3.2  TimeStamp: 2026/03/09-01:56:39-GMT  BuildTime: Aug  4 2022 06:17:15  BuildStamp: freesurfer-linux-ubuntu22_x86_64-7.3.2-20220804-6354275  User: oesteban  Machine: dna063  Platform: Linux  PlatformVersion: 5.14.0-427.37.1.el9_4.x86_64  CompilerName: GCC  CompilerVersion: 8.4.0
ProgramName: mri_compute_overlap  ProgramArguments: mri_compute_overlap -all-info  ProgramVersion: 7.3.2  TimeStamp: 2026/03/09-01:56:39-GMT  BuildTime: Aug  4 2022 06:17:15  BuildStamp: freesurfer-linux-ubuntu22_x86_64-7.3.2-20220804-6354275  User: oesteban  Machine: dna063  Platform: Linux  PlatformVersion: 5.14.0-427.37.1.el9_4.x86_64  CompilerName: GCC  CompilerVersion: 8.4.0
ProgramName: mri_compute_seg_overlap  ProgramArguments: mri_compute_seg_overlap -all-info  ProgramVersion: 7.3.2  TimeStamp: 2026/03/09-01:56:39-GMT  BuildTime: Aug  4 2022 06:17:15  BuildStamp: freesurfer-linux-ubuntu22_x86_64-7.3.2-20220804-6354275  User: oesteban  Machine: dna063  Platform: Linux  PlatformVersion: 5.14.0-427.37.1.el9_4.x86_64  CompilerName: GCC  CompilerVersion: 8.4.0
ProgramName: mri_concat  ProgramArguments: mri_concat -all-info  ProgramVersion: 7.3.2  TimeStamp: 2026/03/09-01:56:39-GMT  BuildTime: Aug  4 2022 06:17:15  BuildStamp: freesurfer-linux-ubuntu22_x86_64-7.3.2-20220804-6354275  User: oesteban  Machine: dna063  Platform: Linux  PlatformVersion: 5.14.0-427.37.1.el9_4.x86_64  CompilerName: GCC  CompilerVersion: 8.4.0
ProgramName: mri_concatenate_lta  ProgramArguments: mri_concatenate_lta -all-info  ProgramVersion: 7.3.2  TimeStamp: 2026/03/09-01:56:39-GMT  BuildTime: Aug  4 2022 06:17:15  BuildStamp: freesurfer-linux-ubuntu22_x86_64-7.3.2-20220804-6354275  User: oesteban  Machine: dna063  Platform: Linux  PlatformVersion: 5.14.0-427.37.1.el9_4.x86_64  CompilerName: GCC  CompilerVersion: 8.4.0
mri_convert -all-info 
ProgramName: mri_convert  ProgramArguments: mri_convert -all-info  ProgramVersion: 7.3.2  TimeStamp: 2026/03/09-01:56:39-GMT  BuildTime: Aug  4 2022 06:17:15  BuildStamp: freesurfer-linux-ubuntu22_x86_64-7.3.2-20220804-6354275  User: oesteban  Machine: dna063  Platform: Linux  PlatformVersion: 5.14.0-427.37.1.el9_4.x86_64  CompilerName: GCC  CompilerVersion: 8.4.0
ProgramName: mri_diff  ProgramArguments: mri_diff -all-info  ProgramVersion: 7.3.2  TimeStamp: 2026/03/09-01:56:39-GMT  BuildTime: Aug  4 2022 06:17:15  BuildStamp: freesurfer-linux-ubuntu22_x86_64-7.3.2-20220804-6354275  User: oesteban  Machine: dna063  Platform: Linux  PlatformVersion: 5.14.0-427.37.1.el9_4.x86_64  CompilerName: GCC  CompilerVersion: 8.4.0
ProgramName: mri_edit_wm_with_aseg  ProgramArguments: mri_edit_wm_with_aseg -all-info  ProgramVersion: 7.3.2  TimeStamp: 2026/03/09-01:56:39-GMT  BuildTime: Aug  4 2022 06:17:15  BuildStamp: freesurfer-linux-ubuntu22_x86_64-7.3.2-20220804-6354275  User: oesteban  Machine: dna063  Platform: Linux  PlatformVersion: 5.14.0-427.37.1.el9_4.x86_64  CompilerName: GCC  CompilerVersion: 8.4.0
ProgramName: mri_em_register  ProgramArguments: mri_em_register -all-info  ProgramVersion: 7.3.2  TimeStamp: 2026/03/09-01:56:39-GMT  BuildTime: Aug  4 2022 06:17:15  BuildStamp: freesurfer-linux-ubuntu22_x86_64-7.3.2-20220804-6354275  User: oesteban  Machine: dna063  Platform: Linux  PlatformVersion: 5.14.0-427.37.1.el9_4.x86_64  CompilerName: GCC  CompilerVersion: 8.4.0
ProgramName: mri_fill  ProgramArguments: mri_fill -all-info  ProgramVersion: 7.3.2  TimeStamp: 2026/03/09-01:56:39-GMT  BuildTime: Aug  4 2022 06:17:15  BuildStamp: freesurfer-linux-ubuntu22_x86_64-7.3.2-20220804-6354275  User: oesteban  Machine: dna063  Platform: Linux  PlatformVersion: 5.14.0-427.37.1.el9_4.x86_64  CompilerName: GCC  CompilerVersion: 8.4.0
ProgramName: mri_fuse_segmentations  ProgramArguments: mri_fuse_segmentations -all-info  ProgramVersion: 7.3.2  TimeStamp: 2026/03/09-01:56:39-GMT  BuildTime: Aug  4 2022 06:17:15  BuildStamp: freesurfer-linux-ubuntu22_x86_64-7.3.2-20220804-6354275  User: oesteban  Machine: dna063  Platform: Linux  PlatformVersion: 5.14.0-427.37.1.el9_4.x86_64  CompilerName: GCC  CompilerVersion: 8.4.0
ProgramName: mri_fwhm  ProgramArguments: mri_fwhm -all-info  ProgramVersion: 7.3.2  TimeStamp: 2026/03/09-01:56:39-GMT  BuildTime: Aug  4 2022 06:17:15  BuildStamp: freesurfer-linux-ubuntu22_x86_64-7.3.2-20220804-6354275  User: oesteban  Machine: dna063  Platform: Linux  PlatformVersion: 5.14.0-427.37.1.el9_4.x86_64  CompilerName: GCC  CompilerVersion: 8.4.0
ProgramName: mri_gcut  ProgramArguments: mri_gcut -all-info  ProgramVersion: 7.3.2  TimeStamp: 2026/03/09-01:56:39-GMT  BuildTime: Aug  4 2022 06:17:15  BuildStamp: freesurfer-linux-ubuntu22_x86_64-7.3.2-20220804-6354275  User: oesteban  Machine: dna063  Platform: Linux  PlatformVersion: 5.14.0-427.37.1.el9_4.x86_64  CompilerName: GCC  CompilerVersion: 8.4.0
ProgramName: mri_info  ProgramArguments: mri_info -all-info  ProgramVersion: 7.3.2  TimeStamp: 2026/03/09-01:56:39-GMT  BuildTime: Aug  4 2022 06:17:15  BuildStamp: freesurfer-linux-ubuntu22_x86_64-7.3.2-20220804-6354275  User: oesteban  Machine: dna063  Platform: Linux  PlatformVersion: 5.14.0-427.37.1.el9_4.x86_64  CompilerName: GCC  CompilerVersion: 8.4.0
ProgramName: mri_label2label  ProgramArguments: mri_label2label -all-info  ProgramVersion: 7.3.2  TimeStamp: 2026/03/09-01:56:39-GMT  BuildTime: Aug  4 2022 06:17:15  BuildStamp: freesurfer-linux-ubuntu22_x86_64-7.3.2-20220804-6354275  User: oesteban  Machine: dna063  Platform: Linux  PlatformVersion: 5.14.0-427.37.1.el9_4.x86_64  CompilerName: GCC  CompilerVersion: 8.4.0
ProgramName: mri_label2vol  ProgramArguments: mri_label2vol -all-info  ProgramVersion: 7.3.2  TimeStamp: 2026/03/09-01:56:39-GMT  BuildTime: Aug  4 2022 06:17:15  BuildStamp: freesurfer-linux-ubuntu22_x86_64-7.3.2-20220804-6354275  User: oesteban  Machine: dna063  Platform: Linux  PlatformVersion: 5.14.0-427.37.1.el9_4.x86_64  CompilerName: GCC  CompilerVersion: 8.4.0
ProgramName: mri_log_likelihood  ProgramArguments: mri_log_likelihood -all-info  ProgramVersion: 7.3.2  TimeStamp: 2026/03/09-01:56:39-GMT  BuildTime: Aug  4 2022 06:17:15  BuildStamp: freesurfer-linux-ubuntu22_x86_64-7.3.2-20220804-6354275  User: oesteban  Machine: dna063  Platform: Linux  PlatformVersion: 5.14.0-427.37.1.el9_4.x86_64  CompilerName: GCC  CompilerVersion: 8.4.0
ProgramName: mri_mask  ProgramArguments: mri_mask -all-info  ProgramVersion: 7.3.2  TimeStamp: 2026/03/09-01:56:39-GMT  BuildTime: Aug  4 2022 06:17:15  BuildStamp: freesurfer-linux-ubuntu22_x86_64-7.3.2-20220804-6354275  User: oesteban  Machine: dna063  Platform: Linux  PlatformVersion: 5.14.0-427.37.1.el9_4.x86_64  CompilerName: GCC  CompilerVersion: 8.4.0
ProgramName: mri_matrix_multiply  ProgramArguments: mri_matrix_multiply -all-info  ProgramVersion: 7.3.2  TimeStamp: 2026/03/09-01:56:39-GMT  BuildTime: Aug  4 2022 06:17:15  BuildStamp: freesurfer-linux-ubuntu22_x86_64-7.3.2-20220804-6354275  User: oesteban  Machine: dna063  Platform: Linux  PlatformVersion: 5.14.0-427.37.1.el9_4.x86_64  CompilerName: GCC  CompilerVersion: 8.4.0
ProgramName: mri_normalize  ProgramArguments: mri_normalize -all-info  ProgramVersion: 7.3.2  TimeStamp: 2026/03/09-01:56:39-GMT  BuildTime: Aug  4 2022 06:17:15  BuildStamp: freesurfer-linux-ubuntu22_x86_64-7.3.2-20220804-6354275  User: oesteban  Machine: dna063  Platform: Linux  PlatformVersion: 5.14.0-427.37.1.el9_4.x86_64  CompilerName: GCC  CompilerVersion: 8.4.0
ProgramName: mri_normalize_tp2  ProgramArguments: mri_normalize_tp2 -all-info  ProgramVersion: 7.3.2  TimeStamp: 2026/03/09-01:56:39-GMT  BuildTime: Aug  4 2022 06:17:15  BuildStamp: freesurfer-linux-ubuntu22_x86_64-7.3.2-20220804-6354275  User: oesteban  Machine: dna063  Platform: Linux  PlatformVersion: 5.14.0-427.37.1.el9_4.x86_64  CompilerName: GCC  CompilerVersion: 8.4.0
ProgramName: mri_or  ProgramArguments: mri_or -all-info  ProgramVersion: 7.3.2  TimeStamp: 2026/03/09-01:56:39-GMT  BuildTime: Aug  4 2022 06:17:15  BuildStamp: freesurfer-linux-ubuntu22_x86_64-7.3.2-20220804-6354275  User: oesteban  Machine: dna063  Platform: Linux  PlatformVersion: 5.14.0-427.37.1.el9_4.x86_64  CompilerName: GCC  CompilerVersion: 8.4.0
ProgramName: mri_relabel_hypointensities  ProgramArguments: mri_relabel_hypointensities -all-info  ProgramVersion: 7.3.2  TimeStamp: 2026/03/09-01:56:39-GMT  BuildTime: Aug  4 2022 06:17:15  BuildStamp: freesurfer-linux-ubuntu22_x86_64-7.3.2-20220804-6354275  User: oesteban  Machine: dna063  Platform: Linux  PlatformVersion: 5.14.0-427.37.1.el9_4.x86_64  CompilerName: GCC  CompilerVersion: 8.4.0
ProgramName: mri_relabel_nonwm_hypos  ProgramArguments: mri_relabel_nonwm_hypos -all-info  ProgramVersion: 7.3.2  TimeStamp: 2026/03/09-01:56:39-GMT  BuildTime: Aug  4 2022 06:17:15  BuildStamp: freesurfer-linux-ubuntu22_x86_64-7.3.2-20220804-6354275  User: oesteban  Machine: dna063  Platform: Linux  PlatformVersion: 5.14.0-427.37.1.el9_4.x86_64  CompilerName: GCC  CompilerVersion: 8.4.0
ProgramName: mri_remove_neck  ProgramArguments: mri_remove_neck -all-info  ProgramVersion: 7.3.2  TimeStamp: 2026/03/09-01:56:39-GMT  BuildTime: Aug  4 2022 06:17:15  BuildStamp: freesurfer-linux-ubuntu22_x86_64-7.3.2-20220804-6354275  User: oesteban  Machine: dna063  Platform: Linux  PlatformVersion: 5.14.0-427.37.1.el9_4.x86_64  CompilerName: GCC  CompilerVersion: 8.4.0
7.3.2

ProgramName: mri_robust_register  ProgramArguments: mri_robust_register -all-info  ProgramVersion: 7.3.2  TimeStamp: 2026/03/09-01:56:39-GMT  BuildTime: Aug  4 2022 06:17:15  BuildStamp: freesurfer-linux-ubuntu22_x86_64-7.3.2-20220804-6354275  User: oesteban  Machine: dna063  Platform: Linux  PlatformVersion: 5.14.0-427.37.1.el9_4.x86_64  CompilerName: GCC  CompilerVersion: 8.4.0
7.3.2

ProgramName: mri_robust_template  ProgramArguments: mri_robust_template -all-info  ProgramVersion: 7.3.2  TimeStamp: 2026/03/09-01:56:39-GMT  BuildTime: Aug  4 2022 06:17:15  BuildStamp: freesurfer-linux-ubuntu22_x86_64-7.3.2-20220804-6354275  User: oesteban  Machine: dna063  Platform: Linux  PlatformVersion: 5.14.0-427.37.1.el9_4.x86_64  CompilerName: GCC  CompilerVersion: 8.4.0
ProgramName: mris_anatomical_stats  ProgramArguments: mris_anatomical_stats -all-info  ProgramVersion: 7.3.2  TimeStamp: 2026/03/09-01:56:39-GMT  BuildTime: Aug  4 2022 06:17:15  BuildStamp: freesurfer-linux-ubuntu22_x86_64-7.3.2-20220804-6354275  User: oesteban  Machine: dna063  Platform: Linux  PlatformVersion: 5.14.0-427.37.1.el9_4.x86_64  CompilerName: GCC  CompilerVersion: 8.4.0
ProgramName: mris_ca_label  ProgramArguments: mris_ca_label -all-info  ProgramVersion: 7.3.2  TimeStamp: 2026/03/09-01:56:39-GMT  BuildTime: Aug  4 2022 06:17:15  BuildStamp: freesurfer-linux-ubuntu22_x86_64-7.3.2-20220804-6354275  User: oesteban  Machine: dna063  Platform: Linux  PlatformVersion: 5.14.0-427.37.1.el9_4.x86_64  CompilerName: GCC  CompilerVersion: 8.4.0
ProgramName: mris_calc  ProgramArguments: mris_calc -all-info  ProgramVersion: 7.3.2  TimeStamp: 2026/03/09-01:56:39-GMT  BuildTime: Aug  4 2022 06:17:15  BuildStamp: freesurfer-linux-ubuntu22_x86_64-7.3.2-20220804-6354275  User: oesteban  Machine: dna063  Platform: Linux  PlatformVersion: 5.14.0-427.37.1.el9_4.x86_64  CompilerName: GCC  CompilerVersion: 8.4.0
ProgramName: mris_convert  ProgramArguments: mris_convert -all-info  ProgramVersion: 7.3.2  TimeStamp: 2026/03/09-01:56:39-GMT  BuildTime: Aug  4 2022 06:17:15  BuildStamp: freesurfer-linux-ubuntu22_x86_64-7.3.2-20220804-6354275  User: oesteban  Machine: dna063  Platform: Linux  PlatformVersion: 5.14.0-427.37.1.el9_4.x86_64  CompilerName: GCC  CompilerVersion: 8.4.0
ProgramName: mris_curvature  ProgramArguments: mris_curvature -all-info  ProgramVersion: 7.3.2  TimeStamp: 2026/03/09-01:56:39-GMT  BuildTime: Aug  4 2022 06:17:15  BuildStamp: freesurfer-linux-ubuntu22_x86_64-7.3.2-20220804-6354275  User: oesteban  Machine: dna063  Platform: Linux  PlatformVersion: 5.14.0-427.37.1.el9_4.x86_64  CompilerName: GCC  CompilerVersion: 8.4.0
ProgramName: mris_curvature_stats  ProgramArguments: mris_curvature_stats -all-info  ProgramVersion: 7.3.2  TimeStamp: 2026/03/09-01:56:39-GMT  BuildTime: Aug  4 2022 06:17:15  BuildStamp: freesurfer-linux-ubuntu22_x86_64-7.3.2-20220804-6354275  User: oesteban  Machine: dna063  Platform: Linux  PlatformVersion: 5.14.0-427.37.1.el9_4.x86_64  CompilerName: GCC  CompilerVersion: 8.4.0
ProgramName: mris_diff  ProgramArguments: mris_diff -all-info  ProgramVersion: 7.3.2  TimeStamp: 2026/03/09-01:56:39-GMT  BuildTime: Aug  4 2022 06:17:15  BuildStamp: freesurfer-linux-ubuntu22_x86_64-7.3.2-20220804-6354275  User: oesteban  Machine: dna063  Platform: Linux  PlatformVersion: 5.14.0-427.37.1.el9_4.x86_64  CompilerName: GCC  CompilerVersion: 8.4.0
ProgramName: mris_divide_parcellation  ProgramArguments: mris_divide_parcellation -all-info  ProgramVersion: 7.3.2  TimeStamp: 2026/03/09-01:56:39-GMT  BuildTime: Aug  4 2022 06:17:15  BuildStamp: freesurfer-linux-ubuntu22_x86_64-7.3.2-20220804-6354275  User: oesteban  Machine: dna063  Platform: Linux  PlatformVersion: 5.14.0-427.37.1.el9_4.x86_64  CompilerName: GCC  CompilerVersion: 8.4.0
ProgramName: mri_segment  ProgramArguments: mri_segment -all-info  ProgramVersion: 7.3.2  TimeStamp: 2026/03/09-01:56:39-GMT  BuildTime: Aug  4 2022 06:17:15  BuildStamp: freesurfer-linux-ubuntu22_x86_64-7.3.2-20220804-6354275  User: oesteban  Machine: dna063  Platform: Linux  PlatformVersion: 5.14.0-427.37.1.el9_4.x86_64  CompilerName: GCC  CompilerVersion: 8.4.0
ProgramName: mri_segstats  ProgramArguments: mri_segstats -all-info  ProgramVersion: 7.3.2  TimeStamp: 2026/03/09-01:56:39-GMT  BuildTime: Aug  4 2022 06:17:15  BuildStamp: freesurfer-linux-ubuntu22_x86_64-7.3.2-20220804-6354275  User: oesteban  Machine: dna063  Platform: Linux  PlatformVersion: 5.14.0-427.37.1.el9_4.x86_64  CompilerName: GCC  CompilerVersion: 8.4.0
ProgramName: mris_euler_number  ProgramArguments: mris_euler_number -all-info  ProgramVersion: 7.3.2  TimeStamp: 2026/03/09-01:56:39-GMT  BuildTime: Aug  4 2022 06:17:15  BuildStamp: freesurfer-linux-ubuntu22_x86_64-7.3.2-20220804-6354275  User: oesteban  Machine: dna063  Platform: Linux  PlatformVersion: 5.14.0-427.37.1.el9_4.x86_64  CompilerName: GCC  CompilerVersion: 8.4.0
ProgramName: mris_fix_topology  ProgramArguments: mris_fix_topology -all-info  ProgramVersion: 7.3.2  TimeStamp: 2026/03/09-01:56:39-GMT  BuildTime: Aug  4 2022 06:17:15  BuildStamp: freesurfer-linux-ubuntu22_x86_64-7.3.2-20220804-6354275  User: oesteban  Machine: dna063  Platform: Linux  PlatformVersion: 5.14.0-427.37.1.el9_4.x86_64  CompilerName: GCC  CompilerVersion: 8.4.0
ProgramName: mris_topo_fixer  ProgramArguments: mris_topo_fixer -all-info  ProgramVersion: 7.3.2  TimeStamp: 2026/03/09-01:56:39-GMT  BuildTime: Aug  4 2022 06:17:15  BuildStamp: freesurfer-linux-ubuntu22_x86_64-7.3.2-20220804-6354275  User: oesteban  Machine: dna063  Platform: Linux  PlatformVersion: 5.14.0-427.37.1.el9_4.x86_64  CompilerName: GCC  CompilerVersion: 8.4.0
ProgramName: mris_jacobian  ProgramArguments: mris_jacobian -all-info  ProgramVersion: 7.3.2  TimeStamp: 2026/03/09-01:56:39-GMT  BuildTime: Aug  4 2022 06:17:15  BuildStamp: freesurfer-linux-ubuntu22_x86_64-7.3.2-20220804-6354275  User: oesteban  Machine: dna063  Platform: Linux  PlatformVersion: 5.14.0-427.37.1.el9_4.x86_64  CompilerName: GCC  CompilerVersion: 8.4.0
ProgramName: mris_label2annot  ProgramArguments: mris_label2annot -all-info  ProgramVersion: 7.3.2  TimeStamp: 2026/03/09-01:56:39-GMT  BuildTime: Aug  4 2022 06:17:15  BuildStamp: freesurfer-linux-ubuntu22_x86_64-7.3.2-20220804-6354275  User: oesteban  Machine: dna063  Platform: Linux  PlatformVersion: 5.14.0-427.37.1.el9_4.x86_64  CompilerName: GCC  CompilerVersion: 8.4.0
ProgramName: mris_left_right_register  ProgramArguments: mris_left_right_register -all-info  ProgramVersion: 7.3.2  TimeStamp: 2026/03/09-01:56:39-GMT  BuildTime: Aug  4 2022 06:17:15  BuildStamp: freesurfer-linux-ubuntu22_x86_64-7.3.2-20220804-6354275  User: oesteban  Machine: dna063  Platform: Linux  PlatformVersion: 5.14.0-427.37.1.el9_4.x86_64  CompilerName: GCC  CompilerVersion: 8.4.0
ProgramName: mris_place_surface  ProgramArguments: mris_place_surface -all-info  ProgramVersion: 7.3.2  TimeStamp: 2026/03/09-01:56:39-GMT  BuildTime: Aug  4 2022 06:17:15  BuildStamp: freesurfer-linux-ubuntu22_x86_64-7.3.2-20220804-6354275  User: oesteban  Machine: dna063  Platform: Linux  PlatformVersion: 5.14.0-427.37.1.el9_4.x86_64  CompilerName: GCC  CompilerVersion: 8.4.0
ProgramName: mrisp_paint  ProgramArguments: mrisp_paint -all-info  ProgramVersion: 7.3.2  TimeStamp: 2026/03/09-01:56:39-GMT  BuildTime: Aug  4 2022 06:17:15  BuildStamp: freesurfer-linux-ubuntu22_x86_64-7.3.2-20220804-6354275  User: oesteban  Machine: dna063  Platform: Linux  PlatformVersion: 5.14.0-427.37.1.el9_4.x86_64  CompilerName: GCC  CompilerVersion: 8.4.0
ProgramName: mris_register  ProgramArguments: mris_register -all-info  ProgramVersion: 7.3.2  TimeStamp: 2026/03/09-01:56:39-GMT  BuildTime: Aug  4 2022 06:17:15  BuildStamp: freesurfer-linux-ubuntu22_x86_64-7.3.2-20220804-6354275  User: oesteban  Machine: dna063  Platform: Linux  PlatformVersion: 5.14.0-427.37.1.el9_4.x86_64  CompilerName: GCC  CompilerVersion: 8.4.0
ProgramName: mris_smooth  ProgramArguments: mris_smooth -all-info  ProgramVersion: 7.3.2  TimeStamp: 2026/03/09-01:56:39-GMT  BuildTime: Aug  4 2022 06:17:15  BuildStamp: freesurfer-linux-ubuntu22_x86_64-7.3.2-20220804-6354275  User: oesteban  Machine: dna063  Platform: Linux  PlatformVersion: 5.14.0-427.37.1.el9_4.x86_64  CompilerName: GCC  CompilerVersion: 8.4.0
ProgramName: mris_sphere  ProgramArguments: mris_sphere -all-info  ProgramVersion: 7.3.2  TimeStamp: 2026/03/09-01:56:39-GMT  BuildTime: Aug  4 2022 06:17:15  BuildStamp: freesurfer-linux-ubuntu22_x86_64-7.3.2-20220804-6354275  User: oesteban  Machine: dna063  Platform: Linux  PlatformVersion: 5.14.0-427.37.1.el9_4.x86_64  CompilerName: GCC  CompilerVersion: 8.4.0
ProgramName: mris_surface_stats  ProgramArguments: mris_surface_stats -all-info  ProgramVersion: 7.3.2  TimeStamp: 2026/03/09-01:56:39-GMT  BuildTime: Aug  4 2022 06:17:15  BuildStamp: freesurfer-linux-ubuntu22_x86_64-7.3.2-20220804-6354275  User: oesteban  Machine: dna063  Platform: Linux  PlatformVersion: 5.14.0-427.37.1.el9_4.x86_64  CompilerName: GCC  CompilerVersion: 8.4.0
ProgramName: mri_stats2seg  ProgramArguments: mri_stats2seg -all-info  ProgramVersion: 7.3.2  TimeStamp: 2026/03/09-01:56:39-GMT  BuildTime: Aug  4 2022 06:17:15  BuildStamp: freesurfer-linux-ubuntu22_x86_64-7.3.2-20220804-6354275  User: oesteban  Machine: dna063  Platform: Linux  PlatformVersion: 5.14.0-427.37.1.el9_4.x86_64  CompilerName: GCC  CompilerVersion: 8.4.0
ProgramName: mris_thickness  ProgramArguments: mris_thickness -all-info  ProgramVersion: 7.3.2  TimeStamp: 2026/03/09-01:56:39-GMT  BuildTime: Aug  4 2022 06:17:15  BuildStamp: freesurfer-linux-ubuntu22_x86_64-7.3.2-20220804-6354275  User: oesteban  Machine: dna063  Platform: Linux  PlatformVersion: 5.14.0-427.37.1.el9_4.x86_64  CompilerName: GCC  CompilerVersion: 8.4.0
ProgramName: mris_thickness_diff  ProgramArguments: mris_thickness_diff -all-info  ProgramVersion: 7.3.2  TimeStamp: 2026/03/09-01:56:39-GMT  BuildTime: Aug  4 2022 06:17:15  BuildStamp: freesurfer-linux-ubuntu22_x86_64-7.3.2-20220804-6354275  User: oesteban  Machine: dna063  Platform: Linux  PlatformVersion: 5.14.0-427.37.1.el9_4.x86_64  CompilerName: GCC  CompilerVersion: 8.4.0
ProgramName: mris_topo_fixer  ProgramArguments: mris_topo_fixer -all-info  ProgramVersion: 7.3.2  TimeStamp: 2026/03/09-01:56:39-GMT  BuildTime: Aug  4 2022 06:17:15  BuildStamp: freesurfer-linux-ubuntu22_x86_64-7.3.2-20220804-6354275  User: oesteban  Machine: dna063  Platform: Linux  PlatformVersion: 5.14.0-427.37.1.el9_4.x86_64  CompilerName: GCC  CompilerVersion: 8.4.0
ProgramName: mri_surf2surf  ProgramArguments: mri_surf2surf -all-info  ProgramVersion: 7.3.2  TimeStamp: 2026/03/09-01:56:39-GMT  BuildTime: Aug  4 2022 06:17:15  BuildStamp: freesurfer-linux-ubuntu22_x86_64-7.3.2-20220804-6354275  User: oesteban  Machine: dna063  Platform: Linux  PlatformVersion: 5.14.0-427.37.1.el9_4.x86_64  CompilerName: GCC  CompilerVersion: 8.4.0
ProgramName: mri_surf2vol  ProgramArguments: mri_surf2vol -all-info  ProgramVersion: 7.3.2  TimeStamp: 2026/03/09-01:56:39-GMT  BuildTime: Aug  4 2022 06:17:15  BuildStamp: freesurfer-linux-ubuntu22_x86_64-7.3.2-20220804-6354275  User: oesteban  Machine: dna063  Platform: Linux  PlatformVersion: 5.14.0-427.37.1.el9_4.x86_64  CompilerName: GCC  CompilerVersion: 8.4.0
ProgramName: mri_surfcluster  ProgramArguments: mri_surfcluster -all-info  ProgramVersion: 7.3.2  TimeStamp: 2026/03/09-01:56:39-GMT  BuildTime: Aug  4 2022 06:17:15  BuildStamp: freesurfer-linux-ubuntu22_x86_64-7.3.2-20220804-6354275  User: oesteban  Machine: dna063  Platform: Linux  PlatformVersion: 5.14.0-427.37.1.el9_4.x86_64  CompilerName: GCC  CompilerVersion: 8.4.0
ProgramName: mris_volmask  ProgramArguments: mris_volmask -all-info  ProgramVersion: 7.3.2  TimeStamp: 2026/03/09-01:56:39-GMT  BuildTime: Aug  4 2022 06:17:15  BuildStamp: freesurfer-linux-ubuntu22_x86_64-7.3.2-20220804-6354275  User: oesteban  Machine: dna063  Platform: Linux  PlatformVersion: 5.14.0-427.37.1.el9_4.x86_64  CompilerName: GCC  CompilerVersion: 8.4.0
ProgramName: mri_tessellate  ProgramArguments: mri_tessellate -all-info  ProgramVersion: 7.3.2  TimeStamp: 2026/03/09-01:56:39-GMT  BuildTime: Aug  4 2022 06:17:15  BuildStamp: freesurfer-linux-ubuntu22_x86_64-7.3.2-20220804-6354275  User: oesteban  Machine: dna063  Platform: Linux  PlatformVersion: 5.14.0-427.37.1.el9_4.x86_64  CompilerName: GCC  CompilerVersion: 8.4.0
ProgramName: mri_vol2surf  ProgramArguments: mri_vol2surf -all-info  ProgramVersion: 7.3.2  TimeStamp: 2026/03/09-01:56:39-GMT  BuildTime: Aug  4 2022 06:17:15  BuildStamp: freesurfer-linux-ubuntu22_x86_64-7.3.2-20220804-6354275  User: oesteban  Machine: dna063  Platform: Linux  PlatformVersion: 5.14.0-427.37.1.el9_4.x86_64  CompilerName: GCC  CompilerVersion: 8.4.0
ProgramName: mri_vol2vol  ProgramArguments: mri_vol2vol -all-info  ProgramVersion: 7.3.2  TimeStamp: 2026/03/09-01:56:39-GMT  BuildTime: Aug  4 2022 06:17:15  BuildStamp: freesurfer-linux-ubuntu22_x86_64-7.3.2-20220804-6354275  User: oesteban  Machine: dna063  Platform: Linux  PlatformVersion: 5.14.0-427.37.1.el9_4.x86_64  CompilerName: GCC  CompilerVersion: 8.4.0
ProgramName: mri_voldiff  ProgramArguments: mri_voldiff -all-info  ProgramVersion: 7.3.2  TimeStamp: 2026/03/09-01:56:39-GMT  BuildTime: Aug  4 2022 06:17:15  BuildStamp: freesurfer-linux-ubuntu22_x86_64-7.3.2-20220804-6354275  User: oesteban  Machine: dna063  Platform: Linux  PlatformVersion: 5.14.0-427.37.1.el9_4.x86_64  CompilerName: GCC  CompilerVersion: 8.4.0
ProgramName: mri_watershed  ProgramArguments: mri_watershed -all-info  ProgramVersion: 7.3.2  TimeStamp: 2026/03/09-01:56:39-GMT  BuildTime: Aug  4 2022 06:17:15  BuildStamp: freesurfer-linux-ubuntu22_x86_64-7.3.2-20220804-6354275  User: oesteban  Machine: dna063  Platform: Linux  PlatformVersion: 5.14.0-427.37.1.el9_4.x86_64  CompilerName: GCC  CompilerVersion: 8.4.0
ProgramName: tkregister2  ProgramArguments: tkregister2_cmdl -all-info  ProgramVersion: 7.3.2  TimeStamp: 2026/03/09-01:56:39-GMT  BuildTime: Aug  4 2022 06:17:15  BuildStamp: freesurfer-linux-ubuntu22_x86_64-7.3.2-20220804-6354275  User: oesteban  Machine: dna063  Platform: Linux  PlatformVersion: 5.14.0-427.37.1.el9_4.x86_64  CompilerName: GCC  CompilerVersion: 8.4.0
mri_motion_correct.fsl 7.3.2
mri_convert -all-info 
ProgramName: mri_convert  ProgramArguments: mri_convert -all-info  ProgramVersion: 7.3.2  TimeStamp: 2026/03/09-01:56:39-GMT  BuildTime: Aug  4 2022 06:17:15  BuildStamp: freesurfer-linux-ubuntu22_x86_64-7.3.2-20220804-6354275  User: oesteban  Machine: dna063  Platform: Linux  PlatformVersion: 5.14.0-427.37.1.el9_4.x86_64  CompilerName: GCC  CompilerVersion: 8.4.0
Program nu_correct, built from:
Package MNI N3, version 1.12.0, compiled by nicks@terrier (x86_64-unknown-linux-gnu) on 2015-06-19 at 01:25:34
#######################################
GCADIR /opt/freesurfer/average
GCA RB_all_2020-01-02.gca
GCASkull RB_all_withskull_2020_01_02.gca
AvgCurvTif folding.atlas.acfb40.noaparc.i12.2016-08-02.tif
GCSDIR /opt/freesurfer/average
GCS DKaparc.atlas.acfb40.noaparc.i12.2016-08-02.gcs
#######################################
#@# white curv lh Mon Mar  9 02:56:39 CET 2026
cd /out/sourcedata/freesurfer/sub-v1s16x0051199_ses-1/mri
mris_place_surface --curv-map ../surf/lh.white 2 10 ../surf/lh.curv
   Update not needed
#@# white area lh Mon Mar  9 02:56:39 CET 2026
cd /out/sourcedata/freesurfer/sub-v1s16x0051199_ses-1/mri
mris_place_surface --area-map ../surf/lh.white ../surf/lh.area
   Update not needed
#@# pial curv lh Mon Mar  9 02:56:39 CET 2026
cd /out/sourcedata/freesurfer/sub-v1s16x0051199_ses-1/mri
mris_place_surface --curv-map ../surf/lh.pial 2 10 ../surf/lh.curv.pial
   Update not needed
#@# pial area lh Mon Mar  9 02:56:39 CET 2026
cd /out/sourcedata/freesurfer/sub-v1s16x0051199_ses-1/mri
mris_place_surface --area-map ../surf/lh.pial ../surf/lh.area.pial
   Update not needed
#@# thickness lh Mon Mar  9 02:56:39 CET 2026
cd /out/sourcedata/freesurfer/sub-v1s16x0051199_ses-1/mri
mris_place_surface --thickness ../surf/lh.white ../surf/lh.pial 20 5 ../surf/lh.thickness
   Update not needed
#@# area and vertex vol lh Mon Mar  9 02:56:39 CET 2026
cd /out/sourcedata/freesurfer/sub-v1s16x0051199_ses-1/mri
mris_place_surface --thickness ../surf/lh.white ../surf/lh.pial 20 5 ../surf/lh.thickness
   Update not needed
#@# white curv rh Mon Mar  9 02:56:39 CET 2026
cd /out/sourcedata/freesurfer/sub-v1s16x0051199_ses-1/mri
mris_place_surface --curv-map ../surf/rh.white 2 10 ../surf/rh.curv
   Update not needed
#@# white area rh Mon Mar  9 02:56:39 CET 2026
cd /out/sourcedata/freesurfer/sub-v1s16x0051199_ses-1/mri
mris_place_surface --area-map ../surf/rh.white ../surf/rh.area
   Update not needed
#@# pial curv rh Mon Mar  9 02:56:39 CET 2026
cd /out/sourcedata/freesurfer/sub-v1s16x0051199_ses-1/mri
mris_place_surface --curv-map ../surf/rh.pial 2 10 ../surf/rh.curv.pial
   Update not needed
#@# pial area rh Mon Mar  9 02:56:39 CET 2026
cd /out/sourcedata/freesurfer/sub-v1s16x0051199_ses-1/mri
mris_place_surface --area-map ../surf/rh.pial ../surf/rh.area.pial
   Update not needed
#@# thickness rh Mon Mar  9 02:56:39 CET 2026
cd /out/sourcedata/freesurfer/sub-v1s16x0051199_ses-1/mri
mris_place_surface --thickness ../surf/rh.white ../surf/rh.pial 20 5 ../surf/rh.thickness
   Update not needed
#@# area and vertex vol rh Mon Mar  9 02:56:39 CET 2026
cd /out/sourcedata/freesurfer/sub-v1s16x0051199_ses-1/mri
mris_place_surface --thickness ../surf/rh.white ../surf/rh.pial 20 5 ../surf/rh.thickness
   Update not needed
#--------------------------------------------
#@# Cortical ribbon mask Mon Mar  9 02:56:39 CET 2026
/out/sourcedata/freesurfer/sub-v1s16x0051199_ses-1/mri

 mris_volmask --aseg_name aseg.presurf --label_left_white 2 --label_left_ribbon 3 --label_right_white 41 --label_right_ribbon 42 --save_ribbon sub-v1s16x0051199_ses-1 

SUBJECTS_DIR is /out/sourcedata/freesurfer
loading input data...
Running hemis serially
Processing left hemi
computing distance to left white surface 
computing distance to left pial surface 
Processing right hemi
computing distance to right white surface 
computing distance to right pial surface 
 hemi masks overlap voxels = 130
writing volume /out/sourcedata/freesurfer/sub-v1s16x0051199_ses-1/mri/ribbon.mgz
mris_volmask took 3.34 minutes
 writing ribbon files

Started at Mon Mar 9 02:56:39 CET 2026 
Ended   at Mon Mar 9 03:00:00 CET 2026
#@#%# recon-all-run-time-hours 0.056
recon-all -s sub-v1s16x0051199_ses-1 finished without error at Mon Mar  9 03:00:00 CET 2026



#New# invocation of recon-all 




Mon Mar  9 03:04:08 CET 2026
cd /out/sourcedata/freesurfer/sub-v1s16x0051199_ses-1
setenv SUBJECTS_DIR /out/sourcedata/freesurfer
/opt/freesurfer/bin/recon-all -autorecon3 -openmp 16 -subjid sub-v1s16x0051199_ses-1 -sd /out/sourcedata/freesurfer -nosphere -nosurfreg -nojacobian_white -noavgcurv -nocortparc -nopial -noparcstats -nocortparc2 -noparcstats2 -nocortparc3 -noparcstats3 -nopctsurfcon -nocortribbon -nobalabels

subjid sub-v1s16x0051199_ses-1
setenv SUBJECTS_DIR /out/sourcedata/freesurfer
FREESURFER_HOME /opt/freesurfer
Actual FREESURFER_HOME /opt/freesurfer
build-stamp.txt: freesurfer-linux-ubuntu22_x86_64-7.3.2-20220804-6354275
Linux dna063 5.14.0-427.37.1.el9_4.x86_64 #1 SMP PREEMPT_DYNAMIC Fri Sep 13 12:41:50 EDT 2024 x86_64 x86_64 x86_64 GNU/Linux
cputime      unlimited
filesize     unlimited
datasize     unlimited
stacksize    8192 kbytes
coredumpsize 0 kbytes
memoryuse    67108864 kbytes
vmemoryuse   unlimited
descriptors  1024 
memorylocked unlimited
maxproc      2061970 
maxlocks     unlimited
maxsignal    2061970 
maxmessage   819200 
maxnice      0 
maxrtprio    0 
maxrttime    unlimited

               total        used        free      shared  buff/cache   available
Mem:           503Gi        50Gi       332Gi        10Gi       121Gi       439Gi
Swap:             0B          0B          0B

########################################
program versions used
7.3.2 (freesurfer-linux-ubuntu22_x86_64-7.3.2-20220804-6354275)
7.3.2

ProgramName: lta_convert  ProgramArguments: lta_convert -all-info  ProgramVersion: 7.3.2  TimeStamp: 2026/03/09-02:04:08-GMT  BuildTime: Aug  4 2022 06:17:15  BuildStamp: freesurfer-linux-ubuntu22_x86_64-7.3.2-20220804-6354275  User: oesteban  Machine: dna063  Platform: Linux  PlatformVersion: 5.14.0-427.37.1.el9_4.x86_64  CompilerName: GCC  CompilerVersion: 8.4.0
ProgramName: mri_and  ProgramArguments: mri_and -all-info  ProgramVersion: 7.3.2  TimeStamp: 2026/03/09-02:04:08-GMT  BuildTime: Aug  4 2022 06:17:15  BuildStamp: freesurfer-linux-ubuntu22_x86_64-7.3.2-20220804-6354275  User: oesteban  Machine: dna063  Platform: Linux  PlatformVersion: 5.14.0-427.37.1.el9_4.x86_64  CompilerName: GCC  CompilerVersion: 8.4.0
ProgramName: mri_annotation2label  ProgramArguments: mri_annotation2label -all-info  ProgramVersion: 7.3.2  TimeStamp: 2026/03/09-02:04:08-GMT  BuildTime: Aug  4 2022 06:17:15  BuildStamp: freesurfer-linux-ubuntu22_x86_64-7.3.2-20220804-6354275  User: oesteban  Machine: dna063  Platform: Linux  PlatformVersion: 5.14.0-427.37.1.el9_4.x86_64  CompilerName: GCC  CompilerVersion: 8.4.0
ProgramName: mri_aparc2aseg  ProgramArguments: mri_aparc2aseg -all-info  ProgramVersion: 7.3.2  TimeStamp: 2026/03/09-02:04:08-GMT  BuildTime: Aug  4 2022 06:17:15  BuildStamp: freesurfer-linux-ubuntu22_x86_64-7.3.2-20220804-6354275  User: oesteban  Machine: dna063  Platform: Linux  PlatformVersion: 5.14.0-427.37.1.el9_4.x86_64  CompilerName: GCC  CompilerVersion: 8.4.0
ProgramName: mri_surf2volseg  ProgramArguments: mri_surf2volseg -all-info  ProgramVersion: 7.3.2  TimeStamp: 2026/03/09-02:04:08-GMT  BuildTime: Aug  4 2022 06:17:15  BuildStamp: freesurfer-linux-ubuntu22_x86_64-7.3.2-20220804-6354275  User: oesteban  Machine: dna063  Platform: Linux  PlatformVersion: 5.14.0-427.37.1.el9_4.x86_64  CompilerName: GCC  CompilerVersion: 8.4.0
ProgramName: mri_binarize  ProgramArguments: mri_binarize -all-info  ProgramVersion: 7.3.2  TimeStamp: 2026/03/09-02:04:08-GMT  BuildTime: Aug  4 2022 06:17:15  BuildStamp: freesurfer-linux-ubuntu22_x86_64-7.3.2-20220804-6354275  User: oesteban  Machine: dna063  Platform: Linux  PlatformVersion: 5.14.0-427.37.1.el9_4.x86_64  CompilerName: GCC  CompilerVersion: 8.4.0
ProgramName: mri_ca_label  ProgramArguments: mri_ca_label -all-info  ProgramVersion: 7.3.2  TimeStamp: 2026/03/09-02:04:08-GMT  BuildTime: Aug  4 2022 06:17:15  BuildStamp: freesurfer-linux-ubuntu22_x86_64-7.3.2-20220804-6354275  User: oesteban  Machine: dna063  Platform: Linux  PlatformVersion: 5.14.0-427.37.1.el9_4.x86_64  CompilerName: GCC  CompilerVersion: 8.4.0
ProgramName: mri_ca_normalize  ProgramArguments: mri_ca_normalize -all-info  ProgramVersion: 7.3.2  TimeStamp: 2026/03/09-02:04:08-GMT  BuildTime: Aug  4 2022 06:17:15  BuildStamp: freesurfer-linux-ubuntu22_x86_64-7.3.2-20220804-6354275  User: oesteban  Machine: dna063  Platform: Linux  PlatformVersion: 5.14.0-427.37.1.el9_4.x86_64  CompilerName: GCC  CompilerVersion: 8.4.0
ProgramName: mri_ca_register  ProgramArguments: mri_ca_register -all-info  ProgramVersion: 7.3.2  TimeStamp: 2026/03/09-02:04:08-GMT  BuildTime: Aug  4 2022 06:17:15  BuildStamp: freesurfer-linux-ubuntu22_x86_64-7.3.2-20220804-6354275  User: oesteban  Machine: dna063  Platform: Linux  PlatformVersion: 5.14.0-427.37.1.el9_4.x86_64  CompilerName: GCC  CompilerVersion: 8.4.0
ProgramName: mri_cc  ProgramArguments: mri_cc -all-info  ProgramVersion: 7.3.2  TimeStamp: 2026/03/09-02:04:08-GMT  BuildTime: Aug  4 2022 06:17:15  BuildStamp: freesurfer-linux-ubuntu22_x86_64-7.3.2-20220804-6354275  User: oesteban  Machine: dna063  Platform: Linux  PlatformVersion: 5.14.0-427.37.1.el9_4.x86_64  CompilerName: GCC  CompilerVersion: 8.4.0
ProgramName: mri_compute_overlap  ProgramArguments: mri_compute_overlap -all-info  ProgramVersion: 7.3.2  TimeStamp: 2026/03/09-02:04:08-GMT  BuildTime: Aug  4 2022 06:17:15  BuildStamp: freesurfer-linux-ubuntu22_x86_64-7.3.2-20220804-6354275  User: oesteban  Machine: dna063  Platform: Linux  PlatformVersion: 5.14.0-427.37.1.el9_4.x86_64  CompilerName: GCC  CompilerVersion: 8.4.0
ProgramName: mri_compute_seg_overlap  ProgramArguments: mri_compute_seg_overlap -all-info  ProgramVersion: 7.3.2  TimeStamp: 2026/03/09-02:04:08-GMT  BuildTime: Aug  4 2022 06:17:15  BuildStamp: freesurfer-linux-ubuntu22_x86_64-7.3.2-20220804-6354275  User: oesteban  Machine: dna063  Platform: Linux  PlatformVersion: 5.14.0-427.37.1.el9_4.x86_64  CompilerName: GCC  CompilerVersion: 8.4.0
ProgramName: mri_concat  ProgramArguments: mri_concat -all-info  ProgramVersion: 7.3.2  TimeStamp: 2026/03/09-02:04:08-GMT  BuildTime: Aug  4 2022 06:17:15  BuildStamp: freesurfer-linux-ubuntu22_x86_64-7.3.2-20220804-6354275  User: oesteban  Machine: dna063  Platform: Linux  PlatformVersion: 5.14.0-427.37.1.el9_4.x86_64  CompilerName: GCC  CompilerVersion: 8.4.0
ProgramName: mri_concatenate_lta  ProgramArguments: mri_concatenate_lta -all-info  ProgramVersion: 7.3.2  TimeStamp: 2026/03/09-02:04:08-GMT  BuildTime: Aug  4 2022 06:17:15  BuildStamp: freesurfer-linux-ubuntu22_x86_64-7.3.2-20220804-6354275  User: oesteban  Machine: dna063  Platform: Linux  PlatformVersion: 5.14.0-427.37.1.el9_4.x86_64  CompilerName: GCC  CompilerVersion: 8.4.0
mri_convert -all-info 
ProgramName: mri_convert  ProgramArguments: mri_convert -all-info  ProgramVersion: 7.3.2  TimeStamp: 2026/03/09-02:04:08-GMT  BuildTime: Aug  4 2022 06:17:15  BuildStamp: freesurfer-linux-ubuntu22_x86_64-7.3.2-20220804-6354275  User: oesteban  Machine: dna063  Platform: Linux  PlatformVersion: 5.14.0-427.37.1.el9_4.x86_64  CompilerName: GCC  CompilerVersion: 8.4.0
ProgramName: mri_diff  ProgramArguments: mri_diff -all-info  ProgramVersion: 7.3.2  TimeStamp: 2026/03/09-02:04:08-GMT  BuildTime: Aug  4 2022 06:17:15  BuildStamp: freesurfer-linux-ubuntu22_x86_64-7.3.2-20220804-6354275  User: oesteban  Machine: dna063  Platform: Linux  PlatformVersion: 5.14.0-427.37.1.el9_4.x86_64  CompilerName: GCC  CompilerVersion: 8.4.0
ProgramName: mri_edit_wm_with_aseg  ProgramArguments: mri_edit_wm_with_aseg -all-info  ProgramVersion: 7.3.2  TimeStamp: 2026/03/09-02:04:08-GMT  BuildTime: Aug  4 2022 06:17:15  BuildStamp: freesurfer-linux-ubuntu22_x86_64-7.3.2-20220804-6354275  User: oesteban  Machine: dna063  Platform: Linux  PlatformVersion: 5.14.0-427.37.1.el9_4.x86_64  CompilerName: GCC  CompilerVersion: 8.4.0
ProgramName: mri_em_register  ProgramArguments: mri_em_register -all-info  ProgramVersion: 7.3.2  TimeStamp: 2026/03/09-02:04:08-GMT  BuildTime: Aug  4 2022 06:17:15  BuildStamp: freesurfer-linux-ubuntu22_x86_64-7.3.2-20220804-6354275  User: oesteban  Machine: dna063  Platform: Linux  PlatformVersion: 5.14.0-427.37.1.el9_4.x86_64  CompilerName: GCC  CompilerVersion: 8.4.0
ProgramName: mri_fill  ProgramArguments: mri_fill -all-info  ProgramVersion: 7.3.2  TimeStamp: 2026/03/09-02:04:08-GMT  BuildTime: Aug  4 2022 06:17:15  BuildStamp: freesurfer-linux-ubuntu22_x86_64-7.3.2-20220804-6354275  User: oesteban  Machine: dna063  Platform: Linux  PlatformVersion: 5.14.0-427.37.1.el9_4.x86_64  CompilerName: GCC  CompilerVersion: 8.4.0
ProgramName: mri_fuse_segmentations  ProgramArguments: mri_fuse_segmentations -all-info  ProgramVersion: 7.3.2  TimeStamp: 2026/03/09-02:04:08-GMT  BuildTime: Aug  4 2022 06:17:15  BuildStamp: freesurfer-linux-ubuntu22_x86_64-7.3.2-20220804-6354275  User: oesteban  Machine: dna063  Platform: Linux  PlatformVersion: 5.14.0-427.37.1.el9_4.x86_64  CompilerName: GCC  CompilerVersion: 8.4.0
ProgramName: mri_fwhm  ProgramArguments: mri_fwhm -all-info  ProgramVersion: 7.3.2  TimeStamp: 2026/03/09-02:04:08-GMT  BuildTime: Aug  4 2022 06:17:15  BuildStamp: freesurfer-linux-ubuntu22_x86_64-7.3.2-20220804-6354275  User: oesteban  Machine: dna063  Platform: Linux  PlatformVersion: 5.14.0-427.37.1.el9_4.x86_64  CompilerName: GCC  CompilerVersion: 8.4.0
ProgramName: mri_gcut  ProgramArguments: mri_gcut -all-info  ProgramVersion: 7.3.2  TimeStamp: 2026/03/09-02:04:08-GMT  BuildTime: Aug  4 2022 06:17:15  BuildStamp: freesurfer-linux-ubuntu22_x86_64-7.3.2-20220804-6354275  User: oesteban  Machine: dna063  Platform: Linux  PlatformVersion: 5.14.0-427.37.1.el9_4.x86_64  CompilerName: GCC  CompilerVersion: 8.4.0
ProgramName: mri_info  ProgramArguments: mri_info -all-info  ProgramVersion: 7.3.2  TimeStamp: 2026/03/09-02:04:08-GMT  BuildTime: Aug  4 2022 06:17:15  BuildStamp: freesurfer-linux-ubuntu22_x86_64-7.3.2-20220804-6354275  User: oesteban  Machine: dna063  Platform: Linux  PlatformVersion: 5.14.0-427.37.1.el9_4.x86_64  CompilerName: GCC  CompilerVersion: 8.4.0
ProgramName: mri_label2label  ProgramArguments: mri_label2label -all-info  ProgramVersion: 7.3.2  TimeStamp: 2026/03/09-02:04:08-GMT  BuildTime: Aug  4 2022 06:17:15  BuildStamp: freesurfer-linux-ubuntu22_x86_64-7.3.2-20220804-6354275  User: oesteban  Machine: dna063  Platform: Linux  PlatformVersion: 5.14.0-427.37.1.el9_4.x86_64  CompilerName: GCC  CompilerVersion: 8.4.0
ProgramName: mri_label2vol  ProgramArguments: mri_label2vol -all-info  ProgramVersion: 7.3.2  TimeStamp: 2026/03/09-02:04:08-GMT  BuildTime: Aug  4 2022 06:17:15  BuildStamp: freesurfer-linux-ubuntu22_x86_64-7.3.2-20220804-6354275  User: oesteban  Machine: dna063  Platform: Linux  PlatformVersion: 5.14.0-427.37.1.el9_4.x86_64  CompilerName: GCC  CompilerVersion: 8.4.0
ProgramName: mri_log_likelihood  ProgramArguments: mri_log_likelihood -all-info  ProgramVersion: 7.3.2  TimeStamp: 2026/03/09-02:04:08-GMT  BuildTime: Aug  4 2022 06:17:15  BuildStamp: freesurfer-linux-ubuntu22_x86_64-7.3.2-20220804-6354275  User: oesteban  Machine: dna063  Platform: Linux  PlatformVersion: 5.14.0-427.37.1.el9_4.x86_64  CompilerName: GCC  CompilerVersion: 8.4.0
ProgramName: mri_mask  ProgramArguments: mri_mask -all-info  ProgramVersion: 7.3.2  TimeStamp: 2026/03/09-02:04:08-GMT  BuildTime: Aug  4 2022 06:17:15  BuildStamp: freesurfer-linux-ubuntu22_x86_64-7.3.2-20220804-6354275  User: oesteban  Machine: dna063  Platform: Linux  PlatformVersion: 5.14.0-427.37.1.el9_4.x86_64  CompilerName: GCC  CompilerVersion: 8.4.0
ProgramName: mri_matrix_multiply  ProgramArguments: mri_matrix_multiply -all-info  ProgramVersion: 7.3.2  TimeStamp: 2026/03/09-02:04:08-GMT  BuildTime: Aug  4 2022 06:17:15  BuildStamp: freesurfer-linux-ubuntu22_x86_64-7.3.2-20220804-6354275  User: oesteban  Machine: dna063  Platform: Linux  PlatformVersion: 5.14.0-427.37.1.el9_4.x86_64  CompilerName: GCC  CompilerVersion: 8.4.0
ProgramName: mri_normalize  ProgramArguments: mri_normalize -all-info  ProgramVersion: 7.3.2  TimeStamp: 2026/03/09-02:04:08-GMT  BuildTime: Aug  4 2022 06:17:15  BuildStamp: freesurfer-linux-ubuntu22_x86_64-7.3.2-20220804-6354275  User: oesteban  Machine: dna063  Platform: Linux  PlatformVersion: 5.14.0-427.37.1.el9_4.x86_64  CompilerName: GCC  CompilerVersion: 8.4.0
ProgramName: mri_normalize_tp2  ProgramArguments: mri_normalize_tp2 -all-info  ProgramVersion: 7.3.2  TimeStamp: 2026/03/09-02:04:08-GMT  BuildTime: Aug  4 2022 06:17:15  BuildStamp: freesurfer-linux-ubuntu22_x86_64-7.3.2-20220804-6354275  User: oesteban  Machine: dna063  Platform: Linux  PlatformVersion: 5.14.0-427.37.1.el9_4.x86_64  CompilerName: GCC  CompilerVersion: 8.4.0
ProgramName: mri_or  ProgramArguments: mri_or -all-info  ProgramVersion: 7.3.2  TimeStamp: 2026/03/09-02:04:08-GMT  BuildTime: Aug  4 2022 06:17:15  BuildStamp: freesurfer-linux-ubuntu22_x86_64-7.3.2-20220804-6354275  User: oesteban  Machine: dna063  Platform: Linux  PlatformVersion: 5.14.0-427.37.1.el9_4.x86_64  CompilerName: GCC  CompilerVersion: 8.4.0
ProgramName: mri_relabel_hypointensities  ProgramArguments: mri_relabel_hypointensities -all-info  ProgramVersion: 7.3.2  TimeStamp: 2026/03/09-02:04:08-GMT  BuildTime: Aug  4 2022 06:17:15  BuildStamp: freesurfer-linux-ubuntu22_x86_64-7.3.2-20220804-6354275  User: oesteban  Machine: dna063  Platform: Linux  PlatformVersion: 5.14.0-427.37.1.el9_4.x86_64  CompilerName: GCC  CompilerVersion: 8.4.0
ProgramName: mri_relabel_nonwm_hypos  ProgramArguments: mri_relabel_nonwm_hypos -all-info  ProgramVersion: 7.3.2  TimeStamp: 2026/03/09-02:04:08-GMT  BuildTime: Aug  4 2022 06:17:15  BuildStamp: freesurfer-linux-ubuntu22_x86_64-7.3.2-20220804-6354275  User: oesteban  Machine: dna063  Platform: Linux  PlatformVersion: 5.14.0-427.37.1.el9_4.x86_64  CompilerName: GCC  CompilerVersion: 8.4.0
ProgramName: mri_remove_neck  ProgramArguments: mri_remove_neck -all-info  ProgramVersion: 7.3.2  TimeStamp: 2026/03/09-02:04:08-GMT  BuildTime: Aug  4 2022 06:17:15  BuildStamp: freesurfer-linux-ubuntu22_x86_64-7.3.2-20220804-6354275  User: oesteban  Machine: dna063  Platform: Linux  PlatformVersion: 5.14.0-427.37.1.el9_4.x86_64  CompilerName: GCC  CompilerVersion: 8.4.0
7.3.2

ProgramName: mri_robust_register  ProgramArguments: mri_robust_register -all-info  ProgramVersion: 7.3.2  TimeStamp: 2026/03/09-02:04:08-GMT  BuildTime: Aug  4 2022 06:17:15  BuildStamp: freesurfer-linux-ubuntu22_x86_64-7.3.2-20220804-6354275  User: oesteban  Machine: dna063  Platform: Linux  PlatformVersion: 5.14.0-427.37.1.el9_4.x86_64  CompilerName: GCC  CompilerVersion: 8.4.0
7.3.2

ProgramName: mri_robust_template  ProgramArguments: mri_robust_template -all-info  ProgramVersion: 7.3.2  TimeStamp: 2026/03/09-02:04:08-GMT  BuildTime: Aug  4 2022 06:17:15  BuildStamp: freesurfer-linux-ubuntu22_x86_64-7.3.2-20220804-6354275  User: oesteban  Machine: dna063  Platform: Linux  PlatformVersion: 5.14.0-427.37.1.el9_4.x86_64  CompilerName: GCC  CompilerVersion: 8.4.0
ProgramName: mris_anatomical_stats  ProgramArguments: mris_anatomical_stats -all-info  ProgramVersion: 7.3.2  TimeStamp: 2026/03/09-02:04:08-GMT  BuildTime: Aug  4 2022 06:17:15  BuildStamp: freesurfer-linux-ubuntu22_x86_64-7.3.2-20220804-6354275  User: oesteban  Machine: dna063  Platform: Linux  PlatformVersion: 5.14.0-427.37.1.el9_4.x86_64  CompilerName: GCC  CompilerVersion: 8.4.0
ProgramName: mris_ca_label  ProgramArguments: mris_ca_label -all-info  ProgramVersion: 7.3.2  TimeStamp: 2026/03/09-02:04:08-GMT  BuildTime: Aug  4 2022 06:17:15  BuildStamp: freesurfer-linux-ubuntu22_x86_64-7.3.2-20220804-6354275  User: oesteban  Machine: dna063  Platform: Linux  PlatformVersion: 5.14.0-427.37.1.el9_4.x86_64  CompilerName: GCC  CompilerVersion: 8.4.0
ProgramName: mris_calc  ProgramArguments: mris_calc -all-info  ProgramVersion: 7.3.2  TimeStamp: 2026/03/09-02:04:08-GMT  BuildTime: Aug  4 2022 06:17:15  BuildStamp: freesurfer-linux-ubuntu22_x86_64-7.3.2-20220804-6354275  User: oesteban  Machine: dna063  Platform: Linux  PlatformVersion: 5.14.0-427.37.1.el9_4.x86_64  CompilerName: GCC  CompilerVersion: 8.4.0
ProgramName: mris_convert  ProgramArguments: mris_convert -all-info  ProgramVersion: 7.3.2  TimeStamp: 2026/03/09-02:04:08-GMT  BuildTime: Aug  4 2022 06:17:15  BuildStamp: freesurfer-linux-ubuntu22_x86_64-7.3.2-20220804-6354275  User: oesteban  Machine: dna063  Platform: Linux  PlatformVersion: 5.14.0-427.37.1.el9_4.x86_64  CompilerName: GCC  CompilerVersion: 8.4.0
ProgramName: mris_curvature  ProgramArguments: mris_curvature -all-info  ProgramVersion: 7.3.2  TimeStamp: 2026/03/09-02:04:08-GMT  BuildTime: Aug  4 2022 06:17:15  BuildStamp: freesurfer-linux-ubuntu22_x86_64-7.3.2-20220804-6354275  User: oesteban  Machine: dna063  Platform: Linux  PlatformVersion: 5.14.0-427.37.1.el9_4.x86_64  CompilerName: GCC  CompilerVersion: 8.4.0
ProgramName: mris_curvature_stats  ProgramArguments: mris_curvature_stats -all-info  ProgramVersion: 7.3.2  TimeStamp: 2026/03/09-02:04:08-GMT  BuildTime: Aug  4 2022 06:17:15  BuildStamp: freesurfer-linux-ubuntu22_x86_64-7.3.2-20220804-6354275  User: oesteban  Machine: dna063  Platform: Linux  PlatformVersion: 5.14.0-427.37.1.el9_4.x86_64  CompilerName: GCC  CompilerVersion: 8.4.0
ProgramName: mris_diff  ProgramArguments: mris_diff -all-info  ProgramVersion: 7.3.2  TimeStamp: 2026/03/09-02:04:08-GMT  BuildTime: Aug  4 2022 06:17:15  BuildStamp: freesurfer-linux-ubuntu22_x86_64-7.3.2-20220804-6354275  User: oesteban  Machine: dna063  Platform: Linux  PlatformVersion: 5.14.0-427.37.1.el9_4.x86_64  CompilerName: GCC  CompilerVersion: 8.4.0
ProgramName: mris_divide_parcellation  ProgramArguments: mris_divide_parcellation -all-info  ProgramVersion: 7.3.2  TimeStamp: 2026/03/09-02:04:08-GMT  BuildTime: Aug  4 2022 06:17:15  BuildStamp: freesurfer-linux-ubuntu22_x86_64-7.3.2-20220804-6354275  User: oesteban  Machine: dna063  Platform: Linux  PlatformVersion: 5.14.0-427.37.1.el9_4.x86_64  CompilerName: GCC  CompilerVersion: 8.4.0
ProgramName: mri_segment  ProgramArguments: mri_segment -all-info  ProgramVersion: 7.3.2  TimeStamp: 2026/03/09-02:04:08-GMT  BuildTime: Aug  4 2022 06:17:15  BuildStamp: freesurfer-linux-ubuntu22_x86_64-7.3.2-20220804-6354275  User: oesteban  Machine: dna063  Platform: Linux  PlatformVersion: 5.14.0-427.37.1.el9_4.x86_64  CompilerName: GCC  CompilerVersion: 8.4.0
ProgramName: mri_segstats  ProgramArguments: mri_segstats -all-info  ProgramVersion: 7.3.2  TimeStamp: 2026/03/09-02:04:08-GMT  BuildTime: Aug  4 2022 06:17:15  BuildStamp: freesurfer-linux-ubuntu22_x86_64-7.3.2-20220804-6354275  User: oesteban  Machine: dna063  Platform: Linux  PlatformVersion: 5.14.0-427.37.1.el9_4.x86_64  CompilerName: GCC  CompilerVersion: 8.4.0
ProgramName: mris_euler_number  ProgramArguments: mris_euler_number -all-info  ProgramVersion: 7.3.2  TimeStamp: 2026/03/09-02:04:08-GMT  BuildTime: Aug  4 2022 06:17:15  BuildStamp: freesurfer-linux-ubuntu22_x86_64-7.3.2-20220804-6354275  User: oesteban  Machine: dna063  Platform: Linux  PlatformVersion: 5.14.0-427.37.1.el9_4.x86_64  CompilerName: GCC  CompilerVersion: 8.4.0
ProgramName: mris_fix_topology  ProgramArguments: mris_fix_topology -all-info  ProgramVersion: 7.3.2  TimeStamp: 2026/03/09-02:04:08-GMT  BuildTime: Aug  4 2022 06:17:15  BuildStamp: freesurfer-linux-ubuntu22_x86_64-7.3.2-20220804-6354275  User: oesteban  Machine: dna063  Platform: Linux  PlatformVersion: 5.14.0-427.37.1.el9_4.x86_64  CompilerName: GCC  CompilerVersion: 8.4.0
ProgramName: mris_topo_fixer  ProgramArguments: mris_topo_fixer -all-info  ProgramVersion: 7.3.2  TimeStamp: 2026/03/09-02:04:08-GMT  BuildTime: Aug  4 2022 06:17:15  BuildStamp: freesurfer-linux-ubuntu22_x86_64-7.3.2-20220804-6354275  User: oesteban  Machine: dna063  Platform: Linux  PlatformVersion: 5.14.0-427.37.1.el9_4.x86_64  CompilerName: GCC  CompilerVersion: 8.4.0
ProgramName: mris_jacobian  ProgramArguments: mris_jacobian -all-info  ProgramVersion: 7.3.2  TimeStamp: 2026/03/09-02:04:08-GMT  BuildTime: Aug  4 2022 06:17:15  BuildStamp: freesurfer-linux-ubuntu22_x86_64-7.3.2-20220804-6354275  User: oesteban  Machine: dna063  Platform: Linux  PlatformVersion: 5.14.0-427.37.1.el9_4.x86_64  CompilerName: GCC  CompilerVersion: 8.4.0
ProgramName: mris_label2annot  ProgramArguments: mris_label2annot -all-info  ProgramVersion: 7.3.2  TimeStamp: 2026/03/09-02:04:08-GMT  BuildTime: Aug  4 2022 06:17:15  BuildStamp: freesurfer-linux-ubuntu22_x86_64-7.3.2-20220804-6354275  User: oesteban  Machine: dna063  Platform: Linux  PlatformVersion: 5.14.0-427.37.1.el9_4.x86_64  CompilerName: GCC  CompilerVersion: 8.4.0
ProgramName: mris_left_right_register  ProgramArguments: mris_left_right_register -all-info  ProgramVersion: 7.3.2  TimeStamp: 2026/03/09-02:04:08-GMT  BuildTime: Aug  4 2022 06:17:15  BuildStamp: freesurfer-linux-ubuntu22_x86_64-7.3.2-20220804-6354275  User: oesteban  Machine: dna063  Platform: Linux  PlatformVersion: 5.14.0-427.37.1.el9_4.x86_64  CompilerName: GCC  CompilerVersion: 8.4.0
ProgramName: mris_place_surface  ProgramArguments: mris_place_surface -all-info  ProgramVersion: 7.3.2  TimeStamp: 2026/03/09-02:04:08-GMT  BuildTime: Aug  4 2022 06:17:15  BuildStamp: freesurfer-linux-ubuntu22_x86_64-7.3.2-20220804-6354275  User: oesteban  Machine: dna063  Platform: Linux  PlatformVersion: 5.14.0-427.37.1.el9_4.x86_64  CompilerName: GCC  CompilerVersion: 8.4.0
ProgramName: mrisp_paint  ProgramArguments: mrisp_paint -all-info  ProgramVersion: 7.3.2  TimeStamp: 2026/03/09-02:04:08-GMT  BuildTime: Aug  4 2022 06:17:15  BuildStamp: freesurfer-linux-ubuntu22_x86_64-7.3.2-20220804-6354275  User: oesteban  Machine: dna063  Platform: Linux  PlatformVersion: 5.14.0-427.37.1.el9_4.x86_64  CompilerName: GCC  CompilerVersion: 8.4.0
ProgramName: mris_register  ProgramArguments: mris_register -all-info  ProgramVersion: 7.3.2  TimeStamp: 2026/03/09-02:04:08-GMT  BuildTime: Aug  4 2022 06:17:15  BuildStamp: freesurfer-linux-ubuntu22_x86_64-7.3.2-20220804-6354275  User: oesteban  Machine: dna063  Platform: Linux  PlatformVersion: 5.14.0-427.37.1.el9_4.x86_64  CompilerName: GCC  CompilerVersion: 8.4.0
ProgramName: mris_smooth  ProgramArguments: mris_smooth -all-info  ProgramVersion: 7.3.2  TimeStamp: 2026/03/09-02:04:08-GMT  BuildTime: Aug  4 2022 06:17:15  BuildStamp: freesurfer-linux-ubuntu22_x86_64-7.3.2-20220804-6354275  User: oesteban  Machine: dna063  Platform: Linux  PlatformVersion: 5.14.0-427.37.1.el9_4.x86_64  CompilerName: GCC  CompilerVersion: 8.4.0
ProgramName: mris_sphere  ProgramArguments: mris_sphere -all-info  ProgramVersion: 7.3.2  TimeStamp: 2026/03/09-02:04:08-GMT  BuildTime: Aug  4 2022 06:17:15  BuildStamp: freesurfer-linux-ubuntu22_x86_64-7.3.2-20220804-6354275  User: oesteban  Machine: dna063  Platform: Linux  PlatformVersion: 5.14.0-427.37.1.el9_4.x86_64  CompilerName: GCC  CompilerVersion: 8.4.0
ProgramName: mris_surface_stats  ProgramArguments: mris_surface_stats -all-info  ProgramVersion: 7.3.2  TimeStamp: 2026/03/09-02:04:08-GMT  BuildTime: Aug  4 2022 06:17:15  BuildStamp: freesurfer-linux-ubuntu22_x86_64-7.3.2-20220804-6354275  User: oesteban  Machine: dna063  Platform: Linux  PlatformVersion: 5.14.0-427.37.1.el9_4.x86_64  CompilerName: GCC  CompilerVersion: 8.4.0
ProgramName: mri_stats2seg  ProgramArguments: mri_stats2seg -all-info  ProgramVersion: 7.3.2  TimeStamp: 2026/03/09-02:04:08-GMT  BuildTime: Aug  4 2022 06:17:15  BuildStamp: freesurfer-linux-ubuntu22_x86_64-7.3.2-20220804-6354275  User: oesteban  Machine: dna063  Platform: Linux  PlatformVersion: 5.14.0-427.37.1.el9_4.x86_64  CompilerName: GCC  CompilerVersion: 8.4.0
ProgramName: mris_thickness  ProgramArguments: mris_thickness -all-info  ProgramVersion: 7.3.2  TimeStamp: 2026/03/09-02:04:08-GMT  BuildTime: Aug  4 2022 06:17:15  BuildStamp: freesurfer-linux-ubuntu22_x86_64-7.3.2-20220804-6354275  User: oesteban  Machine: dna063  Platform: Linux  PlatformVersion: 5.14.0-427.37.1.el9_4.x86_64  CompilerName: GCC  CompilerVersion: 8.4.0
ProgramName: mris_thickness_diff  ProgramArguments: mris_thickness_diff -all-info  ProgramVersion: 7.3.2  TimeStamp: 2026/03/09-02:04:08-GMT  BuildTime: Aug  4 2022 06:17:15  BuildStamp: freesurfer-linux-ubuntu22_x86_64-7.3.2-20220804-6354275  User: oesteban  Machine: dna063  Platform: Linux  PlatformVersion: 5.14.0-427.37.1.el9_4.x86_64  CompilerName: GCC  CompilerVersion: 8.4.0
ProgramName: mris_topo_fixer  ProgramArguments: mris_topo_fixer -all-info  ProgramVersion: 7.3.2  TimeStamp: 2026/03/09-02:04:08-GMT  BuildTime: Aug  4 2022 06:17:15  BuildStamp: freesurfer-linux-ubuntu22_x86_64-7.3.2-20220804-6354275  User: oesteban  Machine: dna063  Platform: Linux  PlatformVersion: 5.14.0-427.37.1.el9_4.x86_64  CompilerName: GCC  CompilerVersion: 8.4.0
ProgramName: mri_surf2surf  ProgramArguments: mri_surf2surf -all-info  ProgramVersion: 7.3.2  TimeStamp: 2026/03/09-02:04:08-GMT  BuildTime: Aug  4 2022 06:17:15  BuildStamp: freesurfer-linux-ubuntu22_x86_64-7.3.2-20220804-6354275  User: oesteban  Machine: dna063  Platform: Linux  PlatformVersion: 5.14.0-427.37.1.el9_4.x86_64  CompilerName: GCC  CompilerVersion: 8.4.0
ProgramName: mri_surf2vol  ProgramArguments: mri_surf2vol -all-info  ProgramVersion: 7.3.2  TimeStamp: 2026/03/09-02:04:08-GMT  BuildTime: Aug  4 2022 06:17:15  BuildStamp: freesurfer-linux-ubuntu22_x86_64-7.3.2-20220804-6354275  User: oesteban  Machine: dna063  Platform: Linux  PlatformVersion: 5.14.0-427.37.1.el9_4.x86_64  CompilerName: GCC  CompilerVersion: 8.4.0
ProgramName: mri_surfcluster  ProgramArguments: mri_surfcluster -all-info  ProgramVersion: 7.3.2  TimeStamp: 2026/03/09-02:04:08-GMT  BuildTime: Aug  4 2022 06:17:15  BuildStamp: freesurfer-linux-ubuntu22_x86_64-7.3.2-20220804-6354275  User: oesteban  Machine: dna063  Platform: Linux  PlatformVersion: 5.14.0-427.37.1.el9_4.x86_64  CompilerName: GCC  CompilerVersion: 8.4.0
ProgramName: mris_volmask  ProgramArguments: mris_volmask -all-info  ProgramVersion: 7.3.2  TimeStamp: 2026/03/09-02:04:08-GMT  BuildTime: Aug  4 2022 06:17:15  BuildStamp: freesurfer-linux-ubuntu22_x86_64-7.3.2-20220804-6354275  User: oesteban  Machine: dna063  Platform: Linux  PlatformVersion: 5.14.0-427.37.1.el9_4.x86_64  CompilerName: GCC  CompilerVersion: 8.4.0
ProgramName: mri_tessellate  ProgramArguments: mri_tessellate -all-info  ProgramVersion: 7.3.2  TimeStamp: 2026/03/09-02:04:08-GMT  BuildTime: Aug  4 2022 06:17:15  BuildStamp: freesurfer-linux-ubuntu22_x86_64-7.3.2-20220804-6354275  User: oesteban  Machine: dna063  Platform: Linux  PlatformVersion: 5.14.0-427.37.1.el9_4.x86_64  CompilerName: GCC  CompilerVersion: 8.4.0
ProgramName: mri_vol2surf  ProgramArguments: mri_vol2surf -all-info  ProgramVersion: 7.3.2  TimeStamp: 2026/03/09-02:04:08-GMT  BuildTime: Aug  4 2022 06:17:15  BuildStamp: freesurfer-linux-ubuntu22_x86_64-7.3.2-20220804-6354275  User: oesteban  Machine: dna063  Platform: Linux  PlatformVersion: 5.14.0-427.37.1.el9_4.x86_64  CompilerName: GCC  CompilerVersion: 8.4.0
ProgramName: mri_vol2vol  ProgramArguments: mri_vol2vol -all-info  ProgramVersion: 7.3.2  TimeStamp: 2026/03/09-02:04:08-GMT  BuildTime: Aug  4 2022 06:17:15  BuildStamp: freesurfer-linux-ubuntu22_x86_64-7.3.2-20220804-6354275  User: oesteban  Machine: dna063  Platform: Linux  PlatformVersion: 5.14.0-427.37.1.el9_4.x86_64  CompilerName: GCC  CompilerVersion: 8.4.0
ProgramName: mri_voldiff  ProgramArguments: mri_voldiff -all-info  ProgramVersion: 7.3.2  TimeStamp: 2026/03/09-02:04:08-GMT  BuildTime: Aug  4 2022 06:17:15  BuildStamp: freesurfer-linux-ubuntu22_x86_64-7.3.2-20220804-6354275  User: oesteban  Machine: dna063  Platform: Linux  PlatformVersion: 5.14.0-427.37.1.el9_4.x86_64  CompilerName: GCC  CompilerVersion: 8.4.0
ProgramName: mri_watershed  ProgramArguments: mri_watershed -all-info  ProgramVersion: 7.3.2  TimeStamp: 2026/03/09-02:04:08-GMT  BuildTime: Aug  4 2022 06:17:15  BuildStamp: freesurfer-linux-ubuntu22_x86_64-7.3.2-20220804-6354275  User: oesteban  Machine: dna063  Platform: Linux  PlatformVersion: 5.14.0-427.37.1.el9_4.x86_64  CompilerName: GCC  CompilerVersion: 8.4.0
ProgramName: tkregister2  ProgramArguments: tkregister2_cmdl -all-info  ProgramVersion: 7.3.2  TimeStamp: 2026/03/09-02:04:08-GMT  BuildTime: Aug  4 2022 06:17:15  BuildStamp: freesurfer-linux-ubuntu22_x86_64-7.3.2-20220804-6354275  User: oesteban  Machine: dna063  Platform: Linux  PlatformVersion: 5.14.0-427.37.1.el9_4.x86_64  CompilerName: GCC  CompilerVersion: 8.4.0
mri_motion_correct.fsl 7.3.2
mri_convert -all-info 
ProgramName: mri_convert  ProgramArguments: mri_convert -all-info  ProgramVersion: 7.3.2  TimeStamp: 2026/03/09-02:04:08-GMT  BuildTime: Aug  4 2022 06:17:15  BuildStamp: freesurfer-linux-ubuntu22_x86_64-7.3.2-20220804-6354275  User: oesteban  Machine: dna063  Platform: Linux  PlatformVersion: 5.14.0-427.37.1.el9_4.x86_64  CompilerName: GCC  CompilerVersion: 8.4.0
Program nu_correct, built from:
Package MNI N3, version 1.12.0, compiled by nicks@terrier (x86_64-unknown-linux-gnu) on 2015-06-19 at 01:25:34
#######################################
GCADIR /opt/freesurfer/average
GCA RB_all_2020-01-02.gca
GCASkull RB_all_withskull_2020_01_02.gca
AvgCurvTif folding.atlas.acfb40.noaparc.i12.2016-08-02.tif
GCSDIR /opt/freesurfer/average
GCS DKaparc.atlas.acfb40.noaparc.i12.2016-08-02.gcs
#######################################
#--------------------------------------------
#@# WhiteSurfs lh Mon Mar  9 03:04:08 CET 2026
cd /out/sourcedata/freesurfer/sub-v1s16x0051199_ses-1/mri
mris_place_surface --adgws-in ../surf/autodet.gw.stats.lh.dat --seg aseg.presurf.mgz --threads 16 --wm wm.mgz --invol brain.finalsurfs.mgz --lh --i ../surf/lh.white.preaparc --o ../surf/lh.white --white --nsmooth 0 --rip-label ../label/lh.cortex.label --rip-bg --rip-surf ../surf/lh.white.preaparc --aparc ../label/lh.aparc.annot
   Update not needed
#--------------------------------------------
#@# WhiteSurfs rh Mon Mar  9 03:04:08 CET 2026
cd /out/sourcedata/freesurfer/sub-v1s16x0051199_ses-1/mri
mris_place_surface --adgws-in ../surf/autodet.gw.stats.rh.dat --seg aseg.presurf.mgz --threads 16 --wm wm.mgz --invol brain.finalsurfs.mgz --rh --i ../surf/rh.white.preaparc --o ../surf/rh.white --white --nsmooth 0 --rip-label ../label/rh.cortex.label --rip-bg --rip-surf ../surf/rh.white.preaparc --aparc ../label/rh.aparc.annot
   Update not needed
#@# white curv lh Mon Mar  9 03:04:08 CET 2026
cd /out/sourcedata/freesurfer/sub-v1s16x0051199_ses-1/mri
mris_place_surface --curv-map ../surf/lh.white 2 10 ../surf/lh.curv
   Update not needed
#@# white area lh Mon Mar  9 03:04:08 CET 2026
cd /out/sourcedata/freesurfer/sub-v1s16x0051199_ses-1/mri
mris_place_surface --area-map ../surf/lh.white ../surf/lh.area
   Update not needed
#@# pial curv lh Mon Mar  9 03:04:08 CET 2026
cd /out/sourcedata/freesurfer/sub-v1s16x0051199_ses-1/mri
mris_place_surface --curv-map ../surf/lh.pial 2 10 ../surf/lh.curv.pial
   Update not needed
#@# pial area lh Mon Mar  9 03:04:08 CET 2026
cd /out/sourcedata/freesurfer/sub-v1s16x0051199_ses-1/mri
mris_place_surface --area-map ../surf/lh.pial ../surf/lh.area.pial
   Update not needed
#@# thickness lh Mon Mar  9 03:04:08 CET 2026
cd /out/sourcedata/freesurfer/sub-v1s16x0051199_ses-1/mri
mris_place_surface --thickness ../surf/lh.white ../surf/lh.pial 20 5 ../surf/lh.thickness
   Update not needed
#@# area and vertex vol lh Mon Mar  9 03:04:08 CET 2026
cd /out/sourcedata/freesurfer/sub-v1s16x0051199_ses-1/mri
mris_place_surface --thickness ../surf/lh.white ../surf/lh.pial 20 5 ../surf/lh.thickness
   Update not needed
#@# white curv rh Mon Mar  9 03:04:08 CET 2026
cd /out/sourcedata/freesurfer/sub-v1s16x0051199_ses-1/mri
mris_place_surface --curv-map ../surf/rh.white 2 10 ../surf/rh.curv
   Update not needed
#@# white area rh Mon Mar  9 03:04:08 CET 2026
cd /out/sourcedata/freesurfer/sub-v1s16x0051199_ses-1/mri
mris_place_surface --area-map ../surf/rh.white ../surf/rh.area
   Update not needed
#@# pial curv rh Mon Mar  9 03:04:08 CET 2026
cd /out/sourcedata/freesurfer/sub-v1s16x0051199_ses-1/mri
mris_place_surface --curv-map ../surf/rh.pial 2 10 ../surf/rh.curv.pial
   Update not needed
#@# pial area rh Mon Mar  9 03:04:08 CET 2026
cd /out/sourcedata/freesurfer/sub-v1s16x0051199_ses-1/mri
mris_place_surface --area-map ../surf/rh.pial ../surf/rh.area.pial
   Update not needed
#@# thickness rh Mon Mar  9 03:04:08 CET 2026
cd /out/sourcedata/freesurfer/sub-v1s16x0051199_ses-1/mri
mris_place_surface --thickness ../surf/rh.white ../surf/rh.pial 20 5 ../surf/rh.thickness
   Update not needed
#@# area and vertex vol rh Mon Mar  9 03:04:08 CET 2026
cd /out/sourcedata/freesurfer/sub-v1s16x0051199_ses-1/mri
mris_place_surface --thickness ../surf/rh.white ../surf/rh.pial 20 5 ../surf/rh.thickness
   Update not needed

#-----------------------------------------
#@# Curvature Stats lh Mon Mar  9 03:04:08 CET 2026
/out/sourcedata/freesurfer/sub-v1s16x0051199_ses-1/surf

 mris_curvature_stats -m --writeCurvatureFiles -G -o ../stats/lh.curv.stats -F smoothwm sub-v1s16x0051199_ses-1 lh curv sulc 

             Toggling save flag on curvature files                       [ ok ]
                 Outputting results using filestem   [ ../stats/lh.curv.stats ]
             Toggling save flag on curvature files                       [ ok ]
                                   Setting surface [ sub-v1s16x0051199_ses-1/lh.smoothwm ]
                                Reading surface...                       [ ok ]
                                   Setting texture                     [ curv ]
                                Reading texture...                       [ ok ]
                                   Setting texture                     [ sulc ]
                                Reading texture...Gb_filter = 0
                       [ ok ]
      Calculating Discrete Principal Curvatures...
      Determining geometric order for vno faces... [####################] [ ok ]
                      Determining KH curvatures... [####################] [ ok ]
                    Determining k1k2 curvatures... [####################] [ ok ]
                                   deltaViolations                      [ 191 ]
Gb_filter = 0

WARN:    S lookup   min:                          -0.000366
WARN:    S explicit min:                          0.000000	vertex = 742

#-----------------------------------------
#@# Curvature Stats rh Mon Mar  9 03:04:09 CET 2026
/out/sourcedata/freesurfer/sub-v1s16x0051199_ses-1/surf

 mris_curvature_stats -m --writeCurvatureFiles -G -o ../stats/rh.curv.stats -F smoothwm sub-v1s16x0051199_ses-1 rh curv sulc 

             Toggling save flag on curvature files                       [ ok ]
                 Outputting results using filestem   [ ../stats/rh.curv.stats ]
             Toggling save flag on curvature files                       [ ok ]
                                   Setting surface [ sub-v1s16x0051199_ses-1/rh.smoothwm ]
                                Reading surface...                       [ ok ]
                                   Setting texture                     [ curv ]
                                Reading texture...                       [ ok ]
                                   Setting texture                     [ sulc ]
                                Reading texture...Gb_filter = 0
                       [ ok ]
      Calculating Discrete Principal Curvatures...
      Determining geometric order for vno faces... [####################] [ ok ]
                      Determining KH curvatures... [####################] [ ok ]
                    Determining k1k2 curvatures... [####################] [ ok ]
                                   deltaViolations                      [ 196 ]
Gb_filter = 0

WARN:    S lookup   min:                          -0.226714
WARN:    S explicit min:                          0.000000	vertex = 900
#-----------------------------------------
#@# Relabel Hypointensities Mon Mar  9 03:04:11 CET 2026
/out/sourcedata/freesurfer/sub-v1s16x0051199_ses-1/mri

 mri_relabel_hypointensities aseg.presurf.mgz ../surf aseg.presurf.hypos.mgz 

reading input surface ../surf/lh.white...
relabeling lh hypointensities...
4456 voxels changed to hypointensity...
reading input surface ../surf/rh.white...
relabeling rh hypointensities...
3631 voxels changed to hypointensity...
8693 hypointense voxels neighboring cortex changed
#-----------------------------------------
#@# APas-to-ASeg Mon Mar  9 03:04:23 CET 2026
/out/sourcedata/freesurfer/sub-v1s16x0051199_ses-1/mri

 mri_surf2volseg --o aseg.mgz --i aseg.presurf.hypos.mgz --fix-presurf-with-ribbon /out/sourcedata/freesurfer/sub-v1s16x0051199_ses-1/mri/ribbon.mgz --threads 16 --lh-cortex-mask /out/sourcedata/freesurfer/sub-v1s16x0051199_ses-1/label/lh.cortex.label --lh-white /out/sourcedata/freesurfer/sub-v1s16x0051199_ses-1/surf/lh.white --lh-pial /out/sourcedata/freesurfer/sub-v1s16x0051199_ses-1/surf/lh.pial --rh-cortex-mask /out/sourcedata/freesurfer/sub-v1s16x0051199_ses-1/label/rh.cortex.label --rh-white /out/sourcedata/freesurfer/sub-v1s16x0051199_ses-1/surf/rh.white --rh-pial /out/sourcedata/freesurfer/sub-v1s16x0051199_ses-1/surf/rh.pial 

SUBJECTS_DIR /out/sourcedata/freesurfer
outvol aseg.mgz
16 avail.processors, using 16
Loading aseg.presurf.hypos.mgz
Loading /out/sourcedata/freesurfer/sub-v1s16x0051199_ses-1/mri/ribbon.mgz
Loading /out/sourcedata/freesurfer/sub-v1s16x0051199_ses-1/surf/lh.white
Loading /out/sourcedata/freesurfer/sub-v1s16x0051199_ses-1/surf/lh.pial
Loading /out/sourcedata/freesurfer/sub-v1s16x0051199_ses-1/label/lh.cortex.label
Loading /out/sourcedata/freesurfer/sub-v1s16x0051199_ses-1/surf/rh.white
Loading /out/sourcedata/freesurfer/sub-v1s16x0051199_ses-1/surf/rh.pial
Loading /out/sourcedata/freesurfer/sub-v1s16x0051199_ses-1/label/rh.cortex.label
Done loading
 48 112 176 224 144   0  80 128 208 240 192  96  16  64  32 160   1 209 241  33 193 225  17  49 177  65   2 242 194 210  34 226 161  50  18  81 129 113   3  97 243 195 211  35 227  66 145 178  51  19 
  4 244 196  36 228 212 162 130  52  82  20   5 245  67 197  37 229 213 179 
146  21  53   6 246  98 198  38 214 230 131 163  68  22 180   7 247 199 
 54 114  39 
 83 215 231 147  23   8 248 200  55  40 216 232 132  69 181 164  24  99 
  9 249 201  56  41 217 233  84  25  70 148  10 250 202  57  42 218 133 234 182  26  11 251 203  58  43 219 
165 100 235 115 149  71  12 252 204  27 183  59 
 44 220 134 236  85  13 253 205  60  45 221  28  72 237 150 166 184 101  14 254 206  46  29  61 222 238 135 185  15 255 207 151  30  47 223 239 
 62  73 167 186  31  86 116 136 102 152  63 187  74 168 188 137 153 169 189 103  87  75 117 154 138 190 170  76 191 171 155 104 139 
 88  77 172 118 156 140 105 173  78 157  89 141 174 106  79 
119 
158 142  90 175 107 159 
143 120  91 108  92 121 109  93 110 122  94 111  95 123 124 125 126 127 
nrelabeled = 198525
ndotcheck = 0
Starting Surf2VolSeg free
free done
#VMPC# mri_surf2volseg VmPeak  1777156
mri_surf2volseg done

 mri_brainvol_stats sub-v1s16x0051199_ses-1 

ComputeBrainVolumeStats2 VoxelVol=1, KeepCSF=1
  #CBVS2 MaskVol              1333292.0
  #CBVS2 BrainSegVol           985657.0
  #CBVS2 BrainSegVolNotVent    968744.0
  #CBVS2 SupraTentVol          819833.0
  #CBVS2 SupraTentVolNotVent   802920.0
  #CBVS2 lhCtxGM               193759.8
  #CBVS2 rhCtxGM               195720.9
  #CBVS2 lhCerebralWM          170800.5
  #CBVS2 rhCerebralWM          178469.5
  #CBVS2 SubCortGMVol           65369.0
  #CBVS2 CerebellumVol         165824.0
  #CBVS2 CerebellumGMVol       130206.0
  #CBVS2 VentChorVol            13837.0
  #CBVS2 3rd4th5thCSF            3076.0
  #CBVS2 AllCSF                 16913.0
  #CBVS2 CCVol                   3351.0
#-----------------------------------------
#@# AParc-to-ASeg aparc Mon Mar  9 03:04:29 CET 2026
/out/sourcedata/freesurfer/sub-v1s16x0051199_ses-1/mri

 mri_surf2volseg --o aparc+aseg.mgz --label-cortex --i aseg.mgz --threads 16 --lh-annot /out/sourcedata/freesurfer/sub-v1s16x0051199_ses-1/label/lh.aparc.annot 1000 --lh-cortex-mask /out/sourcedata/freesurfer/sub-v1s16x0051199_ses-1/label/lh.cortex.label --lh-white /out/sourcedata/freesurfer/sub-v1s16x0051199_ses-1/surf/lh.white --lh-pial /out/sourcedata/freesurfer/sub-v1s16x0051199_ses-1/surf/lh.pial --rh-annot /out/sourcedata/freesurfer/sub-v1s16x0051199_ses-1/label/rh.aparc.annot 2000 --rh-cortex-mask /out/sourcedata/freesurfer/sub-v1s16x0051199_ses-1/label/rh.cortex.label --rh-white /out/sourcedata/freesurfer/sub-v1s16x0051199_ses-1/surf/rh.white --rh-pial /out/sourcedata/freesurfer/sub-v1s16x0051199_ses-1/surf/rh.pial 

SUBJECTS_DIR /out/sourcedata/freesurfer
outvol aparc+aseg.mgz
16 avail.processors, using 16
Loading aseg.mgz
Loading /out/sourcedata/freesurfer/sub-v1s16x0051199_ses-1/surf/lh.white
Loading /out/sourcedata/freesurfer/sub-v1s16x0051199_ses-1/surf/lh.pial
Loading /out/sourcedata/freesurfer/sub-v1s16x0051199_ses-1/label/lh.cortex.label
Ripping lh vertices labeled not in lh.cortex.label
  ripped 8055 vertices from lh hemi
Loading /out/sourcedata/freesurfer/sub-v1s16x0051199_ses-1/label/lh.aparc.annot
Loading /out/sourcedata/freesurfer/sub-v1s16x0051199_ses-1/surf/rh.white
Loading /out/sourcedata/freesurfer/sub-v1s16x0051199_ses-1/surf/rh.pial
Loading /out/sourcedata/freesurfer/sub-v1s16x0051199_ses-1/label/rh.cortex.label
Ripping rh vertices labeled not in rh.cortex.label
  ripped 8420 vertices from rh hemi
Loading /out/sourcedata/freesurfer/sub-v1s16x0051199_ses-1/label/rh.aparc.annot
Done loading
144 128 112  96 176 208 224 160   0  64  48  16  32 240 192  80  17 225 209  49  33   1 241 193 210 226  18 242  50  34   2 194 211 227  19 
243  51  35   3 195 212 228  20 244  52   4  36 196 213 229  21 245  53   5  37 197 214 230  22 246  54   6  38 198 215 231  23 247  55   7  39 
199 
232 216  24 248  56   8  40 200 217 233  25 249  57   9  41 201 218 234  26 250  58  10  42 202 219 
235  27 251  59 
 11 203  43 220 236  28 252  60  12 204  44 237 221  29 253  13  61 205  45 222 238  30 254  14  46  65 206 239 223 
 31 255  15 207  47  62  63  66 113 177  67  81 129 145  97 161  68  69 178 130 114  98  70  82 146 162  71  99 
131  72 179 
147 115 163  83 100  73 132 180 101 148  74 164 181 133 116 102  84  75 182 149 134 165 103  76 183  85 135  77 117 104 150 184 166 185 136  78 186 105 187 188 189  86 167  79 
190 191 151 137 106 118 138 168 107 152  87 119 
139 
169 108 153 140  88 109 170 154 120 141 110 171  89 155 142 121 111 156 172 143  90 122 157 173 123  91 174 158 124  92 125 175 159 
126  93 127  94  95 
nrelabeled = 388253
ndotcheck = 25235
Starting Surf2VolSeg free
free done
#VMPC# mri_surf2volseg VmPeak  1760928
mri_surf2volseg done
#-----------------------------------------
#@# AParc-to-ASeg aparc.a2009s Mon Mar  9 03:04:43 CET 2026
/out/sourcedata/freesurfer/sub-v1s16x0051199_ses-1/mri

 mri_surf2volseg --o aparc.a2009s+aseg.mgz --label-cortex --i aseg.mgz --threads 16 --lh-annot /out/sourcedata/freesurfer/sub-v1s16x0051199_ses-1/label/lh.aparc.a2009s.annot 11100 --lh-cortex-mask /out/sourcedata/freesurfer/sub-v1s16x0051199_ses-1/label/lh.cortex.label --lh-white /out/sourcedata/freesurfer/sub-v1s16x0051199_ses-1/surf/lh.white --lh-pial /out/sourcedata/freesurfer/sub-v1s16x0051199_ses-1/surf/lh.pial --rh-annot /out/sourcedata/freesurfer/sub-v1s16x0051199_ses-1/label/rh.aparc.a2009s.annot 12100 --rh-cortex-mask /out/sourcedata/freesurfer/sub-v1s16x0051199_ses-1/label/rh.cortex.label --rh-white /out/sourcedata/freesurfer/sub-v1s16x0051199_ses-1/surf/rh.white --rh-pial /out/sourcedata/freesurfer/sub-v1s16x0051199_ses-1/surf/rh.pial 

SUBJECTS_DIR /out/sourcedata/freesurfer
outvol aparc.a2009s+aseg.mgz
16 avail.processors, using 16
Loading aseg.mgz
Loading /out/sourcedata/freesurfer/sub-v1s16x0051199_ses-1/surf/lh.white
Loading /out/sourcedata/freesurfer/sub-v1s16x0051199_ses-1/surf/lh.pial
Loading /out/sourcedata/freesurfer/sub-v1s16x0051199_ses-1/label/lh.cortex.label
Ripping lh vertices labeled not in lh.cortex.label
  ripped 8055 vertices from lh hemi
Loading /out/sourcedata/freesurfer/sub-v1s16x0051199_ses-1/label/lh.aparc.a2009s.annot
Loading /out/sourcedata/freesurfer/sub-v1s16x0051199_ses-1/surf/rh.white
Loading /out/sourcedata/freesurfer/sub-v1s16x0051199_ses-1/surf/rh.pial
Loading /out/sourcedata/freesurfer/sub-v1s16x0051199_ses-1/label/rh.cortex.label
Ripping rh vertices labeled not in rh.cortex.label
  ripped 8420 vertices from rh hemi
Loading /out/sourcedata/freesurfer/sub-v1s16x0051199_ses-1/label/rh.aparc.a2009s.annot
Done loading
  0 240 160 176 144  32 208  48  96 128  16  64 192  80 224 112 241 193  17 225 209  33   1  49 242  34 226 210 194  18   2  50 243  35 227 211 195  19 
  3  51 244  36 228 212 196  20   4  52 245  37 229 213 197  21   5  53 246  38 230 214 198  22   6  54 247  39 
231 215  23 199 
  7  55 248  40 232 216  24 200   8  56 249  41 233 217  25 201   9  57 250  42 234 218  26 202  10  58 251  43 235 219 
 27 203  11  59 
252  44 236 220  28 204  12  60 253  45 237  29 221 205  13  61 254  46 238  30 222  14 206 255  47 239 
 31 223  15 207  65  62  63  66 113  81 145 177 129  97  67 161 114 178  82 146 130  98  68 179 
115 147  69  99 
 83 131 162 180  70 148 100 116  84 181 132  71 101 149 182  72 117  85 133 183 163 102 150 184  73 185 134  86 103 186 118 187 151 188 189 190 191 135 104  74 164  87 152 136 119 
105 153  88  75 137 106 165 154 120  76  89 138 155 107 121  77 139 
156 108  90 166 122 140 157 109  78  91 141 123 110 158  79 
124 142 167  92 125 111 143 159 
126  93 168 127  94 169  95 170 171 172 173 174 175 
nrelabeled = 388253
ndotcheck = 25235
Starting Surf2VolSeg free
free done
#VMPC# mri_surf2volseg VmPeak  1761020
mri_surf2volseg done
#-----------------------------------------
#@# AParc-to-ASeg aparc.DKTatlas Mon Mar  9 03:04:58 CET 2026
/out/sourcedata/freesurfer/sub-v1s16x0051199_ses-1/mri

 mri_surf2volseg --o aparc.DKTatlas+aseg.mgz --label-cortex --i aseg.mgz --threads 16 --lh-annot /out/sourcedata/freesurfer/sub-v1s16x0051199_ses-1/label/lh.aparc.DKTatlas.annot 1000 --lh-cortex-mask /out/sourcedata/freesurfer/sub-v1s16x0051199_ses-1/label/lh.cortex.label --lh-white /out/sourcedata/freesurfer/sub-v1s16x0051199_ses-1/surf/lh.white --lh-pial /out/sourcedata/freesurfer/sub-v1s16x0051199_ses-1/surf/lh.pial --rh-annot /out/sourcedata/freesurfer/sub-v1s16x0051199_ses-1/label/rh.aparc.DKTatlas.annot 2000 --rh-cortex-mask /out/sourcedata/freesurfer/sub-v1s16x0051199_ses-1/label/rh.cortex.label --rh-white /out/sourcedata/freesurfer/sub-v1s16x0051199_ses-1/surf/rh.white --rh-pial /out/sourcedata/freesurfer/sub-v1s16x0051199_ses-1/surf/rh.pial 

SUBJECTS_DIR /out/sourcedata/freesurfer
outvol aparc.DKTatlas+aseg.mgz
16 avail.processors, using 16
Loading aseg.mgz
Loading /out/sourcedata/freesurfer/sub-v1s16x0051199_ses-1/surf/lh.white
Loading /out/sourcedata/freesurfer/sub-v1s16x0051199_ses-1/surf/lh.pial
Loading /out/sourcedata/freesurfer/sub-v1s16x0051199_ses-1/label/lh.cortex.label
Ripping lh vertices labeled not in lh.cortex.label
  ripped 8055 vertices from lh hemi
Loading /out/sourcedata/freesurfer/sub-v1s16x0051199_ses-1/label/lh.aparc.DKTatlas.annot
Loading /out/sourcedata/freesurfer/sub-v1s16x0051199_ses-1/surf/rh.white
Loading /out/sourcedata/freesurfer/sub-v1s16x0051199_ses-1/surf/rh.pial
Loading /out/sourcedata/freesurfer/sub-v1s16x0051199_ses-1/label/rh.cortex.label
Ripping rh vertices labeled not in rh.cortex.label
  ripped 8420 vertices from rh hemi
Loading /out/sourcedata/freesurfer/sub-v1s16x0051199_ses-1/label/rh.aparc.DKTatlas.annot
Done loading
  0  64 240 176 224 144  48  80  96 160 112 208 241  16  49 225 192 128   1 209  32 242  17  50 226   2 210  33 193 243  18  51 227   3 211  34 194 244  19 
228   4  52 212  35 195 245  20 229   5  53 213  36 196 246  21 230   6 214  54  37 197 247  22 231   7 215  55  38 198 248  23 232   8 216  56  39 
199 
249  24 233   9 217  57 200  40 250  25 234  10 218  58 201  41 251 235  26  11 219 
 59 
202 252  42 236  27  12 220  60 253 203  43 237  28  13 221 254 204  61  44 238  29  65  14 222 255 205  45 239 
 30  15 223 206  46  31 207  62  47  63  66 113 129  67  81 177 145 161  97  68 114 130  69 178 162 146  82  70 115  98  71 131  72 179 
147 163  83 132 116  99 
 73 180 148 164 133  74 100 181  84 117 149 165 101  75 134 182 150 102  76 183  85 135 118 166 151  77 184 103 136 185 152 186 167  78  86 104 187 137 119 
188 189 190 191 153  79 
105 168 138  87 154 120 106 139 
169 155  88 140 107 121 156 170 141  89 108 157 171 122 142 109 172 123  90 158 143 124 110 173  91 159 
125 111 174 126  92 127 175  93  94  95 
nrelabeled = 388253
ndotcheck = 25235
Starting Surf2VolSeg free
free done
#VMPC# mri_surf2volseg VmPeak  1761008
mri_surf2volseg done
#-----------------------------------------
#@# WMParc Mon Mar  9 03:05:12 CET 2026
/out/sourcedata/freesurfer/sub-v1s16x0051199_ses-1/mri

 mri_surf2volseg --o wmparc.mgz --label-wm --i aparc+aseg.mgz --threads 16 --lh-annot /out/sourcedata/freesurfer/sub-v1s16x0051199_ses-1/label/lh.aparc.annot 3000 --lh-cortex-mask /out/sourcedata/freesurfer/sub-v1s16x0051199_ses-1/label/lh.cortex.label --lh-white /out/sourcedata/freesurfer/sub-v1s16x0051199_ses-1/surf/lh.white --lh-pial /out/sourcedata/freesurfer/sub-v1s16x0051199_ses-1/surf/lh.pial --rh-annot /out/sourcedata/freesurfer/sub-v1s16x0051199_ses-1/label/rh.aparc.annot 4000 --rh-cortex-mask /out/sourcedata/freesurfer/sub-v1s16x0051199_ses-1/label/rh.cortex.label --rh-white /out/sourcedata/freesurfer/sub-v1s16x0051199_ses-1/surf/rh.white --rh-pial /out/sourcedata/freesurfer/sub-v1s16x0051199_ses-1/surf/rh.pial 

SUBJECTS_DIR /out/sourcedata/freesurfer
outvol wmparc.mgz
16 avail.processors, using 16
Loading aparc+aseg.mgz
Loading /out/sourcedata/freesurfer/sub-v1s16x0051199_ses-1/surf/lh.white
Loading /out/sourcedata/freesurfer/sub-v1s16x0051199_ses-1/surf/lh.pial
Loading /out/sourcedata/freesurfer/sub-v1s16x0051199_ses-1/label/lh.cortex.label
Ripping lh vertices labeled not in lh.cortex.label
  ripped 8055 vertices from lh hemi
Loading /out/sourcedata/freesurfer/sub-v1s16x0051199_ses-1/label/lh.aparc.annot
Loading /out/sourcedata/freesurfer/sub-v1s16x0051199_ses-1/surf/rh.white
Loading /out/sourcedata/freesurfer/sub-v1s16x0051199_ses-1/surf/rh.pial
Loading /out/sourcedata/freesurfer/sub-v1s16x0051199_ses-1/label/rh.cortex.label
Ripping rh vertices labeled not in rh.cortex.label
  ripped 8420 vertices from rh hemi
Loading /out/sourcedata/freesurfer/sub-v1s16x0051199_ses-1/label/rh.aparc.annot
Done loading
112 176 192 128 208 224 144  80  48 160  64 240  96  16  32   0 193  49 209 225 241  17  33  65   1 210 194 226 242  50  34  18   2  66 211 195 227 243  51  35  19 
  3 129 212 196 244 228  52  36  20   4 213 197 245 229  53  67  37  21   5 214 198 246 230  54  38  22   6 215 199 
247 231  55  39 
 23   7  68 216 200 248  56 232  40  24   8 217  57 201 249 233  41  25   9 177 218  58 202 250 234  42 130  26  69  10 219 
 59 
203 251 235  43  27  11 220  60 204 252 236  44  28  12 221  61 253 205 237  45  29  13  81 222  62 254 206 238  70  46  30  14 223  63 255 207 239 
 47  31  15 178 161 131  71 179 
 72  82 113  97 180  73 132 181 145 162 182  83  74 183 184 185 133  75 114 186 187  98 188 163 189 190 191  84  76 146 134 164  85  77 115  99 
 78  86 165 135 147 116  79 
 87 166 100 136 117  88 167 148 118 168 137  89 101 119 
169 149  90 120 170 138 121 102 171 122 123 150  91 124 172 139 
173 103  92 125 174 151 175 126 140  93 104 152 127  94 141 153 105  95 154 142 106 155 143 107 156 157 108 158 109 159 
110 111 
nrelabeled = 345919
ndotcheck = 3692
Starting Surf2VolSeg free
free done
#VMPC# mri_surf2volseg VmPeak  1768692
mri_surf2volseg done

 mri_segstats --seed 1234 --seg mri/wmparc.mgz --sum stats/wmparc.stats --pv mri/norm.mgz --excludeid 0 --brainmask mri/brainmask.mgz --in mri/norm.mgz --in-intensity-name norm --in-intensity-units MR --subject sub-v1s16x0051199_ses-1 --surf-wm-vol --ctab /opt/freesurfer/WMParcStatsLUT.txt --etiv 

setting seed for random number genererator to 1234

7.3.2
cwd 
cmdline mri_segstats --seed 1234 --seg mri/wmparc.mgz --sum stats/wmparc.stats --pv mri/norm.mgz --excludeid 0 --brainmask mri/brainmask.mgz --in mri/norm.mgz --in-intensity-name norm --in-intensity-units MR --subject sub-v1s16x0051199_ses-1 --surf-wm-vol --ctab /opt/freesurfer/WMParcStatsLUT.txt --etiv 
sysname  Linux
hostname dna063
machine  x86_64
user     oesteban
whitesurfname  white
UseRobust  0
atlas_icv (eTIV) = 1387835 mm^3    (det: 1.403701 )
Loading mri/wmparc.mgz
Getting Brain Volume Statistics
Loading mri/norm.mgz
Loading mri/norm.mgz
Voxel Volume is 1 mm^3
Generating list of segmentation ids
Found 390 segmentations
Computing statistics for each segmentation

Reporting on  70 segmentations
Using PrintSegStat
mri_segstats done
#--------------------------------------------
#@# ASeg Stats Mon Mar  9 03:08:36 CET 2026
/out/sourcedata/freesurfer/sub-v1s16x0051199_ses-1

 mri_segstats --seed 1234 --seg mri/aseg.mgz --sum stats/aseg.stats --pv mri/norm.mgz --empty --brainmask mri/brainmask.mgz --brain-vol-from-seg --excludeid 0 --excl-ctxgmwm --supratent --subcortgray --in mri/norm.mgz --in-intensity-name norm --in-intensity-units MR --etiv --surf-wm-vol --surf-ctx-vol --totalgray --euler --ctab /opt/freesurfer/ASegStatsLUT.txt --subject sub-v1s16x0051199_ses-1 

setting seed for random number genererator to 1234

7.3.2
cwd 
cmdline mri_segstats --seed 1234 --seg mri/aseg.mgz --sum stats/aseg.stats --pv mri/norm.mgz --empty --brainmask mri/brainmask.mgz --brain-vol-from-seg --excludeid 0 --excl-ctxgmwm --supratent --subcortgray --in mri/norm.mgz --in-intensity-name norm --in-intensity-units MR --etiv --surf-wm-vol --surf-ctx-vol --totalgray --euler --ctab /opt/freesurfer/ASegStatsLUT.txt --subject sub-v1s16x0051199_ses-1 
sysname  Linux
hostname dna063
machine  x86_64
user     oesteban
whitesurfname  white
UseRobust  0
atlas_icv (eTIV) = 1387835 mm^3    (det: 1.403701 )
Computing euler number
orig.nofix lheno =  -86, rheno = -106
orig.nofix lhholes =   44, rhholes = 54
Loading mri/aseg.mgz
Getting Brain Volume Statistics
Loading mri/norm.mgz
Loading mri/norm.mgz
Voxel Volume is 1 mm^3
Generating list of segmentation ids
Found  50 segmentations
Computing statistics for each segmentation

Reporting on  45 segmentations
Using PrintSegStat
mri_segstats done

Started at Mon Mar 9 03:04:08 CET 2026 
Ended   at Mon Mar 9 03:09:07 CET 2026
#@#%# recon-all-run-time-hours 0.083
recon-all -s sub-v1s16x0051199_ses-1 finished without error at Mon Mar  9 03:09:07 CET 2026
