
Sun Mar  8 23:41:24 CET 2026
cd /out/sourcedata/freesurfer/sub-v1s16x0051166_ses-1
setenv SUBJECTS_DIR /out/sourcedata/freesurfer
/opt/freesurfer/bin/recon-all -autorecon-hemi rh -noparcstats -noparcstats2 -noparcstats3 -nohyporelabel -nobalabels -rh-only -openmp 16 -subjid sub-v1s16x0051166_ses-1 -sd /out/sourcedata/freesurfer

subjid sub-v1s16x0051166_ses-1
setenv SUBJECTS_DIR /out/sourcedata/freesurfer
FREESURFER_HOME /opt/freesurfer
Actual FREESURFER_HOME /opt/freesurfer
build-stamp.txt: freesurfer-linux-ubuntu22_x86_64-7.3.2-20220804-6354275
Linux dna078 5.14.0-427.37.1.el9_4.x86_64 #1 SMP PREEMPT_DYNAMIC Fri Sep 13 12:41:50 EDT 2024 x86_64 x86_64 x86_64 GNU/Linux
cputime      unlimited
filesize     unlimited
datasize     unlimited
stacksize    8192 kbytes
coredumpsize 0 kbytes
memoryuse    67108864 kbytes
vmemoryuse   unlimited
descriptors  1024 
memorylocked unlimited
maxproc      2061970 
maxlocks     unlimited
maxsignal    2062029 
maxmessage   819200 
maxnice      0 
maxrtprio    0 
maxrttime    unlimited

               total        used        free      shared  buff/cache   available
Mem:           503Gi        52Gi       411Gi       6.5Gi        38Gi       441Gi
Swap:             0B          0B          0B

########################################
program versions used
7.3.2 (freesurfer-linux-ubuntu22_x86_64-7.3.2-20220804-6354275)
7.3.2

ProgramName: lta_convert  ProgramArguments: lta_convert -all-info  ProgramVersion: 7.3.2  TimeStamp: 2026/03/08-22:41:24-GMT  BuildTime: Aug  4 2022 06:17:15  BuildStamp: freesurfer-linux-ubuntu22_x86_64-7.3.2-20220804-6354275  User: oesteban  Machine: dna078  Platform: Linux  PlatformVersion: 5.14.0-427.37.1.el9_4.x86_64  CompilerName: GCC  CompilerVersion: 8.4.0
ProgramName: mri_and  ProgramArguments: mri_and -all-info  ProgramVersion: 7.3.2  TimeStamp: 2026/03/08-22:41:24-GMT  BuildTime: Aug  4 2022 06:17:15  BuildStamp: freesurfer-linux-ubuntu22_x86_64-7.3.2-20220804-6354275  User: oesteban  Machine: dna078  Platform: Linux  PlatformVersion: 5.14.0-427.37.1.el9_4.x86_64  CompilerName: GCC  CompilerVersion: 8.4.0
ProgramName: mri_annotation2label  ProgramArguments: mri_annotation2label -all-info  ProgramVersion: 7.3.2  TimeStamp: 2026/03/08-22:41:24-GMT  BuildTime: Aug  4 2022 06:17:15  BuildStamp: freesurfer-linux-ubuntu22_x86_64-7.3.2-20220804-6354275  User: oesteban  Machine: dna078  Platform: Linux  PlatformVersion: 5.14.0-427.37.1.el9_4.x86_64  CompilerName: GCC  CompilerVersion: 8.4.0
ProgramName: mri_aparc2aseg  ProgramArguments: mri_aparc2aseg -all-info  ProgramVersion: 7.3.2  TimeStamp: 2026/03/08-22:41:24-GMT  BuildTime: Aug  4 2022 06:17:15  BuildStamp: freesurfer-linux-ubuntu22_x86_64-7.3.2-20220804-6354275  User: oesteban  Machine: dna078  Platform: Linux  PlatformVersion: 5.14.0-427.37.1.el9_4.x86_64  CompilerName: GCC  CompilerVersion: 8.4.0
ProgramName: mri_surf2volseg  ProgramArguments: mri_surf2volseg -all-info  ProgramVersion: 7.3.2  TimeStamp: 2026/03/08-22:41:24-GMT  BuildTime: Aug  4 2022 06:17:15  BuildStamp: freesurfer-linux-ubuntu22_x86_64-7.3.2-20220804-6354275  User: oesteban  Machine: dna078  Platform: Linux  PlatformVersion: 5.14.0-427.37.1.el9_4.x86_64  CompilerName: GCC  CompilerVersion: 8.4.0
ProgramName: mri_binarize  ProgramArguments: mri_binarize -all-info  ProgramVersion: 7.3.2  TimeStamp: 2026/03/08-22:41:24-GMT  BuildTime: Aug  4 2022 06:17:15  BuildStamp: freesurfer-linux-ubuntu22_x86_64-7.3.2-20220804-6354275  User: oesteban  Machine: dna078  Platform: Linux  PlatformVersion: 5.14.0-427.37.1.el9_4.x86_64  CompilerName: GCC  CompilerVersion: 8.4.0
ProgramName: mri_ca_label  ProgramArguments: mri_ca_label -all-info  ProgramVersion: 7.3.2  TimeStamp: 2026/03/08-22:41:24-GMT  BuildTime: Aug  4 2022 06:17:15  BuildStamp: freesurfer-linux-ubuntu22_x86_64-7.3.2-20220804-6354275  User: oesteban  Machine: dna078  Platform: Linux  PlatformVersion: 5.14.0-427.37.1.el9_4.x86_64  CompilerName: GCC  CompilerVersion: 8.4.0
ProgramName: mri_ca_normalize  ProgramArguments: mri_ca_normalize -all-info  ProgramVersion: 7.3.2  TimeStamp: 2026/03/08-22:41:24-GMT  BuildTime: Aug  4 2022 06:17:15  BuildStamp: freesurfer-linux-ubuntu22_x86_64-7.3.2-20220804-6354275  User: oesteban  Machine: dna078  Platform: Linux  PlatformVersion: 5.14.0-427.37.1.el9_4.x86_64  CompilerName: GCC  CompilerVersion: 8.4.0
ProgramName: mri_ca_register  ProgramArguments: mri_ca_register -all-info  ProgramVersion: 7.3.2  TimeStamp: 2026/03/08-22:41:24-GMT  BuildTime: Aug  4 2022 06:17:15  BuildStamp: freesurfer-linux-ubuntu22_x86_64-7.3.2-20220804-6354275  User: oesteban  Machine: dna078  Platform: Linux  PlatformVersion: 5.14.0-427.37.1.el9_4.x86_64  CompilerName: GCC  CompilerVersion: 8.4.0
ProgramName: mri_cc  ProgramArguments: mri_cc -all-info  ProgramVersion: 7.3.2  TimeStamp: 2026/03/08-22:41:24-GMT  BuildTime: Aug  4 2022 06:17:15  BuildStamp: freesurfer-linux-ubuntu22_x86_64-7.3.2-20220804-6354275  User: oesteban  Machine: dna078  Platform: Linux  PlatformVersion: 5.14.0-427.37.1.el9_4.x86_64  CompilerName: GCC  CompilerVersion: 8.4.0
ProgramName: mri_compute_overlap  ProgramArguments: mri_compute_overlap -all-info  ProgramVersion: 7.3.2  TimeStamp: 2026/03/08-22:41:24-GMT  BuildTime: Aug  4 2022 06:17:15  BuildStamp: freesurfer-linux-ubuntu22_x86_64-7.3.2-20220804-6354275  User: oesteban  Machine: dna078  Platform: Linux  PlatformVersion: 5.14.0-427.37.1.el9_4.x86_64  CompilerName: GCC  CompilerVersion: 8.4.0
ProgramName: mri_compute_seg_overlap  ProgramArguments: mri_compute_seg_overlap -all-info  ProgramVersion: 7.3.2  TimeStamp: 2026/03/08-22:41:24-GMT  BuildTime: Aug  4 2022 06:17:15  BuildStamp: freesurfer-linux-ubuntu22_x86_64-7.3.2-20220804-6354275  User: oesteban  Machine: dna078  Platform: Linux  PlatformVersion: 5.14.0-427.37.1.el9_4.x86_64  CompilerName: GCC  CompilerVersion: 8.4.0
ProgramName: mri_concat  ProgramArguments: mri_concat -all-info  ProgramVersion: 7.3.2  TimeStamp: 2026/03/08-22:41:24-GMT  BuildTime: Aug  4 2022 06:17:15  BuildStamp: freesurfer-linux-ubuntu22_x86_64-7.3.2-20220804-6354275  User: oesteban  Machine: dna078  Platform: Linux  PlatformVersion: 5.14.0-427.37.1.el9_4.x86_64  CompilerName: GCC  CompilerVersion: 8.4.0
ProgramName: mri_concatenate_lta  ProgramArguments: mri_concatenate_lta -all-info  ProgramVersion: 7.3.2  TimeStamp: 2026/03/08-22:41:24-GMT  BuildTime: Aug  4 2022 06:17:15  BuildStamp: freesurfer-linux-ubuntu22_x86_64-7.3.2-20220804-6354275  User: oesteban  Machine: dna078  Platform: Linux  PlatformVersion: 5.14.0-427.37.1.el9_4.x86_64  CompilerName: GCC  CompilerVersion: 8.4.0
mri_convert -all-info 
ProgramName: mri_convert  ProgramArguments: mri_convert -all-info  ProgramVersion: 7.3.2  TimeStamp: 2026/03/08-22:41:24-GMT  BuildTime: Aug  4 2022 06:17:15  BuildStamp: freesurfer-linux-ubuntu22_x86_64-7.3.2-20220804-6354275  User: oesteban  Machine: dna078  Platform: Linux  PlatformVersion: 5.14.0-427.37.1.el9_4.x86_64  CompilerName: GCC  CompilerVersion: 8.4.0
ProgramName: mri_diff  ProgramArguments: mri_diff -all-info  ProgramVersion: 7.3.2  TimeStamp: 2026/03/08-22:41:24-GMT  BuildTime: Aug  4 2022 06:17:15  BuildStamp: freesurfer-linux-ubuntu22_x86_64-7.3.2-20220804-6354275  User: oesteban  Machine: dna078  Platform: Linux  PlatformVersion: 5.14.0-427.37.1.el9_4.x86_64  CompilerName: GCC  CompilerVersion: 8.4.0
ProgramName: mri_edit_wm_with_aseg  ProgramArguments: mri_edit_wm_with_aseg -all-info  ProgramVersion: 7.3.2  TimeStamp: 2026/03/08-22:41:24-GMT  BuildTime: Aug  4 2022 06:17:15  BuildStamp: freesurfer-linux-ubuntu22_x86_64-7.3.2-20220804-6354275  User: oesteban  Machine: dna078  Platform: Linux  PlatformVersion: 5.14.0-427.37.1.el9_4.x86_64  CompilerName: GCC  CompilerVersion: 8.4.0
ProgramName: mri_em_register  ProgramArguments: mri_em_register -all-info  ProgramVersion: 7.3.2  TimeStamp: 2026/03/08-22:41:24-GMT  BuildTime: Aug  4 2022 06:17:15  BuildStamp: freesurfer-linux-ubuntu22_x86_64-7.3.2-20220804-6354275  User: oesteban  Machine: dna078  Platform: Linux  PlatformVersion: 5.14.0-427.37.1.el9_4.x86_64  CompilerName: GCC  CompilerVersion: 8.4.0
ProgramName: mri_fill  ProgramArguments: mri_fill -all-info  ProgramVersion: 7.3.2  TimeStamp: 2026/03/08-22:41:24-GMT  BuildTime: Aug  4 2022 06:17:15  BuildStamp: freesurfer-linux-ubuntu22_x86_64-7.3.2-20220804-6354275  User: oesteban  Machine: dna078  Platform: Linux  PlatformVersion: 5.14.0-427.37.1.el9_4.x86_64  CompilerName: GCC  CompilerVersion: 8.4.0
ProgramName: mri_fuse_segmentations  ProgramArguments: mri_fuse_segmentations -all-info  ProgramVersion: 7.3.2  TimeStamp: 2026/03/08-22:41:24-GMT  BuildTime: Aug  4 2022 06:17:15  BuildStamp: freesurfer-linux-ubuntu22_x86_64-7.3.2-20220804-6354275  User: oesteban  Machine: dna078  Platform: Linux  PlatformVersion: 5.14.0-427.37.1.el9_4.x86_64  CompilerName: GCC  CompilerVersion: 8.4.0
ProgramName: mri_fwhm  ProgramArguments: mri_fwhm -all-info  ProgramVersion: 7.3.2  TimeStamp: 2026/03/08-22:41:24-GMT  BuildTime: Aug  4 2022 06:17:15  BuildStamp: freesurfer-linux-ubuntu22_x86_64-7.3.2-20220804-6354275  User: oesteban  Machine: dna078  Platform: Linux  PlatformVersion: 5.14.0-427.37.1.el9_4.x86_64  CompilerName: GCC  CompilerVersion: 8.4.0
ProgramName: mri_gcut  ProgramArguments: mri_gcut -all-info  ProgramVersion: 7.3.2  TimeStamp: 2026/03/08-22:41:24-GMT  BuildTime: Aug  4 2022 06:17:15  BuildStamp: freesurfer-linux-ubuntu22_x86_64-7.3.2-20220804-6354275  User: oesteban  Machine: dna078  Platform: Linux  PlatformVersion: 5.14.0-427.37.1.el9_4.x86_64  CompilerName: GCC  CompilerVersion: 8.4.0
ProgramName: mri_info  ProgramArguments: mri_info -all-info  ProgramVersion: 7.3.2  TimeStamp: 2026/03/08-22:41:24-GMT  BuildTime: Aug  4 2022 06:17:15  BuildStamp: freesurfer-linux-ubuntu22_x86_64-7.3.2-20220804-6354275  User: oesteban  Machine: dna078  Platform: Linux  PlatformVersion: 5.14.0-427.37.1.el9_4.x86_64  CompilerName: GCC  CompilerVersion: 8.4.0
ProgramName: mri_label2label  ProgramArguments: mri_label2label -all-info  ProgramVersion: 7.3.2  TimeStamp: 2026/03/08-22:41:24-GMT  BuildTime: Aug  4 2022 06:17:15  BuildStamp: freesurfer-linux-ubuntu22_x86_64-7.3.2-20220804-6354275  User: oesteban  Machine: dna078  Platform: Linux  PlatformVersion: 5.14.0-427.37.1.el9_4.x86_64  CompilerName: GCC  CompilerVersion: 8.4.0
ProgramName: mri_label2vol  ProgramArguments: mri_label2vol -all-info  ProgramVersion: 7.3.2  TimeStamp: 2026/03/08-22:41:24-GMT  BuildTime: Aug  4 2022 06:17:15  BuildStamp: freesurfer-linux-ubuntu22_x86_64-7.3.2-20220804-6354275  User: oesteban  Machine: dna078  Platform: Linux  PlatformVersion: 5.14.0-427.37.1.el9_4.x86_64  CompilerName: GCC  CompilerVersion: 8.4.0
ProgramName: mri_log_likelihood  ProgramArguments: mri_log_likelihood -all-info  ProgramVersion: 7.3.2  TimeStamp: 2026/03/08-22:41:24-GMT  BuildTime: Aug  4 2022 06:17:15  BuildStamp: freesurfer-linux-ubuntu22_x86_64-7.3.2-20220804-6354275  User: oesteban  Machine: dna078  Platform: Linux  PlatformVersion: 5.14.0-427.37.1.el9_4.x86_64  CompilerName: GCC  CompilerVersion: 8.4.0
ProgramName: mri_mask  ProgramArguments: mri_mask -all-info  ProgramVersion: 7.3.2  TimeStamp: 2026/03/08-22:41:24-GMT  BuildTime: Aug  4 2022 06:17:15  BuildStamp: freesurfer-linux-ubuntu22_x86_64-7.3.2-20220804-6354275  User: oesteban  Machine: dna078  Platform: Linux  PlatformVersion: 5.14.0-427.37.1.el9_4.x86_64  CompilerName: GCC  CompilerVersion: 8.4.0
ProgramName: mri_matrix_multiply  ProgramArguments: mri_matrix_multiply -all-info  ProgramVersion: 7.3.2  TimeStamp: 2026/03/08-22:41:24-GMT  BuildTime: Aug  4 2022 06:17:15  BuildStamp: freesurfer-linux-ubuntu22_x86_64-7.3.2-20220804-6354275  User: oesteban  Machine: dna078  Platform: Linux  PlatformVersion: 5.14.0-427.37.1.el9_4.x86_64  CompilerName: GCC  CompilerVersion: 8.4.0
ProgramName: mri_normalize  ProgramArguments: mri_normalize -all-info  ProgramVersion: 7.3.2  TimeStamp: 2026/03/08-22:41:24-GMT  BuildTime: Aug  4 2022 06:17:15  BuildStamp: freesurfer-linux-ubuntu22_x86_64-7.3.2-20220804-6354275  User: oesteban  Machine: dna078  Platform: Linux  PlatformVersion: 5.14.0-427.37.1.el9_4.x86_64  CompilerName: GCC  CompilerVersion: 8.4.0
ProgramName: mri_normalize_tp2  ProgramArguments: mri_normalize_tp2 -all-info  ProgramVersion: 7.3.2  TimeStamp: 2026/03/08-22:41:24-GMT  BuildTime: Aug  4 2022 06:17:15  BuildStamp: freesurfer-linux-ubuntu22_x86_64-7.3.2-20220804-6354275  User: oesteban  Machine: dna078  Platform: Linux  PlatformVersion: 5.14.0-427.37.1.el9_4.x86_64  CompilerName: GCC  CompilerVersion: 8.4.0
ProgramName: mri_or  ProgramArguments: mri_or -all-info  ProgramVersion: 7.3.2  TimeStamp: 2026/03/08-22:41:24-GMT  BuildTime: Aug  4 2022 06:17:15  BuildStamp: freesurfer-linux-ubuntu22_x86_64-7.3.2-20220804-6354275  User: oesteban  Machine: dna078  Platform: Linux  PlatformVersion: 5.14.0-427.37.1.el9_4.x86_64  CompilerName: GCC  CompilerVersion: 8.4.0
ProgramName: mri_relabel_hypointensities  ProgramArguments: mri_relabel_hypointensities -all-info  ProgramVersion: 7.3.2  TimeStamp: 2026/03/08-22:41:24-GMT  BuildTime: Aug  4 2022 06:17:15  BuildStamp: freesurfer-linux-ubuntu22_x86_64-7.3.2-20220804-6354275  User: oesteban  Machine: dna078  Platform: Linux  PlatformVersion: 5.14.0-427.37.1.el9_4.x86_64  CompilerName: GCC  CompilerVersion: 8.4.0
ProgramName: mri_relabel_nonwm_hypos  ProgramArguments: mri_relabel_nonwm_hypos -all-info  ProgramVersion: 7.3.2  TimeStamp: 2026/03/08-22:41:24-GMT  BuildTime: Aug  4 2022 06:17:15  BuildStamp: freesurfer-linux-ubuntu22_x86_64-7.3.2-20220804-6354275  User: oesteban  Machine: dna078  Platform: Linux  PlatformVersion: 5.14.0-427.37.1.el9_4.x86_64  CompilerName: GCC  CompilerVersion: 8.4.0
ProgramName: mri_remove_neck  ProgramArguments: mri_remove_neck -all-info  ProgramVersion: 7.3.2  TimeStamp: 2026/03/08-22:41:24-GMT  BuildTime: Aug  4 2022 06:17:15  BuildStamp: freesurfer-linux-ubuntu22_x86_64-7.3.2-20220804-6354275  User: oesteban  Machine: dna078  Platform: Linux  PlatformVersion: 5.14.0-427.37.1.el9_4.x86_64  CompilerName: GCC  CompilerVersion: 8.4.0
7.3.2

ProgramName: mri_robust_register  ProgramArguments: mri_robust_register -all-info  ProgramVersion: 7.3.2  TimeStamp: 2026/03/08-22:41:24-GMT  BuildTime: Aug  4 2022 06:17:15  BuildStamp: freesurfer-linux-ubuntu22_x86_64-7.3.2-20220804-6354275  User: oesteban  Machine: dna078  Platform: Linux  PlatformVersion: 5.14.0-427.37.1.el9_4.x86_64  CompilerName: GCC  CompilerVersion: 8.4.0
7.3.2

ProgramName: mri_robust_template  ProgramArguments: mri_robust_template -all-info  ProgramVersion: 7.3.2  TimeStamp: 2026/03/08-22:41:24-GMT  BuildTime: Aug  4 2022 06:17:15  BuildStamp: freesurfer-linux-ubuntu22_x86_64-7.3.2-20220804-6354275  User: oesteban  Machine: dna078  Platform: Linux  PlatformVersion: 5.14.0-427.37.1.el9_4.x86_64  CompilerName: GCC  CompilerVersion: 8.4.0
ProgramName: mris_anatomical_stats  ProgramArguments: mris_anatomical_stats -all-info  ProgramVersion: 7.3.2  TimeStamp: 2026/03/08-22:41:24-GMT  BuildTime: Aug  4 2022 06:17:15  BuildStamp: freesurfer-linux-ubuntu22_x86_64-7.3.2-20220804-6354275  User: oesteban  Machine: dna078  Platform: Linux  PlatformVersion: 5.14.0-427.37.1.el9_4.x86_64  CompilerName: GCC  CompilerVersion: 8.4.0
ProgramName: mris_ca_label  ProgramArguments: mris_ca_label -all-info  ProgramVersion: 7.3.2  TimeStamp: 2026/03/08-22:41:24-GMT  BuildTime: Aug  4 2022 06:17:15  BuildStamp: freesurfer-linux-ubuntu22_x86_64-7.3.2-20220804-6354275  User: oesteban  Machine: dna078  Platform: Linux  PlatformVersion: 5.14.0-427.37.1.el9_4.x86_64  CompilerName: GCC  CompilerVersion: 8.4.0
ProgramName: mris_calc  ProgramArguments: mris_calc -all-info  ProgramVersion: 7.3.2  TimeStamp: 2026/03/08-22:41:24-GMT  BuildTime: Aug  4 2022 06:17:15  BuildStamp: freesurfer-linux-ubuntu22_x86_64-7.3.2-20220804-6354275  User: oesteban  Machine: dna078  Platform: Linux  PlatformVersion: 5.14.0-427.37.1.el9_4.x86_64  CompilerName: GCC  CompilerVersion: 8.4.0
ProgramName: mris_convert  ProgramArguments: mris_convert -all-info  ProgramVersion: 7.3.2  TimeStamp: 2026/03/08-22:41:24-GMT  BuildTime: Aug  4 2022 06:17:15  BuildStamp: freesurfer-linux-ubuntu22_x86_64-7.3.2-20220804-6354275  User: oesteban  Machine: dna078  Platform: Linux  PlatformVersion: 5.14.0-427.37.1.el9_4.x86_64  CompilerName: GCC  CompilerVersion: 8.4.0
ProgramName: mris_curvature  ProgramArguments: mris_curvature -all-info  ProgramVersion: 7.3.2  TimeStamp: 2026/03/08-22:41:24-GMT  BuildTime: Aug  4 2022 06:17:15  BuildStamp: freesurfer-linux-ubuntu22_x86_64-7.3.2-20220804-6354275  User: oesteban  Machine: dna078  Platform: Linux  PlatformVersion: 5.14.0-427.37.1.el9_4.x86_64  CompilerName: GCC  CompilerVersion: 8.4.0
ProgramName: mris_curvature_stats  ProgramArguments: mris_curvature_stats -all-info  ProgramVersion: 7.3.2  TimeStamp: 2026/03/08-22:41:24-GMT  BuildTime: Aug  4 2022 06:17:15  BuildStamp: freesurfer-linux-ubuntu22_x86_64-7.3.2-20220804-6354275  User: oesteban  Machine: dna078  Platform: Linux  PlatformVersion: 5.14.0-427.37.1.el9_4.x86_64  CompilerName: GCC  CompilerVersion: 8.4.0
ProgramName: mris_diff  ProgramArguments: mris_diff -all-info  ProgramVersion: 7.3.2  TimeStamp: 2026/03/08-22:41:24-GMT  BuildTime: Aug  4 2022 06:17:15  BuildStamp: freesurfer-linux-ubuntu22_x86_64-7.3.2-20220804-6354275  User: oesteban  Machine: dna078  Platform: Linux  PlatformVersion: 5.14.0-427.37.1.el9_4.x86_64  CompilerName: GCC  CompilerVersion: 8.4.0
ProgramName: mris_divide_parcellation  ProgramArguments: mris_divide_parcellation -all-info  ProgramVersion: 7.3.2  TimeStamp: 2026/03/08-22:41:24-GMT  BuildTime: Aug  4 2022 06:17:15  BuildStamp: freesurfer-linux-ubuntu22_x86_64-7.3.2-20220804-6354275  User: oesteban  Machine: dna078  Platform: Linux  PlatformVersion: 5.14.0-427.37.1.el9_4.x86_64  CompilerName: GCC  CompilerVersion: 8.4.0
ProgramName: mri_segment  ProgramArguments: mri_segment -all-info  ProgramVersion: 7.3.2  TimeStamp: 2026/03/08-22:41:24-GMT  BuildTime: Aug  4 2022 06:17:15  BuildStamp: freesurfer-linux-ubuntu22_x86_64-7.3.2-20220804-6354275  User: oesteban  Machine: dna078  Platform: Linux  PlatformVersion: 5.14.0-427.37.1.el9_4.x86_64  CompilerName: GCC  CompilerVersion: 8.4.0
ProgramName: mri_segstats  ProgramArguments: mri_segstats -all-info  ProgramVersion: 7.3.2  TimeStamp: 2026/03/08-22:41:25-GMT  BuildTime: Aug  4 2022 06:17:15  BuildStamp: freesurfer-linux-ubuntu22_x86_64-7.3.2-20220804-6354275  User: oesteban  Machine: dna078  Platform: Linux  PlatformVersion: 5.14.0-427.37.1.el9_4.x86_64  CompilerName: GCC  CompilerVersion: 8.4.0
ProgramName: mris_euler_number  ProgramArguments: mris_euler_number -all-info  ProgramVersion: 7.3.2  TimeStamp: 2026/03/08-22:41:25-GMT  BuildTime: Aug  4 2022 06:17:15  BuildStamp: freesurfer-linux-ubuntu22_x86_64-7.3.2-20220804-6354275  User: oesteban  Machine: dna078  Platform: Linux  PlatformVersion: 5.14.0-427.37.1.el9_4.x86_64  CompilerName: GCC  CompilerVersion: 8.4.0
ProgramName: mris_fix_topology  ProgramArguments: mris_fix_topology -all-info  ProgramVersion: 7.3.2  TimeStamp: 2026/03/08-22:41:25-GMT  BuildTime: Aug  4 2022 06:17:15  BuildStamp: freesurfer-linux-ubuntu22_x86_64-7.3.2-20220804-6354275  User: oesteban  Machine: dna078  Platform: Linux  PlatformVersion: 5.14.0-427.37.1.el9_4.x86_64  CompilerName: GCC  CompilerVersion: 8.4.0
ProgramName: mris_topo_fixer  ProgramArguments: mris_topo_fixer -all-info  ProgramVersion: 7.3.2  TimeStamp: 2026/03/08-22:41:25-GMT  BuildTime: Aug  4 2022 06:17:15  BuildStamp: freesurfer-linux-ubuntu22_x86_64-7.3.2-20220804-6354275  User: oesteban  Machine: dna078  Platform: Linux  PlatformVersion: 5.14.0-427.37.1.el9_4.x86_64  CompilerName: GCC  CompilerVersion: 8.4.0
ProgramName: mris_jacobian  ProgramArguments: mris_jacobian -all-info  ProgramVersion: 7.3.2  TimeStamp: 2026/03/08-22:41:25-GMT  BuildTime: Aug  4 2022 06:17:15  BuildStamp: freesurfer-linux-ubuntu22_x86_64-7.3.2-20220804-6354275  User: oesteban  Machine: dna078  Platform: Linux  PlatformVersion: 5.14.0-427.37.1.el9_4.x86_64  CompilerName: GCC  CompilerVersion: 8.4.0
ProgramName: mris_label2annot  ProgramArguments: mris_label2annot -all-info  ProgramVersion: 7.3.2  TimeStamp: 2026/03/08-22:41:25-GMT  BuildTime: Aug  4 2022 06:17:15  BuildStamp: freesurfer-linux-ubuntu22_x86_64-7.3.2-20220804-6354275  User: oesteban  Machine: dna078  Platform: Linux  PlatformVersion: 5.14.0-427.37.1.el9_4.x86_64  CompilerName: GCC  CompilerVersion: 8.4.0
ProgramName: mris_left_right_register  ProgramArguments: mris_left_right_register -all-info  ProgramVersion: 7.3.2  TimeStamp: 2026/03/08-22:41:25-GMT  BuildTime: Aug  4 2022 06:17:15  BuildStamp: freesurfer-linux-ubuntu22_x86_64-7.3.2-20220804-6354275  User: oesteban  Machine: dna078  Platform: Linux  PlatformVersion: 5.14.0-427.37.1.el9_4.x86_64  CompilerName: GCC  CompilerVersion: 8.4.0
ProgramName: mris_place_surface  ProgramArguments: mris_place_surface -all-info  ProgramVersion: 7.3.2  TimeStamp: 2026/03/08-22:41:25-GMT  BuildTime: Aug  4 2022 06:17:15  BuildStamp: freesurfer-linux-ubuntu22_x86_64-7.3.2-20220804-6354275  User: oesteban  Machine: dna078  Platform: Linux  PlatformVersion: 5.14.0-427.37.1.el9_4.x86_64  CompilerName: GCC  CompilerVersion: 8.4.0
ProgramName: mrisp_paint  ProgramArguments: mrisp_paint -all-info  ProgramVersion: 7.3.2  TimeStamp: 2026/03/08-22:41:25-GMT  BuildTime: Aug  4 2022 06:17:15  BuildStamp: freesurfer-linux-ubuntu22_x86_64-7.3.2-20220804-6354275  User: oesteban  Machine: dna078  Platform: Linux  PlatformVersion: 5.14.0-427.37.1.el9_4.x86_64  CompilerName: GCC  CompilerVersion: 8.4.0
ProgramName: mris_register  ProgramArguments: mris_register -all-info  ProgramVersion: 7.3.2  TimeStamp: 2026/03/08-22:41:25-GMT  BuildTime: Aug  4 2022 06:17:15  BuildStamp: freesurfer-linux-ubuntu22_x86_64-7.3.2-20220804-6354275  User: oesteban  Machine: dna078  Platform: Linux  PlatformVersion: 5.14.0-427.37.1.el9_4.x86_64  CompilerName: GCC  CompilerVersion: 8.4.0
ProgramName: mris_smooth  ProgramArguments: mris_smooth -all-info  ProgramVersion: 7.3.2  TimeStamp: 2026/03/08-22:41:25-GMT  BuildTime: Aug  4 2022 06:17:15  BuildStamp: freesurfer-linux-ubuntu22_x86_64-7.3.2-20220804-6354275  User: oesteban  Machine: dna078  Platform: Linux  PlatformVersion: 5.14.0-427.37.1.el9_4.x86_64  CompilerName: GCC  CompilerVersion: 8.4.0
ProgramName: mris_sphere  ProgramArguments: mris_sphere -all-info  ProgramVersion: 7.3.2  TimeStamp: 2026/03/08-22:41:25-GMT  BuildTime: Aug  4 2022 06:17:15  BuildStamp: freesurfer-linux-ubuntu22_x86_64-7.3.2-20220804-6354275  User: oesteban  Machine: dna078  Platform: Linux  PlatformVersion: 5.14.0-427.37.1.el9_4.x86_64  CompilerName: GCC  CompilerVersion: 8.4.0
ProgramName: mris_surface_stats  ProgramArguments: mris_surface_stats -all-info  ProgramVersion: 7.3.2  TimeStamp: 2026/03/08-22:41:25-GMT  BuildTime: Aug  4 2022 06:17:15  BuildStamp: freesurfer-linux-ubuntu22_x86_64-7.3.2-20220804-6354275  User: oesteban  Machine: dna078  Platform: Linux  PlatformVersion: 5.14.0-427.37.1.el9_4.x86_64  CompilerName: GCC  CompilerVersion: 8.4.0
ProgramName: mri_stats2seg  ProgramArguments: mri_stats2seg -all-info  ProgramVersion: 7.3.2  TimeStamp: 2026/03/08-22:41:25-GMT  BuildTime: Aug  4 2022 06:17:15  BuildStamp: freesurfer-linux-ubuntu22_x86_64-7.3.2-20220804-6354275  User: oesteban  Machine: dna078  Platform: Linux  PlatformVersion: 5.14.0-427.37.1.el9_4.x86_64  CompilerName: GCC  CompilerVersion: 8.4.0
ProgramName: mris_thickness  ProgramArguments: mris_thickness -all-info  ProgramVersion: 7.3.2  TimeStamp: 2026/03/08-22:41:25-GMT  BuildTime: Aug  4 2022 06:17:15  BuildStamp: freesurfer-linux-ubuntu22_x86_64-7.3.2-20220804-6354275  User: oesteban  Machine: dna078  Platform: Linux  PlatformVersion: 5.14.0-427.37.1.el9_4.x86_64  CompilerName: GCC  CompilerVersion: 8.4.0
ProgramName: mris_thickness_diff  ProgramArguments: mris_thickness_diff -all-info  ProgramVersion: 7.3.2  TimeStamp: 2026/03/08-22:41:25-GMT  BuildTime: Aug  4 2022 06:17:15  BuildStamp: freesurfer-linux-ubuntu22_x86_64-7.3.2-20220804-6354275  User: oesteban  Machine: dna078  Platform: Linux  PlatformVersion: 5.14.0-427.37.1.el9_4.x86_64  CompilerName: GCC  CompilerVersion: 8.4.0
ProgramName: mris_topo_fixer  ProgramArguments: mris_topo_fixer -all-info  ProgramVersion: 7.3.2  TimeStamp: 2026/03/08-22:41:25-GMT  BuildTime: Aug  4 2022 06:17:15  BuildStamp: freesurfer-linux-ubuntu22_x86_64-7.3.2-20220804-6354275  User: oesteban  Machine: dna078  Platform: Linux  PlatformVersion: 5.14.0-427.37.1.el9_4.x86_64  CompilerName: GCC  CompilerVersion: 8.4.0
ProgramName: mri_surf2surf  ProgramArguments: mri_surf2surf -all-info  ProgramVersion: 7.3.2  TimeStamp: 2026/03/08-22:41:25-GMT  BuildTime: Aug  4 2022 06:17:15  BuildStamp: freesurfer-linux-ubuntu22_x86_64-7.3.2-20220804-6354275  User: oesteban  Machine: dna078  Platform: Linux  PlatformVersion: 5.14.0-427.37.1.el9_4.x86_64  CompilerName: GCC  CompilerVersion: 8.4.0
ProgramName: mri_surf2vol  ProgramArguments: mri_surf2vol -all-info  ProgramVersion: 7.3.2  TimeStamp: 2026/03/08-22:41:25-GMT  BuildTime: Aug  4 2022 06:17:15  BuildStamp: freesurfer-linux-ubuntu22_x86_64-7.3.2-20220804-6354275  User: oesteban  Machine: dna078  Platform: Linux  PlatformVersion: 5.14.0-427.37.1.el9_4.x86_64  CompilerName: GCC  CompilerVersion: 8.4.0
ProgramName: mri_surfcluster  ProgramArguments: mri_surfcluster -all-info  ProgramVersion: 7.3.2  TimeStamp: 2026/03/08-22:41:25-GMT  BuildTime: Aug  4 2022 06:17:15  BuildStamp: freesurfer-linux-ubuntu22_x86_64-7.3.2-20220804-6354275  User: oesteban  Machine: dna078  Platform: Linux  PlatformVersion: 5.14.0-427.37.1.el9_4.x86_64  CompilerName: GCC  CompilerVersion: 8.4.0
ProgramName: mris_volmask  ProgramArguments: mris_volmask -all-info  ProgramVersion: 7.3.2  TimeStamp: 2026/03/08-22:41:25-GMT  BuildTime: Aug  4 2022 06:17:15  BuildStamp: freesurfer-linux-ubuntu22_x86_64-7.3.2-20220804-6354275  User: oesteban  Machine: dna078  Platform: Linux  PlatformVersion: 5.14.0-427.37.1.el9_4.x86_64  CompilerName: GCC  CompilerVersion: 8.4.0
ProgramName: mri_tessellate  ProgramArguments: mri_tessellate -all-info  ProgramVersion: 7.3.2  TimeStamp: 2026/03/08-22:41:25-GMT  BuildTime: Aug  4 2022 06:17:15  BuildStamp: freesurfer-linux-ubuntu22_x86_64-7.3.2-20220804-6354275  User: oesteban  Machine: dna078  Platform: Linux  PlatformVersion: 5.14.0-427.37.1.el9_4.x86_64  CompilerName: GCC  CompilerVersion: 8.4.0
ProgramName: mri_vol2surf  ProgramArguments: mri_vol2surf -all-info  ProgramVersion: 7.3.2  TimeStamp: 2026/03/08-22:41:25-GMT  BuildTime: Aug  4 2022 06:17:15  BuildStamp: freesurfer-linux-ubuntu22_x86_64-7.3.2-20220804-6354275  User: oesteban  Machine: dna078  Platform: Linux  PlatformVersion: 5.14.0-427.37.1.el9_4.x86_64  CompilerName: GCC  CompilerVersion: 8.4.0
ProgramName: mri_vol2vol  ProgramArguments: mri_vol2vol -all-info  ProgramVersion: 7.3.2  TimeStamp: 2026/03/08-22:41:25-GMT  BuildTime: Aug  4 2022 06:17:15  BuildStamp: freesurfer-linux-ubuntu22_x86_64-7.3.2-20220804-6354275  User: oesteban  Machine: dna078  Platform: Linux  PlatformVersion: 5.14.0-427.37.1.el9_4.x86_64  CompilerName: GCC  CompilerVersion: 8.4.0
ProgramName: mri_voldiff  ProgramArguments: mri_voldiff -all-info  ProgramVersion: 7.3.2  TimeStamp: 2026/03/08-22:41:25-GMT  BuildTime: Aug  4 2022 06:17:15  BuildStamp: freesurfer-linux-ubuntu22_x86_64-7.3.2-20220804-6354275  User: oesteban  Machine: dna078  Platform: Linux  PlatformVersion: 5.14.0-427.37.1.el9_4.x86_64  CompilerName: GCC  CompilerVersion: 8.4.0
ProgramName: mri_watershed  ProgramArguments: mri_watershed -all-info  ProgramVersion: 7.3.2  TimeStamp: 2026/03/08-22:41:25-GMT  BuildTime: Aug  4 2022 06:17:15  BuildStamp: freesurfer-linux-ubuntu22_x86_64-7.3.2-20220804-6354275  User: oesteban  Machine: dna078  Platform: Linux  PlatformVersion: 5.14.0-427.37.1.el9_4.x86_64  CompilerName: GCC  CompilerVersion: 8.4.0
ProgramName: tkregister2  ProgramArguments: tkregister2_cmdl -all-info  ProgramVersion: 7.3.2  TimeStamp: 2026/03/08-22:41:25-GMT  BuildTime: Aug  4 2022 06:17:15  BuildStamp: freesurfer-linux-ubuntu22_x86_64-7.3.2-20220804-6354275  User: oesteban  Machine: dna078  Platform: Linux  PlatformVersion: 5.14.0-427.37.1.el9_4.x86_64  CompilerName: GCC  CompilerVersion: 8.4.0
mri_motion_correct.fsl 7.3.2
mri_convert -all-info 
ProgramName: mri_convert  ProgramArguments: mri_convert -all-info  ProgramVersion: 7.3.2  TimeStamp: 2026/03/08-22:41:25-GMT  BuildTime: Aug  4 2022 06:17:15  BuildStamp: freesurfer-linux-ubuntu22_x86_64-7.3.2-20220804-6354275  User: oesteban  Machine: dna078  Platform: Linux  PlatformVersion: 5.14.0-427.37.1.el9_4.x86_64  CompilerName: GCC  CompilerVersion: 8.4.0
Program nu_correct, built from:
Package MNI N3, version 1.12.0, compiled by nicks@terrier (x86_64-unknown-linux-gnu) on 2015-06-19 at 01:25:34
#######################################
GCADIR /opt/freesurfer/average
GCA RB_all_2020-01-02.gca
GCASkull RB_all_withskull_2020_01_02.gca
AvgCurvTif folding.atlas.acfb40.noaparc.i12.2016-08-02.tif
GCSDIR /opt/freesurfer/average
GCS DKaparc.atlas.acfb40.noaparc.i12.2016-08-02.gcs
#######################################
#--------------------------------------------
#@# Tessellate rh Sun Mar  8 23:41:25 CET 2026
/out/sourcedata/freesurfer/sub-v1s16x0051166_ses-1/scripts

 mri_pretess ../mri/filled.mgz 127 ../mri/norm.mgz ../mri/filled-pretess127.mgz 


Iteration Number : 1
pass   1 (xy+):   2 found -   2 modified     |    TOTAL:   2
pass   2 (xy+):   0 found -   2 modified     |    TOTAL:   2
pass   1 (xy-):   1 found -   1 modified     |    TOTAL:   3
pass   2 (xy-):   0 found -   1 modified     |    TOTAL:   3
pass   1 (yz+):   2 found -   2 modified     |    TOTAL:   5
pass   2 (yz+):   0 found -   2 modified     |    TOTAL:   5
pass   1 (yz-):   4 found -   4 modified     |    TOTAL:   9
pass   2 (yz-):   0 found -   4 modified     |    TOTAL:   9
pass   1 (xz+):   0 found -   0 modified     |    TOTAL:   9
pass   1 (xz-):   1 found -   1 modified     |    TOTAL:  10
pass   2 (xz-):   0 found -   1 modified     |    TOTAL:  10
Iteration Number : 1
pass   1 (+++):   0 found -   0 modified     |    TOTAL:   0
pass   1 (+++):   0 found -   0 modified     |    TOTAL:   0
pass   1 (+++):   0 found -   0 modified     |    TOTAL:   0
pass   1 (+++):   0 found -   0 modified     |    TOTAL:   0
Iteration Number : 1
pass   1 (++):   0 found -   0 modified     |    TOTAL:   0
pass   1 (+-):   0 found -   0 modified     |    TOTAL:   0
pass   1 (--):   0 found -   0 modified     |    TOTAL:   0
pass   1 (-+):   0 found -   0 modified     |    TOTAL:   0
Iteration Number : 2
pass   1 (xy+):   0 found -   0 modified     |    TOTAL:   0
pass   1 (xy-):   0 found -   0 modified     |    TOTAL:   0
pass   1 (yz+):   0 found -   0 modified     |    TOTAL:   0
pass   1 (yz-):   0 found -   0 modified     |    TOTAL:   0
pass   1 (xz+):   0 found -   0 modified     |    TOTAL:   0
pass   1 (xz-):   0 found -   0 modified     |    TOTAL:   0
Iteration Number : 2
pass   1 (+++):   0 found -   0 modified     |    TOTAL:   0
pass   1 (+++):   0 found -   0 modified     |    TOTAL:   0
pass   1 (+++):   0 found -   0 modified     |    TOTAL:   0
pass   1 (+++):   0 found -   0 modified     |    TOTAL:   0
Iteration Number : 2
pass   1 (++):   0 found -   0 modified     |    TOTAL:   0
pass   1 (+-):   0 found -   0 modified     |    TOTAL:   0
pass   1 (--):   0 found -   0 modified     |    TOTAL:   0
pass   1 (-+):   0 found -   0 modified     |    TOTAL:   0

Total Number of Modified Voxels = 10 (out of 224767: 0.004449)
Ambiguous edge configurations... 

mri_pretess done


 mri_tessellate ../mri/filled-pretess127.mgz 127 ../surf/rh.orig.nofix 

7.3.2
  7.3.2
slice 50: 1238 vertices, 1348 faces
slice 60: 6132 vertices, 6336 faces
slice 70: 13856 vertices, 14167 faces
slice 80: 22295 vertices, 22590 faces
slice 90: 31997 vertices, 32348 faces
slice 100: 40954 vertices, 41270 faces
slice 110: 50229 vertices, 50609 faces
slice 120: 61173 vertices, 61595 faces
slice 130: 71496 vertices, 71895 faces
slice 140: 80550 vertices, 80917 faces
slice 150: 89124 vertices, 89496 faces
slice 160: 95501 vertices, 95794 faces
slice 170: 101917 vertices, 102222 faces
slice 180: 107662 vertices, 107966 faces
slice 190: 112777 vertices, 113043 faces
slice 200: 117089 vertices, 117342 faces
slice 210: 118910 vertices, 119018 faces
slice 220: 118910 vertices, 119018 faces
slice 230: 118910 vertices, 119018 faces
slice 240: 118910 vertices, 119018 faces
slice 250: 118910 vertices, 119018 faces
using the conformed surface RAS to save vertex points...
writing ../surf/rh.orig.nofix
using vox2ras matrix:
-1.00000   0.00000   0.00000   128.00000;
 0.00000   0.00000   1.00000  -128.00000;
 0.00000  -1.00000   0.00000   128.00000;
 0.00000   0.00000   0.00000   1.00000;

 rm -f ../mri/filled-pretess127.mgz 


 mris_extract_main_component ../surf/rh.orig.nofix ../surf/rh.orig.nofix 


counting number of connected components...
   118910 voxel in cpt #1: X=-108 [v=118910,e=357054,f=238036] located at (25.080515, -8.435371, 31.325153)
For the whole surface: X=-108 [v=118910,e=357054,f=238036]
One single component has been found
nothing to do
done

#--------------------------------------------
#@# Smooth1 rh Sun Mar  8 23:41:27 CET 2026
/out/sourcedata/freesurfer/sub-v1s16x0051166_ses-1/scripts

 mris_smooth -nw -seed 1234 ../surf/rh.orig.nofix ../surf/rh.smoothwm.nofix 

setting seed for random number generator to 1234
smoothing surface tessellation for 10 iterations...
smoothing complete - recomputing first and second fundamental forms...
#--------------------------------------------
#@# Inflation1 rh Sun Mar  8 23:41:28 CET 2026
/out/sourcedata/freesurfer/sub-v1s16x0051166_ses-1/scripts

 mris_inflate -no-save-sulc ../surf/rh.smoothwm.nofix ../surf/rh.inflated.nofix 

Not saving sulc
Reading ../surf/rh.smoothwm.nofix
avg radius = 46.0 mm, total surface area = 63405 mm^2
step 000: RMS=0.162 (target=0.015)   step 005: RMS=0.127 (target=0.015)   step 010: RMS=0.102 (target=0.015)   step 015: RMS=0.089 (target=0.015)   step 020: RMS=0.081 (target=0.015)   step 025: RMS=0.075 (target=0.015)   step 030: RMS=0.070 (target=0.015)   step 035: RMS=0.067 (target=0.015)   step 040: RMS=0.065 (target=0.015)   step 045: RMS=0.064 (target=0.015)   step 050: RMS=0.063 (target=0.015)   step 055: RMS=0.062 (target=0.015)   step 060: RMS=0.062 (target=0.015)   writing inflated surface to ../surf/rh.inflated.nofix
inflation took 0.2 minutes

inflation complete.
Not saving sulc
mris_inflate utimesec    72.683752
mris_inflate stimesec    1.451757
mris_inflate ru_maxrss   191312
mris_inflate ru_ixrss    0
mris_inflate ru_idrss    0
mris_inflate ru_isrss    0
mris_inflate ru_minflt   484599
mris_inflate ru_majflt   3
mris_inflate ru_nswap    0
mris_inflate ru_inblock  0
mris_inflate ru_oublock  8376
mris_inflate ru_msgsnd   0
mris_inflate ru_msgrcv   0
mris_inflate ru_nsignals 0
mris_inflate ru_nvcsw    11066
mris_inflate ru_nivcsw   590
#--------------------------------------------
#@# QSphere rh Sun Mar  8 23:41:38 CET 2026
/out/sourcedata/freesurfer/sub-v1s16x0051166_ses-1/scripts

 mris_sphere -q -p 6 -a 128 -seed 1234 ../surf/rh.inflated.nofix ../surf/rh.qsphere.nofix 

doing quick spherical unfolding.
limitting unfolding to 6 passes
using n_averages = 128
setting seed for random number genererator to 1234
version: 7.3.2
available threads: 16
scaling brain by 0.319...
inflating...
projecting onto sphere...
surface projected - minimizing metric distortion...
vertex spacing 1.03 +- 0.66 (0.00-->9.56) (max @ vno 47789 --> 48726)
face area 0.03 +- 0.03 (-0.31-->0.57)
Entering MRISinflateToSphere()
inflating to sphere (rms error < 2.00)
000: dt: 0.0000, rms radial error=177.159, avgs=0
005/300: dt: 0.9000, rms radial error=176.900, avgs=0
010/300: dt: 0.9000, rms radial error=176.344, avgs=0
015/300: dt: 0.9000, rms radial error=175.614, avgs=0
020/300: dt: 0.9000, rms radial error=174.783, avgs=0
025/300: dt: 0.9000, rms radial error=173.892, avgs=0
030/300: dt: 0.9000, rms radial error=172.968, avgs=0
035/300: dt: 0.9000, rms radial error=172.028, avgs=0
040/300: dt: 0.9000, rms radial error=171.086, avgs=0
045/300: dt: 0.9000, rms radial error=170.142, avgs=0
050/300: dt: 0.9000, rms radial error=169.198, avgs=0
055/300: dt: 0.9000, rms radial error=168.257, avgs=0
060/300: dt: 0.9000, rms radial error=167.319, avgs=0
065/300: dt: 0.9000, rms radial error=166.385, avgs=0
070/300: dt: 0.9000, rms radial error=165.455, avgs=0
075/300: dt: 0.9000, rms radial error=164.529, avgs=0
080/300: dt: 0.9000, rms radial error=163.607, avgs=0
085/300: dt: 0.9000, rms radial error=162.689, avgs=0
090/300: dt: 0.9000, rms radial error=161.775, avgs=0
095/300: dt: 0.9000, rms radial error=160.867, avgs=0
100/300: dt: 0.9000, rms radial error=159.963, avgs=0
105/300: dt: 0.9000, rms radial error=159.063, avgs=0
110/300: dt: 0.9000, rms radial error=158.169, avgs=0
115/300: dt: 0.9000, rms radial error=157.280, avgs=0
120/300: dt: 0.9000, rms radial error=156.395, avgs=0
125/300: dt: 0.9000, rms radial error=155.516, avgs=0
130/300: dt: 0.9000, rms radial error=154.641, avgs=0
135/300: dt: 0.9000, rms radial error=153.771, avgs=0
140/300: dt: 0.9000, rms radial error=152.906, avgs=0
145/300: dt: 0.9000, rms radial error=152.046, avgs=0
150/300: dt: 0.9000, rms radial error=151.190, avgs=0
155/300: dt: 0.9000, rms radial error=150.339, avgs=0
160/300: dt: 0.9000, rms radial error=149.493, avgs=0
165/300: dt: 0.9000, rms radial error=148.652, avgs=0
170/300: dt: 0.9000, rms radial error=147.815, avgs=0
175/300: dt: 0.9000, rms radial error=146.982, avgs=0
180/300: dt: 0.9000, rms radial error=146.155, avgs=0
185/300: dt: 0.9000, rms radial error=145.332, avgs=0
190/300: dt: 0.9000, rms radial error=144.513, avgs=0
195/300: dt: 0.9000, rms radial error=143.699, avgs=0
200/300: dt: 0.9000, rms radial error=142.890, avgs=0
205/300: dt: 0.9000, rms radial error=142.085, avgs=0
210/300: dt: 0.9000, rms radial error=141.284, avgs=0
215/300: dt: 0.9000, rms radial error=140.488, avgs=0
220/300: dt: 0.9000, rms radial error=139.697, avgs=0
225/300: dt: 0.9000, rms radial error=138.909, avgs=0
230/300: dt: 0.9000, rms radial error=138.127, avgs=0
235/300: dt: 0.9000, rms radial error=137.348, avgs=0
240/300: dt: 0.9000, rms radial error=136.574, avgs=0
245/300: dt: 0.9000, rms radial error=135.804, avgs=0
250/300: dt: 0.9000, rms radial error=135.039, avgs=0
255/300: dt: 0.9000, rms radial error=134.278, avgs=0
260/300: dt: 0.9000, rms radial error=133.521, avgs=0
265/300: dt: 0.9000, rms radial error=132.768, avgs=0
270/300: dt: 0.9000, rms radial error=132.020, avgs=0
275/300: dt: 0.9000, rms radial error=131.276, avgs=0
280/300: dt: 0.9000, rms radial error=130.536, avgs=0
285/300: dt: 0.9000, rms radial error=129.800, avgs=0
290/300: dt: 0.9000, rms radial error=129.068, avgs=0
295/300: dt: 0.9000, rms radial error=128.340, avgs=0
300/300: dt: 0.9000, rms radial error=127.617, avgs=0

spherical inflation complete.
epoch 1 (K=10.0), pass 1, starting sse = 13813.08
taking momentum steps...
taking momentum steps...
taking momentum steps...
taking momentum steps...
pass 1 complete, delta sse/iter = 0.01/13 = 0.00045
epoch 2 (K=40.0), pass 1, starting sse = 2281.30
taking momentum steps...
taking momentum steps...
taking momentum steps...
taking momentum steps...
pass 1 complete, delta sse/iter = 0.00/13 = 0.00032
epoch 3 (K=160.0), pass 1, starting sse = 269.60
taking momentum steps...
taking momentum steps...
taking momentum steps...
taking momentum steps...
pass 1 complete, delta sse/iter = 0.11/14 = 0.00756
epoch 4 (K=640.0), pass 1, starting sse = 27.99
taking momentum steps...
taking momentum steps...
taking momentum steps...
taking momentum steps...
pass 1 complete, delta sse/iter = 0.07/14 = 0.00499
final distance error %100000.00
writing spherical brain to ../surf/rh.qsphere.nofix
spherical transformation took 0.0092 hours
FSRUNTIME@ mris_sphere  0.0092 hours 16 threads
#VMPC# mris_sphere VmPeak  1590920
mris_sphere done
#@# Fix Topology rh Sun Mar  8 23:42:11 CET 2026

 mris_fix_topology -mgz -sphere qsphere.nofix -inflated inflated.nofix -orig orig.nofix -out orig.premesh -ga -seed 1234 sub-v1s16x0051166_ses-1 rh 

reading spherical homeomorphism from 'qsphere.nofix'
reading inflated coordinates from 'inflated.nofix'
reading original coordinates from 'orig.nofix'
using genetic algorithm with optimized parameters
setting seed for random number genererator to 1234

*************************************************************
Topology Correction Parameters
retessellation mode:           genetic search
number of patches/generation : 10
number of generations :        10
surface mri loglikelihood coefficient :         1.0
volume mri loglikelihood coefficient :          10.0
normal dot loglikelihood coefficient :          1.0
quadratic curvature loglikelihood coefficient : 1.0
volume resolution :                             2
eliminate vertices during search :              1
initial patch selection :                       1
select all defect vertices :                    0
ordering dependant retessellation:              0
use precomputed edge table :                    0
smooth retessellated patch :                    2
match retessellated patch :                     1
verbose mode :                                  0

*************************************************************
INFO: assuming .mgz format
writing corrected surface to 'orig.premesh'
7.3.2
  7.3.2
before topology correction, eno=-108 (nv=118910, nf=238036, ne=357054, g=55)
using quasi-homeomorphic spherical map to tessellate cortical surface...

Correction of the Topology
Finding true center and radius of Spherical Surface...done
Surface centered at (0,0,0) with radius 100.0 in 8 iterations
marking ambiguous vertices...
13209 ambiguous faces found in tessellation
segmenting defects...
63 defects found, arbitrating ambiguous regions...
analyzing neighboring defects...
      -merging segment 18 into 16
      -merging segment 25 into 23
61 defects to be corrected 
0 vertices coincident
reading input surface /out/sourcedata/freesurfer/sub-v1s16x0051166_ses-1/surf/rh.qsphere.nofix...
reading brain volume from brain...
reading wm segmentation from wm...
Reading original properties of orig.nofix
Reading vertex positions of inflated.nofix
Computing Initial Surface Statistics
      -face       loglikelihood: -9.5356  (-4.7678)
      -vertex     loglikelihood: -6.6380  (-3.3190)
      -normal dot loglikelihood: -3.5708  (-3.5708)
      -quad curv  loglikelihood: -5.9848  (-2.9924)
      Total Loglikelihood : -25.7292
CORRECTING DEFECT 0 (vertices=132, convex hull=167, v0=1460)
After retessellation of defect 0 (v0=1460), euler #=-59 (111280,331589,220250) : difference with theory (-58) = 1 
CORRECTING DEFECT 1 (vertices=36, convex hull=63, v0=6868)
After retessellation of defect 1 (v0=6868), euler #=-58 (111300,331673,220315) : difference with theory (-57) = 1 
CORRECTING DEFECT 2 (vertices=158, convex hull=40, v0=9184)
After retessellation of defect 2 (v0=9184), euler #=-57 (111312,331722,220353) : difference with theory (-56) = 1 
CORRECTING DEFECT 3 (vertices=51, convex hull=93, v0=11000)
After retessellation of defect 3 (v0=11000), euler #=-56 (111333,331820,220431) : difference with theory (-55) = 1 
CORRECTING DEFECT 4 (vertices=25, convex hull=82, v0=18090)
After retessellation of defect 4 (v0=18090), euler #=-55 (111346,331889,220488) : difference with theory (-54) = 1 
CORRECTING DEFECT 5 (vertices=170, convex hull=125, v0=22926)
After retessellation of defect 5 (v0=22926), euler #=-54 (111399,332106,220653) : difference with theory (-53) = 1 
CORRECTING DEFECT 6 (vertices=8, convex hull=30, v0=22972)
After retessellation of defect 6 (v0=22972), euler #=-53 (111400,332119,220666) : difference with theory (-52) = 1 
CORRECTING DEFECT 7 (vertices=59, convex hull=82, v0=23236)
After retessellation of defect 7 (v0=23236), euler #=-52 (111417,332202,220733) : difference with theory (-51) = 1 
CORRECTING DEFECT 8 (vertices=41, convex hull=88, v0=24597)
After retessellation of defect 8 (v0=24597), euler #=-51 (111440,332313,220822) : difference with theory (-50) = 1 
CORRECTING DEFECT 9 (vertices=18, convex hull=51, v0=24854)
After retessellation of defect 9 (v0=24854), euler #=-50 (111448,332357,220859) : difference with theory (-49) = 1 
CORRECTING DEFECT 10 (vertices=5, convex hull=17, v0=26420)
After retessellation of defect 10 (v0=26420), euler #=-49 (111448,332360,220863) : difference with theory (-48) = 1 
CORRECTING DEFECT 11 (vertices=66, convex hull=116, v0=27416)
After retessellation of defect 11 (v0=27416), euler #=-48 (111458,332441,220935) : difference with theory (-47) = 1 
CORRECTING DEFECT 12 (vertices=13, convex hull=25, v0=29905)
After retessellation of defect 12 (v0=29905), euler #=-47 (111459,332454,220948) : difference with theory (-46) = 1 
CORRECTING DEFECT 13 (vertices=17, convex hull=39, v0=31750)
After retessellation of defect 13 (v0=31750), euler #=-46 (111461,332473,220966) : difference with theory (-45) = 1 
CORRECTING DEFECT 14 (vertices=23, convex hull=51, v0=32938)
After retessellation of defect 14 (v0=32938), euler #=-45 (111473,332529,221011) : difference with theory (-44) = 1 
CORRECTING DEFECT 15 (vertices=41, convex hull=34, v0=39793)
After retessellation of defect 15 (v0=39793), euler #=-44 (111479,332556,221033) : difference with theory (-43) = 1 
CORRECTING DEFECT 16 (vertices=364, convex hull=226, v0=40717)
After retessellation of defect 16 (v0=40717), euler #=-42 (111568,332937,221327) : difference with theory (-42) = 0 
CORRECTING DEFECT 17 (vertices=68, convex hull=109, v0=42041)
After retessellation of defect 17 (v0=42041), euler #=-41 (111611,333132,221480) : difference with theory (-41) = 0 
CORRECTING DEFECT 18 (vertices=6, convex hull=19, v0=45157)
After retessellation of defect 18 (v0=45157), euler #=-40 (111613,333143,221490) : difference with theory (-40) = 0 
CORRECTING DEFECT 19 (vertices=6, convex hull=31, v0=46471)
After retessellation of defect 19 (v0=46471), euler #=-39 (111614,333156,221503) : difference with theory (-39) = 0 
CORRECTING DEFECT 20 (vertices=47, convex hull=39, v0=46961)
After retessellation of defect 20 (v0=46961), euler #=-38 (111625,333203,221540) : difference with theory (-38) = 0 
CORRECTING DEFECT 21 (vertices=360, convex hull=77, v0=47314)
After retessellation of defect 21 (v0=47314), euler #=-37 (111674,333387,221676) : difference with theory (-37) = 0 
CORRECTING DEFECT 22 (vertices=234, convex hull=274, v0=47788)
After retessellation of defect 22 (v0=47788), euler #=-35 (111779,333834,222020) : difference with theory (-36) = -1 
CORRECTING DEFECT 23 (vertices=6, convex hull=32, v0=50893)
After retessellation of defect 23 (v0=50893), euler #=-34 (111782,333851,222035) : difference with theory (-35) = -1 
CORRECTING DEFECT 24 (vertices=258, convex hull=46, v0=54079)
After retessellation of defect 24 (v0=54079), euler #=-33 (111795,333906,222078) : difference with theory (-34) = -1 
CORRECTING DEFECT 25 (vertices=93, convex hull=98, v0=54578)
After retessellation of defect 25 (v0=54578), euler #=-32 (111825,334036,222179) : difference with theory (-33) = -1 
CORRECTING DEFECT 26 (vertices=25, convex hull=53, v0=60593)
After retessellation of defect 26 (v0=60593), euler #=-31 (111841,334104,222232) : difference with theory (-32) = -1 
CORRECTING DEFECT 27 (vertices=149, convex hull=263, v0=60975)
After retessellation of defect 27 (v0=60975), euler #=-30 (111850,334252,222372) : difference with theory (-31) = -1 
CORRECTING DEFECT 28 (vertices=1203, convex hull=205, v0=63323)
After retessellation of defect 28 (v0=63323), euler #=-29 (111998,334789,222762) : difference with theory (-30) = -1 
CORRECTING DEFECT 29 (vertices=90, convex hull=125, v0=66373)
After retessellation of defect 29 (v0=66373), euler #=-28 (112056,335018,222934) : difference with theory (-29) = -1 
CORRECTING DEFECT 30 (vertices=7, convex hull=17, v0=67106)
After retessellation of defect 30 (v0=67106), euler #=-27 (112058,335028,222943) : difference with theory (-28) = -1 
CORRECTING DEFECT 31 (vertices=102, convex hull=102, v0=69536)
After retessellation of defect 31 (v0=69536), euler #=-26 (112067,335098,223005) : difference with theory (-27) = -1 
CORRECTING DEFECT 32 (vertices=14, convex hull=24, v0=83855)
After retessellation of defect 32 (v0=83855), euler #=-25 (112072,335122,223025) : difference with theory (-26) = -1 
CORRECTING DEFECT 33 (vertices=11, convex hull=28, v0=83897)
After retessellation of defect 33 (v0=83897), euler #=-24 (112076,335145,223045) : difference with theory (-25) = -1 
CORRECTING DEFECT 34 (vertices=200, convex hull=150, v0=84615)
After retessellation of defect 34 (v0=84615), euler #=-23 (112126,335365,223216) : difference with theory (-24) = -1 
CORRECTING DEFECT 35 (vertices=159, convex hull=148, v0=85726)
After retessellation of defect 35 (v0=85726), euler #=-22 (112191,335635,223422) : difference with theory (-23) = -1 
CORRECTING DEFECT 36 (vertices=78, convex hull=50, v0=86573)
After retessellation of defect 36 (v0=86573), euler #=-21 (112200,335682,223461) : difference with theory (-22) = -1 
CORRECTING DEFECT 37 (vertices=44, convex hull=90, v0=87660)
After retessellation of defect 37 (v0=87660), euler #=-20 (112226,335799,223553) : difference with theory (-21) = -1 
CORRECTING DEFECT 38 (vertices=28, convex hull=49, v0=88965)
After retessellation of defect 38 (v0=88965), euler #=-19 (112238,335853,223596) : difference with theory (-20) = -1 
CORRECTING DEFECT 39 (vertices=26, convex hull=27, v0=90528)
After retessellation of defect 39 (v0=90528), euler #=-18 (112244,335880,223618) : difference with theory (-19) = -1 
CORRECTING DEFECT 40 (vertices=197, convex hull=125, v0=93110)
After retessellation of defect 40 (v0=93110), euler #=-17 (112261,335992,223714) : difference with theory (-18) = -1 
CORRECTING DEFECT 41 (vertices=32, convex hull=44, v0=93752)
After retessellation of defect 41 (v0=93752), euler #=-16 (112263,336015,223736) : difference with theory (-17) = -1 
CORRECTING DEFECT 42 (vertices=551, convex hull=135, v0=94889)
After retessellation of defect 42 (v0=94889), euler #=-16 (112341,336329,223972) : difference with theory (-16) = 0 
CORRECTING DEFECT 43 (vertices=184, convex hull=139, v0=95034)
After retessellation of defect 43 (v0=95034), euler #=-15 (112374,336493,224104) : difference with theory (-15) = 0 
CORRECTING DEFECT 44 (vertices=39, convex hull=55, v0=96416)
After retessellation of defect 44 (v0=96416), euler #=-14 (112394,336576,224168) : difference with theory (-14) = 0 
CORRECTING DEFECT 45 (vertices=339, convex hull=186, v0=98089)
After retessellation of defect 45 (v0=98089), euler #=-13 (112434,336787,224340) : difference with theory (-13) = 0 
CORRECTING DEFECT 46 (vertices=50, convex hull=48, v0=98583)
After retessellation of defect 46 (v0=98583), euler #=-12 (112443,336831,224376) : difference with theory (-12) = 0 
CORRECTING DEFECT 47 (vertices=69, convex hull=53, v0=100182)
After retessellation of defect 47 (v0=100182), euler #=-11 (112459,336899,224429) : difference with theory (-11) = 0 
CORRECTING DEFECT 48 (vertices=100, convex hull=93, v0=104064)
After retessellation of defect 48 (v0=104064), euler #=-10 (112490,337035,224535) : difference with theory (-10) = 0 
CORRECTING DEFECT 49 (vertices=166, convex hull=115, v0=104656)
After retessellation of defect 49 (v0=104656), euler #=-9 (112537,337232,224686) : difference with theory (-9) = 0 
CORRECTING DEFECT 50 (vertices=141, convex hull=137, v0=105095)
After retessellation of defect 50 (v0=105095), euler #=-8 (112596,337474,224870) : difference with theory (-8) = 0 
CORRECTING DEFECT 51 (vertices=146, convex hull=136, v0=105418)
After retessellation of defect 51 (v0=105418), euler #=-7 (112647,337689,225035) : difference with theory (-7) = 0 
CORRECTING DEFECT 52 (vertices=21, convex hull=58, v0=105616)
After retessellation of defect 52 (v0=105616), euler #=-6 (112656,337735,225073) : difference with theory (-6) = 0 
CORRECTING DEFECT 53 (vertices=158, convex hull=66, v0=111154)
After retessellation of defect 53 (v0=111154), euler #=-5 (112677,337825,225143) : difference with theory (-5) = 0 
CORRECTING DEFECT 54 (vertices=12, convex hull=22, v0=111282)
After retessellation of defect 54 (v0=111282), euler #=-4 (112679,337837,225154) : difference with theory (-4) = 0 
CORRECTING DEFECT 55 (vertices=7, convex hull=23, v0=111923)
After retessellation of defect 55 (v0=111923), euler #=-3 (112680,337847,225164) : difference with theory (-3) = 0 
CORRECTING DEFECT 56 (vertices=111, convex hull=94, v0=112076)
After retessellation of defect 56 (v0=112076), euler #=-2 (112721,338012,225289) : difference with theory (-2) = 0 
CORRECTING DEFECT 57 (vertices=97, convex hull=64, v0=112756)
After retessellation of defect 57 (v0=112756), euler #=-1 (112734,338079,225344) : difference with theory (-1) = 0 
CORRECTING DEFECT 58 (vertices=545, convex hull=164, v0=113487)
After retessellation of defect 58 (v0=113487), euler #=0 (112775,338279,225504) : difference with theory (0) = 0 
CORRECTING DEFECT 59 (vertices=22, convex hull=25, v0=115408)
After retessellation of defect 59 (v0=115408), euler #=1 (112778,338296,225519) : difference with theory (1) = 0 
CORRECTING DEFECT 60 (vertices=231, convex hull=66, v0=115925)
After retessellation of defect 60 (v0=115925), euler #=2 (112801,338397,225598) : difference with theory (2) = 0 
computing original vertex metric properties...
storing new metric properties...
computing tessellation statistics...
vertex spacing 0.90 +- 0.27 (0.03-->14.61) (max @ vno 93867 --> 100661)
face area -nan +- -nan (1000.00-->-1.00)
performing soap bubble on retessellated vertices for 0 iterations...
vertex spacing 0.90 +- 0.27 (0.03-->14.61) (max @ vno 93867 --> 100661)
face area -nan +- -nan (1000.00-->-1.00)
tessellation finished, orienting corrected surface...
204 mutations (33.7%), 401 crossovers (66.3%), 566 vertices were eliminated
building final representation...
6109 vertices and 0 faces have been removed from triangulation
after topology correction, eno=2 (nv=112801, nf=225598, ne=338397, g=0)
writing corrected surface to /out/sourcedata/freesurfer/sub-v1s16x0051166_ses-1/surf/rh.orig.premesh...

0.000 % of the vertices (0 vertices) exhibit an orientation change
removing intersecting faces
000: 583 intersecting
001: 63 intersecting
002: 4 intersecting
terminating search with 0 intersecting
topology fixing took 2.9 minutes
FSRUNTIME@ mris_fix_topology rh  0.0486 hours 16 threads
#VMPC# mris_fix_topology VmPeak  2077844

 mris_euler_number ../surf/rh.orig.premesh 

euler # = v-e+f = 2g-2: 112801 - 338397 + 225598 = 2 --> 0 holes
      F =2V-4:          225598 = 225602-4 (0)
      2E=3F:            676794 = 676794 (0)

total defect index = 0
Sun Mar  8 23:45:07 CET 2026

setenv SUBJECTS_DIR /out/sourcedata/freesurfer
cd /out/sourcedata/freesurfer/sub-v1s16x0051166_ses-1/scripts
/opt/freesurfer/bin/defect2seg --s sub-v1s16x0051166_ses-1 --rh-only --cortex

freesurfer-linux-ubuntu22_x86_64-7.3.2-20220804-6354275
defect2seg 7.3.2
Linux dna078 5.14.0-427.37.1.el9_4.x86_64 #1 SMP PREEMPT_DYNAMIC Fri Sep 13 12:41:50 EDT 2024 x86_64 x86_64 x86_64 GNU/Linux
pid 3119761
mri_label2label --label-cortex /out/sourcedata/freesurfer/sub-v1s16x0051166_ses-1/surf/rh.orig.nofix /out/sourcedata/freesurfer/sub-v1s16x0051166_ses-1/mri/aseg.presurf.mgz 0 /out/sourcedata/freesurfer/sub-v1s16x0051166_ses-1/label/rh.nofix.cortex.label

 Generating cortex label... RemoveHipAmgy=0
 NucAccIsMedialWall=0
 mris->useRealRAS=0
21 non-cortical segments detected
only using segment with 6830 vertices
erasing segment 0 (vno[0] = 33726)
erasing segment 2 (vno[0] = 42587)
erasing segment 3 (vno[0] = 63899)
erasing segment 4 (vno[0] = 67251)
erasing segment 5 (vno[0] = 68055)
erasing segment 6 (vno[0] = 70147)
erasing segment 7 (vno[0] = 71943)
erasing segment 8 (vno[0] = 76405)
erasing segment 9 (vno[0] = 77315)
erasing segment 10 (vno[0] = 79564)
erasing segment 11 (vno[0] = 80404)
erasing segment 12 (vno[0] = 81183)
erasing segment 13 (vno[0] = 81919)
erasing segment 14 (vno[0] = 81994)
erasing segment 15 (vno[0] = 82008)
erasing segment 16 (vno[0] = 82973)
erasing segment 17 (vno[0] = 83839)
erasing segment 18 (vno[0] = 87154)
erasing segment 19 (vno[0] = 94182)
erasing segment 20 (vno[0] = 100534)
mri_label2vol --defects /out/sourcedata/freesurfer/sub-v1s16x0051166_ses-1/surf/rh.orig.nofix /out/sourcedata/freesurfer/sub-v1s16x0051166_ses-1/surf/rh.defect_labels /out/sourcedata/freesurfer/sub-v1s16x0051166_ses-1/mri/orig.mgz 2000 0 /out/sourcedata/freesurfer/sub-v1s16x0051166_ses-1/mri/rh.surface.defects.mgz /out/sourcedata/freesurfer/sub-v1s16x0051166_ses-1/label/rh.nofix.cortex.label
mri_label2vol supposed to be reproducible but seed not set
Contraining to label /out/sourcedata/freesurfer/sub-v1s16x0051166_ses-1/label/rh.nofix.cortex.label
Changing input type 0 to MRI_INT
Converting defects to volume: offset=2000, merge=0
Writing to /out/sourcedata/freesurfer/sub-v1s16x0051166_ses-1/mri/rh.surface.defects.mgz
mris_defects_pointset -s /out/sourcedata/freesurfer/sub-v1s16x0051166_ses-1/surf/rh.orig.nofix -d /out/sourcedata/freesurfer/sub-v1s16x0051166_ses-1/surf/rh.defect_labels -o /out/sourcedata/freesurfer/sub-v1s16x0051166_ses-1/surf/rh.defects.pointset --label /out/sourcedata/freesurfer/sub-v1s16x0051166_ses-1/label/rh.nofix.cortex.label
Reading in surface /out/sourcedata/freesurfer/sub-v1s16x0051166_ses-1/surf/rh.orig.nofix
Reading in defect segmentation /out/sourcedata/freesurfer/sub-v1s16x0051166_ses-1/surf/rh.defect_labels
Reading in label /out/sourcedata/freesurfer/sub-v1s16x0051166_ses-1/label/rh.nofix.cortex.label
#VMPC# mris_defects_pointset 1286736
mris_defects_pointset done
 
Started at Sun Mar 8 23:45:07 CET 2026 
Ended   at Sun Mar  8 23:45:15 CET 2026
Defect2seg-Run-Time-Sec 8
Defect2seg-Run-Time-Min 0.16
Defect2seg-Run-Time-Hours 0.00
 
tkmeditfv sub-v1s16x0051166_ses-1 brain.finalsurfs.mgz -defect
defect2seg Done

 mris_remesh --remesh --iters 3 --input /out/sourcedata/freesurfer/sub-v1s16x0051166_ses-1/surf/rh.orig.premesh --output /out/sourcedata/freesurfer/sub-v1s16x0051166_ses-1/surf/rh.orig 

iters = 3
standard remeshing without target
   adjusted l: 0.716633
remeshing to edge length 0.716633 with 3 iterations

avg qual before   : 0.888808  after: 0.971118

Removing intersections
Remeshed surface quality stats nv0 = 112801  nv = 116997  1.0372
Area    233990  0.30736  0.03425 0.079093   0.4681
Corner  701970 60.00000  8.81150 16.930845 145.2416
Edge    350985  0.85056  0.08318 0.465452   1.2369
Hinge   350985 10.10598 10.59250 0.000014 151.1283
mris_remesh done
/out/sourcedata/freesurfer/sub-v1s16x0051166_ses-1/scripts

 mris_remove_intersection ../surf/rh.orig ../surf/rh.orig 

intersection removal took 0.00 hours
writing corrected surface to ../surf/rh.orig

 rm -f ../surf/rh.inflated 

#--------------------------------------------
#@# AutoDetGWStats rh Sun Mar  8 23:45:37 CET 2026
cd /out/sourcedata/freesurfer/sub-v1s16x0051166_ses-1/mri
mris_autodet_gwstats --o ../surf/autodet.gw.stats.rh.dat --i brain.finalsurfs.mgz --wm wm.mgz --surf ../surf/rh.orig.premesh
7.3.2

cd /out/sourcedata/freesurfer/sub-v1s16x0051166_ses-1/mri
setenv SUBJECTS_DIR /out/sourcedata/freesurfer
mris_autodet_gwstats --o ../surf/autodet.gw.stats.rh.dat --i brain.finalsurfs.mgz --wm wm.mgz --surf ../surf/rh.orig.premesh 

border white:    205126 voxels (1.22%)
border gray      241272 voxels (1.44%)
Reading in intensity volume brain.finalsurfs.mgz
Reading in wm volume wm.mgz
Reading in surf ../surf/rh.orig.premesh
Auto detecting stats
MRIclipBrightWM(): nthresh=10545, wmmin=5, clip=110 
Binarizing thresholding at 5
computing class statistics... low=30, hi=110.000000
CCS WM (96.0): 96.4 +- 8.2 [70.0 --> 110.0]
CCS GM (72.0) : 71.2 +- 11.4 [30.0 --> 110.0]
white_mean = 96.3658 +/- 8.23776, gray_mean = 71.2132 +/- 11.4088
using class modes intead of means, discounting robust sigmas....
MRIScomputeClassModes(): min=0 max=255 nbins=256
intensity peaks found at WM=100+-7.0,    GM=66+-8.7
white_mode = 100, gray_mode = 66
std_scale = 1
Applying sanity checks, max_scale_down = 0.2
setting MIN_GRAY_AT_WHITE_BORDER to 54.6 (was 70.000000)
setting MAX_BORDER_WHITE to 108.2 (was 105.000000)
setting MIN_BORDER_WHITE to 66.0 (was 85.000000)
setting MAX_CSF to 43.2 (was 40.000000)
setting MAX_GRAY to 91.8 (was 95.000000)
setting MAX_GRAY_AT_CSF_BORDER to 54.6 (was 75.000000)
setting MIN_GRAY_AT_CSF_BORDER to 31.8 (was 40.000000)
When placing the white surface
  white_border_hi   = 108.238;
  white_border_low  = 66;
  white_outside_low = 54.5912;
  white_inside_hi   = 120;
  white_outside_hi  = 108.238;
When placing the pial surface
  pial_border_hi   = 54.5912;
  pial_border_low  = 31.7735;
  pial_outside_low = 10;
  pial_inside_hi   = 91.7622;
  pial_outside_hi  = 48.8868;
#VMPC# mris_autodet_gwstats VmPeak  1315276
mris_autodet_gwstats done
#--------------------------------------------
#@# WhitePreAparc rh Sun Mar  8 23:45:39 CET 2026
cd /out/sourcedata/freesurfer/sub-v1s16x0051166_ses-1/mri
mris_place_surface --adgws-in ../surf/autodet.gw.stats.rh.dat --wm wm.mgz --threads 16 --invol brain.finalsurfs.mgz --rh --i ../surf/rh.orig --o ../surf/rh.white.preaparc --white --seg aseg.presurf.mgz --nsmooth 5
7.3.2
7.3.2

cd /out/sourcedata/freesurfer/sub-v1s16x0051166_ses-1/mri
setenv SUBJECTS_DIR /out/sourcedata/freesurfer
mris_place_surface --adgws-in ../surf/autodet.gw.stats.rh.dat --wm wm.mgz --threads 16 --invol brain.finalsurfs.mgz --rh --i ../surf/rh.orig --o ../surf/rh.white.preaparc --white --seg aseg.presurf.mgz --nsmooth 5 

Reading in input surface ../surf/rh.orig
Smoothing surface before ripping with 5 iterations
Area    233990  0.27023  0.06655 0.002517   0.5998
Corner  701970 60.00000  9.55143 8.909747 146.6503
Edge    350985  0.79309  0.11998 0.052443   1.3322
Hinge   350985  6.65985  6.82470 0.000022 140.9834
Not reading in aparc
Reading in input volume brain.finalsurfs.mgz
Reading in wm volume wm.mgz
MRIclipBrightWM(): nthresh=10545, wmmin=5, clip=110 
MRIfindBrightNonWM(): 2331 bright non-wm voxels segmented.
Masking bright non-wm for white surface
MRImask(): AllowDiffGeom = 1
MRImask(): AllowDiffGeom = 1
Reading in seg volume aseg.presurf.mgz
Ripping frozen voxels
INFO: rip surface needed but not specified, so using input surface
Freezing midline and others
Entering: MRISripMidline(): inhibiting deformation at non-cortical midline structures...
  which=1, fix_mtl=0, using annot = 0
#FML0# MRISripMidline(): nripped=0
#FML# MRISripMidline(): nmarked=6201, nmarked2=7, nripped=6201
Ripping segs (eg, WMSA, BG, frozen)
Starting MRISripSegs() d = (-2 2 0.5) segnos: 247 
MRISripSegs(): -2 2 0.5 ripped 0
vertex 58499: xyz = (2.79549,1.71081,46.8108) oxyz = (2.79549,1.71081,46.8108) wxzy = (2.79549,1.71081,46.8108) pxyz = (0,0,0) 
CBVO Creating mask 116997
n_averages 4
Iteration 0 =========================================
n_averages=4, current_sigma=2
Freezing midline and others
Ripping frozen voxels
INFO: rip surface needed but not specified, so using input surface
Freezing midline and others
Entering: MRISripMidline(): inhibiting deformation at non-cortical midline structures...
  which=1, fix_mtl=0, using annot = 0
#FML0# MRISripMidline(): nripped=6201
#FML# MRISripMidline(): nmarked=6201, nmarked2=7, nripped=6201
Ripping segs (eg, WMSA, BG, frozen)
Starting MRISripSegs() d = (-2 2 0.5) segnos: 247 247 
MRISripSegs(): -2 2 0.5 ripped 0
Computing target border values 
Entering MRIScomputeBorderValues_new(): 
  inside_hi   = 120.0000000;
  border_hi   = 108.2377620;
  border_low  =  66.0000000;
  outside_low =  54.5911830;
  outside_hi  = 108.2377620;
  sigma = 2;
  max_thickness = 10;
  step_size=0.5;
  STEP_SIZE=0.1;
  which = 1
  thresh = 0
  flags = 0
  CBVfindFirstPeakD1=0
  CBVfindFirstPeakD2=0
  nvertices=116997
  Gdiag_no=-1
  vno start=0, stop=116997
Replacing 255s with 0s
#SI# sigma=2 had to be increased for 249 vertices, nripped=6201
mean border=79.4, 161 (161) missing vertices, mean dist 0.3 [0.6 (%37.1)->0.8 (%62.9))]
%64 local maxima, %31 large gradients and % 0 min vals, 0 gradients ignored
nFirstPeakD1 0
MRIScomputeBorderValues_new() finished in 0.0101 min


Finding expansion regions
mean absolute distance = 0.70 +- 0.91
3786 vertices more than 2 sigmas from mean.
Averaging target values for 5 iterations...
Positioning Surface: tspring = 0.3, nspring = 0.3, spring = 0, niters = 100 l_repulse = 5, l_surf_repulse = 0, checktol = 0
Positioning pial surface
Entering MRISpositionSurface()
  max_mm = 0.3
  MAX_REDUCTIONS = 2, REDUCTION_PCT = 0.5
  parms->check_tol = 0, niterations = 100
tol=1.0e-04, sigma=2.0, host=dna07, nav=4, nbrs=2, l_repulse=5.000, l_tspring=0.300, l_nspring=0.300, l_intensity=0.200, l_curv=1.000
mom=0.00, dt=0.50
complete_dist_mat 0
rms 0
smooth_averages 0
remove_neg 0
ico_order 0
which_surface 0
target_radius 0.000000
nfields 0
scale 0.000000
desired_rms_height 0.000000
momentum 0.000000
nbhd_size 0
max_nbrs 0
niterations 100
nsurfaces 0
SURFACES 3
flags 0 (0)
use curv 0
no sulc 0
no rigid align 0
mris->nsize 2
mris->hemisphere 1
randomSeed 0

000: dt: 0.0000, sse=2315744.2, rms=9.930
001: dt: 0.5000, sse=1284076.2, rms=7.234 (27.151%)
002: dt: 0.5000, sse=849299.9, rms=5.720 (20.925%)
003: dt: 0.5000, sse=641775.0, rms=4.814 (15.848%)
004: dt: 0.5000, sse=526055.2, rms=4.231 (12.110%)
005: dt: 0.5000, sse=472881.9, rms=3.905 (7.709%)
006: dt: 0.5000, sse=439025.6, rms=3.693 (5.420%)
007: dt: 0.5000, sse=429331.5, rms=3.598 (2.562%)
008: dt: 0.5000, sse=417953.1, rms=3.515 (2.315%)
rms = 3.4946/3.5150, sse=414688.7/417953.1, time step reduction 1 of 3 to 0.250  0 0 1
009: dt: 0.5000, sse=414688.7, rms=3.495 (0.580%)
010: dt: 0.2500, sse=251829.1, rms=2.189 (37.348%)
011: dt: 0.2500, sse=224270.0, rms=1.932 (11.747%)
012: dt: 0.2500, sse=222264.9, rms=1.864 (3.527%)
rms = 1.8319/1.8641, sse=218603.8/222264.9, time step reduction 2 of 3 to 0.125  0 0 1
013: dt: 0.2500, sse=218603.8, rms=1.832 (1.727%)
014: dt: 0.1250, sse=211172.1, rms=1.746 (4.663%)
rms = 1.7218/1.7464, sse=208957.7/211172.1, time step reduction 3 of 3 to 0.062  0 0 1
015: dt: 0.1250, sse=208957.7, rms=1.722 (1.414%)
  maximum number of reductions reached, breaking from loop
positioning took 0.9 minutes
Iteration 1 =========================================
n_averages=2, current_sigma=1
Freezing midline and others
Ripping frozen voxels
INFO: rip surface needed but not specified, so using input surface
Freezing midline and others
Entering: MRISripMidline(): inhibiting deformation at non-cortical midline structures...
  which=1, fix_mtl=0, using annot = 0
#FML0# MRISripMidline(): nripped=6201
removing 3 vertices from ripped group in thread:0
removing 3 vertices from ripped group in thread:0
removing 1 vertices from ripped group in thread:0
removing 3 vertices from ripped group in thread:0
#FML# MRISripMidline(): nmarked=6371, nmarked2=7, nripped=6371
Ripping segs (eg, WMSA, BG, frozen)
Starting MRISripSegs() d = (-2 2 0.5) segnos: 247 247 247 
MRISripSegs(): -2 2 0.5 ripped 0
Computing target border values 
Entering MRIScomputeBorderValues_new(): 
  inside_hi   = 120.0000000;
  border_hi   = 108.2377620;
  border_low  =  66.0000000;
  outside_low =  54.5911830;
  outside_hi  = 108.2377620;
  sigma = 1;
  max_thickness = 10;
  step_size=0.5;
  STEP_SIZE=0.1;
  which = 1
  thresh = 0
  flags = 0
  CBVfindFirstPeakD1=0
  CBVfindFirstPeakD2=0
  nvertices=116997
  Gdiag_no=-1
  vno start=0, stop=116997
Replacing 255s with 0s
#SI# sigma=1 had to be increased for 268 vertices, nripped=6371
mean border=81.2, 177 (17) missing vertices, mean dist -0.1 [0.4 (%65.5)->0.3 (%34.5))]
%67 local maxima, %27 large gradients and % 0 min vals, 0 gradients ignored
nFirstPeakD1 0
MRIScomputeBorderValues_new() finished in 0.0070 min


Finding expansion regions
mean absolute distance = 0.35 +- 0.70
2989 vertices more than 2 sigmas from mean.
Averaging target values for 5 iterations...
Positioning Surface: tspring = 0.3, nspring = 0.3, spring = 0, niters = 100 l_repulse = 5, l_surf_repulse = 0, checktol = 0
Positioning pial surface
Entering MRISpositionSurface()
  max_mm = 0.3
  MAX_REDUCTIONS = 2, REDUCTION_PCT = 0.5
  parms->check_tol = 0, niterations = 100
tol=1.0e-04, sigma=1.0, host=dna07, nav=2, nbrs=2, l_repulse=5.000, l_tspring=0.300, l_nspring=0.300, l_intensity=0.200, l_curv=1.000
mom=0.00, dt=0.50
000: dt: 0.0000, sse=445140.8, rms=3.435
016: dt: 0.5000, sse=360201.8, rms=2.677 (22.069%)
rms = 2.7616/2.6768, sse=363411.8/360201.7, time step reduction 1 of 3 to 0.250  0 1 1
   RMS increased, rejecting step
017: dt: 0.2500, sse=281128.2, rms=2.013 (24.800%)
018: dt: 0.2500, sse=272018.0, rms=1.676 (16.751%)
019: dt: 0.2500, sse=261369.7, rms=1.565 (6.582%)
rms = 1.5338/1.5654, sse=251028.9/261369.7, time step reduction 2 of 3 to 0.125  0 0 1
020: dt: 0.2500, sse=251028.8, rms=1.534 (2.018%)
021: dt: 0.1250, sse=247501.8, rms=1.471 (4.109%)
rms = 1.4404/1.4708, sse=238908.8/247501.8, time step reduction 3 of 3 to 0.062  0 0 1
022: dt: 0.1250, sse=238908.8, rms=1.440 (2.071%)
  maximum number of reductions reached, breaking from loop
positioning took 0.4 minutes
Iteration 2 =========================================
n_averages=1, current_sigma=0.5
Freezing midline and others
Ripping frozen voxels
INFO: rip surface needed but not specified, so using input surface
Freezing midline and others
Entering: MRISripMidline(): inhibiting deformation at non-cortical midline structures...
  which=1, fix_mtl=0, using annot = 0
#FML0# MRISripMidline(): nripped=6371
removing 4 vertices from ripped group in thread:0
removing 3 vertices from ripped group in thread:0
removing 2 vertices from ripped group in thread:0
removing 3 vertices from ripped group in thread:0
removing 3 vertices from ripped group in thread:0
#FML# MRISripMidline(): nmarked=6397, nmarked2=7, nripped=6397
Ripping segs (eg, WMSA, BG, frozen)
Starting MRISripSegs() d = (-2 2 0.5) segnos: 247 247 247 247 
MRISripSegs(): -2 2 0.5 ripped 0
Computing target border values 
Entering MRIScomputeBorderValues_new(): 
  inside_hi   = 120.0000000;
  border_hi   = 108.2377620;
  border_low  =  66.0000000;
  outside_low =  54.5911830;
  outside_hi  = 108.2377620;
  sigma = 0.5;
  max_thickness = 10;
  step_size=0.5;
  STEP_SIZE=0.1;
  which = 1
  thresh = 0
  flags = 0
  CBVfindFirstPeakD1=0
  CBVfindFirstPeakD2=0
  nvertices=116997
  Gdiag_no=-1
  vno start=0, stop=116997
Replacing 255s with 0s
#SI# sigma=0.5 had to be increased for 316 vertices, nripped=6397
mean border=82.4, 196 (13) missing vertices, mean dist -0.1 [0.3 (%59.4)->0.2 (%40.6))]
%72 local maxima, %22 large gradients and % 0 min vals, 0 gradients ignored
nFirstPeakD1 0
MRIScomputeBorderValues_new() finished in 0.0039 min


Finding expansion regions
mean absolute distance = 0.30 +- 0.54
3048 vertices more than 2 sigmas from mean.
Averaging target values for 5 iterations...
Positioning Surface: tspring = 0.3, nspring = 0.3, spring = 0, niters = 100 l_repulse = 5, l_surf_repulse = 0, checktol = 0
Positioning pial surface
Entering MRISpositionSurface()
  max_mm = 0.3
  MAX_REDUCTIONS = 2, REDUCTION_PCT = 0.5
  parms->check_tol = 0, niterations = 100
tol=1.0e-04, sigma=0.5, host=dna07, nav=1, nbrs=2, l_repulse=5.000, l_tspring=0.300, l_nspring=0.300, l_intensity=0.200, l_curv=1.000
mom=0.00, dt=0.50
000: dt: 0.0000, sse=308422.0, rms=2.284
rms = 2.2840/2.2840, sse=317374.0/308422.0, time step reduction 1 of 3 to 0.250  0 1 1
023: dt: 0.5000, sse=317374.0, rms=2.284 (0.001%)
024: dt: 0.2500, sse=253142.7, rms=1.541 (32.551%)
025: dt: 0.2500, sse=247107.1, rms=1.441 (6.450%)
rms = 1.4326/1.4412, sse=242197.0/247107.1, time step reduction 2 of 3 to 0.125  0 0 1
026: dt: 0.2500, sse=242197.0, rms=1.433 (0.596%)
027: dt: 0.1250, sse=232126.3, rms=1.325 (7.528%)
rms = 1.2931/1.3247, sse=235227.2/232126.3, time step reduction 3 of 3 to 0.062  0 1 1
028: dt: 0.1250, sse=235227.2, rms=1.293 (2.389%)
  maximum number of reductions reached, breaking from loop
positioning took 0.3 minutes
Iteration 3 =========================================
n_averages=0, current_sigma=0.25
Freezing midline and others
Ripping frozen voxels
INFO: rip surface needed but not specified, so using input surface
Freezing midline and others
Entering: MRISripMidline(): inhibiting deformation at non-cortical midline structures...
  which=1, fix_mtl=0, using annot = 0
#FML0# MRISripMidline(): nripped=6397
removing 2 vertices from ripped group in thread:0
removing 3 vertices from ripped group in thread:0
removing 3 vertices from ripped group in thread:0
removing 3 vertices from ripped group in thread:0
#FML# MRISripMidline(): nmarked=6411, nmarked2=7, nripped=6411
Ripping segs (eg, WMSA, BG, frozen)
Starting MRISripSegs() d = (-2 2 0.5) segnos: 247 247 247 247 247 
MRISripSegs(): -2 2 0.5 ripped 0
Computing target border values 
Entering MRIScomputeBorderValues_new(): 
  inside_hi   = 120.0000000;
  border_hi   = 108.2377620;
  border_low  =  66.0000000;
  outside_low =  54.5911830;
  outside_hi  = 108.2377620;
  sigma = 0.25;
  max_thickness = 10;
  step_size=0.5;
  STEP_SIZE=0.1;
  which = 1
  thresh = 0
  flags = 0
  CBVfindFirstPeakD1=0
  CBVfindFirstPeakD2=0
  nvertices=116997
  Gdiag_no=-1
  vno start=0, stop=116997
Replacing 255s with 0s
#SI# sigma=0.25 had to be increased for 299 vertices, nripped=6411
mean border=82.9, 251 (12) missing vertices, mean dist -0.1 [0.3 (%53.2)->0.3 (%46.8))]
%76 local maxima, %17 large gradients and % 1 min vals, 0 gradients ignored
nFirstPeakD1 0
MRIScomputeBorderValues_new() finished in 0.0025 min


Finding expansion regions
mean absolute distance = 0.29 +- 0.47
3021 vertices more than 2 sigmas from mean.
Averaging target values for 5 iterations...
Positioning Surface: tspring = 0.3, nspring = 0.3, spring = 0, niters = 100 l_repulse = 5, l_surf_repulse = 0, checktol = 0
Positioning pial surface
Entering MRISpositionSurface()
  max_mm = 0.3
  MAX_REDUCTIONS = 2, REDUCTION_PCT = 0.5
  parms->check_tol = 0, niterations = 100
tol=1.0e-04, sigma=0.2, host=dna07, nav=0, nbrs=2, l_repulse=5.000, l_tspring=0.300, l_nspring=0.300, l_intensity=0.200, l_curv=1.000
mom=0.00, dt=0.50
000: dt: 0.0000, sse=275300.7, rms=1.874
rms = 2.2546/1.8736, sse=312358.3/275300.7, time step reduction 1 of 3 to 0.250  0 1 1
   RMS increased, rejecting step
029: dt: 0.2500, sse=241156.6, rms=1.397 (25.427%)
030: dt: 0.2500, sse=230974.9, rms=1.308 (6.395%)
rms = 1.4624/1.3079, sse=239425.0/230974.9, time step reduction 2 of 3 to 0.125  0 1 1
   RMS increased, rejecting step
031: dt: 0.1250, sse=222808.6, rms=1.198 (8.415%)
032: dt: 0.1250, sse=220224.8, rms=1.110 (7.300%)
rms = 1.0645/1.1104, sse=219880.9/220224.7, time step reduction 3 of 3 to 0.062  0 0 1
033: dt: 0.1250, sse=219880.9, rms=1.065 (4.126%)
  maximum number of reductions reached, breaking from loop
positioning took 0.4 minutes


Writing output to ../surf/rh.white.preaparc
#ET# mris_place_surface  2.11 minutes
#VMPC# mris_place_surfaces VmPeak  3019568
mris_place_surface done
#--------------------------------------------
#@# CortexLabel rh Sun Mar  8 23:47:50 CET 2026
cd /out/sourcedata/freesurfer/sub-v1s16x0051166_ses-1/mri
mri_label2label --label-cortex ../surf/rh.white.preaparc aseg.presurf.mgz 0 ../label/rh.cortex.label

 Generating cortex label... RemoveHipAmgy=0
 NucAccIsMedialWall=0
 mris->useRealRAS=0
9 non-cortical segments detected
only using segment with 6819 vertices
erasing segment 1 (vno[0] = 36069)
erasing segment 2 (vno[0] = 50002)
erasing segment 3 (vno[0] = 51444)
erasing segment 4 (vno[0] = 52580)
erasing segment 5 (vno[0] = 56375)
erasing segment 6 (vno[0] = 61281)
erasing segment 7 (vno[0] = 66620)
erasing segment 8 (vno[0] = 95013)
#--------------------------------------------
#@# CortexLabel+HipAmyg rh Sun Mar  8 23:47:57 CET 2026
cd /out/sourcedata/freesurfer/sub-v1s16x0051166_ses-1/mri
mri_label2label --label-cortex ../surf/rh.white.preaparc aseg.presurf.mgz 1 ../label/rh.cortex+hipamyg.label

 Generating cortex label... RemoveHipAmgy=1
 NucAccIsMedialWall=0
 mris->useRealRAS=0
9 non-cortical segments detected
only using segment with 4918 vertices
erasing segment 1 (vno[0] = 36069)
erasing segment 2 (vno[0] = 37379)
erasing segment 3 (vno[0] = 51444)
erasing segment 4 (vno[0] = 56375)
erasing segment 5 (vno[0] = 58836)
erasing segment 6 (vno[0] = 61281)
erasing segment 7 (vno[0] = 66620)
erasing segment 8 (vno[0] = 95013)
#--------------------------------------------
#@# Smooth2 rh Sun Mar  8 23:48:05 CET 2026
/out/sourcedata/freesurfer/sub-v1s16x0051166_ses-1/scripts

 mris_smooth -n 3 -nw -seed 1234 ../surf/rh.white.preaparc ../surf/rh.smoothwm 

smoothing for 3 iterations
setting seed for random number generator to 1234
smoothing surface tessellation for 3 iterations...
smoothing complete - recomputing first and second fundamental forms...
#--------------------------------------------
#@# Inflation2 rh Sun Mar  8 23:48:07 CET 2026
/out/sourcedata/freesurfer/sub-v1s16x0051166_ses-1/scripts

 mris_inflate ../surf/rh.smoothwm ../surf/rh.inflated 

Reading ../surf/rh.smoothwm
avg radius = 45.8 mm, total surface area = 73503 mm^2
step 000: RMS=0.178 (target=0.015)   step 005: RMS=0.121 (target=0.015)   step 010: RMS=0.095 (target=0.015)   step 015: RMS=0.081 (target=0.015)   step 020: RMS=0.068 (target=0.015)   step 025: RMS=0.056 (target=0.015)   step 030: RMS=0.047 (target=0.015)   step 035: RMS=0.042 (target=0.015)   step 040: RMS=0.037 (target=0.015)   step 045: RMS=0.033 (target=0.015)   step 050: RMS=0.030 (target=0.015)   step 055: RMS=0.029 (target=0.015)   step 060: RMS=0.027 (target=0.015)   writing inflated surface to ../surf/rh.inflated
writing sulcal depths to ../surf/rh.sulc

inflation complete.
inflation took 0.1 minutes
mris_inflate utimesec    36.226011
mris_inflate stimesec    0.440828
mris_inflate ru_maxrss   180260
mris_inflate ru_ixrss    0
mris_inflate ru_idrss    0
mris_inflate ru_isrss    0
mris_inflate ru_minflt   111301
mris_inflate ru_majflt   12
mris_inflate ru_nswap    0
mris_inflate ru_inblock  0
mris_inflate ru_oublock  9152
mris_inflate ru_msgsnd   0
mris_inflate ru_msgrcv   0
mris_inflate ru_nsignals 0
mris_inflate ru_nvcsw    4471
mris_inflate ru_nivcsw   1320
#--------------------------------------------
#@# Curv .H and .K rh Sun Mar  8 23:48:14 CET 2026
/out/sourcedata/freesurfer/sub-v1s16x0051166_ses-1/surf

 mris_curvature -w -seed 1234 rh.white.preaparc 

setting seed for random number generator to 1234
total integrated curvature = 26.282*4pi (330.263) --> -25 handles
ICI = 179.0, FI = 1381.2, variation=23082.114
writing Gaussian curvature to ./rh.white.preaparc.K...done.
writing mean curvature to ./rh.white.preaparc.H...done.
rm -f rh.white.H
ln -s rh.white.preaparc.H rh.white.H
rm -f rh.white.K
ln -s rh.white.preaparc.K rh.white.K

 mris_curvature -seed 1234 -thresh .999 -n -a 5 -w -distances 10 10 rh.inflated 

setting seed for random number generator to 1234
normalizing curvature values.
averaging curvature patterns 5 times.
sampling 10 neighbors out to a distance of 10 mm
132 vertices thresholded to be in k1 ~ [-1.75 0.80], k2 ~ [-0.45 0.33]
total integrated curvature = 0.131*4pi (1.643) --> 1 handles
ICI = 1.3, FI = 9.9, variation=167.240
143 vertices thresholded to be in [-0.15 0.09]
writing Gaussian curvature to ./rh.inflated.K...thresholding curvature at 99.90% level
curvature mean = 0.000, std = 0.004
97 vertices thresholded to be in [-0.56 0.31]
done.
writing mean curvature to ./rh.inflated.H...curvature mean = -0.018, std = 0.031
done.
#--------------------------------------------
#@# Sphere rh Sun Mar  8 23:48:44 CET 2026
/out/sourcedata/freesurfer/sub-v1s16x0051166_ses-1/scripts

 mris_sphere -seed 1234 ../surf/rh.inflated ../surf/rh.sphere 

setting seed for random number genererator to 1234
version: 7.3.2
available threads: 16
reading original vertex positions...
projecting onto sphere...
surface projected - minimizing metric distortion...
scaling brain by 0.293...
MRISunfold() max_passes = 1 -------
tol=5.0e-01, sigma=0.0, host=dna07, nav=1024, nbrs=2, l_area=1.000, l_dist=1.000
using quadratic fit line minimization
complete_dist_mat 0
rms 0
smooth_averages 0
remove_neg 0
ico_order 0
which_surface 0
target_radius 0.000000
nfields 0
scale 1.000000
desired_rms_height -1.000000
momentum 0.900000
nbhd_size 7
max_nbrs 8
niterations 25
nsurfaces 0
SURFACES 3
flags 0 (0)
use curv 0
no sulc 0
no rigid align 0
mris->nsize 2
mris->hemisphere 1
randomSeed 1234

singular matrix in quadratic form
singular matrix in quadratic form
--------------------
  mrisRemoveNegativeArea()
pass 1: epoch 1 of 3 starting distance error %23.17
pass 1: epoch 2 of 3 starting distance error %23.07
unfolding complete - removing small folds...
starting distance error %22.71
removing remaining folds...
final distance error %22.77
MRISunfold() return, current seed 1234
-01: dt=0.0000,  17 negative triangles  VmPeak 1680180
238: dt=0.9900,  17 negative triangles
writing spherical brain to ../surf/rh.sphere
spherical transformation took 0.0395 hours
FSRUNTIME@ mris_sphere  0.0395 hours 16 threads
#VMPC# mris_sphere VmPeak  1680180
mris_sphere done
#--------------------------------------------
#@# Surf Reg rh Sun Mar  8 23:51:06 CET 2026
/out/sourcedata/freesurfer/sub-v1s16x0051166_ses-1/scripts

 mris_register -curv ../surf/rh.sphere /opt/freesurfer/average/rh.folding.atlas.acfb40.noaparc.i12.2016-08-02.tif ../surf/rh.sphere.reg 

using smoothwm curvature for final alignment

cwd /out/sourcedata/freesurfer/sub-v1s16x0051166_ses-1/scripts
cmdline mris_register -curv ../surf/rh.sphere /opt/freesurfer/average/rh.folding.atlas.acfb40.noaparc.i12.2016-08-02.tif ../surf/rh.sphere.reg 

0 inflated.H
1 sulc
2 smoothwm (computed)
7.3.2
  7.3.2
reading surface from ../surf/rh.sphere...
reading template parameterization from /opt/freesurfer/average/rh.folding.atlas.acfb40.noaparc.i12.2016-08-02.tif...
MRISregister() -------
max_passes = 4 
min_degrees = 0.500000 
max_degrees = 64.000000 
nangles = 8 
tol=5.0e-01, sigma=0.0, host=dna07, nav=1024, nbrs=1, l_extern=10000.000, l_parea=0.200, l_nlarea=1.000, l_corr=1.000, l_dist=5.000
using quadratic fit line minimization
complete_dist_mat 0
rms 0
smooth_averages 0
remove_neg 0
ico_order 0
which_surface 0
target_radius 0.000000
nfields 0
scale 0.000000
desired_rms_height -1.000000
momentum 0.950000
nbhd_size -10
max_nbrs 10
niterations 25
nsurfaces 0
SURFACES 3
flags 16 (10)
use curv 16
no sulc 0
no rigid align 0
mris->nsize 1
mris->hemisphere 1
randomSeed 0

tol=5.0e-01, sigma=0.0, host=dna07, nav=1024, nbrs=1, l_extern=10000.000, l_parea=0.200, l_nlarea=1.000, l_corr=1.000, l_dist=5.000
using quadratic fit line minimization
--------------------
1 Reading rh.sulc
tol=1.0e+00, sigma=0.5, host=dna07, nav=1024, nbrs=1, l_extern=10000.000, l_parea=0.200, l_nlarea=1.000, l_corr=0.050, l_spring=0.500, l_dist=5.000
using quadratic fit line minimization
curvature mean = -0.000, std = 5.583
curvature mean = 0.074, std = 0.811
curvature mean = 0.004, std = 0.872
Starting MRISrigidBodyAlignGlobal()
Starting new MRISrigidBodyAlignGlobal_findMinSSE()
  new MRISrigidBodyAlignGlobal_findMinSSE min @ (7.50, -14.50, 18.00) sse = 191802.4, elapsed since starting=0.0401 min
MRISrigidBodyAlignGlobal() done   0.04 min
curvature mean = 0.041, std = 0.837
curvature mean = 0.000, std = 0.950
curvature mean = 0.039, std = 0.847
curvature mean = 0.000, std = 0.979
curvature mean = 0.037, std = 0.850
curvature mean = 0.000, std = 0.991
2 Reading smoothwm
curvature mean = -0.027, std = 0.266
curvature mean = 0.042, std = 0.243
curvature mean = 0.046, std = 0.397
curvature mean = 0.032, std = 0.302
curvature mean = 0.038, std = 0.582
curvature mean = 0.031, std = 0.329
curvature mean = 0.019, std = 0.726
curvature mean = 0.030, std = 0.341
curvature mean = 0.005, std = 0.833
MRISregister() return, current seed 0
-01: dt=0.0000,  17 negative triangles  VmPeak 1571972
106: dt=0.9900,  17 negative triangles
expanding nbhd size to 1
107: dt=0.9900,  20 negative triangles
108: dt=0.9900,  17 negative triangles
109: dt=0.9900,  17 negative triangles
110: dt=0.9405,  20 negative triangles
111: dt=0.9405,  21 negative triangles
112: dt=0.9405,  20 negative triangles
113: dt=0.9405,  18 negative triangles
114: dt=0.9405,  16 negative triangles
115: dt=0.9405,  16 negative triangles
116: dt=0.9405,  15 negative triangles
117: dt=0.9405,  13 negative triangles
118: dt=0.9405,  13 negative triangles
119: dt=0.9405,  13 negative triangles
120: dt=0.9405,  12 negative triangles
121: dt=0.9405,  13 negative triangles
122: dt=0.9405,  13 negative triangles
123: dt=0.9405,  12 negative triangles
124: dt=0.9405,  12 negative triangles
125: dt=0.9405,  10 negative triangles
126: dt=0.9405,  10 negative triangles
127: dt=0.9405,  10 negative triangles
128: dt=0.9405,  10 negative triangles
129: dt=0.9405,  11 negative triangles
130: dt=0.9405,  12 negative triangles
131: dt=0.9405,  12 negative triangles
132: dt=0.9405,  11 negative triangles
133: dt=0.9405,  10 negative triangles
134: dt=0.9405,  10 negative triangles
135: dt=0.9405,   8 negative triangles
136: dt=0.9405,   8 negative triangles
137: dt=0.9405,   8 negative triangles
138: dt=0.9405,   7 negative triangles
139: dt=0.9405,   6 negative triangles
140: dt=0.9405,   5 negative triangles
141: dt=0.9405,   5 negative triangles
142: dt=0.9405,   3 negative triangles
143: dt=0.9405,   4 negative triangles
144: dt=0.9405,   3 negative triangles
145: dt=0.9405,   3 negative triangles
146: dt=0.9405,   2 negative triangles
147: dt=0.9405,   4 negative triangles
148: dt=0.9405,   1 negative triangles
149: dt=0.9405,   1 negative triangles
150: dt=0.9405,   2 negative triangles
151: dt=0.9405,   1 negative triangles
152: dt=0.9405,   1 negative triangles
153: dt=0.9405,   1 negative triangles
154: dt=0.9405,   1 negative triangles
writing registered surface to ../surf/rh.sphere.reg...
registration took 0.03 hours
#VMPC# mris_register VmPeak  1571972
FSRUNTIME@ mris_register  0.0331 hours 16 threads

 ln -sf rh.sphere.reg rh.fsaverage.sphere.reg 

#--------------------------------------------
#@# Jacobian white rh Sun Mar  8 23:53:06 CET 2026
/out/sourcedata/freesurfer/sub-v1s16x0051166_ses-1/scripts

 mris_jacobian ../surf/rh.white.preaparc ../surf/rh.sphere.reg ../surf/rh.jacobian_white 

reading surface from ../surf/rh.white.preaparc...
writing curvature file ../surf/rh.jacobian_white
#--------------------------------------------
#@# AvgCurv rh Sun Mar  8 23:53:06 CET 2026
/out/sourcedata/freesurfer/sub-v1s16x0051166_ses-1/scripts

 mrisp_paint -a 5 /opt/freesurfer/average/rh.folding.atlas.acfb40.noaparc.i12.2016-08-02.tif#6 ../surf/rh.sphere.reg ../surf/rh.avg_curv 

averaging curvature patterns 5 times...
reading surface from ../surf/rh.sphere.reg...
reading template parameterization from /opt/freesurfer/average/rh.folding.atlas.acfb40.noaparc.i12.2016-08-02.tif...
writing curvature file to ../surf/rh.avg_curv...
#-----------------------------------------
#@# Cortical Parc rh Sun Mar  8 23:53:07 CET 2026
/out/sourcedata/freesurfer/sub-v1s16x0051166_ses-1/scripts

 mris_ca_label -l ../label/rh.cortex.label -aseg ../mri/aseg.presurf.mgz -seed 1234 sub-v1s16x0051166_ses-1 rh ../surf/rh.sphere.reg /opt/freesurfer/average/rh.DKaparc.atlas.acfb40.noaparc.i12.2016-08-02.gcs ../label/rh.aparc.annot 

setting seed for random number generator to 1234
using ../mri/aseg.presurf.mgz aseg volume to correct midline
7.3.2
  7.3.2
reading atlas from /opt/freesurfer/average/rh.DKaparc.atlas.acfb40.noaparc.i12.2016-08-02.gcs...
reading color table from GCSA file....
average std = 0.7   using min determinant for regularization = 0.004
0 singular and 309 ill-conditioned covariance matrices regularized
input 0: MEAN CURVATURE, flags 0, avgs 5, name mean_curvature
labeling surface...
1084 labels changed using aseg
relabeling using gibbs priors...
000:   2475 changed, 116997 examined...
001:    545 changed, 10576 examined...
002:    114 changed, 3129 examined...
003:     35 changed, 698 examined...
004:      7 changed, 206 examined...
005:      5 changed, 47 examined...
006:      1 changed, 32 examined...
007:      1 changed, 7 examined...
008:      1 changed, 7 examined...
009:      0 changed, 6 examined...
180 labels changed using aseg
000: 89 total segments, 52 labels (198 vertices) changed
001: 39 total segments, 2 labels (2 vertices) changed
002: 37 total segments, 0 labels (0 vertices) changed
10 filter iterations complete (10 requested, 3 changed)
rationalizing unknown annotations with cortex label
relabeling unknown label...
relabeling corpuscallosum label...
1505 vertices marked for relabeling...
1505 labels changed in reclassification.
writing output to ../label/rh.aparc.annot...
classification took 0 minutes and 6 seconds.
#--------------------------------------------
#@# WhiteSurfs rh Sun Mar  8 23:53:12 CET 2026
cd /out/sourcedata/freesurfer/sub-v1s16x0051166_ses-1/mri
mris_place_surface --adgws-in ../surf/autodet.gw.stats.rh.dat --seg aseg.presurf.mgz --threads 16 --wm wm.mgz --invol brain.finalsurfs.mgz --rh --i ../surf/rh.white.preaparc --o ../surf/rh.white --white --nsmooth 0 --rip-label ../label/rh.cortex.label --rip-bg --rip-surf ../surf/rh.white.preaparc --aparc ../label/rh.aparc.annot
7.3.2
7.3.2

cd /out/sourcedata/freesurfer/sub-v1s16x0051166_ses-1/mri
setenv SUBJECTS_DIR /out/sourcedata/freesurfer
mris_place_surface --adgws-in ../surf/autodet.gw.stats.rh.dat --seg aseg.presurf.mgz --threads 16 --wm wm.mgz --invol brain.finalsurfs.mgz --rh --i ../surf/rh.white.preaparc --o ../surf/rh.white --white --nsmooth 0 --rip-label ../label/rh.cortex.label --rip-bg --rip-surf ../surf/rh.white.preaparc --aparc ../label/rh.aparc.annot 

Reading in input surface ../surf/rh.white.preaparc
Not smoothing input surface
Area    233990  0.35159  0.13412 0.001058   2.0744
Corner  701970 60.00000 14.75399 0.283925 179.1404
Edge    350985  0.91477  0.21889 0.024168   3.1590
Hinge   350985 11.26017 13.15890 0.000077 179.9514
Reading in aparc ../label/rh.aparc.annot
Reading in input volume brain.finalsurfs.mgz
Reading in wm volume wm.mgz
MRIclipBrightWM(): nthresh=10545, wmmin=5, clip=110 
MRIfindBrightNonWM(): 2331 bright non-wm voxels segmented.
Masking bright non-wm for white surface
MRImask(): AllowDiffGeom = 1
MRImask(): AllowDiffGeom = 1
Reading in seg volume aseg.presurf.mgz
Ripping frozen voxels
Ripping vertices not in label ../label/rh.cortex.label
MRISripNotLabel() ripped 7062/116997 vertices (109935 unripped)
Reading in ripping surface ../surf/rh.white.preaparc
Reading in aparc ../label/rh.aparc.annot for ripsurf
Ripping BG
MRISripBasalGanglia(): 1 -2 2 0.5 ripped 751
Ripping segs (eg, WMSA, BG, frozen)
Starting MRISripSegs() d = (-2 2 0.5) segnos: 247 
MRISripSegs(): -2 2 0.5 ripped 0
vertex 58499: xyz = (3.12008,1.68354,46.8156) oxyz = (3.12008,1.68354,46.8156) wxzy = (3.12008,1.68354,46.8156) pxyz = (0,0,0) 
CBVO Creating mask 116997
n_averages 4
Iteration 0 =========================================
n_averages=4, current_sigma=2
Computing target border values 
Entering MRIScomputeBorderValues_new(): 
  inside_hi   = 120.0000000;
  border_hi   = 108.2377620;
  border_low  =  66.0000000;
  outside_low =  54.5911830;
  outside_hi  = 108.2377620;
  sigma = 2;
  max_thickness = 10;
  step_size=0.5;
  STEP_SIZE=0.1;
  which = 1
  thresh = 0
  flags = 0
  CBVfindFirstPeakD1=0
  CBVfindFirstPeakD2=0
  nvertices=116997
  Gdiag_no=-1
  vno start=0, stop=116997
Replacing 255s with 0s
#SI# sigma=2 had to be increased for 258 vertices, nripped=7813
mean border=79.3, 114 (114) missing vertices, mean dist 0.1 [0.7 (%24.5)->0.4 (%75.5))]
%59 local maxima, %34 large gradients and % 0 min vals, 0 gradients ignored
nFirstPeakD1 0
MRIScomputeBorderValues_new() finished in 0.0089 min


Finding expansion regions
mean absolute distance = 0.50 +- 0.92
2641 vertices more than 2 sigmas from mean.
Averaging target values for 5 iterations...
Positioning Surface: tspring = 0.3, nspring = 0.3, spring = 0, niters = 100 l_repulse = 5, l_surf_repulse = 0, checktol = 0
Positioning pial surface
Entering MRISpositionSurface()
  max_mm = 0.3
  MAX_REDUCTIONS = 2, REDUCTION_PCT = 0.5
  parms->check_tol = 0, niterations = 100
tol=1.0e-04, sigma=2.0, host=dna07, nav=4, nbrs=2, l_repulse=5.000, l_tspring=0.300, l_nspring=0.300, l_intensity=0.200, l_curv=1.000
mom=0.00, dt=0.50
complete_dist_mat 0
rms 0
smooth_averages 0
remove_neg 0
ico_order 0
which_surface 0
target_radius 0.000000
nfields 0
scale 0.000000
desired_rms_height 0.000000
momentum 0.000000
nbhd_size 0
max_nbrs 0
niterations 100
nsurfaces 0
SURFACES 3
flags 0 (0)
use curv 0
no sulc 0
no rigid align 0
mris->nsize 2
mris->hemisphere 1
randomSeed 0

000: dt: 0.0000, sse=801320.8, rms=5.331
001: dt: 0.5000, sse=458662.6, rms=3.570 (33.047%)
002: dt: 0.5000, sse=396581.0, rms=3.133 (12.237%)
rms = 3.2494/3.1328, sse=409351.5/396581.0, time step reduction 1 of 3 to 0.250  0 1 1
   RMS increased, rejecting step
003: dt: 0.2500, sse=298897.8, rms=2.366 (24.462%)
004: dt: 0.2500, sse=267880.0, rms=2.025 (14.438%)
005: dt: 0.2500, sse=262944.1, rms=1.945 (3.930%)
rms = 1.9026/1.9452, sse=257992.7/262944.1, time step reduction 2 of 3 to 0.125  0 0 1
006: dt: 0.2500, sse=257992.7, rms=1.903 (2.191%)
007: dt: 0.1250, sse=253276.9, rms=1.839 (3.361%)
rms = 1.8132/1.8386, sse=251399.7/253276.9, time step reduction 3 of 3 to 0.062  0 0 1
008: dt: 0.1250, sse=251399.7, rms=1.813 (1.382%)
  maximum number of reductions reached, breaking from loop
positioning took 0.5 minutes
Iteration 1 =========================================
n_averages=2, current_sigma=1
Computing target border values 
Entering MRIScomputeBorderValues_new(): 
  inside_hi   = 120.0000000;
  border_hi   = 108.2377620;
  border_low  =  66.0000000;
  outside_low =  54.5911830;
  outside_hi  = 108.2377620;
  sigma = 1;
  max_thickness = 10;
  step_size=0.5;
  STEP_SIZE=0.1;
  which = 1
  thresh = 0
  flags = 0
  CBVfindFirstPeakD1=0
  CBVfindFirstPeakD2=0
  nvertices=116997
  Gdiag_no=-1
  vno start=0, stop=116997
Replacing 255s with 0s
#SI# sigma=1 had to be increased for 331 vertices, nripped=7813
mean border=81.1, 102 (22) missing vertices, mean dist -0.2 [0.4 (%64.6)->0.3 (%35.4))]
%66 local maxima, %28 large gradients and % 0 min vals, 0 gradients ignored
nFirstPeakD1 0
MRIScomputeBorderValues_new() finished in 0.0103 min


Finding expansion regions
mean absolute distance = 0.35 +- 0.72
2812 vertices more than 2 sigmas from mean.
Averaging target values for 5 iterations...
Positioning Surface: tspring = 0.3, nspring = 0.3, spring = 0, niters = 100 l_repulse = 5, l_surf_repulse = 0, checktol = 0
Positioning pial surface
Entering MRISpositionSurface()
  max_mm = 0.3
  MAX_REDUCTIONS = 2, REDUCTION_PCT = 0.5
  parms->check_tol = 0, niterations = 100
tol=1.0e-04, sigma=1.0, host=dna07, nav=2, nbrs=2, l_repulse=5.000, l_tspring=0.300, l_nspring=0.300, l_intensity=0.200, l_curv=1.000
mom=0.00, dt=0.50
000: dt: 0.0000, sse=409316.1, rms=3.207
009: dt: 0.5000, sse=335186.6, rms=2.592 (19.181%)
rms = 2.6956/2.5920, sse=344625.4/335186.6, time step reduction 1 of 3 to 0.250  0 1 1
   RMS increased, rejecting step
010: dt: 0.2500, sse=275190.2, rms=2.016 (22.236%)
011: dt: 0.2500, sse=255778.2, rms=1.740 (13.695%)
012: dt: 0.2500, sse=247710.7, rms=1.661 (4.545%)
rms = 1.6375/1.6605, sse=246444.5/247710.7, time step reduction 2 of 3 to 0.125  0 0 1
013: dt: 0.2500, sse=246444.5, rms=1.637 (1.388%)
014: dt: 0.1250, sse=240974.3, rms=1.577 (3.679%)
rms = 1.5489/1.5772, sse=239110.2/240974.3, time step reduction 3 of 3 to 0.062  0 0 1
015: dt: 0.1250, sse=239110.2, rms=1.549 (1.798%)
  maximum number of reductions reached, breaking from loop
positioning took 0.5 minutes
Iteration 2 =========================================
n_averages=1, current_sigma=0.5
Computing target border values 
Entering MRIScomputeBorderValues_new(): 
  inside_hi   = 120.0000000;
  border_hi   = 108.2377620;
  border_low  =  66.0000000;
  outside_low =  54.5911830;
  outside_hi  = 108.2377620;
  sigma = 0.5;
  max_thickness = 10;
  step_size=0.5;
  STEP_SIZE=0.1;
  which = 1
  thresh = 0
  flags = 0
  CBVfindFirstPeakD1=0
  CBVfindFirstPeakD2=0
  nvertices=116997
  Gdiag_no=-1
  vno start=0, stop=116997
Replacing 255s with 0s
#SI# sigma=0.5 had to be increased for 323 vertices, nripped=7813
mean border=82.3, 208 (17) missing vertices, mean dist -0.1 [0.4 (%59.7)->0.2 (%40.3))]
%71 local maxima, %22 large gradients and % 0 min vals, 0 gradients ignored
nFirstPeakD1 0
MRIScomputeBorderValues_new() finished in 0.0038 min


Finding expansion regions
mean absolute distance = 0.31 +- 0.56
3101 vertices more than 2 sigmas from mean.
Averaging target values for 5 iterations...
Positioning Surface: tspring = 0.3, nspring = 0.3, spring = 0, niters = 100 l_repulse = 5, l_surf_repulse = 0, checktol = 0
Positioning pial surface
Entering MRISpositionSurface()
  max_mm = 0.3
  MAX_REDUCTIONS = 2, REDUCTION_PCT = 0.5
  parms->check_tol = 0, niterations = 100
tol=1.0e-04, sigma=0.5, host=dna07, nav=1, nbrs=2, l_repulse=5.000, l_tspring=0.300, l_nspring=0.300, l_intensity=0.200, l_curv=1.000
mom=0.00, dt=0.50
000: dt: 0.0000, sse=306594.7, rms=2.356
rms = 2.3798/2.3563, sse=313126.7/306594.7, time step reduction 1 of 3 to 0.250  0 1 1
   RMS increased, rejecting step
016: dt: 0.2500, sse=261248.9, rms=1.864 (20.907%)
017: dt: 0.2500, sse=243270.1, rms=1.582 (15.134%)
rms = 1.5375/1.5816, sse=239978.0/243270.1, time step reduction 2 of 3 to 0.125  0 0 1
018: dt: 0.2500, sse=239978.0, rms=1.538 (2.789%)
019: dt: 0.1250, sse=234596.6, rms=1.441 (6.299%)
rms = 1.3964/1.4407, sse=229865.7/234596.6, time step reduction 3 of 3 to 0.062  0 0 1
020: dt: 0.1250, sse=229865.7, rms=1.396 (3.071%)
  maximum number of reductions reached, breaking from loop
positioning took 0.3 minutes
Iteration 3 =========================================
n_averages=0, current_sigma=0.25
Computing target border values 
Entering MRIScomputeBorderValues_new(): 
  inside_hi   = 120.0000000;
  border_hi   = 108.2377620;
  border_low  =  66.0000000;
  outside_low =  54.5911830;
  outside_hi  = 108.2377620;
  sigma = 0.25;
  max_thickness = 10;
  step_size=0.5;
  STEP_SIZE=0.1;
  which = 1
  thresh = 0
  flags = 0
  CBVfindFirstPeakD1=0
  CBVfindFirstPeakD2=0
  nvertices=116997
  Gdiag_no=-1
  vno start=0, stop=116997
Replacing 255s with 0s
#SI# sigma=0.25 had to be increased for 279 vertices, nripped=7813
mean border=82.8, 304 (16) missing vertices, mean dist -0.1 [0.3 (%53.3)->0.3 (%46.7))]
%75 local maxima, %17 large gradients and % 1 min vals, 0 gradients ignored
nFirstPeakD1 0
MRIScomputeBorderValues_new() finished in 0.0040 min


Finding expansion regions
mean absolute distance = 0.30 +- 0.47
3036 vertices more than 2 sigmas from mean.
Averaging target values for 5 iterations...
Positioning Surface: tspring = 0.3, nspring = 0.3, spring = 0, niters = 100 l_repulse = 5, l_surf_repulse = 0, checktol = 0
Positioning pial surface
Entering MRISpositionSurface()
  max_mm = 0.3
  MAX_REDUCTIONS = 2, REDUCTION_PCT = 0.5
  parms->check_tol = 0, niterations = 100
tol=1.0e-04, sigma=0.2, host=dna07, nav=0, nbrs=2, l_repulse=5.000, l_tspring=0.300, l_nspring=0.300, l_intensity=0.200, l_curv=1.000
mom=0.00, dt=0.50
000: dt: 0.0000, sse=269107.2, rms=1.948
rms = 2.3531/1.9476, sse=309185.4/269107.2, time step reduction 1 of 3 to 0.250  0 1 1
   RMS increased, rejecting step
021: dt: 0.2500, sse=233971.9, rms=1.490 (23.480%)
022: dt: 0.2500, sse=228213.1, rms=1.396 (6.306%)
rms = 1.5567/1.3963, sse=238353.8/228213.1, time step reduction 2 of 3 to 0.125  0 1 1
   RMS increased, rejecting step
023: dt: 0.1250, sse=221581.5, rms=1.285 (7.942%)
024: dt: 0.1250, sse=217165.5, rms=1.200 (6.616%)
025: dt: 0.1250, sse=214355.3, rms=1.150 (4.190%)
rms = 1.1626/1.1501, sse=214365.0/214355.3, time step reduction 3 of 3 to 0.062  0 1 1
   RMS increased, rejecting step
026: dt: 0.1250, sse=214365.0, rms=1.163 (-1.093%)
  maximum number of reductions reached, breaking from loop
positioning took 0.4 minutes


Writing output to ../surf/rh.white
#ET# mris_place_surface  1.81 minutes
#VMPC# mris_place_surfaces VmPeak  2955668
mris_place_surface done
#--------------------------------------------
#@# T1PialSurf rh Sun Mar  8 23:55:05 CET 2026
cd /out/sourcedata/freesurfer/sub-v1s16x0051166_ses-1/mri
mris_place_surface --adgws-in ../surf/autodet.gw.stats.rh.dat --seg aseg.presurf.mgz --threads 16 --wm wm.mgz --invol brain.finalsurfs.mgz --rh --i ../surf/rh.white --o ../surf/rh.pial.T1 --pial --nsmooth 0 --rip-label ../label/rh.cortex+hipamyg.label --pin-medial-wall ../label/rh.cortex.label --aparc ../label/rh.aparc.annot --repulse-surf ../surf/rh.white --white-surf ../surf/rh.white
7.3.2
7.3.2

cd /out/sourcedata/freesurfer/sub-v1s16x0051166_ses-1/mri
setenv SUBJECTS_DIR /out/sourcedata/freesurfer
mris_place_surface --adgws-in ../surf/autodet.gw.stats.rh.dat --seg aseg.presurf.mgz --threads 16 --wm wm.mgz --invol brain.finalsurfs.mgz --rh --i ../surf/rh.white --o ../surf/rh.pial.T1 --pial --nsmooth 0 --rip-label ../label/rh.cortex+hipamyg.label --pin-medial-wall ../label/rh.cortex.label --aparc ../label/rh.aparc.annot --repulse-surf ../surf/rh.white --white-surf ../surf/rh.white 

Reading in input surface ../surf/rh.white
Not smoothing input surface
Area    233990  0.35609  0.14993 0.000105   2.5080
Corner  701970 60.00000 16.07478 0.035958 179.8798
Edge    350985  0.92265  0.24021 0.016180   3.2593
Hinge   350985 11.46314 13.54640 0.000143 179.8611
Reading white surface coordinates from ../surf/rh.white
Reading repulsion surface coordinates from ../surf/rh.white
Reading in aparc ../label/rh.aparc.annot
Reading in input volume brain.finalsurfs.mgz
Reading in wm volume wm.mgz
MRIclipBrightWM(): nthresh=10545, wmmin=5, clip=110 
MRIfindBrightNonWM(): 2331 bright non-wm voxels segmented.
Masking bright non-wm for pial surface mid_gray = 61.7679
MRImask(): AllowDiffGeom = 1
MRImask(): AllowDiffGeom = 1
MRImask(): AllowDiffGeom = 1
Reading in seg volume aseg.presurf.mgz
Ripping frozen voxels
Ripping vertices not in label ../label/rh.cortex+hipamyg.label
MRISripNotLabel() ripped 5220/116997 vertices (111777 unripped)
INFO: rip surface needed but not specified, so using input surface
Ripping segs (eg, WMSA, BG, frozen)
Starting MRISripSegs() d = (-2 2 0.5) segnos: 247 
MRISripSegs(): -2 2 0.5 ripped 0
vertex 58499: xyz = (3.12513,1.61712,46.8731) oxyz = (3.12513,1.61712,46.8731) wxzy = (3.12513,1.61712,46.8731) pxyz = (3.12513,1.61712,46.8731) 
CBVO Creating mask 116997
n_averages 16
Iteration 0 =========================================
n_averages=16, current_sigma=2
Computing target border values 
Entering MRIScomputeBorderValues_new(): 
  inside_hi   =  91.7622380;
  border_hi   =  54.5911830;
  border_low  =  31.7735480;
  outside_low =  10.0000000;
  outside_hi  =  48.8867720;
  sigma = 2;
  max_thickness = 10;
  step_size=0.5;
  STEP_SIZE=0.1;
  which = 2
  thresh = 0
  flags = 0
  CBVfindFirstPeakD1=0
  CBVfindFirstPeakD2=0
  nvertices=116997
  Gdiag_no=-1
  vno start=0, stop=116997
Replacing 255s with 0s
#SI# sigma=2 had to be increased for 340 vertices, nripped=5220
mean border=52.7, 248 (248) missing vertices, mean dist 1.5 [1.7 (%0.0)->2.8 (%100.0))]
%11 local maxima, %40 large gradients and %45 min vals, 0 gradients ignored
nFirstPeakD1 0
MRIScomputeBorderValues_new() finished in 0.0090 min


Averaging target values for 5 iterations...
Positioning Surface: tspring = 0.3, nspring = 0.3, spring = 0, niters = 100 l_repulse = 0, l_surf_repulse = 5, checktol = 0
Positioning pial surface
Entering MRISpositionSurface()
  max_mm = 0.3
  MAX_REDUCTIONS = 2, REDUCTION_PCT = 0.5
  parms->check_tol = 0, niterations = 100
tol=1.0e-04, sigma=2.0, host=dna07, nav=16, nbrs=2, l_surf_repulse=5.000, l_tspring=0.300, l_nspring=0.300, l_intensity=0.200, l_curv=1.000
mom=0.00, dt=0.50
complete_dist_mat 0
rms 0
smooth_averages 0
remove_neg 0
ico_order 0
which_surface 0
target_radius 0.000000
nfields 0
scale 0.000000
desired_rms_height 0.000000
momentum 0.000000
nbhd_size 0
max_nbrs 0
niterations 100
nsurfaces 0
SURFACES 3
flags 0 (0)
use curv 0
no sulc 0
no rigid align 0
mris->nsize 2
mris->hemisphere 1
randomSeed 0

000: dt: 0.0000, sse=21667228.0, rms=31.037
001: dt: 0.5000, sse=14981529.0, rms=25.759 (17.005%)
002: dt: 0.5000, sse=10048202.0, rms=21.031 (18.356%)
003: dt: 0.5000, sse=6914489.0, rms=17.369 (17.410%)
004: dt: 0.5000, sse=4861154.0, rms=14.475 (16.665%)
005: dt: 0.5000, sse=3718521.0, rms=12.577 (13.109%)
006: dt: 0.5000, sse=2906295.2, rms=11.030 (12.300%)
007: dt: 0.5000, sse=2477464.2, rms=10.116 (8.292%)
008: dt: 0.5000, sse=2101203.8, rms=9.238 (8.680%)
009: dt: 0.5000, sse=1922535.8, rms=8.787 (4.882%)
010: dt: 0.5000, sse=1704272.1, rms=8.203 (6.637%)
011: dt: 0.5000, sse=1623890.5, rms=7.974 (2.802%)
012: dt: 0.5000, sse=1479630.6, rms=7.550 (5.317%)
013: dt: 0.5000, sse=1449955.8, rms=7.454 (1.263%)
014: dt: 0.5000, sse=1341693.0, rms=7.114 (4.563%)
rms = 7.0699/7.1142, sse=1329575.0/1341693.0, time step reduction 1 of 3 to 0.250  0 0 1
015: dt: 0.5000, sse=1329575.0, rms=7.070 (0.623%)
016: dt: 0.2500, sse=1133299.6, rms=6.404 (9.424%)
017: dt: 0.2500, sse=1101292.8, rms=6.287 (1.825%)
rms = 6.2504/6.2867, sse=1092082.4/1101292.8, time step reduction 2 of 3 to 0.125  0 0 1
018: dt: 0.2500, sse=1092082.4, rms=6.250 (0.578%)
019: dt: 0.1250, sse=974734.4, rms=5.810 (7.053%)
020: dt: 0.1250, sse=932925.3, rms=5.644 (2.847%)
021: dt: 0.1250, sse=920520.1, rms=5.593 (0.907%)
rms = 5.5454/5.5929, sse=909124.1/920520.1, time step reduction 3 of 3 to 0.062  0 0 1
022: dt: 0.1250, sse=909124.1, rms=5.545 (0.850%)
  maximum number of reductions reached, breaking from loop
positioning took 1.2 minutes
Iteration 1 =========================================
n_averages=8, current_sigma=1
Computing target border values 
Entering MRIScomputeBorderValues_new(): 
  inside_hi   =  91.7622380;
  border_hi   =  54.5911830;
  border_low  =  31.7735480;
  outside_low =  10.0000000;
  outside_hi  =  48.8867720;
  sigma = 1;
  max_thickness = 10;
  step_size=0.5;
  STEP_SIZE=0.1;
  which = 2
  thresh = 0
  flags = 0
  CBVfindFirstPeakD1=0
  CBVfindFirstPeakD2=0
  nvertices=116997
  Gdiag_no=-1
  vno start=0, stop=116997
Replacing 255s with 0s
#SI# sigma=1 had to be increased for 9232 vertices, nripped=5220
mean border=50.6, 1621 (83) missing vertices, mean dist 0.3 [0.2 (%48.6)->1.2 (%51.4))]
%17 local maxima, %34 large gradients and %44 min vals, 0 gradients ignored
nFirstPeakD1 0
MRIScomputeBorderValues_new() finished in 0.0035 min


Averaging target values for 5 iterations...
Positioning Surface: tspring = 0.3, nspring = 0.3, spring = 0, niters = 100 l_repulse = 0, l_surf_repulse = 5, checktol = 0
Positioning pial surface
Entering MRISpositionSurface()
  max_mm = 0.3
  MAX_REDUCTIONS = 2, REDUCTION_PCT = 0.5
  parms->check_tol = 0, niterations = 100
tol=1.0e-04, sigma=1.0, host=dna07, nav=8, nbrs=2, l_surf_repulse=5.000, l_tspring=0.300, l_nspring=0.300, l_intensity=0.200, l_curv=1.000
mom=0.00, dt=0.50
000: dt: 0.0000, sse=1322710.8, rms=6.886
rms = 7.0095/6.8864, sse=1360881.1/1322710.7, time step reduction 1 of 3 to 0.250  0 1 1
   RMS increased, rejecting step
023: dt: 0.2500, sse=1157492.8, rms=6.325 (8.156%)
024: dt: 0.2500, sse=1130769.6, rms=6.228 (1.526%)
rms = 6.3692/6.2282, sse=1170204.5/1130769.7, time step reduction 2 of 3 to 0.125  0 1 1
   RMS increased, rejecting step
025: dt: 0.1250, sse=1085208.4, rms=6.061 (2.681%)
026: dt: 0.1250, sse=1025364.7, rms=5.834 (3.743%)
027: dt: 0.1250, sse=987370.8, rms=5.686 (2.545%)
028: dt: 0.1250, sse=967456.8, rms=5.606 (1.402%)
029: dt: 0.1250, sse=953471.3, rms=5.549 (1.010%)
rms = 5.5045/5.5495, sse=942532.8/953471.3, time step reduction 3 of 3 to 0.062  0 0 1
030: dt: 0.1250, sse=942532.8, rms=5.504 (0.811%)
  maximum number of reductions reached, breaking from loop
positioning took 0.5 minutes
Iteration 2 =========================================
n_averages=4, current_sigma=0.5
Computing target border values 
Entering MRIScomputeBorderValues_new(): 
  inside_hi   =  91.7622380;
  border_hi   =  54.5911830;
  border_low  =  31.7735480;
  outside_low =  10.0000000;
  outside_hi  =  48.8867720;
  sigma = 0.5;
  max_thickness = 10;
  step_size=0.5;
  STEP_SIZE=0.1;
  which = 2
  thresh = 0
  flags = 0
  CBVfindFirstPeakD1=0
  CBVfindFirstPeakD2=0
  nvertices=116997
  Gdiag_no=-1
  vno start=0, stop=116997
Replacing 255s with 0s
#SI# sigma=0.5 had to be increased for 10650 vertices, nripped=5220
mean border=50.2, 2175 (71) missing vertices, mean dist 0.2 [0.2 (%48.5)->1.0 (%51.5))]
%23 local maxima, %27 large gradients and %44 min vals, 0 gradients ignored
nFirstPeakD1 0
MRIScomputeBorderValues_new() finished in 0.0020 min


Averaging target values for 5 iterations...
Positioning Surface: tspring = 0.3, nspring = 0.3, spring = 0, niters = 100 l_repulse = 0, l_surf_repulse = 5, checktol = 0
Positioning pial surface
Entering MRISpositionSurface()
  max_mm = 0.3
  MAX_REDUCTIONS = 2, REDUCTION_PCT = 0.5
  parms->check_tol = 0, niterations = 100
tol=1.0e-04, sigma=0.5, host=dna07, nav=4, nbrs=2, l_surf_repulse=5.000, l_tspring=0.300, l_nspring=0.300, l_intensity=0.200, l_curv=1.000
mom=0.00, dt=0.50
000: dt: 0.0000, sse=1031242.2, rms=5.831
rms = 6.8019/5.8306, sse=1302834.7/1031242.2, time step reduction 1 of 3 to 0.250  0 1 1
   RMS increased, rejecting step
031: dt: 0.2500, sse=971803.1, rms=5.597 (3.999%)
rms = 5.7272/5.5974, sse=1003870.8/971803.1, time step reduction 2 of 3 to 0.125  0 1 1
   RMS increased, rejecting step
032: dt: 0.1250, sse=958370.8, rms=5.543 (0.970%)
033: dt: 0.1250, sse=937196.8, rms=5.457 (1.555%)
034: dt: 0.1250, sse=923850.8, rms=5.402 (1.007%)
035: dt: 0.1250, sse=909426.6, rms=5.342 (1.102%)
rms = 5.2982/5.3425, sse=898803.9/909426.6, time step reduction 3 of 3 to 0.062  0 0 1
036: dt: 0.1250, sse=898803.9, rms=5.298 (0.829%)
  maximum number of reductions reached, breaking from loop
positioning took 0.4 minutes
Iteration 3 =========================================
n_averages=2, current_sigma=0.25
Computing target border values 
Entering MRIScomputeBorderValues_new(): 
  inside_hi   =  91.7622380;
  border_hi   =  54.5911830;
  border_low  =  31.7735480;
  outside_low =  10.0000000;
  outside_hi  =  48.8867720;
  sigma = 0.25;
  max_thickness = 10;
  step_size=0.5;
  STEP_SIZE=0.1;
  which = 2
  thresh = 0
  flags = 0
  CBVfindFirstPeakD1=0
  CBVfindFirstPeakD2=0
  nvertices=116997
  Gdiag_no=-1
  vno start=0, stop=116997
Replacing 255s with 0s
#SI# sigma=0.25 had to be increased for 8753 vertices, nripped=5220
mean border=49.4, 5209 (69) missing vertices, mean dist 0.2 [0.2 (%46.5)->0.8 (%53.5))]
%28 local maxima, %21 large gradients and %42 min vals, 0 gradients ignored
nFirstPeakD1 0
MRIScomputeBorderValues_new() finished in 0.0014 min


Averaging target values for 5 iterations...
Positioning Surface: tspring = 0.3, nspring = 0.3, spring = 0, niters = 100 l_repulse = 0, l_surf_repulse = 5, checktol = 0
Positioning pial surface
Entering MRISpositionSurface()
  max_mm = 0.3
  MAX_REDUCTIONS = 2, REDUCTION_PCT = 0.5
  parms->check_tol = 0, niterations = 100
tol=1.0e-04, sigma=0.2, host=dna07, nav=2, nbrs=2, l_surf_repulse=5.000, l_tspring=0.300, l_nspring=0.300, l_intensity=0.200, l_curv=1.000
mom=0.00, dt=0.50
000: dt: 0.0000, sse=943141.6, rms=5.466
rms = 6.5166/5.4664, sse=1220070.1/943141.7, time step reduction 1 of 3 to 0.250  0 1 1
   RMS increased, rejecting step
037: dt: 0.2500, sse=891264.2, rms=5.251 (3.946%)
rms = 5.3305/5.2507, sse=908571.8/891264.2, time step reduction 2 of 3 to 0.125  0 1 1
   RMS increased, rejecting step
038: dt: 0.1250, sse=877709.4, rms=5.193 (1.106%)
039: dt: 0.1250, sse=853204.0, rms=5.088 (2.021%)
040: dt: 0.1250, sse=838809.6, rms=5.025 (1.224%)
041: dt: 0.1250, sse=822235.8, rms=4.953 (1.439%)
042: dt: 0.1250, sse=809291.2, rms=4.896 (1.157%)
043: dt: 0.1250, sse=797016.8, rms=4.841 (1.116%)
rms = 4.7964/4.8412, sse=787091.5/797016.8, time step reduction 3 of 3 to 0.062  0 0 1
044: dt: 0.1250, sse=787091.6, rms=4.796 (0.924%)
  maximum number of reductions reached, breaking from loop
positioning took 0.5 minutes
Pinning medial wall to white surface
removing intersecting faces
000: 10 intersecting
terminating search with 0 intersecting


Writing output to ../surf/rh.pial.T1
#ET# mris_place_surface  2.60 minutes
#VMPC# mris_place_surfaces VmPeak  2368212
mris_place_surface done
#@# white curv rh Sun Mar  8 23:57:45 CET 2026
cd /out/sourcedata/freesurfer/sub-v1s16x0051166_ses-1/mri
mris_place_surface --curv-map ../surf/rh.white 2 10 ../surf/rh.curv
insurf  ../surf/rh.white, nbrs 2, curvature_avgs 10
writing curvature file ../surf/rh.curv
#@# white area rh Sun Mar  8 23:57:46 CET 2026
cd /out/sourcedata/freesurfer/sub-v1s16x0051166_ses-1/mri
mris_place_surface --area-map ../surf/rh.white ../surf/rh.area
writing curvature file ../surf/rh.area
#@# pial curv rh Sun Mar  8 23:57:46 CET 2026
cd /out/sourcedata/freesurfer/sub-v1s16x0051166_ses-1/mri
mris_place_surface --curv-map ../surf/rh.pial 2 10 ../surf/rh.curv.pial
insurf  ../surf/rh.pial, nbrs 2, curvature_avgs 10
writing curvature file ../surf/rh.curv.pial
#@# pial area rh Sun Mar  8 23:57:47 CET 2026
cd /out/sourcedata/freesurfer/sub-v1s16x0051166_ses-1/mri
mris_place_surface --area-map ../surf/rh.pial ../surf/rh.area.pial
writing curvature file ../surf/rh.area.pial
#@# thickness rh Sun Mar  8 23:57:47 CET 2026
cd /out/sourcedata/freesurfer/sub-v1s16x0051166_ses-1/mri
mris_place_surface --thickness ../surf/rh.white ../surf/rh.pial 20 5 ../surf/rh.thickness
0 of 116997 vertices processed
25000 of 116997 vertices processed
50000 of 116997 vertices processed
75000 of 116997 vertices processed
100000 of 116997 vertices processed
0 of 116997 vertices processed
25000 of 116997 vertices processed
50000 of 116997 vertices processed
75000 of 116997 vertices processed
100000 of 116997 vertices processed
thickness calculation complete, 161:1104 truncations.
49407 vertices at 0 distance
90703 vertices at 1 distance
56320 vertices at 2 distance
22100 vertices at 3 distance
8568 vertices at 4 distance
3494 vertices at 5 distance
1475 vertices at 6 distance
693 vertices at 7 distance
347 vertices at 8 distance
237 vertices at 9 distance
155 vertices at 10 distance
131 vertices at 11 distance
71 vertices at 12 distance
72 vertices at 13 distance
47 vertices at 14 distance
46 vertices at 15 distance
31 vertices at 16 distance
31 vertices at 17 distance
13 vertices at 18 distance
27 vertices at 19 distance
26 vertices at 20 distance
writing curvature file ../surf/rh.thickness
#@# area and vertex vol rh Sun Mar  8 23:58:03 CET 2026
cd /out/sourcedata/freesurfer/sub-v1s16x0051166_ses-1/mri
mris_place_surface --thickness ../surf/rh.white ../surf/rh.pial 20 5 ../surf/rh.thickness
/out/sourcedata/freesurfer/sub-v1s16x0051166_ses-1/surf
mris_calc -o rh.area.mid rh.area add rh.area.pial
Saving result to 'rh.area.mid' (type = MRI_CURV_FILE)                       [ ok ]
mris_calc -o rh.area.mid rh.area.mid div 2
Saving result to 'rh.area.mid' (type = MRI_CURV_FILE)                       [ ok ]
mris_convert --volume sub-v1s16x0051166_ses-1 rh /out/sourcedata/freesurfer/sub-v1s16x0051166_ses-1/surf/rh.volume
masking with /out/sourcedata/freesurfer/sub-v1s16x0051166_ses-1/label/rh.cortex.label
Total face volume 202238
Total vertex volume 202078 (mask=0)
#@# sub-v1s16x0051166_ses-1 rh 202078
 
vertexvol Done

#-----------------------------------------
#@# Curvature Stats rh Sun Mar  8 23:58:04 CET 2026
/out/sourcedata/freesurfer/sub-v1s16x0051166_ses-1/surf

 mris_curvature_stats -m --writeCurvatureFiles -G -o ../stats/rh.curv.stats -F smoothwm sub-v1s16x0051166_ses-1 rh curv sulc 

             Toggling save flag on curvature files                       [ ok ]
                 Outputting results using filestem   [ ../stats/rh.curv.stats ]
             Toggling save flag on curvature files                       [ ok ]
                                   Setting surface [ sub-v1s16x0051166_ses-1/rh.smoothwm ]
                                Reading surface...                       [ ok ]
                                   Setting texture                     [ curv ]
                                Reading texture...                       [ ok ]
                                   Setting texture                     [ sulc ]
                                Reading texture...Gb_filter = 0
                       [ ok ]
      Calculating Discrete Principal Curvatures...
      Determining geometric order for vno faces... [####################] [ ok ]
                      Determining KH curvatures... [####################] [ ok ]
                    Determining k1k2 curvatures... [####################] [ ok ]
                                   deltaViolations                      [ 237 ]
Gb_filter = 0

WARN:    S lookup   min:                          -0.288028
WARN:    S explicit min:                          0.000000	vertex = 278
#-----------------------------------------
#@# Cortical Parc 2 rh Sun Mar  8 23:58:05 CET 2026
/out/sourcedata/freesurfer/sub-v1s16x0051166_ses-1/scripts

 mris_ca_label -l ../label/rh.cortex.label -aseg ../mri/aseg.presurf.mgz -seed 1234 sub-v1s16x0051166_ses-1 rh ../surf/rh.sphere.reg /opt/freesurfer/average/rh.CDaparc.atlas.acfb40.noaparc.i12.2016-08-02.gcs ../label/rh.aparc.a2009s.annot 

setting seed for random number generator to 1234
using ../mri/aseg.presurf.mgz aseg volume to correct midline
7.3.2
  7.3.2
reading atlas from /opt/freesurfer/average/rh.CDaparc.atlas.acfb40.noaparc.i12.2016-08-02.gcs...
reading color table from GCSA file....
average std = 1.4   using min determinant for regularization = 0.021
0 singular and 0 ill-conditioned covariance matrices regularized
input 0: MEAN CURVATURE, flags 0, avgs 5, name mean_curvature
labeling surface...
25 labels changed using aseg
relabeling using gibbs priors...
000:   7766 changed, 116997 examined...
001:   1791 changed, 30813 examined...
002:    494 changed, 9509 examined...
003:    200 changed, 2862 examined...
004:     94 changed, 1204 examined...
005:     54 changed, 539 examined...
006:     23 changed, 313 examined...
007:      9 changed, 138 examined...
008:      6 changed, 57 examined...
009:      1 changed, 29 examined...
010:      1 changed, 7 examined...
011:      1 changed, 7 examined...
012:      1 changed, 7 examined...
013:      0 changed, 7 examined...
19 labels changed using aseg
000: 203 total segments, 120 labels (1276 vertices) changed
001: 93 total segments, 11 labels (54 vertices) changed
002: 84 total segments, 2 labels (6 vertices) changed
003: 82 total segments, 0 labels (0 vertices) changed
10 filter iterations complete (10 requested, 26 changed)
rationalizing unknown annotations with cortex label
relabeling Medial_wall label...
1138 vertices marked for relabeling...
1138 labels changed in reclassification.
writing output to ../label/rh.aparc.a2009s.annot...
classification took 0 minutes and 8 seconds.
#-----------------------------------------
#@# Cortical Parc 3 rh Sun Mar  8 23:58:14 CET 2026
/out/sourcedata/freesurfer/sub-v1s16x0051166_ses-1/scripts

 mris_ca_label -l ../label/rh.cortex.label -aseg ../mri/aseg.presurf.mgz -seed 1234 sub-v1s16x0051166_ses-1 rh ../surf/rh.sphere.reg /opt/freesurfer/average/rh.DKTaparc.atlas.acfb40.noaparc.i12.2016-08-02.gcs ../label/rh.aparc.DKTatlas.annot 

setting seed for random number generator to 1234
using ../mri/aseg.presurf.mgz aseg volume to correct midline
7.3.2
  7.3.2
reading atlas from /opt/freesurfer/average/rh.DKTaparc.atlas.acfb40.noaparc.i12.2016-08-02.gcs...
reading color table from GCSA file....
average std = 0.9   using min determinant for regularization = 0.009
0 singular and 325 ill-conditioned covariance matrices regularized
input 0: MEAN CURVATURE, flags 0, avgs 5, name mean_curvature
labeling surface...
1410 labels changed using aseg
relabeling using gibbs priors...
000:   1856 changed, 116997 examined...
001:    390 changed, 8545 examined...
002:    110 changed, 2237 examined...
003:     65 changed, 632 examined...
004:     35 changed, 333 examined...
005:     10 changed, 185 examined...
006:      5 changed, 58 examined...
007:      4 changed, 34 examined...
008:      3 changed, 25 examined...
009:      2 changed, 24 examined...
010:      2 changed, 13 examined...
011:      1 changed, 16 examined...
012:      1 changed, 6 examined...
013:      0 changed, 7 examined...
235 labels changed using aseg
000: 52 total segments, 19 labels (205 vertices) changed
001: 33 total segments, 0 labels (0 vertices) changed
10 filter iterations complete (10 requested, 5 changed)
rationalizing unknown annotations with cortex label
relabeling unknown label...
relabeling corpuscallosum label...
873 vertices marked for relabeling...
873 labels changed in reclassification.
writing output to ../label/rh.aparc.DKTatlas.annot...
classification took 0 minutes and 6 seconds.
#-----------------------------------------
#@# WM/GM Contrast rh Sun Mar  8 23:58:20 CET 2026
/out/sourcedata/freesurfer/sub-v1s16x0051166_ses-1/scripts

 pctsurfcon --s sub-v1s16x0051166_ses-1 --rh-only 

Log file is /out/sourcedata/freesurfer/sub-v1s16x0051166_ses-1/scripts/pctsurfcon.log
Sun Mar  8 23:58:20 CET 2026
setenv SUBJECTS_DIR /out/sourcedata/freesurfer
cd /out/sourcedata/freesurfer/sub-v1s16x0051166_ses-1/scripts
/opt/freesurfer/bin/pctsurfcon
pctsurfcon 7.3.2
Linux dna078 5.14.0-427.37.1.el9_4.x86_64 #1 SMP PREEMPT_DYNAMIC Fri Sep 13 12:41:50 EDT 2024 x86_64 x86_64 x86_64 GNU/Linux
FREESURFER_HOME /opt/freesurfer
mri_vol2surf --mov /out/sourcedata/freesurfer/sub-v1s16x0051166_ses-1/mri/rawavg.mgz --hemi rh --noreshape --interp trilinear --projdist -1 --o /out/sourcedata/freesurfer/sub-v1s16x0051166_ses-1/surf/tmp.pctsurfcon.3137137/rh.wm.mgh --regheader sub-v1s16x0051166_ses-1 --cortex
srcvol = /out/sourcedata/freesurfer/sub-v1s16x0051166_ses-1/mri/rawavg.mgz
srcreg unspecified
srcregold = 0
srcwarp unspecified
surf = white
hemi = rh
ProjDist = -1
reshape = 0
interp = trilinear
float2int = round
GetProjMax = 0
INFO: float2int code = 0
Done loading volume
Computing registration from header.
  Using /out/sourcedata/freesurfer/sub-v1s16x0051166_ses-1/mri/orig.mgz as target reference.
-------- original matrix -----------
-1.00000   0.00000   0.00000   0.00002;
 0.00000   0.00000   1.00000  -0.00003;
 0.00000  -1.00000   0.00000   0.00000;
 0.00000   0.00000   0.00000   1.00000;
-------- original matrix -----------
Loading label /out/sourcedata/freesurfer/sub-v1s16x0051166_ses-1/label/rh.cortex.label
Reading surface /out/sourcedata/freesurfer/sub-v1s16x0051166_ses-1/surf/rh.white
Done reading source surface
Mapping Source Volume onto Source Subject Surface
Projecting -1 -1 1
 1 -1 -1 -1
using old
Done mapping volume to surface
Number of source voxels hit = 67132
Masking with /out/sourcedata/freesurfer/sub-v1s16x0051166_ses-1/label/rh.cortex.label
Writing to /out/sourcedata/freesurfer/sub-v1s16x0051166_ses-1/surf/tmp.pctsurfcon.3137137/rh.wm.mgh
Dim: 116997 1 1
mri_vol2surf --mov /out/sourcedata/freesurfer/sub-v1s16x0051166_ses-1/mri/rawavg.mgz --hemi rh --noreshape --interp trilinear --o /out/sourcedata/freesurfer/sub-v1s16x0051166_ses-1/surf/tmp.pctsurfcon.3137137/rh.gm.mgh --projfrac 0.3 --regheader sub-v1s16x0051166_ses-1 --cortex
srcvol = /out/sourcedata/freesurfer/sub-v1s16x0051166_ses-1/mri/rawavg.mgz
srcreg unspecified
srcregold = 0
srcwarp unspecified
surf = white
hemi = rh
ProjFrac = 0.3
thickness = thickness
reshape = 0
interp = trilinear
float2int = round
GetProjMax = 0
INFO: float2int code = 0
Done loading volume
Computing registration from header.
  Using /out/sourcedata/freesurfer/sub-v1s16x0051166_ses-1/mri/orig.mgz as target reference.
-------- original matrix -----------
-1.00000   0.00000   0.00000   0.00002;
 0.00000   0.00000   1.00000  -0.00003;
 0.00000  -1.00000   0.00000   0.00000;
 0.00000   0.00000   0.00000   1.00000;
-------- original matrix -----------
Loading label /out/sourcedata/freesurfer/sub-v1s16x0051166_ses-1/label/rh.cortex.label
Reading surface /out/sourcedata/freesurfer/sub-v1s16x0051166_ses-1/surf/rh.white
Done reading source surface
Reading thickness /out/sourcedata/freesurfer/sub-v1s16x0051166_ses-1/surf/rh.thickness
Done
Mapping Source Volume onto Source Subject Surface
Projecting 0.3 0.3 1
 1 0.3 0.3 0.3
using old
Done mapping volume to surface
Number of source voxels hit = 75831
Masking with /out/sourcedata/freesurfer/sub-v1s16x0051166_ses-1/label/rh.cortex.label
Writing to /out/sourcedata/freesurfer/sub-v1s16x0051166_ses-1/surf/tmp.pctsurfcon.3137137/rh.gm.mgh
Dim: 116997 1 1
mri_concat /out/sourcedata/freesurfer/sub-v1s16x0051166_ses-1/surf/tmp.pctsurfcon.3137137/rh.wm.mgh /out/sourcedata/freesurfer/sub-v1s16x0051166_ses-1/surf/tmp.pctsurfcon.3137137/rh.gm.mgh --paired-diff-norm --mul 100 --o /out/sourcedata/freesurfer/sub-v1s16x0051166_ses-1/surf/rh.w-g.pct.mgh
ninputs = 2
Checking inputs
nframestot = 2
Allocing output
Done allocing
Combining pairs
nframes = 1
Multiplying by 100.000000
Writing to /out/sourcedata/freesurfer/sub-v1s16x0051166_ses-1/surf/rh.w-g.pct.mgh
mri_segstats --in /out/sourcedata/freesurfer/sub-v1s16x0051166_ses-1/surf/rh.w-g.pct.mgh --annot sub-v1s16x0051166_ses-1 rh aparc --sum /out/sourcedata/freesurfer/sub-v1s16x0051166_ses-1/stats/rh.w-g.pct.stats --snr

7.3.2
cwd 
cmdline mri_segstats --in /out/sourcedata/freesurfer/sub-v1s16x0051166_ses-1/surf/rh.w-g.pct.mgh --annot sub-v1s16x0051166_ses-1 rh aparc --sum /out/sourcedata/freesurfer/sub-v1s16x0051166_ses-1/stats/rh.w-g.pct.stats --snr 
sysname  Linux
hostname dna078
machine  x86_64
user     oesteban
whitesurfname  white
UseRobust  0
Constructing seg from annotation

Reading annotation /out/sourcedata/freesurfer/sub-v1s16x0051166_ses-1/label/rh.aparc.annot
Seg base 2000
Loading /out/sourcedata/freesurfer/sub-v1s16x0051166_ses-1/surf/rh.w-g.pct.mgh
Vertex Area is 0.71216 mm^3
Generating list of segmentation ids
Found  36 segmentations
Computing statistics for each segmentation

Reporting on  35 segmentations
Using PrintSegStat
mri_segstats done
Cleaning up

Started at Sun Mar 8 23:41:24 CET 2026 
Ended   at Sun Mar 8 23:58:22 CET 2026
#@#%# recon-all-run-time-hours 0.283
recon-all -s sub-v1s16x0051166_ses-1 finished without error at Sun Mar  8 23:58:22 CET 2026



#New# invocation of recon-all 




Mon Mar  9 00:03:25 CET 2026
cd /out/sourcedata/freesurfer/sub-v1s16x0051166_ses-1
setenv SUBJECTS_DIR /out/sourcedata/freesurfer
/opt/freesurfer/bin/recon-all -autorecon-hemi rh -nohyporelabel -rh-only -openmp 16 -subjid sub-v1s16x0051166_ses-1 -sd /out/sourcedata/freesurfer -notessellate -nosmooth1 -noinflate1 -noqsphere -nofix -nowhite -nosmooth2 -noinflate2 -nocurvHK -nocurvstats -nosphere -nosurfreg -nojacobian_white -noavgcurv -nocortparc -nopial -nocortparc2 -nocortparc3 -nopctsurfcon

subjid sub-v1s16x0051166_ses-1
setenv SUBJECTS_DIR /out/sourcedata/freesurfer
FREESURFER_HOME /opt/freesurfer
Actual FREESURFER_HOME /opt/freesurfer
build-stamp.txt: freesurfer-linux-ubuntu22_x86_64-7.3.2-20220804-6354275
Linux dna078 5.14.0-427.37.1.el9_4.x86_64 #1 SMP PREEMPT_DYNAMIC Fri Sep 13 12:41:50 EDT 2024 x86_64 x86_64 x86_64 GNU/Linux
cputime      unlimited
filesize     unlimited
datasize     unlimited
stacksize    8192 kbytes
coredumpsize 0 kbytes
memoryuse    67108864 kbytes
vmemoryuse   unlimited
descriptors  1024 
memorylocked unlimited
maxproc      2061970 
maxlocks     unlimited
maxsignal    2062029 
maxmessage   819200 
maxnice      0 
maxrtprio    0 
maxrttime    unlimited

               total        used        free      shared  buff/cache   available
Mem:           503Gi        49Gi       416Gi       6.4Gi        37Gi       444Gi
Swap:             0B          0B          0B

########################################
program versions used
7.3.2 (freesurfer-linux-ubuntu22_x86_64-7.3.2-20220804-6354275)
7.3.2

ProgramName: lta_convert  ProgramArguments: lta_convert -all-info  ProgramVersion: 7.3.2  TimeStamp: 2026/03/08-23:03:25-GMT  BuildTime: Aug  4 2022 06:17:15  BuildStamp: freesurfer-linux-ubuntu22_x86_64-7.3.2-20220804-6354275  User: oesteban  Machine: dna078  Platform: Linux  PlatformVersion: 5.14.0-427.37.1.el9_4.x86_64  CompilerName: GCC  CompilerVersion: 8.4.0
ProgramName: mri_and  ProgramArguments: mri_and -all-info  ProgramVersion: 7.3.2  TimeStamp: 2026/03/08-23:03:25-GMT  BuildTime: Aug  4 2022 06:17:15  BuildStamp: freesurfer-linux-ubuntu22_x86_64-7.3.2-20220804-6354275  User: oesteban  Machine: dna078  Platform: Linux  PlatformVersion: 5.14.0-427.37.1.el9_4.x86_64  CompilerName: GCC  CompilerVersion: 8.4.0
ProgramName: mri_annotation2label  ProgramArguments: mri_annotation2label -all-info  ProgramVersion: 7.3.2  TimeStamp: 2026/03/08-23:03:25-GMT  BuildTime: Aug  4 2022 06:17:15  BuildStamp: freesurfer-linux-ubuntu22_x86_64-7.3.2-20220804-6354275  User: oesteban  Machine: dna078  Platform: Linux  PlatformVersion: 5.14.0-427.37.1.el9_4.x86_64  CompilerName: GCC  CompilerVersion: 8.4.0
ProgramName: mri_aparc2aseg  ProgramArguments: mri_aparc2aseg -all-info  ProgramVersion: 7.3.2  TimeStamp: 2026/03/08-23:03:25-GMT  BuildTime: Aug  4 2022 06:17:15  BuildStamp: freesurfer-linux-ubuntu22_x86_64-7.3.2-20220804-6354275  User: oesteban  Machine: dna078  Platform: Linux  PlatformVersion: 5.14.0-427.37.1.el9_4.x86_64  CompilerName: GCC  CompilerVersion: 8.4.0
ProgramName: mri_surf2volseg  ProgramArguments: mri_surf2volseg -all-info  ProgramVersion: 7.3.2  TimeStamp: 2026/03/08-23:03:25-GMT  BuildTime: Aug  4 2022 06:17:15  BuildStamp: freesurfer-linux-ubuntu22_x86_64-7.3.2-20220804-6354275  User: oesteban  Machine: dna078  Platform: Linux  PlatformVersion: 5.14.0-427.37.1.el9_4.x86_64  CompilerName: GCC  CompilerVersion: 8.4.0
ProgramName: mri_binarize  ProgramArguments: mri_binarize -all-info  ProgramVersion: 7.3.2  TimeStamp: 2026/03/08-23:03:25-GMT  BuildTime: Aug  4 2022 06:17:15  BuildStamp: freesurfer-linux-ubuntu22_x86_64-7.3.2-20220804-6354275  User: oesteban  Machine: dna078  Platform: Linux  PlatformVersion: 5.14.0-427.37.1.el9_4.x86_64  CompilerName: GCC  CompilerVersion: 8.4.0
ProgramName: mri_ca_label  ProgramArguments: mri_ca_label -all-info  ProgramVersion: 7.3.2  TimeStamp: 2026/03/08-23:03:25-GMT  BuildTime: Aug  4 2022 06:17:15  BuildStamp: freesurfer-linux-ubuntu22_x86_64-7.3.2-20220804-6354275  User: oesteban  Machine: dna078  Platform: Linux  PlatformVersion: 5.14.0-427.37.1.el9_4.x86_64  CompilerName: GCC  CompilerVersion: 8.4.0
ProgramName: mri_ca_normalize  ProgramArguments: mri_ca_normalize -all-info  ProgramVersion: 7.3.2  TimeStamp: 2026/03/08-23:03:25-GMT  BuildTime: Aug  4 2022 06:17:15  BuildStamp: freesurfer-linux-ubuntu22_x86_64-7.3.2-20220804-6354275  User: oesteban  Machine: dna078  Platform: Linux  PlatformVersion: 5.14.0-427.37.1.el9_4.x86_64  CompilerName: GCC  CompilerVersion: 8.4.0
ProgramName: mri_ca_register  ProgramArguments: mri_ca_register -all-info  ProgramVersion: 7.3.2  TimeStamp: 2026/03/08-23:03:25-GMT  BuildTime: Aug  4 2022 06:17:15  BuildStamp: freesurfer-linux-ubuntu22_x86_64-7.3.2-20220804-6354275  User: oesteban  Machine: dna078  Platform: Linux  PlatformVersion: 5.14.0-427.37.1.el9_4.x86_64  CompilerName: GCC  CompilerVersion: 8.4.0
ProgramName: mri_cc  ProgramArguments: mri_cc -all-info  ProgramVersion: 7.3.2  TimeStamp: 2026/03/08-23:03:25-GMT  BuildTime: Aug  4 2022 06:17:15  BuildStamp: freesurfer-linux-ubuntu22_x86_64-7.3.2-20220804-6354275  User: oesteban  Machine: dna078  Platform: Linux  PlatformVersion: 5.14.0-427.37.1.el9_4.x86_64  CompilerName: GCC  CompilerVersion: 8.4.0
ProgramName: mri_compute_overlap  ProgramArguments: mri_compute_overlap -all-info  ProgramVersion: 7.3.2  TimeStamp: 2026/03/08-23:03:25-GMT  BuildTime: Aug  4 2022 06:17:15  BuildStamp: freesurfer-linux-ubuntu22_x86_64-7.3.2-20220804-6354275  User: oesteban  Machine: dna078  Platform: Linux  PlatformVersion: 5.14.0-427.37.1.el9_4.x86_64  CompilerName: GCC  CompilerVersion: 8.4.0
ProgramName: mri_compute_seg_overlap  ProgramArguments: mri_compute_seg_overlap -all-info  ProgramVersion: 7.3.2  TimeStamp: 2026/03/08-23:03:25-GMT  BuildTime: Aug  4 2022 06:17:15  BuildStamp: freesurfer-linux-ubuntu22_x86_64-7.3.2-20220804-6354275  User: oesteban  Machine: dna078  Platform: Linux  PlatformVersion: 5.14.0-427.37.1.el9_4.x86_64  CompilerName: GCC  CompilerVersion: 8.4.0
ProgramName: mri_concat  ProgramArguments: mri_concat -all-info  ProgramVersion: 7.3.2  TimeStamp: 2026/03/08-23:03:25-GMT  BuildTime: Aug  4 2022 06:17:15  BuildStamp: freesurfer-linux-ubuntu22_x86_64-7.3.2-20220804-6354275  User: oesteban  Machine: dna078  Platform: Linux  PlatformVersion: 5.14.0-427.37.1.el9_4.x86_64  CompilerName: GCC  CompilerVersion: 8.4.0
ProgramName: mri_concatenate_lta  ProgramArguments: mri_concatenate_lta -all-info  ProgramVersion: 7.3.2  TimeStamp: 2026/03/08-23:03:25-GMT  BuildTime: Aug  4 2022 06:17:15  BuildStamp: freesurfer-linux-ubuntu22_x86_64-7.3.2-20220804-6354275  User: oesteban  Machine: dna078  Platform: Linux  PlatformVersion: 5.14.0-427.37.1.el9_4.x86_64  CompilerName: GCC  CompilerVersion: 8.4.0
mri_convert -all-info 
ProgramName: mri_convert  ProgramArguments: mri_convert -all-info  ProgramVersion: 7.3.2  TimeStamp: 2026/03/08-23:03:25-GMT  BuildTime: Aug  4 2022 06:17:15  BuildStamp: freesurfer-linux-ubuntu22_x86_64-7.3.2-20220804-6354275  User: oesteban  Machine: dna078  Platform: Linux  PlatformVersion: 5.14.0-427.37.1.el9_4.x86_64  CompilerName: GCC  CompilerVersion: 8.4.0
ProgramName: mri_diff  ProgramArguments: mri_diff -all-info  ProgramVersion: 7.3.2  TimeStamp: 2026/03/08-23:03:25-GMT  BuildTime: Aug  4 2022 06:17:15  BuildStamp: freesurfer-linux-ubuntu22_x86_64-7.3.2-20220804-6354275  User: oesteban  Machine: dna078  Platform: Linux  PlatformVersion: 5.14.0-427.37.1.el9_4.x86_64  CompilerName: GCC  CompilerVersion: 8.4.0
ProgramName: mri_edit_wm_with_aseg  ProgramArguments: mri_edit_wm_with_aseg -all-info  ProgramVersion: 7.3.2  TimeStamp: 2026/03/08-23:03:25-GMT  BuildTime: Aug  4 2022 06:17:15  BuildStamp: freesurfer-linux-ubuntu22_x86_64-7.3.2-20220804-6354275  User: oesteban  Machine: dna078  Platform: Linux  PlatformVersion: 5.14.0-427.37.1.el9_4.x86_64  CompilerName: GCC  CompilerVersion: 8.4.0
ProgramName: mri_em_register  ProgramArguments: mri_em_register -all-info  ProgramVersion: 7.3.2  TimeStamp: 2026/03/08-23:03:25-GMT  BuildTime: Aug  4 2022 06:17:15  BuildStamp: freesurfer-linux-ubuntu22_x86_64-7.3.2-20220804-6354275  User: oesteban  Machine: dna078  Platform: Linux  PlatformVersion: 5.14.0-427.37.1.el9_4.x86_64  CompilerName: GCC  CompilerVersion: 8.4.0
ProgramName: mri_fill  ProgramArguments: mri_fill -all-info  ProgramVersion: 7.3.2  TimeStamp: 2026/03/08-23:03:25-GMT  BuildTime: Aug  4 2022 06:17:15  BuildStamp: freesurfer-linux-ubuntu22_x86_64-7.3.2-20220804-6354275  User: oesteban  Machine: dna078  Platform: Linux  PlatformVersion: 5.14.0-427.37.1.el9_4.x86_64  CompilerName: GCC  CompilerVersion: 8.4.0
ProgramName: mri_fuse_segmentations  ProgramArguments: mri_fuse_segmentations -all-info  ProgramVersion: 7.3.2  TimeStamp: 2026/03/08-23:03:25-GMT  BuildTime: Aug  4 2022 06:17:15  BuildStamp: freesurfer-linux-ubuntu22_x86_64-7.3.2-20220804-6354275  User: oesteban  Machine: dna078  Platform: Linux  PlatformVersion: 5.14.0-427.37.1.el9_4.x86_64  CompilerName: GCC  CompilerVersion: 8.4.0
ProgramName: mri_fwhm  ProgramArguments: mri_fwhm -all-info  ProgramVersion: 7.3.2  TimeStamp: 2026/03/08-23:03:25-GMT  BuildTime: Aug  4 2022 06:17:15  BuildStamp: freesurfer-linux-ubuntu22_x86_64-7.3.2-20220804-6354275  User: oesteban  Machine: dna078  Platform: Linux  PlatformVersion: 5.14.0-427.37.1.el9_4.x86_64  CompilerName: GCC  CompilerVersion: 8.4.0
ProgramName: mri_gcut  ProgramArguments: mri_gcut -all-info  ProgramVersion: 7.3.2  TimeStamp: 2026/03/08-23:03:25-GMT  BuildTime: Aug  4 2022 06:17:15  BuildStamp: freesurfer-linux-ubuntu22_x86_64-7.3.2-20220804-6354275  User: oesteban  Machine: dna078  Platform: Linux  PlatformVersion: 5.14.0-427.37.1.el9_4.x86_64  CompilerName: GCC  CompilerVersion: 8.4.0
ProgramName: mri_info  ProgramArguments: mri_info -all-info  ProgramVersion: 7.3.2  TimeStamp: 2026/03/08-23:03:25-GMT  BuildTime: Aug  4 2022 06:17:15  BuildStamp: freesurfer-linux-ubuntu22_x86_64-7.3.2-20220804-6354275  User: oesteban  Machine: dna078  Platform: Linux  PlatformVersion: 5.14.0-427.37.1.el9_4.x86_64  CompilerName: GCC  CompilerVersion: 8.4.0
ProgramName: mri_label2label  ProgramArguments: mri_label2label -all-info  ProgramVersion: 7.3.2  TimeStamp: 2026/03/08-23:03:25-GMT  BuildTime: Aug  4 2022 06:17:15  BuildStamp: freesurfer-linux-ubuntu22_x86_64-7.3.2-20220804-6354275  User: oesteban  Machine: dna078  Platform: Linux  PlatformVersion: 5.14.0-427.37.1.el9_4.x86_64  CompilerName: GCC  CompilerVersion: 8.4.0
ProgramName: mri_label2vol  ProgramArguments: mri_label2vol -all-info  ProgramVersion: 7.3.2  TimeStamp: 2026/03/08-23:03:25-GMT  BuildTime: Aug  4 2022 06:17:15  BuildStamp: freesurfer-linux-ubuntu22_x86_64-7.3.2-20220804-6354275  User: oesteban  Machine: dna078  Platform: Linux  PlatformVersion: 5.14.0-427.37.1.el9_4.x86_64  CompilerName: GCC  CompilerVersion: 8.4.0
ProgramName: mri_log_likelihood  ProgramArguments: mri_log_likelihood -all-info  ProgramVersion: 7.3.2  TimeStamp: 2026/03/08-23:03:25-GMT  BuildTime: Aug  4 2022 06:17:15  BuildStamp: freesurfer-linux-ubuntu22_x86_64-7.3.2-20220804-6354275  User: oesteban  Machine: dna078  Platform: Linux  PlatformVersion: 5.14.0-427.37.1.el9_4.x86_64  CompilerName: GCC  CompilerVersion: 8.4.0
ProgramName: mri_mask  ProgramArguments: mri_mask -all-info  ProgramVersion: 7.3.2  TimeStamp: 2026/03/08-23:03:25-GMT  BuildTime: Aug  4 2022 06:17:15  BuildStamp: freesurfer-linux-ubuntu22_x86_64-7.3.2-20220804-6354275  User: oesteban  Machine: dna078  Platform: Linux  PlatformVersion: 5.14.0-427.37.1.el9_4.x86_64  CompilerName: GCC  CompilerVersion: 8.4.0
ProgramName: mri_matrix_multiply  ProgramArguments: mri_matrix_multiply -all-info  ProgramVersion: 7.3.2  TimeStamp: 2026/03/08-23:03:25-GMT  BuildTime: Aug  4 2022 06:17:15  BuildStamp: freesurfer-linux-ubuntu22_x86_64-7.3.2-20220804-6354275  User: oesteban  Machine: dna078  Platform: Linux  PlatformVersion: 5.14.0-427.37.1.el9_4.x86_64  CompilerName: GCC  CompilerVersion: 8.4.0
ProgramName: mri_normalize  ProgramArguments: mri_normalize -all-info  ProgramVersion: 7.3.2  TimeStamp: 2026/03/08-23:03:25-GMT  BuildTime: Aug  4 2022 06:17:15  BuildStamp: freesurfer-linux-ubuntu22_x86_64-7.3.2-20220804-6354275  User: oesteban  Machine: dna078  Platform: Linux  PlatformVersion: 5.14.0-427.37.1.el9_4.x86_64  CompilerName: GCC  CompilerVersion: 8.4.0
ProgramName: mri_normalize_tp2  ProgramArguments: mri_normalize_tp2 -all-info  ProgramVersion: 7.3.2  TimeStamp: 2026/03/08-23:03:25-GMT  BuildTime: Aug  4 2022 06:17:15  BuildStamp: freesurfer-linux-ubuntu22_x86_64-7.3.2-20220804-6354275  User: oesteban  Machine: dna078  Platform: Linux  PlatformVersion: 5.14.0-427.37.1.el9_4.x86_64  CompilerName: GCC  CompilerVersion: 8.4.0
ProgramName: mri_or  ProgramArguments: mri_or -all-info  ProgramVersion: 7.3.2  TimeStamp: 2026/03/08-23:03:25-GMT  BuildTime: Aug  4 2022 06:17:15  BuildStamp: freesurfer-linux-ubuntu22_x86_64-7.3.2-20220804-6354275  User: oesteban  Machine: dna078  Platform: Linux  PlatformVersion: 5.14.0-427.37.1.el9_4.x86_64  CompilerName: GCC  CompilerVersion: 8.4.0
ProgramName: mri_relabel_hypointensities  ProgramArguments: mri_relabel_hypointensities -all-info  ProgramVersion: 7.3.2  TimeStamp: 2026/03/08-23:03:25-GMT  BuildTime: Aug  4 2022 06:17:15  BuildStamp: freesurfer-linux-ubuntu22_x86_64-7.3.2-20220804-6354275  User: oesteban  Machine: dna078  Platform: Linux  PlatformVersion: 5.14.0-427.37.1.el9_4.x86_64  CompilerName: GCC  CompilerVersion: 8.4.0
ProgramName: mri_relabel_nonwm_hypos  ProgramArguments: mri_relabel_nonwm_hypos -all-info  ProgramVersion: 7.3.2  TimeStamp: 2026/03/08-23:03:25-GMT  BuildTime: Aug  4 2022 06:17:15  BuildStamp: freesurfer-linux-ubuntu22_x86_64-7.3.2-20220804-6354275  User: oesteban  Machine: dna078  Platform: Linux  PlatformVersion: 5.14.0-427.37.1.el9_4.x86_64  CompilerName: GCC  CompilerVersion: 8.4.0
ProgramName: mri_remove_neck  ProgramArguments: mri_remove_neck -all-info  ProgramVersion: 7.3.2  TimeStamp: 2026/03/08-23:03:25-GMT  BuildTime: Aug  4 2022 06:17:15  BuildStamp: freesurfer-linux-ubuntu22_x86_64-7.3.2-20220804-6354275  User: oesteban  Machine: dna078  Platform: Linux  PlatformVersion: 5.14.0-427.37.1.el9_4.x86_64  CompilerName: GCC  CompilerVersion: 8.4.0
7.3.2

ProgramName: mri_robust_register  ProgramArguments: mri_robust_register -all-info  ProgramVersion: 7.3.2  TimeStamp: 2026/03/08-23:03:25-GMT  BuildTime: Aug  4 2022 06:17:15  BuildStamp: freesurfer-linux-ubuntu22_x86_64-7.3.2-20220804-6354275  User: oesteban  Machine: dna078  Platform: Linux  PlatformVersion: 5.14.0-427.37.1.el9_4.x86_64  CompilerName: GCC  CompilerVersion: 8.4.0
7.3.2

ProgramName: mri_robust_template  ProgramArguments: mri_robust_template -all-info  ProgramVersion: 7.3.2  TimeStamp: 2026/03/08-23:03:25-GMT  BuildTime: Aug  4 2022 06:17:15  BuildStamp: freesurfer-linux-ubuntu22_x86_64-7.3.2-20220804-6354275  User: oesteban  Machine: dna078  Platform: Linux  PlatformVersion: 5.14.0-427.37.1.el9_4.x86_64  CompilerName: GCC  CompilerVersion: 8.4.0
ProgramName: mris_anatomical_stats  ProgramArguments: mris_anatomical_stats -all-info  ProgramVersion: 7.3.2  TimeStamp: 2026/03/08-23:03:25-GMT  BuildTime: Aug  4 2022 06:17:15  BuildStamp: freesurfer-linux-ubuntu22_x86_64-7.3.2-20220804-6354275  User: oesteban  Machine: dna078  Platform: Linux  PlatformVersion: 5.14.0-427.37.1.el9_4.x86_64  CompilerName: GCC  CompilerVersion: 8.4.0
ProgramName: mris_ca_label  ProgramArguments: mris_ca_label -all-info  ProgramVersion: 7.3.2  TimeStamp: 2026/03/08-23:03:25-GMT  BuildTime: Aug  4 2022 06:17:15  BuildStamp: freesurfer-linux-ubuntu22_x86_64-7.3.2-20220804-6354275  User: oesteban  Machine: dna078  Platform: Linux  PlatformVersion: 5.14.0-427.37.1.el9_4.x86_64  CompilerName: GCC  CompilerVersion: 8.4.0
ProgramName: mris_calc  ProgramArguments: mris_calc -all-info  ProgramVersion: 7.3.2  TimeStamp: 2026/03/08-23:03:25-GMT  BuildTime: Aug  4 2022 06:17:15  BuildStamp: freesurfer-linux-ubuntu22_x86_64-7.3.2-20220804-6354275  User: oesteban  Machine: dna078  Platform: Linux  PlatformVersion: 5.14.0-427.37.1.el9_4.x86_64  CompilerName: GCC  CompilerVersion: 8.4.0
ProgramName: mris_convert  ProgramArguments: mris_convert -all-info  ProgramVersion: 7.3.2  TimeStamp: 2026/03/08-23:03:25-GMT  BuildTime: Aug  4 2022 06:17:15  BuildStamp: freesurfer-linux-ubuntu22_x86_64-7.3.2-20220804-6354275  User: oesteban  Machine: dna078  Platform: Linux  PlatformVersion: 5.14.0-427.37.1.el9_4.x86_64  CompilerName: GCC  CompilerVersion: 8.4.0
ProgramName: mris_curvature  ProgramArguments: mris_curvature -all-info  ProgramVersion: 7.3.2  TimeStamp: 2026/03/08-23:03:25-GMT  BuildTime: Aug  4 2022 06:17:15  BuildStamp: freesurfer-linux-ubuntu22_x86_64-7.3.2-20220804-6354275  User: oesteban  Machine: dna078  Platform: Linux  PlatformVersion: 5.14.0-427.37.1.el9_4.x86_64  CompilerName: GCC  CompilerVersion: 8.4.0
ProgramName: mris_curvature_stats  ProgramArguments: mris_curvature_stats -all-info  ProgramVersion: 7.3.2  TimeStamp: 2026/03/08-23:03:25-GMT  BuildTime: Aug  4 2022 06:17:15  BuildStamp: freesurfer-linux-ubuntu22_x86_64-7.3.2-20220804-6354275  User: oesteban  Machine: dna078  Platform: Linux  PlatformVersion: 5.14.0-427.37.1.el9_4.x86_64  CompilerName: GCC  CompilerVersion: 8.4.0
ProgramName: mris_diff  ProgramArguments: mris_diff -all-info  ProgramVersion: 7.3.2  TimeStamp: 2026/03/08-23:03:25-GMT  BuildTime: Aug  4 2022 06:17:15  BuildStamp: freesurfer-linux-ubuntu22_x86_64-7.3.2-20220804-6354275  User: oesteban  Machine: dna078  Platform: Linux  PlatformVersion: 5.14.0-427.37.1.el9_4.x86_64  CompilerName: GCC  CompilerVersion: 8.4.0
ProgramName: mris_divide_parcellation  ProgramArguments: mris_divide_parcellation -all-info  ProgramVersion: 7.3.2  TimeStamp: 2026/03/08-23:03:25-GMT  BuildTime: Aug  4 2022 06:17:15  BuildStamp: freesurfer-linux-ubuntu22_x86_64-7.3.2-20220804-6354275  User: oesteban  Machine: dna078  Platform: Linux  PlatformVersion: 5.14.0-427.37.1.el9_4.x86_64  CompilerName: GCC  CompilerVersion: 8.4.0
ProgramName: mri_segment  ProgramArguments: mri_segment -all-info  ProgramVersion: 7.3.2  TimeStamp: 2026/03/08-23:03:25-GMT  BuildTime: Aug  4 2022 06:17:15  BuildStamp: freesurfer-linux-ubuntu22_x86_64-7.3.2-20220804-6354275  User: oesteban  Machine: dna078  Platform: Linux  PlatformVersion: 5.14.0-427.37.1.el9_4.x86_64  CompilerName: GCC  CompilerVersion: 8.4.0
ProgramName: mri_segstats  ProgramArguments: mri_segstats -all-info  ProgramVersion: 7.3.2  TimeStamp: 2026/03/08-23:03:25-GMT  BuildTime: Aug  4 2022 06:17:15  BuildStamp: freesurfer-linux-ubuntu22_x86_64-7.3.2-20220804-6354275  User: oesteban  Machine: dna078  Platform: Linux  PlatformVersion: 5.14.0-427.37.1.el9_4.x86_64  CompilerName: GCC  CompilerVersion: 8.4.0
ProgramName: mris_euler_number  ProgramArguments: mris_euler_number -all-info  ProgramVersion: 7.3.2  TimeStamp: 2026/03/08-23:03:25-GMT  BuildTime: Aug  4 2022 06:17:15  BuildStamp: freesurfer-linux-ubuntu22_x86_64-7.3.2-20220804-6354275  User: oesteban  Machine: dna078  Platform: Linux  PlatformVersion: 5.14.0-427.37.1.el9_4.x86_64  CompilerName: GCC  CompilerVersion: 8.4.0
ProgramName: mris_fix_topology  ProgramArguments: mris_fix_topology -all-info  ProgramVersion: 7.3.2  TimeStamp: 2026/03/08-23:03:25-GMT  BuildTime: Aug  4 2022 06:17:15  BuildStamp: freesurfer-linux-ubuntu22_x86_64-7.3.2-20220804-6354275  User: oesteban  Machine: dna078  Platform: Linux  PlatformVersion: 5.14.0-427.37.1.el9_4.x86_64  CompilerName: GCC  CompilerVersion: 8.4.0
ProgramName: mris_topo_fixer  ProgramArguments: mris_topo_fixer -all-info  ProgramVersion: 7.3.2  TimeStamp: 2026/03/08-23:03:25-GMT  BuildTime: Aug  4 2022 06:17:15  BuildStamp: freesurfer-linux-ubuntu22_x86_64-7.3.2-20220804-6354275  User: oesteban  Machine: dna078  Platform: Linux  PlatformVersion: 5.14.0-427.37.1.el9_4.x86_64  CompilerName: GCC  CompilerVersion: 8.4.0
ProgramName: mris_jacobian  ProgramArguments: mris_jacobian -all-info  ProgramVersion: 7.3.2  TimeStamp: 2026/03/08-23:03:25-GMT  BuildTime: Aug  4 2022 06:17:15  BuildStamp: freesurfer-linux-ubuntu22_x86_64-7.3.2-20220804-6354275  User: oesteban  Machine: dna078  Platform: Linux  PlatformVersion: 5.14.0-427.37.1.el9_4.x86_64  CompilerName: GCC  CompilerVersion: 8.4.0
ProgramName: mris_label2annot  ProgramArguments: mris_label2annot -all-info  ProgramVersion: 7.3.2  TimeStamp: 2026/03/08-23:03:25-GMT  BuildTime: Aug  4 2022 06:17:15  BuildStamp: freesurfer-linux-ubuntu22_x86_64-7.3.2-20220804-6354275  User: oesteban  Machine: dna078  Platform: Linux  PlatformVersion: 5.14.0-427.37.1.el9_4.x86_64  CompilerName: GCC  CompilerVersion: 8.4.0
ProgramName: mris_left_right_register  ProgramArguments: mris_left_right_register -all-info  ProgramVersion: 7.3.2  TimeStamp: 2026/03/08-23:03:25-GMT  BuildTime: Aug  4 2022 06:17:15  BuildStamp: freesurfer-linux-ubuntu22_x86_64-7.3.2-20220804-6354275  User: oesteban  Machine: dna078  Platform: Linux  PlatformVersion: 5.14.0-427.37.1.el9_4.x86_64  CompilerName: GCC  CompilerVersion: 8.4.0
ProgramName: mris_place_surface  ProgramArguments: mris_place_surface -all-info  ProgramVersion: 7.3.2  TimeStamp: 2026/03/08-23:03:25-GMT  BuildTime: Aug  4 2022 06:17:15  BuildStamp: freesurfer-linux-ubuntu22_x86_64-7.3.2-20220804-6354275  User: oesteban  Machine: dna078  Platform: Linux  PlatformVersion: 5.14.0-427.37.1.el9_4.x86_64  CompilerName: GCC  CompilerVersion: 8.4.0
ProgramName: mrisp_paint  ProgramArguments: mrisp_paint -all-info  ProgramVersion: 7.3.2  TimeStamp: 2026/03/08-23:03:25-GMT  BuildTime: Aug  4 2022 06:17:15  BuildStamp: freesurfer-linux-ubuntu22_x86_64-7.3.2-20220804-6354275  User: oesteban  Machine: dna078  Platform: Linux  PlatformVersion: 5.14.0-427.37.1.el9_4.x86_64  CompilerName: GCC  CompilerVersion: 8.4.0
ProgramName: mris_register  ProgramArguments: mris_register -all-info  ProgramVersion: 7.3.2  TimeStamp: 2026/03/08-23:03:25-GMT  BuildTime: Aug  4 2022 06:17:15  BuildStamp: freesurfer-linux-ubuntu22_x86_64-7.3.2-20220804-6354275  User: oesteban  Machine: dna078  Platform: Linux  PlatformVersion: 5.14.0-427.37.1.el9_4.x86_64  CompilerName: GCC  CompilerVersion: 8.4.0
ProgramName: mris_smooth  ProgramArguments: mris_smooth -all-info  ProgramVersion: 7.3.2  TimeStamp: 2026/03/08-23:03:25-GMT  BuildTime: Aug  4 2022 06:17:15  BuildStamp: freesurfer-linux-ubuntu22_x86_64-7.3.2-20220804-6354275  User: oesteban  Machine: dna078  Platform: Linux  PlatformVersion: 5.14.0-427.37.1.el9_4.x86_64  CompilerName: GCC  CompilerVersion: 8.4.0
ProgramName: mris_sphere  ProgramArguments: mris_sphere -all-info  ProgramVersion: 7.3.2  TimeStamp: 2026/03/08-23:03:25-GMT  BuildTime: Aug  4 2022 06:17:15  BuildStamp: freesurfer-linux-ubuntu22_x86_64-7.3.2-20220804-6354275  User: oesteban  Machine: dna078  Platform: Linux  PlatformVersion: 5.14.0-427.37.1.el9_4.x86_64  CompilerName: GCC  CompilerVersion: 8.4.0
ProgramName: mris_surface_stats  ProgramArguments: mris_surface_stats -all-info  ProgramVersion: 7.3.2  TimeStamp: 2026/03/08-23:03:25-GMT  BuildTime: Aug  4 2022 06:17:15  BuildStamp: freesurfer-linux-ubuntu22_x86_64-7.3.2-20220804-6354275  User: oesteban  Machine: dna078  Platform: Linux  PlatformVersion: 5.14.0-427.37.1.el9_4.x86_64  CompilerName: GCC  CompilerVersion: 8.4.0
ProgramName: mri_stats2seg  ProgramArguments: mri_stats2seg -all-info  ProgramVersion: 7.3.2  TimeStamp: 2026/03/08-23:03:25-GMT  BuildTime: Aug  4 2022 06:17:15  BuildStamp: freesurfer-linux-ubuntu22_x86_64-7.3.2-20220804-6354275  User: oesteban  Machine: dna078  Platform: Linux  PlatformVersion: 5.14.0-427.37.1.el9_4.x86_64  CompilerName: GCC  CompilerVersion: 8.4.0
ProgramName: mris_thickness  ProgramArguments: mris_thickness -all-info  ProgramVersion: 7.3.2  TimeStamp: 2026/03/08-23:03:25-GMT  BuildTime: Aug  4 2022 06:17:15  BuildStamp: freesurfer-linux-ubuntu22_x86_64-7.3.2-20220804-6354275  User: oesteban  Machine: dna078  Platform: Linux  PlatformVersion: 5.14.0-427.37.1.el9_4.x86_64  CompilerName: GCC  CompilerVersion: 8.4.0
ProgramName: mris_thickness_diff  ProgramArguments: mris_thickness_diff -all-info  ProgramVersion: 7.3.2  TimeStamp: 2026/03/08-23:03:25-GMT  BuildTime: Aug  4 2022 06:17:15  BuildStamp: freesurfer-linux-ubuntu22_x86_64-7.3.2-20220804-6354275  User: oesteban  Machine: dna078  Platform: Linux  PlatformVersion: 5.14.0-427.37.1.el9_4.x86_64  CompilerName: GCC  CompilerVersion: 8.4.0
ProgramName: mris_topo_fixer  ProgramArguments: mris_topo_fixer -all-info  ProgramVersion: 7.3.2  TimeStamp: 2026/03/08-23:03:25-GMT  BuildTime: Aug  4 2022 06:17:15  BuildStamp: freesurfer-linux-ubuntu22_x86_64-7.3.2-20220804-6354275  User: oesteban  Machine: dna078  Platform: Linux  PlatformVersion: 5.14.0-427.37.1.el9_4.x86_64  CompilerName: GCC  CompilerVersion: 8.4.0
ProgramName: mri_surf2surf  ProgramArguments: mri_surf2surf -all-info  ProgramVersion: 7.3.2  TimeStamp: 2026/03/08-23:03:25-GMT  BuildTime: Aug  4 2022 06:17:15  BuildStamp: freesurfer-linux-ubuntu22_x86_64-7.3.2-20220804-6354275  User: oesteban  Machine: dna078  Platform: Linux  PlatformVersion: 5.14.0-427.37.1.el9_4.x86_64  CompilerName: GCC  CompilerVersion: 8.4.0
ProgramName: mri_surf2vol  ProgramArguments: mri_surf2vol -all-info  ProgramVersion: 7.3.2  TimeStamp: 2026/03/08-23:03:25-GMT  BuildTime: Aug  4 2022 06:17:15  BuildStamp: freesurfer-linux-ubuntu22_x86_64-7.3.2-20220804-6354275  User: oesteban  Machine: dna078  Platform: Linux  PlatformVersion: 5.14.0-427.37.1.el9_4.x86_64  CompilerName: GCC  CompilerVersion: 8.4.0
ProgramName: mri_surfcluster  ProgramArguments: mri_surfcluster -all-info  ProgramVersion: 7.3.2  TimeStamp: 2026/03/08-23:03:25-GMT  BuildTime: Aug  4 2022 06:17:15  BuildStamp: freesurfer-linux-ubuntu22_x86_64-7.3.2-20220804-6354275  User: oesteban  Machine: dna078  Platform: Linux  PlatformVersion: 5.14.0-427.37.1.el9_4.x86_64  CompilerName: GCC  CompilerVersion: 8.4.0
ProgramName: mris_volmask  ProgramArguments: mris_volmask -all-info  ProgramVersion: 7.3.2  TimeStamp: 2026/03/08-23:03:25-GMT  BuildTime: Aug  4 2022 06:17:15  BuildStamp: freesurfer-linux-ubuntu22_x86_64-7.3.2-20220804-6354275  User: oesteban  Machine: dna078  Platform: Linux  PlatformVersion: 5.14.0-427.37.1.el9_4.x86_64  CompilerName: GCC  CompilerVersion: 8.4.0
ProgramName: mri_tessellate  ProgramArguments: mri_tessellate -all-info  ProgramVersion: 7.3.2  TimeStamp: 2026/03/08-23:03:25-GMT  BuildTime: Aug  4 2022 06:17:15  BuildStamp: freesurfer-linux-ubuntu22_x86_64-7.3.2-20220804-6354275  User: oesteban  Machine: dna078  Platform: Linux  PlatformVersion: 5.14.0-427.37.1.el9_4.x86_64  CompilerName: GCC  CompilerVersion: 8.4.0
ProgramName: mri_vol2surf  ProgramArguments: mri_vol2surf -all-info  ProgramVersion: 7.3.2  TimeStamp: 2026/03/08-23:03:25-GMT  BuildTime: Aug  4 2022 06:17:15  BuildStamp: freesurfer-linux-ubuntu22_x86_64-7.3.2-20220804-6354275  User: oesteban  Machine: dna078  Platform: Linux  PlatformVersion: 5.14.0-427.37.1.el9_4.x86_64  CompilerName: GCC  CompilerVersion: 8.4.0
ProgramName: mri_vol2vol  ProgramArguments: mri_vol2vol -all-info  ProgramVersion: 7.3.2  TimeStamp: 2026/03/08-23:03:25-GMT  BuildTime: Aug  4 2022 06:17:15  BuildStamp: freesurfer-linux-ubuntu22_x86_64-7.3.2-20220804-6354275  User: oesteban  Machine: dna078  Platform: Linux  PlatformVersion: 5.14.0-427.37.1.el9_4.x86_64  CompilerName: GCC  CompilerVersion: 8.4.0
ProgramName: mri_voldiff  ProgramArguments: mri_voldiff -all-info  ProgramVersion: 7.3.2  TimeStamp: 2026/03/08-23:03:25-GMT  BuildTime: Aug  4 2022 06:17:15  BuildStamp: freesurfer-linux-ubuntu22_x86_64-7.3.2-20220804-6354275  User: oesteban  Machine: dna078  Platform: Linux  PlatformVersion: 5.14.0-427.37.1.el9_4.x86_64  CompilerName: GCC  CompilerVersion: 8.4.0
ProgramName: mri_watershed  ProgramArguments: mri_watershed -all-info  ProgramVersion: 7.3.2  TimeStamp: 2026/03/08-23:03:25-GMT  BuildTime: Aug  4 2022 06:17:15  BuildStamp: freesurfer-linux-ubuntu22_x86_64-7.3.2-20220804-6354275  User: oesteban  Machine: dna078  Platform: Linux  PlatformVersion: 5.14.0-427.37.1.el9_4.x86_64  CompilerName: GCC  CompilerVersion: 8.4.0
ProgramName: tkregister2  ProgramArguments: tkregister2_cmdl -all-info  ProgramVersion: 7.3.2  TimeStamp: 2026/03/08-23:03:25-GMT  BuildTime: Aug  4 2022 06:17:15  BuildStamp: freesurfer-linux-ubuntu22_x86_64-7.3.2-20220804-6354275  User: oesteban  Machine: dna078  Platform: Linux  PlatformVersion: 5.14.0-427.37.1.el9_4.x86_64  CompilerName: GCC  CompilerVersion: 8.4.0
mri_motion_correct.fsl 7.3.2
mri_convert -all-info 
ProgramName: mri_convert  ProgramArguments: mri_convert -all-info  ProgramVersion: 7.3.2  TimeStamp: 2026/03/08-23:03:25-GMT  BuildTime: Aug  4 2022 06:17:15  BuildStamp: freesurfer-linux-ubuntu22_x86_64-7.3.2-20220804-6354275  User: oesteban  Machine: dna078  Platform: Linux  PlatformVersion: 5.14.0-427.37.1.el9_4.x86_64  CompilerName: GCC  CompilerVersion: 8.4.0
Program nu_correct, built from:
Package MNI N3, version 1.12.0, compiled by nicks@terrier (x86_64-unknown-linux-gnu) on 2015-06-19 at 01:25:34
#######################################
GCADIR /opt/freesurfer/average
GCA RB_all_2020-01-02.gca
GCASkull RB_all_withskull_2020_01_02.gca
AvgCurvTif folding.atlas.acfb40.noaparc.i12.2016-08-02.tif
GCSDIR /opt/freesurfer/average
GCS DKaparc.atlas.acfb40.noaparc.i12.2016-08-02.gcs
#######################################
#--------------------------------------------
#@# AutoDetGWStats rh Mon Mar  9 00:03:25 CET 2026
cd /out/sourcedata/freesurfer/sub-v1s16x0051166_ses-1/mri
mris_autodet_gwstats --o ../surf/autodet.gw.stats.rh.dat --i brain.finalsurfs.mgz --wm wm.mgz --surf ../surf/rh.orig.premesh
  Update not needed
#--------------------------------------------
#@# WhitePreAparc rh Mon Mar  9 00:03:25 CET 2026
cd /out/sourcedata/freesurfer/sub-v1s16x0051166_ses-1/mri
mris_place_surface --adgws-in ../surf/autodet.gw.stats.rh.dat --wm wm.mgz --threads 16 --invol brain.finalsurfs.mgz --rh --i ../surf/rh.orig --o ../surf/rh.white.preaparc --white --seg aseg.presurf.mgz --nsmooth 5
   Update not needed
#--------------------------------------------
#@# CortexLabel rh Mon Mar  9 00:03:25 CET 2026
cd /out/sourcedata/freesurfer/sub-v1s16x0051166_ses-1/mri
mri_label2label --label-cortex ../surf/rh.white.preaparc aseg.presurf.mgz 0 ../label/rh.cortex.label
   Update not needed
#--------------------------------------------
#@# CortexLabel+HipAmyg rh Mon Mar  9 00:03:26 CET 2026
cd /out/sourcedata/freesurfer/sub-v1s16x0051166_ses-1/mri
mri_label2label --label-cortex ../surf/rh.white.preaparc aseg.presurf.mgz 1 ../label/rh.cortex+hipamyg.label
   Update not needed
#@# white curv rh Mon Mar  9 00:03:26 CET 2026
cd /out/sourcedata/freesurfer/sub-v1s16x0051166_ses-1/mri
mris_place_surface --curv-map ../surf/rh.white 2 10 ../surf/rh.curv
   Update not needed
#@# white area rh Mon Mar  9 00:03:26 CET 2026
cd /out/sourcedata/freesurfer/sub-v1s16x0051166_ses-1/mri
mris_place_surface --area-map ../surf/rh.white ../surf/rh.area
   Update not needed
#@# pial curv rh Mon Mar  9 00:03:26 CET 2026
cd /out/sourcedata/freesurfer/sub-v1s16x0051166_ses-1/mri
mris_place_surface --curv-map ../surf/rh.pial 2 10 ../surf/rh.curv.pial
   Update not needed
#@# pial area rh Mon Mar  9 00:03:26 CET 2026
cd /out/sourcedata/freesurfer/sub-v1s16x0051166_ses-1/mri
mris_place_surface --area-map ../surf/rh.pial ../surf/rh.area.pial
   Update not needed
#@# thickness rh Mon Mar  9 00:03:26 CET 2026
cd /out/sourcedata/freesurfer/sub-v1s16x0051166_ses-1/mri
mris_place_surface --thickness ../surf/rh.white ../surf/rh.pial 20 5 ../surf/rh.thickness
   Update not needed
#@# area and vertex vol rh Mon Mar  9 00:03:26 CET 2026
cd /out/sourcedata/freesurfer/sub-v1s16x0051166_ses-1/mri
mris_place_surface --thickness ../surf/rh.white ../surf/rh.pial 20 5 ../surf/rh.thickness
   Update not needed
#-----------------------------------------
#@# Parcellation Stats rh Mon Mar  9 00:03:26 CET 2026
/out/sourcedata/freesurfer/sub-v1s16x0051166_ses-1/scripts

 mris_anatomical_stats -th3 -mgz -noglobal -cortex ../label/rh.cortex.label -f ../stats/rh.aparc.stats -b -a ../label/rh.aparc.annot -c ../label/aparc.annot.ctab sub-v1s16x0051166_ses-1 rh white 

computing statistics for each annotation in ../label/rh.aparc.annot.
reading volume /out/sourcedata/freesurfer/sub-v1s16x0051166_ses-1/mri/wm.mgz...
reading input surface /out/sourcedata/freesurfer/sub-v1s16x0051166_ses-1/surf/rh.white...
reading input pial surface /out/sourcedata/freesurfer/sub-v1s16x0051166_ses-1/surf/rh.pial...
reading input white surface /out/sourcedata/freesurfer/sub-v1s16x0051166_ses-1/surf/rh.white...
INFO: using TH3 volume calc
INFO: assuming MGZ format for volumes.
INFO: not computing global stats
INFO: using ../label/rh.cortex.label as mask to calc cortex NumVert, SurfArea and MeanThickness.
Using TH3 vertex volume calc
Total face volume 202238
Total vertex volume 202078 (mask=0)
Saving annotation colortable ../label/aparc.annot.ctab

table columns are:
    number of vertices
    total surface area (mm^2)
    total gray matter volume (mm^3)
    average cortical thickness +- standard deviation (mm)
    integrated rectified mean curvature
    integrated rectified Gaussian curvature
    folding index
    intrinsic curvature index
    structure name

 1226    836   1797  2.339 0.623     0.101     0.020        6     1.1  bankssts
  847    561   1392  2.562 0.480     0.122     0.015        9     0.6  caudalanteriorcingulate
 3222   2180   5137  2.279 0.795     0.123     0.036       34     5.0  caudalmiddlefrontal
 2247   1844   3741  1.964 0.470     0.173     0.045       37     4.3  cuneus
  293    205    370  1.994 0.726     0.156     0.052        4     0.7  entorhinal
 3269   2448   6976  2.456 0.674     0.128     0.029       39     4.4  fusiform
 7045   5039  11717  2.184 0.648     0.126     0.031       80     9.1  inferiorparietal
 2831   2138   5076  2.152 0.632     0.139     0.043       45     5.1  inferiortemporal
 1431   1072   3153  2.416 0.898     0.130     0.037       17     1.9  isthmuscingulate
 6537   4578   9577  1.908 0.645     0.140     0.038       88    10.2  lateraloccipital
 3019   2222   6657  2.523 0.811     0.135     0.038       40     4.8  lateralorbitofrontal
 4759   3456   7621  2.068 0.677     0.137     0.037       62     7.1  lingual
 2115   1566   5073  2.863 0.850     0.129     0.034       27     3.2  medialorbitofrontal
 3517   2695   6395  2.026 0.605     0.140     0.042       62     6.6  middletemporal
  964    637   1541  2.137 0.640     0.104     0.031        7     1.2  parahippocampal
 2193   1500   4435  2.747 0.712     0.117     0.026       17     2.3  paracentral
 1359   1000   2855  2.349 0.793     0.125     0.034       15     1.9  parsopercularis
  819    691   2583  2.602 1.077     0.145     0.048       10     1.7  parsorbitalis
 1427   1064   2910  2.174 0.766     0.111     0.028       12     1.5  parstriangularis
 2025   1474   2293  1.689 0.485     0.141     0.036       24     2.8  pericalcarine
 4836   3424   7308  1.938 0.674     0.127     0.035       56     6.6  postcentral
 1794   1275   3662  2.608 0.957     0.137     0.028       22     2.4  posteriorcingulate
 7021   4800  11359  2.176 0.710     0.122     0.032       66     9.5  precentral
 6289   4565  13352  2.635 0.704     0.129     0.031       66     8.3  precuneus
  850    612   1624  2.566 0.588     0.123     0.037        9     1.0  rostralanteriorcingulate
 7242   5367  15216  2.451 0.762     0.145     0.043       96    12.9  rostralmiddlefrontal
 9858   7025  21211  2.689 0.848     0.133     0.038      107    15.2  superiorfrontal
 7313   5026  11074  2.127 0.639     0.132     0.037       97    11.0  superiorparietal
 4589   3272   9015  2.382 0.799     0.114     0.031       54     5.7  superiortemporal
 4245   3026   7339  2.298 0.728     0.132     0.035       52     6.0  supramarginal
  473    403   1895  3.059 0.832     0.170     0.056        8     1.0  frontalpole
  530    423   1017  1.863 0.561     0.186     0.087       13     1.5  temporalpole
  435    306    939  2.670 0.659     0.126     0.029        5     0.6  transversetemporal
 3315   2208   5767  2.796 0.973     0.116     0.033       30     4.6  insula

 mris_anatomical_stats -th3 -mgz -noglobal -cortex ../label/rh.cortex.label -f ../stats/rh.aparc.pial.stats -b -a ../label/rh.aparc.annot -c ../label/aparc.annot.ctab sub-v1s16x0051166_ses-1 rh pial 

computing statistics for each annotation in ../label/rh.aparc.annot.
reading volume /out/sourcedata/freesurfer/sub-v1s16x0051166_ses-1/mri/wm.mgz...
reading input surface /out/sourcedata/freesurfer/sub-v1s16x0051166_ses-1/surf/rh.pial...
reading input pial surface /out/sourcedata/freesurfer/sub-v1s16x0051166_ses-1/surf/rh.pial...
reading input white surface /out/sourcedata/freesurfer/sub-v1s16x0051166_ses-1/surf/rh.white...
INFO: using TH3 volume calc
INFO: assuming MGZ format for volumes.
INFO: not computing global stats
INFO: using ../label/rh.cortex.label as mask to calc cortex NumVert, SurfArea and MeanThickness.
Using TH3 vertex volume calc
Total face volume 202238
Total vertex volume 202078 (mask=0)
Saving annotation colortable ../label/aparc.annot.ctab

table columns are:
    number of vertices
    total surface area (mm^2)
    total gray matter volume (mm^3)
    average cortical thickness +- standard deviation (mm)
    integrated rectified mean curvature
    integrated rectified Gaussian curvature
    folding index
    intrinsic curvature index
    structure name

 1226    778   1797  2.339 0.623     0.139     0.040       25     2.1  bankssts
  847    578   1392  2.562 0.480     0.135     0.036       38     1.3  caudalanteriorcingulate
 3222   2534   5137  2.279 0.795     0.155     0.042       79     5.9  caudalmiddlefrontal
 2247   2205   3741  1.964 0.470     0.175     0.049       53     4.3  cuneus
  293    203    370  1.994 0.726     0.201     0.071       11     0.9  entorhinal
 3269   3296   6976  2.456 0.674     0.194     0.050       73     7.3  fusiform
 7045   6216  11717  2.184 0.648     0.176     0.047     3059    13.5  inferiorparietal
 2831   2908   5076  2.152 0.632     0.204     0.053       56     6.7  inferiortemporal
 1431   1529   3153  2.416 0.898     0.205     0.055       60     3.0  isthmuscingulate
 6537   5676   9577  1.908 0.645     0.160     0.041      116    11.6  lateraloccipital
 3019   3091   6657  2.523 0.811     0.210     0.060       84     7.8  lateralorbitofrontal
 4759   4300   7621  2.068 0.677     0.169     0.047      137     9.5  lingual
 2115   2108   5073  2.863 0.850     0.187     0.051       70     4.6  medialorbitofrontal
 3517   4012   6395  2.026 0.605     0.207     0.050       66     8.1  middletemporal
  964    863   1541  2.137 0.640     0.173     0.052       15     2.3  parahippocampal
 2193   1742   4435  2.747 0.712     0.146     0.277      143     3.5  paracentral
 1359   1323   2855  2.349 0.793     0.179     0.042       29     2.6  parsopercularis
  819   1263   2583  2.602 1.077     0.261     0.053       18     2.2  parsorbitalis
 1427   1613   2910  2.174 0.766     0.212     0.055       26     3.3  parstriangularis
 2025   1422   2293  1.689 0.485     0.149     0.046       48     3.4  pericalcarine
 4836   4227   7308  1.938 0.674     0.159     0.040       79     8.6  postcentral
 1794   1541   3662  2.608 0.957     0.170     0.044       73     3.3  posteriorcingulate
 7021   5679  11359  2.176 0.710     0.150     0.040      475    11.7  precentral
 6289   5640  13352  2.635 0.704     0.166     0.046      119    11.6  precuneus
  850    730   1624  2.566 0.588     0.171     0.046       20     1.5  rostralanteriorcingulate
 7242   7207  15216  2.451 0.762     0.202     0.056     5834    17.8  rostralmiddlefrontal
 9858   8720  21211  2.689 0.848     0.174     1.103      587    20.0  superiorfrontal
 7313   5812  11074  2.127 0.639     0.151     0.041      162    12.5  superiorparietal
 4589   4490   9015  2.382 0.799     0.176     0.042       66     8.7  superiortemporal
 4245   3484   7339  2.298 0.728     0.168     0.047       91     8.6  supramarginal
  473    836   1895  3.059 0.832     0.285     0.060       11     1.5  frontalpole
  530    706   1017  1.863 0.561     0.245     0.085       11     1.9  temporalpole
  435    386    939  2.670 0.659     0.157     0.040        6     0.8  transversetemporal
 3315   2062   5767  2.796 0.973     0.147     0.052      132     6.6  insula
#-----------------------------------------
#@# Parcellation Stats 2 rh Mon Mar  9 00:03:36 CET 2026
/out/sourcedata/freesurfer/sub-v1s16x0051166_ses-1/scripts

 mris_anatomical_stats -th3 -mgz -noglobal -cortex ../label/rh.cortex.label -f ../stats/rh.aparc.a2009s.stats -b -a ../label/rh.aparc.a2009s.annot -c ../label/aparc.annot.a2009s.ctab sub-v1s16x0051166_ses-1 rh white 

computing statistics for each annotation in ../label/rh.aparc.a2009s.annot.
reading volume /out/sourcedata/freesurfer/sub-v1s16x0051166_ses-1/mri/wm.mgz...
reading input surface /out/sourcedata/freesurfer/sub-v1s16x0051166_ses-1/surf/rh.white...
reading input pial surface /out/sourcedata/freesurfer/sub-v1s16x0051166_ses-1/surf/rh.pial...
reading input white surface /out/sourcedata/freesurfer/sub-v1s16x0051166_ses-1/surf/rh.white...
INFO: using TH3 volume calc
INFO: assuming MGZ format for volumes.
INFO: not computing global stats
INFO: using ../label/rh.cortex.label as mask to calc cortex NumVert, SurfArea and MeanThickness.
Using TH3 vertex volume calc
Total face volume 202238
Total vertex volume 202078 (mask=0)
Saving annotation colortable ../label/aparc.annot.a2009s.ctab

table columns are:
    number of vertices
    total surface area (mm^2)
    total gray matter volume (mm^3)
    average cortical thickness +- standard deviation (mm)
    integrated rectified mean curvature
    integrated rectified Gaussian curvature
    folding index
    intrinsic curvature index
    structure name

  683    504   1884  2.865 0.854     0.135     0.045        7     1.2  G_and_S_frontomargin
 1099    810   1838  2.090 0.665     0.126     0.029       11     1.2  G_and_S_occipital_inf
 1164    822   2516  2.504 0.783     0.136     0.038       14     1.7  G_and_S_paracentral
 1390   1047   3130  2.524 0.805     0.135     0.033       14     2.1  G_and_S_subcentral
  992    827   3181  2.969 0.728     0.169     0.054       14     2.1  G_and_S_transv_frontopol
 2871   2082   5814  2.931 0.727     0.122     0.031       23     3.6  G_and_S_cingul-Ant
 1648   1179   3406  2.793 0.455     0.123     0.024       16     1.7  G_and_S_cingul-Mid-Ant
 1473   1048   2861  2.710 0.786     0.133     0.029       15     2.0  G_and_S_cingul-Mid-Post
  488    370   1838  3.308 0.827     0.152     0.041        7     0.7  G_cingul-Post-dorsal
  309    261    854  2.475 0.797     0.178     0.058        6     0.7  G_cingul-Post-ventral
 2136   1782   3675  1.884 0.486     0.175     0.046       36     4.0  G_cuneus
  935    762   2970  2.628 0.855     0.149     0.048       15     1.8  G_front_inf-Opercular
  228    274    818  2.134 0.688     0.238     0.083        6     1.0  G_front_inf-Orbital
  489    368   1218  2.258 0.863     0.103     0.032        6     0.5  G_front_inf-Triangul
 3911   2955   8774  2.341 0.852     0.171     0.055       77     8.9  G_front_middle
 5928   4209  14255  2.651 0.938     0.147     0.047       80    11.3  G_front_sup
  509    330   1074  3.051 1.091     0.103     0.027        4     0.4  G_Ins_lg_and_S_cent_ins
  500    356   1394  2.936 1.151     0.121     0.041        6     0.7  G_insular_short
 2153   1586   4126  2.171 0.716     0.154     0.046       38     4.0  G_occipital_middle
 1468   1000   2274  2.035 0.617     0.152     0.046       24     2.8  G_occipital_sup
 1658   1299   4461  2.524 0.699     0.147     0.035       27     2.7  G_oc-temp_lat-fusifor
 2627   2069   5012  2.012 0.674     0.162     0.044       44     4.9  G_oc-temp_med-Lingual
  947    634   1520  2.056 0.690     0.131     0.043       10     1.5  G_oc-temp_med-Parahip
 2172   1768   6886  2.711 0.909     0.163     0.057       41     4.9  G_orbital
 2540   1798   4755  2.091 0.704     0.140     0.041       39     4.2  G_pariet_inf-Angular
 1863   1408   4171  2.352 0.735     0.146     0.049       32     3.3  G_pariet_inf-Supramar
 2110   1416   3132  1.883 0.778     0.132     0.043       32     3.9  G_parietal_sup
 1633   1143   2379  1.729 0.639     0.144     0.048       27     3.1  G_postcentral
 2540   1727   4560  2.075 0.765     0.131     0.040       31     4.0  G_precentral
 2820   2115   7386  2.626 0.770     0.148     0.041       44     4.8  G_precuneus
  641    539   1987  2.665 0.891     0.168     0.054       17     1.7  G_rectus
  433    294    518  1.835 0.605     0.163     0.063        9     1.2  G_subcallosal
  272    201    715  2.738 0.678     0.140     0.036        5     0.5  G_temp_sup-G_T_transv
 1654   1262   3980  2.252 0.673     0.150     0.048       33     3.2  G_temp_sup-Lateral
  904    635   1217  1.760 0.564     0.120     0.043        9     1.7  G_temp_sup-Plan_polar
  643    466   1287  2.655 0.690     0.105     0.019        4     0.5  G_temp_sup-Plan_tempo
 1511   1247   3411  2.154 0.633     0.166     0.061       38     4.0  G_temporal_inf
 2052   1701   4514  2.061 0.601     0.160     0.048       44     4.2  G_temporal_middle
  324    223    538  2.238 0.811     0.112     0.023        2     0.3  Lat_Fis-ant-Horizont
   66     45    106  2.192 0.650     0.103     0.015        0     0.1  Lat_Fis-ant-Vertical
 1374    923   2011  2.733 0.736     0.116     0.023        8     1.5  Lat_Fis-post
 3065   2024   3902  1.746 0.600     0.147     0.043       48     5.1  Pole_occipital
 1129    881   2166  1.989 0.615     0.171     0.077       31     3.4  Pole_temporal
 2464   1704   2979  1.968 0.729     0.116     0.029       21     2.7  S_calcarine
 2635   1743   2671  1.779 0.448     0.105     0.022       17     2.5  S_central
 1288    846   1973  2.575 0.651     0.087     0.015        6     0.8  S_cingul-Marginalis
  498    327    627  2.159 0.683     0.089     0.021        2     0.4  S_circular_insula_ant
  879    557   1201  2.819 1.022     0.082     0.012        3     0.5  S_circular_insula_inf
 1317    840   1859  2.653 0.602     0.083     0.017        5     1.0  S_circular_insula_sup
  464    358   1039  2.490 0.759     0.110     0.023        3     0.4  S_collat_transv_ant
  442    301    493  1.912 0.540     0.100     0.018        2     0.3  S_collat_transv_post
 1560   1053   2230  2.141 0.602     0.108     0.024       10     1.5  S_front_inf
 2015   1326   3018  2.359 0.686     0.100     0.026       12     2.1  S_front_middle
 2395   1630   3652  2.481 0.702     0.101     0.022       13     2.4  S_front_sup
  450    314    655  2.164 0.550     0.133     0.028        5     0.6  S_interm_prim-Jensen
 3374   2356   4720  2.252 0.426     0.120     0.026       32     4.0  S_intrapariet_and_P_trans
  796    539    843  1.857 0.486     0.109     0.023        5     0.7  S_oc_middle_and_Lunatus
  948    681   1448  2.423 0.519     0.124     0.024        8     1.1  S_oc_sup_and_transversal
  613    418    743  1.969 0.636     0.096     0.017        4     0.4  S_occipital_ant
  857    581   1101  2.186 0.672     0.110     0.023        7     0.9  S_oc-temp_lat
 2360   1620   3160  2.316 0.601     0.111     0.027       18     2.9  S_oc-temp_med_and_Lingual
  366    243    408  1.969 0.435     0.094     0.019        2     0.3  S_orbital_lateral
  618    406    736  1.969 0.478     0.115     0.026        5     0.6  S_orbital_med-olfact
 1015    737   2061  2.654 0.821     0.119     0.025        8     1.2  S_orbital-H_Shaped
 2560   1793   4052  2.483 0.693     0.120     0.025       20     2.9  S_parieto_occipital
 1336    888   1431  1.852 0.625     0.122     0.022       16     1.1  S_pericallosal
 2065   1449   2860  2.123 0.519     0.118     0.025       20     2.1  S_postcentral
 1983   1413   3089  2.313 0.725     0.127     0.033       18     2.8  S_precentral-inf-part
 1197    801   1762  2.637 0.637     0.108     0.022        7     1.0  S_precentral-sup-part
  207    155    494  3.309 0.599     0.090     0.011        1     0.1  S_suborbital
 1336    972   2683  2.708 0.558     0.131     0.032       12     1.7  S_subparietal
  697    501    914  1.957 0.557     0.120     0.022        5     0.8  S_temporal_inf
 5606   3834   8071  2.278 0.680     0.103     0.020       34     5.0  S_temporal_sup
  242    162    590  3.638 0.919     0.073     0.010        1     0.1  S_temporal_transverse
#-----------------------------------------
#@# Parcellation Stats 3 rh Mon Mar  9 00:03:42 CET 2026
/out/sourcedata/freesurfer/sub-v1s16x0051166_ses-1/scripts

 mris_anatomical_stats -th3 -mgz -noglobal -cortex ../label/rh.cortex.label -f ../stats/rh.aparc.DKTatlas.stats -b -a ../label/rh.aparc.DKTatlas.annot -c ../label/aparc.annot.DKTatlas.ctab sub-v1s16x0051166_ses-1 rh white 

computing statistics for each annotation in ../label/rh.aparc.DKTatlas.annot.
reading volume /out/sourcedata/freesurfer/sub-v1s16x0051166_ses-1/mri/wm.mgz...
reading input surface /out/sourcedata/freesurfer/sub-v1s16x0051166_ses-1/surf/rh.white...
reading input pial surface /out/sourcedata/freesurfer/sub-v1s16x0051166_ses-1/surf/rh.pial...
reading input white surface /out/sourcedata/freesurfer/sub-v1s16x0051166_ses-1/surf/rh.white...
INFO: using TH3 volume calc
INFO: assuming MGZ format for volumes.
INFO: not computing global stats
INFO: using ../label/rh.cortex.label as mask to calc cortex NumVert, SurfArea and MeanThickness.
Using TH3 vertex volume calc
Total face volume 202238
Total vertex volume 202078 (mask=0)
Saving annotation colortable ../label/aparc.annot.DKTatlas.ctab

table columns are:
    number of vertices
    total surface area (mm^2)
    total gray matter volume (mm^3)
    average cortical thickness +- standard deviation (mm)
    integrated rectified mean curvature
    integrated rectified Gaussian curvature
    folding index
    intrinsic curvature index
    structure name

  955    632   1526  2.561 0.510     0.124     0.016       10     0.7  caudalanteriorcingulate
 3322   2253   5273  2.293 0.787     0.124     0.036       35     5.2  caudalmiddlefrontal
 2804   2216   4471  1.972 0.494     0.162     0.042       42     4.9  cuneus
  289    206    351  1.947 0.745     0.177     0.063        5     0.9  entorhinal
 3147   2366   6806  2.452 0.672     0.129     0.029       39     4.2  fusiform
 6789   4856  11313  2.197 0.651     0.126     0.031       77     8.8  inferiorparietal
 3005   2253   5323  2.159 0.650     0.135     0.041       45     5.2  inferiortemporal
 1433   1071   3139  2.414 0.890     0.129     0.037       17     1.8  isthmuscingulate
 6604   4615   9772  1.921 0.637     0.140     0.038       89    10.4  lateraloccipital
 3386   2525   7875  2.565 0.861     0.138     0.042       45     5.6  lateralorbitofrontal
 4648   3384   7481  2.066 0.677     0.136     0.036       59     6.8  lingual
 1802   1325   4214  2.617 0.917     0.140     0.042       29     3.4  medialorbitofrontal
 4390   3292   7602  2.038 0.608     0.132     0.037       66     7.3  middletemporal
 1008    670   1609  2.164 0.625     0.103     0.030        8     1.2  parahippocampal
 2299   1574   4720  2.741 0.721     0.117     0.026       18     2.5  paracentral
 1543   1138   3251  2.355 0.787     0.123     0.034       17     2.0  parsopercularis
  644    507   1484  2.112 0.726     0.129     0.039        7     1.1  parsorbitalis
 1476   1106   2876  2.159 0.737     0.118     0.030       13     1.9  parstriangularis
 2043   1480   2298  1.685 0.483     0.144     0.037       25     2.9  pericalcarine
 5211   3646   7779  1.953 0.682     0.127     0.035       61     7.2  postcentral
 1911   1375   4128  2.650 0.934     0.140     0.030       24     2.7  posteriorcingulate
 6766   4619  11057  2.162 0.705     0.121     0.032       64     9.1  precentral
 6329   4628  13831  2.648 0.701     0.132     0.032       70     8.6  precuneus
 1233    948   2658  2.591 0.654     0.144     0.041       16     2.1  rostralanteriorcingulate
 5450   4082  11902  2.414 0.770     0.150     0.045       79    10.1  rostralmiddlefrontal
12049   8599  25792  2.702 0.852     0.132     0.038      127    18.5  superiorfrontal
 6249   4328   9254  2.118 0.650     0.132     0.037       82     9.7  superiorparietal
 6008   4289  11228  2.322 0.766     0.121     0.036       73     8.3  superiortemporal
 4134   2951   7140  2.306 0.728     0.133     0.036       51     6.2  supramarginal
  427    306    940  2.656 0.641     0.129     0.029        5     0.6  transversetemporal
 2581   1698   4983  3.077 0.876     0.100     0.023       16     2.3  insula
/out/sourcedata/freesurfer/sub-v1s16x0051166_ses-1/label
#--------------------------------------------
#@# BA_exvivo Labels rh Mon Mar  9 00:03:47 CET 2026

 mri_label2label --srcsubject fsaverage --srclabel /out/sourcedata/freesurfer/fsaverage/label/rh.BA1_exvivo.label --trgsubject sub-v1s16x0051166_ses-1 --trglabel ./rh.BA1_exvivo.label --hemi rh --regmethod surface 


srclabel = /out/sourcedata/freesurfer/fsaverage/label/rh.BA1_exvivo.label
srcsubject = fsaverage
trgsubject = sub-v1s16x0051166_ses-1
trglabel = ./rh.BA1_exvivo.label
regmethod = surface

srchemi = rh
trghemi = rh
trgsurface = white
srcsurfreg = sphere.reg
trgsurfreg = sphere.reg
usehash = 1
Use ProjAbs  = 0, 0
Use ProjFrac = 0, 0
DoPaint 0

SUBJECTS_DIR    /out/sourcedata/freesurfer
FREESURFER_HOME /opt/freesurfer
Loading source label.
Found 3962 points in source label.
Starting surface-based mapping
Reading source registration 
 /out/sourcedata/freesurfer/fsaverage/surf/rh.sphere.reg
Rescaling ...  original radius = 100
Reading target surface 
 /out/sourcedata/freesurfer/sub-v1s16x0051166_ses-1/surf/rh.white
Reading target registration 
 /out/sourcedata/freesurfer/sub-v1s16x0051166_ses-1/surf/rh.sphere.reg
Rescaling ...  original radius = 100
Building target registration hash (res=16).
Building source registration hash (res=16).
INFO: found  3962 nlabel points
Performing mapping from target back to the source label 116997
Number of reverse mapping hits = 134
Checking for and removing duplicates
Writing label file ./rh.BA1_exvivo.label 4096
mri_label2label: Done


 mri_label2label --srcsubject fsaverage --srclabel /out/sourcedata/freesurfer/fsaverage/label/rh.BA2_exvivo.label --trgsubject sub-v1s16x0051166_ses-1 --trglabel ./rh.BA2_exvivo.label --hemi rh --regmethod surface 


srclabel = /out/sourcedata/freesurfer/fsaverage/label/rh.BA2_exvivo.label
srcsubject = fsaverage
trgsubject = sub-v1s16x0051166_ses-1
trglabel = ./rh.BA2_exvivo.label
regmethod = surface

srchemi = rh
trghemi = rh
trgsurface = white
srcsurfreg = sphere.reg
trgsurfreg = sphere.reg
usehash = 1
Use ProjAbs  = 0, 0
Use ProjFrac = 0, 0
DoPaint 0

SUBJECTS_DIR    /out/sourcedata/freesurfer
FREESURFER_HOME /opt/freesurfer
Loading source label.
Found 6687 points in source label.
Starting surface-based mapping
Reading source registration 
 /out/sourcedata/freesurfer/fsaverage/surf/rh.sphere.reg
Rescaling ...  original radius = 100
Reading target surface 
 /out/sourcedata/freesurfer/sub-v1s16x0051166_ses-1/surf/rh.white
Reading target registration 
 /out/sourcedata/freesurfer/sub-v1s16x0051166_ses-1/surf/rh.sphere.reg
Rescaling ...  original radius = 100
Building target registration hash (res=16).
Building source registration hash (res=16).
INFO: found  6687 nlabel points
Performing mapping from target back to the source label 116997
Number of reverse mapping hits = 171
Checking for and removing duplicates
Writing label file ./rh.BA2_exvivo.label 6858
mri_label2label: Done


 mri_label2label --srcsubject fsaverage --srclabel /out/sourcedata/freesurfer/fsaverage/label/rh.BA3a_exvivo.label --trgsubject sub-v1s16x0051166_ses-1 --trglabel ./rh.BA3a_exvivo.label --hemi rh --regmethod surface 


srclabel = /out/sourcedata/freesurfer/fsaverage/label/rh.BA3a_exvivo.label
srcsubject = fsaverage
trgsubject = sub-v1s16x0051166_ses-1
trglabel = ./rh.BA3a_exvivo.label
regmethod = surface

srchemi = rh
trghemi = rh
trgsurface = white
srcsurfreg = sphere.reg
trgsurfreg = sphere.reg
usehash = 1
Use ProjAbs  = 0, 0
Use ProjFrac = 0, 0
DoPaint 0

SUBJECTS_DIR    /out/sourcedata/freesurfer
FREESURFER_HOME /opt/freesurfer
Loading source label.
Found 3980 points in source label.
Starting surface-based mapping
Reading source registration 
 /out/sourcedata/freesurfer/fsaverage/surf/rh.sphere.reg
Rescaling ...  original radius = 100
Reading target surface 
 /out/sourcedata/freesurfer/sub-v1s16x0051166_ses-1/surf/rh.white
Reading target registration 
 /out/sourcedata/freesurfer/sub-v1s16x0051166_ses-1/surf/rh.sphere.reg
Rescaling ...  original radius = 100
Building target registration hash (res=16).
Building source registration hash (res=16).
INFO: found  3980 nlabel points
Performing mapping from target back to the source label 116997
Number of reverse mapping hits = 37
Checking for and removing duplicates
Writing label file ./rh.BA3a_exvivo.label 4017
mri_label2label: Done


 mri_label2label --srcsubject fsaverage --srclabel /out/sourcedata/freesurfer/fsaverage/label/rh.BA3b_exvivo.label --trgsubject sub-v1s16x0051166_ses-1 --trglabel ./rh.BA3b_exvivo.label --hemi rh --regmethod surface 


srclabel = /out/sourcedata/freesurfer/fsaverage/label/rh.BA3b_exvivo.label
srcsubject = fsaverage
trgsubject = sub-v1s16x0051166_ses-1
trglabel = ./rh.BA3b_exvivo.label
regmethod = surface

srchemi = rh
trghemi = rh
trgsurface = white
srcsurfreg = sphere.reg
trgsurfreg = sphere.reg
usehash = 1
Use ProjAbs  = 0, 0
Use ProjFrac = 0, 0
DoPaint 0

SUBJECTS_DIR    /out/sourcedata/freesurfer
FREESURFER_HOME /opt/freesurfer
Loading source label.
Found 4522 points in source label.
Starting surface-based mapping
Reading source registration 
 /out/sourcedata/freesurfer/fsaverage/surf/rh.sphere.reg
Rescaling ...  original radius = 100
Reading target surface 
 /out/sourcedata/freesurfer/sub-v1s16x0051166_ses-1/surf/rh.white
Reading target registration 
 /out/sourcedata/freesurfer/sub-v1s16x0051166_ses-1/surf/rh.sphere.reg
Rescaling ...  original radius = 100
Building target registration hash (res=16).
Building source registration hash (res=16).
INFO: found  4522 nlabel points
Performing mapping from target back to the source label 116997
Number of reverse mapping hits = 71
Checking for and removing duplicates
Writing label file ./rh.BA3b_exvivo.label 4593
mri_label2label: Done


 mri_label2label --srcsubject fsaverage --srclabel /out/sourcedata/freesurfer/fsaverage/label/rh.BA4a_exvivo.label --trgsubject sub-v1s16x0051166_ses-1 --trglabel ./rh.BA4a_exvivo.label --hemi rh --regmethod surface 


srclabel = /out/sourcedata/freesurfer/fsaverage/label/rh.BA4a_exvivo.label
srcsubject = fsaverage
trgsubject = sub-v1s16x0051166_ses-1
trglabel = ./rh.BA4a_exvivo.label
regmethod = surface

srchemi = rh
trghemi = rh
trgsurface = white
srcsurfreg = sphere.reg
trgsurfreg = sphere.reg
usehash = 1
Use ProjAbs  = 0, 0
Use ProjFrac = 0, 0
DoPaint 0

SUBJECTS_DIR    /out/sourcedata/freesurfer
FREESURFER_HOME /opt/freesurfer
Loading source label.
Found 5747 points in source label.
Starting surface-based mapping
Reading source registration 
 /out/sourcedata/freesurfer/fsaverage/surf/rh.sphere.reg
Rescaling ...  original radius = 100
Reading target surface 
 /out/sourcedata/freesurfer/sub-v1s16x0051166_ses-1/surf/rh.white
Reading target registration 
 /out/sourcedata/freesurfer/sub-v1s16x0051166_ses-1/surf/rh.sphere.reg
Rescaling ...  original radius = 100
Building target registration hash (res=16).
Building source registration hash (res=16).
INFO: found  5747 nlabel points
Performing mapping from target back to the source label 116997
Number of reverse mapping hits = 100
Checking for and removing duplicates
Writing label file ./rh.BA4a_exvivo.label 5847
mri_label2label: Done


 mri_label2label --srcsubject fsaverage --srclabel /out/sourcedata/freesurfer/fsaverage/label/rh.BA4p_exvivo.label --trgsubject sub-v1s16x0051166_ses-1 --trglabel ./rh.BA4p_exvivo.label --hemi rh --regmethod surface 


srclabel = /out/sourcedata/freesurfer/fsaverage/label/rh.BA4p_exvivo.label
srcsubject = fsaverage
trgsubject = sub-v1s16x0051166_ses-1
trglabel = ./rh.BA4p_exvivo.label
regmethod = surface

srchemi = rh
trghemi = rh
trgsurface = white
srcsurfreg = sphere.reg
trgsurfreg = sphere.reg
usehash = 1
Use ProjAbs  = 0, 0
Use ProjFrac = 0, 0
DoPaint 0

SUBJECTS_DIR    /out/sourcedata/freesurfer
FREESURFER_HOME /opt/freesurfer
Loading source label.
Found 4473 points in source label.
Starting surface-based mapping
Reading source registration 
 /out/sourcedata/freesurfer/fsaverage/surf/rh.sphere.reg
Rescaling ...  original radius = 100
Reading target surface 
 /out/sourcedata/freesurfer/sub-v1s16x0051166_ses-1/surf/rh.white
Reading target registration 
 /out/sourcedata/freesurfer/sub-v1s16x0051166_ses-1/surf/rh.sphere.reg
Rescaling ...  original radius = 100
Building target registration hash (res=16).
Building source registration hash (res=16).
INFO: found  4473 nlabel points
Performing mapping from target back to the source label 116997
Number of reverse mapping hits = 48
Checking for and removing duplicates
Writing label file ./rh.BA4p_exvivo.label 4521
mri_label2label: Done


 mri_label2label --srcsubject fsaverage --srclabel /out/sourcedata/freesurfer/fsaverage/label/rh.BA6_exvivo.label --trgsubject sub-v1s16x0051166_ses-1 --trglabel ./rh.BA6_exvivo.label --hemi rh --regmethod surface 


srclabel = /out/sourcedata/freesurfer/fsaverage/label/rh.BA6_exvivo.label
srcsubject = fsaverage
trgsubject = sub-v1s16x0051166_ses-1
trglabel = ./rh.BA6_exvivo.label
regmethod = surface

srchemi = rh
trghemi = rh
trgsurface = white
srcsurfreg = sphere.reg
trgsurfreg = sphere.reg
usehash = 1
Use ProjAbs  = 0, 0
Use ProjFrac = 0, 0
DoPaint 0

SUBJECTS_DIR    /out/sourcedata/freesurfer
FREESURFER_HOME /opt/freesurfer
Loading source label.
Found 12256 points in source label.
Starting surface-based mapping
Reading source registration 
 /out/sourcedata/freesurfer/fsaverage/surf/rh.sphere.reg
Rescaling ...  original radius = 100
Reading target surface 
 /out/sourcedata/freesurfer/sub-v1s16x0051166_ses-1/surf/rh.white
Reading target registration 
 /out/sourcedata/freesurfer/sub-v1s16x0051166_ses-1/surf/rh.sphere.reg
Rescaling ...  original radius = 100
Building target registration hash (res=16).
Building source registration hash (res=16).
INFO: found  12256 nlabel points
Performing mapping from target back to the source label 116997
Number of reverse mapping hits = 601
Checking for and removing duplicates
Writing label file ./rh.BA6_exvivo.label 12857
mri_label2label: Done


 mri_label2label --srcsubject fsaverage --srclabel /out/sourcedata/freesurfer/fsaverage/label/rh.BA44_exvivo.label --trgsubject sub-v1s16x0051166_ses-1 --trglabel ./rh.BA44_exvivo.label --hemi rh --regmethod surface 


srclabel = /out/sourcedata/freesurfer/fsaverage/label/rh.BA44_exvivo.label
srcsubject = fsaverage
trgsubject = sub-v1s16x0051166_ses-1
trglabel = ./rh.BA44_exvivo.label
regmethod = surface

srchemi = rh
trghemi = rh
trgsurface = white
srcsurfreg = sphere.reg
trgsurfreg = sphere.reg
usehash = 1
Use ProjAbs  = 0, 0
Use ProjFrac = 0, 0
DoPaint 0

SUBJECTS_DIR    /out/sourcedata/freesurfer
FREESURFER_HOME /opt/freesurfer
Loading source label.
Found 6912 points in source label.
Starting surface-based mapping
Reading source registration 
 /out/sourcedata/freesurfer/fsaverage/surf/rh.sphere.reg
Rescaling ...  original radius = 100
Reading target surface 
 /out/sourcedata/freesurfer/sub-v1s16x0051166_ses-1/surf/rh.white
Reading target registration 
 /out/sourcedata/freesurfer/sub-v1s16x0051166_ses-1/surf/rh.sphere.reg
Rescaling ...  original radius = 100
Building target registration hash (res=16).
Building source registration hash (res=16).
INFO: found  6912 nlabel points
Performing mapping from target back to the source label 116997
Number of reverse mapping hits = 280
Checking for and removing duplicates
Writing label file ./rh.BA44_exvivo.label 7192
mri_label2label: Done


 mri_label2label --srcsubject fsaverage --srclabel /out/sourcedata/freesurfer/fsaverage/label/rh.BA45_exvivo.label --trgsubject sub-v1s16x0051166_ses-1 --trglabel ./rh.BA45_exvivo.label --hemi rh --regmethod surface 


srclabel = /out/sourcedata/freesurfer/fsaverage/label/rh.BA45_exvivo.label
srcsubject = fsaverage
trgsubject = sub-v1s16x0051166_ses-1
trglabel = ./rh.BA45_exvivo.label
regmethod = surface

srchemi = rh
trghemi = rh
trgsurface = white
srcsurfreg = sphere.reg
trgsurfreg = sphere.reg
usehash = 1
Use ProjAbs  = 0, 0
Use ProjFrac = 0, 0
DoPaint 0

SUBJECTS_DIR    /out/sourcedata/freesurfer
FREESURFER_HOME /opt/freesurfer
Loading source label.
Found 5355 points in source label.
Starting surface-based mapping
Reading source registration 
 /out/sourcedata/freesurfer/fsaverage/surf/rh.sphere.reg
Rescaling ...  original radius = 100
Reading target surface 
 /out/sourcedata/freesurfer/sub-v1s16x0051166_ses-1/surf/rh.white
Reading target registration 
 /out/sourcedata/freesurfer/sub-v1s16x0051166_ses-1/surf/rh.sphere.reg
Rescaling ...  original radius = 100
Building target registration hash (res=16).
Building source registration hash (res=16).
INFO: found  5355 nlabel points
Performing mapping from target back to the source label 116997
Number of reverse mapping hits = 157
Checking for and removing duplicates
Writing label file ./rh.BA45_exvivo.label 5512
mri_label2label: Done


 mri_label2label --srcsubject fsaverage --srclabel /out/sourcedata/freesurfer/fsaverage/label/rh.V1_exvivo.label --trgsubject sub-v1s16x0051166_ses-1 --trglabel ./rh.V1_exvivo.label --hemi rh --regmethod surface 


srclabel = /out/sourcedata/freesurfer/fsaverage/label/rh.V1_exvivo.label
srcsubject = fsaverage
trgsubject = sub-v1s16x0051166_ses-1
trglabel = ./rh.V1_exvivo.label
regmethod = surface

srchemi = rh
trghemi = rh
trgsurface = white
srcsurfreg = sphere.reg
trgsurfreg = sphere.reg
usehash = 1
Use ProjAbs  = 0, 0
Use ProjFrac = 0, 0
DoPaint 0

SUBJECTS_DIR    /out/sourcedata/freesurfer
FREESURFER_HOME /opt/freesurfer
Loading source label.
Found 4727 points in source label.
Starting surface-based mapping
Reading source registration 
 /out/sourcedata/freesurfer/fsaverage/surf/rh.sphere.reg
Rescaling ...  original radius = 100
Reading target surface 
 /out/sourcedata/freesurfer/sub-v1s16x0051166_ses-1/surf/rh.white
Reading target registration 
 /out/sourcedata/freesurfer/sub-v1s16x0051166_ses-1/surf/rh.sphere.reg
Rescaling ...  original radius = 100
Building target registration hash (res=16).
Building source registration hash (res=16).
INFO: found  4727 nlabel points
Performing mapping from target back to the source label 116997
Number of reverse mapping hits = 1143
Checking for and removing duplicates
Writing label file ./rh.V1_exvivo.label 5870
mri_label2label: Done


 mri_label2label --srcsubject fsaverage --srclabel /out/sourcedata/freesurfer/fsaverage/label/rh.V2_exvivo.label --trgsubject sub-v1s16x0051166_ses-1 --trglabel ./rh.V2_exvivo.label --hemi rh --regmethod surface 


srclabel = /out/sourcedata/freesurfer/fsaverage/label/rh.V2_exvivo.label
srcsubject = fsaverage
trgsubject = sub-v1s16x0051166_ses-1
trglabel = ./rh.V2_exvivo.label
regmethod = surface

srchemi = rh
trghemi = rh
trgsurface = white
srcsurfreg = sphere.reg
trgsurfreg = sphere.reg
usehash = 1
Use ProjAbs  = 0, 0
Use ProjFrac = 0, 0
DoPaint 0

SUBJECTS_DIR    /out/sourcedata/freesurfer
FREESURFER_HOME /opt/freesurfer
Loading source label.
Found 8016 points in source label.
Starting surface-based mapping
Reading source registration 
 /out/sourcedata/freesurfer/fsaverage/surf/rh.sphere.reg
Rescaling ...  original radius = 100
Reading target surface 
 /out/sourcedata/freesurfer/sub-v1s16x0051166_ses-1/surf/rh.white
Reading target registration 
 /out/sourcedata/freesurfer/sub-v1s16x0051166_ses-1/surf/rh.sphere.reg
Rescaling ...  original radius = 100
Building target registration hash (res=16).
Building source registration hash (res=16).
INFO: found  8016 nlabel points
Performing mapping from target back to the source label 116997
Number of reverse mapping hits = 2051
Checking for and removing duplicates
Writing label file ./rh.V2_exvivo.label 10067
mri_label2label: Done


 mri_label2label --srcsubject fsaverage --srclabel /out/sourcedata/freesurfer/fsaverage/label/rh.MT_exvivo.label --trgsubject sub-v1s16x0051166_ses-1 --trglabel ./rh.MT_exvivo.label --hemi rh --regmethod surface 


srclabel = /out/sourcedata/freesurfer/fsaverage/label/rh.MT_exvivo.label
srcsubject = fsaverage
trgsubject = sub-v1s16x0051166_ses-1
trglabel = ./rh.MT_exvivo.label
regmethod = surface

srchemi = rh
trghemi = rh
trgsurface = white
srcsurfreg = sphere.reg
trgsurfreg = sphere.reg
usehash = 1
Use ProjAbs  = 0, 0
Use ProjFrac = 0, 0
DoPaint 0

SUBJECTS_DIR    /out/sourcedata/freesurfer
FREESURFER_HOME /opt/freesurfer
Loading source label.
Found 1932 points in source label.
Starting surface-based mapping
Reading source registration 
 /out/sourcedata/freesurfer/fsaverage/surf/rh.sphere.reg
Rescaling ...  original radius = 100
Reading target surface 
 /out/sourcedata/freesurfer/sub-v1s16x0051166_ses-1/surf/rh.white
Reading target registration 
 /out/sourcedata/freesurfer/sub-v1s16x0051166_ses-1/surf/rh.sphere.reg
Rescaling ...  original radius = 100
Building target registration hash (res=16).
Building source registration hash (res=16).
INFO: found  1932 nlabel points
Performing mapping from target back to the source label 116997
Number of reverse mapping hits = 236
Checking for and removing duplicates
Writing label file ./rh.MT_exvivo.label 2168
mri_label2label: Done


 mri_label2label --srcsubject fsaverage --srclabel /out/sourcedata/freesurfer/fsaverage/label/rh.entorhinal_exvivo.label --trgsubject sub-v1s16x0051166_ses-1 --trglabel ./rh.entorhinal_exvivo.label --hemi rh --regmethod surface 


srclabel = /out/sourcedata/freesurfer/fsaverage/label/rh.entorhinal_exvivo.label
srcsubject = fsaverage
trgsubject = sub-v1s16x0051166_ses-1
trglabel = ./rh.entorhinal_exvivo.label
regmethod = surface

srchemi = rh
trghemi = rh
trgsurface = white
srcsurfreg = sphere.reg
trgsurfreg = sphere.reg
usehash = 1
Use ProjAbs  = 0, 0
Use ProjFrac = 0, 0
DoPaint 0

SUBJECTS_DIR    /out/sourcedata/freesurfer
FREESURFER_HOME /opt/freesurfer
Loading source label.
Found 1038 points in source label.
Starting surface-based mapping
Reading source registration 
 /out/sourcedata/freesurfer/fsaverage/surf/rh.sphere.reg
Rescaling ...  original radius = 100
Reading target surface 
 /out/sourcedata/freesurfer/sub-v1s16x0051166_ses-1/surf/rh.white
Reading target registration 
 /out/sourcedata/freesurfer/sub-v1s16x0051166_ses-1/surf/rh.sphere.reg
Rescaling ...  original radius = 100
Building target registration hash (res=16).
Building source registration hash (res=16).
INFO: found  1038 nlabel points
Performing mapping from target back to the source label 116997
Number of reverse mapping hits = 10
Checking for and removing duplicates
Writing label file ./rh.entorhinal_exvivo.label 1048
mri_label2label: Done


 mri_label2label --srcsubject fsaverage --srclabel /out/sourcedata/freesurfer/fsaverage/label/rh.perirhinal_exvivo.label --trgsubject sub-v1s16x0051166_ses-1 --trglabel ./rh.perirhinal_exvivo.label --hemi rh --regmethod surface 


srclabel = /out/sourcedata/freesurfer/fsaverage/label/rh.perirhinal_exvivo.label
srcsubject = fsaverage
trgsubject = sub-v1s16x0051166_ses-1
trglabel = ./rh.perirhinal_exvivo.label
regmethod = surface

srchemi = rh
trghemi = rh
trgsurface = white
srcsurfreg = sphere.reg
trgsurfreg = sphere.reg
usehash = 1
Use ProjAbs  = 0, 0
Use ProjFrac = 0, 0
DoPaint 0

SUBJECTS_DIR    /out/sourcedata/freesurfer
FREESURFER_HOME /opt/freesurfer
Loading source label.
Found 752 points in source label.
Starting surface-based mapping
Reading source registration 
 /out/sourcedata/freesurfer/fsaverage/surf/rh.sphere.reg
Rescaling ...  original radius = 100
Reading target surface 
 /out/sourcedata/freesurfer/sub-v1s16x0051166_ses-1/surf/rh.white
Reading target registration 
 /out/sourcedata/freesurfer/sub-v1s16x0051166_ses-1/surf/rh.sphere.reg
Rescaling ...  original radius = 100
Building target registration hash (res=16).
Building source registration hash (res=16).
INFO: found  752 nlabel points
Performing mapping from target back to the source label 116997
Number of reverse mapping hits = 5
Checking for and removing duplicates
Writing label file ./rh.perirhinal_exvivo.label 757
mri_label2label: Done


 mri_label2label --srcsubject fsaverage --srclabel /out/sourcedata/freesurfer/fsaverage/label/rh.FG1.mpm.vpnl.label --trgsubject sub-v1s16x0051166_ses-1 --trglabel ./rh.FG1.mpm.vpnl.label --hemi rh --regmethod surface 


srclabel = /out/sourcedata/freesurfer/fsaverage/label/rh.FG1.mpm.vpnl.label
srcsubject = fsaverage
trgsubject = sub-v1s16x0051166_ses-1
trglabel = ./rh.FG1.mpm.vpnl.label
regmethod = surface

srchemi = rh
trghemi = rh
trgsurface = white
srcsurfreg = sphere.reg
trgsurfreg = sphere.reg
usehash = 1
Use ProjAbs  = 0, 0
Use ProjFrac = 0, 0
DoPaint 0

SUBJECTS_DIR    /out/sourcedata/freesurfer
FREESURFER_HOME /opt/freesurfer
Loading source label.
Found 541 points in source label.
Starting surface-based mapping
Reading source registration 
 /out/sourcedata/freesurfer/fsaverage/surf/rh.sphere.reg
Rescaling ...  original radius = 100
Reading target surface 
 /out/sourcedata/freesurfer/sub-v1s16x0051166_ses-1/surf/rh.white
Reading target registration 
 /out/sourcedata/freesurfer/sub-v1s16x0051166_ses-1/surf/rh.sphere.reg
Rescaling ...  original radius = 100
Building target registration hash (res=16).
Building source registration hash (res=16).
INFO: found  541 nlabel points
Performing mapping from target back to the source label 116997
Number of reverse mapping hits = 148
Checking for and removing duplicates
Writing label file ./rh.FG1.mpm.vpnl.label 689
mri_label2label: Done


 mri_label2label --srcsubject fsaverage --srclabel /out/sourcedata/freesurfer/fsaverage/label/rh.FG2.mpm.vpnl.label --trgsubject sub-v1s16x0051166_ses-1 --trglabel ./rh.FG2.mpm.vpnl.label --hemi rh --regmethod surface 


srclabel = /out/sourcedata/freesurfer/fsaverage/label/rh.FG2.mpm.vpnl.label
srcsubject = fsaverage
trgsubject = sub-v1s16x0051166_ses-1
trglabel = ./rh.FG2.mpm.vpnl.label
regmethod = surface

srchemi = rh
trghemi = rh
trgsurface = white
srcsurfreg = sphere.reg
trgsurfreg = sphere.reg
usehash = 1
Use ProjAbs  = 0, 0
Use ProjFrac = 0, 0
DoPaint 0

SUBJECTS_DIR    /out/sourcedata/freesurfer
FREESURFER_HOME /opt/freesurfer
Loading source label.
Found 721 points in source label.
Starting surface-based mapping
Reading source registration 
 /out/sourcedata/freesurfer/fsaverage/surf/rh.sphere.reg
Rescaling ...  original radius = 100
Reading target surface 
 /out/sourcedata/freesurfer/sub-v1s16x0051166_ses-1/surf/rh.white
Reading target registration 
 /out/sourcedata/freesurfer/sub-v1s16x0051166_ses-1/surf/rh.sphere.reg
Rescaling ...  original radius = 100
Building target registration hash (res=16).
Building source registration hash (res=16).
INFO: found  721 nlabel points
Performing mapping from target back to the source label 116997
Number of reverse mapping hits = 120
Checking for and removing duplicates
Writing label file ./rh.FG2.mpm.vpnl.label 841
mri_label2label: Done


 mri_label2label --srcsubject fsaverage --srclabel /out/sourcedata/freesurfer/fsaverage/label/rh.FG3.mpm.vpnl.label --trgsubject sub-v1s16x0051166_ses-1 --trglabel ./rh.FG3.mpm.vpnl.label --hemi rh --regmethod surface 


srclabel = /out/sourcedata/freesurfer/fsaverage/label/rh.FG3.mpm.vpnl.label
srcsubject = fsaverage
trgsubject = sub-v1s16x0051166_ses-1
trglabel = ./rh.FG3.mpm.vpnl.label
regmethod = surface

srchemi = rh
trghemi = rh
trgsurface = white
srcsurfreg = sphere.reg
trgsurfreg = sphere.reg
usehash = 1
Use ProjAbs  = 0, 0
Use ProjFrac = 0, 0
DoPaint 0

SUBJECTS_DIR    /out/sourcedata/freesurfer
FREESURFER_HOME /opt/freesurfer
Loading source label.
Found 1523 points in source label.
Starting surface-based mapping
Reading source registration 
 /out/sourcedata/freesurfer/fsaverage/surf/rh.sphere.reg
Rescaling ...  original radius = 100
Reading target surface 
 /out/sourcedata/freesurfer/sub-v1s16x0051166_ses-1/surf/rh.white
Reading target registration 
 /out/sourcedata/freesurfer/sub-v1s16x0051166_ses-1/surf/rh.sphere.reg
Rescaling ...  original radius = 100
Building target registration hash (res=16).
Building source registration hash (res=16).
INFO: found  1523 nlabel points
Performing mapping from target back to the source label 116997
Number of reverse mapping hits = 217
Checking for and removing duplicates
Writing label file ./rh.FG3.mpm.vpnl.label 1740
mri_label2label: Done


 mri_label2label --srcsubject fsaverage --srclabel /out/sourcedata/freesurfer/fsaverage/label/rh.FG4.mpm.vpnl.label --trgsubject sub-v1s16x0051166_ses-1 --trglabel ./rh.FG4.mpm.vpnl.label --hemi rh --regmethod surface 


srclabel = /out/sourcedata/freesurfer/fsaverage/label/rh.FG4.mpm.vpnl.label
srcsubject = fsaverage
trgsubject = sub-v1s16x0051166_ses-1
trglabel = ./rh.FG4.mpm.vpnl.label
regmethod = surface

srchemi = rh
trghemi = rh
trgsurface = white
srcsurfreg = sphere.reg
trgsurfreg = sphere.reg
usehash = 1
Use ProjAbs  = 0, 0
Use ProjFrac = 0, 0
DoPaint 0

SUBJECTS_DIR    /out/sourcedata/freesurfer
FREESURFER_HOME /opt/freesurfer
Loading source label.
Found 1586 points in source label.
Starting surface-based mapping
Reading source registration 
 /out/sourcedata/freesurfer/fsaverage/surf/rh.sphere.reg
Rescaling ...  original radius = 100
Reading target surface 
 /out/sourcedata/freesurfer/sub-v1s16x0051166_ses-1/surf/rh.white
Reading target registration 
 /out/sourcedata/freesurfer/sub-v1s16x0051166_ses-1/surf/rh.sphere.reg
Rescaling ...  original radius = 100
Building target registration hash (res=16).
Building source registration hash (res=16).
INFO: found  1586 nlabel points
Performing mapping from target back to the source label 116997
Number of reverse mapping hits = 61
Checking for and removing duplicates
Writing label file ./rh.FG4.mpm.vpnl.label 1647
mri_label2label: Done


 mri_label2label --srcsubject fsaverage --srclabel /out/sourcedata/freesurfer/fsaverage/label/rh.hOc1.mpm.vpnl.label --trgsubject sub-v1s16x0051166_ses-1 --trglabel ./rh.hOc1.mpm.vpnl.label --hemi rh --regmethod surface 


srclabel = /out/sourcedata/freesurfer/fsaverage/label/rh.hOc1.mpm.vpnl.label
srcsubject = fsaverage
trgsubject = sub-v1s16x0051166_ses-1
trglabel = ./rh.hOc1.mpm.vpnl.label
regmethod = surface

srchemi = rh
trghemi = rh
trgsurface = white
srcsurfreg = sphere.reg
trgsurfreg = sphere.reg
usehash = 1
Use ProjAbs  = 0, 0
Use ProjFrac = 0, 0
DoPaint 0

SUBJECTS_DIR    /out/sourcedata/freesurfer
FREESURFER_HOME /opt/freesurfer
Loading source label.
Found 3667 points in source label.
Starting surface-based mapping
Reading source registration 
 /out/sourcedata/freesurfer/fsaverage/surf/rh.sphere.reg
Rescaling ...  original radius = 100
Reading target surface 
 /out/sourcedata/freesurfer/sub-v1s16x0051166_ses-1/surf/rh.white
Reading target registration 
 /out/sourcedata/freesurfer/sub-v1s16x0051166_ses-1/surf/rh.sphere.reg
Rescaling ...  original radius = 100
Building target registration hash (res=16).
Building source registration hash (res=16).
INFO: found  3667 nlabel points
Performing mapping from target back to the source label 116997
Number of reverse mapping hits = 881
Checking for and removing duplicates
Writing label file ./rh.hOc1.mpm.vpnl.label 4548
mri_label2label: Done


 mri_label2label --srcsubject fsaverage --srclabel /out/sourcedata/freesurfer/fsaverage/label/rh.hOc2.mpm.vpnl.label --trgsubject sub-v1s16x0051166_ses-1 --trglabel ./rh.hOc2.mpm.vpnl.label --hemi rh --regmethod surface 


srclabel = /out/sourcedata/freesurfer/fsaverage/label/rh.hOc2.mpm.vpnl.label
srcsubject = fsaverage
trgsubject = sub-v1s16x0051166_ses-1
trglabel = ./rh.hOc2.mpm.vpnl.label
regmethod = surface

srchemi = rh
trghemi = rh
trgsurface = white
srcsurfreg = sphere.reg
trgsurfreg = sphere.reg
usehash = 1
Use ProjAbs  = 0, 0
Use ProjFrac = 0, 0
DoPaint 0

SUBJECTS_DIR    /out/sourcedata/freesurfer
FREESURFER_HOME /opt/freesurfer
Loading source label.
Found 2719 points in source label.
Starting surface-based mapping
Reading source registration 
 /out/sourcedata/freesurfer/fsaverage/surf/rh.sphere.reg
Rescaling ...  original radius = 100
Reading target surface 
 /out/sourcedata/freesurfer/sub-v1s16x0051166_ses-1/surf/rh.white
Reading target registration 
 /out/sourcedata/freesurfer/sub-v1s16x0051166_ses-1/surf/rh.sphere.reg
Rescaling ...  original radius = 100
Building target registration hash (res=16).
Building source registration hash (res=16).
INFO: found  2719 nlabel points
Performing mapping from target back to the source label 116997
Number of reverse mapping hits = 780
Checking for and removing duplicates
Writing label file ./rh.hOc2.mpm.vpnl.label 3499
mri_label2label: Done


 mri_label2label --srcsubject fsaverage --srclabel /out/sourcedata/freesurfer/fsaverage/label/rh.hOc3v.mpm.vpnl.label --trgsubject sub-v1s16x0051166_ses-1 --trglabel ./rh.hOc3v.mpm.vpnl.label --hemi rh --regmethod surface 


srclabel = /out/sourcedata/freesurfer/fsaverage/label/rh.hOc3v.mpm.vpnl.label
srcsubject = fsaverage
trgsubject = sub-v1s16x0051166_ses-1
trglabel = ./rh.hOc3v.mpm.vpnl.label
regmethod = surface

srchemi = rh
trghemi = rh
trgsurface = white
srcsurfreg = sphere.reg
trgsurfreg = sphere.reg
usehash = 1
Use ProjAbs  = 0, 0
Use ProjFrac = 0, 0
DoPaint 0

SUBJECTS_DIR    /out/sourcedata/freesurfer
FREESURFER_HOME /opt/freesurfer
Loading source label.
Found 1228 points in source label.
Starting surface-based mapping
Reading source registration 
 /out/sourcedata/freesurfer/fsaverage/surf/rh.sphere.reg
Rescaling ...  original radius = 100
Reading target surface 
 /out/sourcedata/freesurfer/sub-v1s16x0051166_ses-1/surf/rh.white
Reading target registration 
 /out/sourcedata/freesurfer/sub-v1s16x0051166_ses-1/surf/rh.sphere.reg
Rescaling ...  original radius = 100
Building target registration hash (res=16).
Building source registration hash (res=16).
INFO: found  1228 nlabel points
Performing mapping from target back to the source label 116997
Number of reverse mapping hits = 373
Checking for and removing duplicates
Writing label file ./rh.hOc3v.mpm.vpnl.label 1601
mri_label2label: Done


 mri_label2label --srcsubject fsaverage --srclabel /out/sourcedata/freesurfer/fsaverage/label/rh.hOc4v.mpm.vpnl.label --trgsubject sub-v1s16x0051166_ses-1 --trglabel ./rh.hOc4v.mpm.vpnl.label --hemi rh --regmethod surface 


srclabel = /out/sourcedata/freesurfer/fsaverage/label/rh.hOc4v.mpm.vpnl.label
srcsubject = fsaverage
trgsubject = sub-v1s16x0051166_ses-1
trglabel = ./rh.hOc4v.mpm.vpnl.label
regmethod = surface

srchemi = rh
trghemi = rh
trgsurface = white
srcsurfreg = sphere.reg
trgsurfreg = sphere.reg
usehash = 1
Use ProjAbs  = 0, 0
Use ProjFrac = 0, 0
DoPaint 0

SUBJECTS_DIR    /out/sourcedata/freesurfer
FREESURFER_HOME /opt/freesurfer
Loading source label.
Found 1025 points in source label.
Starting surface-based mapping
Reading source registration 
 /out/sourcedata/freesurfer/fsaverage/surf/rh.sphere.reg
Rescaling ...  original radius = 100
Reading target surface 
 /out/sourcedata/freesurfer/sub-v1s16x0051166_ses-1/surf/rh.white
Reading target registration 
 /out/sourcedata/freesurfer/sub-v1s16x0051166_ses-1/surf/rh.sphere.reg
Rescaling ...  original radius = 100
Building target registration hash (res=16).
Building source registration hash (res=16).
INFO: found  1025 nlabel points
Performing mapping from target back to the source label 116997
Number of reverse mapping hits = 298
Checking for and removing duplicates
Writing label file ./rh.hOc4v.mpm.vpnl.label 1323
mri_label2label: Done


 mris_label2annot --s sub-v1s16x0051166_ses-1 --ctab /opt/freesurfer/average/colortable_vpnl.txt --hemi rh --a mpm.vpnl --maxstatwinner --noverbose --l rh.FG1.mpm.vpnl.label --l rh.FG2.mpm.vpnl.label --l rh.FG3.mpm.vpnl.label --l rh.FG4.mpm.vpnl.label --l rh.hOc1.mpm.vpnl.label --l rh.hOc2.mpm.vpnl.label --l rh.hOc3v.mpm.vpnl.label --l rh.hOc4v.mpm.vpnl.label 

Reading ctab /opt/freesurfer/average/colortable_vpnl.txt
Number of ctab entries 9

7.3.2
cwd /out/sourcedata/freesurfer/sub-v1s16x0051166_ses-1/label
cmdline mris_label2annot --s sub-v1s16x0051166_ses-1 --ctab /opt/freesurfer/average/colortable_vpnl.txt --hemi rh --a mpm.vpnl --maxstatwinner --noverbose --l rh.FG1.mpm.vpnl.label --l rh.FG2.mpm.vpnl.label --l rh.FG3.mpm.vpnl.label --l rh.FG4.mpm.vpnl.label --l rh.hOc1.mpm.vpnl.label --l rh.hOc2.mpm.vpnl.label --l rh.hOc3v.mpm.vpnl.label --l rh.hOc4v.mpm.vpnl.label 
sysname  Linux
hostname dna078
machine  x86_64
user     oesteban

subject sub-v1s16x0051166_ses-1
hemi    rh
SUBJECTS_DIR /out/sourcedata/freesurfer
ColorTable /opt/freesurfer/average/colortable_vpnl.txt
AnnotName  mpm.vpnl
nlables 8
LabelThresh 0 0.000000
Loading /out/sourcedata/freesurfer/sub-v1s16x0051166_ses-1/surf/rh.orig
 1 1376057 FG1
 2 16711935 FG2
 3 16711680 FG3
 4 1705837 FG4
 5 25600 hOc1
 6 255 hOc2
 7 16776960 hOc3v
 8 65535 hOc4v
Mapping unhit to unknown
Found 102809 unhit vertices
Writing annot to /out/sourcedata/freesurfer/sub-v1s16x0051166_ses-1/label/rh.mpm.vpnl.annot

 mri_label2label --srcsubject fsaverage --srclabel /out/sourcedata/freesurfer/fsaverage/label/rh.BA1_exvivo.thresh.label --trgsubject sub-v1s16x0051166_ses-1 --trglabel ./rh.BA1_exvivo.thresh.label --hemi rh --regmethod surface 


srclabel = /out/sourcedata/freesurfer/fsaverage/label/rh.BA1_exvivo.thresh.label
srcsubject = fsaverage
trgsubject = sub-v1s16x0051166_ses-1
trglabel = ./rh.BA1_exvivo.thresh.label
regmethod = surface

srchemi = rh
trghemi = rh
trgsurface = white
srcsurfreg = sphere.reg
trgsurfreg = sphere.reg
usehash = 1
Use ProjAbs  = 0, 0
Use ProjFrac = 0, 0
DoPaint 0

SUBJECTS_DIR    /out/sourcedata/freesurfer
FREESURFER_HOME /opt/freesurfer
Loading source label.
Found 876 points in source label.
Starting surface-based mapping
Reading source registration 
 /out/sourcedata/freesurfer/fsaverage/surf/rh.sphere.reg
Rescaling ...  original radius = 100
Reading target surface 
 /out/sourcedata/freesurfer/sub-v1s16x0051166_ses-1/surf/rh.white
Reading target registration 
 /out/sourcedata/freesurfer/sub-v1s16x0051166_ses-1/surf/rh.sphere.reg
Rescaling ...  original radius = 100
Building target registration hash (res=16).
Building source registration hash (res=16).
INFO: found  876 nlabel points
Performing mapping from target back to the source label 116997
Number of reverse mapping hits = 69
Checking for and removing duplicates
Writing label file ./rh.BA1_exvivo.thresh.label 945
mri_label2label: Done


 mri_label2label --srcsubject fsaverage --srclabel /out/sourcedata/freesurfer/fsaverage/label/rh.BA2_exvivo.thresh.label --trgsubject sub-v1s16x0051166_ses-1 --trglabel ./rh.BA2_exvivo.thresh.label --hemi rh --regmethod surface 


srclabel = /out/sourcedata/freesurfer/fsaverage/label/rh.BA2_exvivo.thresh.label
srcsubject = fsaverage
trgsubject = sub-v1s16x0051166_ses-1
trglabel = ./rh.BA2_exvivo.thresh.label
regmethod = surface

srchemi = rh
trghemi = rh
trgsurface = white
srcsurfreg = sphere.reg
trgsurfreg = sphere.reg
usehash = 1
Use ProjAbs  = 0, 0
Use ProjFrac = 0, 0
DoPaint 0

SUBJECTS_DIR    /out/sourcedata/freesurfer
FREESURFER_HOME /opt/freesurfer
Loading source label.
Found 2688 points in source label.
Starting surface-based mapping
Reading source registration 
 /out/sourcedata/freesurfer/fsaverage/surf/rh.sphere.reg
Rescaling ...  original radius = 100
Reading target surface 
 /out/sourcedata/freesurfer/sub-v1s16x0051166_ses-1/surf/rh.white
Reading target registration 
 /out/sourcedata/freesurfer/sub-v1s16x0051166_ses-1/surf/rh.sphere.reg
Rescaling ...  original radius = 100
Building target registration hash (res=16).
Building source registration hash (res=16).
INFO: found  2688 nlabel points
Performing mapping from target back to the source label 116997
Number of reverse mapping hits = 26
Checking for and removing duplicates
Writing label file ./rh.BA2_exvivo.thresh.label 2714
mri_label2label: Done


 mri_label2label --srcsubject fsaverage --srclabel /out/sourcedata/freesurfer/fsaverage/label/rh.BA3a_exvivo.thresh.label --trgsubject sub-v1s16x0051166_ses-1 --trglabel ./rh.BA3a_exvivo.thresh.label --hemi rh --regmethod surface 


srclabel = /out/sourcedata/freesurfer/fsaverage/label/rh.BA3a_exvivo.thresh.label
srcsubject = fsaverage
trgsubject = sub-v1s16x0051166_ses-1
trglabel = ./rh.BA3a_exvivo.thresh.label
regmethod = surface

srchemi = rh
trghemi = rh
trgsurface = white
srcsurfreg = sphere.reg
trgsurfreg = sphere.reg
usehash = 1
Use ProjAbs  = 0, 0
Use ProjFrac = 0, 0
DoPaint 0

SUBJECTS_DIR    /out/sourcedata/freesurfer
FREESURFER_HOME /opt/freesurfer
Loading source label.
Found 1698 points in source label.
Starting surface-based mapping
Reading source registration 
 /out/sourcedata/freesurfer/fsaverage/surf/rh.sphere.reg
Rescaling ...  original radius = 100
Reading target surface 
 /out/sourcedata/freesurfer/sub-v1s16x0051166_ses-1/surf/rh.white
Reading target registration 
 /out/sourcedata/freesurfer/sub-v1s16x0051166_ses-1/surf/rh.sphere.reg
Rescaling ...  original radius = 100
Building target registration hash (res=16).
Building source registration hash (res=16).
INFO: found  1698 nlabel points
Performing mapping from target back to the source label 116997
Number of reverse mapping hits = 17
Checking for and removing duplicates
Writing label file ./rh.BA3a_exvivo.thresh.label 1715
mri_label2label: Done


 mri_label2label --srcsubject fsaverage --srclabel /out/sourcedata/freesurfer/fsaverage/label/rh.BA3b_exvivo.thresh.label --trgsubject sub-v1s16x0051166_ses-1 --trglabel ./rh.BA3b_exvivo.thresh.label --hemi rh --regmethod surface 


srclabel = /out/sourcedata/freesurfer/fsaverage/label/rh.BA3b_exvivo.thresh.label
srcsubject = fsaverage
trgsubject = sub-v1s16x0051166_ses-1
trglabel = ./rh.BA3b_exvivo.thresh.label
regmethod = surface

srchemi = rh
trghemi = rh
trgsurface = white
srcsurfreg = sphere.reg
trgsurfreg = sphere.reg
usehash = 1
Use ProjAbs  = 0, 0
Use ProjFrac = 0, 0
DoPaint 0

SUBJECTS_DIR    /out/sourcedata/freesurfer
FREESURFER_HOME /opt/freesurfer
Loading source label.
Found 2183 points in source label.
Starting surface-based mapping
Reading source registration 
 /out/sourcedata/freesurfer/fsaverage/surf/rh.sphere.reg
Rescaling ...  original radius = 100
Reading target surface 
 /out/sourcedata/freesurfer/sub-v1s16x0051166_ses-1/surf/rh.white
Reading target registration 
 /out/sourcedata/freesurfer/sub-v1s16x0051166_ses-1/surf/rh.sphere.reg
Rescaling ...  original radius = 100
Building target registration hash (res=16).
Building source registration hash (res=16).
INFO: found  2183 nlabel points
Performing mapping from target back to the source label 116997
Number of reverse mapping hits = 11
Checking for and removing duplicates
Writing label file ./rh.BA3b_exvivo.thresh.label 2194
mri_label2label: Done


 mri_label2label --srcsubject fsaverage --srclabel /out/sourcedata/freesurfer/fsaverage/label/rh.BA4a_exvivo.thresh.label --trgsubject sub-v1s16x0051166_ses-1 --trglabel ./rh.BA4a_exvivo.thresh.label --hemi rh --regmethod surface 


srclabel = /out/sourcedata/freesurfer/fsaverage/label/rh.BA4a_exvivo.thresh.label
srcsubject = fsaverage
trgsubject = sub-v1s16x0051166_ses-1
trglabel = ./rh.BA4a_exvivo.thresh.label
regmethod = surface

srchemi = rh
trghemi = rh
trgsurface = white
srcsurfreg = sphere.reg
trgsurfreg = sphere.reg
usehash = 1
Use ProjAbs  = 0, 0
Use ProjFrac = 0, 0
DoPaint 0

SUBJECTS_DIR    /out/sourcedata/freesurfer
FREESURFER_HOME /opt/freesurfer
Loading source label.
Found 1388 points in source label.
Starting surface-based mapping
Reading source registration 
 /out/sourcedata/freesurfer/fsaverage/surf/rh.sphere.reg
Rescaling ...  original radius = 100
Reading target surface 
 /out/sourcedata/freesurfer/sub-v1s16x0051166_ses-1/surf/rh.white
Reading target registration 
 /out/sourcedata/freesurfer/sub-v1s16x0051166_ses-1/surf/rh.sphere.reg
Rescaling ...  original radius = 100
Building target registration hash (res=16).
Building source registration hash (res=16).
INFO: found  1388 nlabel points
Performing mapping from target back to the source label 116997
Number of reverse mapping hits = 9
Checking for and removing duplicates
Writing label file ./rh.BA4a_exvivo.thresh.label 1397
mri_label2label: Done


 mri_label2label --srcsubject fsaverage --srclabel /out/sourcedata/freesurfer/fsaverage/label/rh.BA4p_exvivo.thresh.label --trgsubject sub-v1s16x0051166_ses-1 --trglabel ./rh.BA4p_exvivo.thresh.label --hemi rh --regmethod surface 


srclabel = /out/sourcedata/freesurfer/fsaverage/label/rh.BA4p_exvivo.thresh.label
srcsubject = fsaverage
trgsubject = sub-v1s16x0051166_ses-1
trglabel = ./rh.BA4p_exvivo.thresh.label
regmethod = surface

srchemi = rh
trghemi = rh
trgsurface = white
srcsurfreg = sphere.reg
trgsurfreg = sphere.reg
usehash = 1
Use ProjAbs  = 0, 0
Use ProjFrac = 0, 0
DoPaint 0

SUBJECTS_DIR    /out/sourcedata/freesurfer
FREESURFER_HOME /opt/freesurfer
Loading source label.
Found 1489 points in source label.
Starting surface-based mapping
Reading source registration 
 /out/sourcedata/freesurfer/fsaverage/surf/rh.sphere.reg
Rescaling ...  original radius = 100
Reading target surface 
 /out/sourcedata/freesurfer/sub-v1s16x0051166_ses-1/surf/rh.white
Reading target registration 
 /out/sourcedata/freesurfer/sub-v1s16x0051166_ses-1/surf/rh.sphere.reg
Rescaling ...  original radius = 100
Building target registration hash (res=16).
Building source registration hash (res=16).
INFO: found  1489 nlabel points
Performing mapping from target back to the source label 116997
Number of reverse mapping hits = 21
Checking for and removing duplicates
Writing label file ./rh.BA4p_exvivo.thresh.label 1510
mri_label2label: Done


 mri_label2label --srcsubject fsaverage --srclabel /out/sourcedata/freesurfer/fsaverage/label/rh.BA6_exvivo.thresh.label --trgsubject sub-v1s16x0051166_ses-1 --trglabel ./rh.BA6_exvivo.thresh.label --hemi rh --regmethod surface 


srclabel = /out/sourcedata/freesurfer/fsaverage/label/rh.BA6_exvivo.thresh.label
srcsubject = fsaverage
trgsubject = sub-v1s16x0051166_ses-1
trglabel = ./rh.BA6_exvivo.thresh.label
regmethod = surface

srchemi = rh
trghemi = rh
trgsurface = white
srcsurfreg = sphere.reg
trgsurfreg = sphere.reg
usehash = 1
Use ProjAbs  = 0, 0
Use ProjFrac = 0, 0
DoPaint 0

SUBJECTS_DIR    /out/sourcedata/freesurfer
FREESURFER_HOME /opt/freesurfer
Loading source label.
Found 6959 points in source label.
Starting surface-based mapping
Reading source registration 
 /out/sourcedata/freesurfer/fsaverage/surf/rh.sphere.reg
Rescaling ...  original radius = 100
Reading target surface 
 /out/sourcedata/freesurfer/sub-v1s16x0051166_ses-1/surf/rh.white
Reading target registration 
 /out/sourcedata/freesurfer/sub-v1s16x0051166_ses-1/surf/rh.sphere.reg
Rescaling ...  original radius = 100
Building target registration hash (res=16).
Building source registration hash (res=16).
INFO: found  6959 nlabel points
Performing mapping from target back to the source label 116997
Number of reverse mapping hits = 238
Checking for and removing duplicates
Writing label file ./rh.BA6_exvivo.thresh.label 7197
mri_label2label: Done


 mri_label2label --srcsubject fsaverage --srclabel /out/sourcedata/freesurfer/fsaverage/label/rh.BA44_exvivo.thresh.label --trgsubject sub-v1s16x0051166_ses-1 --trglabel ./rh.BA44_exvivo.thresh.label --hemi rh --regmethod surface 


srclabel = /out/sourcedata/freesurfer/fsaverage/label/rh.BA44_exvivo.thresh.label
srcsubject = fsaverage
trgsubject = sub-v1s16x0051166_ses-1
trglabel = ./rh.BA44_exvivo.thresh.label
regmethod = surface

srchemi = rh
trghemi = rh
trgsurface = white
srcsurfreg = sphere.reg
trgsurfreg = sphere.reg
usehash = 1
Use ProjAbs  = 0, 0
Use ProjFrac = 0, 0
DoPaint 0

SUBJECTS_DIR    /out/sourcedata/freesurfer
FREESURFER_HOME /opt/freesurfer
Loading source label.
Found 1012 points in source label.
Starting surface-based mapping
Reading source registration 
 /out/sourcedata/freesurfer/fsaverage/surf/rh.sphere.reg
Rescaling ...  original radius = 100
Reading target surface 
 /out/sourcedata/freesurfer/sub-v1s16x0051166_ses-1/surf/rh.white
Reading target registration 
 /out/sourcedata/freesurfer/sub-v1s16x0051166_ses-1/surf/rh.sphere.reg
Rescaling ...  original radius = 100
Building target registration hash (res=16).
Building source registration hash (res=16).
INFO: found  1012 nlabel points
Performing mapping from target back to the source label 116997
Number of reverse mapping hits = 10
Checking for and removing duplicates
Writing label file ./rh.BA44_exvivo.thresh.label 1022
mri_label2label: Done


 mri_label2label --srcsubject fsaverage --srclabel /out/sourcedata/freesurfer/fsaverage/label/rh.BA45_exvivo.thresh.label --trgsubject sub-v1s16x0051166_ses-1 --trglabel ./rh.BA45_exvivo.thresh.label --hemi rh --regmethod surface 


srclabel = /out/sourcedata/freesurfer/fsaverage/label/rh.BA45_exvivo.thresh.label
srcsubject = fsaverage
trgsubject = sub-v1s16x0051166_ses-1
trglabel = ./rh.BA45_exvivo.thresh.label
regmethod = surface

srchemi = rh
trghemi = rh
trgsurface = white
srcsurfreg = sphere.reg
trgsurfreg = sphere.reg
usehash = 1
Use ProjAbs  = 0, 0
Use ProjFrac = 0, 0
DoPaint 0

SUBJECTS_DIR    /out/sourcedata/freesurfer
FREESURFER_HOME /opt/freesurfer
Loading source label.
Found 1178 points in source label.
Starting surface-based mapping
Reading source registration 
 /out/sourcedata/freesurfer/fsaverage/surf/rh.sphere.reg
Rescaling ...  original radius = 100
Reading target surface 
 /out/sourcedata/freesurfer/sub-v1s16x0051166_ses-1/surf/rh.white
Reading target registration 
 /out/sourcedata/freesurfer/sub-v1s16x0051166_ses-1/surf/rh.sphere.reg
Rescaling ...  original radius = 100
Building target registration hash (res=16).
Building source registration hash (res=16).
INFO: found  1178 nlabel points
Performing mapping from target back to the source label 116997
Number of reverse mapping hits = 4
Checking for and removing duplicates
Writing label file ./rh.BA45_exvivo.thresh.label 1182
mri_label2label: Done


 mri_label2label --srcsubject fsaverage --srclabel /out/sourcedata/freesurfer/fsaverage/label/rh.V1_exvivo.thresh.label --trgsubject sub-v1s16x0051166_ses-1 --trglabel ./rh.V1_exvivo.thresh.label --hemi rh --regmethod surface 


srclabel = /out/sourcedata/freesurfer/fsaverage/label/rh.V1_exvivo.thresh.label
srcsubject = fsaverage
trgsubject = sub-v1s16x0051166_ses-1
trglabel = ./rh.V1_exvivo.thresh.label
regmethod = surface

srchemi = rh
trghemi = rh
trgsurface = white
srcsurfreg = sphere.reg
trgsurfreg = sphere.reg
usehash = 1
Use ProjAbs  = 0, 0
Use ProjFrac = 0, 0
DoPaint 0

SUBJECTS_DIR    /out/sourcedata/freesurfer
FREESURFER_HOME /opt/freesurfer
Loading source label.
Found 3232 points in source label.
Starting surface-based mapping
Reading source registration 
 /out/sourcedata/freesurfer/fsaverage/surf/rh.sphere.reg
Rescaling ...  original radius = 100
Reading target surface 
 /out/sourcedata/freesurfer/sub-v1s16x0051166_ses-1/surf/rh.white
Reading target registration 
 /out/sourcedata/freesurfer/sub-v1s16x0051166_ses-1/surf/rh.sphere.reg
Rescaling ...  original radius = 100
Building target registration hash (res=16).
Building source registration hash (res=16).
INFO: found  3232 nlabel points
Performing mapping from target back to the source label 116997
Number of reverse mapping hits = 800
Checking for and removing duplicates
Writing label file ./rh.V1_exvivo.thresh.label 4032
mri_label2label: Done


 mri_label2label --srcsubject fsaverage --srclabel /out/sourcedata/freesurfer/fsaverage/label/rh.V2_exvivo.thresh.label --trgsubject sub-v1s16x0051166_ses-1 --trglabel ./rh.V2_exvivo.thresh.label --hemi rh --regmethod surface 


srclabel = /out/sourcedata/freesurfer/fsaverage/label/rh.V2_exvivo.thresh.label
srcsubject = fsaverage
trgsubject = sub-v1s16x0051166_ses-1
trglabel = ./rh.V2_exvivo.thresh.label
regmethod = surface

srchemi = rh
trghemi = rh
trgsurface = white
srcsurfreg = sphere.reg
trgsurfreg = sphere.reg
usehash = 1
Use ProjAbs  = 0, 0
Use ProjFrac = 0, 0
DoPaint 0

SUBJECTS_DIR    /out/sourcedata/freesurfer
FREESURFER_HOME /opt/freesurfer
Loading source label.
Found 3437 points in source label.
Starting surface-based mapping
Reading source registration 
 /out/sourcedata/freesurfer/fsaverage/surf/rh.sphere.reg
Rescaling ...  original radius = 100
Reading target surface 
 /out/sourcedata/freesurfer/sub-v1s16x0051166_ses-1/surf/rh.white
Reading target registration 
 /out/sourcedata/freesurfer/sub-v1s16x0051166_ses-1/surf/rh.sphere.reg
Rescaling ...  original radius = 100
Building target registration hash (res=16).
Building source registration hash (res=16).
INFO: found  3437 nlabel points
Performing mapping from target back to the source label 116997
Number of reverse mapping hits = 910
Checking for and removing duplicates
Writing label file ./rh.V2_exvivo.thresh.label 4347
mri_label2label: Done


 mri_label2label --srcsubject fsaverage --srclabel /out/sourcedata/freesurfer/fsaverage/label/rh.MT_exvivo.thresh.label --trgsubject sub-v1s16x0051166_ses-1 --trglabel ./rh.MT_exvivo.thresh.label --hemi rh --regmethod surface 


srclabel = /out/sourcedata/freesurfer/fsaverage/label/rh.MT_exvivo.thresh.label
srcsubject = fsaverage
trgsubject = sub-v1s16x0051166_ses-1
trglabel = ./rh.MT_exvivo.thresh.label
regmethod = surface

srchemi = rh
trghemi = rh
trgsurface = white
srcsurfreg = sphere.reg
trgsurfreg = sphere.reg
usehash = 1
Use ProjAbs  = 0, 0
Use ProjFrac = 0, 0
DoPaint 0

SUBJECTS_DIR    /out/sourcedata/freesurfer
FREESURFER_HOME /opt/freesurfer
Loading source label.
Found 268 points in source label.
Starting surface-based mapping
Reading source registration 
 /out/sourcedata/freesurfer/fsaverage/surf/rh.sphere.reg
Rescaling ...  original radius = 100
Reading target surface 
 /out/sourcedata/freesurfer/sub-v1s16x0051166_ses-1/surf/rh.white
Reading target registration 
 /out/sourcedata/freesurfer/sub-v1s16x0051166_ses-1/surf/rh.sphere.reg
Rescaling ...  original radius = 100
Building target registration hash (res=16).
Building source registration hash (res=16).
INFO: found  268 nlabel points
Performing mapping from target back to the source label 116997
Number of reverse mapping hits = 65
Checking for and removing duplicates
Writing label file ./rh.MT_exvivo.thresh.label 333
mri_label2label: Done


 mri_label2label --srcsubject fsaverage --srclabel /out/sourcedata/freesurfer/fsaverage/label/rh.entorhinal_exvivo.thresh.label --trgsubject sub-v1s16x0051166_ses-1 --trglabel ./rh.entorhinal_exvivo.thresh.label --hemi rh --regmethod surface 


srclabel = /out/sourcedata/freesurfer/fsaverage/label/rh.entorhinal_exvivo.thresh.label
srcsubject = fsaverage
trgsubject = sub-v1s16x0051166_ses-1
trglabel = ./rh.entorhinal_exvivo.thresh.label
regmethod = surface

srchemi = rh
trghemi = rh
trgsurface = white
srcsurfreg = sphere.reg
trgsurfreg = sphere.reg
usehash = 1
Use ProjAbs  = 0, 0
Use ProjFrac = 0, 0
DoPaint 0

SUBJECTS_DIR    /out/sourcedata/freesurfer
FREESURFER_HOME /opt/freesurfer
Loading source label.
Found 694 points in source label.
Starting surface-based mapping
Reading source registration 
 /out/sourcedata/freesurfer/fsaverage/surf/rh.sphere.reg
Rescaling ...  original radius = 100
Reading target surface 
 /out/sourcedata/freesurfer/sub-v1s16x0051166_ses-1/surf/rh.white
Reading target registration 
 /out/sourcedata/freesurfer/sub-v1s16x0051166_ses-1/surf/rh.sphere.reg
Rescaling ...  original radius = 100
Building target registration hash (res=16).
Building source registration hash (res=16).
INFO: found  694 nlabel points
Performing mapping from target back to the source label 116997
Number of reverse mapping hits = 7
Checking for and removing duplicates
Writing label file ./rh.entorhinal_exvivo.thresh.label 701
mri_label2label: Done


 mri_label2label --srcsubject fsaverage --srclabel /out/sourcedata/freesurfer/fsaverage/label/rh.perirhinal_exvivo.thresh.label --trgsubject sub-v1s16x0051166_ses-1 --trglabel ./rh.perirhinal_exvivo.thresh.label --hemi rh --regmethod surface 


srclabel = /out/sourcedata/freesurfer/fsaverage/label/rh.perirhinal_exvivo.thresh.label
srcsubject = fsaverage
trgsubject = sub-v1s16x0051166_ses-1
trglabel = ./rh.perirhinal_exvivo.thresh.label
regmethod = surface

srchemi = rh
trghemi = rh
trgsurface = white
srcsurfreg = sphere.reg
trgsurfreg = sphere.reg
usehash = 1
Use ProjAbs  = 0, 0
Use ProjFrac = 0, 0
DoPaint 0

SUBJECTS_DIR    /out/sourcedata/freesurfer
FREESURFER_HOME /opt/freesurfer
Loading source label.
Found 291 points in source label.
Starting surface-based mapping
Reading source registration 
 /out/sourcedata/freesurfer/fsaverage/surf/rh.sphere.reg
Rescaling ...  original radius = 100
Reading target surface 
 /out/sourcedata/freesurfer/sub-v1s16x0051166_ses-1/surf/rh.white
Reading target registration 
 /out/sourcedata/freesurfer/sub-v1s16x0051166_ses-1/surf/rh.sphere.reg
Rescaling ...  original radius = 100
Building target registration hash (res=16).
Building source registration hash (res=16).
INFO: found  291 nlabel points
Performing mapping from target back to the source label 116997
Number of reverse mapping hits = 0
Checking for and removing duplicates
Writing label file ./rh.perirhinal_exvivo.thresh.label 291
mri_label2label: Done


 mris_label2annot --s sub-v1s16x0051166_ses-1 --hemi rh --ctab /opt/freesurfer/average/colortable_BA.txt --l rh.BA1_exvivo.label --l rh.BA2_exvivo.label --l rh.BA3a_exvivo.label --l rh.BA3b_exvivo.label --l rh.BA4a_exvivo.label --l rh.BA4p_exvivo.label --l rh.BA6_exvivo.label --l rh.BA44_exvivo.label --l rh.BA45_exvivo.label --l rh.V1_exvivo.label --l rh.V2_exvivo.label --l rh.MT_exvivo.label --l rh.perirhinal_exvivo.label --l rh.entorhinal_exvivo.label --a BA_exvivo --maxstatwinner --noverbose 

Reading ctab /opt/freesurfer/average/colortable_BA.txt
Number of ctab entries 15

7.3.2
cwd /out/sourcedata/freesurfer/sub-v1s16x0051166_ses-1/label
cmdline mris_label2annot --s sub-v1s16x0051166_ses-1 --hemi rh --ctab /opt/freesurfer/average/colortable_BA.txt --l rh.BA1_exvivo.label --l rh.BA2_exvivo.label --l rh.BA3a_exvivo.label --l rh.BA3b_exvivo.label --l rh.BA4a_exvivo.label --l rh.BA4p_exvivo.label --l rh.BA6_exvivo.label --l rh.BA44_exvivo.label --l rh.BA45_exvivo.label --l rh.V1_exvivo.label --l rh.V2_exvivo.label --l rh.MT_exvivo.label --l rh.perirhinal_exvivo.label --l rh.entorhinal_exvivo.label --a BA_exvivo --maxstatwinner --noverbose 
sysname  Linux
hostname dna078
machine  x86_64
user     oesteban

subject sub-v1s16x0051166_ses-1
hemi    rh
SUBJECTS_DIR /out/sourcedata/freesurfer
ColorTable /opt/freesurfer/average/colortable_BA.txt
AnnotName  BA_exvivo
nlables 14
LabelThresh 0 0.000000
Loading /out/sourcedata/freesurfer/sub-v1s16x0051166_ses-1/surf/rh.orig
 1 1530880 BA1_exvivo
 2 16749699 BA2_exvivo
 3 16711680 BA3a_exvivo
 4 3368703 BA3b_exvivo
 5 1376196 BA4a_exvivo
 6 13382655 BA4p_exvivo
 7 10036737 BA6_exvivo
 8 2490521 BA44_exvivo
 9 39283 BA45_exvivo
10 3993 V1_exvivo
11 8508928 V2_exvivo
12 10027163 MT_exvivo
13 16422433 perirhinal_exvivo
14 16392598 entorhinal_exvivo
Mapping unhit to unknown
Found 81601 unhit vertices
Writing annot to /out/sourcedata/freesurfer/sub-v1s16x0051166_ses-1/label/rh.BA_exvivo.annot

 mris_label2annot --s sub-v1s16x0051166_ses-1 --hemi rh --ctab /opt/freesurfer/average/colortable_BA.txt --l rh.BA1_exvivo.thresh.label --l rh.BA2_exvivo.thresh.label --l rh.BA3a_exvivo.thresh.label --l rh.BA3b_exvivo.thresh.label --l rh.BA4a_exvivo.thresh.label --l rh.BA4p_exvivo.thresh.label --l rh.BA6_exvivo.thresh.label --l rh.BA44_exvivo.thresh.label --l rh.BA45_exvivo.thresh.label --l rh.V1_exvivo.thresh.label --l rh.V2_exvivo.thresh.label --l rh.MT_exvivo.thresh.label --l rh.perirhinal_exvivo.thresh.label --l rh.entorhinal_exvivo.thresh.label --a BA_exvivo.thresh --maxstatwinner --noverbose 

Reading ctab /opt/freesurfer/average/colortable_BA.txt
Number of ctab entries 15

7.3.2
cwd /out/sourcedata/freesurfer/sub-v1s16x0051166_ses-1/label
cmdline mris_label2annot --s sub-v1s16x0051166_ses-1 --hemi rh --ctab /opt/freesurfer/average/colortable_BA.txt --l rh.BA1_exvivo.thresh.label --l rh.BA2_exvivo.thresh.label --l rh.BA3a_exvivo.thresh.label --l rh.BA3b_exvivo.thresh.label --l rh.BA4a_exvivo.thresh.label --l rh.BA4p_exvivo.thresh.label --l rh.BA6_exvivo.thresh.label --l rh.BA44_exvivo.thresh.label --l rh.BA45_exvivo.thresh.label --l rh.V1_exvivo.thresh.label --l rh.V2_exvivo.thresh.label --l rh.MT_exvivo.thresh.label --l rh.perirhinal_exvivo.thresh.label --l rh.entorhinal_exvivo.thresh.label --a BA_exvivo.thresh --maxstatwinner --noverbose 
sysname  Linux
hostname dna078
machine  x86_64
user     oesteban

subject sub-v1s16x0051166_ses-1
hemi    rh
SUBJECTS_DIR /out/sourcedata/freesurfer
ColorTable /opt/freesurfer/average/colortable_BA.txt
AnnotName  BA_exvivo.thresh
nlables 14
LabelThresh 0 0.000000
Loading /out/sourcedata/freesurfer/sub-v1s16x0051166_ses-1/surf/rh.orig
 1 1530880 BA1_exvivo
 2 16749699 BA2_exvivo
 3 16711680 BA3a_exvivo
 4 3368703 BA3b_exvivo
 5 1376196 BA4a_exvivo
 6 13382655 BA4p_exvivo
 7 10036737 BA6_exvivo
 8 2490521 BA44_exvivo
 9 39283 BA45_exvivo
10 3993 V1_exvivo
11 8508928 V2_exvivo
12 10027163 MT_exvivo
13 16422433 perirhinal_exvivo
14 16392598 entorhinal_exvivo
Mapping unhit to unknown
Found 97346 unhit vertices
Writing annot to /out/sourcedata/freesurfer/sub-v1s16x0051166_ses-1/label/rh.BA_exvivo.thresh.annot

 mris_anatomical_stats -th3 -mgz -noglobal -f ../stats/rh.BA_exvivo.stats -b -a ./rh.BA_exvivo.annot -c ./BA_exvivo.ctab sub-v1s16x0051166_ses-1 rh white 

computing statistics for each annotation in ./rh.BA_exvivo.annot.
reading volume /out/sourcedata/freesurfer/sub-v1s16x0051166_ses-1/mri/wm.mgz...
reading input surface /out/sourcedata/freesurfer/sub-v1s16x0051166_ses-1/surf/rh.white...
reading input pial surface /out/sourcedata/freesurfer/sub-v1s16x0051166_ses-1/surf/rh.pial...
reading input white surface /out/sourcedata/freesurfer/sub-v1s16x0051166_ses-1/surf/rh.white...
INFO: using TH3 volume calc
INFO: assuming MGZ format for volumes.
INFO: not computing global stats
Using TH3 vertex volume calc
Total face volume 202238
Total vertex volume 202078 (mask=0)
Saving annotation colortable ./BA_exvivo.ctab

table columns are:
    number of vertices
    total surface area (mm^2)
    total gray matter volume (mm^3)
    average cortical thickness +- standard deviation (mm)
    integrated rectified mean curvature
    integrated rectified Gaussian curvature
    folding index
    intrinsic curvature index
    structure name

  779    508   1081  1.627 0.645     0.157     0.057       16     1.7  BA1_exvivo
 2437   1731   3708  2.099 0.512     0.118     0.029       27     2.7  BA2_exvivo
  989    644    857  1.759 0.421     0.127     0.029        9     1.3  BA3a_exvivo
 1488   1092   2038  1.673 0.472     0.128     0.037       15     2.1  BA3b_exvivo
 1357    920   2844  2.515 0.866     0.124     0.033       14     1.9  BA4a_exvivo
 1174    755   1570  2.018 0.520     0.097     0.022        7     1.1  BA4p_exvivo
 7472   5162  14007  2.438 0.843     0.128     0.036       77    10.6  BA6_exvivo
 2994   2246   6269  2.354 0.763     0.129     0.034       31     4.3  BA44_exvivo
 2778   2141   6372  2.226 0.775     0.132     0.038       32     4.4  BA45_exvivo
 3732   2625   4288  1.626 0.505     0.142     0.041       51     5.8  V1_exvivo
 7753   5701  12281  2.011 0.615     0.147     0.038      105    12.1  V2_exvivo
 1821   1250   2861  2.237 0.669     0.113     0.028       17     2.0  MT_exvivo
  261    187    358  2.089 0.712     0.139     0.042        2     0.6  perirhinal_exvivo
  361    255    568  2.017 0.976     0.158     0.052        5     0.8  entorhinal_exvivo

 mris_anatomical_stats -th3 -mgz -f ../stats/rh.BA_exvivo.thresh.stats -noglobal -b -a ./rh.BA_exvivo.thresh.annot -c ./BA_exvivo.thresh.ctab sub-v1s16x0051166_ses-1 rh white 

computing statistics for each annotation in ./rh.BA_exvivo.thresh.annot.
reading volume /out/sourcedata/freesurfer/sub-v1s16x0051166_ses-1/mri/wm.mgz...
reading input surface /out/sourcedata/freesurfer/sub-v1s16x0051166_ses-1/surf/rh.white...
reading input pial surface /out/sourcedata/freesurfer/sub-v1s16x0051166_ses-1/surf/rh.pial...
reading input white surface /out/sourcedata/freesurfer/sub-v1s16x0051166_ses-1/surf/rh.white...
INFO: using TH3 volume calc
INFO: assuming MGZ format for volumes.
INFO: not computing global stats
Using TH3 vertex volume calc
Total face volume 202238
Total vertex volume 202078 (mask=0)
Saving annotation colortable ./BA_exvivo.thresh.ctab

table columns are:
    number of vertices
    total surface area (mm^2)
    total gray matter volume (mm^3)
    average cortical thickness +- standard deviation (mm)
    integrated rectified mean curvature
    integrated rectified Gaussian curvature
    folding index
    intrinsic curvature index
    structure name

  505    336    620  1.500 0.540     0.161     0.061       11     1.3  BA1_exvivo
 1337    941   2013  2.073 0.565     0.116     0.027       13     1.5  BA2_exvivo
  892    577    733  1.816 0.441     0.131     0.029        9     1.1  BA3a_exvivo
 1152    834   1406  1.603 0.416     0.115     0.026        8     1.1  BA3b_exvivo
  778    535   1859  2.846 0.784     0.126     0.035        6     1.1  BA4a_exvivo
  952    603   1116  1.914 0.459     0.090     0.024        4     1.0  BA4p_exvivo
 4588   3167   8699  2.410 0.863     0.126     0.035       45     6.3  BA6_exvivo
  550    435   1347  2.466 0.805     0.139     0.042        7     0.9  BA44_exvivo
  591    446   1836  2.570 0.969     0.109     0.034        5     0.6  BA45_exvivo
 3590   2519   4068  1.637 0.505     0.139     0.039       46     5.3  V1_exvivo
 4014   3027   6449  1.953 0.600     0.158     0.044       62     7.2  V2_exvivo
  316    208    557  2.188 0.707     0.126     0.037        4     0.4  MT_exvivo
   20     15     21  1.930 0.635     0.191     0.043        0     0.1  perirhinal_exvivo
  366    254    522  1.994 0.780     0.138     0.044        4     0.7  entorhinal_exvivo

Started at Mon Mar 9 00:03:25 CET 2026 
Ended   at Mon Mar 9 00:05:20 CET 2026
#@#%# recon-all-run-time-hours 0.032
recon-all -s sub-v1s16x0051166_ses-1 finished without error at Mon Mar  9 00:05:20 CET 2026
