#!ascii label  , from subject sub-v1s16x0051196_ses-1 vox2ras=TkReg
4021
517  0.739  -76.795  33.170 0.6000000238
4081  -6.691  -66.882  37.050 1.0000000000
4640  -6.627  -66.278  38.093 1.0000000000
4090  -7.184  -66.776  35.468 1.0000000000
3598  -7.110  -67.537  35.879 1.0000000000
3094  -7.275  -68.676  36.284 1.0000000000
108595  -7.147  -68.813  37.783 1.0000000000
3067  -7.142  -68.290  38.491 1.0000000000
106319  -3.821  -74.090  36.252 0.8999999762
1164  1.065  -73.917  32.413 0.6000000238
678  0.574  -75.795  32.440 0.6000000238
4639  -6.399  -65.534  37.147 1.0000000000
4648  -6.976  -65.989  35.811 1.0000000000
4619  -6.436  -65.411  38.112 1.0000000000
4101  -7.564  -67.009  33.909 1.0000000000
100657  -7.508  -67.967  34.621 1.0000000000
102234  -7.553  -68.759  34.319 1.0000000000
110267  -7.489  -68.535  33.031 1.0000000000
3136  -7.344  -69.185  32.571 1.0000000000
2611  -6.153  -69.562  38.712 0.6999999881
2630  -5.884  -70.245  38.271 0.8000000119
1460  -0.487  -72.693  34.477 0.6000000238
2002  -4.048  -72.483  17.472 0.8000000119
1479  1.030  -72.987  32.661 0.6000000238
889  1.095  -74.811  32.727 0.6000000238
99484  -0.528  -78.657  31.030 0.8000000119
69  0.324  -80.569  29.644 0.6999999881
371  1.680  -77.690  29.209 0.8999999762
160  -0.454  -80.796  26.376 0.8000000119
379  2.572  -77.974  27.462 0.8999999762
5739  -6.783  -64.091  36.317 1.0000000000
5214  -6.951  -65.046  36.026 1.0000000000
3122  -5.632  -68.005  32.833 1.0000000000
108855  -5.999  -68.695  32.790 1.0000000000
106478  -5.460  -70.601  38.177 0.6999999881
1800  -4.597  -72.123  37.942 0.6999999881
1307  -4.627  -73.897  19.264 0.8999999762
1154  -0.919  -73.484  32.667 0.8000000119
890  0.435  -74.809  31.992 0.6999999881
780  -2.803  -77.029  19.897 0.8999999762
1019  -1.935  -76.592  18.499 0.8999999762
687  -0.218  -75.943  31.733 0.6999999881
372  0.312  -78.094  30.145 0.8999999762
106753  1.223  -80.062  27.036 0.8000000119
102571  -6.709  -62.946  36.540 1.0000000000
6326  -6.936  -61.978  36.230 1.0000000000
5189  -6.324  -64.610  37.693 1.0000000000
5203  -6.341  -64.597  36.919 1.0000000000
4660  -8.088  -65.347  34.124 1.0000000000
100920  -7.610  -66.185  34.332 1.0000000000
94346  -7.627  -66.013  33.192 1.0000000000
98225  -7.123  -68.100  37.352 1.0000000000
2612  -6.726  -69.185  38.388 1.0000000000
2187  -6.345  -70.398  37.159 1.0000000000
1814  -3.884  -72.794  37.427 0.6000000238
1801  -5.548  -72.113  37.970 0.8000000119
1448  -1.645  -73.465  35.965 0.6999999881
1468  -1.116  -73.350  33.672 0.8000000119
1641  -5.392  -73.594  17.448 0.8000000119
1292  -4.665  -73.518  20.128 0.8999999762
111138  0.434  -73.485  32.304 0.6999999881
361  0.596  -77.427  32.244 0.6000000238
523  -1.022  -77.205  31.350 0.8000000119
98962  2.674  -81.679  33.171 0.6000000238
66  2.111  -81.173  32.501 0.6000000238
150  1.763  -79.854  31.736 0.6000000238
1007  -1.783  -75.952  20.672 0.8999999762
242  0.670  -78.799  29.447 1.0000000000
534  2.362  -76.555  28.755 0.8999999762
110043  1.132  -80.722  26.095 0.8000000119
257  3.554  -79.186  26.093 0.8000000119
955  5.345  -74.207  24.269 0.8999999762
4669  -8.028  -65.332  32.772 1.0000000000
109190  -7.296  -66.968  32.675 1.0000000000
2641  -7.115  -69.632  35.971 1.0000000000
2203  -7.004  -70.628  35.796 1.0000000000
112230  -6.090  -72.029  37.746 0.8999999762
1815  -4.999  -72.858  37.494 0.8000000119
95680  -2.688  -73.884  36.210 0.6999999881
1146  -1.996  -74.285  34.033 0.8000000119
1178  -1.165  -74.727  31.671 0.8000000119
1177  0.114  -74.218  31.895 0.6999999881
688  -1.422  -76.374  31.332 0.8999999762
902  -0.501  -75.161  31.598 0.6999999881
701  -1.539  -76.135  29.653 1.0000000000
366  -1.479  -77.634  31.070 0.8999999762
993  -3.244  -76.548  21.066 0.8999999762
153  0.297  -79.628  30.479 0.6000000238
238  -0.256  -79.246  30.271 0.6000000238
992  -2.525  -76.158  21.393 0.8999999762
72  0.245  -81.560  29.075 0.6999999881
95940  -0.995  -80.388  28.538 0.6999999881
103872  0.795  -76.376  29.764 1.0000000000
96698  0.666  -81.879  28.784 0.6000000238
29  -0.733  -81.615  27.864 0.6999999881
99494  0.245  -81.821  27.837 0.6999999881
100918  -0.674  -75.072  22.595 0.8999999762
1018  -1.181  -75.259  19.482 0.8999999762
89  -0.155  -81.049  26.216 0.8000000119
88  1.318  -81.097  26.179 0.8000000119
944  4.928  -75.106  25.488 0.8999999762
171  3.725  -79.903  26.125 0.8000000119
109334  2.387  -80.219  26.561 0.8000000119
385  3.277  -78.294  26.372 0.8000000119
544  3.657  -76.754  26.650 0.8999999762
175  4.031  -79.780  25.827 0.8000000119
1238  5.173  -73.408  24.601 0.8999999762
259  4.572  -78.914  25.107 0.8999999762
388  4.333  -77.834  25.406 0.8999999762
266  4.931  -79.680  24.511 0.8000000119
745  5.530  -75.445  23.492 0.8999999762
99727  -6.919  -61.550  37.257 0.8999999762
6336  -7.799  -62.877  35.291 1.0000000000
5215  -7.914  -64.468  34.908 1.0000000000
5757  -8.352  -63.872  34.268 1.0000000000
5236  -8.409  -64.659  33.460 1.0000000000
5235  -7.948  -64.671  32.697 1.0000000000
4122  -7.308  -66.038  32.265 1.0000000000
3135  -6.627  -68.378  32.604 1.0000000000
3633  -5.426  -67.237  32.788 1.0000000000
3123  -7.615  -69.285  33.046 1.0000000000
3124  -7.950  -69.580  32.181 1.0000000000
2673  -7.124  -69.407  32.128 1.0000000000
2657  -4.896  -68.864  34.673 1.0000000000
2658  -7.693  -69.808  34.183 1.0000000000
2202  -6.366  -71.454  37.064 1.0000000000
1438  -4.379  -73.614  36.917 0.8999999762
1135  -3.339  -74.464  35.356 1.0000000000
1437  -3.264  -73.466  36.883 0.6999999881
1449  -4.829  -74.159  36.023 1.0000000000
1148  -4.037  -74.969  34.016 1.0000000000
1156  -2.976  -75.117  32.768 1.0000000000
1134  -2.216  -74.187  35.288 0.8999999762
1155  -1.977  -74.360  32.809 1.0000000000
98111  -3.564  -75.516  31.663 1.0000000000
694  -2.409  -76.701  30.660 1.0000000000
903  -2.090  -75.795  31.443 1.0000000000
524  -1.884  -77.008  31.041 1.0000000000
531  -0.022  -77.399  30.217 1.0000000000
526  -1.444  -77.880  30.914 1.0000000000
14  1.628  -82.119  29.913 0.6999999881
530  1.271  -76.879  29.604 1.0000000000
2  3.651  -82.806  30.574 0.6000000238
37  1.899  -81.571  27.754 0.6999999881
705  2.698  -75.473  28.521 0.8999999762
113892  2.384  -77.527  28.344 0.8999999762
538  2.839  -76.971  27.757 0.8999999762
87  3.718  -80.502  27.029 0.6999999881
384  3.733  -78.093  25.868 0.8999999762
1257  2.891  -74.764  23.130 0.8999999762
179  4.366  -81.185  24.352 0.6999999881
113865  4.433  -74.922  22.978 0.8999999762
395  5.490  -77.276  24.410 0.8999999762
408  6.366  -78.015  22.313 0.8000000119
287  4.779  -78.610  19.999 0.8000000119
111608  -7.319  -61.766  35.727 1.0000000000
4668  -7.096  -65.285  32.505 1.0000000000
4111  -6.406  -66.693  32.348 1.0000000000
2668  -5.455  -69.716  33.711 1.0000000000
3616  -3.752  -67.339  35.289 1.0000000000
3615  -2.929  -67.632  35.478 1.0000000000
2669  -8.131  -69.989  32.355 1.0000000000
2216  -7.793  -70.810  34.010 1.0000000000
1816  -6.443  -72.175  36.884 1.0000000000
892  -4.323  -75.669  31.408 1.0000000000
1136  -4.327  -74.555  35.261 1.0000000000
881  -3.946  -75.576  32.502 1.0000000000
891  -4.027  -75.694  31.481 1.0000000000
100746  -3.116  -75.368  31.895 1.0000000000
1179  -3.895  -75.185  31.144 1.0000000000
904  -3.515  -76.063  31.255 1.0000000000
695  -3.557  -76.294  30.304 1.0000000000
923  0.030  -74.686  28.725 1.0000000000
101049  -1.154  -75.410  28.503 1.0000000000
110959  -2.783  -76.282  29.668 1.0000000000
1200  0.172  -74.124  28.010 1.0000000000
915  -0.150  -75.341  29.373 1.0000000000
693  -1.483  -76.974  30.514 1.0000000000
699  0.686  -75.617  29.583 1.0000000000
922  1.087  -74.272  28.838 1.0000000000
698  1.739  -75.724  29.231 1.0000000000
27  3.349  -82.098  28.868 0.6999999881
79  2.867  -80.993  27.409 0.6999999881
172  3.172  -79.933  26.484 0.8000000119
252  2.987  -79.224  26.558 0.8000000119
719  3.648  -75.803  27.048 0.8999999762
93  4.065  -80.241  26.471 0.6000000238
170  4.075  -80.314  25.595 0.6999999881
543  4.082  -77.014  25.917 0.8999999762
1592  1.313  -74.804  21.787 0.8999999762
181  5.667  -81.302  23.178 0.6999999881
278  6.652  -79.660  22.060 0.8000000119
99831  -7.750  -63.380  29.380 1.0000000000
5839  -4.938  -64.307  29.200 1.0000000000
4667  -5.460  -64.871  33.146 1.0000000000
4121  -6.109  -65.879  32.484 1.0000000000
4110  -5.222  -66.443  32.920 1.0000000000
108603  -4.388  -66.216  34.204 1.0000000000
5857  -3.485  -64.411  27.965 1.0000000000
3110  -4.075  -69.090  35.420 1.0000000000
2214  -4.601  -69.991  34.546 1.0000000000
3109  -3.196  -68.639  35.409 1.0000000000
5874  -3.963  -63.968  27.227 1.0000000000
104833  -3.917  -68.315  35.358 1.0000000000
100778  -2.350  -66.901  35.515 1.0000000000
2233  -8.117  -70.295  31.312 1.0000000000
2226  -5.349  -70.720  33.455 1.0000000000
3108  -2.230  -68.171  35.192 1.0000000000
3630  0.059  -67.207  34.307 1.0000000000
1850  -8.122  -71.382  30.672 1.0000000000
2227  -7.118  -70.383  31.450 1.0000000000
94976  0.603  -67.834  33.389 1.0000000000
4108  0.529  -66.689  34.632 1.0000000000
1827  -7.609  -71.741  33.971 1.0000000000
108737  -6.733  -72.717  35.262 1.0000000000
4168  0.304  -66.219  27.339 1.0000000000
1462  -6.978  -73.303  33.026 1.0000000000
1169  -4.934  -75.332  31.291 1.0000000000
1157  -5.499  -74.773  31.246 1.0000000000
1137  -5.184  -74.443  34.781 1.0000000000
1138  -5.889  -73.856  35.117 1.0000000000
111983  -0.876  -65.620  26.317 1.0000000000
110788  -4.551  -74.789  30.733 1.0000000000
1149  -5.438  -74.479  33.002 1.0000000000
1958  -5.109  -71.964  20.707 0.8999999762
4195  -1.739  -65.602  26.146 1.0000000000
1168  -4.517  -75.487  31.113 1.0000000000
1973  -5.738  -72.146  19.788 0.8999999762
1628  -6.723  -73.172  17.938 0.8999999762
1186  -3.993  -74.905  30.789 1.0000000000
1192  -3.208  -74.011  29.260 1.0000000000
110721  -4.527  -73.078  20.585 0.8999999762
1642  -6.794  -73.469  17.144 0.8000000119
916  -3.197  -75.733  28.210 1.0000000000
2003  -6.434  -73.347  16.496 0.8000000119
95298  -2.029  -75.436  27.348 1.0000000000
1277  -4.244  -74.229  20.736 0.8999999762
1291  -4.443  -75.234  20.006 0.8999999762
1319  -4.138  -75.011  17.520 0.8000000119
1201  -0.907  -75.144  27.270 1.0000000000
109076  -3.057  -72.392  21.333 0.8999999762
103018  -3.407  -74.425  21.401 0.8999999762
994  -3.876  -75.620  21.070 0.8999999762
2015  -5.504  -72.544  15.847 0.8000000119
1956  -1.646  -71.475  21.665 0.8999999762
1535  0.191  -72.424  26.456 1.0000000000
1955  -1.050  -72.796  22.227 0.8999999762
100912  -2.448  -74.582  21.857 0.8999999762
1199  1.523  -73.642  28.373 1.0000000000
1945  -0.190  -72.515  22.637 0.8999999762
1275  -1.632  -75.227  22.165 0.8999999762
1594  -1.752  -73.801  22.055 0.8999999762
2023  -6.669  -72.368  15.422 0.8000000119
2872  -5.566  -70.594  14.320 0.6999999881
1906  1.098  -71.727  26.234 0.8999999762
1198  2.636  -73.884  28.122 0.8999999762
1580  -0.359  -73.736  22.829 0.8999999762
2853  -4.426  -70.360  14.927 0.6999999881
3376  -4.849  -69.837  13.604 0.6999999881
1579  0.241  -73.846  23.186 0.8999999762
991  -1.379  -75.407  22.120 0.8999999762
2852  -3.196  -70.083  14.986 0.6999999881
2891  -5.229  -70.043  12.710 0.6999999881
930  3.446  -74.509  27.588 0.8999999762
1578  0.841  -73.713  23.328 0.8999999762
1260  0.457  -74.963  23.406 0.8999999762
990  -0.586  -75.082  22.709 0.8999999762
102752  -4.112  -69.639  14.275 0.6999999881
2892  -5.786  -70.551  12.225 0.6999999881
98213  1.631  -73.268  23.302 0.8999999762
1274  0.273  -75.100  23.046 0.8999999762
2925  -6.369  -69.888  10.746 0.6999999881
1221  4.356  -73.466  26.621 0.8999999762
100380  1.201  -75.573  23.199 0.8999999762
3392  -4.918  -69.056  11.982 0.6000000238
1570  2.716  -72.907  23.155 0.8999999762
1273  0.854  -75.220  22.659 0.8999999762
1303  0.031  -74.068  19.606 0.6999999881
3892  -4.823  -67.951  13.246 0.6000000238
3909  -6.707  -69.350  10.484 0.5000000000
94480  6.430  -79.928  22.776 0.8000000119
401  6.185  -78.066  23.275 0.8999999762
562  5.926  -76.960  23.524 0.8999999762
736  5.609  -75.789  24.291 0.8999999762
966  4.647  -74.394  23.217 0.8999999762
1258  1.801  -75.249  23.276 0.8999999762
95425  4.005  -75.530  22.653 0.8999999762
977  3.560  -74.988  22.988 0.8999999762
978  2.156  -75.676  23.087 0.8999999762
989  1.898  -76.388  22.715 0.8999999762
114261  1.173  -75.433  22.093 0.8999999762
1591  2.213  -73.776  21.098 0.8999999762
756  5.172  -75.680  22.654 0.8999999762
767  2.573  -76.491  22.484 0.8999999762
576  5.748  -77.135  21.896 0.8000000119
568  6.075  -77.106  22.797 0.8000000119
766  4.199  -76.237  22.219 0.8000000119
289  5.576  -79.094  19.874 0.6000000238
290  3.559  -79.463  19.533 0.6999999881
578  2.596  -77.276  22.142 0.8000000119
1005  1.900  -76.454  22.447 0.8999999762
424  2.641  -79.286  20.444 0.8000000119
6954  -8.141  -61.359  34.738 1.0000000000
108575  -8.046  -62.215  34.891 1.0000000000
6961  -8.460  -61.957  34.017 1.0000000000
100494  -8.364  -63.267  34.005 1.0000000000
5770  -8.442  -64.014  33.165 1.0000000000
5234  -6.437  -64.345  32.765 1.0000000000
100346  -4.780  -65.634  33.598 1.0000000000
4659  -4.189  -64.883  34.515 1.0000000000
99371  -3.100  -65.940  35.501 1.0000000000
4099  -3.743  -66.480  35.170 1.0000000000
111436  -3.529  -69.948  34.754 1.0000000000
2654  -3.350  -69.365  35.212 1.0000000000
4097  -1.607  -66.601  35.461 1.0000000000
3121  -2.461  -69.032  35.006 1.0000000000
4109  -0.272  -66.837  34.812 1.0000000000
4096  -0.722  -66.338  35.335 1.0000000000
1842  -7.890  -72.251  32.157 1.0000000000
2232  -6.899  -71.704  30.885 1.0000000000
1849  -7.366  -72.407  30.611 1.0000000000
3183  0.475  -68.679  30.543 1.0000000000
102907  1.477  -68.803  30.530 1.0000000000
3150  1.239  -68.685  31.983 1.0000000000
1472  -7.585  -72.740  30.898 1.0000000000
3220  0.465  -67.904  29.204 1.0000000000
1469  -5.287  -73.610  30.780 1.0000000000
1158  -6.526  -73.721  31.542 1.0000000000
3719  0.078  -66.622  27.998 1.0000000000
1482  -5.070  -74.605  31.848 1.0000000000
4169  -0.669  -66.312  27.502 1.0000000000
1481  -3.779  -73.813  30.692 1.0000000000
100507  -5.279  -71.517  20.348 0.8999999762
4742  -0.914  -65.302  25.500 1.0000000000
1496  -2.460  -72.950  29.965 1.0000000000
1490  -3.546  -74.060  30.524 1.0000000000
1489  -3.554  -73.996  30.439 1.0000000000
1167  -3.868  -74.842  30.902 1.0000000000
1992  -6.737  -72.650  18.476 0.8999999762
2341  -4.796  -71.173  20.978 0.8999999762
1202  -3.132  -75.340  27.673 1.0000000000
2340  -3.654  -70.883  21.272 0.8999999762
110802  -4.675  -72.460  20.795 0.8999999762
1215  -1.507  -75.121  26.376 1.0000000000
107419  -2.423  -75.223  26.630 1.0000000000
1650  -7.323  -73.165  16.695 0.8000000119
2339  -2.358  -70.634  21.494 0.8999999762
1597  -4.105  -71.908  21.128 0.8999999762
2785  -2.031  -69.788  21.776 0.8999999762
1522  -0.579  -73.592  26.706 1.0000000000
1521  0.606  -72.691  26.945 1.0000000000
102424  -0.682  -71.429  22.020 0.8999999762
2854  -6.216  -71.147  14.689 0.8000000119
2329  1.100  -70.185  22.602 0.8999999762
1954  0.127  -71.341  22.379 0.8999999762
2424  -5.958  -71.475  14.812 0.8000000119
4347  -9.201  -67.108  14.391 0.8999999762
1520  1.683  -72.504  27.278 1.0000000000
1593  -0.857  -74.447  22.655 0.8999999762
1519  2.958  -72.640  27.517 0.8999999762
104887  0.975  -71.221  22.666 0.8999999762
1261  -0.182  -74.874  23.100 0.8999999762
4362  -9.726  -67.116  13.674 0.8999999762
1531  4.419  -72.557  26.444 0.8999999762
98364  -9.305  -68.057  12.521 0.8999999762
1942  2.296  -71.995  23.133 0.8999999762
1288  0.651  -74.952  21.987 0.8999999762
2910  -6.011  -70.547  11.028 0.6999999881
103383  3.575  -72.009  23.357 0.8999999762
3412  -5.253  -70.080  10.695 0.6999999881
943  5.147  -74.154  25.211 0.8999999762
1557  4.866  -72.731  24.218 0.8999999762
1569  3.693  -72.846  23.310 0.8999999762
1271  1.600  -75.394  21.725 0.8000000119
755  5.766  -76.273  23.113 0.8000000119
577  4.625  -76.801  21.669 0.8000000119
1286  3.239  -74.184  20.609 0.6999999881
1004  2.494  -75.493  20.961 0.6999999881
416  5.067  -77.260  21.204 0.8000000119
586  1.588  -77.685  21.989 0.8000000119
425  1.883  -79.029  20.475 0.6999999881
589  1.523  -77.483  21.010 0.6999999881
293  2.904  -79.951  18.548 0.6000000238
427  2.069  -79.239  19.427 0.5000000000
108618  -7.519  -62.892  32.608 1.0000000000
6348  -8.393  -62.608  33.846 1.0000000000
6357  -6.609  -63.009  32.564 1.0000000000
5769  -7.314  -63.846  32.752 1.0000000000
5768  -5.171  -63.482  33.655 1.0000000000
5766  -2.060  -63.706  34.596 1.0000000000
5754  -2.534  -63.891  35.105 1.0000000000
4658  -3.294  -65.071  35.368 1.0000000000
104005  -2.277  -66.230  35.627 1.0000000000
2666  -2.120  -69.296  34.063 1.0000000000
3120  -1.721  -68.522  34.454 1.0000000000
3613  -1.073  -67.073  35.038 1.0000000000
112470  -1.958  -69.027  33.343 1.0000000000
3119  -1.033  -68.054  33.976 1.0000000000
2240  -2.352  -70.463  32.405 1.0000000000
2231  -2.703  -70.215  33.823 1.0000000000
2667  -2.833  -69.730  34.574 1.0000000000
3151  0.165  -68.622  32.229 1.0000000000
1846  -3.293  -71.143  33.442 1.0000000000
1840  -3.881  -71.206  33.823 1.0000000000
3166  0.255  -68.751  31.364 1.0000000000
1847  -4.150  -72.392  32.481 1.0000000000
1471  -6.909  -72.951  30.638 1.0000000000
1848  -6.182  -72.833  30.549 1.0000000000
3221  -0.378  -67.629  29.365 1.0000000000
1470  -5.845  -73.538  31.083 1.0000000000
112928  -0.127  -66.948  28.528 1.0000000000
1867  -2.224  -72.376  30.768 1.0000000000
1868  -2.565  -72.427  31.267 1.0000000000
4728  -0.153  -65.540  26.043 1.0000000000
4196  -3.006  -65.551  25.906 1.0000000000
4760  -1.345  -64.950  24.673 1.0000000000
107701  -3.040  -73.133  28.186 1.0000000000
95786  -5.201  -71.015  19.938 0.8999999762
103331  -1.854  -64.700  24.036 1.0000000000
100336  -3.243  -66.460  20.207 1.0000000000
113071  -3.150  -73.932  28.323 1.0000000000
2786  -3.572  -69.628  21.776 0.8999999762
1643  -7.187  -73.130  17.442 0.8999999762
1523  -2.542  -74.463  25.999 1.0000000000
95904  -3.127  -74.661  26.947 1.0000000000
99883  -2.913  -68.365  22.647 0.8999999762
2371  -7.297  -72.541  17.634 0.8000000119
101533  -1.729  -74.174  25.871 1.0000000000
104473  -3.185  -70.163  21.487 0.8999999762
2386  -7.316  -71.947  15.784 0.8000000119
1537  -2.286  -73.184  25.386 1.0000000000
2338  -1.248  -70.514  21.748 0.8999999762
1536  -1.050  -72.889  25.929 1.0000000000
3247  -1.561  -68.775  25.276 1.0000000000
2775  -1.234  -69.247  22.308 0.8999999762
1907  -0.117  -71.943  25.963 1.0000000000
3286  0.332  -69.149  22.828 0.8999999762
2289  0.814  -70.984  25.999 0.8999999762
3256  0.608  -68.838  23.892 0.8999999762
2873  -5.968  -70.816  13.645 0.8000000119
2736  1.208  -69.705  25.121 0.8999999762
2771  1.775  -69.951  22.966 0.8999999762
1905  2.151  -71.496  26.455 0.8999999762
2734  2.803  -70.049  24.885 0.8999999762
2324  2.346  -70.800  23.079 0.8999999762
1903  4.176  -71.613  26.204 0.8999999762
2299  3.318  -70.371  25.365 0.8999999762
2323  3.042  -70.580  23.668 0.8999999762
102076  1.140  -72.404  23.121 0.8999999762
2923  -5.328  -70.201  10.583 0.6999999881
104257  4.655  -72.005  25.698 0.8999999762
1921  3.675  -71.190  23.776 0.8999999762
1259  0.985  -74.936  23.362 0.8999999762
1920  4.361  -71.912  23.958 0.8999999762
1577  1.755  -74.558  23.355 0.8999999762
3908  -6.272  -68.132  11.987 0.5000000000
100605  2.003  -75.440  21.514 0.8000000119
779  1.529  -76.801  21.758 0.6999999881
421  2.274  -78.693  21.226 0.8000000119
422  1.459  -78.527  21.429 0.8000000119
100741  2.885  -76.832  19.661 0.6999999881
588  1.630  -78.407  20.271 0.6999999881
434  2.879  -79.320  18.117 0.5000000000
7605  -8.156  -60.244  34.815 1.0000000000
6955  -8.426  -61.016  34.236 1.0000000000
6385  -6.849  -62.960  32.053 1.0000000000
5796  -5.062  -63.229  32.417 1.0000000000
6346  -5.963  -63.057  33.025 1.0000000000
5795  -4.379  -63.329  32.808 1.0000000000
5756  -4.092  -63.769  34.436 1.0000000000
5793  -2.584  -63.974  32.630 1.0000000000
5781  -3.626  -63.422  33.976 1.0000000000
5779  -1.446  -63.810  33.655 1.0000000000
5225  -4.671  -64.083  34.011 1.0000000000
5858  -5.288  -63.968  28.149 1.0000000000
5780  -2.516  -63.704  33.654 1.0000000000
5763  0.984  -63.835  34.546 1.0000000000
5753  -1.630  -63.943  35.206 1.0000000000
5232  1.452  -64.277  34.970 1.0000000000
106635  0.307  -64.829  35.419 1.0000000000
105708  -1.619  -64.968  35.720 1.0000000000
4095  0.166  -66.186  35.134 1.0000000000
3134  -1.504  -68.657  33.527 1.0000000000
2672  -2.214  -69.716  33.195 1.0000000000
4107  1.337  -66.549  34.478 1.0000000000
3184  -0.612  -68.548  30.794 1.0000000000
3201  -0.281  -68.208  29.968 1.0000000000
3199  2.004  -68.754  29.841 1.0000000000
95269  -2.091  -71.200  30.957 1.0000000000
108890  -2.584  -71.373  32.137 1.0000000000
100978  -3.152  -72.069  32.138 1.0000000000
3692  -0.914  -67.144  29.024 1.0000000000
4182  -0.334  -65.855  26.817 1.0000000000
1857  -2.282  -71.317  31.556 1.0000000000
3720  -0.868  -66.713  28.230 1.0000000000
1874  -1.906  -72.034  30.169 1.0000000000
3300  -5.364  -69.618  21.955 1.0000000000
2354  -4.944  -70.508  20.810 0.8999999762
1884  -2.240  -72.097  29.347 1.0000000000
1503  -2.422  -72.705  29.380 1.0000000000
3290  -5.620  -69.158  22.385 1.0000000000
4744  -3.383  -64.866  25.166 1.0000000000
109948  -2.260  -64.930  24.635 1.0000000000
100764  -4.096  -68.263  22.580 0.8999999762
2787  -4.628  -70.188  21.341 0.8999999762
4825  -2.997  -65.557  20.929 1.0000000000
1524  -3.059  -73.386  25.708 1.0000000000
1511  -3.384  -73.710  26.521 1.0000000000
3782  -3.437  -67.707  23.143 1.0000000000
96829  -6.315  -71.388  18.682 0.8999999762
4826  -4.514  -65.755  20.773 1.0000000000
2370  -6.375  -72.011  19.218 0.8999999762
2376  -7.263  -71.605  17.014 0.8999999762
2815  -5.416  -70.560  18.046 0.8999999762
1908  -1.364  -72.223  25.295 1.0000000000
3767  -1.629  -68.127  23.704 0.8999999762
2776  -2.496  -69.076  22.243 0.8999999762
106137  -6.535  -70.955  16.676 0.8999999762
3823  -2.972  -67.726  19.086 1.0000000000
3259  -1.214  -68.390  24.641 1.0000000000
3288  -1.622  -68.551  22.890 0.8999999762
3335  -4.854  -68.964  16.729 1.0000000000
2291  -1.603  -71.434  25.421 1.0000000000
95966  -5.389  -67.381  16.334 1.0000000000
2290  -0.394  -71.147  25.852 1.0000000000
2303  -0.773  -70.313  25.766 0.8999999762
2774  -0.286  -69.444  22.422 0.8999999762
2783  -0.103  -69.930  22.195 0.8999999762
101452  -6.605  -70.860  15.886 0.8999999762
2855  -6.247  -70.923  14.540 0.8000000119
2737  0.410  -69.385  25.059 0.8999999762
2301  1.495  -70.284  25.607 0.8999999762
2764  2.355  -69.871  23.575 0.8999999762
101178  -6.464  -70.841  13.374 0.6999999881
2288  1.878  -70.870  26.054 0.8999999762
2287  2.835  -70.815  26.033 0.8999999762
3394  -7.787  -69.583  11.862 0.6999999881
1913  3.806  -70.874  25.788 0.8999999762
2310  4.058  -71.057  24.428 0.8999999762
3910  -7.426  -69.122  10.660 0.6999999881
4380  -6.828  -67.524  11.501 0.5000000000
4381  -7.565  -68.902  10.423 0.5000000000
1028  4.041  -74.937  19.723 0.6999999881
790  2.792  -76.091  20.290 0.6000000238
601  3.248  -78.182  18.366 0.6000000238
5825  -9.032  -62.983  29.312 1.0000000000
6373  -8.300  -62.571  32.168 1.0000000000
6963  -9.187  -61.142  33.052 1.0000000000
6356  -5.183  -62.912  33.157 1.0000000000
5778  -0.503  -63.824  33.688 1.0000000000
107704  -3.208  -63.634  33.230 1.0000000000
5767  -4.120  -63.561  34.238 1.0000000000
4664  3.066  -64.911  34.505 1.0000000000
5764  -0.015  -63.806  34.602 1.0000000000
5755  -3.231  -63.728  34.568 1.0000000000
5231  2.289  -64.491  34.803 1.0000000000
5221  -0.378  -64.621  35.474 1.0000000000
4129  3.946  -66.535  33.093 1.0000000000
4105  2.965  -65.808  34.313 1.0000000000
4666  1.658  -65.976  34.814 1.0000000000
4120  1.785  -66.943  33.914 1.0000000000
113716  -1.970  -68.774  31.359 1.0000000000
3168  -1.585  -68.761  31.965 1.0000000000
3153  -1.284  -68.634  32.753 1.0000000000
98512  -2.144  -69.301  32.318 1.0000000000
3133  -0.765  -68.330  33.225 1.0000000000
3165  1.883  -68.777  31.305 1.0000000000
96116  -1.657  -68.617  31.059 1.0000000000
3167  -0.726  -68.686  31.640 1.0000000000
3152  -0.719  -68.570  32.460 1.0000000000
2250  -2.228  -70.159  31.690 1.0000000000
3185  -2.359  -68.208  30.681 1.0000000000
3202  -1.300  -67.647  29.794 1.0000000000
98567  0.809  -66.677  27.742 1.0000000000
2271  -2.319  -71.121  30.296 1.0000000000
2241  -2.661  -70.844  32.985 1.0000000000
3705  -1.992  -66.929  28.728 1.0000000000
4183  -1.334  -66.053  26.857 1.0000000000
104790  -4.278  -67.081  29.252 1.0000000000
93385  -2.696  -66.166  26.754 1.0000000000
110221  -2.832  -71.276  29.182 1.0000000000
3291  -6.166  -68.651  22.399 1.0000000000
1892  -3.099  -72.379  28.018 1.0000000000
4761  -2.981  -64.581  24.275 1.0000000000
4786  -2.527  -64.596  23.456 1.0000000000
110627  -2.742  -67.026  19.477 1.0000000000
1898  -3.362  -72.424  26.329 1.0000000000
2788  -5.583  -69.710  21.336 1.0000000000
108285  -4.985  -70.010  20.597 0.8999999762
110068  -4.136  -64.861  21.802 1.0000000000
1538  -3.031  -72.362  25.367 1.0000000000
3751  -1.897  -67.956  24.334 1.0000000000
2811  -4.931  -70.365  19.508 0.8999999762
3807  -3.816  -67.566  19.820 1.0000000000
107883  -2.334  -68.052  23.225 1.0000000000
3793  -6.572  -67.996  21.986 1.0000000000
3809  -6.345  -67.546  21.142 1.0000000000
2292  -2.741  -71.610  25.316 1.0000000000
2304  -1.941  -70.485  25.686 1.0000000000
3275  -0.787  -68.481  23.543 0.8999999762
107668  -5.914  -66.998  16.119 1.0000000000
3246  -0.485  -68.985  24.935 1.0000000000
3329  -4.381  -69.567  18.517 0.8999999762
3274  0.098  -68.751  23.432 0.8999999762
2819  -4.884  -69.802  17.464 0.8999999762
3351  -5.633  -69.317  16.041 0.8999999762
105755  -6.198  -70.297  15.825 0.8999999762
3857  -5.601  -68.447  16.025 1.0000000000
2302  0.416  -70.108  25.666 0.8999999762
3367  -6.568  -69.933  14.943 0.8999999762
2735  2.019  -69.886  25.080 0.8999999762
2750  1.078  -69.219  24.386 0.8999999762
2874  -6.990  -70.558  14.048 0.8999999762
3378  -7.616  -69.593  14.074 0.8999999762
2748  2.338  -69.726  24.332 0.8999999762
2875  -7.127  -70.527  13.260 0.6999999881
3393  -7.975  -69.742  13.112 0.6999999881
2763  2.881  -70.092  24.135 0.8999999762
3926  -8.219  -68.595  10.447 0.6000000238
5823  -7.064  -63.551  30.205 1.0000000000
5841  -6.995  -63.559  29.115 1.0000000000
113860  -6.619  -63.416  31.218 1.0000000000
5822  -6.267  -63.792  29.767 1.0000000000
5794  -3.483  -63.800  32.466 1.0000000000
5792  -1.741  -64.034  32.810 1.0000000000
5244  0.860  -63.917  32.887 1.0000000000
5789  2.317  -63.840  33.582 1.0000000000
4677  3.707  -65.403  33.991 1.0000000000
5765  -1.028  -63.790  34.523 1.0000000000
5220  1.034  -64.771  35.286 1.0000000000
4117  4.157  -65.830  33.524 1.0000000000
4106  2.160  -66.263  34.442 1.0000000000
3671  3.858  -67.546  31.778 1.0000000000
114048  3.567  -67.965  31.404 1.0000000000
3149  2.271  -68.380  32.002 1.0000000000
103038  2.397  -68.810  30.712 1.0000000000
2690  -2.184  -69.047  31.626 1.0000000000
3702  1.775  -67.697  28.221 1.0000000000
2261  -2.261  -69.824  30.987 1.0000000000
2701  -2.443  -68.668  31.003 1.0000000000
3736  1.956  -66.818  26.796 1.0000000000
4167  1.166  -66.379  27.139 1.0000000000
3693  -2.203  -67.312  29.609 1.0000000000
2272  -3.993  -69.158  29.924 1.0000000000
3186  -3.315  -68.301  30.478 1.0000000000
97043  -0.045  -65.299  25.317 1.0000000000
2262  -3.025  -70.049  30.097 1.0000000000
3204  -4.737  -68.366  29.704 1.0000000000
3694  -3.490  -67.718  30.003 1.0000000000
3706  -3.315  -67.115  29.465 1.0000000000
105933  -1.948  -66.578  27.666 1.0000000000
4759  -0.401  -65.009  24.713 1.0000000000
2278  -4.018  -70.324  29.051 1.0000000000
1893  -3.559  -71.466  27.852 1.0000000000
3222  -4.591  -67.557  29.590 1.0000000000
111707  -3.765  -66.280  27.041 1.0000000000
4785  -1.438  -64.820  23.338 1.0000000000
93383  -4.354  -65.600  26.634 1.0000000000
93382  -4.770  -67.240  24.777 1.0000000000
3783  -5.240  -67.802  22.903 1.0000000000
4232  -6.874  -67.106  23.814 1.0000000000
4233  -7.815  -66.626  23.436 1.0000000000
111773  -3.359  -71.805  25.971 1.0000000000
1899  -3.947  -71.402  26.669 1.0000000000
4202  -4.197  -67.247  24.162 1.0000000000
3784  -6.821  -67.642  22.887 1.0000000000
3785  -7.632  -66.779  22.379 1.0000000000
2293  -3.611  -71.328  25.896 1.0000000000
3314  -6.053  -68.870  21.329 1.0000000000
2801  -5.465  -69.337  20.587 1.0000000000
3830  -2.814  -67.524  18.500 1.0000000000
3325  -4.700  -69.308  19.625 1.0000000000
2739  -2.268  -69.515  25.714 1.0000000000
3841  -4.179  -68.105  17.195 1.0000000000
107761  -5.236  -69.667  16.750 1.0000000000
3861  -6.117  -68.812  15.545 0.8999999762
4332  -8.206  -67.011  14.928 0.8999999762
3377  -6.940  -69.695  14.636 0.8999999762
3862  -6.598  -68.459  15.272 0.8999999762
3876  -7.213  -68.617  14.730 0.8999999762
3894  -8.429  -68.787  13.715 0.8999999762
3895  -8.686  -68.984  12.809 0.8000000119
100199  -8.509  -68.185  9.926 0.5000000000
6374  -9.650  -61.844  31.746 1.0000000000
5807  -4.976  -63.854  31.113 1.0000000000
111184  -5.991  -63.717  30.691 1.0000000000
5840  -6.007  -63.818  28.869 1.0000000000
5257  -1.114  -64.272  32.180 1.0000000000
5272  -2.144  -64.532  31.219 1.0000000000
5306  -3.339  -64.723  29.177 1.0000000000
113933  -3.435  -64.637  28.596 1.0000000000
5856  -2.328  -64.447  27.916 1.0000000000
5242  3.696  -64.512  33.953 1.0000000000
4128  4.781  -65.924  32.941 1.0000000000
4140  5.054  -66.449  32.040 1.0000000000
100947  4.758  -67.432  30.907 1.0000000000
3670  4.557  -67.177  31.569 1.0000000000
3683  4.549  -67.914  30.320 1.0000000000
3672  3.123  -67.992  31.811 1.0000000000
3216  4.081  -68.180  28.084 1.0000000000
100988  4.245  -68.333  28.951 1.0000000000
3716  5.030  -67.376  26.878 1.0000000000
3198  3.591  -68.625  29.462 1.0000000000
94503  2.989  -68.797  30.093 1.0000000000
3733  4.334  -67.598  26.825 1.0000000000
3717  3.836  -67.841  27.330 1.0000000000
3234  3.224  -67.995  27.911 1.0000000000
102012  2.677  -68.618  29.195 1.0000000000
4178  3.281  -66.984  25.788 1.0000000000
3735  2.759  -67.194  26.555 1.0000000000
113976  2.356  -67.314  27.172 1.0000000000
98237  2.418  -67.669  27.753 1.0000000000
2702  -3.114  -69.022  30.613 1.0000000000
4738  2.883  -66.236  24.338 1.0000000000
4192  2.670  -66.397  25.181 1.0000000000
4194  1.227  -65.728  25.916 1.0000000000
4739  2.006  -66.024  24.734 1.0000000000
4757  1.439  -65.616  24.282 1.0000000000
3203  -2.418  -67.862  30.272 1.0000000000
4783  0.606  -65.241  23.298 1.0000000000
103424  0.073  -64.984  24.048 1.0000000000
3721  -3.198  -66.842  28.545 1.0000000000
93386  -3.474  -66.584  27.583 1.0000000000
2282  -4.666  -70.549  27.856 1.0000000000
93381  -5.329  -66.102  27.597 1.0000000000
3722  -4.760  -66.812  28.584 1.0000000000
4813  -2.604  -65.076  21.833 1.0000000000
2294  -4.582  -70.622  26.888 1.0000000000
4787  -3.915  -64.295  23.825 1.0000000000
4234  -8.581  -65.444  23.175 1.0000000000
93390  -4.834  -64.271  23.195 1.0000000000
4814  -5.429  -65.189  21.326 1.0000000000
2728  -4.271  -70.432  26.332 1.0000000000
3769  -4.638  -67.293  23.659 1.0000000000
94059  -6.689  -66.975  24.456 1.0000000000
3794  -7.304  -66.651  21.305 1.0000000000
2727  -3.223  -70.628  25.737 1.0000000000
2740  -3.524  -69.313  25.992 1.0000000000
3743  -2.330  -68.052  25.070 1.0000000000
3752  -3.091  -67.538  24.454 1.0000000000
4248  -5.168  -66.939  20.546 1.0000000000
4304  -3.239  -66.701  17.511 1.0000000000
99149  -2.465  -68.650  25.545 1.0000000000
4240  -8.733  -64.944  22.783 1.0000000000
3824  -3.963  -68.408  19.401 1.0000000000
3831  -3.289  -68.129  18.083 1.0000000000
96931  -3.498  -67.728  17.646 1.0000000000
4249  -6.692  -66.458  20.847 1.0000000000
3808  -5.425  -68.438  20.362 1.0000000000
112448  -3.833  -68.904  18.100 1.0000000000
2738  -1.147  -69.543  25.553 1.0000000000
4330  -5.950  -67.806  15.851 0.8999999762
4869  -8.531  -66.269  15.773 0.8999999762
4885  -9.848  -66.455  14.566 0.8999999762
4400  -9.180  -68.030  10.445 0.5000000000
4420  -9.019  -67.649  9.510 0.5000000000
4382  -9.563  -67.480  11.726 0.6999999881
5821  -4.652  -64.305  30.133 1.0000000000
103662  -0.413  -64.185  32.351 1.0000000000
5273  -2.942  -64.497  30.971 1.0000000000
5255  1.463  -64.043  31.962 1.0000000000
95780  3.269  -63.897  33.422 1.0000000000
5289  -1.593  -64.641  30.709 1.0000000000
4685  5.094  -65.179  32.827 1.0000000000
4676  4.478  -65.026  33.458 1.0000000000
4139  5.654  -66.124  31.532 1.0000000000
3682  5.259  -67.220  30.295 1.0000000000
3691  4.846  -67.874  29.510 1.0000000000
3684  4.057  -67.865  31.049 1.0000000000
4119  2.681  -66.625  33.875 1.0000000000
8422  -5.540  -60.329  24.330 1.0000000000
4191  5.048  -66.678  25.429 1.0000000000
3217  3.401  -68.392  28.647 1.0000000000
112113  3.893  -66.585  24.938 1.0000000000
4755  3.157  -66.024  23.742 1.0000000000
105296  0.860  -65.195  24.067 1.0000000000
4758  0.580  -65.267  24.729 1.0000000000
2717  -5.035  -69.467  28.912 1.0000000000
3223  -6.007  -68.655  28.754 1.0000000000
4784  -0.438  -65.049  23.290 1.0000000000
2722  -5.438  -69.802  27.873 1.0000000000
93384  -4.534  -65.000  25.852 1.0000000000
4811  -0.575  -65.434  21.494 1.0000000000
111615  -6.090  -64.993  27.120 1.0000000000
4247  -1.960  -65.805  20.149 1.0000000000
2729  -5.125  -70.033  27.096 1.0000000000
3235  -5.886  -69.145  27.748 1.0000000000
93379  -5.588  -67.381  25.277 1.0000000000
102700  -6.820  -67.494  26.223 1.0000000000
93761  -8.150  -66.281  26.471 1.0000000000
106885  -7.703  -64.074  25.648 1.0000000000
93388  -6.844  -63.809  25.263 1.0000000000
94004  -6.848  -63.819  23.845 1.0000000000
3249  -4.872  -68.043  25.806 1.0000000000
93854  -7.824  -66.450  25.580 1.0000000000
93392  -9.107  -65.094  25.230 1.0000000000
106884  -8.422  -64.322  25.204 1.0000000000
4804  -6.024  -64.382  22.412 1.0000000000
4286  -2.303  -66.655  18.286 1.0000000000
3248  -3.366  -68.277  25.585 1.0000000000
108963  -8.428  -64.241  23.898 1.0000000000
93391  -7.755  -63.883  23.274 1.0000000000
3829  -2.258  -66.792  18.841 1.0000000000
112990  -8.159  -65.750  24.830 1.0000000000
4815  -6.817  -65.098  21.454 1.0000000000
4816  -8.092  -65.050  22.021 1.0000000000
110382  -4.067  -67.264  17.183 1.0000000000
4319  -6.315  -66.363  16.126 1.0000000000
4868  -7.329  -66.460  15.734 1.0000000000
3863  -7.235  -67.570  15.136 0.8999999762
108180  -8.580  -67.755  14.177 0.8999999762
4904  -10.109  -66.194  13.809 0.8999999762
4383  -10.073  -66.409  11.993 0.8999999762
4421  -9.731  -67.120  9.995 0.5000000000
109440  -3.896  -64.338  30.765 1.0000000000
5824  -8.396  -63.202  30.026 1.0000000000
5291  -3.162  -64.711  30.085 1.0000000000
4150  5.853  -66.595  29.904 1.0000000000
103125  5.547  -67.141  28.495 1.0000000000
4179  2.335  -66.481  26.052 1.0000000000
4740  1.284  -65.681  25.139 1.0000000000
104210  -9.352  -59.815  21.973 1.0000000000
4799  0.917  -65.385  22.311 1.0000000000
9106  -8.832  -59.013  20.847 1.0000000000
4800  -0.012  -65.324  22.342 1.0000000000
3708  -6.529  -67.676  28.630 1.0000000000
3707  -5.527  -67.316  29.158 1.0000000000
106886  -8.193  -66.038  27.266 1.0000000000
7147  -9.204  -61.055  20.284 1.0000000000
111306  -7.709  -64.110  24.789 1.0000000000
4268  -1.537  -65.997  19.152 1.0000000000
3241  -4.914  -69.372  26.683 1.0000000000
93934  -6.191  -68.428  27.084 1.0000000000
4303  -2.457  -66.431  17.844 1.0000000000
113080  -4.487  -68.674  26.164 1.0000000000
4305  -4.152  -66.266  17.067 1.0000000000
4851  -5.903  -65.661  16.493 1.0000000000
4852  -6.881  -65.644  16.346 1.0000000000
4956  -9.333  -66.822  8.938 0.5000000000
5290  -2.285  -64.713  30.396 1.0000000000
110900  2.191  -63.937  31.481 1.0000000000
109222  -0.797  -64.546  30.644 1.0000000000
5304  -1.423  -64.707  29.814 1.0000000000
5305  -2.460  -64.776  29.485 1.0000000000
5266  4.444  -63.743  32.340 1.0000000000
5269  0.754  -64.207  31.273 1.0000000000
5288  0.214  -64.390  30.572 1.0000000000
5313  -0.774  -64.536  28.873 1.0000000000
5855  -1.259  -64.340  27.977 1.0000000000
114256  6.154  -64.778  31.118 1.0000000000
4684  5.434  -64.775  32.202 1.0000000000
5268  1.687  -64.058  30.972 1.0000000000
5312  0.301  -64.257  28.934 1.0000000000
5872  -1.762  -63.883  27.110 1.0000000000
5873  -2.956  -63.927  27.254 1.0000000000
4138  6.023  -65.838  31.007 1.0000000000
5887  -1.698  -63.381  26.244 1.0000000000
5888  -2.530  -63.619  26.569 1.0000000000
6462  -3.748  -63.068  25.579 1.0000000000
4702  6.151  -65.922  30.313 1.0000000000
5852  1.547  -63.259  28.493 1.0000000000
5870  0.335  -63.490  27.384 1.0000000000
112841  -0.994  -63.495  26.604 1.0000000000
6461  -2.653  -63.218  25.872 1.0000000000
105957  -4.554  -62.172  24.721 1.0000000000
4707  6.609  -65.366  29.787 1.0000000000
4159  5.864  -66.652  28.024 1.0000000000
6431  1.682  -62.748  28.129 1.0000000000
7085  -3.403  -61.727  24.570 1.0000000000
4720  6.681  -65.513  28.153 1.0000000000
7072  -0.815  -62.276  25.609 1.0000000000
99499  -0.825  -63.056  26.030 1.0000000000
6460  -1.690  -62.740  25.620 1.0000000000
7084  -2.296  -61.266  24.416 1.0000000000
7095  -4.199  -61.153  24.420 1.0000000000
4727  6.629  -65.564  26.874 1.0000000000
4190  5.890  -66.193  26.023 1.0000000000
4176  5.448  -66.886  26.329 1.0000000000
8396  0.099  -59.978  26.081 1.0000000000
7768  -2.828  -59.891  24.219 1.0000000000
7769  -3.624  -60.266  24.311 1.0000000000
8421  -4.914  -59.410  24.398 1.0000000000
111549  4.751  -66.405  24.897 1.0000000000
4735  6.369  -65.540  25.710 1.0000000000
5342  6.189  -64.941  24.317 1.0000000000
4736  5.449  -66.034  25.106 1.0000000000
4737  3.698  -66.244  24.127 1.0000000000
4754  4.261  -65.926  23.788 1.0000000000
8441  -8.424  -59.341  22.640 1.0000000000
8452  -9.126  -59.084  21.546 1.0000000000
9103  -8.882  -58.402  21.578 1.0000000000
5367  5.732  -64.280  22.900 1.0000000000
4780  3.633  -65.703  23.376 1.0000000000
105297  1.936  -65.680  23.764 1.0000000000
4810  0.465  -65.447  21.226 1.0000000000
112643  -8.622  -58.299  20.522 1.0000000000
112760  2.647  -65.468  23.086 1.0000000000
100541  1.350  -65.349  23.028 1.0000000000
5375  5.548  -63.808  22.148 1.0000000000
5361  4.308  -65.301  22.979 1.0000000000
4807  3.415  -65.189  21.772 1.0000000000
107381  2.048  -65.319  21.677 1.0000000000
7119  -8.571  -60.858  23.012 1.0000000000
3224  -7.353  -66.965  27.940 1.0000000000
5382  3.311  -65.008  20.756 1.0000000000
4830  2.335  -64.936  19.409 1.0000000000
99052  1.204  -65.454  20.636 1.0000000000
4833  0.034  -65.532  19.426 1.0000000000
100464  -0.234  -65.521  20.444 1.0000000000
106529  -7.309  -60.762  23.185 1.0000000000
7804  -9.076  -60.584  20.700 1.0000000000
4821  1.612  -65.371  19.812 1.0000000000
4823  -0.878  -65.654  19.788 1.0000000000
7136  -6.432  -62.206  22.403 1.0000000000
93380  -7.439  -67.093  27.327 1.0000000000
103635  3.060  -64.696  19.893 1.0000000000
4831  1.554  -65.095  18.878 1.0000000000
4836  0.835  -65.143  18.560 1.0000000000
4838  -0.522  -65.406  18.202 1.0000000000
4285  -1.477  -65.913  18.423 1.0000000000
5393  1.128  -64.393  18.299 1.0000000000
5394  0.214  -64.961  18.088 1.0000000000
4302  -1.861  -66.055  17.993 1.0000000000
5967  0.140  -63.053  17.971 1.0000000000
5403  -1.021  -64.599  17.632 1.0000000000
5404  -1.947  -64.703  17.463 1.0000000000
6524  -9.407  -62.348  21.249 1.0000000000
7148  -9.762  -61.548  21.270 1.0000000000
5968  -0.257  -63.629  17.751 1.0000000000
5970  -3.229  -63.864  17.560 1.0000000000
4842  -2.133  -65.630  17.650 1.0000000000
95418  -3.493  -65.652  17.220 1.0000000000
6523  -8.781  -63.171  21.159 1.0000000000
5405  -3.626  -64.614  17.189 1.0000000000
4849  -4.380  -65.228  16.904 1.0000000000
5406  -4.671  -64.350  17.073 1.0000000000
5426  -6.349  -64.891  16.725 1.0000000000
6536  -8.639  -63.573  20.509 1.0000000000
6537  -9.522  -63.030  20.403 1.0000000000
4853  -7.932  -65.820  16.373 0.8999999762
4854  -9.030  -66.170  16.743 1.0000000000
4870  -9.427  -66.168  15.994 0.8999999762
4333  -9.280  -66.488  15.192 0.8999999762
4938  -10.185  -65.964  10.982 0.6000000238
108073  -10.313  -65.455  12.087 0.8000000119
4957  -10.002  -65.990  9.684 0.5000000000
114157  3.756  -63.427  31.687 1.0000000000
5265  5.158  -63.879  31.990 1.0000000000
5285  2.304  -63.572  30.856 1.0000000000
5302  0.740  -64.261  29.728 1.0000000000
5804  3.227  -63.171  31.158 1.0000000000
5819  1.991  -63.360  30.126 1.0000000000
5301  1.540  -63.832  29.788 1.0000000000
5853  0.807  -63.719  28.232 1.0000000000
5854  -0.215  -64.061  28.107 1.0000000000
102230  6.904  -65.131  29.096 1.0000000000
6458  0.646  -62.214  26.740 1.0000000000
5319  7.197  -64.882  27.637 1.0000000000
7045  1.695  -62.009  28.652 1.0000000000
7737  -0.067  -60.907  25.847 1.0000000000
95026  7.030  -64.723  26.111 1.0000000000
7717  1.333  -60.924  27.721 1.0000000000
106079  -1.365  -59.971  24.357 1.0000000000
5332  6.677  -64.773  25.208 1.0000000000
5899  7.018  -63.748  25.594 1.0000000000
4753  5.332  -65.747  24.352 1.0000000000
5359  5.910  -64.646  23.570 1.0000000000
7081  6.669  -61.800  25.334 1.0000000000
6467  6.841  -62.863  25.014 1.0000000000
5368  5.058  -64.720  22.459 1.0000000000
8440  -7.421  -59.304  22.907 1.0000000000
9819  -8.861  -57.440  20.455 1.0000000000
7715  5.849  -60.827  27.167 1.0000000000
5921  6.263  -63.779  23.383 1.0000000000
114378  4.500  -65.563  23.409 1.0000000000
104162  -7.113  -59.903  23.158 1.0000000000
4798  1.713  -65.330  22.378 1.0000000000
5369  4.227  -65.004  22.143 1.0000000000
4822  0.683  -65.511  20.050 1.0000000000
7135  -5.265  -62.053  22.140 1.0000000000
5381  3.745  -64.266  20.346 1.0000000000
112202  -7.910  -61.493  23.037 1.0000000000
6505  -4.794  -62.517  21.410 1.0000000000
6541  1.610  -63.479  18.389 1.0000000000
6520  -4.336  -62.731  20.592 1.0000000000
4841  -1.272  -65.417  17.828 1.0000000000
6507  -7.177  -62.915  21.975 1.0000000000
6521  -5.359  -63.028  20.761 1.0000000000
6506  -5.915  -62.745  21.653 1.0000000000
6522  -6.733  -63.398  21.067 1.0000000000
5950  -1.519  -63.729  17.674 1.0000000000
5971  -4.102  -63.795  17.512 1.0000000000
5952  -3.678  -63.336  18.150 1.0000000000
5407  -5.719  -64.149  17.203 1.0000000000
5408  -6.773  -64.562  17.369 1.0000000000
5974  -7.354  -64.436  18.377 1.0000000000
5427  -8.556  -65.836  17.376 1.0000000000
5428  -9.313  -65.789  17.460 1.0000000000
103316  -9.878  -66.124  15.326 0.8999999762
99625  -10.233  -65.124  13.805 0.8999999762
4921  -10.277  -65.784  12.940 0.8999999762
98095  -10.350  -65.099  10.379 0.5000000000
5818  3.666  -62.844  30.837 1.0000000000
5802  5.305  -63.517  31.257 1.0000000000
5284  6.398  -64.193  30.811 1.0000000000
111898  1.914  -62.720  28.663 1.0000000000
97864  6.802  -64.631  30.161 1.0000000000
6402  3.031  -62.716  30.560 1.0000000000
5886  -0.185  -63.258  26.638 1.0000000000
108363  7.599  -64.103  28.847 1.0000000000
5835  7.003  -63.787  30.264 1.0000000000
6449  0.653  -62.946  26.879 1.0000000000
7757  -2.986  -60.712  24.218 1.0000000000
7736  0.587  -60.642  26.523 1.0000000000
7083  -0.761  -61.356  25.318 1.0000000000
106262  7.542  -64.195  27.276 1.0000000000
7699  1.423  -60.056  28.169 1.0000000000
6457  7.111  -62.553  26.023 1.0000000000
7718  1.156  -60.369  27.214 1.0000000000
5341  6.759  -63.939  24.674 1.0000000000
8439  -6.262  -59.253  22.810 1.0000000000
9790  -7.688  -58.022  22.468 1.0000000000
10519  -8.925  -56.792  20.603 1.0000000000
6478  6.611  -62.068  24.384 1.0000000000
8438  -4.605  -59.481  22.489 1.0000000000
7082  6.005  -61.009  25.796 1.0000000000
7790  -5.061  -60.319  22.708 1.0000000000
7070  5.354  -60.752  26.545 1.0000000000
7116  -4.650  -61.194  22.400 1.0000000000
7791  -6.139  -60.191  22.932 1.0000000000
109261  3.858  -60.202  27.370 1.0000000000
5376  4.843  -64.127  21.518 1.0000000000
5929  4.747  -63.255  20.895 1.0000000000
7117  -5.923  -61.234  22.732 1.0000000000
8459  -7.358  -59.381  19.324 1.0000000000
5932  4.013  -63.290  20.169 1.0000000000
7118  -7.023  -61.632  22.890 1.0000000000
7802  -9.679  -60.702  21.931 1.0000000000
5939  2.888  -63.393  19.028 1.0000000000
6504  -3.849  -62.388  21.276 1.0000000000
7808  -8.053  -60.118  19.600 1.0000000000
7159  -8.839  -60.793  19.550 1.0000000000
6544  -1.610  -62.932  18.271 1.0000000000
6534  -3.244  -62.676  19.628 1.0000000000
108850  -2.163  -63.316  17.999 1.0000000000
6547  -4.120  -63.007  18.933 1.0000000000
7151  -9.945  -62.101  20.466 1.0000000000
96032  -4.578  -63.359  18.119 1.0000000000
5941  -6.986  -63.562  20.226 1.0000000000
108447  -6.348  -63.951  17.771 1.0000000000
5955  -8.124  -64.260  19.310 1.0000000000
110964  -7.902  -65.282  17.865 1.0000000000
5429  -9.903  -65.188  17.217 0.8999999762
5444  -9.655  -65.861  16.702 0.8999999762
5445  -9.950  -65.327  15.632 0.8999999762
5481  -10.392  -64.576  12.817 0.8999999762
99633  2.642  -62.943  30.601 1.0000000000
5816  5.831  -63.443  30.937 1.0000000000
6401  3.983  -62.796  30.684 1.0000000000
5834  7.626  -63.379  29.555 1.0000000000
110277  1.963  -60.686  30.197 1.0000000000
7059  1.393  -61.779  27.874 1.0000000000
5850  7.866  -63.357  28.433 1.0000000000
110257  1.551  -60.348  29.219 1.0000000000
7071  0.358  -61.579  26.321 1.0000000000
9074  -5.399  -58.524  24.390 1.0000000000
7662  1.583  -59.945  30.128 1.0000000000
8412  -2.941  -59.278  24.730 1.0000000000
8420  -3.748  -59.476  24.582 1.0000000000
6447  7.451  -62.603  26.965 1.0000000000
5869  7.695  -63.409  27.471 1.0000000000
8397  -0.529  -59.325  25.900 1.0000000000
8355  1.233  -59.081  28.160 1.0000000000
9768  -6.703  -57.396  24.072 1.0000000000
9032  -0.020  -58.279  26.872 1.0000000000
6494  6.090  -62.547  22.655 1.0000000000
7107  6.122  -61.382  23.827 1.0000000000
106341  5.802  -63.107  22.134 1.0000000000
7108  5.833  -61.258  23.085 1.0000000000
7787  -2.240  -60.567  22.908 1.0000000000
8436  -2.475  -59.791  22.682 1.0000000000
9093  -8.544  -58.555  22.221 1.0000000000
6500  5.607  -62.554  21.917 1.0000000000
7788  -3.108  -60.491  22.681 1.0000000000
104563  -5.412  -59.628  22.702 1.0000000000
7734  4.314  -60.539  26.554 1.0000000000
108009  -1.487  -60.645  22.917 1.0000000000
8339  4.940  -58.742  29.706 1.0000000000
8375  4.187  -59.609  28.184 1.0000000000
113249  3.570  -60.294  26.794 1.0000000000
6511  4.320  -62.450  20.609 1.0000000000
7131  -0.144  -61.514  21.722 1.0000000000
7114  -2.824  -61.321  22.408 1.0000000000
7134  -4.240  -61.945  21.908 1.0000000000
8353  4.464  -58.646  28.942 1.0000000000
5937  3.720  -62.679  20.026 1.0000000000
7146  -1.322  -62.204  21.090 1.0000000000
94530  -2.522  -61.994  21.924 1.0000000000
6502  -2.199  -62.276  21.140 1.0000000000
100909  2.251  -62.574  19.138 1.0000000000
6516  -0.859  -62.335  20.201 1.0000000000
7807  -7.110  -59.424  18.797 0.8999999762
6528  2.833  -62.853  19.091 1.0000000000
6530  0.576  -62.408  19.123 1.0000000000
6519  -3.503  -62.570  20.464 1.0000000000
6509  -9.552  -61.666  21.998 1.0000000000
6543  -0.118  -62.664  18.454 1.0000000000
96432  -0.976  -62.602  18.661 1.0000000000
6517  -1.810  -62.388  20.044 1.0000000000
7160  -9.669  -61.638  19.368 1.0000000000
6545  -2.372  -62.884  18.578 1.0000000000
5940  -5.915  -63.267  19.816 1.0000000000
5953  -5.143  -63.151  18.858 1.0000000000
5954  -6.679  -63.607  19.390 1.0000000000
5973  -6.489  -63.724  18.514 1.0000000000
5942  -7.758  -63.805  19.931 1.0000000000
5944  -9.946  -63.355  19.542 1.0000000000
113227  -8.134  -65.027  18.337 1.0000000000
6004  -10.300  -64.047  15.295 0.8999999762
5460  -10.228  -64.587  14.611 0.8999999762
6038  -10.493  -63.492  12.186 0.8000000119
5486  -10.396  -64.556  11.465 0.6000000238
7024  2.530  -62.444  30.226 1.0000000000
5815  6.511  -63.233  30.622 1.0000000000
107338  2.767  -61.718  30.618 1.0000000000
7004  2.261  -61.597  30.075 1.0000000000
112877  6.051  -62.832  30.772 1.0000000000
102371  1.524  -61.037  28.509 1.0000000000
5814  7.187  -62.844  30.289 1.0000000000
7738  -0.722  -60.252  25.318 1.0000000000
6446  7.698  -62.525  27.881 1.0000000000
7700  1.126  -59.587  27.507 1.0000000000
8398  -1.293  -59.406  25.314 1.0000000000
9063  -3.395  -58.796  24.926 1.0000000000
9073  -4.253  -58.494  24.829 1.0000000000
102358  -5.788  -57.786  24.326 1.0000000000
7044  7.305  -61.702  28.327 1.0000000000
102663  7.082  -61.918  26.706 1.0000000000
8327  1.469  -58.986  30.328 1.0000000000
8354  1.393  -59.346  29.195 1.0000000000
9752  -4.897  -56.908  24.946 1.0000000000
9767  -5.635  -57.084  24.491 1.0000000000
10469  -7.351  -56.643  24.084 0.8999999762
112726  6.166  -61.059  26.551 1.0000000000
7069  6.707  -61.549  26.217 1.0000000000
98449  -5.232  -58.892  22.435 1.0000000000
9789  -6.622  -57.740  22.508 1.0000000000
9804  -8.525  -57.706  21.895 1.0000000000
11199  -8.637  -55.994  20.725 1.0000000000
103846  6.541  -61.042  27.845 1.0000000000
8437  -3.773  -59.251  22.306 1.0000000000
95381  5.553  -60.478  27.931 1.0000000000
103693  5.586  -60.744  24.453 1.0000000000
6490  6.173  -61.821  23.040 1.0000000000
8435  -1.535  -59.977  22.921 1.0000000000
10522  -8.666  -56.388  20.065 1.0000000000
7716  4.890  -60.501  27.246 1.0000000000
7766  5.314  -60.662  25.272 1.0000000000
7112  5.121  -61.209  21.965 1.0000000000
7785  -0.697  -60.458  22.471 1.0000000000
7680  5.174  -59.902  28.896 1.0000000000
7754  3.467  -60.239  25.451 1.0000000000
7127  3.965  -60.799  21.031 1.0000000000
107887  -0.550  -61.202  22.211 1.0000000000
9128  -6.515  -58.624  18.539 1.0000000000
9817  -7.111  -57.922  19.039 1.0000000000
11211  -8.392  -54.893  19.929 1.0000000000
7140  3.926  -61.583  20.727 1.0000000000
7141  3.101  -61.171  20.617 1.0000000000
6512  3.528  -62.031  20.357 1.0000000000
7144  0.383  -61.835  21.081 1.0000000000
8458  -6.753  -59.075  18.806 1.0000000000
113934  -6.196  -57.922  16.468 0.6000000238
9004  4.596  -57.645  29.411 1.0000000000
9005  4.142  -57.453  28.923 1.0000000000
9029  3.901  -58.165  28.303 1.0000000000
9046  3.003  -58.634  26.933 1.0000000000
6513  2.008  -61.979  20.094 1.0000000000
6514  0.955  -62.083  20.192 1.0000000000
101501  4.938  -57.068  29.675 1.0000000000
108728  1.468  -62.360  19.372 1.0000000000
7816  -7.745  -59.999  18.872 0.8000000119
6531  -0.421  -62.419  19.279 1.0000000000
7161  -10.276  -62.092  18.966 1.0000000000
101919  -7.262  -63.952  19.110 1.0000000000
5410  -9.451  -64.510  18.617 1.0000000000
5411  -9.791  -64.941  17.930 0.8999999762
6562  -10.985  -62.897  17.876 1.0000000000
5988  -10.422  -63.926  17.228 0.8999999762
100822  -10.713  -63.366  16.030 0.8999999762
6028  -10.500  -63.496  13.235 0.6999999881
6016  -10.603  -63.484  14.278 0.8999999762
6048  -10.442  -63.308  11.100 0.5000000000
7661  2.519  -60.889  30.812 1.0000000000
6384  4.302  -62.269  30.981 1.0000000000
6983  6.126  -61.370  30.991 1.0000000000
7647  2.113  -60.106  30.902 1.0000000000
7022  7.290  -61.801  29.286 1.0000000000
8310  1.820  -59.484  30.832 1.0000000000
8378  0.113  -59.125  26.541 1.0000000000
9061  -1.845  -58.860  25.431 1.0000000000
9062  -2.663  -58.665  25.295 1.0000000000
105324  -3.467  -58.136  25.342 1.0000000000
7023  6.752  -61.140  29.651 1.0000000000
9008  0.850  -58.282  28.192 1.0000000000
9049  -2.019  -58.187  25.903 1.0000000000
109396  -4.092  -57.700  25.297 1.0000000000
9031  0.678  -58.821  27.348 1.0000000000
11141  -7.282  -55.888  24.058 0.8000000119
8985  0.986  -57.950  28.957 1.0000000000
9089  -4.381  -58.672  22.124 1.0000000000
114320  -8.510  -56.956  21.678 1.0000000000
8448  -0.978  -59.331  22.073 1.0000000000
7778  5.352  -60.577  23.613 1.0000000000
7753  4.276  -60.516  25.734 1.0000000000
99224  4.771  -60.274  22.893 1.0000000000
7798  3.973  -60.034  21.512 1.0000000000
105994  0.198  -60.366  21.843 1.0000000000
109394  3.665  -59.783  23.865 1.0000000000
7800  0.766  -60.694  21.535 1.0000000000
110090  -8.190  -55.956  19.312 1.0000000000
97405  2.774  -58.959  25.649 1.0000000000
7126  4.622  -61.581  21.258 1.0000000000
7129  1.328  -61.051  21.193 1.0000000000
9856  -6.403  -57.174  17.088 0.8999999762
97848  -6.437  -54.803  16.004 0.8999999762
11911  -7.158  -54.234  17.439 0.8999999762
8395  3.055  -60.049  26.870 1.0000000000
7143  1.184  -61.563  20.903 1.0000000000
104350  2.761  -61.708  20.305 1.0000000000
9662  5.796  -57.149  30.273 1.0000000000
9030  3.396  -57.907  27.759 1.0000000000
8497  -7.028  -59.188  17.387 0.8000000119
9711  4.946  -56.897  28.915 1.0000000000
8487  -8.030  -59.448  17.363 0.8000000119
10413  4.980  -56.787  27.969 1.0000000000
7817  -8.652  -60.587  18.739 0.8999999762
7175  -9.588  -61.161  18.367 1.0000000000
7176  -10.360  -62.031  18.138 1.0000000000
6575  -10.740  -62.699  16.775 0.8999999762
97956  -10.285  -62.031  17.272 1.0000000000
6602  -10.760  -62.948  15.067 0.8000000119
104508  -10.529  -62.625  13.616 0.6999999881
97967  -10.445  -62.587  12.674 0.6000000238
7644  4.567  -60.750  32.011 1.0000000000
6985  4.626  -61.463  31.551 1.0000000000
7002  6.515  -61.319  30.424 1.0000000000
7625  5.034  -60.406  32.331 1.0000000000
8309  2.273  -59.481  31.501 1.0000000000
9713  -0.298  -57.414  27.102 1.0000000000
9731  -1.438  -57.874  26.332 1.0000000000
9749  -2.831  -57.803  25.860 1.0000000000
10453  -5.356  -56.433  24.508 1.0000000000
7642  6.171  -60.749  30.794 1.0000000000
11140  -6.002  -55.762  23.812 0.8999999762
8325  5.730  -59.628  30.188 1.0000000000
8307  5.946  -60.103  30.988 1.0000000000
9102  -5.015  -58.006  22.062 1.0000000000
9803  -7.515  -57.057  22.305 1.0000000000
11181  -8.268  -55.697  21.281 1.0000000000
7779  4.334  -60.067  23.764 1.0000000000
114108  -1.270  -58.548  21.828 1.0000000000
8450  -2.933  -59.105  22.127 1.0000000000
10507  -7.999  -56.252  21.870 1.0000000000
8326  5.271  -59.044  31.238 1.0000000000
7767  4.591  -60.327  24.700 1.0000000000
7784  4.323  -60.104  22.210 1.0000000000
8447  3.094  -59.077  21.497 1.0000000000
9802  -6.225  -56.982  22.294 1.0000000000
10506  -6.762  -56.070  22.197 1.0000000000
102399  5.059  -58.521  30.462 1.0000000000
8418  3.582  -60.004  24.565 1.0000000000
109453  0.869  -58.717  21.462 1.0000000000
8958  5.138  -58.004  31.685 1.0000000000
8410  2.788  -59.855  26.182 1.0000000000
8419  2.945  -59.727  25.289 1.0000000000
9081  2.806  -58.626  24.078 1.0000000000
100543  1.094  -59.651  21.393 1.0000000000
10541  -7.619  -55.876  18.258 1.0000000000
11229  -7.392  -54.994  17.887 1.0000000000
9644  5.701  -57.345  31.153 1.0000000000
98062  2.737  -58.530  26.202 1.0000000000
10400  4.055  -56.907  28.512 1.0000000000
9156  -6.602  -58.476  16.788 0.6000000238
9688  5.923  -56.984  29.471 1.0000000000
105619  6.318  -56.921  28.349 1.0000000000
103797  -10.374  -61.980  14.827 0.8000000119
7190  -10.123  -61.588  16.444 0.8999999762
103712  -10.367  -61.870  13.983 0.8000000119
7627  3.619  -59.777  32.425 1.0000000000
9664  1.114  -57.741  29.754 1.0000000000
7624  5.451  -60.480  31.997 1.0000000000
9009  0.325  -57.858  27.590 1.0000000000
9732  -2.142  -57.317  26.424 1.0000000000
9733  -3.065  -57.077  26.248 1.0000000000
99209  -3.630  -56.865  25.964 1.0000000000
10452  -4.528  -56.395  25.106 1.0000000000
8291  5.166  -59.758  32.461 1.0000000000
95173  1.541  -58.323  30.902 1.0000000000
11126  -4.846  -55.830  24.462 1.0000000000
109686  -6.112  -54.967  23.554 0.8999999762
104982  -7.110  -55.044  23.793 0.8000000119
9800  -4.504  -57.372  21.452 1.0000000000
9801  -5.288  -57.188  21.847 1.0000000000
99767  5.090  -59.038  32.127 1.0000000000
11198  -8.413  -55.055  20.736 1.0000000000
8946  5.023  -57.935  32.416 1.0000000000
9097  3.052  -58.592  22.103 1.0000000000
9099  -0.572  -58.424  21.698 1.0000000000
105962  -7.551  -55.560  21.842 1.0000000000
9629  5.710  -57.134  31.933 1.0000000000
11254  -7.004  -54.973  16.826 1.0000000000
105458  6.452  -56.639  32.088 1.0000000000
95389  2.412  -57.343  26.848 1.0000000000
9643  6.921  -57.102  30.957 1.0000000000
9712  3.436  -56.918  28.053 1.0000000000
10365  0.858  -56.089  30.435 1.0000000000
9630  1.658  -57.691  31.382 1.0000000000
94868  0.546  -56.387  29.582 1.0000000000
10401  0.332  -56.687  28.702 1.0000000000
9691  0.088  -56.965  27.809 1.0000000000
9714  -1.110  -57.221  26.731 1.0000000000
11125  -4.019  -55.766  25.106 1.0000000000
8293  3.560  -59.084  32.757 1.0000000000
8948  2.940  -58.554  32.571 1.0000000000
100687  1.866  -57.023  31.886 1.0000000000
9645  1.311  -57.640  30.584 1.0000000000
8937  3.696  -58.416  33.034 1.0000000000
9618  3.143  -57.625  32.823 1.0000000000
10364  1.332  -56.805  31.052 1.0000000000
9665  0.871  -57.157  29.164 1.0000000000
9799  -3.771  -57.574  21.333 1.0000000000
10504  -4.797  -56.637  21.289 1.0000000000
11826  -6.916  -54.204  23.596 0.8000000119
9609  4.011  -57.715  33.228 1.0000000000
98881  3.447  -56.114  32.892 1.0000000000
10337  2.950  -56.673  32.734 1.0000000000
9796  -0.456  -57.333  21.580 1.0000000000
9797  -1.398  -57.186  21.476 1.0000000000
105182  -2.289  -57.328  21.378 1.0000000000
11180  -7.839  -54.947  21.472 1.0000000000
9608  5.019  -56.815  33.038 1.0000000000
11016  4.276  -56.235  33.180 1.0000000000
8429  3.466  -59.290  23.485 1.0000000000
9087  3.014  -58.529  22.951 1.0000000000
107464  -1.091  -57.883  21.632 1.0000000000
9100  -1.754  -58.042  21.673 1.0000000000
9810  -4.032  -56.664  20.814 1.0000000000
10517  -4.451  -56.078  20.701 1.0000000000
11848  -7.470  -54.353  21.653 1.0000000000
11023  4.600  -55.466  33.077 1.0000000000
99960  1.144  -57.792  21.651 1.0000000000
10503  -2.526  -56.480  21.121 1.0000000000
10516  -3.989  -55.984  20.288 1.0000000000
11209  -4.401  -55.373  20.389 1.0000000000
12501  -8.341  -53.537  20.653 1.0000000000
12525  -7.988  -52.939  19.922 1.0000000000
10349  5.608  -56.899  32.518 1.0000000000
11022  5.469  -55.460  33.027 1.0000000000
9088  2.431  -57.936  22.550 1.0000000000
11870  -4.968  -54.735  20.975 1.0000000000
96064  -7.703  -53.522  19.011 1.0000000000
11034  7.079  -55.767  32.108 1.0000000000
9060  2.239  -57.548  25.870 1.0000000000
9072  2.070  -57.781  24.922 1.0000000000
9765  1.665  -56.885  25.270 1.0000000000
9779  1.225  -55.956  23.800 1.0000000000
111568  -5.704  -53.484  15.982 0.8000000119
12575  -6.250  -53.311  16.976 0.8999999762
12533  -6.835  -53.030  17.894 0.8999999762
10348  7.128  -56.365  31.878 1.0000000000
9730  2.509  -56.874  27.119 1.0000000000
9748  2.005  -56.699  25.756 1.0000000000
11047  8.215  -56.150  30.794 1.0000000000
10347  7.676  -55.964  31.471 1.0000000000
10415  3.032  -56.859  27.482 1.0000000000
10432  2.796  -56.737  26.850 1.0000000000
9687  7.454  -57.222  29.222 1.0000000000
10431  3.866  -56.661  26.884 1.0000000000
10379  8.758  -56.921  29.773 1.0000000000
10429  5.988  -56.746  27.241 1.0000000000
98569  4.851  -56.552  26.142 1.0000000000
8510  -8.449  -58.530  15.830 0.6000000238
9710  7.973  -57.546  28.142 1.0000000000
9729  7.184  -57.256  27.320 1.0000000000
9728  8.241  -57.744  26.954 1.0000000000
112615  6.679  -56.927  26.597 1.0000000000
11063  0.325  -55.458  29.977 1.0000000000
10380  0.016  -55.823  29.140 1.0000000000
11084  -0.666  -55.333  28.798 1.0000000000
10403  -0.955  -55.767  28.136 1.0000000000
10350  1.646  -56.203  31.663 1.0000000000
10402  -0.361  -56.251  28.376 1.0000000000
10417  -1.795  -56.521  27.010 1.0000000000
105895  -2.970  -55.906  26.552 1.0000000000
11109  -2.856  -55.303  26.549 1.0000000000
11812  -3.388  -55.136  24.986 1.0000000000
11138  -4.173  -55.275  24.322 1.0000000000
11139  -5.130  -55.195  23.760 1.0000000000
10502  -1.772  -56.342  21.540 1.0000000000
12458  -6.229  -53.318  23.506 0.8000000119
12459  -7.659  -53.340  23.906 0.6999999881
111210  2.828  -55.990  32.610 1.0000000000
11178  -5.833  -55.623  21.722 1.0000000000
11847  -5.827  -54.814  21.647 1.0000000000
11694  4.886  -54.696  32.588 1.0000000000
11695  3.939  -54.946  32.661 1.0000000000
9794  1.126  -56.834  22.102 1.0000000000
97343  -5.848  -53.974  21.757 1.0000000000
11021  6.291  -55.575  32.644 1.0000000000
11707  5.581  -54.364  31.978 1.0000000000
108226  1.602  -57.122  24.854 1.0000000000
9786  1.563  -56.863  23.473 1.0000000000
100915  -2.728  -55.901  20.800 1.0000000000
11208  -3.900  -55.193  19.965 1.0000000000
11880  -4.333  -54.581  20.265 1.0000000000
95039  -7.602  -52.261  19.519 1.0000000000
10466  2.437  -56.199  25.277 1.0000000000
11868  -0.510  -54.334  21.224 1.0000000000
12521  -1.372  -53.602  19.883 1.0000000000
103436  -1.983  -53.034  19.504 1.0000000000
13229  -5.419  -52.840  16.492 0.8999999762
100489  -6.829  -51.686  18.577 0.8999999762
11721  6.927  -54.459  31.061 1.0000000000
10467  1.735  -56.238  25.071 1.0000000000
13209  -6.112  -52.454  17.668 0.8999999762
11720  7.693  -54.847  30.666 1.0000000000
98952  3.743  -56.382  25.228 1.0000000000
11137  2.207  -55.567  24.684 1.0000000000
10399  8.931  -57.214  29.179 1.0000000000
112627  5.443  -56.610  25.666 1.0000000000
10430  4.921  -56.629  27.025 1.0000000000
9685  8.857  -57.480  28.407 1.0000000000
10447  6.040  -56.717  25.186 1.0000000000
10448  4.907  -56.532  25.201 1.0000000000
9727  9.121  -57.708  26.956 1.0000000000
9745  7.992  -57.670  25.949 1.0000000000
9746  6.958  -56.975  25.777 1.0000000000
9744  8.879  -57.888  26.098 1.0000000000
11723  0.247  -54.070  30.767 1.0000000000
11740  -0.848  -54.042  29.616 1.0000000000
11065  -0.960  -54.486  29.091 1.0000000000
11759  -1.648  -54.279  28.093 1.0000000000
12330  2.298  -53.973  31.148 1.0000000000
12331  1.422  -54.022  31.175 1.0000000000
11712  0.851  -54.172  31.089 1.0000000000
11036  0.802  -55.003  30.844 1.0000000000
97834  -2.494  -54.988  27.096 1.0000000000
11791  -2.519  -54.626  26.452 1.0000000000
98493  2.703  -53.663  30.429 1.0000000000
11710  2.117  -54.412  31.586 1.0000000000
11697  1.975  -55.075  31.852 1.0000000000
11822  -2.842  -54.678  24.292 1.0000000000
100259  -4.982  -53.026  23.349 0.8999999762
11709  2.924  -54.321  31.715 1.0000000000
105350  3.187  -55.373  32.578 1.0000000000
11811  -2.671  -54.674  25.347 1.0000000000
12456  -3.295  -54.422  23.594 1.0000000000
10338  2.279  -56.319  32.267 1.0000000000
10501  -0.989  -56.344  21.692 1.0000000000
12475  -6.826  -53.414  21.896 1.0000000000
13826  -6.979  -51.474  24.175 0.6999999881
10499  0.688  -56.267  21.968 1.0000000000
12328  4.199  -53.889  31.131 1.0000000000
13176  -7.734  -51.995  20.479 1.0000000000
12338  5.232  -53.733  30.160 1.0000000000
11722  6.103  -54.214  31.340 1.0000000000
9787  1.318  -56.466  22.970 1.0000000000
10493  1.084  -55.994  22.804 1.0000000000
11193  -0.927  -54.938  21.659 1.0000000000
11879  -3.677  -54.324  19.789 1.0000000000
95804  -4.301  -53.705  20.359 1.0000000000
12524  -4.906  -53.873  21.228 1.0000000000
13186  -7.523  -51.458  19.677 1.0000000000
11739  7.005  -54.327  29.972 1.0000000000
13228  -4.697  -52.318  15.732 0.6000000238
13208  -5.185  -52.094  16.916 0.8000000119
11738  7.722  -54.743  29.699 1.0000000000
105480  -4.024  -51.094  16.056 0.6999999881
11758  8.157  -54.902  28.800 1.0000000000
10480  3.505  -55.885  24.553 1.0000000000
11149  2.136  -55.116  24.031 1.0000000000
13918  -6.963  -50.962  19.060 0.8999999762
11083  9.139  -56.604  29.060 1.0000000000
10465  4.641  -56.309  24.332 1.0000000000
10398  9.354  -57.138  28.462 1.0000000000
10464  6.489  -56.822  24.313 1.0000000000
101454  5.601  -56.609  24.315 1.0000000000
10428  10.100  -56.730  26.955 1.0000000000
9709  8.730  -57.652  27.655 1.0000000000
101050  7.634  -57.398  25.092 1.0000000000
9743  9.730  -57.576  26.159 1.0000000000
9764  6.900  -56.939  24.925 1.0000000000
107711  6.865  -56.874  23.695 1.0000000000
108049  9.517  -57.764  25.294 1.0000000000
105890  8.139  -57.588  24.513 1.0000000000
12363  1.395  -53.519  29.580 1.0000000000
12364  0.401  -53.633  30.118 1.0000000000
101041  -0.257  -53.489  29.295 1.0000000000
11773  -2.027  -54.467  27.324 1.0000000000
100946  -1.541  -54.030  25.046 1.0000000000
12388  2.807  -53.309  28.745 1.0000000000
12410  -1.846  -54.030  26.782 1.0000000000
12445  -2.119  -54.346  24.633 1.0000000000
13128  -3.974  -52.941  23.009 0.8000000119
12340  3.651  -53.652  30.374 1.0000000000
100869  3.169  -49.231  22.226 0.8999999762
13115  -6.076  -52.128  23.627 0.6999999881
101230  4.054  -53.433  29.597 1.0000000000
12329  3.265  -53.932  31.170 1.0000000000
11176  -1.367  -55.619  21.711 1.0000000000
11177  -2.067  -55.718  21.432 1.0000000000
11195  -2.485  -55.189  20.582 1.0000000000
12360  4.900  -53.482  29.472 1.0000000000
12498  -4.990  -53.107  21.361 1.0000000000
12499  -6.191  -52.970  21.845 1.0000000000
111900  5.599  -53.695  29.641 0.8999999762
12327  5.202  -53.897  31.045 1.0000000000
97217  -4.484  -52.781  20.939 1.0000000000
13149  -5.887  -52.238  21.860 1.0000000000
13150  -7.249  -51.924  21.506 1.0000000000
11150  1.621  -55.394  23.862 1.0000000000
110116  0.326  -55.899  21.826 1.0000000000
13875  -7.672  -51.256  20.824 1.0000000000
11158  2.098  -54.915  23.291 1.0000000000
11172  2.001  -54.825  22.373 1.0000000000
13901  -7.420  -50.607  20.417 0.8999999762
12357  7.366  -54.250  28.591 1.0000000000
11867  0.372  -54.261  21.036 1.0000000000
108773  3.943  -55.297  23.143 1.0000000000
11157  3.002  -54.860  23.272 1.0000000000
12519  0.297  -53.334  19.999 1.0000000000
11737  8.767  -55.677  29.079 1.0000000000
10478  5.342  -56.350  23.553 1.0000000000
113005  2.810  -54.413  21.471 1.0000000000
11095  9.975  -56.076  27.401 1.0000000000
11082  9.601  -56.409  28.145 1.0000000000
10463  7.371  -57.114  24.244 1.0000000000
10477  6.159  -56.674  23.596 1.0000000000
96005  6.764  -56.770  23.003 1.0000000000
9725  10.487  -56.989  26.187 1.0000000000
99137  10.420  -57.358  25.403 1.0000000000
9762  10.179  -57.536  24.575 1.0000000000
9763  9.069  -57.789  24.347 1.0000000000
9777  8.165  -57.466  23.804 1.0000000000
10446  10.915  -56.898  25.382 1.0000000000
9775  9.725  -57.537  23.688 1.0000000000
13065  1.939  -52.798  26.341 1.0000000000
13023  1.269  -53.277  28.000 1.0000000000
12389  1.852  -53.420  28.737 1.0000000000
12390  0.840  -53.425  28.987 1.0000000000
12391  -0.627  -53.400  28.575 1.0000000000
13048  -0.877  -53.200  27.141 1.0000000000
12393  -1.660  -53.866  27.750 1.0000000000
12362  2.268  -53.508  29.580 1.0000000000
12392  -1.404  -53.872  28.458 1.0000000000
98492  4.095  -52.820  27.294 0.8999999762
15383  2.247  -49.102  22.107 0.8999999762
15412  0.997  -49.533  21.842 0.8999999762
12455  -2.435  -54.252  23.723 1.0000000000
13114  -4.815  -52.037  23.489 0.8000000119
13062  4.611  -52.545  26.428 0.8999999762
12387  3.709  -53.247  28.850 0.8999999762
15352  3.131  -48.919  23.441 0.8999999762
13094  -7.587  -51.966  24.659 0.6999999881
113440  5.107  -53.067  28.085 0.8999999762
15336  2.495  -49.126  24.675 0.8999999762
102064  1.684  -48.834  24.276 0.8999999762
11194  -1.639  -55.023  21.385 1.0000000000
11878  -2.740  -54.467  19.814 1.0000000000
13803  -6.640  -50.735  24.674 0.6999999881
13019  5.699  -53.148  28.071 0.8999999762
11174  0.469  -55.392  21.778 1.0000000000
13874  -7.095  -51.111  21.956 1.0000000000
13061  7.986  -52.621  26.174 0.8999999762
13175  -5.341  -51.732  21.717 1.0000000000
105269  -7.229  -50.238  21.454 0.8999999762
108671  6.752  -53.556  27.946 1.0000000000
97138  4.752  -55.567  22.663 1.0000000000
13172  -1.648  -52.307  19.453 1.0000000000
14656  -3.643  -50.830  20.905 1.0000000000
13900  -4.363  -51.347  21.267 1.0000000000
12385  8.078  -53.682  27.447 0.8999999762
11844  1.756  -54.587  21.548 1.0000000000
13171  -0.698  -52.441  19.478 1.0000000000
14699  -4.462  -50.484  17.239 0.8999999762
14677  -5.441  -50.079  18.504 0.8999999762
14678  -6.672  -50.229  19.346 0.8999999762
12384  8.491  -54.108  27.726 1.0000000000
10491  5.947  -56.397  22.878 1.0000000000
11171  2.935  -54.667  22.453 1.0000000000
111885  1.477  -53.573  20.221 1.0000000000
104435  1.033  -53.008  19.838 1.0000000000
11757  8.878  -54.727  28.099 1.0000000000
10492  5.248  -56.025  22.939 1.0000000000
11843  3.785  -54.519  21.653 1.0000000000
12494  2.193  -53.718  20.348 1.0000000000
10490  6.635  -56.421  22.253 1.0000000000
11156  5.694  -55.879  22.192 1.0000000000
10489  7.547  -56.847  22.468 1.0000000000
9774  10.680  -57.103  23.910 1.0000000000
9761  10.894  -57.035  24.814 1.0000000000
9785  9.102  -57.303  22.940 1.0000000000
9784  10.042  -57.134  23.008 1.0000000000
111157  1.468  -52.545  25.731 0.8999999762
13064  2.757  -52.697  26.366 0.8999999762
13089  2.307  -52.376  25.473 0.8999999762
104084  2.291  -51.910  24.326 0.8999999762
13109  1.370  -52.195  24.789 0.8999999762
98305  -0.219  -53.038  26.925 1.0000000000
13049  -1.042  -53.272  26.504 1.0000000000
13087  4.013  -52.421  25.788 0.8999999762
13063  3.616  -52.632  26.488 0.8999999762
15410  3.440  -50.484  21.791 0.8999999762
14604  2.426  -50.063  21.701 0.8999999762
13090  0.758  -52.584  25.533 0.8999999762
13067  -0.499  -53.062  26.189 1.0000000000
13093  -1.069  -53.537  24.988 1.0000000000
13044  3.094  -52.900  27.163 0.8999999762
14606  0.353  -50.036  21.800 0.8999999762
12465  -2.305  -53.538  23.152 0.8999999762
13127  -3.142  -52.784  22.860 0.8999999762
94018  4.874  -52.318  25.286 0.8999999762
14589  4.188  -49.946  22.104 0.8999999762
15354  1.164  -48.670  23.344 0.8999999762
12444  -1.621  -53.864  24.014 1.0000000000
15355  0.174  -48.628  23.363 0.8000000119
13043  5.484  -52.811  27.257 0.8999999762
14546  3.522  -49.307  24.518 0.8999999762
15318  2.266  -49.468  25.803 0.8000000119
15337  1.690  -49.124  25.357 0.8000000119
99874  0.882  -48.740  24.692 0.6999999881
94147  5.861  -52.527  26.020 0.8999999762
102414  -2.935  -53.097  19.635 1.0000000000
11869  -1.764  -54.368  20.395 1.0000000000
12522  -2.222  -53.808  19.686 1.0000000000
13173  -2.628  -52.302  19.614 1.0000000000
13898  -2.131  -51.586  19.554 1.0000000000
14657  -7.203  -49.805  20.528 0.8999999762
95313  -0.050  -51.760  19.219 1.0000000000
13897  -1.125  -51.625  19.311 1.0000000000
14637  -6.314  -49.834  22.294 0.8999999762
12406  9.651  -53.035  26.864 0.8999999762
11169  5.022  -55.213  21.907 1.0000000000
12518  1.957  -53.068  19.886 1.0000000000
98044  -5.392  -49.441  18.776 0.8000000119
15477  -6.088  -49.007  19.743 0.8999999762
12405  10.347  -53.547  27.424 1.0000000000
11772  9.478  -54.433  27.731 1.0000000000
12383  9.791  -53.567  27.256 0.8999999762
106743  4.540  -54.752  21.611 1.0000000000
12517  2.837  -53.226  19.914 1.0000000000
13169  1.665  -52.356  19.494 1.0000000000
105504  0.837  -52.161  19.404 1.0000000000
11094  10.313  -55.161  27.384 1.0000000000
11841  5.833  -55.339  21.421 1.0000000000
112997  5.911  -54.847  20.929 1.0000000000
11863  4.580  -54.342  20.925 1.0000000000
11108  10.552  -55.941  26.624 1.0000000000
97984  7.243  -55.758  21.191 1.0000000000
10498  7.330  -56.300  21.713 1.0000000000
11192  6.655  -55.195  20.900 1.0000000000
12491  5.039  -53.834  20.293 1.0000000000
11124  11.073  -56.263  25.675 1.0000000000
11136  11.351  -56.448  25.082 1.0000000000
10497  8.713  -56.478  21.705 1.0000000000
96824  10.665  -56.611  23.096 1.0000000000
10487  9.324  -56.860  22.294 1.0000000000
13088  3.261  -52.413  25.660 0.8999999762
13821  0.889  -51.983  23.647 0.8999999762
93860  4.677  -52.053  24.225 0.8999999762
93983  4.087  -51.872  23.637 0.8999999762
114211  3.549  -51.962  24.265 0.8999999762
13834  2.987  -51.415  22.199 0.8999999762
111090  2.742  -50.962  21.725 0.8999999762
111853  1.803  -50.238  21.618 0.8999999762
13091  0.047  -52.821  25.325 0.8999999762
13092  -0.558  -53.141  25.077 1.0000000000
13112  -0.923  -53.305  23.696 0.8999999762
13124  -0.625  -52.597  22.823 0.8999999762
13125  -1.531  -52.610  22.683 0.8999999762
95884  5.598  -52.121  24.148 0.8999999762
14567  4.127  -49.112  22.968 0.8999999762
108774  -0.254  -50.565  21.967 0.8999999762
13113  -3.867  -51.999  23.217 0.8000000119
13824  -4.423  -51.229  23.680 0.6999999881
14570  -4.831  -50.541  24.200 0.6999999881
14547  2.978  -49.631  25.738 0.8000000119
13839  -2.318  -51.540  22.695 0.8999999762
14571  -5.764  -50.399  24.446 0.6999999881
13108  8.675  -52.071  23.840 0.8999999762
106953  6.978  -52.297  24.085 0.8999999762
94000  8.996  -52.278  24.873 0.8999999762
93984  7.104  -52.560  25.211 0.8999999762
95982  3.268  -49.946  26.765 0.8999999762
14531  1.835  -49.883  27.432 0.8000000119
15302  1.110  -49.524  26.986 0.6999999881
13873  -6.198  -50.638  22.250 1.0000000000
107360  11.061  -51.706  25.459 0.8999999762
93394  10.765  -52.017  25.945 0.8999999762
11842  5.239  -54.809  21.234 1.0000000000
14638  -7.142  -49.735  21.640 0.8999999762
13042  11.448  -51.578  26.485 0.8999999762
100732  -0.591  -50.906  19.051 1.0000000000
14654  -1.637  -50.820  19.527 1.0000000000
99707  -2.537  -50.965  20.063 1.0000000000
13872  -5.035  -50.536  21.933 0.8999999762
13041  11.608  -51.901  26.691 0.8999999762
12492  4.137  -53.842  20.365 1.0000000000
106003  0.717  -51.494  19.056 1.0000000000
14655  -2.895  -50.276  20.684 1.0000000000
11861  6.325  -54.489  20.466 1.0000000000
12515  4.610  -53.287  19.904 1.0000000000
13895  1.408  -51.627  19.125 1.0000000000
102865  11.234  -54.563  27.288 1.0000000000
105242  10.708  -54.365  27.540 1.0000000000
11107  11.318  -55.574  26.139 1.0000000000
10462  11.200  -56.402  24.461 1.0000000000
11135  11.827  -55.937  24.872 1.0000000000
10495  10.287  -55.998  21.829 1.0000000000
11166  8.968  -55.840  21.130 1.0000000000
11190  8.458  -55.307  20.624 1.0000000000
11860  7.175  -54.604  20.344 1.0000000000
11155  10.977  -55.801  22.042 1.0000000000
11165  9.801  -55.631  21.176 1.0000000000
105640  11.494  -55.790  23.346 1.0000000000
10485  11.037  -56.002  22.934 1.0000000000
11189  9.285  -55.184  20.629 1.0000000000
93397  5.147  -51.693  22.933 0.8999999762
98341  5.127  -50.219  22.004 0.8999999762
102054  2.089  -51.398  22.054 0.8999999762
14605  1.162  -50.409  21.652 0.8999999762
13847  0.405  -50.959  21.872 0.8999999762
13838  -1.315  -51.602  22.478 0.8999999762
106964  6.446  -51.731  22.990 0.8999999762
93701  6.110  -51.237  21.989 0.8999999762
14592  -3.097  -50.996  23.163 0.8000000119
93786  7.807  -51.622  22.984 0.8999999762
14569  -3.777  -50.564  23.913 0.6999999881
13818  9.195  -51.272  23.146 0.8999999762
13894  2.210  -51.724  19.180 1.0000000000
14653  -1.011  -50.062  19.403 1.0000000000
108309  -2.189  -50.546  19.999 1.0000000000
12516  3.736  -53.297  19.916 1.0000000000
13896  0.299  -50.954  18.831 1.0000000000
14636  -4.763  -49.949  21.902 0.8999999762
15440  -7.053  -49.192  21.566 0.8999999762
15459  -7.045  -49.256  20.653 0.8999999762
13039  11.562  -52.252  27.446 1.0000000000
13017  12.069  -51.168  26.989 0.8999999762
13040  11.662  -52.184  27.238 0.8999999762
16245  -3.727  -48.309  17.526 0.6999999881
16235  -5.533  -48.268  19.754 0.8999999762
12404  10.901  -53.524  27.534 1.0000000000
12490  5.910  -53.861  20.144 1.0000000000
11770  12.099  -54.517  27.130 1.0000000000
11810  11.995  -55.470  25.954 1.0000000000
11122  12.328  -55.736  25.349 1.0000000000
11164  10.595  -55.384  21.313 1.0000000000
15338  0.413  -48.733  25.526 0.6999999881
13837  -0.349  -51.553  22.270 0.8999999762
93827  8.147  -50.923  22.334 0.8999999762
93400  6.877  -50.907  21.773 0.8999999762
93875  5.370  -49.359  22.803 0.8999999762
93807  4.612  -49.306  24.322 0.8999999762
14590  -0.988  -50.575  22.282 0.8999999762
107011  8.795  -50.226  22.913 0.8999999762
107069  3.928  -49.762  25.690 0.8999999762
14488  2.746  -50.270  28.704 0.6999999881
14509  2.584  -50.151  27.713 0.8000000119
15386  -0.415  -49.522  22.390 0.8000000119
15387  -1.377  -49.588  22.788 0.8000000119
14591  -1.837  -50.600  22.647 0.8000000119
109134  -2.535  -50.579  23.009 0.8000000119
100945  10.431  -49.201  24.967 0.8999999762
106969  10.760  -50.609  23.626 0.8999999762
100392  4.303  -50.385  28.094 0.6999999881
96043  4.361  -50.046  26.865 0.6999999881
14489  1.130  -50.032  28.212 0.6000000238
95326  1.048  -49.102  25.945 0.6999999881
15320  0.386  -49.076  26.465 0.6999999881
104157  -0.120  -48.341  24.542 0.6999999881
15356  -0.766  -48.696  23.422 0.6999999881
16152  -1.765  -47.802  24.745 0.6000000238
14568  -2.941  -50.100  23.654 0.6999999881
14548  -5.111  -49.892  24.686 0.6999999881
105441  11.333  -49.962  24.197 0.8999999762
15268  4.318  -49.548  30.159 0.5000000000
111493  3.008  -50.135  29.271 0.6999999881
15288  0.362  -49.875  28.731 0.6000000238
94790  -0.323  -49.745  28.019 0.6000000238
15339  -0.272  -48.483  25.724 0.6999999881
113271  -0.564  -48.116  24.934 0.6000000238
16164  -3.130  -48.675  24.423 0.6000000238
106683  11.533  -49.743  25.591 0.8999999762
99803  3.691  -50.096  29.600 0.6000000238
14475  2.992  -49.718  29.544 0.6999999881
14476  2.238  -49.974  29.247 0.6999999881
16096  1.507  -48.838  29.388 0.6000000238
15322  -1.303  -48.682  27.098 0.6000000238
110895  -1.876  -48.203  24.137 0.6999999881
15359  -3.450  -49.634  24.303 0.6999999881
13759  10.895  -50.734  26.981 0.8999999762
13777  11.903  -50.768  26.117 0.8999999762
16232  1.728  -48.594  18.735 1.0000000000
15456  -1.442  -49.285  19.942 1.0000000000
15437  -3.663  -49.625  21.486 0.8999999762
13018  11.873  -50.745  26.997 0.8999999762
13893  3.051  -51.799  19.216 1.0000000000
13914  2.729  -51.055  18.816 1.0000000000
13915  1.878  -50.993  18.801 1.0000000000
13916  1.079  -50.976  18.795 1.0000000000
15438  -5.258  -49.101  22.388 0.8999999762
15458  -6.759  -48.641  20.968 0.8999999762
13016  11.915  -51.383  27.496 0.8999999762
13758  11.493  -50.859  27.374 0.8999999762
12513  6.364  -53.140  19.773 1.0000000000
13166  4.254  -52.640  19.568 1.0000000000
13167  3.388  -52.563  19.559 1.0000000000
15457  -2.470  -49.476  20.720 0.8999999762
16197  -3.616  -48.920  21.770 0.8999999762
12382  11.907  -52.300  27.699 1.0000000000
11859  8.026  -54.654  20.248 1.0000000000
12489  6.787  -53.900  20.051 1.0000000000
13913  3.589  -51.135  18.845 1.0000000000
14675  1.434  -50.291  18.684 1.0000000000
16196  -2.001  -48.536  20.752 0.8999999762
12403  11.620  -53.700  27.539 1.0000000000
104531  9.567  -54.514  20.269 1.0000000000
110453  5.423  -52.125  19.362 1.0000000000
13891  4.771  -51.995  19.285 1.0000000000
17017  -4.255  -47.024  18.729 0.6999999881
17012  -4.668  -46.828  19.728 0.8000000119
17018  -5.096  -47.556  19.799 0.8000000119
11788  12.799  -54.872  26.514 1.0000000000
11134  12.520  -55.714  24.594 1.0000000000
11163  11.492  -55.099  21.575 1.0000000000
11840  10.845  -54.672  20.837 1.0000000000
12487  8.472  -53.967  20.017 1.0000000000
12488  7.653  -53.937  20.020 1.0000000000
11809  12.629  -55.411  25.864 1.0000000000
11121  13.076  -55.552  25.066 1.0000000000
12511  8.153  -53.235  19.804 1.0000000000
11133  13.089  -55.564  24.323 1.0000000000
11146  12.629  -55.499  23.857 1.0000000000
12486  9.733  -53.761  20.044 1.0000000000
11857  10.288  -54.276  20.334 1.0000000000
13844  14.827  -51.465  22.288 1.0000000000
94013  8.503  -49.099  25.072 0.8999999762
111762  8.029  -49.605  23.185 0.8999999762
107071  5.952  -49.137  24.104 0.8999999762
107002  5.088  -49.722  25.557 0.8999999762
15358  -2.538  -48.974  23.920 0.6999999881
14505  8.006  -50.071  26.981 0.8999999762
14474  4.439  -50.274  29.749 0.6999999881
14507  5.137  -50.246  27.403 0.8000000119
16136  -1.681  -47.768  25.867 0.6000000238
14527  9.641  -49.394  26.002 0.8999999762
15290  -1.466  -49.239  28.578 0.6000000238
96527  8.669  -50.789  28.126 0.8999999762
14485  8.583  -50.498  27.514 0.8999999762
113913  3.568  -49.430  29.894 0.5000000000
16097  0.417  -48.829  29.386 0.6000000238
15279  -0.088  -49.396  29.213 0.6000000238
94540  -0.430  -49.063  26.989 0.6000000238
100846  10.550  -50.854  27.701 0.8999999762
16219  0.169  -48.416  19.334 1.0000000000
13739  9.550  -51.350  28.808 0.8999999762
14673  3.278  -50.377  18.649 1.0000000000
13757  10.606  -51.507  28.407 0.8999999762
112442  3.653  -49.950  18.592 1.0000000000
14674  2.369  -50.133  18.620 1.0000000000
111126  0.307  -49.253  19.042 1.0000000000
15455  -0.479  -49.236  19.391 1.0000000000
16992  -3.501  -48.083  22.117 0.8999999762
16182  -5.540  -48.205  22.591 0.8999999762
13003  11.480  -51.819  28.528 0.8999999762
16231  2.357  -48.407  18.709 1.0000000000
17011  -1.140  -47.923  20.266 0.8999999762
16198  -6.476  -47.800  21.780 0.8999999762
11839  12.281  -54.509  21.618 1.0000000000
13164  6.961  -52.648  19.586 1.0000000000
13911  5.484  -51.407  19.020 1.0000000000
14671  5.087  -50.526  18.713 1.0000000000
17013  -5.913  -47.367  20.942 0.8000000119
11769  13.019  -54.393  27.351 1.0000000000
11145  13.324  -55.278  23.765 1.0000000000
11162  12.233  -55.162  22.334 1.0000000000
96149  6.084  -51.974  19.318 1.0000000000
95794  13.351  -55.221  25.891 1.0000000000
109124  13.584  -54.669  23.000 1.0000000000
12510  9.060  -53.306  19.833 1.0000000000
13162  8.663  -52.552  19.659 1.0000000000
104219  6.972  -51.962  19.364 1.0000000000
95718  13.916  -55.285  25.202 1.0000000000
11821  13.673  -55.361  24.437 1.0000000000
12485  10.472  -53.475  20.173 1.0000000000
93398  6.560  -49.407  25.303 0.8999999762
14528  7.260  -49.727  26.274 0.8999999762
14506  6.283  -50.201  27.241 0.8999999762
14529  5.688  -49.962  26.491 0.8999999762
13741  7.572  -50.795  28.943 0.8999999762
112339  -0.828  -49.298  29.159 0.6000000238
13740  8.519  -50.991  28.883 0.8999999762
15267  5.228  -49.367  30.443 0.5000000000
16153  -2.570  -47.602  25.040 0.6000000238
13727  8.380  -51.047  29.763 0.8999999762
14465  5.027  -50.172  30.145 0.6999999881
16137  -2.621  -47.519  26.224 0.6000000238
13738  9.963  -51.591  29.379 0.8999999762
15473  3.203  -49.513  18.592 1.0000000000
110254  11.059  -51.816  29.280 0.8999999762
16218  1.156  -48.106  19.046 1.0000000000
16963  -5.280  -47.603  22.720 0.8999999762
13014  12.107  -52.005  28.307 0.8999999762
13889  7.350  -51.173  19.219 1.0000000000
14670  6.021  -50.597  18.776 1.0000000000
15472  4.786  -49.664  18.653 1.0000000000
101957  3.685  -48.834  18.750 1.0000000000
17008  1.507  -47.639  19.434 1.0000000000
16989  0.175  -47.362  20.206 0.8999999762
16991  -1.807  -47.755  20.979 0.8999999762
12402  12.521  -53.767  27.658 1.0000000000
12380  12.892  -53.008  27.851 1.0000000000
12473  12.692  -53.181  21.319 1.0000000000
13148  9.883  -52.968  19.907 1.0000000000
106141  8.426  -51.816  19.503 1.0000000000
13890  6.477  -51.290  19.068 1.0000000000
15471  5.679  -49.803  18.702 1.0000000000
17007  2.385  -47.643  19.379 1.0000000000
16987  2.007  -47.357  20.046 0.8999999762
17782  0.834  -47.077  20.873 0.8999999762
16993  -6.108  -47.131  21.790 0.8999999762
11787  13.730  -54.848  26.814 1.0000000000
11834  13.936  -53.827  22.725 1.0000000000
12484  11.260  -53.310  20.467 1.0000000000
15470  6.425  -49.971  18.794 1.0000000000
105643  9.210  -51.923  19.615 1.0000000000
11820  14.534  -55.033  24.577 1.0000000000
13147  10.748  -52.532  20.118 1.0000000000
13887  9.016  -51.146  19.473 1.0000000000
11836  12.884  -54.597  22.299 1.0000000000
12483  12.018  -53.216  20.907 1.0000000000
13871  10.605  -51.613  19.906 1.0000000000
13122  15.854  -52.502  23.005 1.0000000000
13761  6.060  -50.723  28.911 0.8000000119
100302  6.826  -50.475  27.906 0.8999999762
14486  5.363  -50.518  28.285 0.8999999762
96660  5.749  -50.592  29.845 0.8000000119
14462  8.472  -50.925  30.698 0.8000000119
13728  7.369  -50.800  29.777 0.8000000119
101064  6.031  -49.238  30.758 0.5000000000
100936  9.193  -51.377  29.999 0.8999999762
96523  5.756  -50.035  30.432 0.6000000238
13726  9.991  -51.562  30.373 0.8999999762
17009  0.591  -47.723  19.569 1.0000000000
16990  -0.828  -47.442  20.529 0.8999999762
13736  11.236  -51.890  29.948 0.8999999762
13737  10.549  -51.765  29.765 0.8999999762
16230  3.350  -48.247  18.911 1.0000000000
16961  -1.534  -47.322  21.168 0.8999999762
13013  12.691  -52.262  28.224 0.8999999762
17784  -0.947  -46.979  21.223 0.8999999762
105014  -5.749  -46.866  22.509 0.8999999762
109678  13.310  -53.217  27.883 1.0000000000
13855  13.325  -51.145  21.239 1.0000000000
16217  4.009  -48.314  19.141 1.0000000000
17006  3.343  -47.796  19.396 1.0000000000
17764  -1.915  -46.938  21.883 0.8999999762
106377  14.368  -54.553  27.282 1.0000000000
101718  13.212  -53.776  27.796 1.0000000000
108104  13.608  -52.629  21.816 1.0000000000
98892  13.614  -51.896  21.589 1.0000000000
13888  8.160  -51.126  19.358 1.0000000000
15454  6.354  -49.174  18.999 1.0000000000
16216  4.876  -48.379  19.296 1.0000000000
11807  15.506  -54.832  25.815 1.0000000000
13123  15.305  -53.052  23.000 1.0000000000
13869  12.162  -51.783  20.680 1.0000000000
13146  11.689  -52.505  20.536 1.0000000000
13886  9.854  -51.301  19.630 1.0000000000
14649  8.595  -50.561  19.405 1.0000000000
15453  7.099  -49.741  19.038 1.0000000000
11830  15.088  -54.441  23.904 1.0000000000
12463  15.057  -53.720  23.283 1.0000000000
15451  8.713  -49.739  19.483 1.0000000000
110141  6.937  -50.329  30.638 0.8000000119
14464  6.399  -50.497  30.216 0.6999999881
14452  8.560  -50.606  31.401 0.6999999881
113956  6.354  -49.965  30.681 0.6000000238
98673  7.896  -50.345  31.242 0.8000000119
94509  7.022  -48.951  31.424 0.6000000238
14449  11.780  -50.895  31.875 0.6000000238
13712  9.346  -51.118  31.106 0.6000000238
13711  10.358  -51.349  31.249 0.6000000238
13710  11.253  -51.435  31.341 0.6999999881
13725  10.800  -51.714  30.604 0.8000000119
13724  11.626  -51.773  30.677 0.8000000119
16986  2.888  -47.433  20.084 1.0000000000
17781  1.707  -47.155  20.815 0.8999999762
13000  13.152  -52.045  28.910 0.8999999762
13001  12.373  -52.045  29.074 0.8999999762
16215  5.874  -48.318  19.513 1.0000000000
16229  4.466  -48.912  18.823 1.0000000000
109877  3.798  -47.558  20.259 1.0000000000
17765  -3.201  -47.093  22.535 0.8999999762
11768  13.778  -54.255  27.587 1.0000000000
13038  14.090  -52.324  28.005 1.0000000000
13868  12.609  -51.085  20.840 1.0000000000
14634  12.267  -50.326  20.585 1.0000000000
109442  14.732  -54.869  26.525 1.0000000000
14635  11.592  -50.528  20.264 1.0000000000
17004  5.225  -47.830  19.926 1.0000000000
16984  4.728  -47.604  20.536 1.0000000000
11806  16.239  -54.524  26.186 1.0000000000
15448  10.950  -50.298  19.935 1.0000000000
101953  7.142  -49.047  19.253 1.0000000000
12453  16.369  -54.150  24.323 1.0000000000
13131  15.006  -52.287  22.579 1.0000000000
103731  11.869  -51.082  20.439 1.0000000000
15450  9.672  -49.760  19.654 1.0000000000
12462  15.920  -53.582  23.599 1.0000000000
111517  14.558  -51.920  22.227 1.0000000000
14648  9.269  -50.430  19.514 1.0000000000
14418  10.231  -50.093  33.166 0.5000000000
14437  9.518  -50.261  32.590 0.6000000238
14438  8.710  -49.987  32.362 0.4000000060
14451  9.941  -50.839  31.893 0.6000000238
13709  12.125  -51.412  31.300 0.6999999881
93405  3.808  -46.858  23.924 0.8999999762
18479  2.279  -45.994  24.545 0.8999999762
18480  1.307  -45.831  24.204 0.8999999762
13723  12.436  -51.769  30.608 0.6999999881
13735  13.912  -51.804  29.124 0.6999999881
109391  13.415  -51.879  29.733 0.6999999881
106889  3.091  -47.138  23.148 1.0000000000
93964  2.832  -46.633  23.972 0.8999999762
108492  2.970  -47.330  22.260 0.8999999762
17761  1.467  -46.932  21.654 0.8999999762
17762  0.567  -46.746  21.630 0.8999999762
17740  -0.645  -46.309  22.359 0.8999999762
17742  -3.122  -46.583  22.854 0.8999999762
13754  14.355  -51.610  28.322 0.6999999881
13755  13.756  -51.992  28.396 0.8999999762
12988  12.738  -51.968  29.840 0.8000000119
16983  6.417  -47.433  20.764 1.0000000000
106983  5.211  -47.403  21.514 1.0000000000
106890  4.233  -47.487  21.233 1.0000000000
93754  3.658  -47.431  21.868 1.0000000000
93891  2.941  -47.364  21.457 1.0000000000
11766  16.256  -54.173  27.003 1.0000000000
12400  15.227  -53.716  27.659 1.0000000000
14619  13.816  -50.518  21.387 1.0000000000
15426  13.770  -49.637  21.125 1.0000000000
113251  12.184  -49.763  20.520 1.0000000000
17003  6.599  -47.748  20.040 1.0000000000
11785  16.865  -54.090  26.477 1.0000000000
16213  7.642  -48.533  19.595 1.0000000000
93989  5.606  -47.508  20.717 1.0000000000
112706  13.874  -51.180  21.619 1.0000000000
15449  10.407  -49.804  19.817 1.0000000000
16211  9.326  -48.966  19.795 1.0000000000
17000  9.003  -48.169  20.182 1.0000000000
13843  15.647  -51.544  22.663 1.0000000000
13121  16.714  -52.651  23.442 1.0000000000
13832  16.327  -51.894  23.002 1.0000000000
13842  16.381  -51.136  22.869 1.0000000000
14417  11.004  -50.164  33.083 0.4000000060
14448  12.630  -50.747  31.691 0.6000000238
14435  11.405  -50.493  32.461 0.6000000238
13708  12.955  -51.343  31.123 0.6000000238
101162  3.129  -45.947  24.886 0.8999999762
18469  0.837  -45.365  24.983 0.8999999762
13734  14.546  -51.398  29.289 0.6999999881
13721  14.682  -51.135  29.994 0.6999999881
18470  -0.116  -45.250  24.684 0.8999999762
13753  15.227  -51.034  27.730 0.6999999881
110102  4.533  -46.318  24.594 1.0000000000
18498  0.774  -46.149  23.236 0.8999999762
18499  -0.141  -45.965  23.094 0.8999999762
99151  15.673  -51.923  27.834 0.6999999881
93407  5.950  -46.384  24.439 1.0000000000
93796  5.851  -47.254  22.744 1.0000000000
93791  4.737  -47.354  22.557 1.0000000000
93728  3.823  -47.335  22.974 1.0000000000
17739  0.249  -46.371  22.363 0.8999999762
13035  17.340  -52.749  27.710 0.8000000119
15434  12.761  -49.544  20.718 1.0000000000
102767  8.706  -47.620  20.744 1.0000000000
17738  1.161  -46.600  22.483 0.8999999762
17741  -1.648  -46.417  22.456 0.8999999762
12442  17.434  -54.015  25.808 1.0000000000
103906  14.310  -50.048  21.578 1.0000000000
108608  11.985  -49.278  20.456 1.0000000000
16195  9.862  -48.292  20.250 1.0000000000
16210  10.206  -49.099  19.912 1.0000000000
17002  7.393  -47.823  20.002 1.0000000000
99676  18.057  -53.735  25.447 1.0000000000
14618  14.442  -50.773  21.904 1.0000000000
16194  10.754  -48.416  20.320 1.0000000000
16982  7.200  -47.438  20.730 1.0000000000
12451  18.223  -53.310  24.566 1.0000000000
113053  17.966  -52.783  23.955 1.0000000000
13106  17.503  -53.108  23.951 1.0000000000
14586  18.378  -50.883  23.329 1.0000000000
14602  15.593  -50.108  22.453 1.0000000000
14588  17.010  -50.756  23.069 1.0000000000
105236  16.576  -49.346  22.816 1.0000000000
14447  13.520  -50.595  31.348 0.4000000060
13733  15.081  -50.902  29.321 0.5000000000
14484  15.552  -50.550  28.382 0.6999999881
112035  15.690  -51.075  27.659 0.6999999881
107025  5.612  -47.026  23.631 1.0000000000
16190  14.184  -48.794  21.242 1.0000000000
16191  13.397  -48.756  20.892 1.0000000000
16980  9.522  -47.585  20.804 1.0000000000
93841  6.160  -47.298  21.671 1.0000000000
13086  18.836  -53.023  24.887 1.0000000000
16979  10.399  -47.565  20.776 1.0000000000
108350  8.491  -47.296  21.432 1.0000000000
15424  15.173  -49.181  21.974 1.0000000000
13105  18.491  -52.505  24.054 1.0000000000
13119  18.219  -51.719  23.534 1.0000000000
15409  15.490  -49.534  22.284 1.0000000000
16193  11.641  -48.492  20.441 1.0000000000
14446  14.188  -50.124  31.192 0.4000000060
14459  16.081  -50.063  29.332 0.5000000000
93933  2.840  -44.616  25.577 0.8000000119
18456  2.394  -44.978  25.644 0.8999999762
18467  5.338  -45.399  25.036 1.0000000000
97775  4.674  -45.597  25.082 0.8999999762
93401  3.130  -45.037  25.577 0.8999999762
93923  2.818  -45.403  25.325 0.8999999762
111789  17.413  -50.147  27.852 0.6000000238
13752  16.026  -50.590  27.747 0.6999999881
19259  5.898  -45.106  24.647 1.0000000000
13773  18.672  -51.860  27.806 0.8000000119
13775  16.569  -51.745  27.831 0.6999999881
19258  6.821  -45.484  24.311 1.0000000000
107436  7.374  -45.980  24.245 1.0000000000
17722  6.792  -46.086  24.446 1.0000000000
13060  19.601  -52.794  26.480 0.8999999762
12424  18.739  -53.069  26.915 0.8000000119
98702  14.555  -48.193  21.401 1.0000000000
19272  7.982  -44.818  22.745 1.0000000000
97831  7.884  -46.175  23.797 1.0000000000
17736  7.307  -46.495  23.956 1.0000000000
13085  19.310  -53.028  25.629 1.0000000000
12441  18.632  -53.402  25.591 1.0000000000
16976  13.072  -47.832  20.875 1.0000000000
17759  8.722  -46.904  22.453 1.0000000000
13104  19.352  -52.547  24.684 1.0000000000
16181  14.826  -48.716  21.647 1.0000000000
17777  9.171  -47.190  21.600 1.0000000000
14585  19.072  -50.293  23.441 1.0000000000
16180  15.926  -48.879  22.365 1.0000000000
16978  11.300  -47.626  20.707 1.0000000000
14587  17.629  -50.497  23.172 1.0000000000
14600  17.154  -49.903  23.113 1.0000000000
16177  16.802  -48.550  22.754 1.0000000000
15407  17.408  -49.062  23.095 1.0000000000
16065  15.183  -49.180  30.936 0.4000000060
15275  16.675  -49.613  29.139 0.5000000000
14483  16.305  -50.027  28.324 0.6000000238
94044  3.995  -44.491  24.796 0.8000000119
101449  18.241  -50.028  27.871 0.6000000238
93975  4.481  -45.158  25.231 0.8999999762
13772  19.577  -51.758  27.568 0.6999999881
13034  20.032  -52.191  26.960 0.6999999881
19270  9.791  -45.264  22.632 1.0000000000
13084  20.129  -52.468  25.523 0.8000000119
101821  15.153  -48.035  21.714 1.0000000000
16975  13.942  -47.983  21.086 1.0000000000
16959  12.664  -46.835  21.098 1.0000000000
18494  9.996  -45.964  22.741 1.0000000000
18495  9.165  -45.802  22.936 1.0000000000
17734  9.351  -46.380  22.724 1.0000000000
13817  20.635  -51.822  25.064 0.8999999762
13828  19.620  -51.054  23.830 1.0000000000
17775  11.799  -46.791  21.291 1.0000000000
16960  10.054  -47.003  21.786 1.0000000000
17758  9.497  -46.805  22.342 1.0000000000
99118  20.110  -50.377  23.650 0.8999999762
104179  15.806  -48.072  22.122 1.0000000000
99925  19.714  -49.620  23.274 1.0000000000
96585  18.862  -49.438  23.309 1.0000000000
16179  16.383  -48.150  22.452 1.0000000000
16955  16.420  -47.437  22.340 1.0000000000
15406  18.366  -48.743  23.134 1.0000000000
15263  17.012  -49.054  29.685 0.5000000000
16108  17.960  -48.815  28.443 0.5000000000
20054  5.253  -44.319  23.601 0.8999999762
100828  19.326  -50.181  27.876 0.6999999881
15299  18.089  -49.152  28.020 0.6000000238
15300  17.421  -49.463  28.108 0.6000000238
19273  7.164  -44.828  23.350 1.0000000000
109919  3.655  -43.450  24.326 0.8000000119
99291  20.567  -50.903  27.471 0.6999999881
19289  9.506  -44.434  22.173 1.0000000000
19271  8.933  -45.032  22.772 1.0000000000
93969  3.416  -42.373  24.081 0.6999999881
13771  20.381  -51.536  27.267 0.6999999881
17753  14.246  -46.103  21.493 1.0000000000
94795  12.905  -45.429  21.603 1.0000000000
17755  12.301  -46.065  21.598 1.0000000000
112049  21.358  -51.400  25.731 0.6999999881
17754  13.560  -45.747  21.441 1.0000000000
14565  21.525  -50.741  24.630 0.8000000119
17752  15.023  -46.194  21.701 1.0000000000
17733  10.084  -46.419  22.517 1.0000000000
14584  21.081  -50.307  23.886 0.8000000119
16957  14.617  -47.269  21.492 1.0000000000
109118  12.990  -46.109  21.356 1.0000000000
17757  10.660  -46.435  22.302 1.0000000000
16949  17.922  -47.505  22.592 1.0000000000
97509  15.774  -45.077  21.734 1.0000000000
16175  19.066  -48.109  22.809 1.0000000000
16092  17.696  -48.682  29.513 0.4000000060
15298  19.724  -49.335  27.830 0.6999999881
16106  18.915  -48.006  27.916 0.5000000000
110379  4.393  -43.911  23.880 0.8000000119
14501  20.966  -50.316  27.361 0.6999999881
14525  22.321  -49.905  26.272 0.6999999881
14526  21.120  -51.105  26.929 0.6999999881
97638  14.348  -44.688  21.481 1.0000000000
94144  12.304  -45.098  22.019 1.0000000000
20061  6.489  -44.173  22.543 1.0000000000
15335  22.727  -49.572  25.597 0.6999999881
13816  21.201  -51.377  25.187 0.8000000119
14583  21.919  -50.065  24.165 0.6999999881
111675  15.252  -45.429  21.757 1.0000000000
15378  22.262  -49.384  23.840 0.6999999881
112860  16.325  -45.749  21.865 1.0000000000
15380  20.672  -49.685  23.342 0.8999999762
15381  19.370  -48.833  23.054 1.0000000000
17732  17.325  -46.866  22.349 1.0000000000
17751  17.962  -46.130  21.915 1.0000000000
17731  18.366  -46.794  22.318 1.0000000000
17750  18.891  -46.223  21.798 1.0000000000
16883  18.744  -47.609  29.891 0.4000000060
16896  18.907  -47.852  28.691 0.5000000000
16118  19.098  -48.352  27.797 0.6000000238
93409  3.051  -42.963  24.932 0.6999999881
15317  21.939  -49.298  26.815 0.6999999881
16117  20.124  -48.500  27.706 0.6999999881
20062  5.671  -43.718  22.524 0.8000000119
20063  4.814  -43.335  22.978 0.8000000119
20889  4.079  -42.855  23.469 0.6999999881
103751  11.091  -44.933  22.368 1.0000000000
21801  4.666  -41.316  22.239 0.6999999881
109517  14.080  -45.344  21.494 1.0000000000
16167  22.528  -48.674  23.566 0.6999999881
16172  21.868  -48.302  22.947 0.6999999881
97112  15.032  -44.766  21.628 1.0000000000
16945  21.440  -47.664  22.377 0.6999999881
16174  19.971  -48.265  22.635 0.8999999762
16946  20.545  -47.668  22.258 0.8999999762
16954  20.202  -46.983  21.915 1.0000000000
18511  19.434  -45.656  21.283 0.8999999762
18512  18.506  -45.550  21.383 1.0000000000
18513  17.561  -45.420  21.511 1.0000000000
19281  17.070  -44.734  21.179 1.0000000000
17730  19.271  -46.880  22.109 1.0000000000
19280  18.082  -44.896  20.976 1.0000000000
16882  19.391  -47.252  29.490 0.4000000060
17664  20.354  -46.150  29.539 0.4000000060
111257  20.824  -47.131  27.556 0.6000000238
16908  19.600  -47.787  27.776 0.6000000238
100098  11.007  -44.093  22.013 1.0000000000
20060  7.209  -44.125  22.242 1.0000000000
93412  2.739  -41.860  24.733 0.6999999881
17686  21.364  -46.797  27.377 0.6999999881
16916  22.583  -47.453  26.423 0.6999999881
19286  12.817  -44.457  21.684 1.0000000000
19287  11.876  -44.597  22.072 1.0000000000
19291  7.882  -43.964  22.009 1.0000000000
20900  4.519  -42.265  22.670 0.6999999881
20901  3.813  -41.822  23.355 0.6999999881
16162  22.835  -49.005  24.238 0.6999999881
17703  23.415  -47.120  25.010 0.6999999881
20080  5.757  -42.788  21.954 0.8000000119
16940  23.317  -47.429  23.713 0.6999999881
111808  14.822  -44.287  21.316 1.0000000000
16941  22.751  -47.874  23.275 0.6999999881
19283  15.368  -44.343  21.314 1.0000000000
20071  15.016  -43.736  20.977 1.0000000000
20074  13.300  -43.512  21.449 1.0000000000
16944  22.292  -47.446  22.610 0.6999999881
19306  16.526  -44.134  20.779 1.0000000000
17729  21.098  -47.025  21.991 0.8000000119
17748  20.802  -46.258  21.591 0.8000000119
102784  20.239  -45.731  21.304 0.8000000119
19305  17.573  -44.267  20.599 1.0000000000
17672  21.439  -46.339  27.728 0.4000000060
19290  8.609  -44.225  22.084 1.0000000000
101967  7.416  -43.351  21.657 0.8999999762
94199  22.570  -45.732  26.798 0.6000000238
20076  10.090  -43.764  21.815 0.8999999762
17704  23.156  -46.448  25.552 0.6000000238
20918  7.911  -42.455  21.422 0.8000000119
17715  23.546  -46.920  24.220 0.6999999881
18455  23.310  -45.658  25.215 0.6000000238
17721  23.022  -47.042  22.998 0.6999999881
19284  14.382  -44.019  21.273 1.0000000000
105053  7.332  -41.714  21.388 0.8000000119
17727  22.531  -46.553  22.344 0.6999999881
18492  22.229  -45.725  21.938 0.6999999881
18509  21.725  -45.324  21.568 0.6999999881
20073  14.168  -43.463  21.194 1.0000000000
20072  14.631  -43.394  20.954 1.0000000000
17728  21.680  -46.409  21.909 0.6999999881
18510  20.995  -45.355  21.313 0.6999999881
113757  20.273  -44.257  20.825 0.8000000119
19303  19.543  -44.312  20.670 0.8999999762
20093  19.131  -43.610  20.368 0.8999999762
20094  18.156  -43.664  20.170 1.0000000000
106340  17.052  -43.703  20.178 1.0000000000
19304  18.620  -44.297  20.560 1.0000000000
20075  11.703  -43.577  21.749 0.8999999762
101266  9.778  -42.808  21.492 0.8999999762
20917  8.849  -42.663  21.465 0.8999999762
18451  22.868  -45.914  26.021 0.5000000000
95045  12.447  -43.892  21.713 1.0000000000
20916  10.833  -42.993  21.582 0.8999999762
19245  23.609  -44.997  24.523 0.5000000000
100002  12.452  -43.080  21.548 0.8999999762
17726  23.218  -46.230  22.871 0.6000000238
18491  22.904  -45.201  22.153 0.6000000238
20914  14.475  -42.865  20.818 1.0000000000
95120  15.500  -42.982  20.264 1.0000000000
19278  21.652  -44.744  21.370 0.6000000238
94935  20.915  -44.501  21.102 0.6999999881
110648  19.989  -43.656  20.576 0.8000000119
20935  18.731  -42.900  20.049 0.8000000119
20113  17.695  -43.067  19.776 1.0000000000
20095  16.538  -43.160  19.877 1.0000000000
20915  13.966  -42.777  21.097 0.8999999762
21816  11.309  -42.045  21.360 0.8999999762
103236  9.490  -41.901  21.387 0.8000000119
105852  13.186  -42.517  21.281 0.8999999762
19267  23.374  -44.732  22.550 0.6000000238
20898  22.866  -42.200  22.163 0.5000000000
20059  23.314  -43.895  22.149 0.6000000238
20068  22.615  -43.782  21.553 0.5000000000
20956  16.112  -42.665  19.579 1.0000000000
20936  14.869  -42.551  20.312 0.8999999762
19277  22.245  -44.374  21.522 0.6000000238
20069  21.701  -43.907  21.194 0.6000000238
20092  20.462  -43.021  20.621 0.6000000238
20954  18.418  -42.176  19.585 0.6000000238
20955  17.243  -42.560  19.416 1.0000000000
21846  17.803  -41.776  19.111 0.6000000238
21847  16.818  -42.076  19.014 0.8000000119
102267  10.379  -42.018  21.368 0.8999999762
21818  10.067  -41.159  21.384 0.8000000119
21833  13.846  -41.995  20.925 0.8999999762
21815  13.070  -41.599  21.128 0.8999999762
20937  14.535  -42.284  20.463 0.8999999762
21832  14.409  -41.544  20.318 0.8999999762
98668  15.803  -42.086  19.197 0.8000000119
21848  15.033  -41.685  19.704 0.8000000119
21849  14.559  -41.134  20.108 0.8000000119
104932  21.277  -43.094  20.991 0.6000000238
20933  20.118  -42.257  20.412 0.5000000000
21872  18.065  -41.102  18.881 0.4000000060
22794  16.236  -40.809  18.184 0.4000000060
21874  16.529  -41.455  18.615 0.6999999881
22734  12.000  -41.159  21.263 0.8999999762
22735  11.272  -40.394  21.205 0.8000000119
96101  13.762  -41.150  20.749 0.8999999762
22773  14.919  -40.905  19.508 0.5000000000
22759  12.219  -40.201  20.959 0.8000000119
112764  13.036  -39.960  20.724 0.8000000119
23719  12.577  -39.377  20.595 0.8000000119
22796  14.635  -40.230  19.090 0.5000000000
5726  -6.294  -63.773  37.249 1.0000000000
3084  -6.805  -69.466  37.494 1.0000000000
5727  -6.552  -62.719  37.761 1.0000000000
68  1.615  -81.368  30.442 0.6000000238
154  -0.604  -80.112  29.204 0.6999999881
2228  -8.183  -70.988  31.987 1.0000000000
2215  -7.033  -71.680  35.697 1.0000000000
1439  -5.416  -73.384  36.512 1.0000000000
1187  -4.444  -75.368  30.007 1.0000000000
1193  -3.918  -75.590  29.022 1.0000000000
706  -2.420  -75.933  28.695 1.0000000000
910  -4.342  -75.899  30.059 1.0000000000
106563  2.308  -74.987  28.857 1.0000000000
913  1.579  -74.942  29.155 1.0000000000
102531  3.566  -77.518  26.322 0.8999999762
3617  -4.621  -67.841  34.433 1.0000000000
1214  -0.665  -74.586  27.080 1.0000000000
1213  0.601  -73.304  27.574 1.0000000000
718  4.273  -75.237  26.281 0.8999999762
99657  4.073  -76.153  26.345 0.8999999762
98189  5.283  -78.256  24.460 0.8999999762
100763  -2.114  -72.481  21.654 0.8999999762
12  2.408  -82.593  30.324 0.6000000238
726  4.626  -76.010  25.774 0.8999999762
549  4.884  -76.782  25.336 0.8999999762
272  6.176  -79.420  23.306 0.6999999881
3632  -1.388  -67.792  34.764 1.0000000000
2784  -0.819  -69.828  21.982 0.8999999762
2828  -6.578  -71.278  15.016 0.8000000119
1533  2.504  -71.999  26.904 1.0000000000
292  3.211  -80.093  18.868 0.6000000238
5223  -2.324  -64.453  35.501 1.0000000000
1909  -2.285  -72.278  25.030 1.0000000000
2856  -6.510  -70.738  14.260 0.8999999762
2300  2.409  -70.341  25.564 0.8999999762
2311  3.497  -70.470  24.441 0.8999999762
3219  1.582  -68.197  28.956 1.0000000000
4181  0.671  -65.784  26.534 1.0000000000
3911  -8.556  -68.996  11.543 0.6999999881
5806  -3.432  -64.165  31.560 1.0000000000
98531  -9.031  -68.485  11.254 0.6999999881
5270  -0.337  -64.343  31.531 1.0000000000
5253  4.172  -64.090  33.219 1.0000000000
4158  5.925  -66.477  28.948 1.0000000000
4721  6.168  -66.134  27.575 1.0000000000
114026  -5.658  -67.911  29.272 1.0000000000
4797  2.570  -65.328  22.420 1.0000000000
4692  5.872  -65.277  31.482 1.0000000000
5890  -4.834  -63.425  26.021 1.0000000000
3236  -6.824  -68.003  28.116 1.0000000000
101865  -7.366  -65.206  16.854 1.0000000000
109803  -6.537  -60.571  24.376 1.0000000000
5817  4.776  -63.052  30.785 1.0000000000
6414  2.019  -62.941  28.830 1.0000000000
114168  -3.611  -62.834  19.254 1.0000000000
6535  -4.768  -62.983  19.770 1.0000000000
6400  4.684  -62.805  30.723 1.0000000000
6412  7.520  -62.483  29.731 1.0000000000
9769  -7.912  -57.211  24.273 0.8999999762
9114  -7.058  -58.740  19.227 1.0000000000
8971  5.027  -57.899  30.858 1.0000000000
5956  -9.179  -64.151  19.277 1.0000000000
111580  6.540  -60.820  29.097 1.0000000000
7679  6.215  -60.428  29.448 1.0000000000
7128  2.258  -60.724  20.862 1.0000000000
9071  2.705  -58.739  25.005 1.0000000000
11142  -8.094  -55.148  24.527 0.8000000119
11827  -7.896  -54.217  24.107 0.8000000119
106035  4.846  -58.944  32.602 1.0000000000
10327  4.398  -56.993  33.147 1.0000000000
9642  7.885  -57.082  30.602 1.0000000000
8959  2.326  -58.770  31.893 1.0000000000
10451  -3.884  -56.348  25.725 1.0000000000
9793  1.800  -57.537  22.110 1.0000000000
12337  6.049  -53.962  30.364 1.0000000000
10412  9.766  -56.987  27.711 1.0000000000
104246  6.792  -53.069  27.214 0.8999999762
12358  6.321  -53.887  29.275 1.0000000000
11173  1.260  -55.173  22.063 1.0000000000
11845  0.833  -54.759  21.493 1.0000000000
13022  2.356  -53.173  27.798 1.0000000000
13024  0.210  -53.250  28.321 1.0000000000
13174  -3.722  -52.347  20.340 1.0000000000
99181  1.080  -52.815  26.375 1.0000000000
13801  3.904  -52.167  24.859 0.8999999762
13825  -5.747  -51.090  23.835 0.6999999881
113459  10.745  -54.767  27.350 1.0000000000
10474  11.097  -56.238  23.725 1.0000000000
13802  3.076  -52.113  24.746 0.8999999762
97677  2.256  -51.696  22.999 0.8999999762
13820  1.615  -51.840  23.819 0.8999999762
102383  -6.929  -50.527  25.460 0.6000000238
106972  12.120  -50.678  25.083 0.8999999762
106963  5.138  -51.233  21.925 0.8999999762
13822  0.157  -52.347  23.175 0.8999999762
12514  5.450  -53.248  19.857 1.0000000000
14508  3.422  -50.286  27.853 0.8000000119
16095  2.566  -48.445  29.413 0.5000000000
13015  11.440  -51.834  27.947 0.8999999762
11153  12.837  -55.219  23.032 1.0000000000
15357  -1.652  -48.773  23.562 0.6999999881
15278  1.627  -49.602  29.296 0.6000000238
13756  10.694  -51.717  28.907 0.8999999762
17010  -0.356  -47.807  19.844 0.8999999762
112518  14.077  -55.082  25.974 1.0000000000
11838  12.837  -53.906  21.736 1.0000000000
13742  6.658  -50.726  29.368 0.8000000119
98247  9.014  -50.506  31.897 0.6000000238
16985  3.331  -47.418  20.911 1.0000000000
15240  8.912  -49.700  32.775 0.5000000000
13036  16.361  -52.813  27.798 1.0000000000
109145  16.746  -54.332  25.735 1.0000000000
13107  16.856  -53.648  24.084 1.0000000000
15435  11.690  -49.917  20.312 1.0000000000
14436  10.500  -50.513  32.527 0.5000000000
13722  13.646  -51.256  30.805 0.5000000000
15425  14.536  -49.391  21.582 1.0000000000
13120  17.621  -52.225  23.562 1.0000000000
13830  17.611  -51.278  23.271 1.0000000000
104274  15.818  -50.734  22.621 1.0000000000
14461  14.316  -50.791  30.679 0.5000000000
18478  5.356  -46.005  24.902 1.0000000000
94531  6.477  -46.801  23.880 1.0000000000
15382  18.083  -49.782  23.311 1.0000000000
15265  15.633  -49.895  30.266 0.5000000000
105949  20.341  -52.289  26.321 0.8000000119
15264  16.387  -49.471  29.983 0.5000000000
16079  17.320  -48.470  30.131 0.4000000060
113538  21.551  -50.897  26.516 0.6999999881
14500  21.642  -50.298  26.797 0.6999999881
94015  3.154  -41.208  23.994 0.6999999881
113392  11.133  -45.910  22.441 1.0000000000
16870  19.061  -46.869  30.253 0.4000000060
16907  20.507  -47.713  27.554 0.6999999881
16151  23.022  -48.792  25.462 0.6999999881
17650  19.222  -45.992  30.375 0.4000000060
20920  6.264  -42.555  21.588 0.8000000119
111303  21.852  -47.051  22.174 0.6999999881
95315  20.076  -44.989  21.018 0.8999999762
19279  19.065  -45.004  20.851 0.8999999762
20077  9.150  -43.563  21.688 0.8999999762
107779  9.270  -41.030  21.443 0.8000000119
103899  19.628  -42.918  20.327 0.6000000238
108459  10.528  -40.545  21.352 0.8000000119
20912  21.604  -42.391  21.145 0.5000000000
248  -0.052  -80.001  28.100 0.8999999762
3066  -6.593  -68.692  38.926 0.8999999762
5715  -6.519  -63.680  38.205 1.0000000000
2186  -5.781  -71.115  37.963 1.0000000000
81  -1.571  -81.174  27.755 0.6999999881
2385  -3.745  -71.413  16.514 0.8000000119
8  2.877  -82.287  31.990 0.5000000000
0  4.241  -82.491  31.536 0.5000000000
1006  -0.841  -75.058  21.109 0.8999999762
1289  -0.013  -74.466  21.164 0.8999999762
2423  -3.996  -70.657  15.482 0.8000000119
18  3.025  -82.731  29.749 0.6999999881
189  6.292  -79.393  20.296 0.5000000000
1302  0.572  -73.897  20.421 0.6999999881
1972  2.526  -72.720  20.557 0.6999999881
183  6.504  -81.027  22.402 0.5000000000
1287  2.954  -73.492  20.736 0.6999999881
291  2.425  -79.418  19.617 0.6999999881
3375  -3.163  -68.966  14.062 0.6999999881
1301  4.062  -73.106  19.927 0.6999999881
1017  3.868  -74.253  20.043 0.6999999881
799  4.056  -75.622  19.181 0.6000000238
295  3.062  -80.045  17.395 0.5000000000
105548  3.898  -76.355  18.735 0.5000000000
4782  1.391  -65.391  23.685 1.0000000000
103862  -4.623  -64.063  27.622 1.0000000000
5836  1.785  -63.294  29.323 1.0000000000
103322  -10.379  -64.091  10.301 0.5000000000
97373  -7.409  -60.270  24.374 1.0000000000
99322  -6.320  -59.588  24.189 1.0000000000
9075  -6.583  -58.454  24.140 0.8999999762
8468  -6.173  -58.542  17.831 0.8999999762
9855  -6.160  -57.532  16.574 0.6999999881
8485  -6.342  -58.893  17.642 0.6999999881
10560  -6.742  -56.107  16.887 0.8999999762
6987  3.224  -61.147  31.219 1.0000000000
8498  -7.748  -58.843  16.661 0.6000000238
8499  -8.905  -59.311  16.585 0.6000000238
7834  -9.053  -60.012  17.680 0.8999999762
7835  -9.793  -60.953  17.311 0.8999999762
7864  -10.038  -60.137  15.529 0.8000000119
7213  -10.234  -61.098  14.348 0.6999999881
13940  -5.854  -51.606  17.966 0.8999999762
112936  -3.096  -53.836  19.590 1.0000000000
12523  -3.699  -53.394  19.940 1.0000000000
13917  -5.660  -50.826  18.260 0.8999999762
13939  -4.874  -51.362  17.165 0.8000000119
14698  -3.918  -49.761  16.793 0.6999999881
16234  -4.662  -48.829  18.449 0.8000000119
104568  -4.310  -48.003  18.718 0.6999999881
93845  4.097  -51.454  22.277 0.8999999762
13836  0.553  -51.698  22.440 0.8999999762
17041  -3.249  -48.014  16.964 0.6999999881
93396  6.270  -50.244  22.071 0.8999999762
17027  -3.612  -47.549  17.907 0.6999999881
15291  -2.219  -48.694  28.185 0.6000000238
16120  -2.070  -48.261  27.250 0.6000000238
16138  -3.398  -47.243  26.357 0.6000000238
15256  7.447  -49.652  31.453 0.6999999881
17766  -4.628  -46.782  22.873 0.8999999762
19246  1.348  -44.881  25.624 0.8999999762
19247  0.335  -44.845  25.396 0.8999999762
19248  -0.566  -44.592  25.122 0.8000000119
19237  0.651  -44.259  25.683 0.8000000119
19236  2.064  -44.338  25.708 0.8000000119
93404  2.574  -43.659  25.474 0.8000000119
107043  1.673  -42.325  25.555 0.6999999881
93745  1.133  -40.549  24.869 0.6999999881
16894  20.232  -47.149  27.960 0.6000000238
17673  20.663  -46.478  28.661 0.4000000060
17685  22.028  -46.282  27.253 0.4000000060
21819  8.672  -41.741  21.403 0.8000000119
104737  8.495  -40.905  21.459 0.8000000119
18490  23.344  -45.474  22.780 0.6000000238
19257  23.682  -45.055  23.485 0.6000000238
107420  14.093  -39.763  20.224 0.8000000119
7616  -8.661  -60.390  33.516 1.0000000000
7617  -9.253  -60.548  32.776 1.0000000000
1625  1.289  -73.321  20.435 0.6999999881
1608  3.086  -72.567  20.490 0.6999999881
10559  -6.286  -56.605  16.329 0.6999999881
9157  -7.499  -58.139  15.918 0.6000000238
7863  -9.654  -59.661  16.042 0.6999999881
19238  -0.133  -44.110  25.681 0.8000000119
20042  -2.024  -42.988  25.506 0.8000000119
20031  0.904  -43.431  25.787 0.6999999881
20030  1.766  -43.299  25.699 0.6999999881
93878  1.123  -42.661  25.718 0.6999999881
20041  -0.978  -43.699  25.621 0.6999999881
106315  0.247  -43.555  25.887 0.6999999881
360  1.075  -77.790  33.339 0.6000000238
3583  -7.275  -67.692  38.281 1.0000000000
518  0.200  -76.877  31.937 0.6999999881
3618  -7.589  -67.828  33.328 1.0000000000
2631  -6.200  -70.044  38.219 1.0000000000
1480  0.111  -72.974  32.629 0.8000000119
1461  -1.314  -73.500  34.922 0.6999999881
369  -0.926  -77.854  30.764 1.0000000000
365  -0.565  -77.633  31.423 0.8000000119
96102  -0.468  -78.975  30.453 1.0000000000
364  0.034  -77.943  31.598 0.6999999881
67  1.466  -80.388  30.849 0.6000000238
247  1.735  -78.703  28.165 0.8999999762
39  -0.677  -81.472  27.024 0.8000000119
253  2.342  -79.246  27.035 0.8000000119
3634  -6.472  -67.505  32.412 1.0000000000
1610  -5.086  -72.538  20.317 0.8999999762
1320  -5.184  -73.459  17.836 0.8000000119
1306  -4.260  -75.269  18.392 0.8000000119
781  -3.421  -77.211  20.122 0.8000000119
368  -0.937  -78.465  30.805 1.0000000000
6938  -7.410  -60.731  36.522 0.8999999762
147  2.045  -79.352  32.992 0.6000000238
110654  1.100  -78.384  32.055 0.5000000000
13  2.364  -82.063  31.432 0.6000000238
167  2.375  -80.423  26.388 0.8000000119
260  3.994  -78.767  25.604 0.8999999762
965  5.239  -74.518  23.574 0.8999999762
1147  -3.025  -74.746  34.094 1.0000000000
532  -0.309  -76.778  30.105 1.0000000000
235  0.747  -79.057  31.283 0.6000000238
73  -1.193  -81.125  28.548 0.6999999881
28  1.662  -82.227  28.710 0.6000000238
38  0.562  -81.617  27.181 0.6999999881
110345  4.719  -74.514  25.895 0.8999999762
935  4.305  -74.298  26.512 0.8999999762
725  5.239  -75.859  25.088 0.8999999762
94414  3.137  -77.464  26.918 0.8999999762
537  3.299  -76.590  27.265 0.8999999762
109053  4.179  -80.512  25.109 0.8000000119
1248  4.944  -73.598  23.698 0.8999999762
1544  5.024  -72.798  24.903 0.8999999762
387  5.039  -77.564  24.899 0.8999999762
178  5.207  -80.407  23.832 0.8000000119
976  4.956  -74.957  22.978 0.8999999762
735  5.768  -76.225  23.749 0.8999999762
4100  -4.476  -66.922  34.226 1.0000000000
104848  -4.677  -74.756  34.014 1.0000000000
1166  -2.425  -74.827  31.998 1.0000000000
109428  -4.349  -75.758  30.834 1.0000000000
689  -2.942  -76.585  31.145 1.0000000000
78  4.447  -81.375  28.194 0.6000000238
1249  3.959  -73.811  23.227 0.8999999762
174  4.374  -81.075  24.565 0.6999999881
394  5.766  -77.587  23.922 0.8999999762
415  5.928  -77.768  21.249 0.8000000119
265  5.718  -78.809  23.901 0.8999999762
97045  6.451  -78.921  22.733 0.8000000119
283  6.483  -78.672  21.538 0.8000000119
286  5.940  -78.542  20.520 0.6000000238
420  4.429  -78.006  20.607 0.8000000119
109341  -7.608  -60.945  35.586 1.0000000000
914  0.739  -74.859  29.245 1.0000000000
921  2.164  -74.381  28.690 1.0000000000
704  3.320  -75.180  27.791 0.8999999762
920  2.927  -74.637  28.218 1.0000000000
711  3.767  -74.830  27.029 0.8999999762
1609  1.573  -73.615  21.106 0.8000000119
5820  -4.044  -64.601  29.641 1.0000000000
101683  -3.878  -65.696  34.913 1.0000000000
2225  -4.179  -70.585  34.422 1.0000000000
5889  -3.651  -63.619  26.453 1.0000000000
3647  -0.121  -67.807  33.752 1.0000000000
4094  0.977  -66.089  34.951 1.0000000000
3646  1.366  -67.601  33.357 1.0000000000
1150  -6.018  -73.976  33.696 1.0000000000
1020  -4.032  -76.633  18.751 0.8000000119
105918  -3.692  -76.634  17.553 0.8000000119
1595  -2.706  -73.355  21.526 0.8999999762
2016  -7.097  -72.809  15.799 0.8000000119
1212  2.179  -73.093  27.979 0.8999999762
1944  0.526  -72.437  22.958 0.8999999762
2399  -6.504  -71.360  15.146 0.8000000119
105136  3.062  -73.368  27.754 0.8999999762
3391  -4.452  -69.027  12.673 0.6999999881
1210  3.840  -74.020  27.133 0.8999999762
1943  1.693  -71.640  22.998 0.8999999762
1211  3.731  -73.164  27.211 0.8999999762
105373  4.731  -73.136  26.073 0.8999999762
558  5.392  -76.614  24.697 0.8999999762
1568  4.405  -72.911  23.664 0.8999999762
757  2.404  -75.988  22.798 0.8999999762
579  1.861  -77.082  22.307 0.8000000119
584  3.327  -77.704  21.483 0.8000000119
585  2.041  -78.135  21.891 0.8000000119
6347  -8.140  -63.340  32.764 1.0000000000
4657  -2.335  -65.387  35.690 1.0000000000
113129  1.087  -68.839  31.134 1.0000000000
3703  0.792  -67.282  28.402 1.0000000000
3661  1.818  -68.027  32.706 1.0000000000
1858  -4.456  -73.624  30.875 1.0000000000
2772  1.068  -69.505  22.864 0.8999999762
3878  -9.043  -67.949  13.536 0.8999999762
1532  3.611  -72.192  26.906 0.8999999762
1558  4.865  -72.141  24.847 0.8999999762
6359  -8.568  -62.477  33.028 1.0000000000
6358  -8.522  -62.567  33.432 1.0000000000
1841  -4.838  -71.588  33.025 1.0000000000
99785  -0.252  -69.586  25.467 0.8999999762
6372  -6.055  -62.944  32.631 1.0000000000
5224  -3.512  -64.199  34.992 1.0000000000
5245  -0.042  -64.012  32.940 1.0000000000
5762  1.936  -63.923  34.407 1.0000000000
4665  2.254  -65.361  34.834 1.0000000000
96592  -1.518  -68.108  30.452 1.0000000000
3301  -6.042  -69.242  22.073 1.0000000000
4762  -4.568  -64.249  24.782 1.0000000000
6387  -9.333  -62.452  30.155 1.0000000000
6976  -9.718  -61.115  32.398 1.0000000000
3659  3.522  -67.285  32.484 1.0000000000
3645  3.126  -66.973  33.202 1.0000000000
4803  -3.256  -64.568  22.763 1.0000000000
4802  -2.029  -64.845  22.603 1.0000000000
95756  -2.232  -66.434  19.519 1.0000000000
3744  -3.722  -67.639  25.161 1.0000000000
4331  -6.514  -67.209  15.714 0.8999999762
4318  -5.522  -66.499  16.441 1.0000000000
5808  -7.652  -63.193  31.178 1.0000000000
6386  -8.860  -62.617  31.082 1.0000000000
5790  1.710  -63.837  32.898 1.0000000000
3660  2.698  -67.683  32.584 1.0000000000
4180  1.556  -66.085  26.397 1.0000000000
93387  -6.834  -64.323  26.490 1.0000000000
93389  -8.918  -65.166  24.536 1.0000000000
5314  -1.827  -64.678  28.758 1.0000000000
102966  4.640  -67.787  27.512 1.0000000000
3690  5.447  -67.232  29.287 1.0000000000
4177  4.413  -67.262  25.989 1.0000000000
93894  -7.325  -66.194  27.896 1.0000000000
4812  -1.536  -65.321  21.728 1.0000000000
109160  -2.005  -65.518  21.101 1.0000000000
93930  -5.622  -64.017  25.672 1.0000000000
4824  -1.159  -65.552  20.791 1.0000000000
93817  -7.310  -65.219  27.260 1.0000000000
93726  -8.389  -65.030  26.593 1.0000000000
5267  2.925  -63.637  31.590 1.0000000000
6469  -2.716  -62.382  25.093 1.0000000000
4715  6.170  -66.041  28.316 1.0000000000
6448  1.149  -62.463  27.326 1.0000000000
7096  -5.369  -61.735  24.611 1.0000000000
6468  -1.579  -61.866  25.015 1.0000000000
5343  5.275  -65.408  23.752 1.0000000000
5920  6.421  -63.021  23.191 1.0000000000
4808  2.673  -65.299  21.272 1.0000000000
4832  0.876  -65.437  19.130 1.0000000000
4837  0.194  -65.367  18.633 1.0000000000
7137  -7.650  -62.207  22.605 1.0000000000
5402  -0.291  -64.454  17.747 1.0000000000
6548  -10.795  -62.992  18.955 1.0000000000
5300  7.191  -64.422  29.487 1.0000000000
7025  2.038  -62.357  29.355 1.0000000000
7094  6.093  -61.250  24.836 1.0000000000
9818  -8.466  -57.079  19.586 1.0000000000
5380  4.321  -63.909  20.768 1.0000000000
6529  1.428  -62.733  18.623 1.0000000000
104993  -3.259  -59.748  22.532 1.0000000000
106034  -1.177  -62.455  19.408 1.0000000000
99011  -10.083  -64.598  16.301 0.8999999762
9048  -1.177  -58.604  25.962 1.0000000000
7111  5.719  -61.746  22.393 1.0000000000
96773  -0.888  -61.785  21.802 1.0000000000
7132  -1.706  -61.973  21.925 1.0000000000
110269  6.510  -62.249  30.630 1.0000000000
8984  1.238  -58.482  29.548 1.0000000000
100609  0.045  -59.341  21.728 1.0000000000
108721  4.853  -60.592  22.263 1.0000000000
9837  -7.687  -56.889  18.548 1.0000000000
11210  -7.893  -54.978  18.937 1.0000000000
11881  -8.245  -54.002  19.692 1.0000000000
9006  3.838  -57.027  28.574 1.0000000000
5975  -10.321  -63.779  18.294 0.8999999762
7646  2.850  -60.210  31.686 1.0000000000
9690  0.607  -57.456  28.359 1.0000000000
9101  -2.573  -58.298  21.716 1.0000000000
110696  3.475  -59.614  21.307 1.0000000000
7799  1.733  -60.267  21.110 1.0000000000
8434  3.662  -59.313  22.198 1.0000000000
10574  -6.483  -55.611  16.152 0.8000000119
102480  -10.386  -62.288  15.740 1.0000000000
9098  2.515  -58.467  21.789 1.0000000000
10518  -5.102  -56.051  21.269 1.0000000000
9082  2.051  -57.637  23.954 1.0000000000
7203  -10.133  -61.110  15.416 0.8000000119
10416  -0.837  -56.565  27.522 1.0000000000
100539  0.279  -58.117  21.572 1.0000000000
12476  -7.610  -53.665  21.516 1.0000000000
11197  -5.023  -55.458  21.049 1.0000000000
12534  -7.480  -52.902  18.806 1.0000000000
9778  1.420  -56.544  24.608 1.0000000000
101973  0.872  -55.711  22.202 1.0000000000
9641  8.352  -56.813  30.415 1.0000000000
9660  8.330  -57.204  29.869 1.0000000000
11062  8.282  -55.423  30.141 1.0000000000
109137  7.440  -57.387  26.515 1.0000000000
11110  -3.432  -55.645  25.951 1.0000000000
12467  -4.042  -53.895  23.075 1.0000000000
12500  -7.670  -52.748  21.333 1.0000000000
12496  -0.080  -53.796  20.533 1.0000000000
12520  -0.498  -53.299  19.882 1.0000000000
11148  3.192  -55.288  23.931 1.0000000000
13020  4.430  -53.068  28.183 0.8999999762
12495  0.754  -53.726  20.360 1.0000000000
11865  2.269  -54.200  20.891 1.0000000000
104080  9.833  -55.520  27.812 1.0000000000
10475  8.254  -57.227  23.053 1.0000000000
13899  -3.133  -51.579  20.122 1.0000000000
12407  8.820  -52.920  26.762 0.8999999762
15487  -4.526  -49.649  17.819 0.8000000119
11864  3.708  -54.234  20.924 1.0000000000
112982  8.000  -56.600  21.833 1.0000000000
107055  3.563  -51.105  21.838 0.8999999762
93776  4.510  -50.904  21.726 0.8999999762
93395  5.954  -52.412  25.024 0.8999999762
15439  -6.686  -48.991  22.208 0.8999999762
11167  8.037  -55.961  21.237 1.0000000000
15360  -4.207  -50.003  24.515 0.6999999881
15287  1.321  -49.975  29.037 0.6999999881
11154  11.587  -55.630  22.527 1.0000000000
14652  0.023  -50.087  18.975 1.0000000000
96558  -6.431  -48.471  22.311 0.8999999762
15486  -3.863  -49.135  17.200 0.6999999881
16221  -6.466  -47.827  20.959 0.8000000119
93399  6.796  -49.455  22.948 0.8999999762
15341  -4.203  -49.120  24.673 0.6000000238
14504  10.497  -49.901  26.552 0.8999999762
15476  0.849  -49.725  18.780 1.0000000000
13892  3.913  -51.885  19.228 1.0000000000
100867  5.042  -52.656  19.590 1.0000000000
13912  4.482  -51.228  18.908 1.0000000000
13163  7.750  -52.446  19.582 1.0000000000
12474  11.626  -54.133  20.954 1.0000000000
13854  14.225  -51.587  21.977 1.0000000000
16964  -6.133  -47.397  22.369 0.8999999762
12381  12.330  -52.712  27.756 1.0000000000
101591  14.119  -54.918  23.817 1.0000000000
11835  13.414  -53.932  22.277 1.0000000000
11831  14.395  -54.148  23.233 1.0000000000
11808  14.723  -55.036  25.466 1.0000000000
13760  7.280  -50.673  28.492 0.8999999762
13002  11.666  -51.939  29.181 0.8999999762
16067  7.210  -48.369  31.703 0.5000000000
17783  -0.097  -47.006  20.932 0.8999999762
16962  -2.541  -47.471  21.854 0.8999999762
13145  12.441  -52.491  20.987 1.0000000000
12469  13.844  -53.186  22.231 1.0000000000
17786  -5.349  -46.376  21.798 0.8999999762
11819  15.377  -54.815  24.822 1.0000000000
17763  -0.311  -46.652  21.662 0.8999999762
17005  4.329  -47.859  19.707 1.0000000000
12401  14.494  -53.975  27.705 1.0000000000
11767  15.056  -54.428  27.318 1.0000000000
11786  15.603  -54.573  26.734 1.0000000000
13870  10.542  -50.946  19.761 1.0000000000
11818  16.184  -54.581  25.158 1.0000000000
15255  8.143  -49.945  31.881 0.6000000238
14450  10.879  -50.965  31.925 0.6000000238
16214  6.821  -48.424  19.527 1.0000000000
99782  14.617  -52.991  27.845 1.0000000000
12443  16.908  -54.219  24.972 1.0000000000
106982  4.848  -46.856  23.951 1.0000000000
17723  1.725  -46.435  23.510 0.8999999762
18481  0.352  -45.689  23.988 0.8999999762
100463  13.230  -51.709  30.440 0.6999999881
17737  2.183  -46.941  22.632 0.8999999762
18500  -1.129  -45.944  23.070 0.8999999762
13776  14.817  -51.885  27.908 0.8000000119
12399  16.923  -53.575  27.324 1.0000000000
15436  11.092  -49.339  20.170 1.0000000000
12425  17.482  -53.748  26.673 1.0000000000
14434  12.225  -50.270  32.305 0.4000000060
18482  -0.599  -45.580  23.832 0.8999999762
93403  6.865  -47.121  23.031 1.0000000000
102166  18.309  -52.639  27.536 0.8000000119
96470  17.875  -53.281  27.167 1.0000000000
13774  17.691  -51.859  27.885 0.8000000119
96534  18.199  -53.556  26.355 1.0000000000
17778  7.900  -47.211  21.724 1.0000000000
15266  14.835  -50.024  30.805 0.5000000000
14473  15.542  -50.449  29.547 0.5000000000
13103  19.978  -51.908  24.472 1.0000000000
18477  6.090  -45.678  24.811 1.0000000000
19260  4.949  -44.824  24.754 0.8999999762
15286  16.846  -49.620  28.352 0.6000000238
104902  17.035  -50.817  27.777 0.6999999881
14503  18.057  -51.037  27.994 0.6000000238
98037  19.218  -52.492  27.280 0.8000000119
100890  18.990  -51.046  27.934 0.6000000238
18496  8.354  -45.680  23.270 1.0000000000
99145  7.834  -46.818  23.052 1.0000000000
110623  18.353  -48.011  22.754 1.0000000000
16080  16.589  -48.618  30.387 0.5000000000
104708  18.769  -49.227  27.871 0.6000000238
18517  11.424  -45.567  22.325 1.0000000000
13788  20.738  -51.772  26.593 0.6999999881
16956  15.607  -47.127  21.957 1.0000000000
16958  13.600  -46.823  21.235 1.0000000000
14566  20.611  -51.123  24.352 0.8999999762
16170  20.312  -48.964  22.976 0.8000000119
94464  16.415  -46.519  22.145 1.0000000000
16107  18.566  -48.325  28.260 0.5000000000
18516  13.041  -44.895  21.632 1.0000000000
99173  12.203  -45.494  21.945 1.0000000000
14544  21.756  -50.902  25.496 0.6999999881
14564  22.238  -50.330  24.891 0.6999999881
16948  18.769  -47.430  22.568 1.0000000000
16895  19.492  -47.566  28.261 0.5000000000
16116  21.215  -48.625  27.352 0.6999999881
16133  22.621  -49.020  26.242 0.6999999881
96752  13.657  -44.180  21.460 1.0000000000
15334  22.934  -49.308  24.924 0.6999999881
16168  21.910  -49.026  23.345 0.6999999881
16134  22.184  -48.188  26.785 0.6999999881
16906  21.343  -47.550  27.256 0.6999999881
20079  6.498  -43.351  21.907 0.8000000119
16935  23.399  -47.732  24.471 0.6999999881
17665  19.723  -46.522  29.915 0.4000000060
17674  20.050  -46.911  29.051 0.5000000000
107015  1.915  -41.560  25.202 0.6999999881
16917  22.028  -47.111  26.910 0.6000000238
99093  23.016  -47.278  25.791 0.6999999881
17693  22.622  -46.578  26.421 0.6999999881
16161  23.201  -48.545  24.715 0.6999999881
17720  23.446  -46.615  23.536 0.6000000238
20096  16.058  -43.549  20.463 1.0000000000
18450  22.916  -45.326  26.053 0.4000000060
18466  23.654  -45.685  24.221 0.6000000238
19234  23.268  -44.945  25.401 0.4000000060
109718  20.778  -43.745  20.899 0.6000000238
20039  23.873  -44.284  23.959 0.5000000000
20934  19.310  -42.164  20.065 0.5000000000
102124  24.033  -43.385  23.601 0.6000000238
101685  22.112  -43.088  21.306 0.5000000000
21831  14.674  -41.945  20.179 0.8999999762
21844  19.188  -41.415  19.740 0.5000000000
21873  17.406  -41.315  18.668 0.6000000238
22758  13.722  -40.239  20.583 0.8000000119
22774  14.418  -40.318  20.002 0.6999999881
22793  17.097  -40.741  18.195 0.4000000060
23736  14.193  -39.460  19.832 0.5000000000
86  5.218  -80.916  27.588 0.6000000238
16  5.777  -82.410  29.921 0.5000000000
26  5.226  -82.346  29.218 0.5000000000
15  6.725  -82.029  29.867 0.5000000000
84  7.082  -80.827  26.882 0.5000000000
85  6.235  -80.906  27.329 0.5000000000
34  8.566  -81.326  27.674 0.4000000060
35  7.731  -81.527  28.172 0.5000000000
77  5.860  -82.054  28.737 0.5000000000
91  5.345  -80.552  25.890 0.5000000000
111261  4.973  -82.395  23.802 0.5000000000
95  6.470  -80.937  25.734 0.5000000000
57  6.212  -83.019  23.624 0.5000000000
99  4.598  -81.841  24.012 0.5000000000
92  4.919  -80.424  26.659 0.5000000000
102455  -1.078  -73.801  18.378 0.5000000000
44  7.917  -81.167  26.193 0.4000000060
96  5.174  -81.805  24.451 0.5000000000
11  4.966  -82.524  30.703 0.5000000000
17  4.363  -82.606  29.820 0.5000000000
25  6.482  -82.294  29.365 0.5000000000
1316  -0.141  -73.665  18.766 0.5000000000
3048  -7.080  -68.034  39.284 0.8000000119
3566  -7.452  -67.462  39.046 0.8999999762
105782  -7.365  -66.737  39.779 0.6999999881
97101  -7.352  -67.229  38.557 0.8999999762
1637  0.542  -73.428  18.536 0.5000000000
1624  2.133  -72.555  20.261 0.6999999881
1970  4.014  -71.815  19.789 0.5000000000
4603  -7.527  -65.716  40.965 0.8000000119
98622  -7.484  -66.169  39.972 0.8000000119
4063  -7.532  -66.772  39.186 0.8999999762
98525  -7.584  -65.277  39.846 0.8999999762
1305  -1.621  -75.713  18.020 0.8000000119
1029  -2.401  -76.725  17.373 0.6999999881
1290  -0.471  -74.590  19.947 0.6999999881
1317  -2.022  -75.156  17.752 0.5000000000
103195  -7.126  -63.623  39.092 0.8999999762
800  -3.442  -77.980  17.736 0.6999999881
2001  -2.443  -71.878  17.959 0.6999999881
1640  -3.548  -72.950  17.938 0.6999999881
1626  0.782  -73.561  19.341 0.5000000000
2012  -0.627  -71.667  17.468 0.5000000000
1991  2.897  -71.853  19.969 0.6000000238
1016  4.567  -73.840  19.307 0.6000000238
105512  -3.003  -74.749  17.577 0.6999999881
1639  -1.854  -73.029  18.095 0.6000000238
2022  -0.682  -71.536  16.259 0.6000000238
96556  1.583  -73.053  19.483 0.6000000238
2396  -2.269  -71.125  15.932 0.6000000238
2397  -3.293  -71.107  15.977 0.6000000238
113609  -2.302  -70.952  15.182 0.6000000238
2871  -3.191  -69.503  14.498 0.6000000238
7595  -8.166  -59.151  35.300 0.8999999762
8284  -8.759  -59.627  32.636 0.8999999762
8316  -8.853  -59.625  31.795 0.8999999762
6992  -9.999  -61.013  31.594 0.8999999762
102910  -9.823  -61.660  30.892 0.8999999762
7684  -8.017  -60.251  29.101 0.8999999762
7667  -8.211  -59.676  29.839 0.8999999762
7033  -8.793  -61.662  29.034 0.8999999762
7668  -8.884  -59.799  30.772 0.8999999762
7031  -6.994  -61.284  28.299 0.8000000119
7683  -6.768  -60.415  28.888 0.8999999762
7666  -7.219  -59.570  29.671 0.8999999762
6439  -8.898  -62.854  28.836 0.8999999762
7032  -7.723  -61.263  28.536 0.8999999762
5861  -7.821  -63.198  28.667 0.8999999762
5860  -6.996  -63.365  28.291 0.8999999762
96680  -4.789  -61.922  28.667 0.8000000119
6452  -6.247  -62.787  27.262 0.8000000119
5876  -6.167  -63.271  27.282 0.8000000119
6451  -5.752  -61.940  27.627 0.8000000119
5859  -6.178  -63.493  27.830 0.8999999762
5875  -5.633  -63.645  27.168 0.8999999762
5891  -6.049  -63.232  26.651 0.8999999762
6463  -6.305  -62.519  26.456 0.8000000119
7074  -6.709  -61.743  26.832 0.8000000119
8381  -6.356  -59.834  27.427 0.8000000119
100268  -4.809  -63.763  26.793 0.8999999762
7739  -6.319  -60.730  27.338 0.8000000119
109672  -9.331  -58.954  14.767 0.5000000000
5900  -5.870  -62.945  25.824 0.8999999762
7721  -4.973  -60.559  27.311 0.8000000119
7086  -5.646  -62.450  25.030 0.8000000119
10435  -8.487  -56.461  26.820 0.6999999881
9716  -8.327  -57.230  27.590 0.6999999881
7097  -6.367  -61.853  24.839 0.8000000119
9035  -7.885  -58.766  27.971 0.8000000119
7740  -7.068  -61.231  26.770 0.8000000119
8383  -8.416  -59.187  26.983 0.8000000119
11793  -7.978  -54.776  26.533 0.6000000238
7771  -6.044  -61.181  24.483 0.8999999762
7758  -7.373  -60.969  25.124 0.8000000119
11111  -8.358  -55.649  26.104 0.6999999881
8413  -8.300  -60.057  25.024 0.8000000119
9734  -9.086  -57.365  26.366 0.6999999881
7741  -7.400  -60.997  26.001 0.8000000119
8399  -7.300  -60.569  27.061 0.8000000119
101324  -8.936  -58.367  26.213 0.8000000119
94960  -7.719  -59.329  24.204 0.8000000119
11127  -8.635  -55.689  25.076 0.6999999881
9753  -9.170  -57.620  25.418 0.8000000119
103886  -7.971  -53.069  25.473 0.6999999881
96500  -8.349  -56.294  24.651 0.6999999881
12447  -8.191  -53.563  24.603 0.6999999881
13070  -7.733  -52.231  25.403 0.6000000238
14714  -3.900  -50.169  15.891 0.6000000238
17806  -3.586  -46.816  18.180 0.6000000238
17794  -4.058  -46.347  18.936 0.6999999881
18558  -2.976  -45.586  18.786 0.6000000238
17791  -5.042  -46.677  20.677 0.8000000119
17785  -4.512  -45.951  20.439 0.8000000119
17767  -5.407  -46.239  22.545 0.8000000119
18576  -3.325  -46.177  18.493 0.6000000238
18559  -3.879  -45.724  19.045 0.6000000238
17790  -4.330  -46.029  19.552 0.6999999881
19343  -3.399  -45.137  19.337 0.5000000000
18519  -5.192  -45.638  22.343 0.8000000119
18502  -3.745  -45.876  23.319 0.8000000119
18532  -4.195  -45.195  20.279 0.8000000119
18518  -4.449  -45.065  21.358 0.8000000119
18543  -4.101  -45.449  19.653 0.6999999881
17744  -5.351  -45.805  22.801 0.8000000119
105931  -3.990  -44.600  20.627 0.5000000000
19294  -5.000  -44.813  22.455 0.6999999881
20082  -4.085  -42.863  21.709 0.6000000238
18483  -1.643  -45.495  23.728 0.8000000119
18485  -4.305  -45.099  23.662 0.6999999881
20083  -4.577  -43.877  22.465 0.6999999881
19293  -4.130  -44.100  21.460 0.6999999881
19261  -2.154  -44.807  24.244 0.8000000119
19262  -3.477  -44.506  24.151 0.6999999881
19263  -4.652  -44.214  23.930 0.6999999881
20045  -4.544  -42.395  24.140 0.6000000238
20065  -4.502  -42.977  22.752 0.6999999881
20905  -4.272  -41.929  22.138 0.6000000238
20103  -2.589  -42.817  20.723 0.6000000238
18471  -1.069  -45.074  24.436 0.8000000119
19249  -1.536  -44.188  24.871 0.6999999881
19250  -2.660  -43.769  24.666 0.6999999881
99678  -3.888  -42.094  25.048 0.6000000238
20055  -4.692  -43.305  24.127 0.6999999881
20044  -4.211  -42.526  24.655 0.6999999881
20879  -3.444  -41.885  25.297 0.6000000238
20926  -3.785  -42.024  21.469 0.6000000238
20867  0.235  -42.578  25.936 0.6000000238
20869  -1.876  -42.109  26.056 0.6000000238
21761  -1.393  -41.414  25.631 0.6000000238
21760  -0.293  -41.402  25.653 0.6000000238
21821  6.505  -41.887  21.423 0.6999999881
21823  5.301  -41.277  21.737 0.6000000238
106917  2.070  -40.627  24.339 0.6000000238
93746  0.366  -39.816  24.203 0.5000000000
96090  2.557  -40.109  23.514 0.6000000238
106549  10.550  -39.728  21.231 0.6999999881
22739  7.721  -40.885  21.451 0.6999999881
23720  11.557  -39.568  20.859 0.6999999881
21822  5.798  -42.015  21.579 0.6999999881
21791  3.522  -40.738  23.252 0.6000000238
93413  1.470  -39.376  23.657 0.5000000000
22723  2.935  -39.694  22.769 0.6000000238
21802  4.182  -41.276  22.872 0.6000000238
22722  3.914  -40.347  22.403 0.6000000238
107484  4.698  -40.436  21.819 0.6000000238
23738  13.066  -38.568  20.192 0.6999999881
24683  11.930  -38.738  20.439 0.6000000238
23721  10.983  -38.867  20.791 0.5000000000
24687  8.988  -38.175  21.389 0.4000000060
24684  11.363  -38.013  20.458 0.4000000060
24685  10.491  -38.118  20.829 0.5000000000
25612  9.169  -37.529  21.153 0.4000000060
1318  -3.126  -76.261  17.211 0.6999999881
2384  -2.487  -71.311  16.819 0.6999999881
21794  -3.853  -41.362  23.950 0.6000000238
106994  1.097  -39.775  24.192 0.5000000000
20868  -0.860  -42.223  26.133 0.6000000238
36  6.891  -81.949  28.725 0.5000000000
24  7.283  -82.014  29.408 0.5000000000
105265  7.759  -81.799  29.017 0.5000000000
5178  -7.572  -64.183  39.847 0.8000000119
1635  2.287  -72.428  19.377 0.5000000000
110288  1.252  -73.395  18.763 0.5000000000
1636  1.803  -73.308  18.494 0.5000000000
96261  2.287  -73.075  18.309 0.5000000000
6450  -4.183  -61.716  27.762 0.8000000119
9034  -6.657  -59.024  27.859 0.8000000119
11098  -7.920  -55.568  27.254 0.6000000238
16258  -3.506  -48.699  16.485 0.6000000238
17040  -2.518  -47.814  16.648 0.6000000238
17026  -3.016  -47.321  17.410 0.6000000238
21778  -3.346  -41.394  24.691 0.6000000238
23698  9.603  -39.557  21.420 0.6999999881
102266  6.364  -40.269  21.476 0.6000000238
23722  10.098  -38.872  21.172 0.6999999881
24669  9.274  -38.807  21.406 0.5000000000
23701  6.773  -39.247  21.527 0.6000000238
7062  -4.944  -61.266  27.461 0.8000000119
23700  7.863  -39.345  21.525 0.6000000238
4620  -7.283  -65.838  39.094 0.8999999762
5190  -6.865  -64.658  38.755 0.8999999762
6471  -4.785  -62.861  25.282 0.8999999762
18501  -2.306  -45.984  23.144 0.8000000119
9065  -8.334  -57.813  24.505 0.8000000119
11813  -8.371  -54.913  25.312 0.6999999881
22737  9.034  -40.223  21.481 0.6999999881
100  5.494  -82.732  23.665 0.5000000000
56  6.374  -82.762  23.342 0.5000000000
8423  -8.127  -60.018  24.398 0.8000000119
93814  0.896  -41.631  25.521 0.6000000238
106919  0.104  -40.433  25.057 0.6000000238
22738  8.208  -40.141  21.508 0.6999999881
20043  -3.360  -42.551  25.162 0.6000000238
20033  -1.224  -42.801  25.996 0.6000000238
7685  -9.007  -60.559  29.854 0.8999999762
52  5.891  -82.952  23.822 0.5000000000
1990  3.665  -71.674  19.510 0.5000000000
2383  -1.455  -71.288  16.699 0.6000000238
7030  -6.186  -61.313  28.636 0.8000000119
7047  -6.787  -61.866  28.159 0.8000000119
7048  -7.398  -62.138  28.242 0.8999999762
6437  -7.643  -63.003  28.204 0.8999999762
6435  -6.119  -62.177  27.819 0.8000000119
5877  -6.738  -63.129  27.801 0.8000000119
7063  -6.313  -61.924  27.215 0.8000000119
7087  -6.437  -62.204  25.608 0.8000000119
7075  -7.004  -61.664  25.983 0.8000000119
9036  -8.491  -58.142  27.305 0.6999999881
8382  -7.640  -59.726  27.482 0.8000000119
8400  -8.108  -60.197  26.314 0.8000000119
9050  -8.674  -59.333  25.777 0.8000000119
12430  -8.134  -53.976  25.639 0.6000000238
10454  -9.067  -56.589  25.433 0.6999999881
9064  -8.800  -58.110  24.908 0.8000000119
18575  -2.395  -45.943  18.112 0.6000000238
18484  -2.901  -45.380  23.730 0.8000000119
103332  -4.129  -41.635  22.725 0.6000000238
98793  6.030  -41.161  21.475 0.6000000238
22741  5.448  -40.433  21.572 0.6000000238
107418  7.321  -40.139  21.506 0.6999999881
23702  5.683  -39.558  21.495 0.6000000238
108170  12.207  -37.894  20.118 0.4000000060
24686  9.673  -38.149  21.163 0.5000000000
24670  8.466  -38.666  21.502 0.5000000000
21793  -2.914  -41.206  23.541 0.6000000238
5705  -7.582  -62.895  40.063 0.6999999881
6306  -7.296  -61.627  38.507 0.6999999881
5716  -7.072  -62.714  38.851 0.6999999881
8224  -7.092  -59.134  38.555 0.6000000238
7547  -7.371  -59.781  39.092 0.6000000238
6905  -7.483  -60.796  40.299 0.6000000238
6918  -7.609  -60.531  38.321 0.6999999881
6296  -7.556  -61.715  39.627 0.6999999881
8235  -7.391  -59.128  37.690 0.6000000238
7561  -7.688  -59.612  38.122 0.6000000238
7577  -7.889  -59.529  37.306 0.6999999881
6929  -7.787  -60.199  37.603 0.6999999881
100239  -5.192  -58.622  32.883 0.6999999881
8280  -5.248  -58.395  33.918 0.5000000000
8261  -6.784  -58.290  35.976 0.6000000238
98981  -7.246  -58.591  32.007 0.8000000119
8282  -7.389  -58.132  33.110 0.6999999881
8248  -7.746  -58.930  36.629 0.6000000238
8262  -7.729  -58.559  35.507 0.6000000238
101340  -8.095  -59.088  35.959 0.6999999881
8297  -5.062  -59.147  31.845 0.6000000238
7651  -5.522  -59.588  30.897 0.6999999881
8313  -6.253  -58.965  31.483 0.6999999881
8298  -6.206  -58.432  32.409 0.6999999881
8924  -7.001  -57.967  35.149 0.6000000238
8314  -7.134  -58.981  31.207 0.8000000119
8932  -7.456  -58.016  34.593 0.6999999881
8299  -8.140  -58.784  32.409 0.8000000119
8272  -7.975  -58.522  34.575 0.6999999881
7606  -8.240  -59.687  34.273 0.8000000119
7650  -4.422  -60.109  31.132 0.6000000238
7664  -5.022  -60.384  30.395 0.6999999881
7665  -6.060  -59.906  29.962 0.6999999881
112940  -4.380  -60.640  30.601 0.5000000000
7009  -5.516  -60.852  29.543 0.6999999881
7007  -3.503  -61.641  30.006 0.5000000000
7008  -4.454  -61.155  30.030 0.6999999881
6403  -3.612  -61.954  29.270 0.6000000238
112071  -3.842  -62.091  28.649 0.6999999881
6433  -3.517  -62.002  28.249 0.6000000238
7719  -3.653  -61.209  27.642 0.6999999881
16257  -3.019  -48.439  16.157 0.5000000000
17826  -2.121  -47.051  16.994 0.5000000000
18602  -1.782  -46.302  17.353 0.5000000000
23737  13.909  -38.975  20.106 0.5000000000
24703  13.422  -38.548  19.584 0.4000000060
8379  -4.220  -60.152  27.451 0.6999999881
96472  -8.028  -59.506  36.358 0.6999999881
8283  -8.212  -58.768  33.490 0.6999999881
8315  -8.005  -59.066  31.439 0.8000000119
7652  -6.591  -59.317  30.605 0.6999999881
7029  -5.159  -61.549  29.148 0.6999999881
8380  -5.164  -59.966  27.322 0.6999999881
8359  -5.522  -59.312  27.825 0.5000000000
8281  -6.274  -58.049  33.420 0.6999999881
7701  -2.685  -61.076  28.154 0.6000000238
22781  2.864  -39.756  19.243 0.3000000119
22782  1.885  -39.305  19.562 0.3000000119
21836  2.931  -41.258  20.318 0.4000000060
23743  3.230  -38.920  19.238 0.3000000119
21837  1.719  -40.660  20.447 0.4000000060
22760  2.267  -40.103  19.587 0.4000000060
20136  2.665  -42.538  18.701 0.3000000119
20118  2.899  -43.779  19.317 0.3000000119
1  3.290  -82.657  31.366 0.5000000000
19  -0.900  -81.479  28.303 0.6999999881
20  -1.403  -81.302  28.052 0.6999999881
30  -1.394  -81.321  27.929 0.6999999881
40  -1.328  -81.333  27.432 0.6999999881
80  -1.229  -81.096  26.824 0.6999999881
103  6.133  -81.957  23.024 0.5000000000
161  -1.468  -80.834  27.447 0.6999999881
162  -1.400  -80.809  28.247 0.6999999881
166  3.377  -80.035  26.434 0.8000000119
186  6.685  -79.562  20.972 0.6000000238
191  5.148  -79.692  19.150 0.6000000238
243  -0.361  -79.722  29.534 0.6999999881
378  2.856  -78.384  26.810 0.8999999762
527  -1.727  -77.271  30.988 1.0000000000
533  3.053  -76.045  27.866 0.8999999762
557  5.736  -76.680  24.093 0.8999999762
569  5.418  -76.434  22.321 0.8000000119
690  -3.916  -76.060  30.798 1.0000000000
700  -0.485  -76.159  29.828 1.0000000000
768  -3.141  -76.813  20.879 0.8999999762
791  -2.847  -77.771  17.733 0.6999999881
792  -3.412  -77.713  18.687 0.8000000119
793  -3.631  -77.585  18.749 0.8000000119
878  -4.686  -75.339  32.260 1.0000000000
917  -3.667  -76.141  29.218 1.0000000000
1008  -3.886  -76.634  20.211 0.8000000119
1030  -3.267  -77.508  17.348 0.6999999881
1031  -3.574  -77.632  17.727 0.8000000119
1165  -0.513  -73.821  32.102 0.8000000119
1197  3.300  -73.944  27.673 0.8999999762
1228  4.982  -73.320  25.417 0.8999999762
1229  4.767  -73.802  25.990 0.8999999762
1272  1.412  -75.990  22.991 0.8999999762
1276  -2.877  -75.644  21.610 0.8999999762
1304  -0.878  -74.496  18.709 0.8000000119
1467  -0.202  -72.729  33.416 0.8000000119
1534  1.370  -72.101  26.665 1.0000000000
1545  4.845  -72.642  25.601 0.8999999762
1576  2.821  -74.019  23.176 0.8999999762
1596  -3.858  -73.081  21.079 0.8999999762
1607  3.709  -72.193  20.137 0.6999999881
1627  -5.554  -72.854  19.178 0.8999999762
1649  1.342  -73.503  18.180 0.5000000000
1904  3.234  -71.413  26.492 0.8999999762
1935  3.015  -71.525  23.252 0.8999999762
1957  -2.779  -71.554  21.387 0.8999999762
1971  3.391  -71.950  20.157 0.5000000000
2000  -1.155  -71.851  18.116 0.5000000000
2013  -1.766  -71.534  17.602 0.6999999881
2014  -3.092  -71.685  17.356 0.6999999881
2185  -5.146  -71.344  38.107 0.6999999881
2224  -3.382  -70.482  34.230 1.0000000000
2234  -8.334  -70.440  31.374 1.0000000000
2336  0.387  -70.433  22.332 0.8999999762
2337  -0.355  -70.501  22.028 0.8999999762
2387  -7.469  -72.464  16.410 0.8000000119
2398  -5.281  -71.579  15.449 0.8000000119
2422  -2.867  -70.724  15.407 0.6000000238
2655  -4.078  -69.684  35.076 1.0000000000
2656  -4.525  -69.404  34.941 1.0000000000
2674  -8.120  -69.779  31.785 1.0000000000
2680  -1.855  -68.906  32.809 1.0000000000
2749  1.806  -69.394  23.893 0.8999999762
2765  1.543  -69.449  23.365 0.8999999762
2773  0.446  -69.726  22.504 0.8999999762
2829  -6.533  -70.787  15.230 0.8999999762
2893  -6.276  -70.754  12.141 0.6999999881
2894  -6.969  -70.342  12.032 0.6999999881
2908  -5.025  -69.913  11.221 0.6999999881
2909  -5.452  -70.382  10.899 0.6999999881
2924  -5.438  -70.196  10.462 0.6999999881
3131  0.890  -68.216  32.806 1.0000000000
3132  0.030  -68.317  33.010 1.0000000000
3164  2.621  -68.584  31.401 1.0000000000
3181  3.836  -68.469  30.309 1.0000000000
3182  3.269  -68.487  31.010 1.0000000000
3197  4.272  -68.349  29.715 1.0000000000
3200  0.959  -68.507  29.788 1.0000000000
3218  2.524  -68.110  28.441 1.0000000000
3257  0.300  -68.950  24.480 0.8999999762
3258  -0.292  -68.573  24.146 0.8999999762
3273  0.855  -69.076  23.334 0.8999999762
3287  -0.526  -68.885  22.845 0.8999999762
3289  -4.019  -69.037  22.246 0.8999999762
3324  -3.566  -68.505  18.679 1.0000000000
3334  -4.097  -68.726  17.531 1.0000000000
3352  -6.274  -69.891  15.452 0.8999999762
3390  -3.788  -68.977  13.587 0.6999999881
3614  -1.937  -67.344  35.338 1.0000000000
3629  0.797  -67.229  33.976 1.0000000000
3631  -0.625  -67.479  34.432 1.0000000000
3648  -7.144  -68.007  32.787 1.0000000000
3658  4.329  -66.849  32.369 1.0000000000
3669  5.227  -66.821  31.221 1.0000000000
3700  5.367  -67.354  27.729 1.0000000000
3701  4.948  -67.819  28.474 1.0000000000
3704  0.012  -67.335  28.895 1.0000000000
3718  1.602  -67.145  27.595 1.0000000000
3723  -6.417  -66.856  28.481 1.0000000000
3734  3.632  -67.481  26.564 1.0000000000
3750  -1.110  -68.294  24.111 1.0000000000
3768  -3.392  -67.417  23.810 1.0000000000
3840  -2.817  -67.273  17.980 1.0000000000
3856  -4.857  -67.994  16.665 1.0000000000
3877  -7.863  -68.143  14.437 0.8999999762
4098  -3.011  -66.758  35.551 1.0000000000
4118  3.502  -66.230  33.747 1.0000000000
4127  5.382  -65.651  32.227 1.0000000000
4153  6.176  -66.014  29.584 1.0000000000
4166  5.710  -66.820  27.202 1.0000000000
4193  1.867  -65.969  25.607 1.0000000000
4235  -8.981  -64.641  23.659 1.0000000000
4239  -8.213  -65.745  21.846 1.0000000000
4250  -7.411  -65.859  21.097 1.0000000000
4267  -0.617  -65.636  18.844 1.0000000000
4317  -4.774  -66.864  16.736 1.0000000000
4363  -9.941  -66.844  12.852 0.8999999762
4401  -9.835  -67.048  11.032 0.6999999881
4591  -7.676  -64.813  40.764 0.8000000119
4652  1.746  -64.801  35.135 1.0000000000
4653  1.406  -65.429  35.117 1.0000000000
4654  0.614  -65.480  35.300 1.0000000000
4655  -0.311  -65.455  35.503 1.0000000000
4656  -1.376  -65.721  35.659 1.0000000000
4691  6.340  -65.172  30.714 1.0000000000
4714  6.444  -65.758  28.948 1.0000000000
4741  0.606  -65.505  25.628 1.0000000000
4743  -2.035  -65.274  25.289 1.0000000000
4756  2.266  -65.960  23.980 1.0000000000
4781  2.678  -65.713  23.468 1.0000000000
4796  3.324  -65.393  22.865 1.0000000000
4801  -1.000  -65.202  22.473 1.0000000000
4809  1.359  -65.394  21.471 1.0000000000
4820  2.507  -65.207  20.286 1.0000000000
4827  -6.195  -65.923  20.748 1.0000000000
4840  -0.525  -65.084  17.855 1.0000000000
4850  -5.013  -65.891  16.749 1.0000000000
4886  -10.081  -65.685  14.693 0.8999999762
5222  -1.239  -64.463  35.500 1.0000000000
5233  0.437  -64.268  35.182 1.0000000000
5243  2.836  -64.165  34.231 1.0000000000
5252  4.879  -64.398  32.771 1.0000000000
5254  2.522  -63.790  32.448 1.0000000000
5256  0.362  -64.147  32.162 1.0000000000
5258  -1.948  -64.311  32.008 1.0000000000
5264  5.819  -64.244  31.415 1.0000000000
5271  -1.327  -64.475  31.391 1.0000000000
5286  1.833  -63.879  30.334 1.0000000000
5287  1.185  -64.157  30.409 1.0000000000
5303  -0.265  -64.544  29.756 1.0000000000
5311  7.235  -64.777  28.555 1.0000000000
5315  -2.797  -64.666  28.642 1.0000000000
5325  7.275  -64.679  26.867 1.0000000000
5333  6.067  -65.482  24.930 1.0000000000
5360  5.195  -65.079  23.170 1.0000000000
5377  4.058  -64.693  21.171 1.0000000000
5386  3.367  -63.768  19.627 1.0000000000
5387  2.824  -64.224  19.259 1.0000000000
5392  2.160  -64.143  18.724 1.0000000000
5395  -8.488  -64.716  18.750 1.0000000000
5401  0.357  -63.972  17.859 1.0000000000
5409  -8.834  -65.352  18.133 1.0000000000
5425  -5.336  -64.937  16.736 1.0000000000
5471  -10.407  -64.236  13.760 0.8999999762
5740  -7.508  -63.666  35.508 1.0000000000
5752  -0.614  -64.063  35.207 1.0000000000
5776  1.384  -63.760  33.714 1.0000000000
5777  0.442  -63.774  33.746 1.0000000000
5782  -4.091  -63.291  33.413 1.0000000000
5791  -0.883  -64.009  32.913 1.0000000000
5803  4.405  -63.293  31.305 1.0000000000
5805  -2.750  -64.241  31.799 1.0000000000
5837  1.233  -63.839  29.056 1.0000000000
5838  -4.186  -64.514  28.590 1.0000000000
5842  -8.537  -63.122  29.060 1.0000000000
5851  7.616  -64.167  28.012 1.0000000000
5871  -0.678  -63.757  27.300 1.0000000000
5885  7.393  -63.682  26.561 1.0000000000
5907  6.661  -63.143  24.003 1.0000000000
5908  6.456  -64.105  23.960 1.0000000000
5925  6.015  -63.409  22.707 1.0000000000
5928  5.370  -63.230  21.556 1.0000000000
5933  -7.880  -63.589  20.835 1.0000000000
5938  3.394  -62.993  19.469 1.0000000000
5943  -8.873  -63.777  19.901 1.0000000000
5948  2.291  -63.052  18.667 1.0000000000
5949  0.900  -63.276  18.124 1.0000000000
5951  -2.850  -63.345  18.095 1.0000000000
5957  -10.041  -63.752  18.996 1.0000000000
5969  -2.393  -63.901  17.563 1.0000000000
5972  -5.583  -63.520  18.028 1.0000000000
6307  -7.569  -60.754  39.247 0.6000000238
6345  -4.619  -63.291  33.652 1.0000000000
6382  5.765  -62.179  30.993 1.0000000000
6383  5.059  -62.047  31.321 1.0000000000
6398  7.051  -61.966  30.086 1.0000000000
6399  5.333  -62.902  30.714 1.0000000000
6413  2.156  -62.836  29.881 1.0000000000
6415  -3.024  -62.048  28.909 0.6000000238
6416  -6.075  -61.906  28.215 0.8000000119
6417  -8.960  -63.011  28.938 1.0000000000
6418  -9.177  -62.676  29.297 1.0000000000
6430  7.772  -62.501  28.912 1.0000000000
6432  1.184  -63.142  27.630 1.0000000000
6434  -4.710  -62.004  28.155 0.8000000119
6436  -6.925  -62.590  27.804 0.8000000119
6438  -8.492  -63.006  28.674 0.8999999762
6459  -0.016  -62.513  26.216 1.0000000000
6470  -3.831  -62.491  24.977 1.0000000000
6489  6.465  -62.291  23.476 1.0000000000
6501  5.071  -62.542  21.266 1.0000000000
6503  -3.025  -62.312  21.207 1.0000000000
6508  -8.624  -62.612  21.955 1.0000000000
6515  0.033  -62.207  20.189 1.0000000000
6518  -2.724  -62.465  20.287 1.0000000000
6532  -1.762  -62.574  19.007 1.0000000000
6533  -2.530  -62.609  19.359 1.0000000000
6542  0.593  -62.759  18.373 1.0000000000
6546  -3.211  -62.893  18.826 1.0000000000
6561  -0.725  -63.073  17.990 1.0000000000
6962  -8.750  -61.712  33.542 1.0000000000
6972  5.042  -61.021  31.866 1.0000000000
6975  -9.147  -61.784  32.777 1.0000000000
6984  5.540  -61.300  31.500 1.0000000000
6986  3.995  -61.396  31.435 1.0000000000
7003  3.402  -62.232  30.762 1.0000000000
7010  -9.586  -61.729  29.985 1.0000000000
7028  -4.232  -61.693  29.488 0.6999999881
7049  -8.224  -62.456  28.533 0.8999999762
7058  6.619  -61.355  26.990 1.0000000000
7060  1.060  -61.431  27.005 1.0000000000
7061  -3.235  -61.632  27.944 0.6000000238
7073  -6.005  -61.043  27.381 0.8000000119
7088  -6.990  -61.578  25.229 0.8000000119
7113  -2.004  -61.352  22.523 1.0000000000
7115  -3.690  -61.246  22.327 1.0000000000
7120  -9.363  -61.032  22.489 1.0000000000
7125  5.266  -61.949  21.741 1.0000000000
7130  0.542  -61.273  21.482 1.0000000000
7133  -3.348  -61.942  21.869 1.0000000000
7142  2.041  -61.339  20.717 1.0000000000
7145  -0.451  -62.071  21.098 1.0000000000
7152  -10.269  -62.692  19.746 1.0000000000
7594  -8.106  -59.812  35.544 1.0000000000
7626  4.533  -59.981  32.571 1.0000000000
7633  -9.593  -60.393  32.119 0.8999999762
7643  5.870  -60.598  31.361 1.0000000000
7645  3.805  -60.540  31.969 1.0000000000
7653  -9.649  -60.352  31.441 0.8999999762
7660  6.293  -60.565  30.270 1.0000000000
7698  6.197  -60.602  28.636 1.0000000000
7702  -3.431  -60.519  27.737 0.6000000238
7720  -4.140  -60.702  27.451 0.6999999881
7735  3.432  -60.326  26.284 1.0000000000
7742  -7.775  -60.545  25.437 0.8000000119
7752  5.034  -60.668  25.999 1.0000000000
7755  -1.390  -60.804  24.570 1.0000000000
7756  -2.035  -60.270  24.037 1.0000000000
7759  -7.661  -60.426  24.745 0.8000000119
7770  -4.490  -60.247  24.380 1.0000000000
7772  -7.015  -61.088  24.674 0.8000000119
7783  5.370  -60.891  22.669 1.0000000000
7786  -1.211  -61.282  22.437 1.0000000000
7789  -4.004  -60.234  22.553 1.0000000000
7792  -8.139  -60.017  23.250 1.0000000000
7793  -9.085  -60.173  22.522 1.0000000000
7797  4.501  -60.640  21.678 1.0000000000
7801  -0.007  -60.960  22.023 1.0000000000
7833  -8.005  -59.815  18.148 0.8000000119
7851  -9.552  -59.929  16.861 0.8999999762
7852  -9.895  -60.489  16.299 0.8000000119
8276  4.074  -58.934  33.073 1.0000000000
8292  4.598  -59.129  32.873 1.0000000000
8294  2.879  -59.339  32.213 1.0000000000
8308  5.603  -59.893  31.796 1.0000000000
8330  -7.651  -59.302  30.558 0.8000000119
8376  3.544  -59.338  27.547 1.0000000000
8377  0.696  -59.735  26.820 1.0000000000
8411  -2.116  -59.508  24.676 1.0000000000
8433  4.065  -59.817  23.005 1.0000000000
8442  -9.024  -59.236  22.081 1.0000000000
8449  -1.937  -59.023  22.077 1.0000000000
8451  -3.529  -58.391  21.818 1.0000000000
8455  -8.186  -59.808  20.189 1.0000000000
8456  -9.164  -59.882  21.261 1.0000000000
8469  -6.482  -59.031  18.290 1.0000000000
8486  -6.967  -59.425  18.163 0.8999999762
8511  -9.223  -58.984  15.590 0.5000000000
8931  -6.544  -57.882  34.354 0.6000000238
8933  -7.733  -58.057  33.983 0.6999999881
8936  4.317  -58.407  33.117 1.0000000000
8940  -7.175  -57.841  33.921 0.6999999881
8947  4.699  -58.313  32.890 1.0000000000
8983  4.913  -57.738  30.075 1.0000000000
9007  1.194  -58.610  28.789 1.0000000000
9033  -0.736  -58.005  26.560 1.0000000000
9047  -0.460  -58.660  26.360 1.0000000000
9076  -7.576  -58.103  24.185 0.8000000119
9090  -5.922  -58.336  22.492 1.0000000000
9091  -6.907  -58.542  22.713 1.0000000000
9092  -7.801  -58.724  22.653 1.0000000000
9107  -9.061  -58.229  21.038 1.0000000000
9115  -7.909  -58.959  19.997 1.0000000000
9144  -6.107  -58.272  17.152 0.6000000238
9169  -8.802  -58.416  14.930 0.6000000238
9616  4.941  -57.505  32.826 1.0000000000
9617  4.571  -57.666  33.067 1.0000000000
9619  2.283  -57.893  32.128 1.0000000000
9628  6.740  -56.804  31.570 1.0000000000
9646  1.029  -56.956  30.064 1.0000000000
9661  7.141  -57.126  30.157 1.0000000000
9663  5.181  -57.361  30.365 1.0000000000
9686  8.412  -57.378  28.996 1.0000000000
9689  4.319  -57.005  29.037 1.0000000000
9708  9.309  -57.443  27.756 1.0000000000
9715  -7.880  -57.767  28.183 0.6999999881
9726  9.781  -57.294  26.985 1.0000000000
9747  2.212  -56.878  26.589 1.0000000000
9750  -3.580  -57.421  25.764 1.0000000000
9751  -4.265  -57.038  25.528 1.0000000000
9754  -8.872  -57.231  24.829 0.8000000119
9766  -4.871  -57.607  24.835 1.0000000000
9776  8.855  -57.549  23.521 1.0000000000
9788  -5.784  -57.645  22.260 1.0000000000
9795  0.506  -57.104  21.692 1.0000000000
9798  -3.159  -57.053  21.096 1.0000000000
9811  -8.909  -57.402  21.158 1.0000000000
9835  -6.092  -57.936  17.349 0.8999999762
9836  -6.518  -57.790  18.014 0.8999999762
10334  6.467  -56.257  32.407 1.0000000000
10335  5.721  -56.195  32.953 1.0000000000
10336  3.697  -56.898  33.052 1.0000000000
10351  1.214  -55.903  31.087 1.0000000000
10363  7.686  -56.649  31.136 1.0000000000
10414  3.927  -56.771  27.728 1.0000000000
10433  -2.633  -56.501  26.634 1.0000000000
10434  -3.302  -56.392  26.257 1.0000000000
10449  3.848  -56.576  25.987 1.0000000000
10450  2.756  -56.637  25.981 1.0000000000
10468  -6.378  -56.560  24.010 1.0000000000
10476  7.493  -57.049  23.371 1.0000000000
10479  4.436  -55.853  23.548 1.0000000000
10481  1.593  -55.729  24.452 1.0000000000
10486  10.614  -56.198  22.484 1.0000000000
10488  8.471  -56.954  22.355 1.0000000000
10496  9.539  -56.266  21.717 1.0000000000
10500  -0.030  -56.411  21.679 1.0000000000
10505  -5.640  -56.421  21.816 1.0000000000
10508  -8.694  -56.514  21.186 1.0000000000
10515  -3.345  -56.312  20.663 1.0000000000
10540  -7.110  -56.596  17.671 0.8999999762
11015  5.050  -56.123  33.247 1.0000000000
11024  3.868  -55.595  32.939 1.0000000000
11025  2.467  -55.553  32.248 1.0000000000
11035  1.494  -55.408  31.492 1.0000000000
11048  7.989  -55.484  31.018 1.0000000000
11049  0.116  -54.602  30.352 1.0000000000
11061  8.657  -56.352  30.001 1.0000000000
11064  -0.354  -54.761  29.635 1.0000000000
11085  -1.352  -54.883  28.324 1.0000000000
11086  -1.991  -55.008  27.630 1.0000000000
11096  -1.636  -55.767  27.676 1.0000000000
11097  -2.428  -55.721  27.095 1.0000000000
11123  11.701  -55.901  25.497 1.0000000000
11147  11.804  -55.772  24.075 1.0000000000
11159  1.394  -55.410  23.033 1.0000000000
11168  6.556  -55.863  21.566 1.0000000000
11170  4.020  -54.910  22.404 1.0000000000
11175  -0.395  -55.636  21.730 1.0000000000
11179  -6.833  -55.020  21.948 1.0000000000
11188  10.067  -54.957  20.717 1.0000000000
11191  7.604  -55.289  20.696 1.0000000000
11196  -3.330  -55.634  20.267 1.0000000000
11207  -3.250  -54.991  19.950 1.0000000000
11212  -8.445  -55.643  20.168 1.0000000000
11693  5.811  -54.904  32.589 1.0000000000
11696  2.638  -54.890  32.081 1.0000000000
11705  7.464  -55.214  31.499 1.0000000000
11706  6.589  -54.853  32.027 1.0000000000
11708  3.885  -54.308  31.969 1.0000000000
11711  1.435  -54.606  31.374 1.0000000000
11724  -0.336  -54.031  30.288 1.0000000000
11741  -1.276  -54.091  28.870 1.0000000000
11756  9.376  -55.475  28.227 1.0000000000
11771  9.967  -54.593  27.681 1.0000000000
11789  11.612  -55.014  26.646 1.0000000000
11790  10.923  -55.146  26.941 1.0000000000
11792  -3.017  -55.042  25.893 1.0000000000
11823  -3.517  -54.903  24.066 1.0000000000
11824  -4.322  -54.619  23.592 1.0000000000
11825  -5.567  -54.429  23.422 0.8000000119
11846  -0.061  -54.884  21.528 1.0000000000
11849  -8.242  -54.214  21.000 1.0000000000
11856  10.912  -54.012  20.480 1.0000000000
11858  8.831  -54.655  20.239 1.0000000000
11862  5.505  -54.374  20.648 1.0000000000
11866  1.391  -54.147  20.831 1.0000000000
11871  -8.491  -54.255  20.416 1.0000000000
11890  -7.590  -54.223  18.507 1.0000000000
11928  -6.509  -54.123  16.291 0.8000000119
12339  4.526  -53.672  30.294 1.0000000000
12341  1.535  -53.717  30.525 1.0000000000
12342  0.624  -53.896  30.836 1.0000000000
12343  -0.024  -53.872  30.527 1.0000000000
12359  5.651  -53.488  28.893 1.0000000000
12361  3.203  -53.450  29.589 1.0000000000
12365  -0.472  -53.848  29.961 1.0000000000
12366  -1.012  -53.780  29.104 1.0000000000
12379  13.816  -53.335  27.865 1.0000000000
12386  4.999  -53.229  28.648 0.8999999762
12408  -1.211  -53.494  28.088 1.0000000000
12409  -1.403  -53.500  27.130 1.0000000000
12423  18.927  -53.219  26.268 1.0000000000
12426  -1.405  -53.632  26.041 1.0000000000
12427  -1.997  -54.241  25.721 1.0000000000
12446  -7.952  -52.680  24.561 0.6000000238
12452  17.556  -53.823  24.737 1.0000000000
12454  15.831  -54.382  24.300 1.0000000000
12457  -4.978  -53.950  23.137 0.8999999762
12464  -1.665  -53.340  23.109 0.8999999762
12466  -3.123  -53.715  23.147 1.0000000000
12468  14.550  -53.212  22.716 1.0000000000
12472  13.260  -53.206  21.778 1.0000000000
12493  3.115  -53.919  20.470 1.0000000000
12497  -0.907  -53.897  20.650 1.0000000000
12512  7.284  -53.219  19.789 1.0000000000
12554  -7.280  -53.598  18.131 0.8999999762
12989  11.990  -51.989  29.954 0.8999999762
13012  13.358  -52.529  28.079 1.0000000000
13021  3.407  -53.072  28.012 0.8999999762
13025  -0.413  -53.190  27.736 1.0000000000
13037  15.440  -52.839  27.817 0.8000000119
13045  2.356  -52.991  26.940 1.0000000000
13046  1.620  -53.097  27.093 1.0000000000
13047  0.563  -53.092  27.237 1.0000000000
13066  0.256  -52.855  26.282 1.0000000000
13068  -0.918  -53.278  25.813 1.0000000000
13110  0.508  -52.449  24.490 0.8999999762
13111  -0.181  -52.866  24.055 0.8999999762
13116  -7.282  -52.381  23.962 0.6999999881
13126  -2.370  -52.624  22.781 0.8999999762
13134  14.197  -52.372  22.147 1.0000000000
13135  13.098  -52.527  21.418 1.0000000000
13160  9.940  -52.150  19.799 1.0000000000
13161  9.351  -52.579  19.740 1.0000000000
13165  5.782  -52.602  19.567 1.0000000000
13168  2.517  -52.465  19.541 1.0000000000
13170  0.175  -52.680  19.635 1.0000000000
13185  -7.141  -52.249  18.652 1.0000000000
13787  21.411  -51.313  26.192 0.6999999881
13800  20.899  -51.837  25.857 0.6999999881
13819  3.190  -51.788  23.522 0.8999999762
13823  -3.659  -51.330  23.400 0.8000000119
13829  19.023  -51.692  23.808 1.0000000000
13831  16.937  -51.646  23.178 1.0000000000
13833  9.317  -50.744  22.863 0.8999999762
13835  1.387  -51.699  22.689 0.8999999762
13840  -3.130  -51.860  22.884 0.8999999762
13845  1.914  -50.821  21.654 0.8999999762
13846  1.241  -51.263  21.901 0.8999999762
13856  12.893  -51.819  21.105 1.0000000000
14453  7.301  -50.131  31.075 0.6999999881
14454  6.776  -49.582  31.063 0.6000000238
14460  15.061  -50.576  30.161 0.5000000000
14463  7.690  -50.642  30.557 0.8000000119
14487  3.526  -50.401  28.851 0.6000000238
14502  20.225  -50.239  27.715 0.6999999881
14530  2.449  -49.753  26.652 0.8000000119
14533  -7.008  -49.802  25.642 0.6000000238
14543  22.354  -50.258  25.589 0.6999999881
14545  9.426  -49.443  23.850 0.8999999762
14601  16.340  -50.207  22.825 1.0000000000
14603  15.181  -50.752  22.349 1.0000000000
14617  14.943  -49.957  22.025 1.0000000000
14633  13.107  -50.376  20.962 1.0000000000
14647  10.050  -50.487  19.641 1.0000000000
14650  7.816  -50.327  19.239 1.0000000000
14651  6.889  -50.531  18.976 1.0000000000
14672  4.120  -50.360  18.647 1.0000000000
14676  0.746  -50.414  18.765 1.0000000000
15277  2.323  -49.348  29.492 0.6999999881
15285  17.279  -49.240  28.758 0.6000000238
15289  -0.594  -49.669  28.687 0.6000000238
15296  21.313  -49.620  27.237 0.6999999881
15297  20.631  -49.457  27.608 0.6999999881
15301  16.743  -49.957  27.947 0.6000000238
15303  0.385  -49.669  27.605 0.6000000238
15304  -1.060  -49.461  27.894 0.6000000238
15305  -1.711  -49.073  27.864 0.6000000238
15319  1.742  -49.497  26.384 0.6999999881
15321  -0.886  -48.298  26.174 0.6000000238
15340  -1.072  -48.127  24.330 0.6999999881
15351  22.545  -49.702  24.518 0.6999999881
15353  2.235  -48.691  23.142 0.8999999762
15379  21.530  -49.609  23.554 0.6999999881
15384  1.480  -48.917  22.353 0.8999999762
15385  0.575  -49.105  22.377 0.8000000119
15388  -2.186  -49.738  23.211 0.6999999881
15408  15.957  -49.601  22.558 1.0000000000
15411  1.685  -49.636  21.770 0.8999999762
15452  7.825  -49.348  19.328 1.0000000000
15474  2.382  -49.118  18.595 1.0000000000
15475  1.617  -49.450  18.649 1.0000000000
15478  -6.369  -49.595  19.547 0.8999999762
15499  -3.777  -49.403  16.071 0.6000000238
16081  15.892  -48.997  30.550 0.4000000060
16091  18.357  -48.273  29.285 0.5000000000
16098  -0.532  -48.846  29.357 0.6000000238
16099  -1.375  -48.837  29.151 0.6000000238
16109  -2.003  -48.695  28.722 0.6000000238
16119  18.491  -48.577  27.982 0.5000000000
16121  -2.847  -47.963  27.558 0.6000000238
16135  -1.005  -47.935  25.209 0.6000000238
16163  -2.506  -48.062  24.388 0.6000000238
16166  23.135  -48.257  23.962 0.6999999881
16169  21.205  -49.007  23.077 0.6999999881
16173  20.899  -48.349  22.628 0.8999999762
16176  17.635  -48.257  22.838 1.0000000000
16192  12.515  -48.614  20.631 1.0000000000
16212  8.457  -48.758  19.681 1.0000000000
16220  -0.869  -48.448  19.850 0.8999999762
16228  5.352  -48.997  18.865 1.0000000000
16233  0.951  -48.872  18.859 1.0000000000
16872  17.150  -47.905  30.545 0.4000000060
16928  23.296  -47.967  25.268 0.6999999881
16929  22.875  -48.128  26.049 0.6999999881
16947  19.633  -47.568  22.352 0.8999999762
16950  17.062  -47.775  22.613 1.0000000000
16977  12.190  -47.706  20.690 1.0000000000
16981  7.955  -47.534  20.705 1.0000000000
16988  1.116  -47.349  20.102 1.0000000000
17001  8.192  -47.974  20.050 1.0000000000
17015  2.712  -48.000  18.872 1.0000000000
17016  1.969  -47.950  18.900 1.0000000000
17687  20.917  -46.659  27.859 0.6000000238
17735  8.519  -46.314  23.080 1.0000000000
17743  -4.824  -46.240  23.104 0.8000000119
17747  21.488  -45.820  21.628 0.6999999881
17749  19.817  -46.326  21.586 0.8000000119
17756  11.371  -46.073  22.234 1.0000000000
17760  2.291  -47.161  21.571 0.8999999762
17776  10.943  -46.888  21.529 1.0000000000
17779  7.063  -47.225  21.766 1.0000000000
17780  2.521  -47.292  20.785 1.0000000000
17805  -2.723  -46.638  17.810 0.6000000238
18468  1.852  -45.420  25.190 0.8999999762
18476  23.577  -45.870  23.469 0.6000000238
18486  -5.141  -44.788  23.363 0.6999999881
18493  10.786  -46.024  22.558 1.0000000000
18497  7.639  -45.574  23.819 1.0000000000
18503  -5.112  -45.559  23.218 0.8000000119
18504  -5.357  -45.232  22.907 0.8000000119
18508  22.290  -44.974  21.711 0.6999999881
18514  16.648  -45.249  21.604 1.0000000000
18515  13.607  -45.022  21.538 1.0000000000
18533  -4.641  -45.690  21.213 0.8000000119
19251  -3.950  -43.469  24.481 0.6999999881
19264  -4.947  -44.038  23.606 0.6999999881
19268  22.847  -44.495  21.891 0.6000000238
19269  10.605  -45.509  22.533 1.0000000000
19274  6.241  -44.627  23.525 1.0000000000
19275  -5.165  -44.512  23.106 0.8000000119
19282  16.140  -44.520  21.344 1.0000000000
19285  13.818  -44.544  21.455 1.0000000000
19288  10.373  -44.677  22.287 1.0000000000
19324  -3.609  -44.698  20.065 0.5000000000
20032  -0.447  -43.194  26.035 0.6999999881
20052  23.803  -44.146  23.038 0.6000000238
20056  -4.744  -43.198  23.675 0.6999999881
20070  15.685  -43.929  20.930 1.0000000000
20078  8.270  -43.403  21.618 0.8999999762
20097  14.906  -43.004  20.622 1.0000000000
20104  -3.351  -42.982  21.088 0.6000000238
20878  -2.732  -42.106  25.745 0.6000000238
20880  -4.108  -41.812  24.644 0.6000000238
20891  -4.244  -41.659  23.673 0.6000000238
20892  -4.402  -42.261  23.213 0.6000000238
20899  5.200  -42.106  22.055 0.6999999881
20913  20.886  -42.358  20.770 0.6000000238
20919  6.953  -42.588  21.470 0.8000000119
20938  14.297  -42.323  20.721 0.8999999762
20944  -3.144  -42.206  21.055 0.6000000238
20957  15.200  -42.402  19.965 0.8000000119
21762  -2.514  -41.555  25.440 0.6000000238
21817  10.914  -41.203  21.350 0.8000000119
21820  8.029  -41.525  21.406 0.8000000119
21834  13.016  -40.707  20.960 0.8999999762
21875  15.595  -41.393  18.870 0.8000000119
22736  9.850  -40.354  21.434 0.8000000119
22740  6.881  -41.004  21.427 0.6999999881
22775  14.212  -40.775  20.341 0.8000000119
23699  8.751  -39.447  21.499 0.6000000238
23718  13.567  -39.367  20.390 0.8000000119
23744  2.252  -38.662  19.655 0.3000000119
93393  -8.573  -64.299  23.116 1.0000000000
93402  3.747  -45.328  25.296 0.8999999762
93406  3.252  -44.060  25.148 0.8000000119
93792  10.684  -51.227  24.048 0.8999999762
93832  10.130  -50.337  23.400 0.8999999762
93863  7.565  -49.101  23.969 0.8999999762
93906  7.492  -50.308  22.412 0.8999999762
93938  -7.422  -66.608  24.859 1.0000000000
94054  3.821  -46.141  24.728 0.8999999762
94060  2.341  -42.594  25.338 0.6999999881
94073  -5.890  -63.845  24.460 1.0000000000
94086  3.578  -44.914  25.399 0.8000000119
94276  14.054  -51.558  30.114 0.6999999881
94498  4.635  -81.968  23.892 0.5000000000
94865  2.257  -67.324  33.280 1.0000000000
95510  -2.761  -65.154  17.335 1.0000000000
95906  17.062  -45.993  21.944 1.0000000000
95933  -8.561  -59.209  24.775 0.8000000119
95989  -4.229  -58.018  21.726 1.0000000000
96071  1.916  -65.397  20.807 1.0000000000
96134  5.766  -66.449  30.759 1.0000000000
96147  14.666  -45.356  21.640 1.0000000000
96153  3.050  -62.406  19.699 1.0000000000
96542  -4.266  -47.351  22.667 0.8999999762
96756  14.853  -51.069  28.282 0.6999999881
96763  8.549  -57.816  25.212 1.0000000000
96802  -0.770  -63.869  17.670 1.0000000000
97102  23.487  -46.328  24.691 0.6000000238
97291  -2.507  -67.693  23.793 1.0000000000
97475  21.226  -46.085  28.336 0.4000000060
97634  5.092  -50.565  29.404 0.6999999881
97799  16.000  -53.599  27.568 1.0000000000
97845  22.901  -45.831  22.380 0.6000000238
97927  -4.866  -43.813  23.282 0.6999999881
98002  22.937  -43.009  21.745 0.5000000000
98071  -3.912  -62.798  19.754 1.0000000000
98090  14.247  -41.671  20.552 0.8999999762
98220  -4.171  -63.818  31.852 1.0000000000
98800  2.475  -57.111  32.418 1.0000000000
98861  -9.776  -60.857  30.785 0.8999999762
99652  5.865  -56.664  26.221 1.0000000000
99725  -4.463  -51.726  16.141 0.8000000119
99736  -4.475  -58.913  33.299 0.5000000000
99837  -1.887  -50.089  20.007 1.0000000000
100054  -8.209  -62.918  32.709 1.0000000000
100421  2.291  -59.240  21.243 1.0000000000
100621  -2.778  -64.445  17.370 1.0000000000
100812  5.325  -74.983  24.701 0.8999999762
100874  2.766  -57.095  27.509 1.0000000000
100930  1.937  -50.159  28.548 0.8000000119
100931  2.971  -48.642  18.674 1.0000000000
101040  6.007  -66.327  26.803 1.0000000000
101240  -8.010  -58.089  19.796 1.0000000000
101381  -3.476  -47.418  25.328 0.6000000238
101503  0.625  -75.305  23.170 0.8999999762
101801  -0.878  -64.785  24.023 1.0000000000
101832  21.914  -50.655  26.162 0.6999999881
102307  -5.925  -63.407  18.877 1.0000000000
102340  -1.069  -46.630  21.818 0.8999999762
102613  1.834  -61.235  29.377 1.0000000000
102997  19.898  -51.009  27.739 0.6999999881
103058  3.602  -63.688  32.521 1.0000000000
103355  -6.749  -48.226  21.616 0.8999999762
103378  22.645  -49.885  25.085 0.6999999881
103394  -5.846  -63.324  31.772 1.0000000000
103429  11.384  -51.753  20.253 1.0000000000
103774  3.160  -59.495  24.425 1.0000000000
103821  4.330  -50.525  29.093 0.6999999881
103979  1.346  -44.105  25.744 0.8000000119
104194  12.102  -55.522  23.199 1.0000000000
104417  2.805  -59.779  20.911 1.0000000000
104601  -7.225  -55.708  17.475 1.0000000000
104724  -3.051  -57.767  21.435 1.0000000000
104796  7.207  -61.794  27.418 1.0000000000
105257  1.215  -69.139  23.735 0.8999999762
105295  2.056  -65.455  23.214 1.0000000000
105447  5.172  -42.863  22.364 0.8000000119
105520  -4.917  -63.743  17.521 1.0000000000
105577  15.381  -43.407  20.649 1.0000000000
105588  10.119  -56.560  22.381 1.0000000000
105903  7.736  -51.707  19.401 1.0000000000
106075  -10.254  -61.185  13.566 0.6999999881
106105  4.558  -71.250  25.117 0.8999999762
106115  3.359  -60.252  20.868 1.0000000000
106173  15.746  -45.989  21.890 1.0000000000
106272  -5.855  -69.790  10.403 0.6999999881
106314  1.890  -58.337  31.528 1.0000000000
106324  12.256  -42.180  21.330 0.8999999762
106331  -0.957  -65.006  35.688 1.0000000000
106460  5.539  -74.929  24.053 0.8999999762
106479  1.311  -58.250  30.243 1.0000000000
106516  5.936  -47.697  20.146 1.0000000000
106517  3.303  -54.735  32.235 1.0000000000
106828  -8.607  -65.663  26.522 1.0000000000
106968  5.717  -50.920  21.705 0.8999999762
107045  -8.943  -65.482  25.979 1.0000000000
107054  7.118  -51.217  22.176 0.8999999762
107580  -2.794  -65.931  17.510 1.0000000000
107656  6.831  -61.153  28.774 1.0000000000
107857  -8.920  -58.513  25.364 0.8000000119
108035  1.616  -70.669  22.810 0.8999999762
108150  4.751  -54.143  31.818 1.0000000000
108288  6.920  -64.877  29.630 1.0000000000
108324  3.995  -49.523  18.640 1.0000000000
108411  -7.658  -64.284  22.404 1.0000000000
108533  -7.920  -63.331  21.501 1.0000000000
108769  -6.720  -54.146  21.892 1.0000000000
108904  0.849  -49.476  29.208 0.6000000238
108982  -8.753  -61.675  22.596 1.0000000000
109229  -1.202  -52.956  19.607 1.0000000000
109233  6.485  -48.837  31.110 0.5000000000
109368  15.660  -54.167  27.323 1.0000000000
109621  3.038  -67.622  27.203 1.0000000000
109972  1.825  -58.918  31.202 1.0000000000
109975  4.396  -53.278  28.963 1.0000000000
109979  23.655  -46.270  24.010 0.6000000238
109987  -0.226  -61.752  25.806 1.0000000000
110192  12.207  -55.055  26.395 1.0000000000
110200  4.724  -56.525  33.188 1.0000000000
110253  1.960  -55.704  31.938 1.0000000000
110266  4.702  -49.580  22.413 0.8999999762
110273  12.327  -53.827  21.267 1.0000000000
110275  4.557  -66.196  24.453 1.0000000000
110432  -1.158  -54.463  21.229 1.0000000000
110470  1.709  -58.563  21.448 1.0000000000
110593  4.131  -59.388  32.840 1.0000000000
110966  1.703  -69.564  24.566 0.8999999762
111031  -8.575  -64.473  26.040 1.0000000000
111211  -5.456  -64.056  29.976 1.0000000000
111253  -5.896  -72.525  37.232 0.8999999762
111259  6.422  -52.464  19.515 1.0000000000
111393  -5.111  -60.955  24.399 1.0000000000
111412  3.943  -70.696  25.009 0.8999999762
111432  11.169  -51.033  20.029 1.0000000000
111490  -8.256  -58.519  24.472 0.8000000119
111618  -8.927  -56.946  20.157 1.0000000000
111639  6.523  -78.772  22.204 0.8000000119
111758  3.567  -57.216  28.268 1.0000000000
111887  11.676  -42.751  21.517 0.8999999762
112029  1.705  -60.523  29.765 1.0000000000
112220  -6.878  -53.695  17.330 0.8999999762
112279  14.748  -51.317  27.920 0.6999999881
112290  7.814  -52.408  24.547 0.8999999762
112576  -9.539  -62.104  30.969 1.0000000000
113219  -5.544  -63.486  26.457 0.8999999762
113265  -8.287  -54.325  24.742 0.6999999881
113285  4.617  -60.175  27.941 1.0000000000
113424  15.369  -48.595  21.963 1.0000000000
113659  1.850  -80.196  26.642 0.8000000119
113681  0.937  -77.856  32.428 0.5000000000
113694  10.144  -50.911  23.293 0.8999999762
113787  -4.119  -56.226  20.535 1.0000000000
113887  -10.553  -62.573  14.361 0.8000000119
114004  19.021  -50.964  23.526 1.0000000000
114130  9.130  -54.038  20.046 1.0000000000
114207  -3.734  -43.418  21.220 0.6000000238
114216  9.554  -50.844  19.536 1.0000000000
114289  -7.427  -59.468  17.764 0.8000000119
