#!ascii label  , from subject sub-v1s16x0051187_ses-1 vox2ras=TkReg
2738
84634  -54.418  33.862  38.892 0.6000000238
84070  -53.393  33.115  37.113 0.6000000238
83506  -52.169  32.718  36.380 0.5000000000
124266  -50.594  31.852  35.550 0.5000000000
82949  -50.035  31.801  35.176 0.4000000060
113346  -48.776  32.149  34.066 0.4000000060
83517  -49.413  32.436  34.594 0.4000000060
82969  -48.553  31.508  33.538 0.3000000119
83535  -47.023  32.143  32.969 0.4000000060
82469  -46.103  31.236  32.229 0.2000000030
82482  -44.740  30.492  31.638 0.2000000030
123087  -44.088  30.487  31.474 0.2000000030
84050  -54.600  33.364  39.028 0.6000000238
84062  -54.609  33.584  38.787 0.6000000238
84071  -54.690  33.586  38.224 0.6999999881
84633  -52.866  34.067  38.696 0.6000000238
84656  -53.870  33.814  36.804 0.6000000238
121898  -54.619  34.578  38.607 0.6000000238
84075  -52.538  33.563  36.061 0.6000000238
120905  -51.389  33.285  35.598 0.6000000238
83518  -49.974  32.750  35.013 0.4000000060
84074  -50.566  32.583  35.418 0.5000000000
82978  -46.794  31.592  32.577 0.3000000119
82968  -47.834  32.016  33.282 0.3000000119
82468  -45.149  31.175  32.018 0.2000000030
82483  -45.602  30.543  31.760 0.2000000030
81988  -45.164  29.871  31.388 0.2000000030
84657  -55.362  34.212  37.801 0.6999999881
107827  -50.490  33.516  34.935 0.4000000060
84084  -49.607  33.273  34.524 0.4000000060
123245  -48.291  32.145  33.650 0.4000000060
121141  -45.508  31.782  32.299 0.3000000119
82977  -46.189  32.133  32.617 0.4000000060
82984  -43.683  31.029  31.292 0.2000000030
82985  -44.394  31.132  31.710 0.2000000030
84645  -55.337  34.102  38.595 0.6999999881
120281  -54.372  34.556  36.356 0.6999999881
84660  -53.021  34.321  35.732 0.6000000238
84085  -51.249  34.072  35.024 0.5000000000
83516  -48.855  33.020  34.175 0.4000000060
120023  -52.515  34.719  35.051 0.6000000238
83527  -47.312  32.650  33.286 0.4000000060
83528  -48.048  32.861  33.653 0.4000000060
84097  -49.209  33.765  33.939 0.4000000060
84667  -50.030  34.065  34.232 0.5000000000
85258  -51.218  35.081  33.960 0.6999999881
84096  -48.540  33.531  33.684 0.5000000000
84681  -49.590  34.509  33.561 0.5000000000
84095  -47.164  33.234  33.216 0.4000000060
84679  -47.898  33.855  33.206 0.4000000060
82976  -44.786  31.916  32.040 0.3000000119
83534  -45.421  32.441  32.366 0.3000000119
83526  -46.619  32.759  33.001 0.4000000060
84106  -47.104  33.854  32.817 0.5000000000
106173  -45.958  32.819  32.647 0.3000000119
84105  -46.362  33.465  32.654 0.4000000060
122009  -43.553  30.151  31.087 0.2000000030
84104  -45.393  33.209  32.242 0.4000000060
83533  -44.880  32.664  32.073 0.4000000060
122484  -43.671  31.632  31.209 0.2000000030
111138  -44.074  31.734  31.557 0.4000000060
86490  -51.257  36.677  26.859 0.8000000119
122818  -55.451  34.696  38.437 0.8000000119
85228  -54.472  35.450  38.068 0.6000000238
84646  -55.723  34.702  38.065 0.8000000119
85229  -55.653  35.316  37.945 0.6999999881
84661  -55.830  34.891  37.137 0.8000000119
85252  -53.474  34.938  35.229 0.8000000119
113248  -53.872  35.481  34.520 0.8000000119
85261  -55.281  35.772  34.458 0.8999999762
84680  -48.784  34.216  33.351 0.5000000000
85273  -50.842  35.376  33.320 0.5000000000
85275  -52.955  35.785  33.892 0.8999999762
85276  -54.171  36.057  33.771 0.8999999762
84693  -49.162  34.956  32.954 0.6000000238
85274  -52.197  35.875  33.345 0.8000000119
84692  -48.346  34.682  32.748 0.6000000238
85272  -49.996  35.173  33.122 0.5000000000
114833  -51.522  35.530  33.491 0.8000000119
85858  -53.140  36.305  33.222 0.8999999762
84690  -46.697  34.316  32.293 0.6000000238
85286  -49.638  35.486  32.411 0.6999999881
85288  -51.413  35.888  32.829 0.6999999881
85870  -53.280  36.530  32.483 0.8999999762
111213  -54.461  36.616  32.334 0.8999999762
84691  -47.502  34.504  32.542 0.6000000238
85285  -48.813  35.283  32.233 0.6999999881
85287  -50.476  35.691  32.597 0.8000000119
85857  -52.316  36.275  32.681 0.8000000119
83542  -44.339  32.484  31.662 0.4000000060
85284  -47.954  35.132  32.076 0.6999999881
85297  -49.321  35.748  31.644 0.8000000119
118847  -51.667  36.293  32.207 0.8000000119
124647  -54.593  36.710  31.700 0.8999999762
85882  -51.509  36.455  31.575 0.8000000119
85883  -52.354  36.500  31.931 0.8000000119
86449  -53.386  36.658  31.619 0.8999999762
86448  -52.257  36.657  31.145 0.8000000119
83541  -43.714  32.252  31.100 0.4000000060
84112  -44.079  33.032  31.213 0.4000000060
84708  -44.667  34.135  30.459 0.6000000238
85302  -45.661  35.095  30.076 0.6999999881
84120  -44.095  33.463  30.496 0.3000000119
84716  -44.952  34.632  29.682 0.4000000060
85312  -45.488  35.072  29.238 0.6999999881
85314  -47.042  35.886  29.116 0.6999999881
85323  -46.507  35.554  28.529 0.6999999881
85900  -47.763  36.246  28.741 0.6999999881
85910  -48.629  36.482  28.300 0.8000000119
85911  -49.498  36.660  28.264 0.8000000119
86478  -50.978  36.950  27.996 0.8000000119
86489  -50.222  36.723  27.706 0.8000000119
106052  -51.862  36.985  27.324 0.8000000119
85812  -55.102  36.042  37.697 0.6999999881
85243  -56.047  35.403  37.410 0.8000000119
85254  -56.224  35.604  36.495 0.8999999762
85838  -55.821  36.613  36.515 0.8000000119
85244  -56.314  35.972  36.758 0.8000000119
85262  -56.086  35.847  35.378 0.8999999762
86417  -56.033  37.648  35.152 0.8999999762
85860  -56.113  37.101  34.604 0.8999999762
86416  -55.123  38.340  35.192 0.8999999762
86964  -55.818  38.664  34.653 0.8999999762
85849  -55.926  36.355  34.493 0.8999999762
85848  -55.382  36.330  33.678 0.8999999762
86430  -56.208  37.928  34.334 0.8999999762
85859  -56.090  37.045  33.891 0.8999999762
85871  -54.294  36.491  33.048 0.8999999762
86429  -56.166  37.803  33.523 0.8999999762
85872  -55.631  36.850  33.016 0.8999999762
104959  -55.696  36.853  32.192 0.8999999762
108141  -44.669  33.142  31.741 0.5000000000
84701  -47.116  34.980  31.904 0.6999999881
85296  -48.476  35.578  31.470 0.8000000119
85881  -50.683  36.358  31.324 0.8000000119
86451  -55.458  36.742  31.392 0.8999999762
86450  -54.030  36.804  31.001 0.8999999762
84698  -44.581  33.648  31.175 0.4000000060
84113  -45.103  33.680  31.659 0.6000000238
85880  -49.853  36.179  31.071 0.8000000119
85894  -51.350  36.658  30.790 0.8000000119
86458  -52.988  36.769  30.819 0.8000000119
86460  -54.903  36.866  30.466 0.8000000119
85313  -46.260  35.489  29.437 0.6999999881
85901  -48.371  36.385  29.191 0.8000000119
86491  -52.176  36.728  26.293 0.8000000119
117261  -54.749  39.086  34.560 0.8000000119
86977  -53.719  39.357  34.018 0.8000000119
86978  -55.561  39.161  34.248 0.8999999762
86979  -56.073  38.667  34.046 0.8999999762
118987  -54.805  39.423  33.981 0.8999999762
86993  -55.939  38.287  33.133 0.8999999762
87000  -56.351  37.743  32.009 0.8999999762
86440  -56.031  37.418  32.587 0.8999999762
86452  -56.564  37.042  31.571 0.8999999762
84689  -45.829  34.119  31.865 0.6000000238
85294  -46.743  35.265  31.190 0.6000000238
85295  -47.597  35.436  31.330 0.8000000119
85879  -49.003  36.001  30.845 0.8000000119
85893  -50.466  36.527  30.494 0.8000000119
86459  -53.381  36.936  30.242 0.8000000119
103713  -56.442  36.698  31.048 0.8999999762
85293  -45.849  34.923  31.048 0.6000000238
85305  -48.127  35.814  30.651 0.8000000119
85892  -49.581  36.365  30.202 0.8000000119
119633  -56.610  36.658  30.332 0.8999999762
84699  -45.169  34.248  31.154 0.6000000238
85303  -46.425  35.423  30.389 0.6999999881
85891  -48.666  36.222  29.976 0.8000000119
86470  -52.799  37.079  29.461 0.8000000119
118504  -55.085  36.930  29.665 0.8000000119
86456  -51.164  36.837  29.929 0.8000000119
86471  -53.902  37.061  29.569 0.8000000119
122550  -53.340  36.891  25.609 0.8000000119
86506  -52.649  36.934  26.485 0.8000000119
87511  -55.579  39.149  33.736 0.8999999762
87532  -55.983  38.558  32.371 0.8999999762
87550  -56.497  38.491  31.628 0.8999999762
87006  -57.218  37.349  31.182 0.8999999762
87571  -55.536  39.731  30.136 1.0000000000
88643  -53.254  41.166  29.031 1.0000000000
88107  -54.795  40.286  29.520 1.0000000000
125324  -57.451  37.885  31.048 1.0000000000
88114  -54.228  40.827  29.140 1.0000000000
87563  -57.688  38.134  30.394 1.0000000000
86462  -57.936  37.113  30.390 0.8999999762
85304  -47.249  35.641  30.539 0.8000000119
88108  -56.001  40.117  29.424 1.0000000000
87572  -56.760  39.332  29.977 1.0000000000
122375  -58.249  36.927  29.717 0.8999999762
86472  -57.883  36.698  29.760 0.8999999762
85890  -47.721  36.022  29.734 0.8000000119
85902  -49.270  36.585  29.178 0.8000000119
85903  -50.262  36.676  29.594 0.8000000119
86469  -51.854  37.058  29.314 0.8000000119
104221  -54.497  37.054  28.977 0.8000000119
122508  -52.438  37.180  28.721 0.8000000119
86481  -56.051  36.813  28.932 0.8000000119
86494  -57.325  36.803  27.326 0.8000000119
86479  -51.755  37.107  28.374 0.8000000119
86480  -53.412  37.167  28.610 0.8000000119
104179  -54.606  37.058  28.030 0.8000000119
117794  -56.438  36.846  26.016 0.8000000119
104184  -52.660  37.174  27.725 0.8000000119
86493  -56.191  36.796  27.123 0.8000000119
86492  -54.521  36.913  26.664 0.8000000119
86508  -55.447  36.730  25.491 0.8000000119
105069  -53.404  36.994  26.573 0.8000000119
86522  -53.491  36.985  25.047 0.8000000119
87529  -53.153  39.559  32.803 0.8000000119
110994  -53.580  39.569  32.152 0.8999999762
124320  -54.737  39.368  33.404 0.8999999762
87531  -55.235  39.153  32.849 0.8999999762
87510  -53.873  39.450  33.437 0.8000000119
87548  -54.251  39.564  31.583 0.8999999762
87549  -55.306  39.193  32.007 0.8999999762
87561  -55.205  39.508  31.032 0.8999999762
87570  -54.345  39.910  30.160 1.0000000000
87562  -56.587  38.992  30.781 0.8999999762
88649  -52.310  42.003  28.731 0.8999999762
88106  -53.712  40.425  29.570 1.0000000000
89207  -52.744  42.813  28.569 1.0000000000
120667  -52.727  41.623  28.835 1.0000000000
89744  -52.138  43.575  28.638 0.8999999762
88651  -54.307  41.466  28.757 1.0000000000
88115  -55.427  40.912  28.959 1.0000000000
87573  -57.499  38.520  29.533 1.0000000000
122040  -58.265  37.270  29.731 0.8999999762
89208  -54.071  43.131  28.548 1.0000000000
125373  -56.376  40.582  28.913 1.0000000000
88652  -55.538  41.763  28.528 1.0000000000
87015  -58.080  37.619  28.835 1.0000000000
86495  -57.766  37.133  27.901 0.8999999762
86509  -56.999  37.101  26.533 0.8000000119
123571  -55.844  36.837  25.012 0.8000000119
86523  -54.376  36.933  24.819 0.8000000119
86507  -54.239  36.786  25.270 0.8000000119
87611  -53.502  38.902  25.364 0.8000000119
87047  -53.953  37.538  24.997 0.8000000119
87559  -53.084  39.758  31.206 0.8000000119
125393  -54.478  39.417  32.307 0.8999999762
88098  -52.342  40.137  30.446 0.8999999762
88099  -53.303  40.023  30.250 0.8999999762
87560  -53.984  39.763  30.819 0.8999999762
88105  -52.728  40.593  29.680 1.0000000000
88642  -52.217  41.358  29.220 0.8999999762
89745  -53.430  43.844  28.652 1.0000000000
90873  -52.960  45.984  29.782 0.8000000119
90283  -53.477  45.439  29.393 0.8000000119
89746  -54.617  44.246  28.645 0.8999999762
89210  -55.611  42.641  28.263 1.0000000000
88116  -56.203  41.199  28.450 1.0000000000
121202  -57.583  38.055  27.990 1.0000000000
87023  -57.134  37.882  26.996 0.8999999762
89209  -55.052  43.351  28.406 1.0000000000
88653  -56.173  41.992  28.108 1.0000000000
88130  -56.426  40.075  27.132 1.0000000000
87605  -56.561  38.896  26.461 1.0000000000
87037  -56.707  37.769  25.782 0.8999999762
87049  -55.890  37.306  24.665 0.8999999762
86524  -55.153  36.819  24.741 0.8000000119
87048  -54.970  37.299  24.614 0.8000000119
90879  -53.687  46.014  29.525 0.8000000119
114097  -54.027  45.497  29.312 0.8000000119
89219  -55.533  43.327  28.128 1.0000000000
88663  -56.205  41.822  27.044 1.0000000000
88143  -56.600  39.824  25.638 1.0000000000
87613  -56.529  38.697  25.307 1.0000000000
120472  -56.469  39.555  24.897 0.8999999762
87612  -56.220  38.577  24.794 0.8999999762
114739  -55.701  38.535  24.692 0.8999999762
114335  -54.558  38.716  25.152 0.8999999762
118864  -54.052  39.625  25.209 0.8999999762
91443  -53.175  46.698  29.892 0.8000000119
90284  -54.331  45.086  29.104 0.8999999762
90294  -54.327  45.266  27.378 1.0000000000
89755  -55.364  43.858  27.999 1.0000000000
90295  -54.738  44.309  28.565 0.8999999762
89756  -55.594  43.220  27.221 1.0000000000
88674  -56.416  41.572  25.615 0.8999999762
88153  -56.598  40.590  24.894 0.8999999762
88682  -56.191  40.898  24.463 0.8999999762
88152  -56.279  39.735  24.600 0.8999999762
88158  -55.251  40.919  24.336 0.8999999762
88151  -55.414  39.899  24.554 0.8999999762
88157  -54.069  40.513  24.869 0.8999999762
91446  -53.684  46.801  27.875 0.8999999762
90306  -54.646  44.864  26.171 1.0000000000
90890  -53.963  46.073  27.771 0.8999999762
106859  -54.864  44.400  27.500 1.0000000000
116402  -55.154  44.214  25.586 1.0000000000
89241  -56.207  42.191  25.126 1.0000000000
88692  -56.038  41.972  24.684 1.0000000000
88691  -55.426  41.875  24.392 1.0000000000
88690  -54.093  41.516  24.422 1.0000000000
88681  -52.935  40.925  25.062 0.8999999762
91474  -54.102  47.016  26.228 0.8999999762
90910  -54.331  46.438  25.737 1.0000000000
116700  -54.728  46.099  25.097 1.0000000000
90313  -55.060  45.668  24.563 1.0000000000
91457  -54.050  47.112  26.672 0.8999999762
90899  -54.184  46.495  26.481 1.0000000000
90305  -54.502  45.972  26.095 1.0000000000
90911  -54.853  45.944  25.257 1.0000000000
89774  -55.495  44.169  24.637 1.0000000000
90314  -55.298  45.166  24.927 1.0000000000
89256  -55.609  42.837  24.267 1.0000000000
108338  -54.925  42.377  24.148 1.0000000000
89254  -52.655  42.128  24.053 0.8000000119
89255  -53.944  42.125  23.980 1.0000000000
88689  -52.769  41.590  24.560 0.8999999762
90922  -54.636  45.762  24.614 1.0000000000
90325  -55.381  44.994  24.094 1.0000000000
89781  -55.537  43.951  23.770 1.0000000000
90337  -55.380  44.735  23.103 1.0000000000
89268  -55.343  43.026  23.529 1.0000000000
89267  -54.038  42.478  23.218 0.8999999762
89266  -52.537  42.305  23.378 0.6999999881
89279  -55.410  43.183  22.634 1.0000000000
89278  -54.947  42.856  21.994 1.0000000000
89277  -53.473  42.352  22.353 0.8999999762
84659  -52.004  34.155  35.333 0.5000000000
84669  -51.745  34.772  34.629 0.6000000238
84668  -50.842  34.408  34.457 0.6000000238
85259  -52.007  35.428  33.992 0.6999999881
84682  -50.432  34.784  33.784 0.5000000000
85253  -55.079  35.212  35.609 0.8999999762
85260  -52.691  35.226  34.527 0.8000000119
85868  -50.126  35.995  31.876 0.8000000119
85869  -50.939  36.183  32.087 0.8000000119
109376  -46.925  35.743  29.861 0.8000000119
86467  -50.169  36.806  28.640 0.8000000119
85255  -56.386  36.027  36.106 0.8999999762
86400  -56.036  36.920  35.798 0.8999999762
86461  -57.310  36.888  30.769 0.8999999762
86457  -52.205  36.905  30.247 0.8000000119
86468  -51.012  36.882  28.999 0.8000000119
86473  -58.227  36.867  29.029 0.8999999762
86482  -57.613  36.688  28.374 0.8999999762
104220  -53.616  37.129  27.587 0.8000000119
88650  -53.346  41.990  28.609 1.0000000000
87581  -57.046  38.887  28.710 1.0000000000
109981  -54.668  42.341  28.525 1.0000000000
110109  -54.245  44.952  29.158 0.8000000119
88129  -56.357  41.210  27.742 1.0000000000
88117  -56.530  40.287  28.451 1.0000000000
87591  -56.680  39.103  27.658 1.0000000000
89747  -55.102  43.811  28.369 1.0000000000
89220  -55.930  42.614  27.718 1.0000000000
88142  -56.472  40.886  26.335 1.0000000000
90880  -53.971  45.940  29.084 0.8000000119
89229  -55.996  42.431  26.394 1.0000000000
89764  -55.119  43.933  26.705 1.0000000000
89765  -55.560  43.232  25.684 1.0000000000
88683  -56.428  41.404  24.795 0.8999999762
89240  -55.639  42.997  24.592 1.0000000000
89789  -55.678  44.140  22.645 1.0000000000
83565  -43.610  32.344  26.338 0.5000000000
84150  -44.297  32.694  26.130 0.5000000000
84726  -44.758  34.002  27.849 0.5000000000
84721  -45.282  34.801  28.396 0.6000000238
122757  -45.063  34.788  29.048 0.6000000238
84149  -42.208  32.543  26.140 0.3000000119
84739  -43.425  33.428  24.673 0.3000000119
83575  -42.715  32.390  25.725 0.4000000060
84165  -43.564  32.765  24.649 0.4000000060
109120  -44.428  32.763  24.486 0.5000000000
84151  -45.071  33.350  26.077 0.6000000238
84732  -45.988  33.949  26.026 0.6000000238
84728  -46.332  34.799  26.900 0.6999999881
85331  -46.746  35.408  27.632 0.6000000238
85329  -42.333  34.512  26.882 0.2000000030
84725  -41.925  34.131  27.600 0.1000000015
84738  -43.018  34.014  25.477 0.2000000030
121043  -43.765  34.213  24.237 0.4000000060
84167  -44.924  33.196  23.946 0.5000000000
84159  -45.780  33.513  24.136 0.6000000238
84158  -45.337  33.247  24.958 0.6000000238
84733  -46.865  34.400  25.928 0.6999999881
124123  -47.654  35.413  26.803 0.6999999881
85333  -48.206  35.732  26.926 0.6999999881
85324  -47.215  35.874  28.240 0.6000000238
85328  -41.955  35.292  27.542 0.1000000015
85924  -42.451  36.217  26.105 0.3000000119
85242  -52.750  35.780  37.378 0.6000000238
85339  -42.682  34.830  26.138 0.2000000030
85348  -42.841  35.598  25.592 0.3000000119
85349  -43.365  34.787  24.995 0.3000000119
85360  -44.339  35.490  23.241 0.5000000000
85822  -53.871  36.285  37.216 0.6000000238
84755  -44.310  34.363  23.519 0.3000000119
85369  -44.911  34.758  22.720 0.6000000238
84747  -45.503  33.763  23.248 0.6000000238
84758  -46.251  34.431  22.705 0.6000000238
84748  -46.342  33.825  23.584 0.6000000238
84749  -47.299  34.299  23.479 0.6000000238
85350  -48.477  34.673  24.847 0.6999999881
85342  -48.870  35.304  25.721 0.6999999881
85918  -49.452  36.467  27.393 0.6999999881
84655  -48.203  35.141  37.019 0.2000000030
85223  -48.918  35.329  37.043 0.2000000030
84640  -48.858  34.778  37.346 0.3000000119
85240  -49.424  35.717  36.743 0.3000000119
85818  -49.984  36.175  36.424 0.3000000119
86399  -55.395  37.434  35.750 0.6999999881
85225  -50.345  35.075  37.558 0.5000000000
85226  -51.178  35.192  37.708 0.5000000000
85837  -53.532  36.999  36.273 0.6000000238
113128  -54.794  37.164  36.271 0.6999999881
111078  -42.035  36.546  26.588 0.2000000030
119855  -52.252  35.257  37.949 0.6000000238
85358  -43.276  35.964  24.748 0.3000000119
85941  -44.350  36.184  23.399 0.6000000238
107613  -54.947  36.634  37.036 0.6000000238
85370  -45.653  34.985  22.390 0.6000000238
85371  -46.659  35.361  22.359 0.6000000238
85372  -47.943  35.586  22.267 0.6000000238
85361  -48.487  34.502  23.518 0.6000000238
85351  -49.626  34.850  23.866 0.6000000238
85343  -50.096  35.464  25.248 0.6000000238
85926  -50.290  36.090  26.231 0.6000000238
85919  -50.430  36.492  26.895 0.6999999881
85846  -47.610  37.030  34.815 0.1000000015
85847  -48.375  37.016  35.061 0.2000000030
85250  -47.214  36.026  35.730 0.1000000015
122659  -47.195  36.617  35.170 0.1000000015
85831  -47.845  36.578  35.414 0.1000000015
112611  -45.989  35.091  36.299 0.1000000015
85249  -46.261  35.686  35.728 0.1000000015
85237  -46.846  35.316  36.309 0.1000000015
84652  -45.735  34.481  36.607 0.1000000015
82929  -44.066  31.081  37.138 0.1000000015
84067  -45.456  33.762  36.734 0.1000000015
83504  -45.173  32.851  36.706 0.2000000030
86397  -52.667  37.638  35.528 0.5000000000
86414  -53.004  38.374  35.026 0.6000000238
86415  -54.042  38.571  35.001 0.6999999881
84639  -47.930  34.301  37.241 0.2000000030
85834  -50.441  36.587  35.998 0.3000000119
85836  -52.287  37.036  35.973 0.5000000000
84057  -47.265  33.405  37.052 0.2000000030
85224  -49.594  35.219  37.305 0.3000000119
85819  -50.878  36.157  36.603 0.4000000060
86398  -54.043  37.824  35.598 0.6999999881
108313  -48.828  33.905  37.493 0.3000000119
84641  -49.806  34.454  37.653 0.3000000119
118509  -50.387  35.626  37.086 0.4000000060
85820  -51.742  36.178  36.776 0.4000000060
85821  -52.523  36.509  36.602 0.5000000000
85241  -51.476  35.699  37.233 0.4000000060
85931  -42.219  37.058  26.090 0.2000000030
86512  -42.816  37.144  25.502 0.3000000119
85933  -43.329  36.634  24.840 0.5000000000
86527  -43.852  36.610  24.317 0.5000000000
85942  -45.193  36.306  23.065 0.6000000238
86528  -44.540  36.705  23.999 0.6000000238
85943  -46.179  36.353  22.890 0.6000000238
85953  -45.970  35.737  22.534 0.6000000238
85954  -47.091  35.889  22.381 0.6000000238
85955  -48.745  35.853  22.026 0.6000000238
85362  -49.706  34.762  22.087 0.6000000238
85363  -50.870  34.947  21.827 0.6000000238
85934  -51.649  35.850  24.671 0.6000000238
85927  -51.446  36.256  25.817 0.6999999881
86974  -49.536  38.579  33.811 0.3000000119
86959  -49.429  38.039  34.370 0.2000000030
86960  -50.218  38.281  34.329 0.4000000060
86393  -48.936  37.534  34.703 0.1000000015
85830  -46.452  36.417  35.150 0.1000000015
85248  -45.364  35.520  35.920 0.1000000015
85829  -45.626  36.122  35.316 0.1000000015
84653  -46.544  34.687  36.688 0.1000000015
85251  -48.158  36.138  36.004 0.3000000119
106388  -49.230  36.890  35.401 0.2000000030
84654  -47.360  34.919  36.870 0.2000000030
85238  -47.725  35.540  36.434 0.2000000030
110776  -45.890  33.246  36.818 0.2000000030
84069  -47.061  34.296  36.967 0.2000000030
86395  -50.703  37.111  35.449 0.4000000060
85835  -51.415  36.697  36.107 0.4000000060
85239  -48.587  35.687  36.551 0.3000000119
86963  -53.405  38.937  34.490 0.6999999881
84056  -46.510  33.047  36.909 0.2000000030
87041  -43.009  37.652  25.836 0.4000000060
86513  -43.412  37.157  25.074 0.4000000060
86501  -43.943  37.672  25.606 0.6000000238
86515  -45.729  37.420  25.133 0.6000000238
86530  -46.408  36.937  24.057 0.6000000238
86504  -46.997  38.215  26.046 0.6000000238
86516  -46.709  37.578  25.273 0.6000000238
85944  -47.222  36.377  22.871 0.6000000238
85945  -49.880  36.189  21.812 0.6000000238
85374  -51.142  35.525  21.497 0.6000000238
85364  -51.758  35.601  22.125 0.6000000238
85935  -52.272  36.387  24.374 0.6999999881
87033  -47.861  38.516  26.010 0.6000000238
86517  -47.806  37.722  25.142 0.6000000238
110580  -48.877  37.506  24.493 0.6000000238
86533  -51.382  36.979  23.191 0.6000000238
85948  -52.211  36.563  23.475 0.6000000238
86505  -52.213  36.566  25.428 0.6999999881
119329  -48.079  40.259  26.545 0.4000000060
87603  -48.568  39.700  26.371 0.5000000000
87034  -48.808  38.972  26.006 0.5000000000
87042  -48.738  38.210  25.328 0.6000000238
88677  -48.720  42.052  25.894 0.5000000000
88139  -48.894  40.470  26.371 0.5000000000
87604  -49.322  39.716  26.197 0.5000000000
123939  -49.843  42.389  22.696 0.6000000238
103893  -50.671  42.387  23.976 0.6000000238
89239  -50.151  42.275  24.878 0.6000000238
88140  -49.708  40.539  26.173 0.5000000000
89288  -51.181  41.905  21.064 0.6000000238
88687  -51.012  42.078  24.730 0.6000000238
89276  -51.335  42.259  22.199 0.6999999881
89265  -51.470  42.380  23.246 0.6999999881
88708  -52.269  41.674  20.217 0.6999999881
89289  -52.715  42.038  21.404 0.6999999881
124085  -52.252  42.303  22.579 0.8000000119
89301  -53.361  41.580  19.268 0.6999999881
110585  -53.713  42.197  20.212 0.6999999881
89290  -54.410  42.486  21.153 0.8000000119
113283  -54.580  42.965  20.503 0.6999999881
89815  -54.539  43.143  20.131 0.6999999881
89302  -54.388  42.182  19.061 0.6999999881
90367  -53.783  43.653  19.633 0.6999999881
89310  -54.644  41.951  18.181 0.6999999881
86410  -48.106  37.546  34.454 0.1000000015
86973  -48.638  38.167  34.004 0.1000000015
86409  -47.257  37.570  34.213 0.1000000015
112417  -46.857  36.965  34.666 0.1000000015
85828  -44.758  36.041  35.467 0.1000000015
85844  -45.794  36.606  34.817 0.1000000015
86411  -49.909  37.497  34.923 0.3000000119
85817  -49.080  36.271  36.116 0.2000000030
86394  -50.003  36.891  35.514 0.3000000119
86412  -50.917  37.819  34.848 0.3000000119
86396  -51.612  37.408  35.451 0.4000000060
86962  -52.338  38.792  34.414 0.8000000119
86976  -52.781  39.238  34.054 0.8000000119
87509  -52.703  39.456  33.461 0.6999999881
87043  -49.628  38.465  25.316 0.6000000238
86518  -49.936  37.839  24.355 0.6000000238
86519  -50.871  38.084  24.630 0.6000000238
86520  -51.794  37.365  24.266 0.6000000238
86521  -52.626  36.849  24.482 0.6000000238
106347  -52.711  36.893  25.398 0.6999999881
87035  -50.051  39.027  25.705 0.5000000000
87044  -51.264  38.618  25.317 0.6000000238
117124  -52.114  37.642  24.853 0.6999999881
87046  -53.027  37.987  25.169 0.6999999881
120653  -50.025  39.844  26.047 0.5000000000
120046  -50.587  39.534  25.771 0.6000000238
87609  -51.294  39.613  25.616 0.6000000238
87045  -52.127  38.632  25.320 0.6999999881
123105  -52.691  39.095  25.412 0.6999999881
119540  -50.542  41.808  25.341 0.5000000000
88673  -50.141  41.258  25.874 0.5000000000
105812  -49.291  42.327  22.234 0.4000000060
89287  -50.260  41.921  20.921 0.6000000238
89253  -51.666  42.258  24.101 0.6000000238
88707  -51.167  41.505  20.170 0.6000000238
88716  -52.162  41.308  19.319 0.6000000238
88726  -53.171  41.382  18.561 0.6000000238
89820  -54.508  42.436  18.624 0.6999999881
85845  -46.212  36.878  34.593 0.1000000015
86426  -46.657  37.986  33.707 0.1000000015
86427  -47.313  38.122  33.716 0.1000000015
87506  -49.718  39.233  33.261 0.4000000060
85843  -45.078  36.607  34.862 0.1000000015
86407  -45.530  37.172  34.299 0.1000000015
86408  -46.385  37.406  34.172 0.1000000015
86971  -46.256  38.425  33.248 0.1000000015
86413  -51.919  38.123  34.910 0.5000000000
87558  -51.894  39.879  31.337 0.8000000119
88141  -50.574  40.389  25.883 0.5000000000
87610  -52.088  39.755  25.523 0.8000000119
88679  -50.970  41.178  25.568 0.5000000000
88680  -51.882  41.235  25.212 0.6000000238
88149  -52.237  40.512  25.419 0.6999999881
89286  -49.474  42.209  21.410 0.4000000060
122523  -51.233  41.655  25.159 0.6000000238
88688  -51.812  41.868  24.673 0.6999999881
89300  -50.448  41.910  20.484 0.6000000238
89307  -50.332  42.168  19.959 0.4000000060
88715  -51.414  41.546  19.530 0.6000000238
89313  -51.771  42.131  18.518 0.5000000000
88725  -52.314  41.313  18.857 0.6000000238
89314  -52.856  41.751  17.989 0.6000000238
89315  -54.122  41.725  17.918 0.6999999881
87505  -48.830  38.867  33.302 0.3000000119
85842  -44.101  36.612  34.937 0.1000000015
86406  -44.550  37.165  34.317 0.1000000015
120007  -44.844  37.732  33.779 0.1000000015
86425  -45.718  37.974  33.608 0.1000000015
123891  -43.564  36.426  35.217 0.1000000015
86424  -44.104  37.685  33.807 0.1000000015
86975  -50.391  38.950  33.756 0.5000000000
86961  -51.236  38.662  34.245 0.4000000060
112701  -51.918  39.239  33.858 0.8000000119
87508  -51.518  39.520  33.193 0.8000000119
90870  -49.696  45.393  29.606 0.5000000000
90267  -50.143  44.743  29.263 0.6999999881
89742  -50.148  43.408  28.748 0.6000000238
108388  -51.288  41.405  29.469 0.8999999762
91440  -50.238  46.163  30.068 0.6000000238
89743  -51.043  43.456  28.662 0.6999999881
114098  -51.611  41.853  28.986 0.6999999881
90871  -50.674  45.565  29.633 0.6000000238
90268  -51.106  44.886  29.234 0.6999999881
116479  -50.672  46.737  30.579 0.5000000000
90872  -51.780  45.764  29.698 0.6000000238
106065  -52.883  44.550  28.965 0.8000000119
91438  -51.336  47.160  30.909 0.6000000238
91441  -51.365  46.456  30.265 0.5000000000
111816  -52.414  46.483  30.116 0.6999999881
92563  -51.840  47.775  31.110 0.5000000000
91442  -52.299  47.178  30.471 0.6000000238
92004  -52.457  48.116  30.294 0.5000000000
92006  -52.870  47.494  29.881 0.6999999881
92012  -53.246  47.535  28.870 0.6999999881
89299  -49.608  42.341  20.671 0.4000000060
89308  -51.074  42.051  19.133 0.5000000000
89819  -50.275  43.060  19.545 0.5000000000
89825  -51.070  42.992  18.792 0.5000000000
89291  -55.822  44.016  21.525 0.8999999762
90349  -55.568  44.491  21.934 0.8999999762
90336  -55.220  44.951  22.862 0.8999999762
90324  -55.155  45.311  23.877 0.8999999762
90323  -54.179  45.148  23.801 0.8999999762
89826  -52.269  43.101  18.155 0.5000000000
114830  -54.719  42.199  18.014 0.6999999881
89827  -53.584  42.579  17.646 0.6000000238
105619  -47.853  38.555  33.385 0.2000000030
86972  -46.934  38.525  33.254 0.1000000015
86989  -45.627  38.681  32.933 0.1000000015
124667  -44.399  38.027  33.527 0.1000000015
112702  -51.112  39.228  33.663 0.6000000238
121025  -51.562  40.337  30.585 0.8000000119
121389  -48.944  48.148  31.369 0.4000000060
117056  -49.601  47.140  30.799 0.4000000060
91437  -49.872  46.669  30.482 0.5000000000
90280  -49.722  44.024  28.894 0.6999999881
89205  -50.543  42.735  28.789 0.6000000238
88103  -50.910  40.863  30.225 0.8000000119
91997  -49.890  47.816  31.332 0.4000000060
92003  -50.450  47.197  30.966 0.5000000000
93027  -49.346  49.445  32.619 0.3000000119
114255  -49.605  48.735  31.864 0.4000000060
92559  -50.625  48.654  31.797 0.4000000060
91998  -51.083  47.816  31.426 0.4000000060
93028  -50.443  49.671  32.563 0.4000000060
124323  -51.555  48.147  31.427 0.4000000060
93029  -51.013  50.184  32.548 0.4000000060
114139  -51.091  49.399  32.126 0.4000000060
93030  -51.349  50.187  31.967 0.5000000000
92564  -51.909  48.903  30.947 0.5000000000
93050  -52.298  50.388  29.849 0.5000000000
92567  -52.633  49.458  29.376 0.5000000000
107762  -53.003  48.638  28.726 0.6000000238
92568  -53.276  50.251  27.890 0.6000000238
92013  -53.615  47.703  27.784 0.6999999881
92023  -53.586  48.525  27.106 0.6999999881
92024  -53.827  47.698  26.776 0.6999999881
90921  -53.121  45.387  24.584 0.8999999762
90358  -55.375  44.101  21.076 0.8000000119
90359  -55.779  44.305  21.347 0.8000000119
90335  -53.829  44.673  22.817 0.8999999762
90380  -51.317  44.103  18.442 0.5000000000
90381  -52.414  44.292  17.770 0.5000000000
86991  -47.208  39.092  32.786 0.2000000030
87521  -44.164  39.631  32.306 0.1000000015
86990  -46.385  38.936  32.805 0.2000000030
86992  -48.138  39.244  32.750 0.2000000030
86988  -44.067  38.896  32.767 0.1000000015
87522  -45.747  39.396  32.445 0.2000000030
87507  -50.575  39.441  33.212 0.6999999881
106054  -52.183  39.610  32.731 0.6999999881
88089  -51.016  40.248  31.048 0.8999999762
88633  -49.946  41.092  30.203 0.6999999881
92557  -47.629  48.488  31.767 0.4000000060
92002  -48.743  47.349  30.893 0.4000000060
90864  -48.349  45.910  30.051 0.4000000060
115537  -49.040  43.909  29.055 0.5000000000
89196  -50.027  42.209  29.154 0.5000000000
88641  -50.398  41.533  29.559 0.8000000119
92543  -48.292  49.217  32.559 0.3000000119
91436  -48.979  46.629  30.437 0.4000000060
90266  -49.263  44.581  29.285 0.5000000000
89730  -49.379  43.330  28.922 0.6000000238
92558  -48.608  48.655  31.814 0.3000000119
93006  -50.058  50.390  33.442 0.3000000119
93507  -50.754  51.043  32.950 0.4000000060
94005  -51.177  51.326  31.650 0.5000000000
94006  -51.569  51.654  30.461 0.5000000000
93560  -52.408  51.450  28.805 0.5000000000
93561  -52.953  51.295  28.061 0.6000000238
121535  -53.526  44.197  20.656 0.8000000119
120254  -52.662  44.460  20.239 0.8000000119
91490  -53.954  46.766  25.933 0.8999999762
90347  -53.701  44.437  21.781 0.8000000119
112758  -53.946  43.633  18.696 0.6999999881
89832  -53.113  43.589  17.634 0.5000000000
90991  -53.666  44.475  17.681 0.5000000000
107689  -50.671  44.833  18.625 0.4000000060
90977  -51.551  45.077  18.041 0.5000000000
90989  -52.755  45.312  17.489 0.5000000000
87541  -45.035  39.920  31.988 0.1000000015
87542  -45.966  40.019  31.914 0.2000000030
87546  -51.099  39.843  31.903 0.8000000119
94048  -51.511  51.868  29.617 0.5000000000
93559  -52.031  51.750  28.779 0.6000000238
90969  -52.287  45.446  19.374 0.6000000238
90970  -53.246  45.363  18.290 0.6999999881
90990  -53.429  45.034  17.591 0.5000000000
116358  -45.501  40.528  31.631 0.1000000015
87523  -46.578  39.556  32.337 0.2000000030
87524  -47.428  39.669  32.208 0.3000000119
87545  -48.386  39.794  32.030 0.4000000060
87528  -51.458  39.649  32.564 0.8000000119
87543  -46.778  40.148  31.791 0.3000000119
87525  -49.050  39.443  32.694 0.4000000060
87527  -50.821  39.669  32.620 0.8000000119
85833  -49.741  36.561  35.903 0.3000000119
84129  -44.223  33.809  29.486 0.5000000000
85909  -47.910  36.205  27.847 0.6999999881
85917  -48.598  36.272  27.457 0.6999999881
89206  -51.557  42.609  28.694 0.6999999881
90282  -51.584  44.255  28.829 0.6999999881
88150  -53.028  39.964  25.395 0.8000000119
88104  -51.813  40.747  29.902 0.8999999762
90269  -52.242  45.106  29.288 0.6999999881
83570  -43.660  32.364  25.486 0.5000000000
84157  -44.396  32.602  25.216 0.6000000238
84143  -44.784  33.500  26.910 0.6000000238
84727  -45.465  34.265  27.171 0.6000000238
85330  -45.972  35.142  27.889 0.6999999881
84140  -42.073  33.416  26.597 0.2000000030
84731  -42.497  33.628  26.020 0.2000000030
84156  -42.856  32.789  25.261 0.4000000060
83576  -43.229  32.432  25.239 0.5000000000
83577  -43.827  32.522  24.767 0.4000000060
84166  -44.203  32.924  24.032 0.5000000000
122831  -47.386  34.695  25.951 0.6999999881
85332  -47.461  35.656  27.382 0.6999999881
85338  -42.297  35.607  26.731 0.2000000030
124777  -42.975  34.830  25.597 0.3000000119
84746  -44.492  33.569  23.650 0.3000000119
84171  -44.860  33.546  23.394 0.5000000000
84740  -46.561  33.759  24.757 0.6999999881
84734  -47.625  34.270  24.928 0.6999999881
85341  -47.878  35.052  26.033 0.6999999881
85925  -49.163  35.986  26.596 0.6999999881
85932  -42.798  36.556  25.430 0.4000000060
85359  -43.775  35.244  24.059 0.4000000060
85952  -45.012  35.620  22.687 0.6000000238
84757  -45.283  34.184  22.703 0.6000000238
86488  -41.408  37.315  26.741 0.2000000030
85916  -41.673  36.358  27.221 0.1000000015
85940  -43.747  36.132  23.972 0.3000000119
84750  -48.418  34.971  22.630 0.6000000238
85352  -51.071  35.377  23.568 0.6000000238
85236  -45.134  34.986  36.457 0.1000000015
84651  -44.961  34.340  36.623 0.1000000015
84068  -46.332  33.876  36.872 0.2000000030
83505  -46.055  32.452  36.750 0.2000000030
119874  -42.421  37.567  26.060 0.2000000030
116576  -44.017  37.094  24.720 0.6000000238
86529  -45.438  36.855  23.929 0.6000000238
86514  -44.758  37.218  24.911 0.6000000238
85373  -49.497  35.311  21.641 0.6000000238
85353  -52.341  35.961  23.171 0.6000000238
86502  -45.027  37.779  25.927 0.6000000238
86503  -45.989  38.052  26.162 0.6000000238
114735  -47.322  37.061  24.353 0.6000000238
86531  -48.483  36.757  23.627 0.6000000238
85946  -50.991  36.229  21.693 0.6000000238
86532  -49.909  36.975  23.255 0.6000000238
85947  -51.913  36.056  22.242 0.6000000238
87602  -47.803  39.319  26.461 0.5000000000
107415  -48.401  41.217  26.392 0.5000000000
89252  -49.731  42.457  24.157 0.5000000000
88672  -49.285  41.341  26.142 0.5000000000
119645  -50.148  42.132  21.822 0.6000000238
89264  -50.564  42.425  22.907 0.6000000238
118423  -50.029  42.463  23.403 0.6000000238
106396  -52.672  37.297  25.047 0.6999999881
118571  -55.394  43.380  21.109 0.8000000119
88148  -51.479  40.482  25.610 0.6000000238
115015  -49.701  42.097  20.961 0.4000000060
89275  -48.713  42.554  21.933 0.4000000060
90382  -53.922  44.019  17.728 0.6999999881
86405  -43.662  37.209  34.298 0.1000000015
86970  -44.772  38.379  33.192 0.1000000015
90869  -48.768  45.235  29.604 0.5000000000
90281  -50.572  44.127  28.821 0.6999999881
89204  -49.815  42.819  28.881 0.6000000238
90348  -55.408  44.547  21.823 0.8000000119
90374  -53.876  44.399  18.073 0.6999999881
109066  -44.901  39.153  32.600 0.1000000015
91996  -48.101  47.896  31.305 0.4000000060
93007  -50.714  50.699  33.106 0.4000000060
81429  -50.062  27.279  40.513 0.1000000015
80882  -50.594  26.967  40.296 0.1000000015
123100  -50.951  27.108  40.074 0.2000000030
80889  -51.853  27.684  38.956 0.2000000030
80890  -52.710  27.897  38.369 0.2000000030
81439  -47.717  28.307  40.205 0.1000000015
80880  -47.901  26.745  40.427 0.1000000015
80868  -49.348  27.345  40.602 0.1000000015
80254  -49.817  26.748  40.423 0.1000000015
80269  -50.154  26.524  39.946 0.1000000015
80888  -50.801  26.935  39.925 0.2000000030
111306  -51.071  27.357  39.036 0.2000000030
80896  -51.658  27.582  38.082 0.2000000030
80878  -45.679  27.077  39.936 0.1000000015
108468  -47.079  26.556  40.265 0.1000000015
80881  -48.966  26.555  40.454 0.1000000015
118435  -50.856  27.432  36.221 0.2000000030
80265  -45.612  25.725  40.021 0.1000000015
80266  -46.527  25.806  40.171 0.1000000015
80264  -44.831  25.700  39.838 0.1000000015
105292  -45.407  25.134  39.768 0.1000000015
79726  -46.192  25.050  39.884 0.1000000015
79177  -44.053  24.664  39.294 0.1000000015
79733  -44.990  24.801  39.313 0.1000000015
116004  -51.176  28.899  39.852 0.1000000015
106399  -51.269  28.087  40.072 0.1000000015
108056  -53.341  28.514  39.569 0.2000000030
81450  -54.111  28.343  38.846 0.2000000030
81457  -55.089  28.720  38.256 0.2000000030
81926  -48.189  29.099  39.571 0.1000000015
81927  -49.105  29.099  39.602 0.1000000015
121061  -50.607  28.350  40.124 0.1000000015
119823  -51.058  27.407  40.065 0.1000000015
81442  -51.917  28.008  39.748 0.2000000030
81449  -52.548  27.991  39.308 0.2000000030
120107  -53.634  28.294  37.526 0.2000000030
81448  -46.716  28.739  39.793 0.1000000015
105555  -48.513  27.477  40.508 0.1000000015
80897  -52.417  27.808  37.436 0.2000000030
80905  -52.686  27.914  36.537 0.2000000030
81437  -46.153  28.121  39.928 0.1000000015
81438  -46.978  27.697  40.202 0.1000000015
103969  -50.106  27.233  36.065 0.2000000030
80904  -51.442  27.582  36.960 0.2000000030
81461  -53.474  28.533  36.270 0.2000000030
80902  -49.583  27.055  36.886 0.2000000030
81929  -52.399  28.747  39.833 0.1000000015
81930  -53.979  29.216  39.872 0.2000000030
81443  -54.746  28.797  39.567 0.2000000030
81451  -55.367  28.764  39.013 0.3000000119
111505  -47.900  29.490  38.640 0.1000000015
81941  -48.533  29.623  38.675 0.1000000015
81928  -50.128  29.088  39.687 0.1000000015
81944  -51.821  29.741  39.549 0.1000000015
81444  -55.702  29.044  39.408 0.4000000060
81954  -56.029  29.165  38.820 0.3000000119
81953  -55.509  29.331  38.008 0.2000000030
81462  -54.289  28.905  37.186 0.2000000030
81940  -47.374  29.168  39.192 0.1000000015
80912  -51.774  27.611  35.843 0.2000000030
80911  -50.825  27.383  35.495 0.2000000030
82937  -55.215  31.235  39.202 0.4000000060
82426  -54.488  30.913  38.058 0.3000000119
82916  -55.097  31.330  39.450 0.4000000060
82414  -55.828  30.549  39.323 0.4000000060
82935  -49.174  30.786  37.996 0.2000000030
82411  -50.068  30.682  38.483 0.3000000119
82413  -52.615  30.617  39.464 0.3000000119
82405  -55.786  30.284  39.673 0.4000000060
82427  -55.874  30.157  38.597 0.3000000119
82433  -55.034  29.870  37.597 0.3000000119
116989  -46.012  29.735  37.826 0.2000000030
81951  -47.336  29.690  38.093 0.2000000030
81952  -48.022  29.850  38.169 0.2000000030
81943  -50.658  29.816  39.027 0.2000000030
82412  -51.238  30.644  38.899 0.2000000030
82404  -54.435  30.341  39.933 0.4000000060
120036  -54.320  29.354  37.012 0.2000000030
81938  -45.485  29.375  38.470 0.1000000015
81939  -46.479  29.332  38.575 0.1000000015
81958  -53.779  28.956  36.194 0.2000000030
81948  -44.589  29.659  38.127 0.1000000015
81963  -53.455  29.362  35.562 0.2000000030
81970  -53.763  29.152  34.808 0.2000000030
81976  -54.308  29.178  33.995 0.2000000030
82461  -54.001  29.732  33.420 0.1000000015
81981  -54.738  29.201  33.171 0.2000000030
124448  -53.069  32.266  39.141 0.4000000060
108069  -54.250  32.349  39.243 0.4000000060
106649  -54.525  32.239  39.138 0.5000000000
82921  -49.744  31.485  38.038 0.3000000119
83484  -51.056  32.370  38.507 0.3000000119
83485  -52.131  32.659  38.807 0.5000000000
82924  -53.602  31.493  39.424 0.4000000060
82936  -54.215  32.335  38.479 0.5000000000
121511  -54.460  31.790  38.593 0.4000000060
81950  -46.646  29.800  37.809 0.2000000030
82934  -48.350  31.061  37.577 0.2000000030
83495  -49.473  32.332  37.710 0.3000000119
83507  -53.238  32.393  37.250 0.5000000000
82946  -53.458  31.511  37.399 0.4000000060
82432  -53.798  30.413  37.031 0.3000000119
121781  -46.351  30.237  37.523 0.2000000030
82933  -47.579  30.964  37.392 0.2000000030
107277  -48.531  32.029  37.440 0.3000000119
82945  -52.197  31.727  36.513 0.4000000060
82431  -52.562  30.864  36.476 0.3000000119
82438  -53.463  29.814  36.245 0.3000000119
109670  -42.134  30.327  38.539 0.1000000015
82410  -42.924  30.095  38.394 0.1000000015
110900  -44.114  30.267  37.655 0.1000000015
82421  -44.898  30.459  37.351 0.2000000030
82944  -46.249  31.595  36.828 0.2000000030
82932  -46.988  31.295  37.123 0.2000000030
82951  -51.592  31.123  36.086 0.3000000119
82437  -52.123  30.449  35.788 0.3000000119
82930  -44.910  31.231  36.816 0.1000000015
82436  -51.088  30.536  35.124 0.3000000119
82449  -52.651  30.007  35.147 0.2000000030
82447  -49.651  30.976  34.244 0.2000000030
82448  -50.413  30.633  34.388 0.2000000030
104941  -51.675  30.285  34.383 0.2000000030
82450  -53.366  29.761  34.265 0.2000000030
82457  -48.820  30.854  32.849 0.2000000030
82458  -49.255  30.940  33.568 0.2000000030
107240  -49.922  30.696  33.733 0.2000000030
82459  -50.780  30.492  33.536 0.2000000030
82472  -49.826  30.653  32.812 0.2000000030
82460  -52.346  30.272  33.287 0.2000000030
82473  -51.023  30.527  32.462 0.2000000030
82488  -50.175  30.644  31.587 0.2000000030
105433  -51.217  30.589  31.537 0.2000000030
84047  -51.278  33.235  38.505 0.3000000119
84048  -52.439  33.421  38.759 0.5000000000
83486  -53.378  32.935  39.115 0.5000000000
83498  -54.539  32.987  39.023 0.5000000000
84059  -49.652  33.414  37.705 0.3000000119
83496  -50.367  32.906  38.107 0.3000000119
83493  -46.965  32.288  36.966 0.2000000030
83494  -47.901  32.623  37.172 0.3000000119
104627  -48.774  32.934  37.371 0.2000000030
82419  -42.575  30.740  37.789 0.1000000015
82943  -45.431  31.815  36.683 0.1000000015
82420  -43.394  30.512  37.680 0.1000000015
82961  -50.131  30.961  34.911 0.2000000030
82950  -50.819  31.087  35.536 0.3000000119
82980  -48.150  31.203  32.953 0.2000000030
106469  -49.137  30.704  31.949 0.2000000030
84642  -50.885  34.601  37.959 0.4000000060
84060  -50.564  33.816  38.094 0.4000000060
82960  -49.477  31.579  34.513 0.3000000119
82979  -47.499  31.409  32.747 0.2000000030
82470  -47.103  30.958  32.202 0.2000000030
84061  -51.588  34.030  38.432 0.4000000060
84644  -53.248  34.654  38.506 0.5000000000
85227  -53.438  35.190  38.208 0.5000000000
84134  -43.594  33.012  28.716 0.4000000060
88084  -46.973  40.811  31.328 0.2000000030
87544  -47.577  40.245  31.611 0.2000000030
121785  -48.233  40.345  31.406 0.3000000119
88086  -48.976  40.165  31.536 0.5000000000
88096  -49.584  40.532  30.994 0.5000000000
88088  -50.374  40.158  31.450 0.6000000238
87029  -43.462  38.256  26.474 0.4000000060
88631  -47.137  41.515  30.682 0.2000000030
87030  -44.423  38.269  26.527 0.4000000060
87022  -44.934  38.811  27.081 0.4000000060
116461  -45.216  38.324  26.549 0.4000000060
88126  -43.865  40.325  27.455 0.3000000119
88127  -44.858  40.334  27.324 0.4000000060
87590  -45.260  39.520  27.234 0.4000000060
87032  -46.469  38.691  26.601 0.4000000060
88669  -46.102  41.196  26.769 0.3000000119
88128  -45.839  40.303  27.108 0.3000000119
87600  -46.036  39.325  27.023 0.4000000060
115217  -47.191  38.788  26.417 0.3000000119
89797  -46.401  43.473  22.242 0.3000000119
89806  -47.385  43.869  21.540 0.3000000119
89814  -48.949  42.941  20.770 0.3000000119
90364  -48.009  44.480  20.588 0.3000000119
90365  -48.800  43.838  20.467 0.3000000119
90371  -48.822  44.959  20.007 0.3000000119
90372  -49.559  44.035  19.770 0.3000000119
89818  -49.513  42.963  20.245 0.3000000119
90373  -50.418  44.088  19.098 0.4000000060
88661  -43.620  41.340  27.404 0.3000000119
108378  -44.426  41.100  27.308 0.3000000119
88137  -46.707  40.631  26.822 0.3000000119
116630  -46.552  39.910  26.929 0.3000000119
112530  -47.270  40.032  26.749 0.3000000119
89226  -45.079  42.304  26.253 0.3000000119
88668  -44.668  41.755  26.857 0.3000000119
87601  -46.883  39.321  26.725 0.3000000119
89233  -44.650  42.760  25.750 0.3000000119
89234  -45.407  42.505  25.527 0.3000000119
117107  -45.734  42.187  26.035 0.3000000119
89228  -47.124  42.161  25.997 0.3000000119
88676  -47.971  42.311  25.707 0.3000000119
123695  -48.539  42.368  25.441 0.3000000119
89780  -45.195  42.940  23.992 0.3000000119
89247  -44.932  42.857  24.879 0.3000000119
89249  -46.547  42.555  24.406 0.3000000119
89235  -46.293  42.351  25.433 0.3000000119
89236  -47.267  42.472  25.150 0.4000000060
89237  -48.217  42.540  24.839 0.4000000060
89251  -48.871  42.534  24.034 0.5000000000
89787  -45.410  43.197  23.264 0.3000000119
122519  -46.370  42.864  23.152 0.3000000119
113851  -46.759  42.726  23.516 0.3000000119
89250  -47.415  42.599  24.179 0.3000000119
89262  -48.533  42.549  22.956 0.3000000119
89263  -49.364  42.456  23.229 0.5000000000
89788  -46.064  43.080  22.874 0.3000000119
89798  -47.239  43.461  22.076 0.3000000119
89274  -47.881  42.967  22.447 0.3000000119
89799  -48.132  43.269  21.756 0.3000000119
89285  -48.948  42.557  21.183 0.3000000119
90965  -47.436  45.435  19.680 0.2000000030
90966  -48.228  45.547  19.586 0.3000000119
90967  -49.083  45.758  19.312 0.3000000119
124657  -47.851  45.038  20.074 0.3000000119
90968  -49.854  45.141  19.204 0.3000000119
123411  -44.161  41.551  27.194 0.3000000119
88138  -47.532  40.916  26.601 0.3000000119
88667  -43.913  42.014  27.066 0.3000000119
88670  -46.922  41.450  26.488 0.3000000119
88671  -47.803  41.796  26.269 0.3000000119
89238  -49.173  42.450  25.082 0.4000000060
91552  -48.458  46.120  19.055 0.2000000030
91553  -49.126  46.242  18.802 0.3000000119
91564  -48.704  46.630  18.567 0.3000000119
90975  -49.764  45.951  18.650 0.3000000119
111447  -47.121  45.969  19.190 0.2000000030
90976  -50.613  45.586  18.363 0.3000000119
90988  -51.661  45.970  17.623 0.3000000119
91550  -46.331  46.191  19.247 0.2000000030
91563  -47.757  46.491  18.741 0.2000000030
110623  -52.837  46.162  17.291 0.4000000060
91565  -49.562  46.549  18.354 0.3000000119
91580  -50.232  46.998  17.820 0.3000000119
91581  -51.161  46.591  17.599 0.3000000119
91566  -50.455  46.285  18.064 0.3000000119
90366  -52.990  44.571  19.341 0.5000000000
91555  -52.426  46.220  18.646 0.5000000000
92127  -49.162  47.119  18.105 0.2000000030
91568  -53.429  46.578  17.041 0.4000000060
91567  -53.288  46.718  17.422 0.4000000060
91583  -53.419  46.623  17.066 0.3000000119
92128  -53.454  47.212  16.998 0.3000000119
92115  -53.197  47.394  17.673 0.4000000060
92151  -51.621  47.203  17.362 0.3000000119
92622  -54.026  47.993  17.024 0.3000000119
92152  -53.269  47.221  16.969 0.3000000119
92623  -53.891  48.126  16.825 0.3000000119
90322  -52.664  44.862  23.744 0.6999999881
90334  -52.383  44.655  22.787 0.6999999881
90346  -52.146  44.586  21.839 0.6999999881
104686  -51.920  44.651  21.110 0.6999999881
90959  -51.785  45.089  20.368 0.6999999881
91544  -51.455  45.981  19.887 0.6000000238
91554  -51.418  46.888  19.474 0.6999999881
112468  -52.370  46.993  18.536 0.6000000238
92114  -51.669  47.634  19.010 0.6000000238
92126  -48.229  47.153  18.209 0.2000000030
92149  -48.725  47.702  17.697 0.2000000030
110644  -50.572  47.752  17.484 0.3000000119
92643  -52.407  48.023  17.051 0.3000000119
111989  -53.425  48.662  16.793 0.3000000119
90919  -50.684  45.266  24.297 0.6999999881
90932  -51.418  44.893  23.611 0.6999999881
90940  -49.687  45.680  22.779 0.6999999881
90931  -50.341  45.257  23.373 0.6999999881
90333  -51.221  44.832  22.699 0.6999999881
90345  -51.144  44.879  21.850 0.6999999881
90941  -50.413  45.314  22.427 0.6999999881
90949  -49.850  45.922  21.976 0.6999999881
90950  -50.551  45.540  21.585 0.6999999881
91534  -50.208  46.337  21.208 0.6999999881
91543  -50.674  46.660  20.398 0.6999999881
92148  -47.755  47.813  17.750 0.2000000030
92642  -49.397  48.260  17.424 0.2000000030
93131  -53.290  49.026  17.956 0.4000000060
92619  -52.337  48.243  18.494 0.4000000060
92150  -49.575  47.564  17.702 0.2000000030
114635  -50.644  48.593  17.384 0.3000000119
114166  -53.343  49.326  16.869 0.3000000119
114895  -54.060  48.707  16.892 0.3000000119
93154  -54.046  48.919  16.851 0.3000000119
110276  -53.355  48.407  26.921 0.6000000238
92034  -53.682  47.731  26.752 0.6000000238
91473  -53.749  47.135  26.306 0.8000000119
108928  -53.743  46.061  25.362 0.8000000119
90909  -52.289  45.720  25.254 0.8000000119
90920  -51.783  45.225  24.469 0.8000000119
121561  -49.532  45.639  23.476 0.6999999881
91511  -49.040  46.023  23.057 0.6999999881
91522  -49.225  46.320  22.288 0.6999999881
91542  -49.900  47.237  20.812 0.6999999881
92102  -50.570  47.674  20.028 0.6999999881
92641  -48.305  48.442  17.401 0.2000000030
92618  -51.129  48.398  19.546 0.6999999881
114177  -51.938  49.734  17.262 0.3000000119
112134  -53.730  49.718  17.309 0.3000000119
93124  -53.131  50.021  18.412 0.4000000060
93132  -53.968  49.633  17.141 0.3000000119
92033  -52.681  47.681  26.775 0.6000000238
91472  -52.418  46.909  26.431 0.6000000238
91489  -52.912  46.413  25.878 0.6999999881
91508  -46.867  47.072  24.084 0.6999999881
91499  -47.035  46.726  24.689 0.6999999881
91509  -47.438  46.717  23.963 0.6999999881
121492  -47.661  46.332  24.602 0.6999999881
112069  -48.098  46.230  23.979 0.6999999881
91520  -47.854  46.873  23.147 0.6999999881
91510  -48.473  46.274  23.309 0.6999999881
90908  -51.111  45.567  25.146 0.6999999881
92067  -47.152  47.295  23.467 0.6999999881
92079  -47.937  47.536  22.415 0.6999999881
91521  -48.523  46.755  22.493 0.6999999881
92607  -48.059  48.263  22.037 0.6999999881
92090  -48.482  47.632  21.874 0.6999999881
92091  -49.060  47.703  21.231 0.6999999881
91533  -49.485  46.742  21.556 0.6999999881
92640  -47.362  48.567  17.358 0.2000000030
116032  -48.950  49.405  21.076 0.6999999881
92612  -49.092  48.596  21.029 0.6999999881
93150  -47.900  49.200  17.052 0.2000000030
93151  -48.784  49.082  17.246 0.2000000030
92614  -49.614  49.091  20.789 0.6999999881
93119  -50.177  49.614  20.546 0.6999999881
92615  -50.312  48.688  20.321 0.6999999881
93149  -47.034  49.272  16.878 0.2000000030
93152  -50.502  49.574  17.358 0.2000000030
93120  -50.734  50.202  20.366 0.6999999881
93639  -51.331  50.867  20.285 0.6000000238
110656  -51.765  48.937  19.148 0.5000000000
93669  -49.743  50.497  17.239 0.2000000030
93123  -51.853  49.875  19.397 0.5000000000
93670  -51.043  50.519  17.358 0.2000000030
110346  -52.951  50.413  17.104 0.4000000060
93656  -53.632  50.565  17.436 0.4000000060
93671  -53.472  50.837  17.306 0.4000000060
117169  -51.714  47.199  26.788 0.6000000238
91471  -51.122  46.557  26.428 0.6000000238
90907  -50.119  45.622  24.955 0.6999999881
90918  -49.752  45.527  24.118 0.6999999881
91500  -48.311  45.931  24.853 0.6999999881
92077  -46.888  47.979  23.138 0.6999999881
92078  -47.445  47.585  22.890 0.6999999881
92610  -47.874  49.079  21.980 0.6999999881
108935  -49.533  49.941  20.786 0.6999999881
94115  -50.859  51.340  20.474 0.6000000238
116694  -46.490  48.649  17.192 0.2000000030
93169  -47.512  49.971  16.683 0.2000000030
93170  -48.351  49.888  16.972 0.2000000030
94131  -52.992  51.679  19.031 0.4000000060
94156  -52.905  51.358  17.250 0.4000000060
93649  -53.588  50.755  18.105 0.4000000060
92031  -49.948  47.046  27.162 0.6000000238
91488  -51.649  46.100  25.869 0.6000000238
92582  -48.691  48.220  27.982 0.5000000000
92020  -49.262  47.508  27.488 0.6000000238
91456  -49.209  46.661  26.890 0.6000000238
91487  -50.564  45.902  25.821 0.6999999881
92010  -46.874  47.860  27.923 0.5000000000
92011  -47.767  48.122  27.923 0.6000000238
124328  -48.608  46.987  27.087 0.6000000238
116605  -48.415  46.456  26.526 0.6999999881
91470  -50.021  46.364  26.506 0.6999999881
92009  -46.015  47.670  27.943 0.5000000000
92018  -47.376  47.397  27.408 0.6000000238
91455  -47.864  46.934  26.918 0.6999999881
105373  -48.249  46.077  25.778 0.6999999881
91469  -49.035  46.060  26.174 0.6999999881
91486  -49.614  45.803  25.637 0.6999999881
92017  -46.532  47.322  27.336 0.5000000000
91454  -47.049  46.881  26.765 0.6999999881
91468  -47.604  46.476  26.250 0.6999999881
91485  -48.851  45.820  25.441 0.6999999881
90906  -49.207  45.679  24.793 0.6999999881
125354  -45.210  48.800  28.785 0.5000000000
92573  -45.585  48.288  28.417 0.5000000000
91453  -46.297  47.065  26.644 0.6000000238
91483  -46.605  46.809  25.443 0.6000000238
92605  -46.766  48.948  22.981 0.6999999881
92606  -47.452  48.385  22.529 0.6999999881
111975  -49.707  50.713  20.723 0.6000000238
94129  -50.726  52.055  20.100 0.5000000000
92658  -46.133  49.256  16.617 0.2000000030
114094  -53.510  52.974  18.165 0.3000000119
114997  -52.432  52.646  19.360 0.3000000119
94626  -53.377  54.185  18.114 0.3000000119
93668  -48.796  50.544  16.975 0.2000000030
109759  -52.528  52.508  17.342 0.3000000119
94144  -53.453  52.230  17.749 0.3000000119
95438  -43.611  54.523  30.457 0.4000000060
94988  -43.326  53.300  30.436 0.4000000060
124383  -42.911  52.976  30.160 0.4000000060
94021  -43.786  51.867  30.379 0.4000000060
93552  -43.736  50.396  29.566 0.4000000060
93044  -43.261  49.777  29.078 0.5000000000
93055  -43.600  49.115  28.738 0.5000000000
93045  -44.161  49.654  29.249 0.5000000000
92572  -44.716  48.238  28.351 0.5000000000
92029  -44.809  47.414  26.901 0.6000000238
92044  -45.242  47.262  25.887 0.6000000238
92053  -44.703  47.753  25.231 0.6000000238
92054  -45.468  47.407  24.957 0.6000000238
92008  -45.132  47.641  27.840 0.5000000000
91466  -46.070  46.980  26.025 0.6999999881
91498  -46.286  47.135  24.649 0.6000000238
93115  -48.256  49.573  21.366 0.6999999881
93118  -48.866  50.223  20.881 0.6000000238
94113  -49.294  51.068  20.632 0.6000000238
94114  -50.139  51.293  20.580 0.6999999881
94130  -51.776  51.701  19.990 0.5000000000
124428  -48.580  51.085  16.800 0.3000000119
94631  -53.300  53.561  17.743 0.3000000119
94153  -49.154  51.307  17.001 0.3000000119
106096  -50.822  52.641  17.304 0.4000000060
94630  -53.017  53.735  17.476 0.4000000060
94154  -50.209  51.479  17.282 0.3000000119
119653  -51.620  52.564  17.345 0.3000000119
121806  -42.324  51.929  29.546 0.4000000060
94020  -42.931  51.848  29.926 0.4000000060
93551  -42.827  50.492  29.308 0.5000000000
92571  -43.086  48.812  28.168 0.5000000000
92580  -42.636  48.845  27.431 0.5000000000
92581  -43.420  48.318  27.542 0.5000000000
92604  -46.080  49.277  23.273 0.6000000238
92601  -46.256  48.394  23.503 0.6000000238
93114  -47.625  49.798  21.816 0.6999999881
109770  -51.564  52.602  19.696 0.4000000060
95060  -53.186  54.724  18.308 0.4000000060
94611  -52.089  53.664  19.297 0.3000000119
95091  -53.174  54.783  17.689 0.4000000060
115816  -51.038  54.207  17.160 0.4000000060
94629  -52.037  53.929  17.277 0.4000000060
94173  -49.765  52.615  17.029 0.3000000119
84049  -53.767  33.467  39.057 0.5000000000
83497  -54.207  32.953  38.410 0.5000000000
83509  -51.217  32.033  35.922 0.4000000060
82970  -49.096  31.426  34.027 0.2000000030
83487  -54.402  33.025  39.128 0.5000000000
84643  -51.937  34.714  38.289 0.5000000000
111761  -44.695  34.355  28.818 0.4000000060
84058  -48.137  33.426  37.256 0.2000000030
87526  -49.939  39.650  32.578 0.4000000060
90951  -51.168  45.126  21.184 0.6999999881
91556  -53.254  46.018  17.468 0.4000000060
108635  -49.234  39.792  32.132 0.3000000119
88087  -49.764  40.004  31.808 0.6000000238
87031  -45.685  38.677  26.821 0.4000000060
81441  -50.597  27.637  40.300 0.1000000015
81428  -49.780  28.172  40.266 0.1000000015
81440  -48.726  28.296  40.255 0.1000000015
80879  -46.465  27.111  40.132 0.1000000015
80267  -47.512  25.491  40.143 0.1000000015
112971  -48.436  25.643  40.050 0.1000000015
79725  -44.503  25.148  39.585 0.1000000015
124740  -45.840  24.864  39.569 0.1000000015
79724  -43.431  25.040  39.505 0.1000000015
82403  -53.077  29.657  39.826 0.3000000119
82425  -48.543  30.250  38.067 0.2000000030
81942  -49.443  29.899  38.665 0.2000000030
81464  -53.614  28.584  35.351 0.2000000030
106877  -49.044  31.522  37.695 0.3000000119
82922  -50.676  31.501  38.479 0.3000000119
82923  -51.979  31.650  38.929 0.3000000119
82424  -47.815  30.342  37.721 0.2000000030
81949  -45.336  29.846  37.769 0.1000000015
81937  -43.999  29.389  38.896 0.1000000015
83483  -50.261  32.129  38.143 0.3000000119
82423  -47.019  30.418  37.473 0.2000000030
82422  -45.759  30.365  37.414 0.2000000030
109690  -46.340  30.829  37.162 0.1000000015
114213  -47.712  31.709  37.258 0.2000000030
81947  -43.706  29.872  38.241 0.1000000015
82931  -45.610  31.021  36.905 0.1000000015
82474  -52.197  30.438  32.080 0.2000000030
108248  -43.122  31.323  37.310 0.1000000015
114369  -45.525  41.732  26.527 0.3000000119
88662  -45.255  41.101  27.067 0.3000000119
89227  -46.286  41.872  26.237 0.3000000119
89805  -46.707  43.804  21.765 0.3000000119
90357  -47.286  44.305  20.984 0.3000000119
89813  -48.240  43.674  21.130 0.3000000119
89248  -45.703  42.614  24.616 0.3000000119
89779  -44.524  43.332  24.321 0.3000000119
89259  -45.956  42.760  23.619 0.3000000119
109505  -48.131  42.623  23.832 0.3000000119
89260  -46.877  43.021  22.761 0.3000000119
89261  -47.587  42.728  23.246 0.3000000119
91582  -52.357  46.651  17.292 0.3000000119
90958  -50.875  45.752  20.787 0.6999999881
93153  -52.014  48.964  17.199 0.3000000119
115196  -49.635  49.027  17.336 0.2000000030
90930  -48.877  45.774  23.956 0.6999999881
91532  -48.959  47.043  21.887 0.6999999881
93122  -50.905  49.281  19.966 0.6999999881
92065  -45.804  47.795  24.131 0.6000000238
91484  -47.469  46.374  25.429 0.6999999881
92611  -48.518  48.634  21.519 0.6999999881
92101  -49.628  48.140  20.618 0.6999999881
93168  -46.701  49.951  16.412 0.2000000030
94155  -51.642  51.582  17.361 0.4000000060
92576  -48.151  48.900  28.309 0.5000000000
91467  -46.816  46.699  26.118 0.6999999881
91482  -45.929  47.090  25.437 0.6000000238
93167  -45.996  49.920  16.097 0.2000000030
94612  -53.055  53.719  18.797 0.3000000119
94539  -42.623  52.596  29.812 0.4000000060
92043  -44.318  47.622  26.073 0.5000000000
108976  -43.104  48.357  26.956 0.5000000000
83005  -41.385  31.133  27.326 0.1000000015
82519  -41.729  30.794  28.084 0.1000000015
124676  -42.351  30.758  29.532 0.1000000015
82498  -43.048  30.648  30.641 0.1000000015
114244  -42.890  29.799  30.545 0.1000000015
82007  -41.795  29.822  29.247 0.1000000015
82497  -42.380  30.309  29.935 0.1000000015
81996  -43.513  29.363  30.793 0.1000000015
108095  -40.552  30.901  27.364 0.1000000015
82992  -42.632  31.097  29.973 0.1000000015
81998  -45.599  29.353  30.922 0.1000000015
81989  -46.040  29.969  31.285 0.1000000015
81987  -44.259  29.751  31.274 0.1000000015
83011  -40.682  31.246  27.350 0.1000000015
82015  -37.752  29.097  27.678 0.1000000015
82526  -38.894  29.819  27.251 0.1000000015
82527  -39.467  30.287  27.428 0.1000000015
83010  -40.122  30.818  27.430 0.1000000015
82025  -38.393  29.213  27.012 0.1000000015
81999  -46.474  29.521  30.677 0.1000000015
82010  -47.665  29.358  29.670 0.1000000015
116442  -53.296  30.158  32.641 0.1000000015
117106  -43.191  32.404  29.121 0.1000000015
82993  -43.249  31.559  30.656 0.1000000015
82016  -38.270  29.721  27.780 0.1000000015
118907  -38.821  30.377  27.913 0.1000000015
82484  -46.542  30.520  31.694 0.1000000015
82501  -49.655  30.567  30.280 0.1000000015
82502  -50.473  30.678  30.098 0.1000000015
82489  -52.197  30.555  30.939 0.1000000015
82005  -37.649  29.597  28.519 0.1000000015
122634  -47.479  30.154  30.841 0.1000000015
82500  -48.832  30.426  30.498 0.1000000015
104601  -50.876  30.660  30.758 0.1000000015
106231  -51.521  30.702  29.994 0.1000000015
82471  -48.131  30.771  32.205 0.1000000015
83557  -42.654  31.671  28.409 0.1000000015
83561  -41.043  31.677  27.220 0.1000000015
83016  -41.872  31.902  26.783 0.2000000030
83013  -41.820  31.696  26.913 0.2000000030
82486  -48.515  30.541  31.284 0.1000000015
82487  -49.390  30.651  31.023 0.1000000015
83004  -39.641  30.843  27.745 0.1000000015
83568  -42.273  32.055  26.372 0.2000000030
83563  -42.368  31.793  27.151 0.2000000030
83558  -43.049  32.133  27.841 0.2000000030
118870  -50.082  30.656  30.714 0.1000000015
82001  -48.299  29.965  29.954 0.1000000015
82006  -38.114  30.103  28.484 0.1000000015
84141  -43.597  32.592  27.445 0.3000000119
83548  -43.353  32.236  30.407 0.1000000015
83564  -42.960  32.065  26.662 0.3000000119
83553  -43.331  32.514  29.942 0.1000000015
82999  -40.365  31.385  27.615 0.1000000015
83555  -40.837  32.256  27.909 0.1000000015
83562  -41.728  32.052  26.817 0.2000000030
82997  -39.116  30.978  28.684 0.1000000015
82998  -39.773  31.510  28.559 0.1000000015
83556  -41.322  32.448  27.335 0.1000000015
84135  -44.146  33.555  28.288 0.4000000060
84119  -43.648  32.805  30.537 0.3000000119
83551  -39.844  32.223  29.608 0.1000000015
83552  -40.375  32.206  28.775 0.1000000015
84133  -41.505  33.451  27.936 0.1000000015
84139  -41.672  32.829  26.821 0.1000000015
84142  -44.217  33.070  27.154 0.4000000060
83569  -43.019  32.202  25.834 0.3000000119
92032  -50.827  47.108  27.006 0.4000000060
92583  -49.717  48.466  27.924 0.4000000060
92021  -50.552  47.932  27.478 0.4000000060
93060  -48.603  49.691  28.661 0.4000000060
93061  -49.752  49.983  28.511 0.4000000060
120059  -51.788  48.789  27.448 0.4000000060
92585  -53.163  49.198  27.362 0.5000000000
92577  -49.121  49.052  28.316 0.4000000060
92584  -50.910  49.103  27.775 0.4000000060
92022  -51.982  47.995  27.145 0.5000000000
93572  -51.919  51.469  28.257 0.5000000000
93062  -51.280  50.434  27.998 0.4000000060
93071  -52.411  49.968  27.582 0.5000000000
93049  -48.121  50.238  29.065 0.4000000060
93059  -47.662  49.507  28.670 0.4000000060
92575  -47.278  48.734  28.313 0.4000000060
93558  -51.187  51.752  28.978 0.4000000060
110592  -49.904  51.337  29.314 0.4000000060
93063  -52.743  51.025  27.783 0.5000000000
93557  -49.214  50.538  28.983 0.4000000060
93571  -50.543  51.046  28.627 0.4000000060
93556  -47.665  50.724  29.551 0.4000000060
93048  -47.211  50.031  29.108 0.4000000060
93058  -46.812  49.324  28.707 0.4000000060
93072  -53.123  50.321  27.716 0.5000000000
94046  -49.296  51.553  30.034 0.4000000060
94047  -50.543  51.784  29.846 0.4000000060
119002  -48.679  50.976  29.485 0.4000000060
94045  -48.182  51.399  30.082 0.4000000060
93540  -47.223  51.204  30.136 0.4000000060
93555  -46.756  50.524  29.654 0.4000000060
93047  -46.319  49.822  29.199 0.4000000060
93046  -45.270  49.566  29.230 0.4000000060
93057  -45.959  49.086  28.785 0.4000000060
94028  -50.995  51.823  30.612 0.4000000060
92586  -53.238  49.411  27.358 0.5000000000
94027  -49.987  51.685  30.813 0.4000000060
94026  -48.854  51.721  31.036 0.4000000060
93539  -46.339  51.073  30.233 0.4000000060
93631  -48.022  50.097  21.157 0.5000000000
94004  -49.887  51.512  32.128 0.4000000060
94025  -47.777  51.704  30.957 0.4000000060
94024  -46.854  51.647  30.787 0.4000000060
108191  -46.043  51.741  30.741 0.4000000060
93554  -45.818  50.396  29.723 0.4000000060
93538  -45.330  51.137  30.258 0.4000000060
92596  -45.109  48.158  24.449 0.4000000060
93110  -47.240  49.411  22.389 0.6000000238
114338  -47.105  50.057  22.147 0.6000000238
94003  -49.046  51.585  32.412 0.3000000119
93985  -50.074  51.113  33.712 0.3000000119
93982  -47.374  52.062  32.595 0.3000000119
122292  -48.372  51.755  31.578 0.4000000060
94001  -46.566  52.198  31.592 0.4000000060
124156  -47.304  51.902  31.518 0.4000000060
94000  -45.685  52.367  31.289 0.4000000060
94023  -45.311  51.856  30.716 0.4000000060
94022  -44.676  51.653  30.477 0.4000000060
94044  -44.232  51.058  30.081 0.4000000060
92595  -44.396  48.461  24.659 0.4000000060
92592  -44.008  48.153  25.401 0.4000000060
92599  -44.837  48.903  23.997 0.4000000060
92600  -45.563  48.670  23.780 0.5000000000
93109  -46.537  49.836  22.625 0.4000000060
93113  -46.639  50.299  21.906 0.4000000060
93005  -49.078  50.137  33.430 0.2000000030
92991  -47.651  50.471  33.905 0.2000000030
93493  -48.170  51.149  34.485 0.2000000030
93972  -47.352  51.901  33.922 0.2000000030
114645  -48.843  50.946  34.348 0.2000000030
93506  -50.141  50.957  33.890 0.3000000119
94493  -46.691  52.537  32.916 0.2000000030
94508  -45.925  53.256  32.298 0.3000000119
108805  -45.168  53.005  31.531 0.4000000060
92588  -43.191  48.321  26.312 0.4000000060
93103  -45.290  49.401  23.414 0.4000000060
93108  -45.689  49.901  22.812 0.3000000119
93629  -45.867  50.300  21.453 0.3000000119
93636  -46.659  50.351  20.835 0.5000000000
93003  -46.914  49.642  33.012 0.2000000030
92542  -47.259  49.014  32.433 0.2000000030
92990  -46.581  50.193  33.653 0.2000000030
93004  -48.001  49.908  33.243 0.2000000030
108577  -47.223  50.932  34.425 0.2000000030
93973  -47.944  51.250  34.307 0.2000000030
93479  -47.530  51.442  34.420 0.2000000030
93964  -46.854  51.603  34.569 0.2000000030
94484  -45.826  53.129  34.740 0.2000000030
94485  -46.514  52.366  34.172 0.2000000030
94492  -46.038  53.289  33.487 0.3000000119
94970  -45.722  54.558  33.163 0.3000000119
94507  -44.506  53.144  31.228 0.3000000119
94506  -43.854  52.770  30.749 0.3000000119
94043  -43.292  51.126  29.837 0.3000000119
93095  -43.252  49.288  24.377 0.4000000060
93096  -44.041  49.098  24.160 0.4000000060
92587  -42.638  48.728  26.599 0.4000000060
92591  -43.347  48.461  25.569 0.4000000060
93112  -45.161  50.211  22.012 0.3000000119
93002  -45.931  49.476  32.871 0.2000000030
92541  -46.247  48.884  32.290 0.3000000119
91995  -47.154  47.703  31.288 0.3000000119
121296  -47.277  46.600  30.511 0.3000000119
93477  -45.916  51.585  35.098 0.2000000030
93491  -45.249  50.511  34.274 0.2000000030
92556  -46.652  48.306  31.713 0.3000000119
91435  -48.025  46.595  30.448 0.3000000119
93492  -46.237  50.783  34.304 0.2000000030
113178  -46.312  51.976  35.108 0.2000000030
93956  -45.799  52.440  35.764 0.2000000030
94478  -46.087  52.235  35.240 0.2000000030
95419  -45.569  55.586  33.550 0.2000000030
94978  -45.629  54.613  32.753 0.4000000060
94977  -45.085  54.021  31.899 0.4000000060
94976  -44.029  53.745  31.050 0.3000000119
93079  -42.098  49.240  26.842 0.4000000060
93069  -41.908  50.005  28.198 0.4000000060
93070  -41.996  49.535  27.560 0.4000000060
93087  -42.912  48.972  25.081 0.4000000060
93570  -41.985  50.689  28.830 0.4000000060
92570  -42.453  49.346  28.138 0.4000000060
92590  -42.719  48.769  25.837 0.4000000060
93107  -44.820  49.906  22.830 0.3000000119
108990  -45.320  48.809  32.319 0.3000000119
91433  -46.017  46.625  30.781 0.3000000119
91434  -46.664  46.267  30.454 0.3000000119
90868  -47.839  45.133  29.688 0.3000000119
90265  -48.362  44.292  29.336 0.4000000060
115934  -45.146  49.337  32.867 0.2000000030
93963  -45.314  51.997  35.936 0.2000000030
111309  -44.410  52.850  36.012 0.2000000030
93955  -45.193  52.457  36.150 0.2000000030
94471  -45.485  52.733  35.996 0.2000000030
94954  -44.800  53.437  35.619 0.2000000030
94955  -45.331  53.192  35.692 0.2000000030
94477  -45.676  52.895  35.708 0.2000000030
95412  -44.895  54.949  34.519 0.2000000030
94961  -45.371  53.801  34.991 0.2000000030
94966  -45.535  54.514  34.063 0.2000000030
95425  -45.693  55.675  33.222 0.3000000119
95432  -45.504  55.537  32.584 0.3000000119
95430  -44.611  55.110  31.548 0.3000000119
124525  -41.631  51.113  28.591 0.3000000119
120272  -41.601  50.136  27.621 0.4000000060
89727  -46.967  43.646  29.706 0.3000000119
89193  -47.317  42.892  29.744 0.3000000119
108669  -46.018  45.812  30.435 0.3000000119
90263  -46.598  44.408  29.850 0.3000000119
89728  -47.788  43.514  29.436 0.3000000119
89195  -49.133  42.549  29.233 0.4000000060
109325  -43.078  52.389  34.759 0.2000000030
94476  -43.800  53.167  35.128 0.2000000030
94959  -44.506  54.050  34.820 0.2000000030
94964  -43.351  53.720  33.465 0.2000000030
94965  -44.320  54.688  34.166 0.2000000030
113366  -45.208  54.846  34.422 0.2000000030
94969  -43.700  54.647  33.402 0.2000000030
95423  -44.540  55.696  33.836 0.2000000030
95418  -44.976  55.724  34.275 0.2000000030
95861  -45.067  56.290  33.974 0.2000000030
95414  -45.348  55.668  34.007 0.2000000030
95863  -45.448  56.141  33.599 0.2000000030
95867  -44.617  56.731  33.325 0.2000000030
95868  -45.182  56.704  33.424 0.2000000030
95424  -45.446  56.542  33.196 0.3000000119
95431  -45.220  56.710  32.218 0.3000000119
95881  -45.152  58.004  31.438 0.3000000119
95439  -44.523  56.135  30.917 0.3000000119
104373  -43.959  55.861  29.756 0.3000000119
94987  -42.835  53.536  29.866 0.3000000119
94997  -42.069  53.081  28.860 0.3000000119
94546  -41.689  52.323  28.619 0.3000000119
94538  -42.056  52.436  29.260 0.3000000119
93581  -41.283  50.627  27.189 0.3000000119
93588  -41.337  50.444  26.215 0.3000000119
117093  -41.795  49.640  26.210 0.4000000060
93569  -41.462  50.736  28.093 0.4000000060
93094  -42.531  49.601  24.641 0.3000000119
89182  -47.699  42.150  30.086 0.2000000030
91432  -45.167  46.065  30.783 0.3000000119
90862  -46.245  45.100  30.120 0.3000000119
88632  -48.584  41.922  29.775 0.2000000030
93970  -41.720  51.717  33.158 0.2000000030
94481  -42.281  52.318  33.259 0.2000000030
93971  -42.348  51.871  34.099 0.2000000030
94482  -42.992  52.810  33.914 0.2000000030
94975  -42.685  54.675  31.908 0.2000000030
103832  -42.519  56.049  31.743 0.2000000030
95422  -43.611  55.274  32.901 0.2000000030
95866  -43.431  55.972  32.347 0.2000000030
95873  -43.705  57.469  32.295 0.2000000030
96245  -44.928  58.363  30.582 0.2000000030
96252  -44.342  57.913  29.713 0.2000000030
96261  -44.105  57.133  28.868 0.2000000030
95874  -44.886  57.791  32.670 0.2000000030
96238  -44.786  58.394  31.959 0.3000000119
96604  -44.902  58.804  31.197 0.3000000119
95887  -44.342  56.933  28.899 0.2000000030
95448  -43.651  55.837  28.719 0.3000000119
95459  -43.069  54.754  28.630 0.3000000119
95471  -43.136  54.629  27.874 0.2000000030
95880  -44.696  57.427  30.079 0.3000000119
95437  -43.195  54.645  29.485 0.3000000119
94998  -42.553  53.803  29.160 0.3000000119
95001  -41.818  53.066  28.163 0.3000000119
94549  -41.444  52.255  27.861 0.3000000119
94552  -41.293  52.203  27.052 0.3000000119
116947  -42.363  53.084  29.398 0.3000000119
105906  -48.117  41.397  30.448 0.2000000030
109738  -49.034  41.220  30.288 0.4000000060
93999  -41.271  52.194  31.859 0.2000000030
93998  -40.649  51.659  31.737 0.2000000030
93981  -41.239  51.679  32.426 0.2000000030
94490  -41.844  52.426  32.437 0.2000000030
94491  -42.592  53.057  32.911 0.2000000030
94505  -41.540  52.943  31.625 0.2000000030
94967  -42.276  53.425  32.055 0.2000000030
94974  -41.775  53.899  31.425 0.2000000030
95872  -41.334  56.408  31.278 0.2000000030
111335  -42.305  57.404  31.535 0.2000000030
96236  -43.342  58.170  31.702 0.3000000119
96608  -43.774  58.571  30.454 0.2000000030
96235  -41.293  57.225  31.032 0.2000000030
96594  -42.558  58.090  31.138 0.2000000030
96603  -44.252  58.987  31.058 0.2000000030
95896  -43.693  56.297  28.377 0.2000000030
95460  -43.493  55.480  28.039 0.2000000030
95005  -42.505  53.730  27.662 0.3000000119
95004  -41.706  53.009  27.378 0.3000000119
88095  -48.594  40.747  30.939 0.2000000030
94504  -40.863  52.527  31.263 0.2000000030
94019  -40.220  52.042  30.934 0.2000000030
120027  -39.641  52.376  30.464 0.2000000030
94973  -41.055  53.447  31.053 0.2000000030
96250  -41.773  57.428  29.841 0.2000000030
96251  -43.177  57.704  29.475 0.2000000030
96260  -43.264  56.810  28.552 0.2000000030
95910  -43.905  55.468  27.023 0.2000000030
96244  -41.489  57.443  30.624 0.2000000030
95905  -43.467  55.589  27.663 0.2000000030
95472  -43.866  55.107  27.234 0.2000000030
95482  -43.431  54.347  27.149 0.2000000030
111365  -42.596  53.527  26.917 0.2000000030
113412  -41.629  52.930  26.618 0.3000000119
94522  -40.223  53.072  30.622 0.2000000030
95909  -43.517  55.871  26.693 0.2000000030
95886  -40.072  56.260  29.577 0.2000000030
96249  -40.711  56.883  30.123 0.2000000030
96259  -42.180  56.942  28.885 0.2000000030
96265  -42.518  56.442  28.197 0.2000000030
95895  -43.334  56.081  27.861 0.2000000030
94521  -38.998  52.206  30.097 0.2000000030
95917  -42.050  55.856  25.841 0.2000000030
95902  -39.969  55.329  28.018 0.2000000030
95470  -40.415  55.084  27.005 0.2000000030
124727  -41.398  55.611  27.029 0.2000000030
95908  -42.347  55.919  26.804 0.2000000030
95893  -40.446  56.024  28.643 0.2000000030
95903  -40.960  55.792  27.714 0.2000000030
95904  -42.235  56.140  27.560 0.2000000030
95008  -43.644  53.926  26.431 0.2000000030
95480  -39.601  54.761  26.459 0.2000000030
95481  -40.318  54.894  26.175 0.2000000030
95469  -39.396  54.851  27.389 0.2000000030
95907  -41.147  55.324  26.368 0.2000000030
95916  -40.627  55.140  25.591 0.2000000030
84128  -43.627  33.071  29.756 0.3000000119
88640  -49.494  41.710  29.615 0.4000000060
92001  -47.649  47.198  30.821 0.3000000119
90863  -47.369  45.878  30.158 0.3000000119
89729  -48.620  43.360  29.188 0.4000000060
93494  -49.594  50.945  34.302 0.2000000030
82485  -47.545  30.443  31.404 0.1000000015
93553  -44.787  50.373  29.675 0.4000000060
82499  -48.022  30.216  30.714 0.1000000015
93984  -49.153  51.274  33.909 0.3000000119
93983  -48.120  51.490  33.802 0.2000000030
92989  -45.592  49.972  33.535 0.2000000030
91994  -46.242  47.454  31.253 0.3000000119
92555  -45.570  48.087  31.695 0.3000000119
92000  -46.806  47.005  30.783 0.3000000119
92988  -44.610  49.600  33.462 0.2000000030
92540  -44.754  48.281  31.952 0.3000000119
116075  -46.632  45.624  30.192 0.3000000119
90867  -46.978  45.095  29.838 0.3000000119
90264  -47.401  44.347  29.568 0.3000000119
94470  -45.019  52.721  36.207 0.2000000030
89194  -48.170  42.715  29.498 0.3000000119
94968  -43.062  53.991  32.623 0.2000000030
95875  -45.117  57.617  32.686 0.3000000119
95002  -42.479  53.859  28.418 0.2000000030
96601  -42.667  58.124  30.496 0.2000000030
104989  -43.213  56.002  27.246 0.2000000030
96258  -41.049  56.639  29.260 0.2000000030
95894  -41.511  56.340  28.339 0.2000000030
83502  -43.283  32.833  36.712 0.1000000015
84065  -43.825  33.577  36.642 0.1000000015
84066  -44.663  33.617  36.666 0.1000000015
119490  -38.286  37.934  29.939 0.1000000015
86466  -38.839  37.769  29.411 0.1000000015
86475  -39.243  37.947  28.661 0.1000000015
104031  -39.405  37.344  28.991 0.1000000015
85897  -39.049  36.959  29.783 0.1000000015
86477  -40.137  37.380  27.748 0.1000000015
85915  -40.877  36.974  27.466 0.1000000015
86476  -39.614  37.681  28.177 0.1000000015
103977  -39.795  38.145  27.394 0.1000000015
86499  -41.034  38.073  26.537 0.1000000015
106905  -41.789  37.764  26.385 0.1000000015
89179  -45.308  42.897  30.502 0.2000000030
121627  -45.940  43.203  30.243 0.2000000030
86465  -38.466  38.369  29.445 0.1000000015
87013  -38.887  38.490  28.751 0.1000000015
87557  -37.311  38.990  30.346 0.1000000015
87569  -38.356  39.147  29.069 0.1000000015
87019  -38.985  39.294  27.977 0.1000000015
87014  -39.332  38.414  27.976 0.1000000015
86486  -39.959  38.605  26.790 0.1000000015
86487  -40.479  37.927  26.960 0.1000000015
87568  -37.697  39.258  29.702 0.1000000015
87020  -39.505  38.949  27.109 0.1000000015
87027  -40.459  38.733  26.503 0.1000000015
87578  -37.682  39.858  29.090 0.1000000015
87579  -38.342  39.986  28.287 0.1000000015
88122  -39.433  40.225  27.396 0.1000000015
87596  -40.103  39.409  26.632 0.1000000015
87597  -40.920  39.385  26.629 0.1000000015
87028  -41.383  38.547  26.483 0.1000000015
87598  -42.055  39.099  26.810 0.1000000015
87599  -43.088  38.880  27.036 0.2000000030
87021  -44.000  38.801  27.077 0.3000000119
89717  -44.793  43.671  30.554 0.2000000030
89718  -45.540  43.735  30.310 0.2000000030
89719  -46.239  43.749  30.034 0.2000000030
90859  -43.991  45.083  30.983 0.2000000030
90860  -44.718  45.184  30.659 0.2000000030
90861  -45.504  45.187  30.394 0.2000000030
88628  -36.474  40.995  29.864 0.1000000015
88102  -37.084  40.544  29.416 0.1000000015
88112  -37.784  40.547  28.542 0.1000000015
121697  -39.197  40.821  27.592 0.1000000015
88135  -39.829  39.897  26.976 0.1000000015
88136  -40.232  39.974  26.927 0.1000000015
88124  -40.719  40.874  27.482 0.2000000030
117785  -41.038  40.134  27.248 0.2000000030
113793  -42.869  39.793  27.388 0.2000000030
87588  -43.645  39.428  27.301 0.3000000119
88125  -42.446  40.475  27.512 0.2000000030
87589  -44.422  39.499  27.311 0.3000000119
89712  -43.318  43.671  31.181 0.1000000015
90257  -43.644  44.374  31.019 0.1000000015
89716  -44.028  43.662  30.827 0.1000000015
90856  -44.260  45.832  31.030 0.1000000015
109017  -35.126  41.608  30.477 0.1000000015
111827  -36.213  41.575  29.715 0.1000000015
88638  -36.856  41.310  29.317 0.1000000015
88626  -34.422  41.672  30.689 0.1000000015
88647  -37.949  41.219  28.275 0.1000000015
88656  -38.882  41.306  27.812 0.1000000015
88658  -40.193  41.680  27.675 0.2000000030
88123  -39.728  40.614  27.357 0.1000000015
122720  -40.878  41.605  27.688 0.2000000030
112640  -41.719  40.682  27.523 0.2000000030
89218  -43.114  42.184  27.319 0.2000000030
112317  -43.100  40.671  27.531 0.2000000030
89711  -42.594  43.606  31.526 0.2000000030
91429  -44.454  46.676  31.268 0.2000000030
91993  -44.621  47.570  31.600 0.2000000030
91430  -45.327  47.087  31.195 0.2000000030
88637  -35.529  41.885  29.968 0.1000000015
121167  -36.658  41.893  29.293 0.1000000015
88646  -37.388  41.812  28.793 0.1000000015
88639  -37.414  41.073  28.799 0.1000000015
89739  -35.591  43.825  28.793 0.2000000030
89201  -36.745  42.519  29.027 0.2000000030
89213  -38.208  42.729  28.230 0.2000000030
116083  -38.945  41.888  27.912 0.1000000015
88657  -39.272  41.362  27.687 0.1000000015
89740  -36.690  43.381  28.738 0.2000000030
89751  -38.200  43.551  28.057 0.2000000030
114873  -38.598  42.932  28.108 0.2000000030
89215  -38.974  42.764  27.973 0.2000000030
125125  -40.370  42.446  27.766 0.2000000030
89754  -41.659  43.151  27.379 0.2000000030
89217  -42.167  42.296  27.493 0.2000000030
89223  -42.642  43.008  27.068 0.2000000030
89224  -43.508  42.701  26.746 0.2000000030
89225  -44.305  42.460  26.476 0.2000000030
91427  -42.986  45.778  31.545 0.1000000015
91987  -42.456  47.321  32.678 0.1000000015
91428  -43.639  46.309  31.427 0.2000000030
91988  -43.219  47.615  32.250 0.1000000015
92539  -43.536  48.371  32.611 0.1000000015
93001  -44.431  48.760  32.561 0.1000000015
90292  -37.559  44.150  28.082 0.2000000030
110118  -38.780  43.736  27.795 0.2000000030
89752  -39.676  43.576  27.726 0.2000000030
89753  -40.604  43.166  27.663 0.2000000030
120550  -40.447  43.978  27.435 0.2000000030
89762  -42.152  43.859  26.630 0.2000000030
89232  -43.883  43.058  26.008 0.2000000030
89773  -44.185  43.229  25.130 0.2000000030
119613  -43.853  48.961  33.094 0.1000000015
92975  -44.401  50.201  34.422 0.1000000015
90889  -37.890  45.059  27.313 0.2000000030
90300  -38.750  44.762  27.310 0.2000000030
90293  -39.346  44.284  27.475 0.2000000030
90301  -39.575  44.873  27.031 0.2000000030
90303  -41.483  44.440  26.379 0.2000000030
90309  -40.948  44.922  26.064 0.2000000030
90304  -42.094  44.394  25.835 0.2000000030
89772  -43.447  43.641  25.430 0.2000000030
90318  -42.033  44.724  24.676 0.2000000030
90312  -43.047  44.172  24.908 0.2000000030
90320  -43.405  44.335  24.231 0.2000000030
119237  -44.401  44.271  23.203 0.2000000030
89795  -44.890  43.742  23.136 0.2000000030
89796  -45.590  43.632  22.494 0.2000000030
92471  -42.481  49.972  40.458 0.1000000015
92937  -43.132  50.560  39.376 0.1000000015
92936  -41.889  50.503  40.122 0.1000000015
92469  -40.652  49.055  39.318 0.1000000015
91950  -39.299  47.703  37.114 0.1000000015
91949  -38.721  47.129  37.387 0.1000000015
91391  -37.602  46.057  37.237 0.1000000015
90830  -37.079  45.959  36.603 0.1000000015
92986  -43.071  49.131  34.283 0.1000000015
92962  -43.295  49.850  36.641 0.1000000015
93453  -42.724  51.235  39.085 0.1000000015
92948  -41.845  50.570  38.522 0.1000000015
92480  -39.762  48.360  36.715 0.1000000015
91407  -37.568  46.947  35.520 0.1000000015
117804  -37.174  46.420  35.951 0.1000000015
90829  -35.715  45.375  35.987 0.1000000015
92963  -43.745  50.307  36.068 0.1000000015
93941  -43.825  51.340  37.815 0.1000000015
93447  -43.216  51.136  38.816 0.1000000015
110102  -44.661  51.478  35.997 0.1000000015
93455  -44.122  51.570  37.150 0.1000000015
93476  -44.920  51.111  35.118 0.1000000015
90917  -42.163  44.941  24.125 0.2000000030
90929  -43.292  45.124  23.229 0.1000000015
90331  -42.982  44.857  23.915 0.2000000030
90354  -45.218  44.684  21.760 0.2000000030
123314  -45.561  44.129  21.942 0.2000000030
90344  -46.085  43.879  21.782 0.2000000030
92481  -40.457  48.968  37.609 0.1000000015
92960  -40.933  49.703  37.209 0.1000000015
92494  -39.525  48.444  35.635 0.1000000015
91956  -39.098  47.769  36.067 0.1000000015
91963  -37.260  47.072  34.854 0.1000000015
91406  -36.877  46.612  35.302 0.1000000015
93464  -42.886  51.591  37.140 0.1000000015
92961  -41.470  50.343  36.683 0.1000000015
112589  -40.671  49.642  35.834 0.1000000015
93946  -44.046  51.749  37.202 0.1000000015
93945  -43.598  51.615  37.555 0.1000000015
91507  -41.929  45.959  23.016 0.1000000015
90937  -42.753  45.721  22.753 0.1000000015
90928  -42.472  45.344  23.495 0.1000000015
90939  -44.462  45.093  22.200 0.1000000015
90343  -44.117  44.813  22.913 0.1000000015
107351  -44.908  44.300  22.505 0.2000000030
90355  -45.908  44.387  21.325 0.2000000030
90363  -46.517  44.569  20.849 0.2000000030
90356  -46.610  44.153  21.355 0.2000000030
93462  -41.115  50.254  35.336 0.1000000015
93463  -41.990  50.997  36.051 0.1000000015
94475  -43.633  52.439  35.774 0.1000000015
93954  -43.470  51.904  36.640 0.1000000015
93953  -42.586  51.631  36.073 0.1000000015
90948  -45.442  45.063  21.122 0.1000000015
119450  -45.986  44.847  20.824 0.1000000015
110277  -47.099  44.841  20.291 0.2000000030
93473  -40.894  50.299  34.259 0.1000000015
93474  -41.516  50.717  34.819 0.1000000015
93488  -39.840  49.964  32.925 0.1000000015
93962  -42.830  51.923  35.338 0.1000000015
93490  -41.509  51.028  33.880 0.1000000015
93489  -40.665  50.514  33.238 0.1000000015
93503  -40.174  50.506  32.509 0.1000000015
93519  -38.583  50.418  31.118 0.1000000015
106317  -36.624  49.334  31.176 0.1000000015
93537  -38.900  50.926  30.700 0.1000000015
93536  -38.259  50.757  30.455 0.1000000015
93534  -36.649  50.438  30.071 0.1000000015
93533  -35.802  50.349  29.986 0.1000000015
117021  -34.441  49.839  30.467 0.1000000015
94016  -37.880  51.299  29.890 0.1000000015
94041  -37.381  52.088  29.660 0.1000000015
93550  -37.032  51.179  29.730 0.1000000015
90957  -46.344  45.128  20.356 0.1000000015
92999  -32.084  49.295  32.300 0.1000000015
93018  -31.769  49.817  32.413 0.1000000015
93019  -32.223  49.847  31.761 0.1000000015
93517  -32.090  50.617  31.448 0.1000000015
112791  -32.509  51.812  30.594 0.1000000015
93530  -33.083  50.762  30.477 0.1000000015
93020  -33.089  49.496  31.291 0.1000000015
93980  -40.682  51.060  32.469 0.1000000015
93521  -40.107  50.873  31.880 0.1000000015
94519  -33.010  52.137  30.160 0.1000000015
94017  -38.646  51.433  30.205 0.1000000015
93549  -36.164  51.044  29.654 0.1000000015
94038  -34.560  51.989  29.632 0.1000000015
111897  -39.190  53.214  30.224 0.1000000015
94537  -37.731  53.114  29.728 0.1000000015
94536  -36.794  53.021  29.582 0.1000000015
94535  -35.883  52.905  29.523 0.1000000015
95445  -35.800  54.217  29.187 0.1000000015
95428  -40.715  55.360  30.947 0.1000000015
108044  -40.008  54.916  30.602 0.1000000015
122046  -37.694  54.034  29.889 0.1000000015
94995  -37.037  53.961  29.734 0.1000000015
95446  -36.649  54.311  29.389 0.1000000015
95465  -35.457  54.309  28.150 0.1000000015
90956  -45.643  45.414  20.470 0.1000000015
90964  -46.717  45.505  19.757 0.1000000015
109114  -31.462  51.095  33.103 0.1000000015
93979  -31.551  51.683  32.396 0.1000000015
94480  -31.520  52.846  33.418 0.1000000015
94963  -31.293  53.615  33.181 0.1000000015
94489  -31.419  52.760  32.601 0.1000000015
94502  -31.639  52.263  31.730 0.1000000015
93995  -31.828  51.345  31.571 0.1000000015
116050  -31.470  53.059  31.848 0.1000000015
94517  -31.803  52.867  31.134 0.1000000015
94503  -32.014  51.948  31.043 0.1000000015
94518  -32.347  52.471  30.581 0.1000000015
94015  -33.473  51.382  30.077 0.1000000015
94972  -31.476  53.619  31.478 0.1000000015
113262  -32.151  53.121  30.553 0.1000000015
94982  -32.239  53.702  30.212 0.1000000015
94531  -32.682  52.996  30.136 0.1000000015
94037  -33.789  52.086  29.807 0.1000000015
94533  -34.187  52.820  29.584 0.1000000015
95453  -34.173  54.364  28.389 0.1000000015
123603  -34.421  54.757  27.182 0.1000000015
94992  -34.419  53.975  29.152 0.1000000015
95901  -34.240  55.174  26.890 0.1000000015
94983  -38.817  54.337  30.237 0.1000000015
95435  -38.682  55.082  30.104 0.1000000015
95464  -34.677  54.447  27.662 0.1000000015
95475  -34.854  54.673  26.719 0.1000000015
95879  -40.046  55.856  30.506 0.1000000015
95878  -39.252  55.642  30.151 0.1000000015
95884  -38.338  54.961  29.688 0.1000000015
95467  -37.550  54.552  27.850 0.1000000015
95455  -36.269  54.404  28.646 0.1000000015
118555  -35.302  54.405  27.191 0.1000000015
95913  -34.766  55.243  26.168 0.1000000015
96272  -34.717  56.095  25.749 0.1000000015
95892  -39.539  55.673  29.018 0.1000000015
91531  -44.082  46.037  20.968 0.1000000015
90955  -44.882  45.702  20.698 0.1000000015
90963  -45.940  45.758  19.842 0.1000000015
91548  -44.618  46.690  19.560 0.1000000015
91540  -44.359  46.368  20.248 0.1000000015
91562  -46.788  46.626  18.700 0.1000000015
117015  -47.265  47.184  18.231 0.1000000015
95421  -31.217  53.816  32.317 0.1000000015
116012  -31.317  54.224  31.656 0.1000000015
94981  -31.759  53.640  30.818 0.1000000015
95442  -32.328  54.399  29.780 0.1000000015
94990  -32.911  53.740  29.641 0.1000000015
95443  -33.327  54.336  29.131 0.1000000015
95444  -33.843  54.250  28.940 0.1000000015
95463  -33.954  54.803  27.625 0.1000000015
95900  -33.710  55.420  27.376 0.1000000015
120143  -32.808  54.481  29.320 0.1000000015
95452  -33.564  54.650  28.412 0.1000000015
95890  -33.275  55.292  28.025 0.1000000015
96269  -34.256  55.956  26.429 0.1000000015
96273  -35.240  56.331  25.119 0.1000000015
95458  -39.037  55.062  28.406 0.1000000015
95477  -36.362  54.416  26.255 0.1000000015
95486  -35.864  54.631  25.646 0.1000000015
95914  -35.373  55.318  25.434 0.1000000015
96276  -35.810  56.529  24.598 0.1000000015
95487  -36.686  54.630  25.450 0.1000000015
95915  -36.241  55.099  24.932 0.1000000015
95921  -35.749  55.757  24.834 0.1000000015
91539  -43.569  46.782  20.500 0.1000000015
91547  -43.959  46.844  19.826 0.1000000015
91549  -45.483  46.455  19.357 0.1000000015
91541  -45.130  45.989  19.961 0.1000000015
92113  -44.925  47.099  18.766 0.1000000015
91561  -45.918  46.822  18.729 0.1000000015
92146  -45.325  47.754  17.621 0.1000000015
92125  -45.559  47.308  18.154 0.1000000015
110323  -46.375  47.216  18.216 0.1000000015
92639  -45.911  48.184  17.446 0.1000000015
111544  -45.976  47.610  17.812 0.1000000015
94608  -49.151  52.448  19.311 0.3000000119
121877  -45.825  48.678  16.992 0.1000000015
92147  -46.727  47.881  17.731 0.1000000015
94624  -48.684  53.191  18.757 0.3000000119
94625  -49.613  53.466  18.876 0.3000000119
94609  -50.125  52.758  19.508 0.2000000030
95073  -48.231  54.029  18.419 0.3000000119
95074  -49.240  54.287  18.426 0.3000000119
94610  -51.103  53.211  19.467 0.3000000119
95534  -49.045  55.123  17.871 0.3000000119
95535  -50.387  55.377  17.859 0.3000000119
95076  -52.268  55.435  18.243 0.3000000119
95058  -51.666  54.478  18.903 0.2000000030
95536  -51.831  55.735  17.680 0.3000000119
95547  -52.605  55.617  17.704 0.3000000119
93685  -48.026  50.790  16.647 0.2000000030
95090  -52.817  55.192  17.555 0.3000000119
94172  -48.579  51.727  16.565 0.2000000030
94639  -49.230  53.045  16.414 0.2000000030
95417  -31.192  54.463  32.940 0.1000000015
112252  -31.222  54.793  32.104 0.1000000015
109258  -31.495  54.128  31.130 0.1000000015
95434  -31.730  54.437  30.505 0.1000000015
95441  -31.957  55.164  29.893 0.1000000015
107490  -32.507  54.994  29.264 0.1000000015
96268  -33.832  55.867  26.966 0.1000000015
114845  -34.338  56.742  26.153 0.1000000015
96622  -34.775  57.169  25.587 0.1000000015
96623  -35.378  57.294  24.904 0.1000000015
106718  -37.865  54.523  26.899 0.1000000015
95496  -37.928  54.832  24.846 0.1000000015
117970  -36.867  55.422  24.533 0.1000000015
114580  -36.336  55.889  24.479 0.1000000015
96277  -36.493  56.731  24.151 0.1000000015
96626  -36.005  57.433  24.405 0.1000000015
93085  -41.660  50.026  25.603 0.2000000030
94579  -41.227  52.275  22.439 0.1000000015
92100  -43.380  47.181  19.731 0.1000000015
92112  -44.001  47.123  19.180 0.1000000015
93626  -42.708  50.814  21.314 0.1000000015
93628  -44.445  50.265  21.395 0.2000000030
111145  -44.964  50.481  20.291 0.2000000030
93635  -45.674  50.404  20.486 0.2000000030
94111  -42.341  51.327  20.748 0.1000000015
93633  -43.292  50.950  20.490 0.1000000015
93634  -44.257  50.508  20.579 0.1000000015
118892  -43.955  50.965  19.971 0.1000000015
93644  -44.588  50.849  19.843 0.2000000030
93645  -45.346  50.766  19.751 0.3000000119
93646  -46.224  50.652  19.862 0.4000000060
94112  -48.377  50.679  20.551 0.4000000060
110631  -48.610  51.548  19.795 0.4000000060
94125  -44.902  51.353  19.214 0.1000000015
94141  -45.144  52.086  18.666 0.2000000030
94126  -45.870  51.461  19.147 0.3000000119
107611  -46.845  51.224  19.455 0.4000000060
94128  -49.695  51.799  20.050 0.4000000060
92124  -44.742  47.475  17.940 0.1000000015
92638  -45.247  48.345  17.106 0.1000000015
94142  -45.920  52.437  18.569 0.3000000119
119529  -46.627  51.945  18.844 0.3000000119
94143  -47.555  51.912  19.055 0.4000000060
112776  -45.918  53.370  18.229 0.2000000030
94622  -46.828  52.933  18.499 0.3000000119
94623  -47.808  52.992  18.670 0.3000000119
94607  -48.352  52.348  19.047 0.3000000119
95072  -46.697  54.067  18.144 0.3000000119
95544  -48.189  55.074  17.549 0.3000000119
95546  -51.391  56.248  17.212 0.3000000119
95100  -51.753  56.361  16.529 0.3000000119
95089  -52.117  55.787  17.375 0.3000000119
94640  -50.856  54.554  16.837 0.3000000119
96963  -35.678  58.165  24.740 0.1000000015
95489  -38.893  54.679  25.818 0.1000000015
95497  -38.882  54.811  24.937 0.1000000015
96278  -37.191  56.067  24.086 0.1000000015
96288  -37.209  56.966  23.741 0.1000000015
96627  -36.653  57.561  23.919 0.1000000015
96964  -36.270  58.250  24.232 0.1000000015
95490  -39.730  54.815  25.588 0.1000000015
96279  -39.118  55.560  24.380 0.1000000015
96290  -38.744  56.223  23.933 0.1000000015
96289  -37.964  56.534  23.768 0.1000000015
96632  -37.941  57.323  23.604 0.1000000015
96968  -36.934  58.302  23.754 0.1000000015
95483  -44.416  54.821  26.476 0.1000000015
95013  -43.406  53.653  25.856 0.1000000015
117212  -42.473  53.364  26.194 0.1000000015
95012  -42.227  53.311  25.428 0.1000000015
94555  -41.478  52.776  25.860 0.1000000015
116977  -41.100  51.117  25.735 0.2000000030
93604  -42.218  50.205  24.100 0.2000000030
93101  -43.508  49.681  23.610 0.3000000119
93102  -44.444  49.508  23.505 0.3000000119
95029  -41.176  53.225  22.517 0.1000000015
94099  -41.550  51.379  22.730 0.1000000015
108770  -42.611  50.467  22.612 0.2000000030
93622  -43.431  50.256  22.300 0.2000000030
94578  -40.896  52.807  21.947 0.1000000015
94107  -41.453  51.649  21.896 0.1000000015
94100  -41.793  51.144  22.117 0.2000000030
93627  -43.601  50.429  21.412 0.1000000015
93623  -44.234  50.153  22.126 0.2000000030
94108  -41.968  51.197  21.507 0.1000000015
93637  -47.571  50.404  20.661 0.4000000060
94110  -41.573  51.731  21.077 0.1000000015
94122  -42.741  51.603  19.938 0.1000000015
94123  -43.517  51.440  19.668 0.1000000015
94139  -43.785  51.816  19.040 0.1000000015
94140  -44.380  51.936  18.796 0.1000000015
105509  -45.938  53.876  17.899 0.3000000119
95532  -47.179  54.606  17.783 0.3000000119
95533  -47.686  54.542  18.089 0.3000000119
93684  -47.158  50.693  16.313 0.2000000030
95553  -47.246  54.795  17.209 0.3000000119
111514  -49.657  55.806  17.246 0.3000000119
94171  -47.703  51.386  16.180 0.2000000030
94185  -47.612  51.742  15.612 0.2000000030
95088  -51.608  56.108  17.128 0.3000000119
94638  -48.201  52.215  15.997 0.2000000030
96961  -35.252  58.034  25.390 0.1000000015
96960  -34.843  57.978  25.987 0.1000000015
97359  -35.978  58.979  24.575 0.1000000015
97360  -36.610  59.018  24.076 0.1000000015
97375  -37.236  58.963  23.716 0.1000000015
95924  -39.907  55.084  24.931 0.1000000015
96280  -40.043  55.679  24.527 0.1000000015
121143  -38.751  56.888  23.656 0.1000000015
96633  -38.703  57.632  23.599 0.1000000015
96969  -37.922  58.287  23.578 0.1000000015
97376  -37.876  59.303  23.628 0.1000000015
95926  -41.967  56.093  24.942 0.1000000015
96282  -41.329  56.470  24.421 0.1000000015
96291  -39.674  56.343  23.992 0.1000000015
96634  -39.676  57.363  23.663 0.1000000015
105080  -39.072  58.215  23.622 0.1000000015
105588  -39.354  58.895  23.669 0.1000000015
95491  -45.087  54.818  25.699 0.1000000015
95492  -45.437  55.288  25.151 0.1000000015
95009  -44.354  54.199  25.870 0.1000000015
118556  -44.701  54.385  25.336 0.1000000015
95019  -43.578  53.747  25.183 0.1000000015
95498  -44.285  54.291  24.653 0.1000000015
95018  -42.031  53.275  24.599 0.1000000015
94562  -41.299  52.466  24.940 0.1000000015
94082  -41.118  51.387  24.998 0.2000000030
93100  -42.828  49.751  24.007 0.2000000030
95024  -42.834  53.767  24.255 0.1000000015
93603  -41.528  50.818  24.313 0.2000000030
93613  -41.946  50.721  23.307 0.2000000030
93615  -43.248  50.100  22.958 0.3000000119
95509  -42.187  54.323  22.865 0.1000000015
95503  -41.979  53.667  23.338 0.1000000015
106581  -41.375  52.784  23.242 0.1000000015
113811  -41.335  51.935  23.334 0.1000000015
93620  -41.971  50.875  22.531 0.2000000030
93106  -43.962  49.954  22.894 0.3000000119
93630  -47.303  50.172  21.507 0.4000000060
123990  -41.560  53.826  22.724 0.1000000015
95028  -40.702  53.387  21.779 0.1000000015
119446  -41.074  54.182  22.211 0.1000000015
94589  -41.029  52.331  21.483 0.1000000015
95038  -40.382  53.389  21.125 0.1000000015
94588  -40.704  52.927  21.445 0.1000000015
94595  -40.690  52.827  20.872 0.1000000015
94604  -40.773  52.852  20.125 0.1000000015
94596  -41.886  51.882  20.245 0.1000000015
94605  -42.303  52.233  19.442 0.1000000015
94606  -43.135  52.025  19.165 0.1000000015
106926  -41.464  52.485  19.784 0.1000000015
94619  -43.712  52.613  18.567 0.1000000015
108179  -42.779  52.797  18.736 0.1000000015
94620  -44.610  52.791  18.372 0.1000000015
94621  -45.313  52.868  18.351 0.2000000030
92656  -44.579  48.494  16.524 0.1000000015
116778  -45.537  49.461  16.214 0.1000000015
95070  -44.128  53.542  18.048 0.1000000015
95071  -45.115  53.583  17.993 0.1000000015
93166  -44.931  49.243  16.012 0.1000000015
93178  -45.396  49.825  15.650 0.1000000015
95086  -45.469  53.981  17.385 0.3000000119
93692  -45.915  50.234  15.504 0.1000000015
93683  -46.450  50.512  15.931 0.1000000015
95087  -46.420  54.335  17.608 0.3000000119
95098  -46.267  54.330  16.864 0.3000000119
94170  -46.982  51.192  15.629 0.2000000030
95554  -48.613  55.521  16.815 0.3000000119
95966  -51.228  57.392  16.055 0.3000000119
94654  -47.978  52.376  15.207 0.1000000015
94655  -48.889  53.174  15.566 0.2000000030
95099  -50.325  54.638  16.062 0.3000000119
94673  -48.701  53.138  14.683 0.1000000015
95133  -49.889  54.496  15.059 0.3000000119
97749  -36.390  59.730  24.487 0.1000000015
97377  -38.678  59.571  23.644 0.1000000015
95918  -43.709  56.039  25.877 0.1000000015
95927  -43.321  56.278  24.954 0.1000000015
96293  -41.523  56.913  24.146 0.1000000015
96292  -40.611  56.743  23.966 0.1000000015
96635  -40.815  57.643  23.833 0.1000000015
119271  -40.035  58.939  23.763 0.1000000015
95919  -44.708  55.455  26.168 0.1000000015
96283  -43.856  56.518  24.648 0.1000000015
96294  -42.673  56.947  24.265 0.1000000015
95929  -45.721  55.487  24.833 0.1000000015
95499  -45.375  54.797  24.953 0.1000000015
123292  -44.148  54.833  23.584 0.1000000015
95510  -43.216  54.925  23.119 0.1000000015
95936  -42.040  55.008  22.463 0.1000000015
95037  -39.910  53.916  20.783 0.1000000015
95047  -40.293  53.384  20.448 0.1000000015
95055  -40.348  53.451  19.684 0.1000000015
94618  -41.883  52.945  19.019 0.1000000015
95068  -42.344  53.548  18.290 0.1000000015
95069  -43.237  53.525  18.137 0.1000000015
95085  -44.505  53.835  17.528 0.2000000030
93177  -44.711  49.496  15.191 0.1000000015
95096  -44.689  53.777  16.842 0.2000000030
93693  -46.311  50.656  15.095 0.1000000015
95560  -47.286  54.719  16.280 0.3000000119
93700  -46.200  50.734  14.183 0.1000000015
94195  -46.788  51.254  14.598 0.1000000015
94196  -47.389  51.756  14.919 0.1000000015
123350  -48.389  55.356  15.917 0.3000000119
95555  -50.271  56.435  16.657 0.3000000119
94672  -47.930  52.363  14.353 0.1000000015
95562  -50.893  57.517  15.393 0.3000000119
95112  -51.929  56.382  15.584 0.3000000119
95153  -49.797  54.372  14.088 0.3000000119
95134  -51.742  56.332  14.360 0.3000000119
97361  -37.151  59.833  23.988 0.1000000015
97764  -39.562  60.529  23.931 0.1000000015
96970  -39.953  58.274  23.713 0.1000000015
97378  -39.624  59.675  23.752 0.1000000015
96628  -44.295  56.920  24.266 0.1000000015
96636  -41.864  57.547  24.047 0.1000000015
96971  -40.674  58.594  23.839 0.1000000015
97379  -40.516  59.382  23.910 0.1000000015
95500  -45.734  55.194  24.540 0.1000000015
96285  -45.723  55.892  23.975 0.1000000015
95505  -45.203  54.811  24.132 0.1000000015
95937  -44.659  55.272  23.432 0.1000000015
114429  -43.181  55.516  22.686 0.1000000015
95943  -41.883  55.952  22.091 0.1000000015
95942  -40.943  55.257  21.970 0.1000000015
95941  -39.977  55.442  21.386 0.1000000015
95515  -39.798  54.562  21.061 0.1000000015
95521  -39.512  54.480  20.331 0.1000000015
95054  -39.864  54.042  19.317 0.1000000015
95066  -40.583  53.730  18.892 0.1000000015
95067  -41.431  53.578  18.559 0.1000000015
95083  -42.700  54.076  17.512 0.1000000015
95084  -43.635  53.947  17.513 0.1000000015
95095  -43.943  53.946  16.935 0.1000000015
95097  -45.423  53.694  16.391 0.2000000030
95110  -46.273  53.901  15.700 0.2000000030
94203  -46.768  51.281  13.636 0.1000000015
95111  -47.543  54.707  15.110 0.2000000030
95561  -49.251  56.064  15.159 0.3000000119
94204  -47.378  51.744  14.005 0.1000000015
94687  -48.093  52.331  13.443 0.1000000015
95579  -50.592  57.139  14.370 0.3000000119
94688  -48.734  53.105  13.801 0.1000000015
95580  -52.135  57.336  15.058 0.3000000119
95154  -51.638  55.929  13.136 0.2000000030
97763  -38.004  60.220  23.776 0.1000000015
97362  -41.183  59.948  24.194 0.1000000015
97765  -40.296  60.253  24.013 0.1000000015
96638  -44.556  57.613  23.818 0.1000000015
117904  -43.333  58.449  23.853 0.1000000015
96972  -41.466  58.305  23.947 0.1000000015
96295  -46.025  56.705  23.905 0.1000000015
118139  -46.483  57.739  23.390 0.1000000015
95933  -45.780  55.179  23.970 0.1000000015
121369  -46.352  56.641  23.232 0.1000000015
95938  -45.657  55.862  23.447 0.1000000015
96304  -46.873  57.154  23.093 0.1000000015
96303  -45.637  56.579  22.826 0.1000000015
96301  -43.036  56.174  22.326 0.1000000015
96308  -42.496  56.760  21.863 0.1000000015
96307  -40.701  56.163  21.658 0.1000000015
119790  -41.386  56.802  21.661 0.1000000015
107565  -39.397  55.853  20.818 0.1000000015
95947  -39.328  55.145  20.583 0.1000000015
95527  -39.455  54.420  19.729 0.1000000015
95530  -40.022  54.329  18.485 0.1000000015
95531  -40.924  54.200  18.110 0.1000000015
95082  -41.822  54.092  17.819 0.1000000015
95543  -42.001  54.334  17.225 0.1000000015
104003  -43.147  54.002  16.828 0.1000000015
123294  -44.160  53.536  16.439 0.1000000015
95108  -44.526  53.241  15.897 0.2000000030
95109  -45.328  53.351  15.563 0.2000000030
95578  -48.752  55.555  14.162 0.2000000030
95984  -51.505  57.310  13.752 0.3000000119
95595  -51.931  57.098  13.749 0.3000000119
97751  -37.571  60.964  24.377 0.1000000015
97752  -38.339  61.207  24.241 0.1000000015
97753  -39.993  61.175  24.210 0.1000000015
97380  -42.184  58.848  24.051 0.1000000015
119319  -41.306  59.095  24.027 0.1000000015
97382  -44.462  59.367  23.842 0.1000000015
96296  -46.690  56.986  23.193 0.1000000015
107343  -45.938  59.036  23.498 0.1000000015
96644  -47.337  57.703  22.981 0.1000000015
96643  -46.232  57.545  22.605 0.1000000015
96302  -43.794  56.709  22.271 0.1000000015
96642  -44.535  57.432  22.248 0.1000000015
96649  -43.019  57.502  21.752 0.1000000015
96306  -39.864  56.380  21.217 0.1000000015
96647  -40.452  57.005  21.393 0.1000000015
123027  -42.019  57.320  21.580 0.1000000015
95946  -38.915  55.752  20.167 0.1000000015
95132  -47.288  54.422  13.892 0.2000000030
95152  -47.539  54.535  12.919 0.2000000030
95130  -45.664  53.331  14.836 0.2000000030
111534  -48.436  55.194  13.328 0.2000000030
95594  -50.327  56.482  13.183 0.2000000030
95993  -51.634  56.889  12.831 0.2000000030
108255  -51.763  56.376  12.730 0.1000000015
98165  -39.117  61.208  24.159 0.1000000015
97363  -42.078  59.661  24.264 0.1000000015
97754  -40.961  60.815  24.332 0.1000000015
97381  -43.119  59.443  24.158 0.1000000015
95169  -47.880  54.586  12.046 0.2000000030
95593  -49.006  55.441  12.478 0.2000000030
95610  -49.582  55.378  11.454 0.2000000030
95611  -50.852  56.335  12.070 0.2000000030
95612  -51.483  55.910  11.750 0.1000000015
95171  -51.802  55.258  11.855 0.1000000015
94699  -51.302  54.204  11.285 0.1000000015
95186  -46.995  53.484  11.811 0.1000000015
95187  -48.256  54.346  11.139 0.1000000015
95188  -49.512  54.888  10.574 0.1000000015
95628  -50.714  55.398  10.779 0.1000000015
95189  -51.632  54.906  11.167 0.1000000015
95629  -51.451  55.661  11.161 0.1000000015
95201  -50.870  54.567  10.305 0.1000000015
94721  -46.648  52.533  10.450 0.1000000015
94732  -47.167  52.376  9.364 0.1000000015
95200  -49.955  54.671  9.888 0.1000000015
89786  -44.847  43.381  23.673 0.2000000030
88660  -42.588  41.343  27.554 0.2000000030
93093  -41.859  50.101  24.894 0.3000000119
93466  -44.629  51.919  36.483 0.1000000015
93947  -44.499  52.044  36.528 0.1000000015
94070  -41.110  51.393  26.545 0.2000000030
93961  -42.077  51.364  34.993 0.1000000015
95429  -41.670  55.068  31.383 0.1000000015
119355  -41.224  52.245  26.354 0.2000000030
94986  -41.170  54.326  31.062 0.1000000015
95871  -40.687  56.469  30.877 0.1000000015
94018  -39.439  51.534  30.661 0.1000000015
93520  -39.384  50.734  31.332 0.1000000015
94985  -40.526  54.158  30.732 0.1000000015
94984  -39.659  54.122  30.457 0.1000000015
96242  -39.958  56.239  30.172 0.1000000015
94520  -38.235  52.122  29.809 0.1000000015
122154  -38.524  52.839  29.919 0.1000000015
95479  -38.720  54.648  26.724 0.1000000015
95925  -40.864  55.476  24.949 0.1000000015
95468  -38.448  54.695  27.668 0.1000000015
91989  -44.002  48.019  31.999 0.1000000015
104499  -38.441  37.318  30.195 0.1000000015
85906  -39.868  36.979  28.533 0.1000000015
87010  -37.914  38.526  29.976 0.1000000015
86500  -42.445  38.237  26.428 0.1000000015
89192  -46.554  43.066  30.023 0.2000000030
87004  -36.926  38.665  31.011 0.1000000015
118336  -39.883  39.052  26.632 0.1000000015
87586  -38.951  40.153  27.747 0.1000000015
118854  -39.341  39.649  27.395 0.1000000015
87595  -39.699  39.523  26.931 0.1000000015
88121  -38.949  40.790  27.711 0.1000000015
87587  -41.840  39.896  27.289 0.2000000030
88113  -38.452  40.700  27.998 0.1000000015
88648  -38.575  41.315  27.960 0.1000000015
90855  -43.265  45.059  31.268 0.1000000015
88636  -34.811  42.185  30.203 0.1000000015
89214  -38.639  42.046  28.068 0.1000000015
89216  -41.078  42.322  27.717 0.2000000030
88659  -41.580  41.516  27.633 0.2000000030
91992  -43.763  47.174  31.687 0.1000000015
89200  -35.887  42.997  29.211 0.2000000030
89191  -36.038  42.239  29.473 0.2000000030
89190  -35.279  42.576  29.665 0.2000000030
89202  -37.527  42.646  28.575 0.1000000015
89203  -38.146  41.935  28.260 0.1000000015
90279  -37.012  43.992  28.420 0.2000000030
89741  -37.571  43.432  28.372 0.2000000030
115883  -39.640  42.436  27.852 0.2000000030
89763  -43.071  43.428  26.307 0.2000000030
92538  -42.828  48.051  32.859 0.1000000015
107312  -38.130  44.328  27.697 0.2000000030
89761  -41.203  43.940  27.191 0.2000000030
89771  -42.698  44.046  25.685 0.2000000030
92987  -43.761  49.433  33.840 0.1000000015
92523  -43.123  48.690  33.329 0.1000000015
93475  -44.333  50.695  35.559 0.1000000015
90898  -39.775  45.275  26.386 0.2000000030
89760  -40.017  44.411  27.296 0.2000000030
90302  -40.251  44.920  26.567 0.2000000030
107178  -40.739  44.509  26.887 0.2000000030
90310  -41.641  44.750  25.380 0.2000000030
90311  -42.322  44.439  25.079 0.2000000030
89778  -43.794  43.771  24.615 0.2000000030
90319  -42.626  44.578  24.479 0.2000000030
90332  -43.732  44.546  23.561 0.2000000030
90321  -44.237  43.918  23.820 0.2000000030
92926  -42.199  50.291  40.901 0.1000000015
92459  -41.850  49.553  40.821 0.1000000015
92927  -42.386  50.576  40.752 0.1000000015
124280  -42.725  49.470  38.907 0.1000000015
93446  -42.687  51.009  40.031 0.1000000015
92949  -43.422  50.362  37.852 0.1000000015
92947  -41.132  49.784  38.878 0.1000000015
93445  -42.351  50.951  39.894 0.1000000015
92935  -41.509  49.735  40.428 0.1000000015
92468  -39.966  48.349  38.058 0.1000000015
91940  -39.530  47.668  38.434 0.1000000015
91399  -37.883  46.711  36.569 0.1000000015
106300  -38.643  47.313  36.532 0.1000000015
90817  -37.115  45.396  37.319 0.1000000015
90839  -36.480  45.935  35.839 0.1000000015
92974  -43.674  49.896  34.841 0.1000000015
92973  -43.101  49.449  35.375 0.1000000015
119737  -44.035  51.214  37.668 0.1000000015
92938  -43.773  51.042  38.218 0.1000000015
114023  -42.434  51.101  37.671 0.1000000015
92495  -40.256  48.972  36.275 0.1000000015
91408  -38.334  47.333  35.724 0.1000000015
93465  -44.312  51.234  36.871 0.1000000015
90938  -43.612  45.423  22.512 0.1000000015
91405  -36.207  46.311  35.055 0.1000000015
93969  -41.184  51.165  33.006 0.1000000015
93502  -39.555  50.272  32.168 0.1000000015
93518  -37.862  50.181  30.936 0.1000000015
124153  -38.213  49.928  31.497 0.1000000015
92553  -36.177  48.743  31.596 0.1000000015
93040  -37.071  49.957  30.750 0.1000000015
93039  -36.223  49.806  30.548 0.1000000015
93023  -35.761  49.182  30.956 0.1000000015
93535  -37.487  50.585  30.232 0.1000000015
93548  -35.438  50.883  29.662 0.1000000015
93532  -34.967  50.395  29.953 0.1000000015
93038  -35.346  49.758  30.443 0.1000000015
93021  -33.953  49.251  30.978 0.1000000015
93037  -33.534  50.009  30.672 0.1000000015
93531  -34.040  50.659  30.074 0.1000000015
94040  -36.471  51.984  29.573 0.1000000015
93516  -31.696  50.631  32.226 0.1000000015
94039  -35.480  51.792  29.556 0.1000000015
93546  -34.126  51.408  29.785 0.1000000015
93547  -34.766  51.118  29.643 0.1000000015
113183  -34.545  53.467  29.383 0.1000000015
94534  -35.000  52.808  29.496 0.1000000015
94996  -38.318  53.728  30.039 0.1000000015
94994  -36.224  53.882  29.541 0.1000000015
94993  -35.268  53.751  29.343 0.1000000015
95454  -34.918  54.180  28.809 0.1000000015
95436  -39.299  55.072  30.360 0.1000000015
95447  -38.182  54.482  29.978 0.1000000015
104821  -37.549  54.496  29.554 0.1000000015
95456  -37.090  54.575  28.797 0.1000000015
95466  -36.068  54.359  27.318 0.1000000015
94473  -31.759  52.392  33.992 0.1000000015
94532  -33.391  52.891  29.770 0.1000000015
94991  -33.795  53.637  29.390 0.1000000015
95485  -35.261  54.776  26.022 0.1000000015
95885  -39.317  55.795  29.832 0.1000000015
95457  -38.078  54.817  28.817 0.1000000015
95891  -38.811  55.303  29.391 0.1000000015
120171  -36.767  54.440  27.923 0.1000000015
105750  -36.994  54.445  27.026 0.1000000015
95478  -37.263  54.506  26.142 0.1000000015
124396  -47.377  53.806  18.382 0.3000000119
95075  -50.138  54.503  18.519 0.3000000119
95545  -50.295  55.937  17.394 0.3000000119
96247  -31.843  56.014  30.070 0.1000000015
124742  -38.263  54.648  25.311 0.1000000015
95923  -38.314  55.203  24.530 0.1000000015
93595  -41.346  50.621  25.279 0.2000000030
93647  -47.028  50.600  20.053 0.4000000060
94127  -47.699  50.973  19.863 0.4000000060
95556  -51.313  56.778  16.805 0.3000000119
116936  -41.494  51.274  23.557 0.2000000030
108080  -41.158  52.286  20.600 0.1000000015
95563  -51.974  57.291  15.894 0.3000000119
96281  -40.695  56.098  24.473 0.1000000015
109669  -42.310  56.556  24.574 0.1000000015
95928  -45.068  55.910  25.401 0.1000000015
95504  -43.355  54.380  23.721 0.1000000015
94090  -41.307  51.661  24.154 0.2000000030
119433  -41.849  53.216  23.862 0.1000000015
94570  -41.431  52.550  23.989 0.1000000015
111255  -40.358  54.669  21.639 0.1000000015
105203  -49.759  56.340  16.071 0.3000000119
96284  -45.564  56.003  24.703 0.1000000015
113104  -44.387  55.964  22.834 0.1000000015
95973  -51.714  57.627  15.483 0.3000000119
96637  -42.999  57.542  24.012 0.1000000015
95131  -46.510  53.844  14.599 0.2000000030
96973  -44.798  58.414  23.638 0.1000000015
96980  -47.613  58.641  23.252 0.1000000015
107181  -41.977  57.998  21.485 0.1000000015
108712  -51.055  56.007  11.363 0.1000000015
94711  -47.472  53.387  10.830 0.1000000015
88618  -45.509  41.362  31.202 0.1000000015
89169  -43.208  42.412  31.363 0.1000000015
114321  -44.432  41.501  31.317 0.1000000015
88083  -46.194  40.685  31.497 0.1000000015
88617  -44.861  42.157  30.866 0.1000000015
88630  -46.255  41.853  30.697 0.1000000015
88085  -47.753  40.851  31.070 0.1000000015
89710  -41.855  43.515  31.926 0.1000000015
90253  -41.566  44.236  32.283 0.1000000015
89178  -44.430  42.917  30.759 0.1000000015
89181  -46.849  42.359  30.279 0.1000000015
89180  -46.087  42.591  30.405 0.1000000015
88629  -45.594  42.152  30.700 0.1000000015
89177  -43.671  42.989  31.074 0.1000000015
89170  -44.019  42.258  31.117 0.1000000015
80285  -48.889  26.111  38.662 0.1000000015
80291  -48.795  26.667  37.255 0.1000000015
80290  -47.820  26.532  36.923 0.1000000015
80894  -49.712  26.775  38.052 0.1000000015
80298  -47.323  26.896  35.845 0.1000000015
80299  -48.300  26.980  36.039 0.1000000015
80895  -50.680  27.332  37.986 0.1000000015
103652  -46.792  26.491  33.881 0.1000000015
80305  -46.937  26.862  34.785 0.1000000015
80903  -50.337  27.282  36.979 0.1000000015
80908  -47.859  27.098  35.016 0.1000000015
80909  -48.846  27.155  35.116 0.1000000015
80901  -49.261  27.052  36.050 0.1000000015
80920  -47.551  26.916  34.152 0.1000000015
80921  -48.392  27.110  34.306 0.1000000015
80928  -47.434  26.627  33.358 0.1000000015
118800  -48.068  26.959  33.682 0.1000000015
80910  -49.921  27.257  35.113 0.1000000015
80311  -48.190  26.837  33.006 0.1000000015
122479  -51.431  27.490  35.243 0.1000000015
80319  -48.225  26.695  32.121 0.1000000015
124215  -51.993  27.567  34.521 0.1000000015
80913  -53.042  27.990  35.621 0.1000000015
80948  -48.919  27.018  31.709 0.1000000015
80949  -49.767  27.339  32.017 0.1000000015
106908  -50.251  27.522  31.301 0.1000000015
80950  -51.406  27.684  31.390 0.1000000015
103965  -52.239  27.681  32.313 0.1000000015
80943  -53.799  28.061  32.903 0.1000000015
81477  -54.476  28.695  33.619 0.1000000015
81488  -54.379  28.483  31.996 0.1000000015
80929  -48.800  27.098  33.611 0.1000000015
80922  -49.291  27.195  34.332 0.1000000015
120994  -50.123  27.269  34.285 0.1000000015
80931  -50.712  27.339  33.731 0.1000000015
104968  -51.105  27.400  34.659 0.1000000015
80940  -50.232  27.324  32.883 0.1000000015
80932  -51.961  27.535  33.923 0.1000000015
80924  -52.902  27.817  34.496 0.1000000015
80941  -51.358  27.467  33.029 0.1000000015
80942  -52.498  27.680  33.201 0.1000000015
80933  -53.436  27.953  33.848 0.1000000015
104770  -50.831  27.498  32.157 0.1000000015
81473  -53.894  28.551  34.494 0.1000000015
80887  -50.346  26.748  39.157 0.1000000015
80923  -52.236  27.668  35.051 0.1000000015
111083  -53.385  28.085  35.045 0.1000000015
81482  -54.909  28.854  32.740 0.1000000015
80939  -49.110  27.154  32.721 0.1000000015
123725  -53.372  27.909  32.163 0.1000000015
81483  -55.151  29.046  32.081 0.1000000015
80930  -49.709  27.233  33.602 0.1000000015
90905  -41.037  45.184  25.346 0.1000000015
90916  -41.464  45.289  24.625 0.1000000015
90278  -36.322  44.089  28.461 0.1000000015
116952  -37.477  44.714  27.704 0.1000000015
90896  -38.334  45.503  26.763 0.1000000015
94652  -43.893  52.789  14.980 0.1000000015
94653  -44.835  52.916  14.963 0.1000000015
95151  -46.578  53.649  13.333 0.1000000015
95150  -45.990  53.384  14.006 0.1000000015
94670  -44.468  52.601  14.268 0.1000000015
94671  -45.190  52.829  14.124 0.1000000015
94686  -46.211  53.113  12.600 0.1000000015
95168  -46.998  53.811  12.570 0.1000000015
94669  -43.827  52.541  13.933 0.1000000015
94683  -43.773  52.510  12.974 0.1000000015
94684  -44.639  52.409  13.391 0.1000000015
94685  -45.633  52.908  13.338 0.1000000015
94697  -45.273  52.432  12.575 0.1000000015
94695  -43.688  52.597  12.066 0.1000000015
112427  -44.201  52.191  11.667 0.1000000015
94707  -43.792  52.610  11.222 0.1000000015
123666  -46.552  53.779  13.944 0.1000000015
94696  -44.407  52.214  12.410 0.1000000015
80883  -51.365  27.531  39.755 0.2000000030
81931  -55.309  29.515  39.802 0.4000000060
81932  -56.049  29.546  39.461 0.4000000060
81990  -46.892  30.104  31.020 0.1000000015
82415  -56.281  29.919  39.123 0.4000000060
84700  -46.430  34.772  31.678 0.6000000238
84709  -45.232  34.647  30.507 0.6000000238
84745  -43.918  33.347  24.032 0.3000000119
84756  -44.818  34.030  23.065 0.6000000238
84759  -47.293  34.984  22.671 0.6000000238
85322  -45.876  35.273  28.702 0.6999999881
85340  -47.140  35.133  26.697 0.6999999881
85823  -55.863  36.020  37.401 0.8000000119
85832  -48.533  36.577  35.609 0.2000000030
85839  -56.311  36.367  36.144 0.8999999762
85850  -56.169  36.539  35.393 0.8999999762
85956  -50.301  35.668  21.282 0.6000000238
86428  -47.830  38.000  33.970 0.1000000015
86969  -43.863  38.274  33.320 0.1000000015
87036  -56.393  37.777  24.994 0.8999999762
87530  -54.141  39.467  32.843 0.8999999762
87547  -52.584  39.663  32.072 0.8000000119
87580  -56.727  39.714  29.240 1.0000000000
88097  -50.365  40.582  30.780 0.6999999881
88619  -46.412  41.256  31.104 0.2000000030
88678  -49.694  41.980  25.589 0.5000000000
88732  -52.939  41.442  18.372 0.6000000238
89197  -50.884  42.037  29.092 0.8999999762
89309  -54.126  41.689  18.389 0.6999999881
89807  -55.307  43.622  21.032 0.6999999881
89808  -55.736  44.057  21.265 0.8000000119
89828  -54.204  42.911  17.766 0.6999999881
89833  -53.694  43.488  17.622 0.6000000238
89834  -53.837  43.879  17.653 0.5000000000
90258  -44.375  44.407  30.704 0.2000000030
90259  -45.125  44.447  30.439 0.2000000030
90260  -45.869  44.446  30.181 0.2000000030
90375  -54.326  43.171  17.967 0.6999999881
90391  -53.360  44.338  17.591 0.5000000000
90865  -49.305  46.036  30.030 0.5000000000
90978  -53.524  45.035  17.643 0.4000000060
91445  -53.615  46.651  29.078 0.6999999881
91551  -47.786  45.902  19.242 0.2000000030
92015  -44.226  47.851  27.655 0.5000000000
92016  -45.712  47.344  27.227 0.6000000238
92019  -48.243  47.522  27.477 0.6000000238
92028  -43.759  47.828  26.810 0.5000000000
92030  -45.621  47.207  26.521 0.6999999881
92035  -53.977  47.349  26.472 0.8999999762
92042  -43.694  48.005  26.047 0.4000000060
92066  -46.503  47.556  23.775 0.6000000238
92451  -42.217  50.336  40.950 0.1000000015
92560  -51.311  48.616  31.686 0.4000000060
92574  -46.429  48.492  28.374 0.4000000060
92578  -50.100  49.334  28.170 0.4000000060
92594  -43.651  48.716  24.845 0.4000000060
92657  -45.367  48.915  16.566 0.1000000015
92919  -42.304  50.477  40.883 0.1000000015
92950  -43.951  50.755  37.396 0.1000000015
93041  -51.808  50.247  31.122 0.5000000000
93051  -53.020  50.905  28.340 0.6000000238
93054  -42.519  49.915  28.705 0.4000000060
93056  -44.484  48.937  28.843 0.5000000000
93064  -53.108  51.012  27.892 0.6000000238
93078  -41.610  49.893  26.960 0.4000000060
93086  -42.219  49.426  25.472 0.4000000060
93439  -42.355  50.627  40.667 0.1000000015
93454  -43.170  51.398  38.114 0.1000000015
93478  -46.763  51.528  34.633 0.2000000030
93504  -48.975  50.868  34.387 0.2000000030
93505  -49.725  50.855  34.216 0.3000000119
93522  -51.089  50.814  32.427 0.4000000060
93523  -51.577  51.026  31.415 0.5000000000
93541  -51.983  51.345  30.224 0.5000000000
93573  -52.683  51.334  28.205 0.6000000238
93614  -42.706  50.139  23.420 0.2000000030
93621  -42.281  50.808  21.982 0.2000000030
93638  -50.463  50.853  20.655 0.6000000238
93648  -52.481  50.817  19.362 0.4000000060
93657  -53.498  51.357  17.523 0.3000000119
93996  -32.342  51.120  30.872 0.1000000015
93997  -40.003  51.359  31.299 0.1000000015
94002  -48.143  51.796  32.319 0.4000000060
94014  -32.869  51.421  30.405 0.1000000015
94042  -41.825  51.593  29.026 0.3000000119
94049  -51.973  51.835  29.523 0.5000000000
94058  -41.479  51.542  28.318 0.4000000060
94064  -41.246  51.430  27.530 0.3000000119
94074  -41.095  51.892  25.725 0.2000000030
94124  -44.188  51.382  19.419 0.1000000015
94157  -53.268  52.097  17.489 0.4000000060
94465  -44.329  52.248  36.552 0.1000000015
94483  -43.731  53.680  34.323 0.2000000030
94523  -43.213  52.514  30.284 0.4000000060
94524  -44.688  52.376  30.909 0.3000000119
94960  -45.072  54.287  34.878 0.2000000030
95046  -39.786  53.893  20.080 0.1000000015
95056  -41.054  53.127  19.330 0.1000000015
95057  -50.599  53.922  18.920 0.3000000119
95059  -52.615  54.751  18.648 0.4000000060
95077  -53.051  55.404  18.000 0.4000000060
95078  -53.294  54.983  17.971 0.4000000060
95079  -53.284  54.665  17.832 0.4000000060
95172  -51.716  55.357  11.326 0.1000000015
95202  -51.535  55.303  10.972 0.1000000015
95413  -45.084  55.433  34.320 0.2000000030
95427  -31.364  54.735  31.232 0.1000000015
95451  -32.993  54.856  28.747 0.1000000015
95476  -35.583  54.472  26.453 0.1000000015
95488  -37.549  54.632  25.371 0.1000000015
95495  -37.106  54.901  24.879 0.1000000015
95516  -40.263  53.979  21.466 0.1000000015
95548  -53.018  55.383  17.752 0.4000000060
95549  -53.191  55.146  17.823 0.4000000060
95862  -45.173  56.103  34.018 0.2000000030
95889  -32.761  55.490  28.692 0.1000000015
95922  -37.574  55.331  24.469 0.1000000015
95932  -38.136  55.801  24.138 0.1000000015
95951  -38.989  55.044  19.748 0.1000000015
95972  -51.680  57.592  14.745 0.3000000119
96237  -44.324  58.478  32.021 0.3000000119
96243  -40.606  56.766  30.617 0.1000000015
96253  -44.605  58.668  30.654 0.2000000030
96297  -47.301  57.518  23.019 0.1000000015
96298  -47.194  57.455  23.104 0.1000000015
96595  -43.784  58.739  31.436 0.3000000119
96596  -44.537  58.819  31.551 0.3000000119
96602  -43.417  58.742  30.990 0.2000000030
96631  -37.289  57.687  23.664 0.1000000015
96639  -47.246  58.000  23.226 0.1000000015
96974  -47.302  58.721  23.171 0.1000000015
96975  -47.380  58.417  23.415 0.1000000015
104820  -38.838  60.396  23.818 0.1000000015
105027  -42.915  50.530  21.904 0.2000000030
105090  -45.044  50.261  20.987 0.2000000030
106334  -42.244  58.117  23.980 0.1000000015
107422  -42.940  49.339  28.595 0.5000000000
108329  -38.093  54.602  26.040 0.1000000015
108395  -50.406  39.849  32.098 0.8000000119
108457  -42.473  51.258  29.466 0.4000000060
108538  -51.143  55.043  18.350 0.3000000119
108916  -53.190  45.979  17.439 0.5000000000
109218  -52.047  41.498  18.694 0.5000000000
109974  -43.882  48.470  28.257 0.5000000000
114415  -53.552  48.509  27.654 0.6999999881
114497  -42.261  49.118  26.182 0.4000000060
114919  -53.592  51.728  18.089 0.3000000119
115149  -50.087  50.322  20.660 0.6999999881
116172  -49.255  49.747  17.193 0.2000000030
116806  -53.212  52.549  18.716 0.3000000119
116889  -46.002  50.234  22.231 0.3000000119
118210  -50.621  51.502  31.666 0.4000000060
118526  -56.353  37.168  25.363 0.8999999762
118554  -50.487  35.099  21.262 0.6000000238
119163  -38.812  55.401  29.929 0.1000000015
119216  -51.815  39.706  32.132 0.6999999881
119788  -43.631  45.620  31.247 0.1000000015
120009  -54.495  44.827  29.021 1.0000000000
120991  -43.032  43.074  31.355 0.1000000015
122385  -57.814  36.848  28.264 0.8999999762
122781  -56.114  29.603  38.670 0.3000000119
124188  -38.614  58.828  23.604 0.1000000015
124424  -45.473  39.033  27.116 0.4000000060
125072  -51.499  49.401  31.642 0.4000000060
125297  -42.558  35.580  26.173 0.2000000030
