#!ascii label  , from subject sub-v1s16x0051187_ses-1 vox2ras=TkReg
4240
107768  17.415  -80.246  27.519 0.0000000000
13754  7.935  -48.401  22.860 0.0000000000
116461  0.818  -54.162  43.124 0.0000000000
4748  8.757  -65.595  11.853 0.0000000000
104104  15.035  -29.666  21.569 0.0000000000
778  25.563  -78.265  21.783 0.0000000000
13027  -1.571  -47.769  32.893 0.0000000000
18985  8.589  -40.456  32.191 0.0000000000
22786  10.541  -36.088  19.084 0.0000000000
907  5.595  -77.044  39.367 0.0000000000
112663  3.169  -70.531  33.074 0.0000000000
6672  0.478  -61.367  27.798 0.0000000000
117362  8.532  -48.059  40.735 0.0000000000
2555  15.082  -71.521  16.110 0.0000000000
9308  9.904  -56.332  20.803 0.0000000000
1444  17.682  -74.939  26.467 0.0000000000
1244  24.873  -76.612  22.760 0.0000000000
439  20.486  -80.390  24.920 0.0000000000
24853  10.524  -32.547  21.805 0.0000000000
115052  7.568  -73.631  35.053 0.0000000000
7083  4.643  -60.752  33.708 0.0000000000
106050  -0.180  -60.074  36.648 0.0000000000
10678  -0.991  -52.462  36.449 0.0000000000
118123  15.625  -44.015  38.428 0.0000000000
16726  16.149  -42.681  34.502 0.0000000000
19694  22.556  -38.348  32.433 0.0000000000
108429  5.205  -70.228  16.636 0.0000000000
113462  8.743  -73.128  15.364 0.0000000000
3137  10.057  -69.418  20.148 0.0000000000
117496  14.293  -66.780  23.899 0.0000000000
4695  15.828  -65.248  16.451 0.0000000000
13705  3.010  -48.479  27.548 0.0000000000
102639  4.893  -53.696  26.623 0.0000000000
11976  4.494  -51.871  20.756 0.0000000000
108522  22.514  -29.613  24.292 0.0000000000
672  24.833  -79.851  12.391 0.0000000000
6366  2.112  -62.205  13.813 0.0000000000
16100  3.039  -44.524  32.515 0.0000000000
16817  5.347  -42.930  24.864 0.0000000000
19771  12.647  -39.476  24.427 0.0000000000
703  12.615  -78.404  33.589 0.0000000000
432  12.636  -81.246  25.723 0.0000000000
116006  8.307  -81.910  35.294 0.0000000000
5006  5.650  -64.874  35.495 0.0000000000
4129  2.435  -66.623  28.220 0.0000000000
12273  3.820  -49.960  41.575 0.0000000000
119466  24.221  -30.162  30.812 0.0000000000
31135  17.868  -24.670  28.610 0.0000000000
1133  13.096  -76.997  39.498 0.0000000000
693  18.426  -80.271  35.200 0.0000000000
669  18.646  -80.805  13.574 0.0000000000
1997  20.504  -73.406  18.778 0.0000000000
120115  -2.562  -52.770  24.365 0.0000000000
8745  2.726  -57.436  20.905 0.0000000000
6300  9.389  -62.328  18.378 0.0000000000
110477  10.647  -56.474  13.871 0.0000000000
973  16.343  -77.873  26.827 0.0000000000
1001  19.370  -77.223  24.837 0.0000000000
760  17.477  -78.459  23.545 0.0000000000
9005  2.279  -56.606  42.838 0.0000000000
7486  2.198  -59.287  40.082 0.0000000000
8485  0.385  -57.975  40.279 0.0000000000
8538  -0.104  -56.688  36.832 0.0000000000
10166  -0.401  -54.128  40.555 0.0000000000
17417  15.660  -41.528  37.379 0.0000000000
111427  18.487  -41.042  34.514 0.0000000000
18242  18.545  -40.987  32.958 0.0000000000
4701  5.995  -65.081  16.197 0.0000000000
3819  6.864  -68.191  19.416 0.0000000000
3854  9.249  -67.273  16.199 0.0000000000
4248  11.790  -66.091  17.497 0.0000000000
119267  12.930  -67.050  13.645 0.0000000000
14360  1.704  -47.114  23.566 0.0000000000
12520  4.447  -50.465  24.260 0.0000000000
13776  2.487  -48.635  20.882 0.0000000000
29419  21.137  -26.994  24.489 0.0000000000
27805  21.523  -28.552  22.696 0.0000000000
115435  27.049  -78.635  24.406 0.0000000000
1253  29.428  -76.567  22.214 0.0000000000
796  28.247  -78.040  19.189 0.0000000000
1065  27.340  -77.175  15.643 0.0000000000
99729  25.909  -79.073  16.287 0.0000000000
16763  5.842  -41.986  31.505 0.0000000000
119973  3.075  -43.719  28.146 0.0000000000
101171  7.338  -41.180  26.719 0.0000000000
26299  17.071  -30.464  24.672 0.0000000000
24088  15.398  -32.827  23.646 0.0000000000
24107  8.917  -33.932  21.365 0.0000000000
100641  10.701  -35.778  23.641 0.0000000000
103744  9.843  -76.955  36.809 0.0000000000
109013  11.078  -80.837  34.749 0.0000000000
924  6.377  -78.338  35.594 0.0000000000
2710  7.145  -70.991  33.759 0.0000000000
111862  9.174  -76.212  33.074 0.0000000000
1656  6.662  -74.454  31.606 0.0000000000
2448  3.719  -72.625  29.842 0.0000000000
113999  1.501  -63.046  31.072 0.0000000000
6142  4.483  -62.423  30.387 0.0000000000
5597  0.713  -64.215  27.280 0.0000000000
12874  9.515  -49.350  42.332 0.0000000000
11681  7.700  -51.790  43.201 0.0000000000
12311  6.092  -50.146  39.999 0.0000000000
13549  2.816  -47.538  39.040 0.0000000000
13584  6.576  -46.523  36.884 0.0000000000
26948  18.546  -30.550  32.546 0.0000000000
25508  25.749  -29.509  29.718 0.0000000000
28520  22.235  -26.418  31.130 0.0000000000
28551  23.214  -26.088  28.866 0.0000000000
1370  5.774  -74.556  42.857 0.0000000000
870  9.642  -77.296  42.713 0.0000000000
110518  8.437  -77.614  40.393 0.0000000000
1402  12.740  -75.684  35.621 0.0000000000
2562  11.432  -71.570  13.464 0.0000000000
102222  13.235  -75.533  14.368 0.0000000000
1789  15.410  -73.351  12.675 0.0000000000
2006  16.826  -74.199  16.934 0.0000000000
100976  17.905  -71.264  16.393 0.0000000000
3144  17.616  -69.440  19.258 0.0000000000
104275  -2.092  -50.784  28.747 0.0000000000
10323  8.935  -54.268  23.657 0.0000000000
9784  3.864  -54.963  23.044 0.0000000000
8741  6.346  -57.883  22.021 0.0000000000
6757  5.155  -61.337  20.280 0.0000000000
7237  10.046  -60.122  20.407 0.0000000000
1455  20.965  -75.714  24.848 0.0000000000
979  23.307  -78.121  26.494 0.0000000000
284  23.357  -80.516  25.991 0.0000000000
103676  12.691  -28.936  19.536 0.0000000000
26339  7.807  -31.323  21.214 0.0000000000
25607  9.387  -31.610  19.522 0.0000000000
1396  5.113  -75.358  36.461 0.0000000000
2380  8.071  -71.407  36.774 0.0000000000
3002  6.054  -69.796  36.348 0.0000000000
115761  3.320  -69.131  36.334 0.0000000000
7009  7.550  -60.387  38.850 0.0000000000
7512  4.999  -59.599  38.534 0.0000000000
6588  1.821  -61.714  35.343 0.0000000000
6631  -0.212  -61.743  32.555 0.0000000000
7574  0.268  -59.148  33.346 0.0000000000
14789  11.440  -45.791  39.694 0.0000000000
108473  9.305  -48.880  37.821 0.0000000000
16054  11.146  -43.964  38.154 0.0000000000
15416  12.816  -45.854  36.125 0.0000000000
20438  22.554  -37.961  29.786 0.0000000000
99077  7.345  -72.456  19.806 0.0000000000
98135  9.648  -72.489  18.861 0.0000000000
115482  13.167  -72.141  19.252 0.0000000000
3131  14.662  -68.938  20.054 0.0000000000
3795  12.035  -67.726  21.556 0.0000000000
108057  13.811  -64.722  20.191 0.0000000000
13037  2.808  -49.715  30.169 0.0000000000
107127  1.485  -52.178  28.568 0.0000000000
11850  5.739  -51.399  28.810 0.0000000000
12516  8.542  -50.828  24.541 0.0000000000
113820  7.700  -53.695  20.479 0.0000000000
24828  21.303  -32.149  23.617 0.0000000000
109424  19.468  -30.617  22.246 0.0000000000
27840  17.317  -28.532  20.327 0.0000000000
1081  23.539  -77.745  15.156 0.0000000000
103398  21.508  -76.858  10.833 0.0000000000
4738  3.926  -65.966  12.999 0.0000000000
110769  5.858  -61.988  12.952 0.0000000000
13638  1.467  -47.868  33.232 0.0000000000
14875  0.026  -46.177  29.038 0.0000000000
15513  4.136  -45.714  26.520 0.0000000000
101340  6.717  -46.822  25.287 0.0000000000
20457  12.931  -38.064  29.918 0.0000000000
110817  12.954  -37.187  26.533 0.0000000000
19743  9.376  -38.808  27.492 0.0000000000
115463  8.575  -40.542  25.483 0.0000000000
16173  10.131  -44.672  25.331 0.0000000000
14338  11.563  -47.366  23.834 0.0000000000
251  15.931  -82.268  31.642 0.0000000000
115870  14.949  -81.076  27.679 0.0000000000
159  13.847  -81.935  31.451 0.0000000000
111280  11.410  -82.998  31.245 0.0000000000
110896  5.864  -78.317  34.823 0.0000000000
383  8.899  -80.984  32.253 0.0000000000
3675  5.000  -67.686  34.036 0.0000000000
6096  6.343  -62.806  34.271 0.0000000000
4540  5.123  -65.516  31.976 0.0000000000
3369  2.534  -68.391  30.405 0.0000000000
111740  0.500  -50.434  44.203 0.0000000000
12893  -0.730  -49.671  40.343 0.0000000000
11730  1.073  -50.582  38.736 0.0000000000
103945  25.436  -34.757  32.914 0.0000000000
26202  23.106  -30.822  32.926 0.0000000000
24024  25.810  -33.836  30.598 0.0000000000
24035  27.498  -33.630  28.977 0.0000000000
29397  22.047  -26.387  26.694 0.0000000000
105836  14.048  -77.911  42.167 0.0000000000
913  16.239  -78.827  37.141 0.0000000000
706  15.913  -78.865  32.741 0.0000000000
119255  18.998  -80.580  31.603 0.0000000000
329  16.937  -81.197  21.776 0.0000000000
91  19.434  -83.442  24.864 0.0000000000
486  23.300  -80.474  15.442 0.0000000000
367  21.414  -81.347  11.865 0.0000000000
1097  20.627  -77.053  12.224 0.0000000000
1540  19.687  -75.808  16.435 0.0000000000
100434  21.393  -73.779  15.026 0.0000000000
11339  0.700  -51.580  25.062 0.0000000000
10354  0.156  -52.597  20.636 0.0000000000
7768  3.081  -58.888  17.078 0.0000000000
105570  5.408  -60.827  15.681 0.0000000000
5770  9.674  -63.222  13.839 0.0000000000
10920  2.892  -53.915  16.859 0.0000000000
8797  5.322  -57.153  17.257 0.0000000000
117721  8.828  -56.289  16.030 0.0000000000
105604  8.139  -58.426  16.728 0.0000000000
7782  11.470  -59.775  15.269 0.0000000000
5766  13.321  -62.560  13.407 0.0000000000
5269  13.152  -65.494  11.168 0.0000000000
5809  16.256  -63.713  12.166 0.0000000000
7279  15.114  -60.468  15.865 0.0000000000
562  17.566  -79.532  27.356 0.0000000000
991  16.517  -77.697  25.298 0.0000000000
578  16.186  -79.340  25.476 0.0000000000
9577  1.636  -54.956  42.941 0.0000000000
8455  1.126  -57.449  41.956 0.0000000000
9589  0.408  -55.777  42.103 0.0000000000
9626  0.046  -55.694  40.955 0.0000000000
10136  -0.295  -54.568  42.136 0.0000000000
16725  18.974  -42.397  35.009 0.0000000000
18221  21.661  -40.721  33.798 0.0000000000
4712  7.360  -64.743  15.423 0.0000000000
4261  7.910  -66.020  16.668 0.0000000000
4278  9.252  -66.856  14.002 0.0000000000
3872  10.537  -67.519  14.494 0.0000000000
4289  11.030  -66.944  12.657 0.0000000000
13741  5.385  -48.322  23.573 0.0000000000
14377  0.939  -47.686  22.114 0.0000000000
14374  5.407  -47.488  21.723 0.0000000000
29424  20.125  -26.248  23.453 0.0000000000
112283  26.576  -79.297  22.827 0.0000000000
614  27.739  -78.825  22.010 0.0000000000
115333  26.857  -77.577  20.212 0.0000000000
805  26.912  -78.233  18.236 0.0000000000
806  26.041  -77.992  18.716 0.0000000000
18264  6.714  -41.840  31.631 0.0000000000
17509  6.742  -42.274  29.445 0.0000000000
18995  7.859  -40.712  30.291 0.0000000000
26319  16.024  -30.285  23.260 0.0000000000
24817  16.451  -31.528  24.792 0.0000000000
26301  14.754  -30.632  23.236 0.0000000000
22773  9.154  -35.773  20.437 0.0000000000
1158  7.859  -77.058  37.466 0.0000000000
915  8.503  -77.679  35.998 0.0000000000
115683  6.903  -76.958  36.852 0.0000000000
2736  5.802  -70.865  32.531 0.0000000000
2125  7.418  -72.486  32.316 0.0000000000
2435  5.564  -72.421  31.571 0.0000000000
118146  4.826  -74.073  31.040 0.0000000000
2437  3.903  -71.651  31.211 0.0000000000
120812  0.586  -62.820  30.061 0.0000000000
110079  1.138  -63.387  28.934 0.0000000000
6181  0.392  -62.975  26.900 0.0000000000
104587  8.486  -49.425  41.383 0.0000000000
11708  8.201  -51.452  40.459 0.0000000000
11737  8.058  -51.097  39.267 0.0000000000
12944  6.110  -48.452  39.100 0.0000000000
12942  7.925  -49.673  38.002 0.0000000000
28506  21.437  -27.223  31.739 0.0000000000
1129  5.934  -77.060  40.767 0.0000000000
117767  6.888  -78.065  42.190 0.0000000000
905  7.201  -77.562  39.794 0.0000000000
1147  9.915  -77.017  38.306 0.0000000000
2021  14.209  -72.573  15.491 0.0000000000
2283  13.148  -72.229  12.791 0.0000000000
2272  15.927  -71.386  13.531 0.0000000000
2280  17.207  -71.674  13.648 0.0000000000
2875  16.663  -70.638  14.989 0.0000000000
2856  17.919  -70.238  17.825 0.0000000000
3162  16.023  -69.440  17.258 0.0000000000
13041  -1.493  -49.503  29.674 0.0000000000
9807  9.687  -55.423  22.522 0.0000000000
9809  8.124  -55.751  22.896 0.0000000000
8726  9.055  -57.495  22.551 0.0000000000
7712  8.377  -59.276  21.502 0.0000000000
8193  10.427  -58.263  21.175 0.0000000000
1688  19.798  -74.045  25.026 0.0000000000
103354  19.315  -75.036  25.883 0.0000000000
750  20.385  -78.355  25.094 0.0000000000
110268  20.986  -77.913  26.647 0.0000000000
103356  21.587  -79.446  27.208 0.0000000000
565  23.493  -79.214  26.658 0.0000000000
286  21.336  -81.223  26.809 0.0000000000
27843  11.532  -28.914  20.118 0.0000000000
28650  10.703  -27.556  19.461 0.0000000000
27832  7.144  -29.020  21.067 0.0000000000
25592  7.762  -31.587  20.975 0.0000000000
3659  6.566  -67.297  36.361 0.0000000000
3003  5.023  -69.414  36.654 0.0000000000
3660  5.114  -67.518  36.541 0.0000000000
7980  4.845  -59.039  40.914 0.0000000000
7529  1.228  -60.101  38.202 0.0000000000
7528  2.411  -59.909  37.934 0.0000000000
6570  0.346  -61.378  36.013 0.0000000000
119825  -0.000  -63.399  34.208 0.0000000000
6603  -0.360  -61.882  34.851 0.0000000000
100967  0.065  -60.398  32.949 0.0000000000
109141  -0.210  -59.919  35.402 0.0000000000
9667  -1.131  -54.187  36.236 0.0000000000
9110  -0.246  -55.732  34.353 0.0000000000
15386  13.397  -44.630  39.099 0.0000000000
16028  11.173  -43.827  39.171 0.0000000000
16672  12.676  -43.055  39.007 0.0000000000
17452  15.758  -42.053  35.381 0.0000000000
16711  13.861  -43.615  36.586 0.0000000000
16070  14.044  -43.977  35.089 0.0000000000
19679  20.124  -38.926  32.879 0.0000000000
18249  19.595  -41.312  31.266 0.0000000000
18970  20.840  -39.813  30.852 0.0000000000
18969  21.669  -39.847  29.260 0.0000000000
20417  22.151  -38.043  31.051 0.0000000000
101886  5.015  -69.610  19.683 0.0000000000
3149  9.136  -69.466  19.785 0.0000000000
2832  8.913  -71.104  20.918 0.0000000000
105882  10.359  -72.257  20.494 0.0000000000
2003  11.418  -72.809  18.614 0.0000000000
2239  11.998  -71.995  20.312 0.0000000000
2529  12.841  -70.673  19.982 0.0000000000
108192  11.169  -68.932  20.676 0.0000000000
4698  13.336  -65.558  16.801 0.0000000000
4677  12.726  -65.467  18.996 0.0000000000
5721  15.728  -64.144  17.519 0.0000000000
13673  2.924  -48.785  29.068 0.0000000000
12436  4.855  -50.754  29.871 0.0000000000
12473  4.605  -50.365  27.597 0.0000000000
12554  5.461  -50.622  22.680 0.0000000000
12518  6.606  -50.494  24.427 0.0000000000
12552  7.054  -50.905  22.300 0.0000000000
11955  8.604  -51.774  21.829 0.0000000000
11411  6.336  -52.389  20.615 0.0000000000
25551  22.058  -30.863  23.871 0.0000000000
27826  20.380  -28.389  21.620 0.0000000000
27083  20.005  -29.842  21.881 0.0000000000
27096  19.387  -29.263  21.350 0.0000000000
27097  18.477  -29.495  21.213 0.0000000000
27839  18.095  -28.279  20.455 0.0000000000
1522  26.753  -75.981  19.078 0.0000000000
852  26.231  -78.514  13.831 0.0000000000
832  24.994  -78.114  15.109 0.0000000000
103700  24.178  -78.854  13.402 0.0000000000
1090  23.203  -77.643  13.885 0.0000000000
861  23.110  -78.610  11.575 0.0000000000
5211  1.054  -64.006  14.639 0.0000000000
4714  2.157  -66.351  14.071 0.0000000000
5772  2.913  -64.002  13.582 0.0000000000
5244  4.484  -64.818  13.404 0.0000000000
6379  4.321  -61.872  13.116 0.0000000000
15446  4.458  -44.013  33.337 0.0000000000
110470  3.343  -45.670  33.056 0.0000000000
14260  2.544  -47.185  33.248 0.0000000000
15438  0.961  -46.114  33.138 0.0000000000
14273  -0.693  -46.550  31.449 0.0000000000
15459  0.176  -45.221  30.953 0.0000000000
16799  5.063  -43.064  26.424 0.0000000000
103074  2.530  -44.340  27.616 0.0000000000
16165  4.992  -44.213  25.753 0.0000000000
15528  4.022  -45.836  25.225 0.0000000000
16177  6.169  -44.573  24.876 0.0000000000
105902  11.773  -31.974  22.412 0.0000000000
24835  13.005  -33.019  22.621 0.0000000000
110838  12.391  -37.952  24.337 0.0000000000
21234  12.409  -36.742  25.048 0.0000000000
20493  12.641  -38.418  25.806 0.0000000000
20480  11.216  -38.395  27.338 0.0000000000
19018  11.430  -39.759  26.227 0.0000000000
19020  9.209  -39.836  26.353 0.0000000000
19031  10.921  -40.474  25.949 0.0000000000
16825  12.293  -43.298  23.748 0.0000000000
16812  10.623  -43.960  25.322 0.0000000000
16187  11.709  -44.784  24.359 0.0000000000
104685  10.857  -46.162  24.992 0.0000000000
381  14.584  -79.860  31.842 0.0000000000
153  15.335  -83.089  31.425 0.0000000000
247  13.263  -81.735  32.141 0.0000000000
242  10.398  -81.619  35.059 0.0000000000
142  11.542  -82.252  33.814 0.0000000000
44  10.482  -83.020  33.394 0.0000000000
60  10.880  -83.340  30.377 0.0000000000
46  8.681  -83.246  32.420 0.0000000000
99938  5.849  -74.698  35.665 0.0000000000
1178  6.113  -76.286  35.402 0.0000000000
1411  7.329  -75.430  34.947 0.0000000000
951  8.491  -77.565  31.598 0.0000000000
704  9.006  -78.449  33.295 0.0000000000
4082  3.179  -67.093  35.151 0.0000000000
4516  5.559  -66.167  34.454 0.0000000000
118687  6.380  -60.250  36.404 0.0000000000
6569  8.080  -61.751  36.560 0.0000000000
6601  5.953  -61.126  34.194 0.0000000000
5060  4.118  -64.572  28.788 0.0000000000
5573  4.947  -63.485  30.873 0.0000000000
4558  4.000  -65.972  29.810 0.0000000000
4108  3.218  -66.660  30.955 0.0000000000
105082  2.389  -67.129  30.198 0.0000000000
3073  2.225  -69.750  28.396 0.0000000000
3726  1.529  -68.490  27.794 0.0000000000
11696  5.377  -50.936  42.105 0.0000000000
11136  6.540  -52.572  43.604 0.0000000000
11684  4.149  -50.527  43.084 0.0000000000
11652  3.102  -50.865  44.639 0.0000000000
12255  2.615  -50.138  42.562 0.0000000000
12257  -0.147  -50.323  42.369 0.0000000000
12891  1.335  -49.052  40.806 0.0000000000
14221  2.161  -47.254  36.848 0.0000000000
12933  0.628  -48.388  38.273 0.0000000000
13582  9.692  -48.336  37.482 0.0000000000
12976  9.582  -48.198  34.778 0.0000000000
22625  25.210  -35.321  33.453 0.0000000000
113578  24.464  -33.164  34.310 0.0000000000
115114  21.187  -30.243  31.655 0.0000000000
103125  21.574  -30.629  31.969 0.0000000000
26221  23.564  -30.615  32.020 0.0000000000
24756  25.261  -32.493  32.283 0.0000000000
24765  25.210  -32.202  31.174 0.0000000000
23351  27.157  -34.279  29.900 0.0000000000
24770  26.681  -32.313  29.714 0.0000000000
25514  26.036  -29.153  29.145 0.0000000000
24038  27.081  -30.356  27.972 0.0000000000
24045  26.786  -30.506  26.693 0.0000000000
28571  22.709  -26.149  27.818 0.0000000000
30274  20.687  -25.546  27.570 0.0000000000
30291  20.371  -26.086  26.736 0.0000000000
1589  11.167  -74.753  41.298 0.0000000000
886  11.450  -77.589  41.372 0.0000000000
868  12.625  -77.749  42.332 0.0000000000
884  13.378  -77.890  41.313 0.0000000000
894  14.517  -77.463  40.107 0.0000000000
1184  12.807  -76.436  34.380 0.0000000000
1182  14.438  -76.533  34.354 0.0000000000
708  14.162  -77.916  32.855 0.0000000000
549  15.816  -79.868  31.747 0.0000000000
118911  17.828  -77.945  32.064 0.0000000000
102144  18.711  -78.972  30.948 0.0000000000
705  19.523  -81.119  32.781 0.0000000000
420  13.763  -80.528  26.562 0.0000000000
589  14.586  -79.705  24.233 0.0000000000
449  13.756  -80.413  23.497 0.0000000000
89  20.672  -83.295  24.616 0.0000000000
105833  21.184  -80.279  11.400 0.0000000000
668  19.850  -79.642  13.062 0.0000000000
1764  11.492  -74.860  16.835 0.0000000000
1999  17.645  -73.341  18.058 0.0000000000
1527  18.143  -75.342  17.973 0.0000000000
1525  19.652  -74.995  17.906 0.0000000000
1772  20.739  -74.845  15.542 0.0000000000
2010  21.266  -73.183  16.930 0.0000000000
2559  21.780  -71.684  15.578 0.0000000000
2548  21.461  -72.182  18.187 0.0000000000
109838  14.491  -68.917  22.911 0.0000000000
10762  2.706  -53.441  27.389 0.0000000000
11315  1.174  -51.561  27.152 0.0000000000
10790  2.244  -53.105  25.700 0.0000000000
9272  2.834  -55.764  21.881 0.0000000000
9815  1.730  -54.367  21.838 0.0000000000
9852  1.367  -54.365  19.824 0.0000000000
10403  0.334  -53.979  18.659 0.0000000000
101738  1.484  -55.601  18.042 0.0000000000
8809  1.439  -56.908  16.868 0.0000000000
101970  2.616  -58.117  19.402 0.0000000000
6285  7.067  -62.069  19.134 0.0000000000
6803  5.310  -61.798  18.249 0.0000000000
6320  7.413  -62.289  17.237 0.0000000000
6352  7.122  -61.755  15.233 0.0000000000
6333  8.594  -62.401  15.790 0.0000000000
12029  6.215  -51.851  17.469 0.0000000000
10918  5.630  -53.758  16.644 0.0000000000
9912  3.502  -55.048  16.819 0.0000000000
9923  4.661  -55.803  15.617 0.0000000000
9374  10.054  -56.319  14.897 0.0000000000
8827  7.099  -57.242  13.982 0.0000000000
8303  8.658  -57.581  13.580 0.0000000000
8276  10.485  -59.266  16.524 0.0000000000
8301  10.045  -58.467  13.089 0.0000000000
8314  14.902  -58.861  11.645 0.0000000000
7800  12.406  -60.245  11.621 0.0000000000
7319  13.762  -61.283  11.019 0.0000000000
5790  13.424  -63.786  12.575 0.0000000000
6397  14.573  -62.625  10.808 0.0000000000
5266  15.537  -64.582  11.251 0.0000000000
1446  16.200  -75.640  26.655 0.0000000000
1228  18.331  -75.907  25.725 0.0000000000
1238  17.300  -76.898  25.038 0.0000000000
1013  18.929  -77.726  23.784 0.0000000000
594  19.516  -79.562  23.261 0.0000000000
7970  3.038  -58.607  41.399 0.0000000000
8469  1.697  -58.052  41.794 0.0000000000
7984  0.926  -58.904  40.425 0.0000000000
115479  -0.153  -59.149  38.439 0.0000000000
101803  -0.266  -59.260  36.637 0.0000000000
8520  0.067  -57.334  38.332 0.0000000000
113973  -0.419  -55.366  38.108 0.0000000000
10179  -0.690  -53.954  38.686 0.0000000000
16061  17.620  -43.722  36.670 0.0000000000
17379  15.973  -42.183  38.521 0.0000000000
112148  17.626  -41.945  36.905 0.0000000000
17432  17.566  -41.110  35.964 0.0000000000
17450  17.289  -41.284  34.760 0.0000000000
17462  17.445  -41.806  33.761 0.0000000000
18223  18.965  -40.371  33.501 0.0000000000
18940  20.548  -39.511  33.247 0.0000000000
106508  23.563  -39.210  33.985 0.0000000000
3856  5.657  -68.404  15.673 0.0000000000
3821  5.680  -67.845  18.735 0.0000000000
4251  6.323  -66.051  17.644 0.0000000000
3846  8.427  -67.603  17.694 0.0000000000
3832  10.017  -68.559  17.801 0.0000000000
4242  10.804  -67.319  18.566 0.0000000000
3852  10.977  -67.489  16.025 0.0000000000
4269  12.718  -66.728  15.141 0.0000000000
4267  14.258  -66.105  14.467 0.0000000000
13716  1.120  -47.257  25.355 0.0000000000
117325  3.437  -50.134  25.376 0.0000000000
13134  0.883  -48.387  24.019 0.0000000000
13143  1.321  -49.386  22.549 0.0000000000
12576  1.777  -50.340  20.424 0.0000000000
27801  22.317  -28.348  24.362 0.0000000000
119644  21.965  -28.799  23.166 0.0000000000
28595  21.528  -27.696  23.252 0.0000000000
29439  20.553  -26.909  22.323 0.0000000000
103457  26.332  -77.651  24.775 0.0000000000
115256  26.576  -76.593  22.836 0.0000000000
1008  27.567  -77.525  23.301 0.0000000000
776  29.087  -77.590  21.549 0.0000000000
1287  29.275  -76.764  18.554 0.0000000000
1305  28.001  -76.552  17.206 0.0000000000
813  28.372  -77.258  17.489 0.0000000000
645  27.140  -78.584  15.756 0.0000000000
496  26.149  -80.147  14.454 0.0000000000
16107  4.998  -42.429  32.704 0.0000000000
16119  3.289  -43.928  30.218 0.0000000000
16773  5.081  -42.714  30.461 0.0000000000
120738  5.051  -43.594  27.776 0.0000000000
18308  5.568  -40.944  25.247 0.0000000000
24831  17.891  -31.447  24.623 0.0000000000
24076  16.918  -33.434  25.523 0.0000000000
21981  9.876  -36.941  22.837 0.0000000000
20513  10.936  -38.644  22.900 0.0000000000
930  11.553  -77.808  34.830 0.0000000000
377  11.634  -80.229  33.971 0.0000000000
931  10.861  -78.314  35.017 0.0000000000
530  9.185  -79.494  35.168 0.0000000000
370  8.146  -80.296  35.653 0.0000000000
2110  7.986  -72.572  34.135 0.0000000000
1645  8.560  -74.162  34.182 0.0000000000
119203  8.643  -74.334  33.179 0.0000000000
1419  8.360  -75.089  32.181 0.0000000000
1202  6.710  -76.904  31.292 0.0000000000
6612  3.185  -61.480  32.948 0.0000000000
106890  4.163  -61.327  32.220 0.0000000000
6653  3.262  -62.104  30.428 0.0000000000
6164  2.786  -63.418  28.800 0.0000000000
4574  2.157  -65.405  27.760 0.0000000000
109081  1.013  -67.707  25.990 0.0000000000
11711  6.291  -51.522  40.950 0.0000000000
12295  4.806  -49.941  41.091 0.0000000000
12910  3.138  -48.873  40.358 0.0000000000
13548  4.468  -47.779  39.236 0.0000000000
14199  4.146  -46.799  37.648 0.0000000000
98978  4.620  -46.598  36.040 0.0000000000
26962  22.533  -29.363  31.458 0.0000000000
26242  24.644  -29.334  30.694 0.0000000000
26977  24.272  -27.467  32.053 0.0000000000
26998  24.314  -26.366  31.836 0.0000000000
27018  24.966  -26.563  30.636 0.0000000000
27034  25.873  -27.110  28.911 0.0000000000
106308  22.298  -26.170  30.735 0.0000000000
30244  20.285  -24.366  30.438 0.0000000000
116149  17.582  -24.513  29.861 0.0000000000
1580  6.954  -73.206  44.903 0.0000000000
1362  8.842  -75.360  44.057 0.0000000000
1116  8.163  -76.226  43.202 0.0000000000
878  8.846  -78.051  42.214 0.0000000000
1128  10.890  -77.202  40.331 0.0000000000
1378  12.693  -75.794  38.163 0.0000000000
1146  11.314  -76.181  38.409 0.0000000000
1175  11.440  -76.386  35.834 0.0000000000
183  11.972  -82.221  25.233 0.0000000000
99475  10.090  -71.703  13.252 0.0000000000
1776  11.271  -73.649  14.479 0.0000000000
2028  11.347  -72.037  12.592 0.0000000000
1782  13.841  -73.924  13.146 0.0000000000
1553  15.356  -75.141  13.521 0.0000000000
1548  15.847  -75.869  13.814 0.0000000000
111579  16.837  -73.288  13.440 0.0000000000
2265  17.733  -71.956  14.815 0.0000000000
2252  18.359  -72.350  18.860 0.0000000000
2244  20.291  -72.320  19.618 0.0000000000
2539  18.716  -71.389  19.253 0.0000000000
2837  19.067  -69.970  20.253 0.0000000000
11328  -2.266  -51.160  26.193 0.0000000000
112784  6.798  -53.803  24.772 0.0000000000
10305  4.704  -54.082  24.264 0.0000000000
10325  6.552  -54.575  23.479 0.0000000000
9269  5.488  -56.177  22.436 0.0000000000
8743  4.369  -57.848  21.838 0.0000000000
117488  3.391  -59.734  20.452 0.0000000000
7715  5.333  -59.449  21.413 0.0000000000
7239  7.382  -60.348  20.489 0.0000000000
6770  9.393  -61.565  19.440 0.0000000000
2482  19.764  -70.997  25.601 0.0000000000
2191  20.709  -72.657  24.108 0.0000000000
1695  21.742  -74.544  23.151 0.0000000000
1246  22.361  -76.271  23.720 0.0000000000
1226  20.173  -76.536  25.709 0.0000000000
999  22.412  -77.398  25.399 0.0000000000
997  24.337  -77.466  24.593 0.0000000000
114582  25.083  -78.389  25.977 0.0000000000
412  25.521  -79.044  25.119 0.0000000000
112048  25.458  -79.345  23.778 0.0000000000
117950  13.743  -29.426  20.749 0.0000000000
27085  13.800  -29.847  22.246 0.0000000000
27117  12.964  -29.472  20.740 0.0000000000
26325  10.814  -30.579  22.128 0.0000000000
27845  9.096  -28.103  21.039 0.0000000000
27106  9.337  -29.578  21.420 0.0000000000
25585  9.092  -31.907  21.629 0.0000000000
24859  8.470  -32.307  21.276 0.0000000000
24866  8.633  -32.864  21.038 0.0000000000
24125  10.139  -34.432  18.887 0.0000000000
1380  5.766  -75.567  38.833 0.0000000000
1161  5.303  -75.816  37.758 0.0000000000
116641  5.618  -74.540  37.573 0.0000000000
1855  6.277  -73.851  36.612 0.0000000000
2095  6.744  -72.577  36.224 0.0000000000
2686  7.603  -70.753  36.520 0.0000000000
2382  6.443  -71.107  35.975 0.0000000000
110737  6.051  -70.365  35.201 0.0000000000
3023  4.339  -70.030  35.485 0.0000000000
2714  2.769  -70.252  34.596 0.0000000000
7020  6.669  -59.882  37.833 0.0000000000
7036  5.448  -60.225  36.325 0.0000000000
7496  3.740  -59.453  39.243 0.0000000000
112330  3.403  -60.391  36.488 0.0000000000
103737  3.014  -60.920  34.888 0.0000000000
6614  1.471  -62.747  33.938 0.0000000000
6131  0.204  -63.130  31.822 0.0000000000
115625  -0.117  -61.513  29.867 0.0000000000
7146  0.978  -60.344  28.055 0.0000000000
7119  -0.453  -59.713  30.134 0.0000000000
8572  -0.432  -56.942  34.646 0.0000000000
14177  8.937  -46.809  40.680 0.0000000000
12940  8.890  -49.102  38.779 0.0000000000
14791  8.827  -45.209  39.860 0.0000000000
15388  8.892  -44.986  38.661 0.0000000000
109952  10.457  -45.636  37.674 0.0000000000
114829  13.289  -42.990  38.802 0.0000000000
15401  11.804  -44.788  37.517 0.0000000000
14214  11.566  -47.031  36.960 0.0000000000
17474  18.282  -42.331  32.081 0.0000000000
1612  7.048  -74.466  40.426 0.0000000000
99248  6.872  -72.350  17.505 0.0000000000
99153  6.783  -70.499  20.562 0.0000000000
113140  8.158  -71.819  18.921 0.0000000000
113207  8.633  -71.510  15.184 0.0000000000
99346  10.010  -71.307  15.814 0.0000000000
2015  12.810  -72.578  16.314 0.0000000000
2254  14.186  -72.260  17.676 0.0000000000
2862  14.801  -70.256  17.465 0.0000000000
2546  13.762  -70.563  18.807 0.0000000000
3121  13.352  -68.831  20.934 0.0000000000
3781  13.403  -67.549  22.642 0.0000000000
4226  11.093  -66.697  20.439 0.0000000000
4224  12.677  -66.351  21.399 0.0000000000
4204  14.333  -66.009  21.947 0.0000000000
5127  14.312  -63.908  21.734 0.0000000000
12414  1.139  -49.013  30.457 0.0000000000
11826  0.714  -49.620  29.488 0.0000000000
11824  2.226  -51.178  31.275 0.0000000000
10735  4.316  -52.793  29.338 0.0000000000
10750  5.970  -52.965  28.094 0.0000000000
12506  5.830  -50.629  25.881 0.0000000000
12487  7.478  -50.985  26.168 0.0000000000
10770  7.866  -52.879  26.581 0.0000000000
11348  9.581  -52.744  24.305 0.0000000000
10844  9.759  -53.787  22.355 0.0000000000
10372  9.123  -54.693  20.839 0.0000000000
24087  19.672  -33.262  23.673 0.0000000000
26297  21.439  -30.047  22.943 0.0000000000
25577  19.900  -31.228  22.653 0.0000000000
108422  18.620  -32.089  23.534 0.0000000000
25579  17.953  -31.066  23.124 0.0000000000
26333  16.985  -30.216  22.273 0.0000000000
120387  16.269  -29.494  20.936 0.0000000000
28645  17.064  -27.276  19.621 0.0000000000
1054  25.797  -76.950  16.862 0.0000000000
1556  22.861  -75.714  12.391 0.0000000000
1557  21.304  -75.035  10.734 0.0000000000
9552  2.286  -54.846  45.012 0.0000000000
101928  3.135  -67.975  14.780 0.0000000000
3874  5.479  -68.518  14.200 0.0000000000
106036  5.922  -67.145  13.858 0.0000000000
4725  5.493  -64.304  14.308 0.0000000000
5242  7.852  -63.170  12.008 0.0000000000
14385  9.966  -47.381  21.581 0.0000000000
14967  8.157  -46.459  20.822 0.0000000000
13007  -1.224  -48.697  34.252 0.0000000000
13005  1.559  -49.065  33.901 0.0000000000
102086  0.497  -48.107  33.770 0.0000000000
101090  1.424  -48.188  31.739 0.0000000000
13652  1.002  -47.914  29.999 0.0000000000
14306  2.108  -47.296  28.581 0.0000000000
16121  0.644  -44.440  28.540 0.0000000000
15476  1.301  -45.238  27.725 0.0000000000
14329  2.915  -47.217  26.881 0.0000000000
15517  2.404  -45.869  24.993 0.0000000000
14345  4.233  -47.536  24.325 0.0000000000
13724  6.914  -48.271  24.543 0.0000000000
108485  11.604  -38.951  32.158 0.0000000000
101515  13.883  -31.553  23.231 0.0000000000
24089  14.091  -33.306  23.073 0.0000000000
22729  13.172  -35.377  24.486 0.0000000000
21965  12.601  -35.946  25.336 0.0000000000
21222  13.413  -36.447  26.487 0.0000000000
20466  12.647  -37.803  28.002 0.0000000000
20453  11.011  -38.040  29.572 0.0000000000
19728  9.154  -39.268  30.441 0.0000000000
19009  8.458  -39.939  27.388 0.0000000000
19034  7.512  -40.009  25.304 0.0000000000
17556  7.014  -41.440  24.578 0.0000000000
106382  7.405  -43.728  24.673 0.0000000000
15525  7.955  -45.520  25.032 0.0000000000
112440  9.358  -47.937  24.936 0.0000000000
13752  9.973  -48.502  23.161 0.0000000000
14964  11.895  -47.065  21.447 0.0000000000
162  17.502  -83.331  29.938 0.0000000000
407  16.566  -80.686  27.177 0.0000000000
164  15.967  -83.984  29.716 0.0000000000
263  14.439  -81.743  29.607 0.0000000000
118393  13.095  -81.474  29.171 0.0000000000
243  12.421  -81.782  33.078 0.0000000000
160  12.522  -82.082  31.383 0.0000000000
169  12.189  -82.922  28.198 0.0000000000
74  11.816  -83.378  27.770 0.0000000000
918  5.770  -76.912  35.862 0.0000000000
100186  5.781  -78.359  34.963 0.0000000000
371  5.802  -81.031  35.821 0.0000000000
932  8.545  -77.017  34.227 0.0000000000
538  6.914  -80.405  34.156 0.0000000000
146  7.224  -81.612  34.256 0.0000000000
106062  2.169  -66.696  35.876 0.0000000000
3324  2.832  -68.676  35.754 0.0000000000
3343  2.312  -68.968  34.081 0.0000000000
5505  6.881  -64.020  35.327 0.0000000000
6114  5.327  -62.694  32.676 0.0000000000
5527  5.618  -63.573  33.137 0.0000000000
120104  6.202  -65.242  33.807 0.0000000000
4101  5.015  -66.910  32.152 0.0000000000
3699  2.993  -67.915  32.000 0.0000000000
3057  2.777  -69.956  32.252 0.0000000000
2755  3.368  -71.189  30.140 0.0000000000
2766  3.118  -71.466  28.664 0.0000000000
11107  0.635  -51.432  45.495 0.0000000000
11139  -0.219  -52.046  44.019 0.0000000000
11152  -0.625  -51.931  42.464 0.0000000000
11184  -0.577  -52.206  40.110 0.0000000000
11200  -0.766  -51.771  38.872 0.0000000000
12912  0.478  -48.473  39.359 0.0000000000
117016  -0.721  -49.535  38.610 0.0000000000
11183  -0.210  -51.160  38.552 0.0000000000
10649  1.282  -52.545  39.525 0.0000000000
13583  8.098  -47.897  36.070 0.0000000000
14234  6.543  -45.932  34.152 0.0000000000
20402  24.240  -37.724  33.153 0.0000000000
21138  24.637  -36.839  32.762 0.0000000000
21863  24.470  -36.328  31.398 0.0000000000
21176  24.251  -36.418  30.340 0.0000000000
26204  21.284  -30.768  33.074 0.0000000000
25477  22.064  -31.000  33.867 0.0000000000
24000  25.247  -32.911  33.093 0.0000000000
23345  25.589  -34.384  31.351 0.0000000000
24030  27.184  -31.610  29.087 0.0000000000
26282  23.899  -30.453  25.217 0.0000000000
27784  24.629  -26.875  28.068 0.0000000000
27792  23.599  -27.464  26.762 0.0000000000
27797  23.167  -28.218  25.519 0.0000000000
29411  21.461  -26.701  25.802 0.0000000000
1586  14.426  -74.949  41.719 0.0000000000
1360  11.795  -76.236  42.762 0.0000000000
1358  13.457  -76.439  42.183 0.0000000000
682  17.017  -79.176  37.184 0.0000000000
687  17.364  -79.814  36.260 0.0000000000
1163  14.614  -76.587  36.551 0.0000000000
694  15.822  -78.671  34.308 0.0000000000
527  18.181  -81.081  34.428 0.0000000000
541  18.241  -81.337  32.785 0.0000000000
390  17.499  -81.446  30.886 0.0000000000
396  17.855  -80.720  29.311 0.0000000000
107441  16.466  -74.317  28.288 0.0000000000
1439  15.796  -75.412  27.749 0.0000000000
964  16.488  -77.387  29.277 0.0000000000
719  18.331  -79.302  29.362 0.0000000000
579  15.713  -79.641  25.348 0.0000000000
608  17.049  -79.842  22.592 0.0000000000
315  18.811  -80.897  22.737 0.0000000000
295  19.968  -82.204  25.564 0.0000000000
180  21.080  -82.124  25.678 0.0000000000
104276  22.622  -81.256  24.647 0.0000000000
605  23.894  -79.567  23.161 0.0000000000
793  24.334  -78.774  20.997 0.0000000000
120294  24.581  -79.287  18.292 0.0000000000
102056  24.647  -80.182  15.833 0.0000000000
507  24.162  -80.247  12.886 0.0000000000
518  23.456  -79.993  11.143 0.0000000000
678  22.714  -79.525  10.425 0.0000000000
1102  21.480  -77.801  10.631 0.0000000000
1562  21.052  -75.159  11.213 0.0000000000
1542  16.496  -76.094  16.533 0.0000000000
1535  18.101  -76.482  16.985 0.0000000000
1091  18.811  -78.641  14.787 0.0000000000
1329  20.465  -76.863  13.317 0.0000000000
1551  20.894  -75.858  13.007 0.0000000000
2024  22.137  -73.215  13.344 0.0000000000
2567  22.684  -71.686  14.251 0.0000000000
114365  16.060  -68.872  19.573 0.0000000000
12454  -0.180  -49.694  27.628 0.0000000000
11881  -0.701  -50.132  26.143 0.0000000000
11911  -1.840  -50.788  24.168 0.0000000000
10823  2.041  -53.508  23.916 0.0000000000
10825  0.518  -52.147  23.194 0.0000000000
10839  -1.456  -52.189  22.071 0.0000000000
7294  2.467  -59.723  14.702 0.0000000000
7267  3.632  -60.445  18.739 0.0000000000
7274  3.860  -60.133  16.839 0.0000000000
7302  3.878  -59.777  13.850 0.0000000000
6839  6.243  -60.430  13.149 0.0000000000
6376  7.203  -61.571  11.988 0.0000000000
5811  8.843  -63.913  11.803 0.0000000000
14399  5.973  -47.362  20.881 0.0000000000
13165  3.700  -49.509  19.877 0.0000000000
11996  2.244  -51.548  19.308 0.0000000000
12011  4.419  -51.442  18.167 0.0000000000
11432  2.655  -52.805  19.003 0.0000000000
10889  4.751  -53.705  19.424 0.0000000000
10399  6.841  -54.991  19.705 0.0000000000
9328  7.389  -56.528  19.461 0.0000000000
8823  4.952  -57.051  14.685 0.0000000000
8815  6.939  -58.112  16.515 0.0000000000
8795  9.030  -57.829  18.952 0.0000000000
117968  10.497  -58.725  18.390 0.0000000000
107547  11.345  -59.653  17.893 0.0000000000
6813  12.004  -61.386  16.927 0.0000000000
7790  10.777  -59.819  12.910 0.0000000000
7300  12.435  -60.752  14.157 0.0000000000
6330  11.690  -62.614  16.421 0.0000000000
5768  11.754  -63.816  14.544 0.0000000000
5238  11.449  -64.837  12.590 0.0000000000
4745  10.872  -65.851  10.879 0.0000000000
4301  13.285  -66.560  11.465 0.0000000000
4743  14.850  -66.231  12.540 0.0000000000
5219  16.352  -64.904  14.827 0.0000000000
6360  16.168  -62.658  14.308 0.0000000000
5747  16.293  -63.483  15.868 0.0000000000
111547  15.110  -61.901  17.476 0.0000000000
740  16.623  -79.179  25.924 0.0000000000
567  17.012  -79.896  26.637 0.0000000000
10123  1.896  -54.321  43.693 0.0000000000
9588  1.231  -55.619  42.522 0.0000000000
10134  0.623  -55.033  42.506 0.0000000000
108272  0.015  -55.060  42.161 0.0000000000
10135  0.095  -54.549  42.489 0.0000000000
4735  8.428  -65.460  13.146 0.0000000000
4723  8.123  -65.233  14.561 0.0000000000
4291  8.893  -66.302  12.865 0.0000000000
117746  9.486  -66.730  12.886 0.0000000000
120780  9.735  -66.457  12.019 0.0000000000
13755  6.907  -48.289  22.789 0.0000000000
13757  4.806  -47.772  22.533 0.0000000000
14373  6.407  -47.590  21.893 0.0000000000
767  26.375  -78.962  22.352 0.0000000000
630  27.117  -78.318  21.532 0.0000000000
1024  25.925  -77.736  21.153 0.0000000000
109676  26.709  -77.675  19.356 0.0000000000
799  25.711  -77.762  19.443 0.0000000000
18974  9.202  -41.396  33.020 0.0000000000
17492  7.675  -42.232  32.763 0.0000000000
18975  8.048  -41.602  32.972 0.0000000000
18994  8.163  -40.255  31.065 0.0000000000
26335  15.417  -30.028  22.357 0.0000000000
26300  15.605  -30.606  23.690 0.0000000000
26320  15.106  -30.309  22.937 0.0000000000
117889  9.576  -35.500  19.663 0.0000000000
114496  9.767  -36.166  19.504 0.0000000000
1150  5.967  -76.873  38.596 0.0000000000
2737  4.400  -70.576  32.914 0.0000000000
2423  5.822  -71.611  31.917 0.0000000000
2424  4.768  -71.320  31.927 0.0000000000
2436  4.615  -72.147  31.315 0.0000000000
2425  3.784  -70.975  32.119 0.0000000000
6673  -0.019  -61.889  28.477 0.0000000000
6167  0.224  -62.745  28.331 0.0000000000
6686  0.235  -62.482  27.654 0.0000000000
12907  8.507  -49.467  40.501 0.0000000000
12292  8.525  -50.720  40.366 0.0000000000
12310  8.532  -50.597  39.635 0.0000000000
12331  7.452  -50.531  38.943 0.0000000000
12329  8.428  -50.367  38.970 0.0000000000
120816  5.580  -76.848  39.960 0.0000000000
116295  6.035  -77.916  40.363 0.0000000000
906  5.979  -77.457  39.547 0.0000000000
1149  7.247  -77.246  38.603 0.0000000000
2267  14.688  -72.339  15.829 0.0000000000
2273  14.941  -72.177  14.418 0.0000000000
2266  15.603  -71.284  14.793 0.0000000000
2561  16.418  -70.966  14.292 0.0000000000
2554  16.050  -70.445  15.438 0.0000000000
3169  16.620  -69.792  16.526 0.0000000000
114821  16.069  -69.901  16.388 0.0000000000
109117  -2.231  -48.375  33.165 0.0000000000
12416  -1.462  -50.115  31.056 0.0000000000
13028  -1.542  -48.701  31.937 0.0000000000
9829  10.018  -55.912  21.666 0.0000000000
107784  9.675  -56.193  22.507 0.0000000000
8724  10.132  -57.097  21.979 0.0000000000
8740  10.270  -57.626  21.592 0.0000000000
8763  10.202  -57.113  20.543 0.0000000000
1676  18.356  -74.423  26.475 0.0000000000
1682  19.030  -74.206  26.140 0.0000000000
1451  18.574  -75.121  26.174 0.0000000000
577  20.706  -79.360  25.576 0.0000000000
576  20.977  -79.340  26.709 0.0000000000
428  20.718  -80.366  26.369 0.0000000000
417  21.443  -80.474  27.080 0.0000000000
287  20.780  -81.086  26.785 0.0000000000
4066  6.161  -66.623  36.674 0.0000000000
7024  0.633  -60.336  37.526 0.0000000000
7039  1.007  -60.730  36.785 0.0000000000
7040  0.184  -60.544  36.798 0.0000000000
6590  0.011  -62.527  35.330 0.0000000000
7058  -0.196  -60.681  36.097 0.0000000000
7074  -0.271  -60.831  35.235 0.0000000000
107693  -1.359  -53.093  36.455 0.0000000000
9679  -0.565  -53.882  34.901 0.0000000000
10209  -0.847  -52.870  35.519 0.0000000000
10668  -0.143  -52.295  37.091 0.0000000000
16051  16.185  -44.470  37.896 0.0000000000
16039  13.491  -43.428  39.046 0.0000000000
16038  14.501  -43.255  38.824 0.0000000000
16718  14.988  -42.700  35.574 0.0000000000
16727  15.316  -43.084  34.769 0.0000000000
16075  14.309  -44.328  34.655 0.0000000000
16733  15.817  -43.780  34.005 0.0000000000
16732  16.464  -43.464  33.503 0.0000000000
19695  20.905  -38.800  32.356 0.0000000000
19709  20.361  -38.941  32.298 0.0000000000
116393  21.583  -38.511  31.427 0.0000000000
3479  5.042  -69.615  17.607 0.0000000000
100087  9.935  -69.992  20.680 0.0000000000
2521  9.806  -70.749  20.934 0.0000000000
2532  10.652  -71.340  20.851 0.0000000000
2240  11.201  -72.153  20.482 0.0000000000
105430  10.640  -70.317  20.866 0.0000000000
3135  11.429  -69.696  20.806 0.0000000000
3450  10.778  -68.715  20.390 0.0000000000
109828  15.242  -65.487  16.167 0.0000000000
4685  14.872  -65.322  17.806 0.0000000000
4684  15.430  -65.232  17.222 0.0000000000
5179  15.996  -64.763  16.940 0.0000000000
13688  3.140  -48.661  28.236 0.0000000000
12453  3.991  -49.941  28.968 0.0000000000
12474  3.909  -49.930  27.942 0.0000000000
12566  4.757  -50.860  21.962 0.0000000000
118378  6.406  -50.657  22.684 0.0000000000
11957  5.285  -51.383  21.443 0.0000000000
11956  6.840  -51.252  21.730 0.0000000000
11975  5.812  -51.844  20.946 0.0000000000
116571  22.601  -30.325  24.337 0.0000000000
28619  20.094  -27.701  21.253 0.0000000000
28620  19.467  -27.727  20.800 0.0000000000
27828  18.853  -28.574  20.817 0.0000000000
1502  27.384  -75.750  19.763 0.0000000000
1521  27.859  -76.087  18.729 0.0000000000
665  25.647  -79.242  13.268 0.0000000000
853  25.521  -78.866  13.559 0.0000000000
666  24.778  -79.371  12.664 0.0000000000
667  23.903  -78.917  12.385 0.0000000000
673  23.895  -79.402  11.642 0.0000000000
5773  1.858  -63.425  13.903 0.0000000000
109134  2.854  -62.711  13.442 0.0000000000
5799  3.671  -62.963  13.152 0.0000000000
120427  3.589  -62.031  13.206 0.0000000000
119974  3.980  -43.764  33.190 0.0000000000
15447  3.489  -44.905  33.049 0.0000000000
15437  2.457  -45.921  32.975 0.0000000000
15448  2.085  -45.541  32.499 0.0000000000
104989  0.332  -45.609  32.450 0.0000000000
15458  1.497  -45.099  31.587 0.0000000000
17559  5.106  -42.442  25.166 0.0000000000
109557  4.940  -43.553  26.294 0.0000000000
16818  5.170  -43.215  25.173 0.0000000000
16178  5.404  -43.976  25.084 0.0000000000
112262  5.825  -43.561  24.670 0.0000000000
109201  11.072  -32.048  22.104 0.0000000000
24852  11.299  -32.905  22.022 0.0000000000
20511  12.698  -38.924  23.990 0.0000000000
20500  12.728  -38.731  24.784 0.0000000000
19764  12.487  -39.442  25.400 0.0000000000
120776  12.143  -39.546  26.024 0.0000000000
19030  11.984  -40.281  25.560 0.0000000000
104597  12.042  -44.072  24.098 0.0000000000
16186  12.474  -44.871  23.793 0.0000000000
15539  12.080  -45.641  24.062 0.0000000000
119159  13.835  -79.781  32.248 0.0000000000
382  13.522  -80.654  32.124 0.0000000000
534  13.101  -79.941  32.722 0.0000000000
139  9.410  -82.026  35.188 0.0000000000
110766  10.264  -82.340  34.638 0.0000000000
144  9.741  -82.809  34.111 0.0000000000
49  10.034  -83.249  32.460 0.0000000000
111160  8.774  -82.828  33.822 0.0000000000
117146  6.704  -73.765  35.700 0.0000000000
1640  7.191  -74.468  35.140 0.0000000000
4509  4.803  -65.633  34.963 0.0000000000
120090  5.512  -60.515  34.948 0.0000000000
7070  6.095  -60.723  34.816 0.0000000000
106729  5.399  -60.716  34.305 0.0000000000
4568  3.102  -65.747  28.348 0.0000000000
4562  4.231  -65.307  29.253 0.0000000000
4563  3.550  -66.071  29.010 0.0000000000
4121  2.649  -66.836  29.423 0.0000000000
119365  1.962  -68.172  28.687 0.0000000000
4130  1.395  -67.721  27.379 0.0000000000
12272  4.773  -50.396  41.922 0.0000000000
11683  4.849  -50.852  42.699 0.0000000000
12253  4.125  -50.323  42.465 0.0000000000
12254  3.500  -50.290  43.003 0.0000000000
102971  3.406  -50.150  42.257 0.0000000000
101479  1.390  -49.908  41.832 0.0000000000
12274  2.651  -49.811  41.655 0.0000000000
99035  2.660  -47.938  36.125 0.0000000000
13581  10.465  -48.357  36.928 0.0000000000
12974  9.879  -49.715  35.174 0.0000000000
24742  23.122  -32.106  34.775 0.0000000000
24741  23.968  -32.478  34.428 0.0000000000
26235  22.301  -30.198  31.501 0.0000000000
26233  24.102  -30.579  31.238 0.0000000000
117515  24.800  -31.490  30.932 0.0000000000
24771  25.663  -32.140  30.112 0.0000000000
24773  25.029  -30.650  30.273 0.0000000000
26255  26.056  -28.198  28.643 0.0000000000
25513  26.285  -29.194  28.483 0.0000000000
30260  20.100  -24.448  29.076 0.0000000000
31133  19.062  -24.870  28.033 0.0000000000
1127  11.836  -77.162  40.311 0.0000000000
885  12.411  -77.650  41.290 0.0000000000
896  12.755  -77.296  40.330 0.0000000000
883  14.165  -77.853  41.209 0.0000000000
114268  13.848  -77.261  39.507 0.0000000000
1144  13.516  -76.712  38.721 0.0000000000
939  12.856  -77.377  33.837 0.0000000000
117295  13.500  -77.268  33.542 0.0000000000
103168  13.422  -77.750  33.294 0.0000000000
544  14.239  -78.856  32.363 0.0000000000
926  18.339  -78.759  34.698 0.0000000000
107333  18.621  -79.071  32.591 0.0000000000
699  19.192  -80.969  33.599 0.0000000000
421  13.066  -80.887  26.466 0.0000000000
431  13.357  -80.483  25.760 0.0000000000
443  13.106  -80.632  25.023 0.0000000000
500  18.038  -81.605  13.795 0.0000000000
362  18.409  -82.925  12.927 0.0000000000
675  19.220  -80.997  12.536 0.0000000000
856  19.002  -79.594  13.990 0.0000000000
1770  10.552  -74.037  15.795 0.0000000000
1747  19.121  -73.989  18.939 0.0000000000
112058  18.819  -74.698  18.498 0.0000000000
1755  20.189  -74.204  18.345 0.0000000000
1762  20.386  -74.538  17.507 0.0000000000
2004  20.901  -73.656  17.864 0.0000000000
2258  21.284  -72.882  17.741 0.0000000000
1996  21.065  -72.864  18.521 0.0000000000
3768  14.668  -67.773  24.056 0.0000000000
3412  15.005  -68.649  23.650 0.0000000000
3756  15.295  -67.469  24.484 0.0000000000
10761  3.506  -53.636  27.140 0.0000000000
10774  2.848  -53.441  26.405 0.0000000000
10773  3.621  -53.581  26.307 0.0000000000
105113  2.521  -56.532  21.054 0.0000000000
9830  2.217  -55.221  21.539 0.0000000000
9310  2.295  -56.503  20.317 0.0000000000
9311  1.779  -55.483  19.704 0.0000000000
9330  2.021  -56.249  19.093 0.0000000000
8785  2.299  -57.048  18.610 0.0000000000
8764  2.421  -57.368  19.894 0.0000000000
6301  8.463  -62.326  18.422 0.0000000000
6302  7.475  -62.279  18.321 0.0000000000
108115  8.059  -62.388  17.711 0.0000000000
6334  8.165  -62.393  16.841 0.0000000000
110921  8.968  -62.457  16.853 0.0000000000
10433  6.381  -54.230  16.879 0.0000000000
10443  5.094  -54.659  16.171 0.0000000000
9910  6.119  -54.947  16.242 0.0000000000
9373  10.919  -56.281  15.235 0.0000000000
100033  10.584  -56.344  14.448 0.0000000000
9385  9.021  -56.710  13.702 0.0000000000
9395  9.856  -56.791  13.553 0.0000000000
8302  9.430  -57.869  13.351 0.0000000000
103572  10.105  -57.459  13.250 0.0000000000
7314  14.138  -60.509  11.134 0.0000000000
6398  14.099  -62.529  11.006 0.0000000000
6396  15.337  -62.387  10.762 0.0000000000
974  15.863  -76.932  27.043 0.0000000000
1222  16.264  -76.368  26.071 0.0000000000
992  16.260  -77.173  25.806 0.0000000000
753  16.591  -78.411  24.557 0.0000000000
1014  18.012  -77.737  23.819 0.0000000000
759  18.380  -78.434  23.333 0.0000000000
758  19.308  -78.573  23.389 0.0000000000
595  18.670  -79.411  22.961 0.0000000000
102386  2.621  -57.875  42.296 0.0000000000
8454  2.125  -57.352  42.462 0.0000000000
116489  0.676  -57.336  41.483 0.0000000000
8470  0.937  -57.973  41.396 0.0000000000
7973  0.732  -58.349  40.710 0.0000000000
7516  0.245  -59.327  39.107 0.0000000000
8004  -0.061  -58.587  38.963 0.0000000000
8501  0.140  -57.805  39.485 0.0000000000
9610  -0.105  -55.070  41.237 0.0000000000
117717  0.067  -56.010  39.314 0.0000000000
10165  -0.184  -54.831  40.068 0.0000000000
104624  -0.580  -53.762  39.447 0.0000000000
16060  18.160  -43.707  35.939 0.0000000000
16709  17.450  -42.583  37.267 0.0000000000
16717  18.536  -42.934  35.552 0.0000000000
17448  19.119  -41.632  34.598 0.0000000000
17449  18.345  -41.357  35.158 0.0000000000
18189  17.951  -41.071  35.490 0.0000000000
18209  17.741  -41.055  35.222 0.0000000000
18208  18.159  -41.026  34.731 0.0000000000
18225  17.911  -41.056  34.408 0.0000000000
18207  19.231  -40.741  33.958 0.0000000000
18929  22.546  -40.727  34.205 0.0000000000
18222  19.888  -40.070  33.474 0.0000000000
18939  21.920  -39.897  33.475 0.0000000000
18938  22.954  -39.878  33.944 0.0000000000
4262  5.683  -65.926  16.396 0.0000000000
120333  5.614  -66.954  16.401 0.0000000000
4690  6.065  -65.543  17.029 0.0000000000
101726  8.624  -66.491  15.934 0.0000000000
4249  7.860  -66.588  17.383 0.0000000000
3855  8.822  -67.420  16.973 0.0000000000
3478  9.148  -68.519  17.930 0.0000000000
109870  9.616  -67.739  16.739 0.0000000000
3844  10.146  -67.925  17.060 0.0000000000
3853  10.183  -67.646  16.241 0.0000000000
3870  11.643  -67.239  13.482 0.0000000000
4270  11.900  -67.185  15.126 0.0000000000
107603  13.239  -66.707  14.389 0.0000000000
4268  13.579  -66.144  15.195 0.0000000000
13717  0.883  -46.704  24.836 0.0000000000
13122  1.290  -48.398  25.016 0.0000000000
13743  0.650  -47.683  23.409 0.0000000000
13765  1.824  -47.851  21.600 0.0000000000
13766  0.921  -48.019  21.772 0.0000000000
13777  1.463  -48.694  21.272 0.0000000000
12556  2.333  -50.354  22.203 0.0000000000
13156  1.845  -49.546  20.563 0.0000000000
27802  21.731  -27.654  24.184 0.0000000000
27804  21.959  -28.328  23.510 0.0000000000
29423  21.219  -27.206  23.793 0.0000000000
115998  20.505  -26.607  23.089 0.0000000000
29440  20.210  -26.953  21.441 0.0000000000
986  26.447  -78.085  25.317 0.0000000000
1009  27.197  -77.455  23.719 0.0000000000
994  27.109  -77.836  24.227 0.0000000000
789  28.264  -78.015  20.870 0.0000000000
777  28.174  -78.213  21.601 0.0000000000
788  28.814  -77.941  20.763 0.0000000000
114666  29.548  -77.090  20.371 0.0000000000
795  28.986  -77.923  19.022 0.0000000000
1052  29.047  -77.145  17.954 0.0000000000
803  28.863  -77.980  18.293 0.0000000000
118164  27.557  -78.202  16.450 0.0000000000
16755  6.477  -41.825  32.459 0.0000000000
16098  5.943  -41.915  33.039 0.0000000000
16764  5.638  -41.934  32.077 0.0000000000
16118  4.458  -42.828  31.388 0.0000000000
17520  6.956  -42.268  27.802 0.0000000000
16785  5.924  -43.274  27.874 0.0000000000
101140  5.970  -42.352  26.770 0.0000000000
17535  5.255  -41.741  25.732 0.0000000000
118244  6.505  -41.619  26.555 0.0000000000
25545  17.140  -30.683  25.117 0.0000000000
24816  17.234  -31.313  25.706 0.0000000000
24077  16.334  -32.992  24.348 0.0000000000
23399  15.666  -33.709  23.776 0.0000000000
103447  9.043  -33.294  21.563 0.0000000000
23415  8.992  -34.748  21.713 0.0000000000
21247  9.644  -37.753  22.335 0.0000000000
21246  10.431  -37.730  22.918 0.0000000000
20514  10.097  -38.496  22.380 0.0000000000
19783  10.397  -39.310  22.331 0.0000000000
921  11.082  -77.420  35.443 0.0000000000
696  11.368  -78.699  34.480 0.0000000000
922  10.316  -77.945  35.610 0.0000000000
923  8.846  -78.177  35.654 0.0000000000
689  9.775  -78.699  35.259 0.0000000000
690  7.947  -78.809  35.475 0.0000000000
373  9.492  -80.460  35.452 0.0000000000
2406  7.656  -71.743  33.838 0.0000000000
1869  8.372  -73.328  33.625 0.0000000000
2115  7.946  -72.435  33.177 0.0000000000
1876  7.136  -73.479  32.011 0.0000000000
1651  7.798  -74.240  32.129 0.0000000000
1425  7.215  -75.164  31.616 0.0000000000
105046  7.642  -75.970  31.729 0.0000000000
104541  5.791  -75.460  31.215 0.0000000000
2136  4.142  -73.178  30.719 0.0000000000
1657  4.735  -74.698  30.420 0.0000000000
110143  2.314  -62.364  32.188 0.0000000000
101439  3.266  -61.662  32.180 0.0000000000
115675  2.269  -62.548  30.534 0.0000000000
5588  0.636  -63.745  27.669 0.0000000000
6153  2.348  -63.031  29.263 0.0000000000
5587  1.716  -64.177  28.178 0.0000000000
5062  2.381  -64.686  28.124 0.0000000000
5071  1.267  -64.751  27.512 0.0000000000
4576  0.638  -65.569  26.486 0.0000000000
12251  8.916  -49.693  42.892 0.0000000000
12293  6.622  -51.396  40.058 0.0000000000
11709  7.513  -51.994  41.158 0.0000000000
12294  5.796  -50.484  40.725 0.0000000000
12908  5.292  -49.601  40.341 0.0000000000
12909  4.313  -49.223  40.413 0.0000000000
103522  4.846  -48.812  39.814 0.0000000000
13585  6.003  -46.656  37.844 0.0000000000
13561  5.606  -47.327  38.789 0.0000000000
14198  5.285  -46.593  37.828 0.0000000000
14219  4.836  -46.355  36.723 0.0000000000
14235  5.691  -46.113  35.630 0.0000000000
27732  19.722  -28.128  32.028 0.0000000000
26963  21.565  -29.110  31.543 0.0000000000
27731  20.740  -28.317  31.784 0.0000000000
26978  23.333  -27.584  31.440 0.0000000000
27747  22.028  -27.772  31.633 0.0000000000
29313  21.044  -26.023  31.682 0.0000000000
27763  23.540  -26.869  31.348 0.0000000000
27772  24.117  -26.708  31.270 0.0000000000
29333  20.491  -25.691  31.420 0.0000000000
30245  19.334  -24.398  30.612 0.0000000000
1352  6.096  -73.965  43.982 0.0000000000
1351  7.458  -74.387  44.917 0.0000000000
1118  6.037  -75.165  43.255 0.0000000000
889  7.900  -78.293  41.747 0.0000000000
879  7.623  -78.136  42.246 0.0000000000
888  9.251  -78.029  41.604 0.0000000000
897  9.820  -77.376  40.394 0.0000000000
1136  10.369  -77.045  39.372 0.0000000000
1156  10.282  -76.739  37.436 0.0000000000
1155  10.715  -76.616  36.672 0.0000000000
1185  11.839  -76.801  35.018 0.0000000000
2293  10.884  -71.651  12.862 0.0000000000
2284  11.699  -71.935  12.627 0.0000000000
2292  14.091  -72.567  12.788 0.0000000000
1790  14.322  -73.153  12.690 0.0000000000
108332  14.526  -74.849  13.666 0.0000000000
1781  14.993  -74.094  12.991 0.0000000000
1780  16.049  -74.207  13.020 0.0000000000
1788  16.167  -73.192  12.659 0.0000000000
2271  17.410  -71.494  14.408 0.0000000000
115698  17.853  -71.795  15.837 0.0000000000
2259  17.691  -72.482  17.258 0.0000000000
2253  18.023  -71.715  17.723 0.0000000000
2544  18.270  -71.072  18.260 0.0000000000
2850  17.958  -69.834  18.679 0.0000000000
3143  18.281  -69.691  19.713 0.0000000000
3128  18.644  -69.350  20.526 0.0000000000
3129  17.827  -69.210  20.068 0.0000000000
11304  -2.013  -51.246  28.362 0.0000000000
10302  8.213  -53.844  24.202 0.0000000000
10304  6.213  -54.057  24.154 0.0000000000
10324  7.768  -54.458  23.626 0.0000000000
8728  6.919  -57.162  22.292 0.0000000000
9268  6.462  -56.338  22.492 0.0000000000
8729  5.917  -57.074  22.221 0.0000000000
8730  4.970  -57.019  22.085 0.0000000000
8742  5.353  -57.876  21.930 0.0000000000
8199  4.700  -58.780  21.647 0.0000000000
8198  5.810  -58.627  21.686 0.0000000000
7729  8.816  -59.831  20.992 0.0000000000
7730  7.821  -59.772  20.959 0.0000000000
7238  9.117  -60.451  20.441 0.0000000000
6754  8.084  -60.887  20.046 0.0000000000
7256  9.742  -60.839  19.894 0.0000000000
109302  19.712  -71.758  25.031 0.0000000000
2491  20.602  -71.816  24.499 0.0000000000
2192  20.045  -72.540  24.601 0.0000000000
1456  20.482  -75.189  24.822 0.0000000000
1687  20.446  -74.318  24.386 0.0000000000
1686  21.031  -74.919  24.044 0.0000000000
1459  22.374  -75.376  23.056 0.0000000000
1236  19.093  -76.588  25.326 0.0000000000
1227  19.589  -76.152  25.725 0.0000000000
990  20.007  -76.844  25.721 0.0000000000
980  22.305  -77.928  26.570 0.0000000000
989  21.590  -77.564  26.259 0.0000000000
988  23.062  -77.763  25.772 0.0000000000
998  23.380  -77.464  24.838 0.0000000000
104585  24.034  -77.778  25.724 0.0000000000
108131  24.908  -77.704  25.347 0.0000000000
978  23.970  -78.087  26.341 0.0000000000
414  23.553  -79.919  26.100 0.0000000000
413  24.350  -79.092  25.571 0.0000000000
427  24.648  -79.250  25.096 0.0000000000
437  25.040  -79.358  24.797 0.0000000000
291  23.810  -80.002  25.285 0.0000000000
27130  13.171  -29.294  20.008 0.0000000000
103322  10.904  -28.655  20.660 0.0000000000
27118  11.548  -29.181  20.950 0.0000000000
109849  10.940  -29.395  21.799 0.0000000000
26338  10.284  -29.928  21.748 0.0000000000
102868  7.184  -29.874  21.159 0.0000000000
27831  8.389  -29.076  21.234 0.0000000000
27107  8.082  -30.333  21.332 0.0000000000
27087  9.114  -30.512  21.535 0.0000000000
120800  8.358  -30.932  21.446 0.0000000000
24855  8.730  -32.543  21.457 0.0000000000
25608  8.405  -31.640  20.532 0.0000000000
24867  8.207  -32.125  21.054 0.0000000000
24879  9.130  -32.452  20.125 0.0000000000
24126  9.281  -33.528  20.063 0.0000000000
1617  7.207  -74.538  39.123 0.0000000000
1618  6.112  -74.935  38.761 0.0000000000
1620  7.556  -73.937  38.111 0.0000000000
1844  7.043  -73.422  37.253 0.0000000000
1853  7.532  -72.767  37.059 0.0000000000
1854  6.759  -73.256  36.560 0.0000000000
103185  7.398  -72.124  36.754 0.0000000000
101611  6.891  -69.024  36.535 0.0000000000
3001  8.213  -69.048  36.360 0.0000000000
110815  7.274  -69.937  36.423 0.0000000000
2687  6.527  -70.710  36.187 0.0000000000
2398  6.490  -71.050  35.543 0.0000000000
2698  5.986  -70.407  35.982 0.0000000000
3004  3.972  -69.311  36.572 0.0000000000
3015  4.268  -69.753  36.242 0.0000000000
3024  3.433  -69.903  35.508 0.0000000000
2713  3.768  -70.243  34.735 0.0000000000
3025  2.815  -69.669  35.331 0.0000000000
7495  5.555  -59.472  39.346 0.0000000000
7494  6.517  -59.532  39.871 0.0000000000
7511  6.116  -59.652  38.547 0.0000000000
103325  6.020  -59.988  37.048 0.0000000000
7526  5.452  -59.811  37.803 0.0000000000
7982  2.652  -58.977  40.699 0.0000000000
7485  3.254  -59.301  40.024 0.0000000000
7497  2.701  -59.476  39.336 0.0000000000
7038  2.137  -60.601  36.633 0.0000000000
7022  2.815  -60.192  37.220 0.0000000000
108566  2.580  -60.782  35.781 0.0000000000
7056  3.857  -60.509  35.512 0.0000000000
7073  2.202  -61.845  34.533 0.0000000000
6099  -0.170  -63.234  33.798 0.0000000000
6117  -0.012  -63.229  32.727 0.0000000000
6132  -0.102  -62.979  32.089 0.0000000000
6144  0.040  -62.648  31.302 0.0000000000
6655  -0.147  -61.446  30.690 0.0000000000
6665  -0.431  -60.559  29.929 0.0000000000
7099  -0.222  -60.878  31.280 0.0000000000
7605  -0.037  -58.850  31.304 0.0000000000
100739  -0.150  -57.780  36.958 0.0000000000
8031  -0.212  -58.034  36.275 0.0000000000
8555  -0.295  -56.768  35.764 0.0000000000
110772  13.178  -45.697  39.117 0.0000000000
14788  12.741  -46.543  39.246 0.0000000000
14187  10.638  -46.561  40.157 0.0000000000
106721  9.235  -46.095  40.387 0.0000000000
14189  8.600  -46.240  40.192 0.0000000000
14790  9.811  -45.285  39.970 0.0000000000
16040  11.186  -43.694  38.772 0.0000000000
15387  9.389  -44.471  38.855 0.0000000000
15403  9.617  -44.731  38.141 0.0000000000
14815  9.454  -45.697  37.970 0.0000000000
15402  10.612  -44.611  37.818 0.0000000000
17401  15.635  -41.797  38.193 0.0000000000
17402  14.871  -42.239  38.557 0.0000000000
17418  14.920  -41.960  37.635 0.0000000000
15410  13.098  -44.848  36.116 0.0000000000
16064  12.966  -44.450  37.086 0.0000000000
15411  12.666  -45.029  37.018 0.0000000000
14813  12.373  -45.697  37.034 0.0000000000
14823  12.329  -46.551  36.544 0.0000000000
17475  17.657  -42.637  32.567 0.0000000000
19718  22.019  -39.073  29.457 0.0000000000
18979  22.403  -39.793  29.142 0.0000000000
20445  23.019  -37.825  29.504 0.0000000000
1613  6.094  -75.268  40.564 0.0000000000
98139  6.200  -72.286  19.495 0.0000000000
113208  6.798  -71.602  18.646 0.0000000000
3820  6.222  -67.885  19.250 0.0000000000
3459  6.244  -68.607  19.779 0.0000000000
3139  6.968  -69.689  20.438 0.0000000000
98133  9.542  -72.517  20.276 0.0000000000
2522  8.752  -72.001  20.382 0.0000000000
112944  8.624  -71.580  17.811 0.0000000000
113266  7.442  -71.462  17.047 0.0000000000
98132  8.610  -71.382  16.444 0.0000000000
98130  9.755  -71.490  17.001 0.0000000000
2002  12.398  -72.908  18.392 0.0000000000
99295  11.988  -72.365  16.978 0.0000000000
2001  13.209  -72.988  18.025 0.0000000000
2007  13.443  -72.951  17.140 0.0000000000
2255  13.584  -72.441  18.360 0.0000000000
2545  14.156  -71.265  18.120 0.0000000000
105446  13.599  -71.567  18.829 0.0000000000
3134  12.285  -69.403  20.597 0.0000000000
3133  13.060  -69.058  20.194 0.0000000000
3437  12.973  -68.449  21.534 0.0000000000
3423  13.137  -68.164  22.261 0.0000000000
3794  12.665  -67.370  21.926 0.0000000000
3830  11.141  -67.008  17.549 0.0000000000
4227  10.763  -67.163  19.763 0.0000000000
4241  11.444  -66.282  18.410 0.0000000000
107271  13.261  -65.197  19.535 0.0000000000
116780  12.964  -65.291  20.180 0.0000000000
4659  13.399  -65.589  20.767 0.0000000000
4648  13.962  -65.954  21.296 0.0000000000
4647  14.133  -65.438  21.278 0.0000000000
115589  14.321  -64.920  21.830 0.0000000000
5142  14.140  -64.616  20.990 0.0000000000
106718  14.052  -62.626  19.884 0.0000000000
12413  1.906  -49.462  30.807 0.0000000000
11814  1.860  -50.394  30.921 0.0000000000
11813  2.520  -50.748  31.385 0.0000000000
108486  5.352  -51.131  29.473 0.0000000000
11283  4.445  -51.970  30.039 0.0000000000
11282  5.216  -52.063  29.243 0.0000000000
113760  4.939  -52.980  28.842 0.0000000000
11302  5.895  -52.234  28.513 0.0000000000
12508  3.903  -50.380  24.923 0.0000000000
101452  4.177  -50.405  25.780 0.0000000000
12507  4.995  -50.513  25.173 0.0000000000
12517  7.616  -50.585  24.531 0.0000000000
12505  7.132  -50.612  25.297 0.0000000000
12504  8.084  -50.878  25.367 0.0000000000
11325  7.616  -52.340  26.936 0.0000000000
11893  9.098  -51.828  25.245 0.0000000000
10783  8.776  -52.991  25.543 0.0000000000
11907  9.514  -51.999  24.514 0.0000000000
11387  8.862  -52.409  21.607 0.0000000000
11386  9.533  -52.836  22.253 0.0000000000
10845  9.164  -53.287  21.507 0.0000000000
10352  9.495  -54.174  21.535 0.0000000000
102760  8.644  -53.848  20.880 0.0000000000
24829  20.575  -32.668  23.547 0.0000000000
27081  21.322  -29.402  22.571 0.0000000000
26316  20.214  -30.521  22.408 0.0000000000
25553  19.279  -31.891  22.933 0.0000000000
25578  18.877  -31.286  22.675 0.0000000000
25554  18.272  -31.542  23.429 0.0000000000
26317  18.477  -30.706  22.336 0.0000000000
27829  17.903  -29.003  20.743 0.0000000000
112302  18.000  -30.251  21.801 0.0000000000
27098  17.509  -29.740  21.281 0.0000000000
27099  16.607  -29.821  21.492 0.0000000000
27114  17.010  -29.290  20.767 0.0000000000
29471  17.704  -26.664  19.693 0.0000000000
27861  15.979  -28.256  19.692 0.0000000000
1254  27.751  -76.431  22.654 0.0000000000
102744  27.680  -76.726  16.457 0.0000000000
1306  26.847  -76.514  17.208 0.0000000000
1317  26.912  -76.825  16.248 0.0000000000
1080  24.034  -77.938  15.693 0.0000000000
115101  24.743  -77.713  15.884 0.0000000000
109241  23.581  -77.518  15.978 0.0000000000
1096  22.559  -77.207  12.138 0.0000000000
1333  22.170  -76.088  11.227 0.0000000000
4726  2.851  -65.848  13.518 0.0000000000
4274  2.846  -67.342  14.393 0.0000000000
4282  3.654  -66.745  13.518 0.0000000000
3876  3.994  -68.162  14.051 0.0000000000
4281  4.837  -67.452  13.300 0.0000000000
100507  5.574  -67.799  13.608 0.0000000000
4280  5.411  -66.846  13.201 0.0000000000
111522  4.625  -63.781  13.518 0.0000000000
5243  5.123  -63.987  13.822 0.0000000000
5224  6.154  -63.303  13.772 0.0000000000
5223  6.738  -63.853  14.494 0.0000000000
5771  6.948  -63.029  13.192 0.0000000000
14261  1.400  -47.325  33.269 0.0000000000
13629  2.280  -47.704  33.225 0.0000000000
13014  2.011  -48.603  32.914 0.0000000000
13025  1.399  -48.383  32.202 0.0000000000
109048  1.079  -47.893  32.630 0.0000000000
14285  -0.586  -46.265  30.402 0.0000000000
14284  -0.278  -47.240  30.855 0.0000000000
14293  0.368  -47.197  29.499 0.0000000000
14292  1.644  -47.608  29.136 0.0000000000
14307  1.081  -46.803  28.701 0.0000000000
16133  2.535  -43.792  28.380 0.0000000000
16120  1.837  -44.250  29.098 0.0000000000
16134  1.414  -43.908  28.027 0.0000000000
120094  3.953  -44.987  27.349 0.0000000000
15501  1.976  -44.835  27.536 0.0000000000
15500  3.528  -45.784  27.282 0.0000000000
14887  2.981  -46.854  27.919 0.0000000000
14915  3.298  -46.341  26.861 0.0000000000
14916  2.659  -46.525  26.122 0.0000000000
14920  3.073  -46.186  25.730 0.0000000000
14932  5.749  -46.875  25.276 0.0000000000
14933  4.719  -46.828  25.016 0.0000000000
13725  5.930  -48.232  24.394 0.0000000000
14342  7.368  -47.672  25.061 0.0000000000
20447  12.150  -38.496  31.406 0.0000000000
26322  13.458  -30.319  22.676 0.0000000000
25559  14.011  -30.815  23.126 0.0000000000
25581  13.119  -31.082  22.910 0.0000000000
119168  12.600  -33.786  22.703 0.0000000000
24090  13.093  -34.018  23.014 0.0000000000
118179  13.461  -35.035  23.801 0.0000000000
115716  12.866  -34.979  23.645 0.0000000000
104241  12.644  -37.657  25.492 0.0000000000
21223  12.869  -36.484  25.978 0.0000000000
21951  13.030  -35.945  25.959 0.0000000000
21207  13.423  -37.300  27.108 0.0000000000
20478  12.763  -37.724  27.111 0.0000000000
20468  10.628  -38.143  27.851 0.0000000000
19733  9.890  -38.316  28.067 0.0000000000
19727  10.024  -38.421  29.241 0.0000000000
19734  9.041  -38.936  28.633 0.0000000000
19735  8.779  -39.261  27.726 0.0000000000
19033  8.431  -40.218  25.675 0.0000000000
19021  8.428  -39.990  26.254 0.0000000000
18305  7.676  -40.130  25.000 0.0000000000
18306  6.871  -39.916  24.910 0.0000000000
18316  7.629  -40.800  24.830 0.0000000000
17542  11.408  -42.053  25.371 0.0000000000
16805  9.988  -43.105  25.417 0.0000000000
16813  9.512  -43.929  25.287 0.0000000000
110250  8.396  -43.856  25.028 0.0000000000
16175  8.127  -44.633  24.895 0.0000000000
15524  8.802  -45.403  25.127 0.0000000000
14928  10.926  -47.098  24.664 0.0000000000
117605  10.210  -46.709  25.141 0.0000000000
14339  10.769  -47.814  24.169 0.0000000000
120401  9.629  -48.236  24.483 0.0000000000
14358  10.888  -48.103  23.384 0.0000000000
14384  11.250  -47.593  22.056 0.0000000000
14956  12.255  -47.162  22.407 0.0000000000
156  17.322  -83.528  30.168 0.0000000000
112223  16.794  -83.983  29.676 0.0000000000
57  16.813  -84.018  30.290 0.0000000000
108146  14.513  -82.380  31.662 0.0000000000
165  15.202  -83.418  30.051 0.0000000000
257  14.169  -81.857  30.585 0.0000000000
110175  13.829  -81.251  28.984 0.0000000000
264  13.495  -81.532  29.833 0.0000000000
376  12.120  -80.914  33.426 0.0000000000
244  11.688  -81.740  33.902 0.0000000000
47  11.770  -82.774  32.069 0.0000000000
116352  12.349  -82.314  32.393 0.0000000000
58  11.728  -82.698  30.889 0.0000000000
103519  12.228  -82.304  30.356 0.0000000000
166  12.052  -82.715  29.209 0.0000000000
104449  11.501  -83.230  28.953 0.0000000000
68  10.719  -83.343  29.429 0.0000000000
72  11.112  -83.428  28.724 0.0000000000
1388  5.066  -75.340  37.161 0.0000000000
1169  5.257  -75.805  36.861 0.0000000000
1179  5.329  -75.823  36.226 0.0000000000
1188  5.985  -77.253  35.266 0.0000000000
100018  5.790  -76.987  35.736 0.0000000000
934  5.819  -78.058  34.821 0.0000000000
106055  6.226  -79.564  35.247 0.0000000000
109352  5.935  -80.150  35.258 0.0000000000
1192  8.998  -76.155  33.844 0.0000000000
1186  8.434  -76.180  34.415 0.0000000000
537  8.005  -79.330  33.911 0.0000000000
378  7.254  -81.188  33.814 0.0000000000
245  6.150  -81.164  34.468 0.0000000000
112566  7.396  -81.437  33.840 0.0000000000
150  7.978  -82.103  33.075 0.0000000000
3676  3.646  -67.989  34.945 0.0000000000
3677  2.612  -67.462  35.903 0.0000000000
3332  2.892  -68.639  34.887 0.0000000000
3342  3.793  -68.440  33.790 0.0000000000
111513  7.630  -61.382  39.124 0.0000000000
6085  7.203  -61.768  35.339 0.0000000000
6056  8.022  -62.299  36.797 0.0000000000
118826  6.995  -63.233  35.110 0.0000000000
114752  4.384  -62.030  31.142 0.0000000000
6642  4.854  -62.087  32.016 0.0000000000
6128  4.891  -62.643  31.136 0.0000000000
5039  4.931  -64.412  31.435 0.0000000000
5551  5.327  -63.494  32.444 0.0000000000
5032  5.266  -64.363  32.239 0.0000000000
5016  6.002  -64.506  33.450 0.0000000000
4539  5.749  -65.223  33.064 0.0000000000
4100  5.643  -66.396  33.104 0.0000000000
4109  2.491  -67.001  30.898 0.0000000000
3707  2.954  -67.146  31.354 0.0000000000
3708  2.626  -67.606  31.362 0.0000000000
3700  2.647  -68.458  32.232 0.0000000000
3361  2.578  -68.220  31.467 0.0000000000
109944  3.184  -70.375  31.076 0.0000000000
3058  2.899  -69.348  31.071 0.0000000000
3072  2.718  -70.658  28.527 0.0000000000
103718  5.947  -52.547  44.136 0.0000000000
12238  1.459  -50.278  44.040 0.0000000000
12225  1.985  -50.374  44.770 0.0000000000
12226  1.030  -50.394  44.875 0.0000000000
11638  0.254  -50.923  45.185 0.0000000000
11654  -0.329  -50.948  44.517 0.0000000000
11140  -0.532  -51.555  43.484 0.0000000000
12240  -0.468  -50.832  43.261 0.0000000000
12276  -0.427  -49.928  41.260 0.0000000000
11697  -0.782  -51.093  41.532 0.0000000000
107440  -0.888  -50.587  40.390 0.0000000000
11715  -0.795  -51.338  40.385 0.0000000000
12298  -1.015  -49.969  39.787 0.0000000000
12931  2.146  -47.984  39.579 0.0000000000
12911  1.721  -48.492  40.131 0.0000000000
12932  0.995  -47.965  39.112 0.0000000000
12314  0.036  -49.344  38.263 0.0000000000
11731  -0.308  -50.293  38.437 0.0000000000
116103  -0.719  -50.729  38.601 0.0000000000
11714  0.540  -51.229  38.945 0.0000000000
11198  0.167  -51.683  38.340 0.0000000000
11182  0.962  -51.829  39.273 0.0000000000
13558  8.686  -47.852  38.925 0.0000000000
12941  9.097  -49.284  37.795 0.0000000000
12955  9.634  -48.923  36.343 0.0000000000
13608  8.050  -47.741  33.028 0.0000000000
13602  8.574  -46.721  34.321 0.0000000000
99558  6.714  -46.128  33.267 0.0000000000
98157  5.982  -46.473  33.988 0.0000000000
12990  5.519  -47.808  34.725 0.0000000000
21128  24.601  -37.179  33.815 0.0000000000
21849  24.994  -36.196  33.550 0.0000000000
108030  25.278  -35.553  32.658 0.0000000000
21848  24.989  -36.167  32.405 0.0000000000
21862  25.008  -35.632  31.272 0.0000000000
21873  24.503  -36.034  30.563 0.0000000000
101718  20.631  -30.696  32.314 0.0000000000
26203  22.177  -30.772  32.918 0.0000000000
111505  22.734  -31.035  33.566 0.0000000000
25475  24.185  -31.753  33.597 0.0000000000
24757  24.808  -32.122  32.956 0.0000000000
101276  25.517  -32.876  31.726 0.0000000000
24016  25.603  -33.561  31.538 0.0000000000
23353  25.754  -34.603  30.764 0.0000000000
21872  25.112  -35.613  30.687 0.0000000000
21891  25.943  -35.886  30.586 0.0000000000
22662  26.645  -35.443  30.380 0.0000000000
23356  27.429  -34.522  29.384 0.0000000000
22676  27.392  -35.431  29.445 0.0000000000
26241  25.404  -29.231  30.046 0.0000000000
108218  25.495  -29.866  29.977 0.0000000000
110813  25.966  -29.929  29.700 0.0000000000
24043  27.310  -32.415  27.279 0.0000000000
25531  24.881  -30.616  25.610 0.0000000000
26283  24.713  -29.404  25.955 0.0000000000
27035  25.181  -26.570  29.027 0.0000000000
27785  23.895  -26.621  28.500 0.0000000000
104035  21.388  -26.098  27.191 0.0000000000
28570  23.284  -26.422  27.354 0.0000000000
28586  22.376  -26.854  26.207 0.0000000000
107149  22.578  -27.530  25.719 0.0000000000
1587  13.562  -75.147  41.468 0.0000000000
112350  10.165  -76.260  43.408 0.0000000000
115822  10.631  -75.970  43.334 0.0000000000
1114  11.196  -76.629  42.980 0.0000000000
867  13.415  -77.947  42.295 0.0000000000
1112  13.015  -77.415  42.430 0.0000000000
1111  13.772  -77.541  42.297 0.0000000000
116070  14.133  -76.674  42.088 0.0000000000
1110  14.438  -77.156  42.017 0.0000000000
1109  15.217  -76.345  42.360 0.0000000000
911  15.557  -78.022  37.589 0.0000000000
910  16.334  -78.524  37.523 0.0000000000
685  17.011  -79.427  36.871 0.0000000000
684  17.585  -79.580  36.714 0.0000000000
107362  16.559  -79.238  36.614 0.0000000000
1385  13.091  -75.597  37.203 0.0000000000
1384  14.042  -75.945  36.966 0.0000000000
117125  14.120  -75.891  36.195 0.0000000000
937  15.232  -78.127  33.277 0.0000000000
1172  15.067  -77.882  35.121 0.0000000000
701  16.588  -79.377  33.583 0.0000000000
700  17.101  -80.189  33.131 0.0000000000
542  16.422  -79.781  32.394 0.0000000000
387  16.190  -80.750  31.298 0.0000000000
386  17.559  -80.952  31.291 0.0000000000
250  16.812  -81.797  31.259 0.0000000000
255  17.511  -82.437  30.216 0.0000000000
1210  16.464  -76.502  29.861 0.0000000000
969  16.085  -77.097  28.436 0.0000000000
714  18.685  -79.505  30.381 0.0000000000
715  18.028  -78.656  30.147 0.0000000000
561  18.264  -79.818  28.771 0.0000000000
557  18.512  -79.974  29.753 0.0000000000
109608  15.496  -80.867  27.070 0.0000000000
418  16.039  -80.410  26.477 0.0000000000
429  15.385  -80.112  25.877 0.0000000000
448  15.227  -80.107  22.869 0.0000000000
609  16.132  -79.696  23.181 0.0000000000
116261  17.555  -80.421  22.239 0.0000000000
106104  18.162  -80.685  22.297 0.0000000000
316  18.054  -81.263  22.290 0.0000000000
9  18.417  -83.430  23.814 0.0000000000
195  17.663  -83.266  23.443 0.0000000000
188  18.888  -83.201  24.796 0.0000000000
117545  18.676  -82.678  24.376 0.0000000000
182  19.192  -82.909  25.180 0.0000000000
181  20.402  -82.169  25.611 0.0000000000
82  20.418  -82.911  25.131 0.0000000000
99917  21.981  -81.890  24.373 0.0000000000
445  23.699  -79.888  24.023 0.0000000000
99214  24.455  -79.401  19.074 0.0000000000
98125  24.488  -80.390  18.521 0.0000000000
349  23.843  -80.810  16.402 0.0000000000
99163  24.299  -80.133  16.498 0.0000000000
497  24.571  -80.416  14.166 0.0000000000
498  22.889  -80.524  14.485 0.0000000000
364  20.342  -82.512  12.465 0.0000000000
363  21.325  -82.075  12.754 0.0000000000
515  22.155  -80.819  12.172 0.0000000000
519  22.657  -80.314  11.087 0.0000000000
117597  23.042  -79.923  10.644 0.0000000000
110204  22.481  -79.845  10.428 0.0000000000
862  20.696  -78.477  11.730 0.0000000000
1103  21.136  -77.845  10.659 0.0000000000
1101  20.825  -77.356  10.955 0.0000000000
1339  20.940  -76.814  10.825 0.0000000000
1335  20.835  -76.290  11.486 0.0000000000
1775  12.063  -74.218  14.200 0.0000000000
1768  16.147  -74.877  14.309 0.0000000000
1767  16.188  -74.913  16.144 0.0000000000
1534  18.965  -75.949  17.076 0.0000000000
1541  18.761  -76.796  16.167 0.0000000000
1325  19.054  -77.510  15.300 0.0000000000
1319  19.371  -76.675  15.687 0.0000000000
1083  19.471  -77.688  14.612 0.0000000000
104153  20.214  -76.486  14.705 0.0000000000
117201  21.059  -74.468  15.069 0.0000000000
1546  20.859  -75.226  14.529 0.0000000000
1778  21.318  -74.434  14.216 0.0000000000
108581  21.456  -74.340  13.259 0.0000000000
2025  21.689  -73.819  13.923 0.0000000000
2018  21.827  -73.113  14.565 0.0000000000
110793  21.248  -71.186  19.442 0.0000000000
3156  14.687  -69.092  18.507 0.0000000000
3155  15.596  -68.999  18.158 0.0000000000
3146  15.254  -68.831  19.149 0.0000000000
11834  0.718  -50.315  29.036 0.0000000000
101732  -0.195  -49.545  28.469 0.0000000000
11851  1.004  -51.183  28.500 0.0000000000
11327  1.044  -51.537  26.175 0.0000000000
11880  0.450  -50.612  26.525 0.0000000000
11894  0.096  -50.698  25.581 0.0000000000
11896  -1.767  -50.502  24.944 0.0000000000
11349  -0.303  -51.044  24.073 0.0000000000
10327  4.367  -54.496  23.564 0.0000000000
10307  2.902  -53.886  24.156 0.0000000000
10328  3.374  -54.430  23.581 0.0000000000
104757  0.956  -53.373  21.144 0.0000000000
10836  0.742  -52.578  22.531 0.0000000000
10837  -0.130  -52.023  21.764 0.0000000000
11371  -0.794  -51.777  22.126 0.0000000000
10838  -0.694  -52.088  21.497 0.0000000000
10345  -1.552  -52.681  21.529 0.0000000000
10846  -0.616  -52.508  20.785 0.0000000000
9897  -0.237  -55.173  18.367 0.0000000000
8808  2.115  -57.529  16.923 0.0000000000
8266  1.713  -57.876  16.496 0.0000000000
120140  1.909  -58.410  16.045 0.0000000000
7785  2.133  -59.342  15.250 0.0000000000
106814  3.208  -59.379  16.426 0.0000000000
7243  3.837  -60.447  20.402 0.0000000000
7732  3.307  -59.979  19.972 0.0000000000
119626  3.900  -60.844  19.968 0.0000000000
108439  5.438  -61.553  17.356 0.0000000000
6804  4.667  -61.253  17.821 0.0000000000
6816  4.939  -60.932  16.596 0.0000000000
7292  4.066  -59.913  14.881 0.0000000000
6826  4.836  -60.380  15.300 0.0000000000
6840  5.507  -59.985  12.993 0.0000000000
6825  5.609  -60.388  14.340 0.0000000000
6350  8.598  -62.379  14.611 0.0000000000
6365  7.441  -61.574  12.649 0.0000000000
6374  8.628  -62.698  12.572 0.0000000000
5794  8.221  -62.969  11.827 0.0000000000
5793  9.073  -63.420  12.247 0.0000000000
14979  8.175  -46.081  20.150 0.0000000000
14969  6.966  -47.040  20.768 0.0000000000
14398  7.302  -46.955  20.377 0.0000000000
103850  4.809  -49.273  19.772 0.0000000000
12590  3.034  -50.386  19.346 0.0000000000
12589  4.221  -50.090  19.290 0.0000000000
11466  4.506  -52.840  17.235 0.0000000000
12030  5.071  -51.977  17.532 0.0000000000
12031  3.800  -52.287  17.748 0.0000000000
11449  2.654  -52.677  18.430 0.0000000000
10891  2.750  -53.228  18.284 0.0000000000
10890  3.336  -53.519  18.775 0.0000000000
10402  3.874  -54.229  18.549 0.0000000000
9339  4.819  -56.379  17.327 0.0000000000
9893  5.143  -55.987  18.378 0.0000000000
9892  5.894  -56.227  18.978 0.0000000000
9874  6.624  -55.934  19.403 0.0000000000
116682  6.105  -57.473  18.320 0.0000000000
9922  6.088  -55.626  15.577 0.0000000000
9365  6.609  -56.167  14.926 0.0000000000
8279  7.605  -58.208  15.575 0.0000000000
8821  6.470  -57.742  14.994 0.0000000000
8264  7.831  -58.323  17.481 0.0000000000
8246  7.160  -58.180  17.876 0.0000000000
8263  8.715  -58.501  17.631 0.0000000000
8229  10.321  -58.104  19.257 0.0000000000
8262  9.651  -58.720  17.612 0.0000000000
7778  10.997  -59.479  15.841 0.0000000000
8260  11.050  -59.319  17.244 0.0000000000
7767  11.469  -59.715  17.008 0.0000000000
6788  11.242  -61.081  18.448 0.0000000000
7282  11.946  -60.402  16.782 0.0000000000
8309  11.380  -58.366  12.591 0.0000000000
101202  12.201  -58.364  12.401 0.0000000000
6862  12.389  -61.199  11.897 0.0000000000
6853  12.093  -60.896  12.709 0.0000000000
6837  12.998  -61.768  13.877 0.0000000000
6822  12.531  -61.713  15.680 0.0000000000
6362  12.776  -62.350  15.052 0.0000000000
6347  11.820  -63.046  15.842 0.0000000000
103665  13.044  -63.110  14.264 0.0000000000
5255  13.516  -64.564  11.639 0.0000000000
5237  12.305  -64.793  12.617 0.0000000000
5256  12.564  -65.426  11.380 0.0000000000
5258  10.529  -65.363  11.327 0.0000000000
4744  11.667  -65.957  10.468 0.0000000000
4312  11.579  -65.903  10.612 0.0000000000
4310  13.371  -66.135  11.009 0.0000000000
5254  15.985  -64.560  11.870 0.0000000000
4742  15.165  -65.970  11.846 0.0000000000
5235  15.815  -65.278  12.398 0.0000000000
116271  16.048  -65.161  13.273 0.0000000000
110416  16.362  -64.598  13.838 0.0000000000
6361  15.825  -61.694  14.556 0.0000000000
6345  16.048  -62.561  15.283 0.0000000000
6329  15.852  -62.535  16.228 0.0000000000
6315  15.572  -62.518  17.011 0.0000000000
6811  15.279  -61.514  16.610 0.0000000000
111777  16.932  -78.569  27.571 0.0000000000
982  16.353  -78.022  25.919 0.0000000000
732  17.001  -79.010  26.630 0.0000000000
747  16.342  -78.629  25.254 0.0000000000
761  16.783  -78.620  23.925 0.0000000000
9587  2.068  -55.783  42.859 0.0000000000
9006  1.366  -56.543  42.360 0.0000000000
8456  0.599  -56.667  41.819 0.0000000000
9040  0.305  -56.629  41.070 0.0000000000
108300  0.289  -56.961  40.063 0.0000000000
9609  0.165  -55.860  41.588 0.0000000000
10153  -0.390  -54.478  41.626 0.0000000000
16724  19.836  -42.994  34.704 0.0000000000
18206  20.456  -41.235  33.950 0.0000000000
18205  21.402  -41.515  34.104 0.0000000000
5192  6.604  -64.757  16.103 0.0000000000
4700  6.450  -65.179  16.725 0.0000000000
4711  8.014  -65.584  15.777 0.0000000000
4272  8.703  -66.229  14.944 0.0000000000
4271  9.296  -66.973  15.231 0.0000000000
3873  9.851  -67.370  14.699 0.0000000000
3880  9.940  -67.285  13.752 0.0000000000
3879  10.733  -67.353  13.620 0.0000000000
4288  11.960  -66.980  12.525 0.0000000000
14359  3.117  -47.461  23.473 0.0000000000
14361  0.884  -47.560  22.857 0.0000000000
14375  3.552  -47.498  22.404 0.0000000000
101150  3.062  -47.476  21.677 0.0000000000
14391  4.050  -47.649  21.284 0.0000000000
29420  20.486  -26.535  24.796 0.0000000000
104788  20.629  -26.648  23.869 0.0000000000
435  26.659  -79.430  24.063 0.0000000000
116126  27.103  -78.630  23.180 0.0000000000
602  26.920  -78.855  22.046 0.0000000000
629  27.550  -78.020  21.291 0.0000000000
797  27.453  -77.690  19.835 0.0000000000
804  27.840  -78.069  18.275 0.0000000000
100210  25.806  -78.488  17.953 0.0000000000
17497  8.154  -43.076  31.945 0.0000000000
17498  6.959  -42.870  31.665 0.0000000000
17499  6.541  -42.527  31.005 0.0000000000
16772  6.401  -42.743  29.328 0.0000000000
18265  6.449  -42.222  31.008 0.0000000000
18272  7.525  -41.214  29.571 0.0000000000
18282  7.394  -41.613  28.431 0.0000000000
102884  16.887  -30.370  23.591 0.0000000000
25546  16.957  -30.654  25.050 0.0000000000
25556  16.644  -30.500  24.393 0.0000000000
25557  15.999  -30.860  24.352 0.0000000000
24832  15.406  -31.594  23.969 0.0000000000
23431  8.845  -34.797  20.910 0.0000000000
22763  8.842  -35.500  21.442 0.0000000000
107569  8.895  -36.326  21.087 0.0000000000
1157  9.132  -76.991  37.232 0.0000000000
1177  9.751  -77.604  35.885 0.0000000000
104165  8.786  -77.207  36.467 0.0000000000
1166  7.692  -77.127  36.707 0.0000000000
916  6.812  -77.670  36.131 0.0000000000
2723  6.624  -70.786  33.076 0.0000000000
2422  7.346  -71.559  32.803 0.0000000000
113662  6.585  -71.304  32.410 0.0000000000
2126  6.695  -71.931  32.044 0.0000000000
2134  6.437  -72.820  31.814 0.0000000000
1882  5.859  -73.938  31.536 0.0000000000
2135  5.097  -73.403  31.333 0.0000000000
6129  1.057  -63.238  30.330 0.0000000000
6154  1.307  -63.257  29.465 0.0000000000
6155  0.689  -63.070  29.184 0.0000000000
6166  0.560  -63.321  28.280 0.0000000000
5598  0.525  -63.780  27.017 0.0000000000
5607  0.931  -64.278  26.454 0.0000000000
12889  9.154  -48.898  41.893 0.0000000000
12876  8.764  -49.479  42.412 0.0000000000
12890  8.747  -49.185  41.986 0.0000000000
11726  8.059  -51.467  39.751 0.0000000000
108986  6.782  -50.849  39.447 0.0000000000
12929  5.719  -49.128  39.717 0.0000000000
12928  6.481  -49.827  39.235 0.0000000000
12943  7.028  -49.326  38.430 0.0000000000
13560  6.533  -47.699  38.043 0.0000000000
28492  20.480  -27.073  32.097 0.0000000000
100103  19.137  -26.267  32.240 0.0000000000
29290  20.244  -25.755  32.224 0.0000000000
29314  20.432  -25.477  31.785 0.0000000000
29332  20.891  -25.818  31.507 0.0000000000
1372  5.891  -75.398  41.491 0.0000000000
1124  6.402  -76.059  41.764 0.0000000000
891  6.737  -77.817  41.300 0.0000000000
898  6.831  -78.211  40.981 0.0000000000
1137  9.317  -77.252  39.295 0.0000000000
1138  8.272  -77.377  39.239 0.0000000000
1148  8.741  -77.263  38.306 0.0000000000
2022  13.413  -72.361  14.993 0.0000000000
2275  12.627  -71.776  13.143 0.0000000000
2274  14.061  -72.265  13.628 0.0000000000
114431  14.306  -72.372  12.903 0.0000000000
2291  15.000  -72.345  12.871 0.0000000000
2032  16.464  -72.435  12.706 0.0000000000
2281  16.611  -71.349  13.363 0.0000000000
2560  17.067  -71.132  14.329 0.0000000000
2874  17.113  -70.653  15.339 0.0000000000
2861  17.445  -70.154  16.857 0.0000000000
2866  17.083  -70.107  16.140 0.0000000000
3161  16.689  -69.530  17.150 0.0000000000
105114  17.092  -69.307  18.554 0.0000000000
11827  -1.693  -50.986  30.587 0.0000000000
12439  -1.808  -49.924  29.399 0.0000000000
9779  9.412  -54.801  23.061 0.0000000000
9780  8.610  -55.001  23.221 0.0000000000
9808  9.210  -55.671  22.858 0.0000000000
9266  8.859  -56.615  22.765 0.0000000000
8727  8.020  -57.318  22.483 0.0000000000
8196  7.843  -58.674  21.900 0.0000000000
8186  8.389  -58.074  22.272 0.0000000000
7711  9.514  -59.242  21.433 0.0000000000
7728  10.124  -59.433  20.895 0.0000000000
1681  19.455  -74.424  25.668 0.0000000000
1000  20.048  -77.479  25.304 0.0000000000
108229  20.602  -77.520  26.086 0.0000000000
746  20.796  -78.358  26.439 0.0000000000
745  21.233  -78.496  26.921 0.0000000000
738  22.742  -78.591  27.034 0.0000000000
731  22.994  -78.965  27.177 0.0000000000
566  22.936  -79.445  27.197 0.0000000000
115419  22.756  -80.283  27.038 0.0000000000
108751  22.825  -81.033  26.241 0.0000000000
28648  12.154  -28.045  18.753 0.0000000000
104982  11.956  -28.643  19.380 0.0000000000
27865  11.123  -28.322  19.781 0.0000000000
27866  10.322  -27.940  20.401 0.0000000000
27120  6.972  -30.609  20.956 0.0000000000
26342  7.509  -31.138  20.918 0.0000000000
106440  6.979  -30.663  20.735 0.0000000000
26352  7.541  -31.021  20.564 0.0000000000
118427  5.908  -69.268  36.632 0.0000000000
3314  5.843  -68.524  36.597 0.0000000000
3315  4.556  -68.771  36.773 0.0000000000
3316  3.703  -68.725  36.551 0.0000000000
7967  6.088  -59.003  41.917 0.0000000000
7483  5.641  -59.303  40.309 0.0000000000
7484  4.464  -59.328  39.962 0.0000000000
7498  1.636  -59.505  39.522 0.0000000000
7514  2.020  -59.709  38.733 0.0000000000
7023  1.680  -60.348  37.417 0.0000000000
7057  1.418  -61.216  36.010 0.0000000000
6602  1.130  -62.754  35.016 0.0000000000
6074  0.212  -63.073  35.155 0.0000000000
6088  -0.413  -62.928  34.560 0.0000000000
6615  -0.306  -61.838  33.808 0.0000000000
7084  -0.170  -60.615  34.131 0.0000000000
7566  -0.015  -59.619  34.473 0.0000000000
9085  -0.797  -55.067  35.785 0.0000000000
9097  -0.564  -55.320  35.032 0.0000000000
110420  14.048  -45.723  38.772 0.0000000000
110138  12.346  -45.524  39.384 0.0000000000
15376  10.464  -44.469  39.517 0.0000000000
109995  11.926  -43.792  39.302 0.0000000000
16027  11.906  -43.348  39.040 0.0000000000
16685  11.969  -43.300  38.899 0.0000000000
17434  15.482  -41.711  36.502 0.0000000000
16710  14.298  -42.911  37.109 0.0000000000
17435  14.772  -42.504  36.482 0.0000000000
16719  14.266  -43.383  35.755 0.0000000000
106504  13.491  -44.942  35.361 0.0000000000
18942  19.436  -39.621  33.073 0.0000000000
18241  19.084  -40.422  32.647 0.0000000000
18962  19.592  -39.846  32.369 0.0000000000
111136  20.009  -39.407  32.055 0.0000000000
18248  20.340  -40.773  30.742 0.0000000000
19707  22.082  -38.491  30.144 0.0000000000
98143  5.661  -71.560  19.817 0.0000000000
101961  8.384  -69.142  19.440 0.0000000000
115002  7.859  -69.512  20.250 0.0000000000
3138  8.538  -69.850  20.537 0.0000000000
2533  9.662  -71.683  20.724 0.0000000000
113295  10.361  -72.811  19.508 0.0000000000
113148  10.411  -72.268  18.009 0.0000000000
1994  11.211  -72.826  19.418 0.0000000000
2248  11.674  -72.608  19.940 0.0000000000
2247  12.456  -72.427  19.625 0.0000000000
2541  12.702  -71.669  19.933 0.0000000000
2530  12.164  -71.044  20.538 0.0000000000
116054  11.954  -70.228  20.758 0.0000000000
3439  11.652  -68.095  21.261 0.0000000000
4688  12.153  -65.641  18.294 0.0000000000
4686  13.915  -65.416  17.880 0.0000000000
4676  13.696  -65.293  18.785 0.0000000000
5154  14.066  -64.356  19.507 0.0000000000
103517  14.510  -63.927  18.961 0.0000000000
6297  14.578  -62.495  18.556 0.0000000000
13056  3.285  -49.522  29.438 0.0000000000
12422  4.197  -50.817  30.802 0.0000000000
12437  3.992  -50.247  30.058 0.0000000000
110381  4.639  -50.424  29.346 0.0000000000
110622  5.337  -50.652  28.247 0.0000000000
12534  4.978  -50.498  23.488 0.0000000000
12519  5.547  -50.498  24.319 0.0000000000
112403  6.191  -50.500  23.484 0.0000000000
12533  7.150  -50.608  23.073 0.0000000000
12532  8.066  -50.654  23.634 0.0000000000
103622  8.711  -50.978  23.082 0.0000000000
11934  7.782  -51.367  21.837 0.0000000000
11388  7.998  -52.045  21.292 0.0000000000
11410  7.321  -52.390  20.810 0.0000000000
25544  22.007  -31.698  23.987 0.0000000000
25552  21.397  -31.344  23.462 0.0000000000
109275  20.901  -28.259  22.108 0.0000000000
27082  20.768  -29.089  22.041 0.0000000000
26332  19.011  -30.098  21.691 0.0000000000
1079  27.017  -77.594  14.801 0.0000000000
109203  26.876  -77.169  15.492 0.0000000000
843  25.988  -78.113  14.171 0.0000000000
844  24.575  -78.676  14.341 0.0000000000
845  23.721  -78.348  14.268 0.0000000000
1095  23.266  -78.286  12.884 0.0000000000
4727  2.567  -65.025  13.736 0.0000000000
5245  3.674  -65.148  13.243 0.0000000000
4737  4.594  -65.718  12.913 0.0000000000
105659  3.984  -63.990  13.426 0.0000000000
6378  5.171  -61.826  13.083 0.0000000000
15457  5.131  -44.767  33.048 0.0000000000
14851  4.087  -45.202  33.200 0.0000000000
14852  3.806  -46.330  32.865 0.0000000000
14270  3.549  -47.162  32.982 0.0000000000
14845  2.927  -46.435  33.126 0.0000000000
14846  1.783  -46.612  33.204 0.0000000000
14262  0.566  -46.657  33.328 0.0000000000
14272  -0.187  -46.792  32.607 0.0000000000
14853  -0.016  -46.147  33.198 0.0000000000
15449  -0.215  -45.580  31.601 0.0000000000
14864  -0.421  -45.619  30.136 0.0000000000
16787  3.496  -43.871  27.871 0.0000000000
16774  2.342  -43.791  27.911 0.0000000000
15499  3.479  -44.001  27.771 0.0000000000
15512  4.634  -44.382  26.809 0.0000000000
15515  4.649  -45.271  25.921 0.0000000000
15516  3.757  -45.855  25.392 0.0000000000
16166  4.653  -45.393  25.458 0.0000000000
106384  5.454  -45.003  25.202 0.0000000000
101627  6.023  -45.913  25.328 0.0000000000
20465  13.516  -38.149  28.445 0.0000000000
24850  12.586  -31.957  22.699 0.0000000000
24851  12.150  -32.700  22.420 0.0000000000
107600  10.768  -36.840  23.470 0.0000000000
21979  11.040  -36.081  23.958 0.0000000000
21235  11.735  -36.778  24.120 0.0000000000
20479  12.149  -38.179  27.300 0.0000000000
19750  12.360  -38.763  26.356 0.0000000000
19751  11.842  -39.024  26.639 0.0000000000
19752  10.749  -39.070  26.803 0.0000000000
19753  9.689  -39.110  26.845 0.0000000000
19019  10.211  -39.731  26.350 0.0000000000
19032  9.557  -40.421  25.894 0.0000000000
17553  11.822  -42.646  24.775 0.0000000000
16811  11.837  -43.387  24.477 0.0000000000
110054  11.434  -44.030  24.828 0.0000000000
16172  11.058  -44.730  25.111 0.0000000000
119384  10.171  -45.908  25.254 0.0000000000
15522  11.335  -45.492  24.699 0.0000000000
14944  12.293  -46.575  23.671 0.0000000000
14357  12.715  -46.578  22.933 0.0000000000
252  15.125  -81.600  31.476 0.0000000000
152  15.741  -82.908  31.589 0.0000000000
253  14.186  -81.093  31.398 0.0000000000
246  14.439  -82.388  31.867 0.0000000000
148  13.782  -81.920  31.941 0.0000000000
372  11.041  -81.334  34.686 0.0000000000
138  11.102  -81.972  34.394 0.0000000000
43  11.433  -82.687  33.376 0.0000000000
100767  11.135  -83.136  32.021 0.0000000000
59  11.349  -83.118  30.359 0.0000000000
111166  10.818  -83.297  31.214 0.0000000000
53  10.245  -83.314  31.653 0.0000000000
54  9.150  -83.311  31.707 0.0000000000
1641  5.259  -74.854  36.175 0.0000000000
112039  5.362  -75.380  35.892 0.0000000000
1404  6.055  -75.417  35.413 0.0000000000
1187  7.064  -77.142  34.711 0.0000000000
1195  8.994  -76.789  32.357 0.0000000000
114688  9.149  -76.938  33.414 0.0000000000
709  9.110  -78.482  32.420 0.0000000000
4510  2.621  -65.549  34.703 0.0000000000
4517  3.735  -66.358  34.702 0.0000000000
4081  4.749  -67.201  34.471 0.0000000000
112269  7.218  -60.270  37.024 0.0000000000
7019  8.020  -60.893  37.412 0.0000000000
7035  7.083  -60.598  36.118 0.0000000000
6587  6.565  -61.335  34.744 0.0000000000
6610  6.323  -61.798  34.270 0.0000000000
5585  4.276  -63.533  29.185 0.0000000000
116624  4.847  -62.902  30.356 0.0000000000
5052  4.539  -64.404  29.609 0.0000000000
4557  4.449  -65.295  30.164 0.0000000000
4549  4.628  -65.334  31.007 0.0000000000
4107  4.448  -66.315  31.261 0.0000000000
4115  4.098  -66.165  30.521 0.0000000000
3719  2.268  -67.894  29.589 0.0000000000
110753  2.446  -68.803  29.355 0.0000000000
3375  1.965  -68.774  28.506 0.0000000000
11163  6.475  -52.310  42.167 0.0000000000
11135  7.193  -52.382  43.476 0.0000000000
11151  6.114  -52.393  42.925 0.0000000000
11666  5.294  -51.755  43.202 0.0000000000
11138  5.004  -51.980  44.145 0.0000000000
11668  3.636  -50.687  43.664 0.0000000000
11669  2.608  -50.329  43.694 0.0000000000
120766  0.841  -50.250  43.498 0.0000000000
12239  0.071  -50.464  43.433 0.0000000000
12256  0.604  -50.153  42.619 0.0000000000
12275  0.111  -49.722  41.619 0.0000000000
117737  0.330  -49.205  40.990 0.0000000000
13563  2.138  -47.171  37.852 0.0000000000
13550  1.241  -47.586  38.374 0.0000000000
12960  1.184  -47.638  37.000 0.0000000000
12946  1.043  -48.301  37.307 0.0000000000
12313  1.121  -49.868  38.048 0.0000000000
12954  9.860  -48.997  36.305 0.0000000000
117835  9.351  -49.313  35.453 0.0000000000
12975  9.573  -49.177  34.161 0.0000000000
22615  24.922  -35.367  34.114 0.0000000000
23324  24.507  -34.134  34.501 0.0000000000
22614  25.068  -34.539  33.792 0.0000000000
23331  24.941  -33.509  33.782 0.0000000000
26947  19.511  -30.150  32.111 0.0000000000
26223  20.066  -30.570  32.091 0.0000000000
26222  22.605  -30.562  31.993 0.0000000000
25488  23.933  -31.069  32.943 0.0000000000
25487  24.423  -31.496  32.783 0.0000000000
25486  24.750  -31.709  31.983 0.0000000000
106099  25.562  -32.974  30.837 0.0000000000
23352  26.449  -34.529  30.368 0.0000000000
117002  25.947  -33.023  30.233 0.0000000000
24023  26.766  -33.521  29.993 0.0000000000
24029  27.265  -32.800  29.377 0.0000000000
26248  25.754  -28.671  29.548 0.0000000000
24786  26.397  -29.747  29.160 0.0000000000
24791  26.778  -29.714  28.049 0.0000000000
24044  27.159  -31.400  26.895 0.0000000000
24056  26.651  -31.983  25.971 0.0000000000
30259  21.062  -24.816  28.710 0.0000000000
29375  21.910  -25.658  28.223 0.0000000000
1588  12.180  -75.219  41.648 0.0000000000
109323  11.089  -77.784  42.243 0.0000000000
869  11.717  -77.484  42.473 0.0000000000
876  12.084  -77.880  42.163 0.0000000000
875  13.015  -78.065  42.081 0.0000000000
874  13.800  -78.103  41.937 0.0000000000
1123  14.463  -77.300  41.910 0.0000000000
903  15.460  -77.628  38.195 0.0000000000
1408  13.252  -75.792  34.840 0.0000000000
1400  14.166  -75.917  34.792 0.0000000000
1183  13.846  -76.107  34.162 0.0000000000
116127  14.505  -77.428  33.495 0.0000000000
707  15.016  -78.183  32.656 0.0000000000
543  15.442  -78.942  32.202 0.0000000000
388  15.124  -80.516  31.460 0.0000000000
110150  17.347  -77.556  30.922 0.0000000000
955  17.842  -78.179  30.730 0.0000000000
946  18.119  -78.272  31.488 0.0000000000
710  19.063  -79.833  31.936 0.0000000000
539  19.556  -81.081  32.235 0.0000000000
408  14.294  -80.714  27.253 0.0000000000
430  14.301  -80.191  25.800 0.0000000000
581  13.836  -80.058  24.862 0.0000000000
599  14.476  -80.011  23.459 0.0000000000
319  15.262  -80.762  22.230 0.0000000000
90  20.074  -83.506  24.821 0.0000000000
238  18.940  -83.460  13.478 0.0000000000
365  19.388  -82.621  12.263 0.0000000000
119226  19.888  -81.753  11.962 0.0000000000
521  20.832  -80.923  11.510 0.0000000000
516  20.029  -81.117  11.790 0.0000000000
674  20.598  -79.911  12.034 0.0000000000
110782  20.539  -77.616  12.018 0.0000000000
119454  17.093  -74.618  17.643 0.0000000000
1758  17.673  -74.357  18.176 0.0000000000
1526  18.860  -75.336  18.011 0.0000000000
1533  19.902  -75.263  17.213 0.0000000000
1547  20.286  -75.615  15.620 0.0000000000
1766  20.460  -74.901  16.478 0.0000000000
116053  20.954  -74.212  15.832 0.0000000000
102058  21.250  -73.445  15.996 0.0000000000
2019  21.571  -73.051  15.370 0.0000000000
2263  21.514  -72.554  16.062 0.0000000000
2552  21.627  -71.867  16.477 0.0000000000
3113  14.845  -69.327  22.002 0.0000000000
3411  15.947  -68.468  23.450 0.0000000000
10753  1.919  -52.952  28.472 0.0000000000
117930  1.196  -51.659  27.949 0.0000000000
10763  2.001  -53.117  27.631 0.0000000000
11326  1.600  -52.419  25.906 0.0000000000
10808  1.611  -52.553  24.954 0.0000000000
9813  3.323  -55.386  22.489 0.0000000000
9785  2.905  -54.774  22.951 0.0000000000
9814  2.524  -54.984  22.230 0.0000000000
9831  1.515  -54.382  20.916 0.0000000000
10353  0.615  -53.289  19.942 0.0000000000
10869  -0.133  -52.826  20.054 0.0000000000
10375  0.746  -53.741  19.014 0.0000000000
116111  0.799  -54.252  18.618 0.0000000000
9895  0.963  -55.384  17.769 0.0000000000
9354  0.954  -56.183  17.283 0.0000000000
9340  1.388  -56.186  17.462 0.0000000000
8799  1.949  -56.824  17.411 0.0000000000
8247  2.717  -58.358  17.527 0.0000000000
6774  5.660  -61.761  19.792 0.0000000000
112169  4.962  -61.654  19.795 0.0000000000
6286  6.178  -62.054  19.184 0.0000000000
115121  5.886  -61.963  17.806 0.0000000000
116129  6.141  -61.855  17.055 0.0000000000
6814  6.455  -61.702  16.025 0.0000000000
6335  7.168  -62.143  16.345 0.0000000000
119394  9.610  -62.858  14.662 0.0000000000
11464  6.648  -52.511  17.197 0.0000000000
102972  5.021  -53.313  16.737 0.0000000000
10919  3.741  -53.640  16.735 0.0000000000
10419  3.065  -54.352  17.346 0.0000000000
10445  3.566  -54.700  16.247 0.0000000000
9924  3.982  -55.268  15.970 0.0000000000
9353  4.559  -56.461  15.979 0.0000000000
9363  9.424  -56.337  15.548 0.0000000000
9376  7.517  -56.361  14.686 0.0000000000
8834  7.773  -56.984  13.701 0.0000000000
8826  7.864  -57.419  13.797 0.0000000000
8289  8.149  -58.316  14.982 0.0000000000
117587  9.247  -58.892  16.449 0.0000000000
8287  9.595  -59.079  14.834 0.0000000000
8295  9.733  -58.840  13.818 0.0000000000
7783  10.445  -59.469  14.711 0.0000000000
117650  14.132  -58.443  11.997 0.0000000000
8308  12.698  -59.478  11.677 0.0000000000
7799  13.356  -59.962  11.399 0.0000000000
7316  12.436  -60.828  11.709 0.0000000000
6861  13.061  -61.889  11.659 0.0000000000
115342  13.378  -63.250  13.370 0.0000000000
6395  13.742  -62.521  11.438 0.0000000000
5820  14.145  -63.496  11.339 0.0000000000
107922  14.401  -64.022  11.071 0.0000000000
4757  14.146  -65.334  11.122 0.0000000000
5822  14.751  -63.956  10.850 0.0000000000
5819  15.917  -63.602  11.435 0.0000000000
6389  16.332  -62.714  11.739 0.0000000000
1445  16.837  -75.547  26.275 0.0000000000
1452  17.634  -75.657  25.985 0.0000000000
1229  17.474  -76.309  25.464 0.0000000000
1237  18.154  -76.616  25.143 0.0000000000
1004  16.911  -77.498  24.831 0.0000000000
1003  17.625  -77.328  24.546 0.0000000000
751  19.743  -77.967  24.121 0.0000000000
586  20.028  -78.878  23.792 0.0000000000
446  20.087  -79.905  23.833 0.0000000000
118545  3.226  -57.836  42.600 0.0000000000
7963  2.490  -58.264  41.818 0.0000000000
7983  1.653  -58.938  40.658 0.0000000000
7972  1.213  -58.518  41.103 0.0000000000
7487  1.356  -59.226  40.126 0.0000000000
7515  0.894  -59.791  39.011 0.0000000000
7530  0.208  -59.840  38.257 0.0000000000
7540  -0.061  -59.955  37.309 0.0000000000
107633  -0.262  -59.047  37.519 0.0000000000
8017  -0.154  -58.246  37.946 0.0000000000
102398  0.133  -55.889  40.136 0.0000000000
9058  0.088  -56.600  38.855 0.0000000000
9072  -0.319  -55.938  37.383 0.0000000000
9655  -0.799  -54.147  37.693 0.0000000000
10195  -1.133  -52.881  37.336 0.0000000000
15407  18.108  -44.604  35.990 0.0000000000
16050  16.655  -43.357  37.941 0.0000000000
16036  16.036  -43.352  38.411 0.0000000000
16698  16.993  -42.541  37.920 0.0000000000
17400  16.582  -41.927  38.092 0.0000000000
18170  16.839  -41.484  37.262 0.0000000000
120459  18.537  -41.957  35.467 0.0000000000
17416  17.426  -41.460  36.750 0.0000000000
104005  16.253  -41.266  36.898 0.0000000000
17433  16.334  -41.282  35.988 0.0000000000
17451  16.546  -41.561  35.067 0.0000000000
17463  16.831  -42.251  34.132 0.0000000000
18224  18.435  -40.832  33.974 0.0000000000
103978  19.401  -39.916  33.240 0.0000000000
18941  19.702  -39.291  33.006 0.0000000000
19678  20.998  -38.981  32.849 0.0000000000
19676  23.067  -39.058  33.357 0.0000000000
105096  5.294  -68.884  16.777 0.0000000000
3848  5.498  -67.444  17.129 0.0000000000
3836  5.853  -66.910  18.095 0.0000000000
4243  6.653  -66.668  18.246 0.0000000000
4689  6.696  -65.532  17.265 0.0000000000
4250  7.015  -66.038  17.800 0.0000000000
3469  7.751  -68.375  19.137 0.0000000000
3468  8.769  -68.861  18.593 0.0000000000
3467  9.650  -69.031  18.385 0.0000000000
3466  10.138  -68.924  18.537 0.0000000000
3456  10.357  -68.909  19.508 0.0000000000
3831  10.362  -68.319  18.202 0.0000000000
101418  10.516  -67.875  17.585 0.0000000000
106662  11.515  -66.856  16.597 0.0000000000
3861  11.140  -67.464  15.212 0.0000000000
119433  11.532  -67.154  15.774 0.0000000000
4259  12.337  -66.048  16.671 0.0000000000
4258  12.968  -66.043  15.916 0.0000000000
118988  14.459  -65.734  15.367 0.0000000000
4710  15.275  -65.596  15.091 0.0000000000
13712  2.734  -48.549  26.863 0.0000000000
13111  3.040  -49.290  26.655 0.0000000000
13118  2.173  -48.708  26.035 0.0000000000
118983  3.092  -50.052  24.842 0.0000000000
12521  3.208  -50.246  24.125 0.0000000000
103805  0.716  -48.428  23.127 0.0000000000
13133  1.830  -49.470  23.609 0.0000000000
12536  2.857  -50.237  23.143 0.0000000000
12555  4.039  -50.509  22.661 0.0000000000
12567  3.207  -50.812  21.711 0.0000000000
11959  2.331  -51.218  20.750 0.0000000000
27061  22.851  -28.987  24.698 0.0000000000
27063  22.196  -29.037  23.752 0.0000000000
29427  20.997  -27.086  23.114 0.0000000000
28605  21.080  -27.656  22.525 0.0000000000
28618  20.587  -27.627  21.850 0.0000000000
1011  24.791  -77.145  23.555 0.0000000000
1243  25.659  -76.916  23.083 0.0000000000
1010  26.698  -77.308  23.805 0.0000000000
1242  27.400  -77.166  23.275 0.0000000000
1241  28.014  -77.355  23.004 0.0000000000
756  27.738  -78.140  22.956 0.0000000000
764  28.992  -78.017  22.299 0.0000000000
1017  29.290  -77.156  21.976 0.0000000000
1023  29.960  -76.976  21.382 0.0000000000
102924  29.098  -76.222  19.140 0.0000000000
1531  28.710  -76.364  18.415 0.0000000000
1304  28.656  -76.645  17.656 0.0000000000
1315  28.147  -76.787  16.931 0.0000000000
1064  28.124  -77.225  16.634 0.0000000000
115039  28.170  -77.902  17.702 0.0000000000
823  28.030  -78.030  16.002 0.0000000000
831  27.130  -78.328  15.094 0.0000000000
657  27.071  -79.031  14.206 0.0000000000
114324  26.960  -79.111  13.981 0.0000000000
512  25.777  -79.744  13.192 0.0000000000
15445  5.572  -43.382  33.085 0.0000000000
16099  4.775  -42.969  33.170 0.0000000000
16108  3.860  -43.372  32.465 0.0000000000
16109  2.511  -44.505  30.971 0.0000000000
16132  3.875  -43.652  29.400 0.0000000000
101279  5.680  -43.085  29.333 0.0000000000
120326  4.368  -43.693  28.479 0.0000000000
17522  5.051  -42.827  26.485 0.0000000000
17547  5.118  -42.321  25.644 0.0000000000
17546  5.246  -41.611  25.221 0.0000000000
106254  10.154  -33.386  21.763 0.0000000000
21980  10.209  -36.173  23.356 0.0000000000
21245  11.487  -37.780  23.495 0.0000000000
20512  12.104  -38.792  23.473 0.0000000000
19781  12.286  -39.620  23.612 0.0000000000
19041  12.363  -40.263  24.756 0.0000000000
19046  12.447  -40.441  23.937 0.0000000000
695  12.079  -78.147  34.262 0.0000000000
535  12.404  -79.565  33.421 0.0000000000
536  11.835  -79.123  33.958 0.0000000000
528  11.178  -79.694  34.376 0.0000000000
697  10.544  -79.145  34.767 0.0000000000
529  10.343  -80.099  34.820 0.0000000000
369  10.247  -81.096  35.506 0.0000000000
105888  8.914  -81.100  36.098 0.0000000000
239  8.441  -81.340  35.950 0.0000000000
1867  7.358  -72.917  35.059 0.0000000000
1639  8.203  -74.021  34.690 0.0000000000
1866  8.170  -73.415  34.428 0.0000000000
1875  8.034  -73.310  32.686 0.0000000000
1196  8.636  -75.971  32.300 0.0000000000
102853  5.529  -74.782  31.151 0.0000000000
103446  3.668  -60.949  33.391 0.0000000000
7097  4.369  -61.020  32.876 0.0000000000
118847  3.854  -61.387  32.092 0.0000000000
6644  3.847  -61.659  31.411 0.0000000000
6652  4.001  -62.006  30.439 0.0000000000
6663  2.321  -62.582  29.914 0.0000000000
6662  3.282  -62.332  29.770 0.0000000000
117976  4.086  -62.794  29.335 0.0000000000
5586  3.312  -64.014  28.564 0.0000000000
5061  3.308  -64.970  28.393 0.0000000000
4135  2.223  -66.100  27.749 0.0000000000
4136  1.211  -66.728  27.055 0.0000000000
4575  0.924  -65.859  27.041 0.0000000000
4144  1.218  -66.922  25.485 0.0000000000
11680  8.127  -50.947  42.943 0.0000000000
11693  8.092  -51.391  41.762 0.0000000000
11694  7.603  -52.044  42.169 0.0000000000
11161  7.132  -52.382  41.886 0.0000000000
11695  5.997  -51.603  41.745 0.0000000000
12271  5.514  -50.731  41.467 0.0000000000
12296  3.828  -49.514  40.879 0.0000000000
12297  2.820  -49.337  40.946 0.0000000000
12930  3.671  -48.419  39.815 0.0000000000
120594  5.430  -48.259  39.383 0.0000000000
13562  3.577  -47.181  38.414 0.0000000000
112818  3.027  -46.939  37.441 0.0000000000
99117  3.280  -47.470  36.415 0.0000000000
99010  3.691  -47.678  35.948 0.0000000000
27733  19.041  -29.223  32.160 0.0000000000
26946  20.412  -29.795  31.667 0.0000000000
25502  24.763  -30.058  30.392 0.0000000000
26961  23.928  -28.854  31.581 0.0000000000
26976  24.835  -27.953  31.063 0.0000000000
109224  22.350  -27.085  31.639 0.0000000000
26997  24.959  -26.769  30.878 0.0000000000
26996  25.555  -27.728  29.754 0.0000000000
112788  25.590  -26.663  29.553 0.0000000000
27017  26.182  -27.363  28.543 0.0000000000
26264  26.334  -28.123  28.117 0.0000000000
120728  25.514  -26.677  29.650 0.0000000000
27777  24.450  -26.899  29.808 0.0000000000
119322  23.420  -26.076  30.059 0.0000000000
29350  20.994  -25.732  31.114 0.0000000000
29364  22.009  -25.591  29.627 0.0000000000
29351  20.929  -24.975  30.132 0.0000000000
30261  19.390  -24.390  29.658 0.0000000000
31117  17.391  -24.556  29.144 0.0000000000
1579  8.137  -74.374  44.048 0.0000000000
1350  7.502  -74.493  44.775 0.0000000000
1105  8.304  -75.204  44.368 0.0000000000
1115  9.109  -76.255  43.441 0.0000000000
872  7.586  -77.482  42.454 0.0000000000
871  8.526  -77.357  42.585 0.0000000000
887  10.441  -77.702  41.464 0.0000000000
1134  12.275  -76.750  39.481 0.0000000000
105190  12.688  -76.405  38.894 0.0000000000
1145  12.019  -76.086  38.716 0.0000000000
1379  11.859  -75.747  38.087 0.0000000000
1386  12.098  -75.639  37.326 0.0000000000
105717  10.660  -76.458  38.082 0.0000000000
1387  11.195  -76.044  37.523 0.0000000000
1403  12.036  -75.813  35.885 0.0000000000
1174  12.299  -76.022  35.217 0.0000000000
929  12.191  -77.323  34.490 0.0000000000
296  12.222  -82.158  26.107 0.0000000000
303  12.639  -81.341  24.574 0.0000000000
119419  12.549  -81.758  23.725 0.0000000000
488  19.202  -81.401  14.642 0.0000000000
98140  9.415  -71.797  13.823 0.0000000000
99678  9.945  -72.746  14.223 0.0000000000
1784  10.941  -72.617  13.355 0.0000000000
1783  11.893  -73.087  13.335 0.0000000000
1555  12.831  -74.130  13.642 0.0000000000
2027  12.855  -72.597  12.735 0.0000000000
1554  13.780  -75.039  13.961 0.0000000000
1559  14.674  -75.863  13.468 0.0000000000
1558  15.355  -76.240  13.155 0.0000000000
1552  15.630  -75.790  13.462 0.0000000000
116605  15.981  -74.834  13.499 0.0000000000
1773  16.686  -73.890  14.487 0.0000000000
2026  17.005  -72.451  13.049 0.0000000000
2020  17.205  -72.741  14.083 0.0000000000
2012  17.043  -73.427  15.538 0.0000000000
2011  17.481  -72.896  16.350 0.0000000000
1998  18.117  -73.405  18.557 0.0000000000
117657  18.775  -73.258  19.172 0.0000000000
1990  20.133  -73.102  19.359 0.0000000000
2246  19.118  -72.344  19.500 0.0000000000
2238  19.797  -71.928  19.832 0.0000000000
2528  19.906  -71.085  20.181 0.0000000000
2855  18.352  -70.515  18.742 0.0000000000
2849  18.783  -70.427  19.560 0.0000000000
2836  19.817  -70.275  20.448 0.0000000000
3126  20.319  -69.709  20.610 0.0000000000
10777  -2.353  -51.709  25.326 0.0000000000
10804  6.031  -53.782  25.233 0.0000000000
10805  5.007  -53.722  25.085 0.0000000000
112783  5.470  -54.006  24.405 0.0000000000
10326  5.428  -54.429  23.606 0.0000000000
9783  4.889  -55.037  23.006 0.0000000000
112761  6.504  -55.153  23.012 0.0000000000
9811  5.445  -55.461  22.751 0.0000000000
9812  4.211  -55.579  22.608 0.0000000000
9271  3.652  -56.125  22.109 0.0000000000
9286  4.003  -56.956  21.914 0.0000000000
8744  3.445  -57.695  21.550 0.0000000000
8211  2.770  -58.327  20.419 0.0000000000
8200  3.782  -58.546  21.503 0.0000000000
7716  4.475  -59.638  21.290 0.0000000000
7241  5.499  -60.728  20.700 0.0000000000
7713  7.314  -59.215  21.374 0.0000000000
7731  6.843  -59.833  20.947 0.0000000000
6756  6.025  -61.255  20.252 0.0000000000
6772  7.524  -61.586  19.574 0.0000000000
6771  8.490  -61.610  19.521 0.0000000000
6283  8.968  -62.115  19.047 0.0000000000
9938  12.419  -55.902  13.986 0.0000000000
8831  11.670  -56.886  13.332 0.0000000000
8306  14.920  -58.043  12.091 0.0000000000
2801  20.522  -70.641  25.893 0.0000000000
2480  21.461  -70.919  25.675 0.0000000000
2481  20.562  -71.134  25.108 0.0000000000
2190  21.394  -72.108  24.104 0.0000000000
2202  21.306  -72.802  23.665 0.0000000000
1925  20.225  -73.404  24.421 0.0000000000
1936  20.862  -73.457  23.807 0.0000000000
1710  22.352  -73.758  22.759 0.0000000000
1709  22.699  -74.480  22.668 0.0000000000
1458  22.924  -75.908  22.949 0.0000000000
1245  23.234  -76.531  23.265 0.0000000000
99869  19.157  -75.617  25.819 0.0000000000
1450  19.715  -75.735  25.739 0.0000000000
1225  20.745  -76.492  25.619 0.0000000000
104497  20.845  -77.395  26.157 0.0000000000
1224  21.488  -76.995  25.607 0.0000000000
1235  21.561  -76.311  24.744 0.0000000000
1234  22.143  -76.824  24.694 0.0000000000
1233  22.869  -76.991  24.195 0.0000000000
1012  23.757  -77.080  23.806 0.0000000000
996  25.329  -77.503  24.615 0.0000000000
987  25.724  -77.843  25.443 0.0000000000
743  26.260  -78.610  25.397 0.0000000000
729  23.816  -78.772  26.427 0.0000000000
119749  25.046  -78.640  25.771 0.0000000000
115438  26.549  -79.156  24.894 0.0000000000
115352  26.411  -79.460  24.226 0.0000000000
592  26.391  -79.483  23.641 0.0000000000
768  25.142  -78.708  22.493 0.0000000000
27116  14.699  -29.327  20.600 0.0000000000
27084  14.613  -29.929  22.268 0.0000000000
27101  14.188  -29.612  21.566 0.0000000000
27102  13.239  -29.555  21.670 0.0000000000
27103  12.464  -29.616  22.123 0.0000000000
27131  12.290  -29.271  20.203 0.0000000000
28629  9.509  -27.570  20.626 0.0000000000
101864  9.804  -28.091  20.934 0.0000000000
27846  8.130  -28.172  20.996 0.0000000000
24858  8.790  -33.066  21.305 0.0000000000
25589  7.957  -31.777  21.085 0.0000000000
24114  8.754  -33.792  20.975 0.0000000000
23443  9.420  -34.532  19.892 0.0000000000
23442  10.408  -35.359  18.814 0.0000000000
1375  5.673  -76.182  39.578 0.0000000000
1151  5.569  -76.399  38.629 0.0000000000
1140  5.456  -76.085  38.595 0.0000000000
1381  5.283  -75.420  37.829 0.0000000000
1622  5.131  -74.917  37.370 0.0000000000
1621  6.318  -74.044  37.411 0.0000000000
1631  5.489  -74.458  36.783 0.0000000000
1862  5.894  -74.284  36.088 0.0000000000
2096  6.530  -73.493  36.101 0.0000000000
2104  6.745  -72.637  35.781 0.0000000000
3000  9.122  -69.139  36.351 0.0000000000
2381  6.765  -71.610  36.288 0.0000000000
2397  6.533  -71.811  35.960 0.0000000000
100152  6.688  -71.737  35.537 0.0000000000
2407  7.088  -71.339  34.639 0.0000000000
2711  6.715  -70.784  34.576 0.0000000000
3014  5.259  -69.863  36.261 0.0000000000
2699  5.180  -70.045  35.744 0.0000000000
109384  6.388  -70.380  34.004 0.0000000000
2724  5.672  -70.326  33.407 0.0000000000
2726  3.228  -70.566  33.926 0.0000000000
2727  2.719  -70.464  33.958 0.0000000000
7003  7.515  -60.530  39.657 0.0000000000
7482  6.644  -59.522  40.731 0.0000000000
7493  7.223  -59.867  39.512 0.0000000000
7010  7.527  -60.323  37.999 0.0000000000
111133  5.015  -60.375  35.557 0.0000000000
7969  4.133  -58.648  41.553 0.0000000000
118087  4.159  -59.570  38.627 0.0000000000
7513  3.244  -59.619  38.455 0.0000000000
112762  3.317  -59.853  37.704 0.0000000000
7527  4.246  -59.791  37.891 0.0000000000
7037  4.432  -60.324  36.300 0.0000000000
7072  3.851  -60.696  34.237 0.0000000000
113554  3.075  -61.113  34.121 0.0000000000
6629  2.429  -62.208  32.971 0.0000000000
6630  1.402  -62.981  32.822 0.0000000000
6098  0.385  -63.286  34.556 0.0000000000
6116  0.567  -63.249  32.351 0.0000000000
6130  0.773  -63.230  31.385 0.0000000000
6143  0.473  -63.000  30.942 0.0000000000
6664  0.122  -62.259  29.304 0.0000000000
6674  -0.212  -61.138  29.249 0.0000000000
7158  1.373  -60.992  27.382 0.0000000000
7147  0.132  -60.718  28.591 0.0000000000
7134  0.502  -59.754  28.905 0.0000000000
104763  0.140  -60.104  31.824 0.0000000000
7554  -0.273  -59.571  35.967 0.0000000000
8064  -0.043  -58.698  34.669 0.0000000000
104677  0.260  -58.601  33.823 0.0000000000
14188  9.903  -47.094  40.666 0.0000000000
14178  8.662  -47.149  40.760 0.0000000000
116782  8.593  -49.063  39.790 0.0000000000
13559  8.420  -47.190  40.109 0.0000000000
14197  8.477  -46.507  39.365 0.0000000000
15377  9.358  -44.525  39.449 0.0000000000
14792  8.620  -45.431  39.404 0.0000000000
14216  8.887  -47.134  38.522 0.0000000000
14215  9.806  -47.241  37.720 0.0000000000
115071  10.518  -46.765  37.506 0.0000000000
16683  14.940  -42.481  38.691 0.0000000000
16702  12.497  -43.274  38.619 0.0000000000
16701  13.522  -43.208  37.854 0.0000000000
16052  12.977  -43.789  37.684 0.0000000000
14814  11.626  -45.780  37.367 0.0000000000
16731  17.079  -43.053  33.026 0.0000000000
16741  17.277  -43.758  31.759 0.0000000000
17482  18.908  -41.856  31.621 0.0000000000
16740  17.842  -43.668  31.151 0.0000000000
1605  5.897  -74.329  42.192 0.0000000000
111927  5.974  -75.878  40.688 0.0000000000
98137  7.698  -72.316  15.523 0.0000000000
3460  5.426  -68.704  19.402 0.0000000000
3140  6.009  -69.968  20.343 0.0000000000
99336  6.938  -71.642  19.815 0.0000000000
2523  8.051  -71.301  20.660 0.0000000000
99281  7.913  -71.993  20.023 0.0000000000
113151  8.366  -72.378  19.785 0.0000000000
98907  6.657  -71.529  18.343 0.0000000000
98138  6.887  -71.963  16.393 0.0000000000
102431  8.575  -71.898  14.548 0.0000000000
99107  9.109  -71.689  14.054 0.0000000000
99157  9.679  -71.451  14.508 0.0000000000
2276  10.879  -71.401  14.655 0.0000000000
99075  10.935  -71.718  16.954 0.0000000000
113150  11.517  -71.612  15.932 0.0000000000
2268  12.195  -71.625  14.656 0.0000000000
2014  13.669  -72.789  16.247 0.0000000000
2013  14.070  -72.777  16.651 0.0000000000
2260  14.403  -72.404  16.894 0.0000000000
2550  15.335  -70.395  16.550 0.0000000000
107013  14.645  -71.436  17.147 0.0000000000
2858  14.348  -69.927  18.230 0.0000000000
2851  13.953  -69.551  18.890 0.0000000000
2852  13.410  -70.106  19.413 0.0000000000
3148  13.593  -69.316  19.575 0.0000000000
3132  13.830  -68.982  20.081 0.0000000000
3436  13.828  -68.928  22.085 0.0000000000
3422  13.781  -68.345  22.897 0.0000000000
3780  13.970  -67.604  23.401 0.0000000000
3808  10.749  -67.654  20.491 0.0000000000
4207  11.169  -66.931  21.071 0.0000000000
4678  11.875  -65.795  19.159 0.0000000000
4225  11.652  -66.370  20.980 0.0000000000
4206  11.803  -66.970  21.441 0.0000000000
4205  13.401  -66.700  22.137 0.0000000000
4189  13.793  -66.827  22.995 0.0000000000
116472  14.285  -66.117  22.978 0.0000000000
4637  14.388  -65.271  22.756 0.0000000000
5117  14.368  -64.177  22.644 0.0000000000
111091  14.266  -62.962  21.505 0.0000000000
12424  0.043  -48.426  31.219 0.0000000000
12425  0.030  -48.565  29.997 0.0000000000
11815  1.142  -49.441  30.032 0.0000000000
11825  1.361  -50.749  29.822 0.0000000000
11273  2.031  -51.700  30.110 0.0000000000
11271  3.717  -51.685  30.700 0.0000000000
11284  3.518  -52.458  29.927 0.0000000000
10737  2.433  -53.054  28.996 0.0000000000
10736  3.284  -53.183  29.038 0.0000000000
10760  4.254  -53.661  27.707 0.0000000000
10759  5.792  -53.430  27.468 0.0000000000
118917  3.960  -50.259  26.343 0.0000000000
12472  5.509  -50.686  27.503 0.0000000000
12471  6.363  -51.004  27.335 0.0000000000
105807  6.104  -50.578  25.140 0.0000000000
12488  6.593  -50.859  26.532 0.0000000000
11865  6.655  -51.618  27.620 0.0000000000
11312  7.033  -52.378  27.390 0.0000000000
10758  6.638  -53.081  27.398 0.0000000000
102640  6.279  -53.561  26.587 0.0000000000
10784  8.055  -53.317  25.938 0.0000000000
10802  8.580  -53.387  24.988 0.0000000000
10301  9.089  -53.620  24.206 0.0000000000
11359  9.722  -52.217  23.737 0.0000000000
10822  9.747  -53.105  23.522 0.0000000000
10322  9.517  -53.872  23.448 0.0000000000
10341  9.714  -54.516  22.713 0.0000000000
10371  9.778  -55.009  21.590 0.0000000000
9849  9.532  -55.528  20.907 0.0000000000
26296  22.052  -29.981  23.637 0.0000000000
101967  21.563  -30.642  23.352 0.0000000000
26315  20.772  -29.977  22.440 0.0000000000
26298  20.845  -30.837  22.889 0.0000000000
101926  20.513  -31.825  23.155 0.0000000000
24830  19.577  -32.479  23.330 0.0000000000
25555  17.554  -30.824  24.280 0.0000000000
25580  17.367  -30.615  23.789 0.0000000000
26318  17.551  -30.605  22.753 0.0000000000
118576  16.478  -30.270  22.877 0.0000000000
26334  16.174  -30.080  22.321 0.0000000000
27100  15.825  -29.769  21.579 0.0000000000
28628  17.724  -27.613  20.059 0.0000000000
27860  16.799  -28.033  19.843 0.0000000000
27841  16.351  -28.874  20.304 0.0000000000
27115  15.601  -29.409  20.796 0.0000000000
27129  13.979  -29.109  19.921 0.0000000000
1256  25.536  -75.986  22.422 0.0000000000
1289  27.354  -76.248  18.029 0.0000000000
1290  26.199  -76.201  18.354 0.0000000000
1307  25.255  -76.646  17.912 0.0000000000
1066  26.137  -77.126  16.095 0.0000000000
1055  24.584  -77.166  17.198 0.0000000000
1328  22.870  -76.787  13.388 0.0000000000
110306  22.332  -75.260  11.138 0.0000000000
1793  21.578  -74.340  10.815 0.0000000000
8980  2.629  -55.962  44.219 0.0000000000
9564  2.444  -55.265  44.432 0.0000000000
10111  2.291  -54.525  44.297 0.0000000000
10112  2.065  -53.896  44.356 0.0000000000
10615  1.438  -53.535  44.063 0.0000000000
3176  5.141  -70.715  15.945 0.0000000000
4263  2.781  -67.235  15.708 0.0000000000
3492  3.526  -69.494  15.213 0.0000000000
3491  4.417  -69.590  15.029 0.0000000000
3490  5.185  -69.545  15.109 0.0000000000
3864  5.698  -68.725  14.784 0.0000000000
100766  5.898  -67.483  14.925 0.0000000000
4273  5.741  -65.766  15.158 0.0000000000
4292  5.174  -66.107  12.953 0.0000000000
100167  5.540  -65.878  13.654 0.0000000000
4713  5.780  -64.750  15.126 0.0000000000
5208  6.758  -64.265  15.319 0.0000000000
5222  7.266  -63.983  14.228 0.0000000000
4724  7.894  -64.398  13.272 0.0000000000
14370  9.479  -48.137  22.301 0.0000000000
14372  7.394  -47.799  22.070 0.0000000000
14386  8.794  -47.275  21.576 0.0000000000
14978  8.744  -46.020  20.430 0.0000000000
12396  -1.654  -49.115  34.067 0.0000000000
13016  -2.269  -48.074  34.052 0.0000000000
13013  3.081  -48.465  33.233 0.0000000000
13004  2.792  -49.380  33.515 0.0000000000
13015  -1.085  -47.635  33.900 0.0000000000
109000  -0.403  -47.419  32.912 0.0000000000
13026  0.862  -48.449  31.795 0.0000000000
108416  1.992  -49.081  30.660 0.0000000000
13651  0.854  -47.784  31.526 0.0000000000
13038  1.507  -48.564  30.213 0.0000000000
13057  2.431  -49.044  29.764 0.0000000000
13674  2.109  -48.333  29.441 0.0000000000
13689  2.635  -47.991  28.711 0.0000000000
102075  3.046  -47.945  28.038 0.0000000000
16110  0.915  -44.775  29.961 0.0000000000
15470  -0.176  -44.997  29.431 0.0000000000
14890  -0.082  -45.143  28.649 0.0000000000
16149  1.481  -44.137  27.853 0.0000000000
15477  0.423  -44.763  27.972 0.0000000000
14889  0.660  -45.659  28.318 0.0000000000
14888  2.108  -46.542  28.184 0.0000000000
14305  2.759  -47.360  28.222 0.0000000000
13706  2.811  -47.915  27.259 0.0000000000
13713  2.179  -47.714  26.337 0.0000000000
14334  1.117  -46.434  25.141 0.0000000000
114973  1.681  -46.459  24.301 0.0000000000
119579  3.267  -45.933  24.854 0.0000000000
111119  3.598  -46.542  24.639 0.0000000000
14346  2.840  -46.910  24.156 0.0000000000
13726  5.066  -48.173  24.216 0.0000000000
13740  6.401  -48.463  23.622 0.0000000000
13739  7.422  -48.544  23.703 0.0000000000
19722  9.685  -39.467  31.857 0.0000000000
26321  14.271  -30.324  22.731 0.0000000000
25558  14.840  -31.111  23.626 0.0000000000
24833  14.503  -32.112  23.460 0.0000000000
119362  13.255  -31.972  22.959 0.0000000000
23400  14.772  -34.061  23.491 0.0000000000
23391  14.123  -35.121  23.959 0.0000000000
22717  13.638  -35.588  25.173 0.0000000000
22718  12.897  -35.686  25.299 0.0000000000
21950  13.416  -35.930  25.973 0.0000000000
21932  13.798  -36.265  26.367 0.0000000000
21195  13.191  -37.724  27.707 0.0000000000
104294  12.606  -37.890  28.832 0.0000000000
20467  11.651  -37.891  28.173 0.0000000000
20448  10.698  -38.596  30.906 0.0000000000
19001  8.531  -39.778  29.697 0.0000000000
19002  8.299  -39.985  28.674 0.0000000000
19010  8.018  -40.636  27.060 0.0000000000
19744  8.992  -39.371  26.913 0.0000000000
117422  7.030  -40.233  25.782 0.0000000000
19035  6.848  -39.889  25.233 0.0000000000
18319  5.614  -40.916  24.871 0.0000000000
17557  5.978  -41.532  24.490 0.0000000000
18302  11.602  -41.120  25.405 0.0000000000
18303  10.595  -41.235  25.669 0.0000000000
18304  9.410  -41.219  25.545 0.0000000000
17544  9.171  -42.105  25.348 0.0000000000
17555  8.094  -41.929  25.049 0.0000000000
16815  6.684  -42.636  24.456 0.0000000000
107840  6.515  -43.635  24.552 0.0000000000
16176  7.212  -44.601  24.765 0.0000000000
15526  7.006  -45.676  25.134 0.0000000000
14931  7.720  -46.690  25.237 0.0000000000
14929  9.466  -46.107  25.245 0.0000000000
14930  8.651  -46.397  25.206 0.0000000000
14341  8.498  -47.627  25.090 0.0000000000
13722  8.900  -48.319  24.574 0.0000000000
13738  8.428  -48.565  23.756 0.0000000000
13753  8.964  -48.510  22.933 0.0000000000
14369  10.505  -48.101  22.519 0.0000000000
14965  10.864  -46.986  21.053 0.0000000000
14955  12.807  -46.552  22.118 0.0000000000
268  17.443  -81.705  28.950 0.0000000000
398  16.838  -81.163  28.167 0.0000000000
269  16.916  -82.249  28.811 0.0000000000
270  16.151  -82.002  28.513 0.0000000000
271  15.002  -81.449  28.532 0.0000000000
65  15.730  -84.004  30.065 0.0000000000
262  15.540  -82.611  29.302 0.0000000000
399  14.008  -80.830  28.127 0.0000000000
409  13.274  -80.972  27.390 0.0000000000
272  13.197  -81.300  28.390 0.0000000000
375  12.632  -81.003  32.815 0.0000000000
114816  12.989  -81.925  32.046 0.0000000000
149  12.059  -82.262  33.214 0.0000000000
154  13.089  -81.920  31.910 0.0000000000
258  13.067  -81.673  30.644 0.0000000000
273  12.605  -81.955  28.780 0.0000000000
288  12.612  -81.731  26.764 0.0000000000
177  12.200  -82.754  26.758 0.0000000000
85  11.826  -83.024  26.048 0.0000000000
67  11.238  -83.271  29.566 0.0000000000
1160  5.640  -76.319  37.477 0.0000000000
1167  5.957  -76.725  36.615 0.0000000000
917  6.032  -77.294  36.132 0.0000000000
115211  5.576  -76.236  35.822 0.0000000000
925  5.840  -77.689  35.345 0.0000000000
524  7.305  -79.493  35.446 0.0000000000
240  7.129  -81.222  36.198 0.0000000000
136  7.227  -81.456  35.841 0.0000000000
1410  8.283  -75.524  34.577 0.0000000000
933  6.712  -77.941  34.467 0.0000000000
940  8.846  -77.761  33.751 0.0000000000
941  8.058  -78.446  33.994 0.0000000000
698  6.432  -78.697  34.680 0.0000000000
117629  5.490  -80.691  35.160 0.0000000000
137  6.411  -81.480  35.258 0.0000000000
141  7.618  -81.907  34.894 0.0000000000
107566  8.287  -82.859  33.076 0.0000000000
103088  3.751  -67.663  36.456 0.0000000000
3317  2.922  -68.249  36.007 0.0000000000
4074  1.901  -66.388  35.382 0.0000000000
3005  2.908  -69.167  35.910 0.0000000000
105923  2.737  -69.242  35.482 0.0000000000
3037  2.399  -70.108  34.158 0.0000000000
105651  2.243  -69.759  33.773 0.0000000000
6554  8.152  -61.723  37.635 0.0000000000
6037  7.919  -62.255  37.416 0.0000000000
5005  6.481  -64.545  35.396 0.0000000000
7096  5.026  -61.140  33.105 0.0000000000
6611  5.794  -61.760  33.675 0.0000000000
6097  5.700  -62.748  33.440 0.0000000000
6127  5.158  -62.793  31.965 0.0000000000
5526  6.351  -63.909  33.960 0.0000000000
5011  6.648  -64.709  34.825 0.0000000000
4508  6.111  -65.341  35.066 0.0000000000
4090  5.557  -66.847  33.913 0.0000000000
3685  5.347  -67.369  33.306 0.0000000000
3706  3.943  -66.886  31.399 0.0000000000
3698  4.149  -67.574  31.997 0.0000000000
3352  4.230  -68.236  32.876 0.0000000000
3353  2.697  -68.653  32.992 0.0000000000
3047  2.398  -69.631  33.174 0.0000000000
2738  2.677  -70.180  33.378 0.0000000000
2747  3.387  -70.752  31.694 0.0000000000
2438  3.671  -71.711  30.322 0.0000000000
3066  2.747  -69.500  29.676 0.0000000000
2449  3.475  -72.217  28.716 0.0000000000
3733  1.137  -68.876  26.394 0.0000000000
11121  1.248  -52.407  45.700 0.0000000000
10606  0.642  -52.443  44.694 0.0000000000
11122  -0.097  -51.374  44.735 0.0000000000
10616  0.229  -53.143  43.661 0.0000000000
10617  -0.375  -52.619  43.103 0.0000000000
10625  -0.586  -53.055  42.185 0.0000000000
11685  -0.669  -51.073  42.913 0.0000000000
11167  -0.677  -52.204  41.351 0.0000000000
104038  -0.537  -53.356  41.116 0.0000000000
10650  -0.673  -52.887  39.496 0.0000000000
10180  -0.986  -52.825  38.252 0.0000000000
10659  -0.854  -52.065  38.110 0.0000000000
111860  -0.153  -48.777  39.927 0.0000000000
12934  -0.257  -48.985  38.880 0.0000000000
12913  -0.776  -49.336  39.452 0.0000000000
108537  -1.088  -49.970  38.791 0.0000000000
11199  -0.610  -51.542  38.230 0.0000000000
10658  -0.547  -51.732  37.664 0.0000000000
10194  0.885  -52.780  37.224 0.0000000000
12349  8.656  -49.443  37.803 0.0000000000
12957  7.596  -48.674  37.385 0.0000000000
117467  7.270  -47.484  36.940 0.0000000000
13603  7.387  -46.571  35.580 0.0000000000
14217  6.611  -46.083  35.546 0.0000000000
98155  5.558  -46.430  34.908 0.0000000000
20391  24.072  -38.515  34.033 0.0000000000
20390  24.362  -37.882  34.153 0.0000000000
19693  23.501  -38.332  33.012 0.0000000000
20416  22.866  -37.668  31.486 0.0000000000
21161  23.313  -36.981  30.636 0.0000000000
20415  24.051  -36.973  31.790 0.0000000000
21177  23.493  -36.991  29.890 0.0000000000
109444  24.707  -37.249  30.278 0.0000000000
25467  21.191  -30.900  34.334 0.0000000000
26224  19.163  -30.958  32.650 0.0000000000
26205  19.723  -30.933  32.843 0.0000000000
26186  20.406  -30.807  33.374 0.0000000000
100106  22.892  -31.457  34.223 0.0000000000
25466  23.580  -31.795  34.180 0.0000000000
99749  24.667  -32.608  33.734 0.0000000000
100155  25.396  -33.828  33.083 0.0000000000
24008  25.525  -33.259  32.368 0.0000000000
22638  25.510  -34.976  31.956 0.0000000000
21892  24.974  -36.077  30.385 0.0000000000
21890  27.165  -35.708  29.995 0.0000000000
115505  25.811  -31.144  29.839 0.0000000000
24779  26.542  -31.277  29.509 0.0000000000
24037  27.295  -31.264  28.080 0.0000000000
24036  27.414  -32.568  28.401 0.0000000000
26292  23.332  -29.767  24.944 0.0000000000
26265  26.275  -27.821  28.193 0.0000000000
26271  26.154  -28.685  27.737 0.0000000000
27049  25.360  -28.473  26.894 0.0000000000
27050  25.181  -27.594  27.500 0.0000000000
27791  24.384  -28.183  26.536 0.0000000000
27059  24.024  -28.878  25.766 0.0000000000
27798  22.273  -27.787  24.907 0.0000000000
28590  21.740  -27.209  25.168 0.0000000000
111163  21.050  -26.813  25.149 0.0000000000
29398  20.969  -26.408  26.331 0.0000000000
29412  20.616  -26.545  25.580 0.0000000000
105074  16.885  -24.495  29.732 0.0000000000
1361  9.837  -75.446  43.637 0.0000000000
102751  10.936  -75.871  43.153 0.0000000000
102944  12.258  -75.714  42.338 0.0000000000
1113  12.177  -77.130  42.594 0.0000000000
1359  12.614  -76.432  42.456 0.0000000000
1367  12.941  -75.574  41.905 0.0000000000
1366  14.136  -75.768  41.928 0.0000000000
522  17.969  -80.018  36.315 0.0000000000
526  18.074  -80.687  35.161 0.0000000000
1154  13.770  -76.207  37.867 0.0000000000
1153  14.640  -77.080  37.528 0.0000000000
914  15.159  -77.955  37.027 0.0000000000
118675  14.679  -76.523  35.085 0.0000000000
1173  15.051  -77.188  35.969 0.0000000000
920  15.613  -78.527  36.367 0.0000000000
688  16.300  -79.126  35.675 0.0000000000
117638  17.415  -80.254  35.208 0.0000000000
106276  18.331  -80.928  34.631 0.0000000000
532  18.553  -81.111  33.937 0.0000000000
540  19.301  -81.152  32.490 0.0000000000
385  18.823  -81.181  31.892 0.0000000000
548  16.938  -80.726  31.808 0.0000000000
103248  17.915  -80.898  31.125 0.0000000000
389  17.859  -80.825  30.419 0.0000000000
261  17.643  -82.175  29.749 0.0000000000
397  17.675  -80.525  28.413 0.0000000000
2792  20.325  -70.175  26.690 0.0000000000
2802  19.860  -70.465  26.171 0.0000000000
1677  17.777  -74.106  26.913 0.0000000000
1674  16.575  -74.444  27.586 0.0000000000
1670  16.005  -74.791  27.966 0.0000000000
1442  16.049  -75.069  27.222 0.0000000000
1220  15.744  -75.994  27.226 0.0000000000
970  15.848  -76.765  27.727 0.0000000000
110469  16.243  -77.591  27.713 0.0000000000
720  17.341  -78.386  29.320 0.0000000000
725  17.834  -79.104  28.327 0.0000000000
120759  17.925  -79.810  27.997 0.0000000000
573  16.248  -79.848  25.946 0.0000000000
587  16.119  -79.205  24.010 0.0000000000
580  14.880  -79.800  25.149 0.0000000000
597  16.867  -79.160  23.387 0.0000000000
606  18.582  -80.237  22.671 0.0000000000
447  19.480  -80.478  23.338 0.0000000000
440  19.879  -80.945  24.209 0.0000000000
457  13.591  -81.078  23.090 0.0000000000
317  17.282  -81.645  22.195 0.0000000000
309  18.410  -81.821  23.141 0.0000000000
302  19.438  -82.088  24.868 0.0000000000
301  20.120  -81.424  25.135 0.0000000000
110459  20.517  -81.691  26.144 0.0000000000
175  21.472  -81.731  26.378 0.0000000000
293  22.463  -81.527  25.962 0.0000000000
187  20.956  -82.677  25.014 0.0000000000
300  22.345  -81.728  25.380 0.0000000000
292  22.936  -80.955  25.528 0.0000000000
299  23.354  -80.531  24.797 0.0000000000
593  24.471  -79.394  23.742 0.0000000000
108288  24.208  -79.223  22.437 0.0000000000
792  25.041  -77.939  21.186 0.0000000000
113349  24.787  -78.316  19.599 0.0000000000
99244  25.115  -78.468  18.650 0.0000000000
824  25.497  -78.818  17.191 0.0000000000
99510  24.790  -79.367  16.829 0.0000000000
110162  25.276  -80.272  13.299 0.0000000000
107759  24.980  -80.086  12.568 0.0000000000
508  22.323  -80.936  13.275 0.0000000000
111472  24.220  -80.059  11.827 0.0000000000
677  23.528  -79.783  11.201 0.0000000000
864  23.030  -79.044  10.632 0.0000000000
854  22.028  -77.979  10.679 0.0000000000
107076  21.798  -79.942  10.699 0.0000000000
866  21.757  -78.506  10.439 0.0000000000
1341  21.164  -77.181  10.653 0.0000000000
1334  21.145  -75.994  11.058 0.0000000000
118625  21.092  -74.892  10.824 0.0000000000
2038  21.526  -74.144  11.364 0.0000000000
1769  12.055  -74.699  15.829 0.0000000000
847  18.487  -79.453  14.742 0.0000000000
1763  16.693  -75.297  17.169 0.0000000000
1537  17.136  -76.571  16.750 0.0000000000
1320  18.170  -78.173  15.724 0.0000000000
1084  18.224  -78.726  15.403 0.0000000000
846  19.201  -78.785  14.179 0.0000000000
100835  19.884  -77.854  13.547 0.0000000000
102189  21.162  -74.956  13.052 0.0000000000
1787  21.372  -74.583  12.036 0.0000000000
119850  21.900  -73.604  11.959 0.0000000000
117086  22.100  -71.899  14.842 0.0000000000
2251  21.184  -72.263  18.975 0.0000000000
103142  21.605  -71.389  18.199 0.0000000000
115353  15.459  -69.768  17.073 0.0000000000
3145  16.198  -68.928  18.729 0.0000000000
104037  16.947  -69.038  19.546 0.0000000000
3130  16.382  -68.889  20.415 0.0000000000
3447  17.294  -68.886  20.626 0.0000000000
13058  -0.627  -48.762  29.980 0.0000000000
12438  -0.796  -49.275  28.831 0.0000000000
12455  -1.087  -49.515  28.095 0.0000000000
11867  0.637  -50.608  27.543 0.0000000000
12475  -0.101  -49.902  26.897 0.0000000000
12477  -1.752  -50.015  27.456 0.0000000000
11882  -1.989  -50.554  25.794 0.0000000000
112309  -2.189  -50.876  25.032 0.0000000000
10792  -2.415  -51.719  24.341 0.0000000000
10788  3.584  -53.568  25.561 0.0000000000
103836  2.389  -53.318  24.775 0.0000000000
108710  1.656  -52.889  24.275 0.0000000000
10330  1.653  -53.555  23.090 0.0000000000
10824  1.290  -52.820  23.533 0.0000000000
10809  0.822  -52.060  24.047 0.0000000000
11360  -0.302  -51.476  23.293 0.0000000000
11351  -1.814  -51.417  23.285 0.0000000000
10810  -2.472  -52.532  23.673 0.0000000000
7296  0.787  -60.060  15.431 0.0000000000
7733  2.938  -59.197  19.966 0.0000000000
7748  3.244  -59.737  19.148 0.0000000000
7760  3.192  -59.201  18.121 0.0000000000
6792  4.212  -61.138  18.675 0.0000000000
6805  4.027  -60.603  17.833 0.0000000000
7284  3.623  -59.802  15.746 0.0000000000
7293  3.221  -59.738  14.656 0.0000000000
6842  3.573  -60.276  13.538 0.0000000000
6856  4.069  -60.853  13.048 0.0000000000
6855  5.194  -60.578  12.791 0.0000000000
117938  5.853  -60.903  12.456 0.0000000000
6823  7.016  -61.250  13.736 0.0000000000
6838  6.704  -60.927  12.387 0.0000000000
5796  6.897  -61.905  12.138 0.0000000000
5795  7.773  -62.369  11.947 0.0000000000
5241  8.482  -63.647  11.948 0.0000000000
5259  8.753  -64.722  11.715 0.0000000000
14388  6.980  -47.116  21.245 0.0000000000
14390  5.109  -47.432  21.165 0.0000000000
13775  3.715  -48.161  20.884 0.0000000000
14410  6.843  -47.497  20.258 0.0000000000
13791  4.344  -48.642  20.361 0.0000000000
13154  3.340  -48.903  20.413 0.0000000000
13155  2.547  -49.737  20.067 0.0000000000
11978  1.836  -50.930  19.890 0.0000000000
102484  2.890  -51.808  20.354 0.0000000000
12608  5.028  -50.524  18.664 0.0000000000
111723  3.139  -51.737  18.307 0.0000000000
109380  2.397  -52.221  18.928 0.0000000000
11413  3.523  -52.438  19.981 0.0000000000
11412  5.077  -52.436  20.370 0.0000000000
10868  5.610  -53.065  20.074 0.0000000000
10867  5.982  -53.797  19.804 0.0000000000
9894  4.369  -55.127  18.253 0.0000000000
10400  6.173  -54.529  19.618 0.0000000000
10374  6.918  -54.106  20.059 0.0000000000
10373  7.896  -54.593  20.302 0.0000000000
9873  8.175  -56.017  19.874 0.0000000000
9327  8.415  -56.620  19.659 0.0000000000
9367  4.600  -56.714  14.987 0.0000000000
8807  5.110  -57.184  15.873 0.0000000000
8828  6.389  -57.083  14.290 0.0000000000
8816  5.664  -57.577  15.527 0.0000000000
8806  6.045  -57.852  17.191 0.0000000000
116064  6.728  -57.839  18.310 0.0000000000
102417  8.677  -57.277  19.381 0.0000000000
9326  9.457  -56.747  20.014 0.0000000000
8782  10.424  -57.805  20.168 0.0000000000
118324  10.603  -58.347  19.872 0.0000000000
7747  10.870  -59.467  19.461 0.0000000000
8261  10.416  -59.020  17.438 0.0000000000
7758  11.022  -59.261  18.641 0.0000000000
7255  10.582  -60.370  19.643 0.0000000000
7266  10.838  -60.946  19.028 0.0000000000
6789  10.635  -61.647  18.724 0.0000000000
6299  10.315  -62.253  18.276 0.0000000000
8842  11.101  -57.563  13.056 0.0000000000
120826  10.411  -59.095  12.851 0.0000000000
7787  11.013  -59.854  14.080 0.0000000000
7794  11.806  -59.828  11.840 0.0000000000
7307  11.487  -60.334  13.437 0.0000000000
7301  11.999  -60.168  14.721 0.0000000000
7281  12.330  -61.058  16.207 0.0000000000
6316  11.574  -62.125  17.213 0.0000000000
114974  10.290  -62.651  16.945 0.0000000000
6348  10.292  -62.817  16.191 0.0000000000
5750  10.330  -63.133  15.205 0.0000000000
5769  10.774  -63.705  14.413 0.0000000000
5791  12.798  -63.955  13.475 0.0000000000
5220  12.063  -64.283  13.718 0.0000000000
5792  10.150  -63.906  13.136 0.0000000000
5239  10.403  -64.593  12.326 0.0000000000
114206  9.715  -65.036  11.467 0.0000000000
4747  9.188  -65.705  11.235 0.0000000000
4304  10.371  -66.434  11.722 0.0000000000
4302  12.299  -66.559  11.505 0.0000000000
4287  12.969  -67.033  12.589 0.0000000000
4299  14.666  -66.031  11.386 0.0000000000
4300  14.273  -66.300  11.491 0.0000000000
4286  13.962  -66.657  12.413 0.0000000000
115713  15.190  -65.901  13.449 0.0000000000
4721  15.802  -65.462  14.732 0.0000000000
5207  16.264  -65.009  15.594 0.0000000000
116502  16.548  -62.257  12.679 0.0000000000
6835  16.267  -61.890  13.432 0.0000000000
6373  16.336  -62.833  13.366 0.0000000000
5765  16.401  -63.577  14.048 0.0000000000
5746  16.456  -64.301  15.391 0.0000000000
5190  16.305  -64.438  16.203 0.0000000000
5736  16.017  -63.586  16.865 0.0000000000
5722  15.307  -63.025  17.798 0.0000000000
6787  14.397  -61.617  18.667 0.0000000000
7264  14.271  -60.679  18.730 0.0000000000
45  9.291  -83.155  33.254 0.0000000000
48  11.738  -82.771  32.706 0.0000000000
50  16.164  -83.429  31.011 0.0000000000
51  15.906  -83.891  30.484 0.0000000000
52  12.059  -82.484  31.757 0.0000000000
56  17.196  -83.972  29.907 0.0000000000
61  9.981  -83.299  30.173 0.0000000000
64  16.490  -84.087  29.933 0.0000000000
66  11.580  -82.985  29.878 0.0000000000
71  11.786  -83.238  28.430 0.0000000000
83  19.702  -83.030  25.185 0.0000000000
84  19.184  -83.232  25.008 0.0000000000
92  18.926  -83.361  24.542 0.0000000000
135  9.568  -81.198  35.694 0.0000000000
140  8.786  -82.443  34.562 0.0000000000
143  10.876  -82.549  34.010 0.0000000000
145  8.037  -82.327  33.933 0.0000000000
147  15.194  -82.732  31.795 0.0000000000
151  16.429  -82.727  31.278 0.0000000000
157  16.835  -83.332  30.684 0.0000000000
158  15.078  -83.277  30.831 0.0000000000
163  17.300  -83.077  29.471 0.0000000000
168  16.472  -83.067  29.268 0.0000000000
172  12.179  -83.014  27.426 0.0000000000
176  20.879  -81.664  26.359 0.0000000000
179  21.995  -82.011  25.998 0.0000000000
186  21.659  -82.150  25.102 0.0000000000
189  18.362  -83.270  24.026 0.0000000000
199  17.709  -82.037  22.807 0.0000000000
236  18.525  -83.095  13.328 0.0000000000
241  6.183  -81.231  35.922 0.0000000000
248  12.762  -81.902  32.466 0.0000000000
256  17.150  -82.565  30.773 0.0000000000
265  12.701  -81.795  29.734 0.0000000000
278  15.855  -81.271  27.760 0.0000000000
279  12.603  -82.071  27.723 0.0000000000
283  23.774  -79.746  25.585 0.0000000000
285  22.078  -81.369  26.527 0.0000000000
294  20.379  -81.327  26.102 0.0000000000
308  19.182  -81.461  23.650 0.0000000000
310  13.161  -81.117  23.717 0.0000000000
361  19.440  -83.392  12.954 0.0000000000
368  20.487  -81.691  11.809 0.0000000000
374  5.693  -81.084  35.378 0.0000000000
379  5.777  -80.868  34.690 0.0000000000
380  18.403  -81.222  32.095 0.0000000000
384  18.676  -80.690  31.542 0.0000000000
403  24.589  -78.933  25.738 0.0000000000
404  23.761  -79.279  26.139 0.0000000000
405  23.356  -79.891  26.741 0.0000000000
406  22.171  -79.905  27.319 0.0000000000
415  23.167  -80.541  26.518 0.0000000000
416  22.007  -80.728  27.022 0.0000000000
419  14.892  -80.493  26.487 0.0000000000
424  26.509  -79.313  24.565 0.0000000000
425  26.224  -79.216  24.843 0.0000000000
426  25.636  -79.226  24.845 0.0000000000
436  26.086  -79.359  24.592 0.0000000000
438  24.140  -79.789  24.840 0.0000000000
441  13.917  -80.003  23.998 0.0000000000
442  13.352  -80.473  24.244 0.0000000000
444  25.872  -79.442  24.276 0.0000000000
452  19.061  -80.138  22.939 0.0000000000
453  17.568  -81.007  21.873 0.0000000000
454  16.930  -80.640  21.966 0.0000000000
455  16.121  -80.293  22.327 0.0000000000
485  24.800  -80.393  15.182 0.0000000000
505  26.350  -79.681  13.901 0.0000000000
506  25.810  -80.184  13.553 0.0000000000
513  25.462  -80.069  12.909 0.0000000000
514  23.305  -80.226  11.849 0.0000000000
520  21.647  -80.525  11.336 0.0000000000
523  17.890  -80.291  35.794 0.0000000000
525  6.517  -80.416  35.832 0.0000000000
531  6.116  -79.908  34.882 0.0000000000
533  18.444  -81.196  33.636 0.0000000000
547  19.352  -81.085  32.051 0.0000000000
552  18.687  -80.173  30.919 0.0000000000
564  23.982  -78.894  26.168 0.0000000000
570  26.222  -78.998  25.141 0.0000000000
571  25.393  -78.764  25.469 0.0000000000
572  22.417  -79.138  27.343 0.0000000000
584  26.951  -79.189  24.721 0.0000000000
585  24.784  -79.424  24.346 0.0000000000
588  15.436  -79.463  24.554 0.0000000000
596  17.741  -79.167  23.001 0.0000000000
598  15.294  -79.660  23.686 0.0000000000
603  25.904  -79.258  23.084 0.0000000000
604  24.768  -79.106  23.179 0.0000000000
607  17.979  -79.928  22.569 0.0000000000
615  26.753  -78.574  21.720 0.0000000000
659  18.588  -80.329  14.343 0.0000000000
663  26.932  -78.507  13.917 0.0000000000
664  26.285  -79.110  13.806 0.0000000000
679  22.184  -79.286  10.230 0.0000000000
680  21.457  -79.133  10.786 0.0000000000
686  18.308  -80.070  35.961 0.0000000000
691  6.156  -78.923  35.186 0.0000000000
692  6.175  -78.909  35.115 0.0000000000
702  13.299  -78.651  32.951 0.0000000000
713  19.010  -80.126  31.449 0.0000000000
728  24.634  -78.621  26.008 0.0000000000
730  23.321  -79.000  26.956 0.0000000000
734  26.107  -78.802  25.337 0.0000000000
735  25.496  -78.581  25.643 0.0000000000
736  24.365  -78.403  26.279 0.0000000000
737  23.495  -78.620  26.694 0.0000000000
739  21.902  -78.585  27.087 0.0000000000
742  26.586  -78.986  25.165 0.0000000000
744  25.740  -78.249  25.713 0.0000000000
749  26.856  -78.472  25.043 0.0000000000
752  17.159  -77.939  24.115 0.0000000000
757  27.255  -78.281  23.653 0.0000000000
765  28.087  -78.195  22.269 0.0000000000
766  27.200  -78.560  22.391 0.0000000000
769  24.645  -78.520  21.830 0.0000000000
790  27.299  -77.782  20.873 0.0000000000
791  26.834  -77.801  21.066 0.0000000000
798  26.283  -77.579  20.287 0.0000000000
814  27.396  -78.208  17.367 0.0000000000
830  27.591  -77.596  15.802 0.0000000000
833  24.005  -78.329  15.030 0.0000000000
837  18.332  -79.861  14.903 0.0000000000
841  27.025  -78.217  14.061 0.0000000000
842  26.913  -77.900  13.940 0.0000000000
855  19.910  -78.600  13.167 0.0000000000
865  22.215  -78.749  10.326 0.0000000000
873  14.326  -77.836  41.651 0.0000000000
877  10.036  -77.904  42.277 0.0000000000
880  6.933  -76.762  42.231 0.0000000000
890  6.772  -78.214  41.772 0.0000000000
895  13.649  -77.465  40.331 0.0000000000
899  5.683  -77.488  40.027 0.0000000000
928  14.817  -77.400  33.892 0.0000000000
935  18.571  -79.983  34.218 0.0000000000
938  14.069  -77.282  33.357 0.0000000000
944  14.580  -77.727  33.102 0.0000000000
945  9.204  -77.710  32.524 0.0000000000
956  17.094  -77.642  30.179 0.0000000000
977  24.940  -77.984  26.028 0.0000000000
981  21.354  -77.986  26.761 0.0000000000
983  16.031  -77.089  26.351 0.0000000000
995  26.907  -77.792  24.689 0.0000000000
1002  18.489  -77.189  24.550 0.0000000000
1007  28.757  -77.676  22.639 0.0000000000
1028  30.088  -76.717  20.627 0.0000000000
1029  29.381  -77.158  20.790 0.0000000000
1030  24.667  -78.276  20.427 0.0000000000
1032  29.804  -76.892  20.008 0.0000000000
1033  29.137  -77.369  19.995 0.0000000000
1034  25.399  -77.718  20.348 0.0000000000
1039  29.549  -76.618  19.460 0.0000000000
1040  29.310  -77.147  19.214 0.0000000000
1053  28.582  -76.760  17.494 0.0000000000
1067  25.136  -77.420  16.419 0.0000000000
1068  24.064  -77.555  16.493 0.0000000000
1089  26.553  -77.660  14.641 0.0000000000
1106  7.615  -75.131  44.204 0.0000000000
1117  7.197  -75.873  43.186 0.0000000000
1135  11.354  -76.707  39.303 0.0000000000
1139  5.554  -76.793  39.335 0.0000000000
1159  6.625  -76.839  37.565 0.0000000000
1164  11.589  -75.904  36.564 0.0000000000
1165  9.822  -77.197  36.312 0.0000000000
1168  5.581  -76.252  36.352 0.0000000000
1176  10.520  -77.098  35.929 0.0000000000
1190  14.227  -76.803  33.803 0.0000000000
1191  13.610  -76.762  33.770 0.0000000000
1216  16.063  -76.311  28.963 0.0000000000
1217  15.802  -76.146  28.106 0.0000000000
1230  16.696  -76.845  25.444 0.0000000000
1288  29.066  -76.587  18.409 0.0000000000
1310  18.015  -77.718  16.045 0.0000000000
1316  27.794  -76.923  16.140 0.0000000000
1340  20.813  -76.888  11.055 0.0000000000
1342  20.973  -77.106  10.641 0.0000000000
1368  11.542  -75.469  42.459 0.0000000000
1393  14.488  -76.184  35.642 0.0000000000
1394  13.327  -75.633  36.298 0.0000000000
1395  12.409  -75.637  36.430 0.0000000000
1401  13.651  -75.718  35.495 0.0000000000
1409  8.840  -75.191  34.111 0.0000000000
1418  9.049  -75.417  33.150 0.0000000000
1438  15.882  -75.399  28.484 0.0000000000
1449  20.259  -75.833  25.553 0.0000000000
1453  16.897  -76.100  25.773 0.0000000000
1460  21.619  -75.577  23.822 0.0000000000
1528  17.320  -75.438  17.563 0.0000000000
1536  17.569  -76.792  16.708 0.0000000000
1561  21.339  -74.784  10.793 0.0000000000
1572  6.903  -73.697  45.275 0.0000000000
1581  6.247  -73.107  45.000 0.0000000000
1619  5.472  -74.951  38.051 0.0000000000
1632  5.021  -74.955  36.753 0.0000000000
1673  17.180  -74.109  27.352 0.0000000000
1678  16.797  -74.776  26.836 0.0000000000
1680  19.888  -75.018  25.435 0.0000000000
1696  21.094  -74.133  23.609 0.0000000000
1746  19.863  -73.797  18.977 0.0000000000
1756  19.443  -74.504  18.493 0.0000000000
1757  18.446  -74.203  18.623 0.0000000000
1761  20.919  -74.018  16.799 0.0000000000
1774  16.457  -74.061  13.432 0.0000000000
1779  16.563  -73.261  12.911 0.0000000000
1794  21.165  -74.719  10.918 0.0000000000
1935  21.665  -73.412  23.191 0.0000000000
1985  10.867  -72.689  20.117 0.0000000000
1989  20.706  -72.641  19.194 0.0000000000
1991  19.466  -73.326  19.336 0.0000000000
1992  12.885  -72.791  18.871 0.0000000000
1993  12.061  -72.863  19.192 0.0000000000
2000  13.856  -72.805  17.521 0.0000000000
2005  17.326  -73.682  17.534 0.0000000000
2008  12.679  -72.913  17.530 0.0000000000
2031  21.665  -73.925  12.656 0.0000000000
2033  15.678  -72.615  12.620 0.0000000000
2034  14.876  -72.805  12.668 0.0000000000
2111  7.277  -72.052  34.840 0.0000000000
2245  19.676  -72.711  19.576 0.0000000000
2264  17.613  -71.224  15.162 0.0000000000
2270  21.823  -72.437  15.137 0.0000000000
2279  22.290  -72.475  14.342 0.0000000000
2282  15.125  -72.103  13.153 0.0000000000
2290  16.012  -71.749  12.825 0.0000000000
2475  19.140  -70.829  26.221 0.0000000000
2483  19.045  -71.554  25.739 0.0000000000
2531  11.496  -71.479  20.665 0.0000000000
2537  20.912  -71.836  19.499 0.0000000000
2538  19.366  -71.336  19.798 0.0000000000
2540  13.273  -71.173  19.410 0.0000000000
2543  21.391  -71.642  18.947 0.0000000000
2549  17.915  -70.715  17.108 0.0000000000
2553  17.493  -70.657  16.088 0.0000000000
2570  10.488  -71.646  12.964 0.0000000000
2712  5.241  -70.124  34.580 0.0000000000
2725  4.500  -70.285  33.885 0.0000000000
2838  12.975  -69.685  19.969 0.0000000000
2839  12.444  -70.225  20.420 0.0000000000
2840  11.389  -70.671  20.846 0.0000000000
2841  9.119  -70.303  20.816 0.0000000000
2842  8.288  -70.550  20.898 0.0000000000
2843  7.551  -70.773  20.751 0.0000000000
2848  19.437  -70.628  20.137 0.0000000000
2857  15.107  -69.409  17.761 0.0000000000
2867  16.610  -70.208  15.752 0.0000000000
2868  5.087  -71.177  16.268 0.0000000000
3016  3.383  -69.520  36.115 0.0000000000
3026  2.178  -69.596  34.166 0.0000000000
3065  3.082  -70.386  29.937 0.0000000000
3120  14.226  -69.134  21.106 0.0000000000
3122  12.565  -68.740  20.852 0.0000000000
3127  19.534  -69.507  20.723 0.0000000000
3136  10.671  -69.494  20.627 0.0000000000
3147  14.303  -68.987  19.294 0.0000000000
3150  7.233  -68.910  19.871 0.0000000000
3153  17.246  -69.690  17.605 0.0000000000
3154  16.467  -69.203  17.843 0.0000000000
3160  17.045  -69.770  16.777 0.0000000000
3170  5.149  -71.083  16.281 0.0000000000
3177  4.856  -70.294  15.611 0.0000000000
3333  2.418  -69.411  34.831 0.0000000000
3354  2.303  -69.158  33.379 0.0000000000
3413  14.341  -68.326  23.447 0.0000000000
3438  12.250  -68.256  21.333 0.0000000000
3448  11.743  -68.721  20.870 0.0000000000
3449  11.115  -68.217  20.964 0.0000000000
3451  6.388  -69.262  20.161 0.0000000000
3452  5.635  -69.341  19.988 0.0000000000
3457  9.829  -69.230  19.072 0.0000000000
3458  9.226  -69.233  18.916 0.0000000000
3470  5.058  -68.914  18.650 0.0000000000
3486  5.328  -69.842  15.731 0.0000000000
3497  4.747  -68.936  14.302 0.0000000000
3498  3.841  -69.044  14.565 0.0000000000
3686  4.881  -68.020  33.505 0.0000000000
3714  2.368  -67.419  30.774 0.0000000000
3757  14.845  -67.069  24.457 0.0000000000
3767  15.569  -68.058  24.191 0.0000000000
3796  11.334  -67.542  21.228 0.0000000000
3818  10.461  -68.045  19.239 0.0000000000
3833  8.065  -67.917  18.423 0.0000000000
3834  7.034  -67.456  18.873 0.0000000000
3835  6.295  -67.286  18.674 0.0000000000
3843  10.774  -67.512  16.821 0.0000000000
3845  9.437  -68.090  17.310 0.0000000000
3847  7.417  -66.902  18.171 0.0000000000
3862  10.428  -67.558  15.380 0.0000000000
3863  9.807  -67.428  15.548 0.0000000000
3865  3.136  -68.955  14.680 0.0000000000
3871  11.389  -67.425  14.385 0.0000000000
3875  5.042  -68.267  13.727 0.0000000000
4116  2.960  -66.595  30.283 0.0000000000
4122  2.120  -67.547  28.785 0.0000000000
4137  0.572  -66.443  26.280 0.0000000000
4164  15.443  -66.836  24.759 0.0000000000
4235  11.226  -66.473  19.427 0.0000000000
4252  5.759  -66.268  17.270 0.0000000000
4260  8.490  -66.785  16.649 0.0000000000
4277  13.649  -66.700  13.521 0.0000000000
4279  8.675  -66.128  13.905 0.0000000000
4290  10.184  -66.951  12.824 0.0000000000
4293  4.696  -66.451  12.899 0.0000000000
4303  11.287  -66.456  11.559 0.0000000000
4305  9.183  -66.164  11.789 0.0000000000
4309  14.237  -65.887  11.144 0.0000000000
4311  12.596  -66.133  10.937 0.0000000000
4313  10.521  -65.930  10.814 0.0000000000
4314  9.677  -66.030  11.082 0.0000000000
4511  1.651  -65.596  34.898 0.0000000000
4515  6.257  -65.408  34.380 0.0000000000
4518  1.993  -66.036  34.670 0.0000000000
4527  6.029  -65.958  33.846 0.0000000000
4567  3.835  -65.328  28.728 0.0000000000
4658  13.926  -65.331  20.715 0.0000000000
4660  12.420  -65.766  20.559 0.0000000000
4668  13.568  -65.002  20.160 0.0000000000
4669  12.442  -65.509  19.774 0.0000000000
4670  11.725  -66.016  20.084 0.0000000000
4687  12.654  -65.553  17.545 0.0000000000
4696  14.588  -65.492  17.072 0.0000000000
4697  13.977  -65.625  16.035 0.0000000000
4699  7.174  -65.223  16.609 0.0000000000
4709  15.906  -65.352  15.646 0.0000000000
4715  1.666  -65.544  14.057 0.0000000000
4720  16.063  -65.244  15.055 0.0000000000
4722  15.186  -65.781  14.195 0.0000000000
4732  16.027  -65.309  14.170 0.0000000000
4733  15.634  -65.597  13.958 0.0000000000
4734  14.539  -66.265  13.448 0.0000000000
4736  5.007  -65.319  13.374 0.0000000000
4746  9.838  -65.803  11.005 0.0000000000
4753  14.923  -65.723  11.289 0.0000000000
4754  13.458  -65.734  11.048 0.0000000000
4755  12.559  -65.932  10.866 0.0000000000
4756  14.709  -65.284  11.057 0.0000000000
4997  6.255  -64.134  35.895 0.0000000000
5015  6.397  -64.789  34.064 0.0000000000
5031  5.551  -64.203  32.840 0.0000000000
5046  4.716  -64.390  30.586 0.0000000000
5072  0.729  -64.676  26.891 0.0000000000
5191  16.106  -65.076  16.199 0.0000000000
5193  6.242  -64.565  15.663 0.0000000000
5209  6.284  -64.206  14.927 0.0000000000
5221  11.193  -64.269  13.626 0.0000000000
5225  1.652  -64.583  14.119 0.0000000000
5234  16.217  -64.566  12.751 0.0000000000
5236  12.950  -64.586  12.438 0.0000000000
5240  9.437  -64.265  11.945 0.0000000000
5257  11.563  -65.516  11.330 0.0000000000
5267  15.491  -65.295  11.583 0.0000000000
5268  13.927  -64.843  11.278 0.0000000000
5270  15.045  -64.636  10.876 0.0000000000
5271  14.495  -64.666  11.026 0.0000000000
5513  6.785  -63.836  34.730 0.0000000000
5563  5.131  -63.496  31.697 0.0000000000
5578  4.550  -62.815  29.779 0.0000000000
5589  0.300  -63.175  27.532 0.0000000000
5737  11.141  -63.027  16.048 0.0000000000
5748  12.283  -63.254  15.154 0.0000000000
5749  11.396  -63.404  15.309 0.0000000000
5767  12.397  -63.692  14.332 0.0000000000
5774  1.242  -62.918  14.444 0.0000000000
5789  16.389  -63.747  13.074 0.0000000000
5797  5.321  -62.961  13.418 0.0000000000
5798  4.457  -62.937  13.210 0.0000000000
5810  13.819  -63.379  11.803 0.0000000000
5821  15.333  -63.888  10.919 0.0000000000
5823  14.479  -63.256  11.037 0.0000000000
6036  8.230  -62.044  37.169 0.0000000000
6038  7.042  -62.532  37.668 0.0000000000
6072  7.726  -62.328  36.025 0.0000000000
6075  -0.237  -63.060  35.072 0.0000000000
6086  6.818  -62.249  34.805 0.0000000000
6087  -0.141  -63.234  34.665 0.0000000000
6115  1.466  -62.942  31.829 0.0000000000
6118  -0.206  -62.895  32.761 0.0000000000
6151  4.031  -62.304  29.789 0.0000000000
6152  3.445  -62.728  29.288 0.0000000000
6163  3.654  -63.199  28.974 0.0000000000
6165  1.475  -63.690  28.607 0.0000000000
6284  8.011  -62.106  19.086 0.0000000000
6287  5.301  -61.904  19.144 0.0000000000
6298  11.148  -61.910  18.082 0.0000000000
6303  6.667  -62.172  18.617 0.0000000000
6304  5.979  -62.086  18.506 0.0000000000
6317  10.746  -62.443  17.543 0.0000000000
6318  9.733  -62.520  17.489 0.0000000000
6319  8.800  -62.427  17.640 0.0000000000
6331  11.012  -62.693  16.794 0.0000000000
6332  9.537  -62.587  16.455 0.0000000000
6344  16.388  -63.461  14.965 0.0000000000
6346  12.272  -62.579  15.869 0.0000000000
6349  9.415  -62.644  15.311 0.0000000000
6351  7.810  -62.005  14.491 0.0000000000
6363  9.042  -62.601  14.040 0.0000000000
6364  8.233  -62.210  13.327 0.0000000000
6375  7.799  -62.141  11.991 0.0000000000
6377  6.566  -61.101  12.264 0.0000000000
6390  13.561  -62.749  12.475 0.0000000000
6394  15.562  -63.128  10.981 0.0000000000
6568  8.239  -61.572  37.045 0.0000000000
6589  0.756  -62.254  35.486 0.0000000000
6591  -0.276  -62.633  35.135 0.0000000000
6613  2.662  -61.695  33.647 0.0000000000
6627  5.275  -61.821  32.949 0.0000000000
6628  4.710  -61.445  32.507 0.0000000000
6643  4.372  -61.653  31.878 0.0000000000
6645  2.688  -62.214  31.321 0.0000000000
6646  -0.130  -62.199  31.782 0.0000000000
6654  0.175  -62.351  30.353 0.0000000000
6685  0.779  -61.992  27.037 0.0000000000
6755  6.981  -61.020  20.067 0.0000000000
6758  4.386  -61.174  20.059 0.0000000000
6769  10.212  -61.302  19.316 0.0000000000
6773  6.560  -61.670  19.693 0.0000000000
6775  4.568  -61.509  19.368 0.0000000000
6776  4.000  -60.996  19.465 0.0000000000
6790  9.860  -62.028  18.950 0.0000000000
6791  4.763  -61.617  18.697 0.0000000000
6802  11.666  -61.120  17.637 0.0000000000
6812  12.161  -61.969  16.467 0.0000000000
6815  5.717  -61.356  16.404 0.0000000000
6821  15.571  -61.568  15.579 0.0000000000
6824  6.439  -61.002  14.633 0.0000000000
6841  4.566  -59.940  13.180 0.0000000000
6851  16.351  -61.100  12.935 0.0000000000
6852  12.921  -61.808  12.571 0.0000000000
6854  6.081  -60.557  12.492 0.0000000000
6864  13.568  -61.881  11.103 0.0000000000
7021  4.779  -60.078  37.046 0.0000000000
7034  7.885  -60.956  36.636 0.0000000000
7053  7.591  -61.324  35.950 0.0000000000
7054  6.825  -60.914  35.372 0.0000000000
7055  6.107  -60.422  35.585 0.0000000000
7059  -0.156  -61.763  35.535 0.0000000000
7071  4.639  -60.518  34.687 0.0000000000
7082  5.416  -61.026  33.646 0.0000000000
7098  3.801  -61.180  32.579 0.0000000000
7111  -0.356  -59.654  30.804 0.0000000000
7120  -0.448  -60.297  30.497 0.0000000000
7135  -0.304  -60.088  29.402 0.0000000000
7227  5.876  -60.023  21.059 0.0000000000
7228  4.977  -60.189  21.094 0.0000000000
7229  4.303  -60.197  20.926 0.0000000000
7236  10.521  -59.513  20.244 0.0000000000
7240  6.416  -60.547  20.592 0.0000000000
7242  4.635  -60.751  20.649 0.0000000000
7257  8.972  -61.080  19.900 0.0000000000
7258  3.572  -60.475  19.665 0.0000000000
7265  11.210  -60.143  18.795 0.0000000000
7272  11.494  -60.420  18.081 0.0000000000
7273  4.365  -60.664  17.094 0.0000000000
7283  4.284  -60.344  16.126 0.0000000000
7290  12.465  -60.768  15.232 0.0000000000
7291  4.752  -59.730  13.789 0.0000000000
7295  1.322  -60.327  14.880 0.0000000000
7310  11.758  -60.505  11.980 0.0000000000
7311  11.346  -60.262  12.505 0.0000000000
7315  13.084  -60.720  11.359 0.0000000000
7476  5.835  -59.130  41.158 0.0000000000
7481  7.345  -60.069  40.109 0.0000000000
7499  0.810  -59.318  39.735 0.0000000000
7510  7.106  -59.838  38.657 0.0000000000
7588  0.257  -58.937  32.253 0.0000000000
7710  10.203  -58.853  21.283 0.0000000000
7714  6.328  -59.270  21.359 0.0000000000
7717  3.837  -59.766  20.954 0.0000000000
7727  10.690  -58.851  20.049 0.0000000000
7759  3.538  -59.775  17.655 0.0000000000
7776  12.060  -60.176  15.729 0.0000000000
7777  11.553  -59.758  16.191 0.0000000000
7779  2.418  -58.891  15.908 0.0000000000
7784  2.837  -59.470  15.411 0.0000000000
7791  10.292  -59.321  13.489 0.0000000000
7795  11.193  -59.940  12.237 0.0000000000
7796  10.904  -59.190  12.543 0.0000000000
7962  3.395  -58.185  42.172 0.0000000000
7971  2.060  -58.575  41.281 0.0000000000
7981  3.720  -59.052  40.775 0.0000000000
7994  0.406  -58.705  39.868 0.0000000000
8046  -0.191  -58.291  35.448 0.0000000000
8185  9.256  -58.104  22.249 0.0000000000
8187  7.360  -57.962  22.133 0.0000000000
8194  9.932  -58.405  21.827 0.0000000000
8195  8.930  -58.712  22.009 0.0000000000
8197  6.814  -58.583  21.713 0.0000000000
8201  3.144  -58.272  21.088 0.0000000000
8210  3.317  -59.081  20.911 0.0000000000
8228  10.550  -58.263  20.496 0.0000000000
8230  2.899  -58.722  18.763 0.0000000000
8243  10.988  -59.100  17.933 0.0000000000
8244  9.471  -58.314  18.363 0.0000000000
8245  8.279  -58.191  18.251 0.0000000000
8265  2.371  -58.329  16.528 0.0000000000
8275  11.152  -59.473  16.565 0.0000000000
8277  9.532  -59.066  15.927 0.0000000000
8278  8.669  -58.658  15.976 0.0000000000
8288  8.869  -58.661  14.995 0.0000000000
8290  7.342  -57.794  14.387 0.0000000000
8296  9.041  -58.428  14.020 0.0000000000
8297  8.301  -58.064  14.164 0.0000000000
8307  13.963  -57.773  12.485 0.0000000000
8310  10.657  -58.357  12.856 0.0000000000
8315  13.764  -59.154  11.667 0.0000000000
8725  9.845  -57.643  22.215 0.0000000000
8762  10.434  -57.631  20.907 0.0000000000
8783  9.900  -57.411  19.719 0.0000000000
8784  6.945  -57.381  18.966 0.0000000000
8786  1.848  -56.354  18.062 0.0000000000
8796  7.717  -57.728  18.756 0.0000000000
8798  2.451  -57.727  18.068 0.0000000000
8817  4.850  -57.126  14.741 0.0000000000
8822  5.510  -57.207  14.586 0.0000000000
8832  9.043  -57.047  13.430 0.0000000000
8833  8.311  -57.068  13.544 0.0000000000
8995  2.563  -56.219  43.455 0.0000000000
9265  9.709  -56.956  22.484 0.0000000000
9267  7.539  -56.471  22.604 0.0000000000
9270  4.565  -56.253  22.292 0.0000000000
9285  10.218  -56.869  21.405 0.0000000000
9287  2.998  -56.724  21.561 0.0000000000
9288  2.523  -56.020  21.391 0.0000000000
9289  2.054  -55.582  20.780 0.0000000000
9309  9.011  -56.093  20.284 0.0000000000
9329  6.379  -56.815  19.026 0.0000000000
9338  5.575  -56.783  18.358 0.0000000000
9364  7.916  -56.195  15.706 0.0000000000
9366  5.236  -56.609  14.810 0.0000000000
9375  9.135  -56.425  14.399 0.0000000000
9377  6.725  -56.734  14.381 0.0000000000
9378  5.632  -56.970  14.537 0.0000000000
9384  9.868  -56.437  14.004 0.0000000000
9386  7.994  -56.653  13.988 0.0000000000
9387  7.193  -56.946  13.987 0.0000000000
9394  11.532  -56.408  13.784 0.0000000000
9396  8.391  -56.909  13.620 0.0000000000
9576  2.348  -55.208  43.595 0.0000000000
9590  -0.122  -55.190  41.897 0.0000000000
9641  -0.290  -55.094  39.073 0.0000000000
9781  7.369  -55.073  23.145 0.0000000000
9782  5.801  -54.992  23.056 0.0000000000
9786  2.064  -54.311  22.673 0.0000000000
9806  10.065  -56.473  22.067 0.0000000000
9810  6.969  -55.700  22.780 0.0000000000
9850  8.560  -55.391  20.316 0.0000000000
9851  7.578  -55.551  19.805 0.0000000000
9875  5.747  -55.364  19.209 0.0000000000
9876  1.141  -54.817  18.275 0.0000000000
9877  0.634  -54.657  18.334 0.0000000000
9896  0.360  -55.089  17.958 0.0000000000
9911  4.008  -55.655  16.271 0.0000000000
9913  0.534  -55.700  17.677 0.0000000000
9925  3.554  -54.903  16.288 0.0000000000
10178  0.926  -52.561  38.314 0.0000000000
10303  7.156  -54.039  24.110 0.0000000000
10306  3.810  -54.059  24.213 0.0000000000
10329  2.448  -54.145  23.430 0.0000000000
10340  9.885  -55.256  22.214 0.0000000000
10342  1.291  -53.469  22.151 0.0000000000
10343  0.432  -52.566  21.471 0.0000000000
10351  9.848  -54.578  22.184 0.0000000000
10355  -1.628  -53.171  21.012 0.0000000000
10376  -0.058  -53.412  19.294 0.0000000000
10377  -1.041  -53.312  20.177 0.0000000000
10401  5.194  -54.466  19.244 0.0000000000
10420  2.778  -53.953  17.117 0.0000000000
10421  0.141  -54.570  18.404 0.0000000000
10434  3.065  -54.358  16.589 0.0000000000
10444  4.132  -54.997  15.933 0.0000000000
10624  -0.195  -53.762  42.668 0.0000000000
10669  -0.988  -52.316  37.380 0.0000000000
10751  3.413  -53.580  28.060 0.0000000000
10752  2.588  -53.343  28.297 0.0000000000
10757  7.306  -52.866  27.024 0.0000000000
10769  8.396  -52.821  26.131 0.0000000000
10771  7.239  -53.296  26.620 0.0000000000
10772  5.498  -53.663  26.888 0.0000000000
10775  2.129  -53.112  26.688 0.0000000000
10785  7.059  -53.628  25.760 0.0000000000
10786  5.340  -53.670  26.050 0.0000000000
10787  4.399  -53.610  25.898 0.0000000000
10789  2.905  -53.452  25.533 0.0000000000
10791  -2.185  -52.998  25.194 0.0000000000
10801  9.494  -53.297  24.064 0.0000000000
10803  7.674  -53.647  24.977 0.0000000000
10806  4.148  -53.726  24.941 0.0000000000
10807  3.316  -53.650  24.841 0.0000000000
10826  -2.041  -52.357  22.790 0.0000000000
10835  9.777  -53.713  23.038 0.0000000000
10865  8.144  -52.908  20.894 0.0000000000
10866  6.885  -53.155  20.379 0.0000000000
10908  2.821  -53.749  17.832 0.0000000000
10933  4.248  -54.199  16.309 0.0000000000
10934  3.259  -54.232  16.452 0.0000000000
11106  1.222  -51.451  46.275 0.0000000000
11123  -0.498  -51.220  44.209 0.0000000000
11137  5.787  -52.387  43.591 0.0000000000
11149  7.272  -52.405  42.638 0.0000000000
11150  6.889  -52.579  42.753 0.0000000000
11162  6.731  -52.168  41.393 0.0000000000
11179  7.104  -52.236  41.245 0.0000000000
11270  4.315  -51.242  30.647 0.0000000000
11272  2.825  -51.822  30.714 0.0000000000
11285  2.669  -52.581  29.676 0.0000000000
11286  1.944  -52.504  29.207 0.0000000000
11313  6.440  -52.366  27.928 0.0000000000
11314  1.603  -52.486  26.917 0.0000000000
11324  8.220  -52.291  26.423 0.0000000000
11337  9.213  -52.542  25.076 0.0000000000
11338  8.749  -52.369  25.789 0.0000000000
11350  -1.248  -50.831  23.507 0.0000000000
11361  -1.030  -51.317  22.753 0.0000000000
11362  -1.378  -51.724  22.545 0.0000000000
11368  9.746  -52.473  22.978 0.0000000000
11369  9.276  -51.988  22.304 0.0000000000
11370  -0.204  -51.788  22.535 0.0000000000
11414  2.415  -52.070  19.507 0.0000000000
11431  4.195  -53.049  19.662 0.0000000000
11463  7.527  -52.412  17.434 0.0000000000
11465  5.674  -52.579  17.130 0.0000000000
11467  3.344  -53.180  17.426 0.0000000000
11468  2.862  -53.456  17.745 0.0000000000
11667  4.463  -51.197  43.483 0.0000000000
11670  -0.624  -50.995  43.903 0.0000000000
11682  5.666  -51.723  42.461 0.0000000000
11710  6.933  -52.023  40.741 0.0000000000
11725  8.328  -51.163  39.668 0.0000000000
11727  7.504  -51.781  40.179 0.0000000000
11732  -0.853  -50.580  39.393 0.0000000000
11812  3.326  -50.825  31.427 0.0000000000
11822  3.812  -51.068  31.253 0.0000000000
11823  3.048  -51.192  31.495 0.0000000000
11832  4.884  -51.221  30.094 0.0000000000
11833  1.426  -51.574  29.250 0.0000000000
11849  6.207  -51.655  28.251 0.0000000000
11852  -2.127  -50.502  27.873 0.0000000000
11864  7.285  -51.829  27.178 0.0000000000
11866  6.014  -51.037  28.215 0.0000000000
11877  8.406  -51.562  25.916 0.0000000000
11878  7.732  -51.674  26.662 0.0000000000
11879  7.061  -51.318  26.956 0.0000000000
11895  -1.056  -50.327  25.151 0.0000000000
11908  9.193  -51.320  24.560 0.0000000000
11909  -0.402  -50.688  24.769 0.0000000000
11910  -1.275  -50.522  24.330 0.0000000000
11917  9.485  -51.509  23.936 0.0000000000
11918  9.050  -50.944  23.804 0.0000000000
11932  9.389  -51.545  23.139 0.0000000000
11933  8.691  -51.363  22.412 0.0000000000
11958  3.896  -51.316  21.232 0.0000000000
11974  6.954  -51.762  21.173 0.0000000000
11977  2.001  -51.450  19.943 0.0000000000
12012  2.477  -52.024  18.610 0.0000000000
12032  2.815  -52.569  18.036 0.0000000000
12227  0.186  -50.699  44.833 0.0000000000
12228  -0.288  -50.793  44.156 0.0000000000
12258  -0.527  -50.608  42.050 0.0000000000
12270  8.369  -49.997  41.724 0.0000000000
12277  -0.784  -50.258  40.883 0.0000000000
12330  8.101  -50.365  38.702 0.0000000000
12335  0.731  -48.975  37.897 0.0000000000
12405  -1.974  -49.128  33.599 0.0000000000
12412  2.675  -50.313  31.176 0.0000000000
12415  -1.578  -49.457  32.293 0.0000000000
12423  3.274  -50.345  30.927 0.0000000000
12426  -1.389  -49.448  31.178 0.0000000000
12427  -1.755  -49.886  30.205 0.0000000000
12451  5.351  -50.777  29.003 0.0000000000
12452  4.638  -50.342  28.510 0.0000000000
12456  -1.868  -50.065  28.585 0.0000000000
12476  -0.963  -49.736  27.067 0.0000000000
12489  5.694  -50.692  26.672 0.0000000000
12490  4.665  -50.455  26.666 0.0000000000
12491  3.791  -49.982  26.929 0.0000000000
12492  -1.672  -50.190  26.478 0.0000000000
12503  8.736  -51.249  25.175 0.0000000000
12509  -1.501  -50.296  25.670 0.0000000000
12535  3.967  -50.431  23.539 0.0000000000
12551  7.943  -50.896  22.667 0.0000000000
12553  6.054  -50.940  22.011 0.0000000000
12557  1.366  -49.743  21.620 0.0000000000
12568  1.760  -50.507  21.099 0.0000000000
12575  1.810  -50.911  20.329 0.0000000000
12591  2.185  -50.724  19.506 0.0000000000
12592  1.942  -50.285  20.034 0.0000000000
12609  3.647  -50.870  18.690 0.0000000000
12610  2.612  -51.223  18.869 0.0000000000
12875  9.036  -49.319  42.418 0.0000000000
12892  -0.366  -49.316  40.559 0.0000000000
12906  8.740  -48.766  41.477 0.0000000000
12926  8.489  -48.203  39.757 0.0000000000
12927  8.700  -49.913  39.105 0.0000000000
12956  8.726  -48.833  36.609 0.0000000000
13024  2.244  -49.614  30.736 0.0000000000
13039  -0.743  -48.723  31.121 0.0000000000
13040  -1.213  -49.118  30.484 0.0000000000
13059  -1.032  -49.123  29.511 0.0000000000
13060  -1.389  -49.560  29.008 0.0000000000
13081  3.447  -49.377  28.513 0.0000000000
13101  3.285  -49.209  27.469 0.0000000000
13117  2.554  -49.522  25.319 0.0000000000
13121  2.117  -49.436  24.506 0.0000000000
13149  1.397  -49.571  21.008 0.0000000000
13551  1.003  -47.776  37.576 0.0000000000
13564  1.226  -47.453  37.453 0.0000000000
13601  9.109  -47.724  33.431 0.0000000000
13604  2.079  -47.738  36.514 0.0000000000
13609  7.907  -46.250  33.060 0.0000000000
13628  3.170  -47.782  33.170 0.0000000000
13721  10.190  -48.310  24.030 0.0000000000
13723  7.937  -48.308  24.586 0.0000000000
13727  0.745  -47.425  24.439 0.0000000000
13737  9.390  -48.517  23.839 0.0000000000
13742  4.369  -47.996  23.528 0.0000000000
13756  5.875  -48.062  22.678 0.0000000000
13758  0.622  -47.932  22.342 0.0000000000
13764  3.025  -47.858  21.330 0.0000000000
13774  6.030  -47.671  20.502 0.0000000000
14200  2.298  -46.969  37.093 0.0000000000
14201  1.548  -47.231  37.046 0.0000000000
14218  5.864  -46.165  36.798 0.0000000000
14220  3.396  -46.913  36.861 0.0000000000
14222  1.578  -47.545  36.770 0.0000000000
14233  7.391  -45.872  34.158 0.0000000000
14238  7.150  -45.753  33.491 0.0000000000
14271  0.605  -47.289  33.222 0.0000000000
14324  3.090  -47.350  27.709 0.0000000000
14328  3.318  -46.765  27.477 0.0000000000
14333  1.817  -46.819  25.764 0.0000000000
14340  10.145  -47.753  24.790 0.0000000000
14343  6.369  -47.644  24.981 0.0000000000
14344  5.398  -47.628  24.757 0.0000000000
14347  1.033  -47.094  24.167 0.0000000000
14368  11.662  -47.678  22.989 0.0000000000
14371  8.422  -48.024  22.188 0.0000000000
14376  1.925  -47.373  22.386 0.0000000000
14387  7.818  -47.144  21.435 0.0000000000
14389  6.100  -47.258  21.150 0.0000000000
14801  8.794  -45.997  38.616 0.0000000000
14854  -0.420  -46.012  32.348 0.0000000000
14863  -0.549  -45.894  31.054 0.0000000000
14876  -0.324  -45.741  29.566 0.0000000000
14910  2.779  -46.143  27.705 0.0000000000
14921  1.777  -46.160  25.272 0.0000000000
14934  2.453  -45.969  24.718 0.0000000000
14935  1.391  -46.211  24.826 0.0000000000
14966  9.010  -46.577  21.065 0.0000000000
14968  7.479  -46.723  20.867 0.0000000000
14980  7.676  -46.574  20.460 0.0000000000
14989  7.817  -46.463  20.010 0.0000000000
15374  12.530  -44.627  39.333 0.0000000000
15375  11.627  -44.574  39.488 0.0000000000
15378  8.866  -44.796  39.291 0.0000000000
15460  -0.273  -45.434  30.583 0.0000000000
15478  0.239  -44.747  28.313 0.0000000000
15502  0.988  -44.558  27.777 0.0000000000
15523  10.586  -45.367  25.210 0.0000000000
15527  5.100  -45.979  25.415 0.0000000000
15529  3.340  -45.883  25.013 0.0000000000
16026  12.573  -43.588  39.195 0.0000000000
16029  10.148  -44.012  39.044 0.0000000000
16037  15.331  -43.234  38.693 0.0000000000
16049  17.172  -43.241  37.501 0.0000000000
16053  12.225  -43.985  37.796 0.0000000000
16055  10.220  -44.165  38.459 0.0000000000
16063  13.391  -44.083  36.810 0.0000000000
16071  13.679  -44.207  35.660 0.0000000000
16074  15.028  -44.068  34.359 0.0000000000
16135  0.744  -44.389  27.965 0.0000000000
16162  4.446  -43.596  27.252 0.0000000000
16174  9.080  -44.656  25.169 0.0000000000
16179  5.131  -44.070  25.447 0.0000000000
16682  15.699  -42.599  38.639 0.0000000000
16684  13.957  -42.760  38.757 0.0000000000
16686  11.719  -43.502  38.547 0.0000000000
16699  16.386  -42.605  38.367 0.0000000000
16700  14.225  -42.643  38.358 0.0000000000
16708  17.968  -42.686  36.442 0.0000000000
16728  14.536  -43.562  34.961 0.0000000000
16754  6.523  -42.488  32.472 0.0000000000
16786  4.481  -43.611  27.328 0.0000000000
16806  5.083  -43.134  25.558 0.0000000000
16814  7.683  -42.828  24.771 0.0000000000
16816  5.874  -42.682  24.479 0.0000000000
16824  12.652  -44.051  23.521 0.0000000000
17380  15.403  -42.192  38.608 0.0000000000
17399  17.225  -41.920  37.489 0.0000000000
17415  18.048  -41.611  36.073 0.0000000000
17461  18.019  -41.430  33.371 0.0000000000
17484  8.719  -42.103  33.102 0.0000000000
17500  6.280  -42.304  30.557 0.0000000000
17510  6.643  -42.486  29.369 0.0000000000
17521  6.601  -42.822  28.098 0.0000000000
17534  5.714  -41.317  25.908 0.0000000000
17545  8.396  -40.988  25.180 0.0000000000
17558  5.397  -41.918  24.833 0.0000000000
18148  16.218  -41.532  37.602 0.0000000000
18169  16.969  -41.145  36.445 0.0000000000
18190  17.110  -41.097  35.606 0.0000000000
18204  22.229  -41.474  34.458 0.0000000000
18281  7.932  -40.638  28.135 0.0000000000
18290  6.358  -40.622  25.646 0.0000000000
18301  12.129  -40.901  25.010 0.0000000000
18307  6.229  -40.262  24.986 0.0000000000
18317  7.059  -40.253  24.757 0.0000000000
18318  6.345  -40.493  24.775 0.0000000000
18961  19.786  -39.080  32.889 0.0000000000
18980  21.231  -40.872  29.168 0.0000000000
18984  9.749  -40.286  32.649 0.0000000000
18986  7.456  -41.278  32.173 0.0000000000
19022  7.559  -40.080  25.917 0.0000000000
19677  22.261  -39.125  33.069 0.0000000000
19708  21.356  -39.012  30.882 0.0000000000
19717  22.705  -38.587  29.402 0.0000000000
19721  10.698  -39.522  32.473 0.0000000000
19742  10.120  -38.488  27.338 0.0000000000
19791  10.306  -39.486  22.082 0.0000000000
20437  22.823  -37.483  30.095 0.0000000000
20452  11.964  -37.992  30.344 0.0000000000
20458  11.765  -37.772  29.212 0.0000000000
20459  10.760  -37.966  28.598 0.0000000000
21160  23.901  -36.469  30.471 0.0000000000
21898  27.257  -36.278  29.473 0.0000000000
22026  9.494  -36.548  20.031 0.0000000000
22648  25.446  -35.070  31.066 0.0000000000
22663  25.803  -35.160  30.718 0.0000000000
23339  25.581  -34.140  32.237 0.0000000000
23361  27.479  -34.408  28.507 0.0000000000
23401  13.715  -34.457  23.448 0.0000000000
24022  27.286  -33.752  29.582 0.0000000000
24031  26.966  -30.605  28.931 0.0000000000
24766  24.420  -31.050  31.054 0.0000000000
24772  25.237  -31.367  30.228 0.0000000000
24780  25.623  -30.469  29.899 0.0000000000
24785  26.755  -30.107  28.833 0.0000000000
24834  13.741  -32.417  23.044 0.0000000000
25476  23.445  -31.284  33.632 0.0000000000
25521  26.217  -29.018  27.981 0.0000000000
25586  8.309  -31.960  21.394 0.0000000000
26220  24.225  -31.082  32.119 0.0000000000
26234  23.558  -30.221  31.283 0.0000000000
26293  17.030  -30.486  24.963 0.0000000000
26327  8.635  -31.377  21.530 0.0000000000
27086  13.102  -29.814  22.314 0.0000000000
27119  10.889  -29.067  21.372 0.0000000000
27830  9.592  -28.670  21.236 0.0000000000
27863  14.110  -28.502  19.339 0.0000000000
30230  20.105  -25.040  31.451 0.0000000000
30275  19.945  -25.042  27.923 0.0000000000
31116  18.317  -24.517  29.554 0.0000000000
31134  18.781  -24.633  28.761 0.0000000000
98126  24.948  -78.918  17.727 0.0000000000
98129  6.798  -72.453  18.227 0.0000000000
98131  8.836  -72.604  20.057 0.0000000000
98136  8.632  -72.237  14.509 0.0000000000
98141  10.277  -71.905  12.909 0.0000000000
98142  10.768  -71.802  12.824 0.0000000000
98156  7.219  -47.241  33.114 0.0000000000
98910  7.601  -71.681  18.864 0.0000000000
99096  6.680  -72.668  16.762 0.0000000000
99356  8.520  -72.397  19.659 0.0000000000
99389  7.982  -71.880  15.215 0.0000000000
99881  7.283  -65.729  17.262 0.0000000000
100088  14.629  -61.248  18.025 0.0000000000
100104  10.718  -76.668  38.696 0.0000000000
100119  18.559  -40.868  34.144 0.0000000000
100176  10.624  -72.749  18.851 0.0000000000
100419  4.271  -53.701  26.856 0.0000000000
100463  5.143  -53.352  28.152 0.0000000000
100538  4.973  -53.680  27.301 0.0000000000
100606  21.496  -72.391  17.123 0.0000000000
100692  10.050  -83.365  30.975 0.0000000000
101181  -0.473  -46.638  29.914 0.0000000000
101289  5.949  -61.006  15.463 0.0000000000
101442  4.058  -51.277  44.164 0.0000000000
101713  4.235  -53.336  28.553 0.0000000000
101725  6.343  -75.100  39.562 0.0000000000
101871  6.395  -47.211  33.619 0.0000000000
102065  14.285  -62.969  19.153 0.0000000000
102527  13.134  -58.543  12.153 0.0000000000
102591  14.951  -63.205  10.794 0.0000000000
102624  9.408  -47.114  25.158 0.0000000000
102650  28.586  -77.965  19.962 0.0000000000
102704  11.943  -57.583  12.875 0.0000000000
103075  -0.524  -53.959  42.017 0.0000000000
103242  0.457  -50.159  28.221 0.0000000000
103247  7.955  -61.086  38.247 0.0000000000
103374  8.461  -64.797  12.289 0.0000000000
103381  1.249  -54.521  18.929 0.0000000000
103439  5.375  -68.121  17.918 0.0000000000
103465  27.763  -77.812  20.385 0.0000000000
103544  18.903  -76.134  25.604 0.0000000000
103581  11.114  -83.063  32.827 0.0000000000
103814  26.803  -79.301  23.093 0.0000000000
104227  3.207  -53.510  25.953 0.0000000000
104359  12.739  -61.408  14.823 0.0000000000
104437  6.625  -62.157  17.787 0.0000000000
104562  10.732  -58.781  19.295 0.0000000000
104645  5.992  -78.056  41.005 0.0000000000
104648  -0.728  -51.402  39.468 0.0000000000
104774  0.337  -63.342  33.537 0.0000000000
104775  7.244  -76.295  34.887 0.0000000000
104797  19.076  -81.165  33.340 0.0000000000
104843  2.549  -69.096  32.369 0.0000000000
104869  15.503  -68.937  20.232 0.0000000000
104906  14.818  -76.211  42.217 0.0000000000
104946  -0.263  -49.021  29.256 0.0000000000
105295  9.817  -53.225  22.898 0.0000000000
105326  4.350  -55.969  15.664 0.0000000000
105474  4.987  -44.983  25.509 0.0000000000
105519  1.560  -55.353  18.838 0.0000000000
105550  16.380  -62.869  12.459 0.0000000000
105732  6.286  -74.480  38.187 0.0000000000
105837  7.722  -62.245  15.913 0.0000000000
105856  26.093  -29.566  29.391 0.0000000000
106134  8.776  -27.570  20.765 0.0000000000
106150  2.418  -69.902  34.616 0.0000000000
106573  11.428  -83.481  28.201 0.0000000000
106632  27.173  -35.003  30.006 0.0000000000
106861  9.036  -58.719  16.913 0.0000000000
106916  10.785  -56.850  13.428 0.0000000000
106920  8.521  -69.864  36.418 0.0000000000
106962  9.691  -45.331  25.287 0.0000000000
107085  4.720  -47.044  38.553 0.0000000000
107160  1.543  -52.462  27.817 0.0000000000
107182  28.105  -77.767  16.851 0.0000000000
107291  26.294  -30.414  29.530 0.0000000000
107468  4.802  -63.487  29.998 0.0000000000
107639  0.883  -65.217  27.068 0.0000000000
107726  28.657  -76.948  22.551 0.0000000000
107899  27.049  -79.083  23.911 0.0000000000
108003  1.642  -50.161  43.014 0.0000000000
108207  3.297  -49.850  26.055 0.0000000000
108373  6.483  -57.365  14.396 0.0000000000
108731  1.028  -48.747  21.651 0.0000000000
109158  9.118  -65.027  11.445 0.0000000000
109285  11.560  -59.157  12.198 0.0000000000
109506  12.158  -66.685  15.872 0.0000000000
109589  4.369  -55.726  17.411 0.0000000000
109620  -0.436  -51.096  38.844 0.0000000000
109648  16.058  -79.200  24.780 0.0000000000
109690  16.703  -78.078  28.492 0.0000000000
109757  3.967  -59.226  21.370 0.0000000000
109814  15.916  -76.394  26.644 0.0000000000
109820  21.434  -71.396  24.735 0.0000000000
109832  6.230  -51.427  21.461 0.0000000000
109856  6.604  -59.619  39.181 0.0000000000
110002  24.083  -76.647  22.933 0.0000000000
110027  1.695  -50.887  30.744 0.0000000000
110091  12.338  -29.447  21.366 0.0000000000
110210  12.973  -61.321  11.444 0.0000000000
110269  5.058  -50.544  26.009 0.0000000000
110304  14.014  -64.021  20.333 0.0000000000
110392  25.338  -28.500  30.173 0.0000000000
110514  15.563  -65.649  13.095 0.0000000000
110528  9.720  -59.002  16.842 0.0000000000
110634  25.789  -77.512  15.585 0.0000000000
110682  7.653  -70.117  20.718 0.0000000000
110711  9.358  -69.786  20.448 0.0000000000
110728  10.223  -59.349  15.601 0.0000000000
110957  0.516  -57.627  40.917 0.0000000000
111298  21.628  -38.555  32.270 0.0000000000
111508  4.325  -68.166  34.169 0.0000000000
111775  8.260  -60.252  20.585 0.0000000000
111894  11.646  -60.192  17.483 0.0000000000
112079  17.897  -72.676  18.186 0.0000000000
112285  7.759  -57.185  19.299 0.0000000000
112423  8.312  -74.742  34.603 0.0000000000
112504  3.090  -61.499  13.436 0.0000000000
112594  10.706  -77.337  42.712 0.0000000000
112730  25.775  -77.311  23.941 0.0000000000
112785  3.797  -60.121  37.182 0.0000000000
112908  7.479  -71.657  16.126 0.0000000000
113058  7.525  -72.608  18.645 0.0000000000
113149  8.076  -72.111  19.496 0.0000000000
113152  8.169  -72.564  19.817 0.0000000000
113209  10.268  -71.551  13.457 0.0000000000
113246  11.687  -72.633  17.799 0.0000000000
113404  9.388  -72.705  19.715 0.0000000000
113431  7.958  -72.303  18.810 0.0000000000
113485  6.724  -71.663  17.017 0.0000000000
113629  8.911  -65.320  11.447 0.0000000000
113758  14.801  -82.634  31.821 0.0000000000
113821  8.269  -61.980  36.933 0.0000000000
113828  15.576  -64.750  17.604 0.0000000000
113987  28.253  -76.411  17.885 0.0000000000
114181  -0.625  -46.753  30.613 0.0000000000
114277  12.199  -47.163  23.207 0.0000000000
114310  -0.333  -62.758  33.548 0.0000000000
114327  22.482  -77.773  11.549 0.0000000000
114548  16.775  -71.740  12.899 0.0000000000
114579  -0.154  -52.221  21.147 0.0000000000
114724  28.957  -76.754  17.952 0.0000000000
115140  26.126  -79.756  15.541 0.0000000000
115453  23.606  -37.503  32.085 0.0000000000
115645  15.181  -65.167  11.105 0.0000000000
115845  9.987  -38.996  22.033 0.0000000000
115930  6.047  -53.049  16.883 0.0000000000
115943  1.453  -59.583  15.288 0.0000000000
116060  7.446  -51.325  39.541 0.0000000000
116188  8.475  -56.300  15.014 0.0000000000
116222  12.595  -68.023  21.805 0.0000000000
116304  27.423  -76.886  15.921 0.0000000000
116424  5.842  -68.024  14.132 0.0000000000
116474  14.420  -61.890  10.691 0.0000000000
116617  12.986  -65.415  18.297 0.0000000000
116835  5.475  -52.777  28.602 0.0000000000
116872  6.090  -55.592  22.722 0.0000000000
116914  6.662  -50.654  25.845 0.0000000000
116918  6.684  -47.292  20.618 0.0000000000
116955  9.204  -53.133  24.751 0.0000000000
117088  4.936  -47.753  20.784 0.0000000000
117153  9.574  -59.821  20.831 0.0000000000
117243  14.992  -77.542  37.933 0.0000000000
117358  6.609  -74.251  44.612 0.0000000000
117361  4.939  -55.670  22.600 0.0000000000
117395  7.131  -50.499  23.821 0.0000000000
117444  9.946  -55.885  22.204 0.0000000000
117445  16.491  -64.213  14.647 0.0000000000
117683  2.778  -58.837  16.477 0.0000000000
117806  6.850  -63.925  35.740 0.0000000000
117867  11.482  -81.141  34.254 0.0000000000
117896  4.573  -59.477  39.126 0.0000000000
118062  10.472  -58.835  20.731 0.0000000000
118079  29.085  -77.429  18.533 0.0000000000
118113  6.021  -56.634  14.616 0.0000000000
118131  4.109  -60.252  36.761 0.0000000000
118193  12.427  -46.858  21.783 0.0000000000
118208  3.411  -59.818  18.458 0.0000000000
118248  24.720  -34.819  34.348 0.0000000000
118344  7.106  -59.783  40.201 0.0000000000
118399  20.422  -79.369  24.443 0.0000000000
118403  10.135  -72.727  20.116 0.0000000000
118454  7.671  -64.559  14.505 0.0000000000
118492  20.453  -77.150  25.895 0.0000000000
118511  12.383  -67.134  13.319 0.0000000000
118634  21.867  -32.421  23.994 0.0000000000
118652  13.535  -75.642  41.914 0.0000000000
118809  8.499  -69.470  20.017 0.0000000000
118823  12.342  -67.143  14.255 0.0000000000
119251  14.856  -62.048  18.093 0.0000000000
119265  12.767  -39.067  25.047 0.0000000000
119281  14.728  -63.322  18.506 0.0000000000
119449  4.993  -67.799  32.784 0.0000000000
119703  22.590  -80.862  26.729 0.0000000000
119792  3.859  -60.593  34.822 0.0000000000
119836  21.095  -80.217  26.952 0.0000000000
119874  12.232  -59.094  11.985 0.0000000000
119909  12.414  -82.510  27.160 0.0000000000
119930  20.815  -40.646  33.680 0.0000000000
119941  6.865  -42.404  31.418 0.0000000000
119989  5.380  -61.413  33.335 0.0000000000
120021  4.242  -68.168  36.565 0.0000000000
120371  27.283  -78.388  21.645 0.0000000000
120461  7.616  -62.300  16.614 0.0000000000
120485  9.577  -82.518  34.645 0.0000000000
120572  4.313  -47.476  21.635 0.0000000000
120590  19.217  -72.940  19.449 0.0000000000
120779  6.757  -62.092  16.901 0.0000000000
120817  3.718  -62.123  30.079 0.0000000000
120883  17.971  -82.549  13.414 0.0000000000
120906  11.130  -47.951  22.755 0.0000000000
120910  8.003  -62.961  11.749 0.0000000000
