#!ascii label  , from subject sub-v1s16x0051165_ses-1 vox2ras=TkReg
4043
933  24.351  -79.113  31.270 0.0000000000
13027  9.783  -53.858  23.764 0.0000000000
9238  7.028  -59.897  46.352 0.0000000000
4306  18.471  -70.832  14.930 0.0000000000
21644  20.100  -39.078  24.802 0.0000000000
746  30.997  -81.516  20.648 0.0000000000
12248  5.255  -54.516  34.001 0.0000000000
92896  12.676  -47.272  29.873 0.0000000000
19737  13.999  -41.956  21.860 0.0000000000
1809  18.917  -76.655  37.548 0.0000000000
106119  14.407  -76.966  31.498 0.0000000000
3287  13.294  -72.187  37.524 0.0000000000
15248  13.765  -49.244  40.630 0.0000000000
108410  22.602  -74.630  17.893 0.0000000000
97281  14.883  -62.036  26.813 0.0000000000
1223  31.356  -79.599  30.576 0.0000000000
1946  27.262  -76.031  25.375 0.0000000000
293  27.109  -82.668  25.818 0.0000000000
21002  15.242  -40.653  23.881 0.0000000000
1560  21.051  -76.836  29.892 0.0000000000
4028  11.416  -70.791  43.115 0.0000000000
94677  13.242  -64.037  43.054 0.0000000000
8379  7.026  -61.907  43.058 0.0000000000
18257  20.958  -42.808  40.331 0.0000000000
15828  21.708  -48.395  37.238 0.0000000000
17664  26.001  -46.017  35.452 0.0000000000
104490  14.692  -74.452  14.338 0.0000000000
1083  18.390  -79.511  14.930 0.0000000000
3187  18.917  -74.000  10.874 0.0000000000
99305  22.929  -70.030  12.217 0.0000000000
5246  17.708  -68.974  7.482 0.0000000000
14781  8.150  -50.666  30.177 0.0000000000
9932  9.241  -58.214  30.546 0.0000000000
11678  13.632  -55.085  30.915 0.0000000000
20337  27.421  -41.237  27.015 0.0000000000
565  32.826  -80.919  13.949 0.0000000000
5218  11.032  -67.466  13.220 0.0000000000
15860  6.801  -47.810  33.798 0.0000000000
15368  8.107  -48.878  26.498 0.0000000000
18350  12.775  -44.901  26.314 0.0000000000
98648  17.477  -80.274  36.961 0.0000000000
15  21.819  -84.374  30.684 0.0000000000
421  16.198  -81.155  32.176 0.0000000000
3273  15.476  -72.902  39.623 0.0000000000
1176  10.470  -77.710  35.586 0.0000000000
12779  9.539  -53.732  42.235 0.0000000000
99779  30.855  -43.146  32.546 0.0000000000
24865  25.606  -33.794  31.669 0.0000000000
859  19.901  -78.518  42.807 0.0000000000
1158  25.264  -79.116  36.347 0.0000000000
586  25.823  -81.028  11.557 0.0000000000
2034  26.779  -75.981  12.041 0.0000000000
7524  8.465  -63.861  29.675 0.0000000000
101230  10.354  -66.049  23.005 0.0000000000
6049  16.444  -66.565  19.970 0.0000000000
8553  9.260  -60.838  23.146 0.0000000000
1544  27.104  -78.089  30.003 0.0000000000
444  29.338  -81.968  28.101 0.0000000000
97902  26.111  -82.367  29.603 0.0000000000
8764  9.980  -61.496  48.462 0.0000000000
7362  13.129  -63.852  46.865 0.0000000000
102117  12.121  -60.154  45.241 0.0000000000
95128  9.395  -63.537  44.061 0.0000000000
9847  8.910  -58.896  42.785 0.0000000000
17050  20.557  -45.641  38.270 0.0000000000
17649  23.442  -44.888  37.725 0.0000000000
16446  24.288  -47.560  36.257 0.0000000000
3105  17.076  -72.982  15.831 0.0000000000
2422  17.258  -75.259  11.061 0.0000000000
3537  15.886  -72.330  10.548 0.0000000000
4367  18.064  -70.213  9.309 0.0000000000
4810  15.305  -69.690  10.694 0.0000000000
13595  8.669  -52.591  28.307 0.0000000000
13559  11.163  -52.482  29.722 0.0000000000
12980  12.102  -53.445  27.348 0.0000000000
94786  25.824  -36.690  27.472 0.0000000000
109094  25.270  -38.200  26.671 0.0000000000
1297  29.796  -78.886  22.696 0.0000000000
1967  28.726  -76.143  21.447 0.0000000000
107778  30.687  -79.598  18.761 0.0000000000
1039  36.213  -79.855  18.026 0.0000000000
529  32.663  -81.158  16.779 0.0000000000
15903  9.597  -47.162  30.964 0.0000000000
16489  6.757  -45.634  29.580 0.0000000000
16512  10.271  -45.584  28.563 0.0000000000
20351  21.586  -40.873  25.834 0.0000000000
19664  18.756  -41.961  26.041 0.0000000000
21017  13.892  -40.346  24.044 0.0000000000
19670  13.190  -42.594  24.845 0.0000000000
96887  15.570  -78.505  38.706 0.0000000000
408  15.808  -81.310  35.388 0.0000000000
1181  17.213  -78.286  34.583 0.0000000000
1888  17.316  -76.618  30.446 0.0000000000
1260  18.160  -78.215  27.487 0.0000000000
1598  14.210  -78.109  27.888 0.0000000000
98980  11.900  -79.889  28.158 0.0000000000
3267  11.667  -72.417  40.674 0.0000000000
2145  11.742  -75.475  40.384 0.0000000000
2554  9.992  -74.932  36.840 0.0000000000
94034  15.466  -48.989  43.776 0.0000000000
12774  14.791  -52.838  42.667 0.0000000000
12811  11.533  -52.438  40.458 0.0000000000
103407  5.902  -52.546  40.015 0.0000000000
14105  9.389  -50.313  37.982 0.0000000000
21554  25.236  -41.548  31.381 0.0000000000
89060  31.448  -43.446  30.126 0.0000000000
22806  29.407  -37.958  31.914 0.0000000000
22851  28.922  -37.104  30.429 0.0000000000
102838  20.092  -76.022  40.843 0.0000000000
1743  18.847  -76.014  46.403 0.0000000000
1453  16.834  -77.493  41.604 0.0000000000
613  18.524  -79.743  40.380 0.0000000000
1681  20.308  -77.077  16.412 0.0000000000
779  19.564  -79.866  17.283 0.0000000000
1675  22.776  -77.728  16.812 0.0000000000
1376  24.663  -78.197  13.875 0.0000000000
2379  25.941  -75.804  15.939 0.0000000000
3079  25.615  -72.845  18.198 0.0000000000
9916  7.284  -58.953  32.233 0.0000000000
8932  12.405  -61.119  29.793 0.0000000000
7545  10.549  -63.399  27.284 0.0000000000
5982  12.845  -65.949  24.973 0.0000000000
91036  13.015  -68.306  20.952 0.0000000000
6532  15.155  -65.593  23.342 0.0000000000
95265  29.281  -78.639  27.575 0.0000000000
988  26.622  -78.964  25.409 0.0000000000
477  28.404  -80.930  23.144 0.0000000000
23509  19.343  -37.136  22.286 0.0000000000
22893  13.846  -37.246  23.098 0.0000000000
93974  14.048  -38.485  21.972 0.0000000000
1852  19.621  -76.758  33.655 0.0000000000
2600  22.404  -73.818  32.718 0.0000000000
3340  19.801  -72.791  32.128 0.0000000000
2594  16.810  -74.435  33.362 0.0000000000
4438  12.787  -70.309  46.283 0.0000000000
5802  9.875  -67.485  46.671 0.0000000000
92088  11.512  -67.168  43.627 0.0000000000
5399  13.091  -67.098  41.047 0.0000000000
6897  11.380  -64.795  40.676 0.0000000000
17026  17.584  -46.086  41.274 0.0000000000
15276  12.676  -48.649  37.574 0.0000000000
16436  17.766  -47.647  38.666 0.0000000000
15270  17.817  -50.056  34.622 0.0000000000
16456  27.592  -47.799  34.676 0.0000000000
105569  17.246  -77.744  13.397 0.0000000000
95484  20.220  -77.174  12.426 0.0000000000
3135  20.674  -73.825  14.544 0.0000000000
3461  24.009  -72.389  15.364 0.0000000000
3936  22.678  -72.270  11.161 0.0000000000
4372  22.445  -72.074  6.694 0.0000000000
13546  5.541  -52.293  31.258 0.0000000000
105902  5.779  -56.209  29.742 0.0000000000
12308  8.257  -54.686  29.529 0.0000000000
11079  10.890  -56.877  32.164 0.0000000000
9931  14.136  -58.653  31.307 0.0000000000
104314  25.499  -42.148  26.882 0.0000000000
20984  23.670  -40.191  25.817 0.0000000000
22875  22.057  -37.660  24.850 0.0000000000
94721  32.901  -78.787  14.283 0.0000000000
1401  30.511  -78.015  10.498 0.0000000000
3899  12.606  -71.369  13.061 0.0000000000
4291  15.788  -70.195  15.720 0.0000000000
14744  4.723  -50.926  34.467 0.0000000000
105608  5.239  -49.043  31.315 0.0000000000
14805  6.303  -49.850  27.678 0.0000000000
14257  7.536  -51.949  25.438 0.0000000000
16526  14.555  -47.215  28.237 0.0000000000
18325  14.340  -45.221  27.291 0.0000000000
16528  12.822  -45.940  28.452 0.0000000000
15944  12.193  -47.502  27.316 0.0000000000
15398  11.530  -50.531  25.871 0.0000000000
14296  10.188  -51.008  22.744 0.0000000000
107116  21.416  -79.911  34.212 0.0000000000
259  23.387  -82.403  32.189 0.0000000000
252  19.171  -82.070  33.890 0.0000000000
10  18.407  -83.140  32.114 0.0000000000
935  19.429  -79.366  31.035 0.0000000000
454  16.705  -81.220  27.840 0.0000000000
95674  14.371  -74.420  35.254 0.0000000000
2879  13.503  -73.314  42.439 0.0000000000
2165  12.688  -76.252  38.000 0.0000000000
1522  12.276  -78.307  33.417 0.0000000000
11505  9.277  -55.566  44.852 0.0000000000
11525  4.913  -55.980  43.821 0.0000000000
105932  5.549  -57.177  41.005 0.0000000000
107339  29.060  -45.944  34.206 0.0000000000
20254  28.765  -42.349  34.058 0.0000000000
16478  30.085  -47.110  32.124 0.0000000000
94292  30.448  -47.520  28.664 0.0000000000
22854  27.944  -37.564  28.656 0.0000000000
1443  23.165  -76.802  44.390 0.0000000000
379  22.323  -80.478  39.148 0.0000000000
639  20.859  -79.880  37.011 0.0000000000
93801  24.042  -77.319  34.279 0.0000000000
134  24.757  -83.242  28.825 0.0000000000
57  25.414  -83.368  24.683 0.0000000000
544  30.027  -81.192  15.408 0.0000000000
583  29.366  -81.087  12.118 0.0000000000
1107  27.290  -78.731  10.205 0.0000000000
106083  23.611  -77.669  10.056 0.0000000000
2061  28.055  -76.668  9.286 0.0000000000
104650  7.933  -60.751  28.600 0.0000000000
7065  8.281  -63.780  24.589 0.0000000000
103911  10.975  -66.674  17.741 0.0000000000
92443  13.792  -68.442  17.847 0.0000000000
5152  19.055  -68.723  17.700 0.0000000000
10526  15.738  -56.909  30.720 0.0000000000
9410  14.100  -58.969  27.987 0.0000000000
9425  11.227  -58.204  26.762 0.0000000000
8544  12.430  -61.940  24.832 0.0000000000
8085  14.110  -62.396  21.190 0.0000000000
7116  17.828  -64.226  18.321 0.0000000000
5658  18.867  -67.251  14.404 0.0000000000
6132  14.933  -65.987  11.599 0.0000000000
6661  19.066  -65.370  10.264 0.0000000000
1225  25.577  -78.373  30.235 0.0000000000
93560  26.876  -80.033  29.426 0.0000000000
686  25.247  -80.780  30.246 0.0000000000
8776  7.338  -61.191  46.900 0.0000000000
8785  11.737  -60.542  47.422 0.0000000000
9237  10.517  -60.152  45.969 0.0000000000
9268  11.156  -59.791  44.000 0.0000000000
93810  9.629  -58.971  44.235 0.0000000000
17640  22.513  -43.572  38.182 0.0000000000
18268  24.175  -44.092  37.723 0.0000000000
3501  18.049  -72.082  15.566 0.0000000000
99733  17.460  -72.594  13.712 0.0000000000
91099  17.108  -71.821  12.785 0.0000000000
4355  15.537  -71.127  10.743 0.0000000000
4343  17.506  -69.966  12.748 0.0000000000
13002  8.482  -54.221  26.218 0.0000000000
13606  10.696  -52.874  27.921 0.0000000000
12344  9.806  -54.806  25.664 0.0000000000
23476  25.318  -36.276  27.055 0.0000000000
742  30.683  -80.583  21.671 0.0000000000
1305  29.767  -78.987  20.413 0.0000000000
750  31.063  -81.005  19.794 0.0000000000
763  32.644  -80.466  17.895 0.0000000000
510  31.197  -81.191  18.600 0.0000000000
15902  10.793  -47.373  30.647 0.0000000000
15919  9.829  -45.601  29.665 0.0000000000
15918  10.878  -45.929  29.496 0.0000000000
21635  20.658  -39.438  25.259 0.0000000000
20353  19.907  -41.070  25.854 0.0000000000
20991  19.490  -40.557  25.446 0.0000000000
20394  13.457  -41.413  22.886 0.0000000000
94133  17.339  -77.329  38.251 0.0000000000
103929  16.208  -78.011  36.815 0.0000000000
1824  17.997  -77.130  36.171 0.0000000000
1877  15.707  -76.670  31.409 0.0000000000
93273  15.817  -77.517  28.907 0.0000000000
1565  14.457  -77.515  29.707 0.0000000000
1247  12.791  -79.475  28.155 0.0000000000
1567  12.964  -78.507  29.861 0.0000000000
3274  12.816  -72.397  39.007 0.0000000000
2538  12.032  -74.007  38.919 0.0000000000
2918  11.259  -73.300  37.286 0.0000000000
15235  14.699  -49.025  42.179 0.0000000000
14073  13.612  -51.242  41.167 0.0000000000
14081  12.902  -50.491  40.517 0.0000000000
13477  10.105  -51.174  38.888 0.0000000000
108169  10.693  -49.981  38.944 0.0000000000
22171  29.139  -38.214  32.504 0.0000000000
1790  19.432  -76.405  39.184 0.0000000000
92710  18.866  -76.976  41.709 0.0000000000
1792  17.983  -77.082  39.666 0.0000000000
94154  16.081  -77.769  40.066 0.0000000000
2362  21.413  -75.240  17.081 0.0000000000
1668  21.038  -77.342  17.390 0.0000000000
1999  22.909  -76.100  17.529 0.0000000000
2007  24.439  -76.711  16.601 0.0000000000
2359  24.423  -75.444  17.690 0.0000000000
2357  26.062  -74.867  17.228 0.0000000000
3081  24.345  -73.516  18.382 0.0000000000
10507  6.698  -57.415  33.153 0.0000000000
8029  13.710  -62.114  28.643 0.0000000000
7543  12.694  -63.508  27.304 0.0000000000
7027  14.208  -64.167  26.234 0.0000000000
5994  14.739  -65.879  24.104 0.0000000000
7581  15.554  -63.648  25.054 0.0000000000
1572  30.511  -78.445  28.117 0.0000000000
958  30.766  -79.863  28.933 0.0000000000
285  28.801  -82.679  26.865 0.0000000000
710  28.138  -80.394  26.813 0.0000000000
458  26.642  -80.786  25.690 0.0000000000
731  26.841  -80.135  23.974 0.0000000000
90510  26.381  -81.798  23.964 0.0000000000
99829  17.488  -37.868  22.388 0.0000000000
23528  17.617  -36.188  21.636 0.0000000000
23512  14.542  -36.202  22.538 0.0000000000
22909  13.723  -37.462  22.879 0.0000000000
3694  19.736  -71.878  33.887 0.0000000000
2972  18.483  -73.733  32.553 0.0000000000
103604  18.503  -72.272  35.178 0.0000000000
6279  10.463  -66.145  47.859 0.0000000000
6831  13.492  -63.995  45.399 0.0000000000
95351  12.936  -65.512  45.401 0.0000000000
6332  13.353  -65.108  43.364 0.0000000000
5388  11.847  -67.476  42.142 0.0000000000
92359  13.367  -65.104  41.751 0.0000000000
90092  13.117  -64.870  40.448 0.0000000000
7418  11.860  -63.928  41.867 0.0000000000
7901  7.927  -63.025  43.448 0.0000000000
6876  8.533  -64.629  43.072 0.0000000000
17635  19.712  -44.089  40.696 0.0000000000
15818  16.999  -48.145  39.048 0.0000000000
17044  18.951  -46.097  38.867 0.0000000000
106724  21.099  -47.453  37.644 0.0000000000
16443  19.560  -47.396  37.702 0.0000000000
15830  20.001  -48.437  36.980 0.0000000000
17054  25.432  -46.336  36.073 0.0000000000
16452  24.670  -48.163  35.690 0.0000000000
16451  25.481  -47.954  35.221 0.0000000000
15852  25.941  -48.430  35.053 0.0000000000
16457  26.471  -46.951  34.737 0.0000000000
2030  16.926  -76.518  14.085 0.0000000000
94112  17.917  -75.024  9.895 0.0000000000
1719  18.540  -77.031  10.133 0.0000000000
2421  19.366  -75.334  11.094 0.0000000000
104036  20.445  -75.295  13.137 0.0000000000
3161  19.963  -73.662  13.036 0.0000000000
3510  20.921  -72.164  13.688 0.0000000000
3917  19.859  -71.695  12.352 0.0000000000
4814  18.494  -69.617  8.335 0.0000000000
4365  20.526  -70.829  9.206 0.0000000000
5245  20.140  -68.776  7.551 0.0000000000
14200  7.074  -51.032  30.467 0.0000000000
12960  6.441  -53.853  29.680 0.0000000000
94871  8.193  -52.426  30.273 0.0000000000
12958  12.591  -53.510  29.728 0.0000000000
11681  10.961  -55.425  30.091 0.0000000000
11664  12.390  -55.714  30.971 0.0000000000
9912  12.971  -57.415  32.374 0.0000000000
11086  13.513  -56.345  31.748 0.0000000000
19650  26.188  -41.933  26.962 0.0000000000
22870  24.167  -37.916  25.885 0.0000000000
21629  24.171  -39.555  25.975 0.0000000000
98982  23.396  -37.961  25.475 0.0000000000
98225  22.696  -38.013  25.207 0.0000000000
22874  22.866  -37.183  24.992 0.0000000000
1991  33.445  -77.011  18.350 0.0000000000
796  34.176  -80.179  15.636 0.0000000000
1070  36.292  -79.438  16.124 0.0000000000
823  33.337  -79.674  14.324 0.0000000000
1104  32.112  -78.201  11.467 0.0000000000
840  31.473  -79.197  12.818 0.0000000000
5230  9.983  -68.150  12.383 0.0000000000
4346  10.626  -70.020  12.090 0.0000000000
4799  12.252  -68.951  12.698 0.0000000000
4309  13.457  -70.778  14.087 0.0000000000
4779  13.993  -68.853  13.870 0.0000000000
15300  8.471  -48.451  34.191 0.0000000000
109069  6.636  -49.244  34.861 0.0000000000
14742  6.017  -50.882  35.324 0.0000000000
15294  5.578  -49.187  34.499 0.0000000000
14758  4.597  -50.320  32.555 0.0000000000
15889  5.460  -47.765  31.983 0.0000000000
15947  7.434  -47.037  27.322 0.0000000000
104901  6.303  -48.309  27.970 0.0000000000
15369  6.622  -49.125  26.883 0.0000000000
14826  6.457  -50.915  26.147 0.0000000000
15379  7.517  -49.901  25.990 0.0000000000
21001  16.533  -40.745  24.017 0.0000000000
20365  17.202  -41.396  24.529 0.0000000000
18986  12.884  -43.937  25.618 0.0000000000
18984  14.292  -44.100  25.979 0.0000000000
18348  13.242  -44.607  26.347 0.0000000000
17108  13.295  -45.980  28.124 0.0000000000
17117  12.868  -45.802  27.140 0.0000000000
15943  12.431  -47.233  27.135 0.0000000000
17118  12.491  -46.543  26.237 0.0000000000
17166  11.443  -47.119  23.768 0.0000000000
15970  11.781  -48.960  25.316 0.0000000000
99289  10.758  -49.217  23.596 0.0000000000
14840  10.191  -50.387  23.965 0.0000000000
104086  19.056  -79.937  35.551 0.0000000000
667  19.770  -80.509  34.010 0.0000000000
407  17.668  -81.456  35.697 0.0000000000
417  15.694  -81.376  33.900 0.0000000000
105  16.369  -82.844  33.780 0.0000000000
13  16.811  -82.195  32.187 0.0000000000
24  17.370  -83.212  30.486 0.0000000000
269  15.273  -82.797  30.209 0.0000000000
1876  20.883  -77.002  31.551 0.0000000000
1528  19.634  -77.794  32.487 0.0000000000
1227  20.547  -78.215  30.544 0.0000000000
983  16.954  -79.199  26.588 0.0000000000
707  18.077  -80.021  27.860 0.0000000000
2923  16.080  -73.159  36.854 0.0000000000
2917  14.963  -73.962  37.804 0.0000000000
4445  12.458  -70.352  44.716 0.0000000000
3234  13.237  -72.194  44.501 0.0000000000
2869  12.120  -73.322  43.518 0.0000000000
103125  10.941  -76.646  38.391 0.0000000000
1793  12.419  -76.789  39.783 0.0000000000
1496  12.039  -77.493  37.111 0.0000000000
106584  12.332  -77.124  35.244 0.0000000000
99728  11.381  -78.107  34.321 0.0000000000
930  10.463  -79.750  31.710 0.0000000000
1212  10.030  -78.395  32.808 0.0000000000
92589  11.785  -53.114  42.950 0.0000000000
103582  13.916  -53.797  43.432 0.0000000000
12739  10.747  -53.448  44.381 0.0000000000
12082  10.943  -54.057  45.566 0.0000000000
12099  8.907  -54.676  43.921 0.0000000000
95348  7.026  -55.658  43.959 0.0000000000
96877  7.715  -54.310  42.916 0.0000000000
12850  5.760  -52.708  38.001 0.0000000000
12172  4.637  -53.725  40.134 0.0000000000
14718  14.519  -50.234  35.253 0.0000000000
108305  11.892  -50.094  35.584 0.0000000000
18283  27.078  -44.749  34.149 0.0000000000
18935  27.888  -43.645  34.210 0.0000000000
20896  28.444  -40.622  33.488 0.0000000000
20897  27.498  -41.582  33.169 0.0000000000
19609  30.217  -42.401  33.563 0.0000000000
18287  30.254  -44.152  33.456 0.0000000000
17679  30.526  -45.535  32.405 0.0000000000
16486  30.057  -47.759  30.576 0.0000000000
92559  30.734  -46.184  30.792 0.0000000000
89059  31.687  -42.666  29.260 0.0000000000
17089  32.312  -45.254  27.780 0.0000000000
90054  32.785  -44.502  27.346 0.0000000000
22853  28.601  -37.327  29.426 0.0000000000
24156  27.051  -34.920  30.150 0.0000000000
24166  26.597  -35.212  29.218 0.0000000000
2111  21.843  -75.356  45.841 0.0000000000
1112  19.322  -77.476  44.427 0.0000000000
1437  21.204  -76.970  45.718 0.0000000000
1116  21.543  -77.916  44.289 0.0000000000
861  22.241  -78.887  42.217 0.0000000000
384  17.551  -79.830  38.835 0.0000000000
382  19.838  -80.376  39.064 0.0000000000
97694  19.009  -79.539  37.816 0.0000000000
901  21.051  -79.451  35.739 0.0000000000
1178  26.262  -78.578  34.567 0.0000000000
1518  25.540  -77.403  33.450 0.0000000000
1169  24.211  -77.516  35.898 0.0000000000
114  22.771  -83.541  31.321 0.0000000000
120  24.503  -83.114  30.959 0.0000000000
21  23.379  -84.322  30.189 0.0000000000
312  26.363  -82.517  22.641 0.0000000000
107686  27.789  -79.643  11.151 0.0000000000
853  26.576  -79.429  10.441 0.0000000000
552  16.986  -80.938  16.549 0.0000000000
1696  24.904  -77.133  12.840 0.0000000000
96751  24.102  -77.589  11.588 0.0000000000
2043  25.110  -76.645  11.431 0.0000000000
109047  25.399  -76.707  9.345 0.0000000000
2041  27.041  -76.033  11.130 0.0000000000
2426  29.867  -75.999  10.560 0.0000000000
2418  28.774  -76.048  11.764 0.0000000000
4305  23.605  -70.850  13.784 0.0000000000
10539  7.858  -57.703  29.172 0.0000000000
9400  6.907  -58.876  28.895 0.0000000000
9391  8.316  -59.447  28.790 0.0000000000
6504  10.341  -65.028  25.164 0.0000000000
7031  9.545  -63.805  26.061 0.0000000000
6534  9.229  -64.562  23.613 0.0000000000
108761  7.794  -64.235  22.910 0.0000000000
6033  9.035  -64.672  21.359 0.0000000000
6567  9.641  -65.090  19.450 0.0000000000
5571  10.827  -66.661  20.965 0.0000000000
5569  14.630  -67.438  20.408 0.0000000000
5123  13.294  -68.548  19.543 0.0000000000
5590  15.312  -67.819  18.620 0.0000000000
91327  16.345  -68.354  17.121 0.0000000000
5588  17.918  -67.200  18.919 0.0000000000
11691  16.714  -56.078  29.399 0.0000000000
10537  16.118  -57.263  30.029 0.0000000000
9942  14.894  -58.400  30.004 0.0000000000
90206  14.845  -58.535  28.461 0.0000000000
91234  9.254  -60.333  24.939 0.0000000000
93780  10.958  -60.449  25.876 0.0000000000
8551  11.047  -61.895  23.848 0.0000000000
8081  12.457  -62.578  22.848 0.0000000000
8088  11.557  -61.521  21.660 0.0000000000
7121  12.836  -64.249  18.041 0.0000000000
7647  14.210  -63.439  18.828 0.0000000000
7128  16.725  -64.647  17.314 0.0000000000
6611  19.522  -65.996  17.034 0.0000000000
93179  17.480  -65.868  15.715 0.0000000000
6130  16.889  -66.642  12.846 0.0000000000
942  29.326  -79.895  30.854 0.0000000000
430  30.585  -81.190  29.593 0.0000000000
692  28.749  -80.749  29.284 0.0000000000
94890  28.267  -81.787  28.580 0.0000000000
131  27.644  -82.997  28.283 0.0000000000
6790  12.067  -63.927  48.037 0.0000000000
7864  13.047  -62.051  47.736 0.0000000000
8351  13.472  -61.870  46.212 0.0000000000
7890  12.531  -62.276  44.476 0.0000000000
7401  11.457  -63.231  44.062 0.0000000000
8371  11.566  -61.938  44.018 0.0000000000
8824  9.478  -60.594  42.592 0.0000000000
9284  7.112  -60.461  43.591 0.0000000000
18256  21.304  -42.633  39.513 0.0000000000
17041  20.560  -44.756  38.487 0.0000000000
17641  21.593  -43.693  38.412 0.0000000000
17650  22.194  -44.799  37.838 0.0000000000
16439  22.760  -47.049  37.416 0.0000000000
16448  22.569  -48.176  37.074 0.0000000000
17046  24.106  -45.973  37.285 0.0000000000
17658  25.004  -45.770  36.817 0.0000000000
105269  26.066  -44.643  36.160 0.0000000000
3483  14.927  -73.189  15.310 0.0000000000
2390  17.175  -75.130  14.527 0.0000000000
3151  17.408  -73.936  13.577 0.0000000000
2800  16.889  -73.857  11.333 0.0000000000
3196  17.371  -73.681  9.674 0.0000000000
3951  18.397  -71.600  10.290 0.0000000000
3959  16.127  -71.513  9.298 0.0000000000
4369  15.561  -70.773  9.300 0.0000000000
4824  15.580  -69.009  9.078 0.0000000000
14803  8.496  -50.710  29.627 0.0000000000
105709  9.873  -51.251  30.017 0.0000000000
14234  9.871  -51.474  29.064 0.0000000000
13592  12.155  -52.373  28.633 0.0000000000
12970  13.536  -53.082  28.798 0.0000000000
22247  26.584  -38.344  27.471 0.0000000000
20981  26.077  -40.491  26.957 0.0000000000
22868  25.502  -37.348  26.977 0.0000000000
23477  24.739  -36.212  26.349 0.0000000000
1628  28.037  -77.528  24.094 0.0000000000
2315  27.810  -76.005  23.567 0.0000000000
1631  29.211  -78.109  22.167 0.0000000000
1306  29.295  -78.023  20.213 0.0000000000
1318  31.755  -77.780  18.661 0.0000000000
1329  34.033  -78.132  18.571 0.0000000000
94625  33.180  -78.818  18.263 0.0000000000
774  34.186  -80.488  17.480 0.0000000000
101461  33.193  -81.070  16.139 0.0000000000
16471  7.994  -47.286  32.531 0.0000000000
16472  6.757  -46.938  32.039 0.0000000000
106221  8.321  -46.344  30.850 0.0000000000
99179  8.037  -44.882  28.793 0.0000000000
16530  9.338  -46.244  27.838 0.0000000000
19657  21.939  -42.411  26.147 0.0000000000
19659  19.129  -42.572  26.285 0.0000000000
19671  12.871  -42.754  24.857 0.0000000000
105887  12.433  -44.063  25.289 0.0000000000
624  15.703  -80.083  38.740 0.0000000000
404  15.799  -81.014  36.828 0.0000000000
889  14.952  -79.695  37.299 0.0000000000
910  15.767  -79.617  34.997 0.0000000000
929  16.794  -79.983  33.027 0.0000000000
2245  18.833  -76.085  29.908 0.0000000000
1573  19.951  -77.869  28.712 0.0000000000
1911  17.875  -77.247  28.943 0.0000000000
1595  16.709  -77.602  27.481 0.0000000000
88940  15.639  -78.187  26.128 0.0000000000
93282  10.650  -72.081  41.906 0.0000000000
104752  10.888  -73.187  42.332 0.0000000000
2900  11.143  -73.865  40.957 0.0000000000
2159  11.021  -76.063  38.410 0.0000000000
95437  10.033  -76.154  36.196 0.0000000000
1857  9.971  -76.885  33.767 0.0000000000
13442  12.685  -52.555  41.459 0.0000000000
12793  10.587  -53.118  41.423 0.0000000000
12795  7.650  -53.496  41.039 0.0000000000
12831  9.073  -52.650  39.733 0.0000000000
13466  7.474  -51.741  38.669 0.0000000000
14121  7.853  -51.532  36.610 0.0000000000
20895  29.546  -40.143  33.250 0.0000000000
18943  31.162  -42.985  31.717 0.0000000000
20911  30.827  -40.697  31.969 0.0000000000
20931  31.202  -40.425  31.376 0.0000000000
20957  31.032  -40.775  30.031 0.0000000000
20958  30.246  -40.290  29.287 0.0000000000
22197  29.431  -37.601  31.445 0.0000000000
23427  28.904  -36.105  31.590 0.0000000000
24852  24.410  -34.467  32.365 0.0000000000
2500  19.790  -74.292  43.103 0.0000000000
2491  19.353  -74.569  44.740 0.0000000000
103117  18.822  -74.952  44.316 0.0000000000
104075  18.847  -76.341  43.867 0.0000000000
1128  18.582  -77.109  41.774 0.0000000000
597  19.194  -79.267  41.531 0.0000000000
867  16.704  -78.884  42.069 0.0000000000
616  16.317  -79.524  40.456 0.0000000000
22  20.874  -84.269  30.016 0.0000000000
96294  19.782  -78.304  15.112 0.0000000000
1067  18.335  -79.493  16.658 0.0000000000
1670  19.890  -77.971  17.153 0.0000000000
1354  21.483  -78.842  16.852 0.0000000000
1074  22.540  -79.666  15.527 0.0000000000
815  23.618  -80.114  14.490 0.0000000000
1361  24.205  -78.143  15.442 0.0000000000
106385  25.157  -76.775  15.089 0.0000000000
104303  26.587  -75.813  14.345 0.0000000000
101257  28.001  -75.678  13.562 0.0000000000
2377  27.308  -75.211  15.224 0.0000000000
105050  27.597  -73.581  16.597 0.0000000000
90492  7.659  -61.668  31.281 0.0000000000
9370  10.224  -59.352  30.853 0.0000000000
8934  10.360  -60.615  29.391 0.0000000000
8509  11.706  -61.955  28.906 0.0000000000
7016  11.883  -64.029  26.716 0.0000000000
5997  11.344  -66.472  24.395 0.0000000000
5092  11.633  -67.934  22.167 0.0000000000
5535  13.035  -67.359  23.195 0.0000000000
5550  14.305  -66.766  22.428 0.0000000000
6547  15.381  -65.597  21.807 0.0000000000
1914  32.656  -77.733  27.165 0.0000000000
1584  31.271  -77.652  26.547 0.0000000000
1916  29.407  -77.113  27.278 0.0000000000
91570  27.498  -77.177  26.778 0.0000000000
966  29.598  -80.150  27.667 0.0000000000
976  27.629  -79.128  26.791 0.0000000000
1279  26.821  -78.126  25.730 0.0000000000
1005  28.200  -79.027  24.068 0.0000000000
729  29.780  -80.525  23.182 0.0000000000
96421  30.197  -81.391  22.195 0.0000000000
22275  19.942  -38.036  23.468 0.0000000000
21646  18.776  -39.898  24.280 0.0000000000
22277  18.240  -39.124  23.051 0.0000000000
21668  15.759  -38.479  23.150 0.0000000000
23511  15.516  -35.996  22.464 0.0000000000
22907  15.265  -36.784  22.865 0.0000000000
21669  14.363  -38.329  23.509 0.0000000000
22279  13.854  -37.987  23.356 0.0000000000
21029  13.654  -39.856  22.903 0.0000000000
21048  14.290  -40.513  21.666 0.0000000000
2163  20.489  -75.603  37.341 0.0000000000
1832  19.186  -76.538  35.329 0.0000000000
1831  20.583  -75.655  35.337 0.0000000000
2200  21.621  -75.201  32.961 0.0000000000
91300  21.628  -75.004  31.101 0.0000000000
3349  21.244  -72.763  31.695 0.0000000000
2618  20.511  -74.701  30.481 0.0000000000
2611  18.892  -75.054  30.975 0.0000000000
2226  17.336  -75.459  31.881 0.0000000000
2216  15.631  -75.733  32.576 0.0000000000
4433  9.724  -69.192  46.015 0.0000000000
4921  9.326  -68.913  44.234 0.0000000000
6292  11.686  -65.971  46.721 0.0000000000
5349  10.432  -67.629  45.027 0.0000000000
4934  9.796  -69.004  42.951 0.0000000000
4465  10.926  -69.423  41.812 0.0000000000
4474  12.275  -69.514  40.376 0.0000000000
4484  13.118  -69.602  39.069 0.0000000000
92741  13.423  -69.855  38.257 0.0000000000
5417  13.641  -67.393  39.327 0.0000000000
7419  10.592  -64.128  42.617 0.0000000000
15810  15.167  -48.501  41.027 0.0000000000
15260  12.327  -48.649  38.830 0.0000000000
15257  14.956  -48.844  38.820 0.0000000000
15264  15.300  -48.569  36.884 0.0000000000
15263  16.107  -48.737  36.251 0.0000000000
16434  19.359  -46.612  38.282 0.0000000000
15823  18.091  -48.168  37.539 0.0000000000
15272  16.436  -50.253  34.964 0.0000000000
15837  23.053  -48.811  36.235 0.0000000000
108607  20.817  -75.638  39.060 0.0000000000
837  18.000  -80.072  13.037 0.0000000000
100669  17.550  -76.623  12.520 0.0000000000
1396  18.817  -78.204  11.930 0.0000000000
1377  20.199  -78.747  12.891 0.0000000000
1686  20.781  -77.394  14.141 0.0000000000
2380  21.070  -75.414  15.648 0.0000000000
3104  21.712  -73.476  16.560 0.0000000000
3455  23.182  -72.823  17.187 0.0000000000
3499  22.113  -72.485  14.686 0.0000000000
3895  23.851  -72.293  13.072 0.0000000000
4342  23.409  -72.266  11.273 0.0000000000
4353  20.348  -71.100  10.899 0.0000000000
4359  22.797  -72.286  9.513 0.0000000000
4808  23.151  -71.405  10.238 0.0000000000
5240  22.713  -69.857  8.320 0.0000000000
12914  5.554  -53.550  32.188 0.0000000000
11668  5.696  -55.781  31.868 0.0000000000
12297  5.579  -54.697  30.311 0.0000000000
11694  6.831  -55.551  29.517 0.0000000000
11100  8.828  -56.432  30.081 0.0000000000
108172  9.565  -53.945  29.740 0.0000000000
11682  10.139  -55.721  30.011 0.0000000000
10506  9.779  -57.521  32.040 0.0000000000
9359  10.929  -59.092  32.116 0.0000000000
104453  13.118  -60.327  31.012 0.0000000000
92390  14.129  -60.444  29.946 0.0000000000
18975  24.592  -43.546  26.806 0.0000000000
20982  25.243  -40.461  26.656 0.0000000000
20343  24.184  -41.321  26.161 0.0000000000
20344  23.383  -41.431  25.953 0.0000000000
20988  22.244  -40.287  25.668 0.0000000000
21634  21.666  -39.449  25.409 0.0000000000
22264  20.852  -38.001  24.474 0.0000000000
23488  22.329  -36.070  24.197 0.0000000000
1349  35.125  -78.398  17.327 0.0000000000
109024  31.496  -77.808  10.091 0.0000000000
1418  30.165  -78.047  8.360 0.0000000000
106995  6.665  -62.223  48.764 0.0000000000
3525  11.627  -72.434  11.934 0.0000000000
3503  13.584  -73.258  13.659 0.0000000000
3870  14.527  -72.196  15.384 0.0000000000
104237  15.286  -71.296  15.744 0.0000000000
4256  17.499  -70.910  16.668 0.0000000000
13036  11.234  -53.468  22.923 0.0000000000
12364  11.187  -54.859  23.861 0.0000000000
12234  4.917  -54.609  35.405 0.0000000000
13505  4.941  -52.678  35.740 0.0000000000
12884  4.686  -52.946  34.181 0.0000000000
14167  4.652  -51.225  33.010 0.0000000000
14182  5.324  -50.833  30.981 0.0000000000
14782  6.841  -50.439  30.175 0.0000000000
15905  5.697  -47.173  30.693 0.0000000000
15351  5.824  -48.466  29.114 0.0000000000
14797  7.689  -50.505  29.723 0.0000000000
14236  6.711  -51.434  27.981 0.0000000000
13619  7.156  -52.859  25.891 0.0000000000
13635  8.327  -53.411  24.969 0.0000000000
16509  13.968  -47.516  28.744 0.0000000000
20364  18.094  -41.160  24.913 0.0000000000
19666  17.356  -42.576  25.426 0.0000000000
18982  16.392  -43.934  26.128 0.0000000000
18983  15.365  -44.048  26.091 0.0000000000
18345  15.890  -44.480  26.754 0.0000000000
17714  14.770  -45.526  27.842 0.0000000000
16527  13.428  -46.299  28.479 0.0000000000
93481  12.046  -46.127  28.943 0.0000000000
100714  11.481  -46.166  28.227 0.0000000000
15367  10.184  -48.861  26.969 0.0000000000
15377  10.997  -49.984  26.560 0.0000000000
14255  10.621  -51.232  25.504 0.0000000000
14286  9.602  -52.212  23.855 0.0000000000
13662  9.902  -51.959  23.038 0.0000000000
14295  11.192  -51.095  22.656 0.0000000000
926  22.625  -80.006  33.165 0.0000000000
679  23.869  -81.437  31.861 0.0000000000
412  22.060  -80.907  32.868 0.0000000000
256  21.399  -81.987  32.616 0.0000000000
109  20.620  -83.062  31.909 0.0000000000
91  17.428  -82.737  35.433 0.0000000000
91903  18.498  -82.918  33.238 0.0000000000
96287  19.934  -83.610  31.330 0.0000000000
23  19.178  -83.357  30.347 0.0000000000
107081  18.458  -77.535  33.975 0.0000000000
1208  17.888  -78.893  32.986 0.0000000000
104055  17.390  -80.474  31.629 0.0000000000
954  19.470  -79.572  29.390 0.0000000000
696  18.294  -80.497  29.264 0.0000000000
104229  16.073  -81.572  29.989 0.0000000000
3301  17.314  -72.657  36.056 0.0000000000
2583  15.406  -74.511  34.318 0.0000000000
2203  14.330  -75.543  33.377 0.0000000000
3266  14.608  -72.890  41.179 0.0000000000
2520  12.389  -74.830  41.937 0.0000000000
2537  13.632  -74.907  40.142 0.0000000000
2536  14.746  -74.128  39.185 0.0000000000
2561  13.047  -74.954  36.297 0.0000000000
2205  12.796  -76.279  34.027 0.0000000000
1529  13.128  -77.654  32.134 0.0000000000
1221  11.918  -79.573  31.500 0.0000000000
957  10.438  -79.811  29.250 0.0000000000
10355  8.533  -57.267  47.477 0.0000000000
10376  8.431  -57.485  45.795 0.0000000000
10397  8.531  -56.903  43.945 0.0000000000
10398  6.672  -57.617  44.212 0.0000000000
9833  5.284  -59.257  44.488 0.0000000000
12154  5.754  -53.991  41.847 0.0000000000
10967  4.663  -56.465  43.224 0.0000000000
9285  5.557  -59.686  42.349 0.0000000000
9303  7.097  -59.761  40.295 0.0000000000
14721  10.662  -49.468  36.803 0.0000000000
14132  9.936  -51.275  35.177 0.0000000000
100880  26.567  -45.027  34.618 0.0000000000
17066  26.780  -46.116  34.473 0.0000000000
100231  27.941  -47.069  34.571 0.0000000000
98590  29.209  -47.656  33.590 0.0000000000
91921  25.642  -43.330  32.122 0.0000000000
20270  26.102  -43.575  32.819 0.0000000000
18934  29.139  -43.449  34.256 0.0000000000
17073  29.751  -46.339  33.355 0.0000000000
17084  30.823  -45.932  29.553 0.0000000000
20336  28.362  -41.360  27.047 0.0000000000
21616  29.699  -39.824  28.730 0.0000000000
21618  28.389  -39.098  28.135 0.0000000000
21622  27.739  -39.115  27.726 0.0000000000
22855  27.170  -36.918  28.505 0.0000000000
2109  25.701  -75.428  45.348 0.0000000000
1747  20.863  -75.958  46.375 0.0000000000
1753  23.411  -76.216  45.671 0.0000000000
107147  24.488  -80.235  39.004 0.0000000000
635  24.023  -80.248  37.622 0.0000000000
611  20.047  -80.148  40.469 0.0000000000
105826  21.452  -80.614  38.056 0.0000000000
96683  23.068  -78.824  36.883 0.0000000000
1171  22.449  -78.467  35.866 0.0000000000
907  22.038  -78.906  34.905 0.0000000000
1205  23.471  -78.117  32.916 0.0000000000
92993  30.901  -79.005  31.208 0.0000000000
932  30.048  -79.743  31.415 0.0000000000
100396  27.466  -78.208  30.900 0.0000000000
1535  25.164  -77.453  31.688 0.0000000000
424  24.513  -82.195  31.392 0.0000000000
271  25.509  -82.680  30.016 0.0000000000
141  26.359  -83.279  27.838 0.0000000000
160  26.261  -83.046  25.054 0.0000000000
304  26.396  -82.301  23.322 0.0000000000
310  28.346  -81.441  21.983 0.0000000000
107448  30.400  -82.311  21.000 0.0000000000
92334  30.906  -82.445  19.409 0.0000000000
342  30.933  -82.123  17.842 0.0000000000
96722  31.250  -81.331  15.865 0.0000000000
556  31.489  -81.124  14.447 0.0000000000
576  30.656  -80.989  13.009 0.0000000000
1101  29.652  -78.996  12.193 0.0000000000
1403  28.646  -78.554  10.529 0.0000000000
1420  28.423  -78.205  8.729 0.0000000000
1091  24.383  -79.377  12.690 0.0000000000
90563  24.016  -79.339  11.432 0.0000000000
855  24.375  -80.046  9.957 0.0000000000
1413  25.386  -78.487  9.767 0.0000000000
1725  26.933  -77.249  8.846 0.0000000000
100903  28.886  -76.908  7.965 0.0000000000
96919  30.173  -76.001  8.512 0.0000000000
3836  24.629  -72.008  17.167 0.0000000000
10518  5.921  -57.726  30.894 0.0000000000
95658  7.089  -59.734  29.649 0.0000000000
8496  7.940  -62.154  29.396 0.0000000000
8511  9.085  -61.665  28.368 0.0000000000
8048  8.314  -62.575  27.436 0.0000000000
96606  7.893  -63.662  26.732 0.0000000000
5628  10.878  -67.269  15.280 0.0000000000
100535  11.623  -68.072  19.235 0.0000000000
5157  11.961  -68.484  17.607 0.0000000000
5178  13.010  -68.361  16.031 0.0000000000
104025  14.945  -68.253  15.785 0.0000000000
4737  16.546  -69.285  16.311 0.0000000000
4271  19.152  -69.858  16.662 0.0000000000
12342  11.776  -54.854  25.806 0.0000000000
12998  13.341  -53.975  26.784 0.0000000000
12306  14.516  -54.163  29.613 0.0000000000
12322  15.831  -54.697  28.954 0.0000000000
11677  14.538  -55.249  30.837 0.0000000000
10527  15.053  -57.282  31.214 0.0000000000
9379  14.467  -58.943  30.501 0.0000000000
8967  14.521  -60.777  27.646 0.0000000000
99605  12.459  -59.209  27.292 0.0000000000
8532  12.798  -60.792  26.292 0.0000000000
8065  14.646  -62.118  25.447 0.0000000000
99159  13.864  -63.278  23.120 0.0000000000
7079  14.444  -63.608  22.291 0.0000000000
7084  16.317  -63.505  21.107 0.0000000000
8115  13.386  -61.989  19.830 0.0000000000
8098  16.190  -62.704  20.228 0.0000000000
6566  18.228  -64.891  19.743 0.0000000000
6063  19.576  -66.484  18.321 0.0000000000
5195  20.160  -67.870  16.053 0.0000000000
90281  18.900  -68.663  14.144 0.0000000000
5227  17.642  -68.308  12.558 0.0000000000
5677  14.726  -67.728  10.660 0.0000000000
5683  15.748  -67.107  9.048 0.0000000000
6663  16.756  -65.216  10.660 0.0000000000
6149  17.857  -66.462  9.129 0.0000000000
6147  20.483  -66.229  8.916 0.0000000000
944  25.562  -79.492  30.108 0.0000000000
945  24.773  -80.002  30.727 0.0000000000
8788  7.276  -60.552  46.525 0.0000000000
8787  8.664  -60.696  46.312 0.0000000000
8797  7.998  -60.052  45.797 0.0000000000
9249  9.320  -59.467  44.917 0.0000000000
9250  8.054  -59.144  45.474 0.0000000000
3883  18.145  -71.624  14.844 0.0000000000
3898  17.651  -71.710  13.870 0.0000000000
4307  18.017  -70.906  14.030 0.0000000000
3918  17.356  -70.872  12.972 0.0000000000
4328  17.984  -70.088  13.421 0.0000000000
13017  8.464  -54.095  25.061 0.0000000000
99488  9.442  -54.524  26.321 0.0000000000
12357  9.456  -54.381  24.773 0.0000000000
741  30.830  -81.236  21.474 0.0000000000
747  30.825  -80.783  20.745 0.0000000000
764  31.430  -80.748  18.561 0.0000000000
499  31.021  -81.403  19.576 0.0000000000
15901  12.635  -47.551  30.969 0.0000000000
99090  11.593  -47.400  30.379 0.0000000000
15917  11.744  -46.511  29.544 0.0000000000
21636  19.791  -39.778  25.175 0.0000000000
21049  13.839  -40.944  22.310 0.0000000000
19720  13.583  -42.373  22.461 0.0000000000
1810  18.155  -77.041  37.951 0.0000000000
92885  17.405  -77.369  36.802 0.0000000000
92435  18.142  -77.093  37.077 0.0000000000
1890  14.924  -77.162  30.994 0.0000000000
1549  15.112  -77.402  30.200 0.0000000000
1550  14.251  -77.423  30.349 0.0000000000
1566  13.700  -77.726  29.702 0.0000000000
1551  13.410  -77.735  30.486 0.0000000000
3280  13.307  -72.116  38.318 0.0000000000
2911  12.259  -73.302  37.750 0.0000000000
3288  12.581  -72.607  37.225 0.0000000000
14698  13.781  -49.718  41.093 0.0000000000
14080  13.637  -50.254  41.110 0.0000000000
14699  13.218  -49.624  40.495 0.0000000000
14093  11.515  -50.418  39.466 0.0000000000
14706  12.509  -49.405  39.822 0.0000000000
1800  18.803  -76.688  38.544 0.0000000000
1791  18.701  -76.753  39.414 0.0000000000
1801  18.065  -77.040  38.839 0.0000000000
1472  17.338  -77.304  39.216 0.0000000000
2743  21.986  -74.735  17.524 0.0000000000
2000  21.796  -75.696  17.458 0.0000000000
2361  22.587  -75.237  17.791 0.0000000000
1998  24.020  -76.154  17.345 0.0000000000
2353  23.183  -74.757  18.076 0.0000000000
2742  24.763  -74.713  18.077 0.0000000000
2734  23.681  -74.145  18.288 0.0000000000
11071  5.647  -56.039  34.243 0.0000000000
11070  6.127  -56.799  33.608 0.0000000000
91260  5.910  -56.195  32.858 0.0000000000
8028  14.469  -61.831  28.195 0.0000000000
101781  13.821  -63.104  27.490 0.0000000000
7561  14.975  -63.515  26.246 0.0000000000
7582  15.303  -63.806  25.541 0.0000000000
7560  15.458  -63.162  25.588 0.0000000000
103251  31.182  -78.638  29.980 0.0000000000
1559  30.909  -78.461  29.109 0.0000000000
1233  31.255  -79.297  29.675 0.0000000000
286  28.066  -82.807  26.632 0.0000000000
99602  27.887  -82.243  26.417 0.0000000000
467  26.539  -81.562  25.277 0.0000000000
294  26.383  -82.328  24.747 0.0000000000
3677  19.362  -71.350  35.216 0.0000000000
3308  19.163  -71.940  34.696 0.0000000000
7399  13.214  -63.650  44.042 0.0000000000
6320  13.376  -64.914  44.152 0.0000000000
6862  13.373  -64.323  43.614 0.0000000000
6345  13.354  -65.158  42.557 0.0000000000
100908  13.355  -64.542  42.946 0.0000000000
7408  13.065  -64.176  41.850 0.0000000000
93077  13.081  -63.957  42.500 0.0000000000
97939  7.398  -62.666  43.240 0.0000000000
7902  7.523  -63.291  43.387 0.0000000000
7906  7.099  -62.833  42.767 0.0000000000
8380  6.516  -61.382  42.589 0.0000000000
18247  20.732  -43.146  41.113 0.0000000000
17036  19.240  -45.064  39.574 0.0000000000
17644  19.835  -44.484  39.334 0.0000000000
15829  20.895  -48.417  37.203 0.0000000000
15840  20.519  -49.424  35.852 0.0000000000
15839  21.415  -49.289  36.134 0.0000000000
93455  25.199  -47.249  35.744 0.0000000000
17060  25.770  -46.687  35.442 0.0000000000
16450  25.911  -47.200  35.080 0.0000000000
17059  26.256  -46.463  34.886 0.0000000000
2765  15.460  -75.756  14.383 0.0000000000
2818  18.934  -74.763  10.577 0.0000000000
2428  18.953  -75.553  10.321 0.0000000000
2810  19.360  -74.392  11.504 0.0000000000
2798  19.798  -74.485  12.425 0.0000000000
3162  19.579  -73.541  12.252 0.0000000000
3520  19.854  -72.603  12.821 0.0000000000
3535  19.133  -72.278  11.468 0.0000000000
4821  18.340  -68.951  7.498 0.0000000000
4820  19.643  -69.441  7.593 0.0000000000
96475  18.836  -69.169  7.361 0.0000000000
13563  7.778  -51.632  30.481 0.0000000000
14199  8.171  -50.935  30.523 0.0000000000
12307  13.189  -53.996  30.011 0.0000000000
12292  12.578  -54.435  30.161 0.0000000000
11679  12.777  -55.095  30.702 0.0000000000
11663  13.195  -55.644  31.294 0.0000000000
109176  26.929  -41.756  26.915 0.0000000000
22873  23.723  -37.137  25.530 0.0000000000
2349  31.782  -75.780  19.496 0.0000000000
1992  32.924  -76.858  18.724 0.0000000000
812  33.408  -80.191  14.985 0.0000000000
811  33.785  -79.705  14.829 0.0000000000
97029  33.198  -80.159  14.325 0.0000000000
833  31.905  -79.534  13.254 0.0000000000
834  31.810  -79.703  13.206 0.0000000000
5667  10.060  -67.384  12.775 0.0000000000
5229  10.806  -68.020  12.474 0.0000000000
5228  11.951  -68.205  12.767 0.0000000000
4780  13.066  -68.735  13.343 0.0000000000
5217  12.472  -68.020  13.659 0.0000000000
15859  7.971  -47.926  33.918 0.0000000000
15301  7.326  -48.409  34.414 0.0000000000
15302  6.258  -48.350  34.339 0.0000000000
15303  5.428  -48.569  33.561 0.0000000000
15861  5.958  -47.888  33.523 0.0000000000
96881  7.242  -48.196  26.733 0.0000000000
102898  6.799  -47.870  27.225 0.0000000000
101669  7.106  -49.199  26.377 0.0000000000
21015  15.817  -40.003  23.646 0.0000000000
18349  12.844  -44.503  26.005 0.0000000000
17733  13.200  -45.215  26.804 0.0000000000
17734  12.968  -45.257  26.765 0.0000000000
17735  12.478  -45.450  26.061 0.0000000000
15983  10.918  -48.492  23.889 0.0000000000
15993  11.141  -48.841  23.623 0.0000000000
103421  18.229  -79.830  36.763 0.0000000000
662  18.327  -80.436  35.446 0.0000000000
402  17.217  -81.402  36.289 0.0000000000
422  15.976  -81.005  32.840 0.0000000000
264  16.222  -81.686  33.035 0.0000000000
263  16.354  -81.329  32.286 0.0000000000
118  16.539  -82.252  31.046 0.0000000000
428  16.328  -81.546  31.193 0.0000000000
1536  21.080  -77.132  30.696 0.0000000000
1537  20.620  -77.755  31.194 0.0000000000
1548  20.854  -77.624  30.171 0.0000000000
2909  15.493  -73.339  38.987 0.0000000000
4452  11.675  -70.228  43.611 0.0000000000
4027  12.361  -71.026  44.058 0.0000000000
3620  11.729  -72.066  43.801 0.0000000000
1164  10.761  -77.602  36.213 0.0000000000
1486  11.558  -77.313  37.305 0.0000000000
1175  11.117  -77.999  35.718 0.0000000000
1174  11.832  -77.908  35.637 0.0000000000
1186  10.688  -77.990  34.963 0.0000000000
99954  10.605  -78.719  33.063 0.0000000000
1199  10.366  -78.033  33.520 0.0000000000
12778  10.371  -53.382  42.799 0.0000000000
12117  11.493  -53.258  43.990 0.0000000000
12758  10.557  -53.353  43.667 0.0000000000
12118  10.082  -53.755  44.147 0.0000000000
12759  9.695  -53.802  43.329 0.0000000000
12120  7.819  -54.734  43.587 0.0000000000
95796  8.859  -54.084  42.812 0.0000000000
12202  6.233  -53.644  37.625 0.0000000000
14730  14.129  -50.806  35.023 0.0000000000
103564  26.027  -43.559  33.398 0.0000000000
19603  26.927  -43.836  33.714 0.0000000000
20255  26.449  -43.604  33.348 0.0000000000
20266  30.478  -41.604  33.235 0.0000000000
20267  29.585  -41.753  33.780 0.0000000000
103566  30.515  -42.938  33.232 0.0000000000
18940  30.515  -43.535  33.177 0.0000000000
91890  30.693  -44.054  32.707 0.0000000000
17682  30.869  -45.465  31.469 0.0000000000
18944  31.112  -43.832  31.740 0.0000000000
89061  31.639  -42.972  28.674 0.0000000000
102154  32.352  -43.796  27.863 0.0000000000
24864  26.343  -34.181  31.455 0.0000000000
24883  26.584  -34.158  30.556 0.0000000000
1118  19.756  -77.997  44.071 0.0000000000
1117  20.672  -78.005  44.177 0.0000000000
1125  20.312  -78.137  43.372 0.0000000000
857  21.883  -78.584  42.886 0.0000000000
858  20.882  -78.634  42.752 0.0000000000
863  20.282  -78.917  42.298 0.0000000000
103253  17.103  -80.286  38.057 0.0000000000
391  18.371  -79.593  38.448 0.0000000000
630  18.243  -79.635  37.520 0.0000000000
641  19.104  -79.479  37.026 0.0000000000
891  25.938  -79.495  35.952 0.0000000000
94129  25.594  -78.184  35.045 0.0000000000
1168  25.220  -78.338  35.800 0.0000000000
97975  21.897  -83.791  31.310 0.0000000000
122  23.116  -84.017  30.788 0.0000000000
93842  22.797  -84.396  30.461 0.0000000000
91505  26.378  -81.047  12.254 0.0000000000
100583  27.224  -81.138  11.953 0.0000000000
848  26.903  -80.373  10.935 0.0000000000
591  26.346  -81.053  11.107 0.0000000000
806  17.649  -80.054  14.937 0.0000000000
2035  25.830  -76.318  12.211 0.0000000000
2036  25.147  -76.714  12.352 0.0000000000
2042  26.114  -76.235  11.248 0.0000000000
2040  28.001  -76.208  11.098 0.0000000000
2419  27.755  -75.981  11.920 0.0000000000
4796  23.348  -70.543  13.050 0.0000000000
4776  23.030  -69.649  14.149 0.0000000000
94365  22.608  -69.129  13.451 0.0000000000
9933  8.547  -58.023  29.650 0.0000000000
9944  8.082  -58.576  28.985 0.0000000000
9943  8.938  -58.786  29.460 0.0000000000
5998  10.703  -66.156  24.125 0.0000000000
6521  10.108  -65.189  24.381 0.0000000000
6533  10.150  -65.472  23.551 0.0000000000
6013  9.409  -64.951  22.569 0.0000000000
6025  10.050  -65.503  21.935 0.0000000000
6548  10.173  -65.484  21.109 0.0000000000
5564  10.619  -66.568  21.745 0.0000000000
5568  15.450  -66.988  20.159 0.0000000000
5577  14.927  -67.644  19.555 0.0000000000
5576  15.873  -67.241  19.309 0.0000000000
5589  16.245  -67.622  18.512 0.0000000000
5575  17.013  -66.926  19.158 0.0000000000
10550  16.502  -57.599  29.190 0.0000000000
9941  15.401  -58.051  29.478 0.0000000000
91473  8.228  -59.900  24.448 0.0000000000
8547  9.168  -60.721  24.084 0.0000000000
8546  10.269  -61.175  24.485 0.0000000000
8552  10.215  -61.282  23.577 0.0000000000
8557  11.002  -61.509  22.345 0.0000000000
8565  10.354  -61.222  21.747 0.0000000000
7119  14.444  -64.275  18.176 0.0000000000
7141  16.824  -65.136  16.700 0.0000000000
6629  16.633  -65.976  15.167 0.0000000000
943  28.238  -79.127  30.392 0.0000000000
950  28.518  -79.870  29.910 0.0000000000
951  27.532  -79.029  29.851 0.0000000000
105266  26.445  -80.842  29.293 0.0000000000
96784  27.208  -80.784  29.036 0.0000000000
437  27.510  -81.746  28.872 0.0000000000
274  27.782  -82.539  28.522 0.0000000000
104073  27.039  -82.805  28.686 0.0000000000
7839  11.842  -62.514  49.024 0.0000000000
8327  11.562  -60.997  48.341 0.0000000000
8795  11.805  -60.088  46.333 0.0000000000
8352  12.656  -60.659  46.846 0.0000000000
8794  12.716  -60.620  45.906 0.0000000000
7881  13.421  -62.378  45.448 0.0000000000
8368  12.237  -61.063  44.514 0.0000000000
9269  10.302  -59.529  43.557 0.0000000000
8823  10.246  -60.702  42.976 0.0000000000
9282  9.089  -59.530  42.606 0.0000000000
8825  8.157  -60.631  42.715 0.0000000000
9283  8.200  -59.406  42.881 0.0000000000
18893  22.309  -41.566  39.546 0.0000000000
18255  21.877  -42.436  39.024 0.0000000000
107076  23.333  -43.922  37.911 0.0000000000
17048  21.739  -45.835  37.742 0.0000000000
17047  23.040  -46.003  37.664 0.0000000000
18267  25.010  -43.752  37.479 0.0000000000
17648  24.471  -45.169  37.401 0.0000000000
17647  25.295  -44.750  37.074 0.0000000000
18272  25.752  -43.876  36.843 0.0000000000
3466  15.816  -73.070  15.750 0.0000000000
3116  16.752  -73.803  15.378 0.0000000000
3115  17.195  -73.474  15.322 0.0000000000
3522  16.971  -72.635  12.455 0.0000000000
3164  16.710  -73.107  11.677 0.0000000000
3176  16.411  -73.028  10.818 0.0000000000
3197  16.893  -73.926  9.810 0.0000000000
3546  16.111  -72.707  10.191 0.0000000000
3556  16.824  -72.295  9.597 0.0000000000
3547  15.516  -72.085  10.045 0.0000000000
100115  15.076  -70.442  10.438 0.0000000000
4363  14.897  -70.950  9.967 0.0000000000
4812  14.712  -69.881  10.101 0.0000000000
4816  15.516  -69.841  9.180 0.0000000000
4817  14.984  -69.475  9.653 0.0000000000
14235  8.308  -51.244  28.984 0.0000000000
12981  10.975  -53.728  27.308 0.0000000000
13593  11.339  -52.183  28.532 0.0000000000
13605  11.737  -52.732  27.956 0.0000000000
13591  12.859  -52.680  28.708 0.0000000000
13604  12.643  -52.760  28.091 0.0000000000
22865  26.315  -37.396  27.635 0.0000000000
22248  25.870  -38.211  27.079 0.0000000000
24189  24.911  -35.414  26.807 0.0000000000
24192  24.411  -35.381  26.038 0.0000000000
1298  29.331  -78.388  23.099 0.0000000000
1632  28.929  -77.733  22.675 0.0000000000
1027  30.162  -79.125  19.373 0.0000000000
96991  29.771  -78.245  19.536 0.0000000000
1319  30.476  -77.945  18.919 0.0000000000
1331  30.914  -78.740  18.496 0.0000000000
1330  31.973  -78.680  18.208 0.0000000000
762  33.489  -80.526  17.796 0.0000000000
15887  9.999  -47.578  32.675 0.0000000000
15872  9.401  -47.643  33.396 0.0000000000
16480  8.787  -47.234  31.856 0.0000000000
16494  10.023  -45.080  29.200 0.0000000000
16495  8.876  -44.797  29.239 0.0000000000
16513  8.919  -45.210  28.601 0.0000000000
20346  21.347  -41.581  26.069 0.0000000000
108562  20.994  -42.245  26.282 0.0000000000
20348  19.524  -41.816  26.133 0.0000000000
19660  18.416  -42.686  26.077 0.0000000000
21004  13.634  -40.831  24.144 0.0000000000
19685  12.880  -42.478  24.412 0.0000000000
105010  12.642  -43.404  25.137 0.0000000000
108358  12.407  -43.629  24.959 0.0000000000
18368  12.202  -44.175  24.465 0.0000000000
103611  15.131  -78.999  38.349 0.0000000000
93596  14.879  -79.832  37.847 0.0000000000
1154  14.976  -79.293  37.848 0.0000000000
1172  16.208  -78.529  35.654 0.0000000000
1173  15.688  -79.141  35.717 0.0000000000
1182  16.510  -78.632  34.922 0.0000000000
909  16.187  -79.304  34.540 0.0000000000
1196  16.776  -78.893  34.139 0.0000000000
1887  18.029  -76.371  30.170 0.0000000000
1900  18.371  -76.679  29.505 0.0000000000
1562  17.581  -76.937  29.760 0.0000000000
106127  14.979  -77.614  28.382 0.0000000000
1577  16.407  -77.533  28.441 0.0000000000
1596  15.786  -77.563  27.920 0.0000000000
88942  15.789  -77.640  26.954 0.0000000000
88939  15.041  -77.953  26.543 0.0000000000
1261  14.115  -78.335  26.727 0.0000000000
108024  12.372  -79.753  28.840 0.0000000000
1263  12.610  -79.496  27.260 0.0000000000
3644  11.270  -71.738  41.318 0.0000000000
3255  10.676  -72.719  41.873 0.0000000000
3268  11.019  -73.074  41.238 0.0000000000
2552  11.100  -74.581  37.549 0.0000000000
2547  11.862  -74.726  38.437 0.0000000000
2166  10.456  -75.448  37.426 0.0000000000
2167  10.139  -75.884  37.180 0.0000000000
2177  9.991  -75.467  36.661 0.0000000000
1833  10.049  -76.043  35.502 0.0000000000
14670  15.075  -49.565  43.255 0.0000000000
13450  12.906  -51.616  40.856 0.0000000000
13441  13.439  -52.040  41.393 0.0000000000
12810  11.955  -52.631  41.154 0.0000000000
94036  11.280  -52.853  41.330 0.0000000000
93334  10.804  -52.815  40.564 0.0000000000
12813  9.456  -53.171  40.571 0.0000000000
12830  10.077  -52.741  40.029 0.0000000000
13478  9.092  -51.100  38.486 0.0000000000
14106  8.581  -50.609  37.401 0.0000000000
13480  7.145  -51.534  37.851 0.0000000000
14120  8.456  -51.001  36.593 0.0000000000
22172  27.497  -39.019  33.038 0.0000000000
21534  27.694  -40.113  33.189 0.0000000000
21533  28.717  -39.620  33.284 0.0000000000
20894  30.373  -40.335  32.702 0.0000000000
21532  29.464  -39.342  32.875 0.0000000000
99124  29.722  -38.728  31.970 0.0000000000
21575  30.074  -39.160  31.623 0.0000000000
20940  31.132  -40.599  31.005 0.0000000000
22195  29.934  -39.012  30.975 0.0000000000
21595  30.368  -39.586  30.445 0.0000000000
22825  29.437  -36.880  31.777 0.0000000000
23409  28.022  -36.059  32.100 0.0000000000
24109  26.702  -34.972  31.884 0.0000000000
2131  19.847  -75.244  42.462 0.0000000000
2125  19.338  -74.858  43.551 0.0000000000
1777  17.244  -77.376  41.403 0.0000000000
1770  18.019  -77.191  41.966 0.0000000000
1765  18.150  -77.152  42.565 0.0000000000
1120  18.962  -77.446  43.119 0.0000000000
1129  18.107  -77.256  42.013 0.0000000000
1135  17.648  -78.185  42.271 0.0000000000
1130  16.681  -77.952  42.566 0.0000000000
1468  16.038  -77.877  39.155 0.0000000000
1141  15.917  -78.389  40.709 0.0000000000
880  15.940  -78.924  39.674 0.0000000000
91032  15.967  -79.533  39.562 0.0000000000
1682  19.914  -77.647  15.876 0.0000000000
1364  19.318  -78.251  16.118 0.0000000000
1677  19.806  -77.760  16.708 0.0000000000
1341  21.847  -77.743  17.217 0.0000000000
1342  21.265  -78.161  17.274 0.0000000000
1353  22.194  -78.454  16.669 0.0000000000
1065  21.991  -79.240  16.220 0.0000000000
1363  22.796  -78.953  15.894 0.0000000000
1362  23.565  -78.621  15.673 0.0000000000
1352  23.636  -77.985  16.132 0.0000000000
2006  25.234  -76.197  16.269 0.0000000000
2014  24.912  -76.818  15.746 0.0000000000
2013  25.473  -76.302  15.465 0.0000000000
95377  25.562  -76.432  14.735 0.0000000000
2020  26.137  -75.931  15.057 0.0000000000
2378  26.826  -75.579  14.925 0.0000000000
95198  26.603  -75.437  15.583 0.0000000000
3094  25.825  -73.606  18.159 0.0000000000
2752  26.761  -74.539  16.807 0.0000000000
3093  26.567  -73.100  17.722 0.0000000000
95998  27.412  -72.962  17.086 0.0000000000
3451  26.203  -72.179  17.833 0.0000000000
9372  7.591  -59.832  31.938 0.0000000000
8922  11.711  -60.561  30.251 0.0000000000
8933  11.275  -60.971  29.571 0.0000000000
8493  11.867  -61.490  29.348 0.0000000000
7028  13.297  -64.385  26.268 0.0000000000
6503  12.442  -65.327  25.544 0.0000000000
5983  11.708  -65.846  25.046 0.0000000000
5996  12.235  -66.585  24.504 0.0000000000
5521  11.806  -67.053  23.935 0.0000000000
5995  13.256  -66.534  24.380 0.0000000000
6011  14.437  -66.461  23.395 0.0000000000
92007  14.882  -66.195  22.747 0.0000000000
6023  14.957  -66.250  22.045 0.0000000000
6540  15.163  -65.595  22.407 0.0000000000
1583  32.253  -77.784  26.247 0.0000000000
1570  31.546  -77.878  27.145 0.0000000000
1244  29.962  -78.631  27.787 0.0000000000
1585  30.046  -78.033  27.510 0.0000000000
1586  29.229  -77.960  27.598 0.0000000000
1587  28.569  -77.287  27.386 0.0000000000
1588  27.927  -77.578  27.257 0.0000000000
436  30.013  -81.489  28.818 0.0000000000
94159  30.789  -81.207  28.366 0.0000000000
702  29.991  -81.136  27.840 0.0000000000
711  27.191  -80.009  26.441 0.0000000000
977  26.712  -79.446  26.123 0.0000000000
1270  26.870  -78.520  26.205 0.0000000000
1286  27.528  -78.108  24.622 0.0000000000
997  26.858  -78.871  24.771 0.0000000000
96452  27.509  -80.561  23.519 0.0000000000
96953  27.842  -79.817  23.824 0.0000000000
476  29.473  -80.911  23.084 0.0000000000
738  30.171  -80.931  22.698 0.0000000000
107722  29.811  -81.121  22.723 0.0000000000
22904  19.327  -37.931  22.668 0.0000000000
22276  19.243  -38.685  23.164 0.0000000000
96718  17.616  -38.526  22.671 0.0000000000
22287  16.755  -38.158  22.742 0.0000000000
22908  14.152  -36.749  22.941 0.0000000000
22278  14.513  -37.525  23.210 0.0000000000
21660  13.996  -38.984  23.785 0.0000000000
22302  13.775  -37.793  22.378 0.0000000000
22289  13.685  -38.227  22.793 0.0000000000
21687  14.032  -39.338  22.077 0.0000000000
2174  21.272  -75.088  36.787 0.0000000000
2175  20.541  -75.607  36.274 0.0000000000
2187  21.213  -75.167  35.758 0.0000000000
2582  21.759  -74.803  34.451 0.0000000000
2601  22.180  -74.431  32.762 0.0000000000
2212  21.519  -75.529  32.073 0.0000000000
2608  22.175  -74.040  32.063 0.0000000000
3339  20.722  -72.270  32.311 0.0000000000
3338  21.609  -72.299  32.266 0.0000000000
3350  20.575  -73.000  31.510 0.0000000000
2990  21.310  -73.805  31.041 0.0000000000
2982  19.811  -73.498  31.421 0.0000000000
2610  19.802  -74.273  30.832 0.0000000000
2983  18.868  -74.206  31.682 0.0000000000
2956  17.472  -73.755  33.577 0.0000000000
2602  17.901  -74.544  32.351 0.0000000000
2214  17.025  -74.944  32.682 0.0000000000
2215  16.450  -75.608  32.329 0.0000000000
2603  16.156  -75.131  33.123 0.0000000000
5329  9.131  -68.201  47.124 0.0000000000
4906  8.824  -69.016  47.004 0.0000000000
5342  9.143  -68.614  46.247 0.0000000000
4913  9.334  -68.825  45.207 0.0000000000
104435  9.284  -68.761  45.152 0.0000000000
6804  12.402  -64.360  47.375 0.0000000000
6277  12.086  -65.147  47.110 0.0000000000
90672  12.699  -64.627  46.771 0.0000000000
5363  12.148  -66.727  44.239 0.0000000000
5348  11.655  -66.852  45.005 0.0000000000
5364  10.967  -67.386  44.262 0.0000000000
5378  9.540  -68.645  43.595 0.0000000000
5377  10.293  -67.843  43.327 0.0000000000
4933  10.463  -68.730  42.280 0.0000000000
5389  10.695  -67.984  42.516 0.0000000000
5864  12.829  -66.889  41.762 0.0000000000
4940  11.795  -68.405  41.148 0.0000000000
4949  12.314  -68.775  40.486 0.0000000000
104558  12.705  -69.755  39.794 0.0000000000
4485  12.741  -69.105  39.765 0.0000000000
4954  13.252  -68.615  39.177 0.0000000000
91237  13.333  -67.217  40.259 0.0000000000
7424  12.671  -64.519  40.712 0.0000000000
91152  12.743  -64.836  40.070 0.0000000000
108680  10.118  -63.214  44.117 0.0000000000
100759  10.415  -63.503  43.919 0.0000000000
7411  9.427  -64.113  43.491 0.0000000000
17626  19.119  -45.034  41.899 0.0000000000
17027  17.123  -46.617  41.766 0.0000000000
16421  16.923  -46.773  40.924 0.0000000000
15820  15.463  -48.678  39.786 0.0000000000
16431  16.651  -47.703  40.235 0.0000000000
15825  16.632  -48.420  37.924 0.0000000000
15824  17.340  -48.312  37.647 0.0000000000
17042  20.199  -45.056  38.645 0.0000000000
17051  20.023  -46.090  38.322 0.0000000000
15831  19.142  -48.599  36.606 0.0000000000
16444  18.824  -47.817  37.508 0.0000000000
15832  18.400  -48.756  36.309 0.0000000000
15833  17.628  -48.878  36.029 0.0000000000
15271  17.178  -50.430  34.527 0.0000000000
16447  23.431  -47.860  36.683 0.0000000000
15845  24.215  -48.849  35.719 0.0000000000
15851  26.794  -48.220  34.852 0.0000000000
15850  27.545  -48.791  34.747 0.0000000000
2155  20.857  -75.546  38.423 0.0000000000
1692  16.676  -77.304  14.054 0.0000000000
101838  17.868  -79.148  13.114 0.0000000000
2412  17.486  -75.314  12.857 0.0000000000
2029  17.460  -76.203  13.203 0.0000000000
93485  17.511  -75.832  12.007 0.0000000000
1711  19.400  -76.984  11.072 0.0000000000
1713  18.917  -77.180  10.861 0.0000000000
1703  19.649  -77.548  11.717 0.0000000000
1386  19.900  -78.892  12.322 0.0000000000
1698  20.013  -78.124  12.376 0.0000000000
1691  20.500  -77.777  13.139 0.0000000000
97331  20.782  -76.692  13.355 0.0000000000
2774  20.653  -74.581  14.078 0.0000000000
2389  20.996  -75.343  14.578 0.0000000000
94182  20.836  -74.462  14.783 0.0000000000
2762  21.020  -74.652  15.437 0.0000000000
3114  20.935  -73.819  15.291 0.0000000000
3113  21.529  -73.045  15.698 0.0000000000
3134  20.992  -73.148  14.984 0.0000000000
3897  21.655  -71.948  13.079 0.0000000000
105391  22.148  -72.309  13.780 0.0000000000
3915  23.076  -72.399  11.930 0.0000000000
3914  23.603  -72.273  12.192 0.0000000000
3950  19.248  -71.097  10.746 0.0000000000
4362  18.801  -70.663  10.014 0.0000000000
95376  21.658  -71.954  7.582 0.0000000000
95605  21.987  -72.146  8.733 0.0000000000
4364  22.672  -72.165  8.082 0.0000000000
4358  23.187  -72.264  10.098 0.0000000000
4813  23.104  -71.918  8.139 0.0000000000
5238  22.567  -70.126  9.589 0.0000000000
4818  22.938  -71.454  7.017 0.0000000000
5697  22.311  -68.608  7.133 0.0000000000
92879  5.493  -52.786  31.949 0.0000000000
12277  5.618  -54.344  31.214 0.0000000000
12944  5.844  -53.136  30.480 0.0000000000
12959  7.803  -53.615  29.604 0.0000000000
12309  7.163  -54.646  29.482 0.0000000000
11693  7.740  -55.446  29.555 0.0000000000
11683  8.625  -55.629  29.720 0.0000000000
108576  10.309  -51.718  30.030 0.0000000000
13561  9.799  -51.831  30.212 0.0000000000
94511  10.202  -53.209  29.969 0.0000000000
11666  10.718  -56.165  30.698 0.0000000000
11089  10.373  -56.614  31.553 0.0000000000
99182  9.800  -56.809  31.595 0.0000000000
11080  10.001  -56.971  32.092 0.0000000000
9915  10.246  -58.362  32.244 0.0000000000
9914  11.233  -58.362  32.492 0.0000000000
9921  13.462  -58.169  32.081 0.0000000000
9922  12.836  -58.888  32.204 0.0000000000
9367  13.480  -59.157  31.656 0.0000000000
8920  13.681  -60.312  30.646 0.0000000000
9380  14.026  -59.559  31.015 0.0000000000
19651  25.074  -42.784  26.898 0.0000000000
21627  25.711  -39.719  26.841 0.0000000000
21628  24.918  -39.657  26.468 0.0000000000
20983  24.408  -40.463  26.174 0.0000000000
96949  23.766  -40.840  25.936 0.0000000000
97406  23.830  -42.092  26.182 0.0000000000
20985  23.104  -40.708  25.760 0.0000000000
20987  23.032  -40.017  25.651 0.0000000000
22256  22.088  -38.588  25.212 0.0000000000
104530  21.263  -38.841  25.119 0.0000000000
22257  21.346  -38.148  24.862 0.0000000000
23490  21.235  -36.898  23.966 0.0000000000
1964  28.435  -76.471  22.335 0.0000000000
1328  34.859  -78.622  18.132 0.0000000000
1663  34.740  -78.125  18.032 0.0000000000
1340  35.532  -78.887  17.731 0.0000000000
1366  34.405  -79.085  15.292 0.0000000000
1358  34.962  -78.992  15.752 0.0000000000
1367  33.453  -78.629  15.092 0.0000000000
1400  31.088  -78.279  11.515 0.0000000000
106227  31.875  -78.139  10.743 0.0000000000
98063  30.808  -77.697  9.452 0.0000000000
4345  11.261  -70.606  11.936 0.0000000000
3922  10.943  -71.345  11.924 0.0000000000
3920  12.162  -71.971  12.011 0.0000000000
3513  12.750  -72.936  12.519 0.0000000000
3884  13.182  -72.010  13.763 0.0000000000
3871  13.768  -72.055  14.664 0.0000000000
4308  14.421  -69.533  14.337 0.0000000000
4293  14.407  -70.987  14.938 0.0000000000
3854  16.209  -71.104  16.268 0.0000000000
3853  16.927  -71.725  16.507 0.0000000000
94698  16.867  -70.851  16.558 0.0000000000
14148  5.087  -50.945  35.148 0.0000000000
14139  5.597  -51.542  35.454 0.0000000000
14149  4.675  -51.613  34.854 0.0000000000
12879  4.602  -53.061  35.233 0.0000000000
13512  4.576  -52.232  34.584 0.0000000000
13523  4.707  -52.082  33.597 0.0000000000
14157  4.576  -51.412  34.066 0.0000000000
99624  4.814  -49.364  32.215 0.0000000000
14769  4.948  -50.133  31.609 0.0000000000
14768  5.412  -50.007  30.918 0.0000000000
14201  6.074  -50.519  30.489 0.0000000000
14783  5.780  -49.540  30.491 0.0000000000
91259  6.570  -45.928  30.372 0.0000000000
16482  6.141  -46.515  31.042 0.0000000000
15904  5.933  -46.326  30.061 0.0000000000
14798  6.003  -49.744  28.888 0.0000000000
15337  6.493  -50.076  29.811 0.0000000000
14804  6.744  -50.717  28.638 0.0000000000
14237  6.200  -50.874  27.508 0.0000000000
14258  6.617  -51.733  25.926 0.0000000000
13636  7.702  -52.964  25.311 0.0000000000
14273  8.463  -52.598  24.989 0.0000000000
20999  18.444  -40.489  24.594 0.0000000000
19680  16.803  -42.128  24.779 0.0000000000
20356  17.747  -41.870  25.209 0.0000000000
18989  16.891  -43.290  25.675 0.0000000000
18347  13.856  -44.693  26.585 0.0000000000
18346  14.855  -44.643  26.667 0.0000000000
18324  15.350  -45.007  27.351 0.0000000000
16510  13.071  -46.324  28.694 0.0000000000
16511  12.579  -45.947  28.614 0.0000000000
15945  10.477  -47.119  27.562 0.0000000000
15366  11.719  -48.505  27.108 0.0000000000
17128  11.791  -47.115  25.213 0.0000000000
104930  12.062  -49.762  26.022 0.0000000000
15376  11.828  -49.830  26.220 0.0000000000
14822  11.266  -50.685  26.132 0.0000000000
14823  10.158  -50.934  26.138 0.0000000000
105173  10.122  -50.384  23.041 0.0000000000
14271  10.282  -51.587  24.884 0.0000000000
14855  9.835  -51.118  23.148 0.0000000000
13661  10.867  -52.191  22.702 0.0000000000
108825  21.799  -80.273  33.510 0.0000000000
673  22.568  -80.891  32.706 0.0000000000
107558  21.407  -80.469  33.421 0.0000000000
415  19.707  -81.251  33.456 0.0000000000
414  20.552  -81.556  32.956 0.0000000000
258  19.728  -82.053  33.237 0.0000000000
257  20.419  -82.311  32.580 0.0000000000
93245  19.607  -82.478  32.908 0.0000000000
105850  15.872  -81.549  36.022 0.0000000000
245  17.004  -82.310  36.302 0.0000000000
95  15.949  -82.827  35.428 0.0000000000
7  17.408  -83.020  33.128 0.0000000000
102116  17.760  -83.019  33.673 0.0000000000
6  18.100  -83.096  32.810 0.0000000000
110  18.834  -83.077  32.431 0.0000000000
17  19.168  -83.268  31.786 0.0000000000
18  19.225  -83.353  31.054 0.0000000000
107494  18.632  -83.188  31.436 0.0000000000
35  16.800  -83.671  29.961 0.0000000000
34  17.625  -83.433  29.758 0.0000000000
1840  19.383  -76.536  34.450 0.0000000000
1841  18.794  -76.863  34.798 0.0000000000
1853  18.900  -77.048  34.157 0.0000000000
1219  19.723  -78.727  31.416 0.0000000000
1207  18.658  -78.660  32.557 0.0000000000
1220  19.071  -79.075  31.801 0.0000000000
937  17.888  -79.980  31.904 0.0000000000
936  18.666  -79.710  31.428 0.0000000000
100815  19.347  -78.071  28.288 0.0000000000
1245  19.616  -78.539  28.633 0.0000000000
1259  18.896  -78.628  28.024 0.0000000000
701  17.647  -80.615  28.413 0.0000000000
697  17.440  -80.888  29.275 0.0000000000
440  16.524  -81.441  29.245 0.0000000000
441  15.532  -82.036  29.422 0.0000000000
2933  15.126  -74.031  35.467 0.0000000000
2932  15.889  -73.579  35.554 0.0000000000
106288  14.992  -74.292  34.892 0.0000000000
2596  14.890  -75.097  33.898 0.0000000000
2597  13.994  -75.250  34.139 0.0000000000
4013  13.472  -70.559  46.460 0.0000000000
3238  13.333  -72.578  43.963 0.0000000000
3618  13.749  -72.022  44.441 0.0000000000
2890  14.023  -73.405  41.644 0.0000000000
2521  11.332  -74.531  41.431 0.0000000000
2882  11.595  -73.907  42.775 0.0000000000
2132  11.740  -74.938  41.871 0.0000000000
2157  12.643  -76.537  39.056 0.0000000000
2143  12.957  -75.565  40.514 0.0000000000
2156  13.158  -75.577  38.674 0.0000000000
2546  13.834  -74.774  39.175 0.0000000000
2164  13.650  -74.813  38.111 0.0000000000
94472  13.362  -74.804  37.203 0.0000000000
2551  12.865  -75.505  37.099 0.0000000000
95728  12.197  -78.045  34.255 0.0000000000
96490  12.592  -76.139  34.950 0.0000000000
1855  12.629  -77.283  33.716 0.0000000000
1854  13.135  -76.515  33.230 0.0000000000
1530  12.466  -78.426  32.616 0.0000000000
1541  12.625  -78.497  31.784 0.0000000000
103657  12.018  -79.261  32.339 0.0000000000
1230  9.936  -79.342  30.429 0.0000000000
103240  10.153  -79.734  30.005 0.0000000000
12115  13.510  -54.210  44.050 0.0000000000
93666  9.638  -54.962  44.948 0.0000000000
11490  10.558  -54.742  46.092 0.0000000000
11491  9.685  -55.283  45.706 0.0000000000
10375  8.711  -56.715  46.187 0.0000000000
10925  8.925  -56.755  45.280 0.0000000000
10386  8.936  -57.141  44.446 0.0000000000
10936  8.953  -56.277  44.524 0.0000000000
93663  6.107  -55.759  44.152 0.0000000000
10948  6.456  -56.453  44.109 0.0000000000
10399  5.379  -57.461  44.408 0.0000000000
9832  5.536  -58.680  44.630 0.0000000000
10950  4.873  -57.017  44.102 0.0000000000
12815  7.008  -52.815  39.996 0.0000000000
12796  6.101  -53.228  40.905 0.0000000000
10992  4.793  -55.699  40.756 0.0000000000
11555  4.675  -54.835  41.347 0.0000000000
10433  4.742  -56.929  42.086 0.0000000000
9849  5.049  -58.825  42.677 0.0000000000
10432  5.169  -57.966  41.635 0.0000000000
9295  6.149  -59.862  41.114 0.0000000000
9861  5.772  -58.884  41.257 0.0000000000
15266  13.147  -48.630  38.347 0.0000000000
14711  11.667  -48.642  37.933 0.0000000000
14720  11.596  -49.343  36.509 0.0000000000
14131  10.969  -51.178  34.815 0.0000000000
13497  9.681  -52.331  35.184 0.0000000000
13498  8.933  -52.410  35.793 0.0000000000
99204  9.613  -53.308  35.970 0.0000000000
18284  26.748  -44.488  34.270 0.0000000000
17671  26.817  -45.214  34.348 0.0000000000
18282  28.090  -44.911  34.386 0.0000000000
17670  27.308  -45.485  34.320 0.0000000000
17064  28.606  -46.641  34.339 0.0000000000
16455  28.425  -47.548  34.371 0.0000000000
16454  29.004  -47.251  34.003 0.0000000000
20268  28.269  -41.802  33.729 0.0000000000
20284  26.442  -43.022  32.386 0.0000000000
105369  25.857  -43.703  32.471 0.0000000000
20269  27.010  -42.928  33.107 0.0000000000
19602  27.564  -43.032  33.862 0.0000000000
19601  28.654  -42.952  34.190 0.0000000000
17077  30.166  -46.292  32.654 0.0000000000
17675  30.115  -45.610  33.206 0.0000000000
103755  29.812  -46.892  32.895 0.0000000000
16470  29.589  -47.654  32.876 0.0000000000
90640  29.751  -47.965  31.972 0.0000000000
16479  29.800  -48.136  31.236 0.0000000000
16492  30.155  -47.635  29.551 0.0000000000
104722  29.848  -48.315  29.890 0.0000000000
89064  31.361  -43.239  30.995 0.0000000000
103783  31.329  -43.925  30.813 0.0000000000
89058  31.245  -44.326  29.973 0.0000000000
17088  32.378  -46.094  27.250 0.0000000000
19654  29.003  -43.067  26.450 0.0000000000
19647  28.868  -42.217  26.773 0.0000000000
21607  30.195  -39.412  29.456 0.0000000000
22224  29.431  -39.076  29.195 0.0000000000
106651  28.085  -36.924  29.186 0.0000000000
22234  28.797  -38.679  28.728 0.0000000000
20978  28.435  -39.817  27.681 0.0000000000
22235  27.975  -38.408  28.238 0.0000000000
22864  27.166  -37.862  28.004 0.0000000000
2110  24.934  -75.917  45.798 0.0000000000
2114  18.825  -74.913  45.942 0.0000000000
2113  19.743  -75.182  45.930 0.0000000000
1742  19.768  -75.865  46.445 0.0000000000
1444  22.497  -77.096  44.813 0.0000000000
1436  22.039  -76.681  45.827 0.0000000000
1759  23.622  -76.307  44.758 0.0000000000
1758  24.426  -75.968  44.126 0.0000000000
1442  23.702  -76.374  43.977 0.0000000000
1447  24.053  -76.268  43.322 0.0000000000
621  22.767  -80.224  39.913 0.0000000000
609  23.588  -79.902  40.148 0.0000000000
620  23.379  -80.191  39.403 0.0000000000
628  24.535  -80.361  38.393 0.0000000000
378  22.956  -80.511  38.694 0.0000000000
605  18.802  -79.618  40.984 0.0000000000
604  19.622  -79.778  41.054 0.0000000000
612  19.251  -79.977  40.445 0.0000000000
397  20.508  -80.267  37.624 0.0000000000
388  20.852  -80.683  38.201 0.0000000000
396  21.150  -80.351  37.539 0.0000000000
637  22.090  -80.069  37.264 0.0000000000
649  21.719  -79.628  36.739 0.0000000000
1161  22.905  -78.322  36.481 0.0000000000
902  21.091  -79.585  34.922 0.0000000000
908  21.385  -79.316  35.119 0.0000000000
917  21.766  -79.744  34.107 0.0000000000
916  22.271  -79.484  33.876 0.0000000000
923  28.615  -79.022  32.260 0.0000000000
1214  28.410  -78.889  31.082 0.0000000000
1215  27.682  -78.536  31.668 0.0000000000
95622  24.689  -77.305  33.421 0.0000000000
1526  25.357  -77.337  32.559 0.0000000000
1204  24.353  -77.554  32.446 0.0000000000
1519  23.980  -77.521  33.352 0.0000000000
418  23.280  -81.906  32.372 0.0000000000
425  23.902  -82.334  31.935 0.0000000000
126  24.562  -83.436  29.775 0.0000000000
119  24.940  -83.046  30.374 0.0000000000
125  25.377  -83.016  29.620 0.0000000000
133  25.943  -83.093  28.737 0.0000000000
142  25.395  -83.130  27.922 0.0000000000
166  25.489  -83.468  24.859 0.0000000000
153  25.055  -83.093  26.924 0.0000000000
161  25.678  -83.484  25.774 0.0000000000
93626  25.887  -83.509  26.442 0.0000000000
300  26.268  -82.818  24.126 0.0000000000
165  26.072  -83.352  24.314 0.0000000000
311  27.166  -81.705  22.135 0.0000000000
309  29.582  -81.502  21.813 0.0000000000
333  30.945  -81.926  18.565 0.0000000000
203  30.493  -82.388  18.602 0.0000000000
350  30.110  -82.147  16.452 0.0000000000
349  30.860  -82.153  16.372 0.0000000000
357  30.530  -81.766  15.913 0.0000000000
542  31.892  -81.105  15.245 0.0000000000
543  30.913  -81.173  15.256 0.0000000000
578  28.978  -81.090  12.630 0.0000000000
577  29.884  -80.970  12.707 0.0000000000
835  30.150  -80.928  12.421 0.0000000000
99016  29.526  -80.216  12.168 0.0000000000
1106  27.959  -78.945  10.951 0.0000000000
1410  28.144  -78.460  9.838 0.0000000000
95432  27.611  -78.305  8.990 0.0000000000
1058  18.637  -79.622  17.100 0.0000000000
1081  24.169  -79.320  14.538 0.0000000000
1086  24.240  -80.059  13.735 0.0000000000
1085  24.495  -78.989  13.834 0.0000000000
1702  23.665  -77.802  10.783 0.0000000000
1385  23.970  -78.282  11.782 0.0000000000
1404  23.518  -78.708  10.079 0.0000000000
851  24.108  -80.075  10.558 0.0000000000
1415  23.893  -78.814  9.969 0.0000000000
106667  25.066  -79.455  9.970 0.0000000000
1424  24.902  -77.994  9.274 0.0000000000
2063  26.473  -76.479  9.373 0.0000000000
1726  25.963  -77.165  8.798 0.0000000000
2072  26.715  -76.731  9.102 0.0000000000
92085  28.186  -76.967  8.426 0.0000000000
2070  28.594  -76.797  8.426 0.0000000000
101560  29.304  -76.684  7.876 0.0000000000
103329  29.138  -76.647  9.109 0.0000000000
2409  28.934  -75.534  13.225 0.0000000000
3454  24.090  -72.525  17.353 0.0000000000
90711  24.252  -72.190  16.343 0.0000000000
11101  5.510  -56.199  30.217 0.0000000000
10519  5.823  -56.993  31.424 0.0000000000
10530  5.654  -56.981  30.499 0.0000000000
9399  7.182  -59.654  28.728 0.0000000000
9385  6.776  -58.983  29.406 0.0000000000
8937  7.288  -60.122  29.103 0.0000000000
8924  7.552  -60.739  30.173 0.0000000000
8497  7.709  -61.055  29.157 0.0000000000
93474  10.043  -61.615  28.656 0.0000000000
8495  9.662  -61.033  28.836 0.0000000000
8046  10.243  -62.748  27.736 0.0000000000
7583  8.698  -63.358  25.663 0.0000000000
7565  8.827  -63.053  26.386 0.0000000000
91052  8.254  -63.462  26.193 0.0000000000
7566  8.138  -62.977  26.839 0.0000000000
107015  7.831  -63.776  26.129 0.0000000000
7051  7.713  -64.476  25.859 0.0000000000
6522  7.721  -64.177  24.845 0.0000000000
6549  8.101  -64.660  21.360 0.0000000000
6066  10.053  -65.422  18.499 0.0000000000
6067  9.333  -65.429  17.979 0.0000000000
6084  10.028  -65.845  17.556 0.0000000000
5629  10.155  -66.693  15.854 0.0000000000
5608  10.590  -66.729  16.877 0.0000000000
5106  12.323  -68.252  21.597 0.0000000000
5117  11.707  -68.244  20.569 0.0000000000
94505  12.147  -68.487  20.756 0.0000000000
5138  12.273  -68.669  18.558 0.0000000000
99232  12.792  -68.705  17.854 0.0000000000
99625  12.045  -68.424  16.699 0.0000000000
98588  13.485  -68.425  16.964 0.0000000000
5197  13.914  -68.245  15.008 0.0000000000
5155  14.593  -68.161  16.763 0.0000000000
101526  17.391  -68.155  18.035 0.0000000000
4722  16.901  -68.932  16.733 0.0000000000
4721  17.751  -69.219  17.161 0.0000000000
4254  18.569  -70.016  16.938 0.0000000000
4719  19.158  -69.326  17.201 0.0000000000
12363  12.112  -55.299  23.875 0.0000000000
12356  11.190  -55.168  24.792 0.0000000000
12355  12.300  -55.367  25.006 0.0000000000
12331  14.143  -53.821  27.307 0.0000000000
98181  13.929  -53.254  28.131 0.0000000000
12330  14.664  -53.706  28.069 0.0000000000
11108  16.273  -56.528  30.099 0.0000000000
11692  16.062  -55.487  29.864 0.0000000000
11676  15.323  -55.373  30.495 0.0000000000
11097  15.761  -56.123  30.545 0.0000000000
11098  15.097  -56.246  31.122 0.0000000000
106867  14.845  -58.517  29.192 0.0000000000
9398  14.466  -59.514  28.901 0.0000000000
8955  14.380  -60.126  28.381 0.0000000000
9972  13.029  -58.280  27.285 0.0000000000
9424  11.896  -58.508  27.119 0.0000000000
8540  11.603  -61.265  25.367 0.0000000000
106557  12.427  -61.280  25.631 0.0000000000
8543  13.555  -61.588  25.591 0.0000000000
8070  13.869  -62.353  24.615 0.0000000000
7592  14.615  -62.941  23.952 0.0000000000
8076  13.348  -62.828  23.672 0.0000000000
7605  12.859  -62.493  22.112 0.0000000000
7599  13.492  -63.056  22.662 0.0000000000
7603  14.449  -63.278  21.770 0.0000000000
7602  15.344  -63.406  21.443 0.0000000000
7616  15.016  -62.592  21.032 0.0000000000
8102  11.699  -61.664  20.314 0.0000000000
8116  12.347  -62.119  19.729 0.0000000000
7645  16.282  -63.375  18.959 0.0000000000
7629  14.861  -62.628  19.525 0.0000000000
106053  17.285  -63.584  19.137 0.0000000000
7613  17.426  -63.516  19.966 0.0000000000
101356  18.050  -64.068  19.410 0.0000000000
6047  18.759  -65.566  19.243 0.0000000000
107263  18.949  -65.203  18.305 0.0000000000
108316  19.351  -66.460  16.092 0.0000000000
5646  20.007  -67.120  16.289 0.0000000000
5657  19.584  -67.272  15.365 0.0000000000
97275  19.833  -68.511  15.516 0.0000000000
97998  18.687  -67.856  13.916 0.0000000000
5226  18.336  -68.469  13.391 0.0000000000
5232  18.092  -67.677  13.243 0.0000000000
6136  15.245  -66.542  11.804 0.0000000000
5673  15.772  -67.339  11.617 0.0000000000
5675  14.658  -66.889  10.894 0.0000000000
5678  14.690  -67.082  10.395 0.0000000000
6142  14.993  -66.266  10.454 0.0000000000
6662  17.929  -65.361  10.420 0.0000000000
6672  17.289  -65.665  9.882 0.0000000000
6671  18.447  -65.695  9.820 0.0000000000
6148  19.030  -66.269  9.311 0.0000000000
6670  19.538  -65.565  9.771 0.0000000000
1234  26.828  -78.383  29.823 0.0000000000
952  26.480  -79.300  29.704 0.0000000000
694  25.978  -80.338  29.644 0.0000000000
439  25.840  -81.524  29.782 0.0000000000
8775  8.602  -61.438  47.350 0.0000000000
8774  10.667  -60.895  47.770 0.0000000000
8786  10.454  -60.618  46.849 0.0000000000
9247  11.387  -59.867  45.533 0.0000000000
103247  11.724  -60.171  44.462 0.0000000000
9259  11.334  -59.722  44.807 0.0000000000
9260  10.376  -59.415  44.347 0.0000000000
9261  9.665  -59.070  43.658 0.0000000000
18254  22.423  -42.297  38.702 0.0000000000
3482  17.583  -72.615  15.672 0.0000000000
95738  17.556  -73.103  14.782 0.0000000000
3502  17.841  -72.359  14.801 0.0000000000
100242  16.561  -71.990  11.962 0.0000000000
3941  15.358  -71.702  10.236 0.0000000000
3919  16.539  -71.208  11.800 0.0000000000
4354  15.906  -70.420  11.173 0.0000000000
4809  16.461  -69.497  11.443 0.0000000000
12983  8.443  -53.735  27.316 0.0000000000
13607  9.533  -53.146  27.900 0.0000000000
12982  9.621  -54.075  27.254 0.0000000000
13001  10.324  -54.501  26.566 0.0000000000
13000  11.377  -54.336  26.609 0.0000000000
23472  25.769  -36.047  27.675 0.0000000000
1015  30.198  -79.507  22.409 0.0000000000
1301  30.263  -79.662  21.572 0.0000000000
1019  30.300  -79.908  20.547 0.0000000000
1041  32.308  -79.542  17.976 0.0000000000
509  32.080  -80.721  17.998 0.0000000000
518  32.310  -81.037  17.482 0.0000000000
15885  12.175  -47.632  32.296 0.0000000000
16493  11.020  -45.595  29.081 0.0000000000
20989  21.179  -40.201  25.617 0.0000000000
20352  20.763  -40.939  25.873 0.0000000000
20990  20.253  -40.299  25.576 0.0000000000
20354  19.142  -41.291  25.758 0.0000000000
21030  13.575  -40.427  23.533 0.0000000000
21018  13.475  -41.044  24.039 0.0000000000
19701  13.154  -41.891  23.443 0.0000000000
109224  16.249  -77.756  38.553 0.0000000000
1484  15.764  -78.310  37.311 0.0000000000
1483  16.333  -77.806  37.393 0.0000000000
1494  17.214  -77.563  36.150 0.0000000000
1506  17.024  -78.032  35.460 0.0000000000
1889  16.493  -76.855  30.774 0.0000000000
1901  16.855  -77.189  29.965 0.0000000000
1902  15.983  -77.406  29.927 0.0000000000
1564  15.089  -77.502  29.352 0.0000000000
1578  14.120  -77.737  28.906 0.0000000000
103323  13.393  -78.159  29.135 0.0000000000
1237  12.968  -79.136  29.007 0.0000000000
99620  12.350  -79.616  29.578 0.0000000000
3655  12.437  -71.909  39.935 0.0000000000
2905  11.698  -73.443  40.058 0.0000000000
104575  12.384  -73.215  38.823 0.0000000000
2912  11.735  -73.943  37.854 0.0000000000
2919  10.603  -73.652  37.106 0.0000000000
106555  10.097  -74.170  36.518 0.0000000000
15225  15.118  -48.825  43.026 0.0000000000
14059  14.791  -50.372  42.507 0.0000000000
99261  14.235  -49.993  41.687 0.0000000000
14082  12.315  -51.148  40.129 0.0000000000
13463  11.637  -51.593  39.869 0.0000000000
12829  10.825  -52.074  39.622 0.0000000000
14094  10.938  -51.066  39.167 0.0000000000
106727  10.125  -50.235  38.546 0.0000000000
22148  28.979  -38.786  32.973 0.0000000000
22808  27.468  -37.979  32.826 0.0000000000
103620  28.381  -37.337  32.590 0.0000000000
93396  27.757  -36.896  32.582 0.0000000000
23408  29.143  -36.341  32.228 0.0000000000
94441  19.496  -76.504  40.631 0.0000000000
1775  19.781  -76.153  41.501 0.0000000000
1782  18.627  -76.880  40.314 0.0000000000
1776  18.069  -77.138  40.948 0.0000000000
1456  17.035  -77.368  40.602 0.0000000000
1457  16.402  -77.586  41.065 0.0000000000
1467  16.608  -77.531  39.785 0.0000000000
106291  16.653  -77.559  38.836 0.0000000000
2372  21.002  -75.733  16.624 0.0000000000
2002  20.698  -76.859  17.206 0.0000000000
2363  21.069  -76.113  17.149 0.0000000000
107296  22.115  -76.419  17.467 0.0000000000
1666  22.853  -76.901  17.223 0.0000000000
1674  23.666  -77.308  16.654 0.0000000000
2008  23.636  -76.707  17.115 0.0000000000
1997  24.888  -75.946  17.070 0.0000000000
2370  25.670  -75.578  16.766 0.0000000000
2358  25.284  -75.194  17.507 0.0000000000
2741  25.581  -74.368  17.986 0.0000000000
3080  25.137  -73.404  18.402 0.0000000000
9917  7.018  -58.140  32.643 0.0000000000
107190  13.105  -61.375  29.587 0.0000000000
8030  12.412  -62.388  28.503 0.0000000000
8044  13.135  -62.760  27.936 0.0000000000
7562  13.830  -63.719  26.835 0.0000000000
7048  13.907  -64.733  25.833 0.0000000000
5981  14.032  -65.840  24.744 0.0000000000
6501  14.533  -65.049  25.288 0.0000000000
6519  15.375  -64.808  24.474 0.0000000000
6531  15.433  -64.772  23.965 0.0000000000
1243  30.530  -79.044  28.637 0.0000000000
959  29.985  -79.424  27.951 0.0000000000
276  29.201  -82.551  27.115 0.0000000000
284  29.412  -81.826  27.321 0.0000000000
456  28.726  -81.725  26.796 0.0000000000
457  27.377  -80.999  26.344 0.0000000000
718  26.445  -79.936  25.498 0.0000000000
724  26.589  -79.794  24.684 0.0000000000
91248  26.378  -80.640  24.932 0.0000000000
732  26.580  -80.764  24.151 0.0000000000
478  26.899  -81.238  23.290 0.0000000000
109005  19.288  -36.474  21.959 0.0000000000
102187  18.422  -36.817  21.816 0.0000000000
23510  17.297  -36.980  22.067 0.0000000000
23513  13.961  -36.872  22.750 0.0000000000
22925  13.890  -37.138  22.329 0.0000000000
3319  19.784  -72.234  33.011 0.0000000000
2971  19.152  -73.401  32.129 0.0000000000
3320  19.109  -72.383  33.789 0.0000000000
3322  17.992  -73.075  34.041 0.0000000000
5782  8.832  -67.247  48.748 0.0000000000
5789  9.719  -67.057  47.435 0.0000000000
5788  10.720  -66.494  47.100 0.0000000000
6816  13.503  -63.688  46.122 0.0000000000
6817  13.239  -64.402  46.189 0.0000000000
6306  13.391  -64.779  44.939 0.0000000000
6321  13.158  -65.464  44.670 0.0000000000
5841  12.407  -66.642  43.394 0.0000000000
5376  11.557  -67.296  42.898 0.0000000000
5851  12.596  -66.727  42.553 0.0000000000
100673  13.303  -65.980  42.037 0.0000000000
5863  13.321  -66.382  41.346 0.0000000000
5872  13.486  -66.347  40.670 0.0000000000
103577  13.225  -64.594  41.582 0.0000000000
7417  12.612  -64.142  41.449 0.0000000000
7425  11.992  -64.349  41.017 0.0000000000
102937  8.672  -63.368  43.833 0.0000000000
7412  8.453  -63.975  43.788 0.0000000000
107202  7.936  -63.955  43.650 0.0000000000
106285  20.290  -43.996  41.598 0.0000000000
17636  19.000  -44.767  40.885 0.0000000000
16430  17.410  -47.043  39.926 0.0000000000
17037  18.597  -45.703  39.903 0.0000000000
16429  18.231  -46.664  39.270 0.0000000000
16441  20.977  -46.256  37.859 0.0000000000
16442  20.378  -46.988  37.830 0.0000000000
17055  24.662  -46.656  36.535 0.0000000000
15844  25.032  -48.817  35.431 0.0000000000
16458  26.167  -47.670  34.871 0.0000000000
104373  26.721  -47.462  34.700 0.0000000000
2430  17.676  -75.597  10.597 0.0000000000
2058  17.843  -76.606  10.721 0.0000000000
108546  18.913  -75.972  10.173 0.0000000000
2046  19.354  -76.224  10.856 0.0000000000
2420  19.793  -75.823  11.748 0.0000000000
2037  20.285  -76.242  12.467 0.0000000000
2410  20.121  -75.362  12.580 0.0000000000
2788  20.285  -74.668  13.236 0.0000000000
3150  20.368  -73.781  13.795 0.0000000000
3500  20.756  -72.879  14.321 0.0000000000
94134  20.344  -72.770  13.510 0.0000000000
95524  20.496  -71.869  13.119 0.0000000000
3937  20.810  -71.323  11.675 0.0000000000
107200  17.348  -69.767  8.783 0.0000000000
98437  19.273  -70.159  9.364 0.0000000000
4366  20.281  -70.415  7.717 0.0000000000
4375  22.163  -71.618  5.974 0.0000000000
5252  20.938  -69.576  7.007 0.0000000000
5244  21.259  -68.550  7.435 0.0000000000
13565  5.840  -52.263  30.565 0.0000000000
12943  6.176  -52.988  30.003 0.0000000000
13564  6.584  -52.010  30.307 0.0000000000
12942  7.026  -52.787  29.871 0.0000000000
12939  11.812  -52.993  29.671 0.0000000000
12940  11.071  -53.335  29.802 0.0000000000
12293  11.874  -54.062  29.803 0.0000000000
11680  11.896  -55.102  30.267 0.0000000000
11087  12.143  -56.229  31.562 0.0000000000
11078  11.860  -56.741  32.188 0.0000000000
11077  12.798  -56.675  32.152 0.0000000000
10516  13.630  -57.126  32.109 0.0000000000
18969  26.714  -43.284  26.666 0.0000000000
98215  25.925  -42.801  26.965 0.0000000000
22869  24.851  -37.719  26.388 0.0000000000
22252  24.661  -38.700  26.256 0.0000000000
21632  23.414  -39.445  25.668 0.0000000000
22255  23.034  -38.700  25.447 0.0000000000
22883  22.159  -36.891  24.436 0.0000000000
773  35.384  -80.085  17.075 0.0000000000
1338  36.828  -79.562  16.840 0.0000000000
94343  35.767  -80.035  15.395 0.0000000000
795  34.811  -79.647  15.196 0.0000000000
822  33.353  -79.254  14.472 0.0000000000
1096  32.118  -78.430  13.098 0.0000000000
838  32.069  -79.041  13.128 0.0000000000
839  31.832  -78.740  12.707 0.0000000000
1100  30.507  -78.695  12.235 0.0000000000
105522  11.065  -69.628  12.083 0.0000000000
4310  12.604  -69.978  13.192 0.0000000000
97665  13.657  -69.409  13.715 0.0000000000
4759  15.116  -69.020  14.732 0.0000000000
102157  8.780  -49.310  34.178 0.0000000000
14750  7.873  -49.286  34.510 0.0000000000
14741  7.463  -50.197  34.705 0.0000000000
14146  7.147  -51.151  34.915 0.0000000000
106937  6.570  -50.238  35.081 0.0000000000
102265  5.730  -50.016  35.079 0.0000000000
14743  4.971  -50.146  34.471 0.0000000000
14751  4.578  -50.575  33.655 0.0000000000
93708  4.751  -49.513  33.375 0.0000000000
15314  4.976  -48.789  32.685 0.0000000000
15322  5.103  -48.470  31.988 0.0000000000
16497  7.164  -45.538  28.703 0.0000000000
15920  6.189  -46.788  28.910 0.0000000000
15934  6.816  -46.818  27.900 0.0000000000
14811  6.360  -50.445  26.789 0.0000000000
15380  6.754  -50.067  26.223 0.0000000000
14825  6.965  -50.844  25.698 0.0000000000
14824  8.193  -50.810  25.639 0.0000000000
17106  15.542  -45.924  27.901 0.0000000000
21000  17.598  -40.694  24.260 0.0000000000
18993  12.970  -43.280  25.270 0.0000000000
18992  13.688  -43.362  25.372 0.0000000000
18985  13.382  -44.041  25.831 0.0000000000
18326  13.631  -45.274  27.049 0.0000000000
17716  13.387  -45.722  27.546 0.0000000000
17717  13.234  -45.666  27.459 0.0000000000
93557  12.767  -46.027  27.819 0.0000000000
16529  12.501  -46.109  28.061 0.0000000000
16538  12.599  -46.608  27.161 0.0000000000
16539  12.506  -47.645  26.495 0.0000000000
93808  11.258  -47.516  24.366 0.0000000000
16565  11.055  -47.650  23.972 0.0000000000
94153  10.816  -49.411  24.166 0.0000000000
107340  11.121  -51.078  25.621 0.0000000000
14864  10.714  -50.223  22.871 0.0000000000
100166  19.847  -79.822  35.434 0.0000000000
666  20.811  -80.126  34.278 0.0000000000
661  19.055  -80.338  34.753 0.0000000000
406  18.243  -81.220  34.851 0.0000000000
248  17.912  -82.271  35.389 0.0000000000
411  15.659  -81.352  34.708 0.0000000000
254  15.641  -82.626  34.810 0.0000000000
100  15.835  -82.579  34.267 0.0000000000
9  16.801  -82.644  32.963 0.0000000000
99691  17.413  -82.707  31.858 0.0000000000
105729  17.874  -83.034  31.437 0.0000000000
19  17.120  -82.839  31.010 0.0000000000
26  15.988  -83.515  30.483 0.0000000000
46  15.870  -83.474  29.248 0.0000000000
1851  20.458  -76.382  33.043 0.0000000000
1865  19.950  -77.128  32.835 0.0000000000
1527  20.295  -77.453  32.031 0.0000000000
1218  20.248  -78.378  31.119 0.0000000000
1228  20.045  -78.851  30.731 0.0000000000
982  17.591  -78.630  27.012 0.0000000000
971  18.232  -79.122  27.537 0.0000000000
972  17.491  -79.637  27.198 0.0000000000
3286  15.988  -73.011  37.642 0.0000000000
2924  15.480  -73.554  37.272 0.0000000000
2571  14.498  -74.179  36.009 0.0000000000
4439  11.337  -69.470  45.290 0.0000000000
4020  13.463  -70.854  45.978 0.0000000000
4023  13.274  -71.437  44.937 0.0000000000
3619  12.796  -72.063  44.410 0.0000000000
2868  12.609  -73.076  43.713 0.0000000000
1787  11.569  -76.452  39.527 0.0000000000
1785  12.136  -76.652  40.119 0.0000000000
1476  11.654  -77.088  38.796 0.0000000000
1802  12.355  -77.143  38.542 0.0000000000
1811  12.298  -77.173  37.669 0.0000000000
97021  12.526  -76.500  37.020 0.0000000000
104846  12.042  -77.669  36.359 0.0000000000
1514  12.154  -77.838  35.063 0.0000000000
1197  11.732  -78.502  33.664 0.0000000000
1210  11.196  -79.703  32.297 0.0000000000
99677  11.176  -79.167  33.004 0.0000000000
1211  10.295  -79.267  32.377 0.0000000000
12775  13.738  -53.287  42.754 0.0000000000
12756  14.643  -53.514  43.293 0.0000000000
12757  12.393  -53.336  43.354 0.0000000000
12116  12.487  -53.639  44.134 0.0000000000
96433  11.856  -53.598  44.811 0.0000000000
12096  11.205  -53.582  44.949 0.0000000000
12098  9.712  -54.390  44.514 0.0000000000
100971  9.134  -55.045  44.410 0.0000000000
11506  8.790  -55.597  44.314 0.0000000000
11522  8.110  -55.221  43.921 0.0000000000
11523  6.695  -55.182  43.835 0.0000000000
12122  5.972  -54.828  43.509 0.0000000000
12834  5.489  -52.505  39.414 0.0000000000
12816  5.266  -53.037  40.164 0.0000000000
12835  4.886  -53.241  39.273 0.0000000000
11569  4.636  -54.735  40.152 0.0000000000
10991  5.437  -56.573  40.314 0.0000000000
14719  13.351  -49.511  36.125 0.0000000000
106151  12.345  -49.058  36.717 0.0000000000
14731  12.732  -50.344  35.446 0.0000000000
14130  12.029  -50.973  34.881 0.0000000000
18937  26.730  -44.019  34.052 0.0000000000
18936  26.937  -44.142  33.957 0.0000000000
95556  27.638  -44.326  34.259 0.0000000000
20912  26.970  -41.524  32.469 0.0000000000
106248  26.135  -42.038  31.782 0.0000000000
19610  29.473  -42.663  34.017 0.0000000000
18941  30.002  -43.313  33.766 0.0000000000
18286  30.456  -44.845  32.991 0.0000000000
17080  30.516  -46.276  31.797 0.0000000000
16485  30.417  -47.009  31.171 0.0000000000
90474  30.464  -46.916  30.141 0.0000000000
89057  31.802  -43.549  29.023 0.0000000000
90279  31.524  -44.231  28.831 0.0000000000
89052  32.754  -45.067  26.921 0.0000000000
89737  32.490  -45.707  24.818 0.0000000000
23440  28.741  -36.497  31.067 0.0000000000
23453  28.338  -36.099  30.482 0.0000000000
23452  28.549  -36.624  30.100 0.0000000000
23460  27.835  -36.348  29.462 0.0000000000
24165  26.938  -35.928  28.789 0.0000000000
2101  22.556  -75.035  46.107 0.0000000000
96062  18.779  -76.748  45.621 0.0000000000
1432  19.480  -76.845  45.774 0.0000000000
1438  20.346  -77.080  45.357 0.0000000000
1110  20.968  -77.560  44.885 0.0000000000
1115  22.193  -77.603  44.322 0.0000000000
1448  23.421  -76.954  43.555 0.0000000000
1123  22.307  -78.049  43.589 0.0000000000
601  22.376  -79.633  41.199 0.0000000000
602  21.575  -79.861  41.052 0.0000000000
377  17.451  -79.756  39.509 0.0000000000
102202  18.938  -80.002  39.949 0.0000000000
101847  18.152  -79.691  39.145 0.0000000000
97234  19.465  -79.946  38.455 0.0000000000
640  20.113  -79.679  36.954 0.0000000000
650  21.151  -79.625  36.519 0.0000000000
652  19.584  -79.615  36.239 0.0000000000
108463  26.764  -78.534  33.514 0.0000000000
1190  26.453  -77.944  33.121 0.0000000000
1191  26.254  -78.134  33.833 0.0000000000
1512  24.808  -77.270  34.319 0.0000000000
104899  24.333  -77.264  35.040 0.0000000000
267  23.207  -82.906  31.898 0.0000000000
266  23.838  -82.777  31.797 0.0000000000
113  23.516  -83.349  31.336 0.0000000000
121  23.823  -83.648  30.719 0.0000000000
27  24.069  -83.984  29.340 0.0000000000
62  25.988  -83.931  24.078 0.0000000000
579  28.045  -81.108  12.516 0.0000000000
585  27.973  -81.005  11.573 0.0000000000
589  28.193  -81.033  11.258 0.0000000000
842  28.956  -80.933  11.514 0.0000000000
847  27.717  -80.624  10.982 0.0000000000
852  27.376  -79.501  10.895 0.0000000000
1690  24.736  -77.666  13.348 0.0000000000
1384  24.434  -78.306  13.019 0.0000000000
2044  24.584  -77.123  11.975 0.0000000000
104444  24.336  -77.103  10.284 0.0000000000
2065  24.881  -76.964  9.333 0.0000000000
2054  25.502  -76.497  10.449 0.0000000000
2053  26.463  -76.261  10.182 0.0000000000
2062  27.170  -76.381  9.663 0.0000000000
2050  29.212  -76.598  10.013 0.0000000000
2051  28.151  -76.467  10.240 0.0000000000
2427  29.040  -76.342  10.921 0.0000000000
3868  24.099  -72.294  14.302 0.0000000000
4775  23.570  -70.383  14.825 0.0000000000
10540  6.611  -57.191  29.052 0.0000000000
10541  6.164  -57.437  29.248 0.0000000000
9958  6.711  -57.949  29.022 0.0000000000
9957  7.505  -59.157  28.767 0.0000000000
8945  8.077  -60.174  28.594 0.0000000000
7030  10.407  -64.317  26.251 0.0000000000
7564  9.984  -63.668  26.692 0.0000000000
7050  9.914  -64.411  25.639 0.0000000000
103680  9.210  -64.087  24.688 0.0000000000
7073  8.416  -64.065  23.762 0.0000000000
7066  7.886  -64.185  23.919 0.0000000000
7080  8.421  -64.222  22.913 0.0000000000
6541  8.322  -64.314  22.106 0.0000000000
107375  8.436  -64.685  20.618 0.0000000000
6556  8.444  -64.869  19.927 0.0000000000
6555  9.371  -64.881  20.430 0.0000000000
6050  10.777  -65.842  19.324 0.0000000000
95692  13.906  -67.909  20.684 0.0000000000
5116  12.636  -68.564  20.138 0.0000000000
5114  14.082  -68.028  19.902 0.0000000000
5122  14.196  -68.267  18.862 0.0000000000
5136  14.842  -68.091  17.780 0.0000000000
5135  15.783  -67.986  17.761 0.0000000000
93684  17.134  -67.628  18.487 0.0000000000
5133  18.092  -67.828  18.441 0.0000000000
10536  16.812  -56.899  29.524 0.0000000000
10538  15.375  -57.671  30.467 0.0000000000
9956  14.620  -58.741  28.546 0.0000000000
8979  10.348  -59.405  26.174 0.0000000000
8970  11.175  -59.320  26.672 0.0000000000
105567  10.181  -60.444  25.414 0.0000000000
105388  10.830  -61.137  25.122 0.0000000000
8072  11.842  -62.329  24.034 0.0000000000
8077  12.463  -62.623  23.516 0.0000000000
8078  11.726  -62.279  23.349 0.0000000000
91463  12.189  -62.099  22.174 0.0000000000
8087  12.449  -61.720  21.381 0.0000000000
101270  12.388  -63.626  18.460 0.0000000000
7631  12.890  -62.684  19.206 0.0000000000
7648  13.287  -63.524  18.693 0.0000000000
7118  15.446  -64.134  18.127 0.0000000000
7117  16.623  -63.986  18.143 0.0000000000
7126  18.519  -64.892  17.968 0.0000000000
7127  17.658  -64.840  17.319 0.0000000000
6112  18.330  -66.219  15.582 0.0000000000
6111  18.690  -66.684  14.965 0.0000000000
5666  17.783  -67.017  13.323 0.0000000000
6125  17.260  -66.561  13.602 0.0000000000
6126  16.234  -66.128  13.235 0.0000000000
6647  15.738  -65.480  12.914 0.0000000000
677  30.986  -80.597  30.801 0.0000000000
682  31.481  -80.894  29.873 0.0000000000
684  30.373  -81.038  30.493 0.0000000000
691  29.811  -81.288  29.641 0.0000000000
445  29.019  -81.451  28.585 0.0000000000
693  27.838  -80.138  29.372 0.0000000000
446  28.088  -80.951  28.820 0.0000000000
129  28.913  -82.662  27.628 0.0000000000
139  28.249  -82.993  27.503 0.0000000000
99007  27.850  -83.076  26.873 0.0000000000
7343  11.754  -63.429  48.781 0.0000000000
7342  12.574  -62.910  48.265 0.0000000000
7351  13.258  -63.006  47.382 0.0000000000
8340  12.541  -61.007  47.804 0.0000000000
8339  13.239  -61.445  47.006 0.0000000000
7361  13.588  -63.108  46.529 0.0000000000
7375  13.623  -63.148  45.742 0.0000000000
93576  13.124  -62.648  44.769 0.0000000000
7390  12.946  -63.076  44.344 0.0000000000
7400  12.781  -63.544  43.372 0.0000000000
7895  12.059  -62.948  44.243 0.0000000000
7896  10.940  -63.078  44.217 0.0000000000
104241  10.538  -62.616  43.968 0.0000000000
8809  11.450  -60.658  43.881 0.0000000000
100160  10.792  -61.261  43.442 0.0000000000
99551  9.573  -62.955  43.970 0.0000000000
8377  8.848  -62.501  43.170 0.0000000000
8378  7.759  -62.053  42.936 0.0000000000
8826  7.063  -61.143  43.347 0.0000000000
18881  22.016  -41.801  40.157 0.0000000000
17643  20.328  -43.797  39.390 0.0000000000
17642  20.870  -43.866  38.699 0.0000000000
17049  20.903  -45.186  38.167 0.0000000000
17651  21.340  -44.723  38.097 0.0000000000
16440  21.812  -47.219  37.604 0.0000000000
17056  23.765  -46.918  37.058 0.0000000000
17657  25.729  -45.497  36.218 0.0000000000
3118  15.335  -74.353  14.860 0.0000000000
2381  16.753  -75.190  14.763 0.0000000000
3117  16.075  -74.137  15.358 0.0000000000
2789  17.498  -74.857  13.739 0.0000000000
2799  17.337  -74.370  12.583 0.0000000000
3511  17.321  -73.178  13.209 0.0000000000
3163  17.145  -73.495  12.443 0.0000000000
2812  16.926  -74.480  10.667 0.0000000000
2824  16.887  -74.442  10.024 0.0000000000
99689  17.971  -74.206  9.838 0.0000000000
3195  17.912  -73.370  9.803 0.0000000000
3536  18.446  -72.368  10.502 0.0000000000
3555  17.660  -72.365  9.818 0.0000000000
3958  17.448  -71.285  9.607 0.0000000000
3558  15.212  -71.559  9.754 0.0000000000
4368  16.734  -70.507  9.163 0.0000000000
4815  16.422  -69.803  8.884 0.0000000000
4822  17.295  -69.167  7.942 0.0000000000
5247  16.937  -68.849  7.954 0.0000000000
14796  9.015  -50.731  30.042 0.0000000000
14198  9.109  -50.969  30.359 0.0000000000
14223  9.473  -50.957  29.682 0.0000000000
14222  10.328  -51.572  29.476 0.0000000000
14221  11.066  -51.865  29.288 0.0000000000
13594  10.339  -52.151  28.525 0.0000000000
14233  10.883  -51.735  28.996 0.0000000000
13581  11.596  -52.249  29.387 0.0000000000
109039  12.299  -52.722  29.415 0.0000000000
13579  12.963  -52.971  29.247 0.0000000000
12957  13.679  -53.616  29.480 0.0000000000
20980  26.998  -40.492  27.128 0.0000000000
21624  26.533  -39.754  27.128 0.0000000000
101043  26.158  -39.008  27.082 0.0000000000
99730  25.001  -36.935  26.553 0.0000000000
22872  24.455  -37.051  26.053 0.0000000000
23479  24.096  -36.245  25.673 0.0000000000
1962  27.721  -76.712  24.143 0.0000000000
2307  27.506  -75.973  24.422 0.0000000000
1961  28.202  -76.829  23.298 0.0000000000
92619  28.586  -77.199  22.712 0.0000000000
1634  28.725  -77.138  21.814 0.0000000000
1302  29.590  -78.733  21.524 0.0000000000
1633  29.031  -77.647  21.043 0.0000000000
1966  28.958  -76.662  20.836 0.0000000000
1638  29.386  -77.019  20.232 0.0000000000
104686  31.529  -76.834  19.259 0.0000000000
1645  32.847  -77.146  18.814 0.0000000000
1317  32.995  -78.089  18.646 0.0000000000
1040  35.310  -79.442  18.128 0.0000000000
99216  33.465  -79.778  18.023 0.0000000000
100493  34.483  -79.954  18.088 0.0000000000
761  35.431  -80.047  17.997 0.0000000000
527  34.354  -80.376  16.552 0.0000000000
540  33.825  -81.094  16.135 0.0000000000
554  32.952  -80.933  14.611 0.0000000000
15858  9.098  -47.875  34.000 0.0000000000
15873  8.443  -47.663  33.520 0.0000000000
15874  7.345  -47.408  33.154 0.0000000000
106418  6.125  -47.371  32.622 0.0000000000
16481  7.286  -46.369  31.264 0.0000000000
16488  7.458  -45.575  30.165 0.0000000000
16487  8.575  -45.445  29.901 0.0000000000
16496  7.779  -44.895  29.355 0.0000000000
15933  7.688  -45.819  28.071 0.0000000000
16531  8.335  -46.315  27.683 0.0000000000
15946  8.609  -47.485  27.104 0.0000000000
20347  20.430  -41.686  26.138 0.0000000000
21016  14.399  -39.735  23.898 0.0000000000
18354  12.391  -44.742  25.639 0.0000000000
17745  12.001  -45.313  25.185 0.0000000000
392  16.209  -80.724  38.295 0.0000000000
398  16.888  -80.677  36.997 0.0000000000
400  15.829  -81.001  37.715 0.0000000000
405  15.567  -80.679  36.686 0.0000000000
664  15.650  -80.531  35.740 0.0000000000
1162  15.774  -78.571  36.469 0.0000000000
896  15.308  -79.409  36.504 0.0000000000
668  15.697  -80.642  34.986 0.0000000000
107975  15.697  -80.655  34.186 0.0000000000
671  16.138  -80.428  33.364 0.0000000000
675  16.361  -80.658  32.623 0.0000000000
2243  20.463  -75.910  29.723 0.0000000000
1561  20.538  -77.526  29.440 0.0000000000
1909  19.832  -77.004  28.965 0.0000000000
1910  18.806  -77.027  28.885 0.0000000000
1575  18.419  -77.558  28.325 0.0000000000
109253  17.177  -77.303  29.344 0.0000000000
99225  17.605  -77.622  27.991 0.0000000000
1594  17.357  -77.747  27.291 0.0000000000
90189  16.961  -77.775  26.781 0.0000000000
1262  13.404  -78.858  27.508 0.0000000000
4033  11.048  -70.949  42.470 0.0000000000
3626  11.042  -71.892  43.012 0.0000000000
3256  10.734  -73.008  42.162 0.0000000000
2892  10.901  -73.321  41.665 0.0000000000
2529  11.209  -74.408  40.762 0.0000000000
2539  11.419  -74.543  39.933 0.0000000000
2152  11.561  -75.913  39.289 0.0000000000
1795  11.227  -76.460  38.760 0.0000000000
1812  10.417  -76.436  37.507 0.0000000000
1497  10.342  -77.426  35.823 0.0000000000
1515  10.143  -77.519  34.873 0.0000000000
1843  10.062  -76.650  34.696 0.0000000000
2207  10.120  -75.778  34.002 0.0000000000
13429  15.210  -52.037  42.893 0.0000000000
13440  14.221  -51.946  41.721 0.0000000000
12789  14.261  -52.650  42.201 0.0000000000
12791  11.816  -52.900  42.047 0.0000000000
12792  10.968  -53.076  42.223 0.0000000000
102172  10.303  -53.390  42.027 0.0000000000
12152  8.326  -53.997  41.972 0.0000000000
12794  8.911  -53.523  41.256 0.0000000000
12814  8.386  -53.142  40.306 0.0000000000
12832  7.933  -52.450  39.469 0.0000000000
13464  9.718  -51.978  39.255 0.0000000000
13465  8.566  -51.828  38.943 0.0000000000
96197  6.922  -52.132  39.175 0.0000000000
13467  6.545  -51.864  38.634 0.0000000000
13489  6.886  -51.927  37.404 0.0000000000
13488  7.341  -52.334  36.764 0.0000000000
21553  26.045  -40.261  31.781 0.0000000000
94350  30.094  -40.921  33.301 0.0000000000
20283  30.857  -41.486  32.368 0.0000000000
20282  31.239  -41.521  31.465 0.0000000000
19619  31.384  -42.270  31.026 0.0000000000
21551  29.868  -39.297  32.291 0.0000000000
20295  31.997  -40.626  31.061 0.0000000000
20294  32.366  -41.116  30.645 0.0000000000
89062  31.769  -41.853  30.150 0.0000000000
90172  31.053  -41.807  29.935 0.0000000000
90059  31.490  -42.615  29.320 0.0000000000
20331  30.572  -41.639  28.869 0.0000000000
21606  30.579  -40.070  30.040 0.0000000000
21596  29.640  -38.760  30.091 0.0000000000
22218  29.376  -37.645  30.647 0.0000000000
23426  29.316  -36.244  31.605 0.0000000000
22840  29.355  -36.761  31.279 0.0000000000
24127  27.929  -35.540  31.511 0.0000000000
24850  25.838  -34.392  32.123 0.0000000000
24851  25.048  -34.099  32.223 0.0000000000
2490  20.316  -74.636  44.532 0.0000000000
93823  19.618  -74.371  43.969 0.0000000000
94124  19.083  -74.518  44.230 0.0000000000
1760  18.461  -75.194  44.954 0.0000000000
1769  19.182  -76.532  42.371 0.0000000000
94247  18.814  -75.752  43.802 0.0000000000
1434  18.343  -76.333  45.239 0.0000000000
1113  18.882  -76.883  44.091 0.0000000000
1119  19.111  -77.308  43.792 0.0000000000
860  19.022  -78.372  42.657 0.0000000000
864  19.542  -78.883  42.174 0.0000000000
865  18.729  -78.783  41.995 0.0000000000
598  18.145  -79.184  41.566 0.0000000000
599  17.284  -79.397  41.542 0.0000000000
1139  15.888  -78.418  41.474 0.0000000000
873  16.055  -79.428  41.334 0.0000000000
607  17.153  -79.540  40.971 0.0000000000
615  16.704  -79.714  40.116 0.0000000000
91804  16.668  -80.192  39.002 0.0000000000
106883  22.487  -84.520  30.020 0.0000000000
30  21.719  -84.476  29.621 0.0000000000
104116  26.409  -80.953  13.024 0.0000000000
1076  18.884  -78.841  15.387 0.0000000000
1077  18.168  -79.359  15.862 0.0000000000
1356  18.720  -78.835  16.414 0.0000000000
1345  18.862  -79.028  17.015 0.0000000000
90751  19.634  -79.171  17.323 0.0000000000
1669  20.413  -77.432  17.216 0.0000000000
1343  19.976  -78.614  17.327 0.0000000000
1056  20.211  -79.388  17.232 0.0000000000
1066  21.101  -79.574  16.682 0.0000000000
1075  21.763  -80.017  15.880 0.0000000000
803  22.219  -80.415  15.104 0.0000000000
1073  23.483  -79.385  15.199 0.0000000000
1072  24.075  -78.805  15.131 0.0000000000
1080  24.480  -78.382  14.634 0.0000000000
1351  24.342  -77.464  15.968 0.0000000000
94726  24.768  -77.463  15.102 0.0000000000
1685  24.861  -77.634  14.222 0.0000000000
1689  25.099  -77.062  13.675 0.0000000000
2021  25.545  -76.524  14.003 0.0000000000
2026  26.473  -76.042  12.933 0.0000000000
2399  27.537  -75.850  12.823 0.0000000000
2388  27.022  -75.787  13.624 0.0000000000
2387  27.492  -75.522  14.388 0.0000000000
2760  27.705  -74.596  15.569 0.0000000000
2751  27.401  -74.240  16.369 0.0000000000
3112  27.992  -73.849  15.953 0.0000000000
3102  27.988  -73.013  16.347 0.0000000000
8001  7.915  -62.843  30.446 0.0000000000
9371  9.714  -58.802  31.081 0.0000000000
9383  9.616  -59.084  30.163 0.0000000000
9382  10.185  -59.836  29.866 0.0000000000
8494  10.567  -61.279  29.068 0.0000000000
8045  11.093  -63.014  27.687 0.0000000000
104688  11.984  -62.927  27.819 0.0000000000
7544  11.515  -63.519  27.306 0.0000000000
7017  10.923  -63.991  26.806 0.0000000000
109185  11.002  -65.403  25.316 0.0000000000
5984  10.864  -65.756  24.756 0.0000000000
5522  11.077  -66.829  23.775 0.0000000000
5552  10.952  -67.261  22.315 0.0000000000
5537  11.506  -67.337  23.321 0.0000000000
5078  11.836  -67.751  22.870 0.0000000000
5091  12.511  -67.880  22.542 0.0000000000
6012  13.558  -66.845  23.694 0.0000000000
107947  13.774  -66.991  23.024 0.0000000000
99899  13.955  -67.345  21.802 0.0000000000
6041  14.330  -67.341  21.136 0.0000000000
6040  15.024  -66.811  20.915 0.0000000000
6554  15.952  -66.237  20.761 0.0000000000
9003  8.382  -60.315  22.439 0.0000000000
8559  9.441  -60.953  22.316 0.0000000000
7649  11.364  -63.747  18.027 0.0000000000
1582  33.481  -78.448  26.504 0.0000000000
1602  33.185  -78.105  25.910 0.0000000000
1929  31.017  -77.011  26.314 0.0000000000
96515  30.818  -78.001  27.381 0.0000000000
1915  30.489  -77.491  26.935 0.0000000000
2257  30.145  -76.517  26.839 0.0000000000
1917  28.566  -76.360  27.231 0.0000000000
104076  27.594  -76.364  26.714 0.0000000000
107126  27.258  -76.817  26.374 0.0000000000
698  31.301  -81.049  28.833 0.0000000000
699  30.470  -80.589  28.235 0.0000000000
103242  29.256  -79.305  27.492 0.0000000000
703  29.155  -80.849  27.273 0.0000000000
967  28.736  -79.745  27.214 0.0000000000
96816  28.574  -78.826  27.317 0.0000000000
1269  27.395  -78.016  26.817 0.0000000000
1603  27.034  -77.562  26.237 0.0000000000
1612  27.127  -76.832  25.245 0.0000000000
1620  27.329  -77.325  24.760 0.0000000000
1295  28.269  -78.297  24.118 0.0000000000
1294  28.997  -78.690  23.763 0.0000000000
996  27.085  -79.353  24.222 0.0000000000
1004  29.035  -79.533  23.796 0.0000000000
1003  29.747  -79.896  23.422 0.0000000000
1010  30.272  -80.169  22.853 0.0000000000
490  30.682  -81.356  21.931 0.0000000000
489  30.709  -81.795  21.600 0.0000000000
22266  19.810  -38.726  24.102 0.0000000000
21645  19.461  -39.486  24.601 0.0000000000
21655  19.060  -39.348  23.751 0.0000000000
21656  18.347  -39.656  23.697 0.0000000000
22286  18.420  -38.357  22.584 0.0000000000
23529  16.545  -36.028  22.164 0.0000000000
94971  16.226  -36.597  22.482 0.0000000000
22288  15.826  -37.665  22.966 0.0000000000
99514  13.844  -39.622  23.839 0.0000000000
21670  13.706  -38.882  23.353 0.0000000000
20415  14.495  -41.478  21.396 0.0000000000
1808  19.711  -76.118  37.469 0.0000000000
1823  18.731  -76.782  36.622 0.0000000000
1821  19.869  -76.028  36.654 0.0000000000
93755  19.925  -76.105  35.780 0.0000000000
93840  19.924  -76.070  34.862 0.0000000000
2193  20.650  -75.675  34.433 0.0000000000
2201  20.855  -75.749  33.542 0.0000000000
2213  21.118  -75.827  32.741 0.0000000000
2224  21.494  -75.757  31.322 0.0000000000
2233  21.330  -75.561  30.559 0.0000000000
104810  22.132  -72.546  32.381 0.0000000000
2970  22.252  -73.217  32.355 0.0000000000
2609  21.736  -74.286  31.347 0.0000000000
2617  21.205  -74.591  30.703 0.0000000000
2234  20.843  -75.392  30.220 0.0000000000
2235  20.164  -75.358  30.071 0.0000000000
91357  19.298  -75.497  30.269 0.0000000000
2225  17.961  -75.598  31.182 0.0000000000
103541  18.193  -75.013  31.663 0.0000000000
2237  17.230  -76.145  31.126 0.0000000000
92131  16.534  -76.154  31.605 0.0000000000
95305  15.939  -76.118  32.024 0.0000000000
2227  15.227  -76.261  32.062 0.0000000000
4432  10.708  -69.590  47.385 0.0000000000
4894  8.868  -69.103  47.965 0.0000000000
4434  9.257  -69.203  47.004 0.0000000000
4446  10.819  -69.548  44.059 0.0000000000
4453  10.641  -69.645  43.250 0.0000000000
6263  10.899  -65.213  48.162 0.0000000000
6278  11.281  -65.637  47.482 0.0000000000
5801  10.970  -66.790  46.296 0.0000000000
5800  12.053  -66.297  45.792 0.0000000000
5815  11.077  -66.993  45.605 0.0000000000
5341  10.037  -67.731  45.841 0.0000000000
5365  9.675  -68.296  44.155 0.0000000000
4927  9.507  -68.905  43.486 0.0000000000
4454  9.857  -69.157  43.208 0.0000000000
4459  10.655  -69.753  42.565 0.0000000000
4039  11.006  -70.243  42.087 0.0000000000
4046  11.351  -70.133  41.446 0.0000000000
5401  11.234  -68.145  41.825 0.0000000000
4475  11.589  -69.255  41.060 0.0000000000
4045  11.724  -70.801  40.918 0.0000000000
3643  12.451  -71.009  40.112 0.0000000000
3654  13.035  -71.363  39.109 0.0000000000
4063  13.305  -70.515  38.596 0.0000000000
4070  13.553  -70.591  37.552 0.0000000000
4496  13.414  -68.997  38.348 0.0000000000
5877  13.709  -66.319  39.812 0.0000000000
7410  11.692  -63.543  42.999 0.0000000000
6887  10.224  -64.796  41.753 0.0000000000
6875  9.418  -64.772  42.468 0.0000000000
15797  15.808  -47.749  41.778 0.0000000000
15259  12.998  -48.966  39.674 0.0000000000
15247  14.532  -48.856  40.261 0.0000000000
15258  13.919  -48.892  39.358 0.0000000000
15819  16.259  -48.459  39.387 0.0000000000
15256  15.859  -48.577  38.336 0.0000000000
15265  14.317  -48.701  37.686 0.0000000000
15274  14.874  -49.285  35.936 0.0000000000
15273  15.804  -49.687  35.362 0.0000000000
17043  19.677  -45.505  38.747 0.0000000000
16435  18.570  -47.205  38.357 0.0000000000
15834  16.843  -48.984  35.903 0.0000000000
15838  22.246  -49.111  36.260 0.0000000000
15278  22.637  -49.603  35.772 0.0000000000
15836  23.866  -48.445  36.066 0.0000000000
15846  23.454  -49.239  35.828 0.0000000000
2142  20.562  -75.565  40.538 0.0000000000
1789  20.242  -75.953  38.950 0.0000000000
1799  19.537  -76.287  38.305 0.0000000000
829  19.070  -79.867  13.331 0.0000000000
2391  16.663  -75.949  14.442 0.0000000000
2038  17.317  -76.946  13.370 0.0000000000
1699  17.653  -77.422  12.375 0.0000000000
1714  18.176  -77.103  10.918 0.0000000000
1397  17.993  -77.888  12.018 0.0000000000
1388  17.807  -78.232  12.860 0.0000000000
1103  19.054  -79.168  12.036 0.0000000000
1094  19.308  -79.711  12.502 0.0000000000
1082  19.176  -79.494  14.038 0.0000000000
1370  20.288  -78.341  13.945 0.0000000000
104802  20.416  -77.789  14.823 0.0000000000
92241  20.664  -77.119  15.266 0.0000000000
2028  20.972  -75.934  13.800 0.0000000000
2022  21.039  -76.411  14.541 0.0000000000
2015  20.780  -76.254  15.903 0.0000000000
2371  21.241  -74.861  16.318 0.0000000000
2753  21.555  -74.339  16.873 0.0000000000
3096  22.044  -73.886  17.309 0.0000000000
3083  22.764  -73.508  17.731 0.0000000000
3103  22.365  -73.118  16.951 0.0000000000
3481  23.028  -72.632  15.403 0.0000000000
3498  23.776  -72.484  14.334 0.0000000000
3509  23.498  -72.489  13.574 0.0000000000
3882  24.026  -72.394  13.639 0.0000000000
3881  24.086  -72.323  13.526 0.0000000000
90622  23.707  -71.772  11.992 0.0000000000
4805  23.516  -71.628  11.320 0.0000000000
3939  18.899  -71.746  10.984 0.0000000000
3938  19.598  -71.404  11.464 0.0000000000
4361  19.831  -70.664  10.190 0.0000000000
4360  21.236  -71.409  10.024 0.0000000000
4352  22.130  -72.113  10.578 0.0000000000
4351  23.175  -72.330  10.458 0.0000000000
4350  23.477  -72.144  10.649 0.0000000000
90533  22.828  -70.297  11.193 0.0000000000
5233  22.202  -69.059  10.885 0.0000000000
5237  22.295  -68.730  9.946 0.0000000000
104072  23.076  -69.150  7.458 0.0000000000
12263  5.575  -54.393  32.632 0.0000000000
11651  5.696  -55.291  33.130 0.0000000000
99731  5.609  -55.042  31.881 0.0000000000
11684  5.464  -55.413  30.806 0.0000000000
11696  5.587  -55.373  29.919 0.0000000000
109417  5.905  -53.687  29.981 0.0000000000
12310  6.191  -54.929  29.654 0.0000000000
11695  6.059  -55.874  29.567 0.0000000000
105952  7.358  -56.094  29.520 0.0000000000
95410  8.276  -56.937  29.858 0.0000000000
10528  8.752  -57.439  30.369 0.0000000000
13562  8.793  -51.615  30.460 0.0000000000
12941  9.119  -52.868  30.132 0.0000000000
12295  8.818  -54.011  29.579 0.0000000000
93720  10.275  -54.568  29.811 0.0000000000
92046  9.313  -54.949  29.684 0.0000000000
11099  9.442  -56.105  30.042 0.0000000000
10517  9.288  -57.372  31.308 0.0000000000
9924  9.639  -58.224  31.631 0.0000000000
9923  10.147  -58.955  31.692 0.0000000000
93117  10.769  -59.450  31.404 0.0000000000
8910  11.944  -60.284  30.927 0.0000000000
9913  12.390  -58.125  32.513 0.0000000000
9368  12.661  -59.535  31.757 0.0000000000
8921  12.709  -60.605  30.584 0.0000000000
8931  13.471  -60.912  29.895 0.0000000000
8508  14.315  -61.387  28.736 0.0000000000
20339  25.582  -41.323  26.813 0.0000000000
20342  24.835  -41.100  26.483 0.0000000000
19655  24.758  -41.936  26.554 0.0000000000
19656  24.244  -42.802  26.465 0.0000000000
97983  22.954  -42.190  26.024 0.0000000000
20345  22.383  -41.363  25.898 0.0000000000
21633  22.599  -39.412  25.504 0.0000000000
22258  20.722  -38.645  24.864 0.0000000000
104749  20.381  -38.497  24.492 0.0000000000
22884  21.425  -37.363  24.388 0.0000000000
22885  20.856  -37.410  24.057 0.0000000000
22892  20.458  -37.505  23.668 0.0000000000
22903  20.111  -37.358  22.946 0.0000000000
2691  27.704  -75.116  23.988 0.0000000000
109250  33.753  -77.456  18.562 0.0000000000
1664  34.083  -77.456  18.152 0.0000000000
1672  33.842  -77.292  17.134 0.0000000000
1348  36.018  -78.948  16.957 0.0000000000
1350  34.274  -77.954  16.584 0.0000000000
1098  32.216  -78.000  11.866 0.0000000000
90626  31.709  -77.407  9.376 0.0000000000
1732  30.366  -77.499  7.866 0.0000000000
99155  9.341  -62.054  49.359 0.0000000000
8329  7.823  -62.122  48.461 0.0000000000
8341  6.976  -61.686  47.836 0.0000000000
8777  6.755  -60.684  47.304 0.0000000000
9227  6.860  -59.551  47.196 0.0000000000
3512  13.442  -74.466  12.598 0.0000000000
3524  12.155  -72.831  11.841 0.0000000000
3484  14.261  -73.310  14.560 0.0000000000
3467  15.264  -72.367  15.815 0.0000000000
95442  16.007  -72.097  16.266 0.0000000000
3464  17.375  -72.273  16.224 0.0000000000
3463  17.941  -71.955  16.142 0.0000000000
3869  18.357  -71.433  15.746 0.0000000000
12365  10.397  -54.617  24.256 0.0000000000
13026  10.661  -54.153  23.344 0.0000000000
12373  11.638  -54.548  23.179 0.0000000000
11627  5.189  -55.584  35.507 0.0000000000
14147  6.388  -51.765  35.477 0.0000000000
12877  5.566  -53.111  36.104 0.0000000000
12883  4.735  -53.788  34.756 0.0000000000
12897  5.241  -53.688  33.438 0.0000000000
13522  5.205  -52.846  32.957 0.0000000000
13535  5.134  -52.046  32.408 0.0000000000
14183  5.014  -51.186  31.786 0.0000000000
14202  5.426  -51.624  30.988 0.0000000000
94777  6.007  -51.355  30.587 0.0000000000
16473  6.164  -47.008  31.731 0.0000000000
15888  5.778  -47.236  31.518 0.0000000000
106450  5.548  -48.293  30.598 0.0000000000
91292  5.718  -47.539  29.847 0.0000000000
15338  5.864  -49.038  30.030 0.0000000000
13596  7.089  -52.278  27.837 0.0000000000
103342  6.213  -51.520  26.887 0.0000000000
109292  6.710  -52.442  26.695 0.0000000000
13608  7.418  -53.146  27.123 0.0000000000
12984  7.688  -53.648  26.368 0.0000000000
13028  9.069  -53.671  24.440 0.0000000000
15930  13.682  -47.423  29.016 0.0000000000
20998  19.135  -40.152  24.936 0.0000000000
20992  18.818  -40.862  25.236 0.0000000000
20355  18.478  -41.556  25.559 0.0000000000
19665  18.146  -42.241  25.772 0.0000000000
19661  17.750  -42.989  25.850 0.0000000000
18981  17.294  -43.737  26.110 0.0000000000
18344  16.840  -44.339  26.654 0.0000000000
18323  16.348  -44.840  27.254 0.0000000000
105118  14.894  -46.218  28.085 0.0000000000
17715  13.842  -45.718  27.782 0.0000000000
17107  14.005  -45.962  28.220 0.0000000000
15931  12.769  -46.546  29.157 0.0000000000
15932  12.113  -46.114  28.109 0.0000000000
92026  12.235  -48.606  26.556 0.0000000000
15378  9.174  -49.920  26.304 0.0000000000
14256  9.105  -51.656  25.366 0.0000000000
14272  9.550  -52.078  24.848 0.0000000000
13634  9.128  -52.956  24.434 0.0000000000
13650  9.635  -52.978  23.674 0.0000000000
13037  10.184  -53.110  23.048 0.0000000000
104618  11.594  -50.465  22.904 0.0000000000
934  23.577  -80.112  32.085 0.0000000000
96360  23.004  -80.384  32.676 0.0000000000
109156  22.863  -81.481  32.514 0.0000000000
98052  22.967  -82.091  32.461 0.0000000000
670  20.569  -80.700  33.372 0.0000000000
413  21.411  -81.151  32.842 0.0000000000
260  22.824  -82.419  32.317 0.0000000000
261  22.022  -82.471  32.321 0.0000000000
108  21.523  -83.079  31.789 0.0000000000
106660  21.135  -83.676  31.452 0.0000000000
249  17.356  -82.314  36.016 0.0000000000
93  17.991  -82.625  34.917 0.0000000000
94  16.660  -83.024  35.257 0.0000000000
98  17.492  -82.987  34.643 0.0000000000
96  18.998  -82.485  33.610 0.0000000000
103  19.232  -82.881  32.767 0.0000000000
117  19.749  -83.280  32.000 0.0000000000
115  21.225  -84.106  31.226 0.0000000000
16  20.639  -84.168  30.898 0.0000000000
95855  20.186  -84.021  30.193 0.0000000000
104532  18.385  -83.204  30.595 0.0000000000
98555  18.700  -76.806  35.921 0.0000000000
1505  17.726  -77.431  35.487 0.0000000000
1521  17.873  -77.899  34.232 0.0000000000
1520  19.126  -77.497  33.349 0.0000000000
1194  18.356  -78.158  33.392 0.0000000000
1195  17.500  -78.527  33.768 0.0000000000
918  17.130  -79.229  33.384 0.0000000000
674  17.115  -80.272  32.300 0.0000000000
681  16.649  -80.841  31.835 0.0000000000
1236  20.194  -78.436  29.292 0.0000000000
953  19.905  -79.044  29.623 0.0000000000
947  19.669  -79.403  30.209 0.0000000000
962  18.738  -79.574  28.206 0.0000000000
695  18.964  -80.135  29.312 0.0000000000
688  18.908  -80.007  30.525 0.0000000000
689  18.021  -80.621  30.134 0.0000000000
426  17.110  -80.872  30.926 0.0000000000
427  16.309  -81.315  31.237 0.0000000000
108099  15.634  -81.937  29.989 0.0000000000
99374  17.976  -72.529  35.651 0.0000000000
2942  17.298  -73.284  34.432 0.0000000000
2931  16.624  -73.104  35.728 0.0000000000
2943  16.476  -73.511  34.891 0.0000000000
2595  16.120  -74.509  33.820 0.0000000000
102153  15.589  -74.947  33.680 0.0000000000
2217  14.730  -75.870  32.673 0.0000000000
1866  14.311  -76.479  32.093 0.0000000000
3607  13.993  -71.478  45.493 0.0000000000
3612  14.305  -71.558  44.567 0.0000000000
3265  15.067  -72.973  40.386 0.0000000000
3239  11.488  -72.969  43.338 0.0000000000
2881  12.075  -73.916  43.054 0.0000000000
2509  12.458  -74.286  42.540 0.0000000000
2144  12.484  -75.861  40.520 0.0000000000
2519  13.006  -74.621  41.756 0.0000000000
2518  13.789  -74.096  41.293 0.0000000000
2527  14.199  -74.223  40.480 0.0000000000
2898  14.979  -73.678  39.819 0.0000000000
107073  15.163  -73.747  39.177 0.0000000000
2910  15.128  -73.853  38.626 0.0000000000
2560  13.837  -74.422  36.585 0.0000000000
2572  13.659  -74.571  35.746 0.0000000000
2176  12.688  -75.783  36.395 0.0000000000
2585  12.919  -75.321  35.061 0.0000000000
2584  13.589  -74.898  34.936 0.0000000000
2204  13.445  -75.779  33.626 0.0000000000
1867  13.484  -76.800  32.455 0.0000000000
1879  13.760  -77.113  31.737 0.0000000000
1540  13.255  -77.726  31.318 0.0000000000
1229  12.248  -79.499  30.454 0.0000000000
955  11.641  -79.990  30.019 0.0000000000
939  10.940  -80.083  31.516 0.0000000000
956  10.789  -80.091  30.031 0.0000000000
963  10.921  -79.917  28.385 0.0000000000
1523  10.006  -77.661  33.404 0.0000000000
10356  7.473  -58.363  47.201 0.0000000000
9800  7.590  -58.652  46.353 0.0000000000
10367  8.062  -57.470  46.704 0.0000000000
9811  8.573  -58.052  45.103 0.0000000000
10385  8.968  -57.716  43.875 0.0000000000
9829  9.035  -58.503  43.350 0.0000000000
10947  8.096  -56.001  44.057 0.0000000000
9830  8.331  -57.638  43.621 0.0000000000
9848  8.260  -58.645  43.245 0.0000000000
9271  6.648  -59.938  44.210 0.0000000000
8811  6.424  -60.691  43.941 0.0000000000
8812  6.055  -60.790  43.795 0.0000000000
12153  7.018  -53.994  41.872 0.0000000000
12136  6.432  -54.357  42.806 0.0000000000
12137  5.467  -54.593  42.690 0.0000000000
12797  5.023  -53.601  41.014 0.0000000000
11543  4.806  -54.986  42.441 0.0000000000
106043  4.738  -55.643  43.077 0.0000000000
10417  4.706  -57.734  43.305 0.0000000000
99235  5.173  -59.664  43.836 0.0000000000
8827  6.031  -60.979  42.967 0.0000000000
8836  6.650  -61.133  41.267 0.0000000000
14707  11.720  -49.231  39.243 0.0000000000
14104  10.365  -49.394  38.067 0.0000000000
14118  9.875  -49.807  37.259 0.0000000000
14732  11.241  -50.111  35.685 0.0000000000
14722  10.360  -50.316  35.958 0.0000000000
14119  9.339  -50.566  36.474 0.0000000000
14134  8.500  -51.674  36.186 0.0000000000
18278  26.222  -45.254  35.338 0.0000000000
18277  26.404  -44.535  35.079 0.0000000000
17663  26.465  -45.681  34.731 0.0000000000
91722  27.062  -46.934  34.507 0.0000000000
17065  27.690  -46.331  34.475 0.0000000000
15849  28.252  -48.386  34.406 0.0000000000
15856  28.637  -48.761  33.849 0.0000000000
15296  28.895  -49.031  33.020 0.0000000000
20271  25.455  -43.392  32.447 0.0000000000
20913  25.146  -42.820  31.647 0.0000000000
20296  24.633  -42.965  31.781 0.0000000000
108217  24.797  -43.102  32.422 0.0000000000
94756  29.133  -45.081  34.255 0.0000000000
18281  29.581  -44.181  34.060 0.0000000000
17668  29.587  -45.734  33.810 0.0000000000
17063  29.279  -46.498  33.905 0.0000000000
16463  29.450  -47.051  33.471 0.0000000000
15868  29.365  -48.487  32.527 0.0000000000
18292  31.195  -44.623  31.110 0.0000000000
17685  31.027  -45.288  30.391 0.0000000000
97639  30.570  -46.776  29.125 0.0000000000
102796  31.081  -45.961  28.674 0.0000000000
92562  31.172  -46.498  28.329 0.0000000000
20979  27.961  -40.543  27.225 0.0000000000
20973  30.088  -40.689  28.393 0.0000000000
20332  30.088  -41.445  27.878 0.0000000000
20977  29.628  -40.799  27.731 0.0000000000
22225  29.124  -38.065  29.612 0.0000000000
21617  29.031  -39.453  28.408 0.0000000000
20335  29.358  -41.402  27.284 0.0000000000
95515  28.876  -40.682  27.490 0.0000000000
96907  27.449  -39.790  27.361 0.0000000000
22246  27.254  -38.545  27.729 0.0000000000
23461  26.315  -36.418  28.038 0.0000000000
23462  25.991  -35.530  28.347 0.0000000000
91394  23.703  -34.434  32.333 0.0000000000
2481  21.104  -75.143  45.189 0.0000000000
2102  21.492  -75.693  46.096 0.0000000000
103026  22.329  -75.660  46.089 0.0000000000
1430  21.300  -76.330  46.156 0.0000000000
1754  22.595  -76.225  46.018 0.0000000000
1744  24.065  -75.858  46.027 0.0000000000
1752  24.271  -76.104  45.169 0.0000000000
98699  24.996  -80.284  37.700 0.0000000000
647  24.503  -79.945  37.252 0.0000000000
596  20.117  -79.398  41.678 0.0000000000
603  20.801  -80.010  40.788 0.0000000000
373  20.994  -80.471  39.612 0.0000000000
375  19.535  -80.249  39.820 0.0000000000
387  22.089  -80.589  38.342 0.0000000000
394  22.574  -80.446  37.828 0.0000000000
102064  23.503  -79.750  37.244 0.0000000000
893  23.968  -78.988  36.974 0.0000000000
1160  23.619  -78.103  36.602 0.0000000000
1170  23.261  -77.748  36.038 0.0000000000
1180  23.338  -77.673  34.561 0.0000000000
895  21.435  -79.294  36.110 0.0000000000
1192  23.365  -77.841  33.781 0.0000000000
915  22.859  -78.888  33.478 0.0000000000
925  23.166  -79.378  32.780 0.0000000000
924  23.753  -78.561  32.074 0.0000000000
1242  34.291  -79.098  27.376 0.0000000000
1913  33.712  -77.848  27.764 0.0000000000
1543  30.868  -78.210  30.470 0.0000000000
106010  30.357  -79.363  31.406 0.0000000000
931  31.063  -79.976  31.147 0.0000000000
108553  29.890  -79.970  31.239 0.0000000000
1224  27.579  -78.453  30.442 0.0000000000
1203  26.927  -77.942  32.277 0.0000000000
1216  26.957  -77.659  31.227 0.0000000000
1534  26.336  -77.503  30.829 0.0000000000
1546  25.619  -77.728  30.588 0.0000000000
1217  24.468  -77.940  31.409 0.0000000000
678  24.565  -81.154  30.982 0.0000000000
431  25.201  -81.946  30.674 0.0000000000
99844  25.518  -82.363  30.231 0.0000000000
104342  24.935  -82.614  30.784 0.0000000000
132  26.808  -83.085  28.485 0.0000000000
140  27.269  -83.127  27.671 0.0000000000
159  27.179  -82.892  26.130 0.0000000000
29  23.056  -84.596  29.691 0.0000000000
97792  25.948  -83.476  27.127 0.0000000000
152  26.616  -83.104  26.810 0.0000000000
171  26.116  -83.242  23.564 0.0000000000
103246  26.800  -81.769  22.697 0.0000000000
486  27.762  -81.294  22.608 0.0000000000
485  29.154  -81.239  22.629 0.0000000000
308  30.842  -82.223  21.740 0.0000000000
315  30.795  -82.338  21.379 0.0000000000
187  30.743  -82.805  20.578 0.0000000000
326  31.007  -82.227  19.974 0.0000000000
95564  30.958  -81.952  19.276 0.0000000000
519  31.383  -81.256  17.764 0.0000000000
92352  31.053  -81.901  17.068 0.0000000000
555  32.433  -81.021  14.464 0.0000000000
106421  30.471  -81.065  14.532 0.0000000000
567  31.125  -81.007  13.771 0.0000000000
826  31.577  -80.607  13.437 0.0000000000
95910  30.931  -79.897  13.029 0.0000000000
1392  30.036  -78.384  11.538 0.0000000000
845  28.975  -79.540  11.832 0.0000000000
105713  29.303  -78.725  11.608 0.0000000000
1402  29.403  -78.355  10.782 0.0000000000
1409  29.070  -78.361  9.643 0.0000000000
1419  29.294  -78.150  8.461 0.0000000000
1425  29.546  -77.973  7.922 0.0000000000
1068  17.572  -80.099  16.191 0.0000000000
551  17.418  -80.929  16.850 0.0000000000
593  25.028  -81.120  11.361 0.0000000000
90297  24.311  -80.346  12.794 0.0000000000
1092  24.264  -80.136  11.993 0.0000000000
843  24.306  -80.748  11.190 0.0000000000
850  24.659  -80.496  10.794 0.0000000000
592  25.484  -80.954  11.031 0.0000000000
854  25.742  -79.771  10.018 0.0000000000
1108  25.910  -79.048  9.920 0.0000000000
104143  26.597  -78.752  9.960 0.0000000000
1727  25.148  -77.429  8.901 0.0000000000
1422  26.399  -77.775  8.933 0.0000000000
1411  26.880  -78.334  9.350 0.0000000000
1427  28.086  -78.095  8.232 0.0000000000
1734  28.518  -77.538  7.904 0.0000000000
1741  29.273  -76.844  7.626 0.0000000000
2435  30.031  -76.186  9.511 0.0000000000
106997  28.269  -75.766  13.063 0.0000000000
100030  29.370  -75.641  12.348 0.0000000000
102829  23.453  -73.044  17.841 0.0000000000
3095  24.114  -72.917  18.166 0.0000000000
3453  24.736  -72.334  17.875 0.0000000000
3849  24.509  -71.661  16.705 0.0000000000
109272  24.760  -71.527  17.176 0.0000000000
3452  25.381  -72.180  17.946 0.0000000000
95684  6.478  -57.496  31.994 0.0000000000
9925  6.657  -58.304  31.507 0.0000000000
10529  5.939  -57.621  29.881 0.0000000000
9935  6.463  -58.423  30.262 0.0000000000
9934  7.018  -59.089  31.135 0.0000000000
100259  7.735  -61.899  30.273 0.0000000000
106140  8.217  -63.188  29.032 0.0000000000
8935  9.502  -60.292  29.066 0.0000000000
8944  8.651  -60.757  28.589 0.0000000000
7546  9.513  -63.014  27.154 0.0000000000
8047  9.111  -62.436  27.670 0.0000000000
8512  8.173  -61.537  28.517 0.0000000000
96640  8.108  -62.805  28.188 0.0000000000
7547  7.932  -63.252  27.801 0.0000000000
7533  8.130  -63.742  28.843 0.0000000000
96064  9.408  -66.663  15.362 0.0000000000
5563  11.102  -67.481  21.538 0.0000000000
5578  11.500  -67.825  20.019 0.0000000000
99627  11.367  -67.414  18.463 0.0000000000
5124  12.464  -68.711  19.347 0.0000000000
5139  11.755  -68.339  18.463 0.0000000000
5607  11.402  -67.783  17.597 0.0000000000
93585  11.315  -67.816  16.553 0.0000000000
5179  11.869  -68.159  15.738 0.0000000000
5199  11.627  -67.639  14.459 0.0000000000
5198  12.791  -68.139  14.793 0.0000000000
4760  14.427  -68.676  14.434 0.0000000000
4739  15.423  -68.708  15.301 0.0000000000
97640  15.533  -68.175  16.934 0.0000000000
4723  16.219  -68.648  16.316 0.0000000000
4274  16.440  -70.134  16.295 0.0000000000
4273  17.203  -69.995  16.759 0.0000000000
4272  18.570  -70.547  16.509 0.0000000000
4289  19.049  -70.335  16.040 0.0000000000
97981  10.255  -54.928  25.046 0.0000000000
12343  10.727  -54.911  25.734 0.0000000000
100519  12.850  -54.653  26.029 0.0000000000
12999  12.464  -54.069  26.702 0.0000000000
12979  13.191  -53.346  27.518 0.0000000000
13603  13.294  -52.914  28.268 0.0000000000
12956  14.277  -53.555  28.848 0.0000000000
12291  13.959  -54.434  30.283 0.0000000000
90336  15.420  -54.251  27.868 0.0000000000
12323  15.025  -54.126  28.872 0.0000000000
94170  14.772  -54.727  30.263 0.0000000000
11662  14.110  -55.867  31.365 0.0000000000
11085  14.345  -56.771  31.610 0.0000000000
10515  14.266  -57.708  31.580 0.0000000000
9930  14.741  -58.157  30.866 0.0000000000
8919  14.343  -59.819  30.251 0.0000000000
8943  14.425  -60.606  28.841 0.0000000000
104371  14.713  -61.490  27.337 0.0000000000
9971  13.865  -58.451  27.529 0.0000000000
9411  13.299  -58.619  27.690 0.0000000000
8957  13.129  -59.349  27.573 0.0000000000
101760  12.061  -59.781  26.926 0.0000000000
8969  12.990  -60.160  27.069 0.0000000000
8956  13.960  -59.661  27.985 0.0000000000
8531  13.851  -60.964  26.424 0.0000000000
8530  14.645  -61.340  26.775 0.0000000000
8064  14.965  -62.071  26.149 0.0000000000
8069  15.133  -62.666  24.811 0.0000000000
7591  15.397  -63.451  24.428 0.0000000000
7071  15.264  -64.563  23.206 0.0000000000
7597  13.010  -62.963  23.138 0.0000000000
7072  14.571  -63.765  22.724 0.0000000000
7078  15.199  -64.702  22.548 0.0000000000
7086  15.126  -64.434  22.021 0.0000000000
7085  15.612  -64.475  21.598 0.0000000000
6553  16.689  -65.186  20.954 0.0000000000
8576  11.053  -61.338  20.919 0.0000000000
8564  11.977  -61.401  20.908 0.0000000000
8101  13.746  -61.979  20.467 0.0000000000
7630  13.863  -62.585  19.384 0.0000000000
8114  14.333  -62.151  19.970 0.0000000000
8100  14.525  -62.276  20.537 0.0000000000
7615  15.958  -62.742  20.785 0.0000000000
7093  17.127  -64.007  20.728 0.0000000000
6038  17.728  -65.473  20.087 0.0000000000
6065  18.343  -66.366  19.314 0.0000000000
5587  18.864  -67.118  18.738 0.0000000000
5586  19.557  -67.450  18.161 0.0000000000
6600  19.688  -66.137  17.710 0.0000000000
6083  19.970  -66.902  17.597 0.0000000000
5151  19.695  -68.530  17.353 0.0000000000
91092  20.022  -68.674  16.226 0.0000000000
4777  19.431  -69.057  14.924 0.0000000000
4327  18.491  -70.110  14.237 0.0000000000
4798  17.930  -69.234  12.980 0.0000000000
4806  17.354  -69.299  12.189 0.0000000000
5235  15.850  -68.769  11.083 0.0000000000
5669  17.385  -67.349  12.662 0.0000000000
100513  16.174  -68.085  11.474 0.0000000000
5236  14.985  -68.776  10.480 0.0000000000
5241  15.011  -68.497  9.638 0.0000000000
5249  15.581  -68.148  8.950 0.0000000000
5692  17.342  -68.147  8.095 0.0000000000
6648  15.549  -65.138  12.216 0.0000000000
6653  15.950  -65.053  11.123 0.0000000000
6664  15.457  -65.577  10.756 0.0000000000
92471  16.619  -66.308  9.348 0.0000000000
5682  16.931  -67.163  8.595 0.0000000000
6158  17.813  -67.377  8.455 0.0000000000
5690  19.364  -67.935  8.206 0.0000000000
5689  20.573  -67.461  8.307 0.0000000000
6155  21.316  -66.485  8.450 0.0000000000
6679  21.090  -65.719  8.925 0.0000000000
8  16.854  -82.985  33.285 0.0000000000
11  17.744  -83.034  32.378 0.0000000000
12  17.218  -82.879  32.666 0.0000000000
14  22.518  -84.184  30.910 0.0000000000
20  16.356  -83.011  30.808 0.0000000000
25  16.527  -83.436  30.439 0.0000000000
36  16.157  -83.909  29.969 0.0000000000
45  16.727  -83.809  29.221 0.0000000000
92  16.423  -82.635  36.016 0.0000000000
97  18.264  -82.833  34.188 0.0000000000
99  16.045  -82.991  34.632 0.0000000000
101  15.823  -81.932  33.874 0.0000000000
102  19.887  -82.803  32.394 0.0000000000
104  16.878  -82.944  34.067 0.0000000000
106  16.363  -82.253  33.269 0.0000000000
107  22.391  -83.041  31.853 0.0000000000
111  16.574  -81.799  32.166 0.0000000000
112  24.111  -83.130  31.360 0.0000000000
116  20.615  -83.712  31.444 0.0000000000
123  15.872  -83.099  30.616 0.0000000000
124  26.251  -82.767  29.180 0.0000000000
127  23.918  -84.022  29.962 0.0000000000
128  15.729  -83.252  29.988 0.0000000000
130  28.345  -82.892  28.093 0.0000000000
151  28.551  -82.979  26.939 0.0000000000
179  29.750  -81.860  21.039 0.0000000000
186  30.849  -82.727  20.776 0.0000000000
195  30.726  -82.758  20.116 0.0000000000
246  16.420  -81.688  36.166 0.0000000000
247  15.994  -82.508  35.921 0.0000000000
250  15.842  -82.222  35.334 0.0000000000
251  15.553  -82.107  34.745 0.0000000000
253  18.513  -82.258  34.519 0.0000000000
255  15.606  -82.305  34.517 0.0000000000
262  21.198  -82.536  32.209 0.0000000000
265  24.335  -82.718  31.452 0.0000000000
268  16.364  -81.835  31.116 0.0000000000
270  26.885  -82.424  29.037 0.0000000000
273  28.664  -82.372  28.202 0.0000000000
277  28.878  -82.903  27.116 0.0000000000
307  30.860  -82.098  21.750 0.0000000000
374  20.249  -80.431  39.680 0.0000000000
376  18.313  -79.739  39.747 0.0000000000
380  21.413  -80.684  38.832 0.0000000000
381  20.543  -80.663  38.917 0.0000000000
383  18.966  -79.868  39.241 0.0000000000
385  16.101  -80.506  38.685 0.0000000000
386  23.516  -80.497  38.075 0.0000000000
389  20.177  -80.484  38.312 0.0000000000
390  19.818  -79.946  37.718 0.0000000000
393  15.707  -80.568  38.176 0.0000000000
395  21.771  -80.361  37.628 0.0000000000
399  16.407  -80.796  37.716 0.0000000000
401  15.346  -80.679  37.579 0.0000000000
403  16.368  -80.948  36.919 0.0000000000
409  18.919  -81.184  34.091 0.0000000000
410  15.643  -81.031  34.316 0.0000000000
416  15.748  -80.891  33.583 0.0000000000
419  22.679  -81.602  32.550 0.0000000000
420  22.311  -81.860  32.591 0.0000000000
423  15.919  -81.295  33.271 0.0000000000
429  31.190  -81.090  29.549 0.0000000000
432  16.955  -81.099  30.016 0.0000000000
433  15.935  -81.711  30.586 0.0000000000
434  15.690  -82.164  30.427 0.0000000000
435  31.048  -81.232  28.774 0.0000000000
438  26.682  -81.707  29.265 0.0000000000
443  29.941  -81.479  28.141 0.0000000000
447  16.917  -81.200  28.596 0.0000000000
449  29.381  -82.133  27.591 0.0000000000
472  26.399  -81.392  24.565 0.0000000000
483  30.415  -81.762  21.714 0.0000000000
484  30.569  -81.292  22.116 0.0000000000
495  30.999  -81.949  20.974 0.0000000000
541  32.760  -81.075  15.317 0.0000000000
566  32.088  -80.983  13.872 0.0000000000
584  28.704  -81.096  11.734 0.0000000000
588  24.297  -80.672  11.643 0.0000000000
606  17.936  -79.540  40.948 0.0000000000
608  16.409  -79.579  41.020 0.0000000000
610  21.335  -80.130  40.312 0.0000000000
614  17.684  -79.623  40.246 0.0000000000
619  24.269  -80.007  39.541 0.0000000000
622  21.832  -80.330  39.727 0.0000000000
623  16.208  -79.975  39.414 0.0000000000
629  23.880  -80.376  38.867 0.0000000000
631  15.090  -80.138  38.098 0.0000000000
636  23.039  -80.165  37.503 0.0000000000
638  21.421  -79.994  37.108 0.0000000000
642  15.030  -80.254  37.470 0.0000000000
646  25.423  -80.172  37.130 0.0000000000
648  22.521  -79.576  37.008 0.0000000000
651  20.527  -79.575  36.210 0.0000000000
653  18.655  -79.829  36.162 0.0000000000
654  17.807  -80.399  36.141 0.0000000000
655  15.229  -80.116  36.621 0.0000000000
659  20.637  -79.681  35.260 0.0000000000
660  20.033  -80.098  34.716 0.0000000000
663  15.527  -79.943  35.618 0.0000000000
669  22.155  -80.294  33.308 0.0000000000
672  23.142  -81.121  32.386 0.0000000000
676  15.896  -80.920  32.901 0.0000000000
680  18.079  -80.328  31.099 0.0000000000
683  31.141  -81.029  30.259 0.0000000000
685  29.598  -80.867  30.392 0.0000000000
687  19.231  -79.955  29.888 0.0000000000
690  31.467  -81.009  29.249 0.0000000000
700  18.548  -80.176  28.617 0.0000000000
712  26.738  -80.194  26.081 0.0000000000
730  28.969  -80.416  23.530 0.0000000000
737  30.563  -80.768  22.301 0.0000000000
751  30.555  -80.176  19.605 0.0000000000
760  36.288  -80.070  17.724 0.0000000000
772  36.559  -79.998  17.134 0.0000000000
781  18.797  -80.260  17.251 0.0000000000
783  36.182  -80.097  16.109 0.0000000000
784  35.239  -80.175  16.010 0.0000000000
794  36.269  -79.978  15.769 0.0000000000
797  33.308  -80.646  15.510 0.0000000000
807  17.094  -80.467  15.713 0.0000000000
810  33.957  -79.436  14.883 0.0000000000
818  18.425  -79.966  14.116 0.0000000000
824  32.907  -80.082  13.812 0.0000000000
825  32.336  -80.293  13.630 0.0000000000
830  18.262  -80.128  13.459 0.0000000000
832  32.647  -79.331  13.796 0.0000000000
836  18.622  -80.050  12.930 0.0000000000
841  30.212  -79.497  12.594 0.0000000000
844  24.095  -80.149  11.147 0.0000000000
846  28.242  -79.845  11.404 0.0000000000
849  26.038  -80.218  10.750 0.0000000000
856  23.852  -79.528  10.022 0.0000000000
862  20.922  -79.192  42.049 0.0000000000
866  17.249  -79.135  42.014 0.0000000000
868  16.188  -78.338  42.162 0.0000000000
872  16.420  -79.467  41.723 0.0000000000
877  15.967  -79.106  40.518 0.0000000000
881  15.398  -78.933  38.814 0.0000000000
885  15.054  -79.469  38.251 0.0000000000
888  15.195  -78.966  37.217 0.0000000000
892  24.900  -79.516  36.793 0.0000000000
894  22.214  -79.007  36.444 0.0000000000
900  21.772  -78.982  35.732 0.0000000000
919  16.456  -79.658  33.779 0.0000000000
920  15.887  -80.175  34.191 0.0000000000
927  18.304  -79.337  32.234 0.0000000000
928  17.525  -79.608  32.643 0.0000000000
938  11.286  -80.088  30.768 0.0000000000
940  31.387  -80.449  30.480 0.0000000000
941  30.260  -80.400  31.063 0.0000000000
946  20.268  -78.744  30.048 0.0000000000
948  10.345  -79.864  30.873 0.0000000000
949  31.532  -80.514  29.747 0.0000000000
960  19.740  -78.981  29.091 0.0000000000
961  19.316  -79.235  28.629 0.0000000000
973  11.969  -79.761  27.233 0.0000000000
1014  30.516  -80.120  22.240 0.0000000000
1026  31.164  -80.453  18.766 0.0000000000
1042  31.388  -79.515  18.218 0.0000000000
1049  37.074  -79.853  17.156 0.0000000000
1055  20.725  -78.736  17.217 0.0000000000
1057  19.111  -79.381  17.268 0.0000000000
1061  36.820  -79.828  16.458 0.0000000000
1071  35.564  -79.636  15.246 0.0000000000
1079  34.329  -79.424  14.972 0.0000000000
1087  19.912  -79.203  13.417 0.0000000000
1090  32.706  -78.939  13.978 0.0000000000
1093  19.833  -79.332  12.637 0.0000000000
1095  18.666  -79.456  12.785 0.0000000000
1097  32.142  -78.010  12.182 0.0000000000
1099  31.397  -78.649  12.272 0.0000000000
1102  19.592  -79.104  12.164 0.0000000000
1105  28.689  -78.866  11.316 0.0000000000
1109  24.290  -79.406  9.895 0.0000000000
1111  20.109  -77.660  44.691 0.0000000000
1114  19.246  -76.393  43.180 0.0000000000
1121  18.634  -76.928  42.398 0.0000000000
1122  23.161  -77.801  43.190 0.0000000000
1124  21.267  -78.169  43.473 0.0000000000
1126  19.397  -78.092  43.346 0.0000000000
1127  18.792  -77.879  43.122 0.0000000000
1134  18.386  -78.232  42.253 0.0000000000
1136  16.594  -78.124  42.348 0.0000000000
1145  15.890  -78.224  39.733 0.0000000000
1149  15.365  -78.685  37.934 0.0000000000
1155  10.950  -77.583  36.909 0.0000000000
1159  24.497  -78.438  36.483 0.0000000000
1163  11.566  -77.779  36.480 0.0000000000
1179  25.526  -77.688  34.406 0.0000000000
1183  15.992  -78.993  35.158 0.0000000000
1184  11.926  -78.048  34.684 0.0000000000
1185  11.472  -78.019  35.073 0.0000000000
1187  10.336  -77.632  35.277 0.0000000000
1189  27.347  -78.764  33.209 0.0000000000
1193  22.708  -78.446  34.300 0.0000000000
1198  11.135  -78.596  33.561 0.0000000000
1206  19.364  -78.424  32.130 0.0000000000
1209  11.787  -79.057  32.935 0.0000000000
1222  9.923  -79.276  31.442 0.0000000000
1226  24.920  -78.177  30.757 0.0000000000
1235  26.182  -78.580  29.879 0.0000000000
1246  13.493  -78.581  28.415 0.0000000000
1254  28.529  -78.024  27.550 0.0000000000
1255  27.957  -78.261  27.258 0.0000000000
1273  17.510  -77.928  27.046 0.0000000000
1287  26.965  -78.135  25.146 0.0000000000
1293  29.656  -79.114  23.423 0.0000000000
1316  33.640  -77.517  18.609 0.0000000000
1327  35.756  -79.329  17.967 0.0000000000
1339  36.558  -79.635  17.584 0.0000000000
1344  19.421  -78.740  17.175 0.0000000000
1355  19.329  -78.455  16.835 0.0000000000
1371  19.638  -78.857  14.378 0.0000000000
1374  33.624  -78.970  14.874 0.0000000000
1378  17.502  -78.571  13.632 0.0000000000
1387  18.535  -78.596  12.627 0.0000000000
1391  32.724  -77.927  11.129 0.0000000000
1393  23.614  -78.524  10.653 0.0000000000
1394  19.639  -78.396  11.974 0.0000000000
1395  19.286  -78.403  11.939 0.0000000000
1405  19.157  -77.763  11.408 0.0000000000
1412  26.118  -78.292  9.660 0.0000000000
1414  24.617  -78.750  9.855 0.0000000000
1421  27.328  -77.896  8.885 0.0000000000
1423  25.523  -77.810  8.951 0.0000000000
1426  28.720  -78.058  7.890 0.0000000000
1428  19.479  -76.306  46.244 0.0000000000
1429  18.938  -76.523  46.061 0.0000000000
1431  20.399  -76.412  46.154 0.0000000000
1433  18.398  -76.362  45.828 0.0000000000
1435  22.883  -76.556  45.283 0.0000000000
1439  19.018  -77.113  45.091 0.0000000000
1440  18.584  -76.726  45.050 0.0000000000
1441  18.650  -76.418  44.385 0.0000000000
1445  21.760  -77.329  44.982 0.0000000000
1446  18.783  -76.802  42.916 0.0000000000
1449  22.820  -77.417  43.974 0.0000000000
1450  17.546  -77.400  41.800 0.0000000000
1454  16.418  -77.711  41.896 0.0000000000
1458  16.032  -77.802  41.246 0.0000000000
1460  16.295  -77.625  40.509 0.0000000000
1461  16.032  -77.817  40.644 0.0000000000
1462  11.993  -77.084  39.558 0.0000000000
1463  11.703  -76.829  39.817 0.0000000000
1466  17.342  -77.290  39.919 0.0000000000
1469  11.467  -76.772  39.284 0.0000000000
1473  16.550  -77.624  38.077 0.0000000000
1474  15.925  -78.039  38.158 0.0000000000
1475  12.185  -77.303  38.885 0.0000000000
1482  16.958  -77.477  37.427 0.0000000000
1485  12.095  -77.347  38.095 0.0000000000
1487  10.787  -77.048  37.534 0.0000000000
1488  10.393  -77.029  36.733 0.0000000000
1495  16.520  -78.019  36.229 0.0000000000
1498  10.177  -76.842  36.238 0.0000000000
1502  24.920  -77.478  35.155 0.0000000000
1503  23.704  -77.398  35.244 0.0000000000
1504  18.404  -77.013  35.398 0.0000000000
1507  12.144  -77.640  35.705 0.0000000000
1508  10.149  -77.040  35.555 0.0000000000
1513  17.607  -77.750  34.931 0.0000000000
1517  26.042  -77.421  32.604 0.0000000000
1531  9.895  -78.550  32.193 0.0000000000
1533  27.007  -77.784  30.472 0.0000000000
1538  20.008  -78.113  31.731 0.0000000000
1539  13.970  -77.270  31.035 0.0000000000
1545  26.458  -77.852  30.101 0.0000000000
1547  25.082  -77.688  31.030 0.0000000000
1552  12.778  -78.535  30.884 0.0000000000
1563  16.566  -77.437  29.242 0.0000000000
1574  19.239  -77.574  28.484 0.0000000000
1576  17.078  -77.514  28.594 0.0000000000
1592  18.701  -77.902  27.990 0.0000000000
1593  17.967  -77.826  27.628 0.0000000000
1597  14.997  -77.723  27.369 0.0000000000
1613  26.984  -77.457  25.512 0.0000000000
1627  28.699  -77.837  23.451 0.0000000000
1646  30.054  -77.238  19.556 0.0000000000
1655  34.177  -77.839  18.449 0.0000000000
1656  33.398  -77.251  18.642 0.0000000000
1667  21.956  -77.072  17.372 0.0000000000
1671  34.510  -77.780  17.551 0.0000000000
1676  20.257  -77.248  17.031 0.0000000000
1680  25.139  -76.949  14.460 0.0000000000
1697  24.394  -77.658  12.434 0.0000000000
1701  24.225  -77.183  10.963 0.0000000000
1704  19.382  -77.870  11.636 0.0000000000
1705  18.587  -77.366  11.542 0.0000000000
1706  17.936  -77.098  11.557 0.0000000000
1710  23.705  -77.537  10.271 0.0000000000
1712  19.272  -77.332  11.146 0.0000000000
1717  24.409  -77.585  9.758 0.0000000000
1718  23.578  -78.137  9.954 0.0000000000
1720  18.059  -76.902  9.957 0.0000000000
1733  29.284  -77.382  7.807 0.0000000000
1735  27.772  -77.353  8.573 0.0000000000
1736  27.442  -76.887  8.856 0.0000000000
1745  23.042  -75.596  46.111 0.0000000000
1746  21.783  -76.070  46.334 0.0000000000
1748  18.234  -75.843  46.177 0.0000000000
1749  18.212  -75.884  45.654 0.0000000000
1755  18.517  -75.962  44.699 0.0000000000
1761  18.595  -75.573  44.526 0.0000000000
1762  18.866  -76.130  43.162 0.0000000000
1763  19.110  -75.641  43.443 0.0000000000
1764  18.856  -76.083  42.873 0.0000000000
1768  19.415  -75.715  42.912 0.0000000000
1771  17.674  -77.230  41.917 0.0000000000
1778  12.117  -75.980  40.565 0.0000000000
1781  19.999  -76.152  39.953 0.0000000000
1783  17.796  -77.165  40.300 0.0000000000
1784  12.555  -76.235  40.136 0.0000000000
1786  11.801  -76.338  40.084 0.0000000000
1794  12.284  -77.089  39.211 0.0000000000
1798  20.156  -75.882  38.100 0.0000000000
1803  10.608  -76.279  37.918 0.0000000000
1822  19.286  -76.458  36.193 0.0000000000
1825  10.097  -76.288  36.843 0.0000000000
1839  20.072  -76.140  33.984 0.0000000000
1842  12.450  -77.091  34.519 0.0000000000
1864  21.124  -76.285  32.037 0.0000000000
1868  12.883  -77.508  32.926 0.0000000000
1870  9.918  -77.728  32.710 0.0000000000
1875  21.299  -76.449  31.140 0.0000000000
1878  14.942  -76.721  31.618 0.0000000000
1886  21.273  -76.348  30.473 0.0000000000
1897  21.041  -76.053  29.915 0.0000000000
1898  20.529  -76.577  29.529 0.0000000000
1899  19.252  -76.470  29.335 0.0000000000
1918  27.963  -76.734  27.131 0.0000000000
1930  27.276  -76.178  26.209 0.0000000000
1931  27.057  -76.804  25.867 0.0000000000
1955  27.346  -76.579  24.766 0.0000000000
1984  32.207  -76.450  19.111 0.0000000000
2001  21.337  -76.528  17.343 0.0000000000
2009  20.614  -76.541  16.854 0.0000000000
2027  25.561  -76.534  13.121 0.0000000000
2045  19.797  -76.657  11.717 0.0000000000
2047  17.639  -76.620  11.677 0.0000000000
2052  27.303  -76.203  10.416 0.0000000000
2055  24.785  -76.813  10.582 0.0000000000
2056  24.286  -77.211  9.970 0.0000000000
2057  19.026  -76.835  10.376 0.0000000000
2064  25.753  -76.525  9.585 0.0000000000
2066  18.315  -76.628  10.045 0.0000000000
2067  18.033  -76.373  9.938 0.0000000000
2069  29.590  -76.522  8.561 0.0000000000
2071  27.633  -76.768  8.971 0.0000000000
2073  25.436  -76.865  8.988 0.0000000000
2092  23.209  -75.112  47.201 0.0000000000
2093  19.319  -75.464  46.331 0.0000000000
2094  19.111  -75.663  46.507 0.0000000000
2103  20.288  -75.708  46.303 0.0000000000
2104  18.571  -75.424  46.282 0.0000000000
2105  18.143  -75.505  45.927 0.0000000000
2112  20.739  -75.426  45.870 0.0000000000
2115  18.313  -75.138  45.675 0.0000000000
2116  18.264  -75.477  45.394 0.0000000000
2119  18.684  -74.742  45.090 0.0000000000
2136  12.781  -75.211  41.168 0.0000000000
2137  12.288  -75.304  41.162 0.0000000000
2138  11.727  -75.197  41.019 0.0000000000
2146  11.526  -75.610  39.941 0.0000000000
2149  20.694  -75.637  39.638 0.0000000000
2150  12.993  -75.815  39.720 0.0000000000
2151  11.708  -75.419  39.044 0.0000000000
2158  11.456  -75.369  37.985 0.0000000000
2188  12.750  -75.568  35.672 0.0000000000
2192  21.346  -75.220  34.003 0.0000000000
2194  13.110  -75.535  34.420 0.0000000000
2202  15.250  -75.399  33.228 0.0000000000
2218  13.813  -76.033  32.833 0.0000000000
2236  18.440  -75.771  30.550 0.0000000000
2244  19.726  -75.892  29.674 0.0000000000
2352  23.956  -74.825  18.129 0.0000000000
2354  22.977  -74.130  18.128 0.0000000000
2360  23.498  -75.473  17.804 0.0000000000
2368  27.031  -74.888  15.985 0.0000000000
2369  26.366  -75.205  16.389 0.0000000000
2382  16.088  -75.890  14.586 0.0000000000
2386  28.087  -75.022  14.822 0.0000000000
2400  20.712  -75.289  13.634 0.0000000000
2401  17.336  -75.723  13.949 0.0000000000
2411  19.674  -75.100  11.875 0.0000000000
2429  18.501  -74.925  10.004 0.0000000000
2431  17.070  -74.939  10.316 0.0000000000
2436  18.281  -75.826  9.965 0.0000000000
2437  17.895  -75.581  10.058 0.0000000000
2438  17.391  -74.978  9.993 0.0000000000
2482  20.098  -74.911  45.339 0.0000000000
2483  19.233  -74.746  45.459 0.0000000000
2510  11.933  -74.455  42.546 0.0000000000
2511  11.276  -74.177  42.157 0.0000000000
2528  13.400  -74.807  40.942 0.0000000000
2530  11.273  -74.795  40.689 0.0000000000
2540  11.345  -75.072  40.063 0.0000000000
2545  14.458  -74.336  38.407 0.0000000000
2550  14.152  -74.379  37.490 0.0000000000
2553  10.108  -74.294  36.957 0.0000000000
2559  14.736  -74.031  36.892 0.0000000000
2562  10.141  -73.766  36.181 0.0000000000
2573  13.096  -74.968  35.516 0.0000000000
2591  22.502  -73.992  33.411 0.0000000000
2592  22.002  -74.639  33.670 0.0000000000
2593  17.427  -74.324  32.970 0.0000000000
2619  19.752  -74.926  30.455 0.0000000000
2732  24.936  -74.012  18.418 0.0000000000
2733  24.326  -74.233  18.335 0.0000000000
2739  27.093  -73.787  17.113 0.0000000000
2740  26.398  -74.086  17.609 0.0000000000
2761  21.193  -73.951  16.097 0.0000000000
2763  17.038  -74.446  14.978 0.0000000000
2764  16.452  -74.830  14.991 0.0000000000
2811  17.270  -74.830  11.677 0.0000000000
2823  17.352  -74.356  9.905 0.0000000000
2870  11.587  -73.437  43.087 0.0000000000
2871  11.009  -73.073  42.709 0.0000000000
2880  12.650  -73.611  43.080 0.0000000000
2883  11.152  -73.491  42.539 0.0000000000
2891  13.249  -73.906  42.154 0.0000000000
2893  10.876  -73.497  42.031 0.0000000000
2899  14.523  -73.559  40.782 0.0000000000
2901  11.141  -74.021  41.405 0.0000000000
2925  15.433  -73.688  36.303 0.0000000000
2944  15.636  -73.977  34.912 0.0000000000
2955  18.228  -73.393  33.300 0.0000000000
2957  16.689  -73.897  34.062 0.0000000000
2958  16.067  -74.099  34.411 0.0000000000
2973  17.904  -73.952  32.945 0.0000000000
2979  21.859  -72.822  31.982 0.0000000000
2980  21.742  -73.431  31.579 0.0000000000
2981  21.114  -73.294  31.221 0.0000000000
3082  23.515  -73.520  18.169 0.0000000000
3106  16.492  -73.251  15.741 0.0000000000
3174  19.190  -73.352  11.501 0.0000000000
3175  18.664  -73.212  10.689 0.0000000000
3188  18.459  -74.132  10.179 0.0000000000
3189  16.627  -73.711  10.265 0.0000000000
3245  13.344  -72.936  43.115 0.0000000000
3246  10.800  -72.525  42.598 0.0000000000
3275  12.244  -72.696  39.718 0.0000000000
3281  13.002  -72.775  38.081 0.0000000000
3285  16.291  -72.525  37.930 0.0000000000
3309  18.542  -72.538  34.404 0.0000000000
3310  17.970  -72.783  34.863 0.0000000000
3311  17.277  -72.949  35.264 0.0000000000
3321  18.540  -72.842  33.690 0.0000000000
3442  24.843  -72.823  18.303 0.0000000000
3450  27.071  -72.202  17.450 0.0000000000
3462  23.225  -72.618  16.247 0.0000000000
3465  16.649  -72.573  16.179 0.0000000000
3521  19.486  -72.658  12.137 0.0000000000
3523  16.396  -72.493  11.435 0.0000000000
3557  15.903  -72.106  9.727 0.0000000000
3606  14.128  -71.505  45.271 0.0000000000
3608  13.881  -71.422  45.477 0.0000000000
3613  13.893  -71.807  44.782 0.0000000000
3614  13.647  -71.734  44.870 0.0000000000
3633  11.072  -71.108  41.798 0.0000000000
3661  13.514  -71.447  38.002 0.0000000000
3707  22.155  -71.949  32.695 0.0000000000
3835  25.116  -71.530  17.550 0.0000000000
3851  18.202  -71.257  16.356 0.0000000000
3852  17.708  -71.546  16.440 0.0000000000
3896  23.301  -72.401  12.758 0.0000000000
3916  21.234  -71.531  12.419 0.0000000000
3921  11.693  -71.704  11.823 0.0000000000
3940  15.995  -71.840  11.122 0.0000000000
3960  15.466  -71.387  9.470 0.0000000000
4019  13.867  -71.100  45.930 0.0000000000
4054  12.866  -70.379  39.507 0.0000000000
4055  12.350  -70.224  40.271 0.0000000000
4255  18.083  -70.787  16.700 0.0000000000
4290  18.687  -70.719  15.597 0.0000000000
4292  15.136  -69.991  15.078 0.0000000000
4304  24.128  -71.753  13.967 0.0000000000
4326  24.054  -71.992  12.942 0.0000000000
4329  11.922  -70.915  12.223 0.0000000000
4344  16.971  -70.261  11.992 0.0000000000
4370  15.132  -71.065  9.586 0.0000000000
4371  22.844  -72.041  7.163 0.0000000000
4374  22.670  -71.913  6.417 0.0000000000
4427  9.131  -69.281  47.642 0.0000000000
4440  9.625  -69.109  44.683 0.0000000000
4447  9.678  -69.091  43.762 0.0000000000
4720  18.555  -69.342  17.285 0.0000000000
4736  19.697  -69.085  16.778 0.0000000000
4738  16.064  -69.152  15.687 0.0000000000
4756  19.623  -69.453  15.923 0.0000000000
4757  19.015  -70.025  15.139 0.0000000000
4758  15.566  -69.327  15.209 0.0000000000
4778  18.891  -69.429  14.401 0.0000000000
4797  18.480  -69.316  13.706 0.0000000000
4800  11.411  -68.848  12.367 0.0000000000
4811  23.018  -72.204  9.320 0.0000000000
4823  16.365  -69.209  8.579 0.0000000000
4825  22.483  -71.182  6.372 0.0000000000
4905  9.024  -69.001  46.048 0.0000000000
4941  11.145  -68.752  41.613 0.0000000000
4948  13.044  -68.257  39.972 0.0000000000
5090  13.170  -67.960  21.813 0.0000000000
5107  11.656  -68.170  21.255 0.0000000000
5115  13.375  -68.339  20.256 0.0000000000
5125  11.918  -68.532  19.911 0.0000000000
5131  19.449  -68.168  17.869 0.0000000000
5132  18.919  -68.068  18.243 0.0000000000
5134  16.616  -68.049  17.869 0.0000000000
5137  13.096  -68.747  18.698 0.0000000000
5150  20.126  -68.022  17.167 0.0000000000
5153  18.176  -68.565  17.786 0.0000000000
5154  17.164  -68.538  17.422 0.0000000000
5156  12.594  -68.550  17.098 0.0000000000
5175  20.123  -68.296  16.784 0.0000000000
5176  15.523  -68.335  16.044 0.0000000000
5177  14.195  -68.230  15.934 0.0000000000
5196  14.776  -68.410  15.103 0.0000000000
5215  19.414  -68.042  14.731 0.0000000000
5216  13.599  -68.424  14.079 0.0000000000
5219  9.542  -67.647  12.842 0.0000000000
5234  16.891  -68.590  11.719 0.0000000000
5239  14.812  -68.729  10.141 0.0000000000
5248  16.230  -68.679  8.546 0.0000000000
5390  9.804  -68.549  42.987 0.0000000000
5400  12.229  -67.676  41.411 0.0000000000
5410  12.644  -67.939  40.710 0.0000000000
5520  12.676  -67.049  23.892 0.0000000000
5523  10.652  -66.407  23.551 0.0000000000
5536  12.216  -67.495  23.334 0.0000000000
5538  10.855  -66.955  23.067 0.0000000000
5551  13.491  -67.450  22.486 0.0000000000
5561  14.633  -66.774  21.625 0.0000000000
5562  13.716  -67.821  21.301 0.0000000000
5570  11.294  -67.636  20.772 0.0000000000
5591  10.877  -66.221  18.435 0.0000000000
5606  19.951  -67.756  17.528 0.0000000000
5627  20.187  -67.488  16.918 0.0000000000
5665  18.350  -67.279  13.761 0.0000000000
5670  16.390  -66.942  12.211 0.0000000000
5672  16.869  -67.749  11.982 0.0000000000
5674  14.818  -66.909  11.245 0.0000000000
5684  14.961  -67.586  9.637 0.0000000000
5691  18.263  -68.166  7.985 0.0000000000
5693  16.484  -68.019  8.451 0.0000000000
5829  13.038  -65.897  43.980 0.0000000000
5840  13.104  -65.922  42.992 0.0000000000
6024  10.529  -66.458  22.466 0.0000000000
6032  15.297  -66.235  21.424 0.0000000000
6039  16.975  -65.764  20.377 0.0000000000
6042  10.513  -65.624  20.256 0.0000000000
6048  18.159  -65.690  19.710 0.0000000000
6064  19.165  -66.174  18.934 0.0000000000
6119  17.468  -66.345  14.642 0.0000000000
6120  16.580  -66.216  13.910 0.0000000000
6124  18.166  -66.803  14.038 0.0000000000
6131  15.548  -66.051  12.450 0.0000000000
6137  14.756  -66.427  11.128 0.0000000000
6141  16.143  -65.607  10.122 0.0000000000
6143  14.720  -66.524  10.868 0.0000000000
6150  15.608  -66.247  9.767 0.0000000000
6156  19.667  -66.817  8.834 0.0000000000
6157  18.675  -67.134  8.649 0.0000000000
6291  12.628  -65.295  46.285 0.0000000000
6486  12.281  -64.654  26.155 0.0000000000
6487  11.542  -65.147  25.693 0.0000000000
6488  10.737  -64.899  25.771 0.0000000000
6502  13.464  -65.339  25.408 0.0000000000
6520  14.976  -65.256  24.663 0.0000000000
6545  16.343  -64.462  21.245 0.0000000000
6546  15.830  -65.480  21.351 0.0000000000
6552  17.549  -64.870  20.426 0.0000000000
6568  8.589  -65.060  19.203 0.0000000000
6586  19.229  -65.667  18.495 0.0000000000
6601  18.328  -65.189  17.182 0.0000000000
6612  18.593  -65.704  16.504 0.0000000000
6613  17.547  -65.360  16.545 0.0000000000
6654  15.412  -65.328  11.568 0.0000000000
6665  14.880  -66.020  11.112 0.0000000000
6678  21.783  -65.722  8.522 0.0000000000
6805  11.645  -64.769  47.768 0.0000000000
6832  13.276  -64.816  45.657 0.0000000000
6849  13.430  -64.100  44.462 0.0000000000
6863  7.581  -64.056  43.110 0.0000000000
6874  13.256  -64.422  42.286 0.0000000000
6877  7.862  -64.279  43.284 0.0000000000
6885  13.318  -65.047  40.937 0.0000000000
6886  11.173  -64.471  41.443 0.0000000000
7029  11.276  -64.565  26.270 0.0000000000
7046  15.312  -64.484  25.077 0.0000000000
7047  14.780  -64.299  25.720 0.0000000000
7049  13.024  -64.894  25.849 0.0000000000
7064  15.491  -64.221  24.509 0.0000000000
7070  15.440  -64.164  23.936 0.0000000000
7074  7.933  -64.099  23.151 0.0000000000
7081  7.940  -64.187  22.635 0.0000000000
7092  17.794  -64.226  20.126 0.0000000000
7104  18.652  -64.844  18.846 0.0000000000
7120  13.555  -64.334  18.128 0.0000000000
7132  12.094  -64.347  17.508 0.0000000000
7218  15.938  -64.610  11.753 0.0000000000
7230  18.552  -65.213  10.850 0.0000000000
7389  13.391  -63.252  44.890 0.0000000000
7402  7.697  -63.841  43.427 0.0000000000
7409  12.628  -63.811  42.267 0.0000000000
7416  13.088  -64.519  41.172 0.0000000000
7542  14.714  -62.746  27.046 0.0000000000
7563  12.745  -64.055  26.635 0.0000000000
7593  8.672  -63.561  25.109 0.0000000000
7596  14.974  -63.697  23.419 0.0000000000
7604  13.649  -62.891  21.972 0.0000000000
7614  16.715  -63.083  20.451 0.0000000000
7627  16.730  -63.012  19.780 0.0000000000
7628  15.874  -62.740  19.664 0.0000000000
7646  15.226  -63.355  18.885 0.0000000000
7855  12.277  -61.743  48.529 0.0000000000
7863  13.513  -62.349  46.865 0.0000000000
7870  13.637  -62.575  46.145 0.0000000000
7897  7.982  -63.638  43.674 0.0000000000
8014  12.761  -61.783  29.224 0.0000000000
8015  8.216  -63.060  29.629 0.0000000000
8031  11.172  -62.474  28.274 0.0000000000
8032  10.058  -62.176  28.296 0.0000000000
8042  14.693  -61.921  27.539 0.0000000000
8043  14.211  -62.441  27.854 0.0000000000
8057  15.187  -62.663  26.216 0.0000000000
8058  8.661  -62.699  27.003 0.0000000000
8071  12.720  -62.498  24.126 0.0000000000
8079  11.011  -61.781  23.120 0.0000000000
8082  11.654  -62.034  22.628 0.0000000000
8086  13.267  -62.081  21.271 0.0000000000
8099  15.327  -62.445  20.267 0.0000000000
8361  13.153  -61.430  45.629 0.0000000000
8367  12.905  -61.778  44.970 0.0000000000
8372  6.545  -61.087  43.372 0.0000000000
8491  14.182  -60.852  29.358 0.0000000000
8492  13.674  -61.459  29.281 0.0000000000
8510  10.797  -61.859  28.744 0.0000000000
8522  14.615  -61.214  28.082 0.0000000000
8523  8.516  -62.264  28.091 0.0000000000
8539  14.462  -61.582  26.045 0.0000000000
8545  11.297  -61.718  24.568 0.0000000000
8558  10.276  -61.225  22.693 0.0000000000
8796  9.421  -60.066  45.585 0.0000000000
8803  12.701  -60.944  45.209 0.0000000000
8810  10.746  -60.223  43.387 0.0000000000
8813  5.731  -60.414  43.456 0.0000000000
8845  6.672  -60.397  40.865 0.0000000000
8908  13.317  -59.945  31.289 0.0000000000
8909  12.593  -60.142  31.227 0.0000000000
8923  10.917  -60.356  29.930 0.0000000000
8930  14.417  -60.117  29.510 0.0000000000
8936  8.755  -60.037  28.738 0.0000000000
8946  7.530  -60.255  28.693 0.0000000000
8958  7.633  -59.770  28.612 0.0000000000
8968  13.954  -60.450  27.296 0.0000000000
8978  11.795  -60.558  26.157 0.0000000000
8980  9.549  -59.492  25.639 0.0000000000
9248  10.529  -59.701  45.223 0.0000000000
9270  9.464  -59.187  43.051 0.0000000000
9272  5.762  -60.222  44.338 0.0000000000
9281  9.956  -59.850  42.930 0.0000000000
9358  11.949  -59.061  32.288 0.0000000000
9369  11.677  -59.704  31.522 0.0000000000
9381  11.047  -59.958  30.686 0.0000000000
9384  6.934  -59.209  30.211 0.0000000000
9390  9.294  -59.547  29.283 0.0000000000
9392  6.935  -59.503  29.004 0.0000000000
9412  12.661  -58.488  27.423 0.0000000000
9426  10.679  -58.492  26.501 0.0000000000
9810  9.127  -58.568  44.570 0.0000000000
9821  9.304  -58.382  43.805 0.0000000000
9822  9.118  -57.818  44.090 0.0000000000
9831  6.582  -58.895  44.403 0.0000000000
9850  4.828  -58.816  44.026 0.0000000000
9945  7.345  -58.327  28.929 0.0000000000
9946  6.476  -58.170  29.317 0.0000000000
10400  4.942  -58.236  44.401 0.0000000000
10503  12.342  -57.216  32.423 0.0000000000
10504  11.556  -57.436  32.503 0.0000000000
10505  10.533  -57.571  32.412 0.0000000000
10508  6.192  -56.842  32.462 0.0000000000
10542  5.828  -56.867  29.743 0.0000000000
10924  9.184  -56.125  45.459 0.0000000000
10949  5.406  -56.327  44.210 0.0000000000
10981  4.703  -55.813  42.051 0.0000000000
11081  9.633  -57.028  31.748 0.0000000000
11088  11.279  -56.423  31.492 0.0000000000
11090  9.414  -56.800  30.992 0.0000000000
11091  5.507  -56.332  31.054 0.0000000000
11109  8.033  -56.204  29.672 0.0000000000
11110  6.701  -56.379  29.348 0.0000000000
11111  6.093  -56.706  29.365 0.0000000000
11524  5.623  -55.528  43.953 0.0000000000
11542  5.147  -55.211  43.384 0.0000000000
11568  5.217  -55.871  39.727 0.0000000000
11640  5.285  -55.215  34.542 0.0000000000
11665  11.580  -55.917  30.750 0.0000000000
11667  9.929  -56.442  30.848 0.0000000000
12083  10.185  -54.515  45.311 0.0000000000
12097  10.466  -53.883  44.847 0.0000000000
12114  14.528  -54.174  43.790 0.0000000000
12119  9.471  -54.166  43.892 0.0000000000
12121  6.882  -54.651  43.418 0.0000000000
12135  8.789  -54.337  43.414 0.0000000000
12155  4.946  -54.261  41.729 0.0000000000
12189  4.723  -54.168  39.166 0.0000000000
12294  11.105  -54.485  29.851 0.0000000000
12296  5.781  -54.398  29.905 0.0000000000
12305  15.304  -54.692  29.748 0.0000000000
12345  9.037  -54.447  25.503 0.0000000000
12776  12.700  -53.121  42.469 0.0000000000
12777  11.080  -53.121  43.080 0.0000000000
12790  13.548  -52.695  41.925 0.0000000000
12812  10.183  -53.086  40.816 0.0000000000
12833  6.139  -52.087  39.371 0.0000000000
12849  6.537  -52.613  37.415 0.0000000000
12925  5.651  -53.349  31.127 0.0000000000
13003  7.811  -53.583  25.514 0.0000000000
13430  14.749  -52.215  42.273 0.0000000000
13439  14.786  -51.463  42.246 0.0000000000
13451  12.240  -52.039  40.612 0.0000000000
13479  8.040  -51.138  38.084 0.0000000000
13481  6.379  -52.040  38.016 0.0000000000
13504  5.632  -52.266  35.763 0.0000000000
13506  4.687  -52.316  35.187 0.0000000000
13560  10.563  -52.326  29.965 0.0000000000
13580  12.284  -52.418  29.077 0.0000000000
14072  14.307  -50.905  41.635 0.0000000000
14092  12.168  -50.146  39.898 0.0000000000
14103  11.038  -49.251  38.653 0.0000000000
14107  7.805  -51.099  37.220 0.0000000000
14108  7.316  -51.544  37.128 0.0000000000
14133  9.081  -51.406  35.788 0.0000000000
14140  4.987  -51.886  35.421 0.0000000000
14197  10.722  -51.875  29.736 0.0000000000
14220  11.612  -52.035  29.010 0.0000000000
14671  14.702  -49.529  42.361 0.0000000000
14685  14.323  -49.460  41.532 0.0000000000
14712  10.927  -48.927  37.584 0.0000000000
15275  13.768  -48.898  36.793 0.0000000000
15809  15.946  -48.246  40.560 0.0000000000
15848  28.816  -47.997  34.004 0.0000000000
15855  29.125  -48.274  33.373 0.0000000000
15857  9.917  -47.866  33.892 0.0000000000
15862  5.391  -48.044  32.722 0.0000000000
15896  29.666  -48.593  30.609 0.0000000000
16422  16.421  -47.239  41.280 0.0000000000
17025  18.391  -45.457  41.158 0.0000000000
17038  18.022  -46.190  40.264 0.0000000000
17109  13.071  -45.949  28.004 0.0000000000
17625  19.719  -44.424  41.736 0.0000000000
17669  28.375  -45.729  34.398 0.0000000000
17676  29.919  -44.932  33.723 0.0000000000
17688  31.091  -45.017  29.416 0.0000000000
17693  31.523  -45.056  28.548 0.0000000000
18289  30.852  -44.738  32.108 0.0000000000
18974  29.584  -43.777  26.402 0.0000000000
19613  31.048  -42.310  32.069 0.0000000000
19614  30.747  -42.296  32.918 0.0000000000
20338  26.508  -41.198  26.998 0.0000000000
20972  30.626  -41.015  29.251 0.0000000000
20974  29.399  -40.164  27.985 0.0000000000
21531  30.004  -39.770  32.632 0.0000000000
21550  30.495  -39.863  31.909 0.0000000000
21574  30.609  -39.763  31.286 0.0000000000
21623  26.930  -39.081  27.392 0.0000000000
22170  29.437  -38.693  32.477 0.0000000000
22196  30.268  -38.255  31.581 0.0000000000
22793  28.406  -38.209  32.871 0.0000000000
22807  28.965  -37.455  32.245 0.0000000000
23441  29.027  -35.734  31.113 0.0000000000
24108  27.254  -35.556  32.204 0.0000000000
24142  27.130  -34.856  31.092 0.0000000000
24155  27.532  -35.553  29.696 0.0000000000
24884  25.909  -33.672  30.861 0.0000000000
24899  26.345  -34.428  29.593 0.0000000000
25587  24.937  -33.621  31.761 0.0000000000
89054  31.332  -44.294  28.161 0.0000000000
89063  32.137  -41.335  30.739 0.0000000000
89829  17.041  -78.194  26.522 0.0000000000
90445  25.926  -76.686  9.143 0.0000000000
90504  13.460  -65.708  41.179 0.0000000000
90653  20.611  -75.801  13.135 0.0000000000
90668  19.497  -76.368  41.912 0.0000000000
90786  12.396  -76.719  36.016 0.0000000000
90883  7.367  -59.888  30.789 0.0000000000
91094  13.340  -65.286  40.139 0.0000000000
91133  13.535  -65.649  40.342 0.0000000000
91465  17.767  -76.088  30.705 0.0000000000
91500  9.875  -61.741  43.041 0.0000000000
91885  13.198  -54.589  30.463 0.0000000000
91984  15.590  -81.753  34.383 0.0000000000
92325  29.220  -40.982  33.603 0.0000000000
92489  26.097  -77.353  31.732 0.0000000000
92625  11.387  -77.063  38.041 0.0000000000
92641  20.461  -77.974  17.331 0.0000000000
92709  18.749  -80.291  29.836 0.0000000000
92721  11.469  -80.060  29.192 0.0000000000
92833  15.019  -66.805  9.786 0.0000000000
92935  24.954  -76.776  9.847 0.0000000000
93121  14.978  -70.457  9.604 0.0000000000
93143  17.468  -66.118  19.825 0.0000000000
93222  24.206  -80.396  31.399 0.0000000000
93322  17.371  -73.861  14.632 0.0000000000
93398  16.756  -73.088  9.840 0.0000000000
93516  12.727  -63.626  47.597 0.0000000000
93706  15.907  -78.983  41.268 0.0000000000
93782  21.898  -74.832  31.923 0.0000000000
93884  22.163  -80.024  40.513 0.0000000000
93971  25.005  -78.996  30.587 0.0000000000
94158  35.261  -78.713  16.506 0.0000000000
94282  18.216  -77.321  34.723 0.0000000000
94386  23.814  -79.427  10.525 0.0000000000
94482  20.674  -80.261  40.188 0.0000000000
94530  19.815  -83.737  30.664 0.0000000000
94660  28.672  -44.232  34.368 0.0000000000
94832  18.232  -77.188  42.220 0.0000000000
95275  30.053  -79.488  23.045 0.0000000000
95283  18.604  -70.931  16.072 0.0000000000
95343  23.919  -72.471  16.400 0.0000000000
95567  15.145  -67.909  11.080 0.0000000000
95647  26.112  -83.336  25.794 0.0000000000
95708  19.161  -65.464  17.671 0.0000000000
95943  5.405  -47.938  31.321 0.0000000000
96002  15.787  -82.506  30.603 0.0000000000
96038  15.683  -77.174  30.683 0.0000000000
96124  17.986  -70.105  17.041 0.0000000000
96346  26.161  -76.087  13.729 0.0000000000
96369  28.143  -76.018  22.821 0.0000000000
96411  10.281  -77.685  34.441 0.0000000000
96507  10.747  -78.040  34.099 0.0000000000
96605  20.595  -78.171  29.890 0.0000000000
96795  28.561  -37.985  28.880 0.0000000000
97056  23.022  -78.385  16.246 0.0000000000
97082  18.973  -72.926  32.919 0.0000000000
97179  12.611  -66.190  44.888 0.0000000000
97450  19.103  -76.828  41.254 0.0000000000
97487  16.748  -77.667  36.776 0.0000000000
97551  7.415  -56.889  29.265 0.0000000000
97767  16.675  -72.830  36.471 0.0000000000
97948  11.141  -66.699  20.116 0.0000000000
97971  13.134  -53.658  43.430 0.0000000000
98064  15.239  -65.265  24.125 0.0000000000
98229  19.265  -76.550  39.904 0.0000000000
98327  19.947  -66.625  16.975 0.0000000000
98528  23.339  -77.965  10.130 0.0000000000
98566  34.369  -79.050  18.265 0.0000000000
98811  16.999  -82.424  31.429 0.0000000000
99030  21.542  -78.928  42.313 0.0000000000
99490  25.657  -77.463  31.140 0.0000000000
99560  15.402  -79.522  38.741 0.0000000000
99631  30.895  -79.125  12.671 0.0000000000
99775  9.864  -53.361  41.408 0.0000000000
99797  8.180  -62.452  28.697 0.0000000000
99885  14.542  -74.730  34.576 0.0000000000
99999  25.197  -80.173  10.464 0.0000000000
100026  11.966  -68.586  19.125 0.0000000000
100099  5.845  -56.425  31.892 0.0000000000
100100  11.723  -69.681  46.709 0.0000000000
100177  19.296  -76.419  36.890 0.0000000000
100305  22.867  -78.021  35.201 0.0000000000
100397  14.058  -75.258  13.071 0.0000000000
100405  11.294  -67.004  19.277 0.0000000000
100505  29.949  -78.092  9.424 0.0000000000
100584  18.004  -78.773  42.023 0.0000000000
100629  16.400  -81.331  30.569 0.0000000000
100786  8.912  -61.494  42.631 0.0000000000
101096  20.004  -76.311  29.352 0.0000000000
101138  11.735  -69.784  12.348 0.0000000000
101246  12.751  -61.602  20.493 0.0000000000
101247  29.794  -77.443  7.806 0.0000000000
101346  7.898  -63.752  27.489 0.0000000000
101355  11.373  -72.543  43.453 0.0000000000
101482  32.396  -79.632  13.574 0.0000000000
101550  19.659  -77.267  45.060 0.0000000000
101574  19.232  -77.751  43.817 0.0000000000
101663  20.554  -76.853  32.316 0.0000000000
101790  24.352  -83.462  30.398 0.0000000000
101862  11.839  -69.969  40.807 0.0000000000
102059  18.901  -77.078  44.526 0.0000000000
102269  11.226  -61.519  29.129 0.0000000000
102463  32.793  -45.342  25.926 0.0000000000
102873  15.697  -80.347  34.715 0.0000000000
102903  18.349  -76.909  42.266 0.0000000000
102964  22.448  -74.208  17.761 0.0000000000
103051  8.133  -63.668  25.451 0.0000000000
103155  22.856  -80.370  39.299 0.0000000000
103163  14.573  -58.998  29.560 0.0000000000
103232  31.513  -42.737  30.295 0.0000000000
103393  22.169  -72.851  16.252 0.0000000000
103429  4.561  -54.076  40.936 0.0000000000
103553  10.803  -71.798  42.345 0.0000000000
103614  28.485  -75.858  12.557 0.0000000000
103653  27.106  -76.553  9.243 0.0000000000
103664  16.148  -73.262  36.174 0.0000000000
103681  17.483  -73.341  13.984 0.0000000000
103875  30.804  -82.503  21.183 0.0000000000
104053  27.049  -81.716  25.906 0.0000000000
104074  10.869  -72.429  41.542 0.0000000000
104114  11.100  -48.040  24.290 0.0000000000
104171  7.940  -64.385  22.154 0.0000000000
104474  16.972  -82.703  35.954 0.0000000000
104495  5.833  -52.124  38.709 0.0000000000
104560  20.709  -73.802  30.898 0.0000000000
104604  15.264  -62.638  25.539 0.0000000000
104694  5.351  -52.784  38.699 0.0000000000
104834  29.452  -79.452  31.415 0.0000000000
104952  24.259  -78.258  9.912 0.0000000000
105208  15.521  -63.051  25.080 0.0000000000
105263  30.036  -47.596  31.427 0.0000000000
105292  19.582  -79.626  13.095 0.0000000000
105294  4.913  -56.451  41.195 0.0000000000
105308  11.947  -71.555  40.636 0.0000000000
105351  5.787  -59.555  44.631 0.0000000000
105435  13.143  -75.340  37.812 0.0000000000
105482  17.522  -75.987  11.200 0.0000000000
105539  19.017  -78.105  32.794 0.0000000000
105547  30.556  -40.993  32.780 0.0000000000
105580  15.495  -65.847  10.255 0.0000000000
105619  12.268  -72.730  43.989 0.0000000000
105670  11.397  -53.036  42.601 0.0000000000
105769  9.144  -63.690  25.388 0.0000000000
105853  16.966  -81.413  36.417 0.0000000000
105885  5.714  -53.957  30.371 0.0000000000
105894  17.327  -73.058  9.637 0.0000000000
105914  17.597  -77.279  37.483 0.0000000000
105930  10.085  -77.516  34.188 0.0000000000
105965  7.927  -56.796  43.751 0.0000000000
106085  14.081  -66.422  24.130 0.0000000000
106104  36.736  -79.999  17.670 0.0000000000
106136  29.670  -38.385  30.937 0.0000000000
106141  19.080  -79.847  28.808 0.0000000000
106177  15.806  -48.496  43.742 0.0000000000
106264  9.941  -77.071  33.129 0.0000000000
106440  16.025  -79.089  41.794 0.0000000000
106509  17.360  -74.494  14.401 0.0000000000
106513  7.177  -57.612  29.006 0.0000000000
106618  28.549  -75.544  27.274 0.0000000000
106757  12.819  -56.086  31.591 0.0000000000
106862  16.367  -77.767  26.681 0.0000000000
106930  8.893  -56.951  30.646 0.0000000000
107094  13.140  -53.483  29.649 0.0000000000
107183  21.083  -75.880  15.118 0.0000000000
107261  12.974  -53.400  42.991 0.0000000000
107435  19.561  -74.398  43.682 0.0000000000
107502  19.855  -65.991  9.308 0.0000000000
107531  30.995  -41.077  31.625 0.0000000000
107665  25.971  -76.133  14.368 0.0000000000
107726  19.818  -67.904  15.388 0.0000000000
107760  20.294  -79.838  41.108 0.0000000000
107804  11.345  -67.510  22.759 0.0000000000
107813  29.187  -82.324  26.951 0.0000000000
107906  10.643  -53.955  29.786 0.0000000000
107919  21.432  -76.056  30.870 0.0000000000
107930  29.804  -76.383  8.094 0.0000000000
107954  14.721  -67.922  10.131 0.0000000000
108045  12.188  -73.668  38.325 0.0000000000
108059  16.046  -65.292  10.640 0.0000000000
108100  15.757  -80.895  35.111 0.0000000000
108196  11.895  -73.021  11.872 0.0000000000
108309  8.324  -57.499  29.760 0.0000000000
108348  17.113  -82.527  32.240 0.0000000000
108478  10.148  -77.701  33.896 0.0000000000
108572  12.252  -77.272  36.871 0.0000000000
108610  21.657  -75.271  31.565 0.0000000000
108665  29.724  -78.163  10.106 0.0000000000
108684  26.832  -80.677  23.737 0.0000000000
108738  13.224  -63.162  44.539 0.0000000000
108745  14.378  -74.332  39.802 0.0000000000
108763  12.331  -79.700  27.718 0.0000000000
108863  10.178  -65.673  22.501 0.0000000000
108872  20.807  -77.703  30.653 0.0000000000
108951  27.529  -78.709  24.400 0.0000000000
109071  25.384  -73.847  18.320 0.0000000000
109166  12.829  -51.238  34.848 0.0000000000
109296  13.161  -61.158  46.306 0.0000000000
