#!ascii label  , from subject sub-v1s16x0051165_ses-1 vox2ras=TkReg
8936
454  16.705  -81.220  27.840 0.6000000238
455  15.650  -81.772  27.292 0.5000000000
441  15.532  -82.036  29.422 0.6999999881
448  15.832  -81.887  28.394 0.5000000000
283  15.063  -82.646  27.011 0.4000000060
292  14.984  -82.573  26.386 0.2000000030
275  15.117  -82.588  28.761 0.5000000000
696  18.294  -80.497  29.264 0.8999999762
697  17.440  -80.888  29.275 0.6999999881
426  17.110  -80.872  30.926 0.8000000119
440  16.524  -81.441  29.245 0.6999999881
104229  16.073  -81.572  29.989 0.8000000119
272  15.073  -83.033  29.470 0.6999999881
108099  15.634  -81.937  29.989 0.6999999881
96195  15.746  -83.124  27.884 0.4000000060
157  15.486  -83.015  26.012 0.3000000119
972  17.491  -79.637  27.198 0.6999999881
935  19.429  -79.366  31.035 0.8999999762
688  18.908  -80.007  30.525 0.8999999762
695  18.964  -80.135  29.312 0.8000000119
708  17.217  -80.500  27.505 0.6999999881
716  16.753  -80.199  26.700 0.6999999881
937  17.888  -79.980  31.904 0.8999999762
689  18.021  -80.621  30.134 0.8999999762
709  16.296  -81.079  26.939 0.5000000000
93596  14.879  -79.832  37.847 1.0000000000
889  14.952  -79.695  37.299 1.0000000000
1162  15.774  -78.571  36.469 1.0000000000
1196  16.776  -78.893  34.139 0.8999999762
918  17.130  -79.229  33.384 0.8999999762
104055  17.390  -80.474  31.629 0.8999999762
405  15.567  -80.679  36.686 0.8999999762
896  15.308  -79.409  36.504 1.0000000000
929  16.794  -79.983  33.027 0.8999999762
674  17.115  -80.272  32.300 0.8999999762
681  16.649  -80.841  31.835 0.8999999762
465  15.224  -81.754  26.319 0.2000000030
105850  15.872  -81.549  36.022 0.8999999762
664  15.650  -80.531  35.740 0.8999999762
668  15.697  -80.642  34.986 0.8999999762
675  16.361  -80.658  32.623 0.8999999762
421  16.198  -81.155  32.176 0.8000000119
427  16.309  -81.315  31.237 0.8000000119
299  14.998  -82.627  25.877 0.2000000030
428  16.328  -81.546  31.193 0.8999999762
138  15.489  -83.087  28.634 0.5000000000
148  16.274  -83.225  27.516 0.3000000119
50  21.587  -84.303  27.298 0.3000000119
51  20.555  -84.032  27.460 0.3000000119
56  21.076  -83.942  26.397 0.2000000030
108974  21.834  -84.230  26.753 0.3000000119
61  20.895  -83.314  25.680 0.2000000030
1594  17.357  -77.747  27.291 0.8000000119
1575  18.419  -77.558  28.325 1.0000000000
1595  16.709  -77.602  27.481 0.6999999881
982  17.591  -78.630  27.012 0.8000000119
90189  16.961  -77.775  26.781 0.4000000060
1260  18.160  -78.215  27.487 0.8000000119
983  16.954  -79.199  26.588 0.5000000000
104904  16.430  -78.120  26.295 0.4000000060
1245  19.616  -78.539  28.633 1.0000000000
1259  18.896  -78.628  28.024 0.8000000119
971  18.232  -79.122  27.537 0.6999999881
953  19.905  -79.044  29.623 0.8999999762
1227  20.547  -78.215  30.544 1.0000000000
954  19.470  -79.572  29.390 0.8000000119
962  18.738  -79.574  28.206 0.8000000119
707  18.077  -80.021  27.860 0.6999999881
984  16.271  -79.791  25.908 0.5000000000
1218  20.248  -78.378  31.119 1.0000000000
947  19.669  -79.403  30.209 0.8000000119
1219  19.723  -78.727  31.416 0.8999999762
1228  20.045  -78.851  30.731 1.0000000000
701  17.647  -80.615  28.413 0.6999999881
873  16.055  -79.428  41.334 0.6999999881
1141  15.917  -78.389  40.709 0.6999999881
880  15.940  -78.924  39.674 0.8000000119
1220  19.071  -79.075  31.801 0.8999999762
616  16.317  -79.524  40.456 0.8000000119
91032  15.967  -79.533  39.562 1.0000000000
96887  15.570  -78.505  38.706 0.8000000119
1208  17.888  -78.893  32.986 0.8999999762
1207  18.658  -78.660  32.557 0.8999999762
615  16.704  -79.714  40.116 0.8999999762
91804  16.668  -80.192  39.002 0.8999999762
624  15.703  -80.083  38.740 1.0000000000
1484  15.764  -78.310  37.311 0.8000000119
103929  16.208  -78.011  36.815 1.0000000000
1181  17.213  -78.286  34.583 0.8999999762
1195  17.500  -78.527  33.768 0.8999999762
662  18.327  -80.436  35.446 0.8999999762
398  16.888  -80.677  36.997 1.0000000000
400  15.829  -81.001  37.715 0.8999999762
910  15.767  -79.617  34.997 1.0000000000
1182  16.510  -78.632  34.922 0.8999999762
407  17.668  -81.456  35.697 0.8999999762
245  17.004  -82.310  36.302 0.8999999762
95  15.949  -82.827  35.428 0.8999999762
411  15.659  -81.352  34.708 0.8999999762
671  16.138  -80.428  33.364 0.8999999762
422  15.976  -81.005  32.840 0.8999999762
406  18.243  -81.220  34.851 0.8999999762
248  17.912  -82.271  35.389 0.8999999762
91  17.428  -82.737  35.433 0.8999999762
105  16.369  -82.844  33.780 0.8999999762
100  15.835  -82.579  34.267 0.8999999762
263  16.354  -81.329  32.286 0.8999999762
414  20.552  -81.556  32.956 0.8999999762
252  19.171  -82.070  33.890 0.8999999762
96  18.998  -82.485  33.610 0.8999999762
102116  17.760  -83.019  33.673 0.8999999762
7  17.408  -83.020  33.128 0.8999999762
19  17.120  -82.839  31.010 0.6999999881
26  15.988  -83.515  30.483 0.6999999881
257  20.419  -82.311  32.580 0.8000000119
109  20.620  -83.062  31.909 0.8000000119
110  18.834  -83.077  32.431 0.6999999881
17  19.168  -83.268  31.786 0.6999999881
105729  17.874  -83.034  31.437 0.5000000000
34  17.625  -83.433  29.758 0.5000000000
35  16.800  -83.671  29.961 0.6000000238
45  16.727  -83.809  29.221 0.5000000000
267  23.207  -82.906  31.898 0.6999999881
106660  21.135  -83.676  31.452 0.6999999881
115  21.225  -84.106  31.226 0.6000000238
18  19.225  -83.353  31.054 0.6000000238
33  18.677  -83.305  29.713 0.5000000000
43  19.115  -83.258  29.153 0.4000000060
147  17.960  -83.164  28.219 0.3000000119
21  23.379  -84.322  30.189 0.6000000238
122  23.116  -84.017  30.788 0.6000000238
93842  22.797  -84.396  30.461 0.6000000238
15  21.819  -84.374  30.684 0.6000000238
22  20.874  -84.269  30.016 0.6000000238
31  20.135  -83.993  29.398 0.6000000238
143  24.482  -83.189  27.809 0.5000000000
28  23.531  -84.476  29.281 0.5000000000
29  23.056  -84.596  29.691 0.5000000000
30  21.719  -84.476  29.621 0.6000000238
91267  21.702  -84.560  28.601 0.6000000238
40  20.738  -84.258  27.957 0.4000000060
37  23.923  -84.086  28.618 0.5000000000
38  23.270  -84.670  28.317 0.5000000000
1  22.933  -84.913  27.978 0.3000000119
96408  21.789  -84.693  27.871 0.5000000000
288  20.883  -83.340  26.907 0.2000000030
154  24.116  -83.113  26.910 0.5000000000
47  23.632  -83.979  27.697 0.3000000119
48  22.972  -84.836  27.583 0.3000000119
5  22.108  -84.867  26.957 0.2000000030
55  21.875  -84.093  26.302 0.2000000030
60  21.464  -84.067  25.436 0.2000000030
163  23.680  -83.138  26.036 0.3000000119
53  23.092  -84.118  26.848 0.3000000119
58  22.706  -83.993  25.789 0.2000000030
100243  20.992  -83.881  24.819 0.2000000030
59  21.998  -84.131  25.505 0.2000000030
67  21.555  -84.146  24.471 0.2000000030
167  24.411  -82.935  24.426 0.2000000030
106824  23.305  -83.177  25.295 0.2000000030
65  22.461  -83.898  24.790 0.2000000030
66  21.981  -83.994  23.940 0.2000000030
73  20.963  -84.139  23.151 0.2000000030
168  23.555  -82.958  24.632 0.2000000030
169  22.949  -83.279  24.003 0.2000000030
104118  22.557  -83.625  23.452 0.2000000030
72  21.738  -84.020  23.282 0.2000000030
1577  16.407  -77.533  28.441 0.8000000119
88942  15.789  -77.640  26.954 0.4000000060
1596  15.786  -77.563  27.920 0.4000000060
106127  14.979  -77.614  28.382 0.6000000238
1573  19.951  -77.869  28.712 1.0000000000
100815  19.347  -78.071  28.288 1.0000000000
88939  15.041  -77.953  26.543 0.4000000060
1598  14.210  -78.109  27.888 0.4000000060
1578  14.120  -77.737  28.906 0.6000000238
1236  20.194  -78.436  29.292 1.0000000000
88934  15.767  -78.742  25.600 0.3000000119
1537  20.620  -77.755  31.194 1.0000000000
1548  20.854  -77.624  30.171 1.0000000000
1527  20.295  -77.453  32.031 1.0000000000
1528  19.634  -77.794  32.487 1.0000000000
599  17.284  -79.397  41.542 0.8000000119
1139  15.888  -78.418  41.474 0.6999999881
94154  16.081  -77.769  40.066 0.6999999881
107081  18.458  -77.535  33.975 1.0000000000
1520  19.126  -77.497  33.349 1.0000000000
377  17.451  -79.756  39.509 0.8999999762
607  17.153  -79.540  40.971 0.8999999762
106291  16.653  -77.559  38.836 0.8000000119
109224  16.249  -77.756  38.553 0.8000000119
1194  18.356  -78.158  33.392 0.8999999762
384  17.551  -79.830  38.835 0.8999999762
103253  17.103  -80.286  38.057 1.0000000000
1483  16.333  -77.806  37.393 0.8000000119
1505  17.726  -77.431  35.487 0.8999999762
1521  17.873  -77.899  34.232 0.8999999762
391  18.371  -79.593  38.448 0.8999999762
630  18.243  -79.635  37.520 1.0000000000
98648  17.477  -80.274  36.961 1.0000000000
1506  17.024  -78.032  35.460 0.8999999762
100166  19.847  -79.822  35.434 0.8999999762
1494  17.214  -77.563  36.150 0.8000000119
666  20.811  -80.126  34.278 0.8999999762
670  20.569  -80.700  33.372 0.8999999762
673  22.568  -80.891  32.706 0.8999999762
413  21.411  -81.151  32.842 0.8000000119
109156  22.863  -81.481  32.514 0.8999999762
266  23.838  -82.777  31.797 0.6000000238
259  23.387  -82.403  32.189 0.6999999881
418  23.280  -81.906  32.372 0.8000000119
121  23.823  -83.648  30.719 0.6000000238
425  23.902  -82.334  31.935 0.6999999881
133  25.943  -83.093  28.737 0.6999999881
125  25.377  -83.016  29.620 0.6000000238
126  24.562  -83.436  29.775 0.6000000238
104342  24.935  -82.614  30.784 0.6000000238
424  24.513  -82.195  31.392 0.8000000119
142  25.395  -83.130  27.922 0.6000000238
162  24.734  -83.018  26.021 0.4000000060
166  25.489  -83.468  24.859 0.4000000060
64  25.184  -83.420  24.111 0.3000000119
71  24.629  -83.156  23.647 0.1000000015
172  23.777  -82.870  23.874 0.2000000030
173  23.233  -83.140  23.275 0.2000000030
99225  17.605  -77.622  27.991 1.0000000000
93273  15.817  -77.517  28.907 0.8999999762
1910  18.806  -77.027  28.885 1.0000000000
1564  15.089  -77.502  29.352 0.8000000119
88940  15.639  -78.187  26.128 0.3000000119
1565  14.457  -77.515  29.707 0.8000000119
1561  20.538  -77.526  29.440 1.0000000000
1909  19.832  -77.004  28.965 1.0000000000
1261  14.115  -78.335  26.727 0.3000000119
103323  13.393  -78.159  29.135 0.6999999881
1566  13.700  -77.726  29.702 0.8000000119
104611  13.720  -78.684  24.989 0.3000000119
1536  21.080  -77.132  30.696 1.0000000000
1876  20.883  -77.002  31.551 1.0000000000
2224  21.494  -75.757  31.322 1.0000000000
2213  21.118  -75.827  32.741 0.8999999762
1851  20.458  -76.382  33.043 1.0000000000
2201  20.855  -75.749  33.542 0.8000000119
605  18.802  -79.618  40.984 0.8999999762
1456  17.035  -77.368  40.602 0.8000000119
1467  16.608  -77.531  39.785 0.8000000119
1853  18.900  -77.048  34.157 1.0000000000
1852  19.621  -76.758  33.655 1.0000000000
93840  19.924  -76.070  34.862 0.8000000119
612  19.251  -79.977  40.445 0.8999999762
613  18.524  -79.743  40.380 0.8999999762
1776  18.069  -77.138  40.948 0.8000000119
1792  17.983  -77.082  39.666 0.8000000119
1472  17.338  -77.304  39.216 0.8000000119
1841  18.794  -76.863  34.798 0.8000000119
1840  19.383  -76.536  34.450 0.8000000119
375  19.535  -80.249  39.820 0.8000000119
382  19.838  -80.376  39.064 0.8999999762
1801  18.065  -77.040  38.839 0.8000000119
1810  18.155  -77.041  37.951 0.8000000119
92885  17.405  -77.369  36.802 0.8000000119
98555  18.700  -76.806  35.921 0.8000000119
640  20.113  -79.679  36.954 0.8999999762
97694  19.009  -79.539  37.816 0.8999999762
1824  17.997  -77.130  36.171 0.8000000119
901  21.051  -79.451  35.739 0.8999999762
652  19.584  -79.615  36.239 1.0000000000
107116  21.416  -79.911  34.212 1.0000000000
108825  21.799  -80.273  33.510 1.0000000000
926  22.625  -80.006  33.165 0.8999999762
934  23.577  -80.112  32.085 0.8999999762
97902  26.111  -82.367  29.603 0.8000000119
99844  25.518  -82.363  30.231 0.8000000119
271  25.509  -82.680  30.016 0.6999999881
431  25.201  -81.946  30.674 0.8999999762
141  26.359  -83.279  27.838 0.6000000238
93626  25.887  -83.509  26.442 0.5000000000
153  25.055  -83.093  26.924 0.5000000000
161  25.678  -83.484  25.774 0.6000000238
57  25.414  -83.368  24.683 0.5000000000
63  25.805  -83.870  24.134 0.4000000060
1911  17.875  -77.247  28.943 1.0000000000
109253  17.177  -77.303  29.344 1.0000000000
1900  18.371  -76.679  29.505 1.0000000000
1901  16.855  -77.189  29.965 1.0000000000
2245  18.833  -76.085  29.908 1.0000000000
88945  14.501  -78.459  25.590 0.3000000119
1877  15.707  -76.670  31.409 1.0000000000
2243  20.463  -75.910  29.723 1.0000000000
93565  13.096  -79.052  26.489 0.3000000119
1262  13.404  -78.858  27.508 0.3000000119
1560  21.051  -76.836  29.892 1.0000000000
2234  20.843  -75.392  30.220 1.0000000000
89827  13.562  -78.804  24.656 0.3000000119
1274  12.624  -79.211  25.538 0.3000000119
995  11.694  -79.333  25.575 0.3000000119
1263  12.610  -79.496  27.260 0.3000000119
1237  12.968  -79.136  29.007 0.6000000238
2233  21.330  -75.561  30.559 1.0000000000
98980  11.900  -79.889  28.158 0.4000000060
99620  12.350  -79.616  29.578 0.6999999881
2212  21.519  -75.529  32.073 1.0000000000
91300  21.628  -75.004  31.101 1.0000000000
2200  21.621  -75.201  32.961 0.8000000119
1777  17.244  -77.376  41.403 0.6999999881
2193  20.650  -75.675  34.433 0.8000000119
596  20.117  -79.398  41.678 0.8000000119
1782  18.627  -76.880  40.314 0.8000000119
611  20.047  -80.148  40.469 0.8000000119
1791  18.701  -76.753  39.414 0.8000000119
1832  19.186  -76.538  35.329 0.8000000119
93755  19.925  -76.105  35.780 0.8000000119
397  20.508  -80.267  37.624 0.8000000119
1800  18.803  -76.688  38.544 0.6999999881
1809  18.917  -76.655  37.548 0.8000000119
1823  18.731  -76.782  36.622 0.8000000119
1821  19.869  -76.028  36.654 0.8000000119
639  20.859  -79.880  37.011 0.8999999762
92435  18.142  -77.093  37.077 0.8000000119
895  21.435  -79.294  36.110 0.8999999762
908  21.385  -79.316  35.119 0.8999999762
917  21.766  -79.744  34.107 0.8999999762
907  22.038  -78.906  34.905 0.8999999762
916  22.271  -79.484  33.876 0.8999999762
933  24.351  -79.113  31.270 0.8999999762
945  24.773  -80.002  30.727 0.8999999762
439  25.840  -81.524  29.782 1.0000000000
686  25.247  -80.780  30.246 0.8999999762
678  24.565  -81.154  30.982 0.8999999762
132  26.808  -83.085  28.485 0.8999999762
140  27.269  -83.127  27.671 0.6999999881
131  27.644  -82.997  28.283 0.8000000119
159  27.179  -82.892  26.130 0.5000000000
160  26.261  -83.046  25.054 0.5000000000
62  25.988  -83.931  24.078 0.5000000000
69  25.922  -83.683  23.670 0.4000000060
70  25.561  -83.535  23.570 0.2000000030
165  26.072  -83.352  24.314 0.5000000000
93917  24.958  -83.320  22.947 0.1000000015
171  26.116  -83.242  23.564 0.5000000000
1887  18.029  -76.371  30.170 1.0000000000
1562  17.581  -76.937  29.760 1.0000000000
1890  14.924  -77.162  30.994 0.8999999762
91357  19.298  -75.497  30.269 1.0000000000
2225  17.961  -75.598  31.182 1.0000000000
1888  17.316  -76.618  30.446 1.0000000000
106119  14.407  -76.966  31.498 0.8999999762
1879  13.760  -77.113  31.737 0.8999999762
2618  20.511  -74.701  30.481 1.0000000000
2235  20.164  -75.358  30.071 1.0000000000
2611  18.892  -75.054  30.975 1.0000000000
1540  13.255  -77.726  31.318 0.8000000119
2990  21.310  -73.805  31.041 1.0000000000
2617  21.205  -74.591  30.703 1.0000000000
1283  12.396  -78.748  24.901 0.3000000119
1229  12.248  -79.499  30.454 0.6999999881
2608  22.175  -74.040  32.063 0.8999999762
2609  21.736  -74.286  31.347 1.0000000000
975  10.635  -79.502  27.778 0.4000000060
955  11.641  -79.990  30.019 0.5000000000
956  10.789  -80.091  30.031 0.5000000000
957  10.438  -79.811  29.250 0.4000000060
103240  10.153  -79.734  30.005 0.6000000238
2570  21.817  -74.703  35.177 0.6999999881
2582  21.759  -74.803  34.451 0.8000000119
1230  9.936  -79.342  30.429 0.6000000238
2187  21.213  -75.167  35.758 0.6999999881
1775  19.781  -76.153  41.501 0.6999999881
94441  19.496  -76.504  40.631 0.6999999881
2175  20.541  -75.607  36.274 0.8000000119
1831  20.583  -75.655  35.337 0.8000000119
373  20.994  -80.471  39.612 0.8000000119
1790  19.432  -76.405  39.184 0.6999999881
2163  20.489  -75.603  37.341 0.6999999881
388  20.852  -80.683  38.201 0.8000000119
396  21.150  -80.351  37.539 0.8000000119
1799  19.537  -76.287  38.305 0.6999999881
1808  19.711  -76.118  37.469 0.8000000119
649  21.719  -79.628  36.739 0.8999999762
1171  22.449  -78.467  35.866 0.8999999762
1192  23.365  -77.841  33.781 0.8999999762
915  22.859  -78.888  33.478 0.8000000119
924  23.753  -78.561  32.074 0.8000000119
944  25.562  -79.492  30.108 0.8000000119
437  27.510  -81.746  28.872 0.8999999762
105266  26.445  -80.842  29.293 1.0000000000
694  25.978  -80.338  29.644 0.8999999762
104073  27.039  -82.805  28.686 0.8999999762
274  27.782  -82.539  28.522 0.8999999762
99007  27.850  -83.076  26.873 0.8000000119
139  28.249  -82.993  27.503 0.8000000119
467  26.539  -81.562  25.277 0.8000000119
293  27.109  -82.668  25.818 0.8000000119
286  28.066  -82.807  26.632 0.8000000119
294  26.383  -82.328  24.747 0.5000000000
300  26.268  -82.818  24.126 0.5000000000
90510  26.381  -81.798  23.964 0.6000000238
304  26.396  -82.301  23.322 0.5000000000
312  26.363  -82.517  22.641 0.5000000000
74  26.031  -83.140  22.708 0.5000000000
477  28.404  -80.930  23.144 0.5000000000
478  26.899  -81.238  23.290 0.5000000000
103246  26.800  -81.769  22.697 0.5000000000
486  27.762  -81.294  22.608 0.5000000000
310  28.346  -81.441  21.983 0.5000000000
311  27.166  -81.705  22.135 0.5000000000
175  26.607  -82.211  21.924 0.5000000000
107722  29.811  -81.121  22.723 0.5000000000
485  29.154  -81.239  22.629 0.5000000000
309  29.582  -81.502  21.813 0.5000000000
316  28.710  -81.562  21.167 0.5000000000
96421  30.197  -81.391  22.195 0.5000000000
308  30.842  -82.223  21.740 0.5000000000
104213  29.810  -82.514  20.209 0.4000000060
489  30.709  -81.795  21.600 0.5000000000
187  30.743  -82.805  20.578 0.4000000060
196  30.333  -82.732  19.362 0.4000000060
1889  16.493  -76.855  30.774 1.0000000000
1529  13.128  -77.654  32.134 1.0000000000
2237  17.230  -76.145  31.126 1.0000000000
95305  15.939  -76.118  32.024 1.0000000000
2227  15.227  -76.261  32.062 0.8999999762
2982  19.811  -73.498  31.421 1.0000000000
2610  19.802  -74.273  30.832 1.0000000000
1541  12.625  -78.497  31.784 0.6999999881
3349  21.244  -72.763  31.695 1.0000000000
3350  20.575  -73.000  31.510 1.0000000000
103657  12.018  -79.261  32.339 0.8999999762
2970  22.252  -73.217  32.355 0.8999999762
104810  22.132  -72.546  32.381 0.8000000119
3338  21.609  -72.299  32.266 0.8000000119
3339  20.722  -72.270  32.311 0.8000000119
1221  11.918  -79.573  31.500 0.6999999881
939  10.940  -80.083  31.516 0.8000000119
1210  11.196  -79.703  32.297 0.8000000119
2600  22.404  -73.818  32.718 0.8999999762
3318  22.463  -72.493  32.828 0.8000000119
930  10.463  -79.750  31.710 0.6999999881
1211  10.295  -79.267  32.377 0.8000000119
102876  9.983  -78.596  30.773 0.6999999881
1199  10.366  -78.033  33.520 0.8000000119
2558  21.877  -74.629  36.067 0.6999999881
2174  21.272  -75.088  36.787 0.6999999881
387  22.089  -80.589  38.342 0.8000000119
105826  21.452  -80.614  38.056 0.8000000119
2142  20.562  -75.565  40.538 0.6999999881
1789  20.242  -75.953  38.950 0.6999999881
2155  20.857  -75.546  38.423 0.6999999881
637  22.090  -80.069  37.264 0.8000000119
1161  22.905  -78.322  36.481 0.8999999762
1180  23.338  -77.673  34.561 0.8999999762
93801  24.042  -77.319  34.279 0.8999999762
1519  23.980  -77.521  33.352 0.8999999762
1526  25.357  -77.337  32.559 0.8999999762
1204  24.353  -77.554  32.446 0.8000000119
1234  26.828  -78.383  29.823 0.8999999762
1546  25.619  -77.728  30.588 0.8000000119
1225  25.577  -78.373  30.235 0.8000000119
96784  27.208  -80.784  29.036 1.0000000000
93560  26.876  -80.033  29.426 1.0000000000
952  26.480  -79.300  29.704 1.0000000000
94890  28.267  -81.787  28.580 1.0000000000
129  28.913  -82.662  27.628 1.0000000000
285  28.801  -82.679  26.865 0.8999999762
99602  27.887  -82.243  26.417 0.8000000119
5229  10.806  -68.020  12.474 0.6000000238
5667  10.060  -67.384  12.775 0.6000000238
458  26.642  -80.786  25.690 0.8000000119
457  27.377  -80.999  26.344 0.8999999762
732  26.580  -80.764  24.151 0.6000000238
91248  26.378  -80.640  24.932 0.6999999881
718  26.445  -79.936  25.498 0.8999999762
4799  12.252  -68.951  12.698 0.6000000238
96452  27.509  -80.561  23.519 0.6000000238
105522  11.065  -69.628  12.083 0.5000000000
476  29.473  -80.911  23.084 0.5000000000
729  29.780  -80.525  23.182 0.5000000000
738  30.171  -80.931  22.698 0.5000000000
747  30.825  -80.783  20.745 0.6000000238
742  30.683  -80.583  21.671 0.5000000000
1003  29.747  -79.896  23.422 0.6999999881
741  30.830  -81.236  21.474 0.5000000000
746  30.997  -81.516  20.648 0.5000000000
326  31.007  -82.227  19.974 0.5000000000
750  31.063  -81.005  19.794 0.5000000000
92334  30.906  -82.445  19.409 0.4000000060
499  31.021  -81.403  19.576 0.5000000000
95564  30.958  -81.952  19.276 0.4000000060
333  30.945  -81.926  18.565 0.4000000060
1866  14.311  -76.479  32.093 0.8999999762
1530  12.466  -78.426  32.616 1.0000000000
1522  12.276  -78.307  33.417 1.0000000000
1197  11.732  -78.502  33.664 0.8999999762
99677  11.176  -79.167  33.004 0.8000000119
99954  10.605  -78.719  33.063 0.8000000119
1515  10.143  -77.519  34.873 0.6999999881
2162  21.314  -75.199  37.740 0.6999999881
379  22.323  -80.478  39.148 0.8000000119
394  22.574  -80.446  37.828 0.8000000119
108607  20.817  -75.638  39.060 0.6999999881
96683  23.068  -78.824  36.883 0.8000000119
1170  23.261  -77.748  36.038 0.8000000119
104899  24.333  -77.264  35.040 0.8000000119
95622  24.689  -77.305  33.421 0.8000000119
1535  25.164  -77.453  31.688 0.6999999881
1534  26.336  -77.503  30.829 0.8999999762
1544  27.104  -78.089  30.003 0.8999999762
693  27.838  -80.138  29.372 1.0000000000
446  28.088  -80.951  28.820 1.0000000000
444  29.338  -81.968  28.101 1.0000000000
445  29.019  -81.451  28.585 0.8999999762
276  29.201  -82.551  27.115 1.0000000000
456  28.726  -81.725  26.796 1.0000000000
5179  11.869  -68.159  15.738 0.8000000119
5218  11.032  -67.466  13.220 0.8000000119
5659  10.033  -66.999  13.397 0.6999999881
711  27.191  -80.009  26.441 0.8999999762
710  28.138  -80.394  26.813 0.8999999762
5199  11.627  -67.639  14.459 0.8000000119
5228  11.951  -68.205  12.767 0.6000000238
106581  10.011  -66.740  14.907 0.6999999881
724  26.589  -79.794  24.684 0.8000000119
988  26.622  -78.964  25.409 0.8999999762
5217  12.472  -68.020  13.659 0.8000000119
731  26.841  -80.135  23.974 0.8000000119
997  26.858  -78.871  24.771 1.0000000000
4310  12.604  -69.978  13.192 0.5000000000
96953  27.842  -79.817  23.824 0.6000000238
1004  29.035  -79.533  23.796 0.8000000119
1294  28.997  -78.690  23.763 0.8999999762
1295  28.269  -78.297  24.118 0.8999999762
1301  30.263  -79.662  21.572 0.6999999881
1015  30.198  -79.507  22.409 0.8000000119
1297  29.796  -78.886  22.696 0.8999999762
1298  29.331  -78.388  23.099 0.8000000119
1305  29.767  -78.987  20.413 0.6000000238
107778  30.687  -79.598  18.761 0.6999999881
1019  30.300  -79.908  20.547 0.6999999881
100922  31.788  -80.247  18.133 0.5000000000
764  31.430  -80.748  18.561 0.5000000000
1867  13.484  -76.800  32.455 1.0000000000
1854  13.135  -76.515  33.230 1.0000000000
99728  11.381  -78.107  34.321 0.8000000119
1176  10.470  -77.710  35.586 0.8000000119
1833  10.049  -76.043  35.502 0.4000000060
1843  10.062  -76.650  34.696 0.6000000238
1497  10.342  -77.426  35.823 0.8000000119
2154  21.550  -75.129  38.510 0.6999999881
2189  9.931  -75.258  35.969 0.3000000119
628  24.535  -80.361  38.393 0.8000000119
635  24.023  -80.248  37.622 0.8000000119
647  24.503  -79.945  37.252 0.8000000119
102064  23.503  -79.750  37.244 0.8000000119
1168  25.220  -78.338  35.800 0.8000000119
1512  24.808  -77.270  34.319 0.8000000119
1191  26.254  -78.134  33.833 0.8000000119
1203  26.927  -77.942  32.277 0.6999999881
100396  27.466  -78.208  30.900 0.8000000119
1216  26.957  -77.659  31.227 0.6999999881
1224  27.579  -78.453  30.442 0.8000000119
942  29.326  -79.895  30.854 0.8999999762
943  28.238  -79.127  30.392 0.8999999762
950  28.518  -79.870  29.910 0.8999999762
951  27.532  -79.029  29.851 1.0000000000
691  29.811  -81.288  29.641 0.8999999762
436  30.013  -81.489  28.818 0.8999999762
702  29.991  -81.136  27.840 0.8999999762
5138  12.273  -68.669  18.558 1.0000000000
99232  12.792  -68.705  17.854 0.8999999762
5157  11.961  -68.484  17.607 0.8999999762
703  29.155  -80.849  27.273 0.8999999762
99625  12.045  -68.424  16.699 0.8000000119
5628  10.878  -67.269  15.280 0.6999999881
5629  10.155  -66.693  15.854 0.6999999881
5178  13.010  -68.361  16.031 0.8999999762
1270  26.870  -78.520  26.205 0.8000000119
5198  12.791  -68.139  14.793 0.8000000119
1279  26.821  -78.126  25.730 0.8999999762
4780  13.066  -68.735  13.343 0.8000000119
1005  28.200  -79.027  24.068 1.0000000000
97665  13.657  -69.409  13.715 0.8999999762
1628  28.037  -77.528  24.094 0.8999999762
1331  30.914  -78.740  18.496 0.8000000119
96991  29.771  -78.245  19.536 0.8000000119
1302  29.590  -78.733  21.524 0.6000000238
1632  28.929  -77.733  22.675 0.6999999881
1027  30.162  -79.125  19.373 0.6999999881
1041  32.308  -79.542  17.976 0.6999999881
1186  10.688  -77.990  34.963 0.8000000119
2927  10.210  -73.515  36.403 0.3000000119
95437  10.033  -76.154  36.196 0.6999999881
620  23.379  -80.191  39.403 0.8000000119
106555  10.097  -74.170  36.518 0.3000000119
107147  24.488  -80.235  39.004 0.8000000119
98699  24.996  -80.284  37.700 0.8000000119
1158  25.264  -79.116  36.347 0.8000000119
94129  25.594  -78.184  35.045 0.8000000119
1215  27.682  -78.536  31.668 0.8000000119
1190  26.453  -77.944  33.121 0.8000000119
923  28.615  -79.022  32.260 0.8999999762
108553  29.890  -79.970  31.239 0.8999999762
1214  28.410  -78.889  31.082 0.8999999762
92443  13.792  -68.442  17.847 1.0000000000
5608  10.590  -66.729  16.877 0.6999999881
96816  28.574  -78.826  27.317 0.8000000119
1269  27.395  -78.016  26.817 0.8000000119
98588  13.485  -68.425  16.964 0.8999999762
1986  30.988  -76.330  19.728 0.8000000119
1603  27.034  -77.562  26.237 0.8000000119
5197  13.914  -68.245  15.008 0.8999999762
4779  13.993  -68.853  13.870 0.8000000119
104686  31.529  -76.834  19.259 0.8999999762
1646  30.054  -77.238  19.556 0.6000000238
1962  27.721  -76.712  24.143 0.8000000119
4309  13.457  -70.778  14.087 0.8999999762
1317  32.995  -78.089  18.646 0.8999999762
1318  31.755  -77.780  18.661 0.8999999762
1638  29.386  -77.019  20.232 0.5000000000
1966  28.958  -76.662  20.836 0.6000000238
1967  28.726  -76.143  21.447 0.5000000000
2314  28.109  -75.254  23.015 0.6000000238
2315  27.810  -76.005  23.567 0.6999999881
3884  13.182  -72.010  13.763 0.6000000238
4293  14.407  -70.987  14.938 0.8000000119
1330  31.973  -78.680  18.208 0.8999999762
1319  30.476  -77.945  18.919 0.5000000000
1633  29.031  -77.647  21.043 0.5000000000
1634  28.725  -77.138  21.814 0.6000000238
92619  28.586  -77.199  22.712 0.6000000238
1961  28.202  -76.829  23.298 0.8000000119
99216  33.465  -79.778  18.023 0.6000000238
762  33.489  -80.526  17.796 0.5000000000
763  32.644  -80.466  17.895 0.6000000238
508  32.886  -80.869  17.728 0.4000000060
3289  11.474  -72.796  36.915 0.3000000119
2919  10.603  -73.652  37.106 0.6999999881
2177  9.991  -75.467  36.661 0.6999999881
627  25.522  -80.229  38.359 0.8000000119
102072  25.726  -79.952  36.548 0.8000000119
1178  26.262  -78.578  34.567 0.8000000119
914  27.061  -79.051  33.995 0.8000000119
108463  26.764  -78.534  33.514 0.8000000119
1202  27.806  -78.838  32.555 0.8000000119
6041  14.330  -67.341  21.136 0.8999999762
95692  13.906  -67.909  20.684 1.0000000000
5116  12.636  -68.564  20.138 1.0000000000
5124  12.464  -68.711  19.347 1.0000000000
5114  14.082  -68.028  19.902 1.0000000000
5123  13.294  -68.548  19.543 1.0000000000
5139  11.755  -68.339  18.463 0.8999999762
103911  10.975  -66.674  17.741 0.6999999881
6084  10.028  -65.845  17.556 0.6000000238
1588  27.927  -77.578  27.257 0.8000000119
5122  14.196  -68.267  18.862 1.0000000000
91570  27.498  -77.177  26.778 0.8000000119
5136  14.842  -68.091  17.780 1.0000000000
5155  14.593  -68.161  16.763 0.8999999762
4760  14.427  -68.676  14.434 0.8000000119
2344  30.336  -75.645  20.569 0.6999999881
2674  27.630  -74.868  26.345 0.6999999881
103956  27.350  -75.516  26.059 0.8000000119
4759  15.116  -69.020  14.732 0.8000000119
1645  32.847  -77.146  18.814 0.8999999762
93662  30.197  -76.311  20.013 0.6000000238
2330  29.371  -75.822  20.862 0.6000000238
2299  27.446  -75.077  25.515 0.8000000119
2321  28.563  -75.472  22.098 0.6000000238
93443  28.191  -74.382  23.359 0.6000000238
2680  27.746  -74.291  25.526 0.6000000238
2307  27.506  -75.973  24.422 0.8000000119
3483  14.927  -73.189  15.310 0.6000000238
3870  14.527  -72.196  15.384 0.6999999881
104237  15.286  -71.296  15.744 0.8000000119
1040  35.310  -79.442  18.128 0.8000000119
1964  28.435  -76.471  22.335 0.6000000238
100493  34.483  -79.954  18.088 0.6000000238
774  34.186  -80.488  17.480 0.6000000238
517  33.258  -81.043  17.369 0.4000000060
529  32.663  -81.158  16.779 0.4000000060
3288  12.581  -72.607  37.225 0.6000000238
922  28.596  -78.982  33.073 0.8999999762
5569  14.630  -67.438  20.408 0.8999999762
94505  12.147  -68.487  20.756 1.0000000000
100535  11.623  -68.072  19.235 1.0000000000
99627  11.367  -67.414  18.463 0.8999999762
5577  14.927  -67.644  19.555 0.8999999762
6050  10.777  -65.842  19.324 0.6999999881
2258  29.232  -75.957  27.166 0.6000000238
1917  28.566  -76.360  27.231 0.6999999881
1672  33.842  -77.292  17.134 0.8999999762
1665  33.409  -76.857  17.722 0.8000000119
2652  27.833  -75.102  26.959 0.8000000119
104076  27.594  -76.364  26.714 0.8000000119
97640  15.533  -68.175  16.934 0.8999999762
1664  34.083  -77.456  18.152 0.8000000119
1991  33.445  -77.011  18.350 0.8000000119
1984  32.207  -76.450  19.111 0.8000000119
1977  31.134  -75.687  20.143 0.6999999881
104025  14.945  -68.253  15.785 0.8999999762
4291  15.788  -70.195  15.720 0.8999999762
3854  16.209  -71.104  16.268 0.8999999762
1350  34.274  -77.954  16.584 0.8999999762
1349  35.125  -78.398  17.327 0.8999999762
1663  34.740  -78.125  18.032 0.8999999762
109250  33.753  -77.456  18.562 0.8000000119
98291  31.036  -75.099  20.821 0.6999999881
2329  30.286  -75.018  21.276 0.6000000238
2712  29.477  -74.720  21.826 0.5000000000
103668  28.073  -74.177  26.283 0.6000000238
3020  28.800  -73.741  26.306 0.5000000000
1348  36.018  -78.948  16.957 1.0000000000
1340  35.532  -78.887  17.731 0.8999999762
1328  34.859  -78.622  18.132 1.0000000000
2711  30.436  -74.302  21.780 0.6999999881
2697  29.803  -74.078  22.352 0.5000000000
3051  28.949  -73.758  22.994 0.5000000000
2684  28.276  -73.649  23.795 0.5000000000
3027  28.287  -73.485  25.443 0.6000000238
3118  15.335  -74.353  14.860 0.5000000000
3467  15.264  -72.367  15.815 0.8999999762
1358  34.962  -78.992  15.752 1.0000000000
1039  36.213  -79.855  18.026 1.0000000000
3050  30.154  -73.401  22.862 0.5000000000
3037  29.038  -73.150  23.610 0.5000000000
3032  28.469  -73.177  24.416 0.5000000000
94343  35.767  -80.035  15.395 1.0000000000
773  35.384  -80.085  17.075 1.0000000000
761  35.431  -80.047  17.997 0.8000000119
796  34.176  -80.179  15.636 0.6999999881
527  34.354  -80.376  16.552 0.6999999881
528  33.617  -81.042  16.737 0.4000000060
811  33.785  -79.705  14.829 0.6999999881
540  33.825  -81.094  16.135 0.6000000238
99895  32.207  -81.140  16.010 0.4000000060
554  32.952  -80.933  14.611 0.4000000060
101461  33.193  -81.070  16.139 0.4000000060
2912  11.735  -73.943  37.854 0.8000000119
2552  11.100  -74.581  37.549 0.6999999881
2166  10.456  -75.448  37.426 0.6999999881
2167  10.139  -75.884  37.180 0.6999999881
3280  13.307  -72.116  38.318 0.8000000119
2554  9.992  -74.932  36.840 0.6000000238
94990  13.759  -69.207  36.765 0.1000000015
99899  13.955  -67.345  21.802 1.0000000000
6023  14.957  -66.250  22.045 0.8999999762
6040  15.024  -66.811  20.915 0.8999999762
5117  11.707  -68.244  20.569 1.0000000000
5578  11.500  -67.825  20.019 0.8000000119
5571  10.827  -66.661  20.965 0.8000000119
2283  29.824  -75.233  27.010 0.5000000000
5590  15.312  -67.819  18.620 1.0000000000
1673  32.879  -76.873  16.592 0.8999999762
2673  28.547  -74.422  26.870 0.4000000060
2350  32.374  -76.133  18.859 0.8000000119
2723  31.390  -75.279  20.128 0.8000000119
2671  30.422  -74.426  26.577 0.4000000060
2672  29.401  -74.307  26.805 0.4000000060
91327  16.345  -68.354  17.121 1.0000000000
4723  16.219  -68.648  16.316 0.8999999762
106914  34.244  -78.409  15.959 0.8000000119
2349  31.782  -75.780  19.496 0.8000000119
2724  31.113  -74.697  20.757 0.6999999881
3063  30.737  -73.940  21.788 0.6000000238
2390  17.175  -75.130  14.527 0.8000000119
4274  16.440  -70.134  16.295 0.8999999762
94698  16.867  -70.851  16.558 0.8999999762
1367  33.453  -78.629  15.092 0.8999999762
3064  30.520  -73.808  22.224 0.5000000000
100098  29.100  -73.093  25.711 0.5000000000
1699  17.653  -77.422  12.375 0.8000000119
2029  17.460  -76.203  13.203 0.8999999762
3117  16.075  -74.137  15.358 0.6999999881
3466  15.816  -73.070  15.750 0.8000000119
1070  36.292  -79.438  16.124 1.0000000000
3405  30.118  -72.780  23.663 0.5000000000
3388  29.449  -72.666  25.128 0.5000000000
3026  29.999  -72.881  25.839 0.5000000000
3116  16.752  -73.803  15.378 0.8000000119
1366  34.405  -79.085  15.292 1.0000000000
795  34.811  -79.647  15.196 0.8999999762
822  33.353  -79.254  14.472 0.8999999762
823  33.337  -79.674  14.324 0.8000000119
812  33.408  -80.191  14.985 0.6000000238
97029  33.198  -80.159  14.325 0.6000000238
565  32.826  -80.919  13.949 0.5000000000
555  32.433  -81.021  14.464 0.5000000000
542  31.892  -81.105  15.245 0.4000000060
104575  12.384  -73.215  38.823 0.8000000119
2911  12.259  -73.302  37.750 0.8000000119
4484  13.118  -69.602  39.069 0.4000000060
5550  14.305  -66.766  22.428 0.8999999762
107947  13.774  -66.991  23.024 0.8999999762
5091  12.511  -67.880  22.542 1.0000000000
5106  12.323  -68.252  21.597 1.0000000000
5078  11.836  -67.751  22.870 1.0000000000
5092  11.633  -67.934  22.167 1.0000000000
5563  11.102  -67.481  21.538 1.0000000000
6548  10.173  -65.484  21.109 0.8000000119
5564  10.619  -66.568  21.745 0.8999999762
6555  9.371  -64.881  20.430 0.8000000119
6554  15.952  -66.237  20.761 0.8999999762
5568  15.450  -66.988  20.159 0.8999999762
5576  15.873  -67.241  19.309 0.8999999762
99203  32.740  -76.369  17.194 0.6999999881
5589  16.245  -67.622  18.512 1.0000000000
5135  15.783  -67.986  17.761 1.0000000000
1360  33.064  -77.491  15.921 0.8000000119
2351  31.833  -75.315  18.817 0.8000000119
2728  31.214  -74.439  19.746 0.6999999881
96624  30.892  -73.998  20.380 0.6999999881
4722  16.901  -68.932  16.733 0.8999999762
1368  32.720  -78.169  14.647 0.8000000119
3071  30.860  -74.071  21.174 0.6000000238
3416  30.721  -72.953  22.979 0.4000000060
93610  29.691  -73.565  26.293 0.4000000060
4737  16.546  -69.285  16.311 0.8999999762
4273  17.203  -69.995  16.759 0.8999999762
1375  32.526  -78.403  13.809 0.8999999762
3396  30.700  -72.278  24.058 0.5000000000
3379  30.776  -72.857  25.991 0.4000000060
1388  17.807  -78.232  12.860 0.6000000238
94721  32.901  -78.787  14.283 1.0000000000
94016  30.561  -72.256  24.853 0.5000000000
2412  17.486  -75.314  12.857 0.8999999762
2789  17.498  -74.857  13.739 0.8000000119
95442  16.007  -72.097  16.266 0.8999999762
1096  32.118  -78.430  13.098 0.8999999762
3105  17.076  -72.982  15.831 0.8999999762
838  32.069  -79.041  13.128 0.8000000119
833  31.905  -79.534  13.254 0.5000000000
834  31.810  -79.703  13.206 0.5000000000
826  31.577  -80.607  13.437 0.5000000000
576  30.656  -80.989  13.009 0.4000000060
95910  30.931  -79.897  13.029 0.6000000238
835  30.150  -80.928  12.421 0.3000000119
1476  11.654  -77.088  38.796 1.0000000000
103125  10.941  -76.646  38.391 1.0000000000
2905  11.698  -73.443  40.058 0.8999999762
2547  11.862  -74.726  38.437 0.6999999881
2159  11.021  -76.063  38.410 0.8000000119
1795  11.227  -76.460  38.760 0.8000000119
1812  10.417  -76.436  37.507 0.8000000119
2538  12.032  -74.007  38.919 0.8000000119
7078  15.199  -64.702  22.548 0.8999999762
6540  15.163  -65.595  22.407 0.8999999762
92007  14.882  -66.195  22.747 0.8999999762
6011  14.437  -66.461  23.395 0.8999999762
6012  13.558  -66.845  23.694 1.0000000000
5535  13.035  -67.359  23.195 1.0000000000
5552  10.952  -67.261  22.315 1.0000000000
101230  10.354  -66.049  23.005 1.0000000000
7086  15.126  -64.434  22.021 0.8999999762
6547  15.381  -65.597  21.807 0.8999999762
6025  10.050  -65.503  21.935 0.8000000119
6033  9.035  -64.672  21.359 0.8000000119
107375  8.436  -64.685  20.618 0.6999999881
3019  30.546  -73.448  26.239 0.4000000060
7085  15.612  -64.475  21.598 0.8999999762
6049  16.444  -66.565  19.970 0.8999999762
6549  8.101  -64.660  21.360 0.6000000238
6557  8.012  -64.986  20.374 0.5000000000
1996  32.240  -75.828  17.161 0.6999999881
3386  31.332  -72.367  25.889 0.5000000000
6553  16.689  -65.186  20.954 0.8999999762
5575  17.013  -66.926  19.158 0.8999999762
93684  17.134  -67.628  18.487 1.0000000000
1684  32.512  -77.742  14.846 0.8000000119
2730  31.423  -74.523  18.787 0.6999999881
97142  30.631  -73.245  20.590 0.6000000238
101526  17.391  -68.155  18.035 1.0000000000
4721  17.751  -69.219  17.161 0.8999999762
1383  32.368  -77.947  12.981 0.8000000119
94225  30.755  -73.313  21.562 0.5000000000
3404  30.942  -72.181  23.165 0.5000000000
3756  31.161  -71.955  25.266 0.5000000000
1382  32.478  -77.724  12.113 0.8999999762
1397  17.993  -77.888  12.018 0.8999999762
4256  17.499  -70.910  16.668 0.8999999762
3853  16.927  -71.725  16.507 0.8999999762
1381  32.270  -78.366  13.346 0.8999999762
1390  32.618  -77.659  11.473 0.8999999762
100669  17.550  -76.623  12.520 0.8000000119
1098  32.216  -78.000  11.866 0.8999999762
1399  32.763  -78.057  10.784 1.0000000000
3151  17.408  -73.936  13.577 0.8999999762
3115  17.195  -73.474  15.322 0.8999999762
1104  32.112  -78.201  11.467 0.8999999762
1400  31.088  -78.279  11.515 1.0000000000
1100  30.507  -78.695  12.235 0.8999999762
839  31.832  -78.740  12.707 0.6999999881
840  31.473  -79.197  12.818 0.6000000238
99016  29.526  -80.216  12.168 0.5000000000
842  28.956  -80.933  11.514 0.4000000060
1785  12.136  -76.652  40.119 1.0000000000
2529  11.209  -74.408  40.762 1.0000000000
1787  11.569  -76.452  39.527 0.8999999762
2900  11.143  -73.865  40.957 1.0000000000
2539  11.419  -74.543  39.933 0.8999999762
2152  11.561  -75.913  39.289 1.0000000000
3655  12.437  -71.909  39.935 0.6999999881
7072  14.571  -63.765  22.724 0.8000000119
7071  15.264  -64.563  23.206 0.8999999762
7591  15.397  -63.451  24.428 0.8000000119
6532  15.155  -65.593  23.342 0.8999999762
6531  15.433  -64.772  23.965 0.8999999762
5994  14.739  -65.879  24.104 0.8999999762
5521  11.806  -67.053  23.935 1.0000000000
5537  11.506  -67.337  23.321 1.0000000000
7079  14.444  -63.608  22.291 0.8000000119
6533  10.150  -65.472  23.551 1.0000000000
6013  9.409  -64.951  22.569 0.8000000119
3077  31.199  -73.786  18.075 0.6000000238
7602  15.344  -63.406  21.443 0.8999999762
7084  16.317  -63.505  21.107 0.8999999762
6541  8.322  -64.314  22.106 0.6999999881
93267  30.706  -73.331  19.514 0.6000000238
6038  17.728  -65.473  20.087 0.8999999762
5588  17.918  -67.200  18.919 1.0000000000
2731  31.035  -73.838  18.865 0.6000000238
3415  30.808  -72.599  22.636 0.5000000000
3764  31.105  -71.770  24.455 0.5000000000
6065  18.343  -66.366  19.314 0.8999999762
5133  18.092  -67.828  18.441 1.0000000000
5152  19.055  -68.723  17.700 1.0000000000
1708  33.379  -77.737  10.382 0.8000000119
1694  32.584  -77.478  12.193 0.6999999881
4254  18.569  -70.016  16.938 0.8999999762
1408  32.599  -77.963  10.051 1.0000000000
1398  33.052  -77.871  10.871 0.8999999762
90626  31.709  -77.407  9.376 0.8999999762
3464  17.375  -72.273  16.224 0.8999999762
109024  31.496  -77.808  10.091 1.0000000000
95738  17.556  -73.103  14.782 0.8999999762
3482  17.583  -72.615  15.672 0.8999999762
98063  30.808  -77.697  9.452 1.0000000000
106227  31.875  -78.139  10.743 1.0000000000
2422  17.258  -75.259  11.061 0.8000000119
1401  30.511  -78.015  10.498 1.0000000000
1402  29.403  -78.355  10.782 1.0000000000
1392  30.036  -78.384  11.538 0.8000000119
1101  29.652  -78.996  12.193 0.6000000238
845  28.975  -79.540  11.832 0.4000000060
105713  29.303  -78.725  11.608 1.0000000000
107686  27.789  -79.643  11.151 0.5000000000
847  27.717  -80.624  10.982 0.4000000060
852  27.376  -79.501  10.895 0.6000000238
1106  27.959  -78.945  10.951 0.6999999881
2521  11.332  -74.531  41.431 1.0000000000
2132  11.740  -74.938  41.871 1.0000000000
2144  12.484  -75.861  40.520 1.0000000000
2892  10.901  -73.321  41.665 1.0000000000
3255  10.676  -72.719  41.873 1.0000000000
2145  11.742  -75.475  40.384 1.0000000000
3268  11.019  -73.074  41.238 1.0000000000
3267  11.667  -72.417  40.674 0.8999999762
99159  13.864  -63.278  23.120 0.8000000119
7592  14.615  -62.941  23.952 0.6999999881
7597  13.010  -62.963  23.138 0.6999999881
8076  13.348  -62.828  23.672 0.6999999881
6519  15.375  -64.808  24.474 0.8999999762
8078  11.726  -62.279  23.349 0.6000000238
7581  15.554  -63.648  25.054 0.8999999762
6501  14.533  -65.049  25.288 0.8999999762
5995  13.256  -66.534  24.380 1.0000000000
8081  12.457  -62.578  22.848 0.6999999881
7048  13.907  -64.733  25.833 0.8999999762
5982  12.845  -65.949  24.973 1.0000000000
5997  11.344  -66.472  24.395 1.0000000000
5522  11.077  -66.829  23.775 1.0000000000
7599  13.492  -63.056  22.662 0.6999999881
7603  14.449  -63.278  21.770 0.6000000238
5996  12.235  -66.585  24.504 1.0000000000
5984  10.864  -65.756  24.756 1.0000000000
5998  10.703  -66.156  24.125 1.0000000000
4177  30.990  -71.229  22.951 0.5000000000
3772  31.127  -71.570  23.685 0.5000000000
7616  15.016  -62.592  21.032 0.6999999881
7615  15.958  -62.742  20.785 0.8000000119
7613  17.426  -63.516  19.966 0.8000000119
5983  11.708  -65.846  25.046 1.0000000000
6534  9.229  -64.562  23.613 1.0000000000
7080  8.421  -64.222  22.913 0.6999999881
3441  30.526  -72.350  18.981 0.6000000238
3434  30.367  -72.386  19.949 0.5000000000
3428  30.413  -72.387  20.914 0.5000000000
3786  30.654  -71.500  22.236 0.5000000000
7093  17.127  -64.007  20.728 0.8999999762
6566  18.228  -64.891  19.743 0.8000000119
5587  18.864  -67.118  18.738 1.0000000000
7066  7.886  -64.185  23.919 0.6000000238
3423  30.625  -72.440  21.858 0.5000000000
5586  19.557  -67.450  18.161 1.0000000000
3094  25.825  -73.606  18.159 0.8000000119
3080  25.137  -73.404  18.402 0.8000000119
3081  24.345  -73.516  18.382 0.8999999762
4719  19.158  -69.326  17.201 0.8999999762
1723  32.901  -77.032  8.416 0.8000000119
103116  31.781  -77.036  6.977 0.6999999881
2434  30.550  -75.374  9.112 0.6000000238
2425  30.468  -75.425  10.117 0.5000000000
2752  26.761  -74.539  16.807 0.8000000119
2357  26.062  -74.867  17.228 0.8000000119
2742  24.763  -74.713  18.077 0.8999999762
3083  22.764  -73.508  17.731 0.8000000119
4289  19.049  -70.335  16.040 0.8000000119
4272  18.570  -70.547  16.509 0.8000000119
1724  31.962  -77.103  8.547 0.8999999762
1740  29.871  -77.132  7.438 0.8000000119
2441  29.924  -76.191  7.428 0.8000000119
2435  30.031  -76.186  9.511 0.6000000238
2426  29.867  -75.999  10.560 0.6000000238
95198  26.603  -75.437  15.583 0.8000000119
2370  25.670  -75.578  16.766 0.8999999762
2358  25.284  -75.194  17.507 0.8999999762
2743  21.986  -74.735  17.524 0.8999999762
2362  21.413  -75.240  17.081 0.8999999762
92241  20.664  -77.119  15.266 0.8999999762
1686  20.781  -77.394  14.141 0.8999999762
3869  18.357  -71.433  15.746 0.8999999762
3463  17.941  -71.955  16.142 0.8000000119
1417  31.088  -77.504  8.570 0.8999999762
96919  30.173  -76.001  8.512 0.6999999881
2379  25.941  -75.804  15.939 0.8000000119
2006  25.234  -76.197  16.269 0.8000000119
1998  24.020  -76.154  17.345 0.8999999762
1999  22.909  -76.100  17.529 0.8999999762
2363  21.069  -76.113  17.149 0.8000000119
1691  20.500  -77.777  13.139 0.8999999762
1703  19.649  -77.548  11.717 0.8999999762
1719  18.540  -77.031  10.133 0.8999999762
2058  17.843  -76.606  10.721 0.8999999762
3502  17.841  -72.359  14.801 0.8999999762
3501  18.049  -72.082  15.566 0.8999999762
1418  30.165  -78.047  8.360 0.8999999762
2020  26.137  -75.931  15.057 0.8000000119
2013  25.473  -76.302  15.465 0.8000000119
2008  23.636  -76.707  17.115 0.8999999762
1666  22.853  -76.901  17.223 0.8999999762
1668  21.038  -77.342  17.390 0.8999999762
3163  17.145  -73.495  12.443 1.0000000000
1409  29.070  -78.361  9.643 0.8999999762
1403  28.646  -78.554  10.529 1.0000000000
1420  28.423  -78.205  8.729 0.8999999762
1108  25.910  -79.048  9.920 0.6999999881
854  25.742  -79.771  10.018 0.6999999881
855  24.375  -80.046  9.957 0.6999999881
1410  28.144  -78.460  9.838 0.8000000119
1107  27.290  -78.731  10.205 0.8000000119
853  26.576  -79.429  10.441 0.6999999881
851  24.108  -80.075  10.558 0.6999999881
90563  24.016  -79.339  11.432 0.6999999881
1091  24.383  -79.377  12.690 0.6000000238
3256  10.734  -73.008  42.162 1.0000000000
3644  11.270  -71.738  41.318 1.0000000000
4045  11.724  -70.801  40.918 0.8999999762
104558  12.705  -69.755  39.794 0.6999999881
4949  12.314  -68.775  40.486 0.6999999881
91237  13.333  -67.217  40.259 0.5000000000
5877  13.709  -66.319  39.812 0.6000000238
9995  10.398  -57.741  25.608 0.4000000060
8979  10.348  -59.405  26.174 0.4000000060
105567  10.181  -60.444  25.414 0.4000000060
8540  11.603  -61.265  25.367 0.5000000000
106557  12.427  -61.280  25.631 0.5000000000
9449  8.283  -58.945  24.736 0.4000000060
9437  9.090  -58.623  25.345 0.4000000060
105388  10.830  -61.137  25.122 0.4000000060
8070  13.869  -62.353  24.615 0.6999999881
8065  14.646  -62.118  25.447 0.6999999881
8064  14.965  -62.071  26.149 0.8999999762
7560  15.458  -63.162  25.588 0.8999999762
91473  8.228  -59.900  24.448 0.4000000060
91234  9.254  -60.333  24.939 0.4000000060
8551  11.047  -61.895  23.848 0.6000000238
8069  15.133  -62.666  24.811 0.8999999762
7582  15.303  -63.806  25.541 0.8999999762
7027  14.208  -64.167  26.234 0.8999999762
7562  13.830  -63.719  26.835 0.8999999762
8547  9.168  -60.721  24.084 0.4000000060
7028  13.297  -64.385  26.268 0.8999999762
6504  10.341  -65.028  25.164 1.0000000000
7030  10.407  -64.317  26.251 1.0000000000
3763  31.474  -71.251  24.962 0.4000000060
8557  11.002  -61.509  22.345 0.6000000238
91463  12.189  -62.099  22.174 0.6000000238
7605  12.859  -62.493  22.112 0.6000000238
6521  10.108  -65.189  24.381 1.0000000000
103680  9.210  -64.087  24.688 1.0000000000
4207  30.619  -70.659  21.542 0.5000000000
4166  31.686  -70.553  24.538 0.5000000000
8085  14.110  -62.396  21.190 0.6000000238
8100  14.525  -62.276  20.537 0.6000000238
8098  16.190  -62.704  20.228 0.6999999881
7073  8.416  -64.065  23.762 1.0000000000
107263  18.949  -65.203  18.305 0.8000000119
6063  19.576  -66.484  18.321 0.8000000119
6112  18.330  -66.219  15.582 0.6000000238
6611  19.522  -65.996  17.034 0.6000000238
6600  19.688  -66.137  17.710 0.6000000238
6083  19.970  -66.902  17.597 0.8000000119
5151  19.695  -68.530  17.353 0.8999999762
7065  8.281  -63.780  24.589 0.8000000119
108316  19.351  -66.460  16.092 0.5000000000
5646  20.007  -67.120  16.289 0.6999999881
5195  20.160  -67.870  16.053 0.6000000238
91092  20.022  -68.674  16.226 0.8000000119
2416  30.299  -75.310  11.055 0.5000000000
2398  28.456  -75.299  14.039 0.6000000238
2760  27.705  -74.596  15.569 0.8000000119
2377  27.308  -75.211  15.224 0.8000000119
102829  23.453  -73.044  17.841 0.8999999762
3113  21.529  -73.045  15.698 0.8999999762
3114  20.935  -73.819  15.291 0.8000000119
5657  19.584  -67.272  15.365 0.6000000238
97275  19.833  -68.511  15.516 0.6000000238
4271  19.152  -69.858  16.662 0.8000000119
2387  27.492  -75.522  14.388 0.8000000119
3103  22.365  -73.118  16.951 0.8000000119
3104  21.712  -73.476  16.560 0.8000000119
2371  21.241  -74.861  16.318 0.8000000119
2022  21.039  -76.411  14.541 0.8999999762
2037  20.285  -76.242  12.467 1.0000000000
95484  20.220  -77.174  12.426 1.0000000000
4306  18.471  -70.832  14.930 0.8000000119
103329  29.138  -76.647  9.109 0.6999999881
2051  28.151  -76.467  10.240 0.6999999881
2040  28.001  -76.208  11.098 0.6999999881
2388  27.022  -75.787  13.624 0.8000000119
2378  26.826  -75.579  14.925 0.8000000119
2372  21.002  -75.733  16.624 0.8000000119
1681  20.308  -77.077  16.412 0.8999999762
2046  19.354  -76.224  10.856 1.0000000000
108546  18.913  -75.972  10.173 1.0000000000
3883  18.145  -71.624  14.844 0.8999999762
2070  28.594  -76.797  8.426 0.8000000119
2061  28.055  -76.668  9.286 0.6999999881
2062  27.170  -76.381  9.663 0.6999999881
2026  26.473  -76.042  12.933 0.8000000119
104303  26.587  -75.813  14.345 0.8000000119
94726  24.768  -77.463  15.102 0.8999999762
1351  24.342  -77.464  15.968 0.8999999762
1352  23.636  -77.985  16.132 0.8999999762
2002  20.698  -76.859  17.206 0.8999999762
1677  19.806  -77.760  16.708 0.8000000119
2430  17.676  -75.597  10.597 0.8999999762
2812  16.926  -74.480  10.667 0.8999999762
99733  17.460  -72.594  13.712 0.8999999762
3898  17.651  -71.710  13.870 1.0000000000
92085  28.186  -76.967  8.426 0.8000000119
2072  26.715  -76.731  9.102 0.6999999881
1361  24.205  -78.143  15.442 0.6999999881
1362  23.565  -78.621  15.673 0.6999999881
2800  16.889  -73.857  11.333 0.8000000119
1427  28.086  -78.095  8.232 0.8000000119
1413  25.386  -78.487  9.767 0.8000000119
106667  25.066  -79.455  9.970 0.8000000119
1415  23.893  -78.814  9.969 0.8000000119
1081  24.169  -79.320  14.538 0.6999999881
1072  24.075  -78.805  15.131 0.6999999881
95432  27.611  -78.305  8.990 0.8999999762
1411  26.880  -78.334  9.350 0.8000000119
104143  26.597  -78.752  9.960 0.8000000119
1385  23.970  -78.282  11.782 0.6999999881
1085  24.495  -78.989  13.834 0.6000000238
93282  10.650  -72.081  41.906 1.0000000000
4046  11.351  -70.133  41.446 0.8999999762
4940  11.795  -68.405  41.148 0.8000000119
5399  13.091  -67.098  41.047 0.8000000119
5872  13.486  -66.347  40.670 0.6999999881
107565  13.717  -68.481  38.174 0.3000000119
6385  13.654  -65.674  39.383 0.5000000000
4962  13.705  -68.130  38.608 0.4000000060
102975  12.600  -58.639  24.267 0.3000000119
10003  10.777  -57.675  25.060 0.3000000119
10002  11.776  -57.792  25.272 0.3000000119
9994  11.252  -57.584  25.930 0.2000000030
9436  10.014  -58.310  25.978 0.4000000060
8970  11.175  -59.320  26.672 0.2000000030
10004  9.714  -57.674  24.733 0.4000000060
8543  13.555  -61.588  25.591 0.6000000238
97281  14.883  -62.036  26.813 0.8999999762
9450  7.772  -59.114  24.085 0.3000000119
8995  8.258  -60.217  23.585 0.4000000060
101781  13.821  -63.104  27.490 0.8999999762
8553  9.260  -60.838  23.146 0.4000000060
8565  10.354  -61.222  21.747 0.6000000238
8576  11.053  -61.338  20.919 0.5000000000
8102  11.699  -61.664  20.314 0.5000000000
7016  11.883  -64.029  26.716 1.0000000000
109185  11.002  -65.403  25.316 1.0000000000
8088  11.557  -61.521  21.660 0.6000000238
8564  11.977  -61.401  20.908 0.5000000000
8115  13.386  -61.989  19.830 0.5000000000
7630  13.863  -62.585  19.384 0.6999999881
7031  9.545  -63.805  26.061 1.0000000000
8087  12.449  -61.720  21.381 0.6000000238
8101  13.746  -61.979  20.467 0.5000000000
8114  14.333  -62.151  19.970 0.6000000238
106053  17.285  -63.584  19.137 0.8000000119
7583  8.698  -63.358  25.663 1.0000000000
7645  16.282  -63.375  18.959 0.6000000238
7116  17.828  -64.226  18.321 0.8000000119
7127  17.658  -64.840  17.319 0.5000000000
7126  18.519  -64.892  17.968 0.6000000238
100030  29.370  -75.641  12.348 0.6000000238
2759  28.414  -74.199  15.082 0.6999999881
3134  20.992  -73.148  14.984 0.8999999762
3135  20.674  -73.825  14.544 0.8999999762
2418  28.774  -76.048  11.764 0.6999999881
101257  28.001  -75.678  13.562 0.6999999881
2774  20.653  -74.581  14.078 0.8999999762
2421  19.366  -75.334  11.094 1.0000000000
97998  18.687  -67.856  13.916 0.5000000000
4327  18.491  -70.110  14.237 0.6999999881
2419  27.755  -75.981  11.920 0.8000000119
2399  27.537  -75.850  12.823 0.8000000119
3197  16.893  -73.926  9.810 0.8000000119
4328  17.984  -70.088  13.421 0.6999999881
4307  18.017  -70.906  14.030 0.8000000119
2063  26.473  -76.479  9.373 0.6999999881
2041  27.041  -76.033  11.130 0.6999999881
2034  26.779  -75.981  12.041 0.8000000119
2036  25.147  -76.714  12.352 0.8000000119
1696  24.904  -77.133  12.840 0.8999999762
3164  16.710  -73.107  11.677 0.8999999762
91099  17.108  -71.821  12.785 0.8000000119
1080  24.480  -78.382  14.634 0.8000000119
1422  26.399  -77.775  8.933 0.8999999762
1725  26.933  -77.249  8.846 0.8000000119
1424  24.902  -77.994  9.274 0.6999999881
1404  23.518  -78.708  10.079 0.8000000119
1376  24.663  -78.197  13.875 0.8999999762
4039  11.006  -70.243  42.087 0.8999999762
4465  10.926  -69.423  41.812 0.8000000119
5401  11.234  -68.145  41.825 0.8999999762
4475  11.589  -69.255  41.060 0.8999999762
5388  11.847  -67.476  42.142 0.8999999762
5864  12.829  -66.889  41.762 0.6999999881
5863  13.321  -66.382  41.346 0.8000000119
90092  13.117  -64.870  40.448 0.8000000119
7424  12.671  -64.519  40.712 0.5000000000
91152  12.743  -64.836  40.070 0.5000000000
89032  12.012  -64.785  40.146 0.5000000000
6397  13.816  -65.937  37.669 0.2000000030
90063  13.931  -65.854  38.517 0.2000000030
90218  12.435  -65.157  39.427 0.5000000000
5887  14.039  -66.253  38.891 0.4000000060
9425  11.227  -58.204  26.762 0.2000000030
101760  12.061  -59.781  26.926 0.2000000030
8969  12.990  -60.160  27.069 0.3000000119
8531  13.851  -60.964  26.424 0.5000000000
104371  14.713  -61.490  27.337 0.8999999762
8028  14.469  -61.831  28.195 0.8999999762
8029  13.710  -62.114  28.643 0.8999999762
10014  7.945  -57.747  23.490 0.4000000060
9004  7.865  -59.625  22.790 0.3000000119
9003  8.382  -60.315  22.439 0.3000000119
8044  13.135  -62.760  27.936 0.8999999762
8577  9.653  -61.534  20.894 0.5000000000
7543  12.694  -63.508  27.304 0.8999999762
104688  11.984  -62.927  27.819 1.0000000000
7017  10.923  -63.991  26.806 1.0000000000
7545  10.549  -63.399  27.284 1.0000000000
8566  8.874  -61.020  21.516 0.3000000119
7564  9.984  -63.668  26.692 1.0000000000
8116  12.347  -62.119  19.729 0.6000000238
7629  14.861  -62.628  19.525 0.8000000119
7546  9.513  -63.014  27.154 1.0000000000
106470  13.851  -64.628  15.548 0.5000000000
99847  13.650  -65.191  15.860 0.5000000000
6616  15.156  -65.363  15.786 0.5000000000
7565  8.827  -63.053  26.386 0.8999999762
6614  16.525  -65.600  15.929 0.6000000238
7129  15.590  -64.761  17.285 0.5000000000
7128  16.725  -64.647  17.314 0.5000000000
7118  15.446  -64.134  18.127 0.6000000238
91052  8.254  -63.462  26.193 0.8999999762
7566  8.138  -62.977  26.839 0.8999999762
93179  17.480  -65.868  15.715 0.6000000238
7141  16.824  -65.136  16.700 0.6000000238
3150  20.368  -73.781  13.795 1.0000000000
6111  18.690  -66.684  14.965 0.5000000000
5232  18.092  -67.677  13.243 0.5000000000
5226  18.336  -68.469  13.391 0.6000000238
4798  17.930  -69.234  12.980 0.6999999881
2053  26.463  -76.261  10.182 0.8000000119
2042  26.114  -76.235  11.248 0.8000000119
2043  25.110  -76.645  11.431 0.8000000119
2044  24.584  -77.123  11.975 0.6999999881
3522  16.971  -72.635  12.455 0.8000000119
1726  25.963  -77.165  8.798 0.6999999881
2054  25.502  -76.497  10.449 0.8000000119
104444  24.336  -77.103  10.284 0.6999999881
1702  23.665  -77.802  10.783 0.8999999762
1727  25.148  -77.429  8.901 0.8999999762
106083  23.611  -77.669  10.056 0.8000000119
96751  24.102  -77.589  11.588 0.8000000119
4933  10.463  -68.730  42.280 0.8000000119
5389  10.695  -67.984  42.516 0.8000000119
5376  11.557  -67.296  42.898 0.8000000119
5851  12.596  -66.727  42.553 0.8000000119
92359  13.367  -65.104  41.751 0.8000000119
103577  13.225  -64.594  41.582 0.8000000119
7417  12.612  -64.142  41.449 0.8000000119
89033  13.219  -65.784  37.463 0.2000000030
6910  10.914  -65.427  39.839 0.5000000000
89858  11.067  -65.947  38.674 0.4000000060
89039  11.702  -65.315  39.382 0.5000000000
91838  12.675  -57.789  26.431 0.2000000030
98865  12.535  -58.019  27.009 0.2000000030
9972  13.029  -58.280  27.285 0.2000000030
9411  13.299  -58.619  27.690 0.4000000060
9461  12.560  -58.941  23.260 0.2000000030
9983  11.762  -57.811  26.552 0.2000000030
9424  11.896  -58.508  27.119 0.2000000030
8957  13.129  -59.349  27.573 0.4000000060
8956  13.960  -59.661  27.985 0.4000000060
10011  11.641  -58.344  23.949 0.2000000030
8967  14.521  -60.777  27.646 0.8000000119
8508  14.315  -61.387  28.736 0.8999999762
10013  8.839  -57.478  23.616 0.3000000119
10021  7.945  -57.093  22.800 0.3000000119
10023  7.648  -58.602  23.439 0.3000000119
8567  8.137  -60.634  21.144 0.3000000119
107190  13.105  -61.375  29.587 0.8999999762
8030  12.412  -62.388  28.503 0.8999999762
8509  11.706  -61.955  28.906 1.0000000000
93474  10.043  -61.615  28.656 1.0000000000
8104  8.700  -62.363  19.993 0.4000000060
8117  11.103  -62.518  19.561 0.5000000000
8046  10.243  -62.748  27.736 1.0000000000
7632  11.793  -63.052  18.979 0.5000000000
7631  12.890  -62.684  19.206 0.5000000000
8047  9.111  -62.436  27.670 1.0000000000
7154  12.109  -64.664  15.490 0.4000000060
96451  13.670  -65.255  16.648 0.5000000000
7131  12.907  -64.972  17.145 0.5000000000
7647  14.210  -63.439  18.828 0.6000000238
8512  8.173  -61.537  28.517 0.8999999762
7547  7.932  -63.252  27.801 0.6000000238
92990  14.694  -65.297  16.413 0.5000000000
97503  13.794  -64.859  17.516 0.5000000000
7119  14.444  -64.275  18.176 0.5000000000
7648  13.287  -63.524  18.693 0.5000000000
96640  8.108  -62.805  28.188 0.8999999762
4806  17.354  -69.299  12.189 0.6000000238
3918  17.356  -70.872  12.972 0.6999999881
5377  10.293  -67.843  43.327 0.8999999762
92088  11.512  -67.168  43.627 0.8999999762
6332  13.353  -65.108  43.364 0.8000000119
6345  13.354  -65.158  42.557 0.8000000119
100908  13.355  -64.542  42.946 0.8999999762
7418  11.860  -63.928  41.867 0.8000000119
7425  11.992  -64.349  41.017 0.6999999881
6897  11.380  -64.795  40.676 0.6999999881
9469  15.363  -60.055  22.677 0.2000000030
9459  14.757  -59.770  23.335 0.2000000030
9460  14.160  -59.388  23.921 0.2000000030
9447  14.297  -59.194  24.626 0.2000000030
9991  14.048  -58.705  25.382 0.2000000030
9990  14.624  -58.668  26.063 0.2000000030
104061  14.402  -59.621  22.434 0.2000000030
104890  14.032  -59.506  23.209 0.2000000030
9982  13.213  -58.003  26.981 0.2000000030
9410  14.100  -58.969  27.987 0.4000000060
8955  14.380  -60.126  28.381 0.6999999881
92390  14.129  -60.444  29.946 0.8999999762
9470  13.407  -59.314  22.766 0.2000000030
10018  11.636  -58.396  22.902 0.2000000030
10012  10.335  -57.757  23.596 0.3000000119
8931  13.471  -60.912  29.895 0.8999999762
8921  12.709  -60.605  30.584 0.8999999762
9382  10.185  -59.836  29.866 1.0000000000
8934  10.360  -60.615  29.391 1.0000000000
10034  8.505  -57.220  22.072 0.3000000119
10035  7.920  -57.626  22.611 0.3000000119
9487  8.134  -59.214  22.064 0.3000000119
8932  12.405  -61.119  29.793 0.8999999762
8933  11.275  -60.971  29.571 0.8999999762
9502  8.072  -59.563  20.945 0.3000000119
8579  7.563  -61.098  20.307 0.3000000119
8578  8.174  -61.531  20.575 0.3000000119
8169  14.095  -62.865  15.637 0.4000000060
8105  7.612  -62.049  19.779 0.3000000119
8118  9.565  -62.929  19.325 0.4000000060
7687  12.408  -64.065  14.958 0.4000000060
7143  12.027  -64.836  16.335 0.5000000000
101270  12.388  -63.626  18.460 0.5000000000
8496  7.940  -62.154  29.396 0.6000000238
7659  11.191  -64.213  16.822 0.4000000060
7121  12.836  -64.249  18.041 0.5000000000
9399  7.182  -59.654  28.728 1.0000000000
8497  7.709  -61.055  29.157 0.8000000119
8937  7.288  -60.122  29.103 0.6999999881
5363  12.148  -66.727  44.239 0.8999999762
6321  13.158  -65.464  44.670 0.8999999762
6320  13.376  -64.914  44.152 0.8000000119
94677  13.242  -64.037  43.054 0.8999999762
93077  13.081  -63.957  42.500 0.8999999762
7400  12.781  -63.544  43.372 0.8999999762
7410  11.692  -63.543  42.999 0.8999999762
7419  10.592  -64.128  42.617 0.8999999762
6887  10.224  -64.796  41.753 0.6000000238
6898  10.462  -65.150  40.900 0.6999999881
6899  9.132  -65.455  41.381 0.5000000000
6371  9.565  -65.999  40.200 0.4000000060
91241  14.906  -59.585  24.190 0.2000000030
9980  14.991  -58.664  26.750 0.2000000030
9956  14.620  -58.741  28.546 0.4000000060
9398  14.466  -59.514  28.901 0.6999999881
8919  14.343  -59.819  30.251 0.6999999881
9380  14.026  -59.559  31.015 0.6999999881
9383  9.616  -59.084  30.163 1.0000000000
9943  8.938  -58.786  29.460 1.0000000000
9471  12.585  -58.851  22.345 0.2000000030
10019  10.523  -57.556  22.333 0.2000000030
8920  13.681  -60.312  30.646 0.8999999762
104453  13.118  -60.327  31.012 0.8999999762
8910  11.944  -60.284  30.927 0.8999999762
9370  10.224  -59.352  30.853 0.8999999762
7633  9.120  -63.368  18.356 0.5000000000
7650  10.523  -63.311  18.647 0.4000000060
94644  10.125  -63.647  17.430 0.4000000060
7649  11.364  -63.747  18.027 0.4000000060
6816  13.503  -63.688  46.122 0.8000000119
93576  13.124  -62.648  44.769 0.8999999762
7390  12.946  -63.076  44.344 0.8000000119
7401  11.457  -63.231  44.062 0.8999999762
100759  10.415  -63.503  43.919 0.8999999762
6875  9.418  -64.772  42.468 0.6000000238
6386  8.501  -66.828  39.475 0.4000000060
9971  13.865  -58.451  27.529 0.3000000119
106867  14.845  -58.517  29.192 0.4000000060
9379  14.467  -58.943  30.501 0.6999999881
9367  13.480  -59.157  31.656 0.8999999762
9371  9.714  -58.802  31.081 1.0000000000
9368  12.661  -59.535  31.757 0.8999999762
9359  10.929  -59.092  32.116 0.8999999762
9923  10.147  -58.955  31.692 0.8999999762
8351  13.472  -61.870  46.212 0.8000000119
7361  13.588  -63.108  46.529 0.8000000119
7351  13.258  -63.006  47.382 0.8000000119
7375  13.623  -63.148  45.742 0.8000000119
8368  12.237  -61.063  44.514 0.8999999762
7881  13.421  -62.378  45.448 0.8999999762
7895  12.059  -62.948  44.243 0.8999999762
7896  10.940  -63.078  44.217 0.8999999762
108680  10.118  -63.214  44.117 0.8999999762
7411  9.427  -64.113  43.491 0.8999999762
98972  7.748  -66.868  39.809 0.3000000119
6372  8.196  -66.368  40.479 0.3000000119
6888  8.480  -65.166  42.211 0.6000000238
6388  7.124  -65.962  39.719 0.3000000119
6374  7.131  -65.789  40.784 0.3000000119
9942  14.894  -58.400  30.004 0.6000000238
10515  14.266  -57.708  31.580 0.6999999881
9921  13.462  -58.169  32.081 0.8999999762
10538  15.375  -57.671  30.467 0.4000000060
10527  15.053  -57.282  31.214 0.6999999881
9913  12.390  -58.125  32.513 0.8999999762
9915  10.246  -58.362  32.244 0.8999999762
9924  9.639  -58.224  31.631 0.8999999762
11098  15.097  -56.246  31.122 0.6000000238
11086  13.513  -56.345  31.748 0.6999999881
10506  9.779  -57.521  32.040 0.8999999762
10517  9.288  -57.372  31.308 0.8999999762
11097  15.761  -56.123  30.545 0.3000000119
11677  14.538  -55.249  30.837 0.6000000238
11679  12.777  -55.095  30.702 0.6999999881
94170  14.772  -54.727  30.263 0.4000000060
12307  13.189  -53.996  30.011 0.6999999881
12956  14.277  -53.555  28.848 0.5000000000
12957  13.679  -53.616  29.480 0.5000000000
13579  12.963  -52.971  29.247 0.5000000000
12970  13.536  -53.082  28.798 0.4000000060
13591  12.859  -52.680  28.708 0.5000000000
109039  12.299  -52.722  29.415 0.6000000238
8339  13.239  -61.445  47.006 0.8000000119
8340  12.541  -61.007  47.804 0.8000000119
8352  12.656  -60.659  46.846 0.8000000119
102117  12.121  -60.154  45.241 0.8000000119
8794  12.716  -60.620  45.906 0.8000000119
8371  11.566  -61.938  44.018 0.8999999762
8809  11.450  -60.658  43.881 0.8999999762
104241  10.538  -62.616  43.968 0.8999999762
95128  9.395  -63.537  44.061 0.8999999762
7412  8.453  -63.975  43.788 0.8000000119
6876  8.533  -64.629  43.072 0.6000000238
6911  6.946  -65.028  39.840 0.3000000119
6900  6.942  -65.120  40.644 0.4000000060
99021  7.329  -65.059  41.562 0.4000000060
7420  7.097  -64.265  41.502 0.4000000060
10516  13.630  -57.126  32.109 0.8000000119
11078  11.860  -56.741  32.188 0.8999999762
11080  10.001  -56.971  32.092 0.8999999762
11664  12.390  -55.714  30.971 0.6999999881
11666  10.718  -56.165  30.698 0.8999999762
99182  9.800  -56.809  31.595 0.8999999762
11680  11.896  -55.102  30.267 0.8999999762
11099  9.442  -56.105  30.042 0.8999999762
11100  8.828  -56.432  30.081 0.8999999762
11676  15.323  -55.373  30.495 0.3000000119
12958  12.591  -53.510  29.728 0.6000000238
12292  12.578  -54.435  30.161 0.6999999881
11681  10.961  -55.425  30.091 0.8999999762
105952  7.358  -56.094  29.520 1.0000000000
10539  7.858  -57.703  29.172 1.0000000000
12306  14.516  -54.163  29.613 0.3000000119
12939  11.812  -52.993  29.671 0.6999999881
12940  11.071  -53.335  29.802 0.8999999762
9958  6.711  -57.949  29.022 1.0000000000
12330  14.664  -53.706  28.069 0.3000000119
13581  11.596  -52.249  29.387 0.6999999881
10541  6.164  -57.437  29.248 0.8999999762
10529  5.939  -57.621  29.881 0.8000000119
98181  13.929  -53.254  28.131 0.4000000060
13603  13.294  -52.914  28.268 0.4000000060
13592  12.155  -52.373  28.633 0.6999999881
13604  12.643  -52.760  28.091 0.4000000060
13605  11.737  -52.732  27.956 0.5000000000
100160  10.792  -61.261  43.442 1.0000000000
99551  9.573  -62.955  43.970 1.0000000000
102937  8.672  -63.368  43.833 0.8000000119
107202  7.936  -63.955  43.650 0.6999999881
7902  7.523  -63.291  43.387 0.6999999881
6890  7.483  -64.327  42.491 0.5000000000
109090  7.263  -63.949  42.260 0.6000000238
7432  7.304  -64.367  39.493 0.2000000030
7426  6.977  -64.245  40.363 0.2000000030
11089  10.373  -56.614  31.553 0.8999999762
11682  10.139  -55.721  30.011 0.8999999762
11683  8.625  -55.629  29.720 0.8999999762
92046  9.313  -54.949  29.684 0.8999999762
12308  8.257  -54.686  29.529 0.8999999762
12309  7.163  -54.646  29.482 0.8000000119
100259  7.735  -61.899  30.273 0.4000000060
95658  7.089  -59.734  29.649 0.6000000238
12323  15.025  -54.126  28.872 0.3000000119
13559  11.163  -52.482  29.722 0.8000000119
108172  9.565  -53.945  29.740 0.8999999762
11694  6.831  -55.551  29.517 0.8999999762
105902  5.779  -56.209  29.742 0.8999999762
9935  6.463  -58.423  30.262 0.6000000238
108576  10.309  -51.718  30.030 0.8999999762
13561  9.799  -51.831  30.212 0.8999999762
10530  5.654  -56.981  30.499 0.8999999762
10518  5.921  -57.726  30.894 0.6999999881
14221  11.066  -51.865  29.288 0.8999999762
14233  10.883  -51.735  28.996 0.6999999881
9247  11.387  -59.867  45.533 0.8000000119
103247  11.724  -60.171  44.462 0.8999999762
9268  11.156  -59.791  44.000 0.8999999762
9260  10.376  -59.415  44.347 0.8000000119
8823  10.246  -60.702  42.976 1.0000000000
8824  9.478  -60.594  42.592 1.0000000000
8377  8.848  -62.501  43.170 0.8999999762
7901  7.927  -63.025  43.448 0.8999999762
95034  7.187  -62.457  40.167 0.2000000030
98124  7.081  -63.472  42.033 0.4000000060
101440  7.107  -63.291  40.845 0.2000000030
9916  7.284  -58.953  32.233 0.4000000060
92517  7.414  -61.591  32.334 0.2000000030
12295  8.818  -54.011  29.579 0.8999999762
12959  7.803  -53.615  29.604 0.8999999762
12960  6.441  -53.853  29.680 0.8000000119
9934  7.018  -59.089  31.135 0.5000000000
9925  6.657  -58.304  31.507 0.6000000238
94871  8.193  -52.426  30.273 0.8999999762
12310  6.191  -54.929  29.654 0.8999999762
11101  5.510  -56.199  30.217 0.8999999762
13562  8.793  -51.615  30.460 0.8999999762
109417  5.905  -53.687  29.981 0.8999999762
12297  5.579  -54.697  30.311 0.8999999762
10519  5.823  -56.993  31.424 0.6999999881
90336  15.420  -54.251  27.868 0.3000000119
13593  11.339  -52.183  28.532 0.6000000238
14222  10.328  -51.572  29.476 0.8999999762
105709  9.873  -51.251  30.017 0.8999999762
9261  9.665  -59.070  43.658 0.8000000119
9269  10.302  -59.529  43.557 0.8000000119
9282  9.089  -59.530  42.606 0.8999999762
8825  8.157  -60.631  42.715 0.8999999762
8378  7.759  -62.053  42.936 0.8999999762
97939  7.398  -62.666  43.240 0.8000000119
7906  7.099  -62.833  42.767 0.6999999881
8398  6.955  -61.648  40.330 0.2000000030
7914  6.968  -62.592  41.357 0.4000000060
9917  7.018  -58.140  32.643 0.6000000238
95684  6.478  -57.496  31.994 0.6999999881
13594  10.339  -52.151  28.525 0.6000000238
13595  8.669  -52.591  28.307 0.8000000119
91260  5.910  -56.195  32.858 0.6999999881
14234  9.871  -51.474  29.064 0.8000000119
12942  7.026  -52.787  29.871 0.8999999762
13564  6.584  -52.010  30.307 0.8000000119
12277  5.618  -54.344  31.214 0.8999999762
99731  5.609  -55.042  31.881 0.8000000119
11668  5.696  -55.781  31.868 0.8000000119
14198  9.109  -50.969  30.359 0.8999999762
13563  7.778  -51.632  30.481 0.8999999762
12943  6.176  -52.988  30.003 0.8000000119
12944  5.844  -53.136  30.480 0.8999999762
11684  5.464  -55.413  30.806 0.8999999762
10385  8.968  -57.716  43.875 0.6999999881
9847  8.910  -58.896  42.785 0.8000000119
9283  8.200  -59.406  42.881 0.8999999762
9848  8.260  -58.645  43.245 0.8999999762
9284  7.112  -60.461  43.591 0.8999999762
8826  7.063  -61.143  43.347 1.0000000000
8379  7.026  -61.907  43.058 0.6999999881
8836  6.650  -61.133  41.267 0.3000000119
8380  6.516  -61.382  42.589 0.6000000238
14235  8.308  -51.244  28.984 0.8000000119
14797  7.689  -50.505  29.723 0.8999999762
12982  9.621  -54.075  27.254 0.5000000000
13607  9.533  -53.146  27.900 0.6000000238
14803  8.496  -50.710  29.627 0.8999999762
14796  9.015  -50.731  30.042 0.8999999762
10507  6.698  -57.415  33.153 0.5000000000
14781  8.150  -50.666  30.177 0.8999999762
11651  5.696  -55.291  33.130 0.6000000238
14223  9.473  -50.957  29.682 0.8999999762
14200  7.074  -51.032  30.467 0.8999999762
13546  5.541  -52.293  31.258 0.8999999762
92879  5.493  -52.786  31.949 0.8999999762
9829  9.035  -58.503  43.350 0.8000000119
10398  6.672  -57.617  44.212 0.8999999762
9271  6.648  -59.938  44.210 0.8999999762
8811  6.424  -60.691  43.941 0.8999999762
8812  6.055  -60.790  43.795 0.6999999881
9295  6.149  -59.862  41.114 0.3000000119
8827  6.031  -60.979  42.967 0.5000000000
8837  6.271  -60.745  41.810 0.5000000000
13608  7.418  -53.146  27.123 0.6000000238
13596  7.089  -52.278  27.837 0.6999999881
13002  8.482  -54.221  26.218 0.5000000000
12983  8.443  -53.735  27.316 0.5000000000
14804  6.744  -50.717  28.638 0.6999999881
14782  6.841  -50.439  30.175 0.8999999762
12248  5.255  -54.516  34.001 0.6000000238
12263  5.575  -54.393  32.632 0.6000000238
12914  5.554  -53.550  32.188 0.8000000119
13565  5.840  -52.263  30.565 0.8000000119
12116  12.487  -53.639  44.134 0.8000000119
10947  8.096  -56.001  44.057 0.8999999762
9833  5.284  -59.257  44.488 0.8999999762
10950  4.873  -57.017  44.102 0.8000000119
9285  5.557  -59.686  42.349 0.4000000060
14236  6.711  -51.434  27.981 0.6999999881
14798  6.003  -49.744  28.888 0.8999999762
15337  6.493  -50.076  29.811 0.8999999762
15338  5.864  -49.038  30.030 0.8999999762
14201  6.074  -50.519  30.489 0.8000000119
94777  6.007  -51.355  30.587 0.8000000119
13522  5.205  -52.846  32.957 0.6999999881
12897  5.241  -53.688  33.438 0.6999999881
14202  5.426  -51.624  30.988 0.8999999762
13535  5.134  -52.046  32.408 0.8999999762
12757  12.393  -53.336  43.354 0.8000000119
12117  11.493  -53.258  43.990 0.8000000119
12778  10.371  -53.382  42.799 0.8000000119
12779  9.539  -53.732  42.235 0.8000000119
95796  8.859  -54.084  42.812 0.8999999762
11523  6.695  -55.182  43.835 0.8999999762
93663  6.107  -55.759  44.152 0.8999999762
10948  6.456  -56.453  44.109 0.8999999762
96877  7.715  -54.310  42.916 0.8999999762
12122  5.972  -54.828  43.509 0.8000000119
10399  5.379  -57.461  44.408 0.8000000119
10433  4.742  -56.929  42.086 0.6000000238
106043  4.738  -55.643  43.077 0.6999999881
10432  5.169  -57.966  41.635 0.4000000060
9849  5.049  -58.825  42.677 0.5000000000
10417  4.706  -57.734  43.305 0.6999999881
91292  5.718  -47.539  29.847 1.0000000000
15322  5.103  -48.470  31.988 0.8000000119
15889  5.460  -47.765  31.983 0.8000000119
106450  5.548  -48.293  30.598 1.0000000000
15314  4.976  -48.789  32.685 0.8000000119
12984  7.688  -53.648  26.368 0.5000000000
109292  6.710  -52.442  26.695 0.6000000238
105608  5.239  -49.043  31.315 0.8999999762
99624  4.814  -49.364  32.215 0.8000000119
14783  5.780  -49.540  30.491 0.8000000119
14758  4.597  -50.320  32.555 0.8000000119
14768  5.412  -50.007  30.918 0.8000000119
14769  4.948  -50.133  31.609 0.8000000119
14182  5.324  -50.833  30.981 0.6999999881
12884  4.686  -52.946  34.181 0.4000000060
14167  4.652  -51.225  33.010 0.8000000119
13523  4.707  -52.082  33.597 0.6999999881
102172  10.303  -53.390  42.027 0.8000000119
12152  8.326  -53.997  41.972 0.8999999762
12153  7.018  -53.994  41.872 0.8000000119
12792  10.968  -53.076  42.223 0.8000000119
12136  6.432  -54.357  42.806 0.8000000119
12137  5.467  -54.593  42.690 0.8000000119
11555  4.675  -54.835  41.347 0.6999999881
11543  4.806  -54.986  42.441 0.8000000119
16473  6.164  -47.008  31.731 0.8000000119
15302  6.258  -48.350  34.339 0.6000000238
109069  6.636  -49.244  34.861 0.5000000000
15351  5.824  -48.466  29.114 1.0000000000
15905  5.697  -47.173  30.693 1.0000000000
15888  5.778  -47.236  31.518 0.8999999762
15303  5.428  -48.569  33.561 0.8000000119
102265  5.730  -50.016  35.079 0.5000000000
103342  6.213  -51.520  26.887 0.6999999881
14237  6.200  -50.874  27.508 0.8000000119
93708  4.751  -49.513  33.375 0.6999999881
14743  4.971  -50.146  34.471 0.6999999881
13619  7.156  -52.859  25.891 0.6000000238
14751  4.578  -50.575  33.655 0.6999999881
14149  4.675  -51.613  34.854 0.3000000119
14157  4.576  -51.412  34.066 0.6000000238
13512  4.576  -52.232  34.584 0.5000000000
12357  9.456  -54.381  24.773 0.5000000000
14183  5.014  -51.186  31.786 0.8000000119
12794  8.911  -53.523  41.256 0.8999999762
12793  10.587  -53.118  41.423 0.8000000119
12796  6.101  -53.228  40.905 0.8000000119
12154  5.754  -53.991  41.847 0.6999999881
106418  6.125  -47.371  32.622 0.8000000119
15301  7.326  -48.409  34.414 0.6000000238
15920  6.189  -46.788  28.910 1.0000000000
16482  6.141  -46.515  31.042 1.0000000000
14805  6.303  -49.850  27.678 0.8000000119
13017  8.464  -54.095  25.061 0.5000000000
93334  10.804  -52.815  40.564 0.8000000119
12811  11.533  -52.438  40.458 0.8000000119
12830  10.077  -52.741  40.029 0.8999999762
12831  9.073  -52.650  39.733 0.8999999762
16472  6.757  -46.938  32.039 0.8000000119
14258  6.617  -51.733  25.926 0.6000000238
12829  10.825  -52.074  39.622 0.8000000119
13464  9.718  -51.978  39.255 0.8000000119
13465  8.566  -51.828  38.943 0.8000000119
13488  7.341  -52.334  36.764 0.5000000000
12202  6.233  -53.644  37.625 0.5000000000
15904  5.933  -46.326  30.061 1.0000000000
15874  7.345  -47.408  33.154 0.8000000119
14811  6.360  -50.445  26.789 0.8000000119
104901  6.303  -48.309  27.970 0.8999999762
13636  7.702  -52.964  25.311 0.5000000000
13027  9.783  -53.858  23.764 0.5000000000
13028  9.069  -53.671  24.440 0.5000000000
13635  8.327  -53.411  24.969 0.5000000000
14081  12.902  -50.491  40.517 0.8000000119
14094  10.938  -51.066  39.167 0.8000000119
13477  10.105  -51.174  38.888 0.8999999762
106727  10.125  -50.235  38.546 0.8000000119
13478  9.092  -51.100  38.486 0.8000000119
96197  6.922  -52.132  39.175 0.8000000119
104816  7.493  -53.588  37.310 0.5000000000
13489  6.886  -51.927  37.404 0.6000000238
13467  6.545  -51.864  38.634 0.6000000238
13499  8.233  -52.402  36.253 0.5000000000
14121  7.853  -51.532  36.610 0.6000000238
15858  9.098  -47.875  34.000 0.4000000060
15872  9.401  -47.643  33.396 0.4000000060
16471  7.994  -47.286  32.531 0.6999999881
16480  8.787  -47.234  31.856 0.5000000000
16481  7.286  -46.369  31.264 0.8000000119
14826  6.457  -50.915  26.147 0.6999999881
15369  6.622  -49.125  26.883 0.8999999762
14257  7.536  -51.949  25.438 0.6000000238
14273  8.463  -52.598  24.989 0.5000000000
108169  10.693  -49.981  38.944 0.6999999881
14105  9.389  -50.313  37.982 0.8000000119
14106  8.581  -50.609  37.401 0.8000000119
15283  18.235  -50.880  34.216 0.4000000060
14114  16.362  -51.177  35.578 0.3000000119
14102  14.971  -51.659  37.676 0.2000000030
12870  8.871  -53.155  36.187 0.5000000000
14120  8.456  -51.001  36.593 0.8000000119
96829  17.631  -51.020  33.967 0.5000000000
14716  16.880  -51.115  34.898 0.4000000060
14115  16.017  -51.217  35.003 0.4000000060
100009  14.872  -51.414  35.470 0.3000000119
103938  13.011  -53.298  36.791 0.2000000030
12867  12.517  -52.838  35.553 0.4000000060
12869  10.524  -53.297  35.623 0.3000000119
99204  9.613  -53.308  35.970 0.6000000238
15271  17.178  -50.430  34.527 0.5000000000
103628  13.366  -52.481  35.637 0.4000000060
13495  11.768  -52.130  34.536 0.4000000060
13498  8.933  -52.410  35.793 0.6000000238
14129  14.463  -51.355  34.935 0.5000000000
13494  12.771  -51.954  34.738 0.5000000000
102898  6.799  -47.870  27.225 0.8999999762
16489  6.757  -45.634  29.580 1.0000000000
16488  7.458  -45.575  30.165 1.0000000000
16497  7.164  -45.538  28.703 1.0000000000
15380  6.754  -50.067  26.223 0.6999999881
14825  6.965  -50.844  25.698 0.6999999881
14104  10.365  -49.394  38.067 0.8000000119
14118  9.875  -49.807  37.259 0.8000000119
12868  11.552  -53.119  35.466 0.3000000119
106802  14.884  -51.034  34.692 0.5000000000
13496  10.660  -52.256  34.660 0.5000000000
14134  8.500  -51.674  36.186 0.6999999881
14717  16.227  -51.220  34.621 0.5000000000
15903  9.597  -47.162  30.964 0.5000000000
106221  8.321  -46.344  30.850 0.6999999881
16496  7.779  -44.895  29.355 0.8999999762
15934  6.816  -46.818  27.900 0.8999999762
99179  8.037  -44.882  28.793 0.8999999762
15947  7.434  -47.037  27.322 1.0000000000
15933  7.688  -45.819  28.071 1.0000000000
101669  7.106  -49.199  26.377 0.8000000119
96881  7.242  -48.196  26.733 0.8999999762
15379  7.517  -49.901  25.990 0.6000000238
15368  8.107  -48.878  26.498 0.8000000119
15272  16.436  -50.253  34.964 0.5000000000
14721  10.662  -49.468  36.803 0.8000000119
14722  10.360  -50.316  35.958 0.8000000119
15830  20.001  -48.437  36.980 0.8000000119
15270  17.817  -50.056  34.622 0.6999999881
15274  14.874  -49.285  35.936 0.6999999881
14718  14.519  -50.234  35.253 0.6999999881
14731  12.732  -50.344  35.446 0.6999999881
15273  15.804  -49.687  35.362 0.5000000000
108305  11.892  -50.094  35.584 0.6000000238
14131  10.969  -51.178  34.815 0.6999999881
14119  9.339  -50.566  36.474 0.8000000119
14128  15.465  -50.980  34.684 0.4000000060
14730  14.129  -50.806  35.023 0.6000000238
14130  12.029  -50.973  34.881 0.5000000000
14132  9.936  -51.275  35.177 0.6999999881
15841  19.562  -49.585  35.542 0.6000000238
14117  13.596  -51.573  34.740 0.5000000000
13497  9.681  -52.331  35.184 0.6000000238
15902  10.793  -47.373  30.647 0.5000000000
16487  8.575  -45.445  29.901 0.6999999881
15919  9.829  -45.601  29.665 0.8999999762
16531  8.335  -46.315  27.683 1.0000000000
15264  15.300  -48.569  36.884 0.6999999881
106724  21.099  -47.453  37.644 0.8999999762
15831  19.142  -48.599  36.606 0.6000000238
15833  17.628  -48.878  36.029 0.6000000238
14719  13.351  -49.511  36.125 0.6999999881
106151  12.345  -49.058  36.717 0.6999999881
14732  11.241  -50.111  35.685 0.8000000119
15837  23.053  -48.811  36.235 0.8999999762
15828  21.708  -48.395  37.238 0.8999999762
15829  20.895  -48.417  37.203 0.8999999762
15839  21.415  -49.289  36.134 0.8000000119
15840  20.519  -49.424  35.852 0.8000000119
15918  10.878  -45.929  29.496 0.5000000000
16495  8.876  -44.797  29.239 0.8999999762
16494  10.023  -45.080  29.200 0.8999999762
16513  8.919  -45.210  28.601 0.8999999762
15946  8.609  -47.485  27.104 1.0000000000
15825  16.632  -48.420  37.924 0.8000000119
15263  16.107  -48.737  36.251 0.6999999881
15276  12.676  -48.649  37.574 0.8000000119
16440  21.812  -47.219  37.604 0.8000000119
16443  19.560  -47.396  37.702 0.8000000119
15823  18.091  -48.168  37.539 0.8000000119
15824  17.340  -48.312  37.647 0.6999999881
17056  23.765  -46.918  37.058 0.8999999762
15834  16.843  -48.984  35.903 0.6999999881
93455  25.199  -47.249  35.744 0.8000000119
16446  24.288  -47.560  36.257 0.8999999762
16439  22.760  -47.049  37.416 0.8000000119
17060  25.770  -46.687  35.442 0.8999999762
17054  25.432  -46.336  36.073 0.8999999762
16530  9.338  -46.244  27.838 1.0000000000
16512  10.271  -45.584  28.563 1.0000000000
16493  11.020  -45.595  29.081 1.0000000000
15378  9.174  -49.920  26.304 0.8000000119
15367  10.184  -48.861  26.969 1.0000000000
15377  10.997  -49.984  26.560 0.8000000119
17055  24.662  -46.656  36.535 0.8999999762
15945  10.477  -47.119  27.562 1.0000000000
105269  26.066  -44.643  36.160 0.6999999881
18277  26.404  -44.535  35.079 0.8000000119
20257  25.754  -43.462  33.123 0.6000000238
20271  25.455  -43.392  32.447 0.6000000238
15366  11.719  -48.505  27.108 0.8000000119
18272  25.752  -43.876  36.843 0.6999999881
97106  26.320  -43.324  35.772 0.4000000060
20243  26.213  -41.948  34.961 0.4000000060
20256  26.327  -43.259  34.108 0.5000000000
21517  25.607  -40.371  34.268 0.3000000119
21535  25.004  -40.602  33.687 0.1000000015
22151  22.795  -39.700  33.389 0.1000000015
99342  26.002  -42.797  34.001 0.4000000060
20886  25.194  -42.374  33.424 0.3000000119
22796  22.458  -38.656  33.435 0.2000000030
22153  21.610  -39.073  33.273 0.1000000015
108217  24.797  -43.102  32.422 0.4000000060
20898  24.350  -42.301  32.876 0.3000000119
22152  22.068  -39.808  33.270 0.2000000030
22813  20.941  -38.839  33.181 0.1000000015
20272  24.414  -42.900  32.112 0.5000000000
20899  23.533  -41.975  32.319 0.4000000060
21537  23.031  -40.971  33.105 0.2000000030
22176  21.421  -40.628  32.811 0.2000000030
22177  20.936  -39.938  33.022 0.2000000030
22815  19.170  -37.948  32.750 0.2000000030
22178  20.357  -39.707  32.866 0.2000000030
22179  19.584  -39.275  32.715 0.2000000030
97813  18.542  -39.358  32.348 0.2000000030
21516  26.078  -40.198  35.063 0.2000000030
99375  25.324  -39.168  34.161 0.2000000030
102887  23.779  -39.531  33.544 0.1000000015
22794  24.401  -38.247  33.821 0.1000000015
91921  25.642  -43.330  32.122 0.5000000000
20284  26.442  -43.022  32.386 0.6000000238
22795  23.353  -38.444  33.580 0.1000000015
20296  24.633  -42.965  31.781 0.5000000000
20915  22.995  -41.845  31.748 0.4000000060
21555  22.611  -41.539  32.321 0.2000000030
21556  21.886  -41.403  32.181 0.2000000030
102089  20.470  -40.867  32.366 0.2000000030
21558  19.759  -40.572  32.357 0.2000000030
22180  18.762  -40.796  31.814 0.2000000030
22134  25.394  -38.152  34.669 0.1000000015
100341  24.976  -37.806  34.236 0.1000000015
96986  22.040  -37.784  33.492 0.1000000015
20897  27.498  -41.582  33.169 0.6999999881
106248  26.135  -42.038  31.782 0.6999999881
21576  24.612  -42.384  31.492 0.4000000060
20914  23.927  -42.238  31.744 0.3000000119
20933  22.406  -41.657  31.546 0.3000000119
20916  21.860  -41.401  31.346 0.3000000119
102948  25.059  -38.439  34.049 0.1000000015
22780  24.557  -37.385  34.200 0.1000000015
20266  30.478  -41.604  33.235 0.8999999762
21534  27.694  -40.113  33.189 0.6000000238
22172  27.497  -39.019  33.038 0.5000000000
98809  25.145  -39.933  31.469 0.5000000000
22198  24.267  -39.281  31.374 0.4000000060
22826  23.323  -39.114  31.269 0.4000000060
23396  23.872  -37.399  33.831 0.1000000015
108380  23.002  -36.688  33.722 0.1000000015
20912  26.970  -41.524  32.469 0.6000000238
21553  26.045  -40.261  31.781 0.4000000060
22199  23.487  -40.325  31.207 0.4000000060
91384  22.721  -40.348  31.087 0.2000000030
22201  21.352  -40.063  30.896 0.1000000015
22202  20.346  -40.341  30.837 0.1000000015
22203  19.404  -40.473  30.742 0.1000000015
21554  25.236  -41.548  31.381 0.5000000000
104301  24.164  -41.257  31.293 0.4000000060
20932  23.004  -41.471  31.344 0.4000000060
91891  21.573  -41.024  31.048 0.2000000030
21578  20.747  -40.982  30.998 0.2000000030
21580  18.720  -41.010  30.939 0.1000000015
21557  21.128  -41.391  31.699 0.2000000030
20917  20.326  -41.280  31.496 0.2000000030
21579  19.747  -41.004  31.050 0.2000000030
21559  17.598  -40.879  31.193 0.2000000030
17734  12.968  -45.257  26.765 0.8000000119
17735  12.478  -45.450  26.061 0.8000000119
17118  12.491  -46.543  26.237 0.8000000119
18354  12.391  -44.742  25.639 0.8000000119
17745  12.001  -45.313  25.185 0.8000000119
17766  11.706  -45.737  24.443 0.6999999881
89064  31.361  -43.239  30.995 1.0000000000
20282  31.239  -41.521  31.465 1.0000000000
20911  30.827  -40.697  31.969 1.0000000000
22173  26.667  -38.952  32.491 0.6000000238
22175  25.088  -38.702  31.677 0.5000000000
103112  23.874  -38.228  31.475 0.3000000119
20294  32.366  -41.116  30.645 1.0000000000
20295  31.997  -40.626  31.061 1.0000000000
22200  22.359  -39.149  31.144 0.3000000119
22829  21.717  -38.636  31.161 0.1000000015
96825  19.955  -39.487  30.817 0.1000000015
90279  31.524  -44.231  28.831 1.0000000000
89057  31.802  -43.549  29.023 1.0000000000
18348  13.242  -44.607  26.347 0.6999999881
17733  13.200  -45.215  26.804 0.6999999881
18349  12.844  -44.503  26.005 0.8000000119
21551  29.868  -39.297  32.291 0.6000000238
22171  29.139  -38.214  32.504 0.6000000238
22809  26.516  -37.630  32.523 0.5000000000
22811  24.602  -37.982  31.708 0.4000000060
22827  23.095  -37.905  31.417 0.1000000015
106489  22.540  -37.299  31.517 0.1000000015
23428  21.726  -37.522  31.352 0.1000000015
20931  31.202  -40.425  31.376 1.0000000000
99124  29.722  -38.728  31.970 0.8000000119
22828  22.298  -38.011  31.305 0.1000000015
22830  20.841  -38.765  31.057 0.1000000015
89059  31.687  -42.666  29.260 1.0000000000
90172  31.053  -41.807  29.935 1.0000000000
102154  32.352  -43.796  27.863 0.8999999762
102661  30.715  -43.494  28.194 1.0000000000
18985  13.382  -44.041  25.831 0.6000000238
18986  12.884  -43.937  25.618 0.6999999881
18368  12.202  -44.175  24.465 0.6000000238
17784  11.668  -46.242  23.821 0.5000000000
18369  12.009  -44.812  24.826 0.6999999881
23412  24.150  -36.256  32.119 0.3000000119
24112  23.241  -35.893  32.117 0.2000000030
102921  21.493  -36.574  31.544 0.1000000015
93396  27.757  -36.896  32.582 0.6000000238
22810  25.905  -36.643  32.432 0.5000000000
23413  23.219  -36.837  31.761 0.3000000119
21575  30.074  -39.160  31.623 0.6999999881
22806  29.407  -37.958  31.914 0.6000000238
23408  29.143  -36.341  32.228 0.6000000238
96892  27.004  -36.266  32.573 0.5000000000
20940  31.132  -40.599  31.005 0.8000000119
21595  30.368  -39.586  30.445 0.6999999881
22825  29.437  -36.880  31.777 0.6000000238
90059  31.490  -42.615  29.320 1.0000000000
21606  30.579  -40.070  30.040 0.8999999762
20973  30.088  -40.689  28.393 0.6999999881
20958  30.246  -40.290  29.287 0.6999999881
19685  12.880  -42.478  24.412 0.8000000119
18992  13.688  -43.362  25.372 0.6000000238
18993  12.970  -43.280  25.270 0.6999999881
105010  12.642  -43.404  25.137 0.6000000238
105887  12.433  -44.063  25.289 0.6999999881
108358  12.407  -43.629  24.959 0.6999999881
19002  12.530  -43.278  24.568 0.6999999881
19020  12.739  -43.184  23.594 0.6999999881
19702  13.175  -42.783  23.013 0.3000000119
23410  26.361  -35.620  32.422 0.4000000060
108719  24.621  -35.553  32.377 0.4000000060
104190  23.267  -35.089  32.292 0.4000000060
23427  28.904  -36.105  31.590 0.6000000238
102139  25.868  -35.087  32.350 0.4000000060
24110  25.033  -34.898  32.455 0.3000000119
21596  29.640  -38.760  30.091 0.6999999881
22218  29.376  -37.645  30.647 0.6000000238
23440  28.741  -36.497  31.067 0.6000000238
24127  27.929  -35.540  31.511 0.6000000238
21607  30.195  -39.412  29.456 0.6999999881
22851  28.922  -37.104  30.429 0.6999999881
23453  28.338  -36.099  30.482 0.6999999881
20332  30.088  -41.445  27.878 0.6999999881
21616  29.699  -39.824  28.730 0.6999999881
22225  29.124  -38.065  29.612 0.6999999881
20977  29.628  -40.799  27.731 0.6999999881
20335  29.358  -41.402  27.284 0.6999999881
19657  21.939  -42.411  26.147 0.5000000000
101119  21.113  -43.029  26.359 0.3000000119
20347  20.430  -41.686  26.138 0.4000000060
19671  12.871  -42.754  24.857 0.6999999881
20348  19.524  -41.816  26.133 0.5000000000
19664  18.756  -41.961  26.041 0.6000000238
19665  18.146  -42.241  25.772 0.5000000000
19670  13.190  -42.594  24.845 0.8000000119
20367  14.746  -41.330  24.153 0.4000000060
19683  13.437  -41.903  24.420 0.8000000119
105347  12.882  -42.350  23.803 0.5000000000
19737  13.999  -41.956  21.860 0.3000000119
24113  22.543  -35.378  32.104 0.2000000030
24109  26.702  -34.972  31.884 0.3000000119
24852  24.410  -34.467  32.365 0.3000000119
91394  23.703  -34.434  32.333 0.3000000119
24142  27.130  -34.856  31.092 0.4000000060
24850  25.838  -34.392  32.123 0.4000000060
24851  25.048  -34.099  32.223 0.3000000119
23452  28.549  -36.624  30.100 0.5000000000
24141  27.891  -35.480  30.658 0.4000000060
22234  28.797  -38.679  28.728 0.6999999881
106651  28.085  -36.924  29.186 0.6000000238
21622  27.739  -39.115  27.726 0.6999999881
21618  28.389  -39.098  28.135 0.6000000238
20342  24.835  -41.100  26.483 0.6000000238
97406  23.830  -42.092  26.182 0.3000000119
20985  23.104  -40.708  25.760 0.5000000000
20345  22.383  -41.363  25.898 0.4000000060
20346  21.347  -41.581  26.069 0.4000000060
108562  20.994  -42.245  26.282 0.4000000060
20353  19.907  -41.070  25.854 0.5000000000
20352  20.763  -40.939  25.873 0.4000000060
20991  19.490  -40.557  25.446 0.4000000060
20354  19.142  -41.291  25.758 0.4000000060
20355  18.478  -41.556  25.559 0.5000000000
20356  17.747  -41.870  25.209 0.5000000000
20365  17.202  -41.396  24.529 0.4000000060
19684  13.223  -42.108  24.490 0.6999999881
21002  15.242  -40.653  23.881 0.5000000000
20368  13.638  -41.172  24.207 0.6000000238
21003  13.933  -40.407  24.085 0.5000000000
21004  13.634  -40.831  24.144 0.5000000000
99577  13.226  -41.794  24.262 0.6000000238
19701  13.154  -41.891  23.443 0.5000000000
21049  13.839  -40.944  22.310 0.3000000119
24866  21.942  -34.524  32.127 0.2000000030
25590  22.543  -33.618  32.239 0.2000000030
24867  21.137  -33.884  32.010 0.2000000030
25589  23.386  -33.644  32.186 0.3000000119
25598  21.308  -33.023  32.133 0.1000000015
26295  20.347  -32.357  31.637 0.1000000015
24864  26.343  -34.181  31.455 0.4000000060
24865  25.606  -33.794  31.669 0.4000000060
25597  23.787  -32.971  31.724 0.3000000119
26293  22.426  -32.480  31.522 0.2000000030
26294  21.566  -32.449  31.601 0.1000000015
24156  27.051  -34.920  30.150 0.5000000000
24883  26.584  -34.158  30.556 0.4000000060
25595  25.180  -33.403  31.120 0.4000000060
26306  22.029  -32.109  30.964 0.2000000030
22854  27.944  -37.564  28.656 0.6000000238
23460  27.835  -36.348  29.462 0.5000000000
22864  27.166  -37.862  28.004 0.6999999881
22855  27.170  -36.918  28.505 0.6000000238
24165  26.938  -35.928  28.789 0.5000000000
24166  26.597  -35.212  29.218 0.4000000060
22246  27.254  -38.545  27.729 0.6999999881
101043  26.158  -39.008  27.082 0.8000000119
22247  26.584  -38.344  27.471 0.6999999881
20981  26.077  -40.491  26.957 0.6999999881
21627  25.711  -39.719  26.841 0.6000000238
21628  24.918  -39.657  26.468 0.5000000000
20983  24.408  -40.463  26.174 0.6000000238
96949  23.766  -40.840  25.936 0.5000000000
20987  23.032  -40.017  25.651 0.4000000060
20988  22.244  -40.287  25.668 0.4000000060
20351  21.586  -40.873  25.834 0.5000000000
20989  21.179  -40.201  25.617 0.5000000000
20990  20.253  -40.299  25.576 0.6000000238
21636  19.791  -39.778  25.175 0.5000000000
20992  18.818  -40.862  25.236 0.4000000060
20364  18.094  -41.160  24.913 0.4000000060
20999  18.444  -40.489  24.594 0.6000000238
21000  17.598  -40.694  24.260 0.5000000000
21001  16.533  -40.745  24.017 0.5000000000
20998  19.135  -40.152  24.936 0.5000000000
21646  18.776  -39.898  24.280 0.5000000000
21013  17.997  -40.107  23.957 0.5000000000
21014  17.017  -40.112  23.730 0.5000000000
21659  14.999  -39.110  23.622 0.4000000060
21016  14.399  -39.735  23.898 0.4000000060
106419  13.902  -39.739  24.038 0.5000000000
21017  13.892  -40.346  24.044 0.5000000000
21029  13.654  -39.856  22.903 0.4000000060
21687  14.032  -39.338  22.077 0.4000000060
21048  14.290  -40.513  21.666 0.3000000119
21705  14.867  -40.213  20.882 0.2000000030
24853  21.825  -33.507  32.197 0.2000000030
26291  24.101  -32.485  30.895 0.2000000030
24900  25.913  -33.768  29.957 0.4000000060
25612  25.281  -33.409  30.276 0.3000000119
26304  23.407  -32.259  30.265 0.3000000119
26305  22.633  -32.183  30.629 0.2000000030
26965  21.474  -31.786  30.768 0.2000000030
26966  20.861  -31.342  30.614 0.1000000015
25628  24.664  -33.209  29.640 0.3000000119
26303  24.173  -32.491  29.875 0.3000000119
26964  22.053  -31.863  30.101 0.2000000030
26974  21.466  -31.417  29.671 0.1000000015
26975  20.748  -31.033  29.602 0.1000000015
23462  25.991  -35.530  28.347 0.5000000000
24913  25.916  -34.857  28.884 0.4000000060
23461  26.315  -36.418  28.038 0.6000000238
22865  26.315  -37.396  27.635 0.6000000238
22248  25.870  -38.211  27.079 0.5000000000
22251  25.425  -38.933  26.723 0.5000000000
22252  24.661  -38.700  26.256 0.5000000000
21629  24.171  -39.555  25.975 0.5000000000
21632  23.414  -39.445  25.668 0.4000000060
21633  22.599  -39.412  25.504 0.5000000000
22256  22.088  -38.588  25.212 0.4000000060
21634  21.666  -39.449  25.409 0.5000000000
21635  20.658  -39.438  25.259 0.5000000000
104749  20.381  -38.497  24.492 0.6000000238
21645  19.461  -39.486  24.601 0.5000000000
21656  18.347  -39.656  23.697 0.5000000000
21657  17.533  -39.589  23.419 0.5000000000
21658  16.409  -39.408  23.340 0.5000000000
21667  17.082  -38.935  22.950 0.5000000000
21669  14.363  -38.329  23.509 0.4000000060
22279  13.854  -37.987  23.356 0.4000000060
21670  13.706  -38.882  23.353 0.3000000119
93105  14.910  -39.153  20.946 0.2000000030
22318  15.439  -38.469  20.400 0.2000000030
24914  25.476  -34.133  29.019 0.3000000119
26318  23.375  -32.430  29.243 0.3000000119
26319  22.045  -31.889  29.089 0.2000000030
26320  21.514  -31.553  28.645 0.1000000015
26994  20.926  -31.146  28.515 0.1000000015
24915  24.736  -34.103  28.219 0.3000000119
25646  24.180  -33.555  28.343 0.3000000119
97609  23.224  -32.683  28.367 0.2000000030
26341  22.003  -31.988  28.204 0.2000000030
94786  25.824  -36.690  27.472 0.5000000000
24919  25.023  -34.620  27.744 0.4000000060
93281  21.371  -31.511  27.723 0.1000000015
24177  25.330  -35.350  27.595 0.4000000060
24920  24.556  -34.243  27.466 0.4000000060
22868  25.502  -37.348  26.977 0.4000000060
23476  25.318  -36.276  27.055 0.4000000060
109094  25.270  -38.200  26.671 0.4000000060
99730  25.001  -36.935  26.553 0.4000000060
22870  24.167  -37.916  25.885 0.5000000000
22253  23.829  -38.737  25.753 0.5000000000
22255  23.034  -38.700  25.447 0.5000000000
98225  22.696  -38.013  25.207 0.5000000000
104530  21.263  -38.841  25.119 0.6000000238
22257  21.346  -38.148  24.862 0.5000000000
22264  20.852  -38.001  24.474 0.6000000238
22265  20.403  -38.013  24.073 0.4000000060
22275  19.942  -38.036  23.468 0.4000000060
21655  19.060  -39.348  23.751 0.5000000000
22276  19.243  -38.685  23.164 0.4000000060
22277  18.240  -39.124  23.051 0.5000000000
22287  16.755  -38.158  22.742 0.4000000060
21668  15.759  -38.479  23.150 0.3000000119
22289  13.685  -38.227  22.793 0.3000000119
22288  15.826  -37.665  22.966 0.3000000119
22907  15.265  -36.784  22.865 0.3000000119
22893  13.846  -37.246  23.098 0.3000000119
22909  13.723  -37.462  22.879 0.3000000119
93974  14.048  -38.485  21.972 0.2000000030
22302  13.775  -37.793  22.378 0.3000000119
22319  14.463  -37.915  21.495 0.2000000030
25647  23.651  -33.204  28.092 0.3000000119
26340  22.561  -32.423  27.896 0.2000000030
25655  23.598  -33.261  27.460 0.4000000060
26350  22.619  -32.429  27.095 0.2000000030
26351  22.027  -31.938  27.409 0.2000000030
27012  20.875  -31.125  27.047 0.1000000015
24178  24.902  -34.809  27.247 0.4000000060
25665  23.567  -33.270  26.680 0.4000000060
91205  21.484  -31.469  26.743 0.2000000030
24189  24.911  -35.414  26.807 0.4000000060
23477  24.739  -36.212  26.349 0.5000000000
24192  24.411  -35.381  26.038 0.4000000060
22872  24.455  -37.051  26.053 0.5000000000
22873  23.723  -37.137  25.530 0.5000000000
22874  22.866  -37.183  24.992 0.5000000000
22883  22.159  -36.891  24.436 0.5000000000
22884  21.425  -37.363  24.388 0.5000000000
22885  20.856  -37.410  24.057 0.5000000000
22892  20.458  -37.505  23.668 0.4000000060
22904  19.327  -37.931  22.668 0.3000000119
22905  18.390  -37.601  22.151 0.3000000119
99829  17.488  -37.868  22.388 0.3000000119
23512  14.542  -36.202  22.538 0.3000000119
22925  13.890  -37.138  22.329 0.3000000119
23511  15.516  -35.996  22.464 0.3000000119
22939  14.394  -36.851  21.588 0.2000000030
23546  14.997  -36.545  20.821 0.2000000030
24921  24.075  -33.767  27.056 0.4000000060
25656  23.196  -32.872  27.112 0.2000000030
24932  24.464  -34.552  26.639 0.4000000060
25666  23.122  -32.686  26.367 0.3000000119
24937  24.112  -34.604  25.795 0.4000000060
25673  23.097  -32.539  25.279 0.4000000060
103966  22.466  -31.910  25.428 0.2000000030
23479  24.096  -36.245  25.673 0.4000000060
24193  23.703  -35.314  25.220 0.4000000060
24938  23.644  -34.138  25.188 0.4000000060
23480  23.353  -36.329  25.056 0.4000000060
24194  22.974  -35.664  24.586 0.4000000060
23481  22.697  -36.412  24.626 0.4000000060
23488  22.329  -36.070  24.197 0.4000000060
23489  21.731  -36.595  24.009 0.4000000060
23490  21.235  -36.898  23.966 0.4000000060
23499  20.801  -36.827  23.477 0.4000000060
23507  20.163  -36.428  22.539 0.3000000119
24223  14.459  -35.967  22.174 0.3000000119
24252  14.976  -35.591  20.899 0.1000000015
24239  14.718  -35.594  21.732 0.1000000015
26368  22.114  -31.463  25.199 0.2000000030
24200  23.234  -34.845  24.607 0.4000000060
24944  23.141  -34.058  24.413 0.3000000119
25681  23.082  -33.097  24.412 0.3000000119
24201  22.638  -35.026  24.056 0.4000000060
24202  21.979  -35.743  23.728 0.4000000060
23498  21.389  -36.273  23.644 0.3000000119
24212  21.006  -35.952  23.051 0.3000000119
24211  21.545  -35.437  23.331 0.3000000119
24220  20.877  -34.649  22.593 0.3000000119
26375  22.678  -32.165  24.545 0.2000000030
24945  22.685  -33.931  23.863 0.3000000119
25690  22.657  -32.965  23.828 0.2000000030
24951  22.340  -33.655  23.484 0.3000000119
24210  22.112  -34.651  23.472 0.3000000119
24952  21.830  -33.833  23.106 0.3000000119
102944  21.487  -34.637  23.030 0.3000000119
24959  21.250  -33.917  22.710 0.3000000119
109221  21.133  -35.218  22.892 0.3000000119
25696  21.719  -33.072  22.931 0.2000000030
24960  20.387  -34.109  22.062 0.2000000030
1902  15.983  -77.406  29.927 1.0000000000
3295  11.986  -72.242  36.342 0.4000000060
3667  13.349  -71.424  36.933 0.3000000119
4070  13.553  -70.591  37.552 0.5000000000
92741  13.423  -69.855  38.257 0.4000000060
4496  13.414  -68.997  38.348 0.4000000060
3274  12.816  -72.397  39.007 0.6999999881
5417  13.641  -67.393  39.327 0.4000000060
3643  12.451  -71.009  40.112 0.8000000119
4485  12.741  -69.105  39.765 0.6000000238
2359  24.423  -75.444  17.690 0.8999999762
2734  23.681  -74.145  18.288 0.8999999762
3455  23.182  -72.823  17.187 0.8000000119
108410  22.602  -74.630  17.893 0.8999999762
3481  23.028  -72.632  15.403 0.8000000119
2014  24.912  -76.818  15.746 0.8000000119
2007  24.439  -76.711  16.601 0.8999999762
1689  25.099  -77.062  13.675 0.8000000119
105391  22.148  -72.309  13.780 0.8999999762
1384  24.434  -78.306  13.019 0.8999999762
1739  31.179  -76.703  6.960 0.6999999881
2077  29.666  -76.518  7.831 0.8000000119
1732  30.366  -77.499  7.866 0.8000000119
1738  32.092  -76.637  6.925 0.6000000238
2444  30.514  -75.263  6.773 0.6000000238
101560  29.304  -76.684  7.876 0.8000000119
1425  29.546  -77.973  7.922 0.8000000119
1734  28.518  -77.538  7.904 0.8000000119
2080  30.652  -75.927  6.938 0.6999999881
8511  9.085  -61.665  28.368 1.0000000000
8935  9.502  -60.292  29.066 1.0000000000
8924  7.552  -60.739  30.173 0.5000000000
9385  6.776  -58.983  29.406 0.8999999762
9400  6.907  -58.876  28.895 1.0000000000
95410  8.276  -56.937  29.858 0.8999999762
9932  9.241  -58.214  30.546 0.8999999762
9933  8.547  -58.023  29.650 1.0000000000
10528  8.752  -57.439  30.369 0.8999999762
14715  17.473  -51.232  34.441 0.5000000000
15842  18.648  -49.776  35.079 0.6000000238
269  15.273  -82.797  30.209 0.6999999881
46  15.870  -83.474  29.248 0.8000000119
936  18.666  -79.710  31.428 0.8999999762
103611  15.131  -78.999  38.349 0.8999999762
1154  14.976  -79.293  37.848 1.0000000000
1173  15.688  -79.141  35.717 1.0000000000
909  16.187  -79.304  34.540 1.0000000000
404  15.799  -81.014  36.828 0.8999999762
408  15.808  -81.310  35.388 0.8999999762
107975  15.697  -80.655  34.186 0.8999999762
118  16.539  -82.252  31.046 0.8999999762
136  16.982  -83.473  28.348 0.4000000060
52  20.096  -83.847  28.072 0.3000000119
54  22.303  -84.229  26.588 0.2000000030
1468  16.038  -77.877  39.155 0.8000000119
392  16.209  -80.724  38.295 1.0000000000
1172  16.208  -78.529  35.654 0.8999999762
103421  18.229  -79.830  36.763 1.0000000000
104086  19.056  -79.937  35.551 1.0000000000
402  17.217  -81.402  36.289 0.8999999762
661  19.055  -80.338  34.753 0.8999999762
249  17.356  -82.314  36.016 0.8999999762
254  15.641  -82.626  34.810 0.8999999762
94  16.660  -83.024  35.257 0.8999999762
417  15.694  -81.376  33.900 0.8999999762
264  16.222  -81.686  33.035 0.8999999762
667  19.770  -80.509  34.010 0.8999999762
415  19.707  -81.251  33.456 0.8999999762
93  17.991  -82.625  34.917 0.8999999762
98  17.492  -82.987  34.643 0.8999999762
9  16.801  -82.644  32.963 0.8999999762
13  16.811  -82.195  32.187 0.8999999762
256  21.399  -81.987  32.616 0.8000000119
258  19.728  -82.053  33.237 0.8999999762
93245  19.607  -82.478  32.908 0.8000000119
91903  18.498  -82.918  33.238 0.6999999881
103  19.232  -82.881  32.767 0.6999999881
6  18.100  -83.096  32.810 0.6999999881
10  18.407  -83.140  32.114 0.6999999881
99691  17.413  -82.707  31.858 0.8999999762
24  17.370  -83.212  30.486 0.6000000238
108  21.523  -83.079  31.789 0.8000000119
261  22.022  -82.471  32.321 0.8000000119
117  19.749  -83.280  32.000 0.8000000119
96287  19.934  -83.610  31.330 0.6999999881
107494  18.632  -83.188  31.436 0.6000000238
104532  18.385  -83.204  30.595 0.5000000000
44  17.926  -83.485  28.956 0.5000000000
114  22.771  -83.541  31.321 0.6999999881
113  23.516  -83.349  31.336 0.6000000238
260  22.824  -82.419  32.317 0.8000000119
97975  21.897  -83.791  31.310 0.6999999881
16  20.639  -84.168  30.898 0.6999999881
23  19.178  -83.357  30.347 0.5000000000
95855  20.186  -84.021  30.193 0.5000000000
32  19.607  -83.478  29.775 0.4000000060
135  18.738  -83.143  28.751 0.3000000119
27  24.069  -83.984  29.340 0.5000000000
106883  22.487  -84.520  30.020 0.6000000238
41  20.115  -83.889  28.514 0.4000000060
42  19.681  -83.140  28.724 0.3000000119
134  24.757  -83.242  28.825 0.6000000238
39  23.058  -84.760  28.703 0.5000000000
2  22.517  -84.861  28.073 0.5000000000
3  22.605  -84.970  27.521 0.4000000060
49  22.596  -84.897  27.140 0.3000000119
93919  21.397  -84.074  23.696 0.2000000030
1865  19.950  -77.128  32.835 1.0000000000
1457  16.402  -77.586  41.065 0.6999999881
101847  18.152  -79.691  39.145 0.8999999762
102202  18.938  -80.002  39.949 0.8999999762
94133  17.339  -77.329  38.251 0.8000000119
97234  19.465  -79.946  38.455 0.8999999762
641  19.104  -79.479  37.026 1.0000000000
902  21.091  -79.585  34.922 1.0000000000
107558  21.407  -80.469  33.421 0.8999999762
412  22.060  -80.907  32.868 0.8999999762
96360  23.004  -80.384  32.676 0.8999999762
98052  22.967  -82.091  32.461 0.8000000119
679  23.869  -81.437  31.861 0.8999999762
120  24.503  -83.114  30.959 0.6000000238
119  24.940  -83.046  30.374 0.6999999881
97792  25.948  -83.476  27.127 0.5000000000
1549  15.112  -77.402  30.200 0.8999999762
1550  14.251  -77.423  30.349 0.8999999762
1567  12.964  -78.507  29.861 0.6999999881
1551  13.410  -77.735  30.486 0.8999999762
604  19.622  -79.778  41.054 0.8000000119
597  19.194  -79.267  41.531 0.6999999881
650  21.151  -79.625  36.519 0.8999999762
925  23.166  -79.378  32.780 0.8000000119
152  26.616  -83.104  26.810 0.5000000000
92131  16.534  -76.154  31.605 1.0000000000
985  12.175  -79.539  26.376 0.3000000119
963  10.921  -79.917  28.385 0.4000000060
2601  22.180  -74.431  32.762 0.8999999762
603  20.801  -80.010  40.788 0.8000000119
1238  9.935  -79.181  29.306 0.4000000060
1205  23.471  -78.117  32.916 0.8000000119
1217  24.468  -77.940  31.409 0.8000000119
107448  30.400  -82.311  21.000 0.5000000000
490  30.682  -81.356  21.931 0.5000000000
315  30.795  -82.338  21.379 0.5000000000
95489  30.240  -82.817  19.885 0.4000000060
1212  10.030  -78.395  32.808 0.8000000119
378  22.956  -80.511  38.694 0.8000000119
1160  23.619  -78.103  36.602 0.8000000119
5230  9.983  -68.150  12.383 0.5000000000
1010  30.272  -80.169  22.853 0.5000000000
893  23.968  -78.988  36.974 0.8000000119
1169  24.211  -77.516  35.898 0.8000000119
1518  25.540  -77.403  33.450 0.8000000119
692  28.749  -80.749  29.284 1.0000000000
284  29.412  -81.826  27.321 0.8999999762
93585  11.315  -67.816  16.553 0.6999999881
977  26.712  -79.446  26.123 0.8999999762
996  27.085  -79.353  24.222 0.8999999762
1286  27.528  -78.108  24.622 0.8999999762
1620  27.329  -77.325  24.760 0.8999999762
1167  26.158  -78.969  35.323 0.8000000119
5607  11.402  -67.783  17.597 0.8000000119
976  27.629  -79.128  26.791 0.8999999762
1612  27.127  -76.832  25.245 0.8000000119
4308  14.421  -69.533  14.337 0.8999999762
1306  29.295  -78.023  20.213 0.6000000238
1631  29.211  -78.109  22.167 0.6999999881
2918  11.259  -73.300  37.286 0.6000000238
93549  29.233  -78.994  32.015 0.8999999762
107126  27.258  -76.817  26.374 0.8000000119
1946  27.262  -76.031  25.375 0.8000000119
1329  34.033  -78.132  18.571 0.8999999762
1978  29.565  -76.269  20.412 0.6000000238
2331  29.160  -75.407  21.393 0.6000000238
109365  27.825  -74.257  24.097 0.6000000238
2691  27.704  -75.116  23.988 0.6999999881
94625  33.180  -78.818  18.263 0.6999999881
91036  13.015  -68.306  20.952 1.0000000000
4739  15.423  -68.708  15.301 0.8999999762
1992  32.924  -76.858  18.724 0.8000000119
2698  28.736  -74.536  22.504 0.6000000238
3028  27.896  -73.819  24.655 0.5000000000
3287  13.294  -72.187  37.524 0.5000000000
1995  32.874  -76.400  18.172 0.8000000119
2710  30.781  -74.506  21.280 0.6999999881
1338  36.828  -79.562  16.840 1.0000000000
3654  13.035  -71.363  39.109 0.6999999881
4063  13.305  -70.515  38.596 0.6000000238
4504  13.592  -69.603  37.559 0.2000000030
5432  14.139  -67.865  37.425 0.2000000030
4513  13.555  -69.548  35.819 0.1000000015
2005  32.097  -76.389  16.201 0.6999999881
2391  16.663  -75.949  14.442 0.6000000238
93485  17.511  -75.832  12.007 0.8999999762
4954  13.252  -68.615  39.177 0.4000000060
6556  8.444  -64.869  19.927 0.6999999881
2356  32.112  -75.570  18.048 0.6999999881
2799  17.337  -74.370  12.583 0.8999999762
5981  14.032  -65.840  24.744 0.8999999762
2738  31.537  -74.611  17.784 0.6000000238
1700  33.008  -77.889  11.193 0.8000000119
3511  17.321  -73.178  13.209 0.8999999762
6047  18.759  -65.566  19.243 0.8000000119
1407  33.427  -77.628  9.722 0.6999999881
1416  32.644  -77.278  9.246 0.8999999762
848  26.903  -80.373  10.935 0.4000000060
8077  12.463  -62.623  23.516 0.6999999881
8544  12.430  -61.940  24.832 0.6000000238
8072  11.842  -62.329  24.034 0.5000000000
6503  12.442  -65.327  25.544 1.0000000000
101356  18.050  -64.068  19.410 0.8000000119
2741  25.581  -74.368  17.986 0.8999999762
104714  33.109  -77.102  8.873 0.6999999881
1731  31.348  -77.133  7.590 0.8000000119
2440  30.536  -75.258  8.044 0.6000000238
2353  23.183  -74.757  18.076 0.8999999762
3096  22.044  -73.886  17.309 0.8000000119
4777  19.431  -69.057  14.924 0.8000000119
96203  30.283  -76.702  6.917 0.8000000119
1741  29.273  -76.844  7.626 0.8000000119
2445  30.196  -76.249  6.970 0.6999999881
2050  29.212  -76.598  10.013 0.6999999881
2427  29.040  -76.342  10.921 0.6999999881
1997  24.888  -75.946  17.070 0.8000000119
2361  22.587  -75.237  17.791 0.8999999762
2000  21.796  -75.696  17.458 0.8999999762
2753  21.555  -74.339  16.873 0.8999999762
104802  20.416  -77.789  14.823 0.8999999762
2015  20.780  -76.254  15.903 0.8999999762
97331  20.782  -76.692  13.355 0.8999999762
2028  20.972  -75.934  13.800 1.0000000000
107296  22.115  -76.419  17.467 0.8000000119
1370  20.288  -78.341  13.945 0.6999999881
1711  19.400  -76.984  11.072 1.0000000000
1419  29.294  -78.150  8.461 0.8999999762
95377  25.562  -76.432  14.735 0.8000000119
106385  25.157  -76.775  15.089 0.8000000119
1674  23.666  -77.308  16.654 0.8999999762
1341  21.847  -77.743  17.217 0.8999999762
1675  22.776  -77.728  16.812 0.8999999762
1669  20.413  -77.432  17.216 0.8999999762
1342  21.265  -78.161  17.274 0.8999999762
4474  12.275  -69.514  40.376 0.8999999762
93780  10.958  -60.449  25.876 0.4000000060
8546  10.269  -61.175  24.485 0.4000000060
8532  12.798  -60.792  26.292 0.6000000238
8530  14.645  -61.340  26.775 0.8999999762
7561  14.975  -63.515  26.246 0.8999999762
8552  10.215  -61.282  23.577 0.4000000060
7050  9.914  -64.411  25.639 1.0000000000
5658  18.867  -67.251  14.404 0.5000000000
2417  29.655  -75.799  11.472 0.6999999881
2409  28.934  -75.534  13.225 0.6000000238
94182  20.836  -74.462  14.783 0.8000000119
2762  21.020  -74.652  15.437 0.8000000119
90281  18.900  -68.663  14.144 0.6999999881
2380  21.070  -75.414  15.648 0.8999999762
2389  20.996  -75.343  14.578 1.0000000000
104036  20.445  -75.295  13.137 1.0000000000
2420  19.793  -75.823  11.748 1.0000000000
100903  28.886  -76.908  7.965 0.8000000119
2021  25.545  -76.524  14.003 0.6999999881
2035  25.830  -76.318  12.211 0.8000000119
1685  24.861  -77.634  14.222 0.8999999762
3176  16.411  -73.028  10.818 0.8000000119
5426  14.080  -67.159  38.443 0.2000000030
92048  12.655  -58.042  25.408 0.2000000030
8559  9.441  -60.953  22.316 0.4000000060
7544  11.515  -63.519  27.306 1.0000000000
7117  16.623  -63.986  18.143 0.6000000238
2408  29.640  -75.074  12.820 0.6000000238
106997  28.269  -75.766  13.063 0.6999999881
109047  25.399  -76.707  9.345 0.8000000119
1690  24.736  -77.666  13.348 0.8000000119
100242  16.561  -71.990  11.962 0.8000000119
2065  24.881  -76.964  9.333 0.6999999881
100673  13.303  -65.980  42.037 0.8000000119
101931  14.227  -67.138  37.649 0.2000000030
5895  14.194  -66.672  37.129 0.2000000030
90198  12.840  -65.403  38.483 0.3000000119
99605  12.459  -59.209  27.292 0.3000000119
8943  14.425  -60.606  28.841 0.8999999762
8493  11.867  -61.490  29.348 0.8999999762
8045  11.093  -63.014  27.687 1.0000000000
8048  8.314  -62.575  27.436 0.8999999762
5841  12.407  -66.642  43.394 0.8999999762
7408  13.065  -64.176  41.850 0.8000000119
8494  10.567  -61.279  29.068 1.0000000000
8495  9.662  -61.033  28.836 1.0000000000
8944  8.651  -60.757  28.589 1.0000000000
7673  11.213  -64.367  15.682 0.4000000060
104650  7.933  -60.751  28.600 0.8999999762
6862  13.373  -64.323  43.614 0.8000000119
8922  11.711  -60.561  30.251 0.8999999762
9957  7.505  -59.157  28.767 1.0000000000
8945  8.077  -60.174  28.594 1.0000000000
6306  13.391  -64.779  44.939 0.8999999762
7399  13.214  -63.650  44.042 0.8000000119
6831  13.492  -63.995  45.399 0.8000000119
9931  14.136  -58.653  31.307 0.6999999881
9944  8.082  -58.576  28.985 1.0000000000
9391  8.316  -59.447  28.790 1.0000000000
9922  12.836  -58.888  32.204 0.8999999762
93117  10.769  -59.450  31.404 0.8999999762
7890  12.531  -62.276  44.476 0.8999999762
9930  14.741  -58.157  30.866 0.6999999881
9914  11.233  -58.362  32.492 0.8999999762
6360  7.764  -65.721  41.394 0.4000000060
11085  14.345  -56.771  31.610 0.6999999881
9912  12.971  -57.415  32.374 0.8999999762
10526  15.738  -56.909  30.720 0.4000000060
11662  14.110  -55.867  31.365 0.6000000238
11663  13.195  -55.644  31.294 0.6999999881
11678  13.632  -55.085  30.915 0.6999999881
12291  13.959  -54.434  30.283 0.5000000000
11077  12.798  -56.675  32.152 0.8999999762
11087  12.143  -56.229  31.562 0.8999999762
11079  10.890  -56.877  32.164 0.8999999762
12293  11.874  -54.062  29.803 0.6999999881
11693  7.740  -55.446  29.555 0.8999999762
93720  10.275  -54.568  29.811 0.8999999762
11695  6.059  -55.874  29.567 1.0000000000
10540  6.611  -57.191  29.052 1.0000000000
94511  10.202  -53.209  29.969 0.8999999762
90492  7.659  -61.668  31.281 0.3000000119
12941  9.119  -52.868  30.132 0.8999999762
11696  5.587  -55.373  29.919 0.8999999762
9372  7.591  -59.832  31.938 0.3000000119
14199  8.171  -50.935  30.523 0.8999999762
9830  8.331  -57.638  43.621 0.8999999762
9832  5.536  -58.680  44.630 0.8999999762
99235  5.173  -59.664  43.836 0.5000000000
11525  4.913  -55.980  43.821 0.8000000119
12120  7.819  -54.734  43.587 0.8999999762
10967  4.663  -56.465  43.224 0.6000000238
15861  5.958  -47.888  33.523 0.8000000119
15860  6.801  -47.810  33.798 0.6999999881
15294  5.578  -49.187  34.499 0.6000000238
14148  5.087  -50.945  35.148 0.4000000060
14744  4.723  -50.926  34.467 0.5000000000
15859  7.971  -47.926  33.918 0.6000000238
91259  6.570  -45.928  30.372 1.0000000000
13466  7.474  -51.741  38.669 0.8000000119
15873  8.443  -47.663  33.520 0.6999999881
13480  7.145  -51.534  37.851 0.6000000238
15871  10.594  -47.832  33.434 0.4000000060
15298  10.347  -48.110  33.781 0.4000000060
16442  20.378  -46.988  37.830 0.8000000119
15832  18.400  -48.756  36.309 0.6000000238
16444  18.824  -47.817  37.508 0.8000000119
16447  23.431  -47.860  36.683 0.8999999762
16448  22.569  -48.176  37.074 0.8999999762
15838  22.246  -49.111  36.260 0.8999999762
17046  24.106  -45.973  37.285 0.8000000119
16452  24.670  -48.163  35.690 0.8000000119
17664  26.001  -46.017  35.452 0.8999999762
16451  25.481  -47.954  35.221 0.8000000119
17658  25.004  -45.770  36.817 0.8000000119
17657  25.729  -45.497  36.218 0.8000000119
15944  12.193  -47.502  27.316 1.0000000000
18917  26.041  -43.186  36.561 0.3000000119
100880  26.567  -45.027  34.618 0.8000000119
18929  26.451  -43.877  34.802 0.6999999881
18916  26.306  -43.891  35.947 0.4000000060
18278  26.222  -45.254  35.338 0.8000000119
103564  26.027  -43.559  33.398 0.6000000238
19592  26.334  -43.171  35.104 0.4000000060
18937  26.730  -44.019  34.052 0.6999999881
20885  25.962  -41.675  34.296 0.3000000119
19604  26.505  -43.688  34.152 0.6000000238
22150  24.733  -39.328  33.782 0.1000000015
21536  24.109  -40.879  33.372 0.2000000030
21538  22.226  -40.814  32.966 0.2000000030
20913  25.146  -42.820  31.647 0.5000000000
95538  22.938  -37.446  33.633 0.1000000015
20918  19.637  -41.152  31.735 0.2000000030
106446  18.998  -41.143  31.295 0.2000000030
21577  22.197  -41.202  31.178 0.3000000119
20895  29.546  -40.143  33.250 0.6999999881
20283  30.857  -41.486  32.368 1.0000000000
21552  26.893  -40.259  32.426 0.6000000238
21533  28.717  -39.620  33.284 0.6999999881
95678  21.994  -40.463  30.965 0.2000000030
20919  18.304  -41.170  31.161 0.2000000030
18350  12.775  -44.901  26.314 0.8000000119
89060  31.448  -43.446  30.126 1.0000000000
19619  31.384  -42.270  31.026 1.0000000000
20894  30.373  -40.335  32.702 0.8999999762
21532  29.464  -39.342  32.875 0.6999999881
22148  28.979  -38.786  32.973 0.6000000238
101256  25.448  -37.787  32.082 0.5000000000
22808  27.468  -37.979  32.826 0.6000000238
89062  31.769  -41.853  30.150 1.0000000000
103620  28.381  -37.337  32.590 0.6000000238
99457  24.867  -36.964  32.085 0.4000000060
22812  23.964  -37.321  31.724 0.1000000015
89061  31.639  -42.972  28.674 1.0000000000
20957  31.032  -40.775  30.031 0.6999999881
20331  30.572  -41.639  28.869 0.8000000119
22195  29.934  -39.012  30.975 0.6999999881
23409  28.022  -36.059  32.100 0.5000000000
22197  29.431  -37.601  31.445 0.6000000238
95807  12.464  -43.890  23.813 0.6999999881
20394  13.457  -41.413  22.886 0.5000000000
23426  29.316  -36.244  31.605 0.6000000238
22840  29.355  -36.761  31.279 0.6000000238
22224  29.431  -39.076  29.195 0.6999999881
22853  28.601  -37.327  29.426 0.6999999881
21617  29.031  -39.453  28.408 0.6999999881
95515  28.876  -40.682  27.490 0.6999999881
19682  14.373  -42.016  24.485 0.6999999881
20369  13.438  -41.385  24.260 0.5000000000
93511  22.889  -34.468  32.272 0.2000000030
20978  28.435  -39.817  27.681 0.6999999881
22235  27.975  -38.408  28.238 0.6000000238
20343  24.184  -41.321  26.161 0.6000000238
20344  23.383  -41.431  25.953 0.4000000060
21015  15.817  -40.003  23.646 0.5000000000
21018  13.475  -41.044  24.039 0.5000000000
21030  13.575  -40.427  23.533 0.4000000060
26287  22.951  -32.885  32.010 0.3000000119
98447  20.859  -32.621  31.797 0.1000000015
26292  23.259  -32.444  31.257 0.2000000030
20984  23.670  -40.191  25.817 0.2000000030
21644  20.100  -39.078  24.802 0.5000000000
21660  13.996  -38.984  23.785 0.5000000000
99514  13.844  -39.622  23.839 0.3000000119
21704  15.872  -39.331  19.967 0.2000000030
91714  22.671  -32.150  29.627 0.2000000030
22869  24.851  -37.719  26.388 0.5000000000
98982  23.396  -37.961  25.475 0.5000000000
22875  22.057  -37.660  24.850 0.5000000000
22258  20.722  -38.645  24.864 0.5000000000
22266  19.810  -38.726  24.102 0.4000000060
96718  17.616  -38.526  22.671 0.5000000000
25645  24.662  -33.632  28.891 0.3000000119
25629  24.016  -32.965  28.850 0.3000000119
24167  25.403  -34.767  28.289 0.4000000060
23472  25.769  -36.047  27.675 0.4000000060
25654  24.098  -33.694  27.807 0.4000000060
22903  20.111  -37.358  22.946 0.3000000119
22286  18.420  -38.357  22.584 0.4000000060
22906  16.506  -37.352  22.586 0.3000000119
22278  14.513  -37.525  23.210 0.3000000119
94971  16.226  -36.597  22.482 0.3000000119
22908  14.152  -36.749  22.941 0.3000000119
23513  13.961  -36.872  22.750 0.3000000119
22938  15.160  -37.508  20.689 0.2000000030
26339  23.155  -32.778  27.683 0.2000000030
101556  20.791  -31.078  27.721 0.1000000015
24933  23.972  -33.866  26.145 0.4000000060
100498  22.109  -31.882  26.731 0.2000000030
23509  19.343  -37.136  22.286 0.3000000119
107097  14.750  -35.547  21.835 0.3000000119
23530  14.207  -36.364  22.241 0.3000000119
99493  14.544  -36.098  21.565 0.2000000030
26357  22.519  -32.162  26.179 0.2000000030
25672  23.525  -33.245  25.714 0.4000000060
25680  23.396  -33.346  24.896 0.3000000119
23508  19.613  -35.766  21.897 0.3000000119
25697  21.021  -33.186  22.387 0.2000000030
108941  13.494  -70.835  36.850 0.2000000030
2078  32.561  -76.260  6.913 0.5000000000
1065  21.991  -79.240  16.220 0.8000000119
1363  22.796  -78.953  15.894 0.6999999881
815  23.618  -80.114  14.490 0.5000000000
1086  24.240  -80.059  13.735 0.3000000119
573  23.677  -81.480  13.897 0.1000000015
827  23.981  -80.619  13.730 0.4000000060
1353  22.194  -78.454  16.669 0.8000000119
1343  19.976  -78.614  17.327 0.8000000119
90751  19.634  -79.171  17.323 0.4000000060
1067  18.335  -79.493  16.658 0.2000000030
1345  18.862  -79.028  17.015 0.4000000060
572  25.941  -81.085  13.668 0.2000000030
99436  24.481  -81.293  13.778 0.1000000015
587  24.689  -80.948  11.842 0.5000000000
1092  24.264  -80.136  11.993 0.5000000000
581  25.837  -81.018  12.764 0.3000000119
91075  25.185  -81.168  13.271 0.3000000119
99554  24.759  -80.967  12.771 0.3000000119
586  25.823  -81.028  11.557 0.4000000060
593  25.028  -81.120  11.361 0.5000000000
98986  25.255  -81.129  12.186 0.4000000060
843  24.306  -80.748  11.190 0.6000000238
430  30.585  -81.190  29.593 0.8000000119
1670  19.890  -77.971  17.153 0.6999999881
1356  18.720  -78.835  16.414 0.4000000060
1077  18.168  -79.359  15.862 0.2000000030
806  17.649  -80.054  14.937 0.3000000119
103279  17.907  -80.173  14.108 0.3000000119
808  16.573  -80.335  15.596 0.3000000119
101069  16.635  -80.056  14.845 0.3000000119
821  15.925  -79.994  15.196 0.2000000030
562  24.896  -81.694  14.173 0.1000000015
592  25.484  -80.954  11.031 0.5000000000
850  24.659  -80.496  10.794 0.6000000238
657  27.831  -80.104  35.729 0.6999999881
890  26.419  -80.112  36.266 0.6999999881
891  25.938  -79.495  35.952 0.6999999881
94626  29.067  -79.275  36.404 0.6000000238
899  26.839  -79.924  35.603 0.6999999881
897  28.782  -79.435  35.567 0.6999999881
665  27.938  -79.859  34.998 0.6999999881
684  30.373  -81.038  30.493 0.8000000119
94159  30.789  -81.207  28.366 0.8000000119
698  31.301  -81.049  28.833 0.8000000119
1682  19.914  -77.647  15.876 0.6999999881
96294  19.782  -78.304  15.112 0.6000000238
1364  19.318  -78.251  16.118 0.6999999881
1076  18.884  -78.841  15.387 0.6000000238
831  17.708  -80.054  13.872 0.4000000060
1084  16.573  -79.468  14.757 0.2000000030
1078  15.910  -79.109  15.110 0.2000000030
1372  16.511  -78.557  14.672 0.2000000030
1365  15.724  -78.077  15.256 0.2000000030
1357  15.911  -78.782  15.868 0.1000000015
2016  15.416  -77.284  15.514 0.1000000015
658  27.144  -80.214  36.412 0.6999999881
1156  30.484  -78.090  36.829 0.5000000000
1151  29.277  -78.567  37.146 0.6000000238
886  28.768  -79.472  37.032 0.6999999881
644  28.125  -80.035  36.819 0.6999999881
905  27.761  -79.632  34.442 0.6999999881
1165  29.950  -78.326  36.146 0.6000000238
92771  29.315  -78.861  35.815 0.6000000238
92297  28.929  -79.039  34.999 0.6999999881
904  28.160  -79.617  34.600 0.6000000238
912  28.207  -79.327  33.881 0.8000000119
1815  31.721  -77.033  37.462 0.4000000060
1477  30.657  -77.813  37.332 0.4000000060
1490  31.334  -77.605  37.000 0.4000000060
1501  30.888  -77.874  36.197 0.6000000238
103455  29.907  -77.820  35.423 0.6000000238
1511  29.564  -77.682  34.645 0.6000000238
932  30.048  -79.743  31.415 0.8000000119
677  30.986  -80.597  30.801 0.8000000119
682  31.481  -80.894  29.873 0.8000000119
1233  31.255  -79.297  29.675 0.6999999881
966  29.598  -80.150  27.667 0.8000000119
699  30.470  -80.589  28.235 0.6999999881
958  30.766  -79.863  28.933 0.6999999881
967  28.736  -79.745  27.214 0.8000000119
959  29.985  -79.424  27.951 0.6999999881
1243  30.530  -79.044  28.637 0.6999999881
1572  30.511  -78.445  28.117 0.5000000000
1082  19.176  -79.494  14.038 0.6000000238
1094  19.308  -79.711  12.502 0.5000000000
829  19.070  -79.867  13.331 0.3000000119
1069  15.877  -79.381  16.648 0.2000000030
101838  17.868  -79.148  13.114 0.4000000060
837  18.000  -80.072  13.037 0.5000000000
1379  16.764  -78.139  13.986 0.3000000119
1678  16.056  -77.521  16.530 0.1000000015
105569  17.246  -77.744  13.397 0.3000000119
1380  16.197  -77.767  14.478 0.2000000030
103265  15.232  -77.343  14.944 0.1000000015
2031  16.324  -76.932  14.384 0.3000000119
1692  16.676  -77.304  14.054 0.3000000119
645  26.349  -80.271  36.966 0.6999999881
1478  29.926  -77.864  37.499 0.4000000060
632  27.735  -79.851  37.666 0.6999999881
633  26.600  -80.252  37.673 0.6999999881
2170  30.773  -76.028  37.135 0.4000000060
1816  31.054  -76.753  37.442 0.4000000060
1152  28.544  -78.852  37.500 0.5000000000
882  27.954  -79.217  37.825 0.6999999881
1516  29.323  -77.814  33.725 0.6000000238
1188  28.947  -78.918  33.605 0.6000000238
911  28.591  -79.046  33.562 0.6999999881
2181  31.859  -75.184  36.631 0.3000000119
2169  31.663  -76.116  37.353 0.4000000060
1509  31.356  -77.390  35.528 0.6000000238
1837  30.791  -76.852  34.527 0.5000000000
1838  29.915  -77.065  34.138 0.6000000238
1201  29.244  -78.720  32.866 0.6000000238
109364  29.516  -78.584  32.378 0.6999999881
106010  30.357  -79.363  31.406 0.6999999881
92993  30.901  -79.005  31.208 0.5000000000
1814  32.983  -76.605  36.863 0.4000000060
1489  32.285  -77.179  36.821 0.3000000119
1500  32.430  -77.565  35.984 0.4000000060
1836  32.135  -77.230  34.842 0.4000000060
1847  32.395  -76.775  33.811 0.4000000060
1849  30.441  -76.488  33.550 0.5000000000
1524  30.025  -76.908  32.174 0.4000000060
1532  30.503  -77.354  31.233 0.5000000000
931  31.063  -79.976  31.147 0.6999999881
2180  32.901  -75.185  36.439 0.3000000119
2168  32.606  -75.942  37.090 0.4000000060
2179  34.177  -75.604  36.118 0.3000000119
1499  33.083  -77.365  35.419 0.4000000060
92974  33.152  -77.277  34.440 0.3000000119
104608  33.277  -77.223  33.819 0.4000000060
1543  30.868  -78.210  30.470 0.5000000000
103870  33.717  -75.175  36.249 0.3000000119
1835  33.968  -77.060  35.211 0.3000000119
103251  31.182  -78.638  29.980 0.6000000238
1559  30.909  -78.461  29.109 0.6000000238
1571  31.180  -77.997  28.457 0.4000000060
103242  29.256  -79.305  27.492 0.8000000119
96515  30.818  -78.001  27.381 0.6000000238
1586  29.229  -77.960  27.598 0.6999999881
1244  29.962  -78.631  27.787 0.6000000238
1587  28.569  -77.287  27.386 0.6999999881
1916  29.407  -77.113  27.278 0.6000000238
1585  30.046  -78.033  27.510 0.5000000000
1377  20.199  -78.747  12.891 0.8000000119
1103  19.054  -79.168  12.036 0.6000000238
2010  15.340  -76.970  15.911 0.1000000015
2011  14.862  -77.191  15.072 0.1000000015
2024  15.687  -77.201  14.663 0.2000000030
621  22.767  -80.224  39.913 0.6999999881
884  26.624  -79.618  38.412 0.6999999881
617  25.875  -79.748  38.714 0.6999999881
879  24.781  -79.529  39.561 0.6999999881
1805  30.506  -77.316  37.430 0.4000000060
1479  28.868  -78.014  37.571 0.5000000000
1147  26.800  -78.911  38.471 0.6999999881
1200  29.932  -78.291  31.860 0.6000000238
2210  32.101  -75.997  32.935 0.4000000060
2211  31.342  -75.746  32.598 0.4000000060
1874  30.640  -76.188  31.687 0.4000000060
1826  33.742  -76.569  36.172 0.3000000119
1846  33.940  -77.281  33.910 0.3000000119
1861  33.196  -76.805  33.179 0.3000000119
103575  32.139  -75.448  31.243 0.4000000060
103687  30.937  -76.373  30.944 0.5000000000
1885  31.042  -77.043  30.344 0.5000000000
95990  31.057  -77.766  29.598 0.4000000060
1558  31.542  -76.911  29.430 0.4000000060
1907  32.319  -77.304  28.063 0.4000000060
1908  31.791  -77.336  28.410 0.4000000060
1583  32.253  -77.784  26.247 0.4000000060
1570  31.546  -77.878  27.145 0.4000000060
2257  30.145  -76.517  26.839 0.6000000238
1929  31.017  -77.011  26.314 0.5000000000
1584  31.271  -77.652  26.547 0.4000000060
3454  24.090  -72.525  17.353 0.6999999881
1698  20.013  -78.124  12.376 0.8000000119
1386  19.900  -78.892  12.322 0.6999999881
1396  18.817  -78.204  11.930 0.8000000119
2755  14.543  -75.781  16.228 0.1000000015
2383  14.593  -77.078  14.414 0.1000000015
2374  14.619  -76.981  15.311 0.1000000015
2030  16.926  -76.518  14.085 0.5000000000
2393  15.006  -77.045  14.239 0.4000000060
106437  13.995  -77.082  13.449 0.1000000015
2375  14.055  -76.991  14.401 0.1000000015
2766  14.390  -77.087  13.874 0.2000000030
595  20.914  -79.649  41.426 0.6999999881
602  21.575  -79.861  41.052 0.6999999881
601  22.376  -79.633  41.199 0.6999999881
600  22.965  -79.794  40.652 0.6999999881
1860  34.100  -77.109  32.931 0.4000000060
2209  33.556  -76.475  32.399 0.4000000060
2221  32.757  -75.668  31.750 0.4000000060
1884  31.481  -76.207  30.348 0.4000000060
1834  34.618  -76.568  34.623 0.2000000030
1845  34.459  -76.784  33.453 0.2000000030
1873  34.364  -76.816  32.233 0.4000000060
2220  33.767  -76.176  31.610 0.4000000060
2231  32.832  -75.485  30.846 0.4000000060
2242  32.044  -76.113  29.715 0.4000000060
1858  34.991  -76.447  32.398 0.3000000119
1882  34.657  -76.667  31.452 0.4000000060
94306  33.646  -76.044  29.835 0.4000000060
1895  33.193  -76.135  29.303 0.4000000060
1914  32.656  -77.733  27.165 0.4000000060
1913  33.712  -77.848  27.764 0.4000000060
1582  33.481  -78.448  26.504 0.4000000060
103099  32.179  -76.824  25.738 0.4000000060
3461  24.009  -72.389  15.364 0.8000000119
3095  24.114  -72.917  18.166 0.8000000119
90711  24.252  -72.190  16.343 0.6999999881
1713  18.917  -77.180  10.861 0.8000000119
2767  13.383  -76.806  13.677 0.1000000015
2038  17.317  -76.946  13.370 0.6999999881
2765  15.460  -75.756  14.383 0.4000000060
93012  13.562  -76.540  13.237 0.2000000030
2381  16.753  -75.190  14.763 0.5000000000
95029  14.551  -76.463  13.287 0.4000000060
3136  13.511  -75.576  12.903 0.2000000030
104490  14.692  -74.452  14.338 0.4000000060
3512  13.442  -74.466  12.598 0.4000000060
2226  17.336  -75.459  31.881 0.8999999762
2217  14.730  -75.870  32.673 0.8999999762
2216  15.631  -75.733  32.576 0.8999999762
2596  14.890  -75.097  33.898 0.8999999762
2204  13.445  -75.779  33.626 0.8999999762
1881  34.904  -76.566  31.304 0.4000000060
107534  34.848  -76.813  30.621 0.4000000060
1883  34.660  -76.872  30.498 0.4000000060
100652  34.160  -76.975  29.528 0.4000000060
1557  34.698  -77.845  29.394 0.4000000060
1906  33.223  -76.895  28.472 0.4000000060
1232  34.567  -78.418  28.520 0.4000000060
1242  34.291  -79.098  27.376 0.4000000060
94115  32.460  -77.460  25.797 0.4000000060
1602  33.185  -78.105  25.910 0.4000000060
1610  33.857  -78.346  25.671 0.4000000060
1267  34.664  -79.533  26.226 0.4000000060
3499  22.113  -72.485  14.686 0.8000000119
3850  24.296  -71.928  15.618 0.6000000238
3498  23.776  -72.484  14.334 0.8000000119
2788  20.285  -74.668  13.236 0.8999999762
2410  20.121  -75.362  12.580 0.8999999762
3161  19.963  -73.662  13.036 0.8999999762
2798  19.798  -74.485  12.425 0.8999999762
1714  18.176  -77.103  10.918 0.8000000119
2769  12.011  -74.274  14.440 0.1000000015
2768  12.710  -75.180  14.063 0.1000000015
2403  12.702  -74.823  12.700 0.1000000015
2775  12.685  -75.278  13.299 0.1000000015
3153  12.891  -73.997  12.076 0.2000000030
91498  13.105  -76.364  12.929 0.1000000015
2917  14.963  -73.962  37.804 0.8999999762
2560  13.837  -74.422  36.585 0.8999999762
103541  18.193  -75.013  31.663 0.8999999762
2983  18.868  -74.206  31.682 0.8999999762
2602  17.901  -74.544  32.351 0.8999999762
94472  13.362  -74.804  37.203 0.8999999762
2214  17.025  -74.944  32.682 0.8999999762
2215  16.450  -75.608  32.329 0.8999999762
2603  16.156  -75.131  33.123 0.8999999762
2583  15.406  -74.511  34.318 0.8999999762
102153  15.589  -74.947  33.680 0.8999999762
2597  13.994  -75.250  34.139 0.8999999762
1855  12.629  -77.283  33.716 0.8999999762
1240  35.267  -78.876  27.900 0.4000000060
1252  34.686  -79.666  26.939 0.4000000060
964  35.420  -79.389  26.728 0.4000000060
1249  36.600  -78.351  26.591 0.3000000119
3868  24.099  -72.294  14.302 0.6000000238
4288  23.982  -70.698  15.717 0.5000000000
3509  23.498  -72.489  13.574 0.6000000238
3849  24.509  -71.661  16.705 0.6999999881
3510  20.921  -72.164  13.688 0.6999999881
94134  20.344  -72.770  13.510 0.8000000119
3520  19.854  -72.603  12.821 0.6999999881
3162  19.579  -73.541  12.252 0.8000000119
3187  18.917  -74.000  10.874 0.8000000119
2810  19.360  -74.392  11.504 0.8000000119
2428  18.953  -75.553  10.321 0.8999999762
94112  17.917  -75.024  9.895 0.8999999762
3119  11.765  -73.460  15.163 0.1000000015
3137  11.490  -74.362  13.062 0.1000000015
3154  11.733  -74.042  12.396 0.1000000015
3503  13.584  -73.258  13.659 0.3000000119
3484  14.261  -73.310  14.560 0.4000000060
3666  16.645  -71.960  37.790 0.8000000119
4482  16.349  -69.353  38.988 0.8000000119
4062  16.309  -70.351  38.771 0.8000000119
3286  15.988  -73.011  37.642 0.8000000119
2924  15.480  -73.554  37.272 0.8999999762
3279  15.896  -72.860  38.378 0.8000000119
3340  19.801  -72.791  32.128 0.8999999762
2551  12.865  -75.505  37.099 0.8999999762
2971  19.152  -73.401  32.129 0.8999999762
2972  18.483  -73.733  32.553 0.8999999762
2956  17.472  -73.755  33.577 0.8999999762
3319  19.784  -72.234  33.011 0.8000000119
3320  19.109  -72.383  33.789 0.8000000119
2594  16.810  -74.435  33.362 0.8999999762
2165  12.688  -76.252  38.000 0.8999999762
2595  16.120  -74.509  33.820 0.8999999762
1811  12.298  -77.173  37.669 0.8999999762
106288  14.992  -74.292  34.892 0.8999999762
97021  12.526  -76.500  37.020 0.8999999762
1496  12.039  -77.493  37.111 0.8999999762
1175  11.117  -77.999  35.718 0.8000000119
1164  10.761  -77.602  36.213 0.8000000119
1514  12.154  -77.838  35.063 0.6999999881
100785  10.283  -76.808  31.202 0.4000000060
1542  10.102  -78.025  31.371 0.5000000000
99508  10.017  -77.362  31.987 0.5000000000
4775  23.570  -70.383  14.825 0.5000000000
96017  24.121  -71.573  14.845 0.5000000000
3882  24.026  -72.394  13.639 0.6000000238
3895  23.851  -72.293  13.072 0.6000000238
3897  21.655  -71.948  13.079 0.6000000238
95524  20.496  -71.869  13.119 0.6000000238
3937  20.810  -71.323  11.675 0.5000000000
3917  19.859  -71.695  12.352 0.5000000000
2818  18.934  -74.763  10.577 0.8000000119
99689  17.971  -74.206  9.838 0.6999999881
2824  16.887  -74.442  10.024 0.8000000119
3108  11.369  -72.873  15.805 0.1000000015
104034  11.198  -73.558  13.589 0.1000000015
3485  10.868  -72.300  15.413 0.1000000015
3524  12.155  -72.831  11.841 0.3000000119
3155  11.262  -73.455  12.690 0.1000000015
3322  17.992  -73.075  34.041 0.8000000119
2942  17.298  -73.284  34.432 0.8999999762
95674  14.371  -74.420  35.254 0.8999999762
104846  12.042  -77.669  36.359 0.8999999762
1174  11.832  -77.908  35.637 0.6999999881
2585  12.919  -75.321  35.061 0.8999999762
106584  12.332  -77.124  35.244 0.8999999762
4776  23.030  -69.649  14.149 0.5000000000
4305  23.605  -70.850  13.784 0.5000000000
3881  24.086  -72.323  13.526 0.5000000000
4351  23.175  -72.330  10.458 0.4000000060
3914  23.603  -72.273  12.192 0.5000000000
4342  23.409  -72.266  11.273 0.4000000060
3915  23.076  -72.399  11.930 0.6000000238
4353  20.348  -71.100  10.899 0.4000000060
3938  19.598  -71.404  11.464 0.6000000238
3939  18.899  -71.746  10.984 0.6000000238
3950  19.248  -71.097  10.746 0.6000000238
3951  18.397  -71.600  10.290 0.6000000238
3536  18.446  -72.368  10.502 0.6999999881
3555  17.660  -72.365  9.818 0.6999999881
3196  17.371  -73.681  9.674 0.6999999881
3556  16.824  -72.295  9.597 0.6999999881
3546  16.111  -72.707  10.191 0.6999999881
3900  10.599  -71.618  12.797 0.1000000015
99311  10.819  -72.643  13.464 0.1000000015
3855  10.677  -71.632  16.144 0.1000000015
3537  15.886  -72.330  10.548 0.6999999881
3525  11.627  -72.434  11.934 0.2000000030
3166  11.590  -73.223  11.988 0.1000000015
3513  12.750  -72.936  12.519 0.3000000119
3871  13.768  -72.055  14.664 0.4000000060
3659  16.182  -72.138  38.549 0.8000000119
4495  16.755  -69.553  38.044 0.8000000119
5425  16.703  -67.891  38.546 0.6999999881
1802  12.355  -77.143  38.542 0.8999999762
1486  11.558  -77.313  37.305 0.8999999762
2943  16.476  -73.511  34.891 0.8999999762
2584  13.589  -74.898  34.936 0.8999999762
4796  23.348  -70.543  13.050 0.5000000000
4805  23.516  -71.628  11.320 0.4000000060
90622  23.707  -71.772  11.992 0.4000000060
90533  22.828  -70.297  11.193 0.3000000119
4808  23.151  -71.405  10.238 0.3000000119
4359  22.797  -72.286  9.513 0.4000000060
4352  22.130  -72.113  10.578 0.4000000060
95605  21.987  -72.146  8.733 0.4000000060
4360  21.236  -71.409  10.024 0.4000000060
4362  18.801  -70.663  10.014 0.6000000238
4367  18.064  -70.213  9.309 0.6000000238
4369  15.561  -70.773  9.300 0.6000000238
3958  17.448  -71.285  9.607 0.6000000238
3959  16.127  -71.513  9.298 0.6999999881
4330  10.262  -70.374  12.570 0.1000000015
3872  10.396  -71.497  14.861 0.1000000015
96109  10.640  -71.532  17.028 0.1000000015
3558  15.212  -71.559  9.754 0.6000000238
3547  15.516  -72.085  10.045 0.6999999881
4345  11.261  -70.606  11.936 0.3000000119
3922  10.943  -71.345  11.924 0.1000000015
3919  16.539  -71.208  11.800 0.6000000238
3941  15.358  -71.702  10.236 0.6000000238
3899  12.606  -71.369  13.061 0.4000000060
4069  16.725  -70.458  37.943 0.8000000119
2910  15.128  -73.853  38.626 0.8999999762
2536  14.746  -74.128  39.185 0.8999999762
3673  17.019  -71.970  37.232 0.8000000119
2164  13.650  -74.813  38.111 0.8999999762
4503  17.313  -69.199  37.400 0.6000000238
4068  17.284  -70.140  37.351 0.6999999881
3293  16.581  -72.561  37.239 0.8000000119
2157  12.643  -76.537  39.056 0.8999999762
2561  13.047  -74.954  36.297 0.8999999762
2572  13.659  -74.571  35.746 0.8999999762
2176  12.688  -75.783  36.395 0.8999999762
2932  15.889  -73.579  35.554 0.8999999762
4358  23.187  -72.264  10.098 0.4000000060
4813  23.104  -71.918  8.139 0.4000000060
4364  22.672  -72.165  8.082 0.4000000060
4361  19.831  -70.664  10.190 0.4000000060
4365  20.526  -70.829  9.206 0.4000000060
98437  19.273  -70.159  9.364 0.5000000000
107200  17.348  -69.767  8.783 0.6000000238
4368  16.734  -70.507  9.163 0.6000000238
4346  10.626  -70.020  12.090 0.3000000119
98008  9.937  -70.697  14.531 0.1000000015
4275  10.206  -71.025  16.570 0.1000000015
4363  14.897  -70.950  9.967 0.6000000238
100115  15.076  -70.442  10.438 0.6000000238
4355  15.537  -71.127  10.743 0.6000000238
4354  15.906  -70.420  11.173 0.6000000238
2909  15.493  -73.339  38.987 0.8000000119
2156  13.158  -75.577  38.674 0.8999999762
2923  16.080  -73.159  36.854 0.8000000119
2571  14.498  -74.179  36.009 0.8999999762
2931  16.624  -73.104  35.728 0.8000000119
103604  18.503  -72.272  35.178 0.8000000119
3301  17.314  -72.657  36.056 0.8000000119
2933  15.126  -74.031  35.467 0.8999999762
4375  22.163  -71.618  5.974 0.3000000119
95376  21.658  -71.954  7.582 0.4000000060
4373  21.488  -71.441  6.479 0.3000000119
4366  20.281  -70.415  7.717 0.3000000119
4814  18.494  -69.617  8.335 0.5000000000
4807  10.569  -68.940  12.220 0.3000000119
4781  9.778  -69.403  12.869 0.2000000030
4295  9.530  -69.934  14.653 0.1000000015
4276  9.678  -70.154  16.560 0.1000000015
4812  14.712  -69.881  10.101 0.6000000238
4815  16.422  -69.803  8.884 0.6000000238
4782  9.326  -69.106  13.652 0.1000000015
4761  8.906  -68.898  14.647 0.1000000015
95292  9.408  -69.801  15.513 0.1000000015
2546  13.834  -74.774  39.175 0.8999999762
1793  12.419  -76.789  39.783 0.8999999762
4078  18.581  -70.391  36.134 0.6999999881
3300  17.856  -72.156  36.322 0.8000000119
3292  17.175  -72.311  36.701 0.8000000119
3678  18.441  -71.971  35.857 0.8000000119
4826  22.071  -70.837  6.204 0.4000000060
4827  21.388  -70.785  6.432 0.4000000060
4819  20.665  -70.509  6.914 0.4000000060
4820  19.643  -69.441  7.593 0.4000000060
5247  16.937  -68.849  7.954 0.5000000000
4821  18.340  -68.951  7.498 0.5000000000
4824  15.580  -69.009  9.078 0.6000000238
4822  17.295  -69.167  7.942 0.6000000238
4740  8.801  -69.087  15.791 0.1000000015
4817  14.984  -69.475  9.653 0.6000000238
5220  9.014  -67.844  13.625 0.2000000030
4809  16.461  -69.497  11.443 0.6000000238
4810  15.305  -69.690  10.694 0.6000000238
5660  9.470  -67.149  13.370 0.3000000119
4343  17.506  -69.966  12.748 0.6000000238
2143  12.957  -75.565  40.514 0.8999999762
4828  20.258  -69.832  7.198 0.4000000060
5246  17.708  -68.974  7.482 0.5000000000
5236  14.985  -68.776  10.480 0.5000000000
5200  8.546  -67.661  15.015 0.1000000015
5661  8.987  -67.116  14.120 0.2000000030
2519  13.006  -74.621  41.756 0.8999999762
2518  13.789  -74.096  41.293 0.8000000119
2537  13.632  -74.907  40.142 0.8999999762
2520  12.389  -74.830  41.937 0.8999999762
2882  11.595  -73.907  42.775 0.8999999762
5241  15.011  -68.497  9.638 0.6000000238
5180  8.222  -67.497  16.023 0.1000000015
5158  8.374  -68.361  16.104 0.1000000015
5235  15.850  -68.769  11.083 0.5000000000
2879  13.503  -73.314  42.439 0.8000000119
2890  14.023  -73.405  41.644 0.8000000119
2868  12.609  -73.076  43.713 0.8000000119
2509  12.458  -74.286  42.540 0.8000000119
2527  14.199  -74.223  40.480 0.8000000119
2881  12.075  -73.916  43.054 0.8000000119
104752  10.888  -73.187  42.332 0.8999999762
109341  8.055  -67.362  16.525 0.1000000015
96064  9.408  -66.663  15.362 0.4000000060
5649  8.956  -66.928  14.986 0.3000000119
3617  14.145  -71.914  43.803 0.8000000119
3238  13.333  -72.578  43.963 0.8000000119
3254  14.122  -72.698  42.140 0.8000000119
2869  12.120  -73.322  43.518 0.8000000119
3619  12.796  -72.063  44.410 0.8000000119
3620  11.729  -72.066  43.801 0.8000000119
3626  11.042  -71.892  43.012 0.8000000119
3239  11.488  -72.969  43.338 0.8000000119
4033  11.048  -70.949  42.470 0.8000000119
6099  8.300  -66.110  16.824 0.3000000119
5631  8.238  -66.850  16.287 0.2000000030
3234  13.237  -72.194  44.501 0.8000000119
3618  13.749  -72.022  44.441 0.8000000119
3612  14.305  -71.558  44.567 0.8000000119
4027  12.361  -71.026  44.058 0.8000000119
4028  11.416  -70.791  43.115 0.8000000119
6067  9.333  -65.429  17.979 0.6000000238
6086  8.140  -65.782  17.738 0.4000000060
97721  7.822  -66.237  17.510 0.2000000030
4020  13.463  -70.854  45.978 0.6999999881
3607  13.993  -71.478  45.493 0.8000000119
4018  14.123  -71.148  45.683 0.6999999881
4445  12.458  -70.352  44.716 0.8000000119
4023  13.274  -71.437  44.937 0.8000000119
4452  11.675  -70.228  43.611 0.8000000119
4454  9.857  -69.157  43.208 0.8000000119
4459  10.655  -69.753  42.565 0.6999999881
6066  10.053  -65.422  18.499 0.6000000238
5579  7.707  -67.014  19.037 0.1000000015
4438  12.787  -70.309  46.283 0.6999999881
4430  13.252  -70.293  47.032 0.6999999881
4439  11.337  -69.470  45.290 0.6999999881
4453  10.641  -69.645  43.250 0.8000000119
6587  9.038  -65.183  18.591 0.4000000060
6068  7.679  -66.007  18.263 0.2000000030
4431  12.873  -70.217  47.246 0.6999999881
4424  12.729  -70.019  47.786 0.6999999881
4446  10.819  -69.548  44.059 0.8000000119
4934  9.796  -69.004  42.951 0.8000000119
6567  9.641  -65.090  19.450 0.6000000238
6051  7.658  -65.811  19.201 0.1000000015
4433  9.724  -69.192  46.015 0.6999999881
4426  10.055  -69.630  48.003 0.6999999881
106362  11.605  -69.898  48.731 0.6999999881
4913  9.334  -68.825  45.207 0.6999999881
4434  9.257  -69.203  47.004 0.6999999881
4927  9.507  -68.905  43.486 0.8000000119
4921  9.326  -68.913  44.234 0.6999999881
6569  7.983  -65.247  19.564 0.3000000119
5342  9.143  -68.614  46.247 0.6999999881
4894  8.868  -69.103  47.965 0.6999999881
4417  9.634  -69.492  48.439 0.6999999881
5365  9.675  -68.296  44.155 0.6999999881
104435  9.284  -68.761  45.152 0.6999999881
5364  10.967  -67.386  44.262 0.8000000119
5378  9.540  -68.645  43.595 0.6999999881
4906  8.824  -69.016  47.004 0.6999999881
5322  8.675  -68.346  48.607 0.6999999881
5314  8.640  -68.535  49.791 0.6999999881
5349  10.432  -67.629  45.027 0.6999999881
89023  9.783  -66.576  38.742 0.3000000119
6026  7.581  -66.037  22.028 0.2000000030
5790  9.062  -67.677  47.897 0.6999999881
5782  8.832  -67.247  48.748 0.6999999881
5774  8.532  -66.959  49.669 0.6999999881
5802  9.875  -67.485  46.671 0.6999999881
5329  9.131  -68.201  47.124 0.6999999881
5781  9.587  -66.655  48.227 0.6999999881
5341  10.037  -67.731  45.841 0.6999999881
5801  10.970  -66.790  46.296 0.6999999881
89022  9.144  -67.067  37.176 0.3000000119
89021  8.648  -67.025  38.343 0.3000000119
6035  7.733  -64.989  21.967 0.3000000119
6253  8.149  -66.843  50.658 0.6999999881
6265  9.352  -66.295  49.049 0.6999999881
6242  8.493  -65.778  50.931 0.6999999881
6279  10.463  -66.145  47.859 0.6999999881
5815  11.077  -66.993  45.605 0.6999999881
6292  11.686  -65.971  46.721 0.6999999881
6278  11.281  -65.637  47.482 0.6999999881
5348  11.655  -66.852  45.005 0.6999999881
5800  12.053  -66.297  45.792 0.6999999881
6764  8.941  -64.579  51.220 0.6999999881
6251  9.845  -65.325  49.345 0.6999999881
6263  10.899  -65.213  48.162 0.6999999881
6264  10.166  -65.729  48.577 0.6999999881
6777  10.300  -64.325  49.675 0.6999999881
90672  12.699  -64.627  46.771 0.6999999881
6277  12.086  -65.147  47.110 0.6999999881
6792  10.583  -64.784  48.858 0.6999999881
95351  12.936  -65.512  45.401 0.6999999881
6817  13.239  -64.402  46.189 0.6999999881
6790  12.067  -63.927  48.037 0.6999999881
7343  11.754  -63.429  48.781 0.6999999881
7362  13.129  -63.852  46.865 0.6999999881
6804  12.402  -64.360  47.375 0.6999999881
7342  12.574  -62.910  48.265 0.6999999881
108761  7.794  -64.235  22.910 0.6000000238
109218  7.464  -64.879  23.021 0.4000000060
7839  11.842  -62.514  49.024 0.6999999881
7864  13.047  -62.051  47.736 0.6999999881
6535  7.610  -64.479  23.289 0.5000000000
108388  11.188  -62.481  49.447 0.6999999881
8328  11.144  -61.751  49.155 0.6999999881
109208  7.559  -64.910  25.186 0.4000000060
8774  10.667  -60.895  47.770 0.6999999881
8785  11.737  -60.542  47.422 0.6999999881
8795  11.805  -60.088  46.333 0.6999999881
107015  7.831  -63.776  26.129 0.6000000238
96606  7.893  -63.662  26.732 0.3000000119
6522  7.721  -64.177  24.845 0.5000000000
7051  7.713  -64.476  25.859 0.3000000119
9237  10.517  -60.152  45.969 0.6999999881
9250  8.054  -59.144  45.474 0.6000000238
9259  11.334  -59.722  44.807 0.6000000238
11070  6.127  -56.799  33.608 0.4000000060
9249  9.320  -59.467  44.917 0.6000000238
93810  9.629  -58.971  44.235 0.6999999881
105932  5.549  -57.177  41.005 0.2000000030
11071  5.647  -56.039  34.243 0.4000000060
9811  8.573  -58.052  45.103 0.6999999881
11577  5.170  -55.188  39.059 0.3000000119
10991  5.437  -56.573  40.314 0.3000000119
12187  7.088  -55.095  38.848 0.2000000030
11567  6.185  -55.725  39.104 0.1000000015
16434  19.359  -46.612  38.282 0.6000000238
17043  19.677  -45.505  38.747 0.4000000060
90600  7.203  -54.417  38.005 0.4000000060
96436  6.066  -54.609  37.983 0.3000000119
12835  4.886  -53.241  39.273 0.6000000238
17050  20.557  -45.641  38.270 0.6000000238
17051  20.023  -46.090  38.322 0.6000000238
16435  18.570  -47.205  38.357 0.6000000238
14742  6.017  -50.882  35.324 0.3000000119
95348  7.026  -55.658  43.959 0.8000000119
12814  8.386  -53.142  40.306 0.8000000119
12795  7.650  -53.496  41.039 0.6999999881
12832  7.933  -52.450  39.469 0.6999999881
103407  5.902  -52.546  40.015 0.6999999881
12816  5.266  -53.037  40.164 0.6000000238
12172  4.637  -53.725  40.134 0.6000000238
17041  20.560  -44.756  38.487 0.5000000000
17042  20.199  -45.056  38.645 0.5000000000
17044  18.951  -46.097  38.867 0.5000000000
12850  5.760  -52.708  38.001 0.6000000238
16441  20.977  -46.256  37.859 0.6999999881
16436  17.766  -47.647  38.666 0.6000000238
15300  8.471  -48.451  34.191 0.5000000000
17049  20.903  -45.186  38.167 0.6000000238
15818  16.999  -48.145  39.048 0.6000000238
15256  15.859  -48.577  38.336 0.8000000119
17650  22.194  -44.799  37.838 0.6000000238
15265  14.317  -48.701  37.686 0.6000000238
17048  21.739  -45.835  37.742 0.6999999881
18256  21.304  -42.633  39.513 0.4000000060
16429  18.231  -46.664  39.270 0.5000000000
18255  21.877  -42.436  39.024 0.3000000119
17641  21.593  -43.693  38.412 0.6000000238
17651  21.340  -44.723  38.097 0.6000000238
15819  16.259  -48.459  39.387 0.6000000238
14720  11.596  -49.343  36.509 0.6999999881
17640  22.513  -43.572  38.182 0.5000000000
107076  23.333  -43.922  37.911 0.6000000238
18268  24.175  -44.092  37.723 0.6000000238
17047  23.040  -46.003  37.664 0.6999999881
17648  24.471  -45.169  37.401 0.6999999881
14824  8.193  -50.810  25.639 0.5000000000
17644  19.835  -44.484  39.334 0.4000000060
17036  19.240  -45.064  39.574 0.4000000060
17037  18.597  -45.703  39.903 0.5000000000
15257  14.956  -48.844  38.820 0.6000000238
15258  13.919  -48.892  39.358 0.6999999881
15266  13.147  -48.630  38.347 0.6999999881
14711  11.667  -48.642  37.933 0.8000000119
15850  27.545  -48.791  34.747 0.6000000238
15844  25.032  -48.817  35.431 0.6999999881
15845  24.215  -48.849  35.719 0.6999999881
15836  23.866  -48.445  36.066 0.8000000119
17671  26.817  -45.214  34.348 0.6999999881
16456  27.592  -47.799  34.676 0.6999999881
16457  26.471  -46.951  34.737 0.8000000119
16463  29.450  -47.051  33.471 0.8000000119
17064  28.606  -46.641  34.339 0.8000000119
17670  27.308  -45.485  34.320 0.8000000119
14256  9.105  -51.656  25.366 0.5000000000
14823  10.158  -50.934  26.138 0.5000000000
18936  26.937  -44.142  33.957 0.6000000238
95556  27.638  -44.326  34.259 0.8000000119
20270  26.102  -43.575  32.819 0.5000000000
17675  30.115  -45.610  33.206 0.8000000119
94756  29.133  -45.081  34.255 0.8000000119
20267  29.585  -41.753  33.780 0.8000000119
20268  28.269  -41.802  33.729 0.6999999881
103566  30.515  -42.938  33.232 0.8999999762
19609  30.217  -42.401  33.563 0.8000000119
20254  28.765  -42.349  34.058 0.8000000119
20269  27.010  -42.928  33.107 0.8000000119
17679  30.526  -45.535  32.405 0.8999999762
18281  29.581  -44.181  34.060 0.8000000119
18934  29.139  -43.449  34.256 0.8000000119
18935  27.888  -43.645  34.210 0.8000000119
90248  32.211  -47.117  25.837 0.6999999881
100714  11.481  -46.166  28.227 0.8999999762
22814  20.395  -38.638  33.065 0.1000000015
20896  28.444  -40.622  33.488 0.5000000000
103783  31.329  -43.925  30.813 0.8999999762
18944  31.112  -43.832  31.740 0.8999999762
108725  31.818  -46.079  24.254 0.6000000238
102797  32.532  -46.348  26.198 0.8000000119
15917  11.744  -46.511  29.544 0.5000000000
15932  12.113  -46.114  28.109 0.8999999762
92026  12.235  -48.606  26.556 0.6999999881
15943  12.431  -47.233  27.135 0.6999999881
16549  12.211  -48.250  25.628 0.6000000238
106863  18.066  -40.324  31.776 0.1000000015
89052  32.754  -45.067  26.921 0.8000000119
102660  32.505  -44.806  24.569 0.6999999881
89056  32.697  -44.115  25.636 0.8000000119
93481  12.046  -46.127  28.943 0.6000000238
16511  12.579  -45.947  28.614 0.6999999881
16529  12.501  -46.109  28.061 0.8999999762
16538  12.599  -46.608  27.161 0.6999999881
93808  11.258  -47.516  24.366 0.6999999881
16539  12.506  -47.645  26.495 0.6999999881
89054  31.332  -44.294  28.161 0.8000000119
108613  31.087  -43.645  25.428 0.8000000119
89707  30.813  -44.084  27.311 0.8999999762
17115  30.069  -45.217  25.653 0.8000000119
18974  29.584  -43.777  26.402 0.8000000119
19646  29.918  -42.159  27.430 0.6000000238
18969  26.714  -43.284  26.666 0.5000000000
18970  25.985  -43.579  26.978 0.5000000000
104314  25.499  -42.148  26.882 0.4000000060
17108  13.295  -45.980  28.124 0.8000000119
16528  12.822  -45.940  28.452 0.8999999762
18346  14.855  -44.643  26.667 0.3000000119
17117  12.868  -45.802  27.140 0.6999999881
17128  11.791  -47.115  25.213 0.6999999881
20336  28.362  -41.360  27.047 0.6000000238
109176  26.929  -41.756  26.915 0.6000000238
19648  27.717  -42.065  26.659 0.6999999881
19649  26.785  -42.411  26.786 0.6000000238
98215  25.925  -42.801  26.965 0.5000000000
19651  25.074  -42.784  26.898 0.5000000000
18325  14.340  -45.221  27.291 0.4000000060
17715  13.842  -45.718  27.782 0.4000000060
18326  13.631  -45.274  27.049 0.5000000000
17717  13.234  -45.666  27.459 0.8000000119
18347  13.856  -44.693  26.585 0.6000000238
18990  15.858  -43.423  25.584 0.5000000000
20979  27.961  -40.543  27.225 0.5000000000
20337  27.421  -41.237  27.015 0.6999999881
19650  26.188  -41.933  26.962 0.6000000238
20982  25.243  -40.461  26.656 0.4000000060
18991  14.743  -43.433  25.483 0.4000000060
19667  16.336  -42.773  25.184 0.4000000060
18984  14.292  -44.100  25.979 0.5000000000
96907  27.449  -39.790  27.361 0.6000000238
19680  16.803  -42.128  24.779 0.4000000060
19668  15.175  -42.785  25.026 0.5000000000
19669  14.008  -42.676  24.913 0.5000000000
20366  16.074  -41.458  24.263 0.5000000000
19681  15.636  -42.152  24.579 0.4000000060
26358  21.977  -31.615  26.031 0.1000000015
27032  21.689  -31.099  25.019 0.1000000015
109005  19.288  -36.474  21.959 0.2000000030
23510  17.297  -36.980  22.067 0.2000000030
26376  22.349  -31.660  24.442 0.1000000015
26385  22.505  -32.238  23.902 0.1000000015
27042  22.007  -31.242  24.370 0.1000000015
100641  20.472  -35.363  22.440 0.2000000030
109180  19.754  -34.375  21.665 0.1000000015
24973  19.173  -34.601  21.293 0.2000000030
24235  18.926  -35.309  21.376 0.2000000030
23527  18.649  -36.054  21.564 0.2000000030
102187  18.422  -36.817  21.816 0.2000000030
23528  17.617  -36.188  21.636 0.2000000030
26391  22.012  -32.188  23.310 0.1000000015
26386  22.280  -31.835  23.830 0.1000000015
26392  21.541  -32.383  22.766 0.1000000015
24236  17.907  -35.486  21.235 0.1000000015
24221  15.824  -35.297  22.001 0.2000000030
27057  21.747  -31.698  23.208 0.1000000015
25707  20.121  -33.187  21.628 0.1000000015
24972  19.553  -33.968  21.395 0.1000000015
25709  18.595  -34.123  20.797 0.1000000015
24974  18.208  -34.794  20.938 0.1000000015
24987  15.854  -33.838  21.056 0.1000000015
24976  16.105  -34.741  21.557 0.2000000030
24222  14.927  -35.481  22.017 0.2000000030
103394  15.673  -33.827  21.284 0.1000000015
24988  15.347  -33.748  20.932 0.1000000015
24238  15.083  -34.944  21.427 0.1000000015
24270  15.332  -34.821  20.401 0.1000000015
27058  21.366  -31.655  22.669 0.1000000015
100709  19.534  -32.836  21.011 0.1000000015
26398  20.882  -32.397  22.154 0.1000000015
24986  17.277  -34.068  20.657 0.1000000015
26412  17.179  -32.858  20.047 0.1000000015
25721  16.194  -33.186  20.457 0.1000000015
25722  15.467  -33.315  20.553 0.1000000015
25708  19.116  -33.460  20.844 0.1000000015
25720  17.876  -33.514  20.328 0.1000000015
95728  12.197  -78.045  34.255 0.8000000119
96490  12.592  -76.139  34.950 0.8999999762
2203  14.330  -75.543  33.377 0.8999999762
5648  9.561  -66.908  14.230 0.3000000119
2205  12.796  -76.279  34.027 0.8999999762
6098  9.311  -66.168  16.501 0.4000000060
609  23.588  -79.902  40.148 0.6999999881
95265  29.281  -78.639  27.575 0.6999999881
906  26.944  -79.415  34.822 0.6999999881
913  28.140  -79.159  33.224 0.8000000119
591  26.346  -81.053  11.107 0.4000000060
90297  24.311  -80.346  12.794 0.5000000000
3500  20.756  -72.879  14.321 0.8000000119
10992  4.793  -55.699  40.756 0.4000000060
12797  5.023  -53.601  41.014 0.6000000238
106937  6.570  -50.238  35.081 0.4000000060
12815  7.008  -52.815  39.996 0.6999999881
12203  5.240  -53.693  38.247 0.5000000000
12834  5.489  -52.505  39.414 0.6999999881
17059  26.256  -46.463  34.886 0.8000000119
16450  25.911  -47.200  35.080 0.6999999881
20255  26.449  -43.604  33.348 0.5000000000
15376  11.828  -49.830  26.220 0.6000000238
104500  26.534  -43.557  33.619 0.5000000000
105369  25.857  -43.703  32.471 0.5000000000
94350  30.094  -40.921  33.301 0.6000000238
99779  30.855  -43.146  32.546 0.8999999762
89058  31.245  -44.326  29.973 0.8999999762
18943  31.162  -42.985  31.717 0.8999999762
102796  31.081  -45.961  28.674 0.8000000119
90054  32.785  -44.502  27.346 0.8000000119
102429  32.345  -44.105  27.302 0.8999999762
98203  30.226  -42.943  27.337 0.6999999881
19647  28.868  -42.217  26.773 0.6000000238
19655  24.758  -41.936  26.554 0.5000000000
20339  25.582  -41.323  26.813 0.5000000000
20980  26.998  -40.492  27.128 0.6000000238
21624  26.533  -39.754  27.128 0.5000000000
27021  20.913  -31.023  26.411 0.1000000015
24251  14.850  -35.056  21.068 0.1000000015
25006  15.282  -33.956  20.632 0.1000000015
109315  20.409  -34.739  22.249 0.2000000030
25691  22.260  -32.825  23.416 0.1000000015
4802  9.525  -68.470  12.794 0.2000000030
17663  26.465  -45.681  34.731 0.8000000119
18284  26.748  -44.488  34.270 0.6000000238
19603  26.927  -43.836  33.714 0.6000000238
23529  16.545  -36.028  22.164 0.2000000030
24977  15.255  -34.239  21.140 0.1000000015
100184  21.343  -31.139  25.834 0.1000000015
24961  19.843  -34.890  21.839 0.2000000030
108443  24.273  -80.485  13.646 0.3000000119
108790  25.812  -81.142  12.140 0.3000000119
1083  18.390  -79.511  14.930 0.3000000119
1088  17.621  -79.528  13.734 0.4000000060
1177  29.112  -78.518  34.408 0.6999999881
1223  31.356  -79.599  30.576 0.6000000238
1817  30.148  -76.564  37.179 0.4000000060
1153  27.996  -78.490  37.785 0.5000000000
1863  29.962  -76.681  32.919 0.6000000238
1848  31.307  -76.497  34.030 0.5000000000
2199  31.282  -76.017  33.321 0.4000000060
1862  30.570  -76.079  32.619 0.4000000060
2564  34.858  -75.245  35.849 0.3000000119
2178  34.556  -76.122  35.639 0.3000000119
1915  30.489  -77.491  26.935 0.5000000000
1142  26.030  -79.233  38.875 0.6999999881
2241  32.818  -75.700  29.856 0.4000000060
1896  32.501  -76.444  29.055 0.4000000060
1872  34.700  -76.617  32.001 0.4000000060
1277  35.032  -79.109  25.764 0.4000000060
3535  19.133  -72.278  11.468 0.8000000119
3195  17.912  -73.370  9.803 0.6999999881
3120  11.109  -73.061  14.624 0.1000000015
3936  22.678  -72.270  11.161 0.4000000060
3504  10.678  -72.286  14.496 0.1000000015
4350  23.477  -72.144  10.649 0.4000000060
99726  10.469  -71.836  13.819 0.1000000015
3920  12.162  -71.971  12.011 0.3000000119
4311  9.758  -70.130  13.614 0.1000000015
4294  9.961  -70.716  15.613 0.1000000015
4372  22.445  -72.074  6.694 0.3000000119
4816  15.516  -69.841  9.180 0.6000000238
3244  13.999  -72.226  43.010 0.8000000119
4013  13.472  -70.559  46.460 0.6999999881
4432  10.708  -69.590  47.385 0.6999999881
4425  11.322  -69.899  48.389 0.6999999881
4416  10.748  -69.827  48.727 0.6999999881
5313  8.428  -67.779  49.526 0.6999999881
5775  8.171  -67.580  50.397 0.6999999881
5789  9.719  -67.057  47.435 0.6999999881
5788  10.720  -66.494  47.100 0.6999999881
6791  11.320  -64.339  48.455 0.6999999881
8797  7.998  -60.052  45.797 0.6000000238
11569  4.636  -54.735  40.152 0.5000000000
17642  20.870  -43.866  38.699 0.5000000000
17643  20.328  -43.797  39.390 0.4000000060
17649  23.442  -44.888  37.725 0.6000000238
15851  26.794  -48.220  34.852 0.6999999881
15292  26.751  -49.061  35.075 0.5000000000
17066  26.780  -46.116  34.473 0.8000000119
100231  27.941  -47.069  34.571 0.8000000119
17065  27.690  -46.331  34.475 0.8000000119
91722  27.062  -46.934  34.507 0.6999999881
16458  26.167  -47.670  34.871 0.6999999881
104373  26.721  -47.462  34.700 0.6999999881
17073  29.751  -46.339  33.355 0.8000000119
17063  29.279  -46.498  33.905 0.8000000119
16454  29.004  -47.251  34.003 0.8000000119
107339  29.060  -45.944  34.206 0.8000000119
18282  28.090  -44.911  34.386 0.8000000119
18283  27.078  -44.749  34.149 0.8000000119
17668  29.587  -45.734  33.810 0.8000000119
18287  30.254  -44.152  33.456 0.8000000119
19610  29.473  -42.663  34.017 0.8000000119
91890  30.693  -44.054  32.707 0.8999999762
18940  30.515  -43.535  33.177 0.8999999762
18941  30.002  -43.313  33.766 0.8000000119
19601  28.654  -42.952  34.190 0.8000000119
19602  27.564  -43.032  33.862 0.8000000119
18286  30.456  -44.845  32.991 0.8000000119
15362  31.606  -48.924  26.635 0.6000000238
102662  31.887  -46.989  24.795 0.6000000238
18292  31.195  -44.623  31.110 0.8999999762
15957  31.537  -48.139  24.664 0.6000000238
89051  31.141  -46.151  24.044 0.6000000238
89737  32.490  -45.707  24.818 0.6000000238
102904  32.264  -43.684  26.095 0.8000000119
90253  31.660  -44.424  24.356 0.6999999881
93557  12.767  -46.027  27.819 0.8999999762
89055  30.847  -45.410  24.173 0.6999999881
18335  29.893  -44.464  26.355 0.8000000119
89853  30.606  -43.385  26.686 0.8000000119
18336  28.714  -44.360  26.114 0.6999999881
108332  29.676  -43.189  26.658 0.6999999881
19654  29.003  -43.067  26.450 0.6999999881
106804  26.986  -43.827  26.474 0.6000000238
97103  28.167  -42.867  26.332 0.6999999881
18967  28.452  -43.621  26.212 0.6999999881
18968  27.575  -43.547  26.268 0.6000000238
17716  13.387  -45.722  27.546 0.5000000000
27034  20.521  -30.848  25.945 0.1000000015
24237  16.813  -35.387  21.615 0.2000000030
27053  21.889  -31.274  23.859 0.1000000015
24975  16.985  -34.702  21.135 0.1000000015
24989  15.223  -34.000  20.887 0.1000000015
25020  15.528  -33.277  20.031 0.1000000015
25719  18.652  -32.914  20.388 0.1000000015
15852  25.941  -48.430  35.053 0.6999999881
2930  23.015  -73.577  35.687 0.5000000000
93948  22.972  -73.528  34.812 0.5000000000
2941  22.873  -73.403  33.909 0.5000000000
94550  22.636  -71.885  33.277 0.6999999881
3307  23.156  -71.800  33.998 0.5000000000
867  16.704  -78.884  42.069 0.6000000238
6380  22.716  -65.410  39.506 0.3000000119
6391  23.166  -65.697  38.961 0.3000000119
5422  23.035  -67.049  38.345 0.2000000030
4958  24.069  -67.550  38.312 0.2000000030
4959  22.480  -68.065  38.518 0.4000000060
4494  21.727  -68.763  38.739 0.4000000060
4061  21.629  -69.883  38.960 0.4000000060
2908  22.068  -72.974  39.015 0.5000000000
2915  22.711  -72.783  38.020 0.5000000000
3284  22.468  -71.628  38.207 0.5000000000
103597  22.307  -70.757  38.169 0.5000000000
2549  22.004  -74.744  38.065 0.6000000238
2557  22.562  -74.099  36.263 0.5000000000
3283  23.068  -72.296  37.421 0.5000000000
3664  23.098  -70.725  37.144 0.5000000000
2922  23.042  -73.526  36.407 0.5000000000
3291  23.388  -72.273  36.630 0.5000000000
3299  23.541  -72.154  35.696 0.5000000000
3676  23.552  -71.282  35.345 0.5000000000
3708  21.512  -71.726  32.807 0.6999999881
2929  23.369  -72.834  35.201 0.5000000000
105143  23.338  -71.308  34.623 0.6000000238
4093  22.440  -70.960  34.168 0.6999999881
1130  16.681  -77.952  42.566 0.6000000238
2940  23.248  -72.668  34.309 0.5000000000
3686  23.003  -71.047  34.318 0.6000000238
181  26.149  -82.513  21.699 0.3000000119
191  26.238  -82.027  20.877 0.2000000030
198  27.875  -81.383  19.095 0.1000000015
500  26.648  -81.306  18.930 0.1000000015
334  26.413  -81.685  18.947 0.1000000015
95258  26.227  -80.832  19.619 0.1000000015
6366  22.409  -65.203  40.443 0.2000000030
5421  24.421  -66.584  38.561 0.2000000030
4492  24.163  -68.875  38.654 0.2000000030
4493  22.467  -68.684  38.998 0.3000000119
4059  23.033  -69.336  39.273 0.4000000060
4502  21.715  -68.711  38.311 0.5000000000
5423  22.127  -67.545  38.190 0.5000000000
98864  22.426  -66.661  38.334 0.4000000060
90380  21.587  -69.205  38.663 0.5000000000
3651  21.382  -70.912  39.884 0.5000000000
3650  21.916  -70.446  40.065 0.4000000060
3272  21.014  -71.452  40.494 0.5000000000
3278  21.739  -71.617  39.111 0.4000000060
1129  18.107  -77.256  42.013 0.6000000238
1453  16.834  -77.493  41.604 0.6000000238
1774  20.354  -75.238  41.562 0.6000000238
2535  21.410  -74.361  39.906 0.6000000238
2543  22.183  -74.067  38.743 0.5000000000
103844  20.608  -71.653  33.405 0.6999999881
102838  20.092  -76.022  40.843 0.6000000238
1770  18.019  -77.191  41.966 0.6000000238
92710  18.866  -76.976  41.709 0.6000000238
4076  23.326  -70.448  34.906 0.6000000238
4094  21.777  -70.946  34.084 0.6999999881
1765  18.150  -77.152  42.565 0.6000000238
1135  17.648  -78.185  42.271 0.6000000238
317  27.600  -81.572  21.441 0.4000000060
180  26.882  -81.798  21.086 0.3000000119
321  28.994  -81.804  20.373 0.4000000060
322  27.954  -81.516  20.582 0.3000000119
197  28.705  -82.149  18.929 0.1000000015
765  27.269  -79.943  18.088 0.1000000015
99214  26.657  -78.990  18.492 0.1000000015
102790  28.204  -81.234  18.171 0.1000000015
101626  27.066  -81.723  18.619 0.1000000015
520  27.806  -80.887  17.560 0.1000000015
775  27.525  -80.326  17.513 0.1000000015
6378  24.120  -65.730  38.980 0.2000000030
6365  23.555  -65.324  40.122 0.2000000030
4957  24.881  -68.177  38.342 0.2000000030
93552  21.863  -65.685  39.194 0.4000000060
94413  22.423  -66.188  38.621 0.4000000060
3641  21.558  -71.023  40.471 0.4000000060
3263  21.212  -71.477  40.993 0.5000000000
2525  20.746  -73.739  40.953 0.6000000238
2904  20.834  -72.152  40.403 0.5000000000
3694  19.736  -71.878  33.887 0.6999999881
2131  19.847  -75.244  42.462 0.6000000238
97628  20.533  -72.985  41.624 0.5000000000
107938  21.135  -72.594  41.770 0.5000000000
4521  22.974  -69.710  34.892 0.6000000238
4515  23.225  -69.640  35.540 0.5000000000
4085  20.493  -70.664  34.711 0.6999999881
1769  19.182  -76.532  42.371 0.6000000238
2516  20.414  -73.516  42.238 0.5000000000
4082  22.800  -70.245  34.586 0.6000000238
4523  21.512  -69.504  34.614 0.6999999881
3687  20.055  -71.359  34.530 0.6000000238
2877  21.917  -73.359  42.246 0.5000000000
4524  20.693  -69.847  34.754 0.6999999881
1120  18.962  -77.446  43.119 0.6000000238
4990  20.770  -68.861  34.782 0.6999999881
598  18.145  -79.184  41.566 0.6000000238
213  28.549  -82.568  17.327 0.1000000015
531  28.232  -80.959  16.843 0.1000000015
813  27.395  -80.287  14.832 0.1000000015
571  26.953  -80.599  13.669 0.2000000030
560  26.667  -80.571  14.260 0.1000000015
104622  32.802  -76.764  6.975 0.6000000238
5325  22.872  -68.257  47.211 0.1000000015
5315  22.362  -68.485  47.870 0.1000000015
5776  22.045  -67.501  48.744 0.1000000015
6355  22.960  -65.949  41.858 0.2000000030
5836  22.405  -66.853  43.060 0.2000000030
5374  22.494  -67.596  43.779 0.2000000030
4899  22.896  -69.072  46.434 0.1000000015
6354  23.343  -65.586  41.118 0.2000000030
4910  22.569  -68.894  45.459 0.1000000015
94595  22.212  -65.413  41.501 0.2000000030
6340  22.296  -66.072  42.329 0.2000000030
5837  21.559  -66.760  43.497 0.2000000030
108353  22.602  -68.673  44.940 0.1000000015
5420  25.192  -67.393  38.463 0.2000000030
6364  24.704  -65.851  39.557 0.2000000030
6367  21.592  -65.241  40.882 0.2000000030
4510  22.251  -68.657  37.215 0.5000000000
4966  21.927  -68.112  37.865 0.5000000000
105023  21.863  -66.667  38.054 0.5000000000
4072  23.458  -70.419  36.066 0.5000000000
4974  22.378  -67.960  36.497 0.5000000000
3262  22.522  -71.660  40.904 0.5000000000
3251  22.343  -72.237  41.362 0.4000000060
3308  19.163  -71.940  34.696 0.6999999881
223  29.510  -82.332  17.080 0.2000000030
212  28.939  -82.746  17.734 0.2000000030
224  28.680  -82.137  16.815 0.1000000015
360  28.591  -81.063  16.037 0.1000000015
234  28.830  -81.995  16.711 0.2000000030
545  28.187  -80.460  15.034 0.1000000015
365  29.046  -81.180  15.201 0.1000000015
579  28.045  -81.108  12.516 0.1000000015
101447  22.486  -67.545  47.972 0.1000000015
5373  23.524  -67.871  43.292 0.2000000030
4918  23.698  -68.759  45.013 0.1000000015
5307  21.560  -68.104  49.415 0.1000000015
5358  23.622  -68.575  44.011 0.1000000015
4900  22.194  -69.241  46.288 0.1000000015
4878  22.008  -69.291  47.623 0.1000000015
5847  23.384  -66.962  42.516 0.2000000030
5360  21.529  -67.385  44.243 0.2000000030
5316  21.794  -68.749  48.474 0.1000000015
4956  25.893  -68.050  38.631 0.2000000030
4491  25.413  -68.878  38.567 0.2000000030
6393  21.411  -65.819  38.538 0.4000000060
4050  25.420  -70.245  39.267 0.3000000119
5883  21.639  -66.101  38.233 0.4000000060
5444  22.195  -67.508  35.737 0.5000000000
5891  21.865  -66.662  36.943 0.5000000000
4982  22.517  -68.313  35.553 0.5000000000
5452  22.007  -67.990  35.170 0.5000000000
4989  21.787  -68.648  34.795 0.6000000238
4525  20.024  -70.185  35.075 0.6000000238
3677  19.362  -71.350  35.216 0.6000000238
211  30.006  -82.394  17.799 0.2000000030
203  30.493  -82.388  18.602 0.3000000119
233  29.182  -82.089  16.616 0.3000000119
519  31.383  -81.256  17.764 0.3000000119
349  30.860  -82.153  16.372 0.3000000119
509  32.080  -80.721  17.998 0.3000000119
530  31.590  -81.279  16.751 0.3000000119
557  29.503  -81.118  14.610 0.3000000119
578  28.978  -81.090  12.630 0.2000000030
577  29.884  -80.970  12.707 0.2000000030
2450  30.365  -75.009  6.119 0.5000000000
5768  22.147  -66.305  49.328 0.1000000015
5769  21.778  -66.998  49.846 0.1000000015
91298  22.427  -66.610  48.396 0.1000000015
5762  21.647  -66.645  50.809 0.1000000015
5743  21.900  -66.798  52.205 0.1000000015
5336  23.313  -68.426  46.408 0.1000000015
5344  21.774  -68.257  44.989 0.2000000030
5304  21.480  -67.653  50.450 0.1000000015
98578  21.474  -67.316  51.536 0.1000000015
5742  22.681  -66.564  52.625 0.1000000015
6341  21.577  -65.634  42.142 0.2000000030
4429  21.413  -69.525  46.908 0.1000000015
6382  20.828  -65.307  39.750 0.3000000119
6368  20.595  -65.167  40.666 0.3000000119
5892  21.563  -66.030  37.220 0.5000000000
6394  20.692  -65.468  38.178 0.4000000060
6905  20.171  -65.124  38.906 0.4000000060
5899  21.476  -66.185  36.368 0.5000000000
5445  21.580  -67.180  35.472 0.5000000000
5446  21.254  -67.941  35.002 0.5000000000
4517  19.993  -68.894  35.065 0.6000000238
4077  19.319  -70.484  35.514 0.6000000238
99374  17.976  -72.529  35.651 0.6999999881
2453  30.423  -74.083  5.678 0.5000000000
6742  24.965  -64.610  51.420 0.1000000015
6220  23.556  -65.310  51.690 0.1000000015
6234  23.036  -65.059  50.872 0.1000000015
6235  22.290  -65.474  50.613 0.1000000015
6245  22.318  -65.488  49.804 0.1000000015
6236  21.831  -66.008  50.265 0.1000000015
6221  21.887  -65.931  51.092 0.1000000015
5751  22.285  -66.205  51.813 0.1000000015
5783  22.707  -67.001  47.598 0.1000000015
4421  21.412  -69.554  47.376 0.1000000015
4864  21.080  -68.673  49.993 0.1000000015
4860  21.143  -68.358  51.024 0.1000000015
5294  21.535  -67.544  52.525 0.1000000015
4856  21.159  -68.223  52.003 0.1000000015
4865  20.677  -69.345  50.525 0.1000000015
4870  20.602  -69.676  49.533 0.1000000015
6421  20.864  -65.969  36.039 0.5000000000
6404  20.533  -65.354  37.279 0.5000000000
4983  20.215  -68.045  35.183 0.6000000238
107437  18.856  -71.789  35.369 0.6000000238
2826  30.469  -74.464  8.440 0.4000000060
2830  30.342  -74.350  7.178 0.4000000060
104754  20.992  -67.498  44.765 0.2000000030
5838  20.877  -66.099  43.210 0.2000000030
4911  21.498  -68.802  45.734 0.2000000030
4901  21.103  -69.273  46.453 0.2000000030
4422  20.869  -69.609  47.330 0.1000000015
105535  20.689  -69.654  47.849 0.1000000015
6405  19.795  -65.208  37.119 0.5000000000
6923  19.949  -65.025  37.875 0.4000000060
5905  20.302  -66.293  35.794 0.5000000000
4518  19.617  -69.545  35.320 0.6000000238
93553  30.179  -73.930  9.823 0.3000000119
3201  30.079  -73.368  7.666 0.3000000119
3205  30.138  -73.415  6.556 0.3000000119
2840  30.327  -73.667  5.448 0.3000000119
6357  20.290  -65.178  41.626 0.4000000060
96811  20.935  -66.604  43.806 0.2000000030
6343  20.010  -65.143  42.420 0.4000000060
5827  20.681  -66.738  44.397 0.2000000030
5346  20.127  -67.379  45.770 0.2000000030
6915  19.340  -64.651  38.446 0.5000000000
6369  19.767  -64.748  40.470 0.4000000060
6358  19.615  -64.641  41.732 0.4000000060
6328  20.362  -65.852  43.833 0.3000000119
5828  20.087  -66.011  44.781 0.2000000030
5337  20.541  -68.440  46.027 0.2000000030
4902  20.207  -68.877  46.720 0.2000000030
5812  19.866  -66.299  45.613 0.2000000030
5338  19.783  -67.784  46.483 0.2000000030
4423  20.266  -69.613  47.669 0.1000000015
6881  19.230  -64.255  40.917 0.4000000060
6329  19.853  -65.007  43.277 0.3000000119
106748  19.409  -67.835  35.600 0.6000000238
4975  18.670  -68.421  36.050 0.6000000238
4519  18.919  -69.490  35.770 0.6000000238
1523  10.006  -77.661  33.404 0.6000000238
5731  23.181  -67.004  53.468 0.1000000015
5293  22.231  -67.214  53.024 0.1000000015
4861  20.752  -69.138  51.524 0.1000000015
98204  21.265  -68.279  52.781 0.1000000015
105401  19.604  -65.623  36.505 0.5000000000
99433  19.017  -65.334  37.032 0.5000000000
106100  19.191  -64.283  39.896 0.5000000000
101570  19.936  -69.836  48.474 0.1000000015
4410  19.942  -70.134  49.357 0.1000000015
5447  19.976  -67.007  35.501 0.6000000238
6415  18.751  -66.070  36.528 0.5000000000
6916  18.597  -64.641  38.286 0.5000000000
5326  19.494  -68.152  47.210 0.2000000030
4891  19.856  -69.216  47.384 0.2000000030
4879  19.550  -69.487  48.113 0.1000000015
5448  18.942  -67.150  36.074 0.6000000238
6925  18.463  -65.140  37.629 0.5000000000
97601  18.297  -64.109  39.663 0.5000000000
5893  18.072  -66.151  37.012 0.5000000000
93332  18.029  -64.466  38.903 0.5000000000
6894  18.402  -63.812  41.077 0.4000000060
6882  18.930  -63.952  41.823 0.4000000060
1856  10.171  -76.123  33.172 0.4000000060
5741  23.654  -66.452  53.007 0.1000000015
5730  24.131  -66.873  53.822 0.1000000015
6205  25.680  -65.638  53.211 0.1000000015
4402  20.322  -70.098  51.032 0.1000000015
5784  19.295  -67.037  47.084 0.2000000030
6870  19.387  -64.369  42.593 0.3000000119
5798  19.606  -66.677  46.361 0.2000000030
91257  17.796  -63.951  40.398 0.5000000000
6317  19.687  -64.970  44.316 0.3000000119
6407  17.746  -65.726  37.612 0.5000000000
4511  18.260  -69.459  36.410 0.6000000238
3671  18.161  -71.275  36.429 0.6000000238
1857  9.971  -76.885  33.767 0.4000000060
5900  18.197  -66.921  36.790 0.6000000238
6871  18.640  -63.816  42.729 0.4000000060
5438  18.248  -67.779  36.596 0.6000000238
4512  17.701  -69.537  36.930 0.6000000238
3453  24.736  -72.334  17.875 0.6999999881
2751  27.401  -74.240  16.369 0.6999999881
6859  19.180  -64.130  43.597 0.4000000060
6895  17.707  -63.810  41.133 0.4000000060
5894  17.619  -66.687  37.419 0.6000000238
3836  24.629  -72.008  17.167 0.6999999881
6383  17.385  -65.036  38.995 0.5000000000
5430  17.600  -67.729  37.257 0.6000000238
3672  17.477  -71.660  36.844 0.6999999881
107073  15.163  -73.747  39.177 0.6999999881
2898  14.979  -73.678  39.819 0.6999999881
109073  15.775  -72.695  38.982 0.6999999881
93296  15.407  -72.250  40.110 0.6999999881
3273  15.476  -72.902  39.623 0.6999999881
3265  15.067  -72.973  40.386 0.6999999881
3652  16.052  -71.340  39.046 0.6999999881
3653  15.622  -71.414  39.821 0.6999999881
100779  15.023  -72.293  40.841 0.6999999881
4472  16.077  -69.110  39.867 0.6999999881
100400  15.937  -68.960  40.603 0.6999999881
4483  15.950  -69.922  39.658 0.6999999881
108959  15.871  -70.698  39.522 0.6999999881
4044  15.540  -70.537  40.357 0.6999999881
4037  15.153  -70.799  41.283 0.6999999881
4953  16.379  -68.514  39.226 0.6000000238
4473  15.754  -69.593  40.489 0.6999999881
4464  15.449  -69.940  41.217 0.6999999881
4031  15.139  -70.199  42.156 0.6999999881
106971  14.643  -72.287  41.505 0.6999999881
3631  14.888  -71.638  41.382 0.6999999881
3266  14.608  -72.890  41.179 0.6999999881
4946  16.107  -68.301  40.188 0.6000000238
4947  15.900  -68.551  41.100 0.6999999881
5416  16.442  -67.628  39.389 0.6000000238
5862  15.843  -67.144  41.886 0.6000000238
98026  16.173  -66.103  41.028 0.6000000238
5849  16.018  -65.801  42.394 0.5000000000
5861  16.000  -66.372  41.736 0.6000000238
5398  15.821  -67.924  41.669 0.6999999881
96266  15.662  -68.262  42.372 0.6999999881
4932  15.544  -68.784  42.799 0.6999999881
4457  15.416  -69.445  42.546 0.6999999881
5408  16.258  -67.333  40.238 0.6000000238
5409  16.025  -67.861  40.866 0.6000000238
104333  15.536  -69.485  41.835 0.6999999881
5876  16.553  -66.587  39.465 0.6000000238
3632  14.474  -71.870  42.153 0.6999999881
5813  15.205  -66.740  44.668 0.6999999881
6319  15.524  -66.020  44.259 0.6000000238
5839  15.434  -66.865  43.909 0.6000000238
6331  15.738  -66.143  43.296 0.6000000238
5375  15.330  -67.708  43.730 0.6999999881
98591  15.602  -67.176  43.154 0.6999999881
4450  15.236  -69.409  43.387 0.6999999881
4458  15.038  -70.141  43.186 0.6999999881
4032  14.793  -70.837  43.023 0.6999999881
104656  14.573  -71.353  43.706 0.6999999881
9800  7.590  -58.652  46.353 0.6000000238
10366  8.808  -56.510  46.952 0.6000000238
10367  8.062  -57.470  46.704 0.6000000238
10908  11.509  -55.615  47.130 0.6000000238
10909  10.531  -55.701  47.243 0.6000000238
10375  8.711  -56.715  46.187 0.6000000238
10376  8.431  -57.485  45.795 0.6000000238
11476  11.022  -55.101  46.711 0.6000000238
11477  10.086  -55.390  46.624 0.6000000238
10925  8.925  -56.755  45.280 0.6000000238
10386  8.936  -57.141  44.446 0.6000000238
10397  8.531  -56.903  43.945 0.6000000238
11490  10.558  -54.742  46.092 0.6000000238
11491  9.685  -55.283  45.706 0.6000000238
11489  11.400  -54.520  46.101 0.6000000238
10936  8.953  -56.277  44.524 0.6000000238
12082  10.943  -54.057  45.566 0.6000000238
93666  9.638  -54.962  44.948 0.6000000238
11506  8.790  -55.597  44.314 0.6000000238
12098  9.712  -54.390  44.514 0.6999999881
100971  9.134  -55.045  44.410 0.6999999881
12096  11.205  -53.582  44.949 0.6999999881
12739  10.747  -53.448  44.381 0.6999999881
12118  10.082  -53.755  44.147 0.6999999881
12099  8.907  -54.676  43.921 0.6999999881
11522  8.110  -55.221  43.921 0.6999999881
12759  9.695  -53.802  43.329 0.6999999881
12758  10.557  -53.353  43.667 0.6999999881
92589  11.785  -53.114  42.950 0.6999999881
12775  13.738  -53.287  42.754 0.6999999881
12791  11.816  -52.900  42.047 0.6999999881
13442  12.685  -52.555  41.459 0.6999999881
94036  11.280  -52.853  41.330 0.6999999881
12810  11.955  -52.631  41.154 0.6999999881
13441  13.439  -52.040  41.393 0.6999999881
14073  13.612  -51.242  41.167 0.6000000238
12813  9.456  -53.171  40.571 0.6999999881
13450  12.906  -51.616  40.856 0.6999999881
14082  12.315  -51.148  40.129 0.6999999881
14080  13.637  -50.254  41.110 0.6000000238
13463  11.637  -51.593  39.869 0.6999999881
15248  13.765  -49.244  40.630 0.6000000238
15810  15.167  -48.501  41.027 0.6000000238
14699  13.218  -49.624  40.495 0.6999999881
14093  11.515  -50.418  39.466 0.6999999881
14706  12.509  -49.405  39.822 0.6999999881
15247  14.532  -48.856  40.261 0.6000000238
15259  12.998  -48.966  39.674 0.6000000238
16431  16.651  -47.703  40.235 0.5000000000
15820  15.463  -48.678  39.786 0.5000000000
15260  12.327  -48.649  38.830 0.6000000238
14707  11.720  -49.231  39.243 0.6000000238
11068  26.578  -56.194  32.478 0.1000000015
102721  25.640  -55.497  32.614 0.1000000015
92655  25.452  -54.012  33.984 0.1000000015
12880  25.348  -53.465  34.727 0.1000000015
12239  25.716  -54.683  33.458 0.1000000015
102326  26.412  -55.784  32.664 0.1000000015
12287  22.626  -54.931  30.503 0.1000000015
102620  26.834  -54.404  31.819 0.1000000015
89686  25.625  -54.200  30.798 0.1000000015
89931  24.207  -54.977  30.644 0.1000000015
14138  23.600  -51.844  36.246 0.1000000015
13502  24.541  -52.694  35.927 0.1000000015
94669  23.592  -50.844  35.906 0.2000000030
14725  22.048  -50.734  35.084 0.3000000119
14726  21.465  -51.053  34.650 0.4000000060
104605  20.727  -51.029  34.412 0.4000000060
15282  19.142  -50.742  34.294 0.4000000060
12873  25.175  -52.947  35.340 0.1000000015
14137  24.500  -51.601  35.878 0.2000000030
12891  25.751  -53.879  33.144 0.1000000015
13520  25.915  -53.199  33.954 0.1000000015
13509  25.702  -52.672  34.870 0.2000000030
12255  26.622  -55.112  32.410 0.1000000015
12269  26.999  -54.461  31.869 0.1000000015
89700  26.684  -55.165  32.284 0.1000000015
11658  27.585  -54.503  31.255 0.1000000015
88987  27.777  -53.630  29.884 0.1000000015
102375  26.890  -52.745  29.812 0.1000000015
102374  25.077  -53.961  29.798 0.1000000015
89648  24.476  -53.953  29.615 0.1000000015
89678  26.429  -52.327  28.758 0.1000000015
12978  25.225  -52.872  28.144 0.1000000015
14737  22.777  -50.343  35.666 0.2000000030
97189  21.570  -50.560  34.703 0.4000000060
15280  21.042  -50.085  34.926 0.4000000060
98234  24.519  -50.715  35.735 0.2000000030
14736  23.671  -50.104  35.699 0.2000000030
13541  27.880  -51.999  30.856 0.1000000015
13529  26.640  -52.920  32.594 0.1000000015
14143  26.582  -51.348  34.750 0.2000000030
97139  24.500  -50.022  35.588 0.2000000030
14750  7.873  -49.286  34.510 0.3000000119
12930  28.456  -53.763  30.547 0.1000000015
12285  28.080  -54.394  30.876 0.1000000015
102157  8.780  -49.310  34.178 0.3000000119
12303  28.784  -54.290  29.792 0.1000000015
11704  28.741  -54.285  29.858 0.1000000015
88992  28.931  -53.205  27.816 0.1000000015
105420  27.593  -52.817  29.164 0.1000000015
102641  26.920  -52.558  27.344 0.1000000015
89766  27.052  -52.577  26.284 0.1000000015
102720  25.544  -52.971  27.959 0.1000000015
14755  27.988  -50.729  32.527 0.3000000119
14153  27.324  -51.406  33.487 0.2000000030
14175  27.602  -51.888  31.556 0.1000000015
14142  27.293  -50.829  34.302 0.4000000060
15285  25.997  -50.114  35.371 0.4000000060
13574  29.236  -52.560  29.722 0.1000000015
95449  28.477  -52.094  30.325 0.2000000030
14748  9.383  -49.987  33.816 0.2000000030
12950  29.492  -53.318  29.159 0.1000000015
12319  29.491  -54.170  28.252 0.1000000015
91564  29.598  -54.022  28.103 0.1000000015
13573  29.717  -52.729  28.920 0.1000000015
103934  29.808  -53.748  27.805 0.1000000015
90405  29.925  -53.752  27.335 0.1000000015
88993  30.023  -53.815  26.038 0.1000000015
89761  27.853  -52.709  25.513 0.1000000015
12991  26.389  -52.498  25.679 0.1000000015
14747  27.711  -50.798  33.392 0.2000000030
93921  28.454  -50.824  30.912 0.3000000119
14740  26.713  -50.493  35.005 0.4000000060
15293  25.882  -49.266  35.254 0.5000000000
15286  25.106  -49.652  35.476 0.3000000119
14211  28.927  -51.529  29.898 0.2000000030
14241  30.798  -51.491  26.977 0.3000000119
13611  30.528  -52.761  25.268 0.1000000015
13627  30.210  -52.384  24.430 0.2000000030
13587  30.108  -52.458  28.287 0.1000000015
13612  30.398  -53.385  26.066 0.1000000015
102322  29.035  -53.440  23.484 0.1000000015
89646  28.107  -53.204  23.709 0.1000000015
14828  28.599  -50.699  24.239 0.2000000030
14247  26.820  -51.538  25.944 0.1000000015
15887  9.999  -47.578  32.675 0.3000000119
14815  28.151  -50.090  25.290 0.2000000030
103623  25.747  -48.687  27.079 0.2000000030
14764  28.248  -50.740  31.703 0.3000000119
15310  28.597  -49.933  32.435 0.6000000238
14776  28.865  -50.175  30.751 0.6000000238
15331  29.287  -49.407  30.663 0.5000000000
16479  29.800  -48.136  31.236 0.6999999881
97445  30.257  -49.913  28.695 0.5000000000
104722  29.848  -48.315  29.890 0.6999999881
16486  30.057  -47.759  30.576 0.6999999881
14807  30.950  -50.551  27.203 0.4000000060
14246  30.681  -51.713  24.974 0.2000000030
13646  29.637  -52.488  23.928 0.2000000030
15385  31.054  -49.918  25.127 0.3000000119
14261  30.105  -51.555  24.088 0.2000000030
14848  29.660  -50.994  23.849 0.2000000030
15886  10.981  -47.664  32.535 0.4000000060
97798  30.606  -49.829  24.296 0.2000000030
15406  30.036  -49.864  23.884 0.2000000030
102220  28.861  -49.746  24.442 0.2000000030
15386  29.340  -48.894  24.409 0.2000000030
15373  28.416  -49.070  25.491 0.2000000030
15952  27.273  -48.214  26.239 0.2000000030
15939  26.347  -48.251  26.548 0.2000000030
15940  25.551  -47.910  27.057 0.2000000030
16520  24.163  -47.134  27.724 0.2000000030
90474  30.464  -46.916  30.141 0.6999999881
16485  30.417  -47.009  31.171 0.6999999881
15938  31.362  -48.592  27.605 0.5000000000
16492  30.155  -47.635  29.551 0.6999999881
15950  31.768  -48.073  25.685 0.5000000000
15384  31.187  -49.019  24.547 0.5000000000
89924  31.289  -47.230  24.166 0.4000000060
15958  29.972  -47.953  24.180 0.2000000030
106476  30.595  -47.190  24.120 0.5000000000
15959  29.172  -48.059  25.367 0.3000000119
16537  27.758  -47.425  26.103 0.3000000119
16517  26.843  -47.430  26.246 0.3000000119
17095  27.310  -46.657  26.124 0.2000000030
96812  26.600  -46.768  26.315 0.2000000030
92638  25.147  -46.276  27.301 0.3000000119
91008  24.764  -46.861  27.491 0.2000000030
18317  26.613  -44.812  26.467 0.5000000000
92323  25.221  -44.880  27.239 0.4000000060
17705  24.796  -45.549  27.396 0.2000000030
17098  23.511  -46.688  27.677 0.2000000030
18318  24.918  -44.226  27.165 0.4000000060
105438  24.503  -44.899  27.309 0.3000000119
18319  23.761  -44.979  27.177 0.2000000030
17706  23.430  -45.818  27.386 0.2000000030
92559  30.734  -46.184  30.792 0.8000000119
92562  31.172  -46.498  28.329 0.6999999881
17084  30.823  -45.932  29.553 0.6999999881
15937  31.763  -48.055  26.685 0.6999999881
16535  29.478  -46.249  25.668 0.5000000000
16536  28.956  -47.352  25.985 0.4000000060
17116  28.296  -46.572  26.024 0.4000000060
15901  12.635  -47.551  30.969 0.4000000060
17728  29.082  -45.110  26.024 0.6999999881
17701  27.954  -44.809  25.989 0.6000000238
17702  27.159  -45.210  26.180 0.5000000000
15930  13.682  -47.423  29.016 0.2000000030
92896  12.676  -47.272  29.873 0.4000000060
96796  26.425  -44.124  26.676 0.5000000000
18971  25.364  -43.533  27.034 0.3000000119
17731  21.250  -45.193  26.990 0.1000000015
16526  14.555  -47.215  28.237 0.1000000015
16509  13.968  -47.516  28.744 0.3000000119
18975  24.592  -43.546  26.806 0.4000000060
18976  23.794  -43.580  26.478 0.4000000060
18339  22.523  -44.349  26.570 0.2000000030
17730  22.111  -45.127  26.931 0.1000000015
17091  16.927  -47.073  27.604 0.1000000015
16525  15.720  -46.989  27.815 0.1000000015
101164  23.419  -42.864  26.205 0.4000000060
18977  22.016  -43.512  26.340 0.2000000030
15931  12.769  -46.546  29.157 0.4000000060
19656  24.244  -42.802  26.465 0.3000000119
18340  21.630  -44.409  26.669 0.1000000015
18320  19.867  -44.849  26.861 0.1000000015
107783  18.975  -45.278  27.036 0.1000000015
103773  17.587  -45.469  27.349 0.1000000015
17104  17.350  -46.161  27.517 0.1000000015
17105  16.394  -46.082  27.692 0.1000000015
106813  22.683  -42.925  26.134 0.3000000119
16510  13.071  -46.324  28.694 0.4000000060
96247  19.933  -44.117  26.640 0.1000000015
18342  19.082  -44.234  26.614 0.1000000015
18321  18.238  -44.625  26.760 0.1000000015
18322  17.357  -44.835  27.058 0.1000000015
17712  16.823  -45.368  27.482 0.1000000015
17106  15.542  -45.924  27.901 0.2000000030
16527  13.428  -46.299  28.479 0.2000000030
18343  18.339  -43.964  26.435 0.3000000119
18344  16.840  -44.339  26.654 0.2000000030
18323  16.348  -44.840  27.254 0.2000000030
17714  14.770  -45.526  27.842 0.2000000030
17107  14.005  -45.962  28.220 0.3000000119
18324  15.350  -45.007  27.351 0.2000000030
4052  22.329  -69.904  39.657 0.4000000060
4060  21.776  -69.347  39.196 0.4000000060
4066  22.939  -70.017  37.057 0.5000000000
3649  23.300  -70.618  39.946 0.4000000060
3261  23.862  -72.063  40.645 0.4000000060
3648  24.821  -70.923  39.718 0.4000000060
3214  30.603  -73.453  5.334 0.3000000119
75  25.683  -83.347  22.935 0.2000000030
2581  22.390  -74.203  34.411 0.6999999881
188  29.305  -82.269  19.686 0.3000000119
204  29.606  -82.724  18.488 0.2000000030
100984  29.481  -82.699  19.049 0.3000000119
2141  21.126  -75.057  40.260 0.6000000238
510  31.197  -81.191  18.600 0.3000000119
342  30.933  -82.123  17.842 0.3000000119
518  32.310  -81.037  17.482 0.3000000119
96722  31.250  -81.331  15.865 0.3000000119
556  31.489  -81.124  14.447 0.3000000119
567  31.125  -81.007  13.771 0.3000000119
583  29.366  -81.087  12.118 0.2000000030
589  28.193  -81.033  11.258 0.2000000030
590  27.385  -81.009  11.231 0.3000000119
15299  9.551  -48.495  34.048 0.3000000119
99090  11.593  -47.400  30.379 0.4000000060
17089  32.312  -45.254  27.780 0.6999999881
105560  26.620  -81.057  11.515 0.2000000030
14757  10.328  -49.266  33.512 0.2000000030
15281  20.106  -50.472  34.639 0.4000000060
561  25.683  -81.183  14.464 0.1000000015
104116  26.409  -80.953  13.024 0.2000000030
91505  26.378  -81.047  12.254 0.2000000030
15291  27.362  -49.795  34.729 0.5000000000
17080  30.516  -46.276  31.797 0.8000000119
17682  30.869  -45.465  31.469 0.8000000119
17088  32.378  -46.094  27.250 0.6999999881
17685  31.027  -45.288  30.391 0.6999999881
92133  25.986  -44.851  26.965 0.5000000000
16500  31.232  -47.072  27.988 0.6999999881
105345  26.609  -49.773  35.166 0.5000000000
15372  31.336  -49.872  26.327 0.4000000060
15405  30.587  -48.953  24.145 0.2000000030
3658  21.689  -70.685  39.113 0.4000000060
2534  21.660  -73.549  39.563 0.5000000000
100848  23.205  -72.978  36.968 0.6000000238
2548  22.516  -73.898  38.041 0.5000000000
3670  23.487  -71.428  36.348 0.5000000000
190  27.153  -81.353  20.096 0.1000000015
511  27.372  -80.813  18.211 0.1000000015
766  26.968  -80.257  18.731 0.1000000015
108560  26.919  -81.808  18.280 0.1000000015
344  27.105  -81.597  18.260 0.1000000015
207  26.067  -81.863  19.168 0.1000000015
4051  24.029  -70.169  39.378 0.4000000060
3264  20.695  -71.822  41.015 0.5000000000
2517  20.377  -73.905  41.725 0.5000000000
99170  21.051  -73.249  40.417 0.5000000000
189  28.338  -81.660  19.713 0.1000000015
205  28.766  -82.641  18.017 0.1000000015
1050  27.188  -79.777  17.453 0.1000000015
1051  26.850  -79.257  17.890 0.1000000015
1043  26.881  -79.554  18.589 0.1000000015
206  27.642  -81.122  18.238 0.1000000015
98624  28.369  -80.985  17.573 0.1000000015
343  28.218  -81.123  17.171 0.1000000015
214  28.545  -81.051  17.018 0.1000000015
3253  20.699  -72.353  41.442 0.5000000000
4981  22.875  -68.840  36.025 0.5000000000
108599  28.723  -82.764  17.493 0.2000000030
105969  28.790  -82.466  17.167 0.2000000030
225  28.536  -81.765  16.655 0.1000000015
95424  27.876  -80.401  16.126 0.1000000015
814  26.498  -80.504  14.864 0.1000000015
559  27.577  -80.401  14.270 0.1000000015
106381  27.785  -80.297  15.422 0.1000000015
570  27.702  -80.733  13.593 0.1000000015
580  27.120  -81.017  12.943 0.2000000030
5860  23.783  -66.617  41.756 0.2000000030
6356  21.140  -65.365  41.518 0.3000000119
350  30.110  -82.147  16.452 0.3000000119
235  28.661  -81.881  16.632 0.1000000015
359  28.864  -81.522  16.111 0.1000000015
358  29.654  -81.688  15.974 0.2000000030
240  29.104  -81.634  16.113 0.1000000015
558  28.451  -80.763  14.425 0.1000000015
98731  28.739  -80.951  15.371 0.1000000015
104938  29.351  -81.151  15.525 0.2000000030
569  28.556  -81.072  13.506 0.1000000015
100583  27.224  -81.138  11.953 0.2000000030
585  27.973  -81.005  11.573 0.2000000030
4869  21.212  -69.205  49.006 0.1000000015
222  30.451  -82.188  17.046 0.3000000119
92352  31.053  -81.901  17.068 0.3000000119
357  30.530  -81.766  15.913 0.3000000119
96757  30.184  -81.033  13.627 0.3000000119
106421  30.471  -81.065  14.532 0.3000000119
544  30.027  -81.192  15.408 0.3000000119
543  30.913  -81.173  15.256 0.3000000119
568  29.334  -81.151  13.560 0.2000000030
11505  9.277  -55.566  44.852 0.6000000238
90322  26.390  -56.406  32.831 0.1000000015
11646  26.227  -55.477  33.017 0.1000000015
106742  25.810  -54.828  31.983 0.1000000015
12256  25.937  -54.375  32.900 0.1000000015
88986  27.835  -54.386  30.901 0.1000000015
102394  26.795  -53.798  30.445 0.1000000015
102294  24.622  -54.545  30.301 0.1000000015
13503  23.795  -52.851  36.322 0.1000000015
13501  25.269  -52.208  35.507 0.1000000015
14144  25.946  -51.813  35.156 0.2000000030
14136  25.324  -51.313  35.596 0.2000000030
12905  26.195  -53.851  32.359 0.1000000015
12890  26.218  -53.279  33.096 0.1000000015
13508  26.300  -52.258  34.400 0.1000000015
13519  26.502  -52.597  33.497 0.1000000015
12904  27.003  -53.414  31.743 0.1000000015
12931  27.750  -53.527  31.136 0.1000000015
11689  28.501  -54.592  30.132 0.1000000015
90027  28.738  -53.393  28.878 0.1000000015
102324  25.854  -53.474  29.496 0.1000000015
102395  25.577  -53.089  28.859 0.1000000015
102479  27.918  -52.658  28.152 0.1000000015
14738  22.260  -50.194  35.354 0.5000000000
14174  28.047  -51.383  31.186 0.3000000119
14190  28.358  -51.438  30.506 0.1000000015
13528  27.150  -52.404  32.082 0.1000000015
94123  27.485  -52.644  31.304 0.1000000015
13553  28.047  -52.759  30.770 0.1000000015
13518  27.006  -52.106  33.026 0.1000000015
14734  26.061  -50.952  35.348 0.2000000030
14735  25.296  -50.470  35.559 0.2000000030
98184  28.663  -52.920  30.242 0.1000000015
12967  29.336  -53.904  29.073 0.1000000015
93188  29.529  -53.583  26.999 0.1000000015
102445  29.057  -53.376  25.705 0.1000000015
89728  27.220  -52.482  24.880 0.1000000015
91654  28.157  -50.236  33.237 0.3000000119
14154  26.865  -51.756  33.933 0.1000000015
14739  27.906  -50.100  34.008 0.6000000238
14210  29.722  -51.782  29.140 0.2000000030
12977  29.971  -54.026  26.721 0.1000000015
14228  30.338  -51.655  28.444 0.2000000030
13600  30.339  -52.989  27.255 0.1000000015
102232  29.957  -53.618  24.956 0.1000000015
90362  29.760  -53.903  25.012 0.1000000015
102451  28.740  -53.198  24.117 0.1000000015
13613  27.142  -52.534  24.863 0.1000000015
104165  28.628  -50.264  31.451 0.5000000000
91664  29.259  -50.778  29.504 0.5000000000
14777  28.713  -50.799  30.152 0.5000000000
14227  30.691  -51.153  27.960 0.2000000030
14242  30.564  -52.046  27.663 0.2000000030
13599  30.656  -52.454  26.613 0.1000000015
15354  30.732  -50.242  28.163 0.5000000000
98722  30.760  -51.854  26.018 0.2000000030
90077  29.683  -53.323  24.068 0.1000000015
14280  29.272  -52.137  23.661 0.2000000030
102332  28.652  -52.833  23.534 0.1000000015
14849  28.939  -51.510  23.733 0.2000000030
14262  28.277  -51.769  24.097 0.1000000015
15407  29.303  -50.386  24.017 0.2000000030
14829  28.029  -50.958  25.000 0.1000000015
14816  27.378  -50.643  25.884 0.1000000015
15374  27.669  -49.649  26.129 0.2000000030
15364  26.318  -49.259  26.872 0.2000000030
15297  28.412  -49.561  33.549 0.6000000238
15296  28.895  -49.031  33.020 0.6999999881
15309  29.099  -49.169  32.227 0.6999999881
15319  29.006  -49.617  31.525 0.6999999881
15896  29.666  -48.593  30.609 0.5000000000
15883  29.457  -48.774  31.549 0.6000000238
14789  29.153  -50.060  29.938 0.5000000000
15355  29.938  -49.159  28.904 0.6000000238
91170  29.602  -49.955  29.218 0.6000000238
93692  30.180  -50.805  28.780 0.3000000119
99077  30.707  -49.364  28.251 0.6000000238
15344  29.572  -49.141  29.692 0.6000000238
15908  29.931  -48.366  29.150 0.6000000238
15363  31.239  -49.628  27.463 0.6000000238
14814  30.850  -50.857  25.951 0.3000000119
14827  30.676  -50.752  24.575 0.3000000119
15976  30.002  -48.845  23.987 0.3000000119
106093  29.572  -49.541  24.076 0.2000000030
101381  27.743  -48.859  26.240 0.2000000030
15951  28.251  -48.218  26.085 0.2000000030
15953  27.002  -49.015  26.453 0.2000000030
16518  26.101  -47.296  26.631 0.2000000030
16519  25.390  -47.049  27.131 0.2000000030
16516  30.990  -47.818  28.094 0.6999999881
15921  30.441  -48.446  28.508 0.6000000238
94292  30.448  -47.520  28.664 0.6999999881
16544  30.114  -46.831  24.468 0.4000000060
90570  26.857  -46.046  26.258 0.3000000119
17096  26.007  -46.360  26.791 0.3000000119
17704  25.580  -45.570  27.092 0.3000000119
107175  24.150  -45.492  27.456 0.2000000030
17703  26.358  -45.488  26.557 0.4000000060
18337  24.153  -44.275  26.873 0.3000000119
17729  22.953  -45.067  26.951 0.2000000030
18338  23.365  -44.323  26.627 0.2000000030
97639  30.570  -46.776  29.125 0.6999999881
103259  28.887  -45.885  26.063 0.4000000060
17094  27.843  -45.740  26.003 0.5000000000
15916  13.656  -47.522  30.067 0.3000000119
106296  14.726  -48.001  28.256 0.1000000015
18341  20.685  -44.460  26.752 0.1000000015
99983  22.983  -43.608  26.278 0.3000000119
17711  18.082  -45.230  27.122 0.1000000015
17713  15.846  -45.337  27.648 0.2000000030
105118  14.894  -46.218  28.085 0.2000000030
18978  20.429  -43.573  26.522 0.3000000119
101590  17.677  -44.171  26.500 0.1000000015
146  19.066  -82.881  28.480 0.2000000030
145  19.817  -83.104  28.485 0.2000000030
2127  28.282  -75.204  42.986 0.4000000060
2128  27.890  -75.141  42.734 0.3000000119
2122  27.378  -75.518  43.301 0.4000000060
105798  27.486  -75.644  44.097 0.3000000119
1750  26.066  -75.870  44.413 0.4000000060
2129  26.832  -75.462  42.805 0.4000000060
1756  26.067  -75.759  43.582 0.4000000060
2124  25.960  -75.660  42.971 0.4000000060
1757  25.350  -75.783  43.960 0.5000000000
1766  25.097  -75.742  42.524 0.4000000060
104962  25.010  -75.743  43.282 0.5000000000
1442  23.702  -76.374  43.977 0.5000000000
1452  23.667  -77.105  42.668 0.5000000000
1448  23.421  -76.954  43.555 0.5000000000
1443  23.165  -76.802  44.390 0.5000000000
1131  23.679  -77.709  41.811 0.6000000238
1133  22.701  -78.399  42.713 0.5000000000
1123  22.307  -78.049  43.589 0.5000000000
860  19.022  -78.372  42.657 0.5000000000
865  18.729  -78.783  41.995 0.5000000000
1137  23.702  -78.091  40.953 0.6000000238
869  23.684  -78.879  40.792 0.6000000238
1138  22.895  -78.722  41.943 0.6000000238
861  22.241  -78.887  42.217 0.5000000000
863  20.282  -78.917  42.298 0.6000000238
864  19.542  -78.883  42.174 0.5000000000
875  24.196  -79.373  40.172 0.6000000238
3639  24.261  -71.518  40.173 0.3000000119
2133  27.414  -74.949  42.261 0.4000000060
94239  26.928  -75.805  44.708 0.3000000119
2109  25.701  -75.428  45.348 0.4000000060
2134  26.463  -75.318  41.981 0.4000000060
1751  25.120  -75.851  44.739 0.5000000000
1772  24.974  -75.828  41.802 0.4000000060
1758  24.426  -75.968  44.126 0.5000000000
1773  24.385  -76.458  41.450 0.5000000000
1455  23.989  -77.296  41.230 0.6000000238
1115  22.193  -77.603  44.322 0.5000000000
1118  19.756  -77.997  44.071 0.5000000000
1119  19.111  -77.308  43.792 0.5000000000
1140  24.176  -78.644  40.347 0.6000000238
1116  21.543  -77.916  44.289 0.5000000000
1125  20.312  -78.137  43.372 0.5000000000
1117  20.672  -78.005  44.177 0.5000000000
874  24.786  -79.073  39.793 0.6000000238
108918  31.721  -76.114  15.627 0.5000000000
2012  31.873  -76.631  15.283 0.6000000238
2018  31.872  -76.633  14.496 0.5000000000
1695  32.337  -77.574  13.162 0.6999999881
4049  26.496  -70.016  39.491 0.2000000030
2503  28.495  -74.831  42.161 0.2000000030
2502  29.082  -75.094  42.480 0.2000000030
3638  25.469  -71.492  40.305 0.3000000119
3260  24.977  -72.143  40.680 0.3000000119
2514  28.002  -74.524  41.581 0.3000000119
2121  28.253  -75.190  43.701 0.3000000119
2106  28.035  -75.306  44.699 0.3000000119
2135  25.554  -75.564  41.478 0.4000000060
1779  24.783  -76.062  40.893 0.5000000000
2097  26.330  -75.133  46.007 0.4000000060
1752  24.271  -76.104  45.169 0.4000000060
1788  24.716  -76.573  40.046 0.4000000060
104075  18.847  -76.341  43.867 0.5000000000
1780  24.351  -76.912  40.653 0.5000000000
1465  24.549  -77.403  39.880 0.6000000238
1759  23.622  -76.307  44.758 0.5000000000
1444  22.497  -77.096  44.813 0.5000000000
1113  18.882  -76.883  44.091 0.5000000000
1112  19.322  -77.476  44.427 0.5000000000
94247  18.814  -75.752  43.802 0.5000000000
1459  24.120  -77.762  40.435 0.6000000238
1110  20.968  -77.560  44.885 0.5000000000
1438  20.346  -77.080  45.357 0.5000000000
1143  25.343  -78.855  39.375 0.6000000238
2750  31.477  -74.354  16.682 0.5000000000
94572  31.579  -74.958  16.096 0.5000000000
99200  31.721  -75.149  16.992 0.5000000000
92015  31.560  -74.166  15.876 0.5000000000
2019  31.660  -76.053  14.986 0.5000000000
2025  32.147  -76.336  13.621 0.5000000000
2033  32.358  -76.851  12.940 0.6000000238
2032  32.858  -76.388  12.180 0.6000000238
107734  33.276  -77.642  10.788 0.6999999881
2039  33.052  -76.929  11.286 0.6000000238
2049  33.464  -76.859  10.499 0.6999999881
1716  33.666  -77.540  9.835 0.5000000000
1721  34.083  -76.892  8.846 0.5000000000
1729  33.251  -76.767  7.804 0.3000000119
6287  19.437  -65.688  46.219 0.1000000015
6271  19.236  -65.985  46.983 0.2000000030
6303  19.544  -65.233  45.384 0.2000000030
97063  25.541  -66.434  39.586 0.1000000015
98254  25.865  -67.325  38.802 0.1000000015
5415  26.138  -66.948  39.343 0.1000000015
4480  26.721  -69.149  39.207 0.1000000015
4471  27.262  -69.534  39.813 0.1000000015
4042  27.029  -70.428  40.315 0.2000000030
4041  27.663  -70.295  41.037 0.2000000030
2126  29.146  -75.096  43.141 0.2000000030
4043  26.043  -70.826  39.889 0.3000000119
3629  26.726  -71.447  41.489 0.3000000119
2117  28.662  -75.042  44.347 0.3000000119
2476  28.531  -74.600  45.112 0.3000000119
3637  26.451  -71.211  40.686 0.3000000119
3630  25.933  -71.814  41.109 0.3000000119
3248  26.282  -72.100  41.865 0.3000000119
3243  25.828  -72.755  42.221 0.3000000119
2523  27.451  -74.346  40.737 0.3000000119
2887  25.059  -73.121  41.836 0.3000000119
2888  23.388  -73.009  41.747 0.3000000119
2515  26.927  -74.774  41.459 0.4000000060
2147  25.280  -75.363  39.724 0.4000000060
107984  28.033  -75.095  45.265 0.3000000119
2470  27.499  -74.353  46.525 0.3000000119
96089  24.308  -73.560  42.251 0.3000000119
109188  25.730  -75.097  40.388 0.3000000119
2096  27.127  -75.046  46.046 0.3000000119
2089  26.125  -75.118  46.893 0.4000000060
93180  25.002  -75.950  40.148 0.4000000060
2110  24.934  -75.917  45.798 0.5000000000
2100  23.835  -75.263  46.683 0.5000000000
2500  19.790  -74.292  43.103 0.5000000000
1753  23.411  -76.216  45.671 0.5000000000
1744  24.065  -75.858  46.027 0.5000000000
96062  18.779  -76.748  45.621 0.5000000000
1434  18.343  -76.333  45.239 0.5000000000
2125  19.338  -74.858  43.551 0.5000000000
1436  22.039  -76.681  45.827 0.5000000000
1432  19.480  -76.845  45.774 0.5000000000
1760  18.461  -75.194  44.954 0.5000000000
103117  18.822  -74.952  44.316 0.5000000000
1464  25.040  -77.941  39.248 0.6000000238
1437  21.204  -76.970  45.718 0.5000000000
1148  25.859  -78.494  38.827 0.5000000000
3110  31.761  -73.439  15.775 0.4000000060
105108  31.422  -72.966  16.843 0.5000000000
3092  31.113  -72.973  17.612 0.5000000000
3091  31.334  -73.699  17.186 0.5000000000
3131  31.888  -73.998  15.242 0.4000000060
2396  32.435  -75.557  13.554 0.5000000000
2406  32.658  -75.917  12.943 0.5000000000
2405  33.354  -75.515  12.495 0.5000000000
2415  33.464  -75.881  11.533 0.5000000000
2424  33.749  -76.009  10.691 0.4000000060
2048  34.090  -76.403  9.895 0.5000000000
2076  33.627  -76.207  7.870 0.3000000119
5327  19.002  -67.356  47.826 0.2000000030
5777  18.513  -66.623  48.402 0.2000000030
6811  19.135  -64.925  46.064 0.2000000030
6288  18.903  -65.121  46.695 0.2000000030
6828  18.825  -63.945  44.986 0.2000000030
5846  24.628  -67.558  42.231 0.1000000015
5845  25.127  -67.604  42.405 0.1000000015
94102  24.417  -65.687  40.116 0.1000000015
5859  24.910  -66.544  40.819 0.1000000015
100516  25.276  -67.218  41.663 0.1000000015
90377  26.038  -66.741  40.451 0.1000000015
5407  26.944  -67.095  39.731 0.1000000015
5414  26.497  -67.529  39.153 0.1000000015
5413  27.209  -67.700  39.562 0.1000000015
2512  30.164  -75.108  41.983 0.2000000030
2513  29.327  -74.636  41.655 0.2000000030
4479  27.331  -68.602  39.594 0.1000000015
2873  30.822  -75.012  42.015 0.2000000030
4036  28.153  -69.981  41.801 0.2000000030
4030  28.274  -69.956  42.807 0.1000000015
2522  28.622  -74.207  40.893 0.2000000030
2493  29.820  -74.921  43.454 0.2000000030
3628  27.520  -70.938  41.816 0.2000000030
104485  27.961  -70.628  42.482 0.2000000030
105085  29.615  -74.166  44.243 0.2000000030
3624  26.967  -71.672  42.260 0.2000000030
2468  28.990  -73.924  45.933 0.2000000030
3242  26.511  -72.327  42.609 0.3000000119
2524  26.412  -74.691  40.599 0.3000000119
107158  28.349  -74.215  45.710 0.3000000119
2855  28.588  -73.831  46.771 0.3000000119
3233  26.574  -72.619  44.283 0.3000000119
2875  25.338  -73.355  42.747 0.3000000119
2457  27.761  -73.846  47.913 0.3000000119
3218  26.871  -72.673  48.100 0.2000000030
3221  27.203  -71.976  47.819 0.3000000119
2485  24.748  -73.755  44.492 0.3000000119
2867  24.627  -73.828  43.039 0.3000000119
2876  23.155  -73.575  42.292 0.4000000060
2153  25.290  -75.559  38.771 0.4000000060
2464  26.570  -74.312  47.309 0.3000000119
2459  26.786  -73.974  48.177 0.3000000119
99609  25.831  -73.262  46.920 0.3000000119
2495  24.324  -74.042  43.749 0.4000000060
2505  22.691  -74.068  42.866 0.4000000060
2878  20.732  -73.048  42.018 0.4000000060
2099  24.703  -75.252  46.539 0.5000000000
2090  25.291  -75.002  47.257 0.5000000000
2461  25.256  -74.276  47.697 0.4000000060
2506  21.353  -73.735  42.730 0.4000000060
96072  25.070  -76.156  39.434 0.4000000060
2490  20.316  -74.636  44.532 0.5000000000
2498  20.697  -74.069  43.216 0.4000000060
94676  25.012  -77.022  39.311 0.4000000060
1754  22.595  -76.225  46.018 0.5000000000
1747  20.863  -75.958  46.375 0.5000000000
2113  19.743  -75.182  45.930 0.5000000000
2491  19.353  -74.569  44.740 0.5000000000
93823  19.618  -74.371  43.969 0.5000000000
1796  25.977  -76.970  38.042 0.4000000060
1430  21.300  -76.330  46.156 0.5000000000
1742  19.768  -75.865  46.445 0.5000000000
2114  18.825  -74.913  45.942 0.5000000000
94124  19.083  -74.518  44.230 0.5000000000
95720  27.814  -77.839  37.618 0.4000000060
1470  26.373  -77.993  38.310 0.4000000060
102191  33.464  -69.619  19.885 0.2000000030
4663  34.172  -70.524  21.009 0.1000000015
4664  33.551  -69.997  21.310 0.1000000015
99904  33.619  -69.515  19.086 0.1000000015
4678  33.122  -69.776  20.591 0.2000000030
94682  32.502  -69.673  21.257 0.2000000030
4715  33.856  -69.819  18.333 0.2000000030
4236  32.360  -70.257  18.184 0.3000000119
4705  32.134  -69.854  18.938 0.2000000030
98206  31.389  -70.081  19.449 0.2000000030
4680  31.375  -69.871  20.280 0.3000000119
3845  32.784  -71.404  16.805 0.2000000030
3830  31.491  -71.450  17.552 0.4000000060
4238  30.827  -70.789  19.181 0.4000000060
3865  33.297  -71.916  16.132 0.2000000030
3109  32.401  -73.294  15.306 0.3000000119
109067  31.971  -75.087  14.390 0.5000000000
3130  32.459  -73.914  14.750 0.3000000119
2771  32.503  -74.816  13.980 0.3000000119
99685  30.171  -72.893  6.450 0.2000000030
2395  33.069  -75.165  13.231 0.4000000060
2451  31.773  -74.995  5.990 0.4000000060
1728  34.144  -76.747  8.170 0.3000000119
2447  33.067  -75.617  6.974 0.3000000119
2433  34.486  -75.714  9.562 0.3000000119
2059  34.589  -75.746  8.846 0.3000000119
552  16.986  -80.938  16.549 0.2000000030
2075  34.253  -76.037  7.999 0.3000000119
1056  20.211  -79.388  17.232 0.4000000060
791  20.303  -80.396  16.749 0.3000000119
5318  18.662  -67.667  48.545 0.2000000030
5308  18.335  -67.878  49.182 0.2000000030
5785  18.863  -66.314  47.684 0.2000000030
5778  17.954  -65.993  48.918 0.2000000030
6812  18.584  -64.354  46.295 0.2000000030
6258  18.291  -65.656  48.181 0.2000000030
5356  24.541  -68.234  43.525 0.1000000015
7397  18.337  -63.677  43.555 0.2000000030
7387  18.136  -63.643  44.832 0.2000000030
6339  25.454  -66.833  42.491 0.1000000015
5844  25.510  -67.111  41.956 0.1000000015
5858  26.075  -66.772  41.335 0.1000000015
6352  26.774  -66.190  41.651 0.1000000015
5868  27.403  -66.842  40.447 0.1000000015
5856  27.751  -66.378  41.159 0.1000000015
5406  27.618  -67.244  40.124 0.1000000015
5867  27.982  -66.848  40.727 0.1000000015
4470  27.793  -68.978  40.231 0.1000000015
4469  28.254  -68.397  40.808 0.1000000015
5384  28.659  -67.554  42.014 0.1000000015
4462  28.356  -69.092  41.482 0.1000000015
4035  28.470  -69.152  42.275 0.1000000015
4924  28.717  -67.766  43.579 0.1000000015
4449  28.509  -69.161  43.204 0.2000000030
91285  28.519  -69.052  44.119 0.1000000015
4025  28.300  -69.944  43.829 0.2000000030
4443  28.359  -69.575  44.839 0.1000000015
2862  29.488  -73.479  45.143 0.2000000030
95158  27.526  -71.437  43.424 0.2000000030
3611  28.106  -70.407  44.600 0.2000000030
3231  29.755  -72.723  44.946 0.2000000030
3616  27.742  -71.143  44.168 0.2000000030
3604  27.782  -70.956  45.213 0.2000000030
2858  29.343  -73.259  46.049 0.2000000030
2854  29.046  -73.376  46.713 0.1000000015
4004  27.937  -71.091  48.536 0.2000000030
3601  27.478  -71.217  47.071 0.2000000030
3232  27.175  -71.943  45.438 0.2000000030
3217  27.440  -72.374  48.158 0.1000000015
3593  27.830  -71.851  48.846 0.1000000015
3229  26.818  -72.364  45.834 0.3000000119
2859  26.204  -72.823  45.696 0.3000000119
2857  25.408  -73.281  45.862 0.3000000119
2486  24.107  -74.150  44.605 0.4000000060
2496  23.309  -74.365  43.846 0.4000000060
2086  23.626  -75.018  48.024 0.5000000000
2853  24.548  -73.889  47.022 0.5000000000
2487  23.402  -74.464  44.998 0.5000000000
2488  22.523  -74.700  44.519 0.5000000000
2497  22.037  -74.386  43.518 0.4000000060
2474  22.875  -74.733  47.174 0.5000000000
97500  22.797  -74.756  45.454 0.5000000000
91413  22.065  -75.060  45.029 0.5000000000
2489  21.348  -74.707  44.237 0.5000000000
1797  25.412  -76.543  38.666 0.4000000060
103026  22.329  -75.660  46.089 0.5000000000
2102  21.492  -75.693  46.096 0.5000000000
2481  21.104  -75.143  45.189 0.5000000000
102953  36.000  -71.569  21.241 0.1000000015
107563  35.820  -72.144  21.323 0.1000000015
4203  35.554  -70.838  21.152 0.1000000015
3785  35.201  -71.758  21.815 0.1000000015
95961  35.600  -69.990  20.875 0.1000000015
4662  34.685  -70.802  21.099 0.1000000015
4204  34.918  -71.353  21.555 0.1000000015
4190  34.752  -71.223  22.118 0.1000000015
4676  34.952  -69.956  20.496 0.1000000015
98087  34.725  -69.584  20.080 0.1000000015
4192  33.701  -69.918  22.251 0.2000000030
101002  32.128  -69.540  22.841 0.3000000119
4665  31.516  -69.740  21.116 0.4000000060
4267  33.533  -70.829  17.223 0.3000000119
4226  30.815  -70.344  20.050 0.4000000060
4206  30.998  -69.979  21.792 0.4000000060
3844  33.847  -71.351  16.591 0.2000000030
3478  32.814  -72.566  15.704 0.2000000030
2770  33.074  -74.025  14.288 0.3000000119
2786  33.516  -74.540  13.681 0.4000000060
3573  29.935  -72.613  7.274 0.2000000030
2796  34.048  -74.834  13.025 0.2000000030
94601  29.902  -73.444  8.802 0.2000000030
2808  34.734  -74.743  11.712 0.2000000030
2404  34.067  -75.115  12.092 0.4000000060
2423  34.366  -75.512  10.345 0.4000000060
2838  32.390  -74.240  6.145 0.3000000119
2821  34.841  -74.833  10.000 0.2000000030
2446  33.796  -74.956  6.875 0.3000000119
2439  35.038  -74.708  8.561 0.2000000030
2074  34.594  -75.494  8.181 0.2000000030
2442  34.299  -75.203  7.587 0.2000000030
790  21.089  -80.395  16.168 0.3000000119
5771  17.582  -66.420  49.607 0.2000000030
5309  17.717  -67.527  49.805 0.2000000030
6246  17.289  -65.504  49.372 0.3000000119
6813  17.846  -63.922  46.518 0.3000000119
6273  17.865  -64.783  47.783 0.2000000030
6259  17.552  -65.121  48.559 0.2000000030
7388  17.490  -63.751  44.509 0.3000000119
7360  16.971  -63.862  45.917 0.3000000119
6800  17.432  -64.104  47.275 0.3000000119
7407  17.783  -63.687  42.903 0.3000000119
7398  17.599  -63.728  43.725 0.3000000119
6847  16.978  -64.040  44.059 0.4000000060
6338  26.193  -66.195  42.127 0.1000000015
6883  17.183  -63.965  41.509 0.3000000119
6909  17.069  -64.510  40.324 0.4000000060
6896  16.745  -64.546  41.080 0.4000000060
6337  26.949  -65.540  42.260 0.1000000015
6350  28.080  -65.853  41.840 0.1000000015
6336  28.180  -65.650  42.680 0.1000000015
6395  17.257  -65.651  38.436 0.4000000060
5843  28.428  -66.226  42.197 0.1000000015
5371  28.680  -67.061  42.715 0.1000000015
6325  28.166  -65.420  43.806 0.1000000015
91412  28.648  -66.857  43.898 0.1000000015
96261  28.664  -67.512  44.446 0.1000000015
90460  28.610  -67.786  45.335 0.1000000015
92107  28.514  -68.718  45.050 0.1000000015
4436  28.332  -69.127  45.990 0.2000000030
4007  28.302  -69.917  48.003 0.2000000030
4017  27.853  -70.543  46.066 0.2000000030
4016  28.121  -70.090  45.554 0.2000000030
99637  29.559  -72.218  46.559 0.1000000015
4002  29.171  -70.398  48.788 0.1000000015
4008  27.835  -70.778  48.054 0.2000000030
3225  29.364  -72.728  46.618 0.2000000030
103892  29.042  -72.132  48.053 0.1000000015
3595  29.169  -71.583  49.005 0.1000000015
3419  40.290  -72.585  20.695 0.1000000015
3793  40.939  -71.689  20.680 0.1000000015
102002  39.435  -71.604  21.374 0.1000000015
3420  38.785  -72.763  21.210 0.1000000015
94070  39.352  -70.720  21.613 0.1000000015
98202  37.719  -73.278  21.237 0.1000000015
4188  37.758  -70.150  22.029 0.1000000015
3783  37.116  -71.236  21.725 0.1000000015
3794  37.572  -72.356  21.501 0.1000000015
3421  36.888  -73.047  21.377 0.1000000015
3422  36.109  -72.547  21.464 0.1000000015
4189  36.827  -70.312  21.640 0.1000000015
4675  36.143  -69.455  20.646 0.1000000015
3784  35.663  -72.048  22.586 0.1000000015
4174  34.878  -70.791  23.121 0.1000000015
4689  35.423  -69.446  20.127 0.1000000015
4703  34.430  -69.530  18.911 0.1000000015
101628  35.168  -71.447  22.578 0.1000000015
4191  34.351  -70.364  22.642 0.2000000030
4702  35.274  -69.596  18.811 0.1000000015
4714  34.744  -69.884  18.159 0.1000000015
4614  34.153  -69.748  24.434 0.3000000119
4631  32.513  -69.544  23.740 0.4000000060
4193  31.374  -69.931  22.677 0.4000000060
4632  31.873  -69.915  24.164 0.4000000060
4266  34.475  -70.882  17.042 0.1000000015
105186  31.734  -69.805  23.428 0.4000000060
4176  31.367  -70.531  23.506 0.4000000060
3476  34.698  -72.372  15.474 0.1000000015
3129  33.676  -73.462  14.628 0.2000000030
3494  35.080  -72.978  14.937 0.1000000015
108671  34.363  -74.427  13.650 0.2000000030
3186  29.356  -73.043  9.497 0.3000000119
3185  29.999  -73.696  10.461 0.3000000119
2809  30.212  -74.424  11.285 0.4000000060
3147  34.923  -74.156  14.065 0.1000000015
2817  30.434  -74.589  10.451 0.3000000119
2795  34.783  -74.702  12.616 0.2000000030
2807  35.409  -74.274  11.284 0.1000000015
2816  34.747  -74.787  10.849 0.2000000030
3583  31.914  -73.014  6.023 0.2000000030
3184  35.743  -73.872  10.482 0.1000000015
2836  33.878  -73.289  6.359 0.2000000030
2837  33.367  -74.194  6.458 0.2000000030
2833  34.366  -74.134  6.539 0.2000000030
1354  21.483  -78.842  16.852 0.6000000238
1066  21.101  -79.574  16.682 0.4000000060
2828  35.082  -74.526  7.505 0.2000000030
1075  21.763  -80.017  15.880 0.4000000060
804  21.468  -80.818  15.411 0.3000000119
816  22.757  -80.801  14.352 0.2000000030
4862  17.078  -68.811  51.343 0.3000000119
4872  17.706  -68.562  50.351 0.2000000030
5300  17.011  -67.601  50.697 0.2000000030
4863  16.289  -68.742  52.222 0.3000000119
5301  16.418  -67.869  51.552 0.3000000119
5317  19.185  -68.506  47.940 0.1000000015
5764  16.689  -66.611  50.619 0.3000000119
5756  16.028  -66.299  51.115 0.3000000119
100245  16.486  -65.862  50.486 0.3000000119
6771  16.761  -64.720  48.900 0.4000000060
6772  15.993  -64.493  49.197 0.4000000060
7374  16.846  -64.058  45.013 0.4000000060
6814  16.508  -64.072  46.628 0.3000000119
6873  16.629  -64.473  42.712 0.4000000060
6861  16.549  -64.570  43.549 0.4000000060
6884  16.655  -64.475  41.889 0.4000000060
6384  16.928  -65.134  39.711 0.4000000060
6359  16.307  -65.363  41.549 0.5000000000
5885  16.849  -66.235  38.728 0.5000000000
6314  28.387  -65.193  44.791 0.1000000015
92341  28.546  -68.257  46.807 0.2000000030
4428  28.479  -69.021  47.318 0.2000000030
91799  28.938  -69.870  48.754 0.1000000015
4215  41.590  -70.980  20.670 0.1000000015
3426  41.845  -72.580  20.269 0.1000000015
4187  38.747  -70.055  21.865 0.1000000015
3061  38.459  -73.858  20.960 0.1000000015
96054  37.633  -73.747  21.315 0.1000000015
4647  37.497  -69.517  21.741 0.1000000015
4661  36.667  -69.595  21.261 0.1000000015
3048  36.514  -73.199  21.897 0.1000000015
3403  36.317  -72.796  23.081 0.1000000015
2282  30.760  -75.810  26.456 0.3000000119
4701  36.174  -69.655  18.742 0.1000000015
3770  35.481  -71.270  23.542 0.1000000015
3376  33.882  -72.211  26.723 0.3000000119
3377  32.960  -72.219  26.545 0.3000000119
3017  33.333  -73.020  26.560 0.3000000119
4163  35.045  -70.514  24.206 0.4000000060
4155  33.384  -70.225  25.782 0.3000000119
3754  32.367  -70.934  25.875 0.3000000119
3755  31.831  -71.542  25.737 0.4000000060
3378  32.120  -72.281  26.201 0.3000000119
94672  31.453  -73.106  26.222 0.3000000119
4246  35.087  -70.396  17.498 0.1000000015
3843  34.756  -71.389  16.501 0.1000000015
100745  35.122  -70.740  25.041 0.3000000119
4602  33.780  -69.854  25.151 0.4000000060
4154  34.190  -70.373  25.736 0.3000000119
4603  32.924  -69.819  25.146 0.4000000060
3863  35.225  -71.788  15.969 0.1000000015
3475  35.601  -72.460  15.401 0.1000000015
3160  29.477  -73.434  12.794 0.3000000119
3127  35.465  -73.702  14.493 0.1000000015
3194  29.010  -72.385  8.764 0.3000000119
105576  29.139  -72.847  10.154 0.3000000119
3173  29.658  -73.348  11.129 0.3000000119
3146  35.799  -74.245  14.038 0.1000000015
2785  35.106  -74.475  13.431 0.1000000015
3972  29.531  -71.984  7.882 0.2000000030
2797  29.852  -74.139  12.194 0.4000000060
2407  30.045  -75.168  11.953 0.5000000000
101594  35.399  -74.479  12.257 0.1000000015
3572  30.577  -72.487  6.623 0.2000000030
2806  36.072  -74.122  11.987 0.1000000015
95563  36.826  -73.313  10.878 0.1000000015
3172  36.173  -73.676  11.111 0.1000000015
3192  35.930  -73.616  9.561 0.1000000015
2832  35.163  -73.948  6.667 0.2000000030
2819  35.666  -73.973  8.814 0.1000000015
2825  35.777  -73.911  7.937 0.1000000015
1073  23.483  -79.385  15.199 0.5000000000
1074  22.540  -79.666  15.527 0.5000000000
817  21.880  -81.237  14.620 0.2000000030
803  22.219  -80.415  15.104 0.4000000060
582  24.351  -80.734  12.443 0.3000000119
5298  15.794  -67.967  52.342 0.3000000119
4871  18.269  -68.587  49.576 0.2000000030
4866  18.295  -69.481  49.925 0.2000000030
5302  15.870  -67.148  51.715 0.3000000119
5757  15.273  -66.431  51.814 0.3000000119
96231  15.873  -65.462  50.548 0.4000000060
6787  15.610  -64.362  48.654 0.4000000060
6773  15.221  -64.543  49.395 0.4000000060
6815  15.889  -64.608  46.398 0.5000000000
6802  15.935  -64.262  47.288 0.5000000000
6330  16.018  -65.329  43.867 0.5000000000
5884  17.167  -66.397  38.091 0.5000000000
95313  16.758  -66.992  38.658 0.5000000000
5431  17.026  -68.168  37.857 0.5000000000
99474  17.837  -68.658  36.838 0.5000000000
1894  34.848  -77.302  29.899 0.3000000119
107533  39.758  -73.694  20.577 0.1000000015
4646  38.153  -69.416  21.910 0.1000000015
5100  37.093  -68.976  21.073 0.1000000015
2666  35.162  -74.716  26.430 0.3000000119
98395  34.500  -74.029  26.442 0.3000000119
2279  33.377  -75.751  25.724 0.3000000119
93030  32.846  -76.703  25.592 0.3000000119
3015  35.350  -73.655  26.547 0.3000000119
3016  34.398  -73.097  26.591 0.3000000119
98703  33.661  -73.940  26.371 0.3000000119
97824  32.757  -73.890  26.360 0.3000000119
2668  33.076  -74.847  26.044 0.3000000119
2670  31.308  -74.842  26.354 0.3000000119
4149  33.849  -70.807  26.275 0.3000000119
91417  32.420  -73.030  26.407 0.3000000119
3018  31.867  -73.911  26.347 0.3000000119
2669  32.172  -74.869  26.140 0.3000000119
98739  31.099  -73.942  26.357 0.3000000119
3842  35.852  -71.452  16.402 0.1000000015
3753  35.401  -71.278  25.635 0.3000000119
3093  26.567  -73.100  17.722 0.6000000238
3565  28.947  -71.903  8.563 0.3000000119
96689  29.587  -74.348  13.086 0.5000000000
2397  29.188  -74.809  13.694 0.5000000000
828  23.132  -81.297  13.943 0.3000000119
4854  14.907  -69.184  53.887 0.2000000030
4404  17.337  -70.064  51.485 0.2000000030
4405  16.575  -69.693  52.207 0.3000000119
104276  15.928  -69.567  52.821 0.3000000119
4848  13.864  -68.271  54.937 0.2000000030
4408  17.798  -69.641  50.676 0.2000000030
5290  15.128  -68.102  53.171 0.3000000119
5299  15.246  -67.228  52.461 0.3000000119
90657  14.640  -67.377  53.201 0.3000000119
6226  15.305  -65.667  51.215 0.4000000060
5748  14.428  -66.534  52.609 0.3000000119
6238  15.144  -65.121  50.586 0.4000000060
6239  14.572  -64.949  50.625 0.4000000060
6788  14.745  -64.603  48.880 0.4000000060
6774  14.485  -64.691  49.700 0.4000000060
6274  15.318  -64.931  46.973 0.5000000000
6803  15.279  -64.555  47.960 0.5000000000
5814  14.902  -66.759  45.409 0.6000000238
5361  15.163  -67.404  44.327 0.6000000238
1893  35.210  -76.848  30.229 0.3000000119
97575  35.226  -77.529  29.521 0.3000000119
1556  34.604  -77.780  29.136 0.3000000119
1241  34.744  -79.100  27.715 0.3000000119
1611  33.255  -77.554  25.601 0.3000000119
2278  34.387  -75.727  25.894 0.3000000119
1926  34.747  -76.772  25.640 0.3000000119
2667  33.993  -74.815  26.133 0.3000000119
2773  29.012  -74.117  14.359 0.6000000238
4835  13.937  -68.065  56.036 0.2000000030
4847  14.426  -68.668  55.181 0.2000000030
4855  14.576  -68.922  54.595 0.1000000015
4397  15.265  -69.658  54.348 0.1000000015
5282  13.200  -67.605  55.442 0.2000000030
5292  13.212  -67.548  54.757 0.2000000030
6212  13.874  -65.789  52.274 0.3000000119
5736  13.727  -67.098  53.722 0.2000000030
6227  13.892  -65.330  51.633 0.4000000060
6775  13.671  -64.865  50.051 0.4000000060
6260  14.545  -65.023  48.227 0.6000000238
6789  14.083  -64.823  49.369 0.4000000060
6248  13.469  -65.196  49.369 0.5000000000
5786  14.189  -66.299  47.177 0.6000000238
6276  13.925  -65.747  48.015 0.6000000238
95923  13.328  -65.696  48.732 0.6000000238
6262  12.894  -65.624  49.274 0.5000000000
5347  14.616  -67.427  45.575 0.6000000238
4920  14.966  -68.257  44.452 0.6000000238
1555  35.512  -78.128  28.670 0.3000000119
1276  35.728  -78.689  25.997 0.3000000119
1925  35.930  -77.304  25.951 0.3000000119
1608  35.470  -78.334  25.705 0.3000000119
1609  34.608  -78.417  25.551 0.3000000119
2277  35.606  -75.909  26.186 0.2000000030
109272  24.760  -71.527  17.176 0.6000000238
4839  14.902  -68.419  55.805 0.1000000015
5264  13.804  -67.475  56.282 0.2000000030
4393  14.792  -69.102  55.009 0.1000000015
5274  12.807  -67.123  55.731 0.2000000030
3996  17.793  -70.937  51.653 0.1000000015
4399  16.878  -70.604  52.399 0.2000000030
3987  16.178  -70.863  54.450 0.1000000015
3994  19.214  -71.032  51.231 0.1000000015
4400  16.074  -70.312  53.136 0.2000000030
4401  15.512  -69.848  53.645 0.2000000030
4403  17.979  -70.488  50.892 0.1000000015
5737  12.489  -66.779  54.307 0.2000000030
5283  12.314  -66.843  55.370 0.2000000030
6213  13.061  -65.525  52.277 0.3000000119
6199  12.021  -66.019  53.425 0.2000000030
6228  13.206  -65.203  51.432 0.4000000060
6214  11.904  -65.503  52.400 0.3000000119
98079  12.387  -65.885  49.538 0.6000000238
6249  12.746  -65.317  49.961 0.4000000060
5780  12.622  -66.458  48.931 0.6000000238
5787  13.628  -66.766  47.680 0.6000000238
5339  14.337  -67.856  45.993 0.6000000238
106252  14.415  -66.944  46.270 0.6000000238
103873  14.340  -69.235  45.838 0.6000000238
4926  14.986  -69.316  44.249 0.6000000238
100521  14.274  -70.191  45.852 0.6000000238
5271  14.862  -68.038  56.023 0.2000000030
103493  12.806  -66.755  56.048 0.2000000030
5738  11.498  -66.103  54.939 0.2000000030
6200  11.210  -65.629  53.926 0.2000000030
5729  10.871  -65.092  54.617 0.2000000030
6230  11.196  -65.524  51.880 0.3000000119
6216  9.731  -65.282  54.047 0.3000000119
5773  10.997  -66.731  50.298 0.5000000000
6241  11.070  -65.779  51.004 0.5000000000
5772  11.842  -66.686  49.548 0.5000000000
5319  13.148  -67.907  47.973 0.6000000238
92849  12.691  -67.463  48.518 0.6000000238
5799  13.796  -67.437  47.173 0.6000000238
5320  12.484  -68.711  48.694 0.6000000238
5328  13.516  -68.759  47.480 0.6000000238
104411  12.836  -69.507  48.201 0.6000000238
4437  13.884  -69.861  46.552 0.6000000238
4012  13.701  -70.748  46.275 0.6000000238
6176  13.690  -66.326  56.320 0.2000000030
6184  13.329  -65.813  56.207 0.2000000030
109288  12.348  -65.747  56.215 0.2000000030
6713  14.154  -64.593  55.399 0.2000000030
6701  13.106  -65.325  55.907 0.2000000030
6702  11.885  -65.443  55.931 0.2000000030
6191  11.506  -65.640  55.616 0.2000000030
5765  9.916  -66.888  51.183 0.4000000060
6232  8.882  -66.715  52.898 0.3000000119
100186  9.917  -65.765  53.029 0.3000000119
5311  11.088  -67.951  49.668 0.6000000238
5759  9.088  -67.061  52.016 0.4000000060
6217  8.627  -66.102  53.944 0.3000000119
5321  11.743  -69.026  49.251 0.6000000238
5312  10.118  -67.944  50.434 0.6000000238
4868  8.731  -68.266  50.887 0.6000000238
4873  10.825  -69.185  49.603 0.6000000238
4874  9.851  -69.115  49.846 0.6000000238
4892  13.258  -69.760  47.500 0.6000000238
6630  15.631  -65.531  15.582 0.5000000000
6629  16.633  -65.976  15.167 0.5000000000
6125  17.260  -66.561  13.602 0.5000000000
6714  13.015  -64.730  55.301 0.2000000030
6725  12.074  -64.621  54.881 0.2000000030
6726  11.008  -64.499  54.641 0.2000000030
6727  10.278  -64.253  54.451 0.3000000119
6201  10.063  -64.696  54.214 0.3000000119
6730  7.850  -65.487  54.041 0.3000000119
5306  8.265  -67.994  50.878 0.6000000238
5767  7.972  -67.442  51.293 0.5000000000
6233  7.369  -66.132  52.636 0.5000000000
4876  8.572  -68.365  50.466 0.6000000238
4884  9.180  -69.128  49.171 0.6000000238
99817  15.327  -65.261  14.798 0.5000000000
6643  15.824  -65.822  13.626 0.5000000000
6644  15.677  -64.781  13.073 0.5000000000
7284  10.863  -63.684  54.037 0.2000000030
7285  9.901  -63.671  54.119 0.2000000030
6728  9.460  -64.502  54.233 0.3000000119
7310  8.138  -64.314  52.970 0.4000000060
7287  8.297  -64.601  53.639 0.4000000060
6750  8.342  -64.308  52.161 0.6000000238
6252  9.040  -66.042  49.980 0.6000000238
6763  9.881  -63.853  50.530 0.6000000238
7332  10.626  -63.400  49.867 0.6000000238
7152  14.698  -64.782  15.572 0.5000000000
7685  15.403  -63.688  14.780 0.4000000060
7171  15.374  -64.208  14.269 0.5000000000
7787  10.640  -62.825  53.615 0.2000000030
7299  9.633  -62.966  53.529 0.2000000030
7286  9.030  -63.960  53.927 0.2000000030
7810  9.342  -62.610  52.186 0.3000000119
7800  9.702  -62.363  52.749 0.3000000119
7822  9.682  -62.556  50.716 0.4000000060
7322  9.200  -63.335  51.514 0.5000000000
8312  9.026  -62.195  50.163 0.5000000000
7840  10.679  -62.812  49.868 0.5000000000
97656  9.641  -61.976  51.510 0.3000000119
99155  9.341  -62.054  49.359 0.6000000238
8764  9.980  -61.496  48.462 0.6000000238
8327  11.562  -60.997  48.341 0.6000000238
8786  10.454  -60.618  46.849 0.6000000238
89024  10.286  -66.729  37.363 0.2000000030
5878  7.847  -67.040  38.890 0.2000000030
6399  7.410  -66.012  38.439 0.2000000030
6408  8.329  -65.898  36.350 0.1000000015
106232  8.373  -64.570  37.873 0.1000000015
7436  9.104  -64.193  37.669 0.1000000015
102125  9.175  -62.740  39.126 0.1000000015
9303  7.097  -59.761  40.295 0.2000000030
9861  5.772  -58.884  41.257 0.2000000030
94370  6.440  -57.995  40.621 0.2000000030
10443  6.608  -57.127  40.318 0.2000000030
12113  15.276  -53.834  43.938 0.5000000000
13398  15.381  -52.377  44.816 0.3000000119
14030  15.334  -50.510  45.453 0.4000000060
14705  21.822  -50.101  39.951 0.1000000015
14071  18.909  -50.918  41.794 0.1000000015
14682  20.356  -50.862  40.907 0.1000000015
98585  19.453  -50.480  41.143 0.1000000015
12756  14.643  -53.514  43.293 0.6000000238
12773  15.271  -52.939  43.365 0.4000000060
93724  15.349  -50.194  44.549 0.4000000060
108942  15.246  -51.368  44.170 0.4000000060
12789  14.261  -52.650  42.201 0.6000000238
15214  16.771  -48.925  44.420 0.1000000015
13440  14.221  -51.946  41.721 0.4000000060
14684  18.099  -50.082  42.344 0.1000000015
15224  17.497  -48.934  43.086 0.1000000015
14697  19.859  -49.802  40.457 0.1000000015
14683  18.651  -49.860  41.571 0.1000000015
12774  14.791  -52.838  42.667 0.6000000238
14058  15.029  -51.090  42.957 0.4000000060
13429  15.210  -52.037  42.893 0.5000000000
14670  15.075  -49.565  43.255 0.4000000060
14059  14.791  -50.372  42.507 0.4000000060
15245  20.508  -49.391  39.961 0.1000000015
105616  19.140  -49.564  41.040 0.1000000015
15233  18.680  -48.764  41.573 0.1000000015
91078  17.226  -48.063  43.560 0.2000000030
15198  16.073  -48.984  44.448 0.3000000119
15234  18.120  -48.853  42.287 0.1000000015
15225  15.118  -48.825  43.026 0.5000000000
94034  15.466  -48.989  43.776 0.5000000000
15816  21.614  -48.328  39.370 0.1000000015
15817  20.664  -48.455  39.732 0.1000000015
95840  19.934  -48.597  40.267 0.1000000015
15782  16.181  -48.052  43.582 0.4000000060
99261  14.235  -49.993  41.687 0.5000000000
16428  20.895  -47.388  39.789 0.1000000015
15808  19.538  -47.520  41.114 0.2000000030
15796  18.407  -47.646  42.458 0.1000000015
96770  17.585  -47.447  43.115 0.4000000060
15279  21.881  -49.831  35.384 0.3000000119
15288  23.046  -49.827  35.690 0.4000000060
12365  10.397  -54.617  24.256 0.3000000119
97981  10.255  -54.928  25.046 0.3000000119
15235  14.699  -49.025  42.179 0.5000000000
15783  15.631  -48.215  43.188 0.5000000000
104844  20.550  -46.516  40.692 0.2000000030
16409  19.268  -46.301  42.198 0.2000000030
16394  17.574  -46.795  42.589 0.3000000119
103860  17.027  -47.318  42.982 0.5000000000
15846  23.454  -49.239  35.828 0.6000000238
15278  22.637  -49.603  35.772 0.6000000238
99488  9.442  -54.524  26.321 0.4000000060
12344  9.806  -54.806  25.664 0.4000000060
13606  10.696  -52.874  27.921 0.4000000060
12364  11.187  -54.859  23.861 0.3000000119
13001  10.324  -54.501  26.566 0.4000000060
12356  11.190  -55.168  24.792 0.4000000060
14698  13.781  -49.718  41.093 0.5000000000
16427  21.626  -47.066  39.509 0.2000000030
17035  21.106  -46.087  40.420 0.2000000030
17023  20.522  -45.105  41.781 0.2000000030
15798  15.210  -48.396  42.284 0.5000000000
16420  19.982  -46.263  41.567 0.2000000030
17024  19.868  -45.259  42.201 0.3000000119
17016  18.452  -45.740  42.139 0.3000000119
17027  17.123  -46.617  41.766 0.4000000060
15797  15.808  -47.749  41.778 0.4000000060
12343  10.727  -54.911  25.734 0.4000000060
13000  11.377  -54.336  26.609 0.4000000060
12981  10.975  -53.728  27.308 0.4000000060
12363  12.112  -55.299  23.875 0.3000000119
17022  21.096  -44.434  41.447 0.2000000030
17633  21.631  -43.830  41.049 0.2000000030
17014  20.228  -44.487  42.047 0.3000000119
106285  20.290  -43.996  41.598 0.3000000119
17636  19.000  -44.767  40.885 0.4000000060
15799  14.494  -48.940  41.418 0.5000000000
109131  19.749  -44.872  42.182 0.3000000119
17626  19.119  -45.034  41.899 0.3000000119
16430  17.410  -47.043  39.926 0.4000000060
15290  28.083  -49.250  34.317 0.6000000238
15849  28.252  -48.386  34.406 0.6000000238
12980  12.102  -53.445  27.348 0.4000000060
12999  12.464  -54.069  26.702 0.4000000060
12355  12.300  -55.367  25.006 0.4000000060
12342  11.776  -54.854  25.806 0.4000000060
17623  21.045  -43.469  41.506 0.3000000119
17635  19.712  -44.089  40.696 0.4000000060
17634  20.130  -43.669  40.314 0.3000000119
16478  30.085  -47.110  32.124 0.6000000238
90640  29.751  -47.965  31.972 0.6000000238
16455  28.425  -47.548  34.371 0.6000000238
13650  9.635  -52.978  23.674 0.4000000060
13634  9.128  -52.956  24.434 0.4000000060
98059  21.343  -42.924  41.224 0.3000000119
18248  20.408  -43.591  41.215 0.3000000119
18245  22.289  -42.019  40.764 0.1000000015
18247  20.732  -43.146  41.113 0.2000000030
18881  22.016  -41.801  40.157 0.1000000015
18257  20.958  -42.808  40.331 0.3000000119
17077  30.166  -46.292  32.654 0.6999999881
103755  29.812  -46.892  32.895 0.6999999881
16470  29.589  -47.654  32.876 0.6999999881
18893  22.309  -41.566  39.546 0.2000000030
18254  22.423  -42.297  38.702 0.4000000060
92292  24.187  -42.818  37.967 0.2000000030
14255  10.621  -51.232  25.504 0.4000000060
14822  11.266  -50.685  26.132 0.4000000060
18345  15.890  -44.480  26.754 0.3000000119
17152  11.376  -46.799  24.226 0.5000000000
19658  20.153  -42.601  26.341 0.3000000119
98319  18.034  -43.461  26.182 0.4000000060
18981  17.294  -43.737  26.110 0.4000000060
18982  16.392  -43.934  26.128 0.4000000060
18983  15.365  -44.048  26.091 0.4000000060
18390  12.470  -44.803  23.558 0.4000000060
17782  12.775  -45.493  23.266 0.4000000060
17783  12.113  -45.775  23.536 0.5000000000
18391  11.890  -45.240  24.014 0.5000000000
19659  19.129  -42.572  26.285 0.4000000060
19660  18.416  -42.686  26.077 0.4000000060
19661  17.750  -42.989  25.850 0.4000000060
18989  16.891  -43.290  25.675 0.4000000060
18389  13.135  -44.744  23.052 0.3000000119
18402  12.903  -44.095  23.155 0.4000000060
19666  17.356  -42.576  25.426 0.3000000119
19036  13.323  -43.552  22.829 0.3000000119
108512  13.843  -43.658  22.528 0.3000000119
5385  24.712  -68.015  42.932 0.1000000015
107418  24.430  -68.571  43.876 0.1000000015
89025  9.721  -66.660  35.973 0.1000000015
89019  8.333  -66.958  37.461 0.2000000030
8407  8.707  -61.020  39.116 0.1000000015
8408  7.822  -60.832  39.434 0.1000000015
90210  8.520  -65.041  36.616 0.1000000015
8844  7.139  -60.556  40.165 0.1000000015
7430  8.665  -63.712  38.747 0.1000000015
7926  7.605  -63.201  39.882 0.1000000015
1679  32.325  -77.046  15.659 0.6999999881
108661  32.448  -77.422  15.284 0.6000000238
2367  31.745  -75.692  16.231 0.5000000000
1688  32.104  -77.310  13.957 0.6000000238
3078  30.837  -73.082  18.471 0.5000000000
4227  30.516  -70.971  19.938 0.4000000060
3449  30.788  -72.269  18.105 0.5000000000
4194  30.917  -70.521  22.413 0.4000000060
3079  25.615  -72.845  18.198 0.6000000238
2822  30.502  -74.599  9.546 0.3000000119
4165  32.167  -70.071  24.935 0.4000000060
6919  7.186  -65.254  38.957 0.1000000015
7437  7.737  -64.524  38.660 0.1000000015
14728  18.996  -51.268  34.472 0.2000000030
17647  25.295  -44.750  37.074 0.5000000000
97983  22.954  -42.190  26.024 0.3000000119
2079  31.646  -75.959  6.890 0.4000000060
2448  32.208  -75.477  6.804 0.4000000060
594  21.747  -79.402  41.743 0.6000000238
871  22.500  -79.195  41.685 0.6000000238
2281  31.632  -76.137  26.019 0.3000000119
4022  14.520  -71.054  44.847 0.6000000238
4881  12.076  -69.660  48.756 0.6000000238
6243  7.768  -66.595  51.700 0.5000000000
6778  9.496  -64.961  50.268 0.6000000238
6751  7.630  -65.238  52.791 0.5000000000
6776  11.000  -63.858  49.169 0.6000000238
8775  8.602  -61.438  47.350 0.6000000238
18269  23.180  -42.824  38.258 0.4000000060
15287  24.093  -49.481  35.685 0.4000000060
98590  29.209  -47.656  33.590 0.6000000238
15868  29.365  -48.487  32.527 0.6000000238
18892  22.678  -41.653  38.933 0.2000000030
1128  18.582  -77.109  41.774 0.5000000000
99951  24.584  -72.596  41.236 0.3000000119
2839  30.626  -73.870  5.332 0.3000000119
6370  16.526  -65.394  40.526 0.4000000060
6344  16.195  -65.234  43.024 0.4000000060
6304  15.328  -65.911  45.208 0.5000000000
6305  14.966  -66.174  45.908 0.5000000000
6318  15.875  -65.299  44.717 0.4000000060
4912  14.565  -68.271  45.419 0.6000000238
4451  14.913  -70.210  44.096 0.6000000238
17026  17.584  -46.086  41.274 0.4000000060
16421  16.923  -46.773  40.924 0.4000000060
105799  31.910  -73.588  5.961 0.2000000030
15856  28.637  -48.761  33.849 0.6000000238
279  19.575  -82.612  28.229 0.2000000030
96558  24.330  -76.156  42.627 0.5000000000
1447  24.053  -76.268  43.322 0.5000000000
1132  23.296  -78.101  42.334 0.5000000000
1451  24.027  -76.773  41.980 0.6000000238
857  21.883  -78.584  42.886 0.5000000000
859  19.901  -78.518  42.807 0.5000000000
858  20.882  -78.634  42.752 0.5000000000
2140  25.361  -75.577  40.643 0.5000000000
2758  31.675  -74.754  15.353 0.5000000000
2060  34.234  -76.621  9.185 0.4000000060
94850  27.619  -69.768  40.444 0.1000000015
2874  26.076  -72.840  42.906 0.3000000119
2101  22.556  -75.035  46.107 0.5000000000
1743  18.847  -76.014  46.403 0.5000000000
3458  31.735  -72.441  16.531 0.3000000119
3479  32.030  -72.770  15.910 0.2000000030
104761  31.248  -72.175  17.279 0.4000000060
2414  34.209  -75.313  11.206 0.3000000119
6272  18.602  -65.372  47.428 0.2000000030
108394  28.065  -70.589  43.977 0.2000000030
3236  27.220  -71.996  43.944 0.2000000030
108221  26.022  -72.934  44.342 0.3000000119
103326  27.048  -72.193  44.694 0.2000000030
97075  26.696  -72.517  45.127 0.2000000030
2494  25.097  -73.575  43.705 0.3000000119
2454  26.642  -73.460  48.514 0.3000000119
2845  27.538  -73.241  48.069 0.2000000030
2856  25.940  -72.985  46.227 0.3000000119
3226  27.117  -71.892  47.316 0.2000000030
2864  25.494  -73.281  44.530 0.3000000119
2477  24.936  -73.577  45.275 0.3000000119
2848  25.462  -73.579  47.305 0.4000000060
2471  24.690  -73.730  46.149 0.4000000060
2467  23.706  -74.642  48.118 0.5000000000
101855  32.801  -69.641  20.031 0.2000000030
4677  33.997  -69.942  20.421 0.1000000015
4704  32.977  -69.787  18.579 0.2000000030
4679  32.246  -69.661  20.500 0.2000000030
4648  32.782  -69.619  22.081 0.2000000030
4247  34.160  -70.298  17.635 0.2000000030
4249  31.828  -70.823  17.846 0.3000000119
4237  31.550  -70.416  18.618 0.2000000030
3846  31.868  -71.745  16.868 0.3000000119
3823  31.162  -71.108  18.288 0.4000000060
3477  33.762  -72.411  15.571 0.2000000030
102092  32.958  -73.502  14.793 0.2000000030
7373  17.501  -63.736  45.330 0.2000000030
93325  28.549  -66.874  41.868 0.1000000015
90912  28.681  -68.239  42.705 0.1000000015
108663  27.478  -71.467  45.349 0.2000000030
2849  28.811  -72.483  47.241 0.1000000015
2478  24.166  -74.098  45.510 0.4000000060
2472  24.025  -74.150  46.498 0.5000000000
2111  21.843  -75.356  45.841 0.5000000000
3796  35.428  -71.793  21.351 0.1000000015
4629  33.862  -69.725  23.174 0.2000000030
3864  34.266  -71.838  16.012 0.1000000015
3495  34.184  -72.905  15.009 0.2000000030
96527  35.503  -74.553  12.976 0.2000000030
2820  35.262  -74.400  9.385 0.1000000015
101941  17.202  -66.817  50.177 0.2000000030
5763  17.041  -65.982  50.101 0.3000000119
6785  17.083  -64.336  48.100 0.2000000030
6247  16.456  -65.221  49.803 0.3000000119
6860  17.091  -63.984  43.202 0.4000000060
6801  16.603  -64.071  47.492 0.4000000060
3603  29.723  -71.900  45.792 0.1000000015
4202  38.325  -71.049  21.883 0.1000000015
4175  34.460  -69.997  23.704 0.2000000030
106725  32.498  -69.716  24.518 0.4000000060
99572  15.945  -64.185  47.981 0.4000000060
6829  16.396  -64.344  45.777 0.4000000060
92411  16.274  -64.695  45.089 0.4000000060
3762  35.624  -71.197  24.639 0.1000000015
3749  32.602  -71.504  26.243 0.3000000119
95764  29.247  -72.902  11.761 0.3000000119
3999  18.907  -70.602  50.080 0.1000000015
2280  32.527  -75.878  25.779 0.3000000119
5291  14.287  -68.139  54.125 0.2000000030
6748  14.036  -64.937  51.018 0.3000000119
6275  14.662  -65.328  47.473 0.6000000238
4396  15.756  -70.515  54.052 0.1000000015
109268  18.511  -71.145  51.582 0.1000000015
5749  13.271  -66.236  53.062 0.2000000030
6749  12.980  -65.120  50.734 0.4000000060
5779  13.232  -66.630  48.275 0.6000000238
6229  12.355  -65.313  51.398 0.4000000060
6240  12.053  -65.397  50.792 0.4000000060
6215  10.627  -65.541  53.456 0.3000000119
6250  11.853  -65.803  50.156 0.5000000000
5728  11.690  -66.166  55.759 0.2000000030
6231  10.115  -65.990  51.941 0.3000000119
6715  11.296  -65.104  55.206 0.2000000030
5766  8.737  -67.791  51.542 0.6000000238
6202  8.951  -65.306  54.250 0.3000000119
105602  10.266  -68.772  50.067 0.6000000238
5760  8.283  -67.303  52.210 0.4000000060
5303  8.176  -67.757  51.540 0.6000000238
5739  7.855  -66.116  53.756 0.4000000060
6739  7.670  -65.312  53.493 0.5000000000
7300  8.854  -63.380  53.115 0.3000000119
7309  8.698  -63.494  52.448 0.4000000060
7321  10.034  -63.075  50.643 0.6000000238
7823  9.498  -62.545  51.381 0.4000000060
8330  7.352  -62.373  49.401 0.6000000238
8329  7.823  -62.122  48.461 0.6000000238
5896  8.224  -66.424  36.639 0.2000000030
6918  7.873  -65.379  37.705 0.1000000015
98553  8.961  -61.867  39.134 0.1000000015
7925  8.429  -62.813  39.349 0.1000000015
8852  7.845  -59.847  39.535 0.1000000015
14659  15.444  -49.551  44.161 0.3000000119
15781  17.829  -47.724  42.992 0.1000000015
16393  18.236  -46.969  42.669 0.3000000119
99744  18.779  -46.302  42.417 0.3000000119
16411  16.656  -47.135  42.276 0.3000000119
17000  18.238  -46.347  42.522 0.3000000119
95888  23.248  -46.531  39.329 0.2000000030
17034  21.759  -45.680  40.057 0.2000000030
94319  21.901  -42.795  40.987 0.1000000015
18246  21.781  -42.484  40.679 0.2000000030
93058  7.937  -61.898  39.497 0.1000000015
105779  34.075  -73.624  34.698 0.2000000030
95581  34.591  -73.206  34.529 0.2000000030
1480  27.273  -78.289  38.073 0.3000000119
2950  32.430  -73.502  33.736 0.1000000015
2949  33.458  -73.310  34.004 0.2000000030
2588  35.104  -73.714  35.311 0.2000000030
2965  35.611  -72.782  34.701 0.2000000030
2576  34.373  -74.184  35.395 0.2000000030
1818  29.098  -76.713  36.809 0.3000000119
1493  27.314  -77.002  37.102 0.3000000119
1492  28.494  -77.360  37.179 0.3000000119
2566  33.363  -74.571  35.669 0.2000000030
2913  27.161  -73.325  37.674 0.1000000015
2555  27.240  -73.754  35.935 0.1000000015
106245  28.493  -74.329  34.709 0.1000000015
95741  31.121  -74.075  34.946 0.1000000015
2966  34.014  -72.814  33.633 0.2000000030
1806  26.387  -76.486  37.346 0.3000000119
2171  30.023  -75.636  36.650 0.3000000119
3704  35.790  -71.777  33.611 0.2000000030
2182  30.875  -75.274  36.750 0.3000000119
3703  36.519  -71.941  34.838 0.2000000030
2948  35.650  -73.296  35.253 0.2000000030
2914  26.898  -73.739  36.776 0.2000000030
2928  27.609  -73.784  35.170 0.1000000015
2937  30.414  -73.733  34.269 0.1000000015
2578  29.247  -74.349  34.800 0.1000000015
2936  31.479  -73.492  33.580 0.1000000015
1819  27.917  -76.431  36.493 0.3000000119
1829  28.617  -75.997  36.243 0.3000000119
96871  36.287  -71.634  34.026 0.2000000030
2567  32.106  -74.476  35.651 0.2000000030
4112  36.402  -71.604  33.804 0.2000000030
2902  28.150  -73.284  39.123 0.2000000030
3276  28.446  -72.124  38.076 0.1000000015
2906  27.390  -73.420  38.504 0.2000000030
2532  26.161  -74.224  38.996 0.2000000030
100502  26.486  -74.148  37.535 0.2000000030
2186  27.425  -74.511  35.543 0.1000000015
108298  26.051  -74.607  37.516 0.2000000030
99606  28.655  -74.982  35.185 0.1000000015
2590  31.982  -73.994  34.455 0.1000000015
2577  30.226  -74.163  35.010 0.1000000015
2172  27.404  -75.626  36.100 0.3000000119
2183  29.123  -75.503  35.976 0.2000000030
2589  33.138  -73.950  34.631 0.2000000030
2531  26.796  -74.197  39.876 0.2000000030
2533  25.829  -74.640  39.744 0.3000000119
2541  25.876  -74.517  38.111 0.2000000030
2556  26.918  -74.502  36.220 0.1000000015
94235  29.881  -74.824  35.821 0.1000000015
2568  30.999  -74.557  35.895 0.1000000015
2184  28.386  -75.480  35.702 0.1000000015
1807  25.691  -75.829  37.908 0.3000000119
100513  16.174  -68.085  11.474 0.4000000060
779  19.564  -79.866  17.283 0.3000000119
106223  28.845  -73.465  39.788 0.2000000030
2896  28.071  -73.911  39.966 0.2000000030
2161  25.752  -74.984  37.567 0.2000000030
2173  26.715  -75.252  36.393 0.2000000030
2185  27.817  -75.222  35.466 0.1000000015
1820  26.884  -76.082  36.642 0.3000000119
5669  17.385  -67.349  12.662 0.4000000060
5227  17.642  -68.308  12.558 0.4000000060
5678  14.690  -67.082  10.395 0.5000000000
5675  14.658  -66.889  10.894 0.4000000060
5677  14.726  -67.728  10.660 0.4000000060
5249  15.581  -68.148  8.950 0.5000000000
2895  29.163  -73.795  40.428 0.2000000030
6648  15.549  -65.138  12.216 0.4000000060
5666  17.783  -67.017  13.323 0.4000000060
6132  14.933  -65.987  11.599 0.4000000060
6647  15.738  -65.480  12.914 0.4000000060
6130  16.889  -66.642  12.846 0.4000000060
6663  16.756  -65.216  10.660 0.3000000119
92471  16.619  -66.308  9.348 0.4000000060
5692  17.342  -68.147  8.095 0.4000000060
802  22.945  -80.071  14.935 0.3000000119
93094  15.964  -62.706  14.171 0.3000000119
7185  16.151  -63.593  12.797 0.4000000060
7202  15.876  -64.298  12.618 0.4000000060
7712  16.650  -63.047  13.168 0.3000000119
7201  16.073  -64.095  12.280 0.4000000060
6653  15.950  -65.053  11.123 0.4000000060
7217  16.550  -64.762  11.379 0.4000000060
99889  23.517  -80.710  13.946 0.2000000030
8168  15.837  -62.841  14.944 0.3000000119
5682  16.931  -67.163  8.595 0.4000000060
92645  14.687  -63.596  15.282 0.3000000119
6158  17.813  -67.377  8.455 0.4000000060
7688  11.411  -63.924  14.826 0.3000000119
7700  16.457  -62.612  13.689 0.3000000119
103330  11.853  -63.064  14.617 0.3000000119
101875  15.273  -62.655  15.662 0.3000000119
7674  10.317  -63.846  16.113 0.3000000119
7184  16.784  -63.665  12.504 0.3000000119
8171  10.684  -62.982  14.366 0.3000000119
8157  9.740  -63.186  15.174 0.3000000119
103315  11.585  -61.920  14.626 0.3000000119
8155  13.387  -62.096  15.847 0.3000000119
8156  12.463  -62.309  14.937 0.3000000119
8135  9.093  -62.840  16.003 0.3000000119
8136  8.518  -62.894  17.049 0.3000000119
8170  13.001  -63.068  15.120 0.3000000119
7661  9.017  -63.381  17.507 0.4000000060
9060  10.087  -61.223  15.530 0.3000000119
103508  9.373  -61.482  16.059 0.3000000119
8611  8.290  -62.009  17.183 0.3000000119
8123  7.795  -62.453  18.133 0.3000000119
8119  8.043  -63.036  19.050 0.3000000119
8596  7.945  -61.286  17.726 0.2000000030
8597  7.419  -61.384  18.717 0.3000000119
9016  7.554  -60.432  20.112 0.2000000030
5720  14.483  -66.442  56.192 0.1000000015
6183  14.180  -65.874  56.138 0.1000000015
90206  14.845  -58.535  28.461 0.3000000119
9941  15.401  -58.051  29.478 0.3000000119
8787  8.664  -60.696  46.312 0.5000000000
106995  6.665  -62.223  48.764 0.5000000000
8776  7.338  -61.191  46.900 0.5000000000
8788  7.276  -60.552  46.525 0.5000000000
9238  7.028  -59.897  46.352 0.5000000000
12998  13.341  -53.975  26.784 0.3000000119
93252  10.567  -57.777  49.438 0.4000000060
99086  9.499  -58.017  48.923 0.4000000060
9218  6.599  -60.158  48.121 0.5000000000
8777  6.755  -60.684  47.304 0.5000000000
10365  12.806  -56.923  47.442 0.3000000119
10340  12.653  -57.366  48.184 0.4000000060
10354  9.683  -57.313  48.280 0.4000000060
9778  7.067  -59.061  47.683 0.4000000060
9774  13.362  -58.069  48.261 0.3000000119
9789  8.295  -58.066  48.053 0.5000000000
10356  7.473  -58.363  47.201 0.5000000000
9227  6.860  -59.551  47.196 0.5000000000
10895  12.137  -56.211  47.363 0.4000000060
10352  11.978  -56.663  48.043 0.4000000060
10907  12.991  -56.379  46.697 0.5000000000
10896  11.193  -56.148  47.751 0.5000000000
12979  13.191  -53.346  27.518 0.3000000119
12354  13.347  -55.240  25.362 0.3000000119
100519  12.850  -54.653  26.029 0.3000000119
10906  13.972  -56.745  46.274 0.4000000060
10922  13.540  -56.041  45.900 0.5000000000
11475  11.908  -55.099  46.505 0.5000000000
11488  13.002  -55.135  45.607 0.5000000000
12081  11.664  -53.955  45.487 0.5000000000
12353  14.329  -55.258  25.619 0.3000000119
11732  14.861  -56.069  24.629 0.3000000119
11733  13.899  -55.858  24.513 0.3000000119
11734  13.010  -55.672  24.265 0.3000000119
11740  14.585  -56.246  23.487 0.3000000119
105984  13.677  -55.897  23.693 0.3000000119
11487  14.063  -55.649  45.223 0.5000000000
12095  12.582  -54.249  44.992 0.5000000000
12115  13.510  -54.210  44.050 0.5000000000
96433  11.856  -53.598  44.811 0.5000000000
103582  13.916  -53.797  43.432 0.5000000000
12200  9.387  -54.558  37.993 0.2000000030
12201  8.365  -54.530  37.963 0.2000000030
12212  9.622  -54.274  37.288 0.2000000030
13026  10.661  -54.153  23.344 0.3000000119
13036  11.234  -53.468  22.923 0.3000000119
105355  11.862  -52.896  22.790 0.3000000119
13037  10.184  -53.110  23.048 0.3000000119
13662  9.902  -51.959  23.038 0.3000000119
14286  9.602  -52.212  23.855 0.3000000119
13661  10.867  -52.191  22.702 0.3000000119
14855  9.835  -51.118  23.148 0.3000000119
14272  9.550  -52.078  24.848 0.3000000119
105173  10.122  -50.384  23.041 0.3000000119
107340  11.121  -51.078  25.621 0.3000000119
14840  10.191  -50.387  23.965 0.3000000119
15398  11.530  -50.531  25.871 0.3000000119
15413  10.492  -49.801  23.351 0.3000000119
94153  10.816  -49.411  24.166 0.3000000119
104930  12.062  -49.762  26.022 0.4000000060
15983  10.918  -48.492  23.889 0.4000000060
15970  11.781  -48.960  25.316 0.4000000060
24128  21.693  -35.684  31.820 0.1000000015
91803  21.008  -35.043  31.775 0.1000000015
24868  20.308  -34.411  31.714 0.1000000015
9519  7.885  -59.776  20.034 0.2000000030
12213  8.739  -54.172  37.212 0.2000000030
10897  9.856  -56.453  47.697 0.5000000000
10355  8.533  -57.267  47.477 0.5000000000
1481  26.794  -77.445  37.700 0.4000000060
6126  16.234  -66.128  13.235 0.4000000060
8341  6.976  -61.686  47.836 0.5000000000
5673  15.772  -67.339  11.617 0.4000000060
5683  15.748  -67.107  9.048 0.5000000000
6142  14.993  -66.266  10.454 0.4000000060
6136  15.245  -66.542  11.804 0.4000000060
6664  15.457  -65.577  10.756 0.4000000060
8629  10.464  -62.013  14.715 0.3000000119
8342  6.549  -61.510  48.574 0.5000000000
10341  11.785  -57.149  48.695 0.4000000060
10353  10.915  -56.767  48.322 0.4000000060
14271  10.282  -51.587  24.884 0.3000000119
1282  16.403  -78.822  26.058 0.3000000119
108399  15.321  -79.896  24.611 0.2000000030
95329  10.187  -78.065  29.882 0.3000000119
1553  10.264  -76.994  30.423 0.3000000119
108802  15.114  -79.476  24.495 0.2000000030
102560  14.166  -78.739  24.818 0.2000000030
108024  12.372  -79.753  28.840 0.3000000119
974  11.285  -79.734  27.496 0.2000000030
986  11.437  -79.553  26.490 0.2000000030
1275  10.797  -78.993  25.712 0.2000000030
1599  9.994  -77.885  27.228 0.2000000030
1568  10.083  -77.680  28.934 0.2000000030
92602  9.961  -77.122  27.992 0.2000000030
93177  10.116  -76.618  29.397 0.2000000030
1880  10.364  -76.044  31.611 0.3000000119
88936  14.096  -78.981  24.371 0.2000000030
1903  9.781  -75.316  28.779 0.2000000030
93712  10.335  -75.631  30.632 0.2000000030
1291  11.767  -78.069  24.246 0.2000000030
88947  12.992  -78.053  23.763 0.2000000030
90203  13.521  -78.333  23.880 0.2000000030
2207  10.120  -75.778  34.002 0.3000000119
1058  18.637  -79.622  17.100 0.2000000030
3452  25.381  -72.180  17.946 0.5000000000
3451  26.203  -72.179  17.833 0.5000000000
3111  28.427  -73.261  15.518 0.5000000000
3112  27.992  -73.849  15.953 0.5000000000
105050  27.597  -73.581  16.597 0.5000000000
95998  27.412  -72.962  17.086 0.5000000000
3459  28.306  -72.321  15.840 0.4000000060
3132  29.019  -73.254  14.196 0.4000000060
3480  28.596  -72.585  14.818 0.4000000060
3879  28.177  -71.701  14.102 0.2000000030
4735  24.061  -69.744  16.453 0.4000000060
4754  23.526  -69.464  15.768 0.3000000119
4270  24.386  -70.891  16.545 0.5000000000
100156  24.341  -69.161  16.918 0.4000000060
4734  24.575  -69.885  17.041 0.5000000000
4253  24.822  -70.825  17.204 0.5000000000
4252  25.538  -70.482  17.477 0.5000000000
3833  26.682  -71.449  17.519 0.5000000000
3832  27.288  -71.540  17.197 0.5000000000
3848  27.533  -71.199  16.682 0.5000000000
3460  27.784  -72.084  16.788 0.5000000000
3507  29.117  -72.902  13.351 0.4000000060
91193  27.598  -70.810  16.046 0.4000000060
3847  27.986  -71.468  16.019 0.5000000000
3518  28.751  -72.504  12.317 0.2000000030
3497  28.618  -72.398  13.817 0.2000000030
3508  28.348  -72.048  12.829 0.2000000030
3912  27.576  -71.136  12.359 0.1000000015
3519  27.840  -71.460  11.645 0.2000000030
3913  27.412  -70.538  11.531 0.1000000015
3935  27.580  -70.506  10.929 0.1000000015
4340  27.925  -69.694  11.183 0.1000000015
4339  28.570  -69.657  11.487 0.1000000015
9210  7.990  -60.440  49.897 0.4000000060
8754  6.603  -61.147  49.225 0.4000000060
4755  22.969  -69.082  15.085 0.3000000119
5645  22.919  -68.136  15.081 0.3000000119
5194  23.368  -68.507  15.753 0.3000000119
5149  24.907  -69.169  17.259 0.5000000000
5173  24.613  -68.538  16.755 0.3000000119
99511  26.075  -69.841  17.352 0.5000000000
4268  27.206  -70.396  16.477 0.5000000000
5148  25.345  -68.765  17.087 0.4000000060
4733  26.283  -69.134  16.567 0.4000000060
5172  25.099  -68.152  16.422 0.3000000119
99476  26.964  -69.927  14.085 0.1000000015
3866  28.154  -71.638  15.086 0.3000000119
104483  28.322  -72.074  11.321 0.2000000030
94043  26.558  -68.967  13.003 0.1000000015
95808  26.923  -69.856  12.928 0.1000000015
3554  28.589  -71.946  9.370 0.2000000030
3533  28.487  -72.199  10.503 0.2000000030
3534  27.899  -71.307  10.700 0.2000000030
4795  26.970  -69.146  12.332 0.1000000015
4325  27.184  -70.027  12.017 0.1000000015
3579  31.304  -72.592  6.130 0.1000000015
4804  27.507  -69.504  11.821 0.1000000015
3934  28.521  -69.981  10.640 0.1000000015
3911  29.386  -70.122  11.683 0.1000000015
4324  29.142  -69.838  12.563 0.1000000015
3975  35.664  -72.244  6.854 0.1000000015
3208  35.268  -73.090  6.720 0.1000000015
3211  34.694  -72.749  6.559 0.1000000015
101061  29.709  -70.533  10.975 0.1000000015
3910  30.392  -71.053  12.192 0.1000000015
4323  30.078  -70.774  12.901 0.1000000015
98511  29.960  -70.523  13.584 0.1000000015
3878  30.638  -70.999  13.797 0.1000000015
3567  35.800  -71.717  6.964 0.1000000015
5668  22.386  -68.417  12.811 0.2000000030
94365  22.608  -69.129  13.451 0.4000000060
5656  22.696  -67.727  14.323 0.3000000119
5225  22.505  -68.259  13.713 0.3000000119
99259  24.025  -67.454  15.824 0.3000000119
4752  26.712  -69.532  15.987 0.1000000015
5171  25.705  -68.451  16.311 0.3000000119
92208  26.395  -69.035  14.212 0.1000000015
5193  25.370  -67.651  15.523 0.3000000119
4753  26.171  -68.648  15.309 0.2000000030
4774  26.563  -68.481  13.338 0.1000000015
3545  28.215  -71.344  10.109 0.1000000015
4357  27.988  -70.541  10.444 0.1000000015
5212  26.851  -68.022  13.447 0.1000000015
3966  29.919  -71.568  8.245 0.1000000015
96688  28.900  -71.347  8.994 0.1000000015
3948  29.550  -70.877  9.570 0.1000000015
5224  26.969  -68.493  12.890 0.1000000015
4803  28.097  -69.356  11.920 0.1000000015
102883  31.232  -72.106  6.912 0.1000000015
3971  30.370  -71.923  7.495 0.1000000015
3965  30.681  -71.595  8.146 0.1000000015
3553  31.390  -71.663  9.294 0.1000000015
3947  30.685  -71.279  9.604 0.1000000015
92013  30.341  -71.032  10.441 0.1000000015
108712  29.245  -70.463  10.171 0.1000000015
4773  27.774  -68.401  13.228 0.1000000015
4303  29.482  -69.896  13.940 0.1000000015
3577  33.321  -72.713  6.679 0.1000000015
3578  32.263  -72.651  6.343 0.1000000015
3544  31.829  -71.882  10.101 0.1000000015
3532  31.292  -71.562  10.494 0.1000000015
94008  30.850  -71.312  11.565 0.1000000015
3892  30.953  -71.285  13.171 0.1000000015
102173  30.419  -70.547  14.356 0.1000000015
3576  34.328  -72.651  6.803 0.1000000015
3908  32.303  -71.700  12.671 0.1000000015
3877  31.430  -71.205  13.957 0.1000000015
4285  31.079  -70.436  15.072 0.1000000015
97205  35.836  -71.603  7.272 0.1000000015
4302  31.739  -70.837  14.587 0.1000000015
4284  32.019  -70.303  15.177 0.1000000015
99305  22.929  -70.030  12.217 0.3000000119
106328  22.475  -67.569  12.723 0.2000000030
5655  23.152  -67.290  14.921 0.3000000119
5643  24.544  -67.039  15.561 0.3000000119
5642  25.222  -66.941  15.320 0.2000000030
5192  25.976  -67.875  14.858 0.2000000030
5211  27.262  -67.984  13.407 0.1000000015
3570  32.178  -72.273  7.457 0.1000000015
3571  31.333  -71.889  7.802 0.1000000015
3564  31.437  -71.780  8.634 0.1000000015
5639  27.303  -67.496  14.177 0.1000000015
99435  29.485  -69.466  14.847 0.1000000015
3569  33.826  -72.613  7.089 0.1000000015
3562  33.232  -72.560  8.028 0.1000000015
3552  32.364  -72.267  9.423 0.1000000015
3543  32.812  -72.456  10.445 0.1000000015
3932  31.812  -71.764  11.877 0.1000000015
3876  32.255  -71.175  14.041 0.1000000015
93049  33.906  -72.774  8.985 0.1000000015
92437  33.077  -72.621  8.986 0.1000000015
3568  34.880  -72.437  7.234 0.1000000015
3550  34.351  -72.616  9.788 0.1000000015
5243  22.827  -70.028  6.961 0.2000000030
11486  14.910  -55.660  45.334 0.4000000060
5250  22.499  -69.788  6.852 0.2000000030
5252  20.938  -69.576  7.007 0.3000000119
5245  20.140  -68.776  7.551 0.3000000119
96475  18.836  -69.169  7.361 0.3000000119
12093  14.975  -54.517  44.359 0.4000000060
11502  15.210  -54.912  44.999 0.3000000119
11503  14.564  -55.093  44.779 0.4000000060
12092  15.392  -54.302  44.626 0.3000000119
90860  15.452  -53.491  46.118 0.2000000030
6672  17.289  -65.665  9.882 0.3000000119
14021  15.167  -50.822  46.389 0.1000000015
94654  15.174  -51.407  44.770 0.2000000030
14632  16.450  -50.095  45.989 0.1000000015
15191  16.275  -49.510  45.036 0.2000000030
5986  7.685  -65.896  25.102 0.1000000015
6015  7.420  -65.293  23.488 0.2000000030
6994  8.785  -65.004  29.583 0.1000000015
106140  8.217  -63.188  29.032 0.3000000119
101618  8.483  -64.589  29.427 0.1000000015
7533  8.130  -63.742  28.843 0.1000000015
6471  8.254  -65.613  28.704 0.1000000015
6505  7.883  -65.799  26.028 0.1000000015
8468  7.571  -62.243  31.999 0.1000000015
8480  7.684  -62.566  31.214 0.1000000015
8898  7.427  -60.878  32.721 0.1000000015
10478  5.766  -57.415  36.091 0.1000000015
10492  6.189  -57.632  34.522 0.1000000015
11600  6.496  -56.539  36.548 0.1000000015
11062  5.464  -56.434  35.489 0.1000000015
11627  5.189  -55.584  35.507 0.2000000030
14727  19.659  -51.211  34.529 0.2000000030
94388  5.291  -55.141  36.124 0.1000000015
12234  4.917  -54.609  35.405 0.3000000119
94217  5.419  -53.837  36.250 0.1000000015
12876  6.381  -53.737  36.055 0.1000000015
12878  4.912  -53.472  36.014 0.1000000015
12883  4.735  -53.788  34.756 0.2000000030
12879  4.602  -53.061  35.233 0.2000000030
13511  7.326  -52.192  35.072 0.1000000015
12877  5.566  -53.111  36.104 0.1000000015
14146  7.147  -51.151  34.915 0.1000000015
14147  6.388  -51.765  35.477 0.2000000030
13505  4.941  -52.678  35.740 0.1000000015
19562  23.522  -41.040  39.246 0.1000000015
18891  23.293  -41.622  38.707 0.2000000030
14166  10.135  -51.310  32.838 0.1000000015
108852  9.004  -50.752  33.873 0.1000000015
14145  7.991  -50.990  34.455 0.2000000030
96478  9.987  -50.500  33.288 0.1000000015
14749  8.491  -50.307  34.256 0.1000000015
14741  7.463  -50.197  34.705 0.2000000030
20205  24.687  -40.526  39.421 0.1000000015
20226  24.304  -41.060  38.728 0.1000000015
20225  25.263  -40.872  37.879 0.1000000015
18267  25.010  -43.752  37.479 0.1000000015
14767  11.960  -49.421  32.408 0.1000000015
22098  26.468  -38.445  39.351 0.1000000015
22741  26.295  -37.365  38.376 0.1000000015
100250  26.440  -40.258  40.203 0.1000000015
21486  26.293  -39.350  39.774 0.1000000015
22105  26.229  -38.248  38.417 0.1000000015
20847  25.732  -39.968  39.686 0.1000000015
21487  25.693  -39.654  39.316 0.1000000015
21494  25.501  -39.657  38.787 0.1000000015
21501  25.565  -39.698  38.065 0.1000000015
20216  24.643  -40.549  38.851 0.1000000015
20863  25.370  -40.220  38.007 0.1000000015
90676  25.916  -39.904  37.159 0.1000000015
19570  25.196  -41.732  37.703 0.1000000015
20237  26.002  -41.675  36.724 0.1000000015
19581  25.850  -42.450  36.947 0.1000000015
19580  26.211  -42.657  36.152 0.2000000030
15336  14.174  -47.629  32.183 0.1000000015
15320  14.110  -48.503  32.162 0.1000000015
15870  11.733  -47.840  33.109 0.2000000030
22111  26.160  -37.713  37.784 0.1000000015
90879  25.884  -39.204  37.347 0.1000000015
100234  25.895  -37.433  37.072 0.1000000015
21506  26.014  -39.421  36.535 0.1000000015
20869  26.153  -40.231  36.102 0.2000000030
20878  26.182  -40.941  35.316 0.2000000030
15885  12.175  -47.632  32.296 0.3000000119
15869  12.627  -47.839  32.857 0.2000000030
109111  25.935  -38.819  36.777 0.1000000015
15884  13.335  -47.709  32.334 0.2000000030
15900  13.804  -47.436  31.590 0.2000000030
15899  14.868  -47.569  31.527 0.1000000015
15993  11.141  -48.841  23.623 0.3000000119
17166  11.443  -47.119  23.768 0.3000000119
16565  11.055  -47.650  23.972 0.3000000119
16575  11.763  -47.312  23.449 0.3000000119
17165  11.877  -46.547  23.484 0.3000000119
17164  12.337  -46.717  23.400 0.3000000119
93833  12.369  -46.102  23.382 0.3000000119
1247  12.791  -79.475  28.155 0.2000000030
1284  11.343  -78.593  24.931 0.2000000030
95867  10.258  -78.521  26.482 0.2000000030
1264  10.130  -78.968  27.514 0.3000000119
1579  9.955  -78.522  28.222 0.3000000119
8001  7.915  -62.843  30.446 0.1000000015
14139  5.597  -51.542  35.454 0.2000000030
97276  26.253  -42.255  35.559 0.2000000030
15313  11.089  -48.189  33.402 0.2000000030
5238  22.567  -70.126  9.589 0.2000000030
4818  22.938  -71.454  7.017 0.2000000030
5697  22.311  -68.608  7.133 0.3000000119
7032  7.949  -64.700  26.884 0.1000000015
15915  15.078  -47.578  30.389 0.1000000015
18979  19.554  -43.402  26.456 0.1000000015
18980  18.734  -43.357  26.340 0.1000000015
14756  11.178  -49.354  32.898 0.1000000015
3209  34.764  -73.460  6.286 0.1000000015
3957  29.785  -71.211  8.889 0.1000000015
8313  7.507  -61.968  49.994 0.4000000060
91290  15.529  -53.520  44.859 0.2000000030
95890  24.170  -41.726  38.357 0.1000000015
8298  9.079  -61.702  50.573 0.4000000060
8314  6.499  -62.044  49.407 0.4000000060
99289  10.758  -49.217  23.596 0.3000000119
1607  10.235  -77.367  26.225 0.2000000030
3102  27.988  -73.013  16.347 0.5000000000
3894  27.467  -70.889  13.099 0.2000000030
4250  27.048  -70.819  17.157 0.5000000000
3867  27.624  -70.848  15.192 0.2000000030
4287  27.147  -70.125  15.431 0.2000000030
8747  8.549  -60.961  50.542 0.4000000060
4793  28.380  -69.202  12.895 0.1000000015
5213  26.334  -68.231  14.037 0.1000000015
7524  8.465  -63.861  29.675 0.1000000015
99928  8.027  -64.501  28.574 0.1000000015
6481  8.211  -65.738  27.875 0.1000000015
10464  5.791  -56.764  36.343 0.1000000015
10462  6.453  -57.305  36.551 0.1000000015
11052  5.537  -56.809  35.998 0.1000000015
10485  5.709  -57.232  35.452 0.1000000015
11614  5.646  -55.582  36.454 0.1000000015
12225  5.690  -54.711  36.374 0.1000000015
12882  6.492  -52.696  35.729 0.2000000030
99059  8.132  -52.651  34.344 0.1000000015
14165  11.251  -51.499  32.192 0.1000000015
96090  10.559  -50.445  32.746 0.1000000015
14155  9.421  -51.212  33.442 0.1000000015
14156  8.647  -51.387  33.940 0.1000000015
20854  25.035  -40.111  38.816 0.1000000015
20848  25.173  -40.048  39.336 0.1000000015
18903  25.257  -42.831  37.475 0.1000000015
15312  12.024  -48.178  33.137 0.2000000030
14766  12.899  -49.452  31.978 0.1000000015
23352  26.407  -36.807  39.154 0.1000000015
98145  26.491  -37.698  39.012 0.1000000015
21493  25.925  -39.047  38.975 0.1000000015
22106  25.850  -39.062  38.164 0.1000000015
20870  25.963  -40.671  36.961 0.1000000015
20236  26.212  -41.219  35.958 0.2000000030
15335  14.784  -47.950  31.957 0.1000000015
15321  13.382  -47.897  32.548 0.1000000015
15311  12.691  -48.271  32.880 0.2000000030
22112  26.031  -38.386  37.418 0.1000000015
95696  26.057  -39.527  35.760 0.1000000015
16576  11.252  -47.918  23.709 0.3000000119
101271  17.074  -83.185  27.663 0.2000000030
290  17.091  -82.631  26.400 0.2000000030
155  16.645  -83.008  26.838 0.2000000030
535  19.958  -81.582  16.224 0.1000000015
780  19.428  -80.866  16.928 0.1000000015
551  17.418  -80.929  16.850 0.1000000015
538  18.041  -81.649  17.272 0.1000000015
523  18.838  -81.244  17.022 0.1000000015
4420  29.075  -69.019  48.413 0.1000000015
4887  29.418  -68.308  48.456 0.1000000015
809  16.020  -80.333  15.921 0.1000000015
1068  17.572  -80.099  16.191 0.1000000015
792  18.093  -80.211  16.999 0.1000000015
537  18.655  -81.968  16.882 0.1000000015
4896  31.244  -68.298  47.905 0.1000000015
4895  31.783  -68.591  46.863 0.1000000015
5323  30.391  -67.734  48.362 0.1000000015
5324  29.537  -67.672  48.213 0.1000000015
2219  10.593  -75.293  32.307 0.2000000030
2575  10.033  -74.450  35.637 0.2000000030
2574  10.140  -73.722  35.698 0.2000000030
3297  10.329  -72.826  35.844 0.1000000015
8288  9.792  -61.778  52.089 0.2000000030
100803  9.055  -59.249  49.906 0.3000000119
9209  10.235  -58.800  50.546 0.2000000030
8739  9.643  -61.148  51.343 0.2000000030
9203  9.251  -59.781  50.587 0.2000000030
9196  10.625  -59.682  51.557 0.2000000030
8737  11.118  -60.044  52.147 0.2000000030
8287  10.710  -60.793  52.369 0.2000000030
8278  10.279  -61.528  52.546 0.2000000030
9762  11.068  -58.024  50.122 0.3000000119
9776  11.501  -57.559  49.382 0.2000000030
9763  9.926  -58.350  49.755 0.3000000119
9217  7.764  -59.754  49.169 0.3000000119
9775  12.576  -57.800  49.004 0.2000000030
9194  12.516  -59.281  51.783 0.2000000030
95698  10.942  -58.932  51.241 0.2000000030
9195  11.552  -59.332  51.764 0.2000000030
9760  13.017  -58.290  49.694 0.2000000030
96365  11.956  -58.648  51.200 0.2000000030
9748  12.586  -58.356  50.528 0.2000000030
9761  12.125  -57.879  49.951 0.2000000030
9749  11.808  -58.192  50.561 0.2000000030
10904  15.416  -56.494  46.681 0.2000000030
10350  15.066  -57.157  46.938 0.2000000030
10339  13.409  -57.626  47.599 0.2000000030
11474  15.634  -55.822  46.525 0.2000000030
10364  13.615  -57.188  46.906 0.3000000119
11485  15.552  -55.281  45.838 0.1000000015
17033  22.469  -45.429  39.689 0.1000000015
16424  24.186  -46.830  39.591 0.1000000015
17632  22.555  -44.004  40.207 0.1000000015
11692  16.062  -55.487  29.864 0.2000000030
11108  16.273  -56.528  30.099 0.2000000030
10536  16.812  -56.899  29.524 0.2000000030
10537  16.118  -57.263  30.029 0.2000000030
10550  16.502  -57.599  29.190 0.2000000030
11712  17.066  -55.624  27.417 0.2000000030
11705  17.608  -56.207  27.949 0.2000000030
11706  16.990  -55.679  28.527 0.2000000030
95971  17.962  -56.852  28.265 0.2000000030
11107  17.321  -56.501  28.852 0.2000000030
11691  16.714  -56.078  29.399 0.2000000030
10549  17.380  -57.212  28.856 0.2000000030
12322  15.831  -54.697  28.954 0.2000000030
11124  18.114  -56.789  27.201 0.2000000030
11720  17.661  -56.451  26.592 0.2000000030
102929  18.340  -57.413  27.478 0.2000000030
11136  18.162  -57.196  24.982 0.2000000030
11129  17.686  -57.061  25.027 0.2000000030
11730  17.147  -56.734  24.398 0.2000000030
97541  16.530  -56.566  24.728 0.2000000030
11728  18.467  -56.744  24.862 0.2000000030
11722  15.929  -55.543  26.064 0.2000000030
12339  15.846  -54.770  27.144 0.2000000030
11128  18.104  -57.119  25.689 0.2000000030
11713  16.462  -55.247  26.946 0.2000000030
11729  17.736  -56.849  24.427 0.2000000030
11731  15.815  -56.377  24.611 0.2000000030
12340  14.948  -54.604  26.731 0.2000000030
12331  14.143  -53.821  27.307 0.2000000030
12350  18.303  -55.596  25.033 0.2000000030
11737  17.230  -56.547  23.896 0.2000000030
11738  16.479  -56.594  23.802 0.2000000030
11723  15.152  -55.526  25.645 0.2000000030
13013  17.816  -54.614  25.077 0.2000000030
12352  17.225  -55.182  24.154 0.2000000030
12361  16.622  -56.059  23.397 0.2000000030
11745  16.014  -56.446  22.950 0.2000000030
11747  14.774  -56.066  22.845 0.2000000030
95963  18.327  -54.194  25.687 0.2000000030
12351  17.691  -56.046  24.252 0.2000000030
13014  17.326  -53.592  25.281 0.2000000030
12362  16.006  -55.372  22.982 0.2000000030
11741  13.120  -55.548  23.343 0.2000000030
13023  16.434  -54.586  23.792 0.2000000030
13033  14.167  -54.343  22.893 0.2000000030
12372  12.628  -54.835  22.990 0.2000000030
13024  15.633  -54.036  23.576 0.2000000030
13025  14.691  -53.557  23.444 0.2000000030
13034  13.197  -54.073  22.926 0.2000000030
13633  15.227  -52.739  24.466 0.2000000030
13658  13.697  -53.244  23.235 0.2000000030
98616  12.728  -53.038  22.959 0.2000000030
14283  15.527  -51.733  25.173 0.2000000030
13649  14.155  -52.425  24.097 0.2000000030
13660  12.060  -52.083  22.830 0.2000000030
14284  14.622  -51.629  24.754 0.2000000030
14285  13.664  -51.434  24.225 0.2000000030
14853  14.179  -50.658  24.757 0.2000000030
14294  12.546  -51.164  23.350 0.2000000030
14295  11.192  -51.095  22.656 0.2000000030
14296  10.188  -51.008  22.744 0.2000000030
103273  12.384  -50.330  23.325 0.2000000030
104618  11.594  -50.465  22.904 0.2000000030
15411  14.309  -49.805  24.820 0.2000000030
92512  13.238  -50.575  24.052 0.2000000030
14864  10.714  -50.223  22.871 0.2000000030
14854  13.661  -50.023  24.377 0.2000000030
14862  12.733  -49.691  23.596 0.2000000030
15421  10.955  -49.521  23.252 0.2000000030
15412  13.624  -49.295  24.323 0.2000000030
15982  13.658  -48.389  24.323 0.2000000030
15420  11.657  -49.087  23.216 0.2000000030
15991  12.716  -48.107  23.629 0.2000000030
15992  11.785  -48.183  23.333 0.2000000030
18388  14.024  -44.536  23.075 0.2000000030
18401  13.546  -44.103  22.810 0.2000000030
19033  15.592  -43.294  22.401 0.2000000030
19034  14.338  -43.370  22.280 0.2000000030
19035  13.761  -43.149  22.393 0.2000000030
19031  17.265  -43.045  22.755 0.2000000030
19719  15.757  -42.825  21.976 0.2000000030
105130  14.673  -42.170  21.487 0.2000000030
19720  13.583  -42.373  22.461 0.2000000030
19734  15.951  -42.259  21.530 0.2000000030
19735  15.141  -42.524  21.576 0.2000000030
20415  14.495  -41.478  21.396 0.2000000030
19733  16.670  -42.004  21.618 0.2000000030
20414  15.345  -41.830  21.124 0.2000000030
20413  16.300  -41.648  21.162 0.2000000030
20431  15.886  -41.231  20.625 0.1000000015
106069  17.127  -41.541  21.394 0.2000000030
21063  16.245  -40.604  20.278 0.1000000015
21047  15.041  -41.103  20.826 0.1000000015
20412  16.865  -41.004  20.724 0.1000000015
99109  17.905  -39.844  20.247 0.1000000015
92598  15.653  -40.074  20.253 0.1000000015
103367  18.634  -39.526  20.270 0.1000000015
21719  16.645  -39.194  19.622 0.1000000015
22316  19.802  -38.723  20.318 0.1000000015
22317  18.950  -38.882  20.084 0.1000000015
22335  17.871  -38.373  19.400 0.1000000015
22336  16.861  -38.495  19.369 0.1000000015
95871  18.358  -37.942  19.321 0.1000000015
105897  17.358  -38.231  19.259 0.1000000015
22954  16.698  -37.181  19.133 0.1000000015
22951  19.189  -37.932  19.691 0.1000000015
22955  15.880  -37.215  19.914 0.1000000015
23562  15.638  -36.339  20.048 0.1000000015
23560  18.462  -37.269  19.044 0.1000000015
22953  17.118  -37.806  19.079 0.1000000015
23561  16.383  -36.283  19.283 0.1000000015
103533  15.598  -35.648  19.973 0.1000000015
22963  17.444  -37.128  18.691 0.1000000015
109228  14.818  -54.006  27.489 0.2000000030
9901  7.449  -58.778  33.265 0.2000000030
21064  15.569  -40.722  20.475 0.1000000015
95075  16.495  -37.939  19.484 0.1000000015
99413  15.873  -38.003  19.972 0.1000000015
105343  10.038  -61.115  52.081 0.2000000030
12373  11.638  -54.548  23.179 0.2000000030
19736  14.348  -42.726  21.907 0.2000000030
12341  13.834  -54.542  26.343 0.2000000030
11746  15.301  -56.438  22.958 0.2000000030
11748  14.041  -55.756  23.062 0.2000000030
12371  13.604  -55.018  22.860 0.2000000030
13035  12.248  -53.814  22.922 0.2000000030
17163  13.224  -46.140  23.531 0.2000000030
4885  30.560  -68.509  48.561 0.1000000015
106326  10.158  -59.418  51.050 0.2000000030
8746  9.688  -60.197  51.177 0.2000000030
12329  16.367  -54.926  28.025 0.2000000030
11707  16.453  -55.301  29.016 0.2000000030
11721  16.950  -56.266  25.759 0.2000000030
11739  15.569  -56.584  23.565 0.2000000030
13032  15.133  -54.735  22.901 0.2000000030
13659  13.161  -52.222  23.481 0.2000000030
14863  11.546  -49.821  23.044 0.2000000030
15981  14.451  -49.017  24.849 0.2000000030
15419  12.671  -48.769  23.578 0.2000000030
15980  14.671  -48.179  24.882 0.2000000030
18400  14.221  -43.920  22.638 0.2000000030
18399  14.967  -43.606  22.526 0.2000000030
19047  14.990  -43.094  22.008 0.2000000030
19032  16.382  -43.196  22.565 0.1000000015
20393  17.377  -42.022  21.918 0.1000000015
97717  17.826  -40.499  20.694 0.1000000015
21703  16.455  -39.890  19.972 0.1000000015
92060  17.062  -40.254  20.248 0.1000000015
21701  18.046  -39.082  19.837 0.1000000015
21718  17.299  -38.853  19.491 0.1000000015
21702  17.211  -39.562  19.822 0.1000000015
22334  18.493  -38.452  19.645 0.1000000015
22952  17.775  -37.650  18.999 0.1000000015
105336  18.569  -36.470  18.606 0.1000000015
176  25.669  -83.005  22.110 0.1000000015
99428  20.896  -82.925  25.293 0.1000000015
78  22.513  -83.626  22.650 0.1000000015
170  20.683  -83.408  24.572 0.1000000015
289  18.080  -82.235  27.077 0.1000000015
463  18.548  -81.603  26.545 0.1000000015
453  19.093  -81.988  27.674 0.1000000015
720  19.403  -80.107  25.660 0.1000000015
144  20.493  -82.903  28.053 0.1000000015
452  20.159  -82.022  28.004 0.1000000015
462  19.631  -81.380  27.300 0.1000000015
714  20.096  -80.538  26.986 0.1000000015
981  20.104  -79.682  26.243 0.1000000015
287  21.019  -82.593  27.408 0.1000000015
706  21.032  -80.582  27.561 0.1000000015
295  21.209  -82.427  26.297 0.1000000015
980  20.857  -79.848  27.214 0.1000000015
469  21.510  -81.877  25.492 0.1000000015
101449  21.627  -81.656  26.555 0.1000000015
969  22.251  -79.599  27.814 0.1000000015
184  21.448  -83.347  21.808 0.1000000015
97372  21.732  -82.723  21.715 0.1000000015
320  21.035  -82.931  21.981 0.1000000015
305  20.719  -82.746  23.427 0.1000000015
302  20.714  -82.975  24.362 0.1000000015
301  21.258  -82.097  24.260 0.1000000015
98171  22.942  -79.570  27.225 0.1000000015
480  21.234  -81.889  23.134 0.1000000015
473  21.935  -81.252  24.860 0.1000000015
97994  16.693  -82.534  25.252 0.1000000015
470  17.680  -81.672  25.231 0.1000000015
722  17.391  -81.229  24.118 0.1000000015
721  18.466  -80.761  25.038 0.1000000015
461  20.554  -81.280  27.638 0.1000000015
705  21.648  -80.536  27.627 0.1000000015
107315  22.086  -80.133  27.827 0.1000000015
704  22.067  -80.499  27.583 0.1000000015
468  22.023  -81.151  26.097 0.1000000015
487  22.081  -81.498  22.176 0.1000000015
479  21.861  -81.282  23.767 0.1000000015
100248  22.386  -80.674  23.369 0.1000000015
713  22.486  -80.386  26.946 0.1000000015
968  22.718  -79.197  27.609 0.1000000015
2689  37.973  -75.167  23.309 0.1000000015
725  22.390  -80.603  24.313 0.1000000015
717  15.867  -80.861  25.981 0.2000000030
471  15.230  -81.717  25.351 0.1000000015
475  15.624  -81.216  24.247 0.1000000015
474  15.955  -81.886  23.955 0.1000000015
297  15.850  -82.549  24.864 0.1000000015
734  16.059  -80.949  23.046 0.1000000015
91534  16.367  -81.465  23.497 0.1000000015
726  18.037  -80.353  24.110 0.1000000015
1001  18.097  -79.466  23.819 0.1000000015
993  18.830  -79.757  24.613 0.1000000015
1002  17.475  -78.804  23.478 0.1000000015
90168  16.881  -78.044  23.433 0.1000000015
1290  18.509  -78.439  23.801 0.1000000015
101695  22.436  -79.898  27.677 0.1000000015
1000  18.961  -78.967  24.229 0.1000000015
2679  37.623  -74.842  25.161 0.1000000015
3025  36.825  -73.720  25.922 0.2000000030
990  22.967  -79.854  26.143 0.1000000015
2683  37.885  -74.961  24.137 0.1000000015
105427  35.779  -73.095  26.472 0.2000000030
733  22.818  -80.019  23.805 0.1000000015
99446  23.208  -79.217  26.530 0.1000000015
739  23.203  -80.280  22.406 0.1000000015
1013  22.856  -80.090  23.039 0.1000000015
2313  38.669  -75.421  23.078 0.1000000015
92899  35.216  -74.529  35.580 0.1000000015
723  15.386  -80.550  24.912 0.1000000015
2191  35.153  -75.486  35.257 0.1000000015
2935  35.834  -73.874  35.283 0.1000000015
103277  36.736  -72.437  35.252 0.1000000015
2198  35.193  -75.882  34.148 0.1000000015
2599  35.936  -74.725  33.347 0.1000000015
482  15.748  -81.184  23.533 0.1000000015
104372  14.794  -79.301  23.939 0.1000000015
2208  35.430  -75.664  32.751 0.1000000015
2963  36.657  -73.323  33.611 0.1000000015
102510  15.140  -80.627  23.352 0.1000000015
89780  15.100  -79.912  23.656 0.1000000015
100062  35.749  -75.220  32.448 0.1000000015
1009  15.567  -80.477  23.107 0.1000000015
1871  35.252  -76.033  31.966 0.1000000015
107142  17.374  -79.641  23.487 0.1000000015
90020  15.080  -78.284  23.554 0.1000000015
2229  35.379  -76.023  31.137 0.2000000030
105268  35.538  -77.079  29.415 0.2000000030
1258  21.577  -79.137  27.513 0.1000000015
1892  35.958  -76.834  28.766 0.2000000030
989  23.215  -79.265  25.428 0.1000000015
1239  36.049  -78.562  27.772 0.2000000030
95474  36.486  -75.498  28.463 0.2000000030
998  23.177  -79.261  24.198 0.1000000015
1912  36.960  -77.422  27.205 0.2000000030
1288  23.370  -78.701  24.881 0.1000000015
2688  41.142  -75.063  23.285 0.1000000015
2312  39.669  -75.657  22.824 0.1000000015
3331  34.786  -72.262  33.346 0.1000000015
96901  37.593  -67.007  29.485 0.1000000015
3329  37.320  -72.770  34.944 0.1000000015
105842  36.790  -73.003  33.248 0.1000000015
89929  15.309  -79.000  23.522 0.1000000015
2978  36.014  -73.921  31.846 0.1000000015
102612  15.775  -79.435  23.206 0.1000000015
1624  13.132  -78.004  23.673 0.1000000015
2607  35.736  -75.168  31.842 0.1000000015
3353  36.582  -72.560  31.633 0.1000000015
2616  35.649  -75.011  30.952 0.2000000030
3354  35.995  -73.211  30.991 0.1000000015
90313  15.907  -78.504  23.336 0.1000000015
2240  35.632  -75.839  30.192 0.2000000030
99029  35.916  -75.375  29.326 0.2000000030
3013  37.002  -74.998  26.105 0.2000000030
107278  35.822  -74.252  26.539 0.2000000030
3375  34.785  -72.243  26.642 0.2000000030
2248  36.546  -76.317  28.125 0.2000000030
3374  35.536  -72.446  26.382 0.2000000030
1601  36.309  -78.158  25.960 0.2000000030
1580  36.956  -77.777  26.567 0.2000000030
1904  37.250  -76.572  27.242 0.2000000030
1007  23.102  -79.518  23.377 0.1000000015
2687  41.447  -74.908  22.922 0.1000000015
3724  35.572  -71.157  32.391 0.1000000015
92930  35.917  -70.029  31.552 0.1000000015
4121  35.703  -70.610  31.946 0.1000000015
5023  37.651  -68.000  30.081 0.1000000015
5017  37.167  -68.802  30.740 0.1000000015
4120  36.318  -70.851  32.971 0.1000000015
101112  36.958  -72.361  33.669 0.1000000015
5936  38.227  -66.548  29.823 0.1000000015
5478  38.184  -67.317  30.024 0.1000000015
4110  37.184  -71.815  35.090 0.1000000015
4111  37.116  -71.734  33.851 0.1000000015
90908  37.158  -72.392  33.756 0.1000000015
6448  37.546  -65.478  29.555 0.1000000015
6442  38.181  -65.218  30.287 0.1000000015
6447  38.252  -65.859  29.848 0.1000000015
3723  37.164  -72.423  32.606 0.1000000015
1617  13.710  -77.403  24.090 0.1000000015
3722  37.372  -72.053  32.166 0.1000000015
97827  14.051  -78.119  23.648 0.1000000015
2989  35.683  -73.990  30.614 0.2000000030
3359  36.605  -72.153  30.271 0.2000000030
3734  37.015  -71.698  30.587 0.2000000030
2996  35.823  -73.657  29.891 0.2000000030
2627  35.726  -74.693  29.941 0.2000000030
4135  37.637  -71.308  30.129 0.2000000030
2626  36.146  -74.413  28.959 0.2000000030
3366  36.752  -72.787  29.041 0.2000000030
4134  38.554  -70.712  29.780 0.2000000030
3002  36.708  -73.812  28.611 0.2000000030
3358  37.346  -71.794  29.303 0.2000000030
2637  37.193  -74.820  28.132 0.2000000030
3365  37.900  -72.638  28.485 0.2000000030
3385  36.557  -72.717  25.592 0.2000000030
2649  38.553  -76.049  27.067 0.2000000030
1923  37.262  -76.601  26.673 0.2000000030
2247  37.743  -75.964  27.466 0.2000000030
103836  38.239  -76.393  27.000 0.2000000030
2636  38.289  -75.147  27.580 0.2000000030
3031  37.412  -74.304  24.179 0.1000000015
3384  37.109  -73.536  25.042 0.2000000030
3782  41.140  -72.201  22.462 0.1000000015
3402  40.970  -73.316  22.916 0.1000000015
3747  34.324  -71.526  26.542 0.2000000030
4561  37.493  -69.452  32.350 0.1000000015
4552  36.877  -70.909  33.796 0.1000000015
5022  38.597  -67.978  30.815 0.1000000015
4551  38.081  -70.282  34.732 0.1000000015
100807  38.027  -72.420  34.831 0.1000000015
5016  38.984  -68.454  32.794 0.1000000015
5008  38.475  -69.000  33.435 0.1000000015
4541  39.324  -70.151  35.816 0.1000000015
4091  38.923  -71.890  36.115 0.1000000015
3712  38.500  -72.226  34.156 0.1000000015
97819  12.252  -76.440  25.062 0.1000000015
6441  38.953  -65.640  30.612 0.1000000015
5474  38.857  -67.120  30.435 0.1000000015
88952  39.638  -66.760  31.091 0.1000000015
3721  38.131  -71.537  32.527 0.1000000015
1618  12.522  -77.382  24.187 0.1000000015
6972  38.207  -64.482  30.989 0.1000000015
4118  38.770  -70.443  31.185 0.2000000030
100543  12.454  -77.927  23.770 0.1000000015
4119  37.992  -71.079  30.978 0.2000000030
3001  37.833  -73.918  28.216 0.2000000030
108069  39.123  -68.784  34.239 0.1000000015
92497  39.983  -70.598  35.322 0.1000000015
3701  39.579  -71.695  34.827 0.1000000015
5927  38.870  -66.282  30.343 0.1000000015
4540  40.108  -69.958  35.041 0.1000000015
93288  40.024  -70.553  34.123 0.1000000015
1942  10.882  -76.355  25.405 0.1000000015
105584  10.840  -76.947  24.787 0.1000000015
3745  35.909  -72.103  25.975 0.2000000030
90972  40.129  -69.352  34.517 0.1000000015
1292  10.994  -78.025  24.281 0.1000000015
1941  11.399  -75.979  25.474 0.1000000015
1943  10.575  -76.240  26.167 0.1000000015
2320  39.145  -75.705  22.192 0.1000000015
4148  34.650  -71.000  26.127 0.2000000030
1285  10.639  -78.086  24.928 0.1000000015
2294  11.673  -75.085  26.329 0.1000000015
2273  10.368  -75.230  27.178 0.1000000015
2272  11.044  -74.774  27.040 0.1000000015
2319  40.057  -75.962  21.838 0.1000000015
3395  36.625  -72.599  24.536 0.1000000015
5676  22.627  -67.831  10.149 0.1000000015
91355  22.236  -68.096  10.917 0.1000000015
5231  22.331  -68.917  11.852 0.1000000015
6123  22.804  -66.968  13.134 0.1000000015
5671  22.247  -68.023  11.855 0.1000000015
107548  23.400  -66.844  14.772 0.1000000015
97326  10.393  -78.062  25.631 0.1000000015
2625  10.248  -74.467  29.465 0.1000000015
2253  10.570  -74.583  27.900 0.1000000015
2645  10.995  -74.225  28.399 0.1000000015
2310  41.288  -75.364  22.231 0.1000000015
3761  36.198  -71.842  25.141 0.2000000030
5679  24.514  -68.130  7.763 0.1000000015
5687  23.789  -68.368  7.347 0.1000000015
5681  22.921  -68.581  8.674 0.1000000015
5233  22.202  -69.059  10.885 0.1000000015
6134  23.240  -66.785  11.588 0.1000000015
6140  23.358  -67.094  10.429 0.1000000015
6128  23.358  -66.589  12.574 0.1000000015
6127  24.126  -66.069  12.921 0.1000000015
6642  24.764  -65.479  13.368 0.1000000015
6117  23.789  -66.416  14.570 0.1000000015
99333  24.444  -66.364  15.129 0.2000000030
6641  25.463  -65.162  13.862 0.1000000015
6627  25.736  -65.766  15.041 0.1000000015
1922  10.168  -76.483  27.063 0.1000000015
2646  10.243  -74.418  28.747 0.1000000015
2694  41.759  -74.930  21.592 0.1000000015
6681  25.221  -67.080  6.289 0.1000000015
6160  24.275  -67.318  6.660 0.1000000015
6161  23.418  -67.488  7.108 0.2000000030
5696  23.204  -68.442  7.114 0.1000000015
6145  25.690  -68.133  7.257 0.1000000015
5694  25.334  -68.087  6.302 0.1000000015
5686  25.057  -68.161  6.607 0.1000000015
5242  23.050  -68.769  7.268 0.1000000015
104072  23.076  -69.150  7.458 0.1000000015
6138  26.618  -67.386  7.935 0.1000000015
105813  25.376  -67.167  9.004 0.1000000015
6146  24.399  -67.349  9.221 0.1000000015
6652  24.742  -66.201  11.098 0.1000000015
6646  24.814  -65.636  12.132 0.1000000015
6645  25.446  -65.190  12.831 0.1000000015
7193  26.088  -65.016  12.461 0.1000000015
7178  26.036  -64.803  13.327 0.1000000015
6636  25.623  -65.403  14.637 0.1000000015
2254  9.993  -74.762  28.280 0.1000000015
2238  10.224  -74.661  29.923 0.1000000015
2615  10.688  -74.685  30.579 0.1000000015
2228  10.616  -74.903  31.047 0.1000000015
7241  21.965  -64.868  9.314 0.2000000030
7227  21.634  -64.580  10.056 0.2000000030
101224  22.511  -64.469  9.393 0.2000000030
7242  21.073  -64.994  9.767 0.2000000030
6679  21.090  -65.719  8.925 0.2000000030
3035  37.180  -74.124  23.251 0.1000000015
6677  24.037  -66.036  7.120 0.2000000030
7246  23.029  -65.367  7.954 0.2000000030
6153  23.228  -66.348  7.408 0.2000000030
6154  22.347  -66.638  7.816 0.2000000030
6155  21.316  -66.485  8.450 0.2000000030
6151  27.137  -68.019  6.169 0.1000000015
6159  27.465  -67.352  5.859 0.1000000015
103940  26.072  -65.755  10.502 0.1000000015
6658  27.352  -66.451  8.743 0.1000000015
6651  25.804  -65.382  11.659 0.1000000015
1891  9.997  -75.348  29.648 0.1000000015
2206  10.445  -74.953  33.294 0.1000000015
2598  10.643  -73.748  33.595 0.1000000015
7225  23.150  -64.096  9.731 0.2000000030
7213  21.054  -64.483  10.906 0.2000000030
100182  24.374  -64.478  7.946 0.1000000015
5689  20.573  -67.461  8.307 0.2000000030
6675  26.802  -66.231  6.324 0.1000000015
6674  28.206  -66.707  6.010 0.1000000015
107018  27.882  -67.442  6.876 0.1000000015
2195  10.272  -74.685  34.124 0.1000000015
2586  10.230  -73.871  34.757 0.1000000015
96177  10.592  -72.807  34.041 0.1000000015
2945  10.379  -72.984  34.973 0.1000000015
7150  20.807  -63.769  15.294 0.2000000030
7168  20.731  -63.885  14.477 0.2000000030
95527  21.436  -63.878  14.200 0.2000000030
99353  20.923  -64.252  12.597 0.2000000030
7197  20.575  -64.485  11.789 0.2000000030
7195  22.265  -63.958  12.445 0.2000000030
7212  21.978  -64.290  10.873 0.2000000030
7228  20.630  -64.842  10.369 0.2000000030
7210  23.856  -63.809  10.336 0.2000000030
6669  20.526  -65.452  9.463 0.2000000030
6147  20.483  -66.229  8.916 0.2000000030
6670  19.538  -65.565  9.771 0.2000000030
6148  19.030  -66.269  9.311 0.2000000030
5690  19.364  -67.935  8.206 0.2000000030
7671  19.641  -63.237  16.652 0.2000000030
7697  20.177  -63.800  14.821 0.2000000030
101564  20.110  -64.379  12.554 0.2000000030
100856  19.647  -64.711  11.844 0.2000000030
6661  19.066  -65.370  10.264 0.2000000030
6671  18.447  -65.695  9.820 0.2000000030
7658  19.565  -62.759  17.399 0.2000000030
7169  19.906  -63.947  14.067 0.2000000030
7170  18.817  -63.746  13.696 0.2000000030
109195  19.242  -64.495  12.463 0.2000000030
7215  19.130  -65.042  11.314 0.2000000030
7199  17.455  -64.404  12.019 0.2000000030
7231  17.465  -65.050  11.066 0.2000000030
7672  18.750  -63.102  15.781 0.2000000030
7698  19.333  -63.654  14.605 0.2000000030
7183  18.269  -64.081  12.716 0.2000000030
8150  18.634  -62.586  16.739 0.2000000030
8165  17.659  -62.545  15.510 0.2000000030
97306  18.085  -63.131  14.236 0.2000000030
7683  16.911  -62.419  14.748 0.2000000030
7699  17.024  -62.557  13.721 0.2000000030
8134  18.179  -62.028  17.524 0.2000000030
98400  17.658  -62.244  16.484 0.2000000030
8618  16.054  -61.697  16.934 0.2000000030
8166  17.028  -62.183  15.800 0.2000000030
8153  15.664  -62.178  16.271 0.2000000030
8167  16.304  -62.396  15.372 0.2000000030
8154  14.583  -62.190  16.300 0.2000000030
103237  9.682  -60.836  16.284 0.2000000030
8610  8.827  -61.135  16.814 0.2000000030
9022  7.891  -60.444  18.471 0.1000000015
9023  7.518  -60.503  19.348 0.1000000015
9555  10.485  -59.703  17.469 0.1000000015
103445  9.553  -59.873  17.818 0.1000000015
9518  8.116  -59.819  19.281 0.1000000015
9553  12.187  -59.206  16.182 0.1000000015
9554  11.410  -59.481  16.882 0.2000000030
90650  11.241  -59.129  18.287 0.1000000015
9536  10.234  -59.329  18.701 0.1000000015
9537  8.880  -59.798  18.509 0.1000000015
9486  8.449  -58.340  21.708 0.2000000030
10086  11.942  -58.774  17.768 0.1000000015
10063  10.832  -57.468  19.824 0.1000000015
9535  10.894  -58.601  19.174 0.1000000015
9517  10.281  -58.560  19.765 0.1000000015
104693  10.332  -57.738  20.393 0.1000000015
10050  9.533  -58.482  20.491 0.1000000015
100095  9.959  -57.512  20.990 0.2000000030
10033  9.391  -57.163  21.595 0.2000000030
14029  17.379  -50.678  45.062 0.1000000015
15190  16.573  -49.747  45.381 0.1000000015
9348  7.753  -59.755  33.235 0.1000000015
9893  7.131  -59.230  34.469 0.1000000015
9902  6.978  -58.223  33.809 0.1000000015
296  20.971  -82.951  26.274 0.1000000015
12070  15.629  -54.364  46.330 0.1000000015
14043  17.604  -50.726  44.176 0.1000000015
298  15.293  -82.892  25.435 0.1000000015
291  16.030  -83.028  25.689 0.1000000015
280  18.531  -82.609  27.902 0.1000000015
174  20.567  -84.019  23.211 0.1000000015
80  21.068  -84.052  22.690 0.1000000015
85  21.967  -83.845  21.818 0.1000000015
82  24.632  -83.061  21.833 0.1000000015
2196  10.073  -75.225  34.983 0.1000000015
1905  36.472  -77.016  28.029 0.2000000030
1924  36.900  -77.506  26.369 0.2000000030
92691  36.236  -72.408  34.338 0.1000000015
6662  17.929  -65.361  10.420 0.2000000030
7711  17.574  -63.303  13.288 0.2000000030
7684  16.483  -62.487  14.321 0.2000000030
6149  17.857  -66.462  9.129 0.2000000030
92609  8.603  -58.938  20.847 0.2000000030
728  14.995  -80.488  23.846 0.1000000015
6110  23.777  -66.907  15.313 0.2000000030
6129  22.652  -67.158  12.219 0.1000000015
5240  22.713  -69.857  8.320 0.1000000015
5244  21.259  -68.550  7.435 0.2000000030
5237  22.295  -68.730  9.946 0.1000000015
6162  22.661  -67.708  7.382 0.2000000030
464  17.629  -82.100  26.131 0.1000000015
107463  18.494  -81.239  25.705 0.1000000015
715  19.147  -80.947  26.168 0.1000000015
278  20.944  -81.894  27.705 0.1000000015
108080  21.294  -81.407  27.505 0.1000000015
459  21.893  -81.068  27.122 0.1000000015
313  20.961  -82.450  22.510 0.1000000015
488  21.454  -81.831  22.429 0.1000000015
101798  16.522  -82.088  24.268 0.1000000015
96497  21.902  -81.308  22.883 0.1000000015
999  22.874  -79.934  24.865 0.1000000015
727  17.138  -80.495  23.488 0.1000000015
2190  35.725  -74.759  35.070 0.1000000015
2964  36.509  -73.734  34.401 0.1000000015
4562  36.568  -69.676  31.578 0.1000000015
92813  38.071  -68.635  31.446 0.1000000015
3713  37.875  -71.473  34.004 0.1000000015
2995  36.231  -73.450  29.238 0.2000000030
2635  38.694  -74.365  27.777 0.2000000030
4550  39.326  -69.257  35.032 0.1000000015
5680  23.543  -67.862  9.006 0.1000000015
6135  22.585  -67.419  11.243 0.1000000015
6122  23.524  -66.458  13.563 0.1000000015
92734  24.020  -66.609  10.979 0.1000000015
6133  24.058  -66.309  11.916 0.1000000015
6637  24.894  -65.536  14.329 0.1000000015
7165  26.178  -64.888  14.231 0.1000000015
6626  26.534  -65.735  15.149 0.1000000015
6152  26.036  -68.305  6.198 0.1000000015
6676  25.083  -65.692  6.877 0.2000000030
5695  24.243  -68.112  6.826 0.1000000015
6139  24.707  -66.718  10.166 0.1000000015
6667  22.236  -65.190  8.646 0.2000000030
7245  23.693  -64.961  7.839 0.2000000030
7239  23.345  -64.320  8.701 0.2000000030
6650  26.740  -65.518  10.597 0.1000000015
7196  21.550  -64.217  11.903 0.2000000030
7237  26.183  -64.367  7.926 0.1000000015
7229  19.643  -65.112  10.619 0.2000000030
2894  30.010  -73.734  40.927 0.1000000015
2885  30.446  -74.574  41.596 0.1000000015
2884  30.468  -73.628  41.362 0.1000000015
92134  30.533  -73.442  42.480 0.1000000015
2865  30.351  -73.742  43.134 0.1000000015
4029  30.643  -70.794  41.922 0.1000000015
3270  29.056  -72.883  39.448 0.1000000015
3259  29.545  -73.241  40.177 0.1000000015
3277  27.870  -72.833  38.290 0.1000000015
3258  30.159  -73.030  40.658 0.1000000015
3647  29.234  -72.028  39.118 0.1000000015
8607  17.058  -60.973  18.007 0.1000000015
94534  19.168  -62.272  17.882 0.1000000015
6416  13.904  -66.423  36.615 0.1000000015
4970  13.783  -68.659  37.614 0.1000000015
9032  18.168  -60.161  18.571 0.1000000015
9042  17.300  -60.200  18.385 0.1000000015
8595  18.526  -60.860  18.489 0.1000000015
8594  19.417  -61.060  18.519 0.1000000015
8122  19.768  -61.843  18.385 0.1000000015
103481  20.591  -62.075  18.204 0.1000000015
8132  20.748  -62.711  17.828 0.1000000015
7670  20.603  -63.461  16.697 0.1000000015
7680  21.645  -63.626  15.760 0.1000000015
7211  22.958  -64.057  10.889 0.1000000015
89913  12.584  -66.258  36.224 0.1000000015
102179  16.853  -59.411  18.037 0.1000000015
9550  17.815  -58.941  17.895 0.1000000015
9043  16.243  -60.370  17.956 0.1000000015
92806  16.386  -61.212  17.547 0.1000000015
9532  19.455  -59.695  18.161 0.1000000015
8619  15.118  -61.599  16.828 0.1000000015
8605  21.081  -61.549  18.061 0.1000000015
8131  21.405  -62.436  17.702 0.1000000015
7669  21.462  -63.429  16.653 0.1000000015
8164  22.825  -63.055  16.173 0.1000000015
7679  22.521  -63.400  15.695 0.1000000015
7166  22.274  -63.753  14.111 0.1000000015
7695  23.521  -63.162  14.745 0.1000000015
7710  23.075  -63.527  14.072 0.1000000015
7194  23.100  -63.845  12.198 0.1000000015
106786  25.022  -64.155  8.299 0.1000000015
89044  12.384  -64.362  35.897 0.1000000015
89041  11.008  -64.714  34.738 0.1000000015
89027  12.132  -66.129  37.248 0.1000000015
89034  11.172  -65.605  33.799 0.1000000015
105008  14.112  -66.739  36.422 0.1000000015
9045  14.379  -60.089  16.997 0.1000000015
9551  15.708  -59.483  17.536 0.1000000015
8609  14.645  -60.787  17.062 0.1000000015
10084  15.282  -58.589  16.374 0.1000000015
7723  24.012  -63.457  12.447 0.1000000015
7734  23.878  -63.721  11.432 0.1000000015
7733  24.621  -63.527  10.846 0.1000000015
7743  24.622  -63.626  9.911 0.1000000015
103569  11.321  -66.270  37.708 0.1000000015
90164  10.965  -66.510  36.473 0.1000000015
89028  11.707  -66.393  35.646 0.1000000015
10113  14.696  -58.235  15.062 0.1000000015
10115  13.722  -58.936  14.967 0.1000000015
9566  14.397  -58.923  15.417 0.1000000015
9580  13.279  -59.428  15.041 0.1000000015
9056  13.698  -60.450  16.337 0.1000000015
91809  13.224  -61.192  15.974 0.1000000015
8621  12.484  -61.433  15.151 0.1000000015
89030  9.576  -66.124  34.954 0.1000000015
89026  10.575  -66.306  34.834 0.1000000015
10664  14.087  -58.249  14.924 0.1000000015
10116  13.146  -59.261  15.058 0.1000000015
9057  12.855  -60.290  15.171 0.1000000015
9059  11.158  -61.046  15.046 0.1000000015
9058  12.755  -59.881  15.131 0.1000000015
9569  12.594  -59.502  15.328 0.1000000015
12826  14.304  -52.880  39.482 0.1000000015
13461  15.589  -52.215  39.501 0.1000000015
12808  14.568  -53.447  40.411 0.1000000015
12166  12.392  -54.794  40.534 0.1000000015
12149  11.729  -55.136  41.006 0.1000000015
12168  10.526  -55.019  40.188 0.1000000015
12828  13.044  -54.089  38.579 0.1000000015
99858  12.645  -54.529  39.781 0.1000000015
102222  14.931  -52.325  39.349 0.1000000015
12809  13.775  -53.687  39.998 0.1000000015
14100  16.512  -51.200  37.888 0.1000000015
14090  15.957  -51.611  38.790 0.1000000015
12182  12.463  -54.438  38.902 0.1000000015
12167  11.975  -54.778  39.612 0.1000000015
99965  17.175  -51.012  36.886 0.1000000015
14729  18.050  -51.249  34.741 0.1000000015
12151  10.059  -55.412  40.700 0.1000000015
12169  9.601  -55.113  40.111 0.1000000015
11554  8.887  -56.116  40.897 0.1000000015
12827  13.507  -53.402  39.063 0.1000000015
13462  14.626  -52.210  38.594 0.1000000015
14101  15.680  -51.263  37.315 0.1000000015
14091  15.254  -51.822  38.684 0.1000000015
14113  17.506  -51.245  35.157 0.1000000015
109421  10.113  -54.867  39.638 0.1000000015
12170  8.422  -55.261  39.773 0.1000000015
11566  8.104  -56.018  40.289 0.1000000015
10980  8.372  -56.615  40.864 0.1000000015
104719  11.715  -54.671  38.935 0.1000000015
91314  10.997  -54.802  39.446 0.1000000015
13476  13.953  -52.764  38.318 0.1000000015
12846  13.308  -53.448  37.949 0.1000000015
13475  14.430  -52.125  37.231 0.1000000015
10990  7.552  -56.672  40.388 0.1000000015
98637  7.281  -57.727  40.387 0.1000000015
9868  7.545  -58.490  40.017 0.1000000015
12847  12.646  -54.113  37.779 0.1000000015
12184  10.054  -54.715  38.828 0.1000000015
93011  13.739  -52.778  36.935 0.1000000015
91560  9.281  -54.865  39.409 0.1000000015
14116  14.086  -51.977  35.650 0.1000000015
12171  7.331  -55.657  39.605 0.1000000015
93642  6.601  -56.378  39.759 0.1000000015
12848  11.968  -54.193  37.395 0.1000000015
6417  13.269  -66.120  35.105 0.1000000015
2492  30.489  -74.757  42.688 0.1000000015
93047  30.638  -74.435  41.842 0.1000000015
3230  30.104  -72.742  44.055 0.1000000015
8620  14.064  -61.426  16.578 0.1000000015
9046  10.609  -60.311  16.174 0.1000000015
9570  11.851  -60.055  15.417 0.1000000015
94500  30.616  -72.515  41.811 0.1000000015
3235  30.337  -72.658  43.197 0.1000000015
3621  30.545  -71.666  42.230 0.1000000015
2665  36.275  -75.062  26.441 0.1000000015
2276  36.801  -76.483  26.382 0.1000000015
108355  37.186  -75.865  26.282 0.1000000015
92396  37.685  -76.447  26.580 0.1000000015
2256  38.299  -76.311  26.892 0.1000000015
2664  37.886  -75.713  25.938 0.1000000015
2275  38.202  -75.856  26.254 0.1000000015
2297  38.335  -74.988  25.338 0.1000000015
2255  38.631  -75.892  26.843 0.1000000015
2648  38.759  -74.973  27.231 0.1000000015
108965  38.728  -72.681  28.376 0.1000000015
3733  38.180  -71.301  29.187 0.1000000015
2274  38.668  -75.102  26.291 0.1000000015
2663  38.874  -74.898  26.846 0.1000000015
3007  39.318  -73.931  27.678 0.1000000015
3364  39.590  -72.687  28.304 0.1000000015
3737  40.098  -71.945  28.574 0.1000000015
4143  39.115  -71.138  28.897 0.1000000015
4560  39.435  -70.102  29.988 0.1000000015
4142  40.457  -71.152  28.884 0.1000000015
98346  39.516  -70.622  29.315 0.1000000015
7786  11.636  -62.814  53.560 0.1000000015
7797  12.309  -61.979  53.221 0.1000000015
109375  14.132  -60.602  52.689 0.1000000015
8722  14.839  -60.512  52.871 0.1000000015
8276  11.909  -61.202  52.947 0.1000000015
8277  11.052  -61.290  52.887 0.1000000015
8733  15.230  -59.903  52.519 0.1000000015
8734  14.083  -60.035  52.337 0.1000000015
8735  12.978  -59.915  52.261 0.1000000015
8724  12.452  -60.527  52.629 0.1000000015
8725  11.556  -60.578  52.589 0.1000000015
107634  16.542  -59.443  52.663 0.1000000015
9192  14.611  -59.524  51.779 0.1000000015
101294  15.803  -59.400  52.149 0.1000000015
9193  13.502  -59.415  51.718 0.1000000015
9191  16.267  -58.976  51.576 0.1000000015
9200  15.169  -59.245  51.164 0.1000000015
9201  14.031  -59.029  51.100 0.1000000015
9745  16.805  -58.409  50.987 0.1000000015
9746  15.827  -58.934  50.507 0.1000000015
102081  14.663  -59.014  50.173 0.1000000015
9747  13.504  -58.709  50.365 0.1000000015
102069  17.157  -57.597  50.456 0.1000000015
95134  15.547  -58.787  49.683 0.1000000015
10330  16.562  -57.346  49.343 0.1000000015
98298  14.949  -58.894  49.048 0.1000000015
10878  16.711  -56.378  49.195 0.1000000015
9772  15.233  -58.270  48.351 0.1000000015
9773  14.225  -58.609  48.387 0.1000000015
10331  15.959  -57.436  48.537 0.1000000015
8987  15.677  -60.154  23.646 0.1000000015
9002  16.236  -60.355  22.784 0.1000000015
10338  14.681  -58.186  47.815 0.1000000015
10888  16.110  -56.337  48.214 0.1000000015
91478  14.639  -58.470  27.546 0.1000000015
8977  17.038  -60.382  25.138 0.1000000015
9445  16.202  -60.015  25.158 0.1000000015
9435  14.843  -59.231  25.083 0.1000000015
109165  15.251  -58.996  26.194 0.1000000015
8984  18.419  -60.548  24.448 0.1000000015
97604  17.059  -60.487  24.266 0.1000000015
8986  16.359  -60.281  24.398 0.1000000015
8992  18.706  -60.551  23.536 0.1000000015
8993  17.670  -60.576  23.693 0.1000000015
9001  17.150  -60.488  22.787 0.1000000015
101259  15.934  -60.086  22.136 0.1000000015
9485  13.527  -59.184  21.855 0.1000000015
10337  15.413  -57.493  47.740 0.1000000015
10894  15.711  -56.574  47.510 0.1000000015
9979  15.702  -58.877  27.257 0.1000000015
9970  15.488  -58.525  28.103 0.1000000015
9423  15.812  -59.257  26.443 0.1000000015
9969  16.535  -58.846  27.745 0.1000000015
9433  16.557  -59.897  25.983 0.1000000015
8976  18.089  -60.457  25.390 0.1000000015
8991  19.524  -60.399  23.370 0.1000000015
9481  18.103  -59.825  21.512 0.1000000015
9008  18.386  -60.237  22.116 0.1000000015
9009  17.588  -60.283  22.070 0.1000000015
9483  16.156  -59.646  21.431 0.1000000015
90730  15.262  -59.719  21.846 0.1000000015
9484  14.479  -59.301  21.483 0.1000000015
10031  12.619  -58.365  21.349 0.1000000015
90867  11.569  -58.094  21.918 0.1000000015
9955  15.619  -58.185  28.799 0.1000000015
9409  17.459  -59.119  27.489 0.1000000015
93588  16.462  -58.256  28.465 0.1000000015
109168  18.148  -60.208  26.171 0.1000000015
107490  17.119  -59.911  26.431 0.1000000015
9968  17.302  -58.462  28.141 0.1000000015
9444  20.109  -59.881  24.587 0.1000000015
8975  18.872  -60.411  25.089 0.1000000015
9431  18.763  -60.161  25.795 0.1000000015
10010  21.273  -59.118  23.663 0.1000000015
9458  20.193  -60.154  23.712 0.1000000015
8983  19.391  -60.399  24.313 0.1000000015
9468  20.036  -60.002  22.657 0.1000000015
9480  19.157  -59.805  21.755 0.1000000015
9479  20.167  -59.331  21.742 0.1000000015
10029  19.565  -59.023  21.091 0.1000000015
9482  17.171  -59.811  21.431 0.1000000015
98434  15.295  -59.249  21.148 0.1000000015
104881  9.796  -57.144  21.806 0.1000000015
9408  18.225  -59.128  27.202 0.1000000015
106370  17.995  -58.504  27.802 0.1000000015
10559  17.854  -57.735  28.230 0.1000000015
9988  19.938  -59.280  25.224 0.1000000015
9989  19.246  -59.363  25.905 0.1000000015
9978  18.772  -58.828  26.595 0.1000000015
9999  21.701  -58.422  24.088 0.1000000015
9987  20.511  -58.534  25.275 0.1000000015
98863  19.790  -58.645  25.635 0.1000000015
10009  21.699  -58.599  23.140 0.1000000015
9456  21.275  -59.157  22.895 0.1000000015
9967  18.485  -58.213  27.251 0.1000000015
10568  19.307  -58.356  26.012 0.1000000015
107573  18.611  -57.688  26.850 0.1000000015
10572  21.349  -58.127  24.941 0.1000000015
10566  20.888  -57.695  25.598 0.1000000015
93841  19.141  -57.598  25.748 0.1000000015
10563  18.881  -57.975  26.416 0.1000000015
10570  22.527  -57.085  23.751 0.1000000015
10567  19.927  -57.853  25.677 0.1000000015
10565  21.578  -57.458  25.311 0.1000000015
10558  18.624  -57.355  25.987 0.1000000015
10571  22.072  -57.553  24.549 0.1000000015
11135  19.513  -57.083  25.680 0.1000000015
100821  21.328  -56.986  25.839 0.1000000015
11134  20.523  -57.052  25.905 0.1000000015
94279  18.718  -57.096  25.266 0.1000000015
11139  22.476  -56.781  24.511 0.1000000015
106229  21.705  -56.374  25.957 0.1000000015
98073  21.079  -56.351  26.204 0.1000000015
11727  19.220  -56.420  25.528 0.1000000015
12349  19.112  -55.469  25.674 0.1000000015
12360  23.365  -54.670  24.672 0.1000000015
92296  22.669  -56.122  24.833 0.1000000015
11132  22.269  -55.943  25.713 0.1000000015
11718  20.897  -55.588  26.374 0.1000000015
11726  20.238  -56.325  26.052 0.1000000015
11736  23.193  -55.492  24.103 0.1000000015
13011  23.484  -53.944  25.208 0.1000000015
93224  22.862  -55.348  25.207 0.1000000015
11716  22.330  -55.150  26.040 0.1000000015
12335  21.555  -54.811  26.435 0.1000000015
11719  20.011  -55.462  26.162 0.1000000015
13031  23.694  -53.803  23.479 0.1000000015
94300  23.804  -53.945  24.272 0.1000000015
12185  9.092  -54.719  38.693 0.1000000015
12199  10.283  -54.475  37.859 0.1000000015
12348  22.943  -54.578  25.617 0.1000000015
12334  22.343  -54.305  26.232 0.1000000015
102001  20.668  -54.842  26.436 0.1000000015
12338  18.921  -54.349  26.006 0.1000000015
12994  20.457  -53.344  26.521 0.1000000015
12995  19.497  -53.405  26.376 0.1000000015
13015  16.645  -53.571  24.777 0.1000000015
12992  22.380  -53.368  26.340 0.1000000015
95813  21.775  -53.970  26.476 0.1000000015
12336  20.976  -54.086  26.519 0.1000000015
12993  21.427  -53.281  26.545 0.1000000015
12997  17.969  -53.463  25.793 0.1000000015
13630  22.763  -52.413  26.210 0.1000000015
13629  23.592  -52.329  25.690 0.1000000015
98584  20.004  -52.539  26.441 0.1000000015
13616  19.132  -52.572  26.304 0.1000000015
13617  18.343  -52.613  26.131 0.1000000015
13016  16.018  -53.422  24.385 0.1000000015
13631  16.866  -52.601  25.466 0.1000000015
13632  16.081  -52.602  25.058 0.1000000015
14269  16.405  -51.704  25.519 0.1000000015
14254  18.022  -51.992  26.080 0.1000000015
19554  24.176  -41.326  39.997 0.1000000015
14270  15.088  -50.879  25.157 0.1000000015
14838  15.493  -50.190  25.359 0.1000000015
14839  14.824  -50.224  25.101 0.1000000015
15396  15.815  -49.444  25.462 0.1000000015
19553  24.737  -41.083  39.884 0.1000000015
19556  22.884  -41.138  39.892 0.1000000015
15942  23.450  -47.481  27.941 0.1000000015
15397  15.038  -49.580  25.179 0.1000000015
15969  15.287  -48.801  25.243 0.1000000015
16563  14.006  -47.560  24.429 0.1000000015
16574  12.387  -47.488  23.442 0.1000000015
16564  13.221  -47.712  23.923 0.1000000015
100260  22.914  -46.393  27.479 0.1000000015
17707  22.565  -45.821  27.213 0.1000000015
91126  16.471  -47.765  25.404 0.1000000015
16548  15.543  -47.957  25.257 0.1000000015
17126  17.665  -46.723  25.125 0.1000000015
17127  16.760  -46.906  25.188 0.1000000015
16562  14.902  -47.315  24.845 0.1000000015
17150  14.167  -46.706  24.273 0.1000000015
17148  16.124  -46.296  24.835 0.1000000015
17147  17.038  -46.164  24.847 0.1000000015
17149  15.163  -46.475  24.641 0.1000000015
105821  16.631  -44.980  24.109 0.1000000015
17780  15.863  -44.584  23.617 0.1000000015
17781  14.900  -45.015  23.732 0.1000000015
18387  14.972  -44.227  23.114 0.1000000015
92761  13.701  -45.280  23.402 0.1000000015
15941  24.133  -47.980  27.873 0.1000000015
7283  11.935  -63.761  53.985 0.1000000015
7798  11.329  -61.971  53.246 0.1000000015
8736  12.028  -59.878  52.293 0.1000000015
9202  13.013  -58.814  51.172 0.1000000015
109277  18.219  -57.948  27.777 0.1000000015
12996  18.666  -53.404  26.138 0.1000000015
19019  15.933  -43.805  23.033 0.1000000015
19018  17.000  -43.661  23.155 0.1000000015
17151  13.197  -47.023  23.749 0.1000000015
2298  38.028  -75.121  25.176 0.1000000015
7785  12.744  -62.844  53.540 0.1000000015
8275  12.939  -61.256  52.902 0.1000000015
8723  13.454  -60.588  52.619 0.1000000015
9432  17.478  -60.232  26.040 0.1000000015
9421  17.699  -59.772  26.729 0.1000000015
97877  18.497  -59.664  26.463 0.1000000015
10000  21.080  -58.893  24.511 0.1000000015
11133  22.082  -56.784  25.340 0.1000000015
11717  21.655  -55.719  26.236 0.1000000015
12337  19.908  -54.393  26.352 0.1000000015
13022  24.255  -53.255  23.876 0.1000000015
13012  23.286  -53.208  25.785 0.1000000015
13618  17.608  -52.627  25.846 0.1000000015
96802  15.918  -50.901  25.477 0.1000000015
15968  16.149  -48.631  25.497 0.1000000015
19555  23.538  -41.080  39.882 0.1000000015
16547  17.435  -47.532  25.370 0.1000000015
16561  15.826  -47.101  25.101 0.1000000015
17765  14.440  -45.853  24.045 0.1000000015
94175  16.421  -45.617  24.481 0.1000000015
17764  15.493  -45.708  24.356 0.1000000015
18367  16.787  -44.332  23.619 0.1000000015
17763  15.879  -45.173  24.075 0.1000000015
0  22.516  -84.641  29.136 0.5000000000
4  22.191  -85.011  27.383 0.2000000030
8  16.854  -82.985  33.285 0.8999999762
11  17.744  -83.034  32.378 0.6999999881
12  17.218  -82.879  32.666 0.8999999762
14  22.518  -84.184  30.910 0.6999999881
20  16.356  -83.011  30.808 0.6999999881
25  16.527  -83.436  30.439 0.6999999881
36  16.157  -83.909  29.969 0.8000000119
68  20.887  -84.054  23.867 0.2000000030
77  23.501  -83.123  22.514 0.1000000015
79  21.470  -84.002  22.622 0.1000000015
84  22.947  -83.259  21.831 0.1000000015
86  21.165  -84.037  22.257 0.1000000015
92  16.423  -82.635  36.016 0.8999999762
97  18.264  -82.833  34.188 0.8999999762
99  16.045  -82.991  34.632 0.8999999762
101  15.823  -81.932  33.874 0.8999999762
102  19.887  -82.803  32.394 0.6999999881
104  16.878  -82.944  34.067 0.8999999762
106  16.363  -82.253  33.269 0.8999999762
107  22.391  -83.041  31.853 0.6999999881
111  16.574  -81.799  32.166 0.8999999762
112  24.111  -83.130  31.360 0.6000000238
116  20.615  -83.712  31.444 0.6000000238
123  15.872  -83.099  30.616 0.6999999881
124  26.251  -82.767  29.180 0.8999999762
127  23.918  -84.022  29.962 0.5000000000
128  15.729  -83.252  29.988 0.8000000119
130  28.345  -82.892  28.093 0.8999999762
137  16.104  -83.589  28.447 0.5000000000
149  15.512  -83.029  26.978 0.4000000060
150  15.074  -82.872  26.429 0.3000000119
151  28.551  -82.979  26.939 0.8000000119
156  16.065  -83.068  26.413 0.3000000119
158  14.996  -82.902  25.960 0.2000000030
164  15.320  -83.007  25.742 0.1000000015
177  24.038  -82.945  23.124 0.2000000030
178  20.733  -84.012  22.685 0.1000000015
179  29.750  -81.860  21.039 0.5000000000
183  22.428  -82.904  21.608 0.1000000015
185  20.739  -83.623  22.118 0.1000000015
186  30.849  -82.727  20.776 0.5000000000
195  30.726  -82.758  20.116 0.4000000060
215  27.819  -80.946  17.644 0.1000000015
246  16.420  -81.688  36.166 0.8999999762
247  15.994  -82.508  35.921 0.8999999762
250  15.842  -82.222  35.334 0.8999999762
251  15.553  -82.107  34.745 0.8999999762
253  18.513  -82.258  34.519 0.8999999762
255  15.606  -82.305  34.517 0.8999999762
262  21.198  -82.536  32.209 0.8000000119
265  24.335  -82.718  31.452 0.6000000238
268  16.364  -81.835  31.116 0.8999999762
270  26.885  -82.424  29.037 0.8999999762
273  28.664  -82.372  28.202 1.0000000000
277  28.878  -82.903  27.116 0.8999999762
281  17.545  -82.788  27.381 0.2000000030
282  15.311  -82.329  27.662 0.4000000060
303  15.457  -82.346  24.962 0.2000000030
306  20.454  -83.571  23.716 0.1000000015
307  30.860  -82.098  21.750 0.5000000000
314  20.468  -83.403  22.744 0.1000000015
319  22.433  -82.323  21.557 0.1000000015
354  18.473  -82.466  16.943 0.1000000015
374  20.249  -80.431  39.680 0.8000000119
376  18.313  -79.739  39.747 0.8999999762
380  21.413  -80.684  38.832 0.8000000119
381  20.543  -80.663  38.917 0.8000000119
383  18.966  -79.868  39.241 0.8999999762
385  16.101  -80.506  38.685 0.8999999762
386  23.516  -80.497  38.075 0.8000000119
389  20.177  -80.484  38.312 0.8000000119
390  19.818  -79.946  37.718 0.8999999762
393  15.707  -80.568  38.176 1.0000000000
395  21.771  -80.361  37.628 0.8000000119
399  16.407  -80.796  37.716 1.0000000000
401  15.346  -80.679  37.579 0.8999999762
403  16.368  -80.948  36.919 1.0000000000
409  18.919  -81.184  34.091 0.8999999762
410  15.643  -81.031  34.316 0.8999999762
416  15.748  -80.891  33.583 0.8999999762
419  22.679  -81.602  32.550 0.8000000119
420  22.311  -81.860  32.591 0.8000000119
423  15.919  -81.295  33.271 0.8999999762
429  31.190  -81.090  29.549 0.8000000119
432  16.955  -81.099  30.016 0.8000000119
433  15.935  -81.711  30.586 0.8000000119
434  15.690  -82.164  30.427 0.6999999881
435  31.048  -81.232  28.774 0.8000000119
438  26.682  -81.707  29.265 0.8999999762
442  15.212  -82.509  29.750 0.6999999881
443  29.941  -81.479  28.141 0.8999999762
447  16.917  -81.200  28.596 0.6999999881
449  29.381  -82.133  27.591 1.0000000000
450  21.574  -81.027  27.440 0.1000000015
451  21.237  -81.129  27.571 0.1000000015
460  21.375  -81.699  27.327 0.1000000015
466  15.232  -82.016  26.983 0.2000000030
472  26.399  -81.392  24.565 0.6999999881
481  15.937  -81.267  23.295 0.1000000015
483  30.415  -81.762  21.714 0.5000000000
484  30.569  -81.292  22.116 0.5000000000
495  30.999  -81.949  20.974 0.5000000000
524  18.224  -81.070  17.170 0.1000000015
536  19.275  -81.923  16.542 0.1000000015
541  32.760  -81.075  15.317 0.4000000060
566  32.088  -80.983  13.872 0.5000000000
584  28.704  -81.096  11.734 0.2000000030
588  24.297  -80.672  11.643 0.6000000238
606  17.936  -79.540  40.948 0.8999999762
608  16.409  -79.579  41.020 0.8999999762
610  21.335  -80.130  40.312 0.8000000119
614  17.684  -79.623  40.246 0.8999999762
618  25.080  -80.018  39.095 0.6999999881
619  24.269  -80.007  39.541 0.6999999881
622  21.832  -80.330  39.727 0.8000000119
623  16.208  -79.975  39.414 1.0000000000
625  27.074  -80.026  38.027 0.6999999881
626  26.347  -80.120  38.213 0.6999999881
629  23.880  -80.376  38.867 0.8000000119
631  15.090  -80.138  38.098 1.0000000000
634  25.902  -80.290  37.653 0.6999999881
636  23.039  -80.165  37.503 0.8000000119
638  21.421  -79.994  37.108 0.8999999762
642  15.030  -80.254  37.470 1.0000000000
643  28.517  -79.832  36.072 0.6999999881
646  25.423  -80.172  37.130 0.8000000119
648  22.521  -79.576  37.008 0.8000000119
651  20.527  -79.575  36.210 0.8999999762
653  18.655  -79.829  36.162 1.0000000000
654  17.807  -80.399  36.141 0.8999999762
655  15.229  -80.116  36.621 1.0000000000
656  28.265  -79.763  35.289 0.6999999881
659  20.637  -79.681  35.260 1.0000000000
660  20.033  -80.098  34.716 0.8999999762
663  15.527  -79.943  35.618 1.0000000000
669  22.155  -80.294  33.308 1.0000000000
672  23.142  -81.121  32.386 0.8999999762
676  15.896  -80.920  32.901 0.8999999762
680  18.079  -80.328  31.099 0.8999999762
683  31.141  -81.029  30.259 0.8000000119
685  29.598  -80.867  30.392 0.8999999762
687  19.231  -79.955  29.888 0.8000000119
690  31.467  -81.009  29.249 0.8000000119
700  18.548  -80.176  28.617 0.8000000119
712  26.738  -80.194  26.081 0.8999999762
719  22.480  -80.546  25.520 0.1000000015
730  28.969  -80.416  23.530 0.5000000000
735  15.478  -80.996  23.043 0.1000000015
736  15.196  -80.902  23.361 0.1000000015
737  30.563  -80.768  22.301 0.5000000000
745  22.924  -81.105  22.025 0.1000000015
751  30.555  -80.176  19.605 0.6999999881
752  26.545  -80.008  19.330 0.1000000015
760  36.288  -80.070  17.724 1.0000000000
772  36.559  -79.998  17.134 1.0000000000
781  18.797  -80.260  17.251 0.2000000030
783  36.182  -80.097  16.109 1.0000000000
784  35.239  -80.175  16.010 0.6999999881
794  36.269  -79.978  15.769 1.0000000000
797  33.308  -80.646  15.510 0.6000000238
805  20.727  -81.211  15.820 0.3000000119
807  17.094  -80.467  15.713 0.2000000030
810  33.957  -79.436  14.883 0.8999999762
818  18.425  -79.966  14.116 0.3000000119
819  17.179  -80.158  14.546 0.3000000119
820  17.012  -80.085  14.134 0.2000000030
824  32.907  -80.082  13.812 0.6000000238
825  32.336  -80.293  13.630 0.5000000000
830  18.262  -80.128  13.459 0.3000000119
832  32.647  -79.331  13.796 0.8000000119
836  18.622  -80.050  12.930 0.5000000000
841  30.212  -79.497  12.594 0.6000000238
844  24.095  -80.149  11.147 0.6999999881
846  28.242  -79.845  11.404 0.5000000000
849  26.038  -80.218  10.750 0.4000000060
856  23.852  -79.528  10.022 0.6999999881
862  20.922  -79.192  42.049 0.6000000238
866  17.249  -79.135  42.014 0.6000000238
868  16.188  -78.338  42.162 0.6000000238
870  23.083  -79.219  41.230 0.6000000238
872  16.420  -79.467  41.723 0.6999999881
876  23.509  -79.445  40.589 0.6999999881
877  15.967  -79.106  40.518 0.8000000119
878  25.360  -79.412  39.253 0.6000000238
881  15.398  -78.933  38.814 0.8000000119
883  27.337  -79.485  38.117 0.6999999881
885  15.054  -79.469  38.251 0.8999999762
887  28.291  -79.559  37.414 0.6999999881
888  15.195  -78.966  37.217 1.0000000000
892  24.900  -79.516  36.793 0.8000000119
894  22.214  -79.007  36.444 0.8999999762
898  27.497  -79.828  35.119 0.6999999881
900  21.772  -78.982  35.732 0.8999999762
903  28.560  -79.249  34.239 0.6000000238
919  16.456  -79.658  33.779 0.8999999762
920  15.887  -80.175  34.191 0.8999999762
921  28.971  -78.927  32.849 0.6999999881
927  18.304  -79.337  32.234 0.8999999762
928  17.525  -79.608  32.643 0.8999999762
938  11.286  -80.088  30.768 0.6999999881
940  31.387  -80.449  30.480 0.8000000119
941  30.260  -80.400  31.063 0.8000000119
946  20.268  -78.744  30.048 0.8999999762
948  10.345  -79.864  30.873 0.6000000238
949  31.532  -80.514  29.747 0.8000000119
960  19.740  -78.981  29.091 1.0000000000
961  19.316  -79.235  28.629 0.8000000119
965  34.991  -79.765  26.622 0.4000000060
970  21.652  -80.013  27.738 0.1000000015
973  11.969  -79.761  27.233 0.3000000119
987  10.723  -79.284  26.898 0.4000000060
994  15.746  -79.443  25.296 0.2000000030
1008  16.550  -79.830  23.284 0.1000000015
1014  30.516  -80.120  22.240 0.8000000119
1026  31.164  -80.453  18.766 0.6999999881
1028  26.590  -79.141  19.085 0.1000000015
1042  31.388  -79.515  18.218 0.6999999881
1049  37.074  -79.853  17.156 1.0000000000
1055  20.725  -78.736  17.217 0.6000000238
1057  19.111  -79.381  17.268 0.2000000030
1061  36.820  -79.828  16.458 1.0000000000
1071  35.564  -79.636  15.246 1.0000000000
1079  34.329  -79.424  14.972 0.8999999762
1087  19.912  -79.203  13.417 0.6000000238
1089  16.886  -79.030  14.089 0.4000000060
1090  32.706  -78.939  13.978 0.8999999762
1093  19.833  -79.332  12.637 0.5000000000
1095  18.666  -79.456  12.785 0.5000000000
1097  32.142  -78.010  12.182 0.8999999762
1099  31.397  -78.649  12.272 0.6999999881
1102  19.592  -79.104  12.164 0.6999999881
1105  28.689  -78.866  11.316 1.0000000000
1109  24.290  -79.406  9.895 0.8000000119
1111  20.109  -77.660  44.691 0.5000000000
1114  19.246  -76.393  43.180 0.6000000238
1121  18.634  -76.928  42.398 0.6000000238
1122  23.161  -77.801  43.190 0.5000000000
1124  21.267  -78.169  43.473 0.5000000000
1126  19.397  -78.092  43.346 0.5000000000
1127  18.792  -77.879  43.122 0.5000000000
1134  18.386  -78.232  42.253 0.5000000000
1136  16.594  -78.124  42.348 0.6000000238
1144  24.557  -78.273  39.798 0.6000000238
1145  15.890  -78.224  39.733 0.8000000119
1146  27.526  -78.878  38.119 0.5000000000
1149  15.365  -78.685  37.934 1.0000000000
1150  30.069  -78.161  37.153 0.5000000000
1155  10.950  -77.583  36.909 0.8000000119
1157  29.699  -78.561  36.585 0.6000000238
1159  24.497  -78.438  36.483 0.8000000119
1163  11.566  -77.779  36.480 0.8000000119
1166  29.419  -78.302  35.224 0.6000000238
1179  25.526  -77.688  34.406 0.8000000119
1183  15.992  -78.993  35.158 0.8999999762
1184  11.926  -78.048  34.684 0.8000000119
1185  11.472  -78.019  35.073 0.6999999881
1187  10.336  -77.632  35.277 0.8000000119
1189  27.347  -78.764  33.209 0.8000000119
1193  22.708  -78.446  34.300 0.8999999762
1198  11.135  -78.596  33.561 0.8000000119
1206  19.364  -78.424  32.130 0.8999999762
1209  11.787  -79.057  32.935 0.8000000119
1213  29.482  -79.047  31.960 0.8999999762
1222  9.923  -79.276  31.442 0.6000000238
1226  24.920  -78.177  30.757 0.8000000119
1231  34.813  -78.498  28.498 0.3000000119
1235  26.182  -78.580  29.879 0.8999999762
1246  13.493  -78.581  28.415 0.6999999881
1248  10.158  -79.445  28.431 0.3000000119
1250  36.135  -78.833  27.026 0.4000000060
1251  35.037  -79.580  27.175 0.4000000060
1253  34.281  -79.322  26.568 0.4000000060
1254  28.529  -78.024  27.550 0.8000000119
1255  27.957  -78.261  27.258 0.8000000119
1265  35.924  -78.790  26.383 0.3000000119
1266  35.223  -79.408  26.208 0.4000000060
1268  34.002  -78.885  26.015 0.4000000060
1273  17.510  -77.928  27.046 0.8000000119
1278  34.424  -78.972  25.774 0.4000000060
1287  26.965  -78.135  25.146 0.8999999762
1293  29.656  -79.114  23.423 0.8999999762
1316  33.640  -77.517  18.609 0.8999999762
1327  35.756  -79.329  17.967 1.0000000000
1339  36.558  -79.635  17.584 1.0000000000
1344  19.421  -78.740  17.175 0.4000000060
1355  19.329  -78.455  16.835 0.4000000060
1359  33.289  -78.073  15.481 0.8000000119
1369  32.340  -77.951  13.899 0.8000000119
1371  19.638  -78.857  14.378 0.6000000238
1373  15.878  -78.134  14.925 0.2000000030
1374  33.624  -78.970  14.874 1.0000000000
1378  17.502  -78.571  13.632 0.4000000060
1387  18.535  -78.596  12.627 0.6000000238
1389  32.288  -77.737  12.327 0.8999999762
1391  32.724  -77.927  11.129 0.8999999762
1393  23.614  -78.524  10.653 0.8000000119
1394  19.639  -78.396  11.974 0.6999999881
1395  19.286  -78.403  11.939 0.8000000119
1405  19.157  -77.763  11.408 0.8000000119
1406  33.636  -77.086  9.413 0.6999999881
1412  26.118  -78.292  9.660 0.8000000119
1414  24.617  -78.750  9.855 0.8000000119
1421  27.328  -77.896  8.885 0.8000000119
1423  25.523  -77.810  8.951 0.8999999762
1426  28.720  -78.058  7.890 0.8999999762
1428  19.479  -76.306  46.244 0.5000000000
1429  18.938  -76.523  46.061 0.5000000000
1431  20.399  -76.412  46.154 0.5000000000
1433  18.398  -76.362  45.828 0.5000000000
1435  22.883  -76.556  45.283 0.5000000000
1439  19.018  -77.113  45.091 0.5000000000
1440  18.584  -76.726  45.050 0.5000000000
1441  18.650  -76.418  44.385 0.5000000000
1445  21.760  -77.329  44.982 0.5000000000
1446  18.783  -76.802  42.916 0.6000000238
1449  22.820  -77.417  43.974 0.5000000000
1450  17.546  -77.400  41.800 0.6000000238
1454  16.418  -77.711  41.896 0.6000000238
1458  16.032  -77.802  41.246 0.6999999881
1460  16.295  -77.625  40.509 0.6999999881
1461  16.032  -77.817  40.644 0.6999999881
1462  11.993  -77.084  39.558 1.0000000000
1463  11.703  -76.829  39.817 1.0000000000
1466  17.342  -77.290  39.919 0.8000000119
1469  11.467  -76.772  39.284 0.8999999762
1471  25.565  -77.508  38.699 0.4000000060
1473  16.550  -77.624  38.077 0.8000000119
1474  15.925  -78.039  38.158 0.8000000119
1475  12.185  -77.303  38.885 1.0000000000
1482  16.958  -77.477  37.427 0.8000000119
1485  12.095  -77.347  38.095 0.8999999762
1487  10.787  -77.048  37.534 1.0000000000
1488  10.393  -77.029  36.733 0.8000000119
1491  29.656  -77.402  37.379 0.3000000119
1495  16.520  -78.019  36.229 1.0000000000
1498  10.177  -76.842  36.238 0.8000000119
1502  24.920  -77.478  35.155 0.8000000119
1503  23.704  -77.398  35.244 0.8999999762
1504  18.404  -77.013  35.398 0.8000000119
1507  12.144  -77.640  35.705 0.8999999762
1508  10.149  -77.040  35.555 0.6000000238
1510  30.296  -77.355  35.063 0.5000000000
1513  17.607  -77.750  34.931 0.8999999762
1517  26.042  -77.421  32.604 0.8000000119
1525  29.580  -77.622  32.800 0.6000000238
1531  9.895  -78.550  32.193 0.8000000119
1533  27.007  -77.784  30.472 0.8000000119
1538  20.008  -78.113  31.731 1.0000000000
1539  13.970  -77.270  31.035 0.8999999762
1545  26.458  -77.852  30.101 0.8999999762
1547  25.082  -77.688  31.030 0.8000000119
1552  12.778  -78.535  30.884 0.8000000119
1554  35.837  -77.491  28.857 0.3000000119
1563  16.566  -77.437  29.242 1.0000000000
1569  36.494  -77.953  28.112 0.2000000030
1574  19.239  -77.574  28.484 1.0000000000
1576  17.078  -77.514  28.594 1.0000000000
1581  36.714  -78.201  27.207 0.2000000030
1592  18.701  -77.902  27.990 1.0000000000
1593  17.967  -77.826  27.628 1.0000000000
1597  14.997  -77.723  27.369 0.4000000060
1600  36.508  -78.197  26.215 0.2000000030
1613  26.984  -77.457  25.512 0.8000000119
1619  11.604  -76.851  24.691 0.1000000015
1625  11.654  -77.599  24.067 0.1000000015
1626  11.087  -77.757  24.080 0.1000000015
1627  28.699  -77.837  23.451 0.6999999881
1655  34.177  -77.839  18.449 0.8999999762
1656  33.398  -77.251  18.642 0.8000000119
1667  21.956  -77.072  17.372 0.8999999762
1671  34.510  -77.780  17.551 0.8999999762
1676  20.257  -77.248  17.031 0.8000000119
1680  25.139  -76.949  14.460 0.8000000119
1683  15.568  -77.422  15.294 0.1000000015
1687  15.709  -77.500  14.907 0.1000000015
1693  16.124  -77.220  14.561 0.2000000030
1697  24.394  -77.658  12.434 0.8999999762
1701  24.225  -77.183  10.963 0.6999999881
1704  19.382  -77.870  11.636 0.8999999762
1705  18.587  -77.366  11.542 0.8000000119
1706  17.936  -77.098  11.557 0.8000000119
1707  33.911  -77.151  9.954 0.5000000000
1709  33.246  -77.831  10.315 0.8999999762
1710  23.705  -77.537  10.271 0.8000000119
1712  19.272  -77.332  11.146 0.8000000119
1715  33.852  -77.065  9.452 0.5000000000
1717  24.409  -77.585  9.758 0.6999999881
1718  23.578  -78.137  9.954 0.8000000119
1720  18.059  -76.902  9.957 0.8999999762
1722  33.692  -77.009  8.549 0.6999999881
1730  32.367  -77.059  7.397 0.6999999881
1733  29.284  -77.382  7.807 0.8000000119
1735  27.772  -77.353  8.573 0.8000000119
1736  27.442  -76.887  8.856 0.6999999881
1737  33.134  -76.169  7.391 0.3000000119
1745  23.042  -75.596  46.111 0.5000000000
1746  21.783  -76.070  46.334 0.5000000000
1748  18.234  -75.843  46.177 0.5000000000
1749  18.212  -75.884  45.654 0.5000000000
1755  18.517  -75.962  44.699 0.5000000000
1761  18.595  -75.573  44.526 0.5000000000
1762  18.866  -76.130  43.162 0.5000000000
1763  19.110  -75.641  43.443 0.5000000000
1764  18.856  -76.083  42.873 0.6000000238
1767  24.507  -76.111  42.079 0.5000000000
1768  19.415  -75.715  42.912 0.6000000238
1771  17.674  -77.230  41.917 0.6000000238
1778  12.117  -75.980  40.565 1.0000000000
1781  19.999  -76.152  39.953 0.6999999881
1783  17.796  -77.165  40.300 0.8000000119
1784  12.555  -76.235  40.136 1.0000000000
1786  11.801  -76.338  40.084 1.0000000000
1794  12.284  -77.089  39.211 0.8999999762
1798  20.156  -75.882  38.100 0.6999999881
1803  10.608  -76.279  37.918 0.8000000119
1804  31.102  -77.342  37.448 0.4000000060
1813  33.465  -75.846  36.690 0.3000000119
1822  19.286  -76.458  36.193 0.8000000119
1825  10.097  -76.288  36.843 0.6999999881
1827  33.090  -77.134  36.272 0.3000000119
1828  29.387  -76.074  36.586 0.3000000119
1830  27.986  -75.746  35.938 0.1000000015
1839  20.072  -76.140  33.984 1.0000000000
1842  12.450  -77.091  34.519 0.8000000119
1844  35.029  -76.226  33.093 0.1000000015
1850  29.787  -77.029  33.427 0.6000000238
1859  34.492  -76.744  32.556 0.3000000119
1864  21.124  -76.285  32.037 1.0000000000
1868  12.883  -77.508  32.926 1.0000000000
1869  10.107  -76.634  32.506 0.4000000060
1870  9.918  -77.728  32.710 0.6000000238
1875  21.299  -76.449  31.140 1.0000000000
1878  14.942  -76.721  31.618 0.8999999762
1886  21.273  -76.348  30.473 1.0000000000
1897  21.041  -76.053  29.915 1.0000000000
1898  20.529  -76.577  29.529 1.0000000000
1899  19.252  -76.470  29.335 1.0000000000
1918  27.963  -76.734  27.131 0.6999999881
1927  33.724  -76.650  25.536 0.3000000119
1928  31.766  -77.304  25.999 0.4000000060
1930  27.276  -76.178  26.209 0.8000000119
1931  27.057  -76.804  25.867 0.8000000119
1944  34.945  -77.691  25.523 0.3000000119
1945  34.126  -77.583  25.458 0.3000000119
1953  11.011  -76.606  24.884 0.1000000015
1954  10.542  -77.156  25.221 0.1000000015
1955  27.346  -76.579  24.766 0.8000000119
1959  11.063  -77.238  24.403 0.1000000015
1960  10.853  -77.553  24.475 0.1000000015
1985  31.600  -76.048  19.647 0.6999999881
2001  21.337  -76.528  17.343 0.8000000119
2009  20.614  -76.541  16.854 0.8999999762
2017  15.122  -77.109  14.547 0.2000000030
2023  16.269  -76.664  14.389 0.3000000119
2027  25.561  -76.534  13.121 0.6999999881
2045  19.797  -76.657  11.717 1.0000000000
2047  17.639  -76.620  11.677 0.8999999762
2052  27.303  -76.203  10.416 0.6999999881
2055  24.785  -76.813  10.582 0.6999999881
2056  24.286  -77.211  9.970 0.6999999881
2057  19.026  -76.835  10.376 0.8999999762
2064  25.753  -76.525  9.585 0.8000000119
2066  18.315  -76.628  10.045 1.0000000000
2067  18.033  -76.373  9.938 1.0000000000
2068  34.320  -76.380  8.514 0.3000000119
2069  29.590  -76.522  8.561 0.6999999881
2071  27.633  -76.768  8.971 0.6999999881
2073  25.436  -76.865  8.988 0.8999999762
2081  29.740  -76.582  7.363 0.8000000119
2082  23.301  -75.236  47.911 0.5000000000
2083  23.255  -75.177  48.082 0.5000000000
2084  25.116  -74.726  47.944 0.5000000000
2085  24.436  -74.856  48.119 0.5000000000
2087  23.157  -75.158  47.875 0.5000000000
2088  26.868  -75.060  46.841 0.3000000119
2091  24.500  -75.128  47.902 0.5000000000
2092  23.209  -75.112  47.201 0.5000000000
2093  19.319  -75.464  46.331 0.5000000000
2094  19.111  -75.663  46.507 0.5000000000
2095  27.983  -74.923  45.878 0.3000000119
2098  25.471  -75.231  46.278 0.5000000000
2103  20.288  -75.708  46.303 0.5000000000
2104  18.571  -75.424  46.282 0.5000000000
2105  18.143  -75.505  45.927 0.5000000000
2107  27.482  -75.258  45.266 0.3000000119
2108  26.775  -75.256  45.429 0.3000000119
2112  20.739  -75.426  45.870 0.5000000000
2115  18.313  -75.138  45.675 0.5000000000
2116  18.264  -75.477  45.394 0.5000000000
2118  26.789  -75.859  43.794 0.4000000060
2119  18.684  -74.742  45.090 0.5000000000
2120  29.089  -75.032  43.807 0.3000000119
2123  26.672  -75.714  43.313 0.4000000060
2130  25.856  -75.563  42.302 0.4000000060
2136  12.781  -75.211  41.168 0.8999999762
2137  12.288  -75.304  41.162 1.0000000000
2138  11.727  -75.197  41.019 1.0000000000
2139  26.072  -75.233  41.125 0.3000000119
2146  11.526  -75.610  39.941 1.0000000000
2148  21.316  -75.265  39.263 0.6999999881
2149  20.694  -75.637  39.638 0.6999999881
2150  12.993  -75.815  39.720 0.8999999762
2151  11.708  -75.419  39.044 0.8000000119
2158  11.456  -75.369  37.985 0.6999999881
2160  26.160  -75.516  37.062 0.2000000030
2188  12.750  -75.568  35.672 0.8999999762
2192  21.346  -75.220  34.003 0.8000000119
2194  13.110  -75.535  34.420 0.8999999762
2197  35.604  -75.228  33.726 0.1000000015
2202  15.250  -75.399  33.228 0.8999999762
2218  13.813  -76.033  32.833 1.0000000000
2222  31.381  -75.686  31.225 0.4000000060
2223  31.086  -75.683  32.020 0.4000000060
2230  33.785  -75.962  30.646 0.4000000060
2232  32.085  -75.623  30.499 0.4000000060
2236  18.440  -75.771  30.550 1.0000000000
2239  35.800  -76.301  29.223 0.2000000030
2244  19.726  -75.892  29.674 1.0000000000
2246  9.906  -74.566  29.108 0.1000000015
2259  27.977  -75.735  27.113 0.8000000119
2260  27.601  -75.601  26.615 0.8000000119
2295  10.917  -75.498  26.249 0.1000000015
2311  40.564  -75.650  22.547 0.1000000015
2318  40.721  -75.845  21.498 0.1000000015
2352  23.956  -74.825  18.129 0.8999999762
2354  22.977  -74.130  18.128 0.8999999762
2360  23.498  -75.473  17.804 0.8999999762
2368  27.031  -74.888  15.985 0.8000000119
2369  26.366  -75.205  16.389 0.8000000119
2376  31.637  -75.519  15.515 0.5000000000
2382  16.088  -75.890  14.586 0.4000000060
2384  31.919  -75.698  14.220 0.5000000000
2385  31.738  -75.307  14.842 0.5000000000
2386  28.087  -75.022  14.822 0.8000000119
2392  15.659  -76.868  14.359 0.3000000119
2394  13.192  -75.413  12.833 0.1000000015
2400  20.712  -75.289  13.634 1.0000000000
2401  17.336  -75.723  13.949 0.8000000119
2402  12.744  -75.179  12.861 0.1000000015
2411  19.674  -75.100  11.875 1.0000000000
2413  13.156  -75.083  12.503 0.1000000015
2429  18.501  -74.925  10.004 0.8999999762
2431  17.070  -74.939  10.316 0.8999999762
2432  34.801  -75.063  9.269 0.3000000119
2436  18.281  -75.826  9.965 1.0000000000
2437  17.895  -75.581  10.058 0.8999999762
2438  17.391  -74.978  9.993 0.8000000119
2443  33.601  -75.595  7.624 0.3000000119
2449  31.192  -75.339  6.627 0.4000000060
2452  30.891  -74.572  5.807 0.4000000060
2455  26.359  -73.407  48.361 0.3000000119
2456  25.996  -73.299  46.975 0.4000000060
2458  27.169  -73.734  48.229 0.3000000119
2460  26.079  -74.077  47.461 0.4000000060
2462  27.946  -73.979  47.134 0.3000000119
2463  27.217  -74.130  47.452 0.3000000119
2465  26.016  -74.381  47.281 0.3000000119
2466  24.538  -74.117  48.013 0.5000000000
2469  28.186  -74.141  46.279 0.3000000119
2473  23.259  -74.486  46.814 0.5000000000
2475  29.185  -74.186  44.950 0.3000000119
2479  23.394  -74.493  45.915 0.5000000000
2480  22.626  -74.902  46.259 0.5000000000
2482  20.098  -74.911  45.339 0.5000000000
2483  19.233  -74.746  45.459 0.5000000000
2484  29.196  -74.730  44.301 0.2000000030
2499  19.890  -74.153  43.337 0.4000000060
2501  30.094  -75.055  42.516 0.2000000030
2504  23.796  -74.057  42.932 0.4000000060
2507  20.477  -73.607  42.512 0.5000000000
2508  20.121  -74.118  42.406 0.5000000000
2510  11.933  -74.455  42.546 0.8999999762
2511  11.276  -74.177  42.157 0.8999999762
2526  20.776  -74.860  41.027 0.6000000238
2528  13.400  -74.807  40.942 0.8999999762
2530  11.273  -74.795  40.689 1.0000000000
2540  11.345  -75.072  40.063 1.0000000000
2542  25.450  -74.794  38.898 0.2000000030
2544  21.872  -74.654  39.024 0.6999999881
2545  14.458  -74.336  38.407 0.8999999762
2550  14.152  -74.379  37.490 0.8999999762
2553  10.108  -74.294  36.957 0.6000000238
2559  14.736  -74.031  36.892 0.8999999762
2562  10.141  -73.766  36.181 0.3000000119
2563  10.015  -74.490  36.307 0.3000000119
2565  34.443  -74.852  35.906 0.2000000030
2569  22.448  -74.156  35.405 0.5000000000
2573  13.096  -74.968  35.516 0.8999999762
2587  36.186  -74.174  34.762 0.1000000015
2591  22.502  -73.992  33.411 0.8999999762
2592  22.002  -74.639  33.670 0.8999999762
2593  17.427  -74.324  32.970 0.8999999762
2619  19.752  -74.926  30.455 1.0000000000
2634  10.448  -74.313  29.112 0.1000000015
2650  28.950  -74.967  27.307 0.4000000060
2651  28.243  -74.989  27.234 0.8000000119
2685  27.616  -74.617  24.777 0.6000000238
2727  31.597  -75.138  19.497 0.6999999881
2732  24.936  -74.012  18.418 0.8999999762
2733  24.326  -74.233  18.335 0.8999999762
2739  27.093  -73.787  17.113 0.8000000119
2740  26.398  -74.086  17.609 0.8000000119
2761  21.193  -73.951  16.097 0.8000000119
2763  17.038  -74.446  14.978 0.8000000119
2764  16.452  -74.830  14.991 0.6999999881
2772  32.035  -74.573  14.667 0.5000000000
2776  11.854  -74.891  13.498 0.1000000015
2787  28.667  -74.732  14.397 0.6999999881
2790  12.076  -74.839  12.922 0.1000000015
2801  13.148  -74.663  12.244 0.1000000015
2802  12.493  -74.231  12.464 0.1000000015
2811  17.270  -74.830  11.677 0.8999999762
2815  35.213  -74.388  10.529 0.2000000030
2823  17.352  -74.356  9.905 0.6999999881
2829  34.641  -74.603  6.900 0.2000000030
2831  35.672  -73.375  6.891 0.1000000015
2834  32.848  -74.979  6.497 0.4000000060
2835  30.200  -74.132  5.979 0.4000000060
2841  27.599  -72.624  48.117 0.1000000015
2842  26.992  -73.152  48.444 0.2000000030
2843  26.494  -73.145  48.406 0.3000000119
2844  26.291  -73.077  48.112 0.3000000119
2846  26.350  -72.784  47.562 0.2000000030
2847  26.217  -73.007  47.336 0.4000000060
2850  28.218  -73.291  47.362 0.1000000015
2851  26.058  -73.003  46.864 0.3000000119
2852  24.994  -73.575  46.250 0.4000000060
2860  25.616  -73.169  45.265 0.3000000119
2861  29.942  -73.514  44.163 0.1000000015
2863  26.115  -72.897  44.873 0.3000000119
2866  25.902  -73.015  43.694 0.3000000119
2870  11.587  -73.437  43.087 0.8000000119
2871  11.009  -73.073  42.709 0.8999999762
2872  30.712  -74.382  42.190 0.1000000015
2880  12.650  -73.611  43.080 0.8000000119
2883  11.152  -73.491  42.539 0.8999999762
2886  29.594  -74.175  41.084 0.2000000030
2889  22.252  -72.864  41.796 0.4000000060
2891  13.249  -73.906  42.154 0.8000000119
2893  10.876  -73.497  42.031 0.8999999762
2897  20.579  -72.495  41.065 0.5000000000
2899  14.523  -73.559  40.782 0.6999999881
2901  11.141  -74.021  41.405 1.0000000000
2903  27.203  -73.809  39.114 0.2000000030
2907  26.682  -73.891  38.295 0.2000000030
2916  15.537  -73.452  38.127 0.8000000119
2921  23.372  -72.946  36.087 0.5000000000
2925  15.433  -73.688  36.303 0.8999999762
2926  10.515  -73.028  36.604 0.3000000119
2934  10.242  -73.179  35.761 0.2000000030
2944  15.636  -73.977  34.912 0.8999999762
2946  37.053  -72.816  35.239 0.1000000015
2947  36.449  -73.258  35.298 0.1000000015
2954  22.617  -73.259  33.109 0.8000000119
2955  18.228  -73.393  33.300 0.8999999762
2957  16.689  -73.897  34.062 0.8999999762
2958  16.067  -74.099  34.411 0.8999999762
2973  17.904  -73.952  32.945 0.8999999762
2979  21.859  -72.822  31.982 1.0000000000
2980  21.742  -73.431  31.579 1.0000000000
2981  21.114  -73.294  31.221 1.0000000000
2999  39.985  -73.167  27.973 0.1000000015
3000  38.949  -73.448  28.142 0.1000000015
3014  36.261  -73.859  26.422 0.2000000030
3049  30.796  -73.308  22.359 0.4000000060
3082  23.515  -73.520  18.169 0.8999999762
3101  31.508  -73.590  16.393 0.5000000000
3106  16.492  -73.251  15.741 0.8000000119
3128  34.567  -73.523  14.526 0.2000000030
3133  28.747  -73.503  14.826 0.5000000000
3138  11.553  -73.955  14.072 0.1000000015
3148  34.031  -74.032  14.121 0.2000000030
3149  29.371  -73.858  13.653 0.5000000000
3152  13.325  -74.941  12.390 0.2000000030
3165  12.145  -73.533  11.849 0.1000000015
3174  19.190  -73.352  11.501 0.8000000119
3175  18.664  -73.212  10.689 0.6999999881
3183  36.497  -73.364  10.257 0.1000000015
3188  18.459  -74.132  10.179 0.8000000119
3189  16.627  -73.711  10.265 0.8000000119
3193  35.389  -74.221  10.005 0.1000000015
3202  29.435  -72.401  8.126 0.2000000030
3210  30.169  -73.475  5.821 0.3000000119
3212  32.769  -73.421  6.247 0.2000000030
3213  31.109  -73.455  5.539 0.3000000119
3215  28.940  -72.006  48.944 0.1000000015
3216  28.255  -72.085  48.676 0.1000000015
3219  26.391  -72.871  48.014 0.2000000030
3220  28.172  -72.407  48.014 0.1000000015
3222  26.770  -72.518  47.748 0.2000000030
3223  29.485  -72.011  47.589 0.1000000015
3224  26.678  -72.440  47.510 0.3000000119
3227  26.633  -72.460  46.588 0.3000000119
3237  26.616  -72.490  43.392 0.3000000119
3240  30.529  -72.602  42.400 0.1000000015
3241  27.120  -71.916  43.040 0.2000000030
3245  13.344  -72.936  43.115 0.8000000119
3246  10.800  -72.525  42.598 0.8000000119
3249  25.502  -72.461  41.480 0.3000000119
3250  23.553  -72.477  41.240 0.3000000119
3252  21.109  -72.057  41.420 0.5000000000
3271  21.119  -71.731  39.839 0.5000000000
3275  12.244  -72.696  39.718 0.6999999881
3281  13.002  -72.775  38.081 0.8000000119
3285  16.291  -72.525  37.930 0.8000000119
3294  12.848  -72.072  36.776 0.3000000119
3309  18.542  -72.538  34.404 0.6999999881
3310  17.970  -72.783  34.863 0.6999999881
3311  17.277  -72.949  35.264 0.8000000119
3314  36.758  -72.087  35.050 0.1000000015
3321  18.540  -72.842  33.690 0.8000000119
3330  36.166  -72.125  34.646 0.2000000030
3360  36.144  -72.854  30.024 0.2000000030
3373  36.229  -72.922  26.247 0.2000000030
3387  30.627  -72.482  25.561 0.4000000060
3389  28.786  -72.887  24.989 0.5000000000
3394  36.942  -73.434  23.885 0.1000000015
3397  29.961  -72.515  24.518 0.5000000000
3398  29.197  -72.777  24.323 0.5000000000
3413  35.915  -72.640  21.952 0.1000000015
3414  35.631  -72.216  21.578 0.1000000015
3442  24.843  -72.823  18.303 0.8000000119
3450  27.071  -72.202  17.450 0.5000000000
3457  32.390  -72.123  16.297 0.2000000030
3462  23.225  -72.618  16.247 0.8000000119
3465  16.649  -72.573  16.179 0.8999999762
3468  11.094  -72.376  16.241 0.1000000015
3496  33.286  -72.996  15.153 0.2000000030
3514  11.127  -72.474  12.282 0.1000000015
3521  19.486  -72.658  12.137 0.6999999881
3523  16.396  -72.493  11.435 0.8000000119
3557  15.903  -72.106  9.727 0.6999999881
3563  32.319  -72.268  8.425 0.1000000015
3580  30.491  -73.131  5.701 0.2000000030
3581  33.839  -72.840  6.641 0.1000000015
3582  32.989  -72.904  6.462 0.1000000015
3584  31.094  -73.072  5.674 0.3000000119
3592  28.658  -71.768  49.091 0.1000000015
3594  27.300  -72.099  47.992 0.3000000119
3596  28.265  -71.197  48.852 0.2000000030
3597  27.650  -71.510  48.383 0.1000000015
3599  27.492  -71.393  48.015 0.2000000030
3605  27.557  -71.244  46.044 0.2000000030
3606  14.128  -71.505  45.271 0.8000000119
3608  13.881  -71.422  45.477 0.8000000119
3613  13.893  -71.807  44.782 0.8000000119
3614  13.647  -71.734  44.870 0.8000000119
3622  27.966  -70.746  43.333 0.2000000030
3623  27.538  -71.256  42.718 0.2000000030
3625  14.484  -71.515  42.944 0.6999999881
3633  11.072  -71.108  41.798 0.8999999762
3636  27.129  -70.916  41.052 0.2000000030
3640  22.731  -71.053  40.440 0.4000000060
3642  15.277  -71.504  40.619 0.6999999881
3660  15.765  -72.156  39.353 0.6999999881
3661  13.514  -71.447  38.002 0.6000000238
3662  28.232  -71.885  37.382 0.1000000015
3665  17.000  -71.178  37.462 0.8000000119
3682  39.995  -72.015  35.447 0.1000000015
3683  39.974  -71.998  35.893 0.1000000015
3690  39.649  -72.070  35.450 0.1000000015
3692  22.702  -71.452  33.814 0.6000000238
3693  22.153  -71.439  33.377 0.6999999881
3702  38.688  -72.449  35.116 0.1000000015
3707  22.155  -71.949  32.695 0.8000000119
3738  38.573  -71.878  28.569 0.1000000015
3746  35.160  -71.703  26.339 0.2000000030
3748  33.435  -71.472  26.515 0.3000000119
3771  31.365  -71.155  24.224 0.4000000060
3795  36.381  -72.270  21.352 0.1000000015
3797  30.411  -71.522  21.250 0.5000000000
3806  30.344  -71.582  20.352 0.5000000000
3814  30.446  -71.577  19.496 0.6000000238
3824  30.688  -71.594  18.636 0.5000000000
3831  30.966  -71.692  17.937 0.4000000060
3834  25.873  -71.391  17.680 0.5000000000
3835  25.116  -71.530  17.550 0.6000000238
3851  18.202  -71.257  16.356 0.8999999762
3852  17.708  -71.546  16.440 0.8000000119
3880  27.557  -70.846  14.113 0.2000000030
3885  10.142  -71.063  13.600 0.1000000015
3893  28.090  -71.662  13.283 0.2000000030
3896  23.301  -72.401  12.758 0.6000000238
3909  31.376  -71.516  12.513 0.1000000015
3916  21.234  -71.531  12.419 0.6000000238
3921  11.693  -71.704  11.823 0.2000000030
3933  31.332  -71.575  11.140 0.1000000015
3940  15.995  -71.840  11.122 0.6000000238
3949  28.548  -70.752  9.720 0.1000000015
3956  30.631  -71.396  8.760 0.1000000015
3960  15.466  -71.387  9.470 0.6000000238
3967  29.283  -71.589  8.504 0.1000000015
3995  18.598  -70.862  50.793 0.1000000015
4003  28.490  -70.667  48.778 0.1000000015
4010  28.072  -69.848  46.641 0.2000000030
4011  27.758  -70.545  47.001 0.2000000030
4019  13.867  -71.100  45.930 0.6999999881
4026  14.771  -70.913  43.956 0.6999999881
4038  14.765  -71.093  42.118 0.6999999881
4053  21.749  -70.165  39.493 0.4000000060
4054  12.866  -70.379  39.507 0.6999999881
4055  12.350  -70.224  40.271 0.8000000119
4058  24.777  -69.575  38.877 0.3000000119
4067  22.110  -69.937  38.064 0.5000000000
4073  17.926  -70.288  36.703 0.6000000238
4080  39.699  -71.327  36.242 0.1000000015
4083  22.087  -70.188  34.427 0.6999999881
4084  21.271  -70.381  34.485 0.6999999881
4086  19.872  -70.873  35.048 0.6000000238
4090  40.102  -71.572  35.766 0.1000000015
4095  20.989  -71.115  34.204 0.6999999881
4102  38.132  -72.057  35.604 0.1000000015
4150  33.008  -70.802  26.164 0.3000000119
4153  34.789  -70.696  25.556 0.3000000119
4156  32.578  -70.346  25.614 0.4000000060
4157  31.960  -70.721  25.326 0.4000000060
4164  34.564  -70.189  24.978 0.4000000060
4205  34.385  -70.659  21.624 0.1000000015
4216  30.851  -70.125  20.899 0.4000000060
4217  30.509  -70.824  20.660 0.4000000060
4235  33.250  -70.256  17.864 0.3000000119
4248  32.640  -70.803  17.517 0.2000000030
4251  26.356  -70.624  17.442 0.5000000000
4255  18.083  -70.787  16.700 0.8000000119
4269  26.606  -69.884  16.992 0.5000000000
4290  18.687  -70.719  15.597 0.8000000119
4292  15.136  -69.991  15.078 0.8999999762
4304  24.128  -71.753  13.967 0.6000000238
4326  24.054  -71.992  12.942 0.5000000000
4329  11.922  -70.915  12.223 0.3000000119
4341  27.443  -69.952  11.229 0.1000000015
4344  16.971  -70.261  11.992 0.6000000238
4349  27.745  -69.979  10.759 0.1000000015
4370  15.132  -71.065  9.586 0.6000000238
4371  22.844  -72.041  7.163 0.3000000119
4374  22.670  -71.913  6.417 0.3000000119
4385  14.910  -68.831  55.569 0.1000000015
4392  15.352  -69.187  54.986 0.1000000015
4406  20.189  -70.219  50.134 0.1000000015
4407  18.425  -70.347  50.245 0.2000000030
4409  21.318  -69.519  48.116 0.1000000015
4413  30.029  -68.832  48.894 0.1000000015
4415  19.216  -69.794  48.837 0.1000000015
4427  9.131  -69.281  47.642 0.6999999881
4440  9.625  -69.109  44.683 0.8000000119
4444  14.656  -69.224  45.123 0.6000000238
4447  9.678  -69.091  43.762 0.8000000119
4463  28.078  -69.463  40.926 0.1000000015
4481  25.919  -69.515  38.882 0.2000000030
4490  26.196  -68.796  38.782 0.1000000015
4501  21.978  -69.247  37.774 0.5000000000
4509  22.968  -69.492  36.518 0.5000000000
4516  22.756  -69.079  35.239 0.6000000238
4522  22.394  -69.374  34.758 0.6000000238
4530  39.873  -70.664  36.175 0.1000000015
4531  39.169  -70.827  36.305 0.1000000015
4532  38.178  -71.143  35.827 0.1000000015
4615  33.323  -69.598  24.393 0.4000000060
4630  33.359  -69.517  23.636 0.2000000030
4649  31.755  -69.626  21.991 0.3000000119
4690  34.956  -69.463  19.555 0.1000000015
4691  34.207  -69.551  19.668 0.1000000015
4692  32.837  -69.597  19.350 0.2000000030
4693  32.096  -69.716  19.733 0.2000000030
4716  25.990  -69.181  17.135 0.4000000060
4717  25.504  -69.454  17.324 0.5000000000
4718  25.026  -69.890  17.395 0.5000000000
4720  18.555  -69.342  17.285 0.8999999762
4736  19.697  -69.085  16.778 0.8000000119
4738  16.064  -69.152  15.687 0.8999999762
4756  19.623  -69.453  15.923 0.8000000119
4757  19.015  -70.025  15.139 0.8000000119
4758  15.566  -69.327  15.209 0.8999999762
4772  28.778  -69.159  13.929 0.1000000015
4778  18.891  -69.429  14.401 0.6999999881
4794  27.456  -68.956  12.376 0.1000000015
4797  18.480  -69.316  13.706 0.6999999881
4800  11.411  -68.848  12.367 0.6000000238
4801  9.994  -69.195  12.289 0.3000000119
4811  23.018  -72.204  9.320 0.4000000060
4823  16.365  -69.209  8.579 0.6000000238
4825  22.483  -71.182  6.372 0.3000000119
4834  14.448  -68.002  56.118 0.2000000030
4840  14.486  -68.368  55.712 0.1000000015
4841  13.872  -68.144  55.553 0.2000000030
4846  15.061  -68.754  55.749 0.1000000015
4859  15.537  -68.962  53.014 0.3000000119
4867  9.482  -68.685  50.447 0.6000000238
4875  8.985  -68.867  50.256 0.6000000238
4877  29.703  -68.722  48.784 0.1000000015
4882  11.305  -69.713  49.112 0.6000000238
4883  10.263  -69.564  49.191 0.6999999881
4886  29.993  -68.239  48.759 0.1000000015
4888  22.557  -69.090  47.192 0.1000000015
4889  22.132  -69.419  46.930 0.1000000015
4890  20.637  -69.487  47.076 0.1000000015
4893  12.184  -69.930  48.402 0.6999999881
4897  28.917  -68.151  47.884 0.1000000015
4898  23.149  -68.919  45.588 0.1000000015
4903  14.172  -68.745  46.240 0.6000000238
4904  13.752  -69.218  46.956 0.6000000238
4905  9.024  -69.001  46.048 0.6999999881
4917  28.638  -68.257  44.325 0.1000000015
4919  23.380  -68.818  44.850 0.1000000015
4925  15.296  -68.577  43.587 0.6999999881
4938  28.548  -68.321  41.727 0.1000000015
4939  15.750  -68.844  41.957 0.6999999881
4941  11.145  -68.752  41.613 0.8999999762
4945  27.815  -68.007  40.034 0.1000000015
4948  13.044  -68.257  39.972 0.6000000238
4952  26.695  -68.291  39.097 0.1000000015
4960  21.853  -68.364  38.367 0.5000000000
4961  16.695  -68.717  38.386 0.8000000119
4967  17.348  -68.523  37.432 0.5000000000
4968  17.003  -68.828  37.803 0.6000000238
4984  19.414  -68.687  35.450 0.6000000238
4988  22.319  -68.641  35.016 0.6000000238
5090  13.170  -67.960  21.813 1.0000000000
5107  11.656  -68.170  21.255 1.0000000000
5115  13.375  -68.339  20.256 1.0000000000
5125  11.918  -68.532  19.911 1.0000000000
5131  19.449  -68.168  17.869 0.8999999762
5132  18.919  -68.068  18.243 1.0000000000
5134  16.616  -68.049  17.869 1.0000000000
5137  13.096  -68.747  18.698 1.0000000000
5150  20.126  -68.022  17.167 0.8999999762
5153  18.176  -68.565  17.786 1.0000000000
5154  17.164  -68.538  17.422 1.0000000000
5156  12.594  -68.550  17.098 0.8999999762
5159  8.139  -68.149  16.873 0.1000000015
5174  23.868  -68.833  16.447 0.4000000060
5175  20.123  -68.296  16.784 0.8999999762
5176  15.523  -68.335  16.044 0.8999999762
5177  14.195  -68.230  15.934 0.8999999762
5196  14.776  -68.410  15.103 0.8999999762
5201  8.485  -66.992  15.610 0.1000000015
5214  22.672  -68.629  14.362 0.3000000119
5215  19.414  -68.042  14.731 0.5000000000
5216  13.599  -68.424  14.079 0.8000000119
5219  9.542  -67.647  12.842 0.5000000000
5234  16.891  -68.590  11.719 0.5000000000
5239  14.812  -68.729  10.141 0.6000000238
5248  16.230  -68.679  8.546 0.6000000238
5251  21.799  -69.724  6.685 0.4000000060
5265  13.207  -67.253  56.093 0.2000000030
5272  14.423  -67.337  56.274 0.2000000030
5273  13.428  -67.650  55.917 0.2000000030
5305  9.280  -68.136  50.963 0.6000000238
5310  12.069  -67.692  49.035 0.5000000000
5330  8.783  -68.623  47.645 0.6999999881
5340  13.983  -68.111  46.653 0.6000000238
5345  20.826  -67.967  45.327 0.2000000030
5355  28.613  -66.721  45.232 0.1000000015
5359  22.589  -68.323  44.461 0.1000000015
5362  14.884  -67.462  44.942 0.6000000238
5372  24.388  -68.395  43.577 0.1000000015
5386  24.344  -68.024  42.861 0.1000000015
5387  15.695  -67.560  42.435 0.6999999881
5390  9.804  -68.549  42.987 0.8999999762
5396  28.397  -67.378  41.241 0.1000000015
5397  16.053  -67.041  41.106 0.6000000238
5400  12.229  -67.676  41.411 0.8000000119
5405  28.071  -67.483  40.492 0.1000000015
5410  12.644  -67.939  40.710 0.6999999881
5424  17.084  -67.297  37.928 0.5000000000
5429  22.037  -67.338  37.405 0.5000000000
5436  22.133  -67.221  36.423 0.5000000000
5437  19.598  -66.276  36.012 0.5000000000
5440  14.068  -66.987  35.842 0.1000000015
5520  12.676  -67.049  23.892 1.0000000000
5523  10.652  -66.407  23.551 1.0000000000
5536  12.216  -67.495  23.334 1.0000000000
5538  10.855  -66.955  23.067 1.0000000000
5551  13.491  -67.450  22.486 0.8999999762
5561  14.633  -66.774  21.625 0.8999999762
5562  13.716  -67.821  21.301 1.0000000000
5570  11.294  -67.636  20.772 1.0000000000
5591  10.877  -66.221  18.435 0.6999999881
5606  19.951  -67.756  17.528 0.8999999762
5624  24.919  -67.534  15.829 0.3000000119
5625  24.513  -67.836  16.114 0.3000000119
5626  23.960  -68.086  16.161 0.3000000119
5627  20.187  -67.488  16.918 0.8000000119
5630  8.767  -66.617  15.969 0.3000000119
5644  23.514  -67.656  15.569 0.3000000119
5647  10.467  -66.980  14.158 0.6999999881
5664  22.577  -67.577  13.492 0.2000000030
5665  18.350  -67.279  13.761 0.5000000000
5670  16.390  -66.942  12.211 0.4000000060
5672  16.869  -67.749  11.982 0.4000000060
5674  14.818  -66.909  11.245 0.4000000060
5684  14.961  -67.586  9.637 0.5000000000
5685  26.364  -68.000  5.905 0.1000000015
5688  21.753  -67.515  7.790 0.2000000030
5691  18.263  -68.166  7.985 0.4000000060
5693  16.484  -68.019  8.451 0.5000000000
5712  13.982  -66.888  56.427 0.2000000030
5713  13.426  -66.785  56.260 0.2000000030
5721  12.145  -66.502  55.924 0.2000000030
5750  7.433  -66.159  53.162 0.4000000060
5752  21.791  -66.541  51.473 0.1000000015
5758  14.597  -65.784  51.796 0.4000000060
5761  7.793  -66.917  52.243 0.4000000060
5770  18.152  -66.971  49.100 0.2000000030
5811  20.427  -66.943  45.111 0.2000000030
5829  13.038  -65.897  43.980 0.8999999762
5834  28.507  -66.121  43.172 0.1000000015
5840  13.104  -65.922  42.992 0.8000000119
5848  21.517  -66.154  42.789 0.2000000030
5850  15.797  -66.711  42.490 0.6000000238
5855  28.248  -66.491  41.449 0.1000000015
5857  26.925  -66.556  40.928 0.1000000015
5869  26.545  -66.810  39.995 0.1000000015
5870  25.242  -66.262  40.230 0.1000000015
5871  16.329  -66.389  40.351 0.6000000238
5875  25.430  -66.726  38.838 0.1000000015
5879  7.476  -66.543  38.984 0.2000000030
5882  23.338  -66.179  38.622 0.3000000119
5886  14.148  -66.286  37.886 0.2000000030
5888  7.901  -66.495  37.960 0.2000000030
5898  21.904  -66.775  35.984 0.5000000000
5903  21.396  -66.498  35.847 0.5000000000
5904  20.864  -66.634  35.568 0.5000000000
6024  10.529  -66.458  22.466 1.0000000000
6032  15.297  -66.235  21.424 0.8999999762
6039  16.975  -65.764  20.377 0.8999999762
6042  10.513  -65.624  20.256 0.6999999881
6048  18.159  -65.690  19.710 0.8999999762
6064  19.165  -66.174  18.934 0.8000000119
6085  8.849  -65.700  17.395 0.4000000060
6109  25.095  -66.322  15.209 0.1000000015
6118  23.016  -66.942  14.139 0.1000000015
6119  17.468  -66.345  14.642 0.5000000000
6120  16.580  -66.216  13.910 0.4000000060
6121  24.225  -65.915  13.937 0.1000000015
6124  18.166  -66.803  14.038 0.4000000060
6131  15.548  -66.051  12.450 0.4000000060
6137  14.756  -66.427  11.128 0.4000000060
6141  16.143  -65.607  10.122 0.4000000060
6143  14.720  -66.524  10.868 0.4000000060
6144  28.257  -67.147  6.185 0.1000000015
6150  15.608  -66.247  9.767 0.4000000060
6156  19.667  -66.817  8.834 0.2000000030
6157  18.675  -67.134  8.649 0.2000000030
6177  12.689  -66.138  56.205 0.2000000030
6185  11.837  -65.869  56.085 0.2000000030
6203  7.462  -65.814  53.839 0.4000000060
6218  7.304  -65.819  53.280 0.5000000000
6219  24.486  -65.160  51.967 0.1000000015
6261  14.007  -65.112  48.762 0.4000000060
6289  15.351  -65.415  46.097 0.5000000000
6290  14.768  -65.798  46.601 0.5000000000
6291  12.628  -65.295  46.285 0.6999999881
6326  27.593  -65.470  42.412 0.1000000015
6342  20.786  -65.585  42.415 0.2000000030
6351  27.448  -65.926  41.695 0.1000000015
6353  24.099  -65.802  40.644 0.1000000015
6373  7.444  -66.397  40.325 0.3000000119
6379  23.560  -65.475  39.411 0.3000000119
6381  21.757  -65.394  39.721 0.3000000119
6387  7.531  -66.692  39.597 0.3000000119
6392  22.238  -65.873  38.903 0.4000000060
6396  16.834  -65.717  39.155 0.4000000060
6398  7.911  -66.083  37.337 0.1000000015
6403  21.153  -65.708  37.612 0.4000000060
6406  18.372  -65.652  37.108 0.5000000000
6412  21.058  -65.665  36.725 0.5000000000
6413  20.373  -65.542  36.582 0.5000000000
6414  20.171  -65.854  36.123 0.5000000000
6456  8.536  -65.378  29.218 0.1000000015
6486  12.281  -64.654  26.155 1.0000000000
6487  11.542  -65.147  25.693 1.0000000000
6488  10.737  -64.899  25.771 1.0000000000
6489  8.075  -65.770  26.963 0.1000000015
6502  13.464  -65.339  25.408 1.0000000000
6520  14.976  -65.256  24.663 0.8999999762
6523  7.417  -64.847  24.277 0.5000000000
6542  7.698  -64.541  22.648 0.4000000060
6545  16.343  -64.462  21.245 0.8999999762
6546  15.830  -65.480  21.351 0.8999999762
6552  17.549  -64.870  20.426 0.8999999762
6568  8.589  -65.060  19.203 0.6999999881
6586  19.229  -65.667  18.495 0.8000000119
6588  8.095  -65.468  18.643 0.4000000060
6601  18.328  -65.189  17.182 0.5000000000
6602  8.630  -65.488  18.054 0.4000000060
6612  18.593  -65.704  16.504 0.6000000238
6613  17.547  -65.360  16.545 0.6000000238
6615  15.828  -65.239  16.438 0.6000000238
6628  25.026  -65.824  14.957 0.1000000015
6638  16.191  -66.038  14.455 0.5000000000
6639  15.466  -65.226  14.068 0.5000000000
6654  15.412  -65.328  11.568 0.4000000060
6659  25.681  -66.405  9.923 0.1000000015
6660  20.120  -65.175  10.052 0.2000000030
6665  14.880  -66.020  11.112 0.4000000060
6668  21.455  -65.262  9.166 0.2000000030
6678  21.783  -65.722  8.522 0.2000000030
6680  26.232  -66.897  6.017 0.1000000015
6716  10.897  -64.651  54.525 0.3000000119
6729  8.554  -65.046  54.133 0.3000000119
6756  22.716  -65.080  50.205 0.1000000015
6761  15.586  -64.832  49.923 0.4000000060
6762  14.869  -64.728  50.090 0.4000000060
6765  7.963  -65.471  51.908 0.5000000000
6786  16.299  -64.278  48.377 0.4000000060
6799  18.232  -64.491  47.039 0.2000000030
6805  11.645  -64.769  47.768 0.6999999881
6827  18.991  -64.372  45.591 0.2000000030
6830  15.840  -65.059  45.543 0.4000000060
6832  13.276  -64.816  45.657 0.8999999762
6845  19.299  -64.473  44.962 0.2000000030
6846  18.663  -63.794  44.264 0.2000000030
6848  16.422  -64.653  44.387 0.4000000060
6849  13.430  -64.100  44.462 0.8000000119
6863  7.581  -64.056  43.110 0.6999999881
6872  17.159  -63.935  42.338 0.3000000119
6874  13.256  -64.422  42.286 0.8999999762
6877  7.862  -64.279  43.284 0.6999999881
6885  13.318  -65.047  40.937 0.8000000119
6886  11.173  -64.471  41.443 0.6000000238
6889  7.845  -64.930  42.418 0.5000000000
6893  20.010  -64.911  39.819 0.4000000060
6906  19.486  -64.575  39.191 0.5000000000
6907  18.798  -64.294  39.002 0.5000000000
6908  17.553  -64.448  39.633 0.5000000000
6917  17.865  -65.000  38.245 0.5000000000
6924  19.213  -64.919  37.707 0.5000000000
7018  8.006  -64.706  27.724 0.1000000015
7029  11.276  -64.565  26.270 1.0000000000
7046  15.312  -64.484  25.077 0.8999999762
7047  14.780  -64.299  25.720 0.8999999762
7049  13.024  -64.894  25.849 0.8999999762
7064  15.491  -64.221  24.509 0.8999999762
7070  15.440  -64.164  23.936 0.8999999762
7074  7.933  -64.099  23.151 0.6000000238
7081  7.940  -64.187  22.635 0.6000000238
7092  17.794  -64.226  20.126 0.8000000119
7104  18.652  -64.844  18.846 0.8000000119
7120  13.555  -64.334  18.128 0.5000000000
7130  14.556  -64.885  17.377 0.5000000000
7132  12.094  -64.347  17.508 0.4000000060
7142  12.806  -65.264  16.001 0.5000000000
7151  15.145  -64.876  15.050 0.5000000000
7153  12.965  -64.830  15.469 0.5000000000
7167  22.012  -63.678  14.959 0.1000000015
7179  22.633  -63.784  13.224 0.1000000015
7180  21.676  -64.011  13.148 0.2000000030
7181  20.632  -64.085  13.476 0.2000000030
7182  19.538  -64.127  13.176 0.2000000030
7186  15.693  -63.922  13.344 0.5000000000
7198  18.626  -64.795  12.015 0.2000000030
7200  16.502  -64.220  11.877 0.3000000119
7214  20.128  -64.743  11.052 0.2000000030
7216  18.018  -64.994  11.495 0.2000000030
7218  15.938  -64.610  11.753 0.4000000060
7219  15.760  -64.654  12.091 0.4000000060
7226  22.418  -64.314  10.142 0.2000000030
7230  18.552  -65.213  10.850 0.2000000030
7238  24.141  -63.889  9.114 0.1000000015
7240  22.760  -64.770  8.627 0.2000000030
7244  25.735  -64.939  7.299 0.1000000015
7331  11.305  -63.028  49.411 0.6000000238
7350  17.116  -63.859  46.645 0.3000000119
7359  17.510  -63.774  46.023 0.3000000119
7372  18.239  -63.812  45.688 0.2000000030
7389  13.391  -63.252  44.890 0.8999999762
7402  7.697  -63.841  43.427 0.6999999881
7406  18.001  -63.707  41.921 0.4000000060
7409  12.628  -63.811  42.267 0.8000000119
7413  7.354  -63.701  42.883 0.6000000238
7416  13.088  -64.519  41.172 0.8000000119
7431  7.889  -63.708  39.237 0.1000000015
7542  14.714  -62.746  27.046 0.8999999762
7563  12.745  -64.055  26.635 0.8999999762
7593  8.672  -63.561  25.109 1.0000000000
7596  14.974  -63.697  23.419 0.8000000119
7604  13.649  -62.891  21.972 0.6000000238
7614  16.715  -63.083  20.451 0.8000000119
7627  16.730  -63.012  19.780 0.8000000119
7628  15.874  -62.740  19.664 0.8000000119
7646  15.226  -63.355  18.885 0.6000000238
7651  8.352  -63.221  18.063 0.4000000060
7656  21.152  -63.148  17.377 0.1000000015
7657  20.328  -63.086  17.421 0.2000000030
7660  9.340  -63.396  16.469 0.3000000119
7668  22.224  -63.286  16.437 0.1000000015
7681  19.905  -63.607  15.647 0.2000000030
7682  18.064  -62.985  15.010 0.2000000030
7686  13.544  -63.961  15.239 0.4000000060
7689  10.569  -63.756  15.013 0.3000000119
7696  22.813  -63.472  14.907 0.1000000015
7701  15.829  -63.216  13.837 0.4000000060
7709  23.420  -63.520  13.237 0.1000000015
7713  16.142  -63.157  13.283 0.4000000060
7799  10.449  -62.109  53.112 0.1000000015
7855  12.277  -61.743  48.529 0.6000000238
7863  13.513  -62.349  46.865 0.8000000119
7870  13.637  -62.575  46.145 0.8000000119
7897  7.982  -63.638  43.674 0.6999999881
8014  12.761  -61.783  29.224 0.8999999762
8015  8.216  -63.060  29.629 0.3000000119
8031  11.172  -62.474  28.274 1.0000000000
8032  10.058  -62.176  28.296 1.0000000000
8042  14.693  -61.921  27.539 0.8999999762
8043  14.211  -62.441  27.854 0.8999999762
8057  15.187  -62.663  26.216 0.8999999762
8058  8.661  -62.699  27.003 0.8999999762
8071  12.720  -62.498  24.126 0.6999999881
8079  11.011  -61.781  23.120 0.6000000238
8082  11.654  -62.034  22.628 0.6000000238
8086  13.267  -62.081  21.271 0.6000000238
8099  15.327  -62.445  20.267 0.6999999881
8103  10.393  -62.006  20.231 0.5000000000
8124  7.490  -62.158  19.114 0.3000000119
8133  20.067  -62.507  18.040 0.1000000015
8149  21.909  -63.023  17.153 0.1000000015
8151  17.074  -61.777  17.086 0.2000000030
8152  16.448  -62.072  16.274 0.2000000030
8311  10.362  -62.319  49.873 0.6999999881
8361  13.153  -61.430  45.629 0.8000000119
8367  12.905  -61.778  44.970 0.8999999762
8372  6.545  -61.087  43.372 0.6999999881
8388  6.790  -61.965  42.058 0.4000000060
8491  14.182  -60.852  29.358 0.8999999762
8492  13.674  -61.459  29.281 0.8999999762
8510  10.797  -61.859  28.744 1.0000000000
8522  14.615  -61.214  28.082 0.8999999762
8523  8.516  -62.264  28.091 0.8999999762
8539  14.462  -61.582  26.045 0.8999999762
8545  11.297  -61.718  24.568 0.5000000000
8558  10.276  -61.225  22.693 0.6000000238
8588  7.336  -61.310  19.570 0.2000000030
8593  20.285  -61.299  18.385 0.1000000015
8606  18.823  -61.616  18.291 0.1000000015
8608  15.602  -60.991  17.368 0.1000000015
8622  9.559  -62.257  15.403 0.3000000119
8623  8.881  -62.127  16.384 0.3000000119
8738  10.253  -60.451  51.808 0.2000000030
8753  7.001  -61.553  49.881 0.4000000060
8796  9.421  -60.066  45.585 0.6000000238
8803  12.701  -60.944  45.209 0.8999999762
8810  10.746  -60.223  43.387 1.0000000000
8813  5.731  -60.414  43.456 0.5000000000
8845  6.672  -60.397  40.865 0.3000000119
8908  13.317  -59.945  31.289 0.8999999762
8909  12.593  -60.142  31.227 0.8999999762
8911  7.593  -60.715  31.529 0.3000000119
8923  10.917  -60.356  29.930 0.8999999762
8930  14.417  -60.117  29.510 0.6999999881
8936  8.755  -60.037  28.738 1.0000000000
8946  7.530  -60.255  28.693 0.8999999762
8958  7.633  -59.770  28.612 1.0000000000
8968  13.954  -60.450  27.296 0.4000000060
8978  11.795  -60.558  26.157 0.4000000060
8980  9.549  -59.492  25.639 0.4000000060
8985  17.645  -60.536  24.583 0.1000000015
8988  8.770  -59.506  25.118 0.4000000060
8989  7.672  -59.050  23.693 0.3000000119
8994  16.677  -60.455  23.581 0.1000000015
8996  7.711  -59.631  23.798 0.3000000119
8999  19.007  -60.357  22.661 0.1000000015
9000  18.078  -60.500  22.775 0.1000000015
9005  7.646  -59.313  23.448 0.3000000119
9010  16.697  -60.223  22.061 0.1000000015
9011  7.879  -60.201  21.017 0.3000000119
9031  19.049  -60.236  18.520 0.1000000015
9033  8.700  -60.396  17.645 0.2000000030
9044  15.160  -60.198  17.485 0.1000000015
9047  9.598  -60.315  16.978 0.2000000030
9184  17.272  -59.606  53.028 0.1000000015
9185  16.285  -59.810  52.855 0.1000000015
9208  11.213  -58.455  50.775 0.2000000030
9248  10.529  -59.701  45.223 0.6000000238
9270  9.464  -59.187  43.051 0.8000000119
9272  5.762  -60.222  44.338 0.6999999881
9281  9.956  -59.850  42.930 1.0000000000
9358  11.949  -59.061  32.288 0.8999999762
9369  11.677  -59.704  31.522 0.8999999762
9381  11.047  -59.958  30.686 0.8999999762
9384  6.934  -59.209  30.211 0.6000000238
9390  9.294  -59.547  29.283 1.0000000000
9392  6.935  -59.503  29.004 0.8999999762
9412  12.661  -58.488  27.423 0.3000000119
9422  16.722  -59.462  26.888 0.1000000015
9426  10.679  -58.492  26.501 0.2000000030
9430  19.458  -60.055  25.232 0.1000000015
9434  15.566  -59.403  25.632 0.1000000015
9443  20.718  -59.575  24.084 0.1000000015
9446  15.595  -59.782  24.662 0.2000000030
9448  13.504  -58.833  24.662 0.2000000030
9457  20.780  -59.649  23.208 0.1000000015
9462  7.709  -58.404  23.586 0.3000000119
9467  20.831  -59.337  22.371 0.1000000015
9472  7.708  -58.673  23.009 0.3000000119
9501  9.100  -57.775  21.387 0.2000000030
9533  18.605  -59.449  18.240 0.1000000015
9534  17.742  -59.638  18.378 0.1000000015
9552  14.743  -59.506  16.855 0.1000000015
9567  13.985  -59.663  16.100 0.1000000015
9568  13.405  -59.681  15.269 0.1000000015
9579  13.787  -59.130  15.003 0.1000000015
9740  17.260  -58.549  52.077 0.1000000015
9757  16.332  -58.266  49.922 0.1000000015
9758  15.836  -58.244  49.065 0.1000000015
9759  13.960  -58.808  49.335 0.2000000030
9764  8.941  -58.805  49.282 0.3000000119
9777  8.003  -58.890  48.589 0.4000000060
9788  14.001  -58.199  47.747 0.2000000030
9810  9.127  -58.568  44.570 0.6999999881
9821  9.304  -58.382  43.805 0.6999999881
9822  9.118  -57.818  44.090 0.6999999881
9831  6.582  -58.895  44.403 0.8999999762
9850  4.828  -58.816  44.026 0.6999999881
9869  6.746  -58.986  40.362 0.2000000030
9945  7.345  -58.327  28.929 1.0000000000
9946  6.476  -58.170  29.317 1.0000000000
9954  17.186  -57.837  28.613 0.2000000030
9981  14.065  -58.152  26.965 0.1000000015
9984  10.885  -57.838  26.307 0.4000000060
9992  13.316  -58.210  25.649 0.2000000030
9993  11.990  -57.640  26.038 0.2000000030
9996  9.583  -57.901  25.300 0.4000000060
10001  20.498  -59.242  24.756 0.1000000015
10005  8.697  -57.991  24.577 0.4000000060
10006  8.012  -58.442  24.090 0.4000000060
10020  9.112  -57.158  22.397 0.3000000119
10022  7.643  -57.663  23.148 0.3000000119
10083  16.237  -58.772  17.302 0.1000000015
10114  14.174  -58.572  14.895 0.1000000015
10313  17.678  -57.792  51.718 0.1000000015
10342  10.703  -57.365  48.859 0.4000000060
10351  14.390  -57.731  47.231 0.2000000030
10363  14.374  -57.168  46.678 0.2000000030
10400  4.942  -58.236  44.401 0.8000000119
10431  7.752  -57.140  40.669 0.1000000015
10463  5.988  -57.288  36.432 0.1000000015
10493  5.793  -56.831  34.645 0.1000000015
10503  12.342  -57.216  32.423 0.8999999762
10504  11.556  -57.436  32.503 0.8999999762
10505  10.533  -57.571  32.412 0.8999999762
10508  6.192  -56.842  32.462 0.6999999881
10542  5.828  -56.867  29.743 0.8999999762
10575  22.147  -57.865  23.498 0.1000000015
10879  16.376  -56.629  48.748 0.1000000015
10905  14.790  -56.742  46.294 0.2000000030
10910  9.602  -55.912  47.049 0.6000000238
10920  15.206  -56.172  45.942 0.2000000030
10921  14.467  -56.243  45.763 0.4000000060
10923  12.666  -55.597  46.273 0.5000000000
10924  9.184  -56.125  45.459 0.6000000238
10949  5.406  -56.327  44.210 0.8000000119
10981  4.703  -55.813  42.051 0.6999999881
11035  6.035  -56.819  36.601 0.1000000015
11081  9.633  -57.028  31.748 0.8999999762
11088  11.279  -56.423  31.492 0.8999999762
11090  9.414  -56.800  30.992 0.8999999762
11091  5.507  -56.332  31.054 0.6999999881
11096  28.178  -54.622  30.683 0.1000000015
11109  8.033  -56.204  29.672 0.8999999762
11110  6.701  -56.379  29.348 1.0000000000
11111  6.093  -56.706  29.365 1.0000000000
11504  13.655  -54.907  44.744 0.4000000060
11524  5.623  -55.528  43.953 0.8999999762
11542  5.147  -55.211  43.384 0.8000000119
11553  10.500  -55.830  41.191 0.1000000015
11565  9.120  -55.573  40.566 0.1000000015
11568  5.217  -55.871  39.727 0.3000000119
11601  5.859  -56.220  36.576 0.1000000015
11615  5.467  -56.081  36.192 0.1000000015
11640  5.285  -55.215  34.542 0.6000000238
11665  11.580  -55.917  30.750 0.8999999762
11667  9.929  -56.442  30.848 0.8999999762
11675  28.281  -54.902  30.484 0.1000000015
11690  28.303  -54.871  30.421 0.1000000015
12080  15.540  -54.387  45.370 0.3000000119
12083  10.185  -54.515  45.311 0.6000000238
12094  14.272  -54.644  44.276 0.4000000060
12097  10.466  -53.883  44.847 0.6999999881
12114  14.528  -54.174  43.790 0.5000000000
12119  9.471  -54.166  43.892 0.6999999881
12121  6.882  -54.651  43.418 0.8999999762
12135  8.789  -54.337  43.414 0.6999999881
12155  4.946  -54.261  41.729 0.6000000238
12165  13.224  -54.358  40.347 0.1000000015
12181  13.140  -54.152  39.458 0.1000000015
12188  5.377  -54.631  38.502 0.5000000000
12189  4.723  -54.168  39.166 0.5000000000
12197  11.915  -54.486  38.179 0.1000000015
12211  10.285  -54.058  36.751 0.3000000119
12284  28.451  -54.559  30.395 0.1000000015
12294  11.105  -54.485  29.851 0.8999999762
12296  5.781  -54.398  29.905 0.8999999762
12304  23.963  -54.180  29.636 0.1000000015
12305  15.304  -54.692  29.748 0.3000000119
12320  29.203  -53.997  29.242 0.1000000015
12321  25.052  -53.518  29.018 0.1000000015
12345  9.037  -54.447  25.503 0.4000000060
12369  15.359  -55.847  22.787 0.2000000030
12370  14.539  -55.346  22.811 0.2000000030
12776  12.700  -53.121  42.469 0.6999999881
12777  11.080  -53.121  43.080 0.8000000119
12790  13.548  -52.695  41.925 0.6000000238
12812  10.183  -53.086  40.816 0.8000000119
12833  6.139  -52.087  39.371 0.8000000119
12849  6.537  -52.613  37.415 0.6000000238
12859  9.256  -53.854  36.613 0.5000000000
12860  8.291  -53.328  36.619 0.5000000000
12925  5.651  -53.349  31.127 0.8999999762
12951  28.953  -53.470  29.867 0.1000000015
12990  29.915  -53.985  25.414 0.1000000015
13003  7.811  -53.583  25.514 0.5000000000
13389  15.012  -51.387  45.811 0.1000000015
13413  15.408  -52.112  43.871 0.4000000060
13430  14.749  -52.215  42.273 0.5000000000
13439  14.786  -51.463  42.246 0.4000000060
13451  12.240  -52.039  40.612 0.6999999881
13479  8.040  -51.138  38.084 0.8000000119
13481  6.379  -52.040  38.016 0.6000000238
13504  5.632  -52.266  35.763 0.1000000015
13506  4.687  -52.316  35.187 0.3000000119
13560  10.563  -52.326  29.965 0.8999999762
13580  12.284  -52.418  29.077 0.6000000238
14044  15.140  -50.805  44.432 0.4000000060
14072  14.307  -50.905  41.635 0.6000000238
14092  12.168  -50.146  39.898 0.6999999881
14103  11.038  -49.251  38.653 0.6999999881
14107  7.805  -51.099  37.220 0.8000000119
14108  7.316  -51.544  37.128 0.6000000238
14133  9.081  -51.406  35.788 0.6999999881
14140  4.987  -51.886  35.421 0.2000000030
14163  27.862  -51.251  31.872 0.3000000119
14164  27.527  -51.504  32.575 0.2000000030
14181  11.210  -50.544  32.267 0.1000000015
14197  10.722  -51.875  29.736 0.8999999762
14220  11.612  -52.035  29.010 0.6999999881
14263  27.489  -51.729  24.894 0.1000000015
14625  15.834  -50.371  46.261 0.1000000015
14633  16.073  -49.929  45.597 0.4000000060
14641  16.810  -49.916  45.406 0.1000000015
14642  15.793  -49.718  44.937 0.2000000030
14669  17.071  -48.838  44.010 0.1000000015
14671  14.702  -49.529  42.361 0.5000000000
14685  14.323  -49.460  41.532 0.5000000000
14696  20.983  -50.313  40.246 0.1000000015
14712  10.927  -48.927  37.584 0.8000000119
14847  30.216  -50.585  24.024 0.2000000030
15197  16.550  -49.307  44.783 0.2000000030
15246  19.263  -48.679  40.918 0.1000000015
15255  21.293  -49.433  39.707 0.1000000015
15275  13.768  -48.898  36.793 0.6999999881
15371  31.546  -49.040  25.452 0.4000000060
15404  31.153  -48.274  24.222 0.6000000238
15755  16.671  -48.913  44.411 0.1000000015
15768  16.880  -48.491  44.025 0.2000000030
15769  16.485  -48.463  44.006 0.2000000030
15795  18.922  -47.595  41.856 0.1000000015
15807  20.213  -47.501  40.370 0.1000000015
15809  15.946  -48.246  40.560 0.4000000060
15848  28.816  -47.997  34.004 0.6000000238
15855  29.125  -48.274  33.373 0.6000000238
15857  9.917  -47.866  33.892 0.4000000060
15862  5.391  -48.044  32.722 0.8000000119
15975  30.589  -48.052  24.069 0.3000000119
16395  16.152  -47.680  42.933 0.5000000000
16410  18.707  -46.833  42.505 0.3000000119
16422  16.421  -47.239  41.280 0.4000000060
16426  22.424  -46.761  39.334 0.2000000030
16515  31.842  -47.354  27.207 0.6999999881
17015  19.314  -45.543  42.241 0.3000000119
17017  17.746  -46.171  42.142 0.3000000119
17025  18.391  -45.457  41.158 0.3000000119
17038  18.022  -46.190  40.264 0.4000000060
17097  24.278  -46.257  27.566 0.2000000030
17109  13.071  -45.949  28.004 0.8999999762
17624  20.685  -43.835  41.808 0.3000000119
17625  19.719  -44.424  41.736 0.3000000119
17669  28.375  -45.729  34.398 0.8000000119
17676  29.919  -44.932  33.723 0.8000000119
17688  31.091  -45.017  29.416 0.8999999762
17693  31.523  -45.056  28.548 0.6999999881
18289  30.852  -44.738  32.108 0.8999999762
18315  27.957  -44.137  26.064 0.5000000000
18316  27.250  -44.359  26.251 0.6000000238
19613  31.048  -42.310  32.069 1.0000000000
19614  30.747  -42.296  32.918 0.8999999762
19640  30.607  -42.402  28.288 1.0000000000
19645  30.387  -42.612  27.618 0.6999999881
19653  29.715  -42.733  26.850 0.6999999881
19718  16.711  -42.560  22.104 0.1000000015
20285  24.934  -43.357  31.996 0.5000000000
20338  26.508  -41.198  26.998 0.6000000238
20972  30.626  -41.015  29.251 0.8999999762
20974  29.399  -40.164  27.985 0.6999999881
21531  30.004  -39.770  32.632 0.6999999881
21550  30.495  -39.863  31.909 0.6000000238
21574  30.609  -39.763  31.286 0.6999999881
21623  26.930  -39.081  27.392 0.6999999881
22149  28.206  -39.099  33.196 0.6000000238
22170  29.437  -38.693  32.477 0.6000000238
22174  25.828  -38.862  31.945 0.5000000000
22181  17.413  -39.667  31.820 0.1000000015
22196  30.268  -38.255  31.581 0.6999999881
22337  16.227  -38.657  19.690 0.1000000015
22793  28.406  -38.209  32.871 0.6000000238
22807  28.965  -37.455  32.245 0.6999999881
23411  25.246  -35.851  32.370 0.4000000060
23414  22.340  -36.449  31.765 0.1000000015
23441  29.027  -35.734  31.113 0.6000000238
24108  27.254  -35.556  32.204 0.5000000000
24111  24.044  -35.221  32.379 0.4000000060
24155  27.532  -35.553  29.696 0.5000000000
24884  25.909  -33.672  30.861 0.4000000060
24899  26.345  -34.428  29.593 0.4000000060
24962  15.361  -34.740  21.494 0.1000000015
25587  24.937  -33.621  31.761 0.4000000060
25588  24.261  -33.740  32.104 0.3000000119
25596  24.508  -33.204  31.409 0.3000000119
25613  24.683  -33.033  30.558 0.3000000119
25627  25.206  -33.621  29.536 0.3000000119
26288  22.113  -32.919  32.128 0.3000000119
88935  15.029  -79.999  23.640 0.1000000015
88937  14.705  -78.788  23.902 0.1000000015
88938  13.238  -78.872  24.390 0.3000000119
88941  16.520  -78.877  23.303 0.1000000015
88946  12.776  -78.317  24.158 0.2000000030
88948  23.271  -75.090  47.849 0.5000000000
88998  29.567  -54.053  24.265 0.1000000015
89020  8.759  -66.155  35.816 0.1000000015
89038  13.180  -65.205  39.532 0.5000000000
89053  31.041  -44.158  25.313 0.8000000119
89063  32.137  -41.335  30.739 1.0000000000
89829  17.041  -78.194  26.522 0.4000000060
89870  13.528  -65.568  38.566 0.2000000030
89958  13.072  -78.983  24.770 0.3000000119
90208  28.391  -54.586  30.426 0.1000000015
90224  13.547  -78.676  25.636 0.3000000119
90260  15.018  -78.834  24.930 0.2000000030
90312  13.306  -66.293  36.156 0.1000000015
90445  25.926  -76.686  9.143 0.6999999881
90446  15.196  -51.289  43.630 0.4000000060
90504  13.460  -65.708  41.179 0.8000000119
90653  20.611  -75.801  13.135 1.0000000000
90668  19.497  -76.368  41.912 0.6000000238
90737  15.102  -50.372  43.664 0.4000000060
90786  12.396  -76.719  36.016 0.8999999762
90883  7.367  -59.888  30.789 0.5000000000
90927  11.964  -65.578  38.543 0.4000000060
91094  13.340  -65.286  40.139 0.6000000238
91133  13.535  -65.649  40.342 0.6000000238
91158  22.414  -42.810  40.672 0.1000000015
91226  12.100  -70.024  47.912 0.6999999881
91465  17.767  -76.088  30.705 1.0000000000
91496  22.909  -72.555  33.516 0.5000000000
91500  9.875  -61.741  43.041 1.0000000000
91515  15.453  -53.038  44.088 0.5000000000
91745  35.150  -72.371  6.935 0.1000000015
91885  13.198  -54.589  30.463 0.6999999881
91905  36.078  -74.356  32.774 0.1000000015
91971  22.150  -74.548  37.069 0.5000000000
91984  15.590  -81.753  34.383 0.8999999762
91990  27.939  -74.533  34.943 0.1000000015
92145  22.845  -56.336  23.935 0.1000000015
92304  32.822  -72.520  6.973 0.1000000015
92325  29.220  -40.982  33.603 0.5000000000
92454  20.836  -84.265  29.011 0.6000000238
92489  26.097  -77.353  31.732 0.6999999881
92522  9.981  -76.487  28.618 0.2000000030
92570  20.565  -69.717  48.646 0.1000000015
92625  11.387  -77.063  38.041 0.8999999762
92641  20.461  -77.974  17.331 0.8999999762
92709  18.749  -80.291  29.836 0.8999999762
92721  11.469  -80.060  29.192 0.5000000000
92731  16.006  -55.627  48.054 0.1000000015
92833  15.019  -66.805  9.786 0.5000000000
92935  24.954  -76.776  9.847 0.6999999881
92979  12.392  -66.282  35.049 0.1000000015
93089  17.862  -61.383  18.073 0.1000000015
93104  18.800  -71.243  35.780 0.6000000238
93121  14.978  -70.457  9.604 0.6000000238
93143  17.468  -66.118  19.825 0.8999999762
93222  24.206  -80.396  31.399 0.8999999762
93322  17.371  -73.861  14.632 0.8999999762
93323  22.612  -32.306  28.676 0.2000000030
93398  16.756  -73.088  9.840 0.6999999881
93477  24.149  -82.776  25.258 0.2000000030
93516  12.727  -63.626  47.597 0.6999999881
93542  27.527  -54.172  31.361 0.1000000015
93579  28.877  -81.211  14.266 0.1000000015
93635  21.087  -65.569  39.071 0.4000000060
93664  9.996  -75.680  27.928 0.1000000015
93706  15.907  -78.983  41.268 0.6999999881
93782  21.898  -74.832  31.923 0.8999999762
93838  28.483  -79.454  34.903 0.6999999881
93863  14.599  -65.248  51.148 0.4000000060
93884  22.163  -80.024  40.513 0.6999999881
93971  25.005  -78.996  30.587 0.8000000119
94119  12.134  -54.582  45.879 0.5000000000
94158  35.261  -78.713  16.506 1.0000000000
94282  18.216  -77.321  34.723 0.8999999762
94344  8.049  -60.023  21.900 0.3000000119
94386  23.814  -79.427  10.525 0.6999999881
94482  20.674  -80.261  40.188 0.8000000119
94530  19.815  -83.737  30.664 0.6000000238
94660  28.672  -44.232  34.368 0.8000000119
94832  18.232  -77.188  42.220 0.6000000238
94895  31.759  -77.596  36.388 0.6000000238
94955  18.025  -63.588  44.164 0.2000000030
94999  33.898  -69.589  23.877 0.3000000119
95032  24.420  -66.680  41.354 0.2000000030
95078  20.806  -67.309  35.273 0.5000000000
95119  20.121  -73.846  42.759 0.5000000000
95210  8.785  -57.269  40.869 0.1000000015
95249  31.876  -75.520  32.047 0.4000000060
95275  30.053  -79.488  23.045 0.6999999881
95283  18.604  -70.931  16.072 0.8999999762
95337  9.355  -59.298  19.508 0.1000000015
95343  23.919  -72.471  16.400 0.6999999881
95407  16.411  -67.104  51.144 0.3000000119
95408  15.784  -77.893  15.802 0.1000000015
95567  15.145  -67.909  11.080 0.4000000060
95584  13.377  -59.207  23.642 0.2000000030
95647  26.112  -83.336  25.794 0.5000000000
95680  16.486  -71.238  38.251 0.8000000119
95708  19.161  -65.464  17.671 0.6000000238
95740  20.914  -63.650  16.048 0.1000000015
95782  11.426  -54.969  40.269 0.1000000015
95784  15.239  -82.873  27.798 0.5000000000
95943  5.405  -47.938  31.321 0.8000000119
95975  31.412  -74.147  5.736 0.3000000119
96002  15.787  -82.506  30.603 0.6999999881
96038  15.683  -77.174  30.683 1.0000000000
96103  15.749  -69.212  41.229 0.6999999881
96124  17.986  -70.105  17.041 0.8999999762
96134  15.539  -68.021  43.013 0.6999999881
96285  14.636  -70.232  44.998 0.6000000238
96346  26.161  -76.087  13.729 0.8000000119
96369  28.143  -76.018  22.821 0.6000000238
96411  10.281  -77.685  34.441 0.8000000119
96437  35.555  -79.130  27.279 0.4000000060
96456  35.200  -72.862  26.562 0.2000000030
96507  10.747  -78.040  34.099 0.8000000119
96605  20.595  -78.171  29.890 1.0000000000
96795  28.561  -37.985  28.880 0.6999999881
96805  30.076  -72.509  25.232 0.5000000000
96938  17.559  -70.906  36.938 0.6000000238
96960  21.245  -75.241  34.877 0.8000000119
97056  23.022  -78.385  16.246 0.6999999881
97082  18.973  -72.926  32.919 0.8000000119
97165  37.599  -74.733  23.523 0.1000000015
97179  12.611  -66.190  44.888 0.6999999881
97194  22.371  -64.059  11.656 0.1000000015
97235  13.435  -58.414  48.881 0.1000000015
97277  32.326  -76.630  37.339 0.4000000060
97388  27.408  -71.643  44.779 0.2000000030
97450  19.103  -76.828  41.254 0.6999999881
97487  16.748  -77.667  36.776 0.8000000119
97551  7.415  -56.889  29.265 1.0000000000
97603  15.950  -79.767  15.664 0.2000000030
97612  24.026  -74.159  47.285 0.5000000000
97652  27.470  -75.357  24.818 0.8000000119
97723  23.679  -68.278  38.517 0.2000000030
97767  16.675  -72.830  36.471 0.8000000119
97814  35.254  -71.491  32.536 0.1000000015
97916  15.882  -65.774  15.050 0.5000000000
97948  11.141  -66.699  20.116 0.8000000119
97971  13.134  -53.658  43.430 0.8000000119
98064  15.239  -65.265  24.125 0.8999999762
98229  19.265  -76.550  39.904 0.6999999881
98327  19.947  -66.625  16.975 0.6999999881
98354  27.392  -42.818  26.485 0.6000000238
98356  23.478  -71.981  34.776 0.6000000238
98528  23.339  -77.965  10.130 0.8000000119
98566  34.369  -79.050  18.265 0.8000000119
98657  8.066  -66.673  53.091 0.4000000060
98811  16.999  -82.424  31.429 0.6999999881
98954  11.790  -46.104  25.134 0.8000000119
98977  16.824  -62.356  14.028 0.2000000030
99030  21.542  -78.928  42.313 0.5000000000
99035  37.191  -73.756  21.575 0.1000000015
99070  32.098  -77.222  14.905 0.6000000238
99080  22.944  -53.907  25.918 0.1000000015
99103  20.369  -65.555  43.033 0.3000000119
99358  21.168  -43.798  26.532 0.2000000030
99429  19.179  -64.196  44.434 0.2000000030
99490  25.657  -77.463  31.140 0.6999999881
99539  12.102  -60.792  15.009 0.1000000015
99560  15.402  -79.522  38.741 1.0000000000
99631  30.895  -79.125  12.671 0.6000000238
99766  27.638  -65.070  43.349 0.1000000015
99775  9.864  -53.361  41.408 0.8000000119
99784  17.101  -64.642  11.555 0.2000000030
99797  8.180  -62.452  28.697 0.6000000238
99883  12.233  -55.743  46.844 0.5000000000
99885  14.542  -74.730  34.576 0.8999999762
99999  25.197  -80.173  10.464 0.6999999881
100007  25.060  -54.227  34.779 0.1000000015
100019  27.818  -79.383  33.774 0.8000000119
100026  11.966  -68.586  19.125 1.0000000000
100087  16.321  -65.041  42.302 0.4000000060
100099  5.845  -56.425  31.892 0.6999999881
100100  11.723  -69.681  46.709 0.6999999881
100177  19.296  -76.419  36.890 0.8000000119
100305  22.867  -78.021  35.201 0.8999999762
100371  32.536  -68.754  46.332 0.1000000015
100397  14.058  -75.258  13.071 0.4000000060
100405  11.294  -67.004  19.277 0.6999999881
100463  25.630  -44.201  27.060 0.3000000119
100495  13.623  -58.089  26.353 0.2000000030
100505  29.949  -78.092  9.424 0.8999999762
100577  21.451  -65.269  40.291 0.3000000119
100584  18.004  -78.773  42.023 0.6000000238
100629  16.400  -81.331  30.569 0.8000000119
100679  26.304  -74.663  36.954 0.2000000030
100681  22.836  -73.750  37.129 0.5000000000
100743  33.078  -69.481  22.950 0.2000000030
100786  8.912  -61.494  42.631 0.8999999762
100919  16.906  -47.880  43.586 0.4000000060
100987  7.515  -59.188  39.851 0.1000000015
101047  9.308  -55.985  46.375 0.6000000238
101065  20.334  -74.353  43.801 0.4000000060
101096  20.004  -76.311  29.352 1.0000000000
101138  11.735  -69.784  12.348 0.5000000000
101246  12.751  -61.602  20.493 0.5000000000
101247  29.794  -77.443  7.806 0.8000000119
101346  7.898  -63.752  27.489 0.3000000119
101355  11.373  -72.543  43.453 0.8000000119
101415  31.064  -70.900  14.421 0.1000000015
101477  23.102  -71.568  37.317 0.5000000000
101482  32.396  -79.632  13.574 0.5000000000
101498  21.042  -82.555  25.109 0.1000000015
101550  19.659  -77.267  45.060 0.5000000000
101574  19.232  -77.751  43.817 0.5000000000
101660  26.301  -75.445  45.189 0.3000000119
101663  20.554  -76.853  32.316 1.0000000000
101790  24.352  -83.462  30.398 0.6000000238
101862  11.839  -69.969  40.807 0.8999999762
101884  14.232  -64.800  50.382 0.4000000060
102054  27.156  -71.872  46.368 0.2000000030
102059  18.901  -77.078  44.526 0.5000000000
102074  21.442  -71.346  33.567 0.6999999881
102076  23.175  -74.482  47.768 0.5000000000
102084  30.075  -72.354  7.167 0.2000000030
102099  8.030  -65.767  54.289 0.3000000119
102226  27.199  -80.160  37.288 0.6999999881
102269  11.226  -61.519  29.129 1.0000000000
102396  24.945  -54.798  31.466 0.1000000015
102399  27.838  -52.704  23.973 0.1000000015
102433  28.310  -52.803  26.801 0.1000000015
102454  31.209  -43.868  26.361 0.8000000119
102463  32.793  -45.342  25.926 0.6000000238
102577  11.501  -66.074  34.181 0.1000000015
102626  31.852  -45.166  24.111 0.6999999881
102716  29.140  -53.079  23.518 0.1000000015
102873  15.697  -80.347  34.715 0.8999999762
102895  31.966  -76.603  29.190 0.4000000060
102903  18.349  -76.909  42.266 0.6000000238
102964  22.448  -74.208  17.761 0.8999999762
103051  8.133  -63.668  25.451 0.8000000119
103058  28.627  -68.517  43.568 0.1000000015
103155  22.856  -80.370  39.299 0.8000000119
103163  14.573  -58.998  29.560 0.6999999881
103232  31.513  -42.737  30.295 1.0000000000
103393  22.169  -72.851  16.252 0.8000000119
103429  4.561  -54.076  40.936 0.6000000238
103473  5.947  -55.173  38.495 0.3000000119
103553  10.803  -71.798  42.345 0.8000000119
103614  28.485  -75.858  12.557 0.6999999881
103653  27.106  -76.553  9.243 0.6999999881
103664  16.148  -73.262  36.174 0.8000000119
103681  17.483  -73.341  13.984 0.8999999762
103708  25.371  -54.802  34.176 0.1000000015
103829  27.199  -75.060  35.869 0.1000000015
103831  25.595  -66.792  40.983 0.1000000015
103875  30.804  -82.503  21.183 0.5000000000
103968  17.270  -62.538  14.433 0.2000000030
104053  27.049  -81.716  25.906 0.8000000119
104074  10.869  -72.429  41.542 1.0000000000
104081  32.093  -71.236  17.285 0.3000000119
104114  11.100  -48.040  24.290 0.4000000060
104171  7.940  -64.385  22.154 0.6000000238
104228  4.777  -53.820  35.605 0.1000000015
104347  16.562  -65.820  39.807 0.4000000060
104386  28.838  -71.160  49.074 0.1000000015
104387  23.379  -78.469  41.496 0.6000000238
104474  16.972  -82.703  35.954 0.8999999762
104495  5.833  -52.124  38.709 0.6999999881
104509  24.245  -73.005  41.646 0.3000000119
104560  20.709  -73.802  30.898 1.0000000000
104590  34.103  -77.509  28.770 0.4000000060
104604  15.264  -62.638  25.539 0.8999999762
104673  14.156  -36.426  22.571 0.3000000119
104690  14.020  -67.929  38.032 0.1000000015
104694  5.351  -52.784  38.699 0.6000000238
104778  5.886  -60.371  42.284 0.5000000000
104834  29.452  -79.452  31.415 0.8000000119
104952  24.259  -78.258  9.912 0.6999999881
104987  25.450  -75.060  38.207 0.4000000060
105141  10.706  -51.215  32.433 0.1000000015
105208  15.521  -63.051  25.080 0.8999999762
105263  30.036  -47.596  31.427 0.6000000238
105289  24.077  -65.521  39.633 0.2000000030
105292  19.582  -79.626  13.095 0.6000000238
105294  4.913  -56.451  41.195 0.2000000030
105308  11.947  -71.555  40.636 0.8999999762
105351  5.787  -59.555  44.631 0.8999999762
105405  24.496  -73.896  44.981 0.4000000060
105435  13.143  -75.340  37.812 0.8999999762
105482  17.522  -75.987  11.200 0.8999999762
105539  19.017  -78.105  32.794 0.8999999762
105547  30.556  -40.993  32.780 0.6999999881
105571  30.098  -74.286  43.513 0.1000000015
105580  15.495  -65.847  10.255 0.4000000060
105591  13.677  -64.942  50.750 0.3000000119
105619  12.268  -72.730  43.989 0.8000000119
105670  11.397  -53.036  42.601 0.6999999881
105760  33.399  -76.391  10.999 0.6000000238
105769  9.144  -63.690  25.388 1.0000000000
105818  8.349  -68.083  50.254 0.6999999881
105853  16.966  -81.413  36.417 0.8999999762
105885  5.714  -53.957  30.371 0.8999999762
105894  17.327  -73.058  9.637 0.6999999881
105914  17.597  -77.279  37.483 0.8000000119
105930  10.085  -77.516  34.188 0.6999999881
105965  7.927  -56.796  43.751 0.8999999762
106067  26.257  -74.077  47.856 0.3000000119
106085  14.081  -66.422  24.130 1.0000000000
106104  36.736  -79.999  17.670 1.0000000000
106136  29.670  -38.385  30.937 0.6000000238
106141  19.080  -79.847  28.808 0.8000000119
106177  15.806  -48.496  43.742 0.5000000000
106264  9.941  -77.071  33.129 0.4000000060
106440  16.025  -79.089  41.794 0.6999999881
106509  17.360  -74.494  14.401 0.8000000119
106513  7.177  -57.612  29.006 1.0000000000
106618  28.549  -75.544  27.274 0.6999999881
106653  31.603  -72.785  6.010 0.2000000030
106675  35.307  -71.418  16.455 0.1000000015
106743  18.837  -63.392  15.082 0.2000000030
106757  12.819  -56.086  31.591 0.6999999881
106825  24.069  -66.846  10.289 0.1000000015
106862  16.367  -77.767  26.681 0.4000000060
106904  28.634  -79.686  36.592 0.6000000238
106930  8.893  -56.951  30.646 0.8999999762
107028  26.603  -80.620  19.206 0.1000000015
107050  26.617  -64.536  13.656 0.1000000015
107094  13.140  -53.483  29.649 0.5000000000
107150  25.353  -65.785  11.122 0.1000000015
107183  21.083  -75.880  15.118 0.8999999762
107204  27.781  -52.620  24.110 0.1000000015
107210  21.387  -72.579  39.695 0.5000000000
107261  12.974  -53.400  42.991 0.6999999881
107330  17.779  -60.701  18.379 0.1000000015
107350  21.676  -74.909  37.394 0.6999999881
107368  31.954  -72.357  6.655 0.1000000015
107390  19.880  -64.902  41.080 0.4000000060
107435  19.561  -74.398  43.682 0.5000000000
107502  19.855  -65.991  9.308 0.2000000030
107531  30.995  -41.077  31.625 1.0000000000
107665  25.971  -76.133  14.368 0.8000000119
107726  19.818  -67.904  15.388 0.6000000238
107760  20.294  -79.838  41.108 0.8000000119
107787  21.327  -63.785  14.949 0.1000000015
107804  11.345  -67.510  22.759 1.0000000000
107806  30.580  -77.095  7.112 0.6999999881
107813  29.187  -82.324  26.951 1.0000000000
107821  27.510  -75.577  44.710 0.3000000119
107887  24.643  -53.563  29.149 0.1000000015
107904  31.242  -77.986  27.753 0.6000000238
107906  10.643  -53.955  29.786 0.8999999762
107919  21.432  -76.056  30.870 1.0000000000
107930  29.804  -76.383  8.094 0.6999999881
107933  12.396  -55.075  46.088 0.5000000000
107954  14.721  -67.922  10.131 0.6000000238
107992  17.259  -64.064  40.863 0.4000000060
108011  7.852  -59.798  23.326 0.3000000119
108045  12.188  -73.668  38.325 0.8000000119
108059  16.046  -65.292  10.640 0.3000000119
108100  15.757  -80.895  35.111 0.8999999762
108124  38.524  -71.888  21.588 0.1000000015
108134  22.494  -65.731  8.092 0.2000000030
108193  31.483  -75.671  19.828 0.6999999881
108196  11.895  -73.021  11.872 0.3000000119
108271  21.188  -31.274  29.045 0.1000000015
108309  8.324  -57.499  29.760 1.0000000000
108348  17.113  -82.527  32.240 0.8999999762
108461  18.599  -63.953  40.369 0.4000000060
108478  10.148  -77.701  33.896 0.6999999881
108572  12.252  -77.272  36.871 0.8999999762
108610  21.657  -75.271  31.565 1.0000000000
108622  24.462  -65.948  14.662 0.1000000015
108665  29.724  -78.163  10.106 0.8999999762
108684  26.832  -80.677  23.737 0.6000000238
108688  29.386  -75.031  42.041 0.2000000030
108738  13.224  -63.162  44.539 0.8000000119
108745  14.378  -74.332  39.802 0.8999999762
108758  15.001  -82.981  25.695 0.1000000015
108763  12.331  -79.700  27.718 0.3000000119
108863  10.178  -65.673  22.501 0.8000000119
108872  20.807  -77.703  30.653 1.0000000000
108915  33.540  -77.043  35.835 0.4000000060
108927  29.377  -71.989  48.850 0.1000000015
108951  27.529  -78.709  24.400 1.0000000000
108957  32.624  -74.246  35.048 0.2000000030
108972  34.592  -70.051  24.341 0.4000000060
109033  16.182  -36.785  19.556 0.1000000015
109071  25.384  -73.847  18.320 0.8999999762
109086  24.991  -73.694  47.022 0.4000000060
109104  8.606  -59.325  20.067 0.1000000015
109128  32.524  -74.305  14.405 0.3000000119
109166  12.829  -51.238  34.848 0.5000000000
109170  13.515  -69.840  47.052 0.6000000238
109187  27.994  -74.680  26.845 0.6999999881
109200  10.033  -62.652  14.691 0.3000000119
109216  31.660  -73.016  16.245 0.4000000060
109230  19.765  -83.509  29.096 0.4000000060
109233  32.667  -75.966  32.474 0.4000000060
109270  26.234  -73.496  47.701 0.4000000060
109296  13.161  -61.158  46.306 0.8000000119
109383  20.184  -69.468  34.971 0.6000000238
109437  24.927  -66.097  39.008 0.2000000030
