global_signal	global_signal_derivative1	global_signal_power2	global_signal_derivative1_power2	csf	csf_derivative1	csf_power2	csf_derivative1_power2	white_matter	white_matter_derivative1	white_matter_derivative1_power2	white_matter_power2	csf_wm	tcompcor	std_dvars	dvars	framewise_displacement	rmsd	t_comp_cor_00	t_comp_cor_01	t_comp_cor_02	t_comp_cor_03	t_comp_cor_04	t_comp_cor_05	c_comp_cor_00	c_comp_cor_01	c_comp_cor_02	c_comp_cor_03	c_comp_cor_04	c_comp_cor_05	c_comp_cor_06	w_comp_cor_00	w_comp_cor_01	w_comp_cor_02	w_comp_cor_03	w_comp_cor_04	w_comp_cor_05	w_comp_cor_06	w_comp_cor_07	w_comp_cor_08	w_comp_cor_09	w_comp_cor_10	w_comp_cor_11	w_comp_cor_12	w_comp_cor_13	w_comp_cor_14	w_comp_cor_15	w_comp_cor_16	w_comp_cor_17	w_comp_cor_18	w_comp_cor_19	w_comp_cor_20	w_comp_cor_21	w_comp_cor_22	w_comp_cor_23	w_comp_cor_24	w_comp_cor_25	w_comp_cor_26	w_comp_cor_27	w_comp_cor_28	w_comp_cor_29	w_comp_cor_30	w_comp_cor_31	w_comp_cor_32	w_comp_cor_33	a_comp_cor_00	a_comp_cor_01	a_comp_cor_02	a_comp_cor_03	a_comp_cor_04	a_comp_cor_05	a_comp_cor_06	a_comp_cor_07	a_comp_cor_08	a_comp_cor_09	a_comp_cor_10	a_comp_cor_11	a_comp_cor_12	a_comp_cor_13	a_comp_cor_14	a_comp_cor_15	a_comp_cor_16	a_comp_cor_17	a_comp_cor_18	a_comp_cor_19	a_comp_cor_20	a_comp_cor_21	a_comp_cor_22	a_comp_cor_23	a_comp_cor_24	a_comp_cor_25	a_comp_cor_26	a_comp_cor_27	a_comp_cor_28	a_comp_cor_29	a_comp_cor_30	edge_comp_00	edge_comp_01	edge_comp_02	edge_comp_03	edge_comp_04	edge_comp_05	edge_comp_06	edge_comp_07	edge_comp_08	edge_comp_09	edge_comp_10	edge_comp_11	edge_comp_12	edge_comp_13	edge_comp_14	edge_comp_15	edge_comp_16	edge_comp_17	edge_comp_18	edge_comp_19	edge_comp_20	edge_comp_21	edge_comp_22	edge_comp_23	cosine00	cosine01	cosine02	cosine03	cosine04	cosine05	trans_x	trans_x_derivative1	trans_x_derivative1_power2	trans_x_power2	trans_y	trans_y_derivative1	trans_y_derivative1_power2	trans_y_power2	trans_z	trans_z_derivative1	trans_z_power2	trans_z_derivative1_power2	rot_x	rot_x_derivative1	rot_x_derivative1_power2	rot_x_power2	rot_y	rot_y_derivative1	rot_y_power2	rot_y_derivative1_power2	rot_z	rot_z_derivative1	rot_z_derivative1_power2	rot_z_power2	motion_outlier00	motion_outlier01	motion_outlier02	motion_outlier03	motion_outlier04	motion_outlier05
2575.6983659298694	n/a	6634222.072253799	n/a	3200.941980467252	n/a	10246029.562317614	n/a	3055.175229125228	n/a	n/a	9334095.680660388	3132.309809388505	2320.113046006813	n/a	n/a	n/a	n/a	-0.0532444519	0.0318940365	-0.1043713249	0.1140458776	-0.1304505557	0.1011181515	-0.0811163187	0.0956922585	-0.033969656	-0.1060648822	0.0592293522	-0.0338544372	0.0690110029	0.0356533516	-0.0728615785	0.030216522	-0.0105589686	0.1991834031	-0.0804700907	0.0475780706	-0.1030982862	0.0813717911	-0.1283501573	0.0072417201	-0.1263637196	-0.0169528007	0.2458014695	-0.0599091232	0.0991901693	-0.0230654032	0.2180497205	-0.05995417	0.0997570481	-0.1677931631	0.0302468578	-0.0328484286	0.0603875762	-0.1016371153	0.0254499386	0.012571658	-0.0451618266	-0.0852478992	0.0595971829	-0.0214035094	0.0437619236	-0.0090258491	0.0009953338	-0.0340139932	0.0632394745	-0.0253784651	0.0192875113	-0.042901901	0.1603007639	0.101139326	-0.0621310387	0.1061772758	-0.1997662867	0.0328908462	-0.0715044496	0.003813342	-0.0058572282	0.1301865638	4.12007e-05	-0.0233753286	0.2191496899	-0.0299017847	0.0259722045	-0.0032671466	0.0126604776	-0.006052434	0.1956382205	-0.2151604746	0.1203797561	-0.0162838769	-0.0030754295	-0.0538142871	0.1038527745	0.0383839952	-0.0997602274	0.0252418889	-0.1340730941	0.0971687444	-0.0746669558	0.11424571	-0.1626769643	0.0153110015	-0.0657394016	0.0319103793	-0.1271712309	0.0877890817	-0.0625507496	0.0020709608	-0.0219538824	0.0792000201	-0.1337351061	0.0469967854	0.0764632789	-0.1410619196	0.0215247209	-0.0581442756	0.0069958772	-0.1102936612	0.0912851377	0.0912792721	0.0912694965	0.0912558111	0.0912382167	0.0912167139	-0.0870038514923834	n/a	n/a	0.0075696701745087	0.0139208023135921	n/a	n/a	0.0001937887370541	0.1487255795251485	n/a	0.0221192980050912	n/a	3.310818611075697e-05	n/a	n/a	1.0961519875445207e-09	-0.0046740048155491	n/a	2.184632101577618e-05	n/a	0.0009020822524713	n/a	n/a	8.137523902236941e-07	0.0	0.0	0.0	0.0	0.0	0.0
2575.682211594586	-0.0161543352833177	6634138.855124778	0.0002609625484458	3200.546819581576	-0.3951608856759776	10243499.94433374	0.156152125568223	3055.325842734495	0.1506136092671113	0.022684459296466	9335016.00528125	3132.406611146318	2320.5137063869147	0.048398	0.800003	0.0357148150622151	0.021698734145479	-0.0529614842	0.032517211	-0.1041468339	0.1145366469	-0.1276404923	0.0987859992	-0.0815227799	0.095387643	-0.0344784094	-0.1040638601	0.0625906417	-0.0329937119	0.0653804143	0.037611588	-0.0718239165	0.0299724017	-0.0099826328	0.1994460307	-0.0807902249	0.0468925136	-0.1044064555	0.0785313521	-0.1264912382	0.0067930849	-0.1259963634	-0.0155617895	0.2481621236	-0.0604620477	0.1011592163	-0.0226341993	0.2171915956	-0.0602347532	0.0998559822	-0.1676031509	0.0287037648	-0.0325648261	0.0582944567	-0.1018280674	0.0221757206	0.0120769333	-0.0470438277	-0.0844969079	0.0586756226	-0.0203908778	0.0422008318	-0.0093237099	0.0006960024	-0.0357846522	0.062304292	-0.0251024828	0.0194596767	-0.0442551516	0.1590291309	0.1010712407	-0.0599639127	0.1048012808	-0.2005407576	0.0326068163	-0.0704936428	0.0022555422	-0.0079763846	0.1317755864	-0.002447292	-0.0249016845	0.2204222192	-0.0286812525	0.0260443963	-0.0045769879	0.01481757	-0.0052382716	0.1965353973	-0.2165123433	0.1209960706	-0.0177914463	-0.0027750129	-0.0544788729	0.1005139993	0.0399937617	-0.1001720226	0.025984922	-0.1340779505	0.0974942243	-0.0738569099	0.1144336176	-0.161822455	0.0152251321	-0.0641694754	0.031366973	-0.1266494918	0.0846221181	-0.0626341013	0.0040039479	-0.0219774473	0.0779158899	-0.1368450594	0.0499799738	0.0767637197	-0.1401871017	0.0214313815	-0.0584699358	0.0096196603	-0.111110178	0.0912694965	0.0912167139	0.0911287655	0.0910056853	0.0908475206	0.0906543325	-0.086811163268976	0.0001926882234074	3.712875143990013e-08	0.0075361780681128	0.0252972577704042	0.0113764554568121	0.0001294237387608	0.0006399512507022	0.1491142946444767	0.0003887151193281	0.0222350728673198	1.5109944399433514e-07	2.295175650570704e-05	-1.0156429605049928e-05	1.0315306232233464e-10	5.267831266972654e-10	-0.0048150066292125	-0.0001410018136633	2.318428883936032e-05	1.988151145636808e-08	0.0012260631344562	0.0003239808819849	1.0496361189171373e-07	1.503230809672562e-06	0.0	0.0	0.0	0.0	0.0	0.0
2583.2209218131907	7.538710218604592	6673030.330893391	56.832151760093296	3217.721656846122	17.174837264546113	10353732.660936551	294.9750350636418	3056.4852336111244	1.159390876629459	1.3441872048116252	9342101.98328285	3137.0656072089014	2308.2836053378032	1.111613	18.374596	0.1375502766777838	0.06696941342841	0.1044592665	-0.0073512488	-0.0432074876	0.0557723346	-0.082390344	0.0640848906	-0.0164177785	0.0182193516	0.108867669	0.0326316278	-0.0623599105	-0.001724502	0.0079353689	0.0129109782	0.0876742992	0.0156535484	0.0204429086	0.0662989235	0.0505285474	-0.0720173838	-0.0138451982	-0.0320579992	-0.0471968302	-0.0084770119	0.0687993002	0.0261454279	0.0146968184	-0.1294988371	-0.0995282548	0.065500036	-0.0791635043	-0.1061004206	-0.0518939019	0.0385870462	-0.0480307255	0.052285002	-0.095929293	0.0163478676	0.0931127644	-0.0641608685	-0.0776305362	0.1606813613	-0.1150487292	0.0575739917	-0.1202804887	-0.0831669084	-0.0534340218	-0.0153752798	-0.0646428012	0.0614811228	0.0138072877	0.0574804162	-0.0319811895	0.1052460775	0.0266313329	-0.0518999501	-0.0033187656	0.1192389907	-0.0332535724	-0.0362259762	-0.0220932944	0.0729361444	0.0843214372	-0.0235563071	-0.1105668296	0.0097815814	-0.0454218823	-0.1373496361	-0.072938874	0.0709148797	-0.0129222301	0.0505106296	-0.0129955163	0.0118211931	0.0983354647	0.0394745425	0.0032263734	0.0478474942	-0.063641548	0.0031193393	-0.0823808097	0.0640227844	-0.0905417482	0.0044367695	-0.0688748194	0.1246544254	0.0713065309	-0.025864054	0.013785839	0.0171091355	0.0403509141	-0.0566338284	-0.0912130257	0.0289293086	-0.0506022402	0.0773565696	0.0437988179	-0.0331292991	-0.012683466	0.0555135353	-0.089350139	0.0026172646	0.0912382167	0.0910916402	0.0908475206	0.0905061192	0.0900678015	0.089533037	-0.0875814683608808	-0.0007703050919047	5.933699346144443e-07	0.0076705136002479	0.0070018040766512	-0.018295453693753	0.0003347236258602	4.902526032780936e-05	0.124421314484536	-0.0246929801599407	0.0154806634980598	0.0006097432691792	-0.0002942703931639	-0.0003172221496696	1.0062989224100656e-07	8.659506429283629e-08	-0.00412806668389	0.0006869399453225	1.704093454664258e-05	4.718864884796794e-07	0.0003543944748046	-0.0008716686596516	7.598062522188168e-07	1.2559544377202826e-07	0.0	0.0	0.0	0.0	0.0	0.0
2589.286644132025	6.065722318834105	6704405.325480483	36.79298724920219	3260.136783529644	42.415126683521976	10628491.847323012	1799.042971579218	3058.3712592563747	1.8860256452503563	3.5570927345420227	9353634.759445423	3139.947746763838	2348.537816879822	1.114178	18.416986	0.0981924511604633	0.0536029244187034	-0.0126838703	-0.0124327209	0.0777509031	0.1751669139	-0.0589227756	0.0138480684	0.0553011663	-0.032652228	0.0636053728	-0.0803675518	-0.0360738517	0.1418577297	0.0401491834	0.062395159	-0.0322418834	-0.0356466478	-0.0181403839	0.0711088429	-0.0617028117	0.0303641776	-0.0527316688	-0.0591099827	0.0504664043	-0.0166472938	0.1045349147	0.1387437682	-0.0849355529	-0.1566941094	-0.0667785071	-0.1009193659	-0.0010978405	-0.0228812008	-0.1089912831	-0.0277561054	-0.0169359304	-0.094197295	0.0577628589	0.1351895012	-0.0361596298	-0.0940687462	0.2007717562	-0.0236247	-0.0044945271	0.0023733402	-0.0520863525	-0.1225405927	0.0145169659	-0.0543331695	0.0387561827	-0.0015343728	-0.036010284	-0.0555531489	0.0977402259	0.0295224201	0.0908604811	-0.0184719506	0.0450072159	0.1884405337	0.0220837904	0.0440508147	-0.0658519116	0.0603950918	-0.092882686	0.069902216	-0.0272005529	0.0232150007	-0.1651025136	-0.0794980159	-0.1591921514	-0.0644014899	-0.0243797484	0.0769506774	-0.0910116623	0.0575183698	0.0696155271	-0.0581672882	0.0724338937	-0.0324981921	-0.040144477	0.0133018655	-0.1172940938	0.0009074987	-0.0799465173	0.009971403	-0.0387038492	-0.0236300528	-0.0417515035	0.1549498929	0.0576190294	-0.0001933089	0.0469819988	-0.0452997933	-0.1689237379	0.0368997812	-0.0781913399	0.0814130223	0.0394956386	0.0038801266	0.0806939078	0.0542309363	-0.0114979388	0.0354393444	0.0911913037	0.090904137	0.0904261954	0.0897584821	0.0889023983	0.0878597406	-0.0742528115051044	0.0133286568557763	0.000177653093579	0.0055134800164125	-0.0156699214616367	-0.0226717255382879	0.0005140071388834	0.0002455464386138	0.1241246917113869	-0.000296622773149	0.0154069390924468	8.798506955066049e-08	-0.0011940430243392	-0.0008997726311753	8.095907878121225e-07	1.4257387439731034e-06	-0.0039081572882575	0.0002199093956324	1.527369338976022e-05	4.83601422874513e-08	0.0002361675817474	-0.0001182268930572	1.3977598241958605e-08	5.577512666841486e-08	0.0	0.0	0.0	0.0	0.0	0.0
2584.5338597810533	-4.752784350971524	6679815.272354749	22.58895908683981	3228.1393814554976	-31.99740207414652	10420883.866103884	1023.833739494596	3060.101893512749	1.7306342563742874	2.9950949293361826	9364223.598680312	3137.2064629737365	2349.8184825337166	1.104243	18.252769	0.1953160707817188	0.0912968163417955	-0.0450305233	0.0664433158	-0.0427437938	0.0992515611	-0.051683408	-0.0493056244	-0.0511526634	-0.0167829066	-0.0902328562	-0.0234531053	-0.0223118417	0.0050394308	-0.0688431237	0.0642598112	0.069117177	0.0870191791	-0.0355797825	-0.0406907318	-0.0905923715	-0.0131968477	-0.0237988286	-0.0047665442	-0.0137659589	0.1194745858	0.0307759934	0.1347030133	-0.1353809107	0.0150279494	0.0301919782	-0.0294384437	-0.0168072883	-0.0184700068	-0.0280316374	-0.003024081	-0.0521145478	0.0774353125	-0.0217146376	0.0468763791	0.0852908541	-0.0419227932	-0.1164713175	-0.0009817385	-0.0251214833	0.0197649497	0.0297606112	0.0432872135	0.0225974863	-0.0464413658	-0.0403321117	0.0811532859	0.0759532978	-0.0116472345	0.0396240549	-0.0921866948	-0.0282040026	0.004238	-0.0211170927	0.0926129554	-0.0259814446	-0.0211373653	0.0570345439	-0.087470003	-0.1247066143	-0.0078941862	-0.0003835814	0.0206970551	0.0400078248	0.0020170441	0.0141040085	-0.0179491408	-0.0278313385	0.1321418584	-0.0600136305	-0.0764005129	0.0509243196	-0.0668108911	0.0537461128	0.0185325139	0.0283460789	-0.0179095763	-0.0678544899	0.0595700608	-0.0834025353	-0.0159508617	0.0403914184	0.0620748358	-0.0472699973	-0.0075632963	-0.0518204854	-0.0156101035	-0.032935496	-0.0381005145	0.0381857122	0.0389388473	-0.0529078815	0.0410523094	-0.0330990888	-0.0324303177	-0.0853943394	-0.0272535205	0.0335066758	-0.0689461505	0.0911287655	0.0906543325	0.0898654396	0.0887648233	0.0873563013	0.0856447597	-0.1268907995297894	-0.052637988024685	0.0027707577832868	0.0161012750053092	-0.0065479672493751	0.0091219542122616	8.32100486505972e-05	4.287587509888891e-05	0.1328844937664541	0.0087598020550671	0.0176582886835667	7.673413204395926e-05	-0.0006421378704006	0.0005519051539386	3.045992989439898e-07	4.123410446026178e-07	-0.0029662572615853	0.0009419000266722	8.798682141907521e-06	8.871756602450917e-07	-0.0007659537674359	-0.0010021213491833	1.0042471984889576e-06	5.866851738492487e-07	0.0	0.0	0.0	0.0	0.0	0.0
2582.151431714006	-2.3824280670473854	6667506.01630269	5.675963494655141	3227.66710864108	-0.4722728144174652	10417834.964203471	0.2230416112377936	3057.1275108665045	-2.9743826462445213	8.846952126280561	9346028.61769683	3133.039658307014	2309.886961411241	1.222316	20.204473	0.1952703970592108	0.1002708298929008	0.1179678551	0.0064858566	-0.0698318832	0.2263815912	-0.0542477226	-0.0273867269	-0.0436998924	-0.0595980482	0.0693976082	-0.003830948	-0.1070788989	-0.0973192545	-0.0846879279	0.0522773997	-0.0264488055	-0.110745267	0.0062286146	0.0194306293	-0.0950090537	-0.2079741844	-0.1179644451	0.0337634862	0.0051333088	0.0052400493	-0.0446938356	0.091855748	-0.0650787538	0.0704413725	0.0333010625	0.0968574053	0.0654389779	-0.1066214218	-0.0090928634	0.1532712368	-0.0610766582	-0.0343400371	-0.0320019266	0.0115844199	-0.1155781571	-0.0364936631	0.1298305985	-0.0378924113	0.0481508487	0.0799201655	0.0518643922	-0.0310455749	0.0691419196	-0.066425671	0.0092493233	-0.0286746803	-0.1067803531	-0.0683211001	-0.0433906871	0.0417185381	-0.1656511507	-0.0851795555	-0.0552996221	0.122483972	0.010523342	0.0491920918	-0.095710315	-0.12099274	-0.0720851432	-0.0855615603	-0.0167593847	-0.0535517567	0.0449501458	-0.0471439807	-0.1153121986	0.0693438159	-0.0056519811	0.0534608142	0.0717395458	0.1225316499	-0.0602053143	0.0942950841	-0.0060799234	-0.0189235342	0.0370907471	0.0155872629	-0.2260338929	0.1176999916	-0.063713464	-0.014514795	-0.0938629119	-0.0580484116	0.1757402116	-0.0082346913	-0.0385841726	0.0028719733	-0.068717118	-0.0316769278	0.0222129672	0.0640594234	-0.0524346882	-0.0371380326	-0.061694182	0.0447905689	-0.1082457709	0.1699038394	0.074963473	0.0166004989	0.0910506129	0.0903423981	0.0891661178	0.0875278662	0.0854361313	0.0829017503	-0.1474588716740612	-0.0205680721442717	0.0004230455917319	0.0217441188353872	0.0326215323135556	0.0391694995629307	0.0015342496960104	0.0010641643704843	0.2094843289287524	0.0765998351622983	0.0438836840667297	0.0058675347468912	-0.0008608050793451	-0.0002186672089445	4.7815348267577635e-08	7.409853846263239e-07	-0.0037250961854262	-0.0007588389238409	1.3876341590676823e-05	5.758365123360153e-07	-0.0009671074384447	-0.0002011536710088	4.046279936031654e-08	9.352967974950692e-07	0.0	0.0	0.0	0.0	0.0	0.0
2588.1334462582445	5.982014544238609	6698434.735640577	35.784498007482256	3241.35343998634	13.686331345259989	10506372.12291128	187.31566569224603	3057.687796376234	0.5602855097295105	0.3139198524128574	9349454.660108147	3135.7028109936005	2347.0069959434445	1.181261	19.52585	0.1475998307416887	0.0807194730827292	0.0056900361	-0.0187917549	0.0750690774	0.2164908221	0.0241433114	-0.0160925158	0.0328763733	-0.0697428811	0.0775758826	-0.0785368861	0.0576430812	0.0262846607	0.097038641	0.0367912836	-0.030849908	0.0850201854	0.0128454438	0.0499086075	-0.1545454462	-0.0874455009	-0.0599159623	-0.0966980286	0.0514883731	-0.0271984515	-0.0589211776	-0.0405429986	-0.0430509776	-0.0159545945	0.0018788128	-0.0045085705	0.0013849441	-0.0114611469	-0.0113985706	0.034874014	-0.1242625008	0.0456455288	0.0182600343	-0.0603080294	0.0597404534	-0.0730747491	0.0289292107	-0.1675136255	0.0354074024	-0.0081679184	-0.0772927031	0.0773999666	0.0518587198	-0.0395316928	0.0030594858	-0.0230951136	0.0916701236	-0.1460908816	0.0800446053	0.0250317311	0.0134637979	-0.0883124686	-0.0138225567	0.1018452319	-0.0272800168	-0.0180903951	-0.0850813	-0.0316787143	-0.0254985614	0.0522249577	-0.0062449621	-0.1474313512	-0.0636499184	0.0350485043	-0.0125725965	0.1089520979	-0.0816902633	-0.0761083326	-0.0397547633	-0.1034830743	-0.0301238825	-0.0076329141	-0.0032456294	0.0448795847	0.0248500485	0.0037584215	-0.1506832762	0.0428775104	-0.1095217282	0.0287635763	0.0558125347	0.0317827022	-0.0034886473	0.1709790797	0.0121041502	-0.0110906659	0.0713790628	-0.0101798486	-0.0784634077	-0.0053913532	-0.0379211849	-0.0327959704	0.0298617873	0.0078299009	-0.1349743038	0.0667512346	0.076260733	0.0801848851	0.0909568593	0.0899685475	0.0883293083	0.0860510014	0.0831501106	0.0796476241	-0.1291642737748475	0.0182945978992137	0.0003346923122939	0.0166834096197837	0.0058989518992262	-0.0267225804143294	0.0007140963040003	3.479763350938439e-05	0.1390942862927318	-0.0703900426360206	0.0193472204792844	0.0049547581023008	-0.0012538163886828	-0.0003930113093376	1.544578892673333e-07	1.572055536529578e-06	-0.0035328666428633	0.0001922295425628	1.2481146716256202e-05	3.6952197033941754e-08	-0.0010257187823866	-5.8611343941900105e-05	3.43528963867571e-09	1.0520990205406494e-06	0.0	0.0	0.0	0.0	0.0	0.0
2594.4979860331964	6.364539774951936	6731419.799530312	40.50736654694524	3227.219661033958	-14.133778952382272	10414946.740564134	199.7637074748041	3060.834816587483	3.147020211249128	9.903736210010504	9368709.774434133	3137.021950709566	2355.662870327852	1.237757	20.459703	0.1485280134696349	0.0861451239337065	-0.0025412505	0.1183855568	0.04855658	0.065137806	0.0395294487	-0.0564964252	-0.073922153	-0.0942855781	-0.047245562	0.0268931991	0.0301553423	-0.0110578025	0.0119889715	0.0707507071	0.0761237167	-0.0741528477	0.1120758686	0.0218891383	-0.0595984793	-0.0299201566	0.010494886	-0.0396906268	0.0209814065	-0.023167516	0.0150435101	-0.0526943206	0.0065468626	0.0266206464	-0.0090787893	0.1649592215	0.0013868133	-0.0477264758	-0.0177335368	0.1831316704	0.0348643558	-0.0241955745	-0.0740715847	-0.0366984346	0.059192165	-0.0156793634	0.0359893043	-0.0880578588	0.0428738451	0.0564312939	0.0691777037	0.0209010848	0.0068428808	-0.1159095729	-0.0832534973	-0.0206148324	-0.0520442666	0.058851957	0.0047191975	0.0010218337	0.0106258513	-0.0560887573	-0.0551946359	0.0055372344	-0.0594103052	0.0066777184	0.0483250143	-0.1116321198	0.1500766572	-0.1446783483	0.0188287613	-0.0122818284	-0.0376141331	-0.0536635391	0.0530498835	0.1676874848	-0.0041919482	0.0148278426	0.0193715004	0.0106989993	-0.0875163762	0.0885325645	-0.0050722385	0.0164557833	0.0267151467	0.0160231243	0.0247401625	0.0430096533	-0.108824326	-0.0441818743	-0.0703505733	0.0144431727	0.0310197355	0.011081542	-0.0152363795	0.0208640893	-0.0020446648	0.0816537843	0.1190974211	0.0747586798	-0.083073299	0.0622285943	-0.0964561146	-0.0133594287	-0.0005555634	0.080984454	0.197385952	0.1544048405	0.0908475206	0.089533037	0.0873563013	0.0843382767	0.0805080284	0.0759024438	-0.1332142867990313	-0.0040500130241838	1.6402605496058515e-05	0.0177460462073745	0.0010004012388122	-0.004898550660414	2.399579857264244e-05	1.0008026386169844e-06	0.0963485919420747	-0.0427456943506571	0.0092830511692204	0.0018271943855197	0.0001131544256232	0.001366970814306	1.8686092071644085e-06	1.28039240381163e-08	-0.0031290555905925	0.0004038110522707	9.79098888901818e-06	1.630633659360505e-07	-0.0008598255402758	0.0001658932421108	2.752056777803251e-08	7.392999597105714e-07	0.0	0.0	0.0	0.0	0.0	0.0
2592.669971407889	-1.8280146253073328	6721937.580640185	3.341637470337508	3237.4618163313603	10.242155297402403	10481159.01220355	104.90174513610816	3057.0851725010784	-3.7496440864047145	14.059830774709846	9345769.751925947	3135.242450860206	2359.6276165019112	1.178767	19.484625	0.1628824626668746	0.1008786790188356	-0.048802702	0.0365031134	0.1265578083	-0.1067100596	0.0238792937	-0.0315311568	0.0151863077	-0.1016850337	-0.1168314603	0.0661164841	0.1076292276	0.0140260492	0.059184935	0.0655681416	-0.0267804309	0.0551601746	-0.0021166656	-0.0227468163	-0.0301860862	0.018693881	0.0313264367	0.0033980659	0.0351055282	-0.0981833824	0.0758333609	-0.0910229697	-0.0528510485	0.038802636	0.0709978176	-0.0388485473	0.0452729953	0.0418222299	-0.061503716	-0.0050264739	-0.0449631909	0.0821760474	0.004719444	-0.0639991704	-0.1255020452	0.1166767743	-0.1041730542	0.1057355848	0.0274008753	0.0459202976	6.48331e-05	0.0391579907	-0.0079914784	-0.0671984339	0.0478155352	0.0169676336	0.0505897288	0.0542655654	0.0357391093	-0.0579770213	0.0241937388	-0.0692852374	-0.0059074371	-0.0942913561	0.1168393047	0.0101550257	0.0325142333	-0.0637170595	0.0390777453	0.0385533725	0.1303565931	0.025122715	0.0126542884	0.024279062	-0.0331187981	-0.0332714449	0.0687460945	-0.0138403204	-0.0818208908	-0.0563567987	0.027154284	0.0657069292	-0.2036984712	-0.0269947425	0.0023491021	0.0134960145	0.0846674828	-0.0617595192	-0.0318004223	0.0785356334	-0.0179243763	0.0396116	-0.0122058291	0.0818288419	-0.0888555486	-0.0268812008	-0.0859872624	-0.091026781	-0.0322991128	-0.0303039301	0.0252459717	0.0259754531	-0.036483337	0.0195223406	-0.1203657214	-0.0040272724	0.0965580089	-0.0198535576	0.0907226157	0.089036165	0.0862485974	0.0823943867	0.0775211985	0.0716892996	-0.130789618916495	0.0024246678825363	5.879014340603129e-06	0.0171059244163219	-0.0067634060263372	-0.0077638072651494	6.0276703250386605e-05	4.574366107709436e-05	0.0113371289281758	-0.0850114630138988	0.000128530492334	0.0072269488437635	0.0010069322866381	0.0008937778610149	7.988388648403701e-07	1.013912629874233e-06	-0.0027508921476284	0.0003781634429641	7.567407607883591e-06	1.430075895944623e-07	-0.000778116354149	8.170918612680008e-05	6.676391097504058e-09	6.054650605941319e-07	0.0	0.0	0.0	0.0	0.0	0.0
2583.636234640748	-9.033736767140908	6675176.192948624	81.60839997799347	3271.90959233009	34.44777599872987	10705392.380381657	1186.6492712586694	3058.0821559414544	0.9969834403759704	0.9939759803839064	9351866.472487532	3138.8525598404253	2378.267041932843	1.238332	20.469212	0.2243607721640556	0.1508255039802873	-0.0453103891	0.0415824594	-0.0345804382	0.04217178	0.0104990721	-0.164708689	0.0818743313	-0.0738913438	-0.1440262547	0.077921551	-0.1286414552	-0.1163481381	0.0020707777	0.0664644843	0.1052827133	-0.0364903212	-0.082192409	-0.0541698972	-0.0251065337	0.0322260806	-0.021927456	0.0358927807	-0.0543778261	0.0124343419	0.0571432569	0.0242610134	0.1020270561	0.204549046	-0.0221096256	0.0609070277	-0.0702852428	0.0152093573	0.0452307611	-0.0564290012	-0.1422489845	0.0591005283	0.0250229828	0.090563387	-0.0306925073	-0.053981057	-0.0051358898	0.0965549388	0.1013415903	0.0756978695	0.0224249975	0.0096729657	-0.0161890176	-0.0192611498	-0.0321004756	0.1418212304	-0.0665333318	0.0071676386	0.0083510238	-0.0617139387	-0.0503773747	0.0500468484	0.0750846039	0.0152790186	0.0823000608	-0.1509117381	-0.1344392828	-0.0239028363	0.030625862	-0.0118255345	0.0292956871	0.0391391246	0.1745965402	0.0329184511	0.0080220641	0.0309448417	-0.060397042	-0.0450128148	-0.0439839567	-0.0685939668	-0.0587190423	0.1148332502	0.0786090769	-0.0495597093	0.0649534151	0.0105060271	-0.0106600887	0.0996621081	-0.0507778688	-0.0713722003	0.019135647	0.0219843744	-0.0016753047	-0.0084263325	0.0088863001	-0.0910906532	-0.0061928385	-0.2077575443	-0.0405377251	-0.0502174306	-0.0388767892	0.0171894128	-0.0227871955	0.0209749354	0.0245084779	0.077062185	0.0455954007	-0.0901034652	0.090582166	0.0884782721	0.0850079043	0.0802246594	0.0742024108	0.0670341672	-0.1494140683616365	-0.0186244494451415	0.0003468701171346	0.0223245638243757	0.0053708868916686	0.0121342929180058	0.0001472410646199	2.88464260030976e-05	0.1554758712742341	0.1441387423460583	0.0241727465484822	0.0207759770451033	0.0003193972470363	-0.0006875350396018	4.7270443068024884e-07	1.0201460141436727e-07	-0.0025401420163415	0.0002107501312868	6.452321463183462e-06	4.4415617837445486e-08	-0.0008690969323573	-9.098057820829998e-05	8.277465611116591e-09	7.553294778328692e-07	0.0	0.0	0.0	0.0	0.0	0.0
2576.6221571791807	-7.014077461567467	6638981.740866695	49.19728263686873	3225.7285077615747	-46.181084568515416	10405324.405785715	2132.6925719243727	3054.527569355409	-3.5545865860453887	12.635085797693812	9330138.671952264	3132.9156279868266	2335.819985778048	1.246336	20.601513	0.1889191047063277	0.0957508044579968	0.0230468438	0.0171950928	-0.1009548062	-0.0924980328	0.1046425002	-0.0178897161	-0.0324249449	0.0313854148	-0.0165586549	0.011713854	-0.0778359384	-0.1917381235	-0.117391686	0.0395880898	-0.0591333162	-0.0296791644	-0.0091417423	-0.0787149093	0.0136136151	-0.0396371737	0.0338643273	0.049684875	-0.0163528525	0.1621219279	0.0130037055	-0.0215605736	0.0408949878	-0.0050832264	-0.1056617639	-0.0532403329	0.0336113689	0.149936487	-0.0782618675	5.52913e-05	-0.0841062047	0.0300200644	0.0250725658	0.0649593182	0.0241497505	-0.0029677832	-0.0316365023	0.0570884736	-0.0029371236	-0.0399251514	-0.0553796583	-0.0813256913	0.0710374125	-0.0329865141	0.0502835782	-0.0117439577	-0.0332191687	-0.0648176128	-0.0755574711	-0.0655844219	-0.0912665607	0.0755446932	0.0409515834	-0.0098428258	-0.0427924827	-0.1209643753	0.0504345795	0.0019428727	-0.0220374788	0.0532213057	-0.0093831566	0.0991337681	-0.0502875972	0.0053172232	-0.0868254042	0.0387992453	-0.0311391999	0.0091442722	-0.1165368689	-0.0334177159	0.0159307838	-0.1308067932	-0.0155079311	0.059453069	0.1029001354	0.0548898366	0.0518363228	0.1446954073	0.0336879932	0.0391924459	0.0227862868	-0.1220802529	0.0028458455	-0.0638531625	0.0056551851	0.0105954578	-0.0369210869	-0.0614764904	0.1102012124	-0.0822060807	0.0687233771	-0.0560529469	0.0412902508	-0.1108039641	-0.0462722457	0.0007894472	-0.1024294667	-0.06286104	0.0904261954	0.0878597406	0.0836361352	0.0778350419	0.0705658771	0.0619657467	-0.1166949809750832	0.0327190873865533	0.0010705386794089	0.013617718584775	0.0132451039512346	0.0078742170595659	6.20032943011602e-05	0.000175432778679	0.1804852424623675	0.0250093711881334	0.0325749227466995	0.0006254686472258	0.0012279606576159	0.0009085634105796	8.25487471044035e-07	1.5078873766524737e-06	-0.0010981059925012	0.0014420360238403	1.2058367707670454e-06	2.079467894053143e-06	-0.0009848260793789	-0.0001157291470216	1.339323547034712e-08	9.698824066248157e-07	0.0	0.0	0.0	0.0	0.0	0.0
2575.571555065735	-1.0506021134456205	6633568.835263729	1.1037648007764045	3209.6039265825702	-16.124581179004508	10301557.365534252	260.0021181983064	3048.6592010310824	-5.868368324326639	34.437746789960244	9294322.924031476	3126.997817019199	2309.2586156786974	1.103764	18.244843	0.1366943757644982	0.0713051662823973	0.0954557637	-0.0574807362	-0.0589269421	0.0055877534	0.0550566176	0.0035676675	-0.0372815555	0.0062349062	0.0852169749	0.0334482037	0.0548920727	-0.0553464732	-0.0741366742	-0.0596897195	0.0584217058	0.0439140438	-0.0025844958	-0.106740763	0.0777847078	-0.1329998611	-0.0482350082	-0.0259899903	-0.0311257454	0.0746139272	-0.0654147737	-0.0320039655	-0.0067577164	-0.0358871559	-0.0563464777	0.0737533725	-0.0609262712	0.0419954509	-0.0469122659	-0.035744154	-0.0028647514	0.0202063194	-0.0211201276	0.0963798933	0.0268182957	-0.0375402957	-0.0616259892	-0.0416735121	-0.0423678462	-0.0527681294	-0.0211740683	0.1025618454	-0.0406549631	0.0555110971	-0.0684413784	0.0177807208	0.0362415648	-0.007284995	-0.1472288049	-0.0193574413	-0.0715175798	-0.050973476	-0.0056222146	0.0265018844	-0.0618821533	-0.0558524758	0.0225037383	0.0347758619	-0.0066528688	0.0419978723	-0.0946827299	-0.0341904401	0.0014267309	-0.1208698319	0.0467111386	-0.0252306927	-0.0625942861	0.0405908177	0.0121533068	-0.0506239614	0.0071863129	-0.0038230962	-0.0188410037	0.0076462671	0.0798257677	-0.0162833358	-0.0041175894	0.07542689	0.05293344	-0.0122223775	0.0496752628	0.0441519464	0.1096391566	-0.0676543622	0.0100661254	0.053092921	0.0047242763	0.0102804035	0.1102205142	-0.0253048317	-0.0428429951	-0.0440363451	-0.004380573	-0.0280211008	-0.0841461431	-0.0014664242	-0.0728469502	0.1173553223	0.0902547308	0.0871809944	0.0821354052	0.075232084	0.0666271694	0.0565152869	-0.1332750550184158	-0.0165800740433326	0.0002748988552823	0.0177622402901617	0.018998501783372	0.0057533978321374	3.3101586614843344e-05	0.0003609430700127	0.1187411266027993	-0.0617441158595682	0.014099455146902	0.0038123358432797	0.0010149611158855	-0.0002129995417304	4.536880477736044e-08	1.0301460667595392e-06	-0.0016931255558294	-0.0005950195633282	2.866674147802615e-06	3.540482807432819e-07	-0.0012291427349095	-0.0002443166555305	5.969062816965783e-08	1.5107918627808053e-06	0.0	0.0	0.0	0.0	0.0	0.0
2580.3364606028304	4.764905537095274	6658136.249916342	22.7043247774412	3230.337952034605	20.734025452034984	10435083.284355128	429.89981144563455	3045.0000162885235	-3.659184742558864	13.38963298017558	9272025.099197108	3127.93564453125	2319.219806745112	1.036436	17.131939	0.1668267411869103	0.0807259104790457	-0.0203887312	-0.077100869	0.0476388836	-0.0074529905	0.0533385817	0.0735440497	0.0511847277	0.0038939472	0.0839219197	-0.0516512207	0.102758618	0.0451167491	0.0746128662	-0.1207603753	-0.0647079496	-0.0530981446	0.089223954	-0.0301415936	-0.012913421	0.0220530614	-0.0329755032	-0.098969765	0.0535521122	0.0405957828	0.0404793565	-0.0460407459	-0.0288699424	0.0588315364	0.0687977612	-0.1097288549	-0.0836030502	0.040966333	-0.0268446283	0.0476262811	0.0117674352	-0.1458187001	0.0210551356	-0.0239173127	0.0129564635	0.0893225165	0.0040223984	0.1040982321	0.1140870599	0.0323256031	0.0168046987	-0.0105115211	0.0375549604	0.0592425656	-0.0177876625	-0.1467328	-0.0257399934	-0.0121817205	-0.0128986149	-0.0066473205	0.1224229576	-0.0217517653	0.0329310854	0.0784022961	0.0384714716	-0.0515025335	0.0096177009	-0.0176931359	-0.0121951511	0.027349489	-0.1055509913	-0.0428664189	-0.0453832544	0.1024177825	0.1326991218	-0.0409429543	0.0140714537	-0.0442939097	-0.0099233593	0.005965706	-0.010146004	-0.0278518037	-0.1313203931	-0.1405857816	0.0429992248	0.0036329226	0.0163531391	-0.0373393103	0.0987410721	-0.0078459538	-0.0421589824	-0.0538832331	0.0170673006	0.0942435079	0.0175852126	9.55683e-05	-0.0419156458	0.103317641	-0.0245174882	0.0119739794	0.0321334516	0.0432328798	0.0015474287	-0.0210972274	-0.0085268801	-0.0153661656	-0.0348413936	0.1481621548	0.0900678015	0.0864424987	0.0805080284	0.0724229201	0.062403154	0.0507163915	-0.0892423868223204	0.0440326681960954	0.0019388758684674	0.0079642036057446	0.0082631008120444	-0.0107354009713276	0.0001152488340151	6.827883503000882e-05	0.0706790413869669	-0.0480620852158324	0.0049955268913805	0.0023099640352939	0.0005476274307708	-0.0004673336851147	2.184007732428856e-07	2.998958029326273e-07	-0.0016596243044781	3.3501251351300033e-05	2.754352832014417e-06	1.1223338421029824e-09	-0.0004500459353024	0.000779096799607	6.069918231580256e-07	2.02541343882212e-07	0.0	0.0	0.0	0.0	0.0	0.0
2584.1226231311507	3.7861625283203466	6677689.731378219	14.33502669085712	3236.7820546904954	6.44410265589022	10476758.069566423	41.52645903965138	3048.6980485974645	3.6980323089410376	13.675442957971782	9294559.791521989	3127.309791857131	2353.1953254763107	0.931708	15.400816	0.0637694579139079	0.0320473078031516	-0.0586897562	0.0199124681	0.0406577224	-0.0141851984	0.0594936943	-0.0744286194	0.0417256361	-0.0612380508	-0.0378005407	-0.0457749796	0.0952234052	-0.0021964608	0.0051983615	-0.0793031816	0.0335013049	0.0827183919	0.071243978	-0.062316766	-0.0616455701	0.0133839339	0.0373098947	-0.0220110094	0.0950290504	-0.0160226577	-0.100238988	-0.0085598007	-0.0229123396	-0.0129872635	-0.0011891233	0.0073875497	-0.0632026281	-0.0139977965	-0.0075803233	0.0286428688	0.005835075	-0.0044157368	0.0074328085	-0.0958519731	-0.0543492198	0.0282837921	-0.1265365391	-0.0319200558	0.0346410862	0.063166247	0.0594203373	0.084370847	-0.1108455369	0.0464173495	-0.0694269959	-0.0460873442	0.094791168	-0.0274989122	-0.0215350144	-0.0594183993	0.0093616431	0.0026784212	0.022434131	-0.0432602049	0.0079830187	0.0468844222	0.0226905209	-0.0912976469	-0.0441558687	0.042324037	-0.0423031649	-0.0093540789	0.0129611124	-0.0738733508	0.1037782347	0.0395871628	0.0646406623	-0.0048009841	0.0557794386	-0.0388322779	0.0370904292	0.0616058586	-0.0312391356	-0.0291383048	0.06581711	-0.005226598	0.0488079921	0.0249005353	0.0292463409	-0.0091163592	0.1380508984	0.0063440319	-0.0408789336	0.0526410699	-0.0144078979	-0.0619821358	-0.0100276877	0.0278153233	0.0019295802	-0.0293662552	0.0378309341	0.0215840112	-0.0001532598	-0.0083523393	0.026110968	-0.0215429775	0.0092278635	0.0789897383	0.0898654396	0.0856447597	0.0787565141	0.06941525	0.0579119187	0.0446048127	-0.0842637126243346	0.0049786741979857	2.478719676968952e-05	0.0071003732652364	0.0072246448599457	-0.0010384559520986	1.0783907644492155e-06	5.219549335233983e-05	0.0892950328554604	0.0186159914684934	0.0079736028926577	0.000346555138355	0.0004889535068288	-5.867392394199992e-05	3.442629350751591e-09	2.390755318401814e-07	-0.001316703765873	0.0003429205386051	1.73370880706414e-06	1.175944957972119e-07	-0.0008311781986619	-0.0003811322633595	1.4526180217353528e-07	6.908571979308409e-07	0.0	0.0	0.0	0.0	0.0	0.0
2584.556513449456	0.4338903183052025	6679932.371214008	0.1882608083189899	3221.9205239886887	-14.861530701806714	10380771.862899547	220.8650948007436	3050.4969649051595	1.7989163076949808	3.236099882090943	9305531.73289559	3129.551446273479	2348.2665961099133	0.8220579999999998	13.588346	0.1112889788704725	0.0563475948096722	-0.0569998982	0.0464337571	0.0173135496	-0.0416936301	0.0632147424	-0.061908251	-0.0433983657	0.0011006669	-0.0855249737	-0.0138869206	0.0776551353	0.0108982401	-0.0286567852	-0.0352530608	0.0292971917	-0.1079646983	0.0526063174	-0.0484211634	-0.0190760097	0.0344728323	0.127949469	0.044078307	0.0282090254	-0.0554355153	-0.0034056754	0.0779268144	-0.0485497046	0.0124465346	-0.0302101169	0.0742809026	0.0272257226	-0.0100124322	-0.0807291906	0.0669967627	0.0284995576	0.0043767885	0.0480749308	-0.0396817404	-0.0365483235	0.0665581342	0.0098580377	-0.0629185976	-0.0058974178	-0.0098921726	-0.1031918504	-0.009430256	0.0451706842	0.0094645588	-0.0400579894	-0.0437484271	-0.0862239128	0.0735535886	-0.0013399559	-0.0844834614	0.0245097506	0.0061736217	0.0296268513	-0.0802845701	-0.020812248	0.0784778287	0.0031130251	-0.1264171165	0.0262193292	0.043790822	0.0548337627	0.0225525771	-0.0212511081	-0.0491958562	-0.0148355694	0.0537921189	-0.0534496872	0.0148366378	0.0098696199	0.1259360352	0.0221294252	0.0042528195	-0.0433588232	0.0222420767	0.0671188067	-0.0020844647	0.0862131495	-0.032725751	0.0071627665	-0.1187451471	0.0331068361	-0.0919673292	-0.0297780733	-0.0280073749	-0.000164798	-0.0328266531	0.0052119771	0.0113652677	0.0100834355	-0.0398978389	0.0316746706	-0.0543647691	-0.016789561	-0.0004983138	0.0244345349	0.0098050495	0.0684679977	-0.0260622864	0.0896476797	0.084788324	0.0768835629	0.0662173176	0.0531726956	0.0382182304	-0.0721281899969881	0.0121355226273465	0.0001472709094388	0.0052024757922416	-0.0100263858192164	-0.0172510306791621	0.0002975980594933	0.0001005284125957	0.0450202527652265	-0.0442747800902338	0.0020268231590448	0.0019602561520385	0.0004239970799753	-6.495642685350005e-05	4.219337389574102e-09	1.7977352382758096e-07	-0.0014742896957988	-0.0001575859299258	2.1735301071385183e-06	2.483332531057915e-08	-0.0013611887513572	-0.0005300105526952	2.809111859683773e-07	1.852834816821373e-06	0.0	0.0	0.0	0.0	0.0	0.0
2584.33218148434	-0.2243319651161073	6678772.824255606	0.0503248305728543	3219.2677114287767	-2.652812559912036	10363684.597847871	7.037414478027048	3052.680171662313	2.1832067571535845	4.76639174448107	9318856.230460249	3130.87767308012	2321.9458374488386	1.069526	17.678905	0.116647702949325	0.0590620550443845	0.1072440016	0.0160611404	0.0224151838	-0.0695717534	0.0189400658	-0.0248148094	-0.0514343779	-0.0118876019	0.074061688	0.0678671278	-0.0569812901	-0.026300137	-0.0253815512	0.0314670116	-0.0239441641	0.069985046	-0.0512846472	-0.075233804	0.0553359207	-0.072123153	0.0422147082	-0.0078224573	-0.0178989445	-0.0511479137	-0.0777880695	-0.0094078367	-0.0285885886	0.0040336256	0.0505088753	-0.0713491904	0.016280676	0.0074775808	-0.038634024	-0.0085560888	0.0426459886	-0.054492866	-0.0892351817	0.0379302791	0.0575198406	-0.047080377	-0.008086313	0.0106048332	-0.054924788	-0.0074163765	-0.0060273568	-0.0699195947	0.0343560691	-0.0076662253	0.0577219918	0.0315933117	0.0653675914	0.0139032755	-0.0872305565	-0.0362124669	-0.0727163026	-0.0449097711	0.0150382614	-0.0485938253	-0.0425034527	0.0922954971	-0.0712616448	0.0428887375	0.014559352	-0.0405615178	-0.0687099804	-0.0696130381	-0.0655386984	0.0206811569	-0.0426804255	-0.0803981801	0.0557775053	0.0607758994	-0.0209162638	-0.0382676597	-0.0299392562	-0.0597431707	-0.0351879837	-0.0605497316	0.0199145202	-0.0234403226	0.0552092811	-0.0545442017	0.0067935638	0.0704907394	0.0898500847	-0.0311996996	0.0526992054	-0.0773902804	-0.0109438306	0.0138284488	0.0033822798	0.0096562836	0.0656866092	0.0240400223	0.0075440449	-0.0108166071	-0.0170580951	0.0360741763	0.0493076102	-0.0558630668	-0.0549922849	0.0812323665	0.0894145591	0.0838737786	0.0748920628	0.0628378881	0.0482057789	0.0315960199	-0.0599816093128993	0.0121465806840887	0.000147539422315	0.0035977934557652	-0.0100655521600572	-3.916634084080023e-05	1.534002254857736e-09	0.0001013153402868	0.009849745664141	-0.0351705071010855	9.70174896482644e-05	0.0012369645697475	0.0007676365486375	0.0003436394686622	1.1808808442243917e-07	5.89265870804093e-07	-0.0011732386988398	0.0003010509969589	1.3764890444553072e-06	9.063170277000777e-08	-0.0006200502405122	0.0007411385108449	5.49286292257544e-07	3.844623007592371e-07	0.0	0.0	0.0	0.0	0.0	0.0
2579.687097434728	-4.645084049611796	6654785.520671212	21.576805827957923	3225.9082716491325	6.640560220355837	10406484.177094294	44.09704004017237	3051.6685800376845	-1.011591624628636	1.0233176150188033	9312681.122389218	3132.365483060796	2340.1054466226424	0.981903	16.230528	0.0584199626153096	0.0263614205921004	0.0614813089	-0.0759459395	0.0290239891	-0.0589417679	0.0275975925	-0.0825335738	0.0774544947	0.0532485949	0.0545069429	0.0993029832	-0.0469101615	-0.0048661482	-0.1015855922	0.0218785031	0.0718685952	-0.0776355728	-0.138414956	-0.0941086152	0.0989932905	-0.0104141371	-0.0100258519	-0.0061938844	0.0338839708	-0.1032532242	0.0477850325	0.0137802355	0.0418679499	0.0339848165	-0.0322079791	-0.0024253299	-0.0056288913	0.0048046759	0.0525265408	0.0425801272	-0.009717525	0.0667684245	-0.0163241095	-0.0201302452	0.1251153922	-0.1052546449	0.0635836543	-0.1090157466	-0.0299053744	-0.0458230012	0.0440182036	-0.0645266016	-0.0484113974	0.0420689521	0.0038431395	0.1398786032	-0.1019010128	0.0174855469	-0.0887037331	-0.0406340278	0.0481771771	-0.0776281291	0.0534066157	0.0040948427	0.0042515873	0.0667680849	-0.008749523	0.0247470809	0.0750362429	0.0641648868	0.0238413327	0.0375330196	0.0084362428	0.0301958317	0.0034647435	0.0799667078	-0.028572589	-0.0112535246	0.0209211755	-0.0001363377	-0.0647302311	-0.0389865577	0.0813235456	0.0922683343	0.0376445197	-0.0405170576	0.0566083776	-0.0857735397	0.0649958511	-0.0987405726	0.0423109014	0.0105925534	0.0823440659	-0.047842238	0.1101360832	-0.0006201168	0.0213308417	-0.0606214886	0.0261648414	0.0035904635	0.0023770246	-0.0344992452	-0.08405172	0.0072219869	0.0537284508	-0.0254140589	-0.035672653	0.0153290289	0.0891661178	0.0829017503	0.0727850846	0.0592862243	0.0430324377	0.0247790096	-0.0698103258689855	-0.0098287165560862	9.660366913988296e-05	0.0048734815979339	-0.0228437208906342	-0.012778168730577	0.000163281596107	0.0005218355841291	0.0097513572023046	-9.83884618363986e-05	9.50889672869378e-05	9.68028942253246e-09	0.0004731136083787	-0.0002945229402588	8.67437623386887e-08	2.2383648643311395e-07	-0.0009481939633251	0.0002250447355147	8.990717920861611e-07	5.064513298288133e-08	-0.0008147763420749	-0.0001947261015626	3.791825462980695e-08	6.638604876049545e-07	0.0	0.0	0.0	0.0	0.0	0.0
2572.8182921988846	-6.868805235843411	6619393.964673185	47.18048536794985	3249.605907229558	23.697635580425413	10559938.55230124	561.5779321026445	3049.771036534222	-1.897543503462657	3.600671347533335	9301103.37528302	3134.3728609125665	2338.6170643095825	1.172111	19.374598	0.0813519243880526	0.0413370560883021	-0.0558173739	-0.1613618788	0.020130266	-0.1899857199	0.0620563472	0.0044418375	0.1618008952	0.0853305107	0.005024257	0.0739259167	-0.0589826892	0.0529021031	-0.0158137092	0.0123250527	-0.0838739619	-0.0039794803	-0.1384449013	-0.1134777134	0.0848859373	0.0921255287	0.0466797704	-0.0812233472	-0.0026148922	-0.0590341291	0.1007309936	-0.0426474441	-0.0351469723	-0.0309632754	0.0590660366	-0.1150444478	0.0902692463	0.0287042063	0.0586163459	0.0630723294	0.0682895406	0.0207382026	-0.1021952916	0.0309977735	-0.0625281157	0.035548131	0.048662153	0.0404499201	-0.0865325107	-0.0436957322	0.010476542	-0.0172336127	-0.0152616784	0.0682737782	0.1568842626	0.0839861082	-0.0173850595	0.0286160212	-0.0521825353	-0.0853856754	0.157986611	-0.0620216061	0.0258334871	-0.0606050294	0.0580680294	-0.01674349	0.002731465	0.060935823	-0.0392912939	-0.033427242	0.0104126612	-0.0194710985	-0.1182531257	0.1844556902	-0.0509805035	-0.0159702459	0.0610077057	0.0709216103	0.0118560474	0.1034136737	0.0527973369	0.0273637146	-0.0371795814	0.1157721024	0.0331265792	-0.0241972871	0.0791278024	-0.1777017637	0.1781647396	0.0580858925	0.0246892544	-0.0138141499	-0.0496471496	0.0056315582	0.0712214016	-0.0524668574	0.0856608586	0.0205667646	0.0137165731	0.0192183381	0.073136069	0.0122930514	-0.0551527462	0.0335481836	-0.0224114207	0.0084880476	-0.0945072825	-0.0221251244	0.0889023983	0.0818729053	0.0705658771	0.0555720611	0.037674825	0.0178092284	-0.0482396989421403	0.0215706269268452	0.0004652919460171	0.0023270685540283	-0.0214507537085353	0.0013929671820989	1.940357570404551e-06	0.0004601348346642	-0.0088626586804139	-0.0186140158827185	7.854671888551584e-05	0.000346481587282	0.0003592944488863	-0.0001138191594924	1.2954801067556392e-08	1.2909250100051004e-07	-0.0004236749523349	0.0005245190109902	1.7950046523597978e-07	2.751201928901376e-07	-0.0009719244595201	-0.0001571481174452	2.4695530816570377e-08	9.446371550134384e-07	0.0	0.0	0.0	0.0	0.0	0.0
2572.051058128164	-0.7672340707204057	6615446.645618209	0.5886481192742046	3227.8971505194354	-21.708756710122543	10419320.01433149	471.27011789929054	3045.59044717426	-4.180589359961687	17.477327396624865	9275621.17191911	3126.500793327169	2345.129074772969	0.974287	16.104633	0.0519357018769906	0.0245761304126109	-0.0874997348	-0.0826852907	-0.0041858154	-0.0784901353	0.0728467354	0.0029303819	0.0856812671	0.1002534539	0.0125096544	-0.0196469949	0.0064506857	0.0756001401	-0.0609619998	-0.0853671371	0.086926986	0.0118878776	-0.0997249599	-0.1032589013	0.0421370971	0.0409303721	0.0496018815	-0.0578264202	0.0143139482	0.0123589752	0.0245599839	-0.005538923	-0.0259390024	-0.0863024341	-0.0611501079	-0.0301768443	-0.0368211367	-0.0203648375	0.0499758796	0.001385881	0.0657258873	-0.0179752371	-0.083513644	-0.054256305	-0.0658345237	0.023602677	-0.0184990412	-0.0097712528	-0.0361655004	-0.0380087965	0.0588037552	0.0068525018	-0.0364538919	0.1190076465	-0.0523339646	0.0784561121	-0.0080209265	-0.0084917171	-0.0274793269	-0.0798685614	0.0296779515	-0.0043455277	0.0579734312	-0.0822507232	-0.005269526	-0.0007583866	0.0333858502	0.0610936157	-0.0299628521	0.013920489	-0.077551745	0.0677450359	-0.0027898307	-0.0099736536	0.0359282474	-0.0890989117	-0.0148922187	0.0539750198	0.1250071847	-0.0050775072	0.0929868948	0.0015750337	-0.0314215819	0.041543296	0.0471961014	-0.0292193112	0.0558805858	-0.0789131679	0.1168159835	-0.0911282337	0.0647564401	0.0575014146	-0.0691544409	-0.0103538118	0.0507459506	-0.0241551375	0.0915094789	0.0252563392	0.0059814748	-0.0499691197	0.0379592321	-0.0316537304	-0.0196309156	0.0289700963	-0.0570119623	-0.0167910898	-0.0638027804	0.0505425395	0.0886234459	0.0807879487	0.0682378621	0.0517055788	0.0321558829	0.0107296473	-0.0505650955165606	-0.0023253965744202	5.4074692283256495e-06	0.0025568288845988	-0.0054154877071397	0.0160352660013956	0.0002571297557355	2.9327507106181207e-05	-0.0054359912407591	0.0034266674396547	2.9550000769609664e-05	1.1742049741990377e-05	0.0002698855071599	-8.940894172640001e-05	7.993958860634793e-09	7.283818697495645e-08	-0.0001841677959861	0.0002395071563487	3.391777707837775e-08	5.736367794228852e-08	-0.0012459757986753	-0.0002740513391552	7.510413649275845e-08	1.5524556908845518e-06	0.0	0.0	0.0	0.0	0.0	0.0
2573.021263555381	0.9702054272170244	6620438.42270813	0.9412985710013688	3207.738335732302	-20.15881478713345	10289585.23052664	406.3778136219503	3041.3973222042155	-4.193124970044664	17.582297014412067	9250097.671510972	3122.090722266664	2331.598691163631	0.97118	16.053282	0.088750963440525	0.0421204175625413	-0.0767757795	-0.013789768	-0.0591576822	-0.0924188261	0.0540904503	0.0263936092	-0.0560236435	0.1050962084	-0.0440815463	-0.0067300081	0.0416157618	0.1183380637	0.024004659	-0.1203358263	-0.1045962777	-0.0443157758	-0.0089656591	-0.0729839342	0.0551407959	0.0911701928	0.0444190888	0.0510363148	-0.0183288831	0.0592845315	0.0911519805	0.0154049346	-0.0550003334	0.0566243498	0.0104104688	0.007753694	0.0050538949	-0.0326413721	0.0361899969	-0.038867059	0.0406517371	0.077013237	0.0701009918	-0.0201043232	-0.0581215414	0.0496644938	0.0182283303	0.0761050031	0.0704540018	-0.1316636555	0.1171922339	0.0571198295	-0.0043340727	0.1150078658	0.0741280226	-0.0993404423	-0.0347851422	0.0898155163	-0.0062849218	-0.0706867644	0.0235408684	0.0358916956	0.0057766246	-0.034093239	0.0264232577	-0.0059842364	0.1227959769	0.0005423283	-0.0415420031	0.0115177771	0.0593122077	0.0771480051	0.118491458	0.0261055865	-0.0178653821	-0.1237283213	-0.0444534447	0.015612966	-0.0035416085	0.0012716405	-0.0634106547	0.0295256573	0.0116619093	-0.0168547954	0.0327589487	-0.0305957395	0.0549215925	-0.1172429849	0.1058124775	-0.0030456911	-0.0299957909	-0.0973325387	-0.0993352402	-0.0776479974	0.0223651351	-0.0669834027	0.0018538557	0.1173865207	0.0043066043	-0.0049263005	0.0499552843	-0.0189019975	-0.0159895379	0.0220478838	-0.0311385256	-0.0365772714	-0.0175670777	-0.1299340991	0.0883293083	0.0796476241	0.0658046293	0.047697375	0.0264992443	0.0035839144	-0.0394751224463334	0.0110899730702271	0.0001229875026983	0.001558285292153	-0.0055757057198775	-0.0001602180127377	2.566981160564975e-08	3.108849427467467e-05	-0.0161143660863842	-0.010678374845625	0.000259672794366	0.0001140276893436	-6.080222916169894e-05	-0.0003306877363215	1.0935437895350334e-07	3.696911071031753e-09	-0.000749975662867	-0.0005658078668809	5.62463494892796e-07	3.201385422243142e-07	-0.0008060234516391	0.0004399523470362	1.9355806766266092e-07	6.496738045922086e-07	0.0	0.0	0.0	0.0	0.0	0.0
2580.157815181553	7.136551626171695	6657214.3512424445	50.93036911301386	3222.65129622945	14.912960497148106	10385481.377089355	222.3963907894999	3045.9706677395875	4.573345535372027	20.915489385907257	9277937.308729948	3125.8892382033328	2316.712081000416	0.966418	15.974562	0.0803563594344156	0.0422767612581484	0.0239174151	0.051832618	-0.0721244533	-0.0293874433	0.037955898	-0.0054908239	-0.0634541251	0.0218708602	0.0244279075	0.0222865834	-0.1132471795	-0.0350955478	-0.002214134	-0.087914082	0.0449289499	0.0877485959	0.0528978039	-0.0628091585	0.0241403986	-0.0027557711	0.0552926746	0.0909915991	-0.0387603994	0.0617979657	0.0073041994	-0.0049904708	0.044483071	-0.0497521534	-0.0155925457	0.0086187716	-0.096250784	-0.0510399797	-0.0277978285	-0.0611916804	0.0525472422	-0.0207014134	-0.0190007362	0.0035503519	0.0823663212	0.0263232094	0.0377001437	-0.0005659789	-0.0128591109	-0.046771927	0.0305683251	-0.0104771623	0.0130622745	0.0661336801	-0.0744317663	-0.023675764	0.0947786935	0.0466890311	-0.0453738571	-0.0335899319	-0.0841321871	0.0708816518	0.0681294215	0.0097148275	-0.00952967	-0.0145798519	0.0225137735	0.0591342391	0.0586838518	-0.0490474335	-0.0743913374	-0.004095422	0.0393415264	-0.0502739994	0.0384304049	-0.0089457525	-0.0187122723	0.0447294698	-0.0129237199	0.0186510576	0.0452931133	-0.0594492241	0.0257700492	-0.0057936592	0.0355538363	-0.0499556198	0.011827077	-0.0335092544	0.0278267122	-0.0454538053	0.1267165102	0.0105812195	-0.0363980815	-0.1374777634	-0.0103347669	-0.0310620877	0.0253219227	0.1224949961	0.051098691	0.0026291817	0.0360457128	-0.0058837608	0.0062122602	0.060753325	-0.0246528545	-0.0862150109	-0.0478742331	-0.0227945545	0.0880200359	0.0784527129	0.0632699305	0.0435584361	0.0207291319	-0.0035839144	-0.0303990791868926	0.0090760432594408	8.23745612472408e-05	0.0009241040154109	0.0064150739666786	0.0119907796865561	0.0001437787974915	4.115317399795751e-05	0.0206796439467495	0.0367940100331337	0.0004276476737643	0.0013537991743183	-0.0002036842453129	-0.0001428820161512	2.0415270539432083e-08	4.148727178868562e-08	-0.0004769214699666	0.0002730541929004	2.274540885151025e-07	7.455859226048885e-08	-0.000772049131585	3.397432005410007e-05	1.154254423138426e-09	5.960598615811526e-07	0.0	0.0	0.0	0.0	0.0	0.0
2580.679005416686	0.5211902351329627	6659904.128998455	0.2716392611979529	3225.015145518297	2.363849288846722	10400722.688822402	5.587783460381156	3041.0273143557683	-4.943353383819158	24.43674267731632	9247847.126657857	3122.8503473809424	2313.682281863986	0.953554	15.761928	0.1086296820390773	0.0537473180578078	0.1069805281	-0.0286325181	0.0056368252	-0.019843146	0.0531189992	-0.0266231728	-0.0227477672	0.0262523323	0.1051523392	0.0595302034	-0.0060939463	0.0350357413	0.0325890044	-0.1290333135	-0.0626068959	-0.0552888209	0.0513567206	-0.0316914431	0.105953814	-0.0152877122	0.0201031967	0.0538970932	0.0483458795	0.0075712808	-0.0298498899	0.0515047549	-0.0139431776	-0.0285888479	-0.0220837009	-0.0637774382	0.018284949	0.0746936426	0.0317120471	0.0697255777	0.0437846137	-0.0474432783	0.0758093403	0.0121784425	0.0132577662	-0.0341422655	0.1482556694	-0.0019164317	-0.1292743495	-0.0322258692	-0.0332144032	0.044170045	-0.0879132487	0.1017645745	0.0090795653	-0.1071801082	-0.0466962416	0.0546458238	-0.1116956049	0.0584605924	0.0229759286	-0.0147386513	0.0578518515	0.0098722629	-0.0362835273	0.0809665417	0.0065475833	-0.0121999965	-0.0024714614	0.0003525107	-0.0361305684	0.0428057764	-0.0287915873	0.0261118793	0.0273165535	0.0016869428	0.046412984	0.0201169883	-0.0717486816	0.1104726666	-0.000209962	0.0519263906	0.0729750712	-0.009479836	0.0254957081	-0.0528677407	-0.0086279363	-0.0944292375	0.0293924427	-0.0785813463	0.0357728248	-0.1055504262	0.0743642764	-0.084012391	0.1387226318	-0.0177411767	0.0391077364	0.0915822478	-0.0226242996	0.0140122874	-0.004250758	0.0017771459	-0.0129489594	0.0718543297	0.0734484496	-0.0285201742	0.0069128672	-0.0064748821	0.0876956817	0.0772040342	0.060637674	0.0393001065	0.0148702542	-0.0107296473	-0.0402546407845392	-0.0098555615976465	9.713209440500636e-05	0.0016204361046922	0.0291180933350432	0.0227030193683646	0.0005154270884403	0.0008478633594682	-0.0217203969084067	-0.0424000408551561	0.0004717756418587	0.0017977634645189	-0.0002931375051144	-8.945325980150003e-05	8.001885689114662e-09	8.592959690469489e-08	-0.0006889415020734	-0.0002120200321068	4.746403932791526e-07	4.4952494014568507e-08	-0.0004001012191351	0.0003719479124498	1.3834524957583842e-07	1.6008098555339332e-07	0.0	0.0	0.0	0.0	0.0	0.0
2576.246064904056	-4.432940512630012	6637043.786933633	19.65096158851643	3232.950578748083	7.935433229786213	10451969.444627564	62.97110054439525	3041.744308378068	0.7169940222997866	0.5140804280136269	9252208.437550372	3125.4428957675364	2320.2566176438268	1.0706	17.696665	0.0582556005886284	0.0379627361311287	-0.0056694683	-0.1119308788	0.0441293535	-0.0593366405	0.0483919482	0.0450580529	0.062463713	0.0297137795	0.0524419288	0.0463168049	0.030963824	0.1129707273	-0.013908688	-0.1291333123	-0.0225769906	0.0744525556	0.0443002704	-0.0115049477	0.0549308937	0.0079011749	0.0294924074	-0.0930355051	0.0691397126	-0.0791871341	-0.021963878	-0.0360462216	-0.0058786382	-0.0676426633	0.1357495665	-0.0803790819	-0.0429359556	0.0929362715	0.0714382519	-0.0253310348	0.0729941318	-0.0976215885	-0.0563120196	0.035727868	-0.0414730627	0.0139189778	-0.0784512918	-0.1279818849	0.0421774567	0.0124474361	-0.0536736748	0.0469321119	-0.0942195465	0.1077332738	-0.0135601529	-0.051681568	0.0974540265	-0.0021424352	-0.0310887859	0.015792437	0.0898390148	-0.0185667989	0.0456691609	-0.0419762101	0.010007574	0.0376332416	-0.0456177456	0.0070636491	-0.0454073799	0.0155620005	-0.0325502866	-0.0581487698	-0.1147413069	0.0878955702	0.1011054786	0.008485138	0.0646622094	0.0062113631	0.0530637923	-0.0916593232	0.0224232075	-0.0657764292	-0.0011638883	-0.0416920792	0.0169298986	-0.0346981467	-0.0012890047	-0.13412254	0.1502915901	0.0461779997	0.0693527582	0.0577845942	0.0409350257	0.0346382053	-0.0211065467	-0.0584566569	-0.0061796891	0.1294546484	0.0011123652	0.0365266252	0.0696274284	0.0220405782	-0.0284564167	0.0927383285	-0.0082563951	-0.0196482272	-0.0280717446	0.0660730368	0.0873563013	0.0759024438	0.0579119187	0.034934058	0.0089476998	-0.0178092284	-0.0416273331153149	-0.0013726923307757	1.8842842349704244e-06	0.0017328348622933	0.0291236453474823	5.5520124391007786e-06	3.0824842123929776e-11	0.0008481867183259	-0.0443182130474753	-0.0225978161390685	0.0019641040077214	0.0005106612942551	0.0002798851417073	0.0005730226468217	3.283549537705468e-07	7.833569254851539e-08	-0.0005770557948547	0.0001118857072186	3.329933903753897e-07	1.2518411479828657e-08	-0.0003994187710486	6.82448086500038e-07	4.657353907675634e-13	1.5953535466597393e-07	0.0	0.0	0.0	0.0	0.0	0.0
2584.005942434176	7.75987753012032	6677086.710535135	60.21569928246625	3234.0779858922665	1.1274071441835076	10459260.418832978	1.2710468687560124	3047.3790071639546	5.634698785886485	31.74983040767063	9286518.81330357	3126.8186507854057	2356.5667531444096	1.224943	20.247892	0.1851389513145523	0.0927578432931594	-0.0692215699	0.040718851	0.0681130677	-0.0965252138	0.1284354061	0.0064649559	0.0267622988	-0.0288265986	-0.0455489823	-0.1196678237	0.054145756	-0.0510394162	-0.0301022977	-0.0572919944	0.0354150573	-0.0928959891	0.0546117778	-0.0359976928	0.0130799085	0.0809463119	0.0247418892	-0.1048189603	0.0594614578	-0.0610971689	0.0357919138	0.0470758746	0.0717089108	0.0601494835	-0.1485783444	0.1115459528	-0.0752814368	0.0781332477	-0.0078518932	-0.0748626737	0.08672653	0.0507868857	0.045326688	-0.0965652979	-0.0355552229	0.0151842568	-0.0216375628	0.0717092027	-0.0233170306	0.0554254481	-0.1024578952	-0.0476408364	0.0220096587	0.0161839138	-0.0882664649	-0.0703159257	-0.06853535	-0.0701076347	-0.0359632871	-0.0354026863	0.056804504	0.0610561117	0.043495575	-0.109856953	-0.0255599672	-0.0257600925	-0.0543707685	-0.0510161585	0.1416079246	0.0274240557	-0.0322007553	0.1746572571	0.0355775276	-0.0732781437	0.032313966	-0.0628135917	-0.0856206698	-0.0276277983	0.0388356173	-0.0014733538	-0.0463648505	-0.090556485	-0.0348582909	0.0691787402	0.062918008	0.0503392767	0.1427793191	0.0422029885	0.0179576694	-0.1007040273	0.0418492847	-0.0325851015	-0.0309754029	0.0422034876	0.037784368	-0.0573950008	0.0658505413	-0.0407722088	-0.0417467701	-0.1002835125	0.0852477569	0.0206495352	0.0480032833	-0.03918703	0.0347949144	0.0683875216	0.0362291009	0.0815244197	0.0870019529	0.0745488335	0.0550968674	0.0304722578	0.00298683	-0.0247790096	-0.0410496355248	0.0005776975905148	3.337345060867164e-07	0.0016850725767189	0.0108262145759994	-0.0182974307714829	0.0003347959728372	0.0001172069220455	-0.0055784921488708	0.0387397208986044	3.111957465501316e-05	0.0015007659753017	0.0016298824421583	0.001349997300451	1.8224927112249877e-06	2.656516775255904e-06	-0.0001959937840791	0.0003810620107755	3.8413563397644883e-08	1.4520825605634345e-07	-0.001218841500901	-0.0008194227298524	6.714536101987593e-07	1.4855746043186023e-06	0.0	0.0	0.0	0.0	0.0	0.0
2581.146014698028	-2.859927736148165	6662314.749191512	8.17918665598957	3231.726219879338	-2.3517660129286924	10444054.360255592	5.530803379566518	3051.0847102440207	3.705703080066087	13.732235317611282	9309117.90908484	3131.0845505734706	2335.3545358081933	0.951731	15.73179	0.0698213067701377	0.038325298266539	-0.0672468802	0.0380872016	-0.0074690153	-0.1043196795	0.0537129558	-2.42705e-05	-0.0461804373	0.00696034	-0.0949776528	-0.0297565711	0.0340629293	-0.043218201	0.0629417673	0.0396250066	-0.0750715173	0.0261758115	0.0245252505	-0.0894478311	-0.0213006346	0.0925396021	0.0721531564	0.0068485939	0.0052750195	-0.0160776579	0.099442687	-0.0630093554	-0.0017381771	0.0383818661	-0.0338819256	-0.0746820018	-0.0303281772	0.0581215473	-0.1180658148	-0.0354627809	0.0676088102	0.0147258531	-0.0791760818	-0.020872911	-0.0469801479	0.0509765983	0.0097803377	-0.0099389563	0.003612281	-0.0155237781	-0.0484682727	0.0383473638	-0.0023988537	-0.0342330122	0.0771460308	-0.038211585	0.0354993291	0.0150828849	-0.0006684401	-0.096240561	0.0427622404	0.0278744022	0.0321187372	-0.1070404694	0.0533428516	-0.0302134925	0.0533873624	-0.0141776327	0.0611606167	0.0431107775	0.029624433	0.0281104537	0.0219765807	0.0138073162	0.0711263989	-0.0993659501	0.0040106443	0.0962693146	-0.0666492375	-0.0104647784	0.0073708002	0.0002731486	-0.0305230605	0.0783959715	0.0361698205	0.0089047368	0.1474467989	-0.0142475846	0.0545074484	0.0580369641	0.0683390199	-0.0417143587	-0.1079591559	-0.047471266	0.0240275119	0.0155756985	-0.1549586956	0.0028396865	-0.0277983506	-0.0563905805	-0.0066848857	-0.1059504856	-0.0189532447	-0.0548078312	0.0480801161	-0.0348463653	0.0458084965	-0.0426300948	0.0866326972	0.0731441312	0.0521968607	0.0259269352	-0.00298683	-0.0315960199	-0.0104957570974733	0.0305538784273267	0.0009335394869518	0.0001101609170491	0.011814791293375	0.0009885767173755	9.77283926137116e-07	0.000139589293306	-0.0258794535473612	-0.0203009613984904	0.00066974611591	0.0004121290337029	0.0016298120954052	-7.034675309999273e-08	4.9486656717113375e-15	2.6562874663290888e-06	-0.0003678406241005	-0.0001718468400213	1.3530672473864533e-07	2.953133642534064e-08	-0.0010312008831366	0.0001876406177643	3.5209001435005647e-08	1.0633752613817035e-06	0.0	0.0	0.0	0.0	0.0	0.0
2580.303190690008	-0.8428240080202158	6657964.555885035	0.7103523084952609	3227.584742633843	-4.141477245495025	10417303.270882769	17.15183377495306	3048.479897341114	-2.604812902906815	6.785050259149829	9293229.684492888	3128.4654054032994	2307.134918297427	1.019428	16.850796	0.1193670271607988	0.0647754039200287	0.0657113408	0.0289689551	-0.0458088231	-0.0353180985	-0.0021937978	0.0021638226	-0.0497780979	-0.0112989057	0.0260537204	0.0466736975	-0.0649136625	-0.035615747	-0.0328055432	-0.006040228	0.0622024901	-0.0290447382	-0.0077589565	-0.03074721	0.0580578421	0.0003936705	-0.0114218394	0.0412921649	-0.0557138601	-0.0031564066	0.0279610793	-0.0413925526	0.065999621	0.0434358201	0.0158786705	0.0369033265	-0.041614025	0.0943486681	0.0134143903	0.0718035652	0.0197172434	0.0107841228	-0.0925015598	-0.0640334993	-0.0175254238	0.0524105086	-0.1189233372	0.0294914199	-0.0463678541	-0.1123454874	-0.0680226772	0.0681940597	-0.0511405976	0.0024943693	-0.0592938515	0.0199337141	-0.0394317935	0.0286496822	-0.0471985544	-0.0086429375	-0.0881063077	0.0463361217	0.0299563872	-0.0434023602	0.0559244267	-0.0537137049	-0.0676549924	0.0662192179	0.0359896276	-0.0275892235	-0.0178391012	0.0391720001	-0.0032654911	0.0808109623	0.0805429639	0.0220689629	-0.0560623137	0.0683262727	-0.0118254116	-0.0300036632	0.0111528606	-0.0193100636	-0.0895322051	0.0246863734	0.0098329019	-0.0233221734	0.0245252022	0.0030116756	0.0296366031	-0.0870454415	0.0320053126	-0.0039678703	0.0355146813	-0.1107426038	-0.0244024571	-0.0342775472	0.0119004597	0.0303593087	0.0831174239	-0.0177354501	0.0474781598	-0.0284830157	0.0038659211	0.0454630921	0.0398062815	-0.0749804502	-0.0105284104	-0.0256046649	0.0862485974	0.0716892996	0.0492163702	0.0213105486	-0.0089476998	-0.0382182304	-0.0107316096391656	-0.0002358525416923	5.5626421422718274e-08	0.0001151674454474	0.0214906078244183	0.0096758165310433	9.36214255424108e-05	0.0004618462246629	-0.0095913644368579	0.0162880891105033	9.199427176062248e-05	0.0002653018468716	0.0005897481069931	-0.0010400639884121	1.0817330999916846e-06	3.478028297019449e-07	-0.0007941871652072	-0.0004263465411067	6.307332533798484e-07	1.817713731136471e-07	-0.0006342660331042	0.0003969348500324	1.5755727517024389e-07	4.0229340074973817e-07	0.0	0.0	0.0	0.0	0.0	0.0
2580.099183699421	-0.2040069905870041	6656911.797726418	0.0416188522083659	3230.442840950621	2.8580983167780687	10435760.948649118	8.16872598836963	3047.096206571427	-1.3836907696868366	1.9146001461165505	9284795.29210198	3127.133388308261	2316.772911663531	0.945431	15.627661	0.0668277054175933	0.0354343997328403	0.0695704442	-0.062105133	-0.0099366827	-0.010116366	-0.015993952	0.0089434222	0.0035621966	-0.0099094505	0.0884397794	0.0288887309	0.035545253	0.0036330463	0.0229579943	-0.0111111669	-0.1064157552	-0.0054932124	0.0357051312	0.0272208995	0.0189206492	-0.0520671638	-0.023044013	0.0063423702	0.0241673589	0.0540042348	0.0654561055	-0.1006308298	-0.0175512461	0.0865371606	0.0610315759	0.003774371	0.0035821091	-0.0717562122	-0.0838269464	-0.0276513409	-0.0292928198	0.0666696812	0.0911003799	0.0078464322	0.039631736	-0.0330980736	0.0426196732	0.0292166206	-0.0377001195	0.1373793208	-0.0128660921	0.0334985018	-0.0406244574	0.0065598781	0.0737541486	-0.079998651	0.0142079134	-0.0222075963	-0.0398466668	0.0610710057	0.0148845867	-0.0368890796	0.0234834297	0.0169035405	0.0471345863	-0.0689556373	0.0634802691	-0.0300077368	0.0401331973	0.0691800703	0.0745931628	-0.1041963635	0.0712895195	0.0327729366	0.0385954175	0.012448244	-0.0899566897	-0.0080122727	-0.0956139154	0.0166957935	-0.0520749162	0.0282226483	-0.016523835	-0.0248769284	-0.0128739262	-0.0216823935	-0.0104414033	-0.0461195223	0.0537678781	0.0726170889	-0.0045427236	-0.0509034614	0.0628832345	0.0182049597	0.0917423573	-0.0471287374	-0.0102932881	0.0537333596	-0.0416274066	0.036161929	0.0789212751	0.0262599633	-0.0378069291	-0.015919108	0.0298926921	-0.0735968926	-0.0349798406	-0.0278461405	0.0858497193	0.0701853358	0.0461599916	0.0166357513	-0.0148702542	-0.0446048127	-0.0028747058155857	0.0078569038235799	6.173093769298446e-05	8.263933526162245e-06	0.0115005250123942	-0.0099900828120241	9.980175459109937e-05	0.0001322620755607	-0.0263179574145482	-0.0167265929776903	0.0006926348824739	0.0002797789126413	0.000527974075766	-6.177403122710002e-05	3.8160309340467275e-09	2.787566246809619e-07	-0.000807016523862	-1.2829358654799988e-05	6.51275669786306e-07	1.6459244349349132e-10	-6.378690690011902e-05	0.000570479126204	3.254464334345718e-07	4.0687694918844525e-09	0.0	0.0	0.0	0.0	0.0	0.0
2587.656822982126	7.557639282705168	6695967.833525949	57.11791152748828	3249.399816594972	18.95697564435113	10558599.168087438	359.36692558052204	3047.7654969385067	0.6692903670796113	0.4479495954655608	9288874.524328822	3130.8321474765207	2336.5800812739744	0.996678	16.474743	0.1212506244825277	0.0647192103222787	-0.0094070427	-0.0216150159	0.0840979842	0.0485746001	0.0187119102	0.0065275926	0.0769869849	-0.0704536999	0.0226079876	-0.0009880321	0.043167247	0.0461835476	0.0172503149	-0.0459577645	0.0891358538	0.0500628194	0.0171788588	-0.0095093478	-0.0249895139	0.0413920999	0.0251049367	-0.0388604224	0.0570216722	0.0711696262	0.0373458897	-0.0256254482	0.0310883159	-0.070267917	-0.0188966861	0.0152247581	-0.0324329765	-0.0877402913	-0.061253682	-0.0438759392	0.0805216896	-0.0927826358	-0.0358127433	0.0722988428	-0.0757287084	0.0704928958	0.0884693513	-0.0315787335	-0.0587616747	0.0271302535	0.1064668925	0.1092581003	0.0125441981	0.0154616609	-0.0970016114	0.0206566443	0.0622406066	0.0420275823	0.0518524193	-0.0211063795	0.1049949274	-0.044113525	0.0333918313	0.0703040903	-0.0148972476	0.0171801845	0.0957066767	0.0546974454	0.0032841479	-0.0353774645	-0.0870795649	-0.0497271421	0.006254579	-0.0757418191	0.0253504731	-0.0791663578	0.0697599977	0.0704739893	0.0050198917	0.0116732026	-0.060443029	0.0996397902	-0.0856554128	-0.0698797113	-0.010351774	-0.0370401557	-0.0065501054	-0.0391531868	-0.0214306355	-0.090489502	0.1344770288	0.0278449149	-0.0540752089	0.0836439821	0.0931600601	-0.008098369	0.0579204144	0.1001804852	0.0305127607	0.0134582938	0.0304929502	0.0081176013	0.0244555974	0.0356478293	0.0826861139	-0.0261437221	-0.0789283174	0.0545583494	0.0854361313	0.0686332704	0.0430324377	0.0119153566	-0.0207291319	-0.0507163915	0.0123382078655112	0.0152129136810969	0.0002314327426685	0.0001522313733325	0.0113759982007053	-0.0001245268116888	1.550692682940274e-08	0.0001294133350624	-0.0401402092424092	-0.013822251827861	0.0016112363980243	0.0001910546455928	-0.0004693213117105	-0.0009972953874765	9.94598089881902e-07	2.202624936256643e-07	-0.0006111372268249	0.0001958792970371	3.734887100112293e-07	3.836869900774846e-08	0.0005848570518239	0.000648643958724	4.20738985189167e-07	3.420577710681441e-07	0.0	0.0	0.0	0.0	0.0	0.0
2584.532439676409	-3.124383305716947	6679807.931739691	9.761771041042756	3246.236445327478	-3.163371267493858	10538051.05897238	10.006917776005697	3046.0093589735907	-1.756137964915979	3.0840205518192363	9278173.014954705	3125.6822111089177	2341.62501422322	1.260985	20.843653	0.2472260627985881	0.1203349102732221	-0.0695483906	0.0637124028	0.0483528208	-0.1500152626	0.1040902491	-0.0473822962	0.0256071654	-0.014458995	-0.1202795756	-0.0415310739	-0.0073673576	0.0121314117	-0.0535012927	-0.0153273503	-0.0524462274	-0.0398462373	0.0361685392	-0.1439985501	0.0643919851	0.12143425	0.10160957	0.0433245118	0.0052993774	-0.011418837	-0.0608086211	-0.0347063845	-0.0024915856	-0.0170008234	0.0399563824	0.0237439659	0.1867136109	0.1219671743	-0.0097996338	0.098050912	0.0394598381	-0.027801406	0.111601755	-0.1190838701	-0.0633281609	-0.0664305989	0.1364672769	0.0385207487	0.0399814877	-0.091714701	0.0693142902	-0.0733363111	0.118855637	0.0073679329	0.0273853419	-0.0729570223	-0.047488621	-0.0150337397	-0.07237559	-0.1309105339	0.0105272255	0.1034098042	0.0490401079	-0.2106326949	0.0179415898	0.0165646561	0.0861154875	-0.0033402221	-0.0741747131	0.012999081	0.1625945244	0.084843082	-0.1106927585	0.0562700093	0.0036184449	-0.0584063103	0.010528004	-0.0713043924	0.0901281509	0.1112283212	-0.0307646867	0.1010542145	0.0490644979	-0.0520842805	0.0565751845	0.0316333921	0.1195357109	-0.0522883435	0.0661609346	-0.0474357172	0.024050571	-0.1264434991	0.0220877449	-0.0422789537	-0.0561770477	-0.1197249233	0.0499092974	0.0215591018	-0.0593162395	-0.0282279413	-0.0533789225	-0.0433015779	0.0790368684	0.0923787619	0.1816389111	0.2711913874	0.0318796536	-0.0463642236	0.0850079043	0.0670341672	0.0398385309	0.0071623028	-0.0264992443	-0.0565152869	-0.0463489482819596	-0.0586871561474708	0.0034441822966776	0.0021482250068437	0.0113285338992739	-4.746430143139947e-05	2.25285991037075e-09	0.0001283356803069	-0.0567500418713251	-0.0166098326289159	0.0032205672523971	0.0002758865399605	0.0008210674686359	0.0012903887803464	1.66510320444387e-06	6.741517880521647e-07	0.0007789296256592	0.0013900668524841	6.067313617295816e-07	1.9322858543750525e-06	-0.000172319509761	-0.0007571765615849	5.733163454135319e-07	2.9694013444271373e-08	0.0	0.0	0.0	0.0	0.0	0.0
2574.6688713117096	-9.863568364699404	6628919.796901513	97.28998088509888	3241.8951041566816	-4.341341170796568	10509883.866355062	18.847243161253317	3042.902918528925	-3.106440444665622	9.649972236254351	9259258.17159185	3124.4368290028674	2345.496357481896	1.144057	18.910875	0.1743055559702964	0.088040476330426	-0.0982282337	0.0032482452	-0.01726724	-0.1298621512	0.0455996212	0.0134208016	0.016933329	0.0066126715	-0.1241159307	-0.1129641517	-0.0007636578	-0.0263391971	-0.0192520146	-0.0673674954	0.0324127564	0.0734163736	-0.0071273319	-0.0504542372	-0.0135758697	0.1016831584	0.1158498036	0.0932984661	0.0485149522	-0.0261825649	-0.1446504664	-0.0637761005	-0.1018328339	0.0144362503	-0.0169244173	-0.0975961524	-0.1258212526	0.017860923	0.0347390605	-0.0177927165	0.0135505214	0.0435358152	-0.0008452027	0.1118895743	0.0378058308	-0.0022116797	-0.0986271745	-0.0016131288	0.0348406815	0.0683572788	0.0213024727	-0.0307845851	0.0479912762	0.0636471807	-0.0442222196	0.0126328968	0.0628117361	-0.0340086789	0.0314169406	-0.065601487	-0.0393366148	0.1092291882	0.0623295696	-0.1473631653	0.0149815749	0.1018198677	0.0499258138	-0.0293389817	-0.081704195	0.0970807693	-0.0943869913	-0.0386607366	0.0478847621	0.0188346139	-0.0117691067	-0.0359473997	0.0065044122	0.0593014655	0.0371918513	-0.0689403512	-0.019974715	0.0397559912	0.1271608292	-0.05594251	0.0118173716	0.0421369667	0.1272004812	0.0304411838	0.1039600229	0.0527327471	0.050237133	0.0588165833	-0.0254349593	-0.0262432206	-0.1104682465	0.0186093992	-0.0853512091	-0.0574015939	0.0763334587	-0.0766502184	0.0935755056	-0.0655153189	0.0613660341	0.0288554606	-0.0572010389	-0.0608585322	-0.0003222759	-0.0067379959	0.0845651116	0.0653891221	0.036583196	0.0023896175	-0.0321558829	-0.0619657467	-0.0238826503268541	0.0224662979551055	0.0005047345438075	0.0005703809866347	0.011622198241028	0.000293664341754	8.62387456178687e-08	0.0001350754919537	-0.0369957649004533	0.0197542769708718	0.0013686866205696	0.0003902314586419	0.0020464359525748	0.0012253684839389	1.501527921430718e-06	4.1879001079907285e-06	-0.0002320848859291	-0.0010110145115883	5.386339427672335e-08	1.0221503426421291e-06	-0.0005717628482851	-0.0003994433385241	1.5955498069127876e-07	3.269127546790903e-07	0.0	0.0	0.0	0.0	0.0	0.0
2580.156221190124	5.487349878414534	6657206.125746101	30.111008688136	3215.544598725676	-26.35050543100533	10339727.06639387	694.3491364694414	3051.188182432959	8.285263904033854	68.64559795948631	9309749.324618544	3132.711383316365	2315.939889733481	1.219667	20.160677	0.1831351986177239	0.0860709013786083	0.0528344024	0.0482993425	-0.0326733903	-0.0908452813	0.0120568507	0.0987561171	-0.0815569926	0.0269837354	0.05193513	-0.0026155352	-0.0730619237	-0.0142769427	0.004730072	0.0685012664	0.0388769442	-0.0620457847	0.1357498765	0.0633352027	0.102049333	0.0235430428	-0.1609345572	0.2014671756	-0.0149114	-0.0900673448	-0.0348507522	0.068431668	-0.1271990923	-0.070841331	-0.0724483337	-0.0211628216	-0.0616523372	0.1637139712	-0.0498233889	-0.2101201775	-0.0341311407	-0.0880963114	0.1215590829	0.0540657096	-0.0564787162	0.0559840036	-0.0053644947	-0.041435235	0.0165238158	-0.0075419291	0.0360383635	-0.0365797676	-0.0242365346	-0.1027947998	-0.0506859686	-0.0255432656	-0.0525470723	0.0556011439	-0.0821300482	0.1243793212	-0.028935554	0.1524083546	-0.0363617991	0.0431719107	0.2139176553	0.1146316358	-0.0649508986	-0.0021807168	-0.047257145	0.0576375551	-0.0909939556	0.0331080501	-0.0750519173	-0.0317686112	-0.0532776239	-0.0752350179	-0.1406825957	-0.132038613	-0.0706431734	0.0230643009	0.1439835968	-0.1102571642	-0.0060091574	-0.071187769	-0.0538310331	0.0375604249	0.1217410095	0.0370349106	-0.0011586416	-0.0308603286	-0.1033997695	0.0158983304	-0.0002389039	-0.082118919	0.0788383772	-0.0164937553	-0.0608597914	0.0186224483	-0.1401176495	-0.129024977	0.1081135553	-0.0897007365	0.1754874892	0.089809084	-0.0801335641	-0.0251160315	-0.0506220108	-0.154829111	0.0841078291	0.0636992625	0.0332714524	-0.0023896175	-0.037674825	-0.0670341672	0.0172170413444519	0.041099691671306	0.0016891846554764	0.0002964265126565	0.0115505475507688	-7.165069025919998e-05	5.133821414619815e-09	0.0001334151487225	-0.056846739151382	-0.0198509742509286	0.0032315517521452	0.000394061178711	0.0010021086507853	-0.0010443273017895	1.0906195132629372e-06	1.0042217479787344e-06	-0.0007808613711026	-0.0005487764851735	6.097444808802325e-07	3.011556306793808e-07	0.0002773910048565	0.0008491538531416	7.210622663052259e-07	7.694576957529881e-08	0.0	0.0	0.0	0.0	0.0	0.0
2593.2769310857493	13.120709895625168	6725085.241301523	172.15302816515623	3259.909938508016	44.36533978233956	10627012.807183336	1968.2833740024407	3056.1305281750265	4.942345742067573	24.42678143413347	9339933.805243364	3139.004247397565	2336.157695992172	1.25862	20.804558	0.1000985259474624	0.0599229593397066	-0.01857162	0.0390837478	0.135495507	-0.0424545803	-0.014097345	0.1195069721	-0.0231162678	-0.101767369	0.0123513705	-0.0664862564	-0.0282701156	0.0394092501	0.1233345035	0.1260466848	-0.0139981951	0.0832823733	0.0885414483	0.0129974309	-0.0297126143	0.007141162	0.0598035419	0.0101071022	0.0982828649	-0.0451471127	0.0219782675	-0.0701799776	-0.0065714161	0.1288871275	0.0636291504	0.0013543964	-0.0464734809	-0.0508187652	0.0565234401	-0.0280268449	-0.1013891988	0.0020102173	0.0675134658	0.0491918735	0.0524541195	0.1233302242	0.0137239905	0.0268643177	-0.1120057346	-0.0145985115	0.1585899783	-0.0532387469	0.0236394877	-0.1451117252	0.0142756154	-0.0188771512	0.1064624677	-0.0076157203	0.0631244354	-0.0014509391	0.0974881749	0.0193338105	0.0885305226	0.0108538151	0.0119985056	0.0188764765	0.0019930205	-0.0111301554	0.0879355789	-0.0127317606	0.0657635702	-0.0756817764	0.1456134847	0.0582691662	-0.0206146727	-0.0186006731	-0.0466281587	0.0144033523	-0.1116715611	-0.0403209747	0.0148672623	-0.000728291	-0.0762775325	-0.1159063093	-0.0653097803	0.0270472661	0.1171180463	-0.0557353194	-0.0407691461	0.0806085055	0.0209777777	0.030665687	-0.0448676951	0.0615381614	-0.0352868222	0.0712896425	-0.0266990413	0.1132264029	0.0410425417	-0.0193192859	0.0154396995	0.0387456995	0.0835679257	0.0790020145	0.0244706122	-0.0313924865	0.0376269187	0.0203286885	0.0836361352	0.0619657467	0.0299084066	-0.0071623028	-0.0430324377	-0.0716892996	0.0192793292576141	0.0020622879131622	4.253031436774908e-06	0.0003716925366234	0.0117684069605417	0.0002178594097729	4.7462722426596554e-08	0.0001384954023889	-0.1111596320814243	-0.0543128929300423	0.0123564638044776	0.0029498903384302	0.0008298745409229	-0.0001722341098624	2.966458860009329e-08	6.88691753671994e-07	-0.0010301994357948	-0.0002493380646922	1.0613108775119243e-06	6.216947050445173e-08	0.0007259285441916	0.0004485375393351	2.011859241927864e-07	5.269722512721358e-07	0.0	0.0	0.0	0.0	0.0	0.0
2585.262517812568	-8.014413273181162	6683582.286006579	64.23082011334239	3235.8295074650114	-24.08043104300441	10470592.601381255	579.8671592168904	3052.9451994164588	-3.185328758567721	10.146319300158575	9320474.390640002	3133.4289371571645	2330.5080141400367	1.119875	18.511158	0.0668726687084525	0.0334613424131247	0.1029024695	0.0318670497	0.073231695	-0.0524393695	-0.0683276294	-0.0697702475	0.0191481888	-0.0618250503	-0.0026239623	0.1173687373	-0.0575375806	-0.0463420268	-0.0141657174	0.1001583772	0.0766111484	-0.0868631741	-0.0463717983	0.0076842353	0.0457055307	-0.0643573503	0.0199997691	0.0486539923	0.0536550552	-0.0334266305	0.0102990941	0.1026946349	0.0608583584	0.100352546	0.0373788333	0.0789117513	-0.0301781196	-0.1124356833	0.0378078702	-0.0651943552	0.0145134195	-0.0050222426	-0.0458371547	-0.0282910035	-0.0460144819	0.0496215068	-0.0355297889	0.0103109838	-0.0382570001	-0.1006856018	-0.0301791082	-0.0225156501	0.0146877578	-0.0721808052	-0.0150462695	0.0989049893	-0.1003582549	0.0334487003	-0.0374652429	0.0182555463	-0.0416053384	-0.0356048175	0.0567576378	0.0160048055	-0.0050982016	0.0738251291	-0.0641347076	-0.0434632203	0.05113591	-0.1138714313	0.0326295578	-0.0224959524	0.1494049483	-0.0320225047	0.033634478	-0.0355080261	0.001195082	-0.0216605075	0.0729412928	0.0401155902	0.0471079526	-0.0515467711	-0.0106950589	0.049118468	-0.0558042272	-0.0034091526	0.0730054336	-0.0276411989	-0.0429279355	-0.0661291353	-0.0184965665	0.0177027537	0.079936438	-0.0641327732	0.0320516251	0.0427894358	-0.044779187	-0.0804134784	0.0509371833	-0.0039011053	0.004881214	-0.0026302699	-0.0123162156	0.0583076007	0.1060940874	-0.0529299611	-0.0124475233	-0.0760336176	0.0831501106	0.0601897627	0.0264992443	-0.0119153566	-0.0482057789	-0.0759024438	0.0164891291809965	-0.0027902000766176	7.785216467556866e-06	0.0002718913811475	-0.0084283051445908	-0.0201967121051325	0.0004079071798576	7.103632761033574e-05	-0.0945357657807619	0.0166238663006624	0.008937011011755	0.0002763529307822	0.0011437559021809	0.000313881361258	9.852150894517516e-08	1.3081775637736446e-06	-0.0010307170094241	-5.175736292998851e-07	1.0623775535161605e-06	2.678824617466549e-13	0.0004950896745581	-0.0002308388696335	5.3286583733672015e-08	2.451137858540454e-07	0.0	0.0	0.0	0.0	0.0	0.0
2567.016547761571	-18.24597005099713	6589573.956481734	332.9154231018842	3236.041475073692	0.2119676086804247	10471964.428397115	0.0449302671296976	3046.1111566274444	-6.834042789014347	46.704140842079	9278793.178530186	3126.2317028289144	2347.6971821454754	1.391933	23.008175	0.1544340738635911	0.0920023012538633	0.0278649895	-0.1053624059	-0.0571486416	0.0181941101	-0.1057580447	-0.1142480022	0.0836612392	0.028353134	-0.0020515875	0.0550630785	-0.0801808339	-0.0754469744	-0.1003049571	0.0562389955	-0.0787697468	0.0115688196	-0.148148826	0.0321068492	-0.0019106305	-0.0667555257	-0.0538887301	-0.0129659549	0.0133334203	-0.0135662306	-0.0131768245	-0.02523677	0.026682352	-0.0201026221	-0.0073915528	-0.0545672189	-0.0440422079	0.0727907971	0.1149939932	-0.0430196179	-0.003286312	-0.0794851526	0.0191594564	0.1326137436	0.0106355082	-0.0272771463	-0.0521630222	0.0730823788	-0.1359856521	-0.0523466795	0.0420780493	0.0672143569	0.041042384	0.0158288305	0.1345074829	0.0828731652	-0.0186657002	-0.0701093939	-0.0044804017	0.0345723364	-0.0869565462	-0.0677276307	-0.0402362503	-0.0232318262	0.0282051573	-0.0088979836	-0.0257723292	0.0532457621	-0.0334818704	-0.0252786875	-0.0420472155	0.036009278	0.0308201266	0.049280608	0.0005377322	-0.0208651347	0.0324255495	0.011112603	-0.0186046485	-0.0057303652	-0.018634641	-0.0500203089	0.0181029832	-0.1284020044	-0.0525336878	-0.0271530784	-0.088615048	0.0154236493	0.0619709616	0.0983731046	-0.026735513	-0.0538778901	0.0628823378	0.0134497564	0.0174296684	0.0169791385	0.0123751935	-0.1009763665	0.100971285	0.0476317007	0.0206773138	-0.0732820201	-0.1071071934	0.0486593542	0.1458377625	-0.0974073798	-0.0615347414	-0.1070017256	0.0826498387	0.0583725276	0.0230492221	-0.0166357513	-0.0531726956	-0.0796476241	0.0101839335241322	-0.0063051956568643	3.975549227134044e-05	0.0001037125020239	0.0114635818196404	0.0198918869642312	0.0003956871669977	0.0001314137081355	-0.0122875290445563	0.0822482367362056	0.0001509833700208	0.0067647724462149	0.0006439082927404	-0.0004998476094405	2.498476326633827e-07	4.146178894598567e-07	-0.0013348038545306	-0.0003040868451065	1.7817013300697472e-06	9.246880936682457e-08	0.0006109303101369	0.0001158406355787	1.3419052851300337e-08	3.732358438439688e-07	0.0	0.0	0.0	0.0	0.0	0.0
2567.849777392397	0.8332296308258265	6593852.479254182	0.6942716176861431	3226.643011549499	-9.39846352419272	10411225.12398122	88.33111661558105	3043.593615198428	-2.5175414290165463	6.338014846814674	9263462.094476636	3126.7091898167387	2338.454560594216	1.066208	17.624062	0.0483521092655652	0.0247378492709482	-0.0476691089	-0.1361311582	-0.0485822176	0.0479415385	-0.0538312122	-0.0187846939	0.0858701937	0.0616642647	0.0111794532	0.0203770035	0.0259396451	0.0563260999	-0.0926196931	-0.0366217537	0.0751426771	0.0184496139	-0.1464845756	0.1513632242	-0.0102033773	0.0147528663	-0.0983767649	-0.0557080628	-0.079349232	0.032435897	0.0977745209	0.0658396261	0.0080116028	0.0151124411	-0.0160811896	0.0321174012	0.0088486177	-0.073401195	0.1511190367	0.1188934984	0.0428564705	-0.0105861641	0.0405453407	0.048406527	0.0530739395	0.0219763958	0.1187732818	0.1898552471	0.0160365081	0.1013934073	-0.0827267417	-0.028640329	0.0215662545	0.0826044012	-0.02035016	0.1331548806	-0.0209350662	-0.0164596587	0.0983398681	0.1108007989	0.0344470206	-0.0671790013	-0.1229221464	0.072682191	0.0284227865	-0.0618387764	0.0349051442	0.0427731447	-0.0227514355	-0.0473232347	-0.0927417327	0.0710253497	0.0085947666	0.0608393394	-0.0560357003	0.0420763406	0.0199228909	-0.0449959084	0.0431854324	0.1949702644	-0.1394655848	0.015519198	0.0069307941	-0.0381942145	-0.0754802253	-0.0359933277	-0.1051441724	0.0161921728	0.0303785438	-0.0482771342	-0.0254469708	0.1100515947	-0.0737039186	0.0570094661	0.0571866222	0.0447997204	0.0998663762	-0.0248080785	0.0494548691	-0.0260811261	0.0749356658	-0.0546389221	-0.0859838629	-0.0493770074	-0.0956367243	-0.1574052251	-0.0780411729	-0.0917388245	0.0821354052	0.0565152869	0.0195636596	-0.0213105486	-0.0579119187	-0.0829017503	0.0179330534274555	0.0077491199033232	6.004885927608129e-05	0.0003215944052319	0.0238602918064856	0.0123967099868452	0.0001536784184979	0.0005693135250906	-0.0119461003130396	0.0003414287315166	0.0001427093126892	1.1657357870510225e-07	0.0003010009181117	-0.0003429073746286	1.1758546757474759e-07	9.060155270408633e-08	-0.0014858997505189	-0.0001510958959883	2.207898068592129e-06	2.2829969784507172e-08	0.0006742240523975	6.329374226060006e-05	4.00609780935127e-09	4.545780728313069e-07	0.0	0.0	0.0	0.0	0.0	0.0
2573.04676401743	5.1969866250333325	6620569.649820569	27.00866998077535	3201.397839505248	-25.24517204425092	10248948.126788871	637.3187115438283	3042.721577088525	-0.87203810990286	0.7604504651229526	9258154.59568008	3122.584859774975	2314.299370287528	1.257619	20.78801	0.2082269386735461	0.1081575122812298	-0.0588196694	0.0419110233	-0.0873970352	0.0655629485	-0.0763312767	0.0464791426	-0.0863097561	0.0561705522	-0.0650709482	-0.0030703194	0.1022880092	0.1345136284	0.0491651856	-0.0371954666	-0.0862558552	-0.0458929889	0.0181221774	0.1080225723	-0.0370048943	0.0095576661	-0.029129702	-0.0267313912	-0.097298363	0.0340162025	0.0726797187	-0.0005549891	-0.0830185018	-0.0110027042	0.0544598073	0.0127344293	-0.0311407013	0.03141141	0.0154759272	0.1136054822	-0.0788379472	0.1033010111	-0.0178011953	-0.0167644844	-0.0221175912	0.025629638	-0.0488039973	0.0120472317	0.0586226486	-0.035477748	0.0066660572	0.0136160486	0.0836465096	0.0203581326	0.0577209674	-0.0871496072	-0.0301177162	0.0883596544	0.0945359272	0.0630735241	-0.0275974881	-0.0402348994	-0.1162924313	-0.0118597905	0.0431789397	-0.1070267849	0.0654355454	-0.006192478	-0.1003060105	-0.0327274532	0.054813714	0.0573974031	0.0262532255	0.0143678768	0.0072372253	0.0856739852	-0.0575939344	0.087521914	-0.0489245849	-0.0387738823	-0.0273193821	0.0585363895	-0.0343593389	-0.0023665151	-0.0712366008	-0.0365608208	-0.1077313142	-0.0445603812	-0.0741595817	0.0484816451	-0.1403657705	-0.0178509735	-0.0797906079	-0.0258152282	-0.0487318642	-0.0676202733	0.0357056631	0.0611229984	-0.0370961347	-0.0328170674	0.0356314232	-0.0657774312	-0.08035384	0.0083489899	-0.0773327333	0.0075747702	0.0630020764	-0.1431002199	0.0816068982	0.0546193134	0.0160479313	-0.0259269352	-0.062403154	-0.0856447597	-0.0206360384755299	-0.0385690919029853	0.0014875748502209	0.0004258460839635	0.0505811681542383	0.0267208763477527	0.0007140052327918	0.0025584545718473	-0.1018129935371376	-0.089866893224098	0.0103658856529932	0.0080760584977514	-0.0004530946729552	-0.0007540955910669	5.686601604665373e-07	2.0529478266037964e-07	-0.0016201145170964	-0.0001342147665774	2.6247710485065014e-06	1.8013603567452796e-08	0.0005011328660677	-0.0001730911863298	2.996055878505754e-08	2.511341494532274e-07	0.0	0.0	0.0	0.0	0.0	0.0
2577.9192822173814	4.872518199951173	6645667.825628179	23.741433608855424	3219.8818267635043	18.483987258256093	10367638.978321882	341.6577849633736	3043.8369217387008	1.1153446501757571	1.243993688675682	9264943.20613973	3124.702241808303	2303.154118461292	1.030919	17.040735	0.1608413833640581	0.0779475794290191	0.0804677217	0.041451774	-0.0357464116	0.0584075761	-0.0760469343	0.0174397117	-0.0204185267	-0.022960358	0.0455166339	0.0425635785	-0.0402659968	0.0368173291	0.0448165221	-0.0329209532	0.0298458263	0.0890198802	0.0256779725	0.1129636157	0.0258495953	-0.0238026395	-0.0168142896	0.0450495555	-0.018859417	0.0313809388	-0.053925072	0.0622993515	-0.0006155827	0.0028910142	0.0973176446	0.0180177635	-0.1491157211	-0.0359212489	0.0067428976	-0.0012240374	0.0004902994	-0.0145707993	0.0040917075	0.1002008032	-0.0265448679	-0.1247362509	0.0404226417	-0.0470607724	0.0502819446	0.0189930148	0.0325161129	0.0897320096	-0.0394712299	0.0275043518	-0.0459587211	0.0067746242	0.0915440445	0.0392347386	0.0186727937	0.117399091	-0.0497823524	0.0174731463	-0.0035240093	0.0146737577	0.0043319895	0.0106112247	-0.0390869205	0.0232697333	-0.0947599315	-0.0669514235	-0.0854050616	-0.0764957886	0.0646688242	-0.0906799785	0.068442592	0.0567430114	0.0556430918	0.017935459	0.0089739436	-0.0296934489	-0.0892308165	0.0358543001	0.0866055175	-0.0455938043	-0.1001543462	-0.0249619687	-0.0838956965	0.0408371265	-0.1067037616	0.0207516445	0.0214449382	0.0829500176	0.0160431367	-0.0630592441	-0.0124841952	0.0211291406	0.0598942671	0.0280041662	-0.0177612195	-0.0026217044	0.0441813791	0.0009198169	-0.0030882553	0.0461264408	0.0431195314	-0.0693527178	-0.0296945638	0.0305344133	0.0810644083	0.0526859066	0.0125074584	-0.0304722578	-0.0666271694	-0.0878597406	0.0348312192981694	0.0554672577736993	0.003076616684934	0.0012132138377971	0.0428451454425555	-0.0077360227116827	5.984604739567207e-05	0.0018357064879937	-0.0772255100810781	0.0245874834560595	0.0059637794072826	0.0006045443427019	1.9334301068302208e-06	0.000455028103062	2.070505745762296e-07	3.738151977997519e-12	-0.0014239999072587	0.0001961146098376	2.027775735872786e-06	3.846094019179327e-08	0.0013110025416203	0.0008098696755525	6.558888913796735e-07	1.7187276641348863e-06	0.0	0.0	0.0	0.0	0.0	0.0
2576.7091982461898	-1.2100839711915796	6639430.292326522	1.4643032173347836	3221.320300892087	1.438474128582584	10376904.480939483	2.0692078186014244	3043.648520065963	-0.1884016727376547	0.0354951902903463	9263796.313699728	3122.9995819741107	2319.004910360743	0.902443	14.917084	0.0535590398690746	0.0273947220073356	0.0868158455	-0.0097377178	-0.0065993019	0.0927535649	-0.0855561627	-0.0282066572	-0.0127066221	0.0172735986	0.0845937112	-0.0049622111	-0.0034689408	-0.0278828605	-0.0017128321	-0.0237424291	-0.0245704748	-0.0539511871	0.0631059018	0.0972443741	0.0535891757	-0.0329299062	-0.0901014418	-0.0618706521	0.0225483204	0.0272562626	-0.0854750011	0.1108590367	-0.0056516096	-0.06535952	-0.0363316428	0.0806610802	-0.0039971548	-0.0087650093	-0.0642401234	0.0020619949	-0.125338589	0.0105345333	0.1176923118	-0.1185715193	0.0927874436	-0.0346044287	-0.0065423906	0.0216770074	0.0122893887	0.0739613996	0.0168017481	-0.0767959813	-0.0135211291	0.0045205175	-0.014633882	-0.064792921	-0.0619336093	-0.071912249	-0.0450313009	0.1387599129	-0.0251871241	0.022322904	-0.0525447123	0.0283133803	-0.0555438231	0.0118967861	-0.0046356832	-0.0777127356	-0.0238524654	0.0100866253	0.0206365087	0.0925793629	0.0312067113	-0.1054222241	0.0270594255	0.0509221561	0.0473982169	-0.0368426419	-0.029502093	0.019931378	0.083879272	0.0243651396	0.070071723	-0.0941039361	-0.0866110105	-0.0247112966	-0.0808994746	0.0092223691	-0.0935520071	-0.0468387069	-0.0660383714	-0.0595532648	0.0730175247	0.0202822543	0.0717261301	0.1008691294	0.075242705	-0.017417891	0.0503165136	-0.0083561137	-0.0017745389	-0.0739642022	-0.0070267921	-0.0055739382	0.0789053186	-0.0641419756	0.0281184313	-0.0700343374	0.0805080284	0.0507163915	0.0089476998	-0.034934058	-0.0705658771	-0.089533037	0.0172264352080588	-0.0176047840901106	0.0003099284228594	0.0002967500699774	0.0428615271564183	1.6381713862798075e-05	2.6836054908259064e-10	0.0018371105101803	-0.0903709086976078	-0.0131453986165297	0.0081669011388313	0.0001728015047874	-0.0001297519274872	-0.000131685357594	1.7341033404667612e-08	1.6835562686643605e-08	-0.0014615670112405	-3.756710398180002e-05	2.136178128346488e-06	1.4112873015793746e-09	0.0010244054942247	-0.0002865970473956	8.21378675758758e-08	1.0494066165977515e-06	0.0	0.0	0.0	0.0	0.0	0.0
2573.691977968881	-3.017220277308752	6623890.397461372	9.1036182018031	3228.206624224142	6.886323332055326	10421318.008684631	47.42144903360957	3046.111395525786	2.4628754598229534	6.065755530598124	9278794.633952051	3128.736955358627	2323.6077196221604	1.249388	20.65196	0.1943210202246532	0.0850771281352222	-0.067106215	-0.0396448073	0.038554976	0.0072817413	-0.0994998155	0.1274045818	0.0647357753	0.0379646342	0.0085684203	-0.0145499593	0.021576837	0.0199503296	-0.0252550144	0.0308427599	0.0197840709	0.078676023	0.0001379762	0.1236032428	0.0142293862	0.0798774966	-0.009572499	0.0067129963	0.001139317	-0.0299239754	-0.1603039064	-0.1322703121	-0.1132873976	-0.0391607256	0.0951248238	0.0588504872	-0.0266232835	0.0475421431	0.0252429417	-0.043298844	-0.0068515289	-0.0028232971	0.0175823327	0.1574967721	0.0397545205	0.0188990979	-0.0572645464	-0.0622205807	-0.0544823959	0.1002506947	-0.0994732083	-0.060808258	-0.117839199	-0.0050622907	-0.0015788701	0.0406744778	0.0710757014	-0.064175719	0.0797904025	0.100193379	0.054941034	0.084134878	-0.0679302219	-0.1155868016	-0.0129305752	0.0736419888	0.0082510633	0.0134721093	-0.0274369328	-0.0668145278	-0.0727006187	-0.2132454932	-0.106803342	-0.0168061375	-0.0967650916	0.0540804502	0.0034825887	-0.0231143186	-0.0854018451	-0.0794243079	-0.0577623402	0.020568118	0.0137812953	-0.0655911041	-0.1442208154	0.0340246834	-0.0097303186	0.0161437566	0.0014985472	0.0968827873	-0.0726713486	0.1164656618	-0.023691796	0.1016593938	-0.111850678	0.0836987949	0.0835080191	-0.005933396	-0.0452916083	-0.0018780584	0.019341501	-0.078890194	0.0383708914	0.1027748687	0.1187868813	0.0936265359	-0.0426925571	0.117999378	0.0799378539	0.0487121179	0.0053741445	-0.0393001065	-0.0742024108	-0.0906543325	0.0574228355899606	0.0401964003819017	0.0016157506036621	0.0032973820471916	0.016047136407721	-0.0268143907486973	0.0007190115512238	0.000257510586888	-0.1097579352352369	-0.019387026537629	0.0120468043471024	0.0003758567979707	0.0009620728759267	0.0010918248034139	1.1920814013498013e-06	9.255842185938716e-07	-0.0018911994038293	-0.0004296323925887	3.5766351850443e-06	1.845839927615767e-07	0.0016614123493505	0.0006370068551258	4.057777334772621e-07	2.760290994574348e-06	0.0	0.0	0.0	0.0	0.0	0.0
2576.1126997486126	2.4207217797315934	6636356.641806086	5.859893934866893	3219.624471278278	-8.582152945863982	10365981.736053932	73.65334918620182	3044.4052316864577	-1.706163839328383	2.910995046631768	9268403.214719877	3125.907152930726	2331.3277815081738	1.226772	20.278133	0.1236554217488285	0.0687532076873621	-0.0399796569	0.0819172963	-0.018749087	-0.0816126939	-0.0664916508	0.0429856492	-0.056546318	0.0411439143	-0.1078424672	0.0382810936	-0.0035984678	0.0873748382	-0.005809176	-0.0050591069	0.0455390809	-0.0827985796	0.0317420623	0.0661033694	0.0020234792	0.0413540402	0.0612739511	0.038887965	-0.0674536989	-0.0271504914	-0.0776737315	-0.0213622235	0.0444704654	0.0137930361	-0.1264685865	0.0978474232	-0.051186011	-0.0239112791	0.0705977875	-0.007396182	0.017207395	0.06962197	-0.0379408917	-0.0673511843	-0.0378833516	0.0922414779	0.0050128178	0.0009917878	0.0109189347	0.0127846187	-0.0426640948	-0.0893689617	-0.0197474661	-0.0118982433	-0.0428138622	-0.0004910633	-0.0779356975	0.1082606023	0.0528714779	0.0333809789	-0.0144715405	0.0529300162	-0.0380209348	-0.0672706938	-0.0964098791	0.0218931335	-0.0409303061	-0.0467065982	0.1041456541	0.0022912893	-0.0098088024	0.0087206674	0.0072891269	0.0010831676	0.0116520926	0.0950200607	-0.1304461838	-0.1138814664	0.0555917124	0.002438344	0.0691048291	0.0567813147	-0.0705207745	0.125276955	-0.1085293141	0.0318382311	0.0794644976	0.0042179168	-0.057046352	-0.0441861901	-0.1125732057	0.0420537418	-0.0501694015	-0.0880057693	-0.030785635	0.0559518968	0.0235252571	-0.061691116	-0.0411183738	-0.0230416018	-0.0310763385	0.0648182512	0.0565735931	-0.008205175	0.0765229634	0.016358242	0.0070483842	-0.0996928083	0.0793539824	0.0466744595	0.0017923027	-0.0435584361	-0.0775211985	-0.0912167139	0.0597968238722899	0.0023739882823292	5.635820364636817e-06	0.0035756601452136	0.0241795411242122	0.0081324047164911	6.61360064728083e-05	0.0005846502089774	-0.142872129939775	-0.033114194704538	0.0204124455135279	0.00109654989093	0.0014231708532224	0.0004610979772956	2.126113446661858e-07	2.025415277461774e-06	-0.0008628977798272	0.0010283016240021	7.44592578430711e-07	1.057404229925356e-06	0.0015501152697389	-0.0001112970796116	1.2387039930070849e-08	2.4028573494777025e-06	0.0	0.0	0.0	0.0	0.0	0.0
2572.279809711043	-3.832890037569541	6616623.41944708	14.691046040099838	3211.1571426859664	-8.467328592311787	10311530.1950231	71.69565349018072	3045.6197962848687	1.214564598411016	1.4751671637133128	9275799.943522286	3126.6913078145776	2297.8557127743875	0.992111	16.399256	0.0515458226533731	0.0338227807514286	0.0797342828	0.0022966278	-0.0240912713	-0.0520327478	-0.0563701451	0.0574739008	-0.008363048	0.0383071806	0.0511340707	0.047541416	0.0006838364	-0.0255648805	0.0296205057	0.0477678258	-0.0720704172	0.0238545122	-0.0291823234	0.0996963414	0.0892975941	-0.0208755181	0.02805611	0.0141979303	-0.0430705684	-0.0774680975	-0.0685775161	-0.0049306188	-0.0168471434	0.1137573114	0.0347508418	0.0413678079	0.0390723159	-0.0652467982	-0.0339825665	0.0132911084	0.0705472079	0.0228856073	0.0371243023	-0.0310859192	0.0115031615	0.0028902985	0.0659825591	-0.016997895	-0.1024663287	-0.034336847	-0.1507174854	0.1774194316	0.017093773	-0.0157255621	0.0945254293	0.0139161748	0.027466608	0.0446070955	0.0021329648	0.1046734286	-0.0100832553	-0.0168808669	-0.0381375013	-0.0682247857	-0.0339507611	0.0330280612	-0.0403624993	0.0147886038	0.0513426746	0.0297605052	0.0512887005	-0.1233461496	0.0808484945	0.0257640808	0.0205546315	-0.0382922769	-0.0621494916	-0.0486689649	-0.0002508952	0.0341440556	-0.1098755371	-0.0293452631	-0.0743468168	0.0267971753	-0.0897192833	0.0088880689	0.0201064094	-0.0126266612	-0.0455949019	0.1324694093	-0.0352422715	0.0223416124	0.0049283349	-0.0673359586	0.0253933528	0.0591882314	0.014532726	-0.0457177189	-0.0082517121	0.0127416876	0.0093314419	0.0161217515	0.0045352019	-0.0488557793	0.0567781819	-0.0362285317	-0.0428371897	0.0383642091	0.0787565141	0.0446048127	-0.0017923027	-0.047697375	-0.0805080284	-0.0912167139	0.0599389335191773	0.0001421096468873	2.0195151738461285e-08	0.0035926757514163	0.022692958360551	-0.0014865827636611	2.2099283132145622e-06	0.0005149703591537	-0.1427804638033905	9.166613638450503e-05	0.0203862608439113	8.402680559662681e-09	0.0010127536161712	-0.0004104172370512	1.684423084687409e-07	1.0256698870678422e-06	-0.0003407479949393	0.0005221497848879	1.1610919605515325e-07	2.726403978584804e-07	0.0014861730095492	-6.394226018970007e-05	4.088612638167303e-09	2.208710214312526e-06	0.0	0.0	0.0	0.0	0.0	0.0
2576.463566376329	4.183756665285728	6638164.508864631	17.50381983432275	3224.874328051608	13.7171853656414	10399814.431726309	188.1611743553665	3046.052426390853	0.4326301059841171	0.1871688086038284	9278435.384321602	3127.495293150557	2311.5869178666303	0.969387	16.023634	0.1430367517329247	0.0645069802316075	0.0284494048	-0.0541713149	0.0411515683	0.0426931938	-0.0192314567	0.0644383842	0.0262003949	0.0067573036	0.0450830329	0.0394408829	0.0478435831	0.0021326448	0.0007179443	0.0262186498	0.0696435263	-0.0109715617	-0.0329872863	0.0294801968	-0.0011005808	0.0146151734	-0.0087175661	-0.1988558852	-0.0771173737	0.0165911069	0.0173532467	-0.011859627	-0.0121054203	-0.0264520866	-0.1251682498	0.0348479198	-0.01332266	-0.0029280311	0.1129720257	0.0066799524	0.0839442053	-0.0280017795	-0.0699358217	0.0349122082	-0.0289942286	0.0743619597	-0.0330920038	0.0467880562	-0.0258433557	-0.0975291825	-0.031554868	0.0521326617	0.0248876176	-0.0221921262	-0.0629459826	0.0425518118	-0.0058044812	-0.0310362551	0.0272659266	0.0187390207	0.0732056831	-0.0522624734	-0.073597986	-0.026251419	-0.1054048935	-0.1287490186	-0.0749563857	0.0669018211	0.0204285661	-0.032618671	-0.0831334732	0.0214042357	-0.0766265787	0.0966930994	0.0096610961	-0.0020806363	-0.1680675517	0.053535018	0.1014292634	-0.0450262138	-0.0138155397	-0.0699207477	-0.1133109035	0.0685467314	-0.0648268058	-0.0038433788	-0.0120725726	-0.0120467139	-0.0184197328	-0.0545006174	-0.0328596363	0.096823077	-0.0009133408	0.0466039845	0.0607807069	0.0630175028	0.0890406795	0.0271103991	0.013660781	0.0007014299	0.0153409293	-0.0097961493	-0.0443624975	-0.08917927	0.0693133415	-0.0239870067	0.0149747265	0.0764163857	0.0781455512	0.042504596	-0.0053741445	-0.0517055788	-0.0831501106	-0.0906543325	0.0497525579604172	-0.01018637555876	0.0001037622470241	0.0024753170236046	0.0427608569609674	0.0200678986004164	0.0004027205542365	0.0018284908880363	-0.1012880444278465	0.0414924193755439	0.0102592679440174	0.001721620865636	0.0003270312562172	-0.0006857223599539	4.70215154940883e-07	1.0694944254299992e-07	-6.18324154633143e-05	0.0002789155794759	3.82324760202791e-09	7.779390047442491e-08	0.0010250097850151	-0.0004611632245341	2.126715196626887e-07	1.0506450593767014e-06	0.0	0.0	0.0	0.0	0.0	0.0
2582.644425974351	6.18085959802238	6670052.231016386	38.203025370465376	3239.981551468738	15.107223417130172	10497480.45385777	228.2281993750862	3049.2468016454777	3.1943752546249016	10.204033267359904	9297906.057345176	3131.052355567445	2328.380597059086	1.102668	18.226732	0.0978446104656057	0.0458200957205636	-0.063749615	0.0766432171	0.0332930856	-0.0221701544	-0.0465160853	0.05836798	-0.020236961	-0.0364765851	-0.0730955892	-0.036963384	-0.0071794008	0.033128081	0.0552515809	0.0933616569	-0.0719379176	-0.0155004924	0.0264067611	0.0180629805	-0.0244622509	0.0885175721	0.0301823066	0.012133893	-0.0708086492	0.0536252859	0.1063348076	-0.0496301497	-0.0579138488	0.0251422062	-0.0163445857	-0.0798906287	-0.0025168898	-0.0191530847	0.0256379573	-0.0191039342	0.0748322385	0.2411799197	0.1610327225	0.0159329901	-0.0295295913	0.1316378957	0.0154070815	0.0692093458	0.0797591424	0.0009741717	0.0606616662	-0.0501121301	0.075371595	-0.0992078304	0.0636616616	-0.0342737234	0.0001469586	0.0444316898	0.0818522541	-0.0277537126	0.0451872233	0.0397856927	-0.0170694871	-0.0064996637	0.0087045685	-0.0826579727	0.1044271128	0.0756552746	-0.0423069603	0.0597321427	0.0682773113	0.0310594197	0.1164706171	0.0889137234	-0.0493708381	-0.0928639045	-0.1254850606	0.0408659559	-0.1022387281	0.1313278918	-0.0637567914	0.0455792239	-0.0009294358	0.0645418991	-0.0635014135	0.0149059188	0.0591968163	-0.0366644558	-0.0401736785	0.0554429831	-0.0640905187	-0.0490704858	-0.0944928596	0.0051304415	-0.0405792852	0.059945549	-0.0705418924	0.0534653726	0.0167222038	0.007642857	0.0047559251	0.0042577398	0.0149564169	0.0035506039	0.0013718544	0.0124868506	0.0527121082	-0.1011265983	0.0775211985	0.0403752488	-0.0089476998	-0.0555720611	-0.0854361313	-0.089533037	0.0446933691606972	-0.0050591887997199	2.5595391311212276e-05	0.0019974972469343	0.0241038791808989	-0.0186569777800685	0.0003480828198859	0.0005809969915673	-0.123754791049393	-0.0224667466215465	0.0153152483076789	0.0005047547037567	0.0009269172072798	0.0005998859510626	3.598631542822801e-07	8.591755091513837e-07	0.0001315859578883	0.0001934183733516	1.7314864313381458e-08	3.741066714998446e-08	0.0012649394058863	0.0002399296208712	5.756622297139776e-08	1.6000717005639854e-06	0.0	0.0	0.0	0.0	0.0	0.0
2584.3258705700814	1.6814445957302269	6678740.205297809	2.827255928510386	3219.308860544778	-20.67269092396009	10363949.539582117	427.3601500375819	3048.746733495794	-0.5000681496835568	0.2500681543279362	9294856.645001275	3128.097866496634	2321.222263970203	1.287222	21.277353	0.1862399096219611	0.1051910071842189	0.1032434426	0.0558677128	0.0787414427	-0.1096535744	0.0047010453	0.0486343546	-0.0557392081	-0.0598177795	0.0628722293	0.0442904251	-0.0452582452	-0.0003929189	-0.0031160294	0.0891172109	0.0826946908	0.021091648	0.0583497783	0.0174794442	0.1686825454	0.0614811798	-0.1345139032	0.1249520441	-0.020602454	0.0435254656	0.005993411	-0.1407585077	-0.0908797092	-0.131643066	-0.1584934068	-0.0788496821	0.0388773891	-0.0748464278	0.144740688	0.1639692222	-0.1000268175	-0.1633242704	-0.1378706762	-0.0425412515	-0.0177365657	-0.0545152965	-0.0550355525	0.0604130031	0.0704349161	-0.0761866643	-0.0554134543	0.080275245	0.0236899188	-0.0988982065	-0.0654555185	0.0607231249	0.022442758	0.0546694885	-0.0846528481	0.0960332449	-0.0133674798	0.0829476624	-0.0757176222	0.0279968196	0.1157565472	0.0952857175	0.2053149911	0.130156599	0.0063296418	0.0308026377	-0.1711445471	0.0596768605	0.0218189485	0.1482359711	-0.0782653467	0.0977670015	0.057971643	0.0552945037	0.1565732153	-0.0936309736	0.2278537424	0.0485360307	0.0342348718	0.0591839691	-0.0667930027	0.0664467003	0.1371165811	-0.0430597556	-0.1058734843	0.0286689571	-0.0216294579	0.126573108	0.0447643025	-0.0964546794	0.0509679664	0.0514763781	0.1437187182	-0.1468987841	-0.2357407927	-0.1693941305	-0.0674086971	-0.0499854741	0.1679384955	0.1105108443	-0.0651359066	0.2257578574	0.0706724722	0.0603476316	0.0768835629	0.0382182304	-0.0125074584	-0.0592862243	-0.0873563013	-0.0878597406	0.0186615967703147	-0.0260317723903825	0.0006776531737846	0.0003482551940178	0.01609719915416	-0.0080066800267389	6.410692505057966e-05	0.0002591198206086	-0.2141362237399278	-0.0903814326905348	0.0458543223175964	0.0081688033751936	0.0013949489492899	0.0004680317420101	2.190537115290088e-07	1.945882571124996e-06	0.0001868851128099	5.529915492160002e-05	3.4926045389969054e-08	3.057996535043119e-09	0.0005518698125319	-0.0007130695933543	5.084682449666092e-07	3.045602899839945e-07	0.0	0.0	0.0	0.0	0.0	0.0
2584.049318867372	-0.2765517027091846	6677310.88233893	0.0764808442713492	3230.647996212076	11.339135667298253	10437086.475429105	128.57599768139536	3045.538572346506	-3.208161149288117	10.29229795980165	9275305.195650397	3131.386700049867	2325.346733980892	1.419346	23.461306	0.1809807420189714	0.1013999279359929	-0.059639149	0.0220653677	0.1490631659	-0.207834233	-0.0376142378	0.1643248422	0.018488627	0.0028010107	-0.0580613733	-0.0019057209	0.0725860812	0.0100834072	0.1720650482	0.0331914486	-0.0346744232	-0.0325753278	0.0851116042	0.0622343624	0.0930405749	0.0876027367	0.2126490207	-0.0468884685	0.0282775484	0.0669352578	0.0499766946	-0.071806057	-0.0479930113	-0.0097232088	-0.0139722524	-0.0842132881	0.1887555958	-0.03509357	0.0609572087	-0.0985615268	0.0167757936	0.0914946705	-0.0414580415	0.0231918982	0.0224352581	-0.0946013585	-0.0298923594	0.0507356171	0.1204392255	0.0208924084	-0.100334271	0.0105157493	-0.0299442678	-0.0570508975	0.0216689294	-0.0555147403	-0.0161968645	0.0835074547	0.0519954905	0.0536560636	0.1615368447	0.039103639	0.1710728526	-0.0566341495	-0.0802526666	-0.0520172499	0.1181713065	0.0009153609	-0.0225490392	0.001849432	0.0602439056	-0.0230368434	-0.0606275285	0.1174379903	-0.1554567286	-0.134088054	-0.0239741486	-0.1237226186	0.048195852	-0.0840820828	0.0141299539	0.055406414	0.0779688108	0.0709186299	-0.0641516879	0.1248969976	0.2329165724	-0.0887654879	0.0434195333	0.070407305	-0.1481239515	0.0648497399	-0.0402952727	0.0171293994	-0.0085936092	0.1426654418	-0.2129551024	-0.0484703609	0.0134151527	-0.0149150801	0.0537584472	0.1992116987	0.0502266434	0.0234423894	-0.1988329891	0.0894543022	0.1179683453	0.0388465451	0.0762327537	0.0360350191	-0.0160479313	-0.0628378881	-0.0889023983	-0.0856447597	0.0653683890475775	0.0467067922772627	0.0021815244448313	0.0042730262866754	0.0211057505274823	0.0050085513733223	2.5085586859208694e-05	0.0004454527053283	-0.2139016419786514	0.0002345817612763	0.0457539124411631	5.50286027235317e-08	0.0030061431328813	0.0016111941835914	2.5959466972387577e-06	9.036896535369396e-06	0.0007963725631117	0.0006094874503018	6.342092592770986e-07	3.714749520753891e-07	0.0009118045107809	0.000359934698249	1.295529870035987e-07	8.313874658803964e-07	0.0	0.0	0.0	0.0	0.0	0.0
2582.9430756952734	-1.106243172098857	6671594.932282159	1.223773955815341	3234.06091065202	3.412914439943961	10459149.973807374	11.647984974378002	3048.968852037301	3.4302796907950324	11.766818757080864	9296211.060693655	3128.5777393097574	2331.104864168035	1.186054	19.605066	0.1692262071272253	0.0948207225790023	0.0749214491	0.0098640172	0.1046313711	-0.1316226635	-0.0649012373	0.0064018735	0.021076311	-0.0600574041	0.0109394776	0.0667376623	0.0181773585	-0.1189779023	0.0595394631	0.0938401627	0.041497458	0.0885838078	0.0179670358	-0.0119904086	0.0643662189	-0.0138681038	0.1328398586	-0.0359358175	0.0857671307	0.0761844354	-0.1037507665	-0.0698203177	-0.0346345829	0.0973883823	0.0795349509	-0.0724996777	-0.1089031364	-0.1747517756	0.0543514952	-0.1080948848	0.0426212688	-0.1611094317	0.0337736023	-0.0352194598	0.005505679	-0.1017611458	-0.0106477864	0.0324951005	-0.1211036651	-0.0370308229	-0.0640045121	0.0018262574	0.0219644337	-0.0751346456	-0.0019333255	0.0673521866	0.0783971269	-0.0286943754	-0.0473797867	0.02705027	-0.0071488326	0.0186230893	0.1327764678	-0.1140191107	-0.0977116012	-0.0131647742	0.0589208848	-0.0466115052	-0.0112589712	-0.0237184945	-0.0820399254	-0.1816360629	0.142429678	-0.0136485179	0.0523610891	-0.0326764027	0.0858781877	-0.0155591444	0.1224552756	-0.0985219456	0.0057277788	-0.0976146693	0.0787904109	-0.0875711485	-0.0993980316	0.0482518609	0.1300980858	-0.0184499672	-0.0239484606	0.0807203475	0.0190839407	0.0970450442	0.0393154323	-0.0076547358	0.0087077297	0.1789204375	-0.0731482212	-0.0692199843	0.0910031588	0.0616619784	-0.1238004514	0.151467968	0.1030233873	-0.0035264301	0.0502101001	-0.007743834	-0.0083354226	0.0750729505	0.0755688824	0.0338271112	-0.0195636596	-0.0662173176	-0.0900678015	-0.0829017503	0.0721174171946046	0.0067490281470271	4.554938092936409e-05	0.0052009218628206	0.0212537601988174	0.000148009671335	2.1906862808724222e-08	0.0004517223225888	-0.1859995522701183	0.0279020897085331	0.0345958334446844	0.000778526610103	0.0019588685695669	-0.0010472745633143	1.0967840109653669e-06	3.837166072837073e-06	0.0005512615046445	-0.0002451110584672	3.0388924650291805e-07	6.007943098291117e-08	0.0023079604810059	0.001396155970225	1.949251493194911e-06	5.326681581884985e-06	0.0	0.0	0.0	0.0	0.0	0.0
2571.06179199938	-11.881283695893217	6610358.738279064	141.16490226229797	3251.6763286941623	17.61541804214221	10573398.946589945	310.3029527994293	3042.6796442511622	-6.289207786138832	39.554134577229306	9257899.41754038	3124.9817702273103	2362.335022627812	1.478163	24.433542	0.2251159341010921	0.1391058581998376	-0.1115325134	-0.0487021447	0.0191442814	-0.063858763	-0.1017651746	-0.0473489117	0.1342063459	-0.0030462061	-0.0479222993	-0.0031919471	-0.083954436	-0.0419211457	-0.0478597437	0.0218576401	0.0001527995	-0.076190547	-0.0573204883	0.0377331266	0.0021343519	0.102665994	0.0355264183	0.0304768307	0.0621854232	-0.0447807146	-0.0543154588	0.0152004944	-0.0979141763	0.0971423329	-0.0956454215	0.0518374191	-0.0047931569	0.0347926011	0.0223106233	-0.0167863778	-0.0206582831	0.0149686502	-0.1122694644	-0.0406849758	-0.1104848716	-0.0448931197	0.1450976207	-0.0661110894	0.042505454	-0.0031618189	-0.0402271269	-0.0264125937	0.0530753541	0.0089053939	0.0316061581	0.0436882115	-0.1026939048	-0.0359752136	0.0405240036	0.0246519678	0.0303103247	0.0323032577	0.0292962527	-0.0891161887	0.0371083253	0.0723712343	-0.0516086878	-0.1189138846	0.024216638	-0.110443072	-0.1133047812	0.0701521305	0.0189885346	-0.0221210854	-0.1048885909	-0.0371812491	-0.0331118726	-0.1001990976	0.0249073574	-0.0453406061	-0.0111882242	0.0823066427	0.0092745065	0.0673685312	-0.0804067702	0.0392923585	0.0298425728	0.0127149796	0.0780252137	-0.0273674236	-0.1120956923	0.013083623	-0.0300464757	0.0785320448	-0.0588641984	0.0492331825	-0.082003924	-0.1210051801	0.0311899423	0.0493325026	0.0202164942	0.0371701921	-0.052498269	0.0449628681	0.0283632065	-0.0413746596	0.0005295777	0.0635117262	0.0748920628	0.0315960199	-0.0230492221	-0.06941525	-0.0908475206	-0.0796476241	0.0808919397219796	0.0087745225273749	7.699224558341131e-05	0.0065435059119843	0.0210576794928698	-0.0001960807059476	3.844764324490927e-08	0.0004434258656244	-0.0607676376281887	0.1252319146419296	0.0036927057829108	0.0156830324448835	0.0014239000650546	-0.0005349685045123	2.861913008201268e-07	2.027491395262494e-06	0.0001410213635102	-0.0004102401411342	1.988702496627597e-08	1.6829697339789036e-07	0.0014349008021357	-0.0008730596788702	7.622332028689369e-07	2.058940311969675e-06	0.0	0.0	0.0	0.0	0.0	0.0
2567.314830772308	-3.7469612270720063	6591105.440303445	14.039718437180955	3240.9053150013183	-10.771013692844008	10503467.260803794	116.01473597143313	3037.117737752528	-5.561906498634471	30.93480389955236	9224084.152971031	3120.0635247413147	2354.224594179613	1.101009	18.199312	0.1721601344791337	0.0953375620940751	-0.098579632	-0.0048600691	-0.111746119	0.0381503297	-0.073303523	-0.0549960649	0.0166501967	0.0681181667	-0.1084945355	-0.0684390825	-0.0652407607	0.0470216287	0.0483149321	-0.0405676779	-0.0597363756	0.0882660394	-0.07338406	0.0566272311	-0.0491749236	0.0690763403	-0.0330123145	0.0401810408	-0.1010540378	-0.0295600946	-0.036735143	-0.0172713951	-0.0170083404	0.0424055075	-0.0295308771	-0.0017513701	0.1165549846	-0.0876048799	-0.0879352081	0.0399924262	0.0345092636	0.082385796	-0.1051244084	0.022544923	0.0963780892	0.0109126099	-0.0587477153	-0.0342157171	-0.0708322747	-0.0198456809	0.0806056474	-0.1003879781	-0.0222209017	0.0785060355	0.0797483483	0.0278402917	0.0570990445	-0.0059741652	0.087586071	-0.0150510902	-0.0470343619	0.0722914951	-0.1194930868	-0.041412306	-0.0013095052	0.009212296	-0.0349033784	-0.0891051603	0.047930078	0.0545052008	0.1238840921	-0.0268217789	0.0338840034	-0.021376597	-0.1153483048	-0.0565847539	0.0540986725	0.1460186314	0.0141665437	-0.0568175816	-0.0093115632	0.0015658362	0.0024258424	0.0370001319	-0.0281455894	-0.0088202409	-0.0661813803	0.0880350581	0.0094869497	0.0618892101	0.0500437623	-0.0179413646	-0.1121157646	0.0139634733	-0.0302970105	-0.0478395913	0.0448376086	-0.0923495685	0.0095292711	0.0573353587	-0.0002735201	0.0447985628	-0.0162765129	-0.0694426303	0.0729684698	-0.0539358919	-0.0938564085	0.0175250264	0.0742024108	0.0293432743	-0.0264992443	-0.0724229201	-0.0912382167	-0.0759024438	0.0554360122076076	-0.025455927514372	0.0006480042456169	0.003073151449482	0.0207464008984032	-0.0003112785944665	9.689436337310148e-08	0.0004304131502372	-0.0240748956513385	0.0366927419768502	0.0005796006006228	0.0013463573137797	-0.0001200676998652	-0.0015439677649198	2.383836459111443e-06	1.4416252550919749e-08	0.000790914441161	0.0006498930776508	6.255456532370169e-07	4.2236101237842885e-07	0.001435043687434	1.4288529830001374e-07	2.041620847028391e-14	2.059350384844172e-06	0.0	0.0	0.0	0.0	0.0	0.0
2567.086865374207	-0.2279653981013325	6589934.974376771	0.051968222731499	3205.993174359842	-34.91214064147607	10278392.234041898	1218.8575641702053	3034.648208337328	-2.4695294151997587	6.098575532536862	9209089.748364955	3118.217776034741	2290.798271580746	1.119575	18.506197	0.0848990874009891	0.0418205073626997	0.0612088051	0.0100916104	-0.1130522477	0.0383320658	-0.0296940067	0.0336962094	-0.0354835089	0.0404529712	0.0591609873	0.041021513	-0.0276519716	-0.002376889	-0.0110246228	-0.1067130384	0.0429377436	-0.038094654	0.0360417286	0.0254317797	0.0275290715	-0.0919072763	0.0403395456	-0.0079393443	-0.0599707542	-0.1017351881	0.0881294136	0.0403443748	0.1032870733	0.1848346363	-0.1969158214	0.0142213874	-0.0219694917	0.1209778128	-0.0128044282	0.0092131948	0.0119696561	-0.0177782592	-0.0253449056	-0.0059935138	-0.0167820142	-0.0985534455	-0.0115006805	-0.0640388091	-0.0353572841	0.0969916474	0.07132129	-0.0588147989	0.0076501768	0.0696742565	-0.0716552796	-0.0259287538	-0.0431431098	0.0490408091	-0.0345991753	0.0607956384	-0.0539757634	-0.0104400886	0.0271116105	0.0071220035	-0.0086504842	-0.0691494214	-0.1202698774	-0.0764601637	0.199345906	0.0196091873	-0.0916839406	0.1143765967	-0.0424562318	0.0356673342	0.0594514288	-0.0420818614	0.0033319589	0.0738046575	0.0402533279	0.0657631537	-0.0630754916	0.0014148477	0.1207265059	0.0133364303	-0.0269604114	-0.0151260512	-0.0773986782	0.0827937333	-0.0114739896	-0.0800557939	-0.0157117781	-0.0051667297	0.0258053887	-0.096255319	0.0242315811	-0.0101351456	0.0163484019	0.0297878482	0.0156817122	0.0411631272	0.0097357929	0.0231718592	0.0129044156	-0.0624466143	0.0291304856	-0.0270770542	-0.0845225648	0.0448096707	0.0735000446	0.0270704183	-0.0299084066	-0.075232084	-0.0912382167	-0.0716892996	0.0637073394369025	0.0082713272292949	6.841485413407532e-05	0.0040586250981287	0.0486782009751465	0.0279318000767433	0.0007801854555271	0.0023695672501767	-0.0468461012684144	-0.0227712056170759	0.0021945572040505	0.0005185278052551	-0.0003806810886406	-0.0002606133887754	6.791933840899782e-08	1.449180912485924e-07	0.0008176832738819	2.6768832720900086e-05	6.686059363862223e-07	7.16570405239531e-10	0.0016661565554952	0.0002311128680612	5.341315778347368e-08	2.7760776674196294e-06	0.0	0.0	0.0	0.0	0.0	0.0
2574.6019117602063	7.51504638599954	6628575.004039309	56.47592218372474	3227.2047884888443	21.2116141290021	10414850.746845324	449.9325739576816	3040.8019444752326	6.153736137904616	37.86846845495322	9246476.465524357	3121.205259282538	2299.1717346909963	1.0561	17.456982	0.0479650202111731	0.036986317961679	-0.0110812125	-0.0455686366	0.0466424504	0.0809784514	-0.0014244467	0.1166825732	0.0020566252	-0.0233118398	0.0852439277	-0.06489052	0.0366652014	0.0386851985	0.0303596996	0.0139201375	-0.1020616727	0.0188045646	0.0306216733	0.0525682445	-0.0375164059	-0.0212404251	-0.0103877711	-0.0239241083	0.0549266232	-0.0362093095	-0.032498329	-0.141841045	0.0675271894	0.0079253996	0.0592004198	0.1976325114	0.0562391108	0.0688170115	-0.0783895701	0.0588756545	0.057067619	0.0251114879	0.0210115101	0.062840069	0.0370251343	0.0162898527	-0.0086296191	-0.0653684519	0.0964323942	-0.0551592389	0.0496147051	-0.0966387365	0.0879957473	-0.0284952223	0.0463783284	-0.1048251794	0.0360422713	-0.1207859805	0.0436969953	0.0444115568	0.001778435	-0.0164388219	0.0002125294	-0.0549905104	0.0067261415	-0.002660994	0.0046166907	0.0853152489	0.0901267591	-0.1154949493	0.0568037657	-0.0856084918	-0.1307944634	-0.0439774041	0.0572836865	0.0356043244	-0.0582251506	0.0161148938	-0.0477637762	0.028286905	-0.1448260477	0.0077828501	-0.0352741093	0.0232352497	-0.031448457	0.0036536457	-0.0761593675	-0.0158975487	0.0303136358	0.0455761489	0.0078798095	-0.0753887654	-0.0101223299	0.1136926383	-0.0207509663	0.0489749555	0.0075821104	0.1317227212	0.0310553616	0.0686984346	-0.0278389287	-0.0337784999	0.0496933001	-0.0412960685	0.0317166655	-0.0028491938	-0.0660355779	0.1133093947	0.0727850846	0.0247790096	-0.0332714524	-0.0778350419	-0.0908475206	-0.0670341672	0.0646712669372391	0.0009639275003365	9.291562259051562e-07	0.0041823727672676	0.0489426496245926	0.000264448649446	6.993308819386343e-08	0.0023953829522756	-0.0828824579738949	-0.0360363567054805	0.0068695018397944	0.0012986190046046	-0.0004607438865193	-8.006279787869995e-05	6.410051604165561e-09	2.1228492896490963e-07	0.0008330901997739	1.5406925891999932e-05	6.940392809593166e-07	2.3737336544157794e-10	0.0017846925788427	0.0001185360233474	1.4050788831039056e-08	3.1851276009762067e-06	0.0	0.0	0.0	0.0	0.0	0.0
2576.611904620265	2.0099928600584462	6638928.907030868	4.040071297485933	3197.3733996057804	-29.831388883063937	10223196.656506626	889.9117626925906	3040.14512830863	-0.6568161666027663	0.4314074767107528	9242482.401178695	3120.792538776804	2307.934468953564	1.151706	19.037306	0.1445398375707877	0.0798416633258544	0.0322886847	0.1131103061	-0.0556583686	0.0486474133	-0.0258687406	-0.0007184692	-0.1278003213	-0.0181668928	-0.0310375924	0.0509491307	0.0008899988	0.0232159834	-0.0814989168	0.0076080274	0.0899170161	-0.0320205466	-0.0505492151	-0.0179335687	-0.035355252	-0.085038734	0.0708944056	0.0580890501	-0.0771768175	-0.0113154401	0.0040008547	0.0250450358	0.0753259013	-0.0871304483	-0.0353558743	0.1420422129	-0.0425004623	-0.0107880961	0.0099181642	-0.0552561267	0.003950878	-0.0212518605	0.0142537072	0.0028401735	-0.0187231972	-0.0012707743	-0.0983157314	0.0709801429	-0.0163435687	0.0018727649	-0.0304407254	0.0360905544	0.0411273334	-0.0273750371	-0.0732049476	0.0490098031	-0.0197532494	0.0882335739	0.0408153608	-0.0531043894	-0.105761368	-0.1049785619	-0.0063906488	0.0239543836	-0.0653104938	0.0302981685	0.0221882165	0.1129652511	0.0558572444	-0.0701850122	-0.0147967602	0.0772261868	-0.0001173692	-0.1441960639	0.0016235512	0.0388686608	-0.0552314415	0.0021634356	0.0130725235	-0.0516511683	0.0228146546	-0.0108820951	-0.0372997218	-0.0507982181	0.0197031928	-0.0070850238	-0.0621391382	0.0263627112	-0.0379959797	-0.078029629	0.0695330593	0.0158817152	0.0509732946	-0.0657008396	-0.1125083737	-0.0693749686	-0.0143922291	-0.0111065677	-0.0245851283	0.0696311852	0.0148979314	0.0050875145	-0.0567777883	-0.0113396957	-0.015156428	0.0027783977	0.0201327497	0.1108191836	0.0720576532	0.0224706185	-0.036583196	-0.0802246594	-0.0900678015	-0.0619657467	0.0308146349838693	-0.0338566319533698	0.0011462715272259	0.0009495417291891	0.0486655537382887	-0.0002770958863038	7.678213020654186e-08	0.0023683361206542	-0.0639093646798159	0.018973093294079	0.0040844068937776	0.0003599782691458	-0.000406820413477	5.3923473042299984e-05	2.907740944943653e-09	1.6550284882159726e-07	0.0013114012435344	0.0004783110437604	1.7197732215435705e-06	2.287814545832589e-07	0.0004882667669048	-0.0012964258119379	1.6807198858588434e-06	2.384044356636663e-07	0.0	0.0	0.0	0.0	0.0	0.0
2575.03202793894	-1.579876681325004	6630789.944911329	2.4960103281945085	3212.6834630673648	15.310063461584376	10321335.033866515	234.398043197741	3040.846203950285	0.7010756416552795	0.4915070553223618	9246745.63607886	3121.347608590633	2312.9502732549017	1.130599	18.688427	0.0779050462582767	0.0405981532961212	0.0507982038	-0.0525484167	0.0408149543	0.0652847167	-0.0072825524	-0.0396703045	0.0282730201	-0.0247531066	0.0458076033	0.0418775618	0.081012182	-0.0038023989	-0.0376132984	0.0333618248	-0.0828525362	-0.0369432244	-0.0629771096	0.0557959618	-0.0120673192	-0.0669437975	-0.0281012684	-0.0622079147	0.032599307	0.0452486891	0.1316328961	0.0372218613	-0.0848604313	-0.0173703699	0.0766848839	0.028582732	0.0401976464	0.0951629618	0.0077318537	-0.0275857359	0.1105826198	0.0794311343	0.0972938848	-0.1291832876	0.1057294322	-0.1039100299	-0.0869636063	0.0320919168	0.0525288813	-0.0346576872	0.0041695457	0.0374210097	-0.0191396871	-0.0125978493	0.0980814979	0.0066621001	-0.0364189734	-0.0114967409	0.0040599252	0.0524758975	0.0195009025	-0.1464072382	-0.0259538528	0.0919803419	0.0059007526	-0.0267453195	0.1145723515	-0.0522290825	-0.088720523	0.0145954919	0.0827210338	0.063055777	-0.0707411299	0.0348300782	0.0817890803	-0.0513443376	-0.0774468666	-0.0499659347	-0.0425053735	-0.0148256462	-0.0478696376	-0.0416983978	0.1044730738	-0.0083380526	0.0316569905	-0.0123333445	-0.0561379107	-0.0403426588	-0.0003526894	0.0268602896	-0.0053395859	-0.0799979184	0.0565487512	0.0808513282	0.0862069177	-0.0494998957	-0.0251442625	-0.0079933393	-0.0689931827	0.0568018028	0.0488117331	0.0091252594	-0.0785075522	-0.108185791	-0.0709934303	-0.0070422806	0.0634110964	-0.0392771441	0.0713178751	0.0201468273	-0.0398385309	-0.0823943867	-0.0889023983	-0.0565152869	0.0196472377968461	-0.0111673971870231	0.0001247107599327	0.0003860139530458	0.0487751939458149	0.0001096402075261	1.2020975106387926e-08	0.0023790195444518	-0.0942846333127107	-0.0303752686328948	0.0088895920789123	0.0009226569445205	-0.0005500218617571	-0.00014320144828	2.0506654789518148e-08	3.025240484107464e-07	0.0011809899030099	-0.0001304113405244	1.3947371510113332e-06	1.7007117737397058e-08	3.682475109274824e-05	-0.000451442015812	2.037998936404488e-07	1.3560622930428623e-09	0.0	0.0	0.0	0.0	0.0	0.0
2577.0283079184624	1.9962799795225687	6641074.899813093	3.985133756642629	3231.539356442317	18.855893374952306	10442846.612235624	355.54471496757014	3046.201545200465	5.355341250179663	28.67967990587588	9279343.8539817	3126.118126532372	2340.412069199158	1.040867	17.205175	0.1335455743431776	0.0601349700960855	-0.0685875861	0.0035785479	0.052766794	0.1107804577	0.0339729893	-0.0456658602	0.0519043564	-0.0498546889	-0.0003884118	-0.0322345874	0.0128682553	0.0056025591	-0.0695523532	0.0742752892	0.0704574795	0.0759817988	-0.0898975841	-0.0388625751	-0.0973369059	-0.0846098321	-0.0339986627	-0.0221975945	0.0325155935	0.1009676076	-0.0202270667	0.1200376058	-0.0500484466	-0.1580905944	0.0361320222	-0.1172475064	0.0739933729	0.0198861488	-0.0114928985	0.0745816579	-0.0045161633	-0.0375864239	-0.1289339816	0.0423999403	0.1674924596	0.0609204411	-0.0067835226	-0.0208715982	0.0043142646	0.0197413575	-0.034875403	-0.0886766625	-0.0039501348	-0.0406018462	-0.0267523417	0.1057904672	0.0593454888	-0.0937911744	0.0441976221	-0.0735033908	-0.0256820683	-0.0773561859	-0.0017838497	0.0827975837	-0.0500318557	0.0488070072	0.0393167043	-0.0073963564	-0.1464260084	-0.0473046968	-0.0503444609	0.0355160733	-0.0719800645	0.0209831789	-0.0476129788	0.0188747449	0.0876707471	0.0851713621	-0.0594981493	0.0293704221	0.0599672472	-0.1282820827	0.013204231	0.0850984737	0.0374525776	-0.0225570855	-0.0785323374	0.0241524907	-0.0443679968	-0.0553389836	0.1381313979	0.0140268114	-0.0387268241	0.1076087227	-0.0324010496	0.0176409527	0.0616422045	-0.0029052089	0.0227001738	0.0120243585	-0.0006694951	-0.0764164776	-0.0416169656	0.028477858	-0.0565651869	-0.0019711257	-0.0251777833	0.0796961347	0.0705658771	0.0178092284	-0.0430324377	-0.0843382767	-0.0873563013	-0.0507163915	0.0335389759099058	0.0138917381130597	0.0001929803878018	0.0011248629050852	0.0264317363435822	-0.0223434576022327	0.0004992300976227	0.0006986366861366	-0.055735963843233	0.0385486694694777	0.0031064976655341	0.001485999917867	-0.0007246676367186	-0.0001746457749615	3.05011467119029e-08	5.251431837073208e-07	0.0006553144611232	-0.0005256754418867	4.2943704295719e-07	2.7633467020277734e-07	0.0005117377174127	0.0004749129663199	2.255423255788156e-07	2.618754914227604e-07	0.0	0.0	0.0	0.0	0.0	0.0
2573.4550133048688	-3.573294613593589	6622670.705503962	12.768434395536955	3212.4487446978046	-19.090611744512444	10319826.9373105	364.45145677971647	3036.826153339784	-9.375391860680793	87.89797254131966	9222313.085608508	3118.97110011324	2332.364720796284	1.054446	17.42964	0.0791677104360109	0.037491241704368	-0.0646847448	0.0655942487	-0.0468847738	0.0681665114	-0.0090651268	-0.0803731264	-0.0682170592	0.0195311382	-0.104971291	-0.0222155384	0.0164215883	0.0451742638	0.0229317093	-0.042472895	-0.0206101184	-0.1002648803	-0.0289520076	-0.0025654688	-0.102271453	-0.0556061801	0.0189159275	-0.021581798	-0.0220743736	0.0739106762	0.051309172	0.1281158199	0.0049072868	0.0489144463	0.0570753547	-0.0349958286	-0.0411030479	0.0750796294	-0.0802214274	0.0958730548	0.0511098551	-0.1106871254	0.0095885349	-0.0976603861	0.0798507047	0.0962930144	-0.0309280992	-0.0731526473	0.0812396871	0.0606921339	-0.004808387	0.026601305	-0.0145462131	0.025333965	0.0220539254	-0.0280488519	-0.0964295084	0.0582172761	0.0664960663	-0.0731501238	-0.0536075055	-0.0528596155	-0.031958465	0.0900840792	-0.0566467482	-0.0071866664	0.0294724156	-0.1353143022	-0.1108923369	0.0245658938	0.0281441445	0.1033023822	0.0380419359	-0.0360834665	0.0997863976	-0.004572308	0.1432159387	0.0079720459	-0.0643005058	0.0889313622	-0.0483402455	-0.0502866556	-0.0284385181	-0.0904255655	0.0409729846	-0.0146114473	-0.0750679634	-0.0135123683	-0.0465941305	-0.082415577	-0.0056297895	-0.1172343084	-0.0278809947	-0.0186463324	-0.0404806163	-0.0545593271	0.0070885864	0.0001161101	-0.0104982911	0.0166660333	-0.0002486659	-0.0610183311	-0.0577866785	-0.0373135876	-0.0544162076	-0.0280950078	0.109178845	-0.0529159039	0.0698017879	0.0154594239	-0.0461599916	-0.0860510014	-0.0854361313	-0.0446048127	0.0194063344852537	-0.0141326414246521	0.0001997315536377	0.0003766058181535	0.0336798796579813	0.007248143314399	5.253558150606831e-05	0.0011343342937761	-0.0710785904893214	-0.0153426266460884	0.0050521660259486	0.0002353961924012	-0.0007440191660858	-1.9351529367200057e-05	3.7448168884960623e-10	5.535645195030093e-07	0.0010099869231976	0.0003546724620744	1.0200735850301548e-06	1.2579255535391672e-07	3.687572783687304e-05	-0.0004748619895758	2.254939091439128e-07	1.3598193034991334e-09	0.0	0.0	0.0	0.0	0.0	0.0
2573.95467391898	0.4996606141112352	6625242.663389362	0.2496607292940166	3208.606002339556	-3.8427423582484153	10295152.478249429	14.766668831876592	3036.91593062512	0.0897772853359128	0.0080599609622859	9222858.369684638	3116.333241174576	2296.098141889493	1.049959	17.355471	0.0617047375681764	0.0279649307748214	0.107569044	0.0219321718	-0.0451933486	0.0825844781	-0.0289329057	-0.0567176933	-0.044030476	-0.0336173343	0.0722649281	0.0048944623	-0.0588006423	-0.0009758579	-0.0064307683	-0.0402254411	-0.0322535619	0.0796386433	0.0136879294	0.0301738195	0.0115537107	-0.1588381907	-0.0366956159	0.0713035629	0.0376372131	-0.0377544716	-0.0348892976	-0.067733991	-0.0217598234	-0.0183191341	0.1053135576	-0.0326713953	0.013696325	-0.049863572	-0.0292677943	-0.005459299	2.58004e-05	0.0853085614	-0.0521391023	0.0594016367	0.0391342686	0.0557133439	0.0761596076	-0.1223735795	-0.0547797426	-0.0755162061	0.0699276379	0.0129726743	0.0009481464	0.0401831729	0.0091045738	-0.0301666783	0.0883802303	-0.0128413251	-0.038441042	0.0528950198	-0.1434762522	-0.0444811453	0.0116226563	0.0202783852	0.031428323	0.0767500221	-0.0398003226	0.0252230045	-0.0213256473	-0.03432353	0.0201031167	-0.1403421047	0.0535355246	-0.0116617638	-0.0778610286	0.0121281994	0.0064778294	0.0492952702	-0.084271551	0.0120088084	-0.0234387768	-0.0355711025	-0.0128960515	0.0563442022	0.0197362151	-0.0504199196	-0.1236662916	-0.0113311587	-0.0658145416	0.0507559966	0.1167177142	-0.0201206353	0.0641752111	-0.0474631212	-0.0405036018	0.0099193981	0.0039056561	0.0213061729	0.0340375212	0.0313103123	0.00146445	-0.0838593217	-0.045013163	-0.0104885065	-0.0674530213	-0.0650038646	0.000817671	0.0768328447	0.0690257386	0.0130990243	-0.0492163702	-0.0875278662	-0.0831501106	-0.0382182304	0.0359883715170639	0.0165820370318101	0.0002749639521243	0.0012951628844502	0.0488312651289959	0.0151513854710146	0.0002295644816912	0.0023844924540982	-0.0832578065571567	-0.0121792160678353	0.0069318623527089	0.000148333304027	-0.0006150976324319	0.0001289215336538	1.6620761839673664e-08	3.783450974233288e-07	0.0010969456594349	8.69587362372999e-05	1.2032897797530674e-06	7.561821807988295e-09	0.000176837437896	0.0001399617100591	1.9589280282675125e-08	3.1271479441621664e-08	0.0	0.0	0.0	0.0	0.0	0.0
2579.2226144683555	5.267940549375453	6652389.294984979	27.75119763175415	3237.5344784976514	28.92847615809524	10481629.49946106	836.8567328294845	3034.972216459871	-1.9437141652488208	3.77802475618892	9211056.354683343	3117.01190510202	2329.9924049060432	1.10258	18.225279	0.094697244255085	0.0484417829096383	-0.0582018472	0.03666033	0.0547513003	0.1272791735	-0.0615511466	-0.050482989	0.0287862644	-0.0733599098	-0.0460516601	-0.0431671469	-0.0025768064	0.1335087199	0.0694320973	-0.0701002316	0.0246202664	-0.080593053	0.0209009958	0.0686079049	-0.1111473077	0.0260207241	0.029191117	-0.0001767977	0.0310294193	-0.0906843101	-0.0445875274	0.0400776383	0.0406184199	-0.0650903245	-0.0100628454	0.0217627035	0.0020862658	0.0722771889	-0.0099849581	-0.0274511703	-0.202245706	-0.0359814336	-0.0325729966	0.0342666498	0.0144578943	0.0634991146	0.0696828071	0.0375841605	0.0767516979	0.0359932178	-0.0470156124	-0.0262226483	-0.0069749201	0.0283409262	-0.072408918	-0.0703600591	-0.0706681756	0.0032723998	0.125688923	0.0005107671	0.0103074179	-0.0442303775	0.0155928878	-0.0191733388	0.0042221217	0.0525522236	-0.1000223814	0.0293857112	0.0334679849	-0.0172826919	0.0292740227	0.0706122857	-0.0357612971	-0.0521875274	-0.0041051634	0.0731565622	0.0176029649	-0.1235467051	-0.1307455474	-0.0337189718	0.0831463776	0.0436392864	-0.0364206609	-0.0349572499	0.0118611054	-0.0146575639	-0.1020603789	-0.056538124	-0.0579156227	-0.1376623875	0.0058002481	-0.0365264425	0.0166099227	0.0789707177	-0.0857842654	-0.0631154861	-0.0031875749	-0.0063304003	-0.0549703104	-0.0002027138	-0.0156126104	-0.0709093834	-0.0576186122	-0.0004004449	0.0098701101	0.02224752	0.1059109036	0.0710465971	0.0682378621	0.0107296473	-0.0521968607	-0.0887648233	-0.0805080284	-0.0315960199	0.0216261787622329	-0.0143621927548309	0.0002062725807269	0.000467691607856	0.0487989187415394	-3.234638745649998e-05	1.046288781486019e-09	0.0023813344703433	-0.1108147340994492	-0.0275569275422924	0.0122799052935316	0.0007593842555711	-0.0010629186422707	-0.0004478210098388	2.005436568530427e-07	1.1297960400865886e-06	0.0010840908807652	-1.2854778669699977e-05	1.1752530377582669e-06	1.6524533464697348e-10	0.0007710772007976	0.0005942397629016	3.531208958133499e-07	5.945600495898623e-07	0.0	0.0	0.0	0.0	0.0	0.0
2572.4932238544025	-6.729390613953001	6617721.386776817	45.28469803515875	3211.1713402870973	-26.363138210554094	10311621.376681233	695.0150563087775	3038.1819454263323	3.209728966461171	10.302360038139897	9230549.533514531	3120.847284974443	2308.889626859628	1.126923	18.627655	0.1171497350532687	0.0608747000724516	0.0691388782	0.029566896	-0.0412994043	0.0170947054	-0.1001072434	-0.052664613	-0.0258434389	-0.0110013701	-0.0104018821	0.0880679889	-0.0323859541	-0.0102952691	0.0726840464	-0.0020554407	-0.0938648624	0.0626223082	-0.0112053923	0.0827302814	-0.0436276083	-0.0276694522	0.0161137891	0.0552900873	-0.0815946557	-0.0511951066	0.0369972459	0.033586869	0.016270344	0.0564921435	0.036609231	-0.0427809628	-0.0122012913	-0.0562872247	0.0162172266	0.0868821762	-0.0668177638	0.0447627078	-0.0224041916	0.024246611	-0.0765269246	-0.054512937	0.0871136838	0.0057694178	0.0007309103	-0.010455899	0.0777599642	-0.0330559773	-0.1161108706	0.0113073576	0.0985602641	-0.0136155555	0.0664118696	0.0504367377	0.0443340913	0.0684427944	-0.0738371689	-0.0144706808	0.0114906577	0.004437633	0.0840048406	-0.0403618311	-0.1437889544	-0.0314148923	-0.0050223211	0.056999977	-0.0068556335	-0.057603226	0.004904396	0.0516267331	-0.044039702	0.0517426297	0.0238642708	0.0157148304	0.0243908391	0.0628075124	0.0188112554	0.0596463741	0.0850185029	0.0404063148	-0.0191905246	-0.017478359	-0.0695299172	-0.0194510959	-0.0459603166	0.0911696764	0.0596464058	-0.0308499525	0.0079814955	-0.033325389	-0.0292011675	-0.0835451172	-0.0463698037	-0.1099712155	-0.0580455335	0.0390230009	0.027390806	0.0250190353	-0.0551630713	-0.0277338798	-0.0040683441	-0.0281298629	0.0041667707	0.0352861142	0.0674382934	0.0083529168	-0.0550968674	-0.0897584821	-0.0775211985	-0.0247790096	0.0518197848916344	0.0301936061294014	0.0009116538510974	0.0026852901062152	0.0489255105461836	0.0001265918046441	1.6025485003073736e-08	0.0023937055822047	-0.0908362298043812	0.0199785042950679	0.0082512206450743	0.000399140633868	-0.0006858254115568	0.0003770932307139	1.421993046502467e-07	4.7035649513705414e-07	0.0010009354136937	-8.315546707149987e-05	1.0018717023861786e-06	6.9148317038792996e-09	0.0016478491594953	0.0008767719586977	7.687290675586014e-07	2.715406852449367e-06	0.0	0.0	0.0	0.0	0.0	0.0
2569.3144307599687	-3.178793094433786	6601376.644111422	10.104725537219924	3216.028019255656	4.856678968558754	10342836.22063746	23.58733060364092	3035.993212553621	-2.188732872711171	4.790551588086494	9217254.786671655	3116.645932461353	2307.8926584978185	0.973949	16.099045	0.0782308662447726	0.0384694804525849	0.0771901932	-0.0550878355	-0.0210974613	0.0741535701	-0.0784424981	-0.0546936325	0.0246568869	-0.0019984219	0.046009252	0.0447221357	0.0120083102	-0.0228081323	-0.0277993833	-0.0538337315	0.0654056694	-0.0021646187	-0.0465977397	0.0835588128	0.0447070581	-0.143311379	0.0063398401	-0.0974975135	0.0412676205	0.0192698099	0.0463011584	0.095837328	0.0909610857	-0.0560006362	-0.0444717358	0.1004071127	0.0162032211	-0.0049223692	-0.0076628036	-0.1104050515	-0.0912829816	-0.0496742996	-0.044542523	-0.1112397927	-0.0170310148	-0.1013551534	-0.0001212787	0.0208982259	0.0107086383	-0.1388022822	0.0511284572	0.0041044203	0.0335977286	0.055067791	-0.0642037661	0.0429642702	-0.0250542618	-0.0197628752	-0.0061291789	0.1023862838	-0.0392376832	-0.1148841779	0.0225576241	0.0493895135	-0.0755310097	-0.0509083295	0.0005265601	-0.0145282679	0.0119749678	0.0268487706	0.0587694069	0.1316213799	-0.0145449489	-0.1548580234	0.0141467546	0.0111794413	0.0250478059	-0.0828149896	0.0940172994	-0.0459006149	0.0434719027	-0.0885531401	0.0141969959	0.0092906952	-0.0286052407	-0.0240509008	-0.1113944228	0.0073064626	-0.009334786	-0.0712228803	0.0301160255	0.0396118516	0.1193047465	-0.0193944268	0.0395014631	-0.0120699199	0.0204823149	-0.0515000688	-0.014093793	0.0417221843	-0.0191284607	0.0723694462	-0.0479175992	-0.0468436095	0.0680240053	-0.0557746298	-0.0428946418	-0.0602657235	0.0666271694	0.0059704615	-0.0579119187	-0.0905061192	-0.0742024108	-0.0178092284	0.0643472653044341	0.0125274804127997	0.000156937765493	0.0041405705521592	0.0488812169599981	-4.429358618549678e-05	1.961921777172031e-09	0.0023893733714904	-0.0760751767599288	0.0147610530444524	0.0057874325190544	0.0002178886869811	-0.0012099920206363	-0.0005241666090795	2.7475063407390137e-07	1.4640806900035162e-06	0.0006540928027163	-0.0003468426109774	4.278373945652646e-07	1.202997967896201e-07	0.0015008975955255	-0.0001469515639698	2.159476215317025e-08	2.2526935922542277e-06	0.0	0.0	0.0	0.0	0.0	0.0
2570.14240305118	0.8279722912111538	6605631.971961693	0.6855381150134476	3225.875893060415	9.84787380475882	10406275.277428327	96.98061847445494	3034.4604288112896	-1.5327837423315032	2.349426000755768	9207950.094021596	3118.7802974619763	2315.712470987167	1.184996	19.587587	0.2391384386405392	0.1216207355869336	-0.0482491314	-0.0828626024	0.0656851776	-0.0805008109	0.0108493104	0.0754932594	0.0829368811	0.028544662	-0.0007313998	-3.11462e-05	0.043921551	0.0512281369	-0.0162410206	-0.0452016257	-0.0978207716	-0.0171915362	-0.0519826604	0.0373556922	0.0089853493	0.0490312539	0.0870228819	-0.0659811095	-0.0111242345	-0.0169295558	0.0851435814	-0.023772983	-0.0407877048	-0.0934196957	0.0434338749	-0.103282223	0.0307261389	0.0102083026	-0.0608410351	0.0704793772	-0.0727699499	0.0158212086	0.1136664322	-0.0829631533	-0.0619868126	0.0183925984	0.038803504	-0.0397750679	-0.0050862436	0.0381719958	0.1342489956	-0.0032468485	-0.0286752647	0.0529942147	0.0798338606	-0.0469288768	-0.0027460472	0.0157636842	0.0660205007	3.89445e-05	0.0962103006	-0.0590127239	0.0391495247	-0.0550006197	0.0089317543	-0.0348192241	0.0137180009	0.0906859077	-0.0767880579	0.1028859568	0.0002941042	0.005207418	-0.0859594809	0.0201644565	-0.0914316799	0.061915426	0.0872838267	0.0153170485	-0.0428232484	0.0819670853	0.0177069534	-0.0393770273	-0.0483509501	-0.0238526737	-0.0064766423	0.023539905	0.0210370769	-0.0872619592	0.0624794552	0.0425263073	-0.0127067296	-0.0322506468	-0.0696186326	0.066566789	0.0306936087	0.0255448317	0.0407702908	-0.0441226294	-0.0923909717	0.0556770606	-0.0558074034	0.0522398338	0.0160467542	-0.1117697244	-0.0360451903	0.0876276029	-0.0327205023	0.1130888456	0.0658046293	0.0035839144	-0.060637674	-0.0910056853	-0.0705658771	-0.0107296473	0.0913266399959553	0.0269793746915212	0.0007278866587454	0.0083405551729508	0.0355969681208279	-0.0132842488391701	0.0001764712672209	0.0012671441393952	-0.1198947118876816	-0.0438195351277528	0.0143747419386301	0.0019201516588123	0.0001461370645727	0.001356129085209	1.8390860957497992e-06	2.1356041641925493e-08	0.0022261262409786	0.0015720334382623	4.9556380407735126e-06	2.471289131014789e-06	0.0016738406716961	0.0001729430761706	2.990930759534997e-08	2.801742594224051e-06	0.0	0.0	0.0	0.0	0.0	0.0
2575.461705495183	5.31930244400337	6633002.996472158	28.29497849078022	3207.8483901696704	-18.027502890744472	10290291.294314146	324.9908604758003	3038.335423007333	3.8749941960431897	15.015580019368404	9231482.142701147	3120.3726876766123	2304.0893460218267	1.271283	21.013884	0.0737675797623756	0.0322991799349161	0.02268918	0.0945130119	-0.0235125945	-0.0738002093	0.0084117352	0.0326932733	-0.0710798601	-0.0147717551	-0.0163602464	0.0568036154	-0.0232382026	0.0226731478	0.0276347089	-0.019722698	0.1158361826	0.0739697319	0.0209147632	-0.0202641635	0.0423820536	-0.0621554021	0.1147609854	-0.0184620247	0.0092459648	0.0929034452	-0.0048769501	0.079582979	0.0581385589	-0.0747473516	0.0280383965	-0.0567083678	-0.0916521318	-0.0201730131	0.0294539646	-0.092112845	0.1063441654	-0.0904867014	0.0002804806	-0.0480895576	-0.0991853877	0.0251432904	-0.0407094028	-0.0696487227	0.0863283599	-0.0015057132	0.045927575	-0.0195445282	-0.1080902941	0.0019701399	-0.0968882068	0.0392905058	0.0744883015	0.0753039851	-0.0146950011	-0.0108180159	-0.0248155591	-0.021834422	0.1123171506	0.0187599101	-0.0835762952	-0.0452309226	0.0191739324	0.0672523216	-0.0989695718	0.0132265595	-0.0357437504	-0.0152691919	-0.0126269161	-0.029486552	0.0926730729	-0.0300696865	0.0123657533	-0.0440709216	0.1150501107	0.0075963723	0.0481141731	-0.1006837061	0.0007268049	0.0034777089	0.0098685431	0.0074248867	0.0377898799	-0.005101847	0.0020905027	-0.0402501626	0.0882989502	0.0392361794	-0.0093157651	-0.1007098338	-0.051062442	0.003930576	-0.0485084801	0.0240034931	-0.0220467204	0.0651683264	-0.0752553717	0.150544028	0.0279657288	-0.0864948474	-0.0274744864	0.039827802	-0.0237700787	0.0946153682	0.0649708138	0.0011949111	-0.0632699305	-0.0912558111	-0.0666271694	-0.0035839144	0.0860689570648673	-0.005257682931088	2.764322980385423e-05	0.0074078653702339	0.0434442441154345	0.0078472759946066	6.157974053552899e-05	0.0018874023467614	-0.1020970499393456	0.017797661948336	0.0104238076063172	0.0003167567708272	-0.0002248943096733	-0.000371031374246	1.3766428067487534e-07	5.0577450523430165e-08	0.0025333364754864	0.0003072102345077	6.417793698029855e-06	9.437812818633744e-08	0.001494783102683	-0.000179057569013	3.206161302088104e-08	2.2343765240666163e-06	0.0	0.0	0.0	0.0	0.0	0.0
2575.10040862246	-0.3612968727234147	6631142.11448756	0.1305354302397193	3224.374560397096	16.52617022742561	10396591.305735966	273.11430238584865	3040.4063314426166	2.0709084352838545	4.288661747329822	9244070.66027635	3118.07771905128	2308.408737351689	1.145012	18.926661	0.2021949894880593	0.0994477276971179	0.0628170192	-0.0550281696	0.0400854096	0.0680904593	0.035902484	-0.0658186663	0.0286190763	-0.0451907323	0.0646403928	0.0129240907	0.0165496275	-0.0358587098	-0.0040180618	0.0459112701	-0.0311095858	-0.0799266134	-0.031331219	-0.0811982303	-0.0493478316	-0.0633953263	-0.1248482375	0.0054386935	0.0259575344	0.0380835565	-0.0066037416	0.0469217958	-0.0798379678	-0.0409514139	0.1169388104	0.059446813	0.0271544789	0.0448726249	0.0815784551	0.0151530877	0.0304380829	0.0559436795	-0.0191875971	0.0752836027	-0.0927238625	0.0365465397	0.0333197657	0.0596052589	0.0087719029	0.1349769603	-0.0459543475	-0.0090907071	-0.0452059682	-0.0310936134	0.0348216252	-0.0121580796	-0.082958456	-0.1168417983	-0.0884621566	-0.0446320699	-0.0310685866	-0.0760250228	-0.0274570118	0.0682625544	0.0500744934	0.014593612	0.015504374	-0.007513105	-0.133775587	-0.0978290938	0.0664377817	0.0190325963	-0.0167761143	0.0298896279	0.0462807585	0.0184833911	-0.1037922698	0.0057808226	-0.0250523909	0.0226985571	0.0376903733	0.0628957479	-0.0231256169	-0.010921095	0.0787489852	-0.0202284206	-0.0618399964	-0.0504868532	0.047068718	-0.0481260857	0.0265163677	-0.128358121	0.1003846184	0.0317536413	0.0471328489	0.0310241606	-0.0441028062	0.0578095587	0.029622213	0.0528794453	-0.0732957853	0.0449143184	-0.054883207	-0.1035715909	0.0113382048	-0.0322834752	0.0754691039	-0.0554660626	0.064125866	-0.0011949111	-0.0658046293	-0.0912558111	-0.062403154	0.0035839144	0.0518427499162328	-0.0342262071486344	0.0011714332557812	0.002687670718877	0.0489900472725395	0.0055458031571049	3.075593265735576e-05	0.0024000247317656	-0.0668045199493008	0.0352925299900448	0.0044628438856565	0.0012455626730982	-0.0012782460876484	-0.0010533517779751	1.1095499681633045e-06	1.6339130605884413e-06	0.0023338705692199	-0.0001994659062665	5.44695183387082e-06	3.978664776271617e-08	0.0002049918030791	-0.0012897912996039	1.6635615965339176e-06	4.2021639329620514e-08	0.0	0.0	0.0	0.0	0.0	0.0
2569.1824720339587	-5.917936588501107	6600698.574606523	35.02197346552012	3235.5656449955663	11.191084598470296	10468885.043075576	125.2403744901191	3035.333511258927	-5.0728201836896005	25.73350461604859	9213249.524571449	3115.5859249033824	2337.157598458499	1.17883	19.485664	0.1815669215786854	0.0936806019471268	-0.0891746999	0.014123272	-0.0313271853	0.1145585047	0.0112988853	-0.1145889421	0.05902144	-0.0343463838	-0.0880243614	-0.0864454004	-0.0319747357	-0.0259677852	-0.0171827014	-0.0358367295	0.0178374662	0.0628058867	-0.102419499	-0.0594442326	-0.1447979491	-0.0061927136	-0.0994748251	-0.0534032979	0.0092630236	-0.0356018555	-0.0255207457	0.0532677179	0.0464327246	-0.0110776068	0.0127710892	0.0002277693	-0.0161115507	0.028771238	0.0118705754	-0.0204777151	0.0508345093	-0.1015761407	-0.086693	0.0310795761	-0.0352228975	-0.0779590867	0.023559989	-0.02680762	-0.0297258862	-0.0044848285	0.1191616486	0.0533373053	-0.0462312523	0.0553942489	-0.00332081	0.048897797	0.0545281606	-0.1121992572	0.0509787733	-0.1131434553	-0.0386179631	-0.0599456898	-0.0820044996	0.0530959625	0.0082854856	0.0324433389	-0.0911870474	0.0021447861	-0.0307668703	-0.0594242777	-0.0767495801	0.0355503294	-0.0060307209	-0.0595719035	0.0905292202	-0.0767200987	0.1037627365	0.0460566618	0.0445910015	-0.02424503	0.0330509509	-0.0208271204	0.0613680149	-0.0031405529	0.0686180528	-0.0194235734	-0.1344569484	0.0501613392	0.0318803427	-0.0209110885	0.1486103225	-0.0144113899	-0.0199907465	0.0362760612	-0.0992024493	-0.0502534532	-0.0112845194	0.0304298892	0.0036242563	0.0123459429	-0.0328262648	0.0124009432	-0.0766348349	0.0356091049	0.0522600815	-0.0030924858	0.0465711496	0.0264401903	0.0632699305	-0.0035839144	-0.0682378621	-0.0910056853	-0.0579119187	0.0107296473	0.0367565800680722	-0.0150861698481606	0.0002275925206875	0.0013510461783006	0.0769996550047835	0.0280096077322439	0.0007845381253141	0.0059289468708556	0.01064786835488	0.0774523883041808	0.0001133771005028	0.0059988724540216	-0.0017732490863591	-0.0004950029987106	2.450279687325852e-07	3.1444123222733828e-06	0.002109878360555	-0.0002239922086649	4.451586696338254e-06	5.0172509542580164e-08	0.0007063717095855	0.0005013799065063	2.513818106483663e-07	4.989609921027419e-07	0.0	0.0	0.0	0.0	0.0	0.0
2566.8056636527363	-2.3768083812224177	6588491.314959764	5.6492180810491295	3207.673164976155	-27.892480019411323	10289167.133308144	777.9904416332599	3035.3651025690183	0.0315913100912439	0.0009980108732811	9213441.305893827	3120.7099287317155	2309.570124470296	1.126941	18.627962	0.116121166166242	0.0563086789525697	0.0362266735	0.0042395638	-0.0935898955	0.0598194153	0.0356734326	-0.0691341426	-0.0405588263	0.0645951504	0.0245110636	0.0372394766	-0.0489773003	0.0404954974	0.095378087	-0.027428962	-0.0068941447	-0.0992679297	-0.0265106141	-0.0463385196	-0.040259243	-0.0399973371	-0.0386669229	-0.0250279483	-0.0969476285	0.0897628921	-0.0577634794	0.1006472496	0.0292170712	0.0532371604	0.04365729	-0.0948915628	0.0606545127	0.0339019628	-0.0787840808	0.0602157434	-0.1066815074	-0.0434054843	-0.0615603339	-0.0447306913	0.0014940323	0.0003846887	0.0495852769	-0.0436678165	0.1270119494	0.0184069075	-0.0975197738	0.0555050412	-0.1324612746	0.0344417355	0.0219021264	0.0056914518	-0.1073211828	0.0943950525	-0.0397349235	-0.0353862856	-0.0192522089	0.026017304	-0.0181412065	0.1331524069	-0.0878450947	-0.0725013604	-0.1585735081	-0.0794215011	-0.0765821939	0.0554118977	0.0253875005	-0.0657840648	-0.0718394665	0.0717503069	0.0657104675	0.0642311782	0.042908738	-0.0764253336	-0.0877664937	-0.0258618243	0.0696807915	0.0674166336	-0.0413706569	0.0835217924	0.0782322579	-0.0188337851	-0.1028262614	0.0161946494	-0.0054922463	-0.0994960466	0.0015813967	-0.0791156893	0.034651858	-0.0695400166	0.0388461642	-0.0931147363	0.0127295758	-0.0021752625	-0.047141808	-0.0390493785	-0.0087718333	0.0402414666	-0.0753269401	0.0178293223	-0.020154077	0.0375942438	0.0399006981	-0.0364410242	0.062403154	-0.0059704615	-0.0705658771	-0.0905061192	-0.0531726956	0.0178092284	0.0421531541564235	0.0053965740883513	2.9123011891064663e-05	0.0017768884053352	0.0840702711074783	0.0070706161026948	4.999361207168719e-05	0.0070678104840849	-0.033877419919861	-0.044525288274741	0.0011476795804265	0.0019825012959487	-0.0020232706961755	-0.0002500216098163	6.251080537518409e-08	4.093624310002492e-06	0.0015331468594126	-0.0005767315011423	2.350539292526719e-06	3.326192244099658e-07	0.0003505510665352	-0.0003558206430503	1.2660833002072898e-07	1.228860502489662e-07	0.0	0.0	0.0	0.0	0.0	0.0
2576.3013517865525	9.495688133816202	6637328.655217217	90.16809313469784	3239.6032370350845	31.93007205892945	10495029.133408198	1019.5295016884274	3034.425055193755	-0.9400473752634751	0.8836890677397491	9207735.415587625	3117.01859806142	2311.433612009825	1.096216	18.120075	0.1777662158096863	0.088390923402455	-0.026056282	-0.0542514221	0.0598271656	0.0519712756	0.0629098173	0.0130796141	0.0513819983	-0.054713365	0.0373233136	-0.0617696393	0.0824598555	0.032645012	0.0711910404	-0.0476462285	-0.053244513	0.0987877189	0.027471143	0.0007599922	-0.0764121566	0.0511169854	-0.0199266125	0.0029521335	0.0666719698	-0.1355695426	-0.0043407992	-0.1023861418	-0.005274362	0.0453544169	0.0440421317	-0.109855647	-0.0500625333	-0.0629637614	0.0287247576	0.0018303048	0.0014804721	0.0439400402	0.1051804338	-0.0510201406	0.0686216298	-0.043312683	0.0306112439	-0.0476999303	0.0482788872	0.0170773273	-0.0209198267	0.0447085095	0.0045210564	0.0321664025	0.0149145572	-0.0501646209	0.1019657709	-0.0414346056	0.0472431565	-0.0173989242	0.045344075	0.0010295655	0.0080070812	-0.0114951387	0.1020174539	0.0391223917	-0.0304846392	0.0210564352	0.0223378399	0.149336369	-0.0049643456	-0.0942554282	0.0767700128	0.0392836404	0.0060654505	0.0724054565	0.0592670071	-0.0628806418	-0.0614175783	-0.0190489045	-0.064719394	0.014244084	0.0205802423	-0.0260314231	0.0523183097	-0.0311871422	-0.0525299025	-0.0798805224	-0.0087445093	0.0477925446	0.0686689207	-0.0226752731	-0.0420900572	0.0922274354	-0.0023122656	-0.0009955289	0.0241077283	0.0621351039	-0.0286813506	-0.0370275146	-0.0344300928	-0.0568356971	0.0096407777	-0.0382925407	-0.1173955056	0.0482207661	0.0232019654	-0.0202396734	0.0615256851	-0.0083529168	-0.0727850846	-0.0897584821	-0.0482057789	0.0247790096	0.0128666557985752	-0.0292864983578482	0.0008576989860642	0.000165550831439	0.0652243881537941	-0.0188458829536842	0.0003551673043039	0.0042542208100367	-0.1066675022907048	-0.0727900823708438	0.0113779560449375	0.0052983960915542	-0.0015611399103589	0.0004621307858165	2.1356486319946805e-07	2.4371578197153944e-06	0.0018804733126864	0.0003473264532737	3.536179879725763e-06	1.2063566514375705e-07	0.000677968869991	0.0003274178034558	1.0720241801982089e-07	4.596417886768735e-07	0.0	0.0	0.0	0.0	0.0	0.0
2577.0878513511234	0.7864995645709314	6641381.79358155	0.6185815650702647	3222.037956378211	-17.565280656873256	10381528.59234188	308.5390845547258	3032.809167967252	-1.615887226502764	2.6110915287747947	9197931.449306216	3117.452670612741	2299.677284304125	1.122992	18.562681	0.1059578479755377	0.0524071760409139	0.0809175689	0.0187749256	-0.002830087	-0.0498690015	0.0497874292	-0.0265387809	-0.0224121667	-0.0320119447	0.0408018773	0.110054391	-0.0070821775	0.0558657531	0.0544829796	-0.0730598488	0.0346562686	-0.0815454932	0.0842527398	-0.101844826	0.0904219427	-0.0495247454	0.0539150898	-0.0281867517	0.014236655	-0.0994286893	0.030545028	0.1077680064	0.1117119198	0.0359355543	0.0627821283	-0.0425148039	-0.0098669132	0.0078440304	-0.0164811342	-0.0139847936	-0.0362489425	-0.0513842209	0.1270423782	0.0357847642	-0.0920816184	0.0223641612	0.0079727091	-0.0259160344	-0.0257473584	-0.0062758467	-0.092088386	-0.1671948927	-0.1082404768	0.0444052004	-0.0420524987	-0.044775485	-0.0627528874	0.1427579789	-0.1305006571	-0.0260340292	0.038769777	-0.0102117209	0.132105095	0.0436019107	0.0338522688	-0.0229782673	-0.1407410244	0.0004738262	0.0081907191	0.0540097575	0.1002245113	0.0057059854	-0.0022385024	-0.0479806513	-0.0222819055	0.0339845014	0.0662193408	-0.0797837642	0.0056354599	0.155188092	0.0539994684	0.006813459	-0.016415977	-0.0617080858	0.0860364885	-0.0280048497	0.0160514014	-0.0916665081	0.0003564102	-0.0593059887	-0.0287036267	0.0308673352	0.080905862	-0.1089347999	0.0020081603	-0.1032916044	-0.062880418	-0.0066701848	-0.0869046498	-0.0371999323	-0.0766231085	0.0542730211	-0.0434769087	0.0355294769	-0.1194480244	0.1851445921	0.0109024978	-0.0950891858	0.060637674	-0.0107296473	-0.0748920628	-0.0887648233	-0.0430324377	0.0315960199	0.0100621445734532	-0.002804511225122	7.8652832118353e-06	0.000101246753417	0.0752017560096618	0.0099773678558676	9.954786933130196e-05	0.0056553041069367	-0.1184375906096733	-0.0117700883189684	0.0140274628694245	0.0001385349790363	-0.0012569676424029	0.0003041722679559	9.252076859349665e-08	1.5799676540479049e-06	0.0024990204175996	0.0006185471049132	6.24510304757968e-06	3.826005209965016e-07	-2.7429368651391028e-05	-0.0007053982386423	4.975866750797876e-07	7.523702646139127e-10	0.0	0.0	0.0	0.0	0.0	0.0
2574.2940275430515	-2.79382380807192	6626989.740243825	7.805451470549485	3236.171809845907	14.133853467695644	10472807.982841332	199.7658138462922	3036.478535096338	3.669367129085913	13.464255128016196	9220201.894100802	3121.373893965052	2316.8242904367207	1.119566	18.506052	0.140246673748965	0.0696652243489885	0.0386929412	-0.0713538717	0.0760739309	-0.0554586439	0.1124485248	-0.0242336443	0.0537498759	-0.0193022699	0.0590471417	0.0173325142	-0.0343229939	0.0086164215	0.0608287036	0.0007227194	-0.073405742	0.0261992393	0.0080153346	-0.1370177185	0.0330071586	-0.0415662434	0.0385542196	-0.0447894921	0.0377542276	-0.0507694378	0.0465801362	0.0133100441	0.0814734874	-0.0015707318	0.0771111261	0.0049630581	0.0978058967	-0.1513723007	-0.1110602453	0.0516283516	-0.1072636744	0.079444834	0.0723873964	-0.0076089811	-0.0056934743	-0.1295546387	-0.0514997617	-0.0126951223	-0.0566805476	0.0622687241	-0.0238127396	-0.0737122489	0.0643648913	0.0104917892	0.06989615	-0.0302734199	0.0340307091	-0.0385192211	-0.0983848961	-0.0750839176	0.0990060872	-0.0082841528	0.1309684134	0.0730741949	-0.0439128976	-0.034013429	-0.0449892968	0.026024326	0.0169012102	0.0714723143	0.2236297704	-0.0834899589	-0.0185344032	-0.0089836455	-0.0493837995	0.0996938824	-0.0059855033	0.0711020763	0.0715653911	0.0055842785	0.0191171443	-0.0299298877	0.0456571946	0.0221870167	0.128152496	0.0017691115	0.0592385346	-0.0870236329	0.0603210416	0.0672646246	0.05851064	-0.0909158319	0.0647650041	0.0510585453	0.0274099676	0.0284437715	0.0030502646	-0.0237469869	0.0668217574	0.003121032	-0.1400445273	0.0368414449	0.0042767751	-0.0743013319	-0.1201675236	0.1001436084	0.0380232095	-0.0607593497	0.059739273	-0.0130990243	-0.0768835629	-0.0875278662	-0.037674825	0.0382182304	-0.0152460675549974	-0.0253082121284506	0.0006405056011386	0.0002324425758915	0.0621592442389697	-0.013042511770692	0.0001701071132886	0.0038637716443598	-0.1062387450594855	0.0121988455501877	0.0112866709518143	0.0001488118327573	-0.0006781391603268	0.0005788284820761	3.350424116625221e-07	4.598727207687374e-07	0.0036109803012081	0.0011119598836084	1.303917873571294e-05	1.2364547827546284e-06	7.572435165669958e-05	0.000103153720308	1.0640690013399785e-08	5.7341774338275004e-09	0.0	0.0	0.0	0.0	0.0	0.0
2560.71710454903	-13.576922994021515	6557272.089529968	184.33283798559012	3239.9583699045006	3.78656005859375	10497330.23871423	14.338037077337503	3031.030713227629	-5.44782186870907	29.678763113184782	9187147.184529187	3114.628643409242	2330.952682347179	1.407338	23.262823	0.2146719451378773	0.1069905055679898	-0.1073790482	-0.1176374861	-0.0302642584	-0.0148399416	0.0266507789	-0.0595622971	0.132995866	0.059163612	-0.0269502683	-0.0207696941	-0.1396011169	0.0128442625	-0.1093404936	-0.1016118864	0.0873397424	-0.0043386999	-0.040170447	-0.0705291014	-0.0174351633	0.0174271834	0.0231489934	-0.0224392329	-0.0449197367	-0.043748134	0.0410907998	-0.0909478291	-0.0039881637	-0.0026004448	-0.0464201492	0.0142324355	0.0291903124	-0.1010916243	0.0195344627	-0.0645080894	-0.0053117655	0.0202492017	-0.0159106113	0.1039498114	-0.0074095963	-0.0147732895	-0.0726690337	-0.1198912336	0.0398857019	0.1212777058	-0.0276544197	0.0390964749	-0.0614825502	0.1249727304	-0.0587573363	0.0516042558	-0.0171023424	-0.0132209998	-0.0118610026	-0.0663122895	0.0372180088	-0.0004880055	0.0507170534	-0.0295203672	0.0761807962	-0.0706681716	-0.0340233011	-0.0067010635	0.0994788047	-0.0501659835	-0.0339863575	-0.0628901822	-0.0019542634	-0.0093382753	-0.1108946192	-0.030280572	-0.0437467435	0.0018789327	0.1091289771	-0.0105156051	0.0833880056	0.0545542481	0.0482336519	0.000773739	0.0864987895	-0.0338815766	-0.0158080909	-0.013214935	0.1519723427	-0.0377996845	7.80048e-05	0.0992432907	-0.0376546998	0.0328806401	-0.0233463641	-0.0144335109	-0.1403848078	-0.0498785691	0.0961365811	0.0341295802	-0.0500002559	0.065201672	-0.1167443933	-0.0341291949	-0.1954393503	0.0178942773	-0.1140770835	-0.0207033589	0.058830636	-0.0154594239	-0.0787565141	-0.0860510014	-0.0321558829	0.0446048127	0.0275522959814367	0.0427983635364341	0.0018316999213967	0.0007591290138486	0.0643439690770577	0.0021847248380879	4.773022618158611e-06	0.0041401463565893	-0.0374037608259953	0.0688349842334901	0.0013990413239282	0.0047382550544248	-0.0004235315455443	0.0002546076147825	6.482503750523394e-08	1.793789700711435e-07	0.0025738335198233	-0.0010371467813847	6.624618987765998e-06	1.0756734461368498e-06	0.0008010474060867	0.00072532305443	5.260935332876653e-07	6.416769467982305e-07	0.0	0.0	0.0	0.0	0.0	0.0
2572.977571939447	12.260467390417034	6620213.585703412	150.3190606314795	3209.95065850568	-30.007711398820447	10303783.23004105	900.4627433948986	3033.88214017716	2.8514269495312874	8.130635648513303	9204440.840485943	3113.5043506378825	2337.9354490454507	1.527637	25.251324	0.1891520605285671	0.1239024078990773	-0.0562033794	0.0820720982	-0.0409670812	0.066539192	0.0625026491	-0.0492635939	-0.0977582901	0.0326065936	-0.040383602	-0.1302996096	0.0294822993	-0.0091091542	-0.0070547947	-0.0195392038	-0.0768746524	-0.0366301099	-0.0071747211	-0.0916293331	-0.0655324993	-0.0538204938	-0.0022521531	0.1281814746	0.0754580999	0.0280660756	0.033517763	-0.0101415725	0.0699753978	-0.0344615868	0.0083724465	-0.0285957248	-0.053935363	-0.0525620446	-0.0533140156	0.0429367893	-0.0034021958	0.0833796805	0.0193007916	-0.0101826397	0.0450276285	0.0119535633	0.0592895946	0.026270672	0.0793522372	-0.114882183	0.1034807439	0.0315143013	0.1417518619	0.0039491413	0.0367268557	-0.0863555665	-0.0268147926	-0.0611457859	0.0317095212	-0.1243907334	-0.0763123396	0.0402819615	0.0441198935	0.0455142147	0.0011247315	0.0690516696	0.1126838645	0.0812255247	0.0041199802	0.0778763896	0.1352237263	0.0436823556	0.113962074	-0.0375407674	0.0419465036	-0.0143602177	-0.0501602235	0.0662644682	-0.0680336254	-0.0222087264	-0.0497350161	-0.0328830936	0.0762836983	0.0390520958	0.0716412269	-0.0177366598	-0.0554700973	-0.0551600381	-0.0696333465	-0.0663157996	0.0434802057	-0.1744913038	-0.0866906148	-0.0411400827	0.0004326558	0.0513282565	0.0342099496	0.0821370387	0.0564415092	-0.062753624	-0.1303709666	-0.0796891274	0.102921212	-0.0424250675	-0.0629181932	0.046448007	-0.0389846619	-0.204418681	0.0579119187	-0.0178092284	-0.0805080284	-0.0843382767	-0.0264992443	0.0507163915	0.0213075559179571	-0.0062447400634795	3.899677846042718e-05	0.0004540119391968	0.0519693597410935	-0.0123746093359641	0.0001531309562177	0.0027008143518991	-0.0619917991793386	-0.0245880383533433	0.0038429831654914	0.0006045716300654	-0.002757246603032	-0.0023337150574877	5.446225969544819e-06	7.6024088299315025e-06	0.0025506295371791	-2.320398264420024e-05	6.505711035930469e-06	5.384248105523457e-10	0.0013630218214704	0.0005619744153837	3.158152435458514e-07	1.857828485804487e-06	1.0	0.0	0.0	0.0	0.0	0.0
2566.716015186995	-6.261556752452179	6588031.102617405	39.20709296417948	3196.149358456852	-13.801300048828123	10215370.721564148	190.4758830377832	3035.925507902368	2.043367725207645	4.175351660420266	9216843.68953225	3112.138479679189	2281.2023069429265	1.680719	27.781715	0.3710934812407582	0.1880907265553501	0.0261336426	-0.0633550346	-0.051235342	-0.0079261305	0.0949168513	0.0884681792	-0.0410324317	0.0417122565	0.0673878551	-0.1087291529	0.0152983399	-0.1740932682	-0.0921574728	-0.0028847	0.0651651027	0.0599414394	0.0150826659	-0.1356198896	-0.0451210751	-0.0003255576	-0.0575728072	0.1060419961	0.2220373242	0.1464359793	-0.0633713426	-0.1499925473	0.0375316968	0.0143542528	0.0363513595	0.0539127756	-0.0781715076	0.1990472168	-0.0906281196	0.0114338349	-0.1246117282	0.0242311916	0.0005702848	-0.0779326612	0.0061041449	0.0438484017	-0.0842521763	0.0718569547	0.0649478204	0.0264069219	0.0020388363	-0.0279571949	-0.0215509653	0.0147902184	-0.0821654664	0.0095289815	0.0249716501	-0.2498780009	-0.1324489553	-0.0605327817	-0.1449314763	0.1654306109	0.0841683026	-0.069002471	0.1245685536	-0.0214917426	0.1426943646	-0.0754372324	0.0013965384	0.0130188046	0.0132107493	0.0345833726	-0.0329486335	-0.0684044846	0.121103112	0.0659687299	0.0731394038	-0.0340993691	-0.1542240448	-0.0802209511	0.0162757444	0.0829612889	-0.051264145	-0.0180490307	0.124527845	0.0652649204	0.0384367651	0.1850649041	0.1785282626	0.0887765525	-0.0124231487	0.0794648024	0.2232904452	0.020457686	-0.1388000382	-0.1475446433	-0.0724920916	0.0448190799	-0.1773554267	-0.042501225	0.056342592	-0.0277847844	0.0580132164	-0.0119279334	0.0918100436	0.2818962436	-0.0946390559	-0.0127116219	0.0569832784	-0.0201468273	-0.0821354052	-0.0823943867	-0.0207291319	0.0565152869	0.0276701234749765	0.0063625675570193	4.04822659176358e-05	0.0007656357331204	0.1048898050780451	0.0529204453369516	0.0028005735346612	0.0110018712093102	0.0590811386265386	0.1210729378058771	0.0034905809414082	0.0146586562689458	-0.0004568346400264	0.0023004119630055	5.291895199539277e-06	2.0869788832805048e-07	0.0025730341080929	2.240457091380035e-05	6.620504521409426e-06	5.019647978315087e-10	-0.0001289122554284	-0.0014919340768988	2.2258672898118743e-06	1.6618369599637042e-08	0.0	1.0	0.0	0.0	0.0	0.0
2575.3006557653403	8.584640578345443	6632173.467585391	73.69605385937518	3242.5979692892065	46.44861083235446	10514441.590438483	2157.4734482555164	3043.4243942916028	7.49888638923494	56.23329707865304	9262432.043769209	3124.203108247797	2325.3077362356426	1.550881	25.635534	0.240750593160557	0.1413596044476697	-0.0589035259	0.0955432472	-0.0127888575	0.087261056	0.160649298	0.0195883756	-0.0429848503	-0.1051382853	0.0104988284	-0.3484857659	-0.08453378	-0.2895208163	0.0527785182	0.087034271	-0.0024950498	-0.0923452176	0.0933760365	-0.1314844391	-0.183552882	-0.0211165712	-0.0562578662	-0.0745781925	0.0805655735	0.1489248966	-0.1068764845	0.0370172494	0.1537834537	0.0364982452	-0.2346429567	-0.0497473291	-0.0345877836	0.0059526512	0.0619889969	-0.0237590416	-0.0304350008	0.1428558283	0.1158113355	0.0229887736	-0.0700015304	-0.0122255639	-0.0956899432	0.0133924374	-0.0079866325	-0.0564208877	-0.0536231399	0.0931472249	0.1184039785	-0.135671028	-0.0639523532	-0.0899851886	-0.0785974298	-0.2728814089	0.0145174313	-0.1617093263	-0.0059236563	0.1474109617	0.0674510417	0.1861895025	-0.1430519476	-0.0856856913	-0.1073472859	-0.0331041669	0.0298096661	0.0987192957	-0.0408332838	0.0789760712	0.0528233496	-0.0082547956	-0.0668627111	0.006282708	-0.0709405322	-0.0378556005	0.0991993493	-0.0396177772	-0.1030761352	0.0821163261	-0.0247672691	0.0785920461	0.1724490774	0.1323153405	0.1048601927	0.4057282964	0.0365759606	-0.0330043766	0.0154463614	-0.1701065577	0.0870351652	0.1327611716	-0.0931845681	0.0736071316	-0.0870442483	-0.0269523815	0.0731903039	-0.0308827053	0.1395747504	0.0074788597	0.0666100863	-0.1058119645	0.1398116205	-0.0475236823	-0.0810246615	0.0449296448	0.0560448744	-0.0224706185	-0.0836361352	-0.0802246594	-0.0148702542	0.0619657467	0.0178360956487466	-0.0098340278262298	9.670810328706396e-05	0.0003181263079912	0.077497717625917	-0.027392087452128	0.000750326454985	0.0060058962372263	0.1863818417619427	0.1273007031354041	0.0347381909385738	0.0162054690187682	0.0005032463006729	0.0009600809406993	9.217554126940528e-07	2.5325683914095894e-07	0.0024808523242907	-9.21817838022e-05	6.154628254938569e-06	8.497481264955543e-09	-0.0006011250258628	-0.0004722127704343	2.229849005613313e-07	3.613512967185519e-07	0.0	0.0	1.0	0.0	0.0	0.0
2568.532557978829	-6.768097786511135	6597359.501397267	45.80714764777692	3166.478708466138	-76.11926082306854	10026587.411169382	5794.141868250337	3042.6377282639955	-0.7866660276072253	0.6188434389913317	9257644.345455488	3121.2048594373337	2295.440968563682	1.267599	20.952984	0.2084605544037571	0.1250794695919118	0.0685674611	0.0320125717	-0.0658388581	0.0209427487	0.180441005	-0.0021506662	-0.1389015778	0.0214244573	0.0759308396	-0.0878079704	0.17610461	-0.2697640231	-0.0685906607	0.1336406739	-0.0157762122	0.0690495997	-0.035037605	-0.1457836321	-0.0102560195	0.0218346809	-0.097164144	0.0479149777	0.0339736754	0.0130877539	-0.2009870127	0.0045367492	0.0812243244	-0.0566528751	-0.0994635076	-0.0412124508	0.0311313608	0.0355673578	-0.1445570766	0.0316265949	0.0570018052	0.0303374458	0.1121765551	-0.0137200778	0.0782646449	-0.0548741703	0.0704809735	0.0943145888	0.0232192717	-0.0182972914	-0.0256805074	0.1825682543	-0.033351348	-0.1086160403	0.0456508275	0.076640078	0.0617397119	-0.0647105249	-0.0761136828	-0.1219323851	-0.0757502125	0.0644700099	-0.0979562807	0.0992609525	-0.1158879543	0.1370586014	0.0310340437	0.0394796149	0.0560542985	0.2017807333	-0.0549080397	-0.0261505265	-0.1220382092	-0.0281982285	0.0896049622	0.0021976508	0.0533257014	-0.0488571411	-0.0892380881	-0.0367863761	-0.1712036708	0.1232084655	-0.0595213433	-0.0257486502	0.1274968641	0.0769485816	0.1002031975	0.2904492151	-0.025871483	0.0745617756	0.1284858529	-0.0758620954	0.0652200549	0.0149046822	0.0151040661	0.0385108557	0.0985478819	-0.1025769311	-0.0787102089	-0.132801233	0.0779730208	-0.0350441582	0.1196533362	-0.0668153265	0.0276880465	-0.1330025008	-0.0446165193	-0.0113831814	0.0550968674	-0.0247790096	-0.0850079043	-0.0778350419	-0.0089476998	0.0670341672	0.0327950094223723	0.0149589137736256	0.0002237691012867	0.0010755126430134	0.0762045319085018	-0.0012931857174152	1.6723292997266987e-06	0.0058071306833938	0.0719040000969215	-0.1144778416650212	0.005170185229938	0.0131051762322816	-0.0001976502077543	-0.0007008965084272	4.9125591552544e-07	3.906560462531795e-08	0.0023549951017942	-0.0001258572224965	5.546001929474675e-06	1.5840040454533508e-08	0.0001267335081674	0.0007278585340301	5.297780455605917e-07	1.6061382092416443e-08	0.0	0.0	0.0	0.0	0.0	0.0
2574.566919834016	6.034361855186944	6628394.824703613	36.413522999335214	3181.280749549164	14.80204108302587	10120547.20745209	219.10042022358567	3049.860898444989	7.223170180993293	52.17418746359068	9301651.499863677	3128.5823705794965	2337.0557694052063	1.358046	22.448034	0.1981765605753002	0.1050424934416138	-0.083895146	0.0683018379	-0.0039742045	0.0179456132	0.1708107301	-0.0315298354	-0.0787862065	0.0705191636	-0.0657986916	-0.0626624251	0.1855132565	-0.1901839034	0.0043287038	0.1898163896	0.0733489877	-0.0462525701	0.0636714441	-0.1358920859	-0.0403892065	0.1112198073	-0.2063707229	-0.0847836912	-0.0997439852	0.022205184	-0.0467641074	0.0284286474	-0.0055657972	-0.0331367911	-0.1440391413	-0.0193955535	-0.1097782301	-0.048417412	-0.0325894009	0.0176231693	0.1069795603	-0.0832307729	0.1416676886	-0.1206980365	0.0043678034	-0.0177130797	0.1023998004	0.0016579574	-0.0362940349	-0.0084446116	0.0205553431	0.0115986755	-0.0942953696	-0.1879856959	-0.0395208269	0.0807669838	-0.0476918317	-0.0214066558	-0.0840962825	-0.1429768255	0.1260323526	0.0912801951	-0.2247281035	0.0993753871	-0.0029446257	-0.054677631	-0.0040805419	0.006530044	0.0131691356	0.2120724389	-0.0999811649	0.0129800703	0.0201900691	-0.027348928	0.1469796854	-0.0192345555	-0.083937361	-0.0693426896	0.0658049731	0.1152657496	-0.0073670647	-0.0120410098	-0.0309600973	0.0325047386	0.1004062313	0.0411226477	0.1877702186	0.2011719022	-0.0790193932	-0.025019524	-0.1203803761	0.0303997301	-0.0775703144	0.0612463049	0.0932233555	0.0486159281	0.0925107564	0.0507336527	0.0888845014	-0.3145375612	-0.1286539591	0.0260459256	-0.2227732681	0.0983615109	-0.0229956953	-0.2665765231	0.3980751779	0.0550481466	0.0541394198	-0.0270704183	-0.0862485974	-0.075232084	-0.00298683	0.0716892996	0.0062274474520052	-0.026567561970367	0.0007058353490492	3.878110176748606e-05	0.093346465397829	0.0171419334893272	0.0002938458837525	0.008713562602268	-0.0213989480015044	-0.0933029480984258	0.000457914975571	0.0087054401238575	-0.0008647366901588	-0.0006670864824044	4.450043750068092e-07	7.477695433067964e-07	0.0019178951344298	-0.0004370999673644	3.6783217466695e-06	1.9105638146995973e-07	0.0002458293987421	0.0001190958905746	1.4183831151780911e-08	6.043209328590238e-08	0.0	0.0	0.0	0.0	0.0	0.0
2561.794983339171	-12.77193649484525	6562793.536661742	163.12236182835994	3195.9525225118628	14.671772962698924	10214112.526149938	215.2609218689832	3037.8286720697133	-12.032226375275512	144.7744715458757	9228403.040848838	3119.617525271152	2318.811899496908	1.321656	21.846531	0.1193817080838619	0.0704503755270892	-0.080867385	-0.0466537735	-0.0560103181	-0.0607253162	0.1229209899	-0.0351134777	-0.0126479465	0.1160411036	-0.0825243935	0.0180520613	0.0706199081	-0.1163826908	-0.0091457435	0.0738733111	-0.0588311451	0.0398002602	-0.0680700914	-0.1474472297	0.0016470668	-0.0213826465	-0.0029756928	-0.0947347059	-0.125399184	0.014432277	-0.1029665635	-0.0771355738	0.0144368737	-0.0827433118	0.017900101	0.0991419255	0.0992077082	0.0089176104	-0.0093967208	-0.0121891118	-0.0971517397	0.0248584353	-0.0223608556	0.0308269929	-0.0399919449	-0.067868688	0.0012149512	0.1010655979	-0.0020183862	-0.0952149459	0.0403819028	-0.1056838367	-0.1421180794	-0.0174224507	0.1285738137	0.0789339771	0.0276752227	0.0224818337	-0.0916587126	-0.1224890127	0.0653459388	-0.0504204632	-0.1146221007	-0.008935249	-0.1647732673	-0.0297774515	0.0183781319	0.0134071866	0.039218779	-0.0370051634	0.0329708446	-0.0794813414	-0.0945111265	-0.0686052001	0.0098461972	-0.0275790406	0.0207036739	-0.0363647647	-0.0164172326	0.0865537778	0.2143773096	0.1628911962	0.1678288287	-0.0051232668	0.1176762227	-0.0191503449	0.0708019582	0.0331575023	0.1111157106	0.1137197861	-0.0706596569	-0.0018514077	-0.0179131192	0.0069250353	-0.0697053929	0.0478231037	-0.0774779547	0.0553972851	0.1640399903	-0.0628218494	-0.1239881039	0.0263974655	-0.1449141477	0.0412709848	-0.0726035288	0.0010931653	-0.0213164031	-0.0304979442	0.0531726956	-0.0293432743	-0.0873563013	-0.0724229201	0.00298683	0.0759024438	-0.0238915030465847	-0.0301189504985899	0.0009071511791365	0.0005708039178249	0.0990314878755498	0.0056850224777208	3.2319480572190807e-05	0.0098072355908451	-0.0421388030861606	-0.0207398550846562	0.0017756787255342	0.0004301415889325	-0.0008650281840475	-2.914938887000392e-07	8.496868714947086e-14	7.482737591965156e-07	0.0030783578140927	0.0011604626796628	9.476286831585585e-06	1.346673630890398e-06	0.0003418328256484	9.600342690630002e-05	9.216657977753293e-09	1.1684968069076945e-07	0.0	0.0	0.0	0.0	0.0	0.0
2555.449086044705	-6.345897294465885	6530320.031366718	40.270412471909445	3233.491416322673	37.53889381081035	10455466.739432406	1409.1685485392957	3030.4797069338933	-7.348965135819981	54.00728856749759	9183807.254138136	3117.337417537608	2324.6793659585333	1.421976	23.504782	0.2794922001611839	0.1360414604495753	-0.0833019624	-0.1255487846	-0.0900991835	0.0195264495	0.0009315334	-0.0741794247	0.144494897	0.1371469683	-0.0142502748	-0.0302836321	-0.141659835	0.0456924338	-0.0976796191	-0.0564763406	0.1036830997	-0.0513017364	-0.1614191238	-0.0759690626	0.0176625486	0.0194718791	-0.0799040558	0.266295029	0.2728219538	-0.0688968167	0.1732993692	-0.0408367824	-0.0920435997	0.0195715121	0.053744254	0.1603986689	0.2405511693	-0.1166675956	0.0048221623	-0.0498721972	-0.0869763758	-0.1745033227	0.0557595554	0.0021544872	0.1139035586	0.1387969187	-0.0216813755	0.0364599551	-0.066195502	0.0660788095	0.0191149681	0.047418157	0.0172890345	0.1412025872	0.0090848387	0.1839465901	-0.0915781657	0.0542811931	-0.0130131429	-0.0658097909	0.0524454901	0.0137859306	0.0938234908	0.212222685	0.1809278451	0.2835077368	0.2171521603	-0.1181875683	0.2195669368	-0.1767587604	0.12024173	-0.1443900815	-0.0447251658	-0.0141378127	-0.0735766706	0.0765814092	0.0331265016	-0.118708122	-0.0476539631	0.0861098111	0.0667290995	-0.0435014074	-0.097352062	-0.1467138965	0.0514815873	-0.0359052306	-0.0435105048	0.0766845119	0.1379362959	-0.0900977321	-0.0712625129	0.1630254528	-0.1574017767	-0.0244973854	0.2357937702	-0.2494198281	-0.0908459309	-0.1471817927	0.1504457764	0.3764612742	0.0424676325	-0.2390278321	0.4830285272	0.060102302	-0.073714933	-0.1183583906	0.2102913786	0.0076449209	0.0521968607	-0.0315960199	-0.0883293083	-0.06941525	0.0089476998	0.0796476241	0.0729459886725578	0.0968374917191425	0.0093774998024549	0.0053211172634169	0.1056314044362949	0.0065999165607451	4.355889860879744e-05	0.0111579936031841	0.0071681192679307	0.0493069223540913	5.138193383927935e-05	0.0024311725920323	-0.0016982314622529	-0.0008332032782053	6.94227702812225e-07	2.8839900993856228e-06	0.0018308267669271	-0.0012475310471655	3.3519266504967378e-06	1.556333713642098e-06	0.0007960558908215	0.000454223065173	2.063185929352462e-07	6.337049813116118e-07	0.0	0.0	0.0	0.0	0.0	0.0
2553.020689905088	-2.42839613961678	6517914.643083452	5.897107810905678	3169.6331345259778	-63.85828179669534	10046574.207484975	4077.880154026151	3031.6523905561016	1.1726836222082966	1.375186877795571	9190916.217164526	3112.770729616855	2280.326614062872	1.449853	23.965586	0.1426361984385007	0.0722132424124176	0.0015418846	-0.0114410456	-0.2086977803	-0.0095730346	0.0442281148	0.0667646847	-0.0672483682	0.2225786146	0.0309469138	0.0582350288	0.0237304329	-0.001437226	0.0411869235	-0.0359397231	-0.0960865528	-0.0195336823	0.0029370393	-0.0549471267	0.0996479638	0.072981679	-0.0030196285	-0.0314221383	-0.056752766	0.2272757325	0.0447460358	-0.0271156017	0.0819016244	0.0922498287	0.0271409179	-0.0743923823	0.0791799005	-0.0707315845	-0.1956861648	-0.0660489591	-0.029317778	-0.1857409318	-0.113732095	0.0263902916	0.0948753443	0.1027253314	0.0200522935	-0.0057497937	-0.0980465699	0.1028824039	-0.0580859891	-0.0020413575	0.2025031898	0.0642636443	0.1118562585	-0.021395657	-0.0203555241	0.0548899343	-0.0607806584	-0.0151825538	0.0007114074	0.1296956355	-0.0314979765	0.0682268254	-0.1561291989	-0.1042545077	0.1064599489	-0.041948643	0.1589267049	-0.130888821	-0.0012472612	-0.0710986744	-0.0408749635	0.0053507928	0.0330492706	-0.1624708073	0.1772043352	0.0347900058	-0.0717926204	-0.0977231961	0.0406967906	-0.1540830082	-0.1931119521	-0.0348274227	0.0038641247	-0.0102157862	-0.0343178244	0.0867080315	0.0745921296	0.1206826031	-0.1572602509	0.0021463549	-0.1223580389	-0.133846163	0.0992767628	-0.1631310523	0.0748223252	0.0523268089	0.0837286701	0.1757122327	-0.0025387029	0.0016062231	0.1466033137	-0.0276956251	0.1170810932	0.0391398425	0.1182818452	0.1273532156	0.051212082	-0.0338271112	-0.0891661178	-0.0662173176	0.0148702542	0.0829017503	0.0630658157899404	-0.0098801728826174	9.761781619040828e-05	0.0039772971212506	0.1037983084616627	-0.0018330959746322	3.36024085221278e-06	0.0107740888395024	-0.0118044701937805	-0.0189725894617112	0.0001393455165558	0.0003599591508826	-0.0025428209423268	-0.0008445894800738	7.133313898515005e-07	6.465938344735754e-06	0.0014507026657466	-0.0003801241011804	2.104538224404292e-06	1.444943322982829e-07	0.0018103491119579	0.0010142932211363	1.0287907384432537e-06	3.277363907166757e-06	0.0	0.0	0.0	0.0	0.0	0.0
2560.11236064757	7.091670742481711	6554175.299140473	50.291793919771095	3191.038313976826	21.40517945084821	10182725.521268064	458.1817073230145	3029.722183508376	-1.9302070477256168	3.725699247089641	9179216.509242762	3110.8095379768533	2294.3373865777435	1.31197	21.686424	0.097235171444583	0.0555943855131701	-0.0311377847	-0.089576514	-0.0649845405	0.1452719816	0.0577458645	0.0737701454	0.0221623222	0.0853204183	0.0157103702	-0.0204732458	0.1191600771	0.0642853137	-0.0320182368	-0.1050241305	0.0504359617	0.0945000076	0.0433449693	0.0464439788	-0.0103716828	0.0932859122	-0.1500219752	-0.0650486086	-0.1297683575	0.07791688	0.0129653036	0.0178313509	0.0035730146	-0.0474140119	0.0079509665	-0.0633594237	-0.027215794	0.000884201	-0.1067844457	-0.0962919963	0.1376497064	-0.03571928	-0.056125763	-0.0649207793	0.0406475554	-0.0006494428	0.0543622423	0.0427696248	-0.0226780766	0.0308888834	0.0761331935	-0.0214536281	-0.0267830343	0.0817188782	-0.0828315854	-0.0118272601	0.0967404533	0.0008425047	0.0028832744	0.0301546076	0.087941911	0.045838059	-0.2034273164	0.064800379	-0.0143190306	-0.0555095977	0.0043781501	0.0592016213	-0.0083836324	-0.0309982203	-0.0512666254	0.0097185682	-0.0063454529	-0.0260139674	0.0632763608	-0.1696332761	0.0330975859	0.0233104074	-0.0745930758	0.0229500824	0.0384143091	-0.0524497626	-0.0087414852	0.018157977	0.0117195107	-0.0166495301	-0.0875972747	0.1052466074	-0.0034021398	0.022460787	-0.0460880821	0.1611802378	-0.1585685577	-0.0016822544	0.1983547823	-0.0617383871	0.0538144299	0.2650472866	-0.0538121128	-0.1611406349	-0.0034397778	0.0664167365	-0.1108582673	0.1146737569	0.2228765445	0.0559916581	-0.1524388273	-0.2112888583	0.0502185284	-0.0360350191	-0.0898654396	-0.0628378881	0.0207291319	0.0856447597	0.0654913448906455	0.002425529100705	5.883191418367256e-06	0.0042891162555854	0.0931363305059278	-0.0106619779557348	0.0001136777739285	0.0086743760601094	0.0020800405417276	0.0138845107355081	4.326568655230447e-06	0.0001927796383644	-0.0035396690275573	-0.0009968480852305	9.937061050277142e-07	1.252925682464844e-05	0.0011850479254253	-0.0002656547403213	1.4043385855548074e-06	7.057244105517737e-08	0.0019531093594588	0.0001427602475009	2.038048826651823e-08	3.814636170005564e-06	0.0	0.0	0.0	0.0	0.0	0.0
2564.795206732137	4.682846084567245	6578174.452476146	21.92904745174678	3179.751670228923	-11.286643747902872	10110820.684323626	127.388327092075	3032.842037271137	3.119853762761068	9.733487501014393	9198130.82303894	3112.389339106134	2267.341154822352	1.293047	21.373631	0.1724939407485808	0.0923472913602014	0.0806464281	0.0458714344	-0.101819214	0.0021499235	0.0159611629	0.1621476837	-0.1455038521	0.0514523063	0.0642691897	-0.0335901334	-0.0156196731	0.0473116902	-0.0503811078	-0.035855686	0.005181991	-0.0177301054	0.1746748402	0.0598868393	0.0676694773	0.0528054222	-0.1923969141	0.2630316323	-0.0164014187	-0.1229893464	0.0963697041	0.1013062077	-0.0746785258	-0.0394441608	0.0378374191	0.0049370412	-0.0245370634	0.1329877709	0.0090668186	-0.0010815899	0.0854189358	0.0061318875	-0.0783818487	0.1128854258	0.0253392177	-0.0802980413	-0.0824276886	0.0439701412	-0.1604866464	-0.0468183369	0.0374450378	-0.1004587805	0.1092185368	-0.0491576312	-0.0739175616	-0.1315955898	-0.0006810206	0.0630071844	-0.043929793	0.0874437331	-0.0548346351	0.1524126174	-0.1011596381	0.072179996	0.2471660235	0.1816458478	-0.0129448122	0.0715345806	-0.0467915298	-0.0006681986	0.0309587588	0.0924067238	-0.0699596481	0.041577692	-0.0071160271	-0.0280320797	-0.0881544341	0.1703989336	0.0238415391	0.0457375304	0.0070015149	-0.1801680367	0.0536386247	0.0141360261	-0.0380885974	-0.010319079	-0.0073336073	0.027186603	-0.0379617953	0.0388275462	-0.1726436297	-0.0127501294	0.0144720071	-0.0891719545	0.0088271938	0.0334218231	0.0204747432	0.1371343145	-0.0866708356	-0.078564198	0.0616251057	0.0021442159	0.0139919795	0.0451996949	-0.061443472	-0.0805642512	-0.0689112616	-0.030130056	0.0492163702	-0.0382182304	-0.0904261954	-0.0592862243	0.0264992443	0.0878597406	0.0589621427949111	-0.0065292020957343	4.263048000694245e-05	0.0034765342829674	0.1073358580271843	0.0141995275212565	0.0002016265818269	0.0115209864184318	-0.0661202133596674	-0.068200253901395	0.0043718826147279	0.0046512746322147	-0.0023999322894277	0.0011397367381295	1.2989998322422997e-06	5.759674993837682e-06	0.0008594111570709	-0.0003256367683544	7.385875368979432e-07	1.0603930490429717e-07	0.0021590349975787	0.0002059256381199	4.240536843508804e-08	4.661432120769657e-06	0.0	0.0	0.0	0.0	0.0	0.0
2580.839941617796	16.044734885658727	6660734.804249748	257.43351755107415	3241.7405335596004	61.9888633306773	10508881.686923282	3842.619177029389	3040.730927075345	7.888889804207793	62.23458234293366	9246044.570872486	3123.989005620429	2306.997440031691	1.183717	19.566439	0.1333772922772954	0.0788167883282267	0.0055851297	0.0796711635	0.0043563598	0.1179276727	-0.0017163406	0.0969107481	-0.1050136117	-0.1291079227	0.0772765496	-0.1116490147	-0.2243491019	0.0696653023	0.0480481808	0.0493622158	0.0299649791	0.1255834118	0.1538783244	0.0521400102	-0.0286405904	0.0295317592	0.0128770861	0.0636986675	0.0684946481	0.0362089761	0.0992921115	0.0792124694	0.0830234164	0.0301281783	-0.0559819498	-0.0791205963	0.0151122877	0.0073466222	0.0303256088	0.0186022094	0.13818284	0.0684784968	-0.1030940074	0.0869013243	0.1394701441	-0.0455564842	-0.1187255045	0.0146958371	-0.0043936578	0.0674520475	-0.0619928425	0.0541739284	-0.0196036911	-0.1168833994	-0.0823600538	-0.0575094662	0.1513243314	0.0351727601	0.068695583	0.041228016	0.0615146721	0.0476476913	0.0900691642	0.1570845097	0.0042966984	0.0307541782	-0.0059422129	-0.019442559	0.0805503972	-0.1131970577	0.0256129977	0.0997702403	0.0198820845	0.0890818695	-0.0038220465	-0.0279850543	-0.0126629132	0.1472687263	0.0270558821	-0.1234046248	-0.1128486721	0.0309205019	-0.0073366528	0.0150788845	-0.0182876885	-0.0040332671	-0.0328088191	0.0939355952	-0.0718917036	0.0434826701	0.039699847	0.0670496672	-0.0251455772	0.0377466929	-0.002498838	-0.0081570416	-0.1152349414	0.1684502815	-0.0335312898	0.0494949322	0.0716461764	0.0737769051	0.0556614247	0.1612830819	-0.0546678995	0.0183812933	-0.0919105625	-0.1159227281	0.0482057789	-0.0403752488	-0.0908475206	-0.0555720611	0.0321558829	0.089533037	0.0706912346905852	0.0117290918956741	0.0001375715966971	0.0049972506620793	0.1141956971639075	0.0068598391367231	4.705739298171923e-05	0.0130406572507508	0.0019401758863608	0.0680603892460282	3.764282470015916e-06	0.0046322165843208	-0.0031049593035445	-0.0007050270141167	4.970630906344501e-07	9.640772276667548e-06	0.0009428788401804	8.34676831095e-05	8.890205072599363e-07	6.9668541236679115e-09	0.0020129702548276	-0.000146064742751	2.1334909074944955e-08	4.052049246820694e-06	0.0	0.0	0.0	0.0	0.0	0.0
2582.288328731214	1.4483871134179935	6668213.012701445	2.0978252303153075	3242.0717443922545	0.331210832654051	10511029.195786636	0.1097006156673898	3042.036579529932	1.305652454587289	1.7047283321698126	9253986.55119817	3117.4351141747006	2331.3761602597224	1.035153	17.110731	0.0789039886416293	0.0406215770467126	-0.0308943025	0.0616032712	0.0965438943	0.1055733413	-0.0074981985	-0.0238162827	0.0494259164	-0.1341512555	0.0218436369	-0.0092707002	-0.0068308133	0.1125695639	-0.0826621995	0.0813859496	0.0345793741	-0.1016559388	0.0859544138	0.0319696835	-0.1236365318	0.0193649586	-0.0318235561	-0.1210297833	0.0132158087	-0.051178436	0.0168786977	0.0452740886	0.0766423147	0.0313325061	-0.015619108	0.014065289	0.0138417191	0.1088957166	0.0772499571	-0.061205776	0.1064510936	0.0002688947	-0.2037983464	0.081453143	-0.0633054568	0.0157054007	-0.0022120747	-0.0506695983	-0.0465839637	-0.0121549542	-0.1146265171	-0.0730048367	0.1295416478	-0.1247325783	-0.0728248339	-0.0538751856	-0.0820000832	-0.1062375376	0.0369884189	0.0037098114	0.0524317025	-0.0943258474	-0.0785230829	-0.0413008625	0.0027140878	-0.0387738168	-0.0671222233	-0.0525110738	0.0439870463	-0.1761146687	0.0034077976	0.0946149245	-0.0242466733	-0.0101109779	0.0027148866	-0.0530948021	0.0207057849	0.0875428059	0.0991035034	-0.0490959657	-0.01121812	-0.0203435419	0.0158293441	0.0774511243	-0.0224447887	0.0214828448	-0.0262742936	0.0439766148	-0.0642388051	-0.0824253267	-0.0657497861	-0.0154225367	0.0421907219	0.1126176873	-0.0377896258	-0.0234882959	-0.0290548915	0.0665986021	-0.0165856403	0.0413788929	0.0301088564	0.0872611543	-0.0161805105	0.1122299049	0.0710898209	0.005861533	-0.0361893264	0.0292024357	0.0471869279	-0.042504596	-0.0911287655	-0.0517055788	0.037674825	0.0906543325	0.0691868799974599	-0.0015043546931253	2.2630830427281354e-06	0.0047868243637829	0.0935105292965943	-0.0206851678673131	0.0004278761696989	0.0087442190893292	-0.02891157100332	-0.0308517468896808	0.00083587893788	0.0009518302861449	-0.0033062200556141	-0.0002012607520696	4.050589032362106e-08	1.0931091056144904e-05	0.0011309655602929	0.0001880867201124	1.2790830985686332e-06	3.53766142826779e-08	0.0021408771664757	0.0001279069116481	1.6360178047354862e-08	4.583355041937023e-06	0.0	0.0	0.0	0.0	0.0	0.0
2574.733831621469	-7.554497109744716	6629254.303696171	57.07042658114127	3192.3765644471337	-49.6951799451208	10191268.129231283	2469.6109097779363	3039.1468704317244	-2.889709098207732	8.350418672264542	9236413.700054944	3118.0855333693485	2339.0440287074885	1.042988	17.240238	0.0650119545260334	0.0315306237058495	-0.0555621237	0.0600490792	-0.0148697817	0.0373225136	-0.0354665851	-0.0480704251	-0.0671847545	-0.0105277129	-0.1462462722	0.0821800443	0.0568359058	0.0098891736	-0.0306991758	0.0668997927	-0.0461305552	0.0627460465	0.0203007311	0.03619981	-0.0847578283	0.0022790314	0.0058295228	-0.0167679405	-0.1406651665	-0.0664369184	0.0542924932	0.0186488186	-0.0144339541	0.0849639372	-0.0613668084	-0.0365579982	0.0453601138	0.015823498	-0.0380073794	0.0446311202	0.0769663549	-0.014562874	-0.0316536113	-0.0077796416	-0.0916453479	-0.0610522515	-0.1031435528	-0.0698364258	-0.0328038955	0.0649794219	-0.0238818097	-0.0288087379	-0.0365961242	-0.0676390545	0.0683788251	0.0134267169	0.06671266	0.0963363422	0.0858118378	-0.0228247254	-0.0675648595	-0.0377208666	-0.1008611635	-0.040163819	0.0267840602	-0.0597903802	-0.0722081027	-0.1273438493	0.0659407053	0.0669254179	0.0119398929	0.0464921098	-0.0329292015	0.0480572285	-0.0129860073	-0.0536750717	0.0754748608	0.1110972169	0.0737567623	-0.0258178135	-0.0548976019	0.0589436853	0.0194343185	-0.0404073555	-0.0179995486	-0.0093105034	-0.0287744665	-0.0065677027	-0.0761183825	0.0787330864	0.0280005634	-0.0028198225	-0.0825218837	0.0265774337	-0.017129097	-0.0720324342	-0.0310526213	-0.0387452155	-0.0280751546	-0.0099749504	0.0507183151	0.043070888	-0.019987561	0.0690894996	0.0202300054	-0.0253770086	-0.0138898578	-0.1292317717	0.0461599916	-0.0446048127	-0.0912694965	-0.047697375	0.0430324377	0.0912167139	0.0602266720425177	-0.0089602079549422	8.028532659580947e-05	0.0036272520253169	0.0831167622252309	-0.0103937670713634	0.0001080303939337	0.0069083961628055	-0.0389307731362578	-0.0100192021329377	0.0015156050969867	0.0001003844113806	-0.0033990617517109	-9.284169609679976e-05	8.619580534130522e-09	1.1553620791943973e-05	0.0012691849137436	0.0001382193534506	1.610830345274349e-06	1.9104589668329506e-08	0.0016591626686874	-0.0004817144977883	2.320488573794343e-07	2.752820761165895e-06	0.0	0.0	0.0	0.0	0.0	0.0
2576.5674687376963	1.833637116227237	6638699.92095738	3.362225074006138	3206.920379076999	14.54381462986521	10284338.317739362	211.5225439878813	3030.9155091829825	-8.231361248741905	67.7553080072899	9186448.823805938	3111.673103364985	2310.1016354758985	1.041049	17.208195	0.1104569004557742	0.0541862294800199	0.1022223075	0.0664589421	-0.0140250828	0.0157046291	-0.0117081602	-0.0280214293	-0.0396344866	-0.0776187591	-0.0020611703	0.1224047064	-0.0031963401	0.0630127083	-0.1168989856	-0.0800636182	0.0787436024	-0.0335512641	0.0583436136	0.0548276248	0.0478702121	-0.0788330167	0.0239449568	-0.0203052431	-0.0961984004	-0.0847256144	0.073250988	-0.0524789336	0.0226917645	-0.004122557	-0.0696627838	0.0247744067	0.0239317192	0.0003918289	-0.0147838484	0.0637381803	-0.0405570349	0.0281041986	0.0110034587	-0.0599890722	-0.0076126347	0.1438926071	0.0409655931	-0.0823892402	-0.0307488728	0.0752607946	0.0564300969	0.1707557171	-0.0602522365	0.0181531795	-0.1032206912	-0.0265138418	-0.0087179526	0.1600311753	-0.009217117	0.0521758297	-0.0092571964	-0.1245941602	-0.053475027	-0.0273573924	0.0187812601	-0.0487096809	-0.0160659183	0.0326169475	0.0936137238	0.0264578153	-0.0441193189	0.0561410619	0.0385512452	5.35801e-05	-0.0782598996	0.0778534505	0.0756303113	-0.0082486722	-0.0745178668	0.0004571607	-0.0460115367	0.0631629609	-0.0997176045	0.0128442251	-0.0302020241	-0.0169246586	-0.0234075873	-0.03445001	-0.1350327853	-0.0791397042	-0.04140503	0.0576334247	0.0377067197	-0.0798105207	0.0420439555	-0.0027948465	0.0110988158	0.0011366004	-0.0092559624	0.0070948855	0.0368276978	0.0231604132	0.0076198076	0.0288788038	-0.0325431194	0.0089117437	-0.1401486439	-0.0697311813	0.0451251461	-0.0466744595	-0.0912694965	-0.0435584361	0.0482057789	0.0912167139	0.0442452995779518	-0.0159813724645659	0.0002554042658511	0.0019576465347427	0.0889830372852742	0.0058662750600432	3.4413183080085953e-05	0.0079179809245124	-0.0709763461492229	-0.032045573012965	0.0050376417126943	0.0010269187497292	-0.0037279234324937	-0.0003288616807828	1.0815000508728832e-07	1.3897413118535607e-05	0.000507986320436	-0.0007611985933075	2.5805010175010644e-07	5.794232984534689e-07	0.0016179493444138	-4.121332427359996e-05	1.6985380976809032e-09	2.6177600810890453e-06	0.0	0.0	0.0	0.0	0.0	0.0
2586.0590143732334	9.491545635537022	6687701.225821059	90.0894385514819	3245.0727628930213	38.15238381602239	10530497.236470146	1455.6043908450874	3034.482189342288	3.566680159305633	12.721207358784458	9208082.157435566	3110.246331397523	2323.786304273104	1.100889	18.197327	0.0898789912388786	0.0445302531302263	0.0343424814	0.0109269019	0.1396528153	0.0986763086	0.0193263814	0.0573904328	-0.0009616705	-0.1821591156	0.0593189445	-0.0081886284	0.0108012669	0.1313166736	-0.066131167	0.0008442069	-0.079225908	0.0301258208	0.0791573411	0.0589256384	-0.0549686055	-0.0547200012	0.0200254008	-0.0612230909	-0.0406392996	-0.0788105169	0.0281140184	-0.1613970293	-0.038296016	-0.0621230328	-0.0385060699	-0.0422256553	-0.0480699917	-0.0353646001	-0.006773726	0.1060183174	-0.1209137142	-0.0193438161	-0.0575526864	-0.0105565521	0.1000857038	-0.0663958569	0.0344185063	-0.0153415345	-0.0851232668	0.0019505588	0.0403148451	0.0363063718	0.0945799121	-0.0524937387	0.0050847174	-0.133612458	0.063911233	-0.0411079803	0.0295440465	0.0245473579	0.0002976684	-0.1599467493	-0.0523587563	-0.0855186326	0.059419642	-0.056882108	0.076767756	0.0667739251	0.0824144975	0.0105758184	-0.0801636449	0.0001189808	0.0265883369	-0.0127590972	-0.0523497283	0.1180723213	0.1006590612	0.101652992	-0.0861084025	-0.075325494	0.0347928352	0.0016381928	-0.0002817218	-0.0432112392	-0.0044886493	-0.0089509522	-0.0335752655	-0.1165808598	-0.1087415967	0.0408403844	0.0029368212	-0.0516625205	-0.0085030188	0.1339851357	-0.0024738777	0.0698767162	0.0207597335	0.0831240776	0.0453110481	0.0183612116	0.0371505085	-0.0787573851	0.0808002437	0.0407391303	-0.0320470073	0.0323687039	-0.0583157361	-0.0210134923	0.0440825686	-0.0487121179	-0.0911287655	-0.0393001065	0.0531726956	0.0906543325	0.0394781939739488	-0.004767105604003	2.2725295839716816e-05	0.0015585277994447	0.0784276550223381	-0.010555382262936	0.0001114160947167	0.0061508970723028	-0.0944692838768475	-0.0234929377276246	0.0089244455962043	0.000551918123074	-0.0038231863582727	-9.526292577899994e-05	9.075025027975252e-09	1.4616753930082468e-05	0.0010731022412111	0.0005651159207751	1.1515484200922855e-06	3.1935600391348906e-07	0.0012570568780816	-0.0003608924663322	1.3024337225533817e-07	1.5801919947322584e-06	0.0	0.0	0.0	0.0	0.0	0.0
2588.041513419141	1.9824990459078435	6697958.875180839	3.93030246702551	3221.1301812482025	-23.9425816448188	10375679.644548075	573.2472158188142	3036.083048440196	1.600859097907687	2.562749851353814	9217800.277025912	3115.47134009828	2337.558353328969	1.128743	18.657743	0.0428506441602283	0.0245003667957503	0.1077218057	0.1344902344	0.0894921973	-0.0041243057	-0.0210127019	-0.0982521212	-0.0695577592	-0.1266826319	-0.0343644693	0.1456463437	-0.1117033732	0.1137640102	-0.1018914539	-0.0021479954	0.0987247977	-0.0071845199	0.0426474455	-0.0181213921	-0.0419481835	-0.1154161376	0.1446722856	0.0451100793	-0.126085085	-0.0358438226	0.0791422837	-0.0016019858	-0.0068730457	-0.0625160226	0.0462029638	0.0921824497	-0.1059638639	0.0203095927	0.0116058287	-0.0037350497	-0.0447418824	0.0048385973	0.006790532	0.0504586736	-0.0646538262	0.0032064541	0.0579294482	0.0028514909	-0.0905307944	0.0903631642	0.065332582	0.0702936126	0.0775482052	-0.0331416162	-0.1083503273	-0.0050160663	0.0155909231	0.1599832773	0.0188489139	-0.0354979256	-0.1238316825	-0.1190605306	0.0716281868	-0.0607363731	0.0834784362	-0.1156813531	-0.0648637461	0.0778198558	-0.0439502175	-0.0957026083	-0.0524229124	-0.0121644876	-0.0245137653	-0.1061588429	-0.0839750191	0.0529018548	0.0174580705	0.0493957314	-0.034809696	-0.0765227129	-0.0931741375	0.1314606518	-0.1160893418	-0.0412979709	-0.0073760028	-0.0201279619	-0.0091544208	-0.1316602121	-0.1382212962	-0.0638869615	0.0602384961	0.0607102224	0.0741865063	-0.0586330415	-0.0729794021	-0.0386913712	-0.0115686969	-0.0081811961	0.0428793193	0.0268883562	-0.0024147779	0.0246675334	0.0033367168	0.0813519815	-0.0037463984	0.0304362445	0.025396269	0.0336654286	0.0430324377	-0.0507163915	-0.0908475206	-0.034934058	0.0579119187	0.089533037	0.0437991345042121	0.0043209405302633	1.867052706607209e-05	0.001918364183318	0.0839150149841003	0.0054873599617621	3.01111193499508e-05	0.0070417297397817	-0.1170501250711453	-0.0225808411942978	0.0137007317791707	0.000509894389042	-0.0039472019276109	-0.0001240155693382	1.5379861438278042e-08	1.558040305733521e-05	0.0010469032115014	-2.619902970969995e-05	1.0960063342519452e-06	6.863891577297405e-10	0.0013160723285118	5.901545043020002e-05	3.4828233894793955e-09	1.7320463738744712e-06	0.0	0.0	0.0	0.0	0.0	0.0
2576.1364140669084	-11.90509935223281	6636478.82388151	141.73139058653408	3215.115623427315	-6.014557820887603	10336968.472006412	36.17490578080023	3034.815249203173	-1.2677992370227005	1.6073149053953408	9210103.596796118	3114.100398416722	2331.995232854193	1.227938	20.2974	0.1743584312353628	0.0888917089570516	0.0616944247	-0.048246738	0.1166945037	-0.126456315	-0.0278830792	-0.113855488	0.079610528	-0.060451831	-0.0177190689	0.1625548967	0.0605431181	-0.0240585669	0.0302295602	0.0029225713	-0.0798183724	-0.040842321	0.034616311	0.0240902781	0.0887979617	-0.040709954	0.0379548745	-0.1778145457	-0.0120635432	0.0248485538	0.0931209256	0.0710329658	-0.0908916522	-0.090167836	0.1515804711	0.032645532	0.0831158291	0.0984436831	0.069790109	-0.0197401802	0.0138821826	0.0811645738	0.038294572	-0.0879677343	-0.0554762461	0.0050008291	-0.1074190699	-0.0074269919	0.0092019364	-0.0016602113	0.0391201618	0.0996207484	0.1018222482	-0.0003797582	0.064008808	-0.0602524429	-0.0293566145	0.0465260589	-0.0656127275	0.062881659	0.0749820986	-0.1186210326	0.0268068092	-0.0862338592	0.0252758264	-0.1144329642	-0.0155572033	-0.0605304677	-0.21116632	-0.0106721456	0.0837008565	0.093171567	-0.0659968651	0.0182570938	0.0256355591	-0.0232044287	0.0025765081	-0.0108281332	0.0840367464	-0.0633400478	-0.0691359478	-0.0676271226	-0.0874904312	-0.0113485651	0.0038335467	-0.0246980281	0.0504769921	-0.1723920974	-0.0280014413	0.0380608613	-0.036510595	-0.0240635408	0.0829864888	0.0376086876	0.0886638944	-0.0077810699	-0.0629832234	-0.1259007996	-0.0306031406	0.0475060205	-0.0460818324	0.0438826624	-0.0663117433	-0.1345420773	-0.0030470704	0.044510605	0.063505613	-0.0584951151	0.0419749335	-0.0526859066	-0.0904261954	-0.0304722578	0.062403154	0.0878597406	0.0379117578601011	-0.005887376644111	3.4661203749623705e-05	0.0014373013840429	0.096378667015827	0.0124636520317266	0.0001553426219679	0.0092888474557476	-0.1460443750331705	-0.0289942499620251	0.0213289594788293	0.0008406665308603	-0.0029503710557414	0.0009968308718695	9.936717871121084e-07	8.704689366556623e-06	0.0022555733895339	0.0012086701780324	5.087611315573445e-06	1.4608835992651147e-06	0.0016508343305598	0.0003347620020479	1.1206559801518513e-07	2.7252539869548227e-06	0.0	0.0	0.0	0.0	0.0	0.0
2573.8389418702604	-2.297472196647959	6624646.898687822	5.278378494370399	3223.4042803992525	8.288656971937598	10390335.154896222	68.70183439844976	3033.7787992325298	-1.036449970643389	1.074228541646682	9203813.80267277	3115.808985154172	2352.8715297323847	1.140749	18.856199	0.2477098627278846	0.1260364165609618	-0.034467305	-0.0811745698	0.091697389	0.0028227778	0.040839608	-0.1010298264	0.1149991692	-0.0077816572	-0.022466015	0.0585699202	0.0934345615	-0.0618526031	-0.0185270931	-0.0010992289	0.0461140931	0.0732126974	-0.0329765656	-0.0483197156	0.0083299983	0.0620750086	0.0208347189	-0.0411695798	-0.0188292315	0.0218346986	0.0190584949	0.0959501058	-0.1731189975	0.0395485744	-0.0198432378	0.0016972184	0.0725965414	-0.0478812107	0.0582681255	-0.0556557939	-0.0333726758	0.022734737	0.0526637534	-0.0013860499	0.0455756223	-0.0552871995	-0.0528898989	0.0737847006	0.0228234725	-0.0446762008	-0.0091566166	0.1245494986	0.0355348624	0.0354376982	-0.0220154905	0.0623106053	0.0654947794	0.0035542074	-0.007705399	-0.0422708219	0.0709726555	0.0133883334	0.014336498	-0.0462668513	0.0105958327	-0.0016218758	-0.0053803302	-0.0292827062	-0.1624480834	0.0212760382	-0.0258805239	-0.0108152735	-0.014651793	0.0470191256	-0.1019561295	-0.032881785	-0.0610762011	-0.0566042403	-0.0071045145	-0.1155740972	-0.0758546172	-0.0508259144	0.0891648683	-0.0224937516	0.0375201956	-0.0229271008	0.011384518	-0.0941961092	-0.0259073403	-0.0148622048	0.0694456759	0.0993156992	-0.06417209	0.0893491473	0.0390430427	0.0252870596	0.1173171144	-0.1446077561	-0.0028430696	-0.0402330029	0.0133515157	-0.1043258484	-0.0509029858	-0.0324692928	-0.0341443972	0.0588222595	-0.0578803084	0.0320862897	0.0409102371	-0.0546193134	-0.0898654396	-0.0259269352	0.0666271694	0.0856447597	0.0330145741093446	-0.0048971837507564	2.398240868867348e-05	0.0010899621036214	0.0710843737646627	-0.0252942932511642	0.0006398012710758	0.0050529881935142	-0.0568620648933517	0.0891823101398188	0.0032332944239357	0.0079534844418748	-0.0034957767421265	-0.000545405686385	2.97467362741202e-07	1.2220455030792566e-05	0.0015389008655464	-0.0007166725239874	2.368215873979459e-06	5.136195066386136e-07	0.0003461910292095	-0.0013046433013503	1.70209414375821e-06	1.1984822870513286e-07	0.0	0.0	0.0	0.0	0.0	0.0
2574.3288311003053	0.4898892300448096	6627168.930634264	0.2399914577138964	3215.61777650798	-7.786503891272332	10340197.684594126	60.62964284879917	3032.470642277068	-1.308156955461982	1.7112746201235616	9195878.196272291	3110.433149232256	2348.532839027468	1.105793	18.278391	0.1604163668861639	0.0816318155661678	-0.0769925086	0.0375378818	0.0131889056	-0.0490251629	-0.0178372786	-0.0585851139	0.0262038948	-0.011574165	-0.1237663112	-0.0360577915	0.0855924453	0.0102769662	-0.0341974623	-0.015339901	-0.0137197605	-0.1101746361	-0.0181585469	-0.028379895	-0.0109564342	0.0382584638	0.0881249969	0.034762292	-0.0195662496	-0.0072795717	-0.1407973114	0.0580389196	-0.2106255567	0.0102961653	0.0050872917	0.1182522537	0.0911801276	-0.082295583	-0.0069878779	0.0220953154	0.0249772313	-0.0361581131	-0.102390678	0.0071315068	-0.1106973052	0.041494131	0.0759727732	0.0256218976	-0.0759347473	-0.12361189	0.0124292419	0.0109708658	0.0574437055	0.015140606	0.0097605708	-0.0390799179	-0.0995314229	0.0244370279	0.0193523171	-0.0578657936	-0.0134666624	-0.0201659548	-0.0430591881	-0.1442306524	-0.0534593533	0.1368475866	0.0235672332	-0.0768933828	-0.1323342222	-0.0723525364	0.0088593468	-0.0277502081	0.0768876685	-0.0455382648	-0.1121568718	-0.0665546362	-0.1099753176	0.0452913448	0.040992234	0.0092123883	0.0415418831	0.0447208536	-0.0257736815	0.0023116353	-0.0243939654	-0.0173112733	0.0156782313	-0.1261062231	-0.032409145	-0.0824954715	-0.0728000899	-0.0608920964	-0.0610846777	-0.0400321544	-0.0740405088	0.040202962	0.0458136924	0.0114386176	0.0919583206	-0.0247653404	-0.0819459196	-0.0578429882	0.0323109026	-0.025923667	-0.0316758551	0.0146970059	0.0324523767	-0.0115118667	0.0398385309	-0.0565152869	-0.0891661178	-0.0213105486	0.0705658771	0.0829017503	0.0560772117279668	0.0230626376186222	0.0005318852539278	0.0031446536751832	0.0813841811077935	0.0102998073431307	0.0001060860313056	0.0066233849345861	-0.1018780948365076	-0.0450160299431559	0.0103791462075164	0.0020264429518431	-0.003867609309156	-0.0003718325670295	1.3825945790374766e-07	1.4958401768270152e-05	0.0014405773229297	-9.832354261669982e-05	2.0752630233393016e-06	9.667519032697986e-09	0.0015167927591884	0.0011706017299789	1.3703084102295936e-06	2.30066027432636e-06	0.0	0.0	0.0	0.0	0.0	0.0
2573.697412992525	-0.631418107780064	6623918.373644417	0.3986888268325565	3196.819151334236	-18.798625173744316	10219652.686337344	353.3883084229334	3028.6453760065183	-3.8252662705494913	14.632662040603616	9172692.813605664	3109.573264004322	2308.456526970269	1.10105	18.199986	0.1070840012113341	0.0594755734847972	0.096211899	-0.0133011268	-0.0008787647	-0.1211212602	-0.0198398503	0.0043301466	-0.0206174952	0.0085720463	0.0453599759	0.1093221435	0.0778330649	0.0010020272	0.0184542515	-0.0600901569	-0.0338056023	0.0794810129	0.0105884233	0.003448441	0.1049405336	-0.0203289069	-0.0235460718	-0.0275079985	-0.0886123104	-0.1645489635	-0.1108137546	0.0121700974	-0.0913960955	-0.0635007208	0.0498407031	-0.1421601982	-0.0485144783	-0.0989841868	0.1195257779	-0.0401653919	0.0230307414	-0.0156027514	-0.0388170583	0.0418272291	-0.089333912	0.1269286519	-0.0760179142	-0.005150617	0.031593927	-0.0877045001	0.0615974125	0.028996116	0.0903098458	0.0626704288	0.0251630926	-0.0167707828	0.0882556145	0.0885651063	-0.0857167634	0.0499110563	-0.0082333158	-0.0629165318	-0.0805078029	-0.0929900382	0.0142378178	0.0766036123	-0.1161556134	0.077147376	-0.1162481909	0.0739049721	-0.045800336	-0.1185145182	0.0681889602	0.0505641678	-0.0608277788	0.0018823691	-0.0278913161	-0.0460448179	0.1469239762	-0.0217295359	-0.0128206621	-0.0971270495	-0.098382239	0.029640093	-0.0313260849	-0.0353845688	0.0134099398	-0.1590182419	-0.0287932718	0.0983808724	0.0183499227	0.0678127624	0.062361713	-0.0986963926	-0.0682673008	-0.0062579094	0.0365797968	-0.0032542846	0.034788078	-0.0195593053	-0.055046646	-0.0030118676	0.0053529375	-0.0545901345	-0.0459111323	-0.0164845163	-0.0048053543	0.130275638	0.0387599986	-0.0583725276	-0.0883293083	-0.0166357513	0.0742024108	0.0796476241	0.0468075578770594	-0.0092696538509074	8.592648251564244e-05	0.0021909474744142	0.0949181349681964	0.0135339538604029	0.0001831679070955	0.0090094523458407	-0.1542866088599765	-0.0524085140234689	0.0238043576735113	0.0027466523421481	-0.0035338390376304	0.0003337702715255	1.1140259415427268e-07	1.2488018343880552e-05	0.0016351377080352	0.0001945603851054	2.673675324238607e-06	3.7853743452400426e-08	0.0016258996920884	0.0001091069328999	1.1904322806845094e-08	2.6435498087331536e-06	0.0	0.0	0.0	0.0	0.0	0.0
2579.4978074383043	5.800394445779148	6653808.938579019	33.64457572662558	3236.217916476946	39.39876514271009	10473106.402926384	1552.2626947704275	3032.2885641086323	3.6431881021139816	13.272819547384875	9194773.936023992	3113.21276297062	2331.739070881767	1.056394	17.46183	0.0536287087575539	0.0280143678527819	-0.0308092336	-0.0556714029	0.1227698052	-0.0462323274	-0.020482263	-0.0009270783	0.1122189813	-0.0525499132	-0.0596303642	0.0536171243	0.0513116229	0.0519532224	0.0161834006	-0.0389585896	0.0627396875	-0.0928332123	-0.0109661263	0.0583313241	-0.005547216	0.1009524009	0.0430418302	0.0133606126	0.0251929045	-0.1333100617	0.0227187708	-0.0154714538	0.0283438563	-0.0209390107	0.0195628248	-0.0281108097	-0.089297648	0.0225070707	-0.0201174098	-0.0688770796	-0.1690921626	0.0330313563	-0.0939733062	-0.0731245595	-0.0192125211	0.0389279603	-0.0251879474	-0.0789353503	-0.0037392203	0.0192448549	-0.1631477905	0.0644618212	-0.0062325829	0.0190317079	-0.0826445348	-0.0057395365	-0.0779744534	0.0053192698	0.0565392222	0.0144881841	0.0694899484	-0.0074071533	0.0393437113	-0.1261832671	0.1357328271	-0.0051059081	-0.0933458017	0.0701826801	0.0168439102	0.0226341222	-0.0103195417	0.0108839827	0.050990056	-0.0289687252	0.0324500827	0.1027259602	0.0503225218	-0.0834199503	-0.0586560778	-0.0840008762	0.0970532827	-0.0833560149	-0.0266696681	0.1281459015	-0.0245955884	-0.0128169814	0.0256446315	-0.1469513287	-0.0165505725	-0.086524042	-0.0617757095	0.055968855	0.0004514849	0.0832642395	-0.0112758238	-0.0115339236	0.0005532938	-0.0510197963	-0.0206965103	-0.0357020794	0.0245277088	-0.0066177521	-0.0035771057	-0.0518941987	-0.0230080079	0.0090013563	0.0010148496	0.0715095917	0.037674825	-0.0601897627	-0.0873563013	-0.0119153566	0.0775211985	0.0759024438	0.0480582986579634	0.001250740780904	1.564352501016351e-06	0.002309600069898	0.0920912541964042	-0.0028268807717922	7.991254897928484e-06	0.0084807990994667	-0.1326666926991038	0.0216199161608726	0.0176004513517184	0.0004674207748031	-0.0037380678402977	-0.0002042288026673	4.170940383891901e-08	1.3973151178667912e-05	0.0014868573660142	-0.000148280342021	2.2107448268706843e-06	2.1987059829864757e-08	0.001419785415897	-0.0002061142761913	4.248309484990468e-08	2.015790627193817e-06	0.0	0.0	0.0	0.0	0.0	0.0
2577.0915842893733	-2.406223148931076	6641401.033815112	5.789909842451784	3238.322743421684	2.1048269447383063	10486734.190562144	4.430296467296393	3035.6975155695814	3.4089514609490834	11.620950063106893	9215459.406035328	3114.4590243725065	2344.5315724106044	1.076575	17.795425	0.1905237734577171	0.0968362378502584	-0.0221873311	0.0618336122	-0.0097119908	-0.06090573	-0.0937170007	-0.0781980772	0.0248995233	0.0061909067	-0.0906088949	0.05781229	-0.0596006265	-0.0376688319	0.0489460433	0.0556208853	-0.0765413548	0.0329076839	-0.0366682728	0.0928161642	0.0058982075	0.0718287117	0.0651919239	0.0661434446	-0.0140876233	0.0317645159	-0.0191390671	-0.1210437901	0.0610576885	0.1088559133	0.0521669313	-0.0054983283	-0.0135268308	0.0583800404	0.0417213245	0.0226894401	-0.1214685015	-0.0233236214	0.1131140191	0.0275529413	-0.0895796803	0.0258771367	0.0187082673	-0.0114029315	-0.0306755758	0.0135037536	-0.0877468328	0.0101481241	-0.0640772816	-0.0247692757	0.0884558178	0.008070411	0.0181207748	-0.0287432182	0.043268507	0.0737311732	-0.0538771447	0.0776982737	0.0434913634	-0.1521597021	0.074979282	-0.0794641662	-0.0471582163	0.028571643	0.0068487594	-0.0842712865	0.0370175473	-0.0190541379	0.0755740935	0.098287373	0.0024019535	0.1031474268	-0.0743574498	-0.0378143095	-0.0260310921	0.0475041393	0.0887641701	0.0529259773	-0.0379776481	-0.0952709332	-0.0558077207	-0.0122281297	-0.000122775	-0.044571579	-0.0178344158	0.0861447206	0.0131009615	-0.0477375776	-0.0087392465	-0.0440733496	-0.0832735845	-0.0190906174	-0.0284850651	-0.0822709184	0.0054881618	0.0100793555	0.045886906	-0.0514297432	-0.0162511867	0.0455156357	0.0342889377	-0.0250299435	0.0251756422	0.0479477917	0.036583196	-0.0619657467	-0.0862485974	-0.0071623028	0.0805080284	0.0716892996	0.0737465087893696	0.0256882101314062	0.0006598841397552	0.0054385475586205	0.1128926955372264	0.0208014413408222	0.0004326999618556	0.0127447607056608	-0.0550003571823651	0.0776663355167387	0.0030250392901877	0.0060320596725986	-0.0039001335068032	-0.0001620656665054	2.626528025987193e-08	1.5211041370889028e-05	0.0010438284484557	-0.0004430289175584	1.089577829805434e-06	1.962746217930561e-07	0.002142046561208	0.000722261145311	5.216611620259576e-07	4.588363470383019e-06	0.0	0.0	0.0	0.0	0.0	0.0
2571.952645492501	-5.1389387968724805	6614940.410655874	26.408691958001175	3230.8950944210123	-7.427649000671863	10438683.111153765	55.169969677181726	3034.923032234052	-0.7744833355295668	0.5998244370130036	9210757.811584732	3116.618100819689	2343.4462878789927	1.183194	19.557791	0.0675048589540144	0.04633810595284	0.0485470978	-0.1050860562	0.0134180935	-0.1088846	-0.0766750764	-0.0318572308	0.0832213667	0.0130147568	0.0432687591	0.0364628532	-0.0255466437	-0.0842359157	-0.0398927553	0.0347372948	0.0868752931	-0.0309855781	-0.0907330198	0.0153895346	0.1182220383	0.0232306874	0.0205004231	-0.0420754666	0.0194280628	-0.0256381593	-0.0090200384	-0.0351031167	0.0080754684	0.0103316501	0.0666356493	0.0509432428	-0.0376865714	-0.0706177225	0.0805742735	-0.0929431452	-0.0712373821	-0.0084076335	0.0775136694	-0.0304725526	-0.1021787597	-0.0745599915	-0.0360973533	-0.0122961229	0.0801590146	-0.0179396563	-0.0415031402	-0.1749894905	0.0225130532	0.0115507509	-0.0281325234	0.1382845048	-0.0600328628	-0.0249613437	-0.0692422848	0.0625578655	0.0267142826	-0.0025684115	0.0456074717	-0.0809030162	0.0028408832	-0.037396904	0.0175810045	0.0349952252	-0.0373697024	0.0290527339	0.103511259	0.0141362566	0.0912700344	-0.062387146	-0.0747906521	0.0646833795	-0.0432552499	-0.0681326417	0.0932196784	-0.0478104988	0.0213816703	-0.0554900065	0.0644053251	-0.073600958	-0.0627528062	-0.0339940837	0.0391821654	-0.0118686437	0.0487679345	-0.0525786811	-0.0012697418	0.0706324382	0.0888448825	-0.0297367355	0.028262993	0.1062971397	0.0515355137	-0.1342465131	0.0493667458	-0.0068229909	0.0006571259	-0.0313980911	-0.0086075331	0.0006338762	-0.0099540306	-0.0272402893	-0.0456797698	-0.0224986861	0.0354852986	-0.0636992625	-0.0850079043	-0.0023896175	0.0831501106	0.0670341672	0.0684586985066033	-0.0052878102827663	2.796093758652902e-05	0.004686593401218	0.1121464578678512	-0.0007462376693752	5.568706591945375e-07	0.0125768280123057	-0.0489545118177972	0.0060458453645679	0.0023965442273188	3.655224617226722e-05	-0.0030168102200456	0.0008833232867576	7.802600289282491e-07	9.101143903771582e-06	0.0012338264964191	0.0001899980479634	1.5223278232658314e-06	3.609925822990245e-08	0.0021068685831829	-3.5177978025100094e-05	1.237490137934425e-09	4.43889522680312e-06	0.0	0.0	0.0	0.0	0.0	0.0
2568.8579387468585	-3.09470674564227	6599031.109462759	9.57720984152377	3245.2952023371595	14.400107916147135	10531940.950312585	207.3631079966834	3032.196041364611	-2.726990869440669	7.436479202012778	9194212.83326722	3113.7662722323803	2357.677706118766	1.138233	18.814608	0.1297277249780182	0.0753882858947161	-0.0982086837	-0.1064955633	0.0143169613	-0.0626158056	-0.0230074831	0.0019929678	0.1333624266	0.0455704258	-0.0059864637	-0.05707183	-0.0719536806	-0.0165976181	-0.0158049736	0.0061120555	-0.0886020335	-0.0190191647	-0.0671424822	-0.0189120352	0.001002327	0.0756007077	0.0364597041	0.0307269039	0.0635802157	0.0475608679	-0.0440431877	-0.0651774494	0.044815568	-0.0794798827	0.0421484495	0.0636808695	0.0115955276	-0.028471133	0.1252367057	0.0501355848	-0.0063565927	-0.0013717343	0.0788263636	-0.0399094677	-0.0628389663	0.0264546816	0.0569400563	0.0282869751	-0.0146721503	0.039820167	-0.0382269522	-0.0739423654	0.0565737498	0.0384507829	0.0942891135	0.0085250758	-0.0377431806	-0.0976873213	0.010540186	-0.0207288932	0.0290048074	0.0647611192	0.0359868086	-0.0597162265	0.0279671342	-0.0375404704	0.0511701828	0.0729643964	-0.0378131598	-0.0616359924	-0.0426908019	-0.0078290048	-0.0202405347	-0.0452307718	-0.0729293006	0.1307141626	0.0322076121	-0.1112012771	0.0539837081	0.1204155499	-0.0371469792	0.0542288825	-0.0461938223	-0.0235447819	-0.0274551065	-0.0128228736	0.0170418649	0.0043215821	0.1130433785	0.0458812612	-0.0667835453	-0.0564432056	-0.0395029013	0.0897435378	-0.0491389363	0.0942879033	0.0770793934	-0.064062556	0.0184770075	0.0412629126	0.0259634591	-0.0982484098	-0.020833021	0.079888961	-0.0197177698	0.0421127648	-0.0957413649	0.0661429202	0.034381321	-0.0653891221	-0.0836361352	0.0023896175	0.0854361313	0.0619657467	0.0553247039886457	-0.0131339945179575	0.0001725018119977	0.0030608228714312	0.1121326604761776	-1.3797391673592284e-05	1.9036801699451367e-10	0.0125737335454657	0.0197329985777798	0.068687510395577	0.0003893912328706	0.0047179740843424	-0.002820679556834	0.0001961306632116	3.8467237051822186e-08	7.956233162341251e-06	0.0014772635113182	0.000243437014899	2.1823074818721773e-06	5.9261580222984616e-08	0.0015885878078374	-0.0005182807753454	2.6861496209273255e-07	2.5236112232096364e-06	0.0	0.0	0.0	0.0	0.0	0.0
2566.947177077325	-1.9107616695337128	6589217.809905247	3.6510101577592615	3208.881953514426	-36.413248822733294	10296923.39159056	1325.9246898262877	3028.2374379912767	-3.9586033733344266	15.670540667374702	9170221.98085197	3113.0637578436667	2324.6665272699497	1.259482	20.818806	0.1616661061309727	0.0903458069642663	0.0118406337	0.0054200142	-0.113178519	-0.1125164792	-0.0282128591	0.0187524868	-0.0268056241	0.1103680861	-0.0013065844	0.0116258528	-0.1213590809	0.0304146707	0.0700260901	-0.0745864913	0.0617483929	0.0405142984	-0.0739015778	0.0177307928	0.083508089	0.0057246416	0.0815504948	0.0520997894	-0.0268391665	0.1092799624	-0.065214075	0.0164132815	-0.00245545	-0.0011754637	0.0181413941	0.0180014848	0.0036998109	-0.0790942653	-0.0391225191	-0.0754475884	0.0361183675	-0.0217216126	0.0277360306	-0.0046942406	-0.0447634982	-0.0210584594	-0.0004830645	-0.0951202995	0.0867776761	-0.0920627723	-0.054094727	-0.1337152054	-0.0205009197	0.1091127618	-0.0221037381	0.083075655	0.0221357407	0.0907219706	0.014075051	0.0208395279	-0.0626153959	0.1101625551	0.0967528934	0.0166121718	-0.0714739411	-0.06854792	-0.001888415	0.0052532614	-0.049776681	0.0686098708	-0.0096165946	-0.110084683	-0.0402566123	-0.0314456087	0.0018052876	-0.0162115109	-0.0169530199	-0.0464618085	0.0953707157	0.0108956318	0.0189158811	-0.0508098495	-0.0578659332	0.057183155	-0.0219380143	-0.0252881205	0.0336503858	0.0224892013	0.0357099349	0.0065651904	0.0422819015	0.0780869761	-0.0045852042	-0.1206629402	-0.0497136529	0.0008942719	0.0458866132	-0.0571602876	-0.0572901181	-0.012888707	0.036729747	0.004903214	-0.0034434864	-0.0511468517	-0.0789566463	-0.0342996009	-0.0478664783	0.0660645685	0.0332714524	-0.0670341672	-0.0821354052	0.0071623028	0.0873563013	0.0565152869	0.0366351350360503	-0.0186895689525954	0.0003492999876338	0.0013421331191096	0.1124965950079257	0.0003639345317481	1.3244834339870894e-07	0.0126554838883772	-0.0565142158315694	-0.0762472144093492	0.0031938565910572	0.0058136377051852	-0.0033429539121561	-0.0005222743553221	2.727705022271151e-07	1.1175340858799774e-05	0.0020796917222232	0.000602428210905	4.325117659483699e-06	3.629197492941991e-07	0.0013859826093189	-0.0002026051985185	4.1048866466720815e-08	1.9209477933344265e-06	0.0	0.0	0.0	0.0	0.0	0.0
2571.6667215474745	4.719544470149685	6613469.726714736	22.274100005720477	3213.7429584901024	4.861004975676224	10328143.803244716	23.629369373549004	3028.775657794227	0.5382198029501524	0.2896805562877008	9173481.985246852	3109.108895809092	2313.0120020612785	1.061962	17.553871	0.0932271850152545	0.0585184705350991	0.0186177886	-0.0893508812	0.0291424424	-0.017491363	0.0201573572	0.0732640183	0.051512813	0.0371501444	0.0789991007	-0.0333942992	0.1061052249	-0.0270531165	0.0280887506	-0.0644271312	-0.0690365235	-0.0778501419	0.0084028876	0.0643121912	0.0193832564	0.0521367654	-0.0103977621	-0.0287221362	0.1047437388	0.0561100032	-0.0379266854	-0.0222841509	0.0181592046	-0.0471822085	0.025389465	-0.0215052208	-0.0426073664	0.0419517778	0.0386596022	0.0245230219	-0.0032195924	0.0148338747	-0.1115399427	-0.0022125825	-0.0226073215	0.0176286704	0.0415677869	-0.074287393	0.0589970513	0.0548520561	-0.0648753926	0.0090405088	-0.03080877	0.061906416	0.0256931758	-0.0800324701	-0.0713589675	-0.0639688896	0.0111982876	0.0824139127	0.0652235131	0.0332934841	0.031606688	-0.0697943815	-0.0044309326	0.001415078	0.0611725409	-0.0363646113	-0.0574480345	-0.0267308312	-0.0444265473	-0.0050113321	-0.0093638596	0.0062969975	0.078553236	0.0753923152	0.0561568232	-0.0056926934	0.004579721	-0.0136145356	0.0017000564	0.0082016127	0.0316856127	0.1545494628	-0.0208358678	0.006950919	0.0245307987	-0.015323494	0.0391438267	-0.0315880861	-0.0508481789	-0.0719447056	0.0226777962	0.0382095095	0.0607986614	0.0852534854	0.0440547863	0.01033722	-0.014587201	0.0023594651	0.0235994431	-0.0102992277	0.0361332999	-0.0711043878	-0.0214232591	-0.0315741078	-0.0166118405	0.0467220708	0.0321558829	-0.0686332704	-0.0805080284	0.0119153566	0.0889023983	0.0507163915	0.0568972303679231	0.0202620953318728	0.0004105525072379	0.0032372948235405	0.1020790505734652	-0.0104175444344605	0.0001085252320439	0.01042013256598	-0.0556817815912182	0.0008324342403512	0.0031004608011721	6.929467645090864e-07	-0.004403142534003	-0.0010601886218469	1.12399991389363e-06	1.938766417474636e-05	0.0021066387949217	2.6947072698500253e-05	4.437927012269153e-06	7.261447270182576e-10	0.0015331491349449	0.0001471665256259	2.1657986264828113e-08	2.3505462699822954e-06	0.0	0.0	0.0	0.0	0.0	0.0
2571.8527851701824	0.1860636227079339	6614426.748587624	0.0346196716952004	3207.1774063578414	-6.565552132261018	10285986.915852211	43.10647480143721	3033.3154965266126	4.5398387323857605	20.610135716069948	9201002.901468491	3112.3841665714344	2328.9932576810884	1.058552	17.497515	0.0787501531093802	0.0411020188825267	-0.0694693392	0.0472474867	-0.0681227066	-0.0792685496	0.0033618303	0.0511854357	-0.0620702392	0.0611727725	-0.0866016515	-0.0473986937	0.0151684398	-0.0441720975	0.0306211613	-0.0030745652	-0.001237395	0.0840756703	-0.0042782534	0.0027715447	0.0019394135	0.0542099197	0.0741015778	0.0388383426	0.0485037042	0.0859904796	-0.1273500293	-0.0423421703	0.0635593516	0.0783216109	-0.0563158178	-0.0143122638	-0.0737446956	-0.0845877475	0.0171948162	0.0188156144	0.0115323892	0.1630670081	-0.0181581317	-0.032632523	0.0305286218	-0.0766943795	0.026449422	-0.0109063233	-0.0421461637	0.0691503993	0.0845925632	-0.1286804892	0.0527604563	0.016788317	0.0054789082	0.0167754196	0.073259446	0.0013183126	0.0455261649	-0.0154858956	-0.0479499305	0.1204098156	0.0403648519	-0.076691996	-0.1125811317	0.0256973318	0.0717993252	-0.0480772294	-0.008801064	0.0363203551	-0.0306305625	-0.0142174758	0.1345310716	-0.0710108554	0.0542636723	-0.0170776206	0.0656509638	0.0197555304	0.0408291489	0.0199277982	-0.051482305	0.1142696478	0.0582064968	0.0858645024	-0.039998395	-0.0143201254	0.0417949922	0.0232512108	0.0095995619	0.049240852	0.0483143685	0.0204554214	-0.0339028163	-0.065891338	-0.1298792257	0.0316315288	0.062579862	0.000321035	0.0212320411	-0.0084094051	-0.0038996572	-0.0597785558	0.0313929069	0.0146562701	-0.0077433695	-0.0333145024	0.0036601308	0.0337075218	0.0310348036	-0.0701853358	-0.0787565141	0.0166357513	0.0900678015	0.0446048127	0.0499588371419577	-0.0069383932259654	4.814130055812255e-05	0.0024958854085766	0.1132121861161721	0.0111331355427069	0.0001239467070122	0.0128169990852027	-0.0496391964666003	0.0060425851246179	0.0024640498258497	3.651283498825355e-05	-0.0040871945106531	0.0003159480233499	9.9823153458709e-08	1.6705158967912835e-05	0.0014366570350747	-0.000669981759847	2.0639834364296275e-06	4.4887555852768354e-07	0.0016399401360698	0.0001067910011249	1.1404317921258402e-08	2.6894036498926343e-06	0.0	0.0	0.0	0.0	0.0	0.0
2575.123943185112	3.271158014929369	6631263.322765239	10.700474758636654	3200.0770462129744	-7.100360144866954	10240493.101699157	50.41511418681508	3034.458129133915	1.142632607302403	1.3056092752706874	9207936.1374669	3111.185098850981	2313.0595608233084	1.347038	22.266077	0.0784882961954409	0.0427351515451567	0.0614020711	-0.0253474695	-0.0186817447	0.0265174716	0.066587293	0.0483345462	0.0115301999	0.0761081797	0.0795373811	0.0383949538	0.0889598482	0.0165836945	-0.0949990311	0.0228673562	0.0596682319	-0.0722134801	0.1029546223	-0.0164833635	0.1459707391	0.0883827474	-0.1599834555	-0.1646285899	-0.057312678	-0.0542510818	-0.0378352642	-0.041166791	-0.044159202	0.1020715214	0.0620939343	0.2137168204	0.0475752651	-0.0187199409	-0.0841447146	0.1341393658	0.0900446321	-0.0590937811	0.0017935387	0.0685505408	0.0274608917	0.1566385055	0.0415553594	0.0272655019	0.1478868452	-0.1679888739	0.0265923785	0.0238094708	-0.1165870935	-0.0261451261	-0.0416264305	0.0063517071	-0.061330256	0.0442042107	-0.1988644747	0.0680630813	0.1399806826	0.0491408152	-0.2559171864	-0.0573782819	-0.0620231523	0.0154046996	0.0360440452	-0.0973810505	0.0931626412	-0.1514321697	0.0516103793	-0.1001579875	-0.0254016653	0.0254197605	0.0922256018	-0.0097666162	-0.1348539019	0.0517583863	-0.018107012	0.119812611	-0.0051208783	-0.0177318113	0.0274827048	0.0093516658	-0.0186098259	-0.0197121691	0.0667280043	0.0371452811	-0.0271557235	0.0074254682	-0.1770299333	0.0882371378	-0.0261859256	-0.0205149945	0.2200243084	-0.0832410933	0.066147225	0.1164889672	0.0889375239	0.0063880461	-0.0143627887	0.0200119029	-0.0524007068	0.0208951759	0.1914196977	0.0360715164	0.127191505	0.0608788178	0.0299084066	-0.0716892996	-0.0768835629	0.0213105486	0.0908475206	0.0382182304	0.0348005178515933	-0.0151583192903644	0.0002297746437086	0.001211076042739	0.1190231245019219	0.0058109383857497	3.376700492298043e-05	0.0141665041662	-0.0619245325435571	-0.0122853360769568	0.003834647730738	0.0001509294825237	-0.0048152046214501	-0.0007280101107969	5.299987214226594e-07	2.31861955464344e-05	0.0013558298791243	-8.082715595039984e-05	1.8382746611262144e-06	6.5330291390302565e-09	0.0017357769181698	9.583678209999997e-05	9.184688803282874e-09	3.012921509651049e-06	0.0	0.0	0.0	0.0	0.0	0.0
2582.47930120333	7.35535801821834	6669199.341143641	54.10129157616882	3228.099396688075	28.022350475100662	10420625.714897914	785.2521261493745	3039.329340273617	4.8712111397021545	23.72869796755836	9237522.83864806	3121.254417906416	2320.5416646571703	1.288467	21.297918	0.0548736856384884	0.0319540015321133	0.0579338747	0.0568288556	0.0172766734	-0.0078344685	-0.0149411336	0.0232110531	-0.0146909701	-0.0340687409	0.0423905582	0.0086265393	-0.0552128809	0.0138785969	0.0496077424	0.1026869606	-0.0470428314	0.0708192926	-0.0095704717	0.0372976041	0.0105878048	-0.0003058428	-0.0249313583	0.0589144747	0.0726178846	-0.0654855368	0.0664782405	0.0178036347	-0.0174081119	0.1009095407	0.0379662229	-0.1002224412	-0.1073503279	-0.0243791565	0.0121624477	0.0049890428	-0.0173092357	0.1034773313	-0.0167797684	0.1030029658	0.0995216022	-0.0415248492	0.0686192339	-0.0541942031	0.0661827846	0.0524167553	-0.0982688378	-0.0192173447	-0.0726505414	-0.0778256362	0.0783974213	0.0283695517	0.0654792266	-0.0072470207	0.0322447075	0.0361858343	0.0168828988	0.0425045864	0.0789636276	0.047141816	0.0805163322	0.065166028	-0.0897296008	0.0067552479	0.0170665438	0.0432896267	-0.0298939225	-0.0678961959	0.0940255617	0.0591267659	-0.0110310497	-0.0034321633	-0.0376119054	0.0476275171	-0.1073061233	-0.0070306534	-0.0948409314	-0.0829465461	0.0906947117	0.0712204611	-0.045031888	-0.0062807831	0.0170627887	-0.0049782057	-0.0631238268	0.0827468016	0.0664151033	-0.0302322799	-0.0235397383	-0.0148258283	0.0227946753	0.0102566567	-0.0160104049	0.0247430653	-0.0208624502	-0.0471900023	0.053216015	0.0410750442	0.0245486961	0.0918349835	-0.0751200885	-0.0115371575	-0.0247567428	-0.0768668834	0.0287768851	-0.0731441312	-0.0748920628	0.0259269352	0.0912382167	0.0315960199	0.063078226840318	0.0282777089887246	0.000799628825651	0.0039788627013186	0.1177324333817182	-0.0012906911202037	1.6658835677726942e-06	0.0138609258699807	-0.0552032630063621	0.0067212695371949	0.0030474002465495	4.517546419162547e-05	-0.0050560931880413	-0.0002408885665912	5.802730151436301e-08	2.5564078326157637e-05	0.0012426655469914	-0.0001131643321328	1.5442176616794356e-06	1.2806166067085298e-08	0.0017181494970466	-1.762742112319999e-05	3.1072597545463716e-10	2.952037694201485e-06	0.0	0.0	0.0	0.0	0.0	0.0
2577.884635321277	-4.59466588205305	6645489.193025514	21.110954567702333	3247.969579404117	19.87018271604211	10549306.38873456	394.82416116889857	3037.99485114162	-1.3344891319970884	1.7808612434183424	9229412.715562994	3117.862197161736	2362.3231632280217	1.205291	19.923056	0.0509234480018963	0.0284704667780404	-0.0642616869	-0.0487617091	0.0808353464	0.0163735714	-0.0399138451	-0.0243477244	0.0993840167	-0.0220850785	0.010884793	-0.0366555076	-0.0371069365	-0.0223840355	-0.0650331738	0.0735574323	0.0861920361	-0.0458513274	-0.069405758	0.0030226505	0.0075705292	0.0660609015	-0.0246640978	-0.055378593	0.0679666646	-0.0534669718	0.0800668405	0.0183648187	0.0822648003	0.0682267716	0.0198132913	-0.0911294659	0.0186243842	0.0821464514	0.1446355648	0.05851987	0.1307883278	-0.0371061731	0.0356826204	0.007681739	-0.0455393265	0.0397182139	0.0068183903	0.031739875	-0.037824786	0.0221342013	0.0173980147	0.011998363	-0.0191120278	-0.0344136811	-0.0370633586	0.1022317818	-0.0738337528	-0.119704703	0.0269371163	-0.0035964468	0.065369236	0.0257855478	0.0319496022	-0.0335383185	0.0249100852	0.0026430719	-0.0709264174	0.0488400094	0.0510513616	-0.0746692392	0.0234109233	0.0835801337	0.0195452111	0.1689946944	0.0251662218	-0.0445082371	0.0145660321	0.0164287637	0.0544125581	0.0820984707	-0.0316366584	-0.0556745586	-0.0129154797	-0.0638543764	-0.0476561934	0.0004034588	0.0221117957	-0.0261896597	0.0235985267	-0.1105689394	-0.0074129595	0.0300583195	-0.001462218	0.075494013	-0.0267901239	0.0797503271	0.0404357158	-0.0180558798	0.0834222222	-0.0433846508	-0.0075663492	-0.0269210195	0.0115214008	0.060799478	0.0127929963	-0.0161763397	-0.0432069217	0.0088216926	0.0276404327	-0.0745488335	-0.0727850846	0.0304722578	0.0912382167	0.0247790096	0.0682498548610652	0.0051716280207472	2.6745736384977676e-05	0.0046580426885564	0.1071351860626492	-0.0105972473190689	0.0001123016507415	0.0114779480926784	-0.0600267889987122	-0.0048235259923501	0.0036032153974959	2.3266402998877017e-05	-0.0051429781108249	-8.688492278360015e-05	7.54898980711216e-09	2.6450223848424056e-05	0.0017231953652543	0.0004805298182628	2.9694022668339004e-06	2.3090890623977562e-07	0.0016789433046985	-3.920619234810008e-05	1.5371255184362214e-09	2.81885062039192e-06	0.0	0.0	0.0	0.0	0.0	0.0
2569.728079369388	-8.156555951889004	6603502.401899484	66.52940499629594	3212.3732779099164	-35.596301494200816	10319342.0766297	1267.0966800660433	3032.1134486286187	-5.881402513001376	34.590895519938904	9193711.965354536	3114.0833327273103	2347.0397141052417	1.127325	18.634296	0.0694466073221644	0.0344721902152832	-0.0713511625	0.0097941944	-0.090353767	-0.0788309627	-0.061682537	-0.0089042087	-0.0506196287	0.1186496604	-0.076751066	-0.0200677564	-0.0457517956	0.0727044028	0.0531050821	0.0292186737	-0.105486043	0.0126100387	-0.0695456243	0.0031286392	0.024594492	0.0253809156	-0.0014614369	0.0493753408	-0.1021090985	0.0426354817	-0.0673888431	-0.0309751574	0.0342878804	0.0139877208	0.0457384058	0.0625331524	-0.0514287878	-0.0210977209	-0.0262893405	0.1114710916	0.1190448159	-0.036936278	0.0779503517	0.0981058741	-0.0715621528	0.0289566083	-0.0926574151	0.037269664	0.0697391989	-0.0614477608	-0.095634339	0.0782322822	-0.013716545	0.0132190025	0.1451629937	0.0254152203	0.0037468425	0.0556637736	0.0335556439	-0.0052423284	-0.0408750401	0.0587434514	-0.0491317764	-0.0113620612	-0.0626561038	-0.0183166314	0.0280158608	0.0481343876	0.0229553081	0.0089283287	0.0362671841	-0.0665489921	0.0070376104	0.0340814374	0.0750599955	0.0416870529	-0.1238248985	0.0757540606	0.0793510549	0.0493844258	-0.0301640255	0.1038034431	-0.0433241856	-0.1009266743	-0.068159988	-0.0067798315	0.0004603609	-0.0442324962	0.0504179091	0.0791948955	-0.0331730331	-0.0708288307	-0.0565748943	-0.0707282646	-0.0925503735	-0.0321330002	0.0450030447	-0.0402131608	0.0391136564	-0.0448436216	-0.0282036895	-0.0139447836	-0.0035554243	0.0436004995	0.0456980508	-0.0070722843	-0.0116784571	-0.0739949422	0.0264992443	-0.0759024438	-0.0705658771	0.034934058	0.0908475206	0.0178092284	0.0556231047267061	-0.0126267501343591	0.0001594348189555	0.0030939297794381	0.1129809851834977	0.0058457991208484	3.4173367361313054e-05	0.0127647030130337	-0.063015951018599	-0.0029891620198867	0.0039710100827784	8.935089581133716e-06	-0.0050297958942745	0.0001131822165503	1.2810214143261613e-08	2.529884673806062e-05	0.0012408717619747	-0.0004823236032795	1.5397627296661968e-06	2.3263605828061687e-07	0.0020431354058099	0.0003641921011114	1.3263588651193637e-07	4.1744022864739855e-06	0.0	0.0	0.0	0.0	0.0	0.0
2568.794953744355	-0.9331256250329716	6598707.514382464	0.8707234320931739	3206.9442741534463	-5.429003756470138	10284491.577525577	29.474081787766867	3026.7318027238903	-5.38164590472843	28.96211264388028	9161105.40562021	3107.3375731123256	2301.777712803468	1.071611	17.713371	0.1356243653228092	0.0628763550151073	0.0781075746	-0.0590938595	-0.0791810372	-0.0666472334	-0.0154902357	0.0806709326	-0.0210364731	0.0587735462	0.0802936918	0.0292644319	0.0115142599	0.0310877282	-0.0530813838	-0.082219497	0.0526985799	0.0330449163	0.0113259368	3.3409e-05	0.1609957715	0.0044693246	-0.0232957324	0.0032609171	-0.0911824257	0.0493366451	0.0095032177	-0.0259243354	0.0353869074	0.0084256379	0.0103084549	0.0429705856	0.0629937391	0.044388955	-0.0103139671	0.1009171207	-0.0336158795	0.0599825023	-0.0439328382	-0.0368164682	-0.0307628416	-0.1091417057	-0.0829035408	0.0322116809	0.0775332878	0.0206220667	-0.0171000907	-0.0768578611	-0.1453543888	0.0813193676	-0.0537878722	0.0238648695	0.0280338397	0.0489989732	-0.0962316965	0.085761596	-0.013480879	0.0370840692	-0.032942604	-0.0316806827	-0.0321143436	-0.051578928	0.049441201	0.0570778645	0.013556305	0.0288646068	0.0414297601	0.0665111798	-0.0150428057	0.0403159567	-0.0201295688	-0.0152829977	-0.0192441619	0.0605435778	0.0415443268	-0.000999621	0.0734097656	0.1470500668	0.0708759311	-0.0102706805	-0.0263007463	-0.0125470651	0.0047102358	0.0161605184	0.0486548498	0.0018778199	-0.019941046	0.092994788	0.0981276966	-0.1019436128	-0.0342304964	-0.0037059988	0.0807150689	-0.0083264249	-0.0291561339	-0.0081653243	-0.0012918776	0.0387585081	-0.0379745737	-0.0239575801	-0.0320402391	-0.0010065867	-0.0948043393	0.046434647	0.0253535154	-0.0772040342	-0.0682378621	0.0393001065	0.0900678015	0.0107296473	0.0176283502458005	-0.0379947544809056	0.0014436013680642	0.0003107587323886	0.1257149906051751	0.0127340054216774	0.0001621548940793	0.0158042588628592	-0.0390567567254578	0.0239591942931411	0.0015254302459115	0.0005740429911764	-0.0049059865176768	0.0001238093765976	1.5328761733511098e-08	2.4068703711626532e-05	0.0015409439843727	0.0003000722223979	2.374508362974412e-06	9.004333865487475e-08	0.0012482887822639	-0.000794846623546	6.317811549624767e-07	1.5582248839258906e-06	0.0	0.0	0.0	0.0	0.0	0.0
2579.157436725823	10.36248298146802	6652053.083418118	107.38105354121434	3239.858469208325	32.914195054878746	10496682.90050091	1083.3442361106045	3026.872425664422	0.1406229405315571	0.0197748114037418	9161956.68124762	3110.1106155720163	2319.641389265615	1.071062	17.7043	0.1291499578611735	0.0634256230747001	0.0019499535	-0.0362847677	0.049697845	0.0593385128	0.0287696666	0.1210548216	0.0269412229	-0.0137672915	0.078649979	-0.097081757	-0.0189288417	0.0675633416	0.1008438902	-0.0983762955	-0.1028390297	-0.0513319838	0.1007941175	0.0150185929	-0.0548615665	0.021369939	0.0062690563	-0.0554380195	0.0256313424	0.0609800652	0.0290456988	-0.0178508512	0.0093579537	-0.058574448	-0.0487401349	-0.0556612847	-0.0349100613	0.0393759822	0.0356524506	-0.1437621511	-0.0301491585	0.0683989019	-0.0393713251	-0.075001232	0.0077642561	-0.0196233038	0.0675432917	0.0221939031	-0.0340980359	-0.0076071808	0.2119248907	-0.0807797759	-0.0713095853	0.0359831473	-0.0020264227	-0.1809642675	-0.0225631695	-0.0658263994	0.0488960374	0.0118402294	0.0703694857	0.047642913	0.0840088627	0.0831297424	0.0227314531	-0.0848427615	-0.0307501425	0.0539666142	-0.0209362115	0.007490418	-0.0964938586	0.0197699918	0.0009863837	0.0118546441	0.0044355391	-0.1027462748	-0.034552644	-0.0712105671	-0.0140532202	-0.0565204244	0.1232477722	0.0987520603	0.000796879	-0.0144767689	-0.0028204029	0.0303785628	-0.0039940823	-0.0027328044	0.0233336605	-0.0005598883	-0.0426519483	-0.0710040681	-0.0264179919	0.07580305	0.0569445622	0.0297695447	0.04095524	0.0667467809	-0.076049013	0.0178304619	0.0760147138	0.0262271738	0.0182478758	-0.019128351	0.0030945823	0.0434817033	-0.0636207669	0.0112226136	0.0242034423	-0.0784527129	-0.0658046293	0.0435584361	0.0889023983	0.0035839144	0.0461927829145167	0.0285644326687162	0.0008159268136856	0.0021337731933876	0.1141476070746989	-0.0115673835304762	0.0001338043617411	0.0130296762008798	-0.0280319777227617	0.0110247790026961	0.0007857917750494	0.0001215457520582	-0.0056839198992888	-0.0007779333816119	6.051803462262809e-07	3.2306945421531195e-05	0.0022825891989628	0.0007416452145901	5.2102134512216375e-06	5.500376243243954e-07	0.0012080001252803	-4.028865698360021e-05	1.6231758815421972e-09	1.4592643026772205e-06	0.0	0.0	0.0	0.0	0.0	0.0
2587.188070754656	8.030634028832992	6693542.1134552	64.49108290505042	3234.69381620255	-5.164653005775108	10463244.084579015	26.673640670061857	3033.54379103959	6.67136537516808	44.50711596899153	9202387.932154847	3111.8143240421377	2353.129541624286	1.0655	17.61236	0.0366333519857042	0.0250430344430534	-0.0131314337	0.1383366519	0.0170152076	0.0416571445	-0.010106626	0.0296680211	-0.1007196185	-0.0843279465	-0.0298027407	-0.037068105	-0.0880959282	-0.0184627611	-0.0087737512	-0.0085347812	0.0487129715	0.1063802508	0.1075765187	0.0230796135	-0.0425060709	-0.0387412279	0.0607907931	0.1081607232	0.062935158	0.0196271407	-0.0029353839	0.0972963339	-0.1039713035	0.0139247487	-0.1197997352	0.0154902569	0.0716007255	-0.1063135808	-0.0444908781	0.027091898	0.0906246485	-0.120035146	0.0438575869	0.040337475	0.0736595193	-0.1015261428	-0.0570359036	0.045532937	0.1041572569	-0.0251750022	0.135490675	-0.0508965095	-0.0351253178	-0.0302738905	-0.0753298019	-0.0384376708	0.1164607193	0.0306514909	0.0435961469	-0.0090319335	-0.0629404592	0.0457469478	0.0513437577	0.0571615447	-0.0750845807	0.1276728974	0.0844476566	-0.1167677176	0.0312948551	0.0318516423	0.0112377224	-0.0035825885	-0.0700500246	-0.0495622913	-0.0960421504	-0.0316347791	-0.100998817	0.0369904401	0.0437138775	-0.0545376309	-0.0475582162	-0.1330915545	0.101990935	-0.1054963632	-0.0145006847	0.0134151137	0.0227779053	0.0269348058	-0.0755810943	-0.0145952075	0.1334304144	0.01105896	-0.0451101103	-0.0478743253	-0.0598498776	0.0332480683	0.0117577863	0.0614460119	-0.021279083	0.0268971918	0.0378248852	0.0536999741	0.0331555429	0.0480519879	0.0006523805	-0.0019744304	0.0157282045	0.0034493837	0.0230492221	-0.0796476241	-0.0632699305	0.047697375	0.0873563013	-0.0035839144	0.0460497937103099	-0.0001429892042068	2.0445912519694065e-08	0.002120583500762	0.091209493341438	-0.0229381137332608	0.00052615706164	0.0083191716756018	-0.0230093310805301	0.0050226466422316	0.0005294293167734	2.5226979292720367e-05	-0.0056838161997994	1.0369948939999153e-07	1.0753584101818954e-14	3.230576659310209e-05	0.0021130848371782	-0.0001695043617846	4.46512752911242e-06	2.8731728664004604e-08	0.0012070161384342	-9.839868460998196e-07	9.6823011329747e-13	1.456887958440608e-06	0.0	0.0	0.0	0.0	0.0	0.0
2583.6293881990537	-3.558682555602445	6675140.815565816	12.664221531549147	3216.4963772077504	-18.19743899479954	10345848.944590583	331.1467859694509	3033.761187032688	0.2173959930983073	0.0472610178151993	9203706.939945985	3109.8296964604806	2336.2684056976827	1.094027	18.083902	0.1329627166978398	0.0818327828017037	0.1051567811	0.0204690209	0.0654975905	-0.1076205912	-0.0028676074	0.0070212742	-0.065987172	-0.0668276908	0.082798331	0.0049971095	0.0313389796	-0.0090718372	-0.047922946	0.0413287045	-0.0235352835	-0.0919070497	0.0470916035	0.0194967777	0.1249876181	-0.1193322335	0.0027071951	-0.0116235081	0.0605528316	-0.0520860005	-0.1198538481	0.0126065797	-0.0773892297	-0.0397866688	-0.1506953235	-0.0282028167	-0.0064182819	0.0222052104	0.0385714185	-0.0327419402	-0.0626438373	0.1165421795	0.0628568251	0.0041889003	0.0893331128	0.0634825648	0.0252245214	-0.0805814631	-0.009055759	-0.0247747165	0.0434093871	0.0167269081	0.0537228032	-0.063513994	0.0008475402	-0.0482596391	-0.0835392568	-0.0010494135	-0.0838395179	0.0798966709	-0.0327234508	-0.072884519	-0.0134703846	-0.0224270659	-0.0917316888	0.1436923712	0.0960679813	-0.0252394928	0.0053236428	0.1050404314	-0.0420882163	0.0945279363	0.0433956249	-0.0229956699	-0.06858285	-0.0034011005	-0.0859513898	-0.0496124891	-0.0606176427	-0.0547318253	-0.0130531653	-0.0130927387	0.0182199807	0.0623771101	-0.0304666534	-0.0121261058	0.1245593348	0.0034477664	-0.0079446599	-0.0500190035	-0.0282946245	-0.0689332965	0.1480291551	-0.0075537764	0.025403636	0.0814298563	0.0722560619	-0.0130899557	-0.0020076351	0.0803063427	0.0288602414	0.0225389217	-0.0021752258	-0.0301196561	0.0390484786	-0.047931346	0.0121329368	-0.0703340407	0.0218910524	-0.0807879487	-0.060637674	0.0517055788	0.0854361313	-0.0107296473	0.0379618140445501	-0.0080879796657597	6.541541507374395e-05	0.001441099325553	0.0910019537266464	-0.0002075396147915	4.3072691707845385e-08	0.0082813555820666	-0.0671459785542936	-0.0441366474737635	0.0045085824360136	0.0019480436502232	-0.0043530406126733	0.001330775587126	1.7709636632908153e-06	1.894896257558314e-05	0.0020353281166147	-7.775672056349993e-05	4.142560542282342e-06	6.046107592790213e-09	0.0010049374472533	-0.0002020786911809	4.08357974293856e-08	1.009899272891979e-06	0.0	0.0	0.0	0.0	0.0	0.0
2578.0645467007457	-5.564841498307942	6646416.806955322	30.96746090129018	3233.1782155417227	16.681838333972337	10453441.373453556	278.28373020078897	3033.0405756476466	-0.7206113850415932	0.5192807682515632	9199335.133525008	3110.58826021235	2348.115671194821	1.164474	19.248367	0.1555981984884512	0.0766701808830366	-0.0688568236	-0.0178994149	0.0773606955	-0.0259070123	-0.0399899087	0.063534202	0.0485135775	-0.0365000124	-0.0287135405	-0.0319349643	0.0507394436	0.0012326272	0.0263739214	0.026183236	-0.0069794667	0.0733158629	-0.0777863946	0.0008353286	-0.0644142316	-0.0118181305	0.0662912233	-0.0323135384	0.0457434355	-0.0828589326	-0.0865322764	0.0174927947	-0.0788846979	-0.0502341494	0.0226747269	0.0203774511	-0.0311281539	0.1353492803	-0.1072067462	-0.0037818814	0.0816030096	-0.0554579295	0.0281857507	0.0098239141	-0.0173582106	0.0173907784	0.0158790477	0.083632496	-0.0806690824	-0.0125764517	0.0021091204	-0.0769843976	-0.0361143193	-0.0051175784	0.0222272769	0.0266727839	0.0690095095	-0.0731898114	0.074855844	-0.0498334761	-0.0209446472	-0.0777421172	0.0040987808	-0.1032296323	-0.030373191	0.1095984532	-0.0249232664	-0.0259930061	-0.011107645	0.0106867016	-0.0871986252	0.005699109	-0.1285278433	-0.0464537875	0.0779608385	-0.1075177076	-0.0338906555	0.0054081719	-0.0554223991	0.0775651266	0.049012595	-0.0408482045	-0.0484584208	-0.0340399895	-0.0513689955	0.0098741946	0.03939712	-0.0018291093	0.0741251411	0.056347677	0.0826779352	0.0177023414	0.0027405243	0.0971579969	-0.1111587237	0.0129234314	0.0183230616	0.0137651423	-0.0159547608	0.0675559699	0.0504196072	-0.0072887037	-0.0274082177	0.0396411414	0.0776825078	-0.0708272301	-0.0159873635	0.1210043178	0.0207291319	-0.0818729053	-0.0579119187	0.0555720611	0.0831501106	-0.0178092284	0.0768508284032947	0.0388890143587445	0.0015123554377946	0.0059060498262726	0.0934046556912449	0.0024027019645984	5.772976730685451e-06	0.0087244297048	-0.0387220540464454	0.0284239245078482	0.0014993974695758	0.0008079194844278	-0.0052861821665367	-0.0009331415538633	8.707531595466002e-07	2.794372189781064e-05	0.0019420293802856	-9.329873632910004e-05	3.771478113892472e-06	8.704654200606929e-09	0.001696148310206	0.0006912108629527	4.777724570638162e-07	2.876919090214669e-06	0.0	0.0	0.0	0.0	0.0	0.0
2579.5858001150505	1.5212534143047378	6654262.900155205	2.314211950533822	3204.0032846649733	-29.174930876749382	10265637.048143938	851.1765916631047	3034.2545076147912	1.2139319671446174	1.4736308208556004	9206700.41698068	3114.454067538647	2340.2331418911835	1.102426	18.222734	0.0394555667497607	0.0217851846112968	0.0233904035	0.0715773391	-0.043110565	-0.0652703287	-0.0840570896	0.0082753427	-0.0900870888	0.0332754935	-0.0533423082	0.0850666219	-0.0494257807	0.0327617204	-0.0001076263	0.0437587485	0.0721486425	-0.0884412817	-0.0686229324	0.0383276422	0.0007074588	-0.0217892301	0.0916285408	0.052107842	-0.145211146	-0.0021473263	-0.0099761408	-0.0008961077	-0.0274812269	0.0862732362	-0.0189598617	-0.0947833624	-0.0502272821	0.0832327006	0.0777749665	0.0716306601	0.0192050146	0.0009235378	0.0632568778	-0.0320583545	0.0700177504	0.000734138	0.0495687737	-0.017892463	-0.0564301748	0.0422537431	0.0413580991	0.015790577	-0.078113424	-0.0437570703	-0.0239010949	0.0768966221	-0.1021312753	0.1015054839	0.0567055881	-0.0081222139	-0.0797348583	-0.0093762315	-0.0028844991	-0.0277481742	-0.046309916	-0.0160282368	-0.0577617086	0.0024681584	0.0099276468	0.0740133057	-0.1045553076	0.026182095	-0.005948733	0.1865124891	0.0317202818	-0.0234260119	0.0113662405	9.31834e-05	-0.0470079879	0.0985651017	-0.0018116298	0.0213667548	0.0310696181	-0.0557408561	-0.0662654223	0.0007443168	0.0435430986	0.0148200536	0.0218287851	-0.085063969	-0.0068738778	-0.0029061247	0.0255533047	-0.0807361082	-0.0325800988	-0.052727475	-0.0278676407	-0.030248763	-0.0653034714	0.0554770995	0.0358793191	0.0989674169	-0.0548345863	-0.0152110962	0.0509415231	-0.0479827973	-0.0544653001	0.0448375193	0.0195636596	-0.0829017503	-0.0550968674	0.0592862243	0.0805080284	-0.0247790096	0.0784823201067865	0.0016314917034918	2.6617651785625927e-06	0.0061594745693441	0.1037244954645331	0.0103198397732882	0.0001064990929463	0.0107587709593719	-0.0420526779678311	-0.0033306239213856	0.0017684277242661	1.1093055705706622e-05	-0.0052996441175219	-1.3461950985200512e-05	1.8122412432794103e-10	2.808622777238448e-05	0.002083151461026	0.0001411220807404	4.339520009574758e-06	1.99154416725e-08	0.0020250365055123	0.0003288881953063	1.0816744501183497e-07	4.100772848657467e-06	0.0	0.0	0.0	0.0	0.0	0.0
2579.672202331911	0.0864022168607334	6654708.671483973	0.0074653430784492	3232.8030373040883	28.799752639115013	10451015.47800254	829.4257520742121	3030.8586539988137	-3.3958536159775576	11.531821781147851	9186104.1805195	3111.997105375249	2338.9143956150047	1.067809	17.65052	0.0701055544112489	0.0411914024020257	0.039629407	-0.0579551639	0.0490017961	-0.0433289098	-0.0462677504	-0.0054151686	0.0764674552	0.0085152602	0.014448149	0.0426285028	0.0494184345	0.0356161716	0.1013827964	0.0043234907	-0.0895974845	0.0499590741	-0.0509318858	0.0354333865	0.0309616622	-0.0264631332	0.0393989231	-0.0897452472	0.067668093	0.0383073608	0.1058123148	-0.0299616368	0.0185407643	0.0370864405	-0.0269585512	0.0243639545	-0.0112238381	0.0808630179	-0.0149970279	-0.0232741972	0.0466374868	-0.0067786493	0.0871035436	0.1083405548	0.1749453633	0.0772909818	-0.0324833145	-0.0585554595	-0.0096526495	-0.1148113136	-0.0282804855	-0.007369939	-0.1841376789	0.021706448	0.1093257624	0.0110812138	0.038855894	-0.0134645839	0.0076786342	0.059818189	0.0645003366	-0.0859314986	0.0712855815	0.0045780246	0.0153964842	-0.0729074734	0.0715367066	-0.065287356	0.0731873332	0.0177646993	-0.0318486001	0.0344135876	-0.0178746994	0.0274371422	0.0807366655	0.0066019078	0.0123395422	0.018828928	-0.0804298927	0.0615836385	-0.0335013826	-0.0737614593	0.0915163763	-0.0030047679	-0.0491218409	0.0213705821	0.0263646063	-0.0233447705	0.0627035544	0.0867133455	0.0853325573	-0.0574507548	0.0169796554	0.0449364106	0.0872960451	-0.020192363	-0.0071841731	-0.0192156324	-0.0645258702	-0.004473618	0.0216705357	0.1185513723	0.041131575	-0.0672960586	0.0127936199	-0.0872033256	0.0218931955	-0.067924252	0.0183948351	-0.0838737786	-0.0521968607	0.0628378881	0.0775211985	-0.0315960199	0.0817714734621404	0.0032891533553539	1.0818529795035832e-05	0.0066865738721695	0.1046481996409198	0.0009237041763866	8.532294054742213e-07	0.0109512456880858	-0.0528900237703595	-0.0108373458025284	0.0027973546144291	0.0001174480640435	-0.0059581228510651	-0.0006584787335431	4.3359424252865633e-07	3.5499227908384114e-05	0.0024878814755593	0.0004047300145332	6.189554236431119e-06	1.6380638466412504e-07	0.0020629347789754	3.7898273463100006e-05	1.43627913148391e-09	4.2556999023062825e-06	0.0	0.0	0.0	0.0	0.0	0.0
2579.913135566008	0.2409332340967012	6655951.78706603	0.0580488232922958	3242.466129607218	9.663092303129815	10513586.601650013	93.37535285880668	3031.852418115534	0.9937641167202856	0.9875671196808492	9192129.08523301	3111.4228938975234	2356.79904145217	1.295467	21.413633	0.0785289543238351	0.0408213341395083	-0.1107494959	0.0246146896	0.01230607	-0.0293386734	-0.0785960632	0.0299657412	0.0726638267	-0.0490054125	-0.0964966834	-0.0780544046	-0.0174818658	0.0006643663	-0.0092348577	-0.0055298667	0.0884997149	-0.0078961065	-0.0584581689	0.0531706442	-0.0117730973	0.0643789188	0.0314484752	0.0204652039	0.0331655481	0.0190874314	0.0386052493	-0.0913386749	0.0523780387	-0.0218480921	-0.0352537458	0.0682092967	-0.0606479343	0.002952697	0.1400357529	-0.0662169318	0.011265714	-0.0093146458	-0.0194157354	-0.0005390649	-0.0220295352	0.0730822753	0.0455422287	0.0346624943	-0.0918853871	0.059497421	0.1047549565	-0.0395194916	0.0797150753	0.0141919837	-0.0694765477	0.0649740431	-0.0200654829	-0.0129051749	0.0780661809	0.0055931873	0.0128743415	0.0037344472	0.031592553	-0.0704199096	0.0421645574	0.0120689171	0.0791786323	0.0840084369	0.0381864928	-0.0888212743	-0.0465426758	0.0461654846	0.117052918	0.0083787272	0.0067791481	-0.0427468064	0.0074703353	-0.0620138735	0.0033475839	0.0759235084	-0.0071397199	0.0102514871	0.006746845	-0.0197023229	-0.0456744333	-0.0039646006	0.0721885694	0.0275186019	0.0123221855	-0.1009857015	0.0543423512	0.0558739807	-0.150789068	-0.0244074837	0.0787411641	0.1121700025	-0.4013875807	-0.006461931	-0.2216181136	0.037758225	-0.2142400031	-0.3136158752	-0.1856918893	-0.1278150456	0.1691776257	0.0075446404	-0.0349612527	0.0218862501	0.0172228587	-0.084788324	-0.0492163702	0.0662173176	0.0742024108	-0.0382182304	0.0560962843598247	-0.0256751891023157	0.0006592153354396	0.0031467931189783	0.105964855196234	0.0013166555553141	1.7335818513397372e-06	0.0112285505367588	-0.0589701163043798	-0.0060800925340203	0.003477474616952	3.696752522224942e-05	-0.0054960658939857	0.0004620569570793	2.1349663158547442e-07	3.0206740311032835e-05	0.0024509807651886	-3.690071037069963e-05	6.007306711324496e-06	1.361662425862259e-09	0.0016527521037818	-0.0004101826751936	1.6824982702897842e-07	2.7315895165551656e-06	0.0	0.0	0.0	0.0	0.0	0.0
2578.002089161663	-1.911046404344688	6646094.7717219	3.6520983595587615	3204.753405986388	-37.71272362083028	10270444.393181354	1422.2495229011297	3029.8535109443897	-1.9989071711443105	3.995629878852149	9180012.297782045	3110.7317259443566	2323.8164270881803	1.331094	22.002535	0.1430477842003901	0.0759664346427643	0.0883444783	-0.0191097195	-0.0306003889	-0.047367675	-0.0641654914	0.022443118	-0.0645197427	0.0444236384	0.078922847	0.0330365777	0.0027958731	-0.0044790007	0.0693967641	0.0021065937	-0.1162306686	-0.0091574005	0.0310718604	0.0475466061	0.091701279	-0.077773542	0.0023148059	0.0101847521	-0.0092205868	0.0252328768	0.0495767618	-0.0262937422	-0.0322844053	-0.072524755	0.0933562205	0.0422433456	-0.1017366615	-0.0370302414	-0.0500435406	0.0309127393	-0.0715176076	-0.0083231842	0.1301268144	-0.0401192634	0.0591077649	-0.0290788163	0.0238198722	0.1155695185	-0.14424401	-0.0023632553	-0.012837618	0.0391386772	-0.0044263458	-0.0046223398	0.0969671983	-0.0705623013	-0.0067896687	0.0220213643	-0.0540662952	0.1068704114	-0.0411121664	-0.0080875287	0.0405735937	0.007384243	0.0277055665	-0.0458328009	0.0511830321	0.0860054526	-0.0520653798	0.0298574171	0.0244498523	-0.0599261698	0.0326617174	-0.120595725	0.0578770078	-0.0076406881	-0.0103487568	0.0022490249	-0.0830197996	0.0805152734	0.0188117305	-0.0146152537	0.0508612509	-0.1080828792	-0.0741866707	0.0199736427	-0.0260566735	-0.0337375713	0.0350439289	0.0495283534	-0.0064791793	-0.1166627394	0.058593292	-0.0494287609	0.0304293591	0.0308153118	-0.0083275576	0.0348571087	0.0215402832	-0.0253475614	0.0089793753	0.0336680277	0.0413806302	0.0402056855	-0.0157397618	-0.0453061965	-0.0294703798	0.0282931372	0.0160479313	-0.0856447597	-0.0461599916	0.06941525	0.0705658771	-0.0446048127	0.072941713515334	0.0168454291555093	0.0002837684834332	0.005320493570553	0.1320244835916355	0.0260596283954014	0.0006791042321064	0.017430464267638	-0.0619545715171341	-0.0029844552127542	0.0038383689318716	8.906972916936298e-06	-0.0067438278877997	-0.0012477619938139	1.556909993206688e-06	4.547921458026496e-05	0.0019308596513427	-0.0005201211138459	3.728218993183253e-06	2.7052597306829974e-07	0.0018280344248564	0.0001752823210745	3.0723892081299165e-08	3.341709858460069e-06	0.0	0.0	0.0	0.0	0.0	0.0
2585.4923706052573	7.490281443594085	6684770.798457993	56.1043161042499	3226.8092643878213	22.0558584014334	10412298.028739072	486.4608898240802	3033.5723240390143	3.718813094624693	13.829570832752085	9202561.045175469	3113.681945800781	2356.725614700952	1.062224	17.558205	0.0613159135523685	0.0371535282451231	-0.0469152752	0.0762076466	0.0169246057	0.0379319709	-0.100741412	0.0135910796	-0.0476368064	-0.0260609928	-0.0720615903	0.0441887312	-0.0369007863	0.0431074068	0.0804891273	0.014204488	0.0818260998	0.0503755066	0.0017056083	0.058538044	-0.0551526038	-0.0217796162	0.0481163772	0.0758093851	-0.0249368095	0.0287719394	0.0923780968	0.0340579243	-0.0316851117	-0.0203597076	0.014052429	0.0627271839	0.0357229124	-0.0349326677	-0.0144550451	-0.0832169541	-0.0166330119	-0.0521417375	-0.0043905467	-0.0348224108	0.0013487927	-0.0671071207	0.0416092102	0.0872122134	0.0436741856	0.0064369887	-0.0806142848	0.062311088	0.0276782933	-0.0222863302	-0.0658513918	0.0365024695	0.0579852726	0.0711569536	0.1184605892	-0.0075932899	-0.0561303195	-0.0009230014	0.0402250564	0.0532232053	0.003389015	-0.0136954119	0.051160884	0.0008558479	-0.0300378635	-0.0627515678	0.0562783786	0.0082651644	-0.0291124011	-0.0477467243	-0.0147131314	-0.0655170858	-0.0677238344	-0.0720259366	-0.0080182513	-0.0621171503	0.0217870403	-0.0391793228	0.0443784931	-0.0396707499	-0.0668289784	0.033970557	-0.0530660769	-0.032261608	-0.0006912681	-0.0402505209	0.0925038977	0.0493957176	-0.0088119491	-0.0445843405	-0.0900220348	-0.0327347148	-0.0841991997	0.0397056513	0.0076129653	-0.0418062265	0.0285463006	0.0766237155	0.012585604	0.043461647	0.01835038	-0.0416857083	0.0629278967	0.0814472796	0.0148702542	-0.0864424987	-0.0430324377	0.0724229201	0.0666271694	-0.0507163915	0.0755368499651183	0.0025951364497842	6.734733192999014e-06	0.0057058157026527	0.1218195824041998	-0.0102049011874356	0.0001041400082453	0.0148400106571336	-0.0570756318271605	0.0048789396899735	0.0032576277484695	2.3804052498399668e-05	-0.007425030244288	-0.0006812023564883	4.640366504852135e-07	5.513107412859152e-05	0.0020921345383835	0.0001612748870407	4.3770269266971405e-06	2.6009589190022753e-08	0.0018582959058308	3.0261480974400025e-05	9.157572307639745e-10	3.453263673627513e-06	0.0	0.0	0.0	0.0	0.0	0.0
2579.898476557571	-5.593894047686263	6655876.149344076	31.2916506167398	3236.6901305029	9.880866115078788	10476163.00089488	97.6315151841122	3030.901752495327	-2.6705715436874016	7.131952369952911	9186365.433279244	3112.228801191614	2345.8833908546003	1.102183	18.218712	0.0467910209521159	0.0263671873448301	0.0489140916	-0.0699638629	0.0536229929	0.0296094264	-0.088178693	-0.0717179967	0.1029368727	-0.0095405233	0.0281351887	0.0771852675	-0.038326476	-0.0288932685	0.0494634076	0.0024966839	-0.0490879078	-0.0970857132	-0.0567650777	0.051783344	0.0065057363	-0.0476565855	-0.0096551832	-0.0380622834	0.0710094298	0.0700405545	-0.0300991726	0.069584081	-0.0494722607	0.0073019444	0.1355498322	0.0263460207	-0.0192093447	0.0255667825	0.0401752349	-0.0777208958	0.0528388683	0.0270629847	-0.080942839	-0.0665734753	0.0450670678	-0.0131629747	0.0865086226	-0.0105878829	-0.1143075	0.0111879605	-0.034235905	0.0649809767	-0.0501339412	0.0144543324	0.0652106425	0.0057884404	-0.0988489338	-0.0282884127	-0.0081916943	0.0832154262	0.0258669314	-0.0816386562	0.0457213137	0.0415983917	-0.0078212104	0.0186017271	0.011576612	-0.0628817904	-0.1138663114	-0.1019804032	0.0187646547	-0.05496915	-0.0073309103	0.007982066	0.0803889841	-0.0208233822	-0.0044208325	-0.0269713912	-0.0357172094	-0.0196136775	0.0080588414	-0.0038450823	0.015971461	0.0801967901	-0.0451905838	0.0352948125	-0.0567601617	-0.0749578666	0.0246722849	-0.0339534011	0.0021119831	-0.0672175818	0.0670300375	0.043328473	0.1137758056	-0.0124759376	-0.0901716059	-0.0552799427	-0.0165986305	-0.0564755749	0.0295512791	0.082714958	-0.0144122038	-0.0813554006	0.0479695367	-0.0371237627	0.0730676077	0.0334288389	0.0136900291	-0.0871809944	-0.0398385309	0.075232084	0.062403154	-0.0565152869	0.0596363452706043	-0.0159005046945139	0.0002528260495402	0.0035564936772347	0.1221568388909304	0.0003372564867306	1.1374193784187296e-07	0.0149222932878247	-0.0763911245967818	-0.0193154927696212	0.005835603917161	0.0003730882609332	-0.0074209612222455	4.0690220425004114e-06	1.6556940382354218e-11	5.507066546207143e-05	0.0021786366132516	8.650207486810002e-05	4.746457492600401e-06	7.482608956486382e-09	0.0017241116627164	-0.0001341842431144	1.8005411100184407e-08	2.972561025514709e-06	0.0	0.0	0.0	0.0	0.0	0.0
2574.726580755333	-5.171895802237941	6629216.965648049	26.74850618920644	3245.102985031034	8.412854528134176	10530693.38345733	70.77612131154771	3029.2750811430574	-1.6266713522695682	2.6460596882945056	9176507.517234275	3111.3530405896777	2386.878122535769	1.278984	21.141172	0.186745872664316	0.1135558718571578	-0.1027239152	-0.0539297461	0.0068564825	0.0734588023	-0.1071620703	-0.0683902326	0.1122597192	0.0159022628	-0.0504973101	-0.063974218	-0.065916684	-0.0433002838	0.0621144663	-0.0231772492	0.0114282355	0.0982432488	-0.1489652676	0.0341751642	-0.1124303807	0.0343881311	0.0179182573	0.0113525419	0.0046763731	-0.0270170753	-0.0729447314	0.1200205767	-0.1041588681	0.0345602737	-0.0291403467	-0.0223212144	0.0065851841	0.0219346031	-0.0194995127	-0.0346250716	-0.0227397236	0.0524415637	0.0029524714	0.0452479153	-0.0410984332	0.0583442919	0.0030748197	-0.0149286428	-0.0034533724	-0.0192376126	0.0521755259	-0.0293328427	-0.0527022899	0.0720015539	0.0378997362	0.107641437	0.0616172696	-0.0315078183	0.1159196901	-0.0356414354	-0.031496893	-0.0267149592	-0.021277402	0.0264404945	-0.0191090954	0.0896465248	-0.0731972797	-0.0950425989	-0.0881079284	0.0006248389	-0.0354456035	0.017022179	0.0603259671	-0.020995086	-0.0927580721	-0.0337887362	-0.0364620846	0.017954765	-0.0679638503	0.0229246686	0.0483938343	-0.0065217077	-0.018682259	0.0226467278	-0.040871665	0.0257279646	-0.0921741587	0.0120843966	0.0397557506	0.0167749628	0.1151345552	0.0344688655	-0.126849014	0.0564301007	0.0257257716	0.0399518888	-0.0064932559	-0.1113976498	0.0409175054	-0.0677787097	0.0383524952	-0.0045528263	-0.0452702324	0.0612408865	0.0189639956	0.0232238185	0.0085354604	0.0231251945	0.0125074584	-0.0878597406	-0.036583196	0.0778350419	0.0579119187	-0.0619657467	0.0404514896778067	-0.0191848555927976	0.0003680586841164	0.0016363230171537	0.1138069597885902	-0.0083498791023401	6.972048102369752e-05	0.0129520240963217	0.0326031182272714	0.1089942428240532	0.0010629633181414	0.0118797449687886	-0.0071773655108166	0.0002435957114289	5.9338870626552056e-08	5.151457567585963e-05	0.0025930933111733	0.0004144566979217	6.72413292045171e-06	1.717743544521594e-07	0.0013778261691645	-0.0003462854935518	1.199136430444829e-07	1.8984049524345216e-06	0.0	0.0	0.0	0.0	0.0	0.0
2573.8181283679764	-0.9084523873566468	6624539.757915633	0.825285740093991	3211.168546150067	-33.934438880967264	10311603.431783536	1151.5461421661028	3029.5028746435246	0.2277935004672144	0.0518898788551068	9177887.66747338	3109.4926827938	2343.7637691339296	1.278432	21.13205	0.1502872406827849	0.0749961918950409	0.016735203	0.0407089588	-0.1215829093	0.0206074281	-0.0821591671	-0.0039215145	-0.0815072703	0.0949505732	0.0033802508	0.0473302678	-0.077387031	0.0206332749	0.0379439182	-0.0141928194	0.0036693859	-0.0874684301	-0.0389760394	0.0521585772	-0.0028464846	-0.0685826103	0.0121913135	0.0642745407	-0.0562486105	0.009052622	-0.0087499067	0.0919495445	0.0089848853	0.1276442077	-0.014251451	-0.0507106257	-0.0503842084	0.0067348936	-0.0248286694	0.02506523	0.0223466258	-0.0866283003	-0.0305822075	-0.0451075043	0.1380161229	0.0645200429	-0.0246383061	-0.0602566293	-0.0103387381	-0.0244425683	0.0244045835	-0.0190119903	0.1290015655	0.0174224395	-0.0056994077	-0.0076282143	-0.1019945466	0.0408570995	0.0314257461	0.0305772213	-0.123689821	0.0180907849	0.0103035299	0.0404932333	-0.0213167668	0.0132198427	-0.0819774141	-0.0259514507	-0.002703988	-0.0393552157	-0.0167359339	0.0223890805	0.0397182259	0.0655664763	0.079646203	-0.0507052848	0.0134096807	0.0314687517	-0.070004143	-0.0348511441	-0.0467028862	-0.1486027749	-0.007463516	-0.0069488422	-0.0353029003	0.0330123154	-0.0875888623	0.0061508324	0.002931199	-0.0864641775	-0.0429461211	-0.0564248934	-0.0080625467	-0.1194462074	-0.0063774721	0.0318407771	-0.0484465407	0.0006580933	0.0581747099	-0.0604895544	0.04437429	-0.0358282856	-0.0030998906	0.0239593608	-0.0253021067	0.024764119	0.0101938159	0.0580098709	0.0113227445	-0.0884782721	-0.0332714524	0.0802246594	0.0531726956	-0.0670341672	0.0187981390477034	-0.0216533506301033	0.0004688675935101	0.0003533700316567	0.1217804313680801	0.0079734715794898	6.35762490289331e-05	0.0148304734641956	-0.0207161680793603	-0.0533192863066317	0.0004291596198923	0.0028429462922485	-0.0080512036637697	-0.0008738381529531	7.635931175564867e-07	6.482188043549864e-05	0.0022006689241953	-0.000392424386978	4.842943713918899e-06	1.539968994950592e-07	0.0014583862725646	8.056010340009982e-05	6.4899302598347745e-09	2.1268905200048677e-06	0.0	0.0	0.0	0.0	0.0	0.0
2576.413406881684	2.595278513707399	6637906.043159685	6.735470563711285	3229.925078409581	18.756532259514188	10432416.01213914	351.8075024021964	3025.821826022096	-3.6810486214285447	13.55011895332099	9155597.722831693	3106.3442704870345	2332.735256395842	1.067571	17.646593	0.0935523238430012	0.0580512394734637	0.0533659446	-0.0920816247	-0.0006700595	0.0992762818	-0.0412760708	0.0545203409	0.0042490075	0.0103378505	0.1127627655	-0.0080314361	0.0194857856	0.0677558044	0.0336163312	-0.0521101637	-0.0782874313	0.065589177	-0.0239955573	0.0933127654	-0.0157028747	-0.0820680921	-0.0608644953	-0.0262245863	0.0138338976	-0.0343130355	-0.0585629581	0.0166140506	0.025454016	0.1034102854	-0.0409974022	0.0299261592	-0.0635570623	0.0052051929	-0.1398631322	0.0594578351	0.0854201398	0.0401907004	0.0188524022	0.0869609617	-0.0665668322	0.0102437863	-0.0466966191	0.0880397216	0.1326932026	-0.1331336431	-0.0902287391	0.0063864538	0.1020002847	0.0651052568	0.0498032421	-0.0355604808	0.0673942055	-0.0774407147	0.0121137477	0.108344774	-0.0191356425	-0.0597340416	-0.0236578427	0.0071814382	0.0273787742	0.0057717216	-0.0952609939	-0.0530197344	0.0406498406	0.0744473775	0.0439651585	-0.0497858229	-0.0350526136	-0.0012170504	0.0398766923	0.0035339931	-0.1018535371	0.0527736098	-0.00046304	0.0002205361	-0.1158571602	0.0100057557	-0.0559830934	0.1025032783	-0.0252887142	0.0628610876	-0.1341625298	-0.0391877722	0.0408857701	0.0981747668	0.0478879615	0.0083234556	0.0467252977	0.0134246366	0.0527320501	0.0380422872	-0.0232704625	0.0599518771	0.0276254165	-0.1099382548	0.0583927738	-0.0317241597	0.0472641216	-0.0268110729	0.008287365	0.0148109061	0.1057131976	-0.0074844653	0.0101360905	-0.089036165	-0.0299084066	0.0823943867	0.0482057789	-0.0716892996	0.0248890791300624	0.006090940082359	3.709955108688747e-05	0.0006194662599425	0.1289044412782658	0.0071240099101857	5.075151720042414e-05	0.0166163549812618	-0.0286929448718069	-0.0079767767924466	0.0008232850854165	6.362896799651466e-05	-0.0091173378664498	-0.0010661342026801	1.1366421381243324e-06	8.31258497709994e-05	0.0021770288299518	-2.364009424349984e-05	4.739454526441304e-06	5.588540558415544e-10	0.001100948628328	-0.0003574376442366	1.2776166951741025e-07	1.2120878822173045e-06	0.0	0.0	0.0	0.0	0.0	0.0
2578.130418375053	1.7170114933692275	6646756.454150726	2.948128468362025	3227.565727374305	-2.359351035276177	10417180.524521226	5.566537307658767	3025.30028061194	-0.52154541015625	0.272009614855051	9152441.78787068	3105.8306949696644	2362.469406275868	1.034109	17.093475	0.0879358166477499	0.0385525239936322	-0.0803821216	0.0158176022	-0.0037166914	0.0869165247	-0.0752810557	0.0700564426	-0.0029680813	-0.0179756973	-0.0532967559	-0.0416316114	0.035282713	0.0962003732	0.0050105601	-0.1049814343	0.0735408781	-0.0302847616	-0.0144985921	0.1202038465	-0.0746562687	0.0066580739	-0.0013177341	-0.0323781274	-0.0344435612	-0.0242686904	0.1004186565	-0.0269830847	0.0209049485	-0.0437737679	-0.0337212397	-0.0162025712	0.0513589215	0.0494146705	-0.0680970584	-0.0889721248	-0.0510615094	0.0137067883	-0.0078787973	0.0514509662	0.0745039312	-0.0496774233	0.0729637183	0.0129714824	0.0478430505	0.0345795131	-0.0045656846	-0.0076186944	-0.0107242864	0.0756301651	-0.0894545423	-0.020374137	-0.0346081426	0.0259937573	0.1402545799	0.0367274577	-0.0137613493	-0.0497859576	-0.0329502746	0.0058098529	0.0327760266	-0.0675967045	0.0095239984	0.0011849936	0.0667354384	0.080593444	0.0739417014	0.0389778056	-0.0329181992	-0.0612789454	-0.0455411369	-0.0984924102	0.0365530509	-0.0444728324	-0.0730904552	-0.0093243074	-0.0082068299	-0.0059947886	0.0974655325	-0.0278051418	-0.0419213692	0.0886248135	-0.1143963916	-0.0131238405	0.0155112274	-0.1025721238	0.0150880506	0.0388975582	-0.0482596176	-0.0331303944	-0.0293225855	-0.0384445582	-0.0659674189	-0.0030852121	-0.0350390049	-0.103208268	0.0699648914	0.0337468696	-0.0081168568	-0.0065249846	-0.0034057028	-0.0295870193	0.0471335438	0.064593876	0.0089476998	-0.089533037	-0.0264992443	0.0843382767	0.0430324377	-0.0759024438	0.0465627552592309	0.0216736761291684	0.000469748236952	0.002168090177331	0.1182025040365459	-0.0107019372417199	0.0001145314607257	0.0139718319605096	-0.0223882293110904	0.0063047155607165	0.0005012328116859	3.974943830154077e-05	-0.0094004451730082	-0.0002831073065583	8.014974702675169e-08	8.836836945073317e-05	0.0026166510427494	0.0004396222127976	6.846862679521524e-06	1.9326768998505839e-07	0.0013633288632949	0.0002623802349669	6.88433877012857e-08	1.858665589492964e-06	0.0	0.0	0.0	0.0	0.0	0.0
2587.433391051806	9.302972676753145	6694811.553129849	86.54530062441553	3235.947738928297	8.382011553992015	10471357.769075155	70.25811769125563	3032.2137454916365	6.913464879696676	47.79599664279937	9194320.198348418	3113.243627669964	2353.90856591222	1.188772	19.650002	0.2211868527962713	0.1004751779853471	0.0784316869	0.0164148522	0.048948327	0.0251937962	-0.0153808731	-0.0132089699	-0.001899126	-0.025946178	0.0881604982	-0.0232910675	-0.045020948	0.0318535833	0.0642018228	0.034065556	-0.0835126045	0.0146446148	0.0298504914	0.0371701935	0.0238808849	-0.0377287224	-0.0174104178	-0.0189608407	0.0845439767	-0.0146303408	0.1256830877	-0.0498733279	0.1210949078	-0.0378095335	-0.0442107933	-0.0913681673	0.0215587247	-0.0137872456	0.0377348216	0.1481074094	0.0608999692	-0.0342642238	0.0277738701	0.0980107888	-0.0094394283	-0.1507598202	-0.0279784899	0.033272744	0.0210889827	-0.0290649981	-0.0082260939	-0.0492039462	0.0137974756	-0.0352295524	0.0725791382	-0.0402066217	0.01920966	-0.0297896417	-0.0156940841	0.0896785009	0.023058125	-0.0154195412	0.0686184892	0.0481646605	0.0470226092	-0.0118867029	0.033937918	0.0419363779	0.0825809017	0.0590794664	0.0282314534	0.0402329666	-0.0700688664	0.0377366568	-0.0198139683	0.0574178938	0.0962378149	0.1988875332	0.087281175	0.0632328319	-0.0441296902	0.0463226659	0.1758645064	-0.0273905472	-0.0282542253	0.0293223723	-0.0185913781	-0.0405896528	-0.0662505316	0.072247064	0.0144674248	-0.0662297276	0.0411408362	0.0211783945	0.0896342287	-0.0468697671	0.098678002	-0.0499029633	-0.0927882974	-0.0946304161	0.0144482579	-0.0428024931	0.0565715889	-0.0360061934	-0.0328836561	-0.011753954	0.0786962628	0.0261428617	0.0077577759	-0.0899685475	-0.0230492221	0.0860510014	0.037674825	-0.0796476241	0.0096230028029395	-0.0369397524562914	0.001364545311532	9.260218294538146e-05	0.1002574423651196	-0.0179450616714263	0.0003220252383912	0.0100515547495952	-0.076261634570784	-0.0538734052596936	0.0058158369074077	0.0029023437942751	-0.0080660172891157	0.0013344278838925	1.7806977773098157e-06	6.506063490831339e-05	0.0022497480133083	-0.0003669030294411	5.061366123384642e-06	1.3461783301305685e-07	0.0008160871084513	-0.0005472417548436	2.994735382443028e-07	6.659981685804039e-07	0.0	0.0	0.0	0.0	0.0	0.0
2588.4837374547706	1.050346402964351	6700248.059067817	1.1032275662201507	3256.0457917195886	20.098052791291597	10601834.197774842	403.9317260015438	3039.4069578954777	7.193212403841244	51.742304686775526	9237994.655703442	3122.350188170088	2368.553546498687	1.234209	20.401062	0.3097539312180621	0.146961133627545	-0.085707852	0.0469488874	0.088439892	-0.1173570392	-0.0298995514	0.057280697	0.0562578156	-0.0886620101	-0.0652877772	-0.0787644213	-0.0220109651	0.0019204067	0.0484133251	0.1039873781	0.1138534	0.0241743166	-0.0422575687	-0.0010529933	-0.0318568362	0.0475675007	0.1569633872	-0.058730984	0.0584542345	0.0555137383	-0.0084003364	-0.0864036158	-0.0008210913	-0.1338845991	-0.0472111614	-0.0258655598	-0.0282974288	-0.0939094689	0.0281717413	0.0218213763	-0.0584560735	-0.0087963352	0.0055271347	0.0584654053	-0.0406681374	0.0054405505	0.0306653015	0.0381067652	0.0122696624	-0.1086271293	0.063809005	0.005655057	-0.0013823788	-0.0922260221	-0.0631570608	0.1094241218	0.0234776007	-0.0347559205	0.0914784917	-0.0352164175	0.0956848843	0.0173255688	0.1365446318	-0.0364916996	-0.1107078561	-0.0026410056	0.0997467778	0.1013865252	-0.0256103927	0.038701828	-0.0400590362	-0.0252332213	0.004384827	-0.019165994	-0.1004824846	0.061075477	0.0265735396	0.0413573999	0.0222899676	0.0465569121	0.0320121134	0.044714116	-0.0139650706	-0.0537668742	-0.124040262	-0.044014165	0.1606991484	0.0582651792	-0.024839101	-0.0799713438	0.0475772931	0.0223945946	-0.0341612119	0.0702740934	-0.1234371175	-0.0004517015	0.0895768348	0.0264678174	0.0297274181	0.1015993267	-0.0846857367	0.0199991031	0.0307441615	-0.0305500625	0.0321361718	0.0769386883	-0.1359105406	-0.1065982068	0.0065665228	-0.0903423981	-0.0195636596	0.0875278662	0.0321558829	-0.0829017503	0.0635750461187569	0.0539520433158174	0.0029108229779518	0.004041786489002	0.1140181995311166	0.0137607571659969	0.0001893584377815	0.0130001498243175	-0.1091910780373268	-0.0329294434665428	0.0119226915229535	0.0010843482470162	-0.0060749151013825	0.0019911021877332	3.964487921995937e-06	3.690459348900515e-05	0.0015913868867711	-0.0006583611265371	2.5325122233870143e-06	4.334393729353309e-07	0.002348857539575	0.0015327704311236	2.3493851945271325e-06	5.517131741218322e-06	0.0	0.0	0.0	0.0	0.0	0.0
2577.655496506696	-10.82824094807438	6644307.858671183	117.25080202955476	3214.174806559744	-41.87098515984462	10330919.687123368	1753.1793982559286	3034.504872515158	-4.902085380319932	24.03044107594641	9208219.821318232	3114.014438190866	2342.2878337659336	1.300482	21.496529	0.2310547016049713	0.1107890475026729	0.0280692518	0.0679701332	-0.0732618496	-0.0387704334	-0.0893661124	-0.0153823869	-0.0973881572	0.0681424132	-0.03027365	0.0623743399	-0.1143705964	0.0159558922	0.0130974558	0.0854691864	-0.0734947178	-0.0497414522	-0.0531959162	0.0477551122	0.0272041842	-0.0610954774	0.0457210036	0.0635179096	-0.0446249125	0.0553563772	0.0566359691	-0.0490701795	-0.0402686433	-0.1022227841	-0.0002299587	-0.0313767771	-0.0192012034	0.0999797705	0.0606591595	-0.0138189809	-0.0315297913	-0.0456556646	-0.1103838401	-0.0535775849	0.0207753058	-0.0681991333	-0.0357700323	-0.0094551775	0.1177179903	0.0576694984	-0.0008883171	0.1012543945	0.0894858689	-0.0647758003	0.0979124736	0.0090792849	-0.0630547165	0.0228064261	0.0456632346	0.037719911	-0.1259738476	-0.0176922712	0.058303064	0.0132403098	0.0222426032	-0.03223494	0.0373839286	0.0931512636	-0.0449614753	-0.093412811	-0.0782359023	0.0719631716	-0.1017519291	0.093072055	0.0678936115	-0.0732560834	0.0060175516	-0.0256993544	0.0032000714	-0.1411267711	0.0702232635	0.0061541377	0.0407961664	0.0330081775	-0.061450591	-0.014129693	-0.0311045716	-0.0066961811	0.0233563808	0.0079054768	-0.055615496	-0.1100731167	0.033498721	-0.0741840718	-0.089753236	0.0033245014	-0.0651678392	-0.0055907609	0.0792993597	0.0223628946	0.062230699	-0.0435923694	-0.0232953549	0.0400404194	0.0281485069	-0.0407941323	-0.0043649913	-0.0065073423	0.0053741445	-0.0906543325	-0.0160479313	0.0887648233	0.0264992443	-0.0856447597	0.0284514434797245	-0.0351236026390324	0.0012336674623446	0.0008094846360799	0.1105381034983565	-0.0034800960327601	1.2111068397232602e-05	0.0122186723250133	-0.072042923026288	0.0371481550110388	0.0051901827581716	0.0013799854207241	-0.0075723227684438	-0.0014974076670613	2.2422297213739663e-06	5.734007210949238e-05	0.0020549786076096	0.0004635917208384	4.2229370777330905e-06	2.149172836300017e-07	0.001203799969032	-0.0011450575705429	1.3111568398578371e-06	1.4491343654414442e-06	0.0	0.0	0.0	0.0	0.0	0.0
2573.7588388789663	-3.896657627729837	6624234.560707605	15.183940667745125	3224.132619284413	9.957812724669113	10395031.14673377	99.15803425958208	3025.1955324886767	-9.309340026481095	86.66381172864304	9151808.009789448	3106.418412098986	2348.354161143633	1.100926	18.197929	0.0758556355569076	0.035104493984147	0.0578717335	-0.0713612502	-0.0395409093	0.0048300667	-0.0451841005	0.0015417111	0.0073793182	0.0342306308	0.0750711541	0.0204326127	0.0339409045	0.0194617906	0.0343999585	-0.0769421792	0.0469955038	0.0824630733	-0.0555698561	0.044200962	0.0365370029	-0.108581701	-0.0243694653	0.0146012692	0.0371071528	0.0177614877	-0.1143416876	-0.0018104869	-0.073778092	0.054826647	-0.1007219044	-0.0113788282	-0.0123944916	-0.0517452469	-0.0235132442	0.1319962166	0.058761926	0.0581872507	-0.038840623	-0.0779226715	-0.0839656281	-0.0531528925	-0.0362485726	0.0353019395	0.0506670521	0.0993624656	0.0239198201	0.0649840447	-0.0558348713	0.0915164228	-0.0275146146	0.0677038378	0.0614195788	-0.0130887066	-0.0272604826	0.0875187899	-0.0458638531	-0.0629250399	-0.0140695015	0.0380250375	-0.064697278	0.0802541917	0.0592937764	-0.120306369	-0.0301431679	0.0796678988	-0.0441211572	-0.0296599535	0.0207018271	0.0371010819	0.0600003461	0.0326409671	-0.0139165995	0.0580074278	0.0770421043	0.0064043947	0.0149201706	0.2001335681	-5.06967e-05	0.0440034187	-0.0527423577	-0.0035790411	-0.0485925135	0.002966869	0.0448968619	0.0395563039	0.0777911209	0.0630855002	0.0705526813	-0.0200757615	0.0287005968	0.0083002412	-0.0005964958	-0.0094183072	-0.0178213665	-0.0466844602	0.0335489079	-0.0325220312	0.0070295106	-0.0500274174	0.0443558454	-0.0359199523	0.092560491	-0.0434440654	0.0041808454	-0.090904137	-0.0125074584	0.0897584821	0.0207291319	-0.0878597406	0.0462185309294511	0.0177670874497266	0.0003156693964462	0.0021361526012766	0.123079139438559	0.0125410359402025	0.0001572775824534	0.0151484745649362	-0.0574042684168745	0.0146386546094134	0.0032952500324765	0.0002142902087737	-0.0080181962559408	-0.0004458734874969	1.988031668527371e-07	6.429147119878306e-05	0.0019705588972964	-8.441971031320026e-05	3.883102367714003e-06	7.12668748936465e-09	0.0011159160156909	-8.788395334110004e-05	7.723589254860651e-09	1.2452685540754529e-06	0.0	0.0	0.0	0.0	0.0	0.0
2581.598020137743	7.839181258776534	6664648.337579113	61.45276280795325	3219.2110696804302	-4.92154960398284	10363319.91115302	24.221650504463643	3027.6856708175565	2.490138328879766	6.200788896956114	9166880.521273958	3108.8180006960606	2346.34053326974	1.093912	18.081999	0.0785937132907851	0.0420920685504949	-0.059656169	0.0552059671	-0.0134855254	-0.0009543833	-0.0642309373	0.0774865435	-0.0743481417	0.0006724676	-0.0597039998	-0.0009913403	0.047496485	0.0733590853	0.0727586018	-0.0464601129	-0.0283441927	-0.079289322	0.0807068824	0.0898073989	-0.0639293856	0.0173520435	0.0082966987	0.063102405	0.0421722579	-0.0116460794	-0.0403675488	-0.0120025519	-0.0340687846	-0.0829072076	-0.0488489154	-0.0092406284	0.0002838361	-0.0522225835	-0.0338472509	0.1066297154	0.0039878095	-0.0330176409	0.057440723	-0.089371767	0.0068318135	0.0718795598	-0.0155324875	-0.0338101285	-0.0044362163	0.0643536752	-0.017584054	0.039394311	-0.024275903	0.0012689558	-0.0328960045	-0.1009523952	-0.0624649289	0.0383492994	0.0921159541	0.0358344925	-0.0032128829	0.0475385998	-0.0035500281	0.0417380819	-0.0138199707	0.0678473755	0.0060773664	-0.0202726048	0.0140159351	0.0683701748	-0.0190241905	-0.0368088638	-0.0316221975	0.0136727701	0.011243522	0.1278775996	-0.0390688592	-0.0414038367	0.0194537123	0.0196336846	0.0311906323	0.0090732557	-0.0765603161	0.0066981385	-0.0644603287	0.0087126716	0.0002709386	-0.0095114458	-0.0056137129	-0.0592652378	-0.0482655546	-0.0593971513	-0.0370177979	-0.0087056047	-0.0489267816	-0.0687959587	-0.0696742947	0.035098739	-0.0395650867	-0.0069094236	0.0711736468	0.0659783754	-0.0175724433	-0.0955501093	0.0100064848	-0.0487368802	0.0449258229	0.0328543632	0.00298683	-0.0910916402	-0.0089476998	0.0905061192	0.0148702542	-0.089533037	0.0471472546417288	0.0009287237122777	8.625277337468748e-07	0.002222863620252	0.1142749794097284	-0.0088041600288305	7.751323381325836e-05	0.0130587709190938	-0.0792410826431364	-0.0218368142262618	0.0062791491784563	0.0004768464555522	-0.0080195275887866	-1.331332845799782e-06	1.772447146305346e-12	6.431282274730941e-05	0.0024562469821316	0.0004856880848352	6.0331492372305925e-06	2.358929157508847e-07	0.0015693769044782	0.0004534608887873	2.0562677765976805e-07	2.462943868309577e-06	0.0	0.0	0.0	0.0	0.0	0.0
2582.8818954901444	1.2838753524015374	6671278.886050762	1.648335920504172	3246.8330669754123	27.621997294982062	10541924.964804962	762.9747345639965	3026.8964961701377	-0.7891746474188039	0.6227966241285935	9162102.398527056	3108.165112824136	2342.572156066049	1.109874	18.345848	0.1969056567652778	0.0908194185267097	0.0874619469	0.0061538836	0.0107961648	0.0468939322	-0.006077144	-0.0061994036	0.0003844782	-0.0570274411	0.0570043956	0.0237682998	-0.0642564977	0.0095408966	0.0553750171	-0.059169726	-0.0267091986	0.1228053458	0.0435275258	-0.0198471875	0.0206178256	-0.050998532	-0.027690603	-0.0347153625	0.0450431481	-0.0405247206	-0.0138766964	0.0602672187	0.039733261	0.1701204967	-0.0121900537	0.0363601146	0.0049385647	0.0504184577	-0.0219866197	-0.083601765	-0.026012863	-0.0942990836	-0.0698765914	-0.0162835321	-0.0187146846	-0.0419562467	0.0293385317	0.1112179906	0.0153242203	-0.0323429763	-0.0670020228	0.0118023416	0.0476892247	0.0470071912	0.0143566016	-0.0191378517	0.1163862183	-0.0175398487	-0.0724742876	0.0420481093	-0.00823256	-0.0042645253	0.0231042681	0.0284514889	0.0094165093	0.0010997904	-0.0827472773	-0.1231002171	0.0957550577	-0.022774482	0.0041443475	0.0066779642	0.0401953976	-0.0252541716	0.0954789558	-0.0963567995	0.0449354626	-0.0373428686	0.0319517391	0.0387162361	0.0630457074	0.0066057617	0.0457910208	-0.0015762583	-0.0020559611	0.0286328821	-0.0421578765	0.0386301692	-0.0300291544	0.0745182956	0.1092386962	-0.0143915606	0.029823295	-0.0247901563	0.0881282719	0.0239656963	-0.0301637002	-0.0126796136	-0.0296696187	0.0169037743	-0.0419544454	0.0181857452	0.0069057961	0.017149399	0.0738603226	0.0699984182	0.0673377888	0.0397766353	0.0017923027	-0.0912167139	-0.0053741445	0.0910056853	0.0089476998	-0.0906543325	0.0169856345424932	-0.0301616200992356	0.0009097233270106	0.0002885117808111	0.1274737473914342	0.0131987679817057	0.0001742074762349	0.0162495562740151	-0.0102448944137449	0.0689961882293914	0.0001049578615487	0.0047604739901856	-0.0088119814274261	-0.0007924538386395	6.279830863744789e-07	7.765101667730252e-05	0.0030081775769439	0.0005519305948123	9.049132334428074e-06	3.0462738148985935e-07	0.0012227797288311	-0.000346597175647	1.201296021665466e-07	1.4951902652402586e-06	0.0	0.0	0.0	0.0	0.0	0.0
2584.656184781951	1.774289291806781	6680447.593531592	3.148102491020208	3248.937310528901	2.1042435534886863	10555593.647746768	4.427840932398694	3031.4379997019387	4.541503531801027	20.6252543293612	9189616.34603689	3112.1368293924534	2369.4370974701856	1.160869	19.18877	0.1625825585061074	0.0862691945467563	-0.0803786153	0.034130157	0.0502445119	0.0447071244	0.0409393039	-0.0010474846	0.034629698	-0.0665340465	-0.0277739814	-0.1638552068	-0.0216659643	-0.028094147	0.0148349838	-0.0062182297	0.0734524073	-0.082675735	0.0315372277	-0.0253518135	-0.1013694574	0.052989845	0.0684104232	-0.0074971606	0.0409489257	-0.0177815813	-0.0468156621	0.0254000858	0.0883925935	0.0307536271	-0.0428933701	-0.0500839769	-0.0146304325	0.0661052297	0.0873515857	-0.0292231117	-0.062394391	-0.0899290375	-0.0047349725	-0.0203063619	0.0163695014	0.0467902653	0.0400820351	0.0473733107	-0.046372112	0.0132734065	0.0565970837	-0.0568310245	-0.0350878807	-0.0368598555	-0.1065130951	-0.0341503737	-0.0666676319	-0.073412353	0.0669670602	-0.0711076259	0.016262276	0.02380075	0.063724958	-0.0127685808	-0.0423358611	0.0441630976	-0.0971074575	0.0199256711	0.0377570055	0.0019108271	-0.07018963	0.0689552952	0.0572658655	0.0468503011	0.0122883131	0.0013442378	0.070516888	-0.0586822028	-0.0482841082	0.0335725239	0.0389702716	0.0039704448	-0.0265106996	-0.0874249323	0.0445574127	0.0131959559	0.0245290974	0.0218632118	-0.0204267693	-0.1454516644	0.0079203909	-0.0353144523	-0.0047008599	0.0520427796	-0.0968052329	0.0381752305	0.0060074584	0.0333654712	0.0157093338	0.0448328658	-0.037425587	-0.0918280691	0.0132240909	0.0329349009	0.0352910278	0.0327665896	0.0320922477	-0.0990047646	0.0005974684	-0.0912792721	-0.0017923027	0.0912558111	0.00298683	-0.0912167139	-0.0190511970282329	-0.0360368315707261	0.0012986532296568	0.0003629481082085	0.1169746504409516	-0.0104990969504825	0.0001102310367756	0.0136830688457828	-0.0375276810590037	-0.0272827866452587	0.0014083268456663	0.0007443504471307	-0.0083939145396279	0.0004180668877981	1.747799226732723e-07	7.045780129857667e-05	0.0030081244618251	-5.3115118800201734e-08	9.048812777830549e-06	2.821215845159543e-15	-0.0001343771350447	-0.0013571568638758	1.841874753165197e-06	1.8057214422821546e-08	0.0	0.0	0.0	0.0	0.0	0.0
2580.458988496756	-4.197196285195332	6658768.5913137	17.616456656457498	3208.966342668592	-39.970967860308974	10297464.98837984	1597.6782716898529	3029.665370449698	-1.7726292522406766	3.14221446589934	9178872.256902106	3109.240564224568	2343.666220625352	1.121094	18.531298	0.1177035892683961	0.0500217242371246	0.0818001064	0.0270109885	-0.0414891323	-0.0114925154	0.0421191855	-0.0401921988	-0.0730089128	-0.0029456346	0.0200269128	0.0498607861	0.0029944194	-0.036123932	0.0092945786	0.0250984201	-0.0830704185	0.0288318148	-0.0142333716	-0.0620072906	0.0191156231	-0.0793484775	0.0023047369	0.0459754159	-0.0646820042	-0.0892689132	0.0015979328	0.0201862334	0.0619434379	0.0081024406	0.0564627343	0.0226606833	0.0196980799	-0.0254262043	-0.0394505303	-0.1333075067	0.058742321	0.017903669	-0.0243997855	-0.0104112842	-0.118868241	0.037948252	0.1009050493	0.0116265319	0.0283781774	-0.0009869678	-0.0264680545	0.0190292396	0.0446846523	-0.0230604934	0.0863304994	-0.0328518248	0.0429343397	0.0554951551	-0.0445363707	-0.0507001166	-0.0842868531	-0.0564644238	-0.0061978255	0.0239413588	0.0311988607	0.0021045655	-0.0979523374	0.0924533498	0.0183509362	-0.0165718481	0.0043456389	-0.0018578369	0.0169729822	-0.0741224264	-0.0342987075	-0.1108404239	0.0493211903	-0.0954071003	0.0180242261	0.031755859	-0.0252801855	0.0299972535	-0.097521522	0.0114208913	0.0678765508	0.0049155221	-0.0300660626	0.0071875024	-0.0052492114	0.0926577926	0.0211089145	-0.0538301618	0.0451088395	-0.0476705776	-0.0191021639	-0.0273615898	-0.0311243091	-0.0307214879	0.0037572837	0.0446540967	-0.0077364168	0.0246909176	-0.0264610507	0.0578336598	-0.0232647868	0.0387679214	0.0289679146	-0.0444875242	-0.0005974684	-0.0912792721	0.0017923027	0.0912558111	-0.00298683	-0.0912167139	-0.045124505080949	-0.0260733080527161	0.0006798173928118	0.0020362209588005	0.1485083139789509	0.0315336635379993	0.0009943719361277	0.0220547193208706	-0.0262560648004779	0.0112716162585258	0.0006893809388068	0.0001270493330794	-0.0087003564445515	-0.0003064419049235	9.390664109320405e-08	7.569620226224881e-05	0.0033456010396033	0.0003374765777782	1.119304631619468e-05	1.1389044054888549e-07	-0.000466958680726	-0.0003325815456813	1.1061048452776262e-07	2.180504095053664e-07	0.0	0.0	0.0	0.0	0.0	0.0
2578.8699561517446	-1.5890323450112191	6650570.250742101	2.525023793491854	3233.7754048540546	24.809062185462608	10457303.369039005	615.4895665221507	3027.7617766023413	-1.9035938473566605	3.623669535694132	9167341.375854166	3108.133364673371	2349.0541031855955	0.969488	16.025316	0.0731908074254982	0.0362442803901989	0.0480695329	-0.0552230969	0.0235854852	0.0645215897	0.0704741133	-0.0443785265	0.0376296888	-0.0277460524	0.0522774439	0.0108320062	0.0332391993	-0.0199691623	-0.0037304784	-0.0407896619	0.0994825245	0.0110680627	-0.0248488522	-0.0250264396	0.0433876993	-0.0978831735	-0.013468639	-0.0462647557	0.0106978109	-0.0133191943	0.0802773048	-0.000427751	-0.0054032781	-0.0289201659	0.0036433358	-0.0496328583	0.0021892146	-0.0651994868	-0.086927646	-0.0456299497	-0.0409945798	-0.0363721649	0.0869105107	-0.0212356685	-0.0773950978	0.0194592623	-0.0797731681	-0.0750638626	0.1213082598	-0.0169357255	-0.0366503445	-0.0833162297	0.0009231754	0.0411332575	-0.086369138	0.0556101406	0.003761535	-0.0093758625	-0.0523821795	0.0044691342	0.0192024443	-0.1024922067	0.030757108	0.0856256664	-0.0206775501	-0.0634963976	0.0258885548	0.0350072093	-0.0120353974	0.109143073	0.0948126299	-0.0004353253	-0.0189849837	-0.0302845206	-0.0179688667	-0.0003991174	-0.0595175796	-0.0223454365	0.0225825252	-0.0555900714	0.0250745032	-0.092220771	-0.0694346395	-0.0570366084	0.0881464107	0.0220852993	-0.0461164484	0.0111660174	0.0106110392	-0.0470246213	0.0276202954	0.093289456	0.0690946749	0.0217695089	0.0577619306	0.020984322	-0.0017435017	-0.0333042253	-0.045856025	-0.0352369966	-0.0134057367	0.0450201752	0.0106583818	-0.0656221703	-0.0576140346	0.0162742497	0.0735112715	-0.1098973005	-0.0017923027	-0.0912167139	0.0053741445	0.0910056853	-0.0089476998	-0.0906543325	-0.0448769132169246	0.0002475918640243	6.13017311310765e-08	0.0020139373398793	0.1641129752253789	0.015604661246428	0.0002435054526157	0.0269330686373258	-0.0285900281004387	-0.0023339632999608	0.0008173897067838	5.447384685563911e-06	-0.0091971940489684	-0.0004968376044169	2.468476051627242e-07	8.458837837437974e-05	0.0035988422172656	0.0002532411776623	1.295166530477318e-05	6.413109406378869e-08	-0.0008169717189485	-0.0003500130382225	1.225091269257453e-07	6.674427895616669e-07	0.0	0.0	0.0	0.0	0.0	0.0
2577.7838115907384	-1.086144561006222	6644969.379299276	1.1797100074033986	3227.2805703754075	-6.494834478647135	10415339.879922615	42.1828749050236	3027.045348746645	-0.7164278556965655	0.5132688724179789	9163003.543368695	3108.0579950860206	2360.79874847074	0.992607	16.407465	0.1213372052006743	0.0633507082789813	-0.0526130377	-0.05303497	0.0419368847	0.0836873924	0.1140057242	0.0343262419	0.0708619386	0.0049019243	0.0084845721	-0.0076268237	0.1133564123	0.0189623012	-0.028081311	-0.0385771255	-0.0940376495	-0.0319377544	0.019207579	-0.0456382425	-0.0684588849	0.0252209443	-0.0901671346	-0.0525094092	0.0471372077	0.0461028833	0.0838175941	-0.0264943372	-0.0157041091	-0.0892788315	-0.0231923111	-0.1035929434	-0.0943765963	-0.001599358	0.0380359835	-0.1064385942	-0.0439156726	-0.0295372352	-0.0477599206	0.0006571217	-0.1029509378	0.0785918053	-0.0595755094	-0.0550214994	0.0435262109	-0.0349105963	-0.0339964396	-0.0020256554	0.1374705689	0.0223735341	0.0514983209	-0.0890940749	-0.0099188685	-0.0221665585	0.0250834282	-0.0700430093	0.0994321453	-0.0703386006	-0.0242847403	0.0934058286	0.0804600039	-0.0592913097	0.0542377504	0.0542584186	-0.0398595902	0.00055761	-0.0996688172	0.0305946716	0.0304446576	-0.0096430455	-0.0403229601	0.0020444202	0.0657219813	-0.0516202263	0.0223947675	-0.0453811454	0.0661712452	-0.0637153311	-0.1091530804	0.0338244562	0.0958641115	0.0535619477	-0.0573267674	-0.0204846772	0.0119522182	0.0124042361	-0.0262353909	-0.0497844336	-0.0975057638	0.0910517169	0.0660169837	0.0625714323	0.0183073568	-0.0224490775	0.0059240592	0.0044364668	0.0234275572	0.0019686779	0.0287436775	0.0058871888	-0.0691690825	0.0887929161	-0.033872938	-0.0352721459	-0.00298683	-0.0910916402	0.0089476998	0.0905061192	-0.0148702542	-0.089533037	-0.0237487852681681	0.0211281279487565	0.000446397790619	0.0005640048017135	0.1625647070776352	-0.0015482681477436	2.3971342573177004e-06	0.0264272839872373	-0.0028943845208146	0.0256956435796241	8.377461754331162e-06	0.000660266098971	-0.0102074941101156	-0.0010103000611472	1.0207062135540373e-06	0.000104192936008	0.0033517935724989	-0.0002470486447667	1.1234520152644938e-05	6.103303288106325e-08	-0.0010189263235256	-0.0002019546045771	4.0785662309892844e-08	1.0382108527733958e-06	0.0	0.0	0.0	0.0	0.0	0.0
2582.6494367704468	4.865625179708331	6670078.113250705	23.67430838941173	3206.885012012318	-20.39555836308955	10284111.480269244	415.978800942192	3030.26868387234	3.22333512569503	10.389889332539395	9182528.296457402	3108.562736608627	2349.4042251988462	1.225449	20.256258	0.0587103465135266	0.0253674892317492	0.0221884014	0.1214111627	-0.0725385796	0.0697812396	0.0630305424	0.0324377281	-0.1504705322	-0.0329508465	-0.0089721403	-0.0047977438	-0.0070999708	0.0103755493	-0.0968888228	-0.0060016939	0.0736751176	0.075863236	0.0580944287	-0.0192966622	-0.0926144019	-0.0295976087	-0.0248816704	0.1615846594	-0.0513343561	0.0838618803	0.0389276403	-0.0387098355	0.0332096917	-0.0495363275	0.052929349	0.0014320499	0.0114514326	0.0201143417	0.1276357061	-0.0311906347	-0.0618164798	0.0662943643	0.0063298855	-0.0875401918	-0.0104157836	0.0094871797	-0.0062499171	-0.0075194358	-0.0502928211	-0.1531852946	-0.0757956791	0.019860913	-0.0427127216	-0.0307939216	-0.0892463436	-0.0078444177	0.0831236843	0.0494364808	0.020147928	-0.0665245751	-0.1085190567	0.013408866	-0.0441493057	0.0907789458	0.0418532843	-0.0124871757	0.0679642185	0.0781595388	-0.0551763565	-0.0799964078	0.074917438	-0.0112039677	-0.0195223004	0.07150907	0.0088249657	0.0917560138	0.0031455897	-0.0795521452	0.0232640001	-0.0235162545	0.0203323768	0.0047478484	0.021714843	0.1043166895	0.0756354608	0.0454904714	-0.0577665019	0.0152160373	-0.0695502907	-0.0157398708	0.0675544515	0.0661895263	-0.0363972736	-0.0891316066	-0.0388099403	0.0430827795	-0.0095976537	0.0522723678	0.0213017783	0.0006274033	0.0234180692	-0.0301448916	0.0415967821	0.0029168544	-0.0544665813	0.0539262447	0.0566843161	-0.0123426691	-0.0041808454	-0.090904137	0.0125074584	0.0897584821	-0.0207291319	-0.0878597406	-0.0345501935504728	-0.0108014082823046	0.000116670420881	0.0011937158743751	0.1524262521363226	-0.0101384549413126	0.000102788268597	0.0232337623403257	-0.012201097967889	-0.0093067134470744	0.000148866791622	8.661491518595546e-05	-0.0105342377468258	-0.0003267436367101	1.0676140413060673e-07	0.0001109701649066	0.0031969981739661	-0.0001547953985327	1.022079732434258e-05	2.3961615406928306e-08	-0.0009311899619119	8.773636161370007e-05	7.697669149209943e-09	8.671147451654857e-07	0.0	0.0	0.0	0.0	0.0	0.0
2588.468144074925	5.8187073044782665	6700167.332890687	33.85735469518873	3235.6897972434576	28.804785231139704	10469688.463985408	829.715652212084	3031.1220098390168	0.8533259666769482	0.7281652054051481	9187700.63853052	3108.806374277968	2358.085650647446	1.107837	18.312178	0.1294104986781413	0.0665681035191927	-0.0015129222	-0.0088372828	0.104184259	0.0815408559	0.0889155198	0.0332890902	0.0175511013	-0.1044094904	0.0533092802	-0.0090399304	0.1130120745	0.0544092544	-0.0675560822	0.0229167774	-0.0202102655	-0.0823093372	0.0378378605	-0.0422109349	-0.0664629811	-0.0094404564	-0.0679311746	0.0297785771	0.0687387425	0.0390535384	-0.0678895369	-0.0184766513	0.0014078671	0.0415898487	0.1408209869	0.0712495671	-0.0002271224	-0.0226118094	0.1149679804	0.128716973	0.0002465267	0.0372205447	-0.0616208509	-0.0343042561	-0.0037822892	-0.0029199685	-0.0135683605	0.0069668213	-0.0117458609	0.1488030678	-0.0042561428	0.0882049609	-0.0022007183	-0.0595430456	-0.0143266676	-0.0694570422	-0.0662807043	-0.0621986112	-0.0109431803	-0.0425241475	0.0198229123	-0.0756220205	-0.0431320843	0.0218768186	0.0211605409	0.0891728982	0.0593242801	-0.0045970181	-0.0934649698	-0.1243578322	-0.0198958455	-0.0470225869	0.0550649902	0.0393792189	0.0810590759	0.099100618	0.0480641588	-0.0224428227	0.0037799657	-0.0367792645	-0.080953187	0.1129138684	-0.0754827359	-0.0061793979	0.0628994629	0.0388432594	-0.0175650166	-0.0513808286	-0.0235064997	-0.0466240503	-0.0438549343	-0.0635993778	0.0243893107	0.1075415046	0.0027090943	0.0262375205	0.0352342017	0.0363905232	-0.0103512393	0.0020713524	-0.0270448867	-0.0441495377	0.0729370637	0.009852394	0.0057061212	0.0547493871	0.0336181075	0.0069032238	-0.0053741445	-0.0906543325	0.0160479313	0.0887648233	-0.0264992443	-0.0856447597	-0.0191114521324209	0.0154387414180518	0.0002383547365734	0.0003652476026098	0.1508061532616835	-0.001620098874639	2.62472036360687e-06	0.0227424958615863	-0.0619199519933744	-0.0497188540254854	0.0038340804548617	0.0024719644456075	-0.0099590147296013	0.0005752230172244	3.3088151954485666e-07	9.918197438441564e-05	0.0033455947987295	0.0001485966247633	1.1193004557285884e-05	2.2080956891074654e-08	-0.0004023535167005	0.0005288364452114	2.796679857838301e-07	1.6188835240125952e-07	0.0	0.0	0.0	0.0	0.0	0.0
2589.636609395909	1.168465320984069	6706217.76872354	1.365311206342403	3196.2745791944258	-39.41521804903186	10216171.185604503	1553.5594138527272	3039.3684697999543	8.2464599609375	68.00410188734531	9237760.695214115	3115.593617800449	2339.059736362785	1.58372	26.178364	0.4216407426111969	0.2390199056005583	0.0440259494	0.1077204907	-0.0040091275	-0.2060008267	0.1350005352	0.0056016412	-0.0960290295	0.0131973159	-0.0683230692	0.1043071338	0.113445941	-0.1522583241	-0.0203208504	0.1593830574	0.023935897	0.0596961811	0.0902557956	-0.0583316216	0.1462961556	0.1038601403	0.0250745623	-0.0761992436	-0.1295441984	0.0198692882	-0.0935489136	-0.0754152529	-0.0642129194	0.056110983	0.0005465232	0.1228693902	0.1122227829	0.0533707747	-0.0029225103	0.0292626298	0.0124290228	-0.0312646686	-0.0739358772	-0.0688179968	0.1098899173	0.0622432565	-0.0955341772	0.0641087086	-0.1309621012	0.129479259	0.1053993324	-0.0655030341	0.0823432294	-0.1631031288	0.009491061	0.0531146858	0.0708517823	0.050121712	-0.1258919372	-0.0166037298	0.0411022463	0.1316839222	-0.1720800406	-0.205338606	-0.1220023735	-0.010356617	0.0635826606	-0.0133153968	0.0198310667	-0.0733812036	-0.0278614915	0.0014709743	-0.099115076	0.0711982902	0.0146904979	-0.0107797133	0.059209859	-0.04455736	-0.0431946743	0.0260196168	-0.0758149098	-0.1176421155	-0.1095070095	-0.0002824145	0.0069735893	-0.1736976457	0.3128085429	0.1203349151	-0.1317265442	0.115500603	-0.1121460534	0.0948123354	0.0308437937	0.0482882086	-0.0260080049	-0.1474393197	0.2115410685	0.0346836852	0.005032831	0.2293497677	0.0668712854	-0.181907709	-0.2697200304	-0.0621323729	-0.1105664388	0.0575769048	0.0681195236	-0.0189479938	-0.0065665228	-0.0903423981	0.0195636596	0.0875278662	-0.0321558829	-0.0829017503	-0.0497189184875281	-0.0306074663551072	0.000936816996679	0.0024719708555694	0.1090812067830597	-0.0417249464786238	0.001740971158644	0.0118987096732486	-0.1073462386630552	-0.0454262866696808	0.0115232149551056	0.002063547520596	-0.0056569652796646	0.0043020494499366	1.850762946970066e-05	3.200125617533079e-05	0.0018982259947253	-0.0014473688040042	3.603261927050855e-06	2.094876454804548e-06	-7.413090848569677e-05	0.0003282226082148	1.077300805433282e-07	5.495391592914749e-09	0.0	0.0	0.0	1.0	0.0	0.0
2589.1858420905764	-0.4507673053326471	6703883.324882288	0.2031911635568558	3234.8250275594323	38.55044836500656	10464092.958924882	1486.137069143037	3037.4114464133795	-1.9570233865747468	3.829940535600491	9225868.294803018	3118.395644297498	2373.3249936830302	1.300229	21.492353	0.2969228364442615	0.1385039871340989	-0.0587515697	0.0847357943	0.0398340778	-0.1736749483	0.0286848404	-0.0281479608	-0.0119168251	-0.0236659482	-0.1074301454	0.0571906912	0.0495914506	-0.0775609232	0.0131435493	0.1197498156	0.0418931953	-0.0804543586	0.0079828762	-0.0539122611	0.0441679514	0.0744970465	0.1139308651	0.0118886294	0.048556394	0.0471486462	0.0404672215	-0.0049407409	-0.0375613424	-0.0245434551	-0.0622529264	-0.0352924741	0.0758239316	0.0030229238	0.0645717052	-0.0373166684	0.114103582	0.0160667722	-0.0007937853	-0.0201073477	0.0975929521	0.0020347725	0.0054108901	-0.073914412	0.0627840387	0.1075916422	-0.0566135075	0.0882019533	-0.0670974967	-0.1212562154	0.0068860145	0.0594475682	-0.0856897452	0.0855003033	-0.0004476293	-0.0672947914	0.0865116343	0.0330129643	0.0690295298	-0.0068613065	-0.0444700427	0.0418208619	0.0986096176	-0.0193233969	0.0013638063	0.0197596564	-0.0660799786	0.0461205063	-0.0269258959	0.0628033551	-0.0105927692	0.016500444	-0.0360507228	-0.0493198595	0.0178669277	0.0130758992	-0.0556929678	-0.0284627552	-0.0080566296	0.0141155956	-0.010646798	-0.0853742231	0.2018451179	0.0235687978	-0.0067126419	-0.0814536854	-0.033168618	-0.0659120193	0.0073512023	0.0224062837	-0.0909165154	-0.0817241082	0.0215777134	0.075294018	-0.0101615811	0.1946330214	-0.0652749301	0.132569152	-0.003845152	-0.0771628825	-0.0615044746	-0.0577026474	-0.1016932824	-0.1315147365	-0.0077577759	-0.0899685475	0.0230492221	0.0860510014	-0.037674825	-0.0796476241	0.0139855343838064	0.0637044528713345	0.004058257315636	0.0001955951720006	0.1148328236718754	0.0057516168888157	3.308109683571002e-05	0.013186577392456	-0.0869383635841387	0.0204078750789165	0.0075582790626878	0.0004164813652366	-0.0071181248403995	-0.0014611595607348	2.1349872619270045e-06	5.066770124351241e-05	0.0032420554109129	0.0013438294161875	1.0510923287429612e-05	1.8058774998111047e-06	0.0012620579466957	0.0013361888551813	1.7854006567109716e-06	1.592790260817766e-06	0.0	0.0	0.0	0.0	0.0	0.0
2584.2608583953534	-4.924983695223091	6678404.1842342885	24.255464398213288	3240.28019779884	5.455170239407835	10499415.76024729	29.75888234092093	3035.3098760499543	-2.101570363425253	4.41659799242735	9213106.043646388	3113.113251381732	2374.668808469481	1.269232	20.979969	0.2358209467816286	0.1297272321591612	0.0556169435	-0.0636130826	0.0163446385	0.0113778384	-0.0183651387	-0.0981299958	0.0799775724	-0.0312618341	0.0070217825	0.0600285961	0.0075248284	-0.1229680467	-0.0591140378	0.1221012786	-0.0407425205	0.02459356	-0.0897527038	-0.0894018236	0.0301997119	-0.0418780154	0.0343392022	-0.0080552139	0.036753066	-0.1211825758	-0.0381350418	0.0759884543	0.0016478642	0.0143593208	-0.0663943232	0.0203921051	0.0251956636	-0.009817769	-0.0547299513	0.0001594956	0.0518471881	0.0101864879	0.0322026566	0.0325641517	-0.0339333786	0.0135058105	-0.0392927743	-0.119518893	0.00196884	0.0170367545	0.0304853039	-0.0531270952	-0.0153397047	-0.0585630987	0.1020823185	0.0944465468	0.0082103996	-0.0581209748	-0.0834351459	-0.0393709171	-0.0321049688	-0.0682565198	0.0400908103	-0.0568946761	-0.0201163991	0.0704183035	-0.061610842	-0.0424670188	0.0540937801	0.0207063684	-0.0020234413	0.010195265	0.0357232156	-0.0740203364	-0.0206262283	0.022317065	-0.0335921644	0.0495078489	0.0136588553	0.0254498241	-0.0050582618	-0.0102236051	0.0129242927	0.0153477876	0.0234436162	-0.0468276838	-0.0024064063	0.0056844818	0.0251902786	0.0990862454	0.041122875	-0.0220626702	0.0734132625	0.0332760138	0.0155693596	0.0212746552	0.0042406932	-0.0405883796	0.0975234029	0.0390008089	-0.0710278313	-0.0077171534	0.008328917	0.0306015992	0.051119467	-0.0390893237	0.0209765749	-0.1031962917	-0.0089476998	-0.089533037	0.0264992443	0.0843382767	-0.0430324377	-0.0759024438	-0.0009674449710104	-0.0149529793548168	0.0002235915915855	9.359497719333138e-07	0.1339385422529204	0.0191057185810449	0.000365028482498	0.0179395331008373	-0.0298812573483218	0.0570571062358169	0.0008928895407166	0.0032555133720052	-0.0092369688877439	-0.0021188440473443	4.489500096966794e-06	8.532159423314876e-05	0.0032512855021213	9.230091208400036e-06	1.0570857416304152e-05	8.519458371538363e-11	0.0004960292330495	-0.0007660287136462	5.867999901304518e-07	2.460450000396752e-07	0.0	0.0	0.0	0.0	0.0	0.0
2571.723068629088	-12.537789766265178	6613759.541719014	157.19617222306383	3250.060124122292	9.779926323451946	10562890.810409809	95.64695889214828	3022.8847515831694	-12.425124466784837	154.38371801509518	9137832.22135404	3105.2494769157247	2387.364786840212	1.200262	19.839928	0.1279581857580834	0.0726423960573903	-0.0468860413	-0.1650434308	-0.0261441064	0.009702931	-0.0189622665	-0.0694743907	0.1244583906	0.02056539	0.0071530581	0.0352151045	-0.048818613	-0.0179078033	-0.1074730035	-0.0823575691	0.0613952818	-0.0772494489	-0.084377495	0.031231478	0.0183856823	0.0064893547	-0.0528351428	-0.0450560663	0.0054382196	-0.0428209363	0.0150942934	-0.0267231954	0.0187522905	0.0326049037	-0.0229627871	-0.0552635447	0.0002976925	0.0604201882	-0.0677018595	0.0172318424	-0.0454034025	0.0467507766	0.0594466338	-0.0405722176	0.0289282303	-0.0381523914	-0.0065804907	-0.0532416433	0.1027453689	-0.0263735326	-0.0207678062	-0.0047148524	-0.022829028	0.1083138627	-0.0380711593	0.0655997604	-0.0910535638	-0.0204876875	0.0020832324	0.0228134407	0.0130050742	-0.0422506648	-0.0374446428	0.0065885808	0.0395340452	-0.0611344442	-0.0274273955	-0.0627127182	0.0608311989	0.0977152791	0.016832798	0.0376162922	-0.0397902103	-0.0189850602	-0.0268727468	0.045426822	0.0802805343	-0.0436228945	-0.0576783377	-0.0773262851	-0.1080128872	0.0272483963	0.0236855821	0.0222106566	0.010044997	-0.0332722509	-0.0562165191	0.0330747303	0.1449815759	-0.0699457819	-0.0457901282	0.0753870235	0.01158027	0.0634662681	0.0071304015	0.0020246033	0.0248008378	-0.0671467985	0.0133951891	0.0182589121	0.0098711258	0.0157569764	-0.0413401344	0.022749831	-0.0242136719	-0.0373052894	-0.0317119872	-0.0455754655	-0.0101360905	-0.089036165	0.0299084066	0.0823943867	-0.0482057789	-0.0716892996	0.0159424789372337	0.0169099239082441	0.0002859455265826	0.0002541626346641	0.1516118293424	0.0176732870894796	0.0003123450765471	0.022986146796549	0.037417462962253	0.0672987203105748	0.0014000665345315	0.0045291177554409	-0.0090432697755757	0.0001936991121681	3.75193460547484e-08	8.178072823384098e-05	0.0034251384673347	0.0001738529652134	1.1731573520415897e-05	3.0224853513491685e-08	0.0006500022446636	0.0001539730116141	2.3707688305515787e-08	4.225029180677186e-07	0.0	0.0	0.0	0.0	0.0	0.0
2570.9592861139045	-0.7637825151837205	6609831.650855317	0.5833637305003703	3224.667480843199	-25.392643279093136	10398480.362007624	644.7863326992738	3021.0145398473446	-1.870211735824796	3.4976919368167967	9126528.849969065	3102.891315216714	2377.7268858933385	1.145236	18.930372	0.0848581077555124	0.041286930144244	-0.1141208803	-0.0151235171	-0.1103055644	-0.020654705	0.0157176612	0.0084201369	-0.0320196012	0.0867298809	-0.1141651153	-0.0074415458	0.0291837043	0.0471590886	0.079257563	-0.0882590158	-0.1526598622	-0.0023111934	0.0027861684	-0.029480591	-0.0540667413	0.0949309953	-0.0523130955	0.045136343	-0.0589753181	-0.0594672048	0.1601891453	-0.0536676935	0.0541635724	-0.0166653756	-0.1182993963	0.0077246842	0.0218577673	-0.0271166373	-0.0379434788	-0.004497133	-0.0920807321	-0.0479281459	-0.0527833597	-0.0082217817	-0.0276097045	0.0054729254	-0.008436905	0.0724361796	-0.1024037812	0.0368703141	0.0805482177	-0.0213438562	-0.0638206091	0.0881360007	0.1070789876	-0.1031758589	0.0096618566	0.0373860388	0.0447568746	-0.0745382706	0.0013601552	0.0552326022	-0.0502160343	0.0050902633	0.1304239904	-0.0758471961	-0.0029321766	0.0171346325	0.1210170744	0.0120094607	0.0212287965	0.1190355943	0.0341253301	-0.0904734401	-0.0925603649	-0.0409972505	0.0711683035	0.0658699684	-0.0090571191	-0.04036282	0.0794964357	0.0736727103	-0.0178835904	-0.0249988445	0.0396257024	-0.0111687302	-0.0349189021	0.0075554933	0.1118879572	0.066843421	-0.0577514487	-0.0378897255	-0.074472179	-0.0225176006	-0.0563172526	-0.1266594218	-0.0317537663	0.0043851614	-0.0752257547	0.0194822776	-0.0282700124	0.0577825077	-0.0355400859	0.0053634814	0.0024345721	-0.0029819775	0.0306482635	-0.040558739	-0.0113227445	-0.0884782721	0.0332714524	0.0802246594	-0.0531726956	-0.0670341672	-0.0046409225537757	-0.0205834014910094	0.00042367641694	2.153816215014397e-05	0.1693590839531253	0.0177472546107252	0.0003149650462179	0.0286824993174417	0.0179800577070352	-0.0194374052552178	0.0003232824751483	0.0003778127230555	-0.0095142910112188	-0.000471021235643	2.218610044267519e-07	9.052173344615884e-05	0.00348902994371	6.389147637530027e-05	1.2173329948105006e-05	4.082120753415552e-09	0.0006431140287108	-6.888215952800055e-06	4.744751901240917e-11	4.135956539246357e-07	0.0	0.0	0.0	0.0	0.0	0.0
2587.6699838263607	16.710697712456295	6696035.945195918	279.247418037092	3249.7735674337378	25.10608659053878	10561028.239591002	630.3155838916311	3027.6930910824267	6.678551235082068	44.60304659961622	9166925.45378826	3108.399547171085	2365.5521451574946	1.434427	23.71059	0.185248291468441	0.0874728824021031	0.0833186435	0.0624609246	-0.0344960642	0.0495157608	0.1222357091	0.0101901612	-0.0379559534	-0.0769739355	0.0564336813	-0.1075865399	-0.0892859735	-0.1501347265	0.0391078877	-0.0575719958	0.0687413807	0.0715191783	0.1564658584	-0.063260607	0.0444092751	-0.0087555524	-0.0129594746	0.0301249472	-0.0184446464	0.1108433543	0.004826913	-0.0636609511	0.0771654312	0.0919263315	0.0145134919	-0.0620752694	0.0534457337	-0.1028346226	-0.0356406027	-0.0672215421	-0.0377607994	0.0138630738	0.0372480555	-0.0306838972	-0.072764016	0.0461811368	0.1152379399	0.0205680875	-0.0439872251	0.0290642872	-0.0674217454	0.0462047734	-0.0176455038	0.005092076	-0.1270726952	-0.0672794087	0.0946860202	0.0029993822	-0.1136075992	-0.0163371349	0.0010645208	0.1019727528	0.0566369492	0.0601775312	0.0018621339	-0.1266352214	0.0103869852	0.0396101181	0.0348796087	0.0150435379	0.035899783	-0.0801393244	0.1260758434	0.0014290427	-0.084985956	-0.0365011291	0.0881990742	-0.0807558398	0.0222464775	0.0628653531	-0.0419750559	0.0119425029	-0.0844409349	0.0469132553	0.1046371719	0.0124772052	0.0132306359	0.1344808723	-0.0458069891	-0.0393700305	0.0924512794	0.0300418718	-0.012403451	-0.0703088779	0.0859305269	0.0981504618	0.0498781597	0.0525683197	-0.0580655406	0.1325587353	-0.0621178982	0.1225673076	0.0225212686	0.0529620054	-0.0614945397	0.0685863382	-0.0297016044	0.0014847316	-0.0125074584	-0.0878597406	0.036583196	0.0778350419	-0.0579119187	-0.0619657467	-0.0320266630769197	-0.0273857405231439	0.0007499787840009	0.0010257071478425	0.1717824610775125	0.0024233771243871	5.872756687003171e-06	0.029509213933847	0.077180257757405	0.0592002000503698	0.0059567921874994	0.0035046636860038	-0.0101280383302689	-0.0006137473190501	3.766857716411854e-07	0.0001025771604193	0.0045143212873701	0.00102529134366	2.0379096685602835e-05	1.0512223393843328e-06	0.0003573732160102	-0.0002857408127006	8.164781204279938e-08	1.2771561552147306e-07	0.0	0.0	0.0	0.0	0.0	0.0
2584.2705401948533	-3.399443631507438	6678454.224918999	11.556217003796478	3235.1466839562163	-14.62688347752146	10466174.066712905	213.94572026499029	3027.5921142203674	-0.1009768620592694	0.0101963266713367	9166314.010089356	3107.3128024486787	2378.230468411855	1.199197	19.822327	0.158146440930564	0.1173813472356326	-0.0656816419	-0.0130606521	0.0822109741	0.006723645	0.1347886231	-0.021897876	0.0263055524	-0.0085886957	0.0116264003	-0.0845328478	0.1138318805	-0.0294104986	-0.0218680041	-0.029009385	-0.0395267588	-0.0223937123	0.1117026305	-0.1489245519	-0.0235949605	0.0496551847	0.0249600482	-0.0274715864	0.0831476442	-0.0421745911	-0.0433117335	-0.057409539	0.0536707795	-0.1300560769	0.0129685692	0.0586477722	0.0657295666	0.0227821803	-0.0758501595	0.0232459364	-0.0351074205	-0.0635780066	-0.0398949537	0.1156479427	0.0082482256	-0.0742295093	0.0609249554	-0.1228543218	-0.0586592931	0.0641973766	0.0553853482	-0.0198094407	-0.0304818451	-0.0075034996	-0.0215987179	-0.1179390074	-0.00831485	-0.0800336471	-0.0821099546	-0.1077481813	0.0817147157	0.0841798863	0.0568657932	-0.0504184139	0.0050881986	0.0497236302	0.003842912	0.048919241	0.0268510709	-0.0054437592	0.0064318175	-0.0485055566	-0.1818798967	-0.0998320219	-0.0076378343	0.1229495092	0.0777914551	0.0349926818	-0.0297683765	0.0319593497	-0.0045776837	-0.0105461011	0.0225490771	0.002929958	0.1100624169	-0.0204978328	0.0705018727	0.0073359639	0.0193314629	-0.0396750012	-0.0264029839	-0.0869782502	-0.0122289521	0.1083150195	-0.0162105001	0.0420250974	0.041298742	0.0477630374	-0.0628173199	0.0886252004	-0.1457269371	-0.0189256062	0.0748176245	0.0588311086	-0.0086281087	0.0689220238	-0.0124318189	-0.0096242166	-0.0136900291	-0.0871809944	0.0398385309	0.075232084	-0.062403154	-0.0565152869	-0.0270134308509142	0.0050132322260054	2.513249735186001e-05	0.0007297254463371	0.171076849507358	-0.0007056115701545	4.978876879359015e-07	0.0292672884373632	-0.0372652641472228	-0.1144455219046278	0.0013886999119622	0.0130977774840226	-0.0097831092208523	0.0003449291094165	1.189760905229287e-07	9.57092260271253e-05	0.0045308209540162	1.6499666646099982e-05	2.0528338517352263e-05	2.722389994324242e-10	-4.083951252262588e-05	-0.0003982127285328	1.5857337716555809e-07	1.667865783085716e-09	0.0	0.0	0.0	0.0	0.0	0.0
2578.8987648265165	-5.371775368336785	6650718.839223732	28.8559706078698	3208.047188788104	-27.0994951681123	10291566.765491256	734.3826383665418	3028.150189920437	0.5580757000693666	0.3114484870079136	9169693.572715178	3107.994590467088	2371.3619185260127	1.196017	19.769762	0.1681112590091976	0.103839500940018	-0.0254348855	0.0558632159	-0.0676595206	-0.0011715021	0.0373966633	-0.0603980409	-0.1017530542	0.044458172	-0.040996484	0.0310130015	0.0338849348	-0.0575039899	0.0498997546	-0.0196907377	0.0510611527	0.0631512591	-0.0237317879	-0.0708570221	-0.0731883414	-0.000538538	0.0200730985	0.0512008011	-0.0982692025	0.0773103001	-0.0595805475	0.046372437	-0.0074668869	-0.1456500353	0.005008042	-0.0157840972	0.0486778966	0.1345445138	-0.1098247253	-0.0541856131	-0.0750615927	0.0585874785	-0.0718749466	-0.1200331187	-0.0615975116	-0.0874408346	-0.044217757	-0.0027355661	-0.1074329503	0.0899320377	0.0118339699	0.0625642102	0.026091911	0.0281263608	-0.0329190721	0.0436768384	0.0582595191	0.0563438731	0.0152464088	-0.0984463359	-0.0853378319	0.0471505344	-0.031637693	0.0230868476	-0.04801234	-0.0451485965	-0.0174595976	-0.0301251601	-0.0691437497	0.0237162406	0.0183081952	0.0464394129	-0.1530510856	-0.02609783	0.0824330559	-0.0022904977	0.0406449735	0.0017545832	-0.0507981959	-0.13273491	0.1357901108	0.100333688	0.0114230004	0.0545046782	0.045804029	-0.0266699248	-0.0068274857	0.0306463538	-0.0073947356	0.0304532071	0.0282288044	0.0509470912	-0.0029944474	-0.0479243051	-0.1185139239	-0.0854078433	0.0006352491	0.0033417884	-0.0064571232	0.0432579307	-0.021738213	0.0286870957	-0.0093277081	0.0696896582	0.0276815638	0.0419616729	0.0302744674	-0.0801222069	-0.0148702542	-0.0864424987	0.0430324377	0.0724229201	-0.0666271694	-0.0507163915	-0.0281618922228119	-0.0011484613718976	1.3189635227411394e-06	0.0007930921735692	0.1705209226393265	-0.0005559268680314	3.090546825993041e-07	0.0290773850577671	-0.0128199098872556	0.0244453542599672	0.0001643500895173	0.0005975753448952	-0.0104142012924669	-0.0006310920716145	3.982772028548067e-07	0.00010845558856	0.0027227083558254	-0.0018081125981908	7.413140790881452e-06	3.2692711677362854e-06	0.000359186147858	0.0004000256603806	1.6002052896295582e-07	1.2901468881306902e-07	0.0	0.0	0.0	0.0	0.0	0.0
2576.264377385304	-2.6343874412123114	6637138.142184489	6.93999719041715	3235.592703790021	27.54551500191701	10469060.14481922	758.755396720835	3026.281773292214	-1.8684166282228036	3.4909806966194696	9158381.371360669	3106.8546580213183	2361.3802891781456	1.076049	17.786732	0.0846035843365133	0.0391376542284282	0.0617918637	-0.0561123306	-0.0221096228	-0.0004077979	0.0646534383	-0.06859278	0.0439824559	0.0303457181	0.0317620963	0.0215107118	0.0201606685	-0.0231339873	-0.0298763055	-0.0137394151	-0.0234503631	-0.0864039501	-0.0213468944	-0.012716806	0.0845573653	-0.0690630079	-0.0230588706	-0.0647778091	0.0242836204	-0.0178187561	-0.0747847692	0.0940849075	-0.0528184975	0.0066642631	-0.0531033821	-0.1035082449	0.0781053518	-0.0953139979	0.0357818782	-0.0612594887	-0.0761549928	0.0245056074	0.1102385857	0.0069901971	0.0590241311	-0.0221474481	-0.0082320395	-0.0374079121	0.0309268014	-0.0192769367	0.0278555092	0.0201361693	0.0383577445	0.0344903694	0.0356037516	0.0131325509	-0.0892160374	0.0148968869	-0.0847277716	0.0446090339	0.0241664445	-0.0588494199	-0.0110851797	0.0360337893	-0.0781140203	0.0510768244	-0.022755915	-0.0676020116	-0.0392703238	0.1072385039	0.0337353707	-0.0005730912	0.0669197947	0.0013076477	-0.1119647715	-0.0180189785	0.0524345921	-0.0588181466	0.0213704277	-0.0510665477	-0.0061518063	-0.0333821318	0.0746691176	-0.0610854462	0.0683672254	-0.0104767791	-0.0254117855	0.000706355	0.0091098113	-0.0357181071	-0.0573306015	-0.023424034	0.0491626913	-0.0195452236	0.1022745776	0.0121782386	-0.0173089716	-0.0764231829	-0.0687010904	0.0296803824	-0.0012331705	0.0434374599	-0.0158960517	-0.0636798658	-0.0146352813	-0.0718925756	0.0140221371	0.0349199252	-0.0160479313	-0.0856447597	0.0461599916	0.06941525	-0.0705658771	-0.0446048127	-0.0134224379425802	0.0147394542802316	0.000217251512479	0.0001801618403224	0.1544842531547061	-0.0160366694846204	0.0002571747681589	0.0238653844727673	-0.0084164693152644	0.0044034405719911	7.083695573478721e-05	1.9390288871058176e-05	-0.0107335596755626	-0.0003193583830957	1.0198977685350085e-07	0.0001152093033088	0.0032350112700798	0.0005123029142544	1.046529791754332e-05	2.624542759535512e-07	0.0002023670452147	-0.0001568191026433	2.4592230953849857e-08	4.095242098892843e-08	0.0	0.0	0.0	0.0	0.0	0.0
2573.412443011924	-2.851934373380118	6622451.6018486	8.133529670067047	3254.6251303081863	19.032426518165263	10592584.738833578	362.2332591693605	3024.7976512323858	-1.4841220598282234	2.2026182884687686	9149400.830900958	3107.279966703374	2389.299632275864	1.209391	19.990833	0.1238252979079577	0.0652920199628322	-0.0985094003	-0.0612148925	0.0029969968	0.0504162705	0.0696027286	-0.0358380182	0.1160703954	0.0324816965	-0.0684488667	-0.0632690712	-0.0919868898	0.0435042311	-0.0302525399	-0.038058223	-0.0418998838	0.0743867776	-0.1022804704	-0.093775996	-0.0984117414	0.057265025	-0.0322535694	-0.017289363	-0.0176045468	-0.1069163058	-0.0616193814	0.0136264805	0.0145953712	0.0545770301	-0.0837936379	-0.0317102194	0.1168063542	-0.0088796026	-0.0249912876	-0.0120854138	0.0510903213	-0.0095571153	-0.1029413777	-0.0705900948	0.0925837846	-0.0156680754	0.0793250993	0.0913139348	0.0753364361	-0.0514740853	-0.0300468082	-0.0884102302	-0.0378672623	0.0876870655	0.0654255972	0.0466110671	0.0634187555	-0.0476308322	0.031807255	-0.1273889493	0.0426154906	-0.0307423058	-0.0490220076	0.0160721316	0.030264166	0.0454647399	-0.0912310542	-0.0294483949	0.104396221	0.0029175177	-0.0387684245	0.0003968771	-0.0033429666	0.0138664171	-0.0765300006	-0.0585009666	0.0733239652	-0.0661399825	-0.0163370778	0.0232876022	0.012246326	0.0396677444	0.0622036935	0.1253922274	0.0740788921	0.021885715	-0.0555881007	-0.0050519494	0.0331785092	0.0601767501	0.0530561292	0.0269620109	-0.1414271384	0.0427310719	0.040745134	0.0441913333	0.0115543752	-0.0750019648	-0.0134299779	-0.0101016353	-0.0149436194	-0.0253055009	0.0005151596	0.0211405703	-0.0169410117	-0.0022679704	0.0040038055	0.0213786166	-0.0172228587	-0.084788324	0.0492163702	0.0662173176	-0.0742024108	-0.0382182304	-0.0108602415299827	0.0025621964125975	6.564850456727501e-06	0.0001179448460895	0.1509471319778441	-0.003537121176862	1.251122621980563e-05	0.0227850366523366	0.0375264373099639	0.0459429066252283	0.0014082334971786	0.0021107506691744	-0.0115514214182403	-0.0008178617426776	6.688978301358019e-07	0.0001334353367817	0.0037181902452902	0.0004831789752104	1.38249387001712e-05	2.334619220853725e-07	0.000336987801192	0.0001346207559773	1.8122747939899762e-08	1.1356077815221895e-07	0.0	0.0	0.0	0.0	0.0	0.0
2575.1799694891065	1.7675264771824004	6631551.875257916	3.1241498475408265	3214.3446898665165	-40.280440441669725	10332011.785273071	1622.513882174902	3027.4322721329204	2.634620900534628	6.941227289533895	9165346.162351895	3109.0212689338846	2349.875534649371	1.275282	21.079981	0.1147509843492373	0.0619967573339595	0.0675793564	-0.0081810988	-0.0602682563	-0.005015326	0.0939345216	-0.0308878914	-0.0361457578	0.0704580363	0.0554906991	-0.0055432307	-0.0186838806	0.0052458731	-0.0822262816	-0.0028189357	0.0536927155	-0.0725580357	-0.0147707762	-0.0689529205	0.0788411231	-0.0320418736	-0.0732334971	0.0070144668	-0.0320965905	-0.0687768326	-0.0018480405	0.0624752583	0.0743375854	-0.0239824224	0.0694584704	-0.0638544701	0.0548697134	-0.0570408702	0.0395975984	0.0789400749	0.122033401	0.0696685287	0.0740224299	0.1113614063	0.0405588784	0.0924460925	-0.0806871999	-0.0699354078	-0.1367582716	0.0214407137	-0.0961714061	0.0133007502	0.0424315832	0.0153165366	-0.0294539167	0.0411769846	-0.0821905376	0.0107018857	-0.1073763308	-0.0136280342	-0.0085415997	0.0361660215	-0.0211271677	0.039100375	0.0022040693	0.0325634717	-0.0871761618	0.0409319064	0.001182662	-0.0036454895	0.1079768566	-0.0644982593	0.0156548586	0.0567680273	-0.0210071442	-0.0136984655	0.0592324014	0.1322716319	0.0851841255	0.1119706458	-0.0971088752	-0.0577226923	-0.051230291	-0.0274447865	0.074247929	-0.0045244115	-0.0311900938	0.0143657426	-0.0223559062	-0.0833124076	-0.0264619584	0.002440914	0.0051767567	-0.1004077152	0.0488666231	0.0962475737	-0.0031523065	0.024641557	0.0333186644	-0.0171254574	-0.0742616621	0.0087296174	0.0649675926	-0.0434382126	-0.0206477036	-0.0096333878	-0.0415250804	0.0770856449	-0.0183948351	-0.0838737786	0.0521968607	0.0628378881	-0.0775211985	-0.0315960199	0.0008267451700589	0.0116869867000416	0.0001365856581269	6.835075762157196e-07	0.155679972698806	0.0047328407209619	2.239978128999532e-05	0.0242362538995009	-0.0164115754152049	-0.0539380127251687	0.0002693398076089	0.0029093092167404	-0.0117265304663446	-0.0001751090481043	3.0663178727994575e-08	0.0001375115167781	0.0031373623544956	-0.0005808278907946	9.843042543406176e-06	3.3736103872490414e-07	0.0004689137463544	0.0001319259451623	1.7404455006992566e-08	2.1988010152011857e-07	0.0	0.0	0.0	0.0	0.0	0.0
2577.3094164572394	2.1294469681329247	6642523.828159156	4.534544390090505	3232.8237353365844	18.47904547006783	10451149.303755589	341.4751214848344	3029.475216356523	2.042944223602717	4.173621100751709	9177720.086518403	3109.775002207655	2389.6200169698022	1.19804	19.803192	0.1083987060137657	0.0491871206128093	-0.1006572002	0.0080659183	-0.0239378671	0.0325565419	0.0789242886	-0.0307531794	0.0095293853	0.0413416699	-0.0601954202	-0.0588667938	-0.0081176387	0.0383905949	-0.1017879349	0.0350847081	-0.0640043214	0.0191802206	-0.0335462974	-0.0857622617	-0.114619067	0.0444692417	-0.0608763936	0.0081848975	-0.0689793502	-0.0285889039	0.0155761615	0.0091499281	0.065406123	0.0047344574	0.0776970841	0.0790384318	-0.1150971947	-0.0134040205	-0.0895382763	0.0757984998	0.0156933471	0.0077308247	0.0822095952	0.0317282927	-0.0363389742	0.0523952462	-0.0255433836	0.0232353016	-0.0347049534	-0.0324587066	-0.0749270114	0.03287489	-0.1255251451	-0.0138031212	0.065016993	-0.0066508085	0.0300390612	-0.0500030873	0.0335349736	-0.1249937776	0.01677715	0.0348646743	-0.059418054	0.0254528189	0.0417421487	-0.0458719314	-0.063066096	0.0632656883	-0.0035040593	0.0084548625	0.0893014369	-0.0096125124	0.0997966835	-0.0737344805	0.0906834719	0.0721611094	-0.0721937688	0.1049186583	-0.0727429453	0.1026952211	0.0782591761	0.056676219	0.0009288157	-0.0459282581	0.081598983	-0.0034257785	-0.0209288798	-0.0253104559	-0.0187297973	0.070434831	-0.0331438894	-0.030552383	-0.1141412057	-0.0055221404	-0.0345944223	-0.0172788744	0.0002613924	0.0316064435	0.1011419536	-0.0621135962	-0.0678421142	0.0001893087	0.0201589516	0.0376265892	-0.0403415903	0.0026577541	0.0172790785	-0.0112790738	-0.0195636596	-0.0829017503	0.0550968674	0.0592862243	-0.0805080284	-0.0247790096	-0.0335239300539029	-0.0343506752239618	0.0011799688883421	0.0011238538862589	0.1801914396321109	0.0245114669333048	0.0006008120112224	0.0324689549166926	-0.031779190636314	-0.0153676152211091	0.0010099169574991	0.000236163597584	-0.0118366307430985	-0.0001101002767538	1.2122070941285251e-08	0.0001401058273484	0.0034280214172741	0.0002906590627785	1.175133083728993e-05	8.448269077527614e-08	0.000186294113179	-0.0002826196331754	7.987385705619767e-08	3.4705496605150055e-08	0.0	0.0	0.0	0.0	0.0	0.0
2574.28349566537	-3.025920791869339	6626935.516055117	9.156196638667168	3205.768361846362	-27.055373490222337	10276950.789815107	731.9932346954256	3026.6573971239336	-2.8178192325895	7.940105227551277	9160654.999565024	3105.361384744847	2357.1952775020018	1.206088	19.936222	0.1490370056398518	0.0920554105281785	0.0383897354	-0.0639224053	-0.022068759	0.0739055191	0.0495957021	0.0056842279	0.0223954507	0.0732471698	0.0609219925	0.0467655739	0.0548279481	0.0524755578	-0.109273036	-0.0342033535	0.0978737642	-0.031683596	-0.0086483675	-0.0516465099	-0.0123938564	0.0054452917	-0.1046521358	-0.0512814862	-0.0029604269	0.0355135544	0.110902878	-0.0917424415	0.0562628079	0.0981361583	0.1194611486	0.078607215	0.0307177342	0.0246996233	-0.0097044364	-0.0186313188	0.0175737749	-0.0377190104	-0.0160342168	-0.0371227093	0.0168571209	-0.2099422595	0.0166159524	-0.0466258918	-0.0815433949	-0.069540067	0.0216519653	0.0109356159	0.0635574548	0.0565767297	-0.080643254	0.0445543513	-0.0262269184	-0.0307368041	-0.0827054583	-0.0234743499	0.022485279	-0.0111721688	-0.0291162181	0.0146444675	0.0824959746	-0.1321111849	-4.83736e-05	-0.0351284272	0.0788048961	-0.1582750016	0.1176280834	-0.0754500244	-0.0528289926	-0.0112473286	0.0447184933	-0.0513750005	-0.0268567117	0.021437211	0.0021191249	-0.1362238703	-0.0362626643	-0.0195418479	0.1100632933	-0.0482942393	0.1027683895	0.0739033563	-0.0587937394	-0.0022632271	0.0267542789	0.0069266061	-0.0721090332	0.1423098467	0.033392193	-0.0273511374	0.0826835613	-0.0156385868	-0.0874427499	0.0232817685	0.0973447714	-0.0724731892	-0.0667556073	0.1293820378	-0.0127495409	0.0268420717	0.0376774934	0.0469441977	-0.036082368	-0.0224225522	-0.0207291319	-0.0818729053	0.0579119187	0.0555720611	-0.0831501106	-0.0178092284	-0.0355155750522442	-0.0019916449983412	3.9666497994179135e-06	0.0012613560712915	0.1963415796122802	0.0161501399801692	0.000260827021379	0.0385500158846453	0.0015485295292023	0.0333277201655163	2.397943702811497e-06	0.0011107369314309	-0.013499305280446	-0.0016626745373474	2.7644866171437207e-06	0.0001822312430546	0.003714908967566	0.0002868875502918	1.3800548637302284e-05	8.230446651248728e-08	0.0001880820354561	1.7879222771000156e-06	3.1966660689505048e-12	3.5374852061309664e-08	0.0	0.0	0.0	0.0	0.0	0.0
2571.0784491776594	-3.2050464877106606	6610444.391825798	10.272322988386442	3224.6643388432226	18.895976996860558	10398460.098207198	357.0579466658832	3026.422049867595	-0.2353472563386276	0.0553883310661197	9159230.423924776	3110.063327740608	2342.853228751312	0.937782	15.501213	0.0626254479332411	0.0307343807954541	0.0409622346	-0.0373122471	-0.0665369335	0.029165362	0.0861806829	-0.0398760716	0.0213762491	0.0812835216	0.0263253934	0.031651344	-0.0682830381	0.0026950413	-0.0010419478	-0.0089702654	-0.0917019137	-0.0408322536	0.0295134242	-0.095540458	0.0593290641	0.038365577	-0.095397027	-0.0189550669	0.0045851135	0.0832783562	0.1654541063	0.0736398048	0.0521658766	0.0367785592	0.0472245393	0.0570547911	0.0140179723	-0.0756481905	0.0184345764	-0.1336804012	0.0372289376	0.0865642499	-0.0286924536	0.1731398784	-0.0950568662	-0.0768974189	-0.0598746286	-0.0443188889	-0.0859075492	0.0182251698	0.0465635016	0.0150893501	-0.0832362252	0.0290616364	0.0977151359	-0.032616701	-0.0397923857	0.0691785272	-0.0941431121	-0.0608501987	0.0577181039	0.0869699066	0.0324002403	0.154604819	0.0738642212	-0.1069981742	-0.0403934718	-0.008656236	-0.0257310696	-0.0945634921	0.0396689876	-0.0465994844	-0.0048088416	-0.067260384	-0.0659313466	-0.0838140418	0.0017869253	0.0715044778	0.092337313	-0.0463435204	-0.0899013391	-0.0213274734	0.0221980109	0.050288348	0.1269956502	0.0533790221	-0.0590829922	-0.0313697801	0.0005648058	0.0849133858	-0.0775905621	-0.0188123825	-0.0229377248	-0.0738886538	0.0923492237	-0.0230423871	-0.0495376915	-0.0758592789	0.0299394798	-0.0744099846	-0.0643390897	0.1068428165	0.0165885298	-0.0139214849	-0.02803039	0.0259678899	-0.1109215376	0.0845370233	-0.0218910524	-0.0807879487	0.060637674	0.0517055788	-0.0854361313	-0.0107296473	-0.0345314411760426	0.0009841338762016	9.68519486287591e-07	0.0011924204296944	0.1849440928952077	-0.0113974867170724	0.0001299027034658	0.0342043174968312	-0.0131874728564298	-0.0147360023856321	0.000173909440339	0.0002171497663093	-0.0132351825951862	0.0002641226852597	6.976079286884677e-08	0.0001751700583279	0.0040889243478619	0.0003740153802958	1.671930232253786e-05	1.3988750469788666e-07	0.0001160636019251	-7.2018433531e-05	5.186654768259065e-09	1.3470759691828076e-08	0.0	0.0	0.0	0.0	0.0	0.0
2571.603109139152	0.524659961492489	6613142.550934153	0.2752680751933	3248.324812625815	23.66047378259236	10551614.088320537	559.8180196167406	3023.845493059217	-2.5765568083779726	6.638644986798885	9143641.56589454	3106.086837573762	2376.548197231134	1.21523	20.087336	0.1876616178963004	0.1037271678165462	-0.0849350325	-0.0720409999	-0.0085110045	0.0653896213	0.1394515036	-0.0170123714	0.1054856702	0.045104314	-0.0297891592	-0.1053782402	-0.020749766	-0.0872534556	-0.1336297246	-0.0807562903	0.0590681309	0.0736968789	0.0039075748	-0.0626168027	-0.0568172171	0.1254708164	-0.1103967297	-0.0816493214	0.0541870436	0.0919659941	-0.0155009112	-0.05668402	-0.0305808879	-0.0085706142	0.0123768665	0.122870218	0.0032924381	0.0074305832	-0.0275006561	-0.0712022828	-0.0616628056	0.0096968306	0.0462509106	0.0526127847	-0.0303252511	0.0244763656	0.0944065084	-0.0954457045	0.0238363669	0.0038776778	-0.0616998251	0.0608909743	0.1041707076	0.0912128949	-0.0849692201	0.0234538676	0.0599895922	-0.1145489321	-0.0112383533	-0.0664316654	0.0994227251	0.1150986689	-0.0641172511	-0.0056718646	0.0501833077	-0.0857809219	-0.029390174	-0.0382118029	-0.0285496839	-0.0794779503	-0.0399093211	-0.0439930303	-0.0061274489	-0.1018855436	-0.1258056017	0.0367510646	-0.0843905067	-0.0596034487	-0.070941535	-0.0547152371	-0.0503680119	-0.0209304895	-0.0735740319	0.0128612576	0.1044613401	0.0119636854	-0.0216411205	0.0508890737	0.0307688664	-0.0129160705	0.0275274881	0.0968561785	-0.1309345519	0.0399505128	0.0620580866	0.0228009369	0.0857038895	-0.0203643379	-0.0338960977	-0.0104931076	-0.1032145028	0.0673873945	0.0152263693	0.020123585	-0.0160232679	-0.0139900286	-0.0689752784	0.0240673578	-0.0230492221	-0.0796476241	0.0632699305	0.047697375	-0.0873563013	-0.0035839144	-0.0223102776342329	0.0122211635418097	0.0001493568383156	0.0004977484881165	0.1747493613884785	-0.0101947315067291	0.0001039325504942	0.030537339305681	0.0635991565968367	0.0767866294532665	0.0040448527198289	0.0058961864627932	-0.0119829689962211	0.0012522135989651	1.5680388974331284e-06	0.0001435915459643	0.0037921266293734	-0.0002967977184884	1.4380224373202865e-05	8.808888569997873e-08	0.0003362341523614	0.0002201705504363	4.8475071279423327e-08	1.1305340521418917e-07	0.0	0.0	0.0	0.0	0.0	0.0
2568.297037468554	-3.306071670597703	6596149.6726697525	10.930109891128684	3214.510054699482	-33.81475792633273	10333074.891764067	1143.4378536164822	3023.3302250961583	-0.5152679630587045	0.2655010737546665	9140525.649979988	3102.593018876745	2358.741207302442	1.218511	20.141569	0.1542974834524861	0.0810831580325299	-0.0364154986	0.0494424433	-0.1519896921	0.0170662302	0.0746852374	-0.0053560515	-0.0783394896	0.1360586381	-0.0360664671	-0.0411295837	0.0257389385	-0.0052716635	-0.070434594	-0.0579592719	-0.0335411101	-0.0913480998	0.0482161027	-0.0749796782	-0.0048944766	0.0517462413	-0.0689493804	0.06105633	-0.0964496227	0.082629063	-0.0644016048	0.0880885502	-0.0367446238	-0.0260187054	-0.0202204751	0.0228036044	0.0067978653	-0.0843437295	0.0154626795	0.0141010203	-0.0963643499	0.0173479191	0.0327172114	0.0863387999	0.0622097681	0.1389185447	-0.0104123718	-0.0399780982	-0.0178156935	0.0212219565	0.0269055769	0.003917049	-0.1306172245	0.040776515	0.0088504723	-0.0730382642	-0.0832011706	0.0469309926	-0.0542705419	-0.0511219146	-0.0165833442	0.1360805527	-0.1162734159	0.0531098561	-0.0796369982	0.0134080678	0.0388575862	-0.0328980313	-0.0231214566	-0.0344184266	-0.0349109997	0.0092675822	0.0435502387	0.0092882118	-0.0713848653	0.1442415813	-0.0124235671	0.0202959642	-0.0682029645	-0.0055199925	0.0255203029	-0.0406136086	0.0210390775	-0.0157530414	0.1003977167	-0.0309154428	-0.0348251723	0.0354575744	-0.0301921912	-0.0050587826	-0.1351279077	-0.0474945035	-0.0504541039	-0.0981006118	-0.0165614589	0.0369339942	0.0311939431	0.0096321079	0.0182112105	-0.0356784295	0.0325664983	-0.0552220525	-0.0143490143	0.0068951472	-0.0545744987	0.0562620651	-0.0521322627	0.0462106177	-0.0242034423	-0.0784527129	0.0658046293	0.0435584361	-0.0889023983	0.0035839144	-0.067079867411536	-0.0447695897773031	0.002004316168828	0.0044997086119492	0.1705625377265107	-0.0041868236619677	1.7529492376413395e-05	0.0290915792757073	0.0281368280430314	-0.0354623285538052	0.0007916810923231	0.001257576746458	-0.0121176461507247	-0.0001346771545035	1.813793594518624e-08	0.0001468373482341	0.0026175974558249	-0.0011745291735485	6.85181644074099e-06	1.3795187795165223e-06	0.0002478656512253	-8.836850113610003e-05	7.808991993040913e-09	6.143738105734205e-08	0.0	0.0	0.0	0.0	0.0	0.0
2570.852104288448	2.5550668198939093	6609280.542124342	6.528366454122774	3217.701194341929	3.1911396424466147	10353600.976069476	10.183372217594307	3022.384615658252	-0.9456094379061142	0.8941772090571172	9134808.76496768	3101.5236342409826	2324.843311721929	1.084748	17.930517	0.0665274005061702	0.0311235307106887	0.0530912419	-0.0923857501	-0.0566737187	0.0483738188	0.0776113649	0.071255965	-0.0232805002	0.0423227449	0.1084622015	-0.0394205271	0.0473737663	0.0359061776	-0.0496143545	-0.0954709758	-0.0068258955	0.1023825072	0.0689381917	-0.0632901317	-0.0044888448	-0.0130654036	-0.0646504004	0.0053662614	0.0526158282	0.0080716262	-0.0675660475	0.0096223512	0.0221481774	0.0131542381	0.0321993574	0.0199417033	0.0109063079	0.0070043435	0.005848837	0.0536111951	-0.0188094907	0.0442445262	-0.0190418804	0.0090598783	0.0539530485	-0.0788091964	0.0441963659	0.0053842012	0.026731554	-0.1243258202	-0.0544644462	0.0354261261	0.0433388268	0.077518326	-0.043575318	-0.0605348188	0.1139140335	-0.0515864905	-0.0765084049	-0.0165016134	0.0263510287	0.008846397	-0.0276358165	0.0383149829	-0.0244071236	0.0482284429	-0.0267667578	-0.0106491553	0.0057206722	-0.0253086303	0.0630345557	-0.0302830997	-0.0274447631	0.0479679721	0.0644019837	0.0558660184	-0.0941817404	-0.0136484531	-0.0364513383	-0.0628285742	-0.0341491811	0.0339065744	0.0358837881	0.0464464834	0.094584008	-0.0220336783	-0.0559565299	-0.0067343445	0.0469080573	0.1003601607	-0.018342626	0.0978317032	0.0523978671	0.0012377382	-0.0154522481	0.0268507154	0.0242199919	0.1039264104	0.0062398516	-0.055415527	0.0095484487	-0.0126487663	0.0395642402	-0.0684715986	-0.0249425117	-0.0031147458	0.0527933654	-0.0102203566	-0.0253535154	-0.0772040342	0.0682378621	0.0393001065	-0.0900678015	0.0107296473	-0.0521080145770866	0.0149718528344494	0.0002241563772964	0.0027152451831658	0.1810790468399261	0.0105165091134153	0.0001105969639325	0.0327896212044561	0.008837645154756	-0.0192991828882754	7.81039718813822e-05	0.0003724584601551	-0.0124300617531319	-0.0003124156024072	9.760350862745394e-08	0.0001545064351866	0.0026531095147586	3.5512058933700064e-05	7.038990097302615e-06	1.2611063297105862e-09	0.0001609961991656	-8.686945205969997e-05	7.546301701152513e-09	2.5919776145769544e-08	0.0	0.0	0.0	0.0	0.0	0.0
2581.448595720294	10.59649143184606	6663876.852346279	112.285630665187	3223.31749926608	5.616304924151336	10389775.701074935	31.54288100104655	3028.2967821366947	5.912166478442487	34.953712468819035	9170581.40069946	3106.519899668592	2359.1536549068883	1.198961	19.818417	0.223101166154482	0.1062454710216719	-0.0443186148	0.0811280446	-0.0294339376	0.0440806906	-0.0122365376	0.0459037178	-0.097628174	-0.0164344901	-0.0585639232	-0.0475331074	0.034752599	0.0793550369	-0.028972183	-0.0155187421	0.050079472	-0.0701399934	0.0904762844	0.0923109788	-0.0593444453	0.0575283259	0.0344571794	0.0533050966	-0.0628909717	-0.0684169157	-0.100705006	0.0506883883	0.0058886138	-0.0505611533	0.038377532	0.051027634	0.006414321	-0.0239282225	-0.0171859985	0.0015331583	-0.0327987574	0.0501874115	0.0558957382	0.001089707	0.0635291694	-0.0408273293	0.0029146863	0.0335754387	0.0477643228	-0.0449824565	0.0276902056	-0.0108530282	-0.0136611548	-0.0420269264	-0.0870858383	-0.0718945307	-0.0527831485	0.0741686627	0.0839869018	0.0297352667	-0.0151291929	0.0425151733	-0.0637109668	-0.0261819102	-0.0481289966	0.0891076844	-0.041691277	0.0214119317	-0.0178423144	0.0350749214	0.0901083247	-0.0520564214	-0.0329233383	-0.0572804064	0.0100496491	0.0363731053	-0.0979772109	-0.0561442085	-0.0048976346	-0.0349282117	0.0185631266	0.0315804528	0.0942857164	-0.0055435756	0.0072068124	-0.0048837495	-0.0063747126	-0.0056044456	-0.0846912932	-0.0703777749	-0.0922706853	0.0127090916	-0.0307976471	-0.0294470879	-0.0472238853	-0.1004818741	0.0135697355	0.0360472044	-0.0571911253	-0.0892093844	0.0681814188	-0.0237811463	0.0419462988	-0.0640900239	0.0190659191	-0.0582254396	-0.0187692384	0.0460230834	-0.0264992443	-0.0759024438	0.0705658771	0.034934058	-0.0908475206	0.0178092284	0.0106503024143052	0.0627583169913918	0.003938606351592	0.0001134289415161	0.1655601873735861	-0.0155188594663399	0.000240834999136	0.0274101756431769	-0.0236084983742443	-0.0324461435290003	0.0005573611954866	0.0010527522299044	-0.0124534429528659	-2.338119973399957e-05	5.466805010011816e-10	0.0001550882413802	0.0016251099729913	-0.0010279995417673	2.640982424315784e-06	1.0567830578737791e-06	0.0013571723810193	0.0011961761818536	1.4308374580340957e-06	1.841916871801596e-06	0.0	0.0	0.0	0.0	0.0	0.0
2581.4336912044355	-0.0149045158586886	6663799.902085356	0.0002221445929819	3235.6957502306605	12.378250964580277	10469726.988060756	153.2210969421325	3032.0074953418566	3.710713205161938	13.769392490963178	9193069.4518092	3110.1414862450133	2340.45425461534	1.100693	18.194088	0.115269677447938	0.0596054016614535	0.094855776	0.0199672362	0.0042961917	-0.0034806966	0.0055301709	-0.0252638492	-0.0405679057	-0.0714828874	0.0712838573	0.0007184797	-0.0258390075	0.0504313029	-0.0273662079	0.084459248	-0.0563631	0.0632335999	0.014925123	-0.0160141606	0.0115983563	0.0008888664	0.0179681249	-0.0285415291	-0.1301078345	-0.1069577693	-0.0435153064	0.0512232199	-0.0290295505	-0.0709258357	-0.0569434986	0.0072429899	-0.0196078477	-0.1084526028	-0.0837938139	-0.1078175945	-0.0560811068	-0.0123991488	-0.0909318057	0.0070944641	0.0316806948	0.0459933447	0.1019869134	0.1369005408	-0.0376719388	-0.0252970678	-0.0928273414	0.0629474808	-0.0039956698	-0.081557134	0.0704414367	-0.0045733029	0.0808763729	0.0551329967	-0.0331925396	-0.0074720349	0.0364067491	-0.0799385201	-0.0750946662	0.0017551215	-0.0779031451	0.0964418209	-0.0572604512	0.0695306533	0.0554465807	0.0452484963	-0.0032901832	-0.0271440607	0.0644532432	-0.109806826	-0.0877080969	-0.0637718409	-0.037363977	0.0097613339	-0.0590046457	-0.0476734449	0.1658230452	-0.0063995741	0.0110647722	0.0689246289	0.00374459	-0.0983099259	0.0066256626	0.0143898695	-0.1055209762	0.1066389723	-0.0050290416	-0.0011265766	0.0216328821	0.0033358425	0.0714182374	-0.0144503713	-0.0108589763	-0.003191023	0.0447915776	-0.0388440109	0.0845547961	-0.0254864416	-0.0010845528	-0.0749556169	0.0284601393	0.0527788952	-0.0596598437	0.0497507086	-0.0276404327	-0.0745488335	0.0727850846	0.0304722578	-0.0912382167	0.0247790096	-0.0047401357189897	-0.0153904381332948	0.0002368655859347	2.2468886634442e-05	0.1609523297551618	-0.0046078576184243	2.1232351831670903e-05	0.0259056524536143	-0.0358447962152581	-0.0122362978410138	0.0012848494157133	0.0001497269848539	-0.0114323668886957	0.0010210760641701	1.0425963288213056e-06	0.0001306990126777	0.001316395983071	-0.0003087139899203	1.7328983842454645e-06	9.530432757251109e-08	0.0016880840040329	0.0003309116230136	1.0950250224549497e-07	2.849627604671748e-06	0.0	0.0	0.0	0.0	0.0	0.0
2582.824825664157	1.3911344597213429	6670984.080067082	1.9352550850241923	3234.808685489959	-0.8870647407015895	10463987.231721276	0.7868838541959782	3033.2959931730493	1.2884978311926716	1.6602266609882184	9200884.582199676	3110.0906486348904	2369.5644308919723	1.075191	17.772551	0.1509040675100349	0.1008785396390489	-0.0234864472	-0.0165997739	0.0994659451	0.0850210944	-0.0076313431	0.0311822627	0.0113847918	-0.0441770941	0.0822326701	-0.0791493275	0.0033016003	0.0835061385	-0.0698266414	0.0794262309	0.0936866828	-0.0404028614	-0.0367988873	-0.0120822812	-0.0897895981	-0.0527343121	-0.0317103437	-0.0743271247	-0.0104470638	-0.0651540588	-0.0113057978	-0.0627418644	0.0852656804	-0.0316301635	0.0319701893	-0.0667495543	-0.0131536094	-0.0179474925	0.0340760459	-0.0555276643	0.0817750729	0.034699351	-0.0419011636	0.0164232127	0.1111635112	0.0971462307	-0.0627195149	-0.0852321911	0.0572597173	0.0457453622	0.1609848678	0.050172234	0.0157181258	-0.0758048942	-0.0840530683	0.0376022048	-0.0450876065	-0.1054766764	0.0332481255	-0.0295631899	0.0285785399	-0.0888055348	-0.0147388015	0.0154564589	-0.0296531352	0.0371056126	-0.069619311	0.1595641363	0.0232289247	-0.0319660951	0.0284946228	-0.0583767676	-0.0115489375	0.0934614294	0.0266350677	-0.0597383146	-0.0646282508	0.0245787887	0.0203747145	-0.0347966973	-0.00054672	-0.0319745626	-0.055918565	0.0372530236	0.002349011	-0.0085770479	-0.0117837645	-0.0467083418	-0.0555406831	-0.0967936856	-0.0289311847	0.0548043725	0.0108732026	0.0991778525	-0.036279559	0.0292943042	-0.008412224	0.042126615	0.1299175114	-0.1056129411	-0.0077139459	-0.0725517272	0.0967112392	-0.0020033254	0.0315882914	0.0239052723	-0.0684851063	0.0519964931	-0.0287768851	-0.0731441312	0.0748920628	0.0259269352	-0.0912382167	0.0315960199	0.0188662069882639	0.0236063427072536	0.0005572594160123	0.000355933766124	0.1580635507088317	-0.00288877904633	8.345044378515766e-06	0.0249840860626834	-0.0547004776926343	-0.0188556814773762	0.0029921422598023	0.0003555367239762	-0.0133181608644098	-0.0018857939757141	3.5562189188395915e-06	0.0001773734088102	0.0013103550883737	-6.040894697299879e-06	1.7170304576268477e-06	3.6492408743865794e-11	0.001907314419203	0.0002192304151701	4.8061974935654446e-08	3.6378482936996775e-06	0.0	0.0	0.0	0.0	0.0	0.0
2578.311183767082	-4.513641897074649	6647688.560338412	20.372963175027635	3201.279292756063	-33.52939273389575	10248189.11022876	1124.220177103821	3027.932406372819	-5.363586800230223	28.768063363603883	9168374.65756269	3105.0604668799865	2352.720974993508	1.210567	20.010267	0.1863388051119727	0.0990722221454985	0.0192316581	0.0909031745	-0.0487976656	-0.0090363791	-0.0074799279	-0.0206257422	-0.1231357824	0.0169880236	-0.0230135889	0.0718214315	-0.0448305904	0.0788399554	-0.0999629931	0.038763157	-0.0775031814	-0.004170055	-0.0388225992	-0.0604556005	-0.0568632515	-0.0831406514	0.0471191681	0.0935479299	-0.0787380251	-0.0340802696	0.0328025453	-0.0176550347	0.0328417026	-0.0200165094	0.0545578821	0.0367168288	-0.1515691347	0.0016338967	-0.0038303114	0.0469418161	-0.0078344254	-0.0081046031	-0.0792203745	-0.0426818433	-0.0625975452	-0.0436949259	-0.0996112173	0.0608880473	0.0750670705	0.0903756385	0.0845177082	-0.0310201658	0.0831851139	-0.0397514317	0.0823968846	-0.026743605	0.0087394221	0.0660855763	0.018711503	-0.1100508561	-0.1190924803	-0.0808756936	-0.0212017351	-0.005819745	0.025369024	0.0190663615	0.0069593	0.0782097155	-0.0048939315	-0.0257670296	-0.0167228515	0.0304800348	0.000373836	-0.033999227	0.0988377871	0.0396005105	-0.0229486504	0.0581612005	0.0551530209	-0.0443958309	-0.0411918955	0.0008388454	-0.0734977556	-0.0475048679	0.0145833762	-0.0427409132	-0.0127663097	-0.0249853232	-0.0062686917	0.0764349575	-0.0534202872	-0.0737027125	0.0580027027	-0.0235544043	-0.1389382944	-0.121642134	0.0137803992	-0.0052555579	-0.0556137345	-0.0252172659	-0.0603975781	-0.0535773616	0.0400112815	0.1406340973	0.0635335903	-0.0827477656	0.0146014946	0.1698561576	-0.0299084066	-0.0716892996	0.0768835629	0.0213105486	-0.0908475206	0.0382182304	0.0058291331540374	-0.0130370738342265	0.000169965294159	3.397879332749801e-05	0.193773218285159	0.0357096675763272	0.0012751803584118	0.0375480601245878	-0.0150604163202103	0.039640061372424	0.000226816139738	0.0015713344656095	-0.0117223685198875	0.0015957923445223	2.546553206835979e-06	0.000137413923716	0.0016019581387267	0.0002916030503529	2.5662698782327127e-06	8.503233897517418e-08	0.0019789590709076	7.164465170459984e-05	5.1329561178734205e-09	3.916279004327471e-06	0.0	0.0	0.0	0.0	0.0	0.0
2579.2508435329582	0.9396597658760584	6652534.913865477	0.8829604756062488	3223.930377983608	22.65108522754508	10393727.082085531	513.071661985511	3025.8503483497293	-2.0820580230897576	4.3349656115124295	9155770.330608178	3103.4035701670546	2341.1519102059574	1.249272	20.650051	0.3975443781398498	0.1723567347238119	0.0878575233	-0.0449768314	-0.0112043252	-0.057991727	0.0573303222	-0.068388924	0.0064714615	-0.0568906144	0.0680405072	0.0269279687	0.0991323703	-0.0597635139	-0.0358919008	-0.0326837704	0.0742193889	0.0392812761	0.0220471757	-0.0372999063	0.1078825772	-0.0213750154	-0.0050054122	-0.0939794252	-0.0243914954	-0.0333562475	-0.0672446935	0.0200675101	-0.0276016474	-0.0410719541	0.0777074967	0.0062185342	-0.0555192377	-0.0811440391	0.0518764894	0.1076635472	0.0524517875	-0.0090994857	0.0995680222	-0.1105888362	0.0428435153	-0.0193077417	-0.0146680669	-0.005657912	0.0574644579	0.0202797444	0.0007700848	-0.0438079168	0.1214786387	0.0203364348	-0.0728212765	0.0332121111	0.0380435343	0.0379728	-0.10849605	0.0119370956	0.0523144074	-0.0828881482	-0.0686753917	-0.0565878226	-0.080523365	0.0358906731	0.0411144505	0.0490976124	-0.0894882052	0.0887821088	0.0357004639	0.0366852789	0.0620380482	0.002731238	0.0525444098	0.1252029917	-0.009131738	-0.0211696645	0.0851185458	-0.0383389012	-0.0962086292	-0.0869636858	-0.0529585413	-0.0703633522	0.0585283485	-0.2199578147	0.0690800204	0.0081806806	-0.0617363923	0.0423501606	-0.0906531031	0.1217182472	0.1476340345	0.0501432508	-0.0612930706	-0.032374697	0.0525233347	-0.014109308	0.0168150318	0.0561958239	0.0985117686	-0.0535845723	-0.06545585	-0.1596713827	-0.0474747136	-0.0550173645	-0.0213095519	-0.0446332039	-0.0310348036	-0.0701853358	0.0787565141	0.0166357513	-0.0900678015	0.0446048127	-0.0647927617007297	-0.0706218948547671	0.0049874520328777	0.0041981019688075	0.1544438234926701	-0.0393293947924889	0.0015468012947434	0.023852894615035	-0.0850150003558241	-0.0699545840356138	0.0072275502855007	0.0048936438275957	-0.0096193476620262	0.0021030208578613	4.422696728599678e-06	9.253184944292892e-05	0.0008878875713296	-0.000714070567397	7.883443393215756e-07	5.098967752228162e-07	0.0004432804070264	-0.0015356786638812	2.3583089586999474e-06	1.9649751925349085e-07	0.0	0.0	0.0	0.0	0.0	0.0
2583.6110348543743	4.360191321416096	6675045.979421292	19.01126835935224	3227.965708352305	4.035330368696577	10419762.614298396	16.283891184524855	3024.331605314477	-1.5187430352521003	2.3065804071267637	9146581.658904042	3103.796978110456	2374.092605844429	1.172228	19.376526	0.3222572052981793	0.1811281269483617	-0.0464790688	-0.0011374043	0.0741000492	0.0501098258	0.0382802678	-0.0118765683	0.060458145	-0.0553209446	-0.0409641561	-0.0269479931	0.0862322281	0.0166480462	0.0171182428	-0.0509727001	-0.0613474684	-0.0599227685	0.0598435453	-0.022038749	-0.0204054675	0.1071226277	0.0070454665	-0.0209828778	0.0448636214	-0.009379348	0.0496403027	0.0272215876	-0.0561478298	0.0337193792	0.0049395096	0.0200555533	0.0139682806	-0.1342970268	0.0243667746	0.1001880441	0.0978350985	0.0384810589	-0.1110108358	-0.067662292	0.0399468415	-0.0668993998	-0.0869514862	-0.0547530691	0.093950883	0.0681115885	0.02102504	-0.0824178357	0.1004126864	0.0075219374	0.0086430659	-0.0989141011	-0.0407544192	0.0391353466	0.0346724937	-0.047674392	0.0897809447	-0.0220114928	-0.0223714119	-0.0317238875	0.0556841748	0.0361084349	0.0680289639	-0.0263899813	-0.0278863613	0.0075947936	-0.0853863334	0.0011902138	0.0596172546	-0.0014944216	0.0078972812	0.0131200971	0.0496815464	0.0631437989	0.1786241777	-0.0041937764	-0.1424802742	-0.016739194	0.0143629899	0.074856973	0.0739983727	-0.0445206928	0.0038374436	-0.0682681007	-0.0919447648	-0.0018690346	-0.0922918152	-0.0244488564	-0.0514060664	0.1143927038	-0.0180896607	-0.0398829209	0.021917011	-0.0413837671	-0.0169783494	-0.0503272818	0.0855594633	-0.0213451551	0.0338188619	-0.0487379844	0.0069663504	0.0001989915	-0.0919680798	0.0696107924	-0.0321558829	-0.0686332704	0.0805080284	0.0119153566	-0.0889023983	0.0507163915	-0.0156117921501817	0.049180969550548	0.0024187677659319	0.0002437280541404	0.157019018712603	0.0025751952199328	6.631630420765153e-06	0.0246549722374687	-0.0482591357627057	0.0367558645931184	0.0023289441845632	0.0013509935819876	-0.0126377633348395	-0.0030184156728133	9.110833173884966e-06	0.0001597130621074	0.0024349944536192	0.0015471068822896	5.929197989156267e-06	2.3935397052278467e-06	0.0003338994434377	-0.0001093809635887	1.1964195195592517e-08	1.1148883832800581e-07	0.0	0.0	0.0	0.0	0.0	0.0
2587.4336777308804	3.822642876506052	6694813.036655949	14.612598561302462	3238.5840484057467	10.618340053441898	10488426.638588157	112.74914549052848	3028.179292082056	3.84768676757858	14.8046934613993	9169869.82499458	3104.5285392598903	2391.2421006390264	1.059003	17.504961	0.0917528292737865	0.0516768526013786	-0.0403105486	0.0998643945	0.0169602429	0.0395556787	0.0372870519	-0.0924828493	-0.0596847466	-0.0874234447	-0.1053604202	-0.0204809227	-0.0199093379	-0.0046029694	-0.0410811207	-0.0069173126	0.0560539938	0.0850312335	0.0800125721	-0.0602118465	-0.0647088773	0.0130960604	-0.0121297626	0.0236426885	-0.0725792091	-0.0155150187	-0.0069654011	0.0466266704	-0.0426846588	-0.0648288954	0.0955856955	0.0314446898	-0.0269008244	0.0484666918	0.1644815561	0.1141317044	-0.0747073495	0.0091996783	0.0656421273	-0.0395956464	0.0540416008	0.0727401912	0.0361140483	-0.0653819515	-0.0446997626	-0.050001827	-0.0444142111	-0.0955082074	-0.0714505356	-0.0255465538	-0.0824614683	-0.0232309957	0.0953080532	-0.008095544	-0.0099978248	-0.0867757211	-0.0606267207	0.0306786802	-0.0722160878	-0.0809721506	0.050804496	-0.0080198827	-0.0017187391	-0.0345836898	-0.1391819291	-0.0671701142	0.0394629489	0.0514530999	0.0661225589	0.027473589	0.0248865082	0.1328431481	-0.0021872487	0.0114152382	-0.002237519	0.1252089654	0.0859451229	-0.0422234672	0.0894018466	-0.016769479	0.0729876268	-0.06126545	-0.0030452584	-0.0469853041	-0.1143430748	0.0173859132	0.0380856338	0.0587049403	-0.0359877481	-0.0155799509	-0.120359341	0.0294069908	-0.0396626102	0.0043304569	0.0577306248	-0.0336795076	0.0204191627	-0.0940534297	0.0325976719	-0.0042162281	0.0973704438	0.0220543699	0.047231119	-0.0249610633	-0.0332714524	-0.0670341672	0.0821354052	0.0071623028	-0.0873563013	0.0565152869	-0.0295574915724472	-0.0139456994222655	0.0001944825323761	0.0008736453080552	0.1510376008827023	-0.0059814178299006	3.577735925585391e-05	0.0228123568804024	-0.0267144840312454	0.0215446517314603	0.0007136636570556	0.0004641720182299	-0.0126621876312401	-2.4424296400600565e-05	5.965462546643896e-10	0.0001603309956087	0.0015980345991877	-0.0008369598544315	2.553714580200993e-06	7.005017979299979e-07	0.0004781364984088	0.0001442370549711	2.080432802673613e-08	2.2861451111062842e-07	0.0	0.0	0.0	0.0	0.0	0.0
2579.2631120485817	-8.17056568229873	6652598.201174534	66.7581435687577	3201.352771969661	-37.23127643608586	10248659.570597831	1386.1679450602426	3022.6064335173623	-5.572858564693433	31.05675258207696	9136149.651940549	3099.830075138173	2361.764151237678	1.038168	17.16057	0.1402785752462641	0.0848969724984959	0.0787747658	0.0581285875	-0.0355985045	0.0133126756	0.0037221862	-0.0151931278	-0.0774412103	-0.0227345335	0.0014442514	0.0864077239	0.000732011	-0.0076758754	-0.0724339198	-0.0677781998	0.0020020074	-0.0660236848	0.0637055396	-0.0461226948	-0.0325659673	-0.0462343737	0.0737848153	0.0831110231	-0.137667131	-0.0429828692	0.0187566885	0.016995296	-0.0305415014	0.0960343265	0.0852246898	-0.0898416566	0.0123228877	0.1857144781	0.1143312118	0.073260377	-0.0652167333	-0.0562863313	-0.0402256428	0.1471357815	-0.0243467925	-0.0978526397	0.0100289387	0.0742622649	0.0463643514	0.0372968019	0.1183514652	0.0314633637	0.0190537873	0.0230287753	-0.0321870097	-0.0885412467	-0.0527664229	0.0854020438	-0.0404270095	-0.0501775504	-0.0938859334	-0.031254203	-0.0220348464	-0.0638491996	0.0272518625	-0.0104744256	-0.0938274303	-0.0183459156	-0.0422202183	-0.0662346131	-0.0419040225	-0.0044349094	-0.054339281	0.1661989561	0.005860201	-0.018878389	0.0340614758	0.0578158084	-0.0535096168	0.0284057763	0.0388946131	0.0334495223	0.1751882585	-0.1095940057	0.0492190668	0.0060603669	-0.0338899632	-0.0636247062	-0.0792157723	-0.0409550756	-0.0938957832	-0.0094423081	0.0380661229	-0.0673917674	-0.0295855032	0.0141603834	-0.0759027614	-0.0167600694	0.0942972099	-0.0687441605	0.1297985246	-0.0451695438	0.0152076214	-0.0256041117	0.030272791	-0.0052980676	-0.0376841134	0.0876448458	-0.034381321	-0.0653891221	0.0836361352	0.0023896175	-0.0854361313	0.0619657467	0.004373904146746	0.0339313957191932	0.0011513396154524	1.9131037484921858e-05	0.169624110730993	0.0185865098482907	0.0003454583483406	0.0287723389412801	-0.0249949700961451	0.0017195139351002	0.0006247485301071	2.9567281730041124e-06	-0.0141553925122643	-0.0014932048810241	2.2296608167144936e-06	0.0002003751371762	0.0014541005414672	-0.0001439340577205	2.114408384695204e-06	2.0717012971888257e-08	0.0005618206745377	8.368417612889998e-05	7.003041334372753e-09	3.156424703379962e-07	0.0	0.0	0.0	0.0	0.0	0.0
2581.3881108358964	2.12499878731478	6663564.578764918	4.515619846089287	3229.672449778925	28.31967780926425	10430784.132861003	802.0041512205339	3022.0172562862467	-0.5891772311156274	0.3471298096650774	9132588.297291854	3102.211230858336	2348.685228553836	1.033995	17.091591	0.1355418299464588	0.0746836019170207	0.0697468812	-0.0538902581	0.0389853249	0.0297276068	0.0011688551	0.0379475568	-0.0022843642	-0.061065112	0.1162557392	0.0066165276	0.0449775864	0.0831014273	0.1158311643	-0.0621629427	-0.0159589754	0.1106346948	0.0415989098	0.0316791777	0.0846553036	-0.0389717155	-0.0039745062	-0.0889419274	0.0231799982	-0.1005128755	0.059791592	0.0359237459	-0.0926022673	-0.0718417932	0.0764203242	-0.0770856454	0.0415841533	0.0782908501	-0.0134349421	-0.049995796	-0.0075216193	-0.0295772072	0.0701923297	-0.0726757446	-0.0479957957	-0.0816937607	0.012352378	0.0766112158	0.0224369839	0.0081358633	-0.1018666823	-0.0431580073	-0.0068743575	0.0437021993	-0.0097215376	-0.04519135	0.1240659399	0.0041423622	-0.0433943737	0.0782857292	0.0849019005	-0.1036501608	0.0208692761	-0.0133029171	0.0305075558	-0.0100543898	-0.0374380219	-0.0174098598	-0.0544584971	0.0576293901	0.0096184759	0.0118229252	-0.0893596412	0.034650687	0.0321516828	-0.0596606747	-0.0348390268	-0.0543198658	0.0017541679	0.0408898474	0.1021826959	-0.0112708583	0.0158599908	-0.079133954	0.0282280916	-0.0207597859	-0.0308296601	-0.0827183958	0.004509888	0.1024628895	0.0006231969	0.0807875486	0.1041277691	0.053041688	-0.0347909167	-0.0591884449	-0.0719734931	0.0858710217	0.0196836951	-0.0720089059	0.068852735	0.0153811894	0.0654504109	-0.1004674509	0.0436415478	-0.0594945108	0.0309024963	0.0027756155	-0.0354852986	-0.0636992625	0.0850079043	-0.0023896175	-0.0831501106	0.0670341672	0.0129465294521793	0.0085726253054332	7.348990462735537e-05	0.0001676126248561	0.1690096468815625	-0.0006144638494305	3.775658222569576e-07	0.0285642607390304	-0.0447761523394802	-0.0197811822433351	0.0020049038183283	0.000391295170944	-0.0135519641929442	0.00060342831932	3.6412573655747993e-07	0.0001836557334868	0.0017569747032526	0.0003028741617854	3.0869601078695616e-06	9.173275787720869e-08	0.0017869893643974	0.0012251686898597	1.5010383186125338e-06	3.1933309884694237e-06	0.0	0.0	0.0	0.0	0.0	0.0
2596.5987940731284	15.210683237231931	6742325.297382024	231.3648845434085	3250.9547972883915	21.28234750946649	10568707.094012408	452.9383155136945	3033.43461449746	11.417358211213468	130.3560685231636	9201725.560431356	3106.5342538387217	2385.862460825912	1.833869	30.313232	1.2622215927177254	0.6146520279101944	-0.0233408313	0.088022465	0.1663098657	0.0352421532	-0.0972113175	0.2746381134	-0.0488802461	-0.1835796334	-0.0485532167	-0.1091058114	-0.0993583414	0.052557241	-0.1704327664	0.0679140125	0.0823431204	-0.0410480526	0.1007194611	0.1273610282	-0.1316484957	-0.118442204	0.0413185813	-0.0549966578	0.0592725407	-0.0463359753	-0.0603527076	-0.1830100724	-0.1802429228	0.0401706025	-0.0598059573	0.0134994952	0.1939877266	0.0842783221	-0.1261368114	-0.0897007518	0.0987426555	-0.021860808	0.0604242271	0.1244088021	-0.1620766802	-0.0232001207	-0.0757021395	-0.0133856215	0.0439516167	0.0358311548	-0.0558224563	-0.0949107649	0.1263654666	-0.1244677326	-0.1235654813	-0.0740127044	-0.0363833617	-0.1407321908	0.0940188718	0.06672723	-0.1741245993	-0.0306299863	0.0216801124	-0.2112042234	0.0955171077	-0.1070683943	0.0431864485	-0.1979398031	0.0065471667	0.1386281089	0.0851916411	-0.159300216	-0.2197520527	-0.0849716452	-0.1656633207	-0.1769349712	-0.0947813643	0.0057508559	0.1312180213	0.0793170927	0.0226858156	-0.0175326157	-0.1246102641	-0.024764432	-0.1236507553	0.6031485956	0.0339941665	-0.0325078426	0.032728709	-0.003419053	0.0281604899	0.0696110732	0.1231615791	0.0071053501	-0.0600918562	-0.262018188	0.1714760222	0.0805294333	0.0378469319	0.0610191961	-0.3465265508	-0.1854707708	-0.0986694744	0.0120576931	-0.0965263163	-0.192582015	-0.1326202461	-0.0283043926	-0.036583196	-0.0619657467	0.0862485974	-0.0071623028	-0.0805080284	0.0716892996	0.1867561884193662	0.1738096589671869	0.0302097975502898	0.0348778739129298	0.3281569784567182	0.1591473315751557	0.0253278731474925	0.107687002509843	0.1520109750267124	0.1967871273661926	0.0231073365285717	0.0387251734970381	-0.0235969143751568	-0.0100449501822126	0.0001009010241631	0.0005568143680284	0.000901326545291	-0.0008556481579615	8.123895412462091e-07	7.321337702230791e-07	0.005535940520407	0.0037489511560096	1.4054634770145716e-05	3.0646637445484124e-05	0.0	0.0	0.0	0.0	1.0	0.0
2599.819063254076	3.220269180947525	6759059.1616593	10.370133597760448	3227.566610324602	-23.388186963789398	10417186.224082245	547.0072894531681	3039.445185749077	6.010571251616966	36.12696677076434	9238227.03717324	3117.3119535405585	2394.0455709018865	1.822341	30.122679	0.918726199087353	0.5022953479482081	0.0286862485	0.1569916881	0.0995087404	0.0448880667	-0.1201196216	-0.0144261073	-0.0344835976	-0.1318742961	-0.0331215035	0.0968880892	-0.0403386413	-0.0956153642	0.1142654456	0.1738605518	-0.0264361979	0.0266266468	0.0615612807	0.1026185032	-0.0506379311	-0.0607684886	0.0952068295	-0.0588298992	-0.0167940671	0.0172385393	0.0750599767	-0.0252771992	-0.0355680158	-0.0015421012	-0.0565627059	0.00808902	0.0578167464	0.0053894974	0.0021602114	0.1115473992	-0.0542073752	-0.1350013468	-0.0743939504	0.0559615629	-0.1014622036	0.0203297015	-0.0244093248	-0.040822306	0.0179722596	-0.114436631	-0.0679824675	0.0690163889	0.0098357131	-0.2006066997	0.0459299956	0.0165310229	0.0432892384	0.0622284083	0.07873428	0.0517841179	-0.0076045258	-0.1016119019	0.0093118289	0.009468244	-0.0413271362	-0.0718436763	0.0380999526	-0.0901165995	0.0809425217	-0.0422696106	-0.0307419504	0.0012595996	-0.0777859147	0.0708919113	-0.0684422196	0.1054634143	0.1030923029	0.0410116432	0.0555242883	-0.0187472523	0.0424647725	0.0151709238	-0.0453352619	-0.0263525545	-0.1125059772	0.0370694663	0.0114115989	0.0531571103	-0.2146508825	0.0180890334	0.0702967385	-0.1052082325	-0.0398190931	0.0558685518	0.0718497487	0.0256672277	-0.0681076282	-0.0064033145	0.1213094455	0.0279546894	0.1990744819	-0.0303302371	-0.0431405058	0.0107361491	-0.1333551615	0.0915353267	-0.0780141214	0.0847344635	-0.037674825	-0.0601897627	0.0873563013	-0.0119153566	-0.0775211985	0.0759024438	0.1013383997217118	-0.0854177886976544	0.0072961986259971	0.0102694712581574	0.2262293669651427	-0.1019276114915755	0.0103892379843775	0.0511797264774492	0.0352230643158293	-0.1167879107108831	0.001240664259797	0.0136394160882132	-0.0143705716510993	0.0092263427240575	8.51254000617688e-05	0.0002065133295793	-0.0007451208328681	-0.0016464473781591	5.55205055574051e-07	2.710788969046975e-06	0.0041168728588788	-0.0014190676615281	2.013753027995113e-06	1.6948642136172907e-05	0.0	0.0	0.0	0.0	0.0	1.0
2591.074036148433	-8.745027105642748	6713664.660802532	76.47549907842638	3220.141174690855	-7.425435633746929	10369309.1849394	55.13709435091866	3039.456104301968	0.010918552890871	0.0001192147972307	9238293.409978496	3114.93630513942	2380.1709037421483	1.433751	23.699417	0.1188705768733554	0.0570735612445165	0.0901893184	-0.0405068224	0.1128467348	-0.0104860481	-0.179034021	-0.0167132016	0.0233929068	-0.0864292308	0.029078119	0.1475014032	0.0215614912	-0.0531738427	0.0287286173	0.2191100635	0.0836249113	-0.0256457656	-0.0168342215	0.0743089954	0.0503454641	-0.0649853363	-0.2857381776	0.1836839662	0.1342821737	-0.0534423287	0.085752708	-0.0754593389	-0.0529841858	0.0332280101	0.0054111531	-0.1656285342	-0.0441409485	0.0210133412	-0.0030472524	-0.0024851176	0.0657975598	0.0053776113	0.0040891386	-0.1366191574	-0.1459672985	0.0220487744	0.061876728	0.0892662008	0.0107858524	-0.0358662608	-0.0368045512	-0.0362584595	-0.0935937283	-0.1795928497	-0.0190810507	0.1456775549	-0.0565260194	-0.0890381752	-0.0443482116	0.126815372	-0.1012271186	-0.0029519923	-0.048918606	0.0949134963	0.3526248793	0.0666940151	0.1038321581	0.0238437763	-0.0139676055	0.1342977049	0.0060625096	-0.0019315173	0.0328529244	0.1095279006	0.1251634725	-0.1172870252	0.0313811997	-0.0410749606	0.0552552749	-0.0157728148	0.0412645747	0.0723772742	-0.0484401558	0.0107603053	-0.1254412129	0.0310823966	-0.0122040866	0.0288547717	0.0337708502	-0.0226544404	0.0112682711	0.0734714082	0.2367799859	0.0898159171	-0.0015943097	-0.095537159	-0.146241257	-0.0179295701	-0.1376754911	-0.0654374628	0.1070294005	-0.0772841347	0.0736020493	0.187431401	-0.1264191764	-0.1220340647	0.0690912021	-0.1253133694	-0.0387599986	-0.0583725276	0.0883293083	-0.0166357513	-0.0742024108	0.0796476241	0.1240140737188681	0.0226756739971563	0.0005141861912253	0.0153794904803488	0.2575896918825151	0.0313603249173724	0.0009834699789231	0.066352449364129	0.0232012576223326	-0.0120218066934966	0.0005382983552578	0.0001445238361758	-0.0136051602271532	0.000765411423946	5.858546479071954e-07	0.0001851003848065	-0.0006740437040295	7.107712883859996e-05	4.543349149418082e-07	5.051958243938938e-09	0.0038971059863569	-0.0002197668725219	4.82974782580572e-08	1.5187435068898783e-05	0.0	0.0	0.0	0.0	0.0	0.0
2593.91933338774	2.8452972393070013	6728417.508122698	8.095716380008042	3237.9036711710364	17.7624964801812	10484020.183782876	315.5062812084495	3037.401774775032	-2.054329526935817	4.220269805240337	9225809.541406516	3117.556975928773	2421.787471697271	1.340787	22.162758	0.1656006578388839	0.0750091545603192	-0.0394116223	0.1058795098	0.10398772	0.0039985747	-0.1129163389	-0.0680124326	0.0147451588	-0.0789392795	-0.1220704888	0.0211415291	-0.0005446066	-0.1521108135	0.1009380969	0.1470680002	-0.0414448077	-0.0565906132	-0.0020836259	0.0666304781	-0.0456864833	-0.0057319256	0.0942891482	-0.0285018632	0.0040352917	0.1855835997	0.1357491387	0.0219177664	-0.0049089479	-0.0458001612	-0.0173173847	0.0291546652	-0.0315693826	-0.0688716221	-0.0196218662	-0.0168951253	-0.0288830558	-0.0157791657	0.05313767	-0.0165662194	-0.0274241422	0.0535866934	-0.0006506703	-0.0381985552	-0.0757542538	-0.0295183677	0.0018158534	0.002947412	-0.0966560746	-0.140361107	0.0710011711	0.0243603982	-0.0500857822	0.0251288212	0.0938646884	0.0055003611	0.0262718602	-0.0007086521	0.0899967243	0.0604603829	-0.0230492593	-0.1622829135	0.1177113176	-0.0014414449	-0.0452872445	0.0230127793	-0.0556757164	0.0086589937	0.0495520209	-0.0787626894	-0.0538987744	0.0707360165	-0.0039887321	-0.0103756896	-0.0534296722	0.0763492534	0.0042893129	-0.0741421833	-0.0423411977	-0.0153232089	-0.0955130803	0.0100183451	0.050972347	0.0678654211	-0.0980856618	-0.0232669599	0.0578482822	-0.1292855219	-0.0272782769	0.1017448968	0.0689462287	-0.0205885762	-0.0437583461	-0.0382995136	-0.0325601866	0.1217162579	0.1082580551	0.1219409065	-0.0866521833	0.1871912079	-0.05910738	-0.0159744345	0.0058563335	-0.0066595111	-0.0398385309	-0.0565152869	0.0891661178	-0.0213105486	-0.0705658771	0.0829017503	0.1502577895036267	0.0262437157847585	0.0006887326181911	0.0225774033065161	0.2286611911635532	-0.0289285007189619	0.0008368581538469	0.052285940344335	0.0752633802887743	0.0520621226664416	0.0056645764124926	0.0027104646165356	-0.0131683362458753	0.0004368239812779	1.908151906194754e-07	0.0001734050794844	-4.432324784886532e-05	0.0006297204561806	1.964550299871944e-09	3.965478529323466e-07	0.0039978879222728	0.0001007819359159	1.0156998606956616e-08	1.5983107839054726e-05	0.0	0.0	0.0	0.0	0.0	0.0
2585.15390949638	-8.765423891360115	6683020.735784418	76.8326559952267	3256.8480917339675	18.9444205629311	10607059.492631186	358.8910704652067	3031.780656873083	-5.621117901949219	31.596966467613992	9191693.951389782	3114.915206974111	2404.9768714376432	1.188084	19.638622	0.1698520338310018	0.0897571567300638	0.0675018945	-0.0574758458	0.0758757741	-0.0431238363	-0.1375567117	-0.1683662099	0.1384229344	-0.041634531	0.0007373701	0.0861990493	-0.0943497996	-0.1392511638	0.1262073374	0.0699354511	0.0673002066	0.0724303447	-0.0677862663	0.0368716317	0.0878797402	-0.0474147409	0.0632135923	-0.0014379082	0.0815137915	0.1059514816	0.040900279	0.0256452882	-0.0281713814	-0.0417448987	0.0838222238	0.0028738058	-0.0872163881	0.0316331921	-0.0804397673	0.0808777914	-0.0380003676	-0.0210566223	-0.0160768202	-0.0134547319	0.0421956197	0.0894813464	0.1087105835	-0.0352036123	0.096899816	0.0084307759	-0.0083183895	-0.0414420532	0.0306421869	-0.0125166407	0.0051809126	0.1556838473	0.0354543409	0.0164384083	-0.0308638258	0.0812382203	0.034906489	0.0140338855	0.1350105325	0.0217902996	-0.0069281057	-0.0358041503	0.0692846716	-0.041489103	-0.1322080902	0.0183804997	0.0185218394	-0.017652084	0.0459498234	-0.0486090681	0.0246714918	0.0788469157	0.0286440975	0.0121866423	-0.1385410369	0.0484685194	-0.0495945186	-0.0030441418	-0.0111770252	0.0336911043	-0.1192889901	-0.0833344016	0.0360382661	0.0310411977	-0.035439771	-0.0232643028	0.1360316524	0.0178028434	0.0696570817	0.0426848773	0.0956495158	0.0584858895	-0.0325141358	-0.1023871205	0.0799541379	0.0033561978	-0.0175585088	-0.0127559357	0.0175788375	0.0152448921	0.0505893194	0.0419772695	-0.0158447237	-0.102549061	-0.0409102371	-0.0546193134	0.0898654396	-0.0259269352	-0.0666271694	0.0856447597	0.1550223693351853	0.0047645798315585	2.270122097129489e-05	0.0240319349942945	0.1992305292665435	-0.0294306618970097	0.000866163859696	0.039692803791827	-0.0020048998717925	-0.0772682801605668	4.0196234959135824e-06	0.0059703871189718	-0.0126069824614296	0.0005613537844456	3.151180713115093e-07	0.0001589360067827	-0.000188620601869	-0.0001442973540201	3.55777314494238e-08	2.082172637721208e-08	0.0044600070226443	0.0004621191003714	2.1355406292816425e-07	1.9891662642036477e-05	0.0	0.0	0.0	0.0	0.0	0.0
2573.8831299716617	-11.270779524718364	6624874.366752718	127.03047109481072	3244.987097991756	-11.860993742211576	10529941.266132958	140.68317255278217	3024.005129199818	-7.77552767326506	60.45883059771076	9144607.021426808	3107.1368710781667	2438.0576970319667	1.495809	24.725224	0.2793910274964563	0.1289315191434044	-0.131024711	-0.0636073615	-0.0100240008	-0.0393416329	-0.1620567767	-0.1327864796	0.1269643593	0.0206793293	-0.1049531564	-0.0201871617	-0.0656639831	-0.0068379847	0.0520403819	-0.0212989146	-0.0412559673	-0.0808968002	-0.0662136453	0.0981507104	-0.0051015153	0.063992881	-0.0118376126	-0.0058812078	0.0588407521	0.0496689358	-0.0280799549	0.0524808109	-0.0586475103	-0.0046125641	0.0393944446	-0.0145213771	-0.0675196176	0.0122509911	-0.0170559405	0.0129160338	-0.010249117	-0.0058954714	0.0288292017	0.0125969093	0.0631065731	0.0515425794	-0.1287443186	0.0203227759	-0.0482188513	-0.081043439	0.0529889283	-0.1083119509	0.0204875131	0.0411805063	0.0514352822	0.0043183939	-0.0939590994	-0.0208175956	0.0922040652	0.0571993782	0.0108183014	0.0394743603	0.0248519728	-0.0067247337	0.0689842078	-0.0007538644	-0.034435731	-0.0571894092	-0.0734128141	0.0127910112	-0.101490829	0.002224159	0.0291383573	-0.081524928	0.0099844225	-0.0232139123	0.0347641245	0.0366408009	0.0103705643	0.0198318148	0.0072378758	-0.1150854511	-0.0681537506	-0.0040640864	-0.1156059018	-0.0372610448	-0.018915188	0.021770015	0.1192735404	-0.0583960474	-0.0309133223	-0.0748568747	-0.066852553	0.0663467713	-0.0156523689	-0.0317094506	-0.0396851863	-0.1157641964	-0.0031196638	-0.0044662882	0.02652553	0.0233571775	-0.0886331714	0.1415277898	0.0025275088	0.0009776707	0.0117583643	-0.0256593428	-0.0419749335	-0.0526859066	0.0904261954	-0.0304722578	-0.062403154	0.0878597406	0.1934719233232726	0.0384495539880873	0.0014783682018828	0.0374313851144062	0.2653969915883181	0.0661664623217745	0.0043780007361788	0.0704355631441297	0.089811877230062	0.0918167771018545	0.0080661732915877	0.0084303205573716	-0.0124305289736658	0.0001764534877637	3.1135833344009466e-08	0.0001545180505651	0.0006120449504325	0.0008006655523015	3.745990213499214e-07	6.41065326642266e-07	0.0037779613810148	-0.0006820456416295	4.651862572657964e-07	1.4272992196439251e-05	0.0	0.0	0.0	0.0	0.0	0.0
2570.433126875373	-3.450003096288583	6607126.459738308	11.90252136440081	3225.876148434505	-19.110949557250933	10406276.925038636	365.2283929797897	3023.270627448895	-0.7345017509228455	0.5394928221087258	9140165.286795236	3108.1088055549785	2399.8739804085603	1.243528	20.555099	0.1400908396599076	0.0747411370684744	-0.0246320476	-0.0127186586	-0.1106084069	-0.0567651752	-0.1160114774	-0.0359623224	0.0057447358	0.1297652037	-0.0054387219	0.0936263822	-0.0915780164	-0.0188110253	0.1942423221	-0.0381200608	-0.010473462	0.1115066771	-0.0353720652	0.0987835293	0.1146740603	0.0936552383	0.0251454871	0.0499101388	-0.0159999846	0.0709605715	0.0033826451	0.1070312745	0.088154088	0.1550453867	0.0365886157	-0.0374497785	-0.0087756279	0.1071413684	0.0297089565	-0.0270227691	-0.0676266433	-0.0991142359	-0.0274713211	-0.109386324	0.0076525703	0.0323381653	-0.0276507168	-0.0893712102	-0.015702611	0.0274693154	-0.0614459697	0.0035493861	0.0387889058	0.0776984339	0.0481800023	0.0704531458	0.0847818126	0.0997747159	0.0428243356	0.1113017263	0.0081652148	0.1718532788	0.0670969025	0.006979524	-0.0010084203	-0.0764648997	-0.0779124037	-0.1191259924	0.0166441709	-0.0170217361	0.0149605034	0.0708590067	0.0462749309	0.1070943251	0.114717114	0.0483610988	0.0455135795	-0.0841774701	0.0307392086	-0.021236591	0.0336446327	-0.0715406451	-0.0945993549	-0.0015024449	-0.1188217551	-0.0262683866	0.0015802067	0.0573400261	0.0406452134	0.0483023146	0.1066491262	-0.0064114121	-0.0798143588	-0.0871681794	0.0554319992	-0.0141429599	-0.0075854096	-0.0398543605	0.0273961694	-0.0201312869	0.0189400426	0.0264396889	-0.0168693517	0.0060176184	-0.0384037667	0.0547577634	-0.0236482308	-0.0213834792	-0.0430324377	-0.0507163915	0.0908475206	-0.034934058	-0.0579119187	0.089533037	0.1948857177538343	0.0014137944305616	1.998814691887263e-06	0.0379804429844271	0.2478445545095269	-0.0175524370787912	0.0003080880474049	0.0614269232000258	0.0648374007077023	-0.0249744765223596	0.0042038885305311	0.0006237244775658	-0.0135267428072364	-0.0010962138335706	1.2016847689115511e-06	0.0001829727709731	0.0005547689552853	-5.7275995147199965e-05	3.077685937483433e-07	3.280539620102074e-09	0.0045474741848609	0.0007695128038461	5.921499552830868e-07	2.0679521461976308e-05	0.0	0.0	0.0	0.0	0.0	0.0
2576.210423735747	5.777296860374008	6636860.147364718	33.377159012887375	3209.247179277104	-16.628969157401116	10299267.457698047	276.5226152377976	3022.632451156897	-0.6381762919982066	0.4072689796685802	9136306.93478675	3100.534067616564	2365.098914529478	1.13125	18.699184	0.0995049643366378	0.0593511289609205	-0.0045592392	-0.0875215225	0.0362412081	0.0133200459	-0.0489490248	0.1060714477	0.0257858144	0.0410860853	0.0810046429	-0.0365596036	0.1233978293	0.0159495695	0.012911936	-0.069942578	0.0318694258	-0.0619539519	0.065118091	0.116756106	0.035795336	0.0221578056	0.0270195544	-0.0657952449	0.1254595099	-0.0178895638	-0.0905834999	0.041372125	0.0765285134	0.0020069314	-0.0523419093	0.0041938023	-0.0735889889	0.0125042672	-0.0053685138	0.0093414293	0.0260597349	0.0999491719	-0.0184722553	0.1057475597	0.0409804723	0.0551030643	-0.0734351342	-0.0317593205	-0.0498722416	-0.1239451495	0.0303560209	-0.0389762664	-0.009333738	0.0328475892	-0.0821011422	-0.0750962432	-0.0572022027	-0.0809100131	0.0236144447	0.1366604139	0.0495201522	0.0190021771	0.0372509122	-0.0910728427	-0.0420861967	0.0451653745	-0.019612145	-0.0191376644	0.0238396949	-0.0254957291	-0.0465015054	0.0376525926	0.0509332091	-0.0526699838	0.0506751843	0.0447055645	0.0265930476	0.103671284	-0.0333908451	0.064360922	-0.0221557587	-0.0524657263	0.0337484064	0.0690993735	-0.1136865602	0.008403613	0.0064629644	0.0054608732	0.0553568112	-0.1150393018	-0.003577521	-0.0354059409	-0.0027933993	0.0443681406	0.0471651864	0.0748303705	0.0036626097	0.1021731298	0.0613825846	-0.0251869317	-0.0209927828	-0.0154698144	0.0829319248	0.0010225246	-0.0036613301	0.0606460909	-0.035194619	-0.0352898478	-0.0440825686	-0.0487121179	0.0911287655	-0.0393001065	-0.0531726956	0.0906543325	0.1914410699043003	-0.0034446478495339	1.1865598807299169e-05	0.0366496832461031	0.2468174056891428	-0.001027148820384	1.055034699216447e-06	0.0609188317511188	0.0190021540412175	-0.0458352466664848	0.0003610818582061	0.0021008698369775	-0.0142083534940275	-0.000681610686791	4.645931283478336e-07	0.0002018773090112	0.0006298428993682	7.50739440828999e-05	3.9670207788454043e-07	5.636097080162381e-09	0.0043202003957302	-0.0002272737891307	5.1653375225825935e-08	1.8664131459267377e-05	0.0	0.0	0.0	0.0	0.0	0.0
2578.3724240303964	2.1620002946492605	6648004.357000382	4.674245274063489	3194.782008633292	-14.465170643811687	10206632.082686974	209.24116175459147	3027.197852386287	4.565401229390318	20.842888385318627	9163926.83749215	3106.695113551363	2358.192132627534	1.122513	18.55476	0.0985617739130529	0.0443770283853534	0.07476338	0.0401165354	-0.0168764379	-0.0482179381	-0.0708136726	0.0311931356	-0.0374972309	0.0490503352	0.0448993834	0.0524160117	0.0178199045	-0.0221126976	0.1550176647	0.0316570494	-0.0745847335	0.0766918646	-0.0124627027	0.0743403471	0.0084846354	-0.0166499855	0.0485848894	0.0818068147	0.0463236037	-0.040100827	-0.0194716023	0.0227552555	0.0682276003	0.0353546793	-0.0648133721	0.0638161933	-0.0300747695	0.0360796611	-0.067346091	0.0203714841	-0.0290018961	-0.0175109933	-0.0415341138	0.0474804971	-0.0918472763	0.0764640607	0.0624739516	-0.0292955182	-0.0337559899	-0.0263339685	0.0890395824	0.0760912051	0.0029660692	-0.0161791078	0.0785988554	-0.0033993302	0.0738792063	0.0133513251	0.0429435714	0.0750467849	-0.0852112553	0.0399220938	0.0674501329	-0.0274566715	0.0111405787	0.0492821465	-0.0844340823	-0.0144964742	0.0645984818	-0.0305819202	0.0027855526	0.05917614	-0.0043009531	-0.0662733748	0.0177781282	-0.0391367508	-0.0053378404	-0.0076109336	-0.0160759216	0.0299826543	0.0301313357	0.0695270649	-0.0908760897	0.0580501698	-0.116597506	0.0246059924	-0.0064841711	-0.0024237674	0.0223752477	0.0655294154	0.0875089091	-0.0719510332	0.0211386051	-0.0751689734	0.016898373	-0.0064103912	-0.046961063	0.0340883138	0.0564616712	-0.0191569024	-0.013485974	0.0145287313	0.0009844787	0.0177149579	0.0129856516	0.024477364	0.081895671	0.0589784863	-0.0451251461	-0.0466744595	0.0912694965	-0.0435584361	-0.0482057789	0.0912167139	0.2082390144572627	0.0167979445529624	0.0002821709412043	0.043363487142132	0.2488331758416677	0.0020157701525249	4.0633293078102965e-06	0.0619179493994503	0.0319028378350481	0.0129006837938306	0.0010177910619293	0.0001664276423484	-0.0146607491293743	-0.0004523956353468	2.046618108808355e-07	0.0002149375650344	0.0002461749219655	-0.0003836679774027	6.060209220472002e-08	1.472011168842787e-07	0.0048210842912554	0.0005008838955251	2.508846767964992e-07	2.324285374338958e-05	0.0	0.0	0.0	0.0	0.0	0.0
2572.479136999573	-5.893287030823558	6617648.910298067	34.730832027673145	3230.258585362347	35.476576729054614	10434570.52830715	1258.5874964124994	3024.7555570075847	-2.442295378702511	5.9648067168316405	9149146.179648263	3105.174079667761	2383.719598659188	1.183322	19.559921	0.0553864629855311	0.0250079748519874	-0.0536252646	-0.0832915013	0.0694710872	-0.0079159841	-0.0755389816	0.0139042196	0.1299768011	0.0514072484	-0.0217982636	0.0254177959	-0.0222018203	-0.0287374043	-0.0221596128	-0.0190962381	0.0886671732	-0.0681419877	-0.1323622363	0.1003401722	0.0127604892	-0.0058064819	0.0257735569	-0.0665671907	0.0207765818	-0.0418527675	-0.0212046078	-0.0287349928	0.046299311	0.0121728528	0.0255781566	0.0787553168	-0.0019937401	0.0294425454	-0.0794634718	-0.1191975407	0.0092435991	0.0016736187	0.0284642577	0.0398844521	0.0249303219	-0.0492263648	0.0242991846	0.0233528574	-0.0247326749	0.0330677183	0.0990076685	0.0616441412	-0.0358382443	0.0601302265	-0.043483405	0.1096799956	-0.0923789434	-0.0568817724	0.0714765815	0.0796098579	0.0235787584	-0.0442959476	-0.000582394	-0.0670949004	-0.025309054	-0.0206535462	-0.0108171273	0.0015106504	0.0613056562	-0.0248374491	-0.0039423555	-0.0258231886	-0.0268380385	-0.106397609	0.0574958564	-0.0694510674	0.0279759911	-0.0228073974	-0.0381468607	0.0342508998	0.0337352339	-0.0133461066	0.0813908162	0.0153900733	-0.1199387291	0.0530482441	-0.0184955452	-0.0025590117	0.1043776579	-0.1050636683	0.0260162403	0.0350917912	-0.0027891641	0.0438797396	0.0311830971	-0.017869192	-0.043123788	-0.0428318868	0.0482957034	-0.0383854589	-0.0274520178	0.0492399907	-0.0248361634	-0.0035660591	0.0504795211	0.0412012863	0.0335969378	0.0360960994	-0.0461599916	-0.0446048127	0.0912694965	-0.047697375	-0.0430324377	0.0912167139	0.2161440214511003	0.0079050069938375	6.248913557262118e-05	0.0467182380090537	0.2522206148970269	0.0033874390553592	1.1474743353772892e-05	0.0636152385790343	0.0388344008289323	0.0069315629938841	0.0015081106877421	4.8046565538184886e-05	-0.014988736496267	-0.0003279873668927	1.0757571284120681e-07	0.0002246622217545	3.893101361329698e-05	-0.0002072439083522	1.515623820958715e-09	4.295003754909632e-08	0.0046130664876513	-0.000208017803604	4.327140661627371e-08	2.1280382419491503e-05	0.0	0.0	0.0	0.0	0.0	0.0
2566.854093718598	-5.625043280974751	6588739.938439925	31.64111191283919	3225.487480678441	-4.771104683905833	10403769.488013357	22.76343990478817	3027.942311292777	3.1867542851923645	10.155402874191898	9168434.640517045	3111.365305799119	2386.334228896038	1.087707	17.979427	0.1174197164354159	0.0823966259799151	-0.0231048844	-0.0136982908	-0.0954713914	-0.0618498589	-0.1129143567	0.0098910297	0.0324397415	0.1631557556	0.0095302447	0.0697845281	-0.1483206412	0.0052714602	0.083046674	0.0767603473	-0.1005807874	-0.0217246029	-0.1525780194	0.0501949979	0.0389406938	-0.0291680723	0.0045776992	0.059926015	-0.0183022203	0.0999961155	0.0023037227	0.0182325479	-0.0072909605	0.1341160079	-0.0923725651	0.0594462491	-0.0574622973	0.0304162084	-0.0414475778	-0.0651850726	-0.0137103059	-0.0233179934	-0.0194014994	-0.0266732499	-0.0570703342	-0.1038484922	-0.0469417924	0.0162808159	0.0070871417	-0.0819219765	0.0799974547	0.03918317	-0.0296007472	0.0088925617	0.1800648092	0.1146544009	-0.0576829677	-0.0023511492	0.039395608	0.0564002892	-0.040898635	0.0672242725	0.0502885982	0.0735578915	-0.0414098985	-0.0618190669	0.0190731725	-0.1026520821	0.0552645717	-0.0240544717	-0.0314614809	-0.0079003946	-0.013861157	0.0093516803	0.0290026702	-0.0039572627	-0.0984330258	0.0031841584	0.0607363982	-0.1263144202	0.0186344853	0.030922662	-0.0080823272	0.02111987	-0.1071363905	0.0556410394	-0.0225953043	0.0433102565	0.0872988463	0.0339516767	0.040044758	-0.1015120988	-0.0855706708	-0.0961877355	0.0991165767	0.0100923699	-0.004250639	-0.0894511611	-0.001837607	0.0060993706	0.0029262107	0.0233061495	-0.0867655784	-0.0017179426	0.0037643594	0.0622771265	0.0231842979	0.0283372576	-0.0471869279	-0.042504596	0.0911287655	-0.0517055788	-0.037674825	0.0906543325	0.222060653073683	0.0059166316225827	3.500652975734575e-05	0.0493109336435106	0.2714231634465562	0.0192025485495292	0.000368737870797	0.0736705336553359	0.1181818634192808	0.0793474625903485	0.0139669528412535	0.0062960198195267	-0.0148257822036014	0.0001629542926655	2.6554101498146005e-08	0.0002198038179486	7.227214809990556e-05	3.334113448660858e-05	5.223263390974683e-09	1.11163124885412e-09	0.0045503004413444	-6.276604630690071e-05	3.939576569000004e-09	2.070523410649904e-05	0.0	0.0	0.0	0.0	0.0	0.0
2565.1435237777164	-1.710569940881669	6579961.29757876	2.926049522647917	3209.3692941490126	-16.118186529428385	10300051.266226532	259.79593699744663	3025.9074227736774	-2.0348885190996957	4.140771285163751	9156115.731196836	3104.741894790974	2365.4488837751987	1.032035	17.059193	0.1362270903178035	0.0757597222427639	0.0296019486	-0.1160664611	-0.0619399622	-0.0258565378	-0.044290567	0.065061959	0.0190968691	0.1223697593	0.070555475	-0.0128997994	-0.0038595667	-0.0397036445	-0.0493071002	0.006501428	0.0535067469	0.0302175087	-0.1370770025	0.0415624916	0.0643666708	-0.0479984714	-0.0422327157	-0.0629655317	-0.0084982689	0.1403636196	0.008110555	-0.0245432372	-0.0738401369	-0.0636681335	-0.0709131842	-0.0222274194	0.0888372879	0.0244180562	-0.0484829271	0.0304107949	-0.0004657596	0.0688034007	0.0197004719	0.0150016373	-0.1073519683	0.0268091828	-0.1336471617	-0.1374232002	-0.0780412209	0.0040958759	0.0904712478	-0.0264073662	-0.087526608	0.0635161381	0.0113738589	0.1523161904	-0.0140481149	-0.0824539874	-0.0394215676	0.0870426441	-0.0149171944	-0.0120228566	-0.0513083517	0.0234993639	-0.093043406	-0.0351113026	0.1073560159	-0.0299276777	-0.0530135646	0.0149840924	0.0533527401	0.0404280021	-0.0675428667	0.0287687512	-0.119983344	0.0115914634	0.0014131679	0.1475790086	0.0150316458	-0.0361894259	0.0163383787	0.0254286942	-0.0456084462	0.0137640798	-0.0781338518	-0.0265207459	-0.0188744645	0.0707490814	0.1286456801	-0.0320848595	0.0630548423	0.0435452015	-0.0059293983	-0.0644200826	0.0835928668	0.1379781765	0.0565981804	0.0073308191	0.0410056427	0.0119595077	-0.050163651	0.0371338914	-0.0193155197	-0.0304897259	-0.0418625701	0.0501171912	0.0383368972	-0.0314834779	-0.0482057789	-0.0403752488	0.0908475206	-0.0555720611	-0.0321558829	0.089533037	0.1796704809015779	-0.0423901721721051	0.0017969266967807	0.0322814817074042	0.2700469919292629	-0.0013761715172933	1.893848045009346e-06	0.0729253778500433	0.1146953171714955	-0.0034865462477852	0.0131550157810699	1.215600473794575e-05	-0.0139126230287772	0.0009131591748242	8.338596785656146e-07	0.0001935610795408	0.0009197648388832	0.0008474926907832	8.459673588458388e-07	7.182438609311087e-07	0.0045691325833493	1.883214200490077e-05	3.54649572492748e-10	2.087697256422425e-05	0.0	0.0	0.0	0.0	0.0	0.0
2564.498162894577	-0.6453608831393467	6576650.82748966	0.4164906694863975	3212.783238697637	3.413944548624386	10321976.138856478	11.65501738108216	3020.293220192377	-5.61420258130056	31.519270623881877	9122171.135940038	3099.6094749937665	2374.186092471812	1.059666	17.515921	0.0715434997946638	0.042255137497478	-0.1121255397	-0.0399732612	-0.0706584834	-0.0258253661	-0.0554583933	0.1084021274	0.023378686	0.1190330735	-0.0623415811	-0.1080460102	0.0210629204	0.063902281	-0.0228401633	-0.0642283367	-0.0664901439	-0.0411682542	-0.0787970566	0.0687122299	-0.0219640095	0.0729424139	-0.0564100438	-0.0079069719	0.0269103314	0.1413312166	-0.1103643617	-0.0365253643	-0.0185477868	0.0234510426	0.0011112514	-0.0138662942	-0.078331502	-0.0392701172	0.0823541632	0.0331679308	0.0413189456	-0.0716535864	-0.0387700354	0.086852732	-0.0013067329	0.0951290113	0.0035724069	0.0200463292	0.0002297678	0.0138657757	-0.0597125806	-0.0872652219	0.0459814909	0.0826861656	0.0576603445	-0.0235175941	-0.0657892639	-0.0897471337	0.0864262645	0.0341134307	-0.0134974528	0.0933033887	-0.063807596	-0.0020721564	-0.052306758	0.0188155271	0.0830295733	0.0255119589	-0.0358952077	-0.0825324291	-0.1131474	-0.0152199953	0.1138257973	0.0112884109	-0.0348403593	-0.0311799154	0.0106790785	0.0445574011	-0.0064071001	0.0325891747	0.0142504853	-0.011167704	-0.0851864342	-0.0949758011	-0.0927626041	0.0337374278	-0.0298008855	0.0482810014	0.1498565316	-0.0267630514	-0.0493497384	-0.090333438	-0.0827777597	-0.0480927889	-0.0185371049	0.0665773049	0.025661322	0.0569264623	-0.0095056119	0.0260598336	-0.0173058787	-0.0223909973	-0.0692888981	0.0754141748	-0.0241046526	0.101534286	0.0414722522	0.0107289241	-0.0492163702	-0.0382182304	0.0904261954	-0.0592862243	-0.0264992443	0.0878597406	0.1796881110209653	1.7630119387407328e-05	3.108211096142357e-10	0.0322878172422827	0.2720958336203978	0.0020488416911348	4.1977522753324965e-06	0.0740361426735792	0.1422988561631371	0.0276035389916415	0.0202489644653371	0.000761955364863	-0.0145354737842914	-0.0006228507555141	3.879430636446088e-07	0.0002112799981338	0.0008041211239886	-0.0001156437148946	6.466107820446894e-07	1.3373468794623537e-08	0.0046681078927905	9.89753094411995e-05	9.796111878981196e-09	2.179123129873296e-05	0.0	0.0	0.0	0.0	0.0	0.0
2573.012691147272	8.514528252695072	6620394.308804927	72.4971913659426	3211.704119161594	-1.079119536042981	10315043.34903955	1.1644989730696187	3020.9474152173	0.6541950249234105	0.4279711306345417	9126123.285508089	3102.8319761884973	2348.1872698501206	1.256139	20.763546	0.2499809504784711	0.1440127991487139	0.0528214636	-0.0848739361	-0.0402313353	-0.0684072644	-0.0659864254	0.0557172924	9.40711e-05	0.0643970946	0.1326834719	-0.025365655	0.0351718791	0.0076158546	0.1078067142	-0.0714596846	0.0011424506	0.1062765005	0.0083641019	0.0600264654	0.1212272428	0.0376360629	-0.0092980489	-0.0043942825	0.0893780436	0.0249298346	0.0216969355	-0.0056008017	0.0287681053	-0.0017219908	-0.0502811649	0.0305865034	0.0039832548	0.0707261439	-0.0786701234	0.0128369859	0.0409716005	0.1546250143	-0.0285382666	-0.0907614306	0.0201362986	0.0257898572	0.0376083282	0.0324506155	-0.0923476527	-0.0062971024	-0.0408728879	-0.0066405728	-0.0310398788	0.0823880883	-9.81999e-05	0.0139733641	0.0925989803	0.0446776738	-0.0414233477	0.1245855634	0.0493788552	0.0465028837	0.0407212468	0.0009205409	-0.0018086681	0.0559940273	0.079277101	-0.0046025144	0.0057063292	0.0547425306	0.0476158394	0.0992092091	0.0106718799	-0.0645094502	0.0906366816	-0.0566035726	-0.0123293353	0.0286697669	-0.0851735026	0.066930441	-0.0094257391	0.0759250571	-0.0028623024	0.1148370936	-0.1052214617	-0.0824364991	0.0285706241	0.0211069733	0.0780063449	0.0374124793	0.0665581161	0.0466104553	0.0327299688	-0.022974727	0.0512043719	-0.0321620132	0.0145682886	0.0629611754	-0.0815808423	-0.0426287854	-0.0450951765	0.0388684792	0.0233294506	-0.1047723478	-0.0094869433	-0.0368899926	0.04647306	-0.0044823057	-0.0502185284	-0.0360350191	0.0898654396	-0.0628378881	-0.0207291319	0.0856447597	0.1869962441757451	0.0073081331547797	5.340881020799168e-05	0.0349675953358348	0.2481527092071047	-0.0239431244132931	0.0005732732066704	0.0615797670868258	0.0139484743546489	-0.1283503818084881	0.0001945599368222	0.0164738205103846	-0.0133081171953621	0.0012273565889293	1.5064041963881669e-06	0.0001771059832854	0.0002863727519659	-0.0005177483720226	8.200935306852287e-08	2.680633767321561e-07	0.0046056266317043	-6.248126108620005e-05	3.903907986921897e-09	2.121179667066389e-05	0.0	0.0	0.0	0.0	0.0	0.0
2575.1912052115936	2.1785140643214618	6631609.74339914	4.745923528446414	3237.215136943419	25.511017781825103	10479561.8428556	650.8120282645966	3024.6710118954898	3.7235966781895513	13.86517222182426	9148634.730200889	3108.080272398604	2359.551340245804	1.032722	17.070553	0.1564605037938339	0.0710317188776825	-0.0662300046	-0.0493677169	0.018740854	-0.0166668288	-0.0483526609	0.0447242053	0.0761264023	-0.0023668794	-0.030473866	-0.0533648273	0.0674746597	0.0236543994	0.1462965223	-0.0338119333	-0.0052280931	-0.0612165253	0.0266408781	0.1176914994	0.0204141012	0.2199049673	0.0868682957	-0.0017936331	0.0451704667	-0.0017818422	-0.0455912965	0.0751474055	0.0847834512	-0.0642170135	0.020906001	-0.1059958712	-0.0004472101	-0.0538350809	-0.0007494878	0.106881532	-0.0904742225	0.0512419882	-0.0965588717	0.0460405949	-0.0341626248	-0.1061226848	0.0391150202	0.1289059335	0.0006998503	-0.1113490757	0.0181642759	0.0938261148	-0.0078151532	0.0116302939	-0.0178000166	-0.0453077536	-0.0524126881	0.0573863545	0.1185052571	0.0656402985	0.1526460487	0.0998961451	0.0450084463	0.0084136986	-0.0720581939	0.1069052625	-0.0770104314	0.10649023	-0.0751836765	0.003824407	-0.0312339586	0.0312885474	0.0013756599	0.0078059908	-0.0005412748	0.009242185	0.1142137147	0.0774131657	-0.0285108152	-0.0480590892	0.021200501	0.1044386699	0.0367850487	0.0578979704	-0.0881488265	-0.0855955655	0.0393497968	0.0237760084	0.0311035782	-0.0818200419	-0.0499390385	-0.0549663455	-0.0378172507	0.0783074583	0.0098559455	-0.0269155748	0.0446884508	-0.0054073789	-0.0715654969	-0.0413675765	-0.0078405476	0.0087123285	0.0139004538	-0.0018448952	0.0098243535	0.0454051643	-0.0363929849	0.0233681493	-0.051212082	-0.0338271112	0.0891661178	-0.0662173176	-0.0148702542	0.0829017503	0.1436818836616566	-0.0433143605140884	0.0018761338267444	0.0206444836925618	0.2785962852605763	0.0304435760534715	0.0009268113229235	0.0776158901609923	0.013300062649435	-0.0006484117052138	0.0001768916664788	4.204377394583965e-07	-0.0128533749618652	0.0004547422334968	2.0679049892574906e-07	0.0001652092479103	-0.000287171522556	-0.0005735442745219	8.246748336713122e-08	3.2895303483685266e-07	0.0039928300293019	-0.0006127966024024	3.755196759159253e-07	1.594269164289501e-05	0.0	0.0	0.0	0.0	0.0	0.0
2575.816114367537	0.6249091559434419	6634828.655035476	0.3905114531819449	3212.6171324560246	-24.59800448739452	10320908.83974997	605.0618247618809	3029.1538881641222	4.482876268632481	20.096179639868275	9175773.27817982	3109.0922187967503	2354.04995998055	1.029368	17.015102	0.1403009482147345	0.0736111850808013	-0.004019201	0.0384890146	-0.0771196762	-0.0858500396	-0.0744032408	0.0073053975	-0.0626282263	0.0572952046	0.0213127303	-0.0248059402	-0.0119607461	-0.083148544	0.1431828266	0.0536154386	-0.0333351421	0.0934258938	0.0084806877	0.0891067507	0.0510338823	0.0679153308	0.0920410591	0.0145294487	0.0434030762	-0.0067476247	-0.0166918903	0.0137309441	0.0472401346	0.0167532276	-0.1171400249	0.036381068	0.0046498162	-0.0617010308	0.0345606163	0.012415846	-0.0814972023	-0.1546357746	0.0155768852	-0.0143656157	-0.0296160965	0.0181169514	-0.0401680282	0.0526101625	0.0593789702	0.0565646731	0.0070066573	-0.0076725204	-0.0594844167	-0.0422860479	0.049817184	0.0123141989	0.0868660725	0.0133809529	0.0648489746	0.0719462872	-0.0047061389	0.078741862	0.0731512088	-0.034877527	-0.0694081912	0.0503157782	-0.0269528765	0.0007018754	0.0872608144	-0.0405265784	-0.0125728967	0.0957363337	0.0203639292	-0.0142530648	0.0236941334	0.0335311482	-0.0339400609	-0.0338642117	0.0869346392	-0.0021299898	0.1220412769	-0.0289246709	-0.0307226356	-0.0950831596	-0.1210471246	-0.136692045	0.039025287	0.0523532721	0.0103812337	0.0444917788	0.0792734649	-0.0708762379	-0.045988379	-0.0526102679	-0.0453133968	0.0044799732	0.0504715077	0.0138201004	-0.0214601877	-0.0026172495	-0.0630635984	-0.0139971741	0.028635766	-0.0054156489	-0.0226403649	0.0244819412	0.0400175238	0.0052129683	-0.0521968607	-0.0315960199	0.0883293083	-0.06941525	-0.0089476998	0.0796476241	0.177437723897313	0.0337558402356563	0.0011394567500151	0.031484145861859	0.2788451726796239	0.0002488874190476	6.194494736017831e-08	0.0777546303267292	0.0309037972949255	0.0176037346454905	0.0009550446872458	0.0003098914734688	-0.0119676336322697	0.0008857413295954	7.845377029536026e-07	0.0001432242547562	-0.0002941762762467	-7.004753690699982e-06	8.653968150637476e-08	4.9066574267375016e-11	0.0048739336643065	0.0008811036350046	7.763436156183201e-07	2.3755229364060187e-05	0.0	0.0	0.0	0.0	0.0	0.0
2575.009209602173	-0.8069047653639245	6630672.429536008	0.6510953003670101	3226.2426166183377	13.625484162313114	10408641.421284338	185.6538186574455	3028.667704763588	-0.4861834005341734	0.2363742989549725	9172828.06587794	3108.823100767745	2339.232454548252	1.02965	17.01976	0.1377427240297074	0.066994600265633	0.053850376	-0.1015495661	-0.0079268713	-0.0738836996	-0.0964236592	0.0660357713	0.0040954884	0.0237735273	0.0959159842	0.0063970877	0.0018942529	-0.0174035225	0.0862760747	0.0511971014	0.0512562302	-0.0845561088	-0.056194971	0.0815083583	0.1236792018	-0.0346262451	0.109996646	-0.0229889296	0.1012663472	-0.0703595806	-0.0658810258	-0.0003405982	0.0866197188	-0.0608681323	0.0320825576	0.0267914155	0.0887062605	-0.0021843981	-0.0168035067	0.0182675648	-0.0522523218	0.0479790428	-0.0805800742	-0.0181865018	0.0507206508	0.0192540706	0.0110282969	0.1180377485	0.0310806145	0.111218083	0.0055380162	0.0007067541	-0.1086705825	-0.0309253193	-0.0222498403	0.0599036166	-0.0976341797	-0.0318704016	-0.0032322778	0.1331062086	0.0325568414	-0.0243318454	0.1147381988	-0.0725089988	-0.1298527954	0.1094599593	-0.0240644761	0.1180793209	-0.0025446563	-0.0088224113	0.1219377266	0.0358823677	-0.0565132953	0.0068546455	0.0325992845	-0.0055331245	-0.0226443572	-0.0065863081	-0.09066708	-0.0623288203	0.0092315621	0.0911947179	-0.0352876897	0.0020768227	-0.1470025416	-0.1126793197	0.0382045514	0.0396983863	0.0987951541	-0.0872767575	-0.0206867881	-0.0244820383	0.111549422	0.0359987497	-0.0131053166	0.0148068435	0.0226108689	0.075763052	-0.0122394002	-0.0186464298	-0.0599719556	0.0297913641	0.0327446148	-0.0940734593	-0.0253741385	0.0266085354	0.0428865355	0.011470989	-0.0531726956	-0.0293432743	0.0873563013	-0.0724229201	-0.00298683	0.0759024438	0.1973393546404764	0.0199016307431633	0.0003960749062372	0.0389428208899197	0.2793138003108026	0.0004686276311787	2.196118567041781e-07	0.0780161990440629	0.0020027726280602	-0.0289010246668653	4.01109819970716e-06	0.0008352692267947	-0.0125853877655844	-0.0006177541333146	3.8162016922739545e-07	0.0001583919852101	-0.0005379077481835	-0.0002437314719367	2.8934474555584364e-07	5.940503041247912e-08	0.005781876878825	0.0009079432145184	8.243608807901865e-07	3.343010024189112e-05	0.0	0.0	0.0	0.0	0.0	0.0
2578.604265914022	3.595056311849021	6649199.960189993	12.924429885365484	3240.791543223376	14.548926605038105	10502729.82662815	211.6712653587856	3028.43298264954	-0.2347221140480542	0.0550944708231877	9171406.33039959	3110.7450301799367	2370.910783212931	1.039788	17.187344	0.1555415006140841	0.0706352714322691	-0.0756440511	0.0083895881	0.0299686716	-0.0564785187	-0.0670575878	0.0084829614	0.0805327798	0.0071406297	-0.0464227186	-0.077621397	-0.0465075481	0.0155392335	0.0548486408	0.057931017	-0.0941926816	0.0036164132	-0.0930477209	0.0609219414	-0.049856831	0.0265639971	0.0670424934	-0.0516383858	0.0278864953	-0.098402721	0.0288887154	0.0192725469	0.035164678	-0.0683777905	-0.0828609488	0.0107819177	-0.0640731776	-0.0420382664	0.0170297447	0.0058513908	0.1465715565	0.0706469322	0.0477961409	-0.0380584044	0.0087328147	-0.0645996032	0.1169264384	-0.0177347836	-0.0352461238	0.1420724977	0.0271064287	-0.0433583165	-0.0263344259	-0.0354058841	0.1187155078	0.0248013705	-0.0024658119	-0.0495830952	0.1188696822	0.0144277143	0.0489326957	-0.0471695464	0.0671699688	-0.006988997	-0.0314999837	0.0332572777	-0.045950763	0.0966242398	0.0608678283	0.0454081453	-0.071846061	0.0455436059	-0.0025826659	-0.0687649617	0.053496106	-0.0813547823	-0.0797662925	0.0091598663	0.0505259651	0.1083016927	-0.0518708193	0.008603545	0.0863775448	0.0015851574	-0.1022781598	-0.065619422	0.0316990038	-0.0171622474	0.046445707	0.0307731686	0.0472567925	-0.0947810393	-0.0483189356	0.0592748512	-0.0573373429	-0.0672305418	-0.0034287492	0.001400023	-0.0270652446	-0.020518444	-0.0629420516	0.0626361359	0.0202016131	-0.0520355883	0.0385837769	0.0023203846	0.0557306055	0.0285522281	-0.0541394198	-0.0270704183	0.0862485974	-0.075232084	0.00298683	0.0716892996	0.17570612859042	-0.0216332260500563	0.0004679964693328	0.0308726436242332	0.2620015377717521	-0.0173122625390504	0.000299714434221	0.0686448057947628	-0.0076476971914871	-0.0096504698195473	5.848727233267967e-05	9.31315677379933e-05	-0.0134505714874854	-0.000865183721901	7.485428726424688e-07	0.0001809178733399	2.7879076450298967e-05	0.0005657868246337	7.772429037216144e-10	3.201147309291972e-07	0.0050739365812512	-0.0007079402975737	5.0117946492888e-07	2.574483243055912e-05	0.0	0.0	0.0	0.0	0.0	0.0
2572.80746624205	-5.796799671972167	6619338.258350837	33.60288643697662	3230.3517579622794	-10.439785261096404	10435172.48016999	108.98911629780572	3025.853864611292	-2.579118038247998	6.651849855216201	9155791.60998309	3106.9701982214096	2377.5243805861537	0.8844649999999998	14.619909	0.197072658520618	0.1000264203177567	-0.0751607093	-0.0010700875	-0.0339835972	-0.0612075722	-0.0088093958	-0.021215898	0.0080234361	0.0502502935	-0.069833199	-0.0102715809	-0.0618765515	0.0389555114	0.0090882054	-0.0074799265	0.0866973876	-0.0118691076	-0.1211557517	0.0208906459	0.0006575939	0.0702387459	0.0342157902	-0.0321922382	-0.0869319082	0.0590003131	0.0091262085	-0.0552400183	0.0216404091	0.0616522523	0.0573110115	-0.0503636239	-0.1119843075	0.0701743332	-0.0209843703	0.0822465603	0.1279505248	0.0015973178	0.1201961888	-0.1050747833	-0.0143882398	-0.0047705004	0.05232641	0.0005175821	-0.0729333598	-0.0451157055	0.0065298985	0.056461947	0.1450287701	0.0469955329	-0.021135611	0.1227497984	-0.0366354975	0.043253545	0.0707777826	-0.029382704	0.010960245	-0.0036049505	-0.0120778756	-0.0136972733	-0.047992558	-0.074844436	0.0210922894	0.0661351881	-0.0053610624	0.0354685014	0.0218093073	-0.0037853296	0.0639561563	0.0695728665	0.1535796241	-0.1130987756	-0.0774824355	0.0271351097	-0.0328138317	0.025918173	-0.0789645132	0.069866785	0.005762393	-0.10076731	-0.0403175987	-0.0230857696	0.016045881	-0.0074750276	0.0376721558	-0.0865593225	0.04547101	0.0239015042	-0.0495866094	-0.0367519777	-0.0593775715	-0.0243859044	0.0148575822	-0.0445207966	0.008574079	-0.052166162	-0.0564462569	0.0852765994	-0.0028468733	-0.0611016392	0.0398105959	-0.0103034729	0.0288443784	-0.018414397	-0.0550968674	-0.0247790096	0.0850079043	-0.0778350419	0.0089476998	0.0670341672	0.1528547481629374	-0.0228513804274826	0.0005221855874415	0.023364574035955	0.261611683646521	-0.0003898541252311	1.519862389597265e-07	0.0684406730203673	0.0094866939177222	0.0171343911092093	8.999736148854737e-05	0.0002935873586833	-0.0146352103986839	-0.0011846389111984	1.4033693499255642e-06	0.0002141893834137	0.0006099150738683	0.000582035997418	3.719963973317738e-07	3.3876590229036725e-07	0.0037066708326938	-0.0013672657485574	1.8694156271782277e-06	1.3739408661942953e-05	0.0	0.0	0.0	0.0	0.0	0.0
2570.731252283424	-2.076213958625885	6608659.171466702	4.31066440199297	3236.984590682516	6.632832720236365	10478069.240316054	43.994469894638144	3021.398181377013	-4.4556832342791495	19.853113084236305	9128846.970428322	3103.252726843002	2363.1324037673403	0.892846	14.758445	0.3259868818611053	0.1437648916877404	-0.0499754087	0.0239002434	-0.0880000185	-0.0214700458	0.0550155581	0.0309583454	-0.0287777408	0.0408932752	-0.0592751734	-0.0605338428	-0.0444973541	0.0172250908	0.0355911196	-0.0424363508	-0.0910325101	-0.0537388676	-0.0505833732	-0.0662220589	-0.0018389895	-0.0115573048	0.0209868093	0.0287617878	-0.0208056662	0.0433195158	0.005721891	-0.038804561	-0.0144823377	-0.0233664018	-0.0221361522	0.0343607564	-0.141799076	-0.0382348697	-0.0065596755	-0.0041613293	0.0533295212	-0.1231005136	0.0253203552	-0.012544078	0.080532621	-0.035555634	-0.031150157	-0.0709609865	0.0933941046	0.0520166133	-0.0141551742	-0.0295813893	0.0126185646	0.0515154872	0.0870887212	-0.0434855679	-0.0474275041	0.0185810351	-0.0042308289	-0.0540273524	-0.0178059301	0.0090767149	0.035456681	0.0632750611	-0.0594833328	-0.0344573034	0.0573902287	0.0647153545	0.0395494366	-0.0143640911	-0.0764703828	-0.0408181501	0.0467059755	-0.0175768946	0.0652753926	0.0548312429	-0.0949289981	0.0059904285	0.0179341404	-0.0177666835	0.0189520844	-0.0433799167	0.0534883388	-0.0986213044	0.0297738863	0.0356718351	-0.0246412155	-0.0133245981	0.0431189241	0.0276614617	-0.0239391222	-0.0936778634	-0.0791445999	-0.0939992173	-0.0220284028	0.0824385448	0.0548860531	-0.0517205012	-0.0906332722	0.062890886	0.0152157068	0.0177817138	-0.0443190728	0.0354332957	0.0116665712	-0.005945498	0.0260375037	-0.004902767	-0.0560448744	-0.0224706185	0.0836361352	-0.0802246594	0.0148702542	0.0619657467	0.1120728059422617	-0.0407819422206757	0.0016631668112905	0.0125603138317718	0.2192521728215979	-0.042359510824923	0.0017943281573267	0.0480715152869918	0.1080692557533637	0.0985825618356415	0.0116789640390859	0.009718521498078	-0.015374955858782	-0.0007397454600981	5.4722334573575e-07	0.0002363892676594	0.0014878425402431	0.0008779274663747	2.2136754245570405e-06	7.707566362152755e-07	0.0024390864195694	-0.0012675844131244	1.60677024439593e-06	5.949142562127875e-06	0.0	0.0	0.0	0.0	0.0	0.0
2571.472819023603	0.7415667401787687	6612472.4589771945	0.5499212301393654	3220.4579756099024	-16.526615072613367	10371349.572669432	273.12900575833135	3018.6180571573645	-2.7801242196483145	7.729090676675149	9112054.974996502	3099.153364076006	2337.5813141714502	0.908127	15.011039	0.2023243638689651	0.0963722569880652	0.0403474684	0.0322870529	-0.1013968081	-0.0346051889	0.0605654898	0.0740084335	-0.0781558623	0.0085862818	0.0491039507	-0.0582832851	-0.0951513757	0.0128235041	-0.0492446981	-0.1104644626	0.0407648112	0.0684293253	0.0452891544	-0.0056590888	0.0537928918	-0.0053462714	0.0181246804	0.0855301105	-0.0370125129	0.022148744	-0.0052831011	-0.0300236816	0.0278698259	0.0222200643	-0.0475474094	-0.0132688642	-0.0013621441	0.0116156012	0.0418982794	0.018346797	0.020084902	-0.1193093457	0.1140622178	0.184593513	-0.0308072853	-0.004512396	0.0268183203	-0.0055499565	0.1159220866	0.0185005989	0.0173479891	0.0435165519	-0.0042858231	0.0870641201	-0.0745329205	-0.0352844365	0.0722287596	0.0407791109	-0.0269033711	0.0100435704	-0.0481476554	0.0710019363	0.0251431431	0.0350395374	-0.0322607161	0.0163926501	0.0164672353	0.0990798099	0.031289078	-0.000539501	-0.0763252617	-0.0196573956	-0.0233724684	0.0356042931	-0.0442814586	-0.0186886051	0.0031428745	0.0072674482	-0.0269597318	0.0791075543	-0.097479414	-0.0115162645	0.0730408983	-0.101643455	0.0314728415	-0.0752270009	-0.001073806	0.0148164708	0.006912278	-0.0083185174	0.0436565381	0.0406739657	-0.0191933317	-0.1269201766	-0.0563681788	0.1221261971	0.02157421	0.0605466603	-0.0656994153	0.0096902908	0.0253193245	-0.0343040662	0.0333036223	0.0182939704	-0.058484517	-0.0586429028	0.0110652912	0.0371790668	-0.0569832784	-0.0201468273	0.0821354052	-0.0823943867	0.0207291319	0.0565152869	0.0993686839846788	-0.0127041219575829	0.0001613947147131	0.0098741353568469	0.2404970397383294	0.0212448669167314	0.0004513443703096	0.0578388261228995	0.051902954752208	-0.0561663010011556	0.0026939167120097	0.0031546533681524	-0.0139854989924847	0.0013894568662973	1.9305903833007138e-06	0.0001955941820687	0.0009678313816676	-0.0005200111585754	9.366975833406156e-07	2.704116050430337e-07	0.0021043729645723	-0.0003347134549971	1.1203309695609586e-07	4.42838557402281e-06	0.0	0.0	0.0	0.0	0.0	0.0
2577.4295640137066	5.956744990103744	6643143.157451886	35.48281087712605	3232.6276623310487	12.169686721146263	10449881.6032679	148.10127489084368	3020.142723972812	1.52466681544729	2.3246088981261805	9121262.073165916	3098.7208019500085	2348.2235825557127	0.955671	15.796914	0.0813287620931434	0.0420235548876317	0.0927638139	-0.0088040159	-0.0091421034	-0.0076851201	0.0937450652	0.0646875592	-0.0702249507	-0.0535653246	0.1140071177	-0.0933965812	-0.0405899122	0.0424816008	0.0009264786	-0.0854374886	-0.0543734967	-0.0614424889	0.1175710946	-0.0309673605	0.0644884549	-0.1554875064	-0.0024128691	-0.0203916989	-0.0064190679	0.0317199696	-0.0618740317	-0.0547574664	0.1125517016	0.0019136779	-0.0395468773	-0.0189916756	0.0457072405	0.0188192672	0.1008512425	0.0159832737	0.0931095262	0.0767821795	0.1057753866	0.1457681001	0.0719746475	0.0079816364	-0.0086719819	0.1533851386	-0.0115562128	0.0382557319	0.0574449293	0.0425846506	-0.0067560326	0.015871591	-0.0411132171	-0.1802370307	-0.0296996343	-0.0315672677	-0.10882369	0.0390452143	-0.0632716745	-0.0327102504	0.0519996172	0.0466926642	-0.0929344005	0.0130551478	0.006754913	0.0999147578	0.042131371	-0.0241342323	0.0126483695	0.0371341224	0.0363559454	0.0572298737	-0.0764985189	-0.0736996991	-0.0244220389	0.0261449379	-0.0453720869	0.0039303101	-0.0566005874	0.0808278945	0.0301057357	-0.1264933859	0.0500320474	-0.0250105718	-0.0004045113	-0.0432854315	0.0308588487	-0.0297537427	-0.0653339873	-0.0634643365	0.1040612655	-0.0439978322	0.0105163814	0.129936083	0.0385586577	0.0634965452	-0.0703290454	0.0180701329	0.0187591633	-0.0144514548	0.0536948938	0.0478444854	-0.0091664619	-0.0557759637	0.0591960019	-0.0373065241	-0.0579119187	-0.0178092284	0.0805080284	-0.0843382767	0.0264992443	0.0507163915	0.0977170931940776	-0.0016515907906011	2.727752139598664e-06	0.0095486303023	0.2611368664938425	0.020639826755513	0.0004260024484975	0.0681924630422229	0.0555786607396271	0.003675705987419	0.0030889875296105	1.3510814505948617e-05	-0.0145328483737384	-0.0005473493812537	2.995913451588097e-07	0.000211203681854	0.0010274004230623	5.9569041394699936e-05	1.055551629308593e-06	3.5484706926834742e-09	0.0016040586160285	-0.0005003143485437	2.503144473588069e-07	2.5730040436552665e-06	0.0	0.0	0.0	0.0	0.0	0.0
2581.470450385255	4.040886371548368	6663989.686212251	16.328762667765332	3241.123721631758	8.496059300709476	10504882.9789241	72.18302364117199	3022.1883194812235	2.0455955084116795	4.184460984034038	9133622.238408742	3102.92195668322	2357.799904355712	0.991374	16.387077	0.157964789786304	0.0773671224555724	0.0118906794	-0.0287323812	0.0932586389	0.0288700433	0.1164031449	0.0663805545	0.0035269006	-0.1007217348	0.0868453764	-0.0392347601	0.0543667828	0.1225919413	0.0640915412	-0.0689705121	-0.0061675795	0.1035422799	0.0730567656	-0.0251381105	-0.0422790446	-0.0189166506	-0.0389967734	-0.015360358	0.1177101996	-0.0757857734	-0.004471018	0.1191600373	0.0420365603	-0.0092233987	0.006405568	0.0294179287	0.0281522468	-0.0437788008	0.0809586317	-0.0174987442	0.0720696225	0.0418183971	-0.0290000362	-0.0487632387	0.0403835461	0.1070747524	0.0854841239	0.0893667714	-0.0044797422	0.0207073423	-0.0214297359	0.0325740291	0.0747308124	0.0251815473	-0.0423300599	-0.0670970351	0.1215384323	-0.0128725165	0.0002258698	-0.0247249954	0.0972243879	-0.0975616775	0.0152182584	0.1114024571	-0.0254309296	0.1906467035	-0.0280056136	-0.0054761986	0.002465246	-0.1127830228	0.0190433692	0.0647669673	0.0143707736	0.0592949038	0.0001171742	-0.0715690539	-0.0024712706	-0.1230828492	0.0387231226	0.0170771577	-0.1276038	0.0531599193	-0.0562851414	0.0627742163	0.0737741332	-0.0136149959	0.0097885534	-0.0879280665	0.002135002	0.0490345788	0.0607486765	0.0702952876	-0.0030468579	0.0790711487	-0.0296046161	0.0490389604	0.0194492179	0.0724054007	-0.1004972219	-0.0134730225	-0.0059214885	0.0191663603	0.0782523755	-0.013432735	0.0453573515	-0.0969113484	0.0510817988	0.0010759631	-0.058830636	-0.0154594239	0.0787565141	-0.0860510014	0.0321558829	0.0446048127	0.0834441071130385	-0.0142729860810391	0.0002037181316695	0.0069629190118922	0.2339287164026302	-0.0272081500912123	0.0007402834313859	0.0547226443577821	0.0015086105424444	-0.0540700501971826	2.275905768774387e-06	0.0029235703283258	-0.0149933515632897	-0.0004605031895512	2.1206318758691985e-07	0.0002248005911004	0.0016999396363512	0.0006725392132889	2.88979476723785e-06	4.523089934112525e-07	0.0014888289505313	-0.0001152296654972	1.3277875810596602e-08	2.216611643940132e-06	0.0	0.0	0.0	0.0	0.0	0.0
2582.232189882068	0.7617394968128792	6667923.08246314	0.5802470610047384	3220.482482910156	-20.64123872160235	10371507.42273116	426.0607359621762	3021.501751297091	-0.6865681841327387	0.4713758714633261	9129472.833091388	3100.016783109624	2383.325239863092	0.953981	15.768978	0.0908443646341393	0.0584967365597063	-0.0483008539	0.0675963376	0.071002113	0.0077069752	0.1264769919	-0.0666297185	0.0063831193	-0.0893317304	-0.0740192628	-0.0116511009	0.0899733916	0.1127380687	-0.1394307554	-0.0710108868	0.0374861205	-0.0802359795	0.0403029093	-0.0788290485	-0.0579050176	0.0399979563	0.053304609	-0.0404294702	0.052710757	-0.1400203117	-0.016041396	0.0014930173	-0.0131198157	0.0100815426	0.0351992934	-0.0162105063	0.0483876609	-0.0595921223	0.0478721868	-0.0844534647	-0.063980144	-0.061603458	0.0362270643	0.0745821889	0.0654160643	-0.0693647861	-0.0244857617	0.1628487464	0.0084486834	-0.0129491191	-0.0589919084	0.1104342996	0.046076967	0.0214473925	-0.0696328384	-0.0629353972	-0.0584428922	0.0577260458	0.0015304266	-0.1125055347	0.0302631939	-0.1018439656	-0.0038697219	-0.0636780859	0.0235026379	0.0924574631	-0.0423649487	-0.0250590309	0.0409542141	-0.0306356194	0.0252026247	0.0235213759	-0.0083745683	-0.0031288506	-0.0385083809	-0.0583599556	0.1115559139	-0.1023031176	-0.0073290094	-0.1095534294	-0.0705315036	-0.0163993436	0.0682411722	-0.1279518364	0.1253945047	-0.0037903058	0.042467668	-0.0972998883	-0.0620456403	-0.0935091681	-0.0271574213	0.0087070504	-0.0354287801	0.0410847857	-0.0710474541	-0.0090925809	0.0035532703	-0.0430441845	-0.1215669775	0.0206736298	0.0168404609	0.0638182759	0.019023047	-0.0364819763	0.1295373315	-0.0980440427	0.0483895321	-0.0363394238	-0.059739273	-0.0130990243	0.0768835629	-0.0875278662	0.037674825	0.0382182304	0.0537773013757174	-0.029666805737321	0.0008801193626559	0.0028919981432547	0.2333366395655218	-0.0005920768371083	3.505549810402626e-07	0.0544459873637302	-0.0067226791937855	-0.0082312897362299	4.519441554255646e-05	6.775413072176371e-05	-0.0150164936528616	-2.3142089571900545e-05	5.355563097538678e-10	0.0002254950816264	0.0016618225225104	-3.811711384079991e-05	2.761654096322829e-06	1.4529143675524999e-09	0.0005030043074744	-0.0009858246430569	9.718502268582642e-07	2.530133333378008e-07	0.0	0.0	0.0	0.0	0.0	0.0
2578.886028014627	-3.346161867440969	6650653.145489058	11.196799243116034	3210.7034575105445	-9.779025399611328	10308616.692070164	95.6293377662435	3025.2362332022262	3.734481905135453	13.946355099784126	9152054.266679594	3103.3298763193984	2376.594865159645	0.903892	14.941035	0.1045589502186637	0.0566036289264451	-0.0337156081	0.0788235652	-0.0189991421	-0.0035436531	0.1047925255	-0.0939793292	-0.0709182283	0.005187758	-0.0952249339	0.0592387693	0.0224426728	0.0492462377	-0.1371447644	0.0114033568	-0.0931260154	0.0528799099	-0.0181045333	-0.1271922452	-0.0664314432	0.0139033752	0.0229735033	0.0397230443	-0.1136725342	-0.1397442347	0.0290439185	0.0275802179	-0.0060109013	-0.0651651182	-0.0754309028	0.0022023927	-0.0040013183	-0.0141854666	0.1079266386	-0.020305986	-0.0981126405	0.0560171759	0.0049574795	-0.0296182774	0.0155626871	0.0197722455	-0.066596641	0.0055746576	0.1384018184	0.0262356953	-0.1782691582	0.0526337688	-0.0235059761	0.0033862091	0.094294164	-0.0261994862	0.0581462255	0.0397189209	-0.0186686032	-0.1505037128	-0.0601055129	-0.0416205666	-0.0254543958	-0.0247147583	0.0590087144	0.0054633043	-0.083759136	0.0319478118	0.0543385416	0.0204751896	-0.0023141492	0.092295902	-0.0340874016	0.0909302574	-0.1005383534	0.0816264813	-0.0800109576	-0.1459003344	-0.0200962261	-0.129007519	-0.0225357215	0.0132915918	0.0533615131	0.0117920416	0.1339679803	-0.0167503735	0.0152837386	-0.0803487125	-0.0576607072	0.0792465328	0.0320647652	-0.01462944	-0.0726753626	-0.0341320543	-0.0802608844	0.0365172877	0.0127108595	-0.0852437678	-0.0959128376	0.0624673129	0.0189166981	0.0188088129	0.000949165	-0.0145940779	0.1411555039	-0.0825958943	0.0594410731	-0.0610037114	-0.060637674	-0.0107296473	0.0748920628	-0.0887648233	0.0430324377	0.0315960199	0.0498743093230302	-0.0039029920526872	1.5233346963339464e-05	0.0024874467304492	0.207326025794643	-0.0260106137708788	0.0006765520287378	0.0429840809718009	0.0306247348669472	0.0373474140607327	0.0009378743856708	0.0013948293370238	-0.0149917014083425	2.4792244519100323e-05	6.146553882948601e-10	0.0002247511111168	0.002365732438837	0.0007039099163265	5.596689972165659e-06	4.954891703029207e-07	0.000520260753316	1.7256445841599966e-05	2.9778492308407273e-10	2.706712514409318e-07	0.0	0.0	0.0	0.0	0.0	0.0
2576.654241604622	-2.231786410005043	6639147.080779089	4.980870579883197	3207.8398568557086	-2.863600654835864	10290236.547232052	8.200208710376387	3023.181273290716	-2.0549599115101955	4.222860237913991	9139625.011175675	3100.831557123712	2348.8216251362724	0.966453	15.975138	0.0847821950022543	0.0496478740550743	0.0792558242	0.0488865287	-0.049747386	-0.0233087261	0.0766278033	-0.002987517	-0.0669957769	-0.0238867768	0.0108631561	0.0406586777	-0.0517517063	-0.065266095	-0.185059442	-0.0254624176	0.0553963345	-0.0577146997	-0.0500432748	-0.1105999494	0.0251033292	-0.1132911873	0.0492177713	0.0253518605	-0.1791338538	-0.030841675	-0.0164927951	-0.110126371	0.0284029535	0.0241846995	0.0166577435	-0.092772647	0.0061221755	-0.014527556	-0.0049194268	-0.0185973283	0.0404741633	-0.0419274236	0.026031503	0.0361417697	0.0897338312	0.0783426031	0.077314724	0.0415777259	0.0455914083	0.0943404234	-0.0218362416	0.0159915951	0.0670013232	0.0260265146	-0.0528175289	0.0189912835	-0.065527504	-0.0066133676	-0.0711063914	-0.088418284	-0.13949195	-0.0391386005	0.0027699796	-0.0518096986	-0.0460468425	-0.0274757155	-0.0319021491	0.1373562725	0.0578836198	0.0344896125	-0.041817958	-0.0741759024	0.0151636374	0.1270774002	-0.0908424397	-0.0664810805	0.0400972071	-0.0090549189	-0.107364247	0.0233021268	-0.0820009169	-0.0820619519	0.0092585163	-0.0476086727	0.125723051	-0.0320275445	0.016466446	-0.0299035695	-0.047933378	-0.0663193399	-0.0192531611	0.0487409678	0.0139875492	-0.1030467729	-0.025227882	0.1526154831	-0.0788124854	-0.0312351052	-0.123628846	0.124381834	0.0025334296	-0.1185664552	-0.0508726796	0.0078850945	0.1206979481	-0.0202239763	0.0019620018	0.0009450794	-0.0615256851	-0.0083529168	0.0727850846	-0.0897584821	0.0482057789	0.0247790096	0.0431933167273683	-0.0066809925956618	4.463566206328911e-05	0.0018656626099107	0.1999541271386959	-0.007371898655947	5.434488979355451e-05	0.0399816529597977	0.0670032604126475	0.0363785255457003	0.004489436905925	0.0013233971208791	-0.0149235606966439	6.814071169860061e-05	4.6431565907918065e-09	0.0002227126638664	0.0017839387981897	-0.0005817936406472	3.182437635686511e-06	3.384838402976396e-07	0.000557341965069	3.7081211753000015e-05	1.3750162650708262e-09	3.1063006602697445e-07	0.0	0.0	0.0	0.0	0.0	0.0
2576.228877590004	-0.425364014618026	6636955.22972865	0.1809345449319642	3214.120693089772	6.280836234063372	10330571.829747876	39.44890379912336	3021.015673116672	-2.1656001740439024	4.689824113818981	9126535.69721658	3098.2812232484207	2361.5687965118323	1.034437	17.098888	0.206604479157439	0.1107673344066371	0.0894414073	-0.0405662896	0.0154872328	0.0193189197	0.0783531248	0.008528209	0.0016585016	-0.0351254527	0.0609771426	0.0367655531	0.0738896491	0.0051484902	-0.1029651318	-0.0289147092	-0.0821427088	-0.0069129786	-0.0337955346	-0.0720031203	0.0196213595	-0.1658614319	-0.0307058113	-0.0026914218	-0.0337010941	-0.0725326804	0.0207072906	-0.0978413813	-0.0491235667	-0.0209714685	-0.1305761942	-0.0165947426	0.0135905534	0.0294898164	0.048487579	-0.1017755573	-0.0534674309	0.0362394646	0.0011269177	-0.1257418454	0.0213381224	0.1170356692	-0.0374626979	0.0346667074	-0.040401261	0.0241664154	-0.072474182	-0.0921457128	-0.0678941277	0.0365734874	0.0656753949	-0.0398139982	0.0089862632	-0.0404359865	-0.0903942405	-0.0381187507	-0.0536083752	-0.1561613822	-0.041069829	-8.32186e-05	-0.0002152559	-0.0142822895	0.0840742707	0.0347155994	0.0925322433	0.1343224343	-0.0124207008	0.0452215534	0.0456422989	0.0518958621	-0.0164919508	0.0132150188	-0.0689363479	-0.1284369839	-0.0098678262	0.0121926154	0.1335105352	-0.039440167	-0.0310440424	0.0845994677	0.1104998952	0.0929108272	-0.0290085053	-0.0755581177	0.0233193273	0.0831175963	-0.0249334709	-0.0175915642	0.0753376805	-0.0328300169	0.0347763074	0.1145871414	0.0553558764	-0.044183093	-0.0697471251	0.057320826	0.0407409722	0.0252154446	0.0114478899	0.0401232746	0.0374586184	-0.117307564	0.0073904389	-0.0604773713	-0.062403154	-0.0059704615	0.0705658771	-0.0905061192	0.0531726956	0.0178092284	0.0545365154910371	0.0113431987636688	0.000128668158192	0.0029742315219041	0.2203346048424634	0.0203804777037674	0.0004153638714337	0.0485473380910844	0.0946431526446502	0.0276398922320027	0.0089573263425185	0.0007639636425967	-0.0169015638955642	-0.0019780031989203	3.912496654938945e-06	0.0002856628621158	0.0021781086198759	0.0003941698216861	4.7441571599776975e-06	1.553698483281307e-07	0.0011299871536225	0.0005726451885535	3.279225119734735e-07	1.2768709673518791e-06	0.0	0.0	0.0	0.0	0.0	0.0
2579.2536388389285	3.024761248924733	6652549.333463854	9.14918061299671	3237.244705293808	23.124012204035807	10479753.281952793	534.7199404123969	3021.369875293568	0.3542021768957966	0.1254591821177211	9128675.92333147	3100.505314603765	2383.583162048847	1.045745	17.285818	0.1331330414787845	0.0682416033294722	-0.0605768714	-0.0008322169	0.0698204697	0.0371696333	0.0989860245	0.013336449	0.0663820251	-0.0632764371	-0.0318068105	-0.0178545213	0.0530027452	0.0553436977	-0.0987088687	-0.0838974802	0.0862176949	0.040020512	-0.0308217967	-0.0652296201	-0.0874035609	-0.0261814011	-0.0616642758	-0.0163785745	-0.0091555692	-0.0188616711	0.0408811934	-0.0801163487	-0.0329961434	-0.0760490383	-0.0546408076	-0.0234317099	0.0714321262	0.0068144514	0.0120181528	-0.0256018304	0.106989494	-0.0213592627	0.1075912908	-0.0520307242	-0.1539202568	-0.011206683	0.078083775	-0.0106007216	-0.0443054365	0.0374325146	-0.0430943678	0.0024678758	0.0455256262	0.0753024904	-0.0964505598	0.0236787921	0.0408336623	-0.0294543124	0.0178275143	-0.0978451691	0.0149162089	-0.0912787037	-0.0725036203	0.0044343401	0.0694853319	-0.0246282386	0.0820195783	0.0282690251	0.0096462108	0.0548693198	-0.0187662904	0.0017788619	-0.080380159	0.008641144	-0.0178280821	-0.0690204436	0.0036149602	-0.1078248867	0.0880189359	0.1218157824	-0.0193208818	0.0498696117	-0.0242816396	-0.0113322743	0.1084577291	0.0498228291	-0.0101839856	-0.0605987531	0.021221735	-0.0356470102	0.0343418486	0.0995220833	-0.0333266773	0.0344080217	-0.0683168765	0.058436148	0.0353151761	0.0011681504	-0.0780564519	0.0373344585	0.0231310375	0.0698699333	0.0295659957	0.032230639	0.0464082134	-0.100512338	-0.0061179566	0.0153631417	-0.0632699305	-0.0035839144	0.0682378621	-0.0910056853	0.0579119187	0.0107296473	0.0835605431776684	0.0290240276866312	0.0008423941831543	0.0069823643761469	0.2305102291950902	0.0101756243526268	0.0001035433309657	0.053134965763573	0.0572256156665389	-0.0374175369781113	0.0032747710884144	0.0014000720735083	-0.0159646324737774	0.0009369314217868	8.77840489131438e-07	0.0002548694900227	0.0022047964026064	2.668778273049984e-05	4.861127176946122e-06	7.122377470703652e-10	0.0012966849983335	0.000166697844711	2.77881714312927e-08	1.6813919849031491e-06	0.0	0.0	0.0	0.0	0.0	0.0
2580.9790660723293	1.725427233400751	6661452.939503593	2.9770991377609697	3215.881351400738	-21.36335389306987	10341892.866287036	456.3928895605436	3021.721070833733	0.3511955401650084	0.123338307431792	9130798.229920562	3101.40662400266	2384.859800470833	1.012054	16.728907	0.0726330951401784	0.0326402906971344	-0.0403097613	0.0830437897	0.0020567663	0.0049744145	0.0813977707	-0.0413834589	-0.0679285883	-0.0135356642	-0.0906465185	0.0316347824	0.0366738657	0.076454707	-0.0397333018	-0.0552289821	-0.070033827	-0.0579202313	0.0562306568	-0.0621171543	-0.0595163365	-0.0665899273	0.0920314262	0.0419482577	-0.0217008837	0.0489842223	0.0771118201	-0.0239935288	-0.087972097	0.030325754	0.0157160274	0.0139627966	-0.0061824519	-0.0446251453	-0.0273502892	-0.0623550106	0.0259833642	-0.0393318769	-0.0451746757	-0.0974025098	0.037998427	-0.0315201843	0.0279086823	-0.0608623906	-0.0423959682	-0.1888576249	-0.0156024351	0.0200338519	-0.0513630877	0.0150712905	0.036408824	-0.1147265493	-0.0272367478	0.0776193917	0.0272261835	-0.088227964	-0.0436235048	-0.0388179921	0.0438817076	0.0305798562	-0.0041054442	-0.0502672465	0.0879883554	-0.0563553108	0.007799218	0.0057776838	-0.0141378948	-0.0909463607	-0.0031350506	0.0409153064	0.0475392343	0.0600225236	-0.040370885	-0.0567220626	0.0275372279	-0.0202717323	0.0620462105	-0.1223741483	0.0221981812	0.0735750965	0.0961177678	0.0802448207	-0.0015191974	-0.0698553732	-0.034130019	-0.0081774377	-0.0260599993	-0.0789274466	-0.045421906	-0.056265104	-0.0445114263	0.0375529589	0.0531259902	-0.0457982684	-0.0416026725	0.088859091	0.0764509554	0.1034694814	0.0034547901	0.0602288098	-0.0239474136	-0.1158903525	-0.0230213196	-0.0509666489	-0.064125866	-0.0011949111	0.0658046293	-0.0912558111	0.062403154	0.0035839144	0.0850983754265541	0.0015378322488857	2.3649280257128696e-06	0.0072417335002387	0.2189546302741973	-0.0115555989208929	0.0001335318664205	0.0479411301185104	0.0748536704240336	0.0176280547574946	0.0056030719759498	0.0003107483145332	-0.0163199150464381	-0.0003552825726607	1.26225706436407e-07	0.0002663396271229	0.0020429430934092	-0.0001618533091971	4.173616482908351e-06	2.6196493698084414e-08	0.0016177813007337	0.0003210963024002	1.031028354150807e-07	2.6172163370036227e-06	0.0	0.0	0.0	0.0	0.0	0.0
2579.602869485728	-1.3761965866010542	6654350.964259003	1.8939170449723928	3211.4767703190905	-4.404581081647393	10313583.046299135	19.40033450480612	3023.304867797103	1.5837969633698776	2.508412821179645	9140372.323645657	3101.804871514503	2358.0744271740687	0.959253	15.856121	0.1659381897659744	0.0698853201733482	0.0850402445	0.0728217053	-0.0277641433	0.0143422805	0.0870855986	-0.0029734554	-0.0861843328	-0.0474691227	0.0169817232	0.025380522	-0.0434495226	0.0087301798	-0.0784771067	-0.0466081386	0.0394165746	0.0665955852	0.0463572472	-0.0824097067	-0.0036183921	-0.0656476117	0.0221639712	0.0884409786	-0.0245116144	0.04200088	0.0121350245	0.0793510513	0.0224583096	-0.0068897079	0.0231835651	0.0349068677	0.0531863867	0.0429385651	0.1971774158	0.0496219262	-0.0321103746	0.1384032481	-0.0243385332	0.0341188751	0.0053229593	-0.0268145698	0.0079235656	-0.0699510938	-0.0045587822	-0.1687879557	-0.1139649358	-0.0908899791	-0.0225981563	0.0229275191	-0.0592580362	-0.0260125885	0.08231424	0.038365196	-0.0572071548	-0.0578517931	-0.1130968422	0.0115885084	0.0254443884	0.0228023932	0.0141240138	0.0171551354	-0.0216128689	0.0172724796	-0.1205065889	-0.0765847275	0.0170392081	0.0321537704	-0.0124179879	0.0813879943	-0.048540399	0.0536112735	-0.009636149	-0.0483590004	0.0409022555	0.0959979561	-0.0269303016	0.0084600475	0.1471814639	0.1722212171	0.089770781	0.0053358813	0.0020270266	-0.0310024588	-0.0594902028	0.040977549	0.0513186249	0.0605292777	0.0139295126	-0.0895481941	-0.015541221	0.1132245532	-0.0457451711	0.0172278766	-0.0390359889	0.0197131796	-0.0129685728	-0.1225767841	-0.0214505887	0.055708046	0.0379672159	-0.0230289494	0.0382204919	0.0156039591	-0.0649708138	0.0011949111	0.0632699305	-0.0912558111	0.0666271694	-0.0035839144	0.0605381565407014	-0.0245602188858527	0.0006032043517209	0.0036648683973464	0.2431760066135808	0.0242213763393835	0.000586675071774	0.0591345701925282	0.0410936044897454	-0.0337600659342881	0.0016886843299596	0.0011397420518874	-0.0154686339206779	0.0008512811257602	7.24679555075556e-07	0.0002392786353719	0.0015450473298834	-0.0004978957635257	2.387171251579824e-06	2.479001913369392e-07	0.0012990276178907	-0.000318753682843	1.0160391032597584e-07	1.6874727520427868e-06	0.0	0.0	0.0	0.0	0.0	0.0
2588.769134192055	9.166264706326729	6701725.630145482	84.02040866645103	3244.3449018045435	32.86813148545298	10525773.841865132	1080.3140673450253	3029.294056898246	5.989189101142983	35.8703860892499	9176622.483159032	3110.443102118309	2375.616204977696	1.180569	19.514408	0.209030326482446	0.1313583338083479	-0.0209024429	0.0220674939	0.1058605608	0.0552301811	0.1036538237	0.0879772608	0.0374796462	-0.1102639631	-0.0155578854	0.0006604734	0.0316530112	0.1167879462	0.0370153117	0.0211726575	0.0372648556	-0.0659429715	0.1695225669	-0.0884896807	-0.0910008012	0.10427168	-0.0692636696	-0.0979705068	-0.0520591228	-0.0037975309	-0.0506570933	0.0044510741	-0.1233195951	0.1205913335	0.1028214789	-0.0168127942	0.027753594	-0.0406717144	0.0871524885	-0.0884815815	-0.0450465305	-0.0266384159	-0.0534187394	-0.0846322472	-0.0208572401	-0.09351009	-0.0588536384	-0.0189334234	-0.0196013274	-0.0144484116	0.1247412852	0.0698364137	-0.1073344639	-0.0935752209	-0.0835900372	-0.0984567299	-0.015694156	0.0730744294	-0.0415813248	-0.0868917699	0.1831703611	-0.0392439825	-0.0966670502	0.0381244998	0.0185219515	0.0051818699	-0.0547410268	-0.1210963299	-0.0920433892	-0.053802574	0.0089598892	-0.1203137093	0.0812617097	0.0840869565	0.0412775968	-0.026963191	0.05106009	0.0137892282	0.0478215154	-0.1013581244	0.1416820153	0.1435422601	0.054819518	-0.0679402853	0.1049441753	0.1000344825	0.0382405723	-0.0672665669	-0.0671235009	-0.0191486726	-0.1023978447	0.0560060576	-0.0418420154	0.0603150785	0.0217608033	0.0013433316	-0.0354401255	0.050673166	0.0494769633	-0.0198177707	0.0195190034	0.0060854617	0.0043552545	-0.0395784071	0.04384168	-0.033736046	-0.0872098345	0.0971068072	-0.0658046293	0.0035839144	0.060637674	-0.0910056853	0.0705658771	-0.0107296473	0.0797734263712328	0.0192352698305314	0.0003699956054533	0.0063637995550065	0.2399221591665679	-0.0032538474470129	1.0587523208432388e-05	0.0575626424591479	0.0102201417701337	-0.0308734627196117	0.0001044512978016	0.0009531707002992	-0.0178389962918453	-0.0023703623711674	5.618617770646346e-06	0.0003182297887004	0.0022018202046623	0.0006567728747788	4.848012213659132e-06	4.313506090453405e-07	0.0013852473016502	8.621968375949998e-05	7.4338338675881864e-09	1.9189100867291606e-06	0.0	0.0	0.0	0.0	0.0	0.0
2595.491782163189	6.722647971133938	6736577.591276647	45.193995743791255	3244.5847737130944	0.2398719085508673	10527330.353810852	0.0575385325118356	3033.7159517440327	4.421894845786937	19.55315402719708	9203432.475866202	3111.7933921002327	2392.258583153384	1.216213	20.103594	0.2626340522494779	0.1256915638995621	0.1039976752	0.1029619509	0.0568168748	0.0196785893	0.0775557916	-0.0760053007	-0.0342400334	-0.1388261309	0.0109980444	0.071502754	-0.0502406177	0.0491638608	-0.0045682605	0.1086593992	-0.0102290355	0.0792291378	0.1233794602	-0.0489890398	0.0566368886	-0.0071778114	-0.0173485062	0.0375231066	0.0100401243	-0.0434929982	0.1034718473	0.0487079352	-0.0973792629	0.1020107213	0.0720684098	0.0491911407	-0.0106408999	-0.0535998854	-0.0171672034	-0.1352456818	0.0142682956	0.0469456281	-0.0825938933	-0.0927315881	0.0134528014	0.0482380379	0.018283586	0.0091407892	0.052400699	0.0388709398	0.086407277	-0.0104322075	-0.0325097799	-0.1378226128	0.0019628843	-0.0277703744	0.1112850167	0.0756102796	-0.1135082134	-0.001886636	0.0337996032	-0.032126299	0.0027674369	0.0059464836	0.1171130905	0.0204945724	-0.0120971477	-0.0648645534	0.0002102913	-0.1051500342	-0.0065289476	-0.0146942473	0.1132750047	-0.0530230938	-0.0682510581	-0.1099822182	0.0006882973	-0.0734933078	-0.0348214143	0.0018115716	-0.0118096446	-0.0336896984	-0.0418910667	0.0320832614	0.0698674296	0.0192531321	0.0588243943	0.0008105806	-0.1329460879	0.1269607234	-0.0052569639	0.1031850589	-0.0163859074	-0.0083011572	0.1657586327	-0.1326849646	-0.1016453964	0.0663993675	0.1048452786	0.1269133547	0.0063411382	0.1250081531	-0.1113068422	0.1040224987	0.1215397187	0.079205982	-0.0292552936	0.0852884101	-0.0666271694	0.0059704615	0.0579119187	-0.0905061192	0.0742024108	-0.0178092284	0.1026554473809682	0.0228820210097353	0.0005235868854899	0.0105381408769867	0.2654024359660667	0.0254802767994988	0.000649244505779	0.0704384530167221	0.0347417127871523	0.0245215710170186	0.0012069866073849	0.0006013074451426	-0.0160585984600648	0.0017803978317805	3.1698164394087118e-06	0.0002578785845015	0.001173040660154	-0.0010287795445082	1.376024390374532e-06	1.0583873511987049e-06	0.0023710735938259	0.0009858262921756	9.718534783448885e-07	5.621989987338468e-06	0.0	0.0	0.0	0.0	0.0	0.0
2586.7848042441424	-8.706977919046494	6691455.623468406	75.81146448276321	3253.6901421108128	9.105368397718394	10586499.54086908	82.90773365816882	3034.545564054712	0.8296123106792948	0.6882565860306387	9208466.780324131	3115.327878262134	2428.569114452584	1.362489	22.521477	0.1064856725548357	0.0563703760928774	-0.0840223102	0.0535505249	0.0624379082	-0.0068014329	-0.0372102705	-0.1303499407	0.0582021944	-0.084318141	-0.1602015071	0.1244337707	-0.0542557846	0.0108581441	0.0293679233	0.120597912	0.1045892262	-0.0828480563	-0.0154421408	-0.0106338829	-0.0159937844	0.0652387849	0.0047641141	0.0502289826	-0.0237648669	-0.0346769681	0.0331589655	0.0383478101	-0.0656934462	0.0616591498	0.1034407471	-0.0959715894	-0.0471770265	-0.0481687362	-0.1697155599	-0.006961943	-0.0349156504	0.0750579533	-0.0519908677	-0.0452786367	0.0362581683	0.0727980233	-0.1136831696	-0.0954749379	-0.0354867271	-0.0460718877	-0.0002756709	-0.0323005457	0.0444044446	-0.1049982892	-0.0466730884	0.1005596929	-0.0882347279	0.057704034	0.0316488668	-0.05830732	0.0508327635	0.0205385073	-0.006453586	-0.0678150687	0.0918968587	-0.0119113775	-0.0458924281	-0.0900647977	-0.0667835945	0.0266242334	0.0706815414	-0.0836617673	0.0881110013	-0.0527793242	0.0311850426	-0.0291995713	0.0944847849	0.1432585024	-0.051407467	-0.0525187416	0.0447898737	-0.1436765249	-0.016643767	0.1377859781	0.0289877151	0.0510394475	0.030020362	-0.026179477	-0.070752386	-0.0739259941	-0.0250183186	0.0567173094	-0.0512731343	0.0313414331	0.015118893	-0.0832695783	-0.0873609509	-0.1285533874	0.1386239487	-0.0168285184	0.0465432938	0.0729401604	-0.0524788486	0.0184183705	0.0059722944	0.0352793426	-0.0766175093	-0.0358056262	-0.0674382934	0.0083529168	0.0550968674	-0.0897584821	0.0775211985	-0.0247790096	0.1145644812471573	0.0119090338661891	0.000141825087626	0.0131250203634302	0.2561378734490631	-0.0092645625170036	8.583211863146879e-05	0.0656066102150082	0.0149186666760243	-0.019823046111128	0.0002225666153903	0.0003929531571239	-0.0169477310920222	-0.0008891326319574	7.905568372114941e-07	0.0002872255891674	0.0015678045541405	0.0003947638939865	2.458011119983692e-06	1.558385319953847e-07	0.0023969576690923	2.5884075266400207e-05	6.69985352396671e-10	5.745406067420393e-06	0.0	0.0	0.0	0.0	0.0	0.0
2574.7217413811977	-12.063062862944662	6629192.045541028	145.51748563535466	3211.4766512443684	-42.21349086644432	10313582.281487742	1781.9788111313778	3028.532198666064	-6.013365388648253	36.16056329739276	9172007.278357102	3110.132623810464	2383.4810345509704	1.353482	22.372597	0.2453693562310916	0.1408271085549581	0.0699891176	-0.0560000898	-0.0048863653	-0.0214886779	0.0092133811	-0.1322295832	0.0359194347	0.0709132026	0.033617495	0.043355471	0.0176066522	-0.0597126984	-0.0864835669	0.0941386173	-0.0720197808	0.0211131244	-0.1045517381	-0.1445104065	0.1164957073	0.0244168698	-0.0262852529	0.0606548398	0.0388008362	-0.0577519578	-0.0679535002	0.0351344628	0.036773683	-0.0420484138	0.0012825974	0.0269037897	0.0193252359	-0.0218649433	0.0080317947	0.0066642904	-0.0056449676	-0.0356852225	-0.0736581395	0.0665072506	-0.0119248097	-0.1153016073	-0.0073728435	-0.0294079254	0.0904580461	0.1407406667	0.0007258846	-0.0366111145	0.044459495	-0.0185943068	0.1290021484	0.0957989153	-0.0088552887	-0.0481338142	-0.13102648	-0.0534173889	-0.0277155313	0.0596255834	0.046567873	-0.0544714893	0.0387187088	0.0814298919	-0.0617781962	0.085200448	-0.0506828798	0.021795325	-0.0003945394	0.0123923525	-0.0567635483	-0.0832369318	-0.0772035747	0.0472477332	0.0607512709	0.025884263	0.0990683664	-0.0733230118	-0.0976931035	0.0741175577	-0.0064619968	-0.0444498569	0.0300282143	-0.074858443	0.0282234308	-0.0293260549	-0.0419144522	0.0924175319	-0.0033800156	-0.056135469	0.0635390305	0.0131507435	0.0391855825	-0.0518686426	0.1098052821	-0.1516887999	0.0153224071	-0.0218678539	-0.1953336883	-0.0787054954	0.0361098897	0.1180167239	0.0849344262	-0.0102730509	-0.1038826592	-0.0269485351	-0.0682378621	0.0107296473	0.0521968607	-0.0887648233	0.0805080284	-0.0315960199	0.0785884399627576	-0.0359760412843997	0.0012942755464968	0.0061761428957799	0.236608170124839	-0.019529703324224	0.0003814093119322	0.0559834261698247	-0.0075134521742086	-0.0224321188502329	5.645196357411994e-05	0.0005031999561109	-0.014370729607194	0.0025770014848281	6.640936652806743e-06	0.000206517869443	0.0009531997373342	-0.0006146048168063	9.08589739253988e-07	3.777390808415056e-07	0.0025539812229025	0.0001570235538102	2.4656396451184775e-08	6.522820086938551e-06	0.0	0.0	0.0	0.0	0.0	0.0
2566.0930398149594	-8.628701566238306	6584833.488986779	74.45449071920339	3220.3205296803108	8.843878435942315	10370464.313880475	78.21418578972549	3021.0882991486533	-7.4438995174105	55.41164002530428	9126974.511252902	3101.553137856341	2388.777256424077	1.361049	22.497688	0.218799799990018	0.1125219733088403	-0.062610579	-0.1579470491	-0.0352450781	0.0155987495	0.0321389241	-0.0761258555	0.1105285217	0.078226696	-0.0030450301	0.0235514535	0.0505930184	0.0247078792	-0.1146272379	-0.0537827661	0.0599813098	-0.0279092081	-0.0982812677	-0.0240259039	0.0193677824	0.0938723541	-0.1243815982	-0.0100044107	-0.0120146844	-0.0157915441	0.0634898989	-0.0854185231	-0.0623915112	-0.021459345	-0.0806746856	-0.0024302343	0.0285358695	-0.0358489948	0.081889833	0.0678029234	-0.0760130382	-0.0314149462	0.0593563591	0.0224756213	0.080213877	-0.0988792684	0.0211115326	-0.1187384871	-0.0563553992	-0.0930989525	0.0610916063	-0.0457328458	0.06596144	0.0980904033	-0.0349107295	0.0940245733	-0.0466466007	-0.0600430591	-0.0040681234	-0.0300942556	0.0556717801	0.022496563	-0.1112778884	-0.0279700035	0.0923692461	-0.0340653144	0.0666518607	0.0036884929	0.0783874014	-0.002422382	-0.0490784754	0.0414799987	-0.023351669	0.0435735966	-0.0914879315	0.1173381754	-0.0022939532	0.0271040301	0.028291439	-0.0676899808	-0.0841400624	-0.0626281978	0.1200141903	-0.0692578865	0.0691241586	-0.1002691903	-0.0468771884	-0.0061406819	0.0842830446	-0.0273372431	-0.0851212453	0.1420649429	-0.0387669807	0.0610213605	-0.033928488	0.0834067726	0.0096578711	-0.0451913163	0.0164062156	-0.0087573452	0.0883666197	-0.0918022524	-0.0492391288	-0.0170663396	-0.0283760563	0.0359754541	-0.0735551636	-0.0533460542	-0.0690257386	0.0130990243	0.0492163702	-0.0875278662	0.0831501106	-0.0382182304	0.0601639188413258	-0.0184245211214318	0.000339462978554	0.0036196971303456	0.2359467110164814	-0.0006614591083576	4.375281520292362e-07	0.0556708504394949	0.067438610602565	0.0749520627767735	0.0045479662000043	0.0056178117144934	-0.0140134386319755	0.0003572909752185	1.276568409725876e-07	0.0001963764622921	0.001686033061252	0.0007328333239177	2.8427074836347903e-06	5.370446806444111e-07	0.0011488703823697	-0.0014051108405328	1.974336474182792e-06	1.3199031554863008e-06	0.0	0.0	0.0	0.0	0.0	0.0
2572.021776159147	5.928736344187655	6615296.017036853	35.1499146388916	3197.3953479228576	-22.92518175745317	10223337.01091873	525.5639586122638	3020.377808366085	-0.7104907825682858	0.5047971521144952	9122682.105270317	3099.1408025214014	2371.934726345242	1.41179	23.336405	0.372664055596242	0.2298073215970136	-0.0587779636	0.0454719978	-0.0854298638	0.0029614399	-0.0235092445	0.0865245827	-0.1104440831	0.0758675431	-0.0664803539	-0.0281010724	0.0704086327	0.0858303044	0.0113046178	-0.0556232287	-0.0963627818	-0.0502754401	-0.0080958723	0.0154287534	-0.0908450528	-0.0435600428	-0.0046709109	0.0659849329	-0.1037122377	0.016936104	-0.0198783239	-0.110420504	-0.099233294	-0.0376162412	-0.0267711194	0.0641239783	-0.1371618079	-0.0693693275	0.014013126	-0.0571740813	0.0650790075	-0.0519725864	0.0059981528	-0.0200182914	0.0955996477	0.0159270587	0.0182195734	-0.0186319072	-0.0590959615	0.0387747233	-0.1822648094	-0.137108158	0.0311728581	0.038787001	0.0688410785	-0.0837570585	-0.0256967153	0.0615745274	0.0652286944	-0.041342331	-0.0980848555	-0.0064170263	-0.0875425189	0.0019470744	0.0149413042	-0.0548301664	0.0842365927	0.0085686515	0.0361000581	0.0503943821	-0.1247671465	-0.1415502914	0.0424610393	-0.0550501492	0.0071043758	0.1118271975	-0.1079612552	-0.0582868913	0.0022171593	-0.0024124264	-0.0046772872	-0.1118489004	-0.0186624497	0.0435701981	0.0093799903	0.1095053609	-0.0264189128	-0.0218331029	0.000325041	0.0682681497	-0.0917251543	-0.021386501	-0.0550666023	-0.0659318428	-0.0320327886	-0.033215681	-0.0140862201	0.0157730756	0.0054833159	-0.0416102084	0.0708422172	-0.0797703529	-0.0271771222	-0.1007594575	-0.0317565644	0.0313225572	-0.0592936548	-0.005870727	-0.0698017879	0.0154594239	0.0461599916	-0.0860510014	0.0854361313	-0.0446048127	0.0984268649582418	0.038262946116916	0.001464053045546	0.0096878477455079	0.2359364622668778	-1.02487496035919e-05	1.0503686843712511e-10	0.0556660142270098	0.0527606404802725	-0.0146779701222924	0.0027836851838885	0.0002154428069109	-0.0180243780039728	-0.0040109393719972	1.6087634645838087e-05	0.00032487820243	0.0012130307724278	-0.0004730022888241	1.4714436548567852e-06	2.2373116523293186e-07	0.0030591865336968	0.0019103161513271	3.649307798021184e-06	9.358622247951844e-06	0.0	0.0	0.0	0.0	0.0	0.0
2575.3784581871646	3.3566820280175307	6632574.202894497	11.267314237215883	3217.540271595212	20.144923672354253	10352565.39933699	405.8179497649787	3021.3180512036283	0.9402428375433374	0.8840565935515468	9128362.766528891	3101.9150336082944	2349.0719087975835	1.003548	16.588308	0.2917609046884918	0.1422232485822863	0.0772168208	0.0472203572	-0.0456766216	-0.0264022843	-0.0236237133	0.081084213	-0.0298485659	0.0006689603	0.0339544357	0.0293375617	-0.0418934639	-0.0004460223	0.0766828617	-0.0773233453	0.0455859165	0.0797503973	0.0302847888	0.0752461227	0.0270068995	-0.0385960411	0.0481655233	0.0638104264	-0.0390989398	0.1078559591	0.012869522	0.0130188704	0.0272435676	0.0241302719	-0.0058763093	0.0150815532	0.0621465363	-0.0074529284	-0.0715363401	0.0395896226	0.0680026916	0.0929935549	-0.0695096372	-0.0041422148	-0.0945562374	0.0719006226	0.1043606803	-0.0401848211	-0.0247716546	0.1107918697	-0.0204131266	0.0036923198	-0.0037665024	0.0642829632	-0.0685393948	-0.0074755406	0.0846426054	0.0530003464	0.0195736695	0.0828043391	-0.0771949726	0.0518841947	0.0387013029	0.0220136365	-0.0186554814	-0.0764262806	-0.0044745286	-0.0207887262	-0.0310539261	-0.030180735	-0.0142844373	-0.0209993776	-0.0179628841	0.0172954283	-0.017641407	-0.0145613859	0.0513232129	0.0061979999	-0.0054412142	0.1441903532	-0.0132076951	0.0952409562	-0.1573017937	0.1925136599	-0.0606130523	0.0644862042	-0.0097769468	0.0441768462	-0.0385642546	0.0105438822	0.0686302102	0.0431221281	0.0167232274	-0.1079236743	0.0375011042	-0.0097437411	0.0583065867	0.0374661211	0.0427018125	-0.0110443673	0.0482480339	-0.0541707308	-0.0141601516	-0.0774530816	-0.0669367262	0.1075444018	-0.0038663586	0.0308781453	-0.0705658771	0.0178092284	0.0430324377	-0.0843382767	0.0873563013	-0.0507163915	0.1825145810741304	0.0840877161158886	0.0070707440015862	0.0333115723046653	0.2422045935991974	0.0062681313323195	3.928947039920666e-05	0.0586630651605523	0.0618911563038153	0.0091305158235428	0.0038305152286232	8.33663192039655e-05	-0.0169714818128205	0.0010528961911523	1.1085903893430204e-06	0.0002880311949228	3.1875027790784216e-05	-0.001181155744637	1.016017396663266e-09	1.3951288930890232e-06	0.0046706254262423	0.0016114388925455	2.596735304408269e-06	2.181474187226107e-05	0.0	0.0	0.0	0.0	0.0	0.0
2577.53010629971	2.1516481125454447	6643661.448881394	4.629589600220375	3212.148760274876	-5.391511320335667	10317899.658135423	29.068394317307646	3022.0701381940785	0.7520869904501524	0.5656348412043676	9132907.920164376	3101.1410541940245	2350.4982112556945	0.99417	16.433296	0.1556238154414913	0.0706133418689858	0.0547492434	-0.0634762165	0.04537647	0.0246289175	-0.0292441595	0.0964700795	-0.0086097551	0.0213838923	0.1081656058	-0.0350728517	0.0424039841	0.0250742999	0.0709313688	-0.0471402584	-0.0467453718	-0.0631645064	0.0834019738	0.0581876558	0.0227213925	-0.1102253651	0.0156202769	-0.0378182337	0.0821994497	0.0390197294	-0.1132468541	0.0457128527	0.042933061	-0.0125164678	0.0231305367	-0.0020556494	0.0524819362	0.0760785475	0.0048464831	-0.0050016953	0.0679940963	-0.0585776759	-0.0476660632	-0.0291891775	-0.0224196948	-0.0461456025	-0.0338554753	0.0799296459	-0.0905580127	0.0311112664	0.006665485	0.0900554649	-0.0201381419	0.0192186059	-0.0205452745	-0.1262889199	-0.0514904818	-0.0858597666	-0.0298640233	0.0993515301	-0.010877862	-0.0185194862	0.0615312197	-0.0098709601	-0.0604068884	0.0099582832	-0.0124848635	-0.0273503519	-0.0503726557	-0.0185606611	0.0397098935	-0.0292683325	-0.0445272603	0.0313700206	0.0678309432	-0.0283173674	0.0210207871	0.0358276522	0.0234479542	-0.0038002668	0.0374010564	0.0323421301	-0.0661670725	-0.0259946535	-0.0297622723	0.0589119793	-0.0212351481	-0.0144277055	0.0580943397	-0.01568873	-0.0514625616	-0.0468046106	0.1020840945	0.0376415845	0.0264466957	0.0352516766	0.0016494262	0.0949920035	0.0211963515	0.0184200924	0.0640719855	-0.0204818922	0.0051462895	-0.0430611872	-0.0081948022	0.0479587364	0.0633436085	-0.0002120467	-0.0713178751	0.0201468273	0.0398385309	-0.0823943867	0.0889023983	-0.0565152869	0.1449969362061693	-0.0375176448679611	0.0014075736764384	0.0210241115091759	0.2552075124720545	0.013002918872857	0.0001690758992141	0.0651308744221738	0.0491260402088329	-0.0127651160949824	0.0024133678265998	0.0001629481889183	-0.0165288437530327	0.0004426380597877	1.9592845197270656e-07	0.0002732026758121	0.0009777551772702	0.0009458801494794	9.5600518667868e-07	8.946892571792018e-07	0.0042123809233957	-0.0004582445028466	2.099880243891279e-07	1.7744153043788012e-05	0.0	0.0	0.0	0.0	0.0	0.0
2582.9931958960906	5.4630895963805415	6671853.850045499	29.845347938081307	3204.5655334098205	-7.583226865055622	10269240.257918168	57.50532968690131	3025.0996608617115	3.029522667633046	9.178007593702446	9151227.958145645	3102.707768217046	2381.9759280556127	1.048244	17.327122	0.1113095358200115	0.0616558501083143	-0.0569833882	0.0734256132	0.0442060436	0.0222075674	-0.041826602	0.0787440298	-0.0812125636	-0.0138673518	-0.0803213212	-0.0260954234	0.0982482692	0.0217373491	0.0415342708	-0.010621779	-0.0070010539	0.0960280252	0.0561586925	0.02790792	-0.1060813093	0.008812777	0.0410758674	0.0192195601	0.0746396906	-0.0069573843	0.0214874275	0.0620338396	-0.0453472748	-0.016079813	-0.0214689242	0.0670323935	0.0530064118	0.0746444158	-0.022522288	-0.000453263	0.0637173656	0.0632289805	-0.0064238107	-0.0318044696	0.0397832157	0.1329859222	-0.0137306686	0.0828850709	0.0018833078	0.0480689216	0.0174907747	0.0420168738	-0.0605334281	-0.0099558486	-0.0152106691	-0.0444050968	0.1105237401	0.0124659552	0.084442292	-0.0475379065	-0.0259648279	-0.0008477085	-0.015075111	-0.046580354	0.0181403966	0.0627306151	0.0723380128	-0.1331919635	-0.0192583506	0.0149338115	0.0606511227	0.0663103687	-0.0057832831	-0.0415609869	0.0560234508	-0.0524347548	-0.0224256472	-0.0024883095	-0.0282908211	0.077302813	0.0119518608	-0.0118503623	-0.0331795982	0.0805419072	-0.034551765	0.0990522916	0.0131441835	-0.0062482412	-0.0334302923	0.0434044227	0.084367724	0.0254769818	-0.0558991448	0.0225745732	-0.0200121241	-0.0917836261	-0.0402429656	0.0447749309	0.0141703853	-0.0325419047	0.0641267376	-0.0193977857	-0.0057433455	-0.1071821517	-0.0209727187	0.0206584034	0.0561666727	-0.0609176814	-0.0720576532	0.0224706185	0.036583196	-0.0802246594	0.0900678015	-0.0619657467	0.1750303476743937	0.0300334114682244	0.0009020058044196	0.0306356226070191	0.2545496896357804	-0.000657822836274	4.327308839236752e-07	0.0647955444936721	0.0224468017929098	-0.0266792384159231	0.0005038589107301	0.0007117817624536	-0.0174377117684058	-0.000908868015373	8.260410693682354e-07	0.0003040737917179	0.0008370965340758	-0.0001406586431943	7.00730607361717e-07	1.978485390528949e-08	0.0041831263199714	-2.925460342430037e-05	8.558318215130868e-10	1.7498545808837465e-05	0.0	0.0	0.0	0.0	0.0	0.0
2585.9098322702234	2.9166363741328496	6686929.660631815	8.506767738914816	3232.427021798912	27.86148838909139	10448584.451255783	776.2625352554744	3028.272397093978	3.1727362322662884	10.066255199535284	9170433.711001309	3109.7670351718334	2381.349829845481	0.965668	15.962173	0.1347180252005085	0.0675938237585681	0.0254802361	0.1033078934	0.0115306691	-0.0125401432	-0.0589538758	0.0136164284	-0.0283531424	-0.0267761114	-0.0221423553	0.0666480376	-0.0595572481	-0.0287682917	0.0539292535	0.0326150997	0.0527468464	-0.0886203227	0.0375482988	0.010883432	-0.0455373516	0.0197375414	0.1191866734	0.0330574881	-0.0132079069	0.0234939487	-0.0550558453	0.0149634361	-0.140990688	0.1027871287	0.0253676363	-0.004386372	-0.0008705133	0.0527778951	-0.059585602	-0.0764026696	0.0087380278	0.0921293264	-1.41031e-05	0.0236216071	0.1114845672	-0.1209770218	0.0966842227	0.003599259	0.0062202709	-0.0985808394	-0.0423579737	0.0133011219	-0.050077236	-0.051247415	-0.0331548498	0.0073310342	-0.0813391533	0.10193456	0.0266515118	-0.016029444	0.0244573462	0.0145630475	0.0617434666	-0.0142481247	-0.0583716786	0.0164477463	-0.0172999566	-0.1290557258	-0.0003251267	0.0089297233	-0.050181494	-0.1355496765	-0.0288458603	0.0309483976	0.0120862124	-0.0371645155	-0.0569990139	-0.0224347554	-0.138806155	-0.0058646167	0.0296815591	0.0180953164	0.185455077	0.0731522141	-0.0298832429	0.1289426116	0.0170110968	-0.0028104553	-0.0715000035	-0.0812600664	0.0142999675	-0.0262834939	-0.0085372995	-0.0557903714	0.0293257728	-0.0355723875	-0.0166825771	-0.0016715141	0.0638994421	0.0436872771	0.0829203879	0.009201883	-0.0099797603	-0.1052204268	-0.029104584	0.0552674377	-0.0393514847	-0.0002344228	-0.0727850846	0.0247790096	0.0332714524	-0.0778350419	0.0908475206	-0.0670341672	0.1761284386149384	0.0010980909405446	1.20580371370633e-06	0.0310212268889361	0.2200423505360049	-0.0345073390997754	0.0011907564517468	0.04841863602941	0.0480838335798381	0.0256370317869283	0.0023120550517335	0.0006572573988439	-0.0183388570936854	-0.0009011453252796	8.120628972732777e-07	0.0003363136795026	0.0013334245756335	0.0004963280415577	1.7780210989033795e-06	2.46341524836502e-07	0.0041110884193435	-7.20379006279e-05	5.189459126875196e-09	1.6901047991660237e-05	0.0	0.0	0.0	0.0	0.0	0.0
2584.58605284086	-1.3237794293636398	6680085.064539496	1.7523919776063237	3231.162108251653	-1.2649135472588569	10440408.569801267	1.6000062820389842	3029.679838964544	1.4074418705663447	1.9808926190232916	9178959.926628226	3105.681486348903	2374.711066755892	1.031592	17.051867	0.1739406695640519	0.0935472777791681	0.0894684516	-0.0044754262	0.0475782972	0.0137937723	-0.0206596671	0.0257937375	-0.0102190706	-0.0583694147	0.0820665386	-0.0603786795	0.0050946703	-0.150437935	0.0252301918	0.0848084223	-0.05545837	0.0651617194	0.0036602482	-0.0129733097	0.019688187	-0.0625876168	-0.0553112039	-0.087653181	-0.0334734981	0.0110970923	-0.0610863062	-0.1610992205	-0.0220835314	0.1820682241	-0.0749675613	-0.0949242655	0.0411996565	0.0637708086	0.0157737404	0.004873306	-0.1018510165	-0.042240988	-0.0717571301	-0.020229887	0.0029306413	0.0063820908	0.1085858732	-0.0821284047	0.0646810093	-0.0807487299	0.0923055566	0.0102825369	-0.0592103874	-0.0626123617	0.0517183376	0.013189893	0.0557219562	-0.156698504	-0.0899537281	0.0465729019	-0.0715509403	-0.0029317063	-0.0302820437	-0.0616415797	-0.0448489308	-0.0751631413	0.0008984145	-0.1067980852	0.1022954323	0.0283480296	-0.0518210568	-0.0164122326	0.0746892611	0.1232563226	-0.0769899174	-0.0076583229	0.0876631429	-0.0025481757	-0.0929595528	-0.0518462597	0.0869830936	0.0234403375	0.10117009	0.0149922615	-0.0077115763	0.0965469995	-0.0078200339	0.0072645568	-0.0110478907	0.0919671198	0.0526274127	-0.0030672545	0.088134624	-0.0073132395	0.0497665522	0.0938550426	0.0003125857	0.0268302093	0.0722091647	0.1007073002	0.0523588919	-0.1129726554	-0.044223822	0.0010816324	0.0309497779	0.1041911109	0.0841768953	-0.0984318434	-0.0735000446	0.0270704183	0.0299084066	-0.075232084	0.0912382167	-0.0716892996	0.1278502467482383	-0.0482781918667001	0.0023307838099179	0.0163456855935854	0.2187235065197654	-0.0013188440162394	1.7393495391707225e-06	0.0478399723043018	0.1157017463349205	0.0676179127550824	0.0133868941049502	0.0045721821253539	-0.0177971542286398	0.0005417028650455	2.9344199399861065e-07	0.0003167386986379	0.0008131357328915	-0.000520288842742	6.611897201049968e-07	2.707004798818097e-07	0.0040385657086105	-7.252271073299957e-05	5.259543572062332e-09	1.631001298276463e-05	0.0	0.0	0.0	0.0	0.0	0.0
2582.1981438982	-2.3879089426595783	6667747.25435131	5.702109118433586	3247.019971976251	15.857863724597792	10543138.698412651	251.47184190791452	3023.359753567748	-6.320085396796003	39.94347942279409	9140704.199493237	3106.186513048537	2394.396753369276	1.128221	18.649115	0.1341011170733507	0.0623157629321049	-0.0612838858	-0.0350587759	0.08888636	0.0465179172	-0.0105770034	0.0194194816	0.1053148925	-0.0184092131	-0.0128926525	-0.0076496408	0.0006032361	-0.0227562849	-0.0086599873	-0.0436903303	0.0850959783	-0.0292273671	-0.0033908241	0.036370361	-0.0812643748	0.038705257	-0.0837784058	-0.0802358434	-0.0292573968	-0.037496033	0.0359112007	-0.1320894885	-0.0496450116	0.0988559213	0.0229729343	-0.0459921409	0.0041502445	-0.0431651473	-0.0769471521	-0.0309229964	0.0166102334	0.008468544	0.0007434055	0.0723634022	0.0526549815	-0.0456914001	0.0101851878	0.0453319736	-0.0372947401	0.0086644903	-0.0151882495	-0.1142485565	-0.0996917534	0.0421338861	-0.081376179	0.0377380465	-0.0391466818	-0.0549893898	0.0445431746	0.0064451829	0.0886568747	-0.0165021039	-0.0724415743	0.0023770432	0.0714238981	-0.0795579511	-0.0342297736	-0.0605289602	0.0933754792	0.0367952753	-0.0755735945	-0.1571617445	-0.0347621585	0.0233289886	-0.0378596728	-0.0267989174	0.0437438768	0.0062337386	-0.0566481154	0.0962742342	-0.0314673256	-0.0216776055	0.0789924214	-0.0014761804	0.0162432462	0.1023702303	-0.02435396	-0.00063487	0.0257379334	-0.0675304665	0.0030715489	0.0890310818	0.0049236664	0.0888536922	-0.0184487269	0.0095710955	-0.0119334609	-0.0147892205	-0.0085831549	0.0578544517	0.0875760356	-0.0288063528	-0.0702831459	-0.0007458428	0.0134631197	0.0711305437	0.0088745122	0.0109968388	-0.0742024108	0.0293432743	0.0264992443	-0.0724229201	0.0912382167	-0.0759024438	0.1254705429643792	-0.002379703783859	5.662990098913316e-06	0.0157428571517761	0.240881942697186	0.0221584361774205	0.0004909962938288	0.0580241103175704	0.1042053006895145	-0.011496445645406	0.0108587446917921	0.0001321682624777	-0.0171981075445353	0.0005990466841045	3.58856929736598e-07	0.0002957749031134	0.0013658405053929	0.0005527047725014	1.8655202861719323e-06	3.054825655458243e-07	0.0032289865358831	-0.0008095791727274	6.554184369139814e-07	1.0426354048914343e-05	0.0	0.0	0.0	0.0	0.0	0.0
2587.630154491664	5.432010593463929	6695829.816434554	29.506739087504343	3219.046219340132	-27.97375263611866	10362258.562248	782.5308365467557	3027.934371480181	4.574617912433041	20.927129044753237	9168386.55799108	3111.048653720288	2411.911079639213	1.13214	18.713896	0.1423160426079244	0.1009503387578749	-0.0300424797	0.0858984523	0.0210480678	-0.0031558376	-0.0417092109	-0.0501911614	-0.0584211908	0.0137197287	-0.0222177293	0.0614503323	-0.0040318485	0.023211744	0.1019900616	0.0460843376	-0.0784105753	-0.0107206051	0.0507848231	-0.0062321606	-0.0105655706	0.0351507764	0.0248249403	0.0263788151	-0.0190213734	0.0415276331	0.1030539965	-0.0953486089	-0.0423951283	-0.0492754297	-0.0945398705	0.0670585842	-0.0433255992	0.0496455208	0.0386435997	0.0055567688	0.0100508542	-0.1014756193	0.0746792313	0.013793962	0.0693098165	-0.05625851	-0.0768486356	-0.2504167519	-0.0095504678	-0.0182380309	-0.0356607109	0.1160844347	-0.0442265333	-0.0602727396	0.0773122366	-0.040361415	0.0139153387	0.1098198186	0.0306471085	-0.0184102815	0.0427673405	0.0182325182	0.0198430268	0.022660143	0.0422124166	-0.0871750726	0.0844025022	-0.0423684587	0.080407833	0.0618605222	-0.0799270991	-0.0359597359	-0.1133444096	-0.002017441	0.0801182782	0.1516315068	-0.0586522057	0.0509336767	0.0554285657	-0.08334416	0.0092369417	-0.0380223449	0.0564555967	-0.0176333473	0.007645664	0.0695285159	0.0328873862	-0.0191393729	-0.104248465	0.0410020703	-0.0018738395	-0.0619571078	-0.0500820946	0.0097037158	0.0408741231	-0.0854718378	-0.0324084936	-0.0167450565	0.0417565298	-0.0375931727	0.0606905587	-0.0563419243	0.0232876912	-0.0872339483	-0.0377667698	0.0672125256	-0.069173996	-0.0479618419	-0.0748920628	0.0315960199	0.0230492221	-0.06941525	0.0908475206	-0.0796476241	0.1303425722464908	0.0048720292821115	2.373666932575272e-05	0.0169891861398316	0.2553607352341913	0.0144787925370052	0.0002096354333296	0.0652091050993467	0.0056763083009769	-0.0985289923885376	3.222047592773926e-05	0.0097079623411005	-0.0174778904321416	-0.0002797828876063	7.827846419731963e-08	0.0003054766539579	0.0011910760430711	-0.0001747644623217	1.4186621403779088e-06	3.054261729062784e-08	0.0032631637539604	3.417721807729996e-05	1.168082235503319e-09	1.0648237685160931e-05	0.0	0.0	0.0	0.0	0.0	0.0
2587.1425652997264	-0.4875891919377864	6693306.653185649	0.2377432200945435	3229.720272508867	10.674053168734645	10431093.038654748	113.9354110489741	3027.2986053279574	-0.6357661522238232	0.4041986003134855	9164536.845820596	3105.2319596960187	2376.639822751201	1.091567	18.043234	0.1774871559279134	0.1001187393233449	0.0823689911	-0.0279737669	0.0900732694	0.0214479858	-0.0376403015	-0.0266672942	-0.0008170763	-0.0949528805	0.0809776422	0.01913429	0.0375866031	-0.0057157752	0.0019528994	0.0105228613	0.0920909488	0.029010757	0.0435637513	0.0564358144	0.0320328673	-0.1104574894	-0.008061616	-0.085850598	0.017361812	-0.0243972523	0.0390119602	-0.0491609888	0.0512802537	-0.0645827036	0.0760301703	-0.0113159543	-0.0628657	-0.0111622847	0.0240060142	0.0146232506	-0.0434318768	-0.0230070021	0.0452458666	-0.0394377428	-0.0328238363	-0.0608743847	0.1260862198	-0.0077667796	-0.0033582487	-0.0597082208	0.008422043	0.0333457744	0.0999831124	-0.0317061014	-0.1110632588	0.0133211046	0.0307365116	-0.0541711014	-0.046437819	0.0899614059	-0.0312081244	-0.0770643299	0.0223635481	-0.0254287864	-0.0025478582	-0.0848900032	0.0257766612	0.0724605165	-0.0632269754	0.0436046348	0.0893433477	-0.0164277957	0.0238313043	-0.0480789133	0.0594250044	0.0446051195	0.0001766614	-0.0267963281	-0.0025909211	-0.0202808087	-0.0251198842	-0.0024905224	0.0181855991	-0.0663754318	-0.0330188296	-0.017969216	-0.009009236	0.0014686417	-0.0032450066	-0.0239644772	0.0260167459	0.0688253172	0.1490751426	0.0532754879	-0.01892115	-0.0371326543	-0.0371340877	0.0608025621	0.0940478488	-0.034142305	-0.0153770323	0.0172202888	0.0580894262	-0.0062163716	-0.0141737831	0.0239630534	0.0382434596	-0.0960854103	-0.0755688824	0.0338271112	0.0195636596	-0.0662173176	0.0900678015	-0.0829017503	0.1145749471528034	-0.0157676250936873	0.000248618001095	0.0131274185150676	0.275152853026114	0.0197921177919226	0.0003917279266893	0.0757090925284102	-0.0010683944473015	-0.0067447027482784	1.1414666950246774e-06	4.5491015162634205e-05	-0.0157178436816633	0.0017600467504782	3.097764563869219e-06	0.0002470506100012	0.0008462075827084	-0.0003448684603627	7.160672730331935e-07	1.189342549529392e-07	0.0038619027489999	0.0005987389950394	3.584883841809101e-07	1.4914292842732985e-05	0.0	0.0	0.0	0.0	0.0	0.0
2577.643669604819	-9.498895694907333	6644246.887453797	90.22901942272904	3234.4017712177674	4.681498708900563	10461354.81765663	21.916430161437635	3023.190546889978	-4.108058437979253	16.876144129852538	9139681.082804926	3103.085324940783	2396.429960636551	1.078035	17.819561	0.1735616590709855	0.088097199086001	-0.0307515514	-0.0746016894	0.0714163428	0.0348912032	-0.0182844409	-0.0607204593	0.0967929846	0.0121183692	-0.0009337561	-0.0286013432	-0.0010215859	-0.0628912544	-0.0330913985	-0.002541192	-0.0603959188	-0.0629715606	-0.0475453625	-0.0094644286	-0.0277422159	-0.0428552448	-0.0337701338	-0.0439454629	0.0943893573	0.0228666267	0.0531820831	0.0144661391	0.0192837786	-0.0443963794	0.019714626	0.162756289	0.0257654801	0.0104028098	0.0563207944	-0.0101962916	-0.056795451	-0.0504757752	0.0085090574	0.0416151772	-0.026232613	0.0098163339	-0.0907213036	-0.0172892845	-0.0067764641	-0.0516103344	0.0499488558	-0.0129820359	-0.0312387907	0.0263024154	0.0632818081	-0.0164670233	-0.0744244967	-0.1073970725	-0.0075551533	-0.006123051	0.0002572137	-0.0256123579	0.0146679356	-0.0023585916	0.04766586	-0.0421500579	0.0406250393	-0.02919535	-0.0383076875	-0.0832467173	0.0663076393	0.0100636275	-0.0641950143	-0.0692804257	0.0269627342	0.0819932644	-0.0373444851	0.0187098842	0.0958514862	0.0148842807	0.0313624913	-0.0342652709	0.0050232416	0.0046322654	0.0044693039	0.0417489969	-0.0234128991	-0.0037214901	0.0359292071	-0.0151660653	-0.044506419	-0.0485973504	0.0305461488	0.1234264219	0.0254607349	-0.0107704423	0.0129355421	-0.0601566447	0.0287894526	0.0167526824	0.0489296368	-0.0139531966	-0.0451517139	0.0790262764	-0.0072484435	0.0529760393	0.0113882302	-0.0387959678	-0.0762327537	0.0360350191	0.0160479313	-0.0628378881	0.0889023983	-0.0856447597	0.1310034992642528	0.0164285521114494	0.0002698973244786	0.017161916819479	0.2640083326078581	-0.0111445204182558	0.0001242003353529	0.0697003996863814	0.0723277678641238	0.0733961623114253	0.0052313060042065	0.005386996642045	-0.0162865643219882	-0.0005687206403248	3.234431667315631e-07	0.0002652521774142	0.001108680202738	0.0002624726200295	1.2291717919431723e-06	6.889187626520275e-08	0.0032412475247573	-0.0006206552242425	3.852129073796317e-07	1.0505685516745323e-05	0.0	0.0	0.0	0.0	0.0	0.0
2572.071174030629	-5.572495574189816	6615550.124279299	31.052706924365083	3241.664102191574	7.262330973806456	10508386.151437502	52.74145117310863	3022.2457018893188	-0.9448450006593704	0.8927320752710054	9133969.08258846	3104.7583431162734	2408.927512044722	1.032611	17.068714	0.0777632234156172	0.0375974976746458	-0.1047412818	0.0055646067	-0.0525713203	0.0145867796	-0.031842056	-0.0700584303	0.0422017932	0.0593829696	-0.075821014	-0.1180425359	-0.0622577051	-0.033939157	0.0301499468	-0.0402765234	0.023131054	0.0728291687	-0.099136416	-0.0038562746	-0.0579401774	-0.0099131397	-0.0118203184	-0.0376045855	-0.0037187687	0.0456753202	-0.0604187565	0.09266835	-0.0581455013	-0.0414434039	0.0138560981	0.0166161818	0.0210029609	0.0765183623	0.0126519556	-0.0112544129	0.0040852202	-0.0088467678	0.1201150537	0.0191682378	-0.0478919931	-0.0605051001	-0.0684724639	0.1149971287	-0.0371377922	0.0526697268	0.0197267734	-0.0762624005	0.0971253446	0.0781995161	0.0042384807	0.0744948451	0.0472908768	-0.0318169972	0.063505708	-0.0559945221	-0.0373937289	0.031563537	-0.0298258765	0.0188975903	-0.0243122996	-0.0121060752	-0.0582762221	-0.0610052473	-0.1137401014	0.0212432994	-0.004029741	0.0263552311	-0.0628168676	-0.0526000275	-0.0153936436	-0.0564910703	-0.0409349007	-0.0107080013	0.0193131902	0.0593503843	0.0312019848	-0.0189599322	-0.0405485857	-0.1164727037	-0.0076811936	0.0090274627	-0.0375040571	0.037429632	0.0256516307	0.019904289	0.0568138997	0.0376235789	-0.0585792315	0.0143845498	-0.0807552464	-0.0341435848	0.0454243019	-0.0788831078	0.0098740548	-0.0238859432	0.016553979	-0.0237905682	-0.067335369	0.0321459437	0.0140094587	0.0419228174	0.0904747583	-0.0516694	-0.0768835629	0.0382182304	0.0125074584	-0.0592862243	0.0873563013	-0.0878597406	0.1363339921184234	0.0053304928541705	2.8414154068363694e-05	0.0185869574069463	0.2422997804843589	-0.0217085521234992	0.0004712612352986	0.0587091836227685	0.0954250756762462	0.0230973078121223	0.0091059450678173	0.0005334856281679	-0.0159677944900852	0.000318769831903	1.0161420573146773e-07	0.0002549704608775	0.0010173318744268	-9.134832831119983e-05	1.0349641427247466e-06	8.344517085250754e-09	0.003098828272455	-0.0001424192523023	2.0283243426346217e-08	9.60273666216644e-06	0.0	0.0	0.0	0.0	0.0	0.0
2568.180519651907	-3.890654378722047	6595551.18151954	15.137191494669038	3203.1694920077643	-38.49461018380953	10260294.79452928	1481.8350132034525	3024.209232260113	1.9635303707941605	3.8554515170310526	9145841.480487302	3109.419463462018	2370.68641565381	1.085696	17.946182	0.1848673778834705	0.0899422902251258	0.0072184191	-0.0099327291	-0.1203866586	-0.0268626536	-0.0349322678	-0.0302256138	-0.0213712366	0.1757712175	-0.0067742334	0.0499565925	-0.0478260908	-0.0035728618	0.0322320711	0.0097403246	-0.0192234595	-0.06877587	-0.0382727786	0.0152894338	0.0985183699	0.1382707217	-0.0661791472	0.1083251903	-0.0146805617	0.101356054	-0.060663524	0.0551654515	-0.0007735667	-0.0875583125	-0.0321982652	-0.055501687	0.0164425004	0.1274732733	-0.0590844883	-0.0088479123	0.0228990239	0.0126548248	-0.0186680077	0.0373858514	-0.028601346	-0.0208925418	0.1426876846	-0.0160216972	0.0825200056	0.1337698377	0.0060375668	0.0012019929	-0.0238957827	0.0294276582	0.0589679596	0.0529720563	-0.1006689339	0.0786645644	0.0003999522	0.0510008834	-0.0136331012	0.2054187402	-0.0265305275	0.0718613207	0.0125354582	0.0252106114	-0.0299092812	0.0013229548	-0.0656804329	0.0497178349	-0.0960737601	0.0197909857	-0.1955917243	0.0248714739	-0.0294138367	-0.0340614071	0.0754687022	-0.0921129922	-0.112562269	-0.0424780291	-0.1497487755	0.1111554385	-0.1012059571	0.0410174456	-0.053122686	-0.0222155286	-0.0144118415	0.0572474292	0.0095918859	-0.0364264835	-0.0658573236	-0.0414315092	-0.0151874932	-0.069004489	0.0380298166	-0.0929776419	0.0896255842	-0.0720140417	-0.0490886165	-0.0988833701	0.0056378963	-0.0525553943	0.008931468	-0.0431439395	-0.0715914539	-0.023791245	-0.0318024989	0.0982592876	-0.0775211985	0.0403752488	0.0089476998	-0.0555720611	0.0854361313	-0.089533037	0.1538802030166266	0.0175462108982032	0.0003078695168842	0.0236791168804382	0.2609374395662627	0.0186376590819037	0.0003473623360532	0.068088347367397	0.0447265896724076	-0.0506984860038386	0.0020004678237239	0.0025703364830814	-0.0155767279944045	0.0003910664956806	1.5293300404398181e-07	0.0002426344550116	0.0007041326739649	-0.0003131992004619	4.958028225449601e-07	9.80937391699735e-08	0.0043542630143029	0.0012554347418478	1.5761163910387023e-06	1.895960639772617e-05	0.0	0.0	0.0	0.0	0.0	0.0
2570.602212522193	2.421692870285824	6607995.735023994	5.864596357993193	3216.995384543952	13.82589253618744	10349059.304177089	191.15530442220356	3023.22065594445	-0.9885763156630674	0.9772831318899646	9139863.13452919	3104.1791796095827	2349.704110734681	1.09351	18.075357	0.2401902732402517	0.136272020581259	0.0344818002	-0.1015398634	-0.0576791202	-0.0271111948	-0.0168978009	-0.0267213797	0.0434716817	0.0747680504	0.0836281973	0.0036267879	0.1161197645	-0.0719460578	-0.0058317368	-0.0058950678	-0.0573050026	0.0859624222	-0.0250062947	0.0257032037	0.0754579262	0.0537624335	-0.0119292843	-0.009163827	0.0124916547	-0.068560893	0.0037104287	0.0963354921	0.0285488853	-0.0426998534	-0.0707415864	0.0076731105	-0.0255518432	0.0231212244	-0.0083187025	0.162768485	-0.1404567622	-0.0184339526	0.0230825663	-0.0678529627	-0.0463130192	0.0499390288	-0.0872245337	-0.0213902235	-0.1271945408	0.024575551	0.0931413874	0.0631258343	-0.022909934	0.0396012073	0.0672329182	0.0327841654	0.0631169624	-0.0081343136	-0.0342628141	0.0706944862	0.0561613404	0.0111985904	-0.0474633927	-0.0363253118	-0.0072097095	0.0872201906	-0.028721377	-0.0529935643	0.0292193902	0.0741812224	0.0204528613	0.184992648	0.0276892101	-0.0237809613	-0.011849363	0.189248206	0.0670495141	0.0810029841	-0.0210365771	-0.0485772179	0.0617065226	0.0305983464	-0.0981808793	-0.0612340092	-0.058272104	-0.1752400493	0.0026398201	0.0602228664	0.0519866998	0.0752060037	0.027027696	-0.0285158579	0.0378290744	0.0362575478	0.0147497862	-0.049273355	0.0366272435	0.0490507261	0.0362979975	-0.0648304342	-0.1083115577	0.0759114588	0.0703665892	-0.1010148216	-0.0946058385	-0.0490746274	-0.0218690315	0.046563861	-0.0781455512	0.042504596	0.0053741445	-0.0517055788	0.0831501106	-0.0906543325	0.1222964997528635	-0.0315837032637631	0.0009975303118534	0.0149564338518021	0.2724771276501343	0.0115396880838716	0.000133164401073	0.0742437850924676	-0.0071727003292494	-0.051899290001657	5.144763001321445e-05	0.002693536302676	-0.0131902536735004	0.002386474320904	5.695259684334684e-06	0.0001739827919712	0.0010064213934992	0.0003022887195343	1.0128840212928716e-06	9.13784699576867e-08	0.0045688518116837	0.0002145887973808	4.604835196133813e-08	2.0874406877125427e-05	0.0	0.0	0.0	0.0	0.0	0.0
2577.37292411526	6.770711593067063	6642851.189962446	45.84253547649272	3218.271982766368	1.2765982224163963	10357274.555058973	1.6297030214767028	3025.464844686122	2.244188741672133	5.036383108247951	9153437.52643162	3108.3723722417303	2381.7298576376115	1.121969	18.545771	0.1824502499877918	0.1163954928826533	-0.0901574018	0.0210334811	-0.0449427669	-0.0074651499	-0.0144074829	-0.0090698377	-0.0359747204	0.0516902884	-0.0745954168	0.0119915817	0.0724050212	-0.0471699333	-0.0182258724	0.0015524157	0.0942588181	-0.0595520909	0.009104948	0.0011155176	-0.003747119	0.0897462386	0.0050001834	0.0142171208	-0.0212018081	-0.0635167624	0.0079762972	0.0105358669	0.0677199163	0.0061983677	0.0611440463	-0.0376088591	-0.0816708465	-0.0076807269	-0.1269260866	0.0128666759	-0.0887662668	0.0137256075	0.0019597828	-0.0432113006	0.0419954013	0.0152502589	-0.0762270606	0.0140977567	0.0484332173	-0.0867168289	0.0066597706	-0.0666882491	0.0080444379	-0.023067091	-0.0791775658	0.0283222522	-0.0537506781	0.0609549108	0.0580248533	-0.0412174664	0.0926909684	0.0437968816	-0.0395910016	-0.0095234456	-3.23498e-05	0.0283282659	-0.0287052478	0.0868696932	0.0276958109	0.0462086568	0.0786907316	-0.0098340617	0.0732980765	-0.0687354298	0.0811277065	0.0029014482	-0.0172052927	0.0871984959	-0.081755987	-0.0177367957	0.0920232302	-0.0592276849	0.013932974	0.0139618247	-0.0244879183	-0.089372216	0.0213115702	0.0360290567	-0.0370440437	-0.0981927963	-0.0506638913	-0.0041447223	-0.0542437128	0.0010131355	-0.0608784971	-0.0663360044	0.0031784833	0.0612829117	0.0953846252	-0.1031155195	-0.0626608886	0.0255529604	0.0823875957	-0.0814933771	-0.0417795217	0.0356876733	-0.0525692056	-0.0108269468	-0.0787565141	0.0446048127	0.0017923027	-0.047697375	0.0805080284	-0.0912167139	0.1113447245348027	-0.0109517752180608	0.0001199413804269	0.012397647681731	0.2778895944699258	0.0054124668197914	2.9294797075343497e-05	0.0772226267146598	-0.021788477490034	-0.0146157771607846	0.0004747377513337	0.0002136209420137	-0.0152364595885066	-0.0020462059150062	4.18695864660636e-06	0.0002321497007921	0.0010122005146304	5.779121131199933e-06	1.0245498818180463e-06	3.339824104908159e-11	0.003591432232038	-0.0009774195796457	9.553490346747771e-07	1.2898385477321449e-05	0.0	0.0	0.0	0.0	0.0	0.0
2573.0652825720845	-4.307641543175578	6620664.948377761	18.55577566449207	3214.888432227761	-3.383550538607324	10335507.63167187	11.44841424730991	3026.4500502135857	0.9852055274636768	0.9706299313449815	9159399.906437814	3105.8205933915806	2339.66691935954	1.114539	18.422949	0.0639299512811342	0.0331092128080895	0.0688406589	-0.0558302603	-0.056529462	-0.0411761987	-0.0115851674	0.002712541	-0.0037056438	0.062624437	0.0757152725	0.0467013233	0.0089461465	0.0095835973	-0.0095720922	0.0545386995	-0.0625329811	0.0176465134	-0.007172437	-0.0423191939	0.0753420344	0.0271372389	-0.0099380674	0.0464235363	0.0128362902	-0.0997020073	-0.000623315	0.0167159177	0.1419133992	-0.1476893156	0.0417540069	0.0627340768	-0.0403092537	0.053446637	-0.0668333883	-0.0189821749	0.0570855088	0.1010687566	-0.203175881	-0.0062773951	0.0086462264	0.0270574005	0.0663127174	-0.0599617977	0.0445321763	-0.1284868516	0.1143045043	0.0016739151	0.0552229944	-0.0233227653	0.0894781037	-0.0002830743	0.021325582	0.0342957996	-0.0689905059	0.0022707582	-0.02675036	0.0006901541	0.0204008168	-0.0306727895	0.0495597995	0.0736212888	-0.0635298819	0.1607965924	0.0073032787	-0.0975715534	0.0485666541	0.0338105144	-0.0671946433	-0.1427048119	0.0616602733	-0.0774198966	-0.0011969099	0.0693368992	0.0262511773	-0.0764866079	-0.0092548495	0.0538203872	-0.0201648399	0.1767472545	-0.0174375708	-0.0774539236	-0.014820943	-0.0075746039	0.0299472422	0.09241877	-0.0553334298	-0.0602477372	0.0618005154	-0.0414704452	-0.0097362203	-0.0393085782	-0.0218517464	0.0317424017	0.130917893	-0.086194458	-0.0773488093	-0.0252261768	0.058667953	-0.0407884224	0.0430733456	0.0424731257	-0.0335679309	0.0059273302	-0.0793539824	0.0466744595	-0.0017923027	-0.0435584361	0.0775211985	-0.0912167139	0.1270166953451621	0.0156719708103594	0.0002456106690807	0.0161332408964057	0.2887713182143301	0.0108817237444043	0.0001184119116495	0.0833888742232419	-0.0294461220802446	-0.0076576445902106	0.0008670741055646	5.863952066998168e-05	-0.0157495497051003	-0.0005130901165936	2.632614677461356e-07	0.0002480483159134	0.001009171319996	-3.029194634399839e-06	1.0184267531024692e-06	9.176020133076774e-12	0.0036696851635331	7.825293149510025e-05	6.123521287576852e-09	1.3466589199454955e-05	0.0	0.0	0.0	0.0	0.0	0.0
2570.3579860374434	-2.7072965346410456	6606740.176386463	7.329454526479414	3228.6220617001773	13.733629472416396	10424000.417297104	188.61257848562423	3020.285641348435	-6.164408865150563	37.99993665674685	9122125.355335528	3102.794225814495	2366.2696836688183	1.095148	18.102419	0.1716866530972122	0.0910568733534464	-0.027810975	-0.1369292086	-0.0056611404	0.0343846768	-0.0095556955	0.0377887036	0.0926029085	0.0523192664	0.0233366683	0.0172445734	0.0376762787	-0.0379341913	-0.0833864135	-0.0661471365	0.0638233135	-0.0025108115	-0.048744819	0.0502639243	0.0145694548	0.0656206156	-0.0973247174	-0.0430219672	-0.0249896274	-0.0406712991	0.0545559293	-0.0913706191	-0.0054086806	0.004678056	0.0349473306	0.0482378034	-0.0013165423	-0.0172720751	0.0004307108	-0.0488150345	-0.028172521	0.0690122984	0.0271083457	0.0967099537	0.0291535197	-0.0502452907	-0.003571821	-0.0155982646	0.0715435385	-0.0254129216	-0.0142469064	0.1410822696	0.0369888336	0.0846535163	-0.0521796897	0.0495853629	-0.0158401353	-0.0521882553	0.0166209988	0.0450905067	0.080037121	0.0004427581	-0.0859066991	-0.0052446745	0.0596251381	-0.040901989	0.0002120199	0.0807230247	0.0299320107	-0.0414890832	0.0748089417	-0.0374175543	0.0252041145	-0.0184953219	-0.0428861569	-0.0088349612	-0.0873485788	0.0183762636	-0.0395860306	-0.0925698417	-0.0841450451	-0.0109187622	0.0667360886	-0.0129404673	-0.0057306824	-0.0256153394	-0.034382212	0.0177198794	0.0939356773	-0.0349207086	-0.0372502447	0.1136619827	0.003242265	0.0497510522	0.0273384167	-0.007710758	-0.0610687904	0.023896321	-0.0075802708	-0.0287612498	-0.0452501992	-0.0437667112	-0.0270404853	-0.1063150222	0.034906707	0.0443410063	-0.0085121349	-0.0305684127	-0.0799378539	0.0487121179	-0.0053741445	-0.0393001065	0.0742024108	-0.0906543325	0.1361386987683914	0.0091220034232293	8.321094645340711e-05	0.0185337453023508	0.2759116083774984	-0.0128597098368317	0.0001653721370875	0.076127215637458	0.0483664993218866	0.0778126214021312	0.002339318256654	0.0060548040494714	-0.0159477554841163	-0.000198205779016	3.928553083533979e-08	0.0002543309049811	0.0018470660131628	0.0008378946931667	3.4116528569811203e-06	7.020675168370856e-07	0.0032679392670155	-0.0004017458965175	1.6139976536873014e-07	1.0679427052901804e-05	0.0	0.0	0.0	0.0	0.0	0.0
2570.4539821026874	0.0959960652439804	6607233.674107563	0.0092152445423265	3226.8876986825394	-1.734363017637861	10412804.219908696	3.008015076949908	3020.736571891176	0.4509305427409344	0.2033383543766337	9124849.436760854	3101.4790235154173	2372.287890954691	1.055256	17.443033	0.1302064275860217	0.0705055503228222	-0.1025061833	0.0093865082	-0.0730325939	0.0063675358	-0.0156470893	0.0595400263	0.0220717431	0.0599891559	-0.1051010321	-0.065469595	0.024683856	0.0295598778	-0.0267648148	-0.045047712	-0.0992320017	-0.0395207073	-0.0269008327	0.0407350231	-0.0550083671	0.0704094573	-0.0157167877	-0.0058357282	-0.0794390153	0.0332849966	-0.0408735604	-0.0023032674	-0.0501151767	-0.0363770584	0.0178325921	0.0944052941	-0.0154738925	-0.0385872243	-0.068389751	0.0035962624	0.0812662219	-0.0252634346	-0.016032779	-0.0020814931	-0.0442404674	-0.0874245182	-0.0509320381	0.0094576023	-0.1114961881	0.0346218196	-0.086271439	-0.0088839202	-0.0169313987	0.0383034596	0.0703477391	-0.0600022892	-0.0418830436	-0.0047449988	0.0759998308	-0.0199096055	0.0141105036	0.0298536372	-0.1148940626	-0.0167983922	-0.0277521794	-0.0223077697	0.0196356065	0.0282493774	-0.0373405768	-0.0549642342	-0.0312472494	-0.0260775807	0.0103188581	-0.0958168245	-0.0032368161	-0.0409624199	-0.0708366739	0.0811986421	0.0758715452	0.0085204041	0.0244384278	0.0430142977	-0.0098388574	-0.0315231195	-0.0113029322	0.0364060285	-0.0418639665	0.0184606619	0.0481571221	0.0334139221	-0.0713241072	-0.052680605	-0.064262388	-0.0115952438	-0.0327306303	-0.0729769985	-0.0240460893	0.0130117133	-0.0059277407	-0.0256342951	0.0227265925	0.0032365613	-0.0441794081	-0.071422279	-0.0102037853	0.0201723053	-0.008857627	0.051442814	-0.0805080284	0.0507163915	-0.0089476998	-0.034934058	0.0705658771	-0.089533037	0.1293359418232853	-0.006802756945106	4.627750205418925e-05	0.0167277858473162	0.2650891759627569	-0.0108224324147415	0.0001171250433716	0.0702722712126134	0.0739846933500558	0.0256181940281691	0.0054737348501017	0.0006562918652649	-0.0171734288190077	-0.0012256733348913	1.5022751238638045e-06	0.0002949266574015	0.0016716666515801	-0.0001753993615826	2.794469394005024e-06	3.07649360436187e-08	0.0036061274545015	0.0003381881874859	1.1437125015506585e-07	1.3004155218109468e-05	0.0	0.0	0.0	0.0	0.0	0.0
2576.4164715497054	5.962489447018015	6637921.834872634	35.551280405801194	3225.686223129553	-1.2014755529862668	10405051.6100878	1.4435435044236558	3022.249709802172	1.5131379109961929	2.289586337693922	9133993.308399314	3103.7669566053023	2358.832502454932	1.011326	16.716875	0.0993386697313382	0.0583673286611139	0.0222981679	0.0635928307	-0.1023205343	0.0154679303	-0.0015064231	0.0355197251	-0.0505450243	0.0264697936	0.0227267174	-0.0225061894	-0.0948254136	-0.0369206131	-0.0416326829	-0.0497930001	0.0331927112	0.0922058939	0.0270842465	0.0018733908	0.0157751574	-0.0204793603	-2.9763e-05	0.0165786626	-0.0421082384	0.0440981195	0.0635672924	0.1017617598	0.0343336645	-0.0368237679	-0.038635468	0.0626494135	0.0536982905	-0.0669460021	0.0334481754	0.046761503	0.0392669119	-0.0028995301	0.0108144267	0.0347664416	-0.0286709277	0.0767006164	0.1360513933	-0.1323877774	0.0482705921	0.0390102321	0.010569244	0.0003663543	0.1156497093	0.0340099548	-0.0503840912	-0.0006657796	0.0838565025	0.0303301118	-0.0176497278	0.0199180225	-0.0355774463	0.0447387513	-0.006534228	0.0587728226	-0.048730216	-0.0040689746	0.0015310684	0.031770441	-0.0163285909	-0.0475716272	-0.0260108684	0.0486383528	-0.0268777511	-0.0303489092	-0.0884694732	0.0659369233	-0.0028135941	-0.0389376765	0.0229731713	0.1455579402	-0.1114844175	-0.1220500156	-0.0297897906	0.0965237193	0.0015716768	-0.0223308316	-0.0172306798	0.0692159961	-0.037323696	0.009053482	0.0667876185	0.029257329	-0.0491812494	-0.0858686768	0.0110569038	0.0323116305	0.0192213424	0.0467761203	-0.0091734945	0.0026376729	-0.0129123997	-0.0215605445	-0.0180050371	-0.0332450165	-0.0354306304	0.0470409334	-0.0056926973	0.0479427896	-0.0810644083	0.0526859066	-0.0125074584	-0.0304722578	0.0666271694	-0.0878597406	0.123127445206336	-0.0062084966169493	3.854543024267096e-05	0.0151603677630392	0.2527499382917568	-0.012339237671	0.0001522567863014	0.0638825313064868	0.0897560334813647	0.0157713401313089	0.0080561455463078	0.0002487351695374	-0.0161295268984149	0.0010439019205927	1.089731219817336e-06	0.0002601616379666	0.0016403463948027	-3.132025677739995e-05	2.690736294942216e-06	9.809584846022674e-10	0.0033809577256301	-0.0002251697288714	5.070140680001988e-08	1.1430875142497858e-05	0.0	0.0	0.0	0.0	0.0	0.0
2576.4620075910443	0.0455360413388916	6638156.476560075	0.0020735310608172	3226.3272049792704	0.6409818497172637	10409187.233589351	0.4108577316669648	3022.134042002672	-0.1156677995004429	0.0133790398412746	9133294.167831406	3101.7379980209025	2343.516472517949	1.040467	17.198576	0.0833814643640902	0.0392382214981751	0.0487210178	-0.0796636434	0.006734315	0.0483600689	0.0113944348	0.0818159374	0.0089251309	-0.0105918211	0.0961755525	-0.0190647515	0.028548474	-0.0082969774	-0.0067705224	-0.0282664421	-0.0638622079	-0.0726937486	0.056495435	0.0286529104	0.0186285983	-0.0683027841	-0.0088404004	-0.0275560243	0.058836315	0.0636455981	-0.0665431366	-0.0004623046	0.018469247	-0.0693678788	0.0324976513	-0.0593513051	-0.0166626322	0.0084206546	-0.0058401984	0.0562014339	-0.0353049694	-0.0344386213	-0.0512274659	0.034285635	-0.0503855646	0.0154495356	-0.0705535067	0.0202936733	-0.0377309009	0.0271951244	-0.0692066485	-0.0465975407	-0.0103135021	0.0001681298	0.0058064064	-0.1064812198	-0.056814645	-0.0748047127	-0.0487010495	0.0557670977	-0.0057027115	-0.0007378794	0.0311419834	0.036821133	-0.0786011064	0.0103040749	-0.0041050473	0.0427967041	-0.0567487517	-0.0150788317	0.0314359799	-0.0135381199	-0.0137286622	0.0569839675	0.0202301039	0.0377955059	0.0011994244	0.0705272231	-0.0401814138	-0.0700989179	0.0546745973	-0.0359431044	-0.061448988	-0.0116748059	0.0071725028	0.0049934198	-0.0396915465	0.0081945308	0.0666602178	-0.0116749523	-0.0948271783	-0.0350733161	0.0966799489	0.0478459863	0.0041357439	0.0098129479	0.021450108	0.0874837427	-0.0108049482	0.0012100829	0.0373306139	0.0024136862	0.0226258547	-0.003118387	0.0111963331	0.0037347817	0.0277457573	0.0294002797	-0.0816068982	0.0546193134	-0.0160479313	-0.0259269352	0.062403154	-0.0856447597	0.1172326279378239	-0.0058948172685121	3.4748870629148595e-05	0.0137434890532082	0.2531565856421593	0.0004066473504025	1.6536206758939194e-07	0.0640882568539959	0.0738953882818691	-0.0158606451994955	0.0054605284093281	0.0002515600661442	-0.0165596943462618	-0.0004301674478469	1.8504403318711597e-07	0.0002742234768416	0.0012852327344663	-0.0003551136603364	1.6518231817437226e-06	1.2610571175751616e-07	0.0029418517428998	-0.0004391059827302	1.9281406406954245e-07	8.654491677202591e-06	0.0	0.0	0.0	0.0	0.0	0.0
2582.82915904829	6.367151457245655	6671006.464830097	40.54061767950546	3217.6217733745925	-8.70543160467787	10353089.876494257	75.78453942372431	3025.7106306392	3.576588636528413	12.791986274944174	9154924.820363067	3103.202880599651	2368.033468315145	1.069208	17.673645	0.0771726348837645	0.0421425000636867	-0.0528253243	0.0839237324	-0.0021191944	0.0394940705	0.0140236869	0.0482966802	-0.1024677925	-0.0553083529	-0.0852817953	-0.0264886809	0.0730547449	-0.0021195195	-0.0415726235	0.0115423698	-0.0044204283	0.0889343123	0.0299323568	-0.0321683574	-0.1114774805	-0.0009082893	0.0376003297	-0.0050420479	-0.0654942127	0.0096607064	0.0145432505	0.1037443935	-0.0076331829	0.009217457	-0.0044119293	0.0270601226	0.0900143791	0.0952072805	0.0735684046	0.0468438852	-0.0086982204	-0.0405309403	0.1113623578	0.0085224756	0.0189576412	0.1436950575	-0.0178411958	0.0623390409	-0.0407004876	-0.015097651	-0.0011871008	0.0383843348	-0.0648038742	-0.035382969	-0.0148845969	-0.0395052508	0.1084024369	0.0183117034	0.0434222601	-0.0906412794	-0.0419218423	-0.0334643313	-0.0376213632	-0.0096380125	-0.0632913582	0.029211868	-0.011698993	-0.0407624414	-0.0342838504	-0.0651885417	0.064502132	0.1415864957	0.0100952233	0.0628702929	-0.0600169204	0.054992041	-0.0710077243	-0.0465311126	-0.0551446472	0.060036802	0.0061754132	-0.0311938574	-0.0613076973	-0.1039299519	0.0152530776	-0.0002991671	0.0018449813	0.0190842627	-0.0440487198	0.0488719439	0.0686287493	0.0108812749	-0.0416846721	-0.0002353184	-0.06475377	-0.0869986004	0.0115730723	0.0694754836	-0.058480417	0.0220583934	0.0094084852	0.0622197117	0.0150656933	-0.0135960641	0.0487409219	-0.0091975368	0.0471764274	-0.0006201233	-0.0821354052	0.0565152869	-0.0195636596	-0.0213105486	0.0579119187	-0.0829017503	0.1464386368950556	0.0292060089572317	0.0008529909592098	0.0214442743756819	0.2356518397310054	-0.0175047459111539	0.000306416129414	0.0555317895686074	0.0729380900950502	-0.0009572981868189	0.0053199649867136	9.16419818486759e-07	-0.0166378363911043	-7.814204484250103e-05	6.106179172167442e-09	0.0002768175997771	0.0017470727204105	0.0004618399859442	3.0522630904025453e-06	2.1329617261693898e-07	0.0028917421371153	-5.0109605784499824e-05	2.510972591877978e-09	8.362172587568163e-06	0.0	0.0	0.0	0.0	0.0	0.0
2586.265304199482	3.4361451511922496	6688768.2237060405	11.807093500062008	3241.343755991181	23.72198261658832	10506309.344503015	562.7324592617184	3029.484081432132	3.773450792931726	14.238930886677071	9177773.799650688	3108.051792096077	2360.003515100876	1.049899	17.354483	0.1947072833332714	0.1072431743096944	0.0912273025	0.0361148423	0.0504077247	-0.009348	0.0058131024	-0.0226733643	-0.0438380114	-0.1202366248	0.0572302342	0.000910758	-0.0179622076	-0.0940689613	-0.038199162	0.0745189666	0.0338738351	-0.0641945758	0.0263145452	0.0307749547	0.0567379705	-0.0490776121	0.0255356245	-0.0932765583	-0.012379177	0.0262721087	-0.0216233855	0.1103590694	0.006242546	0.0547526171	-0.0159339524	-0.1250088571	0.1530557125	-0.0544791389	-0.0949677572	-0.0015636714	-0.0774143391	0.0277283656	0.007118534	0.1316812621	-0.0667912363	0.0870112476	-0.0277553566	0.0362223205	0.0180916121	0.0430647684	0.0755339786	0.1043150099	-0.024168272	-0.1006576912	-0.0346432622	0.0019271316	-0.0585173039	0.0420729861	-0.0468226923	0.0503522573	0.0266573745	-0.0791268731	-0.0166296052	0.0533453604	-0.1320136146	0.0396059462	-0.0098547369	-0.0507106077	0.0045847637	0.0568198859	0.0521425921	0.0392243713	0.0442696865	0.003645135	-0.1357500948	-0.0815603851	0.1167204109	0.0726008197	-0.0543882938	-0.0134379435	-0.0325539169	0.0293797579	-0.102215573	-0.0434438021	-0.0367000104	-0.0372333702	0.0283350682	0.0634584939	-0.0568691876	-0.099267738	0.050400342	-0.0665881604	0.0553913286	0.0004182825	0.1106691113	-0.0251303157	0.0222301985	0.0165831561	-0.0715656897	0.0689913948	-0.0706085532	0.0734119828	-0.0199844982	-0.0463647547	-0.0056025484	-0.0077793893	0.0366946295	0.0736140192	-0.0826498387	0.0583725276	-0.0230492221	-0.0166357513	0.0531726956	-0.0796476241	0.1780867917818227	0.0316481548867671	0.0010016057077368	0.0317149054071422	0.250381995513365	0.0147301557823595	0.0002169774893725	0.0626911436772547	0.0682377441027455	-0.0047003459923047	0.0046563897202317	2.2093252447374904e-05	-0.01560086402642	0.0010369723646843	1.0753116851189504e-06	0.0002433869583708	0.0015919386356477	-0.0001551340847628	2.5342686196678607e-06	2.406658425519161e-08	0.004572208221105	0.0016804660839897	2.823966259439677e-06	2.090508801714015e-05	0.0	0.0	0.0	0.0	0.0	0.0
2584.329823163074	-1.9354810364084187	6678760.634890084	3.746086842296607	3240.7004342108416	-0.6433217803391926	10502139.304294338	0.4138629130587884	3030.546963557144	1.0628821250120382	1.129718411670106	9184214.898325425	3108.276147201213	2392.6611656548243	1.075951	17.785107	0.11990814472269	0.0567387537233263	-0.0241901666	-0.0423199269	0.1046892193	0.0272252629	0.0365248042	-0.050928356	0.0664556065	-0.0639915189	0.0132898397	-0.017889206	0.0669787297	-0.0197872216	0.0204360385	0.1067269383	-0.0483723336	0.0534935729	-0.0857980397	-0.0057684274	-0.0408142006	-0.0518485877	0.0315415639	-0.050853971	0.1356513965	-0.0074789492	0.0096126968	0.0089364665	0.0901803085	0.0167764401	0.027875341	0.0602643467	0.0300875928	0.0525137808	0.0390990694	-0.0266850198	0.0214999354	-0.1117645189	-0.0398403551	0.0165949476	0.1569710395	0.0919774575	-0.0073196499	0.0873449261	0.1150578666	-0.0465065744	0.002026259	0.0532434605	0.0030209529	-0.0640870231	0.0759201418	0.0474585121	0.0438969458	-0.1145501894	0.037677863	-0.0289250114	0.0040265278	-0.1060660535	0.092849825	-0.0135360484	-0.0330823324	0.0674861554	0.0318094341	0.0126928157	0.0772571416	-0.1200053648	-0.0054053696	0.0533691555	-0.0266963523	0.0395320922	0.1265114616	-0.0098362897	0.0150948549	-0.0716446268	-0.0046413817	-0.0027250465	-0.0275248497	-0.1219676078	0.0149396964	0.0206013785	-0.0081967298	-0.054599173	0.0079932817	-0.0050863582	0.0146345605	0.0070099598	0.0945282913	-0.0764581314	-0.0182484481	0.1304281853	0.0029037631	0.0326029095	0.0421178651	0.013699612	0.0599164215	-0.0036617651	-0.090922429	-0.0052713351	0.126888505	0.0584018729	-0.015166546	-0.0110896146	0.0419226532	-0.0070611112	-0.0831501106	0.0601897627	-0.0264992443	-0.0119153566	0.0482057789	-0.0759024438	0.1622542047735464	-0.0158325870082763	0.0002506708113746	0.0263264269666959	0.2704241217608256	0.0200421262474606	0.0004016868245191	0.0731292056301138	0.0356745151278374	-0.0325632289749081	0.0012726710296062	0.0010603638812722	-0.0157035066096808	-0.0001026425832608	1.0535499898450421e-08	0.0002466001198402	0.0017353642745543	0.0001434256389065	3.011489165399372e-06	2.0570913895766387e-08	0.0037888723934315	-0.0007833358276735	6.136150189169275e-07	1.4355554013707344e-05	0.0	0.0	0.0	0.0	0.0	0.0
2579.2475611404425	-5.082262022631312	6652517.981648921	25.829387266680516	3207.0933676877635	-33.607066523078174	10285447.86906684	1129.4349202866017	3024.531765241564	-6.0151983155801645	36.18261077575845	9147792.39895525	3103.227666457156	2387.5705362673943	1.082808	17.898445	0.1042758860311952	0.0550286436866547	-0.0673393465	0.0580650836	-0.030841869	-0.0109034813	-0.0170711934	-0.0818470536	-0.0577429495	0.002810132	-0.124062095	0.0393060257	0.0824539717	-0.0277880965	-0.0588135352	-0.0036484492	0.0889616974	-0.0449209704	-0.0675454689	-0.0301747118	-0.099988402	0.0195412112	0.0530247461	0.0688918403	-0.0098726786	-0.0611998406	-0.0486343128	-0.0219750024	0.0561180814	-0.025445901	0.0835992643	-0.0266961341	-0.0540546458	-0.0142959026	-0.0121460969	0.0263569771	0.0763582691	-0.0392495363	0.0201289237	-0.0805174439	0.0044668029	-0.0826855532	0.017435627	0.0484826089	0.0542239895	0.0459845386	0.0359239368	0.0901280454	0.0328578875	0.0010428653	-0.0700260245	0.0514624303	-0.0598671708	0.0379138282	0.0874763473	-0.1018939759	-0.0840528643	-0.0252780726	-0.0142815443	-0.0759425624	0.0288711239	0.0287886296	0.0185632178	0.0703966118	0.0028472709	0.049939656	0.0025903347	-0.0097920817	0.0419959056	-0.0249723754	0.1590574254	-0.0062277948	0.0426997231	-0.0461970812	0.0123652997	-0.0293437728	-0.0847796452	0.0581161547	-0.0197646494	-0.0690390926	-0.0117275995	-0.0999320425	-0.0033157345	0.0267506325	0.0263177777	-0.0987701863	0.0105771693	-0.0192969564	0.0007214664	-0.0023959074	-0.1284097654	-0.0657097119	-0.019186671	0.003968605	-0.0247827845	-0.0138723396	-0.0523373045	0.0825158028	0.0793258747	0.0386886378	0.0166370978	-0.0786416121	0.0666890239	-0.012639728	-0.0836361352	0.0619657467	-0.0299084066	-0.0071623028	0.0430324377	-0.0716892996	0.141524666866843	-0.0207295379067034	0.0004297137418254	0.0200292313317708	0.2780773636417137	0.0076532418808881	5.857211128737989e-05	0.0773270201699258	0.0283065190259037	-0.0073679961019336	0.0008012590193638	5.4287366558110136e-05	-0.01482948769326	0.0008740189164208	7.639090662613913e-07	0.0002199137052445	0.0017461119024859	1.0747627931600131e-05	3.0489067760029296e-06	1.1551150615611135e-10	0.0033031367349505	-0.0004857356584809	2.3593912991997058e-07	1.0910712289779453e-05	0.0	0.0	0.0	0.0	0.0	0.0
2586.859534461631	7.611973321188543	6691842.251035047	57.94213784248614	3219.4771294155003	12.383761727736784	10365032.986829467	153.3575545293583	3036.0800526624807	11.54828742091695	133.36294235610865	9217782.086175011	3116.3363034512136	2372.1643198282763	1.24429	20.567694	0.0621026551759275	0.0382799426807345	0.0741345915	0.0192584749	-0.0020804361	0.0509529557	-0.0127295455	-0.0354338911	-0.0479335707	-0.0103759525	0.0453792949	0.0408480696	0.0072166522	-0.09252078	0.0529088168	0.1591969973	-0.0054289408	0.0236032237	0.1871370734	0.0416034873	0.1301578716	0.0570171068	-0.1001599015	-0.0634985455	-0.0414214023	0.0089883605	0.0392194499	0.0142985253	0.0352344828	-0.137466737	-0.0132344003	0.013680658	-0.1163859154	-0.0284206483	-0.0919035442	-0.0344221349	0.0044294046	-0.0335835748	0.0472449188	-0.0311368036	-0.0132645743	0.0047832726	-0.0621923644	0.0860818525	0.1284354685	0.0098983616	0.0958154921	-0.0584284419	0.0992174451	-0.1906857447	0.0130261832	-0.0116468137	0.0356621917	0.0289535397	-0.1313993682	0.1298992447	0.0855998364	0.0794817659	-0.062808871	0.0472925282	0.0536229865	-0.0866155847	0.0285734212	0.0240765679	0.0104666189	0.0314129556	-0.0044794253	0.1013166268	-0.0475947556	-0.216370874	-0.0204904924	-0.1573912723	0.0195231242	-0.0485689309	0.0356272019	-0.0064135404	-0.0182198788	0.0563058863	0.07475861	-0.1629276997	-0.0278996864	-0.1420254325	0.0607794293	0.0661149603	-0.0688260823	0.0411311011	-0.0255658731	-0.0595928097	0.0128011441	0.032993832	0.1562061234	-0.0418464347	-0.3049839302	0.0821203207	-0.2073569109	-0.0362771857	-0.2205818333	-0.2014446646	-0.0193286184	0.1168035587	-0.1772467231	-0.1777959438	-0.2100968545	0.1706445047	-0.0841078291	0.0636992625	-0.0332714524	-0.0023896175	0.037674825	-0.0670341672	0.108172198697332	-0.033352468169511	0.0011123871329982	0.011701224571015	0.2771291488848675	-0.0009482147568461	8.991112251008975e-07	0.076800565161651	0.0180568230174884	-0.0102496960084153	0.0003260488574848	0.0001050562682649	-0.0145094682096113	0.0003200194836487	1.0241246991478086e-07	0.0002105246677257	0.0017469184582916	8.065558056999725e-07	3.051724099919901e-06	6.505322677083319e-13	0.0033333562203192	3.0219485368699825e-05	9.132172959490627e-10	1.1111263691540702e-05	0.0	0.0	0.0	0.0	0.0	0.0
2593.79661562346	6.937081161829156	6727780.883219716	48.12309504580495	3240.304554945121	20.82742552962054	10499573.608798098	433.7816541918895	3034.0199644872746	-2.060088175206147	4.243963289624192	9205277.144907365	3115.4419303731715	2374.471375018936	1.211999	20.033932	0.1989016941708669	0.1352532135620398	0.0085987798	0.1067986833	0.0548639045	0.0255423086	-0.0212348255	0.0401338053	-0.0830777114	-0.0907426755	0.0075940855	-0.0379654237	-0.1239490742	0.0034276182	0.0447150713	0.0973488864	0.1384071763	0.0553084241	0.1221426237	0.0115973704	-0.0550354835	-0.0303721621	0.0724503771	0.0770781098	0.0368132876	0.0243518894	0.0451822675	-0.0682044428	0.0982014185	-0.0286774658	0.0638439839	0.0296499029	0.0684729904	-0.0579882919	0.0039248133	0.1280388576	0.0872271439	0.0069142391	-0.0001707377	-0.0673260302	-0.1475700545	-0.0431945561	-0.0319187408	-0.0283897564	-0.0105909708	0.0194718254	0.0057001847	-0.1535628059	-0.0927237483	-0.1473104406	-0.130789534	0.0210743931	0.0706792217	0.0166833638	0.0491446547	-0.0077236083	-0.01584904	0.0275006182	0.1126549194	0.0826800184	0.0095712335	-0.0075209702	0.0135717894	0.0478936851	0.0488136354	-0.0514414285	0.087012443	-0.0867247428	-0.0709364604	0.0464118569	0.01439454	0.0315524907	-0.0039885973	0.044944225	0.1332000481	0.1153447697	0.0891163884	0.1207133016	-0.0302276483	-0.0056784983	-0.014406591	-0.0235306208	0.0118879348	0.0494356925	-0.0746463426	-0.0490862901	0.0411995682	0.0402441925	0.0221001724	0.0221331256	-0.0553862674	0.0182221405	-0.1147804365	0.1009670071	0.0800608518	0.038109405	0.0273791033	0.0396293661	0.0262241353	0.1152925216	-0.1120899604	0.0066919628	0.0066965833	-0.0001709063	-0.0845651116	0.0653891221	-0.036583196	0.0023896175	0.0321558829	-0.0619657467	0.1235742105585018	0.0154020118611698	0.0002372219693716	0.0152705855151569	0.2772037667984506	7.46179135830971e-05	5.5678330274945475e-09	0.0768419283272497	0.0668148087178224	0.048757985700334	0.0044642186639991	0.0023773411695539	-0.0170060257103871	-0.0024965575007758	6.232799354679913e-06	0.0002892049104623	0.0016254209095112	-0.0001214975487804	2.6419931330762163e-06	1.4761654359645718e-08	0.0032580696959598	-7.528652435940001e-05	5.668060750118532e-09	1.0615018143731584e-05	0.0	0.0	0.0	0.0	0.0	0.0
2585.651218904908	-8.145396718552092	6685592.225824437	66.3474877025992	3249.1898889834165	8.885334038295696	10557234.934672069	78.9491609720961	3026.961856959056	-7.058107528218443	49.816881879893856	9162498.083485017	3108.392750971368	2396.4504147685466	1.180576	19.514524	0.1705683598905869	0.0849667608078241	0.0774552127	-0.001118087	0.0426409963	0.0099359488	-0.031996659	-0.0825234173	0.0846965575	-0.0750657857	-0.0335580144	0.1078346591	-0.0331325836	-0.050041106	0.033502545	0.0452659433	-0.0327007392	-0.0491136686	-0.0074949963	-0.0195885163	0.0062905443	-0.0531221337	-0.056140226	0.039865146	0.0502641334	0.1050369712	-0.0584036045	0.0154533511	-0.0566812241	0.0217628082	0.0590927442	-0.0309659993	-0.0584996277	-0.0934275538	0.0994734153	-0.0750926494	-0.0149347252	0.1176794307	-0.0143806641	0.0762796054	-0.1404033431	-0.0669511279	0.0167049364	-0.0006865647	-0.003262928	0.1460244833	0.05027635	0.0725963817	0.0060565502	-0.0402425437	0.0544218846	0.0161929111	-0.0545912542	0.0079794442	-0.0438973656	0.0066208229	-0.0191580703	-0.0305727355	0.0241228218	0.0696393088	0.0569973365	-0.0081639683	0.0090987225	-0.0675080602	-0.0899596184	-0.0144388883	-0.0868135689	-0.0991842953	0.105107898	-0.0568704653	-0.0375110749	-0.0462493471	0.0132968965	-0.0473574892	0.050687474	-0.0516260492	-0.0026080573	0.1426912072	-0.0381577493	-0.0020589723	-0.0059023259	0.0658305284	-0.0147044431	0.0099468421	-0.0391168462	0.0299394086	-0.0431719811	-0.0644300619	0.083873199	0.0147453162	0.0877676762	-0.0565003247	0.0329165683	-0.1432531502	0.0686417797	-0.0035007687	-0.0312807841	0.0411627145	-0.0574846964	0.1333186448	-0.0223107688	-0.0351905632	-0.0461005174	0.022542441	-0.0850079043	0.0670341672	-0.0398385309	0.0071623028	0.0264992443	-0.0565152869	0.1034085254938617	-0.0201656850646401	0.0004066548541262	0.0106933231448146	0.2905938978843494	0.0133901310858988	0.0001792956104975	0.0844448134876197	0.1080417978869405	0.0412269891691181	0.0116730300906425	0.0016996646359505	-0.0183148935076188	-0.0013088677972316	1.71313491063016e-06	0.0003354353241954	0.001170659601553	-0.0004547613079581	1.3704439027082289e-06	2.068078472158527e-07	0.0031059877097311	-0.0001520819862286	2.3128930535266472e-08	9.647159653000644e-06	0.0	0.0	0.0	0.0	0.0	0.0
2574.557399006596	-11.093819898312177	6628345.800779608	123.0728399361872	3252.775922342312	3.5860333588952926	10580551.200969877	12.859635251109854	3021.0593960065785	-5.902460952477668	34.839045295523576	9126799.874199633	3104.5565137497924	2394.1300561540343	1.182922	19.553307	0.2235827769204091	0.1559369104636922	-0.0030553249	-0.1125744834	-0.0350203894	-0.0003121987	-0.0022972799	-0.1375696895	0.1103055774	0.0102765959	0.0046369256	0.0218461132	-0.0336834278	-0.0334642182	0.0082224018	-0.0499671952	0.0235614926	0.0943718762	-0.0214102509	-0.0337056291	0.0314068992	0.0361410973	-0.0573491275	-0.0504166022	0.056895324	0.0117298742	0.0700366659	0.1618551684	-0.0279382089	0.0225677197	-0.0034072259	-0.0446108773	0.0168528877	0.0078693384	0.0240324654	0.0519145473	-0.017966445	0.0152476942	0.0125347084	-0.0011600723	-0.0588011707	0.0022007235	-0.0632345764	-0.0172759259	0.058785165	0.0507813198	-0.0342417156	-0.0376700621	0.0483997603	0.0766962938	0.0013867638	0.0683329215	0.0693565161	0.0094995215	-0.0615029487	0.0019582493	0.0610596771	0.0014426691	0.003248814	0.0503289997	0.0687907954	-0.0262737395	-0.0299689092	-0.1228764588	-0.0784929815	0.0359015301	0.0386835443	0.13756264	-0.0135892244	-0.0388149861	-0.0209232607	0.0385740418	0.0228928146	0.0277899677	0.0684542154	-0.0148179134	-0.06301165	-0.0175779606	-0.0661077864	-0.0351719952	0.0193740797	-0.1037741054	-0.0323278331	0.0373058521	0.0373774318	0.0551285454	0.0355777509	0.0620929718	0.011180001	0.0572576757	0.0439578372	-0.0654121913	0.0391331817	-0.1267813867	0.014245048	-0.0718356647	-0.0394683309	0.1172675073	-0.0114135289	0.0518988207	-0.1234219964	-0.056594659	-0.0315606386	-0.0792876728	-0.0854361313	0.0686332704	-0.0430324377	0.0119153566	0.0207291319	-0.0507163915	0.1042291263987635	0.0008206009049017	6.733858451256481e-07	0.0108637107898494	0.3022072246708518	0.0116133267865023	0.00013486935905	0.0913292066432587	0.1094022131497354	0.0013604152627949	0.0119688442420601	1.8507296872453189e-06	-0.0153796434914806	0.0029352500161382	8.615692657239306e-06	0.000236533433925	0.0016958757630267	0.0005252161614737	2.8759946036213924e-06	2.758520162731678e-07	0.0023706852080188	-0.0007353025017122	5.406697690243668e-07	5.620148355519141e-06	0.0	0.0	0.0	0.0	0.0	0.0
2581.9421985585764	7.38479955198045	6666425.516697495	54.53526442293065	3240.404953658215	-12.370968684096624	10500224.2636927	153.04086618289935	3023.641700791435	2.5823047848566603	6.668298001893603	9142409.134764925	3105.3604466215093	2388.6477777370123	1.08165	17.879311	0.2707570614632775	0.1289205514814925	-0.0693613311	-0.0162949613	0.0161304511	0.0440808573	0.0592615161	0.0550222563	0.0355642516	-0.0191262217	-0.0186679696	-0.1233183535	0.0231423381	0.0069158633	0.0394240383	-0.0267486312	0.0352971206	-0.0823382844	0.0312692726	-0.0192907721	-0.0688530077	0.0004847811	-0.014227158	-0.0697347413	0.001850432	0.024356468	-0.0644896498	0.0785658622	0.012145736	0.077371397	0.0412841632	-0.1833099353	-0.00544342	-0.1410842596	-0.0018991205	0.0368763965	-0.0977754813	-0.0489771055	-0.0153523241	0.0185032944	-0.0281528054	0.0283987488	-0.109337042	0.0369915179	-0.04036776	0.0012064956	0.0638488096	-0.1132687762	0.028936338	-0.0115387761	-0.0633440709	-0.0513868087	-0.0697485031	-0.0367083768	0.0427387505	-0.050081743	0.0456678015	0.0162876441	-0.000722921	0.0578994717	-0.0586486438	-0.0094037872	-0.0803363774	-0.0422383691	-0.0641666779	0.0790515256	0.0142420967	-0.0536197675	0.1266759354	0.0608411883	-0.0423458259	0.0057555204	0.1458769055	0.0921328086	0.0786045478	-0.0188766371	0.059711457	-0.0706511534	-0.0203599404	-0.0890841045	0.0643258071	-0.0011905497	-0.0053970708	0.032177351	-0.0146042558	-0.0715560965	-0.0620386562	-0.0151646135	-0.0834049708	0.036740307	0.0015095597	0.0678691965	0.0407319646	-0.0114594573	-0.0359948154	0.0518741203	-0.0102523063	0.07397746	-0.0085640635	0.0918356498	-0.0722652538	-0.0283854525	-0.038674621	0.0492778258	-0.0858497193	0.0701853358	-0.0461599916	0.0166357513	0.0148702542	-0.0446048127	0.0907520196197282	-0.0134771067790352	0.0001816324071335	0.0082359290650595	0.2564650384635314	-0.0457421862073204	0.0020923475990251	0.0657743159541006	0.1564711087818722	0.0470688956321368	0.0244832078834284	0.0022154809360289	-0.017290923112973	-0.0019112796214923	3.652989791532129e-06	0.0002989760220987	0.0026226076072735	0.0009267318442467	6.878070661728833e-06	8.588319111410751e-07	0.0019193192168623	-0.0004513659911565	2.0373125797268962e-07	3.6837862562169128e-06	0.0	0.0	0.0	0.0	0.0	0.0
2583.7014504731355	1.7592519145591723	6675513.185176984	3.094967298880113	3236.1667967252206	-4.2381569329945705	10472775.536226775	17.961974188689943	3028.4336493556484	4.791948564213271	22.962771042065636	9171410.36854957	3108.762654925408	2376.3410918428626	1.13064	18.689098	0.1125954721759909	0.0690021263621866	0.0117371795	0.0809090865	-0.0520904101	-0.0069292193	0.0466488325	-0.0409189654	-0.0638165045	-6.80586e-05	-0.0314542135	0.0108191625	-0.0842407428	-0.005292367	0.0013171312	0.0575798065	-0.0329805258	0.0775985339	0.0569089816	-0.0526719901	-0.0488584759	0.0402002306	0.0193011262	0.0128251223	0.0039756835	-0.0043162873	0.0477509756	0.1044207352	0.0957173707	0.0462621826	-0.0405431566	0.0078256181	0.0429050047	-0.0083810784	-0.0337810989	0.0269874348	-0.0215411626	-0.0572182568	0.030333848	0.0066839948	-0.0440402344	-0.032461639	0.0005438492	-0.0931115883	-0.0507661617	-0.0342136678	-0.1284612488	-0.0252200484	-0.0090789837	-0.0581228956	0.0357690242	-0.0098268204	0.0884176443	0.0081191426	-0.0179819101	-0.0565272835	-0.0301969624	0.0827243263	0.0473204153	0.0280212235	0.0299994656	-0.0266655883	-0.097181684	-0.0689540484	0.0344720268	-0.0322884716	0.0055333773	0.0534248611	-0.0576567553	-0.0320544301	0.0225369266	0.068032844	0.0660652208	-0.0035054542	0.0486088085	0.0542888246	0.0083757247	-0.0825208259	0.0500162754	0.0467262623	0.0682935053	-0.0159737726	0.0021733561	0.0057993439	-0.0707251138	0.069022273	0.0226047655	-0.004624821	-0.0328632944	-0.0506072102	-0.0396457716	0.0244905737	0.0136445234	0.0240457632	0.0192704019	0.0102143983	-0.0619011402	0.0221067136	0.0418374759	0.0845565012	-0.0406513265	-0.0292874256	0.0006697409	0.0210898394	-0.0862485974	0.0716892996	-0.0492163702	0.0213105486	0.0089476998	-0.0382182304	0.0781035050881655	-0.0126485145315626	0.0001599849198551	0.006100157507057	0.2652970352460073	0.0088319967824758	7.800416716566413e-05	0.0703825169103212	0.0942729509427948	-0.0621981578390774	0.0088873892794625	0.0038686108385747	-0.0177598586270868	-0.0004689355141138	2.1990051639717425e-07	0.0003154125784541	0.0026236308309621	1.0232236885999307e-06	6.88343873717488e-06	1.046986716912048e-12	0.0018109418942072	-0.0001083773226551	1.1745644065887676e-08	3.279510544194761e-06	0.0	0.0	0.0	0.0	0.0	0.0
2580.790519829753	-2.9109306433824718	6660479.707243127	8.473517210583088	3231.9435132734616	-4.223283451759016	10445458.872990403	17.83612311390155	3025.229517837244	-3.2041315184042105	10.266458787231272	9152013.635593764	3103.304152858004	2366.19707469993	0.930454	15.380095	0.0466903116644068	0.0218356083072947	0.0838945309	-0.0134317018	-0.0090425027	-0.0020809863	0.0545614634	-0.0305341811	-0.0355239272	-0.0182571183	0.0715580686	0.0117407447	0.004748024	-0.0076447529	0.0039636175	0.0151791875	0.0510641463	-0.0719366556	0.0128695299	-0.0327255476	0.0306181735	-0.1074547278	-0.0046769966	5.4594e-06	-0.0622218792	-0.0625828434	-0.0668321329	-0.0573712195	0.0686928413	-0.0033637385	0.0135254971	-0.1020437665	-0.0085075206	-0.0531673304	-0.06791007	0.0031047793	-0.0046517237	0.0602969181	0.0366112686	-0.0218236841	0.0547466718	0.0052390298	-0.0193948442	-0.0485899341	-0.1076785088	-0.0395446367	-0.0686457342	-0.0824575579	0.0342287187	-0.0145600032	-0.0504237963	0.003232795	-0.0739901667	-0.0305953608	-0.0895311438	0.0220056201	-0.054284162	-0.0547428239	-0.0025208157	-0.040642881	-0.0133924654	-0.030578284	-0.043198211	0.0515363066	0.043077277	0.100965099	0.0592542726	-0.0789354675	0.0740537882	-0.0247291233	-0.0075615865	0.0225517125	0.0598440572	0.0496896674	-0.0195041156	0.0372173684	0.0566413384	-0.0251769762	0.0289865798	0.063442972	0.0600662694	-0.0145494299	-0.0162198861	-0.0018120572	-0.0068072528	-0.0454672749	-0.0568298241	0.0311789096	0.110321269	-0.0339413129	-0.0203096284	0.04611727	0.0423362619	-0.0332485557	0.0486260269	-0.0037604548	-0.0437238033	0.0490475325	0.0529995585	0.098512367	0.0015258315	-0.0636745535	0.0009674268	0.044119332	-0.0866326972	0.0731441312	-0.0521968607	0.0259269352	0.00298683	-0.0315960199	0.0752135190801936	-0.0028899860079719	8.352019126273428e-06	0.0056570734524266	0.2556503676629234	-0.0096466675830839	9.3058195458522e-05	0.0653571104861878	0.0864228631837988	-0.0078500877589959	0.0074689112808856	6.162387782393879e-05	-0.0177979043256566	-3.804569856979967e-05	1.4474751796640564e-09	0.0003167653983852	0.0023232401366644	-0.0003003906942976	5.397444732608421e-06	9.023456922065417e-08	0.0016233068807876	-0.0001876350134196	3.5206898260973504e-08	2.635125229212367e-06	0.0	0.0	0.0	0.0	0.0	0.0
2578.889240749015	-1.901279080738277	6650669.71605103	3.614862142852988	3254.31265127732	22.369138003858552	10590550.83226362	500.37833503566895	3022.0806506572326	-3.148867180011621	9.915364517354336	9132971.459076842	3104.226393939079	2379.581201146514	1.0241	16.92803	0.0801976861492866	0.040309487592139	-0.0345706439	-0.0738697759	0.0583326297	0.0407728478	0.0626698261	0.0053553152	0.087548478	-0.0142649498	0.0366522323	-0.0344431817	-0.0159018877	0.0490710656	-0.0071810666	-0.0108361655	-0.0998483565	0.0322675819	-0.0307347719	-0.0569517693	-0.047542977	-0.0095205356	-0.0251042148	-0.0496789787	0.0368581944	-0.0797915801	0.0566239401	-0.0350470699	0.0828101052	-0.0266278991	0.0593674901	-0.0028966537	-0.0133939788	-0.0416742589	-0.0172942835	-0.0011087061	0.0023917137	-0.0618764261	-0.0466710929	0.0160720909	-0.0290020314	0.0528665983	-0.0668345436	-0.0059568353	0.085756529	0.0438321532	-0.0574897739	-0.0802949526	-0.0858947748	0.0296645348	0.0799939253	-0.0304971281	0.032909378	-0.0725508616	0.003147437	-0.0590621422	0.0600906844	-0.0496290173	0.0201271249	0.0182276472	0.0627480386	-0.0209109714	-0.0634811899	0.0783309635	0.0642188316	-0.0119341457	0.0077649447	-0.0330831349	-0.033265436	-0.0274090823	0.0330591785	0.0670281104	0.0040310817	-0.0148289648	0.0580639007	0.0328477867	0.0673927233	-0.0524423033	-0.0356190212	0.0263862158	0.0690360417	0.0183715766	-0.0253541022	-0.0432498355	0.0349152942	0.0634604616	-0.0465820185	-0.003559594	-0.016426818	0.1044783848	-0.0420447418	-0.0078435482	0.0372226834	-0.0143647753	-0.0203043148	0.0013633474	-0.0431596237	0.0518628456	0.0583346428	0.093055701	0.0096580945	-0.0382751994	-0.042250395	0.0015534555	-0.0870019529	0.0745488335	-0.0550968674	0.0304722578	-0.00298683	-0.0247790096	0.0972745774694061	0.0220610583892125	0.0004866902972522	0.0094623434218514	0.2547049134156935	-0.0009454542472298	8.938837336049811e-07	0.0648745929180959	0.098544920855403	0.0121220576716042	0.0097111014263976	0.0001469442821936	-0.0180333267326599	-0.0002354224070033	5.542370971922819e-08	0.0003252008730468	0.0029137905101317	0.0005905503734673	8.490175136933554e-06	3.487497436023676e-07	0.0015478973444334	-7.540953635419979e-05	5.68659817315538e-09	2.395986188903972e-06	0.0	0.0	0.0	0.0	0.0	0.0
2582.635475696969	3.7462349479542354	6670006.000328509	14.034276285273672	3225.9191505104486	-28.39350076687151	10406554.365630057	806.1908857983332	3025.144359003547	3.063708346314342	9.386308831276164	9151498.392810982	3106.247228224734	2382.1226457083326	1.075154	17.77194	0.0717223614359914	0.037722170245628	-0.0129740104	0.0664908739	-0.0257066904	-0.0117133227	0.0234532344	-0.0387498	-0.0470607685	0.0065038102	-0.0207154824	0.039266179	-0.0534674838	0.0447963778	0.0059683226	0.0057711802	0.0946355793	-0.0082109494	-0.0644855714	-0.0133846439	-0.0449565858	-0.0121233225	0.0422855545	0.0481688077	-0.0678787143	-0.0094827596	0.0544591668	-0.0518575123	0.0211957251	-0.0794190437	0.0666715732	-0.0236748806	0.0188562755	-0.0235866018	-0.066673546	-0.0148751988	0.0032856036	0.0510583635	-0.0023070651	-0.0128784835	0.0183775656	-0.0011756604	-0.0362863278	0.1296030679	0.0102533125	-0.0722605233	0.0052296105	0.0146606043	0.0155607244	0.0118911665	-0.0441075604	0.0806709752	-0.013780177	0.0779582292	0.0575411351	-0.0635982219	-0.0388316157	-0.0391294145	0.0290087689	0.0247617388	0.0074941732	-0.0510732126	0.0455524954	0.0725425476	0.0049637551	0.0206918815	0.1024447178	-0.0463671913	-0.0519564629	0.005326573	0.0696203273	-0.039574787	-0.0376527225	0.0011771864	0.0074348987	-0.0140448178	0.0899675205	0.027217724	0.0309752077	0.0431040195	0.0618314728	0.0214616106	0.0011246443	-0.0162685194	-0.0494110236	-0.0370617477	0.0109009515	0.0689016656	-0.0290125241	-0.0432928288	-0.0593020564	-0.0412510471	-0.0053912101	-0.0383328831	0.0086072697	-0.0150459947	-0.0281490642	0.1129393513	0.0421670954	-0.0368738556	0.0234296955	-0.0735864812	-0.0257550659	-0.0212245737	-0.0873563013	0.0759024438	-0.0579119187	0.034934058	-0.0089476998	-0.0178092284	0.0913476766470324	-0.0059269008223736	3.512815335825399e-05	0.0083443980288107	0.2614283240689588	0.0067234106532652	4.52042508124408e-05	0.0683447686255045	0.0731895557369455	-0.0253553651184575	0.0053567110689714	0.0006428945402902	-0.0184980556307816	-0.0004647288981216	2.1597294874940906e-07	0.0003421780621194	0.0030861120731238	0.0001723215629921	9.52408772788048e-06	2.9694721072040294e-08	0.0015851805801575	3.7283235724099896e-05	1.3900396660587986e-09	2.512797471708468e-06	0.0	0.0	0.0	0.0	0.0	0.0
2578.4226715856857	-4.212804111283276	6648263.473347065	17.747718480045275	3244.112216692029	18.193066181580438	10524264.07449047	330.9876570873657	3025.020513242008	-0.1238457615390871	0.0153377726511964	9150749.10553494	3106.7102291026013	2372.247772005456	0.941372	15.56056	0.0954928289666525	0.0460326104268264	0.0658874323	-0.0050742993	-0.0247454793	-0.0019991153	0.0596296096	-0.0642138557	0.0318927871	0.0031524116	0.0335355459	0.0021448719	-0.0935360643	-0.0426469888	-0.0030839903	0.0335859326	-0.072088628	-0.0599456594	-0.0162710149	-0.0648654307	0.0777881426	-0.036502084	-0.0213365835	0.0146165297	9.59792e-05	0.0394737364	0.0259514445	0.0481940459	0.0524843087	0.0598767719	-0.0210161882	-0.0364265613	-0.0342729862	-0.1155480815	0.0007383012	-0.0314502295	-0.0281364395	0.0318967968	-0.072563275	-0.0180200163	-0.0289053754	0.0301015443	0.069752834	-0.0231560601	0.0243805886	0.000674425	-0.0284061491	-0.0117853313	0.0035826753	-0.0050933842	0.0909360662	-0.0064981574	-0.0627391344	-0.0115010843	-0.0863824596	-0.0160635117	-0.0080345065	0.027247029	0.0621547063	0.0619028989	0.0036170835	-0.0402557999	-0.0203296265	0.0329729319	-0.0144812614	-0.0265207601	-0.0003097287	-0.0097192892	0.1334287112	-0.0083884433	-0.0554273854	-0.0471291329	0.0321182387	-0.0395461056	0.0543872299	-0.0148433488	-0.0371270882	-0.0121267762	-0.0307143568	0.0618015271	0.0710780749	-0.0019383149	-0.0046245709	-0.020256778	-0.0428826486	0.0273321161	-0.0315388968	-0.0883977033	0.0155822191	-0.0440648629	0.0586220768	0.056218756	0.0116676876	-0.0876642751	0.0220275127	0.0081451568	-0.0779666836	0.0431668341	0.0386246741	0.0598139289	0.0190001131	-0.0154431364	-0.0655260878	-0.0175735766	-0.0876956817	0.0772040342	-0.060637674	0.0393001065	-0.0148702542	-0.0107296473	0.0849684507368664	-0.006379225910166	4.069452321293324e-05	0.0072196376206232	0.2803583287517455	0.0189300046827867	0.0003583450772903	0.0786007925004718	0.0996627256835154	0.0264731699465699	0.0099326588906676	0.0007008287270199	-0.017983912798025	0.0005141428327565	2.643428524749796e-07	0.0003234211195269	0.0028349980595114	-0.0002511140136124	8.037213997433405e-06	6.305824783252862e-08	0.0016941323023311	0.0001089517221735	1.1870477764593306e-08	2.8700842578016733e-06	0.0	0.0	0.0	0.0	0.0	0.0
2570.659054588911	-7.763616996774544	6608287.9749399545	60.2737488726066	3241.664009328269	-2.448207363760048	10508385.549374228	5.993719295968924	3024.00812441586	-1.012388826147799	1.0249311353089177	9144625.136533128	3103.354909044631	2376.378653867093	1.245557	20.588638	0.2409634145412647	0.1299001623894709	-0.018918293	-0.1386561197	-0.0190341455	0.0359846147	0.0092014902	0.0191825167	0.0509531502	0.049301609	0.0717438596	-0.0559531111	-0.0660128009	-0.0007818584	-0.0957572453	-0.0074941482	0.0575720461	0.0480765734	-0.0675024582	-0.0027711382	-0.0158834045	0.0408732327	-0.0677926163	-0.0335290022	0.0267050926	0.0693287117	-0.0121335365	-0.0678461105	0.0103161213	0.0656319974	-0.0729615017	0.0352102821	0.0637246391	0.1506124945	0.0828598697	0.0369562467	-0.089094227	0.0743416947	-0.0383502363	-0.025894367	0.0046609958	-0.0343729641	-0.0143094858	-0.0231633303	-0.0540913287	0.0272849599	-0.0433700751	-0.0874849694	0.1005495558	0.0424471483	-0.0376706034	0.0776928241	0.0207047452	-0.1451408752	-0.0052514581	0.0092534815	-0.0264037277	0.0465395636	-0.0158504647	-0.0229846999	0.0168770579	-0.0618257238	0.0065934013	-0.005918482	-0.0300956027	-0.1147803835	0.0359208378	0.1504173327	-0.0001356098	0.1384695931	-0.0584361696	0.0167719378	-0.0037170074	-0.0175917365	-0.0585270589	-0.0570495514	0.0361348865	0.0701207119	-0.0115601316	0.0154901961	0.0148711565	-0.0587498694	-0.0401215645	0.0475678081	0.1301335397	0.0125304659	-0.0027490705	0.0916191368	0.0069639546	0.0368254322	-0.0094406042	0.1238624426	-0.0337996101	-0.0083225585	-0.0353873883	0.0326154875	-0.0477601459	-0.0853838156	-0.0731930845	0.1287408478	0.0119089974	0.0441153682	0.0615326533	-0.0386178972	-0.0880200359	0.0784527129	-0.0632699305	0.0435584361	-0.0207291319	-0.0035839144	0.0912168187980455	0.006248368061179	3.904210342796299e-05	0.0083205080316354	0.293921888344812	0.0135635595930664	0.0001839701488346	0.0863900764481801	0.1939327447362444	0.0942700190527289	0.0376099094809333	0.0088868364922018	-0.0165570117533152	0.0014269010447098	2.0360465913939277e-06	0.0002741346381994	0.0025438717555297	-0.0002911263039817	6.471283508581758e-06	8.475452487004527e-08	0.0025137343103254	0.0008196020079943	6.717474515082887e-07	6.318860182907114e-06	0.0	0.0	0.0	0.0	0.0	0.0
2571.1940559336504	0.5350013447391575	6611038.873268535	0.2862264388727069	3213.74707967372	-27.91692965454922	10328170.29211136	779.3549613370498	3020.014930397455	-3.99319401840512	15.94559846862643	9120490.179823544	3099.4256999563663	2371.6506668893912	1.155849	19.105791	0.1215655748630301	0.0627639586554815	-0.0627914868	0.0327510948	-0.0976842856	0.0248528893	-0.0132862654	0.0670512613	-0.0797559069	0.0777929419	-0.0352865311	-0.1008941664	0.0047970099	-0.0130379415	0.0319985153	-0.0476380153	-0.0230791278	-0.0766274151	0.0060517559	0.0462877524	-0.043356411	0.0584400572	-0.0205528016	-0.0031349738	-0.0048434922	0.0497696444	-0.0356386014	0.0029418117	0.0115417803	0.0289363121	0.0136904411	-0.0482976779	0.1080701213	-0.0050451484	-0.0288574204	0.0221345846	0.0018998045	-0.1524921565	0.0148927345	-0.0192385288	0.0256417534	-0.0489557876	-0.0753396128	0.0721926022	-0.0592905874	-0.0114556721	-0.0165699111	-0.0071777185	-0.0741084746	0.0255717448	-0.006949821	-0.0561457102	-0.0731849731	-0.0323800692	0.0496166594	0.0032334232	-0.0364268424	0.0884039194	-0.0558139175	0.0250070244	-0.0541541658	0.0139739439	0.0038032604	-0.0471263724	0.032238569	0.0400284752	0.0319330856	0.0099878854	-0.0600825068	0.0629285771	-0.0147827977	0.0393564892	0.0575816593	0.0179405007	0.0629352729	-0.051724232	0.0717058179	-0.0858695517	-0.0496315349	-0.1278849237	-0.0133528698	-0.0333925763	-0.0324814774	0.0762592424	0.0692080286	-0.0170839316	-0.0795010832	-0.0517238477	-0.008978468	-0.0349878472	-0.0463806229	-0.010189275	0.0144358194	0.0467572639	-0.1377563329	0.0543704216	0.078760034	0.0325579584	-0.0806846533	0.1238365775	-0.0813677035	0.0277368061	0.0533328014	0.0562572701	-0.0883293083	0.0796476241	-0.0658046293	0.047697375	-0.0264992443	0.0035839144	0.1160970107897867	0.0248801919917412	0.0006190239535459	0.0134785159143238	0.2932189682345125	-0.0007029201102994	4.940966814634437e-07	0.085977363332512	0.2046734965582288	0.0107407518219844	0.0418912401933713	0.0001153637497014	-0.0164166606194399	0.0001403511338753	1.969844078008241e-08	0.0002695067458938	0.0017452115048395	-0.0007986602506902	3.0457631966241524e-06	6.378581960325331e-07	0.00327955714454	0.0007658228342146	5.864846134044826e-07	1.075549506430336e-05	0.0	0.0	0.0	0.0	0.0	0.0
2587.455218967875	16.261163034224865	6694924.510164095	264.4254232256412	3253.102745758244	39.35566608452427	10582677.474459829	1548.8684529565742	3026.157663544263	6.142733146808041	37.73317051289422	9157630.204627672	3109.930772627161	2379.1907182519126	1.230252	20.335653	0.2564670386244747	0.1282056166361916	0.0501572961	0.0047369186	0.0767380698	0.0104674026	0.0115390543	0.0170797691	0.0260996734	-0.0347677972	0.0887840691	-0.0559075475	-0.0340492298	0.0258304916	0.1141706931	0.0180945411	0.0078677512	0.1084715455	0.0526939955	0.0739135337	0.0062928657	0.0560780378	-0.0529135846	-0.0639939875	0.054517255	0.022416132	-0.0031115887	0.0370679888	0.0307883423	0.1061066462	-0.0083984647	0.0442504563	-0.017972532	-0.0175809403	0.0315759862	0.0488581265	-0.089465161	0.0031395487	0.0654964442	-0.0002215364	0.002096268	-0.0309038191	-0.0013666017	-0.0181987173	-0.169379934	0.0037330302	-0.019120704	0.0646841804	0.0796861695	-0.0381493633	-0.0247888711	-0.0005942699	0.1063609028	-0.0423539662	0.0361269874	0.081708365	0.1005977541	0.0339993814	0.0182398118	0.026667027	0.0245603453	-0.0206120759	-0.0639606564	-0.0800649189	0.0058600831	0.0600392549	0.0186954632	0.0235108497	0.0571324322	0.0227813703	0.0528687217	0.080084149	-0.044832933	-0.0064229299	0.0580723662	0.0529598749	-0.0117045941	0.0177309207	-0.0343386548	-0.065610295	-0.0316821921	0.0143902257	0.0229269817	0.0462305331	-0.0524029583	0.0331928794	0.105445183	-0.0054167546	-0.02558386	0.0558725452	0.1167946162	0.0419874016	0.0353135106	0.050096662	-0.0458369801	-0.0121683215	0.0411540988	0.0044488643	0.0118680989	-0.0919786782	-0.0886611129	0.0117836008	0.0821696419	-0.0405186766	-0.0886234459	0.0807879487	-0.0682378621	0.0517055788	-0.0321558829	0.0107296473	0.1751118824645345	0.0590148716747477	0.0034827550787869	0.0306641713802729	0.2901942029559876	-0.0030247652785249	9.149204990169877e-06	0.0842126754292609	0.1321007944411718	-0.072572702117057	0.0174506198919887	0.005266797092571	-0.0180309604279909	-0.001614299808551	2.605963871887796e-06	0.0003251155339557	0.0013140173554955	-0.000431194149344	1.7266416105433872e-06	1.859283944284958e-07	0.0036711571777279	0.0003916000331879	1.533505859927645e-07	1.347739502358308e-05	0.0	0.0	0.0	0.0	0.0	0.0
2584.5331128496377	-2.92210611823748	6679811.411416238	8.538704166240912	3263.4930891727377	10.3903434144936	10650387.143078215	107.95923627111053	3029.0067035698453	2.849040025582326	8.117029067370142	9174881.61027106	3110.5419123223487	2401.230731995812	1.053606	17.415749	0.1668853886787791	0.0899587261698622	-0.0687135782	0.0410906959	0.0800105374	0.0019217404	-0.043339967	-0.1004951782	0.1066991473	-0.0515732135	-0.0657399231	-0.0439863779	-0.0709064421	-0.0207964027	0.0422936532	0.0694273852	0.0580806457	-0.0797301826	-0.0248760329	0.0038896031	-0.016647273	0.0728341957	0.0031231692	0.0057984775	0.0748097536	-0.0214723878	-0.0316333202	-0.0016985338	0.0699419809	-0.0376678204	0.1026070141	-0.1089245543	-0.0558271654	0.0558040768	-0.0661279369	0.0424611844	0.016224167	0.0186290896	-0.0148603726	0.0501688614	0.0261794137	-0.0004264113	0.0745934218	0.0130507989	-0.0330982964	-0.0753228271	-0.0067674069	0.0108937826	-0.0486488503	-0.0529575696	-0.0174542092	0.0575709892	-0.0955406294	-0.0128201604	0.0299435686	-0.0204333961	0.0585987301	0.053263603	0.0372901956	-0.042978175	0.0412719625	0.0565132903	-0.078418994	0.0627855508	-0.0482674598	0.0231250735	-0.0035957223	-0.0774025922	-0.0296471325	-0.0308677449	0.1059661694	0.0056770431	0.078834404	0.0674831748	-0.0889157585	0.0779791245	0.0212482922	-0.0544340153	0.0053241203	0.0907223022	-0.059684897	-0.0040753144	0.018659274	-0.0037379828	-0.0464747308	-0.1209330824	0.0037058262	-0.0485809612	-0.0089885321	0.0498464984	-0.053614505	-0.0242644053	0.0022992012	-0.026437736	0.0976961211	-0.0926122771	-0.07509442	-0.0571275521	0.0468038416	0.0020733427	0.0602795642	0.0580869346	0.0269736687	-0.0138485009	-0.0889023983	0.0818729053	-0.0705658771	0.0555720611	-0.037674825	0.0178092284	0.1512473013506365	-0.0238645811138979	0.0005695182317418	0.0228757461658502	0.2750809390270632	-0.0151132639289243	0.0002284107465853	0.0756695230160108	0.0525850659150251	-0.0795157285261466	0.0027651891572875	0.0063227510830438	-0.0184160307167811	-0.0003850702887902	1.4827912730896904e-07	0.0003391501873614	0.0007649568441494	-0.0005490605113461	5.851589734110095e-07	3.014674451196408e-07	0.0037048626797878	3.3705502059899924e-05	1.136060869109918e-09	1.372600747608444e-05	0.0	0.0	0.0	0.0	0.0	0.0
2568.789330805804	-15.743782043833562	6598678.626061731	247.86667304373609	3248.967631521401	-14.525457651336636	10555790.670673782	210.98891998077409	3021.815347870435	-7.191355699410451	51.715596795443176	9131367.996625315	3106.7369121145693	2397.992322419819	1.14772	18.971428	0.1868156150845661	0.1154013581535253	-0.1015552966	-0.0471276605	-0.078940409	-0.0225520246	-0.0436404923	-0.1317567086	0.0668648363	0.1129498894	-0.0745883432	-0.0359948755	-0.0871255264	0.0735111173	0.0221501456	0.0146694239	-0.0655018739	0.0561654859	-0.1346079563	0.0006947775	0.0007361818	0.0752804048	0.0153107869	0.0071659837	-0.0032018632	-0.1286030454	-0.045192671	0.0671242536	-0.0214086025	-0.0023021732	-0.0043866469	0.028472092	-0.0317780878	-0.0062620362	-0.0315045982	-0.0014875568	-0.0106515442	-0.0396320992	0.1263976882	-0.051283553	-0.0158138091	0.0144574953	-0.1067308099	-0.0779247013	-0.0887973638	0.0386617143	0.004571596	0.0538649178	0.0836926601	0.0524342678	0.1306610099	0.0929223717	0.0288059145	0.0291704788	0.0624226815	-0.0277044803	0.0410091043	0.0113348597	-0.0335540311	-0.0425709174	0.0248356277	0.0599539273	-0.0988530133	0.0074247245	0.0052668088	0.0304378021	0.0059508744	0.0134025767	0.0007670035	-0.0735865757	0.0411896942	0.0242937122	-0.0468221035	0.0394170242	0.0780823618	0.0268553029	0.0581590388	0.024105597	-0.0558517714	-0.1531387586	-0.0418161351	-0.1139449962	-0.0446439576	0.0090888075	0.0505453649	0.0626844151	-0.0013121015	-0.0293377738	-0.0518297755	0.0186855929	-0.0928100844	-0.0750699543	-0.0065864638	-0.1243254698	0.048526608	-0.1042820631	0.006539033	-0.0545142475	-0.0179591176	0.0238433971	0.0863543822	0.0639762172	0.0525885173	0.0189677569	-0.0891661178	0.0829017503	-0.0727850846	0.0592862243	-0.0430324377	0.0247790096	0.130848138113393	-0.0203991632372435	0.0004161258607797	0.0171212352477415	0.2727670945523357	-0.0023138444747274	5.353876253226929e-06	0.0744018878705228	0.0810410471954554	0.0284559812804303	0.006567651330536	0.0008097428706322	-0.0163126331721555	0.0021033975446255	4.424281230736995e-06	0.0002661020010093	0.0005213039615816	-0.0002436528825678	2.717578203606703e-07	5.9366727183598144e-08	0.0033389805851379	-0.0003658820946499	1.338697071853984e-07	1.1148791347927834e-05	0.0	0.0	0.0	0.0	0.0	0.0
2561.0879365632063	-7.701394242597871	6559171.418809582	59.31147327991964	3210.415107212184	-38.552524309217006	10306765.16061622	1486.297130612768	3015.37865125036	-6.436696620075054	41.431063378885625	9092508.41041644	3097.78615579808	2378.81816287054	0.960574	15.877962	0.2491608876525843	0.1187549415944652	-0.0424472545	-0.0510699117	-0.1580395471	-0.0452183847	-0.0239461876	-0.0246116696	-0.0335352018	0.1617492911	0.0020813136	0.0417687297	-0.0687601713	0.039811562	-0.0623282643	-0.1067953929	0.0601856774	-0.0585524053	-0.108009771	0.0383160391	0.0560615955	0.0139379516	-0.0416339826	0.0746170972	-0.0870434473	-0.0036723333	0.0292846227	-0.0625649287	-0.0063589917	-0.0045910263	-0.0147783946	0.0752571623	-0.0429391586	-0.0198810075	-0.1175671318	0.0022513757	0.0247458789	0.0652434779	-0.0362463203	0.1004588986	-0.0473218161	-0.0161303129	-0.1000590345	0.0413808087	0.1223433903	-0.0193545003	0.0601361222	0.1194525385	-0.0192991381	0.1402436591	-0.0325813831	0.0719840055	-0.0782057756	0.0809790191	0.0337628481	0.0284402276	-0.0585622761	0.0421830573	-0.0447017082	0.0291081428	0.0157864331	-0.0154748811	-0.0100946709	0.0350521306	0.0683271261	0.0066306777	0.0392027593	-0.0606971957	-0.0562063983	-0.0190004386	-0.0079688956	0.0086446625	-0.1420159732	0.1150738988	-0.0194194207	-0.1658280418	-0.0149749328	0.0503852604	-0.0457884909	0.0030703157	-0.0146137687	-0.0507347426	-0.047048383	0.0208855166	0.068543496	-0.0494066519	-0.0541546801	0.0449192646	-0.0458311709	-0.1023539379	-0.0637842117	-0.0157175545	0.0280842763	-0.0991486163	0.026288099	-0.0648253283	0.0218323197	0.0339758466	-0.0118900488	-0.0468795994	-0.0138480126	0.0109504741	-0.0452121352	0.0090222902	-0.0894145591	0.0838737786	-0.0748920628	0.0628378881	-0.0482057789	0.0315960199	0.1367377116724242	0.0058895735590312	3.468707670723966e-05	0.018697201793411	0.2533188537453981	-0.0194482408069376	0.0003782340704846	0.0641704416628823	0.1411546039475411	0.0601135567520856	0.0199246222155871	0.0036136397053862	-0.0178289697760025	-0.0015163366038469	2.299276696166244e-06	0.0003178721632736	0.0017550517645916	0.00123374780301	3.080206696396089e-06	1.5221336414320016e-06	0.0028148746613043	-0.0005241059238335	2.746870193974712e-07	7.923519358853e-06	0.0	0.0	0.0	0.0	0.0	0.0
2567.483994638614	6.396058075407836	6591974.062725456	40.9095589039898	3214.066205545437	3.651098333252776	10330221.57362924	13.330519039081198	3016.278849221446	0.9001979710860724	0.8103563871474811	9097938.09626065	3096.4461173848904	2333.0286117934124	1.110835	18.361727	0.1468986762706553	0.0605083654610198	0.0559304116	-0.0616170804	-0.1027249156	-0.0201435759	0.0432144976	0.0666016278	-0.0319356733	0.0641736772	0.098722564	-0.0490258668	0.0299700477	-0.0014981109	-0.0514143783	-0.0737746604	-0.0937941963	-0.0234981311	-0.0057693182	-0.0066476889	0.1388342539	-0.0023203082	-0.0183032301	0.0242492459	0.020711455	0.0357552337	-0.0023949102	-0.0514581129	0.0251785076	0.0263523989	-0.1032307089	0.0775423413	0.0067454966	-0.0693524132	0.0546025994	-0.0612368521	0.0180116732	0.0200875612	0.0059683343	-0.056804645	0.0506574158	0.0364120453	-0.061245474	-0.0024361378	0.0417636479	0.0781451232	-0.0408986733	-0.0099575329	0.0407727906	0.0822828276	0.0673999382	-0.0696852986	-0.0088237887	-0.0024368393	-0.0853251945	0.0477919346	0.0020422665	0.0072606036	0.0035117154	-0.033644595	-0.0379302153	0.0293228327	0.097463654	0.0567572787	0.0699360069	-0.0121448454	-0.0062549075	0.0587450374	0.1246138172	-0.021297548	-0.0558031314	-0.0348541922	-0.0221910129	-0.0254711762	0.0535951835	-0.0571947148	0.0041155264	-0.0460181523	-0.018710947	0.0359731439	0.0361879609	-0.0120193243	-0.0257473279	0.0037612755	0.0367470904	0.0638381142	-0.0314071834	-0.0573865314	-0.0245128173	-0.0782759339	0.0644713534	0.082425611	0.0718498812	-0.0329872099	-0.0695659814	0.027658895	0.0185537772	-0.0074641303	-0.0011419192	-0.0376114153	0.003192426	-0.0190257165	-0.0486792573	0.0323224216	-0.0896476797	0.084788324	-0.0768835629	0.0662173176	-0.0531726956	0.0382182304	0.1133282423923276	-0.0234094692800966	0.0005480032519757	0.0128432905237341	0.2656094822835371	0.012290628538139	0.0001510595498625	0.0705483970789286	0.1707154693654757	0.0295608654179346	0.0291437714806746	0.0008738447642572	-0.0183586654436287	-0.0005296956676262	2.805775003019668e-07	0.000337040596871	0.0022970136358162	0.0005419618712246	5.276271643125559e-06	2.937226698612701e-07	0.0022537779394654	-0.0005610967218388	3.148295312583599e-07	5.0795150004209055e-06	0.0	0.0	0.0	0.0	0.0	0.0
2568.5513861970203	1.0673915584061433	6597456.223534634	1.1393247389566952	3227.181499832247	13.11529428681024	10414700.432859512	172.01094422963732	3020.632056113401	4.353206891955324	18.950410244167333	9124218.018419871	3101.327399720537	2339.1961377003845	1.017528	16.819393	0.1168287534530851	0.051908912153197	-0.0250562225	-0.102567775	-0.007066623	0.0238714058	0.0356539095	0.1245277902	0.0183139833	0.0365372957	0.0831304937	-0.0373310042	0.0033393892	0.0686969563	-0.0194209905	-0.0633149412	0.0584844975	0.0449868308	-0.0230144737	0.0268423092	0.002188736	0.0166258945	-0.0353718681	-0.0236556867	0.0791070216	0.0342215502	0.0044294337	-0.0840521874	0.010286818	0.0020783471	0.0471866888	-0.0321787245	0.0232839651	0.0164734938	-0.0379528209	0.0237390363	-0.0156758243	0.0551888462	0.0276492657	0.0255438966	-0.0765526654	0.0113883358	0.0487254526	-0.0169185111	-0.0512166736	0.0155701377	0.0299767809	-0.0046961568	-0.0581788702	0.0743896428	-0.0713421862	0.0218981818	0.0286488539	-0.0887392238	0.0200399603	0.0311884976	0.037589153	0.040783305	0.0413324516	0.0467307902	-0.0040435841	-0.0015633918	0.0107921798	0.0912280925	-0.0443058986	-0.0340500994	0.0849956258	-0.049045871	-0.0089940884	0.0859068942	-0.0072729793	-0.0457911027	-0.0741133814	0.0283444854	-0.0773437164	0.0105904508	0.0441095777	0.0625692561	-0.0629587886	-0.032678096	-0.0017676259	-0.0266743983	-0.0329715081	0.0094901649	0.1129694786	-0.008564635	-0.017908445	0.101518853	0.0036069265	0.0296150997	-0.046997017	0.0802269319	0.0115250439	0.0601868462	0.0256562099	-0.0223655815	0.037073408	0.0005630668	0.0029835354	0.0009575965	0.0038035608	0.0461015032	0.0303127221	0.0136134985	-0.0898654396	0.0856447597	-0.0787565141	0.06941525	-0.0579119187	0.0446048127	0.1368077160950065	0.0234794737026789	0.0005512856853547	0.0187163511831319	0.2937227334852963	0.0281132512017592	0.0007903548931332	0.0862730441660744	0.1430691242770336	-0.0276463450884421	0.0204687743213972	0.0007643203967492	-0.0181817000435425	0.0001769654000861	3.1316752827668115e-08	0.0003305742164733	0.0020467299313611	-0.0002502837044551	4.189103411929413e-06	6.264193271576792e-08	0.0025783225041282	0.0003245445646628	1.0532917445216637e-07	6.647746935293913e-06	0.0	0.0	0.0	0.0	0.0	0.0
2568.134815802628	-0.4165703943922381	6595316.432137598	0.1735308934841047	3221.645978120207	-5.535521712040008	10379002.808338106	30.642000624466345	3017.285788881267	-3.3462672321343234	11.197504388855906	9104013.53178485	3097.610712319232	2371.685777363024	0.985051	16.282568	0.2067965206008902	0.1100617643600397	-0.0932377662	-0.0147085935	-0.0437201666	-0.0177108281	0.0022351532	0.0858366657	0.0202854937	0.0559074533	-0.0382911818	-0.1132231664	0.0383492175	0.0798886054	-0.0713502004	-0.0745719456	-0.0588553258	-0.0729336358	-0.0466936611	0.0086793651	-0.0519751869	0.050123964	-0.021219609	0.0345659477	0.0724654884	0.0143989227	-0.0775173892	-0.002335699	-0.0875559907	-0.0257170544	-0.0170700015	0.0654563902	-0.046564247	-0.0566333365	0.0402544573	-0.067775546	0.0159125051	0.0607472733	-0.0738538265	-0.0104425891	-0.0268185737	0.0626173545	-0.0175011337	0.0096924172	0.0474179584	-0.0549742328	0.0149598591	-0.0115162702	-0.0231330966	0.0739685353	0.0374559398	-0.0522335859	-0.0751523879	-0.0281277567	0.0520820746	-0.0277910643	0.0272781542	-0.0030737482	-0.0512325873	-0.0009848615	-0.0126612914	0.1153529079	0.0602534324	-0.0016522476	-0.0383046513	-0.0492878132	-0.0604616962	-0.0238407689	0.0817197515	-0.0571388795	-0.0286798646	-0.0695222852	-0.0794324284	-0.0188214161	0.0053266236	-0.0592387848	0.0419533468	0.0191804357	-0.0161907053	0.0572951155	-0.0135187246	0.0799224056	-0.0157748163	-0.0190379761	0.0664451494	-0.0005584663	-0.0732810881	-0.028796934	-0.067165632	-0.0251681951	-0.0326324241	-0.0015628602	0.0370434787	-0.0016862326	-0.0583140756	0.0069565995	0.074477075	-0.01626564	-0.0465576805	-0.050346793	0.0099729782	-0.0178698905	0.00936701	0.0200228295	-0.0900678015	0.0864424987	-0.0805080284	0.0724229201	-0.062403154	0.0507163915	0.1463316573866961	0.0095239412916895	9.070545772755012e-05	0.0214129539535374	0.2591769244174315	-0.0345458090678648	0.0011934129241533	0.067172678150479	0.1709832936520996	0.0279141693750659	0.0292352867081201	0.0007792008518998	-0.0200694951158917	-0.0018877950723491	3.563770235185911e-06	0.0004027846342068	0.0022154404881078	0.0001687105567467	4.908176556347328e-06	2.8463251957781568e-08	0.0032180688923577	0.0006397463882294	4.0927544125268994e-07	1.0355967395960315e-05	0.0	0.0	0.0	0.0	0.0	0.0
2572.465576239517	4.330760436888795	6617579.14093731	18.755485961721227	3225.818798603456	4.17282048324887	10405906.921423445	17.412430785421332	3021.727391342444	4.441602461177354	19.727832423136725	9130836.427589212	3101.564125872673	2367.6202457248337	0.914681	15.119366	0.1797778427495759	0.0909970348118744	-0.0532365016	0.0428672456	-0.055730123	-0.0217308272	-0.0054372683	0.0711488572	-0.0577797951	0.0347902685	-0.0299350734	-0.0389447765	-0.0301634296	0.0633378701	0.0634573673	-0.0309139196	0.011605098	0.0807724396	-0.0234835206	0.0190167845	-0.0191481058	0.0141806378	0.0834199022	0.0409242861	-0.009137626	0.015476428	0.0058956079	0.1102956119	-0.0664117872	0.0375330095	-0.0444090468	0.0169366193	0.0438186585	-0.0001853439	0.0197074063	0.042541477	0.0044171863	0.0414006187	0.0511740709	0.0677423312	-0.0647920567	0.0370431261	0.0732045967	-0.0628960271	0.015338408	-0.0797554447	0.038853346	-0.0298774137	0.0058931167	0.0402798813	-0.0067168018	0.0175695862	0.0699993341	0.0258019278	0.0481408882	-0.0146479757	-0.0311297198	0.0339886466	0.0554849879	0.0136898736	-0.0786710241	0.0426832765	-0.0071846646	-0.0293868255	-0.0422279831	-0.0590506178	0.0243851225	0.0507710664	-0.0079847214	0.0677516099	-0.0561100247	0.0188700092	-0.1545722072	0.0283053119	-0.0217956883	0.0873401226	0.0091119771	-0.0377787158	-0.0005104439	-0.0040672979	-0.0581866034	0.0231102272	0.0025062354	0.0260277421	0.0324793396	0.0199054631	0.0941084505	0.0165584837	-0.0850351481	-0.0839445986	-0.0113013231	-0.0051973319	0.0510814701	0.0531751046	-0.0254787433	0.0241278322	-0.0089375736	0.0249539241	-0.0184311171	-0.0702004406	-0.0320831906	0.0260766091	0.0662786789	-0.0070437219	-0.0902547308	0.0871809944	-0.0821354052	0.075232084	-0.0666271694	0.0565152869	0.1919436328761605	0.0456119754894644	0.0020804523080515	0.0368423582016982	0.2565725093513435	-0.0026044150660879	6.782977836466136e-06	0.0658294525548452	0.1757863793899332	0.0048030857378335	0.0309008511790215	2.306963260498039e-05	-0.0189489496455315	0.0011205454703601	1.25562215114476e-06	0.0003590626926688	0.0017749535400253	-0.0004404869480825	3.150460069248344e-06	1.940287514310353e-07	0.0041922038030388	0.000974134910681	9.489388242076742e-07	1.7574572726212977e-05	0.0	0.0	0.0	0.0	0.0	0.0
2571.9559737705413	-0.5096024689755723	6614957.531013973	0.2596946763859991	3218.589866216929	-7.228932386527049	10359320.726914307	52.25746344897966	3020.157121904057	-1.5702694383871858	2.465746109132808	9121349.040987795	3098.546362044964	2341.1237014812777	0.964072	15.935777	0.1336774520800011	0.0643103243104577	0.0867700933	0.0123262038	-0.0437190865	-0.0317144782	0.0275399763	0.0873473536	-0.066840373	0.0029961677	0.0793573785	-0.0490813446	-0.1057043369	-0.013983177	-0.0558092625	-0.0184567507	-0.0503344497	-0.0916345727	0.0024238866	-0.0078292991	0.0583621766	-0.1259468151	-0.0114210774	0.0664674762	-0.0012018323	0.0324737244	-0.1052121946	-0.0643228623	-0.0619543833	0.0309651608	0.0052779557	-0.0583938389	0.0328954045	0.0391350418	0.0388080808	-0.034336426	0.0833403295	-0.0279733755	-0.0763635741	-0.0973289599	-0.0877584022	-0.0176410715	0.0175214744	-0.0360355552	-0.1004507864	-0.0458377755	-0.0830064138	0.0377102105	-0.0219249385	0.0136196209	0.0236243158	-0.0517655467	-0.0953247413	-0.0447904261	-0.0683645845	0.0454870221	-0.1329039143	0.0069989437	-0.0023682192	0.0126706904	-0.0602308863	0.0677108458	0.0141401171	-0.0038329219	-0.026010535	0.0048774686	-0.0480341167	-0.0588869247	-0.0006033391	0.0999722316	-0.0263893287	-0.0803999993	0.0459496527	0.0058675733	0.0387430241	-0.00149885	0.0504439227	0.0317545926	-0.0455981089	0.0395699235	-0.0252860967	0.002114972	-0.0142469873	0.0161252132	0.0461331357	-0.0448804998	-0.0632123873	-0.0447810509	0.0575427683	-0.1052643826	0.0008300292	0.0735829379	0.0422515816	0.0379993304	-0.0289601322	0.0461115465	0.0356824609	-0.017334463	-0.011326006	0.0573279077	-0.004415264	0.0222131888	0.0246937558	0.0548758738	-0.0904261954	0.0878597406	-0.0836361352	0.0778350419	-0.0705658771	0.0619657467	0.1554381513071376	-0.0365054815690229	0.0013326501845862	0.0241610188817806	0.2325783949820419	-0.0239941143693016	0.0005757175243671	0.0540927098124227	0.1887122136051999	0.0129258342152667	0.0356122995637745	0.0001670771901605	-0.0186517795479013	0.0002971700976301	8.83100669255417e-08	0.0003478888803035	0.0018587544802231	8.380094019780002e-05	3.454968217749447e-06	7.0225975780352555e-09	0.0033681344023386	-0.0008240694007001	6.790903771703864e-07	1.1344329352216798e-05	0.0	0.0	0.0	0.0	0.0	0.0
2573.881474711689	1.925500941147675	6624865.845864018	3.7075538743605816	3222.0652993793137	3.4754331623848884	10381704.793464309	12.078635666204626	3018.236222904884	-1.920898999173005	3.689852965023852	9109749.89725514	3100.690438128532	2345.3533551752403	0.960602	15.87843	0.102925284932107	0.0537311601494344	0.0463546693	-0.0618380979	0.015181504	0.0105889664	0.0252766881	0.0938646926	-0.0299014927	0.0139350681	0.1052792117	-0.0402764554	-0.0054530076	0.0977937147	0.0642180753	-0.0596649171	-0.0527514773	0.0753076819	-0.0134012559	0.0132970203	0.0486410459	-0.0408360603	-0.0427876486	-0.030751045	0.0058120621	-0.1319346824	-0.0411065139	0.0064356779	-0.0749062572	0.1265490254	-0.1271779294	-0.0233332563	-0.0421424527	0.0656379567	0.0767968265	-0.0155158777	-0.0185785254	-0.102837913	0.0129710886	-0.0765676534	0.0026248193	-0.0183638374	0.0041417975	-0.0298595901	0.0258918213	0.0501992969	0.1164003725	4.23468e-05	0.0426282503	0.0554605732	0.0291968949	-0.0271801023	0.0870161544	-0.0258113525	-0.0113050035	0.0500520651	0.0326099641	-0.0335849764	-0.019601944	0.036935591	-0.0294550105	0.0916718978	-0.0902949387	-0.0421676001	0.0898185043	0.1181426392	-0.0591338548	0.0255863115	0.026479476	0.1640609027	0.0290197508	-0.0150749908	-0.1503461844	-0.0590316845	0.0443122111	-0.0634162314	0.0284027927	0.0123648406	-0.0104225737	-0.0873800946	-0.0248683334	0.0166432578	-0.0012104158	-0.0194804503	0.0403022558	0.0903944471	0.034493359	0.0431065509	0.0374176154	0.0200020848	0.0574659619	0.0083245978	0.0129167514	0.0707353653	-0.0790618231	-0.0041704667	0.0584860881	-0.0393095819	-0.0141957652	-0.1045641218	0.0166595113	-0.0156744631	0.0610554767	-0.0224860202	-0.090582166	0.0884782721	-0.0850079043	0.0802246594	-0.0742024108	0.0670341672	0.1550330847171892	-0.0004050665899483	1.6407894229240694e-07	0.0240352573569271	0.255906574792931	0.023328179810889	0.0005442039732891	0.0654881750222499	0.1492210521770403	-0.0394911614281596	0.0222669224128229	0.0015595518309449	-0.0191082831872285	-0.0004565036393271	2.0839557271897765e-07	0.0003651264863633	0.0015219624944158	-0.0003367919858073	2.316369834408364e-06	1.1342884170402461e-07	0.0033688563192663	7.219169276999685e-07	5.211640504997616e-13	1.1349192899860482e-05	0.0	0.0	0.0	0.0	0.0	0.0
2582.3468163763587	8.465341664669722	6668515.080049115	71.66200949959314	3230.413510562452	8.348211183138119	10435571.449224424	69.69262995827235	3019.165302674463	0.929079769578948	0.8631892182408709	9115359.12487338	3097.914461046584	2370.5904385046283	0.975996	16.132891	0.0844345098138139	0.0437632888567674	-0.0407259788	0.0396545972	0.0701416402	0.0128540601	-0.0024985278	0.0861306453	0.0098694496	-0.0697856085	-0.0041619699	-0.0735813225	0.0169892288	0.062693887	-0.0407712964	-0.0802619107	0.0510072655	-0.051777392	0.0102829414	0.045259324	-0.0659305278	0.0245126145	0.0216298098	0.0065440145	-0.0013995395	-0.0680771217	-0.0060663692	-0.1321025225	0.0178840258	-0.0223451487	-0.0013468971	-0.0572431155	-0.0063159845	-0.0710497628	-0.1296296507	0.063093622	-0.0223459163	0.0100073948	-0.025796962	0.0114486177	-0.0741368349	0.0220459676	-0.0344210632	0.0900839828	-0.077977197	-0.0194843262	-0.0512414008	0.066696912	0.0043185208	0.0374435579	-0.0970327333	-0.0612104266	-0.0353755114	-0.029583729	0.077244215	-0.0135316256	0.0081883208	-0.0298067557	-0.037730281	-0.0686750632	0.0020552493	0.0319304547	0.0339831822	0.0278013901	0.0723281911	0.1300198923	0.0384967171	-0.0914269326	0.0166813879	0.0217129381	-0.021636901	0.0121381064	0.0638205483	0.100037638	-0.0028575059	0.0189510664	0.0163687586	0.0252008597	-0.0493823091	0.0590165598	-0.0204729957	0.0646791758	0.0238091988	-0.0069621628	-0.0307342363	-0.0904098634	0.0112209272	0.024216748	-0.0400465623	0.0302429577	-0.0052117224	-0.0005556663	0.0440338673	0.0328948832	-0.0437810243	0.0275364075	0.0600044276	0.0321192641	-0.0003213384	-0.0563542968	-0.0163835953	-0.0551655004	0.0105826855	0.0111736783	-0.0907226157	0.089036165	-0.0862485974	0.0823943867	-0.0775211985	0.0716892996	0.1562987955121997	0.0012657107950104	1.602023816606055e-06	0.0244293134785644	0.2377465475405671	-0.0181600272523639	0.0003297865898065	0.0565234208674591	0.1612191269765048	0.0119980747994645	0.0259916069030663	0.0001439537988935	-0.0197331379229734	-0.0006248547357449	3.90443440782829e-07	0.000389396732287	0.0019357430744766	0.0004137805800608	3.74710125038412e-06	1.7121436843545217e-07	0.0033904349428001	2.1578623533800075e-05	4.6563699361347046e-10	1.1495049101359918e-05	0.0	0.0	0.0	0.0	0.0	0.0
2585.071185447379	2.724369071020192	6682593.033830317	7.422186835131423	3221.799409269556	-8.614101292896066	10379991.43356966	74.20274108427368	3025.35951860112	6.194215926656852	38.368310946049405	9152800.2167904	3103.148850331408	2381.6353146877977	0.959143	15.854313	0.0553943740494729	0.0286050926793513	0.0315515674	0.1115533571	0.0131055199	-0.0276827315	-0.0140890192	0.0152870936	-0.0871589654	-0.0410459506	-0.0190261532	0.0247383201	-0.0837300588	-0.0286999712	-0.0711258105	0.0361222355	-0.0609786675	0.011442015	0.0286946485	-0.0066672651	-0.0374286482	-0.0319747651	0.0971718188	0.0453313909	-0.0393065455	-0.0183250124	0.0845646855	-0.0149549005	0.0418728246	-0.0414266472	-0.1078505322	0.022063249	-0.0091949397	-0.0144511089	0.0327164751	-0.0229893332	-0.0290344458	-0.0873592389	0.0299652792	0.0698024793	-0.0180019929	0.0416884052	0.0346240887	-0.0048038885	-0.0372836289	-0.0749395672	0.034156267	-0.0090985975	-0.018176953	-0.0559231405	0.052723425	-0.0445019371	0.0346501628	0.0146360408	0.0147310074	-0.0155422467	-0.082917727	-0.0196917214	0.0389070629	-0.0310294225	-0.0207476413	-0.0144267793	0.040815915	0.018314398	0.1243460842	-0.0333243001	-0.0722451298	0.0324249255	-0.0232292235	0.0055905998	-0.0738203564	0.0435001944	0.0563918528	0.0086717145	0.013246964	0.1175412072	0.0203274065	-0.0571930775	0.0648484572	0.0131609157	-0.0204888178	0.0645238161	0.0383268911	-0.0200788036	-0.0792697788	0.026924102	0.0643770826	-0.076305612	-0.0402293637	-0.0469293436	0.0360428741	0.0497935595	0.0072657871	0.0005056256	0.022278772	0.0833549218	0.0378684332	-0.0322400539	-0.0363596304	0.0055870824	-0.0180146287	0.0384512202	-0.0305048229	-0.0153909976	-0.0908475206	0.089533037	-0.0873563013	0.0843382767	-0.0805080284	0.0759024438	0.1564192887433648	0.0001204932311651	1.4518618756609629e-08	0.0244669938909801	0.2340197841293303	-0.0037267634112367	1.3888765523333266e-05	0.0547652593639383	0.1838080622989508	0.0225889353224459	0.0337854037660949	0.0005102599990016	-0.0200096357904865	-0.0002764978675131	7.645107073929187e-08	0.0004003855244679	0.0018040580421909	-0.0001316850322857	3.254625419593663e-06	1.734094772808586e-08	0.0035614156846938	0.0001709807418936	2.9234414098520042e-08	1.2683681679183008e-05	0.0	0.0	0.0	0.0	0.0	0.0
2579.2748960692	-5.796289378178699	6652658.989492783	33.596970555587205	3207.396351820121	-14.403057449434982	10287391.35766902	207.44806389172453	3024.214040182851	-1.1454784182687945	1.312120806719579	9145870.560839085	3100.989960625831	2366.594281352458	1.006249	16.632957	0.1301357459916991	0.060853064771969	0.0905458977	-0.0193174361	0.0279428899	-0.0172257924	-0.0220809552	-0.0017529159	-0.0227235319	-0.037892353	0.0354293708	0.07942413	0.085891688	-0.0390551213	-0.0401635439	0.0025706221	0.0838320104	0.0012710733	-0.0169908923	-0.0119175945	0.0618426794	-0.1272994563	-0.025883462	-0.003374271	-0.0432683866	0.0437024813	0.0179556249	-0.1017897342	-0.0125333421	-0.0594416885	-0.0440972092	-0.0928853664	0.1076125989	0.0903776745	0.0199683803	-0.0254298591	-0.0068388338	0.0643318792	-0.0369283621	0.045329611	0.1050919853	0.1339713422	0.0869008002	0.0240445248	0.021962199	0.0300144289	0.0118594622	-0.0341166328	0.0507079255	0.0031184509	-0.0660301325	0.0522522314	-0.0041467518	0.0090570215	-0.0728194108	0.0300140539	-0.0840923638	-0.0856014804	-0.0400792337	-0.0179810879	-0.0355296755	-0.0443354801	0.1264857696	0.0185838648	0.0316394187	0.0335799291	0.0114235718	0.0165051317	-0.0207369095	0.0580069212	-0.0605050856	-0.0597535512	0.0847062952	-0.0222171876	-0.1296445401	0.0430708158	0.0215982747	-0.0009057696	-0.0067769429	0.0942515111	0.0036388057	0.0141512361	0.000671792	-0.0299721892	0.0191730959	-0.0270672818	0.0016563316	0.0729207987	0.1172058361	-0.0280743118	-0.0032153249	0.0783993118	0.001472899	-0.015617323	0.0530344823	0.0415553512	0.0287357532	-0.0200430507	-0.0080535797	0.0058300635	0.0644049572	0.0381072602	0.0458838441	-0.0903785793	-0.0909568593	0.0899685475	-0.0883293083	0.0860510014	-0.0831501106	0.0796476241	0.1100981489610006	-0.0463211397823642	0.0021456479907373	0.0121216024046386	0.2534428613564046	0.0194230772270742	0.0003772559289688	0.0642332839725217	0.1726942001643152	-0.0111138621346356	0.0298232867703925	0.0001235179315476	-0.0195512917182376	0.0004583440722489	2.100792885657056e-07	0.0003822530078516	0.0019330534303942	0.0001289953882033	3.736695564758784e-06	1.663981017772008e-08	0.0030832018081935	-0.0004782138765003	2.2868851167744442e-07	9.506133390047666e-06	0.0	0.0	0.0	0.0	0.0	0.0
2578.426617066265	-0.8482790029352145	6648283.819595783	0.7195772668207617	3216.7135814830567	9.317229662935915	10347246.265297554	86.81076859189291	3021.872122548109	-2.3419176347420034	5.48457820791558	9131711.125033414	3101.6360494410737	2378.624061647875	1.024065	16.927448	0.142826112143637	0.08329406946022	-0.0360988531	-0.0530882316	0.0906113795	0.0055625551	0.0031408349	0.0491298622	0.0561128724	-0.0083191338	-0.0102262575	0.0309306948	0.1418879062	0.0128822975	-0.0172571327	-0.0265832225	-0.0615974371	-0.0390589962	0.0117361106	0.0313846566	-0.0640236902	-0.0259438664	-0.0512814613	-0.0269003687	0.0675563574	0.0178674934	0.0528670774	-0.0427100058	-0.0886356241	-0.0432405313	-0.1123208825	0.0375762896	-0.0659179111	-0.1128979769	0.1030497509	0.0046497011	0.0974388611	0.0448882121	-0.0586092841	-0.0763880012	0.0367542456	-0.0725299937	0.086050976	0.0687528795	0.0427500713	-0.0239414636	-0.0114427351	0.0028382503	-0.1827692808	0.0129637074	0.0328337209	-0.0689737381	-0.0273378838	-0.0193719945	0.0445691657	0.0084553369	0.0277335045	-0.0731770471	-0.0151178022	0.0249953071	0.1003259894	-0.0402772953	0.1375119887	-0.0207938176	-0.012204922	0.0108867839	-0.1947027529	-0.0432704976	0.0175534299	-0.0784793558	0.0344188579	-0.0130324347	0.0116956528	-0.0739203745	0.0769147396	0.0373400252	-0.0853869744	0.0797081801	0.0960451757	0.0965692046	0.0082121918	0.0987740295	0.0201701544	-0.0814453513	0.0260003561	0.0129075781	-0.0448454217	-0.0085273476	-0.0126923415	0.0856972194	0.0252261445	-0.0015496222	0.0152184547	-0.0034964327	-0.0013878814	0.0102196301	0.0369741116	-0.0271887704	0.0051794299	-0.0590129036	0.0063930196	-0.017713139	-0.0603393963	-0.0060207225	-0.0910506129	0.0903423981	-0.0891661178	0.0875278662	-0.0854361313	0.0829017503	0.1430429206738495	0.0329447717128488	0.0010853579832117	0.0204612771549052	0.2519186891442331	-0.0015241722121714	2.3231009323557422e-06	0.0634630259401487	0.1471481497787437	-0.0255460503855715	0.0216525779833075	0.0006526006903021	-0.0209397388780672	-0.0013884471598296	1.927785515638888e-06	0.0004384726642816	0.0021029764988422	0.000169923068448	4.422510154682598e-06	2.887384919078372e-08	0.0029853496798102	-9.785212838329992e-05	9.57503902914181e-09	8.912312710742863e-06	0.0	0.0	0.0	0.0	0.0	0.0
2586.7241375374065	8.297520471141524	6691141.76371864	68.84884596901267	3244.233689384226	27.520107901169467	10525052.231335588	757.3563388920102	3023.616991476047	1.7448689279381142	3.044567575683904	9142259.711142665	3103.794473331533	2396.858283130085	1.042878	17.238417	0.1108163362267284	0.067547902652584	-0.0563174754	0.0778747875	0.0666445108	-0.004771584	0.0034244705	0.022359021	0.0018353312	-0.0888462407	-0.0957205202	-0.0460142729	0.0347825398	0.0783371763	0.0329886922	-0.025735639	0.0560114508	0.0907186738	0.0256739584	0.0229333141	-0.072199813	0.0138547709	0.0443731564	-0.0025927265	-0.0940983701	0.0945637574	0.0902506493	0.0003904299	-0.0881808781	0.0305676713	0.0318409184	0.0292379109	0.0315720253	0.03843833	0.0525403125	0.0079183958	-0.0075157407	0.025044786	0.0055287971	-0.0017071108	0.1005119071	0.0425849476	0.0746516657	0.0231545937	0.0870851262	-0.047313187	-0.0534691841	-0.0851200968	0.0866289812	0.0006719806	-0.0665834596	0.0087293071	0.0950969328	0.0599513542	0.0864964702	-0.0476903197	0.0112698406	-0.035512247	-0.0326784855	0.0057275097	-0.0102660669	-0.0896499106	0.1046394906	-0.0796763798	-0.0404083559	-0.0554313683	0.0533304498	0.0523298841	0.051210295	0.0205964937	-0.071383899	-0.0329891824	-0.0206435084	-0.01787617	-0.0764413961	0.0553166348	-0.0238838216	-0.0022950969	0.0888060374	0.0223773591	-0.0088524598	0.1002596492	0.045138547	-0.0277383569	-0.0485281791	-0.0117372947	0.0897368047	0.0660997693	-0.0822411955	-0.0111787461	-0.0249571019	0.0374729428	0.0166207009	0.0197641387	0.0031144257	0.0696802697	0.0259464612	-0.0157611954	-0.0447079502	-0.0457528069	0.0194049495	0.0296512589	0.0041795532	-0.0839741387	-0.0911287655	0.0906543325	-0.0898654396	0.0887648233	-0.0873563013	0.0856447597	0.1575655673457703	0.0145226466719207	0.0002109072663574	0.0248269080129944	0.2356065255474106	-0.0163121635968225	0.0002660866812095	0.0555104348805226	0.2100946616527039	0.0629465118739602	0.0441397668549641	0.0039622633570986	-0.0209497039600435	-9.965081976297946e-06	9.930285879433816e-11	0.0004388900960134	0.0019698792212712	-0.000133097277571	3.88042414639603e-06	1.7714885296811826e-08	0.0031829876019434	0.0001976379221332	3.906074826512889e-08	1.0131410074125396e-05	0.0	0.0	0.0	0.0	0.0	0.0
2581.8313276972863	-4.892809840120208	6665853.004679132	23.93958813157713	3211.00927097812	-33.224418406106	10310580.53830744	1103.861978423995	3021.401075117428	-2.2159163586193245	4.910285308396727	9128864.456720749	3101.1515913293715	2381.199776139616	0.968999	16.017227	0.0799126597610488	0.045702554050739	0.0237511206	0.0917643907	-0.0058392248	-0.0563514201	-0.0340112297	-0.0025638062	-0.0697257263	-0.0079059312	-0.0821802989	0.1055102019	-0.0114429074	-0.0401865829	-0.0357054343	-0.0135164571	-0.0497805719	-0.078622089	0.0465554679	-0.0113095709	-0.0326802715	-0.1244213434	0.1071122066	0.0792633953	-0.0119675852	0.0447292238	-0.0162708744	-0.0162521322	-0.0134797745	0.0300710944	0.0637283769	0.0222475316	-0.0343159411	0.0363701787	0.0352844953	-0.009566799	0.1154662488	-0.1127189226	0.0480272327	-0.0362651884	0.0686709374	-0.0676832978	-0.0458898921	0.0674434575	0.0429878553	-0.023449325	0.1098822715	-0.1213930681	-0.104875591	-0.0143517478	0.0219385698	-0.0824777477	-0.0662655821	0.0355371454	-0.0082272636	-0.0180298138	-0.1515299091	-0.0158267869	0.0970856523	0.0007265676	0.0077926717	-0.0266433292	-0.0005267858	-0.0444931498	-0.0237886537	-0.0719277738	-0.0565397211	-0.0906039328	-0.1012463569	0.0114792956	0.1088857587	-0.02999536	0.0453438708	-0.0538887269	0.0498142475	0.0503769328	-0.0324170616	-0.0308399469	0.0811811514	-0.0859569106	-0.0035178323	0.0924045053	0.0326107818	-0.0432466397	-0.0093766853	-0.0352368784	-0.0296159683	-0.0490181967	0.0289363596	-0.0787258088	-0.0204750386	0.0527003467	-0.0328799907	0.0168608518	0.0274066586	0.079607378	0.0513224263	-0.0450112296	-0.0343174967	0.0231888217	0.0083323496	0.002000773	0.0050373375	0.007324621	-0.0911913037	0.090904137	-0.0904261954	0.0897584821	-0.0889023983	0.0878597406	0.1594761360587426	0.0019105687129723	3.650272806988713e-06	0.0254326379722265	0.2760035686966517	0.0403970431492411	0.0016319210952016	0.0761779699332873	0.1921982141031435	-0.0178964475495604	0.0369401535044377	0.0003202828348941	-0.0207626057681836	0.0001870981918598	3.5005733397243815e-08	0.000431085798285	0.0019980378259525	2.815860468129974e-05	3.992155153936992e-06	7.929070175977156e-10	0.0030040723914991	-0.0001789152104442	3.2010652528328155e-08	9.024450933367122e-06	0.0	0.0	0.0	0.0	0.0	0.0
2583.2604584494857	1.4291307521993986	6673234.596188647	2.042414706882018	3216.4735088699435	5.464237891823359	10345701.833262129	29.857895738438188	3023.2756216599164	1.874546542488588	3.513924739955919	9140195.484523157	3101.766236909907	2379.352148631933	1.056866	17.469645	0.1576621231570279	0.079113555214724	0.0491061038	-0.052034787	0.0915326077	-0.0031058025	-0.0051095319	0.0050129895	0.047578353	-0.0295572398	0.0522631811	0.1038073116	0.1602136964	-0.03199006	0.02221445	-0.0110204111	0.0077801489	0.1036418987	0.0212378899	-0.0108894514	0.0256662533	-0.0374811504	-0.0149978541	-0.1051910749	0.0315964842	-0.0397899284	-0.0028596362	0.0485784204	-0.035116807	0.0324169643	0.0402010242	0.0190406508	-0.0562540028	0.0124782059	0.0064372923	-0.0601670194	-0.037749646	0.0438383877	-0.0739072699	-0.090236923	0.0597341347	0.0255933994	0.027249112	0.0051619545	0.0153221494	0.0471082968	-0.0414781058	0.0621227326	-0.0366571893	0.009928835	-0.0137096448	0.0098286243	0.1089029717	-0.0160388319	-0.058476786	0.0426573432	0.0723254083	-0.0976599906	-0.0254474528	-0.0542441365	0.0041968704	-0.0044485696	0.0095086151	-0.0873237416	-0.0244147422	-0.0202093056	-0.0197024807	0.0367458135	0.030891956	-0.0171875432	0.1038479523	0.0110839069	0.0400929904	-0.0951516207	-0.096860311	-0.0436474339	-0.0365877448	-0.0181381615	0.0263572152	0.0708790812	0.0135398915	0.0514470452	0.026107516	-0.0605143859	-0.0011523609	0.0762702615	0.0564131689	0.0614469627	0.0620679083	0.0563027326	0.0302747221	0.0039965001	-0.0304083278	0.051907848	0.0054291326	0.0173224475	0.0153255257	-0.0499311226	0.013303644	-0.0682861475	0.0647225037	-0.0207410618	0.0372685587	-0.0483069194	-0.0912382167	0.0910916402	-0.0908475206	0.0905061192	-0.0900678015	0.089533037	0.1293789575059349	-0.0300971785528077	0.0009058401568395	0.0167389146453225	0.2569686262717852	-0.0190349424248665	0.0003623290331179	0.0660328748880084	0.1289547047821599	-0.0632435093209836	0.016629315885454	0.0039997414712333	-0.0201944327404032	0.0005681730277804	3.228205894971485e-07	0.0004078151137066	0.0022788393507495	0.000280801524797	5.193108786524403e-06	7.88494963283204e-08	0.0030608276960891	5.675530458999984e-05	3.2211645991036566e-09	9.368666185146107e-06	0.0	0.0	0.0	0.0	0.0	0.0
2590.539472273056	7.279013823570494	6710894.757404764	52.98404224373035	3235.2538957654333	18.780386895489755	10466867.770065414	352.7029319442833	3027.86305601904	4.587434359123563	21.04455399926741	9167954.68600496	3109.764296251662	2400.6136462774302	1.134238	18.748575	0.2303701487448898	0.1262383634983204	-0.0395582039	0.0841911568	0.0448082582	-0.0197451627	-0.0890113064	-0.1072157486	0.002591364	-0.0549316101	-0.1222453351	0.1178231187	0.0480338983	-0.0099343158	0.0630066103	0.0608714548	0.0307976231	-0.0735283408	0.0320564625	-0.0010039204	0.0258355864	0.1102416282	0.0793713329	0.111156148	0.0418583337	-0.0749004158	0.0143633802	0.0558853072	0.0184098374	-0.0762714866	-0.027199481	-0.0204627619	0.0965167401	0.0423599089	-0.0466246615	-0.0076218427	0.1027906525	0.0180580959	0.0921599316	-0.0004165112	0.0877223217	-0.145630716	-0.069780627	-0.1170681346	0.0066747126	-3.16287e-05	-0.0276671415	0.1705917804	0.0587992437	-0.0672340691	-0.0090983047	0.0193687063	-0.0646450645	0.1632844459	0.0564139559	-0.0304022757	0.0531975558	0.0317347777	0.0608750246	-0.0454315337	0.0604680944	0.1039629194	0.0188559348	-0.0045157208	0.0030871505	0.0885888536	0.0632914081	0.0363508953	-0.1258856412	-0.0443570899	0.0166673182	0.034805326	0.0336235352	0.002435956	0.0339810637	-0.1523062773	-0.2174149465	-0.0390859208	0.0634754045	0.0229630066	-0.0151468657	-0.0234290791	0.0437596856	-0.0612366048	-0.0862541943	-0.0893769815	0.0317931389	-0.0159031722	-0.0105348208	0.0266800377	-0.0134425509	-0.147755996	-0.0896196247	-0.0482628421	-0.0409316709	-0.0462408551	0.009678966	0.0372590996	0.0602062817	-0.0969138414	0.0578154591	-0.0615566205	-0.0463108082	-0.0299237894	-0.0912694965	0.0912167139	-0.0911287655	0.0910056853	-0.0908475206	0.0906543325	0.1537194035563374	0.0243404460504025	0.0005924573139325	0.0236296550297161	0.2556851348424516	-0.0012834914293335	1.6473502491727923e-06	0.0653748881794026	0.0549651384937561	-0.0739895662884038	0.0030211664496377	0.005474455919546	-0.0182241899267695	0.0019702428136336	3.881856744675235e-06	0.0003321210984869	0.001880030513089	-0.0003988088376605	3.534514730145689e-06	1.590484889961191e-07	0.0033069089443299	0.0002460812482408	6.055598073575039e-08	1.0935646766089096e-05	0.0	0.0	0.0	0.0	0.0	0.0
2587.249928363259	-3.289543909796976	6693862.19181569	10.821099134482372	3230.197580162001	-5.056315603432267	10434176.406884449	25.566327481512616	3035.4763204188434	7.613264399803484	57.961794821315095	9214116.49182352	3116.292649029671	2378.122520383375	1.197368	19.792082	0.1327522411347348	0.0685179122619773	0.0874558639	0.0049092045	0.0189933373	-0.0209978043	-0.0430652361	-0.1637382311	0.0665920068	-0.0128668015	-0.0381634848	0.1515385091	0.0445584903	-0.1327932654	0.1128998343	0.1686984585	-0.0175605046	0.0293797153	0.0711354502	-0.0511248384	0.0973423455	0.0874064373	0.0394885232	-0.1270113118	-0.1364937536	0.0029604172	-0.0308019233	0.0495811335	-0.0204804675	-0.0408997436	0.1268582013	0.1632283356	-0.1307176927	0.1356604419	0.062590639	-0.0742591703	-0.0801640557	-0.0123405573	0.0149524602	0.1210262617	0.0361363136	-0.0374800377	0.1449471589	-0.0381112101	0.0394021077	0.1098617949	-0.0127800993	-0.0299392149	0.0009882158	-0.1496934203	0.060173675	0.0499926476	0.037472534	0.0633710875	-0.1286222322	0.0163425983	0.1056802797	0.0564510622	-0.0359923914	-0.114921267	-0.0214919266	-0.1122516871	-0.1579880864	0.0694224882	-0.1226404216	-0.1212498291	-0.1140761731	0.0145069423	-0.0153434249	-0.1065341925	-0.0346763245	0.0479892463	-0.0560557892	-0.083182107	-0.1671555697	0.0280258678	-0.0363934433	0.0268606892	0.0705014994	-0.0938052797	-0.0131635755	-0.1251094897	0.0382929954	-0.0413173793	-0.0951065472	0.0764215225	-0.0005423725	-0.0302433854	0.06801567	0.0259292456	0.0519974709	-0.110149471	-0.1090463171	-0.0343445779	0.1041350748	-0.1083030652	-0.0508412243	-0.0116436674	-0.0023889405	0.046302941	0.156009842	0.0492476306	-0.0702478595	0.0452722709	-0.0912851377	0.0912792721	-0.0912694965	0.0912558111	-0.0912382167	0.0912167139	0.1070223572373407	-0.0466970463189966	0.0021806141349185	0.0114537849486369	0.25024629949813	-0.0054388353443216	2.958092990264188e-05	0.0626232104125077	0.0491542258306196	-0.0058109126631365	0.0024161379170075	3.376670597860019e-05	-0.0173312236626909	0.0008929662640786	7.973887487824943e-07	0.0003003713136462	0.0014807284488682	-0.0003993020642208	2.1925567392876256e-06	1.5944213849099202e-07	0.0031030683364637	-0.0002038406078662	4.155099341526207e-08	9.629033100763594e-06	0.0	0.0	0.0	0.0	0.0	0.0
