#!ascii label  , from subject sub-v1s16x0051186_ses-1 vox2ras=TkReg
3875
41762  19.677  -5.149  46.425 0.0000000000
84614  11.017  25.003  47.502 0.0000000000
50565  20.618  9.364  48.197 0.0000000000
44763  7.466  -0.457  48.520 0.0000000000
45428  32.810  0.863  43.785 0.0000000000
84887  7.190  9.946  36.437 0.0000000000
50102  46.574  8.150  28.621 0.0000000000
52515  55.586  12.743  16.266 0.0000000000
46007  19.626  1.803  46.248 0.0000000000
45506  18.938  0.629  36.860 0.0000000000
41077  20.544  -5.777  54.467 0.0000000000
44150  17.136  -0.991  52.354 0.0000000000
44212  24.797  -1.785  43.470 0.0000000000
45527  25.314  0.428  34.469 0.0000000000
61307  8.169  31.875  41.578 0.0000000000
64525  14.914  38.215  38.484 0.0000000000
51728  11.454  10.404  52.772 0.0000000000
48322  9.633  5.454  43.785 0.0000000000
54402  11.708  16.065  42.533 0.0000000000
56562  8.080  21.149  37.781 0.0000000000
91591  38.516  2.634  35.146 0.0000000000
51844  42.519  13.233  36.474 0.0000000000
48386  43.362  5.692  32.331 0.0000000000
42884  11.673  -2.930  54.423 0.0000000000
88561  15.707  4.171  45.014 0.0000000000
42988  35.209  -4.163  37.932 0.0000000000
46673  32.152  2.786  33.717 0.0000000000
52454  51.639  13.238  25.189 0.0000000000
43566  17.638  -2.653  46.146 0.0000000000
46036  18.853  1.326  41.746 0.0000000000
43619  19.087  -2.354  41.156 0.0000000000
40433  19.709  -6.534  50.227 0.0000000000
42907  18.472  -3.462  50.201 0.0000000000
40441  23.721  -6.845  49.969 0.0000000000
39608  22.794  -8.569  53.428 0.0000000000
42941  22.532  -3.519  44.539 0.0000000000
42321  25.387  -3.944  49.441 0.0000000000
43638  22.101  -2.311  39.618 0.0000000000
59851  9.094  28.342  45.183 0.0000000000
83150  12.584  36.412  43.690 0.0000000000
61306  13.942  31.177  41.999 0.0000000000
54814  12.103  17.194  47.155 0.0000000000
52891  8.093  13.560  48.261 0.0000000000
56512  9.494  21.115  45.596 0.0000000000
57511  11.067  24.196  42.068 0.0000000000
44903  38.527  -0.694  33.879 0.0000000000
47223  42.152  2.611  36.162 0.0000000000
41063  13.027  -6.474  56.118 0.0000000000
47136  19.670  4.026  49.914 0.0000000000
45392  15.912  0.893  47.967 0.0000000000
76478  18.488  7.002  48.935 0.0000000000
51194  17.488  10.060  52.147 0.0000000000
44230  36.719  -3.066  41.352 0.0000000000
87417  28.309  -0.009  39.385 0.0000000000
46100  28.914  1.054  33.942 0.0000000000
46050  31.845  2.233  39.307 0.0000000000
44870  33.642  -0.086  36.641 0.0000000000
49428  9.333  7.713  39.631 0.0000000000
46035  5.241  0.742  41.794 0.0000000000
46633  8.210  2.930  38.712 0.0000000000
51311  10.177  10.267  34.431 0.0000000000
88594  53.836  12.610  13.722 0.0000000000
92549  21.980  5.061  45.894 0.0000000000
49943  17.407  8.528  44.129 0.0000000000
89438  20.207  5.409  42.142 0.0000000000
48341  18.623  5.185  37.989 0.0000000000
48382  19.637  5.035  33.552 0.0000000000
38757  17.882  -8.220  55.939 0.0000000000
83304  15.725  -6.691  53.013 0.0000000000
42888  18.671  -3.045  55.010 0.0000000000
80643  19.569  0.278  51.009 0.0000000000
85631  20.887  -10.370  55.953 0.0000000000
44806  27.283  0.394  43.627 0.0000000000
87027  28.808  -1.457  48.395 0.0000000000
76173  27.071  -1.150  48.596 0.0000000000
47871  23.142  4.399  31.412 0.0000000000
44896  21.677  -0.461  34.396 0.0000000000
44857  25.135  -0.723  38.835 0.0000000000
65040  10.421  39.308  40.302 0.0000000000
47759  10.844  4.882  48.581 0.0000000000
47764  6.666  3.986  48.723 0.0000000000
50573  11.974  9.327  46.553 0.0000000000
79266  7.094  11.338  44.594 0.0000000000
85399  5.513  14.967  40.111 0.0000000000
53991  10.338  15.701  38.525 0.0000000000
81811  12.112  19.565  39.535 0.0000000000
59408  12.279  27.122  38.084 0.0000000000
48924  37.482  6.772  34.533 0.0000000000
51280  38.347  9.883  36.269 0.0000000000
80076  41.161  6.369  37.337 0.0000000000
87461  45.296  7.613  35.713 0.0000000000
48987  50.308  6.289  28.593 0.0000000000
48439  44.671  5.278  28.732 0.0000000000
44151  9.105  -1.704  51.461 0.0000000000
41733  14.124  -4.972  50.788 0.0000000000
43563  13.007  -1.914  47.714 0.0000000000
80946  11.022  0.797  45.186 0.0000000000
49371  13.610  6.520  50.484 0.0000000000
52865  14.755  13.018  50.303 0.0000000000
48413  26.479  5.006  31.407 0.0000000000
48966  29.955  6.681  31.470 0.0000000000
49496  34.368  7.386  32.839 0.0000000000
91222  35.228  2.198  33.945 0.0000000000
44271  36.878  -2.136  35.530 0.0000000000
44785  5.277  -0.413  46.403 0.0000000000
54892  13.108  16.884  35.871 0.0000000000
81823  53.393  14.329  21.095 0.0000000000
49565  51.348  7.385  25.191 0.0000000000
42347  18.368  -4.780  45.862 0.0000000000
43590  18.271  -2.464  43.776 0.0000000000
42361  19.395  -4.246  43.735 0.0000000000
41134  19.830  -6.193  47.582 0.0000000000
41748  18.636  -5.079  48.361 0.0000000000
41132  21.415  -6.501  47.476 0.0000000000
40443  21.408  -7.020  49.822 0.0000000000
42344  21.356  -4.214  45.382 0.0000000000
41751  22.477  -5.171  47.362 0.0000000000
42367  20.638  -4.169  43.135 0.0000000000
58894  9.904  26.728  46.437 0.0000000000
79013  11.321  30.408  45.096 0.0000000000
59363  12.297  27.960  43.721 0.0000000000
56504  11.733  20.810  46.682 0.0000000000
55665  10.938  19.354  46.154 0.0000000000
57485  8.785  22.770  47.315 0.0000000000
57494  7.915  24.162  45.641 0.0000000000
51200  19.834  10.917  48.964 0.0000000000
39585  13.594  -8.564  57.365 0.0000000000
76274  22.037  6.505  48.196 0.0000000000
75752  18.804  5.231  49.211 0.0000000000
80679  21.211  8.939  49.284 0.0000000000
83828  21.006  10.268  50.166 0.0000000000
44803  34.441  -0.060  43.750 0.0000000000
43596  33.789  -2.752  43.030 0.0000000000
44194  32.215  -1.960  45.303 0.0000000000
80543  29.990  0.559  41.999 0.0000000000
45477  30.489  1.315  39.545 0.0000000000
85208  32.703  0.672  41.724 0.0000000000
45466  34.625  0.663  41.130 0.0000000000
44154  5.788  0.308  52.188 0.0000000000
44750  4.925  -0.067  50.914 0.0000000000
49986  7.154  8.789  38.189 0.0000000000
48887  6.501  6.111  38.973 0.0000000000
92408  7.089  6.276  37.631 0.0000000000
47220  9.451  3.852  37.170 0.0000000000
49458  8.953  7.007  36.080 0.0000000000
51302  8.928  10.187  35.513 0.0000000000
53148  55.556  13.191  15.018 0.0000000000
47155  20.599  3.156  46.342 0.0000000000
77623  21.155  5.533  44.246 0.0000000000
86670  20.629  3.317  43.759 0.0000000000
79225  18.218  0.729  39.486 0.0000000000
46620  19.413  2.854  39.893 0.0000000000
47217  18.804  3.151  36.958 0.0000000000
48358  18.955  5.327  35.780 0.0000000000
46648  19.303  2.290  35.301 0.0000000000
40392  18.929  -6.896  55.894 0.0000000000
92011  18.025  -5.995  55.423 0.0000000000
42278  19.562  -4.246  54.967 0.0000000000
44760  18.786  -0.430  48.446 0.0000000000
44163  19.478  -0.986  50.420 0.0000000000
45992  19.734  0.737  48.539 0.0000000000
46581  21.408  2.488  47.823 0.0000000000
40407  21.560  -7.721  53.593 0.0000000000
38755  22.439  -9.751  54.584 0.0000000000
39600  21.090  -8.273  55.213 0.0000000000
38746  19.450  -8.954  56.496 0.0000000000
44223  26.014  -0.787  43.330 0.0000000000
75713  27.042  -0.704  45.971 0.0000000000
75712  24.949  -1.598  46.260 0.0000000000
41092  26.357  -6.621  51.430 0.0000000000
39626  27.512  -8.637  50.356 0.0000000000
46676  20.245  2.318  33.097 0.0000000000
45515  20.139  0.041  34.966 0.0000000000
44232  23.620  -1.827  41.583 0.0000000000
44243  23.099  -1.939  39.111 0.0000000000
44841  24.688  -0.712  41.113 0.0000000000
44828  26.162  -0.579  41.667 0.0000000000
89347  9.871  33.274  40.136 0.0000000000
63504  11.940  36.708  39.703 0.0000000000
63003  10.102  35.510  41.256 0.0000000000
91941  14.049  37.776  41.446 0.0000000000
65035  12.650  39.667  41.564 0.0000000000
49381  11.986  5.774  50.347 0.0000000000
49390  11.371  7.033  48.198 0.0000000000
51201  12.316  10.209  48.701 0.0000000000
52897  9.735  13.994  44.910 0.0000000000
51760  6.304  11.970  46.271 0.0000000000
52907  7.407  13.879  44.170 0.0000000000
52310  6.821  12.767  42.694 0.0000000000
53965  8.174  15.731  41.667 0.0000000000
54839  9.425  17.541  40.365 0.0000000000
54837  12.165  17.882  40.732 0.0000000000
59384  8.970  27.988  42.020 0.0000000000
58472  11.553  25.869  40.448 0.0000000000
60389  10.083  29.400  39.989 0.0000000000
85225  10.503  30.634  37.675 0.0000000000
48373  38.257  5.244  34.492 0.0000000000
48902  38.836  6.537  36.688 0.0000000000
47823  40.043  4.277  36.555 0.0000000000
47833  42.596  4.615  34.593 0.0000000000
48354  44.784  4.706  37.064 0.0000000000
48368  45.708  5.789  34.459 0.0000000000
48944  46.151  6.281  32.862 0.0000000000
86073  46.988  6.429  30.369 0.0000000000
48422  43.616  5.528  30.661 0.0000000000
42880  11.206  -2.290  56.188 0.0000000000
44132  10.029  -0.599  54.865 0.0000000000
43528  10.697  -1.780  53.261 0.0000000000
42301  16.548  -4.494  51.777 0.0000000000
41096  14.999  -6.058  51.804 0.0000000000
42909  15.907  -3.483  50.342 0.0000000000
46016  16.284  2.021  45.940 0.0000000000
44768  14.478  -0.852  47.077 0.0000000000
45411  14.121  1.097  45.355 0.0000000000
89827  12.323  -0.394  45.580 0.0000000000
46605  13.405  2.273  44.467 0.0000000000
47771  12.990  4.784  46.030 0.0000000000
48856  14.725  6.661  46.541 0.0000000000
52257  15.850  12.187  52.231 0.0000000000
87220  14.890  17.294  48.246 0.0000000000
46131  24.167  1.761  31.689 0.0000000000
47869  24.623  4.149  31.280 0.0000000000
46129  25.837  1.914  31.822 0.0000000000
46674  30.748  2.480  33.820 0.0000000000
46690  29.395  3.230  31.816 0.0000000000
47853  31.375  4.367  32.047 0.0000000000
49526  32.264  7.434  31.931 0.0000000000
48392  33.006  5.065  32.136 0.0000000000
48390  34.948  5.082  32.758 0.0000000000
46671  33.885  2.443  33.771 0.0000000000
44246  35.195  -2.602  38.427 0.0000000000
44273  34.802  -0.970  36.172 0.0000000000
43655  36.387  -3.725  36.744 0.0000000000
80092  7.189  4.970  46.216 0.0000000000
46588  4.941  3.110  47.655 0.0000000000
46601  6.049  2.709  45.023 0.0000000000
44823  7.966  -0.392  42.925 0.0000000000
55303  10.400  18.629  37.923 0.0000000000
54007  11.659  15.417  37.549 0.0000000000
85518  10.849  19.322  36.605 0.0000000000
51295  40.181  11.056  35.431 0.0000000000
52379  39.418  12.383  35.429 0.0000000000
52398  41.081  13.461  35.084 0.0000000000
52462  48.709  12.399  23.979 0.0000000000
53600  50.832  15.391  23.815 0.0000000000
54115  52.365  16.518  21.789 0.0000000000
53597  53.272  14.804  23.613 0.0000000000
48461  47.722  5.708  26.815 0.0000000000
49004  51.386  6.564  26.950 0.0000000000
44790  18.312  -0.310  45.874 0.0000000000
46031  18.626  1.372  43.757 0.0000000000
44809  18.025  -0.888  43.849 0.0000000000
84153  18.196  -1.157  41.056 0.0000000000
44252  18.630  -1.572  38.814 0.0000000000
87463  20.097  -6.803  52.045 0.0000000000
41718  19.484  -4.999  52.279 0.0000000000
41742  18.401  -5.103  49.969 0.0000000000
43550  18.327  -2.722  48.249 0.0000000000
88226  24.817  -7.394  51.738 0.0000000000
38765  25.076  -9.818  53.000 0.0000000000
39627  23.023  -8.143  51.152 0.0000000000
40421  21.284  -7.547  51.273 0.0000000000
43587  23.482  -2.493  43.574 0.0000000000
75727  23.961  -2.436  46.704 0.0000000000
42335  23.133  -3.524  47.886 0.0000000000
41113  24.925  -5.600  49.993 0.0000000000
43653  19.909  -2.316  37.802 0.0000000000
43629  20.278  -2.439  40.187 0.0000000000
43616  22.513  -3.187  41.799 0.0000000000
60367  8.366  30.078  43.551 0.0000000000
62552  9.042  34.693  44.063 0.0000000000
61717  10.845  33.028  45.868 0.0000000000
62554  13.853  34.277  43.579 0.0000000000
78664  14.870  33.936  40.112 0.0000000000
52875  10.690  13.621  50.726 0.0000000000
52271  7.899  12.957  52.476 0.0000000000
53427  10.475  14.858  48.004 0.0000000000
54391  11.079  16.899  45.706 0.0000000000
55265  11.798  18.841  43.953 0.0000000000
56519  12.056  21.182  42.378 0.0000000000
56988  10.015  22.570  44.050 0.0000000000
58462  8.293  26.144  43.623 0.0000000000
45519  38.969  0.030  34.723 0.0000000000
46640  40.558  1.781  36.661 0.0000000000
46104  40.773  0.569  34.765 0.0000000000
47238  40.879  2.891  33.841 0.0000000000
41693  12.684  -5.182  55.543 0.0000000000
45985  17.392  1.941  51.338 0.0000000000
86020  16.610  0.120  50.026 0.0000000000
46577  17.657  2.502  49.029 0.0000000000
47156  18.268  4.108  47.530 0.0000000000
48300  17.067  5.768  46.369 0.0000000000
49931  16.251  8.083  47.949 0.0000000000
49916  18.093  8.938  49.754 0.0000000000
43635  34.882  -3.068  39.015 0.0000000000
42990  32.933  -3.627  38.660 0.0000000000
43624  32.825  -3.016  40.881 0.0000000000
45504  26.890  0.005  36.699 0.0000000000
45536  27.103  0.639  33.923 0.0000000000
45502  28.528  0.583  36.222 0.0000000000
45501  30.187  0.912  36.332 0.0000000000
46072  32.396  2.386  36.665 0.0000000000
46083  32.997  1.676  35.545 0.0000000000
92609  33.322  1.499  38.694 0.0000000000
44846  34.343  -0.552  39.283 0.0000000000
92800  10.126  6.340  41.327 0.0000000000
47189  6.513  3.658  42.653 0.0000000000
47805  6.182  4.722  40.552 0.0000000000
46622  6.522  2.227  39.951 0.0000000000
45474  9.596  0.784  40.882 0.0000000000
51885  11.748  10.959  33.721 0.0000000000
58489  8.069  25.085  35.319 0.0000000000
56582  7.167  21.686  35.601 0.0000000000
58500  6.793  25.982  34.108 0.0000000000
51383  50.530  10.800  25.298 0.0000000000
49393  21.794  7.209  46.896 0.0000000000
49936  18.378  9.184  46.062 0.0000000000
48861  20.023  6.796  45.042 0.0000000000
85080  18.814  6.767  43.116 0.0000000000
49421  18.751  7.135  40.978 0.0000000000
46614  19.525  2.804  41.816 0.0000000000
48330  19.651  5.242  40.233 0.0000000000
48888  18.271  7.002  38.551 0.0000000000
49474  18.657  7.816  36.265 0.0000000000
50038  19.549  8.291  34.421 0.0000000000
50067  21.087  8.278  32.620 0.0000000000
39595  15.160  -8.587  55.418 0.0000000000
86401  16.988  -7.789  54.519 0.0000000000
41710  17.479  -4.641  53.427 0.0000000000
43527  17.905  -2.345  53.664 0.0000000000
77734  19.329  -2.245  53.625 0.0000000000
44141  18.728  -1.181  52.898 0.0000000000
45370  18.290  0.664  52.015 0.0000000000
46568  19.241  2.704  50.729 0.0000000000
75740  22.404  4.423  47.736 0.0000000000
37952  24.059  -11.103  53.811 0.0000000000
44804  29.624  0.194  44.036 0.0000000000
75718  30.209  0.057  47.147 0.0000000000
76377  28.845  0.440  47.262 0.0000000000
75909  28.271  -1.226  48.677 0.0000000000
75689  26.427  -2.206  49.527 0.0000000000
79871  22.840  7.226  32.242 0.0000000000
48418  21.037  5.123  32.065 0.0000000000
80439  21.972  1.523  32.203 0.0000000000
45529  23.875  0.049  33.684 0.0000000000
44258  21.589  -1.926  36.944 0.0000000000
44264  22.961  -0.856  36.810 0.0000000000
44872  25.429  -0.497  36.738 0.0000000000
44848  26.320  -0.273  39.220 0.0000000000
44826  28.204  0.067  41.343 0.0000000000
64512  9.785  38.881  42.440 0.0000000000
92620  8.532  2.735  47.384 0.0000000000
45995  6.598  1.878  48.435 0.0000000000
47762  7.440  4.875  49.776 0.0000000000
48859  9.338  6.506  47.857 0.0000000000
48869  10.659  6.600  44.727 0.0000000000
51752  8.599  11.627  48.366 0.0000000000
51215  11.019  11.011  44.990 0.0000000000
49416  11.377  8.109  42.896 0.0000000000
50605  10.135  9.924  41.102 0.0000000000
51818  7.014  11.381  39.828 0.0000000000
52350  5.623  12.040  37.964 0.0000000000
52977  7.420  12.944  36.910 0.0000000000
53994  7.133  15.720  39.229 0.0000000000
80372  9.804  18.093  39.263 0.0000000000
56554  10.771  20.887  37.807 0.0000000000
57012  12.720  22.630  40.758 0.0000000000
58023  13.157  24.183  38.499 0.0000000000
58030  11.360  24.460  35.768 0.0000000000
59913  10.297  28.524  35.590 0.0000000000
50002  36.552  8.117  37.093 0.0000000000
51265  37.755  9.753  38.829 0.0000000000
49989  38.600  8.353  38.183 0.0000000000
50017  40.031  8.576  36.060 0.0000000000
50676  41.765  9.254  35.289 0.0000000000
47820  41.927  4.343  39.077 0.0000000000
49463  43.184  7.122  36.106 0.0000000000
51291  43.945  10.942  35.898 0.0000000000
51304  46.251  10.678  33.919 0.0000000000
50100  49.793  8.587  29.073 0.0000000000
49534  49.253  7.184  30.879 0.0000000000
78327  47.609  5.970  28.845 0.0000000000
47904  45.295  4.971  27.143 0.0000000000
54149  56.057  16.724  17.229 0.0000000000
83529  12.595  24.219  47.835 0.0000000000
85780  14.153  26.690  46.249 0.0000000000
77187  7.504  -0.644  54.495 0.0000000000
44159  8.537  -0.881  50.467 0.0000000000
40404  13.915  -7.163  54.875 0.0000000000
41084  13.569  -6.277  53.372 0.0000000000
42295  12.403  -4.370  52.225 0.0000000000
43551  14.870  -2.319  48.418 0.0000000000
42918  13.053  -3.678  48.769 0.0000000000
42305  11.213  -3.612  51.231 0.0000000000
42921  10.772  -2.101  49.651 0.0000000000
44186  9.879  -1.081  47.442 0.0000000000
45403  9.316  0.411  46.418 0.0000000000
47159  10.689  3.507  46.580 0.0000000000
48848  12.275  5.444  48.956 0.0000000000
49910  12.830  7.790  52.891 0.0000000000
49912  15.552  8.409  51.122 0.0000000000
83141  14.325  9.029  54.395 0.0000000000
52259  12.460  11.385  52.617 0.0000000000
53418  13.693  14.653  48.558 0.0000000000
55257  13.160  19.033  47.161 0.0000000000
43571  29.934  -2.261  46.252 0.0000000000
48950  24.174  6.833  32.769 0.0000000000
49499  27.115  7.189  33.433 0.0000000000
46692  27.729  2.771  31.727 0.0000000000
85603  28.619  6.151  31.342 0.0000000000
50049  29.199  8.322  33.420 0.0000000000
50706  30.944  9.213  33.828 0.0000000000
50032  32.987  8.970  34.615 0.0000000000
79424  34.503  8.688  35.653 0.0000000000
49494  35.907  7.003  33.727 0.0000000000
85345  36.428  4.969  33.385 0.0000000000
46668  36.677  2.767  33.897 0.0000000000
89735  33.999  0.561  34.787 0.0000000000
45522  35.795  0.590  34.718 0.0000000000
45521  37.299  0.200  34.951 0.0000000000
44878  38.034  -1.325  34.598 0.0000000000
43667  37.128  -2.936  33.808 0.0000000000
59871  14.318  28.283  41.004 0.0000000000
91999  15.098  31.037  38.373 0.0000000000
45998  4.685  1.732  48.830 0.0000000000
45424  3.804  -0.133  43.954 0.0000000000
52974  10.404  13.106  36.586 0.0000000000
52997  11.684  12.960  35.691 0.0000000000
53006  13.476  13.285  34.779 0.0000000000
56146  11.893  20.169  34.652 0.0000000000
54898  14.331  17.007  33.925 0.0000000000
52381  37.265  11.802  35.580 0.0000000000
80661  53.582  16.803  18.999 0.0000000000
88116  54.516  14.311  18.547 0.0000000000
50114  51.203  8.062  27.745 0.0000000000
84124  52.034  8.580  26.396 0.0000000000
50785  53.040  9.521  25.197 0.0000000000
50808  51.721  8.713  23.409 0.0000000000
51392  53.508  10.543  23.681 0.0000000000
51940  53.508  11.481  22.077 0.0000000000
51961  53.756  10.763  19.708 0.0000000000
41770  19.062  -5.110  45.727 0.0000000000
92134  18.463  -4.402  44.785 0.0000000000
41773  19.326  -5.043  45.124 0.0000000000
41752  20.201  -5.734  46.976 0.0000000000
41753  19.479  -5.386  47.157 0.0000000000
41140  21.052  -5.960  46.859 0.0000000000
41133  20.650  -6.479  47.488 0.0000000000
41768  20.918  -4.683  45.863 0.0000000000
41760  21.430  -5.279  46.396 0.0000000000
42352  20.263  -4.591  44.427 0.0000000000
58885  10.685  26.480  46.600 0.0000000000
59355  10.738  27.740  45.587 0.0000000000
58909  11.719  27.354  45.574 0.0000000000
57483  10.543  23.121  47.539 0.0000000000
56975  9.447  22.141  47.364 0.0000000000
83089  10.186  24.057  47.535 0.0000000000
58446  9.235  25.217  46.672 0.0000000000
51203  19.277  10.615  48.004 0.0000000000
51747  17.871  11.287  47.268 0.0000000000
50566  19.154  9.992  47.493 0.0000000000
49928  21.326  8.346  48.144 0.0000000000
49375  21.255  7.829  48.656 0.0000000000
50562  21.267  8.791  48.882 0.0000000000
50563  21.069  9.501  49.685 0.0000000000
45427  33.612  0.604  43.768 0.0000000000
88287  33.657  -1.281  44.449 0.0000000000
44795  32.781  -0.038  44.988 0.0000000000
81926  31.392  0.362  43.313 0.0000000000
45454  31.516  0.685  41.495 0.0000000000
45440  33.170  0.902  42.815 0.0000000000
45439  33.996  0.869  42.535 0.0000000000
44748  6.673  -0.613  50.083 0.0000000000
44743  4.764  0.869  51.727 0.0000000000
44764  6.571  -0.352  48.920 0.0000000000
50658  6.678  9.097  37.269 0.0000000000
49987  6.868  8.031  37.647 0.0000000000
50010  6.906  8.374  37.010 0.0000000000
49445  7.614  7.186  37.099 0.0000000000
50009  7.437  8.554  36.570 0.0000000000
50690  8.581  9.376  35.782 0.0000000000
51303  8.121  10.099  36.033 0.0000000000
88782  44.947  8.545  28.738 0.0000000000
77675  46.163  8.312  27.566 0.0000000000
77788  47.236  8.138  27.944 0.0000000000
53139  55.495  13.567  15.843 0.0000000000
46596  20.065  2.575  45.901 0.0000000000
47164  20.571  3.328  45.409 0.0000000000
46023  19.604  1.944  45.317 0.0000000000
85277  18.596  0.792  37.714 0.0000000000
46066  18.520  1.779  38.187 0.0000000000
46076  18.750  1.553  37.224 0.0000000000
83998  19.060  2.765  36.076 0.0000000000
46641  19.128  1.999  35.995 0.0000000000
41071  20.218  -5.962  55.259 0.0000000000
41692  19.288  -5.560  55.548 0.0000000000
41697  19.918  -5.130  55.106 0.0000000000
45396  18.909  0.250  47.112 0.0000000000
45391  19.034  0.253  48.033 0.0000000000
46001  19.374  0.915  47.615 0.0000000000
46582  20.341  2.500  46.965 0.0000000000
40397  21.256  -7.194  54.085 0.0000000000
39599  21.609  -8.032  54.310 0.0000000000
40398  20.942  -7.397  54.874 0.0000000000
39590  20.413  -7.600  55.630 0.0000000000
44211  25.553  -0.970  44.173 0.0000000000
76273  25.379  -0.761  45.260 0.0000000000
76228  25.041  -1.674  44.597 0.0000000000
78212  26.460  -8.356  51.832 0.0000000000
39625  27.539  -7.849  50.663 0.0000000000
46086  19.392  1.316  35.480 0.0000000000
45505  19.348  0.531  36.046 0.0000000000
44225  24.176  -1.427  42.641 0.0000000000
44231  24.110  -1.219  41.377 0.0000000000
44819  24.552  -0.884  42.006 0.0000000000
44818  25.585  -0.832  42.322 0.0000000000
61737  8.595  32.804  40.702 0.0000000000
62563  9.624  34.225  41.034 0.0000000000
62138  8.915  33.691  41.465 0.0000000000
64009  14.606  37.619  39.877 0.0000000000
65038  13.831  39.195  40.514 0.0000000000
80793  14.509  38.935  38.967 0.0000000000
50561  12.280  8.990  50.822 0.0000000000
50564  12.368  9.379  49.296 0.0000000000
51734  11.404  10.455  51.336 0.0000000000
53958  10.779  14.896  43.633 0.0000000000
52900  9.589  14.154  44.179 0.0000000000
53439  9.137  14.477  43.531 0.0000000000
92422  8.750  14.764  42.915 0.0000000000
53961  9.895  15.524  42.416 0.0000000000
54405  10.647  16.492  41.681 0.0000000000
54404  11.460  16.457  41.840 0.0000000000
87668  8.098  30.157  41.778 0.0000000000
59881  9.469  29.140  40.837 0.0000000000
60870  8.519  30.587  41.181 0.0000000000
61322  9.536  31.671  39.913 0.0000000000
47232  38.171  3.349  34.516 0.0000000000
47830  39.051  4.020  35.705 0.0000000000
47224  39.332  2.893  36.163 0.0000000000
48378  43.287  5.649  33.353 0.0000000000
48370  44.186  5.430  35.154 0.0000000000
84215  45.157  5.872  34.130 0.0000000000
48933  45.689  6.010  33.638 0.0000000000
48945  45.069  6.385  32.554 0.0000000000
48962  44.725  6.320  31.628 0.0000000000
48403  43.443  5.617  31.383 0.0000000000
77861  12.024  -3.477  55.954 0.0000000000
42875  11.486  -2.921  56.712 0.0000000000
42879  11.630  -2.765  55.559 0.0000000000
43516  10.736  -1.378  54.700 0.0000000000
42890  11.329  -2.396  53.495 0.0000000000
76639  16.715  -2.560  51.691 0.0000000000
42311  16.345  -4.059  50.944 0.0000000000
43541  16.412  -2.584  50.540 0.0000000000
80240  16.205  3.782  45.303 0.0000000000
45410  15.146  1.192  45.796 0.0000000000
46597  15.161  2.655  45.075 0.0000000000
46025  14.028  1.812  44.749 0.0000000000
47175  14.645  3.311  44.739 0.0000000000
47780  14.554  4.601  45.082 0.0000000000
48863  15.282  6.163  45.677 0.0000000000
43002  35.383  -4.723  37.006 0.0000000000
76803  34.389  -4.363  37.390 0.0000000000
92492  24.455  0.988  32.289 0.0000000000
46130  25.058  2.073  31.574 0.0000000000
46111  25.901  1.016  33.006 0.0000000000
92431  31.463  2.769  33.645 0.0000000000
47247  30.960  2.996  33.107 0.0000000000
47246  31.760  3.254  33.194 0.0000000000
47852  32.251  4.698  32.148 0.0000000000
47245  32.615  3.260  33.197 0.0000000000
47254  33.158  3.777  32.709 0.0000000000
46672  32.960  2.651  33.673 0.0000000000
43650  35.743  -3.220  38.036 0.0000000000
43656  35.916  -2.916  37.315 0.0000000000
42994  35.891  -3.993  37.373 0.0000000000
43001  36.204  -4.673  36.514 0.0000000000
47783  8.533  5.162  45.046 0.0000000000
47170  7.081  3.977  45.254 0.0000000000
47180  7.328  3.611  44.375 0.0000000000
56122  8.952  19.874  37.959 0.0000000000
55712  10.630  18.937  37.258 0.0000000000
56131  8.300  20.028  37.461 0.0000000000
51845  41.687  13.030  36.024 0.0000000000
51846  40.826  12.328  35.390 0.0000000000
52377  41.607  13.253  35.884 0.0000000000
85347  50.718  13.467  25.209 0.0000000000
53059  50.643  14.253  24.953 0.0000000000
53599  51.750  15.525  24.185 0.0000000000
53057  52.318  13.881  24.818 0.0000000000
48462  46.865  5.379  26.448 0.0000000000
49007  48.301  6.170  26.435 0.0000000000
44776  18.187  -1.116  46.205 0.0000000000
45409  18.074  0.035  45.009 0.0000000000
44195  17.610  -1.763  45.111 0.0000000000
78138  18.681  -2.095  42.385 0.0000000000
44214  18.382  -1.305  42.976 0.0000000000
44239  18.456  -1.871  41.112 0.0000000000
44842  17.969  -1.023  40.241 0.0000000000
43631  18.557  -2.213  40.419 0.0000000000
40423  20.116  -6.702  51.085 0.0000000000
41730  19.381  -5.589  51.351 0.0000000000
41104  19.065  -5.875  50.298 0.0000000000
42932  18.279  -3.635  46.931 0.0000000000
42929  18.441  -3.550  47.746 0.0000000000
43565  18.158  -2.781  46.822 0.0000000000
76518  18.560  -1.221  47.022 0.0000000000
40428  24.409  -6.969  50.862 0.0000000000
39620  24.393  -8.036  52.204 0.0000000000
40429  23.412  -7.538  50.576 0.0000000000
40444  20.622  -6.966  49.429 0.0000000000
40431  21.723  -7.393  50.577 0.0000000000
89278  20.681  -7.041  50.925 0.0000000000
40422  20.590  -7.251  51.636 0.0000000000
42947  23.065  -3.072  44.031 0.0000000000
76106  23.718  -3.465  45.988 0.0000000000
41765  23.238  -4.023  46.266 0.0000000000
41122  22.677  -5.935  48.871 0.0000000000
41745  23.451  -5.021  48.785 0.0000000000
41741  23.862  -5.949  49.463 0.0000000000
41103  24.993  -5.927  50.858 0.0000000000
43641  18.795  -2.405  39.790 0.0000000000
77617  19.789  -2.513  40.879 0.0000000000
42949  21.422  -3.919  43.507 0.0000000000
42957  21.287  -3.882  42.615 0.0000000000
42948  22.265  -3.416  43.760 0.0000000000
43588  22.807  -2.961  43.176 0.0000000000
60361  9.282  29.711  44.965 0.0000000000
61294  9.595  31.223  45.144 0.0000000000
60850  9.837  30.498  46.161 0.0000000000
60855  12.929  30.705  42.935 0.0000000000
61725  13.159  32.146  43.955 0.0000000000
62133  14.124  33.091  42.780 0.0000000000
62556  14.430  34.574  41.934 0.0000000000
62137  14.509  33.189  41.220 0.0000000000
53419  11.914  14.555  48.463 0.0000000000
52884  9.904  14.475  50.032 0.0000000000
53426  11.458  15.062  47.936 0.0000000000
56508  9.900  20.485  46.169 0.0000000000
89001  11.072  17.877  46.123 0.0000000000
85254  11.180  18.226  45.498 0.0000000000
54821  11.319  17.495  45.109 0.0000000000
55668  11.277  19.487  44.689 0.0000000000
56514  10.892  21.328  43.866 0.0000000000
56982  10.139  21.646  44.461 0.0000000000
58910  8.472  26.789  44.950 0.0000000000
58459  8.005  26.034  44.573 0.0000000000
59357  8.312  27.604  44.631 0.0000000000
59858  7.994  28.442  43.303 0.0000000000
45534  38.979  -0.175  34.141 0.0000000000
45518  39.570  0.252  34.642 0.0000000000
40385  13.113  -7.056  58.041 0.0000000000
41060  12.769  -6.130  57.650 0.0000000000
90521  12.838  -5.694  56.056 0.0000000000
47135  18.281  3.469  50.461 0.0000000000
46573  17.325  2.592  50.162 0.0000000000
90184  17.986  3.728  50.185 0.0000000000
75758  18.766  6.477  49.055 0.0000000000
76389  18.658  4.688  48.334 0.0000000000
75756  18.393  5.680  47.621 0.0000000000
87667  17.714  5.291  46.826 0.0000000000
76153  18.345  6.467  47.990 0.0000000000
49386  17.622  7.589  47.980 0.0000000000
90549  18.094  7.363  48.760 0.0000000000
43622  36.144  -3.130  40.691 0.0000000000
81679  34.995  -3.031  39.927 0.0000000000
85747  35.890  -3.030  41.455 0.0000000000
44222  32.038  -2.305  43.731 0.0000000000
43597  32.318  -2.398  42.635 0.0000000000
44854  27.377  -0.008  38.159 0.0000000000
45503  27.706  0.333  36.470 0.0000000000
45484  28.880  0.271  38.404 0.0000000000
46051  31.264  1.954  39.208 0.0000000000
45491  30.741  0.770  37.769 0.0000000000
45490  31.706  2.058  37.724 0.0000000000
86804  31.588  1.862  36.502 0.0000000000
46630  32.566  2.781  37.945 0.0000000000
88754  32.942  2.726  37.380 0.0000000000
46049  32.645  2.010  39.174 0.0000000000
44825  36.244  -0.703  41.555 0.0000000000
44835  34.815  -0.210  40.310 0.0000000000
44834  36.186  -1.354  40.715 0.0000000000
77701  35.174  -2.892  39.195 0.0000000000
48881  9.612  6.348  40.540 0.0000000000
48329  8.195  5.189  41.090 0.0000000000
48882  8.613  6.199  40.052 0.0000000000
47197  6.607  3.931  39.010 0.0000000000
47198  6.064  3.760  39.651 0.0000000000
46057  7.218  2.197  39.592 0.0000000000
46038  7.636  0.848  40.736 0.0000000000
77028  8.981  1.698  39.806 0.0000000000
85366  10.160  0.898  40.405 0.0000000000
46055  9.461  1.857  39.280 0.0000000000
47825  9.356  4.555  36.826 0.0000000000
47209  9.881  3.205  37.221 0.0000000000
51886  11.111  10.837  34.087 0.0000000000
59421  8.542  27.506  34.608 0.0000000000
58490  6.880  24.998  34.948 0.0000000000
50797  49.119  9.990  25.091 0.0000000000
48852  21.698  6.386  46.327 0.0000000000
49402  20.096  7.217  46.102 0.0000000000
76281  21.319  5.589  45.750 0.0000000000
48316  20.937  5.624  43.292 0.0000000000
48871  20.164  6.273  43.245 0.0000000000
48320  19.440  6.393  42.912 0.0000000000
86793  18.425  7.278  42.216 0.0000000000
48876  19.247  6.465  41.515 0.0000000000
46034  18.635  1.213  42.748 0.0000000000
46610  18.933  2.087  43.211 0.0000000000
46615  19.040  2.074  42.286 0.0000000000
47199  19.057  4.110  39.056 0.0000000000
47195  19.613  3.769  39.745 0.0000000000
78827  18.924  4.906  38.888 0.0000000000
48883  18.916  6.363  39.783 0.0000000000
48342  18.607  6.102  38.186 0.0000000000
49444  18.275  7.499  37.622 0.0000000000
48349  18.637  5.858  37.319 0.0000000000
80292  19.399  5.065  34.411 0.0000000000
82316  19.180  6.810  35.295 0.0000000000
48374  19.529  5.825  33.945 0.0000000000
49503  20.162  7.156  32.906 0.0000000000
84264  17.040  -9.454  55.923 0.0000000000
39594  16.211  -9.007  55.419 0.0000000000
39602  17.477  -8.182  54.943 0.0000000000
81106  18.309  -4.515  55.310 0.0000000000
41079  17.869  -5.447  54.940 0.0000000000
42286  18.027  -3.618  54.425 0.0000000000
42293  17.618  -3.736  53.495 0.0000000000
43526  18.549  -2.462  54.402 0.0000000000
42300  19.146  -4.203  51.309 0.0000000000
42299  19.393  -4.141  52.351 0.0000000000
42902  19.105  -3.433  51.059 0.0000000000
44752  19.670  -0.209  50.351 0.0000000000
44149  19.226  -1.095  51.715 0.0000000000
44738  18.784  -0.521  52.385 0.0000000000
44732  18.748  -1.245  52.767 0.0000000000
82023  18.933  0.334  51.785 0.0000000000
45982  18.805  1.278  51.634 0.0000000000
45984  20.074  1.710  50.425 0.0000000000
76294  22.387  3.731  46.912 0.0000000000
46574  21.886  2.790  48.024 0.0000000000
77076  22.756  4.788  46.742 0.0000000000
85648  22.759  5.621  46.825 0.0000000000
39607  23.639  -9.002  53.380 0.0000000000
38760  24.331  -9.909  53.485 0.0000000000
82740  23.616  -9.911  53.775 0.0000000000
37945  21.736  -10.357  55.297 0.0000000000
37944  22.570  -11.014  54.833 0.0000000000
37086  21.199  -11.695  55.602 0.0000000000
36303  21.064  -12.895  55.378 0.0000000000
37087  20.451  -12.317  55.739 0.0000000000
75439  19.710  -10.982  56.799 0.0000000000
38747  18.331  -8.711  56.501 0.0000000000
38737  18.731  -9.307  56.790 0.0000000000
38738  18.049  -9.226  56.771 0.0000000000
37938  17.012  -9.634  56.752 0.0000000000
44805  28.732  0.237  43.837 0.0000000000
75692  28.933  0.151  45.173 0.0000000000
75728  28.108  -0.302  45.413 0.0000000000
75704  26.330  -1.644  46.818 0.0000000000
87083  27.476  -0.748  48.434 0.0000000000
76148  23.729  -3.077  47.604 0.0000000000
76108  24.831  -2.738  47.581 0.0000000000
87129  25.739  -3.125  49.256 0.0000000000
91851  20.707  6.142  32.385 0.0000000000
48398  19.988  4.906  32.815 0.0000000000
45541  20.769  0.862  33.670 0.0000000000
46123  20.833  1.819  32.764 0.0000000000
45540  21.577  0.666  33.266 0.0000000000
45539  22.491  0.346  33.170 0.0000000000
44895  22.466  -0.572  34.314 0.0000000000
43646  20.588  -2.453  38.192 0.0000000000
43657  20.883  -2.205  36.844 0.0000000000
88280  21.385  -2.251  38.210 0.0000000000
78226  23.896  -1.537  39.151 0.0000000000
44256  23.249  -1.040  37.675 0.0000000000
44255  24.145  -0.945  37.922 0.0000000000
44873  24.514  -0.460  36.503 0.0000000000
79874  24.972  -0.782  38.131 0.0000000000
44863  25.565  -0.572  37.561 0.0000000000
84109  25.569  -0.480  39.342 0.0000000000
88860  27.036  -0.416  42.237 0.0000000000
44827  27.592  -0.159  41.803 0.0000000000
45458  28.120  0.434  42.243 0.0000000000
45444  28.590  0.604  42.492 0.0000000000
64011  11.414  37.621  40.042 0.0000000000
62992  11.172  35.287  44.563 0.0000000000
63489  9.372  36.435  43.362 0.0000000000
63997  11.036  37.535  43.413 0.0000000000
47767  10.109  3.864  48.466 0.0000000000
47142  9.170  3.729  48.949 0.0000000000
47760  10.050  4.868  48.831 0.0000000000
49933  11.763  8.032  47.551 0.0000000000
48850  10.175  6.531  48.156 0.0000000000
49400  10.857  7.196  46.327 0.0000000000
48864  10.472  6.641  45.800 0.0000000000
49405  11.354  7.828  45.759 0.0000000000
52878  7.589  13.454  50.275 0.0000000000
51744  8.513  11.730  49.611 0.0000000000
52283  7.084  12.117  48.569 0.0000000000
51766  6.029  11.670  45.832 0.0000000000
51765  8.344  11.697  45.921 0.0000000000
51772  8.857  11.522  44.848 0.0000000000
51223  11.134  10.946  44.125 0.0000000000
90431  10.563  10.951  43.471 0.0000000000
86042  10.925  8.973  41.814 0.0000000000
51790  8.801  11.318  42.939 0.0000000000
52921  6.215  14.206  41.612 0.0000000000
51808  7.290  11.915  40.879 0.0000000000
52327  5.849  13.069  40.178 0.0000000000
51264  6.239  11.231  38.960 0.0000000000
53469  5.564  14.213  39.324 0.0000000000
52945  6.248  13.908  38.192 0.0000000000
53467  6.126  15.584  39.439 0.0000000000
55276  9.995  18.138  40.079 0.0000000000
54850  9.545  17.730  39.750 0.0000000000
82888  10.473  19.202  39.193 0.0000000000
55704  10.204  19.390  38.755 0.0000000000
56112  11.636  20.399  38.708 0.0000000000
57005  11.697  22.942  42.020 0.0000000000
56525  12.549  21.452  41.528 0.0000000000
57519  11.687  23.586  41.648 0.0000000000
58950  12.122  26.619  39.256 0.0000000000
77595  12.897  24.950  39.004 0.0000000000
58479  12.642  25.648  38.370 0.0000000000
58027  12.285  24.630  37.000 0.0000000000
58957  12.013  26.567  36.912 0.0000000000
58962  11.152  26.151  35.480 0.0000000000
59909  11.320  28.149  37.019 0.0000000000
88500  10.795  32.771  38.148 0.0000000000
61335  10.375  31.503  37.405 0.0000000000
49452  36.967  7.825  36.358 0.0000000000
50001  37.390  7.850  37.510 0.0000000000
49451  37.725  7.386  36.913 0.0000000000
48900  40.439  6.606  36.966 0.0000000000
49450  39.564  7.404  37.405 0.0000000000
49466  40.711  7.616  36.370 0.0000000000
50016  40.760  8.209  35.916 0.0000000000
49465  41.340  7.577  35.844 0.0000000000
46638  41.767  2.056  36.343 0.0000000000
47215  41.081  2.520  36.613 0.0000000000
80920  42.531  3.170  36.874 0.0000000000
48910  45.360  6.550  36.195 0.0000000000
48898  43.734  6.135  37.798 0.0000000000
49462  44.752  7.416  36.095 0.0000000000
50013  43.671  8.618  35.513 0.0000000000
50673  44.827  9.386  35.391 0.0000000000
91323  45.342  10.904  34.991 0.0000000000
50029  46.116  8.647  34.801 0.0000000000
48420  45.813  6.173  29.949 0.0000000000
48981  47.872  6.176  29.799 0.0000000000
48428  45.911  5.728  29.123 0.0000000000
48450  46.600  5.363  27.653 0.0000000000
47890  45.003  5.091  27.941 0.0000000000
47918  43.012  3.976  26.328 0.0000000000
49941  17.369  8.983  44.695 0.0000000000
43521  9.197  -1.364  53.150 0.0000000000
44137  8.622  -0.951  53.922 0.0000000000
43535  8.819  -1.667  52.206 0.0000000000
87905  7.829  -1.217  52.262 0.0000000000
86576  8.982  -1.369  50.925 0.0000000000
40402  15.248  -7.622  54.340 0.0000000000
39605  14.845  -7.985  54.922 0.0000000000
40412  14.779  -7.139  53.775 0.0000000000
41722  14.573  -5.420  51.347 0.0000000000
41713  13.801  -6.255  52.613 0.0000000000
84094  13.386  -5.592  52.204 0.0000000000
41714  12.810  -5.156  52.662 0.0000000000
92721  12.879  -5.172  51.225 0.0000000000
45386  16.266  0.702  48.830 0.0000000000
44755  15.633  -0.673  49.031 0.0000000000
83336  15.278  -0.946  48.265 0.0000000000
85700  13.421  -1.491  47.455 0.0000000000
88580  13.957  -2.660  47.995 0.0000000000
87345  13.003  -3.002  48.417 0.0000000000
42919  12.355  -3.822  49.375 0.0000000000
42920  11.710  -3.338  49.434 0.0000000000
88105  11.111  -3.086  49.901 0.0000000000
43555  11.779  -2.133  48.491 0.0000000000
89260  11.788  -0.232  45.200 0.0000000000
44185  10.928  -0.966  47.581 0.0000000000
44782  10.648  -0.657  46.095 0.0000000000
44772  9.273  -0.790  47.229 0.0000000000
45416  9.758  0.903  45.892 0.0000000000
46021  9.936  1.885  45.795 0.0000000000
46600  10.524  2.460  45.570 0.0000000000
48847  13.044  5.945  48.246 0.0000000000
48303  12.546  5.161  47.058 0.0000000000
48841  12.648  5.510  49.594 0.0000000000
49373  12.673  5.852  51.322 0.0000000000
49367  13.472  6.750  52.354 0.0000000000
49917  16.786  8.610  49.513 0.0000000000
49925  15.949  8.387  48.775 0.0000000000
50553  16.964  9.438  51.492 0.0000000000
52266  15.131  12.458  51.288 0.0000000000
51721  15.747  11.425  53.123 0.0000000000
51722  14.457  11.254  53.414 0.0000000000
51723  13.068  11.104  53.414 0.0000000000
83505  14.242  12.433  50.948 0.0000000000
52275  12.781  12.848  50.701 0.0000000000
52881  14.040  14.084  49.064 0.0000000000
54385  13.938  16.861  47.748 0.0000000000
56075  13.776  20.625  47.219 0.0000000000
56503  13.070  21.192  46.912 0.0000000000
76133  29.302  -0.614  47.794 0.0000000000
75701  30.481  -1.601  46.716 0.0000000000
75720  29.392  -1.754  47.719 0.0000000000
48395  22.145  5.781  31.878 0.0000000000
89090  23.489  7.279  32.519 0.0000000000
79149  23.331  5.093  31.554 0.0000000000
81927  25.629  4.972  31.490 0.0000000000
48393  25.175  5.555  31.831 0.0000000000
48970  26.010  5.615  31.757 0.0000000000
48938  25.983  6.579  33.284 0.0000000000
79688  26.914  5.750  31.581 0.0000000000
45535  28.104  0.723  33.852 0.0000000000
46109  27.614  1.087  33.135 0.0000000000
46116  28.781  1.886  32.660 0.0000000000
82343  29.996  5.170  31.435 0.0000000000
47865  28.781  4.594  31.347 0.0000000000
48410  29.408  5.895  31.313 0.0000000000
49530  28.601  7.472  31.935 0.0000000000
78659  29.290  7.857  32.206 0.0000000000
50034  29.718  8.698  34.039 0.0000000000
50062  30.366  8.350  32.673 0.0000000000
49525  33.130  7.387  32.054 0.0000000000
50059  32.638  8.681  33.167 0.0000000000
50044  33.315  8.610  33.806 0.0000000000
50020  33.600  8.858  35.378 0.0000000000
50043  34.115  8.284  34.134 0.0000000000
50030  35.738  8.280  34.918 0.0000000000
49495  35.105  7.113  33.430 0.0000000000
47843  35.529  4.021  33.275 0.0000000000
83907  35.704  4.885  33.167 0.0000000000
47842  36.286  4.270  33.421 0.0000000000
47240  36.875  3.641  33.690 0.0000000000
46669  35.760  2.552  33.770 0.0000000000
45498  33.400  0.805  36.046 0.0000000000
45524  33.528  1.143  34.724 0.0000000000
45509  33.600  0.509  35.224 0.0000000000
44272  35.720  -1.711  35.936 0.0000000000
44891  35.409  -0.068  35.071 0.0000000000
44880  36.060  -0.981  35.378 0.0000000000
86091  36.609  0.627  34.779 0.0000000000
44879  37.318  -1.261  35.116 0.0000000000
81536  37.757  -0.546  34.927 0.0000000000
44270  37.720  -2.244  34.960 0.0000000000
87295  14.187  27.305  43.495 0.0000000000
47144  6.862  4.023  49.225 0.0000000000
45997  4.933  2.001  48.951 0.0000000000
47146  4.951  3.057  48.464 0.0000000000
46013  5.096  1.118  46.462 0.0000000000
45395  4.511  0.622  47.859 0.0000000000
46616  4.443  2.717  42.446 0.0000000000
46612  4.783  2.610  43.218 0.0000000000
45450  4.066  0.649  42.933 0.0000000000
53493  9.494  14.282  37.705 0.0000000000
52975  9.382  13.203  36.556 0.0000000000
53492  10.410  14.351  37.627 0.0000000000
54459  12.714  16.458  36.506 0.0000000000
53504  12.475  14.592  36.580 0.0000000000
82602  13.014  15.103  35.991 0.0000000000
52995  13.146  13.477  35.304 0.0000000000
54029  13.612  15.096  35.369 0.0000000000
56580  9.927  20.793  34.769 0.0000000000
78789  13.726  18.633  33.681 0.0000000000
50662  38.143  9.740  37.138 0.0000000000
51282  37.264  10.762  36.945 0.0000000000
51849  37.854  11.351  35.594 0.0000000000
54114  53.096  16.253  21.372 0.0000000000
53632  53.674  15.726  19.831 0.0000000000
53641  54.406  15.253  19.026 0.0000000000
84658  53.753  14.505  19.705 0.0000000000
49536  50.437  7.861  29.267 0.0000000000
50099  50.682  8.080  28.517 0.0000000000
49540  51.252  7.476  28.135 0.0000000000
84171  50.980  6.848  25.637 0.0000000000
49554  51.846  7.112  26.728 0.0000000000
78934  52.166  7.760  26.235 0.0000000000
50787  52.192  9.209  25.963 0.0000000000
50177  52.545  8.248  25.109 0.0000000000
50819  52.079  9.305  22.705 0.0000000000
50807  53.079  8.937  23.883 0.0000000000
50806  53.075  9.342  23.023 0.0000000000
51399  53.624  10.853  22.836 0.0000000000
51410  53.033  10.073  21.526 0.0000000000
51971  54.166  10.554  18.914 0.0000000000
42936  17.669  -3.376  45.720 0.0000000000
43575  17.880  -2.308  44.486 0.0000000000
87239  18.350  -3.841  44.534 0.0000000000
42951  18.729  -3.754  43.839 0.0000000000
42950  19.222  -3.569  43.169 0.0000000000
40457  20.025  -6.869  48.868 0.0000000000
41126  18.928  -5.788  48.766 0.0000000000
41747  19.221  -5.632  47.944 0.0000000000
42339  18.459  -4.460  46.689 0.0000000000
41114  22.975  -6.494  49.550 0.0000000000
40442  22.795  -7.078  50.002 0.0000000000
40455  21.207  -7.005  48.834 0.0000000000
40456  20.612  -6.990  48.605 0.0000000000
42350  21.860  -3.787  44.988 0.0000000000
41766  22.683  -4.577  45.989 0.0000000000
41767  21.868  -4.709  45.923 0.0000000000
41131  22.185  -5.996  47.780 0.0000000000
92264  20.150  -3.295  42.000 0.0000000000
42368  19.945  -4.065  43.052 0.0000000000
42359  20.736  -4.290  43.857 0.0000000000
59356  9.884  28.290  45.744 0.0000000000
59849  9.960  29.163  45.768 0.0000000000
80145  10.734  28.357  45.137 0.0000000000
60366  11.724  29.515  44.264 0.0000000000
60374  12.798  29.349  42.620 0.0000000000
55258  12.374  18.457  46.914 0.0000000000
54817  11.629  17.833  46.719 0.0000000000
56077  11.087  19.932  46.377 0.0000000000
89584  9.682  20.726  46.649 0.0000000000
56979  8.561  21.651  46.555 0.0000000000
56984  8.212  22.280  45.770 0.0000000000
88872  8.090  23.969  46.384 0.0000000000
58450  9.100  25.975  46.272 0.0000000000
88237  37.524  -1.211  33.149 0.0000000000
45543  38.529  0.062  33.449 0.0000000000
40382  13.327  -8.050  58.142 0.0000000000
40388  13.241  -7.735  57.168 0.0000000000
76579  20.806  5.455  48.950 0.0000000000
76272  19.117  4.834  49.608 0.0000000000
75747  20.118  6.047  49.070 0.0000000000
75754  19.647  6.606  49.121 0.0000000000
48840  19.400  7.178  49.171 0.0000000000
82708  20.501  8.564  49.483 0.0000000000
51199  21.152  10.448  50.019 0.0000000000
44220  36.206  -1.915  42.435 0.0000000000
43595  34.724  -2.803  42.959 0.0000000000
43579  34.448  -2.307  43.566 0.0000000000
44207  33.035  -2.398  44.498 0.0000000000
44209  31.241  -2.173  44.426 0.0000000000
45469  29.651  0.831  40.615 0.0000000000
88358  29.163  0.198  39.314 0.0000000000
80974  30.136  1.277  40.911 0.0000000000
92766  30.902  1.832  40.239 0.0000000000
46042  32.311  1.531  39.959 0.0000000000
45476  33.047  1.085  39.986 0.0000000000
45452  34.346  0.754  41.811 0.0000000000
45438  34.839  0.655  42.341 0.0000000000
49974  8.115  8.589  39.013 0.0000000000
48886  6.928  6.538  39.120 0.0000000000
49436  6.798  7.404  38.141 0.0000000000
48343  6.534  5.822  38.513 0.0000000000
47811  7.797  4.388  38.208 0.0000000000
47202  8.457  3.622  38.243 0.0000000000
48351  7.866  5.810  37.501 0.0000000000
48361  8.585  5.978  36.972 0.0000000000
49476  9.449  7.346  35.484 0.0000000000
50689  9.238  9.431  35.148 0.0000000000
51312  9.588  10.252  34.938 0.0000000000
50161  48.108  8.691  25.966 0.0000000000
52548  55.554  12.935  14.278 0.0000000000
76207  21.286  3.870  46.149 0.0000000000
88569  21.150  5.309  45.116 0.0000000000
47163  21.099  4.062  45.252 0.0000000000
80779  21.103  3.879  43.510 0.0000000000
47182  20.393  3.547  42.975 0.0000000000
46052  18.502  1.453  40.008 0.0000000000
46621  19.076  2.114  40.453 0.0000000000
82702  18.751  2.132  39.713 0.0000000000
90190  18.776  3.047  38.530 0.0000000000
47207  18.705  3.809  37.625 0.0000000000
48348  18.658  5.052  37.068 0.0000000000
47817  18.741  4.194  36.765 0.0000000000
47831  19.278  4.289  34.800 0.0000000000
47837  19.522  4.347  33.970 0.0000000000
39592  18.372  -7.499  56.004 0.0000000000
40399  18.098  -6.826  55.525 0.0000000000
41072  18.642  -6.123  55.698 0.0000000000
82843  18.984  -4.720  55.449 0.0000000000
42883  18.943  -3.599  55.152 0.0000000000
44164  18.710  -1.573  49.476 0.0000000000
44156  19.290  -1.864  50.508 0.0000000000
44753  19.191  -0.609  49.379 0.0000000000
45377  19.744  0.021  49.650 0.0000000000
45383  20.054  0.530  49.397 0.0000000000
45986  20.570  1.659  49.461 0.0000000000
45999  20.505  1.995  47.818 0.0000000000
78490  21.497  3.090  47.000 0.0000000000
39609  22.087  -8.165  53.510 0.0000000000
38761  22.984  -9.356  53.922 0.0000000000
38762  22.323  -8.729  54.120 0.0000000000
79492  21.704  -9.035  54.817 0.0000000000
38756  21.063  -9.313  55.553 0.0000000000
76673  20.157  -10.168  56.583 0.0000000000
80621  20.326  -8.551  55.857 0.0000000000
39591  19.409  -7.758  56.132 0.0000000000
76409  26.635  -0.001  43.633 0.0000000000
76336  26.740  0.143  44.320 0.0000000000
44797  26.285  -0.128  44.941 0.0000000000
86728  25.486  -1.005  45.917 0.0000000000
76259  25.640  -2.050  47.040 0.0000000000
41729  25.746  -4.520  50.690 0.0000000000
42309  26.489  -4.022  50.528 0.0000000000
41101  26.810  -5.985  51.048 0.0000000000
40426  28.040  -7.256  50.114 0.0000000000
47259  19.904  3.584  32.993 0.0000000000
46663  19.521  2.648  34.455 0.0000000000
46101  20.116  1.234  34.077 0.0000000000
44897  20.860  -0.290  34.622 0.0000000000
88524  22.489  -2.568  40.402 0.0000000000
43644  22.079  -2.026  38.658 0.0000000000
44238  23.746  -1.847  40.731 0.0000000000
44237  24.294  -1.248  40.520 0.0000000000
44849  24.822  -0.736  40.252 0.0000000000
90172  25.336  -0.487  39.983 0.0000000000
44829  25.197  -0.599  41.552 0.0000000000
44817  26.473  -0.571  42.698 0.0000000000
62150  10.757  33.715  39.508 0.0000000000
63020  11.937  34.876  39.248 0.0000000000
62569  11.037  35.113  40.114 0.0000000000
63007  11.073  35.870  40.329 0.0000000000
64007  10.330  37.273  41.102 0.0000000000
63491  13.562  36.523  42.975 0.0000000000
64509  12.587  38.279  42.584 0.0000000000
64514  13.169  38.382  41.981 0.0000000000
48843  11.442  5.743  48.962 0.0000000000
48844  10.463  6.043  48.659 0.0000000000
49389  11.792  6.911  48.945 0.0000000000
49932  12.301  8.500  48.141 0.0000000000
51205  12.417  10.278  47.723 0.0000000000
53434  9.545  14.264  45.949 0.0000000000
52285  7.497  12.502  47.154 0.0000000000
92541  8.128  12.839  46.191 0.0000000000
52294  6.643  12.594  45.603 0.0000000000
52296  5.775  12.013  45.178 0.0000000000
51793  6.522  12.035  43.591 0.0000000000
52914  6.750  13.264  43.225 0.0000000000
53451  6.876  14.775  41.801 0.0000000000
84840  6.348  15.997  41.114 0.0000000000
54425  7.059  16.923  40.170 0.0000000000
54406  8.969  16.722  41.199 0.0000000000
81470  10.099  17.576  40.723 0.0000000000
55274  12.086  18.617  40.240 0.0000000000
58931  9.735  26.375  42.129 0.0000000000
58467  11.152  25.340  41.085 0.0000000000
59391  10.423  27.168  40.880 0.0000000000
59401  10.826  27.965  39.811 0.0000000000
59890  10.773  28.804  39.394 0.0000000000
60405  11.139  29.172  38.053 0.0000000000
60398  10.548  29.667  39.149 0.0000000000
82898  10.068  32.158  39.321 0.0000000000
84073  37.970  6.085  34.373 0.0000000000
48923  38.168  6.478  35.426 0.0000000000
48914  38.865  5.883  35.851 0.0000000000
48357  39.474  6.037  36.527 0.0000000000
48355  40.798  5.942  37.100 0.0000000000
92041  42.513  3.983  35.090 0.0000000000
47221  43.526  3.086  36.939 0.0000000000
48364  44.091  4.687  36.019 0.0000000000
48363  45.078  5.118  35.980 0.0000000000
48909  45.797  6.150  35.531 0.0000000000
49478  46.508  7.526  34.604 0.0000000000
78471  46.467  6.448  34.154 0.0000000000
48931  46.906  6.605  33.318 0.0000000000
48930  47.398  6.788  32.482 0.0000000000
48959  47.861  6.631  31.656 0.0000000000
48960  46.636  6.512  32.127 0.0000000000
48401  45.036  6.272  30.753 0.0000000000
48421  44.285  5.604  30.114 0.0000000000
49951  17.005  9.136  42.678 0.0000000000
51237  16.485  10.261  42.201 0.0000000000
44127  10.302  -0.796  55.473 0.0000000000
43517  10.340  -1.391  54.038 0.0000000000
43529  10.027  -1.851  52.476 0.0000000000
41711  16.591  -5.225  52.443 0.0000000000
41089  15.378  -6.470  52.400 0.0000000000
41720  16.164  -5.244  51.622 0.0000000000
42302  15.960  -4.795  51.082 0.0000000000
42312  15.479  -4.217  50.509 0.0000000000
46009  16.322  1.839  46.751 0.0000000000
44777  15.560  0.187  47.201 0.0000000000
45398  15.482  0.618  46.441 0.0000000000
44779  14.118  -0.222  46.533 0.0000000000
91864  12.888  -0.687  46.859 0.0000000000
44184  11.787  -1.008  47.433 0.0000000000
45401  12.980  -0.036  45.423 0.0000000000
45422  12.845  0.837  44.577 0.0000000000
46028  11.996  1.932  44.620 0.0000000000
47178  11.900  2.974  44.764 0.0000000000
47166  13.329  3.745  44.755 0.0000000000
48312  13.974  5.130  45.658 0.0000000000
49388  14.265  6.942  48.341 0.0000000000
51720  16.833  11.090  52.797 0.0000000000
52264  17.349  13.087  51.529 0.0000000000
52871  15.265  13.827  49.806 0.0000000000
53417  14.816  14.868  48.744 0.0000000000
53938  15.405  16.127  48.782 0.0000000000
87014  29.237  -2.534  47.405 0.0000000000
46697  23.016  2.697  31.402 0.0000000000
84849  23.839  3.850  31.291 0.0000000000
46695  24.374  2.592  31.373 0.0000000000
89826  25.036  2.859  31.256 0.0000000000
47267  26.374  3.596  31.403 0.0000000000
46099  29.634  1.586  34.146 0.0000000000
46681  29.470  2.259  32.856 0.0000000000
46680  30.186  2.640  33.011 0.0000000000
47854  30.681  3.876  32.001 0.0000000000
78901  30.929  5.134  31.655 0.0000000000
49527  31.352  7.397  31.832 0.0000000000
48408  31.544  5.862  31.583 0.0000000000
48406  33.154  5.937  31.768 0.0000000000
89810  33.889  6.097  31.971 0.0000000000
83830  34.536  5.815  32.388 0.0000000000
77709  34.296  5.051  32.472 0.0000000000
47253  34.002  3.768  32.865 0.0000000000
46670  34.864  2.554  33.707 0.0000000000
44859  34.150  -0.690  37.431 0.0000000000
44869  34.397  -0.893  36.714 0.0000000000
44254  34.995  -1.908  37.544 0.0000000000
44262  36.037  -2.615  36.529 0.0000000000
43660  36.725  -3.090  36.136 0.0000000000
43659  37.394  -3.406  35.437 0.0000000000
43000  36.948  -4.274  36.086 0.0000000000
47775  6.801  4.957  47.135 0.0000000000
47154  5.113  3.486  48.090 0.0000000000
47161  5.875  3.758  46.699 0.0000000000
47172  5.770  3.105  46.156 0.0000000000
85335  5.025  0.738  45.202 0.0000000000
45464  6.292  0.290  41.643 0.0000000000
44811  7.232  -0.741  43.485 0.0000000000
54448  10.849  16.964  38.228 0.0000000000
84019  10.859  15.090  38.021 0.0000000000
54874  11.431  17.375  37.512 0.0000000000
54882  11.974  17.814  36.895 0.0000000000
55311  12.469  18.211  36.254 0.0000000000
83699  39.596  10.030  35.646 0.0000000000
51848  38.773  11.333  35.530 0.0000000000
51847  39.807  11.744  35.404 0.0000000000
80870  40.198  13.217  35.377 0.0000000000
52998  40.917  13.973  34.950 0.0000000000
54103  51.707  16.200  22.625 0.0000000000
54096  53.072  15.638  23.367 0.0000000000
53079  53.403  14.186  22.078 0.0000000000
48448  49.104  6.007  27.983 0.0000000000
90528  50.868  6.410  28.029 0.0000000000
48995  49.685  6.069  27.517 0.0000000000
49010  50.191  6.577  26.160 0.0000000000
49562  49.691  7.096  25.468 0.0000000000
50831  52.254  9.944  21.156 0.0000000000
45408  18.668  0.448  45.725 0.0000000000
46024  18.951  1.484  44.665 0.0000000000
79604  18.603  0.770  45.061 0.0000000000
45433  18.362  0.528  43.480 0.0000000000
45445  18.483  0.210  42.636 0.0000000000
44215  18.118  -1.734  43.773 0.0000000000
44820  18.447  -0.589  42.512 0.0000000000
85609  18.642  0.583  41.268 0.0000000000
45459  18.269  -0.221  40.777 0.0000000000
45479  18.133  -0.013  38.993 0.0000000000
44867  18.790  -0.590  37.883 0.0000000000
41078  20.378  -5.875  53.586 0.0000000000
41709  19.788  -5.243  53.180 0.0000000000
85088  19.608  -5.710  52.190 0.0000000000
41731  18.889  -5.026  50.795 0.0000000000
42310  18.601  -4.281  50.488 0.0000000000
83639  18.426  -5.200  49.177 0.0000000000
42330  18.184  -4.428  48.969 0.0000000000
42915  18.115  -2.896  49.066 0.0000000000
44172  18.371  -1.769  48.507 0.0000000000
85688  18.611  -0.452  46.664 0.0000000000
39612  26.052  -9.013  52.353 0.0000000000
83280  25.679  -9.641  52.610 0.0000000000
39613  24.982  -8.830  52.637 0.0000000000
39614  24.016  -8.484  52.735 0.0000000000
39615  23.189  -8.348  52.737 0.0000000000
40430  22.514  -7.604  50.556 0.0000000000
40420  22.148  -7.944  51.205 0.0000000000
39616  22.369  -8.253  52.702 0.0000000000
40415  21.612  -7.982  52.848 0.0000000000
40416  20.938  -7.423  53.110 0.0000000000
43586  24.419  -2.337  43.966 0.0000000000
75991  24.584  -2.279  45.042 0.0000000000
75726  24.157  -2.829  45.533 0.0000000000
75711  23.467  -3.122  47.272 0.0000000000
42334  23.573  -3.481  47.981 0.0000000000
41758  22.861  -4.298  47.007 0.0000000000
42328  23.276  -4.085  48.255 0.0000000000
41739  25.411  -4.545  50.366 0.0000000000
41112  25.374  -5.134  50.711 0.0000000000
88061  25.872  -7.406  51.735 0.0000000000
44866  19.218  -0.909  37.356 0.0000000000
44251  19.254  -2.003  38.298 0.0000000000
43647  19.694  -2.415  38.636 0.0000000000
78720  21.095  -2.372  39.696 0.0000000000
42971  20.625  -3.237  41.706 0.0000000000
43617  21.543  -3.167  41.402 0.0000000000
43627  22.447  -2.864  41.055 0.0000000000
43615  23.112  -2.526  41.705 0.0000000000
89469  23.278  -2.256  43.000 0.0000000000
60856  8.144  30.877  42.719 0.0000000000
61726  8.673  33.103  42.768 0.0000000000
61722  9.222  32.921  44.080 0.0000000000
62129  10.333  33.837  45.265 0.0000000000
62547  11.876  34.530  44.694 0.0000000000
91021  11.520  31.705  45.665 0.0000000000
61715  12.662  33.133  44.844 0.0000000000
78129  13.329  35.559  43.632 0.0000000000
63000  14.040  35.938  42.941 0.0000000000
63002  14.514  35.772  41.389 0.0000000000
63503  14.999  36.121  39.934 0.0000000000
88532  10.550  11.941  53.015 0.0000000000
51730  9.235  11.391  52.956 0.0000000000
52866  9.149  13.742  52.330 0.0000000000
52885  8.834  14.687  50.097 0.0000000000
52890  9.301  14.388  48.446 0.0000000000
53948  11.209  16.058  46.879 0.0000000000
53949  10.672  15.570  46.463 0.0000000000
53431  10.239  14.967  46.212 0.0000000000
54395  10.964  15.963  45.145 0.0000000000
53954  11.152  15.596  44.026 0.0000000000
54398  12.126  16.695  42.988 0.0000000000
55267  12.439  18.078  42.136 0.0000000000
55670  11.925  19.659  43.397 0.0000000000
56520  11.429  21.727  42.911 0.0000000000
57512  10.513  23.906  42.839 0.0000000000
57492  9.039  22.941  44.646 0.0000000000
90933  8.649  24.692  43.997 0.0000000000
58932  9.299  25.816  42.839 0.0000000000
59374  8.206  27.764  42.787 0.0000000000
60375  7.988  29.291  42.917 0.0000000000
46082  38.892  0.989  35.551 0.0000000000
46645  39.840  1.719  36.564 0.0000000000
46081  39.927  0.680  36.107 0.0000000000
85934  40.996  0.103  36.089 0.0000000000
46651  41.724  1.227  35.551 0.0000000000
46652  41.111  1.485  34.575 0.0000000000
47231  41.592  2.385  34.729 0.0000000000
47237  41.544  3.463  34.169 0.0000000000
48388  41.820  4.786  32.920 0.0000000000
48405  41.950  5.088  32.007 0.0000000000
48404  42.739  5.347  31.685 0.0000000000
42269  12.316  -4.297  55.776 0.0000000000
42281  12.184  -3.975  54.196 0.0000000000
45372  17.003  0.630  51.721 0.0000000000
44746  16.634  -0.098  50.974 0.0000000000
45375  16.718  0.718  50.707 0.0000000000
45385  16.827  1.265  49.378 0.0000000000
46002  16.958  2.006  48.258 0.0000000000
47140  18.658  4.592  49.345 0.0000000000
47148  17.968  3.361  47.766 0.0000000000
46585  16.726  2.314  47.403 0.0000000000
47157  17.021  3.561  46.498 0.0000000000
47777  16.797  4.154  45.800 0.0000000000
48309  16.468  5.683  45.582 0.0000000000
88675  16.002  6.208  45.542 0.0000000000
49387  16.887  7.588  47.542 0.0000000000
49930  17.185  8.050  48.210 0.0000000000
50552  18.023  9.996  50.997 0.0000000000
50558  20.519  9.962  50.479 0.0000000000
50551  19.424  10.229  50.874 0.0000000000
42989  34.697  -3.840  38.388 0.0000000000
42995  33.719  -3.911  38.127 0.0000000000
87508  33.943  -3.400  39.484 0.0000000000
42974  33.508  -3.318  40.133 0.0000000000
43609  33.348  -2.689  41.841 0.0000000000
43610  32.008  -2.800  41.507 0.0000000000
45513  25.882  0.154  35.248 0.0000000000
89201  26.311  0.787  33.647 0.0000000000
88562  26.978  0.144  35.567 0.0000000000
76735  27.913  0.382  35.653 0.0000000000
45511  28.577  0.610  35.297 0.0000000000
45492  29.537  0.508  37.558 0.0000000000
76972  29.306  0.712  36.719 0.0000000000
45525  29.348  1.037  34.852 0.0000000000
46098  30.188  1.664  34.814 0.0000000000
46647  30.944  1.833  35.344 0.0000000000
46097  31.679  2.224  35.128 0.0000000000
46096  32.261  2.229  34.846 0.0000000000
46071  32.852  2.344  36.556 0.0000000000
46070  33.174  2.168  36.760 0.0000000000
81892  33.548  1.327  38.119 0.0000000000
45475  33.707  0.489  39.785 0.0000000000
45481  33.567  0.631  38.964 0.0000000000
44853  33.915  -0.228  38.332 0.0000000000
86410  34.767  -1.756  38.986 0.0000000000
48326  9.713  5.280  42.885 0.0000000000
47183  8.092  3.914  43.583 0.0000000000
47795  8.159  4.300  42.301 0.0000000000
47797  6.030  4.084  41.729 0.0000000000
85650  4.769  3.248  41.424 0.0000000000
48333  6.552  5.302  40.046 0.0000000000
47806  5.770  4.039  40.384 0.0000000000
46047  5.542  1.991  40.892 0.0000000000
45463  7.326  0.268  41.440 0.0000000000
45446  8.884  0.026  41.923 0.0000000000
51884  12.461  11.264  33.318 0.0000000000
57544  8.176  23.454  36.180 0.0000000000
56564  6.899  21.864  37.048 0.0000000000
57545  6.945  23.443  36.116 0.0000000000
51861  43.647  13.516  35.390 0.0000000000
51863  42.159  13.632  35.187 0.0000000000
51928  49.290  11.809  24.491 0.0000000000
51926  50.761  11.651  25.382 0.0000000000
49384  21.028  8.031  47.001 0.0000000000
50569  19.230  9.266  46.972 0.0000000000
49394  19.574  8.036  46.330 0.0000000000
49403  19.271  7.657  45.176 0.0000000000
49407  18.746  7.670  44.380 0.0000000000
48866  20.393  6.396  44.021 0.0000000000
48867  19.416  7.093  44.283 0.0000000000
49411  17.829  7.900  43.276 0.0000000000
49415  17.963  7.763  42.393 0.0000000000
78565  17.948  8.198  41.035 0.0000000000
49964  17.728  8.319  40.371 0.0000000000
46604  19.066  2.018  43.975 0.0000000000
46609  19.518  2.768  42.709 0.0000000000
47798  20.095  4.549  41.657 0.0000000000
46617  19.612  2.783  40.864 0.0000000000
77316  19.966  4.171  41.012 0.0000000000
48323  19.796  5.611  41.595 0.0000000000
48879  19.112  6.496  40.554 0.0000000000
49425  18.582  7.119  40.071 0.0000000000
49985  17.493  8.478  38.667 0.0000000000
50025  18.830  8.388  35.684 0.0000000000
48905  18.952  6.179  35.902 0.0000000000
49473  19.022  7.614  35.538 0.0000000000
50699  19.252  8.971  35.016 0.0000000000
50712  20.059  9.377  33.714 0.0000000000
50721  22.002  9.262  32.635 0.0000000000
38740  14.566  -9.245  56.611 0.0000000000
38750  15.337  -9.269  55.978 0.0000000000
39604  15.713  -8.213  54.856 0.0000000000
40410  16.916  -7.105  54.029 0.0000000000
40409  17.771  -6.555  54.649 0.0000000000
41080  17.508  -6.178  53.797 0.0000000000
41704  17.000  -5.683  53.184 0.0000000000
42294  16.987  -4.197  52.767 0.0000000000
42897  17.257  -3.258  53.063 0.0000000000
43532  17.100  -1.721  52.563 0.0000000000
42284  20.144  -4.239  54.206 0.0000000000
42887  19.481  -3.451  54.621 0.0000000000
42895  19.118  -2.560  54.447 0.0000000000
43538  19.299  -1.948  51.458 0.0000000000
43524  19.042  -1.536  53.415 0.0000000000
43525  18.935  -1.791  54.097 0.0000000000
81093  18.544  -1.667  53.680 0.0000000000
44143  18.563  -1.348  53.046 0.0000000000
44740  17.846  0.068  52.304 0.0000000000
45371  17.579  1.104  51.770 0.0000000000
46566  18.534  2.121  51.338 0.0000000000
47134  19.106  3.570  50.378 0.0000000000
86140  21.006  2.197  49.253 0.0000000000
89427  20.908  3.011  49.572 0.0000000000
75745  21.013  3.819  49.441 0.0000000000
75742  22.115  5.538  48.258 0.0000000000
49392  22.064  7.179  47.336 0.0000000000
37951  25.006  -10.914  53.257 0.0000000000
37953  23.183  -10.415  54.267 0.0000000000
76439  19.313  -9.970  56.931 0.0000000000
45430  30.736  0.662  44.403 0.0000000000
45420  31.303  0.643  45.522 0.0000000000
44796  29.957  0.674  45.299 0.0000000000
75698  29.643  0.676  46.531 0.0000000000
75706  28.634  -0.333  48.178 0.0000000000
75717  28.008  -0.036  47.091 0.0000000000
76015  27.748  -0.400  48.221 0.0000000000
92554  24.649  -1.741  46.251 0.0000000000
75685  24.688  -2.312  47.151 0.0000000000
76349  27.185  -1.761  49.435 0.0000000000
75695  27.478  -2.251  49.483 0.0000000000
50720  22.800  9.381  32.708 0.0000000000
49519  21.454  7.717  32.432 0.0000000000
85198  21.779  6.418  32.103 0.0000000000
47872  22.165  4.173  31.520 0.0000000000
47258  20.401  3.414  32.450 0.0000000000
46698  21.427  2.784  31.772 0.0000000000
47271  22.173  3.146  31.430 0.0000000000
85069  22.680  1.358  32.109 0.0000000000
45547  23.772  0.506  32.755 0.0000000000
45528  24.569  0.229  34.363 0.0000000000
44268  19.781  -1.387  36.784 0.0000000000
44276  20.738  -1.391  35.861 0.0000000000
44274  21.933  -1.225  35.472 0.0000000000
44249  22.706  -1.542  38.199 0.0000000000
44265  22.124  -1.409  36.362 0.0000000000
44885  22.644  -0.838  34.963 0.0000000000
44884  23.400  -0.513  35.283 0.0000000000
44883  24.249  -0.221  35.662 0.0000000000
45514  24.847  0.162  35.121 0.0000000000
44871  26.132  -0.263  36.172 0.0000000000
44861  26.817  -0.154  37.576 0.0000000000
44847  27.264  -0.087  39.090 0.0000000000
44839  26.399  -0.345  40.741 0.0000000000
78320  27.599  -0.210  39.905 0.0000000000
44837  28.279  -0.142  40.399 0.0000000000
45457  28.747  0.596  41.794 0.0000000000
81486  30.145  0.126  42.978 0.0000000000
62555  8.579  34.950  42.981 0.0000000000
64003  9.589  37.230  41.871 0.0000000000
64520  9.925  39.139  41.094 0.0000000000
78807  11.372  39.200  42.607 0.0000000000
65550  10.573  40.369  41.643 0.0000000000
86626  8.102  1.086  47.295 0.0000000000
86628  6.900  0.860  48.368 0.0000000000
46005  7.511  1.887  47.757 0.0000000000
47152  7.325  3.829  49.360 0.0000000000
47763  6.990  4.637  49.860 0.0000000000
48851  9.525  6.268  48.589 0.0000000000
48298  8.659  6.240  48.700 0.0000000000
48306  7.491  5.380  48.009 0.0000000000
48304  8.885  6.038  46.935 0.0000000000
48313  9.149  5.747  45.731 0.0000000000
48317  10.112  6.042  44.226 0.0000000000
51736  10.054  11.287  51.244 0.0000000000
51750  11.178  11.327  48.150 0.0000000000
51756  10.877  11.212  47.262 0.0000000000
77089  7.549  11.792  47.861 0.0000000000
51757  9.942  11.329  46.817 0.0000000000
51214  11.310  10.425  45.757 0.0000000000
50578  11.824  9.424  44.753 0.0000000000
49412  11.672  7.973  43.770 0.0000000000
48321  10.247  5.944  43.248 0.0000000000
49417  10.950  7.473  42.354 0.0000000000
49960  10.683  8.412  41.216 0.0000000000
50616  9.988  9.420  40.468 0.0000000000
51801  8.375  11.494  42.151 0.0000000000
92444  9.085  10.759  40.683 0.0000000000
50627  8.418  9.875  39.555 0.0000000000
50628  7.477  10.101  38.989 0.0000000000
51271  6.573  10.523  38.356 0.0000000000
85458  6.510  11.177  36.842 0.0000000000
51840  7.039  11.512  36.403 0.0000000000
52360  6.592  12.758  37.229 0.0000000000
53495  7.368  14.117  37.946 0.0000000000
53992  9.482  15.594  38.876 0.0000000000
54424  8.179  16.825  40.052 0.0000000000
53982  8.753  16.402  39.527 0.0000000000
54435  9.796  16.521  39.127 0.0000000000
55296  9.970  18.517  38.934 0.0000000000
56113  9.800  19.551  38.316 0.0000000000
56555  9.197  20.650  37.852 0.0000000000
92880  12.726  19.818  41.404 0.0000000000
83419  13.023  20.096  40.751 0.0000000000
56539  13.263  20.920  39.561 0.0000000000
58017  12.310  24.481  40.391 0.0000000000
57525  13.230  23.380  39.477 0.0000000000
56545  13.307  21.714  39.066 0.0000000000
57020  12.782  22.552  38.000 0.0000000000
57026  11.466  22.453  36.862 0.0000000000
57043  10.451  23.139  35.979 0.0000000000
84576  10.473  24.589  35.374 0.0000000000
59420  9.984  27.241  34.709 0.0000000000
92751  9.645  29.143  35.200 0.0000000000
78459  10.447  29.586  36.760 0.0000000000
60897  9.844  30.472  36.293 0.0000000000
60900  9.440  31.026  35.570 0.0000000000
49992  36.153  8.228  38.082 0.0000000000
49977  37.290  8.855  39.652 0.0000000000
49976  37.982  8.857  39.433 0.0000000000
49975  38.429  8.846  38.960 0.0000000000
50661  38.779  9.178  37.360 0.0000000000
48892  39.126  7.158  37.525 0.0000000000
49438  39.155  7.812  37.731 0.0000000000
50660  39.334  8.733  36.677 0.0000000000
50678  40.054  9.384  35.635 0.0000000000
83588  41.383  10.307  35.423 0.0000000000
83727  42.277  10.448  35.529 0.0000000000
47216  40.086  2.918  36.563 0.0000000000
47822  40.985  5.072  37.028 0.0000000000
88707  41.447  5.803  38.650 0.0000000000
47815  43.455  3.546  38.813 0.0000000000
48899  42.556  6.529  38.663 0.0000000000
48912  42.400  6.804  36.963 0.0000000000
50014  42.987  7.943  35.410 0.0000000000
84476  42.818  9.164  35.195 0.0000000000
92280  43.365  11.800  36.333 0.0000000000
51860  44.203  12.769  35.157 0.0000000000
50028  46.799  8.608  34.205 0.0000000000
50083  49.822  8.178  29.868 0.0000000000
48979  49.922  6.461  29.427 0.0000000000
48975  47.968  6.386  30.760 0.0000000000
48980  48.706  6.201  30.140 0.0000000000
48435  49.159  6.004  28.599 0.0000000000
48436  48.356  5.954  28.381 0.0000000000
76593  47.120  5.450  27.224 0.0000000000
47915  45.483  4.955  26.371 0.0000000000
48423  42.952  5.315  30.763 0.0000000000
48430  43.454  5.323  30.114 0.0000000000
47880  43.914  5.245  28.947 0.0000000000
80490  42.179  4.220  27.968 0.0000000000
47891  44.164  5.014  28.161 0.0000000000
47905  44.452  4.778  27.348 0.0000000000
77103  44.341  4.444  26.101 0.0000000000
53140  55.138  14.075  15.415 0.0000000000
53665  55.590  14.814  16.028 0.0000000000
53131  55.515  14.288  16.612 0.0000000000
57983  12.170  25.054  47.646 0.0000000000
58883  12.563  26.288  46.838 0.0000000000
50570  17.759  9.983  46.196 0.0000000000
44146  6.827  -0.608  52.765 0.0000000000
44160  7.534  -0.678  50.773 0.0000000000
44170  7.928  -0.875  48.866 0.0000000000
39587  14.125  -8.569  56.230 0.0000000000
39597  13.786  -8.030  55.990 0.0000000000
41067  13.434  -6.874  55.461 0.0000000000
41083  14.264  -6.765  53.135 0.0000000000
41073  14.010  -6.795  54.076 0.0000000000
91084  13.279  -5.980  54.771 0.0000000000
41699  12.919  -5.449  54.645 0.0000000000
42280  12.559  -4.801  54.110 0.0000000000
42287  12.393  -4.390  53.245 0.0000000000
89979  15.937  -2.143  49.867 0.0000000000
78894  15.541  -2.873  49.748 0.0000000000
42917  14.928  -3.699  49.730 0.0000000000
43560  14.948  -1.591  47.946 0.0000000000
43552  14.349  -2.888  48.354 0.0000000000
42314  13.671  -4.743  50.081 0.0000000000
77541  12.800  -4.883  50.121 0.0000000000
42304  11.822  -3.896  51.676 0.0000000000
42296  12.019  -3.533  52.517 0.0000000000
86266  11.418  -2.965  51.939 0.0000000000
43533  10.150  -2.530  51.195 0.0000000000
43542  9.658  -1.942  50.913 0.0000000000
44175  11.373  -1.342  48.138 0.0000000000
44167  10.375  -1.264  49.208 0.0000000000
76481  9.335  -1.116  50.286 0.0000000000
44177  8.895  -0.807  48.722 0.0000000000
44762  8.224  -0.818  48.137 0.0000000000
44774  7.872  -0.447  47.835 0.0000000000
46012  8.666  1.273  46.742 0.0000000000
46592  9.933  3.026  46.316 0.0000000000
47774  11.004  3.810  47.587 0.0000000000
47782  12.208  4.152  45.981 0.0000000000
47765  11.868  4.813  47.548 0.0000000000
48297  11.451  5.016  48.346 0.0000000000
48842  12.038  5.458  49.754 0.0000000000
49914  12.493  7.229  51.917 0.0000000000
50556  12.282  8.798  52.371 0.0000000000
49397  15.491  7.059  46.974 0.0000000000
49926  15.314  7.938  48.438 0.0000000000
49918  14.440  7.497  50.260 0.0000000000
51187  16.110  10.354  53.325 0.0000000000
50548  15.300  8.808  53.341 0.0000000000
88119  13.973  7.272  52.411 0.0000000000
83987  13.367  8.130  54.204 0.0000000000
51190  12.260  10.131  54.450 0.0000000000
77568  11.998  10.607  53.408 0.0000000000
52260  11.798  12.071  52.275 0.0000000000
52874  12.258  13.533  49.774 0.0000000000
88591  12.694  15.684  47.887 0.0000000000
53939  14.201  15.456  48.290 0.0000000000
53943  13.516  15.973  47.942 0.0000000000
87485  12.543  17.875  47.112 0.0000000000
56076  12.452  20.323  46.737 0.0000000000
81908  12.243  21.831  47.112 0.0000000000
76755  32.438  -3.456  37.868 0.0000000000
44788  31.663  -1.005  45.968 0.0000000000
75722  31.297  -1.907  46.036 0.0000000000
50064  23.341  8.722  32.710 0.0000000000
91010  24.330  7.977  33.483 0.0000000000
49488  24.846  7.685  33.954 0.0000000000
90974  24.610  5.564  31.811 0.0000000000
48939  25.005  6.455  33.110 0.0000000000
46110  26.726  1.103  33.106 0.0000000000
82268  26.842  2.876  31.628 0.0000000000
47266  27.303  3.577  31.490 0.0000000000
46691  28.565  2.945  31.737 0.0000000000
47866  27.884  4.268  31.342 0.0000000000
81076  27.369  5.058  31.337 0.0000000000
49531  27.796  7.226  31.980 0.0000000000
49498  28.238  7.843  33.586 0.0000000000
49511  31.712  8.028  32.247 0.0000000000
50003  35.740  8.430  36.781 0.0000000000
49468  36.662  7.906  35.249 0.0000000000
48925  36.783  6.932  33.960 0.0000000000
48389  35.471  5.797  32.938 0.0000000000
48935  36.307  6.212  33.473 0.0000000000
48934  37.261  6.228  33.811 0.0000000000
48379  37.621  5.414  33.870 0.0000000000
47233  37.534  3.804  33.931 0.0000000000
84757  37.457  2.966  34.182 0.0000000000
46095  32.938  1.824  34.605 0.0000000000
86512  33.723  1.731  34.292 0.0000000000
46657  34.667  1.875  34.138 0.0000000000
44892  34.303  -0.006  35.140 0.0000000000
45523  34.793  0.566  34.764 0.0000000000
46656  35.578  1.844  34.162 0.0000000000
46655  36.432  1.979  34.277 0.0000000000
46654  37.286  2.026  34.524 0.0000000000
46090  38.034  1.026  35.045 0.0000000000
45520  38.142  0.102  35.039 0.0000000000
44889  38.533  -0.635  34.449 0.0000000000
44278  38.300  -1.271  34.107 0.0000000000
44282  37.889  -1.737  33.850 0.0000000000
59354  12.650  27.458  44.642 0.0000000000
89474  13.027  27.862  43.044 0.0000000000
60388  14.013  29.536  41.076 0.0000000000
59888  14.723  29.420  39.707 0.0000000000
61312  14.505  31.034  40.101 0.0000000000
45389  5.862  0.409  49.233 0.0000000000
45381  4.510  0.494  49.407 0.0000000000
46006  4.641  2.154  48.341 0.0000000000
46607  5.900  2.683  43.857 0.0000000000
46029  4.764  1.323  44.602 0.0000000000
45417  4.589  -0.131  44.596 0.0000000000
51839  7.870  11.536  36.016 0.0000000000
52396  9.411  12.088  35.720 0.0000000000
79560  10.153  12.142  35.461 0.0000000000
53491  11.312  14.484  37.498 0.0000000000
52973  11.381  13.232  36.497 0.0000000000
52395  10.754  12.170  35.017 0.0000000000
52406  11.511  12.012  34.723 0.0000000000
52412  12.820  11.952  33.825 0.0000000000
56139  8.321  20.141  36.598 0.0000000000
55724  11.536  19.449  35.975 0.0000000000
92523  12.763  18.394  35.597 0.0000000000
55741  13.146  18.798  34.278 0.0000000000
54891  13.400  17.223  35.170 0.0000000000
52380  38.242  12.229  35.450 0.0000000000
52407  41.200  12.946  34.665 0.0000000000
53640  55.255  15.471  18.256 0.0000000000
52505  54.796  12.865  17.639 0.0000000000
77660  48.272  8.375  28.211 0.0000000000
92082  49.517  8.546  27.000 0.0000000000
50160  49.428  8.707  26.290 0.0000000000
49545  51.633  7.360  27.441 0.0000000000
50134  51.823  8.003  26.979 0.0000000000
50159  50.961  8.873  26.623 0.0000000000
81383  51.121  9.429  26.116 0.0000000000
51382  51.428  10.734  25.387 0.0000000000
89131  51.726  11.521  25.244 0.0000000000
50179  49.532  8.032  24.439 0.0000000000
49564  51.700  7.870  24.735 0.0000000000
50190  52.968  8.610  24.569 0.0000000000
51381  53.248  10.221  24.518 0.0000000000
52452  53.179  12.146  24.347 0.0000000000
88983  53.508  12.579  23.617 0.0000000000
83321  53.584  12.996  22.989 0.0000000000
86588  53.402  13.127  21.388 0.0000000000
51955  53.471  11.278  20.510 0.0000000000
52480  53.532  12.382  20.470 0.0000000000
52485  53.941  12.480  19.059 0.0000000000
52492  54.334  12.118  18.422 0.0000000000
52516  55.215  12.039  16.965 0.0000000000
41761  20.518  -5.241  46.370 0.0000000000
41769  19.977  -4.891  45.715 0.0000000000
42346  19.887  -4.860  44.956 0.0000000000
58445  10.794  25.779  47.116 0.0000000000
90349  11.363  26.843  46.219 0.0000000000
58884  11.553  26.334  46.696 0.0000000000
57985  9.858  24.880  47.252 0.0000000000
49929  21.026  8.736  47.889 0.0000000000
45418  32.988  0.578  44.362 0.0000000000
45419  32.039  0.753  44.754 0.0000000000
91497  32.440  0.789  43.479 0.0000000000
78498  33.556  0.850  43.159 0.0000000000
44756  7.025  -0.672  49.168 0.0000000000
50659  6.664  9.887  36.891 0.0000000000
50672  6.924  9.151  36.720 0.0000000000
50671  7.721  9.278  36.292 0.0000000000
50087  45.873  8.257  29.382 0.0000000000
50103  45.585  8.348  28.284 0.0000000000
52531  55.796  12.549  15.457 0.0000000000
51997  55.776  11.930  16.088 0.0000000000
92894  20.110  2.546  45.086 0.0000000000
46642  18.902  2.221  36.703 0.0000000000
46075  19.048  1.383  36.385 0.0000000000
46008  19.182  0.900  46.535 0.0000000000
40408  20.874  -6.528  53.826 0.0000000000
77104  20.745  -6.587  54.644 0.0000000000
41065  20.414  -6.781  55.406 0.0000000000
38770  26.766  -9.437  51.646 0.0000000000
39618  27.232  -8.609  51.170 0.0000000000
44224  25.190  -1.298  42.928 0.0000000000
61731  8.181  32.676  41.263 0.0000000000
62139  8.380  33.231  41.046 0.0000000000
61730  8.469  33.137  41.769 0.0000000000
64015  14.578  38.259  39.395 0.0000000000
51195  11.664  9.715  51.954 0.0000000000
51198  12.098  10.006  50.100 0.0000000000
53957  11.326  15.344  43.017 0.0000000000
53438  10.134  14.562  43.528 0.0000000000
53960  10.610  15.020  42.918 0.0000000000
53443  9.674  14.869  42.943 0.0000000000
53959  10.930  15.786  42.341 0.0000000000
54401  12.096  16.739  42.060 0.0000000000
60862  8.098  30.943  41.857 0.0000000000
61315  8.361  31.461  41.077 0.0000000000
47225  38.753  3.188  35.341 0.0000000000
48377  44.344  6.145  33.200 0.0000000000
48385  44.095  6.092  32.009 0.0000000000
42274  12.104  -3.672  55.125 0.0000000000
43540  16.721  -1.709  51.532 0.0000000000
47174  15.484  3.468  45.017 0.0000000000
47786  15.011  4.037  44.867 0.0000000000
47779  15.412  4.770  45.044 0.0000000000
91253  34.540  -4.213  38.020 0.0000000000
45546  25.103  0.755  32.934 0.0000000000
45537  25.610  0.682  33.717 0.0000000000
46660  31.675  2.483  34.302 0.0000000000
47255  32.181  3.914  32.624 0.0000000000
46659  32.532  2.377  34.207 0.0000000000
47788  9.059  5.084  44.225 0.0000000000
47790  7.790  4.390  44.883 0.0000000000
47789  8.508  4.428  44.090 0.0000000000
56123  8.016  20.510  37.678 0.0000000000
55726  9.134  19.725  37.646 0.0000000000
52376  42.187  14.044  36.136 0.0000000000
53058  51.312  14.228  25.113 0.0000000000
44190  17.708  -1.828  45.779 0.0000000000
44791  17.759  -0.950  45.300 0.0000000000
43605  19.197  -2.586  41.989 0.0000000000
87728  18.800  -2.084  41.727 0.0000000000
77620  19.592  -6.236  50.910 0.0000000000
42933  17.791  -3.360  46.335 0.0000000000
44189  18.166  -1.957  46.564 0.0000000000
89659  20.334  -6.853  50.245 0.0000000000
40432  21.004  -7.068  50.386 0.0000000000
76192  22.901  -3.984  45.361 0.0000000000
40440  24.481  -6.378  50.088 0.0000000000
42942  21.711  -3.694  44.311 0.0000000000
42956  22.071  -3.627  42.896 0.0000000000
60362  8.911  28.907  44.925 0.0000000000
60360  9.847  29.931  46.156 0.0000000000
90889  13.506  30.967  42.499 0.0000000000
61298  13.437  31.606  42.918 0.0000000000
61729  14.019  32.187  42.368 0.0000000000
61728  14.303  32.746  41.765 0.0000000000
61305  14.264  31.880  41.410 0.0000000000
53425  12.331  15.108  48.070 0.0000000000
53944  11.870  15.743  47.558 0.0000000000
55667  10.884  19.411  45.800 0.0000000000
56081  10.676  20.104  45.350 0.0000000000
55263  11.244  18.794  45.206 0.0000000000
56511  10.318  20.841  44.959 0.0000000000
76619  10.950  20.653  44.276 0.0000000000
59852  8.262  28.358  44.329 0.0000000000
40389  12.903  -6.849  56.943 0.0000000000
78589  12.678  -5.920  56.766 0.0000000000
47137  18.499  4.024  50.125 0.0000000000
76328  18.589  5.994  48.641 0.0000000000
43598  31.188  -2.139  42.968 0.0000000000
45485  27.948  0.115  38.593 0.0000000000
78013  28.019  0.250  37.954 0.0000000000
89445  31.267  1.618  38.403 0.0000000000
46060  31.914  2.485  38.570 0.0000000000
46059  32.549  2.541  38.392 0.0000000000
44235  36.700  -2.149  41.180 0.0000000000
44236  36.522  -2.724  40.551 0.0000000000
49424  9.824  7.212  40.036 0.0000000000
83891  9.180  6.709  39.857 0.0000000000
87316  7.224  3.166  38.873 0.0000000000
46626  7.638  2.533  39.185 0.0000000000
46056  8.070  1.941  39.708 0.0000000000
46625  8.679  2.238  39.162 0.0000000000
51326  10.737  10.224  33.986 0.0000000000
88309  10.564  10.819  34.374 0.0000000000
59422  7.299  28.278  34.542 0.0000000000
50788  49.859  9.281  25.795 0.0000000000
76506  22.394  5.475  46.296 0.0000000000
48860  20.627  6.404  45.900 0.0000000000
82251  20.690  5.256  42.645 0.0000000000
48319  20.264  5.919  42.711 0.0000000000
48324  19.651  6.150  42.243 0.0000000000
47810  18.728  4.351  38.267 0.0000000000
83442  18.738  5.584  38.722 0.0000000000
48893  18.514  6.698  37.531 0.0000000000
48940  19.771  6.546  33.411 0.0000000000
48955  19.796  5.716  33.059 0.0000000000
39593  17.238  -8.861  55.373 0.0000000000
42285  18.361  -3.644  55.212 0.0000000000
41702  17.998  -4.486  54.594 0.0000000000
42889  18.183  -2.958  55.041 0.0000000000
42896  18.029  -2.974  54.162 0.0000000000
43539  19.118  -2.674  50.754 0.0000000000
44745  19.388  -0.312  51.369 0.0000000000
45373  19.665  1.002  51.012 0.0000000000
75739  22.302  4.570  46.221 0.0000000000
86361  20.440  -11.328  56.303 0.0000000000
38748  17.645  -8.928  56.235 0.0000000000
76397  27.964  0.281  44.126 0.0000000000
75697  27.812  -1.729  49.046 0.0000000000
42327  24.603  -3.949  48.390 0.0000000000
76241  25.110  -3.332  48.103 0.0000000000
48954  20.225  6.333  32.693 0.0000000000
45530  21.217  0.161  33.982 0.0000000000
44901  22.058  -0.086  33.763 0.0000000000
43645  21.258  -2.299  38.934 0.0000000000
44247  24.442  -1.077  38.797 0.0000000000
44816  27.532  0.280  42.723 0.0000000000
45432  28.088  0.605  43.129 0.0000000000
64519  10.685  38.363  40.438 0.0000000000
62996  11.788  36.098  44.094 0.0000000000
63488  10.670  36.746  43.698 0.0000000000
63487  11.984  36.938  43.685 0.0000000000
87686  10.771  4.235  48.319 0.0000000000
49937  12.114  8.792  47.124 0.0000000000
49399  11.219  7.698  46.872 0.0000000000
49938  11.675  8.507  46.325 0.0000000000
52280  7.373  12.408  49.566 0.0000000000
52887  7.245  12.851  49.087 0.0000000000
77016  7.142  11.415  45.304 0.0000000000
51773  7.916  11.372  44.467 0.0000000000
51781  9.155  11.311  43.764 0.0000000000
51241  10.021  10.860  42.672 0.0000000000
51782  7.863  11.365  43.879 0.0000000000
53457  5.750  14.900  40.900 0.0000000000
52927  5.853  13.873  40.729 0.0000000000
52936  5.542  13.751  39.700 0.0000000000
53468  5.773  15.107  39.634 0.0000000000
53985  5.638  16.122  39.992 0.0000000000
55285  11.400  19.073  39.673 0.0000000000
55286  10.326  18.711  39.494 0.0000000000
55692  11.159  19.744  39.153 0.0000000000
56102  12.334  20.135  39.223 0.0000000000
59399  12.152  27.118  38.757 0.0000000000
58954  12.415  26.469  38.546 0.0000000000
58956  12.367  26.321  37.719 0.0000000000
81244  12.149  27.038  37.442 0.0000000000
59412  11.693  27.348  36.852 0.0000000000
59409  11.845  27.669  37.626 0.0000000000
61757  10.584  32.263  37.745 0.0000000000
49467  37.433  7.252  35.628 0.0000000000
49449  40.179  7.341  36.952 0.0000000000
49448  40.881  7.036  36.687 0.0000000000
50012  44.527  8.441  35.615 0.0000000000
50011  45.388  8.633  35.336 0.0000000000
79270  45.067  5.593  29.398 0.0000000000
48438  45.500  5.384  28.560 0.0000000000
89660  17.809  8.484  44.560 0.0000000000
40411  15.704  -7.159  53.692 0.0000000000
41723  13.609  -5.327  51.434 0.0000000000
41734  13.256  -5.094  50.705 0.0000000000
45387  15.573  -0.021  48.337 0.0000000000
43553  13.359  -2.550  48.088 0.0000000000
43554  12.620  -2.329  48.286 0.0000000000
42926  12.253  -3.017  48.810 0.0000000000
43548  11.468  -2.534  49.216 0.0000000000
44792  11.008  -0.027  45.446 0.0000000000
45402  10.085  0.017  45.844 0.0000000000
45415  10.405  0.832  45.542 0.0000000000
46020  10.729  1.608  45.313 0.0000000000
90318  13.399  6.209  48.737 0.0000000000
49380  13.314  6.008  49.846 0.0000000000
49372  12.952  5.745  51.229 0.0000000000
49368  13.497  6.357  51.819 0.0000000000
50560  17.415  9.267  50.333 0.0000000000
51727  14.107  11.821  52.036 0.0000000000
52274  13.828  12.894  50.360 0.0000000000
52872  14.350  13.547  49.653 0.0000000000
48416  22.579  5.047  31.618 0.0000000000
48971  23.019  5.752  31.781 0.0000000000
47868  26.005  4.320  31.353 0.0000000000
48948  26.352  6.350  32.070 0.0000000000
46108  28.455  1.278  33.217 0.0000000000
49529  29.536  7.367  31.767 0.0000000000
49513  30.005  7.905  32.155 0.0000000000
49528  30.440  7.364  31.765 0.0000000000
82819  33.785  7.212  32.289 0.0000000000
49509  33.582  7.847  32.562 0.0000000000
49497  33.936  8.123  33.276 0.0000000000
49483  34.640  7.791  33.703 0.0000000000
47242  35.238  3.234  33.422 0.0000000000
47241  36.077  3.408  33.520 0.0000000000
44890  36.617  -0.187  35.006 0.0000000000
47145  5.710  3.315  48.422 0.0000000000
46041  4.496  2.431  41.852 0.0000000000
85530  4.402  1.490  42.376 0.0000000000
45449  4.629  0.291  42.462 0.0000000000
53477  10.023  14.887  38.306 0.0000000000
54019  12.698  15.565  36.525 0.0000000000
54030  13.216  15.947  35.849 0.0000000000
51281  37.748  10.351  36.492 0.0000000000
51297  38.046  10.645  35.797 0.0000000000
53627  53.418  15.523  20.826 0.0000000000
81127  53.543  14.659  20.326 0.0000000000
48978  50.552  7.000  29.120 0.0000000000
89149  50.831  7.479  28.711 0.0000000000
48986  50.953  6.864  28.414 0.0000000000
49561  51.921  7.054  25.960 0.0000000000
49560  52.186  7.732  25.569 0.0000000000
50820  50.766  9.448  22.491 0.0000000000
50818  52.611  9.745  22.121 0.0000000000
51400  53.258  10.055  22.414 0.0000000000
42340  17.899  -4.096  46.150 0.0000000000
42943  17.812  -3.258  44.900 0.0000000000
42935  18.063  -4.168  45.274 0.0000000000
42362  18.815  -4.431  44.344 0.0000000000
41125  19.575  -6.365  48.408 0.0000000000
41763  18.974  -4.938  46.518 0.0000000000
41123  21.729  -6.707  48.301 0.0000000000
41124  20.270  -6.790  48.101 0.0000000000
40465  20.994  -7.060  47.972 0.0000000000
41139  21.849  -5.836  46.944 0.0000000000
42345  20.576  -4.483  45.229 0.0000000000
42351  21.087  -4.034  44.687 0.0000000000
59349  9.919  27.481  46.072 0.0000000000
76372  11.653  27.893  44.804 0.0000000000
90870  11.601  28.359  44.394 0.0000000000
59857  11.928  28.691  43.753 0.0000000000
83752  12.196  29.178  43.189 0.0000000000
55664  11.771  19.436  46.580 0.0000000000
56505  9.745  21.104  47.048 0.0000000000
56506  8.970  21.414  47.064 0.0000000000
56509  9.233  21.052  46.542 0.0000000000
56976  8.663  21.961  47.092 0.0000000000
57489  8.261  22.434  46.677 0.0000000000
57486  8.375  23.378  46.960 0.0000000000
58895  9.216  26.790  45.808 0.0000000000
44288  36.957  -1.676  32.894 0.0000000000
39582  13.231  -8.324  59.207 0.0000000000
75748  21.218  6.073  48.658 0.0000000000
89465  20.366  7.316  48.954 0.0000000000
49376  20.587  8.075  49.110 0.0000000000
44204  35.707  -1.308  42.848 0.0000000000
43594  35.510  -2.358  42.784 0.0000000000
44205  34.958  -1.249  43.402 0.0000000000
44198  33.109  -1.371  44.861 0.0000000000
84929  33.667  -2.122  44.238 0.0000000000
44208  32.329  -2.379  44.724 0.0000000000
45456  29.554  0.802  41.411 0.0000000000
45468  32.023  1.112  40.752 0.0000000000
45467  33.296  0.659  40.973 0.0000000000
45453  33.633  0.776  42.047 0.0000000000
45426  34.328  0.669  43.106 0.0000000000
44802  35.248  -0.146  42.901 0.0000000000
45437  35.644  0.067  42.172 0.0000000000
44147  5.362  0.496  53.367 0.0000000000
79869  4.561  1.209  52.705 0.0000000000
44749  5.539  -0.306  50.505 0.0000000000
49435  7.353  8.015  38.467 0.0000000000
49437  6.712  7.154  37.863 0.0000000000
48896  6.666  6.430  37.945 0.0000000000
47812  6.952  5.083  38.258 0.0000000000
48352  6.939  5.756  37.843 0.0000000000
47818  7.852  5.100  37.812 0.0000000000
49459  8.266  7.464  36.548 0.0000000000
48907  9.066  6.196  36.243 0.0000000000
48920  9.556  6.532  35.639 0.0000000000
50026  9.002  8.661  35.506 0.0000000000
84703  9.371  10.951  35.350 0.0000000000
52547  56.207  12.357  14.410 0.0000000000
82873  20.373  2.932  44.440 0.0000000000
47173  21.096  3.737  44.344 0.0000000000
46061  18.401  1.595  39.162 0.0000000000
46634  18.710  2.411  37.521 0.0000000000
46631  18.641  2.598  38.204 0.0000000000
47208  18.721  3.103  37.871 0.0000000000
47200  18.785  3.622  38.440 0.0000000000
47234  19.192  3.354  35.253 0.0000000000
47226  18.935  3.563  36.159 0.0000000000
47248  19.473  3.567  34.265 0.0000000000
42279  18.788  -4.060  55.295 0.0000000000
88672  18.580  -1.051  48.787 0.0000000000
45384  19.350  0.121  48.904 0.0000000000
83454  20.470  1.120  49.038 0.0000000000
80265  20.129  1.395  48.183 0.0000000000
40391  19.799  -7.065  55.793 0.0000000000
91180  18.601  -8.158  56.283 0.0000000000
44210  26.158  -0.126  44.343 0.0000000000
41102  25.761  -5.560  51.133 0.0000000000
39629  27.948  -8.018  49.964 0.0000000000
45516  19.669  0.488  35.362 0.0000000000
45532  19.835  0.851  34.767 0.0000000000
45531  20.466  0.460  34.327 0.0000000000
43626  23.176  -2.431  40.913 0.0000000000
43637  23.177  -2.359  40.052 0.0000000000
62144  10.162  33.986  40.361 0.0000000000
87647  9.788  34.867  41.344 0.0000000000
63008  10.665  35.544  40.611 0.0000000000
63498  10.380  36.318  41.065 0.0000000000
63497  10.973  36.648  40.507 0.0000000000
63998  13.841  36.970  42.367 0.0000000000
64508  13.225  37.453  42.625 0.0000000000
64513  13.706  37.692  41.948 0.0000000000
65043  13.590  39.985  40.248 0.0000000000
49382  11.479  5.820  49.358 0.0000000000
49927  12.100  7.506  49.576 0.0000000000
92913  12.406  8.734  48.903 0.0000000000
50568  12.512  9.481  48.224 0.0000000000
50572  12.384  9.422  47.373 0.0000000000
53433  10.255  14.632  45.200 0.0000000000
52898  8.959  13.502  45.558 0.0000000000
52906  8.444  14.084  44.181 0.0000000000
82731  7.752  13.371  44.793 0.0000000000
52902  6.702  13.083  44.695 0.0000000000
52295  5.894  12.310  45.519 0.0000000000
52903  6.284  12.727  44.518 0.0000000000
52908  6.925  13.724  43.893 0.0000000000
53445  7.946  14.854  42.327 0.0000000000
53966  7.345  15.547  41.551 0.0000000000
54415  7.197  16.515  40.847 0.0000000000
54407  8.291  16.433  41.178 0.0000000000
54830  10.843  17.119  41.294 0.0000000000
54831  9.753  17.090  41.160 0.0000000000
54838  11.103  17.709  40.717 0.0000000000
55273  12.525  18.719  40.549 0.0000000000
58940  9.807  27.305  41.591 0.0000000000
58948  10.391  26.522  41.295 0.0000000000
59880  10.210  28.543  40.301 0.0000000000
82825  10.050  30.119  39.658 0.0000000000
61744  9.486  32.539  40.106 0.0000000000
61743  10.312  32.887  39.439 0.0000000000
92827  38.476  5.838  34.981 0.0000000000
48365  39.363  4.918  36.182 0.0000000000
48356  40.055  5.394  36.704 0.0000000000
47828  43.053  4.079  35.827 0.0000000000
89484  43.306  5.009  35.170 0.0000000000
48369  45.190  5.610  34.905 0.0000000000
48362  45.592  5.650  35.253 0.0000000000
48922  45.998  5.956  34.712 0.0000000000
48932  46.378  6.161  33.502 0.0000000000
48943  46.810  6.404  32.808 0.0000000000
88445  47.214  6.579  32.156 0.0000000000
48402  44.118  5.918  31.047 0.0000000000
91182  45.006  5.887  30.015 0.0000000000
49959  17.231  8.968  41.876 0.0000000000
50592  16.850  9.644  42.039 0.0000000000
51798  15.978  11.109  40.705 0.0000000000
42876  10.765  -2.225  57.001 0.0000000000
43510  10.636  -1.586  56.139 0.0000000000
43519  10.846  -1.840  53.949 0.0000000000
87800  10.055  -1.436  53.361 0.0000000000
41095  15.869  -5.879  51.932 0.0000000000
42908  16.547  -3.314  50.949 0.0000000000
45397  16.002  1.023  46.963 0.0000000000
46010  15.984  1.324  46.132 0.0000000000
45399  14.602  0.498  46.142 0.0000000000
45400  13.670  0.317  45.873 0.0000000000
44780  13.101  -0.317  46.330 0.0000000000
46026  13.419  1.319  44.646 0.0000000000
46027  12.759  1.595  44.480 0.0000000000
45423  12.200  0.985  44.611 0.0000000000
46606  12.586  2.385  44.490 0.0000000000
47177  12.891  3.078  44.478 0.0000000000
48301  14.312  5.932  46.034 0.0000000000
48846  13.970  6.609  47.591 0.0000000000
49398  14.733  7.039  47.357 0.0000000000
88408  15.587  15.493  49.086 0.0000000000
46696  23.718  2.413  31.469 0.0000000000
86314  23.748  3.063  31.248 0.0000000000
46694  25.864  2.737  31.477 0.0000000000
47268  25.383  3.628  31.248 0.0000000000
46662  30.256  2.035  34.232 0.0000000000
46675  29.890  2.146  33.610 0.0000000000
47256  31.208  3.648  32.589 0.0000000000
47863  30.429  4.454  31.685 0.0000000000
47862  31.711  5.089  31.821 0.0000000000
48407  32.350  5.461  31.834 0.0000000000
48391  33.780  5.431  32.162 0.0000000000
47851  33.660  4.528  32.463 0.0000000000
47244  33.499  3.168  33.250 0.0000000000
47243  34.377  3.153  33.342 0.0000000000
76802  35.697  -4.972  36.172 0.0000000000
48315  7.561  5.360  46.708 0.0000000000
47776  6.223  4.328  46.825 0.0000000000
47785  6.771  4.516  46.102 0.0000000000
47171  6.370  3.680  45.828 0.0000000000
46602  5.525  2.200  45.461 0.0000000000
46022  5.316  1.678  45.988 0.0000000000
90023  7.012  -0.074  41.962 0.0000000000
44824  7.114  -0.260  42.690 0.0000000000
78887  10.691  17.896  38.021 0.0000000000
55725  9.889  19.488  37.108 0.0000000000
55302  11.180  18.249  37.383 0.0000000000
90362  11.606  18.716  36.604 0.0000000000
87214  39.408  10.864  35.503 0.0000000000
52378  40.982  13.272  35.250 0.0000000000
52978  40.902  13.850  35.290 0.0000000000
84587  48.761  12.685  23.417 0.0000000000
53598  52.763  15.381  24.119 0.0000000000
54097  52.302  15.830  23.507 0.0000000000
53609  53.431  15.112  22.852 0.0000000000
53073  53.503  14.052  22.987 0.0000000000
48460  48.700  6.088  27.225 0.0000000000
49012  47.893  6.368  25.569 0.0000000000
49006  49.415  6.314  26.752 0.0000000000
49011  48.950  6.710  25.953 0.0000000000
44799  17.876  -0.611  44.580 0.0000000000
44798  18.098  -0.065  44.114 0.0000000000
44808  18.299  -0.348  43.264 0.0000000000
44233  18.575  -1.336  41.942 0.0000000000
44830  18.545  -0.264  41.750 0.0000000000
44850  18.145  -0.892  39.347 0.0000000000
45486  18.484  0.037  38.171 0.0000000000
44858  18.488  -0.720  38.524 0.0000000000
88497  20.280  -6.805  52.932 0.0000000000
41087  19.837  -6.202  52.598 0.0000000000
42322  18.188  -4.277  49.803 0.0000000000
42923  18.251  -3.559  48.572 0.0000000000
42914  18.138  -3.510  49.449 0.0000000000
76922  18.222  -2.269  49.061 0.0000000000
90085  18.722  0.170  46.375 0.0000000000
39619  25.414  -8.096  52.184 0.0000000000
40419  23.920  -7.762  51.441 0.0000000000
39621  23.501  -8.176  52.026 0.0000000000
79968  22.063  -7.147  50.085 0.0000000000
39622  22.649  -8.287  51.873 0.0000000000
39623  21.787  -8.181  51.943 0.0000000000
91741  20.514  -7.288  52.372 0.0000000000
76126  23.928  -2.836  44.435 0.0000000000
41759  22.299  -5.122  46.499 0.0000000000
41740  24.696  -5.088  49.245 0.0000000000
41744  24.298  -4.533  48.680 0.0000000000
41093  25.284  -6.562  51.390 0.0000000000
44261  18.980  -1.281  38.051 0.0000000000
43640  19.474  -2.480  39.508 0.0000000000
43639  20.365  -2.467  39.170 0.0000000000
42958  20.486  -3.710  42.389 0.0000000000
42970  21.860  -3.587  42.133 0.0000000000
43628  21.490  -2.586  40.479 0.0000000000
44213  23.801  -1.918  43.152 0.0000000000
84762  8.854  31.009  43.707 0.0000000000
61300  8.452  31.669  42.921 0.0000000000
61718  9.923  32.230  45.549 0.0000000000
62548  10.739  34.536  45.004 0.0000000000
62128  11.395  33.845  45.292 0.0000000000
60359  10.428  29.805  45.695 0.0000000000
60849  10.061  30.611  46.338 0.0000000000
87671  11.721  31.118  45.185 0.0000000000
61719  13.362  32.974  44.194 0.0000000000
61720  12.754  32.482  44.685 0.0000000000
81048  13.296  33.851  44.170 0.0000000000
62546  12.817  34.581  44.290 0.0000000000
62551  13.404  34.798  43.805 0.0000000000
62550  13.845  35.190  43.355 0.0000000000
84469  14.541  33.902  41.075 0.0000000000
88785  14.451  35.270  41.853 0.0000000000
62561  14.652  34.883  40.792 0.0000000000
88143  14.983  35.361  40.030 0.0000000000
52268  10.611  12.761  52.309 0.0000000000
52269  9.536  12.354  53.217 0.0000000000
53421  9.899  14.534  49.030 0.0000000000
55259  11.346  18.641  46.440 0.0000000000
90845  11.330  16.960  46.585 0.0000000000
54392  10.832  16.193  46.088 0.0000000000
91029  10.498  15.235  46.737 0.0000000000
53951  10.595  15.417  45.608 0.0000000000
80022  11.628  18.022  44.372 0.0000000000
54394  11.304  16.543  44.609 0.0000000000
54824  11.627  17.071  43.984 0.0000000000
54399  11.586  16.144  43.459 0.0000000000
90454  12.065  17.432  43.402 0.0000000000
54823  12.236  18.102  43.222 0.0000000000
56086  11.487  20.825  43.331 0.0000000000
56987  10.803  22.186  43.484 0.0000000000
57501  10.673  23.056  43.155 0.0000000000
57493  8.063  23.455  45.234 0.0000000000
58458  8.168  25.312  44.277 0.0000000000
77634  8.965  25.266  43.448 0.0000000000
91491  8.770  26.488  42.820 0.0000000000
58922  8.102  26.953  43.164 0.0000000000
60368  8.410  29.116  43.957 0.0000000000
81682  7.991  30.115  42.431 0.0000000000
92055  38.738  0.428  35.171 0.0000000000
45508  39.489  0.368  35.289 0.0000000000
46089  40.475  0.270  35.367 0.0000000000
46088  41.352  0.425  35.631 0.0000000000
91835  41.733  0.700  35.929 0.0000000000
87789  41.961  3.024  34.891 0.0000000000
47849  40.428  4.043  32.558 0.0000000000
47840  41.096  4.000  33.279 0.0000000000
47848  41.170  4.607  32.328 0.0000000000
41689  12.447  -4.935  56.523 0.0000000000
42273  12.448  -4.592  54.893 0.0000000000
45374  16.946  1.443  51.270 0.0000000000
84221  16.941  1.918  50.030 0.0000000000
45993  17.183  1.848  49.191 0.0000000000
47147  18.462  3.968  48.491 0.0000000000
46584  17.519  2.636  48.014 0.0000000000
46590  17.150  3.041  47.199 0.0000000000
91725  17.536  3.674  47.105 0.0000000000
90963  17.501  4.399  46.707 0.0000000000
48308  16.998  5.026  45.959 0.0000000000
48862  16.468  6.316  46.084 0.0000000000
48854  17.144  6.398  46.854 0.0000000000
49385  17.987  7.792  49.021 0.0000000000
49924  17.563  8.286  49.176 0.0000000000
49922  20.948  9.415  49.931 0.0000000000
51193  18.722  10.705  51.527 0.0000000000
43623  34.554  -3.040  40.991 0.0000000000
42975  32.291  -3.338  40.183 0.0000000000
43608  34.806  -2.874  42.126 0.0000000000
84010  26.508  0.239  34.979 0.0000000000
77654  28.458  0.485  37.253 0.0000000000
45483  29.852  0.453  39.006 0.0000000000
78753  29.969  0.397  38.271 0.0000000000
92357  30.167  0.720  37.048 0.0000000000
45510  29.330  0.837  35.834 0.0000000000
46074  30.153  1.240  35.544 0.0000000000
46073  30.957  1.459  36.080 0.0000000000
46085  31.731  2.097  35.899 0.0000000000
46084  32.380  2.186  35.741 0.0000000000
46058  33.100  2.288  38.427 0.0000000000
46064  33.203  2.415  37.663 0.0000000000
45489  33.489  1.326  37.101 0.0000000000
85924  33.857  0.648  40.497 0.0000000000
91547  34.386  -0.934  38.702 0.0000000000
43634  35.912  -3.144  39.889 0.0000000000
43643  35.387  -3.423  38.559 0.0000000000
48325  10.183  5.926  42.177 0.0000000000
47794  9.063  4.679  42.606 0.0000000000
90662  9.428  5.290  42.053 0.0000000000
47804  7.020  5.099  40.817 0.0000000000
47800  7.598  4.674  41.546 0.0000000000
47801  6.525  4.564  41.274 0.0000000000
47192  5.290  3.765  41.344 0.0000000000
47802  5.834  4.292  41.031 0.0000000000
48338  6.753  5.909  39.527 0.0000000000
48339  6.454  5.384  39.323 0.0000000000
46628  5.684  3.121  40.071 0.0000000000
46624  5.250  2.748  40.614 0.0000000000
46623  5.884  2.288  40.379 0.0000000000
46039  6.776  0.726  41.103 0.0000000000
88613  6.537  1.472  40.574 0.0000000000
46037  8.769  0.791  40.809 0.0000000000
45462  8.312  0.343  41.373 0.0000000000
45461  9.319  0.433  41.419 0.0000000000
44833  9.795  -0.075  41.975 0.0000000000
45460  10.275  0.362  41.195 0.0000000000
47211  8.719  4.303  37.630 0.0000000000
47201  8.976  2.874  38.310 0.0000000000
47210  9.193  3.392  37.720 0.0000000000
51324  12.069  10.581  32.971 0.0000000000
58031  8.981  24.395  35.520 0.0000000000
58032  7.597  24.248  35.620 0.0000000000
58496  6.982  25.836  34.499 0.0000000000
58036  6.742  24.456  34.902 0.0000000000
51862  43.092  14.034  35.486 0.0000000000
82352  49.609  10.807  24.884 0.0000000000
51927  50.064  11.520  24.984 0.0000000000
49401  21.038  7.047  46.442 0.0000000000
49404  18.468  8.215  44.806 0.0000000000
75750  21.287  4.651  44.734 0.0000000000
48872  19.391  6.672  43.521 0.0000000000
49410  18.577  7.281  43.645 0.0000000000
49414  18.324  7.192  42.897 0.0000000000
49418  18.735  7.069  41.737 0.0000000000
49419  18.284  7.671  41.508 0.0000000000
49422  18.296  7.761  40.615 0.0000000000
47186  19.946  3.578  42.163 0.0000000000
47803  19.861  4.375  40.349 0.0000000000
80002  19.851  4.964  40.999 0.0000000000
48327  19.556  5.811  40.853 0.0000000000
48878  19.385  5.934  40.163 0.0000000000
79496  18.458  6.768  39.375 0.0000000000
49433  18.172  7.259  39.369 0.0000000000
49434  17.760  7.736  39.008 0.0000000000
49984  17.872  7.883  38.211 0.0000000000
49457  18.537  7.252  36.864 0.0000000000
78771  18.346  8.009  36.985 0.0000000000
50008  18.413  8.603  36.426 0.0000000000
81529  18.778  4.913  36.366 0.0000000000
48359  18.758  5.633  36.513 0.0000000000
49489  19.381  7.520  34.764 0.0000000000
50024  19.237  8.156  35.107 0.0000000000
90301  19.683  9.001  34.235 0.0000000000
50052  20.535  8.412  32.937 0.0000000000
85658  20.449  9.006  33.246 0.0000000000
50722  21.123  9.020  32.806 0.0000000000
39603  16.680  -8.334  54.841 0.0000000000
40401  16.188  -7.711  54.351 0.0000000000
40400  17.554  -7.446  54.723 0.0000000000
41703  17.768  -5.366  53.769 0.0000000000
83391  17.127  -2.467  52.779 0.0000000000
89208  17.724  -1.818  53.217 0.0000000000
42292  19.717  -4.192  53.348 0.0000000000
42901  19.276  -3.259  52.312 0.0000000000
42894  19.618  -3.157  53.671 0.0000000000
86578  19.118  -1.510  52.421 0.0000000000
44142  18.750  -1.542  53.401 0.0000000000
44739  18.549  -0.383  52.377 0.0000000000
44733  18.458  -0.835  52.644 0.0000000000
44734  17.919  -0.711  52.666 0.0000000000
88298  19.316  1.761  51.123 0.0000000000
47133  19.975  3.178  50.260 0.0000000000
45991  20.928  1.848  48.611 0.0000000000
47138  22.127  3.380  47.796 0.0000000000
47139  21.615  3.180  48.682 0.0000000000
75741  21.687  4.033  48.718 0.0000000000
88583  21.586  4.849  48.747 0.0000000000
75744  22.381  6.444  46.845 0.0000000000
75743  22.523  6.067  47.472 0.0000000000
49383  21.657  7.734  47.583 0.0000000000
37110  23.969  -12.623  53.792 0.0000000000
37098  20.409  -12.651  55.291 0.0000000000
75435  18.516  -9.855  57.241 0.0000000000
76383  30.958  0.898  45.247 0.0000000000
78399  27.200  -0.256  45.169 0.0000000000
75890  29.051  -2.235  48.284 0.0000000000
87015  28.341  -1.598  48.699 0.0000000000
76138  24.512  -1.969  46.206 0.0000000000
87942  26.081  -2.530  48.564 0.0000000000
75694  26.292  -2.347  47.918 0.0000000000
50066  21.745  8.472  32.533 0.0000000000
48396  21.245  5.850  32.119 0.0000000000
48417  21.717  5.076  31.783 0.0000000000
47873  21.254  4.436  31.838 0.0000000000
46687  20.146  2.969  32.854 0.0000000000
46685  21.413  2.015  32.191 0.0000000000
46684  22.248  2.174  31.733 0.0000000000
82357  23.229  0.220  33.155 0.0000000000
45548  22.983  0.707  32.612 0.0000000000
44260  19.543  -1.704  37.539 0.0000000000
44267  20.514  -1.735  36.431 0.0000000000
44266  21.289  -1.716  36.156 0.0000000000
44275  21.203  -1.257  35.537 0.0000000000
44257  22.413  -1.381  37.334 0.0000000000
44875  22.757  -0.865  35.849 0.0000000000
44874  23.597  -0.514  36.234 0.0000000000
44882  25.192  -0.225  35.912 0.0000000000
84639  26.206  -0.387  37.801 0.0000000000
44855  26.628  -0.232  38.385 0.0000000000
44840  25.455  -0.421  40.763 0.0000000000
79143  25.937  -0.257  40.021 0.0000000000
44838  27.426  -0.367  40.784 0.0000000000
45470  28.918  0.348  40.953 0.0000000000
45431  28.981  0.501  43.058 0.0000000000
45443  29.257  0.636  42.255 0.0000000000
62132  8.733  33.972  43.455 0.0000000000
64002  9.861  37.265  43.138 0.0000000000
63493  9.310  36.823  42.673 0.0000000000
64004  9.528  38.137  42.232 0.0000000000
87847  9.775  37.927  41.639 0.0000000000
64515  12.568  38.980  42.000 0.0000000000
64510  11.877  38.619  42.814 0.0000000000
65036  12.121  39.725  41.911 0.0000000000
65553  9.924  40.711  41.140 0.0000000000
46004  8.205  1.859  47.209 0.0000000000
46586  7.851  2.691  47.756 0.0000000000
47143  8.015  4.171  49.649 0.0000000000
83598  7.124  4.457  49.905 0.0000000000
48849  10.974  6.288  48.598 0.0000000000
48299  7.974  6.094  48.713 0.0000000000
84998  8.550  6.302  48.081 0.0000000000
48305  8.127  5.823  47.421 0.0000000000
49406  11.102  7.173  45.236 0.0000000000
48870  9.925  6.122  45.243 0.0000000000
48318  9.389  5.594  44.701 0.0000000000
51737  8.714  11.799  51.384 0.0000000000
51743  9.949  11.603  48.769 0.0000000000
51751  9.961  11.427  47.749 0.0000000000
52286  7.116  11.983  47.397 0.0000000000
51759  7.323  11.874  46.802 0.0000000000
51764  9.829  11.469  45.340 0.0000000000
76380  9.476  11.452  46.166 0.0000000000
51211  10.487  11.119  45.932 0.0000000000
86535  11.543  10.148  45.134 0.0000000000
50593  11.524  9.485  43.087 0.0000000000
50584  11.909  9.494  43.880 0.0000000000
49948  11.751  8.755  43.404 0.0000000000
49413  11.190  7.332  43.267 0.0000000000
48875  10.676  6.679  42.749 0.0000000000
50604  10.586  9.652  41.735 0.0000000000
50615  10.525  9.183  41.087 0.0000000000
49965  10.274  8.629  40.476 0.0000000000
89032  7.068  12.268  42.620 0.0000000000
92329  7.777  11.674  42.590 0.0000000000
51802  7.595  11.945  42.009 0.0000000000
51807  8.238  11.157  40.494 0.0000000000
51255  8.818  10.405  40.121 0.0000000000
51262  7.927  10.642  39.661 0.0000000000
51263  7.062  10.739  39.176 0.0000000000
77831  5.555  11.904  38.732 0.0000000000
51823  5.893  11.239  38.182 0.0000000000
51279  6.224  10.738  37.700 0.0000000000
51831  6.131  11.397  37.411 0.0000000000
52361  6.114  12.182  37.281 0.0000000000
52962  5.894  12.961  37.848 0.0000000000
53480  6.775  14.716  38.735 0.0000000000
53479  7.959  14.777  38.589 0.0000000000
53993  8.378  15.613  39.092 0.0000000000
54414  8.185  16.778  40.496 0.0000000000
54851  8.881  17.187  40.134 0.0000000000
54423  9.089  17.142  39.780 0.0000000000
54863  9.709  17.516  39.343 0.0000000000
54862  10.141  17.819  38.748 0.0000000000
55703  10.649  20.191  38.658 0.0000000000
56121  9.888  20.115  38.232 0.0000000000
56560  10.542  21.517  37.241 0.0000000000
55672  12.470  19.579  42.144 0.0000000000
85278  12.501  18.746  41.823 0.0000000000
56089  12.554  20.484  41.690 0.0000000000
56533  12.972  21.706  40.665 0.0000000000
79166  12.969  20.907  40.972 0.0000000000
56532  13.282  20.858  40.230 0.0000000000
79020  13.323  21.645  39.781 0.0000000000
58018  11.769  25.085  40.610 0.0000000000
58020  13.175  24.051  39.223 0.0000000000
57529  13.368  23.377  38.857 0.0000000000
57019  13.244  22.602  38.631 0.0000000000
56546  12.773  21.816  38.404 0.0000000000
57530  13.036  23.433  38.047 0.0000000000
58028  11.796  24.917  36.308 0.0000000000
88246  11.963  23.267  36.760 0.0000000000
57537  11.829  23.974  36.317 0.0000000000
84174  11.263  23.124  36.249 0.0000000000
57542  11.020  23.754  35.664 0.0000000000
57543  9.885  23.671  35.690 0.0000000000
58487  11.283  25.241  35.630 0.0000000000
59415  10.845  27.029  35.346 0.0000000000
84219  10.450  27.762  35.204 0.0000000000
59919  9.556  28.243  34.749 0.0000000000
60406  10.728  29.826  38.292 0.0000000000
59906  10.968  28.941  37.293 0.0000000000
60412  10.714  29.725  37.499 0.0000000000
61342  10.100  31.178  36.714 0.0000000000
60415  9.519  30.383  35.652 0.0000000000
61343  9.638  31.274  36.022 0.0000000000
89946  37.179  8.364  39.025 0.0000000000
49991  37.021  8.075  38.094 0.0000000000
49440  38.214  7.811  37.756 0.0000000000
49990  37.923  8.323  38.549 0.0000000000
50645  38.641  8.916  38.554 0.0000000000
49988  39.016  8.466  37.740 0.0000000000
50000  39.697  7.985  37.157 0.0000000000
50679  39.561  9.193  35.884 0.0000000000
92860  41.350  8.468  35.563 0.0000000000
85681  40.816  9.152  35.555 0.0000000000
47821  41.657  4.330  37.521 0.0000000000
85696  40.922  3.762  36.619 0.0000000000
47819  44.269  3.654  37.458 0.0000000000
47204  43.983  3.109  38.151 0.0000000000
47814  44.192  3.926  38.076 0.0000000000
48911  43.303  6.686  37.358 0.0000000000
48890  43.170  5.866  38.895 0.0000000000
49464  42.234  7.250  35.711 0.0000000000
87260  43.934  9.614  35.621 0.0000000000
50675  43.117  10.681  36.019 0.0000000000
51842  44.004  12.248  35.990 0.0000000000
91023  44.431  11.287  35.579 0.0000000000
51305  45.574  11.339  34.380 0.0000000000
51314  45.696  11.493  33.411 0.0000000000
49533  49.653  7.617  30.453 0.0000000000
49537  50.058  7.278  29.784 0.0000000000
48973  49.391  6.693  30.227 0.0000000000
78506  47.248  6.505  31.427 0.0000000000
48426  48.722  6.026  29.208 0.0000000000
79200  47.368  5.642  28.006 0.0000000000
48451  45.856  5.221  27.766 0.0000000000
86011  46.205  5.162  26.943 0.0000000000
47858  42.121  5.183  31.142 0.0000000000
47875  42.257  5.156  30.336 0.0000000000
47881  43.190  5.126  29.375 0.0000000000
47893  42.486  4.749  28.732 0.0000000000
81423  42.916  4.472  28.019 0.0000000000
47906  43.610  4.586  27.649 0.0000000000
47917  43.843  4.328  26.726 0.0000000000
53682  54.413  14.352  15.114 0.0000000000
53651  55.885  15.450  16.738 0.0000000000
58443  12.957  25.746  47.485 0.0000000000
57982  13.236  25.102  48.014 0.0000000000
49935  19.085  8.670  46.455 0.0000000000
82992  18.461  9.681  46.732 0.0000000000
44128  9.406  -0.446  55.808 0.0000000000
79495  7.137  -0.465  55.720 0.0000000000
44134  6.073  0.268  55.342 0.0000000000
81814  6.454  -0.331  53.970 0.0000000000
44153  7.123  -0.730  51.751 0.0000000000
44747  7.846  -0.669  49.863 0.0000000000
38751  14.668  -8.811  55.922 0.0000000000
40403  14.521  -7.402  54.506 0.0000000000
40393  14.285  -7.676  55.062 0.0000000000
40394  13.809  -7.586  55.503 0.0000000000
41082  15.013  -6.947  52.984 0.0000000000
41090  14.559  -6.492  52.430 0.0000000000
41074  13.536  -6.477  54.788 0.0000000000
41705  13.389  -6.075  54.218 0.0000000000
41706  12.943  -5.469  53.574 0.0000000000
44165  16.535  -0.934  50.364 0.0000000000
44754  16.361  -0.518  49.805 0.0000000000
44173  15.269  -1.537  48.748 0.0000000000
43547  15.332  -2.222  49.230 0.0000000000
42916  14.888  -3.027  48.948 0.0000000000
44767  15.114  -0.761  47.480 0.0000000000
44181  14.618  -1.398  47.519 0.0000000000
42925  13.736  -3.233  48.430 0.0000000000
42331  13.726  -3.893  48.891 0.0000000000
42924  14.325  -3.603  48.838 0.0000000000
42324  13.179  -4.359  49.416 0.0000000000
42326  11.644  -3.972  50.033 0.0000000000
42316  11.541  -4.198  50.860 0.0000000000
42904  10.701  -3.061  51.212 0.0000000000
85028  10.505  -2.549  50.551 0.0000000000
44770  12.237  -0.669  46.654 0.0000000000
44191  10.442  -0.978  46.819 0.0000000000
76645  10.597  -1.087  48.353 0.0000000000
44176  9.813  -0.864  48.573 0.0000000000
44168  9.632  -0.896  49.473 0.0000000000
44784  9.070  -0.338  46.854 0.0000000000
44187  9.035  -0.932  47.828 0.0000000000
44773  8.565  -0.470  47.450 0.0000000000
45404  8.588  0.331  46.968 0.0000000000
46593  9.380  2.371  46.404 0.0000000000
47149  10.313  3.475  47.397 0.0000000000
47167  12.456  3.684  44.992 0.0000000000
47168  11.764  3.572  45.445 0.0000000000
48296  12.014  5.298  48.121 0.0000000000
49369  13.040  6.492  52.207 0.0000000000
49370  12.615  5.998  51.878 0.0000000000
49396  16.450  6.867  46.908 0.0000000000
48855  15.761  6.626  46.126 0.0000000000
80195  16.075  7.437  47.378 0.0000000000
80299  15.580  8.298  49.967 0.0000000000
89384  15.121  8.104  49.157 0.0000000000
89141  16.944  10.245  52.769 0.0000000000
51188  14.953  10.321  53.888 0.0000000000
89542  15.474  9.541  53.698 0.0000000000
50549  14.234  8.029  53.450 0.0000000000
92702  13.278  11.655  52.265 0.0000000000
52882  13.101  14.039  49.013 0.0000000000
84172  12.771  14.587  48.509 0.0000000000
53424  13.185  15.215  48.198 0.0000000000
53942  14.572  16.416  48.190 0.0000000000
55255  13.665  18.483  47.429 0.0000000000
54813  13.247  17.457  47.444 0.0000000000
87659  13.260  22.618  47.579 0.0000000000
57482  12.032  23.075  47.527 0.0000000000
76994  33.793  -3.617  38.873 0.0000000000
75729  30.695  0.785  45.810 0.0000000000
75721  31.456  0.056  45.988 0.0000000000
75709  30.904  -0.246  46.495 0.0000000000
75716  29.949  -1.731  47.246 0.0000000000
87532  30.875  -2.159  46.120 0.0000000000
43573  28.008  -2.470  45.345 0.0000000000
49518  22.284  7.870  32.379 0.0000000000
49517  23.097  7.967  32.482 0.0000000000
48951  23.534  6.454  32.180 0.0000000000
49502  23.828  7.828  32.939 0.0000000000
49501  24.598  7.179  33.405 0.0000000000
47870  23.948  4.673  31.428 0.0000000000
48414  24.753  4.992  31.507 0.0000000000
48949  25.467  6.087  32.393 0.0000000000
48394  24.562  6.064  32.289 0.0000000000
91900  26.780  6.918  32.909 0.0000000000
85457  27.562  7.325  34.304 0.0000000000
46683  27.699  2.081  32.100 0.0000000000
46118  27.155  1.677  32.458 0.0000000000
46693  27.201  2.292  31.929 0.0000000000
79272  29.703  2.738  32.355 0.0000000000
82297  29.086  2.462  32.128 0.0000000000
48411  28.666  5.452  31.298 0.0000000000
81357  28.117  5.064  31.289 0.0000000000
48412  27.861  5.866  31.377 0.0000000000
48968  28.186  6.702  31.622 0.0000000000
49514  28.768  8.016  32.687 0.0000000000
77357  27.925  7.576  32.620 0.0000000000
50033  30.323  8.919  33.782 0.0000000000
48964  31.878  6.703  31.696 0.0000000000
50045  32.489  9.064  33.898 0.0000000000
82516  32.050  8.983  33.365 0.0000000000
50694  32.165  9.385  34.706 0.0000000000
50681  34.105  9.132  36.309 0.0000000000
50019  35.344  8.537  35.796 0.0000000000
49482  35.419  7.679  34.085 0.0000000000
49481  36.290  7.613  34.351 0.0000000000
48937  34.901  6.541  32.794 0.0000000000
48381  36.156  5.488  33.299 0.0000000000
48380  36.853  5.523  33.511 0.0000000000
47841  37.109  4.598  33.600 0.0000000000
92529  32.608  1.978  35.162 0.0000000000
46094  34.259  1.133  34.501 0.0000000000
44881  33.915  -0.319  35.859 0.0000000000
46093  35.198  1.229  34.465 0.0000000000
46092  36.135  1.258  34.507 0.0000000000
46091  37.164  1.042  34.689 0.0000000000
43009  37.114  -4.285  35.450 0.0000000000
43666  37.586  -2.570  34.148 0.0000000000
44283  37.394  -2.114  33.460 0.0000000000
43673  36.708  -2.279  33.172 0.0000000000
58891  13.104  26.687  46.194 0.0000000000
58908  12.618  27.102  45.561 0.0000000000
58907  13.444  27.027  45.331 0.0000000000
76450  14.255  27.624  42.198 0.0000000000
59370  13.797  27.589  42.903 0.0000000000
59371  13.540  28.055  42.495 0.0000000000
59863  13.479  28.775  42.238 0.0000000000
59872  13.932  28.880  41.479 0.0000000000
60891  15.642  30.485  37.942 0.0000000000
60396  15.226  29.229  39.074 0.0000000000
60884  15.051  30.376  38.682 0.0000000000
60876  14.664  30.309  39.477 0.0000000000
61320  14.771  31.198  39.173 0.0000000000
45996  5.938  1.283  48.869 0.0000000000
45989  5.121  1.203  49.317 0.0000000000
45990  4.650  1.197  49.230 0.0000000000
45382  4.286  0.822  49.072 0.0000000000
46589  4.743  2.949  48.252 0.0000000000
44775  4.386  -0.094  48.042 0.0000000000
47188  7.689  3.858  42.849 0.0000000000
47184  7.432  3.584  43.547 0.0000000000
47185  6.602  3.218  43.624 0.0000000000
46030  3.928  0.818  43.925 0.0000000000
46032  4.406  1.703  43.682 0.0000000000
89942  4.177  0.475  44.399 0.0000000000
44813  5.268  -1.022  43.353 0.0000000000
44219  6.015  -1.070  43.734 0.0000000000
79568  7.818  12.316  36.283 0.0000000000
78768  8.894  12.587  36.146 0.0000000000
52371  9.875  12.560  36.103 0.0000000000
52972  12.175  13.639  36.235 0.0000000000
77951  11.300  12.510  35.201 0.0000000000
52394  11.996  12.674  35.110 0.0000000000
52393  12.934  12.789  35.108 0.0000000000
52404  13.195  12.586  34.372 0.0000000000
53015  13.713  13.181  33.875 0.0000000000
56573  6.745  22.026  36.513 0.0000000000
56572  7.075  21.275  36.902 0.0000000000
85428  7.683  20.719  36.207 0.0000000000
56147  10.830  20.391  34.914 0.0000000000
56137  11.411  19.897  35.339 0.0000000000
55723  12.295  18.932  35.841 0.0000000000
55734  12.140  19.547  35.243 0.0000000000
54910  14.162  17.939  33.722 0.0000000000
85623  13.603  18.203  34.224 0.0000000000
55322  13.220  18.127  34.958 0.0000000000
54899  13.772  17.512  34.455 0.0000000000
50630  37.565  9.221  39.660 0.0000000000
51266  36.969  10.125  39.163 0.0000000000
51850  36.693  11.675  35.906 0.0000000000
51833  36.607  11.353  36.755 0.0000000000
52382  36.616  12.418  35.718 0.0000000000
52980  39.129  13.137  35.369 0.0000000000
51877  41.495  12.602  34.472 0.0000000000
54579  52.221  17.195  20.982 0.0000000000
87773  53.521  16.845  19.703 0.0000000000
54600  53.003  17.383  20.082 0.0000000000
54140  55.177  17.635  18.412 0.0000000000
53118  54.894  14.178  17.884 0.0000000000
76887  48.654  8.798  29.203 0.0000000000
79578  49.235  8.681  28.434 0.0000000000
50115  50.156  8.580  27.997 0.0000000000
50135  50.721  8.555  27.146 0.0000000000
48993  51.075  6.431  27.468 0.0000000000
48985  51.371  6.848  27.811 0.0000000000
49003  51.565  6.839  27.261 0.0000000000
50786  52.904  9.111  25.691 0.0000000000
51374  52.248  9.808  25.475 0.0000000000
83387  52.442  10.541  25.148 0.0000000000
50809  50.434  8.913  23.288 0.0000000000
50192  51.103  8.295  23.991 0.0000000000
50191  52.117  8.266  24.240 0.0000000000
51393  53.301  9.650  23.817 0.0000000000
51924  53.403  11.127  24.204 0.0000000000
51935  53.638  11.522  23.594 0.0000000000
88669  53.823  11.960  22.954 0.0000000000
52466  53.471  12.449  22.191 0.0000000000
52473  53.492  11.942  21.321 0.0000000000
91699  53.406  10.605  20.262 0.0000000000
52486  53.712  11.812  19.733 0.0000000000
83689  53.692  12.747  19.712 0.0000000000
51970  54.334  11.212  18.476 0.0000000000
51983  54.612  11.603  17.823 0.0000000000
42354  18.711  -4.851  45.029 0.0000000000
42353  19.470  -4.720  44.447 0.0000000000
58893  10.689  27.109  46.093 0.0000000000
80844  10.817  22.036  47.277 0.0000000000
88003  10.893  21.168  46.973 0.0000000000
57484  9.500  23.193  47.516 0.0000000000
82497  9.055  23.807  47.623 0.0000000000
84061  9.947  25.899  46.799 0.0000000000
51746  18.782  11.260  47.936 0.0000000000
51204  18.421  10.640  47.362 0.0000000000
51207  17.729  10.664  46.740 0.0000000000
49374  21.854  7.369  48.075 0.0000000000
76396  20.994  6.844  48.719 0.0000000000
49920  21.426  8.014  48.294 0.0000000000
49921  21.253  8.507  48.790 0.0000000000
51202  20.271  10.154  48.748 0.0000000000
44206  34.169  -1.233  44.063 0.0000000000
44794  33.603  -0.281  44.420 0.0000000000
44787  32.411  -0.910  45.390 0.0000000000
45442  30.908  0.223  42.213 0.0000000000
45455  30.436  0.887  41.395 0.0000000000
45441  32.085  0.468  42.482 0.0000000000
44742  6.210  -0.210  51.160 0.0000000000
44757  5.942  -0.274  49.585 0.0000000000
49446  7.015  7.604  37.403 0.0000000000
48894  7.799  6.486  37.298 0.0000000000
49460  7.399  7.883  36.841 0.0000000000
86351  8.094  8.084  36.431 0.0000000000
49477  8.807  7.884  35.921 0.0000000000
50027  8.323  8.641  36.127 0.0000000000
50088  44.953  8.657  29.591 0.0000000000
50118  46.926  8.232  27.037 0.0000000000
50117  47.883  8.192  27.286 0.0000000000
84431  18.333  0.824  38.605 0.0000000000
41066  19.597  -6.375  55.654 0.0000000000
44766  18.712  -0.434  47.520 0.0000000000
46000  19.731  1.668  47.259 0.0000000000
75714  24.868  -1.373  45.805 0.0000000000
40418  26.911  -7.622  51.398 0.0000000000
38773  27.181  -9.446  50.798 0.0000000000
44887  19.801  -0.224  35.681 0.0000000000
44226  23.536  -1.892  42.424 0.0000000000
85126  23.934  -1.310  42.074 0.0000000000
92197  9.236  33.039  40.414 0.0000000000
62145  9.185  33.471  40.722 0.0000000000
62557  9.195  34.483  41.879 0.0000000000
77543  14.301  37.746  40.839 0.0000000000
64517  13.851  38.289  41.345 0.0000000000
64521  14.212  38.414  40.400 0.0000000000
65042  14.071  39.526  39.599 0.0000000000
84387  12.258  8.183  50.160 0.0000000000
51741  11.711  10.775  49.439 0.0000000000
53436  10.309  14.437  44.269 0.0000000000
53440  7.865  14.388  43.470 0.0000000000
53444  8.949  15.278  42.381 0.0000000000
53964  9.035  16.013  41.803 0.0000000000
77700  9.868  16.292  41.807 0.0000000000
54829  11.774  17.206  41.402 0.0000000000
59873  8.777  28.846  41.636 0.0000000000
60391  8.640  29.721  41.344 0.0000000000
60390  9.379  30.138  40.503 0.0000000000
60878  9.762  30.834  39.769 0.0000000000
60869  9.039  31.119  40.510 0.0000000000
61314  8.787  31.987  40.527 0.0000000000
47835  38.541  4.249  34.809 0.0000000000
48372  38.780  5.057  35.315 0.0000000000
47829  39.536  3.789  36.264 0.0000000000
48371  43.223  5.426  34.337 0.0000000000
78442  44.153  5.872  34.207 0.0000000000
48961  45.608  6.523  31.834 0.0000000000
50603  16.843  9.458  41.153 0.0000000000
42270  12.054  -3.846  56.681 0.0000000000
42266  11.795  -3.080  57.751 0.0000000000
43509  11.179  -2.033  55.633 0.0000000000
85294  10.861  -1.496  55.364 0.0000000000
43515  11.263  -2.102  54.980 0.0000000000
43518  11.166  -2.149  54.294 0.0000000000
42903  16.715  -3.468  51.903 0.0000000000
90152  16.084  2.805  45.508 0.0000000000
46017  15.612  1.954  45.603 0.0000000000
46018  14.710  1.898  45.248 0.0000000000
46598  14.299  2.537  44.689 0.0000000000
47176  13.799  3.147  44.488 0.0000000000
47787  14.184  3.870  44.753 0.0000000000
48311  14.908  5.395  45.358 0.0000000000
43003  34.713  -4.621  36.468 0.0000000000
91935  24.758  1.496  31.866 0.0000000000
46120  25.347  1.332  32.193 0.0000000000
86310  32.858  4.360  32.384 0.0000000000
47784  7.740  5.071  45.724 0.0000000000
88422  7.312  4.611  45.616 0.0000000000
47181  6.646  3.212  44.677 0.0000000000
55714  9.683  19.535  38.105 0.0000000000
56130  9.109  19.803  36.830 0.0000000000
51294  41.078  11.381  35.401 0.0000000000
52456  49.514  12.675  24.376 0.0000000000
52461  49.314  13.028  23.895 0.0000000000
53060  50.037  13.513  24.611 0.0000000000
53067  50.410  14.479  24.331 0.0000000000
53589  51.049  14.986  24.785 0.0000000000
53588  52.068  14.890  24.750 0.0000000000
53066  52.933  14.441  24.292 0.0000000000
48465  47.420  5.712  26.009 0.0000000000
44199  17.806  -1.354  44.506 0.0000000000
43589  18.491  -2.241  43.150 0.0000000000
91772  18.169  -1.691  40.517 0.0000000000
44244  18.310  -1.838  39.731 0.0000000000
41094  19.727  -6.259  51.680 0.0000000000
88642  18.543  -4.182  47.348 0.0000000000
42336  18.525  -4.280  48.050 0.0000000000
43559  18.358  -2.957  47.422 0.0000000000
44180  18.414  -2.083  47.471 0.0000000000
80170  21.040  -7.771  52.171 0.0000000000
75725  23.518  -3.475  44.885 0.0000000000
41746  22.783  -4.939  48.336 0.0000000000
43630  19.224  -2.502  40.301 0.0000000000
43604  22.465  -3.296  42.448 0.0000000000
60852  9.277  30.476  44.608 0.0000000000
61293  10.081  31.258  46.223 0.0000000000
60851  12.334  30.706  44.097 0.0000000000
61299  12.882  31.357  43.680 0.0000000000
61724  13.712  32.609  43.339 0.0000000000
62131  13.830  33.472  43.620 0.0000000000
88363  14.124  33.814  43.113 0.0000000000
83548  14.339  33.684  42.141 0.0000000000
52883  11.401  14.143  49.286 0.0000000000
53420  10.858  14.597  48.668 0.0000000000
56079  10.553  19.982  46.122 0.0000000000
55261  10.987  18.723  45.990 0.0000000000
56083  11.365  20.172  44.064 0.0000000000
58451  8.237  25.932  45.448 0.0000000000
57998  7.906  25.132  45.143 0.0000000000
58923  7.894  26.820  44.026 0.0000000000
59365  7.960  27.618  43.650 0.0000000000
46105  40.022  0.555  34.365 0.0000000000
88020  13.173  -7.599  58.920 0.0000000000
46570  17.408  2.615  50.895 0.0000000000
46572  17.771  3.175  50.450 0.0000000000
46576  17.802  3.363  49.905 0.0000000000
76193  18.972  5.904  49.205 0.0000000000
75755  18.653  5.406  48.447 0.0000000000
76186  18.407  4.887  47.444 0.0000000000
80452  17.794  6.011  47.140 0.0000000000
48853  17.766  6.594  47.412 0.0000000000
48845  18.026  7.074  47.923 0.0000000000
49923  19.141  8.595  49.542 0.0000000000
51196  20.792  10.807  50.270 0.0000000000
44221  33.027  -2.663  43.930 0.0000000000
43611  31.064  -2.780  41.881 0.0000000000
45493  27.531  0.206  37.360 0.0000000000
46044  31.038  1.987  39.863 0.0000000000
45482  30.599  0.966  38.678 0.0000000000
45500  31.120  1.135  36.903 0.0000000000
45499  31.819  2.066  37.004 0.0000000000
46065  32.421  2.572  37.375 0.0000000000
46629  32.970  2.861  37.948 0.0000000000
45465  35.512  -0.040  41.102 0.0000000000
88285  35.457  -1.938  39.835 0.0000000000
48880  10.340  6.964  40.867 0.0000000000
89667  9.012  5.310  41.385 0.0000000000
48331  8.889  5.659  40.722 0.0000000000
48332  7.648  5.671  40.281 0.0000000000
47813  6.464  4.901  38.822 0.0000000000
47808  6.225  4.519  39.547 0.0000000000
46627  6.607  2.968  39.382 0.0000000000
84322  7.385  1.596  40.074 0.0000000000
46046  8.359  1.315  40.233 0.0000000000
84211  9.292  1.154  40.314 0.0000000000
78545  9.845  1.387  39.753 0.0000000000
58967  7.799  26.550  34.782 0.0000000000
58495  7.329  25.673  34.948 0.0000000000
58968  7.106  26.609  34.555 0.0000000000
51376  50.214  10.004  25.408 0.0000000000
48874  18.912  6.737  42.430 0.0000000000
47196  19.028  3.337  39.142 0.0000000000
47807  19.478  4.666  39.619 0.0000000000
48335  19.142  5.564  39.492 0.0000000000
48336  18.623  6.210  39.026 0.0000000000
86598  19.164  4.989  35.158 0.0000000000
48366  19.247  5.847  34.997 0.0000000000
81681  19.460  6.688  34.363 0.0000000000
49504  19.738  7.522  33.767 0.0000000000
49520  20.701  7.721  32.654 0.0000000000
41719  19.266  -4.821  51.544 0.0000000000
79759  21.982  3.065  47.513 0.0000000000
89176  22.669  5.281  47.359 0.0000000000
38766  24.402  -9.130  53.084 0.0000000000
37097  21.999  -11.682  55.243 0.0000000000
36302  21.819  -12.913  55.290 0.0000000000
75441  19.788  -12.177  56.441 0.0000000000
37931  17.706  -9.626  57.113 0.0000000000
92277  17.508  -9.344  56.590 0.0000000000
79167  26.742  -1.119  46.539 0.0000000000
75696  28.649  -2.412  48.593 0.0000000000
75703  23.949  -2.456  47.185 0.0000000000
48953  20.992  6.821  32.355 0.0000000000
48397  20.462  5.542  32.453 0.0000000000
47855  20.592  4.680  32.285 0.0000000000
46112  20.428  1.569  33.402 0.0000000000
82628  20.993  1.234  33.132 0.0000000000
46122  21.477  1.344  32.667 0.0000000000
45549  22.173  0.940  32.615 0.0000000000
44900  22.946  -0.274  33.681 0.0000000000
44259  20.183  -2.055  37.096 0.0000000000
43652  20.533  -2.344  37.454 0.0000000000
43651  21.130  -2.326  37.506 0.0000000000
44248  23.586  -1.354  38.472 0.0000000000
44865  23.859  -0.695  37.099 0.0000000000
44864  24.765  -0.688  37.320 0.0000000000
44856  25.768  -0.479  38.465 0.0000000000
77570  26.963  -0.501  41.440 0.0000000000
84922  11.370  36.903  40.185 0.0000000000
62993  9.870  35.140  44.524 0.0000000000
62998  9.027  35.593  43.656 0.0000000000
62997  10.181  35.972  44.134 0.0000000000
64001  10.145  38.165  42.930 0.0000000000
47150  9.623  3.346  47.899 0.0000000000
47151  8.462  3.309  48.271 0.0000000000
47761  8.944  4.775  49.388 0.0000000000
49391  10.795  7.026  47.545 0.0000000000
48858  10.248  6.776  47.040 0.0000000000
48865  9.714  6.270  46.410 0.0000000000
52868  7.770  13.737  51.542 0.0000000000
51732  8.034  12.324  51.753 0.0000000000
51745  7.893  12.199  50.313 0.0000000000
51753  7.439  11.869  49.029 0.0000000000
83993  6.811  11.715  46.069 0.0000000000
51222  11.573  10.252  44.398 0.0000000000
51771  10.207  11.351  44.389 0.0000000000
51233  11.446  10.273  43.584 0.0000000000
49952  11.329  8.840  42.599 0.0000000000
51239  10.955  10.209  42.841 0.0000000000
51240  10.590  10.109  42.265 0.0000000000
51800  9.389  11.067  41.961 0.0000000000
52318  6.440  13.275  41.611 0.0000000000
52317  7.005  12.567  41.697 0.0000000000
52326  6.417  12.791  40.889 0.0000000000
51809  6.325  12.247  40.134 0.0000000000
80792  5.961  11.819  39.428 0.0000000000
52338  5.531  12.695  39.350 0.0000000000
52339  5.355  13.421  39.041 0.0000000000
52946  5.589  13.619  38.634 0.0000000000
53481  5.884  14.526  38.967 0.0000000000
55287  9.913  18.322  39.303 0.0000000000
55693  10.041  18.877  38.879 0.0000000000
56120  10.939  20.481  38.286 0.0000000000
56995  12.030  22.163  42.048 0.0000000000
57004  12.229  22.872  41.465 0.0000000000
57522  12.381  23.581  40.818 0.0000000000
58951  11.545  26.632  39.948 0.0000000000
58476  12.048  26.067  39.738 0.0000000000
58475  12.517  25.875  39.144 0.0000000000
83115  12.844  24.892  38.234 0.0000000000
58025  12.803  24.380  37.756 0.0000000000
58481  12.494  25.312  37.583 0.0000000000
58484  12.114  25.334  36.867 0.0000000000
83384  11.742  25.850  36.341 0.0000000000
58960  11.471  26.798  36.144 0.0000000000
59413  11.069  27.780  36.037 0.0000000000
61329  10.476  31.384  38.210 0.0000000000
84838  10.285  31.976  36.703 0.0000000000
48901  39.669  6.772  37.128 0.0000000000
49999  40.310  7.934  36.535 0.0000000000
46639  41.343  1.322  36.424 0.0000000000
47214  41.940  3.288  36.635 0.0000000000
47206  42.532  3.199  38.206 0.0000000000
48344  44.098  5.158  37.917 0.0000000000
48897  44.888  5.749  37.026 0.0000000000
49447  44.334  6.742  36.691 0.0000000000
84552  44.008  7.778  36.029 0.0000000000
50674  44.771  10.482  35.417 0.0000000000
50692  45.645  9.955  34.864 0.0000000000
48427  46.771  6.105  29.373 0.0000000000
48437  46.505  5.584  28.448 0.0000000000
49940  18.059  8.802  45.180 0.0000000000
50574  17.553  9.459  45.399 0.0000000000
43520  9.514  -1.098  54.041 0.0000000000
44133  8.633  -0.671  55.004 0.0000000000
44145  7.943  -1.027  53.176 0.0000000000
44152  8.292  -1.213  51.402 0.0000000000
41712  14.124  -5.936  51.923 0.0000000000
80294  13.223  -5.839  52.855 0.0000000000
41724  12.887  -5.026  51.880 0.0000000000
44761  16.129  0.057  49.268 0.0000000000
44182  14.069  -1.502  47.417 0.0000000000
43562  13.716  -2.077  47.714 0.0000000000
42910  11.082  -3.461  50.640 0.0000000000
43556  11.060  -1.722  48.868 0.0000000000
44781  11.521  -0.636  45.802 0.0000000000
44771  11.275  -0.859  46.737 0.0000000000
44783  9.781  -0.640  46.584 0.0000000000
46011  9.289  1.534  46.306 0.0000000000
47169  11.000  3.137  45.606 0.0000000000
48302  13.378  5.535  46.512 0.0000000000
48295  12.790  5.640  47.610 0.0000000000
48839  12.511  5.701  50.519 0.0000000000
82484  12.838  5.799  51.842 0.0000000000
86113  16.716  8.314  48.589 0.0000000000
49911  16.382  8.847  50.619 0.0000000000
50554  15.958  8.901  51.944 0.0000000000
52258  15.106  11.936  52.562 0.0000000000
51189  13.630  10.202  54.339 0.0000000000
52267  13.281  12.161  51.528 0.0000000000
52873  13.409  13.467  49.670 0.0000000000
54812  14.668  18.016  48.026 0.0000000000
55662  14.222  19.476  47.649 0.0000000000
55663  13.195  19.732  47.066 0.0000000000
92742  13.492  21.885  47.383 0.0000000000
76078  29.564  0.232  47.382 0.0000000000
75700  30.483  -0.814  46.947 0.0000000000
75699  29.950  -0.802  47.386 0.0000000000
48952  22.554  6.479  32.030 0.0000000000
88469  25.285  4.408  31.341 0.0000000000
49516  26.704  6.742  32.473 0.0000000000
49515  27.237  7.130  32.491 0.0000000000
46117  28.028  1.647  32.554 0.0000000000
46682  28.346  2.246  32.068 0.0000000000
47864  29.590  4.517  31.508 0.0000000000
87741  29.284  3.971  31.519 0.0000000000
81464  29.264  5.124  31.350 0.0000000000
48967  29.031  6.737  31.487 0.0000000000
50063  29.583  8.249  32.696 0.0000000000
50047  30.681  8.771  33.241 0.0000000000
49510  32.682  8.136  32.421 0.0000000000
50058  33.276  8.360  32.979 0.0000000000
80972  33.644  8.591  34.598 0.0000000000
79768  34.235  8.434  34.919 0.0000000000
91856  34.922  8.443  35.128 0.0000000000
50031  34.847  8.166  34.469 0.0000000000
86219  35.099  4.449  33.001 0.0000000000
78940  34.982  -0.595  35.618 0.0000000000
58906  14.472  26.908  45.133 0.0000000000
58921  13.758  27.194  44.327 0.0000000000
77971  14.783  27.118  44.181 0.0000000000
58930  14.660  27.322  42.799 0.0000000000
46578  5.958  2.980  48.570 0.0000000000
84781  5.573  2.295  48.727 0.0000000000
46579  5.080  2.823  48.669 0.0000000000
46580  4.847  2.570  48.635 0.0000000000
84206  4.920  2.232  47.356 0.0000000000
46014  4.660  1.369  47.622 0.0000000000
90901  4.688  3.123  42.653 0.0000000000
46611  5.379  3.288  42.875 0.0000000000
46033  4.084  1.234  43.325 0.0000000000
45425  3.807  0.478  43.469 0.0000000000
52960  7.943  13.638  37.255 0.0000000000
52976  8.400  13.142  36.633 0.0000000000
52959  8.931  13.776  37.072 0.0000000000
52958  9.889  13.747  37.089 0.0000000000
54446  12.289  16.012  37.134 0.0000000000
54006  12.308  15.233  37.071 0.0000000000
53518  12.918  14.209  35.703 0.0000000000
52996  12.451  13.276  35.537 0.0000000000
53517  13.648  14.079  35.109 0.0000000000
57054  8.091  22.038  34.306 0.0000000000
56581  8.414  21.277  34.952 0.0000000000
56590  10.874  21.154  34.087 0.0000000000
50646  38.332  9.392  38.314 0.0000000000
51272  37.696  10.117  37.597 0.0000000000
51832  37.248  11.041  35.950 0.0000000000
52979  40.048  13.807  35.346 0.0000000000
54128  53.317  16.699  20.471 0.0000000000
78963  54.189  16.523  18.968 0.0000000000
53103  53.885  13.684  19.179 0.0000000000
49009  51.288  6.619  26.372 0.0000000000
50158  52.600  8.510  25.870 0.0000000000
50157  53.067  8.881  25.348 0.0000000000
90492  52.552  8.567  23.855 0.0000000000
78652  52.592  8.866  23.368 0.0000000000
90169  53.410  10.040  23.134 0.0000000000
51409  53.330  10.623  21.847 0.0000000000
51424  53.681  10.010  19.298 0.0000000000
43569  17.612  -2.528  45.378 0.0000000000
43574  18.218  -3.117  44.118 0.0000000000
88065  18.600  -3.029  43.404 0.0000000000
42960  18.912  -2.861  42.686 0.0000000000
40445  19.979  -6.812  49.594 0.0000000000
41116  19.377  -6.392  49.367 0.0000000000
41754  18.869  -4.861  47.421 0.0000000000
41115  22.073  -6.776  49.396 0.0000000000
42343  22.140  -4.224  45.502 0.0000000000
42959  19.667  -3.338  42.370 0.0000000000
42360  20.069  -4.474  43.717 0.0000000000
82770  21.233  -3.971  44.098 0.0000000000
59350  9.244  27.606  45.458 0.0000000000
59850  9.725  29.066  45.657 0.0000000000
59364  11.075  28.937  44.811 0.0000000000
60365  12.320  29.927  43.214 0.0000000000
60861  13.511  30.443  42.219 0.0000000000
78869  10.302  20.506  46.595 0.0000000000
56978  8.689  21.446  45.961 0.0000000000
87658  7.975  23.214  46.140 0.0000000000
57986  8.750  24.336  46.902 0.0000000000
57989  8.237  24.946  46.068 0.0000000000
44899  38.106  -1.114  33.688 0.0000000000
44904  37.958  -0.438  33.236 0.0000000000
80199  13.345  -7.419  56.237 0.0000000000
75746  20.428  4.698  49.362 0.0000000000
75753  19.537  5.393  49.299 0.0000000000
49377  19.168  7.757  49.274 0.0000000000
50557  21.242  9.992  50.161 0.0000000000
86872  36.293  -2.634  42.075 0.0000000000
43607  35.756  -2.927  42.111 0.0000000000
43580  33.792  -2.690  43.767 0.0000000000
44836  29.056  0.143  40.075 0.0000000000
45478  29.747  0.708  39.811 0.0000000000
76321  30.387  1.471  40.284 0.0000000000
83033  30.907  1.492  40.725 0.0000000000
46043  31.403  1.845  40.093 0.0000000000
45451  35.269  0.508  41.671 0.0000000000
44815  36.192  -0.934  42.380 0.0000000000
49429  8.382  7.733  39.197 0.0000000000
48885  8.162  6.846  39.443 0.0000000000
49430  7.310  7.214  38.743 0.0000000000
48889  6.719  6.635  38.416 0.0000000000
88324  6.959  4.414  38.541 0.0000000000
47203  7.539  3.732  38.575 0.0000000000
48350  8.665  5.203  37.254 0.0000000000
48360  9.229  5.395  36.495 0.0000000000
85992  9.376  8.050  35.331 0.0000000000
50040  9.631  8.639  34.836 0.0000000000
51873  10.053  11.087  34.782 0.0000000000
52567  54.531  13.222  14.213 0.0000000000
52566  55.190  12.790  13.635 0.0000000000
52565  56.376  12.475  13.379 0.0000000000
75751  21.461  4.725  45.565 0.0000000000
75757  21.355  4.655  43.779 0.0000000000
47791  21.039  4.556  42.987 0.0000000000
47793  20.483  4.464  42.326 0.0000000000
46045  18.838  1.354  40.867 0.0000000000
90516  18.655  2.541  38.997 0.0000000000
86172  18.661  4.515  37.524 0.0000000000
90076  18.960  4.375  35.748 0.0000000000
39601  17.908  -7.678  55.363 0.0000000000
41698  18.392  -5.337  55.500 0.0000000000
43545  18.475  -2.593  49.771 0.0000000000
45376  19.930  0.431  50.243 0.0000000000
45987  20.231  1.035  49.919 0.0000000000
38745  20.438  -9.436  56.124 0.0000000000
77630  27.309  0.182  44.374 0.0000000000
44807  25.798  -0.274  44.932 0.0000000000
44789  25.914  -0.512  45.462 0.0000000000
42320  26.014  -3.648  50.474 0.0000000000
41728  26.738  -4.976  50.720 0.0000000000
41100  27.761  -6.067  50.324 0.0000000000
40427  27.319  -6.898  50.906 0.0000000000
47845  19.755  4.298  33.216 0.0000000000
88050  19.660  3.759  33.585 0.0000000000
46677  19.779  2.973  33.550 0.0000000000
46113  19.873  2.049  33.825 0.0000000000
46102  19.633  1.718  34.628 0.0000000000
44242  23.826  -1.798  39.843 0.0000000000
44241  24.394  -1.232  39.661 0.0000000000
80388  24.945  -0.773  39.478 0.0000000000
91073  27.009  0.067  43.033 0.0000000000
62578  11.410  34.477  39.391 0.0000000000
62568  11.505  35.371  39.798 0.0000000000
62562  10.369  34.829  40.615 0.0000000000
63505  11.489  36.183  40.026 0.0000000000
64006  10.860  37.464  40.532 0.0000000000
62994  13.130  36.292  43.441 0.0000000000
63486  12.672  36.942  43.374 0.0000000000
63492  13.061  36.919  43.099 0.0000000000
80927  12.978  39.122  41.635 0.0000000000
64518  13.478  38.936  41.325 0.0000000000
65039  13.199  39.676  41.067 0.0000000000
48290  10.976  5.484  48.707 0.0000000000
51209  12.079  10.129  46.851 0.0000000000
52895  8.098  13.221  47.409 0.0000000000
85009  8.632  13.434  46.477 0.0000000000
52289  6.748  12.159  46.494 0.0000000000
52901  8.921  13.619  44.815 0.0000000000
52293  8.025  12.958  45.543 0.0000000000
52290  5.836  12.114  46.009 0.0000000000
51761  5.871  11.909  46.075 0.0000000000
90007  5.902  11.742  45.489 0.0000000000
51774  6.311  11.498  45.080 0.0000000000
51783  6.832  11.475  44.051 0.0000000000
51784  6.064  11.740  44.685 0.0000000000
52302  6.197  12.311  44.043 0.0000000000
53446  7.227  14.125  42.842 0.0000000000
79118  6.599  13.485  42.257 0.0000000000
53452  6.094  15.196  41.231 0.0000000000
53967  5.640  15.898  40.662 0.0000000000
53973  6.129  16.632  40.383 0.0000000000
54413  8.993  17.110  40.631 0.0000000000
55275  11.146  18.439  40.204 0.0000000000
55284  12.476  19.137  39.957 0.0000000000
58464  10.098  25.463  42.264 0.0000000000
58014  10.705  24.928  41.683 0.0000000000
58468  10.485  25.748  41.553 0.0000000000
58473  10.910  26.007  41.013 0.0000000000
58947  10.958  26.572  40.638 0.0000000000
59392  9.709  28.184  41.165 0.0000000000
77268  10.364  27.781  40.564 0.0000000000
86098  10.969  27.264  40.228 0.0000000000
59400  11.586  27.391  39.398 0.0000000000
59889  11.335  28.157  39.171 0.0000000000
59406  11.780  27.815  38.512 0.0000000000
59905  11.477  28.431  37.865 0.0000000000
59898  11.324  28.634  38.628 0.0000000000
59899  10.973  29.242  38.703 0.0000000000
60877  10.402  30.554  38.825 0.0000000000
61321  10.153  31.417  39.120 0.0000000000
92697  10.393  31.948  38.613 0.0000000000
62158  10.847  33.145  38.625 0.0000000000
82141  40.060  6.205  36.819 0.0000000000
47229  42.283  3.324  35.541 0.0000000000
47222  42.750  3.293  36.460 0.0000000000
47827  44.130  3.582  36.831 0.0000000000
47826  44.606  4.319  36.776 0.0000000000
48353  45.392  5.639  36.220 0.0000000000
49461  45.752  6.923  35.558 0.0000000000
49479  45.911  7.671  35.219 0.0000000000
48921  46.162  6.679  34.989 0.0000000000
88714  46.113  5.892  34.104 0.0000000000
48942  48.016  7.011  32.078 0.0000000000
48976  46.197  6.559  31.059 0.0000000000
48429  44.345  5.407  29.366 0.0000000000
49946  17.243  8.661  43.431 0.0000000000
50583  16.628  9.783  42.770 0.0000000000
80030  16.589  10.065  41.581 0.0000000000
51245  16.294  10.695  41.569 0.0000000000
43511  9.816  -0.898  56.417 0.0000000000
43534  9.682  -2.092  51.613 0.0000000000
41088  16.199  -6.152  52.663 0.0000000000
41721  15.495  -5.409  51.405 0.0000000000
41732  15.085  -4.889  50.845 0.0000000000
42313  14.541  -4.420  50.252 0.0000000000
46003  16.320  1.620  47.675 0.0000000000
44778  15.028  -0.183  46.709 0.0000000000
44769  13.555  -0.853  47.009 0.0000000000
44183  12.723  -1.128  47.324 0.0000000000
44174  12.205  -1.604  47.892 0.0000000000
45412  13.283  0.516  44.960 0.0000000000
45414  11.647  0.413  44.933 0.0000000000
46019  11.446  1.314  44.894 0.0000000000
46599  11.234  2.278  45.081 0.0000000000
80719  12.909  4.208  45.308 0.0000000000
47781  13.666  4.411  45.197 0.0000000000
48857  13.642  6.242  46.957 0.0000000000
51186  17.733  10.756  52.360 0.0000000000
52256  16.879  12.137  52.402 0.0000000000
52265  16.234  12.807  51.418 0.0000000000
52864  15.710  13.297  50.548 0.0000000000
53414  14.833  14.200  49.257 0.0000000000
54382  15.634  17.277  48.750 0.0000000000
47270  23.016  3.546  31.349 0.0000000000
47269  24.506  3.346  31.218 0.0000000000
46107  29.199  1.671  33.392 0.0000000000
47257  30.313  3.264  32.322 0.0000000000
47263  29.964  3.842  31.724 0.0000000000
48409  30.448  5.909  31.420 0.0000000000
48965  30.940  6.670  31.588 0.0000000000
85522  32.361  6.126  31.676 0.0000000000
48963  32.737  6.709  31.792 0.0000000000
48947  33.507  6.663  31.957 0.0000000000
48946  34.195  6.625  32.302 0.0000000000
47850  34.480  4.429  32.739 0.0000000000
47844  34.788  3.829  33.098 0.0000000000
44263  35.261  -1.783  36.649 0.0000000000
47769  6.338  4.335  47.825 0.0000000000
47153  5.793  3.823  48.131 0.0000000000
47770  5.743  3.920  47.537 0.0000000000
47162  5.410  3.412  47.179 0.0000000000
46595  5.329  2.664  46.670 0.0000000000
45405  5.349  0.157  45.770 0.0000000000
45448  5.468  0.037  42.114 0.0000000000
45434  6.231  -0.216  42.357 0.0000000000
44812  6.171  -0.680  43.041 0.0000000000
82755  10.491  16.404  38.563 0.0000000000
54008  11.027  15.979  38.125 0.0000000000
54447  11.572  16.443  37.562 0.0000000000
54873  12.182  16.913  37.062 0.0000000000
54881  12.627  17.352  36.433 0.0000000000
51296  38.833  10.336  35.737 0.0000000000
77835  40.275  12.614  35.395 0.0000000000
53519  40.698  14.226  35.360 0.0000000000
52467  49.150  13.135  23.098 0.0000000000
54117  51.024  16.337  22.240 0.0000000000
54098  51.504  15.794  23.434 0.0000000000
54102  52.500  15.966  22.782 0.0000000000
54101  53.012  15.844  22.388 0.0000000000
53620  53.286  15.222  21.811 0.0000000000
48447  49.707  6.009  28.321 0.0000000000
48994  50.281  6.109  27.839 0.0000000000
49005  50.552  6.260  27.002 0.0000000000
49566  50.259  7.484  25.027 0.0000000000
50832  51.546  9.739  21.876 0.0000000000
46015  19.152  1.182  45.573 0.0000000000
45421  18.396  0.695  44.356 0.0000000000
85507  18.684  0.613  42.016 0.0000000000
45471  18.346  0.642  40.371 0.0000000000
83445  17.995  -0.120  39.862 0.0000000000
45495  18.827  -0.087  37.383 0.0000000000
41117  18.769  -5.718  49.518 0.0000000000
88223  18.253  -4.780  49.486 0.0000000000
77706  18.514  -1.135  47.961 0.0000000000
37957  26.285  -9.859  52.259 0.0000000000
42329  22.864  -4.185  48.049 0.0000000000
43648  18.915  -2.278  39.080 0.0000000000
42972  19.846  -2.875  41.576 0.0000000000
43618  20.578  -2.687  41.048 0.0000000000
89444  21.179  -3.604  42.011 0.0000000000
43603  23.004  -2.682  42.455 0.0000000000
61301  8.166  31.535  42.219 0.0000000000
61727  8.312  32.351  42.175 0.0000000000
88263  8.724  32.395  43.135 0.0000000000
84433  9.227  31.876  44.007 0.0000000000
86049  9.898  33.190  45.228 0.0000000000
62130  9.388  33.850  44.571 0.0000000000
62991  12.350  35.271  44.284 0.0000000000
61292  10.645  31.274  46.081 0.0000000000
81766  10.703  32.011  46.034 0.0000000000
87282  12.417  31.690  44.748 0.0000000000
61721  11.888  32.492  45.565 0.0000000000
61716  11.878  33.255  45.436 0.0000000000
62127  12.363  33.823  44.739 0.0000000000
62995  12.797  35.828  43.865 0.0000000000
92337  13.582  35.894  43.318 0.0000000000
63490  14.026  36.388  42.664 0.0000000000
62999  14.269  35.243  42.675 0.0000000000
80355  14.321  35.876  42.352 0.0000000000
63494  14.294  36.472  41.909 0.0000000000
78889  14.642  36.994  40.397 0.0000000000
63502  15.029  36.839  39.426 0.0000000000
64014  14.972  37.513  38.936 0.0000000000
51724  11.189  11.114  52.796 0.0000000000
51729  10.566  10.966  52.553 0.0000000000
52261  9.837  11.564  53.128 0.0000000000
52262  8.944  11.850  53.325 0.0000000000
52270  8.440  12.719  53.083 0.0000000000
91305  9.509  14.371  51.192 0.0000000000
52876  8.703  14.691  51.345 0.0000000000
52867  8.125  13.982  52.211 0.0000000000
52877  7.957  14.587  51.069 0.0000000000
52886  8.005  14.104  49.616 0.0000000000
54387  11.784  16.500  47.201 0.0000000000
53945  10.915  15.401  47.239 0.0000000000
78854  10.077  14.893  47.163 0.0000000000
53428  9.087  14.164  47.122 0.0000000000
53955  10.711  15.107  44.615 0.0000000000
54826  12.253  17.378  42.514 0.0000000000
80129  12.296  18.836  42.776 0.0000000000
56085  12.067  20.338  42.716 0.0000000000
91474  11.721  20.261  43.359 0.0000000000
56996  11.336  22.610  42.645 0.0000000000
87431  11.210  23.420  42.399 0.0000000000
58010  10.352  24.702  42.507 0.0000000000
56983  9.229  21.952  45.056 0.0000000000
57997  7.975  24.450  44.780 0.0000000000
57503  8.812  23.922  44.260 0.0000000000
57502  9.827  23.487  43.673 0.0000000000
58006  9.623  24.465  43.352 0.0000000000
58461  9.740  25.158  42.874 0.0000000000
59373  8.952  27.156  42.417 0.0000000000
59864  8.217  28.623  42.436 0.0000000000
60381  8.084  29.455  42.072 0.0000000000
46646  38.986  1.927  35.923 0.0000000000
46069  40.756  0.792  36.479 0.0000000000
46080  41.518  0.528  36.078 0.0000000000
46079  41.862  1.303  36.034 0.0000000000
47230  41.994  2.199  35.573 0.0000000000
46106  39.225  0.480  33.734 0.0000000000
47834  42.167  3.782  34.606 0.0000000000
82261  41.909  4.320  33.820 0.0000000000
47839  42.486  5.093  33.582 0.0000000000
48387  42.570  5.299  32.617 0.0000000000
41686  12.245  -4.180  57.487 0.0000000000
44741  17.045  -0.194  52.117 0.0000000000
44157  16.693  -0.913  51.321 0.0000000000
45988  16.979  2.128  50.789 0.0000000000
45378  16.835  1.396  50.339 0.0000000000
45379  16.659  0.662  49.700 0.0000000000
45994  16.545  1.386  48.515 0.0000000000
47758  18.666  4.421  49.792 0.0000000000
47141  18.295  3.989  49.701 0.0000000000
46583  18.063  3.253  48.789 0.0000000000
46591  16.652  2.677  46.394 0.0000000000
47165  16.614  3.371  45.791 0.0000000000
47778  16.266  4.760  45.268 0.0000000000
48310  15.781  5.565  45.249 0.0000000000
49395  17.365  7.040  47.369 0.0000000000
49915  19.423  9.328  49.921 0.0000000000
50559  18.725  9.618  50.319 0.0000000000
51185  18.530  11.280  52.036 0.0000000000
42982  32.832  -3.538  39.414 0.0000000000
42963  31.566  -3.064  40.815 0.0000000000
45526  26.231  0.492  34.407 0.0000000000
77653  26.933  0.318  34.711 0.0000000000
45512  27.755  0.416  34.749 0.0000000000
88508  28.546  0.711  34.507 0.0000000000
46661  30.904  2.184  34.632 0.0000000000
44860  33.628  0.265  37.482 0.0000000000
46048  33.122  1.404  39.187 0.0000000000
44852  34.520  -1.350  38.221 0.0000000000
47792  9.172  4.791  43.457 0.0000000000
47187  8.549  4.221  43.156 0.0000000000
47799  8.615  4.869  41.822 0.0000000000
47796  7.070  4.176  42.043 0.0000000000
87518  5.486  3.708  42.132 0.0000000000
47193  4.452  3.004  41.784 0.0000000000
46040  4.956  1.720  41.476 0.0000000000
48337  7.533  6.261  39.683 0.0000000000
48334  6.190  4.806  39.956 0.0000000000
88082  5.116  3.293  40.796 0.0000000000
46619  4.761  2.713  41.208 0.0000000000
45447  7.924  -0.072  42.106 0.0000000000
44822  9.002  -0.511  42.601 0.0000000000
91766  8.844  2.548  38.711 0.0000000000
46632  9.458  2.262  38.626 0.0000000000
46637  9.653  2.679  37.849 0.0000000000
57045  8.070  22.551  36.789 0.0000000000
57035  7.461  21.778  37.277 0.0000000000
57046  7.095  22.623  36.808 0.0000000000
57036  6.723  22.610  36.449 0.0000000000
56583  6.660  22.581  35.732 0.0000000000
58033  6.837  24.184  35.370 0.0000000000
90693  6.687  23.880  35.099 0.0000000000
52375  43.103  13.908  36.241 0.0000000000
81813  50.177  12.508  25.010 0.0000000000
52455  51.106  12.500  25.381 0.0000000000
49934  20.059  8.715  47.132 0.0000000000
49939  18.753  8.420  45.647 0.0000000000
48307  20.682  5.989  45.093 0.0000000000
49408  17.979  7.992  44.093 0.0000000000
91038  17.587  8.258  43.747 0.0000000000
49950  17.481  8.455  42.570 0.0000000000
49958  17.697  8.290  41.742 0.0000000000
46603  19.652  2.250  44.522 0.0000000000
77890  19.755  2.677  43.650 0.0000000000
46618  19.205  2.065  41.335 0.0000000000
47191  19.883  3.552  41.374 0.0000000000
47194  19.855  3.534  40.513 0.0000000000
49426  18.050  7.796  39.834 0.0000000000
49972  17.504  8.400  39.527 0.0000000000
49997  18.038  8.136  37.563 0.0000000000
48906  18.672  6.432  36.692 0.0000000000
48918  18.838  7.014  36.095 0.0000000000
80854  19.553  9.800  34.365 0.0000000000
41081  16.489  -6.529  53.362 0.0000000000
89089  16.837  -3.876  52.368 0.0000000000
41701  20.308  -4.964  54.305 0.0000000000
43531  19.237  -2.381  52.150 0.0000000000
44144  17.932  -1.307  52.977 0.0000000000
45983  18.043  1.604  51.682 0.0000000000
46567  17.809  2.276  51.291 0.0000000000
46569  18.064  2.859  50.983 0.0000000000
46571  20.430  2.357  50.000 0.0000000000
46575  21.397  2.507  48.629 0.0000000000
37111  23.264  -11.779  54.324 0.0000000000
45429  31.825  0.844  44.328 0.0000000000
75723  30.217  0.857  46.073 0.0000000000
79192  29.873  0.603  46.744 0.0000000000
76070  24.474  -2.120  46.658 0.0000000000
75691  28.169  -2.337  49.040 0.0000000000
75684  28.641  -3.497  48.823 0.0000000000
50065  22.562  8.637  32.510 0.0000000000
79567  21.981  7.109  32.208 0.0000000000
47856  20.182  4.134  32.607 0.0000000000
47273  20.741  3.918  32.062 0.0000000000
46686  20.716  2.630  32.378 0.0000000000
88192  20.888  3.256  31.968 0.0000000000
47272  21.415  3.612  31.691 0.0000000000
46132  23.229  1.903  31.692 0.0000000000
46121  23.550  1.143  32.119 0.0000000000
86248  24.407  0.476  33.012 0.0000000000
45538  24.806  0.470  33.705 0.0000000000
45494  19.379  -0.384  36.560 0.0000000000
44876  20.101  -1.019  36.077 0.0000000000
44886  20.576  -0.739  35.364 0.0000000000
44280  21.382  -0.857  35.003 0.0000000000
44250  21.901  -1.898  37.827 0.0000000000
91844  22.062  -0.863  34.821 0.0000000000
44894  23.238  -0.499  34.386 0.0000000000
44893  24.025  -0.133  34.749 0.0000000000
44862  26.197  -0.403  37.058 0.0000000000
79533  26.774  -0.197  39.950 0.0000000000
62134  8.720  33.867  42.401 0.0000000000
63004  9.365  35.323  42.051 0.0000000000
63001  8.858  35.986  42.889 0.0000000000
63495  9.531  36.226  42.022 0.0000000000
81975  10.203  38.134  41.098 0.0000000000
63996  12.142  37.582  43.330 0.0000000000
64507  11.431  38.189  43.160 0.0000000000
64511  10.797  38.820  42.860 0.0000000000
65549  11.514  40.464  41.678 0.0000000000
65033  11.228  39.800  42.179 0.0000000000
65034  10.459  39.402  42.390 0.0000000000
77585  10.022  39.910  41.373 0.0000000000
65041  9.920  39.897  40.798 0.0000000000
45394  7.424  0.176  48.059 0.0000000000
86627  7.412  1.010  47.783 0.0000000000
46587  6.800  2.964  48.563 0.0000000000
48291  10.137  5.683  48.784 0.0000000000
48292  9.149  5.876  49.054 0.0000000000
48293  8.125  5.799  49.364 0.0000000000
48294  7.427  5.350  49.384 0.0000000000
47768  6.903  4.823  48.635 0.0000000000
48314  8.300  5.571  46.199 0.0000000000
51735  11.069  11.038  50.719 0.0000000000
78444  9.680  11.521  49.984 0.0000000000
51742  10.916  11.360  49.440 0.0000000000
92921  11.543  11.125  48.694 0.0000000000
51206  11.827  10.932  47.414 0.0000000000
52892  7.200  12.482  48.121 0.0000000000
76736  8.854  11.537  47.499 0.0000000000
51758  8.524  11.571  46.863 0.0000000000
51210  11.220  10.806  46.513 0.0000000000
83477  11.642  9.962  46.224 0.0000000000
50576  11.731  9.459  45.698 0.0000000000
49942  11.772  8.610  45.235 0.0000000000
49409  11.601  7.889  44.722 0.0000000000
49945  11.956  8.681  44.260 0.0000000000
48868  11.289  7.208  44.222 0.0000000000
48873  10.734  6.618  43.727 0.0000000000
48877  10.545  6.821  41.800 0.0000000000
49953  11.006  8.251  42.051 0.0000000000
49420  10.699  7.618  41.452 0.0000000000
49423  10.385  7.794  40.582 0.0000000000
49427  9.887  8.082  39.927 0.0000000000
51791  7.827  11.528  43.138 0.0000000000
51247  9.591  10.625  41.196 0.0000000000
77142  8.123  11.570  41.297 0.0000000000
51248  8.873  11.190  41.250 0.0000000000
51254  9.534  10.143  40.569 0.0000000000
50617  9.272  9.648  39.990 0.0000000000
49973  9.092  8.357  39.544 0.0000000000
78398  8.784  9.111  39.536 0.0000000000
50642  7.824  9.353  38.923 0.0000000000
50643  6.927  9.641  38.132 0.0000000000
50644  6.486  10.069  37.490 0.0000000000
51289  6.452  10.644  37.135 0.0000000000
51288  6.818  10.644  36.609 0.0000000000
52373  6.828  12.260  36.741 0.0000000000
52961  6.864  13.429  37.488 0.0000000000
53494  8.514  14.212  37.830 0.0000000000
53478  9.062  14.821  38.450 0.0000000000
53984  6.351  16.578  39.823 0.0000000000
53983  7.519  16.527  39.727 0.0000000000
54434  10.249  17.021  38.844 0.0000000000
92205  10.239  18.422  38.482 0.0000000000
55705  9.953  19.227  38.445 0.0000000000
56561  9.279  21.425  37.420 0.0000000000
54828  12.238  17.495  41.598 0.0000000000
55269  12.507  18.222  41.199 0.0000000000
55675  12.726  19.187  41.101 0.0000000000
55680  12.892  19.499  40.299 0.0000000000
55679  13.250  20.217  39.988 0.0000000000
56101  13.067  20.389  39.502 0.0000000000
58013  11.574  24.458  41.187 0.0000000000
57521  13.030  23.066  40.109 0.0000000000
81911  12.751  24.533  39.698 0.0000000000
57526  12.838  23.849  39.953 0.0000000000
57015  13.339  22.573  39.389 0.0000000000
56111  12.841  20.876  38.873 0.0000000000
56547  11.861  21.070  38.238 0.0000000000
56553  11.903  21.853  37.592 0.0000000000
57533  12.488  23.797  37.183 0.0000000000
57025  12.350  22.919  37.386 0.0000000000
57033  10.224  22.280  36.579 0.0000000000
57034  8.682  21.959  37.086 0.0000000000
57044  9.310  22.852  36.330 0.0000000000
58035  9.451  25.240  35.139 0.0000000000
58488  10.524  25.579  35.129 0.0000000000
58493  9.743  25.937  34.893 0.0000000000
58966  9.269  26.590  34.699 0.0000000000
81709  8.321  28.516  34.601 0.0000000000
59920  8.750  29.258  34.685 0.0000000000
59910  10.700  28.723  36.449 0.0000000000
60896  10.375  30.308  36.985 0.0000000000
60414  9.952  29.541  35.948 0.0000000000
59914  9.301  29.988  35.115 0.0000000000
60426  8.102  30.144  34.539 0.0000000000
50629  38.296  9.107  39.215 0.0000000000
48915  38.087  6.881  36.457 0.0000000000
48903  38.507  7.170  37.307 0.0000000000
49439  38.767  7.620  37.765 0.0000000000
50680  39.009  9.481  36.077 0.0000000000
50677  40.486  10.189  35.438 0.0000000000
51293  41.929  11.659  35.785 0.0000000000
47213  43.241  2.586  37.584 0.0000000000
47205  43.432  2.859  38.433 0.0000000000
47816  42.673  3.733  39.244 0.0000000000
48345  43.443  4.697  38.807 0.0000000000
48340  42.716  5.330  39.391 0.0000000000
48346  42.167  5.219  39.574 0.0000000000
48347  41.930  6.362  39.382 0.0000000000
83401  41.721  6.634  38.367 0.0000000000
48913  41.580  6.885  36.615 0.0000000000
50015  42.076  8.216  35.333 0.0000000000
51292  42.744  11.913  36.437 0.0000000000
51843  43.197  12.901  36.423 0.0000000000
52374  43.583  13.335  35.993 0.0000000000
51290  44.872  11.691  35.102 0.0000000000
51859  45.048  12.323  34.242 0.0000000000
50691  46.382  9.560  34.334 0.0000000000
50704  46.934  9.867  33.553 0.0000000000
50101  47.618  8.337  28.884 0.0000000000
50084  49.097  8.907  29.973 0.0000000000
48958  48.360  6.972  31.604 0.0000000000
48974  48.660  6.655  30.986 0.0000000000
80673  49.251  6.176  29.573 0.0000000000
48425  49.525  6.024  28.940 0.0000000000
48449  48.046  5.850  27.616 0.0000000000
47914  46.146  5.169  26.078 0.0000000000
47921  45.559  5.024  25.614 0.0000000000
48431  42.881  5.171  30.061 0.0000000000
78902  43.833  5.322  29.604 0.0000000000
47892  43.372  4.895  28.468 0.0000000000
47916  44.743  4.680  26.593 0.0000000000
79072  44.950  4.691  25.880 0.0000000000
53158  53.431  13.278  14.085 0.0000000000
53149  54.933  13.608  14.776 0.0000000000
53673  54.902  15.162  15.640 0.0000000000
91430  55.469  13.413  16.362 0.0000000000
58444  11.834  25.718  47.205 0.0000000000
50567  18.216  10.150  46.917 0.0000000000
38741  13.897  -8.874  56.786 0.0000000000
39596  14.347  -8.200  55.547 0.0000000000
39588  13.625  -8.220  56.610 0.0000000000
41068  13.152  -5.999  55.350 0.0000000000
42288  11.878  -3.340  53.426 0.0000000000
43546  16.473  -1.639  50.460 0.0000000000
44166  15.921  -1.377  49.616 0.0000000000
43561  14.379  -2.136  47.833 0.0000000000
42323  14.091  -4.218  49.412 0.0000000000
42315  12.572  -5.069  50.726 0.0000000000
42303  12.188  -4.766  51.295 0.0000000000
42325  12.355  -4.446  49.832 0.0000000000
80858  12.075  -4.687  50.434 0.0000000000
81212  11.612  -2.825  52.760 0.0000000000
42898  11.081  -2.237  52.550 0.0000000000
42899  10.484  -2.488  51.734 0.0000000000
44158  10.123  -1.533  50.078 0.0000000000
44169  8.775  -0.739  49.647 0.0000000000
45393  8.006  0.241  47.530 0.0000000000
46594  8.660  2.271  46.815 0.0000000000
47160  8.988  2.925  46.942 0.0000000000
47158  11.363  3.787  46.334 0.0000000000
47772  12.261  4.639  46.730 0.0000000000
47773  11.674  4.263  47.051 0.0000000000
47766  11.327  4.419  47.968 0.0000000000
48289  11.711  5.427  48.897 0.0000000000
49919  12.360  6.441  51.063 0.0000000000
49378  15.265  7.489  47.762 0.0000000000
92061  14.805  7.508  48.354 0.0000000000
49379  14.390  7.360  49.162 0.0000000000
50547  16.370  9.525  52.822 0.0000000000
50555  14.946  8.249  52.167 0.0000000000
49913  14.639  7.668  51.308 0.0000000000
49909  13.485  7.457  52.808 0.0000000000
91793  13.024  9.127  55.044 0.0000000000
50550  12.496  8.946  53.822 0.0000000000
51191  11.867  9.851  53.248 0.0000000000
52276  11.703  12.918  51.100 0.0000000000
91516  12.335  14.122  48.912 0.0000000000
54386  12.679  16.476  47.576 0.0000000000
88658  12.340  19.047  46.801 0.0000000000
57984  11.407  24.154  47.681 0.0000000000
45407  32.039  0.049  45.537 0.0000000000
75708  30.937  -1.236  46.460 0.0000000000
87034  31.657  -2.194  45.444 0.0000000000
43572  28.728  -2.126  45.477 0.0000000000
84461  29.245  -2.144  44.471 0.0000000000
48415  23.968  5.529  31.758 0.0000000000
49487  25.457  7.400  34.610 0.0000000000
46119  26.257  1.526  32.425 0.0000000000
86429  26.550  2.140  31.903 0.0000000000
47867  26.906  4.315  31.363 0.0000000000
47264  28.664  3.736  31.493 0.0000000000
47265  28.032  3.473  31.538 0.0000000000
48969  27.271  6.630  31.830 0.0000000000
49512  30.839  7.947  32.173 0.0000000000
50061  31.156  8.457  32.696 0.0000000000
50046  31.412  8.926  33.275 0.0000000000
50060  31.945  8.595  32.793 0.0000000000
50705  31.729  9.287  33.888 0.0000000000
50018  36.207  8.299  35.973 0.0000000000
49480  37.004  7.393  34.647 0.0000000000
48936  35.530  6.492  33.259 0.0000000000
47836  37.920  4.456  34.103 0.0000000000
46653  38.159  2.097  34.956 0.0000000000
46658  33.196  2.161  34.085 0.0000000000
58892  12.156  26.785  46.158 0.0000000000
59362  13.215  27.500  43.586 0.0000000000
59372  12.649  28.499  42.911 0.0000000000
60380  13.570  29.623  41.979 0.0000000000
60868  13.891  30.314  41.417 0.0000000000
59887  15.203  28.645  39.484 0.0000000000
91155  14.222  28.915  40.831 0.0000000000
87378  14.352  29.326  40.444 0.0000000000
60387  14.277  30.136  40.425 0.0000000000
61313  14.168  31.040  40.964 0.0000000000
61736  14.524  32.455  40.744 0.0000000000
63012  15.302  35.402  39.340 0.0000000000
81050  15.394  36.090  38.987 0.0000000000
45388  6.695  0.193  48.607 0.0000000000
45380  5.045  0.521  49.561 0.0000000000
44758  4.882  -0.028  49.961 0.0000000000
45390  4.435  1.287  48.521 0.0000000000
47179  7.923  3.873  44.133 0.0000000000
46608  5.252  2.117  44.240 0.0000000000
45435  5.099  -0.511  42.728 0.0000000000
45436  4.073  -0.122  43.146 0.0000000000
51287  7.561  10.796  36.176 0.0000000000
51858  8.516  11.015  35.760 0.0000000000
52372  8.580  11.898  35.839 0.0000000000
91894  9.148  11.531  35.591 0.0000000000
51857  9.749  11.617  35.304 0.0000000000
51856  10.294  11.740  34.983 0.0000000000
52957  10.918  13.712  37.144 0.0000000000
53505  11.827  13.946  37.002 0.0000000000
52370  10.816  12.599  35.823 0.0000000000
51872  10.774  11.485  34.580 0.0000000000
81134  11.472  11.335  34.291 0.0000000000
51871  12.131  11.542  34.177 0.0000000000
52405  12.482  12.211  34.630 0.0000000000
51883  13.219  11.688  32.906 0.0000000000
56140  7.580  20.485  37.268 0.0000000000
56571  8.837  20.618  35.437 0.0000000000
56138  9.526  20.176  35.713 0.0000000000
56129  10.444  19.781  36.032 0.0000000000
55323  12.965  17.718  35.745 0.0000000000
56154  11.582  20.662  34.138 0.0000000000
55742  12.587  19.551  34.389 0.0000000000
55336  12.720  18.910  35.065 0.0000000000
54468  13.468  16.518  35.355 0.0000000000
52411  13.482  12.444  33.410 0.0000000000
51273  37.021  10.724  37.984 0.0000000000
83134  37.422  12.545  35.501 0.0000000000
52981  38.010  13.171  35.444 0.0000000000
52397  41.578  13.303  35.352 0.0000000000
52408  40.785  12.965  34.180 0.0000000000
79623  55.276  16.702  18.419 0.0000000000
54139  56.025  16.910  18.012 0.0000000000
53652  55.735  15.344  17.461 0.0000000000
53117  55.223  13.957  17.259 0.0000000000
52504  55.305  13.178  16.841 0.0000000000
50116  48.920  8.472  27.526 0.0000000000
50136  48.517  8.379  26.672 0.0000000000
51375  51.266  10.001  25.600 0.0000000000
80549  49.272  7.554  24.881 0.0000000000
50178  50.652  7.903  24.532 0.0000000000
50796  53.219  9.222  24.643 0.0000000000
51925  52.773  11.308  24.774 0.0000000000
85566  52.171  12.278  25.020 0.0000000000
52453  52.533  12.953  24.756 0.0000000000
52460  53.072  13.300  24.252 0.0000000000
53065  53.333  13.713  23.625 0.0000000000
85195  53.476  13.333  22.343 0.0000000000
51416  53.260  10.494  20.878 0.0000000000
51417  53.304  10.101  20.072 0.0000000000
51949  53.407  11.125  21.323 0.0000000000
53092  53.588  13.573  20.246 0.0000000000
53102  54.330  13.234  18.436 0.0000000000
51960  54.115  11.444  19.078 0.0000000000
44229  36.569  -2.030  41.817 0.0000000000
45413  12.459  0.147  44.846 0.0000000000
46613  4.316  2.054  43.055 0.0000000000
47190  4.743  3.380  42.099 0.0000000000
47212  43.975  2.794  37.649 0.0000000000
47809  42.790  4.403  39.389 0.0000000000
48328  9.607  5.775  41.349 0.0000000000
48884  9.076  7.214  39.573 0.0000000000
48891  42.417  6.031  39.430 0.0000000000
48895  6.989  6.861  37.569 0.0000000000
48908  8.439  6.720  36.739 0.0000000000
49966  9.646  8.882  39.922 0.0000000000
50048  29.970  8.581  33.299 0.0000000000
50594  11.022  9.494  42.386 0.0000000000
51246  10.133  10.421  41.786 0.0000000000
51731  8.246  11.965  53.055 0.0000000000
51749  12.003  10.904  48.252 0.0000000000
51775  5.781  11.868  45.908 0.0000000000
51792  7.283  11.838  43.041 0.0000000000
51841  6.434  11.718  36.862 0.0000000000
52277  7.717  12.814  50.961 0.0000000000
52913  6.700  13.954  42.338 0.0000000000
53490  12.021  14.680  37.242 0.0000000000
55304  9.920  18.783  38.430 0.0000000000
55691  12.852  19.790  39.744 0.0000000000
55713  9.876  19.295  37.852 0.0000000000
56563  7.303  21.115  37.530 0.0000000000
57011  13.160  22.322  40.138 0.0000000000
58471  12.331  25.292  39.890 0.0000000000
58482  12.185  25.896  37.082 0.0000000000
58494  8.584  25.857  34.977 0.0000000000
58963  10.352  26.418  34.933 0.0000000000
59382  13.975  28.157  41.755 0.0000000000
59383  10.094  27.609  41.045 0.0000000000
59879  14.688  28.592  40.258 0.0000000000
60373  12.923  30.017  42.530 0.0000000000
60397  14.972  29.768  39.022 0.0000000000
61751  10.541  32.516  38.654 0.0000000000
62549  9.822  34.442  44.813 0.0000000000
62553  14.205  34.476  42.912 0.0000000000
63006  14.734  35.714  40.576 0.0000000000
63496  14.533  36.387  40.916 0.0000000000
63999  12.690  37.525  43.009 0.0000000000
64000  12.252  38.055  43.004 0.0000000000
64005  14.244  37.193  41.454 0.0000000000
64516  9.614  38.674  41.752 0.0000000000
65032  12.050  39.085  42.382 0.0000000000
65037  9.778  39.375  41.849 0.0000000000
75707  30.428  0.556  46.423 0.0000000000
75719  31.088  0.324  46.090 0.0000000000
75749  22.196  6.750  47.526 0.0000000000
77538  10.797  34.454  39.989 0.0000000000
79222  6.739  23.327  35.669 0.0000000000
80919  49.745  5.990  27.966 0.0000000000
81546  10.297  39.838  41.949 0.0000000000
81692  5.893  1.087  41.190 0.0000000000
82255  12.539  22.183  41.319 0.0000000000
88506  5.464  12.760  38.575 0.0000000000
88542  8.247  32.216  40.974 0.0000000000
89244  14.427  31.666  40.630 0.0000000000
89521  9.378  21.168  34.625 0.0000000000
89921  14.267  38.882  39.782 0.0000000000
90006  7.182  24.859  35.260 0.0000000000
90220  9.566  37.562  42.576 0.0000000000
90837  12.985  -8.527  59.909 0.0000000000
91256  12.955  35.193  44.029 0.0000000000
91629  9.766  14.634  46.581 0.0000000000
91637  12.081  30.085  44.130 0.0000000000
91984  13.860  38.753  40.951 0.0000000000
