
Mon Mar  9 00:04:22 CET 2026
cd /out/sourcedata/freesurfer/sub-v1s16x0051165_ses-1
setenv SUBJECTS_DIR /out/sourcedata/freesurfer
/opt/freesurfer/bin/recon-all -autorecon-hemi lh -noparcstats -noparcstats2 -noparcstats3 -nohyporelabel -nobalabels -lh-only -openmp 16 -subjid sub-v1s16x0051165_ses-1 -sd /out/sourcedata/freesurfer

subjid sub-v1s16x0051165_ses-1
setenv SUBJECTS_DIR /out/sourcedata/freesurfer
FREESURFER_HOME /opt/freesurfer
Actual FREESURFER_HOME /opt/freesurfer
build-stamp.txt: freesurfer-linux-ubuntu22_x86_64-7.3.2-20220804-6354275
Linux dna016 5.14.0-427.37.1.el9_4.x86_64 #1 SMP PREEMPT_DYNAMIC Fri Sep 13 12:41:50 EDT 2024 x86_64 x86_64 x86_64 GNU/Linux
cputime      unlimited
filesize     unlimited
datasize     unlimited
stacksize    8192 kbytes
coredumpsize 0 kbytes
memoryuse    67108864 kbytes
vmemoryuse   unlimited
descriptors  1024 
memorylocked unlimited
maxproc      2061970 
maxlocks     unlimited
maxsignal    2061970 
maxmessage   819200 
maxnice      0 
maxrtprio    0 
maxrttime    unlimited

               total        used        free      shared  buff/cache   available
Mem:           503Gi        35Gi       446Gi       8.9Gi        20Gi       456Gi
Swap:             0B          0B          0B

########################################
program versions used
7.3.2 (freesurfer-linux-ubuntu22_x86_64-7.3.2-20220804-6354275)
7.3.2

ProgramName: lta_convert  ProgramArguments: lta_convert -all-info  ProgramVersion: 7.3.2  TimeStamp: 2026/03/08-23:04:22-GMT  BuildTime: Aug  4 2022 06:17:15  BuildStamp: freesurfer-linux-ubuntu22_x86_64-7.3.2-20220804-6354275  User: oesteban  Machine: dna016  Platform: Linux  PlatformVersion: 5.14.0-427.37.1.el9_4.x86_64  CompilerName: GCC  CompilerVersion: 8.4.0
ProgramName: mri_and  ProgramArguments: mri_and -all-info  ProgramVersion: 7.3.2  TimeStamp: 2026/03/08-23:04:22-GMT  BuildTime: Aug  4 2022 06:17:15  BuildStamp: freesurfer-linux-ubuntu22_x86_64-7.3.2-20220804-6354275  User: oesteban  Machine: dna016  Platform: Linux  PlatformVersion: 5.14.0-427.37.1.el9_4.x86_64  CompilerName: GCC  CompilerVersion: 8.4.0
ProgramName: mri_annotation2label  ProgramArguments: mri_annotation2label -all-info  ProgramVersion: 7.3.2  TimeStamp: 2026/03/08-23:04:22-GMT  BuildTime: Aug  4 2022 06:17:15  BuildStamp: freesurfer-linux-ubuntu22_x86_64-7.3.2-20220804-6354275  User: oesteban  Machine: dna016  Platform: Linux  PlatformVersion: 5.14.0-427.37.1.el9_4.x86_64  CompilerName: GCC  CompilerVersion: 8.4.0
ProgramName: mri_aparc2aseg  ProgramArguments: mri_aparc2aseg -all-info  ProgramVersion: 7.3.2  TimeStamp: 2026/03/08-23:04:22-GMT  BuildTime: Aug  4 2022 06:17:15  BuildStamp: freesurfer-linux-ubuntu22_x86_64-7.3.2-20220804-6354275  User: oesteban  Machine: dna016  Platform: Linux  PlatformVersion: 5.14.0-427.37.1.el9_4.x86_64  CompilerName: GCC  CompilerVersion: 8.4.0
ProgramName: mri_surf2volseg  ProgramArguments: mri_surf2volseg -all-info  ProgramVersion: 7.3.2  TimeStamp: 2026/03/08-23:04:22-GMT  BuildTime: Aug  4 2022 06:17:15  BuildStamp: freesurfer-linux-ubuntu22_x86_64-7.3.2-20220804-6354275  User: oesteban  Machine: dna016  Platform: Linux  PlatformVersion: 5.14.0-427.37.1.el9_4.x86_64  CompilerName: GCC  CompilerVersion: 8.4.0
ProgramName: mri_binarize  ProgramArguments: mri_binarize -all-info  ProgramVersion: 7.3.2  TimeStamp: 2026/03/08-23:04:22-GMT  BuildTime: Aug  4 2022 06:17:15  BuildStamp: freesurfer-linux-ubuntu22_x86_64-7.3.2-20220804-6354275  User: oesteban  Machine: dna016  Platform: Linux  PlatformVersion: 5.14.0-427.37.1.el9_4.x86_64  CompilerName: GCC  CompilerVersion: 8.4.0
ProgramName: mri_ca_label  ProgramArguments: mri_ca_label -all-info  ProgramVersion: 7.3.2  TimeStamp: 2026/03/08-23:04:22-GMT  BuildTime: Aug  4 2022 06:17:15  BuildStamp: freesurfer-linux-ubuntu22_x86_64-7.3.2-20220804-6354275  User: oesteban  Machine: dna016  Platform: Linux  PlatformVersion: 5.14.0-427.37.1.el9_4.x86_64  CompilerName: GCC  CompilerVersion: 8.4.0
ProgramName: mri_ca_normalize  ProgramArguments: mri_ca_normalize -all-info  ProgramVersion: 7.3.2  TimeStamp: 2026/03/08-23:04:22-GMT  BuildTime: Aug  4 2022 06:17:15  BuildStamp: freesurfer-linux-ubuntu22_x86_64-7.3.2-20220804-6354275  User: oesteban  Machine: dna016  Platform: Linux  PlatformVersion: 5.14.0-427.37.1.el9_4.x86_64  CompilerName: GCC  CompilerVersion: 8.4.0
ProgramName: mri_ca_register  ProgramArguments: mri_ca_register -all-info  ProgramVersion: 7.3.2  TimeStamp: 2026/03/08-23:04:22-GMT  BuildTime: Aug  4 2022 06:17:15  BuildStamp: freesurfer-linux-ubuntu22_x86_64-7.3.2-20220804-6354275  User: oesteban  Machine: dna016  Platform: Linux  PlatformVersion: 5.14.0-427.37.1.el9_4.x86_64  CompilerName: GCC  CompilerVersion: 8.4.0
ProgramName: mri_cc  ProgramArguments: mri_cc -all-info  ProgramVersion: 7.3.2  TimeStamp: 2026/03/08-23:04:22-GMT  BuildTime: Aug  4 2022 06:17:15  BuildStamp: freesurfer-linux-ubuntu22_x86_64-7.3.2-20220804-6354275  User: oesteban  Machine: dna016  Platform: Linux  PlatformVersion: 5.14.0-427.37.1.el9_4.x86_64  CompilerName: GCC  CompilerVersion: 8.4.0
ProgramName: mri_compute_overlap  ProgramArguments: mri_compute_overlap -all-info  ProgramVersion: 7.3.2  TimeStamp: 2026/03/08-23:04:22-GMT  BuildTime: Aug  4 2022 06:17:15  BuildStamp: freesurfer-linux-ubuntu22_x86_64-7.3.2-20220804-6354275  User: oesteban  Machine: dna016  Platform: Linux  PlatformVersion: 5.14.0-427.37.1.el9_4.x86_64  CompilerName: GCC  CompilerVersion: 8.4.0
ProgramName: mri_compute_seg_overlap  ProgramArguments: mri_compute_seg_overlap -all-info  ProgramVersion: 7.3.2  TimeStamp: 2026/03/08-23:04:22-GMT  BuildTime: Aug  4 2022 06:17:15  BuildStamp: freesurfer-linux-ubuntu22_x86_64-7.3.2-20220804-6354275  User: oesteban  Machine: dna016  Platform: Linux  PlatformVersion: 5.14.0-427.37.1.el9_4.x86_64  CompilerName: GCC  CompilerVersion: 8.4.0
ProgramName: mri_concat  ProgramArguments: mri_concat -all-info  ProgramVersion: 7.3.2  TimeStamp: 2026/03/08-23:04:22-GMT  BuildTime: Aug  4 2022 06:17:15  BuildStamp: freesurfer-linux-ubuntu22_x86_64-7.3.2-20220804-6354275  User: oesteban  Machine: dna016  Platform: Linux  PlatformVersion: 5.14.0-427.37.1.el9_4.x86_64  CompilerName: GCC  CompilerVersion: 8.4.0
ProgramName: mri_concatenate_lta  ProgramArguments: mri_concatenate_lta -all-info  ProgramVersion: 7.3.2  TimeStamp: 2026/03/08-23:04:22-GMT  BuildTime: Aug  4 2022 06:17:15  BuildStamp: freesurfer-linux-ubuntu22_x86_64-7.3.2-20220804-6354275  User: oesteban  Machine: dna016  Platform: Linux  PlatformVersion: 5.14.0-427.37.1.el9_4.x86_64  CompilerName: GCC  CompilerVersion: 8.4.0
mri_convert -all-info 
ProgramName: mri_convert  ProgramArguments: mri_convert -all-info  ProgramVersion: 7.3.2  TimeStamp: 2026/03/08-23:04:22-GMT  BuildTime: Aug  4 2022 06:17:15  BuildStamp: freesurfer-linux-ubuntu22_x86_64-7.3.2-20220804-6354275  User: oesteban  Machine: dna016  Platform: Linux  PlatformVersion: 5.14.0-427.37.1.el9_4.x86_64  CompilerName: GCC  CompilerVersion: 8.4.0
ProgramName: mri_diff  ProgramArguments: mri_diff -all-info  ProgramVersion: 7.3.2  TimeStamp: 2026/03/08-23:04:22-GMT  BuildTime: Aug  4 2022 06:17:15  BuildStamp: freesurfer-linux-ubuntu22_x86_64-7.3.2-20220804-6354275  User: oesteban  Machine: dna016  Platform: Linux  PlatformVersion: 5.14.0-427.37.1.el9_4.x86_64  CompilerName: GCC  CompilerVersion: 8.4.0
ProgramName: mri_edit_wm_with_aseg  ProgramArguments: mri_edit_wm_with_aseg -all-info  ProgramVersion: 7.3.2  TimeStamp: 2026/03/08-23:04:22-GMT  BuildTime: Aug  4 2022 06:17:15  BuildStamp: freesurfer-linux-ubuntu22_x86_64-7.3.2-20220804-6354275  User: oesteban  Machine: dna016  Platform: Linux  PlatformVersion: 5.14.0-427.37.1.el9_4.x86_64  CompilerName: GCC  CompilerVersion: 8.4.0
ProgramName: mri_em_register  ProgramArguments: mri_em_register -all-info  ProgramVersion: 7.3.2  TimeStamp: 2026/03/08-23:04:22-GMT  BuildTime: Aug  4 2022 06:17:15  BuildStamp: freesurfer-linux-ubuntu22_x86_64-7.3.2-20220804-6354275  User: oesteban  Machine: dna016  Platform: Linux  PlatformVersion: 5.14.0-427.37.1.el9_4.x86_64  CompilerName: GCC  CompilerVersion: 8.4.0
ProgramName: mri_fill  ProgramArguments: mri_fill -all-info  ProgramVersion: 7.3.2  TimeStamp: 2026/03/08-23:04:22-GMT  BuildTime: Aug  4 2022 06:17:15  BuildStamp: freesurfer-linux-ubuntu22_x86_64-7.3.2-20220804-6354275  User: oesteban  Machine: dna016  Platform: Linux  PlatformVersion: 5.14.0-427.37.1.el9_4.x86_64  CompilerName: GCC  CompilerVersion: 8.4.0
ProgramName: mri_fuse_segmentations  ProgramArguments: mri_fuse_segmentations -all-info  ProgramVersion: 7.3.2  TimeStamp: 2026/03/08-23:04:22-GMT  BuildTime: Aug  4 2022 06:17:15  BuildStamp: freesurfer-linux-ubuntu22_x86_64-7.3.2-20220804-6354275  User: oesteban  Machine: dna016  Platform: Linux  PlatformVersion: 5.14.0-427.37.1.el9_4.x86_64  CompilerName: GCC  CompilerVersion: 8.4.0
ProgramName: mri_fwhm  ProgramArguments: mri_fwhm -all-info  ProgramVersion: 7.3.2  TimeStamp: 2026/03/08-23:04:22-GMT  BuildTime: Aug  4 2022 06:17:15  BuildStamp: freesurfer-linux-ubuntu22_x86_64-7.3.2-20220804-6354275  User: oesteban  Machine: dna016  Platform: Linux  PlatformVersion: 5.14.0-427.37.1.el9_4.x86_64  CompilerName: GCC  CompilerVersion: 8.4.0
ProgramName: mri_gcut  ProgramArguments: mri_gcut -all-info  ProgramVersion: 7.3.2  TimeStamp: 2026/03/08-23:04:22-GMT  BuildTime: Aug  4 2022 06:17:15  BuildStamp: freesurfer-linux-ubuntu22_x86_64-7.3.2-20220804-6354275  User: oesteban  Machine: dna016  Platform: Linux  PlatformVersion: 5.14.0-427.37.1.el9_4.x86_64  CompilerName: GCC  CompilerVersion: 8.4.0
ProgramName: mri_info  ProgramArguments: mri_info -all-info  ProgramVersion: 7.3.2  TimeStamp: 2026/03/08-23:04:22-GMT  BuildTime: Aug  4 2022 06:17:15  BuildStamp: freesurfer-linux-ubuntu22_x86_64-7.3.2-20220804-6354275  User: oesteban  Machine: dna016  Platform: Linux  PlatformVersion: 5.14.0-427.37.1.el9_4.x86_64  CompilerName: GCC  CompilerVersion: 8.4.0
ProgramName: mri_label2label  ProgramArguments: mri_label2label -all-info  ProgramVersion: 7.3.2  TimeStamp: 2026/03/08-23:04:22-GMT  BuildTime: Aug  4 2022 06:17:15  BuildStamp: freesurfer-linux-ubuntu22_x86_64-7.3.2-20220804-6354275  User: oesteban  Machine: dna016  Platform: Linux  PlatformVersion: 5.14.0-427.37.1.el9_4.x86_64  CompilerName: GCC  CompilerVersion: 8.4.0
ProgramName: mri_label2vol  ProgramArguments: mri_label2vol -all-info  ProgramVersion: 7.3.2  TimeStamp: 2026/03/08-23:04:22-GMT  BuildTime: Aug  4 2022 06:17:15  BuildStamp: freesurfer-linux-ubuntu22_x86_64-7.3.2-20220804-6354275  User: oesteban  Machine: dna016  Platform: Linux  PlatformVersion: 5.14.0-427.37.1.el9_4.x86_64  CompilerName: GCC  CompilerVersion: 8.4.0
ProgramName: mri_log_likelihood  ProgramArguments: mri_log_likelihood -all-info  ProgramVersion: 7.3.2  TimeStamp: 2026/03/08-23:04:22-GMT  BuildTime: Aug  4 2022 06:17:15  BuildStamp: freesurfer-linux-ubuntu22_x86_64-7.3.2-20220804-6354275  User: oesteban  Machine: dna016  Platform: Linux  PlatformVersion: 5.14.0-427.37.1.el9_4.x86_64  CompilerName: GCC  CompilerVersion: 8.4.0
ProgramName: mri_mask  ProgramArguments: mri_mask -all-info  ProgramVersion: 7.3.2  TimeStamp: 2026/03/08-23:04:22-GMT  BuildTime: Aug  4 2022 06:17:15  BuildStamp: freesurfer-linux-ubuntu22_x86_64-7.3.2-20220804-6354275  User: oesteban  Machine: dna016  Platform: Linux  PlatformVersion: 5.14.0-427.37.1.el9_4.x86_64  CompilerName: GCC  CompilerVersion: 8.4.0
ProgramName: mri_matrix_multiply  ProgramArguments: mri_matrix_multiply -all-info  ProgramVersion: 7.3.2  TimeStamp: 2026/03/08-23:04:22-GMT  BuildTime: Aug  4 2022 06:17:15  BuildStamp: freesurfer-linux-ubuntu22_x86_64-7.3.2-20220804-6354275  User: oesteban  Machine: dna016  Platform: Linux  PlatformVersion: 5.14.0-427.37.1.el9_4.x86_64  CompilerName: GCC  CompilerVersion: 8.4.0
ProgramName: mri_normalize  ProgramArguments: mri_normalize -all-info  ProgramVersion: 7.3.2  TimeStamp: 2026/03/08-23:04:22-GMT  BuildTime: Aug  4 2022 06:17:15  BuildStamp: freesurfer-linux-ubuntu22_x86_64-7.3.2-20220804-6354275  User: oesteban  Machine: dna016  Platform: Linux  PlatformVersion: 5.14.0-427.37.1.el9_4.x86_64  CompilerName: GCC  CompilerVersion: 8.4.0
ProgramName: mri_normalize_tp2  ProgramArguments: mri_normalize_tp2 -all-info  ProgramVersion: 7.3.2  TimeStamp: 2026/03/08-23:04:22-GMT  BuildTime: Aug  4 2022 06:17:15  BuildStamp: freesurfer-linux-ubuntu22_x86_64-7.3.2-20220804-6354275  User: oesteban  Machine: dna016  Platform: Linux  PlatformVersion: 5.14.0-427.37.1.el9_4.x86_64  CompilerName: GCC  CompilerVersion: 8.4.0
ProgramName: mri_or  ProgramArguments: mri_or -all-info  ProgramVersion: 7.3.2  TimeStamp: 2026/03/08-23:04:22-GMT  BuildTime: Aug  4 2022 06:17:15  BuildStamp: freesurfer-linux-ubuntu22_x86_64-7.3.2-20220804-6354275  User: oesteban  Machine: dna016  Platform: Linux  PlatformVersion: 5.14.0-427.37.1.el9_4.x86_64  CompilerName: GCC  CompilerVersion: 8.4.0
ProgramName: mri_relabel_hypointensities  ProgramArguments: mri_relabel_hypointensities -all-info  ProgramVersion: 7.3.2  TimeStamp: 2026/03/08-23:04:22-GMT  BuildTime: Aug  4 2022 06:17:15  BuildStamp: freesurfer-linux-ubuntu22_x86_64-7.3.2-20220804-6354275  User: oesteban  Machine: dna016  Platform: Linux  PlatformVersion: 5.14.0-427.37.1.el9_4.x86_64  CompilerName: GCC  CompilerVersion: 8.4.0
ProgramName: mri_relabel_nonwm_hypos  ProgramArguments: mri_relabel_nonwm_hypos -all-info  ProgramVersion: 7.3.2  TimeStamp: 2026/03/08-23:04:22-GMT  BuildTime: Aug  4 2022 06:17:15  BuildStamp: freesurfer-linux-ubuntu22_x86_64-7.3.2-20220804-6354275  User: oesteban  Machine: dna016  Platform: Linux  PlatformVersion: 5.14.0-427.37.1.el9_4.x86_64  CompilerName: GCC  CompilerVersion: 8.4.0
ProgramName: mri_remove_neck  ProgramArguments: mri_remove_neck -all-info  ProgramVersion: 7.3.2  TimeStamp: 2026/03/08-23:04:22-GMT  BuildTime: Aug  4 2022 06:17:15  BuildStamp: freesurfer-linux-ubuntu22_x86_64-7.3.2-20220804-6354275  User: oesteban  Machine: dna016  Platform: Linux  PlatformVersion: 5.14.0-427.37.1.el9_4.x86_64  CompilerName: GCC  CompilerVersion: 8.4.0
7.3.2

ProgramName: mri_robust_register  ProgramArguments: mri_robust_register -all-info  ProgramVersion: 7.3.2  TimeStamp: 2026/03/08-23:04:22-GMT  BuildTime: Aug  4 2022 06:17:15  BuildStamp: freesurfer-linux-ubuntu22_x86_64-7.3.2-20220804-6354275  User: oesteban  Machine: dna016  Platform: Linux  PlatformVersion: 5.14.0-427.37.1.el9_4.x86_64  CompilerName: GCC  CompilerVersion: 8.4.0
7.3.2

ProgramName: mri_robust_template  ProgramArguments: mri_robust_template -all-info  ProgramVersion: 7.3.2  TimeStamp: 2026/03/08-23:04:22-GMT  BuildTime: Aug  4 2022 06:17:15  BuildStamp: freesurfer-linux-ubuntu22_x86_64-7.3.2-20220804-6354275  User: oesteban  Machine: dna016  Platform: Linux  PlatformVersion: 5.14.0-427.37.1.el9_4.x86_64  CompilerName: GCC  CompilerVersion: 8.4.0
ProgramName: mris_anatomical_stats  ProgramArguments: mris_anatomical_stats -all-info  ProgramVersion: 7.3.2  TimeStamp: 2026/03/08-23:04:22-GMT  BuildTime: Aug  4 2022 06:17:15  BuildStamp: freesurfer-linux-ubuntu22_x86_64-7.3.2-20220804-6354275  User: oesteban  Machine: dna016  Platform: Linux  PlatformVersion: 5.14.0-427.37.1.el9_4.x86_64  CompilerName: GCC  CompilerVersion: 8.4.0
ProgramName: mris_ca_label  ProgramArguments: mris_ca_label -all-info  ProgramVersion: 7.3.2  TimeStamp: 2026/03/08-23:04:22-GMT  BuildTime: Aug  4 2022 06:17:15  BuildStamp: freesurfer-linux-ubuntu22_x86_64-7.3.2-20220804-6354275  User: oesteban  Machine: dna016  Platform: Linux  PlatformVersion: 5.14.0-427.37.1.el9_4.x86_64  CompilerName: GCC  CompilerVersion: 8.4.0
ProgramName: mris_calc  ProgramArguments: mris_calc -all-info  ProgramVersion: 7.3.2  TimeStamp: 2026/03/08-23:04:22-GMT  BuildTime: Aug  4 2022 06:17:15  BuildStamp: freesurfer-linux-ubuntu22_x86_64-7.3.2-20220804-6354275  User: oesteban  Machine: dna016  Platform: Linux  PlatformVersion: 5.14.0-427.37.1.el9_4.x86_64  CompilerName: GCC  CompilerVersion: 8.4.0
ProgramName: mris_convert  ProgramArguments: mris_convert -all-info  ProgramVersion: 7.3.2  TimeStamp: 2026/03/08-23:04:22-GMT  BuildTime: Aug  4 2022 06:17:15  BuildStamp: freesurfer-linux-ubuntu22_x86_64-7.3.2-20220804-6354275  User: oesteban  Machine: dna016  Platform: Linux  PlatformVersion: 5.14.0-427.37.1.el9_4.x86_64  CompilerName: GCC  CompilerVersion: 8.4.0
ProgramName: mris_curvature  ProgramArguments: mris_curvature -all-info  ProgramVersion: 7.3.2  TimeStamp: 2026/03/08-23:04:22-GMT  BuildTime: Aug  4 2022 06:17:15  BuildStamp: freesurfer-linux-ubuntu22_x86_64-7.3.2-20220804-6354275  User: oesteban  Machine: dna016  Platform: Linux  PlatformVersion: 5.14.0-427.37.1.el9_4.x86_64  CompilerName: GCC  CompilerVersion: 8.4.0
ProgramName: mris_curvature_stats  ProgramArguments: mris_curvature_stats -all-info  ProgramVersion: 7.3.2  TimeStamp: 2026/03/08-23:04:22-GMT  BuildTime: Aug  4 2022 06:17:15  BuildStamp: freesurfer-linux-ubuntu22_x86_64-7.3.2-20220804-6354275  User: oesteban  Machine: dna016  Platform: Linux  PlatformVersion: 5.14.0-427.37.1.el9_4.x86_64  CompilerName: GCC  CompilerVersion: 8.4.0
ProgramName: mris_diff  ProgramArguments: mris_diff -all-info  ProgramVersion: 7.3.2  TimeStamp: 2026/03/08-23:04:22-GMT  BuildTime: Aug  4 2022 06:17:15  BuildStamp: freesurfer-linux-ubuntu22_x86_64-7.3.2-20220804-6354275  User: oesteban  Machine: dna016  Platform: Linux  PlatformVersion: 5.14.0-427.37.1.el9_4.x86_64  CompilerName: GCC  CompilerVersion: 8.4.0
ProgramName: mris_divide_parcellation  ProgramArguments: mris_divide_parcellation -all-info  ProgramVersion: 7.3.2  TimeStamp: 2026/03/08-23:04:22-GMT  BuildTime: Aug  4 2022 06:17:15  BuildStamp: freesurfer-linux-ubuntu22_x86_64-7.3.2-20220804-6354275  User: oesteban  Machine: dna016  Platform: Linux  PlatformVersion: 5.14.0-427.37.1.el9_4.x86_64  CompilerName: GCC  CompilerVersion: 8.4.0
ProgramName: mri_segment  ProgramArguments: mri_segment -all-info  ProgramVersion: 7.3.2  TimeStamp: 2026/03/08-23:04:22-GMT  BuildTime: Aug  4 2022 06:17:15  BuildStamp: freesurfer-linux-ubuntu22_x86_64-7.3.2-20220804-6354275  User: oesteban  Machine: dna016  Platform: Linux  PlatformVersion: 5.14.0-427.37.1.el9_4.x86_64  CompilerName: GCC  CompilerVersion: 8.4.0
ProgramName: mri_segstats  ProgramArguments: mri_segstats -all-info  ProgramVersion: 7.3.2  TimeStamp: 2026/03/08-23:04:22-GMT  BuildTime: Aug  4 2022 06:17:15  BuildStamp: freesurfer-linux-ubuntu22_x86_64-7.3.2-20220804-6354275  User: oesteban  Machine: dna016  Platform: Linux  PlatformVersion: 5.14.0-427.37.1.el9_4.x86_64  CompilerName: GCC  CompilerVersion: 8.4.0
ProgramName: mris_euler_number  ProgramArguments: mris_euler_number -all-info  ProgramVersion: 7.3.2  TimeStamp: 2026/03/08-23:04:22-GMT  BuildTime: Aug  4 2022 06:17:15  BuildStamp: freesurfer-linux-ubuntu22_x86_64-7.3.2-20220804-6354275  User: oesteban  Machine: dna016  Platform: Linux  PlatformVersion: 5.14.0-427.37.1.el9_4.x86_64  CompilerName: GCC  CompilerVersion: 8.4.0
ProgramName: mris_fix_topology  ProgramArguments: mris_fix_topology -all-info  ProgramVersion: 7.3.2  TimeStamp: 2026/03/08-23:04:22-GMT  BuildTime: Aug  4 2022 06:17:15  BuildStamp: freesurfer-linux-ubuntu22_x86_64-7.3.2-20220804-6354275  User: oesteban  Machine: dna016  Platform: Linux  PlatformVersion: 5.14.0-427.37.1.el9_4.x86_64  CompilerName: GCC  CompilerVersion: 8.4.0
ProgramName: mris_topo_fixer  ProgramArguments: mris_topo_fixer -all-info  ProgramVersion: 7.3.2  TimeStamp: 2026/03/08-23:04:22-GMT  BuildTime: Aug  4 2022 06:17:15  BuildStamp: freesurfer-linux-ubuntu22_x86_64-7.3.2-20220804-6354275  User: oesteban  Machine: dna016  Platform: Linux  PlatformVersion: 5.14.0-427.37.1.el9_4.x86_64  CompilerName: GCC  CompilerVersion: 8.4.0
ProgramName: mris_jacobian  ProgramArguments: mris_jacobian -all-info  ProgramVersion: 7.3.2  TimeStamp: 2026/03/08-23:04:22-GMT  BuildTime: Aug  4 2022 06:17:15  BuildStamp: freesurfer-linux-ubuntu22_x86_64-7.3.2-20220804-6354275  User: oesteban  Machine: dna016  Platform: Linux  PlatformVersion: 5.14.0-427.37.1.el9_4.x86_64  CompilerName: GCC  CompilerVersion: 8.4.0
ProgramName: mris_label2annot  ProgramArguments: mris_label2annot -all-info  ProgramVersion: 7.3.2  TimeStamp: 2026/03/08-23:04:22-GMT  BuildTime: Aug  4 2022 06:17:15  BuildStamp: freesurfer-linux-ubuntu22_x86_64-7.3.2-20220804-6354275  User: oesteban  Machine: dna016  Platform: Linux  PlatformVersion: 5.14.0-427.37.1.el9_4.x86_64  CompilerName: GCC  CompilerVersion: 8.4.0
ProgramName: mris_left_right_register  ProgramArguments: mris_left_right_register -all-info  ProgramVersion: 7.3.2  TimeStamp: 2026/03/08-23:04:22-GMT  BuildTime: Aug  4 2022 06:17:15  BuildStamp: freesurfer-linux-ubuntu22_x86_64-7.3.2-20220804-6354275  User: oesteban  Machine: dna016  Platform: Linux  PlatformVersion: 5.14.0-427.37.1.el9_4.x86_64  CompilerName: GCC  CompilerVersion: 8.4.0
ProgramName: mris_place_surface  ProgramArguments: mris_place_surface -all-info  ProgramVersion: 7.3.2  TimeStamp: 2026/03/08-23:04:22-GMT  BuildTime: Aug  4 2022 06:17:15  BuildStamp: freesurfer-linux-ubuntu22_x86_64-7.3.2-20220804-6354275  User: oesteban  Machine: dna016  Platform: Linux  PlatformVersion: 5.14.0-427.37.1.el9_4.x86_64  CompilerName: GCC  CompilerVersion: 8.4.0
ProgramName: mrisp_paint  ProgramArguments: mrisp_paint -all-info  ProgramVersion: 7.3.2  TimeStamp: 2026/03/08-23:04:22-GMT  BuildTime: Aug  4 2022 06:17:15  BuildStamp: freesurfer-linux-ubuntu22_x86_64-7.3.2-20220804-6354275  User: oesteban  Machine: dna016  Platform: Linux  PlatformVersion: 5.14.0-427.37.1.el9_4.x86_64  CompilerName: GCC  CompilerVersion: 8.4.0
ProgramName: mris_register  ProgramArguments: mris_register -all-info  ProgramVersion: 7.3.2  TimeStamp: 2026/03/08-23:04:22-GMT  BuildTime: Aug  4 2022 06:17:15  BuildStamp: freesurfer-linux-ubuntu22_x86_64-7.3.2-20220804-6354275  User: oesteban  Machine: dna016  Platform: Linux  PlatformVersion: 5.14.0-427.37.1.el9_4.x86_64  CompilerName: GCC  CompilerVersion: 8.4.0
ProgramName: mris_smooth  ProgramArguments: mris_smooth -all-info  ProgramVersion: 7.3.2  TimeStamp: 2026/03/08-23:04:22-GMT  BuildTime: Aug  4 2022 06:17:15  BuildStamp: freesurfer-linux-ubuntu22_x86_64-7.3.2-20220804-6354275  User: oesteban  Machine: dna016  Platform: Linux  PlatformVersion: 5.14.0-427.37.1.el9_4.x86_64  CompilerName: GCC  CompilerVersion: 8.4.0
ProgramName: mris_sphere  ProgramArguments: mris_sphere -all-info  ProgramVersion: 7.3.2  TimeStamp: 2026/03/08-23:04:22-GMT  BuildTime: Aug  4 2022 06:17:15  BuildStamp: freesurfer-linux-ubuntu22_x86_64-7.3.2-20220804-6354275  User: oesteban  Machine: dna016  Platform: Linux  PlatformVersion: 5.14.0-427.37.1.el9_4.x86_64  CompilerName: GCC  CompilerVersion: 8.4.0
ProgramName: mris_surface_stats  ProgramArguments: mris_surface_stats -all-info  ProgramVersion: 7.3.2  TimeStamp: 2026/03/08-23:04:22-GMT  BuildTime: Aug  4 2022 06:17:15  BuildStamp: freesurfer-linux-ubuntu22_x86_64-7.3.2-20220804-6354275  User: oesteban  Machine: dna016  Platform: Linux  PlatformVersion: 5.14.0-427.37.1.el9_4.x86_64  CompilerName: GCC  CompilerVersion: 8.4.0
ProgramName: mri_stats2seg  ProgramArguments: mri_stats2seg -all-info  ProgramVersion: 7.3.2  TimeStamp: 2026/03/08-23:04:22-GMT  BuildTime: Aug  4 2022 06:17:15  BuildStamp: freesurfer-linux-ubuntu22_x86_64-7.3.2-20220804-6354275  User: oesteban  Machine: dna016  Platform: Linux  PlatformVersion: 5.14.0-427.37.1.el9_4.x86_64  CompilerName: GCC  CompilerVersion: 8.4.0
ProgramName: mris_thickness  ProgramArguments: mris_thickness -all-info  ProgramVersion: 7.3.2  TimeStamp: 2026/03/08-23:04:22-GMT  BuildTime: Aug  4 2022 06:17:15  BuildStamp: freesurfer-linux-ubuntu22_x86_64-7.3.2-20220804-6354275  User: oesteban  Machine: dna016  Platform: Linux  PlatformVersion: 5.14.0-427.37.1.el9_4.x86_64  CompilerName: GCC  CompilerVersion: 8.4.0
ProgramName: mris_thickness_diff  ProgramArguments: mris_thickness_diff -all-info  ProgramVersion: 7.3.2  TimeStamp: 2026/03/08-23:04:22-GMT  BuildTime: Aug  4 2022 06:17:15  BuildStamp: freesurfer-linux-ubuntu22_x86_64-7.3.2-20220804-6354275  User: oesteban  Machine: dna016  Platform: Linux  PlatformVersion: 5.14.0-427.37.1.el9_4.x86_64  CompilerName: GCC  CompilerVersion: 8.4.0
ProgramName: mris_topo_fixer  ProgramArguments: mris_topo_fixer -all-info  ProgramVersion: 7.3.2  TimeStamp: 2026/03/08-23:04:22-GMT  BuildTime: Aug  4 2022 06:17:15  BuildStamp: freesurfer-linux-ubuntu22_x86_64-7.3.2-20220804-6354275  User: oesteban  Machine: dna016  Platform: Linux  PlatformVersion: 5.14.0-427.37.1.el9_4.x86_64  CompilerName: GCC  CompilerVersion: 8.4.0
ProgramName: mri_surf2surf  ProgramArguments: mri_surf2surf -all-info  ProgramVersion: 7.3.2  TimeStamp: 2026/03/08-23:04:22-GMT  BuildTime: Aug  4 2022 06:17:15  BuildStamp: freesurfer-linux-ubuntu22_x86_64-7.3.2-20220804-6354275  User: oesteban  Machine: dna016  Platform: Linux  PlatformVersion: 5.14.0-427.37.1.el9_4.x86_64  CompilerName: GCC  CompilerVersion: 8.4.0
ProgramName: mri_surf2vol  ProgramArguments: mri_surf2vol -all-info  ProgramVersion: 7.3.2  TimeStamp: 2026/03/08-23:04:22-GMT  BuildTime: Aug  4 2022 06:17:15  BuildStamp: freesurfer-linux-ubuntu22_x86_64-7.3.2-20220804-6354275  User: oesteban  Machine: dna016  Platform: Linux  PlatformVersion: 5.14.0-427.37.1.el9_4.x86_64  CompilerName: GCC  CompilerVersion: 8.4.0
ProgramName: mri_surfcluster  ProgramArguments: mri_surfcluster -all-info  ProgramVersion: 7.3.2  TimeStamp: 2026/03/08-23:04:22-GMT  BuildTime: Aug  4 2022 06:17:15  BuildStamp: freesurfer-linux-ubuntu22_x86_64-7.3.2-20220804-6354275  User: oesteban  Machine: dna016  Platform: Linux  PlatformVersion: 5.14.0-427.37.1.el9_4.x86_64  CompilerName: GCC  CompilerVersion: 8.4.0
ProgramName: mris_volmask  ProgramArguments: mris_volmask -all-info  ProgramVersion: 7.3.2  TimeStamp: 2026/03/08-23:04:22-GMT  BuildTime: Aug  4 2022 06:17:15  BuildStamp: freesurfer-linux-ubuntu22_x86_64-7.3.2-20220804-6354275  User: oesteban  Machine: dna016  Platform: Linux  PlatformVersion: 5.14.0-427.37.1.el9_4.x86_64  CompilerName: GCC  CompilerVersion: 8.4.0
ProgramName: mri_tessellate  ProgramArguments: mri_tessellate -all-info  ProgramVersion: 7.3.2  TimeStamp: 2026/03/08-23:04:22-GMT  BuildTime: Aug  4 2022 06:17:15  BuildStamp: freesurfer-linux-ubuntu22_x86_64-7.3.2-20220804-6354275  User: oesteban  Machine: dna016  Platform: Linux  PlatformVersion: 5.14.0-427.37.1.el9_4.x86_64  CompilerName: GCC  CompilerVersion: 8.4.0
ProgramName: mri_vol2surf  ProgramArguments: mri_vol2surf -all-info  ProgramVersion: 7.3.2  TimeStamp: 2026/03/08-23:04:22-GMT  BuildTime: Aug  4 2022 06:17:15  BuildStamp: freesurfer-linux-ubuntu22_x86_64-7.3.2-20220804-6354275  User: oesteban  Machine: dna016  Platform: Linux  PlatformVersion: 5.14.0-427.37.1.el9_4.x86_64  CompilerName: GCC  CompilerVersion: 8.4.0
ProgramName: mri_vol2vol  ProgramArguments: mri_vol2vol -all-info  ProgramVersion: 7.3.2  TimeStamp: 2026/03/08-23:04:22-GMT  BuildTime: Aug  4 2022 06:17:15  BuildStamp: freesurfer-linux-ubuntu22_x86_64-7.3.2-20220804-6354275  User: oesteban  Machine: dna016  Platform: Linux  PlatformVersion: 5.14.0-427.37.1.el9_4.x86_64  CompilerName: GCC  CompilerVersion: 8.4.0
ProgramName: mri_voldiff  ProgramArguments: mri_voldiff -all-info  ProgramVersion: 7.3.2  TimeStamp: 2026/03/08-23:04:22-GMT  BuildTime: Aug  4 2022 06:17:15  BuildStamp: freesurfer-linux-ubuntu22_x86_64-7.3.2-20220804-6354275  User: oesteban  Machine: dna016  Platform: Linux  PlatformVersion: 5.14.0-427.37.1.el9_4.x86_64  CompilerName: GCC  CompilerVersion: 8.4.0
ProgramName: mri_watershed  ProgramArguments: mri_watershed -all-info  ProgramVersion: 7.3.2  TimeStamp: 2026/03/08-23:04:22-GMT  BuildTime: Aug  4 2022 06:17:15  BuildStamp: freesurfer-linux-ubuntu22_x86_64-7.3.2-20220804-6354275  User: oesteban  Machine: dna016  Platform: Linux  PlatformVersion: 5.14.0-427.37.1.el9_4.x86_64  CompilerName: GCC  CompilerVersion: 8.4.0
ProgramName: tkregister2  ProgramArguments: tkregister2_cmdl -all-info  ProgramVersion: 7.3.2  TimeStamp: 2026/03/08-23:04:22-GMT  BuildTime: Aug  4 2022 06:17:15  BuildStamp: freesurfer-linux-ubuntu22_x86_64-7.3.2-20220804-6354275  User: oesteban  Machine: dna016  Platform: Linux  PlatformVersion: 5.14.0-427.37.1.el9_4.x86_64  CompilerName: GCC  CompilerVersion: 8.4.0
mri_motion_correct.fsl 7.3.2
mri_convert -all-info 
ProgramName: mri_convert  ProgramArguments: mri_convert -all-info  ProgramVersion: 7.3.2  TimeStamp: 2026/03/08-23:04:22-GMT  BuildTime: Aug  4 2022 06:17:15  BuildStamp: freesurfer-linux-ubuntu22_x86_64-7.3.2-20220804-6354275  User: oesteban  Machine: dna016  Platform: Linux  PlatformVersion: 5.14.0-427.37.1.el9_4.x86_64  CompilerName: GCC  CompilerVersion: 8.4.0
Program nu_correct, built from:
Package MNI N3, version 1.12.0, compiled by nicks@terrier (x86_64-unknown-linux-gnu) on 2015-06-19 at 01:25:34
#######################################
GCADIR /opt/freesurfer/average
GCA RB_all_2020-01-02.gca
GCASkull RB_all_withskull_2020_01_02.gca
AvgCurvTif folding.atlas.acfb40.noaparc.i12.2016-08-02.tif
GCSDIR /opt/freesurfer/average
GCS DKaparc.atlas.acfb40.noaparc.i12.2016-08-02.gcs
#######################################
#--------------------------------------------
#@# Tessellate lh Mon Mar  9 00:04:22 CET 2026
/out/sourcedata/freesurfer/sub-v1s16x0051165_ses-1/scripts

 mri_pretess ../mri/filled.mgz 255 ../mri/norm.mgz ../mri/filled-pretess255.mgz 


Iteration Number : 1
pass   1 (xy+):   2 found -   2 modified     |    TOTAL:   2
pass   2 (xy+):   0 found -   2 modified     |    TOTAL:   2
pass   1 (xy-):   1 found -   1 modified     |    TOTAL:   3
pass   2 (xy-):   0 found -   1 modified     |    TOTAL:   3
pass   1 (yz+):   4 found -   4 modified     |    TOTAL:   7
pass   2 (yz+):   0 found -   4 modified     |    TOTAL:   7
pass   1 (yz-):   2 found -   2 modified     |    TOTAL:   9
pass   2 (yz-):   0 found -   2 modified     |    TOTAL:   9
pass   1 (xz+):   1 found -   1 modified     |    TOTAL:  10
pass   2 (xz+):   0 found -   1 modified     |    TOTAL:  10
pass   1 (xz-):   0 found -   0 modified     |    TOTAL:  10
Iteration Number : 1
pass   1 (+++):   0 found -   0 modified     |    TOTAL:   0
pass   1 (+++):   0 found -   0 modified     |    TOTAL:   0
pass   1 (+++):   0 found -   0 modified     |    TOTAL:   0
pass   1 (+++):   0 found -   0 modified     |    TOTAL:   0
Iteration Number : 1
pass   1 (++):   0 found -   0 modified     |    TOTAL:   0
pass   1 (+-):   0 found -   0 modified     |    TOTAL:   0
pass   1 (--):   0 found -   0 modified     |    TOTAL:   0
pass   1 (-+):   0 found -   0 modified     |    TOTAL:   0
Iteration Number : 2
pass   1 (xy+):   0 found -   0 modified     |    TOTAL:   0
pass   1 (xy-):   0 found -   0 modified     |    TOTAL:   0
pass   1 (yz+):   0 found -   0 modified     |    TOTAL:   0
pass   1 (yz-):   0 found -   0 modified     |    TOTAL:   0
pass   1 (xz+):   0 found -   0 modified     |    TOTAL:   0
pass   1 (xz-):   0 found -   0 modified     |    TOTAL:   0
Iteration Number : 2
pass   1 (+++):   0 found -   0 modified     |    TOTAL:   0
pass   1 (+++):   0 found -   0 modified     |    TOTAL:   0
pass   1 (+++):   0 found -   0 modified     |    TOTAL:   0
pass   1 (+++):   0 found -   0 modified     |    TOTAL:   0
Iteration Number : 2
pass   1 (++):   0 found -   0 modified     |    TOTAL:   0
pass   1 (+-):   0 found -   0 modified     |    TOTAL:   0
pass   1 (--):   0 found -   0 modified     |    TOTAL:   0
pass   1 (-+):   0 found -   0 modified     |    TOTAL:   0

Total Number of Modified Voxels = 10 (out of 217528: 0.004597)
Ambiguous edge configurations... 

mri_pretess done


 mri_tessellate ../mri/filled-pretess255.mgz 255 ../surf/lh.orig.nofix 

7.3.2
  7.3.2
slice 40: 28 vertices, 38 faces
slice 50: 4086 vertices, 4308 faces
slice 60: 11094 vertices, 11356 faces
slice 70: 19090 vertices, 19426 faces
slice 80: 28539 vertices, 28844 faces
slice 90: 37481 vertices, 37805 faces
slice 100: 46776 vertices, 47144 faces
slice 110: 57542 vertices, 57933 faces
slice 120: 67972 vertices, 68347 faces
slice 130: 77303 vertices, 77643 faces
slice 140: 85246 vertices, 85551 faces
slice 150: 91203 vertices, 91482 faces
slice 160: 97622 vertices, 97910 faces
slice 170: 103726 vertices, 103967 faces
slice 180: 108009 vertices, 108191 faces
slice 190: 111049 vertices, 111214 faces
slice 200: 112379 vertices, 112442 faces
slice 210: 112398 vertices, 112454 faces
slice 220: 112398 vertices, 112454 faces
slice 230: 112398 vertices, 112454 faces
slice 240: 112398 vertices, 112454 faces
slice 250: 112398 vertices, 112454 faces
using the conformed surface RAS to save vertex points...
writing ../surf/lh.orig.nofix
using vox2ras matrix:
-1.00000   0.00000   0.00000   128.00000;
 0.00000   0.00000   1.00000  -128.00000;
 0.00000  -1.00000   0.00000   128.00000;
 0.00000   0.00000   0.00000   1.00000;

 rm -f ../mri/filled-pretess255.mgz 


 mris_extract_main_component ../surf/lh.orig.nofix ../surf/lh.orig.nofix 


counting number of connected components...
   112398 voxel in cpt #1: X=-56 [v=112398,e=337362,f=224908] located at (-25.713198, -18.198820, 35.133686)
For the whole surface: X=-56 [v=112398,e=337362,f=224908]
One single component has been found
nothing to do
done

#--------------------------------------------
#@# Smooth1 lh Mon Mar  9 00:04:25 CET 2026
/out/sourcedata/freesurfer/sub-v1s16x0051165_ses-1/scripts

 mris_smooth -nw -seed 1234 ../surf/lh.orig.nofix ../surf/lh.smoothwm.nofix 

setting seed for random number generator to 1234
smoothing surface tessellation for 10 iterations...
smoothing complete - recomputing first and second fundamental forms...
#--------------------------------------------
#@# Inflation1 lh Mon Mar  9 00:04:28 CET 2026
/out/sourcedata/freesurfer/sub-v1s16x0051165_ses-1/scripts

 mris_inflate -no-save-sulc ../surf/lh.smoothwm.nofix ../surf/lh.inflated.nofix 

Not saving sulc
Reading ../surf/lh.smoothwm.nofix
avg radius = 45.3 mm, total surface area = 60530 mm^2
step 000: RMS=0.156 (target=0.015)   step 005: RMS=0.122 (target=0.015)   step 010: RMS=0.094 (target=0.015)   step 015: RMS=0.081 (target=0.015)   step 020: RMS=0.072 (target=0.015)   step 025: RMS=0.065 (target=0.015)   step 030: RMS=0.060 (target=0.015)   step 035: RMS=0.057 (target=0.015)   step 040: RMS=0.054 (target=0.015)   step 045: RMS=0.053 (target=0.015)   step 050: RMS=0.051 (target=0.015)   step 055: RMS=0.050 (target=0.015)   step 060: RMS=0.049 (target=0.015)   writing inflated surface to ../surf/lh.inflated.nofix
inflation took 0.2 minutes

inflation complete.
Not saving sulc
mris_inflate utimesec    56.370993
mris_inflate stimesec    1.729733
mris_inflate ru_maxrss   179792
mris_inflate ru_ixrss    0
mris_inflate ru_idrss    0
mris_inflate ru_isrss    0
mris_inflate ru_minflt   499960
mris_inflate ru_majflt   38
mris_inflate ru_nswap    0
mris_inflate ru_inblock  1672
mris_inflate ru_oublock  7912
mris_inflate ru_msgsnd   0
mris_inflate ru_msgrcv   0
mris_inflate ru_nsignals 0
mris_inflate ru_nvcsw    8980
mris_inflate ru_nivcsw   310
#--------------------------------------------
#@# QSphere lh Mon Mar  9 00:04:40 CET 2026
/out/sourcedata/freesurfer/sub-v1s16x0051165_ses-1/scripts

 mris_sphere -q -p 6 -a 128 -seed 1234 ../surf/lh.inflated.nofix ../surf/lh.qsphere.nofix 

doing quick spherical unfolding.
limitting unfolding to 6 passes
using n_averages = 128
setting seed for random number genererator to 1234
version: 7.3.2
available threads: 16
scaling brain by 0.330...
inflating...
projecting onto sphere...
surface projected - minimizing metric distortion...
vertex spacing 1.06 +- 0.64 (0.00-->8.88) (max @ vno 45526 --> 46517)
face area 0.03 +- 0.04 (-0.23-->0.76)
Entering MRISinflateToSphere()
inflating to sphere (rms error < 2.00)
000: dt: 0.0000, rms radial error=177.027, avgs=0
005/300: dt: 0.9000, rms radial error=176.772, avgs=0
010/300: dt: 0.9000, rms radial error=176.220, avgs=0
015/300: dt: 0.9000, rms radial error=175.490, avgs=0
020/300: dt: 0.9000, rms radial error=174.658, avgs=0
025/300: dt: 0.9000, rms radial error=173.767, avgs=0
030/300: dt: 0.9000, rms radial error=172.844, avgs=0
035/300: dt: 0.9000, rms radial error=171.903, avgs=0
040/300: dt: 0.9000, rms radial error=170.958, avgs=0
045/300: dt: 0.9000, rms radial error=170.012, avgs=0
050/300: dt: 0.9000, rms radial error=169.069, avgs=0
055/300: dt: 0.9000, rms radial error=168.127, avgs=0
060/300: dt: 0.9000, rms radial error=167.189, avgs=0
065/300: dt: 0.9000, rms radial error=166.256, avgs=0
070/300: dt: 0.9000, rms radial error=165.327, avgs=0
075/300: dt: 0.9000, rms radial error=164.402, avgs=0
080/300: dt: 0.9000, rms radial error=163.482, avgs=0
085/300: dt: 0.9000, rms radial error=162.567, avgs=0
090/300: dt: 0.9000, rms radial error=161.657, avgs=0
095/300: dt: 0.9000, rms radial error=160.753, avgs=0
100/300: dt: 0.9000, rms radial error=159.854, avgs=0
105/300: dt: 0.9000, rms radial error=158.960, avgs=0
110/300: dt: 0.9000, rms radial error=158.070, avgs=0
115/300: dt: 0.9000, rms radial error=157.185, avgs=0
120/300: dt: 0.9000, rms radial error=156.305, avgs=0
125/300: dt: 0.9000, rms radial error=155.429, avgs=0
130/300: dt: 0.9000, rms radial error=154.557, avgs=0
135/300: dt: 0.9000, rms radial error=153.690, avgs=0
140/300: dt: 0.9000, rms radial error=152.828, avgs=0
145/300: dt: 0.9000, rms radial error=151.970, avgs=0
150/300: dt: 0.9000, rms radial error=151.117, avgs=0
155/300: dt: 0.9000, rms radial error=150.268, avgs=0
160/300: dt: 0.9000, rms radial error=149.424, avgs=0
165/300: dt: 0.9000, rms radial error=148.585, avgs=0
170/300: dt: 0.9000, rms radial error=147.751, avgs=0
175/300: dt: 0.9000, rms radial error=146.921, avgs=0
180/300: dt: 0.9000, rms radial error=146.096, avgs=0
185/300: dt: 0.9000, rms radial error=145.275, avgs=0
190/300: dt: 0.9000, rms radial error=144.458, avgs=0
195/300: dt: 0.9000, rms radial error=143.647, avgs=0
200/300: dt: 0.9000, rms radial error=142.839, avgs=0
205/300: dt: 0.9000, rms radial error=142.036, avgs=0
210/300: dt: 0.9000, rms radial error=141.237, avgs=0
215/300: dt: 0.9000, rms radial error=140.443, avgs=0
220/300: dt: 0.9000, rms radial error=139.653, avgs=0
225/300: dt: 0.9000, rms radial error=138.868, avgs=0
230/300: dt: 0.9000, rms radial error=138.087, avgs=0
235/300: dt: 0.9000, rms radial error=137.310, avgs=0
240/300: dt: 0.9000, rms radial error=136.537, avgs=0
245/300: dt: 0.9000, rms radial error=135.769, avgs=0
250/300: dt: 0.9000, rms radial error=135.005, avgs=0
255/300: dt: 0.9000, rms radial error=134.245, avgs=0
260/300: dt: 0.9000, rms radial error=133.489, avgs=0
265/300: dt: 0.9000, rms radial error=132.738, avgs=0
270/300: dt: 0.9000, rms radial error=131.991, avgs=0
275/300: dt: 0.9000, rms radial error=131.249, avgs=0
280/300: dt: 0.9000, rms radial error=130.510, avgs=0
285/300: dt: 0.9000, rms radial error=129.776, avgs=0
290/300: dt: 0.9000, rms radial error=129.046, avgs=0
295/300: dt: 0.9000, rms radial error=128.319, avgs=0
300/300: dt: 0.9000, rms radial error=127.597, avgs=0

spherical inflation complete.
epoch 1 (K=10.0), pass 1, starting sse = 12871.64
taking momentum steps...
taking momentum steps...
taking momentum steps...
taking momentum steps...
pass 1 complete, delta sse/iter = 0.01/13 = 0.00057
epoch 2 (K=40.0), pass 1, starting sse = 2026.06
taking momentum steps...
taking momentum steps...
taking momentum steps...
taking momentum steps...
pass 1 complete, delta sse/iter = 0.00/13 = 0.00020
epoch 3 (K=160.0), pass 1, starting sse = 207.23
taking momentum steps...
taking momentum steps...
taking momentum steps...
taking momentum steps...
pass 1 complete, delta sse/iter = 0.12/14 = 0.00866
epoch 4 (K=640.0), pass 1, starting sse = 16.34
taking momentum steps...
taking momentum steps...
taking momentum steps...
taking momentum steps...
pass 1 complete, delta sse/iter = 0.09/17 = 0.00529
final distance error %100000.00
writing spherical brain to ../surf/lh.qsphere.nofix
spherical transformation took 0.0194 hours
FSRUNTIME@ mris_sphere  0.0194 hours 16 threads
#VMPC# mris_sphere VmPeak  1601588
mris_sphere done
#@# Fix Topology lh Mon Mar  9 00:05:50 CET 2026

 mris_fix_topology -mgz -sphere qsphere.nofix -inflated inflated.nofix -orig orig.nofix -out orig.premesh -ga -seed 1234 sub-v1s16x0051165_ses-1 lh 

reading spherical homeomorphism from 'qsphere.nofix'
reading inflated coordinates from 'inflated.nofix'
reading original coordinates from 'orig.nofix'
using genetic algorithm with optimized parameters
setting seed for random number genererator to 1234

*************************************************************
Topology Correction Parameters
retessellation mode:           genetic search
number of patches/generation : 10
number of generations :        10
surface mri loglikelihood coefficient :         1.0
volume mri loglikelihood coefficient :          10.0
normal dot loglikelihood coefficient :          1.0
quadratic curvature loglikelihood coefficient : 1.0
volume resolution :                             2
eliminate vertices during search :              1
initial patch selection :                       1
select all defect vertices :                    0
ordering dependant retessellation:              0
use precomputed edge table :                    0
smooth retessellated patch :                    2
match retessellated patch :                     1
verbose mode :                                  0

*************************************************************
INFO: assuming .mgz format
writing corrected surface to 'orig.premesh'
7.3.2
  7.3.2
before topology correction, eno=-56 (nv=112398, nf=224908, ne=337362, g=29)
using quasi-homeomorphic spherical map to tessellate cortical surface...

Correction of the Topology
Finding true center and radius of Spherical Surface...done
Surface centered at (0,0,0) with radius 100.0 in 8 iterations
marking ambiguous vertices...
6836 ambiguous faces found in tessellation
segmenting defects...
35 defects found, arbitrating ambiguous regions...
analyzing neighboring defects...
      -merging segment 4 into 1
34 defects to be corrected 
0 vertices coincident
reading input surface /out/sourcedata/freesurfer/sub-v1s16x0051165_ses-1/surf/lh.qsphere.nofix...
reading brain volume from brain...
reading wm segmentation from wm...
Reading original properties of orig.nofix
Reading vertex positions of inflated.nofix
Computing Initial Surface Statistics
      -face       loglikelihood: -9.2945  (-4.6472)
      -vertex     loglikelihood: -6.2769  (-3.1385)
      -normal dot loglikelihood: -3.6086  (-3.6086)
      -quad curv  loglikelihood: -5.7921  (-2.8960)
      Total Loglikelihood : -24.9721
CORRECTING DEFECT 0 (vertices=75, convex hull=93, v0=3436)
After retessellation of defect 0 (v0=3436), euler #=-30 (108281,323316,215005) : difference with theory (-31) = -1 
CORRECTING DEFECT 1 (vertices=74, convex hull=121, v0=6132)
After retessellation of defect 1 (v0=6132), euler #=-28 (108328,323520,215164) : difference with theory (-30) = -2 
CORRECTING DEFECT 2 (vertices=157, convex hull=62, v0=6356)
After retessellation of defect 2 (v0=6356), euler #=-27 (108342,323588,215219) : difference with theory (-29) = -2 
CORRECTING DEFECT 3 (vertices=109, convex hull=120, v0=7499)
After retessellation of defect 3 (v0=7499), euler #=-26 (108395,323806,215385) : difference with theory (-28) = -2 
CORRECTING DEFECT 4 (vertices=19, convex hull=59, v0=10354)
After retessellation of defect 4 (v0=10354), euler #=-25 (108407,323867,215435) : difference with theory (-27) = -2 
CORRECTING DEFECT 5 (vertices=252, convex hull=231, v0=12941)
After retessellation of defect 5 (v0=12941), euler #=-24 (108522,324325,215779) : difference with theory (-26) = -2 
CORRECTING DEFECT 6 (vertices=9, convex hull=17, v0=20605)
After retessellation of defect 6 (v0=20605), euler #=-23 (108523,324332,215786) : difference with theory (-25) = -2 
CORRECTING DEFECT 7 (vertices=37, convex hull=59, v0=27493)
After retessellation of defect 7 (v0=27493), euler #=-22 (108539,324406,215845) : difference with theory (-24) = -2 
CORRECTING DEFECT 8 (vertices=379, convex hull=186, v0=38370)
After retessellation of defect 8 (v0=38370), euler #=-23 (108660,324875,216192) : difference with theory (-23) = 0 
CORRECTING DEFECT 9 (vertices=433, convex hull=202, v0=42511)
After retessellation of defect 9 (v0=42511), euler #=-22 (108673,325006,216311) : difference with theory (-22) = 0 
CORRECTING DEFECT 10 (vertices=31, convex hull=50, v0=43009)
After retessellation of defect 10 (v0=43009), euler #=-21 (108694,325088,216373) : difference with theory (-21) = 0 
CORRECTING DEFECT 11 (vertices=305, convex hull=330, v0=43570)
After retessellation of defect 11 (v0=43570), euler #=-20 (108827,325641,216794) : difference with theory (-20) = 0 
CORRECTING DEFECT 12 (vertices=51, convex hull=89, v0=47104)
After retessellation of defect 12 (v0=47104), euler #=-19 (108863,325787,216905) : difference with theory (-19) = 0 
CORRECTING DEFECT 13 (vertices=24, convex hull=43, v0=64559)
After retessellation of defect 13 (v0=64559), euler #=-18 (108874,325837,216945) : difference with theory (-18) = 0 
CORRECTING DEFECT 14 (vertices=293, convex hull=304, v0=65771)
After retessellation of defect 14 (v0=65771), euler #=-17 (109017,326429,217395) : difference with theory (-17) = 0 
CORRECTING DEFECT 15 (vertices=74, convex hull=95, v0=70072)
After retessellation of defect 15 (v0=70072), euler #=-16 (109062,326599,217521) : difference with theory (-16) = 0 
CORRECTING DEFECT 16 (vertices=41, convex hull=48, v0=70534)
After retessellation of defect 16 (v0=70534), euler #=-15 (109082,326679,217582) : difference with theory (-15) = 0 
CORRECTING DEFECT 17 (vertices=156, convex hull=232, v0=72279)
After retessellation of defect 17 (v0=72279), euler #=-14 (109175,327065,217876) : difference with theory (-14) = 0 
CORRECTING DEFECT 18 (vertices=145, convex hull=193, v0=75632)
After retessellation of defect 18 (v0=75632), euler #=-13 (109212,327267,218042) : difference with theory (-13) = 0 
CORRECTING DEFECT 19 (vertices=19, convex hull=23, v0=77158)
After retessellation of defect 19 (v0=77158), euler #=-12 (109217,327291,218062) : difference with theory (-12) = 0 
CORRECTING DEFECT 20 (vertices=115, convex hull=56, v0=80928)
After retessellation of defect 20 (v0=80928), euler #=-11 (109241,327385,218133) : difference with theory (-11) = 0 
CORRECTING DEFECT 21 (vertices=82, convex hull=46, v0=81774)
After retessellation of defect 21 (v0=81774), euler #=-10 (109250,327438,218178) : difference with theory (-10) = 0 
CORRECTING DEFECT 22 (vertices=16, convex hull=37, v0=84996)
After retessellation of defect 22 (v0=84996), euler #=-9 (109256,327466,218201) : difference with theory (-9) = 0 
CORRECTING DEFECT 23 (vertices=690, convex hull=196, v0=87539)
After retessellation of defect 23 (v0=87539), euler #=-8 (109420,328063,218635) : difference with theory (-8) = 0 
CORRECTING DEFECT 24 (vertices=9, convex hull=19, v0=90805)
After retessellation of defect 24 (v0=90805), euler #=-7 (109421,328071,218643) : difference with theory (-7) = 0 
CORRECTING DEFECT 25 (vertices=81, convex hull=69, v0=92939)
After retessellation of defect 25 (v0=92939), euler #=-6 (109443,328167,218718) : difference with theory (-6) = 0 
CORRECTING DEFECT 26 (vertices=104, convex hull=73, v0=96929)
After retessellation of defect 26 (v0=96929), euler #=-5 (109460,328252,218787) : difference with theory (-5) = 0 
CORRECTING DEFECT 27 (vertices=44, convex hull=46, v0=97248)
After retessellation of defect 27 (v0=97248), euler #=-4 (109467,328292,218821) : difference with theory (-4) = 0 
CORRECTING DEFECT 28 (vertices=7, convex hull=26, v0=98848)
After retessellation of defect 28 (v0=98848), euler #=-3 (109470,328309,218836) : difference with theory (-3) = 0 
CORRECTING DEFECT 29 (vertices=9, convex hull=20, v0=107077)
After retessellation of defect 29 (v0=107077), euler #=-2 (109471,328319,218846) : difference with theory (-2) = 0 
CORRECTING DEFECT 30 (vertices=17, convex hull=24, v0=108803)
After retessellation of defect 30 (v0=108803), euler #=-1 (109475,328338,218862) : difference with theory (-1) = 0 
CORRECTING DEFECT 31 (vertices=52, convex hull=51, v0=109956)
After retessellation of defect 31 (v0=109956), euler #=0 (109483,328385,218902) : difference with theory (0) = 0 
CORRECTING DEFECT 32 (vertices=213, convex hull=93, v0=110142)
After retessellation of defect 32 (v0=110142), euler #=1 (109522,328545,219024) : difference with theory (1) = 0 
CORRECTING DEFECT 33 (vertices=34, convex hull=36, v0=112347)
After retessellation of defect 33 (v0=112347), euler #=2 (109523,328563,219042) : difference with theory (2) = 0 
computing original vertex metric properties...
storing new metric properties...
computing tessellation statistics...
vertex spacing 0.89 +- 0.25 (0.03-->14.12) (max @ vno 41753 --> 46104)
face area -nan +- -nan (1000.00-->-1.00)
performing soap bubble on retessellated vertices for 0 iterations...
vertex spacing 0.89 +- 0.25 (0.03-->14.12) (max @ vno 41753 --> 46104)
face area -nan +- -nan (1000.00-->-1.00)
tessellation finished, orienting corrected surface...
136 mutations (35.2%), 250 crossovers (64.8%), 166 vertices were eliminated
building final representation...
2875 vertices and 0 faces have been removed from triangulation
after topology correction, eno=2 (nv=109523, nf=219042, ne=328563, g=0)
writing corrected surface to /out/sourcedata/freesurfer/sub-v1s16x0051165_ses-1/surf/lh.orig.premesh...

0.000 % of the vertices (0 vertices) exhibit an orientation change
removing intersecting faces
000: 462 intersecting
001: 71 intersecting
002: 4 intersecting
terminating search with 0 intersecting
topology fixing took 2.8 minutes
FSRUNTIME@ mris_fix_topology lh  0.0465 hours 16 threads
#VMPC# mris_fix_topology VmPeak  1827972

 mris_euler_number ../surf/lh.orig.premesh 

euler # = v-e+f = 2g-2: 109523 - 328563 + 219042 = 2 --> 0 holes
      F =2V-4:          219042 = 219046-4 (0)
      2E=3F:            657126 = 657126 (0)

total defect index = 0
Mon Mar  9 00:08:37 CET 2026

setenv SUBJECTS_DIR /out/sourcedata/freesurfer
cd /out/sourcedata/freesurfer/sub-v1s16x0051165_ses-1/scripts
/opt/freesurfer/bin/defect2seg --s sub-v1s16x0051165_ses-1 --lh-only --cortex

freesurfer-linux-ubuntu22_x86_64-7.3.2-20220804-6354275
defect2seg 7.3.2
Linux dna016 5.14.0-427.37.1.el9_4.x86_64 #1 SMP PREEMPT_DYNAMIC Fri Sep 13 12:41:50 EDT 2024 x86_64 x86_64 x86_64 GNU/Linux
pid 1167950
mri_label2label --label-cortex /out/sourcedata/freesurfer/sub-v1s16x0051165_ses-1/surf/lh.orig.nofix /out/sourcedata/freesurfer/sub-v1s16x0051165_ses-1/mri/aseg.presurf.mgz 0 /out/sourcedata/freesurfer/sub-v1s16x0051165_ses-1/label/lh.nofix.cortex.label

 Generating cortex label... RemoveHipAmgy=0
 NucAccIsMedialWall=0
 mris->useRealRAS=0
13 non-cortical segments detected
only using segment with 6412 vertices
erasing segment 1 (vno[0] = 59515)
erasing segment 2 (vno[0] = 80075)
erasing segment 3 (vno[0] = 80218)
erasing segment 4 (vno[0] = 80245)
erasing segment 5 (vno[0] = 80832)
erasing segment 6 (vno[0] = 81821)
erasing segment 7 (vno[0] = 82572)
erasing segment 8 (vno[0] = 83441)
erasing segment 9 (vno[0] = 86308)
erasing segment 10 (vno[0] = 86318)
erasing segment 11 (vno[0] = 87497)
erasing segment 12 (vno[0] = 102283)
mri_label2vol --defects /out/sourcedata/freesurfer/sub-v1s16x0051165_ses-1/surf/lh.orig.nofix /out/sourcedata/freesurfer/sub-v1s16x0051165_ses-1/surf/lh.defect_labels /out/sourcedata/freesurfer/sub-v1s16x0051165_ses-1/mri/orig.mgz 1000 0 /out/sourcedata/freesurfer/sub-v1s16x0051165_ses-1/mri/lh.surface.defects.mgz /out/sourcedata/freesurfer/sub-v1s16x0051165_ses-1/label/lh.nofix.cortex.label
mri_label2vol supposed to be reproducible but seed not set
Contraining to label /out/sourcedata/freesurfer/sub-v1s16x0051165_ses-1/label/lh.nofix.cortex.label
Changing input type 0 to MRI_INT
Converting defects to volume: offset=1000, merge=0
Writing to /out/sourcedata/freesurfer/sub-v1s16x0051165_ses-1/mri/lh.surface.defects.mgz
mris_defects_pointset -s /out/sourcedata/freesurfer/sub-v1s16x0051165_ses-1/surf/lh.orig.nofix -d /out/sourcedata/freesurfer/sub-v1s16x0051165_ses-1/surf/lh.defect_labels -o /out/sourcedata/freesurfer/sub-v1s16x0051165_ses-1/surf/lh.defects.pointset --label /out/sourcedata/freesurfer/sub-v1s16x0051165_ses-1/label/lh.nofix.cortex.label
Reading in surface /out/sourcedata/freesurfer/sub-v1s16x0051165_ses-1/surf/lh.orig.nofix
Reading in defect segmentation /out/sourcedata/freesurfer/sub-v1s16x0051165_ses-1/surf/lh.defect_labels
Reading in label /out/sourcedata/freesurfer/sub-v1s16x0051165_ses-1/label/lh.nofix.cortex.label
#VMPC# mris_defects_pointset 1281336
mris_defects_pointset done
 
Started at Mon Mar 9 00:08:37 CET 2026 
Ended   at Mon Mar  9 00:08:52 CET 2026
Defect2seg-Run-Time-Sec 15
Defect2seg-Run-Time-Min 0.30
Defect2seg-Run-Time-Hours 0.00
 
tkmeditfv sub-v1s16x0051165_ses-1 brain.finalsurfs.mgz -defect
defect2seg Done

 mris_remesh --remesh --iters 3 --input /out/sourcedata/freesurfer/sub-v1s16x0051165_ses-1/surf/lh.orig.premesh --output /out/sourcedata/freesurfer/sub-v1s16x0051165_ses-1/surf/lh.orig 

iters = 3
standard remeshing without target
   adjusted l: 0.71287
remeshing to edge length 0.71287 with 3 iterations

avg qual before   : 0.890739  after: 0.971055

Removing intersections
Remeshed surface quality stats nv0 = 109523  nv = 114159  1.04233
Area    228314  0.30429  0.03395 0.101612   0.4699
Corner  684942 60.00000  8.81040 21.934574 135.9026
Edge    342471  0.84632  0.08291 0.506631   1.2602
Hinge   342471  9.80844 10.59544 0.000101 133.3767
mris_remesh done
/out/sourcedata/freesurfer/sub-v1s16x0051165_ses-1/scripts

 mris_remove_intersection ../surf/lh.orig ../surf/lh.orig 

intersection removal took 0.00 hours
writing corrected surface to ../surf/lh.orig

 rm -f ../surf/lh.inflated 

#--------------------------------------------
#@# AutoDetGWStats lh Mon Mar  9 00:09:23 CET 2026
cd /out/sourcedata/freesurfer/sub-v1s16x0051165_ses-1/mri
mris_autodet_gwstats --o ../surf/autodet.gw.stats.lh.dat --i brain.finalsurfs.mgz --wm wm.mgz --surf ../surf/lh.orig.premesh
7.3.2

cd /out/sourcedata/freesurfer/sub-v1s16x0051165_ses-1/mri
setenv SUBJECTS_DIR /out/sourcedata/freesurfer
mris_autodet_gwstats --o ../surf/autodet.gw.stats.lh.dat --i brain.finalsurfs.mgz --wm wm.mgz --surf ../surf/lh.orig.premesh 

border white:    198988 voxels (1.19%)
border gray      232409 voxels (1.39%)
Reading in intensity volume brain.finalsurfs.mgz
Reading in wm volume wm.mgz
Reading in surf ../surf/lh.orig.premesh
Auto detecting stats
MRIclipBrightWM(): nthresh=11382, wmmin=5, clip=110 
Binarizing thresholding at 5
computing class statistics... low=30, hi=110.000000
CCS WM (96.0): 97.0 +- 7.9 [70.0 --> 110.0]
CCS GM (74.0) : 73.5 +- 10.4 [30.0 --> 110.0]
white_mean = 96.9801 +/- 7.93789, gray_mean = 73.5005 +/- 10.4149
using class modes intead of means, discounting robust sigmas....
MRIScomputeClassModes(): min=0 max=255 nbins=256
intensity peaks found at WM=100+-6.1,    GM=71+-6.1
white_mode = 100, gray_mode = 71
std_scale = 1
Applying sanity checks, max_scale_down = 0.2
setting MIN_GRAY_AT_WHITE_BORDER to 60.6 (was 70.000000)
setting MAX_BORDER_WHITE to 107.9 (was 105.000000)
setting MIN_BORDER_WHITE to 71.0 (was 85.000000)
setting MAX_CSF to 50.2 (was 40.000000)
setting MAX_GRAY to 92.1 (was 95.000000)
setting MAX_GRAY_AT_CSF_BORDER to 60.6 (was 75.000000)
setting MIN_GRAY_AT_CSF_BORDER to 39.8 (was 40.000000)
When placing the white surface
  white_border_hi   = 107.938;
  white_border_low  = 71;
  white_outside_low = 60.5851;
  white_inside_hi   = 120;
  white_outside_hi  = 107.938;
When placing the pial surface
  pial_border_hi   = 60.5851;
  pial_border_low  = 39.7553;
  pial_outside_low = 10;
  pial_inside_hi   = 92.0621;
  pial_outside_hi  = 55.3777;
#VMPC# mris_autodet_gwstats VmPeak  1509168
mris_autodet_gwstats done
#--------------------------------------------
#@# WhitePreAparc lh Mon Mar  9 00:09:26 CET 2026
cd /out/sourcedata/freesurfer/sub-v1s16x0051165_ses-1/mri
mris_place_surface --adgws-in ../surf/autodet.gw.stats.lh.dat --wm wm.mgz --threads 16 --invol brain.finalsurfs.mgz --lh --i ../surf/lh.orig --o ../surf/lh.white.preaparc --white --seg aseg.presurf.mgz --nsmooth 5
7.3.2
7.3.2

cd /out/sourcedata/freesurfer/sub-v1s16x0051165_ses-1/mri
setenv SUBJECTS_DIR /out/sourcedata/freesurfer
mris_place_surface --adgws-in ../surf/autodet.gw.stats.lh.dat --wm wm.mgz --threads 16 --invol brain.finalsurfs.mgz --lh --i ../surf/lh.orig --o ../surf/lh.white.preaparc --white --seg aseg.presurf.mgz --nsmooth 5 

Reading in input surface ../surf/lh.orig
Smoothing surface before ripping with 5 iterations
Area    228314  0.26866  0.06631 0.001717   0.6125
Corner  684942 60.00000  9.58116 6.054776 144.1828
Edge    342471  0.79074  0.11988 0.029865   1.3159
Hinge   342471  6.51274  6.86494 0.000044 136.0440
Not reading in aparc
Reading in input volume brain.finalsurfs.mgz
Reading in wm volume wm.mgz
MRIclipBrightWM(): nthresh=11382, wmmin=5, clip=110 
MRIfindBrightNonWM(): 533 bright non-wm voxels segmented.
Masking bright non-wm for white surface
MRImask(): AllowDiffGeom = 1
MRImask(): AllowDiffGeom = 1
Reading in seg volume aseg.presurf.mgz
Ripping frozen voxels
INFO: rip surface needed but not specified, so using input surface
Freezing midline and others
Entering: MRISripMidline(): inhibiting deformation at non-cortical midline structures...
  which=1, fix_mtl=0, using annot = 0
#FML0# MRISripMidline(): nripped=0
removing 2 vertices from ripped group in thread:0
removing 3 vertices from ripped group in thread:0
removing 2 vertices from ripped group in thread:0
#FML# MRISripMidline(): nmarked=5776, nmarked2=31, nripped=5776
Ripping segs (eg, WMSA, BG, frozen)
Starting MRISripSegs() d = (-2 2 0.5) segnos: 247 
MRISripSegs(): -2 2 0.5 ripped 0
vertex 57080: xyz = (-38.0227,-8.1105,3.48079) oxyz = (-38.0227,-8.1105,3.48079) wxzy = (-38.0227,-8.1105,3.48079) pxyz = (0,0,0) 
CBVO Creating mask 114159
n_averages 4
Iteration 0 =========================================
n_averages=4, current_sigma=2
Freezing midline and others
Ripping frozen voxels
INFO: rip surface needed but not specified, so using input surface
Freezing midline and others
Entering: MRISripMidline(): inhibiting deformation at non-cortical midline structures...
  which=1, fix_mtl=0, using annot = 0
#FML0# MRISripMidline(): nripped=5776
removing 2 vertices from ripped group in thread:0
removing 3 vertices from ripped group in thread:0
removing 2 vertices from ripped group in thread:0
#FML# MRISripMidline(): nmarked=5776, nmarked2=31, nripped=5776
Ripping segs (eg, WMSA, BG, frozen)
Starting MRISripSegs() d = (-2 2 0.5) segnos: 247 247 
MRISripSegs(): -2 2 0.5 ripped 0
Computing target border values 
Entering MRIScomputeBorderValues_new(): 
  inside_hi   = 120.0000000;
  border_hi   = 107.9378890;
  border_low  =  71.0000000;
  outside_low =  60.5851140;
  outside_hi  = 107.9378890;
  sigma = 2;
  max_thickness = 10;
  step_size=0.5;
  STEP_SIZE=0.1;
  which = 1
  thresh = 0
  flags = 0
  CBVfindFirstPeakD1=0
  CBVfindFirstPeakD2=0
  nvertices=114159
  Gdiag_no=-1
  vno start=0, stop=114159
Replacing 255s with 0s
#SI# sigma=2 had to be increased for 221 vertices, nripped=5776
mean border=82.3, 159 (159) missing vertices, mean dist 0.2 [0.6 (%39.4)->0.7 (%60.6))]
%69 local maxima, %26 large gradients and % 0 min vals, 0 gradients ignored
nFirstPeakD1 0
MRIScomputeBorderValues_new() finished in 0.0096 min


Finding expansion regions
mean absolute distance = 0.69 +- 0.90
3306 vertices more than 2 sigmas from mean.
Averaging target values for 5 iterations...
Positioning Surface: tspring = 0.3, nspring = 0.3, spring = 0, niters = 100 l_repulse = 5, l_surf_repulse = 0, checktol = 0
Positioning pial surface
Entering MRISpositionSurface()
  max_mm = 0.3
  MAX_REDUCTIONS = 2, REDUCTION_PCT = 0.5
  parms->check_tol = 0, niterations = 100
tol=1.0e-04, sigma=2.0, host=dna01, nav=4, nbrs=2, l_repulse=5.000, l_tspring=0.300, l_nspring=0.300, l_intensity=0.200, l_curv=1.000
mom=0.00, dt=0.50
complete_dist_mat 0
rms 0
smooth_averages 0
remove_neg 0
ico_order 0
which_surface 0
target_radius 0.000000
nfields 0
scale 0.000000
desired_rms_height 0.000000
momentum 0.000000
nbhd_size 0
max_nbrs 0
niterations 100
nsurfaces 0
SURFACES 3
flags 0 (0)
use curv 0
no sulc 0
no rigid align 0
mris->nsize 2
mris->hemisphere 0
randomSeed 0

000: dt: 0.0000, sse=1743928.1, rms=8.641
001: dt: 0.5000, sse=935511.9, rms=6.127 (29.094%)
002: dt: 0.5000, sse=601505.2, rms=4.704 (23.222%)
003: dt: 0.5000, sse=457730.3, rms=3.909 (16.898%)
004: dt: 0.5000, sse=384197.5, rms=3.441 (11.975%)
005: dt: 0.5000, sse=356594.1, rms=3.189 (7.335%)
006: dt: 0.5000, sse=329170.4, rms=3.030 (4.972%)
007: dt: 0.5000, sse=321917.2, rms=2.950 (2.638%)
008: dt: 0.5000, sse=314501.9, rms=2.890 (2.054%)
rms = 2.8640/2.8895, sse=318782.3/314501.9, time step reduction 1 of 3 to 0.250  0 1 1
009: dt: 0.5000, sse=318782.3, rms=2.864 (0.881%)
010: dt: 0.2500, sse=211675.4, rms=1.807 (36.920%)
011: dt: 0.2500, sse=197047.0, rms=1.632 (9.692%)
rms = 1.5871/1.6315, sse=192799.7/197047.0, time step reduction 2 of 3 to 0.125  0 0 1
012: dt: 0.2500, sse=192799.7, rms=1.587 (2.725%)
rms = 1.5443/1.5871, sse=190482.0/192799.7, time step reduction 3 of 3 to 0.062  0 0 1
013: dt: 0.1250, sse=190482.0, rms=1.544 (2.693%)
  maximum number of reductions reached, breaking from loop
positioning took 1.0 minutes
Iteration 1 =========================================
n_averages=2, current_sigma=1
Freezing midline and others
Ripping frozen voxels
INFO: rip surface needed but not specified, so using input surface
Freezing midline and others
Entering: MRISripMidline(): inhibiting deformation at non-cortical midline structures...
  which=1, fix_mtl=0, using annot = 0
#FML0# MRISripMidline(): nripped=5776
removing 3 vertices from ripped group in thread:0
removing 1 vertices from ripped group in thread:0
removing 3 vertices from ripped group in thread:0
removing 2 vertices from ripped group in thread:0
removing 3 vertices from ripped group in thread:0
#FML# MRISripMidline(): nmarked=6119, nmarked2=45, nripped=6119
Ripping segs (eg, WMSA, BG, frozen)
Starting MRISripSegs() d = (-2 2 0.5) segnos: 247 247 247 
MRISripSegs(): -2 2 0.5 ripped 0
Computing target border values 
Entering MRIScomputeBorderValues_new(): 
  inside_hi   = 120.0000000;
  border_hi   = 107.9378890;
  border_low  =  71.0000000;
  outside_low =  60.5851140;
  outside_hi  = 107.9378890;
  sigma = 1;
  max_thickness = 10;
  step_size=0.5;
  STEP_SIZE=0.1;
  which = 1
  thresh = 0
  flags = 0
  CBVfindFirstPeakD1=0
  CBVfindFirstPeakD2=0
  nvertices=114159
  Gdiag_no=-1
  vno start=0, stop=114159
Replacing 255s with 0s
#SI# sigma=1 had to be increased for 180 vertices, nripped=6119
mean border=84.2, 153 (59) missing vertices, mean dist -0.2 [0.4 (%68.5)->0.3 (%31.5))]
%75 local maxima, %19 large gradients and % 0 min vals, 0 gradients ignored
nFirstPeakD1 0
MRIScomputeBorderValues_new() finished in 0.0072 min


Finding expansion regions
mean absolute distance = 0.35 +- 0.66
2908 vertices more than 2 sigmas from mean.
Averaging target values for 5 iterations...
Positioning Surface: tspring = 0.3, nspring = 0.3, spring = 0, niters = 100 l_repulse = 5, l_surf_repulse = 0, checktol = 0
Positioning pial surface
Entering MRISpositionSurface()
  max_mm = 0.3
  MAX_REDUCTIONS = 2, REDUCTION_PCT = 0.5
  parms->check_tol = 0, niterations = 100
tol=1.0e-04, sigma=1.0, host=dna01, nav=2, nbrs=2, l_repulse=5.000, l_tspring=0.300, l_nspring=0.300, l_intensity=0.200, l_curv=1.000
mom=0.00, dt=0.50
000: dt: 0.0000, sse=408989.2, rms=3.281
014: dt: 0.5000, sse=293259.9, rms=2.214 (32.528%)
015: dt: 0.5000, sse=286643.2, rms=2.120 (4.230%)
rms = 2.1807/2.1200, sse=299198.4/286643.1, time step reduction 1 of 3 to 0.250  0 1 1
   RMS increased, rejecting step
016: dt: 0.2500, sse=243468.4, rms=1.575 (25.719%)
017: dt: 0.2500, sse=222336.5, rms=1.303 (17.227%)
018: dt: 0.2500, sse=222326.9, rms=1.253 (3.847%)
rms = 1.2247/1.2533, sse=218030.3/222326.9, time step reduction 2 of 3 to 0.125  0 0 1
019: dt: 0.2500, sse=218030.3, rms=1.225 (2.284%)
rms = 1.1895/1.2247, sse=217281.7/218030.3, time step reduction 3 of 3 to 0.062  0 0 1
020: dt: 0.1250, sse=217281.7, rms=1.190 (2.871%)
  maximum number of reductions reached, breaking from loop
positioning took 0.5 minutes
Iteration 2 =========================================
n_averages=1, current_sigma=0.5
Freezing midline and others
Ripping frozen voxels
INFO: rip surface needed but not specified, so using input surface
Freezing midline and others
Entering: MRISripMidline(): inhibiting deformation at non-cortical midline structures...
  which=1, fix_mtl=0, using annot = 0
#FML0# MRISripMidline(): nripped=6119
removing 2 vertices from ripped group in thread:0
removing 2 vertices from ripped group in thread:0
removing 1 vertices from ripped group in thread:0
removing 2 vertices from ripped group in thread:0
removing 3 vertices from ripped group in thread:0
removing 1 vertices from ripped group in thread:0
#FML# MRISripMidline(): nmarked=6194, nmarked2=46, nripped=6194
Ripping segs (eg, WMSA, BG, frozen)
Starting MRISripSegs() d = (-2 2 0.5) segnos: 247 247 247 247 
MRISripSegs(): -2 2 0.5 ripped 0
Computing target border values 
Entering MRIScomputeBorderValues_new(): 
  inside_hi   = 120.0000000;
  border_hi   = 107.9378890;
  border_low  =  71.0000000;
  outside_low =  60.5851140;
  outside_hi  = 107.9378890;
  sigma = 0.5;
  max_thickness = 10;
  step_size=0.5;
  STEP_SIZE=0.1;
  which = 1
  thresh = 0
  flags = 0
  CBVfindFirstPeakD1=0
  CBVfindFirstPeakD2=0
  nvertices=114159
  Gdiag_no=-1
  vno start=0, stop=114159
Replacing 255s with 0s
#SI# sigma=0.5 had to be increased for 220 vertices, nripped=6194
mean border=85.3, 146 (50) missing vertices, mean dist -0.1 [0.3 (%61.5)->0.3 (%38.5))]
%80 local maxima, %14 large gradients and % 0 min vals, 0 gradients ignored
nFirstPeakD1 0
MRIScomputeBorderValues_new() finished in 0.0043 min


Finding expansion regions
mean absolute distance = 0.29 +- 0.50
3092 vertices more than 2 sigmas from mean.
Averaging target values for 5 iterations...
Positioning Surface: tspring = 0.3, nspring = 0.3, spring = 0, niters = 100 l_repulse = 5, l_surf_repulse = 0, checktol = 0
Positioning pial surface
Entering MRISpositionSurface()
  max_mm = 0.3
  MAX_REDUCTIONS = 2, REDUCTION_PCT = 0.5
  parms->check_tol = 0, niterations = 100
tol=1.0e-04, sigma=0.5, host=dna01, nav=1, nbrs=2, l_repulse=5.000, l_tspring=0.300, l_nspring=0.300, l_intensity=0.200, l_curv=1.000
mom=0.00, dt=0.50
000: dt: 0.0000, sse=277614.4, rms=2.055
021: dt: 0.5000, sse=262477.8, rms=1.781 (13.361%)
rms = 1.8557/1.7807, sse=261816.7/262477.8, time step reduction 1 of 3 to 0.250  0 0 1
   RMS increased, rejecting step
022: dt: 0.2500, sse=227451.0, rms=1.330 (25.306%)
023: dt: 0.2500, sse=211390.0, rms=1.136 (14.585%)
rms = 1.0969/1.1361, sse=209542.8/211390.0, time step reduction 2 of 3 to 0.125  0 0 1
024: dt: 0.2500, sse=209542.8, rms=1.097 (3.447%)
rms = 1.0593/1.0969, sse=215017.7/209542.8, time step reduction 3 of 3 to 0.062  0 1 1
025: dt: 0.1250, sse=215017.7, rms=1.059 (3.434%)
  maximum number of reductions reached, breaking from loop
positioning took 0.4 minutes
Iteration 3 =========================================
n_averages=0, current_sigma=0.25
Freezing midline and others
Ripping frozen voxels
INFO: rip surface needed but not specified, so using input surface
Freezing midline and others
Entering: MRISripMidline(): inhibiting deformation at non-cortical midline structures...
  which=1, fix_mtl=0, using annot = 0
#FML0# MRISripMidline(): nripped=6194
removing 2 vertices from ripped group in thread:0
removing 2 vertices from ripped group in thread:0
removing 2 vertices from ripped group in thread:0
removing 3 vertices from ripped group in thread:0
removing 3 vertices from ripped group in thread:0
removing 1 vertices from ripped group in thread:0
#FML# MRISripMidline(): nmarked=6255, nmarked2=47, nripped=6255
Ripping segs (eg, WMSA, BG, frozen)
Starting MRISripSegs() d = (-2 2 0.5) segnos: 247 247 247 247 247 
MRISripSegs(): -2 2 0.5 ripped 0
Computing target border values 
Entering MRIScomputeBorderValues_new(): 
  inside_hi   = 120.0000000;
  border_hi   = 107.9378890;
  border_low  =  71.0000000;
  outside_low =  60.5851140;
  outside_hi  = 107.9378890;
  sigma = 0.25;
  max_thickness = 10;
  step_size=0.5;
  STEP_SIZE=0.1;
  which = 1
  thresh = 0
  flags = 0
  CBVfindFirstPeakD1=0
  CBVfindFirstPeakD2=0
  nvertices=114159
  Gdiag_no=-1
  vno start=0, stop=114159
Replacing 255s with 0s
#SI# sigma=0.25 had to be increased for 247 vertices, nripped=6255
mean border=85.7, 160 (47) missing vertices, mean dist -0.0 [0.3 (%52.8)->0.2 (%47.2))]
%83 local maxima, %12 large gradients and % 0 min vals, 0 gradients ignored
nFirstPeakD1 0
MRIScomputeBorderValues_new() finished in 0.0028 min


Finding expansion regions
mean absolute distance = 0.28 +- 0.44
2664 vertices more than 2 sigmas from mean.
Averaging target values for 5 iterations...
Positioning Surface: tspring = 0.3, nspring = 0.3, spring = 0, niters = 100 l_repulse = 5, l_surf_repulse = 0, checktol = 0
Positioning pial surface
Entering MRISpositionSurface()
  max_mm = 0.3
  MAX_REDUCTIONS = 2, REDUCTION_PCT = 0.5
  parms->check_tol = 0, niterations = 100
tol=1.0e-04, sigma=0.2, host=dna01, nav=0, nbrs=2, l_repulse=5.000, l_tspring=0.300, l_nspring=0.300, l_intensity=0.200, l_curv=1.000
mom=0.00, dt=0.50
000: dt: 0.0000, sse=234137.7, rms=1.430
rms = 1.4820/1.4300, sse=238587.9/234137.7, time step reduction 1 of 3 to 0.250  0 1 1
   RMS increased, rejecting step
026: dt: 0.2500, sse=212355.7, rms=1.116 (21.947%)
027: dt: 0.2500, sse=202608.7, rms=0.962 (13.831%)
rms = 0.9935/0.9618, sse=203197.0/202608.7, time step reduction 2 of 3 to 0.125  0 1 1
   RMS increased, rejecting step
rms = 0.9191/0.9618, sse=201987.5/202608.7, time step reduction 3 of 3 to 0.062  0 0 1
028: dt: 0.1250, sse=201987.5, rms=0.919 (4.436%)
  maximum number of reductions reached, breaking from loop
positioning took 0.3 minutes


Writing output to ../surf/lh.white.preaparc
#ET# mris_place_surface  2.30 minutes
#VMPC# mris_place_surfaces VmPeak  2917372
mris_place_surface done
#--------------------------------------------
#@# CortexLabel lh Mon Mar  9 00:11:49 CET 2026
cd /out/sourcedata/freesurfer/sub-v1s16x0051165_ses-1/mri
mri_label2label --label-cortex ../surf/lh.white.preaparc aseg.presurf.mgz 0 ../label/lh.cortex.label

 Generating cortex label... RemoveHipAmgy=0
 NucAccIsMedialWall=0
 mris->useRealRAS=0
6 non-cortical segments detected
only using segment with 6988 vertices
erasing segment 0 (vno[0] = 23290)
erasing segment 2 (vno[0] = 39190)
erasing segment 3 (vno[0] = 49117)
erasing segment 4 (vno[0] = 68820)
erasing segment 5 (vno[0] = 71167)
#--------------------------------------------
#@# CortexLabel+HipAmyg lh Mon Mar  9 00:12:01 CET 2026
cd /out/sourcedata/freesurfer/sub-v1s16x0051165_ses-1/mri
mri_label2label --label-cortex ../surf/lh.white.preaparc aseg.presurf.mgz 1 ../label/lh.cortex+hipamyg.label

 Generating cortex label... RemoveHipAmgy=1
 NucAccIsMedialWall=0
 mris->useRealRAS=0
11 non-cortical segments detected
only using segment with 4822 vertices
erasing segment 0 (vno[0] = 23290)
erasing segment 2 (vno[0] = 37803)
erasing segment 3 (vno[0] = 38542)
erasing segment 4 (vno[0] = 39190)
erasing segment 5 (vno[0] = 40069)
erasing segment 6 (vno[0] = 40072)
erasing segment 7 (vno[0] = 64899)
erasing segment 8 (vno[0] = 68820)
erasing segment 9 (vno[0] = 71167)
erasing segment 10 (vno[0] = 106978)
#--------------------------------------------
#@# Smooth2 lh Mon Mar  9 00:12:14 CET 2026
/out/sourcedata/freesurfer/sub-v1s16x0051165_ses-1/scripts

 mris_smooth -n 3 -nw -seed 1234 ../surf/lh.white.preaparc ../surf/lh.smoothwm 

smoothing for 3 iterations
setting seed for random number generator to 1234
smoothing surface tessellation for 3 iterations...
smoothing complete - recomputing first and second fundamental forms...
#--------------------------------------------
#@# Inflation2 lh Mon Mar  9 00:12:17 CET 2026
/out/sourcedata/freesurfer/sub-v1s16x0051165_ses-1/scripts

 mris_inflate ../surf/lh.smoothwm ../surf/lh.inflated 

Reading ../surf/lh.smoothwm
avg radius = 45.1 mm, total surface area = 71431 mm^2
step 000: RMS=0.174 (target=0.015)   step 005: RMS=0.119 (target=0.015)   step 010: RMS=0.091 (target=0.015)   step 015: RMS=0.077 (target=0.015)   step 020: RMS=0.065 (target=0.015)   step 025: RMS=0.054 (target=0.015)   step 030: RMS=0.047 (target=0.015)   step 035: RMS=0.039 (target=0.015)   step 040: RMS=0.034 (target=0.015)   step 045: RMS=0.030 (target=0.015)   step 050: RMS=0.028 (target=0.015)   step 055: RMS=0.026 (target=0.015)   step 060: RMS=0.024 (target=0.015)   writing inflated surface to ../surf/lh.inflated
writing sulcal depths to ../surf/lh.sulc

inflation complete.
inflation took 0.2 minutes
mris_inflate utimesec    60.484639
mris_inflate stimesec    1.451234
mris_inflate ru_maxrss   176396
mris_inflate ru_ixrss    0
mris_inflate ru_idrss    0
mris_inflate ru_isrss    0
mris_inflate ru_minflt   185041
mris_inflate ru_majflt   5
mris_inflate ru_nswap    0
mris_inflate ru_inblock  130
mris_inflate ru_oublock  8928
mris_inflate ru_msgsnd   0
mris_inflate ru_msgrcv   0
mris_inflate ru_nsignals 0
mris_inflate ru_nvcsw    20235
mris_inflate ru_nivcsw   183
#--------------------------------------------
#@# Curv .H and .K lh Mon Mar  9 00:12:29 CET 2026
/out/sourcedata/freesurfer/sub-v1s16x0051165_ses-1/surf

 mris_curvature -w -seed 1234 lh.white.preaparc 

setting seed for random number generator to 1234
total integrated curvature = 17.947*4pi (225.529) --> -17 handles
ICI = 149.4, FI = 1271.1, variation=20794.380
writing Gaussian curvature to ./lh.white.preaparc.K...done.
writing mean curvature to ./lh.white.preaparc.H...done.
rm -f lh.white.H
ln -s lh.white.preaparc.H lh.white.H
rm -f lh.white.K
ln -s lh.white.preaparc.K lh.white.K

 mris_curvature -seed 1234 -thresh .999 -n -a 5 -w -distances 10 10 lh.inflated 

setting seed for random number generator to 1234
normalizing curvature values.
averaging curvature patterns 5 times.
sampling 10 neighbors out to a distance of 10 mm
136 vertices thresholded to be in k1 ~ [-0.39 1.25], k2 ~ [-0.20 0.11]
total integrated curvature = 0.339*4pi (4.260) --> 1 handles
ICI = 1.3, FI = 7.5, variation=135.658
87 vertices thresholded to be in [-0.04 0.03]
writing Gaussian curvature to ./lh.inflated.K...thresholding curvature at 99.90% level
curvature mean = 0.000, std = 0.001
102 vertices thresholded to be in [-0.20 0.31]
done.
writing mean curvature to ./lh.inflated.H...curvature mean = -0.017, std = 0.023
done.
#--------------------------------------------
#@# Sphere lh Mon Mar  9 00:13:08 CET 2026
/out/sourcedata/freesurfer/sub-v1s16x0051165_ses-1/scripts

 mris_sphere -seed 1234 ../surf/lh.inflated ../surf/lh.sphere 

setting seed for random number genererator to 1234
version: 7.3.2
available threads: 16
reading original vertex positions...
projecting onto sphere...
surface projected - minimizing metric distortion...
scaling brain by 0.302...
MRISunfold() max_passes = 1 -------
tol=5.0e-01, sigma=0.0, host=dna01, nav=1024, nbrs=2, l_area=1.000, l_dist=1.000
using quadratic fit line minimization
complete_dist_mat 0
rms 0
smooth_averages 0
remove_neg 0
ico_order 0
which_surface 0
target_radius 0.000000
nfields 0
scale 1.000000
desired_rms_height -1.000000
momentum 0.900000
nbhd_size 7
max_nbrs 8
niterations 25
nsurfaces 0
SURFACES 3
flags 0 (0)
use curv 0
no sulc 0
no rigid align 0
mris->nsize 2
mris->hemisphere 0
randomSeed 1234

singular matrix in quadratic form
singular matrix in quadratic form
singular matrix in quadratic form
--------------------
  mrisRemoveNegativeArea()
pass 1: epoch 1 of 3 starting distance error %20.90
pass 1: epoch 2 of 3 starting distance error %20.83
unfolding complete - removing small folds...
starting distance error %20.70
removing remaining folds...
final distance error %20.74
MRISunfold() return, current seed 1234
-01: dt=0.0000,  29 negative triangles  VmPeak 1558792
229: dt=0.9900,  29 negative triangles
230: dt=0.9900,   6 negative triangles
231: dt=0.9900,   7 negative triangles
232: dt=0.9900,   2 negative triangles
233: dt=0.9900,   2 negative triangles
234: dt=0.9900,   3 negative triangles
235: dt=0.9900,   1 negative triangles
236: dt=0.9900,   1 negative triangles
237: dt=0.9900,   1 negative triangles
writing spherical brain to ../surf/lh.sphere
spherical transformation took 0.0733 hours
FSRUNTIME@ mris_sphere  0.0733 hours 16 threads
#VMPC# mris_sphere VmPeak  1558792
mris_sphere done
#--------------------------------------------
#@# Surf Reg lh Mon Mar  9 00:17:32 CET 2026
/out/sourcedata/freesurfer/sub-v1s16x0051165_ses-1/scripts

 mris_register -curv ../surf/lh.sphere /opt/freesurfer/average/lh.folding.atlas.acfb40.noaparc.i12.2016-08-02.tif ../surf/lh.sphere.reg 

using smoothwm curvature for final alignment

cwd /out/sourcedata/freesurfer/sub-v1s16x0051165_ses-1/scripts
cmdline mris_register -curv ../surf/lh.sphere /opt/freesurfer/average/lh.folding.atlas.acfb40.noaparc.i12.2016-08-02.tif ../surf/lh.sphere.reg 

0 inflated.H
1 sulc
2 smoothwm (computed)
7.3.2
  7.3.2
reading surface from ../surf/lh.sphere...
reading template parameterization from /opt/freesurfer/average/lh.folding.atlas.acfb40.noaparc.i12.2016-08-02.tif...
MRISregister() -------
max_passes = 4 
min_degrees = 0.500000 
max_degrees = 64.000000 
nangles = 8 
tol=5.0e-01, sigma=0.0, host=dna01, nav=1024, nbrs=1, l_extern=10000.000, l_parea=0.200, l_nlarea=1.000, l_corr=1.000, l_dist=5.000
using quadratic fit line minimization
complete_dist_mat 0
rms 0
smooth_averages 0
remove_neg 0
ico_order 0
which_surface 0
target_radius 0.000000
nfields 0
scale 0.000000
desired_rms_height -1.000000
momentum 0.950000
nbhd_size -10
max_nbrs 10
niterations 25
nsurfaces 0
SURFACES 3
flags 16 (10)
use curv 16
no sulc 0
no rigid align 0
mris->nsize 1
mris->hemisphere 0
randomSeed 0

tol=5.0e-01, sigma=0.0, host=dna01, nav=1024, nbrs=1, l_extern=10000.000, l_parea=0.200, l_nlarea=1.000, l_corr=1.000, l_dist=5.000
using quadratic fit line minimization
--------------------
1 Reading lh.sulc
tol=1.0e+00, sigma=0.5, host=dna01, nav=1024, nbrs=1, l_extern=10000.000, l_parea=0.200, l_nlarea=1.000, l_corr=0.050, l_spring=0.500, l_dist=5.000
using quadratic fit line minimization
curvature mean = 0.000, std = 5.638
curvature mean = 0.050, std = 0.821
curvature mean = 0.007, std = 0.883
Starting MRISrigidBodyAlignGlobal()
Starting new MRISrigidBodyAlignGlobal_findMinSSE()
  new MRISrigidBodyAlignGlobal_findMinSSE min @ (9.00, -9.00, 8.00) sse = 222956.5, elapsed since starting=0.0891 min
MRISrigidBodyAlignGlobal() done   0.09 min
curvature mean = 0.036, std = 0.855
curvature mean = 0.002, std = 0.956
curvature mean = 0.036, std = 0.868
curvature mean = 0.001, std = 0.983
curvature mean = 0.035, std = 0.871
curvature mean = 0.000, std = 0.993
2 Reading smoothwm
curvature mean = -0.028, std = 0.278
curvature mean = 0.046, std = 0.250
curvature mean = 0.047, std = 0.389
curvature mean = 0.038, std = 0.309
curvature mean = 0.036, std = 0.566
curvature mean = 0.037, std = 0.337
curvature mean = 0.018, std = 0.706
curvature mean = 0.037, std = 0.348
curvature mean = 0.005, std = 0.812
MRISregister() return, current seed 0
-01: dt=0.0000,  10 negative triangles  VmPeak 1849060
117: dt=0.9900,  10 negative triangles
expanding nbhd size to 1
118: dt=0.9900,  10 negative triangles
119: dt=0.9900,   4 negative triangles
120: dt=0.9900,   4 negative triangles
121: dt=0.9900,   3 negative triangles
122: dt=0.9900,   3 negative triangles
123: dt=0.9900,   3 negative triangles
124: dt=0.9900,   3 negative triangles
125: dt=0.9900,   3 negative triangles
126: dt=0.9900,   2 negative triangles
127: dt=0.9900,   1 negative triangles
128: dt=0.9900,   1 negative triangles
129: dt=0.9900,   1 negative triangles
130: dt=0.9900,   1 negative triangles
131: dt=0.9900,   1 negative triangles
132: dt=0.9900,   1 negative triangles
133: dt=0.9900,   1 negative triangles
writing registered surface to ../surf/lh.sphere.reg...
registration took 0.07 hours
#VMPC# mris_register VmPeak  1849060
FSRUNTIME@ mris_register  0.0658 hours 16 threads

 ln -sf lh.sphere.reg lh.fsaverage.sphere.reg 

#--------------------------------------------
#@# Jacobian white lh Mon Mar  9 00:21:29 CET 2026
/out/sourcedata/freesurfer/sub-v1s16x0051165_ses-1/scripts

 mris_jacobian ../surf/lh.white.preaparc ../surf/lh.sphere.reg ../surf/lh.jacobian_white 

reading surface from ../surf/lh.white.preaparc...
writing curvature file ../surf/lh.jacobian_white
#--------------------------------------------
#@# AvgCurv lh Mon Mar  9 00:21:30 CET 2026
/out/sourcedata/freesurfer/sub-v1s16x0051165_ses-1/scripts

 mrisp_paint -a 5 /opt/freesurfer/average/lh.folding.atlas.acfb40.noaparc.i12.2016-08-02.tif#6 ../surf/lh.sphere.reg ../surf/lh.avg_curv 

averaging curvature patterns 5 times...
reading surface from ../surf/lh.sphere.reg...
reading template parameterization from /opt/freesurfer/average/lh.folding.atlas.acfb40.noaparc.i12.2016-08-02.tif...
writing curvature file to ../surf/lh.avg_curv...
#-----------------------------------------
#@# Cortical Parc lh Mon Mar  9 00:21:31 CET 2026
/out/sourcedata/freesurfer/sub-v1s16x0051165_ses-1/scripts

 mris_ca_label -l ../label/lh.cortex.label -aseg ../mri/aseg.presurf.mgz -seed 1234 sub-v1s16x0051165_ses-1 lh ../surf/lh.sphere.reg /opt/freesurfer/average/lh.DKaparc.atlas.acfb40.noaparc.i12.2016-08-02.gcs ../label/lh.aparc.annot 

setting seed for random number generator to 1234
using ../mri/aseg.presurf.mgz aseg volume to correct midline
7.3.2
  7.3.2
reading atlas from /opt/freesurfer/average/lh.DKaparc.atlas.acfb40.noaparc.i12.2016-08-02.gcs...
reading color table from GCSA file....
average std = 0.8   using min determinant for regularization = 0.006
0 singular and 342 ill-conditioned covariance matrices regularized
input 0: MEAN CURVATURE, flags 0, avgs 5, name mean_curvature
labeling surface...
1139 labels changed using aseg
relabeling using gibbs priors...
000:   2745 changed, 114159 examined...
001:    649 changed, 11804 examined...
002:    157 changed, 3676 examined...
003:     49 changed, 953 examined...
004:     15 changed, 296 examined...
005:      5 changed, 90 examined...
006:      2 changed, 30 examined...
007:      1 changed, 14 examined...
008:      0 changed, 7 examined...
248 labels changed using aseg
000: 116 total segments, 73 labels (215 vertices) changed
001: 44 total segments, 3 labels (8 vertices) changed
002: 40 total segments, 1 labels (4 vertices) changed
003: 39 total segments, 0 labels (0 vertices) changed
10 filter iterations complete (10 requested, 4 changed)
rationalizing unknown annotations with cortex label
relabeling unknown label...
relabeling corpuscallosum label...
1939 vertices marked for relabeling...
1939 labels changed in reclassification.
writing output to ../label/lh.aparc.annot...
classification took 0 minutes and 9 seconds.
#--------------------------------------------
#@# WhiteSurfs lh Mon Mar  9 00:21:40 CET 2026
cd /out/sourcedata/freesurfer/sub-v1s16x0051165_ses-1/mri
mris_place_surface --adgws-in ../surf/autodet.gw.stats.lh.dat --seg aseg.presurf.mgz --threads 16 --wm wm.mgz --invol brain.finalsurfs.mgz --lh --i ../surf/lh.white.preaparc --o ../surf/lh.white --white --nsmooth 0 --rip-label ../label/lh.cortex.label --rip-bg --rip-surf ../surf/lh.white.preaparc --aparc ../label/lh.aparc.annot
7.3.2
7.3.2

cd /out/sourcedata/freesurfer/sub-v1s16x0051165_ses-1/mri
setenv SUBJECTS_DIR /out/sourcedata/freesurfer
mris_place_surface --adgws-in ../surf/autodet.gw.stats.lh.dat --seg aseg.presurf.mgz --threads 16 --wm wm.mgz --invol brain.finalsurfs.mgz --lh --i ../surf/lh.white.preaparc --o ../surf/lh.white --white --nsmooth 0 --rip-label ../label/lh.cortex.label --rip-bg --rip-surf ../surf/lh.white.preaparc --aparc ../label/lh.aparc.annot 

Reading in input surface ../surf/lh.white.preaparc
Not smoothing input surface
Area    228314  0.34630  0.12857 0.000997   2.4671
Corner  684942 60.00000 14.38130 0.479311 176.9805
Edge    342471  0.90651  0.21061 0.035048   3.6286
Hinge   342471 10.48168 12.11448 0.000017 179.8963
Reading in aparc ../label/lh.aparc.annot
Reading in input volume brain.finalsurfs.mgz
Reading in wm volume wm.mgz
MRIclipBrightWM(): nthresh=11382, wmmin=5, clip=110 
MRIfindBrightNonWM(): 533 bright non-wm voxels segmented.
Masking bright non-wm for white surface
MRImask(): AllowDiffGeom = 1
MRImask(): AllowDiffGeom = 1
Reading in seg volume aseg.presurf.mgz
Ripping frozen voxels
Ripping vertices not in label ../label/lh.cortex.label
MRISripNotLabel() ripped 7265/114159 vertices (106894 unripped)
Reading in ripping surface ../surf/lh.white.preaparc
Reading in aparc ../label/lh.aparc.annot for ripsurf
Ripping BG
MRISripBasalGanglia(): 1 -2 2 0.5 ripped 491
Ripping segs (eg, WMSA, BG, frozen)
Starting MRISripSegs() d = (-2 2 0.5) segnos: 247 
MRISripSegs(): -2 2 0.5 ripped 0
vertex 57080: xyz = (-38.2816,-7.88934,3.86545) oxyz = (-38.2816,-7.88934,3.86545) wxzy = (-38.2816,-7.88934,3.86545) pxyz = (0,0,0) 
CBVO Creating mask 114159
n_averages 4
Iteration 0 =========================================
n_averages=4, current_sigma=2
Computing target border values 
Entering MRIScomputeBorderValues_new(): 
  inside_hi   = 120.0000000;
  border_hi   = 107.9378890;
  border_low  =  71.0000000;
  outside_low =  60.5851140;
  outside_hi  = 107.9378890;
  sigma = 2;
  max_thickness = 10;
  step_size=0.5;
  STEP_SIZE=0.1;
  which = 1
  thresh = 0
  flags = 0
  CBVfindFirstPeakD1=0
  CBVfindFirstPeakD2=0
  nvertices=114159
  Gdiag_no=-1
  vno start=0, stop=114159
Replacing 255s with 0s
#SI# sigma=2 had to be increased for 170 vertices, nripped=7756
mean border=82.0, 140 (140) missing vertices, mean dist 0.2 [0.7 (%21.3)->0.4 (%78.7))]
%65 local maxima, %28 large gradients and % 0 min vals, 0 gradients ignored
nFirstPeakD1 0
MRIScomputeBorderValues_new() finished in 0.0092 min


Finding expansion regions
mean absolute distance = 0.50 +- 0.87
2358 vertices more than 2 sigmas from mean.
Averaging target values for 5 iterations...
Positioning Surface: tspring = 0.3, nspring = 0.3, spring = 0, niters = 100 l_repulse = 5, l_surf_repulse = 0, checktol = 0
Positioning pial surface
Entering MRISpositionSurface()
  max_mm = 0.3
  MAX_REDUCTIONS = 2, REDUCTION_PCT = 0.5
  parms->check_tol = 0, niterations = 100
tol=1.0e-04, sigma=2.0, host=dna01, nav=4, nbrs=2, l_repulse=5.000, l_tspring=0.300, l_nspring=0.300, l_intensity=0.200, l_curv=1.000
mom=0.00, dt=0.50
complete_dist_mat 0
rms 0
smooth_averages 0
remove_neg 0
ico_order 0
which_surface 0
target_radius 0.000000
nfields 0
scale 0.000000
desired_rms_height 0.000000
momentum 0.000000
nbhd_size 0
max_nbrs 0
niterations 100
nsurfaces 0
SURFACES 3
flags 0 (0)
use curv 0
no sulc 0
no rigid align 0
mris->nsize 2
mris->hemisphere 0
randomSeed 0

000: dt: 0.0000, sse=751853.1, rms=5.226
001: dt: 0.5000, sse=381584.6, rms=3.160 (39.534%)
002: dt: 0.5000, sse=306924.4, rms=2.548 (19.375%)
rms = 2.5199/2.5479, sse=310181.1/306924.4, time step reduction 1 of 3 to 0.250  0 1 1
003: dt: 0.5000, sse=310181.1, rms=2.520 (1.097%)
004: dt: 0.2500, sse=245479.2, rms=1.725 (31.550%)
005: dt: 0.2500, sse=235119.4, rms=1.621 (6.025%)
rms = 1.6016/1.6210, sse=226133.9/235119.4, time step reduction 2 of 3 to 0.125  0 0 1
006: dt: 0.2500, sse=226133.9, rms=1.602 (1.195%)
rms = 1.5692/1.6016, sse=225976.3/226133.9, time step reduction 3 of 3 to 0.062  0 0 1
007: dt: 0.1250, sse=225976.2, rms=1.569 (2.026%)
  maximum number of reductions reached, breaking from loop
positioning took 0.6 minutes
Iteration 1 =========================================
n_averages=2, current_sigma=1
Computing target border values 
Entering MRIScomputeBorderValues_new(): 
  inside_hi   = 120.0000000;
  border_hi   = 107.9378890;
  border_low  =  71.0000000;
  outside_low =  60.5851140;
  outside_hi  = 107.9378890;
  sigma = 1;
  max_thickness = 10;
  step_size=0.5;
  STEP_SIZE=0.1;
  which = 1
  thresh = 0
  flags = 0
  CBVfindFirstPeakD1=0
  CBVfindFirstPeakD2=0
  nvertices=114159
  Gdiag_no=-1
  vno start=0, stop=114159
Replacing 255s with 0s
#SI# sigma=1 had to be increased for 208 vertices, nripped=7756
mean border=84.0, 159 (79) missing vertices, mean dist -0.2 [0.4 (%68.9)->0.3 (%31.1))]
%74 local maxima, %19 large gradients and % 0 min vals, 0 gradients ignored
nFirstPeakD1 0
MRIScomputeBorderValues_new() finished in 0.0072 min


Finding expansion regions
mean absolute distance = 0.36 +- 0.69
2857 vertices more than 2 sigmas from mean.
Averaging target values for 5 iterations...
Positioning Surface: tspring = 0.3, nspring = 0.3, spring = 0, niters = 100 l_repulse = 5, l_surf_repulse = 0, checktol = 0
Positioning pial surface
Entering MRISpositionSurface()
  max_mm = 0.3
  MAX_REDUCTIONS = 2, REDUCTION_PCT = 0.5
  parms->check_tol = 0, niterations = 100
tol=1.0e-04, sigma=1.0, host=dna01, nav=2, nbrs=2, l_repulse=5.000, l_tspring=0.300, l_nspring=0.300, l_intensity=0.200, l_curv=1.000
mom=0.00, dt=0.50
000: dt: 0.0000, sse=399698.5, rms=3.219
008: dt: 0.5000, sse=291718.2, rms=2.217 (31.126%)
009: dt: 0.5000, sse=274383.4, rms=2.137 (3.634%)
rms = 2.2285/2.1365, sse=286544.3/274383.4, time step reduction 1 of 3 to 0.250  0 1 1
   RMS increased, rejecting step
010: dt: 0.2500, sse=236816.7, rms=1.675 (21.615%)
011: dt: 0.2500, sse=226496.2, rms=1.472 (12.126%)
rms = 1.4355/1.4716, sse=226378.0/226496.2, time step reduction 2 of 3 to 0.125  0 0 1
012: dt: 0.2500, sse=226378.0, rms=1.435 (2.459%)
rms = 1.4005/1.4355, sse=221797.8/226378.0, time step reduction 3 of 3 to 0.062  0 0 1
013: dt: 0.1250, sse=221797.8, rms=1.400 (2.438%)
  maximum number of reductions reached, breaking from loop
positioning took 0.5 minutes
Iteration 2 =========================================
n_averages=1, current_sigma=0.5
Computing target border values 
Entering MRIScomputeBorderValues_new(): 
  inside_hi   = 120.0000000;
  border_hi   = 107.9378890;
  border_low  =  71.0000000;
  outside_low =  60.5851140;
  outside_hi  = 107.9378890;
  sigma = 0.5;
  max_thickness = 10;
  step_size=0.5;
  STEP_SIZE=0.1;
  which = 1
  thresh = 0
  flags = 0
  CBVfindFirstPeakD1=0
  CBVfindFirstPeakD2=0
  nvertices=114159
  Gdiag_no=-1
  vno start=0, stop=114159
Replacing 255s with 0s
#SI# sigma=0.5 had to be increased for 199 vertices, nripped=7756
mean border=85.2, 191 (69) missing vertices, mean dist -0.1 [0.3 (%61.8)->0.3 (%38.2))]
%79 local maxima, %14 large gradients and % 0 min vals, 0 gradients ignored
nFirstPeakD1 0
MRIScomputeBorderValues_new() finished in 0.0044 min


Finding expansion regions
mean absolute distance = 0.30 +- 0.52
3093 vertices more than 2 sigmas from mean.
Averaging target values for 5 iterations...
Positioning Surface: tspring = 0.3, nspring = 0.3, spring = 0, niters = 100 l_repulse = 5, l_surf_repulse = 0, checktol = 0
Positioning pial surface
Entering MRISpositionSurface()
  max_mm = 0.3
  MAX_REDUCTIONS = 2, REDUCTION_PCT = 0.5
  parms->check_tol = 0, niterations = 100
tol=1.0e-04, sigma=0.5, host=dna01, nav=1, nbrs=2, l_repulse=5.000, l_tspring=0.300, l_nspring=0.300, l_intensity=0.200, l_curv=1.000
mom=0.00, dt=0.50
000: dt: 0.0000, sse=280405.2, rms=2.194
014: dt: 0.5000, sse=261021.9, rms=1.925 (12.294%)
rms = 1.9493/1.9245, sse=268309.7/261021.9, time step reduction 1 of 3 to 0.250  0 1 1
   RMS increased, rejecting step
015: dt: 0.2500, sse=227851.7, rms=1.495 (22.343%)
016: dt: 0.2500, sse=216622.3, rms=1.298 (13.179%)
rms = 1.2501/1.2976, sse=224242.8/216622.3, time step reduction 2 of 3 to 0.125  0 1 1
017: dt: 0.2500, sse=224242.8, rms=1.250 (3.658%)
rms = 1.2110/1.2501, sse=212946.5/224242.8, time step reduction 3 of 3 to 0.062  0 0 1
018: dt: 0.1250, sse=212946.5, rms=1.211 (3.130%)
  maximum number of reductions reached, breaking from loop
positioning took 0.4 minutes
Iteration 3 =========================================
n_averages=0, current_sigma=0.25
Computing target border values 
Entering MRIScomputeBorderValues_new(): 
  inside_hi   = 120.0000000;
  border_hi   = 107.9378890;
  border_low  =  71.0000000;
  outside_low =  60.5851140;
  outside_hi  = 107.9378890;
  sigma = 0.25;
  max_thickness = 10;
  step_size=0.5;
  STEP_SIZE=0.1;
  which = 1
  thresh = 0
  flags = 0
  CBVfindFirstPeakD1=0
  CBVfindFirstPeakD2=0
  nvertices=114159
  Gdiag_no=-1
  vno start=0, stop=114159
Replacing 255s with 0s
#SI# sigma=0.25 had to be increased for 213 vertices, nripped=7756
mean border=85.6, 245 (65) missing vertices, mean dist -0.0 [0.3 (%52.7)->0.3 (%47.3))]
%82 local maxima, %11 large gradients and % 0 min vals, 0 gradients ignored
nFirstPeakD1 0
MRIScomputeBorderValues_new() finished in 0.0030 min


Finding expansion regions
mean absolute distance = 0.28 +- 0.44
2602 vertices more than 2 sigmas from mean.
Averaging target values for 5 iterations...
Positioning Surface: tspring = 0.3, nspring = 0.3, spring = 0, niters = 100 l_repulse = 5, l_surf_repulse = 0, checktol = 0
Positioning pial surface
Entering MRISpositionSurface()
  max_mm = 0.3
  MAX_REDUCTIONS = 2, REDUCTION_PCT = 0.5
  parms->check_tol = 0, niterations = 100
tol=1.0e-04, sigma=0.2, host=dna01, nav=0, nbrs=2, l_repulse=5.000, l_tspring=0.300, l_nspring=0.300, l_intensity=0.200, l_curv=1.000
mom=0.00, dt=0.50
000: dt: 0.0000, sse=229606.5, rms=1.516
rms = 1.5947/1.5159, sse=238555.4/229606.5, time step reduction 1 of 3 to 0.250  0 1 1
   RMS increased, rejecting step
019: dt: 0.2500, sse=211905.9, rms=1.240 (18.213%)
rms = 1.1123/1.2398, sse=211935.7/211905.9, time step reduction 2 of 3 to 0.125  0 1 0
020: dt: 0.2500, sse=211935.7, rms=1.112 (10.281%)
021: dt: 0.1250, sse=203487.2, rms=1.044 (6.132%)
rms = 1.0149/1.0441, sse=200077.4/203487.2, time step reduction 3 of 3 to 0.062  0 0 1
022: dt: 0.1250, sse=200077.4, rms=1.015 (2.800%)
  maximum number of reductions reached, breaking from loop
positioning took 0.3 minutes


Writing output to ../surf/lh.white
#ET# mris_place_surface  1.91 minutes
#VMPC# mris_place_surfaces VmPeak  2822660
mris_place_surface done
#--------------------------------------------
#@# T1PialSurf lh Mon Mar  9 00:23:40 CET 2026
cd /out/sourcedata/freesurfer/sub-v1s16x0051165_ses-1/mri
mris_place_surface --adgws-in ../surf/autodet.gw.stats.lh.dat --seg aseg.presurf.mgz --threads 16 --wm wm.mgz --invol brain.finalsurfs.mgz --lh --i ../surf/lh.white --o ../surf/lh.pial.T1 --pial --nsmooth 0 --rip-label ../label/lh.cortex+hipamyg.label --pin-medial-wall ../label/lh.cortex.label --aparc ../label/lh.aparc.annot --repulse-surf ../surf/lh.white --white-surf ../surf/lh.white
7.3.2
7.3.2

cd /out/sourcedata/freesurfer/sub-v1s16x0051165_ses-1/mri
setenv SUBJECTS_DIR /out/sourcedata/freesurfer
mris_place_surface --adgws-in ../surf/autodet.gw.stats.lh.dat --seg aseg.presurf.mgz --threads 16 --wm wm.mgz --invol brain.finalsurfs.mgz --lh --i ../surf/lh.white --o ../surf/lh.pial.T1 --pial --nsmooth 0 --rip-label ../label/lh.cortex+hipamyg.label --pin-medial-wall ../label/lh.cortex.label --aparc ../label/lh.aparc.annot --repulse-surf ../surf/lh.white --white-surf ../surf/lh.white 

Reading in input surface ../surf/lh.white
Not smoothing input surface
Area    228314  0.35057  0.14310 0.000251   2.4671
Corner  684942 60.00000 15.63077 0.080059 179.7616
Edge    342471  0.91367  0.23018 0.018310   3.6286
Hinge   342471 10.63435 12.46226 0.000017 179.9186
Reading white surface coordinates from ../surf/lh.white
Reading repulsion surface coordinates from ../surf/lh.white
Reading in aparc ../label/lh.aparc.annot
Reading in input volume brain.finalsurfs.mgz
Reading in wm volume wm.mgz
MRIclipBrightWM(): nthresh=11382, wmmin=5, clip=110 
MRIfindBrightNonWM(): 533 bright non-wm voxels segmented.
Masking bright non-wm for pial surface mid_gray = 65.9087
MRImask(): AllowDiffGeom = 1
MRImask(): AllowDiffGeom = 1
MRImask(): AllowDiffGeom = 1
Reading in seg volume aseg.presurf.mgz
Ripping frozen voxels
Ripping vertices not in label ../label/lh.cortex+hipamyg.label
MRISripNotLabel() ripped 5108/114159 vertices (109051 unripped)
INFO: rip surface needed but not specified, so using input surface
Ripping segs (eg, WMSA, BG, frozen)
Starting MRISripSegs() d = (-2 2 0.5) segnos: 247 
MRISripSegs(): -2 2 0.5 ripped 0
vertex 57080: xyz = (-38.3116,-7.92942,3.84678) oxyz = (-38.3116,-7.92942,3.84678) wxzy = (-38.3116,-7.92942,3.84678) pxyz = (-38.3116,-7.92942,3.84678) 
CBVO Creating mask 114159
n_averages 16
Iteration 0 =========================================
n_averages=16, current_sigma=2
Computing target border values 
Entering MRIScomputeBorderValues_new(): 
  inside_hi   =  92.0621110;
  border_hi   =  60.5851140;
  border_low  =  39.7553410;
  outside_low =  10.0000000;
  outside_hi  =  55.3776700;
  sigma = 2;
  max_thickness = 10;
  step_size=0.5;
  STEP_SIZE=0.1;
  which = 2
  thresh = 0
  flags = 0
  CBVfindFirstPeakD1=0
  CBVfindFirstPeakD2=0
  nvertices=114159
  Gdiag_no=-1
  vno start=0, stop=114159
Replacing 255s with 0s
#SI# sigma=2 had to be increased for 304 vertices, nripped=5108
mean border=58.9, 180 (180) missing vertices, mean dist 1.6 [1.1 (%0.1)->3.3 (%99.9))]
%12 local maxima, %34 large gradients and %49 min vals, 0 gradients ignored
nFirstPeakD1 0
MRIScomputeBorderValues_new() finished in 0.0130 min


Averaging target values for 5 iterations...
Positioning Surface: tspring = 0.3, nspring = 0.3, spring = 0, niters = 100 l_repulse = 0, l_surf_repulse = 5, checktol = 0
Positioning pial surface
Entering MRISpositionSurface()
  max_mm = 0.3
  MAX_REDUCTIONS = 2, REDUCTION_PCT = 0.5
  parms->check_tol = 0, niterations = 100
tol=1.0e-04, sigma=2.0, host=dna01, nav=16, nbrs=2, l_surf_repulse=5.000, l_tspring=0.300, l_nspring=0.300, l_intensity=0.200, l_curv=1.000
mom=0.00, dt=0.50
complete_dist_mat 0
rms 0
smooth_averages 0
remove_neg 0
ico_order 0
which_surface 0
target_radius 0.000000
nfields 0
scale 0.000000
desired_rms_height 0.000000
momentum 0.000000
nbhd_size 0
max_nbrs 0
niterations 100
nsurfaces 0
SURFACES 3
flags 0 (0)
use curv 0
no sulc 0
no rigid align 0
mris->nsize 2
mris->hemisphere 0
randomSeed 0

000: dt: 0.0000, sse=16709827.0, rms=27.559
001: dt: 0.5000, sse=11816785.0, rms=23.125 (16.089%)
002: dt: 0.5000, sse=8190684.5, rms=19.188 (17.026%)
003: dt: 0.5000, sse=5805292.0, rms=16.079 (16.203%)
004: dt: 0.5000, sse=4249309.5, rms=13.674 (14.960%)
005: dt: 0.5000, sse=3288425.0, rms=11.947 (12.628%)
006: dt: 0.5000, sse=2615752.0, rms=10.570 (11.526%)
007: dt: 0.5000, sse=2180290.2, rms=9.571 (9.453%)
008: dt: 0.5000, sse=1845476.6, rms=8.724 (8.852%)
009: dt: 0.5000, sse=1617452.9, rms=8.093 (7.230%)
010: dt: 0.5000, sse=1429226.2, rms=7.531 (6.938%)
011: dt: 0.5000, sse=1301191.4, rms=7.121 (5.450%)
012: dt: 0.5000, sse=1192089.5, rms=6.751 (5.193%)
013: dt: 0.5000, sse=1125711.8, rms=6.512 (3.537%)
014: dt: 0.5000, sse=1055757.0, rms=6.253 (3.985%)
015: dt: 0.5000, sse=1014060.8, rms=6.089 (2.617%)
016: dt: 0.5000, sse=963058.8, rms=5.887 (3.327%)
017: dt: 0.5000, sse=943379.2, rms=5.802 (1.444%)
018: dt: 0.5000, sse=904552.0, rms=5.640 (2.794%)
019: dt: 0.5000, sse=891304.1, rms=5.579 (1.079%)
020: dt: 0.5000, sse=859713.9, rms=5.442 (2.459%)
rms = 5.4377/5.4416, sse=860255.7/859713.9, time step reduction 1 of 3 to 0.250  0 1 1
021: dt: 0.5000, sse=860255.7, rms=5.438 (0.071%)
022: dt: 0.2500, sse=735211.3, rms=4.867 (10.504%)
023: dt: 0.2500, sse=703827.7, rms=4.713 (3.158%)
rms = 4.7716/4.7128, sse=716522.1/703827.7, time step reduction 2 of 3 to 0.125  0 1 1
   RMS increased, rejecting step
024: dt: 0.1250, sse=668276.2, rms=4.535 (3.780%)
025: dt: 0.1250, sse=619686.5, rms=4.278 (5.666%)
026: dt: 0.1250, sse=605787.6, rms=4.200 (1.806%)
rms = 4.1646/4.2005, sse=599498.5/605787.6, time step reduction 3 of 3 to 0.062  0 0 1
027: dt: 0.1250, sse=599498.4, rms=4.165 (0.855%)
  maximum number of reductions reached, breaking from loop
positioning took 1.9 minutes
Iteration 1 =========================================
n_averages=8, current_sigma=1
Computing target border values 
Entering MRIScomputeBorderValues_new(): 
  inside_hi   =  92.0621110;
  border_hi   =  60.5851140;
  border_low  =  39.7553410;
  outside_low =  10.0000000;
  outside_hi  =  55.3776700;
  sigma = 1;
  max_thickness = 10;
  step_size=0.5;
  STEP_SIZE=0.1;
  which = 2
  thresh = 0
  flags = 0
  CBVfindFirstPeakD1=0
  CBVfindFirstPeakD2=0
  nvertices=114159
  Gdiag_no=-1
  vno start=0, stop=114159
Replacing 255s with 0s
#SI# sigma=1 had to be increased for 10985 vertices, nripped=5108
mean border=57.0, 1679 (35) missing vertices, mean dist 0.3 [0.2 (%43.1)->1.1 (%56.9))]
%20 local maxima, %27 large gradients and %47 min vals, 0 gradients ignored
nFirstPeakD1 0
MRIScomputeBorderValues_new() finished in 0.0051 min


Averaging target values for 5 iterations...
Positioning Surface: tspring = 0.3, nspring = 0.3, spring = 0, niters = 100 l_repulse = 0, l_surf_repulse = 5, checktol = 0
Positioning pial surface
Entering MRISpositionSurface()
  max_mm = 0.3
  MAX_REDUCTIONS = 2, REDUCTION_PCT = 0.5
  parms->check_tol = 0, niterations = 100
tol=1.0e-04, sigma=1.0, host=dna01, nav=8, nbrs=2, l_surf_repulse=5.000, l_tspring=0.300, l_nspring=0.300, l_intensity=0.200, l_curv=1.000
mom=0.00, dt=0.50
000: dt: 0.0000, sse=933377.4, rms=5.505
rms = 5.8357/5.5049, sse=1014714.0/933377.4, time step reduction 1 of 3 to 0.250  0 1 1
   RMS increased, rejecting step
028: dt: 0.2500, sse=813037.9, rms=4.976 (9.600%)
029: dt: 0.2500, sse=798302.8, rms=4.908 (1.381%)
rms = 5.1225/4.9077, sse=844848.8/798302.8, time step reduction 2 of 3 to 0.125  0 1 1
   RMS increased, rejecting step
030: dt: 0.1250, sse=763714.6, rms=4.742 (3.373%)
031: dt: 0.1250, sse=721920.1, rms=4.534 (4.391%)
032: dt: 0.1250, sse=698660.5, rms=4.414 (2.642%)
033: dt: 0.1250, sse=686166.6, rms=4.349 (1.484%)
034: dt: 0.1250, sse=675687.2, rms=4.293 (1.281%)
rms = 4.2589/4.2929, sse=669361.7/675687.2, time step reduction 3 of 3 to 0.062  0 0 1
035: dt: 0.1250, sse=669361.8, rms=4.259 (0.792%)
  maximum number of reductions reached, breaking from loop
positioning took 0.6 minutes
Iteration 2 =========================================
n_averages=4, current_sigma=0.5
Computing target border values 
Entering MRIScomputeBorderValues_new(): 
  inside_hi   =  92.0621110;
  border_hi   =  60.5851140;
  border_low  =  39.7553410;
  outside_low =  10.0000000;
  outside_hi  =  55.3776700;
  sigma = 0.5;
  max_thickness = 10;
  step_size=0.5;
  STEP_SIZE=0.1;
  which = 2
  thresh = 0
  flags = 0
  CBVfindFirstPeakD1=0
  CBVfindFirstPeakD2=0
  nvertices=114159
  Gdiag_no=-1
  vno start=0, stop=114159
Replacing 255s with 0s
#SI# sigma=0.5 had to be increased for 12424 vertices, nripped=5108
mean border=56.8, 2305 (26) missing vertices, mean dist 0.2 [0.3 (%43.2)->0.9 (%56.8))]
%26 local maxima, %20 large gradients and %47 min vals, 0 gradients ignored
nFirstPeakD1 0
MRIScomputeBorderValues_new() finished in 0.0029 min


Averaging target values for 5 iterations...
Positioning Surface: tspring = 0.3, nspring = 0.3, spring = 0, niters = 100 l_repulse = 0, l_surf_repulse = 5, checktol = 0
Positioning pial surface
Entering MRISpositionSurface()
  max_mm = 0.3
  MAX_REDUCTIONS = 2, REDUCTION_PCT = 0.5
  parms->check_tol = 0, niterations = 100
tol=1.0e-04, sigma=0.5, host=dna01, nav=4, nbrs=2, l_surf_repulse=5.000, l_tspring=0.300, l_nspring=0.300, l_intensity=0.200, l_curv=1.000
mom=0.00, dt=0.50
000: dt: 0.0000, sse=719805.9, rms=4.497
rms = 5.5603/4.4975, sse=950214.6/719805.9, time step reduction 1 of 3 to 0.250  0 1 1
   RMS increased, rejecting step
036: dt: 0.2500, sse=676836.6, rms=4.273 (4.995%)
rms = 4.4620/4.2729, sse=711989.0/676836.6, time step reduction 2 of 3 to 0.125  0 1 1
   RMS increased, rejecting step
037: dt: 0.1250, sse=667414.8, rms=4.222 (1.196%)
038: dt: 0.1250, sse=655609.6, rms=4.158 (1.522%)
rms = 4.1229/4.1575, sse=649257.1/655609.6, time step reduction 3 of 3 to 0.062  0 0 1
039: dt: 0.1250, sse=649257.1, rms=4.123 (0.833%)
  maximum number of reductions reached, breaking from loop
positioning took 0.3 minutes
Iteration 3 =========================================
n_averages=2, current_sigma=0.25
Computing target border values 
Entering MRIScomputeBorderValues_new(): 
  inside_hi   =  92.0621110;
  border_hi   =  60.5851140;
  border_low  =  39.7553410;
  outside_low =  10.0000000;
  outside_hi  =  55.3776700;
  sigma = 0.25;
  max_thickness = 10;
  step_size=0.5;
  STEP_SIZE=0.1;
  which = 2
  thresh = 0
  flags = 0
  CBVfindFirstPeakD1=0
  CBVfindFirstPeakD2=0
  nvertices=114159
  Gdiag_no=-1
  vno start=0, stop=114159
Replacing 255s with 0s
#SI# sigma=0.25 had to be increased for 10306 vertices, nripped=5108
mean border=56.2, 5393 (24) missing vertices, mean dist 0.2 [0.3 (%41.9)->0.7 (%58.1))]
%30 local maxima, %16 large gradients and %45 min vals, 0 gradients ignored
nFirstPeakD1 0
MRIScomputeBorderValues_new() finished in 0.0018 min


Averaging target values for 5 iterations...
Positioning Surface: tspring = 0.3, nspring = 0.3, spring = 0, niters = 100 l_repulse = 0, l_surf_repulse = 5, checktol = 0
Positioning pial surface
Entering MRISpositionSurface()
  max_mm = 0.3
  MAX_REDUCTIONS = 2, REDUCTION_PCT = 0.5
  parms->check_tol = 0, niterations = 100
tol=1.0e-04, sigma=0.2, host=dna01, nav=2, nbrs=2, l_surf_repulse=5.000, l_tspring=0.300, l_nspring=0.300, l_intensity=0.200, l_curv=1.000
mom=0.00, dt=0.50
000: dt: 0.0000, sse=679908.1, rms=4.281
rms = 5.4450/4.2812, sse=922469.2/679908.1, time step reduction 1 of 3 to 0.250  0 1 1
   RMS increased, rejecting step
040: dt: 0.2500, sse=641166.1, rms=4.070 (4.922%)
rms = 4.2126/4.0705, sse=665101.1/641166.1, time step reduction 2 of 3 to 0.125  0 1 1
   RMS increased, rejecting step
rms = 4.0212/4.0705, sse=632426.1/641166.1, time step reduction 3 of 3 to 0.062  0 0 1
041: dt: 0.1250, sse=632426.1, rms=4.021 (1.209%)
  maximum number of reductions reached, breaking from loop
positioning took 0.2 minutes
Pinning medial wall to white surface
removing intersecting faces
000: 33 intersecting
001: 12 intersecting
002: 11 intersecting
003: 10 intersecting
terminating search with 0 intersecting


Writing output to ../surf/lh.pial.T1
#ET# mris_place_surface  3.31 minutes
#VMPC# mris_place_surfaces VmPeak  2320128
mris_place_surface done
#@# white curv lh Mon Mar  9 00:27:04 CET 2026
cd /out/sourcedata/freesurfer/sub-v1s16x0051165_ses-1/mri
mris_place_surface --curv-map ../surf/lh.white 2 10 ../surf/lh.curv
insurf  ../surf/lh.white, nbrs 2, curvature_avgs 10
writing curvature file ../surf/lh.curv
#@# white area lh Mon Mar  9 00:27:06 CET 2026
cd /out/sourcedata/freesurfer/sub-v1s16x0051165_ses-1/mri
mris_place_surface --area-map ../surf/lh.white ../surf/lh.area
writing curvature file ../surf/lh.area
#@# pial curv lh Mon Mar  9 00:27:07 CET 2026
cd /out/sourcedata/freesurfer/sub-v1s16x0051165_ses-1/mri
mris_place_surface --curv-map ../surf/lh.pial 2 10 ../surf/lh.curv.pial
insurf  ../surf/lh.pial, nbrs 2, curvature_avgs 10
writing curvature file ../surf/lh.curv.pial
#@# pial area lh Mon Mar  9 00:27:08 CET 2026
cd /out/sourcedata/freesurfer/sub-v1s16x0051165_ses-1/mri
mris_place_surface --area-map ../surf/lh.pial ../surf/lh.area.pial
writing curvature file ../surf/lh.area.pial
#@# thickness lh Mon Mar  9 00:27:09 CET 2026
cd /out/sourcedata/freesurfer/sub-v1s16x0051165_ses-1/mri
mris_place_surface --thickness ../surf/lh.white ../surf/lh.pial 20 5 ../surf/lh.thickness
0 of 114159 vertices processed
25000 of 114159 vertices processed
50000 of 114159 vertices processed
75000 of 114159 vertices processed
100000 of 114159 vertices processed
0 of 114159 vertices processed
25000 of 114159 vertices processed
50000 of 114159 vertices processed
75000 of 114159 vertices processed
100000 of 114159 vertices processed
thickness calculation complete, 757:3105 truncations.
44088 vertices at 0 distance
80862 vertices at 1 distance
58598 vertices at 2 distance
25447 vertices at 3 distance
10319 vertices at 4 distance
4257 vertices at 5 distance
1957 vertices at 6 distance
1007 vertices at 7 distance
518 vertices at 8 distance
310 vertices at 9 distance
219 vertices at 10 distance
141 vertices at 11 distance
113 vertices at 12 distance
82 vertices at 13 distance
82 vertices at 14 distance
64 vertices at 15 distance
67 vertices at 16 distance
59 vertices at 17 distance
50 vertices at 18 distance
40 vertices at 19 distance
38 vertices at 20 distance
writing curvature file ../surf/lh.thickness
#@# area and vertex vol lh Mon Mar  9 00:27:33 CET 2026
cd /out/sourcedata/freesurfer/sub-v1s16x0051165_ses-1/mri
mris_place_surface --thickness ../surf/lh.white ../surf/lh.pial 20 5 ../surf/lh.thickness
/out/sourcedata/freesurfer/sub-v1s16x0051165_ses-1/surf
mris_calc -o lh.area.mid lh.area add lh.area.pial
Saving result to 'lh.area.mid' (type = MRI_CURV_FILE)                       [ ok ]
mris_calc -o lh.area.mid lh.area.mid div 2
Saving result to 'lh.area.mid' (type = MRI_CURV_FILE)                       [ ok ]
mris_convert --volume sub-v1s16x0051165_ses-1 lh /out/sourcedata/freesurfer/sub-v1s16x0051165_ses-1/surf/lh.volume
masking with /out/sourcedata/freesurfer/sub-v1s16x0051165_ses-1/label/lh.cortex.label
Total face volume 219609
Total vertex volume 219382 (mask=0)
#@# sub-v1s16x0051165_ses-1 lh 219382
 
vertexvol Done

#-----------------------------------------
#@# Curvature Stats lh Mon Mar  9 00:27:34 CET 2026
/out/sourcedata/freesurfer/sub-v1s16x0051165_ses-1/surf

 mris_curvature_stats -m --writeCurvatureFiles -G -o ../stats/lh.curv.stats -F smoothwm sub-v1s16x0051165_ses-1 lh curv sulc 

             Toggling save flag on curvature files                       [ ok ]
                 Outputting results using filestem   [ ../stats/lh.curv.stats ]
             Toggling save flag on curvature files                       [ ok ]
                                   Setting surface [ sub-v1s16x0051165_ses-1/lh.smoothwm ]
                                Reading surface...                       [ ok ]
                                   Setting texture                     [ curv ]
                                Reading texture...                       [ ok ]
                                   Setting texture                     [ sulc ]
                                Reading texture...Gb_filter = 0
                       [ ok ]
      Calculating Discrete Principal Curvatures...
      Determining geometric order for vno faces... [####################] [ ok ]
                      Determining KH curvatures... [####################] [ ok ]
                    Determining k1k2 curvatures... [####################] [ ok ]
                                   deltaViolations                      [ 221 ]
Gb_filter = 0

WARN:    S lookup   min:                          -0.720821
WARN:    S explicit min:                          0.000000	vertex = 350
#-----------------------------------------
#@# Cortical Parc 2 lh Mon Mar  9 00:27:37 CET 2026
/out/sourcedata/freesurfer/sub-v1s16x0051165_ses-1/scripts

 mris_ca_label -l ../label/lh.cortex.label -aseg ../mri/aseg.presurf.mgz -seed 1234 sub-v1s16x0051165_ses-1 lh ../surf/lh.sphere.reg /opt/freesurfer/average/lh.CDaparc.atlas.acfb40.noaparc.i12.2016-08-02.gcs ../label/lh.aparc.a2009s.annot 

setting seed for random number generator to 1234
using ../mri/aseg.presurf.mgz aseg volume to correct midline
7.3.2
  7.3.2
reading atlas from /opt/freesurfer/average/lh.CDaparc.atlas.acfb40.noaparc.i12.2016-08-02.gcs...
reading color table from GCSA file....
average std = 3.0   using min determinant for regularization = 0.088
0 singular and 0 ill-conditioned covariance matrices regularized
input 0: MEAN CURVATURE, flags 0, avgs 5, name mean_curvature
labeling surface...
4 labels changed using aseg
relabeling using gibbs priors...
000:   7976 changed, 114159 examined...
001:   1807 changed, 30840 examined...
002:    529 changed, 9494 examined...
003:    211 changed, 3100 examined...
004:    111 changed, 1259 examined...
005:     60 changed, 658 examined...
006:     35 changed, 337 examined...
007:     21 changed, 203 examined...
008:     18 changed, 119 examined...
009:     10 changed, 93 examined...
010:      5 changed, 57 examined...
011:      8 changed, 28 examined...
012:      0 changed, 32 examined...
1 labels changed using aseg
000: 229 total segments, 144 labels (1404 vertices) changed
001: 90 total segments, 5 labels (17 vertices) changed
002: 85 total segments, 0 labels (0 vertices) changed
10 filter iterations complete (10 requested, 33 changed)
rationalizing unknown annotations with cortex label
relabeling Medial_wall label...
1337 vertices marked for relabeling...
1337 labels changed in reclassification.
writing output to ../label/lh.aparc.a2009s.annot...
classification took 0 minutes and 11 seconds.
#-----------------------------------------
#@# Cortical Parc 3 lh Mon Mar  9 00:27:48 CET 2026
/out/sourcedata/freesurfer/sub-v1s16x0051165_ses-1/scripts

 mris_ca_label -l ../label/lh.cortex.label -aseg ../mri/aseg.presurf.mgz -seed 1234 sub-v1s16x0051165_ses-1 lh ../surf/lh.sphere.reg /opt/freesurfer/average/lh.DKTaparc.atlas.acfb40.noaparc.i12.2016-08-02.gcs ../label/lh.aparc.DKTatlas.annot 

setting seed for random number generator to 1234
using ../mri/aseg.presurf.mgz aseg volume to correct midline
7.3.2
  7.3.2
reading atlas from /opt/freesurfer/average/lh.DKTaparc.atlas.acfb40.noaparc.i12.2016-08-02.gcs...
reading color table from GCSA file....
average std = 1.4   using min determinant for regularization = 0.020
0 singular and 383 ill-conditioned covariance matrices regularized
input 0: MEAN CURVATURE, flags 0, avgs 5, name mean_curvature
labeling surface...
1189 labels changed using aseg
relabeling using gibbs priors...
000:   1757 changed, 114159 examined...
001:    413 changed, 8258 examined...
002:    112 changed, 2368 examined...
003:     48 changed, 664 examined...
004:     21 changed, 312 examined...
005:     12 changed, 136 examined...
006:      6 changed, 77 examined...
007:      8 changed, 38 examined...
008:      8 changed, 41 examined...
009:     11 changed, 49 examined...
010:     11 changed, 60 examined...
011:      9 changed, 60 examined...
012:      6 changed, 43 examined...
013:      7 changed, 34 examined...
014:      6 changed, 40 examined...
015:      5 changed, 35 examined...
016:      3 changed, 26 examined...
017:      3 changed, 20 examined...
018:      3 changed, 20 examined...
019:      1 changed, 15 examined...
020:      1 changed, 8 examined...
021:      0 changed, 6 examined...
219 labels changed using aseg
000: 53 total segments, 20 labels (129 vertices) changed
001: 33 total segments, 0 labels (0 vertices) changed
10 filter iterations complete (10 requested, 4 changed)
rationalizing unknown annotations with cortex label
relabeling unknown label...
relabeling corpuscallosum label...
1095 vertices marked for relabeling...
1095 labels changed in reclassification.
writing output to ../label/lh.aparc.DKTatlas.annot...
classification took 0 minutes and 9 seconds.
#-----------------------------------------
#@# WM/GM Contrast lh Mon Mar  9 00:27:57 CET 2026
/out/sourcedata/freesurfer/sub-v1s16x0051165_ses-1/scripts

 pctsurfcon --s sub-v1s16x0051165_ses-1 --lh-only 

Log file is /out/sourcedata/freesurfer/sub-v1s16x0051165_ses-1/scripts/pctsurfcon.log
Mon Mar  9 00:27:57 CET 2026
setenv SUBJECTS_DIR /out/sourcedata/freesurfer
cd /out/sourcedata/freesurfer/sub-v1s16x0051165_ses-1/scripts
/opt/freesurfer/bin/pctsurfcon
pctsurfcon 7.3.2
Linux dna016 5.14.0-427.37.1.el9_4.x86_64 #1 SMP PREEMPT_DYNAMIC Fri Sep 13 12:41:50 EDT 2024 x86_64 x86_64 x86_64 GNU/Linux
FREESURFER_HOME /opt/freesurfer
mri_vol2surf --mov /out/sourcedata/freesurfer/sub-v1s16x0051165_ses-1/mri/rawavg.mgz --hemi lh --noreshape --interp trilinear --projdist -1 --o /out/sourcedata/freesurfer/sub-v1s16x0051165_ses-1/surf/tmp.pctsurfcon.1172899/lh.wm.mgh --regheader sub-v1s16x0051165_ses-1 --cortex
srcvol = /out/sourcedata/freesurfer/sub-v1s16x0051165_ses-1/mri/rawavg.mgz
srcreg unspecified
srcregold = 0
srcwarp unspecified
surf = white
hemi = lh
ProjDist = -1
reshape = 0
interp = trilinear
float2int = round
GetProjMax = 0
INFO: float2int code = 0
Done loading volume
Computing registration from header.
  Using /out/sourcedata/freesurfer/sub-v1s16x0051165_ses-1/mri/orig.mgz as target reference.
-------- original matrix -----------
-1.00000   0.00000   0.00000  -0.00003;
 0.00000   0.00000   1.00000   0.00000;
 0.00000  -1.00000   0.00000  -0.00004;
 0.00000   0.00000   0.00000   1.00000;
-------- original matrix -----------
Loading label /out/sourcedata/freesurfer/sub-v1s16x0051165_ses-1/label/lh.cortex.label
Reading surface /out/sourcedata/freesurfer/sub-v1s16x0051165_ses-1/surf/lh.white
Done reading source surface
Mapping Source Volume onto Source Subject Surface
Projecting -1 -1 1
 1 -1 -1 -1
using old
Done mapping volume to surface
Number of source voxels hit = 64916
Masking with /out/sourcedata/freesurfer/sub-v1s16x0051165_ses-1/label/lh.cortex.label
Writing to /out/sourcedata/freesurfer/sub-v1s16x0051165_ses-1/surf/tmp.pctsurfcon.1172899/lh.wm.mgh
Dim: 114159 1 1
mri_vol2surf --mov /out/sourcedata/freesurfer/sub-v1s16x0051165_ses-1/mri/rawavg.mgz --hemi lh --noreshape --interp trilinear --o /out/sourcedata/freesurfer/sub-v1s16x0051165_ses-1/surf/tmp.pctsurfcon.1172899/lh.gm.mgh --projfrac 0.3 --regheader sub-v1s16x0051165_ses-1 --cortex
srcvol = /out/sourcedata/freesurfer/sub-v1s16x0051165_ses-1/mri/rawavg.mgz
srcreg unspecified
srcregold = 0
srcwarp unspecified
surf = white
hemi = lh
ProjFrac = 0.3
thickness = thickness
reshape = 0
interp = trilinear
float2int = round
GetProjMax = 0
INFO: float2int code = 0
Done loading volume
Computing registration from header.
  Using /out/sourcedata/freesurfer/sub-v1s16x0051165_ses-1/mri/orig.mgz as target reference.
-------- original matrix -----------
-1.00000   0.00000   0.00000  -0.00003;
 0.00000   0.00000   1.00000   0.00000;
 0.00000  -1.00000   0.00000  -0.00004;
 0.00000   0.00000   0.00000   1.00000;
-------- original matrix -----------
Loading label /out/sourcedata/freesurfer/sub-v1s16x0051165_ses-1/label/lh.cortex.label
Reading surface /out/sourcedata/freesurfer/sub-v1s16x0051165_ses-1/surf/lh.white
Done reading source surface
Reading thickness /out/sourcedata/freesurfer/sub-v1s16x0051165_ses-1/surf/lh.thickness
Done
Mapping Source Volume onto Source Subject Surface
Projecting 0.3 0.3 1
 1 0.3 0.3 0.3
using old
Done mapping volume to surface
Number of source voxels hit = 74153
Masking with /out/sourcedata/freesurfer/sub-v1s16x0051165_ses-1/label/lh.cortex.label
Writing to /out/sourcedata/freesurfer/sub-v1s16x0051165_ses-1/surf/tmp.pctsurfcon.1172899/lh.gm.mgh
Dim: 114159 1 1
mri_concat /out/sourcedata/freesurfer/sub-v1s16x0051165_ses-1/surf/tmp.pctsurfcon.1172899/lh.wm.mgh /out/sourcedata/freesurfer/sub-v1s16x0051165_ses-1/surf/tmp.pctsurfcon.1172899/lh.gm.mgh --paired-diff-norm --mul 100 --o /out/sourcedata/freesurfer/sub-v1s16x0051165_ses-1/surf/lh.w-g.pct.mgh
ninputs = 2
Checking inputs
nframestot = 2
Allocing output
Done allocing
Combining pairs
nframes = 1
Multiplying by 100.000000
Writing to /out/sourcedata/freesurfer/sub-v1s16x0051165_ses-1/surf/lh.w-g.pct.mgh
mri_segstats --in /out/sourcedata/freesurfer/sub-v1s16x0051165_ses-1/surf/lh.w-g.pct.mgh --annot sub-v1s16x0051165_ses-1 lh aparc --sum /out/sourcedata/freesurfer/sub-v1s16x0051165_ses-1/stats/lh.w-g.pct.stats --snr

7.3.2
cwd 
cmdline mri_segstats --in /out/sourcedata/freesurfer/sub-v1s16x0051165_ses-1/surf/lh.w-g.pct.mgh --annot sub-v1s16x0051165_ses-1 lh aparc --sum /out/sourcedata/freesurfer/sub-v1s16x0051165_ses-1/stats/lh.w-g.pct.stats --snr 
sysname  Linux
hostname dna016
machine  x86_64
user     oesteban
whitesurfname  white
UseRobust  0
Constructing seg from annotation

Reading annotation /out/sourcedata/freesurfer/sub-v1s16x0051165_ses-1/label/lh.aparc.annot
Seg base 1000
Loading /out/sourcedata/freesurfer/sub-v1s16x0051165_ses-1/surf/lh.w-g.pct.mgh
Vertex Area is 0.701129 mm^3
Generating list of segmentation ids
Found  36 segmentations
Computing statistics for each segmentation

Reporting on  35 segmentations
Using PrintSegStat
mri_segstats done
Cleaning up

Started at Mon Mar 9 00:04:22 CET 2026 
Ended   at Mon Mar 9 00:28:00 CET 2026
#@#%# recon-all-run-time-hours 0.394
recon-all -s sub-v1s16x0051165_ses-1 finished without error at Mon Mar  9 00:28:00 CET 2026



#New# invocation of recon-all 




Mon Mar  9 00:54:00 CET 2026
cd /out/sourcedata/freesurfer/sub-v1s16x0051165_ses-1
setenv SUBJECTS_DIR /out/sourcedata/freesurfer
/opt/freesurfer/bin/recon-all -autorecon-hemi lh -nohyporelabel -lh-only -openmp 16 -subjid sub-v1s16x0051165_ses-1 -sd /out/sourcedata/freesurfer -notessellate -nosmooth1 -noinflate1 -noqsphere -nofix -nowhite -nosmooth2 -noinflate2 -nocurvHK -nocurvstats -nosphere -nosurfreg -nojacobian_white -noavgcurv -nocortparc -nopial -nocortparc2 -nocortparc3 -nopctsurfcon

subjid sub-v1s16x0051165_ses-1
setenv SUBJECTS_DIR /out/sourcedata/freesurfer
FREESURFER_HOME /opt/freesurfer
Actual FREESURFER_HOME /opt/freesurfer
build-stamp.txt: freesurfer-linux-ubuntu22_x86_64-7.3.2-20220804-6354275
Linux dna016 5.14.0-427.37.1.el9_4.x86_64 #1 SMP PREEMPT_DYNAMIC Fri Sep 13 12:41:50 EDT 2024 x86_64 x86_64 x86_64 GNU/Linux
cputime      unlimited
filesize     unlimited
datasize     unlimited
stacksize    8192 kbytes
coredumpsize 0 kbytes
memoryuse    67108864 kbytes
vmemoryuse   unlimited
descriptors  1024 
memorylocked unlimited
maxproc      2061970 
maxlocks     unlimited
maxsignal    2061970 
maxmessage   819200 
maxnice      0 
maxrtprio    0 
maxrttime    unlimited

               total        used        free      shared  buff/cache   available
Mem:           503Gi        35Gi       446Gi       8.8Gi        21Gi       456Gi
Swap:             0B          0B          0B

########################################
program versions used
7.3.2 (freesurfer-linux-ubuntu22_x86_64-7.3.2-20220804-6354275)
7.3.2

ProgramName: lta_convert  ProgramArguments: lta_convert -all-info  ProgramVersion: 7.3.2  TimeStamp: 2026/03/08-23:54:00-GMT  BuildTime: Aug  4 2022 06:17:15  BuildStamp: freesurfer-linux-ubuntu22_x86_64-7.3.2-20220804-6354275  User: oesteban  Machine: dna016  Platform: Linux  PlatformVersion: 5.14.0-427.37.1.el9_4.x86_64  CompilerName: GCC  CompilerVersion: 8.4.0
ProgramName: mri_and  ProgramArguments: mri_and -all-info  ProgramVersion: 7.3.2  TimeStamp: 2026/03/08-23:54:00-GMT  BuildTime: Aug  4 2022 06:17:15  BuildStamp: freesurfer-linux-ubuntu22_x86_64-7.3.2-20220804-6354275  User: oesteban  Machine: dna016  Platform: Linux  PlatformVersion: 5.14.0-427.37.1.el9_4.x86_64  CompilerName: GCC  CompilerVersion: 8.4.0
ProgramName: mri_annotation2label  ProgramArguments: mri_annotation2label -all-info  ProgramVersion: 7.3.2  TimeStamp: 2026/03/08-23:54:00-GMT  BuildTime: Aug  4 2022 06:17:15  BuildStamp: freesurfer-linux-ubuntu22_x86_64-7.3.2-20220804-6354275  User: oesteban  Machine: dna016  Platform: Linux  PlatformVersion: 5.14.0-427.37.1.el9_4.x86_64  CompilerName: GCC  CompilerVersion: 8.4.0
ProgramName: mri_aparc2aseg  ProgramArguments: mri_aparc2aseg -all-info  ProgramVersion: 7.3.2  TimeStamp: 2026/03/08-23:54:00-GMT  BuildTime: Aug  4 2022 06:17:15  BuildStamp: freesurfer-linux-ubuntu22_x86_64-7.3.2-20220804-6354275  User: oesteban  Machine: dna016  Platform: Linux  PlatformVersion: 5.14.0-427.37.1.el9_4.x86_64  CompilerName: GCC  CompilerVersion: 8.4.0
ProgramName: mri_surf2volseg  ProgramArguments: mri_surf2volseg -all-info  ProgramVersion: 7.3.2  TimeStamp: 2026/03/08-23:54:00-GMT  BuildTime: Aug  4 2022 06:17:15  BuildStamp: freesurfer-linux-ubuntu22_x86_64-7.3.2-20220804-6354275  User: oesteban  Machine: dna016  Platform: Linux  PlatformVersion: 5.14.0-427.37.1.el9_4.x86_64  CompilerName: GCC  CompilerVersion: 8.4.0
ProgramName: mri_binarize  ProgramArguments: mri_binarize -all-info  ProgramVersion: 7.3.2  TimeStamp: 2026/03/08-23:54:00-GMT  BuildTime: Aug  4 2022 06:17:15  BuildStamp: freesurfer-linux-ubuntu22_x86_64-7.3.2-20220804-6354275  User: oesteban  Machine: dna016  Platform: Linux  PlatformVersion: 5.14.0-427.37.1.el9_4.x86_64  CompilerName: GCC  CompilerVersion: 8.4.0
ProgramName: mri_ca_label  ProgramArguments: mri_ca_label -all-info  ProgramVersion: 7.3.2  TimeStamp: 2026/03/08-23:54:00-GMT  BuildTime: Aug  4 2022 06:17:15  BuildStamp: freesurfer-linux-ubuntu22_x86_64-7.3.2-20220804-6354275  User: oesteban  Machine: dna016  Platform: Linux  PlatformVersion: 5.14.0-427.37.1.el9_4.x86_64  CompilerName: GCC  CompilerVersion: 8.4.0
ProgramName: mri_ca_normalize  ProgramArguments: mri_ca_normalize -all-info  ProgramVersion: 7.3.2  TimeStamp: 2026/03/08-23:54:00-GMT  BuildTime: Aug  4 2022 06:17:15  BuildStamp: freesurfer-linux-ubuntu22_x86_64-7.3.2-20220804-6354275  User: oesteban  Machine: dna016  Platform: Linux  PlatformVersion: 5.14.0-427.37.1.el9_4.x86_64  CompilerName: GCC  CompilerVersion: 8.4.0
ProgramName: mri_ca_register  ProgramArguments: mri_ca_register -all-info  ProgramVersion: 7.3.2  TimeStamp: 2026/03/08-23:54:00-GMT  BuildTime: Aug  4 2022 06:17:15  BuildStamp: freesurfer-linux-ubuntu22_x86_64-7.3.2-20220804-6354275  User: oesteban  Machine: dna016  Platform: Linux  PlatformVersion: 5.14.0-427.37.1.el9_4.x86_64  CompilerName: GCC  CompilerVersion: 8.4.0
ProgramName: mri_cc  ProgramArguments: mri_cc -all-info  ProgramVersion: 7.3.2  TimeStamp: 2026/03/08-23:54:00-GMT  BuildTime: Aug  4 2022 06:17:15  BuildStamp: freesurfer-linux-ubuntu22_x86_64-7.3.2-20220804-6354275  User: oesteban  Machine: dna016  Platform: Linux  PlatformVersion: 5.14.0-427.37.1.el9_4.x86_64  CompilerName: GCC  CompilerVersion: 8.4.0
ProgramName: mri_compute_overlap  ProgramArguments: mri_compute_overlap -all-info  ProgramVersion: 7.3.2  TimeStamp: 2026/03/08-23:54:00-GMT  BuildTime: Aug  4 2022 06:17:15  BuildStamp: freesurfer-linux-ubuntu22_x86_64-7.3.2-20220804-6354275  User: oesteban  Machine: dna016  Platform: Linux  PlatformVersion: 5.14.0-427.37.1.el9_4.x86_64  CompilerName: GCC  CompilerVersion: 8.4.0
ProgramName: mri_compute_seg_overlap  ProgramArguments: mri_compute_seg_overlap -all-info  ProgramVersion: 7.3.2  TimeStamp: 2026/03/08-23:54:00-GMT  BuildTime: Aug  4 2022 06:17:15  BuildStamp: freesurfer-linux-ubuntu22_x86_64-7.3.2-20220804-6354275  User: oesteban  Machine: dna016  Platform: Linux  PlatformVersion: 5.14.0-427.37.1.el9_4.x86_64  CompilerName: GCC  CompilerVersion: 8.4.0
ProgramName: mri_concat  ProgramArguments: mri_concat -all-info  ProgramVersion: 7.3.2  TimeStamp: 2026/03/08-23:54:00-GMT  BuildTime: Aug  4 2022 06:17:15  BuildStamp: freesurfer-linux-ubuntu22_x86_64-7.3.2-20220804-6354275  User: oesteban  Machine: dna016  Platform: Linux  PlatformVersion: 5.14.0-427.37.1.el9_4.x86_64  CompilerName: GCC  CompilerVersion: 8.4.0
ProgramName: mri_concatenate_lta  ProgramArguments: mri_concatenate_lta -all-info  ProgramVersion: 7.3.2  TimeStamp: 2026/03/08-23:54:00-GMT  BuildTime: Aug  4 2022 06:17:15  BuildStamp: freesurfer-linux-ubuntu22_x86_64-7.3.2-20220804-6354275  User: oesteban  Machine: dna016  Platform: Linux  PlatformVersion: 5.14.0-427.37.1.el9_4.x86_64  CompilerName: GCC  CompilerVersion: 8.4.0
mri_convert -all-info 
ProgramName: mri_convert  ProgramArguments: mri_convert -all-info  ProgramVersion: 7.3.2  TimeStamp: 2026/03/08-23:54:00-GMT  BuildTime: Aug  4 2022 06:17:15  BuildStamp: freesurfer-linux-ubuntu22_x86_64-7.3.2-20220804-6354275  User: oesteban  Machine: dna016  Platform: Linux  PlatformVersion: 5.14.0-427.37.1.el9_4.x86_64  CompilerName: GCC  CompilerVersion: 8.4.0
ProgramName: mri_diff  ProgramArguments: mri_diff -all-info  ProgramVersion: 7.3.2  TimeStamp: 2026/03/08-23:54:00-GMT  BuildTime: Aug  4 2022 06:17:15  BuildStamp: freesurfer-linux-ubuntu22_x86_64-7.3.2-20220804-6354275  User: oesteban  Machine: dna016  Platform: Linux  PlatformVersion: 5.14.0-427.37.1.el9_4.x86_64  CompilerName: GCC  CompilerVersion: 8.4.0
ProgramName: mri_edit_wm_with_aseg  ProgramArguments: mri_edit_wm_with_aseg -all-info  ProgramVersion: 7.3.2  TimeStamp: 2026/03/08-23:54:00-GMT  BuildTime: Aug  4 2022 06:17:15  BuildStamp: freesurfer-linux-ubuntu22_x86_64-7.3.2-20220804-6354275  User: oesteban  Machine: dna016  Platform: Linux  PlatformVersion: 5.14.0-427.37.1.el9_4.x86_64  CompilerName: GCC  CompilerVersion: 8.4.0
ProgramName: mri_em_register  ProgramArguments: mri_em_register -all-info  ProgramVersion: 7.3.2  TimeStamp: 2026/03/08-23:54:00-GMT  BuildTime: Aug  4 2022 06:17:15  BuildStamp: freesurfer-linux-ubuntu22_x86_64-7.3.2-20220804-6354275  User: oesteban  Machine: dna016  Platform: Linux  PlatformVersion: 5.14.0-427.37.1.el9_4.x86_64  CompilerName: GCC  CompilerVersion: 8.4.0
ProgramName: mri_fill  ProgramArguments: mri_fill -all-info  ProgramVersion: 7.3.2  TimeStamp: 2026/03/08-23:54:00-GMT  BuildTime: Aug  4 2022 06:17:15  BuildStamp: freesurfer-linux-ubuntu22_x86_64-7.3.2-20220804-6354275  User: oesteban  Machine: dna016  Platform: Linux  PlatformVersion: 5.14.0-427.37.1.el9_4.x86_64  CompilerName: GCC  CompilerVersion: 8.4.0
ProgramName: mri_fuse_segmentations  ProgramArguments: mri_fuse_segmentations -all-info  ProgramVersion: 7.3.2  TimeStamp: 2026/03/08-23:54:00-GMT  BuildTime: Aug  4 2022 06:17:15  BuildStamp: freesurfer-linux-ubuntu22_x86_64-7.3.2-20220804-6354275  User: oesteban  Machine: dna016  Platform: Linux  PlatformVersion: 5.14.0-427.37.1.el9_4.x86_64  CompilerName: GCC  CompilerVersion: 8.4.0
ProgramName: mri_fwhm  ProgramArguments: mri_fwhm -all-info  ProgramVersion: 7.3.2  TimeStamp: 2026/03/08-23:54:00-GMT  BuildTime: Aug  4 2022 06:17:15  BuildStamp: freesurfer-linux-ubuntu22_x86_64-7.3.2-20220804-6354275  User: oesteban  Machine: dna016  Platform: Linux  PlatformVersion: 5.14.0-427.37.1.el9_4.x86_64  CompilerName: GCC  CompilerVersion: 8.4.0
ProgramName: mri_gcut  ProgramArguments: mri_gcut -all-info  ProgramVersion: 7.3.2  TimeStamp: 2026/03/08-23:54:00-GMT  BuildTime: Aug  4 2022 06:17:15  BuildStamp: freesurfer-linux-ubuntu22_x86_64-7.3.2-20220804-6354275  User: oesteban  Machine: dna016  Platform: Linux  PlatformVersion: 5.14.0-427.37.1.el9_4.x86_64  CompilerName: GCC  CompilerVersion: 8.4.0
ProgramName: mri_info  ProgramArguments: mri_info -all-info  ProgramVersion: 7.3.2  TimeStamp: 2026/03/08-23:54:00-GMT  BuildTime: Aug  4 2022 06:17:15  BuildStamp: freesurfer-linux-ubuntu22_x86_64-7.3.2-20220804-6354275  User: oesteban  Machine: dna016  Platform: Linux  PlatformVersion: 5.14.0-427.37.1.el9_4.x86_64  CompilerName: GCC  CompilerVersion: 8.4.0
ProgramName: mri_label2label  ProgramArguments: mri_label2label -all-info  ProgramVersion: 7.3.2  TimeStamp: 2026/03/08-23:54:00-GMT  BuildTime: Aug  4 2022 06:17:15  BuildStamp: freesurfer-linux-ubuntu22_x86_64-7.3.2-20220804-6354275  User: oesteban  Machine: dna016  Platform: Linux  PlatformVersion: 5.14.0-427.37.1.el9_4.x86_64  CompilerName: GCC  CompilerVersion: 8.4.0
ProgramName: mri_label2vol  ProgramArguments: mri_label2vol -all-info  ProgramVersion: 7.3.2  TimeStamp: 2026/03/08-23:54:00-GMT  BuildTime: Aug  4 2022 06:17:15  BuildStamp: freesurfer-linux-ubuntu22_x86_64-7.3.2-20220804-6354275  User: oesteban  Machine: dna016  Platform: Linux  PlatformVersion: 5.14.0-427.37.1.el9_4.x86_64  CompilerName: GCC  CompilerVersion: 8.4.0
ProgramName: mri_log_likelihood  ProgramArguments: mri_log_likelihood -all-info  ProgramVersion: 7.3.2  TimeStamp: 2026/03/08-23:54:00-GMT  BuildTime: Aug  4 2022 06:17:15  BuildStamp: freesurfer-linux-ubuntu22_x86_64-7.3.2-20220804-6354275  User: oesteban  Machine: dna016  Platform: Linux  PlatformVersion: 5.14.0-427.37.1.el9_4.x86_64  CompilerName: GCC  CompilerVersion: 8.4.0
ProgramName: mri_mask  ProgramArguments: mri_mask -all-info  ProgramVersion: 7.3.2  TimeStamp: 2026/03/08-23:54:00-GMT  BuildTime: Aug  4 2022 06:17:15  BuildStamp: freesurfer-linux-ubuntu22_x86_64-7.3.2-20220804-6354275  User: oesteban  Machine: dna016  Platform: Linux  PlatformVersion: 5.14.0-427.37.1.el9_4.x86_64  CompilerName: GCC  CompilerVersion: 8.4.0
ProgramName: mri_matrix_multiply  ProgramArguments: mri_matrix_multiply -all-info  ProgramVersion: 7.3.2  TimeStamp: 2026/03/08-23:54:00-GMT  BuildTime: Aug  4 2022 06:17:15  BuildStamp: freesurfer-linux-ubuntu22_x86_64-7.3.2-20220804-6354275  User: oesteban  Machine: dna016  Platform: Linux  PlatformVersion: 5.14.0-427.37.1.el9_4.x86_64  CompilerName: GCC  CompilerVersion: 8.4.0
ProgramName: mri_normalize  ProgramArguments: mri_normalize -all-info  ProgramVersion: 7.3.2  TimeStamp: 2026/03/08-23:54:00-GMT  BuildTime: Aug  4 2022 06:17:15  BuildStamp: freesurfer-linux-ubuntu22_x86_64-7.3.2-20220804-6354275  User: oesteban  Machine: dna016  Platform: Linux  PlatformVersion: 5.14.0-427.37.1.el9_4.x86_64  CompilerName: GCC  CompilerVersion: 8.4.0
ProgramName: mri_normalize_tp2  ProgramArguments: mri_normalize_tp2 -all-info  ProgramVersion: 7.3.2  TimeStamp: 2026/03/08-23:54:00-GMT  BuildTime: Aug  4 2022 06:17:15  BuildStamp: freesurfer-linux-ubuntu22_x86_64-7.3.2-20220804-6354275  User: oesteban  Machine: dna016  Platform: Linux  PlatformVersion: 5.14.0-427.37.1.el9_4.x86_64  CompilerName: GCC  CompilerVersion: 8.4.0
ProgramName: mri_or  ProgramArguments: mri_or -all-info  ProgramVersion: 7.3.2  TimeStamp: 2026/03/08-23:54:00-GMT  BuildTime: Aug  4 2022 06:17:15  BuildStamp: freesurfer-linux-ubuntu22_x86_64-7.3.2-20220804-6354275  User: oesteban  Machine: dna016  Platform: Linux  PlatformVersion: 5.14.0-427.37.1.el9_4.x86_64  CompilerName: GCC  CompilerVersion: 8.4.0
ProgramName: mri_relabel_hypointensities  ProgramArguments: mri_relabel_hypointensities -all-info  ProgramVersion: 7.3.2  TimeStamp: 2026/03/08-23:54:00-GMT  BuildTime: Aug  4 2022 06:17:15  BuildStamp: freesurfer-linux-ubuntu22_x86_64-7.3.2-20220804-6354275  User: oesteban  Machine: dna016  Platform: Linux  PlatformVersion: 5.14.0-427.37.1.el9_4.x86_64  CompilerName: GCC  CompilerVersion: 8.4.0
ProgramName: mri_relabel_nonwm_hypos  ProgramArguments: mri_relabel_nonwm_hypos -all-info  ProgramVersion: 7.3.2  TimeStamp: 2026/03/08-23:54:00-GMT  BuildTime: Aug  4 2022 06:17:15  BuildStamp: freesurfer-linux-ubuntu22_x86_64-7.3.2-20220804-6354275  User: oesteban  Machine: dna016  Platform: Linux  PlatformVersion: 5.14.0-427.37.1.el9_4.x86_64  CompilerName: GCC  CompilerVersion: 8.4.0
ProgramName: mri_remove_neck  ProgramArguments: mri_remove_neck -all-info  ProgramVersion: 7.3.2  TimeStamp: 2026/03/08-23:54:00-GMT  BuildTime: Aug  4 2022 06:17:15  BuildStamp: freesurfer-linux-ubuntu22_x86_64-7.3.2-20220804-6354275  User: oesteban  Machine: dna016  Platform: Linux  PlatformVersion: 5.14.0-427.37.1.el9_4.x86_64  CompilerName: GCC  CompilerVersion: 8.4.0
7.3.2

ProgramName: mri_robust_register  ProgramArguments: mri_robust_register -all-info  ProgramVersion: 7.3.2  TimeStamp: 2026/03/08-23:54:00-GMT  BuildTime: Aug  4 2022 06:17:15  BuildStamp: freesurfer-linux-ubuntu22_x86_64-7.3.2-20220804-6354275  User: oesteban  Machine: dna016  Platform: Linux  PlatformVersion: 5.14.0-427.37.1.el9_4.x86_64  CompilerName: GCC  CompilerVersion: 8.4.0
7.3.2

ProgramName: mri_robust_template  ProgramArguments: mri_robust_template -all-info  ProgramVersion: 7.3.2  TimeStamp: 2026/03/08-23:54:00-GMT  BuildTime: Aug  4 2022 06:17:15  BuildStamp: freesurfer-linux-ubuntu22_x86_64-7.3.2-20220804-6354275  User: oesteban  Machine: dna016  Platform: Linux  PlatformVersion: 5.14.0-427.37.1.el9_4.x86_64  CompilerName: GCC  CompilerVersion: 8.4.0
ProgramName: mris_anatomical_stats  ProgramArguments: mris_anatomical_stats -all-info  ProgramVersion: 7.3.2  TimeStamp: 2026/03/08-23:54:00-GMT  BuildTime: Aug  4 2022 06:17:15  BuildStamp: freesurfer-linux-ubuntu22_x86_64-7.3.2-20220804-6354275  User: oesteban  Machine: dna016  Platform: Linux  PlatformVersion: 5.14.0-427.37.1.el9_4.x86_64  CompilerName: GCC  CompilerVersion: 8.4.0
ProgramName: mris_ca_label  ProgramArguments: mris_ca_label -all-info  ProgramVersion: 7.3.2  TimeStamp: 2026/03/08-23:54:00-GMT  BuildTime: Aug  4 2022 06:17:15  BuildStamp: freesurfer-linux-ubuntu22_x86_64-7.3.2-20220804-6354275  User: oesteban  Machine: dna016  Platform: Linux  PlatformVersion: 5.14.0-427.37.1.el9_4.x86_64  CompilerName: GCC  CompilerVersion: 8.4.0
ProgramName: mris_calc  ProgramArguments: mris_calc -all-info  ProgramVersion: 7.3.2  TimeStamp: 2026/03/08-23:54:00-GMT  BuildTime: Aug  4 2022 06:17:15  BuildStamp: freesurfer-linux-ubuntu22_x86_64-7.3.2-20220804-6354275  User: oesteban  Machine: dna016  Platform: Linux  PlatformVersion: 5.14.0-427.37.1.el9_4.x86_64  CompilerName: GCC  CompilerVersion: 8.4.0
ProgramName: mris_convert  ProgramArguments: mris_convert -all-info  ProgramVersion: 7.3.2  TimeStamp: 2026/03/08-23:54:00-GMT  BuildTime: Aug  4 2022 06:17:15  BuildStamp: freesurfer-linux-ubuntu22_x86_64-7.3.2-20220804-6354275  User: oesteban  Machine: dna016  Platform: Linux  PlatformVersion: 5.14.0-427.37.1.el9_4.x86_64  CompilerName: GCC  CompilerVersion: 8.4.0
ProgramName: mris_curvature  ProgramArguments: mris_curvature -all-info  ProgramVersion: 7.3.2  TimeStamp: 2026/03/08-23:54:00-GMT  BuildTime: Aug  4 2022 06:17:15  BuildStamp: freesurfer-linux-ubuntu22_x86_64-7.3.2-20220804-6354275  User: oesteban  Machine: dna016  Platform: Linux  PlatformVersion: 5.14.0-427.37.1.el9_4.x86_64  CompilerName: GCC  CompilerVersion: 8.4.0
ProgramName: mris_curvature_stats  ProgramArguments: mris_curvature_stats -all-info  ProgramVersion: 7.3.2  TimeStamp: 2026/03/08-23:54:00-GMT  BuildTime: Aug  4 2022 06:17:15  BuildStamp: freesurfer-linux-ubuntu22_x86_64-7.3.2-20220804-6354275  User: oesteban  Machine: dna016  Platform: Linux  PlatformVersion: 5.14.0-427.37.1.el9_4.x86_64  CompilerName: GCC  CompilerVersion: 8.4.0
ProgramName: mris_diff  ProgramArguments: mris_diff -all-info  ProgramVersion: 7.3.2  TimeStamp: 2026/03/08-23:54:00-GMT  BuildTime: Aug  4 2022 06:17:15  BuildStamp: freesurfer-linux-ubuntu22_x86_64-7.3.2-20220804-6354275  User: oesteban  Machine: dna016  Platform: Linux  PlatformVersion: 5.14.0-427.37.1.el9_4.x86_64  CompilerName: GCC  CompilerVersion: 8.4.0
ProgramName: mris_divide_parcellation  ProgramArguments: mris_divide_parcellation -all-info  ProgramVersion: 7.3.2  TimeStamp: 2026/03/08-23:54:00-GMT  BuildTime: Aug  4 2022 06:17:15  BuildStamp: freesurfer-linux-ubuntu22_x86_64-7.3.2-20220804-6354275  User: oesteban  Machine: dna016  Platform: Linux  PlatformVersion: 5.14.0-427.37.1.el9_4.x86_64  CompilerName: GCC  CompilerVersion: 8.4.0
ProgramName: mri_segment  ProgramArguments: mri_segment -all-info  ProgramVersion: 7.3.2  TimeStamp: 2026/03/08-23:54:00-GMT  BuildTime: Aug  4 2022 06:17:15  BuildStamp: freesurfer-linux-ubuntu22_x86_64-7.3.2-20220804-6354275  User: oesteban  Machine: dna016  Platform: Linux  PlatformVersion: 5.14.0-427.37.1.el9_4.x86_64  CompilerName: GCC  CompilerVersion: 8.4.0
ProgramName: mri_segstats  ProgramArguments: mri_segstats -all-info  ProgramVersion: 7.3.2  TimeStamp: 2026/03/08-23:54:00-GMT  BuildTime: Aug  4 2022 06:17:15  BuildStamp: freesurfer-linux-ubuntu22_x86_64-7.3.2-20220804-6354275  User: oesteban  Machine: dna016  Platform: Linux  PlatformVersion: 5.14.0-427.37.1.el9_4.x86_64  CompilerName: GCC  CompilerVersion: 8.4.0
ProgramName: mris_euler_number  ProgramArguments: mris_euler_number -all-info  ProgramVersion: 7.3.2  TimeStamp: 2026/03/08-23:54:00-GMT  BuildTime: Aug  4 2022 06:17:15  BuildStamp: freesurfer-linux-ubuntu22_x86_64-7.3.2-20220804-6354275  User: oesteban  Machine: dna016  Platform: Linux  PlatformVersion: 5.14.0-427.37.1.el9_4.x86_64  CompilerName: GCC  CompilerVersion: 8.4.0
ProgramName: mris_fix_topology  ProgramArguments: mris_fix_topology -all-info  ProgramVersion: 7.3.2  TimeStamp: 2026/03/08-23:54:00-GMT  BuildTime: Aug  4 2022 06:17:15  BuildStamp: freesurfer-linux-ubuntu22_x86_64-7.3.2-20220804-6354275  User: oesteban  Machine: dna016  Platform: Linux  PlatformVersion: 5.14.0-427.37.1.el9_4.x86_64  CompilerName: GCC  CompilerVersion: 8.4.0
ProgramName: mris_topo_fixer  ProgramArguments: mris_topo_fixer -all-info  ProgramVersion: 7.3.2  TimeStamp: 2026/03/08-23:54:00-GMT  BuildTime: Aug  4 2022 06:17:15  BuildStamp: freesurfer-linux-ubuntu22_x86_64-7.3.2-20220804-6354275  User: oesteban  Machine: dna016  Platform: Linux  PlatformVersion: 5.14.0-427.37.1.el9_4.x86_64  CompilerName: GCC  CompilerVersion: 8.4.0
ProgramName: mris_jacobian  ProgramArguments: mris_jacobian -all-info  ProgramVersion: 7.3.2  TimeStamp: 2026/03/08-23:54:00-GMT  BuildTime: Aug  4 2022 06:17:15  BuildStamp: freesurfer-linux-ubuntu22_x86_64-7.3.2-20220804-6354275  User: oesteban  Machine: dna016  Platform: Linux  PlatformVersion: 5.14.0-427.37.1.el9_4.x86_64  CompilerName: GCC  CompilerVersion: 8.4.0
ProgramName: mris_label2annot  ProgramArguments: mris_label2annot -all-info  ProgramVersion: 7.3.2  TimeStamp: 2026/03/08-23:54:00-GMT  BuildTime: Aug  4 2022 06:17:15  BuildStamp: freesurfer-linux-ubuntu22_x86_64-7.3.2-20220804-6354275  User: oesteban  Machine: dna016  Platform: Linux  PlatformVersion: 5.14.0-427.37.1.el9_4.x86_64  CompilerName: GCC  CompilerVersion: 8.4.0
ProgramName: mris_left_right_register  ProgramArguments: mris_left_right_register -all-info  ProgramVersion: 7.3.2  TimeStamp: 2026/03/08-23:54:00-GMT  BuildTime: Aug  4 2022 06:17:15  BuildStamp: freesurfer-linux-ubuntu22_x86_64-7.3.2-20220804-6354275  User: oesteban  Machine: dna016  Platform: Linux  PlatformVersion: 5.14.0-427.37.1.el9_4.x86_64  CompilerName: GCC  CompilerVersion: 8.4.0
ProgramName: mris_place_surface  ProgramArguments: mris_place_surface -all-info  ProgramVersion: 7.3.2  TimeStamp: 2026/03/08-23:54:00-GMT  BuildTime: Aug  4 2022 06:17:15  BuildStamp: freesurfer-linux-ubuntu22_x86_64-7.3.2-20220804-6354275  User: oesteban  Machine: dna016  Platform: Linux  PlatformVersion: 5.14.0-427.37.1.el9_4.x86_64  CompilerName: GCC  CompilerVersion: 8.4.0
ProgramName: mrisp_paint  ProgramArguments: mrisp_paint -all-info  ProgramVersion: 7.3.2  TimeStamp: 2026/03/08-23:54:00-GMT  BuildTime: Aug  4 2022 06:17:15  BuildStamp: freesurfer-linux-ubuntu22_x86_64-7.3.2-20220804-6354275  User: oesteban  Machine: dna016  Platform: Linux  PlatformVersion: 5.14.0-427.37.1.el9_4.x86_64  CompilerName: GCC  CompilerVersion: 8.4.0
ProgramName: mris_register  ProgramArguments: mris_register -all-info  ProgramVersion: 7.3.2  TimeStamp: 2026/03/08-23:54:00-GMT  BuildTime: Aug  4 2022 06:17:15  BuildStamp: freesurfer-linux-ubuntu22_x86_64-7.3.2-20220804-6354275  User: oesteban  Machine: dna016  Platform: Linux  PlatformVersion: 5.14.0-427.37.1.el9_4.x86_64  CompilerName: GCC  CompilerVersion: 8.4.0
ProgramName: mris_smooth  ProgramArguments: mris_smooth -all-info  ProgramVersion: 7.3.2  TimeStamp: 2026/03/08-23:54:00-GMT  BuildTime: Aug  4 2022 06:17:15  BuildStamp: freesurfer-linux-ubuntu22_x86_64-7.3.2-20220804-6354275  User: oesteban  Machine: dna016  Platform: Linux  PlatformVersion: 5.14.0-427.37.1.el9_4.x86_64  CompilerName: GCC  CompilerVersion: 8.4.0
ProgramName: mris_sphere  ProgramArguments: mris_sphere -all-info  ProgramVersion: 7.3.2  TimeStamp: 2026/03/08-23:54:00-GMT  BuildTime: Aug  4 2022 06:17:15  BuildStamp: freesurfer-linux-ubuntu22_x86_64-7.3.2-20220804-6354275  User: oesteban  Machine: dna016  Platform: Linux  PlatformVersion: 5.14.0-427.37.1.el9_4.x86_64  CompilerName: GCC  CompilerVersion: 8.4.0
ProgramName: mris_surface_stats  ProgramArguments: mris_surface_stats -all-info  ProgramVersion: 7.3.2  TimeStamp: 2026/03/08-23:54:00-GMT  BuildTime: Aug  4 2022 06:17:15  BuildStamp: freesurfer-linux-ubuntu22_x86_64-7.3.2-20220804-6354275  User: oesteban  Machine: dna016  Platform: Linux  PlatformVersion: 5.14.0-427.37.1.el9_4.x86_64  CompilerName: GCC  CompilerVersion: 8.4.0
ProgramName: mri_stats2seg  ProgramArguments: mri_stats2seg -all-info  ProgramVersion: 7.3.2  TimeStamp: 2026/03/08-23:54:00-GMT  BuildTime: Aug  4 2022 06:17:15  BuildStamp: freesurfer-linux-ubuntu22_x86_64-7.3.2-20220804-6354275  User: oesteban  Machine: dna016  Platform: Linux  PlatformVersion: 5.14.0-427.37.1.el9_4.x86_64  CompilerName: GCC  CompilerVersion: 8.4.0
ProgramName: mris_thickness  ProgramArguments: mris_thickness -all-info  ProgramVersion: 7.3.2  TimeStamp: 2026/03/08-23:54:00-GMT  BuildTime: Aug  4 2022 06:17:15  BuildStamp: freesurfer-linux-ubuntu22_x86_64-7.3.2-20220804-6354275  User: oesteban  Machine: dna016  Platform: Linux  PlatformVersion: 5.14.0-427.37.1.el9_4.x86_64  CompilerName: GCC  CompilerVersion: 8.4.0
ProgramName: mris_thickness_diff  ProgramArguments: mris_thickness_diff -all-info  ProgramVersion: 7.3.2  TimeStamp: 2026/03/08-23:54:00-GMT  BuildTime: Aug  4 2022 06:17:15  BuildStamp: freesurfer-linux-ubuntu22_x86_64-7.3.2-20220804-6354275  User: oesteban  Machine: dna016  Platform: Linux  PlatformVersion: 5.14.0-427.37.1.el9_4.x86_64  CompilerName: GCC  CompilerVersion: 8.4.0
ProgramName: mris_topo_fixer  ProgramArguments: mris_topo_fixer -all-info  ProgramVersion: 7.3.2  TimeStamp: 2026/03/08-23:54:00-GMT  BuildTime: Aug  4 2022 06:17:15  BuildStamp: freesurfer-linux-ubuntu22_x86_64-7.3.2-20220804-6354275  User: oesteban  Machine: dna016  Platform: Linux  PlatformVersion: 5.14.0-427.37.1.el9_4.x86_64  CompilerName: GCC  CompilerVersion: 8.4.0
ProgramName: mri_surf2surf  ProgramArguments: mri_surf2surf -all-info  ProgramVersion: 7.3.2  TimeStamp: 2026/03/08-23:54:00-GMT  BuildTime: Aug  4 2022 06:17:15  BuildStamp: freesurfer-linux-ubuntu22_x86_64-7.3.2-20220804-6354275  User: oesteban  Machine: dna016  Platform: Linux  PlatformVersion: 5.14.0-427.37.1.el9_4.x86_64  CompilerName: GCC  CompilerVersion: 8.4.0
ProgramName: mri_surf2vol  ProgramArguments: mri_surf2vol -all-info  ProgramVersion: 7.3.2  TimeStamp: 2026/03/08-23:54:00-GMT  BuildTime: Aug  4 2022 06:17:15  BuildStamp: freesurfer-linux-ubuntu22_x86_64-7.3.2-20220804-6354275  User: oesteban  Machine: dna016  Platform: Linux  PlatformVersion: 5.14.0-427.37.1.el9_4.x86_64  CompilerName: GCC  CompilerVersion: 8.4.0
ProgramName: mri_surfcluster  ProgramArguments: mri_surfcluster -all-info  ProgramVersion: 7.3.2  TimeStamp: 2026/03/08-23:54:00-GMT  BuildTime: Aug  4 2022 06:17:15  BuildStamp: freesurfer-linux-ubuntu22_x86_64-7.3.2-20220804-6354275  User: oesteban  Machine: dna016  Platform: Linux  PlatformVersion: 5.14.0-427.37.1.el9_4.x86_64  CompilerName: GCC  CompilerVersion: 8.4.0
ProgramName: mris_volmask  ProgramArguments: mris_volmask -all-info  ProgramVersion: 7.3.2  TimeStamp: 2026/03/08-23:54:00-GMT  BuildTime: Aug  4 2022 06:17:15  BuildStamp: freesurfer-linux-ubuntu22_x86_64-7.3.2-20220804-6354275  User: oesteban  Machine: dna016  Platform: Linux  PlatformVersion: 5.14.0-427.37.1.el9_4.x86_64  CompilerName: GCC  CompilerVersion: 8.4.0
ProgramName: mri_tessellate  ProgramArguments: mri_tessellate -all-info  ProgramVersion: 7.3.2  TimeStamp: 2026/03/08-23:54:00-GMT  BuildTime: Aug  4 2022 06:17:15  BuildStamp: freesurfer-linux-ubuntu22_x86_64-7.3.2-20220804-6354275  User: oesteban  Machine: dna016  Platform: Linux  PlatformVersion: 5.14.0-427.37.1.el9_4.x86_64  CompilerName: GCC  CompilerVersion: 8.4.0
ProgramName: mri_vol2surf  ProgramArguments: mri_vol2surf -all-info  ProgramVersion: 7.3.2  TimeStamp: 2026/03/08-23:54:00-GMT  BuildTime: Aug  4 2022 06:17:15  BuildStamp: freesurfer-linux-ubuntu22_x86_64-7.3.2-20220804-6354275  User: oesteban  Machine: dna016  Platform: Linux  PlatformVersion: 5.14.0-427.37.1.el9_4.x86_64  CompilerName: GCC  CompilerVersion: 8.4.0
ProgramName: mri_vol2vol  ProgramArguments: mri_vol2vol -all-info  ProgramVersion: 7.3.2  TimeStamp: 2026/03/08-23:54:00-GMT  BuildTime: Aug  4 2022 06:17:15  BuildStamp: freesurfer-linux-ubuntu22_x86_64-7.3.2-20220804-6354275  User: oesteban  Machine: dna016  Platform: Linux  PlatformVersion: 5.14.0-427.37.1.el9_4.x86_64  CompilerName: GCC  CompilerVersion: 8.4.0
ProgramName: mri_voldiff  ProgramArguments: mri_voldiff -all-info  ProgramVersion: 7.3.2  TimeStamp: 2026/03/08-23:54:00-GMT  BuildTime: Aug  4 2022 06:17:15  BuildStamp: freesurfer-linux-ubuntu22_x86_64-7.3.2-20220804-6354275  User: oesteban  Machine: dna016  Platform: Linux  PlatformVersion: 5.14.0-427.37.1.el9_4.x86_64  CompilerName: GCC  CompilerVersion: 8.4.0
ProgramName: mri_watershed  ProgramArguments: mri_watershed -all-info  ProgramVersion: 7.3.2  TimeStamp: 2026/03/08-23:54:00-GMT  BuildTime: Aug  4 2022 06:17:15  BuildStamp: freesurfer-linux-ubuntu22_x86_64-7.3.2-20220804-6354275  User: oesteban  Machine: dna016  Platform: Linux  PlatformVersion: 5.14.0-427.37.1.el9_4.x86_64  CompilerName: GCC  CompilerVersion: 8.4.0
ProgramName: tkregister2  ProgramArguments: tkregister2_cmdl -all-info  ProgramVersion: 7.3.2  TimeStamp: 2026/03/08-23:54:00-GMT  BuildTime: Aug  4 2022 06:17:15  BuildStamp: freesurfer-linux-ubuntu22_x86_64-7.3.2-20220804-6354275  User: oesteban  Machine: dna016  Platform: Linux  PlatformVersion: 5.14.0-427.37.1.el9_4.x86_64  CompilerName: GCC  CompilerVersion: 8.4.0
mri_motion_correct.fsl 7.3.2
mri_convert -all-info 
ProgramName: mri_convert  ProgramArguments: mri_convert -all-info  ProgramVersion: 7.3.2  TimeStamp: 2026/03/08-23:54:00-GMT  BuildTime: Aug  4 2022 06:17:15  BuildStamp: freesurfer-linux-ubuntu22_x86_64-7.3.2-20220804-6354275  User: oesteban  Machine: dna016  Platform: Linux  PlatformVersion: 5.14.0-427.37.1.el9_4.x86_64  CompilerName: GCC  CompilerVersion: 8.4.0
Program nu_correct, built from:
Package MNI N3, version 1.12.0, compiled by nicks@terrier (x86_64-unknown-linux-gnu) on 2015-06-19 at 01:25:34
#######################################
GCADIR /opt/freesurfer/average
GCA RB_all_2020-01-02.gca
GCASkull RB_all_withskull_2020_01_02.gca
AvgCurvTif folding.atlas.acfb40.noaparc.i12.2016-08-02.tif
GCSDIR /opt/freesurfer/average
GCS DKaparc.atlas.acfb40.noaparc.i12.2016-08-02.gcs
#######################################
#--------------------------------------------
#@# AutoDetGWStats lh Mon Mar  9 00:54:00 CET 2026
cd /out/sourcedata/freesurfer/sub-v1s16x0051165_ses-1/mri
mris_autodet_gwstats --o ../surf/autodet.gw.stats.lh.dat --i brain.finalsurfs.mgz --wm wm.mgz --surf ../surf/lh.orig.premesh
  Update not needed
#--------------------------------------------
#@# WhitePreAparc lh Mon Mar  9 00:54:00 CET 2026
cd /out/sourcedata/freesurfer/sub-v1s16x0051165_ses-1/mri
mris_place_surface --adgws-in ../surf/autodet.gw.stats.lh.dat --wm wm.mgz --threads 16 --invol brain.finalsurfs.mgz --lh --i ../surf/lh.orig --o ../surf/lh.white.preaparc --white --seg aseg.presurf.mgz --nsmooth 5
   Update not needed
#--------------------------------------------
#@# CortexLabel lh Mon Mar  9 00:54:00 CET 2026
cd /out/sourcedata/freesurfer/sub-v1s16x0051165_ses-1/mri
mri_label2label --label-cortex ../surf/lh.white.preaparc aseg.presurf.mgz 0 ../label/lh.cortex.label
   Update not needed
#--------------------------------------------
#@# CortexLabel+HipAmyg lh Mon Mar  9 00:54:00 CET 2026
cd /out/sourcedata/freesurfer/sub-v1s16x0051165_ses-1/mri
mri_label2label --label-cortex ../surf/lh.white.preaparc aseg.presurf.mgz 1 ../label/lh.cortex+hipamyg.label
   Update not needed
#@# white curv lh Mon Mar  9 00:54:00 CET 2026
cd /out/sourcedata/freesurfer/sub-v1s16x0051165_ses-1/mri
mris_place_surface --curv-map ../surf/lh.white 2 10 ../surf/lh.curv
   Update not needed
#@# white area lh Mon Mar  9 00:54:00 CET 2026
cd /out/sourcedata/freesurfer/sub-v1s16x0051165_ses-1/mri
mris_place_surface --area-map ../surf/lh.white ../surf/lh.area
   Update not needed
#@# pial curv lh Mon Mar  9 00:54:00 CET 2026
cd /out/sourcedata/freesurfer/sub-v1s16x0051165_ses-1/mri
mris_place_surface --curv-map ../surf/lh.pial 2 10 ../surf/lh.curv.pial
   Update not needed
#@# pial area lh Mon Mar  9 00:54:00 CET 2026
cd /out/sourcedata/freesurfer/sub-v1s16x0051165_ses-1/mri
mris_place_surface --area-map ../surf/lh.pial ../surf/lh.area.pial
   Update not needed
#@# thickness lh Mon Mar  9 00:54:00 CET 2026
cd /out/sourcedata/freesurfer/sub-v1s16x0051165_ses-1/mri
mris_place_surface --thickness ../surf/lh.white ../surf/lh.pial 20 5 ../surf/lh.thickness
   Update not needed
#@# area and vertex vol lh Mon Mar  9 00:54:00 CET 2026
cd /out/sourcedata/freesurfer/sub-v1s16x0051165_ses-1/mri
mris_place_surface --thickness ../surf/lh.white ../surf/lh.pial 20 5 ../surf/lh.thickness
   Update not needed
#-----------------------------------------
#@# Parcellation Stats lh Mon Mar  9 00:54:00 CET 2026
/out/sourcedata/freesurfer/sub-v1s16x0051165_ses-1/scripts

 mris_anatomical_stats -th3 -mgz -noglobal -cortex ../label/lh.cortex.label -f ../stats/lh.aparc.stats -b -a ../label/lh.aparc.annot -c ../label/aparc.annot.ctab sub-v1s16x0051165_ses-1 lh white 

computing statistics for each annotation in ../label/lh.aparc.annot.
reading volume /out/sourcedata/freesurfer/sub-v1s16x0051165_ses-1/mri/wm.mgz...
reading input surface /out/sourcedata/freesurfer/sub-v1s16x0051165_ses-1/surf/lh.white...
reading input pial surface /out/sourcedata/freesurfer/sub-v1s16x0051165_ses-1/surf/lh.pial...
reading input white surface /out/sourcedata/freesurfer/sub-v1s16x0051165_ses-1/surf/lh.white...
INFO: using TH3 volume calc
INFO: assuming MGZ format for volumes.
INFO: not computing global stats
INFO: using ../label/lh.cortex.label as mask to calc cortex NumVert, SurfArea and MeanThickness.
Using TH3 vertex volume calc
Total face volume 219609
Total vertex volume 219382 (mask=0)
Saving annotation colortable ../label/aparc.annot.ctab

table columns are:
    number of vertices
    total surface area (mm^2)
    total gray matter volume (mm^3)
    average cortical thickness +- standard deviation (mm)
    integrated rectified mean curvature
    integrated rectified Gaussian curvature
    folding index
    intrinsic curvature index
    structure name

 1080    751   1977  2.707 0.520     0.091     0.016        7     0.6  bankssts
  872    600   1693  2.486 0.899     0.124     0.019       11     0.8  caudalanteriorcingulate
 2806   1972   6046  2.879 0.726     0.113     0.026       25     3.2  caudalmiddlefrontal
 2248   1635   3836  2.208 0.827     0.148     0.034       30     3.2  cuneus
  678    486   2187  2.530 1.049     0.132     0.039       10     1.1  entorhinal
 4274   3074   9217  2.610 0.632     0.122     0.025       50     4.5  fusiform
 5718   4053  11398  2.619 0.668     0.119     0.025       63     6.5  inferiorparietal
 3375   2494   8170  2.772 0.833     0.127     0.031       48     4.1  inferiortemporal
 1284    873   2799  3.008 1.032     0.115     0.027       14     1.3  isthmuscingulate
 7554   5048  12399  2.197 0.665     0.136     0.034      100    10.7  lateraloccipital
 3025   2206   6988  2.829 0.887     0.133     0.037       35     4.7  lateralorbitofrontal
 4923   3503   7240  1.944 0.697     0.129     0.030       50     6.3  lingual
 2081   1499   5139  2.924 1.001     0.129     0.041       26     3.3  medialorbitofrontal
 3057   2215   6632  2.465 0.713     0.121     0.030       46     3.8  middletemporal
 1160    730   2372  2.596 0.840     0.084     0.015        7     0.6  parahippocampal
 1754   1179   3202  2.573 0.699     0.098     0.019       10     1.4  paracentral
 1685   1241   3452  2.461 0.710     0.106     0.026       16     1.7  parsopercularis
  894    729   2616  2.643 0.675     0.151     0.037       23     1.4  parsorbitalis
 1392    989   2561  2.319 0.741     0.103     0.023       12     1.3  parstriangularis
 2035   1424   2115  1.759 0.722     0.132     0.031       20     2.8  pericalcarine
 4896   3454   8433  2.172 0.894     0.123     0.034       57     6.4  postcentral
 1339    940   2997  2.736 1.221     0.125     0.025       16     1.3  posteriorcingulate
 6017   4151  10518  2.413 0.750     0.121     0.030       60     7.8  precentral
 5514   3931  12336  2.796 0.688     0.115     0.023       51     5.7  precuneus
 1060    732   2179  2.435 1.188     0.133     0.039       17     1.6  rostralanteriorcingulate
 5884   4397  13345  2.671 0.859     0.131     0.038       76     9.0  rostralmiddlefrontal
 8640   5917  23205  3.215 0.976     0.119     0.033       79    11.4  superiorfrontal
 6804   4544  12122  2.492 0.687     0.118     0.032       71     8.3  superiorparietal
 4842   3478   9333  2.415 0.753     0.113     0.028       61     5.5  superiortemporal
 4680   3498  10890  2.755 0.871     0.131     0.032       56     6.7  supramarginal
  378    329   1570  3.118 1.091     0.225     0.099       10     1.6  frontalpole
  579    458   1774  2.813 0.692     0.162     0.059        9     1.3  temporalpole
  635    451   1194  2.567 0.583     0.133     0.028        8     0.6  transversetemporal
 3731   2589   7449  2.910 0.854     0.119     0.034       33     5.2  insula

 mris_anatomical_stats -th3 -mgz -noglobal -cortex ../label/lh.cortex.label -f ../stats/lh.aparc.pial.stats -b -a ../label/lh.aparc.annot -c ../label/aparc.annot.ctab sub-v1s16x0051165_ses-1 lh pial 

computing statistics for each annotation in ../label/lh.aparc.annot.
reading volume /out/sourcedata/freesurfer/sub-v1s16x0051165_ses-1/mri/wm.mgz...
reading input surface /out/sourcedata/freesurfer/sub-v1s16x0051165_ses-1/surf/lh.pial...
reading input pial surface /out/sourcedata/freesurfer/sub-v1s16x0051165_ses-1/surf/lh.pial...
reading input white surface /out/sourcedata/freesurfer/sub-v1s16x0051165_ses-1/surf/lh.white...
INFO: using TH3 volume calc
INFO: assuming MGZ format for volumes.
INFO: not computing global stats
INFO: using ../label/lh.cortex.label as mask to calc cortex NumVert, SurfArea and MeanThickness.
Using TH3 vertex volume calc
Total face volume 219609
Total vertex volume 219382 (mask=0)
Saving annotation colortable ../label/aparc.annot.ctab

table columns are:
    number of vertices
    total surface area (mm^2)
    total gray matter volume (mm^3)
    average cortical thickness +- standard deviation (mm)
    integrated rectified mean curvature
    integrated rectified Gaussian curvature
    folding index
    intrinsic curvature index
    structure name

 1080    750   1977  2.707 0.520     0.111     0.025       12     1.1  bankssts
  872    756   1693  2.486 0.899     0.186     0.058      101     2.4  caudalanteriorcingulate
 2806   2330   6046  2.879 0.726     0.129     0.035       48     3.5  caudalmiddlefrontal
 2248   2095   3836  2.208 0.827     0.165     0.048       71     3.9  cuneus
  678   1071   2187  2.530 1.049     0.280     0.073       15     2.4  entorhinal
 4274   3950   9217  2.610 0.632     0.153     0.034       61     6.6  fusiform
 5718   4836  11398  2.619 0.668     0.140     0.034      121     7.8  inferiorparietal
 3375   3579   8170  2.772 0.833     0.176     0.042       56     6.2  inferiortemporal
 1284   1029   2799  3.008 1.032     0.154     0.050       83     2.8  isthmuscingulate
 7554   6315  12399  2.197 0.665     0.147     0.039      205    11.5  lateraloccipital
 3025   2863   6988  2.829 0.887     0.184     0.050       75     6.8  lateralorbitofrontal
 4923   4298   7240  1.944 0.697     0.172     0.039    24458     6.9  lingual
 2081   2089   5139  2.924 1.001     0.197     0.056       56     5.3  medialorbitofrontal
 3057   3262   6632  2.465 0.713     0.175     0.056       48     5.6  middletemporal
 1160   1115   2372  2.596 0.840     0.187     0.051       29     2.5  parahippocampal
 1754   1393   3202  2.573 0.699     0.135     0.035       34     2.4  paracentral
 1685   1624   3452  2.461 0.710     0.162     0.046      467     2.3  parsopercularis
  894   1321   2616  2.643 0.675     0.231     0.045       14     1.9  parsorbitalis
 1392   1279   2561  2.319 0.741     0.155     0.037       20     2.2  parstriangularis
 2035   1141   2115  1.759 0.722     0.111     0.032       57     2.4  pericalcarine
 4896   4389   8433  2.172 0.894     0.154     0.037     1474     7.1  postcentral
 1339   1153   2997  2.736 1.221     0.174     0.048       57     2.7  posteriorcingulate
 6017   4888  10518  2.413 0.750     0.135     0.033       94     8.8  precentral
 5514   4822  12336  2.796 0.688     0.148     0.035       90     8.5  precuneus
 1060    955   2179  2.435 1.188     0.174     0.049       33     2.0  rostralanteriorcingulate
 5884   5900  13345  2.671 0.859     0.171     0.041      125     9.8  rostralmiddlefrontal
 8640   8088  23205  3.215 0.976     0.166     0.043      229    15.3  superiorfrontal
 6804   5380  12122  2.492 0.687     0.141     0.038      342    10.1  superiorparietal
 4842   4366   9333  2.415 0.753     0.152     0.036       80     7.3  superiortemporal
 4680   4620  10890  2.755 0.871     0.165     0.040       82     8.1  supramarginal
  378    613   1570  3.118 1.091     0.233     0.052        5     0.9  frontalpole
  579    843   1774  2.813 0.692     0.206     0.044       10     0.9  temporalpole
  635    554   1194  2.567 0.583     0.149     0.039       26     0.9  transversetemporal
 3731   2653   7449  2.910 0.854     0.151     0.049       73     7.5  insula
#-----------------------------------------
#@# Parcellation Stats 2 lh Mon Mar  9 00:54:15 CET 2026
/out/sourcedata/freesurfer/sub-v1s16x0051165_ses-1/scripts

 mris_anatomical_stats -th3 -mgz -noglobal -cortex ../label/lh.cortex.label -f ../stats/lh.aparc.a2009s.stats -b -a ../label/lh.aparc.a2009s.annot -c ../label/aparc.annot.a2009s.ctab sub-v1s16x0051165_ses-1 lh white 

computing statistics for each annotation in ../label/lh.aparc.a2009s.annot.
reading volume /out/sourcedata/freesurfer/sub-v1s16x0051165_ses-1/mri/wm.mgz...
reading input surface /out/sourcedata/freesurfer/sub-v1s16x0051165_ses-1/surf/lh.white...
reading input pial surface /out/sourcedata/freesurfer/sub-v1s16x0051165_ses-1/surf/lh.pial...
reading input white surface /out/sourcedata/freesurfer/sub-v1s16x0051165_ses-1/surf/lh.white...
INFO: using TH3 volume calc
INFO: assuming MGZ format for volumes.
INFO: not computing global stats
INFO: using ../label/lh.cortex.label as mask to calc cortex NumVert, SurfArea and MeanThickness.
Using TH3 vertex volume calc
Total face volume 219609
Total vertex volume 219382 (mask=0)
Saving annotation colortable ../label/aparc.annot.a2009s.ctab

table columns are:
    number of vertices
    total surface area (mm^2)
    total gray matter volume (mm^3)
    average cortical thickness +- standard deviation (mm)
    integrated rectified mean curvature
    integrated rectified Gaussian curvature
    folding index
    intrinsic curvature index
    structure name

  796    632   2211  2.707 0.750     0.160     0.059       13     1.7  G_and_S_frontomargin
 1476   1052   3262  2.409 0.789     0.135     0.030       18     2.0  G_and_S_occipital_inf
 1435   1028   2817  2.249 0.732     0.125     0.032       15     1.9  G_and_S_paracentral
 1353   1071   3938  3.032 0.812     0.141     0.033       20     1.8  G_and_S_subcentral
  758    596   3104  3.497 0.942     0.160     0.052       14     1.7  G_and_S_transv_frontopol
 1823   1258   5080  3.313 1.060     0.126     0.032       24     2.4  G_and_S_cingul-Ant
 1091    728   2189  3.062 0.687     0.098     0.018        6     0.8  G_and_S_cingul-Mid-Ant
  998    688   2259  3.071 0.876     0.116     0.023        8     1.0  G_and_S_cingul-Mid-Post
  401    297   1316  3.647 1.130     0.142     0.033        6     0.5  G_cingul-Post-dorsal
  273    177    712  3.274 0.722     0.113     0.029        2     0.3  G_cingul-Post-ventral
 1974   1502   3226  1.903 0.705     0.161     0.039       28     3.4  G_cuneus
  865    690   2358  2.516 0.712     0.120     0.030       13     1.0  G_front_inf-Opercular
  406    339   1416  2.869 0.608     0.165     0.045       10     0.8  G_front_inf-Orbital
  706    547   1734  2.318 0.673     0.127     0.034       10     1.0  G_front_inf-Triangul
 3305   2447   7401  2.588 0.861     0.129     0.040       48     5.3  G_front_middle
 5687   3922  17107  3.227 1.044     0.130     0.040       64     9.5  G_front_sup
  720    511   1601  2.783 0.862     0.125     0.043        8     1.1  G_Ins_lg_and_S_cent_ins
  698    512   2151  3.107 1.054     0.153     0.046       10     1.4  G_insular_short
 1902   1294   3922  2.406 0.663     0.137     0.031       33     2.4  G_occipital_middle
 1553    992   2984  2.473 0.679     0.134     0.044       22     2.4  G_occipital_sup
 1826   1392   5028  2.780 0.636     0.151     0.035       33     2.7  G_oc-temp_lat-fusifor
 3072   2196   4441  1.745 0.689     0.140     0.035       36     4.6  G_oc-temp_med-Lingual
 1581   1045   3924  2.619 0.883     0.115     0.031       19     2.0  G_oc-temp_med-Parahip
 1969   1580   5639  2.656 0.846     0.155     0.046       39     3.9  G_orbital
 2030   1530   5190  2.613 0.749     0.140     0.037       33     3.3  G_pariet_inf-Angular
 2584   2040   7023  2.653 0.883     0.150     0.039       41     4.4  G_pariet_inf-Supramar
 2501   1686   4755  2.288 0.763     0.134     0.040       38     3.9  G_parietal_sup
 1844   1262   2866  1.841 0.679     0.132     0.047       27     3.2  G_postcentral
 2140   1522   4365  2.298 0.820     0.140     0.041       31     3.9  G_precentral
 2626   1935   7615  2.934 0.731     0.132     0.031       35     3.4  G_precuneus
  776    604   2493  2.857 0.841     0.169     0.071       17     2.1  G_rectus
  619    434    819  1.991 0.730     0.147     0.053        8     1.4  G_subcallosal
  525    381   1059  2.422 0.513     0.147     0.031        8     0.5  G_temp_sup-G_T_transv
 1668   1307   4548  2.437 0.754     0.142     0.046       39     3.2  G_temp_sup-Lateral
  624    440   1146  2.230 0.806     0.104     0.030        3     0.7  G_temp_sup-Plan_polar
  928    663   1840  2.666 0.779     0.085     0.014        8     0.5  G_temp_sup-Plan_tempo
 1738   1380   5360  2.822 0.891     0.147     0.041       37     2.7  G_temporal_inf
 1561   1183   4259  2.578 0.706     0.141     0.043       35     2.7  G_temporal_middle
  286    191    394  2.365 0.747     0.086     0.009        1     0.1  Lat_Fis-ant-Horizont
  209    146    343  2.924 0.919     0.100     0.019        1     0.1  Lat_Fis-ant-Vertical
 1046    687   1607  2.965 0.782     0.100     0.017        5     0.8  Lat_Fis-post
 2288   1439   2902  1.868 0.655     0.146     0.047       34     4.4  Pole_occipital
 1087    832   3394  2.846 0.868     0.156     0.052       18     2.0  Pole_temporal
 2564   1840   3053  1.917 0.737     0.123     0.026       23     2.9  S_calcarine
 2385   1602   2702  1.959 0.590     0.110     0.022       17     2.2  S_central
  990    650   1755  2.723 0.806     0.079     0.012        3     0.5  S_cingul-Marginalis
  379    252    608  2.959 0.810     0.082     0.019        1     0.3  S_circular_insula_ant
 1227    849   1741  2.671 0.955     0.097     0.020        7     0.9  S_circular_insula_inf
 1839   1186   2702  2.820 0.753     0.078     0.013        5     1.1  S_circular_insula_sup
  915    590   1267  2.464 0.802     0.078     0.009        3     0.4  S_collat_transv_ant
  572    410    783  2.290 0.410     0.122     0.024        4     0.5  S_collat_transv_post
 1278    912   2070  2.505 0.729     0.111     0.025        9     1.3  S_front_inf
 1537   1074   2770  2.760 0.845     0.117     0.029       13     1.9  S_front_middle
 2473   1707   4764  2.744 0.732     0.100     0.020       16     1.9  S_front_sup
  211    146    404  2.732 0.496     0.090     0.021        1     0.2  S_interm_prim-Jensen
 2586   1686   4237  2.855 0.646     0.091     0.017       12     1.9  S_intrapariet_and_P_trans
 1066    751   1416  2.009 0.473     0.128     0.027       11     1.1  S_oc_middle_and_Lunatus
 1498   1032   2226  2.392 0.580     0.113     0.023       11     1.7  S_oc_sup_and_transversal
  656    435   1053  2.568 0.421     0.108     0.021        5     0.5  S_occipital_ant
  834    581   1354  2.697 0.489     0.102     0.016        4     0.6  S_oc-temp_lat
 2610   1769   4138  2.445 0.534     0.102     0.018       18     2.0  S_oc-temp_med_and_Lingual
  211    154    468  2.983 0.830     0.124     0.030        1     0.3  S_orbital_lateral
  444    321    537  1.762 0.402     0.144     0.039        7     0.6  S_orbital_med-olfact
 1061    733   2258  3.132 0.805     0.119     0.028        7     1.3  S_orbital-H_Shaped
 2191   1466   3679  2.718 0.703     0.095     0.017       14     1.6  S_parieto_occipital
 1351    888   1359  1.854 0.914     0.122     0.020       19     1.1  S_pericallosal
 1988   1366   3116  2.605 0.705     0.114     0.024       13     2.0  S_postcentral
 1149    794   1954  2.764 0.624     0.105     0.022        7     1.0  S_precentral-inf-part
 1282    841   1940  2.815 0.549     0.090     0.014        5     0.9  S_precentral-sup-part
  720    477   1497  3.220 0.968     0.091     0.016        3     0.5  S_suborbital
  915    617   1595  2.865 0.553     0.098     0.015        5     0.5  S_subparietal
 1062    729   1619  2.398 0.752     0.106     0.017        6     0.8  S_temporal_inf
 4811   3312   8094  2.641 0.577     0.103     0.019       36     4.2  S_temporal_sup
  341    243    427  2.250 0.549     0.111     0.013        3     0.2  S_temporal_transverse
#-----------------------------------------
#@# Parcellation Stats 3 lh Mon Mar  9 00:54:23 CET 2026
/out/sourcedata/freesurfer/sub-v1s16x0051165_ses-1/scripts

 mris_anatomical_stats -th3 -mgz -noglobal -cortex ../label/lh.cortex.label -f ../stats/lh.aparc.DKTatlas.stats -b -a ../label/lh.aparc.DKTatlas.annot -c ../label/aparc.annot.DKTatlas.ctab sub-v1s16x0051165_ses-1 lh white 

computing statistics for each annotation in ../label/lh.aparc.DKTatlas.annot.
reading volume /out/sourcedata/freesurfer/sub-v1s16x0051165_ses-1/mri/wm.mgz...
reading input surface /out/sourcedata/freesurfer/sub-v1s16x0051165_ses-1/surf/lh.white...
reading input pial surface /out/sourcedata/freesurfer/sub-v1s16x0051165_ses-1/surf/lh.pial...
reading input white surface /out/sourcedata/freesurfer/sub-v1s16x0051165_ses-1/surf/lh.white...
INFO: using TH3 volume calc
INFO: assuming MGZ format for volumes.
INFO: not computing global stats
INFO: using ../label/lh.cortex.label as mask to calc cortex NumVert, SurfArea and MeanThickness.
Using TH3 vertex volume calc
Total face volume 219609
Total vertex volume 219382 (mask=0)
Saving annotation colortable ../label/aparc.annot.DKTatlas.ctab

table columns are:
    number of vertices
    total surface area (mm^2)
    total gray matter volume (mm^3)
    average cortical thickness +- standard deviation (mm)
    integrated rectified mean curvature
    integrated rectified Gaussian curvature
    folding index
    intrinsic curvature index
    structure name

 1495   1009   3055  2.765 0.940     0.118     0.021       16     1.4  caudalanteriorcingulate
 2973   2090   6355  2.880 0.727     0.112     0.026       27     3.4  caudalmiddlefrontal
 3087   2223   5299  2.288 0.828     0.138     0.031       36     4.1  cuneus
  654    463   1920  2.393 1.022     0.126     0.037       10     1.0  entorhinal
 4075   2922   8528  2.621 0.581     0.121     0.024       45     4.1  fusiform
 5552   3920  10924  2.605 0.670     0.118     0.025       60     6.2  inferiorparietal
 3372   2494   8127  2.736 0.835     0.127     0.031       49     3.9  inferiortemporal
 1273    867   2787  3.024 1.026     0.116     0.027       14     1.3  isthmuscingulate
 7478   5014  12572  2.227 0.672     0.138     0.036      101    11.0  lateraloccipital
 3353   2488   7912  2.712 0.913     0.144     0.045       47     6.0  lateralorbitofrontal
 4966   3534   7246  1.922 0.687     0.129     0.030       50     6.4  lingual
 2009   1455   4927  2.794 1.012     0.136     0.046       28     3.6  medialorbitofrontal
 4294   3089   9170  2.524 0.696     0.118     0.027       57     5.0  middletemporal
 1237    785   2637  2.643 0.842     0.088     0.017        9     0.8  parahippocampal
 2085   1404   4371  2.721 0.803     0.105     0.021       14     1.9  paracentral
 1566   1155   3211  2.504 0.700     0.106     0.025       15     1.4  parsopercularis
  958    732   2456  2.670 0.720     0.122     0.029       13     1.1  parsorbitalis
 1599   1128   2804  2.299 0.737     0.113     0.026       15     1.7  parstriangularis
 2039   1426   2130  1.765 0.724     0.132     0.030       20     2.7  pericalcarine
 5413   3799   9173  2.217 0.898     0.124     0.033       62     7.0  postcentral
 1477   1029   3189  2.751 1.175     0.124     0.024       16     1.5  posteriorcingulate
 6003   4130  10450  2.427 0.751     0.120     0.030       59     7.6  precentral
 5350   3835  12293  2.783 0.679     0.117     0.024       53     5.7  precuneus
 1490   1021   3101  2.683 1.217     0.135     0.037       23     2.5  rostralanteriorcingulate
 4291   3251   9704  2.644 0.789     0.130     0.037       64     6.5  rostralmiddlefrontal
 9213   6464  24848  3.116 1.009     0.124     0.036       92    13.3  superiorfrontal
 5487   3616   9598  2.518 0.688     0.115     0.031       55     6.4  superiorparietal
 6305   4546  12961  2.503 0.758     0.116     0.031       76     7.8  superiortemporal
 4424   3314  10314  2.746 0.896     0.132     0.032       54     6.4  supramarginal
  617    438   1169  2.556 0.566     0.135     0.028        8     0.5  transversetemporal
 2759   1928   6150  3.136 0.798     0.110     0.028       21     3.2  insula
/out/sourcedata/freesurfer/sub-v1s16x0051165_ses-1/label
#--------------------------------------------
#@# BA_exvivo Labels lh Mon Mar  9 00:54:30 CET 2026

 mri_label2label --srcsubject fsaverage --srclabel /out/sourcedata/freesurfer/fsaverage/label/lh.BA1_exvivo.label --trgsubject sub-v1s16x0051165_ses-1 --trglabel ./lh.BA1_exvivo.label --hemi lh --regmethod surface 


srclabel = /out/sourcedata/freesurfer/fsaverage/label/lh.BA1_exvivo.label
srcsubject = fsaverage
trgsubject = sub-v1s16x0051165_ses-1
trglabel = ./lh.BA1_exvivo.label
regmethod = surface

srchemi = lh
trghemi = lh
trgsurface = white
srcsurfreg = sphere.reg
trgsurfreg = sphere.reg
usehash = 1
Use ProjAbs  = 0, 0
Use ProjFrac = 0, 0
DoPaint 0

SUBJECTS_DIR    /out/sourcedata/freesurfer
FREESURFER_HOME /opt/freesurfer
Loading source label.
Found 4129 points in source label.
Starting surface-based mapping
Reading source registration 
 /out/sourcedata/freesurfer/fsaverage/surf/lh.sphere.reg
Rescaling ...  original radius = 100
Reading target surface 
 /out/sourcedata/freesurfer/sub-v1s16x0051165_ses-1/surf/lh.white
Reading target registration 
 /out/sourcedata/freesurfer/sub-v1s16x0051165_ses-1/surf/lh.sphere.reg
Rescaling ...  original radius = 100
Building target registration hash (res=16).
Building source registration hash (res=16).
INFO: found  4129 nlabel points
Performing mapping from target back to the source label 114159
Number of reverse mapping hits = 95
Checking for and removing duplicates
Writing label file ./lh.BA1_exvivo.label 4224
mri_label2label: Done


 mri_label2label --srcsubject fsaverage --srclabel /out/sourcedata/freesurfer/fsaverage/label/lh.BA2_exvivo.label --trgsubject sub-v1s16x0051165_ses-1 --trglabel ./lh.BA2_exvivo.label --hemi lh --regmethod surface 


srclabel = /out/sourcedata/freesurfer/fsaverage/label/lh.BA2_exvivo.label
srcsubject = fsaverage
trgsubject = sub-v1s16x0051165_ses-1
trglabel = ./lh.BA2_exvivo.label
regmethod = surface

srchemi = lh
trghemi = lh
trgsurface = white
srcsurfreg = sphere.reg
trgsurfreg = sphere.reg
usehash = 1
Use ProjAbs  = 0, 0
Use ProjFrac = 0, 0
DoPaint 0

SUBJECTS_DIR    /out/sourcedata/freesurfer
FREESURFER_HOME /opt/freesurfer
Loading source label.
Found 7909 points in source label.
Starting surface-based mapping
Reading source registration 
 /out/sourcedata/freesurfer/fsaverage/surf/lh.sphere.reg
Rescaling ...  original radius = 100
Reading target surface 
 /out/sourcedata/freesurfer/sub-v1s16x0051165_ses-1/surf/lh.white
Reading target registration 
 /out/sourcedata/freesurfer/sub-v1s16x0051165_ses-1/surf/lh.sphere.reg
Rescaling ...  original radius = 100
Building target registration hash (res=16).
Building source registration hash (res=16).
INFO: found  7909 nlabel points
Performing mapping from target back to the source label 114159
Number of reverse mapping hits = 83
Checking for and removing duplicates
Writing label file ./lh.BA2_exvivo.label 7992
mri_label2label: Done


 mri_label2label --srcsubject fsaverage --srclabel /out/sourcedata/freesurfer/fsaverage/label/lh.BA3a_exvivo.label --trgsubject sub-v1s16x0051165_ses-1 --trglabel ./lh.BA3a_exvivo.label --hemi lh --regmethod surface 


srclabel = /out/sourcedata/freesurfer/fsaverage/label/lh.BA3a_exvivo.label
srcsubject = fsaverage
trgsubject = sub-v1s16x0051165_ses-1
trglabel = ./lh.BA3a_exvivo.label
regmethod = surface

srchemi = lh
trghemi = lh
trgsurface = white
srcsurfreg = sphere.reg
trgsurfreg = sphere.reg
usehash = 1
Use ProjAbs  = 0, 0
Use ProjFrac = 0, 0
DoPaint 0

SUBJECTS_DIR    /out/sourcedata/freesurfer
FREESURFER_HOME /opt/freesurfer
Loading source label.
Found 4077 points in source label.
Starting surface-based mapping
Reading source registration 
 /out/sourcedata/freesurfer/fsaverage/surf/lh.sphere.reg
Rescaling ...  original radius = 100
Reading target surface 
 /out/sourcedata/freesurfer/sub-v1s16x0051165_ses-1/surf/lh.white
Reading target registration 
 /out/sourcedata/freesurfer/sub-v1s16x0051165_ses-1/surf/lh.sphere.reg
Rescaling ...  original radius = 100
Building target registration hash (res=16).
Building source registration hash (res=16).
INFO: found  4077 nlabel points
Performing mapping from target back to the source label 114159
Number of reverse mapping hits = 11
Checking for and removing duplicates
Writing label file ./lh.BA3a_exvivo.label 4088
mri_label2label: Done


 mri_label2label --srcsubject fsaverage --srclabel /out/sourcedata/freesurfer/fsaverage/label/lh.BA3b_exvivo.label --trgsubject sub-v1s16x0051165_ses-1 --trglabel ./lh.BA3b_exvivo.label --hemi lh --regmethod surface 


srclabel = /out/sourcedata/freesurfer/fsaverage/label/lh.BA3b_exvivo.label
srcsubject = fsaverage
trgsubject = sub-v1s16x0051165_ses-1
trglabel = ./lh.BA3b_exvivo.label
regmethod = surface

srchemi = lh
trghemi = lh
trgsurface = white
srcsurfreg = sphere.reg
trgsurfreg = sphere.reg
usehash = 1
Use ProjAbs  = 0, 0
Use ProjFrac = 0, 0
DoPaint 0

SUBJECTS_DIR    /out/sourcedata/freesurfer
FREESURFER_HOME /opt/freesurfer
Loading source label.
Found 5983 points in source label.
Starting surface-based mapping
Reading source registration 
 /out/sourcedata/freesurfer/fsaverage/surf/lh.sphere.reg
Rescaling ...  original radius = 100
Reading target surface 
 /out/sourcedata/freesurfer/sub-v1s16x0051165_ses-1/surf/lh.white
Reading target registration 
 /out/sourcedata/freesurfer/sub-v1s16x0051165_ses-1/surf/lh.sphere.reg
Rescaling ...  original radius = 100
Building target registration hash (res=16).
Building source registration hash (res=16).
INFO: found  5983 nlabel points
Performing mapping from target back to the source label 114159
Number of reverse mapping hits = 82
Checking for and removing duplicates
Writing label file ./lh.BA3b_exvivo.label 6065
mri_label2label: Done


 mri_label2label --srcsubject fsaverage --srclabel /out/sourcedata/freesurfer/fsaverage/label/lh.BA4a_exvivo.label --trgsubject sub-v1s16x0051165_ses-1 --trglabel ./lh.BA4a_exvivo.label --hemi lh --regmethod surface 


srclabel = /out/sourcedata/freesurfer/fsaverage/label/lh.BA4a_exvivo.label
srcsubject = fsaverage
trgsubject = sub-v1s16x0051165_ses-1
trglabel = ./lh.BA4a_exvivo.label
regmethod = surface

srchemi = lh
trghemi = lh
trgsurface = white
srcsurfreg = sphere.reg
trgsurfreg = sphere.reg
usehash = 1
Use ProjAbs  = 0, 0
Use ProjFrac = 0, 0
DoPaint 0

SUBJECTS_DIR    /out/sourcedata/freesurfer
FREESURFER_HOME /opt/freesurfer
Loading source label.
Found 5784 points in source label.
Starting surface-based mapping
Reading source registration 
 /out/sourcedata/freesurfer/fsaverage/surf/lh.sphere.reg
Rescaling ...  original radius = 100
Reading target surface 
 /out/sourcedata/freesurfer/sub-v1s16x0051165_ses-1/surf/lh.white
Reading target registration 
 /out/sourcedata/freesurfer/sub-v1s16x0051165_ses-1/surf/lh.sphere.reg
Rescaling ...  original radius = 100
Building target registration hash (res=16).
Building source registration hash (res=16).
INFO: found  5784 nlabel points
Performing mapping from target back to the source label 114159
Number of reverse mapping hits = 148
Checking for and removing duplicates
Writing label file ./lh.BA4a_exvivo.label 5932
mri_label2label: Done


 mri_label2label --srcsubject fsaverage --srclabel /out/sourcedata/freesurfer/fsaverage/label/lh.BA4p_exvivo.label --trgsubject sub-v1s16x0051165_ses-1 --trglabel ./lh.BA4p_exvivo.label --hemi lh --regmethod surface 


srclabel = /out/sourcedata/freesurfer/fsaverage/label/lh.BA4p_exvivo.label
srcsubject = fsaverage
trgsubject = sub-v1s16x0051165_ses-1
trglabel = ./lh.BA4p_exvivo.label
regmethod = surface

srchemi = lh
trghemi = lh
trgsurface = white
srcsurfreg = sphere.reg
trgsurfreg = sphere.reg
usehash = 1
Use ProjAbs  = 0, 0
Use ProjFrac = 0, 0
DoPaint 0

SUBJECTS_DIR    /out/sourcedata/freesurfer
FREESURFER_HOME /opt/freesurfer
Loading source label.
Found 4070 points in source label.
Starting surface-based mapping
Reading source registration 
 /out/sourcedata/freesurfer/fsaverage/surf/lh.sphere.reg
Rescaling ...  original radius = 100
Reading target surface 
 /out/sourcedata/freesurfer/sub-v1s16x0051165_ses-1/surf/lh.white
Reading target registration 
 /out/sourcedata/freesurfer/sub-v1s16x0051165_ses-1/surf/lh.sphere.reg
Rescaling ...  original radius = 100
Building target registration hash (res=16).
Building source registration hash (res=16).
INFO: found  4070 nlabel points
Performing mapping from target back to the source label 114159
Number of reverse mapping hits = 52
Checking for and removing duplicates
Writing label file ./lh.BA4p_exvivo.label 4122
mri_label2label: Done


 mri_label2label --srcsubject fsaverage --srclabel /out/sourcedata/freesurfer/fsaverage/label/lh.BA6_exvivo.label --trgsubject sub-v1s16x0051165_ses-1 --trglabel ./lh.BA6_exvivo.label --hemi lh --regmethod surface 


srclabel = /out/sourcedata/freesurfer/fsaverage/label/lh.BA6_exvivo.label
srcsubject = fsaverage
trgsubject = sub-v1s16x0051165_ses-1
trglabel = ./lh.BA6_exvivo.label
regmethod = surface

srchemi = lh
trghemi = lh
trgsurface = white
srcsurfreg = sphere.reg
trgsurfreg = sphere.reg
usehash = 1
Use ProjAbs  = 0, 0
Use ProjFrac = 0, 0
DoPaint 0

SUBJECTS_DIR    /out/sourcedata/freesurfer
FREESURFER_HOME /opt/freesurfer
Loading source label.
Found 13589 points in source label.
Starting surface-based mapping
Reading source registration 
 /out/sourcedata/freesurfer/fsaverage/surf/lh.sphere.reg
Rescaling ...  original radius = 100
Reading target surface 
 /out/sourcedata/freesurfer/sub-v1s16x0051165_ses-1/surf/lh.white
Reading target registration 
 /out/sourcedata/freesurfer/sub-v1s16x0051165_ses-1/surf/lh.sphere.reg
Rescaling ...  original radius = 100
Building target registration hash (res=16).
Building source registration hash (res=16).
INFO: found  13589 nlabel points
Performing mapping from target back to the source label 114159
Number of reverse mapping hits = 314
Checking for and removing duplicates
Writing label file ./lh.BA6_exvivo.label 13903
mri_label2label: Done


 mri_label2label --srcsubject fsaverage --srclabel /out/sourcedata/freesurfer/fsaverage/label/lh.BA44_exvivo.label --trgsubject sub-v1s16x0051165_ses-1 --trglabel ./lh.BA44_exvivo.label --hemi lh --regmethod surface 


srclabel = /out/sourcedata/freesurfer/fsaverage/label/lh.BA44_exvivo.label
srcsubject = fsaverage
trgsubject = sub-v1s16x0051165_ses-1
trglabel = ./lh.BA44_exvivo.label
regmethod = surface

srchemi = lh
trghemi = lh
trgsurface = white
srcsurfreg = sphere.reg
trgsurfreg = sphere.reg
usehash = 1
Use ProjAbs  = 0, 0
Use ProjFrac = 0, 0
DoPaint 0

SUBJECTS_DIR    /out/sourcedata/freesurfer
FREESURFER_HOME /opt/freesurfer
Loading source label.
Found 4181 points in source label.
Starting surface-based mapping
Reading source registration 
 /out/sourcedata/freesurfer/fsaverage/surf/lh.sphere.reg
Rescaling ...  original radius = 100
Reading target surface 
 /out/sourcedata/freesurfer/sub-v1s16x0051165_ses-1/surf/lh.white
Reading target registration 
 /out/sourcedata/freesurfer/sub-v1s16x0051165_ses-1/surf/lh.sphere.reg
Rescaling ...  original radius = 100
Building target registration hash (res=16).
Building source registration hash (res=16).
INFO: found  4181 nlabel points
Performing mapping from target back to the source label 114159
Number of reverse mapping hits = 56
Checking for and removing duplicates
Writing label file ./lh.BA44_exvivo.label 4237
mri_label2label: Done


 mri_label2label --srcsubject fsaverage --srclabel /out/sourcedata/freesurfer/fsaverage/label/lh.BA45_exvivo.label --trgsubject sub-v1s16x0051165_ses-1 --trglabel ./lh.BA45_exvivo.label --hemi lh --regmethod surface 


srclabel = /out/sourcedata/freesurfer/fsaverage/label/lh.BA45_exvivo.label
srcsubject = fsaverage
trgsubject = sub-v1s16x0051165_ses-1
trglabel = ./lh.BA45_exvivo.label
regmethod = surface

srchemi = lh
trghemi = lh
trgsurface = white
srcsurfreg = sphere.reg
trgsurfreg = sphere.reg
usehash = 1
Use ProjAbs  = 0, 0
Use ProjFrac = 0, 0
DoPaint 0

SUBJECTS_DIR    /out/sourcedata/freesurfer
FREESURFER_HOME /opt/freesurfer
Loading source label.
Found 3422 points in source label.
Starting surface-based mapping
Reading source registration 
 /out/sourcedata/freesurfer/fsaverage/surf/lh.sphere.reg
Rescaling ...  original radius = 100
Reading target surface 
 /out/sourcedata/freesurfer/sub-v1s16x0051165_ses-1/surf/lh.white
Reading target registration 
 /out/sourcedata/freesurfer/sub-v1s16x0051165_ses-1/surf/lh.sphere.reg
Rescaling ...  original radius = 100
Building target registration hash (res=16).
Building source registration hash (res=16).
INFO: found  3422 nlabel points
Performing mapping from target back to the source label 114159
Number of reverse mapping hits = 81
Checking for and removing duplicates
Writing label file ./lh.BA45_exvivo.label 3503
mri_label2label: Done


 mri_label2label --srcsubject fsaverage --srclabel /out/sourcedata/freesurfer/fsaverage/label/lh.V1_exvivo.label --trgsubject sub-v1s16x0051165_ses-1 --trglabel ./lh.V1_exvivo.label --hemi lh --regmethod surface 


srclabel = /out/sourcedata/freesurfer/fsaverage/label/lh.V1_exvivo.label
srcsubject = fsaverage
trgsubject = sub-v1s16x0051165_ses-1
trglabel = ./lh.V1_exvivo.label
regmethod = surface

srchemi = lh
trghemi = lh
trgsurface = white
srcsurfreg = sphere.reg
trgsurfreg = sphere.reg
usehash = 1
Use ProjAbs  = 0, 0
Use ProjFrac = 0, 0
DoPaint 0

SUBJECTS_DIR    /out/sourcedata/freesurfer
FREESURFER_HOME /opt/freesurfer
Loading source label.
Found 4641 points in source label.
Starting surface-based mapping
Reading source registration 
 /out/sourcedata/freesurfer/fsaverage/surf/lh.sphere.reg
Rescaling ...  original radius = 100
Reading target surface 
 /out/sourcedata/freesurfer/sub-v1s16x0051165_ses-1/surf/lh.white
Reading target registration 
 /out/sourcedata/freesurfer/sub-v1s16x0051165_ses-1/surf/lh.sphere.reg
Rescaling ...  original radius = 100
Building target registration hash (res=16).
Building source registration hash (res=16).
INFO: found  4641 nlabel points
Performing mapping from target back to the source label 114159
Number of reverse mapping hits = 1096
Checking for and removing duplicates
Writing label file ./lh.V1_exvivo.label 5737
mri_label2label: Done


 mri_label2label --srcsubject fsaverage --srclabel /out/sourcedata/freesurfer/fsaverage/label/lh.V2_exvivo.label --trgsubject sub-v1s16x0051165_ses-1 --trglabel ./lh.V2_exvivo.label --hemi lh --regmethod surface 


srclabel = /out/sourcedata/freesurfer/fsaverage/label/lh.V2_exvivo.label
srcsubject = fsaverage
trgsubject = sub-v1s16x0051165_ses-1
trglabel = ./lh.V2_exvivo.label
regmethod = surface

srchemi = lh
trghemi = lh
trgsurface = white
srcsurfreg = sphere.reg
trgsurfreg = sphere.reg
usehash = 1
Use ProjAbs  = 0, 0
Use ProjFrac = 0, 0
DoPaint 0

SUBJECTS_DIR    /out/sourcedata/freesurfer
FREESURFER_HOME /opt/freesurfer
Loading source label.
Found 8114 points in source label.
Starting surface-based mapping
Reading source registration 
 /out/sourcedata/freesurfer/fsaverage/surf/lh.sphere.reg
Rescaling ...  original radius = 100
Reading target surface 
 /out/sourcedata/freesurfer/sub-v1s16x0051165_ses-1/surf/lh.white
Reading target registration 
 /out/sourcedata/freesurfer/sub-v1s16x0051165_ses-1/surf/lh.sphere.reg
Rescaling ...  original radius = 100
Building target registration hash (res=16).
Building source registration hash (res=16).
INFO: found  8114 nlabel points
Performing mapping from target back to the source label 114159
Number of reverse mapping hits = 2307
Checking for and removing duplicates
Writing label file ./lh.V2_exvivo.label 10421
mri_label2label: Done


 mri_label2label --srcsubject fsaverage --srclabel /out/sourcedata/freesurfer/fsaverage/label/lh.MT_exvivo.label --trgsubject sub-v1s16x0051165_ses-1 --trglabel ./lh.MT_exvivo.label --hemi lh --regmethod surface 


srclabel = /out/sourcedata/freesurfer/fsaverage/label/lh.MT_exvivo.label
srcsubject = fsaverage
trgsubject = sub-v1s16x0051165_ses-1
trglabel = ./lh.MT_exvivo.label
regmethod = surface

srchemi = lh
trghemi = lh
trgsurface = white
srcsurfreg = sphere.reg
trgsurfreg = sphere.reg
usehash = 1
Use ProjAbs  = 0, 0
Use ProjFrac = 0, 0
DoPaint 0

SUBJECTS_DIR    /out/sourcedata/freesurfer
FREESURFER_HOME /opt/freesurfer
Loading source label.
Found 2018 points in source label.
Starting surface-based mapping
Reading source registration 
 /out/sourcedata/freesurfer/fsaverage/surf/lh.sphere.reg
Rescaling ...  original radius = 100
Reading target surface 
 /out/sourcedata/freesurfer/sub-v1s16x0051165_ses-1/surf/lh.white
Reading target registration 
 /out/sourcedata/freesurfer/sub-v1s16x0051165_ses-1/surf/lh.sphere.reg
Rescaling ...  original radius = 100
Building target registration hash (res=16).
Building source registration hash (res=16).
INFO: found  2018 nlabel points
Performing mapping from target back to the source label 114159
Number of reverse mapping hits = 254
Checking for and removing duplicates
Writing label file ./lh.MT_exvivo.label 2272
mri_label2label: Done


 mri_label2label --srcsubject fsaverage --srclabel /out/sourcedata/freesurfer/fsaverage/label/lh.entorhinal_exvivo.label --trgsubject sub-v1s16x0051165_ses-1 --trglabel ./lh.entorhinal_exvivo.label --hemi lh --regmethod surface 


srclabel = /out/sourcedata/freesurfer/fsaverage/label/lh.entorhinal_exvivo.label
srcsubject = fsaverage
trgsubject = sub-v1s16x0051165_ses-1
trglabel = ./lh.entorhinal_exvivo.label
regmethod = surface

srchemi = lh
trghemi = lh
trgsurface = white
srcsurfreg = sphere.reg
trgsurfreg = sphere.reg
usehash = 1
Use ProjAbs  = 0, 0
Use ProjFrac = 0, 0
DoPaint 0

SUBJECTS_DIR    /out/sourcedata/freesurfer
FREESURFER_HOME /opt/freesurfer
Loading source label.
Found 1290 points in source label.
Starting surface-based mapping
Reading source registration 
 /out/sourcedata/freesurfer/fsaverage/surf/lh.sphere.reg
Rescaling ...  original radius = 100
Reading target surface 
 /out/sourcedata/freesurfer/sub-v1s16x0051165_ses-1/surf/lh.white
Reading target registration 
 /out/sourcedata/freesurfer/sub-v1s16x0051165_ses-1/surf/lh.sphere.reg
Rescaling ...  original radius = 100
Building target registration hash (res=16).
Building source registration hash (res=16).
INFO: found  1290 nlabel points
Performing mapping from target back to the source label 114159
Number of reverse mapping hits = 111
Checking for and removing duplicates
Writing label file ./lh.entorhinal_exvivo.label 1401
mri_label2label: Done


 mri_label2label --srcsubject fsaverage --srclabel /out/sourcedata/freesurfer/fsaverage/label/lh.perirhinal_exvivo.label --trgsubject sub-v1s16x0051165_ses-1 --trglabel ./lh.perirhinal_exvivo.label --hemi lh --regmethod surface 


srclabel = /out/sourcedata/freesurfer/fsaverage/label/lh.perirhinal_exvivo.label
srcsubject = fsaverage
trgsubject = sub-v1s16x0051165_ses-1
trglabel = ./lh.perirhinal_exvivo.label
regmethod = surface

srchemi = lh
trghemi = lh
trgsurface = white
srcsurfreg = sphere.reg
trgsurfreg = sphere.reg
usehash = 1
Use ProjAbs  = 0, 0
Use ProjFrac = 0, 0
DoPaint 0

SUBJECTS_DIR    /out/sourcedata/freesurfer
FREESURFER_HOME /opt/freesurfer
Loading source label.
Found 1199 points in source label.
Starting surface-based mapping
Reading source registration 
 /out/sourcedata/freesurfer/fsaverage/surf/lh.sphere.reg
Rescaling ...  original radius = 100
Reading target surface 
 /out/sourcedata/freesurfer/sub-v1s16x0051165_ses-1/surf/lh.white
Reading target registration 
 /out/sourcedata/freesurfer/sub-v1s16x0051165_ses-1/surf/lh.sphere.reg
Rescaling ...  original radius = 100
Building target registration hash (res=16).
Building source registration hash (res=16).
INFO: found  1199 nlabel points
Performing mapping from target back to the source label 114159
Number of reverse mapping hits = 81
Checking for and removing duplicates
Writing label file ./lh.perirhinal_exvivo.label 1280
mri_label2label: Done


 mri_label2label --srcsubject fsaverage --srclabel /out/sourcedata/freesurfer/fsaverage/label/lh.FG1.mpm.vpnl.label --trgsubject sub-v1s16x0051165_ses-1 --trglabel ./lh.FG1.mpm.vpnl.label --hemi lh --regmethod surface 


srclabel = /out/sourcedata/freesurfer/fsaverage/label/lh.FG1.mpm.vpnl.label
srcsubject = fsaverage
trgsubject = sub-v1s16x0051165_ses-1
trglabel = ./lh.FG1.mpm.vpnl.label
regmethod = surface

srchemi = lh
trghemi = lh
trgsurface = white
srcsurfreg = sphere.reg
trgsurfreg = sphere.reg
usehash = 1
Use ProjAbs  = 0, 0
Use ProjFrac = 0, 0
DoPaint 0

SUBJECTS_DIR    /out/sourcedata/freesurfer
FREESURFER_HOME /opt/freesurfer
Loading source label.
Found 414 points in source label.
Starting surface-based mapping
Reading source registration 
 /out/sourcedata/freesurfer/fsaverage/surf/lh.sphere.reg
Rescaling ...  original radius = 100
Reading target surface 
 /out/sourcedata/freesurfer/sub-v1s16x0051165_ses-1/surf/lh.white
Reading target registration 
 /out/sourcedata/freesurfer/sub-v1s16x0051165_ses-1/surf/lh.sphere.reg
Rescaling ...  original radius = 100
Building target registration hash (res=16).
Building source registration hash (res=16).
INFO: found  414 nlabel points
Performing mapping from target back to the source label 114159
Number of reverse mapping hits = 211
Checking for and removing duplicates
Writing label file ./lh.FG1.mpm.vpnl.label 625
mri_label2label: Done


 mri_label2label --srcsubject fsaverage --srclabel /out/sourcedata/freesurfer/fsaverage/label/lh.FG2.mpm.vpnl.label --trgsubject sub-v1s16x0051165_ses-1 --trglabel ./lh.FG2.mpm.vpnl.label --hemi lh --regmethod surface 


srclabel = /out/sourcedata/freesurfer/fsaverage/label/lh.FG2.mpm.vpnl.label
srcsubject = fsaverage
trgsubject = sub-v1s16x0051165_ses-1
trglabel = ./lh.FG2.mpm.vpnl.label
regmethod = surface

srchemi = lh
trghemi = lh
trgsurface = white
srcsurfreg = sphere.reg
trgsurfreg = sphere.reg
usehash = 1
Use ProjAbs  = 0, 0
Use ProjFrac = 0, 0
DoPaint 0

SUBJECTS_DIR    /out/sourcedata/freesurfer
FREESURFER_HOME /opt/freesurfer
Loading source label.
Found 703 points in source label.
Starting surface-based mapping
Reading source registration 
 /out/sourcedata/freesurfer/fsaverage/surf/lh.sphere.reg
Rescaling ...  original radius = 100
Reading target surface 
 /out/sourcedata/freesurfer/sub-v1s16x0051165_ses-1/surf/lh.white
Reading target registration 
 /out/sourcedata/freesurfer/sub-v1s16x0051165_ses-1/surf/lh.sphere.reg
Rescaling ...  original radius = 100
Building target registration hash (res=16).
Building source registration hash (res=16).
INFO: found  703 nlabel points
Performing mapping from target back to the source label 114159
Number of reverse mapping hits = 190
Checking for and removing duplicates
Writing label file ./lh.FG2.mpm.vpnl.label 893
mri_label2label: Done


 mri_label2label --srcsubject fsaverage --srclabel /out/sourcedata/freesurfer/fsaverage/label/lh.FG3.mpm.vpnl.label --trgsubject sub-v1s16x0051165_ses-1 --trglabel ./lh.FG3.mpm.vpnl.label --hemi lh --regmethod surface 


srclabel = /out/sourcedata/freesurfer/fsaverage/label/lh.FG3.mpm.vpnl.label
srcsubject = fsaverage
trgsubject = sub-v1s16x0051165_ses-1
trglabel = ./lh.FG3.mpm.vpnl.label
regmethod = surface

srchemi = lh
trghemi = lh
trgsurface = white
srcsurfreg = sphere.reg
trgsurfreg = sphere.reg
usehash = 1
Use ProjAbs  = 0, 0
Use ProjFrac = 0, 0
DoPaint 0

SUBJECTS_DIR    /out/sourcedata/freesurfer
FREESURFER_HOME /opt/freesurfer
Loading source label.
Found 1873 points in source label.
Starting surface-based mapping
Reading source registration 
 /out/sourcedata/freesurfer/fsaverage/surf/lh.sphere.reg
Rescaling ...  original radius = 100
Reading target surface 
 /out/sourcedata/freesurfer/sub-v1s16x0051165_ses-1/surf/lh.white
Reading target registration 
 /out/sourcedata/freesurfer/sub-v1s16x0051165_ses-1/surf/lh.sphere.reg
Rescaling ...  original radius = 100
Building target registration hash (res=16).
Building source registration hash (res=16).
INFO: found  1873 nlabel points
Performing mapping from target back to the source label 114159
Number of reverse mapping hits = 329
Checking for and removing duplicates
Writing label file ./lh.FG3.mpm.vpnl.label 2202
mri_label2label: Done


 mri_label2label --srcsubject fsaverage --srclabel /out/sourcedata/freesurfer/fsaverage/label/lh.FG4.mpm.vpnl.label --trgsubject sub-v1s16x0051165_ses-1 --trglabel ./lh.FG4.mpm.vpnl.label --hemi lh --regmethod surface 


srclabel = /out/sourcedata/freesurfer/fsaverage/label/lh.FG4.mpm.vpnl.label
srcsubject = fsaverage
trgsubject = sub-v1s16x0051165_ses-1
trglabel = ./lh.FG4.mpm.vpnl.label
regmethod = surface

srchemi = lh
trghemi = lh
trgsurface = white
srcsurfreg = sphere.reg
trgsurfreg = sphere.reg
usehash = 1
Use ProjAbs  = 0, 0
Use ProjFrac = 0, 0
DoPaint 0

SUBJECTS_DIR    /out/sourcedata/freesurfer
FREESURFER_HOME /opt/freesurfer
Loading source label.
Found 2101 points in source label.
Starting surface-based mapping
Reading source registration 
 /out/sourcedata/freesurfer/fsaverage/surf/lh.sphere.reg
Rescaling ...  original radius = 100
Reading target surface 
 /out/sourcedata/freesurfer/sub-v1s16x0051165_ses-1/surf/lh.white
Reading target registration 
 /out/sourcedata/freesurfer/sub-v1s16x0051165_ses-1/surf/lh.sphere.reg
Rescaling ...  original radius = 100
Building target registration hash (res=16).
Building source registration hash (res=16).
INFO: found  2101 nlabel points
Performing mapping from target back to the source label 114159
Number of reverse mapping hits = 188
Checking for and removing duplicates
Writing label file ./lh.FG4.mpm.vpnl.label 2289
mri_label2label: Done


 mri_label2label --srcsubject fsaverage --srclabel /out/sourcedata/freesurfer/fsaverage/label/lh.hOc1.mpm.vpnl.label --trgsubject sub-v1s16x0051165_ses-1 --trglabel ./lh.hOc1.mpm.vpnl.label --hemi lh --regmethod surface 


srclabel = /out/sourcedata/freesurfer/fsaverage/label/lh.hOc1.mpm.vpnl.label
srcsubject = fsaverage
trgsubject = sub-v1s16x0051165_ses-1
trglabel = ./lh.hOc1.mpm.vpnl.label
regmethod = surface

srchemi = lh
trghemi = lh
trgsurface = white
srcsurfreg = sphere.reg
trgsurfreg = sphere.reg
usehash = 1
Use ProjAbs  = 0, 0
Use ProjFrac = 0, 0
DoPaint 0

SUBJECTS_DIR    /out/sourcedata/freesurfer
FREESURFER_HOME /opt/freesurfer
Loading source label.
Found 3877 points in source label.
Starting surface-based mapping
Reading source registration 
 /out/sourcedata/freesurfer/fsaverage/surf/lh.sphere.reg
Rescaling ...  original radius = 100
Reading target surface 
 /out/sourcedata/freesurfer/sub-v1s16x0051165_ses-1/surf/lh.white
Reading target registration 
 /out/sourcedata/freesurfer/sub-v1s16x0051165_ses-1/surf/lh.sphere.reg
Rescaling ...  original radius = 100
Building target registration hash (res=16).
Building source registration hash (res=16).
INFO: found  3877 nlabel points
Performing mapping from target back to the source label 114159
Number of reverse mapping hits = 856
Checking for and removing duplicates
Writing label file ./lh.hOc1.mpm.vpnl.label 4733
mri_label2label: Done


 mri_label2label --srcsubject fsaverage --srclabel /out/sourcedata/freesurfer/fsaverage/label/lh.hOc2.mpm.vpnl.label --trgsubject sub-v1s16x0051165_ses-1 --trglabel ./lh.hOc2.mpm.vpnl.label --hemi lh --regmethod surface 


srclabel = /out/sourcedata/freesurfer/fsaverage/label/lh.hOc2.mpm.vpnl.label
srcsubject = fsaverage
trgsubject = sub-v1s16x0051165_ses-1
trglabel = ./lh.hOc2.mpm.vpnl.label
regmethod = surface

srchemi = lh
trghemi = lh
trgsurface = white
srcsurfreg = sphere.reg
trgsurfreg = sphere.reg
usehash = 1
Use ProjAbs  = 0, 0
Use ProjFrac = 0, 0
DoPaint 0

SUBJECTS_DIR    /out/sourcedata/freesurfer
FREESURFER_HOME /opt/freesurfer
Loading source label.
Found 2919 points in source label.
Starting surface-based mapping
Reading source registration 
 /out/sourcedata/freesurfer/fsaverage/surf/lh.sphere.reg
Rescaling ...  original radius = 100
Reading target surface 
 /out/sourcedata/freesurfer/sub-v1s16x0051165_ses-1/surf/lh.white
Reading target registration 
 /out/sourcedata/freesurfer/sub-v1s16x0051165_ses-1/surf/lh.sphere.reg
Rescaling ...  original radius = 100
Building target registration hash (res=16).
Building source registration hash (res=16).
INFO: found  2919 nlabel points
Performing mapping from target back to the source label 114159
Number of reverse mapping hits = 903
Checking for and removing duplicates
Writing label file ./lh.hOc2.mpm.vpnl.label 3822
mri_label2label: Done


 mri_label2label --srcsubject fsaverage --srclabel /out/sourcedata/freesurfer/fsaverage/label/lh.hOc3v.mpm.vpnl.label --trgsubject sub-v1s16x0051165_ses-1 --trglabel ./lh.hOc3v.mpm.vpnl.label --hemi lh --regmethod surface 


srclabel = /out/sourcedata/freesurfer/fsaverage/label/lh.hOc3v.mpm.vpnl.label
srcsubject = fsaverage
trgsubject = sub-v1s16x0051165_ses-1
trglabel = ./lh.hOc3v.mpm.vpnl.label
regmethod = surface

srchemi = lh
trghemi = lh
trgsurface = white
srcsurfreg = sphere.reg
trgsurfreg = sphere.reg
usehash = 1
Use ProjAbs  = 0, 0
Use ProjFrac = 0, 0
DoPaint 0

SUBJECTS_DIR    /out/sourcedata/freesurfer
FREESURFER_HOME /opt/freesurfer
Loading source label.
Found 1286 points in source label.
Starting surface-based mapping
Reading source registration 
 /out/sourcedata/freesurfer/fsaverage/surf/lh.sphere.reg
Rescaling ...  original radius = 100
Reading target surface 
 /out/sourcedata/freesurfer/sub-v1s16x0051165_ses-1/surf/lh.white
Reading target registration 
 /out/sourcedata/freesurfer/sub-v1s16x0051165_ses-1/surf/lh.sphere.reg
Rescaling ...  original radius = 100
Building target registration hash (res=16).
Building source registration hash (res=16).
INFO: found  1286 nlabel points
Performing mapping from target back to the source label 114159
Number of reverse mapping hits = 524
Checking for and removing duplicates
Writing label file ./lh.hOc3v.mpm.vpnl.label 1810
mri_label2label: Done


 mri_label2label --srcsubject fsaverage --srclabel /out/sourcedata/freesurfer/fsaverage/label/lh.hOc4v.mpm.vpnl.label --trgsubject sub-v1s16x0051165_ses-1 --trglabel ./lh.hOc4v.mpm.vpnl.label --hemi lh --regmethod surface 


srclabel = /out/sourcedata/freesurfer/fsaverage/label/lh.hOc4v.mpm.vpnl.label
srcsubject = fsaverage
trgsubject = sub-v1s16x0051165_ses-1
trglabel = ./lh.hOc4v.mpm.vpnl.label
regmethod = surface

srchemi = lh
trghemi = lh
trgsurface = white
srcsurfreg = sphere.reg
trgsurfreg = sphere.reg
usehash = 1
Use ProjAbs  = 0, 0
Use ProjFrac = 0, 0
DoPaint 0

SUBJECTS_DIR    /out/sourcedata/freesurfer
FREESURFER_HOME /opt/freesurfer
Loading source label.
Found 1006 points in source label.
Starting surface-based mapping
Reading source registration 
 /out/sourcedata/freesurfer/fsaverage/surf/lh.sphere.reg
Rescaling ...  original radius = 100
Reading target surface 
 /out/sourcedata/freesurfer/sub-v1s16x0051165_ses-1/surf/lh.white
Reading target registration 
 /out/sourcedata/freesurfer/sub-v1s16x0051165_ses-1/surf/lh.sphere.reg
Rescaling ...  original radius = 100
Building target registration hash (res=16).
Building source registration hash (res=16).
INFO: found  1006 nlabel points
Performing mapping from target back to the source label 114159
Number of reverse mapping hits = 492
Checking for and removing duplicates
Writing label file ./lh.hOc4v.mpm.vpnl.label 1498
mri_label2label: Done


 mris_label2annot --s sub-v1s16x0051165_ses-1 --ctab /opt/freesurfer/average/colortable_vpnl.txt --hemi lh --a mpm.vpnl --maxstatwinner --noverbose --l lh.FG1.mpm.vpnl.label --l lh.FG2.mpm.vpnl.label --l lh.FG3.mpm.vpnl.label --l lh.FG4.mpm.vpnl.label --l lh.hOc1.mpm.vpnl.label --l lh.hOc2.mpm.vpnl.label --l lh.hOc3v.mpm.vpnl.label --l lh.hOc4v.mpm.vpnl.label 

Reading ctab /opt/freesurfer/average/colortable_vpnl.txt
Number of ctab entries 9

7.3.2
cwd /out/sourcedata/freesurfer/sub-v1s16x0051165_ses-1/label
cmdline mris_label2annot --s sub-v1s16x0051165_ses-1 --ctab /opt/freesurfer/average/colortable_vpnl.txt --hemi lh --a mpm.vpnl --maxstatwinner --noverbose --l lh.FG1.mpm.vpnl.label --l lh.FG2.mpm.vpnl.label --l lh.FG3.mpm.vpnl.label --l lh.FG4.mpm.vpnl.label --l lh.hOc1.mpm.vpnl.label --l lh.hOc2.mpm.vpnl.label --l lh.hOc3v.mpm.vpnl.label --l lh.hOc4v.mpm.vpnl.label 
sysname  Linux
hostname dna016
machine  x86_64
user     oesteban

subject sub-v1s16x0051165_ses-1
hemi    lh
SUBJECTS_DIR /out/sourcedata/freesurfer
ColorTable /opt/freesurfer/average/colortable_vpnl.txt
AnnotName  mpm.vpnl
nlables 8
LabelThresh 0 0.000000
Loading /out/sourcedata/freesurfer/sub-v1s16x0051165_ses-1/surf/lh.orig
 1 1376057 FG1
 2 16711935 FG2
 3 16711680 FG3
 4 1705837 FG4
 5 25600 hOc1
 6 255 hOc2
 7 16776960 hOc3v
 8 65535 hOc4v
Mapping unhit to unknown
Found 97940 unhit vertices
Writing annot to /out/sourcedata/freesurfer/sub-v1s16x0051165_ses-1/label/lh.mpm.vpnl.annot

 mri_label2label --srcsubject fsaverage --srclabel /out/sourcedata/freesurfer/fsaverage/label/lh.BA1_exvivo.thresh.label --trgsubject sub-v1s16x0051165_ses-1 --trglabel ./lh.BA1_exvivo.thresh.label --hemi lh --regmethod surface 


srclabel = /out/sourcedata/freesurfer/fsaverage/label/lh.BA1_exvivo.thresh.label
srcsubject = fsaverage
trgsubject = sub-v1s16x0051165_ses-1
trglabel = ./lh.BA1_exvivo.thresh.label
regmethod = surface

srchemi = lh
trghemi = lh
trgsurface = white
srcsurfreg = sphere.reg
trgsurfreg = sphere.reg
usehash = 1
Use ProjAbs  = 0, 0
Use ProjFrac = 0, 0
DoPaint 0

SUBJECTS_DIR    /out/sourcedata/freesurfer
FREESURFER_HOME /opt/freesurfer
Loading source label.
Found 1014 points in source label.
Starting surface-based mapping
Reading source registration 
 /out/sourcedata/freesurfer/fsaverage/surf/lh.sphere.reg
Rescaling ...  original radius = 100
Reading target surface 
 /out/sourcedata/freesurfer/sub-v1s16x0051165_ses-1/surf/lh.white
Reading target registration 
 /out/sourcedata/freesurfer/sub-v1s16x0051165_ses-1/surf/lh.sphere.reg
Rescaling ...  original radius = 100
Building target registration hash (res=16).
Building source registration hash (res=16).
INFO: found  1014 nlabel points
Performing mapping from target back to the source label 114159
Number of reverse mapping hits = 50
Checking for and removing duplicates
Writing label file ./lh.BA1_exvivo.thresh.label 1064
mri_label2label: Done


 mri_label2label --srcsubject fsaverage --srclabel /out/sourcedata/freesurfer/fsaverage/label/lh.BA2_exvivo.thresh.label --trgsubject sub-v1s16x0051165_ses-1 --trglabel ./lh.BA2_exvivo.thresh.label --hemi lh --regmethod surface 


srclabel = /out/sourcedata/freesurfer/fsaverage/label/lh.BA2_exvivo.thresh.label
srcsubject = fsaverage
trgsubject = sub-v1s16x0051165_ses-1
trglabel = ./lh.BA2_exvivo.thresh.label
regmethod = surface

srchemi = lh
trghemi = lh
trgsurface = white
srcsurfreg = sphere.reg
trgsurfreg = sphere.reg
usehash = 1
Use ProjAbs  = 0, 0
Use ProjFrac = 0, 0
DoPaint 0

SUBJECTS_DIR    /out/sourcedata/freesurfer
FREESURFER_HOME /opt/freesurfer
Loading source label.
Found 2092 points in source label.
Starting surface-based mapping
Reading source registration 
 /out/sourcedata/freesurfer/fsaverage/surf/lh.sphere.reg
Rescaling ...  original radius = 100
Reading target surface 
 /out/sourcedata/freesurfer/sub-v1s16x0051165_ses-1/surf/lh.white
Reading target registration 
 /out/sourcedata/freesurfer/sub-v1s16x0051165_ses-1/surf/lh.sphere.reg
Rescaling ...  original radius = 100
Building target registration hash (res=16).
Building source registration hash (res=16).
INFO: found  2092 nlabel points
Performing mapping from target back to the source label 114159
Number of reverse mapping hits = 28
Checking for and removing duplicates
Writing label file ./lh.BA2_exvivo.thresh.label 2120
mri_label2label: Done


 mri_label2label --srcsubject fsaverage --srclabel /out/sourcedata/freesurfer/fsaverage/label/lh.BA3a_exvivo.thresh.label --trgsubject sub-v1s16x0051165_ses-1 --trglabel ./lh.BA3a_exvivo.thresh.label --hemi lh --regmethod surface 


srclabel = /out/sourcedata/freesurfer/fsaverage/label/lh.BA3a_exvivo.thresh.label
srcsubject = fsaverage
trgsubject = sub-v1s16x0051165_ses-1
trglabel = ./lh.BA3a_exvivo.thresh.label
regmethod = surface

srchemi = lh
trghemi = lh
trgsurface = white
srcsurfreg = sphere.reg
trgsurfreg = sphere.reg
usehash = 1
Use ProjAbs  = 0, 0
Use ProjFrac = 0, 0
DoPaint 0

SUBJECTS_DIR    /out/sourcedata/freesurfer
FREESURFER_HOME /opt/freesurfer
Loading source label.
Found 1504 points in source label.
Starting surface-based mapping
Reading source registration 
 /out/sourcedata/freesurfer/fsaverage/surf/lh.sphere.reg
Rescaling ...  original radius = 100
Reading target surface 
 /out/sourcedata/freesurfer/sub-v1s16x0051165_ses-1/surf/lh.white
Reading target registration 
 /out/sourcedata/freesurfer/sub-v1s16x0051165_ses-1/surf/lh.sphere.reg
Rescaling ...  original radius = 100
Building target registration hash (res=16).
Building source registration hash (res=16).
INFO: found  1504 nlabel points
Performing mapping from target back to the source label 114159
Number of reverse mapping hits = 5
Checking for and removing duplicates
Writing label file ./lh.BA3a_exvivo.thresh.label 1509
mri_label2label: Done


 mri_label2label --srcsubject fsaverage --srclabel /out/sourcedata/freesurfer/fsaverage/label/lh.BA3b_exvivo.thresh.label --trgsubject sub-v1s16x0051165_ses-1 --trglabel ./lh.BA3b_exvivo.thresh.label --hemi lh --regmethod surface 


srclabel = /out/sourcedata/freesurfer/fsaverage/label/lh.BA3b_exvivo.thresh.label
srcsubject = fsaverage
trgsubject = sub-v1s16x0051165_ses-1
trglabel = ./lh.BA3b_exvivo.thresh.label
regmethod = surface

srchemi = lh
trghemi = lh
trgsurface = white
srcsurfreg = sphere.reg
trgsurfreg = sphere.reg
usehash = 1
Use ProjAbs  = 0, 0
Use ProjFrac = 0, 0
DoPaint 0

SUBJECTS_DIR    /out/sourcedata/freesurfer
FREESURFER_HOME /opt/freesurfer
Loading source label.
Found 1996 points in source label.
Starting surface-based mapping
Reading source registration 
 /out/sourcedata/freesurfer/fsaverage/surf/lh.sphere.reg
Rescaling ...  original radius = 100
Reading target surface 
 /out/sourcedata/freesurfer/sub-v1s16x0051165_ses-1/surf/lh.white
Reading target registration 
 /out/sourcedata/freesurfer/sub-v1s16x0051165_ses-1/surf/lh.sphere.reg
Rescaling ...  original radius = 100
Building target registration hash (res=16).
Building source registration hash (res=16).
INFO: found  1996 nlabel points
Performing mapping from target back to the source label 114159
Number of reverse mapping hits = 9
Checking for and removing duplicates
Writing label file ./lh.BA3b_exvivo.thresh.label 2005
mri_label2label: Done


 mri_label2label --srcsubject fsaverage --srclabel /out/sourcedata/freesurfer/fsaverage/label/lh.BA4a_exvivo.thresh.label --trgsubject sub-v1s16x0051165_ses-1 --trglabel ./lh.BA4a_exvivo.thresh.label --hemi lh --regmethod surface 


srclabel = /out/sourcedata/freesurfer/fsaverage/label/lh.BA4a_exvivo.thresh.label
srcsubject = fsaverage
trgsubject = sub-v1s16x0051165_ses-1
trglabel = ./lh.BA4a_exvivo.thresh.label
regmethod = surface

srchemi = lh
trghemi = lh
trgsurface = white
srcsurfreg = sphere.reg
trgsurfreg = sphere.reg
usehash = 1
Use ProjAbs  = 0, 0
Use ProjFrac = 0, 0
DoPaint 0

SUBJECTS_DIR    /out/sourcedata/freesurfer
FREESURFER_HOME /opt/freesurfer
Loading source label.
Found 2319 points in source label.
Starting surface-based mapping
Reading source registration 
 /out/sourcedata/freesurfer/fsaverage/surf/lh.sphere.reg
Rescaling ...  original radius = 100
Reading target surface 
 /out/sourcedata/freesurfer/sub-v1s16x0051165_ses-1/surf/lh.white
Reading target registration 
 /out/sourcedata/freesurfer/sub-v1s16x0051165_ses-1/surf/lh.sphere.reg
Rescaling ...  original radius = 100
Building target registration hash (res=16).
Building source registration hash (res=16).
INFO: found  2319 nlabel points
Performing mapping from target back to the source label 114159
Number of reverse mapping hits = 75
Checking for and removing duplicates
Writing label file ./lh.BA4a_exvivo.thresh.label 2394
mri_label2label: Done


 mri_label2label --srcsubject fsaverage --srclabel /out/sourcedata/freesurfer/fsaverage/label/lh.BA4p_exvivo.thresh.label --trgsubject sub-v1s16x0051165_ses-1 --trglabel ./lh.BA4p_exvivo.thresh.label --hemi lh --regmethod surface 


srclabel = /out/sourcedata/freesurfer/fsaverage/label/lh.BA4p_exvivo.thresh.label
srcsubject = fsaverage
trgsubject = sub-v1s16x0051165_ses-1
trglabel = ./lh.BA4p_exvivo.thresh.label
regmethod = surface

srchemi = lh
trghemi = lh
trgsurface = white
srcsurfreg = sphere.reg
trgsurfreg = sphere.reg
usehash = 1
Use ProjAbs  = 0, 0
Use ProjFrac = 0, 0
DoPaint 0

SUBJECTS_DIR    /out/sourcedata/freesurfer
FREESURFER_HOME /opt/freesurfer
Loading source label.
Found 1549 points in source label.
Starting surface-based mapping
Reading source registration 
 /out/sourcedata/freesurfer/fsaverage/surf/lh.sphere.reg
Rescaling ...  original radius = 100
Reading target surface 
 /out/sourcedata/freesurfer/sub-v1s16x0051165_ses-1/surf/lh.white
Reading target registration 
 /out/sourcedata/freesurfer/sub-v1s16x0051165_ses-1/surf/lh.sphere.reg
Rescaling ...  original radius = 100
Building target registration hash (res=16).
Building source registration hash (res=16).
INFO: found  1549 nlabel points
Performing mapping from target back to the source label 114159
Number of reverse mapping hits = 6
Checking for and removing duplicates
Writing label file ./lh.BA4p_exvivo.thresh.label 1555
mri_label2label: Done


 mri_label2label --srcsubject fsaverage --srclabel /out/sourcedata/freesurfer/fsaverage/label/lh.BA6_exvivo.thresh.label --trgsubject sub-v1s16x0051165_ses-1 --trglabel ./lh.BA6_exvivo.thresh.label --hemi lh --regmethod surface 


srclabel = /out/sourcedata/freesurfer/fsaverage/label/lh.BA6_exvivo.thresh.label
srcsubject = fsaverage
trgsubject = sub-v1s16x0051165_ses-1
trglabel = ./lh.BA6_exvivo.thresh.label
regmethod = surface

srchemi = lh
trghemi = lh
trgsurface = white
srcsurfreg = sphere.reg
trgsurfreg = sphere.reg
usehash = 1
Use ProjAbs  = 0, 0
Use ProjFrac = 0, 0
DoPaint 0

SUBJECTS_DIR    /out/sourcedata/freesurfer
FREESURFER_HOME /opt/freesurfer
Loading source label.
Found 7035 points in source label.
Starting surface-based mapping
Reading source registration 
 /out/sourcedata/freesurfer/fsaverage/surf/lh.sphere.reg
Rescaling ...  original radius = 100
Reading target surface 
 /out/sourcedata/freesurfer/sub-v1s16x0051165_ses-1/surf/lh.white
Reading target registration 
 /out/sourcedata/freesurfer/sub-v1s16x0051165_ses-1/surf/lh.sphere.reg
Rescaling ...  original radius = 100
Building target registration hash (res=16).
Building source registration hash (res=16).
INFO: found  7035 nlabel points
Performing mapping from target back to the source label 114159
Number of reverse mapping hits = 119
Checking for and removing duplicates
Writing label file ./lh.BA6_exvivo.thresh.label 7154
mri_label2label: Done


 mri_label2label --srcsubject fsaverage --srclabel /out/sourcedata/freesurfer/fsaverage/label/lh.BA44_exvivo.thresh.label --trgsubject sub-v1s16x0051165_ses-1 --trglabel ./lh.BA44_exvivo.thresh.label --hemi lh --regmethod surface 


srclabel = /out/sourcedata/freesurfer/fsaverage/label/lh.BA44_exvivo.thresh.label
srcsubject = fsaverage
trgsubject = sub-v1s16x0051165_ses-1
trglabel = ./lh.BA44_exvivo.thresh.label
regmethod = surface

srchemi = lh
trghemi = lh
trgsurface = white
srcsurfreg = sphere.reg
trgsurfreg = sphere.reg
usehash = 1
Use ProjAbs  = 0, 0
Use ProjFrac = 0, 0
DoPaint 0

SUBJECTS_DIR    /out/sourcedata/freesurfer
FREESURFER_HOME /opt/freesurfer
Loading source label.
Found 1912 points in source label.
Starting surface-based mapping
Reading source registration 
 /out/sourcedata/freesurfer/fsaverage/surf/lh.sphere.reg
Rescaling ...  original radius = 100
Reading target surface 
 /out/sourcedata/freesurfer/sub-v1s16x0051165_ses-1/surf/lh.white
Reading target registration 
 /out/sourcedata/freesurfer/sub-v1s16x0051165_ses-1/surf/lh.sphere.reg
Rescaling ...  original radius = 100
Building target registration hash (res=16).
Building source registration hash (res=16).
INFO: found  1912 nlabel points
Performing mapping from target back to the source label 114159
Number of reverse mapping hits = 12
Checking for and removing duplicates
Writing label file ./lh.BA44_exvivo.thresh.label 1924
mri_label2label: Done


 mri_label2label --srcsubject fsaverage --srclabel /out/sourcedata/freesurfer/fsaverage/label/lh.BA45_exvivo.thresh.label --trgsubject sub-v1s16x0051165_ses-1 --trglabel ./lh.BA45_exvivo.thresh.label --hemi lh --regmethod surface 


srclabel = /out/sourcedata/freesurfer/fsaverage/label/lh.BA45_exvivo.thresh.label
srcsubject = fsaverage
trgsubject = sub-v1s16x0051165_ses-1
trglabel = ./lh.BA45_exvivo.thresh.label
regmethod = surface

srchemi = lh
trghemi = lh
trgsurface = white
srcsurfreg = sphere.reg
trgsurfreg = sphere.reg
usehash = 1
Use ProjAbs  = 0, 0
Use ProjFrac = 0, 0
DoPaint 0

SUBJECTS_DIR    /out/sourcedata/freesurfer
FREESURFER_HOME /opt/freesurfer
Loading source label.
Found 1151 points in source label.
Starting surface-based mapping
Reading source registration 
 /out/sourcedata/freesurfer/fsaverage/surf/lh.sphere.reg
Rescaling ...  original radius = 100
Reading target surface 
 /out/sourcedata/freesurfer/sub-v1s16x0051165_ses-1/surf/lh.white
Reading target registration 
 /out/sourcedata/freesurfer/sub-v1s16x0051165_ses-1/surf/lh.sphere.reg
Rescaling ...  original radius = 100
Building target registration hash (res=16).
Building source registration hash (res=16).
INFO: found  1151 nlabel points
Performing mapping from target back to the source label 114159
Number of reverse mapping hits = 42
Checking for and removing duplicates
Writing label file ./lh.BA45_exvivo.thresh.label 1193
mri_label2label: Done


 mri_label2label --srcsubject fsaverage --srclabel /out/sourcedata/freesurfer/fsaverage/label/lh.V1_exvivo.thresh.label --trgsubject sub-v1s16x0051165_ses-1 --trglabel ./lh.V1_exvivo.thresh.label --hemi lh --regmethod surface 


srclabel = /out/sourcedata/freesurfer/fsaverage/label/lh.V1_exvivo.thresh.label
srcsubject = fsaverage
trgsubject = sub-v1s16x0051165_ses-1
trglabel = ./lh.V1_exvivo.thresh.label
regmethod = surface

srchemi = lh
trghemi = lh
trgsurface = white
srcsurfreg = sphere.reg
trgsurfreg = sphere.reg
usehash = 1
Use ProjAbs  = 0, 0
Use ProjFrac = 0, 0
DoPaint 0

SUBJECTS_DIR    /out/sourcedata/freesurfer
FREESURFER_HOME /opt/freesurfer
Loading source label.
Found 3405 points in source label.
Starting surface-based mapping
Reading source registration 
 /out/sourcedata/freesurfer/fsaverage/surf/lh.sphere.reg
Rescaling ...  original radius = 100
Reading target surface 
 /out/sourcedata/freesurfer/sub-v1s16x0051165_ses-1/surf/lh.white
Reading target registration 
 /out/sourcedata/freesurfer/sub-v1s16x0051165_ses-1/surf/lh.sphere.reg
Rescaling ...  original radius = 100
Building target registration hash (res=16).
Building source registration hash (res=16).
INFO: found  3405 nlabel points
Performing mapping from target back to the source label 114159
Number of reverse mapping hits = 819
Checking for and removing duplicates
Writing label file ./lh.V1_exvivo.thresh.label 4224
mri_label2label: Done


 mri_label2label --srcsubject fsaverage --srclabel /out/sourcedata/freesurfer/fsaverage/label/lh.V2_exvivo.thresh.label --trgsubject sub-v1s16x0051165_ses-1 --trglabel ./lh.V2_exvivo.thresh.label --hemi lh --regmethod surface 


srclabel = /out/sourcedata/freesurfer/fsaverage/label/lh.V2_exvivo.thresh.label
srcsubject = fsaverage
trgsubject = sub-v1s16x0051165_ses-1
trglabel = ./lh.V2_exvivo.thresh.label
regmethod = surface

srchemi = lh
trghemi = lh
trgsurface = white
srcsurfreg = sphere.reg
trgsurfreg = sphere.reg
usehash = 1
Use ProjAbs  = 0, 0
Use ProjFrac = 0, 0
DoPaint 0

SUBJECTS_DIR    /out/sourcedata/freesurfer
FREESURFER_HOME /opt/freesurfer
Loading source label.
Found 3334 points in source label.
Starting surface-based mapping
Reading source registration 
 /out/sourcedata/freesurfer/fsaverage/surf/lh.sphere.reg
Rescaling ...  original radius = 100
Reading target surface 
 /out/sourcedata/freesurfer/sub-v1s16x0051165_ses-1/surf/lh.white
Reading target registration 
 /out/sourcedata/freesurfer/sub-v1s16x0051165_ses-1/surf/lh.sphere.reg
Rescaling ...  original radius = 100
Building target registration hash (res=16).
Building source registration hash (res=16).
INFO: found  3334 nlabel points
Performing mapping from target back to the source label 114159
Number of reverse mapping hits = 975
Checking for and removing duplicates
Writing label file ./lh.V2_exvivo.thresh.label 4309
mri_label2label: Done


 mri_label2label --srcsubject fsaverage --srclabel /out/sourcedata/freesurfer/fsaverage/label/lh.MT_exvivo.thresh.label --trgsubject sub-v1s16x0051165_ses-1 --trglabel ./lh.MT_exvivo.thresh.label --hemi lh --regmethod surface 


srclabel = /out/sourcedata/freesurfer/fsaverage/label/lh.MT_exvivo.thresh.label
srcsubject = fsaverage
trgsubject = sub-v1s16x0051165_ses-1
trglabel = ./lh.MT_exvivo.thresh.label
regmethod = surface

srchemi = lh
trghemi = lh
trgsurface = white
srcsurfreg = sphere.reg
trgsurfreg = sphere.reg
usehash = 1
Use ProjAbs  = 0, 0
Use ProjFrac = 0, 0
DoPaint 0

SUBJECTS_DIR    /out/sourcedata/freesurfer
FREESURFER_HOME /opt/freesurfer
Loading source label.
Found 513 points in source label.
Starting surface-based mapping
Reading source registration 
 /out/sourcedata/freesurfer/fsaverage/surf/lh.sphere.reg
Rescaling ...  original radius = 100
Reading target surface 
 /out/sourcedata/freesurfer/sub-v1s16x0051165_ses-1/surf/lh.white
Reading target registration 
 /out/sourcedata/freesurfer/sub-v1s16x0051165_ses-1/surf/lh.sphere.reg
Rescaling ...  original radius = 100
Building target registration hash (res=16).
Building source registration hash (res=16).
INFO: found  513 nlabel points
Performing mapping from target back to the source label 114159
Number of reverse mapping hits = 54
Checking for and removing duplicates
Writing label file ./lh.MT_exvivo.thresh.label 567
mri_label2label: Done


 mri_label2label --srcsubject fsaverage --srclabel /out/sourcedata/freesurfer/fsaverage/label/lh.entorhinal_exvivo.thresh.label --trgsubject sub-v1s16x0051165_ses-1 --trglabel ./lh.entorhinal_exvivo.thresh.label --hemi lh --regmethod surface 


srclabel = /out/sourcedata/freesurfer/fsaverage/label/lh.entorhinal_exvivo.thresh.label
srcsubject = fsaverage
trgsubject = sub-v1s16x0051165_ses-1
trglabel = ./lh.entorhinal_exvivo.thresh.label
regmethod = surface

srchemi = lh
trghemi = lh
trgsurface = white
srcsurfreg = sphere.reg
trgsurfreg = sphere.reg
usehash = 1
Use ProjAbs  = 0, 0
Use ProjFrac = 0, 0
DoPaint 0

SUBJECTS_DIR    /out/sourcedata/freesurfer
FREESURFER_HOME /opt/freesurfer
Loading source label.
Found 470 points in source label.
Starting surface-based mapping
Reading source registration 
 /out/sourcedata/freesurfer/fsaverage/surf/lh.sphere.reg
Rescaling ...  original radius = 100
Reading target surface 
 /out/sourcedata/freesurfer/sub-v1s16x0051165_ses-1/surf/lh.white
Reading target registration 
 /out/sourcedata/freesurfer/sub-v1s16x0051165_ses-1/surf/lh.sphere.reg
Rescaling ...  original radius = 100
Building target registration hash (res=16).
Building source registration hash (res=16).
INFO: found  470 nlabel points
Performing mapping from target back to the source label 114159
Number of reverse mapping hits = 61
Checking for and removing duplicates
Writing label file ./lh.entorhinal_exvivo.thresh.label 531
mri_label2label: Done


 mri_label2label --srcsubject fsaverage --srclabel /out/sourcedata/freesurfer/fsaverage/label/lh.perirhinal_exvivo.thresh.label --trgsubject sub-v1s16x0051165_ses-1 --trglabel ./lh.perirhinal_exvivo.thresh.label --hemi lh --regmethod surface 


srclabel = /out/sourcedata/freesurfer/fsaverage/label/lh.perirhinal_exvivo.thresh.label
srcsubject = fsaverage
trgsubject = sub-v1s16x0051165_ses-1
trglabel = ./lh.perirhinal_exvivo.thresh.label
regmethod = surface

srchemi = lh
trghemi = lh
trgsurface = white
srcsurfreg = sphere.reg
trgsurfreg = sphere.reg
usehash = 1
Use ProjAbs  = 0, 0
Use ProjFrac = 0, 0
DoPaint 0

SUBJECTS_DIR    /out/sourcedata/freesurfer
FREESURFER_HOME /opt/freesurfer
Loading source label.
Found 450 points in source label.
Starting surface-based mapping
Reading source registration 
 /out/sourcedata/freesurfer/fsaverage/surf/lh.sphere.reg
Rescaling ...  original radius = 100
Reading target surface 
 /out/sourcedata/freesurfer/sub-v1s16x0051165_ses-1/surf/lh.white
Reading target registration 
 /out/sourcedata/freesurfer/sub-v1s16x0051165_ses-1/surf/lh.sphere.reg
Rescaling ...  original radius = 100
Building target registration hash (res=16).
Building source registration hash (res=16).
INFO: found  450 nlabel points
Performing mapping from target back to the source label 114159
Number of reverse mapping hits = 16
Checking for and removing duplicates
Writing label file ./lh.perirhinal_exvivo.thresh.label 466
mri_label2label: Done


 mris_label2annot --s sub-v1s16x0051165_ses-1 --hemi lh --ctab /opt/freesurfer/average/colortable_BA.txt --l lh.BA1_exvivo.label --l lh.BA2_exvivo.label --l lh.BA3a_exvivo.label --l lh.BA3b_exvivo.label --l lh.BA4a_exvivo.label --l lh.BA4p_exvivo.label --l lh.BA6_exvivo.label --l lh.BA44_exvivo.label --l lh.BA45_exvivo.label --l lh.V1_exvivo.label --l lh.V2_exvivo.label --l lh.MT_exvivo.label --l lh.perirhinal_exvivo.label --l lh.entorhinal_exvivo.label --a BA_exvivo --maxstatwinner --noverbose 

Reading ctab /opt/freesurfer/average/colortable_BA.txt
Number of ctab entries 15

7.3.2
cwd /out/sourcedata/freesurfer/sub-v1s16x0051165_ses-1/label
cmdline mris_label2annot --s sub-v1s16x0051165_ses-1 --hemi lh --ctab /opt/freesurfer/average/colortable_BA.txt --l lh.BA1_exvivo.label --l lh.BA2_exvivo.label --l lh.BA3a_exvivo.label --l lh.BA3b_exvivo.label --l lh.BA4a_exvivo.label --l lh.BA4p_exvivo.label --l lh.BA6_exvivo.label --l lh.BA44_exvivo.label --l lh.BA45_exvivo.label --l lh.V1_exvivo.label --l lh.V2_exvivo.label --l lh.MT_exvivo.label --l lh.perirhinal_exvivo.label --l lh.entorhinal_exvivo.label --a BA_exvivo --maxstatwinner --noverbose 
sysname  Linux
hostname dna016
machine  x86_64
user     oesteban

subject sub-v1s16x0051165_ses-1
hemi    lh
SUBJECTS_DIR /out/sourcedata/freesurfer
ColorTable /opt/freesurfer/average/colortable_BA.txt
AnnotName  BA_exvivo
nlables 14
LabelThresh 0 0.000000
Loading /out/sourcedata/freesurfer/sub-v1s16x0051165_ses-1/surf/lh.orig
 1 1530880 BA1_exvivo
 2 16749699 BA2_exvivo
 3 16711680 BA3a_exvivo
 4 3368703 BA3b_exvivo
 5 1376196 BA4a_exvivo
 6 13382655 BA4p_exvivo
 7 10036737 BA6_exvivo
 8 2490521 BA44_exvivo
 9 39283 BA45_exvivo
10 3993 V1_exvivo
11 8508928 V2_exvivo
12 10027163 MT_exvivo
13 16422433 perirhinal_exvivo
14 16392598 entorhinal_exvivo
Mapping unhit to unknown
Found 79566 unhit vertices
Writing annot to /out/sourcedata/freesurfer/sub-v1s16x0051165_ses-1/label/lh.BA_exvivo.annot

 mris_label2annot --s sub-v1s16x0051165_ses-1 --hemi lh --ctab /opt/freesurfer/average/colortable_BA.txt --l lh.BA1_exvivo.thresh.label --l lh.BA2_exvivo.thresh.label --l lh.BA3a_exvivo.thresh.label --l lh.BA3b_exvivo.thresh.label --l lh.BA4a_exvivo.thresh.label --l lh.BA4p_exvivo.thresh.label --l lh.BA6_exvivo.thresh.label --l lh.BA44_exvivo.thresh.label --l lh.BA45_exvivo.thresh.label --l lh.V1_exvivo.thresh.label --l lh.V2_exvivo.thresh.label --l lh.MT_exvivo.thresh.label --l lh.perirhinal_exvivo.thresh.label --l lh.entorhinal_exvivo.thresh.label --a BA_exvivo.thresh --maxstatwinner --noverbose 

Reading ctab /opt/freesurfer/average/colortable_BA.txt
Number of ctab entries 15

7.3.2
cwd /out/sourcedata/freesurfer/sub-v1s16x0051165_ses-1/label
cmdline mris_label2annot --s sub-v1s16x0051165_ses-1 --hemi lh --ctab /opt/freesurfer/average/colortable_BA.txt --l lh.BA1_exvivo.thresh.label --l lh.BA2_exvivo.thresh.label --l lh.BA3a_exvivo.thresh.label --l lh.BA3b_exvivo.thresh.label --l lh.BA4a_exvivo.thresh.label --l lh.BA4p_exvivo.thresh.label --l lh.BA6_exvivo.thresh.label --l lh.BA44_exvivo.thresh.label --l lh.BA45_exvivo.thresh.label --l lh.V1_exvivo.thresh.label --l lh.V2_exvivo.thresh.label --l lh.MT_exvivo.thresh.label --l lh.perirhinal_exvivo.thresh.label --l lh.entorhinal_exvivo.thresh.label --a BA_exvivo.thresh --maxstatwinner --noverbose 
sysname  Linux
hostname dna016
machine  x86_64
user     oesteban

subject sub-v1s16x0051165_ses-1
hemi    lh
SUBJECTS_DIR /out/sourcedata/freesurfer
ColorTable /opt/freesurfer/average/colortable_BA.txt
AnnotName  BA_exvivo.thresh
nlables 14
LabelThresh 0 0.000000
Loading /out/sourcedata/freesurfer/sub-v1s16x0051165_ses-1/surf/lh.orig
 1 1530880 BA1_exvivo
 2 16749699 BA2_exvivo
 3 16711680 BA3a_exvivo
 4 3368703 BA3b_exvivo
 5 1376196 BA4a_exvivo
 6 13382655 BA4p_exvivo
 7 10036737 BA6_exvivo
 8 2490521 BA44_exvivo
 9 39283 BA45_exvivo
10 3993 V1_exvivo
11 8508928 V2_exvivo
12 10027163 MT_exvivo
13 16422433 perirhinal_exvivo
14 16392598 entorhinal_exvivo
Mapping unhit to unknown
Found 93463 unhit vertices
Writing annot to /out/sourcedata/freesurfer/sub-v1s16x0051165_ses-1/label/lh.BA_exvivo.thresh.annot

 mris_anatomical_stats -th3 -mgz -noglobal -f ../stats/lh.BA_exvivo.stats -b -a ./lh.BA_exvivo.annot -c ./BA_exvivo.ctab sub-v1s16x0051165_ses-1 lh white 

computing statistics for each annotation in ./lh.BA_exvivo.annot.
reading volume /out/sourcedata/freesurfer/sub-v1s16x0051165_ses-1/mri/wm.mgz...
reading input surface /out/sourcedata/freesurfer/sub-v1s16x0051165_ses-1/surf/lh.white...
reading input pial surface /out/sourcedata/freesurfer/sub-v1s16x0051165_ses-1/surf/lh.pial...
reading input white surface /out/sourcedata/freesurfer/sub-v1s16x0051165_ses-1/surf/lh.white...
INFO: using TH3 volume calc
INFO: assuming MGZ format for volumes.
INFO: not computing global stats
Using TH3 vertex volume calc
Total face volume 219609
Total vertex volume 219382 (mask=0)
Saving annotation colortable ./BA_exvivo.ctab

table columns are:
    number of vertices
    total surface area (mm^2)
    total gray matter volume (mm^3)
    average cortical thickness +- standard deviation (mm)
    integrated rectified mean curvature
    integrated rectified Gaussian curvature
    folding index
    intrinsic curvature index
    structure name

  961    645   1566  1.798 0.780     0.157     0.062       19     2.2  BA1_exvivo
 2774   1939   5029  2.516 0.743     0.113     0.027       21     2.9  BA2_exvivo
  862    581    838  1.895 0.471     0.148     0.031       10     1.1  BA3a_exvivo
 1748   1328   3063  1.893 0.682     0.127     0.032       23     2.3  BA3b_exvivo
 1310    870   2464  2.452 0.821     0.109     0.027        9     1.4  BA4a_exvivo
  964    641   1429  2.269 0.578     0.101     0.023        6     0.9  BA4p_exvivo
 7430   5092  16563  2.809 0.877     0.120     0.032       75    10.1  BA6_exvivo
 1619   1223   3551  2.634 0.708     0.119     0.028       18     1.8  BA44_exvivo
 1868   1408   3862  2.314 0.734     0.120     0.034       25     2.3  BA45_exvivo
 3673   2514   3728  1.608 0.632     0.133     0.035       38     5.7  V1_exvivo
 8177   5745  12992  2.096 0.728     0.143     0.037      105    12.4  V2_exvivo
 1909   1363   3833  2.440 0.600     0.129     0.024       23     2.1  MT_exvivo
  646    488   1937  2.594 1.006     0.131     0.033       10     0.9  perirhinal_exvivo
  652    447   1757  2.634 0.997     0.122     0.029        9     0.9  entorhinal_exvivo

 mris_anatomical_stats -th3 -mgz -f ../stats/lh.BA_exvivo.thresh.stats -noglobal -b -a ./lh.BA_exvivo.thresh.annot -c ./BA_exvivo.thresh.ctab sub-v1s16x0051165_ses-1 lh white 

computing statistics for each annotation in ./lh.BA_exvivo.thresh.annot.
reading volume /out/sourcedata/freesurfer/sub-v1s16x0051165_ses-1/mri/wm.mgz...
reading input surface /out/sourcedata/freesurfer/sub-v1s16x0051165_ses-1/surf/lh.white...
reading input pial surface /out/sourcedata/freesurfer/sub-v1s16x0051165_ses-1/surf/lh.pial...
reading input white surface /out/sourcedata/freesurfer/sub-v1s16x0051165_ses-1/surf/lh.white...
INFO: using TH3 volume calc
INFO: assuming MGZ format for volumes.
INFO: not computing global stats
Using TH3 vertex volume calc
Total face volume 219609
Total vertex volume 219382 (mask=0)
Saving annotation colortable ./BA_exvivo.thresh.ctab

table columns are:
    number of vertices
    total surface area (mm^2)
    total gray matter volume (mm^3)
    average cortical thickness +- standard deviation (mm)
    integrated rectified mean curvature
    integrated rectified Gaussian curvature
    folding index
    intrinsic curvature index
    structure name

  657    407    786  1.564 0.614     0.163     0.069       14     1.7  BA1_exvivo
 1236    851   2070  2.259 0.723     0.100     0.024        9     1.1  BA2_exvivo
  719    481    640  1.913 0.443     0.150     0.032        8     0.9  BA3a_exvivo
 1097    777   1339  1.593 0.429     0.093     0.019        7     0.8  BA3b_exvivo
 1306    842   2240  2.310 0.756     0.107     0.029       10     1.6  BA4a_exvivo
  805    543   1104  2.175 0.517     0.103     0.024        5     0.7  BA4p_exvivo
 4070   2766   8558  2.723 0.897     0.123     0.032       42     5.2  BA6_exvivo
  964    758   2234  2.560 0.712     0.129     0.033       14     1.3  BA44_exvivo
  796    618   1941  2.321 0.715     0.129     0.034       11     1.1  BA45_exvivo
 3908   2651   3916  1.578 0.611     0.134     0.037       43     6.2  V1_exvivo
 3998   2832   5872  1.992 0.707     0.147     0.038       53     6.4  V2_exvivo
  463    351    923  2.527 0.455     0.141     0.027        6     0.6  MT_exvivo
  256    206    827  2.522 1.119     0.118     0.025        3     0.3  perirhinal_exvivo
  421    294   1033  2.680 0.936     0.131     0.032        7     0.6  entorhinal_exvivo

Started at Mon Mar 9 00:54:00 CET 2026 
Ended   at Mon Mar 9 00:57:10 CET 2026
#@#%# recon-all-run-time-hours 0.053
recon-all -s sub-v1s16x0051165_ses-1 finished without error at Mon Mar  9 00:57:11 CET 2026
